#YY  MM DD hh mm WDIR WSPD GST  WVHT   DPD   APD MWD   PRES  ATMP  WTMP  DEWP  VIS PTDY  TIDE
#yr  mo dy hr mn degT m/s  m/s     m   sec   sec degT   hPa  degC  degC  degC  nmi  hPa    ft
2026 09 30 04 30  70  8.0  9.0    MM    MM    MM  MM 1012.7  28.9  29.8  25.6   MM   MM    MM
2026 09 30 04 20  60  8.0  9.0   1.2     5   4.3  83 1012.9  28.9  29.8  25.8   MM   MM    MM
2026 09 30 04 10  70  8.0  9.0   1.2    MM   4.3  83 1013.0  28.9  29.8  25.7   MM   MM    MM
2026 09 30 04 00  70  8.0 10.0    MM    MM    MM  MM 1013.1  28.9  29.8  25.5   MM +0.0    MM
2026 09 30 03 50  60  8.0  9.0   1.3     5   4.4  81 1013.2  29.0  29.8  25.7   MM   MM    MM
2026 09 30 03 40  70  8.0 10.0    MM    MM    MM  MM 1013.1  29.1  29.8  25.4   MM   MM    MM
2026 09 30 03 30  60  8.0 10.0    MM    MM    MM  MM 1013.2  29.1  29.8  25.7   MM   MM    MM
2026 09 30 03 20  60  8.0 10.0   1.3     5   4.3  70 1013.3  29.2  29.8  25.7   MM   MM    MM
2026 09 30 03 10  60  8.0 10.0    MM    MM    MM  MM 1013.4  29.2  29.8  25.4   MM   MM    MM
2026 09 30 03 00  60  8.0 10.0    MM    MM    MM  MM 1013.4  29.3  29.8  25.1   MM +1.1    MM
2026 09 30 02 50  70  9.0 10.0   1.4     5   4.5  73 1013.6  29.3  29.8  24.9   MM   MM    MM
2026 09 30 02 40  70  8.0 10.0    MM    MM    MM  MM 1013.6  29.1  29.8  25.2   MM   MM    MM
2026 09 30 02 30  70  8.0 10.0    MM    MM    MM  MM 1013.7  28.8  29.8  26.0   MM   MM    MM
2026 09 30 02 20  60  9.0 11.0   1.3     5   4.3  60 1013.6  29.1  29.8  26.1   MM   MM    MM
2026 09 30 02 10  60  9.0 11.0   1.3    MM   4.3  60 1013.6  29.2  29.8  25.6   MM   MM    MM
2026 09 30 02 00  60  9.0 11.0    MM    MM    MM  MM 1013.5  29.3  29.8  25.6   MM +1.8    MM
2026 09 30 01 50  60  9.0 11.0   1.3     5   4.4  77 1013.5  29.3  29.8  25.8   MM   MM    MM
2026 09 30 01 40  60  9.0 11.0    MM    MM    MM  MM 1013.5  29.3  29.8  25.8   MM   MM    MM
2026 09 30 01 30  50  8.0 10.0    MM    MM    MM  MM 1013.4  29.2  29.8  25.9   MM   MM    MM
2026 09 30 01 20  50  9.0 10.0   1.2     5   4.3  70 1013.2  29.3  29.8  25.8   MM   MM    MM
2026 09 30 01 10  60  9.0 11.0   1.2    MM   4.3  70 1013.1  29.3  29.8  25.8   MM   MM    MM
2026 09 30 01 00  60  9.0 10.0    MM    MM    MM  MM 1012.9  29.3  29.8  26.0   MM +1.2    MM
2026 09 30 00 50  50  9.0 10.0   1.1     4   4.3  73 1012.8  29.3  29.8  25.9   MM   MM    MM
2026 09 30 00 40  50  9.0 10.0   1.1    MM   4.3  73 1012.7  29.3  29.8  26.0   MM   MM    MM
2026 09 30 00 30  50  8.0 10.0    MM    MM    MM  MM 1012.6  29.2  29.8  25.9   MM   MM    MM
2026 09 30 00 20  50  8.0  9.0   1.2     5   4.3  79 1012.5  29.2    MM  26.0   MM   MM    MM
2026 09 30 00 10  50  9.0 10.0   1.2    MM   4.3  79 1012.4  29.2  29.8  26.0   MM   MM    MM
2026 09 30 00 00  50  8.0 10.0    MM    MM    MM  MM 1012.4  29.3  29.8  26.2   MM +0.8    MM
2026 09 29 23 50  50  9.0 10.0   1.1    MM   4.3  85 1012.2    MM  29.8    MM   MM   MM    MM
2026 09 29 23 40  50  8.0 10.0   1.1    MM   4.3  85 1012.2  29.2  29.8  26.1   MM   MM    MM
2026 09 29 23 20  50  8.0  9.0   1.0     5   4.4  88 1012.0  29.0  29.8  26.1   MM   MM    MM
2026 09 29 23 10  50  8.0  9.0   1.0    MM   4.4  88 1012.0  29.0  29.9  25.9   MM   MM    MM
2026 09 29 23 00  50  8.0  9.0    MM    MM    MM  MM 1011.9  29.1  29.8  25.9   MM +0.3    MM
2026 09 29 22 50  50  8.0 10.0   1.0     5   4.2  84 1011.8  29.1  29.9  26.2   MM   MM    MM
2026 09 29 22 40  60  8.0  9.0    MM    MM    MM  MM 1011.8  29.1  29.9  26.2   MM   MM    MM
2026 09 29 22 30  40  8.0 10.0    MM    MM    MM  MM 1011.7  29.1  29.9  26.1   MM   MM    MM
2026 09 29 22 20  40  8.0  9.0   1.0     4   4.4  75 1011.7  29.1  29.9  26.1   MM   MM    MM
2026 09 29 22 10  50  8.0 10.0    MM    MM    MM  MM 1011.7  29.1  29.9  26.2   MM   MM    MM
2026 09 29 22 00  40  7.0  9.0    MM    MM    MM  MM 1011.6  29.2  29.9  26.3   MM -0.0    MM
2026 09 29 21 50  50  7.0  9.0   1.0     5   4.3  84 1011.6    MM  29.9    MM   MM   MM    MM
2026 09 29 21 40  50  7.0  8.0    MM    MM    MM  MM 1011.5  29.3  29.9  26.0   MM   MM    MM
2026 09 29 21 30  40  7.0  9.0    MM    MM    MM  MM 1011.5  29.3  29.9  25.9   MM   MM    MM
2026 09 29 21 20  40  8.0  9.0   1.0    11   4.4   9 1011.5  29.3  29.9  25.6   MM   MM    MM
2026 09 29 21 10  40  7.0  9.0   1.0    MM   4.4   9 1011.6  29.4  29.9  25.8   MM   MM    MM
2026 09 29 21 00  40  7.0  9.0    MM    MM    MM  MM 1011.5  29.4  29.9  25.5   MM -0.6    MM
2026 09 29 20 50  40  8.0  9.0   1.0    11   4.5   0 1011.5  29.4  29.9  25.5   MM   MM    MM
2026 09 29 20 40  40  7.0  9.0   1.0    MM   4.5   0 1011.5  29.4  29.9  25.5   MM   MM    MM
2026 09 29 20 30  40  7.0  9.0    MM    MM    MM  MM 1011.6  29.4  29.9  25.3   MM   MM    MM
2026 09 29 20 20  40  7.0  9.0   0.9     4   4.4  84 1011.6    MM  29.9    MM   MM   MM    MM
2026 09 29 20 10  60  7.0  8.0    MM    MM    MM  MM 1011.6  29.5  29.9  25.5   MM   MM    MM
2026 09 29 20 00  50  7.0  8.0    MM    MM    MM  MM 1011.6  29.5  29.9  25.4   MM -1.4    MM
2026 09 29 19 50  50  7.0  8.0   1.0    12   4.5 345 1011.5    MM  29.9    MM   MM   MM    MM
2026 09 29 19 40  50  7.0  8.0    MM    MM    MM  MM 1011.6  29.5  29.9  25.1   MM   MM    MM
2026 09 29 19 30  50  7.0  8.0    MM    MM    MM  MM 1011.6  29.4  29.9  25.1   MM   MM    MM
2026 09 29 19 20  50  6.0  8.0   1.0    11   4.4 354 1011.7  29.3  29.9  25.5   MM   MM    MM
2026 09 29 19 10  50  6.0  8.0    MM    MM    MM  MM 1011.8  29.3  29.9  25.7   MM   MM    MM
2026 09 29 19 00  50  6.0  8.0    MM    MM    MM  MM 1011.8  29.2  29.9  25.6   MM -2.2    MM
2026 09 29 18 50  50  6.0  8.0   0.9    12   4.3  33 1011.8  29.2  30.0  25.8   MM   MM    MM
2026 09 29 18 40  60  6.0  7.0   0.9    MM   4.3  33 1011.9  29.1  30.0  26.0   MM   MM    MM
2026 09 29 18 30  70  6.0  7.0    MM    MM    MM  MM 1011.9  29.1  30.0  25.9   MM   MM    MM
2026 09 29 18 20  60  6.0  7.0   0.9    11   4.4 333 1012.0  29.1  30.0  25.8   MM   MM    MM
2026 09 29 18 10  60  6.0  7.0   0.9    MM   4.4 333 1012.2  29.1  29.9  25.9   MM   MM    MM
2026 09 29 18 00  50  6.0  7.0    MM    MM    MM  MM 1012.3  29.1  29.9  25.7   MM -2.8    MM
2026 09 29 17 50  50  6.0  7.0   0.9    11   4.5  14 1012.3  29.2    MM  25.6   MM   MM    MM
2026 09 29 17 40  60  6.0  8.0   0.9    MM   4.5  14 1012.6  29.1  29.9  25.6   MM   MM    MM
2026 09 29 17 30  60  7.0  8.0    MM    MM    MM  MM 1012.6  29.1  29.9  25.7   MM   MM    MM
2026 09 29 17 20  70  7.0  8.0   0.9    11   4.4 351 1012.7  29.1  29.9  25.7   MM   MM    MM
2026 09 29 17 10  70  7.0  8.0   0.9    MM   4.4 351 1012.8  29.1  29.9  25.6   MM   MM    MM
2026 09 29 17 00  70  6.0  8.0    MM    MM    MM  MM 1013.0  29.1  29.9  25.3   MM -2.2    MM
2026 09 29 16 50  70  6.0  8.0   0.9    10   4.3   6 1013.2  29.2  29.9  25.2   MM   MM    MM
2026 09 29 16 40  70  6.0  8.0   0.9    MM   4.3   6 1013.4  29.1  29.9  25.5   MM   MM    MM
2026 09 29 16 30  70  6.0  8.0    MM    MM    MM  MM 1013.6  29.1  29.9  25.7   MM   MM    MM
2026 09 29 16 20  60  7.0  8.0   0.9    11   4.3  20 1013.7  29.0  29.9  25.6   MM   MM    MM
2026 09 29 16 10  60  7.0  8.0   0.9    MM   4.3  20 1013.9  29.0  29.9  25.6   MM   MM    MM
2026 09 29 16 00  70  7.0  9.0    MM    MM    MM  MM 1014.0  29.0  29.9  25.5   MM -1.1    MM
2026 09 29 15 50  70  7.0  8.0   0.9    11   4.2 352 1014.1  29.0  29.9  25.6   MM   MM    MM
2026 09 29 15 40  70  7.0  9.0    MM    MM    MM  MM 1014.3  28.9  29.9  25.6   MM   MM    MM
2026 09 29 15 30  70  7.0  9.0    MM    MM    MM  MM 1014.6  28.9  29.9  25.5   MM   MM    MM
2026 09 29 15 20  60  7.0  8.0   1.0     4   4.3  76 1014.8  28.8  29.9  25.8   MM   MM    MM
2026 09 29 15 10  70  7.0  8.0   1.0    MM   4.3  76 1014.8  28.8  29.8  25.7   MM   MM    MM
2026 09 29 15 00  60  7.0  9.0    MM    MM    MM  MM 1015.0  28.8  29.8  25.5   MM +0.4    MM
2026 09 29 14 50  60  7.0  8.0   1.0    11   4.5  17 1015.1  28.8    MM  25.5   MM   MM    MM
2026 09 29 14 40  70  7.0  8.0   1.0    MM   4.5  17 1015.1  28.7  29.8  25.8   MM   MM    MM
2026 09 29 14 30  70  7.0  8.0    MM    MM    MM  MM 1015.1  28.6  29.8  25.9   MM   MM    MM
2026 09 29 14 20  70  7.0  8.0   1.1     4   4.4  83 1015.2  28.6  29.8  25.9   MM   MM    MM
2026 09 29 14 10  70  7.0  8.0   1.1    MM   4.4  83 1015.1  28.7  29.8  25.9   MM   MM    MM
2026 09 29 14 00  70  7.0  8.0    MM    MM    MM  MM 1015.1  28.7  29.8  25.4   MM +1.1    MM
2026 09 29 13 50  70  7.0  8.0   1.0    11   4.4 351 1015.1  28.7  29.8  25.4   MM   MM    MM
2026 09 29 13 40  80  8.0 10.0    MM    MM    MM  MM 1015.1  28.7  29.8  25.5   MM   MM    MM
2026 09 29 13 30  70  8.0 10.0    MM    MM    MM  MM 1015.3  28.9  29.8  25.1   MM   MM    MM
2026 09 29 13 20  70  8.0 10.0   0.9    11   4.6 342 1015.3  28.7  29.8  25.8   MM   MM    MM
2026 09 29 13 10  60  9.0 10.0   0.9    MM   4.6 342 1015.1  28.9  29.8  26.1   MM   MM    MM
2026 09 29 13 00  60  7.0  9.0    MM    MM    MM  MM 1015.1  29.2  29.8  25.7   MM +1.5    MM
2026 09 29 12 50  60  7.0  9.0   0.9    11   4.4 338 1015.1  29.2  29.8  25.6   MM   MM    MM
2026 09 29 12 40  60  7.0  8.0    MM    MM    MM  MM 1015.1  29.2  29.8  25.6   MM   MM    MM
2026 09 29 12 30  60  7.0  8.0    MM    MM    MM  MM 1015.1  29.2  29.8  25.6   MM   MM    MM
2026 09 29 12 20  60  6.0  8.0   0.9    10   4.6  43 1015.1  29.2  29.8  25.7   MM   MM    MM
2026 09 29 12 10  60  6.0  7.0   0.9    MM   4.6  43 1014.8  29.2  29.8  25.9   MM   MM    MM
2026 09 29 12 00  60  6.0  7.0    MM    MM    MM  MM 1014.6  29.0  29.8  25.7   MM +1.3    MM
2026 09 29 11 50  60  6.0  7.0   1.0    11   4.8 359 1014.6  29.1  29.8  26.1   MM   MM    MM
2026 09 29 11 40  60  5.0  6.0    MM    MM    MM  MM 1014.4  29.1  29.8  25.5   MM   MM    MM
2026 09 29 11 30  60  5.0  6.0    MM    MM    MM  MM 1014.4  29.1  29.8  25.8   MM   MM    MM
2026 09 29 11 20  60  5.0  7.0   0.9    11   4.9 349 1014.3  29.1  29.8  25.6   MM   MM    MM
2026 09 29 11 10  60  5.0  7.0   0.9    MM   4.9 349 1014.3  29.0  29.8  25.6   MM   MM    MM
2026 09 29 11 00  60  5.0  6.0    MM    MM    MM  MM 1014.0  28.9  29.8  25.7   MM +0.9    MM
2026 09 29 10 50  70  5.0  6.0   1.0    12   4.9 331 1013.9  28.9  29.8  25.9   MM   MM    MM
2026 09 29 10 40  60  5.0  6.0   1.0    MM   4.9 331 1013.9  28.9  29.8  25.8   MM   MM    MM
2026 09 29 10 30  60  5.0  6.0    MM    MM    MM  MM 1013.8  28.9  29.8  25.5   MM   MM    MM
2026 09 29 10 20  60  5.0  6.0   1.0    11   4.8 356 1013.8  28.9  29.8  25.5   MM   MM    MM
2026 09 29 10 10  70  5.0  6.0   1.0    MM   4.8 356 1013.7  28.9  29.8  25.4   MM   MM    MM
2026 09 29 10 00  70  5.0  6.0    MM    MM    MM  MM 1013.6  28.8  29.8  25.5   MM +0.6    MM
2026 09 29 09 50  70  5.0  6.0   1.0    11   4.8   4 1013.4  28.9  29.8  25.5   MM   MM    MM
2026 09 29 09 40  70  6.0  7.0   1.0    MM   4.8   4 1013.4  28.8  29.8  25.3   MM   MM    MM
2026 09 29 09 30  70  6.0  7.0    MM    MM    MM  MM 1013.4  28.8  29.8  25.5   MM   MM    MM
2026 09 29 09 20  60  5.0  7.0   0.9    11   4.8   3 1013.3  28.8  29.8  25.7   MM   MM    MM
2026 09 29 09 10  70  5.0  7.0   0.9    MM   4.8   3 1013.3  28.9  29.8  25.7   MM   MM    MM
2026 09 29 09 00  60  6.0  7.0    MM    MM    MM  MM 1013.2  28.9  29.8  25.5   MM -0.0    MM
2026 09 29 08 50  70  6.0  7.0   0.9     5   4.6 114 1013.1  28.9  29.8  25.5   MM   MM    MM
2026 09 29 08 40  60  6.0  7.0    MM    MM    MM  MM 1013.1  28.8  29.8  25.5   MM   MM    MM
2026 09 29 08 30  60  6.0  7.0    MM    MM    MM  MM 1013.1  28.7  29.8  25.6   MM   MM    MM
2026 09 29 08 20  60  5.0  6.0   0.9    11   4.6  20 1013.2  28.8  29.8  25.7   MM   MM    MM
2026 09 29 08 10  60  6.0  7.0    MM    MM    MM  MM 1013.0  28.8  29.8  25.5   MM   MM    MM
2026 09 29 08 00  60  6.0  7.0    MM    MM    MM  MM 1013.1  28.8  29.8  25.5   MM -1.1    MM
2026 09 29 07 50  60  6.0  7.0   1.0     5   4.5 111 1013.0  28.8    MM  25.7   MM   MM    MM
2026 09 29 07 40  60  6.0  7.0   1.0    MM   4.5 111 1012.8  28.8  29.8  25.6   MM   MM    MM
2026 09 29 07 30  70  6.0  7.0    MM    MM    MM  MM 1012.8  28.9  29.8  25.5   MM   MM    MM
2026 09 29 07 20  70  6.0  7.0   1.0     5   4.6  86 1012.9  28.8  29.8  25.5   MM   MM    MM
2026 09 29 07 10  60  6.0  8.0    MM    MM    MM  MM 1012.9  28.8  29.8  25.5   MM   MM    MM
2026 09 29 07 00  60  6.0  7.0    MM    MM    MM  MM 1013.0  28.8  29.8  25.7   MM -1.6    MM
2026 09 29 06 50  60  6.0  7.0   1.0     4   4.5 105 1013.1  28.8  29.8  25.4   MM   MM    MM
2026 09 29 06 40  60  6.0  7.0   1.0    MM   4.5 105 1013.2  28.9  29.8  25.4   MM   MM    MM
2026 09 29 06 30  60  6.0  8.0    MM    MM    MM  MM 1013.2  28.9  29.8  25.4   MM   MM    MM
2026 09 29 06 20  60  6.0  8.0   1.1     5   4.5  89 1013.2  28.9  29.8  25.7   MM   MM    MM
2026 09 29 06 10  60  7.0  8.0   1.1    MM   4.5  89 1013.4  28.9  29.8  25.5   MM   MM    MM
2026 09 29 06 00  70  6.0  7.0    MM    MM    MM  MM 1013.4  28.9  29.8  25.6   MM -1.5    MM
2026 09 29 05 50  60  6.0  7.0   1.1     5   4.6  99 1013.7  28.9  29.8  25.4   MM   MM    MM
2026 09 29 05 40  70  6.0  8.0    MM    MM    MM  MM 1013.7  28.9  29.8  25.6   MM   MM    MM
2026 09 29 05 30  70  7.0  8.0    MM    MM    MM  MM 1013.8  29.0  29.8  25.8   MM   MM    MM
2026 09 29 05 20  70  7.0  8.0   1.0     5   4.4  96 1013.8  28.9  29.8  25.8   MM   MM    MM
2026 09 29 05 10  70  7.0  8.0   1.0    MM   4.4  96 1014.0  28.9  29.8  26.0   MM   MM    MM
2026 09 29 05 00  70  7.0  8.0    MM    MM    MM  MM 1014.2  29.0  29.8  25.8   MM -1.0    MM
2026 09 29 04 50  70  7.0  9.0   1.1     5   4.4 101 1014.3  29.1  29.8  25.6   MM   MM    MM
2026 09 29 04 40  80  8.0  9.0    MM    MM    MM  MM 1014.3  29.1  29.8  25.5   MM   MM    MM
2026 09 29 04 30  70  8.0  9.0    MM    MM    MM  MM 1014.3  29.0  29.8  25.8   MM   MM    MM
2026 09 29 04 20  70  8.0  9.0   1.1     5   4.5 107 1014.4  29.0  29.8  25.9   MM   MM    MM
2026 09 29 04 10  70  7.0  9.0   1.1    MM   4.5 107 1014.5  29.0  29.8  25.9   MM   MM    MM
2026 09 29 04 00  70  8.0  9.0    MM    MM    MM  MM 1014.6  29.0  29.8  26.0   MM +0.0    MM
2026 09 29 03 50  70  7.0  9.0   1.1     5   4.4  91 1014.7  29.1  29.9  26.2   MM   MM    MM
2026 09 29 03 40  70  8.0  9.0    MM    MM    MM  MM 1014.7  29.1  29.9  25.9   MM   MM    MM
2026 09 29 03 30  70  8.0  9.0    MM    MM    MM  MM 1014.8  29.0  29.9  26.1   MM   MM    MM
2026 09 29 03 20  70  8.0  9.0   1.2     5   4.4  99 1014.8  29.0  29.9  26.2   MM   MM    MM
2026 09 29 03 10  70  8.0  9.0   1.2    MM   4.4  99 1014.9  29.1  29.8  26.3   MM   MM    MM
2026 09 29 03 00  60  8.0 10.0    MM    MM    MM  MM 1015.0  29.1  29.9  26.3   MM +0.6    MM
2026 09 29 02 50  70  8.0  9.0   1.2     5   4.3  98 1014.9  29.1  29.9  26.4   MM   MM    MM
2026 09 29 02 40  70  8.0  9.0    MM    MM    MM  MM 1015.1  29.2  29.9  26.4   MM   MM    MM
2026 09 29 02 30  80  8.0  9.0    MM    MM    MM  MM 1015.2  29.3  29.9  26.4   MM   MM    MM
2026 09 29 02 20  70  8.0 10.0   1.1     5   4.4  92 1015.1  29.3    MM  26.3   MM   MM    MM
2026 09 29 02 10  70  8.0  9.0   1.1    MM   4.4  92 1015.1  29.4  29.9  26.1   MM   MM    MM
2026 09 29 02 00  70  8.0  9.0    MM    MM    MM  MM 1015.1  29.4  29.9  26.2   MM +1.4    MM
2026 09 29 01 50  70  8.0  9.0   1.2     5   4.4 101 1015.1  29.3  29.9  26.5   MM   MM    MM
2026 09 29 01 40  70  8.0  9.0    MM    MM    MM  MM 1015.1  29.4  29.9  26.6   MM   MM    MM
2026 09 29 01 30  60  8.0 10.0    MM    MM    MM  MM 1014.9  29.3  29.9  26.3   MM   MM    MM
2026 09 29 01 20  70  7.0  9.0   1.2     5   4.5  92 1014.8    MM  29.9    MM   MM   MM    MM
2026 09 29 01 10  60  7.0  9.0    MM    MM    MM  MM 1014.8  29.5  29.9  26.4   MM   MM    MM
2026 09 29 01 00  60  7.0  9.0    MM    MM    MM  MM 1014.6  29.5  29.9  26.3   MM +1.1    MM
2026 09 29 00 50  70  7.0  9.0   1.1     5   4.4  97 1014.7    MM  29.9    MM   MM   MM    MM
2026 09 29 00 40  80  7.0  9.0    MM    MM    MM  MM 1014.7  29.6  29.9  26.2   MM   MM    MM
2026 09 29 00 30  70  8.0  9.0    MM    MM    MM  MM 1014.6  29.5  29.9  26.2   MM   MM    MM
2026 09 29 00 20  60  7.0  8.0   1.0     5   4.4  90 1014.6  29.6  29.9  26.4   MM   MM    MM
2026 09 29 00 10  70  7.0  8.0   1.0    MM   4.4  90 1014.4  29.6  29.9  26.3   MM   MM    MM
2026 09 29 00 00  70  7.0  8.0    MM    MM    MM  MM 1014.4  29.5  29.9  26.3   MM +0.8    MM
2026 09 28 23 50  70  7.0  8.0   1.0     5   4.4  90 1014.4  29.4    MM  27.0   MM   MM    MM
2026 09 28 23 40  60  7.0  8.0    MM    MM    MM  MM 1014.4  29.5  29.9  26.7   MM   MM    MM
2026 09 28 23 10  60  7.0  8.0   1.0    MM   4.6  92 1013.7  29.4  30.0  26.6   MM   MM    MM
2026 09 28 23 00  70  6.0  7.0    MM    MM    MM  MM 1013.7  29.4  30.0  26.8   MM +0.4    MM
2026 09 28 22 50  60  6.0  7.0   1.0     5   4.6  99 1013.7  29.4  30.0  26.8   MM   MM    MM
2026 09 28 22 40  70  6.0  7.0   1.0    MM   4.6  99 1013.6  29.4  30.0  26.9   MM   MM    MM
2026 09 28 22 30  80  6.0  8.0    MM    MM    MM  MM 1013.6  29.4  30.0  26.8   MM   MM    MM
2026 09 28 22 20  70  6.0  7.0   0.9     5   4.7 105 1013.6  29.4  30.0  26.8   MM   MM    MM
2026 09 28 22 10  70  6.0  7.0   0.9    MM   4.7 105 1013.5  29.4  30.0  26.9   MM   MM    MM
2026 09 28 22 00  70  5.0  6.0    MM    MM    MM  MM 1013.6  29.4  30.0  26.9   MM +0.0    MM
2026 09 28 21 50  60  6.0  7.0   0.9     5   4.5 105 1013.5  29.4  30.0  26.8   MM   MM    MM
2026 09 28 21 40  60  5.0  7.0    MM    MM    MM  MM 1013.5  29.4  30.0  26.8   MM   MM    MM
2026 09 28 21 30  70  6.0  6.0    MM    MM    MM  MM 1013.6  29.4  30.0  26.6   MM   MM    MM
2026 09 28 21 20  60  5.0  6.0   0.9     5   4.7 100 1013.6  29.4  30.0  26.7   MM   MM    MM
2026 09 28 21 10  70  5.0  6.0   0.9    MM   4.7 100 1013.6  29.4  30.0  26.8   MM   MM    MM
2026 09 28 21 00  60  5.0  6.0    MM    MM    MM  MM 1013.6  29.4  30.0  26.5   MM -0.4    MM
2026 09 28 20 50  70  5.0  7.0   1.0     5   4.6 101 1013.6  29.4  30.1  26.6   MM   MM    MM
2026 09 28 20 40  60  6.0  7.0    MM    MM    MM  MM 1013.5  29.3  30.1  26.6   MM   MM    MM
2026 09 28 20 30  80  5.0  6.0    MM    MM    MM  MM 1013.5  29.6  30.1  26.7   MM   MM    MM
2026 09 28 20 20  80  5.0  6.0   0.9     5   4.7 106 1013.4  29.5  30.1  26.1   MM   MM    MM
2026 09 28 20 10  70  5.0  6.0   0.9    MM   4.7 106 1013.4  29.4  30.1  26.1   MM   MM    MM
2026 09 28 20 00  70  5.0  6.0    MM    MM    MM  MM 1013.4  29.4  30.0  26.4   MM -1.2    MM
2026 09 28 19 50  70  5.0  6.0   1.0     5   4.7 100 1013.4    MM  30.1    MM   MM   MM    MM
2026 09 28 19 40  80  5.0  6.0    MM    MM    MM  MM 1013.5  29.4  30.1  26.3   MM   MM    MM
2026 09 28 19 30  70  5.0  6.0    MM    MM    MM  MM 1013.5  29.3  30.1  26.1   MM   MM    MM
2026 09 28 19 20  80  5.0  6.0   1.1    MM   4.7 107 1013.5  29.4    MM  26.1   MM   MM    MM
2026 09 28 19 10  80  5.0  5.0    MM    MM    MM  MM 1013.5  29.4  30.1  26.1   MM   MM    MM
2026 09 28 19 00  80  5.0  5.0    MM    MM    MM  MM 1013.5  29.3  30.1  26.0   MM -1.7    MM
2026 09 28 18 50  80  4.0  6.0   1.1     5   4.8 104 1013.4  29.3    MM  26.2   MM   MM    MM
2026 09 28 18 40  80  4.0  5.0   1.1    MM   4.8 104 1013.7  29.3  30.1  26.3   MM   MM    MM
2026 09 28 18 30  80  4.0  5.0    MM    MM    MM  MM 1013.8  29.3  30.1  26.4   MM   MM    MM
2026 09 28 18 20  80  4.0  5.0   1.0     5   4.7 122 1014.0  29.3    MM  26.4   MM   MM    MM
2026 09 28 18 10  90  5.0  6.0   1.0    MM   4.7 122 1014.0  29.3  30.1  25.9   MM   MM    MM
2026 09 28 18 00  90  4.0  5.0    MM    MM    MM  MM 1014.0  29.3  30.1  26.0   MM -1.8    MM
2026 09 28 17 50  80  4.0  5.0   1.0     6   4.6 100 1014.2  29.3  30.1  26.1   MM   MM    MM
2026 09 28 17 40  80  4.0  5.0    MM    MM    MM  MM 1014.2  29.3  30.1  26.1   MM   MM    MM
2026 09 28 17 30  90  4.0  5.0    MM    MM    MM  MM 1014.2  29.2  30.0  26.1   MM   MM    MM
2026 09 28 17 20  80  4.0  5.0   1.1     5   4.6  91 1014.4  29.2  30.0  26.2   MM   MM    MM
2026 09 28 17 10  90  4.0  5.0   1.1    MM   4.6  91 1014.5  29.2  30.0  26.3   MM   MM    MM
2026 09 28 17 00  90  5.0  5.0    MM    MM    MM  MM 1014.6  29.2  30.0  26.2   MM -1.4    MM
2026 09 28 16 50  90  4.0  6.0   1.1     5   4.6  99 1014.8  29.1  30.0  26.4   MM   MM    MM
2026 09 28 16 40 100  5.0  6.0   1.1    MM   4.6  99 1014.8  29.1  29.9  26.6   MM   MM    MM
2026 09 28 16 30 100  5.0  6.0    MM    MM    MM  MM 1015.0  29.2  29.9  26.6   MM   MM    MM
2026 09 28 16 20 100  5.0  6.0   1.1     5   4.4  98 1015.1  29.2  29.9  26.4   MM   MM    MM
2026 09 28 16 10 100  6.0  7.0   1.1    MM   4.4  98 1015.2  29.2  29.9  26.3   MM   MM    MM
2026 09 28 16 00 100  6.0  7.0    MM    MM    MM  MM 1015.3  29.2  29.9  26.3   MM -0.4    MM
2026 09 28 15 50 100  6.0  7.0   1.1     6   4.3 115 1015.4  29.4  29.9  26.1   MM   MM    MM
2026 09 28 15 40 100  6.0  7.0   1.1    MM   4.3 115 1015.4  29.4  29.8  25.8   MM   MM    MM
2026 09 28 15 30 110  6.0  8.0    MM    MM    MM  MM 1015.5  29.4  29.8  25.7   MM   MM    MM
2026 09 28 15 20 100  7.0  8.0   1.2     5   4.3  90 1015.6  29.2  29.8  25.9   MM   MM    MM
2026 09 28 15 10  90  7.0  9.0   1.2    MM   4.3  90 1015.8  29.1  29.8  26.3   MM   MM    MM
2026 09 28 15 00  90  8.0  9.0    MM    MM    MM  MM 1015.8  29.1  29.8  26.5   MM +0.6    MM
2026 09 28 14 50  90  8.0  9.0   1.2     5   4.4  89 1015.9  29.1  29.8  26.7   MM   MM    MM
2026 09 28 14 40  90  8.0  9.0   1.2    MM   4.4  89 1015.9  29.1  29.8  26.7   MM   MM    MM
2026 09 28 14 30  90  8.0  9.0    MM    MM    MM  MM 1015.9  29.1  29.8  26.8   MM   MM    MM
2026 09 28 14 20 100  8.0  9.0   1.2     5   4.5  95 1015.9  29.1  29.8  26.6   MM   MM    MM
2026 09 28 14 10  90  8.0  9.0   1.2    MM   4.5  95 1016.0  29.1  29.8  26.7   MM   MM    MM
2026 09 28 14 00  90  7.0  9.0    MM    MM    MM  MM 1015.9  29.1  29.8  26.8   MM +1.2    MM
2026 09 28 13 50  90  8.0  9.0   1.2    MM   4.4  89 1015.9    MM  29.8    MM   MM   MM    MM
2026 09 28 13 40  90  8.0 10.0   1.2    MM   4.4  89 1015.8  29.0  29.8  26.6   MM   MM    MM
2026 09 28 13 30  90  8.0 10.0    MM    MM    MM  MM 1015.7  29.1  29.8  26.7   MM   MM    MM
2026 09 28 13 20  90  8.0 10.0   1.1     5   4.2  88 1015.7  29.0  29.8  26.5   MM   MM    MM
2026 09 28 13 10  90  8.0 10.0    MM    MM    MM  MM 1015.6  29.1  29.8  26.3   MM   MM    MM
2026 09 28 13 00  90  8.0 10.0   1.1    MM   4.2  88 1015.7  29.0  29.8  26.1   MM +1.2    MM
2026 09 28 12 50  90  8.0 10.0   1.1     5   4.4 106 1015.7  29.0  29.8  26.3   MM   MM    MM
2026 09 28 12 40  90  8.0 10.0    MM    MM    MM  MM 1015.7  29.0  29.8  26.3   MM   MM    MM
2026 09 28 12 30  90  7.0  9.0    MM    MM    MM  MM 1015.5  28.9  29.8  26.8   MM   MM    MM
2026 09 28 12 20  80  7.0 10.0   1.0     5   4.3 100 1015.4  28.9  29.8  26.9   MM   MM    MM
2026 09 28 12 10  80  8.0  9.0   1.0    MM   4.3 100 1015.3  28.9  29.8  26.6   MM   MM    MM
2026 09 28 12 00  80  8.0 10.0    MM    MM    MM  MM 1015.3  28.9  29.7  26.7   MM +1.1    MM
2026 09 28 11 50  80  7.0  9.0   1.0     5   4.4 102 1015.1  29.0  29.7  26.8   MM   MM    MM
2026 09 28 11 40  80  7.0  8.0    MM    MM    MM  MM 1015.1  29.0  29.7  26.8   MM   MM    MM
2026 09 28 11 30  80  7.0  9.0    MM    MM    MM  MM 1015.0  29.0  29.8  26.7   MM   MM    MM
2026 09 28 11 20  80  7.0  9.0   1.0     5   4.6 103 1014.9  29.0  29.7  26.8   MM   MM    MM
2026 09 28 11 10  70  7.0  8.0   1.0    MM   4.6 103 1014.8  28.9  29.7  26.8   MM   MM    MM
2026 09 28 11 00  70  7.0  8.0    MM    MM    MM  MM 1014.8  29.0  29.7  27.0   MM +1.1    MM
2026 09 28 10 50  70  8.0  9.0   1.0     5   4.4  83 1014.7  28.9  29.8  26.6   MM   MM    MM
2026 09 28 10 40  80  8.0  9.0    MM    MM    MM  MM 1014.6  29.0  29.8  26.9   MM   MM    MM
2026 09 28 10 30  80  7.0  9.0    MM    MM    MM  MM 1014.6  29.0  29.8  26.8   MM   MM    MM
2026 09 28 10 20  80  7.0  9.0   0.9     5   4.4  93 1014.5  28.9  29.8  26.6   MM   MM    MM
2026 09 28 10 10  60  7.0  9.0   0.9    MM   4.4  93 1014.5  28.8    MM  26.9   MM   MM    MM
2026 09 28 10 00  70  7.0  8.0    MM    MM    MM  MM 1014.4  28.9  29.8  26.9   MM +0.3    MM
2026 09 28 09 50  70  7.0  9.0   1.0     5   4.5  93 1014.3  28.9  29.8  26.6   MM   MM    MM
2026 09 28 09 40  70  7.0  9.0   1.0    MM   4.5  93 1014.3  28.8  29.8  26.3   MM   MM    MM
2026 09 28 09 30  70  7.0  8.0    MM    MM    MM  MM 1014.3  28.9  29.8  26.9   MM   MM    MM
2026 09 28 09 20  60  7.0  8.0   0.9    12   4.6  27 1014.1  28.8  29.8  26.7   MM   MM    MM
2026 09 28 09 10  60  6.0  7.0    MM    MM    MM  MM 1014.0  28.8  29.8  26.7   MM   MM    MM
2026 09 28 09 00  70  6.0  7.0    MM    MM    MM  MM 1014.0  28.8  29.8  26.7   MM -0.0    MM
2026 09 28 08 50  70  7.0  8.0   1.0     5   4.7  88 1014.0  28.8  29.8  26.7   MM   MM    MM
2026 09 28 08 40  60  7.0  8.0    MM    MM    MM  MM 1013.9  28.8  29.8  26.7   MM   MM    MM
2026 09 28 08 30  70  7.0  8.0    MM    MM    MM  MM 1013.9  28.8  29.8  26.5   MM   MM    MM
2026 09 28 08 20  60  7.0  8.0   0.9     5   4.5 102 1013.8  28.8  29.8  26.4   MM   MM    MM
2026 09 28 08 10  60  6.0  7.0    MM    MM    MM  MM 1013.7  28.8  29.8  26.5   MM   MM    MM
2026 09 28 08 00  70  6.0  8.0    MM    MM    MM  MM 1013.7  28.9  29.8  26.7   MM -1.2    MM
2026 09 28 07 50  80  7.0  8.0   0.9     5   4.6 122 1013.7    MM  29.8    MM   MM   MM    MM
2026 09 28 07 40  70  6.0  8.0    MM    MM    MM  MM 1013.9  28.9  29.8  26.6   MM   MM    MM
2026 09 28 07 30  70  6.0  7.0    MM    MM    MM  MM 1013.9  28.9  29.8  26.5   MM   MM    MM
2026 09 28 07 20  70  6.0  7.0   1.0     5   4.6  97 1014.0  28.9  29.8  26.3   MM   MM    MM
2026 09 28 07 10  70  6.0  7.0   1.0    MM   4.6  97 1014.0  28.9  29.8  26.2   MM   MM    MM
2026 09 28 07 00  70  6.0  7.0    MM    MM    MM  MM 1014.0  28.9  29.8  26.3   MM -1.3    MM
2026 09 28 06 50  80  6.0  7.0   0.9     5   4.4 100 1014.1  28.9    MM  26.4   MM   MM    MM
2026 09 28 06 40  80  6.0  7.0   0.9    MM   4.4 100 1014.2  28.9  29.8  26.5   MM   MM    MM
2026 09 28 06 30  70  6.0  7.0    MM    MM    MM  MM 1014.1  28.9  29.8  26.6   MM   MM    MM
2026 09 28 06 20  70  5.0  7.0   0.8     5   4.5 103 1014.3    MM  29.8    MM   MM   MM    MM
2026 09 28 06 10  80  5.0  6.0    MM    MM    MM  MM 1014.3  28.9  29.8  26.5   MM   MM    MM
2026 09 28 06 00  70  6.0  7.0    MM    MM    MM  MM 1014.2  28.9  29.8  26.3   MM -1.4    MM
2026 09 28 05 50  80  6.0  7.0   0.8     5   4.5  92 1014.2  29.0  29.8  26.3   MM   MM    MM
2026 09 28 05 40  80  6.0  7.0    MM    MM    MM  MM 1014.3  29.0  29.8  26.2   MM   MM    MM
2026 09 28 05 30  80  6.0  7.0    MM    MM    MM  MM 1014.5  29.0  29.8  26.2   MM   MM    MM
2026 09 28 05 20  80  5.0  6.0   0.8     6   4.6 132 1014.6  29.1    MM  26.2   MM   MM    MM
2026 09 28 05 10  80  6.0  7.0   0.8    MM   4.6 132 1014.8  29.1  29.8  26.2   MM   MM    MM
2026 09 28 05 00  80  5.0  6.0    MM    MM    MM  MM 1015.0  29.1  29.8  26.2   MM -0.8    MM
2026 09 28 04 50  80  5.0  6.0   0.8     5   4.7  87 1015.0  29.1  29.8  26.1   MM   MM    MM
2026 09 28 04 40  80  5.0  6.0   0.8    MM   4.7  87 1015.2  29.1  29.8  26.0   MM   MM    MM
2026 09 28 04 30  80  4.0  6.0    MM    MM    MM  MM 1015.2  29.0  29.8  26.4   MM   MM    MM
2026 09 28 04 20  70  4.0  5.0   0.8     5   4.7  77 1015.2  28.9  29.8  26.5   MM   MM    MM
2026 09 28 04 10  70  4.0  5.0   0.8    MM   4.7  77 1015.3  29.0  29.8  26.6   MM   MM    MM
2026 09 28 04 00  70  3.0  4.0    MM    MM    MM  MM 1015.3  29.0  29.8  26.1   MM +0.3    MM
2026 09 28 03 50  70  4.0  4.0   0.9     5   4.6 100 1015.4    MM  29.8    MM   MM   MM    MM
2026 09 28 03 40  70  3.0  4.0    MM    MM    MM  MM 1015.3  28.9  29.8  26.0   MM   MM    MM
2026 09 28 03 30  80  3.0  5.0    MM    MM    MM  MM 1015.3  28.9  29.8  26.0   MM   MM    MM
2026 09 28 03 20  80  3.0  5.0   0.8     4   4.5  87 1015.4  29.2    MM  25.9   MM   MM    MM
2026 09 28 03 10  90  2.0  3.0   0.8    MM   4.5  87 1015.5  29.3  29.8  25.7   MM   MM    MM
2026 09 28 03 00 110  2.0  3.0    MM    MM    MM  MM 1015.5  29.3  29.8  25.7   MM +1.1    MM
2026 09 28 02 50 130  2.0  3.0   0.9     5   4.5  96 1015.4  29.3  29.8  25.5   MM   MM    MM
2026 09 28 02 40 120  1.0  2.0    MM    MM    MM  MM 1015.4  29.3  29.8  25.4   MM   MM    MM
2026 09 28 02 30 110  2.0  3.0    MM    MM    MM  MM 1015.4  29.3  29.8  25.5   MM   MM    MM
2026 09 28 02 20 110  2.0  4.0   0.9     5   4.5 101 1015.5  29.3  29.8  25.4   MM   MM    MM
2026 09 28 02 10 110  3.0  3.0   0.9    MM   4.5 101 1015.6  29.2  29.8  25.8   MM   MM    MM
2026 09 28 02 00 120  3.0  3.0    MM    MM    MM  MM 1015.6  29.3  29.8  26.0   MM +1.8    MM
2026 09 28 01 50 120  3.0  4.0   0.9     5   4.5  93 1015.6  29.2  29.8  25.9   MM   MM    MM
2026 09 28 01 40 110  4.0  4.0    MM    MM    MM  MM 1015.3  29.2  29.8  26.0   MM   MM    MM
2026 09 28 01 30 110  4.0  5.0    MM    MM    MM  MM 1015.1  29.2  29.8  26.3   MM   MM    MM
2026 09 28 01 20 110  4.0  5.0   0.9     5   4.6 106 1015.1  29.3  29.9  26.5   MM   MM    MM
2026 09 28 01 10  90  4.0  5.0    MM    MM    MM  MM 1015.1  29.3  29.9  26.6   MM   MM    MM
2026 09 28 01 00  80  5.0  6.0   0.9    MM   4.6 106 1015.1  29.4  29.9  26.7   MM +1.5    MM
2026 09 28 00 50  70  5.0  6.0   0.8     5   4.5 116 1014.9  29.3  29.9  26.5   MM   MM    MM
2026 09 28 00 40 100  3.0  5.0   0.8    MM   4.5 116 1014.9  29.2  29.9  26.2   MM   MM    MM
2026 09 28 00 30 110  4.0  5.0    MM    MM    MM  MM 1014.8  29.3  29.9  26.2   MM   MM    MM
2026 09 28 00 20  80  5.0  7.0   0.8     5   4.5 114 1014.8  29.5  29.9  26.2   MM   MM    MM
2026 09 28 00 10  70  6.0  7.0   0.8    MM   4.5 114 1014.6  29.4  29.9  25.9   MM   MM    MM
2026 09 28 00 00  70  6.0  7.0    MM    MM    MM  MM 1014.4  29.4  29.9  25.9   MM +1.1    MM
2026 09 27 23 50  70  5.0  7.0   0.8     5   4.6 108 1014.3  29.4  29.9  26.0   MM   MM    MM
2026 09 27 23 40  70  5.0  7.0    MM    MM    MM  MM 1014.2  29.4  29.9  26.1   MM   MM    MM
2026 09 27 23 20  70  5.0  6.0   0.8     5   4.6 106 1014.1  29.3  29.9  26.0   MM   MM    MM
2026 09 27 23 10  70  5.0  6.0   0.8    MM   4.6 106 1013.9  29.3  29.9  26.1   MM   MM    MM
2026 09 27 23 00  70  5.0  6.0    MM    MM    MM  MM 1013.9  29.3  30.0  26.1   MM +0.8    MM
2026 09 27 22 50  70  5.0  6.0   0.8     5   4.8 120 1013.7  29.3  30.0  26.2   MM   MM    MM
2026 09 27 22 40  60  3.0  5.0    MM    MM    MM  MM 1013.6  29.2  30.0  26.2   MM   MM    MM
2026 09 27 22 30  60  3.0  4.0    MM    MM    MM  MM 1013.5  29.2  30.0  26.1   MM   MM    MM
2026 09 27 22 20  60  3.0  4.0   0.8    MM   4.7 108 1013.6    MM  30.0    MM   MM   MM    MM
2026 09 27 22 10  60  3.0  4.0   0.8    MM   4.7 108 1013.5  29.3  30.0  26.0   MM   MM    MM
2026 09 27 22 00  60  3.0  4.0    MM    MM    MM  MM 1013.5  29.3  30.0  25.9   MM +0.5    MM
2026 09 27 21 50  60  3.0  4.0   0.8     4   4.7 105 1013.4    MM  30.0    MM   MM   MM    MM
2026 09 27 21 40  60  3.0  4.0    MM    MM    MM  MM 1013.6  29.3  30.0  25.9   MM   MM    MM
2026 09 27 21 30  60  3.0  4.0    MM    MM    MM  MM 1013.5  29.4  30.1  25.9   MM   MM    MM
2026 09 27 21 20  60  3.0  4.0   0.8    MM   4.7 124 1013.5    MM  30.1    MM   MM   MM    MM
2026 09 27 21 10  50  3.0  4.0   0.8    MM   4.7 124 1013.4  29.4  30.1  26.0   MM   MM    MM
2026 09 27 21 00  60  3.0  4.0    MM    MM    MM  MM 1013.3  29.4  30.1  26.0   MM +0.3    MM
2026 09 27 20 50  60  2.0  3.0   0.8    MM   4.7 118 1013.4    MM  30.1    MM   MM   MM    MM
2026 09 27 20 40  70  3.0  3.0   0.8    MM   4.7 118 1013.4  29.3  30.1  26.1   MM   MM    MM
2026 09 27 20 30  90  3.0  4.0    MM    MM    MM  MM 1013.3  29.4  30.1  26.3   MM   MM    MM
2026 09 27 20 20 100  2.0  4.0   0.8     5   4.5 114 1013.2  29.5  30.1  26.2   MM   MM    MM
2026 09 27 20 10 100  2.0  3.0   0.8    MM   4.5 114 1013.1  29.5  30.1  26.1   MM   MM    MM
2026 09 27 20 00 100  3.0  4.0    MM    MM    MM  MM 1013.1  29.5  30.1  25.8   MM -0.6    MM
2026 09 27 19 50 110  3.0  5.0   0.9     5   4.7  98 1013.2    MM  30.2    MM   MM   MM    MM
2026 09 27 19 40 120  4.0  4.0    MM    MM    MM  MM 1013.2  29.5  30.2  26.0   MM   MM    MM
2026 09 27 19 30 120  4.0  5.0    MM    MM    MM  MM 1013.0  29.5  30.2  26.0   MM   MM    MM
2026 09 27 19 20 100  3.0  4.0   0.9     5   4.8 123 1013.0    MM  30.2    MM   MM   MM    MM
2026 09 27 19 10 100  4.0  5.0    MM    MM    MM  MM 1013.1  29.5  30.2  25.8   MM   MM    MM
2026 09 27 19 00 110  3.0  5.0    MM    MM    MM  MM 1013.1  29.5  30.2  25.9   MM -1.4    MM
2026 09 27 18 50 110  3.0  4.0   0.9     5   4.5 116 1013.1  29.4  30.1  25.8   MM   MM    MM
2026 09 27 18 40 110  2.0  4.0    MM    MM    MM  MM 1013.0  29.4  30.1  26.0   MM   MM    MM
2026 09 27 18 30 100  3.0  3.0    MM    MM    MM  MM 1013.1  29.3  30.1  25.8   MM   MM    MM
2026 09 27 18 20 110  2.0  3.0   0.9    MM   4.7 117 1013.1    MM  30.2    MM   MM   MM    MM
2026 09 27 18 10 100  2.0  3.0   0.9    MM   4.7 117 1013.1  29.3  30.1  25.7   MM   MM    MM
2026 09 27 18 00 110  3.0  4.0    MM    MM    MM  MM 1013.1  29.3  30.1  25.8   MM -1.9    MM
2026 09 27 17 50 110  3.0  4.0   0.9     5   4.6 126 1013.2  29.2  30.1  25.6   MM   MM    MM
2026 09 27 17 40 100  4.0  5.0    MM    MM    MM  MM 1013.2  29.3  30.1  25.7   MM   MM    MM
2026 09 27 17 30 110  4.0  5.0    MM    MM    MM  MM 1013.3  29.3  30.0  25.8   MM   MM    MM
2026 09 27 17 20 110  5.0  5.0   0.9     4   4.6  81 1013.4  29.3  30.0  25.7   MM   MM    MM
2026 09 27 17 10  90  5.0  6.0   0.9    MM   4.6  81 1013.6  29.3  30.0  25.8   MM   MM    MM
2026 09 27 17 00  90  5.0  6.0    MM    MM    MM  MM 1013.7  29.3  30.0  25.9   MM -1.2    MM
2026 09 27 16 50  90  5.0  6.0   0.9     5   4.6 117 1013.7  29.2    MM  25.8   MM   MM    MM
2026 09 27 16 40  80  5.0  7.0   0.9    MM   4.6 117 1013.8  29.2  30.0  26.0   MM   MM    MM
2026 09 27 16 30  90  5.0  6.0    MM    MM    MM  MM 1013.9  29.3  30.0  26.0   MM   MM    MM
2026 09 27 16 20  90  5.0  6.0   0.9     4   4.5  94 1014.0  29.3  30.0  25.8   MM   MM    MM
2026 09 27 16 10  90  5.0  5.0   0.9    MM   4.5  94 1014.2  29.3  29.9  26.3   MM   MM    MM
2026 09 27 16 00 100  4.0  6.0    MM    MM    MM  MM 1014.5  29.3  29.9  26.2   MM +0.0    MM
2026 09 27 15 50 100  5.0  7.0   0.9     5   4.2  97 1014.6  29.3  29.9  26.2   MM   MM    MM
2026 09 27 15 40 100  5.0  6.0   0.9    MM   4.2  97 1014.6  29.3  29.8  25.9   MM   MM    MM
2026 09 27 15 30 100  5.0  6.0    MM    MM    MM  MM 1014.7  29.3  29.8  26.1   MM   MM    MM
2026 09 27 15 20 100  5.0  6.0   0.9     4   4.3  89 1014.8  29.3  29.8  26.2   MM   MM    MM
2026 09 27 15 10 100  6.0  7.0   0.9    MM   4.3  89 1014.9  29.3  29.8  26.0   MM   MM    MM
2026 09 27 15 00 100  5.0  6.0    MM    MM    MM  MM 1015.0  29.3  29.8  26.2   MM +1.1    MM
2026 09 27 14 50 110  6.0  7.0   0.9     4   4.2  93 1015.2  29.3  29.8  26.1   MM   MM    MM
2026 09 27 14 40 100  6.0  7.0   0.9    MM   4.2  93 1015.1  29.3  29.8  26.3   MM   MM    MM
2026 09 27 14 30 100  7.0  8.0    MM    MM    MM  MM 1015.1  29.3  29.8  26.3   MM   MM    MM
2026 09 27 14 20 100  6.0  8.0   1.0     4   4.3  83 1015.1  29.3  29.7  26.3   MM   MM    MM
2026 09 27 14 10 100  7.0  8.0   1.0    MM   4.3  83 1015.1  29.3    MM  26.3   MM   MM    MM
2026 09 27 14 00  90  7.0  8.0    MM    MM    MM  MM 1014.9  29.2  29.7  26.3   MM +1.2    MM
2026 09 27 13 50  90  7.0  8.0   1.0     4   4.2  88 1014.8  29.2    MM  26.4   MM   MM    MM
2026 09 27 13 40  90  7.0  8.0   1.0    MM   4.2  88 1014.8  29.3  29.7  26.3   MM   MM    MM
2026 09 27 13 30  90  7.0  8.0    MM    MM    MM  MM 1014.7  29.3    MM  26.2   MM   MM    MM
2026 09 27 13 20  80  7.0  8.0   0.9     4   4.2  93 1014.7  29.3  29.7  26.1   MM   MM    MM
2026 09 27 13 10  80  7.0  9.0   0.9    MM   4.2  93 1014.5  29.2  29.7  26.0   MM   MM    MM
2026 09 27 13 00  80  6.0  8.0    MM    MM    MM  MM 1014.5  29.0  29.7  26.2   MM +1.0    MM
2026 09 27 12 50  90  7.0  9.0   0.9     4   4.4 100 1014.4    MM  29.7    MM   MM   MM    MM
2026 09 27 12 40  90  7.0  8.0    MM    MM    MM  MM 1014.3  29.3  29.7  26.1   MM   MM    MM
2026 09 27 12 30  80  6.0  8.0    MM    MM    MM  MM 1014.2  29.3  29.7  26.1   MM   MM    MM
2026 09 27 12 20  80  7.0  8.0   0.9     5   4.3  90 1014.1  29.2  29.7  26.1   MM   MM    MM
2026 09 27 12 10  80  6.0  7.0   0.9    MM   4.3  90 1014.1  29.2  29.7  26.2   MM   MM    MM
2026 09 27 12 00  80  6.0  7.0    MM    MM    MM  MM 1014.0  29.1  29.7  26.2   MM +0.6    MM
2026 09 27 11 50  90  6.0  7.0   1.0     5   4.4  80 1013.9  29.2  29.7  26.2   MM   MM    MM
2026 09 27 11 40  90  6.0  7.0    MM    MM    MM  MM 1013.8  29.2  29.7  26.2   MM   MM    MM
2026 09 27 11 30  80  6.0  7.0    MM    MM    MM  MM 1013.6  29.1  29.7  26.3   MM   MM    MM
2026 09 27 11 20  80  6.0  7.0   1.0     4   4.6  94 1013.6  29.1  29.7  26.3   MM   MM    MM
2026 09 27 11 10  80  6.0  7.0   1.0    MM   4.6  94 1013.6  29.0  29.7  26.2   MM   MM    MM
2026 09 27 11 00  80  6.0  7.0    MM    MM    MM  MM 1013.6  29.0  29.7  26.2   MM +0.7    MM
2026 09 27 10 50  80  6.0  8.0   1.0     5   4.5  86 1013.6  29.0  29.7  26.4   MM   MM    MM
2026 09 27 10 40  80  6.0  7.0    MM    MM    MM  MM 1013.5  28.9  29.7  26.3   MM   MM    MM
2026 09 27 10 30  90  6.0  7.0    MM    MM    MM  MM 1013.4  28.8  29.7  25.9   MM   MM    MM
2026 09 27 10 20  90  7.0  8.0   0.9    MM   4.4  88 1013.4    MM  29.7    MM   MM   MM    MM
2026 09 27 10 10  80  7.0  8.0   0.9    MM   4.4  88 1013.4  28.9  29.7  26.3   MM   MM    MM
2026 09 27 10 00  80  7.0  8.0    MM    MM    MM  MM 1013.5  28.8  29.7  26.0   MM +0.6    MM
2026 09 27 09 50  90  7.0  9.0   0.9    MM   4.5  98 1013.6  28.9    MM  26.2   MM   MM    MM
2026 09 27 09 40  80  7.0  8.0    MM    MM    MM  MM 1013.4  28.9  29.7  26.2   MM   MM    MM
2026 09 27 09 30  70  7.0  8.0    MM    MM    MM  MM 1013.4  28.9  29.7  26.4   MM   MM    MM
2026 09 27 09 20  70  7.0  8.0   1.0     5   4.3  97 1013.4  28.9  29.7  26.4   MM   MM    MM
2026 09 27 09 10  60  7.0  8.0    MM    MM    MM  MM 1013.3  28.7  29.7  26.4   MM   MM    MM
2026 09 27 09 00  70  7.0  8.0    MM    MM    MM  MM 1013.2  28.7  29.7  26.4   MM -0.0    MM
2026 09 27 08 50  70  7.0  8.0   1.0     5   4.5 101 1013.2  28.9  29.7  26.4   MM   MM    MM
2026 09 27 08 40  70  7.0  8.0    MM    MM    MM  MM 1013.1  29.0  29.7  26.1   MM   MM    MM
2026 09 27 08 30  70  7.0  8.0    MM    MM    MM  MM 1013.0  28.9  29.7  26.2   MM   MM    MM
2026 09 27 08 20  80  7.0  8.0   1.0     5   4.3  91 1013.0  29.0  29.7  26.1   MM   MM    MM
2026 09 27 08 10  70  6.0  7.0    MM    MM    MM  MM 1012.9  28.9  29.7  26.1   MM   MM    MM
2026 09 27 08 00  80  6.0  8.0    MM    MM    MM  MM 1012.9  29.0  29.7  26.1   MM -0.8    MM
2026 09 27 07 50  80  7.0  8.0   0.9     4   4.4  87 1012.9  29.0  29.7  26.1   MM   MM    MM
2026 09 27 07 40  80  7.0  8.0    MM    MM    MM  MM 1012.9  29.0  29.7  26.2   MM   MM    MM
2026 09 27 07 30  80  6.0  8.0    MM    MM    MM  MM 1012.8  28.9  29.7  26.4   MM   MM    MM
2026 09 27 07 20  80  7.0  8.0   1.0     5   4.5  89 1012.8  28.9  29.7  26.4   MM   MM    MM
2026 09 27 07 10  80  7.0  8.0    MM    MM    MM  MM 1012.8  28.9  29.7  26.5   MM   MM    MM
2026 09 27 07 00  70  6.0  7.0    MM    MM    MM  MM 1012.9  28.9  29.7  26.5   MM -1.4    MM
2026 09 27 06 50  70  7.0  8.0   1.0     5   4.4  97 1012.9    MM    MM    MM   MM   MM    MM
2026 09 27 06 40  80  6.0  7.0    MM    MM    MM  MM 1013.0  29.0  29.7  26.6   MM   MM    MM
2026 09 27 06 30  80  6.0  8.0    MM    MM    MM  MM 1013.0  29.0  29.7  26.5   MM   MM    MM
2026 09 27 06 20  80  6.0  7.0   1.0     5   4.2  97 1013.0  29.0  29.7  26.4   MM   MM    MM
2026 09 27 06 10  80  7.0  9.0   1.0    MM   4.2  97 1013.0  29.1  29.7  26.5   MM   MM    MM
2026 09 27 06 00  80  7.0  9.0    MM    MM    MM  MM 1013.2  29.1  29.7  26.4   MM -1.4    MM
2026 09 27 05 50  70  7.0  9.0   1.0     5   4.2  99 1013.2  29.1  29.7  26.7   MM   MM    MM
2026 09 27 05 40  80  7.0  9.0    MM    MM    MM  MM 1013.3  29.1  29.7  26.6   MM   MM    MM
2026 09 27 05 30  80  7.0  9.0    MM    MM    MM  MM 1013.4  29.1  29.7  26.4   MM   MM    MM
2026 09 27 05 20  80  8.0  9.0   1.0     5   4.2  88 1013.4  29.1  29.7  26.5   MM   MM    MM
2026 09 27 05 10  80  7.0  9.0   1.0    MM   4.2  88 1013.7  29.1  29.7  26.7   MM   MM    MM
2026 09 27 05 00  80  8.0  9.0    MM    MM    MM  MM 1013.8  29.2  29.7  26.4   MM -0.7    MM
2026 09 27 04 50  80  7.0  9.0   1.1     4   4.3  94 1013.9  29.1  29.7  26.5   MM   MM    MM
2026 09 27 04 40  80  8.0  9.0   1.1    MM   4.3  94 1014.0  29.1  29.7  26.5   MM   MM    MM
2026 09 27 04 30  80  8.0  9.0    MM    MM    MM  MM 1014.1  29.2  29.7  26.5   MM   MM    MM
2026 09 27 04 20  80  8.0  9.0   1.1     4   4.3  94 1014.2  29.2  29.7  26.7   MM   MM    MM
2026 09 27 04 10  70  8.0  9.0   1.1    MM   4.3  94 1014.3  29.1  29.7  26.7   MM   MM    MM
2026 09 27 04 00  70  8.0  9.0    MM    MM    MM  MM 1014.2  29.1  29.7  26.8   MM +0.0    MM
2026 09 27 03 50  80  8.0  9.0   1.0     4   4.3  84 1014.2    MM  29.7    MM   MM   MM    MM
2026 09 27 03 40  80  8.0  9.0    MM    MM    MM  MM 1014.3  29.2  29.8  26.7   MM   MM    MM
2026 09 27 03 30  80  8.0 10.0    MM    MM    MM  MM 1014.2  29.2  29.7  26.7   MM   MM    MM
2026 09 27 03 20  70  8.0 10.0   1.0     5   4.2  93 1014.3  29.2  29.8  26.8   MM   MM    MM
2026 09 27 03 10  80  8.0  9.0   1.0    MM   4.2  93 1014.4  29.2  29.7  27.0   MM   MM    MM
2026 09 27 03 00  80  8.0  9.0    MM    MM    MM  MM 1014.5  29.2  29.7  26.8   MM +0.7    MM
2026 09 27 02 50  70  7.0  9.0   1.0     5   4.1 104 1014.6  29.2  29.8  26.9   MM   MM    MM
2026 09 27 02 40  70  8.0  9.0    MM    MM    MM  MM 1014.5  29.2  29.8  26.8   MM   MM    MM
2026 09 27 02 30  70  7.0  8.0    MM    MM    MM  MM 1014.5  29.3  29.8  26.8   MM   MM    MM
2026 09 27 02 20  70  8.0  9.0   0.9     4   4.1  92 1014.5  29.4  29.8  26.5   MM   MM    MM
2026 09 27 02 10  70  8.0  9.0   0.9    MM   4.1  92 1014.5  29.4  29.8  26.3   MM   MM    MM
2026 09 27 02 00  80  8.0  9.0    MM    MM    MM  MM 1014.4  29.4  29.8  26.7   MM +1.2    MM
2026 09 27 01 50  80  8.0  9.0   0.8     4   4.1  74 1014.4  29.4  29.8  26.6   MM   MM    MM
2026 09 27 01 40  70  8.0  9.0    MM    MM    MM  MM 1014.3  29.5  29.8  26.5   MM   MM    MM
2026 09 27 01 30  70  7.0  9.0    MM    MM    MM  MM 1014.3  29.5  29.8  26.5   MM   MM    MM
2026 09 27 01 20  60  7.0  8.0   0.8     4   4.1  81 1014.4  29.5  29.8  26.6   MM   MM    MM
2026 09 27 01 10  60  7.0  8.0   0.8    MM   4.1  81 1014.5  29.5  29.8  26.5   MM   MM    MM
2026 09 27 01 00  60  7.0  8.0    MM    MM    MM  MM 1014.5  29.5  29.8  26.8   MM +1.7    MM
2026 09 27 00 50  60  6.0  8.0   0.8    MM   4.3 355 1014.4  29.5    MM  26.7   MM   MM    MM
2026 09 27 00 40  MM   MM   MM   0.8    11    MM  MM     MM    MM  29.8    MM   MM   MM    MM
2026 09 27 00 30  60  6.0  8.0    MM    MM    MM  MM 1014.1  29.4  29.8  26.8   MM   MM    MM
2026 09 27 00 20  60  6.0  8.0   0.7     7   4.4 124 1014.0  29.4  29.8  27.0   MM   MM    MM
2026 09 27 00 10  50  6.0  7.0   0.7    MM   4.4 124 1014.0  29.3  29.8  27.1   MM   MM    MM
2026 09 27 00 00  50  6.0  7.0    MM    MM    MM  MM 1013.7  29.3  29.9  27.0   MM +1.3    MM
2026 09 26 23 50  50  6.0  7.0   0.7     7   4.5 117 1013.7  29.4  29.9  26.8   MM   MM    MM
2026 09 26 23 40  50  6.0  7.0    MM    MM    MM  MM 1013.7  29.4  29.9  27.0   MM   MM    MM
2026 09 26 23 20  70  5.0  6.0   0.7     6   4.9 125 1013.4  29.4  29.9  26.6   MM   MM    MM
2026 09 26 23 10  60  5.0  7.0   0.7    MM   4.9 125 1013.4  29.4  29.9  26.7   MM   MM    MM
2026 09 26 23 00  80  5.0  6.0    MM    MM    MM  MM 1013.3  29.4  29.9  26.6   MM +0.8    MM
2026 09 26 22 50  70  4.0  5.0   0.8     7   4.9 115 1013.2  29.4  29.9  26.7   MM   MM    MM
2026 09 26 22 40  60  4.0  5.0    MM    MM    MM  MM 1013.0  29.4  29.9  26.7   MM   MM    MM
2026 09 26 22 30  60  4.0  5.0    MM    MM    MM  MM 1012.9  29.4  29.9  26.7   MM   MM    MM
2026 09 26 22 20  60  4.0  5.0   0.7     7   4.7 119 1013.0  29.4  29.9  26.4   MM   MM    MM
2026 09 26 22 10  50  4.0  6.0   0.7    MM   4.7 119 1012.9  29.4  29.9  26.3   MM   MM    MM
2026 09 26 22 00  60  5.0  6.0    MM    MM    MM  MM 1012.7  29.4  29.9  26.3   MM +0.3    MM
2026 09 26 21 50  60  5.0  6.0   0.7     7   4.8 113 1012.6  29.3  29.9  26.4   MM   MM    MM
2026 09 26 21 40  60  5.0  6.0    MM    MM    MM  MM 1012.6  29.4  30.0  26.6   MM   MM    MM
2026 09 26 21 30  60  4.0  5.0    MM    MM    MM  MM 1012.6  29.4  30.0  26.5   MM   MM    MM
2026 09 26 21 20  50  4.0  5.0   0.7     7   4.8 111 1012.5  29.4  30.0  26.4   MM   MM    MM
2026 09 26 21 10  70  4.0  5.0   0.7    MM   4.8 111 1012.5  29.5  30.0  26.3   MM   MM    MM
2026 09 26 21 00  70  5.0  6.0    MM    MM    MM  MM 1012.5  29.4  30.0  26.2   MM -0.4    MM
2026 09 26 20 50  60  4.0  5.0   0.7     6   4.9 104 1012.3  29.5  30.0  26.4   MM   MM    MM
2026 09 26 20 40  70  4.0  5.0    MM    MM    MM  MM 1012.4  29.5  30.0  26.3   MM   MM    MM
2026 09 26 20 30  70  4.0  5.0    MM    MM    MM  MM 1012.4  29.5  30.0  26.2   MM   MM    MM
2026 09 26 20 20  60  4.0  5.0   0.7     5   4.6 135 1012.5  29.4  30.1  26.1   MM   MM    MM
2026 09 26 20 10  70  3.0  4.0   0.7    MM   4.6 135 1012.5  29.5  30.1  26.3   MM   MM    MM
2026 09 26 20 00  60  3.0  4.0    MM    MM    MM  MM 1012.3  29.4  30.1  26.1   MM -0.8    MM
2026 09 26 19 50  60  4.0  5.0   0.8     5   4.7 138 1012.4  29.4  30.1  26.2   MM   MM    MM
2026 09 26 19 40  50  4.0  5.0   0.8    MM   4.7 138 1012.3  29.4  30.1  26.2   MM   MM    MM
2026 09 26 19 30  60  4.0  5.0    MM    MM    MM  MM 1012.3  29.4  30.1  26.2   MM   MM    MM
2026 09 26 19 20  70  4.0  5.0   0.7     7   4.6 116 1012.3    MM  30.1    MM   MM   MM    MM
2026 09 26 19 10  70  4.0  5.0    MM    MM    MM  MM 1012.3  29.5  30.1  26.2   MM   MM    MM
2026 09 26 19 00  70  3.0  4.0    MM    MM    MM  MM 1012.5  29.5  30.1  26.2   MM -1.7    MM
2026 09 26 18 50  80  3.0  4.0   0.7     6   4.7 137 1012.6    MM  30.1    MM   MM   MM    MM
2026 09 26 18 40  80  4.0  4.0    MM    MM    MM  MM 1012.8  29.5  30.1  26.1   MM   MM    MM
2026 09 26 18 30  80  4.0  5.0    MM    MM    MM  MM 1012.7  29.4  30.1  26.1   MM   MM    MM
2026 09 26 18 20  80  4.0  6.0   0.7     7   4.6 117 1012.7  29.5  30.1  26.2   MM   MM    MM
2026 09 26 18 10  90  4.0  5.0   0.7    MM   4.6 117 1012.8  29.5  30.1  26.3   MM   MM    MM
2026 09 26 18 00  80  4.0  5.0    MM    MM    MM  MM 1012.9  29.4  30.1  26.2   MM -1.7    MM
2026 09 26 17 50  80  5.0  6.0   0.7     5   4.5 140 1013.1  29.4  30.1  26.5   MM   MM    MM
2026 09 26 17 40  80  5.0  6.0    MM    MM    MM  MM 1013.1  29.4  30.0  26.6   MM   MM    MM
2026 09 26 17 30  80  4.0  5.0    MM    MM    MM  MM 1013.2  29.4  30.1  26.4   MM   MM    MM
2026 09 26 17 20  80  4.0  6.0   0.7     5   4.6 138 1013.1  29.3  30.0  26.5   MM   MM    MM
2026 09 26 17 10  70  4.0  5.0   0.7    MM   4.6 138 1013.2  29.3  30.0  26.6   MM   MM    MM
2026 09 26 17 00  80  4.0  5.0    MM    MM    MM  MM 1013.3  29.2  30.0  26.5   MM -1.2    MM
2026 09 26 16 50  70  4.0  5.0   0.8     7   4.5 130 1013.4  29.2  30.0  26.5   MM   MM    MM
2026 09 26 16 40  80  4.0  5.0    MM    MM    MM  MM 1013.6  29.2  30.0  26.4   MM   MM    MM
2026 09 26 16 30  70  4.0  5.0    MM    MM    MM  MM 1013.7  29.2  29.9  26.4   MM   MM    MM
2026 09 26 16 20  70  4.0  5.0   0.7     6   4.3 144 1013.9  29.2  29.9  26.3   MM   MM    MM
2026 09 26 16 10  80  4.0  5.0    MM    MM    MM  MM 1014.0  29.2  29.9  26.3   MM   MM    MM
2026 09 26 16 00  70  4.0  6.0    MM    MM    MM  MM 1014.2  29.2  29.9  26.2   MM +0.0    MM
2026 09 26 15 50  70  5.0  6.0   0.8    12   4.5  29 1014.3  29.2  29.8  26.4   MM   MM    MM
2026 09 26 15 40  80  5.0  6.0    MM    MM    MM  MM 1014.4  29.2  29.8  26.4   MM   MM    MM
2026 09 26 15 30  70  5.0  7.0    MM    MM    MM  MM 1014.5  29.2  29.8  26.5   MM   MM    MM
2026 09 26 15 20  80  5.0  7.0   0.8     6   4.4 142 1014.5  29.2  29.8  26.5   MM   MM    MM
2026 09 26 15 10  80  5.0  6.0   0.8    MM   4.4 142 1014.7  29.2  29.8  26.5   MM   MM    MM
2026 09 26 15 00  80  5.0  6.0    MM    MM    MM  MM 1014.6  29.2  29.8  26.3   MM +0.7    MM
2026 09 26 14 50  80  6.0  7.0   0.8     5   4.4 138 1014.8  29.2    MM  26.3   MM   MM    MM
2026 09 26 14 40  70  5.0  6.0    MM    MM    MM  MM 1014.7  29.2    MM  26.5   MM   MM    MM
2026 09 26 14 30  70  5.0  6.0    MM    MM    MM  MM 1014.8  29.2  29.8  26.4   MM   MM    MM
2026 09 26 14 20  70  5.0  6.0   0.8     6   4.3 133 1014.8  29.2  29.8  26.4   MM   MM    MM
2026 09 26 14 10  80  6.0  7.0   0.8    MM   4.3 133 1014.6  29.2  29.7  26.2   MM   MM    MM
2026 09 26 14 00  80  6.0  7.0    MM    MM    MM  MM 1014.5  29.1  29.7  26.2   MM +1.2    MM
2026 09 26 13 50  80  6.0  6.0   0.8     6   4.3 128 1014.5  29.2    MM  26.2   MM   MM    MM
2026 09 26 13 40  80  5.0  6.0   0.8    MM   4.3 128 1014.4  29.2  29.7  26.3   MM   MM    MM
2026 09 26 13 30  80  6.0  7.0    MM    MM    MM  MM 1014.3  29.2  29.7  26.2   MM   MM    MM
2026 09 26 13 20  80  6.0  6.0   0.8     6   4.3 138 1014.4  29.2    MM  26.2   MM   MM    MM
2026 09 26 13 10  80  6.0  7.0    MM    MM    MM  MM 1014.4  29.2  29.7  26.2   MM   MM    MM
2026 09 26 13 00  80  6.0  7.0   0.8    MM   4.3 138 1014.4  29.2  29.7  26.2   MM +1.2    MM
2026 09 26 12 50  70  5.0  6.0   0.8     6   4.3 139 1014.4  29.2  29.7  26.5   MM   MM    MM
2026 09 26 12 40  80  5.0  6.0    MM    MM    MM  MM 1014.3  29.2  29.7  26.3   MM   MM    MM
2026 09 26 12 30  80  5.0  6.0    MM    MM    MM  MM 1014.2  29.2  29.7  26.1   MM   MM    MM
2026 09 26 12 20  70  5.0  6.0   0.9     5   4.4 128 1014.2  29.2  29.7  25.9   MM   MM    MM
2026 09 26 12 10  70  6.0  7.0    MM    MM    MM  MM 1014.1  29.2  29.7  25.7   MM   MM    MM
2026 09 26 12 00  70  5.0  6.0    MM    MM    MM  MM 1014.0  29.1  29.7  25.9   MM +0.9    MM
2026 09 26 11 50  70  6.0  7.0   0.8     6   4.3 141 1014.0  29.1  29.7  25.6   MM   MM    MM
2026 09 26 11 40  70  6.0  7.0    MM    MM    MM  MM 1014.0  29.0  29.7  26.1   MM   MM    MM
2026 09 26 11 30  70  6.0  7.0    MM    MM    MM  MM 1013.7  29.0  29.7  26.3   MM   MM    MM
2026 09 26 11 20  70  6.0  7.0   0.9     6   4.4 134 1013.6  29.0  29.7  26.2   MM   MM    MM
2026 09 26 11 10  70  6.0  8.0   0.9    MM   4.4 134 1013.4  28.9  29.7  26.4   MM   MM    MM
2026 09 26 11 00  80  6.0  7.0    MM    MM    MM  MM 1013.3  28.9  29.7  26.3   MM +0.5    MM
2026 09 26 10 50  70  6.0  7.0   0.9     6   4.4 127 1013.3  28.8  29.7  26.2   MM   MM    MM
2026 09 26 10 40  70  6.0  7.0    MM    MM    MM  MM 1013.2  28.8  29.7  26.2   MM   MM    MM
2026 09 26 10 30  70  6.0  7.0    MM    MM    MM  MM 1013.2  28.8  29.7  26.3   MM   MM    MM
2026 09 26 10 20  70  6.0  7.0   0.8     7   4.5 123 1013.1  28.7    MM  26.3   MM   MM    MM
2026 09 26 10 10  70  5.0  7.0    MM    MM    MM  MM 1013.2  28.8  29.7  26.3   MM   MM    MM
2026 09 26 10 00  70  6.0  7.0    MM    MM    MM  MM 1013.1  28.7  29.7  26.2   MM +0.0    MM
2026 09 26 09 50  70  6.0  7.0   0.8     6   4.4 130 1013.1  28.8  29.7  26.3   MM   MM    MM
2026 09 26 09 40  70  5.0  7.0   0.8    MM   4.4 130 1013.2  28.7  29.7  26.2   MM   MM    MM
2026 09 26 09 30  70  6.0  7.0    MM    MM    MM  MM 1013.2  28.7  29.7  26.1   MM   MM    MM
2026 09 26 09 20  70  6.0  7.0   0.9     7   4.5 133 1013.1  28.8  29.7  26.1   MM   MM    MM
2026 09 26 09 10  80  6.0  7.0   0.9    MM   4.5 133 1013.0  28.8  29.7  26.1   MM   MM    MM
2026 09 26 09 00  70  6.0  7.0    MM    MM    MM  MM 1013.0  28.7  29.7  25.9   MM -0.3    MM
2026 09 26 08 50  80  5.0  7.0   0.9     6   4.4 140 1013.0  28.8  29.7  26.1   MM   MM    MM
2026 09 26 08 40  70  5.0  7.0    MM    MM    MM  MM 1012.9  28.7  29.7  26.0   MM   MM    MM
2026 09 26 08 30  70  5.0  6.0    MM    MM    MM  MM 1013.0  28.7  29.7  26.1   MM   MM    MM
2026 09 26 08 20  70  5.0  6.0   0.9     5   4.3 132 1013.0  28.7    MM  26.2   MM   MM    MM
2026 09 26 08 10  80  6.0  7.0    MM    MM    MM  MM 1012.8  28.7  29.7  26.1   MM   MM    MM
2026 09 26 08 00  70  6.0  7.0   0.9    MM   4.3 132 1012.8  28.7  29.7  26.2   MM -1.1    MM
2026 09 26 07 50  80  6.0  7.0   0.9    MM   4.4  98 1012.8    MM  29.7    MM   MM   MM    MM
2026 09 26 07 40  70  6.0  7.0   0.9    MM   4.4  98 1012.8  28.7  29.7  25.9   MM   MM    MM
2026 09 26 07 30  70  6.0  7.0    MM    MM    MM  MM 1012.7  28.8  29.7  26.2   MM   MM    MM
2026 09 26 07 20  70  6.0  7.0   0.9     5   4.5 125 1012.6  28.8  29.7  26.0   MM   MM    MM
2026 09 26 07 10  80  6.0  7.0   0.9    MM   4.5 125 1012.7  28.8    MM  26.0   MM   MM    MM
2026 09 26 07 00  80  6.0  7.0    MM    MM    MM  MM 1012.9  28.8  29.7  25.8   MM -1.6    MM
2026 09 26 06 50  80  6.0  7.0   0.9     6   4.4 143 1012.8  28.8  29.7  25.9   MM   MM    MM
2026 09 26 06 40  80  6.0  7.0   0.9    MM   4.4 143 1013.1  28.8  29.7  26.2   MM   MM    MM
2026 09 26 06 30  90  6.0  7.0    MM    MM    MM  MM 1013.1  28.8  29.7  26.2   MM   MM    MM
2026 09 26 06 20  90  6.0  7.0   0.9     7   4.5 134 1013.2    MM  29.7    MM   MM   MM    MM
2026 09 26 06 10  80  5.0  6.0    MM    MM    MM  MM 1013.2  28.8  29.7  26.2   MM   MM    MM
2026 09 26 06 00  80  6.0  7.0    MM    MM    MM  MM 1013.3  28.8  29.7  26.1   MM -1.8    MM
2026 09 26 05 50  80  6.0  7.0   0.8     7   4.4 139 1013.4  28.8  29.7  26.2   MM   MM    MM
2026 09 26 05 40  80  5.0  7.0    MM    MM    MM  MM 1013.5  28.8  29.7  26.3   MM   MM    MM
2026 09 26 05 30  80  6.0  7.0    MM    MM    MM  MM 1013.6  28.9  29.7  26.3   MM   MM    MM
2026 09 26 05 20  70  6.0  7.0   0.8     6   4.4 130 1013.7  28.9  29.7  26.3   MM   MM    MM
2026 09 26 05 10  80  6.0  7.0   0.8    MM   4.4 130 1013.7  28.9  29.7  26.3   MM   MM    MM
2026 09 26 05 00  80  6.0  7.0    MM    MM    MM  MM 1013.8  29.0  29.7  26.2   MM -1.2    MM
2026 09 26 04 50  90  5.0  7.0   0.9     5   4.4 123 1014.0  29.0  29.7  25.9   MM   MM    MM
2026 09 26 04 40  80  6.0  7.0    MM    MM    MM  MM 1014.1  29.1  29.7  25.9   MM   MM    MM
2026 09 26 04 30  90  6.0  7.0    MM    MM    MM  MM 1014.2  29.1  29.7  25.9   MM   MM    MM
2026 09 26 04 20  90  6.0  7.0   0.8     7   4.3 132 1014.2  29.1  29.7  26.0   MM   MM    MM
2026 09 26 04 10  90  6.0  7.0   0.8    MM   4.3 132 1014.4  29.1  29.7  26.1   MM   MM    MM
2026 09 26 04 00  90  6.0  7.0    MM    MM    MM  MM 1014.5  29.1  29.7  26.3   MM -0.3    MM
2026 09 26 03 50  90  6.0  8.0   0.9     4   4.3  98 1014.6  29.1  29.7  26.3   MM   MM    MM
2026 09 26 03 40  90  7.0  8.0   0.9    MM   4.3  98 1014.8  29.1  29.7  26.5   MM   MM    MM
2026 09 26 03 30  90  7.0  8.0    MM    MM    MM  MM 1014.8  29.1  29.7  26.5   MM   MM    MM
2026 09 26 03 20  90  7.0  8.0   0.9     4   4.2 104 1014.8  29.1  29.7  26.4   MM   MM    MM
2026 09 26 03 10  80  6.0  7.0   0.9    MM   4.2 104 1015.0  29.2  29.8  26.3   MM   MM    MM
2026 09 26 03 00  80  6.0  7.0    MM    MM    MM  MM 1015.1  29.2  29.7  26.4   MM +0.7    MM
2026 09 26 02 50  80  6.0  7.0   0.9     5   4.2 129 1015.1  29.2  29.7  26.3   MM   MM    MM
2026 09 26 02 40  80  6.0  7.0    MM    MM    MM  MM 1015.0  29.2  29.7  26.3   MM   MM    MM
2026 09 26 02 30  70  7.0  8.0    MM    MM    MM  MM 1015.0  29.2  29.7  26.3   MM   MM    MM
2026 09 26 02 20  70  7.0  8.0   0.9     4   4.1  95 1015.1  29.2  29.8  26.6   MM   MM    MM
2026 09 26 02 10  80  6.0  8.0   0.9    MM   4.1  95 1015.1  29.3  29.7  26.7   MM   MM    MM
2026 09 26 02 00  80  7.0  8.0    MM    MM    MM  MM 1015.1  29.2  29.8  26.7   MM +1.4    MM
2026 09 26 01 50  80  7.0  8.0   0.8     6   4.2 128 1014.9  29.2  29.8  26.9   MM   MM    MM
2026 09 26 01 40  70  7.0  8.0   0.8    MM   4.2 128 1014.9  29.2  29.8  26.9   MM   MM    MM
2026 09 26 01 30  70  7.0  8.0    MM    MM    MM  MM 1015.0  29.2  29.8  26.8   MM   MM    MM
2026 09 26 01 20  70  7.0  8.0   0.8     7   4.3 123 1014.9  29.2  29.8  26.7   MM   MM    MM
2026 09 26 01 10  70  7.0  8.0   0.8    MM   4.3 123 1014.8  29.3  29.8  26.7   MM   MM    MM
2026 09 26 01 00  70  7.0  8.0    MM    MM    MM  MM 1014.8  29.2  29.8  26.5   MM +1.6    MM
2026 09 26 00 50  70  6.0  7.0   0.8     6   4.4 132 1014.8  29.2  29.8  26.6   MM   MM    MM
2026 09 26 00 40  70  6.0  7.0   0.8    MM   4.4 132 1014.6  29.2  29.8  26.7   MM   MM    MM
2026 09 26 00 30  70  6.0  7.0    MM    MM    MM  MM 1014.5  29.3  29.8  26.6   MM   MM    MM
2026 09 26 00 20  60  6.0  7.0   0.8     6   4.4 127 1014.5  29.2  29.8  26.5   MM   MM    MM
2026 09 26 00 10  60  6.0  7.0   0.8    MM   4.4 127 1014.4  29.3  29.8  26.6   MM   MM    MM
2026 09 26 00 00  60  5.0  6.0    MM    MM    MM  MM 1014.3  29.3    MM  26.5   MM +1.6    MM
2026 09 25 23 50  60  5.0  6.0   0.8     6   4.7 122 1014.2  29.4  29.8  26.4   MM   MM    MM
2026 09 25 23 40  60  5.0  6.0    MM    MM    MM  MM 1014.1  29.4  29.8  26.4   MM   MM    MM
2026 09 25 23 20  60  5.0  6.0   0.7     7   4.7 122 1013.8  29.3  29.8  26.5   MM   MM    MM
2026 09 25 23 10  60  5.0  6.0   0.7    MM   4.7 122 1013.7  29.3  29.9  26.4   MM   MM    MM
2026 09 25 23 00  60  4.0  5.0    MM    MM    MM  MM 1013.6  29.3  29.9  26.5   MM +1.1    MM
2026 09 25 22 50  60  4.0  5.0   0.8     5   4.8 136 1013.4  29.2  29.9  26.3   MM   MM    MM
2026 09 25 22 40  60  4.0  5.0    MM    MM    MM  MM 1013.4  29.2  29.9  26.3   MM   MM    MM
2026 09 25 22 30  60  4.0  5.0    MM    MM    MM  MM 1013.3  29.2  29.9  26.2   MM   MM    MM
2026 09 25 22 20  70  4.0  5.0   0.8     5   4.8 133 1013.2  29.2  29.9  26.4   MM   MM    MM
2026 09 25 22 10  70  3.0  5.0   0.8    MM   4.8 133 1013.2  29.2  29.9  26.3   MM   MM    MM
2026 09 25 22 00  70  3.0  4.0    MM    MM    MM  MM 1013.1  29.2  29.9  26.2   MM +0.4    MM
2026 09 25 21 50  70  3.0  4.0   0.8     5   4.7 142 1013.0  29.2  29.9  26.2   MM   MM    MM
2026 09 25 21 40  70  3.0  4.0   0.8    MM   4.7 142 1012.9  29.3  29.9  26.1   MM   MM    MM
2026 09 25 21 30  70  3.0  4.0    MM    MM    MM  MM 1012.9  29.3  29.9  26.1   MM   MM    MM
2026 09 25 21 20  50  3.0  4.0   0.8    MM   4.8 136 1012.9    MM  29.9    MM   MM   MM    MM
2026 09 25 21 10  70  2.0  3.0   0.8    MM   4.8 136 1012.8  29.5  29.9  25.8   MM   MM    MM
2026 09 25 21 00  70  2.0  3.0    MM    MM    MM  MM 1012.7  29.4  29.9  25.8   MM +0.0    MM
2026 09 25 20 50  70  2.0  3.0   0.8     5   4.8 139 1012.6  29.5  29.9  25.9   MM   MM    MM
2026 09 25 20 40  50  2.0  3.0    MM    MM    MM  MM 1012.6  29.5  29.9  25.9   MM   MM    MM
2026 09 25 20 30  70  2.0  3.0    MM    MM    MM  MM 1012.6  29.3  29.9  25.7   MM   MM    MM
2026 09 25 20 20  80  3.0  4.0   0.8     6   4.7 142 1012.6  29.3  29.9  25.8   MM   MM    MM
2026 09 25 20 10 100  3.0  4.0   0.8    MM   4.7 142 1012.5  29.4  29.9  25.8   MM   MM    MM
2026 09 25 20 00  90  3.0  5.0    MM    MM    MM  MM 1012.6  29.3  29.9  25.6   MM -1.0    MM
2026 09 25 19 50 100  4.0  5.0   0.8     6   4.6 138 1012.6  29.4  29.9  25.5   MM   MM    MM
2026 09 25 19 40 110  4.0  5.0    MM    MM    MM  MM 1012.6  29.4  29.9  25.6   MM   MM    MM
2026 09 25 19 30 100  4.0  5.0    MM    MM    MM  MM 1012.6  29.4  29.9  25.5   MM   MM    MM
2026 09 25 19 20 110  4.0  5.0   0.8     5   4.6 145 1012.6  29.4  29.9  25.4   MM   MM    MM
2026 09 25 19 10 110  4.0  5.0   0.8    MM   4.6 145 1012.8  29.4  29.9  25.6   MM   MM    MM
2026 09 25 19 00 110  4.0  5.0    MM    MM    MM  MM 1012.8  29.4  29.9  25.7   MM -1.8    MM
2026 09 25 18 50 110  4.0  5.0   0.7     5   4.4 136 1012.9  29.4  29.9  25.7   MM   MM    MM
2026 09 25 18 40 100  5.0  6.0   0.7    MM   4.4 136 1012.9  29.3  29.9  25.6   MM   MM    MM
2026 09 25 18 30 100  5.0  6.0    MM    MM    MM  MM 1012.9  29.3  29.9  25.7   MM   MM    MM
2026 09 25 18 20 100  5.0  6.0   0.8     6   4.5 140 1012.9  29.3  29.9  25.8   MM   MM    MM
2026 09 25 18 10  90  5.0  6.0   0.8    MM   4.5 140 1012.9  29.3  29.9  25.8   MM   MM    MM
2026 09 25 18 00  90  5.0  6.0    MM    MM    MM  MM 1012.9  29.3  29.9  25.9   MM -2.7    MM
2026 09 25 17 50  90  5.0  6.0   0.8     5   4.4 143 1013.0  29.3    MM  26.1   MM   MM    MM
2026 09 25 17 40  90  5.0  6.0    MM    MM    MM  MM 1013.1  29.3  29.9  26.0   MM   MM    MM
2026 09 25 17 30  90  5.0  6.0   0.8    MM   4.4 143 1013.2  29.2  29.9  25.9   MM   MM    MM
2026 09 25 17 20  80  5.0  6.0   0.8     6   4.5 139 1013.2  29.3  29.9  25.8   MM   MM    MM
2026 09 25 17 10  90  5.0  7.0   0.8    MM   4.5 139 1013.4  29.2  29.9  25.8   MM   MM    MM
2026 09 25 17 00  80  5.0  6.0    MM    MM    MM  MM 1013.5  29.3  29.9  25.9   MM -2.0    MM
2026 09 25 16 50  80  5.0  6.0   0.8     5   4.2 134 1013.7  29.3  29.9  25.8   MM   MM    MM
2026 09 25 16 40  80  5.0  6.0    MM    MM    MM  MM 1013.9  29.3  29.9  25.5   MM   MM    MM
2026 09 25 16 30  80  5.0  6.0    MM    MM    MM  MM 1014.0  29.3  29.8  25.7   MM   MM    MM
2026 09 25 16 20  80  5.0  7.0   0.8     6   4.3 131 1014.2  29.3  29.8  25.9   MM   MM    MM
2026 09 25 16 10  80  5.0  6.0   0.8    MM   4.3 131 1014.4  29.3  29.8  26.0   MM   MM    MM
2026 09 25 16 00  80  5.0  7.0    MM    MM    MM  MM 1014.6  29.2  29.8  26.0   MM -1.0    MM
2026 09 25 15 50  90  6.0  7.0   0.8     5   4.3 139 1014.8  29.3  29.8  25.8   MM   MM    MM
2026 09 25 15 40  80  6.0  7.0    MM    MM    MM  MM 1015.0  29.2  29.8  25.9   MM   MM    MM
2026 09 25 15 30  80  6.0  7.0    MM    MM    MM  MM 1015.1  29.2  29.8  26.0   MM   MM    MM
2026 09 25 15 20  80  6.0  7.0   0.9     5   4.4 140 1015.2  29.2  29.8  26.0   MM   MM    MM
2026 09 25 15 10  70  6.0  7.0   0.9    MM   4.4 140 1015.4  29.2  29.8  25.9   MM   MM    MM
2026 09 25 15 00  90  5.0  7.0    MM    MM    MM  MM 1015.6  29.2  29.8  26.1   MM +0.4    MM
2026 09 25 14 50  80  6.0  7.0   0.8     6   4.3 149 1015.7  29.2  29.8  25.9   MM   MM    MM
2026 09 25 14 40  70  6.0  7.0   0.8    MM   4.3 149 1015.7  29.2  29.7  25.9   MM   MM    MM
2026 09 25 14 30  70  6.0  7.0    MM    MM    MM  MM 1015.6  29.3  29.7  26.0   MM   MM    MM
2026 09 25 14 20  80  6.0  7.0   0.8    MM   4.3 152 1015.7    MM  29.7    MM   MM   MM    MM
2026 09 25 14 10  80  6.0  7.0   0.8    MM   4.3 152 1015.7  29.3  29.7  25.9   MM   MM    MM
2026 09 25 14 00  70  6.0  7.0    MM    MM    MM  MM 1015.5  29.2  29.7  26.3   MM +1.3    MM
2026 09 25 13 50  70  6.0  7.0   0.8     7   4.3 129 1015.5  29.2    MM  26.1   MM   MM    MM
2026 09 25 13 40  70  6.0  7.0   0.8    MM   4.3 129 1015.6  29.2  29.7  26.3   MM   MM    MM
2026 09 25 13 30  60  6.0  7.0    MM    MM    MM  MM 1015.6  29.2  29.7  26.1   MM   MM    MM
2026 09 25 13 20  60  6.0  7.0   0.8     6   4.2 138 1015.6  29.2  29.7  26.1   MM   MM    MM
2026 09 25 13 10  70  6.0  7.0   0.8    MM   4.2 138 1015.6  29.3  29.7  25.9   MM   MM    MM
2026 09 25 13 00  70  5.0  7.0    MM    MM    MM  MM 1015.6  29.3  29.7  25.9   MM +1.7    MM
2026 09 25 12 50  70  6.0  7.0   0.8     6   4.3 134 1015.5  29.3  29.7  25.7   MM   MM    MM
2026 09 25 12 40  70  6.0  7.0   0.8    MM   4.3 134 1015.4  29.3  29.7  25.7   MM   MM    MM
2026 09 25 12 30  70  6.0  7.0    MM    MM    MM  MM 1015.3  29.3  29.7  25.4   MM   MM    MM
2026 09 25 12 20  70  6.0  7.0   0.8     5   4.3 134 1015.2  29.3  29.7  25.6   MM   MM    MM
2026 09 25 12 10  70  6.0  7.0   0.8    MM   4.3 134 1015.2  29.2  29.7  25.7   MM   MM    MM
2026 09 25 12 00  80  6.0  7.0    MM    MM    MM  MM 1015.2  29.2  29.7  25.8   MM +1.8    MM
2026 09 25 11 50  70  6.0  7.0   0.8     6   4.3 143 1015.1  29.2  29.7  26.0   MM   MM    MM
2026 09 25 11 40  80  6.0  7.0    MM    MM    MM  MM 1015.0  29.2  29.7  26.0   MM   MM    MM
2026 09 25 11 30  70  5.0  7.0    MM    MM    MM  MM 1014.9  29.1  29.7  26.0   MM   MM    MM
2026 09 25 11 20  80  5.0  6.0   0.8     6   4.3 139 1014.6  29.0  29.7  26.1   MM   MM    MM
2026 09 25 11 10  70  6.0  7.0   0.8    MM   4.3 139 1014.4  28.9  29.7  26.1   MM   MM    MM
2026 09 25 11 00  70  6.0  7.0    MM    MM    MM  MM 1014.3  28.9  29.7  26.0   MM +1.2    MM
2026 09 25 10 50  60  6.0  7.0   0.8     5   4.2 132 1014.1  28.9  29.7  26.2   MM   MM    MM
2026 09 25 10 40  70  6.0  7.0   0.8    MM   4.2 132 1014.1  28.9  29.7  26.0   MM   MM    MM
2026 09 25 10 30  70  6.0  8.0    MM    MM    MM  MM 1014.0  28.9  29.7  25.9   MM   MM    MM
2026 09 25 10 20  70  6.0  7.0   0.9     5   4.3 133 1014.0  28.8  29.7  25.9   MM   MM    MM
2026 09 25 10 10  70  6.0  7.0   0.9    MM   4.3 133 1013.9  28.9  29.7  25.9   MM   MM    MM
2026 09 25 10 00  70  6.0  8.0    MM    MM    MM  MM 1013.9  28.8  29.7  26.0   MM +0.9    MM
2026 09 25 09 50  70  5.0  6.0   0.9     5   4.3 106 1013.7  28.9  29.7  26.0   MM   MM    MM
2026 09 25 09 40  70  5.0  6.0    MM    MM    MM  MM 1013.6  28.9  29.7  26.0   MM   MM    MM
2026 09 25 09 30  70  5.0  7.0    MM    MM    MM  MM 1013.5  28.9  29.7  25.8   MM   MM    MM
2026 09 25 09 20  70  5.0  7.0   0.8     4   4.5  90 1013.4  28.9  29.7  25.9   MM   MM    MM
2026 09 25 09 10  70  6.0  7.0    MM    MM    MM  MM 1013.4  28.9  29.7  26.1   MM   MM    MM
2026 09 25 09 00  70  5.0  6.0    MM    MM    MM  MM 1013.4  28.9  29.7  26.0   MM -0.0    MM
2026 09 25 08 50  70  5.0  6.0   0.8     5   4.5 120 1013.4  28.8  29.7  25.9   MM   MM    MM
2026 09 25 08 40  70  5.0  6.0    MM    MM    MM  MM 1013.2  28.8  29.7  25.9   MM   MM    MM
2026 09 25 08 30  70  5.0  6.0    MM    MM    MM  MM 1013.2  28.8  29.7  26.1   MM   MM    MM
2026 09 25 08 20  60  5.0  6.0   0.8     6   4.5 139 1013.2  28.8  29.7  26.2   MM   MM    MM
2026 09 25 08 10  70  4.0  6.0    MM    MM    MM  MM 1013.1  28.9  29.7  26.0   MM   MM    MM
2026 09 25 08 00  80  4.0  5.0    MM    MM    MM  MM 1013.1  28.9  29.7  25.6   MM -0.7    MM
2026 09 25 07 50  80  4.0  6.0   0.8    MM   4.3  89 1012.9  28.9    MM  25.8   MM   MM    MM
2026 09 25 07 40  MM   MM   MM   0.8     4    MM  MM     MM    MM  29.7    MM   MM   MM    MM
2026 09 25 07 30 100  5.0  6.0    MM    MM    MM  MM 1012.8  29.0  29.7  25.4   MM   MM    MM
2026 09 25 07 20 100  5.0  6.0   0.8     5   4.3 124 1012.9  29.1    MM  25.4   MM   MM    MM
2026 09 25 07 10 100  5.0  6.0   0.8    MM   4.3 124 1012.9  29.1  29.7  25.4   MM   MM    MM
2026 09 25 07 00 100  5.0  6.0    MM    MM    MM  MM 1012.9  29.1  29.7  25.3   MM -1.3    MM
2026 09 25 06 50 100  5.0  6.0   0.7     5   4.2 111 1012.9    MM  29.7    MM   MM   MM    MM
2026 09 25 06 40 100  5.0  6.0    MM    MM    MM  MM 1013.0  29.2  29.7  25.9   MM   MM    MM
2026 09 25 06 30 100  5.0  6.0    MM    MM    MM  MM 1013.0  29.2  29.7  26.0   MM   MM    MM
2026 09 25 06 20  90  5.0  6.0   0.7     5   4.1 143 1013.2  29.0  29.7  26.3   MM   MM    MM
2026 09 25 06 10  70  6.0  7.0   0.7    MM   4.1 143 1013.2  29.0  29.7  26.7   MM   MM    MM
2026 09 25 06 00  70  6.0  7.0    MM    MM    MM  MM 1013.3  29.0  29.7  26.6   MM -1.3    MM
2026 09 25 05 50  70  6.0  7.0   0.7     5   4.2 135 1013.4  29.0  29.7  26.5   MM   MM    MM
2026 09 25 05 40  80  6.0  7.0    MM    MM    MM  MM 1013.5  28.9  29.7  26.3   MM   MM    MM
2026 09 25 05 30  80  6.0  7.0    MM    MM    MM  MM 1013.7  29.0  29.7  26.4   MM   MM    MM
2026 09 25 05 20  80  7.0  8.0   0.7     5   4.4 136 1013.7  29.0  29.7  26.4   MM   MM    MM
2026 09 25 05 10  80  7.0  8.0   0.7    MM   4.4 136 1013.7  29.0  29.7  26.2   MM   MM    MM
2026 09 25 05 00  80  7.0  8.0    MM    MM    MM  MM 1013.7  29.0  29.8  26.1   MM -0.8    MM
2026 09 25 04 50  70  6.0  8.0   0.6     5   4.8 144 1013.8  29.1  29.8  26.3   MM   MM    MM
2026 09 25 04 40  70  6.0  7.0    MM    MM    MM  MM 1014.0  29.1  29.8  26.0   MM   MM    MM
2026 09 25 04 30  70  5.0  7.0    MM    MM    MM  MM 1014.1  29.1  29.8  26.1   MM   MM    MM
2026 09 25 04 20  60  4.0  5.0   0.6     5   4.7 148 1014.1  29.0  29.8  26.2   MM   MM    MM
2026 09 25 04 10  50  3.0  5.0   0.6    MM   4.7 148 1014.1  29.0  29.8  26.1   MM   MM    MM
2026 09 25 04 00  50  4.0  5.0    MM    MM    MM  MM 1014.2  29.0  29.8  26.0   MM +0.0    MM
2026 09 25 03 50  60  4.0  5.0   0.7     5   4.8 145 1014.3  29.0  29.8  25.9   MM   MM    MM
2026 09 25 03 40  50  4.0  5.0   0.7    MM   4.8 145 1014.3  29.0  29.8  25.9   MM   MM    MM
2026 09 25 03 30  60  4.0  5.0    MM    MM    MM  MM 1014.5  29.0  29.8  25.8   MM   MM    MM
2026 09 25 03 20  60  4.0  5.0   0.6     6   4.7 146 1014.4  29.1  29.8  25.7   MM   MM    MM
2026 09 25 03 10  60  4.0  5.0   0.6    MM   4.7 146 1014.4  29.1  29.8  25.6   MM   MM    MM
2026 09 25 03 00  70  4.0  5.0    MM    MM    MM  MM 1014.5  29.1  29.8  25.8   MM +1.0    MM
2026 09 25 02 50  70  4.0  5.0   0.6     7   4.7  42 1014.6  29.1  29.8  25.8   MM   MM    MM
2026 09 25 02 40  70  4.0  5.0   0.6    MM   4.7  42 1014.5  29.2  29.8  25.8   MM   MM    MM
2026 09 25 02 30  70  4.0  5.0    MM    MM    MM  MM 1014.5  29.1  29.8  25.7   MM   MM    MM
2026 09 25 02 20  80  4.0  5.0   0.7     5   4.7 134 1014.5  29.1  29.8  25.8   MM   MM    MM
2026 09 25 02 10  90  4.0  5.0   0.7    MM   4.7 134 1014.6  29.1  29.8  25.8   MM   MM    MM
2026 09 25 02 00  90  4.0  5.0    MM    MM    MM  MM 1014.5  29.1  29.8  25.9   MM +1.8    MM
2026 09 25 01 50  80  5.0  6.0   0.7     6   4.8 141 1014.5  29.1  29.8  25.8   MM   MM    MM
2026 09 25 01 40  80  5.0  6.0    MM    MM    MM  MM 1014.4  29.1  29.8  25.8   MM   MM    MM
2026 09 25 01 30  80  5.0  6.0    MM    MM    MM  MM 1014.4  29.1  29.8  25.9   MM   MM    MM
2026 09 25 01 20  90  4.0  5.0   0.7     6   4.7 143 1014.2  29.0  29.8  26.0   MM   MM    MM
2026 09 25 01 10  90  4.0  5.0   0.7    MM   4.7 143 1014.2  29.0  29.8  26.0   MM   MM    MM
2026 09 25 01 00  90  4.0  5.0    MM    MM    MM  MM 1014.1    MM  29.8    MM   MM +1.7    MM
2026 09 25 00 50  90  4.0  5.0   0.7     5   4.6 132 1014.0  29.0  29.8  25.8   MM   MM    MM
2026 09 25 00 40  80  4.0  4.0   0.7    MM   4.6 132 1013.9  29.0  29.8  25.9   MM   MM    MM
2026 09 25 00 30  70  4.0  5.0    MM    MM    MM  MM 1013.9  29.0  29.8  25.8   MM   MM    MM
2026 09 25 00 20  90  4.0  5.0   0.7     5   4.5 129 1013.8  29.0  29.8  25.8   MM   MM    MM
2026 09 25 00 10  80  4.0  4.0   0.7    MM   4.5 129 1013.7  29.0  29.9  25.8   MM   MM    MM
2026 09 25 00 00  80  4.0  4.0    MM    MM    MM  MM 1013.6  29.0  29.8  25.8   MM +1.2    MM
2026 09 24 23 50  80  4.0  5.0   0.7     6   4.5 132 1013.4  28.9  29.9  25.8   MM   MM    MM
2026 09 24 23 40  80  3.0  4.0   0.7    MM   4.5 132 1013.3  29.0  29.9  25.9   MM   MM    MM
2026 09 24 23 20  70  3.0  4.0   0.7     6   4.4 127 1013.1  29.0  29.9  25.7   MM   MM    MM
2026 09 24 23 10  70  3.0  3.0   0.7    MM   4.4 127 1012.8  29.1  29.9  25.4   MM   MM    MM
2026 09 24 23 00  80  3.0  3.0    MM    MM    MM  MM 1012.7  29.1  30.0  25.3   MM +0.4    MM
2026 09 24 22 50  80  3.0  4.0   0.8     6   4.5 131 1012.6  29.2  30.0  25.0   MM   MM    MM
2026 09 24 22 40  90  3.0  3.0   0.8    MM   4.5 131 1012.6  29.2  30.0  25.0   MM   MM    MM
2026 09 24 22 30  80  2.0  4.0    MM    MM    MM  MM 1012.5  29.2  30.0  25.2   MM   MM    MM
2026 09 24 22 20  80  2.0  3.0   0.8     5   4.5 134 1012.4    MM  30.0    MM   MM   MM    MM
2026 09 24 22 10  90  2.0  3.0    MM    MM    MM  MM 1012.4  29.2  30.0  25.4   MM   MM    MM
2026 09 24 22 00 100  3.0  3.0    MM    MM    MM  MM 1012.4  29.2  30.0  25.4   MM -0.0    MM
2026 09 24 21 50 100  3.0  3.0   0.8     6   4.6 131 1012.3  29.3  30.0  25.3   MM   MM    MM
2026 09 24 21 40 100  3.0  3.0   0.8    MM   4.6 131 1012.4  29.3  30.1  25.2   MM   MM    MM
2026 09 24 21 30 100  2.0  3.0    MM    MM    MM  MM 1012.3  29.4  30.1  25.2   MM   MM    MM
2026 09 24 21 20 110  2.0  3.0   0.8     5   4.5 134 1012.3  29.4  30.1  25.4   MM   MM    MM
2026 09 24 21 10 110  2.0  3.0   0.8    MM   4.5 134 1012.3  29.4  30.1  25.3   MM   MM    MM
2026 09 24 21 00 110  3.0  3.0    MM    MM    MM  MM 1012.3  29.4  30.1  25.2   MM -0.9    MM
2026 09 24 20 50 110  3.0  4.0   0.8     6   4.6 137 1012.3  29.4  30.1  25.4   MM   MM    MM
2026 09 24 20 40 110  3.0  4.0    MM    MM    MM  MM 1012.5  29.4  30.1  25.3   MM   MM    MM
2026 09 24 20 30 110  3.0  4.0    MM    MM    MM  MM 1012.5  29.4  30.1  25.1   MM   MM    MM
2026 09 24 20 20 100  3.0  4.0   0.8     5   4.5 139 1012.4  29.3  30.1  25.3   MM   MM    MM
2026 09 24 20 10  90  3.0  4.0    MM    MM    MM  MM 1012.3  29.2  30.1  25.5   MM   MM    MM
2026 09 24 20 00 110  3.0  4.0    MM    MM    MM  MM 1012.3  29.2  30.1  25.3   MM -1.7    MM
2026 09 24 19 50 100  3.0  4.0   0.8     5   4.5 131 1012.4    MM  30.1    MM   MM   MM    MM
2026 09 24 19 40 100  3.0  4.0    MM    MM    MM  MM 1012.4  29.3  30.1  25.0   MM   MM    MM
2026 09 24 19 30 100  3.0  4.0    MM    MM    MM  MM 1012.5  29.4  30.2  25.0   MM   MM    MM
2026 09 24 19 20 100  3.0  4.0   0.8     5   4.5 134 1012.6  29.4  30.2  24.9   MM   MM    MM
2026 09 24 19 10  90  3.0  4.0    MM    MM    MM  MM 1012.6  29.3  30.2  25.1   MM   MM    MM
2026 09 24 19 00  80  3.0  4.0    MM    MM    MM  MM 1012.6  29.3  30.2  25.5   MM -2.1    MM
2026 09 24 18 50 100  2.0  3.0   0.8     6   4.6 132 1012.6  29.3  30.2  25.3   MM   MM    MM
2026 09 24 18 40 100  2.0  3.0   0.8    MM   4.6 132 1012.8  29.3  30.2  25.3   MM   MM    MM
2026 09 24 18 30 110  2.0  3.0    MM    MM    MM  MM 1012.8  29.3  30.1  25.3   MM   MM    MM
2026 09 24 18 20 120  3.0  4.0   0.8     6   4.6 135 1013.0  29.3  30.2  25.2   MM   MM    MM
2026 09 24 18 10 130  3.0  3.0   0.8    MM   4.6 135 1013.2  29.3  30.2  25.2   MM   MM    MM
2026 09 24 18 00 120  2.0  4.0    MM    MM    MM  MM 1013.3  29.4  30.1  25.1   MM -1.9    MM
2026 09 24 17 50 120  3.0  4.0   0.8     5   4.5 122 1013.4  29.3  30.1  25.2   MM   MM    MM
2026 09 24 17 40 120  3.0  3.0   0.8    MM   4.5 122 1013.6  29.3  30.1  25.3   MM   MM    MM
2026 09 24 17 30 110  3.0  3.0    MM    MM    MM  MM 1013.7  29.3  30.0  25.4   MM   MM    MM
2026 09 24 17 20 120  3.0  4.0   0.8     5   4.6 137 1013.8  29.2  30.0  25.2   MM   MM    MM
2026 09 24 17 10 110  4.0  4.0   0.8    MM   4.6 137 1013.9  29.2  30.0  25.2   MM   MM    MM
2026 09 24 17 00 130  4.0  4.0    MM    MM    MM  MM 1014.0  29.3  30.0  25.3   MM -0.9    MM
2026 09 24 16 50 120  4.0  5.0   0.8     5   4.4 138 1014.2  29.2  30.0  25.2   MM   MM    MM
2026 09 24 16 40 110  4.0  5.0    MM    MM    MM  MM 1014.3  29.2  29.9  25.4   MM   MM    MM
2026 09 24 16 30 110  4.0  5.0    MM    MM    MM  MM 1014.6  29.2  29.9  25.4   MM   MM    MM
2026 09 24 16 20 110  4.0  5.0   0.8     5   4.5 133 1014.6  29.2  29.9  25.4   MM   MM    MM
2026 09 24 16 10 110  4.0  4.0   0.8    MM   4.5 133 1014.7  29.2  29.9  25.1   MM   MM    MM
2026 09 24 16 00 120  4.0  5.0    MM    MM    MM  MM 1014.8  29.2  29.8  25.1   MM +0.0    MM
2026 09 24 15 50 110  4.0  5.0   0.8     5   4.4 123 1014.9  29.2  29.8  25.2   MM   MM    MM
2026 09 24 15 40 110  5.0  6.0    MM    MM    MM  MM 1015.0  29.2  29.8  25.2   MM   MM    MM
2026 09 24 15 30 120  5.0  6.0    MM    MM    MM  MM 1015.0  29.2  29.8  25.4   MM   MM    MM
2026 09 24 15 20 120  5.0  6.0   0.8     5   4.3 133 1015.1  29.2  29.8  25.4   MM   MM    MM
2026 09 24 15 10 110  5.0  6.0   0.8    MM   4.3 133 1015.2  29.2  29.8  25.4   MM   MM    MM
2026 09 24 15 00 110  5.0  6.0    MM    MM    MM  MM 1015.2  29.2  29.7  25.2   MM +1.0    MM
2026 09 24 14 50 100  5.0  6.0   0.8     5   4.1 128 1015.2  29.2  29.7  25.4   MM   MM    MM
2026 09 24 14 40 100  5.0  6.0   0.8    MM   4.1 128 1015.2  29.2  29.7  25.5   MM   MM    MM
2026 09 24 14 30 100  5.0  6.0    MM    MM    MM  MM 1015.1  29.2  29.7  25.5   MM   MM    MM
2026 09 24 14 20 100  5.0  6.0   0.8     4   4.2 108 1015.1  29.2  29.7  25.5   MM   MM    MM
2026 09 24 14 10 110  6.0  7.0   0.8    MM   4.2 108 1015.1  29.1  29.7  25.4   MM   MM    MM
2026 09 24 14 00 100  6.0  7.0    MM    MM    MM  MM 1015.0  29.1  29.7  25.5   MM +1.7    MM
2026 09 24 13 50  90  6.0  7.0   0.8     6   4.4 130 1015.0  29.1  29.7  25.5   MM   MM    MM
2026 09 24 13 40 100  6.0  7.0   0.8    MM   4.4 130 1014.9  29.1  29.7  25.5   MM   MM    MM
2026 09 24 13 30 100  5.0  7.0    MM    MM    MM  MM 1015.0  29.1  29.7  25.4   MM   MM    MM
2026 09 24 13 20  90  5.0  6.0   0.9     5   4.3 131 1014.9    MM    MM    MM   MM   MM    MM
2026 09 24 13 10  90  5.0  6.0    MM    MM    MM  MM 1014.9  29.1  29.7  25.6   MM   MM    MM
2026 09 24 13 00  90  6.0  6.0    MM    MM    MM  MM 1014.8  29.1  29.6  25.7   MM +2.1    MM
2026 09 24 12 50  80  6.0  7.0   0.9     4   4.3 106 1014.7  29.2  29.6  25.8   MM   MM    MM
2026 09 24 12 40  90  6.0  7.0    MM    MM    MM  MM 1014.5  29.2  29.6  25.6   MM   MM    MM
2026 09 24 12 30  90  6.0  7.0    MM    MM    MM  MM 1014.5  29.2  29.6  25.6   MM   MM    MM
2026 09 24 12 20  90  6.0  7.0   0.9     5   4.3 120 1014.4  29.1  29.6  25.6   MM   MM    MM
2026 09 24 12 10  90  6.0  7.0   0.9    MM   4.3 120 1014.4  29.1  29.6  25.4   MM   MM    MM
2026 09 24 12 00  90  6.0  7.0    MM    MM    MM  MM 1014.3  29.2  29.6  25.4   MM +1.5    MM
2026 09 24 11 50  90  6.0  8.0   1.0     5   4.3 115 1014.0  29.2  29.6  25.3   MM   MM    MM
2026 09 24 11 40  90  6.0  7.0   1.0    MM   4.3 115 1013.9  29.2  29.6  25.2   MM   MM    MM
2026 09 24 11 30 100  6.0  7.0    MM    MM    MM  MM 1013.7  29.1  29.6  25.8   MM   MM    MM
2026 09 24 11 20 100  6.0  8.0   0.9     5   4.2 117 1013.7  29.1  29.6  25.8   MM   MM    MM
2026 09 24 11 10  90  6.0  7.0   0.9    MM   4.2 117 1013.6  29.1  29.6  25.7   MM   MM    MM
2026 09 24 11 00  90  7.0  8.0    MM    MM    MM  MM 1013.4  29.2  29.6  25.3   MM +0.9    MM
2026 09 24 10 50  80  7.0  8.0   1.0     5   4.3 118 1013.2  29.2  29.6  24.8   MM   MM    MM
2026 09 24 10 40  80  7.0  8.0   1.0    MM   4.3 118 1013.2  29.3  29.6  24.8   MM   MM    MM
2026 09 24 10 30  80  7.0  9.0    MM    MM    MM  MM 1013.1  29.2  29.6  24.8   MM   MM    MM
2026 09 24 10 20  70  7.0  9.0   1.0     5   4.3 124 1013.0  29.1  29.6  24.8   MM   MM    MM
2026 09 24 10 10  70  7.0  8.0   1.0    MM   4.3 124 1012.9  29.0  29.6  25.1   MM   MM    MM
2026 09 24 10 00  70  7.0  8.0    MM    MM    MM  MM 1012.7  29.1  29.6  25.1   MM +0.3    MM
2026 09 24 09 50  80  7.0  9.0   1.0     5   4.2 122 1012.6    MM  29.6    MM   MM   MM    MM
2026 09 24 09 40  70  7.0  9.0    MM    MM    MM  MM 1012.6  28.8    MM  25.6   MM   MM    MM
2026 09 24 09 30  70  7.0  8.0    MM    MM    MM  MM 1012.5  28.8  29.7  25.7   MM   MM    MM
2026 09 24 09 20  80  7.0  8.0   0.9     5   4.2 115 1012.6  28.8  29.7  25.6   MM   MM    MM
2026 09 24 09 10  80  7.0  8.0    MM    MM    MM  MM 1012.6  28.8  29.6  25.7   MM   MM    MM
2026 09 24 09 00  80  7.0  8.0    MM    MM    MM  MM 1012.6  28.7  29.6  25.9   MM -0.0    MM
2026 09 24 08 50  80  7.0  8.0   0.9     5   4.2 111 1012.6  28.8  29.6  25.9   MM   MM    MM
2026 09 24 08 40  70  7.0  8.0    MM    MM    MM  MM 1012.5  28.8  29.6  25.7   MM   MM    MM
2026 09 24 08 30  90  7.0  8.0    MM    MM    MM  MM 1012.5  28.8  29.6  26.0   MM   MM    MM
2026 09 24 08 20  90  7.0  8.0   0.9     5   4.1 115 1012.4  28.8  29.6  26.1   MM   MM    MM
2026 09 24 08 10  90  7.0  8.0    MM    MM    MM  MM 1012.3  28.8  29.6  25.9   MM   MM    MM
2026 09 24 08 00  80  7.0  8.0    MM    MM    MM  MM 1012.3  28.8  29.6  25.9   MM -1.3    MM
2026 09 24 07 50  70  7.0  8.0   0.9     5   4.3 123 1012.1  28.8  29.6  25.8   MM   MM    MM
2026 09 24 07 40  70  7.0  9.0    MM    MM    MM  MM 1012.2  28.7  29.6  25.8   MM   MM    MM
2026 09 24 07 30  70  7.0  8.0    MM    MM    MM  MM 1012.1  28.8  29.6  26.2   MM   MM    MM
2026 09 24 07 20  80  7.0  8.0   0.9     5   4.2 105 1012.2    MM  29.6    MM   MM   MM    MM
2026 09 24 07 10  80  7.0  8.0    MM    MM    MM  MM 1012.3  28.8  29.7  25.9   MM   MM    MM
2026 09 24 07 00  80  7.0  8.0    MM    MM    MM  MM 1012.4    MM  29.6    MM   MM -1.8    MM
2026 09 24 06 50  80  7.0  8.0   0.9     5   4.3 112 1012.6    MM  29.7    MM   MM   MM    MM
2026 09 24 06 40  70  7.0  8.0    MM    MM    MM  MM 1012.6  28.9  29.6  26.0   MM   MM    MM
2026 09 24 06 30  70  7.0  8.0    MM    MM    MM  MM 1012.7  28.9  29.7  26.0   MM   MM    MM
2026 09 24 06 20  70  7.0  8.0   0.9     5   4.1 111 1012.6  28.8  29.7  26.1   MM   MM    MM
2026 09 24 06 10  80  7.0  8.0    MM    MM    MM  MM 1012.8  28.8  29.7  25.9   MM   MM    MM
2026 09 24 06 00  80  7.0  8.0    MM    MM    MM  MM 1012.9  28.8  29.6  26.2   MM -1.6    MM
2026 09 24 05 50  70  7.0  8.0   0.8     5   4.1 110 1013.0    MM  29.7    MM   MM   MM    MM
2026 09 24 05 40  70  7.0  8.0    MM    MM    MM  MM 1013.1  29.0  29.7  26.2   MM   MM    MM
2026 09 24 05 30  70  7.0  8.0    MM    MM    MM  MM 1013.2  28.9  29.6  25.9   MM   MM    MM
2026 09 24 05 20  70  7.0  8.0   0.9     4   4.2 110 1013.3  29.0  29.6  25.8   MM   MM    MM
2026 09 24 05 10  70  7.0  8.0   0.9    MM   4.2 110 1013.4  29.1  29.7  25.5   MM   MM    MM
2026 09 24 05 00  70  7.0  8.0    MM    MM    MM  MM 1013.7  29.1  29.7  25.4   MM -0.9    MM
2026 09 24 04 50  70  7.0  8.0   0.8     5   4.1 132 1013.7  29.1  29.7  25.8   MM   MM    MM
2026 09 24 04 40  60  6.0  7.0    MM    MM    MM  MM 1013.8  29.1  29.7  26.1   MM   MM    MM
2026 09 24 04 30  70  6.0  7.0    MM    MM    MM  MM 1014.0  29.1  29.7  26.3   MM   MM    MM
2026 09 24 04 20  70  6.0  7.0   0.8     5   4.0 130 1014.2  29.1  29.7  26.4   MM   MM    MM
2026 09 24 04 10  70  6.0  7.0   0.8    MM   4.0 130 1014.1  29.1  29.7  26.3   MM   MM    MM
2026 09 24 04 00  70  6.0  8.0    MM    MM    MM  MM 1014.2  29.1  29.7  26.3   MM -0.3    MM
2026 09 24 03 50  70  7.0  8.0   0.7     6   4.1 126 1014.1  29.0  29.7  26.2   MM   MM    MM
2026 09 24 03 40  70  7.0  8.0    MM    MM    MM  MM 1014.2  29.1  29.7  26.6   MM   MM    MM
2026 09 24 03 30  80  7.0  8.0    MM    MM    MM  MM 1014.3  29.1  29.7  26.2   MM   MM    MM
2026 09 24 03 20  90  7.0  8.0   0.7     5   4.2 125 1014.3  29.2  29.7  26.2   MM   MM    MM
2026 09 24 03 10  80  7.0  9.0   0.7    MM   4.2 125 1014.3  29.1  29.7  26.3   MM   MM    MM
2026 09 24 03 00  90  7.0  8.0    MM    MM    MM  MM 1014.4  29.1  29.7  26.6   MM +0.4    MM
2026 09 24 02 50  80  7.0  8.0   0.7     6   4.3 132 1014.4  29.1  29.7  26.6   MM   MM    MM
2026 09 24 02 40  70  6.0  7.0   0.7    MM   4.3 132 1014.5  29.1  29.7  26.6   MM   MM    MM
2026 09 24 02 30  70  6.0  7.0    MM    MM    MM  MM 1014.4  29.1  29.7  26.4   MM   MM    MM
2026 09 24 02 20  70  6.0  7.0   0.7     5   4.3 144 1014.5  29.2  29.7  26.0   MM   MM    MM
2026 09 24 02 10  60  6.0  7.0   0.7    MM   4.3 144 1014.5  29.2  29.7  26.1   MM   MM    MM
2026 09 24 02 00  60  6.0  8.0    MM    MM    MM  MM 1014.5  29.2  29.7  26.5   MM +1.4    MM
2026 09 24 01 50  60  5.0  7.0   0.7     5   4.5 141 1014.6  29.2  29.7  26.6   MM   MM    MM
2026 09 24 01 40  60  5.0  6.0    MM    MM    MM  MM 1014.5  29.2  29.7  26.1   MM   MM    MM
2026 09 24 01 30  60  5.0  6.0    MM    MM    MM  MM 1014.5  29.2  29.7  26.1   MM   MM    MM
2026 09 24 01 20  60  5.0  6.0   0.8     6   4.6 118 1014.5  29.2  29.7  26.2   MM   MM    MM
2026 09 24 01 10  60  4.0  5.0   0.8    MM   4.6 118 1014.5  29.2  29.7  26.3   MM   MM    MM
2026 09 24 01 00  50  4.0  5.0    MM    MM    MM  MM 1014.5  29.3  29.7  26.2   MM +1.7    MM
2026 09 24 00 50  50  5.0  6.0   0.7     5   4.4 142 1014.5  29.4  29.7  25.8   MM   MM    MM
2026 09 24 00 40  50  5.0  6.0    MM    MM    MM  MM 1014.3  29.3  29.7  25.9   MM   MM    MM
2026 09 24 00 30  50  5.0  6.0    MM    MM    MM  MM 1014.2  29.3  29.7  26.2   MM   MM    MM
2026 09 24 00 20  50  5.0  6.0   0.8     5   4.4 135 1014.2  29.3  29.7  26.3   MM   MM    MM
2026 09 24 00 10  70  4.0  5.0   0.8    MM   4.4 135 1014.0  29.3  29.7  26.0   MM   MM    MM
2026 09 24 00 00  80  4.0  5.0    MM    MM    MM  MM 1014.0  29.4  29.8  25.9   MM +1.4    MM
2026 09 23 23 50  70  4.0  5.0   0.8     5   4.4 133 1013.8  29.3  29.8  25.8   MM   MM    MM
2026 09 23 23 40  60  4.0  5.0   0.8    MM   4.4 133 1013.9  29.4  29.8  25.9   MM   MM    MM
2026 09 23 23 20  70  4.0  5.0   0.8     5   4.4 134 1013.6  29.3  29.8  25.8   MM   MM    MM
2026 09 23 23 10  80  4.0  5.0   0.8    MM   4.4 134 1013.3  29.3  29.8  25.8   MM   MM    MM
2026 09 23 23 00  80  5.0  5.0    MM    MM    MM  MM 1013.2  29.3  29.8  25.7   MM +0.6    MM
2026 09 23 22 50  80  5.0  6.0   0.7     5   4.3 133 1013.1  29.3  29.8  25.8   MM   MM    MM
2026 09 23 22 40  90  5.0  5.0    MM    MM    MM  MM 1013.0  29.2  29.9  25.9   MM   MM    MM
2026 09 23 22 30  90  5.0  6.0    MM    MM    MM  MM 1012.9  29.3  29.9  25.9   MM   MM    MM
2026 09 23 22 20  90  5.0  6.0   0.8     5   4.4 133 1012.9  29.3  29.9  25.8   MM   MM    MM
2026 09 23 22 10  90  4.0  5.0   0.8    MM   4.4 133 1012.8  29.3  29.9  25.9   MM   MM    MM
2026 09 23 22 00 100  5.0  6.0    MM    MM    MM  MM 1012.8  29.3  29.9  25.8   MM -0.0    MM
2026 09 23 21 50 100  5.0  6.0   0.8     5   4.3 130 1012.8  29.4    MM  25.9   MM   MM    MM
2026 09 23 21 40 100  5.0  6.0   0.8    MM   4.3 130 1012.8  29.4  29.9  25.7   MM   MM    MM
2026 09 23 21 30 100  5.0  6.0    MM    MM    MM  MM 1012.7  29.4  29.9  25.6   MM   MM    MM
2026 09 23 21 20 100  5.0  6.0   0.8     4   4.3 131 1012.6    MM  29.9    MM   MM   MM    MM
2026 09 23 21 10 100  5.0  6.0    MM    MM    MM  MM 1012.6  29.5  29.9  25.5   MM   MM    MM
2026 09 23 21 00  90  5.0  6.0    MM    MM    MM  MM 1012.6  29.4  29.9  25.4   MM -0.6    MM
2026 09 23 20 50 100  4.0  5.0   0.8     4   4.3 131 1012.6  29.5  30.0  25.8   MM   MM    MM
2026 09 23 20 40 100  4.0  5.0   0.8    MM   4.3 131 1012.6  29.5  30.0  25.6   MM   MM    MM
2026 09 23 20 30 110  4.0  5.0    MM    MM    MM  MM 1012.6  29.5  29.9  25.8   MM   MM    MM
2026 09 23 20 20 110  5.0  5.0   0.8     5   4.2 134 1012.5  29.5  30.0  25.6   MM   MM    MM
2026 09 23 20 10 110  5.0  6.0   0.8    MM   4.2 134 1012.6  29.5  30.0  25.6   MM   MM    MM
2026 09 23 20 00 110  5.0  6.0    MM    MM    MM  MM 1012.6  29.5  30.0  25.7   MM -1.2    MM
2026 09 23 19 50 110  4.0  6.0   0.8     4   4.2 114 1012.7  29.6  30.0  25.6   MM   MM    MM
2026 09 23 19 40 110  4.0  5.0    MM    MM    MM  MM 1012.7  29.6  30.0  25.3   MM   MM    MM
2026 09 23 19 30 110  4.0  6.0   0.8    MM   4.2 114 1012.6  29.5  30.0  25.6   MM   MM    MM
2026 09 23 19 20 110  5.0  6.0   0.8     5   4.2 131 1012.7    MM  30.0    MM   MM   MM    MM
2026 09 23 19 10 110  5.0  6.0    MM    MM    MM  MM 1012.9  29.5  30.0  25.8   MM   MM    MM
2026 09 23 19 00 100  5.0  6.0    MM    MM    MM  MM 1012.9  29.4  30.0  25.7   MM -1.5    MM
2026 09 23 18 50 100  5.0  6.0   0.8     5   4.2 107 1013.0  29.5  30.0  25.8   MM   MM    MM
2026 09 23 18 40 110  6.0  7.0   0.8    MM   4.2 107 1013.1  29.6  30.0  25.6   MM   MM    MM
2026 09 23 18 30 110  5.0  6.0    MM    MM    MM  MM 1013.2  29.6  30.0  25.5   MM   MM    MM
2026 09 23 18 20 100  5.0  6.0   0.8     5   4.2 137 1013.3  29.6  30.0  25.7   MM   MM    MM
2026 09 23 18 10 110  5.0  6.0   0.8    MM   4.2 137 1013.3  29.5  30.0  25.7   MM   MM    MM
2026 09 23 18 00  90  4.0  7.0    MM    MM    MM  MM 1013.3  29.4  30.0  26.3   MM -1.8    MM
2026 09 23 17 50  80  4.0  5.0   0.8     5   4.2 126 1013.3    MM  30.0    MM   MM   MM    MM
2026 09 23 17 40  80  5.0  6.0    MM    MM    MM  MM 1013.4  29.4  30.0  26.2   MM   MM    MM
2026 09 23 17 30  90  4.0  5.0    MM    MM    MM  MM 1013.4  29.4  29.9  26.2   MM   MM    MM
2026 09 23 17 20  90  5.0  6.0   0.8     5   4.3  96 1013.4  29.4  30.0  26.3   MM   MM    MM
2026 09 23 17 10  90  5.0  6.0   0.8    MM   4.3  96 1013.6  29.4  29.9  26.4   MM   MM    MM
2026 09 23 17 00  90  4.0  6.0    MM    MM    MM  MM 1013.7  29.4  29.9  26.5   MM -1.5    MM
2026 09 23 16 50  80  4.0  5.0    MM    MM    MM  MM 1013.9  29.4  29.9  26.3   MM   MM    MM
2026 09 23 16 40  80  4.0  5.0    MM    MM    MM  MM 1014.0  29.4  29.9  26.3   MM   MM    MM
2026 09 23 16 30  80  3.0  4.0    MM    MM    MM  MM 1014.3  29.4  29.9  26.4   MM   MM    MM
2026 09 23 16 20  90  4.0  5.0   0.9     5   4.2  98 1014.3    MM  29.9    MM   MM   MM    MM
2026 09 23 16 10  90  4.0  5.0    MM    MM    MM  MM 1014.3  29.4  29.8  26.4   MM   MM    MM
2026 09 23 16 00 100  4.0  5.0    MM    MM    MM  MM 1014.5  29.4  29.8  26.4   MM -0.5    MM
2026 09 23 15 50 100  5.0  6.0   0.9     6   4.2 110 1014.6  29.4  29.8  26.4   MM   MM    MM
2026 09 23 15 40 100  5.0  6.0   0.9    MM   4.2 110 1014.7  29.4  29.8  26.3   MM   MM    MM
2026 09 23 15 30 110  5.0  6.0    MM    MM    MM  MM 1014.8  29.4  29.8  26.2   MM   MM    MM
2026 09 23 15 20 100  5.0  6.0   0.9     6   4.4 120 1014.9  29.5  29.8  26.2   MM   MM    MM
2026 09 23 15 10 100  5.0  6.0   0.9    MM   4.4 120 1015.0  29.4  29.7  26.0   MM   MM    MM
2026 09 23 15 00 100  5.0  6.0    MM    MM    MM  MM 1015.1  29.4  29.7  26.2   MM +0.6    MM
2026 09 23 14 50 100  5.0  6.0   0.9     5   4.3 111 1014.9  29.4  29.7  26.5   MM   MM    MM
2026 09 23 14 40 110  5.0  6.0   0.9    MM   4.3 111 1015.0  29.3  29.7  26.3   MM   MM    MM
2026 09 23 14 30 100  5.0  6.0    MM    MM    MM  MM 1015.1  29.3  29.7  26.3   MM   MM    MM
2026 09 23 14 20 110  5.0  6.0   0.9     5   4.4 107 1015.1  29.3  29.7  26.3   MM   MM    MM
2026 09 23 14 10 110  5.0  6.0   0.9    MM   4.4 107 1015.3  29.3  29.7  26.3   MM   MM    MM
2026 09 23 14 00 100  5.0  6.0    MM    MM    MM  MM 1015.3  29.3  29.7  26.4   MM +1.7    MM
2026 09 23 13 50 100  5.0  6.0   1.0     6   4.4 123 1015.3  29.2  29.7  26.5   MM   MM    MM
2026 09 23 13 40  90  5.0  6.0    MM    MM    MM  MM 1015.2  29.2  29.7  26.7   MM   MM    MM
2026 09 23 13 30 100  5.0  6.0   1.0    MM   4.4 123 1015.1  29.2  29.6  26.7   MM   MM    MM
2026 09 23 13 20  90  5.0  6.0   0.9     5   4.3 111 1015.1  29.2    MM  26.6   MM   MM    MM
2026 09 23 13 10  80  6.0  6.0   0.9    MM   4.3 111 1015.0  29.2  29.6  26.6   MM   MM    MM
2026 09 23 13 00  80  6.0  7.0    MM    MM    MM  MM 1015.0  29.1    MM  26.5   MM +1.7    MM
2026 09 23 12 50  80  6.0  7.0   1.0     5   4.4 113 1015.0  29.2  29.6  26.7   MM   MM    MM
2026 09 23 12 40  80  5.0  6.0    MM    MM    MM  MM 1015.0    MM    MM    MM   MM   MM    MM
2026 09 23 12 30  90  5.0  6.0    MM    MM    MM  MM 1014.8  29.2  29.6  26.5   MM   MM    MM
2026 09 23 12 20  80  6.0  7.0   1.0     5   4.2 115 1014.7  29.2  29.6  26.4   MM   MM    MM
2026 09 23 12 10  70  6.0  7.0   1.0    MM   4.2 115 1014.5  29.0  29.6  26.3   MM   MM    MM
2026 09 23 12 00  70  6.0  7.0    MM    MM    MM  MM 1014.5  29.0  29.6  26.9   MM +1.6    MM
2026 09 23 11 50  90  6.0  7.0   1.0     5   4.3 105 1014.4  29.1  29.6  26.5   MM   MM    MM
2026 09 23 11 40  90  6.0  7.0   1.0    MM   4.3 105 1014.2  29.2  29.6  26.6   MM   MM    MM
2026 09 23 11 30  90  6.0  8.0    MM    MM    MM  MM 1014.0  29.4  29.6  26.6   MM   MM    MM
2026 09 23 11 20 100  6.0  7.0   1.0     5   4.3 122 1013.9  29.3  29.6  26.4   MM   MM    MM
2026 09 23 11 10 110  6.0  8.0   1.0    MM   4.3 122 1014.0  29.3  29.6  26.4   MM   MM    MM
2026 09 23 11 00 110  6.0  7.0    MM    MM    MM  MM 1013.7  29.2  29.6  26.3   MM +1.0    MM
2026 09 23 10 50 110  6.0  8.0   1.0     5   4.3 100 1013.6  29.1  29.6  26.3   MM   MM    MM
2026 09 23 10 40 110  6.0  7.0   1.0    MM   4.3 100 1013.4  29.1  29.6  26.1   MM   MM    MM
2026 09 23 10 30 100  6.0  8.0    MM    MM    MM  MM 1013.4  28.9  29.6  26.1   MM   MM    MM
2026 09 23 10 20  90  7.0  8.0   1.0     5   4.4 116 1013.4  28.9  29.6  26.2   MM   MM    MM
2026 09 23 10 10 100  6.0  8.0    MM    MM    MM  MM 1013.4  28.8  29.6  26.2   MM   MM    MM
2026 09 23 10 00  90  6.0  7.0    MM    MM    MM  MM 1013.2  28.8  29.6  26.2   MM +0.5    MM
2026 09 23 09 50  90  5.0  7.0   1.1     5   4.3 106 1013.3  28.7    MM  26.1   MM   MM    MM
2026 09 23 09 40  90  5.0  6.0    MM    MM    MM  MM 1013.2  28.7  29.6  26.4   MM   MM    MM
2026 09 23 09 30  90  6.0  6.0    MM    MM    MM  MM 1013.1  28.7  29.6  26.2   MM   MM    MM
2026 09 23 09 20 100  6.0  7.0   1.0     6   4.2 110 1013.1  28.8  29.6  26.3   MM   MM    MM
2026 09 23 09 10 100  6.0  7.0    MM    MM    MM  MM 1012.9  28.8  29.6  26.2   MM   MM    MM
2026 09 23 09 00 100  6.0  7.0    MM    MM    MM  MM 1012.9  28.7  29.7  25.8   MM -0.6    MM
2026 09 23 08 50 100  6.0  7.0   1.1     5   4.4 115 1012.9  28.7  29.6  26.1   MM   MM    MM
2026 09 23 08 40 100  7.0 10.0   1.1    MM   4.4 115 1012.9  28.8  29.6  26.2   MM   MM    MM
2026 09 23 08 30  90  6.0  8.0    MM    MM    MM  MM 1012.8  28.8  29.7  26.3   MM   MM    MM
2026 09 23 08 20  90  6.0  7.0   1.1     5   4.3 107 1012.9  28.8    MM  26.4   MM   MM    MM
2026 09 23 08 10  90  6.0  8.0    MM    MM    MM  MM 1012.6  28.8  29.7  26.5   MM   MM    MM
2026 09 23 08 00 100  7.0  8.0    MM    MM    MM  MM 1012.6  28.8  29.7  26.5   MM -1.0    MM
2026 09 23 07 50 100  7.0  8.0   1.0     5   4.3 100 1012.6  28.9  29.7  26.5   MM   MM    MM
2026 09 23 07 40 100  7.0  8.0   1.0    MM   4.3 100 1012.4  28.9  29.7  26.4   MM   MM    MM
2026 09 23 07 30 110  7.0  8.0    MM    MM    MM  MM 1012.6  28.9  29.7  26.1   MM   MM    MM
2026 09 23 07 20 110  7.0  8.0   1.0     5   4.2  94 1012.6  29.0  29.7  26.0   MM   MM    MM
2026 09 23 07 10 100  7.0  9.0   1.0    MM   4.2  94 1012.7  29.0  29.7  26.3   MM   MM    MM
2026 09 23 07 00 100  6.0  7.0    MM    MM    MM  MM 1012.8  29.1    MM  26.5   MM -1.5    MM
2026 09 23 06 50 110  6.0  8.0   1.0     5   4.2 100 1012.8    MM  29.7    MM   MM   MM    MM
2026 09 23 06 40 110  6.0  7.0    MM    MM    MM  MM 1012.9  29.0  29.7  26.6   MM   MM    MM
2026 09 23 06 30 100  6.0  8.0    MM    MM    MM  MM 1013.1  29.0  29.7  26.5   MM   MM    MM
2026 09 23 06 20  90  7.0  8.0   1.0     5   4.2 106 1013.2  29.0  29.7  26.5   MM   MM    MM
2026 09 23 06 10  80  7.0  8.0   1.0    MM   4.2 106 1013.4  29.0  29.7  26.6   MM   MM    MM
2026 09 23 06 00  90  7.0  8.0    MM    MM    MM  MM 1013.5  29.0  29.7  26.4   MM -1.4    MM
2026 09 23 05 50  80  7.0  8.0   1.1     5   4.2  98 1013.3  29.0  29.7  26.2   MM   MM    MM
2026 09 23 05 40  70  7.0  8.0   1.1    MM   4.2  98 1013.4  29.1  29.7  26.3   MM   MM    MM
2026 09 23 05 30  80  8.0  9.0    MM    MM    MM  MM 1013.2  29.0  29.7  26.2   MM   MM    MM
2026 09 23 05 20  70  8.0  9.0   1.1     5   4.2  91 1013.2  29.0  29.7  26.4   MM   MM    MM
2026 09 23 05 10  80  7.0  9.0   1.1    MM   4.2  91 1013.4  29.0  29.7  26.5   MM   MM    MM
2026 09 23 05 00  80  8.0  9.0    MM    MM    MM  MM 1013.7  29.1  29.7  26.5   MM -1.5    MM
2026 09 23 04 50  70  8.0 10.0   1.1     5   4.2  95 1013.8  29.2  29.7  26.1   MM   MM    MM
2026 09 23 04 40  80  8.0 10.0   1.1    MM   4.2  95 1013.9  29.1  29.7  26.2   MM   MM    MM
2026 09 23 04 30  70  8.0  9.0    MM    MM    MM  MM 1013.9  29.1  29.7  26.6   MM   MM    MM
2026 09 23 04 20  70  8.0 10.0   1.0     5   4.1  96 1014.0  29.1  29.7  26.4   MM   MM    MM
2026 09 23 04 10  60  8.0 10.0   1.0    MM   4.1  96 1014.3  29.2  29.7  26.5   MM   MM    MM
2026 09 23 04 00  70  7.0  9.0    MM    MM    MM  MM 1014.3  29.2  29.7  26.6   MM -0.4    MM
2026 09 23 03 50  60  8.0  9.0   1.1     5   4.1  98 1014.4  29.2  29.7  26.4   MM   MM    MM
2026 09 23 03 40  60  8.0  9.0   1.1    MM   4.1  98 1014.5  29.2  29.7  26.3   MM   MM    MM
2026 09 23 03 30  70  8.0  9.0    MM    MM    MM  MM 1014.6  29.3  29.7  26.3   MM   MM    MM
2026 09 23 03 20  60  8.0  9.0   1.0     5   4.1  88 1014.8  29.2  29.7  26.5   MM   MM    MM
2026 09 23 03 10  70  8.0  9.0   1.0    MM   4.1  88 1014.8  29.2  29.7  26.5   MM   MM    MM
2026 09 23 03 00  80  8.0  9.0    MM    MM    MM  MM 1014.9  29.3  29.7  26.6   MM +0.7    MM
2026 09 23 02 50  80  8.0 10.0   1.0     5   4.1  91 1015.1  29.3  29.7  26.5   MM   MM    MM
2026 09 23 02 40  70  8.0 10.0    MM    MM    MM  MM 1015.1  29.2  29.7  26.6   MM   MM    MM
2026 09 23 02 30  60  8.0  9.0    MM    MM    MM  MM 1015.1  29.2  29.7  26.7   MM   MM    MM
2026 09 23 02 20  70  8.0  9.0   1.0     5   4.0  96 1015.1  29.2  29.7  26.5   MM   MM    MM
2026 09 23 02 10  70  8.0  9.0   1.0    MM   4.0  96 1015.1  29.2  29.7  26.6   MM   MM    MM
2026 09 23 02 00  70  7.0  9.0    MM    MM    MM  MM 1015.0  29.3  29.7  26.5   MM +1.4    MM
2026 09 23 01 50  70  8.0  9.0   0.9     5   3.9 104 1015.0  29.3  29.7  26.3   MM   MM    MM
2026 09 23 01 40  70  8.0  9.0   0.9    MM   3.9 104 1014.9  29.3  29.7  26.5   MM   MM    MM
2026 09 23 01 30  70  8.0 10.0    MM    MM    MM  MM 1015.0  29.3  29.7  26.4   MM   MM    MM
2026 09 23 01 20  70  8.0  9.0   0.9     5   3.9 110 1014.9  29.3  29.7  26.5   MM   MM    MM
2026 09 23 01 10  70  8.0  9.0   0.9    MM   3.9 110 1014.8  29.3  29.7  26.5   MM   MM    MM
2026 09 23 01 00  70  8.0  9.0    MM    MM    MM  MM 1014.7  29.4  29.7  26.5   MM +1.4    MM
2026 09 23 00 50  70  8.0 10.0   0.8     5   3.8 116 1014.6  29.4    MM  26.5   MM   MM    MM
2026 09 23 00 40  80  7.0  9.0    MM    MM    MM  MM 1014.5  29.4  29.7  26.4   MM   MM    MM
2026 09 23 00 30  70  7.0  8.0    MM    MM    MM  MM 1014.4  29.3  29.8  26.4   MM   MM    MM
2026 09 23 00 20  70  7.0  8.0   0.8     4   3.8 111 1014.3  29.3  29.7  26.4   MM   MM    MM
2026 09 23 00 10  70  7.0  8.0   0.8    MM   3.8 111 1014.2  29.3  29.8  26.5   MM   MM    MM
2026 09 23 00 00  60  7.0  8.0    MM    MM    MM  MM 1014.1  29.4  29.8  26.4   MM +1.1    MM
2026 09 22 23 50  70  7.0  8.0   0.7    MM   3.7 106 1014.2  29.3    MM  26.3   MM   MM    MM
2026 09 22 23 40  70  7.0  8.0    MM    MM    MM  MM 1014.1  29.3    MM  26.3   MM   MM    MM
2026 09 22 23 30  70  6.0  7.0    MM    MM    MM  MM 1014.0  29.2  29.8  26.3   MM   MM    MM
2026 09 22 23 20  50  6.0  8.0   0.7     4   3.8 116 1013.9  29.3    MM  26.6   MM   MM    MM
2026 09 22 23 10  60  6.0  8.0   0.7    MM   3.8 116 1013.7  29.2  29.8  26.4   MM   MM    MM
2026 09 22 23 00  60  6.0  7.0    MM    MM    MM  MM 1013.7  29.2    MM  26.3   MM +0.7    MM
2026 09 22 22 50  60  5.0  7.0   0.7     4   3.8 115 1013.6  29.3  29.8  26.3   MM   MM    MM
2026 09 22 22 40  50  6.0  7.0   0.7    MM   3.8 115 1013.6  29.3  29.8  25.8   MM   MM    MM
2026 09 22 22 30  50  5.0  6.0    MM    MM    MM  MM 1013.5  29.3  29.8  25.9   MM   MM    MM
2026 09 22 22 20  60  6.0  6.0   0.6     4   3.8 119 1013.5  29.3  29.8  25.9   MM   MM    MM
2026 09 22 22 10  70  6.0  7.0   0.6    MM   3.8 119 1013.4  29.3  29.8  26.0   MM   MM    MM
2026 09 22 22 00  70  6.0  7.0    MM    MM    MM  MM 1013.2  29.2  29.8  26.1   MM -0.0    MM
2026 09 22 21 50  80  6.0  7.0   0.7     4   4.0 103 1013.2  29.2  29.8  26.0   MM   MM    MM
2026 09 22 21 40  70  6.0  7.0   0.7    MM   4.0 103 1013.2  29.2  29.8  26.3   MM   MM    MM
2026 09 22 21 30  80  5.0  6.0    MM    MM    MM  MM 1013.2  29.2  29.8  26.3   MM   MM    MM
2026 09 22 21 20  70  6.0  7.0   0.7     4   3.9 115 1013.3  29.1  29.8  26.2   MM   MM    MM
2026 09 22 21 10  70  5.0  7.0   0.7    MM   3.9 115 1013.2  29.1  29.9  26.2   MM   MM    MM
2026 09 22 21 00  60  6.0  7.0    MM    MM    MM  MM 1013.1  29.1  29.9  26.2   MM -0.9    MM
2026 09 22 20 50  70  5.0  6.0   0.7     4   4.0 142 1013.0  29.3  29.9  25.9   MM   MM    MM
2026 09 22 20 40  90  5.0  6.0   0.7    MM   4.0 142 1013.0  29.4  29.9  25.8   MM   MM    MM
2026 09 22 20 30  80  5.0  6.0    MM    MM    MM  MM 1013.0  29.3  29.9  25.7   MM   MM    MM
2026 09 22 20 20  90  5.0  6.0   0.7     4   4.0 134 1013.0  29.3  29.9  25.6   MM   MM    MM
2026 09 22 20 10  90  5.0  6.0    MM    MM    MM  MM 1013.0  29.3  29.9  25.6   MM   MM    MM
2026 09 22 20 00  90  5.0  6.0    MM    MM    MM  MM 1013.0  29.3  29.9  25.6   MM -1.7    MM
2026 09 22 19 50  90  5.0  6.0   0.7     4   3.8 129 1013.1  29.2  29.9  25.6   MM   MM    MM
2026 09 22 19 40  80  5.0  6.0    MM    MM    MM  MM 1013.2  29.2  29.9  25.7   MM   MM    MM
2026 09 22 19 30  80  5.0  6.0    MM    MM    MM  MM 1013.3  29.2  29.9  25.9   MM   MM    MM
2026 09 22 19 20  80  5.0  6.0   0.7     4   3.9 108 1013.2  29.2  29.9  25.9   MM   MM    MM
2026 09 22 19 10  80  5.0  6.0   0.7    MM   3.9 108 1013.3  29.2  29.9  25.9   MM   MM    MM
2026 09 22 19 00  80  5.0  6.0    MM    MM    MM  MM 1013.4  29.1    MM  25.7   MM -2.0    MM
2026 09 22 18 50  80  5.0  6.0   0.7    MM   3.9 134 1013.4    MM  29.9    MM   MM   MM    MM
2026 09 22 18 40  80  6.0  7.0   0.7    MM   3.9 134 1013.4  29.2  29.9  25.5   MM   MM    MM
2026 09 22 18 30  90  5.0  6.0    MM    MM    MM  MM 1013.5  29.2  29.9  25.6   MM   MM    MM
2026 09 22 18 20  80  6.0  7.0   0.7     4   3.9 113 1013.7  29.2  29.9  25.4   MM   MM    MM
2026 09 22 18 10  80  6.0  7.0    MM    MM    MM  MM 1013.9  29.2  29.9  25.6   MM   MM    MM
2026 09 22 18 00  80  6.0  7.0    MM    MM    MM  MM 1014.0  29.2  29.9  25.5   MM -2.0    MM
2026 09 22 17 50  90  6.0  7.0   0.8     4   3.8 117 1014.2  29.1  29.9  25.6   MM   MM    MM
2026 09 22 17 40  90  6.0  7.0   0.8    MM   3.8 117 1014.3  29.1  29.8  25.6   MM   MM    MM
2026 09 22 17 30  80  6.0  7.0    MM    MM    MM  MM 1014.3  29.1  29.8  25.8   MM   MM    MM
2026 09 22 17 20  80  6.0  7.0   0.7     5   3.8 130 1014.4  29.1  29.8  25.7   MM   MM    MM
2026 09 22 17 10  90  6.0  7.0   0.7    MM   3.8 130 1014.6  29.1  29.8  25.8   MM   MM    MM
2026 09 22 17 00  90  6.0  7.0    MM    MM    MM  MM 1014.7  29.1  29.8  25.7   MM -1.6    MM
2026 09 22 16 50  90  6.0  7.0   0.7    MM   3.9 125 1014.8    MM  29.8    MM   MM   MM    MM
2026 09 22 16 40  90  6.0  8.0   0.7    MM   3.9 125 1014.9  29.1  29.8  25.5   MM   MM    MM
2026 09 22 16 30  80  6.0  8.0    MM    MM    MM  MM 1015.0  29.1  29.8  25.5   MM   MM    MM
2026 09 22 16 20  80  6.0  8.0   0.7     4   3.8 127 1015.1  29.1  29.8  25.3   MM   MM    MM
2026 09 22 16 10  90  6.0  8.0    MM    MM    MM  MM 1015.2  29.1  29.8  25.4   MM   MM    MM
2026 09 22 16 00  80  7.0  8.0    MM    MM    MM  MM 1015.3  29.0  29.8  25.4   MM -0.6    MM
2026 09 22 15 50  80  6.0  8.0   0.7     4   3.8 108 1015.6  29.1  29.8  25.2   MM   MM    MM
2026 09 22 15 40  90  6.0  7.0    MM    MM    MM  MM 1015.6  29.2  29.8  25.2   MM   MM    MM
2026 09 22 15 30  90  6.0  7.0    MM    MM    MM  MM 1015.8  29.3  29.8  24.9   MM   MM    MM
2026 09 22 15 20  90  6.0  7.0   0.7     5   3.8 137 1015.9  29.2  29.8  24.9   MM   MM    MM
2026 09 22 15 10  80  6.0  7.0   0.7    MM   3.8 137 1016.0  29.2  29.7  24.9   MM   MM    MM
2026 09 22 15 00  80  6.0  7.0    MM    MM    MM  MM 1016.0  29.2  29.7  24.9   MM +0.5    MM
2026 09 22 14 50  80  6.0  7.0   0.7     5   3.9 128 1016.0  29.2  29.7  25.0   MM   MM    MM
2026 09 22 14 40  80  6.0  7.0    MM    MM    MM  MM 1016.1  29.2  29.7  25.1   MM   MM    MM
2026 09 22 14 30  80  6.0  7.0    MM    MM    MM  MM 1016.1  29.1  29.7  25.2   MM   MM    MM
2026 09 22 14 20  80  6.0  7.0   0.7     4   4.1 128 1016.1  29.1  29.7  25.6   MM   MM    MM
2026 09 22 14 10  80  6.0  7.0   0.7    MM   4.1 128 1016.2  29.1  29.7  25.8   MM   MM    MM
2026 09 22 14 00  80  6.0  7.0    MM    MM    MM  MM 1016.3  29.0  29.7  25.6   MM +1.3    MM
2026 09 22 13 50  80  5.0  7.0   0.7     5   3.9 129 1016.3  29.0  29.7  25.7   MM   MM    MM
2026 09 22 13 40  70  6.0  7.0    MM    MM    MM  MM 1016.2  29.0  29.7  25.7   MM   MM    MM
2026 09 22 13 30  80  6.0  7.0    MM    MM    MM  MM 1016.2  29.0  29.7  25.5   MM   MM    MM
2026 09 22 13 20  70  6.0  7.0   0.7     5   4.0 135 1016.1  29.0  29.7  25.7   MM   MM    MM
2026 09 22 13 10  80  5.0  6.0   0.7    MM   4.0 135 1016.1  29.1  29.7  25.5   MM   MM    MM
2026 09 22 13 00  80  6.0  7.0    MM    MM    MM  MM 1016.0  29.1  29.6  25.1   MM +1.5    MM
2026 09 22 12 50  80  5.0  7.0   0.7     5   3.9 127 1015.8  29.0  29.6  25.4   MM   MM    MM
2026 09 22 12 40  80  6.0  7.0   0.7    MM   3.9 127 1015.8  29.0  29.6  25.4   MM   MM    MM
2026 09 22 12 30  80  6.0  7.0    MM    MM    MM  MM 1015.6  29.0  29.6  25.5   MM   MM    MM
2026 09 22 12 20  80  6.0  7.0   0.7     5   3.9 135 1015.7  29.1  29.6  25.4   MM   MM    MM
2026 09 22 12 10  80  6.0  7.0   0.7    MM   3.9 135 1015.6  29.0  29.6  25.5   MM   MM    MM
2026 09 22 12 00  80  6.0  7.0    MM    MM    MM  MM 1015.5  29.0  29.6  25.5   MM +1.6    MM
2026 09 22 11 50  80  6.0  7.0   0.7     4   3.9  97 1015.4  29.0    MM  25.3   MM   MM    MM
2026 09 22 11 40  80  6.0  7.0   0.7    MM   3.9  97 1015.3  29.0  29.6  25.4   MM   MM    MM
2026 09 22 11 30  90  6.0  7.0    MM    MM    MM  MM 1015.3  29.0  29.6  25.1   MM   MM    MM
2026 09 22 11 20  90  6.0  7.0   0.7     6   4.0 173 1015.1  29.0  29.6  25.2   MM   MM    MM
2026 09 22 11 10  80  6.0  7.0   0.7    MM   4.0 173 1015.1  29.0  29.6  25.6   MM   MM    MM
2026 09 22 11 00  80  6.0  7.0    MM    MM    MM  MM 1014.9  28.9  29.6  25.4   MM +1.3    MM
2026 09 22 10 50  80  5.0  7.0   0.7     4   4.0 110 1014.8  28.9  29.6  25.6   MM   MM    MM
2026 09 22 10 40  80  6.0  6.0    MM    MM    MM  MM 1014.8  28.8  29.6  25.4   MM   MM    MM
2026 09 22 10 30  80  5.0  7.0    MM    MM    MM  MM 1014.8  28.8  29.6  25.6   MM   MM    MM
2026 09 22 10 20  90  5.0  7.0   0.7     5   4.0 111 1014.7  28.7  29.6  25.5   MM   MM    MM
2026 09 22 10 10  90  6.0  7.0   0.7    MM   4.0 111 1014.5  28.7  29.6  25.5   MM   MM    MM
2026 09 22 10 00  80  5.0  7.0    MM    MM    MM  MM 1014.6  28.7  29.6  25.4   MM +0.8    MM
2026 09 22 09 50  70  5.0  7.0   0.7     4   4.1 118 1014.4  28.7  29.6  25.3   MM   MM    MM
2026 09 22 09 40  70  6.0  7.0    MM    MM    MM  MM 1014.3  28.7  29.6  25.3   MM   MM    MM
2026 09 22 09 30  70  6.0  7.0    MM    MM    MM  MM 1014.1  28.7  29.6  25.3   MM   MM    MM
2026 09 22 09 20  90  6.0  7.0   0.7    MM   4.3 122 1014.0  28.7    MM  25.2   MM   MM    MM
2026 09 22 09 10  70  6.0  7.0    MM    MM    MM  MM 1013.9  28.7  29.6  25.4   MM   MM    MM
2026 09 22 09 00  70  6.0  7.0    MM    MM    MM  MM 1013.8  28.6  29.6  25.6   MM -0.3    MM
2026 09 22 08 50  80  4.0  5.0   0.7     4   4.3 115 1013.7  28.4  29.6  25.9   MM   MM    MM
2026 09 22 08 40  80  4.0  5.0    MM    MM    MM  MM 1013.7  28.4  29.6  25.8   MM   MM    MM
2026 09 22 08 30  70  4.0  5.0    MM    MM    MM  MM 1013.7  28.4  29.6  25.8   MM   MM    MM
2026 09 22 08 20  80  4.0  5.0   0.7     5   4.3 118 1013.6  28.4  29.6  25.8   MM   MM    MM
2026 09 22 08 10  70  4.0  5.0    MM    MM    MM  MM 1013.7  28.4  29.6  25.9   MM   MM    MM
2026 09 22 08 00  70  3.0  4.0    MM    MM    MM  MM 1013.7  28.4  29.6  25.9   MM -1.0    MM
2026 09 22 07 50  80  3.0  4.0   0.6     4   4.4 135 1013.6    MM  29.6    MM   MM   MM    MM
2026 09 22 07 40  90  3.0  4.0    MM    MM    MM  MM 1013.6  28.4  29.6  25.8   MM   MM    MM
2026 09 22 07 30 100  3.0  4.0    MM    MM    MM  MM 1013.6  28.4  29.6  25.8   MM   MM    MM
2026 09 22 07 20 110  3.0  4.0   0.6     4   4.3 133 1013.6    MM  29.6    MM   MM   MM    MM
2026 09 22 07 10  90  3.0  3.0    MM    MM    MM  MM 1013.6  28.5  29.6  25.5   MM   MM    MM
2026 09 22 07 00  90  3.0  4.0    MM    MM    MM  MM 1013.6  28.4  29.6  25.7   MM -1.3    MM
2026 09 22 06 50 100  3.0  3.0   0.6    MM   4.4 103 1013.7    MM  29.6    MM   MM   MM    MM
2026 09 22 06 40  90  2.0  3.0   0.6    MM   4.4 103 1013.8  28.4  29.6  25.9   MM   MM    MM
2026 09 22 06 30  70  2.0  3.0    MM    MM    MM  MM 1013.9  28.3  29.6  25.8   MM   MM    MM
2026 09 22 06 20  30  2.0  3.0   0.6    MM   4.2 139 1013.9    MM  29.6    MM   MM   MM    MM
2026 09 22 06 10  50  3.0  4.0   0.6    MM   4.2 139 1014.0  28.2  29.6  25.9   MM   MM    MM
2026 09 22 06 00  50  4.0  4.0    MM    MM    MM  MM 1014.2  28.1  29.6  25.9   MM -1.2    MM
2026 09 22 05 50  50  4.0  5.0   0.6     6   4.1 102 1014.2  28.1  29.6  26.1   MM   MM    MM
2026 09 22 05 40  50  4.0  5.0   0.6    MM   4.1 102 1014.4  28.3  29.6  26.1   MM   MM    MM
2026 09 22 05 30  50  5.0  6.0    MM    MM    MM  MM 1014.3  28.2  29.6  25.8   MM   MM    MM
2026 09 22 05 20  40  6.0  7.0   0.6     3   3.9  64 1014.4  28.1  29.6  25.5   MM   MM    MM
2026 09 22 05 10  40  6.0  7.0   0.6    MM   3.9  64 1014.5  28.1  29.6  25.7   MM   MM    MM
2026 09 22 05 00  50  6.0  7.0    MM    MM    MM  MM 1014.7  27.9  29.6  25.5   MM -0.6    MM
2026 09 22 04 50  40  6.0  7.0   0.7     4   3.9 135 1014.5  27.5  29.6  25.5   MM   MM    MM
2026 09 22 04 40  40  7.0  8.0   0.7    MM   3.9 135 1014.6  27.8  29.6  25.8   MM   MM    MM
2026 09 22 04 30  40  6.0  8.0    MM    MM    MM  MM 1014.9  27.9  29.6  25.8   MM   MM    MM
2026 09 22 04 20  40  6.0  8.0   0.6     7   4.1  88 1014.9  27.9  29.6  25.9   MM   MM    MM
2026 09 22 04 10  40  6.0  7.0   0.6    MM   4.1  88 1015.0  28.0  29.6  25.6   MM   MM    MM
2026 09 22 04 00  40  5.0  7.0    MM    MM    MM  MM 1014.9  27.9  29.6  25.3   MM +0.0    MM
2026 09 22 03 50  50  6.0  7.0   0.6     5   4.4 164 1015.1  28.0  29.6  26.0   MM   MM    MM
2026 09 22 03 40  50  5.0  6.0    MM    MM    MM  MM 1015.2  28.0  29.6  26.1   MM   MM    MM
2026 09 22 03 30  50  5.0  6.0    MM    MM    MM  MM 1015.3  28.4  29.7  26.3   MM   MM    MM
2026 09 22 03 20  50  5.0  6.0   0.6     4   4.5 147 1015.3  28.4  29.6  26.0   MM   MM    MM
2026 09 22 03 10  40  5.0  6.0   0.6    MM   4.5 147 1015.3  28.2  29.6  26.0   MM   MM    MM
2026 09 22 03 00  50  5.0  6.0    MM    MM    MM  MM 1015.3  28.2  29.7  26.1   MM +1.1    MM
2026 09 22 02 50  60  3.0  5.0   0.6     5   4.5 154 1015.3  28.9  29.7  25.5   MM   MM    MM
2026 09 22 02 40  70  3.0  4.0    MM    MM    MM  MM 1015.3  28.9  29.7  25.5   MM   MM    MM
2026 09 22 02 30  80  2.0  3.0    MM    MM    MM  MM 1015.3  29.0  29.7  25.4   MM   MM    MM
2026 09 22 02 20  70  3.0  4.0   0.6     7   4.5 105 1015.3  28.9  29.7  25.3   MM   MM    MM
2026 09 22 02 10  70  4.0  4.0   0.6    MM   4.5 105 1015.3  28.9  29.7  25.4   MM   MM    MM
2026 09 22 02 00  60  3.0  4.0    MM    MM    MM  MM 1015.3  28.9  29.7  25.5   MM +1.3    MM
2026 09 22 01 50  70  3.0  4.0   0.6     7   4.6 109 1015.1  28.9  29.7  25.6   MM   MM    MM
2026 09 22 01 40  70  3.0  4.0   0.6    MM   4.6 109 1015.1  28.9  29.7  25.7   MM   MM    MM
2026 09 22 01 30  60  3.0  4.0    MM    MM    MM  MM 1015.1  28.9  29.7  25.6   MM   MM    MM
2026 09 22 01 20  60  4.0  4.0   0.6     5   4.5 157 1015.2  28.8  29.7  25.7   MM   MM    MM
2026 09 22 01 10  70  4.0  4.0   0.6    MM   4.5 157 1015.1  29.0  29.7  25.9   MM   MM    MM
2026 09 22 01 00  60  3.0  4.0    MM    MM    MM  MM 1014.9  29.0  29.7  25.4   MM +1.3    MM
2026 09 22 00 50  70  4.0  5.0   0.6     5   4.6 138 1014.8  29.0  29.7  25.4   MM   MM    MM
2026 09 22 00 40  70  3.0  4.0   0.6    MM   4.6 138 1014.8  28.7  29.7  25.8   MM   MM    MM
2026 09 22 00 30  80  2.0  3.0    MM    MM    MM  MM 1014.6  28.4  29.7  25.8   MM   MM    MM
2026 09 22 00 20  70  4.0  6.0   0.7     5   4.5 140 1014.5  28.4  29.7  25.6   MM   MM    MM
2026 09 22 00 10 110  3.0  5.0   0.7    MM   4.5 140 1014.4  29.0  29.7  25.8   MM   MM    MM
2026 09 22 00 00 120  3.0  5.0    MM    MM    MM  MM 1014.2  29.0  29.7  25.7   MM +0.8    MM
2026 09 21 23 50 120  3.0  4.0   0.7     5   4.4 145 1014.2  29.0  29.7  25.7   MM   MM    MM
2026 09 21 23 40 120  4.0  4.0   0.7    MM   4.4 145 1014.2  29.0  29.7  25.7   MM   MM    MM
2026 09 21 23 30 120  3.0  4.0    MM    MM    MM  MM 1014.2  29.1  29.7  25.7   MM   MM    MM
2026 09 21 22 50 120  3.0  4.0   0.7     5   4.4 145 1013.9  29.1  29.8  25.7   MM   MM    MM
2026 09 21 22 40 130  3.0  4.0    MM    MM    MM  MM 1013.7  29.1  29.7  25.7   MM   MM    MM
2026 09 21 22 30 120  3.0  4.0    MM    MM    MM  MM 1013.6  29.1  29.7  25.7   MM   MM    MM
2026 09 21 22 20 130  3.0  4.0   0.7     5   4.3 146 1013.6  29.1  29.8  25.7   MM   MM    MM
2026 09 21 22 00 120  3.0  4.0    MM    MM    MM  MM 1013.6  29.2  29.8  25.7   MM +0.4    MM
2026 09 21 21 40 110  3.0  4.0    MM    MM    MM  MM 1013.4  29.3  29.8  25.7   MM   MM    MM
2026 09 21 21 30 120  3.0  4.0    MM    MM    MM  MM 1013.4  29.3  29.8  25.6   MM   MM    MM
2026 09 21 21 20 120  4.0  5.0   0.7     4   4.1 146 1013.4  29.5  29.8  25.7   MM   MM    MM
2026 09 21 21 10 130  4.0  5.0   0.7    MM   4.1 146 1013.4  29.5  29.8  25.4   MM   MM    MM
2026 09 21 21 00 120  4.0  5.0    MM    MM    MM  MM 1013.4  29.5  29.8  25.6   MM -0.0    MM
2026 09 21 20 50 120  4.0  5.0   0.7     4   4.2 154 1013.5  29.5  29.8  25.6   MM   MM    MM
2026 09 21 20 40 130  4.0  5.0    MM    MM    MM  MM 1013.5  29.4  29.8  25.7   MM   MM    MM
2026 09 21 20 30 120  4.0  5.0    MM    MM    MM  MM 1013.4  29.5  29.8  25.7   MM   MM    MM
2026 09 21 20 20 130  4.0  5.0   0.6     4   3.9 138 1013.4  29.4  29.9  25.6   MM   MM    MM
2026 09 21 20 10 120  5.0  5.0   0.6    MM   3.9 138 1013.3  29.4  29.9  25.4   MM   MM    MM
2026 09 21 20 00 120  5.0  6.0    MM    MM    MM  MM 1013.2  29.4  29.9  25.3   MM -1.2    MM
2026 09 21 19 50 120  4.0  5.0   0.7     4   4.2 139 1013.3  29.4  29.8  25.8   MM   MM    MM
2026 09 21 19 40 120  5.0  6.0    MM    MM    MM  MM 1013.2  29.4  29.8  25.2   MM   MM    MM
2026 09 21 19 30 120  5.0  6.0    MM    MM    MM  MM 1013.2  29.3  29.9  25.6   MM   MM    MM
2026 09 21 19 20 120  5.0  6.0   0.6     4   4.1 158 1013.2  29.3  29.9  25.7   MM   MM    MM
2026 09 21 19 10 120  5.0  6.0   0.6    MM   4.1 158 1013.3  29.3  29.9  25.4   MM   MM    MM
2026 09 21 19 00 120  5.0  6.0    MM    MM    MM  MM 1013.3  29.2  29.9  25.8   MM -1.9    MM
2026 09 21 18 50 120  5.0  6.0   0.6     4   4.1 135 1013.3  29.2  29.9  25.8   MM   MM    MM
2026 09 21 18 40 110  5.0  6.0   0.6    MM   4.1 135 1013.3  29.2  29.9  25.8   MM   MM    MM
2026 09 21 18 30 120  5.0  6.0    MM    MM    MM  MM 1013.4  29.2  29.9  25.8   MM   MM    MM
2026 09 21 18 20 110  5.0  7.0   0.6     4   4.0 141 1013.4  29.2  29.8  25.4   MM   MM    MM
2026 09 21 18 10 110  5.0  6.0   0.6    MM   4.0 141 1013.6  29.3  29.9  25.3   MM   MM    MM
2026 09 21 18 00 110  5.0  6.0    MM    MM    MM  MM 1013.7  29.2  29.8  25.5   MM -2.1    MM
2026 09 21 17 50 110  5.0  6.0   0.6     7   4.3  85 1013.8  29.1  29.9  25.8   MM   MM    MM
2026 09 21 17 40 110  5.0  6.0   0.6    MM   4.3  85 1013.9  29.1  29.9  25.8   MM   MM    MM
2026 09 21 17 30 110  5.0  6.0    MM    MM    MM  MM 1014.0  29.1  29.9  25.9   MM   MM    MM
2026 09 21 17 20 110  5.0  6.0   0.6     7   4.5  77 1014.1  29.2  29.9  25.6   MM   MM    MM
2026 09 21 17 10 110  5.0  6.0   0.6    MM   4.5  77 1014.3  29.3  29.9  25.0   MM   MM    MM
2026 09 21 17 00 110  5.0  6.0    MM    MM    MM  MM 1014.5  29.1  29.9  25.5   MM -1.4    MM
2026 09 21 16 50 110  4.0  5.0   0.6     7   4.3  93 1014.6  29.1  29.9  26.0   MM   MM    MM
2026 09 21 16 40 110  4.0  5.0   0.6    MM   4.3  93 1014.6  29.1  29.9  25.9   MM   MM    MM
2026 09 21 16 30 120  4.0  5.0    MM    MM    MM  MM 1014.8  29.1  29.8  26.0   MM   MM    MM
2026 09 21 16 20 120  4.0  5.0   0.6     8   4.6  87 1015.1  29.1  29.9  25.9   MM   MM    MM
2026 09 21 16 10 110  3.0  5.0   0.6    MM   4.6  87 1015.1  29.1  29.8  26.0   MM   MM    MM
2026 09 21 16 00 100  4.0  4.0    MM    MM    MM  MM 1015.1  29.1  29.8  25.8   MM -0.4    MM
2026 09 21 15 50 100  4.0  5.0   0.6     5   4.4 146 1015.3  29.1  29.8  26.0   MM   MM    MM
2026 09 21 15 40 110  4.0  4.0    MM    MM    MM  MM 1015.4  29.1  29.8  25.9   MM   MM    MM
2026 09 21 15 30 100  4.0  5.0    MM    MM    MM  MM 1015.6  29.0  29.8  25.9   MM   MM    MM
2026 09 21 15 20  90  4.0  5.0   0.6     7   4.5 103 1015.6  29.0  29.7  26.0   MM   MM    MM
2026 09 21 15 10  90  4.0  5.0   0.6    MM   4.5 103 1015.6  29.0  29.7  25.9   MM   MM    MM
2026 09 21 15 00  90  4.0  4.0    MM    MM    MM  MM 1015.7  29.0  29.7  25.9   MM +0.4    MM
2026 09 21 14 50  90  4.0  5.0   0.6     7   4.7  98 1015.8  29.0  29.7  25.7   MM   MM    MM
2026 09 21 14 40 100  4.0  5.0   0.6    MM   4.7  98 1015.9  29.0  29.7  25.8   MM   MM    MM
2026 09 21 14 30 100  4.0  5.0    MM    MM    MM  MM 1016.0  29.2  29.7  25.4   MM   MM    MM
2026 09 21 14 20 100  4.0  5.0   0.6     7   4.4 111 1015.9    MM  29.6    MM   MM   MM    MM
2026 09 21 14 10 100  4.0  5.0    MM    MM    MM  MM 1015.8  29.0  29.6  25.4   MM   MM    MM
2026 09 21 14 00 100  4.0  5.0    MM    MM    MM  MM 1015.9  28.9  29.6  25.4   MM +1.3    MM
2026 09 21 13 50  90  4.0  5.0   0.6    MM   4.4 114 1015.8    MM  29.6    MM   MM   MM    MM
2026 09 21 13 40 100  4.0  5.0   0.6    MM   4.4 114 1015.8  28.8  29.6  25.8   MM   MM    MM
2026 09 21 13 30 110  4.0  5.0    MM    MM    MM  MM 1015.6  28.8  29.6  25.0   MM   MM    MM
2026 09 21 13 20 120  5.0  6.0   0.6     7   4.5  83 1015.7  28.7  29.5  25.4   MM   MM    MM
2026 09 21 13 10 100  6.0  7.0   0.6    MM   4.5  83 1015.6  28.6  29.5  25.8   MM   MM    MM
2026 09 21 13 00  80  5.0  7.0    MM    MM    MM  MM 1015.5  28.7  29.5  26.1   MM +1.4    MM
2026 09 21 12 50  70  5.0  6.0   0.6     7   4.7  98 1015.5  28.9    MM  26.4   MM   MM    MM
2026 09 21 12 40  80  4.0  5.0   0.6    MM   4.7  98 1015.3  29.2  29.5  26.2   MM   MM    MM
2026 09 21 12 30 110  5.0  6.0    MM    MM    MM  MM 1015.3  29.0  29.5  26.2   MM   MM    MM
2026 09 21 12 20 120  5.0  6.0   0.6     7   4.5  82 1015.3  29.1    MM  26.1   MM   MM    MM
2026 09 21 12 10 120  4.0  5.0   0.6    MM   4.5  82 1015.4  29.0  29.5  26.2   MM   MM    MM
2026 09 21 12 00 120  4.0  5.0    MM    MM    MM  MM 1015.3  29.0  29.5  26.2   MM +1.7    MM
2026 09 21 11 50 120  4.0  5.0   0.6     8   4.9  96 1015.2  29.0  29.5  26.1   MM   MM    MM
2026 09 21 11 40 110  4.0  5.0   0.6    MM   4.9  96 1015.0  29.0  29.5  25.9   MM   MM    MM
2026 09 21 11 30 110  5.0  5.0    MM    MM    MM  MM 1014.9  29.1  29.5  26.0   MM   MM    MM
2026 09 21 11 20 110  4.0  5.0   0.6     8   4.9 108 1014.8  29.1  29.5  25.8   MM   MM    MM
2026 09 21 11 10 110  4.0  5.0   0.6    MM   4.9 108 1014.8  29.0  29.5  25.7   MM   MM    MM
2026 09 21 11 00 100  4.0  5.0    MM    MM    MM  MM 1014.5  29.0  29.5  25.9   MM +1.4    MM
2026 09 21 10 50 100  4.0  5.0   0.5     8   4.9 100 1014.5  28.9  29.5  25.9   MM   MM    MM
2026 09 21 10 40 100  4.0  5.0    MM    MM    MM  MM 1014.3  29.0  29.5  25.8   MM   MM    MM
2026 09 21 10 30 100  4.0  6.0    MM    MM    MM  MM 1014.2  28.8  29.5  25.6   MM   MM    MM
2026 09 21 10 20  70  4.0  4.0   0.5     8   4.9  87 1014.2  28.6  29.5  26.0   MM   MM    MM
2026 09 21 10 10  80  4.0  4.0   0.5    MM   4.9  87 1014.2  28.6  29.5  26.1   MM   MM    MM
2026 09 21 10 00  70  4.0  5.0    MM    MM    MM  MM 1014.0  28.5  29.5  26.0   MM +0.9    MM
2026 09 21 09 50  70  4.0  5.0   0.5     8   4.9  97 1014.0  28.6  29.5  26.2   MM   MM    MM
2026 09 21 09 40  80  4.0  5.0    MM    MM    MM  MM 1014.0  28.6  29.5  26.0   MM   MM    MM
2026 09 21 09 30  80  3.0  4.0    MM    MM    MM  MM 1014.0  28.6  29.5  25.8   MM   MM    MM
2026 09 21 09 20  70  3.0  4.0   0.6     8   5.0 101 1013.8  28.6  29.5  25.9   MM   MM    MM
2026 09 21 09 10  80  3.0  4.0    MM    MM    MM  MM 1013.7  28.6  29.5  25.7   MM   MM    MM
2026 09 21 09 00  90  3.0  4.0    MM    MM    MM  MM 1013.5  28.6  29.5  25.6   MM -0.0    MM
2026 09 21 08 50  80  3.0  4.0   0.6     8   4.9 100 1013.4  28.6  29.5  25.6   MM   MM    MM
2026 09 21 08 40  80  3.0  4.0    MM    MM    MM  MM 1013.3  28.6  29.5  25.5   MM   MM    MM
2026 09 21 08 30  80  3.0  4.0    MM    MM    MM  MM 1013.2  28.6  29.5  25.4   MM   MM    MM
2026 09 21 08 20  80  3.0  4.0   0.6     8   4.7 100 1013.3  28.6  29.5  25.3   MM   MM    MM
2026 09 21 08 10  90  3.0  4.0    MM    MM    MM  MM 1013.2  28.6  29.5  25.1   MM   MM    MM
2026 09 21 08 00  80  3.0  3.0    MM    MM    MM  MM 1013.2  28.6    MM  25.0   MM -1.0    MM
2026 09 21 07 50  70  3.0  3.0   0.6     9   4.7 112 1013.2  28.7  29.5  25.2   MM   MM    MM
2026 09 21 07 40  90  3.0  3.0   0.6    MM   4.7 112 1013.1  28.6  29.5  25.1   MM   MM    MM
2026 09 21 07 30  90  3.0  3.0    MM    MM    MM  MM 1013.1  28.6  29.5  25.1   MM   MM    MM
2026 09 21 07 20  90  3.0  4.0   0.6     8   4.8 102 1013.2  28.6  29.5  25.3   MM   MM    MM
2026 09 21 07 10  80  3.0  4.0    MM    MM    MM  MM 1013.2  28.6  29.5  25.3   MM   MM    MM
2026 09 21 07 00  80  3.0  3.0    MM    MM    MM  MM 1013.2  28.6    MM  25.3   MM -1.7    MM
2026 09 21 06 50  70  3.0  4.0   0.6     8   4.6  94 1013.2  28.6    MM  25.2   MM   MM    MM
2026 09 21 06 40  70  3.0  4.0   0.6    MM   4.6  94 1013.2    MM    MM    MM   MM   MM    MM
2026 09 21 06 30  70  3.0  3.0    MM    MM    MM  MM 1013.4  28.6  29.5  25.2   MM   MM    MM
2026 09 21 06 20  70  3.0  3.0   0.6     8   4.9  73 1013.5  28.7  29.6  25.2   MM   MM    MM
2026 09 21 06 10  80  3.0  4.0    MM    MM    MM  MM 1013.5  28.6  29.6  25.2   MM   MM    MM
2026 09 21 06 00  80  3.0  3.0    MM    MM    MM  MM 1013.5  28.7  29.6  25.4   MM -1.4    MM
2026 09 21 05 50  80  3.0  3.0   0.6     7   4.6  85 1013.7  28.7  29.6  25.5   MM   MM    MM
2026 09 21 05 40  80  3.0  4.0    MM    MM    MM  MM 1013.9  28.7  29.6  25.4   MM   MM    MM
2026 09 21 05 30 100  3.0  4.0    MM    MM    MM  MM 1013.9  28.7  29.6  25.3   MM   MM    MM
2026 09 21 05 20  90  3.0  4.0   0.6     8   4.7  66 1014.0  28.7  29.6  25.5   MM   MM    MM
2026 09 21 05 10  90  3.0  4.0   0.6    MM   4.7  66 1014.1  28.7  29.6  25.7   MM   MM    MM
2026 09 21 05 00  90  3.0  4.0    MM    MM    MM  MM 1014.2  28.7  29.6  25.7   MM -0.9    MM
2026 09 21 04 50 100  4.0  5.0   0.5     8   4.6  87 1014.2  28.7  29.6  25.8   MM   MM    MM
2026 09 21 04 40 100  4.0  5.0    MM    MM    MM  MM 1014.5  28.8  29.6  25.9   MM   MM    MM
2026 09 21 04 30 110  4.0  5.0    MM    MM    MM  MM 1014.6  28.8  29.6  25.9   MM   MM    MM
2026 09 21 04 20 100  4.0  5.0   0.6     8   4.8  87 1014.6  28.8  29.6  25.9   MM   MM    MM
2026 09 21 04 10 110  4.0  4.0   0.6    MM   4.8  87 1014.7  28.8  29.6  25.7   MM   MM    MM
2026 09 21 04 00 110  3.0  4.0    MM    MM    MM  MM 1014.8  28.8  29.6  25.8   MM +0.4    MM
2026 09 21 03 50 110  4.0  5.0   0.6     7   4.6  65 1015.0    MM  29.6    MM   MM   MM    MM
2026 09 21 03 40 110  4.0  5.0    MM    MM    MM  MM 1015.0  28.9  29.6  25.9   MM   MM    MM
2026 09 21 03 30 110  4.0  5.0    MM    MM    MM  MM 1015.0  28.8  29.6  25.8   MM   MM    MM
2026 09 21 03 20 100  5.0  6.0   0.6     8   4.8  80 1015.0  28.8  29.6  25.8   MM   MM    MM
2026 09 21 03 10 100  5.0  6.0   0.6    MM   4.8  80 1014.9  28.9  29.7  25.8   MM   MM    MM
2026 09 21 03 00 100  5.0  6.0    MM    MM    MM  MM 1015.0  28.9  29.7  25.6   MM +1.0    MM
2026 09 21 02 50 100  5.0  5.0   0.6     8   4.7  43 1015.0  28.8  29.7  25.8   MM   MM    MM
2026 09 21 02 40 100  4.0  5.0    MM    MM    MM  MM 1015.1  28.9  29.7  25.7   MM   MM    MM
2026 09 21 02 30 100  5.0  6.0    MM    MM    MM  MM 1015.1  29.0  29.7  25.8   MM   MM    MM
2026 09 21 02 20 110  5.0  6.0   0.6     8   5.0  83 1015.1  29.0  29.7  25.7   MM   MM    MM
2026 09 21 02 10 110  4.0  6.0   0.6    MM   5.0  83 1015.1  29.0  29.7  25.8   MM   MM    MM
2026 09 21 02 00 110  4.0  5.0    MM    MM    MM  MM 1015.1  29.1  29.7  25.8   MM +1.6    MM
2026 09 21 01 50 110  4.0  5.0   0.6     8   5.1  62 1015.0  29.1  29.7  25.4   MM   MM    MM
2026 09 21 01 40 110  5.0  6.0    MM    MM    MM  MM 1014.9  29.2  29.7  25.2   MM   MM    MM
2026 09 21 01 30 110  5.0  6.0    MM    MM    MM  MM 1014.8  29.1  29.8  25.3   MM   MM    MM
2026 09 21 01 20 110  5.0  6.0   0.6     8   4.9 102 1014.8  29.1  29.8  25.4   MM   MM    MM
2026 09 21 01 10 110  5.0  6.0   0.6    MM   4.9 102 1014.6  29.1  29.8  25.3   MM   MM    MM
2026 09 21 01 00 110  5.0  6.0    MM    MM    MM  MM 1014.5  29.1  29.8  25.7   MM +1.3    MM
2026 09 21 00 50 110  4.0  5.0   0.5     7   4.9  58 1014.5  29.0    MM  25.9   MM   MM    MM
2026 09 21 00 40 110  4.0  5.0   0.5    MM   4.9  58 1014.4  29.0  29.9  25.7   MM   MM    MM
2026 09 21 00 30 110  4.0  5.0    MM    MM    MM  MM 1014.3  29.1  29.8  25.5   MM   MM    MM
2026 09 21 00 20 120  4.0  5.0   0.6     8   5.1  74 1014.2  29.1  29.9  25.1   MM   MM    MM
2026 09 21 00 10 110  4.0  5.0   0.6    MM   5.1  74 1014.2  29.1  29.9  25.3   MM   MM    MM
2026 09 21 00 00 110  4.0  5.0    MM    MM    MM  MM 1014.0  29.1  29.8  25.7   MM +1.2    MM
2026 09 20 23 50 110  4.0  5.0   0.5     8   4.8  42 1013.8  29.1  29.8  25.7   MM   MM    MM
2026 09 20 23 40 110  3.0  4.0    MM    MM    MM  MM 1013.7  29.1  29.8  25.6   MM   MM    MM
2026 09 20 23 20 120  3.0  4.0   0.5     7   4.8  61 1013.6  29.1  29.9  25.4   MM   MM    MM
2026 09 20 23 10 110  3.0  4.0    MM    MM    MM  MM 1013.5  29.1  29.9  25.1   MM   MM    MM
2026 09 20 23 00 110  3.0  4.0   0.5    MM   4.8  61 1013.4  29.1  29.9  25.2   MM +0.7    MM
2026 09 20 22 50 110  4.0  4.0   0.5     8   4.7  56 1013.3  29.1  30.0  25.2   MM   MM    MM
2026 09 20 22 40 110  3.0  4.0   0.5    MM   4.7  56 1013.2  29.2  30.0  25.5   MM   MM    MM
2026 09 20 22 30 110  3.0  4.0    MM    MM    MM  MM 1013.2  29.2  30.1  25.3   MM   MM    MM
2026 09 20 22 20 110  3.0  4.0   0.6     8   4.7  58 1013.1  29.2  30.1  25.0   MM   MM    MM
2026 09 20 22 10 110  3.0  4.0    MM    MM    MM  MM 1013.1  29.2  30.0  25.2   MM   MM    MM
2026 09 20 22 00 120  3.0  4.0   0.6    MM   4.7  58 1013.1  29.2  30.0  25.2   MM -0.0    MM
2026 09 20 21 50 120  3.0  4.0   0.6     8   4.6  68 1013.1  29.4  30.1  25.5   MM   MM    MM
2026 09 20 21 40 120  3.0  4.0    MM    MM    MM  MM 1013.0  29.4  30.1  25.4   MM   MM    MM
2026 09 20 21 30 110  3.0  4.0    MM    MM    MM  MM 1012.9  29.4  30.0  25.6   MM   MM    MM
2026 09 20 21 20 120  3.0  4.0   0.5     7   4.5  68 1012.8  29.4  30.1  25.3   MM   MM    MM
2026 09 20 21 10 110  3.0  4.0   0.5    MM   4.5  68 1012.8  29.5  30.1  25.3   MM   MM    MM
2026 09 20 21 00 120  3.0  4.0    MM    MM    MM  MM 1012.8  29.5  30.2  25.2   MM -0.5    MM
2026 09 20 20 50 110  3.0  4.0   0.6     8   4.8  47 1012.9  29.4  30.4  25.4   MM   MM    MM
2026 09 20 20 40 120  4.0  5.0   0.6    MM   4.8  47 1012.8  29.4  30.3  25.6   MM   MM    MM
2026 09 20 20 30 120  4.0  5.0    MM    MM    MM  MM 1012.7  29.4  30.3  25.8   MM   MM    MM
2026 09 20 20 20 110  3.0  5.0   0.6     8   4.8  69 1012.7  29.3  30.3  25.9   MM   MM    MM
2026 09 20 20 10 110  4.0  5.0    MM    MM    MM  MM 1012.7  29.3  30.3  26.0   MM   MM    MM
2026 09 20 20 00 120  4.0  4.0    MM    MM    MM  MM 1012.7  29.3  30.3  25.8   MM -0.8    MM
2026 09 20 19 50 140  4.0  5.0   0.6     8   4.8  44 1012.7  29.3  30.4  25.8   MM   MM    MM
2026 09 20 19 40 140  3.0  4.0   0.6    MM   4.8  44 1012.7  29.3  30.4  25.8   MM   MM    MM
2026 09 20 19 30 130  4.0  4.0    MM    MM    MM  MM 1012.8  29.3  30.3  25.5   MM   MM    MM
2026 09 20 19 20 130  3.0  4.0   0.6     8   4.8  31 1012.9  29.3  30.3  25.3   MM   MM    MM
2026 09 20 19 10 130  3.0  4.0    MM    MM    MM  MM 1012.9  29.3  30.3  25.3   MM   MM    MM
2026 09 20 19 00 140  3.0  4.0    MM    MM    MM  MM 1013.0  29.3  30.4  25.3   MM -1.4    MM
2026 09 20 18 50 140  4.0  4.0   0.6     8   4.6  44 1013.1  29.2  30.3  25.0   MM   MM    MM
2026 09 20 18 40 140  3.0  4.0   0.6    MM   4.6  44 1013.1  29.2  30.3  25.2   MM   MM    MM
2026 09 20 18 30 130  3.0  4.0    MM    MM    MM  MM 1013.2  29.1  30.2  25.8   MM   MM    MM
2026 09 20 18 20 140  4.0  4.0   0.6     8   4.6  46 1013.2  29.0  30.3  25.6   MM   MM    MM
2026 09 20 18 10 140  4.0  4.0   0.6    MM   4.6  46 1013.3  29.0  30.2  25.8   MM   MM    MM
2026 09 20 18 00 130  4.0  5.0    MM    MM    MM  MM 1013.3  29.0    MM  25.8   MM -1.6    MM
2026 09 20 17 50 130  4.0  5.0   0.5    MM   4.6  63 1013.4  29.0    MM  25.8   MM   MM    MM
2026 09 20 17 40  MM   MM   MM   0.5     8    MM  MM     MM    MM  30.1    MM   MM   MM    MM
2026 09 20 17 30 120  4.0  5.0    MM    MM    MM  MM 1013.5  28.9  30.1  26.4   MM   MM    MM
2026 09 20 17 20 120  5.0  5.0   0.5     8   4.3  24 1013.5  28.9  30.0  26.1   MM   MM    MM
2026 09 20 17 10 110  5.0  6.0    MM    MM    MM  MM 1013.5  28.9  29.9  26.0   MM   MM    MM
2026 09 20 17 00 120  5.0  6.0    MM    MM    MM  MM 1013.6  28.9  29.9  26.0   MM -1.6    MM
2026 09 20 16 50 110  5.0  6.0   0.5     8   4.5  28 1013.7  28.8  29.9  25.9   MM   MM    MM
2026 09 20 16 40 120  5.0  6.0   0.5    MM   4.5  28 1013.9  28.8  29.9  26.0   MM   MM    MM
2026 09 20 16 30 130  4.0  5.0    MM    MM    MM  MM 1014.0  28.8  29.9  25.9   MM   MM    MM
2026 09 20 16 20 130  5.0  6.0   0.6     8   4.7  36 1014.0  28.9  29.8  26.2   MM   MM    MM
2026 09 20 16 10 120  5.0  7.0   0.6    MM   4.7  36 1014.2  28.8  29.8  25.6   MM   MM    MM
2026 09 20 16 00 110  5.0  7.0    MM    MM    MM  MM 1014.3  28.8  29.9  25.9   MM -0.7    MM
2026 09 20 15 50 110  5.0  6.0   0.5     8   4.7   2 1014.4  28.8  29.9  26.0   MM   MM    MM
2026 09 20 15 40 110  4.0  5.0    MM    MM    MM  MM 1014.6  28.8  29.8  25.8   MM   MM    MM
2026 09 20 15 30 100  5.0  6.0    MM    MM    MM  MM 1014.5  28.8  29.8  25.7   MM   MM    MM
2026 09 20 15 20 100  4.0  5.0   0.5     8   4.6  27 1014.7  28.8  29.7  25.6   MM   MM    MM
2026 09 20 15 10 110  5.0  6.0   0.5    MM   4.6  27 1014.8  28.8  29.7  25.5   MM   MM    MM
2026 09 20 15 00 110  4.0  5.0    MM    MM    MM  MM 1014.9  28.8  29.7  25.6   MM +0.0    MM
2026 09 20 14 50 100  5.0  6.0   0.5     8   4.7  41 1014.9  28.8  29.7  25.6   MM   MM    MM
2026 09 20 14 40 100  5.0  6.0    MM    MM    MM  MM 1015.1  28.8  29.7  25.9   MM   MM    MM
2026 09 20 14 30 100  5.0  6.0    MM    MM    MM  MM 1015.2  28.7  29.6  25.7   MM   MM    MM
2026 09 20 14 20 100  5.0  6.0   0.5     8   4.8  20 1015.2    MM  29.6    MM   MM   MM    MM
2026 09 20 14 10 100  5.0  6.0    MM    MM    MM  MM 1015.3  28.8  29.6  25.8   MM   MM    MM
2026 09 20 14 00 100  5.0  6.0    MM    MM    MM  MM 1015.3  28.8  29.6  25.8   MM +0.8    MM
2026 09 20 13 50 100  4.0  5.0   0.5     8   4.9  12 1015.3  28.8  29.6  25.9   MM   MM    MM
2026 09 20 13 40 100  4.0  6.0    MM    MM    MM  MM 1015.3  28.9  29.6  25.9   MM   MM    MM
2026 09 20 13 30 110  4.0  6.0    MM    MM    MM  MM 1015.4  28.9  29.6  25.8   MM   MM    MM
2026 09 20 13 20 120  4.0  6.0   0.5     8   5.3 357 1015.2  28.9  29.6  25.8   MM   MM    MM
2026 09 20 13 10 120  5.0  6.0   0.5    MM   5.3 357 1015.1  28.9  29.6  25.8   MM   MM    MM
2026 09 20 13 00 110  5.0  6.0    MM    MM    MM  MM 1015.1  28.9  29.6  26.0   MM +1.1    MM
2026 09 20 12 50 110  5.0  6.0   0.5     8   5.5  15 1015.1    MM  29.5    MM   MM   MM    MM
2026 09 20 12 40 100  4.0  4.0    MM    MM    MM  MM 1015.2  28.7  29.5  26.0   MM   MM    MM
2026 09 20 12 30 100  3.0  4.0    MM    MM    MM  MM 1015.1  28.8  29.6  26.0   MM   MM    MM
2026 09 20 12 20 110  3.0  4.0   0.5     8   5.0 355 1015.1    MM  29.5    MM   MM   MM    MM
2026 09 20 12 10 110  3.0  4.0    MM    MM    MM  MM 1015.0  28.9  29.5  25.9   MM   MM    MM
2026 09 20 12 00 110  3.0  4.0    MM    MM    MM  MM 1014.9  28.9  29.5  25.8   MM +1.4    MM
2026 09 20 11 50 100  3.0  4.0   0.5     8   5.3  60 1014.8  28.9  29.6  25.7   MM   MM    MM
2026 09 20 11 40 110  3.0  4.0    MM    MM    MM  MM 1014.8  28.9  29.6  25.7   MM   MM    MM
2026 09 20 11 30 110  3.0  4.0    MM    MM    MM  MM 1014.7  28.8  29.6  25.4   MM   MM    MM
2026 09 20 11 20 100  4.0  4.0   0.6     8   5.4  17 1014.6  28.8  29.6  25.4   MM   MM    MM
2026 09 20 11 10 100  3.0  4.0   0.6    MM   5.4  17 1014.5  28.8  29.6  25.6   MM   MM    MM
2026 09 20 11 00  90  3.0  4.0    MM    MM    MM  MM 1014.4  28.7  29.6  25.4   MM +1.1    MM
2026 09 20 10 50 100  3.0  4.0   0.5     8   5.4  13 1014.3  28.7  29.6  25.4   MM   MM    MM
2026 09 20 10 40 100  3.0  4.0   0.5    MM   5.4  13 1014.2  28.7  29.6  25.3   MM   MM    MM
2026 09 20 10 30  90  3.0  4.0    MM    MM    MM  MM 1014.1  28.6  29.5  25.3   MM   MM    MM
2026 09 20 10 20  90  3.0  4.0   0.5     8   5.1  18 1014.0  28.5  29.6  25.2   MM   MM    MM
2026 09 20 10 10  90  4.0  5.0   0.5    MM   5.1  18 1014.0  28.5  29.6  25.2   MM   MM    MM
2026 09 20 10 00  90  3.0  4.0    MM    MM    MM  MM 1014.0  28.4  29.6  25.3   MM +0.8    MM
2026 09 20 09 50 100  3.0  4.0   0.5     8   5.1   8 1013.9  28.4  29.6  25.3   MM   MM    MM
2026 09 20 09 40  90  3.0  4.0    MM    MM    MM  MM 1013.8  28.4  29.6  25.3   MM   MM    MM
2026 09 20 09 30  90  3.0  3.0    MM    MM    MM  MM 1013.7  28.4  29.7  25.3   MM   MM    MM
2026 09 20 09 20  80  2.0  3.0   0.5     8   5.0  11 1013.6  28.4  29.7  25.4   MM   MM    MM
2026 09 20 09 10  70  2.0  3.0    MM    MM    MM  MM 1013.5  28.4  29.7  25.6   MM   MM    MM
2026 09 20 09 00  90  2.0  3.0    MM    MM    MM  MM 1013.4  28.5  29.6  25.6   MM -0.0    MM
2026 09 20 08 50  90  2.0  3.0   0.5     8   5.0 359 1013.4  28.5  29.6  25.5   MM   MM    MM
2026 09 20 08 40  80  2.0  3.0    MM    MM    MM  MM 1013.3  28.4  29.6  25.1   MM   MM    MM
2026 09 20 08 30  80  2.0  3.0    MM    MM    MM  MM 1013.3  28.4  29.5  25.4   MM   MM    MM
2026 09 20 08 20  90  2.0  3.0   0.5     8   5.1  26 1013.3  28.5  29.5  25.3   MM   MM    MM
2026 09 20 08 10 100  2.0  3.0    MM    MM    MM  MM 1013.2  28.5  29.6  25.2   MM   MM    MM
2026 09 20 08 00  90  3.0  4.0    MM    MM    MM  MM 1013.2  28.5  29.6  25.0   MM -1.1    MM
2026 09 20 07 50 110  3.0  3.0   0.5     8   5.0  10 1013.2  28.5  29.6  25.0   MM   MM    MM
2026 09 20 07 40 100  3.0  4.0    MM    MM    MM  MM 1013.2  28.6  29.6  25.0   MM   MM    MM
2026 09 20 07 30 110  2.0  3.0    MM    MM    MM  MM 1013.2  28.6  29.6  24.8   MM   MM    MM
2026 09 20 07 20 110  2.0  3.0   0.6     8   5.0  13 1013.2  28.6  29.6  24.7   MM   MM    MM
2026 09 20 07 10 110  3.0  3.0   0.6    MM   5.0  13 1013.2  28.6  29.7  25.0   MM   MM    MM
2026 09 20 07 00 100  3.0  4.0    MM    MM    MM  MM 1013.2  28.6    MM  25.0   MM -1.7    MM
2026 09 20 06 50 100  3.0  4.0   0.6     8   5.2 359 1013.2  28.5  29.6  25.1   MM   MM    MM
2026 09 20 06 40 110  3.0  4.0    MM    MM    MM  MM 1013.2  28.6  29.6  25.3   MM   MM    MM
2026 09 20 06 30 110  3.0  4.0    MM    MM    MM  MM 1013.4  28.6  29.6  25.4   MM   MM    MM
2026 09 20 06 20 100  3.0  4.0   0.6     7   5.0  67 1013.4  28.5  29.6  25.3   MM   MM    MM
2026 09 20 06 10 100  3.0  4.0    MM    MM    MM  MM 1013.5  28.5  29.6  25.3   MM   MM    MM
2026 09 20 06 00  90  3.0  4.0    MM    MM    MM  MM 1013.6  28.6  29.6  25.3   MM -1.5    MM
2026 09 20 05 50 100  3.0  4.0   0.5     8   5.0  72 1013.7  28.6  29.7  25.2   MM   MM    MM
2026 09 20 05 40 100  2.0  3.0   0.5    MM   5.0  72 1013.9  28.6  29.6  25.2   MM   MM    MM
2026 09 20 05 30 100  2.0  3.0    MM    MM    MM  MM 1013.9  28.7  29.8  25.3   MM   MM    MM
2026 09 20 05 20 110  2.0  3.0   0.5     8   4.9 358 1014.0  28.6  29.8  25.1   MM   MM    MM
2026 09 20 05 10 100  2.0  3.0    MM    MM    MM  MM 1014.2  28.7  29.8  25.3   MM   MM    MM
2026 09 20 05 00 100  2.0  3.0    MM    MM    MM  MM 1014.3  28.7  29.8  25.2   MM -0.6    MM
2026 09 20 04 50  90  2.0  3.0   0.6     8   5.1  19 1014.6  28.7  29.8  25.2   MM   MM    MM
2026 09 20 04 40 100  2.0  3.0    MM    MM    MM  MM 1014.6  28.7  29.8  25.2   MM   MM    MM
2026 09 20 04 30 110  2.0  3.0    MM    MM    MM  MM 1014.7  28.8  29.7  25.1   MM   MM    MM
2026 09 20 04 20 120  3.0  4.0   0.6     8   4.9 356 1014.6  28.8  29.6  25.0   MM   MM    MM
2026 09 20 04 10 120  2.0  3.0   0.6    MM   4.9 356 1014.8  28.8  29.7  25.1   MM   MM    MM
2026 09 20 04 00 110  2.0  3.0    MM    MM    MM  MM 1014.8  28.8  29.7  25.2   MM +0.3    MM
2026 09 20 03 50 120  2.0  3.0   0.6     8   5.1  11 1014.8  28.8  29.7  25.2   MM   MM    MM
2026 09 20 03 40 120  2.0  3.0    MM    MM    MM  MM 1015.0  28.8  29.8  25.2   MM   MM    MM
2026 09 20 03 30 130  2.0  3.0    MM    MM    MM  MM 1015.0  28.9  29.8  25.4   MM   MM    MM
2026 09 20 03 20 120  2.0  3.0   0.6     7   4.9  76 1015.0  28.9  29.8  25.4   MM   MM    MM
2026 09 20 03 10 130  2.0  3.0   0.6    MM   4.9  76 1015.1  28.9  29.7  25.3   MM   MM    MM
2026 09 20 03 00 120  2.0  3.0    MM    MM    MM  MM 1015.1  28.9  29.6  25.4   MM +1.3    MM
2026 09 20 02 50 100  2.0  3.0   0.6     9   5.0  17 1015.2  28.9  29.6  25.2   MM   MM    MM
2026 09 20 02 40 100  2.0  3.0    MM    MM    MM  MM 1015.3  29.0  29.6  25.3   MM   MM    MM
2026 09 20 02 30 100  2.0  3.0    MM    MM    MM  MM 1015.3  28.9  29.6  25.1   MM   MM    MM
2026 09 20 02 20 110  2.0  3.0   0.5     5   4.8 146 1015.2  28.9  29.6  25.2   MM   MM    MM
2026 09 20 02 10 110  3.0  4.0   0.5    MM   4.8 146 1015.1  29.0  29.6  25.2   MM   MM    MM
2026 09 20 02 00 110  3.0  4.0    MM    MM    MM  MM 1014.9  28.9  29.6  25.3   MM +1.6    MM
2026 09 20 01 50 100  3.0  4.0   0.6     8   5.0  24 1014.8  29.0  29.6  25.3   MM   MM    MM
2026 09 20 01 40 100  3.0  3.0    MM    MM    MM  MM 1014.8  28.9  29.6  25.4   MM   MM    MM
2026 09 20 01 30 100  3.0  4.0    MM    MM    MM  MM 1014.8  29.0  29.6  25.4   MM   MM    MM
2026 09 20 01 20 100  3.0  4.0   0.6     8   4.8  30 1014.7  29.0  29.6  25.4   MM   MM    MM
2026 09 20 01 10 100  3.0  3.0    MM    MM    MM  MM 1014.6  29.0  29.6  25.3   MM   MM    MM
2026 09 20 01 00  90  3.0  4.0    MM    MM    MM  MM 1014.5  29.0  29.6  25.2   MM +1.7    MM
2026 09 20 00 50  80  3.0  4.0   0.6     6   4.7 131 1014.3  28.9  29.6  25.5   MM   MM    MM
2026 09 20 00 40  90  3.0  4.0   0.6    MM   4.7 131 1014.3  28.9  29.7  25.6   MM   MM    MM
2026 09 20 00 30  80  3.0  4.0    MM    MM    MM  MM 1014.2    MM  29.7    MM   MM   MM    MM
2026 09 20 00 20  80  3.0  3.0   0.6    MM   5.0 109 1014.0    MM  29.7    MM   MM   MM    MM
2026 09 20 00 10  80  3.0  4.0    MM    MM    MM  MM 1014.0  28.9  29.7  25.2   MM   MM    MM
2026 09 20 00 00 100  3.0  3.0    MM    MM    MM  MM 1013.9  29.0  29.7  25.4   MM +1.5    MM
2026 09 19 23 50 100  2.0  3.0   0.6     8   4.9  14 1013.7  28.9  29.8  25.1   MM   MM    MM
2026 09 19 23 40 110  2.0  3.0   0.6    MM   4.9  14 1013.5  28.9  29.8  25.0   MM   MM    MM
2026 09 19 23 30 110  2.0  3.0    MM    MM    MM  MM 1013.3  28.9  29.8  25.1   MM   MM    MM
2026 09 19 23 20 100  2.0  3.0   0.6     7   4.8  87 1013.2    MM  29.8    MM   MM   MM    MM
2026 09 19 23 10 110  2.0  3.0    MM    MM    MM  MM 1013.3  29.0  29.8  24.7   MM   MM    MM
2026 09 19 23 00 120  2.0  3.0    MM    MM    MM  MM 1013.2  29.0  29.8  24.9   MM +1.3    MM
2026 09 19 22 50 120  3.0  3.0   0.6     8   4.8 347 1013.1  29.0  29.8  24.9   MM   MM    MM
2026 09 19 22 40 120  3.0  3.0    MM    MM    MM  MM 1013.1  29.0  29.9  25.0   MM   MM    MM
2026 09 19 22 30 120  2.0  3.0    MM    MM    MM  MM 1013.0  29.1  30.0  25.1   MM   MM    MM
2026 09 19 22 20 130  3.0  3.0   0.6     8   4.6 355 1012.9  29.1  30.1  24.9   MM   MM    MM
2026 09 19 22 10 140  3.0  4.0   0.6    MM   4.6 355 1012.9  29.1  30.1  24.8   MM   MM    MM
2026 09 19 22 00 130  3.0  4.0    MM    MM    MM  MM 1012.8  29.1  30.1  25.3   MM +0.6    MM
2026 09 19 21 50 120  3.0  4.0   0.6     8   4.7  23 1012.6  29.2  30.1  25.1   MM   MM    MM
2026 09 19 21 40 120  3.0  4.0   0.6    MM   4.7  23 1012.5  29.2  30.1  25.0   MM   MM    MM
2026 09 19 21 30 120  3.0  4.0    MM    MM    MM  MM 1012.5  29.3  30.1  25.2   MM   MM    MM
2026 09 19 21 20 120  3.0  5.0   0.6     8   4.7   8 1012.4  29.3  30.1  25.1   MM   MM    MM
2026 09 19 21 10 120  3.0  4.0    MM    MM    MM  MM 1012.3  29.3  30.1  25.1   MM   MM    MM
2026 09 19 21 00 130  3.0  4.0    MM    MM    MM  MM 1012.3  29.3  30.1  25.3   MM -0.0    MM
2026 09 19 20 50 130  3.0  4.0   0.6     8   4.6  17 1012.3    MM  30.1    MM   MM   MM    MM
2026 09 19 20 40 120  4.0  4.0    MM    MM    MM  MM 1012.1  29.2  30.1  25.1   MM   MM    MM
2026 09 19 20 30 120  3.0  4.0    MM    MM    MM  MM 1012.2  29.1  30.1  25.4   MM   MM    MM
2026 09 19 20 20 100  3.0  4.0   0.6     8   4.8 352 1012.1  28.8  30.1  25.5   MM   MM    MM
2026 09 19 20 10 110  4.0  6.0   0.6    MM   4.8 352 1012.1  28.8  30.1  25.5   MM   MM    MM
2026 09 19 20 00 100  2.0  3.0    MM    MM    MM  MM 1012.1  29.2  30.1  25.7   MM -1.2    MM
2026 09 19 19 50 100  3.0  4.0   0.7     8   4.9   3 1012.1  29.1  30.0  25.7   MM   MM    MM
2026 09 19 19 40 110  3.0  4.0   0.7    MM   4.9   3 1012.1  29.1  30.1  25.5   MM   MM    MM
2026 09 19 19 30 110  3.0  4.0    MM    MM    MM  MM 1012.2  29.1  30.1  25.6   MM   MM    MM
2026 09 19 19 20 110  3.0  4.0   0.6    MM   4.6   3 1012.2    MM  30.1    MM   MM   MM    MM
2026 09 19 19 10 110  3.0  4.0    MM    MM    MM  MM 1012.1  29.0  30.1  25.4   MM   MM    MM
2026 09 19 19 00 110  3.0  4.0   0.6    MM   4.6   3 1012.2  29.0  30.0  25.3   MM -1.8    MM
2026 09 19 18 50 100  3.0  4.0   0.6     9   4.5 357 1012.3  29.0  30.0  25.3   MM   MM    MM
2026 09 19 18 40  90  3.0  4.0    MM    MM    MM  MM 1012.3  29.0  29.9  25.4   MM   MM    MM
2026 09 19 18 30 100  3.0  4.0    MM    MM    MM  MM 1012.3  28.9  29.9  25.3   MM   MM    MM
2026 09 19 18 20  90  3.0  4.0   0.7     8   4.8 358 1012.4  28.9  29.9  25.3   MM   MM    MM
2026 09 19 18 10  90  3.0  4.0    MM    MM    MM  MM 1012.5  28.9  29.9  25.2   MM   MM    MM
2026 09 19 18 00 100  3.0  4.0    MM    MM    MM  MM 1012.6  28.9  29.9  25.3   MM -2.0    MM
2026 09 19 17 50 100  3.0  4.0   0.7     7   4.7 108 1012.7  28.8  29.9  25.2   MM   MM    MM
2026 09 19 17 40 100  3.0  4.0    MM    MM    MM  MM 1012.8  28.8  29.9  25.3   MM   MM    MM
2026 09 19 17 30  90  3.0  4.0    MM    MM    MM  MM 1012.8  28.8  29.9  25.3   MM   MM    MM
2026 09 19 17 20  80  3.0  4.0   0.7     6   4.6 102 1013.0  28.7  29.9  25.4   MM   MM    MM
2026 09 19 17 10  80  4.0  5.0   0.7    MM   4.6 102 1013.2  28.8  29.9  25.5   MM   MM    MM
2026 09 19 17 00  80  4.0  5.0    MM    MM    MM  MM 1013.2  28.8  29.9  25.4   MM -1.2    MM
2026 09 19 16 50  90  3.0  4.0   0.7     8   4.8   1 1013.2  28.8  29.9  25.6   MM   MM    MM
2026 09 19 16 40  90  3.0  5.0   0.7    MM   4.8   1 1013.4  28.8  29.9  25.5   MM   MM    MM
2026 09 19 16 30  90  4.0  5.0    MM    MM    MM  MM 1013.5  28.8  29.9  25.5   MM   MM    MM
2026 09 19 16 20  90  3.0  4.0   0.6     9   4.7  14 1013.7  28.8  29.8  25.5   MM   MM    MM
2026 09 19 16 10 100  3.0  4.0   0.6    MM   4.7  14 1013.8  28.8  29.8  25.5   MM   MM    MM
2026 09 19 16 00 100  4.0  5.0    MM    MM    MM  MM 1014.0  28.8  29.8  25.5   MM -0.4    MM
2026 09 19 15 50 100  3.0  4.0   0.7     6   4.6 111 1014.1  28.8  29.8  25.4   MM   MM    MM
2026 09 19 15 40  90  3.0  4.0    MM    MM    MM  MM 1014.1  28.8  29.7  25.5   MM   MM    MM
2026 09 19 15 30  90  3.0  5.0    MM    MM    MM  MM 1014.3  28.8  29.7  25.4   MM   MM    MM
2026 09 19 15 20  80  3.0  4.0   0.6     8   4.6   6 1014.4  28.8  29.7  25.4   MM   MM    MM
2026 09 19 15 10 100  3.0  4.0   0.6    MM   4.6   6 1014.5  28.8  29.7  25.4   MM   MM    MM
2026 09 19 15 00  90  3.0  4.0    MM    MM    MM  MM 1014.6  28.8  29.7  25.3   MM +0.8    MM
2026 09 19 14 50 100  4.0  4.0   0.7     5   4.5 122 1014.6  28.8  29.6  25.3   MM   MM    MM
2026 09 19 14 40  90  4.0  5.0    MM    MM    MM  MM 1014.7  28.7  29.6  25.3   MM   MM    MM
2026 09 19 14 30  90  4.0  5.0    MM    MM    MM  MM 1014.7  28.8  29.6  25.4   MM   MM    MM
2026 09 19 14 20  90  4.0  5.0   0.7     9   4.7  11 1014.7  28.8  29.6  25.5   MM   MM    MM
2026 09 19 14 10  80  4.0  4.0   0.7    MM   4.7  11 1014.6  28.7  29.6  25.5   MM   MM    MM
2026 09 19 14 00  80  3.0  4.0    MM    MM    MM  MM 1014.6  28.8  29.6  25.5   MM +1.0    MM
2026 09 19 13 50  80  4.0  4.0   0.7     8   4.5  34 1014.5  28.8  29.6  25.3   MM   MM    MM
2026 09 19 13 40  90  3.0  4.0    MM    MM    MM  MM 1014.5  28.9  29.5  25.3   MM   MM    MM
2026 09 19 13 30 100  3.0  4.0    MM    MM    MM  MM 1014.6  28.9  29.5  25.0   MM   MM    MM
2026 09 19 13 20  90  3.0  4.0   0.6     9   4.4 353 1014.6  28.9  29.5  25.0   MM   MM    MM
2026 09 19 13 10 100  3.0  4.0    MM    MM    MM  MM 1014.6  28.9  29.5  25.1   MM   MM    MM
2026 09 19 13 00 100  4.0  4.0   0.6    MM   4.4 353 1014.4  28.9  29.5  25.1   MM +1.2    MM
2026 09 19 12 50 100  3.0  5.0   0.7     9   4.4 358 1014.4  28.9  29.5  25.5   MM   MM    MM
2026 09 19 12 40 100  3.0  4.0    MM    MM    MM  MM 1014.5  28.9  29.5  25.6   MM   MM    MM
2026 09 19 12 30 110  3.0  4.0    MM    MM    MM  MM 1014.4  28.9  29.4  25.4   MM   MM    MM
2026 09 19 12 20 110  3.0  4.0   0.7     9   4.5  19 1014.2  28.9  29.4  25.5   MM   MM    MM
2026 09 19 12 10 100  4.0  5.0   0.7    MM   4.5  19 1014.1  28.8  29.4  25.4   MM   MM    MM
2026 09 19 12 00 100  4.0  4.0    MM    MM    MM  MM 1013.9  28.8  29.4  25.4   MM +1.2    MM
2026 09 19 11 50 100  4.0  5.0   0.8     5   4.7 126 1013.8  28.8  29.4  25.2   MM   MM    MM
2026 09 19 11 40 100  4.0  5.0    MM    MM    MM  MM 1013.7  28.7  29.4  25.3   MM   MM    MM
2026 09 19 11 30 100  4.0  5.0    MM    MM    MM  MM 1013.6  28.7  29.4  25.4   MM   MM    MM
2026 09 19 11 20  90  4.0  5.0   0.7     4   4.6 115 1013.6  28.7  29.4  25.4   MM   MM    MM
2026 09 19 11 10  90  4.0  5.0    MM    MM    MM  MM 1013.6  28.7  29.4  25.4   MM   MM    MM
2026 09 19 11 00  80  4.0  5.0    MM    MM    MM  MM 1013.5  28.6  29.4  25.5   MM +1.0    MM
2026 09 19 10 50  80  4.0  5.0   0.7     9   4.6 340 1013.4  28.6  29.4  25.7   MM   MM    MM
2026 09 19 10 40  80  4.0  5.0   0.7    MM   4.6 340 1013.3  28.5  29.4  25.6   MM   MM    MM
2026 09 19 10 30  80  4.0  5.0    MM    MM    MM  MM 1013.2  28.5  29.4  25.6   MM   MM    MM
2026 09 19 10 20 100  4.0  5.0   0.7     9   4.6   8 1013.2  28.5  29.4  25.5   MM   MM    MM
2026 09 19 10 10  90  4.0  4.0   0.7    MM   4.6   8 1013.1  28.4  29.4  25.6   MM   MM    MM
2026 09 19 10 00 100  4.0  5.0    MM    MM    MM  MM 1013.2  28.4  29.4  25.7   MM +0.5    MM
2026 09 19 09 50 100  4.0  4.0   0.7     5   4.3  95 1013.1  28.4  29.4  25.4   MM   MM    MM
2026 09 19 09 40 100  4.0  6.0    MM    MM    MM  MM 1013.0  28.4  29.4  25.4   MM   MM    MM
2026 09 19 09 30 100  4.0  5.0    MM    MM    MM  MM 1012.6  28.4  29.4  25.5   MM   MM    MM
2026 09 19 09 20 100  5.0  6.0   0.7     5   4.3 102 1012.7  28.4  29.4  25.3   MM   MM    MM
2026 09 19 09 10 100  4.0  5.0    MM    MM    MM  MM 1012.6  28.5  29.4  25.4   MM   MM    MM
2026 09 19 09 00  90  5.0  6.0    MM    MM    MM  MM 1012.6  28.5  29.4  25.2   MM -0.4    MM
2026 09 19 08 50  90  5.0  6.0   0.8     4   4.3  88 1012.6  28.4  29.4  25.3   MM   MM    MM
2026 09 19 08 40  80  5.0  6.0    MM    MM    MM  MM 1012.6  28.4  29.4  25.3   MM   MM    MM
2026 09 19 08 30  70  5.0  6.0    MM    MM    MM  MM 1012.6  28.4  29.4  25.4   MM   MM    MM
2026 09 19 08 20  90  5.0  6.0   0.8     4   4.4 108 1012.7  28.5  29.4  25.3   MM   MM    MM
2026 09 19 08 10  80  5.0  6.0    MM    MM    MM  MM 1012.6  28.5  29.4  25.1   MM   MM    MM
2026 09 19 08 00  80  5.0  6.0    MM    MM    MM  MM 1012.6  28.5  29.4  25.2   MM -0.9    MM
2026 09 19 07 50  80  5.0  6.0   0.9     5   4.4  99 1012.6  28.4  29.4  25.4   MM   MM    MM
2026 09 19 07 40  90  5.0  6.0    MM    MM    MM  MM 1012.6  28.4  29.4  25.3   MM   MM    MM
2026 09 19 07 30  80  5.0  7.0    MM    MM    MM  MM 1012.6  28.5  29.4  25.5   MM   MM    MM
2026 09 19 07 20  80  5.0  6.0   0.9     4   4.4  93 1012.7  28.5  29.4  25.1   MM   MM    MM
2026 09 19 07 10  80  5.0  6.0   0.9    MM   4.4  93 1012.6  28.5  29.4  25.3   MM   MM    MM
2026 09 19 07 00  80  5.0  6.0    MM    MM    MM  MM 1012.6  28.6  29.4  25.2   MM -1.4    MM
2026 09 19 06 50  90  5.0  7.0   0.9     9   4.4   1 1012.6  28.6  29.4  24.9   MM   MM    MM
2026 09 19 06 40  80  5.0  7.0   0.9    MM   4.4   1 1012.7  28.6  29.4  25.0   MM   MM    MM
2026 09 19 06 30  90  5.0  7.0    MM    MM    MM  MM 1012.8  28.7  29.4  25.0   MM   MM    MM
2026 09 19 06 20  90  5.0  7.0   1.0     7   4.3 100 1012.9  28.7  29.4  25.0   MM   MM    MM
2026 09 19 06 10 100  5.0  6.0   1.0    MM   4.3 100 1012.9  28.7  29.4  25.2   MM   MM    MM
2026 09 19 06 00  90  6.0  7.0    MM    MM    MM  MM 1013.0  28.6  29.4  25.3   MM -1.2    MM
2026 09 19 05 50  90  6.0  7.0   1.0     4   4.4  99 1013.1    MM  29.4    MM   MM   MM    MM
2026 09 19 05 40  90  6.0  7.0    MM    MM    MM  MM 1013.3  28.6  29.4  25.6   MM   MM    MM
2026 09 19 05 30  90  6.0  7.0    MM    MM    MM  MM 1013.3  28.6  29.4  25.4   MM   MM    MM
2026 09 19 05 20  90  6.0  7.0   0.9     4   4.2  97 1013.3  28.6  29.4  25.7   MM   MM    MM
2026 09 19 05 10  80  7.0  8.0   0.9    MM   4.2  97 1013.3  28.6  29.4  25.8   MM   MM    MM
2026 09 19 05 00  80  7.0  8.0    MM    MM    MM  MM 1013.4  28.7  29.4  25.9   MM -1.3    MM
2026 09 19 04 50  90  7.0  8.0   1.0     9   4.3 355 1013.5  28.7  29.4  25.9   MM   MM    MM
2026 09 19 04 40  80  7.0  8.0   1.0    MM   4.3 355 1013.7  28.7  29.4  25.9   MM   MM    MM
2026 09 19 04 30  80  7.0  8.0    MM    MM    MM  MM 1013.8  28.7  29.4  25.9   MM   MM    MM
2026 09 19 04 20  70  7.0  8.0   0.9     4   4.2  88 1014.0  28.7  29.4  26.0   MM   MM    MM
2026 09 19 04 10  70  6.0  7.0   0.9    MM   4.2  88 1014.0  28.7  29.5  25.9   MM   MM    MM
2026 09 19 04 00  80  7.0  8.0    MM    MM    MM  MM 1014.0  28.7  29.5  26.0   MM -0.3    MM
2026 09 19 03 50  80  7.0  8.0   0.9     7   4.3 104 1014.0  28.8  29.5  25.9   MM   MM    MM
2026 09 19 03 40  80  7.0  8.0    MM    MM    MM  MM 1014.1  28.8  29.5  25.7   MM   MM    MM
2026 09 19 03 30  80  7.0  8.0    MM    MM    MM  MM 1014.2  28.9  29.5  25.8   MM   MM    MM
2026 09 19 03 20  80  7.0  8.0   0.9     7   4.5 106 1014.1  28.9  29.5  25.5   MM   MM    MM
2026 09 19 03 10  80  7.0  8.0   0.9    MM   4.5 106 1014.1  28.8  29.5  25.8   MM   MM    MM
2026 09 19 03 00  80  7.0  8.0    MM    MM    MM  MM 1014.2  28.8  29.5  25.9   MM +0.3    MM
2026 09 19 02 50  80  6.0  7.0   0.8     7   4.2 111 1014.2  28.9  29.5  25.7   MM   MM    MM
2026 09 19 02 40  80  6.0  8.0    MM    MM    MM  MM 1014.5  29.0  29.5  25.8   MM   MM    MM
2026 09 19 02 30  80  6.0  7.0    MM    MM    MM  MM 1014.6  28.9  29.5  25.7   MM   MM    MM
2026 09 19 02 20  80  6.0  7.0   0.9     7   4.5 104 1014.6  29.0  29.5  26.0   MM   MM    MM
2026 09 19 02 10  70  5.0  6.0   0.9    MM   4.5 104 1014.6  29.0  29.5  25.9   MM   MM    MM
2026 09 19 02 00  60  5.0  7.0    MM    MM    MM  MM 1014.6  29.0  29.5  25.8   MM +1.1    MM
2026 09 19 01 50  60  5.0  7.0   0.8     7   4.3 108 1014.5  29.0  29.5  25.9   MM   MM    MM
2026 09 19 01 40  60  6.0  7.0    MM    MM    MM  MM 1014.5  28.9  29.5  25.9   MM   MM    MM
2026 09 19 01 30  60  6.0  7.0    MM    MM    MM  MM 1014.5  28.9  29.5  26.0   MM   MM    MM
2026 09 19 01 20  60  6.0  7.0   0.7     7   4.2  95 1014.6  28.9  29.5  26.0   MM   MM    MM
2026 09 19 01 10  50  6.0  7.0   0.7    MM   4.2  95 1014.4  28.9  29.5  26.1   MM   MM    MM
2026 09 19 01 00  60  6.0  7.0    MM    MM    MM  MM 1014.3  28.9  29.5  26.2   MM +0.7    MM
2026 09 19 00 50  70  6.0  8.0   0.8     7   4.3 112 1014.3  28.7  29.5  26.4   MM   MM    MM
2026 09 19 00 40  60  5.0  7.0    MM    MM    MM  MM 1014.1  28.8  29.5  26.5   MM   MM    MM
2026 09 19 00 30  60  6.0  6.0    MM    MM    MM  MM 1014.1  28.8  29.5  26.3   MM   MM    MM
2026 09 19 00 20  60  6.0  7.0   0.8     7   4.6 113 1014.0  28.8  29.5  26.2   MM   MM    MM
2026 09 19 00 10  60  6.0  7.0   0.8    MM   4.6 113 1013.8  28.8  29.5  25.9   MM   MM    MM
2026 09 19 00 00  60  6.0  7.0    MM    MM    MM  MM 1013.8  28.8    MM  26.0   MM +0.5    MM
2026 09 18 23 50  60  5.0  7.0   0.8     7   4.5  97 1013.8  28.7  29.6  26.0   MM   MM    MM
2026 09 18 23 40  60  5.0  7.0    MM    MM    MM  MM 1013.7  28.8  29.6  26.3   MM   MM    MM
2026 09 18 23 20  50  6.0  6.0   0.8     7   4.6 106 1013.7  28.8  29.6  26.3   MM   MM    MM
2026 09 18 23 10  60  6.0  7.0   0.8    MM   4.6 106 1013.6  28.9  29.6  26.3   MM   MM    MM
2026 09 18 23 00  50  5.0  7.0    MM    MM    MM  MM 1013.5  28.9  29.6  26.0   MM -0.0    MM
2026 09 18 22 50  60  5.0  6.0   0.7     8   4.7 104 1013.5  29.0  29.6  25.8   MM   MM    MM
2026 09 18 22 40  60  5.0  6.0    MM    MM    MM  MM 1013.5  29.0  29.6  25.5   MM   MM    MM
2026 09 18 22 30  60  5.0  6.0    MM    MM    MM  MM 1013.5  29.1  29.6  25.3   MM   MM    MM
2026 09 18 22 20  60  5.0  6.0   0.7     7   4.8  99 1013.5  29.1  29.6  25.5   MM   MM    MM
2026 09 18 22 10  60  5.0  6.0   0.7    MM   4.8  99 1013.6  29.0  29.6  25.6   MM   MM    MM
2026 09 18 22 00  70  5.0  6.0    MM    MM    MM  MM 1013.6  29.1  29.6  25.7   MM -0.5    MM
2026 09 18 21 50  60  4.0  5.0   0.7     7   4.6 112 1013.5  29.1  29.7  25.8   MM   MM    MM
2026 09 18 21 40  60  5.0  5.0    MM    MM    MM  MM 1013.6  29.1  29.7  25.8   MM   MM    MM
2026 09 18 21 30  60  5.0  6.0    MM    MM    MM  MM 1013.5  29.1  29.7  25.7   MM   MM    MM
2026 09 18 21 20  60  5.0  6.0   0.7     7   4.4  91 1013.4  29.0  29.7  25.8   MM   MM    MM
2026 09 18 21 10  60  5.0  6.0   0.7    MM   4.4  91 1013.4  29.0  29.8  25.8   MM   MM    MM
2026 09 18 21 00  60  5.0  6.0    MM    MM    MM  MM 1013.4  29.1  29.7  25.7   MM -1.2    MM
2026 09 18 20 50  60  4.0  6.0   0.7     7   4.6 101 1013.5  29.0  29.8  25.7   MM   MM    MM
2026 09 18 20 40  60  5.0  6.0   0.7    MM   4.6 101 1013.5  29.1  29.8  25.8   MM   MM    MM
2026 09 18 20 30  70  5.0  6.0    MM    MM    MM  MM 1013.5  29.2  29.8  25.5   MM   MM    MM
2026 09 18 20 20  70  4.0  5.0   0.7     7   4.3 109 1013.6  29.2  29.8  25.2   MM   MM    MM
2026 09 18 20 10  70  5.0  6.0   0.7    MM   4.3 109 1013.6  29.1  29.7  25.5   MM   MM    MM
2026 09 18 20 00  60  4.0  5.0    MM    MM    MM  MM 1013.7  29.1  29.8  25.6   MM -1.7    MM
2026 09 18 19 50  70  5.0  6.0   0.8     7   4.5 115 1013.8  29.1  29.8  25.6   MM   MM    MM
2026 09 18 19 40  70  4.0  6.0   0.8    MM   4.5 115 1013.9  29.2  29.8  25.6   MM   MM    MM
2026 09 18 19 30  70  5.0  5.0    MM    MM    MM  MM 1013.9  29.2  29.8  25.4   MM   MM    MM
2026 09 18 19 20  70  5.0  6.0   0.7     7   4.5 109 1014.0    MM  29.7    MM   MM   MM    MM
2026 09 18 19 10  60  5.0  6.0    MM    MM    MM  MM 1014.1  29.1  29.7  25.1   MM   MM    MM
2026 09 18 19 00  70  5.0  6.0    MM    MM    MM  MM 1014.3  29.1  29.7  25.4   MM -2.1    MM
2026 09 18 18 50  60  5.0  5.0   0.7    MM   4.5  98 1014.3    MM  29.7    MM   MM   MM    MM
2026 09 18 18 40  70  5.0  5.0    MM    MM    MM  MM 1014.2  29.0  29.7  25.6   MM   MM    MM
2026 09 18 18 30  70  5.0  6.0    MM    MM    MM  MM 1014.3  29.0  29.8  25.8   MM   MM    MM
2026 09 18 18 20  60  5.0  6.0   0.7     8   4.5 107 1014.5  28.9  29.6  25.7   MM   MM    MM
2026 09 18 18 10  70  5.0  6.0   0.7    MM   4.5 107 1014.6  28.9  29.7  25.7   MM   MM    MM
2026 09 18 18 00  60  5.0  6.0    MM    MM    MM  MM 1014.6  29.0  29.7  25.8   MM -2.2    MM
2026 09 18 17 50  60  5.0  6.0   0.8     7   4.5 100 1014.8  29.0  29.7  25.3   MM   MM    MM
2026 09 18 17 40  60  5.0  6.0    MM    MM    MM  MM 1015.0  28.9  29.7  25.6   MM   MM    MM
2026 09 18 17 30  70  5.0  6.0    MM    MM    MM  MM 1015.1  28.9  29.7  26.1   MM   MM    MM
2026 09 18 17 20  70  5.0  6.0   0.8     7   4.3  98 1015.2  28.9  29.7  26.0   MM   MM    MM
2026 09 18 17 10  70  5.0  6.0   0.8    MM   4.3  98 1015.3  28.9  29.7  25.7   MM   MM    MM
2026 09 18 17 00  70  5.0  6.0    MM    MM    MM  MM 1015.4  28.9  29.7  25.8   MM -1.4    MM
2026 09 18 16 50  70  5.0  6.0   0.9     7   4.5  91 1015.6  28.9  29.7  25.8   MM   MM    MM
2026 09 18 16 40  70  5.0  6.0   0.9    MM   4.5  91 1015.7  28.9  29.6  25.8   MM   MM    MM
2026 09 18 16 30  70  5.0  6.0    MM    MM    MM  MM 1015.8  29.0  29.6  25.5   MM   MM    MM
2026 09 18 16 20  70  5.0  6.0   0.9     7   4.5 102 1016.0  28.9  29.6  25.4   MM   MM    MM
2026 09 18 16 10  70  5.0  6.0   0.9    MM   4.5 102 1016.1  28.8  29.6  25.9   MM   MM    MM
2026 09 18 16 00  60  5.0  7.0    MM    MM    MM  MM 1016.2  28.9  29.6  25.9   MM   MM    MM
2026 09 18 15 50  70  6.0  7.0   0.9     5   4.4 131 1016.4  28.9  29.6  25.9   MM   MM    MM
2026 09 18 15 40  70  6.0  7.0    MM    MM    MM  MM 1016.5  28.9  29.6  25.8   MM   MM    MM
2026 09 18 15 30  80  6.0  7.0    MM    MM    MM  MM 1016.6  28.9  29.6  25.7   MM   MM    MM
2026 09 18 15 20  80  6.0  7.0   0.9     6   4.5 121 1016.6  29.0  29.6  25.8   MM   MM    MM
2026 09 18 15 10  80  6.0  7.0   0.9    MM   4.5 121 1016.7  29.0  29.6  26.0   MM   MM    MM
2026 09 18 15 00  80  6.0  7.0    MM    MM    MM  MM 1016.8  28.9  29.5  25.9   MM +0.4    MM
2026 09 18 14 50  90  6.0  7.0   0.9     7   4.5 102 1016.7  29.1  29.5  25.3   MM   MM    MM
2026 09 18 14 40  80  6.0  7.0   0.9    MM   4.5 102 1016.8  29.0  29.5  25.4   MM   MM    MM
2026 09 18 14 30  90  6.0  7.0    MM    MM    MM  MM 1016.8  29.0  29.5  25.9   MM   MM    MM
2026 09 18 14 20  90  6.0  7.0   1.0     8   4.6 106 1016.8  29.0  29.5  25.9   MM   MM    MM
2026 09 18 14 10  80  6.0  7.0   1.0    MM   4.6 106 1016.8  29.0  29.5  25.9   MM   MM    MM
2026 09 18 14 00  80  5.0  7.0    MM    MM    MM  MM 1016.7  29.0  29.5  25.8   MM +1.1    MM
2026 09 18 13 50  80  5.0  7.0   0.9     7   4.5 105 1016.7  29.0  29.5  26.2   MM   MM    MM
2026 09 18 13 40  80  6.0  7.0   0.9    MM   4.5 105 1016.7  28.9  29.5  26.0   MM   MM    MM
2026 09 18 13 30  80  5.0  6.0    MM    MM    MM  MM 1016.7  29.0  29.5  26.3   MM   MM    MM
2026 09 18 13 20  80  6.0  7.0    MM    MM    MM  MM 1016.8  29.0  29.5  25.9   MM   MM    MM
2026 09 18 13 10  80  6.0  7.0    MM    MM    MM  MM 1016.7  29.0  29.4  25.8   MM   MM    MM
2026 09 18 12 50  80  6.0  7.0   1.0     7   4.8 124 1016.8  29.0    MM  25.9   MM   MM    MM
2026 09 18 12 40  80  5.0  7.0   1.0    MM   4.8 124 1016.8  28.9  29.4  26.1   MM   MM    MM
2026 09 18 12 30  80  5.0  7.0    MM    MM    MM  MM 1016.7  28.9  29.4  25.9   MM   MM    MM
2026 09 18 12 20  70  6.0  7.0   1.0     8   4.6 120 1016.5  28.7  29.4  25.9   MM   MM    MM
2026 09 18 12 10  60  6.0  7.0   1.0    MM   4.6 120 1016.4  28.6  29.4  26.2   MM   MM    MM
2026 09 18 12 00  80  6.0  8.0    MM    MM    MM  MM 1016.4  28.8  29.4  26.0   MM +1.5    MM
2026 09 18 11 50  90  6.0  7.0   1.0    MM   4.6 106 1016.2  28.9  29.4  25.8   MM   MM    MM
2026 09 18 11 40  MM   MM   MM   1.0     8   4.6 106     MM    MM    MM    MM   MM   MM    MM
2026 09 18 11 30  80  6.0  7.0    MM    MM    MM  MM 1016.0  28.9  29.4  25.7   MM   MM    MM
2026 09 18 11 20  80  6.0  7.0   1.0     6   4.5 138 1015.9  28.8  29.4  25.7   MM   MM    MM
2026 09 18 11 10  70  6.0  7.0   1.0    MM   4.5 138 1015.9  28.8  29.4  25.6   MM   MM    MM
2026 09 18 11 00  80  6.0  7.0    MM    MM    MM  MM 1015.8  28.8  29.4  25.9   MM +1.0    MM
2026 09 18 10 50  80  6.0  7.0   1.0     8   4.5 106 1015.6  28.8  29.4  25.8   MM   MM    MM
2026 09 18 10 40  80  7.0  8.0    MM    MM    MM  MM 1015.5  28.7  29.4  25.9   MM   MM    MM
2026 09 18 10 30  70  6.0  8.0    MM    MM    MM  MM 1015.5  28.7  29.4  26.2   MM   MM    MM
2026 09 18 10 20  80  7.0  8.0   1.0     7   4.8 115 1015.5  28.7  29.4  25.8   MM   MM    MM
2026 09 18 10 10  80  7.0  8.0   1.0    MM   4.8 115 1015.3  28.7  29.4  25.9   MM   MM    MM
2026 09 18 10 00  80  6.0  8.0    MM    MM    MM  MM 1015.4  28.7  29.4  26.2   MM +0.6    MM
2026 09 18 09 50  70  6.0  7.0   1.0     6   4.7 133 1015.4  28.6  29.4  26.0   MM   MM    MM
2026 09 18 09 40  80  6.0  7.0    MM    MM    MM  MM 1015.3  28.6  29.4  26.2   MM   MM    MM
2026 09 18 09 30  80  6.0  7.0    MM    MM    MM  MM 1015.3  28.6  29.4  26.2   MM   MM    MM
2026 09 18 09 20  80  6.0  7.0   1.1     6   4.8 139 1015.1  28.6  29.4  26.1   MM   MM    MM
2026 09 18 09 10  80  6.0  7.0    MM    MM    MM  MM 1015.0  28.7  29.4  26.1   MM   MM    MM
2026 09 18 09 00  80  6.0  7.0    MM    MM    MM  MM 1014.9  28.6  29.4  25.9   MM +0.0    MM
2026 09 18 08 50  80  6.0  8.0   1.0     8   4.7 108 1014.9  28.6  29.4  25.8   MM   MM    MM
2026 09 18 08 40  80  6.0  8.0    MM    MM    MM  MM 1014.7  28.6  29.4  25.8   MM   MM    MM
2026 09 18 08 30  90  6.0  7.0    MM    MM    MM  MM 1014.6  28.7  29.4  25.9   MM   MM    MM
2026 09 18 08 20  80  6.0  8.0   1.1     8   4.7 114 1014.6  28.7  29.4  25.5   MM   MM    MM
2026 09 18 08 10  90  7.0  8.0    MM    MM    MM  MM 1014.7  28.7    MM  25.5   MM   MM    MM
2026 09 18 08 00  80  7.0  8.0    MM    MM    MM  MM 1014.7  28.7  29.4  25.4   MM -0.8    MM
2026 09 18 07 50  80  7.0  8.0   1.1     8   4.5 106 1014.6  28.8  29.4  25.3   MM   MM    MM
2026 09 18 07 40  80  6.0  8.0    MM    MM    MM  MM 1014.8  28.8  29.4  25.4   MM   MM    MM
2026 09 18 07 30  90  7.0  8.0    MM    MM    MM  MM 1014.6  28.8  29.4  25.0   MM   MM    MM
2026 09 18 07 20  80  7.0  8.0   1.1     5   4.5 102 1014.6  28.8  29.4  25.3   MM   MM    MM
2026 09 18 07 10  90  7.0  8.0   1.1    MM   4.5 102 1014.7  28.7  29.4  25.6   MM   MM    MM
2026 09 18 07 00  90  7.0  8.0    MM    MM    MM  MM 1014.7  28.7  29.4  25.8   MM -1.2    MM
2026 09 18 06 50  80  7.0  8.0   1.2     8   4.7 114 1014.7  28.7  29.4  26.1   MM   MM    MM
2026 09 18 06 40  80  7.0  9.0    MM    MM    MM  MM 1014.7  28.6  29.4  25.9   MM   MM    MM
2026 09 18 06 30  80  7.0  8.0    MM    MM    MM  MM 1014.7  28.7  29.4  26.2   MM   MM    MM
2026 09 18 06 20  90  7.0  8.0   1.2     6   4.6 114 1014.8  28.8  29.4  26.0   MM   MM    MM
2026 09 18 06 10  80  7.0  9.0   1.2    MM   4.6 114 1014.9  28.8  29.4  26.0   MM   MM    MM
2026 09 18 06 00  80  7.0  9.0    MM    MM    MM  MM 1015.0  28.7  29.4  26.0   MM -1.2    MM
2026 09 18 05 50  90  7.0  9.0   1.3     8   4.8 105 1015.1  28.7  29.4  25.9   MM   MM    MM
2026 09 18 05 40  80  7.0  9.0    MM    MM    MM  MM 1015.1  28.8  29.4  25.9   MM   MM    MM
2026 09 18 05 30  80  8.0  9.0    MM    MM    MM  MM 1015.1  28.8  29.5  26.0   MM   MM    MM
2026 09 18 05 20  80  7.0  9.0   1.2     8   4.8 117 1015.2  28.8  29.4  25.9   MM   MM    MM
2026 09 18 05 10  80  7.0  9.0    MM    MM    MM  MM 1015.3  28.9  29.4  25.8   MM   MM    MM
2026 09 18 05 00  80  8.0  9.0    MM    MM    MM  MM 1015.5  28.8  29.4  25.5   MM -0.8    MM
2026 09 18 04 50  80  7.0  9.0   1.3     6   4.7 120 1015.6  28.9  29.5  25.8   MM   MM    MM
2026 09 18 04 40  80  7.0  9.0    MM    MM    MM  MM 1015.6  28.8  29.5  25.9   MM   MM    MM
2026 09 18 04 30  80  7.0  9.0    MM    MM    MM  MM 1015.8  28.8  29.5  26.3   MM   MM    MM
2026 09 18 04 20  80  8.0  9.0   1.4     5   4.9 110 1015.8  28.7  29.5  26.3   MM   MM    MM
2026 09 18 04 10  80  7.0  9.0   1.4    MM   4.9 110 1015.9  28.8  29.5  26.6   MM   MM    MM
2026 09 18 04 00  80  7.0  8.0    MM    MM    MM  MM 1016.0  28.9  29.5  26.5   MM -0.4    MM
2026 09 18 03 50  80  7.0  9.0   1.3     8   4.8 107 1016.0  28.9  29.5  26.4   MM   MM    MM
2026 09 18 03 40  90  7.0  9.0    MM    MM    MM  MM 1016.0  28.9  29.5  26.5   MM   MM    MM
2026 09 18 03 30  90  8.0  9.0    MM    MM    MM  MM 1016.1  28.9  29.5  26.3   MM   MM    MM
2026 09 18 03 20  90  8.0  9.0   1.4     6   4.9 117 1016.0  28.9  29.5  26.4   MM   MM    MM
2026 09 18 03 10  90  8.0 10.0    MM    MM    MM  MM 1016.2  29.0  29.5  26.5   MM   MM    MM
2026 09 18 03 00  80  8.0  9.0    MM    MM    MM  MM 1016.2  28.9  29.5  26.4   MM +0.0    MM
2026 09 18 02 50  80  8.0 10.0   1.3     6   4.7 118 1016.2  28.9  29.5  26.5   MM   MM    MM
2026 09 18 02 40  80  8.0 10.0   1.3    MM   4.7 118 1016.2  29.0  29.5  26.6   MM   MM    MM
2026 09 18 02 30  80  9.0 10.0    MM    MM    MM  MM 1016.1  29.0  29.5  26.5   MM   MM    MM
2026 09 18 02 20  80  8.0  9.0   1.3     6   4.9 116 1016.2  29.0  29.5  26.6   MM   MM    MM
2026 09 18 02 10  80  8.0  9.0    MM    MM    MM  MM 1016.1  29.0  29.5  26.6   MM   MM    MM
2026 09 18 02 00  80  8.0  9.0    MM    MM    MM  MM 1016.3  29.0  29.5  26.6   MM +0.5    MM
2026 09 18 01 50  80  8.0 10.0   1.3     6   4.7 114 1016.3  29.0  29.5  26.7   MM   MM    MM
2026 09 18 01 40  80  9.0 10.0    MM    MM    MM  MM 1016.4  29.1  29.5  26.6   MM   MM    MM
2026 09 18 01 30  80  8.0 10.0    MM    MM    MM  MM 1016.4  29.1  29.5  26.7   MM   MM    MM
2026 09 18 01 20  70  9.0 10.0   1.3     8   5.0 103 1016.4  29.1  29.5  26.7   MM   MM    MM
2026 09 18 01 10  70  8.0 10.0   1.3    MM   5.0 103 1016.4  29.1  29.5  26.8   MM   MM    MM
2026 09 18 01 00  70  8.0 10.0    MM    MM    MM  MM 1016.4  29.1  29.5  26.8   MM +1.0    MM
2026 09 18 00 50  70  8.0  9.0   1.3     6   4.9 110 1016.3  29.2  29.5  26.8   MM   MM    MM
2026 09 18 00 40  80  8.0  9.0    MM    MM    MM  MM 1016.2  29.1  29.5  26.7   MM   MM    MM
2026 09 18 00 30  70  8.0  9.0    MM    MM    MM  MM 1016.2  29.1  29.5  26.7   MM   MM    MM
2026 09 18 00 20  70  8.0  9.0   1.2     6   5.0 115 1016.2  29.1  29.5  26.8   MM   MM    MM
2026 09 18 00 10  70  8.0  9.0   1.2    MM   5.0 115 1016.1  29.1  29.5  26.7   MM   MM    MM
2026 09 18 00 00  60  7.0  8.0    MM    MM    MM  MM 1016.0  29.1  29.5  26.8   MM +1.2    MM
2026 09 17 23 50  70  7.0  8.0   1.2     6   5.1 112 1016.0  29.1  29.5  26.7   MM   MM    MM
2026 09 17 23 40  60  7.0  8.0    MM    MM    MM  MM 1015.9  29.2  29.5  26.9   MM   MM    MM
2026 09 17 23 10  60  6.0  8.0   1.2    MM   5.1 115 1015.8  29.2  29.5  26.9   MM   MM    MM
2026 09 17 23 00  60  5.0  7.0    MM    MM    MM  MM 1015.7  29.3  29.5  26.8   MM +1.1    MM
2026 09 17 22 50  60  4.0  5.0   1.2     6   5.1 117 1015.6  29.3  29.5  26.5   MM   MM    MM
2026 09 17 22 40  70  4.0  5.0   1.2    MM   5.1 117 1015.5  29.2  29.5  26.5   MM   MM    MM
2026 09 17 22 30  80  4.0  5.0    MM    MM    MM  MM 1015.3  29.2  29.5  26.5   MM   MM    MM
2026 09 17 22 20  80  5.0  6.0   1.2     6   5.1 112 1015.3  29.2  29.5  26.5   MM   MM    MM
2026 09 17 22 10  70  4.0  5.0   1.2    MM   5.1 112 1015.3  29.3  29.5  26.5   MM   MM    MM
2026 09 17 22 00  80  4.0  5.0    MM    MM    MM  MM 1015.3  29.3  29.5  26.4   MM +0.7    MM
2026 09 17 21 50  80  4.0  5.0   1.1     6   5.0 113 1015.2  29.4  29.5  26.4   MM   MM    MM
2026 09 17 21 40  90  5.0  6.0    MM    MM    MM  MM 1015.1  29.4  29.5  26.3   MM   MM    MM
2026 09 17 21 30  90  5.0  6.0    MM    MM    MM  MM 1015.1  29.4  29.6  26.3   MM   MM    MM
2026 09 17 21 20 100  5.0  6.0   1.2     6   4.9 114 1015.0  29.4  29.6  26.3   MM   MM    MM
2026 09 17 21 10 100  5.0  6.0    MM    MM    MM  MM 1014.9  29.4  29.5  26.4   MM   MM    MM
2026 09 17 21 00 110  5.0  6.0    MM    MM    MM  MM 1014.8  29.4  29.6  26.6   MM +0.0    MM
2026 09 17 20 50 100  5.0  6.0   1.2     6   4.7 108 1014.7  29.5  29.6  26.6   MM   MM    MM
2026 09 17 20 40 100  5.0  6.0   1.2    MM   4.7 108 1014.6  29.5  29.6  26.4   MM   MM    MM
2026 09 17 20 30  90  6.0  7.0    MM    MM    MM  MM 1014.6  29.4  29.6  26.5   MM   MM    MM
2026 09 17 20 20 100  6.0  7.0   1.2     6   4.8 115 1014.6  29.4  29.6  26.6   MM   MM    MM
2026 09 17 20 10 100  6.0  7.0   1.2    MM   4.8 115 1014.6  29.4  29.6  26.7   MM   MM    MM
2026 09 17 20 00 100  6.0  7.0    MM    MM    MM  MM 1014.7  29.4  29.6  26.7   MM -0.7    MM
2026 09 17 19 50 100  6.0  7.0   1.2     6   4.8 103 1014.7  29.4  29.6  26.8   MM   MM    MM
2026 09 17 19 40 100  6.0  7.0   1.2    MM   4.8 103 1014.8  29.4  29.6  26.8   MM   MM    MM
2026 09 17 19 30 100  6.0  7.0    MM    MM    MM  MM 1014.8  29.4  29.6  26.7   MM   MM    MM
2026 09 17 19 20 100  6.0  7.0   1.4     6   4.8 117 1014.8  29.4  29.6  26.8   MM   MM    MM
2026 09 17 19 10 100  6.0  7.0    MM    MM    MM  MM 1014.8  29.4  29.6  26.8   MM   MM    MM
2026 09 17 19 00 100  6.0  8.0    MM    MM    MM  MM 1014.7  29.4  29.6  26.7   MM -1.5    MM
2026 09 17 18 50 110  7.0  8.0   1.3     6   4.7 117 1014.7  29.4  29.6  26.7   MM   MM    MM
2026 09 17 18 40 110  7.0  8.0    MM    MM    MM  MM 1014.7  29.4  29.6  26.7   MM   MM    MM
2026 09 17 18 30 110  7.0  8.0    MM    MM    MM  MM 1014.6  29.4  29.6  26.6   MM   MM    MM
2026 09 17 18 20 110  7.0  9.0   1.3     6   4.6 117 1014.8  29.5  29.6  26.5   MM   MM    MM
2026 09 17 18 10 110  7.0  9.0    MM    MM    MM  MM 1014.8  29.5  29.6  26.3   MM   MM    MM
2026 09 17 18 00 110  7.0  9.0    MM    MM    MM  MM 1014.9  29.5  29.6  26.5   MM -1.7    MM
2026 09 17 17 50 110  7.0  9.0   1.3     6   4.8 120 1015.0  29.5  29.5  26.2   MM   MM    MM
2026 09 17 17 40 110  7.0  8.0    MM    MM    MM  MM 1015.2  29.5  29.5  26.4   MM   MM    MM
2026 09 17 17 30 100  7.0  9.0    MM    MM    MM  MM 1015.2  29.5  29.5  26.4   MM   MM    MM
2026 09 17 17 20 110  7.0  9.0   1.4     6   4.7 120 1015.2  29.5  29.5  26.6   MM   MM    MM
2026 09 17 17 10 110  8.0  9.0   1.4    MM   4.7 120 1015.3  29.4  29.5  26.4   MM   MM    MM
2026 09 17 17 00 110  8.0  9.0    MM    MM    MM  MM 1015.4  29.4  29.5  26.6   MM -1.3    MM
2026 09 17 16 50 110  8.0  9.0   1.4     6   4.8 108 1015.5  29.3  29.5  26.8   MM   MM    MM
2026 09 17 16 40 110  7.0  9.0    MM    MM    MM  MM 1015.7  29.2  29.5  26.9   MM   MM    MM
2026 09 17 16 30 110  7.0  9.0    MM    MM    MM  MM 1015.9  29.3  29.5  27.1   MM   MM    MM
2026 09 17 16 20 110  7.0  9.0   1.5     6   4.8 108 1016.0  29.3  29.5  26.9   MM   MM    MM
2026 09 17 16 10 110  7.0  8.0    MM    MM    MM  MM 1016.0  29.4  29.5  26.6   MM   MM    MM
2026 09 17 16 00 110  7.0  8.0    MM    MM    MM  MM 1016.2  29.4  29.5  26.6   MM -0.4    MM
2026 09 17 15 50 100  7.0  9.0   1.4     6   4.8 117 1016.3  29.4  29.5  26.6   MM   MM    MM
2026 09 17 15 40 100  7.0  8.0   1.4    MM   4.8 117 1016.4  29.4  29.5  26.9   MM   MM    MM
2026 09 17 15 30 100  7.0  9.0    MM    MM    MM  MM 1016.4  29.4  29.5  27.0   MM   MM    MM
2026 09 17 15 20 110  7.0  8.0   1.5     6   4.8 125 1016.4  29.4  29.4  27.2   MM   MM    MM
2026 09 17 15 10 120  7.0  9.0   1.5    MM   4.8 125 1016.4  29.4  29.4  27.2   MM   MM    MM
2026 09 17 15 00 120  8.0  9.0    MM    MM    MM  MM 1016.5  29.4  29.4  27.0   MM +0.3    MM
2026 09 17 14 50 110  8.0 10.0   1.5     6   5.0 111 1016.6  29.5  29.4  26.7   MM   MM    MM
2026 09 17 14 40 120  8.0 10.0   1.5    MM   5.0 111 1016.7  29.4  29.4  26.6   MM   MM    MM
2026 09 17 14 30 110  8.0 10.0    MM    MM    MM  MM 1016.8  29.4  29.4  26.7   MM   MM    MM
2026 09 17 14 20 120  8.0 10.0   1.4     6   5.3 119 1016.7  29.4  29.4  26.8   MM   MM    MM
2026 09 17 14 10 110  7.0  9.0   1.4    MM   5.3 119 1016.7  29.3  29.4  26.9   MM   MM    MM
2026 09 17 14 00 110  6.0  8.0    MM    MM    MM  MM 1016.7  29.2  29.4  27.0   MM +1.0    MM
2026 09 17 13 50 100  6.0  8.0   1.4     6   5.1 107 1016.5  29.1  29.4  27.1   MM   MM    MM
2026 09 17 13 40 100  6.0  7.0   1.4    MM   5.1 107 1016.6  29.0  29.4  27.1   MM   MM    MM
2026 09 17 13 30 100  6.0  7.0    MM    MM    MM  MM 1016.6  28.9  29.4  27.1   MM   MM    MM
2026 09 17 13 20 100  5.0  7.0   1.5     6   5.2 112 1016.7  28.9  29.4  27.1   MM   MM    MM
2026 09 17 13 10 110  5.0  6.0   1.5    MM   5.2 112 1016.7  28.8  29.4  26.8   MM   MM    MM
2026 09 17 13 00 110  5.0  6.0    MM    MM    MM  MM 1016.7  28.7  29.4  26.4   MM +1.1    MM
2026 09 17 12 50 120  5.0  6.0   1.5     7   5.1 112 1016.7  28.6  29.4  26.5   MM   MM    MM
2026 09 17 12 40 120  5.0  6.0    MM    MM    MM  MM 1016.7  28.4  29.4  26.4   MM   MM    MM
2026 09 17 12 30 120  6.0  7.0    MM    MM    MM  MM 1016.5  28.5  29.4  26.0   MM   MM    MM
2026 09 17 12 20 120  6.0  8.0   1.5     6   5.3 115 1016.4  28.6  29.4  26.4   MM   MM    MM
2026 09 17 12 10 120  7.0  9.0    MM    MM    MM  MM 1016.3  28.7  29.4  26.6   MM   MM    MM
2026 09 17 12 00 110  7.0  8.0    MM    MM    MM  MM 1016.2  28.9  29.4  26.8   MM +0.9    MM
2026 09 17 11 50 110  7.0  9.0   1.5     7   5.3 118 1016.1  29.0  29.4  26.9   MM   MM    MM
2026 09 17 11 40 100  8.0  9.0   1.5    MM   5.3 118 1016.2  28.9  29.4  26.7   MM   MM    MM
2026 09 17 11 30  90  7.0  8.0    MM    MM    MM  MM 1016.1  28.8  29.4  26.9   MM   MM    MM
2026 09 17 11 20 100  7.0  9.0   1.6     7   5.4 105 1015.9  28.9  29.4  26.9   MM   MM    MM
2026 09 17 11 10 100  7.0  8.0    MM    MM    MM  MM 1015.8  28.9  29.4  26.6   MM   MM    MM
2026 09 17 11 00 100  7.0  8.0    MM    MM    MM  MM 1015.6  29.0  29.4  26.4   MM +0.8    MM
2026 09 17 10 50 100  7.0  8.0   1.6     7   5.4 122 1015.7  29.0  29.4  26.2   MM   MM    MM
2026 09 17 10 40  90  7.0  8.0   1.6    MM   5.4 122 1015.6  28.9  29.4  26.4   MM   MM    MM
2026 09 17 10 30  90  6.0  8.0    MM    MM    MM  MM 1015.5  28.9  29.4  26.8   MM   MM    MM
2026 09 17 10 20 100  7.0  8.0   1.5     6   5.1 111 1015.5  28.9  29.4  26.6   MM   MM    MM
2026 09 17 10 10 100  7.0  8.0   1.5    MM   5.1 111 1015.5  28.8  29.4  26.6   MM   MM    MM
2026 09 17 10 00  90  7.0  8.0    MM    MM    MM  MM 1015.6  28.7  29.4  26.8   MM +1.0    MM
2026 09 17 09 50  80  7.0  8.0   1.5     7   5.1 118 1015.3  28.6  29.4  26.9   MM   MM    MM
2026 09 17 09 40  90  7.0  9.0    MM    MM    MM  MM 1015.1  28.7  29.4  27.1   MM   MM    MM
2026 09 17 09 30  90  6.0  7.0    MM    MM    MM  MM 1015.1  28.9  29.4  26.7   MM   MM    MM
2026 09 17 09 20 100  6.0  7.0   1.6     6   5.2 120 1015.3  28.8  29.4  26.4   MM   MM    MM
2026 09 17 09 10 100  6.0  7.0    MM    MM    MM  MM 1015.3  28.8  29.4  26.6   MM   MM    MM
2026 09 17 09 00 100  6.0  7.0    MM    MM    MM  MM 1015.3  28.8  29.4  26.6   MM +0.4    MM
2026 09 17 08 50 100  6.0  8.0   1.5     6   5.0 109 1015.3  28.7  29.4  26.5   MM   MM    MM
2026 09 17 08 40  90  6.0  8.0    MM    MM    MM  MM 1015.2  28.8  29.4  26.7   MM   MM    MM
2026 09 17 08 30  90  7.0  8.0    MM    MM    MM  MM 1015.1  28.8  29.4  26.8   MM   MM    MM
2026 09 17 08 20  90  7.0  8.0   1.6     5   5.1 104 1015.1  28.9  29.4  26.6   MM   MM    MM
2026 09 17 08 10  90  7.0  8.0   1.6    MM   5.1 104 1015.1  28.9  29.4  26.2   MM   MM    MM
2026 09 17 08 00  80  6.0  7.0    MM    MM    MM  MM 1014.9  29.0  29.4  26.2   MM -0.6    MM
2026 09 17 07 50  80  7.0  9.0   1.7     6   5.0 123 1014.8  28.9  29.4  26.1   MM   MM    MM
2026 09 17 07 40  80  7.0  8.0    MM    MM    MM  MM 1014.8  28.6  29.4  26.4   MM   MM    MM
2026 09 17 07 30  70  7.0  9.0    MM    MM    MM  MM 1014.6  28.4  29.4  26.5   MM   MM    MM
2026 09 17 07 20  80  8.0  9.0   1.6     6   4.9 124 1014.4  28.4  29.4  26.4   MM   MM    MM
2026 09 17 07 10  80  8.0 10.0    MM    MM    MM  MM 1014.2  28.4  29.4  26.4   MM   MM    MM
2026 09 17 07 00  70  8.0  9.0    MM    MM    MM  MM 1014.5  28.2  29.4  26.2   MM -1.5    MM
2026 09 17 06 50  80  9.0 11.0   1.5     6   4.9 130 1014.5  28.7  29.4  26.5   MM   MM    MM
2026 09 17 06 40  90  9.0 11.0    MM    MM    MM  MM 1014.6  29.0  29.4  26.6   MM   MM    MM
2026 09 17 06 30  90  9.0 11.0    MM    MM    MM  MM 1014.7  28.9  29.4  26.5   MM   MM    MM
2026 09 17 06 20  90  9.0 11.0   1.5     7   4.9  99 1014.8  29.0  29.4  26.5   MM   MM    MM
2026 09 17 06 10  90  9.0 11.0   1.5    MM   4.9  99 1014.9  28.9  29.4  26.3   MM   MM    MM
2026 09 17 06 00  90  9.0 11.0    MM    MM    MM  MM 1014.9  28.9  29.4  26.2   MM -1.9    MM
2026 09 17 05 50 100  9.0 11.0   1.5     7   5.0 115 1015.0  28.9  29.4  26.1   MM   MM    MM
2026 09 17 05 40 100  9.0 11.0    MM    MM    MM  MM 1015.1  29.0  29.4  26.1   MM   MM    MM
2026 09 17 05 30 110  9.0 12.0    MM    MM    MM  MM 1015.2  29.0  29.4  25.8   MM   MM    MM
2026 09 17 05 20 110 10.0 11.0   1.5     6   4.9 114 1015.3  29.0  29.4  25.9   MM   MM    MM
2026 09 17 05 10 100  9.0 11.0    MM    MM    MM  MM 1015.3  29.0  29.4  25.9   MM   MM    MM
2026 09 17 05 00 100  9.0 11.0    MM    MM    MM  MM 1015.5  28.8  29.4  26.1   MM -1.3    MM
2026 09 17 04 50 100  7.0  9.0   1.5     6   5.0 115 1015.7  28.5    MM  26.5   MM   MM    MM
2026 09 17 04 40 110  8.0  9.0    MM    MM    MM  MM 1015.7  28.5  29.4  26.5   MM   MM    MM
2026 09 17 04 30 110  7.0  9.0    MM    MM    MM  MM 1015.8  28.7  29.4  26.5   MM   MM    MM
2026 09 17 04 20 110  8.0 10.0   1.7     6   5.3 112 1015.8  28.7  29.4  26.2   MM   MM    MM
2026 09 17 04 10 110  8.0  9.0   1.7    MM   5.3 112 1015.8  28.6  29.4  26.3   MM   MM    MM
2026 09 17 04 00 110  7.0  9.0    MM    MM    MM  MM 1016.0  28.5  29.4  26.0   MM +0.0    MM
2026 09 17 03 50 120  5.0  6.0   1.7     7   5.3 105 1016.2  28.0  29.4  25.5   MM   MM    MM
2026 09 17 03 40 120  6.0  7.0    MM    MM    MM  MM 1016.2  27.6  29.4  25.0   MM   MM    MM
2026 09 17 03 30 120  6.0  7.0    MM    MM    MM  MM 1016.2  27.1  29.4  25.2   MM   MM    MM
2026 09 17 03 20 120  6.0  7.0   1.8     8   5.1 107 1016.2  26.5  29.4  25.0   MM   MM    MM
2026 09 17 03 10 130  6.0  8.0   1.8    MM   5.1 107 1016.2  26.0  29.4  25.1   MM   MM    MM
2026 09 17 03 00 130  7.0 10.0    MM    MM    MM  MM 1016.7  25.8  29.4  25.3   MM +0.6    MM
2026 09 17 02 50 140 10.0 13.0   1.8     7   5.2 103 1017.0  25.8  29.4  25.3   MM   MM    MM
2026 09 17 02 40 140 13.0 16.0   1.8    MM   5.2 103 1017.3  26.5  29.5  25.0   MM   MM    MM
2026 09 17 02 30 140 13.0 16.0    MM    MM    MM  MM 1016.7  26.8  29.5  24.9   MM   MM    MM
2026 09 17 02 20 120  9.0 14.0   1.8     7   5.4  96 1017.2  28.4  29.5  26.1   MM   MM    MM
2026 09 17 02 10 100  9.0 11.0    MM    MM    MM  MM 1016.9  29.1  29.5  26.9   MM   MM    MM
2026 09 17 02 00  90  9.0 10.0    MM    MM    MM  MM 1016.8  29.1  29.5  26.8   MM +1.3    MM
2026 09 17 01 50  90  9.0 10.0   1.8     6   5.4 117 1016.6  29.1  29.5  26.8   MM   MM    MM
2026 09 17 01 40  90  9.0 10.0    MM    MM    MM  MM 1016.5  29.0  29.5  26.8   MM   MM    MM
2026 09 17 01 30  80  9.0 10.0    MM    MM    MM  MM 1016.2  28.9  29.5  26.8   MM   MM    MM
2026 09 17 01 20  80  8.0 10.0    MM    MM    MM  MM 1016.2  28.9  29.5  26.8   MM   MM    MM
2026 09 17 01 10  MM   MM   MM    MM    MM    MM  MM 1016.1    MM  29.5    MM   MM   MM    MM
2026 09 17 01 00  80  8.0 10.0    MM    MM    MM  MM 1016.0  28.9  29.5  26.5   MM +2.0    MM
2026 09 17 00 50  90  9.0 10.0   1.8     7   5.5  99 1016.3  28.9  29.5  26.5   MM   MM    MM
2026 09 17 00 40  80  8.0  9.0   1.8    MM   5.5  99 1016.5  28.8  29.5  26.6   MM   MM    MM
2026 09 17 00 30  80  7.0  8.0    MM    MM    MM  MM 1016.4  28.8  29.5  26.6   MM   MM    MM
2026 09 17 00 20  80  7.0  9.0   1.8     8   5.5 106 1016.5  28.7  29.5  26.5   MM   MM    MM
2026 09 17 00 10  80  8.0 10.0   1.8    MM   5.5 106 1016.3  28.6  29.5  26.6   MM   MM    MM
2026 09 17 00 00  80  8.0  9.0    MM    MM    MM  MM 1016.2  28.6  29.5  26.5   MM +2.6    MM
2026 09 16 23 50  70  8.0 10.0   1.8     7   5.3  93 1016.1  28.7  29.5  26.3   MM   MM    MM
2026 09 16 23 40  70  7.0  9.0    MM    MM    MM  MM 1016.0  28.7  29.5  26.1   MM   MM    MM
2026 09 16 23 10  80  7.0  9.0   2.0    MM   5.5 100 1015.6  28.8  29.5  26.3   MM   MM    MM
2026 09 16 23 00  90  9.0 11.0    MM    MM    MM  MM 1015.5  28.9  29.5  26.0   MM +2.1    MM
2026 09 16 22 50  90  9.0 11.0   1.9     7   5.3 106 1015.2  28.8  29.5  26.1   MM   MM    MM
2026 09 16 22 40  90  9.0 11.0    MM    MM    MM  MM 1015.1  28.7  29.5  26.3   MM   MM    MM
2026 09 16 22 30  90  9.0 11.0    MM    MM    MM  MM 1014.9  28.7  29.5  26.2   MM   MM    MM
2026 09 16 22 20  80  9.0 11.0   2.0     7   5.3 109 1014.6  28.6  29.5  26.0   MM   MM    MM
2026 09 16 22 10  90  9.0 12.0   2.0    MM   5.3 109 1014.3  28.5  29.5  26.0   MM   MM    MM
2026 09 16 22 00  90 10.0 11.0    MM    MM    MM  MM 1014.1  28.4  29.5  25.8   MM +0.6    MM
2026 09 16 21 50  80  9.0 11.0   2.0     7   5.3 116 1013.9  28.4  29.5  26.3   MM   MM    MM
2026 09 16 21 40  80  9.0 11.0    MM    MM    MM  MM 1013.7  28.4  29.5  26.1   MM   MM    MM
2026 09 16 21 30  90  8.0 11.0    MM    MM    MM  MM 1013.6  28.4  29.5  26.0   MM   MM    MM
2026 09 16 21 20  90  8.0 10.0   1.9     7   5.4 110 1013.6  28.5  29.5  26.0   MM   MM    MM
2026 09 16 21 10 100  9.0 11.0   1.9    MM   5.4 110 1013.5  28.4  29.5  25.8   MM   MM    MM
2026 09 16 21 00 100  8.0 10.0    MM    MM    MM  MM 1013.5  28.3  29.5  26.1   MM +0.0    MM
2026 09 16 20 50 100  8.0  9.0   1.9     7   5.2 121 1013.5  28.2  29.5  25.9   MM   MM    MM
2026 09 16 20 40 110  9.0 11.0   1.9    MM   5.2 121 1013.6  28.3  29.5  26.0   MM   MM    MM
2026 09 16 20 30 110  9.0 12.0    MM    MM    MM  MM 1013.6  28.3  29.5  26.2   MM   MM    MM
2026 09 16 20 20 110  9.0 10.0   2.0     7   5.3 112 1013.6  28.2  29.5  26.0   MM   MM    MM
2026 09 16 20 10 110  9.0 11.0    MM    MM    MM  MM 1013.6  28.3  29.5  25.9   MM   MM    MM
2026 09 16 20 00 110  9.0 11.0    MM    MM    MM  MM 1013.4  28.2  29.5  25.7   MM -1.6    MM
2026 09 16 19 50 110 10.0 11.0   2.0     6   5.1 115 1013.4  28.2  29.5  25.6   MM   MM    MM
2026 09 16 19 40 110 10.0 12.0   2.0    MM   5.1 115 1013.5  28.3  29.5  25.5   MM   MM    MM
2026 09 16 19 30 110 10.0 12.0    MM    MM    MM  MM 1013.4  28.2  29.5  25.3   MM   MM    MM
2026 09 16 19 20 120 10.0 12.0   1.9     6   5.0 101 1013.4  28.2  29.5  25.3   MM   MM    MM
2026 09 16 19 10 120 11.0 12.0   1.9    MM   5.0 101 1013.5  28.2  29.5  25.4   MM   MM    MM
2026 09 16 19 00 120 11.0 13.0    MM    MM    MM  MM 1013.5  28.3  29.5  25.5   MM -1.7    MM
2026 09 16 18 50 120 11.0 14.0   1.9     6   4.7 108 1013.6  28.3    MM  25.7   MM   MM    MM
2026 09 16 18 40 130 12.0 14.0   1.9    MM   4.7 108 1013.6  28.2  29.5  25.6   MM   MM    MM
2026 09 16 18 30 120 12.0 15.0    MM    MM    MM  MM 1013.4  28.2  29.5  25.4   MM   MM    MM
2026 09 16 18 20 120 12.0 15.0   1.9     7   4.9  95 1013.6  28.4  29.5  25.1   MM   MM    MM
2026 09 16 18 10 120 12.0 15.0   1.9    MM   4.9  95 1013.7  28.5  29.5  25.4   MM   MM    MM
2026 09 16 18 00 120 12.0 14.0    MM    MM    MM  MM 1013.7  28.4  29.5  26.3   MM -1.9    MM
2026 09 16 17 50 110 12.0 15.0   1.8     6   4.7 101 1013.9  28.2  29.5  26.1   MM   MM    MM
2026 09 16 17 40 110 12.0 15.0    MM    MM    MM  MM 1014.0  28.1  29.5  26.1   MM   MM    MM
2026 09 16 17 30 110 12.0 15.0    MM    MM    MM  MM 1014.3  28.0  29.5  25.9   MM   MM    MM
2026 09 16 17 20 110 12.0 15.0   1.6     6   4.4  88 1014.6  28.0  29.5  26.0   MM   MM    MM
2026 09 16 17 10 100 13.0 16.0   1.6    MM   4.4  88 1014.8  28.1  29.5  26.0   MM   MM    MM
2026 09 16 17 00 100 12.0 14.0    MM    MM    MM  MM 1015.0  28.1  29.5  26.3   MM -0.5    MM
2026 09 16 16 50 110 12.0 14.0   1.5     5   4.6  92 1015.0  28.3  29.5  26.3   MM   MM    MM
2026 09 16 16 40 100 11.0 14.0   1.5    MM   4.6  92 1014.7  28.4  29.5  26.1   MM   MM    MM
2026 09 16 16 30 100  9.0 12.0    MM    MM    MM  MM 1014.9  28.3  29.5  26.1   MM   MM    MM
2026 09 16 16 20 100  9.0 11.0   1.6     6   4.6  82 1015.0  28.2  29.5  26.2   MM   MM    MM
2026 09 16 16 10 100 10.0 12.0   1.6    MM   4.6  82 1015.1  28.2  29.5  26.2   MM   MM    MM
2026 09 16 16 00 100 10.0 12.0    MM    MM    MM  MM 1015.2  28.3  29.5  26.2   MM +0.4    MM
2026 09 16 15 50  90 10.0 11.0   1.5     5   4.6  87 1015.3  28.2  29.5  26.6   MM   MM    MM
2026 09 16 15 40  90  9.0 11.0   1.5    MM   4.6  87 1015.3  28.2  29.5  26.5   MM   MM    MM
2026 09 16 15 30  90  8.0 10.0    MM    MM    MM  MM 1015.3  28.0  29.5  26.6   MM   MM    MM
2026 09 16 15 20  80  8.0 10.0   1.5     5   4.4  77 1015.5  27.8  29.5  26.6   MM   MM    MM
2026 09 16 15 10  70  9.0 11.0   1.5    MM   4.4  77 1015.6  27.7  29.5  26.3   MM   MM    MM
2026 09 16 15 00  70 10.0 12.0    MM    MM    MM  MM 1015.6  27.7  29.5  25.8   MM +1.3    MM
2026 09 16 14 50  70  9.0 12.0   1.3     5   4.3  84 1015.8  27.4  29.5  26.0   MM   MM    MM
2026 09 16 14 40  60  9.0 11.0    MM    MM    MM  MM 1015.8  27.0  29.5  26.2   MM   MM    MM
2026 09 16 14 30  70 11.0 14.0    MM    MM    MM  MM 1015.9  26.8  29.5  26.0   MM   MM    MM
2026 09 16 14 20  60 12.0 16.0   1.2     5   4.3  81 1015.9  27.8  29.5  26.3   MM   MM    MM
2026 09 16 14 10  70  9.0 11.0   1.2    MM   4.3  81 1015.7  28.6  29.5  26.7   MM   MM    MM
2026 09 16 14 00  80 10.0 11.0    MM    MM    MM  MM 1015.5  28.8  29.5  26.7   MM +1.8    MM
2026 09 16 13 50  90  9.0 12.0   1.2     5   4.3  91 1015.4  29.3  29.5  26.5   MM   MM    MM
2026 09 16 13 40  90  9.0 10.0   1.2    MM   4.3  91 1015.3  29.3  29.5  26.7   MM   MM    MM
2026 09 16 13 30  90  8.0 10.0    MM    MM    MM  MM 1015.3  29.2  29.5  26.7   MM   MM    MM
2026 09 16 13 20  90  8.0 10.0   1.2     5   4.4  90 1015.1  29.2  29.5  26.8   MM   MM    MM
2026 09 16 13 10  80  8.0 10.0   1.2    MM   4.4  90 1015.0  29.1  29.5  26.9   MM   MM    MM
2026 09 16 13 00  80  8.0 10.0    MM    MM    MM  MM 1014.9  29.0  29.5  26.9   MM +1.6    MM
2026 09 16 12 50  70  5.0  6.0   1.3    MM   4.5  94 1014.9  28.6  29.5  26.5   MM   MM    MM
2026 09 16 12 40  MM   MM   MM   1.3     6   4.5  94     MM    MM    MM    MM   MM   MM    MM
2026 09 16 12 30  70  7.0  8.0    MM    MM    MM  MM 1014.6  29.1  29.5  27.0   MM   MM    MM
2026 09 16 12 20  80  7.0  9.0   1.2     6   4.5  80 1014.4  29.0  29.5  26.9   MM   MM    MM
2026 09 16 12 10  80  8.0  9.0   1.2    MM   4.5  80 1014.3  29.0  29.5  26.9   MM   MM    MM
2026 09 16 12 00  80  8.0 10.0    MM    MM    MM  MM 1014.3  29.0  29.5  26.9   MM +1.7    MM
2026 09 16 11 50  80  7.0  9.0   1.3     5   4.5  85 1014.3  29.0  29.5  26.9   MM   MM    MM
2026 09 16 11 40  80  7.0  8.0   1.3    MM   4.5  85 1014.0  29.0  29.5  26.6   MM   MM    MM
2026 09 16 11 30  80  7.0  9.0    MM    MM    MM  MM 1013.8  29.0  29.5  26.6   MM   MM    MM
2026 09 16 11 20  80  8.0  9.0   1.3     6   4.6  83 1013.9  29.0  29.5  26.5   MM   MM    MM
2026 09 16 11 10  80  7.0  8.0    MM    MM    MM  MM 1013.7  29.0  29.5  26.5   MM   MM    MM
2026 09 16 11 00  90  7.0  9.0    MM    MM    MM  MM 1013.7  28.9  29.5  26.4   MM +1.2    MM
2026 09 16 10 50  80  8.0  9.0   1.3     5   4.6  89 1013.5  28.8  29.4  26.3   MM   MM    MM
2026 09 16 10 40  80  7.0  9.0   1.3    MM   4.6  89 1013.4  28.7  29.5  26.7   MM   MM    MM
2026 09 16 10 30  80  7.0  9.0    MM    MM    MM  MM 1013.6  28.6  29.4  26.7   MM   MM    MM
2026 09 16 10 20  80  7.0  8.0   1.3     6   4.5  93 1013.4  28.5  29.5  26.5   MM   MM    MM
2026 09 16 10 10  70  8.0  9.0   1.3    MM   4.5  93 1013.4  28.5  29.5  26.6   MM   MM    MM
2026 09 16 10 00  70  8.0 10.0    MM    MM    MM  MM 1013.2  28.5  29.5  26.7   MM +0.5    MM
2026 09 16 09 50  80  8.0  9.0   1.2     6   4.3  83 1013.2  28.6  29.5  26.7   MM   MM    MM
2026 09 16 09 40  70  8.0  9.0    MM    MM    MM  MM 1013.2  28.6  29.5  26.6   MM   MM    MM
2026 09 16 09 30  80  7.0 10.0    MM    MM    MM  MM 1012.9  28.7  29.5  26.7   MM   MM    MM
2026 09 16 09 20  80  7.0  9.0   1.3     5   4.4  78 1012.8  28.8  29.5  26.6   MM   MM    MM
2026 09 16 09 10  80  8.0 10.0    MM    MM    MM  MM 1012.8  28.8  29.5  26.5   MM   MM    MM
2026 09 16 09 00  80  9.0 10.0    MM    MM    MM  MM 1012.6  28.8  29.5  26.5   MM -0.3    MM
2026 09 16 08 50  80  8.0 10.0   1.2     6   4.4  86 1012.6  28.7  29.5  26.5   MM   MM    MM
2026 09 16 08 40  80  8.0 10.0    MM    MM    MM  MM 1012.5  28.8  29.5  26.6   MM   MM    MM
2026 09 16 08 30  80  9.0 10.0    MM    MM    MM  MM 1012.6  28.7  29.5  26.5   MM   MM    MM
2026 09 16 08 20  80  9.0 10.0   1.2     6   4.4  86 1012.6  28.7  29.5  26.4   MM   MM    MM
2026 09 16 08 10  80  9.0 11.0    MM    MM    MM  MM 1012.4  28.7  29.5  26.4   MM   MM    MM
2026 09 16 08 00  70  9.0 10.0    MM    MM    MM  MM 1012.4  28.7  29.5  26.5   MM -0.9    MM
2026 09 16 07 50  70  9.0 10.0   1.3     6   4.5  84 1012.5  28.7  29.5  26.4   MM   MM    MM
2026 09 16 07 40  70  8.0 10.0    MM    MM    MM  MM 1012.6  28.7  29.5  26.5   MM   MM    MM
2026 09 16 07 30  70  8.0  9.0    MM    MM    MM  MM 1012.8  28.7  29.5  26.3   MM   MM    MM
2026 09 16 07 20  70  8.0  9.0   1.2    MM   4.3  84 1012.8  28.7  29.5  26.3   MM   MM    MM
2026 09 16 07 10  MM   MM   MM   1.2     5   4.3  84     MM    MM    MM    MM   MM   MM    MM
2026 09 16 07 00  70  8.0 10.0    MM    MM    MM  MM 1012.8  28.8  29.5  26.4   MM -1.2    MM
2026 09 16 06 50  70  9.0 10.0   1.2     6   4.4  85 1012.8  28.8  29.5  26.4   MM   MM    MM
2026 09 16 06 40  70  9.0 11.0   1.2    MM   4.4  85 1012.6  28.8  29.5  26.3   MM   MM    MM
2026 09 16 06 30  70 10.0 12.0    MM    MM    MM  MM 1012.7  28.8  29.5  26.3   MM   MM    MM
2026 09 16 06 20  70  9.0 11.0   1.2    MM   4.4  88 1012.7  28.8  29.5  26.3   MM   MM    MM
2026 09 16 06 10  MM   MM   MM   1.2     6   4.4  88     MM    MM    MM    MM   MM   MM    MM
2026 09 16 06 00  70  8.0  9.0    MM    MM    MM  MM 1013.0  28.6  29.5  26.9   MM -1.9    MM
2026 09 16 05 50  70  8.0  9.0   1.2     6   4.4  81 1013.0  28.6  29.5  26.8   MM   MM    MM
2026 09 16 05 40  70  8.0 10.0    MM    MM    MM  MM 1012.8  28.6  29.5  26.7   MM   MM    MM
2026 09 16 05 30  70  7.0  9.0    MM    MM    MM  MM 1012.9  28.7  29.5  26.9   MM   MM    MM
2026 09 16 05 20  70  8.0  9.0   1.3     5   4.4  97 1013.2  28.7  29.5  26.9   MM   MM    MM
2026 09 16 05 10  70  7.0  8.0   1.3    MM   4.4  97 1013.2  28.7  29.5  26.8   MM   MM    MM
2026 09 16 05 00  80  8.0  9.0    MM    MM    MM  MM 1013.4  28.8  29.5  26.9   MM -2.0    MM
2026 09 16 04 50  80  7.0  8.0   1.3     6   4.4  93 1013.4  28.9  29.5  27.0   MM   MM    MM
2026 09 16 04 40  70  7.0  8.0   1.3    MM   4.4  93 1013.7  29.1  29.5  26.4   MM   MM    MM
2026 09 16 04 30  60  8.0 10.0    MM    MM    MM  MM 1013.7  29.2  29.5  26.5   MM   MM    MM
2026 09 16 04 20  60  8.0  9.0   1.3     5   4.4  92 1013.8  29.1  29.5  26.6   MM   MM    MM
2026 09 16 04 10  60  8.0 10.0   1.3    MM   4.4  92 1013.9  29.2  29.5  26.4   MM   MM    MM
2026 09 16 04 00  60  8.0 10.0    MM    MM    MM  MM 1013.9  29.1  29.5  26.2   MM -1.1    MM
2026 09 16 03 50  60  8.0 10.0   1.4     6   4.5  87 1014.2  29.1  29.5  26.4   MM   MM    MM
2026 09 16 03 40  60  7.0  9.0   1.4    MM   4.5  87 1014.5  29.1  29.5  26.5   MM   MM    MM
2026 09 16 03 30  60  7.0  8.0    MM    MM    MM  MM 1014.5  29.1  29.5  26.6   MM   MM    MM
2026 09 16 03 20  60  7.0  9.0   1.3     5   4.5  96 1014.5  29.1  29.5  26.6   MM   MM    MM
2026 09 16 03 10  60  7.0  8.0    MM    MM    MM  MM 1014.7  29.1  29.5  26.4   MM   MM    MM
2026 09 16 03 00  70  7.0  9.0    MM    MM    MM  MM 1014.8  29.2  29.5  26.0   MM +0.7    MM
2026 09 16 02 50  70  7.0  8.0   1.4     6   4.7  90 1015.1  29.1  29.5  26.2   MM   MM    MM
2026 09 16 02 40  70  7.0  8.0   1.4    MM   4.7  90 1015.2  29.1  29.5  26.2   MM   MM    MM
2026 09 16 02 30  70  7.0  8.0    MM    MM    MM  MM 1015.3  29.2  29.5  26.2   MM   MM    MM
2026 09 16 02 20  60  7.0  8.0   1.3     5   4.5  94 1015.3  29.1  29.5  25.9   MM   MM    MM
2026 09 16 02 10  60  7.0  9.0   1.3    MM   4.5  94 1015.3  29.1  29.5  26.0   MM   MM    MM
2026 09 16 02 00  60  7.0  9.0    MM    MM    MM  MM 1015.3  29.2  29.5  26.1   MM +2.2    MM
2026 09 16 01 50  60  8.0 10.0   1.4     5   4.5  99 1015.4  29.2  29.5  25.9   MM   MM    MM
2026 09 16 01 40  60  8.0  9.0    MM    MM    MM  MM 1015.3  29.2  29.5  25.9   MM   MM    MM
2026 09 16 01 30  60  8.0  9.0    MM    MM    MM  MM 1015.2  29.2  29.5  25.9   MM   MM    MM
2026 09 16 01 20  60  8.0 10.0   1.3     5   4.5  96 1015.1  29.2  29.5  25.7   MM   MM    MM
2026 09 16 01 10  60  8.0 10.0   1.3    MM   4.5  96 1015.1  29.2  29.5  25.9   MM   MM    MM
2026 09 16 01 00  60  8.0 10.0    MM    MM    MM  MM 1014.9  29.1  29.5  25.9   MM +2.2    MM
2026 09 16 00 50  70  8.0 10.0   1.2     6   4.5 105 1014.8  29.2  29.5  26.0   MM   MM    MM
2026 09 16 00 40  70  9.0 10.0   1.2    MM   4.5 105 1014.8  29.2  29.5  25.9   MM   MM    MM
2026 09 16 00 30  70  9.0 10.0    MM    MM    MM  MM 1014.6  29.2  29.5  25.9   MM   MM    MM
2026 09 16 00 20  70  8.0 10.0   1.2     6   4.5 103 1014.6  29.2  29.5  25.8   MM   MM    MM
2026 09 16 00 10  70  9.0 10.0   1.2    MM   4.5 103 1014.4  29.2  29.5  25.8   MM   MM    MM
2026 09 16 00 00  70  9.0 10.0    MM    MM    MM  MM 1014.2  29.1  29.5  25.9   MM +1.3    MM
2026 09 15 23 50  70  8.0  9.0   1.2     5   4.5  96 1014.0  29.1  29.5  26.2   MM   MM    MM
2026 09 15 23 40  70  8.0  9.0   1.2    MM   4.5  96 1013.9  29.2  29.5  26.1   MM   MM    MM
2026 09 15 23 20  60  8.0  9.0   1.1     5   4.4  96 1013.6  29.1  29.6  25.8   MM   MM    MM
2026 09 15 23 10  60  7.0  9.0   1.1    MM   4.4  96 1013.4    MM    MM    MM   MM   MM    MM
2026 09 15 23 00  60  8.0  9.0    MM    MM    MM  MM 1013.2  29.1  29.6  25.9   MM +0.6    MM
2026 09 15 22 50  70  8.0 10.0   1.2     5   4.5  88 1013.2  29.1  29.6  25.8   MM   MM    MM
2026 09 15 22 40  70  8.0  9.0   1.2    MM   4.5  88 1013.2  29.1  29.6  25.6   MM   MM    MM
2026 09 15 22 30  70  8.0  9.0    MM    MM    MM  MM 1013.0  29.1  29.6  25.7   MM   MM    MM
2026 09 15 22 20  70  7.0  9.0   1.1     6   4.4  96 1012.9  29.1  29.6  25.9   MM   MM    MM
2026 09 15 22 10  70  8.0 10.0   1.1    MM   4.4  96 1012.9  29.1  29.6  25.5   MM   MM    MM
2026 09 15 22 00  70  8.0  9.0    MM    MM    MM  MM 1012.8  29.2  29.6  25.3   MM +0.0    MM
2026 09 15 21 50  70  8.0  9.0   1.1     6   4.6 105 1012.8  29.1  29.6  25.1   MM   MM    MM
2026 09 15 21 40  70  7.0  9.0    MM    MM    MM  MM 1012.9  29.1  29.6  25.4   MM   MM    MM
2026 09 15 21 30  70  7.0  9.0    MM    MM    MM  MM 1012.7  29.2  29.6  25.7   MM   MM    MM
2026 09 15 21 20  70  7.0  8.0   1.2     5   4.6  95 1012.8  29.2    MM  25.5   MM   MM    MM
2026 09 15 21 10  70  7.0  8.0   1.2    MM   4.6  95 1012.8  29.2  29.6  25.6   MM   MM    MM
2026 09 15 21 00  70  6.0  8.0    MM    MM    MM  MM 1012.8  29.3  29.6  25.4   MM -0.3    MM
2026 09 15 20 50  70  7.0  8.0   1.2     5   4.6  98 1012.8  29.3  29.6  25.2   MM   MM    MM
2026 09 15 20 40  70  7.0  8.0    MM    MM    MM  MM 1012.7  29.2  29.6  25.3   MM   MM    MM
2026 09 15 20 30  70  7.0  8.0    MM    MM    MM  MM 1012.7  29.2  29.6  25.8   MM   MM    MM
2026 09 15 20 20  60  7.0  8.0   1.1     5   4.5 104 1012.7  29.2  29.6  25.6   MM   MM    MM
2026 09 15 20 10  60  7.0  8.0    MM    MM    MM  MM 1012.7  29.2  29.6  25.4   MM   MM    MM
2026 09 15 20 00  70  7.0  8.0    MM    MM    MM  MM 1012.6  29.2  29.6  25.4   MM -1.2    MM
2026 09 15 19 50  70  7.0  8.0   1.0     6   4.4 105 1012.7  29.2  29.6  25.2   MM   MM    MM
2026 09 15 19 40  60  7.0  8.0   1.0    MM   4.4 105 1012.6  29.3  29.6  25.0   MM   MM    MM
2026 09 15 19 30  60  7.0  8.0    MM    MM    MM  MM 1012.4  29.2  29.6  24.9   MM   MM    MM
2026 09 15 19 20  70  7.0  8.0   1.1     6   4.5 100 1012.4  29.2  29.6  25.4   MM   MM    MM
2026 09 15 19 10  80  7.0  8.0   1.1    MM   4.5 100 1012.5  29.2  29.6  25.4   MM   MM    MM
2026 09 15 19 00  70  7.0  8.0    MM    MM    MM  MM 1012.6  29.2  29.6  25.0   MM -2.0    MM
2026 09 15 18 50  80  7.0  8.0   1.1     5   4.3  89 1012.6  29.2  29.6  25.3   MM   MM    MM
2026 09 15 18 40  70  8.0  9.0    MM    MM    MM  MM 1012.7  29.2  29.6  25.0   MM   MM    MM
2026 09 15 18 30  80  8.0  9.0    MM    MM    MM  MM 1012.7  29.2  29.7  25.2   MM   MM    MM
2026 09 15 18 20  80  7.0  9.0   1.0    MM   4.4 106 1012.9  29.2  29.6  25.3   MM   MM    MM
2026 09 15 18 10  MM   MM   MM   1.0     5   4.4 106     MM    MM    MM    MM   MM   MM    MM
2026 09 15 18 00  80  7.0  8.0    MM    MM    MM  MM 1013.2  29.1  29.6  25.4   MM -1.6    MM
2026 09 15 17 50  80  7.0  8.0   1.0     5   4.3 107 1013.4  29.1  29.6  25.2   MM   MM    MM
2026 09 15 17 40  80  8.0  9.0    MM    MM    MM  MM 1013.4  29.1  29.6  25.1   MM   MM    MM
2026 09 15 17 30  90  8.0  9.0    MM    MM    MM  MM 1013.5  29.1  29.6  25.3   MM   MM    MM
2026 09 15 17 20  80  7.0  9.0   1.0     5   4.3 105 1013.7  29.1  29.6  25.5   MM   MM    MM
2026 09 15 17 10  80  7.0  9.0    MM    MM    MM  MM 1013.7  29.2  29.6  25.3   MM   MM    MM
2026 09 15 17 00  80  7.0  9.0    MM    MM    MM  MM 1013.8  29.1  29.6  25.2   MM -1.1    MM
2026 09 15 16 50  80  7.0  9.0   1.0     5   4.2 114 1014.0  29.1  29.6  25.5   MM   MM    MM
2026 09 15 16 40  80  8.0  9.0    MM    MM    MM  MM 1014.1  29.1  29.6  25.3   MM   MM    MM
2026 09 15 16 30  80  8.0  9.0    MM    MM    MM  MM 1014.2  29.1  29.6  25.2   MM   MM    MM
2026 09 15 16 20  80  8.0  9.0   1.0     5   4.2 109 1014.3  29.1  29.6  25.3   MM   MM    MM
2026 09 15 16 10  80  8.0 10.0    MM    MM    MM  MM 1014.4  29.1  29.6  25.4   MM   MM    MM
2026 09 15 16 00  80  8.0 10.0    MM    MM    MM  MM 1014.5  29.1  29.6  25.6   MM +0.0    MM
2026 09 15 15 50  80  8.0  9.0   1.0     5   4.2 115 1014.5  29.1  29.6  25.4   MM   MM    MM
2026 09 15 15 40  80  8.0  9.0    MM    MM    MM  MM 1014.6  29.1  29.6  25.5   MM   MM    MM
2026 09 15 15 30  80  8.0  9.0    MM    MM    MM  MM 1014.6  29.1  29.6  25.8   MM   MM    MM
2026 09 15 15 20  80  8.0  9.0   1.1     5   4.3 105 1014.6  29.1  29.6  25.7   MM   MM    MM
2026 09 15 15 10  80  7.0  9.0   1.1    MM   4.3 105 1014.7  29.0  29.5  25.7   MM   MM    MM
2026 09 15 15 00  70  7.0  9.0    MM    MM    MM  MM 1014.7  29.0  29.5  25.6   MM +0.3    MM
2026 09 15 14 50  80  8.0  9.0   1.1     5   4.4 116 1014.7  29.1  29.5  25.5   MM   MM    MM
2026 09 15 14 40  90  8.0 10.0    MM    MM    MM  MM 1014.8  28.9  29.6  26.0   MM   MM    MM
2026 09 15 14 30  80  7.0  9.0    MM    MM    MM  MM 1014.8  29.0  29.5  25.9   MM   MM    MM
2026 09 15 14 20  90  7.0  9.0   1.0     4   4.2 100 1014.8  29.0  29.5  25.9   MM   MM    MM
2026 09 15 14 10  70  7.0  8.0   1.0    MM   4.2 100 1014.8  29.0  29.5  25.8   MM   MM    MM
2026 09 15 14 00  80  7.0  9.0    MM    MM    MM  MM 1014.9  29.0  29.5  25.8   MM +1.1    MM
2026 09 15 13 50  80  8.0  9.0   1.1     5   4.4 117 1014.8  29.0  29.5  25.9   MM   MM    MM
2026 09 15 13 40  80  7.0  9.0    MM    MM    MM  MM 1014.8  28.9  29.5  25.8   MM   MM    MM
2026 09 15 13 30  80  6.0  7.0    MM    MM    MM  MM 1014.8  28.9  29.5  25.5   MM   MM    MM
2026 09 15 13 20  70  7.0  9.0   1.1     6   4.3 117 1014.8  28.7  29.5  24.8   MM   MM    MM
2026 09 15 13 10  70  9.0 11.0    MM    MM    MM  MM 1014.7  28.7  29.5  25.4   MM   MM    MM
2026 09 15 13 00  80  8.0 10.0    MM    MM    MM  MM 1014.7  29.0  29.5  25.9   MM +1.3    MM
2026 09 15 12 50  80  8.0  9.0   1.0     5   4.3 107 1014.6  29.0  29.5  25.8   MM   MM    MM
2026 09 15 12 40  80  8.0  9.0    MM    MM    MM  MM 1014.5  28.9  29.5  26.0   MM   MM    MM
2026 09 15 12 30  80  7.0  9.0    MM    MM    MM  MM 1014.6  29.0  29.5  25.9   MM   MM    MM
2026 09 15 12 20  80  8.0  9.0   1.0     5   4.3 121 1014.6  28.9  29.5  25.7   MM   MM    MM
2026 09 15 12 10  90  8.0  9.0    MM    MM    MM  MM 1014.5  28.7  29.5  26.1   MM   MM    MM
2026 09 15 12 00  80  7.0  9.0    MM    MM    MM  MM 1014.4  28.8  29.5  26.2   MM +1.8    MM
2026 09 15 11 50  80  7.0  9.0   1.0     5   4.4 116 1014.4  28.4  29.5  26.0   MM   MM    MM
2026 09 15 11 40  80  8.0 11.0    MM    MM    MM  MM 1014.3  28.2  29.5  26.0   MM   MM    MM
2026 09 15 11 30  80  8.0 12.0    MM    MM    MM  MM 1014.2  28.7  29.5  26.0   MM   MM    MM
2026 09 15 11 20  80  7.0  8.0   1.0     5   4.3 114 1014.1  28.8  29.5  25.8   MM   MM    MM
2026 09 15 11 10  80  7.0  9.0    MM    MM    MM  MM 1014.0  28.9  29.5  25.6   MM   MM    MM
2026 09 15 11 00  80  8.0  9.0    MM    MM    MM  MM 1013.9  28.8  29.5  25.7   MM +1.6    MM
2026 09 15 10 50  80  7.0  9.0   1.0     6   4.4 115 1013.8  28.8  29.5  25.9   MM   MM    MM
2026 09 15 10 40  80  7.0 10.0    MM    MM    MM  MM 1013.7  28.8  29.5  25.9   MM   MM    MM
2026 09 15 10 30  60  6.0  8.0    MM    MM    MM  MM 1013.5  28.7  29.5  25.8   MM   MM    MM
2026 09 15 10 20  70  6.0  7.0   1.1     5   4.3 108 1013.4  28.6  29.5  25.7   MM   MM    MM
2026 09 15 10 10  80  6.0  7.0    MM    MM    MM  MM 1013.3  28.6  29.5  26.0   MM   MM    MM
2026 09 15 10 00  80  6.0  8.0    MM    MM    MM  MM 1013.3  28.4  29.5  25.8   MM +1.0    MM
2026 09 15 09 50  80  7.0  8.0   1.0    MM   4.3 104 1013.0  28.6  29.5  26.0   MM   MM    MM
2026 09 15 09 40  MM   MM   MM   1.0     5   4.3 104     MM    MM    MM    MM   MM   MM    MM
2026 09 15 09 30  70  7.0  9.0    MM    MM    MM  MM 1012.9  28.7  29.5  25.8   MM   MM    MM
2026 09 15 09 20  80  7.0  9.0   1.0     5   4.3 102 1012.9  28.7  29.5  25.8   MM   MM    MM
2026 09 15 09 10  70  7.0  9.0   1.0    MM   4.3 102 1012.8  28.7  29.5  25.8   MM   MM    MM
2026 09 15 09 00  70  8.0  9.0    MM    MM    MM  MM 1012.6  28.7  29.5  25.7   MM -0.4    MM
2026 09 15 08 50  70  8.0 10.0   1.0     6   4.4 105 1012.5  28.7  29.5  25.7   MM   MM    MM
2026 09 15 08 40  70  7.0  8.0    MM    MM    MM  MM 1012.4  28.7  29.5  25.8   MM   MM    MM
2026 09 15 08 30  80  7.0  9.0    MM    MM    MM  MM 1012.3  28.7  29.5  25.8   MM   MM    MM
2026 09 15 08 20  80  8.0  9.0   1.1     6   4.6 108 1012.3  28.7  29.5  25.7   MM   MM    MM
2026 09 15 08 10  80  7.0  9.0    MM    MM    MM  MM 1012.3  28.6  29.5  25.9   MM   MM    MM
2026 09 15 08 00  70  7.0  8.0    MM    MM    MM  MM 1012.2  28.6  29.5  25.9   MM -1.5    MM
2026 09 15 07 50  70  7.0  8.0   1.0     5   4.4  98 1012.3  28.6  29.5  25.8   MM   MM    MM
2026 09 15 07 40  80  7.0  8.0   1.0    MM   4.4  98 1012.3  28.7  29.5  25.9   MM   MM    MM
2026 09 15 07 30  80  7.0  9.0    MM    MM    MM  MM 1012.3  28.7  29.5  25.6   MM   MM    MM
2026 09 15 07 20  80  7.0  9.0   1.0    MM   4.3 109 1012.2  28.8  29.5  25.5   MM   MM    MM
2026 09 15 07 10  MM   MM   MM   1.0     6   4.3 109     MM    MM    MM    MM   MM   MM    MM
2026 09 15 07 00  80  7.0  8.0    MM    MM    MM  MM 1012.3  28.7  29.5  25.5   MM -1.8    MM
2026 09 15 06 50  80  7.0  9.0   1.1     5   4.4 110 1012.5  28.7  29.5  25.4   MM   MM    MM
2026 09 15 06 40  80  7.0  9.0    MM    MM    MM  MM 1012.6  28.7  29.5  25.6   MM   MM    MM
2026 09 15 06 30  80  7.0  9.0    MM    MM    MM  MM 1012.6  28.7  29.5  25.7   MM   MM    MM
2026 09 15 06 20  80  7.0  9.0   1.0     5   4.3 103 1012.7  28.8    MM  25.9   MM   MM    MM
2026 09 15 06 10  80  7.0  9.0   1.0    MM   4.3 103 1012.9  28.7  29.5  25.6   MM   MM    MM
2026 09 15 06 00  80  7.0  9.0    MM    MM    MM  MM 1013.0  28.8  29.5  25.8   MM -1.4    MM
2026 09 15 05 50  80  7.0  8.0   1.0     5   4.3 112 1013.1  28.8  29.5  25.6   MM   MM    MM
2026 09 15 05 40  80  7.0  8.0    MM    MM    MM  MM 1013.2  28.8  29.5  25.7   MM   MM    MM
2026 09 15 05 30  80  7.0  8.0    MM    MM    MM  MM 1013.2  28.9  29.5  25.7   MM   MM    MM
2026 09 15 05 20  80  7.0  8.0   1.1     6   4.3 108 1013.4  28.9  29.5  25.7   MM   MM    MM
2026 09 15 05 10  80  7.0  8.0   1.1    MM   4.3 108 1013.5  28.9  29.5  25.7   MM   MM    MM
2026 09 15 05 00  80  7.0  9.0    MM    MM    MM  MM 1013.7  28.9  29.5  25.5   MM -0.9    MM
2026 09 15 04 50  80  7.0  8.0   1.1     5   4.4 109 1013.7  28.9  29.5  25.6   MM   MM    MM
2026 09 15 04 40  80  7.0  8.0    MM    MM    MM  MM 1013.8  28.9  29.5  25.7   MM   MM    MM
2026 09 15 04 30  80  7.0  8.0    MM    MM    MM  MM 1013.9  28.9  29.5  25.7   MM   MM    MM
2026 09 15 04 20  80  8.0  9.0   1.1     5   4.2  93 1014.0  28.9    MM  25.6   MM   MM    MM
2026 09 15 04 10  80  7.0  9.0   1.1    MM   4.2  93 1014.2  28.9  29.5  25.8   MM   MM    MM
2026 09 15 04 00  80  8.0 10.0    MM    MM    MM  MM 1014.2  28.9  29.5  25.6   MM -0.6    MM
2026 09 15 03 50  80  8.0  9.0   1.2     6   4.3  95 1014.2  28.9  29.5  25.7   MM   MM    MM
2026 09 15 03 40  80  8.0 10.0    MM    MM    MM  MM 1014.2  29.0  29.5  25.6   MM   MM    MM
2026 09 15 03 30  80  8.0 10.0    MM    MM    MM  MM 1014.2  29.0  29.5  25.7   MM   MM    MM
2026 09 15 03 20  80  8.0 10.0   1.2     6   4.3  98 1014.3  29.0  29.5  25.7   MM   MM    MM
2026 09 15 03 10  80  8.0  9.0   1.2    MM   4.3  98 1014.3  29.0  29.5  25.9   MM   MM    MM
2026 09 15 03 00  80  8.0 10.0    MM    MM    MM  MM 1014.3  29.0  29.5  25.9   MM +0.0    MM
2026 09 15 02 50  80  8.0 10.0   1.2     5   4.3 106 1014.4  29.0  29.5  25.8   MM   MM    MM
2026 09 15 02 40  70  8.0  9.0   1.2    MM   4.3 106 1014.5  29.0  29.5  26.0   MM   MM    MM
2026 09 15 02 30  80  8.0  9.0    MM    MM    MM  MM 1014.5  29.0  29.5  26.1   MM   MM    MM
2026 09 15 02 20  80  8.0  9.0   1.1     5   4.2 100 1014.5  29.0  29.5  26.1   MM   MM    MM
2026 09 15 02 10  70  8.0 10.0   1.1    MM   4.2 100 1014.6  29.0  29.5  26.0   MM   MM    MM
2026 09 15 02 00  80  8.0  9.0    MM    MM    MM  MM 1014.6  29.0  29.5  26.0   MM +0.8    MM
2026 09 15 01 50  70  8.0  9.0   1.2     6   4.4  98 1014.6  29.0  29.5  26.0   MM   MM    MM
2026 09 15 01 40  80  8.0 10.0   1.2    MM   4.4  98 1014.7  29.0  29.5  25.8   MM   MM    MM
2026 09 15 01 30  70  8.0  9.0    MM    MM    MM  MM 1014.7  29.1  29.5  25.9   MM   MM    MM
2026 09 15 01 20  70  8.0 10.0   1.2     5   4.5 103 1014.6  29.1  29.5  25.8   MM   MM    MM
2026 09 15 01 10  80  7.0  9.0    MM    MM    MM  MM 1014.7  29.1  29.5  25.8   MM   MM    MM
2026 09 15 01 00  70  7.0  9.0    MM    MM    MM  MM 1014.8  29.1  29.5  26.0   MM +1.4    MM
2026 09 15 00 50  80  7.0  9.0   1.2     5   4.4  90 1014.8  29.1  29.5  25.9   MM   MM    MM
2026 09 15 00 40  70  7.0  8.0    MM    MM    MM  MM 1014.8  29.0  29.5  25.9   MM   MM    MM
2026 09 15 00 30  80  7.0  9.0    MM    MM    MM  MM 1014.8  29.1  29.5  26.0   MM   MM    MM
2026 09 15 00 20  80  7.0  9.0   1.2     5   4.5  89 1014.8  29.1  29.5  25.8   MM   MM    MM
2026 09 15 00 10  70  7.0  9.0   1.2    MM   4.5  89 1014.6  29.1  29.5  25.9   MM   MM    MM
2026 09 15 00 00  70  8.0  9.0    MM    MM    MM  MM 1014.5  29.1    MM  25.7   MM +1.7    MM
2026 09 14 23 50  70  8.0  9.0   1.1     5   4.4 100 1014.3  29.1  29.5  25.6   MM   MM    MM
2026 09 14 23 40  70  7.0  9.0   1.1    MM   4.4 100 1014.2  29.0  29.5  25.8   MM   MM    MM
2026 09 14 23 20  70  7.0  8.0   1.2     5   4.5  94 1014.1  29.0  29.5  25.8   MM   MM    MM
2026 09 14 23 10  70  7.0  8.0    MM    MM    MM  MM 1013.9  29.0  29.5  25.9   MM   MM    MM
2026 09 14 23 00  70  7.0  8.0    MM    MM    MM  MM 1013.8  29.0  29.5  25.9   MM +1.0    MM
2026 09 14 22 50  70  7.0  8.0   1.2     5   4.6  85 1013.7  29.0  29.5  25.9   MM   MM    MM
2026 09 14 22 40  70  7.0  8.0   1.2    MM   4.6  85 1013.7  29.0  29.5  25.9   MM   MM    MM
2026 09 14 22 30  80  7.0  8.0    MM    MM    MM  MM 1013.6  29.0  29.5  25.7   MM   MM    MM
2026 09 14 22 20  70  7.0  8.0   1.2     5   4.5  91 1013.6  29.0  29.5  25.7   MM   MM    MM
2026 09 14 22 10  70  7.0  8.0   1.2    MM   4.5  91 1013.4  29.0  29.6  25.5   MM   MM    MM
2026 09 14 22 00  70  7.0  9.0    MM    MM    MM  MM 1013.4  29.0  29.6  25.3   MM +0.8    MM
2026 09 14 21 50  70  7.0  9.0   1.1     6   4.5 101 1013.3  29.0  29.5  25.2   MM   MM    MM
2026 09 14 21 40  70  7.0  9.0    MM    MM    MM  MM 1013.2  29.0  29.5  25.2   MM   MM    MM
2026 09 14 21 30  70  7.0  8.0    MM    MM    MM  MM 1013.1  29.0  29.5  25.3   MM   MM    MM
2026 09 14 21 20  70  7.0  8.0   1.1     5   4.4  98 1013.0  29.0  29.5  25.1   MM   MM    MM
2026 09 14 21 10  70  7.0  9.0    MM    MM    MM  MM 1013.0  29.0    MM  25.1   MM   MM    MM
2026 09 14 21 00  70  7.0  9.0    MM    MM    MM  MM 1012.9  29.0  29.5  25.0   MM -0.3    MM
2026 09 14 20 50  70  7.0  8.0   1.1     5   4.3 101 1012.9  29.1  29.5  25.0   MM   MM    MM
2026 09 14 20 40  80  7.0  9.0   1.1    MM   4.3 101 1012.9  29.1  29.5  24.8   MM   MM    MM
2026 09 14 20 30  80  7.0  8.0    MM    MM    MM  MM 1012.9  29.2  29.5  24.9   MM   MM    MM
2026 09 14 20 20  80  7.0  8.0   1.1     5   4.4 118 1012.9  29.2  29.6  24.5   MM   MM    MM
2026 09 14 20 10  70  7.0  8.0    MM    MM    MM  MM 1012.9  29.2  29.6  24.6   MM   MM    MM
2026 09 14 20 00  70  7.0  8.0    MM    MM    MM  MM 1012.8  29.1  29.6  25.0   MM -1.6    MM
2026 09 14 19 50  70  7.0  8.0   1.1    MM   4.5  96 1012.9    MM  29.6    MM   MM   MM    MM
2026 09 14 19 40  70  7.0  8.0    MM    MM    MM  MM 1012.8  29.1  29.6  25.3   MM   MM    MM
2026 09 14 19 30  70  7.0  8.0    MM    MM    MM  MM 1012.8  29.2  29.6  25.1   MM   MM    MM
2026 09 14 19 20  70  7.0  8.0   1.1    MM   4.4 108 1012.6  29.1  29.6  25.1   MM   MM    MM
2026 09 14 19 10  MM   MM   MM   1.1     5   4.4 108     MM    MM    MM    MM   MM   MM    MM
2026 09 14 19 00  70  7.0  9.0    MM    MM    MM  MM 1012.6  29.2    MM  25.1   MM -2.6    MM
2026 09 14 18 50  70  8.0  9.0   1.0    MM   4.4 101 1012.7    MM  29.6    MM   MM   MM    MM
2026 09 14 18 40  70  7.0  9.0   1.0    MM   4.4 101 1012.8  29.1  29.6  25.1   MM   MM    MM
2026 09 14 18 30  70  8.0  9.0    MM    MM    MM  MM 1012.9  29.0  29.6  25.6   MM   MM    MM
2026 09 14 18 20  70  8.0  9.0   1.1     5   4.3 106 1013.0  29.0  29.6  26.0   MM   MM    MM
2026 09 14 18 10  70  7.0  9.0   1.1    MM   4.3 106 1013.1  29.0  29.6  25.9   MM   MM    MM
2026 09 14 18 00  80  8.0  9.0    MM    MM    MM  MM 1013.2  29.0  29.6  25.8   MM -2.4    MM
2026 09 14 17 50  80  7.0  9.0   1.1     5   4.4 109 1013.4  29.0  29.6  25.7   MM   MM    MM
2026 09 14 17 40  80  7.0  8.0   1.1    MM   4.4 109 1013.6  29.1  29.6  25.6   MM   MM    MM
2026 09 14 17 30  80  7.0  8.0    MM    MM    MM  MM 1013.8  29.1  29.6  25.4   MM   MM    MM
2026 09 14 17 20  80  7.0  9.0   1.1     5   4.4 109 1014.0  29.2  29.6  25.0   MM   MM    MM
2026 09 14 17 10  80  8.0  9.0   1.1    MM   4.4 109 1014.2  29.2  29.6  24.8   MM   MM    MM
2026 09 14 17 00  80  7.0  9.0    MM    MM    MM  MM 1014.4  29.0  29.6  25.4   MM -1.5    MM
2026 09 14 16 50  80  7.0  9.0   1.1     5   4.4 108 1014.6  29.0  29.6  26.0   MM   MM    MM
2026 09 14 16 40  80  7.0  8.0    MM    MM    MM  MM 1014.8  29.0  29.6  26.0   MM   MM    MM
2026 09 14 16 30  80  7.0  9.0    MM    MM    MM  MM 1014.9  29.0  29.6  26.0   MM   MM    MM
2026 09 14 16 20  80  7.0  8.0   1.1     5   4.3  97 1015.1  29.0  29.5  26.0   MM   MM    MM
2026 09 14 16 10  80  8.0 10.0   1.1    MM   4.3  97 1015.1  29.0  29.5  25.8   MM   MM    MM
2026 09 14 16 00  80  8.0  9.0    MM    MM    MM  MM 1015.2  29.0  29.5  26.0   MM -0.4    MM
2026 09 14 15 50  80  7.0  9.0   1.1     7   4.3 108 1015.3  28.9  29.5  26.0   MM   MM    MM
2026 09 14 15 40  80  7.0  9.0    MM    MM    MM  MM 1015.4  28.9  29.5  26.1   MM   MM    MM
2026 09 14 15 30  80  7.0  9.0    MM    MM    MM  MM 1015.6  29.0  29.5  26.0   MM   MM    MM
2026 09 14 15 20  80  8.0 10.0   1.2     5   4.4  99 1015.6  29.0  29.5  25.8   MM   MM    MM
2026 09 14 15 10  80  8.0  9.0   1.2    MM   4.4  99 1015.6  29.0  29.5  25.7   MM   MM    MM
2026 09 14 15 00  80  8.0  9.0    MM    MM    MM  MM 1015.6  29.0  29.5  25.8   MM +0.6    MM
2026 09 14 14 50  80  8.0  9.0   1.1     5   4.4 104 1015.8  29.1    MM  25.8   MM   MM    MM
2026 09 14 14 40  80  8.0  9.0    MM    MM    MM  MM 1015.9  29.1  29.5  25.4   MM   MM    MM
2026 09 14 14 30  80  8.0  9.0   1.1    MM   4.4 104 1015.9  29.1  29.5  25.4   MM   MM    MM
2026 09 14 14 20  80  8.0  9.0   1.3     5   4.5 117 1015.9  29.2  29.5  25.4   MM   MM    MM
2026 09 14 14 10  80  8.0  9.0   1.3    MM   4.5 117 1015.9  29.1  29.5  25.4   MM   MM    MM
2026 09 14 14 00  80  8.0  9.0    MM    MM    MM  MM 1016.0  29.1  29.5  25.5   MM +1.4    MM
2026 09 14 13 50  80  8.0  9.0   1.3     6   4.6 122 1016.0  29.1  29.5  25.5   MM   MM    MM
2026 09 14 13 40  80  8.0  9.0   1.3    MM   4.6 122 1015.9  29.0  29.5  25.5   MM   MM    MM
2026 09 14 13 30  80  7.0  9.0    MM    MM    MM  MM 1015.9  29.0  29.5  25.6   MM   MM    MM
2026 09 14 13 20  70  7.0  8.0   1.2     5   4.5 117 1015.8  29.0  29.5  25.6   MM   MM    MM
2026 09 14 13 10  80  7.0  9.0   1.2    MM   4.5 117 1015.7  28.9  29.5  25.4   MM   MM    MM
2026 09 14 13 00  80  8.0  9.0    MM    MM    MM  MM 1015.6  29.0  29.5  25.3   MM +1.8    MM
2026 09 14 12 50  80  8.0  9.0   1.2     5   4.5  99 1015.6  29.0  29.5  25.2   MM   MM    MM
2026 09 14 12 40  80  8.0  9.0    MM    MM    MM  MM 1015.4  28.9  29.5  25.2   MM   MM    MM
2026 09 14 12 30  80  8.0  9.0    MM    MM    MM  MM 1015.4  29.0  29.5  25.1   MM   MM    MM
2026 09 14 12 20  80  7.0  9.0   1.2     6   4.5 117 1015.3  28.9  29.5  25.4   MM   MM    MM
2026 09 14 12 10  80  7.0  9.0   1.2    MM   4.5 117 1015.2  28.9  29.5  25.2   MM   MM    MM
2026 09 14 12 00  80  8.0 10.0    MM    MM    MM  MM 1015.1  28.8  29.5  25.4   MM +1.6    MM
2026 09 14 11 50  80  8.0  9.0   1.2     5   4.7 103 1014.9  28.8  29.5  25.4   MM   MM    MM
2026 09 14 11 40  90  8.0  9.0   1.2    MM   4.7 103 1014.8  28.8  29.5  25.2   MM   MM    MM
2026 09 14 11 30  80  8.0  9.0    MM    MM    MM  MM 1014.7  28.8  29.5  25.1   MM   MM    MM
2026 09 14 11 20  80  8.0 10.0   1.2     5   4.5 102 1014.6  28.9  29.5  25.3   MM   MM    MM
2026 09 14 11 10  80  8.0  9.0   1.2    MM   4.5 102 1014.6  28.9  29.5  25.4   MM   MM    MM
2026 09 14 11 00  80  8.0  9.0    MM    MM    MM  MM 1014.6  28.8  29.5  25.2   MM +1.2    MM
2026 09 14 10 50  80  8.0  9.0   1.1     5   4.4  99 1014.5  28.9  29.5  25.0   MM   MM    MM
2026 09 14 10 40  80  8.0  9.0    MM    MM    MM  MM 1014.4  28.8  29.5  25.2   MM   MM    MM
2026 09 14 10 30  80  8.0  9.0    MM    MM    MM  MM 1014.1  28.7  29.5  25.3   MM   MM    MM
2026 09 14 10 20  80  8.0  9.0   1.1     5   4.6 109 1013.9  28.7  29.5  25.4   MM   MM    MM
2026 09 14 10 10  90  8.0  9.0   1.1    MM   4.6 109 1014.0  28.8  29.5  25.3   MM   MM    MM
2026 09 14 10 00  90  8.0  9.0    MM    MM    MM  MM 1013.7  28.8  29.5  25.1   MM +0.5    MM
2026 09 14 09 50  90  8.0 10.0   1.1     5   4.5 109 1013.6  28.8  29.5  25.1   MM   MM    MM
2026 09 14 09 40  80  8.0  9.0    MM    MM    MM  MM 1013.7  28.8  29.5  25.2   MM   MM    MM
2026 09 14 09 30  90  8.0  9.0    MM    MM    MM  MM 1013.6  28.8  29.5  25.3   MM   MM    MM
2026 09 14 09 20  90  8.0  9.0   1.1     5   4.5 102 1013.5  28.9  29.5  25.2   MM   MM    MM
2026 09 14 09 10  90  8.0  9.0   1.1    MM   4.5 102 1013.4  28.8  29.5  25.3   MM   MM    MM
2026 09 14 09 00  80  8.0 10.0    MM    MM    MM  MM 1013.4  28.8  29.5  25.4   MM -0.0    MM
2026 09 14 08 50  80  8.0  9.0   1.1     5   4.6 100 1013.5  28.8  29.5  25.4   MM   MM    MM
2026 09 14 08 40  80  8.0  9.0   1.1    MM   4.6 100 1013.6  28.8  29.5  25.4   MM   MM    MM
2026 09 14 08 30  80  7.0  9.0    MM    MM    MM  MM 1013.5  28.8  29.5  25.8   MM   MM    MM
2026 09 14 08 20  80  8.0 10.0   1.2     5   4.4 114 1013.4  28.8  29.5  25.3   MM   MM    MM
2026 09 14 08 10  80  8.0 10.0    MM    MM    MM  MM 1013.4  28.8  29.5  25.5   MM   MM    MM
2026 09 14 08 00  80  8.0  9.0    MM    MM    MM  MM 1013.3  28.8    MM  25.6   MM -0.9    MM
2026 09 14 07 50  80  8.0  9.0   1.1     6   4.4 114 1013.2  28.8  29.5  25.6   MM   MM    MM
2026 09 14 07 40  80  8.0  9.0    MM    MM    MM  MM 1013.2  28.8  29.5  25.6   MM   MM    MM
2026 09 14 07 30  80  8.0 10.0    MM    MM    MM  MM 1013.2  28.8  29.5  25.8   MM   MM    MM
2026 09 14 07 20  80  8.0  9.0   1.1     5   4.3 111 1013.1  28.8    MM  25.8   MM   MM    MM
2026 09 14 07 10  70  8.0  9.0   1.1    MM   4.3 111 1013.3  28.8  29.5  26.0   MM   MM    MM
2026 09 14 07 00  80  8.0  9.0    MM    MM    MM  MM 1013.3  28.8  29.5  25.9   MM -1.7    MM
2026 09 14 06 50  80  8.0 10.0   1.1    MM   4.5 105 1013.2  28.9  29.5  26.0   MM   MM    MM
2026 09 14 06 40  80  8.0  9.0   1.1    MM   4.5 105 1013.2    MM    MM    MM   MM   MM    MM
2026 09 14 06 30  80  8.0  9.0    MM    MM    MM  MM 1013.3  28.9  29.5  25.8   MM   MM    MM
2026 09 14 06 20  80  8.0  9.0   1.1     5   4.5 107 1013.4  28.9  29.5  25.7   MM   MM    MM
2026 09 14 06 10  80  8.0 10.0   1.1    MM   4.5 107 1013.6  28.9  29.5  25.6   MM   MM    MM
2026 09 14 06 00  80  8.0 10.0    MM    MM    MM  MM 1013.6  28.9  29.5  25.8   MM -1.7    MM
2026 09 14 05 50  80  8.0  9.0   1.1     5   4.4 104 1013.7  28.9  29.5  25.9   MM   MM    MM
2026 09 14 05 40  80  8.0  9.0    MM    MM    MM  MM 1013.9  28.9  29.5  25.9   MM   MM    MM
2026 09 14 05 30  80  7.0  9.0    MM    MM    MM  MM 1014.0  28.9  29.5  26.0   MM   MM    MM
2026 09 14 05 20  80  8.0  9.0   1.1     5   4.4 116 1014.1  29.0  29.5  25.9   MM   MM    MM
2026 09 14 05 10  80  8.0  9.0   1.1    MM   4.4 116 1014.2  29.0  29.5  25.8   MM   MM    MM
2026 09 14 05 00  80  8.0  9.0    MM    MM    MM  MM 1014.2  28.9  29.5  25.8   MM -1.3    MM
2026 09 14 04 50  80  8.0  9.0   1.1     6   4.4 112 1014.4  29.0  29.5  25.9   MM   MM    MM
2026 09 14 04 40  90  8.0  9.0    MM    MM    MM  MM 1014.5  29.0  29.5  25.8   MM   MM    MM
2026 09 14 04 30  80  8.0  9.0    MM    MM    MM  MM 1014.6  28.9  29.5  26.1   MM   MM    MM
2026 09 14 04 20  80  8.0  9.0   1.1     6   4.5 108 1014.8  28.9  29.5  26.1   MM   MM    MM
2026 09 14 04 10  80  7.0  9.0   1.1    MM   4.5 108 1014.9  29.0  29.5  26.3   MM   MM    MM
2026 09 14 04 00  80  7.0  9.0    MM    MM    MM  MM 1014.9  29.0  29.5  25.8   MM +0.0    MM
2026 09 14 03 50  80  7.0  8.0   1.1     5   4.5  94 1015.1  28.9  29.6  26.0   MM   MM    MM
2026 09 14 03 40  80  8.0  9.0    MM    MM    MM  MM 1015.1  29.0  29.5  26.3   MM   MM    MM
2026 09 14 03 30  80  8.0  9.0    MM    MM    MM  MM 1015.1  29.0  29.5  26.1   MM   MM    MM
2026 09 14 03 20  80  8.0  9.0   1.2     8   4.5 117 1015.2  29.0  29.6  26.2   MM   MM    MM
2026 09 14 03 10  80  8.0  9.0   1.2    MM   4.5 117 1015.3  29.0  29.5  26.1   MM   MM    MM
2026 09 14 03 00  80  8.0  9.0    MM    MM    MM  MM 1015.3  29.1  29.5  26.1   MM +0.6    MM
2026 09 14 02 50  70  8.0  9.0   1.1     5   4.4 105 1015.4  29.1  29.5  26.2   MM   MM    MM
2026 09 14 02 40  80  8.0  9.0    MM    MM    MM  MM 1015.4  29.1  29.5  26.3   MM   MM    MM
2026 09 14 02 30  70  8.0 10.0    MM    MM    MM  MM 1015.6  29.1  29.5  26.4   MM   MM    MM
2026 09 14 02 20  80  8.0  9.0   1.1     5   4.4  95 1015.6  29.1  29.5  26.3   MM   MM    MM
2026 09 14 02 10  80  8.0  9.0   1.1    MM   4.4  95 1015.6  29.1  29.6  26.5   MM   MM    MM
2026 09 14 02 00  70  8.0  9.0    MM    MM    MM  MM 1015.5  29.1  29.5  26.4   MM +0.9    MM
2026 09 14 01 50  70  7.0  8.0   1.1     5   4.4 100 1015.4  29.0  29.5  26.5   MM   MM    MM
2026 09 14 01 40  80  7.0  8.0    MM    MM    MM  MM 1015.5  28.9  29.5  26.5   MM   MM    MM
2026 09 14 01 30  80  7.0  8.0    MM    MM    MM  MM 1015.4  29.0  29.6  26.6   MM   MM    MM
2026 09 14 01 20  80  7.0  8.0   1.1     5   4.5 105 1015.3  29.0  29.6  26.5   MM   MM    MM
2026 09 14 01 10  80  7.0  9.0   1.1    MM   4.5 105 1015.2  29.1  29.6  26.5   MM   MM    MM
2026 09 14 01 00  90  8.0  9.0    MM    MM    MM  MM 1015.1  29.1  29.6  26.2   MM +0.9    MM
2026 09 14 00 50  90  8.0 10.0   1.1     5   4.4 101 1014.9  29.0  29.6  26.2   MM   MM    MM
2026 09 14 00 40  80  8.0 10.0    MM    MM    MM  MM 1014.8  28.9  29.6  26.4   MM   MM    MM
2026 09 14 00 30  80  8.0  9.0    MM    MM    MM  MM 1014.8  29.1  29.6  26.7   MM   MM    MM
2026 09 14 00 20  80  8.0  9.0   1.0     7   4.5  95 1014.6  29.1  29.6  26.6   MM   MM    MM
2026 09 14 00 10  80  8.0 10.0   1.0    MM   4.5  95 1014.7  29.2  29.6  26.8   MM   MM    MM
2026 09 14 00 00  70  7.0  8.0    MM    MM    MM  MM 1014.6  29.2  29.6  26.6   MM +1.2    MM
2026 09 13 23 50  80  7.0  8.0   1.0     7   4.7  94 1014.5  29.1  29.6  26.6   MM   MM    MM
2026 09 13 23 40  90  4.0  5.0    MM    MM    MM  MM 1014.6  28.9  29.6  26.4   MM   MM    MM
2026 09 13 23 30 100  5.0  6.0    MM    MM    MM  MM 1014.6  28.8  29.6  26.2   MM   MM    MM
2026 09 13 23 20 100  5.0  6.0   0.9     7   4.6  94 1014.5  28.6  29.6  26.0   MM   MM    MM
2026 09 13 23 10 100  5.0  6.0    MM    MM    MM  MM 1014.6  28.7  29.6  26.3   MM   MM    MM
2026 09 13 23 00 100  5.0  7.0    MM    MM    MM  MM 1014.5  28.7  29.7  26.3   MM +1.0    MM
2026 09 13 22 50  90  7.0  9.0   0.9     7   4.7 103 1014.4  29.1  29.7  26.6   MM   MM    MM
2026 09 13 22 40  80  7.0  8.0    MM    MM    MM  MM 1014.3  29.2  29.7  26.7   MM   MM    MM
2026 09 13 22 30  80  6.0  8.0    MM    MM    MM  MM 1014.1  29.3  29.7  26.6   MM   MM    MM
2026 09 13 22 20  80  6.0  7.0   0.9     5   4.7 115 1014.2  29.2  29.7  26.5   MM   MM    MM
2026 09 13 22 10  80  6.0  8.0    MM    MM    MM  MM 1014.2  29.2  29.6  26.4   MM   MM    MM
2026 09 13 22 00  80  6.0  7.0    MM    MM    MM  MM 1014.2  29.3  29.6  26.7   MM +0.3    MM
2026 09 13 21 50  70  6.0  7.0   1.0     6   4.8 104 1014.0  29.3  29.6  26.5   MM   MM    MM
2026 09 13 21 40  70  6.0  7.0    MM    MM    MM  MM 1013.9  29.3  29.6  26.1   MM   MM    MM
2026 09 13 21 30  80  6.0  7.0    MM    MM    MM  MM 1013.7  29.3  29.6  26.2   MM   MM    MM
2026 09 13 21 20  70  5.0  6.0   0.9     5   4.8 105 1013.6  29.3  29.6  26.1   MM   MM    MM
2026 09 13 21 10  80  5.0  6.0   0.9    MM   4.8 105 1013.5  29.3  29.6  25.9   MM   MM    MM
2026 09 13 21 00  80  5.0  6.0    MM    MM    MM  MM 1013.4  29.3  29.7  25.9   MM -0.8    MM
2026 09 13 20 50  80  5.0  6.0   0.9     8   4.7  99 1013.4  29.3  29.7  25.9   MM   MM    MM
2026 09 13 20 40  80  5.0  6.0    MM    MM    MM  MM 1013.4  29.3  29.7  26.0   MM   MM    MM
2026 09 13 20 30  80  5.0  6.0    MM    MM    MM  MM 1013.4  29.3  29.7  25.9   MM   MM    MM
2026 09 13 20 20  80  5.0  7.0   0.9     5   4.7 107 1013.4  29.3  29.7  26.0   MM   MM    MM
2026 09 13 20 10  90  5.0  6.0   0.9    MM   4.7 107 1013.5  29.4  29.7  26.0   MM   MM    MM
2026 09 13 20 00  90  5.0  6.0    MM    MM    MM  MM 1013.6  29.4  29.7  25.9   MM -1.4    MM
2026 09 13 19 50  80  5.0  6.0   0.9     6   4.6 116 1013.6  29.3  29.7  25.8   MM   MM    MM
2026 09 13 19 40  80  5.0  7.0   0.9    MM   4.6 116 1013.7  29.3  29.7  26.0   MM   MM    MM
2026 09 13 19 30  80  5.0  6.0    MM    MM    MM  MM 1013.7  29.3  29.7  25.9   MM   MM    MM
2026 09 13 19 20  80  5.0  6.0   0.9     6   4.6 110 1013.8  29.3  29.7  25.9   MM   MM    MM
2026 09 13 19 10  90  5.0  6.0   0.9    MM   4.6 110 1014.0  29.3  29.8  25.8   MM   MM    MM
2026 09 13 19 00  90  5.0  6.0    MM    MM    MM  MM 1013.9  29.3  29.8  25.9   MM -1.7    MM
2026 09 13 18 50  80  5.0  6.0   0.9     6   4.4 124 1014.0  29.2  29.7  25.7   MM   MM    MM
2026 09 13 18 40  80  5.0  6.0    MM    MM    MM  MM 1014.0    MM  29.7    MM   MM   MM    MM
2026 09 13 18 30  80  5.0  6.0    MM    MM    MM  MM 1014.0  29.2  29.8  25.7   MM   MM    MM
2026 09 13 18 20  90  5.0  6.0   0.9     5   4.5  96 1014.1  29.1  29.7  25.8   MM   MM    MM
2026 09 13 18 10  90  5.0  6.0   0.9    MM   4.5  96 1014.2  29.1  29.7  25.8   MM   MM    MM
2026 09 13 18 00  90  5.0  6.0    MM    MM    MM  MM 1014.2  29.2  29.7  25.8   MM -1.7    MM
2026 09 13 17 50  90  5.0  6.0   1.0     5   4.6 104 1014.3  29.1  29.7  25.6   MM   MM    MM
2026 09 13 17 40  80  5.0  6.0    MM    MM    MM  MM 1014.3  29.1  29.7  25.9   MM   MM    MM
2026 09 13 17 30  80  6.0  7.0    MM    MM    MM  MM 1014.6  29.1  29.7  25.9   MM   MM    MM
2026 09 13 17 20  90  6.0  6.0   0.9     6   4.4 100 1014.8  29.1  29.7  25.7   MM   MM    MM
2026 09 13 17 10  90  5.0  7.0    MM    MM    MM  MM 1014.8  29.1  29.7  25.8   MM   MM    MM
2026 09 13 17 00  80  6.0  7.0    MM    MM    MM  MM 1015.0  29.1  29.6  25.8   MM -0.9    MM
2026 09 13 16 50  90  6.0  7.0   0.9     5   4.3  95 1015.1  29.2  29.6  25.8   MM   MM    MM
2026 09 13 16 40  90  7.0  8.0   0.9    MM   4.3  95 1015.1  29.1  29.6  25.6   MM   MM    MM
2026 09 13 16 30  90  7.0  8.0    MM    MM    MM  MM 1015.3  29.1  29.6  25.7   MM   MM    MM
2026 09 13 16 20  90  7.0  8.0   1.0     5   4.4 103 1015.4  29.1  29.6  25.9   MM   MM    MM
2026 09 13 16 10  90  6.0  7.0   1.0    MM   4.4 103 1015.4  29.1  29.6  25.9   MM   MM    MM
2026 09 13 16 00  80  7.0  8.0    MM    MM    MM  MM 1015.6  29.1  29.6  25.7   MM +0.0    MM
2026 09 13 15 50  90  7.0  8.0   1.0     5   4.3  98 1015.9  29.1  29.6  25.8   MM   MM    MM
2026 09 13 15 40  90  7.0  8.0    MM    MM    MM  MM 1015.9  29.1  29.6  25.7   MM   MM    MM
2026 09 13 15 30  90  7.0  9.0    MM    MM    MM  MM 1015.9  29.2  29.6  25.7   MM   MM    MM
2026 09 13 15 20  80  7.0  8.0   1.0     5   4.3  90 1016.1  29.1  29.6  25.7   MM   MM    MM
2026 09 13 15 10  80  7.0  8.0    MM    MM    MM  MM 1016.0  29.1  29.6  26.1   MM   MM    MM
2026 09 13 15 00  80  7.0  9.0    MM    MM    MM  MM 1016.0  29.1  29.6  25.9   MM +0.7    MM
2026 09 13 14 50  80  7.0  9.0   1.1     5   4.3  85 1015.9  29.2  29.5  25.8   MM   MM    MM
2026 09 13 14 40  80  8.0  9.0    MM    MM    MM  MM 1015.9  29.1  29.5  25.7   MM   MM    MM
2026 09 13 14 30  70  7.0  8.0    MM    MM    MM  MM 1015.9  29.2  29.5  25.8   MM   MM    MM
2026 09 13 14 20  80  7.0  9.0   1.1     5   4.3  90 1015.9  29.2  29.5  25.8   MM   MM    MM
2026 09 13 14 10  80  7.0  9.0   1.1    MM   4.3  90 1015.9  29.1  29.5  25.6   MM   MM    MM
2026 09 13 14 00  80  7.0  9.0    MM    MM    MM  MM 1015.9  29.1  29.5  25.7   MM +1.1    MM
2026 09 13 13 50  80  7.0  9.0   1.3     5   4.5  90 1015.9  29.1  29.5  26.0   MM   MM    MM
2026 09 13 13 40  80  7.0  8.0    MM    MM    MM  MM 1015.9  29.1  29.5  26.2   MM   MM    MM
2026 09 13 13 30  80  7.0  8.0    MM    MM    MM  MM 1015.9  29.1  29.5  26.0   MM   MM    MM
2026 09 13 13 20  90  7.0  9.0   1.2     5   4.4  84 1015.8  29.0  29.5  26.1   MM   MM    MM
2026 09 13 13 10  90  7.0  9.0   1.2    MM   4.4  84 1015.8  29.0  29.5  26.1   MM   MM    MM
2026 09 13 13 00  90  7.0  9.0    MM    MM    MM  MM 1015.7  29.0  29.5  26.1   MM +1.4    MM
2026 09 13 12 50  80  7.0  9.0   1.2     5   4.4  97 1015.6  29.0  29.5  26.0   MM   MM    MM
2026 09 13 12 40  90  8.0  9.0    MM    MM    MM  MM 1015.7  29.0  29.5  25.9   MM   MM    MM
2026 09 13 12 30  80  8.0  9.0    MM    MM    MM  MM 1015.6  29.0  29.4  25.9   MM   MM    MM
2026 09 13 12 20  80  8.0  9.0   1.2     5   4.3  89 1015.5  28.9  29.4  25.9   MM   MM    MM
2026 09 13 12 10  80  7.0  9.0   1.2    MM   4.3  89 1015.4  28.9  29.4  26.1   MM   MM    MM
2026 09 13 12 00  80  8.0 10.0    MM    MM    MM  MM 1015.4  28.9  29.4  26.3   MM +1.5    MM
2026 09 13 11 50  80  8.0  9.0   1.2     5   4.3  91 1015.3  29.0  29.4  26.1   MM   MM    MM
2026 09 13 11 40  80  8.0 10.0    MM    MM    MM  MM 1015.2  29.0  29.4  26.1   MM   MM    MM
2026 09 13 11 30  90  8.0 10.0    MM    MM    MM  MM 1015.1  29.0  29.4  26.1   MM   MM    MM
2026 09 13 11 20  90  8.0 10.0   1.3     5   4.4  92 1014.8  29.0  29.4  25.6   MM   MM    MM
2026 09 13 11 10  90  8.0 10.0   1.3    MM   4.4  92 1014.8  29.0  29.4  25.6   MM   MM    MM
2026 09 13 11 00  90  8.0 10.0    MM    MM    MM  MM 1014.8  28.9  29.4  25.8   MM +1.2    MM
2026 09 13 10 50  90  8.0  9.0   1.3     5   4.5  91 1014.7  28.8  29.4  25.9   MM   MM    MM
2026 09 13 10 40  90  8.0 10.0   1.3    MM   4.5  91 1014.6  28.8  29.4  25.8   MM   MM    MM
2026 09 13 10 30  80  8.0  9.0    MM    MM    MM  MM 1014.5  28.7  29.4  26.1   MM   MM    MM
2026 09 13 10 20  70  8.0  9.0   1.3     5   4.5  99 1014.3  28.7  29.4  26.1   MM   MM    MM
2026 09 13 10 10  70  8.0  9.0    MM    MM    MM  MM 1014.3  28.8  29.4  26.0   MM   MM    MM
2026 09 13 10 00  80  8.0 10.0    MM    MM    MM  MM 1014.3  28.8  29.4  25.9   MM +0.7    MM
2026 09 13 09 50  80  8.0 10.0   1.2     5   4.4  97 1014.3  28.8  29.4  26.0   MM   MM    MM
2026 09 13 09 40  70  8.0  9.0    MM    MM    MM  MM 1014.2  28.8  29.4  25.9   MM   MM    MM
2026 09 13 09 30  80  8.0 10.0    MM    MM    MM  MM 1014.0  28.8  29.4  25.8   MM   MM    MM
2026 09 13 09 20  80  8.0  9.0   1.2     5   4.5  89 1014.0  28.8  29.4  26.0   MM   MM    MM
2026 09 13 09 10  80  8.0  9.0    MM    MM    MM  MM 1013.8  28.6  29.4  26.0   MM   MM    MM
2026 09 13 09 00  80  7.0  9.0    MM    MM    MM  MM 1013.8  27.8    MM  24.7   MM -0.6    MM
2026 09 13 08 50  80  7.0 11.0   1.2     5   4.5 103 1013.7  28.1  29.4  26.0   MM   MM    MM
2026 09 13 08 40  90  7.0  8.0   1.2    MM   4.5 103 1013.7  28.2  29.5  25.9   MM   MM    MM
2026 09 13 08 30  80  7.0  8.0    MM    MM    MM  MM 1013.7  28.2  29.4  25.5   MM   MM    MM
2026 09 13 08 20  70  8.0 10.0   1.2     5   4.5  83 1013.7  28.4  29.5  25.8   MM   MM    MM
2026 09 13 08 10  70  7.0  8.0   1.2    MM   4.5  83 1013.6  28.5  29.4  25.9   MM   MM    MM
2026 09 13 08 00  60  7.0  9.0    MM    MM    MM  MM 1013.6  28.3  29.5  25.5   MM -1.4    MM
2026 09 13 07 50  60  8.0 11.0   1.2     5   4.4  97 1013.5  28.4  29.5  25.8   MM   MM    MM
2026 09 13 07 40  80  8.0 10.0    MM    MM    MM  MM 1013.4  28.8  29.5  26.1   MM   MM    MM
2026 09 13 07 30  80  7.0  9.0    MM    MM    MM  MM 1013.4  28.8  29.5  26.2   MM   MM    MM
2026 09 13 07 20  80  8.0  9.0   1.1    MM   4.5  92 1013.4  28.8  29.4  25.9   MM   MM    MM
2026 09 13 07 10  MM   MM   MM   1.1     5   4.5  92     MM    MM    MM    MM   MM   MM    MM
2026 09 13 07 00  70  7.0  9.0    MM    MM    MM  MM 1013.6  28.7  29.5  26.3   MM -2.1    MM
2026 09 13 06 50  70  7.0  9.0   1.2     5   4.5  92 1013.8  28.7  29.5  26.1   MM   MM    MM
2026 09 13 06 40  70  8.0  9.0   1.2    MM   4.5  92 1013.9  28.6  29.5  25.9   MM   MM    MM
2026 09 13 06 30  60  7.0  9.0    MM    MM    MM  MM 1014.0  28.6  29.5  26.3   MM   MM    MM
2026 09 13 06 20  60  7.0  9.0   1.2     5   4.5  94 1014.0  28.7  29.5  26.3   MM   MM    MM
2026 09 13 06 10  60  7.0  8.0   1.2    MM   4.5  94 1014.2  28.7  29.5  26.0   MM   MM    MM
2026 09 13 06 00  60  7.0  9.0    MM    MM    MM  MM 1014.3  28.7  29.5  25.8   MM -1.4    MM
2026 09 13 05 50  60  8.0  9.0   1.1     5   4.5  87 1014.4  28.8  29.5  25.8   MM   MM    MM
2026 09 13 05 40  60  8.0  9.0    MM    MM    MM  MM 1014.6  28.8  29.5  25.6   MM   MM    MM
2026 09 13 05 30  60  8.0 10.0    MM    MM    MM  MM 1014.6  28.8  29.5  25.6   MM   MM    MM
2026 09 13 05 20  70  8.0  9.0   1.2     5   4.5  85 1014.8  28.8  29.5  25.8   MM   MM    MM
2026 09 13 05 10  70  8.0 10.0   1.2    MM   4.5  85 1014.9  28.9  29.5  26.0   MM   MM    MM
2026 09 13 05 00  70  8.0 10.0    MM    MM    MM  MM 1015.0  28.8  29.5  26.0   MM -1.0    MM
2026 09 13 04 50  60  8.0 10.0   1.3     5   4.5  90 1015.1  28.9  29.5  26.2   MM   MM    MM
2026 09 13 04 40  60  8.0  9.0    MM    MM    MM  MM 1015.2  28.9  29.5  26.1   MM   MM    MM
2026 09 13 04 30  60  8.0 10.0    MM    MM    MM  MM 1015.3  28.9  29.5  26.0   MM   MM    MM
2026 09 13 04 20  60  9.0 10.0   1.3     5   4.4  87 1015.5  29.0  29.5  25.9   MM   MM    MM
2026 09 13 04 10  60  9.0 11.0    MM    MM    MM  MM 1015.6  29.1  29.5  25.6   MM   MM    MM
2026 09 13 04 00  70  9.0 11.0    MM    MM    MM  MM 1015.7  29.0  29.5  25.7   MM +0.0    MM
2026 09 13 03 50  60  9.0 11.0   1.3     7   4.6  99 1015.7  29.0  29.5  25.9   MM   MM    MM
2026 09 13 03 40  60  9.0 10.0    MM    MM    MM  MM 1015.7  29.0  29.5  26.1   MM   MM    MM
2026 09 13 03 30  60  8.0 10.0    MM    MM    MM  MM 1015.7  28.9  29.5  26.3   MM   MM    MM
2026 09 13 03 20  60  8.0  9.0   1.4     5   4.5  95 1015.8  28.9  29.5  26.2   MM   MM    MM
2026 09 13 03 10  60  8.0 10.0   1.4    MM   4.5  95 1015.8  28.9  29.5  26.4   MM   MM    MM
2026 09 13 03 00  60  8.0 10.0    MM    MM    MM  MM 1015.8  28.8  29.5  26.2   MM +1.0    MM
2026 09 13 02 50  60  8.0 10.0   1.4     5   4.5  83 1015.8  28.8  29.5  26.0   MM   MM    MM
2026 09 13 02 40  70  9.0 10.0   1.4    MM   4.5  83 1015.9  28.7  29.5  25.8   MM   MM    MM
2026 09 13 02 30  80 10.0 12.0    MM    MM    MM  MM 1015.8  28.6  29.5  25.4   MM   MM    MM
2026 09 13 02 20  70 10.0 12.0   1.4     7   4.4  99 1015.8  28.7  29.5  26.1   MM   MM    MM
2026 09 13 02 10  60  9.0 10.0   1.4    MM   4.4  99 1015.9  29.2  29.5  26.6   MM   MM    MM
2026 09 13 02 00  60  9.0 10.0    MM    MM    MM  MM 1016.0  29.3  29.5  26.2   MM +1.6    MM
2026 09 13 01 50  60  9.0 10.0   1.4     5   4.5  95 1015.9  29.4  29.5  26.1   MM   MM    MM
2026 09 13 01 40  60  9.0 10.0    MM    MM    MM  MM 1015.8  29.2  29.5  26.4   MM   MM    MM
2026 09 13 01 30  60  9.0 11.0    MM    MM    MM  MM 1015.7  29.3  29.5  26.3   MM   MM    MM
2026 09 13 01 20  60  9.0 10.0   1.3     5   4.4  89 1015.7  29.3  29.5  26.1   MM   MM    MM
2026 09 13 01 10  70  9.0 10.0   1.3    MM   4.4  89 1015.7  29.3  29.5  26.2   MM   MM    MM
2026 09 13 01 00  60  9.0 10.0    MM    MM    MM  MM 1015.6  29.2  29.5  26.2   MM +1.6    MM
2026 09 13 00 50  60  9.0 10.0   1.3    MM   4.5 108 1015.4  29.3  29.5  26.1   MM   MM    MM
2026 09 13 00 40  60  9.0 11.0   1.3    MM   4.5 108 1015.3  29.4  29.5  25.7   MM   MM    MM
2026 09 13 00 30  50  9.0 10.0    MM    MM    MM  MM 1015.2  29.4  29.5  26.0   MM   MM    MM
2026 09 13 00 20  50  9.0 11.0   1.2     4   4.3  75 1015.2  29.3  29.5  26.1   MM   MM    MM
2026 09 13 00 10  50  9.0 11.0   1.2    MM   4.3  75 1015.1  29.3  29.6  26.1   MM   MM    MM
2026 09 13 00 00  50 10.0 11.0    MM    MM    MM  MM 1014.8  29.3  29.6  26.1   MM +0.9    MM
2026 09 12 23 50  50  9.0 11.0   1.3     5   4.6 102 1014.8  29.2  29.6  26.2   MM   MM    MM
2026 09 12 23 40  40  8.0 10.0    MM    MM    MM  MM 1014.8  29.1  29.6  26.8   MM   MM    MM
2026 09 12 23 20  40  9.0 11.0   1.2     7   4.5 109 1014.6  29.0  29.5  26.6   MM   MM    MM
2026 09 12 23 10  40  9.0 10.0   1.2    MM   4.5 109 1014.4  29.0  29.5  26.7   MM   MM    MM
2026 09 12 23 00  40  9.0 11.0    MM    MM    MM  MM 1014.3  28.9  29.5  26.9   MM +0.5    MM
2026 09 12 22 50  40  8.0 10.0   1.2     6   4.5 107 1014.3  29.0    MM  26.9   MM   MM    MM
2026 09 12 22 40  40  8.0 10.0    MM    MM    MM  MM 1014.1  29.3  29.6  26.5   MM   MM    MM
2026 09 12 22 30  40  8.0 10.0    MM    MM    MM  MM 1014.1  29.3  29.6  26.5   MM   MM    MM
2026 09 12 22 20  50  8.0 10.0   1.1     6   4.5 109 1014.1  29.3  29.6  26.3   MM   MM    MM
2026 09 12 22 10  40  8.0  9.0   1.1    MM   4.5 109 1014.0  29.4  29.6  26.4   MM   MM    MM
2026 09 12 22 00  40  8.0  9.0    MM    MM    MM  MM 1014.0  29.4  29.6  26.0   MM -0.0    MM
2026 09 12 21 50  40  8.0  9.0   1.0     6   4.5 113 1013.8  29.3  29.6  26.4   MM   MM    MM
2026 09 12 21 40  40  8.0  9.0    MM    MM    MM  MM 1013.7  29.4  29.6  26.3   MM   MM    MM
2026 09 12 21 30  40  8.0  9.0    MM    MM    MM  MM 1013.7  29.4  29.6  26.3   MM   MM    MM
2026 09 12 21 20  40  7.0  9.0   1.1     5   4.7  84 1013.8  29.5  29.6  26.5   MM   MM    MM
2026 09 12 21 10  50  7.0  9.0   1.1    MM   4.7  84 1013.9  29.6  29.6  26.3   MM   MM    MM
2026 09 12 21 00  50  6.0  7.0    MM    MM    MM  MM 1014.0  29.5  29.7  26.5   MM -0.3    MM
2026 09 12 20 50  50  6.0  7.0   1.1     5   4.7  80 1013.8  29.5  29.7  26.4   MM   MM    MM
2026 09 12 20 40  60  6.0  7.0    MM    MM    MM  MM 1013.7  29.4  29.7  26.3   MM   MM    MM
2026 09 12 20 30  60  6.0  7.0    MM    MM    MM  MM 1013.7  29.5  29.7  26.5   MM   MM    MM
2026 09 12 20 20  60  6.0  7.0   1.2     8   4.9 102 1013.8  29.4  29.7  26.5   MM   MM    MM
2026 09 12 20 10  60  6.0  7.0    MM    MM    MM  MM 1013.7  29.5  29.7  26.4   MM   MM    MM
2026 09 12 20 00  60  6.0  7.0   1.2    MM   4.9 102 1013.9  29.5  29.7  26.2   MM -1.0    MM
2026 09 12 19 50  50  7.0  8.0   1.2    MM   4.8 102 1013.9  29.4  29.7  26.2   MM   MM    MM
2026 09 12 19 40  MM   MM   MM   1.2     7   4.8 102     MM    MM    MM    MM   MM   MM    MM
2026 09 12 19 30  50  7.0  8.0    MM    MM    MM  MM 1014.1  29.4  29.6  26.2   MM   MM    MM
2026 09 12 19 20  50  7.0  8.0   1.1    MM   4.7  87 1014.1  29.4  29.6  26.3   MM   MM    MM
2026 09 12 19 10  MM   MM   MM   1.1     8   4.7  87     MM    MM    MM    MM   MM   MM    MM
2026 09 12 19 00  50  6.0  8.0    MM    MM    MM  MM 1014.2  29.4  29.6  26.2   MM -1.4    MM
2026 09 12 18 50  50  6.0  8.0   1.1     5   4.7  97 1014.2  29.3    MM  26.2   MM   MM    MM
2026 09 12 18 40  50  6.0  7.0   1.1    MM   4.7  97 1014.1  29.4  29.6  26.3   MM   MM    MM
2026 09 12 18 30  50  6.0  7.0    MM    MM    MM  MM 1014.2  29.4  29.6  26.0   MM   MM    MM
2026 09 12 18 20  60  6.0  7.0   1.1     5   4.7  96 1014.1  29.4  29.7  26.2   MM   MM    MM
2026 09 12 18 10  60  6.0  8.0   1.1    MM   4.7  96 1014.2  29.4  29.7  25.9   MM   MM    MM
2026 09 12 18 00  60  7.0  8.0    MM    MM    MM  MM 1014.2  29.4  29.7  25.8   MM -1.9    MM
2026 09 12 17 50  60  7.0  8.0   1.0     5   4.6 102 1014.4  29.3  29.7  25.8   MM   MM    MM
2026 09 12 17 40  60  7.0  7.0    MM    MM    MM  MM 1014.5  29.3  29.6  26.0   MM   MM    MM
2026 09 12 17 30  60  6.0  7.0    MM    MM    MM  MM 1014.5  29.3  29.6  26.0   MM   MM    MM
2026 09 12 17 20  60  7.0  8.0   1.0     5   4.5  88 1014.6  29.3  29.6  26.0   MM   MM    MM
2026 09 12 17 10  60  7.0  8.0   1.0    MM   4.5  88 1014.8  29.3  29.6  26.0   MM   MM    MM
2026 09 12 17 00  70  6.0  8.0    MM    MM    MM  MM 1014.8  29.3  29.6  26.0   MM -1.0    MM
2026 09 12 16 50  60  7.0  8.0   1.1     8   4.6  88 1015.0  29.3  29.6  25.8   MM   MM    MM
2026 09 12 16 40  60  7.0  8.0    MM    MM    MM  MM 1015.1  29.3  29.6  25.9   MM   MM    MM
2026 09 12 16 30  70  7.0  8.0    MM    MM    MM  MM 1015.2  29.3  29.6  26.1   MM   MM    MM
2026 09 12 16 20  60  7.0  8.0   1.1     5   4.6  84 1015.3  29.3  29.6  25.9   MM   MM    MM
2026 09 12 16 10  60  7.0  8.0   1.1    MM   4.6  84 1015.3  29.3  29.6  25.9   MM   MM    MM
2026 09 12 16 00  70  7.0  8.0    MM    MM    MM  MM 1015.6  29.3  29.6  25.6   MM +0.0    MM
2026 09 12 15 50  70  7.0  8.0   1.1     5   4.5  89 1015.6  29.3  29.5  25.7   MM   MM    MM
2026 09 12 15 40  60  7.0  8.0    MM    MM    MM  MM 1015.6  29.3  29.5  25.6   MM   MM    MM
2026 09 12 15 30  60  7.0  8.0    MM    MM    MM  MM 1015.7  29.3  29.5  25.7   MM   MM    MM
2026 09 12 15 20  70  7.0  8.0   1.0     5   4.4 105 1015.9  29.3  29.5  25.7   MM   MM    MM
2026 09 12 15 10  70  7.0  8.0   1.0    MM   4.4 105 1016.0  29.3  29.5  25.5   MM   MM    MM
2026 09 12 15 00  60  7.0  8.0    MM    MM    MM  MM 1016.1  29.3  29.5  25.5   MM +1.2    MM
2026 09 12 14 50  60  7.0  8.0   1.1     5   4.6  89 1016.0  29.3  29.5  25.6   MM   MM    MM
2026 09 12 14 40  70  7.0  8.0    MM    MM    MM  MM 1015.9  29.3  29.5  25.7   MM   MM    MM
2026 09 12 14 30  60  7.0  8.0    MM    MM    MM  MM 1015.9  29.2  29.5  25.5   MM   MM    MM
2026 09 12 14 20  70  7.0  8.0   1.2     5   4.5  87 1016.0  29.3  29.4  25.6   MM   MM    MM
2026 09 12 14 10  60  7.0  8.0    MM    MM    MM  MM 1015.9  29.2  29.4  25.6   MM   MM    MM
2026 09 12 14 00  60  7.0  9.0    MM    MM    MM  MM 1015.9  29.2  29.4  25.6   MM +1.5    MM
2026 09 12 13 50  60  7.0  9.0   1.2     5   4.6  93 1015.9  29.2  29.4  25.5   MM   MM    MM
2026 09 12 13 40  60  7.0  9.0   1.2    MM   4.6  93 1016.1  29.3  29.4  25.6   MM   MM    MM
2026 09 12 13 30  70  7.0  9.0    MM    MM    MM  MM 1015.9  29.3  29.4  25.6   MM   MM    MM
2026 09 12 13 20  60  7.0  9.0   1.1     5   4.4  90 1015.9  29.3  29.4  25.6   MM   MM    MM
2026 09 12 13 10  60  7.0  9.0   1.1    MM   4.4  90 1015.8  29.3  29.4  25.5   MM   MM    MM
2026 09 12 13 00  60  8.0  9.0    MM    MM    MM  MM 1015.7  29.3  29.4  25.5   MM +1.8    MM
2026 09 12 12 50  60  8.0 10.0   1.2     4   4.4  79 1015.7  29.3  29.4  25.2   MM   MM    MM
2026 09 12 12 40  60  8.0  9.0    MM    MM    MM  MM 1015.6  29.3  29.4  25.7   MM   MM    MM
2026 09 12 12 30  70  8.0  9.0    MM    MM    MM  MM 1015.6  29.3  29.4  25.5   MM   MM    MM
2026 09 12 12 20  70  8.0 10.0   1.2     5   4.7  91 1015.3  29.3  29.4  25.2   MM   MM    MM
2026 09 12 12 10  60  8.0 10.0   1.2    MM   4.7  91 1015.3  29.3  29.4  25.2   MM   MM    MM
2026 09 12 12 00  70  8.0 10.0    MM    MM    MM  MM 1015.0  29.1  29.4  25.5   MM +1.3    MM
2026 09 12 11 50  70  8.0  9.0   1.2     5   4.5  91 1015.0  29.1  29.4  25.6   MM   MM    MM
2026 09 12 11 40  70  8.0  9.0    MM    MM    MM  MM 1014.9  29.1  29.4  25.6   MM   MM    MM
2026 09 12 11 30  60  7.0  8.0    MM    MM    MM  MM 1014.9  29.0  29.4  25.8   MM   MM    MM
2026 09 12 11 20  70  7.0  8.0   1.1     7   4.6 110 1014.6  29.0  29.4  26.1   MM   MM    MM
2026 09 12 11 10  70  7.0  9.0   1.1    MM   4.6 110 1014.5  29.0  29.4  25.8   MM   MM    MM
2026 09 12 11 00  70  7.0  9.0    MM    MM    MM  MM 1014.3  29.0  29.4  25.6   MM +1.2    MM
2026 09 12 10 50  70  8.0  9.0   1.2     5   4.6  92 1014.4  29.0  29.4  25.4   MM   MM    MM
2026 09 12 10 40  80  8.0  9.0   1.2    MM   4.6  92 1014.2  29.0  29.4  25.6   MM   MM    MM
2026 09 12 10 30  80  8.0  9.0    MM    MM    MM  MM 1014.1  29.0  29.4  25.4   MM   MM    MM
2026 09 12 10 20  70  8.0 10.0   1.3     5   4.7  84 1014.0  28.9  29.4  25.3   MM   MM    MM
2026 09 12 10 10  70  7.0  9.0   1.3    MM   4.7  84 1014.1  28.9  29.4  25.6   MM   MM    MM
2026 09 12 10 00  70  8.0  9.0    MM    MM    MM  MM 1013.9  28.9  29.4  25.6   MM +0.3    MM
2026 09 12 09 50  70  8.0  9.0   1.3     6   4.7  99 1013.7  28.9  29.4  25.6   MM   MM    MM
2026 09 12 09 40  70  8.0  9.0    MM    MM    MM  MM 1013.7  28.9  29.4  25.5   MM   MM    MM
2026 09 12 09 30  70  8.0  9.0    MM    MM    MM  MM 1013.7  28.9  29.4  25.4   MM   MM    MM
2026 09 12 09 20  70  8.0  9.0   1.3     6   4.7 104 1013.7  28.8  29.4  25.7   MM   MM    MM
2026 09 12 09 10  70  7.0  9.0    MM    MM    MM  MM 1013.6  28.9  29.4  25.8   MM   MM    MM
2026 09 12 09 00  70  8.0  9.0    MM    MM    MM  MM 1013.5  28.9  29.4  25.5   MM -0.4    MM
2026 09 12 08 50  70  8.0  9.0   1.2     5   4.5  88 1013.4  28.9  29.4  25.6   MM   MM    MM
2026 09 12 08 40  70  8.0 10.0    MM    MM    MM  MM 1013.3  28.9  29.4  25.4   MM   MM    MM
2026 09 12 08 30  70  8.0  9.0    MM    MM    MM  MM 1013.3  28.9  29.4  25.3   MM   MM    MM
2026 09 12 08 20  70  8.0  9.0   1.3     5   4.5  79 1013.4  28.9    MM  25.6   MM   MM    MM
2026 09 12 08 10  70  8.0  9.0   1.3    MM   4.5  79 1013.2  28.9  29.4  25.4   MM   MM    MM
2026 09 12 08 00  70  8.0  9.0    MM    MM    MM  MM 1013.2  28.9  29.4  25.5   MM -1.5    MM
2026 09 12 07 50  70  8.0  9.0   1.2     5   4.6 101 1013.2  28.9  29.4  25.5   MM   MM    MM
2026 09 12 07 40  70  8.0  9.0    MM    MM    MM  MM 1013.2  28.9  29.4  25.5   MM   MM    MM
2026 09 12 07 30  70  8.0  9.0    MM    MM    MM  MM 1013.2  29.0  29.4  25.7   MM   MM    MM
2026 09 12 07 20  70  8.0  9.0   1.2    MM   4.6  94 1013.3  29.0    MM  25.6   MM   MM    MM
2026 09 12 07 10  MM   MM   MM   1.2     6   4.6  94     MM    MM    MM    MM   MM   MM    MM
2026 09 12 07 00  70  8.0 10.0    MM    MM    MM  MM 1013.5  29.0  29.4  25.4   MM -1.6    MM
2026 09 12 06 50  70  7.0  9.0   1.2     5   4.5  86 1013.7  29.0  29.4  25.8   MM   MM    MM
2026 09 12 06 40  70  7.0  9.0    MM    MM    MM  MM 1013.7  29.1  29.4  25.5   MM   MM    MM
2026 09 12 06 30  70  8.0  9.0    MM    MM    MM  MM 1013.8  29.1  29.4  25.1   MM   MM    MM
2026 09 12 06 20  70  8.0  9.0   1.2     5   4.5  86 1014.0  29.1  29.4  25.3   MM   MM    MM
2026 09 12 06 10  70  8.0 10.0   1.2    MM   4.5  86 1014.0  29.1  29.4  25.5   MM   MM    MM
2026 09 12 06 00  70  8.0 10.0    MM    MM    MM  MM 1014.0  29.1    MM  25.6   MM -1.4    MM
2026 09 12 05 50  70  8.0  9.0   1.2     5   4.4  82 1014.1  29.1  29.4  25.7   MM   MM    MM
2026 09 12 05 40  70  8.0 10.0   1.2    MM   4.4  82 1014.3  29.0  29.4  25.6   MM   MM    MM
2026 09 12 05 30  70  8.0  9.0    MM    MM    MM  MM 1014.2  29.0  29.4  25.8   MM   MM    MM
2026 09 12 05 20  60  8.0  9.0   1.2     6   4.4 106 1014.4  29.1  29.4  25.9   MM   MM    MM
2026 09 12 05 10  60  8.0 10.0   1.2    MM   4.4 106 1014.5  29.2  29.4  25.6   MM   MM    MM
2026 09 12 05 00  60  8.0 10.0    MM    MM    MM  MM 1014.6  29.1  29.4  25.7   MM -0.8    MM
2026 09 12 04 50  60  9.0 10.0   1.2     5   4.5  91 1014.7  29.1  29.4  25.9   MM   MM    MM
2026 09 12 04 40  60  9.0 10.0    MM    MM    MM  MM 1014.8  29.1  29.4  25.9   MM   MM    MM
2026 09 12 04 30  60  9.0 10.0    MM    MM    MM  MM 1014.9  29.1  29.4  26.1   MM   MM    MM
2026 09 12 04 20  60  9.0 10.0   1.2     6   4.4 107 1014.8  29.2  29.4  25.9   MM   MM    MM
2026 09 12 04 10  60  9.0 10.0    MM    MM    MM  MM 1015.0  29.2  29.4  25.6   MM   MM    MM
2026 09 12 04 00  60  9.0 10.0    MM    MM    MM  MM 1015.2  29.3    MM  25.9   MM +0.0    MM
2026 09 12 03 50  60  9.0 10.0   1.2     5   4.5 102 1015.2  29.3  29.4  25.6   MM   MM    MM
2026 09 12 03 40  60  8.0 10.0    MM    MM    MM  MM 1015.3  29.2  29.4  25.8   MM   MM    MM
2026 09 12 03 30  60  8.0 10.0    MM    MM    MM  MM 1015.4  29.2  29.4  26.1   MM   MM    MM
2026 09 12 03 20  60  9.0 10.0   1.3     6   4.5 107 1015.3  29.2  29.4  26.2   MM   MM    MM
2026 09 12 03 10  60  9.0 10.0    MM    MM    MM  MM 1015.4  29.1  29.4  26.3   MM   MM    MM
2026 09 12 03 00  60  9.0 11.0    MM    MM    MM  MM 1015.4  29.1  29.4  26.4   MM +0.8    MM
2026 09 12 02 50  60  9.0 11.0   1.2     5   4.4  93 1015.4  29.2  29.4  26.3   MM   MM    MM
2026 09 12 02 40  50  9.0 10.0    MM    MM    MM  MM 1015.5  29.2  29.4  26.1   MM   MM    MM
2026 09 12 02 30  60  9.0 10.0    MM    MM    MM  MM 1015.5  29.2  29.4  26.2   MM   MM    MM
2026 09 12 02 20  60  9.0 11.0   1.3     5   4.4  91 1015.5  29.2  29.4  26.3   MM   MM    MM
2026 09 12 02 10  60  9.0 10.0   1.3    MM   4.4  91 1015.6  29.2  29.4  26.2   MM   MM    MM
2026 09 12 02 00  50  9.0 12.0    MM    MM    MM  MM 1015.5  29.2  29.4  26.1   MM +1.4    MM
2026 09 12 01 50  60  9.0 11.0   1.3     5   4.4  87 1015.4  29.2  29.4  26.2   MM   MM    MM
2026 09 12 01 40  60  9.0 11.0    MM    MM    MM  MM 1015.3  29.2  29.4  26.3   MM   MM    MM
2026 09 12 01 30  50  9.0 11.0    MM    MM    MM  MM 1015.4  29.2  29.4  26.3   MM   MM    MM
2026 09 12 01 20  60  9.0 10.0   1.3     5   4.4  84 1015.3  29.3  29.4  26.3   MM   MM    MM
2026 09 12 01 10  60  8.0 10.0   1.3    MM   4.4  84 1015.3  29.3  29.5  26.3   MM   MM    MM
2026 09 12 01 00  60  8.0  9.0    MM    MM    MM  MM 1015.1  29.3  29.5  26.3   MM +1.4    MM
2026 09 12 00 50  60  8.0  9.0   1.3     5   4.5  96 1015.1  29.3  29.5  26.4   MM   MM    MM
2026 09 12 00 40  60  8.0 10.0    MM    MM    MM  MM 1015.0  29.2  29.5  26.4   MM   MM    MM
2026 09 12 00 30  60  8.0  9.0    MM    MM    MM  MM 1014.9    MM  29.5    MM   MM   MM    MM
2026 09 12 00 20  60  8.0 10.0   1.3     5   4.5  95 1014.8  29.3  29.5  26.5   MM   MM    MM
2026 09 12 00 10  70  8.0 10.0   1.3    MM   4.5  95 1014.7  29.4  29.5  26.3   MM   MM    MM
2026 09 12 00 00  60  8.0  9.0    MM    MM    MM  MM 1014.5  29.3  29.5  26.3   MM +1.0    MM
2026 09 11 23 50  70  8.0 10.0   1.3     6   4.5 112 1014.5  29.5  29.5  26.2   MM   MM    MM
2026 09 11 23 40  70  8.0  9.0    MM    MM    MM  MM 1014.3  29.5  29.5  26.0   MM   MM    MM
2026 09 11 23 20  70  8.0 10.0   1.3     5   4.6  88 1014.2  29.5  29.5  26.0   MM   MM    MM
2026 09 11 23 10  70  8.0  9.0   1.3    MM   4.6  88 1014.0  29.5  29.5  26.2   MM   MM    MM
2026 09 11 23 00  70  8.0 10.0    MM    MM    MM  MM 1014.0  29.5  29.5  26.3   MM +0.7    MM
2026 09 11 22 50  70  8.0 10.0   1.3     6   4.6 103 1013.7  29.4  29.5  26.3   MM   MM    MM
2026 09 11 22 40  70  8.0 10.0    MM    MM    MM  MM 1013.7  29.5  29.5  26.2   MM   MM    MM
2026 09 11 22 30  70  8.0 10.0    MM    MM    MM  MM 1013.6  29.5  29.5  26.1   MM   MM    MM
2026 09 11 22 20  70  8.0 10.0   1.2     6   4.6  98 1013.7  29.5  29.5  26.3   MM   MM    MM
2026 09 11 22 10  70  7.0  9.0   1.2    MM   4.6  98 1013.6  29.5  29.5  26.2   MM   MM    MM
2026 09 11 22 00  70  7.0  9.0    MM    MM    MM  MM 1013.7  29.5  29.5  26.2   MM -0.0    MM
2026 09 11 21 50  70  7.0  9.0   1.2     6   4.6  91 1013.7  29.4  29.5  26.2   MM   MM    MM
2026 09 11 21 40  70  7.0  8.0   1.2    MM   4.6  91 1013.7  29.5  29.5  26.2   MM   MM    MM
2026 09 11 21 30  70  8.0  9.0    MM    MM    MM  MM 1013.6  29.5  29.5  26.1   MM   MM    MM
2026 09 11 21 20  70  8.0  9.0   1.2     5   4.7  76 1013.6  29.4  29.5  26.2   MM   MM    MM
2026 09 11 21 10  70  8.0  9.0   1.2    MM   4.7  76 1013.5  29.5  29.5  26.1   MM   MM    MM
2026 09 11 21 00  60  8.0  9.0    MM    MM    MM  MM 1013.5  29.5  29.5  26.2   MM -1.0    MM
2026 09 11 20 50  60  8.0  9.0   1.2     5   4.5  94 1013.5  29.5  29.6  26.4   MM   MM    MM
2026 09 11 20 40  70  7.0  9.0   1.2    MM   4.5  94 1013.5  29.5  29.6  26.4   MM   MM    MM
2026 09 11 20 30  60  7.0  9.0    MM    MM    MM  MM 1013.5  29.4  29.6  26.5   MM   MM    MM
2026 09 11 20 20  70  7.0  8.0   1.2     6   4.6  93 1013.6  29.4  29.6  26.6   MM   MM    MM
2026 09 11 20 10  60  7.0  8.0   1.2    MM   4.6  93 1013.4  29.4  29.6  26.6   MM   MM    MM
2026 09 11 20 00  60  8.0  9.0    MM    MM    MM  MM 1013.4  29.4  29.6  26.4   MM -1.8    MM
2026 09 11 19 50  70  8.0 10.0   1.3    MM   4.7  89 1013.4  29.4  29.6  26.3   MM   MM    MM
2026 09 11 19 40  MM   MM   MM   1.3     6   4.7  89     MM    MM    MM    MM   MM   MM    MM
2026 09 11 19 30  70  7.0  9.0    MM    MM    MM  MM 1013.6  29.4  29.6  26.1   MM   MM    MM
2026 09 11 19 20  70  7.0  8.0   1.2     6   4.5  93 1013.7  29.5  29.6  26.2   MM   MM    MM
2026 09 11 19 10  80  7.0  8.0    MM    MM    MM  MM 1013.8  29.4  29.6  26.1   MM   MM    MM
2026 09 11 19 00  80  7.0  8.0    MM    MM    MM  MM 1013.8  29.4  29.6  26.2   MM -2.0    MM
2026 09 11 18 50  80  7.0  8.0   1.3     6   4.6  88 1014.0  29.3  29.6  26.0   MM   MM    MM
2026 09 11 18 40  80  7.0  8.0    MM    MM    MM  MM 1014.2  29.4  29.6  26.1   MM   MM    MM
2026 09 11 18 30  80  7.0  9.0    MM    MM    MM  MM 1014.3  29.4  29.5  26.0   MM   MM    MM
2026 09 11 18 20  70  8.0  9.0   1.4     5   4.6  89 1014.6  29.4  29.5  25.9   MM   MM    MM
2026 09 11 18 10  70  8.0  9.0    MM    MM    MM  MM 1014.5  29.4  29.6  25.9   MM   MM    MM
2026 09 11 18 00  80  8.0  9.0    MM    MM    MM  MM 1014.5  29.4  29.6  25.8   MM -1.8    MM
2026 09 11 17 50  80  8.0  9.0   1.4     6   4.7  92 1014.8  29.4  29.6  25.8   MM   MM    MM
2026 09 11 17 40  70  8.0 10.0   1.4    MM   4.7  92 1014.8  29.4  29.6  25.9   MM   MM    MM
2026 09 11 17 30  70  8.0 10.0    MM    MM    MM  MM 1014.8  29.4  29.5  25.8   MM   MM    MM
2026 09 11 17 20  70  8.0 10.0   1.4     6   4.4  94 1014.9  29.4  29.6  25.6   MM   MM    MM
2026 09 11 17 10  70  8.0 10.0    MM    MM    MM  MM 1015.0  29.4  29.5  25.5   MM   MM    MM
2026 09 11 17 00  70  8.0 10.0    MM    MM    MM  MM 1015.2    MM  29.5    MM   MM -1.0    MM
2026 09 11 16 40  70  9.0 11.0    MM    MM    MM  MM 1015.3  29.3  29.5  25.8   MM   MM    MM
2026 09 11 16 30  80  9.0 10.0    MM    MM    MM  MM 1015.5  29.2    MM  25.9   MM   MM    MM
2026 09 11 16 20  80  9.0 11.0    MM    MM    MM  MM 1015.6    MM    MM    MM   MM   MM    MM
2026 09 11 16 10  80  9.0 11.0    MM    MM    MM  MM 1015.6  29.3  29.5  26.2   MM   MM    MM
2026 09 11 16 00  80  9.0 10.0    MM    MM    MM  MM 1015.9  29.3  29.5  26.3   MM +0.0    MM
2026 09 11 15 50  80 10.0 12.0    MM    MM    MM  MM 1015.9  29.3  29.5  25.8   MM   MM    MM
2026 09 11 15 40  80  9.0 11.0    MM    MM    MM  MM 1015.9  29.3  29.5  26.1   MM   MM    MM
2026 09 11 15 30  80  9.0 11.0    MM    MM    MM  MM 1016.1  29.2  29.5  26.0   MM   MM    MM
2026 09 11 15 20  80  9.0 11.0    MM    MM    MM  MM 1016.2  29.3  29.5  26.1   MM   MM    MM
2026 09 11 15 10  80  9.0 10.0    MM    MM    MM  MM 1016.3  29.3  29.5  25.9   MM   MM    MM
2026 09 11 15 00  80  9.0 11.0    MM    MM    MM  MM 1016.4  29.3    MM  26.0   MM +0.9    MM
2026 09 11 14 50  70  9.0 11.0   1.2     6   4.4  94 1016.4  29.3  29.5  26.3   MM   MM    MM
2026 09 11 14 40  70  9.0 10.0   1.2    MM   4.4  94 1016.4  29.3  29.5  26.3   MM   MM    MM
2026 09 11 14 30  70  9.0 11.0    MM    MM    MM  MM 1016.4  29.3  29.5  26.1   MM   MM    MM
2026 09 11 14 20  70  9.0 11.0   1.2     5   4.3  79 1016.4  29.3  29.5  26.3   MM   MM    MM
2026 09 11 14 10  70  8.0 10.0   1.2    MM   4.3  79 1016.2  29.3  29.5  26.2   MM   MM    MM
2026 09 11 14 00  70  8.0 10.0    MM    MM    MM  MM 1016.2  29.2  29.5  26.3   MM +1.2    MM
2026 09 11 13 50  80  8.0 10.0   1.2     5   4.4  89 1016.2  29.2  29.5  26.2   MM   MM    MM
2026 09 11 13 40  80  8.0 10.0   1.2    MM   4.4  89 1016.2  29.3  29.5  26.2   MM   MM    MM
2026 09 11 13 30  70  8.0  9.0    MM    MM    MM  MM 1016.0  29.2    MM  26.3   MM   MM    MM
2026 09 11 13 20  70  8.0 10.0   1.4     5   4.4  83 1016.0  29.2  29.5  26.3   MM   MM    MM
2026 09 11 13 10  70  8.0 10.0   1.4    MM   4.4  83 1016.1  29.2  29.4  26.2   MM   MM    MM
2026 09 11 13 00  70  8.0  9.0    MM    MM    MM  MM 1016.0  29.2  29.4  26.0   MM +1.4    MM
2026 09 11 12 50  60  7.0  9.0   1.4     5   4.6  84 1015.9  29.2  29.4  26.2   MM   MM    MM
2026 09 11 12 40  60  8.0  9.0   1.4    MM   4.6  84 1015.9  29.2  29.4  26.0   MM   MM    MM
2026 09 11 12 30  70  7.0  9.0    MM    MM    MM  MM 1015.9  29.2  29.4  26.2   MM   MM    MM
2026 09 11 12 20  70  7.0  9.0   1.2     5   4.4  91 1015.9  29.2  29.4  26.1   MM   MM    MM
2026 09 11 12 10  70  8.0  9.0   1.2    MM   4.4  91 1015.8  29.1  29.4  25.9   MM   MM    MM
2026 09 11 12 00  70  8.0 10.0    MM    MM    MM  MM 1015.6  29.1  29.4  26.1   MM +1.3    MM
2026 09 11 11 50  70  8.0  9.0   1.3     5   4.4  73 1015.3  29.1  29.4  26.1   MM   MM    MM
2026 09 11 11 40  70  8.0  9.0    MM    MM    MM  MM 1015.4  29.1  29.4  26.4   MM   MM    MM
2026 09 11 11 30  60  8.0 10.0    MM    MM    MM  MM 1015.3  29.0  29.4  26.1   MM   MM    MM
2026 09 11 11 20  70  8.0 10.0   1.3     5   4.4  82 1015.2  29.0  29.4  26.2   MM   MM    MM
2026 09 11 11 10  70  8.0 10.0   1.3    MM   4.4  82 1015.1  29.0  29.4  26.2   MM   MM    MM
2026 09 11 11 00  70  8.0 10.0    MM    MM    MM  MM 1015.0  28.9  29.4  26.2   MM +1.1    MM
2026 09 11 10 50  60  8.0 10.0   1.3     5   4.4  77 1015.1  28.9  29.4  26.4   MM   MM    MM
2026 09 11 10 40  60  8.0 10.0    MM    MM    MM  MM 1014.9  28.9  29.4  26.3   MM   MM    MM
2026 09 11 10 30  60  9.0 10.0    MM    MM    MM  MM 1014.8  28.9  29.4  26.4   MM   MM    MM
2026 09 11 10 20  50  9.0 11.0   1.4     5   4.5  86 1014.8  28.9  29.4  26.5   MM   MM    MM
2026 09 11 10 10  60  9.0 11.0   1.4    MM   4.5  86 1014.6  28.9  29.4  26.3   MM   MM    MM
2026 09 11 10 00  60  9.0 10.0    MM    MM    MM  MM 1014.6  28.9  29.4  26.4   MM +0.7    MM
2026 09 11 09 50  60  9.0 11.0   1.4     5   4.6  78 1014.6  28.9  29.4  26.5   MM   MM    MM
2026 09 11 09 40  60  9.0 11.0    MM    MM    MM  MM 1014.4  28.9  29.4  26.6   MM   MM    MM
2026 09 11 09 30  60  9.0 11.0    MM    MM    MM  MM 1014.4  28.9  29.4  26.5   MM   MM    MM
2026 09 11 09 20  60  9.0 10.0   1.3     5   4.4  75 1014.3  28.9  29.4  26.6   MM   MM    MM
2026 09 11 09 10  60  9.0 11.0   1.3    MM   4.4  75 1014.3  28.9  29.4  26.5   MM   MM    MM
2026 09 11 09 00  60  9.0 10.0    MM    MM    MM  MM 1014.2  28.9  29.4  26.5   MM -0.0    MM
2026 09 11 08 50  60  9.0 10.0   1.2     6   4.5  92 1014.2  28.9  29.4  26.6   MM   MM    MM
2026 09 11 08 40  60  8.0 10.0    MM    MM    MM  MM 1014.0  28.8  29.4  26.6   MM   MM    MM
2026 09 11 08 30  60  8.0  9.0    MM    MM    MM  MM 1014.0  28.9  29.4  26.5   MM   MM    MM
2026 09 11 08 20  60  7.0  9.0   1.3     5   4.5  78 1014.0  28.9  29.4  26.6   MM   MM    MM
2026 09 11 08 10  60  8.0  9.0   1.3    MM   4.5  78 1013.9  28.9  29.4  26.6   MM   MM    MM
2026 09 11 08 00  60  8.0 10.0    MM    MM    MM  MM 1013.9  28.9  29.4  26.7   MM -1.0    MM
2026 09 11 07 50  60  8.0  9.0   1.4    MM   4.6  88 1013.9  28.9  29.4  26.6   MM   MM    MM
2026 09 11 07 40  MM   MM   MM   1.4     6   4.6  88     MM    MM    MM    MM   MM   MM    MM
2026 09 11 07 30  60  9.0 10.0    MM    MM    MM  MM 1013.9  29.0  29.4  26.5   MM   MM    MM
2026 09 11 07 20  60  9.0 10.0   1.5     6   4.8  81 1013.9  29.0  29.4  26.4   MM   MM    MM
2026 09 11 07 10  60  9.0 11.0   1.5    MM   4.8  81 1013.8  29.0  29.4  26.6   MM   MM    MM
2026 09 11 07 00  70  9.0 10.0    MM    MM    MM  MM 1013.9  28.9  29.4  26.9   MM -1.5    MM
2026 09 11 06 50  70  9.0 10.0   1.4     5   4.7  79 1014.0  29.0    MM  26.9   MM   MM    MM
2026 09 11 06 40  60  8.0 10.0    MM    MM    MM  MM 1014.2  29.0  29.5  26.8   MM   MM    MM
2026 09 11 06 30  60  8.0 10.0    MM    MM    MM  MM 1014.2  29.0  29.4  26.9   MM   MM    MM
2026 09 11 06 20  70  8.0 10.0   1.4     6   4.7  93 1014.4  29.0  29.5  26.8   MM   MM    MM
2026 09 11 06 10  70  9.0 11.0    MM    MM    MM  MM 1014.3  29.0  29.5  26.9   MM   MM    MM
2026 09 11 06 00  70  9.0 10.0    MM    MM    MM  MM 1014.3  29.0  29.5  26.9   MM -1.1    MM
2026 09 11 05 50  60  8.0 10.0   1.2     5   4.6  94 1014.4  29.1  29.5  26.9   MM   MM    MM
2026 09 11 05 40  60  8.0 10.0    MM    MM    MM  MM 1014.5  29.0  29.5  26.9   MM   MM    MM
2026 09 11 05 30  60  8.0 10.0    MM    MM    MM  MM 1014.6  29.1  29.5  27.1   MM   MM    MM
2026 09 11 05 20  70  8.0 10.0   1.3     5   4.7  85 1014.7  29.1  29.5  26.9   MM   MM    MM
2026 09 11 05 10  70  8.0 10.0    MM    MM    MM  MM 1014.8  29.1  29.5  27.0   MM   MM    MM
2026 09 11 05 00  70  8.0 10.0    MM    MM    MM  MM 1014.8  29.1  29.5  27.0   MM -0.5    MM
2026 09 11 04 50  80  8.0 10.0   1.3     5   4.7  84 1015.0  29.1  29.5  27.0   MM   MM    MM
2026 09 11 04 40  70  8.0 10.0    MM    MM    MM  MM 1015.1  29.1  29.5  27.1   MM   MM    MM
2026 09 11 04 30  80  8.0 10.0    MM    MM    MM  MM 1015.2  29.1  29.5  27.2   MM   MM    MM
2026 09 11 04 20  80  9.0 10.0   1.3     5   4.6  81 1015.1  29.1  29.5  27.2   MM   MM    MM
2026 09 11 04 10  80  9.0 10.0    MM    MM    MM  MM 1015.3  29.1  29.5  27.2   MM   MM    MM
2026 09 11 04 00  80  8.0 10.0    MM    MM    MM  MM 1015.4  29.1  29.5  27.3   MM   MM    MM
2026 09 11 03 50  70  9.0 11.0   1.4     5   4.6  91 1015.4  29.1    MM  27.2   MM   MM    MM
2026 09 11 03 40  70  8.0 10.0   1.4    MM   4.6  91 1015.4  29.1  29.5  27.4   MM   MM    MM
2026 09 11 03 30  70  8.0 10.0    MM    MM    MM  MM 1015.3  29.2  29.5  27.4   MM   MM    MM
2026 09 11 03 20  70  9.0 10.0   1.3     6   4.7  86 1015.4  29.2  29.5  27.4   MM   MM    MM
2026 09 11 03 10  70  8.0 10.0    MM    MM    MM  MM 1015.3  29.2  29.5  27.5   MM   MM    MM
2026 09 11 03 00  70  8.0 10.0    MM    MM    MM  MM 1015.3  29.2  29.5  27.5   MM   MM    MM
2026 09 11 02 50  80  8.0 10.0   1.4     5   4.8  85 1015.5  29.2  29.5  27.4   MM   MM    MM
2026 09 11 02 40  70  8.0 10.0    MM    MM    MM  MM 1015.5  29.2  29.5  27.4   MM   MM    MM
2026 09 11 02 30  70  9.0 11.0    MM    MM    MM  MM 1015.5  29.2  29.5  27.4   MM   MM    MM
2026 09 11 02 20  80  9.0 11.0   1.4     6   4.8  85 1015.4  29.1  29.5  27.5   MM   MM    MM
2026 09 11 02 10  80  9.0 10.0    MM    MM    MM  MM 1015.4  28.9  29.5  27.5   MM   MM    MM
2026 09 11 02 00  80  9.0 11.0    MM    MM    MM  MM 1015.3    MM  29.5    MM   MM   MM    MM
2026 09 11 01 50  80  9.0 11.0    MM    MM    MM  MM 1015.2  29.2  29.5  27.6   MM   MM    MM
2026 09 11 01 40  80  9.0 11.0    MM    MM    MM  MM 1015.3  29.2  29.5  27.5   MM   MM    MM
2026 09 11 01 30  80  8.0 10.0    MM    MM    MM  MM 1015.4  29.2  29.5  27.6   MM   MM    MM
2026 09 11 01 20  70  9.0 11.0    MM    MM    MM  MM 1015.3  29.2  29.5  27.5   MM   MM    MM
2026 09 11 01 10  80  9.0 10.0    MM    MM    MM  MM 1015.3  29.2  29.5  27.6   MM   MM    MM
2026 09 11 00 50  80  8.0  9.0   1.4     8   4.9  89 1015.0  29.2  29.5  27.5   MM   MM    MM
2026 09 11 00 40  70  8.0 10.0    MM    MM    MM  MM 1014.8  29.2  29.5  27.5   MM   MM    MM
2026 09 11 00 30  70  8.0 10.0    MM    MM    MM  MM 1014.8    MM  29.5    MM   MM   MM    MM
2026 09 10 22 50  60  7.0  8.0    MM    MM    MM  MM 1013.8  29.3  29.6  27.7   MM   MM    MM
2026 09 10 22 40  70  6.0  8.0    MM    MM    MM  MM 1013.8  29.3    MM  27.6   MM   MM    MM
2026 09 10 22 30  70  7.0  9.0    MM    MM    MM  MM 1013.8  29.3    MM  27.4   MM   MM    MM
2026 09 10 22 10  80  7.0  9.0    MM    MM    MM  MM 1013.7  29.3    MM  27.5   MM   MM    MM
2026 09 10 21 40  MM   MM   MM   1.3     8   5.0  86     MM    MM    MM    MM   MM   MM    MM
2026 09 10 21 30  70  7.0  8.0    MM    MM    MM  MM 1013.4  29.3  29.6  27.5   MM   MM    MM
2026 09 10 21 20  70  6.0  8.0    MM    MM    MM  MM 1013.5  29.4  29.6  27.6   MM   MM    MM
2026 09 10 21 10  80  6.0  8.0    MM    MM    MM  MM 1013.6  29.4  29.6  27.6   MM   MM    MM
2026 09 10 21 00  70  7.0  8.0    MM    MM    MM  MM 1013.4    MM    MM    MM   MM   MM    MM
2026 09 10 20 30  70  6.0  7.0    MM    MM    MM  MM 1013.6    MM    MM    MM   MM   MM    MM
2026 09 10 20 10  70  6.0  7.0    MM    MM    MM  MM 1013.6  29.5    MM  27.4   MM   MM    MM
2026 09 10 19 30  80  6.0  7.0    MM    MM    MM  MM 1013.7  29.4    MM  27.4   MM   MM    MM
2026 09 10 18 50  70  6.0  8.0    MM    MM    MM  MM 1013.9    MM    MM    MM   MM   MM    MM
2026 09 10 18 30  70  6.0  7.0    MM    MM    MM  MM 1014.1  29.3    MM  27.4   MM   MM    MM
2026 09 10 18 10  80  6.0  7.0    MM    MM    MM  MM 1014.2  29.4    MM  27.1   MM   MM    MM
2026 09 10 17 50  80  5.0  6.0    MM    MM    MM  MM 1014.4    MM    MM    MM   MM   MM    MM
2026 09 10 17 30  70  6.0  8.0    MM    MM    MM  MM 1014.7  29.3    MM  27.0   MM   MM    MM
2026 09 10 17 20  60  5.0  6.0    MM    MM    MM  MM 1014.8    MM    MM    MM   MM   MM    MM
2026 09 10 16 40  80  6.0  8.0    MM    MM    MM  MM 1015.5  29.2    MM  26.8   MM   MM    MM
2026 09 10 16 30  80  7.0  8.0    MM    MM    MM  MM 1015.5  29.2    MM  26.9   MM   MM    MM
2026 09 10 15 30  70  5.0  6.0    MM    MM    MM  MM 1016.4  29.4    MM  26.7   MM   MM    MM
2026 09 10 15 10  70  4.0  6.0    MM    MM    MM  MM 1016.6  29.3    MM  26.7   MM   MM    MM
2026 09 10 15 00  80  5.0  6.0    MM    MM    MM  MM 1016.6  29.3    MM  26.9   MM +1.0    MM
2026 09 10 14 50  80  5.0  6.0   1.3    MM   5.3  81 1016.6  29.3  29.5  26.9   MM   MM    MM
2026 09 10 14 40  80  5.0  6.0   1.3    MM   5.3  81 1016.3    MM    MM    MM   MM   MM    MM
2026 09 10 14 30  80  5.0  6.0    MM    MM    MM  MM 1016.4  29.2  29.5  26.5   MM   MM    MM
2026 09 10 14 20  70  5.0  6.0   1.2     9   5.1 101 1016.7  29.3  29.5  26.9   MM   MM    MM
2026 09 10 14 10  80  5.0  6.0    MM    MM    MM  MM 1016.8  29.3  29.5  26.8   MM   MM    MM
2026 09 10 14 00  80  6.0  7.0    MM    MM    MM  MM 1016.9  29.3  29.5  26.9   MM +1.6    MM
2026 09 10 13 50  80  6.0  8.0   1.3    MM   4.9  90 1016.7    MM  29.4    MM   MM   MM    MM
2026 09 10 13 40  90  6.0  7.0   1.3    MM   4.9  90 1016.6  29.3  29.5  27.0   MM   MM    MM
2026 09 10 13 30  80  6.0  7.0    MM    MM    MM  MM 1016.4  29.3  29.5  26.9   MM   MM    MM
2026 09 10 13 20  80  7.0  8.0   1.4     8   5.2  87 1016.4  29.3  29.4  26.9   MM   MM    MM
2026 09 10 13 10  90  7.0  8.0   1.4    MM   5.2  87 1016.4  29.3  29.4  27.0   MM   MM    MM
2026 09 10 13 00  80  7.0  9.0    MM    MM    MM  MM 1016.4  29.3  29.4  27.0   MM +1.4    MM
2026 09 10 12 50  70  7.0  8.0   1.4     8   5.4  94 1016.2  29.3  29.4  27.1   MM   MM    MM
2026 09 10 12 40  70  7.0  8.0    MM    MM    MM  MM 1016.1  29.3  29.4  27.1   MM   MM    MM
2026 09 10 12 30  70  6.0  8.0    MM    MM    MM  MM 1015.9  29.3  29.4  27.0   MM   MM    MM
2026 09 10 12 20  70  6.0  7.0   1.5     8   5.4  96 1015.8  29.2  29.4  27.0   MM   MM    MM
2026 09 10 12 10  80  6.0  7.0   1.5    MM   5.4  96 1015.6  29.2  29.4  27.1   MM   MM    MM
2026 09 10 12 00  80  6.0  7.0    MM    MM    MM  MM 1015.6  29.2  29.4  27.0   MM +0.9    MM
2026 09 10 11 50  80  6.0  8.0   1.5     8   5.2  87 1015.5  29.2  29.4  26.9   MM   MM    MM
2026 09 10 11 40  80  6.0  8.0   1.5    MM   5.2  87 1015.5  29.2  29.4  26.9   MM   MM    MM
2026 09 10 11 30  80  6.0  7.0    MM    MM    MM  MM 1015.3  29.2  29.4  26.8   MM   MM    MM
2026 09 10 11 20  80  6.0  7.0   1.4     8   5.3 102 1015.3  29.2  29.4  26.7   MM   MM    MM
2026 09 10 11 10  70  6.0  7.0   1.4    MM   5.3 102 1015.3  29.1  29.4  26.7   MM   MM    MM
2026 09 10 11 00  80  6.0  7.0    MM    MM    MM  MM 1015.3  29.1  29.4  26.8   MM +1.1    MM
2026 09 10 10 50  70  5.0  6.0   1.5     6   5.2  95 1015.1  29.1  29.4  26.7   MM   MM    MM
2026 09 10 10 40  70  6.0  7.0    MM    MM    MM  MM 1015.1  29.0  29.4  26.8   MM   MM    MM
2026 09 10 10 30  70  6.0  7.0    MM    MM    MM  MM 1014.9  29.0  29.4  26.9   MM   MM    MM
2026 09 10 10 20  60  6.0  7.0   1.5     6   5.4  97 1014.9  29.0  29.4  27.0   MM   MM    MM
2026 09 10 10 10  70  6.0  7.0   1.5    MM   5.4  97 1014.9  29.1  29.4  27.0   MM   MM    MM
2026 09 10 10 00  80  5.0  7.0    MM    MM    MM  MM 1014.9  29.1  29.4  26.5   MM +1.1    MM
2026 09 10 09 50  70  6.0  7.0   1.6     6   5.3  87 1014.8  29.1  29.4  26.7   MM   MM    MM
2026 09 10 09 40  70  5.0  7.0   1.6    MM   5.3  87 1014.8  29.1  29.5  26.7   MM   MM    MM
2026 09 10 09 30  80  5.0  7.0    MM    MM    MM  MM 1014.8  29.1  29.5  26.9   MM   MM    MM
2026 09 10 09 20  80  5.0  7.0   1.6     6   5.3  96 1014.6  29.0  29.5  26.8   MM   MM    MM
2026 09 10 09 10  90  5.0  7.0   1.6    MM   5.3  96 1014.7  29.1  29.5  26.9   MM   MM    MM
2026 09 10 09 00  90  6.0  7.0    MM    MM    MM  MM 1014.6  29.1  29.5  26.8   MM +0.8    MM
2026 09 10 08 50  90  6.0  7.0   1.6     7   5.3  87 1014.5  29.0  29.5  26.7   MM   MM    MM
2026 09 10 08 40  80  6.0  7.0    MM    MM    MM  MM 1014.4  29.0  29.5  26.9   MM   MM    MM
2026 09 10 08 30  80  6.0  8.0    MM    MM    MM  MM 1014.3  29.0  29.5  27.0   MM   MM    MM
2026 09 10 08 20  80  6.0  8.0   1.7     6   5.5  90 1014.3  29.0  29.5  27.0   MM   MM    MM
2026 09 10 08 10  90  7.0  8.0    MM    MM    MM  MM 1014.1  29.0  29.5  27.0   MM   MM    MM
2026 09 10 08 00  90  7.0  9.0    MM    MM    MM  MM 1014.2  28.9  29.5  26.9   MM -0.4    MM
2026 09 10 07 50  90  8.0  9.0   1.7     7   5.3  87 1014.0  28.9  29.5  26.9   MM   MM    MM
2026 09 10 07 40  90  7.0  9.0    MM    MM    MM  MM 1014.2  29.0  29.5  27.2   MM   MM    MM
2026 09 10 07 30  90  8.0 10.0    MM    MM    MM  MM 1014.1  29.0  29.5  27.0   MM   MM    MM
2026 09 10 07 20  80  8.0 10.0   1.7     6   5.2  87 1013.9  29.0  29.5  27.0   MM   MM    MM
2026 09 10 07 10  90  9.0 10.0   1.7    MM   5.2  87 1014.0  29.0  29.5  26.9   MM   MM    MM
2026 09 10 07 00  90  9.0 10.0    MM    MM    MM  MM 1013.9  29.1  29.5  26.8   MM -1.5    MM
2026 09 10 06 50  90  9.0 10.0   1.7     6   5.2  98 1014.0  29.2  29.5  26.9   MM   MM    MM
2026 09 10 06 40  90  9.0 10.0    MM    MM    MM  MM 1014.0  29.2  29.5  26.8   MM   MM    MM
2026 09 10 06 30  90  9.0 10.0    MM    MM    MM  MM 1014.0  29.3  29.5  26.7   MM   MM    MM
2026 09 10 06 20  90  8.0 10.0   1.7     6   5.1  92 1014.0  29.2  29.5  26.9   MM   MM    MM
2026 09 10 06 10  80  8.0 10.0    MM    MM    MM  MM 1014.0  29.2  29.5  27.1   MM   MM    MM
2026 09 10 06 00  90  9.0 11.0    MM    MM    MM  MM 1013.9  29.2  29.5  27.0   MM -1.7    MM
2026 09 10 05 50  80  9.0 10.0   1.6     6   5.0  75 1014.0  29.1  29.5  27.1   MM   MM    MM
2026 09 10 05 40  80  8.0 10.0    MM    MM    MM  MM 1014.0  29.1  29.5  27.3   MM   MM    MM
2026 09 10 05 30  80  8.0 10.0    MM    MM    MM  MM 1014.2  29.2  29.5  27.2   MM   MM    MM
2026 09 10 05 20  80  9.0 10.0   1.6     6   5.0  85 1014.4  29.2  29.5  27.1   MM   MM    MM
2026 09 10 05 10  80  9.0 11.0   1.6    MM   5.0  85 1014.4  29.3  29.5  27.1   MM   MM    MM
2026 09 10 05 00  80  9.0 11.0    MM    MM    MM  MM 1014.6  29.3  29.5  26.9   MM -1.4    MM
2026 09 10 04 50  80  9.0 11.0   1.6     6   5.0  83 1014.7  29.2  29.5  27.0   MM   MM    MM
2026 09 10 04 40  80  8.0 10.0    MM    MM    MM  MM 1014.8  29.2  29.5  27.2   MM   MM    MM
2026 09 10 04 30  80  9.0 11.0    MM    MM    MM  MM 1014.9  29.3  29.5  27.2   MM   MM    MM
2026 09 10 04 20  80  9.0 10.0   1.7     6   5.0  99 1015.0  29.3  29.5  27.4   MM   MM    MM
2026 09 10 04 10  80  9.0 11.0   1.7    MM   5.0  99 1015.1  29.3  29.5  27.3   MM   MM    MM
2026 09 10 04 00  80  9.0 11.0    MM    MM    MM  MM 1015.3  29.3  29.5  27.3   MM +0.3    MM
2026 09 10 03 50  70  9.0 11.0   1.6     6   5.0  78 1015.3  29.3  29.5  27.3   MM   MM    MM
2026 09 10 03 40  80  9.0 10.0    MM    MM    MM  MM 1015.7  29.4  29.5  27.5   MM   MM    MM
2026 09 10 03 30  70  9.0 11.0    MM    MM    MM  MM 1015.7  29.4  29.5  27.3   MM   MM    MM
2026 09 10 03 20  70  9.0 11.0   1.7     6   5.2  94 1015.8  29.2  29.5  27.5   MM   MM    MM
2026 09 10 03 10  70  9.0 11.0    MM    MM    MM  MM 1015.7  29.2  29.5  27.5   MM   MM    MM
2026 09 10 03 00  70  9.0 11.0    MM    MM    MM  MM 1015.6  29.1  29.5  27.6   MM +1.2    MM
2026 09 10 02 50  80  9.0 11.0   1.6     6   4.9  84 1015.6  29.4  29.5  27.5   MM   MM    MM
2026 09 10 02 40  80  9.0 11.0   1.6    MM   4.9  84 1015.5  29.4  29.5  27.5   MM   MM    MM
2026 09 10 02 30  90  9.0 11.0    MM    MM    MM  MM 1015.6  29.4  29.5  27.4   MM   MM    MM
2026 09 10 02 20  80  8.0 10.0   1.6     6   5.0  79 1015.9  29.2  29.5  27.4   MM   MM    MM
2026 09 10 02 10  80  6.0  8.0   1.6    MM   5.0  79 1015.9  28.7  29.5  27.1   MM   MM    MM
2026 09 10 02 00  70  7.0  9.0    MM    MM    MM  MM 1015.9  28.4  29.5  27.1   MM +2.1    MM
2026 09 10 01 50  80  6.0  8.0   1.7     6   5.2  89 1015.9  29.0  29.6  27.5   MM   MM    MM
2026 09 10 01 40  90  6.0  7.0    MM    MM    MM  MM 1015.7  29.2  29.5  27.4   MM   MM    MM
2026 09 10 01 30  90  6.0  7.0    MM    MM    MM  MM 1015.6  29.1  29.6  27.3   MM   MM    MM
2026 09 10 01 20 100  7.0  9.0   1.6     6   5.2  97 1015.6  29.2  29.6  27.5   MM   MM    MM
2026 09 10 01 10  90  6.0  9.0   1.6    MM   5.2  97 1015.2  29.0  29.6  27.5   MM   MM    MM
2026 09 10 01 00  90  4.0  6.0    MM    MM    MM  MM 1015.1  28.8  29.6  27.1   MM +1.7    MM
2026 09 10 00 50  90  5.0  6.0   1.7     6   5.1  88 1014.9  28.7  29.6  27.1   MM   MM    MM
2026 09 10 00 40  80  7.0  8.0    MM    MM    MM  MM 1014.7  28.5  29.6  27.1   MM   MM    MM
2026 09 10 00 30  70  8.0 10.0    MM    MM    MM  MM 1014.6    MM  29.6    MM   MM   MM    MM
2026 09 10 00 20  70  8.0  9.0   1.7     7   5.3  89 1014.4  28.3  29.6  27.0   MM   MM    MM
2026 09 10 00 10  80  8.0 10.0   1.7    MM   5.3  89 1014.3  28.3  29.6  26.8   MM   MM    MM
2026 09 10 00 00  70  7.0  9.0    MM    MM    MM  MM 1014.3  28.6  29.6  26.9   MM +1.3    MM
2026 09 09 23 50  70  6.0  7.0   1.7     6   5.2  90 1014.5  28.9    MM  27.0   MM   MM    MM
2026 09 09 23 40 100  6.0  7.0   1.7    MM   5.2  90 1014.2  29.2  29.6  27.2   MM   MM    MM
2026 09 09 23 30 100  5.0  6.0    MM    MM    MM  MM 1014.0  29.2  29.6  27.2   MM   MM    MM
2026 09 09 23 20 100  5.0  6.0   1.8     6   5.3  92 1014.4  29.1  29.6  26.8   MM   MM    MM
2026 09 09 23 10 110  5.0  7.0    MM    MM    MM  MM 1013.8  29.0  29.6  27.0   MM   MM    MM
2026 09 09 23 00 120  5.0  6.0    MM    MM    MM  MM 1013.8    MM  29.6    MM   MM   MM    MM
2026 09 09 22 50 120  5.0  6.0    MM    MM    MM  MM 1013.5  29.0  29.6  27.1   MM   MM    MM
2026 09 09 22 40 120  5.0  6.0    MM    MM    MM  MM 1013.7  29.2  29.6  27.0   MM   MM    MM
2026 09 09 22 30 110  5.0  6.0    MM    MM    MM  MM 1013.5  29.2  29.6  27.0   MM   MM    MM
2026 09 09 22 20  90  5.0  6.0    MM    MM    MM  MM 1013.6  29.0  29.6  27.3   MM   MM    MM
2026 09 09 22 10  80  6.0  8.0    MM    MM    MM  MM 1013.2  28.8  29.6  27.4   MM   MM    MM
2026 09 09 22 00  80  8.0  9.0    MM    MM    MM  MM 1013.2  28.7  29.6  27.1   MM   MM    MM
2026 09 09 21 50  80  7.0  9.0    MM    MM    MM  MM 1013.2  29.0  29.6  27.0   MM   MM    MM
2026 09 09 21 40 100  6.0  7.0    MM    MM    MM  MM 1013.1  29.2  29.6  27.3   MM   MM    MM
2026 09 09 21 30  80  6.0  8.0    MM    MM    MM  MM 1013.1  29.1  29.6  27.6   MM   MM    MM
2026 09 09 21 20  80  5.0  7.0    MM    MM    MM  MM 1013.2    MM  29.6    MM   MM   MM    MM
2026 09 09 21 10  90  6.0  8.0    MM    MM    MM  MM 1013.1  28.9  29.6  27.6   MM   MM    MM
2026 09 09 21 00  60  6.0  7.0    MM    MM    MM  MM 1013.1  28.8    MM  27.4   MM   MM    MM
2026 09 09 20 40 100  6.0  8.0    MM    MM    MM  MM 1013.3  29.0    MM  27.5   MM   MM    MM
2026 09 09 20 30  90  6.0  7.0    MM    MM    MM  MM 1013.1  29.2  29.6  27.4   MM   MM    MM
2026 09 09 16 00  70  8.0 10.0    MM    MM    MM  MM 1015.6  27.5    MM  26.6   MM -1.3    MM
2026 09 09 15 50  70 12.0 16.0   1.6     7   4.9  86 1016.2  27.3  29.6  26.1   MM   MM    MM
2026 09 09 15 40  90  9.0 14.0   1.6    MM   4.9  86 1016.4  28.9  29.6  27.0   MM   MM    MM
2026 09 09 15 30  80  9.0 11.0    MM    MM    MM  MM 1016.4  29.1  29.6  27.0   MM   MM    MM
2026 09 09 15 20  80  8.0 10.0   1.5     6   4.9  89 1016.3  29.1  29.6  27.0   MM   MM    MM
2026 09 09 15 10  80  9.0 11.0   1.5    MM   4.9  89 1016.5  29.0  29.6  26.9   MM   MM    MM
2026 09 09 15 00  80  9.0 10.0    MM    MM    MM  MM 1016.6  28.9    MM  26.8   MM +0.0    MM
2026 09 09 14 50  80  9.0 11.0   1.6     6   4.9  92 1016.5  28.9  29.6  26.7   MM   MM    MM
2026 09 09 14 40  80  9.0 11.0    MM    MM    MM  MM 1016.6  28.9  29.5  26.6   MM   MM    MM
2026 09 09 14 30  70  9.0 10.0    MM    MM    MM  MM 1016.6  28.8  29.5  26.6   MM   MM    MM
2026 09 09 14 20  70  8.0 10.0   1.6     6   4.8  95 1016.4  28.9  29.5  26.6   MM   MM    MM
2026 09 09 14 10  70  8.0 10.0    MM    MM    MM  MM 1016.4  28.9  29.5  26.6   MM   MM    MM
2026 09 09 14 00  80  8.0 10.0    MM    MM    MM  MM 1016.4  28.9  29.5  26.5   MM +0.7    MM
2026 09 09 13 50  70  8.0 10.0   1.5     7   4.9  89 1016.5  28.8  29.5  26.4   MM   MM    MM
2026 09 09 13 40  70  7.0  9.0   1.5    MM   4.9  89 1016.5  28.4  29.5  26.5   MM   MM    MM
2026 09 09 13 30  80  7.0  8.0    MM    MM    MM  MM 1016.7  28.2  29.5  26.3   MM   MM    MM
2026 09 09 13 20 100  7.0  9.0   1.6     8   4.8  89 1016.7  28.0  29.5  26.4   MM   MM    MM
2026 09 09 13 10 110  8.0 10.0   1.6    MM   4.8  89 1016.7  27.9  29.5  26.5   MM   MM    MM
2026 09 09 13 00 100 10.0 13.0    MM    MM    MM  MM 1016.9  27.7  29.4  26.2   MM +1.3    MM
2026 09 09 12 50 100 11.0 14.0   1.6     6   4.8  86 1016.8  27.4  29.5  26.3   MM   MM    MM
2026 09 09 12 40  90 11.0 15.0    MM    MM    MM  MM 1016.7    MM    MM    MM   MM   MM    MM
2026 09 09 12 30 100  8.0 12.0    MM    MM    MM  MM 1016.7  27.9  29.5  26.3   MM   MM    MM
2026 09 09 12 20  70  9.0 12.0   1.7     6   4.9  91 1016.7  29.1  29.5  26.5   MM   MM    MM
2026 09 09 12 10  70  9.0 11.0   1.7    MM   4.9  91 1016.4  29.3  29.5  26.3   MM   MM    MM
2026 09 09 12 00  80 10.0 11.0    MM    MM    MM  MM 1016.4  29.3    MM  26.2   MM +1.2    MM
2026 09 09 11 50  70  9.0 11.0   1.7     6   5.0 101 1016.3  29.3  29.5  26.2   MM   MM    MM
2026 09 09 11 40  80  9.0 11.0    MM    MM    MM  MM 1016.2  29.2  29.5  26.3   MM   MM    MM
2026 09 09 11 30  70  9.0 11.0    MM    MM    MM  MM 1016.0  29.2  29.5  26.1   MM   MM    MM
2026 09 09 11 20  70  9.0 10.0   1.7     8   4.9  91 1015.9  29.2  29.5  26.3   MM   MM    MM
2026 09 09 11 10  70  9.0 10.0    MM    MM    MM  MM 1015.7  29.2  29.5  26.1   MM   MM    MM
2026 09 09 11 00  80  9.0 11.0    MM    MM    MM  MM 1015.7  29.2  29.5  26.2   MM +0.4    MM
2026 09 09 10 50  70  9.0 11.0   1.8     6   4.9  87 1015.8  29.1  29.5  26.4   MM   MM    MM
2026 09 09 10 40  70  9.0 11.0    MM    MM    MM  MM 1016.0  29.1  29.5  26.3   MM   MM    MM
2026 09 09 10 30  70 10.0 12.0    MM    MM    MM  MM 1015.9  29.1  29.5  25.9   MM   MM    MM
2026 09 09 10 20  70  9.0 11.0   1.8     6   4.9  90 1015.9  29.1  29.5  26.2   MM   MM    MM
2026 09 09 10 10  70  9.0 11.0   1.8    MM   4.9  90 1015.8  29.2  29.5  26.2   MM   MM    MM
2026 09 09 10 00  70  9.0 10.0    MM    MM    MM  MM 1015.6  29.2  29.5  26.3   MM -0.0    MM
2026 09 09 09 50  70  9.0 11.0   1.9     7   5.1  89 1015.6  29.0  29.5  26.5   MM   MM    MM
2026 09 09 09 40  70  9.0 12.0    MM    MM    MM  MM 1015.4  29.1  29.5  26.4   MM   MM    MM
2026 09 09 09 30  60  9.0 11.0    MM    MM    MM  MM 1015.4  29.0  29.5  26.4   MM   MM    MM
2026 09 09 09 20  70 10.0 11.0   1.9     6   5.1  90 1015.3  28.9  29.5  26.3   MM   MM    MM
2026 09 09 09 10  70  9.0 11.0    MM    MM    MM  MM 1015.2  29.0  29.5  26.3   MM   MM    MM
2026 09 09 09 00  80 10.0 13.0    MM    MM    MM  MM 1015.2  29.1  29.5  26.0   MM -0.8    MM
2026 09 09 08 50  80 10.0 12.0   1.9     7   5.1  98 1015.2  29.2  29.5  25.4   MM   MM    MM
2026 09 09 08 40  70 10.0 12.0    MM    MM    MM  MM 1015.2  28.6  29.5  25.7   MM   MM    MM
2026 09 09 08 30  70 11.0 14.0    MM    MM    MM  MM 1015.3  28.8  29.5  26.4   MM   MM    MM
2026 09 09 08 20  80 11.0 13.0   1.8     6   5.0  94 1015.1  29.2  29.5  26.1   MM   MM    MM
2026 09 09 08 10  80 10.0 12.0    MM    MM    MM  MM 1015.3  29.2  29.5  26.5   MM   MM    MM
2026 09 09 08 00  80 10.0 11.0    MM    MM    MM  MM 1015.3  29.2  29.5  26.4   MM -1.2    MM
2026 09 09 07 50  90  9.0 11.0   1.7     6   4.9  94 1015.3  29.3  29.5  26.3   MM   MM    MM
2026 09 09 07 40  80 10.0 12.0    MM    MM    MM  MM 1015.2  29.2  29.5  26.1   MM   MM    MM
2026 09 09 07 30  80  9.0 12.0    MM    MM    MM  MM 1015.4    MM    MM    MM   MM   MM    MM
2026 09 09 07 20  80 10.0 12.0   1.8     6   4.8  97 1015.4  29.2  29.6  26.8   MM   MM    MM
2026 09 09 07 10  80 10.0 12.0   1.8    MM   4.8  97 1015.6    MM    MM    MM   MM   MM    MM
2026 09 09 07 00  80 11.0 13.0    MM    MM    MM  MM 1015.5  29.1  29.6  26.8   MM -1.3    MM
2026 09 09 06 50  90 10.0 12.0   1.7     6   4.9  96 1015.7  29.2  29.6  26.9   MM   MM    MM
2026 09 09 06 40  80 10.0 12.0    MM    MM    MM  MM 1015.8  29.2  29.6  26.8   MM   MM    MM
2026 09 09 06 30  80 10.0 12.0    MM    MM    MM  MM 1015.8  29.3  29.6  26.9   MM   MM    MM
2026 09 09 06 20  80 11.0 12.0   1.4     6   4.8  85 1015.9  29.3  29.6  26.4   MM   MM    MM
2026 09 09 06 10  70 10.0 12.0   1.4    MM   4.8  85 1015.9  29.3  29.6  26.6   MM   MM    MM
2026 09 09 06 00  80 10.0 12.0    MM    MM    MM  MM 1015.9  29.1    MM  27.0   MM -1.5    MM
2026 09 09 05 50  80  8.0  9.0   1.4     5   4.8  83 1016.1  28.3  29.6  27.0   MM   MM    MM
2026 09 09 05 40  80 10.0 13.0    MM    MM    MM  MM 1016.1  28.2  29.6  26.6   MM   MM    MM
2026 09 09 05 30  70  7.0  9.0    MM    MM    MM  MM 1016.2  28.6  29.6  27.2   MM   MM    MM
2026 09 09 05 20  90  7.0  8.0   1.5     6   4.7  92 1016.0  28.1  29.6  26.8   MM   MM    MM
2026 09 09 05 10  80  9.0 13.0   1.5    MM   4.7  92 1016.4  29.0  29.6  27.0   MM   MM    MM
2026 09 09 05 00  80  9.0 11.0    MM    MM    MM  MM 1016.4  29.3  29.6  27.2   MM -0.8    MM
2026 09 09 04 50  80  8.0 10.0   1.4     6   4.8  95 1016.5  29.2  29.6  26.9   MM   MM    MM
2026 09 09 04 40  70  8.0 10.0    MM    MM    MM  MM 1016.4  29.2  29.6  26.9   MM   MM    MM
2026 09 09 04 30  70  8.0 10.0    MM    MM    MM  MM 1016.4  29.2  29.6  27.0   MM   MM    MM
2026 09 09 04 20  80  8.0 11.0   1.4     5   4.7  90 1016.8  29.2  29.6  27.1   MM   MM    MM
2026 09 09 04 10  80  9.0 10.0   1.4    MM   4.7  90 1016.8  29.2  29.6  26.9   MM   MM    MM
2026 09 09 04 00  80  8.0 11.0    MM    MM    MM  MM 1016.7  29.2  29.6  27.0   MM +0.0    MM
2026 09 09 03 50  70  9.0 10.0   1.4     6   4.7 101 1016.8  29.2  29.6  27.0   MM   MM    MM
2026 09 09 03 40  70  9.0 10.0    MM    MM    MM  MM 1017.0  29.2  29.6  27.0   MM   MM    MM
2026 09 09 03 30  70  9.0 11.0    MM    MM    MM  MM 1017.0  29.3  29.6  27.0   MM   MM    MM
2026 09 09 03 20  80  8.0 10.0   1.5     6   4.7  94 1017.0  29.3  29.6  27.0   MM   MM    MM
2026 09 09 03 10  70  9.0 10.0    MM    MM    MM  MM 1017.2  29.3  29.6  27.1   MM   MM    MM
2026 09 09 03 00  80  8.0 11.0    MM    MM    MM  MM 1017.4  29.3  29.6  27.1   MM +1.4    MM
2026 09 09 02 50  80  9.0 11.0   1.4     6   4.6 101 1017.4  29.3  29.6  27.0   MM   MM    MM
2026 09 09 02 40  80  9.0 11.0    MM    MM    MM  MM 1017.2  29.4  29.6  27.0   MM   MM    MM
2026 09 09 02 30  80  9.0 11.0    MM    MM    MM  MM 1017.2  29.3  29.6  26.9   MM   MM    MM
2026 09 09 02 20  80  9.0 11.0   1.5     6   4.7  83 1017.1  29.3  29.7  27.0   MM   MM    MM
2026 09 09 02 10  80  9.0 11.0   1.5    MM   4.7  83 1017.2  29.3  29.7  26.9   MM   MM    MM
2026 09 09 02 00  80  9.0 11.0    MM    MM    MM  MM 1017.3  29.3  29.7  26.8   MM +1.8    MM
2026 09 09 01 50  70  9.0 11.0   1.4     5   4.5  82 1017.2  29.3  29.7  26.9   MM   MM    MM
2026 09 09 01 40  70  9.0 11.0    MM    MM    MM  MM 1017.2  29.3  29.7  26.9   MM   MM    MM
2026 09 09 01 30  70  9.0 11.0    MM    MM    MM  MM 1017.2  29.3  29.7  27.0   MM   MM    MM
2026 09 09 01 20  70  9.0 11.0   1.3     6   4.6  96 1017.1  29.3  29.7  27.0   MM   MM    MM
2026 09 09 01 10  70  9.0 11.0   1.3    MM   4.6  96 1017.1  29.3  29.7  26.9   MM   MM    MM
2026 09 09 01 00  70  8.0 10.0    MM    MM    MM  MM 1016.9  29.3  29.7  26.5   MM +2.0    MM
2026 09 09 00 50  70  8.0 10.0   1.3     6   4.6  87 1016.7  29.3  29.7  26.8   MM   MM    MM
2026 09 09 00 40  70  8.0 10.0   1.3    MM   4.6  87 1016.5  29.2  29.7  26.8   MM   MM    MM
2026 09 09 00 30  60  9.0 10.0    MM    MM    MM  MM 1016.4  29.2  29.7  26.9   MM   MM    MM
2026 09 09 00 20  60  8.0 10.0   1.3     6   4.6 105 1016.4  29.2  29.7  27.0   MM   MM    MM
2026 09 09 00 10  50  8.0 10.0   1.3    MM   4.6 105 1016.2  29.2  29.7  27.0   MM   MM    MM
2026 09 09 00 00  60  8.0 10.0    MM    MM    MM  MM 1016.1  29.2  29.7  26.9   MM +0.9    MM
2026 09 08 23 50  60  8.0 10.0   1.4     6   4.7 106 1016.0  29.2  29.7  26.8   MM   MM    MM
2026 09 08 23 40  60  8.0  9.0    MM    MM    MM  MM 1016.0  29.2  29.7  27.1   MM   MM    MM
2026 09 08 23 30  60  8.0 10.0    MM    MM    MM  MM 1015.7  29.3  29.7  27.0   MM   MM    MM
2026 09 08 23 20  70  8.0  9.0   1.3     6   4.5  99 1015.6  29.3  29.7  26.8   MM   MM    MM
2026 09 08 23 10  70  8.0  9.0   1.3    MM   4.5  99 1015.5  29.3  29.7  26.8   MM   MM    MM
2026 09 08 23 00  70  8.0  9.0    MM    MM    MM  MM 1015.4  29.3  29.7  26.6   MM +0.4    MM
2026 09 08 22 50  70  8.0 10.0   1.4     6   4.7  96 1015.5  29.4  29.7  26.3   MM   MM    MM
2026 09 08 22 40  70  8.0  9.0   1.4    MM   4.7  96 1015.3  29.4  29.7  26.3   MM   MM    MM
2026 09 08 22 30  70  7.0  9.0    MM    MM    MM  MM 1015.3  29.4  29.7  26.5   MM   MM    MM
2026 09 08 22 20  70  7.0  9.0   1.3     6   4.7 102 1015.1  29.4  29.7  26.1   MM   MM    MM
2026 09 08 22 10  70  8.0  9.0    MM    MM    MM  MM 1015.0  29.4  29.7  26.0   MM   MM    MM
2026 09 08 22 00  70  8.0  9.0    MM    MM    MM  MM 1015.0  29.4  29.7  26.3   MM +0.0    MM
2026 09 08 21 50  70  8.0  9.0   1.4     6   4.9 105 1014.8  29.4  29.7  26.4   MM   MM    MM
2026 09 08 21 40  70  8.0  9.0    MM    MM    MM  MM 1014.8  29.3  29.7  26.6   MM   MM    MM
2026 09 08 21 30  70  7.0  9.0    MM    MM    MM  MM 1014.9  29.4  29.7  26.6   MM   MM    MM
2026 09 08 21 20  80  8.0  9.0   1.4     6   4.8 111 1015.1  29.4  29.7  26.6   MM   MM    MM
2026 09 08 21 10  70  7.0  9.0   1.4    MM   4.8 111 1015.1  29.4  29.7  26.3   MM   MM    MM
2026 09 08 21 00  70  7.0  9.0    MM    MM    MM  MM 1015.1  29.5  29.8  26.4   MM -0.6    MM
2026 09 08 20 50  80  8.0  9.0   1.5     6   4.9 101 1015.1  29.5  29.8  26.3   MM   MM    MM
2026 09 08 20 40  80  7.0  9.0   1.5    MM   4.9 101 1015.1  29.6  29.8  26.4   MM   MM    MM
2026 09 08 20 30  80  8.0  9.0    MM    MM    MM  MM 1015.1  29.6  29.8  26.1   MM   MM    MM
2026 09 08 20 20  80  7.0  9.0   1.4     6   4.8 100 1015.1  29.5  29.8  26.2   MM   MM    MM
2026 09 08 20 10  70  8.0  9.0   1.4    MM   4.8 100 1015.0  29.4  29.8  26.1   MM   MM    MM
2026 09 08 20 00  70  8.0  9.0    MM    MM    MM  MM 1015.1  29.5  29.8  26.4   MM -1.7    MM
2026 09 08 19 50  70  8.0  9.0   1.4     6   4.8  98 1015.1  29.5  29.8  26.4   MM   MM    MM
2026 09 08 19 40  70  8.0  9.0    MM    MM    MM  MM 1015.0  29.5  29.8  26.2   MM   MM    MM
2026 09 08 19 30  70  8.0  9.0    MM    MM    MM  MM 1015.0  29.5  29.8  26.0   MM   MM    MM
2026 09 08 19 20  80  8.0  9.0   1.3     5   4.7 116 1015.1  29.5  29.8  25.9   MM   MM    MM
2026 09 08 19 10  80  8.0  9.0   1.3    MM   4.7 116 1015.2  29.4  29.8  25.9   MM   MM    MM
2026 09 08 19 00  70  8.0  9.0    MM    MM    MM  MM 1015.1  29.4  29.8  25.8   MM -2.4    MM
2026 09 08 18 50  70  8.0  9.0   1.3     6   4.7  89 1015.3  29.4  29.8  25.9   MM   MM    MM
2026 09 08 18 40  80  8.0  9.0    MM    MM    MM  MM 1015.3  29.3  29.8  26.0   MM   MM    MM
2026 09 08 18 30  80  8.0  9.0    MM    MM    MM  MM 1015.5  29.4  29.8  26.1   MM   MM    MM
2026 09 08 18 20  80  8.0  9.0   1.3     6   4.7  98 1015.7  29.4  29.8  26.0   MM   MM    MM
2026 09 08 18 10  70  7.0  9.0   1.3    MM   4.7  98 1015.7  29.3  29.8  26.3   MM   MM    MM
2026 09 08 18 00  70  7.0  9.0    MM    MM    MM  MM 1015.8  29.3  29.8  26.3   MM -1.5    MM
2026 09 08 17 50  70  8.0  9.0   1.4     6   4.7 102 1015.9  29.3  29.8  26.0   MM   MM    MM
2026 09 08 17 40  70  8.0 10.0    MM    MM    MM  MM 1016.1  29.3  29.7  26.0   MM   MM    MM
2026 09 08 17 30  70  8.0  9.0    MM    MM    MM  MM 1016.4  29.3  29.7  26.1   MM   MM    MM
2026 09 08 17 20  70  7.0  9.0   1.4     6   4.7 112 1016.5  29.4  29.7  26.0   MM   MM    MM
2026 09 08 17 10  70  8.0  9.0   1.4    MM   4.7 112 1016.7  29.4  29.7  25.8   MM   MM    MM
2026 09 08 17 00  80  8.0  9.0    MM    MM    MM  MM 1016.7  29.3  29.7  25.8   MM -0.3    MM
2026 09 08 16 50  80  7.0  9.0   1.3     6   4.7  95 1017.0  29.3  29.7  26.0   MM   MM    MM
2026 09 08 16 40  80  7.0  8.0    MM    MM    MM  MM 1017.2  29.3  29.7  26.0   MM   MM    MM
2026 09 08 16 30  70  8.0  9.0    MM    MM    MM  MM 1017.4  29.4  29.7  25.6   MM   MM    MM
2026 09 08 16 20  70  8.0  9.0   1.3     5   4.6 100 1017.6  29.4  29.7  25.5   MM   MM    MM
2026 09 08 16 10  70  7.0  9.0   1.3    MM   4.6 100 1017.6  29.4  29.7  25.6   MM   MM    MM
2026 09 08 16 00  70  7.0  9.0    MM    MM    MM  MM 1017.5  29.3  29.7  25.8   MM +1.0    MM
2026 09 08 15 50  70  7.0  9.0   1.4     6   4.8  91 1017.4  29.3  29.7  25.9   MM   MM    MM
2026 09 08 15 40  70  8.0  9.0    MM    MM    MM  MM 1017.4  29.2  29.7  25.8   MM   MM    MM
2026 09 08 15 30  70  7.0  9.0    MM    MM    MM  MM 1017.4  29.2  29.7  26.1   MM   MM    MM
2026 09 08 15 20  70  7.0  8.0   1.4     6   4.8  99 1017.3  29.2  29.7  26.0   MM   MM    MM
2026 09 08 15 10  70  8.0  9.0   1.4    MM   4.8  99 1017.3  29.2  29.7  25.7   MM   MM    MM
2026 09 08 15 00  70  8.0 10.0    MM    MM    MM  MM 1017.3  29.2  29.7  25.6   MM +1.3    MM
2026 09 08 14 50  80  8.0  9.0   1.4     6   4.7 101 1017.3  29.3  29.7  26.0   MM   MM    MM
2026 09 08 14 40  80  8.0 10.0    MM    MM    MM  MM 1017.3  29.2  29.7  25.8   MM   MM    MM
2026 09 08 14 30  80  8.0  9.0    MM    MM    MM  MM 1017.3  29.2  29.7  25.9   MM   MM    MM
2026 09 08 14 20  80  8.0 10.0   1.3     6   4.5  99 1017.3  29.2  29.6  25.7   MM   MM    MM
2026 09 08 14 10  80  8.0 10.0   1.3    MM   4.5  99 1017.2  29.2  29.6  25.4   MM   MM    MM
2026 09 08 14 00  80  8.0 10.0    MM    MM    MM  MM 1017.1  29.2  29.6  25.4   MM +1.4    MM
2026 09 08 13 50  80  8.0 10.0   1.4     6   4.6 100 1017.0  29.2    MM  25.4   MM   MM    MM
2026 09 08 13 40  90  8.0  9.0   1.4    MM   4.6 100 1017.1  29.2  29.6  25.6   MM   MM    MM
2026 09 08 13 30  90  8.0  9.0    MM    MM    MM  MM 1017.0  29.2  29.6  25.8   MM   MM    MM
2026 09 08 13 20  90  8.0  9.0   1.4     6   4.5 106 1017.0  29.2  29.6  25.9   MM   MM    MM
2026 09 08 13 10  80  8.0 10.0   1.4    MM   4.5 106 1016.8  29.1  29.6  25.5   MM   MM    MM
2026 09 08 13 00  80  8.0 10.0    MM    MM    MM  MM 1016.7  29.1  29.6  25.9   MM +1.2    MM
2026 09 08 12 50  90  8.0 10.0   1.3     5   4.7 106 1016.5  29.1  29.6  26.3   MM   MM    MM
2026 09 08 12 40  90  8.0 10.0    MM    MM    MM  MM 1016.4  29.0  29.6  26.3   MM   MM    MM
2026 09 08 12 30  80  8.0 10.0    MM    MM    MM  MM 1016.4  29.1  29.6  26.1   MM   MM    MM
2026 09 08 12 20  90  8.0 10.0   1.4     5   4.5 105 1016.2  29.1  29.6  25.9   MM   MM    MM
2026 09 08 12 10  90  9.0 10.0   1.4    MM   4.5 105 1016.2  29.2  29.6  25.6   MM   MM    MM
2026 09 08 12 00  90  9.0 11.0    MM    MM    MM  MM 1016.1  29.2  29.6  25.8   MM +0.7    MM
2026 09 08 11 50  90  8.0 10.0   1.3     5   4.5 101 1016.2  29.1  29.6  26.0   MM   MM    MM
2026 09 08 11 40  80  8.0 10.0    MM    MM    MM  MM 1016.1  29.1  29.6  26.2   MM   MM    MM
2026 09 08 11 30  90  8.0 10.0    MM    MM    MM  MM 1015.9  29.0  29.6  26.2   MM   MM    MM
2026 09 08 11 20  90  8.0 10.0   1.3     5   4.6 116 1015.7  29.0  29.6  26.3   MM   MM    MM
2026 09 08 11 10  90  8.0  9.0   1.3    MM   4.6 116 1015.7  29.0  29.6  26.0   MM   MM    MM
2026 09 08 11 00  90  8.0  9.0    MM    MM    MM  MM 1015.7  28.9  29.6  26.3   MM +0.5    MM
2026 09 08 10 50  90  8.0  9.0   1.3     5   4.5 111 1015.6  29.0  29.6  26.2   MM   MM    MM
2026 09 08 10 40 100  8.0 10.0    MM    MM    MM  MM 1015.4  29.0  29.6  25.9   MM   MM    MM
2026 09 08 10 30  90  9.0 10.0    MM    MM    MM  MM 1015.3  29.0  29.6  25.6   MM   MM    MM
2026 09 08 10 20  90  9.0 10.0   1.3     5   4.5 107 1015.3  28.9  29.6  26.1   MM   MM    MM
2026 09 08 10 10  90  9.0 11.0   1.3    MM   4.5 107 1015.3  28.9  29.6  26.1   MM   MM    MM
2026 09 08 10 00  90  9.0 11.0    MM    MM    MM  MM 1015.3  28.9  29.6  26.1   MM +0.0    MM
2026 09 08 09 50  90  9.0 11.0   1.4     5   4.6  98 1015.5  29.0  29.6  25.9   MM   MM    MM
2026 09 08 09 40  80  9.0 10.0    MM    MM    MM  MM 1015.4  28.9  29.6  26.2   MM   MM    MM
2026 09 08 09 30  80  8.0 10.0    MM    MM    MM  MM 1015.4  28.9  29.7  26.4   MM   MM    MM
2026 09 08 09 20  80  9.0 10.0   1.4     5   4.6 103 1015.4  28.9  29.6  26.4   MM   MM    MM
2026 09 08 09 10  80  8.0 10.0    MM    MM    MM  MM 1015.4  28.9  29.6  26.4   MM   MM    MM
2026 09 08 09 00  80  8.0 10.0    MM    MM    MM  MM 1015.3  29.0  29.6  26.6   MM +0.0    MM
2026 09 08 08 50  80  8.0 10.0   1.4     5   4.5 107 1015.3  28.9  29.7  26.6   MM   MM    MM
2026 09 08 08 40  80  8.0 10.0    MM    MM    MM  MM 1015.2  28.9  29.7  26.6   MM   MM    MM
2026 09 08 08 30  80  8.0 10.0    MM    MM    MM  MM 1015.1  28.9  29.7  26.6   MM   MM    MM
2026 09 08 08 20  90  9.0 11.0   1.3     5   4.6 117 1015.2  29.0  29.6  26.7   MM   MM    MM
2026 09 08 08 10  80  9.0 11.0    MM    MM    MM  MM 1015.2  28.9  29.7  26.4   MM   MM    MM
2026 09 08 08 00  80  9.0 10.0    MM    MM    MM  MM 1015.1  28.9  29.7  26.5   MM -0.7    MM
2026 09 08 07 50  80  9.0 10.0   1.3     6   4.5  99 1015.2  28.9  29.7  26.4   MM   MM    MM
2026 09 08 07 40  80  9.0 10.0    MM    MM    MM  MM 1015.3  29.0  29.7  26.5   MM   MM    MM
2026 09 08 07 30  80  8.0  9.0    MM    MM    MM  MM 1015.3  29.0  29.7  26.5   MM   MM    MM
2026 09 08 07 20  80  8.0  9.0   1.3     5   4.6 108 1015.4  29.0  29.7  26.5   MM   MM    MM
2026 09 08 07 10  80  9.0 10.0   1.3    MM   4.6 108 1015.3  29.0  29.7  26.2   MM   MM    MM
2026 09 08 07 00  80  8.0 10.0    MM    MM    MM  MM 1015.3  29.0  29.7  26.5   MM -1.1    MM
2026 09 08 06 50  80  9.0 11.0   1.3     5   4.5 113 1015.2  29.0  29.7  26.3   MM   MM    MM
2026 09 08 06 40  80  8.0 10.0    MM    MM    MM  MM 1015.2  29.0  29.7  26.3   MM   MM    MM
2026 09 08 06 30  80  8.0 10.0    MM    MM    MM  MM 1015.3  29.0  29.7  26.6   MM   MM    MM
2026 09 08 06 20  80  8.0 10.0   1.3     6   4.6 105 1015.3  29.1  29.7  26.3   MM   MM    MM
2026 09 08 06 10  80  9.0 10.0    MM    MM    MM  MM 1015.5  29.1  29.7  26.2   MM   MM    MM
2026 09 08 06 00  90  9.0 10.0    MM    MM    MM  MM 1015.4  29.0  29.7  26.5   MM -1.5    MM
2026 09 08 05 50  90  9.0 10.0   1.3     6   4.7 112 1015.6  28.9  29.7  26.4   MM   MM    MM
2026 09 08 05 40  90  8.0 10.0    MM    MM    MM  MM 1015.6  28.9  29.7  26.5   MM   MM    MM
2026 09 08 05 30  80  8.0 10.0    MM    MM    MM  MM 1015.6    MM  29.7    MM   MM   MM    MM
2026 09 08 05 20  80  8.0 10.0   1.2     5   4.7 101 1015.7  29.0  29.7  26.7   MM   MM    MM
2026 09 08 05 10  80  8.0 10.0   1.2    MM   4.7 101 1015.7    MM    MM    MM   MM   MM    MM
2026 09 08 05 00  80  8.0  9.0    MM    MM    MM  MM 1015.9  29.2  29.7  26.5   MM -1.3    MM
2026 09 08 04 50  80  8.0 10.0   1.3     5   4.8  99 1015.9  29.3  29.7  26.5   MM   MM    MM
2026 09 08 04 40  70  8.0  9.0    MM    MM    MM  MM 1016.0  29.3  29.7  26.5   MM   MM    MM
2026 09 08 04 30  60  8.0  9.0    MM    MM    MM  MM 1016.2  29.3  29.7  26.4   MM   MM    MM
2026 09 08 04 20  80  8.0  9.0   1.2     6   4.7 108 1016.3  29.3  29.7  26.5   MM   MM    MM
2026 09 08 04 10  70  7.0  9.0   1.2    MM   4.7 108 1016.4  29.3  29.7  26.7   MM   MM    MM
2026 09 08 04 00  70  7.0  9.0    MM    MM    MM  MM 1016.4  29.2    MM  26.7   MM -0.3    MM
2026 09 08 03 50  80  7.0  8.0   1.3     5   4.8  91 1016.6  29.2  29.7  26.7   MM   MM    MM
2026 09 08 03 40  80  7.0  9.0    MM    MM    MM  MM 1016.7  29.2  29.7  26.7   MM   MM    MM
2026 09 08 03 30  80  7.0  8.0    MM    MM    MM  MM 1016.7  29.3  29.7  26.4   MM   MM    MM
2026 09 08 03 20  80  8.0  9.0   1.2     5   4.7 106 1016.8  29.4  29.7  26.4   MM   MM    MM
2026 09 08 03 10  80  8.0 10.0   1.2    MM   4.7 106 1016.8  29.3  29.7  26.3   MM   MM    MM
2026 09 08 03 00  80  8.0 10.0    MM    MM    MM  MM 1016.9  29.3  29.7  26.3   MM +1.0    MM
2026 09 08 02 50  70  7.0  9.0   1.3     6   4.6 115 1017.0  29.3  29.7  26.7   MM   MM    MM
2026 09 08 02 40  70  8.0  9.0    MM    MM    MM  MM 1017.0  29.3  29.7  26.7   MM   MM    MM
2026 09 08 02 30  80  8.0  9.0    MM    MM    MM  MM 1017.0  29.3  29.7  26.8   MM   MM    MM
2026 09 08 02 20  80  8.0  9.0   1.4     5   4.8 118 1017.1  29.3  29.7  26.8   MM   MM    MM
2026 09 08 02 10  60  8.0  9.0   1.4    MM   4.8 118 1017.1  29.3  29.7  26.8   MM   MM    MM
2026 09 08 02 00  60  8.0  9.0    MM    MM    MM  MM 1017.1  29.3  29.7  27.0   MM +1.9    MM
2026 09 08 01 50  60  7.0  9.0   1.3     6   4.7 113 1017.1  29.4  29.8  27.0   MM   MM    MM
2026 09 08 01 40  70  7.0  9.0    MM    MM    MM  MM 1017.0  29.4  29.8  27.2   MM   MM    MM
2026 09 08 01 30  60  8.0  9.0    MM    MM    MM  MM 1017.0  29.4  29.8  27.1   MM   MM    MM
2026 09 08 01 20  60  8.0  9.0   1.1     6   4.5 122 1017.0  29.4  29.8  27.2   MM   MM    MM
2026 09 08 01 10  60  8.0  9.0   1.1    MM   4.5 122 1016.8  29.5  29.8  27.1   MM   MM    MM
2026 09 08 01 00  70  8.0  9.0    MM    MM    MM  MM 1016.7  29.4  29.8  27.0   MM +2.3    MM
2026 09 08 00 50  70  7.0  9.0   1.1     6   4.5 123 1016.6  29.4  29.8  27.1   MM   MM    MM
2026 09 08 00 40  70  8.0 10.0    MM    MM    MM  MM 1016.3  29.4  29.8  27.0   MM   MM    MM
2026 09 08 00 30  60  8.0  9.0    MM    MM    MM  MM 1016.2  29.5  29.8  27.3   MM   MM    MM
2026 09 08 00 20  70  8.0  9.0   1.1     6   4.7 130 1016.1  29.5  29.8  27.0   MM   MM    MM
2026 09 08 00 10  60  8.0  9.0    MM    MM    MM  MM 1015.9  29.6  29.8  27.1   MM   MM    MM
2026 09 08 00 00  60  7.0  9.0    MM    MM    MM  MM 1015.9  29.6  29.8  27.0   MM +2.0    MM
2026 09 07 23 50  60  7.0  9.0   1.1     5   4.8 129 1015.7  29.6  29.8  27.1   MM   MM    MM
2026 09 07 23 40  60  7.0  8.0    MM    MM    MM  MM 1015.5  29.6  29.8  27.0   MM   MM    MM
2026 09 07 23 10  60  5.0  7.0   1.1    MM   4.9  87 1015.3  29.6  29.8  26.9   MM   MM    MM
2026 09 07 23 00  50  5.0  6.0    MM    MM    MM  MM 1015.2  29.5  29.8  26.5   MM +1.4    MM
2026 09 07 22 50  50  5.0  6.0   1.0     7   4.8  90 1015.1  29.5  29.8  26.5   MM   MM    MM
2026 09 07 22 40  50  5.0  6.0    MM    MM    MM  MM 1014.9  29.5  29.8  26.4   MM   MM    MM
2026 09 07 22 30  50  5.0  6.0    MM    MM    MM  MM 1014.7  29.5  29.8  26.5   MM   MM    MM
2026 09 07 22 20  50  5.0  6.0   1.2     6   4.7 123 1014.6  29.6  29.8  26.6   MM   MM    MM
2026 09 07 22 10  60  5.0  6.0   1.2    MM   4.7 123 1014.6  29.6  29.8  26.4   MM   MM    MM
2026 09 07 22 00  60  5.0  6.0    MM    MM    MM  MM 1014.4  29.7  29.8  26.3   MM +0.5    MM
2026 09 07 21 50  70  5.0  6.0   1.1     6   4.7 113 1014.3  29.7  29.8  26.2   MM   MM    MM
2026 09 07 21 40  70  5.0  7.0    MM    MM    MM  MM 1014.3  29.7  29.8  26.3   MM   MM    MM
2026 09 07 21 30  70  6.0  7.0    MM    MM    MM  MM 1014.2  29.8  29.9  26.2   MM   MM    MM
2026 09 07 21 20  70  5.0  6.0   1.2     6   4.8 119 1014.2  29.8  29.9  26.3   MM   MM    MM
2026 09 07 21 10  80  5.0  6.0   1.2    MM   4.8 119 1014.2  29.8  29.9  26.2   MM   MM    MM
2026 09 07 21 00  80  6.0  7.0    MM    MM    MM  MM 1014.0  29.8  29.9  26.2   MM -0.8    MM
2026 09 07 20 50  80  6.0  7.0   1.3     6   4.8 108 1013.9  29.8  29.9  26.2   MM   MM    MM
2026 09 07 20 40  80  6.0  7.0    MM    MM    MM  MM 1014.0  29.8  29.9  26.6   MM   MM    MM
2026 09 07 20 30  80  6.0  7.0    MM    MM    MM  MM 1013.9  29.8  29.9  26.3   MM   MM    MM
2026 09 07 20 20  90  6.0  7.0   1.2     5   4.8 124 1013.8  29.8  29.9  26.3   MM   MM    MM
2026 09 07 20 10 100  6.0  7.0   1.2    MM   4.8 124 1013.9  29.9  29.9  26.3   MM   MM    MM
2026 09 07 20 00 100  6.0  8.0    MM    MM    MM  MM 1013.9  29.8  29.9  25.9   MM -1.5    MM
2026 09 07 19 50 100  6.0  7.0   1.3     6   4.9 110 1013.8  29.8  29.9  26.0   MM   MM    MM
2026 09 07 19 40 100  6.0  7.0    MM    MM    MM  MM 1013.8  29.7  29.8  26.0   MM   MM    MM
2026 09 07 19 30 100  6.0  7.0    MM    MM    MM  MM 1013.8  29.7  29.9  26.2   MM   MM    MM
2026 09 07 19 20 110  6.0  7.0   1.2     6   4.7 125 1013.9  29.7  29.9  26.0   MM   MM    MM
2026 09 07 19 10 110  6.0  8.0   1.2    MM   4.7 125 1013.9    MM  29.9    MM   MM   MM    MM
2026 09 07 19 00 110  6.0  7.0    MM    MM    MM  MM 1014.0  29.7  29.8  26.2   MM -1.8    MM
2026 09 07 18 50 110  6.0  7.0   1.2     5   4.7 118 1014.0  29.7  29.9  26.4   MM   MM    MM
2026 09 07 18 40 110  6.0  7.0    MM    MM    MM  MM 1014.1  29.7  29.8  26.2   MM   MM    MM
2026 09 07 18 30 110  6.0  7.0    MM    MM    MM  MM 1014.3  29.7  29.8  26.2   MM   MM    MM
2026 09 07 18 20 110  6.0  7.0   1.2     6   4.6 116 1014.5  29.6  29.8  26.3   MM   MM    MM
2026 09 07 18 10 110  6.0  7.0   1.2    MM   4.6 116 1014.7  29.7  29.8  26.4   MM   MM    MM
2026 09 07 18 00 120  6.0  7.0    MM    MM    MM  MM 1014.8  29.7  29.8  26.1   MM -1.5    MM
2026 09 07 17 50 110  6.0  8.0   1.3     5   4.7 108 1015.0  29.7  29.8  26.2   MM   MM    MM
2026 09 07 17 40 110  7.0  8.0    MM    MM    MM  MM 1015.0  29.6  29.8  26.3   MM   MM    MM
2026 09 07 17 30 110  7.0  8.0    MM    MM    MM  MM 1015.0  29.7  29.8  26.2   MM   MM    MM
2026 09 07 17 20 110  7.0  8.0   1.3     5   4.7 112 1015.1  29.6  29.8  26.3   MM   MM    MM
2026 09 07 17 10 110  7.0  8.0   1.3    MM   4.7 112 1015.2  29.5  29.8  26.5   MM   MM    MM
2026 09 07 17 00 110  7.0  8.0    MM    MM    MM  MM 1015.4  29.6    MM  26.7   MM -0.6    MM
2026 09 07 16 50 110  7.0  8.0   1.4     6   4.7 107 1015.5  29.5  29.8  26.5   MM   MM    MM
2026 09 07 16 40 110  7.0  9.0    MM    MM    MM  MM 1015.6  29.5  29.8  26.5   MM   MM    MM
2026 09 07 16 30 110  7.0  9.0    MM    MM    MM  MM 1015.8  29.5  29.8  26.7   MM   MM    MM
2026 09 07 16 20 110  7.0  9.0   1.5     6   4.8 107 1015.7  29.5  29.7  26.5   MM   MM    MM
2026 09 07 16 10 110  8.0  9.0   1.5    MM   4.8 107 1015.7  29.5  29.8  26.5   MM   MM    MM
2026 09 07 16 00 110  8.0  9.0    MM    MM    MM  MM 1015.8  29.5  29.7  26.4   MM +0.4    MM
2026 09 07 15 50 110  8.0  9.0   1.4     6   4.8 105 1015.7  29.6  29.7  26.1   MM   MM    MM
2026 09 07 15 40 110  7.0  9.0    MM    MM    MM  MM 1015.9  29.6  29.7  26.5   MM   MM    MM
2026 09 07 15 30 110  8.0  9.0    MM    MM    MM  MM 1015.9  29.6  29.7  26.2   MM   MM    MM
2026 09 07 15 20 110  8.0  9.0   1.3     5   4.6 100 1015.9  29.6  29.7  26.3   MM   MM    MM
2026 09 07 15 10 110  8.0 10.0   1.3    MM   4.6 100 1016.1  29.6  29.7  26.3   MM   MM    MM
2026 09 07 15 00 100  8.0  9.0    MM    MM    MM  MM 1016.3  29.6  29.7  26.3   MM +1.1    MM
2026 09 07 14 50 110  8.0  9.0   1.3     6   4.5 107 1016.3  29.6  29.7  26.5   MM   MM    MM
2026 09 07 14 40 110  8.0 10.0    MM    MM    MM  MM 1016.3  29.6  29.7  26.3   MM   MM    MM
2026 09 07 14 30 110  8.0 10.0    MM    MM    MM  MM 1016.2  29.7  29.7  26.2   MM   MM    MM
2026 09 07 14 20 110  8.0  9.0   1.2     5   4.5 103 1016.2  29.6  29.7  26.5   MM   MM    MM
2026 09 07 14 10 110  8.0 10.0   1.2    MM   4.5 103 1016.1  29.6  29.7  26.7   MM   MM    MM
2026 09 07 14 00 120  8.0 10.0    MM    MM    MM  MM 1016.0  29.5  29.7  26.8   MM +1.5    MM
2026 09 07 13 50 120  8.0 10.0   1.2     6   4.6 116 1015.9  29.5  29.7  27.0   MM   MM    MM
2026 09 07 13 40 120  8.0 10.0    MM    MM    MM  MM 1015.8  29.5  29.7  26.8   MM   MM    MM
2026 09 07 13 30 120  9.0 10.0    MM    MM    MM  MM 1015.7  29.5  29.7  26.7   MM   MM    MM
2026 09 07 13 20 120  9.0 10.0   1.3     5   4.7 108 1015.6  29.6  29.7  26.6   MM   MM    MM
2026 09 07 13 10 120  8.0 10.0   1.3    MM   4.7 108 1015.5  29.5  29.7  26.7   MM   MM    MM
2026 09 07 13 00 120  8.0  9.0    MM    MM    MM  MM 1015.4  29.6  29.7  26.7   MM +1.5    MM
2026 09 07 12 50 120  8.0  9.0   1.1     6   4.7 114 1015.5  29.6  29.7  26.5   MM   MM    MM
2026 09 07 12 40 110  7.0  9.0    MM    MM    MM  MM 1015.5  29.4  29.7  27.0   MM   MM    MM
2026 09 07 12 30 110  6.0  6.0    MM    MM    MM  MM 1015.4  29.2  29.7  27.0   MM   MM    MM
2026 09 07 12 20 110  6.0  7.0   1.2     5   4.6 114 1015.4  29.3  29.6  26.8   MM   MM    MM
2026 09 07 12 10 110  6.0  7.0   1.2    MM   4.6 114 1015.3  29.2  29.6  26.5   MM   MM    MM
2026 09 07 12 00 110  6.0  8.0    MM    MM    MM  MM 1015.2  29.3  29.6  26.6   MM +1.9    MM
2026 09 07 11 50 100  5.0  6.0   1.3     5   4.6 112 1015.3  29.2  29.6  26.7   MM   MM    MM
2026 09 07 11 40  90  5.0  7.0    MM    MM    MM  MM 1015.2  29.2  29.6  26.9   MM   MM    MM
2026 09 07 11 30  80  6.0  7.0    MM    MM    MM  MM 1015.1  29.1  29.6  26.9   MM   MM    MM
2026 09 07 11 20  70  7.0  8.0   1.1     5   4.4  99 1014.9  29.1  29.6  27.0   MM   MM    MM
2026 09 07 11 10  90  7.0  9.0   1.1    MM   4.4  99 1014.7  29.4  29.6  26.7   MM   MM    MM
2026 09 07 11 00 100  7.0  9.0    MM    MM    MM  MM 1014.6  29.4  29.6  26.5   MM +1.2    MM
2026 09 07 10 50 110  8.0 10.0   1.0     5   4.2 112 1014.4  29.4  29.6  26.7   MM   MM    MM
2026 09 07 10 40 110  8.0 10.0    MM    MM    MM  MM 1014.2  29.3  29.6  26.7   MM   MM    MM
2026 09 07 10 30 110  8.0 10.0    MM    MM    MM  MM 1014.2  29.2  29.6  26.7   MM   MM    MM
2026 09 07 10 20 110  8.0  9.0   1.0     5   4.4  83 1014.1  29.2  29.6  26.6   MM   MM    MM
2026 09 07 10 10 110  8.0  9.0    MM    MM    MM  MM 1014.0  29.3  29.6  26.4   MM   MM    MM
2026 09 07 10 00 110  8.0 10.0    MM    MM    MM  MM 1013.9  29.3  29.6  26.4   MM +0.9    MM
2026 09 07 09 50 100  7.0  9.0   1.1     5   4.5  80 1013.7  29.2  29.6  26.7   MM   MM    MM
2026 09 07 09 40 110  7.0  9.0    MM    MM    MM  MM 1013.5  29.2  29.7  26.5   MM   MM    MM
2026 09 07 09 30 110  7.0  8.0    MM    MM    MM  MM 1013.3  29.3  29.7  26.5   MM   MM    MM
2026 09 07 09 20 100  8.0  9.0   1.0     5   4.4  79 1013.4  29.3  29.7  26.4   MM   MM    MM
2026 09 07 09 10 100  7.0  8.0    MM    MM    MM  MM 1013.3  29.3  29.7  26.2   MM   MM    MM
2026 09 07 09 00 100  7.0  8.0    MM    MM    MM  MM 1013.2  29.3  29.7  26.0   MM +0.0    MM
2026 09 07 08 50 100  7.0  9.0   1.1     5   4.5  74 1013.4  29.4  29.7  26.0   MM   MM    MM
2026 09 07 08 40 110  7.0  8.0   1.1    MM   4.5  74 1013.4  29.2  29.7  26.4   MM   MM    MM
2026 09 07 08 30 110  7.0  8.0    MM    MM    MM  MM 1013.4  29.1  29.7  26.8   MM   MM    MM
2026 09 07 08 20 110  6.0  7.0   1.1     5   4.6  74 1013.2  29.1  29.7  27.2   MM   MM    MM
2026 09 07 08 10 110  6.0  7.0   1.1    MM   4.6  74 1013.2  29.3  29.7  27.2   MM   MM    MM
2026 09 07 08 00 110  6.0  7.0    MM    MM    MM  MM 1013.2  29.3  29.7  26.9   MM -0.5    MM
2026 09 07 07 50 110  5.0  7.0   1.0     5   4.5  77 1013.2  29.2  29.7  26.8   MM   MM    MM
2026 09 07 07 40 110  5.0  6.0    MM    MM    MM  MM 1013.0  29.2  29.7  27.0   MM   MM    MM
2026 09 07 07 30 120  5.0  6.0    MM    MM    MM  MM 1012.9  29.2  29.7  26.9   MM   MM    MM
2026 09 07 07 20 120  6.0  7.0   1.0     5   4.5  67 1012.9  29.3  29.7  26.7   MM   MM    MM
2026 09 07 07 10 120  5.0  7.0   1.0    MM   4.5  67 1013.0  29.2  29.7  26.9   MM   MM    MM
2026 09 07 07 00 100  5.0  7.0    MM    MM    MM  MM 1013.0  29.2  29.7  27.6   MM -1.2    MM
2026 09 07 06 50 100  5.0  6.0   1.0     5   4.5  78 1013.0  29.2  29.7  27.5   MM   MM    MM
2026 09 07 06 40 100  4.0  6.0    MM    MM    MM  MM 1013.0  29.2  29.7  27.2   MM   MM    MM
2026 09 07 06 30  90  5.0  7.0    MM    MM    MM  MM 1012.9  29.2  29.7  27.3   MM   MM    MM
2026 09 07 06 20  90  5.0  7.0   1.0     5   4.3  80 1013.1  29.2  29.7  27.4   MM   MM    MM
2026 09 07 06 10  90  6.0  7.0   1.0    MM   4.3  80 1013.0  29.2  29.7  27.3   MM   MM    MM
2026 09 07 06 00  90  7.0  8.0    MM    MM    MM  MM 1013.1  29.2  29.7  27.2   MM -1.4    MM
2026 09 07 05 50  90  7.0  8.0   0.9     5   4.2  81 1013.2  29.2  29.7  27.4   MM   MM    MM
2026 09 07 05 40  90  7.0  8.0    MM    MM    MM  MM 1013.2  29.2  29.8  27.4   MM   MM    MM
2026 09 07 05 30  90  7.0  8.0    MM    MM    MM  MM 1013.3  29.2  29.8  27.3   MM   MM    MM
2026 09 07 05 20  80  7.0  8.0   0.8     4   4.2  88 1013.4  29.2  29.8  27.3   MM   MM    MM
2026 09 07 05 10  80  7.0  8.0   0.8    MM   4.2  88 1013.6  29.2  29.8  27.4   MM   MM    MM
2026 09 07 05 00  80  7.0  8.0    MM    MM    MM  MM 1013.7  29.2  29.8  27.4   MM -0.6    MM
2026 09 07 04 50  80  7.0  8.0   0.8     8   4.3  77 1013.7  29.3  29.8  27.5   MM   MM    MM
2026 09 07 04 40  90  7.0  8.0    MM    MM    MM  MM 1013.7  29.3  29.8  27.4   MM   MM    MM
2026 09 07 04 30  80  7.0  8.0    MM    MM    MM  MM 1013.8  29.4  29.8  27.4   MM   MM    MM
2026 09 07 04 20  80  7.0  8.0   0.7     8   4.3  63 1013.9  29.4  29.8  27.3   MM   MM    MM
2026 09 07 04 10  80  7.0  8.0   0.7    MM   4.3  63 1014.1  29.4  29.8  27.4   MM   MM    MM
2026 09 07 04 00  80  7.0  9.0    MM    MM    MM  MM 1014.2  29.4  29.8  27.3   MM +0.0    MM
2026 09 07 03 50  80  6.0  8.0   0.7     8   4.5  75 1014.1  29.3  29.8  27.4   MM   MM    MM
2026 09 07 03 40  70  4.0  5.0    MM    MM    MM  MM 1014.2  29.1  29.8  27.3   MM   MM    MM
2026 09 07 03 30  70  4.0  5.0    MM    MM    MM  MM 1014.4  29.2  29.8  27.3   MM   MM    MM
2026 09 07 03 20  70  5.0  6.0   0.7     7   4.3  76 1014.5  29.3  29.8  27.2   MM   MM    MM
2026 09 07 03 10  70  5.0  5.0   0.7    MM   4.3  76 1014.4  29.3  29.8  26.6   MM   MM    MM
2026 09 07 03 00  70  5.0  6.0    MM    MM    MM  MM 1014.5  29.0  29.8  26.4   MM +0.8    MM
2026 09 07 02 50  60  6.0  6.0   0.7     8   4.5  80 1014.5  28.9  29.8  26.7   MM   MM    MM
2026 09 07 02 40  60  6.0  8.0    MM    MM    MM  MM 1014.5  28.9  29.8  27.0   MM   MM    MM
2026 09 07 02 30  70  6.0  8.0    MM    MM    MM  MM 1014.5  29.3  29.8  26.9   MM   MM    MM
2026 09 07 02 20  70  6.0  6.0   0.7     8   4.5  86 1014.5  29.2  29.8  27.3   MM   MM    MM
2026 09 07 02 10  70  6.0  8.0   0.7    MM   4.5  86 1014.4  29.1  29.9  27.5   MM   MM    MM
2026 09 07 02 00  70  6.0  7.0    MM    MM    MM  MM 1014.4  29.2  29.9  27.7   MM +1.3    MM
2026 09 07 01 50  80  5.0  7.0   0.7     8   4.5  79 1014.4  29.2  29.9  27.4   MM   MM    MM
2026 09 07 01 40  70  6.0  8.0    MM    MM    MM  MM 1014.2  29.2  29.9  26.7   MM   MM    MM
2026 09 07 01 30  70  7.0  8.0    MM    MM    MM  MM 1014.3  29.1  29.9  26.4   MM   MM    MM
2026 09 07 01 20  60  6.0  7.0   0.6     8   4.9  90 1014.3  29.3  29.9  27.5   MM   MM    MM
2026 09 07 01 10  60  6.0  7.0   0.6    MM   4.9  90 1014.3  29.3  29.9  27.5   MM   MM    MM
2026 09 07 01 00  60  6.0  6.0    MM    MM    MM  MM 1014.1  29.3  29.9  27.3   MM +1.5    MM
2026 09 07 00 50  60  6.0  7.0   0.6     8   4.9  93 1014.0  29.4  29.9  27.3   MM   MM    MM
2026 09 07 00 40  60  5.0  7.0    MM    MM    MM  MM 1014.0  29.5  29.9  27.1   MM   MM    MM
2026 09 07 00 30  60  5.0  6.0    MM    MM    MM  MM 1014.0  29.5  29.9  26.9   MM   MM    MM
2026 09 07 00 20  70  5.0  6.0   0.6     8   4.8  78 1013.8  29.5  29.9  26.8   MM   MM    MM
2026 09 07 00 10  70  4.0  5.0   0.6    MM   4.8  78 1013.7  29.4  29.9  26.9   MM   MM    MM
2026 09 07 00 00  70  4.0  5.0    MM    MM    MM  MM 1013.6  29.4  29.9  26.9   MM +1.6    MM
2026 09 06 23 50  80  4.0  5.0   0.6     8   4.7  82 1013.4  29.4  30.0  26.8   MM   MM    MM
2026 09 06 23 40  90  5.0  5.0    MM    MM    MM  MM 1013.4  29.5  30.0  26.8   MM   MM    MM
2026 09 06 23 20  90  4.0  5.0   0.6     8   4.6  86 1013.2  29.4  30.0  26.7   MM   MM    MM
2026 09 06 23 10  80  4.0  5.0   0.6    MM   4.6  86 1013.0  29.4  30.0  26.6   MM   MM    MM
2026 09 06 23 00  80  4.0  4.0    MM    MM    MM  MM 1013.0  29.4  30.0  26.5   MM +1.0    MM
2026 09 06 22 50  90  4.0  5.0   0.6     8   4.7  75 1013.0  29.4  30.0  26.7   MM   MM    MM
2026 09 06 22 40 100  4.0  5.0    MM    MM    MM  MM 1012.7  29.3  30.0  27.0   MM   MM    MM
2026 09 06 22 30 100  3.0  4.0    MM    MM    MM  MM 1012.6  29.3  30.1  26.9   MM   MM    MM
2026 09 06 22 20 100  3.0  4.0   0.6     8   4.6  75 1012.5  29.4  30.1  27.0   MM   MM    MM
2026 09 06 22 10  90  3.0  3.0   0.6    MM   4.6  75 1012.6  29.4  30.1  26.9   MM   MM    MM
2026 09 06 22 00 100  3.0  4.0    MM    MM    MM  MM 1012.6  29.5  30.1  26.6   MM -0.0    MM
2026 09 06 21 50  90  3.0  4.0   0.6     9   4.5  92 1012.5  29.5  30.1  26.7   MM   MM    MM
2026 09 06 21 40 100  3.0  3.0    MM    MM    MM  MM 1012.4  29.6  30.1  26.8   MM   MM    MM
2026 09 06 21 30  80  2.0  3.0    MM    MM    MM  MM 1012.3  29.6  30.1  26.9   MM   MM    MM
2026 09 06 21 20  80  2.0  3.0   0.7     8   4.5  85 1012.3  29.6  30.1  26.8   MM   MM    MM
2026 09 06 21 10  80  2.0  3.0   0.7    MM   4.5  85 1012.2  29.5  30.1  26.7   MM   MM    MM
2026 09 06 21 00  70  2.0  3.0    MM    MM    MM  MM 1012.2  29.5  30.1  26.7   MM -0.4    MM
2026 09 06 20 50  90  3.0  3.0   0.6     8   4.2  84 1012.2  29.5  30.1  26.6   MM   MM    MM
2026 09 06 20 40 100  3.0  3.0    MM    MM    MM  MM 1012.1  29.5  30.2  26.6   MM   MM    MM
2026 09 06 20 30 100  3.0  3.0    MM    MM    MM  MM 1012.1  29.5  30.2  26.5   MM   MM    MM
2026 09 06 20 20  90  2.0  3.0   0.7     4   4.2 109 1012.1  29.5  30.1  26.6   MM   MM    MM
2026 09 06 20 10  90  3.0  4.0   0.7    MM   4.2 109 1012.0  29.5  30.1  26.5   MM   MM    MM
2026 09 06 20 00 100  3.0  4.0    MM    MM    MM  MM 1012.1  29.5  30.1  26.4   MM -1.1    MM
2026 09 06 19 50 100  3.0  4.0   0.7     8   4.2  78 1012.0  29.5  30.1  26.5   MM   MM    MM
2026 09 06 19 40  90  3.0  4.0   0.7    MM   4.2  78 1012.0  29.4  30.1  26.2   MM   MM    MM
2026 09 06 19 30  80  3.0  4.0    MM    MM    MM  MM 1012.1  29.4  30.2  26.4   MM   MM    MM
2026 09 06 19 20  90  3.0  4.0   0.7     4   4.2 114 1012.2  29.4  30.2  26.4   MM   MM    MM
2026 09 06 19 10  90  3.0  4.0   0.7    MM   4.2 114 1012.3  29.4  30.1  26.4   MM   MM    MM
2026 09 06 19 00  90  3.0  4.0    MM    MM    MM  MM 1012.4  29.4  30.1  26.5   MM -1.3    MM
2026 09 06 18 50  80  4.0  4.0   0.7     5   4.1 101 1012.5  29.4  30.1  26.5   MM   MM    MM
2026 09 06 18 40 100  4.0  5.0    MM    MM    MM  MM 1012.4  29.4  30.0  26.4   MM   MM    MM
2026 09 06 18 30  90  4.0  4.0    MM    MM    MM  MM 1012.4  29.4  30.0  26.5   MM   MM    MM
2026 09 06 18 20 100  4.0  4.0   0.7     9   4.2  91 1012.4  29.4  30.0  26.7   MM   MM    MM
2026 09 06 18 10 120  5.0  5.0   0.7    MM   4.2  91 1012.5  29.4  30.0  26.4   MM   MM    MM
2026 09 06 18 00 120  5.0  6.0    MM    MM    MM  MM 1012.6  29.4  30.0  26.3   MM -1.9    MM
2026 09 06 17 50 120  5.0  6.0   0.7     8   4.3  91 1012.7  29.5  30.0  26.4   MM   MM    MM
2026 09 06 17 40 120  5.0  6.0    MM    MM    MM  MM 1012.8    MM    MM    MM   MM   MM    MM
2026 09 06 17 30 120  5.0  6.0    MM    MM    MM  MM 1012.9  29.4  29.9  26.4   MM   MM    MM
2026 09 06 17 20 120  5.0  6.0   0.7     4   4.1 117 1012.9  29.4  30.0  26.4   MM   MM    MM
2026 09 06 17 10 120  5.0  7.0   0.7    MM   4.1 117 1013.0  29.4  29.9  26.5   MM   MM    MM
2026 09 06 17 00 130  5.0  6.0    MM    MM    MM  MM 1013.2  29.4  29.9  26.4   MM -1.3    MM
2026 09 06 16 50 130  5.0  6.0   0.7     4   4.1 111 1013.2  29.3  29.9  26.7   MM   MM    MM
2026 09 06 16 40 130  5.0  7.0    MM    MM    MM  MM 1013.3  29.3  29.9  26.7   MM   MM    MM
2026 09 06 16 30 130  5.0  6.0    MM    MM    MM  MM 1013.3  29.3  29.9  26.7   MM   MM    MM
2026 09 06 16 20 120  5.0  6.0   0.7     9   4.3  97 1013.4  29.3  29.9  27.0   MM   MM    MM
2026 09 06 16 10 120  5.0  6.0   0.7    MM   4.3  97 1013.7  29.3  29.9  26.7   MM   MM    MM
2026 09 06 16 00 120  5.0  6.0    MM    MM    MM  MM 1013.7  29.3  29.9  26.6   MM +0.0    MM
2026 09 06 15 50 120  5.0  6.0   0.7     4   4.3  95 1013.9  29.3  29.9  26.9   MM   MM    MM
2026 09 06 15 40 120  5.0  6.0    MM    MM    MM  MM 1013.9  29.3  29.9  27.0   MM   MM    MM
2026 09 06 15 30 120  5.0  6.0    MM    MM    MM  MM 1014.1  29.2  29.9  26.8   MM   MM    MM
2026 09 06 15 20 120  5.0  6.0   0.7     8   4.4 102 1014.2  29.3  29.8  26.8   MM   MM    MM
2026 09 06 15 10 110  5.0  6.0   0.7    MM   4.4 102 1014.4  29.2  29.8  26.5   MM   MM    MM
2026 09 06 15 00 110  5.0  6.0    MM    MM    MM  MM 1014.4  29.3  29.8  26.6   MM +1.1    MM
2026 09 06 14 50 110  5.0  6.0   0.7     5   4.4 100 1014.5  29.3  29.8  26.6   MM   MM    MM
2026 09 06 14 40 120  5.0  6.0    MM    MM    MM  MM 1014.5  29.3    MM  26.7   MM   MM    MM
2026 09 06 14 30 120  4.0  5.0    MM    MM    MM  MM 1014.5  29.2  29.8  26.8   MM   MM    MM
2026 09 06 14 20 120  4.0  5.0   0.7     4   4.3  99 1014.5  29.2  29.8  26.9   MM   MM    MM
2026 09 06 14 10 110  4.0  5.0   0.7    MM   4.3  99 1014.5  29.2  29.7  26.8   MM   MM    MM
2026 09 06 14 00 120  4.0  5.0    MM    MM    MM  MM 1014.5  29.2  29.7  26.9   MM +1.5    MM
2026 09 06 13 50 120  4.0  4.0   0.7     4   4.2  98 1014.4  29.1  29.7  26.8   MM   MM    MM
2026 09 06 13 40 120  3.0  4.0   0.7    MM   4.2  98 1014.2  29.0  29.7  26.9   MM   MM    MM
2026 09 06 13 30 110  4.0  5.0    MM    MM    MM  MM 1014.2  29.0  29.7  26.8   MM   MM    MM
2026 09 06 13 20  90  4.0  6.0   0.7     5   4.2  83 1014.0  28.9  29.7  26.8   MM   MM    MM
2026 09 06 13 10  90  5.0  6.0   0.7    MM   4.2  83 1014.0  28.9  29.6  26.9   MM   MM    MM
2026 09 06 13 00  80  6.0  6.0    MM    MM    MM  MM 1013.8  29.0  29.6  26.8   MM +1.3    MM
2026 09 06 12 50  80  6.0  7.0   0.7     9   4.3  80 1013.8  28.9  29.6  26.7   MM   MM    MM
2026 09 06 12 40  80  6.0  6.0    MM    MM    MM  MM 1013.7  29.0  29.6  26.8   MM   MM    MM
2026 09 06 12 30  80  5.0  6.0    MM    MM    MM  MM 1013.7  29.0  29.6  26.7   MM   MM    MM
2026 09 06 12 20  90  5.0  6.0   0.7     8   4.4 100 1013.6  29.0  29.6  26.7   MM   MM    MM
2026 09 06 12 10  90  5.0  6.0   0.7    MM   4.4 100 1013.4  29.2  29.6  26.9   MM   MM    MM
2026 09 06 12 00  90  5.0  6.0    MM    MM    MM  MM 1013.4  29.2  29.6  26.8   MM +1.5    MM
2026 09 06 11 50  80  5.0  6.0   0.7     8   4.3  91 1013.4  29.1  29.6  26.8   MM   MM    MM
2026 09 06 11 40  80  5.0  6.0    MM    MM    MM  MM 1013.4  29.1  29.6  26.8   MM   MM    MM
2026 09 06 11 30  80  5.0  6.0    MM    MM    MM  MM 1013.3  29.0  29.6  26.7   MM   MM    MM
2026 09 06 11 20  80  5.0  6.0   0.7     9   4.3 103 1013.2  29.0  29.6  26.7   MM   MM    MM
2026 09 06 11 10  90  5.0  6.0    MM    MM    MM  MM 1013.1  29.0  29.6  26.8   MM   MM    MM
2026 09 06 11 00  90  5.0  6.0    MM    MM    MM  MM 1012.9  29.0  29.6  26.9   MM +1.4    MM
2026 09 06 10 50  90  5.0  5.0   0.7     8   4.2  87 1012.9  29.0  29.6  26.8   MM   MM    MM
2026 09 06 10 40  90  5.0  5.0    MM    MM    MM  MM 1012.6  28.9  29.6  26.7   MM   MM    MM
2026 09 06 10 30  90  4.0  5.0    MM    MM    MM  MM 1012.5  28.8  29.6  26.6   MM   MM    MM
2026 09 06 10 20  90  5.0  6.0   0.7     4   4.2 107 1012.4  28.8  29.6  26.6   MM   MM    MM
2026 09 06 10 10  80  5.0  6.0   0.7    MM   4.2 107 1012.4  28.8  29.6  26.6   MM   MM    MM
2026 09 06 10 00  80  5.0  5.0    MM    MM    MM  MM 1012.3  28.8  29.6  26.3   MM +0.8    MM
2026 09 06 09 50  70  5.0  6.0   0.7     4   4.2  91 1012.2  28.8  29.6  26.7   MM   MM    MM
2026 09 06 09 40  70  5.0  6.0    MM    MM    MM  MM 1012.2  28.8  29.6  26.6   MM   MM    MM
2026 09 06 09 30  90  5.0  6.0    MM    MM    MM  MM 1012.1  28.8  29.6  26.5   MM   MM    MM
2026 09 06 09 20  80  5.0  6.0   0.8     5   4.2  86 1012.1  28.8  29.6  26.7   MM   MM    MM
2026 09 06 09 10  80  5.0  7.0    MM    MM    MM  MM 1011.9  28.8  29.6  26.8   MM   MM    MM
2026 09 06 09 00  90  5.0  6.0    MM    MM    MM  MM 1011.8  28.8  29.6  26.7   MM -0.0    MM
2026 09 06 08 50  80  5.0  6.0   0.7     5   4.2  78 1011.8  28.8  29.6  26.8   MM   MM    MM
2026 09 06 08 40  90  5.0  6.0    MM    MM    MM  MM 1011.7  28.8  29.6  26.8   MM   MM    MM
2026 09 06 08 30  80  5.0  6.0    MM    MM    MM  MM 1011.7  28.8  29.6  26.8   MM   MM    MM
2026 09 06 08 20  90  5.0  6.0   0.8     5   4.3 101 1011.6  28.8  29.6  26.6   MM   MM    MM
2026 09 06 08 10  90  5.0  6.0   0.8    MM   4.3 101 1011.6  28.8  29.6  26.6   MM   MM    MM
2026 09 06 08 00  90  5.0  6.0    MM    MM    MM  MM 1011.6  28.9  29.6  26.9   MM -1.1    MM
2026 09 06 07 50  90  5.0  6.0   0.9     4   4.2  96 1011.6  28.9  29.6  26.7   MM   MM    MM
2026 09 06 07 40  80  5.0  6.0    MM    MM    MM  MM 1011.6  28.9  29.6  26.7   MM   MM    MM
2026 09 06 07 30  80  5.0  6.0    MM    MM    MM  MM 1011.8  28.8  29.6  26.8   MM   MM    MM
2026 09 06 07 20  80  5.0  6.0   0.9     4   4.2  82 1011.7  28.8  29.6  26.9   MM   MM    MM
2026 09 06 07 10  80  6.0  7.0   0.9    MM   4.2  82 1011.6  28.8  29.6  27.0   MM   MM    MM
2026 09 06 07 00  80  6.0  7.0    MM    MM    MM  MM 1011.6  28.9  29.6  27.0   MM -1.7    MM
2026 09 06 06 50  80  6.0  7.0   0.9     4   4.3  89 1011.8  28.8  29.6  26.9   MM   MM    MM
2026 09 06 06 40  80  6.0  6.0    MM    MM    MM  MM 1011.8  28.9  29.6  27.2   MM   MM    MM
2026 09 06 06 30  80  6.0  7.0    MM    MM    MM  MM 1011.7    MM    MM    MM   MM   MM    MM
2026 09 06 06 20  80  6.0  7.0   0.9     4   4.3  85 1011.8  28.9  29.6  27.1   MM   MM    MM
2026 09 06 06 10  80  6.0  7.0   0.9    MM   4.3  85 1011.8  28.9  29.6  26.9   MM   MM    MM
2026 09 06 06 00  80  6.0  7.0    MM    MM    MM  MM 1012.0  28.9  29.6  26.9   MM -1.7    MM
2026 09 06 05 50  90  6.0  8.0   1.0     5   4.3  89 1012.1  28.9  29.6  27.0   MM   MM    MM
2026 09 06 05 40  90  6.0  7.0    MM    MM    MM  MM 1012.4  29.0  29.6  27.2   MM   MM    MM
2026 09 06 05 30  90  7.0  8.0    MM    MM    MM  MM 1012.5    MM    MM    MM   MM   MM    MM
2026 09 06 05 20  90  7.0  8.0   1.0     5   4.5  81 1012.6  29.0  29.6  27.0   MM   MM    MM
2026 09 06 05 10  90  7.0  8.0   1.0    MM   4.5  81 1012.7    MM    MM    MM   MM   MM    MM
2026 09 06 05 00  90  7.0  8.0    MM    MM    MM  MM 1012.7  29.0  29.6  27.4   MM -1.4    MM
2026 09 06 04 50  90  6.0  8.0   1.1     5   4.3  95 1012.8  28.9  29.6  27.4   MM   MM    MM
2026 09 06 04 40 100  6.0  7.0    MM    MM    MM  MM 1012.9  28.8  29.6  27.2   MM   MM    MM
2026 09 06 04 30  90  7.0  8.0    MM    MM    MM  MM 1012.9  29.0  29.6  27.4   MM   MM    MM
2026 09 06 04 20  80  7.0  8.0   1.0     5   4.3  86 1013.0  29.1  29.6  27.3   MM   MM    MM
2026 09 06 04 10  80  7.0  8.0   1.0    MM   4.3  86 1013.2  29.1  29.6  27.4   MM   MM    MM
2026 09 06 04 00  90  7.0  8.0    MM    MM    MM  MM 1013.4  29.1  29.6  27.4   MM -0.4    MM
2026 09 06 03 50  90  7.0  8.0   1.0     8   4.3  81 1013.4  29.1  29.6  27.4   MM   MM    MM
2026 09 06 03 40  80  7.0  8.0    MM    MM    MM  MM 1013.4  29.1  29.6  27.3   MM   MM    MM
2026 09 06 03 30  80  7.0  8.0    MM    MM    MM  MM 1013.7  29.1  29.7  27.3   MM   MM    MM
2026 09 06 03 20  80  7.0  8.0   0.9     8   4.5  93 1013.7  29.2  29.7  27.3   MM   MM    MM
2026 09 06 03 10  80  8.0  9.0    MM    MM    MM  MM 1013.4  29.2  29.7  27.2   MM   MM    MM
2026 09 06 03 00  80  7.0  8.0    MM    MM    MM  MM 1013.6  29.2  29.7  27.2   MM +0.4    MM
2026 09 06 02 50  80  7.0  8.0   0.8     8   4.6  83 1013.7  29.2  29.7  27.4   MM   MM    MM
2026 09 06 02 40  80  7.0  8.0    MM    MM    MM  MM 1013.9  29.2  29.7  27.3   MM   MM    MM
2026 09 06 02 30  90  7.0  8.0    MM    MM    MM  MM 1013.9  29.2  29.7  27.2   MM   MM    MM
2026 09 06 02 20 110  5.0  7.0   0.8     8   4.8  84 1014.0  28.6  29.7  26.9   MM   MM    MM
2026 09 06 02 10 110  5.0  9.0   0.8    MM   4.8  84 1013.9  28.6  29.6  26.9   MM   MM    MM
2026 09 06 02 00  90  5.0  8.0    MM    MM    MM  MM 1013.9  28.9  29.7  26.9   MM +1.2    MM
2026 09 06 01 50 100  4.0  6.0   0.8     8   5.1  86 1014.0  28.5  29.7  27.2   MM   MM    MM
2026 09 06 01 40  80  3.0  6.0    MM    MM    MM  MM 1014.0  28.1  29.7  27.1   MM   MM    MM
2026 09 06 01 30 100  3.0  5.0    MM    MM    MM  MM 1013.9  28.4  29.7  27.0   MM   MM    MM
2026 09 06 01 20  90  4.0  7.0   0.8     7   5.3  74 1014.0  28.9  29.7  27.3   MM   MM    MM
2026 09 06 01 10  90  3.0  4.0   0.8    MM   5.3  74 1013.7  29.0  29.7  27.3   MM   MM    MM
2026 09 06 01 00 100  3.0  4.0    MM    MM    MM  MM 1013.7  28.9  29.7  27.2   MM +1.2    MM
2026 09 06 00 50 100  4.0  5.0   0.8     8   5.3  75 1013.5  28.9  29.7  27.0   MM   MM    MM
2026 09 06 00 40 110  5.0  6.0    MM    MM    MM  MM 1013.2  28.8  29.7  27.1   MM   MM    MM
2026 09 06 00 30  90  4.0  6.0    MM    MM    MM  MM 1013.2  29.1  29.7  27.1   MM   MM    MM
2026 09 06 00 20  80  4.0  5.0   0.8     8   5.3  70 1013.2  29.1  29.7  27.0   MM   MM    MM
2026 09 06 00 10  70  4.0  5.0   0.8    MM   5.3  70 1013.2  29.1  29.7  27.1   MM   MM    MM
2026 09 06 00 00  60  4.0  6.0    MM    MM    MM  MM 1013.2  29.2  29.7  27.1   MM +0.9    MM
2026 09 05 23 50  70  5.0  6.0   0.8     8   5.4  73 1013.1  29.2  29.7  26.7   MM   MM    MM
2026 09 05 23 40  70  4.0  5.0    MM    MM    MM  MM 1013.1  29.2  29.7  27.0   MM   MM    MM
2026 09 05 23 10  80  4.0  4.0   0.8    MM   5.3  75 1012.8  29.2  29.7  26.6   MM   MM    MM
2026 09 05 23 00  80  4.0  5.0    MM    MM    MM  MM 1012.8  29.2  29.7  26.6   MM +0.8    MM
2026 09 05 22 50  80  4.0  5.0   0.7     8   5.0  75 1012.8  29.2  29.8  26.7   MM   MM    MM
2026 09 05 22 40  80  4.0  4.0    MM    MM    MM  MM 1012.7  29.2  29.8  26.7   MM   MM    MM
2026 09 05 22 30  70  4.0  5.0    MM    MM    MM  MM 1012.6  29.2  29.8  26.7   MM   MM    MM
2026 09 05 22 20  80  4.0  4.0   0.8     8   5.1  72 1012.6  29.3  29.8  26.8   MM   MM    MM
2026 09 05 22 10  80  4.0  5.0   0.8    MM   5.1  72 1012.6  29.3  29.8  26.6   MM   MM    MM
2026 09 05 22 00  70  4.0  5.0    MM    MM    MM  MM 1012.5  29.3  29.8  26.4   MM +0.6    MM
2026 09 05 21 50  80  4.0  5.0   0.7     8   4.9  70 1012.5  29.3  29.8  26.5   MM   MM    MM
2026 09 05 21 40  80  4.0  5.0    MM    MM    MM  MM 1012.4  29.3  29.8  26.5   MM   MM    MM
2026 09 05 21 30  90  4.0  5.0    MM    MM    MM  MM 1012.4  29.4  29.9  26.3   MM   MM    MM
2026 09 05 21 20  90  4.0  5.0   0.7     8   4.8  76 1012.3  29.4  29.9  26.3   MM   MM    MM
2026 09 05 21 10  80  4.0  5.0    MM    MM    MM  MM 1012.3  29.4  29.9  26.5   MM   MM    MM
2026 09 05 21 00  90  3.0  4.0    MM    MM    MM  MM 1012.3  29.4  29.9  26.4   MM -0.0    MM
2026 09 05 20 50  80  4.0  5.0   0.7     8   4.8  80 1012.3  29.4  29.9  26.4   MM   MM    MM
2026 09 05 20 40  80  4.0  5.0    MM    MM    MM  MM 1012.3  29.4  29.9  26.4   MM   MM    MM
2026 09 05 20 30  70  4.0  5.0    MM    MM    MM  MM 1012.2  29.4  29.9  26.4   MM   MM    MM
2026 09 05 20 20  80  4.0  5.0   0.7     8   4.8  72 1012.1  29.4  30.0  26.4   MM   MM    MM
2026 09 05 20 10  80  4.0  5.0    MM    MM    MM  MM 1012.0  29.4  29.9  26.6   MM   MM    MM
2026 09 05 20 00  80  4.0  5.0    MM    MM    MM  MM 1012.0  29.4  29.9  26.4   MM -1.1    MM
2026 09 05 19 50  70  4.0  5.0   0.8     7   4.7  66 1012.0  29.3    MM  26.4   MM   MM    MM
2026 09 05 19 40  80  4.0  5.0   0.8    MM   4.7  66 1011.9  29.3  29.9  26.6   MM   MM    MM
2026 09 05 19 30  70  4.0  5.0    MM    MM    MM  MM 1011.9  29.3  29.9  26.7   MM   MM    MM
2026 09 05 19 20  70  4.0  5.0   0.7     8   4.7  86 1011.8  29.3  29.9  26.7   MM   MM    MM
2026 09 05 19 10  70  4.0  4.0   0.7    MM   4.7  86 1011.9  29.3  30.0  26.4   MM   MM    MM
2026 09 05 19 00  70  3.0  4.0    MM    MM    MM  MM 1011.9  29.3  30.0  26.3   MM -1.7    MM
2026 09 05 18 50  60  3.0  4.0   0.7     8   4.8  77 1011.9  29.3  30.0  26.3   MM   MM    MM
2026 09 05 18 40  70  3.0  4.0    MM    MM    MM  MM 1012.1    MM    MM    MM   MM   MM    MM
2026 09 05 18 30  80  3.0  4.0    MM    MM    MM  MM 1012.0  29.5  30.0  26.2   MM   MM    MM
2026 09 05 18 20  80  3.0  3.0   0.7     8   4.6  73 1012.1  29.4  30.0  26.0   MM   MM    MM
2026 09 05 18 10  90  3.0  4.0   0.7    MM   4.6  73 1012.1  29.4  29.9  26.1   MM   MM    MM
2026 09 05 18 00  90  3.0  4.0    MM    MM    MM  MM 1012.3  29.3  29.9  26.0   MM -2.0    MM
2026 09 05 17 50 100  3.0  4.0   0.7     8   4.5  79 1012.3  29.4  29.9  26.1   MM   MM    MM
2026 09 05 17 40  90  3.0  4.0   0.7    MM   4.5  79 1012.5  29.4  29.9  26.2   MM   MM    MM
2026 09 05 17 30  90  4.0  5.0    MM    MM    MM  MM 1012.6  29.4  29.9  26.0   MM   MM    MM
2026 09 05 17 20 100  4.0  5.0   0.8     8   4.4  70 1012.8  29.3  29.9  26.3   MM   MM    MM
2026 09 05 17 10 100  4.0  5.0   0.8    MM   4.4  70 1013.0  29.3  29.8  26.3   MM   MM    MM
2026 09 05 17 00 110  4.0  5.0    MM    MM    MM  MM 1013.2  29.3  29.8  26.3   MM -1.2    MM
2026 09 05 16 50 110  4.0  5.0   0.8     8   4.5  70 1013.2  29.2  29.8  26.4   MM   MM    MM
2026 09 05 16 40 100  4.0  5.0    MM    MM    MM  MM 1013.3  29.2  29.8  26.3   MM   MM    MM
2026 09 05 16 30 100  4.0  5.0    MM    MM    MM  MM 1013.3  29.2  29.8  26.4   MM   MM    MM
2026 09 05 16 20 100  4.0  5.0   0.8     5   4.3  99 1013.4  29.2  29.8  26.2   MM   MM    MM
2026 09 05 16 10 110  4.0  5.0   0.8    MM   4.3  99 1013.5  29.3  29.7  26.3   MM   MM    MM
2026 09 05 16 00 100  4.0  5.0    MM    MM    MM  MM 1013.7  29.2  29.7  26.3   MM -0.6    MM
2026 09 05 15 50  90  4.0  4.0   0.7     7   4.3  72 1013.8  29.2  29.7  26.4   MM   MM    MM
2026 09 05 15 40  90  4.0  5.0    MM    MM    MM  MM 1014.0  29.2  29.7  26.6   MM   MM    MM
2026 09 05 15 30 100  4.0  5.0    MM    MM    MM  MM 1014.1  29.1  29.7  26.5   MM   MM    MM
2026 09 05 15 20 100  4.0  5.0   0.7     4   4.3 109 1014.3  29.2  29.6  26.8   MM   MM    MM
2026 09 05 15 10 100  4.0  5.0   0.7    MM   4.3 109 1014.3  29.2  29.6  26.4   MM   MM    MM
2026 09 05 15 00 100  4.0  5.0    MM    MM    MM  MM 1014.3  29.2  29.6  26.4   MM +0.4    MM
2026 09 05 14 50 100  4.0  5.0   0.8     4   4.3 102 1014.5  29.2  29.6  26.5   MM   MM    MM
2026 09 05 14 40 100  4.0  4.0    MM    MM    MM  MM 1014.6  29.2  29.5  26.4   MM   MM    MM
2026 09 05 14 30 100  4.0  5.0    MM    MM    MM  MM 1014.6  29.1  29.5  26.6   MM   MM    MM
2026 09 05 14 20  90  4.0  5.0   0.7     4   4.3 106 1014.5  29.1  29.5  26.6   MM   MM    MM
2026 09 05 14 10  90  4.0  5.0   0.7    MM   4.3 106 1014.5  29.1  29.5  26.7   MM   MM    MM
2026 09 05 14 00  80  5.0  5.0    MM    MM    MM  MM 1014.3  29.1  29.5  26.6   MM +1.0    MM
2026 09 05 13 50  90  5.0  6.0   0.7     4   4.3 110 1014.4  29.1  29.5  26.6   MM   MM    MM
2026 09 05 13 40  90  5.0  6.0   0.7    MM   4.3 110 1014.5  29.1  29.5  26.6   MM   MM    MM
2026 09 05 13 30  90  5.0  6.0    MM    MM    MM  MM 1014.5  29.1  29.5  26.9   MM   MM    MM
2026 09 05 13 20  80  5.0  6.0   0.7     4   4.2  97 1014.3  29.1  29.5  26.8   MM   MM    MM
2026 09 05 13 10  80  5.0  6.0   0.7    MM   4.2  97 1014.3  29.1  29.5  26.7   MM   MM    MM
2026 09 05 13 00  90  5.0  6.0    MM    MM    MM  MM 1014.3  29.1  29.5  26.8   MM +1.6    MM
2026 09 05 12 50  90  5.0  6.0   0.7     8   4.4  77 1014.3  29.1  29.5  26.8   MM   MM    MM
2026 09 05 12 40  90  5.0  6.0   0.7    MM   4.4  77 1014.3  29.1  29.5  26.6   MM   MM    MM
2026 09 05 12 30  90  5.0  6.0    MM    MM    MM  MM 1014.2  29.1  29.5  26.6   MM   MM    MM
2026 09 05 12 20  90  5.0  6.0   0.7     4   4.3 110 1014.1  29.1  29.5  26.6   MM   MM    MM
2026 09 05 12 10  80  5.0  6.0   0.7    MM   4.3 110 1014.0  29.1  29.5  26.6   MM   MM    MM
2026 09 05 12 00  80  5.0  6.0    MM    MM    MM  MM 1014.0  29.2  29.5  26.6   MM +1.5    MM
2026 09 05 11 50  90  4.0  5.0   0.7     8   4.5  79 1013.9  29.2  29.5  26.7   MM   MM    MM
2026 09 05 11 40  80  5.0  5.0    MM    MM    MM  MM 1013.6  29.2  29.5  26.4   MM   MM    MM
2026 09 05 11 30  80  4.0  5.0    MM    MM    MM  MM 1013.6  29.2  29.5  26.6   MM   MM    MM
2026 09 05 11 20  90  4.0  5.0   0.7     8   4.3  74 1013.6  29.1  29.5  26.6   MM   MM    MM
2026 09 05 11 10  90  4.0  5.0   0.7    MM   4.3  74 1013.5  28.9  29.5  26.6   MM   MM    MM
2026 09 05 11 00  80  4.0  5.0    MM    MM    MM  MM 1013.4  28.9  29.5  26.6   MM +1.1    MM
2026 09 05 10 50  90  4.0  5.0   0.7     4   4.2 100 1013.2  28.9  29.5  26.5   MM   MM    MM
2026 09 05 10 40  90  4.0  5.0    MM    MM    MM  MM 1013.2  28.9  29.5  26.5   MM   MM    MM
2026 09 05 10 30  90  4.0  5.0    MM    MM    MM  MM 1013.1  28.8  29.5  26.4   MM   MM    MM
2026 09 05 10 20  90  4.0  5.0   0.7     4   4.2  98 1013.1  28.8  29.5  26.4   MM   MM    MM
2026 09 05 10 10  80  4.0  5.0   0.7    MM   4.2  98 1012.8  28.8  29.5  26.5   MM   MM    MM
2026 09 05 10 00  80  4.0  5.0    MM    MM    MM  MM 1012.6  28.8  29.5  26.4   MM +0.0    MM
2026 09 05 09 50  80  4.0  5.0   0.7     4   4.1  87 1012.6  28.8  29.5  26.6   MM   MM    MM
2026 09 05 09 40  90  5.0  6.0    MM    MM    MM  MM 1012.7  28.8  29.4  26.6   MM   MM    MM
2026 09 05 09 30  80  5.0  6.0    MM    MM    MM  MM 1012.6  28.7  29.4  26.6   MM   MM    MM
2026 09 05 09 20  80  5.0  6.0   0.7     5   4.0  81 1012.5  28.7  29.4  26.6   MM   MM    MM
2026 09 05 09 10  80  6.0  7.0   0.7    MM   4.0  81 1012.4  28.7  29.4  26.6   MM   MM    MM
2026 09 05 09 00  80  5.0  7.0    MM    MM    MM  MM 1012.4  28.7  29.4  26.6   MM -0.6    MM
2026 09 05 08 50  80  5.0  6.0   0.7     8   4.1  81 1012.4  28.8  29.4  26.8   MM   MM    MM
2026 09 05 08 40  80  5.0  6.0    MM    MM    MM  MM 1012.3  28.8  29.4  26.5   MM   MM    MM
2026 09 05 08 30  80  5.0  6.0    MM    MM    MM  MM 1012.3  28.7  29.4  26.4   MM   MM    MM
2026 09 05 08 20  80  5.0  6.0   0.7     5   4.0  86 1012.2  28.8  29.4  26.6   MM   MM    MM
2026 09 05 08 10  80  5.0  6.0    MM    MM    MM  MM 1012.3  28.7  29.4  26.6   MM   MM    MM
2026 09 05 08 00  80  5.0  6.0    MM    MM    MM  MM 1012.2  28.7  29.4  26.7   MM -1.2    MM
2026 09 05 07 50  80  5.0  6.0   0.8     4   4.0  75 1012.3  28.7  29.4  26.7   MM   MM    MM
2026 09 05 07 40  80  5.0  6.0   0.8    MM   4.0  75 1012.3  28.8  29.4  26.8   MM   MM    MM
2026 09 05 07 30  80  5.0  6.0    MM    MM    MM  MM 1012.3  28.7  29.4  26.5   MM   MM    MM
2026 09 05 07 20  90  6.0  7.0   0.8     5   4.1  82 1012.3  28.7  29.4  26.5   MM   MM    MM
2026 09 05 07 10  80  6.0  7.0   0.8    MM   4.1  82 1012.3  28.8  29.5  26.6   MM   MM    MM
2026 09 05 07 00  90  5.0  6.0    MM    MM    MM  MM 1012.4  28.8    MM  26.5   MM -1.4    MM
2026 09 05 06 50  80  5.0  6.0   0.8     5   4.2  80 1012.6  28.8  29.5  26.7   MM   MM    MM
2026 09 05 06 40  80  5.0  6.0    MM    MM    MM  MM 1012.6  28.8  29.5  26.6   MM   MM    MM
2026 09 05 06 30  80  5.0  6.0    MM    MM    MM  MM 1012.9  28.7  29.5  26.6   MM   MM    MM
2026 09 05 06 20 100  4.0  6.0   0.8     5   4.2  75 1012.9  28.2  29.5  26.6   MM   MM    MM
2026 09 05 06 10 140  3.0  4.0    MM    MM    MM  MM 1013.0  27.7  29.5  26.4   MM   MM    MM
2026 09 05 06 00 130  5.0  6.0    MM    MM    MM  MM 1013.1  27.6  29.5  26.5   MM -1.3    MM
2026 09 05 05 50 110  4.0  6.0   0.9     5   4.1  76 1013.2  27.6  29.6  26.6   MM   MM    MM
2026 09 05 05 40  80  5.0 12.0    MM    MM    MM  MM 1013.4  27.6    MM  26.2   MM   MM    MM
2026 09 05 05 30  40  6.0  8.0    MM    MM    MM  MM 1013.3  28.0  29.6  26.4   MM   MM    MM
2026 09 05 05 20  50  6.0  8.0   0.9     5   4.1  78 1013.3  28.1  29.6  26.8   MM   MM    MM
2026 09 05 05 10  60  6.0  8.0   0.9    MM   4.1  78 1013.3  28.4  29.6  26.7   MM   MM    MM
2026 09 05 05 00  90  5.0  7.0    MM    MM    MM  MM 1013.4  28.8  29.6  27.0   MM -1.0    MM
2026 09 05 04 50 100  6.0  8.0   0.9     4   4.0  75 1013.4  28.7  29.6  26.7   MM   MM    MM
2026 09 05 04 40  70  7.0  8.0   0.9    MM   4.0  75 1013.5  29.0  29.6  27.2   MM   MM    MM
2026 09 05 04 30  70  7.0  8.0    MM    MM    MM  MM 1013.6  29.0  29.6  27.3   MM   MM    MM
2026 09 05 04 20  70  6.0  8.0   0.8     8   4.0  96 1013.7  29.0  29.6  27.3   MM   MM    MM
2026 09 05 04 10  70  7.0  8.0   0.8    MM   4.0  96 1013.8  29.0  29.6  27.3   MM   MM    MM
2026 09 05 04 00  70  7.0  8.0    MM    MM    MM  MM 1013.8  29.0  29.6  27.4   MM -0.6    MM
2026 09 05 03 50  70  7.0  8.0   0.8     4   4.1  95 1014.0  29.0  29.6  27.3   MM   MM    MM
2026 09 05 03 40  80  7.0  8.0   0.8    MM   4.1  95 1014.0  29.0  29.6  27.3   MM   MM    MM
2026 09 05 03 30  80  7.0  8.0    MM    MM    MM  MM 1014.2  29.0  29.6  27.4   MM   MM    MM
2026 09 05 03 20  80  6.0  8.0   0.7     4   4.0  85 1014.2  29.0  29.6  27.3   MM   MM    MM
2026 09 05 03 10  80  7.0  8.0   0.7    MM   4.0  85 1014.3  29.0  29.6  27.3   MM   MM    MM
2026 09 05 03 00  80  6.0  8.0    MM    MM    MM  MM 1014.4  29.1  29.5  27.3   MM +0.5    MM
2026 09 05 02 50  80  6.0  8.0   0.7     8   4.0  83 1014.5  29.1  29.6  27.2   MM   MM    MM
2026 09 05 02 40  80  7.0  8.0    MM    MM    MM  MM 1014.5  29.1  29.6  27.1   MM   MM    MM
2026 09 05 02 30  80  7.0  8.0    MM    MM    MM  MM 1014.5  29.1  29.6  27.0   MM   MM    MM
2026 09 05 02 20  80  7.0  8.0   0.7     4   4.1 107 1014.5  29.1  29.6  27.0   MM   MM    MM
2026 09 05 02 10  80  7.0  8.0    MM    MM    MM  MM 1014.4  29.1  29.6  27.1   MM   MM    MM
2026 09 05 02 00  70  7.0  8.0    MM    MM    MM  MM 1014.4  29.2  29.6  27.2   MM +0.9    MM
2026 09 05 01 50  80  6.0  8.0   0.7     8   4.2 107 1014.5  29.2  29.6  27.1   MM   MM    MM
2026 09 05 01 40  80  6.0  7.0    MM    MM    MM  MM 1014.6  29.2  29.6  27.0   MM   MM    MM
2026 09 05 01 30  80  7.0  8.0    MM    MM    MM  MM 1014.5  29.3  29.6  27.1   MM   MM    MM
2026 09 05 01 20  80  7.0  8.0   0.7     8   4.4  87 1014.5  29.2  29.6  26.9   MM   MM    MM
2026 09 05 01 10  70  6.0  7.0   0.7    MM   4.4  87 1014.4  29.2  29.6  27.2   MM   MM    MM
2026 09 05 01 00  70  6.0  7.0    MM    MM    MM  MM 1014.4  29.2  29.6  27.1   MM +1.3    MM
2026 09 05 00 50  60  5.0  7.0   0.6     9   4.3  64 1014.5  29.2  29.6  27.3   MM   MM    MM
2026 09 05 00 40  60  5.0  6.0   0.6    MM   4.3  64 1014.3  29.1  29.6  27.1   MM   MM    MM
2026 09 05 00 30  70  6.0  7.0    MM    MM    MM  MM 1014.2  29.1  29.5  27.0   MM   MM    MM
2026 09 05 00 20  70  6.0  7.0   0.7     8   4.4  86 1014.0  29.1  29.6  27.0   MM   MM    MM
2026 09 05 00 10  70  6.0  7.0   0.7    MM   4.4  86 1013.9  29.1  29.6  27.0   MM   MM    MM
2026 09 05 00 00  60  5.0  7.0    MM    MM    MM  MM 1013.9  29.0  29.6  27.0   MM +0.9    MM
2026 09 04 23 50  50  5.0  6.0   0.6     8   4.7  74 1013.7  29.1  29.6  26.9   MM   MM    MM
2026 09 04 23 40  50  5.0  6.0   0.6    MM   4.7  74 1013.6  29.1  29.6  26.9   MM   MM    MM
2026 09 04 23 10  60  5.0  6.0   0.7    MM   4.8  94 1013.5  29.1  29.6  26.7   MM   MM    MM
2026 09 04 23 00  60  5.0  6.0    MM    MM    MM  MM 1013.5  29.1  29.6  26.6   MM +0.7    MM
2026 09 04 22 50  60  5.0  6.0   0.7     8   4.7  86 1013.4  29.1  29.6  26.7   MM   MM    MM
2026 09 04 22 40  70  5.0  6.0   0.7    MM   4.7  86 1013.2  29.1  29.6  26.6   MM   MM    MM
2026 09 04 22 30  70  5.0  5.0    MM    MM    MM  MM 1013.2  29.1  29.6  26.6   MM   MM    MM
2026 09 04 22 20  70  5.0  6.0   0.6     8   4.5  92 1013.2  29.1  29.7  26.6   MM   MM    MM
2026 09 04 22 10  70  5.0  5.0   0.6    MM   4.5  92 1013.2  29.1  29.7  26.6   MM   MM    MM
2026 09 04 22 00  70  5.0  6.0    MM    MM    MM  MM 1013.1  29.1  29.7  26.4   MM +0.0    MM
2026 09 04 21 50  70  5.0  6.0   0.7     8   4.7  84 1013.2  29.2  29.7  26.3   MM   MM    MM
2026 09 04 21 40  80  5.0  5.0    MM    MM    MM  MM 1013.1  29.2  29.7  26.5   MM   MM    MM
2026 09 04 21 30  70  5.0  5.0    MM    MM    MM  MM 1013.0  29.2  29.7  26.6   MM   MM    MM
2026 09 04 21 20  70  4.0  5.0   0.7     8   4.7  84 1012.9  29.2  29.7  26.8   MM   MM    MM
2026 09 04 21 10  60  4.0  5.0   0.7    MM   4.7  84 1012.8  29.2  29.8  26.5   MM   MM    MM
2026 09 04 21 00  60  4.0  5.0    MM    MM    MM  MM 1012.9  29.2  29.7  26.6   MM -1.0    MM
2026 09 04 20 50  60  4.0  5.0   0.6     9   4.5  69 1012.8  29.3  29.7  26.5   MM   MM    MM
2026 09 04 20 40  60  4.0  4.0    MM    MM    MM  MM 1012.8  29.2  29.8  26.4   MM   MM    MM
2026 09 04 20 30  70  4.0  4.0    MM    MM    MM  MM 1012.9  29.3  29.7  26.4   MM   MM    MM
2026 09 04 20 20  70  4.0  4.0   0.7     5   4.4  76 1012.9  29.2  29.7  26.1   MM   MM    MM
2026 09 04 20 10  70  4.0  5.0   0.7    MM   4.4  76 1012.9  29.2  29.8  26.0   MM   MM    MM
2026 09 04 20 00  70  4.0  5.0    MM    MM    MM  MM 1012.9  29.3  29.8  26.1   MM -1.6    MM
2026 09 04 19 50  70  4.0  5.0   0.7     8   4.4  88 1013.0  29.2  29.8  26.0   MM   MM    MM
2026 09 04 19 40  70  4.0  5.0    MM    MM    MM  MM 1012.9  29.2  29.8  25.9   MM   MM    MM
2026 09 04 19 30  70  4.0  5.0    MM    MM    MM  MM 1013.0  29.2  29.8  25.6   MM   MM    MM
2026 09 04 19 20  70  4.0  5.0   0.7     8   4.5  95 1012.9  29.2  29.8  25.9   MM   MM    MM
2026 09 04 19 10  70  4.0  5.0   0.7    MM   4.5  95 1013.0  29.1  29.8  25.9   MM   MM    MM
2026 09 04 19 00  60  4.0  4.0    MM    MM    MM  MM 1013.0  29.1  29.8  26.0   MM -2.3    MM
2026 09 04 18 50  60  4.0  5.0   0.7     8   4.4  91 1013.2  29.1  29.7  26.1   MM   MM    MM
2026 09 04 18 40  60  4.0  5.0   0.7    MM   4.4  91 1013.3  29.0  29.7  26.2   MM   MM    MM
2026 09 04 18 30  60  4.0  5.0    MM    MM    MM  MM 1013.4  29.0  29.8  26.3   MM   MM    MM
2026 09 04 18 20  70  4.0  5.0   0.8     8   4.3  86 1013.6  29.0  29.8  26.3   MM   MM    MM
2026 09 04 18 10  60  4.0  5.0   0.8    MM   4.3  86 1013.7  29.1  29.7  26.3   MM   MM    MM
2026 09 04 18 00  80  4.0  5.0    MM    MM    MM  MM 1014.0  29.1  29.8  25.9   MM -1.8    MM
2026 09 04 17 50  70  4.0  5.0   0.7     8   4.2  90 1014.1  29.1    MM  25.8   MM   MM    MM
2026 09 04 17 40  70  4.0  5.0   0.7    MM   4.2  90 1014.2  29.1  29.7  25.8   MM   MM    MM
2026 09 04 17 30  80  4.0  5.0    MM    MM    MM  MM 1014.3  29.1  29.7  25.8   MM   MM    MM
2026 09 04 17 20  80  4.0  5.0   0.8     4   4.3  97 1014.3  29.0  29.7  26.2   MM   MM    MM
2026 09 04 17 10  90  4.0  5.0   0.8    MM   4.3  97 1014.4  29.0  29.6  26.2   MM   MM    MM
2026 09 04 17 00  70  4.0  5.0    MM    MM    MM  MM 1014.5  28.9  29.6  26.2   MM -1.4    MM
2026 09 04 16 50  90  4.0  5.0   0.8     8   4.3  92 1014.7  28.9  29.6  26.3   MM   MM    MM
2026 09 04 16 40 100  4.0  5.0    MM    MM    MM  MM 1014.8  28.9  29.6  26.4   MM   MM    MM
2026 09 04 16 30 100  4.0  5.0    MM    MM    MM  MM 1014.9  28.9  29.5  26.4   MM   MM    MM
2026 09 04 16 20 100  4.0  5.0   0.8     8   4.4  90 1015.1  28.9  29.5  26.3   MM   MM    MM
2026 09 04 16 10  90  5.0  6.0   0.8    MM   4.4  90 1015.2  28.9  29.5  26.4   MM   MM    MM
2026 09 04 16 00  90  5.0  6.0    MM    MM    MM  MM 1015.3  28.9  29.5  26.5   MM +0.0    MM
2026 09 04 15 50  90  5.0  6.0   0.9     5   4.4  96 1015.5  28.9  29.5  26.4   MM   MM    MM
2026 09 04 15 40  90  5.0  6.0    MM    MM    MM  MM 1015.6  28.9  29.4  26.5   MM   MM    MM
2026 09 04 15 30  90  5.0  7.0    MM    MM    MM  MM 1015.6  28.9  29.5  26.4   MM   MM    MM
2026 09 04 15 20  90  6.0  7.0   0.9     8   4.5  86 1015.7  28.9  29.4  26.4   MM   MM    MM
2026 09 04 15 10  90  6.0  7.0   0.9    MM   4.5  86 1015.7  28.9  29.4  26.3   MM   MM    MM
2026 09 04 15 00  80  6.0  7.0    MM    MM    MM  MM 1015.8  28.9  29.4  26.0   MM +0.6    MM
2026 09 04 14 50  80  6.0  7.0   0.8     8   4.6  88 1015.9  28.9  29.4  26.1   MM   MM    MM
2026 09 04 14 40  80  6.0  7.0    MM    MM    MM  MM 1015.8  28.9  29.4  26.3   MM   MM    MM
2026 09 04 14 30  90  6.0  7.0    MM    MM    MM  MM 1015.9  28.9  29.4  26.3   MM   MM    MM
2026 09 04 14 20  90  6.0  7.0   0.9     8   4.7  87 1015.9  28.9  29.4  26.2   MM   MM    MM
2026 09 04 14 10  80  6.0  7.0   0.9    MM   4.7  87 1015.9  28.9  29.4  26.1   MM   MM    MM
2026 09 04 14 00  80  6.0  7.0    MM    MM    MM  MM 1015.9  29.0  29.4  26.1   MM +1.6    MM
2026 09 04 13 50  90  6.0  7.0   0.9     8   4.7  88 1015.9  29.0  29.3  26.0   MM   MM    MM
2026 09 04 13 40  90  6.0  7.0   0.9    MM   4.7  88 1015.9  28.9  29.3  26.2   MM   MM    MM
2026 09 04 13 30  80  6.0  7.0    MM    MM    MM  MM 1015.7  28.9  29.3  26.6   MM   MM    MM
2026 09 04 13 20  80  6.0  7.0   0.9     8   4.9  76 1015.7  28.9  29.3  26.4   MM   MM    MM
2026 09 04 13 10  80  6.0  7.0   0.9    MM   4.9  76 1015.7  28.9  29.3  26.4   MM   MM    MM
2026 09 04 13 00  70  6.0  7.0    MM    MM    MM  MM 1015.6  28.9  29.3  26.3   MM +1.6    MM
2026 09 04 12 50  70  6.0  7.0   0.9     7   4.7  75 1015.4  28.9  29.3  26.4   MM   MM    MM
2026 09 04 12 40  80  6.0  7.0    MM    MM    MM  MM 1015.3  28.9  29.3  26.3   MM   MM    MM
2026 09 04 12 30  80  6.0  7.0    MM    MM    MM  MM 1015.3  28.9  29.3  26.4   MM   MM    MM
2026 09 04 12 20  80  5.0  6.0   0.9     8   4.9  81 1015.3  28.9  29.3  26.4   MM   MM    MM
2026 09 04 12 10  80  5.0  6.0   0.9    MM   4.9  81 1015.2  28.9  29.3  26.5   MM   MM    MM
2026 09 04 12 00  80  5.0  7.0    MM    MM    MM  MM 1015.2  28.9  29.3  26.5   MM +1.8    MM
2026 09 04 11 50  70  5.0  6.0   0.9     8   4.6  79 1015.0  28.9    MM  26.5   MM   MM    MM
2026 09 04 11 40  80  5.0  6.0   0.9    MM   4.6  79 1014.9  28.9  29.3  26.5   MM   MM    MM
2026 09 04 11 30  80  5.0  6.0    MM    MM    MM  MM 1014.8  28.9  29.3  26.3   MM   MM    MM
2026 09 04 11 20  80  5.0  6.0   0.8     8   4.5  85 1014.5  28.8  29.3  26.4   MM   MM    MM
2026 09 04 11 10  90  5.0  6.0   0.8    MM   4.5  85 1014.4  28.8  29.3  26.4   MM   MM    MM
2026 09 04 11 00  90  5.0  6.0    MM    MM    MM  MM 1014.3  28.8  29.3  26.2   MM +1.3    MM
2026 09 04 10 50  90  4.0  5.0   0.9     8   4.6  79 1014.2  28.8  29.3  25.8   MM   MM    MM
2026 09 04 10 40 100  5.0  6.0    MM    MM    MM  MM 1014.1  28.8  29.3  25.5   MM   MM    MM
2026 09 04 10 30 100  5.0  7.0    MM    MM    MM  MM 1014.1  28.9  29.3  25.4   MM   MM    MM
2026 09 04 10 20 100  5.0  6.0   0.9     8   4.5  76 1014.1  28.7  29.3  25.9   MM   MM    MM
2026 09 04 10 10 100  5.0  6.0   0.9    MM   4.5  76 1014.1  28.5  29.3  26.0   MM   MM    MM
2026 09 04 10 00 100  6.0  7.0    MM    MM    MM  MM 1013.9  28.5  29.3  26.4   MM +0.4    MM
2026 09 04 09 50 100  6.0  7.0   0.9     4   4.3  81 1013.9  28.5  29.3  26.4   MM   MM    MM
2026 09 04 09 40 100  7.0  8.0   0.9    MM   4.3  81 1013.7  28.5  29.3  26.5   MM   MM    MM
2026 09 04 09 30  90  7.0  8.0    MM    MM    MM  MM 1013.4  28.7  29.3  26.6   MM   MM    MM
2026 09 04 09 20  90  6.0  7.0   0.9     8   4.4  79 1013.4  28.8  29.3  26.5   MM   MM    MM
2026 09 04 09 10  80  6.0  8.0   0.9    MM   4.4  79 1013.4  28.8  29.3  26.6   MM   MM    MM
2026 09 04 09 00  80  6.0  7.0    MM    MM    MM  MM 1013.4  28.7  29.3  26.3   MM -0.3    MM
2026 09 04 08 50  70  6.0  7.0   0.9     8   4.4  83 1013.4  28.7  29.3  26.4   MM   MM    MM
2026 09 04 08 40  80  6.0  7.0   0.9    MM   4.4  83 1013.4  28.7  29.3  26.6   MM   MM    MM
2026 09 04 08 30  70  5.0  7.0    MM    MM    MM  MM 1013.4  28.7  29.3  26.5   MM   MM    MM
2026 09 04 08 20  70  6.0  6.0   0.9     5   4.4  91 1013.2  28.7  29.3  26.3   MM   MM    MM
2026 09 04 08 10  80  6.0  7.0    MM    MM    MM  MM 1013.1  28.7  29.3  26.3   MM   MM    MM
2026 09 04 08 00  80  5.0  6.0    MM    MM    MM  MM 1013.0  28.7  29.3  26.3   MM -1.2    MM
2026 09 04 07 50  80  5.0  6.0   0.9     8   4.5  79 1013.0  28.6  29.3  26.6   MM   MM    MM
2026 09 04 07 40  70  5.0  6.0    MM    MM    MM  MM 1013.2  28.6  29.3  26.6   MM   MM    MM
2026 09 04 07 30  70  5.0  6.0    MM    MM    MM  MM 1013.4  28.6  29.3  26.6   MM   MM    MM
2026 09 04 07 20  70  5.0  6.0   0.9     8   4.3  78 1013.4  28.2  29.3  26.4   MM   MM    MM
2026 09 04 07 10  60  4.0  7.0    MM    MM    MM  MM 1013.5    MM    MM    MM   MM   MM    MM
2026 09 04 07 00  60  5.0  6.0    MM    MM    MM  MM 1013.5  28.6  29.3  26.4   MM -1.3    MM
2026 09 04 06 50  70  6.0  7.0   0.9     5   4.2 103 1013.6  28.6    MM  26.5   MM   MM    MM
2026 09 04 06 40  80  6.0  6.0   0.9    MM   4.2 103 1013.5  28.7  29.3  26.4   MM   MM    MM
2026 09 04 06 30  70  6.0  7.0    MM    MM    MM  MM 1013.4  28.7  29.3  26.5   MM   MM    MM
2026 09 04 06 20  80  6.0  7.0   1.0     5   4.3  99 1013.4  28.7  29.3  26.6   MM   MM    MM
2026 09 04 06 10  80  6.0  7.0   1.0    MM   4.3  99 1013.5  28.7  29.3  26.4   MM   MM    MM
2026 09 04 06 00  80  5.0  6.0    MM    MM    MM  MM 1013.6  28.7  29.3  26.2   MM -1.7    MM
2026 09 04 05 50  70  6.0  7.0   0.9     4   4.2  99 1013.7  28.7  29.3  26.3   MM   MM    MM
2026 09 04 05 40  70  6.0  7.0    MM    MM    MM  MM 1013.8    MM    MM    MM   MM   MM    MM
2026 09 04 05 30  60  6.0  7.0    MM    MM    MM  MM 1014.0  28.8  29.3  26.5   MM   MM    MM
2026 09 04 05 20  80  6.0  8.0   0.9     8   4.3  77 1014.1  28.8  29.3  26.5   MM   MM    MM
2026 09 04 05 10  70  6.0  8.0   0.9    MM   4.3  77 1014.1  28.8  29.3  26.6   MM   MM    MM
2026 09 04 05 00  70  7.0  8.0    MM    MM    MM  MM 1014.2  28.8  29.3  26.4   MM -1.0    MM
2026 09 04 04 50  70  6.0  7.0   0.8     5   4.2 105 1014.3  28.8  29.3  26.5   MM   MM    MM
2026 09 04 04 40  70  6.0  7.0    MM    MM    MM  MM 1014.4  28.8  29.3  26.4   MM   MM    MM
2026 09 04 04 30  60  6.0  7.0    MM    MM    MM  MM 1014.6  28.8  29.3  26.0   MM   MM    MM
2026 09 04 04 20  50  6.0  7.0   0.8     4   4.2  84 1014.7  28.8  29.4  25.5   MM   MM    MM
2026 09 04 04 10  60  6.0  8.0   0.8    MM   4.2  84 1014.8  28.9  29.4  25.5   MM   MM    MM
2026 09 04 04 00  80  7.0  8.0    MM    MM    MM  MM 1014.8  28.9  29.4  25.6   MM +0.5    MM
2026 09 04 03 50  80  6.0  7.0   0.8     8   4.3  82 1014.9  28.9  29.4  25.9   MM   MM    MM
2026 09 04 03 40  70  6.0  7.0    MM    MM    MM  MM 1015.1  29.0  29.4  25.7   MM   MM    MM
2026 09 04 03 30  70  6.0  7.0    MM    MM    MM  MM 1015.1  29.0  29.4  25.4   MM   MM    MM
2026 09 04 03 20  70  5.0  6.0   0.7     8   4.3  87 1015.2  28.9  29.5  25.8   MM   MM    MM
2026 09 04 03 10  70  5.0  6.0   0.7    MM   4.3  87 1015.3  28.9  29.5  26.1   MM   MM    MM
2026 09 04 03 00  60  6.0  7.0    MM    MM    MM  MM 1015.3  28.9  29.5  25.7   MM +1.2    MM
2026 09 04 02 50  60  5.0  6.0   0.7     8   4.3 100 1015.3  29.0  29.5  25.7   MM   MM    MM
2026 09 04 02 40  50  6.0  6.0   0.7    MM   4.3 100 1015.2  29.0  29.5  25.4   MM   MM    MM
2026 09 04 02 30  60  5.0  6.0    MM    MM    MM  MM 1015.2  29.0  29.5  25.6   MM   MM    MM
2026 09 04 02 20  60  5.0  6.0   0.7     8   4.2  95 1015.2  28.9  29.5  25.4   MM   MM    MM
2026 09 04 02 10  60  6.0  7.0   0.7    MM   4.2  95 1015.1  28.9  29.5  25.6   MM   MM    MM
2026 09 04 02 00  50  6.0  7.0    MM    MM    MM  MM 1015.1  28.9  29.5  25.7   MM +1.4    MM
2026 09 04 01 50  60  6.0  7.0   0.6     8   4.0  97 1014.9  28.9  29.5  25.7   MM   MM    MM
2026 09 04 01 40  50  6.0  7.0   0.6    MM   4.0  97 1014.8  28.9  29.5  25.8   MM   MM    MM
2026 09 04 01 30  50  6.0  7.0    MM    MM    MM  MM 1014.7  28.8  29.5  25.9   MM   MM    MM
2026 09 04 01 20  50  6.0  7.0   0.6     8   4.3  89 1014.5  28.9  29.5  26.1   MM   MM    MM
2026 09 04 01 10  50  6.0  7.0    MM    MM    MM  MM 1014.4  28.8  29.6  25.9   MM   MM    MM
2026 09 04 01 00  50  5.0  7.0    MM    MM    MM  MM 1014.3  28.9  29.6  26.1   MM +0.7    MM
2026 09 04 00 50  50  5.0  6.0   0.6     4   4.2 128 1014.3  28.9  29.6  25.9   MM   MM    MM
2026 09 04 00 40  60  5.0  6.0    MM    MM    MM  MM 1014.3  28.9  29.6  26.2   MM   MM    MM
2026 09 04 00 30  50  4.0  5.0    MM    MM    MM  MM 1014.2  28.8  29.6  26.0   MM   MM    MM
2026 09 04 00 20  60  4.0  5.0   0.6     4   4.2 139 1014.3  28.8  29.6  25.8   MM   MM    MM
2026 09 04 00 10  70  5.0  6.0   0.6    MM   4.2 139 1014.2  28.9  29.6  25.8   MM   MM    MM
2026 09 04 00 00  60  4.0  6.0    MM    MM    MM  MM 1014.1  28.8  29.6  25.8   MM +0.7    MM
2026 09 03 23 50  60  4.0  5.0   0.6     8   4.3  90 1014.0  28.8  29.6  25.9   MM   MM    MM
2026 09 03 23 40  60  4.0  5.0   0.6    MM   4.3  90 1014.0  28.8  29.6  25.7   MM   MM    MM
2026 09 03 23 20  60  4.0  5.0   0.6     8   4.3  85 1013.9  28.8  29.6  25.8   MM   MM    MM
2026 09 03 23 10  60  4.0  5.0   0.6    MM   4.3  85 1013.8  28.8  29.6  25.9   MM   MM    MM
2026 09 03 23 00  60  4.0  5.0    MM    MM    MM  MM 1013.7  28.7  29.6  25.8   MM +0.3    MM
2026 09 03 22 50  60  4.0  5.0   0.5     5   4.3 150 1013.7  28.7  29.6  25.7   MM   MM    MM
2026 09 03 22 40  60  4.0  5.0   0.5    MM   4.3 150 1013.7  28.7  29.6  25.7   MM   MM    MM
2026 09 03 22 30  70  4.0  5.0    MM    MM    MM  MM 1013.8  28.7  29.6  25.5   MM   MM    MM
2026 09 03 22 20  70  4.0  4.0   0.5     8   4.5  82 1013.6  28.8  29.6  25.5   MM   MM    MM
2026 09 03 22 10  80  4.0  5.0   0.5    MM   4.5  82 1013.7  28.8  29.6  25.3   MM   MM    MM
2026 09 03 22 00  70  4.0  5.0    MM    MM    MM  MM 1013.7  28.9  29.6  25.3   MM +0.0    MM
2026 09 03 21 50  80  4.0  5.0   0.5     8   4.3  98 1013.7  28.9  29.6  24.8   MM   MM    MM
2026 09 03 21 40  80  3.0  4.0   0.5    MM   4.3  98 1013.6  29.0  29.6  24.5   MM   MM    MM
2026 09 03 21 30  70  4.0  4.0    MM    MM    MM  MM 1013.6  29.1  29.6  24.4   MM   MM    MM
2026 09 03 21 20  80  4.0  5.0   0.5     5   4.3 166 1013.5  29.1  29.7  24.6   MM   MM    MM
2026 09 03 21 10  80  4.0  5.0    MM    MM    MM  MM 1013.5  29.0  29.7  24.9   MM   MM    MM
2026 09 03 21 00  80  4.0  5.0    MM    MM    MM  MM 1013.5  29.0  29.7  25.0   MM -0.6    MM
2026 09 03 20 50  80  4.0  5.0   0.5     5   4.2 135 1013.4  29.0  29.7  25.1   MM   MM    MM
2026 09 03 20 40  80  3.0  4.0    MM    MM    MM  MM 1013.4  29.0  29.7  25.1   MM   MM    MM
2026 09 03 20 30  90  3.0  4.0    MM    MM    MM  MM 1013.4  29.0  29.8  25.1   MM   MM    MM
2026 09 03 20 20  80  3.0  4.0   0.5     5   4.1 143 1013.4  29.0  29.8  25.1   MM   MM    MM
2026 09 03 20 10  70  3.0  4.0   0.5    MM   4.1 143 1013.5  28.9  29.8  25.0   MM   MM    MM
2026 09 03 20 00  70  3.0  5.0    MM    MM    MM  MM 1013.4  28.8  29.7  24.9   MM -1.0    MM
2026 09 03 19 50  80  3.0  5.0   0.5     5   4.2 145 1013.5  28.8  29.8  24.9   MM   MM    MM
2026 09 03 19 40  80  4.0  4.0    MM    MM    MM  MM 1013.4  28.8  29.8  24.9   MM   MM    MM
2026 09 03 19 30  80  4.0  4.0    MM    MM    MM  MM 1013.4  28.8  29.8  24.9   MM   MM    MM
2026 09 03 19 20  80  4.0  4.0   0.5     4   4.0  94 1013.4  28.8  29.8  24.9   MM   MM    MM
2026 09 03 19 10  90  4.0  5.0   0.5    MM   4.0  94 1013.4  28.8  29.8  24.8   MM   MM    MM
2026 09 03 19 00  90  4.0  4.0    MM    MM    MM  MM 1013.4  28.8  29.8  24.6   MM -1.6    MM
2026 09 03 18 50 100  4.0  5.0   0.5     4   3.9  83 1013.4  28.8  29.8  24.7   MM   MM    MM
2026 09 03 18 40 100  4.0  5.0    MM    MM    MM  MM 1013.6  28.8  29.8  24.7   MM   MM    MM
2026 09 03 18 30 100  4.0  5.0    MM    MM    MM  MM 1013.7  28.8  29.8  24.7   MM   MM    MM
2026 09 03 18 20  90  4.0  5.0   0.6     3   4.0  90 1013.9  28.8  29.8  24.7   MM   MM    MM
2026 09 03 18 10 100  4.0  5.0   0.6    MM   4.0  90 1013.9  28.8  29.8  24.6   MM   MM    MM
2026 09 03 18 00 100  4.0  5.0    MM    MM    MM  MM 1014.1  28.7  29.8  24.6   MM -1.3    MM
2026 09 03 17 50  90  4.0  5.0   0.6     4   3.9  92 1014.0  28.7  29.7  24.5   MM   MM    MM
2026 09 03 17 40 100  4.0  5.0    MM    MM    MM  MM 1014.1  28.7  29.7  24.6   MM   MM    MM
2026 09 03 17 30 100  4.0  5.0    MM    MM    MM  MM 1014.1  28.6  29.7  24.7   MM   MM    MM
2026 09 03 17 20  90  4.0  5.0   0.6     4   3.9 112 1014.2  28.6  29.7  24.6   MM   MM    MM
2026 09 03 17 10  80  4.0  5.0   0.6    MM   3.9 112 1014.3  28.7  29.7  24.7   MM   MM    MM
2026 09 03 17 00  90  4.0  5.0    MM    MM    MM  MM 1014.4  28.6  29.7  24.3   MM -1.1    MM
2026 09 03 16 50  90  3.0  4.0   0.6     4   3.9 113 1014.5  28.6  29.6  24.4   MM   MM    MM
2026 09 03 16 40  80  4.0  4.0    MM    MM    MM  MM 1014.6  28.5  29.6  24.5   MM   MM    MM
2026 09 03 16 30  80  4.0  5.0    MM    MM    MM  MM 1014.7  28.5  29.6  24.6   MM   MM    MM
2026 09 03 16 20  80  3.0  4.0   0.6     4   3.9  99 1014.7  28.5  29.6  24.6   MM   MM    MM
2026 09 03 16 10  80  3.0  4.0   0.6    MM   3.9  99 1014.9  28.6  29.6  24.5   MM   MM    MM
2026 09 03 16 00  90  3.0  4.0    MM    MM    MM  MM 1015.1  28.6  29.5  24.3   MM -0.4    MM
2026 09 03 15 50  90  3.0  4.0   0.7     4   4.0 103 1015.2  28.5  29.5  24.4   MM   MM    MM
2026 09 03 15 40  90  4.0  4.0   0.7    MM   4.0 103 1015.2  28.6  29.5  24.6   MM   MM    MM
2026 09 03 15 30  90  4.0  4.0    MM    MM    MM  MM 1015.3  28.5  29.5  24.6   MM   MM    MM
2026 09 03 15 20  90  4.0  5.0   0.6     4   4.0 108 1015.3  28.5  29.4  24.7   MM   MM    MM
2026 09 03 15 10  90  4.0  5.0   0.6    MM   4.0 108 1015.4  28.5  29.4  24.5   MM   MM    MM
2026 09 03 15 00  90  4.0  5.0    MM    MM    MM  MM 1015.4  28.6  29.4  24.3   MM +0.4    MM
2026 09 03 14 50  90  4.0  5.0   0.6     4   4.0  95 1015.3  28.6  29.3  24.4   MM   MM    MM
2026 09 03 14 40  90  4.0  5.0    MM    MM    MM  MM 1015.4  28.6  29.3  24.6   MM   MM    MM
2026 09 03 14 30  90  4.0  6.0    MM    MM    MM  MM 1015.5  28.5  29.3  24.7   MM   MM    MM
2026 09 03 14 20  90  5.0  6.0   0.7     4   4.0 113 1015.4  28.6  29.3  25.0   MM   MM    MM
2026 09 03 14 10  90  5.0  6.0    MM    MM    MM  MM 1015.5  28.6  29.3  24.9   MM   MM    MM
2026 09 03 14 00  90  5.0  6.0    MM    MM    MM  MM 1015.6  28.7  29.3  24.7   MM +1.3    MM
2026 09 03 13 50  90  5.0  6.0   0.6     4   4.0 113 1015.7  28.6  29.3  24.9   MM   MM    MM
2026 09 03 13 40  80  5.0  6.0    MM    MM    MM  MM 1015.7  28.7  29.3  24.8   MM   MM    MM
2026 09 03 13 30  80  5.0  6.0    MM    MM    MM  MM 1015.8  28.6  29.2  24.7   MM   MM    MM
2026 09 03 13 20  90  5.0  6.0   0.6     5   4.0  99 1015.6  28.6    MM  24.9   MM   MM    MM
2026 09 03 13 10  80  5.0  6.0   0.6    MM   4.0  99 1015.7  28.6  29.2  24.9   MM   MM    MM
2026 09 03 13 00  80  5.0  7.0    MM    MM    MM  MM 1015.6  28.6  29.2  24.9   MM +1.5    MM
2026 09 03 12 50  80  5.0  6.0   0.7     4   4.2  87 1015.5  28.5  29.2  24.9   MM   MM    MM
2026 09 03 12 40  80  6.0  7.0    MM    MM    MM  MM 1015.3    MM  29.2    MM   MM   MM    MM
2026 09 03 12 30  80  5.0  6.0    MM    MM    MM  MM 1015.3  28.6  29.2  24.9   MM   MM    MM
2026 09 03 12 20  70  5.0  7.0   0.6     6   4.1 144 1015.3  28.5  29.2  24.9   MM   MM    MM
2026 09 03 12 10  70  4.0  5.0   0.6    MM   4.1 144 1015.1  28.4  29.2  25.1   MM   MM    MM
2026 09 03 12 00  70  5.0  5.0    MM    MM    MM  MM 1015.0  28.3  29.2  24.9   MM +1.5    MM
2026 09 03 11 50  70  5.0  6.0   0.6     4   4.1  89 1014.9  28.3  29.2  24.8   MM   MM    MM
2026 09 03 11 40  70  5.0  6.0   0.6    MM   4.1  89 1014.8  28.3  29.2  24.8   MM   MM    MM
2026 09 03 11 30  90  5.0  7.0    MM    MM    MM  MM 1014.8  28.3  29.2  24.8   MM   MM    MM
2026 09 03 11 20  80  5.0  6.0   0.7     5   4.0 122 1014.6  28.3  29.2  24.8   MM   MM    MM
2026 09 03 11 10  80  5.0  6.0   0.7    MM   4.0 122 1014.4  28.3  29.2  24.7   MM   MM    MM
2026 09 03 11 00  80  5.0  6.0    MM    MM    MM  MM 1014.3  28.3  29.2  24.7   MM +0.8    MM
2026 09 03 10 50  80  5.0  6.0   0.6     4   4.1  68 1014.3  28.2  29.2  24.5   MM   MM    MM
2026 09 03 10 40  70  5.0  5.0    MM    MM    MM  MM 1014.2  28.2  29.2  24.3   MM   MM    MM
2026 09 03 10 30  70  5.0  6.0    MM    MM    MM  MM 1014.0  28.2  29.2  24.5   MM   MM    MM
2026 09 03 10 20  70  6.0  7.0   0.6     5   4.1  97 1013.9  28.1  29.2  24.6   MM   MM    MM
2026 09 03 10 10  70  5.0  6.0   0.6    MM   4.1  97 1013.9  28.0  29.2  24.8   MM   MM    MM
2026 09 03 10 00  70  5.0  6.0    MM    MM    MM  MM 1013.9  28.1  29.2  24.9   MM +0.4    MM
2026 09 03 09 50  70  5.0  7.0   0.6     5   4.0 101 1013.9  28.1  29.2  24.6   MM   MM    MM
2026 09 03 09 40  80  6.0  7.0    MM    MM    MM  MM 1013.8  28.1  29.2  24.7   MM   MM    MM
2026 09 03 09 30  70  5.0  6.0    MM    MM    MM  MM 1013.7  28.1  29.2  24.5   MM   MM    MM
2026 09 03 09 20  70  5.0  7.0    MM    MM    MM  MM 1013.7  28.2  29.2  24.6   MM   MM    MM
2026 09 03 09 10  80  6.0  7.0    MM    MM    MM  MM 1013.6  28.1  29.2  24.1   MM   MM    MM
2026 09 03 09 00  70  5.0  7.0    MM    MM    MM  MM 1013.4  28.1    MM  24.1   MM +0.0    MM
2026 09 03 08 50  70  5.0  7.0   0.7     5   3.9 110 1013.4  28.1  29.2  24.1   MM   MM    MM
2026 09 03 08 40  70  5.0  7.0    MM    MM    MM  MM 1013.4  28.1  29.2  24.2   MM   MM    MM
2026 09 03 08 30  80  5.0  6.0    MM    MM    MM  MM 1013.4  28.1  29.2  24.1   MM   MM    MM
2026 09 03 08 20  70  5.0  7.0   0.7     4   3.9  80 1013.4  28.1  29.2  24.0   MM   MM    MM
2026 09 03 08 10  70  5.0  7.0    MM    MM    MM  MM 1013.4  28.2  29.2  23.7   MM   MM    MM
2026 09 03 08 00  80  6.0  7.0    MM    MM    MM  MM 1013.4  28.2  29.2  23.5   MM -0.4    MM
2026 09 03 07 50  70  6.0  7.0   0.7     4   4.0  74 1013.4  28.2  29.2  23.7   MM   MM    MM
2026 09 03 07 40  70  6.0  8.0    MM    MM    MM  MM 1013.4  28.2  29.2  23.4   MM   MM    MM
2026 09 03 07 30  60  6.0  8.0    MM    MM    MM  MM 1013.4  28.2  29.2  24.3   MM   MM    MM
2026 09 03 07 20  70  6.0  7.0   0.7     4   4.0  81 1013.3  28.2  29.2  24.5   MM   MM    MM
2026 09 03 07 10  70  6.0  7.0   0.7    MM   4.0  81 1013.5  28.2    MM  24.3   MM   MM    MM
2026 09 03 07 00  80  5.0  7.0    MM    MM    MM  MM 1013.6  28.1  29.2  24.1   MM -1.0    MM
2026 09 03 06 50  70  6.0  7.0   0.7     4   3.9  94 1013.6  28.2  29.2  24.0   MM   MM    MM
2026 09 03 06 40  70  6.0  7.0    MM    MM    MM  MM 1013.5  28.2    MM  23.6   MM   MM    MM
2026 09 03 06 30  70  6.0  7.0    MM    MM    MM  MM 1013.5  28.2  29.2  23.5   MM   MM    MM
2026 09 03 06 20  60  5.0  6.0   0.8     5   4.0  96 1013.6  28.2  29.2  24.3   MM   MM    MM
2026 09 03 06 10  60  5.0  6.0    MM    MM    MM  MM 1013.6  28.2  29.2  24.2   MM   MM    MM
2026 09 03 06 00  60  5.0  6.0    MM    MM    MM  MM 1013.7  28.2  29.2  24.0   MM -1.2    MM
2026 09 03 05 50  70  5.0  6.0   0.8     5   4.0  92 1013.7  28.3  29.2  23.9   MM   MM    MM
2026 09 03 05 40  80  5.0  7.0   0.8    MM   4.0  92 1013.7  28.2  29.2  24.0   MM   MM    MM
2026 09 03 05 30  70  6.0  7.0    MM    MM    MM  MM 1013.7  28.3  29.2  23.7   MM   MM    MM
2026 09 03 05 20  70  6.0  7.0   0.8     4   4.0  83 1013.7  28.3  29.2  24.1   MM   MM    MM
2026 09 03 05 10  70  6.0  7.0   0.8    MM   4.0  83 1013.7  28.3  29.2  24.5   MM   MM    MM
2026 09 03 05 00  70  6.0  7.0    MM    MM    MM  MM 1013.9  28.3  29.3  24.6   MM -1.0    MM
2026 09 03 04 50  80  6.0  7.0   0.9     4   4.0  79 1014.0  28.3  29.3  24.7   MM   MM    MM
2026 09 03 04 40  60  6.0  7.0    MM    MM    MM  MM 1014.0  28.4  29.3  24.4   MM   MM    MM
2026 09 03 04 30  70  5.0  7.0    MM    MM    MM  MM 1014.0  28.5  29.2  24.2   MM   MM    MM
2026 09 03 04 20  60  6.0  7.0   0.9     4   4.1 108 1014.2  28.5  29.2  24.3   MM   MM    MM
2026 09 03 04 10  50  6.0  7.0   0.9    MM   4.1 108 1014.4  28.5  29.2  24.8   MM   MM    MM
2026 09 03 04 00  60  6.0  7.0    MM    MM    MM  MM 1014.6  28.6  29.3  24.8   MM +0.0    MM
2026 09 03 03 50  50  7.0  8.0   0.8     4   4.0  94 1014.5  28.6  29.2  24.4   MM   MM    MM
2026 09 03 03 40  50  6.0  8.0    MM    MM    MM  MM 1014.7  28.6  29.3  24.4   MM   MM    MM
2026 09 03 03 30  60  6.0  8.0    MM    MM    MM  MM 1014.8  28.6  29.3  24.9   MM   MM    MM
2026 09 03 03 20  60  7.0  8.0   0.8     4   4.0  76 1014.8  28.7  29.3  24.8   MM   MM    MM
2026 09 03 03 10  70  7.0  8.0   0.8    MM   4.0  76 1014.9  28.7  29.3  24.8   MM   MM    MM
2026 09 03 03 00  60  6.0  7.0    MM    MM    MM  MM 1014.9  28.7  29.3  24.7   MM +0.8    MM
2026 09 03 02 50  60  6.0  8.0   0.7     5   4.1 115 1014.9  28.7  29.3  25.0   MM   MM    MM
2026 09 03 02 40  70  6.0  8.0   0.7    MM   4.1 115 1014.8  28.7  29.3  25.2   MM   MM    MM
2026 09 03 02 30  60  6.0  8.0    MM    MM    MM  MM 1014.8  28.7  29.3  25.4   MM   MM    MM
2026 09 03 02 20  50  6.0  7.0   0.8     8   4.1 112 1014.8  28.7  29.3  25.3   MM   MM    MM
2026 09 03 02 10  50  7.0  8.0   0.8    MM   4.1 112 1014.9  28.7  29.3  25.4   MM   MM    MM
2026 09 03 02 00  60  6.0  8.0    MM    MM    MM  MM 1014.8  28.8  29.3  25.6   MM +0.6    MM
2026 09 03 01 50  50  7.0  8.0   0.7     8   4.1  83 1014.8  28.7  29.3  25.7   MM   MM    MM
2026 09 03 01 40  50  7.0  8.0    MM    MM    MM  MM 1014.8  28.7  29.3  25.7   MM   MM    MM
2026 09 03 01 30  50  7.0  8.0    MM    MM    MM  MM 1014.8  28.7  29.3  25.5   MM   MM    MM
2026 09 03 01 20  50  6.0  8.0   0.7     6   4.3 123 1014.8  28.7  29.4  25.5   MM   MM    MM
2026 09 03 01 10  50  6.0  7.0   0.7    MM   4.3 123 1014.7  28.7    MM  25.4   MM   MM    MM
2026 09 03 01 00  50  6.0  7.0    MM    MM    MM  MM 1014.6  28.7  29.4  25.4   MM +0.8    MM
2026 09 03 00 50  50  6.0  7.0   0.6     5   4.5 114 1014.5  28.7  29.4  25.4   MM   MM    MM
2026 09 03 00 40  50  6.0  7.0    MM    MM    MM  MM 1014.4  28.7  29.4  25.1   MM   MM    MM
2026 09 03 00 30  50  5.0  6.0    MM    MM    MM  MM 1014.3  28.8  29.4  25.1   MM   MM    MM
2026 09 03 00 20  50  5.0  6.0   0.7     4   4.3  92 1014.2  28.7  29.4  25.0   MM   MM    MM
2026 09 03 00 10  50  5.0  6.0   0.7    MM   4.3  92 1014.1  28.6  29.4  25.2   MM   MM    MM
2026 09 03 00 00  50  5.0  6.0    MM    MM    MM  MM 1014.1  28.6  29.5  25.6   MM +0.3    MM
2026 09 02 23 50  50  6.0  7.0   0.7     7   4.6  92 1014.1  28.7  29.5  25.5   MM   MM    MM
2026 09 02 23 40  50  5.0  6.0   0.7    MM   4.6  92 1014.2  28.7  29.5  25.7   MM   MM    MM
2026 09 02 23 20  50  5.0  6.0   0.7     7   4.5  85 1014.2  28.6  29.5  25.6   MM   MM    MM
2026 09 02 23 10  50  5.0  6.0   0.7    MM   4.5  85 1014.2  28.6  29.6  25.3   MM   MM    MM
2026 09 02 23 00  50  5.0  7.0    MM    MM    MM  MM 1014.2  28.7  29.6  25.4   MM +0.3    MM
2026 09 02 22 50  50  5.0  6.0   0.6     5   4.7 127 1014.0  28.8  29.6  24.3   MM   MM    MM
2026 09 02 22 40  40  5.0  6.0    MM    MM    MM  MM 1013.9  28.5  29.7  24.1   MM   MM    MM
2026 09 02 22 30  40  5.0  6.0    MM    MM    MM  MM 1013.9  28.0  29.7  24.8   MM   MM    MM
2026 09 02 22 20  30  1.0  4.0   0.6     5   4.8 122 1014.0  27.6  29.7  24.8   MM   MM    MM
2026 09 02 22 10  20  6.0 10.0   0.6    MM   4.8 122 1014.0  28.1  29.7  25.2   MM   MM    MM
2026 09 02 22 00  50  3.0  4.0    MM    MM    MM  MM 1013.9  29.0  29.7  25.3   MM -0.3    MM
2026 09 02 21 50  50  4.0  4.0   0.6     7   4.9  80 1013.7  29.1  29.7  25.4   MM   MM    MM
2026 09 02 21 40  50  4.0  5.0   0.6    MM   4.9  80 1013.8  29.1  29.8  25.1   MM   MM    MM
2026 09 02 21 30  50  4.0  5.0    MM    MM    MM  MM 1013.8  29.1  29.8  25.1   MM   MM    MM
2026 09 02 21 20  60  3.0  4.0   0.6     5   4.7 135 1013.7  29.2  29.8  25.2   MM   MM    MM
2026 09 02 21 10  50  4.0  4.0   0.6    MM   4.7 135 1013.7  29.2  29.8  25.0   MM   MM    MM
2026 09 02 21 00  50  4.0  4.0    MM    MM    MM  MM 1013.7  29.1  29.8  24.9   MM -0.7    MM
2026 09 02 20 50  60  4.0  5.0   0.7     9   4.8 151 1013.8  29.1  29.8  25.0   MM   MM    MM
2026 09 02 20 40  60  3.0  4.0   0.7    MM   4.8 151 1013.9  29.1  29.8  24.9   MM   MM    MM
2026 09 02 20 30  70  3.0  4.0    MM    MM    MM  MM 1013.9  29.0  29.8  24.9   MM   MM    MM
2026 09 02 20 20  60  3.0  4.0   0.7     9   4.6 143 1014.0  29.1  29.8  25.1   MM   MM    MM
2026 09 02 20 10  60  3.0  4.0   0.7    MM   4.6 143 1013.9  29.0  29.9  25.0   MM   MM    MM
2026 09 02 20 00  60  3.0  4.0    MM    MM    MM  MM 1013.9  29.0  29.9  25.2   MM -1.1    MM
2026 09 02 19 50  60  3.0  4.0   0.7     5   4.6 143 1014.0  29.0  29.9  25.3   MM   MM    MM
2026 09 02 19 40  80  3.0  4.0   0.7    MM   4.6 143 1013.9  29.0  29.9  25.3   MM   MM    MM
2026 09 02 19 30  80  3.0  3.0    MM    MM    MM  MM 1014.0  29.0  29.8  25.2   MM   MM    MM
2026 09 02 19 20  80  3.0  3.0   0.7     7   4.6  97 1014.0  29.0  29.7  25.3   MM   MM    MM
2026 09 02 19 10  80  2.0  3.0   0.7    MM   4.6  97 1014.0  29.0  29.8  25.2   MM   MM    MM
2026 09 02 19 00  60  2.0  3.0    MM    MM    MM  MM 1014.1  28.9  29.7  25.3   MM -1.6    MM
2026 09 02 18 50  70  3.0  4.0   0.7     8   4.4  93 1014.2  28.9  29.8  25.2   MM   MM    MM
2026 09 02 18 40  80  3.0  3.0   0.7    MM   4.4  93 1014.2  28.9  29.7  25.4   MM   MM    MM
2026 09 02 18 30  90  3.0  4.0    MM    MM    MM  MM 1014.2  28.9  29.7  25.3   MM   MM    MM
2026 09 02 18 20  90  3.0  4.0   0.7     5   4.4 143 1014.3  28.9  29.7  25.1   MM   MM    MM
2026 09 02 18 10  90  3.0  4.0   0.7    MM   4.4 143 1014.3  28.9  29.7  25.2   MM   MM    MM
2026 09 02 18 00  90  3.0  4.0    MM    MM    MM  MM 1014.5  28.9  29.7  25.2   MM -1.8    MM
2026 09 02 17 50  80  3.0  4.0   0.8     5   4.1 109 1014.6  28.8  29.6  25.3   MM   MM    MM
2026 09 02 17 40  90  4.0  5.0    MM    MM    MM  MM 1014.7  28.8  29.6  25.2   MM   MM    MM
2026 09 02 17 30 100  4.0  5.0    MM    MM    MM  MM 1014.8  28.8  29.6  25.4   MM   MM    MM
2026 09 02 17 20  90  4.0  5.0   0.8     6   4.2 141 1014.9  28.8  29.6  25.6   MM   MM    MM
2026 09 02 17 10  80  4.0  5.0   0.8    MM   4.2 141 1015.0  28.8  29.6  25.6   MM   MM    MM
2026 09 02 17 00  70  4.0  5.0    MM    MM    MM  MM 1015.1  28.8  29.5  25.4   MM -1.2    MM
2026 09 02 16 50  80  4.0  5.0   0.8     5   4.2 136 1015.2  28.8  29.5  25.4   MM   MM    MM
2026 09 02 16 40  80  4.0  5.0    MM    MM    MM  MM 1015.3  28.8  29.5  25.3   MM   MM    MM
2026 09 02 16 30  80  4.0  5.0    MM    MM    MM  MM 1015.5  28.8  29.5  25.6   MM   MM    MM
2026 09 02 16 20  80  4.0  5.0   0.8     5   4.2 139 1015.6  28.8  29.5  25.5   MM   MM    MM
2026 09 02 16 10  80  4.0  6.0   0.8    MM   4.2 139 1015.6  28.8  29.5  25.5   MM   MM    MM
2026 09 02 16 00  80  4.0  5.0    MM    MM    MM  MM 1015.8  28.8  29.4  25.5   MM -0.5    MM
2026 09 02 15 50  70  4.0  5.0   0.8     4   4.3  91 1015.9  28.7  29.4  25.5   MM   MM    MM
2026 09 02 15 40  70  4.0  5.0    MM    MM    MM  MM 1015.9  28.7  29.4  25.5   MM   MM    MM
2026 09 02 15 30  80  4.0  5.0    MM    MM    MM  MM 1016.0  28.8  29.4  25.2   MM   MM    MM
2026 09 02 15 20  70  4.0  5.0   0.9     5   4.4 139 1016.1  28.7  29.4  25.6   MM   MM    MM
2026 09 02 15 10  70  4.0  5.0   0.9    MM   4.4 139 1016.2  28.7  29.3  25.9   MM   MM    MM
2026 09 02 15 00  70  4.0  6.0    MM    MM    MM  MM 1016.3  28.7  29.3  25.9   MM +0.5    MM
2026 09 02 14 50  80  5.0  6.0   0.9     5   4.3 116 1016.3  28.8  29.3  25.7   MM   MM    MM
2026 09 02 14 40  80  5.0  6.0    MM    MM    MM  MM 1016.3  28.7  29.3  25.8   MM   MM    MM
2026 09 02 14 30  70  5.0  6.0    MM    MM    MM  MM 1016.2  28.7  29.3  25.6   MM   MM    MM
2026 09 02 14 20  70  5.0  6.0   0.9     4   4.3 110 1016.3  28.8  29.3  25.7   MM   MM    MM
2026 09 02 14 10  70  5.0  7.0   0.9    MM   4.3 110 1016.2  28.8  29.2  25.4   MM   MM    MM
2026 09 02 14 00  70  5.0  7.0    MM    MM    MM  MM 1016.3  28.7  29.2  25.7   MM +1.1    MM
2026 09 02 13 50  70  5.0  6.0   0.8     5   4.4 141 1016.3  28.7  29.2  25.7   MM   MM    MM
2026 09 02 13 40  70  5.0  6.0   0.8    MM   4.4 141 1016.2  28.7  29.2  25.8   MM   MM    MM
2026 09 02 13 30  80  5.0  6.0    MM    MM    MM  MM 1016.3  28.7  29.2  25.7   MM   MM    MM
2026 09 02 13 20  70  5.0  6.0   0.8     5   4.4 129 1016.3  28.7    MM  25.7   MM   MM    MM
2026 09 02 13 10  70  5.0  6.0   0.8    MM   4.4 129 1016.3  28.7  29.2  25.5   MM   MM    MM
2026 09 02 13 00  80  5.0  7.0    MM    MM    MM  MM 1016.2  28.8  29.2  25.4   MM +1.5    MM
2026 09 02 12 50  80  6.0  7.0   0.8     5   4.3 136 1016.2  28.7  29.2  25.3   MM   MM    MM
2026 09 02 12 40  80  6.0  7.0   0.8    MM   4.3 136 1016.2  28.7  29.2  25.4   MM   MM    MM
2026 09 02 12 30  90  6.0  7.0    MM    MM    MM  MM 1016.1  28.7  29.2  25.4   MM   MM    MM
2026 09 02 12 20  80  6.0  7.0   0.8     5   4.3 118 1016.1  28.7  29.2  25.4   MM   MM    MM
2026 09 02 12 10  90  6.0  7.0   0.8    MM   4.3 118 1015.9  28.7  29.2  25.5   MM   MM    MM
2026 09 02 12 00  90  6.0  7.0    MM    MM    MM  MM 1015.8  28.7  29.2  25.7   MM +1.3    MM
2026 09 02 11 50  80  6.0  7.0   0.8     5   4.2 111 1015.7  28.7  29.2  25.7   MM   MM    MM
2026 09 02 11 40  70  6.0  7.0    MM    MM    MM  MM 1015.6  28.6  29.2  25.4   MM   MM    MM
2026 09 02 11 30  80  6.0  7.0    MM    MM    MM  MM 1015.4  28.7  29.2  25.5   MM   MM    MM
2026 09 02 11 20  70  6.0  7.0   0.9     5   4.4 126 1015.4  28.7  29.2  25.4   MM   MM    MM
2026 09 02 11 10  70  6.0  7.0   0.9    MM   4.4 126 1015.3  28.6  29.2  25.4   MM   MM    MM
2026 09 02 11 00  70  6.0  7.0    MM    MM    MM  MM 1015.3  28.7  29.2  25.4   MM +0.9    MM
2026 09 02 10 50  70  6.0  7.0   0.8     5   4.3  94 1015.1  28.6  29.2  25.4   MM   MM    MM
2026 09 02 10 40  70  6.0  7.0   0.8    MM   4.3  94 1015.1  28.5  29.2  25.5   MM   MM    MM
2026 09 02 10 30  70  6.0  7.0    MM    MM    MM  MM 1015.0  28.4  29.2  25.4   MM   MM    MM
2026 09 02 10 20  80  6.0  7.0   0.8     5   4.3 130 1014.8  28.4  29.2  25.6   MM   MM    MM
2026 09 02 10 10  70  5.0  7.0   0.8    MM   4.3 130 1014.8  28.4  29.2  25.9   MM   MM    MM
2026 09 02 10 00  60  5.0  6.0    MM    MM    MM  MM 1014.7  28.3  29.2  25.6   MM +0.5    MM
2026 09 02 09 50  60  6.0  7.0   0.8     4   4.3  74 1014.5  28.4  29.2  25.6   MM   MM    MM
2026 09 02 09 40  70  6.0  7.0    MM    MM    MM  MM 1014.5  28.4  29.2  25.5   MM   MM    MM
2026 09 02 09 30  80  6.0  7.0    MM    MM    MM  MM 1014.4  28.4  29.2  25.3   MM   MM    MM
2026 09 02 09 20  80  6.0  7.0   0.8     5   4.3 127 1014.4  28.4  29.2  25.3   MM   MM    MM
2026 09 02 09 10  80  6.0  7.0   0.8    MM   4.3 127 1014.5  28.4  29.2  25.5   MM   MM    MM
2026 09 02 09 00  80  6.0  7.0    MM    MM    MM  MM 1014.5  28.4  29.2  25.5   MM -0.0    MM
2026 09 02 08 50  70  6.0  7.0   0.8     5   4.3 110 1014.3  28.4  29.2  25.4   MM   MM    MM
2026 09 02 08 40  80  6.0  7.0    MM    MM    MM  MM 1014.4  28.4  29.2  25.4   MM   MM    MM
2026 09 02 08 30  80  6.0  7.0    MM    MM    MM  MM 1014.2  28.5  29.2  25.4   MM   MM    MM
2026 09 02 08 20  80  6.0  7.0   0.9     5   4.2  86 1014.3  28.5  29.2  25.3   MM   MM    MM
2026 09 02 08 10  80  6.0  7.0    MM    MM    MM  MM 1014.2  28.5  29.2  25.2   MM   MM    MM
2026 09 02 08 00  70  6.0  7.0   0.9    MM   4.2  86 1014.2  28.5  29.2  25.3   MM -0.9    MM
2026 09 02 07 50  70  6.0  7.0   0.9     5   4.2  93 1014.2  28.5  29.2  25.1   MM   MM    MM
2026 09 02 07 40  70  6.0  7.0    MM    MM    MM  MM 1014.1  28.4  29.2  25.4   MM   MM    MM
2026 09 02 07 30  70  6.0  7.0    MM    MM    MM  MM 1014.1  28.4  29.2  25.5   MM   MM    MM
2026 09 02 07 20  70  6.0  8.0   0.9     5   4.2  94 1014.1  28.5  29.2  25.5   MM   MM    MM
2026 09 02 07 10  70  7.0  8.0    MM    MM    MM  MM 1014.2    MM    MM    MM   MM   MM    MM
2026 09 02 07 00  80  6.0  8.0    MM    MM    MM  MM 1014.3  28.5    MM  25.4   MM -1.3    MM
2026 09 02 06 50  70  6.0  8.0   0.9     4   4.2  96 1014.3  28.6  29.2  25.3   MM   MM    MM
2026 09 02 06 40  80  6.0  8.0   0.9    MM   4.2  96 1014.4  28.6    MM  25.3   MM   MM    MM
2026 09 02 06 30  70  6.0  7.0    MM    MM    MM  MM 1014.4  28.6  29.2  25.2   MM   MM    MM
2026 09 02 06 20  70  6.0  7.0   0.9     5   4.2 124 1014.5  28.6  29.2  25.3   MM   MM    MM
2026 09 02 06 10  80  6.0  7.0   0.9    MM   4.2 124 1014.6  28.6  29.2  25.4   MM   MM    MM
2026 09 02 06 00  70  6.0  7.0    MM    MM    MM  MM 1014.6  28.6  29.2  25.4   MM -1.1    MM
2026 09 02 05 50  70  6.0  7.0   0.9     5   4.2  98 1014.8  28.7  29.2  25.4   MM   MM    MM
2026 09 02 05 40  80  7.0  8.0   0.9    MM   4.2  98 1014.8  28.7  29.2  25.3   MM   MM    MM
2026 09 02 05 30  80  7.0  8.0    MM    MM    MM  MM 1014.8  28.7  29.2  25.3   MM   MM    MM
2026 09 02 05 20  90  7.0  8.0   0.9     5   4.2  91 1015.0  28.7  29.2  25.5   MM   MM    MM
2026 09 02 05 10  90  7.0  8.0   0.9    MM   4.2  91 1015.1  28.7  29.2  25.4   MM   MM    MM
2026 09 02 05 00  90  7.0  8.0    MM    MM    MM  MM 1015.1  28.6  29.2  25.7   MM -0.6    MM
2026 09 02 04 50  80  7.0  8.0   1.0     5   4.1 119 1015.3  28.7  29.2  25.8   MM   MM    MM
2026 09 02 04 40  80  7.0  8.0    MM    MM    MM  MM 1015.3  28.8  29.2  25.6   MM   MM    MM
2026 09 02 04 30  70  7.0  8.0    MM    MM    MM  MM 1015.4  28.8  29.3  25.4   MM   MM    MM
2026 09 02 04 20  70  7.0  8.0   1.0     5   4.3 128 1015.4  28.7  29.3  25.7   MM   MM    MM
2026 09 02 04 10  70  7.0  9.0   1.0    MM   4.3 128 1015.4  28.8  29.3  25.4   MM   MM    MM
2026 09 02 04 00  70  7.0  8.0    MM    MM    MM  MM 1015.5  28.8  29.3  25.6   MM +0.0    MM
2026 09 02 03 50  80  7.0  8.0   1.1     5   4.3 118 1015.7  28.8  29.3  25.7   MM   MM    MM
2026 09 02 03 40  70  7.0  8.0   1.1    MM   4.3 118 1015.7  28.8  29.3  25.9   MM   MM    MM
2026 09 02 03 30  70  7.0  8.0    MM    MM    MM  MM 1015.7  28.7  29.3  26.0   MM   MM    MM
2026 09 02 03 20  70  7.0  9.0   1.1     5   4.4 121 1015.8  28.8  29.3  26.3   MM   MM    MM
2026 09 02 03 10  60  7.0  8.0   1.1    MM   4.4 121 1015.8  28.7  29.3  26.2   MM   MM    MM
2026 09 02 03 00  60  7.0  8.0    MM    MM    MM  MM 1015.7  28.7  29.3  26.2   MM +0.8    MM
2026 09 02 02 50  60  7.0  9.0   1.0     5   4.5 107 1015.8  28.7  29.3  26.4   MM   MM    MM
2026 09 02 02 40  70  7.0  9.0   1.0    MM   4.5 107 1015.8  28.8  29.3  26.3   MM   MM    MM
2026 09 02 02 30  70  8.0  9.0    MM    MM    MM  MM 1015.8  28.8  29.3  26.0   MM   MM    MM
2026 09 02 02 20  70  7.0  9.0   1.0     5   4.4 117 1015.8  28.9  29.3  26.3   MM   MM    MM
2026 09 02 02 10  70  7.0  8.0   1.0    MM   4.4 117 1015.7  29.0  29.3  25.7   MM   MM    MM
2026 09 02 02 00  70  7.0  8.0    MM    MM    MM  MM 1015.7  28.9  29.3  26.0   MM +1.2    MM
2026 09 02 01 50  70  7.0  8.0   1.0     5   4.4 125 1015.6  28.9  29.3  26.1   MM   MM    MM
2026 09 02 01 40  60  7.0  8.0   1.0    MM   4.4 125 1015.7  29.0  29.3  25.8   MM   MM    MM
2026 09 02 01 30  60  6.0  7.0    MM    MM    MM  MM 1015.7  29.1  29.3  25.4   MM   MM    MM
2026 09 02 01 20  70  6.0  7.0   1.0     5   4.4 117 1015.6  29.1  29.3  25.7   MM   MM    MM
2026 09 02 01 10  70  6.0  7.0   1.0    MM   4.4 117 1015.6  29.1  29.3  26.0   MM   MM    MM
2026 09 02 01 00  60  6.0  7.0    MM    MM    MM  MM 1015.5  29.0  29.3  25.8   MM +1.3    MM
2026 09 02 00 50  60  6.0  7.0   1.0     5   4.4 112 1015.3  29.1  29.3  25.7   MM   MM    MM
2026 09 02 00 40  60  7.0  8.0   1.0    MM   4.4 112 1015.2  29.2  29.3  25.3   MM   MM    MM
2026 09 02 00 30  60  6.0  7.0    MM    MM    MM  MM 1015.2  29.2  29.3  25.3   MM   MM    MM
2026 09 02 00 20  60  6.0  7.0   1.0     5   4.4 103 1015.1  29.1  29.3  25.6   MM   MM    MM
2026 09 02 00 10  60  6.0  7.0   1.0    MM   4.4 103 1014.9  29.1  29.3  26.0   MM   MM    MM
2026 09 02 00 00  60  6.0  7.0    MM    MM    MM  MM 1014.9  29.2  29.3  25.7   MM +1.2    MM
2026 09 01 23 50  60  6.0  8.0   1.0     6   4.6 134 1014.8  29.1  29.3  25.7   MM   MM    MM
2026 09 01 23 40  60  6.0  7.0   1.0    MM   4.6 134 1014.6  28.9  29.3  26.1   MM   MM    MM
2026 09 01 23 30  60  6.0  7.0    MM    MM    MM  MM 1014.5  29.0  29.3  26.5   MM   MM    MM
2026 09 01 23 20  60  6.0  7.0   1.0     4   4.5  87 1014.6  29.1  29.3  26.0   MM   MM    MM
2026 09 01 23 10  60  6.0  7.0   1.0    MM   4.5  87 1014.5  29.0  29.3  25.9   MM   MM    MM
2026 09 01 23 00  60  6.0  7.0    MM    MM    MM  MM 1014.5  29.1  29.3  25.9   MM +0.8    MM
2026 09 01 22 50  60  6.0  7.0   1.0     5   4.5  90 1014.5  29.2  29.3  25.6   MM   MM    MM
2026 09 01 22 40  60  6.0  7.0    MM    MM    MM  MM 1014.3  29.2  29.3  25.3   MM   MM    MM
2026 09 01 22 30  60  6.0  7.0    MM    MM    MM  MM 1014.3  29.1  29.3  25.8   MM   MM    MM
2026 09 01 22 20  60  6.0  7.0   1.0     9   4.6 117 1014.3  29.2  29.3  25.9   MM   MM    MM
2026 09 01 22 10  70  6.0  7.0   1.0    MM   4.6 117 1014.2  29.2  29.3  25.9   MM   MM    MM
2026 09 01 22 00  60  5.0  6.0    MM    MM    MM  MM 1014.2  29.2  29.4  25.9   MM +0.3    MM
2026 09 01 21 50  80  6.0  7.0   0.9     7   4.7 124 1014.1  29.2  29.4  25.9   MM   MM    MM
2026 09 01 21 40  80  6.0  7.0   0.9    MM   4.7 124 1014.0  29.3  29.4  25.7   MM   MM    MM
2026 09 01 21 30  70  6.0  6.0    MM    MM    MM  MM 1014.0  29.2  29.4  26.0   MM   MM    MM
2026 09 01 21 20  70  6.0  7.0   0.9     6   4.5 121 1013.9  29.1  29.4  26.0   MM   MM    MM
2026 09 01 21 10  70  6.0  7.0   0.9    MM   4.5 121 1013.9  29.1  29.4  26.4   MM   MM    MM
2026 09 01 21 00  70  6.0  7.0    MM    MM    MM  MM 1013.8  29.1  29.4  26.4   MM -0.6    MM
2026 09 01 20 50  70  6.0  7.0   1.0     9   4.6 105 1013.9  29.1  29.4  26.2   MM   MM    MM
2026 09 01 20 40  80  6.0  7.0    MM    MM    MM  MM 1013.9  29.1  29.5  26.3   MM   MM    MM
2026 09 01 20 30  80  6.0  7.0    MM    MM    MM  MM 1013.7  29.1  29.4  26.1   MM   MM    MM
2026 09 01 20 20  80  6.0  6.0   1.0     8   4.6  95 1013.8  29.1  29.5  26.1   MM   MM    MM
2026 09 01 20 10  70  5.0  6.0   1.0    MM   4.6  95 1013.8  29.2  29.5  26.2   MM   MM    MM
2026 09 01 20 00  70  6.0  7.0    MM    MM    MM  MM 1013.8  29.2  29.4  25.9   MM -1.4    MM
2026 09 01 19 50  80  6.0  7.0   1.0     9   4.7  89 1013.9  29.1  29.5  26.0   MM   MM    MM
2026 09 01 19 40  80  6.0  6.0    MM    MM    MM  MM 1013.9  29.1  29.5  26.1   MM   MM    MM
2026 09 01 19 30  80  5.0  6.0    MM    MM    MM  MM 1014.0  29.1  29.4  26.2   MM   MM    MM
2026 09 01 19 20  80  5.0  7.0   1.0     9   4.6  94 1013.9  29.0  29.5  26.2   MM   MM    MM
2026 09 01 19 10  80  6.0  7.0   1.0    MM   4.6  94 1013.9  29.0  29.4  26.1   MM   MM    MM
2026 09 01 19 00  70  5.0  6.0    MM    MM    MM  MM 1014.0  29.1  29.5  26.0   MM -1.7    MM
2026 09 01 18 50  80  5.0  6.0   1.0     5   4.6 119 1014.1  29.0  29.5  26.2   MM   MM    MM
2026 09 01 18 40  80  5.0  7.0    MM    MM    MM  MM 1014.1  29.0  29.4  26.2   MM   MM    MM
2026 09 01 18 30  70  5.0  7.0    MM    MM    MM  MM 1014.3  29.0  29.5  26.3   MM   MM    MM
2026 09 01 18 20  80  6.0  7.0   1.0     6   4.5 134 1014.2  28.9  29.5  26.0   MM   MM    MM
2026 09 01 18 10  80  6.0  7.0    MM    MM    MM  MM 1014.3  28.9  29.4  26.4   MM   MM    MM
2026 09 01 18 00  80  6.0  7.0    MM    MM    MM  MM 1014.4  29.0  29.4  26.3   MM -1.7    MM
2026 09 01 17 50  80  6.0  7.0   1.0    MM   4.5 117 1014.4  28.9    MM  26.2   MM   MM    MM
2026 09 01 17 40  MM   MM   MM   1.0     5    MM  MM     MM    MM  29.4    MM   MM   MM    MM
2026 09 01 17 30  70  6.0  7.0    MM    MM    MM  MM 1014.7  28.9  29.4  26.1   MM   MM    MM
2026 09 01 17 20  80  6.0  7.0   1.0    MM   4.6 118 1014.9  28.9    MM  26.1   MM   MM    MM
2026 09 01 17 10  70  6.0  7.0   1.0    MM   4.6 118 1015.1  28.9  29.4  26.4   MM   MM    MM
2026 09 01 17 00  80  6.0  7.0    MM    MM    MM  MM 1015.2  28.9  29.4  26.3   MM -1.0    MM
2026 09 01 16 50  80  6.0  7.0   1.1     6   4.5 127 1015.3  29.0  29.4  26.0   MM   MM    MM
2026 09 01 16 40  80  6.0  7.0    MM    MM    MM  MM 1015.4  28.9  29.4  26.0   MM   MM    MM
2026 09 01 16 30  80  6.0  7.0    MM    MM    MM  MM 1015.6  28.9  29.3  26.1   MM   MM    MM
2026 09 01 16 20  70  6.0  7.0   1.1     6   4.4 112 1015.6  28.9  29.3  26.0   MM   MM    MM
2026 09 01 16 10  70  6.0  7.0   1.1    MM   4.4 112 1015.6  28.9  29.3  26.1   MM   MM    MM
2026 09 01 16 00  80  6.0  7.0    MM    MM    MM  MM 1015.6  29.0  29.3  26.2   MM +0.0    MM
2026 09 01 15 50  70  6.0  7.0   1.1     6   4.6 122 1015.8  28.9  29.3  26.0   MM   MM    MM
2026 09 01 15 40  70  6.0  7.0   1.1    MM   4.6 122 1015.9  28.9  29.3  25.9   MM   MM    MM
2026 09 01 15 30  70  6.0  7.0    MM    MM    MM  MM 1015.9  28.9  29.3  25.9   MM   MM    MM
2026 09 01 15 20  70  6.0  7.0   1.1     5   4.5  96 1016.0  28.9  29.2  25.9   MM   MM    MM
2026 09 01 15 10  70  6.0  7.0   1.1    MM   4.5  96 1015.9  28.9  29.2  25.8   MM   MM    MM
2026 09 01 15 00  70  6.0  7.0    MM    MM    MM  MM 1016.0  28.9  29.2  25.9   MM +0.7    MM
2026 09 01 14 50  60  6.0  7.0   1.2     5   4.6 124 1016.1  28.9  29.2  25.9   MM   MM    MM
2026 09 01 14 40  70  6.0  8.0   1.2    MM   4.6 124 1016.1  28.9  29.2  25.7   MM   MM    MM
2026 09 01 14 30  60  7.0  8.0    MM    MM    MM  MM 1016.2  28.9  29.2  25.8   MM   MM    MM
2026 09 01 14 20  70  6.0  7.0   1.2     5   4.6 116 1016.2  28.9  29.2  25.8   MM   MM    MM
2026 09 01 14 10  70  6.0  8.0   1.2    MM   4.6 116 1016.1  28.8  29.2  25.8   MM   MM    MM
2026 09 01 14 00  70  6.0  7.0    MM    MM    MM  MM 1016.2  28.8  29.2  25.8   MM +1.5    MM
2026 09 01 13 50  80  7.0  8.0   1.2    MM   4.7 108 1016.1  28.8  29.2  25.9   MM   MM    MM
2026 09 01 13 40  70  7.0  8.0   1.2    MM   4.7 108 1016.0  28.8  29.2  25.7   MM   MM    MM
2026 09 01 13 30  70  7.0  8.0    MM    MM    MM  MM 1015.9  28.8  29.2  25.6   MM   MM    MM
2026 09 01 13 20  70  7.0  8.0   1.2     5   4.6 121 1015.8  28.8  29.2  25.6   MM   MM    MM
2026 09 01 13 10  60  7.0  8.0    MM    MM    MM  MM 1015.9  28.8  29.1  25.6   MM   MM    MM
2026 09 01 13 00  60  6.0  7.0    MM    MM    MM  MM 1015.8  28.8  29.1  25.7   MM +1.3    MM
2026 09 01 12 50  60  7.0  8.0   1.1    MM   4.6 130 1015.8  28.8    MM  25.7   MM   MM    MM
2026 09 01 12 40  MM   MM   MM   1.1     6    MM  MM     MM    MM  29.1    MM   MM   MM    MM
2026 09 01 12 30  60  7.0  8.0    MM    MM    MM  MM 1015.6  28.8  29.1  25.8   MM   MM    MM
2026 09 01 12 20  70  6.0  8.0   1.2     5   4.7 120 1015.7  28.8  29.1  25.8   MM   MM    MM
2026 09 01 12 10  70  7.0  8.0   1.2    MM   4.7 120 1015.5  28.8  29.1  25.6   MM   MM    MM
2026 09 01 12 00  70  7.0  8.0    MM    MM    MM  MM 1015.4  28.9  29.1  25.7   MM +1.3    MM
2026 09 01 11 50  70  7.0  8.0   1.1     5   4.6 108 1015.3  28.8  29.1  25.7   MM   MM    MM
2026 09 01 11 40  70  7.0  8.0    MM    MM    MM  MM 1015.2  28.8  29.1  25.8   MM   MM    MM
2026 09 01 11 30  70  7.0  8.0    MM    MM    MM  MM 1015.1  28.7  29.1  26.1   MM   MM    MM
2026 09 01 11 20  70  7.0  8.0   1.1     6   4.8 121 1015.0  28.7  29.1  26.1   MM   MM    MM
2026 09 01 11 10  70  7.0  8.0    MM    MM    MM  MM 1014.8  28.8  29.1  25.8   MM   MM    MM
2026 09 01 11 00  70  7.0  8.0    MM    MM    MM  MM 1014.7  28.8  29.1  25.6   MM +0.4    MM
2026 09 01 10 50  70  7.0  8.0   1.2     6   4.7 120 1014.7  28.7  29.1  25.8   MM   MM    MM
2026 09 01 10 40  70  7.0  8.0    MM    MM    MM  MM 1014.6  28.7  29.1  25.6   MM   MM    MM
2026 09 01 10 30  70  7.0  9.0    MM    MM    MM  MM 1014.5  28.7  29.1  25.8   MM   MM    MM
2026 09 01 10 20  70  7.0  8.0   1.1     6   4.7 117 1014.4  28.7  29.1  25.8   MM   MM    MM
2026 09 01 10 10  70  7.0  8.0   1.1    MM   4.7 117 1014.5  28.7  29.1  26.0   MM   MM    MM
2026 09 01 10 00  70  7.0  8.0    MM    MM    MM  MM 1014.5  28.6  29.1  25.9   MM -0.0    MM
2026 09 01 09 50  70  6.0  8.0   1.3     6   5.0 127 1014.4  28.6  29.1  26.1   MM   MM    MM
2026 09 01 09 40  70  6.0  8.0    MM    MM    MM  MM 1014.5  28.6  29.1  26.0   MM   MM    MM
2026 09 01 09 30  70  6.0  8.0    MM    MM    MM  MM 1014.4  28.6  29.1  26.1   MM   MM    MM
2026 09 01 09 20  70  7.0  8.0   1.2     6   4.9 126 1014.3  28.6  29.1  25.9   MM   MM    MM
2026 09 01 09 10  70  7.0  8.0    MM    MM    MM  MM 1014.3  28.5  29.1  26.1   MM   MM    MM
2026 09 01 09 00  70  6.0  8.0    MM    MM    MM  MM 1014.0  28.5  29.2  26.2   MM -0.8    MM
2026 09 01 08 50  60  6.0  8.0   1.2     5   4.7  93 1014.0  28.6  29.2  26.4   MM   MM    MM
2026 09 01 08 40  70  7.0  8.0   1.2    MM   4.7  93 1014.1  28.6  29.2  26.3   MM   MM    MM
2026 09 01 08 30  70  7.0  8.0    MM    MM    MM  MM 1014.2  28.6  29.2  26.2   MM   MM    MM
2026 09 01 08 20  60  7.0  8.0   1.2     6   4.8 108 1014.2  28.6  29.1  26.4   MM   MM    MM
2026 09 01 08 10  70  7.0  8.0    MM    MM    MM  MM 1014.2  28.6  29.2  26.4   MM   MM    MM
2026 09 01 08 00  60  7.0  8.0    MM    MM    MM  MM 1014.2  28.6  29.2  26.3   MM -1.0    MM
2026 09 01 07 50  60  7.0  8.0   1.2     6   4.8 102 1014.2  28.6  29.2  26.4   MM   MM    MM
2026 09 01 07 40  80  7.0  8.0    MM    MM    MM  MM 1014.5  28.6  29.2  26.3   MM   MM    MM
2026 09 01 07 30  80  7.0  8.0    MM    MM    MM  MM 1014.5  28.6  29.2  26.2   MM   MM    MM
2026 09 01 07 20  80  7.0  8.0   1.3     5   4.8  87 1014.5  28.6  29.2  26.3   MM   MM    MM
2026 09 01 07 10  70  7.0  8.0   1.3    MM   4.8  87 1014.5  28.6  29.2  26.2   MM   MM    MM
2026 09 01 07 00  70  7.0  8.0    MM    MM    MM  MM 1014.5  28.7    MM  26.5   MM -1.4    MM
2026 09 01 06 50  70  7.0  8.0   1.3     5   5.0  99 1014.6  28.6  29.2  26.3   MM   MM    MM
2026 09 01 06 40  80  6.0  7.0   1.3    MM   5.0  99 1014.7  28.7  29.2  26.5   MM   MM    MM
2026 09 01 06 30  80  6.0  7.0    MM    MM    MM  MM 1014.8  28.6  29.2  26.4   MM   MM    MM
2026 09 01 06 20  70  6.0  7.0   1.3     6   4.8 106 1014.8  28.6  29.2  26.5   MM   MM    MM
2026 09 01 06 10  60  6.0  8.0   1.3    MM   4.8 106 1014.7  28.6  29.2  26.5   MM   MM    MM
2026 09 01 06 00  70  7.0  8.0    MM    MM    MM  MM 1014.8  28.6    MM  26.4   MM -1.0    MM
2026 09 01 05 50  70  6.0  8.0   1.3     5   4.7  87 1014.8  28.6  29.2  26.5   MM   MM    MM
2026 09 01 05 40  80  6.0  8.0    MM    MM    MM  MM 1015.0  28.7  29.2  26.4   MM   MM    MM
2026 09 01 05 30  80  7.0  8.0    MM    MM    MM  MM 1015.1  28.7  29.2  26.4   MM   MM    MM
2026 09 01 05 20  80  7.0  8.0   1.3     6   4.6 113 1015.1  28.7  29.2  26.5   MM   MM    MM
2026 09 01 05 10  70  7.0  8.0   1.3    MM   4.6 113 1015.2  28.7  29.2  26.6   MM   MM    MM
2026 09 01 05 00  70  7.0  9.0    MM    MM    MM  MM 1015.2  28.7  29.2  26.5   MM -0.6    MM
2026 09 01 04 50  70  7.0  8.0   1.4     6   4.8 105 1015.3  28.7  29.2  26.6   MM   MM    MM
2026 09 01 04 40  70  7.0  9.0   1.4    MM   4.8 105 1015.4  28.7  29.2  26.6   MM   MM    MM
2026 09 01 04 30  70  7.0  8.0    MM    MM    MM  MM 1015.4  28.8  29.2  26.6   MM   MM    MM
2026 09 01 04 20  70  7.0  9.0   1.4     6   4.6 108 1015.6  28.8  29.2  26.6   MM   MM    MM
2026 09 01 04 10  70  7.0  9.0   1.4    MM   4.6 108 1015.8  28.8  29.2  26.6   MM   MM    MM
2026 09 01 04 00  80  7.0  8.0    MM    MM    MM  MM 1015.9  28.8  29.2  26.8   MM +0.3    MM
2026 09 01 03 50  80  7.0  9.0   1.5     5   4.7  87 1015.9  28.8  29.2  26.7   MM   MM    MM
2026 09 01 03 40  70  7.0  9.0   1.5    MM   4.7  87 1015.9  28.8  29.2  26.7   MM   MM    MM
2026 09 01 03 30  80  7.0  9.0    MM    MM    MM  MM 1015.9  28.9  29.2  26.8   MM   MM    MM
2026 09 01 03 20  80  8.0 10.0   1.5     6   4.8 115 1016.0  28.9  29.2  26.6   MM   MM    MM
2026 09 01 03 10  80  8.0  9.0   1.5    MM   4.8 115 1015.9  28.9  29.2  27.0   MM   MM    MM
2026 09 01 03 00  80  8.0 10.0    MM    MM    MM  MM 1015.9  28.9  29.2  26.7   MM +1.0    MM
2026 09 01 02 50  70  8.0 10.0   1.5     6   4.7  92 1015.9  28.9  29.2  26.9   MM   MM    MM
2026 09 01 02 40  70  8.0 10.0   1.5    MM   4.7  92 1016.0  28.9  29.2  26.7   MM   MM    MM
2026 09 01 02 30  70  8.0  9.0    MM    MM    MM  MM 1016.1  28.9  29.2  26.7   MM   MM    MM
2026 09 01 02 20  70  8.0 10.0   1.6     5   4.8  97 1016.0  28.9  29.2  26.7   MM   MM    MM
2026 09 01 02 10  70  8.0 10.0   1.6    MM   4.8  97 1015.9  28.9  29.2  26.8   MM   MM    MM
2026 09 01 02 00  70  8.0 10.0    MM    MM    MM  MM 1015.8  28.9  29.2  27.0   MM +1.6    MM
2026 09 01 01 50  70  9.0 10.0   1.5     6   4.8 105 1015.8  29.0  29.2  26.8   MM   MM    MM
2026 09 01 01 40  70  9.0 11.0    MM    MM    MM  MM 1015.7  29.0  29.3  26.7   MM   MM    MM
2026 09 01 01 30  70  9.0 10.0    MM    MM    MM  MM 1015.7  29.0  29.3  26.6   MM   MM    MM
2026 09 01 01 20  70  8.0 10.0   1.4     9   4.8  80 1015.8  29.0  29.3  26.8   MM   MM    MM
2026 09 01 01 10  70  8.0  9.0   1.4    MM   4.8  80 1015.7  29.0  29.3  26.9   MM   MM    MM
2026 09 01 01 00  70  8.0 10.0    MM    MM    MM  MM 1015.6  29.0  29.3  26.8   MM +1.7    MM
2026 09 01 00 50  70  8.0 10.0   1.3     6   4.7 102 1015.4  29.0  29.3  26.8   MM   MM    MM
2026 09 01 00 40  80  8.0 10.0    MM    MM    MM  MM 1015.4  29.0    MM  26.8   MM   MM    MM
2026 09 01 00 30  70  8.0  9.0    MM    MM    MM  MM 1015.4  29.1  29.3  26.9   MM   MM    MM
2026 09 01 00 20  80  8.0  9.0   1.3     6   4.6 109 1015.3  29.1  29.3  26.8   MM   MM    MM
2026 09 01 00 10  80  8.0 10.0   1.3    MM   4.6 109 1015.1  29.1  29.3  26.8   MM   MM    MM
2026 09 01 00 00  80  8.0 10.0    MM    MM    MM  MM 1014.8  29.1  29.3  27.0   MM +1.0    MM
2026 08 31 23 50  80  9.0 10.0   1.3     5   4.7 103 1014.7  29.0  29.3  27.0   MM   MM    MM
2026 08 31 23 40  70  9.0 10.0   1.3    MM   4.7 103 1014.5  29.1  29.3  27.0   MM   MM    MM
2026 08 31 22 40  70  7.0  9.0   1.2    MM   4.8  91 1014.2  29.0  29.3  27.0   MM   MM    MM
2026 08 31 22 30  70  7.0  9.0    MM    MM    MM  MM 1014.1  29.0  29.3  27.0   MM   MM    MM
2026 08 31 22 20  60  7.0  8.0   1.2     6   4.7  83 1014.0  29.0  29.3  27.1   MM   MM    MM
2026 08 31 22 10  70  7.0  8.0   1.2    MM   4.7  83 1013.9  29.0  29.3  27.0   MM   MM    MM
2026 08 31 22 00  70  7.0  8.0    MM    MM    MM  MM 1013.9  29.1  29.3  27.0   MM -0.0    MM
2026 08 31 21 50  70  7.0  8.0   1.2     9   4.8  93 1013.8  29.0  29.3  26.9   MM   MM    MM
2026 08 31 21 40  70  7.0  8.0   1.2    MM   4.8  93 1013.7  29.0  29.3  27.0   MM   MM    MM
2026 08 31 21 30  70  7.0  8.0    MM    MM    MM  MM 1013.8  29.1  29.3  27.0   MM   MM    MM
2026 08 31 21 20  70  7.0  8.0   1.1     6   4.5 106 1013.9  29.1  29.3  26.9   MM   MM    MM
2026 08 31 21 10  70  7.0  8.0    MM    MM    MM  MM 1013.9  29.1  29.3  27.0   MM   MM    MM
2026 08 31 21 00  80  7.0  8.0    MM    MM    MM  MM 1013.8  29.2  29.4  27.0   MM -0.7    MM
2026 08 31 20 50  80  7.0  8.0   1.2     5   4.7 112 1013.9  29.1  29.3  27.0   MM   MM    MM
2026 08 31 20 40  90  7.0  8.0   1.2    MM   4.7 112 1013.8  29.1  29.3  27.0   MM   MM    MM
2026 08 31 20 30  90  7.0  8.0    MM    MM    MM  MM 1013.8  29.2  29.3  27.0   MM   MM    MM
2026 08 31 20 20  90  7.0  8.0   1.2     5   4.7 102 1013.8  29.2  29.4  26.8   MM   MM    MM
2026 08 31 20 10  90  7.0  8.0   1.2    MM   4.7 102 1013.8  29.2  29.4  26.9   MM   MM    MM
2026 08 31 20 00  90  7.0  8.0    MM    MM    MM  MM 1013.8  29.1  29.4  26.8   MM -1.4    MM
2026 08 31 19 50  90  7.0  8.0   1.2     6   4.7 100 1014.0  29.2  29.3  27.1   MM   MM    MM
2026 08 31 19 40  90  7.0  9.0    MM    MM    MM  MM 1013.9  29.1  29.3  26.9   MM   MM    MM
2026 08 31 19 30  90  7.0  8.0    MM    MM    MM  MM 1013.9  29.2  29.3  27.0   MM   MM    MM
2026 08 31 19 20  90  7.0  8.0   1.2     5   4.6 108 1014.0  29.3  29.3  26.7   MM   MM    MM
2026 08 31 19 10  90  7.0  8.0    MM    MM    MM  MM 1014.0  29.2  29.3  27.1   MM   MM    MM
2026 08 31 19 00  90  7.0  9.0    MM    MM    MM  MM 1014.1  29.2    MM  27.1   MM -1.4    MM
2026 08 31 18 50  90  7.0  9.0   1.2     5   4.6 105 1014.2  29.2  29.3  27.0   MM   MM    MM
2026 08 31 18 40  90  8.0  9.0    MM    MM    MM  MM 1014.3  29.2    MM  27.0   MM   MM    MM
2026 08 31 18 30  90  7.0  9.0    MM    MM    MM  MM 1014.4  29.2  29.3  27.1   MM   MM    MM
2026 08 31 18 20  90  7.0  9.0   1.2     6   4.4 113 1014.5  29.1  29.3  26.9   MM   MM    MM
2026 08 31 18 10  90  7.0  9.0   1.2    MM   4.4 113 1014.5  29.2  29.3  27.1   MM   MM    MM
2026 08 31 18 00  90  9.0 10.0    MM    MM    MM  MM 1014.6  29.1  29.3  26.8   MM -1.5    MM
2026 08 31 17 50  90  8.0  9.0   1.2     5   4.5 120 1014.6  29.1  29.2  26.9   MM   MM    MM
2026 08 31 17 40  90  8.0  9.0   1.2    MM   4.5 120 1014.8  29.1  29.3  26.8   MM   MM    MM
2026 08 31 17 30  90  8.0  9.0    MM    MM    MM  MM 1014.9  29.1  29.2  26.9   MM   MM    MM
2026 08 31 17 20  80  8.0  9.0   1.2     6   4.4 112 1015.0  29.1  29.2  26.9   MM   MM    MM
2026 08 31 17 10  80  8.0 10.0   1.2    MM   4.4 112 1015.1  29.1  29.2  27.0   MM   MM    MM
2026 08 31 17 00  80  8.0  9.0    MM    MM    MM  MM 1015.3  29.1  29.2  27.1   MM -0.7    MM
2026 08 31 16 50  80  8.0 10.0   1.2     6   4.5 116 1015.3  29.1  29.2  27.0   MM   MM    MM
2026 08 31 16 40  80  8.0 10.0   1.2    MM   4.5 116 1015.2  29.0  29.2  27.0   MM   MM    MM
2026 08 31 16 30  80  8.0 10.0    MM    MM    MM  MM 1015.3  29.1    MM  27.0   MM   MM    MM
2026 08 31 16 20  80  9.0 10.0   1.2     6   4.8 117 1015.4  29.0  29.2  27.0   MM   MM    MM
2026 08 31 16 10  90  8.0 10.0   1.2    MM   4.8 117 1015.4  29.0  29.2  26.9   MM   MM    MM
2026 08 31 16 00  90  8.0 10.0    MM    MM    MM  MM 1015.5  29.0  29.2  26.8   MM +0.0    MM
2026 08 31 15 50  80  8.0  9.0   1.2     7   4.8 117 1015.6  28.9  29.2  26.7   MM   MM    MM
2026 08 31 15 40  80  7.0  9.0   1.2    MM   4.8 117 1015.7  28.9  29.2  26.9   MM   MM    MM
2026 08 31 15 30  80  7.0  8.0    MM    MM    MM  MM 1015.8  28.9  29.2  26.7   MM   MM    MM
2026 08 31 15 20  80  7.0  9.0   1.2     6   4.5 129 1015.9  28.8  29.2  26.5   MM   MM    MM
2026 08 31 15 10  70  8.0  9.0   1.2    MM   4.5 129 1016.0  28.8  29.2  26.5   MM   MM    MM
2026 08 31 15 00  80  7.0  9.0    MM    MM    MM  MM 1016.0  28.8  29.1  26.7   MM +1.5    MM
2026 08 31 14 50  90  8.0  9.0   1.3     6   4.8 116 1015.9  28.9  29.2  26.5   MM   MM    MM
2026 08 31 14 40  80  8.0  9.0    MM    MM    MM  MM 1015.9  29.0  29.1  26.5   MM   MM    MM
2026 08 31 14 30  80  8.0  9.0    MM    MM    MM  MM 1015.9  29.0  29.1  26.2   MM   MM    MM
2026 08 31 14 20  80  7.0  8.0   1.3     6   4.8 126 1015.9  28.9  29.1  26.0   MM   MM    MM
2026 08 31 14 10  80  7.0  8.0   1.3    MM   4.8 126 1016.0  28.9  29.1  25.9   MM   MM    MM
2026 08 31 14 00  80  7.0  8.0    MM    MM    MM  MM 1015.9  28.9  29.1  26.1   MM +1.9    MM
2026 08 31 13 50  80  6.0  8.0   1.3     6   4.8 109 1015.8  28.8  29.1  26.2   MM   MM    MM
2026 08 31 13 40  80  7.0  8.0    MM    MM    MM  MM 1015.7  28.7  29.1  26.3   MM   MM    MM
2026 08 31 13 30  80  7.0  8.0    MM    MM    MM  MM 1015.6  28.7  29.1  26.2   MM   MM    MM
2026 08 31 13 20  70  7.0  8.0   1.3     5   4.7 112 1015.6  28.7  29.1  26.2   MM   MM    MM
2026 08 31 13 10  80  7.0  8.0   1.3    MM   4.7 112 1015.6  28.7  29.1  26.4   MM   MM    MM
2026 08 31 13 00  80  7.0  8.0    MM    MM    MM  MM 1015.5  28.6  29.1  26.4   MM +1.3    MM
2026 08 31 12 50  90  7.0  9.0   1.4     6   5.0 108 1015.3  28.6  29.1  26.7   MM   MM    MM
2026 08 31 12 40  80  7.0  8.0    MM    MM    MM  MM 1015.1  28.5  29.1  26.5   MM   MM    MM
2026 08 31 12 30  80  7.0  8.0    MM    MM    MM  MM 1014.9  28.5  29.1  26.5   MM   MM    MM
2026 08 31 12 20  80  7.0  9.0   1.3     6   4.8  90 1014.8  28.4  29.1  26.4   MM   MM    MM
2026 08 31 12 10  80  7.0  8.0   1.3    MM   4.8  90 1014.6  28.5  29.1  26.3   MM   MM    MM
2026 08 31 12 00  80  7.0  8.0    MM    MM    MM  MM 1014.6  28.5  29.1  26.2   MM +0.4    MM
2026 08 31 11 50  80  8.0  9.0   1.3     6   4.8  89 1014.5  28.5  29.1  26.2   MM   MM    MM
2026 08 31 11 40  80  8.0  9.0   1.3    MM   4.8  89 1014.3  28.6  29.1  26.2   MM   MM    MM
2026 08 31 11 30  80  8.0  9.0    MM    MM    MM  MM 1014.1  28.6  29.1  26.1   MM   MM    MM
2026 08 31 11 20  80  8.0  9.0   1.4     6   5.1  74 1014.0  28.4  29.1  25.9   MM   MM    MM
2026 08 31 11 10  70  7.0  9.0   1.4    MM   5.1  74 1014.0  28.4  29.1  26.0   MM   MM    MM
2026 08 31 11 00  80  7.0  8.0    MM    MM    MM  MM 1014.0  28.4  29.1  26.0   MM -0.4    MM
2026 08 31 10 50  90  7.0  8.0   1.4     6   5.3  93 1013.9  28.3  29.1  25.8   MM   MM    MM
2026 08 31 10 40  90  7.0  8.0   1.4    MM   5.3  93 1013.9  28.2  29.1  25.9   MM   MM    MM
2026 08 31 10 30  90  7.0  8.0    MM    MM    MM  MM 1013.9  28.1  29.1  26.0   MM   MM    MM
2026 08 31 10 20  90  6.0  7.0   1.5     6   5.3  84 1014.0  27.9  29.1  26.1   MM   MM    MM
2026 08 31 10 10  80  6.0  8.0   1.5    MM   5.3  84 1014.1  27.8  29.1  25.8   MM   MM    MM
2026 08 31 10 00  80  6.0  8.0    MM    MM    MM  MM 1014.2  27.8  29.1  25.7   MM -0.4    MM
2026 08 31 09 50  70  7.0  8.0   1.5     6   5.2  93 1014.2  27.8  29.1  25.6   MM   MM    MM
2026 08 31 09 40  70  7.0  9.0   1.5    MM   5.2  93 1014.2  27.7  29.1  25.6   MM   MM    MM
2026 08 31 09 30  70  7.0  9.0    MM    MM    MM  MM 1014.2  27.7  29.1  25.6   MM   MM    MM
2026 08 31 09 20  80  7.0  8.0   1.5     6   5.3  78 1014.2  27.7  29.1  24.9   MM   MM    MM
2026 08 31 09 10  80  8.0  9.0   1.5    MM   5.3  78 1014.2  27.8  29.1  24.8   MM   MM    MM
2026 08 31 09 00  90  8.0  9.0    MM    MM    MM  MM 1014.2  27.8  29.1  24.8   MM -0.8    MM
2026 08 31 08 50  80  7.0  8.0   1.5     6   5.3  92 1014.3  27.8  29.1  24.9   MM   MM    MM
2026 08 31 08 40  80  6.0  8.0    MM    MM    MM  MM 1014.4  27.7  29.1  25.3   MM   MM    MM
2026 08 31 08 30  60  6.0  8.0    MM    MM    MM  MM 1014.4  27.7  29.1  25.7   MM   MM    MM
2026 08 31 08 20  80  6.0  8.0   1.6     6   5.4  76 1014.4  27.7  29.1  26.1   MM   MM    MM
2026 08 31 08 10  80  6.0  8.0    MM    MM    MM  MM 1014.3  27.8  29.1  26.0   MM   MM    MM
2026 08 31 08 00  90  7.0  8.0    MM    MM    MM  MM 1014.4  27.8  29.1  26.0   MM -1.0    MM
2026 08 31 07 50  80  7.0  8.0   1.6     7   5.3  73 1014.5  27.7  29.1  26.0   MM   MM    MM
2026 08 31 07 40  80  7.0  8.0   1.6    MM   5.3  73 1014.6  27.8  29.1  25.8   MM   MM    MM
2026 08 31 07 30  70  7.0  8.0    MM    MM    MM  MM 1014.6  27.8  29.1  26.0   MM   MM    MM
2026 08 31 07 20  80  7.0  8.0   1.7     7   5.3  76 1014.6  27.9    MM  26.2   MM   MM    MM
2026 08 31 07 10  80  7.0  8.0   1.7    MM   5.3  76 1014.5  27.9    MM  26.2   MM   MM    MM
2026 08 31 07 00  90  7.0  8.0    MM    MM    MM  MM 1014.6  27.8    MM  26.1   MM -1.5    MM
2026 08 31 06 50  90  7.0  8.0   1.7     7   5.4  80 1014.6  27.8    MM  26.2   MM   MM    MM
2026 08 31 06 40  90  7.0  8.0    MM    MM    MM  MM 1014.7  27.8  29.1  26.3   MM   MM    MM
2026 08 31 06 30  90  7.0  8.0    MM    MM    MM  MM 1014.8  27.8  29.1  26.4   MM   MM    MM
2026 08 31 06 20  80  6.0  8.0   1.7     7   5.3  70 1014.8  27.8  29.1  26.4   MM   MM    MM
2026 08 31 06 10  90  6.0  7.0   1.7    MM   5.3  70 1015.0  27.8  29.1  26.3   MM   MM    MM
2026 08 31 06 00  80  6.0  8.0    MM    MM    MM  MM 1015.0  27.8  29.1  26.3   MM -0.6    MM
2026 08 31 05 50  80  6.0  8.0   2.0     7   5.5  73 1015.1  27.7  29.1  26.2   MM   MM    MM
2026 08 31 05 40  70  6.0  7.0   2.0    MM   5.5  73 1015.1  27.6  29.1  26.2   MM   MM    MM
2026 08 31 05 30  60  6.0  8.0    MM    MM    MM  MM 1015.2  27.6  29.1  26.1   MM   MM    MM
2026 08 31 05 20  70  7.0  8.0   2.0     7   5.5  75 1015.1  27.7  29.1  26.1   MM   MM    MM
2026 08 31 05 10  70  7.0  8.0   2.0    MM   5.5  75 1015.1  27.6  29.1  26.1   MM   MM    MM
2026 08 31 05 00  70  8.0  9.0    MM    MM    MM  MM 1015.3  27.6  29.1  26.0   MM +0.0    MM
2026 08 31 04 50  70  8.0 10.0   2.2     7   5.4  78 1015.5  27.6  29.1  25.9   MM   MM    MM
2026 08 31 04 40  80  9.0 11.0    MM    MM    MM  MM 1015.9  27.7  29.1  25.8   MM   MM    MM
2026 08 31 04 30  80  9.0 11.0    MM    MM    MM  MM 1015.9  27.7  29.1  25.9   MM   MM    MM
2026 08 31 04 20  80  9.0 11.0   2.2     7   5.2  79 1016.0  27.6  29.1  26.0   MM   MM    MM
2026 08 31 04 10  90  9.0 10.0   2.2    MM   5.2  79 1016.0  27.6  29.1  25.9   MM   MM    MM
2026 08 31 04 00  80 10.0 12.0    MM    MM    MM  MM 1016.1  27.5  29.1  25.9   MM +0.9    MM
2026 08 31 03 50  80 10.0 12.0   2.0     6   5.1  80 1016.0  27.5  29.1  25.4   MM   MM    MM
2026 08 31 03 40  80 11.0 13.0   2.0    MM   5.1  80 1016.0  27.8  29.1  25.8   MM   MM    MM
2026 08 31 03 30  80 12.0 14.0    MM    MM    MM  MM 1015.9  27.9  29.1  25.9   MM   MM    MM
2026 08 31 03 20  70 12.0 14.0   1.9     6   5.0  80 1015.7  27.8  29.1  25.9   MM   MM    MM
2026 08 31 03 10  80 11.0 14.0   1.9    MM   5.0  80 1015.8  27.9  29.1  26.2   MM   MM    MM
2026 08 31 03 00  80 12.0 15.0    MM    MM    MM  MM 1015.6  27.9  29.1  26.2   MM +1.2    MM
2026 08 31 02 50  80 12.0 14.0   1.6     5   4.6  99 1015.9  27.9  29.1  26.2   MM   MM    MM
2026 08 31 02 40  80 11.0 13.0    MM    MM    MM  MM 1015.8  27.9  29.1  26.2   MM   MM    MM
2026 08 31 02 30  80 11.0 13.0    MM    MM    MM  MM 1015.6  27.8  29.1  26.1   MM   MM    MM
2026 08 31 02 20  80 12.0 14.0   1.5     4   4.5  99 1015.5  27.8  29.1  26.1   MM   MM    MM
2026 08 31 02 10  80 12.0 14.0   1.5    MM   4.5  99 1015.6  27.8  29.1  26.1   MM   MM    MM
2026 08 31 02 00  80 12.0 14.0    MM    MM    MM  MM 1015.5  27.9  29.1  26.3   MM +2.2    MM
2026 08 31 01 50  80 12.0 14.0   1.5    11   4.7  88 1015.4  27.9  29.2  26.4   MM   MM    MM
2026 08 31 01 40  80 12.0 13.0    MM    MM    MM  MM 1015.6  27.8  29.1  26.3   MM   MM    MM
2026 08 31 01 30  80 11.0 14.0    MM    MM    MM  MM 1015.6  27.8  29.1  26.5   MM   MM    MM
2026 08 31 01 20  80 11.0 13.0   1.4    10   4.9  67 1015.3  28.0  29.2  26.6   MM   MM    MM
2026 08 31 01 10  80 10.0 12.0   1.4    MM   4.9  67 1015.2  28.2  29.2  26.5   MM   MM    MM
2026 08 31 01 00  90  9.0 11.0    MM    MM    MM  MM 1015.2  28.8  29.2  26.9   MM +2.0    MM
2026 08 31 00 50 100  8.0 10.0   1.3    11   5.1  72 1015.1  28.9  29.2  26.7   MM   MM    MM
2026 08 31 00 40 100  9.0 11.0    MM    MM    MM  MM 1014.9  28.8    MM  26.5   MM   MM    MM
2026 08 31 00 30 100  8.0 10.0    MM    MM    MM  MM 1014.5  28.8  29.2  26.9   MM   MM    MM
2026 08 31 00 20 100  8.0  9.0   1.3    11   5.3  85 1014.4  28.8  29.2  26.9   MM   MM    MM
2026 08 31 00 10 100  7.0  9.0   1.3    MM   5.3  85 1014.3  29.0  29.2  26.5   MM   MM    MM
2026 08 31 00 00 110  7.0  8.0    MM    MM    MM  MM 1014.3  28.9  29.2  26.0   MM +1.4    MM
2026 08 30 23 50 110  7.0  8.0   1.4    11   5.7  84 1014.1  28.7  29.2  25.8   MM   MM    MM
2026 08 30 23 40 110  7.0  9.0   1.4    MM   5.7  84 1014.0  28.9  29.2  25.1   MM   MM    MM
2026 08 30 23 20 100  7.0  9.0   1.4    11   5.4  87 1013.7  28.9  29.2  26.9   MM   MM    MM
2026 08 30 23 10 100  7.0  8.0   1.4    MM   5.4  87 1013.5  29.0  29.2  27.0   MM   MM    MM
2026 08 30 23 00 110  7.0  8.0    MM    MM    MM  MM 1013.3  29.0  29.2  27.0   MM +0.5    MM
2026 08 30 22 50 110  7.0  9.0   1.4    12   5.7  85 1013.2  29.0  29.2  26.8   MM   MM    MM
2026 08 30 22 40 110  7.0  9.0   1.4    MM   5.7  85 1013.1  29.0  29.2  26.8   MM   MM    MM
2026 08 30 22 30 120  7.0  9.0    MM    MM    MM  MM 1013.1  29.0  29.2  26.8   MM   MM    MM
2026 08 30 22 20 120  7.0  8.0   1.4    12   5.7  96 1013.2  29.0  29.2  26.9   MM   MM    MM
2026 08 30 22 10 120  7.0  8.0    MM    MM    MM  MM 1013.2  29.0  29.2  26.9   MM   MM    MM
2026 08 30 22 00 120  7.0  8.0    MM    MM    MM  MM 1013.2  28.9  29.2  26.8   MM +0.7    MM
2026 08 30 21 50 120  7.0  8.0   1.5    11   6.0  84 1013.1  28.9  29.2  27.1   MM   MM    MM
2026 08 30 21 40 120  7.0  9.0    MM    MM    MM  MM 1013.0  28.8  29.2  26.8   MM   MM    MM
2026 08 30 21 30 120  7.0  9.0    MM    MM    MM  MM 1013.0  28.7  29.2  27.0   MM   MM    MM
2026 08 30 21 20 120  7.0  8.0   1.6    11   6.2  90 1013.2  28.6  29.2  27.2   MM   MM    MM
2026 08 30 21 10 110  6.0  8.0    MM    MM    MM  MM 1013.1  28.4  29.2  27.1   MM   MM    MM
2026 08 30 21 00 120  7.0  8.0    MM    MM    MM  MM 1012.9  28.3  29.2  26.9   MM +0.3    MM
2026 08 30 20 50 120  6.0  8.0   1.5    11   6.0  83 1012.9  28.2  29.2  27.1   MM   MM    MM
2026 08 30 20 40 130  6.0  7.0    MM    MM    MM  MM 1013.0  28.0  29.2  27.0   MM   MM    MM
2026 08 30 20 30 140  5.0  7.0    MM    MM    MM  MM 1013.0  27.7  29.2  27.0   MM   MM    MM
2026 08 30 20 20 140  5.0  6.0   1.4    12   5.5  86 1013.0  27.5  29.2  26.7   MM   MM    MM
2026 08 30 20 10 140  6.0  8.0   1.4    MM   5.5  86 1012.8  27.1  29.2  26.1   MM   MM    MM
2026 08 30 20 00 140  8.0 10.0    MM    MM    MM  MM 1012.7  26.9  29.2  25.8   MM -0.0    MM
2026 08 30 19 50 120  8.0 10.0   1.4    11   5.9  80 1013.0  27.9  29.2  26.8   MM   MM    MM
2026 08 30 19 40 100  8.0  9.0    MM    MM    MM  MM 1012.7  28.6  29.2  27.0   MM   MM    MM
2026 08 30 19 30 100  8.0  9.0    MM    MM    MM  MM 1012.6  28.5  29.2  27.0   MM   MM    MM
2026 08 30 19 20  90  7.0  9.0   1.3    12   5.7  89 1012.6  28.5  29.2  27.1   MM   MM    MM
2026 08 30 19 10 100  8.0  9.0    MM    MM    MM  MM 1012.6  28.5  29.2  27.1   MM   MM    MM
2026 08 30 19 00 100  7.0  8.0    MM    MM    MM  MM 1012.6  28.4    MM  27.1   MM -2.0    MM
2026 08 30 18 50 100  7.0  8.0   1.3    11   5.7  82 1012.6  28.4    MM  27.1   MM   MM    MM
2026 08 30 18 40 110  7.0  9.0   1.3    MM   5.7  82 1012.7  28.5  29.2  27.1   MM   MM    MM
2026 08 30 18 30 110  6.0  8.0    MM    MM    MM  MM 1012.7  28.7  29.2  27.2   MM   MM    MM
2026 08 30 18 20 120  6.0  8.0   1.2    12   5.2  90 1012.8  28.8  29.2  27.1   MM   MM    MM
2026 08 30 18 10 130  7.0  8.0   1.2    MM   5.2  90 1012.8  28.9  29.2  26.7   MM   MM    MM
2026 08 30 18 00 140  7.0  8.0    MM    MM    MM  MM 1012.7  28.8  29.2  26.5   MM -1.9    MM
2026 08 30 17 50 150  7.0  8.0   1.3    11   5.4  78 1012.6  28.6  29.2  26.5   MM   MM    MM
2026 08 30 17 40 160  6.0  8.0    MM    MM    MM  MM 1012.6  28.5  29.2  26.6   MM   MM    MM
2026 08 30 17 30 160  6.0  8.0    MM    MM    MM  MM 1012.6  28.4  29.2  26.8   MM   MM    MM
2026 08 30 17 20 160  7.0  8.0   1.3     9   5.1  77 1012.7  28.5    MM  26.8   MM   MM    MM
2026 08 30 17 10 160  7.0  8.0   1.3    MM   5.1  77 1012.9  28.5  29.2  26.8   MM   MM    MM
2026 08 30 17 00 160  7.0  8.0    MM    MM    MM  MM 1013.0  28.5  29.2  27.0   MM -1.1    MM
2026 08 30 16 50 160  6.0  7.0   1.2    11   5.2  81 1013.1  28.5  29.2  26.7   MM   MM    MM
2026 08 30 16 40 160  6.0  8.0    MM    MM    MM  MM 1013.4  28.5  29.2  26.3   MM   MM    MM
2026 08 30 16 30 160  6.0  7.0    MM    MM    MM  MM 1013.7  28.4  29.2  26.5   MM   MM    MM
2026 08 30 16 20 160  6.0  7.0   1.4    10   5.4  91 1013.9  28.4  29.2  26.3   MM   MM    MM
2026 08 30 16 10 150  7.0  8.0   1.4    MM   5.4  91 1014.2  28.4  29.2  26.4   MM   MM    MM
2026 08 30 16 00 160  7.0  9.0    MM    MM    MM  MM 1014.4  28.4  29.2  26.7   MM -0.0    MM
2026 08 30 15 50 150  7.0  9.0   1.4    10   5.7  78 1014.5  28.6  29.2  26.9   MM   MM    MM
2026 08 30 15 40 160  8.0 10.0   1.4    MM   5.7  78 1014.3  28.8  29.2  26.5   MM   MM    MM
2026 08 30 15 30 160  8.0  9.0    MM    MM    MM  MM 1014.1  28.7  29.2  27.1   MM   MM    MM
2026 08 30 15 20 150  7.0  9.0   1.4     9   5.8  76 1014.2  28.8  29.2  27.0   MM   MM    MM
2026 08 30 15 10 140  7.0  8.0   1.4    MM   5.8  76 1014.4  28.6  29.2  27.2   MM   MM    MM
2026 08 30 15 00 140  6.0  8.0    MM    MM    MM  MM 1014.5  28.8  29.2  27.3   MM +0.3    MM
2026 08 30 14 50 150  6.0  7.0   1.4    10   6.2  75 1014.4  28.8  29.2  27.4   MM   MM    MM
2026 08 30 14 40 150  6.0  7.0   1.4    MM   6.2  75 1014.5  28.7  29.1  27.2   MM   MM    MM
2026 08 30 14 30 150  6.0  7.0    MM    MM    MM  MM 1014.1  28.2  29.1  27.1   MM   MM    MM
2026 08 30 14 20 130  7.0  9.0   1.3    10   6.2  73 1013.8  27.8  29.1  26.6   MM   MM    MM
2026 08 30 14 10 140  7.0  8.0   1.3    MM   6.2  73 1013.7  28.7  29.1  27.1   MM   MM    MM
2026 08 30 14 00 130  6.0  8.0    MM    MM    MM  MM 1014.1  28.7  29.1  27.2   MM +1.0    MM
2026 08 30 13 50 120  6.0  8.0   1.2    MM   5.8  74 1014.2  28.6  29.2  27.1   MM   MM    MM
2026 08 30 13 40 120  5.0  6.0   1.2    MM   5.8  74 1014.3  28.6  29.1  27.0   MM   MM    MM
2026 08 30 13 30 120  5.0  6.0    MM    MM    MM  MM 1014.4  28.7  29.1  27.0   MM   MM    MM
2026 08 30 13 20 120  5.0  6.0   1.1     8   5.6  73 1014.4  28.7  29.1  27.0   MM   MM    MM
2026 08 30 13 10 120  4.0  5.0   1.1    MM   5.6  73 1014.5  28.6  29.1  26.9   MM   MM    MM
2026 08 30 13 00 100  4.0  5.0    MM    MM    MM  MM 1014.6  28.6  29.1  27.1   MM +3.0    MM
2026 08 30 12 50 100  4.0  5.0   1.1    MM   5.4  87 1014.6  28.6  29.1  27.1   MM   MM    MM
2026 08 30 12 40 100  3.0  4.0    MM    MM    MM  MM 1014.4  28.5    MM  27.0   MM   MM    MM
2026 08 30 12 30  90  3.0  4.0    MM    MM    MM  MM 1014.4  28.6  29.1  27.1   MM   MM    MM
2026 08 30 12 20  80  3.0  4.0   1.1     8   5.7  83 1014.4  28.5  29.1  26.9   MM   MM    MM
2026 08 30 12 10  90  3.0  4.0   1.1    MM   5.7  83 1014.4  28.5  29.1  26.8   MM   MM    MM
2026 08 30 12 00 100  3.0  4.0    MM    MM    MM  MM 1014.3  28.5  29.1  26.8   MM +3.0    MM
2026 08 30 11 50 110  3.0  3.0   1.0     7   5.4  76 1014.2  28.5  29.2  26.9   MM   MM    MM
2026 08 30 11 40 100  3.0  4.0    MM    MM    MM  MM 1014.1  28.5  29.2  26.9   MM   MM    MM
2026 08 30 11 30 140  2.0  3.0    MM    MM    MM  MM 1014.1  28.5  29.2  26.9   MM   MM    MM
2026 08 30 11 20 140  2.0  3.0   1.0     8   5.4  78 1013.8  28.4  29.2  26.8   MM   MM    MM
2026 08 30 11 10 140  3.0  4.0   1.0    MM   5.4  78 1013.4  28.4  29.1  26.8   MM   MM    MM
2026 08 30 11 00 150  4.0  4.0    MM    MM    MM  MM 1013.1  28.5  29.2  26.7   MM +2.2    MM
2026 08 30 10 50 140  4.0  5.0   1.1     7   5.2  75 1013.0  28.5  29.1  26.7   MM   MM    MM
2026 08 30 10 40 150  4.0  5.0   1.1    MM   5.2  75 1012.6  28.5  29.1  26.6   MM   MM    MM
2026 08 30 10 30 150  4.0  5.0    MM    MM    MM  MM 1012.6  28.5  29.1  26.7   MM   MM    MM
2026 08 30 10 20 170  4.0  4.0   1.1     8   5.4  88 1012.3  28.5  29.2  26.7   MM   MM    MM
2026 08 30 10 10 180  4.0  4.0   1.1    MM   5.4  88 1012.1  28.4  29.1  26.7   MM   MM    MM
2026 08 30 10 00 180  4.0  5.0    MM    MM    MM  MM 1011.5  28.4  29.2  26.9   MM +0.7    MM
2026 08 30 09 50 180  5.0  6.0   1.1     7   5.4  77 1011.2  28.3  29.2  26.9   MM   MM    MM
2026 08 30 09 40 180  4.0  5.0   1.1    MM   5.4  77 1011.2  28.3  29.2  27.1   MM   MM    MM
2026 08 30 09 30 180  5.0  6.0    MM    MM    MM  MM 1011.4  28.3  29.1  27.1   MM   MM    MM
2026 08 30 09 20 160  5.0  5.0   1.1     8   5.3  89 1011.2  28.2  29.1  26.8   MM   MM    MM
2026 08 30 09 10 160  4.0  5.0    MM    MM    MM  MM 1011.3  28.3  29.1  27.0   MM   MM    MM
2026 08 30 09 00 160  3.0  5.0    MM    MM    MM  MM 1011.3  28.2  29.2  26.7   MM -0.3    MM
2026 08 30 08 50 150  2.0  3.0   1.1     8   5.2  97 1011.2  28.1  29.2  26.4   MM   MM    MM
2026 08 30 08 40 160  2.0  3.0   1.1    MM   5.2  97 1010.9  27.9  29.2  26.3   MM   MM    MM
2026 08 30 08 30 150  1.0  1.0    MM    MM    MM  MM 1010.9  27.9  29.2  26.3   MM   MM    MM
2026 08 30 08 20 130  1.0  2.0   1.0     8   5.1  81 1010.9  27.8  29.2  26.2   MM   MM    MM
2026 08 30 08 10  MM  0.0  1.0   1.0    MM   5.1  81 1010.9  27.8  29.2  26.1   MM   MM    MM
2026 08 30 08 00 130  1.0  1.0    MM    MM    MM  MM 1010.8  27.8  29.2  26.1   MM -1.5    MM
2026 08 30 07 50  90  1.0  1.0   1.1     8   5.2  85 1010.7  27.8  29.2  26.1   MM   MM    MM
2026 08 30 07 40  80  1.0  2.0   1.1    MM   5.2  85 1010.7  27.8  29.2  26.1   MM   MM    MM
2026 08 30 07 30  50  1.0  2.0    MM    MM    MM  MM 1011.0  27.8  29.2  26.0   MM   MM    MM
2026 08 30 07 20  50  2.0  2.0   1.1     8   4.9  88 1011.0  27.7  29.2  26.1   MM   MM    MM
2026 08 30 07 10  50  1.0  2.0   1.1    MM   4.9  88 1011.1  27.6  29.2  26.1   MM   MM    MM
2026 08 30 07 00  20  1.0  1.0    MM    MM    MM  MM 1010.9  27.5  29.2  26.2   MM -2.3    MM
2026 08 30 06 50  MM  0.0  1.0   1.1     8   5.1  86 1010.9  27.3  29.2  26.1   MM   MM    MM
2026 08 30 06 40 120  2.0  2.0   1.1    MM   5.1  86 1010.9  27.4    MM  26.2   MM   MM    MM
2026 08 30 06 30  50  2.0  2.0    MM    MM    MM  MM 1011.0  27.3  29.2  25.7   MM   MM    MM
2026 08 30 06 20  40  3.0  4.0   1.1     5   4.9  50 1011.2  26.8  29.2  25.7   MM   MM    MM
2026 08 30 06 10  70  5.0  6.0    MM    MM    MM  MM 1011.3  26.9  29.2  26.2   MM   MM    MM
2026 08 30 06 00  70  6.0  7.0    MM    MM    MM  MM 1011.5  27.4  29.2  26.3   MM -1.7    MM
2026 08 30 05 50  60  4.0  8.0   1.1     8   4.9  90 1011.6  28.3  29.2  26.6   MM   MM    MM
2026 08 30 05 40  50  2.0  3.0    MM    MM    MM  MM 1011.9  28.7  29.2  27.0   MM   MM    MM
2026 08 30 05 30  60  2.0  3.0    MM    MM    MM  MM 1011.9  28.7  29.2  27.0   MM   MM    MM
2026 08 30 05 20  40  2.0  3.0   1.2     7   4.8  85 1012.1  28.7  29.2  27.0   MM   MM    MM
2026 08 30 05 10  50  3.0  4.0   1.2    MM   4.8  85 1012.3  28.6  29.2  26.9   MM   MM    MM
2026 08 30 05 00  40  4.0  4.0    MM    MM    MM  MM 1012.3  28.6  29.2  26.9   MM -1.0    MM
2026 08 30 04 50  30  3.0  4.0   1.2     7   5.1  83 1012.3  28.6  29.2  26.8   MM   MM    MM
2026 08 30 04 40  40  3.0  4.0   1.2    MM   5.1  83 1012.2  28.6  29.2  26.6   MM   MM    MM
2026 08 30 04 30  40  4.0  5.0    MM    MM    MM  MM 1012.5  28.6  29.2  26.5   MM   MM    MM
2026 08 30 04 20  40  4.0  5.0   1.2     6   4.8  83 1012.8  28.6  29.2  26.6   MM   MM    MM
2026 08 30 04 10  30  5.0  6.0   1.2    MM   4.8  83 1013.0  28.7  29.2  26.7   MM   MM    MM
2026 08 30 04 00  40  6.0  6.0    MM    MM    MM  MM 1013.1  28.6  29.2  26.6   MM +0.0    MM
2026 08 30 03 50  30  5.0  7.0   1.3     8   4.7  79 1013.2  28.5  29.2  26.8   MM   MM    MM
2026 08 30 03 40  30  6.0  7.0    MM    MM    MM  MM 1013.2  28.5  29.2  26.6   MM   MM    MM
2026 08 30 03 30  30  6.0  7.0    MM    MM    MM  MM 1013.3  28.4  29.2  26.6   MM   MM    MM
2026 08 30 03 20  30  7.0  8.0   1.3     6   4.7  70 1013.3  28.3  29.2  26.4   MM   MM    MM
2026 08 30 03 10  30  6.0  8.0   1.3    MM   4.7  70 1013.3  28.2  29.2  26.4   MM   MM    MM
2026 08 30 03 00  30  6.0  7.0    MM    MM    MM  MM 1013.2  28.1  29.2  26.3   MM +0.7    MM
2026 08 30 02 50  30  5.0  6.0   1.3     8   4.7  96 1012.9  27.8  29.2  26.2   MM   MM    MM
2026 08 30 02 40  20  6.0  7.0    MM    MM    MM  MM 1013.0  27.6  29.2  26.2   MM   MM    MM
2026 08 30 02 30  20  8.0  9.0    MM    MM    MM  MM 1013.2  27.4  29.2  26.2   MM   MM    MM
2026 08 30 02 20  30  8.0 12.0   1.4     5   4.7  80 1013.2  28.3  29.2  26.8   MM   MM    MM
2026 08 30 02 10  40  7.0  8.0   1.4    MM   4.7  80 1013.3  28.9  29.2  27.4   MM   MM    MM
2026 08 30 02 00  50  6.0  7.0    MM    MM    MM  MM 1013.3  28.7  29.2  27.4   MM +0.9    MM
2026 08 30 01 50  50  7.0  8.0   1.4     5   4.7  73 1013.4  28.7  29.2  27.4   MM   MM    MM
2026 08 30 01 40  50  8.0 10.0   1.4    MM   4.7  73 1013.3  28.9  29.2  27.4   MM   MM    MM
2026 08 30 01 30  40  9.0 10.0    MM    MM    MM  MM 1013.3  29.2  29.2  27.1   MM   MM    MM
2026 08 30 01 20  40  8.0 10.0   1.4     6   4.6 100 1013.2  29.3  29.2  27.1   MM   MM    MM
2026 08 30 01 10  40  9.0 11.0   1.4    MM   4.6 100 1013.2  29.2  29.2  27.0   MM   MM    MM
2026 08 30 01 00  40  8.0 10.0    MM    MM    MM  MM 1013.1  29.2  29.2  27.3   MM +1.1    MM
2026 08 30 00 50  40  8.0 10.0   1.4     5   4.7  81 1012.9  29.1  29.2  27.3   MM   MM    MM
2026 08 30 00 40  40  9.0 10.0    MM    MM    MM  MM 1012.8  29.1  29.2  27.5   MM   MM    MM
2026 08 30 00 30  40  8.0 10.0    MM    MM    MM  MM 1012.9  29.1  29.2  27.3   MM   MM    MM
2026 08 30 00 20  40  8.0 10.0   1.4     5   4.8  91 1012.8  29.1  29.2  27.1   MM   MM    MM
2026 08 30 00 10  40  8.0 10.0   1.4    MM   4.8  91 1012.7  29.2  29.2  27.3   MM   MM    MM
2026 08 30 00 00  40  8.0  9.0    MM    MM    MM  MM 1012.6  29.2  29.2  27.3   MM +0.4    MM
2026 08 29 23 50  50  8.0 10.0   1.5     6   4.8  88 1012.5  29.2  29.2  27.2   MM   MM    MM
2026 08 29 23 40  50  8.0 10.0    MM    MM    MM  MM 1012.4  29.3  29.2  27.1   MM   MM    MM
2026 08 29 23 20  40  9.0 11.0   1.5     5   4.7  85 1012.5  29.3  29.2  27.0   MM   MM    MM
2026 08 29 23 10  40  9.0 11.0   1.5    MM   4.7  85 1012.4  29.2  29.2  27.0   MM   MM    MM
2026 08 29 23 00  40  9.0 11.0    MM    MM    MM  MM 1012.4  29.3  29.2  27.1   MM -0.0    MM
2026 08 29 22 50  40  9.0 11.0   1.5     6   4.7  77 1012.3  29.3  29.2  27.0   MM   MM    MM
2026 08 29 22 40  40  9.0 11.0   1.5    MM   4.7  77 1012.4  29.2  29.2  27.1   MM   MM    MM
2026 08 29 22 30  40  9.0 10.0    MM    MM    MM  MM 1012.3  29.2  29.2  27.1   MM   MM    MM
2026 08 29 22 20  40  8.0 10.0   1.5     6   4.7  79 1012.2  29.2  29.2  27.0   MM   MM    MM
2026 08 29 22 10  40  9.0 10.0   1.5    MM   4.7  79 1012.2  29.3  29.2  27.0   MM   MM    MM
2026 08 29 22 00  40  9.0 10.0    MM    MM    MM  MM 1012.1  29.3  29.3  26.9   MM -0.4    MM
2026 08 29 21 50  40  8.0  9.0   1.5     5   4.8  76 1012.0  29.2  29.3  27.1   MM   MM    MM
2026 08 29 21 40  40  8.0 10.0   1.5    MM   4.8  76 1012.0  29.2  29.3  27.4   MM   MM    MM
2026 08 29 21 30  40  8.0 10.0    MM    MM    MM  MM 1012.0  29.2  29.3  27.1   MM   MM    MM
2026 08 29 21 20  40  7.0  9.0   1.4     5   4.9  86 1012.0  29.3  29.3  27.1   MM   MM    MM
2026 08 29 21 10  40  8.0 10.0   1.4    MM   4.9  86 1012.1  29.3  29.3  27.0   MM   MM    MM
2026 08 29 21 00  40  8.0 10.0    MM    MM    MM  MM 1012.2  29.3  29.3  27.0   MM -0.5    MM
2026 08 29 20 50  40  8.0  9.0   1.4     8   4.8 101 1012.3  29.3  29.3  26.9   MM   MM    MM
2026 08 29 20 40  40  8.0  9.0   1.4    MM   4.8 101 1012.4  29.3  29.3  26.9   MM   MM    MM
2026 08 29 20 30  40  8.0 10.0    MM    MM    MM  MM 1012.3  29.3  29.3  26.9   MM   MM    MM
2026 08 29 20 20  40  8.0 10.0   1.3     5   4.8 104 1012.2  29.2  29.3  27.0   MM   MM    MM
2026 08 29 20 10  40  8.0 10.0   1.3    MM   4.8 104 1012.3  29.3  29.3  27.1   MM   MM    MM
2026 08 29 20 00  40  8.0  9.0    MM    MM    MM  MM 1012.3  29.3  29.3  27.0   MM -1.3    MM
2026 08 29 19 50  40  8.0 10.0   1.4     8   4.9  91 1012.5  29.3  29.3  27.0   MM   MM    MM
2026 08 29 19 40  50  8.0  9.0    MM    MM    MM  MM 1012.5  29.3  29.3  26.9   MM   MM    MM
2026 08 29 19 30  50  8.0  9.0    MM    MM    MM  MM 1012.4  29.3  29.3  26.8   MM   MM    MM
2026 08 29 19 20  50  8.0  9.0   1.4     5   4.8 101 1012.4  29.3  29.3  26.6   MM   MM    MM
2026 08 29 19 10  50  8.0  9.0   1.4    MM   4.8 101 1012.5  29.4  29.3  26.5   MM   MM    MM
2026 08 29 19 00  50  7.0  9.0    MM    MM    MM  MM 1012.5  29.3  29.3  26.6   MM -1.8    MM
2026 08 29 18 50  50  7.0  9.0   1.3     8   4.8  99 1012.6  29.3    MM  26.6   MM   MM    MM
2026 08 29 18 40  50  7.0  8.0   1.3    MM   4.8  99 1012.6  29.4  29.3  26.6   MM   MM    MM
2026 08 29 18 30  50  7.0  9.0    MM    MM    MM  MM 1012.7  29.4  29.3  26.4   MM   MM    MM
2026 08 29 18 20  50  8.0  9.0   1.3     8   4.7  88 1012.5  29.3  29.3  26.3   MM   MM    MM
2026 08 29 18 10  60  8.0  9.0   1.3    MM   4.7  88 1012.6  29.3  29.3  26.5   MM   MM    MM
2026 08 29 18 00  50  8.0  9.0    MM    MM    MM  MM 1012.7  29.3    MM  26.5   MM -1.9    MM
2026 08 29 17 50  60  8.0  9.0   1.3     5   4.7  87 1012.9  29.3  29.3  26.4   MM   MM    MM
2026 08 29 17 40  60  7.0  9.0    MM    MM    MM  MM 1013.0  29.3  29.3  26.6   MM   MM    MM
2026 08 29 17 30  60  7.0  8.0    MM    MM    MM  MM 1013.2  29.3  29.3  26.5   MM   MM    MM
2026 08 29 17 20  60  7.0  8.0   1.2     8   4.6 106 1013.3  29.3  29.3  26.6   MM   MM    MM
2026 08 29 17 10  60  8.0  9.0   1.2    MM   4.6 106 1013.4  29.3  29.3  26.6   MM   MM    MM
2026 08 29 17 00  50  8.0 10.0    MM    MM    MM  MM 1013.6  29.3  29.3  26.6   MM -1.3    MM
2026 08 29 16 50  50  8.0 10.0   1.4     6   4.7  95 1013.7  29.3  29.2  26.6   MM   MM    MM
2026 08 29 16 40  50  8.0 10.0    MM    MM    MM  MM 1013.7  29.3  29.2  26.5   MM   MM    MM
2026 08 29 16 30  50  7.0  8.0    MM    MM    MM  MM 1013.7  29.3  29.3  26.6   MM   MM    MM
2026 08 29 16 20  50  7.0  9.0   1.5     6   4.8  98 1013.8  29.2    MM  26.8   MM   MM    MM
2026 08 29 16 10  50  7.0  8.0   1.5    MM   4.8  98 1014.1  29.2  29.2  26.7   MM   MM    MM
2026 08 29 16 00  50  7.0  9.0    MM    MM    MM  MM 1014.3  29.2  29.2  26.6   MM +0.0    MM
2026 08 29 15 50  50  7.0  9.0   1.4     5   4.8 100 1014.4  29.1  29.2  26.5   MM   MM    MM
2026 08 29 15 40  50  8.0  9.0   1.4    MM   4.8 100 1014.3  29.1  29.2  26.7   MM   MM    MM
2026 08 29 15 30  50  7.0  9.0    MM    MM    MM  MM 1014.5  29.0  29.2  26.7   MM   MM    MM
2026 08 29 15 20  50  7.0  8.0   1.4     5   4.8  92 1014.4  29.1  29.2  26.8   MM   MM    MM
2026 08 29 15 10  60  7.0  9.0   1.4    MM   4.8  92 1014.6  29.1  29.2  26.3   MM   MM    MM
2026 08 29 15 00  60  7.0  8.0    MM    MM    MM  MM 1014.6  29.1  29.2  26.5   MM +0.5    MM
2026 08 29 14 50  60  7.0  8.0   1.5     6   4.9 105 1014.6  29.1    MM  26.5   MM   MM    MM
2026 08 29 14 40  60  8.0  9.0   1.5    MM   4.9 105 1014.8  29.1  29.1  26.4   MM   MM    MM
2026 08 29 14 30  60  8.0 10.0    MM    MM    MM  MM 1014.8  29.2  29.1  26.3   MM   MM    MM
2026 08 29 14 20  50  8.0  9.0   1.7     6   5.0 108 1014.8  29.1  29.1  26.4   MM   MM    MM
2026 08 29 14 10  60  8.0  9.0   1.7    MM   5.0 108 1014.9  29.1  29.1  26.4   MM   MM    MM
2026 08 29 14 00  60  8.0  9.0    MM    MM    MM  MM 1014.8  29.0  29.1  26.5   MM +1.3    MM
2026 08 29 13 50  70  8.0 10.0   1.6     6   4.8  96 1014.8  29.1  29.1  26.6   MM   MM    MM
2026 08 29 13 40  70  9.0 10.0   1.6    MM   4.8  96 1014.8  29.1  29.1  26.5   MM   MM    MM
2026 08 29 13 30  70  9.0 11.0    MM    MM    MM  MM 1014.7  29.1  29.1  26.6   MM   MM    MM
2026 08 29 13 20  60  9.0 11.0   1.6     6   4.9 103 1014.7  29.1  29.1  26.5   MM   MM    MM
2026 08 29 13 10  60 10.0 12.0    MM    MM    MM  MM 1014.6  29.1  29.1  26.1   MM   MM    MM
2026 08 29 13 00  60  9.0 12.0   1.6    MM   4.9 103 1014.4  29.1  29.1  26.3   MM +1.1    MM
2026 08 29 12 50  60  9.0 11.0   1.7     6   5.0  99 1014.3  29.0  29.1  26.5   MM   MM    MM
2026 08 29 12 40  70  9.0 11.0    MM    MM    MM  MM 1014.2  28.9    MM  26.5   MM   MM    MM
2026 08 29 12 30  60  8.0 10.0    MM    MM    MM  MM 1014.3  28.9  29.1  26.4   MM   MM    MM
2026 08 29 12 20  60  9.0 11.0   1.5     6   4.9  96 1014.1  29.0  29.1  26.2   MM   MM    MM
2026 08 29 12 10  60  8.0 10.0   1.5    MM   4.9  96 1014.1  29.0  29.1  26.3   MM   MM    MM
2026 08 29 12 00  60  9.0 10.0    MM    MM    MM  MM 1014.1  28.9  29.1  26.4   MM +0.8    MM
2026 08 29 11 50  60  9.0 10.0   1.7     6   5.1  89 1013.9  28.9  29.1  26.4   MM   MM    MM
2026 08 29 11 40  60  9.0 11.0   1.7    MM   5.1  89 1013.8  29.0  29.1  26.2   MM   MM    MM
2026 08 29 11 30  60  8.0 10.0    MM    MM    MM  MM 1013.8  28.9  29.1  26.5   MM   MM    MM
2026 08 29 11 20  60  8.0 10.0   1.6     6   5.1 102 1013.7  28.8  29.1  26.6   MM   MM    MM
2026 08 29 11 10  60  8.0  9.0   1.6    MM   5.1 102 1013.6  28.8  29.1  26.5   MM   MM    MM
2026 08 29 11 00  60  8.0 10.0    MM    MM    MM  MM 1013.6  28.9  29.1  26.4   MM +0.7    MM
2026 08 29 10 50  60  8.0  9.0   1.8     6   5.1 105 1013.3  28.8  29.1  26.2   MM   MM    MM
2026 08 29 10 40  70  8.0  9.0   1.8    MM   5.1 105 1013.3  28.6  29.1  26.0   MM   MM    MM
2026 08 29 10 30  70  8.0 10.0    MM    MM    MM  MM 1013.3  28.6  29.1  26.0   MM   MM    MM
2026 08 29 10 20  70  9.0 11.0   1.7     6   5.1  92 1013.4  28.4  29.1  25.7   MM   MM    MM
2026 08 29 10 10  70  9.0 12.0   1.7    MM   5.1  92 1013.3  28.7  29.1  26.2   MM   MM    MM
2026 08 29 10 00  60  8.0  9.0    MM    MM    MM  MM 1013.3  28.8  29.1  26.3   MM +0.5    MM
2026 08 29 09 50  70  7.0  9.0   1.6     7   5.0 113 1013.2  28.8  29.1  26.3   MM   MM    MM
2026 08 29 09 40  60  8.0  9.0   1.6    MM   5.0 113 1013.3  28.7  29.1  26.2   MM   MM    MM
2026 08 29 09 30  60  8.0  9.0    MM    MM    MM  MM 1013.3  28.8  29.1  26.3   MM   MM    MM
2026 08 29 09 20  70  8.0  9.0   1.6     6   5.1  89 1013.3  28.8  29.1  26.3   MM   MM    MM
2026 08 29 09 10  70  7.0  9.0    MM    MM    MM  MM 1013.2  28.7  29.1  26.3   MM   MM    MM
2026 08 29 09 00  60  8.0  9.0    MM    MM    MM  MM 1013.2  28.7  29.1  26.2   MM +0.6    MM
2026 08 29 08 50  80  7.0  8.0   1.8     6   5.2  87 1013.2  28.7  29.1  26.3   MM   MM    MM
2026 08 29 08 40  70  7.0  8.0    MM    MM    MM  MM 1013.2  28.7  29.1  26.1   MM   MM    MM
2026 08 29 08 30  80  7.0  9.0    MM    MM    MM  MM 1013.2  28.7  29.1  26.3   MM   MM    MM
2026 08 29 08 20  80  8.0  9.0   1.7     6   5.0 103 1013.0  28.7  29.1  26.3   MM   MM    MM
2026 08 29 08 10  80  8.0 10.0    MM    MM    MM  MM 1012.9  28.7  29.1  26.1   MM   MM    MM
2026 08 29 08 00  70  8.0  9.0    MM    MM    MM  MM 1012.8  28.7  29.1  26.3   MM -0.4    MM
2026 08 29 07 50  80  8.0 10.0   1.7     6   4.9  92 1012.9  28.7  29.1  26.2   MM   MM    MM
2026 08 29 07 40  70  8.0 10.0    MM    MM    MM  MM 1012.7    MM  29.1    MM   MM   MM    MM
2026 08 29 07 30  80  8.0 10.0    MM    MM    MM  MM 1012.7  28.8  29.1  26.3   MM   MM    MM
2026 08 29 07 20  80  9.0 11.0   1.6     7   4.7  87 1012.7  28.8  29.1  26.0   MM   MM    MM
2026 08 29 07 10  80  8.0 11.0   1.6    MM   4.7  87 1012.7  28.8    MM  26.1   MM   MM    MM
2026 08 29 07 00  90  9.0 11.0    MM    MM    MM  MM 1012.8  28.8  29.1  26.0   MM -1.0    MM
2026 08 29 06 50  80  9.0 10.0   1.6     6   4.9  83 1012.7  28.8  29.1  26.0   MM   MM    MM
2026 08 29 06 40  80  9.0 11.0    MM    MM    MM  MM 1012.7  28.7  29.1  25.8   MM   MM    MM
2026 08 29 06 30  80  9.0 11.0    MM    MM    MM  MM 1012.7  28.7  29.1  25.9   MM   MM    MM
2026 08 29 06 20  80  9.0 11.0   1.7     6   4.8  84 1012.8  28.7  29.1  26.0   MM   MM    MM
2026 08 29 06 10  80  9.0 11.0   1.7    MM   4.8  84 1012.7  28.7  29.1  25.9   MM   MM    MM
2026 08 29 06 00  80 10.0 12.0    MM    MM    MM  MM 1012.7  28.7  29.1  25.8   MM -1.2    MM
2026 08 29 05 50  80  9.0 11.0   1.7     5   4.8  80 1012.8  28.7  29.1  26.0   MM   MM    MM
2026 08 29 05 40  80  9.0 10.0    MM    MM    MM  MM 1012.9  28.8  29.1  26.2   MM   MM    MM
2026 08 29 05 30  80  9.0 11.0    MM    MM    MM  MM 1013.0  28.8  29.1  26.1   MM   MM    MM
2026 08 29 05 20  80 10.0 12.0   1.6     6   4.8  89 1013.1  28.8  29.1  26.0   MM   MM    MM
2026 08 29 05 10  80 10.0 12.0   1.6    MM   4.8  89 1013.2  28.8  29.1  26.2   MM   MM    MM
2026 08 29 05 00  70 10.0 12.0    MM    MM    MM  MM 1013.3  28.8  29.1  26.0   MM -0.5    MM
2026 08 29 04 50  80 10.0 12.0   1.6     6   4.7  89 1013.4  28.8  29.2  26.3   MM   MM    MM
2026 08 29 04 40  70 10.0 12.0   1.6    MM   4.7  89 1013.6  28.8  29.1  26.4   MM   MM    MM
2026 08 29 04 30  80 10.0 12.0    MM    MM    MM  MM 1013.7  28.8  29.2  26.4   MM   MM    MM
2026 08 29 04 20  80 10.0 12.0   1.6     6   4.8  88 1013.9  28.9  29.2  26.4   MM   MM    MM
2026 08 29 04 10  70 10.0 13.0   1.6    MM   4.8  88 1013.8  28.9  29.1  26.4   MM   MM    MM
2026 08 29 04 00  70 11.0 13.0    MM    MM    MM  MM 1013.7  29.0  29.1  26.3   MM +0.0    MM
2026 08 29 03 50  70 10.0 12.0   1.7     5   4.7  89 1013.7  29.0  29.2  26.1   MM   MM    MM
2026 08 29 03 40  70  9.0 12.0    MM    MM    MM  MM 1013.7  28.7  29.2  26.4   MM   MM    MM
2026 08 29 03 30  80 10.0 12.0    MM    MM    MM  MM 1013.7  28.2  29.2  26.2   MM   MM    MM
2026 08 29 03 20  80 10.0 14.0   1.5     6   4.5  88 1013.7  28.9  29.2  26.8   MM   MM    MM
2026 08 29 03 10  80 10.0 12.0   1.5    MM   4.5  88 1013.9  28.9  29.2  26.6   MM   MM    MM
2026 08 29 03 00  70 10.0 13.0    MM    MM    MM  MM 1013.9  28.9  29.2  26.4   MM +0.7    MM
2026 08 29 02 50  80  9.0 12.0   1.6     6   4.6  91 1013.9  28.7  29.2  26.7   MM   MM    MM
2026 08 29 02 40  70  9.0 11.0   1.6    MM   4.6  91 1014.0  28.8  29.2  27.0   MM   MM    MM
2026 08 29 02 30  80  9.0 11.0    MM    MM    MM  MM 1014.0  28.4  29.2  26.6   MM   MM    MM
2026 08 29 02 20  70 10.0 11.0   1.5     5   4.5  78 1014.0  28.5  29.2  26.9   MM   MM    MM
2026 08 29 02 10  80  9.0 12.0   1.5    MM   4.5  78 1014.0  28.6  29.2  26.6   MM   MM    MM
2026 08 29 02 00  80 11.0 13.0    MM    MM    MM  MM 1013.8  28.8  29.2  26.7   MM +1.0    MM
2026 08 29 01 50  70 10.0 12.0   1.5     5   4.5  77 1013.7  28.9  29.2  26.8   MM   MM    MM
2026 08 29 01 40  70 10.0 12.0   1.5    MM   4.5  77 1013.7  29.0  29.2  26.6   MM   MM    MM
2026 08 29 01 30  70 10.0 12.0    MM    MM    MM  MM 1013.7  28.9  29.2  26.0   MM   MM    MM
2026 08 29 01 20  70 10.0 12.0   1.5     6   4.5  94 1013.6  28.7  29.2  26.4   MM   MM    MM
2026 08 29 01 10  70 10.0 11.0   1.5    MM   4.5  94 1013.6  28.7  29.2  26.6   MM   MM    MM
2026 08 29 01 00  80 10.0 11.0    MM    MM    MM  MM 1013.5  28.6  29.2  26.5   MM +1.1    MM
2026 08 29 00 50  80 10.0 14.0   1.5     5   4.6  92 1013.4  28.4  29.2  26.6   MM   MM    MM
2026 08 29 00 40  80 10.0 13.0   1.5    MM   4.6  92 1013.4  28.7  29.2  26.7   MM   MM    MM
2026 08 29 00 30  80  8.0 11.0    MM    MM    MM  MM 1013.2  28.5  29.2  26.1   MM   MM    MM
2026 08 29 00 20  70 10.0 14.0   1.4     6   4.6  77 1013.2  28.4  29.2  26.1   MM   MM    MM
2026 08 29 00 10  60  9.0 12.0   1.4    MM   4.6  77 1013.2  28.9  29.2  27.0   MM   MM    MM
2026 08 29 00 00  60 10.0 11.0    MM    MM    MM  MM 1013.1  28.8  29.2  26.7   MM +0.6    MM
2026 08 28 23 50  80  9.0 12.0   1.5     5   4.6  87 1013.0  28.7  29.2  26.7   MM   MM    MM
2026 08 28 23 40  80  8.0 10.0    MM    MM    MM  MM 1013.0  28.6  29.2  26.8   MM   MM    MM
2026 08 28 23 30  70  9.0 10.0    MM    MM    MM  MM 1012.9  28.6  29.2  26.7   MM   MM    MM
2026 08 28 23 20  80  8.0 11.0   1.5     6   4.6  83 1012.9  28.5    MM  27.0   MM   MM    MM
2026 08 28 23 10  60  8.0 10.0   1.5    MM   4.6  83 1012.8  28.5  29.2  26.9   MM   MM    MM
2026 08 28 23 00  50  8.0 10.0    MM    MM    MM  MM 1012.7  28.4  29.2  26.9   MM +0.3    MM
2026 08 28 22 50  50  8.0  9.0   1.5     6   4.7  85 1012.8  28.5  29.2  26.9   MM   MM    MM
2026 08 28 22 40  60  7.0 10.0   1.5    MM   4.7  85 1012.7  28.5  29.2  26.9   MM   MM    MM
2026 08 28 22 30  50  8.0  9.0    MM    MM    MM  MM 1012.6  28.2  29.2  26.7   MM   MM    MM
2026 08 28 22 20  50  9.0 10.0   1.5     5   4.7  82 1012.6  28.1  29.2  26.6   MM   MM    MM
2026 08 28 22 10  50  9.0 10.0   1.5    MM   4.7  82 1012.5  28.2  29.2  26.5   MM   MM    MM
2026 08 28 22 00  60  9.0 10.0    MM    MM    MM  MM 1012.4  28.1  29.2  26.4   MM -0.3    MM
2026 08 28 21 50  70  9.0 10.0   1.5     6   4.6  89 1012.5  27.7  29.2  26.3   MM   MM    MM
2026 08 28 21 40  70 10.0 12.0   1.5    MM   4.6  89 1012.4  27.4  29.2  26.2   MM   MM    MM
2026 08 28 21 30  70 10.0 14.0    MM    MM    MM  MM 1012.4  27.8  29.2  26.3   MM   MM    MM
2026 08 28 21 20  60  7.0  8.0   1.4     6   4.6  88 1012.5  28.1  29.2  26.6   MM   MM    MM
2026 08 28 21 10  60  7.0  9.0   1.4    MM   4.6  88 1012.6  28.2  29.2  26.6   MM   MM    MM
2026 08 28 21 00  60  8.0 10.0    MM    MM    MM  MM 1012.6  28.3  29.2  26.5   MM -0.7    MM
2026 08 28 20 50  70  9.0 11.0   1.4     5   4.6  84 1012.6  28.3    MM  26.3   MM   MM    MM
2026 08 28 20 40  60  8.0 10.0   1.4    MM   4.6  84 1012.5  28.2  29.3  26.1   MM   MM    MM
2026 08 28 20 30  70  8.0 10.0    MM    MM    MM  MM 1012.4  28.0  29.3  26.1   MM   MM    MM
2026 08 28 20 20  70  8.0 10.0   1.5     6   4.7  90 1012.4  27.8  29.3  26.2   MM   MM    MM
2026 08 28 20 10  70  9.0 11.0   1.5    MM   4.7  90 1012.4  27.3  29.3  26.3   MM   MM    MM
2026 08 28 20 00  70 10.0 13.0    MM    MM    MM  MM 1012.4  27.1  29.3  26.3   MM -1.3    MM
2026 08 28 19 50  80 10.0 13.0   1.4     6   4.6  91 1012.6  27.3  29.3  26.4   MM   MM    MM
2026 08 28 19 40  70  9.0 13.0   1.4    MM   4.6  91 1012.7  28.3  29.3  26.7   MM   MM    MM
2026 08 28 19 30  70  8.0  9.0    MM    MM    MM  MM 1012.6  28.8  29.3  26.5   MM   MM    MM
2026 08 28 19 20  70  8.0  9.0   1.4     6   4.7  89 1012.6  28.7  29.3  26.5   MM   MM    MM
2026 08 28 19 10  70  8.0  9.0   1.4    MM   4.7  89 1012.6  28.7  29.3  26.4   MM   MM    MM
2026 08 28 19 00  70  7.0  9.0    MM    MM    MM  MM 1012.8  28.6  29.3  26.6   MM -1.8    MM
2026 08 28 18 50  70  8.0  9.0   1.4     6   4.6  92 1012.9  28.7  29.3  26.7   MM   MM    MM
2026 08 28 18 40  70  8.0  9.0   1.4    MM   4.6  92 1012.9  28.6  29.3  26.4   MM   MM    MM
2026 08 28 18 30  70  8.0  9.0    MM    MM    MM  MM 1013.1  28.6    MM  26.5   MM   MM    MM
2026 08 28 18 20  70  8.0  9.0   1.3     5   4.5  96 1013.2  28.6  29.3  26.5   MM   MM    MM
2026 08 28 18 10  70  8.0  9.0   1.3    MM   4.5  96 1013.2  28.5  29.3  26.4   MM   MM    MM
2026 08 28 18 00  70  8.0  9.0    MM    MM    MM  MM 1013.3  28.5  29.3  26.6   MM -1.6    MM
2026 08 28 17 50  80  8.0  9.0   1.4     6   4.6  84 1013.4  28.7  29.3  26.5   MM   MM    MM
2026 08 28 17 40  80  8.0 10.0    MM    MM    MM  MM 1013.4  28.7  29.3  26.6   MM   MM    MM
2026 08 28 17 30  80  9.0 10.0    MM    MM    MM  MM 1013.5  28.6  29.3  26.4   MM   MM    MM
2026 08 28 17 20  80  9.0 10.0   1.5     6   4.6  81 1013.6  28.5  29.3  26.4   MM   MM    MM
2026 08 28 17 10  70  9.0 11.0   1.5    MM   4.6  81 1013.7  28.5  29.3  26.3   MM   MM    MM
2026 08 28 17 00  70  9.0 10.0    MM    MM    MM  MM 1013.7  28.3  29.3  26.4   MM -1.2    MM
2026 08 28 16 50  70  9.0 10.0   1.4     6   4.6  78 1014.0  28.1  29.2  26.3   MM   MM    MM
2026 08 28 16 40  60  8.0 10.0   1.4    MM   4.6  78 1014.1  28.1  29.2  26.3   MM   MM    MM
2026 08 28 16 30  60  9.0 10.0    MM    MM    MM  MM 1014.3  28.3  29.2  26.5   MM   MM    MM
2026 08 28 16 20  60  8.0  9.0   1.5     6   4.7  86 1014.4  28.5  29.2  26.2   MM   MM    MM
2026 08 28 16 10  60  8.0  9.0   1.5    MM   4.7  86 1014.5  28.5  29.2  26.2   MM   MM    MM
2026 08 28 16 00  80  8.0 10.0    MM    MM    MM  MM 1014.6  28.4  29.2  26.0   MM -0.3    MM
2026 08 28 15 50  80  8.0  9.0   1.4     6   4.6  89 1014.7  28.4  29.2  26.0   MM   MM    MM
2026 08 28 15 40  80  8.0  9.0   1.4    MM   4.6  89 1014.6  28.5  29.2  26.0   MM   MM    MM
2026 08 28 15 30  80  8.0  9.0    MM    MM    MM  MM 1014.7  28.4  29.2  26.2   MM   MM    MM
2026 08 28 15 20  70  8.0 10.0   1.4     6   4.6  90 1014.8  28.4  29.2  25.9   MM   MM    MM
2026 08 28 15 10  70  8.0  9.0   1.4    MM   4.6  90 1014.8  28.5  29.2  25.9   MM   MM    MM
2026 08 28 15 00  70  8.0 10.0    MM    MM    MM  MM 1014.8  28.5  29.2  26.0   MM +0.5    MM
2026 08 28 14 50  80  8.0 10.0   1.5     6   4.7  93 1015.0  28.4  29.2  25.7   MM   MM    MM
2026 08 28 14 40  80  8.0 10.0    MM    MM    MM  MM 1015.0  28.4  29.2  26.0   MM   MM    MM
2026 08 28 14 30  80  9.0 10.0    MM    MM    MM  MM 1015.0  28.5  29.2  25.9   MM   MM    MM
2026 08 28 14 20  80  9.0 10.0   1.4     6   4.6  99 1015.0  28.6  29.2  25.8   MM   MM    MM
2026 08 28 14 10  80  9.0 10.0   1.4    MM   4.6  99 1015.0  28.6  29.2  25.7   MM   MM    MM
2026 08 28 14 00  80  9.0 11.0    MM    MM    MM  MM 1015.0  28.7  29.2  25.9   MM +1.1    MM
2026 08 28 13 50  80  9.0 11.0   1.4    MM   4.6  99 1015.1  28.8    MM  26.3   MM   MM    MM
2026 08 28 13 40  MM   MM   MM   1.4     6    MM  MM     MM    MM  29.1    MM   MM   MM    MM
2026 08 28 13 30  80  8.0  9.0    MM    MM    MM  MM 1015.1  28.9  29.1  25.8   MM   MM    MM
2026 08 28 13 20  80  7.0  9.0   1.4     6   4.6 106 1015.1  28.9  29.1  25.9   MM   MM    MM
2026 08 28 13 10  90  8.0 10.0    MM    MM    MM  MM 1015.0  28.9  29.1  25.4   MM   MM    MM
2026 08 28 13 00  90  8.0 10.0    MM    MM    MM  MM 1014.9  28.9  29.1  25.5   MM +1.6    MM
2026 08 28 12 50  90  8.0 10.0   1.5     6   4.7  99 1014.8  28.9  29.1  25.6   MM   MM    MM
2026 08 28 12 40  90  8.0 10.0    MM    MM    MM  MM 1014.8  28.8  29.1  25.7   MM   MM    MM
2026 08 28 12 30  90  8.0  9.0    MM    MM    MM  MM 1014.7  28.7  29.1  25.8   MM   MM    MM
2026 08 28 12 20  90  8.0 10.0   1.5     6   4.7 104 1014.7  28.6  29.1  25.9   MM   MM    MM
2026 08 28 12 10  90  8.0 10.0   1.5    MM   4.7 104 1014.6  28.6  29.1  25.7   MM   MM    MM
2026 08 28 12 00  90  8.0 10.0    MM    MM    MM  MM 1014.5  28.7  29.1  25.7   MM +1.5    MM
2026 08 28 11 50  80  8.0 10.0   1.5     6   4.7 105 1014.3  28.7  29.1  25.8   MM   MM    MM
2026 08 28 11 40  80  7.0  9.0    MM    MM    MM  MM 1014.3  28.6  29.1  25.9   MM   MM    MM
2026 08 28 11 30  80  7.0  9.0    MM    MM    MM  MM 1014.3  28.5  29.1  25.9   MM   MM    MM
2026 08 28 11 20  90  8.0  9.0   1.5     6   4.7  96 1014.1  28.4  29.1  25.7   MM   MM    MM
2026 08 28 11 10  90  7.0  9.0   1.5    MM   4.7  96 1014.0  28.5  29.1  25.6   MM   MM    MM
2026 08 28 11 00  80  7.0  9.0    MM    MM    MM  MM 1013.9  28.5  29.1  25.7   MM +1.4    MM
2026 08 28 10 50  80  7.0  9.0   1.4     6   4.6  78 1013.8  28.5  29.1  25.5   MM   MM    MM
2026 08 28 10 40  90  7.0  9.0    MM    MM    MM  MM 1013.7  28.5  29.1  25.5   MM   MM    MM
2026 08 28 10 30  80  8.0 10.0    MM    MM    MM  MM 1013.6  28.5  29.1  25.3   MM   MM    MM
2026 08 28 10 20  80  8.0  9.0   1.8     6   4.9  95 1013.5  28.5  29.1  25.4   MM   MM    MM
2026 08 28 10 10  80  8.0 10.0   1.8    MM   4.9  95 1013.4  28.5  29.1  25.3   MM   MM    MM
2026 08 28 10 00  80  8.0  9.0    MM    MM    MM  MM 1013.3  28.6  29.1  25.2   MM +0.7    MM
2026 08 28 09 50  70  8.0  9.0   1.5     6   4.8  93 1013.2  28.6  29.1  25.0   MM   MM    MM
2026 08 28 09 40  70  8.0 10.0    MM    MM    MM  MM 1013.2  28.6  29.1  25.0   MM   MM    MM
2026 08 28 09 30  70  8.0 10.0    MM    MM    MM  MM 1013.2  28.6  29.1  24.9   MM   MM    MM
2026 08 28 09 20  80  9.0 10.0   1.6     6   4.8  95 1013.0  28.6  29.1  24.9   MM   MM    MM
2026 08 28 09 10  80  9.0 10.0    MM    MM    MM  MM 1012.8  28.6    MM  25.1   MM   MM    MM
2026 08 28 09 00  80  9.0 10.0    MM    MM    MM  MM 1012.9  28.7  29.1  25.0   MM -0.0    MM
2026 08 28 08 50  70  9.0 11.0   1.5     6   4.7 101 1012.8  28.7  29.1  24.8   MM   MM    MM
2026 08 28 08 40  70  9.0 10.0   1.5    MM   4.7 101 1012.7  28.7  29.1  24.6   MM   MM    MM
2026 08 28 08 30  70  9.0 11.0    MM    MM    MM  MM 1012.6  28.7  29.1  24.7   MM   MM    MM
2026 08 28 08 20  80  9.0 11.0   1.5     5   4.8  93 1012.6  28.8  29.1  24.8   MM   MM    MM
2026 08 28 08 10  80  9.0 11.0    MM    MM    MM  MM 1012.5  28.8  29.1  25.0   MM   MM    MM
2026 08 28 08 00  80  9.0 11.0    MM    MM    MM  MM 1012.5  28.8  29.1  25.2   MM -1.0    MM
2026 08 28 07 50  70  9.0 10.0   1.5     6   4.7  87 1012.5  28.8  29.1  25.1   MM   MM    MM
2026 08 28 07 40  70  9.0 11.0   1.5    MM   4.7  87 1012.6  28.7  29.1  25.4   MM   MM    MM
2026 08 28 07 30  80  8.0 10.0    MM    MM    MM  MM 1012.5  28.6  29.1  25.8   MM   MM    MM
2026 08 28 07 20  70  8.0 10.0   1.5     6   4.7  76 1012.5  28.6  29.1  25.9   MM   MM    MM
2026 08 28 07 10  70  8.0 10.0   1.5    MM   4.7  76 1012.6  28.6  29.1  25.8   MM   MM    MM
2026 08 28 07 00  70  8.0  9.0    MM    MM    MM  MM 1012.6  28.6  29.1  25.7   MM -1.6    MM
2026 08 28 06 50  70  8.0 10.0   1.5     6   4.7  83 1012.6  28.6  29.1  25.9   MM   MM    MM
2026 08 28 06 40  70  8.0 10.0   1.5    MM   4.7  83 1012.6  28.6  29.1  25.7   MM   MM    MM
2026 08 28 06 30  80  8.0 10.0    MM    MM    MM  MM 1012.7  28.7  29.1  25.7   MM   MM    MM
2026 08 28 06 20  80  9.0 10.0   1.5     6   4.7  88 1012.7  28.7  29.1  25.5   MM   MM    MM
2026 08 28 06 10  70  9.0 10.0   1.5    MM   4.7  88 1012.7  28.7  29.1  25.4   MM   MM    MM
2026 08 28 06 00  70  9.0 11.0    MM    MM    MM  MM 1012.9  28.8  29.1  25.5   MM -1.6    MM
2026 08 28 05 50  70  9.0 11.0   1.5     6   4.6  85 1012.9  28.7  29.1  25.9   MM   MM    MM
2026 08 28 05 40  60  9.0 11.0   1.5    MM   4.6  85 1013.0  28.7  29.1  25.9   MM   MM    MM
2026 08 28 05 30  70  9.0 10.0    MM    MM    MM  MM 1013.1  28.8  29.1  25.9   MM   MM    MM
2026 08 28 05 20  70  9.0 10.0   1.4     6   4.7  92 1013.3  28.8  29.1  25.9   MM   MM    MM
2026 08 28 05 10  80  9.0 11.0   1.4    MM   4.7  92 1013.4  28.8  29.1  25.8   MM   MM    MM
2026 08 28 05 00  80 10.0 11.0    MM    MM    MM  MM 1013.4  28.8  29.1  25.6   MM -1.0    MM
2026 08 28 04 50  80  8.0 11.0   1.3     5   4.6  92 1013.6  28.4  29.1  25.9   MM   MM    MM
2026 08 28 04 40  70  8.0 10.0   1.3    MM   4.6  92 1013.7  28.6  29.1  26.0   MM   MM    MM
2026 08 28 04 30  80  8.0  9.0    MM    MM    MM  MM 1013.7  28.7  29.1  26.1   MM   MM    MM
2026 08 28 04 20  80  8.0  9.0   1.4     5   4.7  90 1013.9  28.7  29.1  26.0   MM   MM    MM
2026 08 28 04 10  80  8.0 10.0   1.4    MM   4.7  90 1014.0  28.7  29.1  25.9   MM   MM    MM
2026 08 28 04 00  80  8.0 10.0    MM    MM    MM  MM 1014.2  28.7  29.1  26.1   MM +0.0    MM
2026 08 28 03 50  70  8.0 10.0   1.4     6   4.6  94 1014.2  28.7  29.1  26.0   MM   MM    MM
2026 08 28 03 40  70  9.0 10.0   1.4    MM   4.6  94 1014.2  28.8  29.2  26.0   MM   MM    MM
2026 08 28 03 30  60  8.0 10.0    MM    MM    MM  MM 1014.4  28.7  29.2  26.1   MM   MM    MM
2026 08 28 03 20  60  8.0  9.0   1.4     6   4.6 103 1014.3  28.6  29.2  26.1   MM   MM    MM
2026 08 28 03 10  60  8.0 10.0   1.4    MM   4.6 103 1014.3  28.7  29.2  26.3   MM   MM    MM
2026 08 28 03 00  60  8.0 10.0    MM    MM    MM  MM 1014.4  28.8  29.2  26.0   MM +1.1    MM
2026 08 28 02 50  60  8.0 10.0   1.5     6   4.6 101 1014.4  28.7  29.2  26.2   MM   MM    MM
2026 08 28 02 40  60  8.0  9.0    MM    MM    MM  MM 1014.5  28.7  29.1  26.4   MM   MM    MM
2026 08 28 02 30  60  8.0 10.0    MM    MM    MM  MM 1014.5  28.7  29.1  26.3   MM   MM    MM
2026 08 28 02 20  60  8.0 10.0   1.5     6   4.7  97 1014.5  28.7  29.1  26.3   MM   MM    MM
2026 08 28 02 10  50  8.0 10.0   1.5    MM   4.7  97 1014.4  28.7  29.1  26.3   MM   MM    MM
2026 08 28 02 00  60  8.0 10.0    MM    MM    MM  MM 1014.5  28.8  29.1  26.2   MM +1.5    MM
2026 08 28 01 50  60  8.0 10.0   1.5     6   4.7 111 1014.3  28.8  29.2  26.2   MM   MM    MM
2026 08 28 01 40  60  9.0 10.0    MM    MM    MM  MM 1014.4  28.8  29.2  26.0   MM   MM    MM
2026 08 28 01 30  50  9.0 10.0    MM    MM    MM  MM 1014.3  28.8  29.2  25.9   MM   MM    MM
2026 08 28 01 20  50  9.0 11.0   1.4     6   4.6 104 1014.2  28.8  29.2  26.0   MM   MM    MM
2026 08 28 01 10  50  9.0 10.0   1.4    MM   4.6 104 1014.0  28.8  29.2  26.3   MM   MM    MM
2026 08 28 01 00  50  9.0 10.0    MM    MM    MM  MM 1014.0  28.8  29.2  26.2   MM +1.5    MM
2026 08 28 00 50  60  9.0 10.0   1.3     6   4.5 109 1014.0  28.8  29.2  26.4   MM   MM    MM
2026 08 28 00 40  50  9.0 11.0   1.3    MM   4.5 109 1013.8  28.7  29.2  26.5   MM   MM    MM
2026 08 28 00 30  50  9.0 11.0    MM    MM    MM  MM 1013.7  28.6  29.2  26.6   MM   MM    MM
2026 08 28 00 20  40  9.0 10.0   1.3     6   4.6 107 1013.6  28.6  29.2  26.8   MM   MM    MM
2026 08 28 00 10  50  9.0 10.0   1.3    MM   4.6 107 1013.5  28.9  29.2  26.4   MM   MM    MM
2026 08 28 00 00  50  9.0 10.0    MM    MM    MM  MM 1013.3  29.0  29.2  26.1   MM +0.8    MM
2026 08 27 23 50  50  8.0 10.0   1.3     6   4.7 111 1013.2  29.0  29.2  26.1   MM   MM    MM
2026 08 27 23 40  50  8.0 10.0   1.3    MM   4.7 111 1013.1  28.9  29.2  26.2   MM   MM    MM
2026 08 27 23 20  50  7.0  9.0   1.2     5   4.7 100 1013.2  29.0  29.2  26.2   MM   MM    MM
2026 08 27 23 10  50  7.0  9.0   1.2    MM   4.7 100 1013.0  29.0  29.2  26.1   MM   MM    MM
2026 08 27 23 00  50  7.0  9.0    MM    MM    MM  MM 1012.8  29.0  29.2  26.0   MM +0.4    MM
2026 08 27 22 50  50  7.0  8.0   1.2     5   4.6 102 1012.8  29.0  29.2  26.1   MM   MM    MM
2026 08 27 22 40  50  7.0  8.0   1.2    MM   4.6 102 1012.7  29.0  29.2  25.9   MM   MM    MM
2026 08 27 22 30  50  7.0  8.0    MM    MM    MM  MM 1012.6  29.0  29.2  26.0   MM   MM    MM
2026 08 27 22 20  50  7.0  8.0   1.2     8   4.6  97 1012.6  29.0  29.2  26.0   MM   MM    MM
2026 08 27 22 10  50  7.0  8.0   1.2    MM   4.6  97 1012.6  29.0  29.2  26.1   MM   MM    MM
2026 08 27 22 00  50  7.0  9.0    MM    MM    MM  MM 1012.6  29.0  29.3  26.1   MM -0.4    MM
2026 08 27 21 50  60  7.0  9.0   1.2     9   4.6 109 1012.6  29.0  29.3  26.0   MM   MM    MM
2026 08 27 21 40  60  8.0  9.0    MM    MM    MM  MM 1012.5  29.1  29.3  25.7   MM   MM    MM
2026 08 27 21 30  60  8.0  9.0    MM    MM    MM  MM 1012.4  29.1  29.3  25.7   MM   MM    MM
2026 08 27 21 20  60  8.0  9.0   1.2     9   4.6  96 1012.5  29.1  29.3  25.7   MM   MM    MM
2026 08 27 21 10  60  8.0  9.0   1.2    MM   4.6  96 1012.6  29.1  29.3  25.5   MM   MM    MM
2026 08 27 21 00  60  7.0  9.0    MM    MM    MM  MM 1012.6  29.1  29.3  25.3   MM -1.1    MM
2026 08 27 20 50  60  7.0  8.0   1.2     5   4.8  92 1012.6  29.1  29.3  25.7   MM   MM    MM
2026 08 27 20 40  60  7.0  8.0   1.2    MM   4.8  92 1012.6  29.1  29.3  25.4   MM   MM    MM
2026 08 27 20 30  70  7.0  8.0    MM    MM    MM  MM 1012.6  29.1  29.3  25.4   MM   MM    MM
2026 08 27 20 20  60  7.0  8.0   1.1     5   4.9  94 1012.5  29.1  29.3  25.4   MM   MM    MM
2026 08 27 20 10  60  7.0  8.0   1.1    MM   4.9  94 1012.5  29.0  29.3  25.2   MM   MM    MM
2026 08 27 20 00  60  6.0  8.0    MM    MM    MM  MM 1012.6  29.0  29.3  25.5   MM -1.8    MM
2026 08 27 19 50  60  6.0  8.0   1.2     8   4.9 102 1012.6  29.0  29.3  25.4   MM   MM    MM
2026 08 27 19 40  70  6.0  7.0   1.2    MM   4.9 102 1012.9  29.0  29.3  25.4   MM   MM    MM
2026 08 27 19 30  60  6.0  7.0    MM    MM    MM  MM 1012.8  29.0  29.3  25.4   MM   MM    MM
2026 08 27 19 20  70  6.0  7.0   1.2     8   4.9  85 1012.9  29.0  29.3  25.5   MM   MM    MM
2026 08 27 19 10  70  6.0  7.0   1.2    MM   4.9  85 1012.9  28.9  29.3  25.2   MM   MM    MM
2026 08 27 19 00  70  6.0  7.0    MM    MM    MM  MM 1013.0  29.0  29.3  25.4   MM -1.8    MM
2026 08 27 18 50  80  6.0  7.0   1.1     5   4.8  91 1013.0  29.0  29.3  25.2   MM   MM    MM
2026 08 27 18 40  90  6.0  7.0   1.1    MM   4.8  91 1013.2  29.0  29.3  24.9   MM   MM    MM
2026 08 27 18 30  90  6.0  7.0    MM    MM    MM  MM 1013.3  29.0  29.3  25.0   MM   MM    MM
2026 08 27 18 20  80  6.0  7.0   1.2     5   4.8  99 1013.4  28.9  29.3  25.1   MM   MM    MM
2026 08 27 18 10  80  6.0  7.0   1.2    MM   4.8  99 1013.6  28.9  29.3  25.1   MM   MM    MM
2026 08 27 18 00  80  6.0  7.0    MM    MM    MM  MM 1013.7  28.9  29.3  24.9   MM -1.2    MM
2026 08 27 17 50  70  6.0  7.0   1.3     5   4.6  94 1013.8  28.8  29.3  24.9   MM   MM    MM
2026 08 27 17 40  70  6.0  8.0   1.3    MM   4.6  94 1013.9  28.8  29.3  25.0   MM   MM    MM
2026 08 27 17 30  70  6.0  8.0    MM    MM    MM  MM 1013.9  28.8  29.3  25.2   MM   MM    MM
2026 08 27 17 20  80  7.0  8.0   1.2     8   4.6 113 1014.0  28.8  29.2  25.1   MM   MM    MM
2026 08 27 17 10  80  7.0  9.0   1.2    MM   4.6 113 1014.1  28.8  29.2  25.1   MM   MM    MM
2026 08 27 17 00  80  7.0  9.0    MM    MM    MM  MM 1014.4  28.8  29.2  24.9   MM -0.6    MM
2026 08 27 16 50  90  7.0  9.0   1.2     9   4.7 105 1014.4  28.8  29.2  24.9   MM   MM    MM
2026 08 27 16 40  90  7.0  8.0   1.2    MM   4.7 105 1014.5  28.8  29.2  24.9   MM   MM    MM
2026 08 27 16 30  80  7.0  9.0    MM    MM    MM  MM 1014.6  28.8  29.2  24.9   MM   MM    MM
2026 08 27 16 20  70  8.0  9.0   1.3     8   4.7 104 1014.7  28.9  29.2  24.9   MM   MM    MM
2026 08 27 16 10  80  7.0  9.0   1.3    MM   4.7 104 1014.8  28.8  29.2  24.9   MM   MM    MM
2026 08 27 16 00  70  8.0  9.0    MM    MM    MM  MM 1014.8  28.9  29.2  24.8   MM +0.0    MM
2026 08 27 15 50  70  8.0  9.0   1.2     6   4.5  92 1014.8  28.9  29.2  24.6   MM   MM    MM
2026 08 27 15 40  80  8.0  9.0   1.2    MM   4.5  92 1014.8  28.9  29.2  24.6   MM   MM    MM
2026 08 27 15 30  80  8.0  9.0    MM    MM    MM  MM 1014.8  28.9  29.2  24.4   MM   MM    MM
2026 08 27 15 20  80  8.0  9.0   1.3     8   4.5  95 1014.8  28.9  29.2  24.7   MM   MM    MM
2026 08 27 15 10  80  8.0  9.0   1.3    MM   4.5  95 1014.8  28.8  29.2  24.9   MM   MM    MM
2026 08 27 15 00  80  8.0 10.0    MM    MM    MM  MM 1014.9  28.8  29.2  25.0   MM +0.7    MM
2026 08 27 14 50  70  7.0  9.0   1.3     5   4.7 103 1014.8  28.9  29.2  25.2   MM   MM    MM
2026 08 27 14 40  80  8.0  9.0   1.3    MM   4.7 103 1014.8  28.8  29.1  24.9   MM   MM    MM
2026 08 27 14 30  70  7.0  8.0    MM    MM    MM  MM 1014.9  28.8  29.1  25.3   MM   MM    MM
2026 08 27 14 20  80  8.0  9.0   1.2     8   4.7  96 1015.0  28.7  29.1  25.3   MM   MM    MM
2026 08 27 14 10  90  7.0  9.0   1.2    MM   4.7  96 1015.1  28.7  29.1  25.6   MM   MM    MM
2026 08 27 14 00  80  7.0  8.0    MM    MM    MM  MM 1015.1  28.6  29.1  25.5   MM +1.2    MM
2026 08 27 13 50  80  7.0  8.0   1.2     8   4.7  98 1015.0  28.6    MM  25.5   MM   MM    MM
2026 08 27 13 40  80  7.0  9.0   1.2    MM   4.7  98 1015.1  28.6  29.1  25.3   MM   MM    MM
2026 08 27 13 30  80  7.0  8.0    MM    MM    MM  MM 1014.9  28.6  29.1  25.7   MM   MM    MM
2026 08 27 13 20  80  7.0  9.0   1.3     5   4.7  94 1014.9  28.5  29.1  25.4   MM   MM    MM
2026 08 27 13 10  80  7.0  8.0   1.3    MM   4.7  94 1014.8  28.5  29.1  25.4   MM   MM    MM
2026 08 27 13 00  80  7.0  8.0    MM    MM    MM  MM 1014.6  28.4  29.1  24.4   MM +1.2    MM
2026 08 27 12 50  70  7.0 10.0   1.4     5   4.9 100 1014.6  27.7  29.1  25.2   MM   MM    MM
2026 08 27 12 40  80  8.0 11.0    MM    MM    MM  MM 1014.7  28.0    MM  25.5   MM   MM    MM
2026 08 27 12 30  80  6.0  9.0    MM    MM    MM  MM 1014.5  28.3  29.1  25.7   MM   MM    MM
2026 08 27 12 20 100  7.0  8.0   1.2     5   4.7 106 1014.4  28.2  29.1  25.7   MM   MM    MM
2026 08 27 12 10  90  7.0  9.0   1.2    MM   4.7 106 1014.2  28.5  29.1  25.7   MM   MM    MM
2026 08 27 12 00  80  6.0  8.0    MM    MM    MM  MM 1014.3  28.6  29.1  25.7   MM +0.9    MM
2026 08 27 11 50  80  7.0  8.0   1.3     5   4.7  98 1014.2  28.6  29.1  25.6   MM   MM    MM
2026 08 27 11 40  80  7.0  9.0   1.3    MM   4.7  98 1014.2  28.6  29.1  25.4   MM   MM    MM
2026 08 27 11 30  80  7.0  8.0    MM    MM    MM  MM 1014.1  28.6  29.1  25.8   MM   MM    MM
2026 08 27 11 20  80  7.0  9.0   1.3     5   4.8 103 1014.0  28.6  29.1  25.4   MM   MM    MM
2026 08 27 11 10  70  7.0  9.0   1.3    MM   4.8 103 1014.0  28.6  29.1  25.6   MM   MM    MM
2026 08 27 11 00  70  7.0  9.0    MM    MM    MM  MM 1013.8  28.4  29.1  25.7   MM +0.7    MM
2026 08 27 10 50  70  7.0  9.0   1.4     5   4.8  95 1013.8  28.5  29.1  25.8   MM   MM    MM
2026 08 27 10 40  60  7.0  9.0   1.4    MM   4.8  95 1013.7  28.4  29.1  25.7   MM   MM    MM
2026 08 27 10 30  70  7.0  8.0    MM    MM    MM  MM 1013.7  28.4  29.1  25.8   MM   MM    MM
2026 08 27 10 20  80  7.0  9.0   1.3     5   4.7  92 1013.5  28.5  29.2  25.8   MM   MM    MM
2026 08 27 10 10  80  7.0  9.0   1.3    MM   4.7  92 1013.5  28.5  29.2  25.5   MM   MM    MM
2026 08 27 10 00  80  8.0  9.0    MM    MM    MM  MM 1013.4  28.5  29.1  25.5   MM +0.4    MM
2026 08 27 09 50  70  7.0  9.0   1.3     5   4.7  89 1013.5  28.4  29.2  25.4   MM   MM    MM
2026 08 27 09 40  70  8.0  9.0    MM    MM    MM  MM 1013.4  28.4  29.2  25.3   MM   MM    MM
2026 08 27 09 30  70  7.0  9.0    MM    MM    MM  MM 1013.4  28.5  29.2  25.4   MM   MM    MM
2026 08 27 09 20  70  8.0  9.0   1.3     6   4.7 102 1013.3  28.5  29.2  25.5   MM   MM    MM
2026 08 27 09 10  60  8.0  9.0    MM    MM    MM  MM 1013.4  28.5  29.2  25.5   MM   MM    MM
2026 08 27 09 00  60  7.0  9.0    MM    MM    MM  MM 1013.2  28.5  29.2  25.5   MM -0.3    MM
2026 08 27 08 50  80  7.0  8.0   1.4     8   4.7 104 1013.2  28.5  29.2  25.3   MM   MM    MM
2026 08 27 08 40  70  7.0  9.0    MM    MM    MM  MM 1013.1  28.6  29.2  25.7   MM   MM    MM
2026 08 27 08 30  60  8.0  9.0    MM    MM    MM  MM 1013.1  28.5  29.2  25.3   MM   MM    MM
2026 08 27 08 20  70  8.0  9.0   1.4     8   4.8 103 1013.1  28.5  29.2  25.4   MM   MM    MM
2026 08 27 08 10  70  8.0 10.0   1.4    MM   4.8 103 1013.2  28.5  29.2  25.6   MM   MM    MM
2026 08 27 08 00  60  8.0  9.0    MM    MM    MM  MM 1013.0  28.5  29.2  25.6   MM -0.9    MM
2026 08 27 07 50  60  8.0 10.0   1.3     6   4.7 107 1013.0  28.5  29.2  25.5   MM   MM    MM
2026 08 27 07 40  60  8.0 10.0    MM    MM    MM  MM 1012.9  28.5  29.2  25.4   MM   MM    MM
2026 08 27 07 30  70  8.0 10.0    MM    MM    MM  MM 1012.9  28.5    MM  25.7   MM   MM    MM
2026 08 27 07 20  60  8.0  9.0   1.3     5   4.8  88 1012.9  28.5  29.2  25.8   MM   MM    MM
2026 08 27 07 10  70  8.0  9.0    MM    MM    MM  MM 1012.9  28.5  29.2  25.6   MM   MM    MM
2026 08 27 07 00  60  7.0  8.0    MM    MM    MM  MM 1013.0  28.3  29.2  25.4   MM -1.7    MM
2026 08 27 06 50  60  7.0  9.0   1.3     8   4.8 115 1013.1  28.2  29.2  26.0   MM   MM    MM
2026 08 27 06 40  70  8.0 10.0   1.3    MM   4.8 115 1013.2  28.3    MM  25.8   MM   MM    MM
2026 08 27 06 30  70  7.0  9.0    MM    MM    MM  MM 1013.2  28.2  29.2  25.6   MM   MM    MM
2026 08 27 06 20  60  7.0  8.0   1.4     6   4.8 105 1013.4  28.6  29.2  25.4   MM   MM    MM
2026 08 27 06 10  50  7.0  8.0   1.4    MM   4.8 105 1013.3  28.6  29.2  25.3   MM   MM    MM
2026 08 27 06 00  50  6.0  8.0    MM    MM    MM  MM 1013.5  28.6  29.2  25.1   MM -1.6    MM
2026 08 27 05 50  50  6.0  7.0   1.3     6   4.8 104 1013.6  28.5  29.2  25.2   MM   MM    MM
2026 08 27 05 40  60  6.0  8.0   1.3    MM   4.8 104 1013.7  28.5  29.1  25.3   MM   MM    MM
2026 08 27 05 30  60  7.0  8.0    MM    MM    MM  MM 1013.8  28.6  29.2  25.6   MM   MM    MM
2026 08 27 05 20  60  7.0  8.0   1.3     6   4.8  92 1013.9  28.6  29.2  25.5   MM   MM    MM
2026 08 27 05 10  60  7.0  9.0   1.3    MM   4.8  92 1013.9  28.6  29.2  25.5   MM   MM    MM
2026 08 27 05 00  60  7.0  9.0    MM    MM    MM  MM 1013.9  28.6  29.2  25.5   MM -1.1    MM
2026 08 27 04 50  70  7.0  9.0   1.4     6   4.9 101 1014.0  28.6  29.2  25.6   MM   MM    MM
2026 08 27 04 40  70  7.0  8.0   1.4    MM   4.9 101 1014.2  28.6  29.2  25.5   MM   MM    MM
2026 08 27 04 30  70  7.0  9.0    MM    MM    MM  MM 1014.3  28.7  29.2  25.6   MM   MM    MM
2026 08 27 04 20  70  7.0  9.0   1.4     5   4.8  84 1014.5  28.6  29.2  25.5   MM   MM    MM
2026 08 27 04 10  70  7.0  9.0   1.4    MM   4.8  84 1014.6  28.7  29.2  25.6   MM   MM    MM
2026 08 27 04 00  70  7.0  9.0    MM    MM    MM  MM 1014.7  28.7  29.2  25.5   MM +0.0    MM
2026 08 27 03 50  70  8.0  9.0   1.4     5   4.7  82 1014.8  28.8  29.2  25.5   MM   MM    MM
2026 08 27 03 40  70  8.0  9.0   1.4    MM   4.7  82 1014.9  28.8  29.2  25.6   MM   MM    MM
2026 08 27 03 30  60  8.0  9.0    MM    MM    MM  MM 1015.0  28.8  29.2  25.8   MM   MM    MM
2026 08 27 03 20  60  8.0 10.0   1.4     5   4.6  83 1015.0  28.8  29.2  26.0   MM   MM    MM
2026 08 27 03 10  70  8.0 10.0   1.4    MM   4.6  83 1015.1  28.8  29.2  25.8   MM   MM    MM
2026 08 27 03 00  60  8.0 10.0    MM    MM    MM  MM 1015.1  28.8  29.2  25.8   MM +1.0    MM
2026 08 27 02 50  80  8.0  9.0   1.3     5   4.6  89 1015.1  28.8  29.2  26.1   MM   MM    MM
2026 08 27 02 40  80  9.0 10.0   1.3    MM   4.6  89 1015.1  28.8  29.2  25.9   MM   MM    MM
2026 08 27 02 30  70  9.0 10.0    MM    MM    MM  MM 1015.1  28.9  29.2  25.9   MM   MM    MM
2026 08 27 02 20  70  8.0 10.0   1.4     5   4.6  83 1015.0  28.8  29.2  25.9   MM   MM    MM
2026 08 27 02 10  70  8.0 10.0   1.4    MM   4.6  83 1015.1  28.9  29.2  26.1   MM   MM    MM
2026 08 27 02 00  70  8.0 10.0    MM    MM    MM  MM 1015.1  28.9  29.2  26.1   MM +1.3    MM
2026 08 27 01 50  70  8.0 10.0   1.4     6   4.8  89 1015.1  28.9  29.2  26.1   MM   MM    MM
2026 08 27 01 40  70  8.0  9.0    MM    MM    MM  MM 1014.9  28.8  29.2  26.1   MM   MM    MM
2026 08 27 01 30  70  8.0 10.0    MM    MM    MM  MM 1014.8  28.9  29.2  26.2   MM   MM    MM
2026 08 27 01 20  70  8.0  9.0   1.3     5   4.6  89 1014.9  28.9  29.2  26.0   MM   MM    MM
2026 08 27 01 10  70  8.0  9.0    MM    MM    MM  MM 1014.8  28.9  29.2  26.1   MM   MM    MM
2026 08 27 01 00  80  7.0  9.0    MM    MM    MM  MM 1014.7  29.0  29.2  26.2   MM +1.4    MM
2026 08 27 00 50  70  8.0  9.0   1.3     8   4.8 113 1014.5  29.0  29.2  25.9   MM   MM    MM
2026 08 27 00 40  70  8.0  9.0    MM    MM    MM  MM 1014.5  29.0  29.2  26.0   MM   MM    MM
2026 08 27 00 30  70  8.0  9.0    MM    MM    MM  MM 1014.3  29.1  29.2  25.7   MM   MM    MM
2026 08 27 00 20  70  8.0  9.0   1.4     5   4.7  87 1014.2  29.0  29.2  26.1   MM   MM    MM
2026 08 27 00 10  70  8.0  9.0   1.4    MM   4.7  87 1014.2  29.0  29.2  25.9   MM   MM    MM
2026 08 27 00 00  80  8.0  9.0    MM    MM    MM  MM 1014.2  29.1  29.2  26.0   MM +1.0    MM
2026 08 26 23 50  80  8.0  9.0   1.4     5   4.6  78 1014.1  29.0  29.2  26.2   MM   MM    MM
2026 08 26 23 40  70  7.0  8.0   1.4    MM   4.6  78 1014.0  29.0  29.2  26.3   MM   MM    MM
2026 08 26 23 30  70  7.0  9.0    MM    MM    MM  MM 1014.0  29.1  29.2  26.5   MM   MM    MM
2026 08 26 23 20  60  8.0 10.0   1.3     8   4.6 101 1013.7  29.1  29.2  26.0   MM   MM    MM
2026 08 26 23 10  50  8.0  9.0    MM    MM    MM  MM 1013.7  29.1  29.2  26.1   MM   MM    MM
2026 08 26 23 00  60  8.0  9.0    MM    MM    MM  MM 1013.7  29.1  29.2  26.1   MM +0.4    MM
2026 08 26 22 50  60  9.0 10.0    MM    MM    MM  MM 1013.6  29.1  29.2  26.0   MM   MM    MM
2026 08 26 22 20  60  8.0  9.0    MM    MM    MM  MM 1013.4    MM    MM    MM   MM   MM    MM
2026 08 26 22 10  50  8.0  9.0    MM    MM    MM  MM 1013.4  29.2  29.2  26.1   MM   MM    MM
2026 08 26 22 00  60  8.0  9.0    MM    MM    MM  MM 1013.4  29.2  29.2  26.3   MM -0.3    MM
2026 08 26 21 50  50  8.0  9.0   1.3     5   4.6  85 1013.4  29.1  29.2  26.4   MM   MM    MM
2026 08 26 21 40  60  8.0  9.0    MM    MM    MM  MM 1013.3  29.1  29.3  26.4   MM   MM    MM
2026 08 26 21 30  50  8.0  9.0    MM    MM    MM  MM 1013.4  29.2  29.3  26.3   MM   MM    MM
2026 08 26 21 20  50  8.0 10.0   1.3     8   4.7  93 1013.3  29.2  29.3  26.1   MM   MM    MM
2026 08 26 21 10  50  8.0 10.0   1.3    MM   4.7  93 1013.2  29.2  29.3  26.2   MM   MM    MM
2026 08 26 21 00  50  8.0  9.0    MM    MM    MM  MM 1013.2  29.2  29.3  26.5   MM -0.8    MM
2026 08 26 20 50  50  8.0  9.0   1.3     8   4.7 106 1013.2  29.1  29.3  26.5   MM   MM    MM
2026 08 26 20 40  50  8.0  9.0   1.3    MM   4.7 106 1013.3  29.2  29.3  26.5   MM   MM    MM
2026 08 26 20 30  50  8.0  9.0    MM    MM    MM  MM 1013.3  29.2  29.3  26.5   MM   MM    MM
2026 08 26 20 20  50  8.0 10.0   1.2     8   4.6  90 1013.4  29.2  29.3  26.5   MM   MM    MM
2026 08 26 20 10  50  8.0 10.0    MM    MM    MM  MM 1013.4  29.2  29.3  26.5   MM   MM    MM
2026 08 26 20 00  50  7.0  8.0    MM    MM    MM  MM 1013.4  29.2  29.3  26.4   MM -1.6    MM
2026 08 26 19 50  50  7.0  8.0   1.2     8   4.7 104 1013.4  29.2  29.3  26.3   MM   MM    MM
2026 08 26 19 40  50  7.0  8.0    MM    MM    MM  MM 1013.4  29.3  29.3  26.3   MM   MM    MM
2026 08 26 19 30  50  8.0  9.0    MM    MM    MM  MM 1013.5  29.2  29.4  26.3   MM   MM    MM
2026 08 26 19 20  50  7.0  8.0   1.2     8   4.9  79 1013.5  29.3  29.3  26.2   MM   MM    MM
2026 08 26 19 10  50  7.0  9.0   1.2    MM   4.9  79 1013.5  29.3  29.3  26.1   MM   MM    MM
2026 08 26 19 00  60  7.0  8.0    MM    MM    MM  MM 1013.7  29.3  29.3  26.2   MM -2.0    MM
2026 08 26 18 50  60  7.0  8.0   1.2     8   4.7 106 1013.7  29.2  29.3  26.1   MM   MM    MM
2026 08 26 18 40  60  6.0  8.0   1.2    MM   4.7 106 1013.8  29.2  29.4  26.3   MM   MM    MM
2026 08 26 18 30  50  7.0  8.0    MM    MM    MM  MM 1013.9  29.1  29.4  26.2   MM   MM    MM
2026 08 26 18 20  60  7.0  8.0   1.2     5   4.7 101 1014.0  29.2  29.3  26.2   MM   MM    MM
2026 08 26 18 10  60  7.0  8.0    MM    MM    MM  MM 1014.0  29.2  29.4  26.1   MM   MM    MM
2026 08 26 18 00  50  7.0  9.0    MM    MM    MM  MM 1014.0  29.1  29.4  25.9   MM -2.1    MM
2026 08 26 17 50  60  6.0  8.0   1.2     6   4.8 108 1014.1  29.1  29.3  26.1   MM   MM    MM
2026 08 26 17 40  60  6.0  8.0    MM    MM    MM  MM 1014.3  29.1  29.4  26.2   MM   MM    MM
2026 08 26 17 30  50  6.0  7.0    MM    MM    MM  MM 1014.5  29.0  29.3  26.1   MM   MM    MM
2026 08 26 17 20  60  6.0  7.0   1.3     5   4.7  94 1014.8  29.0  29.3  26.2   MM   MM    MM
2026 08 26 17 10  60  6.0  7.0   1.3    MM   4.7  94 1014.9  29.1  29.3  26.2   MM   MM    MM
2026 08 26 17 00  60  6.0  7.0    MM    MM    MM  MM 1015.0  29.1  29.3  26.2   MM -1.1    MM
2026 08 26 16 50  50  6.0  7.0   1.2     6   4.7 120 1015.1  29.0  29.3  26.2   MM   MM    MM
2026 08 26 16 40  50  6.0  7.0   1.2    MM   4.7 120 1015.2  29.0  29.3  26.2   MM   MM    MM
2026 08 26 16 30  50  6.0  7.0    MM    MM    MM  MM 1015.2  29.0  29.3  26.1   MM   MM    MM
2026 08 26 16 20  50  6.0  7.0   1.2     5   4.7  83 1015.3  29.0  29.2  26.1   MM   MM    MM
2026 08 26 16 10  50  6.0  7.0   1.2    MM   4.7  83 1015.4  28.9  29.3  26.3   MM   MM    MM
2026 08 26 16 00  50  6.0  7.0    MM    MM    MM  MM 1015.6  28.9  29.2  26.4   MM +0.0    MM
2026 08 26 15 50  50  6.0  7.0   1.3     5   4.8 101 1015.8  29.0  29.2  26.2   MM   MM    MM
2026 08 26 15 40  50  6.0  7.0   1.3    MM   4.8 101 1015.9  29.1  29.2  26.2   MM   MM    MM
2026 08 26 15 30  60  5.0  7.0    MM    MM    MM  MM 1015.8  29.1  29.2  26.1   MM   MM    MM
2026 08 26 15 20  60  6.0  7.0   1.3     8   4.9  89 1016.0  29.1  29.2  25.8   MM   MM    MM
2026 08 26 15 10  60  6.0  8.0   1.3    MM   4.9  89 1016.0  29.1  29.2  25.8   MM   MM    MM
2026 08 26 15 00  60  6.0  8.0    MM    MM    MM  MM 1016.1  29.1  29.1  25.8   MM +1.0    MM
2026 08 26 14 50  60  6.0  7.0   1.3     5   4.7 107 1016.1  29.1  29.2  25.9   MM   MM    MM
2026 08 26 14 40  60  6.0  7.0   1.3    MM   4.7 107 1016.2  29.1  29.1  26.0   MM   MM    MM
2026 08 26 14 30  70  6.0  7.0    MM    MM    MM  MM 1016.2  29.1  29.1  25.9   MM   MM    MM
2026 08 26 14 20  70  6.0  7.0   1.2     8   4.6  93 1016.2  29.1  29.1  25.9   MM   MM    MM
2026 08 26 14 10  70  6.0  7.0    MM    MM    MM  MM 1016.2  29.1  29.1  25.6   MM   MM    MM
2026 08 26 14 00  60  7.0  8.0    MM    MM    MM  MM 1016.0  29.1  29.1  25.7   MM +1.3    MM
2026 08 26 13 50  70  7.0  8.0   1.3     6   4.6  98 1016.0  29.1  29.1  25.7   MM   MM    MM
2026 08 26 13 40  70  7.0  8.0   1.3    MM   4.6  98 1015.9  29.0  29.1  25.7   MM   MM    MM
2026 08 26 13 30  70  7.0  9.0    MM    MM    MM  MM 1015.9  29.1  29.1  25.8   MM   MM    MM
2026 08 26 13 20  70  7.0  8.0   1.3     5   4.6  94 1015.9  29.1  29.1  25.8   MM   MM    MM
2026 08 26 13 10  70  7.0  9.0   1.3    MM   4.6  94 1015.8  29.1  29.1  25.8   MM   MM    MM
2026 08 26 13 00  70  7.0  9.0    MM    MM    MM  MM 1015.6  29.0  29.1  25.9   MM +1.2    MM
2026 08 26 12 50  60  8.0  9.0   1.2     6   4.5 112 1015.5  29.0    MM  25.8   MM   MM    MM
2026 08 26 12 40  60  7.0  9.0   1.2    MM   4.5 112 1015.5  29.0  29.1  25.9   MM   MM    MM
2026 08 26 12 30  60  8.0  9.0    MM    MM    MM  MM 1015.4  29.0  29.1  25.8   MM   MM    MM
2026 08 26 12 20  60  8.0  9.0   1.4     5   4.7 107 1015.3  29.0  29.1  25.9   MM   MM    MM
2026 08 26 12 10  60  8.0  9.0   1.4    MM   4.7 107 1015.3  29.0  29.1  25.9   MM   MM    MM
2026 08 26 12 00  60  8.0  9.0    MM    MM    MM  MM 1015.1  29.0  29.0  26.1   MM +1.2    MM
2026 08 26 11 50  60  9.0 10.0   1.4     5   4.7  92 1015.0  28.9  29.0  26.2   MM   MM    MM
2026 08 26 11 40  50  8.0 10.0    MM    MM    MM  MM 1015.1  28.8  29.0  26.2   MM   MM    MM
2026 08 26 11 30  60  8.0  9.0    MM    MM    MM  MM 1014.9  28.7  29.0  26.4   MM   MM    MM
2026 08 26 11 20  50  7.0  9.0   1.4     5   4.6 104 1014.8  28.7  29.1  26.3   MM   MM    MM
2026 08 26 11 10  50  8.0 10.0   1.4    MM   4.6 104 1014.8  28.7  29.1  26.3   MM   MM    MM
2026 08 26 11 00  50  8.0  9.0    MM    MM    MM  MM 1014.8  28.7  29.1  26.5   MM +0.9    MM
2026 08 26 10 50  50  8.0  9.0   1.4     5   4.6  91 1014.6  28.7  29.1  26.4   MM   MM    MM
2026 08 26 10 40  50  8.0  9.0   1.4    MM   4.6  91 1014.7  28.6  29.1  26.3   MM   MM    MM
2026 08 26 10 30  50  7.0  9.0    MM    MM    MM  MM 1014.7  28.6  29.0  26.3   MM   MM    MM
2026 08 26 10 20  50  8.0  9.0   1.4     6   4.8 104 1014.6  28.6  29.1  26.3   MM   MM    MM
2026 08 26 10 10  50  8.0  9.0   1.4    MM   4.8 104 1014.5  28.6  29.1  26.4   MM   MM    MM
2026 08 26 10 00  50  7.0  9.0    MM    MM    MM  MM 1014.4  28.6  29.0  26.5   MM +0.7    MM
2026 08 26 09 50  50  8.0  9.0   1.4     6   4.7  99 1014.3  28.6  29.0  26.4   MM   MM    MM
2026 08 26 09 40  50  7.0  9.0    MM    MM    MM  MM 1014.2  28.6  29.1  26.5   MM   MM    MM
2026 08 26 09 30  50  7.0  9.0    MM    MM    MM  MM 1014.0  28.6  29.1  26.3   MM   MM    MM
2026 08 26 09 20  50  7.0  8.0   1.5     5   4.8  98 1014.1  28.6    MM  26.3   MM   MM    MM
2026 08 26 09 10  50  7.0  9.0    MM    MM    MM  MM 1014.0  28.6  29.0  26.5   MM   MM    MM
2026 08 26 09 00  60  7.0  9.0    MM    MM    MM  MM 1013.9  28.7  29.0  26.7   MM +0.0    MM
2026 08 26 08 50  60  7.0  8.0   1.4     5   4.7  94 1013.8  28.7  29.0  26.4   MM   MM    MM
2026 08 26 08 40  60  7.0  8.0    MM    MM    MM  MM 1013.9  28.8  29.0  26.3   MM   MM    MM
2026 08 26 08 30  60  7.0  8.0    MM    MM    MM  MM 1013.9  28.8  29.0  26.2   MM   MM    MM
2026 08 26 08 20  60  7.0  8.0   1.4     5   4.8 107 1013.8  28.8  29.0  26.1   MM   MM    MM
2026 08 26 08 10  60  8.0  9.0    MM    MM    MM  MM 1013.9  28.8  29.0  25.8   MM   MM    MM
2026 08 26 08 00  70  8.0  9.0    MM    MM    MM  MM 1013.9  28.9  29.0  25.8   MM -0.5    MM
2026 08 26 07 50  80  8.0 10.0   1.4     5   4.7 103 1013.8  28.8  29.0  25.8   MM   MM    MM
2026 08 26 07 40  80  8.0 10.0    MM    MM    MM  MM 1013.7  28.8  29.0  25.8   MM   MM    MM
2026 08 26 07 30  80  8.0  9.0    MM    MM    MM  MM 1013.8  28.7  29.0  26.1   MM   MM    MM
2026 08 26 07 20  70  7.0  8.0   1.3     5   4.8  99 1013.7  28.7  29.0  26.3   MM   MM    MM
2026 08 26 07 10  70  7.0  9.0    MM    MM    MM  MM 1013.7  28.7  29.0  26.2   MM   MM    MM
2026 08 26 07 00  70  7.0  8.0    MM    MM    MM  MM 1013.7  28.7    MM  26.3   MM -1.3    MM
2026 08 26 06 50  70  7.0  9.0   1.4     6   4.7  97 1013.7  28.7  29.0  26.4   MM   MM    MM
2026 08 26 06 40  70  7.0  8.0    MM    MM    MM  MM 1013.7  28.7  29.0  26.5   MM   MM    MM
2026 08 26 06 30  70  7.0  8.0    MM    MM    MM  MM 1013.6  28.7  29.0  26.4   MM   MM    MM
2026 08 26 06 20  60  7.0  8.0   1.2     5   4.6  93 1013.5  28.7    MM  26.3   MM   MM    MM
2026 08 26 06 10  70  7.0  9.0    MM    MM    MM  MM 1013.6  28.7  29.1  26.2   MM   MM    MM
2026 08 26 06 00  70  8.0  9.0   1.2    MM   4.6  93 1013.7  28.7  29.1  26.3   MM -2.0    MM
2026 08 26 05 50  70  7.0  9.0   1.3     6   4.7  96 1013.9  28.8    MM  26.5   MM   MM    MM
2026 08 26 05 40  70  7.0  9.0   1.3    MM   4.7  96 1014.0  28.8  29.1  26.3   MM   MM    MM
2026 08 26 05 30  70  8.0  9.0    MM    MM    MM  MM 1014.0  28.8  29.1  26.4   MM   MM    MM
2026 08 26 05 20  70  8.0  9.0   1.3     5   4.7 102 1014.2  28.8    MM  26.5   MM   MM    MM
2026 08 26 05 10  60  7.0  9.0   1.3    MM   4.7 102 1014.1  28.7  29.1  26.5   MM   MM    MM
2026 08 26 05 00  60  7.0  9.0    MM    MM    MM  MM 1014.3  28.7  29.1  26.7   MM -1.5    MM
2026 08 26 04 50  70  7.0  8.0   1.3     5   4.7 108 1014.3  28.7  29.1  26.7   MM   MM    MM
2026 08 26 04 40  60  7.0  8.0   1.3    MM   4.7 108 1014.4  28.8  29.1  26.7   MM   MM    MM
2026 08 26 04 30  60  7.0  8.0    MM    MM    MM  MM 1014.7  28.7  29.1  26.8   MM   MM    MM
2026 08 26 04 20  50  7.0  8.0   1.2     5   4.5 102 1014.8  28.8  29.1  26.9   MM   MM    MM
2026 08 26 04 10  50  7.0  8.0   1.2    MM   4.5 102 1015.0  28.9  29.1  26.6   MM   MM    MM
2026 08 26 04 00  60  7.0  8.0    MM    MM    MM  MM 1015.1  28.9  29.1  26.6   MM -0.7    MM
2026 08 26 03 50  60  6.0  7.0   1.3     5   4.6  84 1015.2  28.9  29.1  26.5   MM   MM    MM
2026 08 26 03 40  60  6.0  7.0    MM    MM    MM  MM 1015.3  28.9  29.1  26.5   MM   MM    MM
2026 08 26 03 30  60  6.0  8.0    MM    MM    MM  MM 1015.3  28.9  29.1  26.4   MM   MM    MM
2026 08 26 03 20  60  7.0  8.0   1.2     6   4.5  97 1015.7  29.0  29.1  26.3   MM   MM    MM
2026 08 26 03 10  60  7.0  8.0   1.2    MM   4.5  97 1015.8  29.0  29.1  26.3   MM   MM    MM
2026 08 26 03 00  60  7.0  8.0    MM    MM    MM  MM 1015.9  29.1  29.1  26.3   MM +0.3    MM
2026 08 26 02 50  70  7.0  9.0   1.3     5   4.5 106 1015.8  29.2  29.1  26.2   MM   MM    MM
2026 08 26 02 40  70  8.0 10.0   1.3    MM   4.5 106 1015.9  29.2  29.1  26.0   MM   MM    MM
2026 08 26 02 30  60  7.0  9.0    MM    MM    MM  MM 1015.9  29.1  29.1  26.6   MM   MM    MM
2026 08 26 02 20  70  7.0  9.0   1.4     5   4.6 104 1015.9  29.2  29.1  26.6   MM   MM    MM
2026 08 26 02 10  70  8.0  9.0   1.4    MM   4.6 104 1015.9  29.3  29.1  26.2   MM   MM    MM
2026 08 26 02 00  70  7.0  9.0    MM    MM    MM  MM 1015.9  29.3  29.1  26.1   MM +0.8    MM
2026 08 26 01 50  70  7.0  9.0   1.3     5   4.5  97 1015.9  29.3  29.1  26.0   MM   MM    MM
2026 08 26 01 40  70  8.0  9.0   1.3    MM   4.5  97 1016.0  29.3  29.2  26.1   MM   MM    MM
2026 08 26 01 30  70  7.0  8.0    MM    MM    MM  MM 1016.0  29.3  29.2  26.5   MM   MM    MM
2026 08 26 01 20  70  7.0  9.0   1.2     6   4.4  90 1016.0  29.2  29.2  26.5   MM   MM    MM
2026 08 26 01 10  60  8.0 10.0   1.2    MM   4.4  90 1015.9  29.3  29.2  26.5   MM   MM    MM
2026 08 26 01 00  60  8.0 10.0    MM    MM    MM  MM 1015.8  29.3  29.2  26.0   MM +0.9    MM
2026 08 26 00 50  70  8.0 10.0   1.2     6   4.4 111 1015.8  29.3  29.2  26.4   MM   MM    MM
2026 08 26 00 40  70  8.0 10.0    MM    MM    MM  MM 1015.7  29.4  29.2  26.1   MM   MM    MM
2026 08 26 00 30  60  8.0 10.0    MM    MM    MM  MM 1015.5  29.4  29.2  26.1   MM   MM    MM
2026 08 26 00 20  70  8.0 10.0   1.1     5   4.3 102 1015.5  29.3  29.2  26.2   MM   MM    MM
2026 08 26 00 10  70  8.0 10.0   1.1    MM   4.3 102 1015.4  29.4  29.2  26.0   MM   MM    MM
2026 08 26 00 00  60  8.0 10.0    MM    MM    MM  MM 1015.4  29.5  29.2  25.8   MM +1.1    MM
2026 08 25 23 50  60  7.0  9.0   1.0     5   4.3 103 1015.3  29.1  29.2  26.8   MM   MM    MM
2026 08 25 23 40  60  7.0  9.0    MM    MM    MM  MM 1015.2  29.1  29.2  27.1   MM   MM    MM
2026 08 25 23 30  60  7.0  8.0    MM    MM    MM  MM 1015.1  29.1  29.2  27.2   MM   MM    MM
2026 08 25 23 20  60  7.0  8.0   1.1     6   4.4  99 1015.0  29.1  29.2  27.1   MM   MM    MM
2026 08 25 23 10  50  7.0  8.0   1.1    MM   4.4  99 1015.0  29.1  29.2  27.1   MM   MM    MM
2026 08 25 23 00  60  7.0  8.0    MM    MM    MM  MM 1015.0  29.2  29.2  27.1   MM +0.7    MM
2026 08 25 22 50  60  8.0  9.0   1.1     5   4.4  96 1015.0  29.4  29.2  26.7   MM   MM    MM
2026 08 25 22 40  60  7.0  9.0   1.1    MM   4.4  96 1015.0  29.3  29.2  26.5   MM   MM    MM
2026 08 25 22 30  60  7.0  9.0    MM    MM    MM  MM 1014.9  29.3  29.2  26.7   MM   MM    MM
2026 08 25 22 20  70  7.0  8.0   1.1     5   4.4  99 1014.9  29.2  29.2  26.8   MM   MM    MM
2026 08 25 22 10  70  7.0  8.0   1.1    MM   4.4  99 1014.8  29.2  29.2  26.8   MM   MM    MM
2026 08 25 22 00  70  7.0  7.0    MM    MM    MM  MM 1014.8  29.2  29.2  26.8   MM -0.0    MM
2026 08 25 21 50  70  7.0  8.0   1.1     5   4.3  96 1014.7  29.2  29.2  26.9   MM   MM    MM
2026 08 25 21 40  80  7.0  8.0   1.1    MM   4.3  96 1014.7  29.2  29.2  26.9   MM   MM    MM
2026 08 25 21 30  80  6.0  8.0    MM    MM    MM  MM 1014.6  29.2  29.2  26.9   MM   MM    MM
2026 08 25 21 20  70  7.0  8.0   1.0     5   4.4  98 1014.6  29.3  29.3  26.8   MM   MM    MM
2026 08 25 21 10  80  7.0  8.0   1.0    MM   4.4  98 1014.4  29.2  29.3  26.8   MM   MM    MM
2026 08 25 21 00  70  6.0  8.0    MM    MM    MM  MM 1014.4  29.3  29.3  27.0   MM -0.5    MM
2026 08 25 20 50  70  6.0  7.0   0.9     5   4.2 116 1014.3  29.3  29.3  26.8   MM   MM    MM
2026 08 25 20 40  70  6.0  7.0    MM    MM    MM  MM 1014.4  29.2  29.3  26.8   MM   MM    MM
2026 08 25 20 30  70  6.0  7.0    MM    MM    MM  MM 1014.5  29.2  29.3  26.8   MM   MM    MM
2026 08 25 20 20  70  6.0  7.0   0.9     6   4.2 109 1014.5  29.2  29.4  26.9   MM   MM    MM
2026 08 25 20 10  70  6.0  7.0   0.9    MM   4.2 109 1014.5  29.2  29.4  26.9   MM   MM    MM
2026 08 25 20 00  60  6.0  7.0    MM    MM    MM  MM 1014.3  29.2  29.3  26.7   MM -1.1    MM
2026 08 25 19 50  70  6.0  7.0   1.0     5   4.3 101 1014.3  29.2  29.4  26.7   MM   MM    MM
2026 08 25 19 40  70  6.0  7.0   1.0    MM   4.3 101 1014.5  29.2  29.3  26.6   MM   MM    MM
2026 08 25 19 30  70  6.0  7.0    MM    MM    MM  MM 1014.5  29.3  29.4  26.6   MM   MM    MM
2026 08 25 19 20  80  5.0  6.0   1.0     5   4.4  97 1014.5  29.3  29.4  26.6   MM   MM    MM
2026 08 25 19 10  80  6.0  7.0   1.0    MM   4.4  97 1014.5  29.3  29.3  26.4   MM   MM    MM
2026 08 25 19 00  80  5.0  6.0    MM    MM    MM  MM 1014.6  29.3  29.3  26.4   MM -1.4    MM
2026 08 25 18 50  90  6.0  7.0   1.0     5   4.3 108 1014.7  29.4  29.3  26.3   MM   MM    MM
2026 08 25 18 40  90  5.0  6.0    MM    MM    MM  MM 1014.7  29.3  29.3  26.2   MM   MM    MM
2026 08 25 18 30  90  5.0  7.0    MM    MM    MM  MM 1014.8  29.3  29.3  26.5   MM   MM    MM
2026 08 25 18 20  90  6.0  7.0   1.1     5   4.3  94 1014.8  29.2  29.3  26.6   MM   MM    MM
2026 08 25 18 10  90  6.0  7.0    MM    MM    MM  MM 1014.9  29.2  29.2  26.6   MM   MM    MM
2026 08 25 18 00  90  7.0  8.0    MM    MM    MM  MM 1015.0  29.2  29.3  26.8   MM -1.4    MM
2026 08 25 17 50  MM   MM   MM   1.1    MM   4.3 105 1015.1    MM    MM    MM   MM   MM    MM
2026 08 25 17 40  MM   MM   MM   1.1     5    MM  MM     MM    MM    MM    MM   MM   MM    MM
2026 08 25 17 30  90  7.0  8.0    MM    MM    MM  MM 1015.3  29.2  29.2  26.8   MM   MM    MM
2026 08 25 17 20  90  7.0  9.0   1.1     5   4.2  94 1015.3  29.1  29.2  26.8   MM   MM    MM
2026 08 25 17 10  90  7.0  8.0   1.1    MM   4.2  94 1015.4  29.1  29.2  26.9   MM   MM    MM
2026 08 25 17 00  90  7.0  9.0    MM    MM    MM  MM 1015.5  29.1  29.2  26.9   MM -1.0    MM
2026 08 25 16 50  90  7.0  9.0   1.1     5   4.3 102 1015.7  29.1  29.2  27.0   MM   MM    MM
2026 08 25 16 40  90  7.0  9.0   1.1    MM   4.3 102 1015.8  29.1  29.2  26.9   MM   MM    MM
2026 08 25 16 30  90  7.0  8.0    MM    MM    MM  MM 1015.9  29.1  29.2  26.9   MM   MM    MM
2026 08 25 16 20  90  8.0 10.0   1.1     6   4.2 101 1015.8  29.0  29.2  26.8   MM   MM    MM
2026 08 25 16 10  90  7.0  9.0   1.1    MM   4.2 101 1015.9  29.0  29.1  26.9   MM   MM    MM
2026 08 25 16 00 100  8.0  9.0    MM    MM    MM  MM 1016.0  29.0  29.1  26.9   MM +0.0    MM
2026 08 25 15 50  90  8.0  9.0   1.1     5   4.3 109 1016.1  29.0  29.1  26.8   MM   MM    MM
2026 08 25 15 40  90  8.0  9.0   1.1    MM   4.3 109 1016.1  29.1  29.1  26.8   MM   MM    MM
2026 08 25 15 30  90  7.0  9.0    MM    MM    MM  MM 1016.2  29.1  29.1  26.9   MM   MM    MM
2026 08 25 15 20  90  7.0  9.0   1.1     5   4.3 101 1016.2  29.1  29.1  26.8   MM   MM    MM
2026 08 25 15 10  90  7.0  9.0   1.1    MM   4.3 101 1016.3  29.0  29.1  26.7   MM   MM    MM
2026 08 25 15 00  90  6.0  8.0    MM    MM    MM  MM 1016.4  29.1  29.1  27.2   MM +0.0    MM
2026 08 25 14 50  80  7.0  8.0   1.0     5   4.2 114 1016.4  29.1  29.1  27.1   MM   MM    MM
2026 08 25 14 40  90  7.0  8.0    MM    MM    MM  MM 1016.3  29.1  29.1  26.9   MM   MM    MM
2026 08 25 14 30  90  7.0  8.0    MM    MM    MM  MM 1016.4  29.1  29.1  26.7   MM   MM    MM
2026 08 25 14 20  90  7.0  8.0   1.0     5   4.2 109 1016.5  29.1  29.1  26.8   MM   MM    MM
2026 08 25 14 10  90  7.0  8.0   1.0    MM   4.2 109 1016.5  29.1  29.1  26.7   MM   MM    MM
2026 08 25 14 00  90  7.0  8.0    MM    MM    MM  MM 1016.4  29.1  29.1  26.7   MM +0.9    MM
2026 08 25 13 50  90  7.0  8.0   1.1     6   4.2 106 1016.5  29.0  29.0  26.8   MM   MM    MM
2026 08 25 13 40  90  7.0  8.0   1.1    MM   4.2 106 1016.5  29.0  29.0  26.9   MM   MM    MM
2026 08 25 13 30  90  7.0  8.0    MM    MM    MM  MM 1016.4  28.9  29.0  26.9   MM   MM    MM
2026 08 25 13 20  90  7.0  8.0   1.1     5   4.3 105 1016.3  29.0  29.0  26.8   MM   MM    MM
2026 08 25 13 10  90  7.0  8.0   1.1    MM   4.3 105 1016.4  29.0  29.0  26.6   MM   MM    MM
2026 08 25 13 00  90  7.0  8.0    MM    MM    MM  MM 1016.4  29.0  29.0  26.8   MM +1.0    MM
2026 08 25 12 50  90  6.0  8.0   1.1     5   4.2 109 1016.4  29.0  29.0  26.8   MM   MM    MM
2026 08 25 12 40  90  7.0  8.0    MM    MM    MM  MM 1016.3  29.0  29.0  26.7   MM   MM    MM
2026 08 25 12 30  90  7.0  8.0    MM    MM    MM  MM 1016.3  29.0  29.0  26.6   MM   MM    MM
2026 08 25 12 20  90  7.0  8.0   1.0     5   4.1 101 1016.2  29.0  29.0  26.5   MM   MM    MM
2026 08 25 12 10  90  7.0  9.0   1.0    MM   4.1 101 1016.2  29.0  29.0  26.5   MM   MM    MM
2026 08 25 12 00  90  6.0  8.0    MM    MM    MM  MM 1016.2  29.0  29.0  26.8   MM +1.4    MM
2026 08 25 11 50  90  7.0  8.0   1.1     5   4.3  95 1016.2  28.9  29.0  26.5   MM   MM    MM
2026 08 25 11 40  80  7.0  9.0   1.1    MM   4.3  95 1016.0  28.9  29.0  26.7   MM   MM    MM
2026 08 25 11 30  90  7.0  8.0    MM    MM    MM  MM 1015.9  28.9  29.0  26.8   MM   MM    MM
2026 08 25 11 20  90  7.0  9.0   1.1     5   4.2 102 1015.9  28.8  29.0  26.7   MM   MM    MM
2026 08 25 11 10  90  7.0  8.0   1.1    MM   4.2 102 1015.7  28.8  29.0  26.7   MM   MM    MM
2026 08 25 11 00  90  7.0  9.0    MM    MM    MM  MM 1015.6  28.8  29.0  26.7   MM +1.4    MM
2026 08 25 10 50  90  7.0  8.0   1.1     5   4.3  98 1015.6  28.8  29.0  26.8   MM   MM    MM
2026 08 25 10 40  90  7.0  8.0    MM    MM    MM  MM 1015.5  28.8  29.0  26.8   MM   MM    MM
2026 08 25 10 30  90  7.0  8.0    MM    MM    MM  MM 1015.4  28.7  29.0  26.8   MM   MM    MM
2026 08 25 10 20  80  7.0  9.0   1.1     5   4.3 108 1015.3  28.7  29.0  26.7   MM   MM    MM
2026 08 25 10 10  80  7.0  9.0   1.1    MM   4.3 108 1015.2  28.7  29.0  26.7   MM   MM    MM
2026 08 25 10 00  90  8.0  9.0    MM    MM    MM  MM 1015.2  28.7  29.0  26.7   MM +0.9    MM
2026 08 25 09 50  90  8.0  9.0   1.2     5   4.3  96 1015.2  28.7  29.0  26.6   MM   MM    MM
2026 08 25 09 40  90  7.0  8.0    MM    MM    MM  MM 1015.1  28.7  29.0  26.9   MM   MM    MM
2026 08 25 09 30  80  6.0  8.0    MM    MM    MM  MM 1015.1  28.7  29.0  26.9   MM   MM    MM
2026 08 25 09 20  80  7.0  8.0   1.1     5   4.3 106 1015.0  28.7  29.0  26.9   MM   MM    MM
2026 08 25 09 10  80  7.0  8.0    MM    MM    MM  MM 1014.8  28.7  29.0  26.9   MM   MM    MM
2026 08 25 09 00  90  7.0  9.0   1.1    MM   4.3 106 1014.8  28.7  29.0  26.8   MM -0.0    MM
2026 08 25 08 50  80  8.0  9.0   1.2     5   4.2  99 1014.5  28.7  29.0  26.8   MM   MM    MM
2026 08 25 08 40  80  8.0  9.0   1.2    MM   4.2  99 1014.4  28.6  29.0  26.7   MM   MM    MM
2026 08 25 08 30  90  8.0 10.0    MM    MM    MM  MM 1014.2  28.7  29.0  26.7   MM   MM    MM
2026 08 25 08 20  80  8.0 10.0   1.1     5   4.2 106 1014.2  28.6  29.0  26.6   MM   MM    MM
2026 08 25 08 10  80  8.0 10.0    MM    MM    MM  MM 1014.2  28.7  29.0  26.7   MM   MM    MM
2026 08 25 08 00  80  8.0 10.0    MM    MM    MM  MM 1014.2  28.7  29.0  26.6   MM -1.0    MM
2026 08 25 07 50  80  8.0 10.0   1.1    MM   4.2  87 1014.2  28.7  29.0  26.5   MM   MM    MM
2026 08 25 07 40  MM   MM   MM   1.1     5    MM  MM     MM    MM    MM    MM   MM   MM    MM
2026 08 25 07 30  70  8.0 10.0    MM    MM    MM  MM 1014.3  28.8  29.0  26.4   MM   MM    MM
2026 08 25 07 20  80  8.0  9.0   1.2    MM   4.3  91 1014.5    MM  29.0    MM   MM   MM    MM
2026 08 25 07 10  80  8.0  9.0   1.2    MM   4.3  91 1014.4  28.7  29.0  26.2   MM   MM    MM
2026 08 25 07 00  70  8.0  9.0    MM    MM    MM  MM 1014.4  28.7    MM  26.7   MM -1.4    MM
2026 08 25 06 50  80  7.0  9.0   1.1    MM   4.1  98 1014.4  28.7  29.0  26.8   MM   MM    MM
2026 08 25 06 40  MM   MM   MM   1.1     5   4.1  98     MM    MM    MM    MM   MM   MM    MM
2026 08 25 06 30  80  8.0 10.0    MM    MM    MM  MM 1014.4  28.7  29.0  26.6   MM   MM    MM
2026 08 25 06 20  70  7.0  9.0   1.1     5   4.2  95 1014.5  28.7  29.0  27.1   MM   MM    MM
2026 08 25 06 10  80  7.0  8.0    MM    MM    MM  MM 1014.6  28.7  29.0  27.1   MM   MM    MM
2026 08 25 06 00  80  8.0  9.0    MM    MM    MM  MM 1014.5  28.7  29.0  27.0   MM -1.6    MM
2026 08 25 05 50  70  8.0  9.0   1.1     5   4.2  92 1014.6  28.7    MM  26.9   MM   MM    MM
2026 08 25 05 40  80  7.0  8.0    MM    MM    MM  MM 1014.7  28.8  29.0  26.9   MM   MM    MM
2026 08 25 05 30  80  7.0  8.0    MM    MM    MM  MM 1014.7  28.8  29.0  27.0   MM   MM    MM
2026 08 25 05 20  80  8.0  9.0   1.1     5   4.3  92 1014.9  28.8  29.0  26.8   MM   MM    MM
2026 08 25 05 10  80  8.0  9.0    MM    MM    MM  MM 1015.0  28.8  29.0  26.9   MM   MM    MM
2026 08 25 05 00  80  9.0 10.0    MM    MM    MM  MM 1015.1  28.8  29.0  26.7   MM -1.2    MM
2026 08 25 04 50  80  8.0  9.0   1.1     5   4.2  95 1015.2  28.8  29.1  26.8   MM   MM    MM
2026 08 25 04 40  80  8.0  9.0   1.1    MM   4.2  95 1015.2  28.8  29.1  26.8   MM   MM    MM
2026 08 25 04 30  80  8.0  9.0    MM    MM    MM  MM 1015.3  28.8  29.1  26.8   MM   MM    MM
2026 08 25 04 20  80  7.0  9.0   1.1     5   4.1 102 1015.5  28.8  29.1  27.1   MM   MM    MM
2026 08 25 04 10  70  8.0  9.0   1.1    MM   4.1 102 1015.6  28.8  29.1  27.0   MM   MM    MM
2026 08 25 04 00  70  8.0  9.0    MM    MM    MM  MM 1015.6  28.8  29.1  26.8   MM +0.0    MM
2026 08 25 03 50  70  7.0  9.0   1.2     5   4.2  91 1015.8  28.8  29.1  27.0   MM   MM    MM
2026 08 25 03 40  70  8.0  9.0   1.2    MM   4.2  91 1015.9  28.8  29.1  26.8   MM   MM    MM
2026 08 25 03 30  70  8.0  9.0    MM    MM    MM  MM 1015.9  28.8  29.1  26.9   MM   MM    MM
2026 08 25 03 20  70  7.0  9.0   1.1     5   4.2  96 1015.9  28.8  29.1  26.9   MM   MM    MM
2026 08 25 03 10  70  8.0  9.0   1.1    MM   4.2  96 1016.1  28.8  29.1  26.8   MM   MM    MM
2026 08 25 03 00  60  7.0  9.0    MM    MM    MM  MM 1016.1  28.9  29.1  27.1   MM +1.0    MM
2026 08 25 02 50  60  7.0  9.0   1.1     5   4.2  90 1016.1  28.9  29.1  26.9   MM   MM    MM
2026 08 25 02 40  60  8.0  9.0    MM    MM    MM  MM 1016.2  28.9  29.1  26.8   MM   MM    MM
2026 08 25 02 30  60  8.0  9.0    MM    MM    MM  MM 1016.2  29.0  29.1  26.7   MM   MM    MM
2026 08 25 02 20  60  8.0  9.0   1.0     5   4.0  91 1016.1  29.0  29.1  26.8   MM   MM    MM
2026 08 25 02 10  60  7.0  9.0   1.0    MM   4.0  91 1016.2  29.0  29.1  26.8   MM   MM    MM
2026 08 25 02 00  70  8.0 10.0    MM    MM    MM  MM 1016.3  28.9  29.1  26.6   MM +1.9    MM
2026 08 25 01 50  60  8.0  9.0   1.0     5   4.0  91 1016.2  28.9  29.1  27.1   MM   MM    MM
2026 08 25 01 40  70  8.0 10.0   1.0    MM   4.0  91 1016.2  28.9  29.1  27.0   MM   MM    MM
2026 08 25 01 30  70  8.0  9.0    MM    MM    MM  MM 1016.1  29.0  29.1  27.0   MM   MM    MM
2026 08 25 01 20  70  7.0  9.0   1.0     5   4.1  96 1016.0  28.9  29.1  26.9   MM   MM    MM
2026 08 25 01 10  60  8.0  9.0   1.0    MM   4.1  96 1015.9  29.0  29.1  26.9   MM   MM    MM
2026 08 25 01 00  70  8.0  9.0    MM    MM    MM  MM 1015.8  29.0  29.1  26.9   MM +1.5    MM
2026 08 25 00 50  70  8.0  9.0   1.0     5   4.2  95 1015.7  29.0  29.1  26.8   MM   MM    MM
2026 08 25 00 40  80  8.0  9.0    MM    MM    MM  MM 1015.6  29.0  29.1  26.5   MM   MM    MM
2026 08 25 00 30  80  8.0  9.0    MM    MM    MM  MM 1015.3  29.0  29.1  26.8   MM   MM    MM
2026 08 25 00 20  70  7.0  8.0   0.9     4   4.0 104 1015.3  29.0  29.1  27.0   MM   MM    MM
2026 08 25 00 10  70  7.0  8.0   0.9    MM   4.0 104 1015.2  28.9  29.1  27.0   MM   MM    MM
2026 08 25 00 00  70  7.0  9.0    MM    MM    MM  MM 1015.1  28.9  29.1  27.2   MM +1.0    MM
2026 08 24 23 50  60  7.0  8.0   0.9     5   4.2 105 1015.0  28.9  29.1  27.1   MM   MM    MM
2026 08 24 23 40  60  7.0  8.0    MM    MM    MM  MM 1014.8  28.9  29.1  27.0   MM   MM    MM
2026 08 24 23 30  60  6.0  8.0    MM    MM    MM  MM 1014.7  29.0  29.2  27.0   MM   MM    MM
2026 08 24 23 20  60  7.0  8.0   0.9     5   4.1  96 1014.6  29.0  29.2  26.9   MM   MM    MM
2026 08 24 23 10  60  6.0  8.0    MM    MM    MM  MM 1014.5  29.0  29.2  26.9   MM   MM    MM
2026 08 24 23 00  70  6.0  8.0    MM    MM    MM  MM 1014.4  29.0  29.2  26.9   MM -0.0    MM
2026 08 24 22 50  70  6.0  8.0   0.9     4   4.0  79 1014.5  29.0  29.2  26.9   MM   MM    MM
2026 08 24 22 40  70  6.0  8.0    MM    MM    MM  MM 1014.5  29.0  29.2  26.9   MM   MM    MM
2026 08 24 22 30  60  6.0  7.0    MM    MM    MM  MM 1014.3  29.1  29.2  26.7   MM   MM    MM
2026 08 24 22 20  60  6.0  7.0   0.8     4   4.1 109 1014.3  29.1  29.2  26.5   MM   MM    MM
2026 08 24 22 10  60  6.0  7.0   0.8    MM   4.1 109 1014.3  29.1  29.2  26.4   MM   MM    MM
2026 08 24 22 00  60  6.0  7.0    MM    MM    MM  MM 1014.2  29.1  29.2  26.6   MM +0.0    MM
2026 08 24 21 50  60  6.0  7.0   0.8     4   4.0 106 1014.2  29.1  29.2  26.6   MM   MM    MM
2026 08 24 21 40  60  6.0  7.0   0.8    MM   4.0 106 1014.2  29.2  29.2  26.7   MM   MM    MM
2026 08 24 21 30  60  6.0  7.0    MM    MM    MM  MM 1014.1  29.2  29.2  26.4   MM   MM    MM
2026 08 24 21 20  60  6.0  7.0   0.8     4   4.0  89 1014.1  29.2  29.2  26.3   MM   MM    MM
2026 08 24 21 10  60  6.0  7.0   0.8    MM   4.0  89 1014.2  29.2  29.2  26.7   MM   MM    MM
2026 08 24 21 00  70  5.0  6.0    MM    MM    MM  MM 1014.2  29.2  29.3  26.8   MM -0.8    MM
2026 08 24 20 50  50  6.0  7.0   0.8     5   4.1 113 1014.2  29.2  29.3  26.6   MM   MM    MM
2026 08 24 20 40  50  6.0  7.0   0.8    MM   4.1 113 1014.3  29.2  29.3  26.4   MM   MM    MM
2026 08 24 20 30  50  6.0  7.0    MM    MM    MM  MM 1014.2  29.1  29.3  26.3   MM   MM    MM
2026 08 24 20 20  50  6.0  7.0   0.9     4   4.2  95 1014.3  29.2  29.2  26.4   MM   MM    MM
2026 08 24 20 10  60  6.0  7.0    MM    MM    MM  MM 1014.5  29.2  29.3  26.4   MM   MM    MM
2026 08 24 20 00  50  6.0  7.0   0.9    MM   4.2  95 1014.5  29.2    MM  26.1   MM -1.2    MM
2026 08 24 19 50  50  6.0  8.0   0.9    MM   4.1  88 1014.6  29.2  29.3  26.1   MM   MM    MM
2026 08 24 19 40  MM   MM   MM   0.9     7   4.1  88     MM    MM    MM    MM   MM   MM    MM
2026 08 24 19 30  50  6.0  7.0    MM    MM    MM  MM 1014.5  29.0  29.3  26.5   MM   MM    MM
2026 08 24 19 20  50  6.0  8.0   0.9    MM   4.1  98 1014.5  29.0  29.3  26.3   MM   MM    MM
2026 08 24 19 10  MM   MM   MM   0.9     4   4.1  98     MM    MM    MM    MM   MM   MM    MM
2026 08 24 19 00  50  6.0  7.0    MM    MM    MM  MM 1014.5  29.0    MM  26.5   MM -1.9    MM
2026 08 24 18 50  50  6.0  8.0   0.8     5   4.3 106 1014.5  29.0  29.3  26.3   MM   MM    MM
2026 08 24 18 40  60  6.0  7.0   0.8    MM   4.3 106 1014.4  29.1  29.3  26.4   MM   MM    MM
2026 08 24 18 30  60  6.0  7.0    MM    MM    MM  MM 1014.6  29.0  29.3  26.3   MM   MM    MM
2026 08 24 18 20  60  6.0  7.0   0.8     5   4.4 113 1014.8  29.0  29.3  26.3   MM   MM    MM
2026 08 24 18 10  60  6.0  7.0   0.8    MM   4.4 113 1014.9  29.0  29.3  26.5   MM   MM    MM
2026 08 24 18 00  60  5.0  7.0    MM    MM    MM  MM 1015.0  29.0    MM  26.6   MM -1.9    MM
2026 08 24 17 50  70  5.0  6.0   0.8     4   4.4  97 1015.1  28.9  29.3  26.4   MM   MM    MM
2026 08 24 17 40  70  5.0  6.0    MM    MM    MM  MM 1015.1  28.9  29.3  26.4   MM   MM    MM
2026 08 24 17 30  60  5.0  6.0    MM    MM    MM  MM 1015.3  28.9  29.3  26.3   MM   MM    MM
2026 08 24 17 20  60  5.0  6.0   0.9     5   4.5 110 1015.5  28.9  29.3  26.3   MM   MM    MM
2026 08 24 17 10  60  5.0  6.0    MM    MM    MM  MM 1015.5  28.8  29.3  26.5   MM   MM    MM
2026 08 24 17 00  60  5.0  6.0    MM    MM    MM  MM 1015.7  28.8  29.3  26.3   MM -1.3    MM
2026 08 24 16 50  60  5.0  6.0   0.9     5   4.4  89 1015.7  28.8  29.3  26.2   MM   MM    MM
2026 08 24 16 40  60  5.0  6.0    MM    MM    MM  MM 1015.9  28.8  29.2  26.1   MM   MM    MM
2026 08 24 16 30  60  5.0  6.0    MM    MM    MM  MM 1015.9  28.9  29.2  26.1   MM   MM    MM
2026 08 24 16 20  60  6.0  7.0   0.9     5   4.3 109 1016.1  28.9  29.2  25.9   MM   MM    MM
2026 08 24 16 10  70  6.0  7.0   0.9    MM   4.3 109 1016.2  28.9  29.2  26.0   MM   MM    MM
2026 08 24 16 00  70  6.0  7.0    MM    MM    MM  MM 1016.3  28.9  29.2  26.0   MM -0.5    MM
2026 08 24 15 50  70  6.0  7.0   0.9     5   4.3 104 1016.3  28.8  29.2  26.4   MM   MM    MM
2026 08 24 15 40  70  6.0  7.0   0.9    MM   4.3 104 1016.3  28.8  29.2  26.6   MM   MM    MM
2026 08 24 15 30  70  5.0  6.0    MM    MM    MM  MM 1016.4  28.8  29.1  26.5   MM   MM    MM
2026 08 24 15 20  60  6.0  7.0   1.0     7   4.4  94 1016.5  28.8  29.1  26.4   MM   MM    MM
2026 08 24 15 10  60  6.0  7.0   1.0    MM   4.4  94 1016.7  28.8  29.1  26.4   MM   MM    MM
2026 08 24 15 00  60  6.0  7.0    MM    MM    MM  MM 1016.8  28.8  29.1  26.5   MM +0.6    MM
2026 08 24 14 50  70  6.0  7.0   0.9     5   4.4 115 1016.8  28.8  29.1  26.7   MM   MM    MM
2026 08 24 14 40  80  6.0  7.0    MM    MM    MM  MM 1016.9  28.8  29.1  26.6   MM   MM    MM
2026 08 24 14 30  80  6.0  7.0    MM    MM    MM  MM 1017.0  28.8  29.1  26.7   MM   MM    MM
2026 08 24 14 20  70  6.0  7.0   1.0     5   4.3  96 1017.0  28.8  29.0  26.5   MM   MM    MM
2026 08 24 14 10  70  6.0  7.0   1.0    MM   4.3  96 1017.1  28.8  29.0  26.7   MM   MM    MM
2026 08 24 14 00  70  6.0  7.0    MM    MM    MM  MM 1017.1  28.7  29.0  26.5   MM +1.1    MM
2026 08 24 13 50  70  6.0  7.0   1.0     5   4.5  97 1017.0  28.8  29.0  26.6   MM   MM    MM
2026 08 24 13 40  80  6.0  7.0   1.0    MM   4.5  97 1017.0  28.8  29.0  26.4   MM   MM    MM
2026 08 24 13 30  80  6.0  7.0    MM    MM    MM  MM 1017.0  28.8  29.0  26.4   MM   MM    MM
2026 08 24 13 20  70  6.0  6.0   1.0     5   4.5 109 1017.0  28.8  29.0  26.4   MM   MM    MM
2026 08 24 13 10  70  6.0  7.0   1.0    MM   4.5 109 1016.9  28.8  29.0  26.3   MM   MM    MM
2026 08 24 13 00  70  6.0  7.0    MM    MM    MM  MM 1016.9  28.8  29.0  26.3   MM +1.5    MM
2026 08 24 12 50  70  6.0  7.0   1.0     8   4.4 102 1016.8  28.8  29.0  26.5   MM   MM    MM
2026 08 24 12 40  70  6.0  8.0    MM    MM    MM  MM 1016.8  28.8  29.0  26.4   MM   MM    MM
2026 08 24 12 30  70  6.0  7.0    MM    MM    MM  MM 1016.8  28.8  29.0  26.4   MM   MM    MM
2026 08 24 12 20  70  6.0  7.0   1.1     5   4.5 103 1016.7  28.8  29.0  26.5   MM   MM    MM
2026 08 24 12 10  70  6.0  7.0    MM    MM    MM  MM 1016.5  28.8  29.0  26.4   MM   MM    MM
2026 08 24 12 00  70  6.0  7.0    MM    MM    MM  MM 1016.4  28.8  29.0  26.5   MM +1.2    MM
2026 08 24 11 50  70  6.0  7.0   1.1     5   4.6 117 1016.3  28.8  29.0  26.4   MM   MM    MM
2026 08 24 11 40  70  6.0  8.0    MM    MM    MM  MM 1016.3  28.8  29.0  26.4   MM   MM    MM
2026 08 24 11 30  70  6.0  7.0    MM    MM    MM  MM 1016.2  28.9  29.0  26.2   MM   MM    MM
2026 08 24 11 20  70  6.0  7.0   1.1     6   4.5 111 1016.2  28.8  29.0  26.3   MM   MM    MM
2026 08 24 11 10  70  6.0  7.0   1.1    MM   4.5 111 1016.1  28.7  29.0  26.4   MM   MM    MM
2026 08 24 11 00  70  6.0  7.0    MM    MM    MM  MM 1016.1  28.6  29.0  26.5   MM +1.3    MM
2026 08 24 10 50  70  6.0  7.0   1.1     8   4.6  94 1015.9  28.5  29.0  26.5   MM   MM    MM
2026 08 24 10 40  70  6.0  7.0    MM    MM    MM  MM 1015.7  28.5  29.0  26.6   MM   MM    MM
2026 08 24 10 30  70  6.0  7.0    MM    MM    MM  MM 1015.6  28.5  29.0  26.5   MM   MM    MM
2026 08 24 10 20  60  6.0  7.0   1.1     5   4.7  97 1015.6  28.4  29.0  26.5   MM   MM    MM
2026 08 24 10 10  60  6.0  7.0   1.1    MM   4.7  97 1015.4  28.4  29.0  26.8   MM   MM    MM
2026 08 24 10 00  70  6.0  7.0    MM    MM    MM  MM 1015.4  28.4  29.0  26.6   MM +0.7    MM
2026 08 24 09 50  70  6.0  7.0   1.1     5   4.6 121 1015.3  28.4  29.0  26.6   MM   MM    MM
2026 08 24 09 40  70  6.0  7.0    MM    MM    MM  MM 1015.3  28.4  29.0  26.6   MM   MM    MM
2026 08 24 09 30  70  6.0  7.0    MM    MM    MM  MM 1015.2  28.4  29.0  26.8   MM   MM    MM
2026 08 24 09 20  60  6.0  7.0   1.2     5   4.7  95 1015.2  28.4  29.0  26.7   MM   MM    MM
2026 08 24 09 10  60  6.0  7.0   1.2    MM   4.7  95 1015.1  28.5  29.0  26.6   MM   MM    MM
2026 08 24 09 00  60  5.0  7.0    MM    MM    MM  MM 1015.1  28.5  29.0  26.6   MM +0.3    MM
2026 08 24 08 50  70  5.0  7.0   1.1     6   4.6 113 1015.1  28.6  29.0  26.7   MM   MM    MM
2026 08 24 08 40  70  6.0  7.0    MM    MM    MM  MM 1015.1  28.5  29.0  26.4   MM   MM    MM
2026 08 24 08 30  70  6.0  7.0    MM    MM    MM  MM 1015.0  28.5  29.0  26.4   MM   MM    MM
2026 08 24 08 20  70  6.0  7.0   1.3     6   4.7 114 1015.0  28.5  29.0  26.4   MM   MM    MM
2026 08 24 08 10  70  6.0  7.0    MM    MM    MM  MM 1014.9  28.5  29.0  26.4   MM   MM    MM
2026 08 24 08 00  70  6.0  7.0    MM    MM    MM  MM 1014.7  28.5  29.0  26.4   MM -0.5    MM
2026 08 24 07 50  80  6.0  7.0   1.1    MM   4.7 101 1014.8  28.6  29.0  26.5   MM   MM    MM
2026 08 24 07 40  MM   MM   MM   1.1     5   4.7 101     MM    MM    MM    MM   MM   MM    MM
2026 08 24 07 30  80  6.0  7.0    MM    MM    MM  MM 1014.7  28.5  29.0  26.7   MM   MM    MM
2026 08 24 07 20  80  6.0  7.0   1.2     6   4.7 114 1014.8  28.5  29.0  26.6   MM   MM    MM
2026 08 24 07 10  80  6.0  7.0   1.2    MM   4.7 114 1014.8  28.5  29.0  26.6   MM   MM    MM
2026 08 24 07 00  80  6.0  7.0    MM    MM    MM  MM 1014.7  28.5  29.0  26.6   MM -1.0    MM
2026 08 24 06 50  80  6.0  7.0   1.2     5   4.8  96 1014.7  28.5  29.0  26.6   MM   MM    MM
2026 08 24 06 40  70  6.0  7.0   1.2    MM   4.8  96 1014.6  28.5  29.0  26.5   MM   MM    MM
2026 08 24 06 30  80  6.0  7.0    MM    MM    MM  MM 1014.7  28.5  29.0  26.5   MM   MM    MM
2026 08 24 06 20  70  6.0  8.0   1.4     5   4.8  95 1014.8  28.5  29.0  26.4   MM   MM    MM
2026 08 24 06 10  70  7.0  8.0    MM    MM    MM  MM 1014.7  28.5  29.0  26.3   MM   MM    MM
2026 08 24 06 00  80  7.0  8.0    MM    MM    MM  MM 1014.8  28.6  29.0  26.3   MM -1.1    MM
2026 08 24 05 50  70  7.0  9.0   1.3     5   4.7  95 1014.8  28.6  29.0  26.3   MM   MM    MM
2026 08 24 05 40  70  7.0  8.0   1.3    MM   4.7  95 1014.8  28.6  29.0  26.4   MM   MM    MM
2026 08 24 05 30  80  7.0  8.0    MM    MM    MM  MM 1014.9  28.6  29.0  26.3   MM   MM    MM
2026 08 24 05 20  80  7.0  8.0   1.3    MM   4.8  92 1015.0  28.6  29.0  26.3   MM   MM    MM
2026 08 24 05 10  MM   MM   MM   1.3     5   4.8  92     MM    MM    MM    MM   MM   MM    MM
2026 08 24 05 00  80  7.0  8.0    MM    MM    MM  MM 1015.1  28.7  29.0  26.5   MM -0.6    MM
2026 08 24 04 50  70  7.0  9.0   1.3     5   4.7  90 1015.2  28.7  29.0  26.5   MM   MM    MM
2026 08 24 04 40  80  8.0  9.0    MM    MM    MM  MM 1015.3  28.6  29.0  26.5   MM   MM    MM
2026 08 24 04 30  80  8.0  9.0    MM    MM    MM  MM 1015.4  28.7  29.0  26.5   MM   MM    MM
2026 08 24 04 20  80  8.0  9.0   1.3     6   4.7  92 1015.4  28.6  29.0  26.5   MM   MM    MM
2026 08 24 04 10  80  8.0  9.0   1.3    MM   4.7  92 1015.5  28.7  29.0  26.7   MM   MM    MM
2026 08 24 04 00  80  8.0  9.0    MM    MM    MM  MM 1015.6  28.7  29.0  26.5   MM +0.0    MM
2026 08 24 03 50  80  7.0  9.0   1.3     5   4.7  81 1015.7  28.7  29.0  26.7   MM   MM    MM
2026 08 24 03 40  70  7.0  9.0    MM    MM    MM  MM 1015.8  28.7  29.0  26.6   MM   MM    MM
2026 08 24 03 30  80  8.0  9.0    MM    MM    MM  MM 1015.9  28.7  29.0  26.6   MM   MM    MM
2026 08 24 03 20  80  8.0  9.0   1.2     6   4.6  77 1015.9  28.7  29.1  26.8   MM   MM    MM
2026 08 24 03 10  80  8.0  9.0   1.2    MM   4.6  77 1015.9  28.8  29.1  26.7   MM   MM    MM
2026 08 24 03 00  80  8.0 10.0    MM    MM    MM  MM 1015.8  28.8  29.1  26.8   MM +1.0    MM
2026 08 24 02 50  70  8.0  9.0   1.2     7   4.6  75 1015.9  28.8  29.1  26.8   MM   MM    MM
2026 08 24 02 40  70  8.0  9.0    MM    MM    MM  MM 1015.9  28.8  29.1  26.8   MM   MM    MM
2026 08 24 02 30  70  8.0 10.0    MM    MM    MM  MM 1015.8  28.8  29.1  26.8   MM   MM    MM
2026 08 24 02 20  70  8.0 10.0   1.2     5   4.6 100 1015.9  28.8  29.1  26.9   MM   MM    MM
2026 08 24 02 10  70  8.0 10.0   1.2    MM   4.6 100 1015.8  28.8  29.1  26.9   MM   MM    MM
2026 08 24 02 00  70  8.0 10.0    MM    MM    MM  MM 1015.7  28.9  29.1  26.9   MM +1.3    MM
2026 08 24 01 50  70  8.0  9.0   1.1     6   4.6  82 1015.7  28.9  29.1  27.1   MM   MM    MM
2026 08 24 01 40  70  8.0 10.0    MM    MM    MM  MM 1015.6  28.8  29.1  27.0   MM   MM    MM
2026 08 24 01 30  70  8.0 10.0    MM    MM    MM  MM 1015.6  28.9  29.1  27.1   MM   MM    MM
2026 08 24 01 20  60  8.0 10.0   1.2     5   4.7  77 1015.6  28.9  29.1  27.0   MM   MM    MM
2026 08 24 01 10  70  8.0  9.0   1.2    MM   4.7  77 1015.5  28.9  29.1  26.9   MM   MM    MM
2026 08 24 01 00  70  7.0  9.0    MM    MM    MM  MM 1015.4  28.9  29.1  27.1   MM +1.4    MM
2026 08 24 00 50  70  7.0  9.0   1.1    MM   4.7  76 1015.4  28.9  29.1  27.1   MM   MM    MM
2026 08 24 00 40  MM   MM   MM   1.1     5   4.7  76     MM    MM    MM    MM   MM   MM    MM
2026 08 24 00 30  70  7.0  9.0    MM    MM    MM  MM 1015.1  28.9  29.1  27.0   MM   MM    MM
2026 08 24 00 20  70  7.0  8.0   1.1     5   4.7  85 1015.1  28.9  29.1  27.0   MM   MM    MM
2026 08 24 00 10  70  7.0  8.0   1.1    MM   4.7  85 1015.0  28.9  29.1  27.0   MM   MM    MM
2026 08 24 00 00  70  7.0  8.0    MM    MM    MM  MM 1014.8  28.9  29.1  27.0   MM +1.2    MM
2026 08 23 23 50  70  7.0  8.0   1.1     6   4.7  85 1014.8  28.9  29.1  27.1   MM   MM    MM
2026 08 23 23 40  80  6.0  8.0   1.1    MM   4.7  85 1014.7  28.9  29.1  27.2   MM   MM    MM
2026 08 23 23 10  80  7.0  8.0   1.1    MM   4.5  97 1014.5  29.0  29.1  27.0   MM   MM    MM
2026 08 23 23 00  80  7.0  9.0    MM    MM    MM  MM 1014.5  29.0  29.1  27.0   MM +0.9    MM
2026 08 23 22 50  80  6.0  8.0   1.1     5   4.5  82 1014.4  29.0  29.2  27.1   MM   MM    MM
2026 08 23 22 40  70  6.0  8.0    MM    MM    MM  MM 1014.4  29.1  29.2  27.1   MM   MM    MM
2026 08 23 22 30  70  6.0  7.0    MM    MM    MM  MM 1014.3  29.1  29.2  26.9   MM   MM    MM
2026 08 23 22 20  70  6.0  7.0   1.0     8   4.4  81 1014.3  29.1  29.2  26.9   MM   MM    MM
2026 08 23 22 10  80  6.0  7.0   1.0    MM   4.4  81 1014.2  29.1  29.2  26.9   MM   MM    MM
2026 08 23 22 00  70  6.0  7.0    MM    MM    MM  MM 1014.1  29.1  29.2  26.9   MM -0.0    MM
2026 08 23 21 50  70  6.0  8.0   1.0     6   4.4  82 1014.0  29.1  29.2  26.9   MM   MM    MM
2026 08 23 21 40  70  7.0  8.0    MM    MM    MM  MM 1013.9  29.1  29.2  26.8   MM   MM    MM
2026 08 23 21 30  70  7.0  8.0    MM    MM    MM  MM 1013.8  29.0  29.2  26.9   MM   MM    MM
2026 08 23 21 20  70  6.0  8.0   1.0     5   4.5  94 1013.7  28.9  29.2  27.1   MM   MM    MM
2026 08 23 21 10  70  7.0  8.0   1.0    MM   4.5  94 1013.6    MM  29.2    MM   MM   MM    MM
2026 08 23 21 00  70  7.0  8.0    MM    MM    MM  MM 1013.7  29.0  29.2  26.9   MM -0.7    MM
2026 08 23 20 50  70  7.0  8.0   1.0     6   4.4  82 1013.6  29.0  29.2  26.8   MM   MM    MM
2026 08 23 20 40  70  7.0  8.0   1.0    MM   4.4  82 1013.6  29.0  29.3  26.9   MM   MM    MM
2026 08 23 20 30  80  6.0  8.0    MM    MM    MM  MM 1013.5  28.8  29.3  27.0   MM   MM    MM
2026 08 23 20 20  80  7.0  8.0   1.0     7   4.7 100 1013.5  28.7  29.3  26.5   MM   MM    MM
2026 08 23 20 10  70  7.0  8.0   1.0    MM   4.7 100 1013.6  28.6  29.3  26.8   MM   MM    MM
2026 08 23 20 00  70  6.0  8.0    MM    MM    MM  MM 1013.6  28.8  29.3  27.1   MM -1.4    MM
2026 08 23 19 50  70  6.0  7.0   1.0    MM   4.6 104 1013.6  28.8  29.3  27.1   MM   MM    MM
2026 08 23 19 40  MM   MM   MM   1.0     5   4.6 104     MM    MM    MM    MM   MM   MM    MM
2026 08 23 19 30  80  6.0  7.0    MM    MM    MM  MM 1013.7  28.9  29.3  27.0   MM   MM    MM
2026 08 23 19 20  80  6.0  7.0   0.9    MM   4.4 104 1013.7    MM  29.3    MM   MM   MM    MM
2026 08 23 19 10  70  6.0  7.0   0.9    MM   4.4 104 1013.8  28.9  29.2  26.9   MM   MM    MM
2026 08 23 19 00  80  6.0  7.0    MM    MM    MM  MM 1013.9  28.9  29.2  26.7   MM -1.9    MM
2026 08 23 18 50  70  6.0  6.0   1.0    MM   4.6  92 1014.0  28.9  29.2  26.6   MM   MM    MM
2026 08 23 18 40  MM   MM   MM   1.0     8   4.6  92     MM    MM    MM    MM   MM   MM    MM
2026 08 23 18 30  70  6.0  7.0    MM    MM    MM  MM 1014.2  28.8  29.2  26.6   MM   MM    MM
2026 08 23 18 20  70  6.0  7.0   1.1     5   4.6  95 1014.2  28.8  29.3  26.6   MM   MM    MM
2026 08 23 18 10  80  6.0  7.0    MM    MM    MM  MM 1014.3  28.9  29.2  26.6   MM   MM    MM
2026 08 23 18 00  70  6.0  7.0    MM    MM    MM  MM 1014.4  28.8  29.2  26.6   MM -1.7    MM
2026 08 23 17 50  70  6.0  7.0   1.1     6   4.6  93 1014.5  28.8  29.2  26.7   MM   MM    MM
2026 08 23 17 40  80  6.0  7.0    MM    MM    MM  MM 1014.6  28.8  29.2  26.7   MM   MM    MM
2026 08 23 17 30  70  6.0  7.0    MM    MM    MM  MM 1014.6  28.7  29.2  26.6   MM   MM    MM
2026 08 23 17 20  80  6.0  7.0   1.1     6   4.7  95 1014.8  28.8  29.2  26.8   MM   MM    MM
2026 08 23 17 10  70  6.0  7.0   1.1    MM   4.7  95 1014.9  28.7  29.2  26.5   MM   MM    MM
2026 08 23 17 00  80  6.0  7.0    MM    MM    MM  MM 1015.0  28.8  29.2  26.5   MM -0.9    MM
2026 08 23 16 50  80  6.0  7.0   1.2     5   4.6  86 1015.1  28.8  29.2  26.6   MM   MM    MM
2026 08 23 16 40  80  6.0  7.0   1.2    MM   4.6  86 1015.2  28.8  29.1  26.6   MM   MM    MM
2026 08 23 16 30  80  6.0  7.0    MM    MM    MM  MM 1015.3  28.7  29.2  26.6   MM   MM    MM
2026 08 23 16 20  80  6.0  7.0   1.3     5   4.6 100 1015.4  28.7  29.2  26.6   MM   MM    MM
2026 08 23 16 10  90  6.0  7.0   1.3    MM   4.6 100 1015.6  28.7  29.1  26.6   MM   MM    MM
2026 08 23 16 00  80  6.0  7.0    MM    MM    MM  MM 1015.7  28.7  29.1  26.5   MM +0.0    MM
2026 08 23 15 50  80  6.0  7.0   1.3     6   4.7 100 1015.8  28.7  29.1  26.5   MM   MM    MM
2026 08 23 15 40  80  6.0  8.0   1.3    MM   4.7 100 1015.9  28.7  29.1  26.5   MM   MM    MM
2026 08 23 15 30  80  6.0  8.0    MM    MM    MM  MM 1016.0  28.7  29.1  26.4   MM   MM    MM
2026 08 23 15 20  80  6.0  7.0   1.3     5   4.7  95 1016.1  28.8  29.1  26.6   MM   MM    MM
2026 08 23 15 10  80  7.0  8.0   1.3    MM   4.7  95 1016.1  28.8  29.1  26.5   MM   MM    MM
2026 08 23 15 00  80  7.0  8.0    MM    MM    MM  MM 1016.0  28.8  29.1  26.5   MM +0.8    MM
2026 08 23 14 50  80  6.0  8.0   1.3     5   4.7  85 1015.9  28.8  29.0  26.6   MM   MM    MM
2026 08 23 14 40  80  7.0  8.0   1.3    MM   4.7  85 1015.9  28.7  29.0  26.5   MM   MM    MM
2026 08 23 14 30  80  7.0  8.0    MM    MM    MM  MM 1015.9  28.7  29.0  26.5   MM   MM    MM
2026 08 23 14 20  80  7.0  9.0   1.3     6   4.7  81 1015.9  28.6  29.0  26.5   MM   MM    MM
2026 08 23 14 10  80  7.0  8.0   1.3    MM   4.7  81 1015.9  28.6  29.0  26.3   MM   MM    MM
2026 08 23 14 00  80  7.0  8.0    MM    MM    MM  MM 1015.8  28.7  29.0  26.2   MM +1.3    MM
2026 08 23 13 50  80  7.0  8.0   1.3     6   4.8  77 1016.0  28.8  29.0  26.0   MM   MM    MM
2026 08 23 13 40  80  7.0  9.0   1.3    MM   4.8  77 1015.9  28.8  29.0  26.1   MM   MM    MM
2026 08 23 13 30  80  6.0  8.0    MM    MM    MM  MM 1015.9  28.7  29.0  26.4   MM   MM    MM
2026 08 23 13 20  90  5.0  6.0   1.4     6   4.8  84 1015.9  28.7  29.0  26.6   MM   MM    MM
2026 08 23 13 10 100  6.0  7.0   1.4    MM   4.8  84 1015.9  28.7  28.9  26.5   MM   MM    MM
2026 08 23 13 00 100  6.0  7.0    MM    MM    MM  MM 1015.9  28.6  29.0  26.4   MM +1.4    MM
2026 08 23 12 50  90  6.0  8.0   1.4     5   4.6  68 1015.8  28.7    MM  26.6   MM   MM    MM
2026 08 23 12 40  90  6.0  8.0   1.4    MM   4.6  68 1015.7  28.6  29.0  26.5   MM   MM    MM
2026 08 23 12 30  80  7.0  8.0    MM    MM    MM  MM 1015.6  28.4  29.0  26.3   MM   MM    MM
2026 08 23 12 20  80  7.0  9.0   1.3     5   4.6  69 1015.6  28.3  28.9  26.3   MM   MM    MM
2026 08 23 12 10  70  8.0  9.0   1.3    MM   4.6  69 1015.4  28.2  28.9  26.6   MM   MM    MM
2026 08 23 12 00  70  7.0  9.0    MM    MM    MM  MM 1015.3  28.2  28.9  26.6   MM +1.2    MM
2026 08 23 11 50  70  7.0  8.0   1.3     5   4.5  83 1015.2  28.5  29.0  26.7   MM   MM    MM
2026 08 23 11 40  80  6.0  7.0    MM    MM    MM  MM 1015.1  28.7  29.0  26.5   MM   MM    MM
2026 08 23 11 30  80  6.0  7.0    MM    MM    MM  MM 1014.9  28.6  29.0  26.6   MM   MM    MM
2026 08 23 11 20  80  6.0  8.0   1.3     6   4.6  89 1014.8  28.6  28.9  26.5   MM   MM    MM
2026 08 23 11 10  80  7.0  8.0   1.3    MM   4.6  89 1014.7  28.5  28.9  26.5   MM   MM    MM
2026 08 23 11 00  80  7.0  9.0    MM    MM    MM  MM 1014.6  28.5  29.0  26.6   MM +1.0    MM
2026 08 23 10 50  80  7.0  8.0   1.3     6   4.5  84 1014.5  28.5  28.9  26.6   MM   MM    MM
2026 08 23 10 40  80  7.0  9.0    MM    MM    MM  MM 1014.5  28.4  29.0  26.5   MM   MM    MM
2026 08 23 10 30  80  7.0  9.0    MM    MM    MM  MM 1014.4  28.5  29.0  26.7   MM   MM    MM
2026 08 23 10 20  70  8.0  9.0   1.3     5   4.6 101 1014.5  28.4  29.0  26.4   MM   MM    MM
2026 08 23 10 10  70  8.0  9.0   1.3    MM   4.6 101 1014.4  28.4  29.0  26.5   MM   MM    MM
2026 08 23 10 00  70  7.0  8.0    MM    MM    MM  MM 1014.4  28.5  29.0  26.8   MM +0.9    MM
2026 08 23 09 50  80  8.0  9.0   1.3     6   4.5  92 1014.3  28.5  29.0  26.6   MM   MM    MM
2026 08 23 09 40  80  8.0  9.0    MM    MM    MM  MM 1014.2  28.5  29.0  26.6   MM   MM    MM
2026 08 23 09 30  80  7.0  8.0    MM    MM    MM  MM 1014.2  28.5  29.0  26.7   MM   MM    MM
2026 08 23 09 20  70  7.0  8.0   1.3     5   4.6  77 1014.2  28.5  29.0  26.6   MM   MM    MM
2026 08 23 09 10  70  7.0  9.0   1.3    MM   4.6  77 1014.2  28.4  28.9  26.4   MM   MM    MM
2026 08 23 09 00  70  7.0  9.0    MM    MM    MM  MM 1014.0  28.5  28.9  26.5   MM -0.0    MM
2026 08 23 08 50  70  8.0  9.0   1.3     5   4.6  89 1014.0  28.5  29.0  26.3   MM   MM    MM
2026 08 23 08 40  70  8.0  9.0    MM    MM    MM  MM 1013.8  28.5  29.0  26.5   MM   MM    MM
2026 08 23 08 30  80  8.0  9.0    MM    MM    MM  MM 1013.7  28.4  29.0  26.3   MM   MM    MM
2026 08 23 08 20  70  7.0  9.0   1.3     5   4.5  89 1013.6  28.4  29.0  26.3   MM   MM    MM
2026 08 23 08 10  70  8.0  9.0    MM    MM    MM  MM 1013.6  28.4  29.0  26.4   MM   MM    MM
2026 08 23 08 00  70  8.0  9.0    MM    MM    MM  MM 1013.6  28.5  29.0  26.6   MM -1.0    MM
2026 08 23 07 50  70  8.0  9.0   1.4     6   4.6  91 1013.5  28.5  29.0  26.7   MM   MM    MM
2026 08 23 07 40  70  8.0 10.0   1.4    MM   4.6  91 1013.4  28.5  29.0  26.6   MM   MM    MM
2026 08 23 07 30  70  8.0  9.0    MM    MM    MM  MM 1013.5  28.4  29.0  26.5   MM   MM    MM
2026 08 23 07 20  70  8.0  9.0   1.4    MM   4.6  98 1013.4  28.4  29.0  26.6   MM   MM    MM
2026 08 23 07 10  MM   MM   MM   1.4     5   4.6  98     MM    MM    MM    MM   MM   MM    MM
2026 08 23 07 00  70  8.0  9.0    MM    MM    MM  MM 1013.5  28.4  29.0  26.4   MM -1.8    MM
2026 08 23 06 50  70  7.0  9.0   1.4    MM   4.8  87 1013.5  28.3  29.0  26.5   MM   MM    MM
2026 08 23 06 40  MM   MM   MM   1.4     6   4.8  87     MM    MM    MM    MM   MM   MM    MM
2026 08 23 06 30  70  8.0  9.0    MM    MM    MM  MM 1013.8  28.3  29.0  26.4   MM   MM    MM
2026 08 23 06 20  60  7.0  9.0   1.4     6   4.7  77 1013.8  28.3  29.0  26.5   MM   MM    MM
2026 08 23 06 10  60  7.0  9.0   1.4    MM   4.7  77 1013.8  28.3  29.0  26.6   MM   MM    MM
2026 08 23 06 00  70  8.0  9.0    MM    MM    MM  MM 1014.0  28.3  29.0  26.4   MM -1.4    MM
2026 08 23 05 50  60  7.0  8.0   1.5     6   4.7  84 1014.1  28.4  29.0  26.5   MM   MM    MM
2026 08 23 05 40  70  7.0  9.0    MM    MM    MM  MM 1014.2  28.5  29.0  26.7   MM   MM    MM
2026 08 23 05 30  70  8.0  9.0    MM    MM    MM  MM 1014.2  28.5  29.0  26.5   MM   MM    MM
2026 08 23 05 20  70  8.0  9.0   1.4     6   4.5  82 1014.4  28.5  29.0  26.5   MM   MM    MM
2026 08 23 05 10  70  7.0  9.0   1.4    MM   4.5  82 1014.4  28.5  28.9  26.4   MM   MM    MM
2026 08 23 05 00  60  7.0  9.0    MM    MM    MM  MM 1014.5  28.6  29.0  26.6   MM -0.7    MM
2026 08 23 04 50  60  7.0  9.0   1.4     6   4.6  90 1014.7  28.7    MM  26.9   MM   MM    MM
2026 08 23 04 40  70  8.0  9.0   1.4    MM   4.6  90 1014.8  28.7  29.0  26.7   MM   MM    MM
2026 08 23 04 30  70  8.0  9.0    MM    MM    MM  MM 1014.9  28.7  29.0  26.5   MM   MM    MM
2026 08 23 04 20  70  8.0  9.0   1.4     6   4.7  87 1015.0  28.7  29.0  26.6   MM   MM    MM
2026 08 23 04 10  70  7.0  9.0   1.4    MM   4.7  87 1015.1  28.7  29.0  26.6   MM   MM    MM
2026 08 23 04 00  70  7.0  9.0    MM    MM    MM  MM 1015.2  28.7  29.0  26.5   MM +0.0    MM
2026 08 23 03 50  60  7.0  9.0   1.4     6   4.7  94 1015.2  28.7    MM  26.6   MM   MM    MM
2026 08 23 03 40  60  8.0  9.0   1.4    MM   4.7  94 1015.3  28.7  29.0  26.5   MM   MM    MM
2026 08 23 03 30  60  8.0 10.0    MM    MM    MM  MM 1015.3  28.7  29.0  26.4   MM   MM    MM
2026 08 23 03 20  60  8.0 10.0   1.3     5   4.6  79 1015.3  28.8  29.0  26.4   MM   MM    MM
2026 08 23 03 10  60  9.0 10.0   1.3    MM   4.6  79 1015.3  28.8  29.0  26.1   MM   MM    MM
2026 08 23 03 00  70  9.0 11.0    MM    MM    MM  MM 1015.3  28.8  29.1  26.3   MM +0.5    MM
2026 08 23 02 50  70  9.0 11.0   1.4     6   4.5  81 1015.4  28.8  29.1  26.3   MM   MM    MM
2026 08 23 02 40  60  9.0 10.0   1.4    MM   4.5  81 1015.3  28.7  29.1  26.3   MM   MM    MM
2026 08 23 02 30  60  9.0 10.0    MM    MM    MM  MM 1015.3  28.7  29.1  26.4   MM   MM    MM
2026 08 23 02 20  60  9.0 10.0   1.4     5   4.5  65 1015.3  28.8  29.1  26.3   MM   MM    MM
2026 08 23 02 10  60  9.0 10.0   1.4    MM   4.5  65 1015.3  28.8  29.1  26.4   MM   MM    MM
2026 08 23 02 00  60  9.0 10.0    MM    MM    MM  MM 1015.3  28.8  29.1  26.4   MM +0.7    MM
2026 08 23 01 50  50  8.0 10.0   1.3     5   4.5  85 1015.3  28.8  29.1  26.2   MM   MM    MM
2026 08 23 01 40  50  8.0 10.0   1.3    MM   4.5  85 1015.3  28.8  29.0  26.4   MM   MM    MM
2026 08 23 01 30  60  8.0 10.0    MM    MM    MM  MM 1015.2  28.8  29.0  26.2   MM   MM    MM
2026 08 23 01 20  50  8.0  9.0   1.2     5   4.4  86 1015.2  28.8  29.0  26.5   MM   MM    MM
2026 08 23 01 10  50  8.0  9.0   1.2    MM   4.4  86 1015.1  28.7  29.0  26.4   MM   MM    MM
2026 08 23 01 00  50  8.0  9.0    MM    MM    MM  MM 1015.1  28.8  29.0  26.4   MM +1.2    MM
2026 08 23 00 50  50  7.0  9.0   1.1     5   4.3  83 1015.0  28.8  29.0  26.5   MM   MM    MM
2026 08 23 00 40  60  7.0  9.0   1.1    MM   4.3  83 1015.1  28.8  28.9  26.3   MM   MM    MM
2026 08 23 00 30  60  8.0  9.0    MM    MM    MM  MM 1015.0    MM  28.9    MM   MM   MM    MM
2026 08 23 00 20  60  8.0  9.0   1.1     5   4.3  64 1014.9  28.8  28.9  26.2   MM   MM    MM
2026 08 23 00 10  60  8.0  9.0   1.1    MM   4.3  64 1014.8  28.8  28.9  26.4   MM   MM    MM
2026 08 23 00 00  60  7.0  9.0    MM    MM    MM  MM 1014.8  28.7  29.0  26.7   MM +1.1    MM
2026 08 22 23 50  50  8.0  9.0   1.1    MM   4.4  70 1014.8  28.7  28.9  26.6   MM   MM    MM
2026 08 22 23 40  MM   MM   MM   1.1     8   4.4  70     MM    MM    MM    MM   MM   MM    MM
2026 08 22 23 10  40  7.0  8.0   1.0    MM   4.3  88 1014.4  28.9  29.0  26.2   MM   MM    MM
2026 08 22 23 00  40  7.0  8.0    MM    MM    MM  MM 1014.5  28.9  29.0  26.4   MM +0.7    MM
2026 08 22 22 50  50  7.0  8.0   1.0     8   4.5  86 1014.2  28.9  29.0  26.1   MM   MM    MM
2026 08 22 22 40  50  7.0  8.0   1.0    MM   4.5  86 1014.2  29.0  29.0  26.1   MM   MM    MM
2026 08 22 22 30  50  7.0  8.0    MM    MM    MM  MM 1014.0  28.9  29.0  25.9   MM   MM    MM
2026 08 22 22 20  50  7.0  8.0   1.0     5   4.4 103 1013.9  28.9  29.0  26.0   MM   MM    MM
2026 08 22 22 10  50  7.0  7.0   1.0    MM   4.4 103 1013.9  29.0  29.0  25.9   MM   MM    MM
2026 08 22 22 00  50  6.0  7.0    MM    MM    MM  MM 1013.9  29.1  29.0  25.7   MM -0.4    MM
2026 08 22 21 50  50  6.0  7.0   1.0     5   4.5 101 1013.8  29.1  29.0  25.6   MM   MM    MM
2026 08 22 21 40  60  6.0  7.0    MM    MM    MM  MM 1013.8  29.0  29.1  25.6   MM   MM    MM
2026 08 22 21 30  70  6.0  7.0    MM    MM    MM  MM 1013.7  29.1  29.1  25.6   MM   MM    MM
2026 08 22 21 20  70  6.0  6.0   1.0     5   4.5 112 1013.7  29.1  29.1  25.3   MM   MM    MM
2026 08 22 21 10  60  6.0  7.0    MM    MM    MM  MM 1013.7  29.0  29.1  25.8   MM   MM    MM
2026 08 22 21 00  50  6.0  7.0    MM    MM    MM  MM 1013.7  28.9  29.0  25.9   MM -0.9    MM
2026 08 22 20 50  50  6.0  7.0   1.1     5   4.6 110 1013.7  28.8  29.1  26.1   MM   MM    MM
2026 08 22 20 40  60  6.0  8.0   1.1    MM   4.6 110 1013.7  28.9  29.1  26.0   MM   MM    MM
2026 08 22 20 30  60  6.0  7.0    MM    MM    MM  MM 1013.8  28.9  29.1  26.0   MM   MM    MM
2026 08 22 20 20  70  6.0  7.0   1.0     5   4.4 103 1013.7  29.0  29.1  25.7   MM   MM    MM
2026 08 22 20 10  70  6.0  7.0   1.0    MM   4.4 103 1013.8  29.0  29.1  25.8   MM   MM    MM
2026 08 22 20 00  70  6.0  7.0    MM    MM    MM  MM 1013.8  29.1  29.1  25.1   MM -1.2    MM
2026 08 22 19 50  80  6.0  7.0   1.1     5   4.6  90 1013.9  29.0  29.1  25.4   MM   MM    MM
2026 08 22 19 40  80  6.0  7.0   1.1    MM   4.6  90 1014.0  28.9  29.1  25.2   MM   MM    MM
2026 08 22 19 30  80  5.0  6.0    MM    MM    MM  MM 1014.1  28.9  29.1  25.4   MM   MM    MM
2026 08 22 19 20  80  6.0  7.0   1.1     5   4.6 106 1014.2  28.8  29.1  25.5   MM   MM    MM
2026 08 22 19 10  70  6.0  7.0    MM    MM    MM  MM 1014.3  28.8  29.1  25.6   MM   MM    MM
2026 08 22 19 00  70  6.0  7.0    MM    MM    MM  MM 1014.3  28.8    MM  25.6   MM -1.3    MM
2026 08 22 18 50  80  6.0  7.0   1.1    MM   4.6  90 1014.3  28.8  29.1  25.6   MM   MM    MM
2026 08 22 18 40  MM   MM   MM   1.1     8   4.6  90     MM    MM    MM    MM   MM   MM    MM
2026 08 22 18 30  80  6.0  7.0    MM    MM    MM  MM 1014.5  28.8  29.1  25.6   MM   MM    MM
2026 08 22 18 20  80  6.0  7.0   1.1     5   4.6 102 1014.6  28.8  29.1  25.6   MM   MM    MM
2026 08 22 18 10  60  6.0  7.0   1.1    MM   4.6 102 1014.5  28.7  29.1  25.6   MM   MM    MM
2026 08 22 18 00  60  6.0  8.0    MM    MM    MM  MM 1014.6  28.7  29.0  25.5   MM -1.2    MM
2026 08 22 17 50  70  6.0  7.0   1.2     5   4.5  94 1014.6  28.7  29.1  25.4   MM   MM    MM
2026 08 22 17 40  70  6.0  8.0    MM    MM    MM  MM 1014.7  28.7  29.1  25.2   MM   MM    MM
2026 08 22 17 30  70  7.0  8.0    MM    MM    MM  MM 1014.8  28.7  29.0  25.1   MM   MM    MM
2026 08 22 17 20  70  6.0  8.0   1.1     6   4.6  98 1014.8  28.7  29.0  25.4   MM   MM    MM
2026 08 22 17 10  70  6.0  7.0   1.1    MM   4.6  98 1014.9  28.6    MM  25.6   MM   MM    MM
2026 08 22 17 00  80  6.0  7.0    MM    MM    MM  MM 1015.1  28.6  29.0  25.4   MM -1.0    MM
2026 08 22 16 50  60  6.0  7.0   1.1     7   4.6  86 1015.1  28.6  29.0  25.5   MM   MM    MM
2026 08 22 16 40  70  6.0  8.0    MM    MM    MM  MM 1015.1  28.6  29.0  25.3   MM   MM    MM
2026 08 22 16 30  70  7.0  8.0    MM    MM    MM  MM 1015.2  28.6  29.0  25.3   MM   MM    MM
2026 08 22 16 20  80  7.0  8.0   1.2     5   4.6 101 1015.3  28.6  29.0  25.3   MM   MM    MM
2026 08 22 16 10  70  7.0  8.0   1.2    MM   4.6 101 1015.5  28.6  29.0  25.5   MM   MM    MM
2026 08 22 16 00  70  6.0  8.0    MM    MM    MM  MM 1015.5  28.6  29.0  25.7   MM -0.4    MM
2026 08 22 15 50  70  7.0  8.0   1.2     5   4.6 100 1015.6  28.5  29.0  25.4   MM   MM    MM
2026 08 22 15 40  80  7.0  8.0    MM    MM    MM  MM 1015.6  28.5  29.0  25.3   MM   MM    MM
2026 08 22 15 30  90  7.0  8.0    MM    MM    MM  MM 1015.6  28.5  28.9  25.2   MM   MM    MM
2026 08 22 15 20  80  7.0  8.0   1.2     6   4.6  88 1015.7  28.5  28.9  25.4   MM   MM    MM
2026 08 22 15 10  70  7.0  8.0   1.2    MM   4.6  88 1015.7  28.5  28.9  25.4   MM   MM    MM
2026 08 22 15 00  70  7.0  8.0    MM    MM    MM  MM 1015.9  28.5  28.9  25.2   MM +0.0    MM
2026 08 22 14 50  80  7.0  9.0   1.2     5   4.6  90 1015.9  28.6  28.9  25.2   MM   MM    MM
2026 08 22 14 40  70  7.0  8.0    MM    MM    MM  MM 1016.0  28.6  28.9  25.2   MM   MM    MM
2026 08 22 14 30  80  7.0  8.0    MM    MM    MM  MM 1016.1  28.6  28.9  24.9   MM   MM    MM
2026 08 22 14 20  80  7.0  8.0   1.2     6   4.6  91 1016.1  28.6  28.9  25.0   MM   MM    MM
2026 08 22 14 10  80  7.0  8.0   1.2    MM   4.6  91 1016.1  28.5  28.9  25.2   MM   MM    MM
2026 08 22 14 00  80  6.0  8.0    MM    MM    MM  MM 1016.0  28.5  28.9  25.4   MM +0.4    MM
2026 08 22 13 50  80  6.0  7.0   1.1     5   4.7  91 1016.1  28.5  28.9  25.3   MM   MM    MM
2026 08 22 13 40  80  6.0  7.0   1.1    MM   4.7  91 1016.2  28.5  28.9  25.2   MM   MM    MM
2026 08 22 13 30  70  6.0  8.0    MM    MM    MM  MM 1016.1    MM    MM    MM   MM   MM    MM
2026 08 22 13 20  70  7.0  8.0   1.1     5   4.6  96 1015.9  28.5  28.9  25.2   MM   MM    MM
2026 08 22 13 10  80  6.0  7.0   1.1    MM   4.6  96 1015.9  28.4  28.9  25.3   MM   MM    MM
2026 08 22 13 00  70  6.0  7.0    MM    MM    MM  MM 1016.0  28.5  28.9  25.1   MM +0.9    MM
2026 08 22 12 50  70  6.0  7.0   1.2     5   4.8  85 1015.9  28.5  28.9  25.0   MM   MM    MM
2026 08 22 12 40  70  6.0  7.0   1.2    MM   4.8  85 1015.9  28.4  28.9  25.1   MM   MM    MM
2026 08 22 12 30  70  6.0  7.0    MM    MM    MM  MM 1015.8  28.4  28.9  25.2   MM   MM    MM
2026 08 22 12 20  70  6.0  7.0   1.2     5   4.7  92 1015.9  28.5  28.9  25.2   MM   MM    MM
2026 08 22 12 10  70  6.0  7.0    MM    MM    MM  MM 1015.9  28.5  28.9  25.0   MM   MM    MM
2026 08 22 12 00  70  6.0  8.0    MM    MM    MM  MM 1015.9  28.5  28.9  24.9   MM +1.5    MM
2026 08 22 11 50  70  7.0  7.0   1.2     6   4.6  97 1015.8  28.5  28.9  24.7   MM   MM    MM
2026 08 22 11 40  80  6.0  8.0    MM    MM    MM  MM 1015.8  28.4  28.8  25.3   MM   MM    MM
2026 08 22 11 30  90  6.0  8.0    MM    MM    MM  MM 1015.7  28.4  28.8  25.3   MM   MM    MM
2026 08 22 11 20  90  6.0  8.0   1.2     5   4.7  91 1015.7  28.4  28.8  25.0   MM   MM    MM
2026 08 22 11 10  90  7.0  8.0   1.2    MM   4.7  91 1015.6  28.4  28.8  24.8   MM   MM    MM
2026 08 22 11 00  80  7.0  8.0    MM    MM    MM  MM 1015.6  28.4  28.8  24.8   MM +1.3    MM
2026 08 22 10 50  80  6.0  8.0   1.2     5   4.6  86 1015.6  28.3  28.8  25.2   MM   MM    MM
2026 08 22 10 40  70  6.0  8.0    MM    MM    MM  MM 1015.5  28.3  28.8  25.1   MM   MM    MM
2026 08 22 10 30  80  6.0  8.0    MM    MM    MM  MM 1015.5  28.3  28.8  25.1   MM   MM    MM
2026 08 22 10 20  80  6.0  8.0   1.3     5   4.7  86 1015.4  28.3  28.9  25.1   MM   MM    MM
2026 08 22 10 10  80  7.0  8.0    MM    MM    MM  MM 1015.2  28.3  28.8  24.9   MM   MM    MM
2026 08 22 10 00  80  7.0  8.0    MM    MM    MM  MM 1015.1  28.2  28.8  25.0   MM +0.5    MM
2026 08 22 09 50  80  7.0  8.0   1.3     6   4.7  91 1015.0  28.2  28.8  25.2   MM   MM    MM
2026 08 22 09 40  90  7.0  8.0    MM    MM    MM  MM 1014.8  28.2  28.9  25.2   MM   MM    MM
2026 08 22 09 30  90  7.0  8.0    MM    MM    MM  MM 1014.8  28.2  28.9  25.1   MM   MM    MM
2026 08 22 09 20  80  7.0  8.0   1.3     5   4.6  84 1014.6  28.2  28.9  24.9   MM   MM    MM
2026 08 22 09 10  90  7.0  8.0   1.3    MM   4.6  84 1014.5  28.2  28.9  25.2   MM   MM    MM
2026 08 22 09 00  80  7.0  8.0    MM    MM    MM  MM 1014.4  28.3  28.8  24.8   MM -0.4    MM
2026 08 22 08 50  80  8.0  9.0   1.3     5   4.6  90 1014.2  28.3  28.9  24.5   MM   MM    MM
2026 08 22 08 40  80  8.0  9.0    MM    MM    MM  MM 1014.2  28.3  28.9  24.6   MM   MM    MM
2026 08 22 08 30  70  7.0  9.0    MM    MM    MM  MM 1014.2  28.2  28.8  25.0   MM   MM    MM
2026 08 22 08 20  80  8.0  9.0   1.3     6   4.5  90 1014.3  28.2  28.8  24.9   MM   MM    MM
2026 08 22 08 10  80  7.0  9.0    MM    MM    MM  MM 1014.2  28.2  28.8  24.9   MM   MM    MM
2026 08 22 08 00  80  8.0  9.0    MM    MM    MM  MM 1014.4  28.2  28.8  24.9   MM -0.7    MM
2026 08 22 07 50  80  7.0  9.0   1.4    MM   4.7  91 1014.5  28.2  28.8  24.9   MM   MM    MM
2026 08 22 07 40  70  7.0  8.0   1.4    MM   4.7  91 1014.4    MM  28.8    MM   MM   MM    MM
2026 08 22 07 30  80  8.0  9.0    MM    MM    MM  MM 1014.5  28.3  28.8  24.9   MM   MM    MM
2026 08 22 07 20  80  7.0  9.0   1.4     6   4.6 100 1014.5  28.3  28.8  25.0   MM   MM    MM
2026 08 22 07 10  80  8.0  9.0   1.4    MM   4.6 100 1014.5  28.3  28.8  24.7   MM   MM    MM
2026 08 22 07 00  80  8.0  9.0    MM    MM    MM  MM 1014.5  28.3  28.8  24.7   MM -1.1    MM
2026 08 22 06 50  80  8.0  9.0   1.4     6   4.6  81 1014.5  28.4  28.8  24.7   MM   MM    MM
2026 08 22 06 40  80  8.0 10.0   1.4    MM   4.6  81 1014.4  28.4  28.8  24.7   MM   MM    MM
2026 08 22 06 30  80  8.0 10.0    MM    MM    MM  MM 1014.5  28.4  28.8  24.8   MM   MM    MM
2026 08 22 06 20  80  8.0 10.0   1.3     5   4.5  91 1014.6  28.4  28.9  25.1   MM   MM    MM
2026 08 22 06 10  80  8.0 11.0   1.3    MM   4.5  91 1014.7  28.4  28.9  25.6   MM   MM    MM
2026 08 22 06 00  80  9.0 10.0    MM    MM    MM  MM 1014.8  28.4  28.9  25.3   MM -1.7    MM
2026 08 22 05 50  80  9.0 10.0   1.3     6   4.4  91 1014.8  28.4  28.9  25.4   MM   MM    MM
2026 08 22 05 40  70  9.0 10.0    MM    MM    MM  MM 1014.8  28.4  28.9  25.6   MM   MM    MM
2026 08 22 05 30  80  9.0 10.0    MM    MM    MM  MM 1014.8  28.4  28.9  25.6   MM   MM    MM
2026 08 22 05 20  70  9.0 10.0   1.4     5   4.5  84 1015.0  28.4  28.9  25.5   MM   MM    MM
2026 08 22 05 10  80  9.0 11.0   1.4    MM   4.5  84 1015.1  28.4  28.9  25.3   MM   MM    MM
2026 08 22 05 00  80  9.0 10.0    MM    MM    MM  MM 1015.1  28.5  28.9  25.2   MM -1.5    MM
2026 08 22 04 50  80  9.0 11.0   1.4     6   4.7  97 1015.2  28.6  28.9  25.1   MM   MM    MM
2026 08 22 04 40  80  9.0 11.0   1.4    MM   4.7  97 1015.3  28.5  28.9  24.9   MM   MM    MM
2026 08 22 04 30  70  9.0 10.0    MM    MM    MM  MM 1015.3  28.4  28.9  25.3   MM   MM    MM
2026 08 22 04 20  60  8.0 10.0   1.4     6   4.6  93 1015.4  28.5  28.9  25.6   MM   MM    MM
2026 08 22 04 10  60  8.0 10.0   1.4    MM   4.6  93 1015.6  28.5  28.9  25.4   MM   MM    MM
2026 08 22 04 00  60  9.0 10.0    MM    MM    MM  MM 1015.7  28.5  28.9  25.3   MM +0.0    MM
2026 08 22 03 50  70  9.0 11.0   1.5     6   4.6  97 1015.8  28.5  28.9  25.6   MM   MM    MM
2026 08 22 03 40  70  9.0 11.0   1.5    MM   4.6  97 1015.9  28.6  28.9  25.5   MM   MM    MM
2026 08 22 03 30  80  9.0 11.0    MM    MM    MM  MM 1016.2  28.6  28.9  25.4   MM   MM    MM
2026 08 22 03 20  70 10.0 11.0   1.4     6   4.4  94 1016.2  28.6  28.9  25.5   MM   MM    MM
2026 08 22 03 10  70  9.0 12.0   1.4    MM   4.4  94 1016.3  28.6  28.9  25.6   MM   MM    MM
2026 08 22 03 00  70  9.0 11.0    MM    MM    MM  MM 1016.5  28.6  28.9  25.4   MM +1.0    MM
2026 08 22 02 50  70  9.0 11.0   1.4     6   4.6  99 1016.6  28.6  28.9  25.6   MM   MM    MM
2026 08 22 02 40  60  9.0 11.0    MM    MM    MM  MM 1016.6  28.6  28.9  25.9   MM   MM    MM
2026 08 22 02 30  60  8.0 10.0    MM    MM    MM  MM 1016.7  28.7  28.9  26.2   MM   MM    MM
2026 08 22 02 20  60  8.0 10.0   1.4     6   4.6  93 1016.6  28.6  28.9  25.9   MM   MM    MM
2026 08 22 02 10  60  8.0 10.0   1.4    MM   4.6  93 1016.6  28.7  28.9  25.9   MM   MM    MM
2026 08 22 02 00  70  8.0 10.0    MM    MM    MM  MM 1016.5  28.7  28.9  25.9   MM +1.5    MM
2026 08 22 01 50  70  8.0  9.0   1.3     6   4.7  91 1016.6  28.7  28.9  25.6   MM   MM    MM
2026 08 22 01 40  70  9.0 10.0    MM    MM    MM  MM 1016.5  28.7  28.9  25.5   MM   MM    MM
2026 08 22 01 30  70  8.0  9.0    MM    MM    MM  MM 1016.4  28.7  28.9  25.7   MM   MM    MM
2026 08 22 01 20  70  8.0 10.0   1.3     6   4.6 100 1016.2  28.8  28.9  25.4   MM   MM    MM
2026 08 22 01 10  70  8.0 10.0    MM    MM    MM  MM 1016.1  28.8  28.9  25.4   MM   MM    MM
2026 08 22 01 00  70  8.0 10.0    MM    MM    MM  MM 1015.9  28.8  28.9  25.5   MM +1.4    MM
2026 08 22 00 50  70  8.0  9.0   1.3     5   4.6  94 1015.8  28.8  28.9  25.6   MM   MM    MM
2026 08 22 00 40  70  8.0  9.0    MM    MM    MM  MM 1015.7  28.8  28.9  25.6   MM   MM    MM
2026 08 22 00 30  70  8.0  9.0    MM    MM    MM  MM 1015.7  28.8  28.9  25.7   MM   MM    MM
2026 08 22 00 20  70  8.0  9.0   1.3     6   4.6 105 1015.6  28.8  28.9  25.6   MM   MM    MM
2026 08 22 00 10  70  7.0  8.0   1.3    MM   4.6 105 1015.5  28.8  28.9  25.7   MM   MM    MM
2026 08 22 00 00  70  8.0  9.0    MM    MM    MM  MM 1015.5  28.7  28.9  25.7   MM +1.1    MM
2026 08 21 23 50  70  7.0  9.0   1.3     6   4.8  94 1015.4  28.8  28.9  25.9   MM   MM    MM
2026 08 21 23 40  70  8.0  9.0    MM    MM    MM  MM 1015.3  28.8  28.9  25.6   MM   MM    MM
2026 08 21 23 20  70  7.0  8.0   1.3     6   4.7  92 1015.3  28.8  28.9  25.8   MM   MM    MM
2026 08 21 23 10  70  7.0  8.0   1.3    MM   4.7  92 1015.1  28.8  28.9  25.7   MM   MM    MM
2026 08 21 23 00  70  7.0  8.0    MM    MM    MM  MM 1015.0  28.8  28.9  25.5   MM +1.0    MM
2026 08 21 22 50  70  7.0  8.0   1.3     6   4.7  94 1014.8  28.8  29.0  25.5   MM   MM    MM
2026 08 21 22 40  70  7.0  8.0   1.3    MM   4.7  94 1014.8  28.8  29.0  25.7   MM   MM    MM
2026 08 21 22 30  70  7.0  8.0    MM    MM    MM  MM 1014.7  28.8  29.0  25.7   MM   MM    MM
2026 08 21 22 20  60  7.0  8.0   1.2     6   4.5  82 1014.6  28.8  29.0  25.6   MM   MM    MM
2026 08 21 22 10  60  7.0  8.0   1.2    MM   4.5  82 1014.6  28.8  29.0  25.7   MM   MM    MM
2026 08 21 22 00  60  6.0  8.0    MM    MM    MM  MM 1014.5  28.8  29.0  25.8   MM -0.0    MM
2026 08 21 21 50  60  7.0  8.0   1.3     6   4.7  92 1014.4  28.8  29.0  25.6   MM   MM    MM
2026 08 21 21 40  60  7.0  8.0   1.3    MM   4.7  92 1014.4  28.8  29.0  25.6   MM   MM    MM
2026 08 21 21 30  60  7.0  8.0    MM    MM    MM  MM 1014.3  28.9  29.0  25.7   MM   MM    MM
2026 08 21 21 20  70  7.0  8.0   1.3     6   4.6  92 1014.2  28.9  29.0  25.7   MM   MM    MM
2026 08 21 21 10  70  7.0  8.0   1.3    MM   4.6  92 1014.2  28.9  29.0  25.5   MM   MM    MM
2026 08 21 21 00  70  7.0  8.0    MM    MM    MM  MM 1014.3  29.0  29.0  25.3   MM -0.7    MM
2026 08 21 20 50  70  7.0  9.0   1.4     6   4.8 101 1014.4  29.0  29.0  25.2   MM   MM    MM
2026 08 21 20 40  70  7.0  8.0   1.4    MM   4.8 101 1014.4  28.9  29.1  25.3   MM   MM    MM
2026 08 21 20 30  70  7.0  8.0    MM    MM    MM  MM 1014.3  28.9  29.1  25.5   MM   MM    MM
2026 08 21 20 20  70  7.0  9.0   1.3     6   4.7  96 1014.2  28.9  29.1  25.5   MM   MM    MM
2026 08 21 20 10  70  7.0  8.0   1.3    MM   4.7  96 1014.2  29.0  29.1  25.0   MM   MM    MM
2026 08 21 20 00  70  7.0  8.0    MM    MM    MM  MM 1014.1  29.0  29.1  25.2   MM -1.8    MM
2026 08 21 19 50  70  7.0  8.0   1.3     6   4.6  93 1014.1  29.0  29.1  25.1   MM   MM    MM
2026 08 21 19 40  60  7.0  8.0    MM    MM    MM  MM 1014.0  28.9  29.1  25.3   MM   MM    MM
2026 08 21 19 30  70  6.0  8.0    MM    MM    MM  MM 1014.0  29.0  29.1  25.3   MM   MM    MM
2026 08 21 19 20  60  7.0  8.0   1.2    MM   4.5  92 1014.0  29.0  29.1  25.3   MM   MM    MM
2026 08 21 19 10  70  6.0  8.0   1.2    MM   4.5  92 1014.3  28.9  29.1  25.1   MM   MM    MM
2026 08 21 19 00  70  6.0  8.0    MM    MM    MM  MM 1014.5  29.0    MM  25.2   MM -2.1    MM
2026 08 21 18 50  80  7.0  8.0   1.2     6   4.7  97 1014.5  28.9    MM  25.3   MM   MM    MM
2026 08 21 18 40  80  7.0  8.0    MM    MM    MM  MM 1014.6  28.9  29.1  25.3   MM   MM    MM
2026 08 21 18 30  70  7.0  8.0    MM    MM    MM  MM 1014.8  28.9  29.0  25.4   MM   MM    MM
2026 08 21 18 20  80  6.0  8.0   1.2     6   4.5  97 1014.9  28.8  29.1  25.7   MM   MM    MM
2026 08 21 18 10  70  7.0  8.0   1.2    MM   4.5  97 1015.0  28.8  29.0  25.6   MM   MM    MM
2026 08 21 18 00  80  7.0  8.0    MM    MM    MM  MM 1015.1  28.8  29.0  25.6   MM -1.8    MM
2026 08 21 17 50  80  7.0  8.0   1.2     5   4.5  88 1015.3  28.8  29.0  25.8   MM   MM    MM
2026 08 21 17 40  70  7.0  8.0    MM    MM    MM  MM 1015.4  28.8  29.0  25.8   MM   MM    MM
2026 08 21 17 30  70  7.0  8.0    MM    MM    MM  MM 1015.5  28.8  29.0  25.6   MM   MM    MM
2026 08 21 17 20  70  7.0  8.0   1.3     6   4.5 100 1015.7  28.8  29.0  25.6   MM   MM    MM
2026 08 21 17 10  80  7.0  8.0   1.3    MM   4.5 100 1015.9  28.9  29.0  25.8   MM   MM    MM
2026 08 21 17 00  70  7.0  8.0    MM    MM    MM  MM 1015.9  28.9  29.0  25.2   MM -1.1    MM
2026 08 21 16 50  70  7.0  8.0   1.3     6   4.6  97 1016.1  28.9  29.0  25.4   MM   MM    MM
2026 08 21 16 40  70  7.0  8.0   1.3    MM   4.6  97 1016.2  28.9  29.0  25.4   MM   MM    MM
2026 08 21 16 30  70  7.0  8.0    MM    MM    MM  MM 1016.4  28.9    MM  25.4   MM   MM    MM
2026 08 21 16 20  70  7.0  8.0   1.2     6   4.6  83 1016.5  28.9  29.0  25.4   MM   MM    MM
2026 08 21 16 10  70  6.0  8.0   1.2    MM   4.6  83 1016.5  28.8  29.0  25.6   MM   MM    MM
2026 08 21 16 00  60  7.0  8.0    MM    MM    MM  MM 1016.6  28.7  29.0  25.6   MM -0.3    MM
2026 08 21 15 50  50  6.0  8.0   1.2     5   4.5  80 1016.7  28.8  29.0  25.3   MM   MM    MM
2026 08 21 15 40  50  6.0  7.0    MM    MM    MM  MM 1016.8  28.8  28.9  25.4   MM   MM    MM
2026 08 21 15 30  50  6.0  8.0    MM    MM    MM  MM 1016.9  28.8  29.0  25.0   MM   MM    MM
2026 08 21 15 20  50  7.0  8.0   1.3     5   4.6  79 1016.9  28.8  28.9  25.2   MM   MM    MM
2026 08 21 15 10  60  6.0  8.0   1.3    MM   4.6  79 1016.9  28.8  28.9  25.1   MM   MM    MM
2026 08 21 15 00  60  7.0  8.0    MM    MM    MM  MM 1016.8  28.7  28.9  25.2   MM +0.0    MM
2026 08 21 14 50  60  6.0  7.0   1.3     5   4.6  83 1016.9  28.7  28.9  25.1   MM   MM    MM
2026 08 21 14 40  70  7.0  8.0    MM    MM    MM  MM 1016.9  28.8  28.9  25.2   MM   MM    MM
2026 08 21 14 30  60  7.0  8.0    MM    MM    MM  MM 1017.0  28.8  28.9  25.1   MM   MM    MM
2026 08 21 14 20  60  7.0  8.0   1.2     6   4.4  89 1017.0  28.7  28.9  25.1   MM   MM    MM
2026 08 21 14 10  70  7.0  8.0   1.2    MM   4.4  89 1017.0  28.7  28.9  25.2   MM   MM    MM
2026 08 21 14 00  60  7.0  8.0    MM    MM    MM  MM 1017.0  28.7  28.9  25.3   MM +0.7    MM
2026 08 21 13 50  60  7.0  8.0   1.2     5   4.6  77 1017.1  28.7    MM  25.2   MM   MM    MM
2026 08 21 13 40  60  7.0  9.0    MM    MM    MM  MM 1017.1  28.6  28.9  25.3   MM   MM    MM
2026 08 21 13 30  60  7.0  9.0    MM    MM    MM  MM 1017.0  28.7  28.9  25.4   MM   MM    MM
2026 08 21 13 20  60  7.0  9.0   1.3     6   4.6  92 1017.0  28.7  28.9  25.2   MM   MM    MM
2026 08 21 13 10  70  7.0  9.0   1.3    MM   4.6  92 1016.9  28.7  28.9  25.4   MM   MM    MM
2026 08 21 13 00  70  7.0  8.0    MM    MM    MM  MM 1017.0  28.7  28.9  25.3   MM +1.1    MM
2026 08 21 12 50  60  7.0  9.0   1.3     5   4.6  89 1017.0  28.6  28.9  25.2   MM   MM    MM
2026 08 21 12 40  70  7.0  9.0    MM    MM    MM  MM 1016.9  28.6  28.9  25.3   MM   MM    MM
2026 08 21 12 30  70  7.0  9.0    MM    MM    MM  MM 1016.7  28.6  28.9  25.3   MM   MM    MM
2026 08 21 12 20  60  8.0  9.0   1.3     5   4.6  80 1016.8  28.6  28.9  25.4   MM   MM    MM
2026 08 21 12 10  60  8.0  9.0   1.3    MM   4.6  80 1016.8  28.6  28.9  25.2   MM   MM    MM
2026 08 21 12 00  60  7.0  9.0    MM    MM    MM  MM 1016.8  28.6  28.9  25.3   MM +1.4    MM
2026 08 21 11 50  70  7.0  9.0   1.3     5   4.5  83 1016.8  28.7  28.9  25.2   MM   MM    MM
2026 08 21 11 40  70  7.0  8.0    MM    MM    MM  MM 1016.7  28.6  28.9  25.1   MM   MM    MM
2026 08 21 11 30  60  7.0  9.0    MM    MM    MM  MM 1016.7  28.6    MM  25.1   MM   MM    MM
2026 08 21 11 20  60  8.0  9.0   1.2     6   4.6  98 1016.5  28.6  28.9  24.9   MM   MM    MM
2026 08 21 11 10  60  7.0  9.0   1.2    MM   4.6  98 1016.5  28.6  28.9  24.8   MM   MM    MM
2026 08 21 11 00  60  7.0  8.0    MM    MM    MM  MM 1016.3  28.6  28.9  24.8   MM +1.0    MM
2026 08 21 10 50  70  7.0  8.0   1.2     5   4.6  80 1016.2  28.6  28.9  24.7   MM   MM    MM
2026 08 21 10 40  70  7.0  8.0    MM    MM    MM  MM 1016.1  28.6  28.9  24.7   MM   MM    MM
2026 08 21 10 30  70  7.0  8.0    MM    MM    MM  MM 1015.9  28.5  28.9  24.7   MM   MM    MM
2026 08 21 10 20  60  7.0  8.0   1.3     6   4.5  89 1015.9  28.5  28.9  24.6   MM   MM    MM
2026 08 21 10 10  70  6.0  8.0   1.3    MM   4.5  89 1015.8  28.5  28.9  24.9   MM   MM    MM
2026 08 21 10 00  70  6.0  8.0    MM    MM    MM  MM 1015.8  28.4  28.9  24.7   MM +0.3    MM
2026 08 21 09 50  70  6.0  8.0   1.3     6   4.6  93 1015.8  28.5  28.9  24.8   MM   MM    MM
2026 08 21 09 40  70  7.0  8.0    MM    MM    MM  MM 1015.7  28.5  28.9  24.7   MM   MM    MM
2026 08 21 09 30  70  8.0  9.0    MM    MM    MM  MM 1015.6  28.5  28.9  24.6   MM   MM    MM
2026 08 21 09 20  70  8.0  9.0   1.4     6   4.6  89 1015.6  28.5  28.9  24.6   MM   MM    MM
2026 08 21 09 10  70  8.0  9.0   1.4    MM   4.6  89 1015.4  28.5  28.9  24.5   MM   MM    MM
2026 08 21 09 00  70  8.0  9.0    MM    MM    MM  MM 1015.3  28.5  28.9  24.5   MM -0.6    MM
2026 08 21 08 50  70  8.0  9.0   1.4     6   4.6  96 1015.1  28.5  28.9  24.5   MM   MM    MM
2026 08 21 08 40  70  8.0  9.0    MM    MM    MM  MM 1015.1  28.6  28.9  24.3   MM   MM    MM
2026 08 21 08 30  80  8.0 10.0    MM    MM    MM  MM 1015.2  28.6  28.9  24.1   MM   MM    MM
2026 08 21 08 20  70  8.0  9.0   1.3     6   4.6 102 1015.2  28.5  28.9  24.6   MM   MM    MM
2026 08 21 08 10  80  7.0  9.0    MM    MM    MM  MM 1015.2  28.5  28.9  24.8   MM   MM    MM
2026 08 21 08 00  70  8.0  9.0    MM    MM    MM  MM 1015.3  28.5  28.9  24.7   MM -1.4    MM
2026 08 21 07 50  80  8.0  9.0   1.3     6   4.5  94 1015.3  28.4  28.9  24.9   MM   MM    MM
2026 08 21 07 40  70  7.0  9.0    MM    MM    MM  MM 1015.4  28.4  28.9  25.6   MM   MM    MM
2026 08 21 07 30  80  8.0  9.0    MM    MM    MM  MM 1015.4    MM    MM    MM   MM   MM    MM
2026 08 21 07 20  80  8.0 10.0   1.4     5   4.6 104 1015.5  28.5  28.9  25.3   MM   MM    MM
2026 08 21 07 10  70  8.0  9.0   1.4    MM   4.6 104 1015.6  28.5  28.9  25.2   MM   MM    MM
2026 08 21 07 00  70  8.0  9.0    MM    MM    MM  MM 1015.5  28.5    MM  25.2   MM -1.7    MM
2026 08 21 06 50  80  8.0  9.0   1.3     5   4.5  82 1015.6  28.5  28.9  25.1   MM   MM    MM
2026 08 21 06 40  70  7.0  9.0    MM    MM    MM  MM 1015.6  28.5  28.9  25.3   MM   MM    MM
2026 08 21 06 30  80  8.0  9.0    MM    MM    MM  MM 1015.6  28.5  28.9  25.2   MM   MM    MM
2026 08 21 06 20  80  8.0 10.0   1.5     6   4.7  94 1015.7  28.5  28.9  25.1   MM   MM    MM
2026 08 21 06 10  80  8.0 10.0   1.5    MM   4.7  94 1015.8  28.5  28.9  25.1   MM   MM    MM
2026 08 21 06 00  80  8.0 10.0    MM    MM    MM  MM 1015.9  28.5    MM  25.3   MM -1.5    MM
2026 08 21 05 50  80  8.0 10.0   1.5     5   4.6  87 1016.0  28.5  28.9  25.2   MM   MM    MM
2026 08 21 05 40  80  8.0 10.0   1.5    MM   4.6  87 1016.0  28.5  28.9  25.3   MM   MM    MM
2026 08 21 05 30  80  8.0 10.0    MM    MM    MM  MM 1016.3  28.6  28.9  25.2   MM   MM    MM
2026 08 21 05 20  80  9.0 10.0   1.5     6   4.6  94 1016.4  28.6  28.9  25.2   MM   MM    MM
2026 08 21 05 10  80  9.0 11.0   1.5    MM   4.6  94 1016.6  28.6  28.9  25.2   MM   MM    MM
2026 08 21 05 00  70  9.0 11.0    MM    MM    MM  MM 1016.7  28.6  28.9  25.1   MM -0.4    MM
2026 08 21 04 50  80  9.0 11.0   1.6     5   4.8  87 1016.7  28.6  28.9  25.2   MM   MM    MM
2026 08 21 04 40  70  9.0 11.0    MM    MM    MM  MM 1016.9  28.7  28.9  25.1   MM   MM    MM
2026 08 21 04 30  70  9.0 11.0    MM    MM    MM  MM 1017.0  28.7  28.9  25.4   MM   MM    MM
2026 08 21 04 20  70  9.0 11.0   1.6     6   4.8  88 1017.0  28.7  28.9  25.1   MM   MM    MM
2026 08 21 04 10  70  9.0 11.0   1.6    MM   4.8  88 1017.2  28.6  28.9  25.7   MM   MM    MM
2026 08 21 04 00  60  9.0 10.0    MM    MM    MM  MM 1017.1  28.6  28.9  25.6   MM +0.7    MM
2026 08 21 03 50  60  9.0 10.0   1.5     5   4.8  76 1017.1  28.6  28.9  25.9   MM   MM    MM
2026 08 21 03 40  70  9.0 11.0   1.5    MM   4.8  76 1017.0  28.7  28.9  25.8   MM   MM    MM
2026 08 21 03 30  70  9.0 11.0    MM    MM    MM  MM 1017.0  28.6  28.9  25.7   MM   MM    MM
2026 08 21 03 20  70  9.0 10.0   1.6     6   4.7  85 1017.2  28.6  28.9  25.8   MM   MM    MM
2026 08 21 03 10  70  9.0 11.0   1.6    MM   4.7  85 1017.3  28.6  28.9  25.7   MM   MM    MM
2026 08 21 03 00  60  9.0 11.0    MM    MM    MM  MM 1017.2  28.7  29.0  25.8   MM +1.1    MM
2026 08 21 02 50  60  9.0 11.0   1.5     6   4.7 104 1017.3  28.7  28.9  25.6   MM   MM    MM
2026 08 21 02 40  60  9.0 11.0    MM    MM    MM  MM 1017.3  28.7  29.0  25.6   MM   MM    MM
2026 08 21 02 30  80 10.0 11.0    MM    MM    MM  MM 1017.3  28.8  29.0  25.5   MM   MM    MM
2026 08 21 02 20  80 10.0 11.0   1.5     6   4.7  95 1017.2  28.8  29.0  25.6   MM   MM    MM
2026 08 21 02 10  80  9.0 11.0   1.5    MM   4.7  95 1017.1  28.8  29.0  25.7   MM   MM    MM
2026 08 21 02 00  80  9.0 11.0    MM    MM    MM  MM 1017.0  28.8  29.0  25.6   MM +1.4    MM
2026 08 21 01 50  70  9.0 10.0   1.5     5   4.6  89 1017.1  28.8  29.0  25.9   MM   MM    MM
2026 08 21 01 40  70  9.0 11.0   1.5    MM   4.6  89 1017.0  28.9  29.0  25.7   MM   MM    MM
2026 08 21 01 30  70  9.0 11.0    MM    MM    MM  MM 1016.8  28.9  29.0  25.7   MM   MM    MM
2026 08 21 01 20  70  9.0 11.0   1.5     6   4.7  95 1016.8  28.9  29.0  25.7   MM   MM    MM
2026 08 21 01 10  70  9.0 11.0   1.5    MM   4.7  95 1016.7  28.9  29.0  25.9   MM   MM    MM
2026 08 21 01 00  80  9.0 11.0    MM    MM    MM  MM 1016.5  28.8  29.0  25.8   MM +1.2    MM
2026 08 21 00 50  70  9.0 11.0   1.5     6   4.7  94 1016.4  28.9  29.0  25.9   MM   MM    MM
2026 08 21 00 40  80  9.0 10.0    MM    MM    MM  MM 1016.5  28.9  29.0  25.8   MM   MM    MM
2026 08 21 00 30  70  9.0 10.0    MM    MM    MM  MM 1016.4  28.8  29.0  25.8   MM   MM    MM
2026 08 21 00 20  60  8.0 10.0   1.5     6   4.7  92 1016.2  28.8  29.0  26.0   MM   MM    MM
2026 08 21 00 10  70  8.0 10.0   1.5    MM   4.7  92 1016.2  28.8  29.0  25.9   MM   MM    MM
2026 08 21 00 00  80  9.0 10.0    MM    MM    MM  MM 1016.2  28.9  29.0  25.8   MM +1.3    MM
2026 08 20 23 50  80  8.0  9.0   1.5     6   4.6  98 1016.2  28.8  29.0  26.0   MM   MM    MM
2026 08 20 23 40  70  8.0 10.0    MM    MM    MM  MM 1016.2  28.8  29.0  26.2   MM   MM    MM
2026 08 20 23 30  70  8.0 10.0    MM    MM    MM  MM 1016.0  28.9  29.0  26.1   MM   MM    MM
2026 08 20 23 20  70  8.0  9.0   1.3     6   4.5  92 1016.0  28.8  29.0  26.3   MM   MM    MM
2026 08 20 23 10  70  8.0 10.0   1.3    MM   4.5  92 1015.8  28.8  29.0  26.4   MM   MM    MM
2026 08 20 23 00  70  9.0 10.0    MM    MM    MM  MM 1015.6  28.8  29.0  26.3   MM +0.5    MM
2026 08 20 22 50  70  9.0 11.0   1.4     6   4.6  91 1015.6  28.8  29.0  26.4   MM   MM    MM
2026 08 20 22 40  60  9.0 11.0    MM    MM    MM  MM 1015.6  28.8  29.0  26.2   MM   MM    MM
2026 08 20 22 30  70  9.0 11.0    MM    MM    MM  MM 1015.4  28.8  29.0  26.2   MM   MM    MM
2026 08 20 22 20  70  9.0 11.0   1.4     6   4.6  86 1015.4  28.8  29.0  26.2   MM   MM    MM
2026 08 20 22 10  60  9.0 10.0   1.4    MM   4.6  86 1015.3  28.8  29.0  26.0   MM   MM    MM
2026 08 20 22 00  60  9.0 10.0    MM    MM    MM  MM 1015.3  28.8  29.0  26.2   MM -0.0    MM
2026 08 20 21 50  60  9.0 10.0   1.3     6   4.4  98 1015.2  28.8  29.0  26.2   MM   MM    MM
2026 08 20 21 40  60  8.0 10.0    MM    MM    MM  MM 1015.1  28.8  29.0  26.2   MM   MM    MM
2026 08 20 21 30  60  8.0  9.0    MM    MM    MM  MM 1015.1  28.9  29.0  26.0   MM   MM    MM
2026 08 20 21 20  60  8.0 10.0   1.3     5   4.4  88 1015.0  28.9  29.0  26.0   MM   MM    MM
2026 08 20 21 10  70  8.0 10.0    MM    MM    MM  MM 1015.0  28.9  29.0  26.0   MM   MM    MM
2026 08 20 21 00  70  8.0 10.0    MM    MM    MM  MM 1015.0  29.0  29.0  25.9   MM -0.9    MM
2026 08 20 20 50  70  9.0 10.0   1.3     5   4.4  95 1015.1  29.0  29.0  25.6   MM   MM    MM
2026 08 20 20 40  70  9.0 10.0    MM    MM    MM  MM 1015.1  29.0  29.0  25.6   MM   MM    MM
2026 08 20 20 30  70  9.0 11.0    MM    MM    MM  MM 1015.1  29.0  29.0  25.8   MM   MM    MM
2026 08 20 20 20  70  9.0 11.0   1.2     5   4.3  92 1015.2  29.0  29.0  26.0   MM   MM    MM
2026 08 20 20 10  60  9.0 10.0    MM    MM    MM  MM 1015.1  29.0  29.0  26.1   MM   MM    MM
2026 08 20 20 00  60  9.0 10.0    MM    MM    MM  MM 1015.1  28.9  29.0  26.0   MM -1.3    MM
2026 08 20 19 50  70  8.0  9.0   1.3     6   4.4 106 1015.2  29.1  29.0  26.2   MM   MM    MM
2026 08 20 19 40  70  9.0 10.0   1.3    MM   4.4 106 1015.3  29.2  29.0  25.4   MM   MM    MM
2026 08 20 19 30  70  8.0 10.0    MM    MM    MM  MM 1015.2  29.1  29.0  25.6   MM   MM    MM
2026 08 20 19 20  70  8.0  9.0   1.2     6   4.5 105 1015.3  29.0  29.0  25.9   MM   MM    MM
2026 08 20 19 10  70  8.0  9.0    MM    MM    MM  MM 1015.5  29.0  29.0  25.9   MM   MM    MM
2026 08 20 19 00  70  8.0  9.0    MM    MM    MM  MM 1015.5  28.9    MM  25.8   MM -1.5    MM
2026 08 20 18 50  70  8.0  9.0   1.2     5   4.5  96 1015.6  28.9    MM  25.8   MM   MM    MM
2026 08 20 18 40  70  7.0  9.0   1.2    MM   4.5  96 1015.6  28.9  29.0  25.8   MM   MM    MM
2026 08 20 18 30  70  7.0  9.0    MM    MM    MM  MM 1015.7  28.9  29.0  25.7   MM   MM    MM
2026 08 20 18 20  70  7.0  9.0   1.3     6   4.6 106 1015.7  28.9  29.0  25.7   MM   MM    MM
2026 08 20 18 10  80  7.0  9.0   1.3    MM   4.6 106 1015.8  28.9  29.0  25.7   MM   MM    MM
2026 08 20 18 00  80  7.0  8.0    MM    MM    MM  MM 1015.9  28.9  29.0  25.6   MM -1.5    MM
2026 08 20 17 50  80  7.0  9.0   1.3     6   4.6 107 1016.1  28.9  29.0  25.6   MM   MM    MM
2026 08 20 17 40  80  8.0  9.0    MM    MM    MM  MM 1016.2  28.8  29.0  25.6   MM   MM    MM
2026 08 20 17 30  70  8.0  9.0    MM    MM    MM  MM 1016.3  28.8  29.0  25.7   MM   MM    MM
2026 08 20 17 20  70  8.0  9.0   1.4     6   4.7 102 1016.4  28.8  29.0  25.9   MM   MM    MM
2026 08 20 17 10  70  8.0  9.0   1.4    MM   4.7 102 1016.3  28.7  29.0  25.8   MM   MM    MM
2026 08 20 17 00  70  8.0  9.0    MM    MM    MM  MM 1016.5  28.7  29.0  25.7   MM -1.0    MM
2026 08 20 16 50  80  7.0  8.0   1.4     6   4.6 102 1016.7  28.7  29.0  26.0   MM   MM    MM
2026 08 20 16 40  80  7.0  9.0   1.4    MM   4.6 102 1016.8  28.7  29.0  25.7   MM   MM    MM
2026 08 20 16 30  80  8.0  9.0    MM    MM    MM  MM 1016.8  28.7  29.0  25.5   MM   MM    MM
2026 08 20 16 20  80  8.0  9.0   1.4     5   4.6  94 1016.9  28.8  29.0  25.4   MM   MM    MM
2026 08 20 16 10  80  8.0 10.0   1.4    MM   4.6  94 1017.0  28.9  29.0  25.3   MM   MM    MM
2026 08 20 16 00  90  8.0 10.0    MM    MM    MM  MM 1017.0  28.9  28.9  25.1   MM -0.6    MM
2026 08 20 15 50  90  8.0 10.0   1.5     5   4.5  96 1017.0  28.9  29.0  24.9   MM   MM    MM
2026 08 20 15 40  90  8.0  9.0   1.5    MM   4.5  96 1017.0  28.9  29.0  25.0   MM   MM    MM
2026 08 20 15 30  90  8.0 10.0    MM    MM    MM  MM 1017.1  28.9  28.9  24.9   MM   MM    MM
2026 08 20 15 10 100  9.0 11.0    MM    MM    MM  MM 1017.2  28.9  28.9  24.9   MM   MM    MM
2026 08 20 15 00 100  9.0 11.0    MM    MM    MM  MM 1017.4  28.9  28.9  24.8   MM +0.5    MM
2026 08 20 14 50 100  9.0 11.0   1.5     5   4.6  96 1017.5  28.9  28.9  25.0   MM   MM    MM
2026 08 20 14 40  90 10.0 11.0    MM    MM    MM  MM 1017.5  28.9  28.9  24.7   MM   MM    MM
2026 08 20 14 30 100  9.0 11.0    MM    MM    MM  MM 1017.6  28.9  28.9  25.0   MM   MM    MM
2026 08 20 14 20 100 10.0 11.0   1.5     6   4.5  97 1017.6  28.8  28.9  24.9   MM   MM    MM
2026 08 20 14 10  90  9.0 11.0   1.5    MM   4.5  97 1017.6  28.8  28.9  25.3   MM   MM    MM
2026 08 20 14 00  90  9.0 11.0    MM    MM    MM  MM 1017.6  28.8  28.9  25.1   MM +1.3    MM
2026 08 20 13 50  90  9.0 11.0   1.4     6   4.4  87 1017.6  28.8  28.9  25.4   MM   MM    MM
2026 08 20 13 40  90 10.0 12.0    MM    MM    MM  MM 1017.6  28.7  28.9  25.1   MM   MM    MM
2026 08 20 13 30  90 10.0 12.0    MM    MM    MM  MM 1017.6  28.7  28.9  25.7   MM   MM    MM
2026 08 20 13 20  90 10.0 11.0   1.4     6   4.5  86 1017.7  28.8  28.9  25.7   MM   MM    MM
2026 08 20 13 10  90 10.0 12.0   1.4    MM   4.5  86 1017.7  28.8  28.9  25.4   MM   MM    MM
2026 08 20 13 00  90  9.0 11.0    MM    MM    MM  MM 1017.6  28.8  28.9  25.3   MM +1.9    MM
2026 08 20 12 50  90  9.0 10.0   1.4     5   4.5 101 1017.6  28.7  28.9  25.4   MM   MM    MM
2026 08 20 12 40  90  9.0 11.0    MM    MM    MM  MM 1017.5  28.8  28.9  25.3   MM   MM    MM
2026 08 20 12 30  90  8.0 10.0    MM    MM    MM  MM 1017.3  28.7  28.9  25.3   MM   MM    MM
2026 08 20 12 20  80  8.0 10.0   1.5     5   4.6  96 1017.2  28.7  28.9  25.6   MM   MM    MM
2026 08 20 12 10  80  8.0 10.0   1.5    MM   4.6  96 1017.2  28.7  28.9  25.4   MM   MM    MM
2026 08 20 12 00  80  9.0 11.0    MM    MM    MM  MM 1017.0  28.6  28.9  25.3   MM +1.5    MM
2026 08 20 11 50  80  9.0 11.0   1.5     6   4.5  96 1016.8  28.6  28.9  25.3   MM   MM    MM
2026 08 20 11 40  80  9.0 10.0   1.5    MM   4.5  96 1016.8  28.6  28.9  25.4   MM   MM    MM
2026 08 20 11 30  80  9.0 11.0    MM    MM    MM  MM 1016.7  28.6  28.9  25.4   MM   MM    MM
2026 08 20 11 20  80  9.0 11.0   1.4     5   4.4  91 1016.4  28.6  28.9  25.1   MM   MM    MM
2026 08 20 11 10  80 10.0 11.0    MM    MM    MM  MM 1016.3  28.5  28.9  25.3   MM   MM    MM
2026 08 20 11 00  80  9.0 12.0   1.4    MM   4.4  91 1016.2  28.5  28.9  25.4   MM +0.9    MM
2026 08 20 10 50  80 10.0 12.0   1.3     5   4.3  86 1016.2  28.5  28.9  25.2   MM   MM    MM
2026 08 20 10 40  80 10.0 11.0   1.3    MM   4.3  86 1016.1  28.4  28.9  25.6   MM   MM    MM
2026 08 20 10 30  70 10.0 12.0    MM    MM    MM  MM 1015.9  28.5  28.9  25.7   MM   MM    MM
2026 08 20 10 20  70 10.0 12.0   1.2     5   4.1  88 1015.7  28.4  28.9  25.7   MM   MM    MM
2026 08 20 10 10  70  9.0 11.0   1.2    MM   4.1  88 1015.7  28.4  28.9  25.8   MM   MM    MM
2026 08 20 10 00  70 10.0 12.0    MM    MM    MM  MM 1015.7  28.4  28.9  25.6   MM -0.0    MM
2026 08 20 09 50  70 10.0 12.0   1.3     5   4.3  91 1015.6  28.5  28.9  25.8   MM   MM    MM
2026 08 20 09 40  70 10.0 12.0    MM    MM    MM  MM 1015.6  28.5  29.0  25.3   MM   MM    MM
2026 08 20 09 30  70 10.0 11.0    MM    MM    MM  MM 1015.6  28.4  29.0  25.9   MM   MM    MM
2026 08 20 09 20  70  9.0 11.0   1.2     5   4.1  92 1015.5  28.4  29.0  25.8   MM   MM    MM
2026 08 20 09 10  70  9.0 11.0    MM    MM    MM  MM 1015.3  28.4  29.0  25.9   MM   MM    MM
2026 08 20 09 00  80  9.0 11.0   1.2    MM   4.1  92 1015.3  28.4  29.0  25.9   MM +0.0    MM
2026 08 20 08 50  70  9.0 10.0   1.3     5   4.2  97 1015.3  28.5  29.0  26.0   MM   MM    MM
2026 08 20 08 40  70  9.0 11.0    MM    MM    MM  MM 1015.2  28.5  29.0  26.0   MM   MM    MM
2026 08 20 08 30  70  9.0 11.0    MM    MM    MM  MM 1015.1  28.5  29.0  26.0   MM   MM    MM
2026 08 20 08 20  80 10.0 11.0   1.3     5   4.2  99 1015.2  28.5  29.0  26.0   MM   MM    MM
2026 08 20 08 10  70  9.0 11.0    MM    MM    MM  MM 1015.3  28.5  29.0  26.3   MM   MM    MM
2026 08 20 08 00  70  9.0 10.0    MM    MM    MM  MM 1015.3  28.5  29.0  26.2   MM -0.4    MM
2026 08 20 07 50  70 10.0 12.0   1.3     5   4.3  95 1015.3  28.5    MM  25.8   MM   MM    MM
2026 08 20 07 40  70  9.0 11.0    MM    MM    MM  MM 1015.2    MM  29.0    MM   MM   MM    MM
2026 08 20 07 30  70  9.0 11.0    MM    MM    MM  MM 1015.2  28.5  29.0  26.1   MM   MM    MM
2026 08 20 07 20  70  9.0 10.0   1.3    MM   4.2  96 1015.3  28.5  29.0  26.1   MM   MM    MM
2026 08 20 07 10  MM   MM   MM   1.3     5   4.2  96     MM    MM    MM    MM   MM   MM    MM
2026 08 20 07 00  70  9.0 11.0    MM    MM    MM  MM 1015.4  28.6    MM  26.0   MM -1.1    MM
2026 08 20 06 50  70  9.0 11.0   1.3     5   4.3  91 1015.5  28.5    MM  26.1   MM   MM    MM
2026 08 20 06 40  70  9.0 11.0   1.3    MM   4.3  91 1015.5    MM  29.0    MM   MM   MM    MM
2026 08 20 06 30  70  9.0 11.0    MM    MM    MM  MM 1015.5  28.5  29.1  26.1   MM   MM    MM
2026 08 20 06 20  70  9.0 10.0   1.3     5   4.3  88 1015.4  28.5  29.1  26.2   MM   MM    MM
2026 08 20 06 10  70  9.0 11.0    MM    MM    MM  MM 1015.4  28.6  29.1  26.2   MM   MM    MM
2026 08 20 06 00  70  9.0 11.0    MM    MM    MM  MM 1015.5  28.5  29.1  26.1   MM -1.4    MM
2026 08 20 05 50  70  9.0 10.0   1.3    MM   4.3  93 1015.6    MM  29.1    MM   MM   MM    MM
2026 08 20 05 40  70  9.0 11.0   1.3    MM   4.3  93 1015.7  28.6  29.1  26.2   MM   MM    MM
2026 08 20 05 30  70  9.0 11.0    MM    MM    MM  MM 1015.7  28.7  29.1  26.0   MM   MM    MM
2026 08 20 05 20  70 10.0 11.0   1.3     6   4.3  92 1015.6  28.7  29.1  26.1   MM   MM    MM
2026 08 20 05 10  70  9.0 11.0   1.3    MM   4.3  92 1015.6  28.6  29.1  26.2   MM   MM    MM
2026 08 20 05 00  70  9.0 11.0    MM    MM    MM  MM 1015.6  28.6  29.1  26.3   MM -1.2    MM
2026 08 20 04 50  70  9.0 11.0   1.2     5   4.2  94 1015.8  28.7  29.1  26.2   MM   MM    MM
2026 08 20 04 40  70  9.0 11.0   1.2    MM   4.2  94 1016.0  28.7  29.1  26.2   MM   MM    MM
2026 08 20 04 30  70  8.0 10.0    MM    MM    MM  MM 1016.2  28.7  29.1  26.3   MM   MM    MM
2026 08 20 04 20  70  8.0 10.0   1.2     5   4.3  92 1016.3  28.7  29.1  26.6   MM   MM    MM
2026 08 20 04 10  70  8.0 10.0   1.2    MM   4.3  92 1016.4  28.7  29.1  26.3   MM   MM    MM
2026 08 20 04 00  60  7.0 10.0    MM    MM    MM  MM 1016.5  28.7  29.1  26.5   MM +0.0    MM
2026 08 20 03 50  70  8.0  9.0   1.3     5   4.4  80 1016.7  28.7  29.1  26.4   MM   MM    MM
2026 08 20 03 40  70  8.0 10.0    MM    MM    MM  MM 1016.7  28.7  29.1  26.3   MM   MM    MM
2026 08 20 03 30  80  9.0 10.0    MM    MM    MM  MM 1016.8  28.8  29.1  26.4   MM   MM    MM
2026 08 20 03 20  70  8.0 10.0   1.3     6   4.4  93 1016.9  28.8  29.1  26.4   MM   MM    MM
2026 08 20 03 10  70  9.0 10.0   1.3    MM   4.4  93 1016.9  28.7  29.1  26.5   MM   MM    MM
2026 08 20 03 00  70  9.0 10.0    MM    MM    MM  MM 1016.9  28.7  29.1  26.7   MM +1.0    MM
2026 08 20 02 50  70  8.0 11.0   1.3     6   4.4  83 1016.8  28.8  29.1  26.7   MM   MM    MM
2026 08 20 02 40  70  9.0 11.0   1.3    MM   4.4  83 1017.0  28.8  29.1  26.6   MM   MM    MM
2026 08 20 02 30  70  9.0 10.0    MM    MM    MM  MM 1017.0  28.8  29.1  26.4   MM   MM    MM
2026 08 20 02 20  70  9.0 10.0   1.3     5   4.3  96 1017.0  28.9  29.1  26.6   MM   MM    MM
2026 08 20 02 10  70  9.0 10.0   1.3    MM   4.3  96 1017.0  28.8  29.1  26.5   MM   MM    MM
2026 08 20 02 00  70  9.0 11.0    MM    MM    MM  MM 1016.9  28.8  29.1  26.5   MM +1.9    MM
2026 08 20 01 50  70  9.0 11.0   1.2     6   4.4  89 1016.7  28.9  29.1  26.5   MM   MM    MM
2026 08 20 01 40  70  9.0 11.0    MM    MM    MM  MM 1016.8  28.9  29.1  26.5   MM   MM    MM
2026 08 20 01 30  70  8.0 10.0    MM    MM    MM  MM 1016.7  28.9  29.1  26.7   MM   MM    MM
2026 08 20 01 20  70  9.0 10.0   1.2     6   4.3  77 1016.7  28.9  29.2  26.6   MM   MM    MM
2026 08 20 01 10  70  9.0 11.0   1.2    MM   4.3  77 1016.6  28.9  29.2  26.6   MM   MM    MM
2026 08 20 01 00  70  9.0 11.0    MM    MM    MM  MM 1016.6  28.9  29.2  26.4   MM +2.2    MM
2026 08 20 00 50  70  9.0 10.0   1.3     5   4.3  85 1016.6  28.9  29.1  26.5   MM   MM    MM
2026 08 20 00 40  70  8.0 10.0   1.3    MM   4.3  85 1016.4  28.9  29.1  26.6   MM   MM    MM
2026 08 20 00 30  70  9.0 10.0    MM    MM    MM  MM 1016.3  28.9  29.2  26.5   MM   MM    MM
2026 08 20 00 20  70  9.0 10.0   1.2     5   4.3  86 1016.2  28.9  29.2  26.2   MM   MM    MM
2026 08 20 00 10  70  8.0 10.0   1.2    MM   4.3  86 1015.9  28.9  29.2  26.1   MM   MM    MM
2026 08 20 00 00  70  8.0 10.0    MM    MM    MM  MM 1015.8  28.9  29.2  26.2   MM +1.8    MM
2026 08 19 23 50  70  8.0 10.0   1.2     5   4.3  90 1015.8  29.0  29.2  26.0   MM   MM    MM
2026 08 19 23 40  60  8.0 10.0    MM    MM    MM  MM 1015.6  29.1  29.3  25.9   MM   MM    MM
2026 08 19 23 30  60  8.0 10.0    MM    MM    MM  MM 1015.4  29.1  29.3  26.0   MM   MM    MM
2026 08 19 23 20  70  8.0 10.0   1.1     5   4.3  86 1015.3  29.0  29.2  26.1   MM   MM    MM
2026 08 19 23 10  70  8.0 10.0   1.1    MM   4.3  86 1015.1  29.0  29.3  26.4   MM   MM    MM
2026 08 19 23 00  70  8.0 10.0    MM    MM    MM  MM 1015.0  29.0  29.3  26.3   MM +0.8    MM
2026 08 19 22 50  70  8.0 10.0   1.0     5   4.3  87 1014.9  29.0  29.3  26.5   MM   MM    MM
2026 08 19 22 40  70  8.0  9.0    MM    MM    MM  MM 1014.8  29.0  29.3  26.5   MM   MM    MM
2026 08 19 22 30  70  8.0  9.0    MM    MM    MM  MM 1014.8  29.0  29.2  26.7   MM   MM    MM
2026 08 19 22 20  70  8.0  9.0   0.9     5   4.0  89 1014.5  29.0  29.2  26.8   MM   MM    MM
2026 08 19 22 10  70  8.0  9.0   0.9    MM   4.0  89 1014.4  29.0  29.2  26.9   MM   MM    MM
2026 08 19 22 00  70  7.0  9.0    MM    MM    MM  MM 1014.3  29.1  29.3  27.0   MM -0.0    MM
2026 08 19 21 50  70  7.0  9.0   1.0     5   4.3 103 1014.2  29.2  29.3  26.7   MM   MM    MM
2026 08 19 21 40  70  7.0  8.0    MM    MM    MM  MM 1014.2  29.3  29.3  26.5   MM   MM    MM
2026 08 19 21 30  70  7.0  9.0    MM    MM    MM  MM 1014.2  29.3  29.4  26.7   MM   MM    MM
2026 08 19 21 20  60  7.0  8.0   0.9     5   4.1  88 1014.1  29.3  29.4  26.8   MM   MM    MM
2026 08 19 21 10  60  7.0  8.0   0.9    MM   4.1  88 1014.1  29.2  29.5  26.5   MM   MM    MM
2026 08 19 21 00  60  7.0  8.0    MM    MM    MM  MM 1014.1  29.2  29.4  26.8   MM -0.9    MM
2026 08 19 20 50  60  6.0  8.0   0.9     5   4.0  92 1014.1  29.2  29.4  27.1   MM   MM    MM
2026 08 19 20 40  60  6.0  7.0    MM    MM    MM  MM 1014.1  29.2  29.5  26.8   MM   MM    MM
2026 08 19 20 30  60  7.0  8.0    MM    MM    MM  MM 1014.0  29.3  29.4  26.5   MM   MM    MM
2026 08 19 20 20  70  7.0  9.0   0.9     5   4.0  95 1014.2  29.4  29.3  26.1   MM   MM    MM
2026 08 19 20 10  70  8.0  9.0    MM    MM    MM  MM 1014.2  29.5  29.3  25.9   MM   MM    MM
2026 08 19 20 00  70  8.0  9.0   0.9    MM   4.0  95 1014.3  29.3  29.3  26.2   MM -1.4    MM
2026 08 19 19 50  80  8.0  9.0   0.9    MM   4.2  90 1014.3  29.2  29.5  26.3   MM   MM    MM
2026 08 19 19 40  MM   MM   MM   0.9     4   4.2  90     MM    MM    MM    MM   MM   MM    MM
2026 08 19 19 30  70  8.0  9.0    MM    MM    MM  MM 1014.2  29.1  29.3  26.7   MM   MM    MM
2026 08 19 19 20  70  7.0  9.0   0.9     9   4.4  82 1014.2  29.1    MM  26.8   MM   MM    MM
2026 08 19 19 10  70  7.0  8.0   0.9    MM   4.4  82 1014.3  29.0  29.5  26.7   MM   MM    MM
2026 08 19 19 00  70  7.0  8.0    MM    MM    MM  MM 1014.6  29.1  29.5  26.9   MM -1.4    MM
2026 08 19 18 50  80  6.0  8.0   0.8     8   4.5  84 1014.6  29.1    MM  26.9   MM   MM    MM
2026 08 19 18 40  50  2.0  5.0   0.8    MM   4.5  84 1014.7  29.2  29.3  26.4   MM   MM    MM
2026 08 19 18 30  50  2.0  4.0    MM    MM    MM  MM 1014.7  29.2  29.4  26.1   MM   MM    MM
2026 08 19 18 20  50  3.0  4.0   0.8     8   4.4  90 1014.8  29.2  29.3  26.1   MM   MM    MM
2026 08 19 18 10  60  3.0  4.0   0.8    MM   4.4  90 1014.8  29.1  29.4  26.2   MM   MM    MM
2026 08 19 18 00  60  3.0  3.0    MM    MM    MM  MM 1014.9  29.1  29.5  26.2   MM -1.1    MM
2026 08 19 17 50  60  3.0  4.0   0.9     9   4.5  88 1015.0  29.0  29.3  26.3   MM   MM    MM
2026 08 19 17 40  50  2.0  3.0    MM    MM    MM  MM 1015.1  29.1  29.3  26.6   MM   MM    MM
2026 08 19 17 30  70  3.0  4.0    MM    MM    MM  MM 1015.3  29.0  29.3  26.6   MM   MM    MM
2026 08 19 17 20  80  3.0  4.0   0.9     9   4.8  90 1015.4  29.0  29.3  26.6   MM   MM    MM
2026 08 19 17 10  90  3.0  4.0   0.9    MM   4.8  90 1015.5  29.0  29.3  26.6   MM   MM    MM
2026 08 19 17 00  90  3.0  4.0    MM    MM    MM  MM 1015.5  29.0  29.4  26.6   MM -0.5    MM
2026 08 19 16 50  90  3.0  4.0   0.8     8   4.6 101 1015.5  28.9  29.3  26.4   MM   MM    MM
2026 08 19 16 40 100  3.0  4.0   0.8    MM   4.6 101 1015.6  28.9  29.3  26.4   MM   MM    MM
2026 08 19 16 30 100  3.0  4.0    MM    MM    MM  MM 1015.6  28.9  29.4  26.5   MM   MM    MM
2026 08 19 16 20  90  3.0  4.0   0.8     9   4.6  88 1015.6  28.9  29.3  26.4   MM   MM    MM
2026 08 19 16 10  90  3.0  4.0   0.8    MM   4.6  88 1015.7  28.9  29.3  26.3   MM   MM    MM
2026 08 19 16 00  90  3.0  4.0    MM    MM    MM  MM 1015.9  28.9  29.2  26.3   MM +0.3    MM
2026 08 19 15 50  90  3.0  4.0   0.9     8   4.6  99 1015.9  28.9  29.3  26.3   MM   MM    MM
2026 08 19 15 40  90  3.0  4.0   0.9    MM   4.6  99 1015.9  28.9  29.3  26.4   MM   MM    MM
2026 08 19 15 30  90  3.0  4.0    MM    MM    MM  MM 1015.9  28.9  29.2  26.3   MM   MM    MM
2026 08 19 15 20  90  3.0  4.0   0.9     9   4.9  94 1015.9  28.8  29.2  26.3   MM   MM    MM
2026 08 19 15 10  90  3.0  4.0   0.9    MM   4.9  94 1015.9  28.8  29.2  26.3   MM   MM    MM
2026 08 19 15 00  90  3.0  4.0    MM    MM    MM  MM 1015.9  28.8  29.2  26.3   MM +1.0    MM
2026 08 19 14 50 100  4.0  4.0   0.8     9   4.8  86 1015.9  28.8  29.2  26.2   MM   MM    MM
2026 08 19 14 40 100  4.0  5.0    MM    MM    MM  MM 1016.1  28.8  29.1  26.3   MM   MM    MM
2026 08 19 14 30 100  4.0  5.0    MM    MM    MM  MM 1016.0  28.8  29.1  26.3   MM   MM    MM
2026 08 19 14 20 100  4.0  5.0   0.9     9   4.9  96 1015.9  28.8  29.1  26.3   MM   MM    MM
2026 08 19 14 10 100  4.0  5.0   0.9    MM   4.9  96 1016.0  28.8  29.1  26.3   MM   MM    MM
2026 08 19 14 00 100  4.0  5.0    MM    MM    MM  MM 1016.1  28.8  29.1  26.3   MM +1.3    MM
2026 08 19 13 50 110  4.0  5.0   0.9     9   4.8  90 1016.1  28.8  29.1  26.4   MM   MM    MM
2026 08 19 13 40 110  4.0  5.0    MM    MM    MM  MM 1016.0  28.7  29.0  26.3   MM   MM    MM
2026 08 19 13 30 110  4.0  5.0    MM    MM    MM  MM 1015.9  28.7  29.0  26.4   MM   MM    MM
2026 08 19 13 20 100  4.0  5.0   0.8     8   4.9  88 1015.9  28.7  29.0  26.4   MM   MM    MM
2026 08 19 13 10 110  5.0  5.0   0.8    MM   4.9  88 1015.8  28.7  29.0  26.4   MM   MM    MM
2026 08 19 13 00 110  5.0  6.0    MM    MM    MM  MM 1015.7  28.7  29.0  26.3   MM +1.5    MM
2026 08 19 12 50 110  5.0  6.0   0.8     9   5.0  83 1015.6  28.7  29.0  26.3   MM   MM    MM
2026 08 19 12 40 120  5.0  5.0   0.8    MM   5.0  83 1015.5  28.7  29.0  26.4   MM   MM    MM
2026 08 19 12 30 120  5.0  6.0    MM    MM    MM  MM 1015.3  28.7  29.0  26.4   MM   MM    MM
2026 08 19 12 20 110  5.0  6.0   0.8     9   4.8  90 1015.3  28.7  29.0  26.3   MM   MM    MM
2026 08 19 12 10 110  5.0  6.0   0.8    MM   4.8  90 1015.2  28.7  28.9  26.4   MM   MM    MM
2026 08 19 12 00 110  5.0  6.0    MM    MM    MM  MM 1015.1  28.7  28.9  26.4   MM +1.2    MM
2026 08 19 11 50 110  5.0  6.0   0.8     8   4.9  89 1015.1  28.7  28.9  26.3   MM   MM    MM
2026 08 19 11 40 100  5.0  7.0   0.8    MM   4.9  89 1015.0  28.7  28.9  26.3   MM   MM    MM
2026 08 19 11 30 100  6.0  7.0    MM    MM    MM  MM 1015.0  28.6  28.9  26.3   MM   MM    MM
2026 08 19 11 20 100  6.0  6.0   0.9     9   4.9  88 1014.9  28.6  28.9  26.3   MM   MM    MM
2026 08 19 11 10 100  6.0  7.0   0.9    MM   4.9  88 1014.8  28.5  28.9  26.3   MM   MM    MM
2026 08 19 11 00 110  6.0  7.0    MM    MM    MM  MM 1014.8  28.5  28.9  26.4   MM +1.0    MM
2026 08 19 10 50 100  6.0  7.0   0.9     9   4.8  86 1014.7  28.5  28.9  26.4   MM   MM    MM
2026 08 19 10 40 100  6.0  7.0   0.9    MM   4.8  86 1014.6  28.4  28.9  26.4   MM   MM    MM
2026 08 19 10 30 100  6.0  7.0    MM    MM    MM  MM 1014.6  28.4  28.9  26.4   MM   MM    MM
2026 08 19 10 20 100  6.0  7.0   0.9     9   4.9  88 1014.5  28.4  28.9  26.5   MM   MM    MM
2026 08 19 10 10  90  6.0  7.0   0.9    MM   4.9  88 1014.3  28.4  28.9  26.3   MM   MM    MM
2026 08 19 10 00  90  6.0  7.0    MM    MM    MM  MM 1014.2  28.4  28.9  26.2   MM -0.0    MM
2026 08 19 09 50  90  6.0  7.0   0.8     8   4.7  90 1014.2  28.4  28.9  26.3   MM   MM    MM
2026 08 19 09 40  80  6.0  7.0    MM    MM    MM  MM 1014.1  28.3  28.9  26.3   MM   MM    MM
2026 08 19 09 30  90  6.0  7.0    MM    MM    MM  MM 1014.1  28.3  28.9  26.3   MM   MM    MM
2026 08 19 09 20 100  6.0  7.0   0.9     9   4.8  86 1014.0  28.3  28.9  26.5   MM   MM    MM
2026 08 19 09 10 100  6.0  7.0   0.9    MM   4.8  86 1013.9  28.3  28.9  26.4   MM   MM    MM
2026 08 19 09 00 100  6.0  7.0    MM    MM    MM  MM 1013.9  28.3  28.9  26.5   MM -0.8    MM
2026 08 19 08 50 110  6.0  7.0   0.9     9   4.9  90 1013.9  28.3  28.9  26.6   MM   MM    MM
2026 08 19 08 40 100  6.0  7.0   0.9    MM   4.9  90 1013.8  28.2  28.9  26.6   MM   MM    MM
2026 08 19 08 30 110  6.0  7.0    MM    MM    MM  MM 1013.8  28.2  28.9  26.7   MM   MM    MM
2026 08 19 08 20 110  6.0  7.0   0.9     9   4.7  87 1013.8  28.2  28.9  26.6   MM   MM    MM
2026 08 19 08 10 110  5.0  6.0    MM    MM    MM  MM 1013.8  28.3  28.9  26.9   MM   MM    MM
2026 08 19 08 00 110  6.0  6.0    MM    MM    MM  MM 1013.8  28.2  28.9  26.7   MM -1.6    MM
2026 08 19 07 50 120  6.0  7.0   0.9     9   4.7  84 1013.7  28.2  28.9  26.6   MM   MM    MM
2026 08 19 07 40 110  6.0  6.0   0.9    MM   4.7  84 1013.7  28.2  28.9  26.8   MM   MM    MM
2026 08 19 07 30 110  6.0  7.0    MM    MM    MM  MM 1013.9  28.3  28.9  26.9   MM   MM    MM
2026 08 19 07 20 110  6.0  7.0   0.8     9   4.8  83 1013.9  28.3  28.9  26.9   MM   MM    MM
2026 08 19 07 10 100  6.0  7.0    MM    MM    MM  MM 1014.0  28.4  28.9  27.0   MM   MM    MM
2026 08 19 07 00  90  6.0  8.0    MM    MM    MM  MM 1014.0  28.4  28.9  26.7   MM -2.0    MM
2026 08 19 06 50  90  6.0  7.0   0.8     8   4.7  91 1014.2  28.4  28.9  26.8   MM   MM    MM
2026 08 19 06 40 100  6.0  8.0   0.8    MM   4.7  91 1014.2  28.5  28.9  26.8   MM   MM    MM
2026 08 19 06 30 100  7.0  8.0    MM    MM    MM  MM 1014.3  28.5  28.9  26.7   MM   MM    MM
2026 08 19 06 20  90  7.0  8.0   0.8     9   4.6  89 1014.3  28.5  28.9  26.9   MM   MM    MM
2026 08 19 06 10  90  6.0  8.0    MM    MM    MM  MM 1014.5  28.5  28.9  26.9   MM   MM    MM
2026 08 19 06 00  90  6.0  7.0    MM    MM    MM  MM 1014.6  28.5  28.9  26.9   MM -1.9    MM
2026 08 19 05 50  90  7.0  8.0   0.8     9   5.0  95 1014.7  28.5  28.9  26.9   MM   MM    MM
2026 08 19 05 40  90  7.0  8.0    MM    MM    MM  MM 1014.8  28.6  28.9  27.1   MM   MM    MM
2026 08 19 05 30  90  7.0  8.0    MM    MM    MM  MM 1014.9  28.5  28.9  27.0   MM   MM    MM
2026 08 19 05 20 100  6.0  8.0   0.9     8   5.8  87 1015.1  28.3  28.9  27.3   MM   MM    MM
2026 08 19 05 10 100  5.0  6.0   0.9    MM   5.8  87 1015.2  28.3  28.9  27.5   MM   MM    MM
2026 08 19 05 00 100  5.0  6.0    MM    MM    MM  MM 1015.3  28.2  28.9  27.2   MM -1.2    MM
2026 08 19 04 50 100  5.0  6.0   0.8     8   5.5  98 1015.5  27.9  28.9  27.1   MM   MM    MM
2026 08 19 04 40 100  5.0  6.0    MM    MM    MM  MM 1015.5  27.9  29.0  27.2   MM   MM    MM
2026 08 19 04 30 100  5.0  6.0    MM    MM    MM  MM 1015.6  27.8  29.0  27.0   MM   MM    MM
2026 08 19 04 20 100  5.0  6.0   0.9     9   5.9  96 1015.8  27.9  29.0  27.2   MM   MM    MM
2026 08 19 04 10 110  4.0  5.0   0.9    MM   5.9  96 1015.8  27.8  29.0  27.0   MM   MM    MM
2026 08 19 04 00 100  4.0  6.0    MM    MM    MM  MM 1016.0  28.3  29.0  27.1   MM +0.0    MM
2026 08 19 03 50 100  4.0  5.0   0.9     9   5.8  92 1016.2  28.5  29.0  27.0   MM   MM    MM
2026 08 19 03 40 100  4.0  5.0   0.9    MM   5.8  92 1016.4  28.6  29.0  27.1   MM   MM    MM
2026 08 19 03 30  90  4.0  4.0    MM    MM    MM  MM 1016.3  28.6  29.0  27.0   MM   MM    MM
2026 08 19 03 20  90  4.0  5.0   0.8     9   5.7  90 1016.3  28.6  29.0  26.9   MM   MM    MM
2026 08 19 03 10  90  4.0  5.0   0.8    MM   5.7  90 1016.6  28.6  29.0  26.7   MM   MM    MM
2026 08 19 03 00  90  4.0  4.0    MM    MM    MM  MM 1016.5  28.7  29.0  26.7   MM +1.0    MM
2026 08 19 02 50  90  4.0  4.0   0.9     8   5.9  89 1016.5  28.7  29.0  26.5   MM   MM    MM
2026 08 19 02 40 100  4.0  5.0    MM    MM    MM  MM 1016.5  28.7  29.0  26.4   MM   MM    MM
2026 08 19 02 30 100  4.0  5.0    MM    MM    MM  MM 1016.5  28.8  29.0  26.4   MM   MM    MM
2026 08 19 02 20  90  4.0  5.0   0.8     8   5.6  83 1016.6  28.8  29.0  26.3   MM   MM    MM
2026 08 19 02 10 100  4.0  5.0    MM    MM    MM  MM 1016.7  28.8  29.0  26.2   MM   MM    MM
2026 08 19 02 00 100  4.0  4.0    MM    MM    MM  MM 1016.5  28.8  29.0  26.2   MM +1.6    MM
2026 08 19 01 50 100  4.0  5.0   0.9     9   5.9  83 1016.5  28.9  29.0  26.3   MM   MM    MM
2026 08 19 01 40  90  4.0  5.0    MM    MM    MM  MM 1016.4  28.9  29.0  26.1   MM   MM    MM
2026 08 19 01 30  90  4.0  5.0    MM    MM    MM  MM 1016.5  28.8  29.1  26.1   MM   MM    MM
2026 08 19 01 20  90  4.0  5.0   0.9     9   5.8  83 1016.4  28.7  29.0  26.4   MM   MM    MM
2026 08 19 01 10  90  4.0  5.0   0.9    MM   5.8  83 1016.4  28.7  29.0  26.8   MM   MM    MM
2026 08 19 01 00  90  4.0  5.0    MM    MM    MM  MM 1016.3  28.7  29.0  26.7   MM +1.7    MM
2026 08 19 00 50  90  4.0  5.0   0.9     9   5.8  84 1016.2  28.7  29.0  26.7   MM   MM    MM
2026 08 19 00 40  90  4.0  5.0   0.9    MM   5.8  84 1016.0    MM  29.0    MM   MM   MM    MM
2026 08 19 00 30  90  4.0  5.0    MM    MM    MM  MM 1015.9  28.7  29.0  26.5   MM   MM    MM
2026 08 19 00 20  90  4.0  5.0   0.8     8   5.8  88 1015.8  28.7  29.1  26.3   MM   MM    MM
2026 08 19 00 10  90  4.0  5.0   0.8    MM   5.8  88 1015.6  28.8  29.1  26.4   MM   MM    MM
2026 08 19 00 00  90  4.0  5.0    MM    MM    MM  MM 1015.5  28.8  29.1  26.2   MM +1.2    MM
2026 08 18 23 50 100  4.0  5.0   0.8     9   5.8  89 1015.3  28.8  29.1  26.2   MM   MM    MM
2026 08 18 23 40 100  4.0  5.0    MM    MM    MM  MM 1015.2  28.8  29.1  26.0   MM   MM    MM
2026 08 18 23 10 100  4.0  5.0   0.8    MM   5.8  90 1014.9  28.9  29.1  25.9   MM   MM    MM
2026 08 18 23 00  90  4.0  5.0    MM    MM    MM  MM 1014.9  28.9  29.1  25.9   MM +0.7    MM
2026 08 18 22 50  80  4.0  4.0   0.8     8   5.9  85 1014.7  28.9  29.1  26.0   MM   MM    MM
2026 08 18 22 40  80  4.0  4.0    MM    MM    MM  MM 1014.7  28.9  29.1  26.0   MM   MM    MM
2026 08 18 22 30  80  4.0  5.0    MM    MM    MM  MM 1014.6  28.9  29.1  26.1   MM   MM    MM
2026 08 18 22 20  70  4.0  5.0   0.8     9   5.7  82 1014.5  28.8  29.1  26.5   MM   MM    MM
2026 08 18 22 10  70  4.0  5.0   0.8    MM   5.7  82 1014.5  28.7  29.1  26.7   MM   MM    MM
2026 08 18 22 00  60  4.0  5.0    MM    MM    MM  MM 1014.5  28.7  29.1  27.1   MM +0.0    MM
2026 08 18 21 50  60  4.0  5.0   0.9     8   5.7  85 1014.3  28.7  29.2  27.1   MM   MM    MM
2026 08 18 21 40  70  4.0  5.0    MM    MM    MM  MM 1014.2  28.7  29.2  27.0   MM   MM    MM
2026 08 18 21 30  70  4.0  5.0    MM    MM    MM  MM 1014.3  28.7  29.2  26.9   MM   MM    MM
2026 08 18 21 20  60  4.0  5.0   0.8     9   5.4  89 1014.4  28.7  29.2  27.0   MM   MM    MM
2026 08 18 21 10  60  4.0  5.0   0.8    MM   5.4  89 1014.4  28.8  29.2  26.9   MM   MM    MM
2026 08 18 21 00  60  4.0  4.0    MM    MM    MM  MM 1014.3  28.8  29.3  26.3   MM -0.4    MM
2026 08 18 20 50  60  4.0  4.0   0.8     9   5.4  83 1014.3  28.9  29.3  26.4   MM   MM    MM
2026 08 18 20 40  60  4.0  5.0    MM    MM    MM  MM 1014.3  28.9  29.3  26.3   MM   MM    MM
2026 08 18 20 30  60  3.0  4.0    MM    MM    MM  MM 1014.4  28.9  29.3  26.3   MM   MM    MM
2026 08 18 20 20  60  4.0  4.0   0.9     9   5.5  87 1014.4  28.8  29.3  26.4   MM   MM    MM
2026 08 18 20 10  60  3.0  4.0   0.9    MM   5.5  87 1014.3  28.8  29.3  26.7   MM   MM    MM
2026 08 18 20 00  60  3.0  4.0    MM    MM    MM  MM 1014.2  28.7  29.3  26.8   MM -1.2    MM
2026 08 18 19 50  70  3.0  4.0   0.9     9   5.6  84 1014.3  28.8  29.3  26.7   MM   MM    MM
2026 08 18 19 40  80  3.0  4.0   0.9    MM   5.6  84 1014.3  28.8  29.3  26.6   MM   MM    MM
2026 08 18 19 30  80  3.0  4.0    MM    MM    MM  MM 1014.3  28.8  29.2  26.7   MM   MM    MM
2026 08 18 19 20  80  4.0  4.0   0.8     9   5.2  88 1014.2  28.8  29.3  26.6   MM   MM    MM
2026 08 18 19 10  80  4.0  4.0    MM    MM    MM  MM 1014.2  28.9  29.2  26.6   MM   MM    MM
2026 08 18 19 00  80  3.0  4.0    MM    MM    MM  MM 1014.3  28.8  29.2  26.5   MM -1.6    MM
2026 08 18 18 50  80  3.0  4.0   0.9    MM   5.2  98 1014.4  28.8  29.2  26.5   MM   MM    MM
2026 08 18 18 40  MM   MM   MM   0.9     9   5.2  98     MM    MM    MM    MM   MM   MM    MM
2026 08 18 18 30  80  3.0  4.0    MM    MM    MM  MM 1014.5  28.8  29.2  26.7   MM   MM    MM
2026 08 18 18 20  80  3.0  4.0   0.8     8   5.0  84 1014.7  28.8  29.2  26.7   MM   MM    MM
2026 08 18 18 10  70  4.0  4.0   0.8    MM   5.0  84 1014.8  28.7  29.2  26.6   MM   MM    MM
2026 08 18 18 00  70  4.0  4.0    MM    MM    MM  MM 1014.8  28.7  29.1  26.7   MM -1.4    MM
2026 08 18 17 50  70  4.0  5.0   0.9     9   4.8  97 1015.0  28.7  29.1  26.7   MM   MM    MM
2026 08 18 17 40  70  4.0  5.0   0.9    MM   4.8  97 1015.1  28.7  29.1  26.5   MM   MM    MM
2026 08 18 17 30  70  5.0  5.0    MM    MM    MM  MM 1015.2  28.7  29.1  26.4   MM   MM    MM
2026 08 18 17 20  70  5.0  6.0   0.9     8   4.8  80 1015.3  28.7  29.1  26.5   MM   MM    MM
2026 08 18 17 10  60  5.0  6.0   0.9    MM   4.8  80 1015.3  28.7  29.1  26.6   MM   MM    MM
2026 08 18 17 00  70  5.0  6.0    MM    MM    MM  MM 1015.5  28.6  29.1  26.5   MM -0.7    MM
2026 08 18 16 50  70  5.0  6.0   1.0     8   4.8  87 1015.6  28.6  29.1  26.5   MM   MM    MM
2026 08 18 16 40  70  5.0  6.0    MM    MM    MM  MM 1015.8  28.5  29.1  26.5   MM   MM    MM
2026 08 18 16 30  70  5.0  7.0    MM    MM    MM  MM 1016.0  28.4  29.1  26.7   MM   MM    MM
2026 08 18 16 20  80  5.0  6.0   1.0     8   4.9  85 1016.0  28.6  29.0  26.7   MM   MM    MM
2026 08 18 16 10  70  4.0  5.0    MM    MM    MM  MM 1015.8  28.5  29.0  26.6   MM   MM    MM
2026 08 18 16 00  70  5.0  5.0    MM    MM    MM  MM 1015.9  28.5  29.0  26.7   MM +0.0    MM
2026 08 18 15 50  70  5.0  6.0   0.9     7   4.6  98 1016.0  28.5  29.0  26.6   MM   MM    MM
2026 08 18 15 40  70  5.0  5.0   0.9    MM   4.6  98 1016.0  28.5  29.0  26.6   MM   MM    MM
2026 08 18 15 30  70  5.0  5.0    MM    MM    MM  MM 1016.1  28.4  28.9  26.4   MM   MM    MM
2026 08 18 15 20  70  5.0  6.0   1.0     9   4.8  86 1016.2  28.4  28.9  26.5   MM   MM    MM
2026 08 18 15 10  70  5.0  6.0   1.0    MM   4.8  86 1016.2  28.5  28.9  26.6   MM   MM    MM
2026 08 18 15 00  70  5.0  6.0    MM    MM    MM  MM 1016.2  28.5  28.9  26.6   MM +0.9    MM
2026 08 18 14 50  80  4.0  5.0   1.0     9   4.7  78 1016.3  28.5  28.9  26.5   MM   MM    MM
2026 08 18 14 40  70  4.0  5.0    MM    MM    MM  MM 1016.2  28.4  28.9  26.3   MM   MM    MM
2026 08 18 14 30  70  4.0  5.0    MM    MM    MM  MM 1016.3  28.4  28.9  26.3   MM   MM    MM
2026 08 18 14 20  80  4.0  5.0   1.1     9   4.7  85 1016.2  28.4  28.9  26.3   MM   MM    MM
2026 08 18 14 10  70  5.0  6.0   1.1    MM   4.7  85 1016.2  28.4  28.9  26.2   MM   MM    MM
2026 08 18 14 00  70  5.0  6.0    MM    MM    MM  MM 1016.2  28.4  28.8  26.1   MM +1.3    MM
2026 08 18 13 50  60  6.0  7.0   1.1     9   4.7  84 1016.1  28.3  28.8  26.2   MM   MM    MM
2026 08 18 13 40  50  5.0  6.0    MM    MM    MM  MM 1015.9  28.3  28.8  26.6   MM   MM    MM
2026 08 18 13 30  60  4.0  6.0    MM    MM    MM  MM 1016.0  28.4  28.8  26.5   MM   MM    MM
2026 08 18 13 20  80  4.0  6.0   1.1     5   4.6 101 1016.2  28.3  28.8  26.3   MM   MM    MM
2026 08 18 13 10  80  5.0  6.0    MM    MM    MM  MM 1016.2  28.3  28.8  26.4   MM   MM    MM
2026 08 18 13 00  70  5.0  6.0    MM    MM    MM  MM 1016.2  28.2  28.8  26.4   MM +1.8    MM
2026 08 18 12 50  70  5.0  6.0   1.1     5   4.5  87 1016.1  28.1  28.8  26.4   MM   MM    MM
2026 08 18 12 40  60  5.0  6.0   1.1    MM   4.5  87 1015.9  28.0  28.8  26.2   MM   MM    MM
2026 08 18 12 30  70  6.0  8.0    MM    MM    MM  MM 1015.8  28.0  28.8  26.0   MM   MM    MM
2026 08 18 12 20  80  6.0  7.0   1.2     5   4.4  87 1015.6  28.0  28.8  25.9   MM   MM    MM
2026 08 18 12 10  80  6.0  7.0   1.2    MM   4.4  87 1015.2  27.8  28.8  25.8   MM   MM    MM
2026 08 18 12 00  80  5.0  7.0    MM    MM    MM  MM 1015.3  27.8  28.8  25.8   MM +1.0    MM
2026 08 18 11 50  70  5.0  6.0   1.3     5   4.7  82 1015.4  27.7  28.8  25.9   MM   MM    MM
2026 08 18 11 40  60  7.0  9.0    MM    MM    MM  MM 1015.6  27.7  28.8  26.1   MM   MM    MM
2026 08 18 11 30  60  7.0  9.0    MM    MM    MM  MM 1015.3  27.4  28.8  26.1   MM   MM    MM
2026 08 18 11 20  70  7.0  8.0   1.3     6   4.6  97 1015.3  27.2  28.8  26.3   MM   MM    MM
2026 08 18 11 10  70  6.0 11.0   1.3    MM   4.6  97 1015.3  27.3  28.8  26.2   MM   MM    MM
2026 08 18 11 00  60  5.0  7.0    MM    MM    MM  MM 1014.8  28.0  28.8  26.4   MM +0.9    MM
2026 08 18 10 50  60  6.0  7.0   1.3     5   4.6  91 1014.8  27.7  28.8  26.1   MM   MM    MM
2026 08 18 10 40  60  7.0  8.0    MM    MM    MM  MM 1014.7  27.6  28.8  26.2   MM   MM    MM
2026 08 18 10 30  70  7.0  9.0    MM    MM    MM  MM 1014.5  27.6  28.8  25.9   MM   MM    MM
2026 08 18 10 20  70  8.0  9.0   1.4     9   4.7  90 1014.6  27.5  28.8  26.1   MM   MM    MM
2026 08 18 10 10  70  7.0  9.0   1.4    MM   4.7  90 1014.6  27.5  28.9  26.3   MM   MM    MM
2026 08 18 10 00  70  7.0  9.0    MM    MM    MM  MM 1014.3  27.4  28.9  26.0   MM +0.5    MM
2026 08 18 09 50  70  7.0  9.0   1.3     9   4.7  83 1014.2  27.4  28.9  26.1   MM   MM    MM
2026 08 18 09 40  70  6.0  8.0    MM    MM    MM  MM 1014.3  27.4  28.9  26.0   MM   MM    MM
2026 08 18 09 30  60  7.0  8.0    MM    MM    MM  MM 1014.1  27.2  28.9  25.8   MM   MM    MM
2026 08 18 09 20  50  7.0  8.0   1.3     6   4.6  92 1014.3  27.0  28.9  25.9   MM   MM    MM
2026 08 18 09 10  50  8.0 10.0   1.3    MM   4.6  92 1014.2  27.0  28.9  25.8   MM   MM    MM
2026 08 18 09 00  50  9.0 11.0    MM    MM    MM  MM 1014.3  27.3  28.9  26.1   MM +0.3    MM
2026 08 18 08 50  80  8.0  9.0   1.3     9   4.5  91 1014.3  27.4  28.9  26.0   MM   MM    MM
2026 08 18 08 40  70  7.0  9.0    MM    MM    MM  MM 1014.2  28.4  28.9  26.3   MM   MM    MM
2026 08 18 08 30  70  7.0  8.0    MM    MM    MM  MM 1013.8  28.4  28.9  26.3   MM   MM    MM
2026 08 18 08 20  70  7.0  9.0   1.3     5   4.6  86 1013.9  28.4  28.9  26.3   MM   MM    MM
2026 08 18 08 10  70  8.0  9.0    MM    MM    MM  MM 1014.2  28.5  28.9  26.4   MM   MM    MM
2026 08 18 08 00  70  8.0  9.0    MM    MM    MM  MM 1014.0  28.5  28.9  26.3   MM -0.5    MM
2026 08 18 07 50  60  7.0  9.0   1.3     5   4.6 102 1013.9  28.4  28.9  26.2   MM   MM    MM
2026 08 18 07 40  60  7.0  9.0    MM    MM    MM  MM 1013.9  28.5  28.9  26.4   MM   MM    MM
2026 08 18 07 30  70  7.0  9.0    MM    MM    MM  MM 1013.9  28.5  28.9  26.3   MM   MM    MM
2026 08 18 07 20  70  7.0  8.0   1.3    MM   4.6  93 1014.0  28.5  28.9  26.2   MM   MM    MM
2026 08 18 07 10  MM   MM   MM   1.3     5   4.6  93     MM    MM    MM    MM   MM   MM    MM
2026 08 18 07 00  60  8.0  9.0    MM    MM    MM  MM 1014.0    MM  28.9    MM   MM -0.9    MM
2026 08 18 06 50  60  8.0  9.0   1.2    MM   4.3  89 1013.9  28.5  28.9  26.2   MM   MM    MM
2026 08 18 06 40  MM   MM   MM   1.2     9   4.3  89     MM    MM    MM    MM   MM   MM    MM
2026 08 18 06 30  50  7.0  9.0    MM    MM    MM  MM 1014.0  28.5  28.9  26.4   MM   MM    MM
2026 08 18 06 20  50  8.0  9.0   1.2     5   4.3  70 1013.9  28.5  28.9  26.2   MM   MM    MM
2026 08 18 06 10  50  8.0 10.0   1.2    MM   4.3  70 1014.0  28.5  28.9  26.1   MM   MM    MM
2026 08 18 06 00  50  8.0 10.0    MM    MM    MM  MM 1014.0  28.5  28.9  26.1   MM -1.2    MM
2026 08 18 05 50  50  8.0 10.0   1.3     5   4.3  72 1014.0  28.5  28.9  26.2   MM   MM    MM
2026 08 18 05 40  50  8.0 10.0    MM    MM    MM  MM 1014.0  28.5  28.9  26.3   MM   MM    MM
2026 08 18 05 30  60  8.0 10.0    MM    MM    MM  MM 1014.1  28.6  28.9  26.4   MM   MM    MM
2026 08 18 05 20  50  8.0  9.0   1.2     5   4.2  83 1014.1  28.5  28.9  26.3   MM   MM    MM
2026 08 18 05 10  60  8.0  9.0   1.2    MM   4.2  83 1014.4  28.6  28.9  26.5   MM   MM    MM
2026 08 18 05 00  60  8.0 10.0    MM    MM    MM  MM 1014.5  28.6  28.9  26.4   MM -0.7    MM
2026 08 18 04 50  60  8.0 10.0   1.3     5   4.4  82 1014.5  28.6  28.9  26.4   MM   MM    MM
2026 08 18 04 40  60  8.0 10.0    MM    MM    MM  MM 1014.8  28.6  28.9  26.4   MM   MM    MM
2026 08 18 04 30  60  8.0 10.0    MM    MM    MM  MM 1014.9  28.6  28.9  26.3   MM   MM    MM
2026 08 18 04 20  50  9.0 10.0   1.3     5   4.4  84 1014.9  28.6  28.9  26.3   MM   MM    MM
2026 08 18 04 10  60  9.0 10.0    MM    MM    MM  MM 1015.0  28.6  28.9  26.5   MM   MM    MM
2026 08 18 04 00  60  9.0 11.0    MM    MM    MM  MM 1014.9  28.6  28.9  26.5   MM +0.4    MM
2026 08 18 03 50  50  8.0 10.0   1.3     5   4.4  82 1015.1  28.6  28.9  26.6   MM   MM    MM
2026 08 18 03 40  50  8.0 10.0    MM    MM    MM  MM 1015.1  28.6  28.9  26.6   MM   MM    MM
2026 08 18 03 30  50  9.0 10.0    MM    MM    MM  MM 1015.1  28.6  28.9  26.5   MM   MM    MM
2026 08 18 03 20  50  9.0 11.0   1.3     5   4.4  89 1015.1  28.6  28.9  26.6   MM   MM    MM
2026 08 18 03 10  50  9.0 11.0   1.3    MM   4.4  89 1015.2  28.6  28.9  26.5   MM   MM    MM
2026 08 18 03 00  50  9.0 11.0    MM    MM    MM  MM 1015.2  28.6  28.9  26.6   MM +0.5    MM
2026 08 18 02 50  50  9.0 11.0   1.3     6   4.5 113 1015.1  28.6  28.9  26.5   MM   MM    MM
2026 08 18 02 40  50  9.0 10.0    MM    MM    MM  MM 1015.2  28.7  28.9  26.6   MM   MM    MM
2026 08 18 02 30  50  8.0 10.0    MM    MM    MM  MM 1015.3  28.8  28.9  26.5   MM   MM    MM
2026 08 18 02 20  50  8.0  9.0   1.2     8   4.5 101 1015.3  28.8  28.9  26.2   MM   MM    MM
2026 08 18 02 10  50  8.0 10.0   1.2    MM   4.5 101 1015.3  28.8  28.9  26.1   MM   MM    MM
2026 08 18 02 00  50  8.0 10.0    MM    MM    MM  MM 1015.1  28.8  29.0  26.1   MM +1.0    MM
2026 08 18 01 50  40  8.0 10.0   1.2     9   4.5 103 1015.0  28.8  29.0  26.2   MM   MM    MM
2026 08 18 01 40  40  8.0  9.0   1.2    MM   4.5 103 1014.9  28.7  29.0  26.2   MM   MM    MM
2026 08 18 01 30  40  8.0  9.0    MM    MM    MM  MM 1014.8  28.7  29.0  26.5   MM   MM    MM
2026 08 18 01 20  40  7.0  9.0   1.2     9   4.9  89 1014.7  28.7  29.0  26.5   MM   MM    MM
2026 08 18 01 10  40  8.0  9.0   1.2    MM   4.9  89 1014.7  28.7  29.0  26.5   MM   MM    MM
2026 08 18 01 00  40  8.0  9.0    MM    MM    MM  MM 1014.5  28.8  28.9  26.5   MM +0.7    MM
2026 08 18 00 50  40  8.0 10.0   1.2     9   4.8  95 1014.6  28.8  28.9  26.5   MM   MM    MM
2026 08 18 00 40  40  7.0  9.0    MM    MM    MM  MM 1014.5  28.8  28.9  26.5   MM   MM    MM
2026 08 18 00 30  40  6.0  7.0    MM    MM    MM  MM 1014.5  28.9  28.9  26.4   MM   MM    MM
2026 08 18 00 20  50  7.0  8.0   1.2     9   4.7  92 1014.5  28.8    MM  26.7   MM   MM    MM
2026 08 18 00 10  40  6.0  8.0   1.2    MM   4.7  92 1014.5  28.8  28.9  26.7   MM   MM    MM
2026 08 18 00 00  50  6.0  7.0    MM    MM    MM  MM 1014.6  28.8  28.9  26.5   MM +0.8    MM
2026 08 17 23 50  50  6.0  7.0   1.2     6   4.8  91 1014.5  28.9  28.9  26.5   MM   MM    MM
2026 08 17 23 40  50  6.0  7.0    MM    MM    MM  MM 1014.5  28.9  29.0  26.3   MM   MM    MM
2026 08 17 23 20  60  6.0  7.0   1.3     8   4.8  92 1014.3  28.9  29.0  26.4   MM   MM    MM
2026 08 17 23 10  60  7.0  7.0   1.3    MM   4.8  92 1014.2  28.9  29.0  26.4   MM   MM    MM
2026 08 17 23 00  60  7.0  8.0    MM    MM    MM  MM 1014.1  28.9  29.0  26.5   MM +0.4    MM
2026 08 17 22 50  60  7.0  8.0   1.2     5   4.8  93 1014.0  28.9  29.0  26.5   MM   MM    MM
2026 08 17 22 40  60  6.0  7.0   1.2    MM   4.8  93 1013.9  29.0  29.0  26.4   MM   MM    MM
2026 08 17 22 30  60  6.0  7.0    MM    MM    MM  MM 1013.8  29.0  29.0  26.3   MM   MM    MM
2026 08 17 22 20  60  6.0  8.0   1.4     5   4.8  93 1013.8  28.9  29.0  26.3   MM   MM    MM
2026 08 17 22 10  60  6.0  7.0   1.4    MM   4.8  93 1013.9  28.9  29.0  26.6   MM   MM    MM
2026 08 17 22 00  60  7.0  8.0    MM    MM    MM  MM 1013.8  28.9  29.0  26.3   MM +0.0    MM
2026 08 17 21 50  50  7.0  8.0   1.4     9   4.9  92 1013.7  28.9  29.0  26.4   MM   MM    MM
2026 08 17 21 40  60  7.0  8.0   1.4    MM   4.9  92 1013.7  28.9  29.1  26.3   MM   MM    MM
2026 08 17 21 30  60  7.0  8.0    MM    MM    MM  MM 1013.8  29.0  29.0  26.4   MM   MM    MM
2026 08 17 21 20  60  7.0  8.0   1.3     9   4.9  99 1013.8  29.0  29.0  26.3   MM   MM    MM
2026 08 17 21 10  70  7.0  8.0   1.3    MM   4.9  99 1013.8  28.9  29.1  26.3   MM   MM    MM
2026 08 17 21 00  60  7.0  8.0    MM    MM    MM  MM 1013.8  29.0  29.0  26.3   MM -0.4    MM
2026 08 17 20 50  70  7.0  8.0   1.3     6   4.7  99 1014.0  29.0  29.0  26.2   MM   MM    MM
2026 08 17 20 40  70  6.0  7.0   1.3    MM   4.7  99 1013.9  29.0  29.0  26.5   MM   MM    MM
2026 08 17 20 30  70  6.0  7.0    MM    MM    MM  MM 1013.8  29.0  29.0  26.4   MM   MM    MM
2026 08 17 20 20  70  6.0  7.0   1.3     9   4.9  93 1013.7  29.0  29.0  26.4   MM   MM    MM
2026 08 17 20 10  60  6.0  7.0   1.3    MM   4.9  93 1013.7  29.0  29.0  26.3   MM   MM    MM
2026 08 17 20 00  60  6.0  7.0    MM    MM    MM  MM 1013.7  29.0  29.0  26.1   MM -1.0    MM
2026 08 17 19 50  60  6.0  7.0   1.3     9   4.8  95 1013.7  28.9  29.0  26.1   MM   MM    MM
2026 08 17 19 40  60  6.0  6.0    MM    MM    MM  MM 1013.8  28.9  29.0  26.3   MM   MM    MM
2026 08 17 19 30  70  5.0  6.0    MM    MM    MM  MM 1013.8  28.9  29.1  26.3   MM   MM    MM
2026 08 17 19 20  70  5.0  7.0   1.3     5   4.7  80 1013.8  28.9  29.0  26.4   MM   MM    MM
2026 08 17 19 10  70  6.0  7.0    MM    MM    MM  MM 1013.9  28.9  29.1  26.4   MM   MM    MM
2026 08 17 19 00  70  6.0  7.0    MM    MM    MM  MM 1013.8  28.9  29.1  26.3   MM -1.1    MM
2026 08 17 18 50  70  7.0  8.0   1.3     5   4.7  77 1014.0  28.9  29.1  26.2   MM   MM    MM
2026 08 17 18 40  70  7.0  8.0   1.3    MM   4.7  77 1014.0  28.9  29.1  26.4   MM   MM    MM
2026 08 17 18 30  70  7.0  8.0    MM    MM    MM  MM 1013.9  28.8  29.0  26.2   MM   MM    MM
2026 08 17 18 20  70  7.0  8.0   1.3     8   4.6  91 1014.0  28.8  29.0  26.4   MM   MM    MM
2026 08 17 18 10  60  7.0  9.0   1.3    MM   4.6  91 1014.2  28.9  29.0  26.3   MM   MM    MM
2026 08 17 18 00  60  7.0  8.0    MM    MM    MM  MM 1014.3  28.8  29.0  26.4   MM -0.6    MM
2026 08 17 17 50  60  7.0  8.0   1.2     8   4.5  96 1014.4  28.9  29.0  26.2   MM   MM    MM
2026 08 17 17 40  60  7.0  9.0    MM    MM    MM  MM 1014.5  28.9  29.0  26.0   MM   MM    MM
2026 08 17 17 30  60  8.0  9.0    MM    MM    MM  MM 1014.5  28.9  29.0  25.9   MM   MM    MM
2026 08 17 17 20  60  7.0  8.0   1.2     5   4.5  87 1014.7  28.9  29.0  26.0   MM   MM    MM
2026 08 17 17 10  60  7.0  9.0   1.2    MM   4.5  87 1014.7  29.0  29.0  25.8   MM   MM    MM
2026 08 17 17 00  60  7.0  9.0    MM    MM    MM  MM 1014.8  29.0    MM  25.6   MM +0.0    MM
2026 08 17 16 50  60  7.0  9.0   1.2     5   4.4  74 1014.8  29.0  29.0  25.5   MM   MM    MM
2026 08 17 16 40  70  8.0  9.0    MM    MM    MM  MM 1014.8  29.0  29.0  25.6   MM   MM    MM
2026 08 17 16 30  60  8.0  9.0    MM    MM    MM  MM 1014.8  28.9  28.9  25.7   MM   MM    MM
2026 08 17 16 20  70  8.0  9.0   1.3     5   4.6  88 1014.8  28.9  28.9  25.7   MM   MM    MM
2026 08 17 16 10  70  8.0  9.0   1.3    MM   4.6  88 1014.8  28.8  28.9  25.7   MM   MM    MM
2026 08 17 16 00  60  7.0  9.0    MM    MM    MM  MM 1015.0  28.8  28.9  25.9   MM +0.0    MM
2026 08 17 15 50  60  8.0  9.0   1.3     5   4.5  80 1015.1  28.8  28.9  25.8   MM   MM    MM
2026 08 17 15 40  60  8.0  9.0    MM    MM    MM  MM 1015.1  28.7  28.9  25.8   MM   MM    MM
2026 08 17 15 30  50  8.0  9.0    MM    MM    MM  MM 1014.8  28.7  28.9  25.9   MM   MM    MM
2026 08 17 15 20  60  8.0  9.0   1.3     7   4.4 109 1014.8  28.7  28.9  25.9   MM   MM    MM
2026 08 17 15 10  60  8.0  9.0   1.3    MM   4.4 109 1014.8  28.7  28.8  25.9   MM   MM    MM
2026 08 17 15 00  50  8.0  9.0    MM    MM    MM  MM 1014.9  28.7  28.8  25.8   MM +0.6    MM
2026 08 17 14 50  50  8.0  9.0   1.3     5   4.7  93 1015.1  28.7  28.8  26.0   MM   MM    MM
2026 08 17 14 40  60  8.0  9.0   1.3    MM   4.7  93 1015.1  28.7  28.8  25.9   MM   MM    MM
2026 08 17 14 30  50  8.0  9.0    MM    MM    MM  MM 1015.1  28.7  28.8  25.8   MM   MM    MM
2026 08 17 14 20  50  8.0  9.0   1.3     7   4.7 102 1015.2  28.7  28.8  25.6   MM   MM    MM
2026 08 17 14 10  50  7.0  9.0   1.3    MM   4.7 102 1015.1  28.7  28.8  25.7   MM   MM    MM
2026 08 17 14 00  50  7.0  9.0    MM    MM    MM  MM 1015.1  28.8  28.8  25.4   MM +1.1    MM
2026 08 17 13 50  40  7.0  8.0   1.5     8   4.7 105 1015.0  28.7  28.8  25.3   MM   MM    MM
2026 08 17 13 40  50  7.0  8.0   1.5    MM   4.7 105 1015.1  28.7  28.8  25.4   MM   MM    MM
2026 08 17 13 30  50  7.0  9.0    MM    MM    MM  MM 1015.1  28.7  28.8  25.1   MM   MM    MM
2026 08 17 13 20  50  7.0  9.0   1.5     5   4.8  85 1015.1  28.7  28.8  25.2   MM   MM    MM
2026 08 17 13 10  50  7.0  9.0   1.5    MM   4.8  85 1015.0  28.7  28.8  25.2   MM   MM    MM
2026 08 17 13 00  50  8.0  9.0    MM    MM    MM  MM 1015.0  28.6  28.8  25.2   MM +1.4    MM
2026 08 17 12 50  50  8.0 10.0   1.5     8   4.8 113 1014.9  28.6  28.8  25.3   MM   MM    MM
2026 08 17 12 40  50  8.0 10.0    MM    MM    MM  MM 1014.9  28.7  28.8  25.3   MM   MM    MM
2026 08 17 12 30  50  8.0 10.0    MM    MM    MM  MM 1014.8  28.7  28.8  25.2   MM   MM    MM
2026 08 17 12 20  50  9.0 10.0   1.5     8   4.8 103 1014.8  28.7  28.8  25.0   MM   MM    MM
2026 08 17 12 10  60  9.0 10.0    MM    MM    MM  MM 1014.5  28.7  28.8  25.0   MM   MM    MM
2026 08 17 12 00  60  8.0 10.0    MM    MM    MM  MM 1014.3  28.7  28.8  25.1   MM +0.7    MM
2026 08 17 11 50  60  9.0 10.0   1.5     9   4.8  94 1014.3  28.7  28.8  25.1   MM   MM    MM
2026 08 17 11 40  60  9.0 11.0   1.5    MM   4.8  94 1014.2  28.7  28.8  25.0   MM   MM    MM
2026 08 17 11 30  60  9.0 10.0    MM    MM    MM  MM 1014.2  28.6  28.8  25.2   MM   MM    MM
2026 08 17 11 20  60  9.0 11.0   1.4     9   4.6  98 1014.0  28.6  28.8  25.2   MM   MM    MM
2026 08 17 11 10  70  9.0 11.0   1.4    MM   4.6  98 1014.0  28.6  28.8  25.1   MM   MM    MM
2026 08 17 11 00  80  9.0 11.0    MM    MM    MM  MM 1014.0  28.6  28.8  25.1   MM +0.4    MM
2026 08 17 10 50  70  8.0 10.0   1.5     9   4.8  99 1014.0  28.5  28.8  25.3   MM   MM    MM
2026 08 17 10 40  80  9.0 10.0    MM    MM    MM  MM 1014.1  28.5  28.8  25.4   MM   MM    MM
2026 08 17 10 30  70  9.0 11.0    MM    MM    MM  MM 1014.0  28.5  28.8  25.1   MM   MM    MM
2026 08 17 10 20  70  9.0 11.0   1.4     9   4.7 109 1013.8  28.5  28.8  25.0   MM   MM    MM
2026 08 17 10 10  60  9.0 11.0   1.4    MM   4.7 109 1013.7  28.5  28.8  25.1   MM   MM    MM
2026 08 17 10 00  60  9.0 11.0    MM    MM    MM  MM 1013.7  28.5  28.8  24.9   MM +0.3    MM
2026 08 17 09 50  60  9.0 10.0   1.4     6   4.7 100 1013.7  28.5  28.8  24.9   MM   MM    MM
2026 08 17 09 40  60  9.0 11.0   1.4    MM   4.7 100 1013.7  28.5  28.8  24.9   MM   MM    MM
2026 08 17 09 30  60  9.0 11.0    MM    MM    MM  MM 1013.6  28.4  28.8  25.1   MM   MM    MM
2026 08 17 09 20  70  9.0 10.0   1.5     8   4.8 103 1013.6  28.4  28.8  25.2   MM   MM    MM
2026 08 17 09 10  80  8.0 10.0   1.5    MM   4.8 103 1013.6  28.4  28.8  25.3   MM   MM    MM
2026 08 17 09 00  70  8.0  9.0    MM    MM    MM  MM 1013.6  28.3  28.8  25.4   MM -0.0    MM
2026 08 17 08 50  70  8.0  9.0   1.4     9   4.6  93 1013.5  28.4  28.8  25.4   MM   MM    MM
2026 08 17 08 40  80  8.0 10.0   1.4    MM   4.6  93 1013.4  28.4  28.8  25.3   MM   MM    MM
2026 08 17 08 30  70  8.0 10.0    MM    MM    MM  MM 1013.5  28.4  28.8  25.2   MM   MM    MM
2026 08 17 08 20  80  8.0 10.0   1.5     6   4.5  92 1013.4  28.4  28.8  25.5   MM   MM    MM
2026 08 17 08 10  70  7.0  9.0    MM    MM    MM  MM 1013.5  28.3  28.8  25.7   MM   MM    MM
2026 08 17 08 00  60  7.0  9.0    MM    MM    MM  MM 1013.4  28.4  28.8  25.7   MM -0.6    MM
2026 08 17 07 50  70  8.0  9.0   1.4     6   4.6  92 1013.2  28.5  28.8  25.4   MM   MM    MM
2026 08 17 07 40  70  8.0  9.0    MM    MM    MM  MM 1013.2  28.4  28.8  25.5   MM   MM    MM
2026 08 17 07 30  70  7.0  8.0    MM    MM    MM  MM 1013.2  28.4  28.8  25.6   MM   MM    MM
2026 08 17 07 20  60  7.0  9.0   1.5     9   4.8  97 1013.2  28.4  28.8  25.5   MM   MM    MM
2026 08 17 07 10  60  8.0  9.0   1.5    MM   4.8  97 1013.3  28.4  28.8  25.4   MM   MM    MM
2026 08 17 07 00  70  8.0  9.0    MM    MM    MM  MM 1013.3  28.5    MM  25.6   MM -1.3    MM
2026 08 17 06 50  80  7.0  9.0   1.5     9   4.8  94 1013.3  28.4  28.8  25.6   MM   MM    MM
2026 08 17 06 40  80  8.0  9.0    MM    MM    MM  MM 1013.4  28.4  28.8  25.6   MM   MM    MM
2026 08 17 06 30  80  8.0  9.0    MM    MM    MM  MM 1013.5  28.4  28.8  25.3   MM   MM    MM
2026 08 17 06 20  60  8.0  9.0    MM    MM    MM  MM 1013.6    MM  28.8    MM   MM   MM    MM
2026 08 17 06 10  60  8.0  9.0    MM    MM    MM  MM 1013.6  28.5  28.8  25.4   MM   MM    MM
2026 08 17 06 00  60  7.0  9.0    MM    MM    MM  MM 1013.7  28.5  28.8  25.4   MM -1.2    MM
2026 08 17 05 50  60  8.0  9.0   1.5     5   4.5  99 1013.7  28.5  28.8  25.5   MM   MM    MM
2026 08 17 05 40  80  9.0 11.0    MM    MM    MM  MM 1013.7  28.5  28.8  25.4   MM   MM    MM
2026 08 17 05 30  70  9.0 11.0    MM    MM    MM  MM 1013.7  28.6  28.8  25.5   MM   MM    MM
2026 08 17 05 20  70  9.0 11.0   1.5     6   4.6 102 1013.7  28.6  28.8  25.2   MM   MM    MM
2026 08 17 05 10  70  9.0 11.0   1.5    MM   4.6 102 1013.9  28.7  28.9  25.1   MM   MM    MM
2026 08 17 05 00  70 10.0 11.0    MM    MM    MM  MM 1014.0  28.7  28.9  24.8   MM -0.7    MM
2026 08 17 04 50  70 10.0 11.0   1.5     6   4.6  84 1014.2  28.8  28.9  24.9   MM   MM    MM
2026 08 17 04 40  80  9.0 12.0    MM    MM    MM  MM 1014.3  28.7  28.9  24.7   MM   MM    MM
2026 08 17 04 30  70  9.0 12.0    MM    MM    MM  MM 1014.3  28.8  28.9  24.8   MM   MM    MM
2026 08 17 04 20  70  9.0 11.0   1.6     6   4.6  94 1014.5  28.8  28.9  24.8   MM   MM    MM
2026 08 17 04 10  70  9.0 11.0   1.6    MM   4.6  94 1014.6  28.7  28.9  25.0   MM   MM    MM
2026 08 17 04 00  70  9.0 11.0    MM    MM    MM  MM 1014.7  28.7  28.9  25.1   MM +0.4    MM
2026 08 17 03 50  70  9.0 12.0   1.6     6   4.7  87 1014.8  28.7  28.9  25.1   MM   MM    MM
2026 08 17 03 40  70 10.0 11.0   1.6    MM   4.7  87 1014.8  28.7  28.9  24.9   MM   MM    MM
2026 08 17 03 30  80  9.0 11.0    MM    MM    MM  MM 1014.8  28.7  28.9  25.3   MM   MM    MM
2026 08 17 03 20  70  9.0 11.0   1.6     5   4.6  79 1015.0  28.7  28.9  25.2   MM   MM    MM
2026 08 17 03 10  80 10.0 12.0   1.6    MM   4.6  79 1015.0  28.7  28.9  24.9   MM   MM    MM
2026 08 17 03 00  80  9.0 11.0    MM    MM    MM  MM 1014.9  28.7  28.9  25.2   MM +0.9    MM
2026 08 17 02 50  80 10.0 11.0   1.6     6   4.6  78 1014.9  28.7  28.9  25.1   MM   MM    MM
2026 08 17 02 40  80 10.0 12.0    MM    MM    MM  MM 1014.9  28.8  28.9  25.2   MM   MM    MM
2026 08 17 02 30  70  9.0 10.0    MM    MM    MM  MM 1015.1  28.8  28.9  25.4   MM   MM    MM
2026 08 17 02 20  70  9.0 11.0   1.6     9   4.7  84 1015.0  28.8  28.9  25.1   MM   MM    MM
2026 08 17 02 10  80  9.0 11.0   1.6    MM   4.7  84 1014.8  28.8  28.9  25.3   MM   MM    MM
2026 08 17 02 00  80 10.0 12.0    MM    MM    MM  MM 1014.8  28.9  28.9  25.2   MM +1.1    MM
2026 08 17 01 50  80 10.0 12.0   1.5     5   4.8  96 1014.6  28.9  28.9  25.0   MM   MM    MM
2026 08 17 01 40  80 10.0 12.0    MM    MM    MM  MM 1014.5  29.0  28.9  25.0   MM   MM    MM
2026 08 17 01 30  80  9.0 11.0    MM    MM    MM  MM 1014.5  28.9  28.9  25.1   MM   MM    MM
2026 08 17 01 20  80  9.0 10.0   1.6     9   4.9  77 1014.5  28.9  28.9  25.0   MM   MM    MM
2026 08 17 01 10  70  9.0 11.0   1.6    MM   4.9  77 1014.3  28.9  28.9  25.2   MM   MM    MM
2026 08 17 01 00  70  9.0 11.0    MM    MM    MM  MM 1014.2  28.9  28.9  25.4   MM +1.1    MM
2026 08 17 00 50  70 10.0 11.0   1.6     9   4.9  88 1014.2  28.9  28.9  25.0   MM   MM    MM
2026 08 17 00 40  60  9.0 11.0   1.6    MM   4.9  88 1014.1  28.9  28.9  25.2   MM   MM    MM
2026 08 17 00 30  60  9.0 11.0    MM    MM    MM  MM 1014.0  28.9  28.9  25.2   MM   MM    MM
2026 08 17 00 20  60  9.0 11.0   1.6     5   4.8  92 1014.0  28.9  29.0  25.3   MM   MM    MM
2026 08 17 00 10  60  9.0 11.0   1.6    MM   4.8  92 1014.0  29.0  29.0  25.1   MM   MM    MM
2026 08 17 00 00  60  8.0 10.0    MM    MM    MM  MM 1013.9  28.9  29.0  25.3   MM +1.2    MM
2026 08 16 23 50  70  8.0 10.0   1.7     6   5.0  96 1013.8  28.8  29.0  25.5   MM   MM    MM
2026 08 16 23 40  70  8.0  9.0    MM    MM    MM  MM 1013.8  28.9  29.0  25.5   MM   MM    MM
2026 08 16 23 30  70  9.0 10.0    MM    MM    MM  MM 1013.9  28.9  29.0  25.3   MM   MM    MM
2026 08 16 23 20  70  9.0 11.0   1.6     9   5.1  82 1013.7  28.9  29.0  25.4   MM   MM    MM
2026 08 16 23 10  70  9.0 10.0   1.6    MM   5.1  82 1013.7  29.0  29.0  25.1   MM   MM    MM
2026 08 16 23 00  70  8.0 10.0    MM    MM    MM  MM 1013.7  28.8  29.0  25.9   MM +0.6    MM
2026 08 16 22 50  60  7.0  9.0   1.7     9   5.1  85 1013.6  28.8  29.0  25.9   MM   MM    MM
2026 08 16 22 40  60  7.0  9.0    MM    MM    MM  MM 1013.4  28.8  29.0  26.0   MM   MM    MM
2026 08 16 22 30  60  8.0 10.0    MM    MM    MM  MM 1013.4  29.0  29.0  25.8   MM   MM    MM
2026 08 16 22 20  60  8.0  9.0   1.5     9   5.0  92 1013.3  29.0  29.0  25.5   MM   MM    MM
2026 08 16 22 10  60  8.0  9.0   1.5    MM   5.0  92 1013.2  29.0  29.0  25.7   MM   MM    MM
2026 08 16 22 00  60  8.0  9.0    MM    MM    MM  MM 1013.2  29.0  29.0  25.7   MM -0.3    MM
2026 08 16 21 50  60  8.0  9.0   1.5     6   4.9  92 1013.1  29.0  29.0  25.6   MM   MM    MM
2026 08 16 21 40  60  7.0  9.0    MM    MM    MM  MM 1013.0  29.0  29.0  25.6   MM   MM    MM
2026 08 16 21 30  60  7.0  8.0    MM    MM    MM  MM 1012.9  29.1  29.0  25.9   MM   MM    MM
2026 08 16 21 20  60  7.0  8.0   1.6     6   5.1  83 1012.8  29.1  29.0  25.7   MM   MM    MM
2026 08 16 21 10  50  8.0  9.0   1.6    MM   5.1  83 1012.7  29.0  29.0  25.7   MM   MM    MM
2026 08 16 21 00  50  7.0  9.0    MM    MM    MM  MM 1012.8  29.1  29.0  25.8   MM -1.3    MM
2026 08 16 20 50  50  8.0  9.0   1.6     6   5.0 101 1012.8  29.1  29.0  25.8   MM   MM    MM
2026 08 16 20 40  50  8.0  9.0    MM    MM    MM  MM 1012.8  29.0  29.0  25.8   MM   MM    MM
2026 08 16 20 30  50  8.0  9.0    MM    MM    MM  MM 1012.8  29.0  29.0  25.8   MM   MM    MM
2026 08 16 20 20  50  7.0  9.0   1.5     6   5.0  90 1012.8  28.9  29.0  25.8   MM   MM    MM
2026 08 16 20 10  60  8.0 10.0    MM    MM    MM  MM 1012.9  29.0  29.0  25.6   MM   MM    MM
2026 08 16 20 00  60  8.0 10.0    MM    MM    MM  MM 1013.1  29.1  29.0  25.2   MM -1.7    MM
2026 08 16 19 50  60  9.0 10.0   1.6     6   4.9  85 1013.1  29.2  29.0  24.7   MM   MM    MM
2026 08 16 19 40  60  9.0 10.0   1.6    MM   4.9  85 1013.2  29.2  29.0  24.8   MM   MM    MM
2026 08 16 19 30  70  8.0 10.0    MM    MM    MM  MM 1013.2  29.2  29.0  25.0   MM   MM    MM
2026 08 16 19 20  70  8.0 10.0   1.5    MM   4.9  93 1013.3  29.1  29.0  25.0   MM   MM    MM
2026 08 16 19 10  MM   MM   MM   1.5     6   4.9  93     MM    MM    MM    MM   MM   MM    MM
2026 08 16 19 00  70  9.0 10.0    MM    MM    MM  MM 1013.5  29.2  29.0  24.7   MM -1.8    MM
2026 08 16 18 50  70  9.0 11.0   1.6     6   4.9  78 1013.5  29.3  29.0  24.4   MM   MM    MM
2026 08 16 18 40  60  8.0 10.0    MM    MM    MM  MM 1013.6  29.1  29.0  25.3   MM   MM    MM
2026 08 16 18 30  70  8.0 10.0    MM    MM    MM  MM 1013.7  29.0  29.0  25.4   MM   MM    MM
2026 08 16 18 20  70  8.0 10.0   1.7    MM   5.0  89 1013.8  29.0  29.0  25.5   MM   MM    MM
2026 08 16 18 10  MM   MM   MM   1.7     6   5.0  89     MM    MM    MM    MM   MM   MM    MM
2026 08 16 18 00  70  8.0 10.0    MM    MM    MM  MM 1014.1  29.0  29.0  25.5   MM -1.3    MM
2026 08 16 17 50  70  8.0 10.0   1.6     5   5.0  86 1014.2  28.9  29.0  25.5   MM   MM    MM
2026 08 16 17 40  70  9.0 10.0    MM    MM    MM  MM 1014.3  28.9  29.0  25.4   MM   MM    MM
2026 08 16 17 30  70  8.0 10.0    MM    MM    MM  MM 1014.4  28.9  29.0  25.5   MM   MM    MM
2026 08 16 17 20  70  9.0 10.0   1.7     6   4.9  84 1014.6  28.9  29.0  25.4   MM   MM    MM
2026 08 16 17 10  70  9.0 11.0   1.7    MM   4.9  84 1014.7  28.9  29.0  25.2   MM   MM    MM
2026 08 16 17 00  70  9.0 11.0    MM    MM    MM  MM 1014.8  28.9  29.0  25.5   MM -0.7    MM
2026 08 16 16 50  80  9.0 10.0   1.7     6   5.0  91 1014.9  28.9  28.9  25.7   MM   MM    MM
2026 08 16 16 40  80  9.0 11.0   1.7    MM   5.0  91 1015.1  28.9  28.9  25.5   MM   MM    MM
2026 08 16 16 30  70  9.0 11.0    MM    MM    MM  MM 1015.1  28.9  28.9  25.6   MM   MM    MM
2026 08 16 16 20  70  9.0 10.0   1.6     6   4.9  94 1015.2  28.9  28.9  25.5   MM   MM    MM
2026 08 16 16 10  70  9.0 10.0   1.6    MM   4.9  94 1015.3  28.9  28.9  25.6   MM   MM    MM
2026 08 16 16 00  60  8.0 10.0    MM    MM    MM  MM 1015.3  28.9  28.9  26.0   MM +0.4    MM
2026 08 16 15 50  60  9.0 11.0   1.6     6   5.0  87 1015.1  28.8  28.9  25.7   MM   MM    MM
2026 08 16 15 40  60  9.0 11.0    MM    MM    MM  MM 1015.3  28.9  28.9  25.9   MM   MM    MM
2026 08 16 15 30  60  8.0 10.0    MM    MM    MM  MM 1015.4  28.9  28.9  25.8   MM   MM    MM
2026 08 16 15 20  70  8.0  9.0   1.7     6   5.3  95 1015.4  28.9  28.9  25.7   MM   MM    MM
2026 08 16 15 10  70  8.0 10.0   1.7    MM   5.3  95 1015.4  28.9  28.9  25.7   MM   MM    MM
2026 08 16 15 00  70  8.0  9.0    MM    MM    MM  MM 1015.4  28.9  28.9  25.7   MM +1.0    MM
2026 08 16 14 50  70  8.0 10.0   1.7     6   5.0  98 1015.4  28.8  28.9  25.9   MM   MM    MM
2026 08 16 14 40  70  8.0 10.0   1.7    MM   5.0  98 1015.5  28.9  28.9  25.8   MM   MM    MM
2026 08 16 14 30  70  9.0 10.0    MM    MM    MM  MM 1015.4  28.9  28.9  25.5   MM   MM    MM
2026 08 16 14 20  80  9.0 11.0   1.7     6   5.1 100 1015.4  28.9  28.9  25.5   MM   MM    MM
2026 08 16 14 10  70  9.0 10.0   1.7    MM   5.1 100 1015.6  28.8  28.9  25.6   MM   MM    MM
2026 08 16 14 00  70  8.0 10.0    MM    MM    MM  MM 1015.5  28.8  28.9  25.8   MM +1.3    MM
2026 08 16 13 50  70  9.0 11.0   1.7    MM   5.2  90 1015.5  28.8  28.9  25.7   MM   MM    MM
2026 08 16 13 40  70  9.0 11.0   1.7    MM   5.2  90 1015.3  28.7  28.9  25.7   MM   MM    MM
2026 08 16 13 30  80  8.0 10.0    MM    MM    MM  MM 1015.2  28.7  28.9  26.1   MM   MM    MM
2026 08 16 13 20  80  8.0  9.0   1.8     6   5.2  89 1015.2  28.7  28.9  25.9   MM   MM    MM
2026 08 16 13 10  80  8.0 10.0   1.8    MM   5.2  89 1015.1  28.7  28.9  25.7   MM   MM    MM
2026 08 16 13 00  80  8.0 10.0    MM    MM    MM  MM 1014.9  28.7  28.9  25.8   MM +0.7    MM
2026 08 16 12 50  80  8.0 10.0   1.9     6   5.2  85 1014.9  28.7  28.9  25.9   MM   MM    MM
2026 08 16 12 40  80  9.0 11.0    MM    MM    MM  MM 1014.8  28.7  28.9  25.8   MM   MM    MM
2026 08 16 12 30  80  9.0 11.0    MM    MM    MM  MM 1014.7  28.7  28.9  25.8   MM   MM    MM
2026 08 16 12 20  80 10.0 11.0   1.9     6   5.2  85 1014.6  28.7  28.9  25.6   MM   MM    MM
2026 08 16 12 10  70 10.0 11.0   1.9    MM   5.2  85 1014.5  28.7  28.9  25.3   MM   MM    MM
2026 08 16 12 00  70 10.0 12.0    MM    MM    MM  MM 1014.4  28.7  28.8  25.3   MM +0.6    MM
2026 08 16 11 50  70 10.0 12.0   2.1     6   5.3  89 1014.3  28.8  28.9  25.6   MM   MM    MM
2026 08 16 11 40  70 10.0 12.0   2.1    MM   5.3  89 1014.1  28.8  28.9  25.3   MM   MM    MM
2026 08 16 11 30  70  9.0 11.0    MM    MM    MM  MM 1014.2  28.8  28.9  25.5   MM   MM    MM
2026 08 16 11 20  70 10.0 12.0   2.1     6   5.6  79 1014.1  28.7  28.9  25.4   MM   MM    MM
2026 08 16 11 10  70 10.0 12.0   2.1    MM   5.6  79 1014.0  28.7  28.9  25.4   MM   MM    MM
2026 08 16 11 00  60 10.0 12.0    MM    MM    MM  MM 1014.1  28.6  28.9  25.3   MM +0.3    MM
2026 08 16 10 50  60 10.0 12.0   2.1     7   5.4  92 1014.1  28.6  28.9  25.7   MM   MM    MM
2026 08 16 10 40  60 10.0 12.0    MM    MM    MM  MM 1014.1  28.7  28.9  25.5   MM   MM    MM
2026 08 16 10 30  60 10.0 12.0    MM    MM    MM  MM 1014.2  28.6  28.9  25.6   MM   MM    MM
2026 08 16 10 20  60 10.0 12.0   2.0     6   5.4  84 1014.0  28.6  28.9  25.6   MM   MM    MM
2026 08 16 10 10  60 10.0 12.0    MM    MM    MM  MM 1014.0  28.6  28.9  25.6   MM   MM    MM
2026 08 16 10 00  70 10.0 12.0    MM    MM    MM  MM 1014.1  28.6  28.8  25.6   MM -0.0    MM
2026 08 16 09 50  70  9.0 12.0   2.0     6   5.5  89 1014.1  28.6  28.9  25.9   MM   MM    MM
2026 08 16 09 40  70 10.0 12.0    MM    MM    MM  MM 1014.1  28.6  28.9  25.4   MM   MM    MM
2026 08 16 09 30  70 10.0 12.0    MM    MM    MM  MM 1014.0  28.7  28.9  25.5   MM   MM    MM
2026 08 16 09 20  70 10.0 11.0   2.1     7   5.4  89 1013.9  28.6  28.9  25.7   MM   MM    MM
2026 08 16 09 10  70 10.0 12.0   2.1    MM   5.4  89 1013.8  28.6  28.9  25.6   MM   MM    MM
2026 08 16 09 00  70 10.0 13.0    MM    MM    MM  MM 1013.8  28.6  28.9  25.6   MM -0.6    MM
2026 08 16 08 50  70 10.0 12.0   2.0     7   5.4  83 1013.8  28.6  28.9  25.8   MM   MM    MM
2026 08 16 08 40  70 10.0 12.0   2.0    MM   5.4  83 1013.7  28.6  28.9  26.0   MM   MM    MM
2026 08 16 08 30  60 10.0 12.0    MM    MM    MM  MM 1013.9  28.6  28.9  25.9   MM   MM    MM
2026 08 16 08 20  70 10.0 12.0   2.1     6   5.4  88 1013.9  28.6  28.9  26.0   MM   MM    MM
2026 08 16 08 10  70 10.0 12.0    MM    MM    MM  MM 1013.8  28.6  28.9  25.8   MM   MM    MM
2026 08 16 08 00  70 10.0 12.0    MM    MM    MM  MM 1013.9  28.6  28.9  25.7   MM -1.3    MM
2026 08 16 07 50  70 10.0 12.0   2.0     6   5.3  84 1013.9  28.6  28.9  26.0   MM   MM    MM
2026 08 16 07 40  70  9.0 11.0    MM    MM    MM  MM 1014.0  28.6  28.9  26.2   MM   MM    MM
2026 08 16 07 30  60 10.0 12.0    MM    MM    MM  MM 1014.1  28.6  28.9  26.0   MM   MM    MM
2026 08 16 07 20  60 10.0 11.0   2.0    MM   5.4  90 1014.0  28.6  28.9  26.1   MM   MM    MM
2026 08 16 07 10  MM   MM   MM   2.0     6   5.4  90     MM    MM    MM    MM   MM   MM    MM
2026 08 16 07 00  70  9.0 11.0    MM    MM    MM  MM 1014.1  28.6  28.9  26.2   MM -1.5    MM
2026 08 16 06 50  70  9.0 12.0   1.9     6   5.1  82 1014.1  28.6  28.9  26.4   MM   MM    MM
2026 08 16 06 40  70 10.0 12.0    MM    MM    MM  MM 1014.2  28.6  28.9  26.5   MM   MM    MM
2026 08 16 06 30  60 10.0 12.0    MM    MM    MM  MM 1014.1  28.6  28.9  26.5   MM   MM    MM
2026 08 16 06 20  70  9.0 11.0   1.9     6   5.3  86 1014.2  28.7  28.9  26.5   MM   MM    MM
2026 08 16 06 10  70  9.0 11.0   1.9    MM   5.3  86 1014.3  28.7  28.9  26.4   MM   MM    MM
2026 08 16 06 00  70 10.0 12.0    MM    MM    MM  MM 1014.4  28.7  28.9  26.2   MM -1.7    MM
2026 08 16 05 50  70 10.0 12.0   1.8     6   5.3  88 1014.5  28.8  28.9  26.4   MM   MM    MM
2026 08 16 05 40  80 10.0 12.0    MM    MM    MM  MM 1014.8  28.8    MM  26.6   MM   MM    MM
2026 08 16 05 30  70 10.0 12.0    MM    MM    MM  MM 1014.8  28.8  28.9  26.5   MM   MM    MM
2026 08 16 05 20  60 10.0 13.0   1.8     6   5.2  83 1015.0  28.9  28.9  26.4   MM   MM    MM
2026 08 16 05 10  60 10.0 12.0   1.8    MM   5.2  83 1015.0  28.8  28.9  26.6   MM   MM    MM
2026 08 16 05 00  60 10.0 12.0    MM    MM    MM  MM 1015.1  28.9  28.9  26.7   MM -0.6    MM
2026 08 16 04 50  60  9.0 11.0   1.7     6   5.0  85 1015.3  28.9  28.9  26.7   MM   MM    MM
2026 08 16 04 40  70 10.0 13.0   1.7    MM   5.0  85 1015.3  28.9  28.9  26.5   MM   MM    MM
2026 08 16 04 30  60 10.0 12.0    MM    MM    MM  MM 1015.3  28.9  28.9  26.6   MM   MM    MM
2026 08 16 04 20  60  9.0 11.0   1.7     6   5.2  94 1015.3  28.9  28.9  26.7   MM   MM    MM
2026 08 16 04 10  60 10.0 12.0   1.7    MM   5.2  94 1015.5  28.9  28.9  26.6   MM   MM    MM
2026 08 16 04 00  60 10.0 12.0    MM    MM    MM  MM 1015.6  28.9  28.9  26.7   MM +0.0    MM
2026 08 16 03 50  60 10.0 12.0   1.7     7   5.3 102 1015.8  28.9  28.9  26.6   MM   MM    MM
2026 08 16 03 40  70 10.0 12.0   1.7    MM   5.3 102 1015.8  28.9  28.9  26.8   MM   MM    MM
2026 08 16 03 30  70 10.0 11.0    MM    MM    MM  MM 1015.8  28.8    MM  26.8   MM   MM    MM
2026 08 16 03 20  70  9.0 10.0   1.8     6   5.2  98 1015.9  28.8  28.9  27.0   MM   MM    MM
2026 08 16 03 10  60  9.0 10.0   1.8    MM   5.2  98 1016.0  28.7  28.9  26.9   MM   MM    MM
2026 08 16 03 00  60  8.0 10.0    MM    MM    MM  MM 1016.1  28.7  28.9  26.9   MM +1.0    MM
2026 08 16 02 50  60  9.0 11.0   1.8     6   5.3  91 1016.1  28.7  28.9  27.0   MM   MM    MM
2026 08 16 02 40  70  9.0 11.0    MM    MM    MM  MM 1015.9  28.8  28.9  27.1   MM   MM    MM
2026 08 16 02 30  70 10.0 11.0    MM    MM    MM  MM 1016.0  28.8  28.9  27.0   MM   MM    MM
2026 08 16 02 20  70  9.0 11.0   1.9     7   5.3  86 1015.9  28.7  28.9  27.0   MM   MM    MM
2026 08 16 02 10  70 10.0 12.0   1.9    MM   5.3  86 1015.9  28.8  28.9  26.8   MM   MM    MM
2026 08 16 02 00  70 10.0 12.0    MM    MM    MM  MM 1015.8  28.7  28.9  26.8   MM +1.2    MM
2026 08 16 01 50  60 10.0 12.0   2.0     7   5.4  89 1015.8  28.7  28.9  27.0   MM   MM    MM
2026 08 16 01 40  60 10.0 12.0    MM    MM    MM  MM 1015.8  28.7  28.9  27.0   MM   MM    MM
2026 08 16 01 30  60  9.0 11.0    MM    MM    MM  MM 1015.7  28.6  28.9  26.9   MM   MM    MM
2026 08 16 01 20  60 10.0 12.0   2.1     7   5.6 106 1015.6  28.7  28.9  26.9   MM   MM    MM
2026 08 16 01 10  60 10.0 11.0   2.1    MM   5.6 106 1015.5  28.8  28.9  27.1   MM   MM    MM
2026 08 16 01 00  60 10.0 12.0    MM    MM    MM  MM 1015.4  28.7  28.9  27.0   MM +1.2    MM
2026 08 16 00 50  60 10.0 11.0   2.2     6   5.6  89 1015.4  28.8  28.9  27.1   MM   MM    MM
2026 08 16 00 40  70  9.0 11.0    MM    MM    MM  MM 1015.4  28.8  28.9  27.1   MM   MM    MM
2026 08 16 00 30  70 10.0 12.0    MM    MM    MM  MM 1015.3  28.8  28.9  27.0   MM   MM    MM
2026 08 16 00 20  70 10.0 12.0   2.3     7   5.5 109 1015.3  28.7  28.9  27.1   MM   MM    MM
2026 08 16 00 10  60 10.0 13.0   2.3    MM   5.5 109 1015.1  28.7  28.9  27.0   MM   MM    MM
2026 08 16 00 00  70 11.0 13.0    MM    MM    MM  MM 1015.1  28.7  28.9  26.9   MM +0.8    MM
