#YY  MM DD hh mm WDIR WSPD GST  WVHT   DPD   APD MWD   PRES  ATMP  WTMP  DEWP  VIS PTDY  TIDE
#yr  mo dy hr mn degT m/s  m/s     m   sec   sec degT   hPa  degC  degC  degC  nmi  hPa    ft
2026 09 30 04 40 280  3.0  4.0    MM    MM    MM  MM 1005.2  21.8  22.1  19.6   MM   MM    MM
2026 09 30 04 30 280  4.0  4.0    MM    MM    MM  MM 1005.0  21.9  22.1  19.8   MM   MM    MM
2026 09 30 04 20 280  4.0  5.0   1.3     7   4.9 264 1004.8  21.9  22.1  19.8   MM   MM    MM
2026 09 30 04 10 270  4.0  5.0    MM    MM    MM  MM 1004.7  22.0  22.1  19.9   MM   MM    MM
2026 09 30 04 00 280  5.0  6.0    MM    MM    MM  MM 1004.6  21.8  22.1  19.8   MM +0.6    MM
2026 09 30 03 50 280  6.0  7.0   1.4     5   4.8 274 1004.3  21.7  22.1  19.7   MM   MM    MM
2026 09 30 03 40 270  6.0  7.0   1.4    MM   4.8 274 1004.3  21.6  22.1  19.6   MM   MM    MM
2026 09 30 03 30 260  6.0  7.0    MM    MM    MM  MM 1004.3  21.5  22.2  19.3   MM   MM    MM
2026 09 30 03 20 260  6.0  7.0   1.4     4   4.7 268 1004.2  21.5  22.2  19.2   MM   MM    MM
2026 09 30 03 10 260  7.0  8.0    MM    MM    MM  MM 1004.2  21.4  22.2  19.0   MM   MM    MM
2026 09 30 03 00 260  7.0  9.0    MM    MM    MM  MM 1004.2  21.4  22.2  18.7   MM +0.0    MM
2026 09 30 02 50 260  8.0  9.0   1.3     4   4.5 266 1003.9  21.5  22.2  18.6   MM   MM    MM
2026 09 30 02 40 260  8.0 10.0   1.3    MM   4.5 266 1003.9  21.5  22.2  18.4   MM   MM    MM
2026 09 30 02 30 270  9.0 10.0    MM    MM    MM  MM 1004.0  21.6  22.2  18.3   MM   MM    MM
2026 09 30 02 20 270  8.0 10.0   1.3     5   4.7 274 1004.0  21.8  22.2  18.2   MM   MM    MM
2026 09 30 02 10 270  9.0 11.0   1.3    MM   4.7 274 1004.0  21.9  22.2  18.0   MM   MM    MM
2026 09 30 02 00 260  7.0  9.0    MM    MM    MM  MM 1004.1  21.7  22.2  18.4   MM +0.0    MM
2026 09 30 01 50 260  8.0 11.0   1.3    11   4.9 199 1004.0  21.7  22.2  18.5   MM   MM    MM
2026 09 30 01 40 260  9.0 10.0    MM    MM    MM  MM 1004.0  21.8  22.2  18.3   MM   MM    MM
2026 09 30 01 30 260  8.0  9.0    MM    MM    MM  MM 1004.0  21.8  22.3  18.8   MM   MM    MM
2026 09 30 01 20 260  8.0 10.0   1.3    11   4.8 173 1003.9  21.8  22.3  18.6   MM   MM    MM
2026 09 30 01 10 250  9.0 10.0   1.3    MM   4.8 173 1004.0  21.9  22.3  18.3   MM   MM    MM
2026 09 30 01 00 250  8.0 10.0    MM    MM    MM  MM 1003.9  21.9  22.3  18.4   MM -0.5    MM
2026 09 30 00 50 260  8.0  9.0   1.3    11   4.8 194 1003.9  21.9  22.3  18.3   MM   MM    MM
2026 09 30 00 40 260  8.0 10.0    MM    MM    MM  MM 1003.9  22.0  22.3  18.3   MM   MM    MM
2026 09 30 00 30 260  8.0  9.0    MM    MM    MM  MM 1004.0  22.0  22.3  18.3   MM   MM    MM
2026 09 30 00 20 260  8.0 10.0   1.3    12   4.8 188 1004.0  22.1  22.3  18.3   MM   MM    MM
2026 09 30 00 10 260  8.0 10.0   1.3    MM   4.8 188 1003.9  22.1  22.3  18.4   MM   MM    MM
2026 09 30 00 00 260  8.0 10.0    MM    MM    MM  MM 1004.1  22.1  22.3  18.5   MM -0.8    MM
2026 09 29 23 50 260  8.0 10.0   1.3    11   4.8 179 1004.0  22.1  22.3  18.5   MM   MM    MM
2026 09 29 23 40 260  8.0 11.0   1.3    MM   4.8 179 1004.0  22.1  22.3  18.4   MM   MM    MM
2026 09 29 23 30 260  8.0  9.0    MM    MM    MM  MM 1004.1  22.2  22.3  18.6   MM   MM    MM
2026 09 29 23 20 260  7.0  9.0   1.3    11   4.9 145 1004.2  22.2  22.3  18.6   MM   MM    MM
2026 09 29 23 10 270  7.0  8.0   1.3    MM   4.9 145 1004.3  22.1  22.3  18.6   MM   MM    MM
2026 09 29 23 00 270  6.0  7.0    MM    MM    MM  MM 1004.3  21.9  22.3  18.6   MM -1.0    MM
2026 09 29 22 50 270  6.0  8.0   1.2    11   5.0 177 1004.3  21.8  22.3  18.6   MM   MM    MM
2026 09 29 22 40 270  8.0  9.0    MM    MM    MM  MM 1004.3  21.9  22.3  18.6   MM   MM    MM
2026 09 29 22 30 270  7.0  9.0    MM    MM    MM  MM 1004.4  21.9  22.3  18.6   MM   MM    MM
2026 09 29 22 20 270  6.0  7.0   1.2    12   5.2 175 1004.5  21.9  22.3  18.6   MM   MM    MM
2026 09 29 22 10 270  5.0  7.0   1.2    MM   5.2 175 1004.5  22.0  22.3  18.7   MM   MM    MM
2026 09 29 22 00 260  6.0  7.0    MM    MM    MM  MM 1004.5  21.9  22.3  18.8   MM -1.1    MM
2026 09 29 21 50 260  7.0  8.0   1.1    MM   4.9 184 1005.1  21.9  22.3  18.8   MM   MM    MM
2026 09 29 21 40 250  7.0  8.0    MM    MM    MM  MM 1004.6  22.1  22.3  18.7   MM   MM    MM
2026 09 29 21 30 260  7.0  8.0    MM    MM    MM  MM 1004.7  22.2  22.3  18.2   MM   MM    MM
2026 09 29 21 20 260  7.0  8.0   1.2    12   5.3 176 1004.8  22.2  22.3  18.0   MM   MM    MM
2026 09 29 21 10 260  7.0  8.0   1.2    MM   5.3 176 1004.8  22.3  22.3  18.1   MM   MM    MM
2026 09 29 21 00 260  7.0  8.0    MM    MM    MM  MM 1004.8  22.1  22.3  18.1   MM -0.9    MM
2026 09 29 20 50 250  7.0  9.0   1.2    11   5.3 173 1004.8  22.0  22.3  18.3   MM   MM    MM
2026 09 29 20 40 250  8.0  9.0    MM    MM    MM  MM 1004.8  21.9  22.3  18.3   MM   MM    MM
2026 09 29 20 30 260  7.0  9.0    MM    MM    MM  MM 1004.8  21.9  22.3  18.4   MM   MM    MM
2026 09 29 20 20 260  7.0  8.0   1.2    11   5.8 164 1004.9  21.9  22.3  18.2   MM   MM    MM
2026 09 29 20 10 260  6.0  7.0    MM    MM    MM  MM 1005.2  21.9  22.3  18.1   MM   MM    MM
2026 09 29 20 00 260  6.0  7.0    MM    MM    MM  MM 1005.2  22.0  22.3  18.8   MM -0.8    MM
2026 09 29 19 50 260  5.0  6.0   1.2    MM   5.6 175 1005.2  21.9  22.3  19.0   MM   MM    MM
2026 09 29 19 40  MM   MM   MM   1.2    11   5.6 175     MM    MM    MM    MM   MM   MM    MM
2026 09 29 19 30 260  4.0  5.0    MM    MM    MM  MM 1005.3  21.9  22.3  19.0   MM   MM    MM
2026 09 29 19 20 270  5.0  6.0   1.3    16   5.9 217 1005.4  21.9  22.2  18.8   MM   MM    MM
2026 09 29 19 10 270  5.0  6.0    MM    MM    MM  MM 1005.5  22.0  22.2  18.6   MM   MM    MM
2026 09 29 19 00 270  6.0  7.0    MM    MM    MM  MM 1005.5  21.9  22.2  17.9   MM -0.6    MM
2026 09 29 18 50 270  6.0  7.0   1.2    12   5.9 162 1005.6  21.7  22.2  18.7   MM   MM    MM
2026 09 29 18 40 260  5.0  6.0    MM    MM    MM  MM 1005.6  21.8  22.2  19.4   MM   MM    MM
2026 09 29 18 30 260  5.0  6.0    MM    MM    MM  MM 1005.8  21.8  22.2  19.7   MM   MM    MM
2026 09 29 18 20 250  5.0  6.0   1.3     7   5.9 273 1005.8  21.7  22.2  19.7   MM   MM    MM
2026 09 29 18 10 250  5.0  5.0   1.3    MM   5.9 273 1005.9  21.7  22.2  19.7   MM   MM    MM
2026 09 29 18 00 260  5.0  6.0    MM    MM    MM  MM 1005.8  22.1  22.2  19.8   MM -0.4    MM
2026 09 29 17 50 300  5.0  6.0   1.2    11   5.4 174 1005.8  22.2  22.2  18.9   MM   MM    MM
2026 09 29 17 40 310  5.0  6.0   1.2    MM   5.4 174 1005.9  22.2  22.1  18.3   MM   MM    MM
2026 09 29 17 30 310  5.0  6.0    MM    MM    MM  MM 1005.9  22.4  22.1  17.7   MM   MM    MM
2026 09 29 17 20 320  5.0  6.0   1.3    12   5.7 172 1005.9  22.2  22.1  17.3   MM   MM    MM
2026 09 29 17 10 320  5.0  6.0   1.3    MM   5.7 172 1006.0  22.2  22.1  17.3   MM   MM    MM
2026 09 29 17 00 320  5.0  7.0    MM    MM    MM  MM 1006.1  22.2  22.1  17.0   MM +0.0    MM
2026 09 29 16 50 330  5.0  6.0   1.3     8   5.7 264 1006.1  22.0  22.1  17.0   MM   MM    MM
2026 09 29 16 40 330  5.0  7.0    MM    MM    MM  MM 1006.1  21.9  22.1  17.2   MM   MM    MM
2026 09 29 16 30 330  5.0  7.0    MM    MM    MM  MM 1006.1  21.8  22.1  17.3   MM   MM    MM
2026 09 29 16 20 320  5.0  6.0   1.3     6   5.6 272 1006.2  21.8  22.1  17.3   MM   MM    MM
2026 09 29 16 10 320  6.0  7.0   1.3    MM   5.6 272 1006.3  21.7  22.1  17.4   MM   MM    MM
2026 09 29 16 00 320  6.0  7.0    MM    MM    MM  MM 1006.2  21.6  22.1  17.6   MM +0.0    MM
2026 09 29 15 50 330  6.0  7.0   1.4     7   5.7 275 1006.2  21.5  22.1  17.7   MM   MM    MM
2026 09 29 15 40 340  6.0  7.0    MM    MM    MM  MM 1006.2  21.4  22.1  17.9   MM   MM    MM
2026 09 29 15 30 340  6.0  7.0    MM    MM    MM  MM 1006.1  21.4  22.1  17.8   MM   MM    MM
2026 09 29 15 20 330  6.0  7.0   1.3    10   5.6 203 1006.2  21.4  22.1  17.7   MM   MM    MM
2026 09 29 15 10 330  6.0  7.0   1.3    MM   5.6 203 1006.3  21.4  22.1  17.8   MM   MM    MM
2026 09 29 15 00 340  6.0  7.0    MM    MM    MM  MM 1006.2  21.3  22.1  17.8   MM +0.0    MM
2026 09 29 14 50 340  6.0  7.0   1.4     7   5.8 282 1006.1  21.3  22.1  17.8   MM   MM    MM
2026 09 29 14 40 350  6.0  7.0    MM    MM    MM  MM 1006.3  21.3  22.1  17.7   MM   MM    MM
2026 09 29 14 30 350  6.0  8.0    MM    MM    MM  MM 1006.2  21.4  22.1  17.8   MM   MM    MM
2026 09 29 14 20 350  6.0  7.0   1.2     7   5.9 276 1006.1  21.4  22.0  17.7   MM   MM    MM
2026 09 29 14 10 350  5.0  6.0   1.2    MM   5.9 276 1006.3  21.5  22.0  17.8   MM   MM    MM
2026 09 29 14 00 350  5.0  6.0    MM    MM    MM  MM 1006.1  21.5  22.0  17.5   MM +0.0    MM
2026 09 29 13 50 350  5.0  7.0   1.3     6   5.7 275 1006.2  21.7  22.0  17.4   MM   MM    MM
2026 09 29 13 40 350  6.0  8.0    MM    MM    MM  MM 1006.2  21.6  22.0  17.0   MM   MM    MM
2026 09 29 13 30 350  4.0  5.0    MM    MM    MM  MM 1006.3  21.6  22.0  17.5   MM   MM    MM
2026 09 29 13 20 340  5.0  6.0   1.3     6   5.9 266 1006.3  21.6  22.0  17.3   MM   MM    MM
2026 09 29 13 10 340  6.0  7.0   1.3    MM   5.9 266 1006.1  21.7  22.0  17.2   MM   MM    MM
2026 09 29 13 00 340  6.0  7.0    MM    MM    MM  MM 1006.1  21.8  22.0  17.0   MM +0.0    MM
2026 09 29 12 50 330  6.0  7.0   1.3     6   6.1 273 1006.0  21.7  22.0  17.6   MM   MM    MM
2026 09 29 12 40 330  5.0  6.0   1.3    MM   6.1 273 1006.1  21.7  22.0  18.0   MM   MM    MM
2026 09 29 12 30 330  5.0  6.0    MM    MM    MM  MM 1006.1  21.7  22.1  18.0   MM   MM    MM
2026 09 29 12 20 330  5.0  6.0   1.4     6   6.2 274 1006.1  21.6  22.1  17.9   MM   MM    MM
2026 09 29 12 10 340  5.0  6.0   1.4    MM   6.2 274 1006.2  21.5  22.1  18.1   MM   MM    MM
2026 09 29 12 00 350  4.0  5.0    MM    MM    MM  MM 1006.1  21.5  22.2  18.2   MM -0.4    MM
2026 09 29 11 50 350  4.0  5.0   1.4     7   5.9 277 1006.1  21.7  22.2  18.3   MM   MM    MM
2026 09 29 11 40 340  5.0  5.0    MM    MM    MM  MM 1006.0  21.6  22.2  18.1   MM   MM    MM
2026 09 29 11 30 330  4.0  5.0    MM    MM    MM  MM 1006.0  21.6  22.2  18.1   MM   MM    MM
2026 09 29 11 20 340  5.0  6.0   1.4     6   6.2 278 1006.1  21.6  22.2  18.2   MM   MM    MM
2026 09 29 11 10 340  5.0  6.0   1.4    MM   6.2 278 1006.2  21.8  22.2  18.6   MM   MM    MM
2026 09 29 11 00 330  4.0  5.0    MM    MM    MM  MM 1006.3  21.9  22.2  18.4   MM +0.0    MM
2026 09 29 10 50 320  5.0  6.0   1.5     7   6.1 267 1006.2  21.9  22.2  18.1   MM   MM    MM
2026 09 29 10 40 320  5.0  6.0    MM    MM    MM  MM 1006.3  21.9  22.2  17.9   MM   MM    MM
2026 09 29 10 30 330  4.0  5.0    MM    MM    MM  MM 1006.6  21.9  22.2  18.0   MM   MM    MM
2026 09 29 10 20 340  5.0  6.0   1.5     7   6.1 268 1006.6  22.0  22.2  17.9   MM   MM    MM
2026 09 29 10 10 330  5.0  6.0   1.5    MM   6.1 268 1006.5  22.1  22.2  17.9   MM   MM    MM
2026 09 29 10 00 330  5.0  6.0    MM    MM    MM  MM 1006.4  22.1  22.3  17.8   MM +0.0    MM
2026 09 29 09 50 330  6.0  7.0   1.7    11   6.3 176 1006.5  22.1  22.3  17.6   MM   MM    MM
2026 09 29 09 40 330  6.0  7.0    MM    MM    MM  MM 1006.5  22.1  22.3  17.7   MM   MM    MM
2026 09 29 09 30 330  6.0  7.0    MM    MM    MM  MM 1006.5  22.1  22.3  17.6   MM   MM    MM
2026 09 29 09 20 320  6.0  7.0   1.5    12   6.1 155 1006.6  22.3  22.3  17.4   MM   MM    MM
2026 09 29 09 10 310  5.0  7.0    MM    MM    MM  MM 1006.5  22.3  22.3  17.5   MM   MM    MM
2026 09 29 09 00 310  5.0  7.0    MM    MM    MM  MM 1006.5  22.2  22.4  17.4   MM -0.0    MM
2026 09 29 08 50 320  6.0  7.0   1.6    MM   5.9 265 1006.5  22.1  22.4  17.5   MM   MM    MM
2026 09 29 08 40 330  6.0  7.0    MM    MM    MM  MM 1006.4  22.0  22.4  17.3   MM   MM    MM
2026 09 29 08 30 330  6.0  7.0    MM    MM    MM  MM 1006.4  22.0  22.5  17.7   MM   MM    MM
2026 09 29 08 20 330  7.0  8.0   1.6     7   5.7 273 1006.4  22.0  22.5  17.8   MM   MM    MM
2026 09 29 08 10 330  7.0  8.0    MM    MM    MM  MM 1006.4  22.0  22.5  17.6   MM   MM    MM
2026 09 29 08 00 330  7.0  9.0    MM    MM    MM  MM 1006.2  22.0    MM  17.6   MM -0.3    MM
2026 09 29 07 50 320  7.0  9.0   1.8    14   5.8 210 1006.2  21.9  22.5  17.7   MM   MM    MM
2026 09 29 07 40 330  8.0  9.0    MM    MM    MM  MM 1006.2  21.8  22.5  17.7   MM   MM    MM
2026 09 29 07 30 320  8.0 10.0    MM    MM    MM  MM 1006.2  21.8  22.5  17.8   MM   MM    MM
2026 09 29 07 20 330  9.0 11.0   1.8    MM   5.5 155 1006.2  21.9  22.5  17.8   MM   MM    MM
2026 09 29 07 10  MM   MM   MM   1.8    14   5.5 155     MM    MM    MM    MM   MM   MM    MM
2026 09 29 07 00 330  9.0 11.0    MM    MM    MM  MM 1006.2  21.8  22.6  17.5   MM +0.0    MM
2026 09 29 06 50 330  9.0 11.0   1.9    MM   5.4 270 1006.3  21.9  22.6  17.7   MM   MM    MM
2026 09 29 06 40  MM   MM   MM   1.9     7   5.4 270     MM    MM    MM    MM   MM   MM    MM
2026 09 29 06 30 320 10.0 12.0    MM    MM    MM  MM 1006.3  21.8  22.6  17.4   MM   MM    MM
2026 09 29 06 20 320 10.0 12.0   2.0     6   5.6 282 1006.4  21.9  22.6  17.2   MM   MM    MM
2026 09 29 06 10 320 10.0 12.0    MM    MM    MM  MM 1006.3  21.9  22.6  17.0   MM   MM    MM
2026 09 29 06 00 310  9.0 11.0    MM    MM    MM  MM 1006.3  22.0  22.6  17.2   MM +0.4    MM
2026 09 29 05 50 310  9.0 11.0   1.9     6   5.5 274 1006.3  22.0  22.6  16.9   MM   MM    MM
2026 09 29 05 40 310  8.0 11.0    MM    MM    MM  MM 1006.3  22.0  22.6  17.1   MM   MM    MM
2026 09 29 05 30 320  7.0  9.0    MM    MM    MM  MM 1006.4  21.9  22.7  17.7   MM   MM    MM
2026 09 29 05 20 320  6.0  8.0   1.9     7   5.3 275 1006.5  22.2  22.7  17.7   MM   MM    MM
2026 09 29 05 10 320  6.0  8.0   1.9    MM   5.3 275 1006.5  22.3  22.6  17.2   MM   MM    MM
2026 09 29 05 00 320  7.0  9.0    MM    MM    MM  MM 1006.5  22.5  22.6  17.0   MM +0.6    MM
2026 09 29 04 50 320  7.0  9.0   1.9     6   5.5 281 1006.4  22.5  22.7  17.0   MM   MM    MM
2026 09 29 04 40 310  8.0  9.0   1.9    MM   5.5 281 1006.3  22.4  22.6  16.6   MM   MM    MM
2026 09 29 04 30 310  7.0  9.0    MM    MM    MM  MM 1006.2  22.3  22.6  16.7   MM   MM    MM
2026 09 29 04 20 310  7.0  9.0   1.9     6   5.6 285 1006.2  22.4  22.6  16.8   MM   MM    MM
2026 09 29 04 10 300  6.0  8.0   1.9    MM   5.6 285 1006.3  22.6  22.6  16.9   MM   MM    MM
2026 09 29 04 00 300  6.0  7.0    MM    MM    MM  MM 1006.3  22.4  22.6  17.1   MM +0.3    MM
2026 09 29 03 50 300  5.0  7.0   1.9     7   5.7 277 1006.3  22.5  22.6  17.5   MM   MM    MM
2026 09 29 03 40 300  5.0  6.0   1.9    MM   5.7 277 1006.2  22.5  22.6  17.2   MM   MM    MM
2026 09 29 03 30 300  5.0  6.0    MM    MM    MM  MM 1006.1  22.4  22.7  17.1   MM   MM    MM
2026 09 29 03 20 290  5.0  6.0   1.9     7   5.5 280 1005.9  22.3  22.7  17.3   MM   MM    MM
2026 09 29 03 10 280  5.0  7.0   1.9    MM   5.5 280 1005.9  22.0  22.7  17.5   MM   MM    MM
2026 09 29 03 00 260  4.0  6.0    MM    MM    MM  MM 1005.9  22.1  22.7  18.0   MM -0.6    MM
2026 09 29 02 50 260  5.0  6.0   1.8     7   5.5 271 1005.8  21.9  22.7  17.7   MM   MM    MM
2026 09 29 02 40 260  5.0  6.0    MM    MM    MM  MM 1005.7  22.0  22.7  17.5   MM   MM    MM
2026 09 29 02 30 250  5.0  6.0    MM    MM    MM  MM 1005.6  21.8  22.7  18.1   MM   MM    MM
2026 09 29 02 20 260  4.0  5.0   1.9     7   5.7 273 1005.7  21.8  22.7  17.4   MM   MM    MM
2026 09 29 02 10 270  5.0  6.0   1.9    MM   5.7 273 1005.7  21.8  22.7  18.0   MM   MM    MM
2026 09 29 02 00 270  5.0  6.0    MM    MM    MM  MM 1005.8  21.7  22.7  17.5   MM -1.0    MM
2026 09 29 01 50 280  4.0  5.0   1.9     6   5.6 269 1005.9  21.8  22.7  17.2   MM   MM    MM
2026 09 29 01 40 280  4.0  5.0   1.9    MM   5.6 269 1005.9  21.9  22.7  17.2   MM   MM    MM
2026 09 29 01 30 280  5.0  6.0    MM    MM    MM  MM 1005.8  21.9  22.7  16.5   MM   MM    MM
2026 09 29 01 20 280  4.0  6.0   2.0     7   5.8 272 1005.8  21.9  22.8  16.6   MM   MM    MM
2026 09 29 01 10 280  4.0  6.0   2.0    MM   5.8 272 1006.0  21.9  22.8  16.2   MM   MM    MM
2026 09 29 01 00 280  5.0  6.0    MM    MM    MM  MM 1006.0  21.8  22.8  16.0   MM -1.5    MM
2026 09 29 00 50 280  5.0  6.0   2.1    MM   5.9 172 1006.1  21.6  22.8  16.4   MM   MM    MM
2026 09 29 00 40  MM   MM   MM   2.1    13   5.9 172     MM    MM    MM    MM   MM   MM    MM
2026 09 29 00 30 270  6.0  7.0    MM    MM    MM  MM 1006.0  21.4  22.8  16.8   MM   MM    MM
2026 09 29 00 20 270  7.0  8.0   1.9     7   5.8 270 1006.1  21.2  22.8  16.7   MM   MM    MM
2026 09 29 00 10 270  7.0  8.0   1.9    MM   5.8 270 1006.2  21.1  22.9  16.5   MM   MM    MM
2026 09 29 00 00 270  6.0  8.0    MM    MM    MM  MM 1006.4  21.4  22.9  16.7   MM -1.7    MM
2026 09 28 23 50 270  7.0  8.0   1.8     8   5.6 263 1006.4  21.3  22.9  16.4   MM   MM    MM
2026 09 28 23 40 270  6.0  7.0    MM    MM    MM  MM 1006.5  21.4  22.9  16.5   MM   MM    MM
2026 09 28 23 10 280  6.0  8.0   1.8    MM   5.7 269 1006.8  21.3  22.9  16.8   MM   MM    MM
2026 09 28 23 00 270  6.0  7.0    MM    MM    MM  MM 1006.9  21.3  22.9  16.9   MM -2.2    MM
2026 09 28 22 50 280  4.0  5.0   1.8     7   6.0 269 1007.0  21.4  22.9  15.7   MM   MM    MM
2026 09 28 22 40 280  4.0  5.0   1.8    MM   6.0 269 1007.2  21.4  22.9  15.5   MM   MM    MM
2026 09 28 22 30 300  4.0  6.0    MM    MM    MM  MM 1007.3  21.3  22.9  15.8   MM   MM    MM
2026 09 28 22 20 300  4.0  5.0   1.8     6   5.7 271 1007.4  21.2  22.8  15.7   MM   MM    MM
2026 09 28 22 10 320  4.0  5.0   1.8    MM   5.7 271 1007.4  21.3  22.8  15.8   MM   MM    MM
2026 09 28 22 00 320  4.0  6.0    MM    MM    MM  MM 1007.5  21.4  22.8  16.0   MM -2.4    MM
2026 09 28 21 50 290  4.0  6.0   1.7    11   5.7 203 1007.5  21.1  22.8  16.2   MM   MM    MM
2026 09 28 21 40 300  4.0  6.0   1.7    MM   5.7 203 1007.5  21.0  22.8  16.4   MM   MM    MM
2026 09 28 21 30 290  5.0  6.0    MM    MM    MM  MM 1007.7  20.8  22.8  16.3   MM   MM    MM
2026 09 28 21 20 280  5.0  6.0   1.7     7   5.7 270 1007.9  20.7  22.8  16.2   MM   MM    MM
2026 09 28 21 10 270  5.0  6.0   1.7    MM   5.7 270 1007.9  20.6  22.8  16.2   MM   MM    MM
2026 09 28 21 00 270  6.0  7.0    MM    MM    MM  MM 1008.1  20.5  22.8  16.3   MM -1.8    MM
2026 09 28 20 50 270  6.0  7.0   1.6     6   5.7 266 1008.3  20.6  22.8  16.5   MM   MM    MM
2026 09 28 20 40 270  5.0  6.0   1.6    MM   5.7 266 1008.4  20.7  22.8  16.6   MM   MM    MM
2026 09 28 20 30 270  5.0  6.0    MM    MM    MM  MM 1008.6  20.7  22.8  16.5   MM   MM    MM
2026 09 28 20 20 260  4.0  5.0   1.5    12   6.1 199 1008.9  20.7  22.8  16.5   MM   MM    MM
2026 09 28 20 10 260  4.0  5.0    MM    MM    MM  MM 1009.0  20.6  22.8  16.4   MM   MM    MM
2026 09 28 20 00 260  4.0  5.0    MM    MM    MM  MM 1009.1  20.5  22.8  16.7   MM -1.0    MM
2026 09 28 19 50 260  4.0  5.0   1.5     7   6.0 268 1009.2  20.5  22.8  17.0   MM   MM    MM
2026 09 28 19 40 260  3.0  5.0    MM    MM    MM  MM 1009.4  20.5  22.8  17.0   MM   MM    MM
2026 09 28 19 30 260  3.0  5.0    MM    MM    MM  MM 1009.5  20.4  22.7  17.1   MM   MM    MM
2026 09 28 19 20 260  4.0  5.0   1.6    13   6.1 180 1009.6  20.4  22.7  17.2   MM   MM    MM
2026 09 28 19 10 260  4.0  5.0   1.6    MM   6.1 180 1009.7  20.3  22.7  17.3   MM   MM    MM
2026 09 28 19 00 260  5.0  6.0    MM    MM    MM  MM 1009.8  20.4  22.7  17.5   MM +0.0    MM
2026 09 28 18 50 250  4.0  6.0   1.6    13   6.1 191 1009.9  20.7    MM  17.8   MM   MM    MM
2026 09 28 18 40 260  3.0  4.0   1.6    MM   6.1 191 1009.9  20.7  22.7  17.3   MM   MM    MM
2026 09 28 18 30 260  3.0  4.0    MM    MM    MM  MM 1009.8  20.6  22.7  17.4   MM   MM    MM
2026 09 28 18 20 280  3.0  4.0   1.5    13   6.2 167 1009.8  20.6  22.7  17.4   MM   MM    MM
2026 09 28 18 10 290  3.0  4.0   1.5    MM   6.2 167 1009.9  20.7  22.7  17.5   MM   MM    MM
2026 09 28 18 00 290  3.0  5.0    MM    MM    MM  MM 1010.0  20.7  22.7  17.4   MM +0.3    MM
2026 09 28 17 50 300  3.0  4.0   1.5    13   6.1 187 1010.0  20.6  22.7  17.0   MM   MM    MM
2026 09 28 17 40 310  4.0  5.0   1.5    MM   6.1 187 1010.1  20.5  22.6  17.0   MM   MM    MM
2026 09 28 17 30 300  5.0  6.0    MM    MM    MM  MM 1010.1  20.4  22.7  16.9   MM   MM    MM
2026 09 28 17 20 300  5.0  6.0   1.5    12   6.1 205 1010.2  20.4  22.6  17.0   MM   MM    MM
2026 09 28 17 10 300  5.0  6.0   1.5    MM   6.1 205 1010.2  20.4  22.6  17.4   MM   MM    MM
2026 09 28 17 00 320  5.0  6.0    MM    MM    MM  MM 1010.2  20.5  22.6  17.3   MM +0.6    MM
2026 09 28 16 50 320  4.0  6.0   1.4    12   6.0 199 1010.3  20.6  22.6  16.9   MM   MM    MM
2026 09 28 16 40 310  3.0  4.0    MM    MM    MM  MM 1010.2  20.5  22.6  16.6   MM   MM    MM
2026 09 28 16 30 320  3.0  4.0    MM    MM    MM  MM 1010.2  20.3  22.6  17.2   MM   MM    MM
2026 09 28 16 20 310  2.0  3.0   1.3    14   5.8 177 1010.1  20.3  22.6  17.8   MM   MM    MM
2026 09 28 16 10 300  3.0  4.0   1.3    MM   5.8 177 1010.0  20.3  22.6  17.8   MM   MM    MM
2026 09 28 16 00 290  2.0  4.0    MM    MM    MM  MM 1009.8  20.3  22.6  17.9   MM +0.5    MM
2026 09 28 15 50 300  3.0  4.0   1.3    14   5.7 156 1009.8  20.3  22.6  18.0   MM   MM    MM
2026 09 28 15 40 300  3.0  3.0    MM    MM    MM  MM 1009.8  20.2  22.6  17.9   MM   MM    MM
2026 09 28 15 30 300  3.0  3.0    MM    MM    MM  MM 1009.8  20.2  22.6  18.0   MM   MM    MM
2026 09 28 15 20 300  3.0  4.0   1.4    12   5.8 212 1009.7  20.3  22.6  18.1   MM   MM    MM
2026 09 28 15 10 300  3.0  4.0   1.4    MM   5.8 212 1009.8  20.3  22.6  18.2   MM   MM    MM
2026 09 28 15 00 300  3.0  4.0    MM    MM    MM  MM 1009.8  20.3  22.6  18.2   MM +0.4    MM
2026 09 28 14 50 290  3.0  4.0   1.3     6   5.5 281 1009.8  20.4  22.6  18.3   MM   MM    MM
2026 09 28 14 40 290  4.0  4.0    MM    MM    MM  MM 1009.7  20.6  22.6  18.4   MM   MM    MM
2026 09 28 14 30 290  3.0  4.0    MM    MM    MM  MM 1009.8  20.8  22.6  18.4   MM   MM    MM
2026 09 28 14 20 300  3.0  4.0   1.3    11   6.0 203 1009.7  20.6  22.6  17.9   MM   MM    MM
2026 09 28 14 10 300  3.0  5.0   1.3    MM   6.0 203 1009.7  20.5  22.6  17.9   MM   MM    MM
2026 09 28 14 00 310  4.0  5.0    MM    MM    MM  MM 1009.4  20.6  22.6  17.6   MM -0.0    MM
2026 09 28 13 50 310  4.0  5.0   1.2    13   5.3 162 1009.4  20.7  22.6  17.5   MM   MM    MM
2026 09 28 13 40 320  5.0  6.0   1.2    MM   5.3 162 1009.4  20.7  22.6  17.1   MM   MM    MM
2026 09 28 13 30 320  5.0  6.0    MM    MM    MM  MM 1009.4  20.7  22.6  17.0   MM   MM    MM
2026 09 28 13 20 320  5.0  6.0   1.2    10   5.7 213 1009.4  20.6  22.6  17.1   MM   MM    MM
2026 09 28 13 10 330  5.0  6.0    MM    MM    MM  MM 1009.3  20.5  22.6  17.1   MM   MM    MM
2026 09 28 13 00 330  5.0  6.0   1.2    MM   5.7 213 1009.3  20.5  22.6  17.2   MM -0.8    MM
2026 09 28 12 50 330  6.0  7.0   1.1    12   5.4 193 1009.3  20.4  22.6  17.1   MM   MM    MM
2026 09 28 12 40 320  6.0  7.0    MM    MM    MM  MM 1009.5  20.4  22.6  17.5   MM   MM    MM
2026 09 28 12 30 320  6.0  8.0    MM    MM    MM  MM 1009.3  20.5  22.6  17.8   MM   MM    MM
2026 09 28 12 20 320  6.0  7.0   1.1    11   5.8 168 1009.2  20.4  22.6  17.8   MM   MM    MM
2026 09 28 12 10 330  6.0  7.0    MM    MM    MM  MM 1009.3  20.4  22.6  17.8   MM   MM    MM
2026 09 28 12 00 330  5.0  7.0    MM    MM    MM  MM 1009.3  20.4  22.6  17.9   MM -1.0    MM
2026 09 28 11 50 330  5.0  6.0   1.1    11   5.9 178 1009.4  20.4  22.6  18.0   MM   MM    MM
2026 09 28 11 40 330  5.0  6.0    MM    MM    MM  MM 1009.4  20.5  22.6  18.1   MM   MM    MM
2026 09 28 11 30 330  4.0  6.0    MM    MM    MM  MM 1009.5  20.7  22.6  18.0   MM   MM    MM
2026 09 28 11 20 340  3.0  4.0   1.1    12   6.3 186 1009.5  20.6  22.7  17.5   MM   MM    MM
2026 09 28 11 10 340  3.0  4.0   1.1    MM   6.3 186 1009.4  20.7  22.7  17.4   MM   MM    MM
2026 09 28 11 00 340  3.0  4.0    MM    MM    MM  MM 1009.7  20.8  22.7  17.4   MM -0.9    MM
2026 09 28 10 50 340  3.0  4.0   1.1    13   6.3 167 1009.8  20.9  22.7  16.9   MM   MM    MM
2026 09 28 10 40 350  3.0  4.0   1.1    MM   6.3 167 1009.8  20.9  22.7  16.5   MM   MM    MM
2026 09 28 10 30 340  4.0  5.0    MM    MM    MM  MM 1010.0  20.9  22.7  16.8   MM   MM    MM
2026 09 28 10 20 350  3.0  4.0   1.1    14   6.2 173 1010.0  21.1  22.8  17.1   MM   MM    MM
2026 09 28 10 10 340  3.0  4.0    MM    MM    MM  MM 1010.0  21.3  22.8  16.7   MM   MM    MM
2026 09 28 10 00 350  3.0  4.0    MM    MM    MM  MM 1010.1  21.1  22.7  17.2   MM -0.6    MM
2026 09 28 09 50  10  3.0  4.0   1.1    12   6.3 204 1010.1  21.0  22.7  17.9   MM   MM    MM
2026 09 28 09 40  10  2.0  3.0    MM    MM    MM  MM 1010.0  20.9  22.7  18.3   MM   MM    MM
2026 09 28 09 30  40  1.0  2.0    MM    MM    MM  MM 1010.1  21.1  22.7  18.9   MM   MM    MM
2026 09 28 09 20  40  1.0  2.0   1.1    11   6.5 183 1010.2  21.2  22.7  19.0   MM   MM    MM
2026 09 28 09 10  MM  0.0  1.0    MM    MM    MM  MM 1010.3  21.2  22.7  19.1   MM   MM    MM
2026 09 28 09 00 320  1.0  2.0    MM    MM    MM  MM 1010.4  21.1  22.7  19.0   MM -0.3    MM
2026 09 28 08 50 310  2.0  3.0   1.1    13   6.2 167 1010.4  21.2  22.7  19.4   MM   MM    MM
2026 09 28 08 40 300  2.0  3.0    MM    MM    MM  MM 1010.5  21.1  22.7  19.3   MM   MM    MM
2026 09 28 08 30 180  1.0  2.0    MM    MM    MM  MM 1010.5  21.2  22.7  19.4   MM   MM    MM
2026 09 28 08 20 150  1.0  2.0   1.0    11   5.8 205 1010.5  21.2  22.7  19.4   MM   MM    MM
2026 09 28 08 10 150  1.0  1.0    MM    MM    MM  MM 1010.4  21.2  22.8  19.3   MM   MM    MM
2026 09 28 08 00 130  1.0  2.0    MM    MM    MM  MM 1010.5  21.3  22.8  19.3   MM +0.0    MM
2026 09 28 07 50 130  1.0  2.0   1.1    11   6.1 188 1010.5  21.3  22.8  19.4   MM   MM    MM
2026 09 28 07 40 130  1.0  2.0   1.1    MM   6.1 188 1010.5  21.3  22.8  19.4   MM   MM    MM
2026 09 28 07 30 140  2.0  2.0    MM    MM    MM  MM 1010.5  21.4  22.9  19.4   MM   MM    MM
2026 09 28 07 20 170  1.0  2.0   1.0    11   5.9 216 1010.5  21.4  23.0  19.2   MM   MM    MM
2026 09 28 07 10 200  1.0  2.0   1.0    MM   5.9 216 1010.8  21.5  23.0  19.1   MM   MM    MM
2026 09 28 07 00 200  1.0  1.0    MM    MM    MM  MM 1010.6  21.4  23.1  18.8   MM +0.5    MM
2026 09 28 06 50 210  1.0  2.0   1.1    11   5.9 185 1010.6  21.4  23.1  18.8   MM   MM    MM
2026 09 28 06 40  MM  0.0  1.0   1.1    MM   5.9 185 1010.6  21.4  23.1  18.8   MM   MM    MM
2026 09 28 06 30  MM  0.0  1.0    MM    MM    MM  MM 1010.6  21.3  23.1  18.7   MM   MM    MM
2026 09 28 06 20  MM  0.0  1.0   1.1    11   6.3 200 1010.5  21.2  23.1  18.5   MM   MM    MM
2026 09 28 06 10 350  1.0  2.0   1.1    MM   6.3 200 1010.5  21.4  23.0  18.7   MM   MM    MM
2026 09 28 06 00  MM  0.0  2.0    MM    MM    MM  MM 1010.6  21.4  23.0  18.6   MM +0.6    MM
2026 09 28 05 50  MM  0.0  1.0   1.1    11   6.0 193 1010.8  21.5  23.0  18.6   MM   MM    MM
2026 09 28 05 40 190  1.0  2.0    MM    MM    MM  MM 1010.7  21.5  23.1  18.3   MM   MM    MM
2026 09 28 05 30 300  1.0  2.0    MM    MM    MM  MM 1010.8  21.6  23.1  18.3   MM   MM    MM
2026 09 28 05 20 300  2.0  3.0   1.0    10   5.9 202 1010.6  21.7  23.1  18.3   MM   MM    MM
2026 09 28 05 10 300  2.0  3.0    MM    MM    MM  MM 1010.5  21.7  23.0  18.1   MM   MM    MM
2026 09 28 05 00 310  3.0  3.0    MM    MM    MM  MM 1010.6  21.5  23.0  18.0   MM +0.7    MM
2026 09 28 04 50 310  4.0  6.0   1.0    11   6.2 205 1010.6  21.2  23.0  18.3   MM   MM    MM
2026 09 28 04 40 310  5.0  6.0    MM    MM    MM  MM 1010.5  21.3  23.0  18.7   MM   MM    MM
2026 09 28 04 30 310  5.0  6.0    MM    MM    MM  MM 1010.4  21.3  23.0  18.8   MM   MM    MM
2026 09 28 04 20 310  4.0  5.0   0.9    11   5.7 215 1010.3  21.2  23.0  18.8   MM   MM    MM
2026 09 28 04 10 320  4.0  5.0   0.9    MM   5.7 215 1010.2  21.3  23.0  19.1   MM   MM    MM
2026 09 28 04 00 320  3.0  5.0    MM    MM    MM  MM 1010.3  21.4  23.0  19.2   MM +0.4    MM
2026 09 28 03 50 300  3.0  4.0   1.0    11   5.7 199 1010.3  21.4  23.0  19.2   MM   MM    MM
2026 09 28 03 40 290  2.0  3.0   1.0    MM   5.7 199 1010.1  21.4  23.0  19.3   MM   MM    MM
2026 09 28 03 30 300  3.0  4.0    MM    MM    MM  MM 1010.0  21.4  23.0  19.3   MM   MM    MM
2026 09 28 03 20 310  3.0  4.0   0.9    11   5.7 197 1010.0  21.3  23.0  19.3   MM   MM    MM
2026 09 28 03 10 300  3.0  4.0   0.9    MM   5.7 197 1010.0  21.3  23.0  19.4   MM   MM    MM
2026 09 28 03 00 310  3.0  4.0    MM    MM    MM  MM 1010.0  21.4  23.0  19.6   MM +0.0    MM
2026 09 28 02 50 310  3.0  4.0   1.0    12   5.7 201 1010.0  21.5  22.9  19.8   MM   MM    MM
2026 09 28 02 40 300  4.0  5.0    MM    MM    MM  MM 1010.0  21.5  22.9  19.7   MM   MM    MM
2026 09 28 02 30 310  4.0  5.0    MM    MM    MM  MM 1010.0  21.6  22.9  19.8   MM   MM    MM
2026 09 28 02 20 310  4.0  5.0   0.9    11   5.5 223 1010.0  21.6  22.9  19.7   MM   MM    MM
2026 09 28 02 10 310  4.0  5.0   0.9    MM   5.5 223 1009.9  21.5  22.9  19.5   MM   MM    MM
2026 09 28 02 00 320  4.0  4.0    MM    MM    MM  MM 1010.0  21.5  23.0  19.6   MM -0.7    MM
2026 09 28 01 50 320  5.0  6.0   1.0    11   6.6 180 1009.9  21.6  23.0  19.7   MM   MM    MM
2026 09 28 01 40 320  5.0  6.0    MM    MM    MM  MM 1009.8  21.5  22.9  19.6   MM   MM    MM
2026 09 28 01 30 320  5.0  6.0    MM    MM    MM  MM 1010.0  21.5  23.0  19.6   MM   MM    MM
2026 09 28 01 20 320  5.0  6.0   1.0    12   6.5 197 1009.9  21.6  23.0  19.8   MM   MM    MM
2026 09 28 01 10 320  5.0  6.0   1.0    MM   6.5 197 1009.9  22.0  23.0  20.2   MM   MM    MM
2026 09 28 01 00 320  4.0  6.0    MM    MM    MM  MM 1009.9  22.3  23.1  20.3   MM -0.9    MM
2026 09 28 00 50 320  4.0  4.0   1.1    11   6.8 193 1010.2  22.7  23.1  20.3   MM   MM    MM
2026 09 28 00 40 300  2.0  4.0    MM    MM    MM  MM 1010.2  22.9  23.1  19.6   MM   MM    MM
2026 09 28 00 30 310  1.0  2.0    MM    MM    MM  MM 1010.2  22.9  23.2  19.8   MM   MM    MM
2026 09 28 00 20 330  2.0  2.0   1.0    11   6.9 187 1010.2  22.8  23.2  19.8   MM   MM    MM
2026 09 28 00 10 310  2.0  4.0   1.0    MM   6.9 187 1010.2  22.7  23.1  19.8   MM   MM    MM
2026 09 28 00 00 280  2.0  3.0    MM    MM    MM  MM 1010.0  22.6  23.1  20.0   MM -1.0    MM
2026 09 27 23 50 270  2.0  3.0   1.0    11   6.8 191 1010.2  22.4  23.1  19.9   MM   MM    MM
2026 09 27 23 40 250  2.0  3.0    MM    MM    MM  MM 1010.4  22.3  23.2  19.9   MM   MM    MM
2026 09 27 23 10 230  3.0  4.0   1.1    MM   7.0 188 1010.5  22.2  23.2  20.0   MM   MM    MM
2026 09 27 23 00 220  3.0  3.0    MM    MM    MM  MM 1010.5  22.2  23.3  19.9   MM -0.9    MM
2026 09 27 22 50 220  3.0  3.0   1.0    11   7.1 202 1010.7  22.3  23.2  20.0   MM   MM    MM
2026 09 27 22 40 230  3.0  4.0    MM    MM    MM  MM 1010.5  22.4  23.2  20.0   MM   MM    MM
2026 09 27 22 30 210  2.0  3.0    MM    MM    MM  MM 1010.4  22.7  23.1  19.8   MM   MM    MM
2026 09 27 22 20 210  2.0  3.0   1.1    11   7.2 192 1010.5  22.6  23.1  19.3   MM   MM    MM
2026 09 27 22 10 190  2.0  3.0    MM    MM    MM  MM 1010.6  22.5  23.0  19.4   MM   MM    MM
2026 09 27 22 00 200  3.0  4.0    MM    MM    MM  MM 1010.7  22.5  22.9  19.7   MM -1.5    MM
2026 09 27 21 50 180  2.0  3.0   1.1    MM   7.4 211 1010.8  22.4  23.1  20.0   MM   MM    MM
2026 09 27 21 40  MM   MM   MM   1.1    11   7.4 211     MM    MM    MM    MM   MM   MM    MM
2026 09 27 21 30 180  2.0  2.0    MM    MM    MM  MM 1010.9  22.4  22.9  20.3   MM   MM    MM
2026 09 27 21 20 170  2.0  3.0   1.1    11   7.4 205 1011.0  22.3  22.9  20.3   MM   MM    MM
2026 09 27 21 10 160  2.0  3.0    MM    MM    MM  MM 1011.1  22.3  22.8  20.4   MM   MM    MM
2026 09 27 21 00 160  2.0  3.0    MM    MM    MM  MM 1011.0  22.3  22.8  20.5   MM -1.0    MM
2026 09 27 20 50 170  2.0  3.0   1.1    11   7.4 192 1011.0  22.3  22.8  20.5   MM   MM    MM
2026 09 27 20 40 160  2.0  3.0    MM    MM    MM  MM 1011.2  22.2  22.8  20.3   MM   MM    MM
2026 09 27 20 30 150  2.0  3.0    MM    MM    MM  MM 1011.3  22.4  22.9  20.5   MM   MM    MM
2026 09 27 20 20 150  1.0  2.0   1.1    11   7.3 190 1011.4  22.4  22.8  20.3   MM   MM    MM
2026 09 27 20 10 170  1.0  2.0   1.1    MM   7.3 190 1011.5  22.6  22.9  20.4   MM   MM    MM
2026 09 27 20 00  MM  0.0  2.0    MM    MM    MM  MM 1011.6  22.7  22.8  20.3   MM -0.3    MM
2026 09 27 19 50  MM  0.0  2.0   1.1    MM   7.2 184 1011.6  23.2  22.8  20.4   MM   MM    MM
2026 09 27 19 40  MM   MM   MM   1.1    12   7.2 184     MM    MM    MM    MM   MM   MM    MM
2026 09 27 19 30  MM  0.0  1.0    MM    MM    MM  MM 1011.8  22.5  22.8  20.4   MM   MM    MM
2026 09 27 19 20 250  1.0  2.0   1.1    MM   7.1 210 1012.0  22.4  22.8  20.3   MM   MM    MM
2026 09 27 19 10  MM   MM   MM   1.1    12   7.1 210     MM    MM    MM    MM   MM   MM    MM
2026 09 27 19 00 210  1.0  2.0    MM    MM    MM  MM 1012.2  22.6  22.8  20.2   MM +0.8    MM
2026 09 27 18 50  MM  0.0  1.0   1.0    13   6.7 186 1012.1  22.9  22.8  20.3   MM   MM    MM
2026 09 27 18 40  MM  0.0  1.0   1.0    MM   6.7 186 1012.1  23.2  22.7  20.4   MM   MM    MM
2026 09 27 18 30  MM  0.0  0.0    MM    MM    MM  MM 1012.1  22.7  22.8  20.4   MM   MM    MM
2026 09 27 18 20  MM  0.0  1.0   1.2    12   7.9 200 1012.0  22.4  22.8  20.2   MM   MM    MM
2026 09 27 18 10  MM  0.0  1.0   1.2    MM   7.9 200 1012.0  22.4  22.8  20.3   MM   MM    MM
2026 09 27 18 00 140  1.0  2.0    MM    MM    MM  MM 1011.9  22.3  22.7  20.3   MM +0.9    MM
2026 09 27 17 50 160  1.0  2.0   1.0    12   7.5 193 1011.9  22.2  22.7  20.2   MM   MM    MM
2026 09 27 17 40 170  1.0  2.0   1.0    MM   7.5 193 1011.9  22.2    MM  20.2   MM   MM    MM
2026 09 27 17 30 160  1.0  2.0    MM    MM    MM  MM 1011.8  22.2  22.7  20.2   MM   MM    MM
2026 09 27 17 20 160  1.0  1.0   1.1    12   7.3 206 1011.7  22.2  22.7  20.2   MM   MM    MM
2026 09 27 17 10 200  1.0  1.0   1.1    MM   7.3 206 1011.9  22.1  22.7  20.2   MM   MM    MM
2026 09 27 17 00 230  1.0  2.0    MM    MM    MM  MM 1011.9  22.0  22.7  20.2   MM +1.4    MM
2026 09 27 16 50 220  2.0  2.0   0.9    11   6.9 203 1011.9  22.0  22.7  20.3   MM   MM    MM
2026 09 27 16 40 210  2.0  3.0    MM    MM    MM  MM 1011.8  22.0  22.7  20.3   MM   MM    MM
2026 09 27 16 30 200  2.0  3.0    MM    MM    MM  MM 1011.8  22.0  22.7  20.3   MM   MM    MM
2026 09 27 16 20 180  2.0  3.0   1.0    11   7.5 201 1011.6  22.0  22.6  20.3   MM   MM    MM
2026 09 27 16 10 180  3.0  3.0    MM    MM    MM  MM 1011.6  21.8  22.6  20.1   MM   MM    MM
2026 09 27 16 00 180  3.0  3.0    MM    MM    MM  MM 1011.5  21.9  22.6  20.4   MM +1.3    MM
2026 09 27 15 50 190  3.0  3.0   1.0    12   7.3 196 1011.4  21.8  22.6  20.3   MM   MM    MM
2026 09 27 15 40 180  2.0  3.0    MM    MM    MM  MM 1011.3  21.8  22.6  20.3   MM   MM    MM
2026 09 27 15 30 170  2.0  3.0    MM    MM    MM  MM 1011.1  21.8  22.6  20.4   MM   MM    MM
2026 09 27 15 20 150  2.0  3.0   1.0    12   7.5 209 1011.2  21.9  22.6  20.5   MM   MM    MM
2026 09 27 15 10 150  3.0  3.0    MM    MM    MM  MM 1011.3  21.9  22.6  20.6   MM   MM    MM
2026 09 27 15 00 140  3.0  3.0    MM    MM    MM  MM 1011.1  21.8  22.6  20.5   MM +1.3    MM
2026 09 27 14 50 130  3.0  3.0   0.9    11   7.1 192 1010.9  21.9  22.6  20.6   MM   MM    MM
2026 09 27 14 40 140  3.0  4.0    MM    MM    MM  MM 1010.9  21.9  22.6  20.6   MM   MM    MM
2026 09 27 14 30 140  4.0  4.0    MM    MM    MM  MM 1010.8  21.9  22.6  20.5   MM   MM    MM
2026 09 27 14 20 140  3.0  4.0   0.9    12   7.0 197 1010.7  21.9  22.6  20.4   MM   MM    MM
2026 09 27 14 10 120  4.0  4.0   0.9    MM   7.0 197 1010.7  21.9  22.6  20.3   MM   MM    MM
2026 09 27 14 00 130  4.0  4.0    MM    MM    MM  MM 1010.5  21.8  22.6  20.3   MM +0.5    MM
2026 09 27 13 50 130  4.0  4.0   1.0    11   7.1 206 1010.5  21.8  22.6  20.6   MM   MM    MM
2026 09 27 13 40 130  3.0  4.0   1.0    MM   7.1 206 1010.6  21.8  22.7  20.7   MM   MM    MM
2026 09 27 13 30 130  3.0  4.0    MM    MM    MM  MM 1010.3  21.8  22.7  20.7   MM   MM    MM
2026 09 27 13 20 110  3.0  4.0   0.9    12   6.9 193 1010.2  21.9  22.7  20.8   MM   MM    MM
2026 09 27 13 10 100  3.0  3.0   0.9    MM   6.9 193 1009.9  21.9  22.7  20.7   MM   MM    MM
2026 09 27 13 00 130  3.0  4.0    MM    MM    MM  MM 1010.1  21.9  22.7  20.6   MM -0.0    MM
2026 09 27 12 50 130  2.0  3.0   0.9    11   7.3 206 1010.2  21.9  22.7  20.5   MM   MM    MM
2026 09 27 12 40 130  2.0  2.0   0.9    MM   7.3 206 1010.0  21.8  22.7  20.3   MM   MM    MM
2026 09 27 12 30 140  2.0  3.0    MM    MM    MM  MM 1010.2  21.9  22.7  20.4   MM   MM    MM
2026 09 27 12 20 160  3.0  4.0   0.9    12   6.9 201 1010.4  21.8  22.7  20.2   MM   MM    MM
2026 09 27 12 10 150  3.0  4.0   0.9    MM   6.9 201 1010.4  21.8  22.7  20.4   MM   MM    MM
2026 09 27 12 00 140  2.0  3.0    MM    MM    MM  MM 1009.9  21.9  22.7  20.5   MM -1.0    MM
2026 09 27 11 50 140  3.0  4.0   1.0    12   7.5 201 1010.1  22.0  22.7  20.6   MM   MM    MM
2026 09 27 11 40 140  3.0  4.0    MM    MM    MM  MM 1010.3  21.9  22.7  20.4   MM   MM    MM
2026 09 27 11 30 130  3.0  4.0    MM    MM    MM  MM 1010.1  21.9    MM  20.4   MM   MM    MM
2026 09 27 11 20 120  3.0  3.0   0.9    11   6.9 213 1010.1  21.9  22.7  20.3   MM   MM    MM
2026 09 27 11 10 100  2.0  3.0   0.9    MM   6.9 213 1009.7  22.0  22.8  20.4   MM   MM    MM
2026 09 27 11 00 120  2.0  2.0    MM    MM    MM  MM 1010.0  22.0  22.8  20.3   MM -0.7    MM
2026 09 27 10 50 120  2.0  2.0   0.9    12   7.5 196 1010.0  22.0  22.8  20.1   MM   MM    MM
2026 09 27 10 40 110  1.0  2.0    MM    MM    MM  MM 1010.1  22.0  22.8  20.0   MM   MM    MM
2026 09 27 10 30 140  2.0  2.0    MM    MM    MM  MM 1010.2  22.1  22.8  20.0   MM   MM    MM
2026 09 27 10 20 130  1.0  2.0   0.9    11   7.0 214 1010.3  22.0  22.8  19.8   MM   MM    MM
2026 09 27 10 10 110  1.0  2.0   0.9    MM   7.0 214 1010.3  22.0  22.8  19.7   MM   MM    MM
2026 09 27 10 00 110  1.0  2.0    MM    MM    MM  MM 1010.2  22.0  22.8  19.6   MM -0.6    MM
2026 09 27 09 50 150  1.0  2.0   0.9    13   7.2 218 1010.4  22.0  22.8  19.5   MM   MM    MM
2026 09 27 09 40 160  2.0  2.0    MM    MM    MM  MM 1010.7  22.1  22.8  19.6   MM   MM    MM
2026 09 27 09 30 160  1.0  2.0    MM    MM    MM  MM 1010.7  22.1  22.8  19.6   MM   MM    MM
2026 09 27 09 20 140  1.0  2.0   0.9    12   6.9 190 1010.8  22.2  22.8  19.6   MM   MM    MM
2026 09 27 09 10 130  1.0  2.0    MM    MM    MM  MM 1010.7  22.2  22.8  19.2   MM   MM    MM
2026 09 27 09 00 180  2.0  2.0    MM    MM    MM  MM 1010.8  22.1  22.8  19.2   MM +0.0    MM
2026 09 27 08 50 180  1.0  2.0   1.0    11   7.3 210 1010.9  22.1  22.8  19.3   MM   MM    MM
2026 09 27 08 40 190  1.0  2.0    MM    MM    MM  MM 1010.8  22.1  22.9  19.3   MM   MM    MM
2026 09 27 08 30 240  1.0  2.0    MM    MM    MM  MM 1010.9  22.1  22.9  19.2   MM   MM    MM
2026 09 27 08 20 220  1.0  1.0   1.0    13   7.3 213 1010.7  22.1  22.9  19.2   MM   MM    MM
2026 09 27 08 10 240  1.0  1.0    MM    MM    MM  MM 1010.8  22.1  22.9  19.3   MM   MM    MM
2026 09 27 08 00  MM  0.0  1.0    MM    MM    MM  MM 1010.6  22.1  22.9  19.2   MM +0.4    MM
2026 09 27 07 50 240  1.0  2.0   0.9    12   7.1 215 1010.7  22.1  22.9  19.3   MM   MM    MM
2026 09 27 07 40 220  1.0  2.0    MM    MM    MM  MM 1010.8  22.1  22.9  19.5   MM   MM    MM
2026 09 27 07 30 220  1.0  2.0    MM    MM    MM  MM 1010.8  22.1  22.9  19.5   MM   MM    MM
2026 09 27 07 20 230  1.0  1.0   1.0    MM   7.3 221 1010.6  22.0  22.9  19.4   MM   MM    MM
2026 09 27 07 10  MM   MM   MM   1.0    12   7.3 221     MM    MM    MM    MM   MM   MM    MM
2026 09 27 07 00 250  1.0  3.0    MM    MM    MM  MM 1010.8  22.1  22.9  19.7   MM +0.3    MM
2026 09 27 06 50 240  2.0  3.0   1.0    MM   7.2 208 1011.0  22.1    MM  19.8   MM   MM    MM
2026 09 27 06 40  MM   MM   MM   1.0    12   7.2 208     MM    MM    MM    MM   MM   MM    MM
2026 09 27 06 30 250  3.0  4.0    MM    MM    MM  MM 1011.0  22.0  22.9  20.0   MM   MM    MM
2026 09 27 06 20 250  3.0  4.0   1.0    13   7.0 209 1010.9  22.1  22.9  20.2   MM   MM    MM
2026 09 27 06 10 270  3.0  4.0   1.0    MM   7.0 209 1010.8  22.1  22.9  20.2   MM   MM    MM
2026 09 27 06 00 270  3.0  4.0    MM    MM    MM  MM 1010.8  22.1  22.9  20.2   MM +1.0    MM
2026 09 27 05 50 280  3.0  4.0   0.9    12   7.0 200 1010.7  22.1  22.9  20.3   MM   MM    MM
2026 09 27 05 40 290  3.0  3.0   0.9    MM   7.0 200 1010.4  22.1  22.9  20.1   MM   MM    MM
2026 09 27 05 30 280  2.0  3.0    MM    MM    MM  MM 1010.3  22.2  23.0  20.1   MM   MM    MM
2026 09 27 05 20 270  2.0  3.0   0.9    11   6.7 212 1010.5  22.1  23.0  19.8   MM   MM    MM
2026 09 27 05 10 280  2.0  3.0   0.9    MM   6.7 212 1010.2  22.2  23.0  20.0   MM   MM    MM
2026 09 27 05 00 270  3.0  4.0    MM    MM    MM  MM 1010.2  22.2  23.0  20.0   MM +0.5    MM
2026 09 27 04 50 260  3.0  4.0   1.0    13   7.1 214 1010.2  22.1  23.0  20.1   MM   MM    MM
2026 09 27 04 40 260  3.0  4.0    MM    MM    MM  MM 1010.3  22.1  23.1  20.3   MM   MM    MM
2026 09 27 04 30 260  4.0  5.0    MM    MM    MM  MM 1010.3  22.0  23.0  20.2   MM   MM    MM
2026 09 27 04 20 250  4.0  5.0   0.9    13   6.7 212 1010.3  21.8  23.0  20.4   MM   MM    MM
2026 09 27 04 10 240  4.0  6.0   0.9    MM   6.7 212 1010.2  21.9  23.0  20.7   MM   MM    MM
2026 09 27 04 00 240  5.0  5.0    MM    MM    MM  MM 1010.5  21.9  23.0  20.8   MM +0.8    MM
2026 09 27 03 50 240  4.0  5.0   0.9    13   6.3 216 1010.2  21.8  23.0  20.7   MM   MM    MM
2026 09 27 03 40 250  4.0  5.0    MM    MM    MM  MM 1010.2  21.8  23.0  20.7   MM   MM    MM
2026 09 27 03 30 260  4.0  4.0    MM    MM    MM  MM 1009.8  21.9  23.0  20.7   MM   MM    MM
2026 09 27 03 20 270  3.0  4.0   0.9    13   6.2 197 1009.7  21.9  23.1  20.6   MM   MM    MM
2026 09 27 03 10 280  3.0  3.0   0.9    MM   6.2 197 1009.8  21.9  23.1  20.6   MM   MM    MM
2026 09 27 03 00 280  4.0  4.0    MM    MM    MM  MM 1009.9  21.8  23.0  20.5   MM -0.0    MM
2026 09 27 02 50 280  4.0  4.0   1.0    13   6.5 208 1009.8  21.8  23.0  20.7   MM   MM    MM
2026 09 27 02 40 280  4.0  4.0   1.0    MM   6.5 208 1009.7  21.7  23.0  20.6   MM   MM    MM
2026 09 27 02 30 280  4.0  4.0    MM    MM    MM  MM 1009.7  21.8  23.0  20.8   MM   MM    MM
2026 09 27 02 20 270  4.0  5.0   0.9    12   6.1 220 1009.7  21.9  22.9  20.8   MM   MM    MM
2026 09 27 02 10 280  5.0  5.0    MM    MM    MM  MM 1010.0  21.9  23.0  20.8   MM   MM    MM
2026 09 27 02 00 300  4.0  5.0    MM    MM    MM  MM 1009.8  21.8  23.0  20.8   MM -0.6    MM
2026 09 27 01 50 300  4.0  5.0   1.0    13   6.7 199 1009.7  21.9  23.0  20.9   MM   MM    MM
2026 09 27 01 40 300  5.0  6.0   1.0    MM   6.7 199 1009.7  21.9  23.0  20.8   MM   MM    MM
2026 09 27 01 30 290  5.0  5.0    MM    MM    MM  MM 1009.8  21.9  23.0  20.7   MM   MM    MM
2026 09 27 01 20 290  5.0  6.0   1.0    13   6.8 210 1009.8  21.9  23.0  20.6   MM   MM    MM
2026 09 27 01 10 300  5.0  6.0   1.0    MM   6.8 210 1009.8  22.0  23.0  20.7   MM   MM    MM
2026 09 27 01 00 300  5.0  6.0    MM    MM    MM  MM 1009.7  22.0  23.0  20.7   MM -1.0    MM
2026 09 27 00 50 300  5.0  5.0   0.9    12   6.2 218 1010.0  22.1  23.0  20.8   MM   MM    MM
2026 09 27 00 40 290  4.0  5.0    MM    MM    MM  MM 1010.1  22.3  23.0  21.0   MM   MM    MM
2026 09 27 00 30 290  3.0  4.0    MM    MM    MM  MM 1010.2  22.3  23.0  20.9   MM   MM    MM
2026 09 27 00 20 290  4.0  5.0   1.0    13   6.3 214 1010.3  22.3  23.0  20.9   MM   MM    MM
2026 09 27 00 10 300  4.0  5.0    MM    MM    MM  MM 1010.1  22.2  23.1  20.7   MM   MM    MM
2026 09 27 00 00 300  4.0  5.0    MM    MM    MM  MM 1010.1  22.2  23.1  20.7   MM -1.2    MM
2026 09 26 23 50 300  5.0  6.0   1.1    11   6.8 214 1010.1  22.1  23.1  20.5   MM   MM    MM
2026 09 26 23 40 300  5.0  6.0    MM    MM    MM  MM 1010.2  22.0  23.2  20.5   MM   MM    MM
2026 09 26 23 20 300  6.0  7.0   1.0    13   7.3 201 1010.2  22.1  23.2  20.6   MM   MM    MM
2026 09 26 23 10 300  5.0  7.0   1.0    MM   7.3 201 1010.3  22.2  23.3  20.6   MM   MM    MM
2026 09 26 23 00 290  5.0  6.0    MM    MM    MM  MM 1010.4  22.2  23.2  20.6   MM -1.6    MM
2026 09 26 22 50 290  5.0  6.0   1.0    13   7.9 208 1010.4  22.2  23.2  20.6   MM   MM    MM
2026 09 26 22 40 290  5.0  6.0    MM    MM    MM  MM 1010.6  22.3  23.2  20.6   MM   MM    MM
2026 09 26 22 30 290  5.0  6.0    MM    MM    MM  MM 1010.8  22.3  23.3  20.6   MM   MM    MM
2026 09 26 22 20 290  5.0  5.0   1.0    13   7.8 194 1010.8  22.4  23.2  20.7   MM   MM    MM
2026 09 26 22 10 290  5.0  5.0   1.0    MM   7.8 194 1010.7  22.3  23.1  20.5   MM   MM    MM
2026 09 26 22 00 290  4.0  5.0    MM    MM    MM  MM 1010.7  22.4  23.3  20.6   MM -1.8    MM
2026 09 26 21 50 290  4.0  5.0   0.9    13   7.6 187 1010.8  22.3  23.1  20.4   MM   MM    MM
2026 09 26 21 40 290  4.0  5.0   0.9    MM   7.6 187 1010.9  22.2  22.9  20.3   MM   MM    MM
2026 09 26 21 30 290  4.0  5.0    MM    MM    MM  MM 1011.0  22.2  22.9  20.3   MM   MM    MM
2026 09 26 21 20 290  4.0  4.0   1.0    13   7.9 199 1011.1  22.1  23.0  20.2   MM   MM    MM
2026 09 26 21 10 290  4.0  4.0    MM    MM    MM  MM 1011.2  22.1  22.8  20.2   MM   MM    MM
2026 09 26 21 00 300  3.0  4.0    MM    MM    MM  MM 1011.3  22.0  22.7  20.1   MM -1.0    MM
2026 09 26 20 50 290  2.0  3.0   1.1    13   8.4 195 1011.5  21.9  22.8  20.0   MM   MM    MM
2026 09 26 20 40 280  2.0  3.0    MM    MM    MM  MM 1011.7  21.8  22.7  19.9   MM   MM    MM
2026 09 26 20 30 260  2.0  3.0    MM    MM    MM  MM 1011.9  21.8  22.7  19.9   MM   MM    MM
2026 09 26 20 20 270  2.0  3.0   1.0    13   7.9 211 1011.9  21.8  22.7  19.9   MM   MM    MM
2026 09 26 20 10 260  2.0  3.0    MM    MM    MM  MM 1011.9  21.8  22.7  19.8   MM   MM    MM
2026 09 26 20 00 260  2.0  3.0    MM    MM    MM  MM 1011.9  21.7  22.7  19.7   MM -0.5    MM
2026 09 26 19 50 240  2.0  3.0   0.9    13   7.9 211 1012.0  21.7  22.7  19.7   MM   MM    MM
2026 09 26 19 40 220  2.0  3.0    MM    MM    MM  MM 1012.1  21.6  22.7  19.6   MM   MM    MM
2026 09 26 19 30 200  2.0  2.0    MM    MM    MM  MM 1012.3  21.6  22.7  19.6   MM   MM    MM
2026 09 26 19 20 200  2.0  3.0   0.8    MM   7.5 181 1012.7  21.6  22.6  19.6   MM   MM    MM
2026 09 26 19 10 200  2.0  2.0    MM    MM    MM  MM 1012.5  21.6  22.6  19.6   MM   MM    MM
2026 09 26 19 00 190  2.0  2.0    MM    MM    MM  MM 1012.5  21.5  22.6  19.4   MM -0.0    MM
2026 09 26 18 50 190  2.0  2.0   0.9    14   7.9 202 1012.6  21.8  22.6  19.5   MM   MM    MM
2026 09 26 18 40  MM  0.0  1.0    MM    MM    MM  MM 1012.5  22.1  22.6  19.4   MM   MM    MM
2026 09 26 18 30  MM  0.0  1.0    MM    MM    MM  MM 1012.5  22.1  22.6  19.4   MM   MM    MM
2026 09 26 18 20  MM  0.0  1.0   0.9    14   8.1 185 1012.4  22.3  22.6  19.5   MM   MM    MM
2026 09 26 18 10  MM  0.0  1.0   0.9    MM   8.1 185 1012.3  22.1  22.6  19.5   MM   MM    MM
2026 09 26 18 00  MM  0.0  1.0    MM    MM    MM  MM 1012.3  21.7  22.6  19.6   MM +0.0    MM
2026 09 26 17 50  MM  0.0  2.0   0.9    11   7.7 225 1012.3  21.4  22.6  19.3   MM   MM    MM
2026 09 26 17 40 120  1.0  2.0   0.9    MM   7.7 225 1012.4  21.3  22.6  19.3   MM   MM    MM
2026 09 26 17 30 110  1.0  2.0    MM    MM    MM  MM 1012.5  21.2  22.6  19.2   MM   MM    MM
2026 09 26 17 20 130  1.0  2.0   0.9    13   8.0 195 1012.4  21.1  22.6  19.2   MM   MM    MM
2026 09 26 17 10 100  1.0  2.0   0.9    MM   8.0 195 1012.4  21.0  22.6  19.2   MM   MM    MM
2026 09 26 17 00  80  1.0  2.0    MM    MM    MM  MM 1012.4  20.9  22.5  19.2   MM +0.8    MM
2026 09 26 16 50  80  2.0  3.0   0.8    13   7.6 186 1012.4  20.8  22.5  19.1   MM   MM    MM
2026 09 26 16 40  80  2.0  3.0   0.8    MM   7.6 186 1012.4  20.8  22.5  19.2   MM   MM    MM
2026 09 26 16 30 100  2.0  3.0    MM    MM    MM  MM 1012.5  20.8  22.5  19.2   MM   MM    MM
2026 09 26 16 20  90  2.0  3.0   0.8    11   7.2 202 1012.4  20.7  22.5  19.3   MM   MM    MM
2026 09 26 16 10  80  3.0  4.0   0.8    MM   7.2 202 1012.4  20.8  22.5  19.4   MM   MM    MM
2026 09 26 16 00  80  2.0  4.0    MM    MM    MM  MM 1012.4  20.8  22.5  19.4   MM +0.9    MM
2026 09 26 15 50 100  2.0  3.0   0.9    13   7.5 213 1012.4  20.9  22.5  19.4   MM   MM    MM
2026 09 26 15 40 110  2.0  3.0    MM    MM    MM  MM 1012.2  20.9  22.5  19.4   MM   MM    MM
2026 09 26 15 30 110  3.0  3.0    MM    MM    MM  MM 1012.2  21.0  22.5  19.4   MM   MM    MM
2026 09 26 15 20 120  3.0  4.0   0.8    12   7.0 215 1012.2  21.1  22.5  19.6   MM   MM    MM
2026 09 26 15 10 110  3.0  4.0   0.8    MM   7.0 215 1012.1  20.9  22.5  19.4   MM   MM    MM
2026 09 26 15 00  90  3.0  4.0    MM    MM    MM  MM 1012.0  20.7  22.5  19.3   MM +0.7    MM
2026 09 26 14 50 110  4.0  5.0   0.9    12   7.2 203 1012.1  20.8  22.5  19.3   MM   MM    MM
2026 09 26 14 40 100  3.0  5.0    MM    MM    MM  MM 1012.0  20.9  22.5  19.5   MM   MM    MM
2026 09 26 14 30  90  3.0  4.0    MM    MM    MM  MM 1011.9  21.0  22.5  19.6   MM   MM    MM
2026 09 26 14 20  90  3.0  4.0   0.9    12   7.5 209 1011.9  20.9  22.5  19.5   MM   MM    MM
2026 09 26 14 10 110  3.0  4.0    MM    MM    MM  MM 1011.7  20.9  22.5  19.5   MM   MM    MM
2026 09 26 14 00 110  3.0  5.0    MM    MM    MM  MM 1011.6  20.8  22.5  19.3   MM +0.3    MM
2026 09 26 13 50  80  4.0  5.0   0.8    12   6.9 208 1011.6  20.8  22.5  19.3   MM   MM    MM
2026 09 26 13 40  80  4.0  5.0    MM    MM    MM  MM 1011.6  20.9    MM  19.5   MM   MM    MM
2026 09 26 13 30  90  3.0  5.0    MM    MM    MM  MM 1011.5  20.9  22.5  19.4   MM   MM    MM
2026 09 26 13 20  90  3.0  4.0   1.0    12   7.3 203 1011.5  20.9  22.5  19.4   MM   MM    MM
2026 09 26 13 10  80  3.0  5.0   1.0    MM   7.3 203 1011.6  20.9  22.4  19.4   MM   MM    MM
2026 09 26 13 00  90  3.0  5.0    MM    MM    MM  MM 1011.4  20.9  22.4  19.4   MM +0.0    MM
2026 09 26 12 50  80  3.0  5.0   1.0    MM   7.4 207 1011.7  21.0  22.4  19.4   MM   MM    MM
2026 09 26 12 40  80  3.0  5.0   1.0    MM   7.4 207 1011.4  20.9  22.4  19.2   MM   MM    MM
2026 09 26 12 30  80  2.0  4.0    MM    MM    MM  MM 1011.2  21.0  22.4  19.3   MM   MM    MM
2026 09 26 12 20  90  2.0  3.0   0.9    13   7.4 208 1011.3  20.9  22.4  19.2   MM   MM    MM
2026 09 26 12 10 120  2.0  4.0    MM    MM    MM  MM 1011.4  20.8  22.4  19.1   MM   MM    MM
2026 09 26 12 00 120  3.0  4.0    MM    MM    MM  MM 1011.4  20.8  22.4  19.2   MM -0.3    MM
2026 09 26 11 50 130  3.0  4.0   0.9    13   7.6 196 1011.5  20.8  22.4  19.3   MM   MM    MM
2026 09 26 11 40 120  2.0  3.0    MM    MM    MM  MM 1011.4  20.7  22.4  19.2   MM   MM    MM
2026 09 26 11 30 100  2.0  3.0    MM    MM    MM  MM 1011.4  20.6  22.4  19.2   MM   MM    MM
2026 09 26 11 20 110  2.0  3.0   0.9    14   7.1 220 1011.4  20.6  22.4  19.2   MM   MM    MM
2026 09 26 11 10 100  2.0  4.0   0.9    MM   7.1 220 1011.4  20.7    MM  19.3   MM   MM    MM
2026 09 26 11 00  80  2.0  3.0    MM    MM    MM  MM 1011.4  20.6  22.4  19.1   MM -0.3    MM
2026 09 26 10 50  90  2.0  4.0   0.9    13   7.0 197 1011.3  20.7  22.4  19.3   MM   MM    MM
2026 09 26 10 40  80  2.0  4.0    MM    MM    MM  MM 1011.4  20.8  22.4  19.4   MM   MM    MM
2026 09 26 10 30  80  2.0  3.0    MM    MM    MM  MM 1011.4  20.8  22.4  19.5   MM   MM    MM
2026 09 26 10 20  60  2.0  3.0   0.9    14   6.7 215 1011.4  20.8  22.4  19.5   MM   MM    MM
2026 09 26 10 10  80  2.0  3.0    MM    MM    MM  MM 1011.4  20.8  22.3  19.5   MM   MM    MM
2026 09 26 10 00  90  2.0  2.0    MM    MM    MM  MM 1011.6  20.8  22.3  19.7   MM +0.0    MM
2026 09 26 09 50 100  1.0  2.0   0.9    13   7.1 199 1011.5  20.7  22.3  19.7   MM   MM    MM
2026 09 26 09 40 100  1.0  2.0    MM    MM    MM  MM 1011.6  20.5  22.3  19.6   MM   MM    MM
2026 09 26 09 30 110  1.0  3.0    MM    MM    MM  MM 1011.7  20.7  22.3  19.9   MM   MM    MM
2026 09 26 09 20 110  1.0  2.0   0.8    14   6.6 162 1011.6  20.7  22.3  20.0   MM   MM    MM
2026 09 26 09 10 140  1.0  2.0   0.8    MM   6.6 162 1011.6  20.7  22.3  20.0   MM   MM    MM
2026 09 26 09 00 160  1.0  1.0    MM    MM    MM  MM 1011.6  20.7  22.3  20.0   MM +0.3    MM
2026 09 26 08 50 190  1.0  1.0   0.9    11   7.3 186 1011.6  20.6  22.3  19.9   MM   MM    MM
2026 09 26 08 40 200  1.0  2.0    MM    MM    MM  MM 1011.6  20.6  22.3  19.9   MM   MM    MM
2026 09 26 08 30 220  1.0  2.0    MM    MM    MM  MM 1011.4  20.6  22.3  19.8   MM   MM    MM
2026 09 26 08 20 210  1.0  2.0   0.9    11   6.8 211 1011.5  20.5  22.3  19.7   MM   MM    MM
2026 09 26 08 10 180  1.0  2.0    MM    MM    MM  MM 1011.6  20.4  22.3  19.6   MM   MM    MM
2026 09 26 08 00 180  2.0  2.0   0.9    MM   6.8 211 1011.6  20.5  22.3  19.7   MM +0.0    MM
2026 09 26 07 50 210  2.0  2.0   0.9    14   6.7 226 1011.5  20.4    MM  19.6   MM   MM    MM
2026 09 26 07 40 240  2.0  2.0   0.9    MM   6.7 226 1011.4  20.4  22.3  19.6   MM   MM    MM
2026 09 26 07 30 240  2.0  3.0    MM    MM    MM  MM 1011.5  20.4  22.4  19.6   MM   MM    MM
2026 09 26 07 20 230  2.0  2.0   0.9    11   6.8 221 1011.5  20.5  22.4  19.7   MM   MM    MM
2026 09 26 07 10 230  2.0  2.0   0.9    MM   6.8 221 1011.4  20.4    MM  19.5   MM   MM    MM
2026 09 26 07 00 250  1.0  2.0    MM    MM    MM  MM 1011.4  20.4  22.4  19.5   MM +0.3    MM
2026 09 26 06 50 260  1.0  2.0   0.9    11   7.5 217 1011.4  20.4  22.4  19.5   MM   MM    MM
2026 09 26 06 40 240  1.0  2.0   0.9    MM   7.5 217 1011.5  20.4  22.4  19.5   MM   MM    MM
2026 09 26 06 30 270  2.0  3.0    MM    MM    MM  MM 1011.4  20.4  22.4  19.5   MM   MM    MM
2026 09 26 06 20 270  2.0  3.0   0.9    MM   7.5 190 1011.5  20.4  22.4  19.5   MM   MM    MM
2026 09 26 06 10  MM   MM   MM   0.9    11   7.5 190     MM    MM    MM    MM   MM   MM    MM
2026 09 26 06 00 300  3.0  3.0    MM    MM    MM  MM 1011.4  20.3  22.4  19.4   MM +0.4    MM
2026 09 26 05 50 300  3.0  3.0   0.9    11   7.4 198 1011.4  20.3  22.4  19.4   MM   MM    MM
2026 09 26 05 40 300  3.0  4.0    MM    MM    MM  MM 1011.3  20.3  22.5  19.4   MM   MM    MM
2026 09 26 05 30 300  3.0  4.0    MM    MM    MM  MM 1011.4  20.3  22.5  19.4   MM   MM    MM
2026 09 26 05 20 290  4.0  4.0   1.0    11   7.5 206 1011.3  20.4  22.5  19.4   MM   MM    MM
2026 09 26 05 10 290  4.0  4.0   1.0    MM   7.5 206 1011.3  20.3  22.5  19.3   MM   MM    MM
2026 09 26 05 00 290  4.0  5.0    MM    MM    MM  MM 1011.6  20.3  22.5  19.3   MM +0.4    MM
2026 09 26 04 50 300  4.0  5.0   0.9    11   7.4 203 1011.4  20.3  22.6  19.4   MM   MM    MM
2026 09 26 04 40 300  4.0  4.0    MM    MM    MM  MM 1011.3  20.1  22.6  19.2   MM   MM    MM
2026 09 26 04 30 320  4.0  4.0    MM    MM    MM  MM 1011.3  20.0  22.6  19.1   MM   MM    MM
2026 09 26 04 20 310  3.0  4.0   0.9    11   7.1 189 1011.2  20.0  22.6  19.1   MM   MM    MM
2026 09 26 04 10 310  3.0  5.0    MM    MM    MM  MM 1011.3  19.9  22.6  19.1   MM   MM    MM
2026 09 26 04 00 310  4.0  4.0    MM    MM    MM  MM 1011.2  20.0  22.6  19.3   MM +0.0    MM
2026 09 26 03 50 310  4.0  5.0   0.9    11   6.8 188 1011.1  19.9  22.7  19.2   MM   MM    MM
2026 09 26 03 40 310  4.0  6.0    MM    MM    MM  MM 1011.1  19.9  22.7  19.1   MM   MM    MM
2026 09 26 03 30 300  4.0  5.0    MM    MM    MM  MM 1011.1  19.9  22.7  19.1   MM   MM    MM
2026 09 26 03 20 300  4.0  6.0   0.9    11   6.8 200 1011.1  19.9  22.7  19.1   MM   MM    MM
2026 09 26 03 10 300  4.0  6.0   0.9    MM   6.8 200 1011.1  19.8  22.7  19.0   MM   MM    MM
2026 09 26 03 00 290  4.0  5.0    MM    MM    MM  MM 1011.1  19.9  22.7  19.1   MM -0.5    MM
2026 09 26 02 50 280  4.0  5.0   0.9    11   6.7 198 1011.0  20.0  22.7  19.2   MM   MM    MM
2026 09 26 02 40 270  4.0  5.0    MM    MM    MM  MM 1011.0  20.0  22.7  19.1   MM   MM    MM
2026 09 26 02 30 280  4.0  5.0    MM    MM    MM  MM 1011.0  20.0  22.7  19.1   MM   MM    MM
2026 09 26 02 20 270  4.0  5.0   0.9    12   7.0 205 1011.0  20.0  22.7  19.0   MM   MM    MM
2026 09 26 02 10 260  4.0  6.0   0.9    MM   7.0 205 1011.1  20.0  22.7  19.0   MM   MM    MM
2026 09 26 02 00 280  4.0  6.0    MM    MM    MM  MM 1011.1  20.0  22.7  19.0   MM -0.6    MM
2026 09 26 01 50 280  5.0  6.0   1.0    11   7.1 219 1011.0  19.9  22.7  18.8   MM   MM    MM
2026 09 26 01 40 260  5.0  7.0    MM    MM    MM  MM 1011.1  19.9  22.7  18.8   MM   MM    MM
2026 09 26 01 30 260  5.0  6.0    MM    MM    MM  MM 1011.2  20.0  22.8  18.9   MM   MM    MM
2026 09 26 01 20 260  5.0  6.0   0.9    11   7.0 202 1011.2  20.1  22.8  19.0   MM   MM    MM
2026 09 26 01 10 260  5.0  6.0    MM    MM    MM  MM 1011.1  20.1  22.7  19.0   MM   MM    MM
2026 09 26 01 00 250  5.0  6.0    MM    MM    MM  MM 1011.2  20.1  22.7  18.9   MM -1.2    MM
2026 09 26 00 50 250  5.0  6.0   0.9    11   7.3 217 1011.3  20.2  22.7  18.9   MM   MM    MM
2026 09 26 00 40 270  4.0  6.0    MM    MM    MM  MM 1011.3  20.1  22.7  18.7   MM   MM    MM
2026 09 26 00 30 270  4.0  6.0    MM    MM    MM  MM 1011.4  20.0  22.7  18.5   MM   MM    MM
2026 09 26 00 20 280  5.0  6.0   0.8    11   6.4 211 1011.3  20.0  22.7  18.5   MM   MM    MM
2026 09 26 00 10 270  5.0  6.0   0.8    MM   6.4 211 1011.3  19.8  22.7  18.3   MM   MM    MM
2026 09 26 00 00 270  5.0  6.0    MM    MM    MM  MM 1011.5  19.8    MM  18.3   MM -1.5    MM
2026 09 25 23 50 260  5.0  6.0   0.8    12   6.8 217 1011.6  19.8  22.7  18.1   MM   MM    MM
2026 09 25 23 40 260  5.0  6.0   0.8    MM   6.8 217 1011.6  19.9  22.7  18.0   MM   MM    MM
2026 09 25 23 10 260  5.0  6.0   0.8    MM   6.7 205 1011.7  19.7  22.7  17.6   MM   MM    MM
2026 09 25 23 00 250  5.0  6.0    MM    MM    MM  MM 1011.8  19.8  22.7  17.8   MM -1.7    MM
2026 09 25 22 50 260  5.0  6.0   0.9    11   7.0 206 1011.9  19.7  22.7  17.7   MM   MM    MM
2026 09 25 22 40 260  5.0  6.0    MM    MM    MM  MM 1012.0  19.7  22.7  17.7   MM   MM    MM
2026 09 25 22 30 270  5.0  6.0    MM    MM    MM  MM 1012.1  19.6  22.7  17.7   MM   MM    MM
2026 09 25 22 20 270  5.0  7.0   0.8    13   7.5 173 1012.2  19.6  22.7  17.6   MM   MM    MM
2026 09 25 22 10 260  5.0  7.0    MM    MM    MM  MM 1012.4  19.8  22.7  17.8   MM   MM    MM
2026 09 25 22 00 260  5.0  6.0    MM    MM    MM  MM 1012.4  19.8    MM  17.8   MM -1.7    MM
2026 09 25 21 50 250  5.0  6.0   0.8    12   8.1 202 1012.4  19.8  22.7  17.7   MM   MM    MM
2026 09 25 21 40 250  5.0  6.0    MM    MM    MM  MM 1012.6  20.0  22.7  17.9   MM   MM    MM
2026 09 25 21 30 240  4.0  5.0    MM    MM    MM  MM 1012.6  19.9  22.7  17.8   MM   MM    MM
2026 09 25 21 20 240  5.0  6.0   0.9    11   8.9 211 1012.7  20.0  22.7  17.9   MM   MM    MM
2026 09 25 21 10 240  4.0  6.0   0.9    MM   8.9 211 1012.9  20.1  22.7  17.9   MM   MM    MM
2026 09 25 21 00 230  4.0  5.0    MM    MM    MM  MM 1013.0  20.3  22.7  18.1   MM -1.4    MM
2026 09 25 20 50 230  5.0  6.0   0.8    13   8.7 193 1013.1  20.6  22.6  18.4   MM   MM    MM
2026 09 25 20 40 220  3.0  4.0    MM    MM    MM  MM 1013.2  20.6  22.6  18.2   MM   MM    MM
2026 09 25 20 30 240  3.0  4.0    MM    MM    MM  MM 1013.3  20.5  22.4  18.1   MM   MM    MM
2026 09 25 20 20 240  2.0  3.0   0.9    11   8.8 213 1013.3  20.5  22.4  18.0   MM   MM    MM
2026 09 25 20 10 230  2.0  3.0   0.9    MM   8.8 213 1013.4  20.5  22.4  18.1   MM   MM    MM
2026 09 25 20 00 220  1.0  2.0    MM    MM    MM  MM 1013.4  20.4    MM  18.0   MM -0.6    MM
2026 09 25 19 50 210  2.0  3.0   0.8    13   8.4 205 1013.5  20.4  22.4  18.1   MM   MM    MM
2026 09 25 19 40 200  2.0  3.0   0.8    MM   8.4 205 1013.6  20.3  22.3  18.0   MM   MM    MM
2026 09 25 19 30 210  2.0  3.0    MM    MM    MM  MM 1013.8  20.4  22.3  18.2   MM   MM    MM
2026 09 25 19 20 210  2.0  3.0   0.8    12   8.8 191 1014.0  20.4  22.3  18.1   MM   MM    MM
2026 09 25 19 10 240  1.0  3.0   0.8    MM   8.8 191 1014.0  20.5  22.3  18.3   MM   MM    MM
2026 09 25 19 00 260  1.0  3.0    MM    MM    MM  MM 1014.0  20.3    MM  18.2   MM +0.0    MM
2026 09 25 18 50 250  1.0  2.0   0.8    11   8.7 192 1014.1  20.3  22.3  18.2   MM   MM    MM
2026 09 25 18 40 240  1.0  2.0    MM    MM    MM  MM 1014.1  20.2  22.3  18.2   MM   MM    MM
2026 09 25 18 30 210  1.0  3.0    MM    MM    MM  MM 1014.2  20.1  22.3  18.2   MM   MM    MM
2026 09 25 18 20 250  2.0  3.0   0.8    12   8.8 210 1014.3  20.0  22.3  18.2   MM   MM    MM
2026 09 25 18 10 260  1.0  2.0   0.8    MM   8.8 210 1014.3  19.9  22.3  18.3   MM   MM    MM
2026 09 25 18 00 270  2.0  3.0    MM    MM    MM  MM 1014.3  19.9  22.3  18.3   MM +1.0    MM
2026 09 25 17 50 220  1.0  3.0   0.8    11   9.0 225 1014.3  19.8  22.3  18.3   MM   MM    MM
2026 09 25 17 40 200  2.0  3.0   0.8    MM   9.0 225 1014.2  19.8  22.3  18.4   MM   MM    MM
2026 09 25 17 30 180  1.0  1.0    MM    MM    MM  MM 1014.2  19.8  22.2  18.4   MM   MM    MM
2026 09 25 17 20 190  1.0  2.0   0.9    12   8.9 205 1014.1  19.8  22.2  18.5   MM   MM    MM
2026 09 25 17 10 230  1.0  1.0   0.9    MM   8.9 205 1014.0  19.8  22.2  18.5   MM   MM    MM
2026 09 25 17 00 250  1.0  2.0    MM    MM    MM  MM 1014.1  19.7  22.2  18.4   MM +0.9    MM
2026 09 25 16 50 300  2.0  3.0   0.8    13   8.7 213 1014.0  19.7  22.2  18.5   MM   MM    MM
2026 09 25 16 40 310  1.0  2.0   0.8    MM   8.7 213 1014.1  19.7  22.2  18.5   MM   MM    MM
2026 09 25 16 30 300  1.0  3.0    MM    MM    MM  MM 1014.0  19.7  22.3  18.5   MM   MM    MM
2026 09 25 16 20  MM  0.0  1.0   0.8    12   8.3 207 1014.0  19.6  22.4  18.4   MM   MM    MM
2026 09 25 16 10  MM  0.0  1.0   0.8    MM   8.3 207 1014.0  19.5  22.4  18.3   MM   MM    MM
2026 09 25 16 00 290  1.0  2.0    MM    MM    MM  MM 1013.8  19.5  22.4  18.3   MM +1.0    MM
2026 09 25 15 50 310  2.0  3.0   0.9    11   8.4 203 1013.6  19.6  22.4  18.4   MM   MM    MM
2026 09 25 15 40 280  2.0  3.0   0.9    MM   8.4 203 1013.6  19.7  22.4  18.5   MM   MM    MM
2026 09 25 15 30 290  2.0  3.0    MM    MM    MM  MM 1013.5  19.6  22.4  18.4   MM   MM    MM
2026 09 25 15 20 330  2.0  3.0   0.9    11   8.1 242 1013.4  19.6  22.4  18.4   MM   MM    MM
2026 09 25 15 10 320  2.0  3.0    MM    MM    MM  MM 1013.3  19.4  22.4  18.1   MM   MM    MM
2026 09 25 15 00 330  3.0  4.0    MM    MM    MM  MM 1013.3  19.5  22.4  18.2   MM +0.3    MM
2026 09 25 14 50 320  3.0  4.0   0.9    14   8.2 233 1013.3  19.6  22.4  18.4   MM   MM    MM
2026 09 25 14 40 300  2.0  3.0    MM    MM    MM  MM 1013.3  19.5  22.4  18.3   MM   MM    MM
2026 09 25 14 30 330  3.0  4.0    MM    MM    MM  MM 1013.1  19.4  22.4  18.3   MM   MM    MM
2026 09 25 14 20 300  2.0  3.0   0.9    13   8.0 229 1013.1  19.4  22.4  18.3   MM   MM    MM
2026 09 25 14 10 270  3.0  4.0    MM    MM    MM  MM 1013.2  19.4  22.4  18.3   MM   MM    MM
2026 09 25 14 00 250  2.0  3.0    MM    MM    MM  MM 1013.1  19.4  22.4  18.4   MM +0.3    MM
2026 09 25 13 50 280  3.0  4.0   0.9    12   8.0 209 1013.0  19.5  22.4  18.5   MM   MM    MM
2026 09 25 13 40 270  2.0  3.0   0.9    MM   8.0 209 1012.9  19.4  22.4  18.4   MM   MM    MM
2026 09 25 13 30 280  2.0  4.0    MM    MM    MM  MM 1012.9  19.5    MM  18.5   MM   MM    MM
2026 09 25 13 20 280  3.0  4.0   0.9    13   7.7 238 1012.9  19.5  22.3  18.5   MM   MM    MM
2026 09 25 13 10 280  2.0  4.0   0.9    MM   7.7 238 1012.9  19.5  22.3  18.5   MM   MM    MM
2026 09 25 13 00 300  1.0  2.0    MM    MM    MM  MM 1012.9  19.4  22.2  18.4   MM -0.3    MM
2026 09 25 12 50 280  2.0  3.0   0.8    14   7.4 207 1012.8  19.6  22.2  18.6   MM   MM    MM
2026 09 25 12 40 280  2.0  4.0    MM    MM    MM  MM 1012.9  19.6  22.2  18.6   MM   MM    MM
2026 09 25 12 30 260  3.0  4.0    MM    MM    MM  MM 1012.9  19.6  22.2  18.6   MM   MM    MM
2026 09 25 12 20 280  4.0  5.0   0.9    13   7.8 200 1012.9  19.8  22.2  18.8   MM   MM    MM
2026 09 25 12 10 280  4.0  5.0   0.9    MM   7.8 200 1013.0  19.8  22.1  18.7   MM   MM    MM
2026 09 25 12 00 310  4.0  5.0    MM    MM    MM  MM 1013.0  19.8  22.1  18.7   MM +0.0    MM
2026 09 25 11 50 290  4.0  5.0   0.8    12   7.3 220 1012.9  19.9  22.1  18.8   MM   MM    MM
2026 09 25 11 40 300  4.0  6.0    MM    MM    MM  MM 1012.9  19.8  22.0  18.7   MM   MM    MM
2026 09 25 11 30 300  4.0  6.0    MM    MM    MM  MM 1012.9  19.8  22.0  18.8   MM   MM    MM
2026 09 25 11 20 300  4.0  5.0   0.9    14   7.5 240 1012.9  19.7  22.0  18.8   MM   MM    MM
2026 09 25 11 10 300  4.0  5.0    MM    MM    MM  MM 1012.8  19.7  21.9  18.8   MM   MM    MM
2026 09 25 11 00 290  4.0  5.0    MM    MM    MM  MM 1012.8  19.6  21.8  18.8   MM +0.0    MM
2026 09 25 10 50 290  3.0  4.0   0.9    11   7.5 208 1012.9  19.5  21.8  18.8   MM   MM    MM
2026 09 25 10 40 280  2.0  4.0    MM    MM    MM  MM 1012.8  19.4  21.7  18.7   MM   MM    MM
2026 09 25 10 30 250  3.0  4.0    MM    MM    MM  MM 1012.9  19.4  21.7  18.8   MM   MM    MM
2026 09 25 10 20 280  4.0  5.0   0.8    14   7.9 197 1012.9  19.6  21.6  19.1   MM   MM    MM
2026 09 25 10 10 270  3.0  5.0   0.8    MM   7.9 197 1012.9  19.5  21.3  18.9   MM   MM    MM
2026 09 25 10 00 270  2.0  3.0    MM    MM    MM  MM 1013.1  19.5  21.3  18.9   MM -0.0    MM
2026 09 25 09 50 260  3.0  4.0   0.8    14   7.3 226 1013.1  19.5  21.7  18.8   MM   MM    MM
2026 09 25 09 40 280  3.0  4.0    MM    MM    MM  MM 1013.1  19.7  21.7  19.0   MM   MM    MM
2026 09 25 09 30 250  2.0  4.0    MM    MM    MM  MM 1013.0  19.6  21.8  18.9   MM   MM    MM
2026 09 25 09 20 210  2.0  4.0   0.8    14   7.4 201 1013.0  19.6  21.8  18.9   MM   MM    MM
2026 09 25 09 10 250  2.0  4.0   0.8    MM   7.4 201 1013.1  19.8  21.8  19.1   MM   MM    MM
2026 09 25 09 00 240  1.0  3.0    MM    MM    MM  MM 1013.0  19.8  21.9  19.1   MM +0.3    MM
2026 09 25 08 50 290  2.0  3.0   0.8    14   7.1 190 1013.0  19.8  21.9  19.1   MM   MM    MM
2026 09 25 08 40 270  2.0  3.0    MM    MM    MM  MM 1012.9  19.9  21.9  19.2   MM   MM    MM
2026 09 25 08 30 270  2.0  3.0    MM    MM    MM  MM 1012.8  20.0  21.9  19.3   MM   MM    MM
2026 09 25 08 20 280  2.0  3.0   0.9    14   7.3 213 1012.7  20.0  22.0  19.3   MM   MM    MM
2026 09 25 08 10 300  3.0  4.0   0.9    MM   7.3 213 1012.7  20.0  22.0  19.3   MM   MM    MM
2026 09 25 08 00 300  2.0  4.0    MM    MM    MM  MM 1012.7  20.0  22.0  19.3   MM -0.3    MM
2026 09 25 07 50 300  2.0  4.0   0.8    14   7.6 219 1012.8  20.0  22.0  19.4   MM   MM    MM
2026 09 25 07 40 310  3.0  4.0    MM    MM    MM  MM 1012.8  20.0  22.0  19.3   MM   MM    MM
2026 09 25 07 30 310  3.0  4.0    MM    MM    MM  MM 1012.7  20.0  22.0  19.3   MM   MM    MM
2026 09 25 07 20 310  3.0  5.0   0.9    13   7.6 224 1013.0  20.0  22.0  19.3   MM   MM    MM
2026 09 25 07 10 320  2.0  4.0   0.9    MM   7.6 224 1013.0  20.0  22.0  19.4   MM   MM    MM
2026 09 25 07 00 320  3.0  4.0    MM    MM    MM  MM 1013.0  19.9  22.2  19.2   MM -0.0    MM
2026 09 25 06 50 310  3.0  4.0   0.9    14   7.5 192 1012.9  19.9  22.3  19.2   MM   MM    MM
2026 09 25 06 40 330  3.0  4.0    MM    MM    MM  MM 1013.0  20.0  22.3  19.2   MM   MM    MM
2026 09 25 06 30 320  3.0  4.0    MM    MM    MM  MM 1012.9  20.2  22.3  19.4   MM   MM    MM
2026 09 25 06 20 330  2.0  4.0   0.8    11   6.9 216 1012.6  20.1  22.4  19.2   MM   MM    MM
2026 09 25 06 10 330  3.0  4.0   0.8    MM   6.9 216 1012.7  20.1  22.5  19.2   MM   MM    MM
2026 09 25 06 00 340  3.0  4.0    MM    MM    MM  MM 1012.7  20.3  22.5  19.4   MM +0.3    MM
2026 09 25 05 50 330  3.0  4.0   0.9    14   7.5 216 1012.7  20.2  22.5  19.3   MM   MM    MM
2026 09 25 05 40 320  2.0  3.0    MM    MM    MM  MM 1012.7  20.1  22.6  19.3   MM   MM    MM
2026 09 25 05 30 300  3.0  4.0    MM    MM    MM  MM 1012.9  20.1  22.6  19.5   MM   MM    MM
2026 09 25 05 20 310  2.0  4.0   0.8    10   7.1 207 1012.8  20.0  22.6  19.5   MM   MM    MM
2026 09 25 05 10 310  3.0  3.0    MM    MM    MM  MM 1012.9  20.0  22.5  19.5   MM   MM    MM
2026 09 25 05 00 290  2.0  4.0    MM    MM    MM  MM 1012.9  19.9  22.6  19.4   MM +0.8    MM
2026 09 25 04 50 300  3.0  4.0   0.9    14   7.4 182 1012.9  19.9  22.5  19.2   MM   MM    MM
2026 09 25 04 40 300  2.0  3.0    MM    MM    MM  MM 1013.0  19.9  22.5  19.1   MM   MM    MM
2026 09 25 04 30 280  3.0  4.0    MM    MM    MM  MM 1013.1  19.9  22.4  19.0   MM   MM    MM
2026 09 25 04 20 280  3.0  4.0   0.8    14   6.9 209 1013.0  19.8  22.4  18.8   MM   MM    MM
2026 09 25 04 10 280  2.0  3.0   0.8    MM   6.9 209 1013.0  19.8  22.1  18.7   MM   MM    MM
2026 09 25 04 00 290  2.0  4.0    MM    MM    MM  MM 1012.9  19.8  22.0  18.7   MM +0.8    MM
2026 09 25 03 50 300  3.0  4.0   0.9    11   6.8 215 1012.9  19.8  22.0  18.6   MM   MM    MM
2026 09 25 03 40 290  3.0  4.0    MM    MM    MM  MM 1012.8  19.8  21.9  18.6   MM   MM    MM
2026 09 25 03 30 290  4.0  5.0    MM    MM    MM  MM 1012.7  19.9  21.9  18.6   MM   MM    MM
2026 09 25 03 20 280  5.0  5.0   0.8    14   6.3 190 1012.6  19.9  21.9  18.6   MM   MM    MM
2026 09 25 03 10 270  4.0  5.0   0.8    MM   6.3 190 1012.5  19.8  21.8  18.4   MM   MM    MM
2026 09 25 03 00 270  4.0  5.0    MM    MM    MM  MM 1012.4  19.8  21.8  18.3   MM +0.5    MM
2026 09 25 02 50 270  4.0  5.0   0.8    14   6.7 173 1012.4  19.8  21.9  18.2   MM   MM    MM
2026 09 25 02 40 270  4.0  5.0    MM    MM    MM  MM 1012.3  19.9  22.0  18.2   MM   MM    MM
2026 09 25 02 30 270  4.0  5.0    MM    MM    MM  MM 1012.2  19.8  22.0  18.1   MM   MM    MM
2026 09 25 02 20 260  4.0  5.0   0.8    14   6.4 215 1012.1  19.9  22.2  18.1   MM   MM    MM
2026 09 25 02 10 250  4.0  5.0   0.8    MM   6.4 215 1012.2  19.9  22.2  18.1   MM   MM    MM
2026 09 25 02 00 250  4.0  4.0    MM    MM    MM  MM 1012.1  20.0  22.4  18.2   MM +0.3    MM
2026 09 25 01 50 250  4.0  5.0   0.8    14   6.2 205 1012.1  20.0  22.5  18.1   MM   MM    MM
2026 09 25 01 40 250  4.0  5.0    MM    MM    MM  MM 1012.2  20.0  22.5  18.1   MM   MM    MM
2026 09 25 01 30 260  4.0  5.0    MM    MM    MM  MM 1012.2  20.1  22.6  18.2   MM   MM    MM
2026 09 25 01 20 260  5.0  6.0   0.7    14   6.3 201 1012.2  20.2  22.8  18.2   MM   MM    MM
2026 09 25 01 10 260  5.0  6.0   0.7    MM   6.3 201 1012.1  20.3  22.9  18.2   MM   MM    MM
2026 09 25 01 00 260  5.0  6.0    MM    MM    MM  MM 1012.1  20.3  22.9  18.1   MM +0.0    MM
2026 09 25 00 50 250  5.0  6.0   0.7    14   7.0 210 1012.0  20.3    MM  18.1   MM   MM    MM
2026 09 25 00 40 250  5.0  6.0    MM    MM    MM  MM 1012.1  20.3  22.6  18.1   MM   MM    MM
2026 09 25 00 30 240  4.0  5.0    MM    MM    MM  MM 1012.2  20.4  22.8  18.3   MM   MM    MM
2026 09 25 00 20 250  5.0  7.0   0.8     9   7.3 211 1012.0  20.5  22.8  18.3   MM   MM    MM
2026 09 25 00 10 250  5.0  7.0   0.8    MM   7.3 211 1012.0  20.7  22.8  18.4   MM   MM    MM
2026 09 25 00 00 250  5.0  6.0    MM    MM    MM  MM 1012.0  20.9    MM  18.5   MM -0.5    MM
2026 09 24 23 50 250  5.0  6.0   0.8    14   6.8 190 1011.9  20.9  22.9  18.5   MM   MM    MM
2026 09 24 23 40 250  5.0  6.0    MM    MM    MM  MM 1011.9  21.0  22.9  18.6   MM   MM    MM
2026 09 24 23 30 240  5.0  5.0    MM    MM    MM  MM 1011.8  21.0  22.8  18.4   MM   MM    MM
2026 09 24 23 20 230  4.0  5.0   0.8    15   6.8 248 1011.9  21.1  22.9  18.5   MM   MM    MM
2026 09 24 23 10 220  4.0  5.0    MM    MM    MM  MM 1012.0  21.2  23.0  18.5   MM   MM    MM
2026 09 24 23 00 230  4.0  4.0    MM    MM    MM  MM 1011.9  21.2  23.0  18.5   MM -1.1    MM
2026 09 24 22 50 230  4.0  5.0   0.8    14   6.8 347 1011.9  21.2  23.0  18.5   MM   MM    MM
2026 09 24 22 40 240  4.0  4.0    MM    MM    MM  MM 1011.9  21.2  23.0  18.5   MM   MM    MM
2026 09 24 22 30 230  4.0  5.0    MM    MM    MM  MM 1011.8  21.3  23.0  18.5   MM   MM    MM
2026 09 24 22 20 240  4.0  5.0   0.7    MM   6.6 233 1012.2  21.3  23.1  18.4   MM   MM    MM
2026 09 24 22 10 240  3.0  5.0   0.7    MM   6.6 233 1011.9  21.4  23.0  18.4   MM   MM    MM
2026 09 24 22 00 230  3.0  4.0    MM    MM    MM  MM 1012.0  21.4  22.9  18.2   MM -1.4    MM
2026 09 24 21 50 230  3.0  4.0   0.7    14   6.5 207 1012.0  21.4  22.8  18.3   MM   MM    MM
2026 09 24 21 40 230  2.0  4.0    MM    MM    MM  MM 1012.1  21.5  22.9  18.3   MM   MM    MM
2026 09 24 21 30 230  1.0  3.0    MM    MM    MM  MM 1012.1  21.5  22.8  18.3   MM   MM    MM
2026 09 24 21 20 210  3.0  4.0   0.8    15   6.9 178 1012.1  21.6  22.9  18.4   MM   MM    MM
2026 09 24 21 10 210  2.0  3.0   0.8    MM   6.9 178 1012.4  21.6  22.9  18.4   MM   MM    MM
2026 09 24 21 00 210  2.0  3.0    MM    MM    MM  MM 1012.5  21.6  22.9  18.3   MM -0.9    MM
2026 09 24 20 50 220  2.0  2.0   0.8    14   7.0 196 1012.5  21.6  22.9  18.4   MM   MM    MM
2026 09 24 20 40 210  2.0  3.0    MM    MM    MM  MM 1012.7  21.6  22.9  18.4   MM   MM    MM
2026 09 24 20 30 200  2.0  3.0    MM    MM    MM  MM 1012.8  21.6  22.9  18.4   MM   MM    MM
2026 09 24 20 20 170  2.0  3.0   0.8    14   6.8 199 1013.0  21.6  23.0  18.5   MM   MM    MM
2026 09 24 20 10 170  2.0  3.0   0.8    MM   6.8 199 1013.0  21.6  22.9  18.5   MM   MM    MM
2026 09 24 20 00 170  2.0  3.0    MM    MM    MM  MM 1013.0  21.5  22.9  18.4   MM +0.0    MM
2026 09 24 19 50 180  2.0  3.0   0.8    MM   7.1 227 1013.1  21.6  22.9  18.5   MM   MM    MM
2026 09 24 19 40  MM   MM   MM   0.8    15   7.1 227     MM    MM    MM    MM   MM   MM    MM
2026 09 24 19 30 170  2.0  3.0    MM    MM    MM  MM 1013.2  21.7  22.8  18.6   MM   MM    MM
2026 09 24 19 20 190  2.0  2.0   0.8    15   6.9 201 1013.2  21.7  22.8  18.6   MM   MM    MM
2026 09 24 19 10 190  2.0  3.0   0.8    MM   6.9 201 1013.2  21.7  22.8  18.6   MM   MM    MM
2026 09 24 19 00 180  1.0  2.0    MM    MM    MM  MM 1013.4  21.7    MM  18.6   MM +0.4    MM
2026 09 24 18 50 180  2.0  3.0   0.8    15   7.1 195 1013.3  21.7    MM  18.6   MM   MM    MM
2026 09 24 18 40 170  1.0  2.0    MM    MM    MM  MM 1013.4  21.6  22.7  18.5   MM   MM    MM
2026 09 24 18 30 140  2.0  3.0    MM    MM    MM  MM 1013.4  21.6  22.7  18.7   MM   MM    MM
2026 09 24 18 20 130  2.0  3.0   0.8    15   7.2 211 1013.4  21.6  22.8  18.7   MM   MM    MM
2026 09 24 18 10 130  2.0  3.0   0.8    MM   7.2 211 1013.5  21.7  22.8  18.8   MM   MM    MM
2026 09 24 18 00 180  1.0  2.0    MM    MM    MM  MM 1013.4  21.7  22.8  18.7   MM +0.7    MM
2026 09 24 17 50 160  1.0  2.0   0.8    15   6.8 239 1013.3  21.6  22.8  18.6   MM   MM    MM
2026 09 24 17 40 130  1.0  3.0    MM    MM    MM  MM 1013.3  21.5  22.8  18.6   MM   MM    MM
2026 09 24 17 30 100  2.0  4.0    MM    MM    MM  MM 1013.2  21.6  22.8  18.7   MM   MM    MM
2026 09 24 17 20 120  1.0  1.0   0.8    15   6.7 217 1013.1  21.5  22.8  18.6   MM   MM    MM
2026 09 24 17 10 110  1.0  2.0   0.8    MM   6.7 217 1013.0  21.6  22.8  18.7   MM   MM    MM
2026 09 24 17 00 140  1.0  2.0    MM    MM    MM  MM 1013.0  21.7  22.7  18.8   MM +1.0    MM
2026 09 24 16 50  MM  0.0  1.0   0.8    15   7.0 235 1013.0  21.6  22.7  18.7   MM   MM    MM
2026 09 24 16 40 160  1.0  3.0    MM    MM    MM  MM 1013.0  21.5  22.7  18.7   MM   MM    MM
2026 09 24 16 30  MM  0.0  1.0    MM    MM    MM  MM 1013.0  21.5  22.8  18.8   MM   MM    MM
2026 09 24 16 20  80  1.0  2.0   0.8    15   7.0 222 1013.0  21.4  22.8  18.6   MM   MM    MM
2026 09 24 16 10  30  1.0  2.0   0.8    MM   7.0 222 1013.0  21.5  22.8  18.7   MM   MM    MM
2026 09 24 16 00 360  1.0  2.0    MM    MM    MM  MM 1012.9  21.4  22.7  18.5   MM +1.1    MM
2026 09 24 15 50  30  1.0  2.0   0.8    15   6.9 188 1012.8  21.5  22.7  18.6   MM   MM    MM
2026 09 24 15 40  80  2.0  3.0    MM    MM    MM  MM 1012.7  21.5  22.7  18.6   MM   MM    MM
2026 09 24 15 30  70  2.0  3.0    MM    MM    MM  MM 1012.7  21.5  22.8  18.6   MM   MM    MM
2026 09 24 15 20  MM  0.0  2.0   0.8    15   7.0 224 1012.7  21.5  22.8  18.7   MM   MM    MM
2026 09 24 15 10 110  2.0  3.0   0.8    MM   7.0 224 1012.6  21.5  22.7  18.6   MM   MM    MM
2026 09 24 15 00 140  1.0  2.0    MM    MM    MM  MM 1012.6  21.5  22.7  18.7   MM +1.1    MM
2026 09 24 14 50 130  2.0  3.0   0.7    15   6.7 256 1012.6  21.5  22.7  18.8   MM   MM    MM
2026 09 24 14 40 110  3.0  3.0    MM    MM    MM  MM 1012.4  21.5  22.8  18.9   MM   MM    MM
2026 09 24 14 30 130  2.0  3.0    MM    MM    MM  MM 1012.3  21.5  22.7  19.0   MM   MM    MM
2026 09 24 14 20 140  2.0  3.0   0.7    15   6.1 257 1012.3  21.6  22.8  19.3   MM   MM    MM
2026 09 24 14 10 150  2.0  3.0   0.7    MM   6.1 257 1012.2  21.7  22.7  19.2   MM   MM    MM
2026 09 24 14 00 110  1.0  2.0    MM    MM    MM  MM 1012.1  21.6  22.7  19.0   MM +0.5    MM
2026 09 24 13 50 110  1.0  2.0   0.8    15   6.6 191 1011.9  21.7  22.7  19.1   MM   MM    MM
2026 09 24 13 40 110  2.0  3.0   0.8    MM   6.6 191 1011.9  21.8  22.7  19.2   MM   MM    MM
2026 09 24 13 30  90  1.0  2.0    MM    MM    MM  MM 1011.9  21.7  22.7  19.1   MM   MM    MM
2026 09 24 13 20 100  2.0  3.0   0.8    MM   6.5 246 1012.2  21.7    MM  19.0   MM   MM    MM
2026 09 24 13 10  90  2.0  3.0   0.8    MM   6.5 246 1011.9  21.7  22.7  19.1   MM   MM    MM
2026 09 24 13 00  80  2.0  3.0    MM    MM    MM  MM 1011.9  21.7  22.7  19.1   MM -0.0    MM
2026 09 24 12 50 100  2.0  4.0   0.8    15   6.2 225 1011.8  21.8  22.7  19.1   MM   MM    MM
2026 09 24 12 40  80  2.0  3.0    MM    MM    MM  MM 1011.7  21.7  22.7  18.9   MM   MM    MM
2026 09 24 12 30  90  2.0  4.0    MM    MM    MM  MM 1011.6  21.7  22.7  19.0   MM   MM    MM
2026 09 24 12 20 100  3.0  4.0   0.8    15   6.7 208 1011.6  21.7  22.7  19.1   MM   MM    MM
2026 09 24 12 10 110  3.0  4.0   0.8    MM   6.7 208 1011.6  21.8  22.7  19.2   MM   MM    MM
2026 09 24 12 00 130  3.0  4.0    MM    MM    MM  MM 1011.6  21.8  22.7  19.1   MM +0.0    MM
2026 09 24 11 50 120  3.0  5.0   0.7    15   6.5 247 1011.5  21.8  22.7  19.2   MM   MM    MM
2026 09 24 11 40 120  4.0  5.0    MM    MM    MM  MM 1011.6  21.7  22.7  19.4   MM   MM    MM
2026 09 24 11 30 160  3.0  4.0    MM    MM    MM  MM 1011.5  21.7  22.7  19.7   MM   MM    MM
2026 09 24 11 20 140  2.0  3.0   0.7    15   6.1 192 1011.5  21.7  22.7  19.6   MM   MM    MM
2026 09 24 11 10 140  2.0  3.0    MM    MM    MM  MM 1011.5  21.6  22.7  19.6   MM   MM    MM
2026 09 24 11 00 150  2.0  3.0    MM    MM    MM  MM 1011.6  21.6  22.7  19.5   MM -0.3    MM
2026 09 24 10 50 150  3.0  4.0   0.7    16   6.4 153 1011.6  21.5  22.7  19.4   MM   MM    MM
2026 09 24 10 40 140  3.0  4.0    MM    MM    MM  MM 1011.6  21.5  22.7  19.5   MM   MM    MM
2026 09 24 10 30 150  3.0  5.0    MM    MM    MM  MM 1011.6  21.4  22.7  19.4   MM   MM    MM
2026 09 24 10 20 130  3.0  4.0   0.7    11   6.0 194 1011.7  21.3  22.7  19.4   MM   MM    MM
2026 09 24 10 10 120  3.0  5.0   0.7    MM   6.0 194 1011.8  21.3  22.7  19.5   MM   MM    MM
2026 09 24 10 00 120  2.0  4.0    MM    MM    MM  MM 1011.7  21.2  22.7  19.4   MM +0.0    MM
2026 09 24 09 50 110  3.0  5.0   0.7    15   6.6 198 1011.6  21.3  22.7  19.5   MM   MM    MM
2026 09 24 09 40 100  3.0  4.0   0.7    MM   6.6 198 1011.6  21.3  22.7  19.5   MM   MM    MM
2026 09 24 09 30 130  2.0  5.0    MM    MM    MM  MM 1011.7  21.3  22.7  19.5   MM   MM    MM
2026 09 24 09 20 130  3.0  4.0   0.7    15   6.7 206 1011.7  21.2  22.6  19.5   MM   MM    MM
2026 09 24 09 10 120  3.0  4.0    MM    MM    MM  MM 1011.7  21.4  22.6  19.7   MM   MM    MM
2026 09 24 09 00 120  3.0  4.0    MM    MM    MM  MM 1011.6  21.3  22.6  19.5   MM +0.0    MM
2026 09 24 08 50 130  3.0  5.0   0.8    15   7.4 266 1011.6  21.3  22.6  19.4   MM   MM    MM
2026 09 24 08 40 110  3.0  4.0    MM    MM    MM  MM 1011.6  21.4  22.6  19.5   MM   MM    MM
2026 09 24 08 30 120  3.0  4.0    MM    MM    MM  MM 1011.7  21.4  22.6  19.4   MM   MM    MM
2026 09 24 08 20 110  3.0  5.0   0.8    15   6.6 251 1011.7  21.4  22.6  19.3   MM   MM    MM
2026 09 24 08 10 110  3.0  5.0    MM    MM    MM  MM 1011.8  21.4  22.6  19.3   MM   MM    MM
2026 09 24 08 00 120  3.0  5.0    MM    MM    MM  MM 1011.8  21.5  22.6  19.5   MM +0.4    MM
2026 09 24 07 50 120  3.0  5.0   0.7    15   6.5 206 1011.8  21.5  22.6  19.4   MM   MM    MM
2026 09 24 07 40 140  3.0  4.0    MM    MM    MM  MM 1011.9  21.5  22.6  19.3   MM   MM    MM
2026 09 24 07 30 130  3.0  4.0    MM    MM    MM  MM 1011.9  21.5  22.6  19.4   MM   MM    MM
2026 09 24 07 20 130  3.0  4.0   0.8    MM   7.2 239 1011.9  21.6  22.6  19.5   MM   MM    MM
2026 09 24 07 10 120  3.0  4.0   0.8    MM   7.2 239 1011.8  21.6  22.6  19.5   MM   MM    MM
2026 09 24 07 00 130  3.0  4.0    MM    MM    MM  MM 1012.2  21.6  22.6  19.5   MM +1.0    MM
2026 09 24 06 50 120  3.0  5.0   0.8    15   7.1 217 1011.6  21.6  22.6  19.5   MM   MM    MM
2026 09 24 06 40 130  4.0  5.0    MM    MM    MM  MM 1011.7  21.6  22.7  19.5   MM   MM    MM
2026 09 24 06 30 140  4.0  5.0    MM    MM    MM  MM 1011.6  21.6  22.7  19.7   MM   MM    MM
2026 09 24 06 20 140  4.0  5.0   0.7    15   6.4 257 1011.6  21.5  22.7  19.7   MM   MM    MM
2026 09 24 06 10 140  4.0  5.0   0.7    MM   6.4 257 1011.6  21.5  22.7  19.8   MM   MM    MM
2026 09 24 06 00 140  4.0  4.0    MM    MM    MM  MM 1011.6  21.5  22.7  19.8   MM +2.1    MM
2026 09 24 05 50 140  4.0  4.0   0.7    15   6.5 193 1011.6  21.5  22.7  19.7   MM   MM    MM
2026 09 24 05 40 150  3.0  4.0    MM    MM    MM  MM 1011.6  21.5  22.7  19.7   MM   MM    MM
2026 09 24 05 30 150  3.0  4.0    MM    MM    MM  MM 1011.5  21.5  22.7  19.7   MM   MM    MM
2026 09 24 05 20 150  3.0  4.0   0.7    15   6.1 260 1011.5  21.5  22.7  19.7   MM   MM    MM
2026 09 24 05 10 150  3.0  4.0   0.7    MM   6.1 260 1011.4  21.5  22.7  19.6   MM   MM    MM
2026 09 24 05 00 150  3.0  4.0    MM    MM    MM  MM 1011.4  21.5  22.8  19.5   MM +2.2    MM
2026 09 24 04 50 150  2.0  3.0   0.7    15   6.5 296 1011.2  21.4  22.8  19.4   MM   MM    MM
2026 09 24 04 40 170  2.0  3.0    MM    MM    MM  MM 1011.1  21.5  22.8  19.5   MM   MM    MM
2026 09 24 04 30 170  2.0  3.0    MM    MM    MM  MM 1011.0  21.4  22.8  19.3   MM   MM    MM
2026 09 24 04 20 170  2.0  3.0   0.8    15   6.4 245 1010.9  21.4  22.8  19.2   MM   MM    MM
2026 09 24 04 10 190  2.0  2.0    MM    MM    MM  MM 1010.8  21.4  22.8  19.2   MM   MM    MM
2026 09 24 04 00 190  2.0  2.0    MM    MM    MM  MM 1010.8  21.4  22.9  19.1   MM +1.5    MM
2026 09 24 03 50 210  2.0  2.0   0.7    15   6.2 255 1010.6  21.4  22.9  19.1   MM   MM    MM
2026 09 24 03 40 230  2.0  2.0    MM    MM    MM  MM 1010.4  21.3  22.9  19.0   MM   MM    MM
2026 09 24 03 30 250  2.0  3.0    MM    MM    MM  MM 1010.2  21.3  22.9  19.2   MM   MM    MM
2026 09 24 03 20 260  2.0  3.0   0.7    15   6.2 194 1010.0  21.3  22.9  19.4   MM   MM    MM
2026 09 24 03 10 270  3.0  4.0   0.7    MM   6.2 194 1009.8  21.3  22.9  19.6   MM   MM    MM
2026 09 24 03 00 270  4.0  5.0    MM    MM    MM  MM 1009.6  21.4  23.0  19.9   MM -0.0    MM
2026 09 24 02 50 270  4.0  5.0   0.7    15   6.6 221 1009.4  21.4  23.0  19.9   MM   MM    MM
2026 09 24 02 40 270  4.0  5.0    MM    MM    MM  MM 1009.4  21.4  23.0  19.9   MM   MM    MM
2026 09 24 02 30 280  4.0  5.0    MM    MM    MM  MM 1009.4  21.4  23.2  20.0   MM   MM    MM
2026 09 24 02 20 280  4.0  5.0   0.7    15   6.4 190 1009.4  21.3  23.2  19.9   MM   MM    MM
2026 09 24 02 10 270  4.0  5.0   0.7    MM   6.4 190 1009.3  21.4  23.3  20.1   MM   MM    MM
2026 09 24 02 00 270  4.0  5.0    MM    MM    MM  MM 1009.2  21.5  23.3  20.2   MM -0.5    MM
2026 09 24 01 50 270  4.0  4.0   0.7    16   6.4 145 1009.3  21.5  23.4  20.1   MM   MM    MM
2026 09 24 01 40 270  4.0  4.0    MM    MM    MM  MM 1009.3  21.7  23.3  20.2   MM   MM    MM
2026 09 24 01 30 270  4.0  5.0    MM    MM    MM  MM 1009.3  21.9  23.3  20.3   MM   MM    MM
2026 09 24 01 20 270  4.0  5.0   0.7    15   6.7 211 1009.2  22.0  23.1  20.2   MM   MM    MM
2026 09 24 01 10 270  4.0  5.0   0.7    MM   6.7 211 1009.3  22.0  23.2  20.1   MM   MM    MM
2026 09 24 01 00 260  4.0  5.0    MM    MM    MM  MM 1009.4  22.0  23.3  20.1   MM -0.8    MM
2026 09 24 00 50 260  4.0  4.0   0.7    15   6.4 196 1009.3  22.1  23.3  20.2   MM   MM    MM
2026 09 24 00 40 250  4.0  4.0    MM    MM    MM  MM 1009.4  22.1  23.3  20.1   MM   MM    MM
2026 09 24 00 30 260  4.0  4.0    MM    MM    MM  MM 1009.5  22.1  23.1  20.1   MM   MM    MM
2026 09 24 00 20 260  4.0  4.0   0.7    15   6.2 210 1009.4  22.1  23.3  20.1   MM   MM    MM
2026 09 24 00 10 270  4.0  4.0   0.7    MM   6.2 210 1009.4  22.1  23.2  20.1   MM   MM    MM
2026 09 24 00 00 280  4.0  5.0    MM    MM    MM  MM 1009.4  22.1  23.4  20.1   MM -1.0    MM
2026 09 23 23 50 280  4.0  5.0   0.8    15   6.4 216 1009.5  22.2  23.3  20.2   MM   MM    MM
2026 09 23 23 40 280  4.0  5.0   0.8    MM   6.4 216 1009.5  22.2  23.1  20.1   MM   MM    MM
2026 09 23 23 30 280  4.0  5.0    MM    MM    MM  MM 1009.6  22.3  23.4  20.1   MM   MM    MM
2026 09 23 23 20 270  4.0  4.0   0.9    15   6.7 231 1009.7  22.2  23.1  19.8   MM   MM    MM
2026 09 23 23 10 270  3.0  5.0   0.9    MM   6.7 231 1009.7  22.2  23.2  19.8   MM   MM    MM
2026 09 23 23 00 270  4.0  4.0    MM    MM    MM  MM 1009.8  22.1  23.2  19.8   MM -1.3    MM
2026 09 23 22 50 260  4.0  4.0   0.8    15   6.8 223 1009.8  22.2  23.1  19.9   MM   MM    MM
2026 09 23 22 40 260  3.0  4.0   0.8    MM   6.8 223 1009.8  22.1  22.9  19.7   MM   MM    MM
2026 09 23 22 30 260  3.0  4.0    MM    MM    MM  MM 1009.8  22.2  23.1  19.7   MM   MM    MM
2026 09 23 22 20 250  2.0  3.0   0.8    15   6.7 261 1010.0  22.2  23.0  19.7   MM   MM    MM
2026 09 23 22 10 240  2.0  3.0   0.8    MM   6.7 261 1010.1  22.1  23.0  19.6   MM   MM    MM
2026 09 23 22 00 230  3.0  4.0    MM    MM    MM  MM 1010.1  22.1  22.8  19.7   MM -1.4    MM
2026 09 23 21 50 220  3.0  4.0   0.8    16   6.5 179 1010.0  22.0  23.2  19.6   MM   MM    MM
2026 09 23 21 40 210  3.0  4.0   0.8    MM   6.5 179 1010.1  22.0  22.8  19.6   MM   MM    MM
2026 09 23 21 30 200  3.0  4.0    MM    MM    MM  MM 1010.3  21.9  22.8  19.5   MM   MM    MM
2026 09 23 21 20 210  3.0  3.0   0.8    15   6.4 225 1010.3  21.9  22.7  19.5   MM   MM    MM
2026 09 23 21 10 200  3.0  3.0    MM    MM    MM  MM 1010.3  21.9  22.8  19.5   MM   MM    MM
2026 09 23 21 00 200  2.0  3.0    MM    MM    MM  MM 1010.3  21.9  22.7  19.5   MM -1.4    MM
2026 09 23 20 50 190  2.0  3.0   0.8    16   6.7 214 1010.5  21.8  22.7  19.4   MM   MM    MM
2026 09 23 20 40 180  2.0  3.0    MM    MM    MM  MM 1010.5  21.9  22.7  19.5   MM   MM    MM
2026 09 23 20 30 180  2.0  3.0    MM    MM    MM  MM 1010.7  22.0  22.7  19.4   MM   MM    MM
2026 09 23 20 20 200  2.0  3.0   0.8    15   6.8 214 1010.8  22.1  22.7  19.3   MM   MM    MM
2026 09 23 20 10 210  1.0  2.0   0.8    MM   6.8 214 1010.9  22.2  22.7  19.3   MM   MM    MM
2026 09 23 20 00 190  1.0  2.0    MM    MM    MM  MM 1011.0  22.3  22.7  19.3   MM -0.3    MM
2026 09 23 19 50 160  1.0  1.0   0.8    15   6.4 241 1011.1  22.3    MM  19.2   MM   MM    MM
2026 09 23 19 40 190  1.0  1.0    MM    MM    MM  MM 1011.3  22.4  22.7  19.2   MM   MM    MM
2026 09 23 19 30  MM  0.0  2.0    MM    MM    MM  MM 1011.3  22.5  22.7  19.3   MM   MM    MM
2026 09 23 19 20  MM  0.0  1.0   0.7    MM   6.3 242 1011.3  22.5  22.7  19.2   MM   MM    MM
2026 09 23 19 10  MM   MM   MM   0.7    16   6.3 242     MM    MM    MM    MM   MM   MM    MM
2026 09 23 19 00  MM  0.0  1.0    MM    MM    MM  MM 1011.6  22.7  22.7  19.4   MM +0.3    MM
2026 09 23 18 50  MM  0.0  1.0   0.7    15   6.2 217 1011.6  22.4  22.7  19.2   MM   MM    MM
2026 09 23 18 40  MM  0.0  1.0   0.7    MM   6.2 217 1011.6  22.3  22.7  19.2   MM   MM    MM
2026 09 23 18 30  MM  0.0  1.0    MM    MM    MM  MM 1011.6  22.3  22.7  19.1   MM   MM    MM
2026 09 23 18 20  MM  0.0  1.0   0.8    16   6.2 203 1011.6  22.5    MM  19.2   MM   MM    MM
2026 09 23 18 10  MM  0.0  1.0    MM    MM    MM  MM 1011.6  22.3  22.7  19.2   MM   MM    MM
2026 09 23 18 00  MM  0.0  1.0    MM    MM    MM  MM 1011.7  22.0  22.7  19.2   MM +0.8    MM
2026 09 23 17 50 170  1.0  2.0   0.8    16   6.6 175 1011.7  21.9  22.7  19.0   MM   MM    MM
2026 09 23 17 40  MM  0.0  1.0   0.8    MM   6.6 175 1011.6  21.9  22.7  19.1   MM   MM    MM
2026 09 23 17 30  MM  0.0  2.0    MM    MM    MM  MM 1011.7  21.9  22.7  19.2   MM   MM    MM
2026 09 23 17 20 120  1.0  2.0   0.8    16   6.2 253 1011.5  22.0  22.6  19.1   MM   MM    MM
2026 09 23 17 10  MM  0.0  1.0   0.8    MM   6.2 253 1011.6  22.2  22.7  19.3   MM   MM    MM
2026 09 23 17 00  MM  0.0  1.0    MM    MM    MM  MM 1011.4  21.7  22.6  19.2   MM +0.9    MM
2026 09 23 16 50  90  1.0  2.0   0.8    15   5.9 250 1011.4  21.6  22.6  19.1   MM   MM    MM
2026 09 23 16 40  90  1.0  2.0    MM    MM    MM  MM 1011.5  21.9  22.6  19.1   MM   MM    MM
2026 09 23 16 30  MM  0.0  2.0    MM    MM    MM  MM 1011.3  21.8  22.6  19.1   MM   MM    MM
2026 09 23 16 20 110  1.0  2.0   0.9    16   6.2 233 1011.3  21.8  22.6  19.2   MM   MM    MM
2026 09 23 16 10  80  1.0  1.0   0.9    MM   6.2 233 1011.3  21.7  22.6  19.1   MM   MM    MM
2026 09 23 16 00  70  1.0  2.0    MM    MM    MM  MM 1011.2  21.6    MM  19.1   MM +1.1    MM
2026 09 23 15 50  70  1.0  1.0   0.8    16   6.0 233 1011.2  21.6  22.6  19.0   MM   MM    MM
2026 09 23 15 40  60  1.0  1.0    MM    MM    MM  MM 1011.1  21.5  22.6  19.0   MM   MM    MM
2026 09 23 15 30  60  1.0  1.0    MM    MM    MM  MM 1011.1  21.4  22.6  18.9   MM   MM    MM
2026 09 23 15 20  MM  0.0  2.0   0.8    16   6.1 195 1011.1  21.1  22.6  18.9   MM   MM    MM
2026 09 23 15 10  MM  0.0  1.0   0.8    MM   6.1 195 1011.0  21.0  22.6  18.8   MM   MM    MM
2026 09 23 15 00 360  1.0  1.0    MM    MM    MM  MM 1011.0  21.0  22.6  18.8   MM +1.2    MM
2026 09 23 14 50  MM  0.0  1.0   0.9    16   6.1 190 1010.9  21.0  22.6  18.9   MM   MM    MM
2026 09 23 14 40  MM  0.0  1.0    MM    MM    MM  MM 1010.9  20.8  22.6  18.9   MM   MM    MM
2026 09 23 14 30  MM  0.0  1.0    MM    MM    MM  MM 1010.8  20.5  22.6  18.7   MM   MM    MM
2026 09 23 14 20 310  1.0  2.0   0.9    16   5.9 210 1010.6  20.5  22.6  18.8   MM   MM    MM
2026 09 23 14 10 320  1.0  2.0   0.9    MM   5.9 210 1010.5  20.5  22.6  18.8   MM   MM    MM
2026 09 23 14 00  MM  0.0  1.0    MM    MM    MM  MM 1010.5  20.5  22.6  18.8   MM +0.4    MM
2026 09 23 13 50 290  1.0  2.0   0.9    16   6.1 213 1010.5  20.5  22.6  18.8   MM   MM    MM
2026 09 23 13 40 300  1.0  2.0   0.9    MM   6.1 213 1010.4  20.5  22.6  18.8   MM   MM    MM
2026 09 23 13 30  MM  0.0  1.0    MM    MM    MM  MM 1010.3  20.5  22.6  18.8   MM   MM    MM
2026 09 23 13 20 270  1.0  2.0   0.9    16   6.1 242 1010.2  20.5  22.6  18.8   MM   MM    MM
2026 09 23 13 10 270  1.0  2.0   0.9    MM   6.1 242 1010.2  20.5  22.6  18.8   MM   MM    MM
2026 09 23 13 00 290  1.0  1.0    MM    MM    MM  MM 1010.1  20.5    MM  18.8   MM -0.0    MM
2026 09 23 12 50 280  1.0  1.0   0.8    16   5.7 178 1010.0  20.5  22.6  18.8   MM   MM    MM
2026 09 23 12 40 270  1.0  1.0    MM    MM    MM  MM 1010.0  20.5  22.6  18.7   MM   MM    MM
2026 09 23 12 30 270  1.0  1.0    MM    MM    MM  MM 1009.9  20.5  22.6  18.7   MM   MM    MM
2026 09 23 12 20 250  1.0  1.0   0.9    16   6.2 231 1009.8  20.5  22.6  18.7   MM   MM    MM
2026 09 23 12 10 270  1.0  2.0   0.9    MM   6.2 231 1009.8  20.5  22.6  18.7   MM   MM    MM
2026 09 23 12 00 260  1.0  2.0    MM    MM    MM  MM 1009.7  20.6  22.6  18.7   MM -0.5    MM
2026 09 23 11 50 260  1.0  2.0   0.9    15   5.7 207 1009.7  20.5  22.6  18.6   MM   MM    MM
2026 09 23 11 40 240  1.0  2.0    MM    MM    MM  MM 1009.9  20.5  22.6  18.6   MM   MM    MM
2026 09 23 11 30 240  1.0  2.0    MM    MM    MM  MM 1009.9  20.5  22.7  18.6   MM   MM    MM
2026 09 23 11 20 260  1.0  2.0   0.8    16   5.7 224 1009.9  20.5  22.6  18.6   MM   MM    MM
2026 09 23 11 10 260  1.0  2.0   0.8    MM   5.7 224 1010.0  20.5  22.7  18.6   MM   MM    MM
2026 09 23 11 00 250  2.0  2.0    MM    MM    MM  MM 1010.0  20.5  22.7  18.6   MM -0.3    MM
2026 09 23 10 50 240  2.0  2.0   0.8    16   5.5 197 1010.1  20.5  22.7  18.6   MM   MM    MM
2026 09 23 10 40 250  2.0  2.0    MM    MM    MM  MM 1010.1  20.5  22.7  18.6   MM   MM    MM
2026 09 23 10 30 230  2.0  2.0    MM    MM    MM  MM 1010.1  20.5  22.7  18.7   MM   MM    MM
2026 09 23 10 20 230  2.0  2.0   0.9    16   5.7 214 1010.1  20.5  22.7  18.6   MM   MM    MM
2026 09 23 10 10 230  2.0  2.0    MM    MM    MM  MM 1010.1  20.5  22.7  18.6   MM   MM    MM
2026 09 23 10 00 220  2.0  3.0    MM    MM    MM  MM 1010.2  20.6  22.7  18.7   MM +0.0    MM
2026 09 23 09 50 230  2.0  3.0   1.0    16   5.7 228 1010.2  20.6  22.7  18.7   MM   MM    MM
2026 09 23 09 40 210  2.0  3.0    MM    MM    MM  MM 1010.3  20.6  22.7  18.7   MM   MM    MM
2026 09 23 09 30 210  2.0  3.0    MM    MM    MM  MM 1010.3  20.7  22.7  18.8   MM   MM    MM
2026 09 23 09 20 220  3.0  4.0   1.0    16   5.5 228 1010.3  20.7  22.7  18.7   MM   MM    MM
2026 09 23 09 10 220  3.0  3.0    MM    MM    MM  MM 1010.3  20.7  22.7  18.8   MM   MM    MM
2026 09 23 09 00 220  3.0  4.0    MM    MM    MM  MM 1010.3  20.8  22.7  18.8   MM +0.0    MM
2026 09 23 08 50 220  3.0  4.0   0.9    16   5.4 187 1010.3  20.9  22.7  18.8   MM   MM    MM
2026 09 23 08 40 210  3.0  4.0    MM    MM    MM  MM 1010.3  21.2  22.7  18.6   MM   MM    MM
2026 09 23 08 30 200  2.0  3.0    MM    MM    MM  MM 1010.3  21.2  22.7  18.4   MM   MM    MM
2026 09 23 08 20 220  2.0  3.0   1.0    16   5.7 274 1010.3  21.2  22.7  18.4   MM   MM    MM
2026 09 23 08 10 230  1.0  2.0   1.0    MM   5.7 274 1010.3  21.2  22.7  18.4   MM   MM    MM
2026 09 23 08 00 350  3.0  4.0    MM    MM    MM  MM 1010.3  21.4  22.7  18.7   MM +0.0    MM
2026 09 23 07 50 360  3.0  4.0   0.9    MM   5.5 229 1010.4  21.4  22.7  18.7   MM   MM    MM
2026 09 23 07 40  MM   MM   MM   0.9    16   5.5 229     MM    MM    MM    MM   MM   MM    MM
2026 09 23 07 30 310  2.0  3.0    MM    MM    MM  MM 1010.3  21.4  22.7  18.3   MM   MM    MM
2026 09 23 07 20 330  2.0  3.0   0.9    16   5.1 246 1010.3  21.3  22.7  18.3   MM   MM    MM
2026 09 23 07 10 350  3.0  4.0   0.9    MM   5.1 246 1010.3  21.2  22.7  18.2   MM   MM    MM
2026 09 23 07 00 350  3.0  4.0    MM    MM    MM  MM 1010.3  21.2  22.7  18.1   MM +0.0    MM
2026 09 23 06 50 340  3.0  4.0   0.9    MM   5.0 241 1010.3  21.2  22.7  17.9   MM   MM    MM
2026 09 23 06 40  MM   MM   MM   0.9    16   5.0 241     MM    MM    MM    MM   MM   MM    MM
2026 09 23 06 30 340  4.0  5.0    MM    MM    MM  MM 1010.5  21.2  22.7  18.1   MM   MM    MM
2026 09 23 06 20 340  4.0  4.0   1.0    16   5.4 244 1010.5  21.3  22.7  18.3   MM   MM    MM
2026 09 23 06 10 340  4.0  5.0   1.0    MM   5.4 244 1010.4  21.4  22.7  18.1   MM   MM    MM
2026 09 23 06 00 350  2.0  4.0    MM    MM    MM  MM 1010.4  21.1  22.7  18.3   MM +0.5    MM
2026 09 23 05 50  10  1.0  2.0   1.0    16   5.3 235 1010.3  21.0  22.7  18.4   MM   MM    MM
2026 09 23 05 40 350  1.0  2.0    MM    MM    MM  MM 1010.4  21.0  22.7  18.2   MM   MM    MM
2026 09 23 05 30 340  1.0  2.0    MM    MM    MM  MM 1010.5  21.0  22.7  18.2   MM   MM    MM
2026 09 23 05 20 320  1.0  1.0   0.9    16   5.0 232 1010.5  20.9  22.7  18.0   MM   MM    MM
2026 09 23 05 10 300  1.0  2.0   0.9    MM   5.0 232 1010.5  20.9  22.7  18.0   MM   MM    MM
2026 09 23 05 00 300  1.0  2.0    MM    MM    MM  MM 1010.5  20.7  22.7  17.8   MM +0.5    MM
2026 09 23 04 50 310  1.0  1.0   1.0    16   5.3 252 1010.5  20.6  22.7  17.8   MM   MM    MM
2026 09 23 04 40 300  1.0  2.0    MM    MM    MM  MM 1010.5  20.6  22.7  18.1   MM   MM    MM
2026 09 23 04 30 320  1.0  2.0    MM    MM    MM  MM 1010.4  20.6  22.7  18.2   MM   MM    MM
2026 09 23 04 20 330  2.0  3.0   0.9    16   4.9 198 1010.5  20.6  22.7  18.2   MM   MM    MM
2026 09 23 04 10 330  3.0  4.0   0.9    MM   4.9 198 1010.4  20.7  22.7  18.4   MM   MM    MM
2026 09 23 04 00 300  2.0  4.0    MM    MM    MM  MM 1010.4  20.6  22.7  18.2   MM +0.3    MM
2026 09 23 03 50 280  2.0  3.0   0.9    16   4.8 199 1010.3  20.5  22.7  18.0   MM   MM    MM
2026 09 23 03 40 280  3.0  4.0    MM    MM    MM  MM 1010.2  20.5  22.7  18.0   MM   MM    MM
2026 09 23 03 30 270  4.0  5.0    MM    MM    MM  MM 1010.0  20.5  22.7  18.0   MM   MM    MM
2026 09 23 03 20 270  5.0  6.0   0.9    16   4.6 198 1010.0  20.5  22.7  18.0   MM   MM    MM
2026 09 23 03 10 260  5.0  6.0   0.9    MM   4.6 198 1009.9  20.6  22.7  18.0   MM   MM    MM
2026 09 23 03 00 260  6.0  7.0    MM    MM    MM  MM 1009.9  20.4  22.7  17.7   MM -0.4    MM
2026 09 23 02 50 260  6.0  7.0   0.8    16   4.5 159 1009.8  20.5  22.7  18.0   MM   MM    MM
2026 09 23 02 40 260  5.0  6.0    MM    MM    MM  MM 1009.9  20.5  22.8  17.8   MM   MM    MM
2026 09 23 02 30 270  5.0  6.0    MM    MM    MM  MM 1009.9  20.5    MM  17.7   MM   MM    MM
2026 09 23 02 20 270  5.0  6.0   0.8    16   5.1 262 1010.0  20.3  22.8  17.8   MM   MM    MM
2026 09 23 02 10 270  5.0  5.0   0.8    MM   5.1 262 1010.0  20.3  22.8  18.1   MM   MM    MM
2026 09 23 02 00 270  5.0  6.0    MM    MM    MM  MM 1010.0  20.4  22.8  18.3   MM -0.9    MM
2026 09 23 01 50 270  5.0  6.0   0.7    16   4.5 136 1010.0  20.4  22.8  18.2   MM   MM    MM
2026 09 23 01 40 280  6.0  6.0    MM    MM    MM  MM 1010.1  20.7  22.8  18.3   MM   MM    MM
2026 09 23 01 30 280  5.0  7.0    MM    MM    MM  MM 1010.1  20.8  22.8  18.0   MM   MM    MM
2026 09 23 01 20 280  5.0  6.0   0.7    16   4.6 243 1010.1  20.5  22.8  17.6   MM   MM    MM
2026 09 23 01 10 270  5.0  6.0   0.7    MM   4.6 243 1010.0  20.4  22.8  17.8   MM   MM    MM
2026 09 23 01 00 270  6.0  7.0    MM    MM    MM  MM 1010.1  20.3  22.9  17.8   MM -1.3    MM
2026 09 23 00 50 270  5.0  6.0   0.8    16   5.4 235 1010.2  20.4    MM  18.0   MM   MM    MM
2026 09 23 00 40 270  6.0  7.0    MM    MM    MM  MM 1010.3  20.4  22.9  18.0   MM   MM    MM
2026 09 23 00 30 260  6.0  7.0    MM    MM    MM  MM 1010.3  20.4  22.9  17.8   MM   MM    MM
2026 09 23 00 20 260  6.0  7.0   0.7    16   5.7 229 1010.4  20.5  22.9  17.9   MM   MM    MM
2026 09 23 00 10 270  5.0  6.0   0.7    MM   5.7 229 1010.3  20.5  22.9  17.7   MM   MM    MM
2026 09 23 00 00 260  5.0  6.0    MM    MM    MM  MM 1010.4  20.4  23.0  17.6   MM -1.9    MM
2026 09 22 23 50 260  5.0  6.0   0.8    16   5.9 218 1010.5  20.5    MM  17.7   MM   MM    MM
2026 09 22 23 40 260  4.0  5.0    MM    MM    MM  MM 1010.6  20.4  23.0  17.5   MM   MM    MM
2026 09 22 23 30 260  4.0  5.0    MM    MM    MM  MM 1010.7  20.4  23.0  17.7   MM   MM    MM
2026 09 22 23 20 260  4.0  5.0   0.7    16   5.6 126 1010.8  20.4  23.0  17.6   MM   MM    MM
2026 09 22 23 10 250  4.0  5.0    MM    MM    MM  MM 1010.9  20.4  23.0  17.4   MM   MM    MM
2026 09 22 23 00 260  4.0  5.0    MM    MM    MM  MM 1011.0  20.4    MM  17.5   MM -1.8    MM
2026 09 22 22 50 250  4.0  5.0   0.8    16   5.9 255 1011.0  20.4  23.0  17.5   MM   MM    MM
2026 09 22 22 40 260  4.0  5.0   0.8    MM   5.9 255 1011.1  20.4  23.0  17.5   MM   MM    MM
2026 09 22 22 30 250  4.0  5.0    MM    MM    MM  MM 1011.2  20.4  23.0  17.5   MM   MM    MM
2026 09 22 22 20 250  4.0  6.0   0.8    16   5.8 201 1011.2  20.4  23.0  17.4   MM   MM    MM
2026 09 22 22 10 250  4.0  5.0   0.8    MM   5.8 201 1011.4  20.4  23.0  17.5   MM   MM    MM
2026 09 22 22 00 260  5.0  6.0    MM    MM    MM  MM 1011.4  20.3  23.0  17.4   MM -2.0    MM
2026 09 22 21 50 250  5.0  6.0   0.8    16   5.7 200 1011.7  20.3  23.1  17.5   MM   MM    MM
2026 09 22 21 40 250  5.0  6.0   0.8    MM   5.7 200 1011.7  20.3  23.1  17.6   MM   MM    MM
2026 09 22 21 30 250  5.0  6.0    MM    MM    MM  MM 1011.8  20.2  23.1  17.5   MM   MM    MM
2026 09 22 21 20 250  5.0  6.0   0.7    16   5.3 217 1011.9  20.1  23.1  17.4   MM   MM    MM
2026 09 22 21 10 260  5.0  6.0   0.7    MM   5.3 217 1012.1  20.1  23.0  17.5   MM   MM    MM
2026 09 22 21 00 260  5.0  6.0    MM    MM    MM  MM 1012.2  20.1  23.0  17.5   MM -1.6    MM
2026 09 22 20 50 250  5.0  5.0   0.8    16   5.4 153 1012.4  20.1  23.1  17.6   MM   MM    MM
2026 09 22 20 40 250  5.0  6.0    MM    MM    MM  MM 1012.5  20.1  23.1  17.6   MM   MM    MM
2026 09 22 20 30 250  5.0  6.0    MM    MM    MM  MM 1012.6  20.2  23.1  17.7   MM   MM    MM
2026 09 22 20 20 250  4.0  6.0   0.8    16   5.7 222 1012.6  20.2  23.0  17.6   MM   MM    MM
2026 09 22 20 10 250  4.0  5.0    MM    MM    MM  MM 1012.8  20.3  23.0  17.7   MM   MM    MM
2026 09 22 20 00 250  4.0  5.0    MM    MM    MM  MM 1012.8  20.3  23.0  17.5   MM -1.0    MM
2026 09 22 19 50 260  3.0  5.0   0.8    16   5.8 164 1012.9  20.3  23.0  17.3   MM   MM    MM
2026 09 22 19 40 260  3.0  4.0   0.8    MM   5.8 164 1012.9  20.2  23.1  17.2   MM   MM    MM
2026 09 22 19 30 260  3.0  5.0    MM    MM    MM  MM 1013.0  20.2  23.0  17.2   MM   MM    MM
2026 09 22 19 20 250  3.0  4.0   0.9    16   5.7 225 1013.2  20.1  23.0  17.1   MM   MM    MM
2026 09 22 19 10 260  3.0  4.0   0.9    MM   5.7 225 1013.3  20.1  23.0  17.2   MM   MM    MM
2026 09 22 19 00 280  3.0  4.0    MM    MM    MM  MM 1013.3  20.2    MM  17.3   MM -0.5    MM
2026 09 22 18 50 280  2.0  3.0   0.9    MM   5.4 238 1013.4  20.1  22.9  17.1   MM   MM    MM
2026 09 22 18 40  MM   MM   MM   0.9    16   5.4 238     MM    MM    MM    MM   MM   MM    MM
2026 09 22 18 30 280  2.0  3.0    MM    MM    MM  MM 1013.5  20.0  22.9  16.9   MM   MM    MM
2026 09 22 18 20 290  2.0  3.0   1.0    16   5.9 204 1013.6  20.0  22.9  17.1   MM   MM    MM
2026 09 22 18 10 300  2.0  3.0   1.0    MM   5.9 204 1013.7  20.0  22.9  16.9   MM   MM    MM
2026 09 22 18 00 310  2.0  3.0    MM    MM    MM  MM 1013.8  19.9  22.9  16.8   MM +0.0    MM
2026 09 22 17 50 300  2.0  3.0   0.9    16   5.6 224 1013.8  20.0  22.8  16.9   MM   MM    MM
2026 09 22 17 40 310  2.0  4.0    MM    MM    MM  MM 1013.8  20.0  22.8  16.8   MM   MM    MM
2026 09 22 17 30 300  3.0  3.0    MM    MM    MM  MM 1013.8  20.1  22.8  17.0   MM   MM    MM
2026 09 22 17 20 310  2.0  3.0   1.0    16   5.9 224 1013.8  20.1  22.8  16.7   MM   MM    MM
2026 09 22 17 10 310  2.0  3.0    MM    MM    MM  MM 1013.8  20.0  22.8  16.4   MM   MM    MM
2026 09 22 17 00 320  2.0  3.0    MM    MM    MM  MM 1013.8  20.1  22.8  16.5   MM +0.4    MM
2026 09 22 16 50 330  2.0  3.0   0.9    16   5.2 255 1013.7  20.1  22.8  16.5   MM   MM    MM
2026 09 22 16 40 320  2.0  3.0    MM    MM    MM  MM 1013.8  20.1  22.8  16.6   MM   MM    MM
2026 09 22 16 30 320  2.0  3.0    MM    MM    MM  MM 1013.9  20.0  22.8  16.5   MM   MM    MM
2026 09 22 16 20 330  2.0  3.0   0.9    16   5.5 227 1013.9  20.0  22.8  16.6   MM   MM    MM
2026 09 22 16 10 330  2.0  4.0   0.9    MM   5.5 227 1013.8  19.9  22.8  16.5   MM   MM    MM
2026 09 22 16 00 320  3.0  4.0    MM    MM    MM  MM 1013.8  19.9  22.7  16.7   MM +0.9    MM
2026 09 22 15 50 320  3.0  4.0   0.9     6   5.1 263 1013.8  19.9    MM  16.8   MM   MM    MM
2026 09 22 15 40 320  3.0  4.0    MM    MM    MM  MM 1013.8  19.9  22.7  16.9   MM   MM    MM
2026 09 22 15 30 290  2.0  3.0    MM    MM    MM  MM 1013.8  19.9    MM  17.0   MM   MM    MM
2026 09 22 15 20 310  3.0  4.0   0.9    16   5.3 156 1013.7  19.9  22.7  17.2   MM   MM    MM
2026 09 22 15 10 270  3.0  5.0   0.9    MM   5.3 156 1013.8  19.9  22.7  17.0   MM   MM    MM
2026 09 22 15 00 260  4.0  4.0    MM    MM    MM  MM 1013.7  19.8  22.7  16.9   MM +1.0    MM
2026 09 22 14 50 260  3.0  5.0   0.9    16   5.4 214 1013.7  19.8  22.7  16.9   MM   MM    MM
2026 09 22 14 40 250  4.0  5.0    MM    MM    MM  MM 1013.7  19.8  22.7  16.9   MM   MM    MM
2026 09 22 14 30 250  4.0  5.0    MM    MM    MM  MM 1013.6  19.6  22.7  16.7   MM   MM    MM
2026 09 22 14 20 250  4.0  5.0   0.9    17   5.3 186 1013.6  19.6  22.7  16.7   MM   MM    MM
2026 09 22 14 10 250  4.0  5.0   0.9    MM   5.3 186 1013.5  19.6  22.7  16.7   MM   MM    MM
2026 09 22 14 00 250  4.0  5.0    MM    MM    MM  MM 1013.4  19.6  22.7  16.8   MM +0.5    MM
2026 09 22 13 50 250  5.0  6.0   0.9    17   5.1 230 1013.3  19.6  22.7  16.8   MM   MM    MM
2026 09 22 13 40 250  5.0  6.0   0.9    MM   5.1 230 1013.2  19.6  22.7  16.8   MM   MM    MM
2026 09 22 13 30 250  5.0  6.0    MM    MM    MM  MM 1013.1  19.6  22.7  16.8   MM   MM    MM
2026 09 22 13 20 250  5.0  6.0   0.8    17   5.0 250 1013.0  19.5  22.7  16.8   MM   MM    MM
2026 09 22 13 10 250  5.0  6.0   0.8    MM   5.0 250 1013.0  19.5  22.7  16.8   MM   MM    MM
2026 09 22 13 00 250  5.0  6.0    MM    MM    MM  MM 1012.9  19.6  22.7  17.0   MM -0.0    MM
2026 09 22 12 50 250  4.0  6.0   0.9    16   5.1 253 1012.9  19.6  22.7  16.9   MM   MM    MM
2026 09 22 12 40 250  4.0  6.0    MM    MM    MM  MM 1012.9  19.6  22.7  16.9   MM   MM    MM
2026 09 22 12 30 250  4.0  6.0    MM    MM    MM  MM 1012.9  19.6  22.7  16.8   MM   MM    MM
2026 09 22 12 20 240  5.0  6.0   0.9    12   5.0 153 1012.8  19.6  22.7  16.9   MM   MM    MM
2026 09 22 12 10 240  5.0  6.0   0.9    MM   5.0 153 1012.8  19.7  22.7  17.0   MM   MM    MM
2026 09 22 12 00 240  5.0  6.0    MM    MM    MM  MM 1012.7  19.8  22.7  17.2   MM -0.4    MM
2026 09 22 11 50 240  5.0  6.0   0.9    16   4.9 248 1012.8  19.7  22.7  17.1   MM   MM    MM
2026 09 22 11 40 240  5.0  6.0    MM    MM    MM  MM 1012.8  19.8  22.7  17.2   MM   MM    MM
2026 09 22 11 30 240  5.0  6.0    MM    MM    MM  MM 1012.8  20.0  22.7  17.3   MM   MM    MM
2026 09 22 11 20 230  4.0  5.0   1.0    16   5.2 222 1012.8  20.2  22.6  17.4   MM   MM    MM
2026 09 22 11 10 230  3.0  4.0   1.0    MM   5.2 222 1012.9  20.1  22.6  17.1   MM   MM    MM
2026 09 22 11 00 220  3.0  3.0    MM    MM    MM  MM 1012.9  20.1  22.6  17.1   MM +0.0    MM
2026 09 22 10 50 220  2.0  3.0   1.0    17   5.2 280 1012.9  20.1  22.6  17.2   MM   MM    MM
2026 09 22 10 40 220  3.0  3.0    MM    MM    MM  MM 1012.9  20.0  22.6  17.1   MM   MM    MM
2026 09 22 10 30 220  2.0  4.0    MM    MM    MM  MM 1012.9  20.1  22.6  17.2   MM   MM    MM
2026 09 22 10 20 220  2.0  3.0   1.0    16   5.5 209 1012.9  20.1  22.6  17.3   MM   MM    MM
2026 09 22 10 10 230  3.0  4.0   1.0    MM   5.5 209 1012.9  20.1  22.6  17.3   MM   MM    MM
2026 09 22 10 00 220  3.0  4.0    MM    MM    MM  MM 1012.9  20.2  22.6  17.5   MM +0.0    MM
2026 09 22 09 50 210  3.0  4.0   1.1    17   5.4 197 1013.0  20.3  22.6  17.5   MM   MM    MM
2026 09 22 09 40 160  1.0  3.0    MM    MM    MM  MM 1012.9  20.5  22.5  17.6   MM   MM    MM
2026 09 22 09 30 340  1.0  3.0    MM    MM    MM  MM 1012.9  20.4  22.5  17.3   MM   MM    MM
2026 09 22 09 20 330  3.0  4.0   1.0    17   5.2 209 1013.0    MM    MM    MM   MM   MM    MM
2026 09 22 09 10 320  3.0  4.0    MM    MM    MM  MM 1013.0  20.4  22.5  17.3   MM   MM    MM
2026 09 22 09 00 310  3.0  5.0    MM    MM    MM  MM 1013.0  20.5  22.5  17.4   MM +0.0    MM
2026 09 22 08 50 260  1.0  3.0   1.0    16   5.0 291 1013.0  20.5  22.5  17.1   MM   MM    MM
2026 09 22 08 40 300  3.0  4.0    MM    MM    MM  MM 1012.9  20.6  22.5  17.4   MM   MM    MM
2026 09 22 08 30 310  3.0  4.0    MM    MM    MM  MM 1012.9  20.6  22.4  17.2   MM   MM    MM
2026 09 22 08 20 320  2.0  3.0   1.1    17   5.1 273 1013.0  20.5  22.4  16.8   MM   MM    MM
2026 09 22 08 10 310  3.0  4.0    MM    MM    MM  MM 1012.9  20.5  22.4  16.8   MM   MM    MM
2026 09 22 08 00 310  3.0  4.0    MM    MM    MM  MM 1012.9  20.4  22.4  16.6   MM -0.3    MM
2026 09 22 07 50 310  3.0  4.0   1.2    16   5.1 228 1013.0  20.5    MM  17.0   MM   MM    MM
2026 09 22 07 40 300  3.0  5.0   1.2    MM   5.1 228 1013.0  20.4  22.4  16.8   MM   MM    MM
2026 09 22 07 30 320  4.0  5.0    MM    MM    MM  MM 1013.1  20.5  22.4  17.3   MM   MM    MM
2026 09 22 07 20 320  4.0  5.0   1.2    16   4.9 221 1013.1  20.5  22.4  17.3   MM   MM    MM
2026 09 22 07 10 310  3.0  4.0   1.2    MM   4.9 221 1013.0  20.6  22.4  17.1   MM   MM    MM
2026 09 22 07 00 310  4.0  5.0    MM    MM    MM  MM 1013.0  20.7  22.4  16.6   MM +0.0    MM
2026 09 22 06 50 310  4.0  5.0   1.2    17   5.1 278 1013.0  20.6  22.5  16.5   MM   MM    MM
2026 09 22 06 40 310  4.0  5.0    MM    MM    MM  MM 1013.2  20.6  22.4  16.8   MM   MM    MM
2026 09 22 06 30 310  5.0  6.0    MM    MM    MM  MM 1013.2  20.5  22.4  16.9   MM   MM    MM
2026 09 22 06 20 310  4.0  6.0   1.2     5   4.9 273 1013.2  20.7  22.4  17.0   MM   MM    MM
2026 09 22 06 10 300  4.0  5.0    MM    MM    MM  MM 1013.1  20.7  22.4  16.8   MM   MM    MM
2026 09 22 06 00 300  4.0  5.0    MM    MM    MM  MM 1013.2  20.7  22.4  17.0   MM +0.9    MM
2026 09 22 05 50 300  4.0  5.0   1.2    17   5.0 198 1013.2  20.7  22.4  16.7   MM   MM    MM
2026 09 22 05 40 300  4.0  5.0    MM    MM    MM  MM 1013.2  20.6  22.5  16.6   MM   MM    MM
2026 09 22 05 30 300  4.0  4.0    MM    MM    MM  MM 1013.3  20.6  22.5  16.9   MM   MM    MM
2026 09 22 05 20 300  4.0  5.0   1.2    16   5.0 219 1013.4  20.6  22.6  17.1   MM   MM    MM
2026 09 22 05 10 310  4.0  5.0   1.2    MM   5.0 219 1013.2  20.6  22.6  17.1   MM   MM    MM
2026 09 22 05 00 320  4.0  5.0    MM    MM    MM  MM 1013.4  20.6  22.6  17.1   MM +1.0    MM
2026 09 22 04 50 320  4.0  5.0   1.1     6   4.9 260 1013.3  20.6  22.6  17.3   MM   MM    MM
2026 09 22 04 40 320  4.0  5.0    MM    MM    MM  MM 1013.2  20.6  22.6  17.5   MM   MM    MM
2026 09 22 04 30 310  4.0  5.0    MM    MM    MM  MM 1013.2  20.6  22.5  17.5   MM   MM    MM
2026 09 22 04 20 310  3.0  5.0   1.1     6   4.6 258 1013.1  20.5  22.5  17.5   MM   MM    MM
2026 09 22 04 10 310  4.0  5.0   1.1    MM   4.6 258 1013.1  20.5  22.5  17.5   MM   MM    MM
2026 09 22 04 00 320  4.0  5.0    MM    MM    MM  MM 1013.0  20.5  22.5  17.5   MM +0.9    MM
2026 09 22 03 50 300  4.0  5.0   1.1    17   4.9 212 1013.0  20.5  22.5  17.5   MM   MM    MM
2026 09 22 03 40 310  5.0  6.0   1.1    MM   4.9 212 1012.9  20.5  22.5  17.6   MM   MM    MM
2026 09 22 03 30 310  5.0  7.0    MM    MM    MM  MM 1012.7  20.5  22.5  17.7   MM   MM    MM
2026 09 22 03 20 320  5.0  6.0   1.1     5   4.5 258 1012.6  20.5  22.5  17.7   MM   MM    MM
2026 09 22 03 10 320  5.0  6.0   1.1    MM   4.5 258 1012.5  20.7  22.6  18.0   MM   MM    MM
2026 09 22 03 00 290  6.0  8.0    MM    MM    MM  MM 1012.4  20.8  22.6  17.8   MM -0.0    MM
2026 09 22 02 50 280  7.0  8.0   1.0    16   4.6 230 1012.3  20.7  22.6  17.6   MM   MM    MM
2026 09 22 02 40 280  7.0  8.0    MM    MM    MM  MM 1012.2  20.6  22.6  17.4   MM   MM    MM
2026 09 22 02 30 280  7.0  8.0    MM    MM    MM  MM 1012.3  20.7  22.6  17.5   MM   MM    MM
2026 09 22 02 20 280  7.0  8.0   1.1    17   4.8 204 1012.2  20.6  22.6  17.4   MM   MM    MM
2026 09 22 02 10 270  7.0  8.0    MM    MM    MM  MM 1012.2  20.7  22.7  17.6   MM   MM    MM
2026 09 22 02 00 270  7.0  8.0    MM    MM    MM  MM 1012.3  20.6  22.7  17.5   MM -0.3    MM
2026 09 22 01 50 270  7.0  8.0   1.0    17   4.4 238 1012.2  20.7  22.7  17.5   MM   MM    MM
2026 09 22 01 40 270  7.0  8.0    MM    MM    MM  MM 1012.2  20.7  22.7  17.3   MM   MM    MM
2026 09 22 01 30 280  7.0  8.0    MM    MM    MM  MM 1012.2  20.8  22.8  17.4   MM   MM    MM
2026 09 22 01 20 280  7.0  8.0   0.9    16   4.4 211 1012.1  20.7  22.8  17.4   MM   MM    MM
2026 09 22 01 10 270  7.0  8.0    MM    MM    MM  MM 1012.1  20.7  22.8  17.5   MM   MM    MM
2026 09 22 01 00 270  6.0  8.0    MM    MM    MM  MM 1012.1  20.7  22.8  17.6   MM -0.8    MM
2026 09 22 00 50 270  7.0  8.0   0.8    17   4.7 235 1012.2  20.6  22.9  17.3   MM   MM    MM
2026 09 22 00 40 270  6.0  7.0    MM    MM    MM  MM 1012.2  20.6  22.9  17.3   MM   MM    MM
2026 09 22 00 30 260  6.0  8.0    MM    MM    MM  MM 1012.2  20.6  22.9  17.3   MM   MM    MM
2026 09 22 00 20 260  6.0  7.0   0.9    17   5.3 182 1012.3  20.7  22.9  17.4   MM   MM    MM
2026 09 22 00 10 260  6.0  7.0   0.9    MM   5.3 182 1012.4  20.8  22.9  17.4   MM   MM    MM
2026 09 22 00 00 260  5.0  7.0    MM    MM    MM  MM 1012.5  21.0  22.9  17.3   MM -0.8    MM
2026 09 21 23 50 260  5.0  6.0   0.8    16   5.0 281 1012.5  21.0  22.9  17.2   MM   MM    MM
2026 09 21 23 40 270  4.0  5.0    MM    MM    MM  MM 1012.6  21.0  23.0  17.3   MM   MM    MM
2026 09 21 22 50 270  5.0  6.0   0.8    17   5.7 209 1012.7  20.9  23.1  17.7   MM   MM    MM
2026 09 21 22 40 270  5.0  6.0    MM    MM    MM  MM 1012.8  20.9  23.1  17.7   MM   MM    MM
2026 09 21 22 30 280  5.0  6.0    MM    MM    MM  MM 1012.8  21.0  23.2  17.6   MM   MM    MM
2026 09 21 22 20 280  4.0  5.0   0.8    17   5.5 214 1012.8  21.0  22.8  17.2   MM   MM    MM
2026 09 21 22 00 290  4.0  5.0    MM    MM    MM  MM 1012.9  21.1  22.8  17.1   MM -1.5    MM
2026 09 21 21 50 290  4.0  5.0   0.8    17   5.7 220 1013.0  21.3  22.8  17.0   MM   MM    MM
2026 09 21 21 40 280  3.0  4.0    MM    MM    MM  MM 1013.0  21.3  22.9  16.2   MM   MM    MM
2026 09 21 21 30 300  2.0  3.0    MM    MM    MM  MM 1013.0  21.1  22.8  16.0   MM   MM    MM
2026 09 21 21 20 290  3.0  3.0   0.8    17   5.7 205 1013.1  21.0  22.7  16.2   MM   MM    MM
2026 09 21 21 10 310  3.0  3.0   0.8    MM   5.7 205 1013.2  21.0  22.8  16.5   MM   MM    MM
2026 09 21 21 00 310  3.0  4.0    MM    MM    MM  MM 1013.3  21.0  22.8  16.7   MM -1.2    MM
2026 09 21 20 50 300  3.0  4.0   0.8    17   5.3 223 1013.3  21.0  22.8  16.7   MM   MM    MM
2026 09 21 20 40 300  3.0  4.0    MM    MM    MM  MM 1013.5  21.2  22.8  16.8   MM   MM    MM
2026 09 21 20 30 270  1.0  4.0    MM    MM    MM  MM 1013.6  21.8  22.7  15.9   MM   MM    MM
2026 09 21 20 20 240  1.0  2.0   0.9    17   5.6 171 1013.8  22.0  22.7  15.6   MM   MM    MM
2026 09 21 20 10  MM  0.0  1.0    MM    MM    MM  MM 1013.9  22.0  22.7  15.6   MM   MM    MM
2026 09 21 20 00  MM  0.0  1.0    MM    MM    MM  MM 1014.1  21.6  22.7  15.5   MM +0.0    MM
2026 09 21 19 50 260  1.0  1.0   0.9    MM   5.9 166 1014.1  21.9  22.7  15.6   MM   MM    MM
2026 09 21 19 40  MM   MM   MM   0.9    16   5.9 166     MM    MM    MM    MM   MM   MM    MM
2026 09 21 19 30  MM  0.0  1.0    MM    MM    MM  MM 1014.2  21.9  22.7  15.6   MM   MM    MM
2026 09 21 19 20  MM  0.0  1.0   0.8    MM   5.4 182 1014.7  21.5  22.7  15.5   MM   MM    MM
2026 09 21 19 10  MM  0.0  2.0   0.8    MM   5.4 182 1014.4  21.3  22.7  15.5   MM   MM    MM
2026 09 21 19 00  80  1.0  2.0    MM    MM    MM  MM 1014.3  21.3  22.7  15.5   MM +0.0    MM
2026 09 21 18 50  90  1.0  2.0   0.8    16   5.5 235 1014.4  21.3  22.7  15.4   MM   MM    MM
2026 09 21 18 40  90  1.0  2.0   0.8    MM   5.5 235 1014.4  21.3  22.7  15.5   MM   MM    MM
2026 09 21 18 30  80  1.0  2.0    MM    MM    MM  MM 1014.5  21.2  22.7  15.4   MM   MM    MM
2026 09 21 18 20  70  1.0  2.0   0.8    17   5.3 227 1014.5  21.2  22.7  15.3   MM   MM    MM
2026 09 21 18 10  70  1.0  2.0   0.8    MM   5.3 227 1014.5  21.2  22.7  15.4   MM   MM    MM
2026 09 21 18 00  70  1.0  2.0    MM    MM    MM  MM 1014.6  21.2  22.7  15.5   MM +0.5    MM
2026 09 21 17 50  50  2.0  3.0   0.8    17   5.1 228 1014.6  21.2  22.6  15.5   MM   MM    MM
2026 09 21 17 40  80  2.0  3.0    MM    MM    MM  MM 1014.6  21.2  22.6  15.6   MM   MM    MM
2026 09 21 17 30  70  2.0  3.0    MM    MM    MM  MM 1014.5  21.2  22.6  15.5   MM   MM    MM
2026 09 21 17 20  80  2.0  3.0   0.8    17   5.3 210 1014.4  21.2  22.6  15.4   MM   MM    MM
2026 09 21 17 10  70  2.0  3.0    MM    MM    MM  MM 1014.3  21.2  22.6  15.4   MM   MM    MM
2026 09 21 17 00  90  2.0  3.0    MM    MM    MM  MM 1014.3  21.2  22.6  15.3   MM +0.9    MM
2026 09 21 16 50  80  3.0  3.0   0.8    17   5.3 221 1014.3  21.2  22.6  15.4   MM   MM    MM
2026 09 21 16 40  70  3.0  3.0    MM    MM    MM  MM 1014.1  21.2  22.5  15.5   MM   MM    MM
2026 09 21 16 30  80  3.0  4.0    MM    MM    MM  MM 1014.1  21.1  22.5  15.3   MM   MM    MM
2026 09 21 16 20  80  2.0  3.0   0.9    17   5.7 209 1014.2  21.1  22.5  15.3   MM   MM    MM
2026 09 21 16 10  90  2.0  3.0    MM    MM    MM  MM 1014.2  21.0  22.5  15.1   MM   MM    MM
2026 09 21 16 00 100  2.0  3.0    MM    MM    MM  MM 1014.3  21.0  22.5  15.1   MM +1.1    MM
2026 09 21 15 50 100  1.0  2.0   0.9    17   5.4 228 1014.4  21.0  22.5  15.0   MM   MM    MM
2026 09 21 15 40 130  2.0  2.0    MM    MM    MM  MM 1014.3  21.0  22.4  14.9   MM   MM    MM
2026 09 21 15 30 130  1.0  2.0    MM    MM    MM  MM 1014.4  21.0  22.4  14.8   MM   MM    MM
2026 09 21 15 20 130  1.0  2.0   0.8    17   5.5 223 1014.2  21.0  22.4  14.8   MM   MM    MM
2026 09 21 15 10 150  1.0  2.0   0.8    MM   5.5 223 1014.1  20.9  22.4  14.7   MM   MM    MM
2026 09 21 15 00 160  1.0  2.0    MM    MM    MM  MM 1014.1  20.9  22.4  14.9   MM +1.0    MM
2026 09 21 14 50 130  1.0  2.0   0.8    17   5.5 261 1014.0  20.9  22.4  14.8   MM   MM    MM
2026 09 21 14 40 150  1.0  1.0    MM    MM    MM  MM 1013.8  20.8  22.4  14.8   MM   MM    MM
2026 09 21 14 30 140  1.0  2.0    MM    MM    MM  MM 1013.6  20.8  22.4  14.9   MM   MM    MM
2026 09 21 14 20 120  2.0  2.0   0.8    17   5.7 241 1013.5  20.8  22.4  15.0   MM   MM    MM
2026 09 21 14 10 120  1.0  2.0   0.8    MM   5.7 241 1013.4  20.7  22.4  14.9   MM   MM    MM
2026 09 21 14 00 140  1.0  2.0    MM    MM    MM  MM 1013.4  20.7  22.5  14.9   MM +0.4    MM
2026 09 21 13 50 150  2.0  3.0   0.7    17   5.6 243 1013.4  20.7  22.4  14.8   MM   MM    MM
2026 09 21 13 40 160  2.0  2.0    MM    MM    MM  MM 1013.2  20.6  22.4  15.0   MM   MM    MM
2026 09 21 13 30 140  2.0  3.0    MM    MM    MM  MM 1013.3  20.6  22.4  15.0   MM   MM    MM
2026 09 21 13 20 140  2.0  3.0   0.7    17   5.6  71 1013.3  20.6  22.4  15.2   MM   MM    MM
2026 09 21 13 10 140  1.0  3.0   0.7    MM   5.6  71 1013.3  20.6  22.5  15.1   MM   MM    MM
2026 09 21 13 00 140  2.0  2.0    MM    MM    MM  MM 1013.2  20.5  22.5  14.9   MM +0.0    MM
2026 09 21 12 50 140  2.0  3.0   0.7    17   5.7 258 1013.2  20.6  22.5  15.1   MM   MM    MM
2026 09 21 12 40 150  1.0  2.0    MM    MM    MM  MM 1013.2  20.5  22.5  15.0   MM   MM    MM
2026 09 21 12 30 160  2.0  3.0    MM    MM    MM  MM 1013.2  20.5  22.5  15.3   MM   MM    MM
2026 09 21 12 20 170  2.0  3.0   0.8    17   6.0 222 1013.2  20.5  22.5  15.2   MM   MM    MM
2026 09 21 12 10 150  2.0  3.0   0.8    MM   6.0 222 1013.0  20.4  22.5  15.4   MM   MM    MM
2026 09 21 12 00 150  2.0  3.0    MM    MM    MM  MM 1013.0  20.4  22.5  15.5   MM +0.0    MM
2026 09 21 11 50 140  3.0  3.0   0.8    17   6.0 279 1012.9  20.3  22.5  15.9   MM   MM    MM
2026 09 21 11 40 150  3.0  3.0    MM    MM    MM  MM 1012.9  20.3  22.5  16.3   MM   MM    MM
2026 09 21 11 30 160  3.0  4.0    MM    MM    MM  MM 1013.0  20.2  22.5  16.3   MM   MM    MM
2026 09 21 11 20 150  3.0  4.0   0.7    17   5.7 184 1013.0  20.2  22.5  16.4   MM   MM    MM
2026 09 21 11 10 140  3.0  4.0   0.7    MM   5.7 184 1013.0  20.3  22.5  16.7   MM   MM    MM
2026 09 21 11 00 140  3.0  4.0    MM    MM    MM  MM 1012.9  20.2  22.5  16.7   MM -0.4    MM
2026 09 21 10 50 140  3.0  4.0   0.7    17   5.7 209 1012.9  20.3  22.5  16.8   MM   MM    MM
2026 09 21 10 40 140  3.0  4.0    MM    MM    MM  MM 1012.9  20.2  22.5  16.6   MM   MM    MM
2026 09 21 10 30 140  3.0  4.0    MM    MM    MM  MM 1012.9  20.3  22.5  16.8   MM   MM    MM
2026 09 21 10 20 140  3.0  4.0   0.7    17   6.1 240 1012.9  20.2  22.5  16.7   MM   MM    MM
2026 09 21 10 10 140  3.0  4.0   0.7    MM   6.1 240 1012.9  20.3  22.5  17.0   MM   MM    MM
2026 09 21 10 00 110  2.0  4.0    MM    MM    MM  MM 1013.0  20.3  22.5  17.0   MM -0.4    MM
2026 09 21 09 50 100  3.0  4.0   0.7    17   6.4 244 1013.0  20.2  22.5  17.0   MM   MM    MM
2026 09 21 09 40 100  3.0  4.0   0.7    MM   6.4 244 1012.9  20.1  22.5  16.9   MM   MM    MM
2026 09 21 09 30 100  3.0  5.0    MM    MM    MM  MM 1013.0  20.1  22.5  16.9   MM   MM    MM
2026 09 21 09 20  90  3.0  4.0   0.7    17   6.1 201 1012.9  20.1  22.5  16.9   MM   MM    MM
2026 09 21 09 10 100  3.0  4.0    MM    MM    MM  MM 1013.0  20.2  22.5  17.0   MM   MM    MM
2026 09 21 09 00  90  3.0  4.0    MM    MM    MM  MM 1012.9  20.2  22.5  17.0   MM -0.4    MM
2026 09 21 08 50  80  3.0  4.0   0.7    17   6.2 244 1013.0  20.3  22.5  17.1   MM   MM    MM
2026 09 21 08 40  80  2.0  4.0    MM    MM    MM  MM 1013.2  20.2  22.6  17.0   MM   MM    MM
2026 09 21 08 30  80  2.0  3.0    MM    MM    MM  MM 1013.2  20.2  22.6  17.0   MM   MM    MM
2026 09 21 08 20 100  2.0  2.0   0.7    17   6.7 136 1013.2  20.2  22.6  17.0   MM   MM    MM
2026 09 21 08 10 100  2.0  2.0    MM    MM    MM  MM 1013.3  20.1  22.6  16.8   MM   MM    MM
2026 09 21 08 00 100  1.0  2.0    MM    MM    MM  MM 1013.3  20.1  22.6  16.8   MM +0.0    MM
2026 09 21 07 50 120  2.0  2.0   0.6    17   6.7 220 1013.3  20.2  22.6  16.9   MM   MM    MM
2026 09 21 07 40 130  2.0  3.0    MM    MM    MM  MM 1013.4  20.2  22.6  16.9   MM   MM    MM
2026 09 21 07 30 140  2.0  3.0    MM    MM    MM  MM 1013.4  20.3  22.6  16.9   MM   MM    MM
2026 09 21 07 20 160  1.0  2.0   0.7    17   7.1 246 1013.3  20.2  22.6  16.6   MM   MM    MM
2026 09 21 07 10 150  1.0  2.0    MM    MM    MM  MM 1013.4  20.2  22.6  16.7   MM   MM    MM
2026 09 21 07 00 160  1.0  2.0    MM    MM    MM  MM 1013.8  20.3  22.6  16.7   MM +0.3    MM
2026 09 21 06 50 150  2.0  3.0   0.7    17   6.6 241 1013.4  20.3    MM  16.6   MM   MM    MM
2026 09 21 06 40 150  1.0  2.0    MM    MM    MM  MM 1013.5  20.3  22.7  16.4   MM   MM    MM
2026 09 21 06 30 150  1.0  2.0    MM    MM    MM  MM 1013.5  20.1  22.7  16.2   MM   MM    MM
2026 09 21 06 20 140  1.0  2.0   0.7    17   6.9 152 1013.4  20.0  22.7  16.4   MM   MM    MM
2026 09 21 06 10 140  1.0  2.0    MM    MM    MM  MM 1013.2  20.0  22.7  16.5   MM   MM    MM
2026 09 21 06 00 150  2.0  2.0    MM    MM    MM  MM 1013.3  20.0  22.7  16.4   MM +0.8    MM
2026 09 21 05 50 140  1.0  1.0   0.7    16   6.5 206 1013.2  19.9  22.7  16.1   MM   MM    MM
2026 09 21 05 40 160  1.0  1.0    MM    MM    MM  MM 1013.4  19.9  22.7  16.2   MM   MM    MM
2026 09 21 05 30 130  1.0  1.0    MM    MM    MM  MM 1013.3  19.9  22.7  16.2   MM   MM    MM
2026 09 21 05 20  MM  0.0  1.0   0.7    17   6.5 161 1013.2  19.8  22.7  16.1   MM   MM    MM
2026 09 21 05 10  MM  0.0  1.0   0.7    MM   6.5 161 1013.3  19.9  22.7  16.1   MM   MM    MM
2026 09 21 05 00  MM  0.0  1.0    MM    MM    MM  MM 1013.4  19.8    MM  16.1   MM +0.9    MM
2026 09 21 04 50  MM  0.0  1.0   0.7    17   6.8 240 1013.5  19.7  22.7  15.9   MM   MM    MM
2026 09 21 04 40  MM  0.0  1.0    MM    MM    MM  MM 1013.5  19.7  22.7  16.0   MM   MM    MM
2026 09 21 04 30  MM  0.0  1.0    MM    MM    MM  MM 1013.3  19.8  22.7  16.2   MM   MM    MM
2026 09 21 04 20 290  1.0  2.0   0.8    17   6.8 143 1013.2  19.8  22.7  16.1   MM   MM    MM
2026 09 21 04 10 280  1.0  2.0   0.8    MM   6.8 143 1013.1  19.9  22.7  16.3   MM   MM    MM
2026 09 21 04 00 270  2.0  3.0    MM    MM    MM  MM 1013.1  19.8  22.7  16.3   MM +0.5    MM
2026 09 21 03 50 260  2.0  3.0   0.7    17   6.2 237 1013.0  19.8  22.7  16.3   MM   MM    MM
2026 09 21 03 40 270  2.0  3.0    MM    MM    MM  MM 1012.9  19.8  22.7  16.3   MM   MM    MM
2026 09 21 03 30 270  3.0  3.0    MM    MM    MM  MM 1012.8  19.8  22.7  16.1   MM   MM    MM
2026 09 21 03 20 260  3.0  4.0   0.6    17   5.6 188 1012.6  19.8  22.7  16.2   MM   MM    MM
2026 09 21 03 10 260  3.0  3.0    MM    MM    MM  MM 1012.6  19.8  22.7  16.2   MM   MM    MM
2026 09 21 03 00 250  3.0  4.0    MM    MM    MM  MM 1012.5  19.8  22.8  16.3   MM +0.0    MM
2026 09 21 02 50 250  3.0  4.0   0.7    17   5.3 248 1012.4  19.7  22.8  16.4   MM   MM    MM
2026 09 21 02 40 250  3.0  4.0   0.7    MM   5.3 248 1012.5  19.8  22.8  16.5   MM   MM    MM
2026 09 21 02 30 250  3.0  4.0    MM    MM    MM  MM 1012.4  19.8  22.8  16.5   MM   MM    MM
2026 09 21 02 20 240  3.0  4.0   0.6    17   5.1 226 1012.4  19.8  22.8  16.5   MM   MM    MM
2026 09 21 02 10 250  4.0  5.0    MM    MM    MM  MM 1012.4  19.8  22.8  16.5   MM   MM    MM
2026 09 21 02 00 250  4.0  5.0    MM    MM    MM  MM 1012.4  19.8  22.8  16.4   MM +0.0    MM
2026 09 21 01 50 240  4.0  5.0   0.7    17   5.6 191 1012.5  19.7  22.8  16.2   MM   MM    MM
2026 09 21 01 40 250  4.0  5.0    MM    MM    MM  MM 1012.6  19.8  22.8  16.3   MM   MM    MM
2026 09 21 01 30 230  4.0  6.0    MM    MM    MM  MM 1012.6  19.8  22.8  16.2   MM   MM    MM
2026 09 21 01 20 230  4.0  6.0   0.7    17   5.5   2 1012.6  19.8  22.8  16.2   MM   MM    MM
2026 09 21 01 10 230  4.0  6.0   0.7    MM   5.5   2 1012.5  19.9  22.8  16.4   MM   MM    MM
2026 09 21 01 00 230  4.0  6.0    MM    MM    MM  MM 1012.6  19.9  22.9  16.3   MM -0.4    MM
2026 09 21 00 50 230  4.0  6.0   0.8    17   5.8 223 1012.5  19.9  22.9  16.3   MM   MM    MM
2026 09 21 00 40 230  4.0  5.0   0.8    MM   5.8 223 1012.5  20.0  22.9  16.4   MM   MM    MM
2026 09 21 00 30 230  4.0  5.0    MM    MM    MM  MM 1012.4  20.0  22.9  16.4   MM   MM    MM
2026 09 21 00 20 230  4.0  5.0   0.8    17   5.7 127 1012.5  20.0  22.9  16.3   MM   MM    MM
2026 09 21 00 10 220  4.0  5.0   0.8    MM   5.7 127 1012.4  20.1  23.0  16.4   MM   MM    MM
2026 09 21 00 00 230  3.0  5.0    MM    MM    MM  MM 1012.5  20.2  23.0  16.4   MM -0.6    MM
2026 09 20 23 50 240  3.0  4.0   0.8    17   5.8 242 1012.4  20.1  23.0  16.4   MM   MM    MM
2026 09 20 23 40 240  4.0  5.0    MM    MM    MM  MM 1012.4  20.2  23.0  16.6   MM   MM    MM
2026 09 20 23 30 240  4.0  5.0    MM    MM    MM  MM 1012.5  20.1    MM  16.6   MM   MM    MM
2026 09 20 23 20 240  4.0  5.0   0.7    17   5.7 193 1012.6  20.1  22.9  16.6   MM   MM    MM
2026 09 20 23 10 250  4.0  6.0   0.7    MM   5.7 193 1012.6  20.2  23.0  16.8   MM   MM    MM
2026 09 20 23 00 240  4.0  5.0    MM    MM    MM  MM 1012.5  20.4  23.0  16.9   MM -1.5    MM
2026 09 20 22 50 240  4.0  4.0   0.7    17   5.7 219 1012.6  20.4  23.0  16.3   MM   MM    MM
2026 09 20 22 40 230  3.0  5.0    MM    MM    MM  MM 1012.6  20.4  23.0  16.2   MM   MM    MM
2026 09 20 22 30 230  2.0  3.0    MM    MM    MM  MM 1012.6  20.4  22.9  16.1   MM   MM    MM
2026 09 20 22 20 230  3.0  4.0   0.7    17   5.6 282 1012.7  20.3  22.9  16.2   MM   MM    MM
2026 09 20 22 10 240  4.0  5.0    MM    MM    MM  MM 1012.8  20.4  22.9  16.4   MM   MM    MM
2026 09 20 22 00 230  4.0  5.0    MM    MM    MM  MM 1013.0  20.4  22.9  16.2   MM -1.5    MM
2026 09 20 21 50 240  5.0  6.0   0.7    17   5.9 234 1013.2  20.3  22.9  16.2   MM   MM    MM
2026 09 20 21 40 220  5.0  6.0    MM    MM    MM  MM 1013.4  20.5  22.9  16.5   MM   MM    MM
2026 09 20 21 30 210  5.0  6.0    MM    MM    MM  MM 1013.5  20.6  22.8  16.5   MM   MM    MM
2026 09 20 21 20 200  3.0  4.0   0.8    17   6.2 291 1013.3  20.6  22.8  16.4   MM   MM    MM
2026 09 20 21 10 200  2.0  4.0   0.8    MM   6.2 291 1013.2  20.5  22.9  16.4   MM   MM    MM
2026 09 20 21 00 200  3.0  4.0    MM    MM    MM  MM 1013.0  20.6  22.9  16.5   MM -1.6    MM
2026 09 20 20 50 180  3.0  4.0   0.7    17   6.0 164 1013.3  20.6  22.9  16.1   MM   MM    MM
2026 09 20 20 40 150  3.0  4.0    MM    MM    MM  MM 1013.5  20.6  22.9  15.8   MM   MM    MM
2026 09 20 20 30 140  3.0  4.0    MM    MM    MM  MM 1013.4  20.6  22.9  15.7   MM   MM    MM
2026 09 20 20 20 160  3.0  4.0   0.7    17   6.0 130 1013.5  20.7  22.9  15.9   MM   MM    MM
2026 09 20 20 10 170  3.0  4.0    MM    MM    MM  MM 1014.0  20.8  22.9  16.1   MM   MM    MM
2026 09 20 20 00 170  3.0  4.0    MM    MM    MM  MM 1014.1  20.8  22.9  15.9   MM -0.4    MM
2026 09 20 19 50 170  3.0  5.0   0.7    MM   5.8 213 1014.4  20.8  22.9  15.9   MM   MM    MM
2026 09 20 19 40 160  3.0  4.0    MM    MM    MM  MM 1014.1  20.8  22.9  16.0   MM   MM    MM
2026 09 20 19 30 150  3.0  4.0    MM    MM    MM  MM 1014.3  20.8  22.8  15.9   MM   MM    MM
2026 09 20 19 20 150  4.0  5.0   0.7    MM   5.6  73 1014.3  20.7  22.8  15.8   MM   MM    MM
2026 09 20 19 10  MM   MM   MM   0.7    17   5.6  73     MM    MM    MM    MM   MM   MM    MM
2026 09 20 19 00 140  3.0  4.0    MM    MM    MM  MM 1014.5  20.6  22.8  16.0   MM +0.8    MM
2026 09 20 18 50 150  4.0  5.0   0.8    17   6.2 289 1014.6  20.5  22.8  15.9   MM   MM    MM
2026 09 20 18 40 150  4.0  5.0   0.8    MM   6.2 289 1014.6  20.6  22.8  16.0   MM   MM    MM
2026 09 20 18 30 160  4.0  5.0    MM    MM    MM  MM 1014.6  20.5  22.8  15.9   MM   MM    MM
2026 09 20 18 20 150  4.0  5.0   0.7    MM   5.7 102 1015.0  20.5  22.8  16.0   MM   MM    MM
2026 09 20 18 10 150  5.0  6.0    MM    MM    MM  MM 1014.6  20.5  22.8  16.2   MM   MM    MM
2026 09 20 18 00 140  5.0  6.0    MM    MM    MM  MM 1014.7  20.5  22.8  16.3   MM +1.0    MM
2026 09 20 17 50 130  5.0  6.0   0.8    MM   5.9 186 1014.6  20.6  22.8  16.6   MM   MM    MM
2026 09 20 17 40  MM   MM   MM   0.8    17   5.9 186     MM    MM    MM    MM   MM   MM    MM
2026 09 20 17 30 120  4.0  5.0    MM    MM    MM  MM 1014.1  20.6  22.7  16.4   MM   MM    MM
2026 09 20 17 20 130  3.0  5.0   0.8    17   5.9 235 1014.4  20.6  22.7  16.4   MM   MM    MM
2026 09 20 17 10 130  3.0  4.0   0.8    MM   5.9 235 1014.6  20.5  22.7  16.1   MM   MM    MM
2026 09 20 17 00 140  3.0  4.0    MM    MM    MM  MM 1014.4  20.5  22.7  16.3   MM +0.7    MM
2026 09 20 16 50 170  2.0  4.0   0.8    17   6.3 191 1014.5  20.4  22.7  16.4   MM   MM    MM
2026 09 20 16 40 170  2.0  3.0    MM    MM    MM  MM 1014.3  20.4  22.6  16.5   MM   MM    MM
2026 09 20 16 30 160  3.0  4.0    MM    MM    MM  MM 1014.3  20.4  22.6  16.6   MM   MM    MM
2026 09 20 16 20 150  2.0  3.0   0.9    17   6.4 235 1014.3  20.4  22.6  16.6   MM   MM    MM
2026 09 20 16 10 160  2.0  2.0   0.9    MM   6.4 235 1014.1  20.4  22.6  16.6   MM   MM    MM
2026 09 20 16 00 140  1.0  2.0    MM    MM    MM  MM 1013.8  20.4  22.6  16.7   MM +0.0    MM
2026 09 20 15 50 170  2.0  3.0   0.8    17   5.8 166 1013.8  20.3  22.6  16.7   MM   MM    MM
2026 09 20 15 40 190  2.0  3.0    MM    MM    MM  MM 1014.0  20.3  22.6  16.8   MM   MM    MM
2026 09 20 15 30 190  1.0  2.0    MM    MM    MM  MM 1013.8  20.2  22.6  16.8   MM   MM    MM
2026 09 20 15 20 190  2.0  3.0   0.8    17   5.9 219 1013.7  20.2  22.6  16.9   MM   MM    MM
2026 09 20 15 10 200  2.0  3.0   0.8    MM   5.9 219 1013.8  20.1  22.6  16.8   MM   MM    MM
2026 09 20 15 00 180  3.0  4.0    MM    MM    MM  MM 1013.7  20.1  22.6  16.9   MM +0.5    MM
2026 09 20 14 50 190  3.0  4.0   0.8    17   6.1  24 1013.7  20.2  22.6  16.8   MM   MM    MM
2026 09 20 14 40 220  2.0  4.0    MM    MM    MM  MM 1013.7  20.0  22.6  16.7   MM   MM    MM
2026 09 20 14 30 230  3.0  3.0    MM    MM    MM  MM 1013.6  20.0  22.6  16.7   MM   MM    MM
2026 09 20 14 20 250  2.0  4.0   0.9    17   6.4 238 1013.6  20.0  22.6  16.7   MM   MM    MM
2026 09 20 14 10 270  2.0  3.0    MM    MM    MM  MM 1013.6  20.0  22.6  16.6   MM   MM    MM
2026 09 20 14 00 260  2.0  3.0    MM    MM    MM  MM 1013.7  19.9  22.6  16.4   MM +1.0    MM
2026 09 20 13 50 260  2.0  3.0   0.8    17   6.0 194 1013.5  20.0  22.6  16.6   MM   MM    MM
2026 09 20 13 40 270  2.0  3.0   0.8    MM   6.0 194 1013.6  19.9  22.6  16.5   MM   MM    MM
2026 09 20 13 30 240  2.0  3.0    MM    MM    MM  MM 1013.7  19.9  22.6  16.5   MM   MM    MM
2026 09 20 13 20 230  3.0  3.0   0.8    17   6.2 278 1013.7  19.9  22.6  16.6   MM   MM    MM
2026 09 20 13 10 240  2.0  3.0   0.8    MM   6.2 278 1013.7  19.8  22.6  16.5   MM   MM    MM
2026 09 20 13 00 210  2.0  4.0    MM    MM    MM  MM 1013.6  19.9  22.6  16.8   MM +0.8    MM
2026 09 20 12 50 210  2.0  3.0   0.8    17   6.1 214 1013.4  19.9  22.6  16.7   MM   MM    MM
2026 09 20 12 40 230  2.0  4.0    MM    MM    MM  MM 1013.3  19.9  22.6  16.7   MM   MM    MM
2026 09 20 12 30 210  2.0  4.0    MM    MM    MM  MM 1013.4  19.8  22.6  16.7   MM   MM    MM
2026 09 20 12 20 220  2.0  3.0   0.8    19   6.0 217 1013.2  19.8  22.6  16.9   MM   MM    MM
2026 09 20 12 10 200  3.0  4.0   0.8    MM   6.0 217 1013.1  19.8  22.6  17.1   MM   MM    MM
2026 09 20 12 00 210  3.0  5.0    MM    MM    MM  MM 1013.2  19.7  22.6  17.2   MM -0.0    MM
2026 09 20 11 50 210  5.0  6.0   0.8    13   5.7 177 1013.2  19.8  22.5  17.4   MM   MM    MM
2026 09 20 11 40 200  4.0  5.0    MM    MM    MM  MM 1013.2  19.8  22.5  17.5   MM   MM    MM
2026 09 20 11 30 200  4.0  5.0    MM    MM    MM  MM 1012.9  19.8  22.5  17.6   MM   MM    MM
2026 09 20 11 20 190  5.0  6.0   0.8    17   5.8 221 1012.9  20.1  22.5  17.9   MM   MM    MM
2026 09 20 11 10 190  4.0  5.0    MM    MM    MM  MM 1012.9  20.2  22.4  17.9   MM   MM    MM
2026 09 20 11 00 190  3.0  4.0    MM    MM    MM  MM 1012.7  20.1  22.4  17.6   MM -0.4    MM
2026 09 20 10 50 170  3.0  5.0   0.8    19   5.6 188 1012.8  20.3  22.4  17.7   MM   MM    MM
2026 09 20 10 40 150  4.0  4.0   0.8    MM   5.6 188 1012.6  20.3  22.3  17.8   MM   MM    MM
2026 09 20 10 30 150  3.0  5.0    MM    MM    MM  MM 1012.7  20.3  22.3  18.0   MM   MM    MM
2026 09 20 10 20 140  2.0  4.0   0.9    17   5.6 230 1012.8  20.3  22.3  18.0   MM   MM    MM
2026 09 20 10 10 160  1.0  2.0   0.9    MM   5.6 230 1012.9  20.1  22.3  17.8   MM   MM    MM
2026 09 20 10 00 150  1.0  2.0    MM    MM    MM  MM 1012.7  20.1  22.3  17.9   MM +0.0    MM
2026 09 20 09 50 140  1.0  3.0   0.9    17   5.4 188 1012.6  20.0  22.3  17.8   MM   MM    MM
2026 09 20 09 40 150  1.0  2.0    MM    MM    MM  MM 1012.7  20.0  22.3  17.8   MM   MM    MM
2026 09 20 09 30 190  1.0  2.0    MM    MM    MM  MM 1012.8  20.0  22.3  17.8   MM   MM    MM
2026 09 20 09 20 200  2.0  3.0   1.0    17   5.3 205 1013.0  20.0  22.3  17.9   MM   MM    MM
2026 09 20 09 10 190  2.0  3.0    MM    MM    MM  MM 1013.2  19.9  22.3  17.8   MM   MM    MM
2026 09 20 09 00 200  3.0  4.0    MM    MM    MM  MM 1013.2  19.9  22.3  17.9   MM +0.0    MM
2026 09 20 08 50 210  3.0  4.0   1.0    17   5.4 281 1013.3  19.9  22.3  17.9   MM   MM    MM
2026 09 20 08 40 220  3.0  4.0    MM    MM    MM  MM 1013.3  20.0  22.4  18.0   MM   MM    MM
2026 09 20 08 30 220  3.0  4.0    MM    MM    MM  MM 1013.3  20.2  22.4  18.1   MM   MM    MM
2026 09 20 08 20 200  2.0  4.0   1.0    17   5.2 205 1013.4  20.4  22.4  18.0   MM   MM    MM
2026 09 20 08 10 180  2.0  3.0    MM    MM    MM  MM 1013.2  20.4  22.3  17.9   MM   MM    MM
2026 09 20 08 00 160  1.0  2.0    MM    MM    MM  MM 1013.0  20.3  22.3  17.9   MM -0.0    MM
2026 09 20 07 50  MM  0.0  1.0   1.0    17   5.1 189 1012.9  20.2  22.3  17.7   MM   MM    MM
2026 09 20 07 40  80  1.0  1.0   1.0    MM   5.1 189 1012.8  20.2  22.2  17.7   MM   MM    MM
2026 09 20 07 30  70  1.0  2.0    MM    MM    MM  MM 1012.9  20.2  22.2  17.8   MM   MM    MM
2026 09 20 07 20  40  2.0  3.0   1.0    17   5.2 292 1012.7  20.3    MM  18.1   MM   MM    MM
2026 09 20 07 10  40  2.0  3.0   1.0    MM   5.2 292 1012.7  20.3  22.2  18.2   MM   MM    MM
2026 09 20 07 00  40  2.0  2.0    MM    MM    MM  MM 1012.8  20.3    MM  18.2   MM -0.4    MM
2026 09 20 06 50  50  2.0  2.0   1.0    MM   5.2 221 1012.9  20.4  22.2  18.3   MM   MM    MM
2026 09 20 06 40  MM   MM   MM   1.0    17   5.2 221     MM    MM    MM    MM   MM   MM    MM
2026 09 20 06 30  10  1.0  2.0    MM    MM    MM  MM 1012.9  20.4  22.1  18.4   MM   MM    MM
2026 09 20 06 20 260  1.0  2.0   0.9    17   5.2 259 1013.0  20.4  22.1  18.4   MM   MM    MM
2026 09 20 06 10 280  1.0  2.0    MM    MM    MM  MM 1013.1  20.4  22.2  18.4   MM   MM    MM
2026 09 20 06 00 280  2.0  2.0    MM    MM    MM  MM 1012.9  20.4  22.3  18.3   MM +0.3    MM
2026 09 20 05 50 290  1.0  2.0   0.9    14   4.8 180 1012.9  20.4  22.3  18.2   MM   MM    MM
2026 09 20 05 40 270  2.0  3.0    MM    MM    MM  MM 1013.1  20.4  22.3  18.1   MM   MM    MM
2026 09 20 05 30 260  3.0  4.0    MM    MM    MM  MM 1013.1  20.4  22.3  18.2   MM   MM    MM
2026 09 20 05 20 260  4.0  5.0   1.0    17   4.7 147 1013.0  20.3  22.3  18.2   MM   MM    MM
2026 09 20 05 10 260  5.0  6.0   1.0    MM   4.7 147 1013.0  20.3  22.2  18.1   MM   MM    MM
2026 09 20 05 00 260  6.0  7.0    MM    MM    MM  MM 1013.1  20.3  22.3  18.0   MM +0.7    MM
2026 09 20 04 50 250  6.0  7.0   0.9    17   4.8 231 1013.2  20.4  22.3  17.9   MM   MM    MM
2026 09 20 04 40 260  6.0  7.0    MM    MM    MM  MM 1013.2  20.5  22.4  17.7   MM   MM    MM
2026 09 20 04 30 260  5.0  6.0    MM    MM    MM  MM 1013.2  20.5  22.5  17.7   MM   MM    MM
2026 09 20 04 20 260  5.0  6.0   0.9    17   4.7 267 1013.1  20.5  22.5  17.7   MM   MM    MM
2026 09 20 04 10 260  5.0  6.0   0.9    MM   4.7 267 1013.1  20.5  22.5  18.0   MM   MM    MM
2026 09 20 04 00 260  5.0  7.0    MM    MM    MM  MM 1013.2  20.5  22.6  18.0   MM +0.8    MM
2026 09 20 03 50 260  5.0  7.0   0.9    17   5.1 333 1013.1  20.5  22.7  18.1   MM   MM    MM
2026 09 20 03 40 260  5.0  6.0    MM    MM    MM  MM 1013.0  20.5  22.7  18.2   MM   MM    MM
2026 09 20 03 30 270  5.0  6.0    MM    MM    MM  MM 1012.9  20.5    MM  18.2   MM   MM    MM
2026 09 20 03 20 270  5.0  6.0   0.9    19   5.5 249 1012.9  20.6  22.9  18.4   MM   MM    MM
2026 09 20 03 10 270  5.0  6.0   0.9    MM   5.5 249 1012.8  20.7  22.9  18.4   MM   MM    MM
2026 09 20 03 00 270  5.0  6.0    MM    MM    MM  MM 1012.7  20.7  22.9  18.2   MM +0.0    MM
2026 09 20 02 50 280  4.0  5.0   0.8    17   5.6  78 1012.6  20.8  22.9  18.3   MM   MM    MM
2026 09 20 02 40 280  4.0  6.0    MM    MM    MM  MM 1012.5  20.7  23.0  18.3   MM   MM    MM
2026 09 20 02 30 280  4.0  5.0    MM    MM    MM  MM 1012.6  20.5  23.0  18.2   MM   MM    MM
2026 09 20 02 20 270  4.0  6.0   0.8    17   5.2 271 1012.4  20.5  23.0  18.3   MM   MM    MM
2026 09 20 02 10 270  4.0  5.0   0.8    MM   5.2 271 1012.5  20.5  23.0  18.4   MM   MM    MM
2026 09 20 02 00 270  5.0  6.0    MM    MM    MM  MM 1012.5  20.6  23.1  18.6   MM -0.3    MM
2026 09 20 01 50 270  5.0  7.0   0.8    14   5.5 345 1012.5  20.8  23.0  18.7   MM   MM    MM
2026 09 20 01 40 280  4.0  6.0   0.8    MM   5.5 345 1012.5  20.8  23.1  18.4   MM   MM    MM
2026 09 20 01 30 280  4.0  5.0    MM    MM    MM  MM 1012.5  20.8  23.1  18.4   MM   MM    MM
2026 09 20 01 20 270  4.0  5.0   0.9    19   6.4 253 1012.4  20.9  23.1  18.5   MM   MM    MM
2026 09 20 01 10 280  4.0  5.0   0.9    MM   6.4 253 1012.4  21.0  23.1  18.5   MM   MM    MM
2026 09 20 01 00 270  4.0  5.0    MM    MM    MM  MM 1012.5  21.2  23.2  18.5   MM -0.9    MM
2026 09 20 00 50 270  4.0  5.0   0.8    19   5.6 294 1012.5  21.3  23.2  18.5   MM   MM    MM
2026 09 20 00 40 270  4.0  5.0    MM    MM    MM  MM 1012.3  21.4  23.2  18.3   MM   MM    MM
2026 09 20 00 30 270  4.0  5.0    MM    MM    MM  MM 1012.4  21.6    MM  18.1   MM   MM    MM
2026 09 20 00 20 270  4.0  5.0   0.9    17   6.1 133 1012.4  21.6  23.1  17.8   MM   MM    MM
2026 09 20 00 10 260  3.0  4.0   0.9    MM   6.1 133 1012.6  21.6  23.1  17.9   MM   MM    MM
2026 09 20 00 00 250  2.0  3.0    MM    MM    MM  MM 1012.6  21.6  23.1  17.7   MM -1.4    MM
2026 09 19 23 50 270  2.0  3.0   0.9    17   6.2 246 1012.7  21.5  23.2  17.6   MM   MM    MM
2026 09 19 23 40 260  2.0  3.0   0.9    MM   6.2 246 1012.7  21.4  23.3  17.5   MM   MM    MM
2026 09 19 23 30 270  2.0  3.0    MM    MM    MM  MM 1012.7  21.4  23.4  17.5   MM   MM    MM
2026 09 19 23 20 280  2.0  3.0   0.8    MM   5.6 339 1012.7  21.3  23.3  17.4   MM   MM    MM
2026 09 19 23 10  MM   MM   MM   0.8    17   5.6 339     MM    MM    MM    MM   MM   MM    MM
2026 09 19 23 00 280  2.0  4.0    MM    MM    MM  MM 1012.8  21.2  23.1  17.4   MM -1.7    MM
2026 09 19 22 50 260  2.0  4.0   0.9    19   6.0 136 1012.9  21.2  22.9  17.5   MM   MM    MM
2026 09 19 22 40 250  2.0  3.0    MM    MM    MM  MM 1013.0  21.2  22.9  17.3   MM   MM    MM
2026 09 19 22 30 250  2.0  3.0    MM    MM    MM  MM 1012.9  21.1  23.0  17.2   MM   MM    MM
2026 09 19 22 20 250  2.0  3.0   0.9    17   6.2 257 1013.0  21.2  23.0  17.3   MM   MM    MM
2026 09 19 22 10 240  2.0  3.0   0.9    MM   6.2 257 1013.2  21.1  23.0  17.1   MM   MM    MM
2026 09 19 22 00 240  1.0  2.0    MM    MM    MM  MM 1013.3  21.1  23.3  17.1   MM -1.7    MM
2026 09 19 21 50 240  1.0  2.0   0.8    19   6.0 176 1013.3  21.1  23.3  17.0   MM   MM    MM
2026 09 19 21 40 210  2.0  3.0    MM    MM    MM  MM 1013.6  20.9  23.2  16.8   MM   MM    MM
2026 09 19 21 30 220  2.0  3.0    MM    MM    MM  MM 1013.7  21.1  23.1  17.1   MM   MM    MM
2026 09 19 21 20 200  2.0  3.0   0.8    13   6.2 220 1013.8  21.0  23.3  16.7   MM   MM    MM
2026 09 19 21 10 190  2.0  3.0    MM    MM    MM  MM 1014.0  21.0  22.9  16.8   MM   MM    MM
2026 09 19 21 00 190  2.0  3.0    MM    MM    MM  MM 1014.1  20.9  23.0  16.7   MM -1.3    MM
2026 09 19 20 50 190  2.0  3.0   0.9    17   5.9 259 1014.1  20.9  23.0  16.7   MM   MM    MM
2026 09 19 20 40 190  2.0  3.0    MM    MM    MM  MM 1014.1  20.9  22.9  16.8   MM   MM    MM
2026 09 19 20 30 180  2.0  3.0    MM    MM    MM  MM 1014.2  20.9  23.0  16.8   MM   MM    MM
2026 09 19 20 20 190  2.0  3.0   0.9    13   6.0 227 1014.3  20.8  22.7  16.8   MM   MM    MM
2026 09 19 20 10 200  2.0  3.0    MM    MM    MM  MM 1014.3  20.9  22.6  16.9   MM   MM    MM
2026 09 19 20 00 190  2.0  3.0    MM    MM    MM  MM 1014.6  20.8  22.6  16.9   MM -0.8    MM
2026 09 19 19 50 190  2.0  3.0   0.9    19   6.1 223 1014.7  20.8  22.5  16.9   MM   MM    MM
2026 09 19 19 40 180  2.0  3.0    MM    MM    MM  MM 1014.7  20.9  22.5  16.9   MM   MM    MM
2026 09 19 19 30 170  2.0  2.0    MM    MM    MM  MM 1014.9  20.9  22.4  16.6   MM   MM    MM
2026 09 19 19 20 170  1.0  2.0   0.9    19   6.2 147 1014.9  20.9  22.5  16.7   MM   MM    MM
2026 09 19 19 10 180  2.0  3.0    MM    MM    MM  MM 1015.0  20.8  22.6  16.7   MM   MM    MM
2026 09 19 19 00 180  2.0  4.0    MM    MM    MM  MM 1015.0  20.8  22.4  16.7   MM +0.0    MM
2026 09 19 18 50 180  2.0  3.0   0.9    19   6.1 194 1015.1  20.7    MM  16.6   MM   MM    MM
2026 09 19 18 40 190  2.0  3.0   0.9    MM   6.1 194 1015.1  20.8  22.4  16.7   MM   MM    MM
2026 09 19 18 30 180  2.0  3.0    MM    MM    MM  MM 1015.3  20.8  22.4  16.7   MM   MM    MM
2026 09 19 18 20 170  2.0  3.0   0.9    19   6.0 167 1015.3  20.8  22.4  16.8   MM   MM    MM
2026 09 19 18 10 180  2.0  3.0    MM    MM    MM  MM 1015.4  20.7  22.4  16.6   MM   MM    MM
2026 09 19 18 00 170  2.0  3.0    MM    MM    MM  MM 1015.4  20.7  22.3  16.6   MM +0.6    MM
2026 09 19 17 50 160  2.0  3.0   1.0    19   6.1 201 1015.4  20.7  22.3  16.7   MM   MM    MM
2026 09 19 17 40 180  2.0  3.0    MM    MM    MM  MM 1015.4  20.7  22.3  16.8   MM   MM    MM
2026 09 19 17 30 170  3.0  3.0    MM    MM    MM  MM 1015.5  20.7  22.3  16.7   MM   MM    MM
2026 09 19 17 20 160  2.0  3.0   0.9    13   5.9 186 1015.4  20.7  22.4  16.7   MM   MM    MM
2026 09 19 17 10 150  3.0  4.0   0.9    MM   5.9 186 1015.4  20.7  22.3  16.8   MM   MM    MM
2026 09 19 17 00 160  3.0  3.0    MM    MM    MM  MM 1015.4  20.5  22.3  16.8   MM +1.0    MM
2026 09 19 16 50 160  2.0  3.0   1.0     7   5.8 261 1015.3  20.5  22.3  16.8   MM   MM    MM
2026 09 19 16 40 160  3.0  4.0    MM    MM    MM  MM 1015.3  20.4  22.3  16.8   MM   MM    MM
2026 09 19 16 30 160  3.0  4.0    MM    MM    MM  MM 1015.2  20.5  22.3  17.0   MM   MM    MM
2026 09 19 16 20 160  3.0  4.0   1.0    19   5.9 151 1015.2  20.5  22.2  17.0   MM   MM    MM
2026 09 19 16 10 150  4.0  4.0   1.0    MM   5.9 151 1015.1  20.6  22.2  17.0   MM   MM    MM
2026 09 19 16 00 150  4.0  4.0    MM    MM    MM  MM 1015.1  20.6  22.2  17.0   MM +0.9    MM
2026 09 19 15 50 150  4.0  5.0   1.0    19   6.0 247 1015.0  20.6  22.2  17.1   MM   MM    MM
2026 09 19 15 40 140  4.0  5.0    MM    MM    MM  MM 1015.0  20.6  22.2  17.1   MM   MM    MM
2026 09 19 15 30 140  4.0  5.0    MM    MM    MM  MM 1015.0  20.7  22.3  17.2   MM   MM    MM
2026 09 19 15 20 140  4.0  5.0   0.9    19   5.7 279 1014.9  20.7  22.3  17.2   MM   MM    MM
2026 09 19 15 10 130  4.0  4.0   0.9    MM   5.7 279 1014.9  20.7  22.2  17.2   MM   MM    MM
2026 09 19 15 00 120  3.0  4.0    MM    MM    MM  MM 1014.8  20.6  22.2  17.0   MM +0.9    MM
2026 09 19 14 50 120  3.0  4.0   1.0    19   6.0 176 1014.6  20.7  22.2  17.2   MM   MM    MM
2026 09 19 14 40 120  3.0  4.0    MM    MM    MM  MM 1014.6  20.9  22.2  17.3   MM   MM    MM
2026 09 19 14 30  80  2.0  3.0    MM    MM    MM  MM 1014.5  21.0  22.2  17.2   MM   MM    MM
2026 09 19 14 20  70  2.0  4.0   1.0    19   6.1 207 1014.4  20.9  22.2  17.0   MM   MM    MM
2026 09 19 14 10  80  3.0  4.0   1.0    MM   6.1 207 1014.4  20.8  22.2  16.9   MM   MM    MM
2026 09 19 14 00 100  4.0  5.0    MM    MM    MM  MM 1014.4  20.8  22.3  17.0   MM +0.4    MM
2026 09 19 13 50  90  3.0  4.0   0.9    14   5.7 176 1014.3  20.9  22.4  17.3   MM   MM    MM
2026 09 19 13 40 100  3.0  4.0    MM    MM    MM  MM 1014.3  20.8  22.5  17.4   MM   MM    MM
2026 09 19 13 30  90  3.0  4.0    MM    MM    MM  MM 1014.3  20.8  22.5  17.5   MM   MM    MM
2026 09 19 13 20  80  2.0  3.0   1.0     6   5.7 259 1014.2  20.8  22.5  17.7   MM   MM    MM
2026 09 19 13 10  60  2.0  3.0   1.0    MM   5.7 259 1014.1  20.8  22.5  17.6   MM   MM    MM
2026 09 19 13 00  70  2.0  3.0    MM    MM    MM  MM 1014.0  20.7  22.6  17.6   MM +0.0    MM
2026 09 19 12 50  60  3.0  5.0   1.0    13   5.9 192 1014.1  20.7  22.5  17.6   MM   MM    MM
2026 09 19 12 40  90  3.0  4.0    MM    MM    MM  MM 1014.0  20.8  22.5  17.6   MM   MM    MM
2026 09 19 12 30  70  3.0  4.0    MM    MM    MM  MM 1013.9  20.7  22.5  17.4   MM   MM    MM
2026 09 19 12 20  90  2.0  4.0   1.0    19   5.9 193 1013.8  20.6  22.6  17.4   MM   MM    MM
2026 09 19 12 10  90  2.0  2.0   1.0    MM   5.9 193 1013.8  20.5  22.6  17.3   MM   MM    MM
2026 09 19 12 00  80  2.0  3.0    MM    MM    MM  MM 1013.8  20.6  22.6  17.3   MM -0.6    MM
2026 09 19 11 50  70  1.0  3.0   1.0     6   5.8 257 1013.8  20.5  22.6  17.3   MM   MM    MM
2026 09 19 11 40  60  1.0  2.0    MM    MM    MM  MM 1013.9  20.5  22.6  17.4   MM   MM    MM
2026 09 19 11 30  60  1.0  2.0    MM    MM    MM  MM 1013.8  20.4  22.6  17.2   MM   MM    MM
2026 09 19 11 20  90  2.0  4.0   1.0    14   5.9 172 1013.9  20.4  22.6  17.4   MM   MM    MM
2026 09 19 11 10  20  1.0  3.0   1.0    MM   5.9 172 1014.0  20.4  22.6  17.4   MM   MM    MM
2026 09 19 11 00  70  1.0  3.0    MM    MM    MM  MM 1014.0  20.4  22.6  17.4   MM -0.8    MM
2026 09 19 10 50  MM  0.0  1.0   1.0    19   5.7 172 1013.9  20.4  22.6  17.4   MM   MM    MM
2026 09 19 10 40  20  1.0  3.0    MM    MM    MM  MM 1013.8  20.4  22.6  17.4   MM   MM    MM
2026 09 19 10 30  20  1.0  2.0    MM    MM    MM  MM 1013.8  20.4  22.6  17.4   MM   MM    MM
2026 09 19 10 20  40  1.0  2.0   1.1    14   5.6 194 1013.9  20.4  22.6  17.5   MM   MM    MM
2026 09 19 10 10  50  2.0  2.0   1.1    MM   5.6 194 1014.0  20.4  22.6  17.6   MM   MM    MM
2026 09 19 10 00  60  1.0  2.0    MM    MM    MM  MM 1014.1  20.4  22.6  17.7   MM -0.9    MM
2026 09 19 09 50  MM  0.0  1.0   1.0    14   5.7 167 1014.1  20.4  22.6  17.7   MM   MM    MM
2026 09 19 09 40  MM  0.0  1.0   1.0    MM   5.7 167 1014.0  20.4  22.6  17.8   MM   MM    MM
2026 09 19 09 30 290  1.0  2.0    MM    MM    MM  MM 1014.1  20.4  22.6  17.8   MM   MM    MM
2026 09 19 09 20 310  1.0  2.0   1.1    14   5.6 169 1014.2  20.4  22.6  17.8   MM   MM    MM
2026 09 19 09 10 290  1.0  2.0    MM    MM    MM  MM 1014.3  20.4  22.6  17.9   MM   MM    MM
2026 09 19 09 00 270  2.0  3.0    MM    MM    MM  MM 1014.3  20.4  22.6  17.9   MM -0.7    MM
2026 09 19 08 50 280  2.0  3.0   1.0     5   5.2 254 1014.4  20.4  22.6  17.9   MM   MM    MM
2026 09 19 08 40 290  2.0  3.0    MM    MM    MM  MM 1014.4  20.4  22.6  17.9   MM   MM    MM
2026 09 19 08 30 280  3.0  3.0    MM    MM    MM  MM 1014.6  20.4  22.6  18.0   MM   MM    MM
2026 09 19 08 20 270  3.0  4.0   1.1    14   5.4 297 1014.6  20.4  22.6  18.0   MM   MM    MM
2026 09 19 08 10 260  3.0  4.0    MM    MM    MM  MM 1014.7  20.4  22.6  18.0   MM   MM    MM
2026 09 19 08 00 260  3.0  4.0    MM    MM    MM  MM 1014.8  20.4  22.6  18.0   MM -0.5    MM
2026 09 19 07 50 270  3.0  4.0   1.0    14   5.1 184 1014.7  20.4  22.6  18.1   MM   MM    MM
2026 09 19 07 40 270  3.0  4.0    MM    MM    MM  MM 1014.7  20.5  22.6  18.4   MM   MM    MM
2026 09 19 07 30 260  3.0  4.0    MM    MM    MM  MM 1014.8  20.5  22.6  18.4   MM   MM    MM
2026 09 19 07 20 260  3.0  4.0   1.1    14   5.4 157 1014.8  20.5    MM  18.5   MM   MM    MM
2026 09 19 07 10 250  3.0  4.0   1.1    MM   5.4 157 1014.9  20.5  22.7  18.5   MM   MM    MM
2026 09 19 07 00 250  3.0  4.0    MM    MM    MM  MM 1014.9  20.5  22.7  18.6   MM -0.5    MM
2026 09 19 06 50 260  3.0  3.0   1.1    14   5.3 215 1014.9  20.5    MM  18.6   MM   MM    MM
2026 09 19 06 40 260  3.0  4.0    MM    MM    MM  MM 1014.9  20.6  22.7  18.8   MM   MM    MM
2026 09 19 06 30 250  2.0  4.0    MM    MM    MM  MM 1014.9  20.7  22.7  18.7   MM   MM    MM
2026 09 19 06 20  MM  0.0  1.0   1.1    14   5.1 202 1015.0  20.7  22.7  18.5   MM   MM    MM
2026 09 19 06 10  MM  0.0  1.0   1.1    MM   5.1 202 1015.1  20.7  22.7  18.5   MM   MM    MM
2026 09 19 06 00 360  1.0  2.0    MM    MM    MM  MM 1015.1  20.8  22.7  18.5   MM +0.0    MM
2026 09 19 05 50 360  1.0  2.0   1.1    19   5.3 182 1015.1  20.9  22.7  18.7   MM   MM    MM
2026 09 19 05 40 320  2.0  2.0    MM    MM    MM  MM 1015.1  20.8  22.7  18.5   MM   MM    MM
2026 09 19 05 30 300  1.0  2.0    MM    MM    MM  MM 1015.2  20.8  22.7  18.5   MM   MM    MM
2026 09 19 05 20 310  1.0  2.0   1.1     5   5.0 265 1015.2  20.8  22.7  18.4   MM   MM    MM
2026 09 19 05 10 310  2.0  3.0   1.1    MM   5.0 265 1015.2  20.8  22.7  18.2   MM   MM    MM
2026 09 19 05 00 310  3.0  4.0    MM    MM    MM  MM 1015.2  20.8  22.7  18.2   MM +0.3    MM
2026 09 19 04 50 300  3.0  4.0   1.1     5   4.8 265 1015.2  20.6  22.7  18.0   MM   MM    MM
2026 09 19 04 40 290  4.0  5.0    MM    MM    MM  MM 1015.2  20.5  22.7  18.2   MM   MM    MM
2026 09 19 04 30 270  4.0  5.0    MM    MM    MM  MM 1015.3  20.5  22.7  18.4   MM   MM    MM
2026 09 19 04 20 270  5.0  6.0   1.1    14   4.8 202 1015.3  20.4  22.7  18.3   MM   MM    MM
2026 09 19 04 10 270  5.0  6.0   1.1    MM   4.8 202 1015.4  20.4  22.7  18.4   MM   MM    MM
2026 09 19 04 00 270  6.0  6.0    MM    MM    MM  MM 1015.4  20.4  22.7  18.3   MM +0.3    MM
2026 09 19 03 50 270  6.0  6.0   1.1    14   4.9 213 1015.4  20.5  22.8  18.2   MM   MM    MM
2026 09 19 03 40 270  6.0  7.0    MM    MM    MM  MM 1015.4  20.5  22.8  18.1   MM   MM    MM
2026 09 19 03 30 270  6.0  8.0    MM    MM    MM  MM 1015.3  20.6  22.8  18.0   MM   MM    MM
2026 09 19 03 20 270  6.0  8.0   1.0    15   5.1 183 1015.2  20.7  22.8  17.8   MM   MM    MM
2026 09 19 03 10 270  6.0  7.0   1.0    MM   5.1 183 1015.1  20.8  22.8  18.0   MM   MM    MM
2026 09 19 03 00 270  6.0  7.0    MM    MM    MM  MM 1015.1  20.8  22.8  17.7   MM +0.0    MM
2026 09 19 02 50 270  6.0  7.0   1.0    15   5.1 177 1014.9  21.0  22.8  18.2   MM   MM    MM
2026 09 19 02 40 270  6.0  7.0    MM    MM    MM  MM 1014.9  21.3  22.8  17.9   MM   MM    MM
2026 09 19 02 30 280  6.0  7.0    MM    MM    MM  MM 1014.8  21.3  22.8  17.9   MM   MM    MM
2026 09 19 02 20 270  6.0  7.0   1.0    14   5.4 168 1014.9  21.3  22.8  17.7   MM   MM    MM
2026 09 19 02 10 270  5.0  7.0   1.0    MM   5.4 168 1014.8  21.4  22.9  17.2   MM   MM    MM
2026 09 19 02 00 280  5.0  6.0    MM    MM    MM  MM 1014.9  21.1  22.9  17.3   MM -0.6    MM
2026 09 19 01 50 270  6.0  6.0   1.0    15   5.5 196 1014.9  21.0  22.9  17.7   MM   MM    MM
2026 09 19 01 40 270  6.0  7.0    MM    MM    MM  MM 1014.9  21.0  22.9  18.0   MM   MM    MM
2026 09 19 01 30 270  6.0  7.0    MM    MM    MM  MM 1014.9  21.2  23.0  18.0   MM   MM    MM
2026 09 19 01 20 270  6.0  7.0   0.9    14   5.4 154 1014.9  21.3  23.0  17.7   MM   MM    MM
2026 09 19 01 10 270  5.0  7.0   0.9    MM   5.4 154 1015.0  21.2  23.0  17.5   MM   MM    MM
2026 09 19 01 00 270  5.0  6.0    MM    MM    MM  MM 1015.1  21.5  23.0  17.9   MM -0.9    MM
2026 09 19 00 50 270  5.0  5.0   0.9    15   5.4 203 1015.1  21.4  23.0  17.3   MM   MM    MM
2026 09 19 00 40 270  5.0  6.0    MM    MM    MM  MM 1015.1  21.4  23.1  17.5   MM   MM    MM
2026 09 19 00 30 270  5.0  6.0    MM    MM    MM  MM 1015.1  21.4  23.1  17.3   MM   MM    MM
2026 09 19 00 20 270  5.0  6.0   1.0    14   6.0 209 1015.2  21.3  23.1  17.3   MM   MM    MM
2026 09 19 00 10 270  5.0  6.0   1.0    MM   6.0 209 1015.2  21.4  23.0  17.4   MM   MM    MM
2026 09 19 00 00 270  4.0  5.0    MM    MM    MM  MM 1015.1  21.3  23.0  17.3   MM -1.3    MM
2026 09 18 23 50 270  4.0  6.0   0.9    14   5.8 172 1015.2  21.2  23.0  17.2   MM   MM    MM
2026 09 18 23 40 260  4.0  5.0    MM    MM    MM  MM 1015.2  21.2  23.1  17.1   MM   MM    MM
2026 09 18 23 30 270  4.0  5.0    MM    MM    MM  MM 1015.3  21.1  23.1  16.8   MM   MM    MM
2026 09 18 23 20 270  4.0  5.0   0.8    15   5.8 213 1015.3  21.1  23.1  16.9   MM   MM    MM
2026 09 18 23 10 260  4.0  5.0    MM    MM    MM  MM 1015.4  21.0  23.1  16.7   MM   MM    MM
2026 09 18 23 00 260  4.0  5.0    MM    MM    MM  MM 1015.5  20.9  23.1  16.5   MM -1.7    MM
2026 09 18 22 50 260  4.0  4.0   0.9    15   5.8 209 1015.6  21.0  23.1  16.6   MM   MM    MM
2026 09 18 22 40 260  4.0  5.0   0.9    MM   5.8 209 1015.7  20.9  23.1  16.2   MM   MM    MM
2026 09 18 22 30 260  4.0  5.0    MM    MM    MM  MM 1015.8  20.9  23.0  16.0   MM   MM    MM
2026 09 18 22 20 250  4.0  5.0   0.9    14   6.2 208 1015.9  20.9  23.1  16.6   MM   MM    MM
2026 09 18 22 10 260  3.0  5.0   0.9    MM   6.2 208 1016.0  21.0  23.1  16.8   MM   MM    MM
2026 09 18 22 00 260  3.0  4.0    MM    MM    MM  MM 1016.0  20.9  23.0  16.4   MM -1.7    MM
2026 09 18 21 50 250  3.0  4.0   1.0    15   6.0 202 1016.1  20.7  23.0  16.2   MM   MM    MM
2026 09 18 21 40 250  3.0  4.0    MM    MM    MM  MM 1016.2  20.7  23.0  16.3   MM   MM    MM
2026 09 18 21 30 240  3.0  4.0    MM    MM    MM  MM 1016.3  20.6  23.1  16.4   MM   MM    MM
2026 09 18 21 20 250  3.0  4.0   1.0    19   6.1 349 1016.4  20.5  23.1  16.6   MM   MM    MM
2026 09 18 21 10 240  3.0  4.0   1.0    MM   6.1 349 1016.5  20.6  22.9  16.9   MM   MM    MM
2026 09 18 21 00 240  3.0  4.0    MM    MM    MM  MM 1016.5  20.6  22.9  17.1   MM -1.4    MM
2026 09 18 20 50 240  3.0  4.0   0.9    14   6.1 170 1016.6  20.5  23.0  17.0   MM   MM    MM
2026 09 18 20 40 240  3.0  4.0    MM    MM    MM  MM 1016.8  20.6  22.8  17.1   MM   MM    MM
2026 09 18 20 30 240  3.0  4.0    MM    MM    MM  MM 1016.9  20.6  22.6  17.1   MM   MM    MM
2026 09 18 20 20 250  2.0  4.0   0.9    14   5.6 211 1017.0  20.7  22.6  17.1   MM   MM    MM
2026 09 18 20 10 260  2.0  3.0    MM    MM    MM  MM 1017.0  20.7  22.6  17.0   MM   MM    MM
2026 09 18 20 00 240  2.0  3.0    MM    MM    MM  MM 1017.2  20.6  22.6  16.8   MM -0.7    MM
2026 09 18 19 50 250  2.0  3.0   1.0    15   6.0 166 1017.3  20.6  22.6  17.0   MM   MM    MM
2026 09 18 19 40 250  2.0  3.0   1.0    MM   6.0 166 1017.3  20.6  22.6  16.9   MM   MM    MM
2026 09 18 19 30 220  2.0  3.0    MM    MM    MM  MM 1017.4  20.6  22.6  16.8   MM   MM    MM
2026 09 18 19 20 230  2.0  3.0   1.0    14   6.1 198 1017.6  20.5  22.6  16.8   MM   MM    MM
2026 09 18 19 10 250  2.0  2.0   1.0    MM   6.1 198 1017.6  20.4  22.6  16.8   MM   MM    MM
2026 09 18 19 00 240  2.0  3.0    MM    MM    MM  MM 1017.7  20.5  22.6  17.0   MM +0.0    MM
2026 09 18 18 50 240  1.0  2.0   1.0    15   5.9 181 1017.7  20.4  22.6  17.0   MM   MM    MM
2026 09 18 18 40 240  2.0  3.0    MM    MM    MM  MM 1017.7  20.3  22.6  17.0   MM   MM    MM
2026 09 18 18 30 250  1.0  2.0    MM    MM    MM  MM 1017.9  20.3  22.6  17.0   MM   MM    MM
2026 09 18 18 20 250  1.0  2.0   0.9    15   5.5 177 1017.9  20.2  22.6  16.9   MM   MM    MM
2026 09 18 18 10 290  1.0  2.0   0.9    MM   5.5 177 1018.0  20.1  22.6  16.9   MM   MM    MM
2026 09 18 18 00 300  1.0  2.0    MM    MM    MM  MM 1017.9  20.0  22.6  16.8   MM +0.0    MM
2026 09 18 17 50 320  1.0  2.0   1.0    15   5.9 195 1018.0  20.0  22.6  16.8   MM   MM    MM
2026 09 18 17 40 320  2.0  2.0    MM    MM    MM  MM 1018.0  20.0  22.5  16.9   MM   MM    MM
2026 09 18 17 30 320  2.0  3.0    MM    MM    MM  MM 1018.0  20.0  22.5  16.9   MM   MM    MM
2026 09 18 17 20 330  2.0  3.0   1.1    15   5.9 189 1018.0  20.0  22.5  16.9   MM   MM    MM
2026 09 18 17 10 320  2.0  4.0   1.1    MM   5.9 189 1018.0  20.0  22.5  16.9   MM   MM    MM
2026 09 18 17 00 330  2.0  3.0    MM    MM    MM  MM 1017.9  20.1  22.5  16.9   MM +0.3    MM
2026 09 18 16 50 330  2.0  3.0   1.1    15   5.7 183 1017.9  20.1  22.5  16.7   MM   MM    MM
2026 09 18 16 40 320  2.0  3.0    MM    MM    MM  MM 1017.9  20.1  22.4  16.6   MM   MM    MM
2026 09 18 16 30 310  2.0  3.0    MM    MM    MM  MM 1017.9  20.0  22.4  16.4   MM   MM    MM
2026 09 18 16 20 320  2.0  3.0   1.2    15   5.8 197 1018.0  20.1  22.4  16.7   MM   MM    MM
2026 09 18 16 10 320  3.0  4.0   1.2    MM   5.8 197 1017.9  20.0  22.4  16.6   MM   MM    MM
2026 09 18 16 00 310  2.0  4.0    MM    MM    MM  MM 1017.9  20.0  22.4  16.6   MM +0.3    MM
2026 09 18 15 50 320  3.0  4.0   1.1    15   5.7 189 1018.0  20.1  22.4  16.7   MM   MM    MM
2026 09 18 15 40 330  2.0  4.0    MM    MM    MM  MM 1017.9  20.2  22.4  16.6   MM   MM    MM
2026 09 18 15 30 310  2.0  3.0    MM    MM    MM  MM 1018.0  20.2  22.4  16.5   MM   MM    MM
2026 09 18 15 20 320  2.0  3.0   1.1    15   5.6 179 1018.0  20.2  22.4  16.4   MM   MM    MM
2026 09 18 15 10 330  1.0  2.0   1.1    MM   5.6 179 1018.1  20.2  22.4  16.2   MM   MM    MM
2026 09 18 15 00 300  1.0  2.0    MM    MM    MM  MM 1018.1  20.1  22.4  16.2   MM +0.7    MM
2026 09 18 14 50 320  2.0  3.0   1.0     5   5.3 263 1018.1  20.2  22.4  16.4   MM   MM    MM
2026 09 18 14 40 330  2.0  3.0    MM    MM    MM  MM 1018.0  20.1  22.4  16.4   MM   MM    MM
2026 09 18 14 30 330  2.0  3.0    MM    MM    MM  MM 1017.9  20.1  22.4  16.4   MM   MM    MM
2026 09 18 14 20 330  2.0  3.0   1.1     5   5.5 262 1017.9  20.1  22.4  16.4   MM   MM    MM
2026 09 18 14 10 340  2.0  3.0   1.1    MM   5.5 262 1017.7  20.0  22.4  16.4   MM   MM    MM
2026 09 18 14 00 350  3.0  4.0    MM    MM    MM  MM 1017.6  20.0  22.4  16.4   MM +0.3    MM
2026 09 18 13 50 340  3.0  4.0   1.1    15   5.5 186 1017.5  20.0  22.4  16.4   MM   MM    MM
2026 09 18 13 40 340  3.0  4.0    MM    MM    MM  MM 1017.5  20.0  22.4  16.5   MM   MM    MM
2026 09 18 13 30 340  4.0  5.0    MM    MM    MM  MM 1017.5  20.1  22.4  16.6   MM   MM    MM
2026 09 18 13 20 340  4.0  5.0   1.1    15   5.6 187 1017.6  20.2  22.4  16.8   MM   MM    MM
2026 09 18 13 10 340  4.0  5.0    MM    MM    MM  MM 1017.6  20.3  22.4  16.8   MM   MM    MM
2026 09 18 13 00 340  4.0  5.0    MM    MM    MM  MM 1017.6  20.4  22.4  16.6   MM +0.0    MM
2026 09 18 12 50 340  4.0  5.0   1.0    15   5.5 183 1017.6  20.4  22.4  16.1   MM   MM    MM
2026 09 18 12 40 340  3.0  4.0    MM    MM    MM  MM 1017.6  20.4  22.4  16.1   MM   MM    MM
2026 09 18 12 30 330  3.0  4.0    MM    MM    MM  MM 1017.5  20.5  22.4  16.2   MM   MM    MM
2026 09 18 12 20 340  3.0  4.0   1.1    15   5.7 157 1017.4  20.5  22.4  16.1   MM   MM    MM
2026 09 18 12 10 330  3.0  4.0   1.1    MM   5.7 157 1017.4  20.5  22.4  16.0   MM   MM    MM
2026 09 18 12 00 330  3.0  4.0    MM    MM    MM  MM 1017.4  20.5  22.4  16.1   MM +0.0    MM
2026 09 18 11 50 330  3.0  4.0   1.0    MM   5.3 174 1017.3  20.5  22.4  15.9   MM   MM    MM
2026 09 18 11 40  MM   MM   MM   1.0    15   5.3 174     MM    MM    MM    MM   MM   MM    MM
2026 09 18 11 30 320  3.0  4.0    MM    MM    MM  MM 1017.5  20.5  22.4  16.2   MM   MM    MM
2026 09 18 11 20 320  4.0  5.0   1.0    15   5.5 196 1017.4  20.6  22.4  16.4   MM   MM    MM
2026 09 18 11 10 320  4.0  6.0   1.0    MM   5.5 196 1017.4  20.6  22.4  16.4   MM   MM    MM
2026 09 18 11 00 300  3.0  5.0    MM    MM    MM  MM 1017.3  20.8  22.4  16.6   MM -0.3    MM
2026 09 18 10 50 270  2.0  3.0   1.0    15   5.6 173 1017.4  20.7  22.4  16.0   MM   MM    MM
2026 09 18 10 40 260  2.0  3.0    MM    MM    MM  MM 1017.3  20.8  22.3  16.3   MM   MM    MM
2026 09 18 10 30 270  2.0  3.0    MM    MM    MM  MM 1017.3  20.8  22.3  16.1   MM   MM    MM
2026 09 18 10 20 270  2.0  3.0   0.9    15   5.4 202 1017.3  20.8  22.3  16.0   MM   MM    MM
2026 09 18 10 10 270  2.0  3.0   0.9    MM   5.4 202 1017.3  20.8  22.3  16.0   MM   MM    MM
2026 09 18 10 00 280  2.0  3.0    MM    MM    MM  MM 1017.4  20.9  22.3  16.1   MM +0.0    MM
2026 09 18 09 50 280  2.0  4.0   0.9    15   5.3 162 1017.5  21.1  22.3  16.2   MM   MM    MM
2026 09 18 09 40 300  4.0  6.0    MM    MM    MM  MM 1017.5  21.2  22.3  15.9   MM   MM    MM
2026 09 18 09 30 310  5.0  6.0    MM    MM    MM  MM 1017.5  21.1  22.4  15.6   MM   MM    MM
2026 09 18 09 20 300  5.0  6.0   0.9    15   5.1 213 1017.4  21.1  22.4  15.5   MM   MM    MM
2026 09 18 09 10 300  5.0  7.0    MM    MM    MM  MM 1017.4  21.1  22.4  16.0   MM   MM    MM
2026 09 18 09 00 280  4.0  5.0    MM    MM    MM  MM 1017.4  21.2  22.4  16.4   MM +0.0    MM
2026 09 18 08 50 300  5.0  6.0   1.0    15   5.5 206 1017.4  21.2  22.4  16.0   MM   MM    MM
2026 09 18 08 40 300  5.0  7.0   1.0    MM   5.5 206 1017.5  21.2  22.4  16.1   MM   MM    MM
2026 09 18 08 30 320  5.0  7.0    MM    MM    MM  MM 1017.5  21.2  22.4  16.1   MM   MM    MM
2026 09 18 08 20 320  5.0  6.0   0.9    15   5.2 227 1017.6  21.1  22.4  16.0   MM   MM    MM
2026 09 18 08 10 310  5.0  6.0   0.9    MM   5.2 227 1017.6  21.1  22.4  15.8   MM   MM    MM
2026 09 18 08 00 290  5.0  6.0    MM    MM    MM  MM 1017.6  21.1  22.4  15.9   MM -0.3    MM
2026 09 18 07 50 290  4.0  5.0   1.0    15   5.4 152 1017.7  21.2  22.4  16.2   MM   MM    MM
2026 09 18 07 40 290  4.0  5.0    MM    MM    MM  MM 1017.7  21.3  22.4  16.2   MM   MM    MM
2026 09 18 07 30 310  5.0  6.0    MM    MM    MM  MM 1017.6  21.3  22.4  16.0   MM   MM    MM
2026 09 18 07 20 300  4.0  6.0   0.9    15   5.1 191 1017.6  21.2  22.4  16.1   MM   MM    MM
2026 09 18 07 10 280  4.0  4.0   0.9    MM   5.1 191 1017.6  21.1  22.4  16.3   MM   MM    MM
2026 09 18 07 00 270  3.0  4.0    MM    MM    MM  MM 1017.6  21.1  22.4  16.6   MM +0.0    MM
2026 09 18 06 50 270  3.0  4.0   1.0    15   5.4 176 1017.6  21.1  22.4  16.6   MM   MM    MM
2026 09 18 06 40 290  4.0  5.0    MM    MM    MM  MM 1017.6  21.2  22.4  16.7   MM   MM    MM
2026 09 18 06 30 310  5.0  6.0    MM    MM    MM  MM 1017.7  21.1  22.4  16.5   MM   MM    MM
2026 09 18 06 20 310  6.0  7.0   1.0    15   5.4 179 1017.7  21.1  22.4  16.8   MM   MM    MM
2026 09 18 06 10 310  6.0  7.0   1.0    MM   5.4 179 1017.7  21.2  22.4  17.2   MM   MM    MM
2026 09 18 06 00 300  5.0  8.0    MM    MM    MM  MM 1017.6  21.2  22.4  17.0   MM +0.3    MM
2026 09 18 05 50 300  5.0  6.0   1.0    MM   5.7 179 1017.6  21.2  22.4  16.8   MM   MM    MM
2026 09 18 05 40  MM   MM   MM   1.0    15   5.7 179     MM    MM    MM    MM   MM   MM    MM
2026 09 18 05 30 320  6.0  7.0    MM    MM    MM  MM 1017.7  21.3  22.3  17.0   MM   MM    MM
2026 09 18 05 20 330  6.0  7.0   1.0    16   5.6 209 1017.8  21.3  22.3  16.3   MM   MM    MM
2026 09 18 05 10 320  4.0  6.0   1.0    MM   5.6 209 1017.9  21.2  22.4  16.3   MM   MM    MM
2026 09 18 05 00 310  3.0  4.0    MM    MM    MM  MM 1017.9  21.1  22.4  16.2   MM +0.7    MM
2026 09 18 04 50 320  3.0  4.0   0.9    15   5.8 183 1017.9  21.1  22.4  16.2   MM   MM    MM
2026 09 18 04 40 330  4.0  4.0    MM    MM    MM  MM 1018.0  21.0  22.4  16.4   MM   MM    MM
2026 09 18 04 30 330  3.0  4.0    MM    MM    MM  MM 1017.9  21.1  22.3  16.5   MM   MM    MM
2026 09 18 04 20 330  3.0  4.0   0.8    15   5.6 180 1017.9  21.1  22.4  16.2   MM   MM    MM
2026 09 18 04 10 320  3.0  4.0   0.8    MM   5.6 180 1017.8  21.1  22.3  15.5   MM   MM    MM
2026 09 18 04 00 330  3.0  4.0    MM    MM    MM  MM 1017.8  21.1  22.3  15.2   MM +0.9    MM
2026 09 18 03 50 330  3.0  4.0   0.8    15   6.0 225 1017.8  21.0  22.3  15.2   MM   MM    MM
2026 09 18 03 40 300  2.0  4.0    MM    MM    MM  MM 1017.6  21.0  22.3  15.7   MM   MM    MM
2026 09 18 03 30 290  3.0  4.0    MM    MM    MM  MM 1017.6  21.0  22.3  15.7   MM   MM    MM
2026 09 18 03 20 290  3.0  4.0   0.9    16   6.6 174 1017.5  21.0  22.3  15.5   MM   MM    MM
2026 09 18 03 10 280  3.0  4.0   0.9    MM   6.6 174 1017.4  21.0  22.3  15.6   MM   MM    MM
2026 09 18 03 00 270  4.0  5.0    MM    MM    MM  MM 1017.3  21.0  22.3  15.6   MM +0.3    MM
2026 09 18 02 50 280  4.0  4.0   0.9    15   6.6 180 1017.3  20.9  22.3  15.4   MM   MM    MM
2026 09 18 02 40 270  4.0  5.0    MM    MM    MM  MM 1017.3  20.9  22.3  15.5   MM   MM    MM
2026 09 18 02 30 270  3.0  4.0    MM    MM    MM  MM 1017.3  20.9  22.4  15.5   MM   MM    MM
2026 09 18 02 20 260  4.0  5.0   0.8    16   6.4 171 1017.2  20.9  22.4  15.6   MM   MM    MM
2026 09 18 02 10 260  4.0  5.0   0.8    MM   6.4 171 1017.2  21.0  22.4  15.5   MM   MM    MM
2026 09 18 02 00 260  4.0  5.0    MM    MM    MM  MM 1017.2  21.0  22.4  15.5   MM -0.0    MM
2026 09 18 01 50 270  4.0  5.0   0.9    16   7.0 218 1017.1  21.0  22.3  15.4   MM   MM    MM
2026 09 18 01 40 260  4.0  5.0    MM    MM    MM  MM 1017.0  21.0  22.4  15.6   MM   MM    MM
2026 09 18 01 30 260  4.0  5.0    MM    MM    MM  MM 1017.0  21.0  22.4  15.9   MM   MM    MM
2026 09 18 01 20 260  4.0  6.0   0.9    16   6.8 201 1016.9  21.1  22.4  16.0   MM   MM    MM
2026 09 18 01 10 270  4.0  5.0   0.9    MM   6.8 201 1016.9  21.1  22.5  16.1   MM   MM    MM
2026 09 18 01 00 270  4.0  5.0    MM    MM    MM  MM 1016.8  21.1  22.5  16.2   MM -0.5    MM
2026 09 18 00 50 270  4.0  5.0   0.8    16   7.3 174 1016.8  21.1  22.5  16.0   MM   MM    MM
2026 09 18 00 40 260  4.0  6.0    MM    MM    MM  MM 1016.9  21.2  22.6  16.1   MM   MM    MM
2026 09 18 00 30 270  4.0  5.0    MM    MM    MM  MM 1017.0  21.2  22.6  15.7   MM   MM    MM
2026 09 18 00 20 270  4.0  5.0   0.8    16   7.2 207 1017.0  21.2  22.6  15.7   MM   MM    MM
2026 09 18 00 10 270  4.0  4.0   0.8    MM   7.2 207 1017.0  21.2  22.7  15.8   MM   MM    MM
2026 09 18 00 00 260  4.0  4.0    MM    MM    MM  MM 1017.0  21.2  22.7  16.0   MM -1.0    MM
2026 09 17 23 50 260  3.0  4.0   0.9    16   7.4 174 1017.0  21.2  22.7  15.8   MM   MM    MM
2026 09 17 23 40 270  3.0  4.0    MM    MM    MM  MM 1017.1  21.2  22.8  15.8   MM   MM    MM
2026 09 17 23 30 270  3.0  4.0    MM    MM    MM  MM 1017.1  21.1  22.8  15.5   MM   MM    MM
2026 09 17 23 20 280  3.0  4.0   0.8    16   7.4 211 1017.1  21.2  22.7  15.7   MM   MM    MM
2026 09 17 23 10 280  3.0  4.0   0.8    MM   7.4 211 1017.2  21.1  22.7  15.6   MM   MM    MM
2026 09 17 23 00 290  3.0  4.0    MM    MM    MM  MM 1017.2  21.1  22.6  15.7   MM -1.4    MM
2026 09 17 22 50 290  3.0  4.0   0.8    16   7.2 188 1017.3  21.0  22.7  15.7   MM   MM    MM
2026 09 17 22 40 290  3.0  4.0   0.8    MM   7.2 188 1017.3  21.1  22.6  16.3   MM   MM    MM
2026 09 17 22 30 290  3.0  4.0    MM    MM    MM  MM 1017.4  20.9  22.7  15.9   MM   MM    MM
2026 09 17 22 20 290  3.0  4.0   0.8    16   7.1 151 1017.4  20.9  22.8  16.0   MM   MM    MM
2026 09 17 22 10 290  3.0  4.0   0.8    MM   7.1 151 1017.4  20.9  22.8  16.2   MM   MM    MM
2026 09 17 22 00 300  3.0  4.0    MM    MM    MM  MM 1017.5  20.9  22.7  16.1   MM -1.5    MM
2026 09 17 21 50 310  3.0  3.0   0.8    16   7.4 211 1017.6  20.9  22.8  15.9   MM   MM    MM
2026 09 17 21 40 290  3.0  4.0    MM    MM    MM  MM 1017.6  20.9  22.8  15.9   MM   MM    MM
2026 09 17 21 30 290  3.0  4.0    MM    MM    MM  MM 1017.7  20.8  22.8  15.8   MM   MM    MM
2026 09 17 21 20 280  3.0  4.0   0.8    16   7.1 235 1017.8  20.9  22.7  16.0   MM   MM    MM
2026 09 17 21 10 280  3.0  3.0    MM    MM    MM  MM 1017.9  20.9  22.7  15.7   MM   MM    MM
2026 09 17 21 00 280  3.0  4.0    MM    MM    MM  MM 1017.9  20.9  22.7  15.3   MM -1.3    MM
2026 09 17 20 50 260  3.0  3.0   0.9    16   7.1 180 1018.1  20.8  22.7  14.8   MM   MM    MM
2026 09 17 20 40 280  3.0  4.0    MM    MM    MM  MM 1018.3  20.8  22.6  14.7   MM   MM    MM
2026 09 17 20 30 280  3.0  4.0    MM    MM    MM  MM 1018.4  20.8  22.6  14.8   MM   MM    MM
2026 09 17 20 20 280  3.0  4.0   0.8    16   6.7 218 1018.4  20.7  22.6  14.7   MM   MM    MM
2026 09 17 20 10 280  3.0  4.0   0.8    MM   6.7 218 1018.5  20.7  22.6  15.0   MM   MM    MM
2026 09 17 20 00 280  3.0  4.0    MM    MM    MM  MM 1018.7  20.7    MM  15.0   MM -0.5    MM
2026 09 17 19 50 290  3.0  4.0   0.9    16   7.0 240 1018.7  20.6  22.5  14.9   MM   MM    MM
2026 09 17 19 40 290  3.0  4.0    MM    MM    MM  MM 1018.8  20.6  22.5  15.0   MM   MM    MM
2026 09 17 19 30 290  3.0  4.0    MM    MM    MM  MM 1018.9  20.5  22.4  15.0   MM   MM    MM
2026 09 17 19 20 290  3.0  4.0   0.9    MM   7.1 197 1019.0  20.5  22.5  15.1   MM   MM    MM
2026 09 17 19 10  MM   MM   MM   0.9    16   7.1 197     MM    MM    MM    MM   MM   MM    MM
2026 09 17 19 00 290  3.0  4.0    MM    MM    MM  MM 1019.0  20.4    MM  15.1   MM +0.0    MM
2026 09 17 18 50 280  3.0  4.0   0.9    16   6.5 174 1019.0  20.4  22.4  15.0   MM   MM    MM
2026 09 17 18 40 290  2.0  3.0   0.9    MM   6.5 174 1019.2  20.4  22.4  15.1   MM   MM    MM
2026 09 17 18 30 270  2.0  3.0    MM    MM    MM  MM 1019.3  20.3  22.4  14.9   MM   MM    MM
2026 09 17 18 20 260  2.0  3.0   0.9    16   6.6 187 1019.3  20.3  22.4  15.2   MM   MM    MM
2026 09 17 18 10 240  2.0  3.0    MM    MM    MM  MM 1019.3  20.3  22.4  15.1   MM   MM    MM
2026 09 17 18 00 240  2.0  3.0    MM    MM    MM  MM 1019.4  20.3  22.4  15.1   MM +1.0    MM
2026 09 17 17 50 250  2.0  3.0   0.9    16   6.7 180 1019.5  20.3  22.3  15.1   MM   MM    MM
2026 09 17 17 40 250  2.0  3.0   0.9    MM   6.7 180 1019.4  20.3  22.3  15.0   MM   MM    MM
2026 09 17 17 30 250  2.0  3.0    MM    MM    MM  MM 1019.4  20.3  22.3  15.2   MM   MM    MM
2026 09 17 17 20 240  2.0  4.0   0.9    16   6.8 182 1019.4  20.2  22.3  15.1   MM   MM    MM
2026 09 17 17 10 260  2.0  4.0    MM    MM    MM  MM 1019.2  20.2  22.3  15.2   MM   MM    MM
2026 09 17 17 00 260  2.0  3.0    MM    MM    MM  MM 1019.2  20.2  22.3  15.2   MM +1.0    MM
2026 09 17 16 50 240  2.0  4.0   0.9    16   6.3 181 1019.1  20.2  22.3  15.2   MM   MM    MM
2026 09 17 16 40 250  3.0  4.0    MM    MM    MM  MM 1019.0  20.2  22.3  15.1   MM   MM    MM
2026 09 17 16 30 250  2.0  3.0    MM    MM    MM  MM 1019.0  20.2  22.3  15.0   MM   MM    MM
2026 09 17 16 20 250  2.0  3.0   0.8    16   6.7 208 1019.0  20.2  22.2  15.0   MM   MM    MM
2026 09 17 16 10 240  2.0  4.0    MM    MM    MM  MM 1018.9  20.1  22.2  15.1   MM   MM    MM
2026 09 17 16 00 240  3.0  4.0    MM    MM    MM  MM 1018.8  20.2  22.2  15.4   MM +1.4    MM
2026 09 17 15 50 250  3.0  4.0   0.8    16   6.4 175 1018.8  20.1  22.2  15.3   MM   MM    MM
2026 09 17 15 40 250  3.0  4.0    MM    MM    MM  MM 1018.7  20.1  22.2  15.4   MM   MM    MM
2026 09 17 15 30 260  4.0  5.0    MM    MM    MM  MM 1018.6  20.0  22.2  15.5   MM   MM    MM
2026 09 17 15 20 260  4.0  4.0   0.9    16   7.0 201 1018.5  20.1  22.2  15.6   MM   MM    MM
2026 09 17 15 10 270  4.0  5.0   0.9    MM   7.0 201 1018.4  20.0  22.2  15.4   MM   MM    MM
2026 09 17 15 00 270  4.0  5.0    MM    MM    MM  MM 1018.4  20.1  22.1  15.5   MM +1.2    MM
2026 09 17 14 50 270  4.0  5.0   0.8    16   6.3 176 1018.3  20.1  22.1  15.5   MM   MM    MM
2026 09 17 14 40 270  4.0  4.0    MM    MM    MM  MM 1018.3  20.1  22.1  15.5   MM   MM    MM
2026 09 17 14 30 260  3.0  4.0    MM    MM    MM  MM 1018.3  20.1  22.1  15.5   MM   MM    MM
2026 09 17 14 20 240  3.0  4.0   0.9    16   6.7 159 1018.2  20.1  22.1  15.5   MM   MM    MM
2026 09 17 14 10 230  2.0  3.0   0.9    MM   6.7 159 1018.2  20.1  22.1  15.4   MM   MM    MM
2026 09 17 14 00 220  1.0  3.0    MM    MM    MM  MM 1018.1  20.1  22.1  15.3   MM +1.3    MM
2026 09 17 13 50 250  1.0  3.0   0.9    16   6.7 196 1018.1  20.0  22.1  15.2   MM   MM    MM
2026 09 17 13 40 270  2.0  3.0   0.9    MM   6.7 196 1017.9  20.0  22.1  15.4   MM   MM    MM
2026 09 17 13 30 260  2.0  3.0    MM    MM    MM  MM 1017.8  20.0  22.1  15.6   MM   MM    MM
2026 09 17 13 20 270  2.0  3.0   0.8    16   6.5 191 1017.6  20.0  22.1  15.7   MM   MM    MM
2026 09 17 13 10 270  3.0  4.0   0.8    MM   6.5 191 1017.5  20.0  22.2  15.8   MM   MM    MM
2026 09 17 13 00 240  3.0  4.0    MM    MM    MM  MM 1017.4  20.0  22.2  15.7   MM +0.7    MM
2026 09 17 12 50 240  3.0  4.0   0.8    16   6.5 138 1017.4  20.1  22.3  15.7   MM   MM    MM
2026 09 17 12 40 250  3.0  4.0    MM    MM    MM  MM 1017.3  20.0  22.3  15.4   MM   MM    MM
2026 09 17 12 30 240  3.0  4.0    MM    MM    MM  MM 1017.3  20.0  22.3  15.5   MM   MM    MM
2026 09 17 12 20 230  3.0  4.0   0.9    16   6.9 202 1017.1  20.0  22.3  15.5   MM   MM    MM
2026 09 17 12 10 230  3.0  4.0   0.9    MM   6.9 202 1017.2  20.0  22.4  15.7   MM   MM    MM
2026 09 17 12 00 240  3.0  4.0    MM    MM    MM  MM 1017.1  20.3  22.4  15.8   MM +0.4    MM
2026 09 17 11 50 230  2.0  3.0   0.8    16   6.6 217 1017.1  20.3  22.4  15.1   MM   MM    MM
2026 09 17 11 40 230  2.0  3.0    MM    MM    MM  MM 1017.0  20.2  22.4  15.0   MM   MM    MM
2026 09 17 11 30 260  2.0  3.0    MM    MM    MM  MM 1017.0  20.3  22.4  15.4   MM   MM    MM
2026 09 17 11 20 250  1.0  2.0   0.8    16   6.6 218 1017.0  20.2  22.5  15.2   MM   MM    MM
2026 09 17 11 10 250  2.0  3.0   0.8    MM   6.6 218 1016.9  20.3  22.5  15.5   MM   MM    MM
2026 09 17 11 00 240  1.0  2.0    MM    MM    MM  MM 1016.8  20.2  22.5  15.3   MM +0.3    MM
2026 09 17 10 50 260  2.0  3.0   0.8    16   6.3 116 1016.8  20.1  22.5  15.5   MM   MM    MM
2026 09 17 10 40 260  2.0  4.0    MM    MM    MM  MM 1016.8  20.2  22.6  15.9   MM   MM    MM
2026 09 17 10 30 280  2.0  3.0    MM    MM    MM  MM 1016.8  20.1  22.6  15.8   MM   MM    MM
2026 09 17 10 20 270  3.0  4.0   0.8    16   6.7 160 1016.7  20.1  22.6  16.0   MM   MM    MM
2026 09 17 10 10 270  3.0  3.0    MM    MM    MM  MM 1016.5  20.0  22.6  16.0   MM   MM    MM
2026 09 17 10 00 270  2.0  3.0    MM    MM    MM  MM 1016.6  20.0  22.6  16.2   MM +0.3    MM
2026 09 17 09 50 260  3.0  4.0   0.8    16   6.4 191 1016.6  20.0  22.6  16.1   MM   MM    MM
2026 09 17 09 40 240  1.0  2.0    MM    MM    MM  MM 1016.7  20.0  22.6  15.9   MM   MM    MM
2026 09 17 09 30 260  2.0  3.0    MM    MM    MM  MM 1016.7  19.9  22.6  15.9   MM   MM    MM
2026 09 17 09 20 260  2.0  3.0   0.9    16   6.7 188 1016.7  20.1  22.6  16.1   MM   MM    MM
2026 09 17 09 10 250  2.0  3.0    MM    MM    MM  MM 1016.7  20.1  22.6  15.5   MM   MM    MM
2026 09 17 09 00 230  2.0  3.0    MM    MM    MM  MM 1016.7  20.1  22.6  15.3   MM +0.5    MM
2026 09 17 08 50 230  2.0  3.0   0.9    16   6.7 210 1016.7  20.1  22.6  15.5   MM   MM    MM
2026 09 17 08 40 240  2.0  3.0    MM    MM    MM  MM 1016.7  20.0  22.6  15.6   MM   MM    MM
2026 09 17 08 30 230  2.0  4.0    MM    MM    MM  MM 1016.8  19.9  22.6  15.7   MM   MM    MM
2026 09 17 08 20 230  2.0  3.0   0.8    16   6.1 213 1016.8  20.0  22.6  16.0   MM   MM    MM
2026 09 17 08 10 220  3.0  4.0    MM    MM    MM  MM 1016.7  20.0  22.6  16.1   MM   MM    MM
2026 09 17 08 00 220  3.0  5.0    MM    MM    MM  MM 1016.5  19.9  22.7  16.1   MM +0.3    MM
2026 09 17 07 50 230  4.0  5.0   0.8    16   6.2 116 1016.5  19.9  22.7  16.3   MM   MM    MM
2026 09 17 07 40 230  4.0  5.0    MM    MM    MM  MM 1016.4  19.9  22.7  16.4   MM   MM    MM
2026 09 17 07 30 210  4.0  5.0    MM    MM    MM  MM 1016.3  19.9  22.7  16.4   MM   MM    MM
2026 09 17 07 20 220  4.0  5.0   0.8    16   6.0 233 1016.3  19.9  22.7  16.3   MM   MM    MM
2026 09 17 07 10 220  4.0  5.0    MM    MM    MM  MM 1016.3  19.9  22.7  16.1   MM   MM    MM
2026 09 17 07 00 220  3.0  4.0    MM    MM    MM  MM 1016.3  20.0  22.7  16.2   MM +0.6    MM
2026 09 17 06 50 220  3.0  5.0   0.9    16   6.1 185 1016.3  20.0  22.7  16.0   MM   MM    MM
2026 09 17 06 40 200  3.0  4.0    MM    MM    MM  MM 1016.3  20.0  22.7  16.0   MM   MM    MM
2026 09 17 06 30 210  3.0  4.0    MM    MM    MM  MM 1016.3  20.0  22.7  16.0   MM   MM    MM
2026 09 17 06 20 210  3.0  4.0   0.8     9   5.6 159 1016.2  19.9  22.7  15.9   MM   MM    MM
2026 09 17 06 10 200  3.0  4.0   0.8    MM   5.6 159 1016.2  19.9  22.7  15.8   MM   MM    MM
2026 09 17 06 00 210  3.0  4.0    MM    MM    MM  MM 1016.2  19.9  22.7  16.1   MM +1.3    MM
2026 09 17 05 50 210  4.0  5.0   0.8    16   5.8 198 1016.2  19.9  22.7  16.1   MM   MM    MM
2026 09 17 05 40 210  4.0  5.0    MM    MM    MM  MM 1016.2  19.9  22.7  16.1   MM   MM    MM
2026 09 17 05 30 210  4.0  5.0    MM    MM    MM  MM 1016.3  20.0  22.7  16.3   MM   MM    MM
2026 09 17 05 20 210  4.0  5.0   0.9    16   5.6 201 1016.3  20.0  22.7  16.5   MM   MM    MM
2026 09 17 05 10 220  3.0  4.0    MM    MM    MM  MM 1016.3  20.1  22.7  16.9   MM   MM    MM
2026 09 17 05 00 230  3.0  4.0    MM    MM    MM  MM 1016.2  20.0  22.7  16.7   MM +1.7    MM
2026 09 17 04 50 250  3.0  4.0   0.9    17   5.3 131 1016.2  20.1  22.7  16.8   MM   MM    MM
2026 09 17 04 40 250  3.0  4.0    MM    MM    MM  MM 1016.1  20.0  22.7  16.7   MM   MM    MM
2026 09 17 04 30 260  3.0  4.0    MM    MM    MM  MM 1016.0  20.1  22.7  16.8   MM   MM    MM
2026 09 17 04 20 260  3.0  4.0   0.9    16   5.5 169 1016.0  20.0  22.7  16.7   MM   MM    MM
2026 09 17 04 10 260  3.0  4.0   0.9    MM   5.5 169 1015.7  20.1  22.7  16.9   MM   MM    MM
2026 09 17 04 00 270  4.0  5.0    MM    MM    MM  MM 1015.7  20.0  22.7  16.7   MM +1.4    MM
2026 09 17 03 50 260  4.0  5.0   0.9    16   5.5 136 1015.7  20.1  22.6  16.8   MM   MM    MM
2026 09 17 03 40 250  4.0  5.0   0.9    MM   5.5 136 1015.5  20.2  22.6  16.6   MM   MM    MM
2026 09 17 03 30 250  4.0  6.0    MM    MM    MM  MM 1015.4  20.2  22.5  16.2   MM   MM    MM
2026 09 17 03 20 250  4.0  6.0   0.9    17   5.5 142 1015.1  20.2  22.5  16.0   MM   MM    MM
2026 09 17 03 10 250  5.0  5.0   0.9    MM   5.5 142 1015.1  20.2  22.5  16.1   MM   MM    MM
2026 09 17 03 00 260  4.0  6.0    MM    MM    MM  MM 1014.9  20.2  22.6  16.0   MM +0.8    MM
2026 09 17 02 50 260  5.0  6.0   0.9     8   5.8 191 1014.7  20.2  22.6  16.0   MM   MM    MM
2026 09 17 02 40 260  5.0  6.0    MM    MM    MM  MM 1014.6  20.3  22.5  16.2   MM   MM    MM
2026 09 17 02 30 260  5.0  6.0    MM    MM    MM  MM 1014.6  20.3  22.5  16.3   MM   MM    MM
2026 09 17 02 20 260  5.0  6.0   0.9    17   5.3 236 1014.6  20.3  22.5  16.1   MM   MM    MM
2026 09 17 02 10 260  5.0  6.0   0.9    MM   5.3 236 1014.5  20.4  22.5  16.1   MM   MM    MM
2026 09 17 02 00 260  5.0  5.0    MM    MM    MM  MM 1014.5  20.4  22.5  15.9   MM -0.0    MM
2026 09 17 01 50 260  5.0  6.0   0.9     9   5.4 167 1014.3  20.4  22.5  15.9   MM   MM    MM
2026 09 17 01 40 260  5.0  6.0   0.9    MM   5.4 167 1014.3  20.5  22.5  16.3   MM   MM    MM
2026 09 17 01 30 270  5.0  7.0    MM    MM    MM  MM 1014.2  20.5  22.6  16.5   MM   MM    MM
2026 09 17 01 20 270  5.0  7.0   1.0    17   5.7 152 1014.3  20.5  22.6  16.5   MM   MM    MM
2026 09 17 01 10 270  5.0  7.0   1.0    MM   5.7 152 1014.3  20.5  22.6  16.8   MM   MM    MM
2026 09 17 01 00 270  5.0  6.0    MM    MM    MM  MM 1014.2  20.5  22.7  17.0   MM -0.4    MM
2026 09 17 00 50 270  5.0  7.0   0.9     8   5.3 185 1014.1  20.5  22.7  17.2   MM   MM    MM
2026 09 17 00 40 270  5.0  7.0   0.9    MM   5.3 185 1014.1  20.6  22.7  17.3   MM   MM    MM
2026 09 17 00 30 270  6.0  7.0    MM    MM    MM  MM 1014.0  20.7  22.7  17.4   MM   MM    MM
2026 09 17 00 20 270  5.0  7.0   0.8     9   5.4 177 1014.0  20.7  22.8  17.2   MM   MM    MM
2026 09 17 00 10 270  5.0  6.0   0.8    MM   5.4 177 1014.0  20.8  22.8  17.2   MM   MM    MM
2026 09 17 00 00 270  5.0  6.0    MM    MM    MM  MM 1014.1  20.7  22.9  17.1   MM -0.9    MM
2026 09 16 23 50 270  5.0  6.0   0.9     9   5.6 198 1014.2  20.8  22.9  17.1   MM   MM    MM
2026 09 16 23 40 270  5.0  6.0    MM    MM    MM  MM 1014.3  20.8  22.9  16.8   MM   MM    MM
2026 09 16 23 30 260  5.0  6.0    MM    MM    MM  MM 1014.2  20.7  22.9  16.8   MM   MM    MM
2026 09 16 23 20 270  5.0  6.0   0.9     9   5.7 195 1014.3  20.7  22.9  17.0   MM   MM    MM
2026 09 16 23 10 270  5.0  6.0   0.9    MM   5.7 195 1014.3  20.7  22.9  16.7   MM   MM    MM
2026 09 16 23 00 270  5.0  6.0    MM    MM    MM  MM 1014.3  20.6  22.9  16.5   MM -1.1    MM
2026 09 16 22 50 260  5.0  6.0   0.9     9   5.5 175 1014.4  20.6  22.9  16.7   MM   MM    MM
2026 09 16 22 40 260  5.0  6.0    MM    MM    MM  MM 1014.4  20.5  22.9  16.8   MM   MM    MM
2026 09 16 22 30 260  5.0  6.0    MM    MM    MM  MM 1014.6  20.5  22.8  16.9   MM   MM    MM
2026 09 16 22 20 260  5.0  6.0   0.9    17   5.8 204 1014.6  20.5  22.9  17.1   MM   MM    MM
2026 09 16 22 10 260  5.0  6.0    MM    MM    MM  MM 1014.6  20.5  22.9  17.2   MM   MM    MM
2026 09 16 22 00 260  5.0  6.0    MM    MM    MM  MM 1014.8  20.5  22.9  17.3   MM -1.2    MM
2026 09 16 21 50 260  5.0  6.0   0.9     8   5.8 198 1014.8  20.5  22.9  17.4   MM   MM    MM
2026 09 16 21 40 270  5.0  5.0    MM    MM    MM  MM 1014.9  20.4  22.9  17.3   MM   MM    MM
2026 09 16 21 30 260  5.0  6.0    MM    MM    MM  MM 1014.9  20.4  22.9  17.4   MM   MM    MM
2026 09 16 21 20 260  4.0  5.0   0.8    14   5.5 232 1014.9  20.4  22.9  17.4   MM   MM    MM
2026 09 16 21 10 270  4.0  5.0    MM    MM    MM  MM 1015.1  20.4  22.8  17.3   MM   MM    MM
2026 09 16 21 00 260  4.0  5.0    MM    MM    MM  MM 1015.1  20.3  22.8  17.1   MM -1.2    MM
2026 09 16 20 50 270  4.0  5.0   0.8    17   5.5 203 1015.1  20.3  22.8  17.1   MM   MM    MM
2026 09 16 20 40 270  4.0  5.0    MM    MM    MM  MM 1015.2  20.4  22.7  17.2   MM   MM    MM
2026 09 16 20 30 270  4.0  5.0    MM    MM    MM  MM 1015.4  20.3  22.7  17.1   MM   MM    MM
2026 09 16 20 20 270  4.0  5.0   0.8    13   5.5 185 1015.4  20.4  22.7  17.4   MM   MM    MM
2026 09 16 20 10 270  4.0  5.0   0.8    MM   5.5 185 1015.5  20.4  22.7  17.3   MM   MM    MM
2026 09 16 20 00 270  4.0  5.0    MM    MM    MM  MM 1015.5  20.4  22.8  17.3   MM +0.0    MM
2026 09 16 19 50 270  4.0  5.0   0.8     8   5.3 195 1015.6  20.4    MM  17.3   MM   MM    MM
2026 09 16 19 40 270  4.0  5.0    MM    MM    MM  MM 1015.7  20.4  22.7  17.4   MM   MM    MM
2026 09 16 19 30 270  4.0  5.0    MM    MM    MM  MM 1015.6  20.4  22.8  17.4   MM   MM    MM
2026 09 16 19 20 270  4.0  5.0   0.8     5   5.2 265 1015.7  20.5  22.8  17.4   MM   MM    MM
2026 09 16 19 10 280  3.0  5.0    MM    MM    MM  MM 1015.9  20.5  22.7  17.4   MM   MM    MM
2026 09 16 19 00 270  4.0  5.0    MM    MM    MM  MM 1016.0  20.5    MM  17.4   MM +0.9    MM
2026 09 16 18 50 270  4.0  4.0   0.8    17   5.3  87 1016.0  20.5    MM  17.5   MM   MM    MM
2026 09 16 18 40 270  4.0  4.0    MM    MM    MM  MM 1016.2  20.5  22.7  17.4   MM   MM    MM
2026 09 16 18 30 270  4.0  4.0   0.8    MM   5.3  87 1016.2  20.5  22.7  17.4   MM   MM    MM
2026 09 16 18 20 260  4.0  5.0   0.8     9   5.4 187 1016.2  20.5  22.7  17.5   MM   MM    MM
2026 09 16 18 10 260  4.0  4.0   0.8    MM   5.4 187 1016.2  20.5  22.6  17.4   MM   MM    MM
2026 09 16 18 00 260  4.0  5.0    MM    MM    MM  MM 1016.3  20.6  22.6  17.5   MM +1.4    MM
2026 09 16 17 50 270  3.0  4.0   0.8    17   5.8 136 1016.3  20.5  22.6  17.4   MM   MM    MM
2026 09 16 17 40 260  3.0  4.0    MM    MM    MM  MM 1016.2  20.6  22.6  17.5   MM   MM    MM
2026 09 16 17 30 260  4.0  4.0    MM    MM    MM  MM 1016.2  20.6  22.6  17.5   MM   MM    MM
2026 09 16 17 20 270  3.0  4.0   0.8    16   5.6 252 1016.1  20.6  22.6  17.5   MM   MM    MM
2026 09 16 17 10 270  3.0  4.0   0.8    MM   5.6 252 1015.9  20.6  22.6  17.6   MM   MM    MM
2026 09 16 17 00 270  3.0  4.0    MM    MM    MM  MM 1015.8  20.7  22.5  17.6   MM +1.3    MM
2026 09 16 16 50 270  3.0  4.0   0.8    17   5.6 142 1015.6  20.7  22.5  17.6   MM   MM    MM
2026 09 16 16 40 270  3.0  4.0    MM    MM    MM  MM 1015.5  20.7  22.5  17.4   MM   MM    MM
2026 09 16 16 30 270  3.0  4.0    MM    MM    MM  MM 1015.4  20.7  22.5  17.4   MM   MM    MM
2026 09 16 16 20 260  3.0  4.0   0.8    17   5.6  70 1015.3  20.7  22.5  17.5   MM   MM    MM
2026 09 16 16 10 260  3.0  4.0   0.8    MM   5.6  70 1015.1  20.7  22.5  17.4   MM   MM    MM
2026 09 16 16 00 280  2.0  3.0    MM    MM    MM  MM 1015.1  20.7  22.5  17.4   MM +1.3    MM
2026 09 16 15 50 280  3.0  3.0   0.8     9   5.5 196 1015.0  20.7  22.5  17.5   MM   MM    MM
2026 09 16 15 40 270  3.0  4.0    MM    MM    MM  MM 1014.9  20.6  22.5  17.4   MM   MM    MM
2026 09 16 15 30 280  2.0  3.0    MM    MM    MM  MM 1014.9  20.6  22.6  17.4   MM   MM    MM
2026 09 16 15 20 270  2.0  3.0   0.8    15   5.5 231 1014.9  20.6  22.6  17.4   MM   MM    MM
2026 09 16 15 10 270  2.0  3.0   0.8    MM   5.5 231 1014.8  20.6  22.6  17.4   MM   MM    MM
2026 09 16 15 00 280  2.0  3.0    MM    MM    MM  MM 1014.9  20.6  22.6  17.5   MM +1.6    MM
2026 09 16 14 50 270  2.0  3.0   0.8    14   5.7 185 1014.8  20.6  22.6  17.4   MM   MM    MM
2026 09 16 14 40 270  2.0  3.0    MM    MM    MM  MM 1014.8  20.7  22.6  17.5   MM   MM    MM
2026 09 16 14 30 280  2.0  3.0    MM    MM    MM  MM 1014.7  20.8  22.6  17.3   MM   MM    MM
2026 09 16 14 20 270  1.0  2.0   0.8     6   5.6 268 1014.6  20.7  22.6  17.0   MM   MM    MM
2026 09 16 14 10 270  2.0  2.0   0.8    MM   5.6 268 1014.5  20.7  22.6  17.1   MM   MM    MM
2026 09 16 14 00 260  2.0  2.0    MM    MM    MM  MM 1014.4  20.7  22.6  17.2   MM +1.4    MM
2026 09 16 13 50 260  2.0  3.0   0.8     8   5.9 233 1014.3  20.7  22.6  17.2   MM   MM    MM
2026 09 16 13 40 260  2.0  2.0   0.8    MM   5.9 233 1014.1  20.7  22.6  17.1   MM   MM    MM
2026 09 16 13 30 270  2.0  3.0    MM    MM    MM  MM 1014.1  20.7  22.6  17.2   MM   MM    MM
2026 09 16 13 20 260  2.0  3.0   0.8     9   5.8 233 1013.8  20.7  22.6  17.3   MM   MM    MM
2026 09 16 13 10 260  2.0  3.0   0.8    MM   5.8 233 1013.8  20.7  22.6  17.3   MM   MM    MM
2026 09 16 13 00 260  2.0  4.0    MM    MM    MM  MM 1013.6  20.6  22.6  17.1   MM +0.5    MM
2026 09 16 12 50 260  3.0  3.0   0.9     8   5.9 224 1013.5  20.7  22.5  17.3   MM   MM    MM
2026 09 16 12 40 270  3.0  4.0    MM    MM    MM  MM 1013.4  20.8  22.5  17.4   MM   MM    MM
2026 09 16 12 30 260  3.0  4.0    MM    MM    MM  MM 1013.4  20.8  22.5  17.4   MM   MM    MM
2026 09 16 12 20 250  3.0  4.0   0.8    16   6.0 179 1013.3  20.9  22.6  17.2   MM   MM    MM
2026 09 16 12 10 230  3.0  4.0   0.8    MM   6.0 179 1013.2  21.0  22.6  16.8   MM   MM    MM
2026 09 16 12 00 210  3.0  4.0    MM    MM    MM  MM 1013.2  21.2  22.6  16.6   MM +0.0    MM
2026 09 16 11 50 190  3.0  4.0   0.8    16   5.9 276 1013.1  21.2    MM  16.0   MM   MM    MM
2026 09 16 11 40 200  3.0  4.0   0.8    MM   5.9 276 1013.1  21.2  22.6  16.2   MM   MM    MM
2026 09 16 11 30 200  3.0  4.0    MM    MM    MM  MM 1013.1  21.2  22.6  16.0   MM   MM    MM
2026 09 16 11 20 200  3.0  4.0   0.8    15   5.9   5 1013.0  21.3  22.6  16.0   MM   MM    MM
2026 09 16 11 10 190  3.0  3.0    MM    MM    MM  MM 1013.0  21.4  22.6  15.7   MM   MM    MM
2026 09 16 11 00 190  2.0  3.0    MM    MM    MM  MM 1012.9  21.4  22.6  15.4   MM +0.0    MM
2026 09 16 10 50 190  2.0  3.0   0.8    15   5.6 247 1013.1  21.4  22.6  15.4   MM   MM    MM
2026 09 16 10 40 180  2.0  3.0   0.8    MM   5.6 247 1013.2  21.4  22.5  15.4   MM   MM    MM
2026 09 16 10 30 180  2.0  3.0    MM    MM    MM  MM 1013.2  21.4  22.5  15.5   MM   MM    MM
2026 09 16 10 20 170  3.0  4.0   0.8    15   5.6 236 1013.2  21.4  22.5  15.6   MM   MM    MM
2026 09 16 10 10 150  3.0  4.0   0.8    MM   5.6 236 1013.2  21.4  22.5  15.6   MM   MM    MM
2026 09 16 10 00 140  3.0  4.0    MM    MM    MM  MM 1013.2  21.4  22.5  15.5   MM +0.0    MM
2026 09 16 09 50 130  3.0  4.0   0.8    15   5.8 221 1013.2  21.5  22.5  15.6   MM   MM    MM
2026 09 16 09 40 130  2.0  4.0    MM    MM    MM  MM 1013.2  21.4  22.5  15.3   MM   MM    MM
2026 09 16 09 30 140  2.0  3.0    MM    MM    MM  MM 1013.2  21.4  22.5  15.5   MM   MM    MM
2026 09 16 09 20 140  2.0  2.0   0.8     8   5.7 207 1013.2  21.4  22.5  15.4   MM   MM    MM
2026 09 16 09 10 150  2.0  3.0    MM    MM    MM  MM 1013.2  21.3  22.5  15.4   MM   MM    MM
2026 09 16 09 00 190  2.0  2.0    MM    MM    MM  MM 1013.2  21.3  22.5  16.0   MM +0.0    MM
2026 09 16 08 50 220  2.0  3.0   0.8     5   5.5 254 1013.2  21.2  22.5  15.9   MM   MM    MM
2026 09 16 08 40 210  2.0  3.0    MM    MM    MM  MM 1013.3  21.1  22.5  15.9   MM   MM    MM
2026 09 16 08 30 200  2.0  3.0    MM    MM    MM  MM 1013.4  21.0  22.4  15.9   MM   MM    MM
2026 09 16 08 20 190  3.0  4.0   0.8     8   5.6 186 1013.4  20.9  22.4  16.3   MM   MM    MM
2026 09 16 08 10 190  3.0  4.0    MM    MM    MM  MM 1013.3  20.9  22.4  16.9   MM   MM    MM
2026 09 16 08 00 190  3.0  4.0    MM    MM    MM  MM 1013.2  20.8  22.4  17.2   MM -0.0    MM
2026 09 16 07 50 200  4.0  4.0   0.8    16   5.6 201 1013.2  20.8  22.5  17.4   MM   MM    MM
2026 09 16 07 40 190  4.0  5.0    MM    MM    MM  MM 1013.2  20.8  22.4  17.6   MM   MM    MM
2026 09 16 07 30 180  5.0  6.0    MM    MM    MM  MM 1013.2  20.8  22.4  17.5   MM   MM    MM
2026 09 16 07 20 180  5.0  6.0   0.8    MM   5.6 210 1013.2  20.9  22.4  17.6   MM   MM    MM
2026 09 16 07 10  MM   MM   MM   0.8     8   5.6 210     MM    MM    MM    MM   MM   MM    MM
2026 09 16 07 00 170  4.0  5.0    MM    MM    MM  MM 1013.2  21.0  22.4  17.7   MM +0.5    MM
2026 09 16 06 50 170  4.0  5.0   0.8     8   5.6 205 1013.2  21.0  22.4  17.5   MM   MM    MM
2026 09 16 06 40 170  4.0  5.0   0.8    MM   5.6 205 1013.2  21.0  22.4  17.2   MM   MM    MM
2026 09 16 06 30 170  4.0  5.0    MM    MM    MM  MM 1013.1  20.9  22.4  17.0   MM   MM    MM
2026 09 16 06 20 170  4.0  5.0   0.8    MM   6.0 177 1013.0  20.9  22.4  17.8   MM   MM    MM
2026 09 16 06 10  MM   MM   MM   0.8     9   6.0 177     MM    MM    MM    MM   MM   MM    MM
2026 09 16 06 00 170  3.0  4.0    MM    MM    MM  MM 1013.0  21.0  22.4  17.7   MM +0.8    MM
2026 09 16 05 50 170  3.0  4.0   0.7    16   6.1 258 1013.0  20.9  22.4  17.4   MM   MM    MM
2026 09 16 05 40 170  2.0  3.0   0.7    MM   6.1 258 1013.1  20.9  22.4  17.3   MM   MM    MM
2026 09 16 05 30 180  2.0  3.0    MM    MM    MM  MM 1013.1  21.0  22.4  17.4   MM   MM    MM
2026 09 16 05 20 180  1.0  3.0   0.8     8   6.1 253 1013.2  20.9  22.4  17.2   MM   MM    MM
2026 09 16 05 10 190  1.0  2.0    MM    MM    MM  MM 1013.3  21.0  22.4  17.4   MM   MM    MM
2026 09 16 05 00  MM  0.0  1.0    MM    MM    MM  MM 1013.2  21.0  22.4  17.3   MM +1.3    MM
2026 09 16 04 50 210  1.0  2.0   0.8     8   6.3 269 1013.2  21.0  22.4  17.3   MM   MM    MM
2026 09 16 04 40 240  1.0  2.0    MM    MM    MM  MM 1013.2  20.9  22.4  17.2   MM   MM    MM
2026 09 16 04 30 220  1.0  2.0    MM    MM    MM  MM 1013.1  20.9  22.4  17.2   MM   MM    MM
2026 09 16 04 20 240  1.0  2.0   0.7     9   6.1 239 1013.0  20.9  22.4  17.2   MM   MM    MM
2026 09 16 04 10 230  1.0  2.0   0.7    MM   6.1 239 1012.9  20.8  22.5  17.2   MM   MM    MM
2026 09 16 04 00 220  2.0  2.0    MM    MM    MM  MM 1012.6  20.9  22.5  17.5   MM +0.5    MM
2026 09 16 03 50 230  2.0  2.0   0.7     8   5.7 246 1012.5  20.8  22.5  17.4   MM   MM    MM
2026 09 16 03 40 250  2.0  2.0    MM    MM    MM  MM 1012.5  20.8  22.5  17.5   MM   MM    MM
2026 09 16 03 30 250  2.0  3.0    MM    MM    MM  MM 1012.4  20.8  22.5  17.5   MM   MM    MM
2026 09 16 03 20 260  2.0  3.0   0.7     8   5.9 247 1012.3  20.8  22.5  17.6   MM   MM    MM
2026 09 16 03 10 260  3.0  3.0    MM    MM    MM  MM 1012.2  20.9    MM  17.4   MM   MM    MM
2026 09 16 03 00 250  3.0  3.0    MM    MM    MM  MM 1012.1  20.9  22.5  17.1   MM +0.0    MM
2026 09 16 02 50 250  3.0  4.0   0.8     8   6.2 233 1012.1  20.8  22.5  16.7   MM   MM    MM
2026 09 16 02 40 240  3.0  4.0   0.8    MM   6.2 233 1012.1  20.7  22.5  16.8   MM   MM    MM
2026 09 16 02 30 240  3.0  4.0    MM    MM    MM  MM 1011.9  20.7  22.5  16.9   MM   MM    MM
2026 09 16 02 20 250  3.0  4.0   0.8     9   6.3 259 1011.9  20.7  22.6  17.1   MM   MM    MM
2026 09 16 02 10 250  3.0  4.0    MM    MM    MM  MM 1011.9  20.6  22.6  17.0   MM   MM    MM
2026 09 16 02 00 250  4.0  4.0    MM    MM    MM  MM 1012.0  20.7  22.5  17.1   MM +0.0    MM
2026 09 16 01 50 240  4.0  4.0   0.9     8   6.4 257 1012.1  20.7  22.6  17.0   MM   MM    MM
2026 09 16 01 40 250  4.0  4.0    MM    MM    MM  MM 1012.1  20.7  22.6  17.1   MM   MM    MM
2026 09 16 01 30 250  4.0  5.0    MM    MM    MM  MM 1012.1  20.7  22.6  17.2   MM   MM    MM
2026 09 16 01 20 240  4.0  4.0   0.8    10   6.2 237 1012.2  20.8  22.6  17.2   MM   MM    MM
2026 09 16 01 10 240  4.0  4.0   0.8    MM   6.2 237 1012.2  20.8  22.6  17.2   MM   MM    MM
2026 09 16 01 00 240  3.0  4.0    MM    MM    MM  MM 1012.1  20.8  22.6  17.2   MM -0.4    MM
2026 09 16 00 50 240  3.0  4.0   0.8     9   6.0 216 1012.1  20.9  22.6  17.4   MM   MM    MM
2026 09 16 00 40 230  3.0  4.0   0.8    MM   6.0 216 1012.1  20.8  22.6  17.3   MM   MM    MM
2026 09 16 00 30 230  3.0  4.0    MM    MM    MM  MM 1012.1  20.8  22.6  17.2   MM   MM    MM
2026 09 16 00 20 230  3.0  4.0   0.8     8   5.8 258 1012.1  20.8  22.6  17.2   MM   MM    MM
2026 09 16 00 10 230  4.0  5.0   0.8    MM   5.8 258 1012.1  20.7  22.6  17.2   MM   MM    MM
2026 09 16 00 00 230  4.0  5.0    MM    MM    MM  MM 1012.1  20.7  22.6  17.2   MM -1.1    MM
2026 09 15 23 50 230  4.0  5.0   0.9     8   5.9 251 1012.0  20.7    MM  17.2   MM   MM    MM
2026 09 15 23 40 240  4.0  5.0   0.9    MM   5.9 251 1012.0  20.7  22.6  17.4   MM   MM    MM
2026 09 15 23 20 230  4.0  5.0   0.9     8   5.7 253 1012.0  20.7  22.6  17.5   MM   MM    MM
2026 09 15 23 10 230  5.0  5.0   0.9    MM   5.7 253 1012.0  20.7  22.6  17.7   MM   MM    MM
2026 09 15 23 00 220  5.0  5.0    MM    MM    MM  MM 1012.1  20.7  22.6  17.7   MM -1.1    MM
2026 09 15 22 50 220  4.0  5.0   0.9     8   5.7 241 1012.1  20.7  22.6  17.8   MM   MM    MM
2026 09 15 22 40 220  4.0  5.0    MM    MM    MM  MM 1012.2  20.6  22.6  17.7   MM   MM    MM
2026 09 15 22 30 230  4.0  5.0    MM    MM    MM  MM 1012.4  20.6  22.6  17.8   MM   MM    MM
2026 09 15 22 20 240  4.0  5.0   0.9     8   5.7 267 1012.4  20.7  22.6  17.9   MM   MM    MM
2026 09 15 22 10 240  4.0  5.0   0.9    MM   5.7 267 1012.5  20.7  22.7  17.9   MM   MM    MM
2026 09 15 22 00 230  4.0  5.0    MM    MM    MM  MM 1012.7  20.6  22.7  17.7   MM -0.8    MM
2026 09 15 21 50 230  4.0  5.0   0.9     9   5.8 264 1012.7  20.7  22.6  17.8   MM   MM    MM
2026 09 15 21 40 230  4.0  5.0    MM    MM    MM  MM 1012.8  20.7  22.6  17.8   MM   MM    MM
2026 09 15 21 30 240  4.0  5.0    MM    MM    MM  MM 1012.8  20.7  22.7  17.8   MM   MM    MM
2026 09 15 21 20 240  4.0  5.0   0.9     9   5.7 253 1013.0  20.7    MM  17.9   MM   MM    MM
2026 09 15 21 10 240  4.0  5.0   0.9    MM   5.7 253 1013.0  20.6  22.7  17.8   MM   MM    MM
2026 09 15 21 00 240  4.0  5.0    MM    MM    MM  MM 1013.1  20.7  22.7  18.1   MM -0.6    MM
2026 09 15 20 50 240  4.0  5.0   0.9     9   5.6 252 1013.2  20.6  22.7  18.0   MM   MM    MM
2026 09 15 20 40 230  4.0  5.0    MM    MM    MM  MM 1013.3  20.7  22.7  18.2   MM   MM    MM
2026 09 15 20 30 230  4.0  5.0    MM    MM    MM  MM 1013.3  20.9  22.7  18.3   MM   MM    MM
2026 09 15 20 20 220  4.0  5.0   0.9     9   5.7 270 1013.3  21.0  22.7  18.3   MM   MM    MM
2026 09 15 20 10 220  3.0  4.0    MM    MM    MM  MM 1013.3  21.0  22.7  18.2   MM   MM    MM
2026 09 15 20 00 220  3.0  4.0    MM    MM    MM  MM 1013.2  21.1  22.6  18.4   MM +0.0    MM
2026 09 15 19 50 210  3.0  4.0   1.0     9   5.9 263 1013.1  21.2  22.6  18.4   MM   MM    MM
2026 09 15 19 40 230  2.0  3.0   1.0    MM   5.9 263 1013.3  21.6  22.6  18.5   MM   MM    MM
2026 09 15 19 30 240  1.0  2.0    MM    MM    MM  MM 1013.3  21.9  22.6  18.3   MM   MM    MM
2026 09 15 19 20  MM  0.0  1.0   1.2    10   6.3 252 1013.3  21.7  22.6  18.0   MM   MM    MM
2026 09 15 19 10  MM  0.0  1.0   1.2    MM   6.3 252 1013.3  21.4  22.6  18.0   MM   MM    MM
2026 09 15 19 00 250  1.0  2.0    MM    MM    MM  MM 1013.4  21.4    MM  18.1   MM +0.5    MM
2026 09 15 18 50 250  1.0  2.0   1.1     9   5.9 262 1013.5  21.3  22.6  18.1   MM   MM    MM
2026 09 15 18 40 250  1.0  2.0    MM    MM    MM  MM 1013.6  21.1  22.6  17.9   MM   MM    MM
2026 09 15 18 30 240  1.0  2.0    MM    MM    MM  MM 1013.8  21.1  22.6  17.9   MM   MM    MM
2026 09 15 18 20 240  2.0  2.0   1.0     7   5.6 271 1013.7  21.1  22.6  18.1   MM   MM    MM
2026 09 15 18 10 250  2.0  3.0   1.0    MM   5.6 271 1013.7  21.0  22.6  18.1   MM   MM    MM
2026 09 15 18 00 240  2.0  3.0    MM    MM    MM  MM 1013.7  21.1  22.5  18.1   MM +1.2    MM
2026 09 15 17 50 240  2.0  3.0   1.0     8   5.8 256 1013.7  21.0  22.5  18.0   MM   MM    MM
2026 09 15 17 40 250  2.0  3.0    MM    MM    MM  MM 1013.6  20.9  22.5  18.0   MM   MM    MM
2026 09 15 17 30 240  2.0  3.0    MM    MM    MM  MM 1013.5  21.0  22.5  18.1   MM   MM    MM
2026 09 15 17 20 220  2.0  3.0   1.0     6   5.8 262 1013.4  21.0  22.5  18.1   MM   MM    MM
2026 09 15 17 10 220  2.0  2.0   1.0    MM   5.8 262 1013.4  20.9  22.5  18.0   MM   MM    MM
2026 09 15 17 00 210  2.0  2.0    MM    MM    MM  MM 1013.4  20.8  22.5  18.0   MM +1.7    MM
2026 09 15 16 50 210  2.0  3.0   1.0     6   5.7 262 1013.3  20.8  22.5  18.1   MM   MM    MM
2026 09 15 16 40 220  2.0  3.0    MM    MM    MM  MM 1013.2  20.7  22.5  18.1   MM   MM    MM
2026 09 15 16 30 220  3.0  3.0    MM    MM    MM  MM 1013.1  20.8  22.5  18.4   MM   MM    MM
2026 09 15 16 20 220  3.0  4.0   1.0     7   5.8 260 1013.1  20.9  22.5  18.5   MM   MM    MM
2026 09 15 16 10 210  3.0  4.0    MM    MM    MM  MM 1013.0  21.0  22.5  18.3   MM   MM    MM
2026 09 15 16 00 200  3.0  3.0    MM    MM    MM  MM 1012.9  21.2  22.5  18.2   MM +1.6    MM
2026 09 15 15 50 190  2.0  3.0   1.1     8   5.7 259 1012.8  21.4  22.5  18.1   MM   MM    MM
2026 09 15 15 40 180  2.0  3.0    MM    MM    MM  MM 1012.7  21.6  22.5  17.7   MM   MM    MM
2026 09 15 15 30 110  3.0  4.0    MM    MM    MM  MM 1012.6  21.6  22.4  16.2   MM   MM    MM
2026 09 15 15 20 120  3.0  4.0   1.0     8   5.8 261 1012.6  21.6  22.4  16.2   MM   MM    MM
2026 09 15 15 10 120  3.0  5.0   1.0    MM   5.8 261 1012.5  21.5  22.4  15.7   MM   MM    MM
2026 09 15 15 00 100  4.0  5.0    MM    MM    MM  MM 1012.5  21.5  22.4  15.8   MM +1.6    MM
2026 09 15 14 50  80  4.0  6.0   0.9     8   5.3 267 1012.5  21.5  22.4  15.9   MM   MM    MM
2026 09 15 14 40  90  5.0  7.0    MM    MM    MM  MM 1012.3  21.6  22.4  16.3   MM   MM    MM
2026 09 15 14 30 100  5.0  7.0    MM    MM    MM  MM 1012.1  21.6  22.4  16.3   MM   MM    MM
2026 09 15 14 20  80  6.0  7.0   1.0     7   5.4 268 1012.1  21.6  22.4  16.6   MM   MM    MM
2026 09 15 14 10  80  6.0  7.0   1.0    MM   5.4 268 1011.9  21.6  22.4  17.0   MM   MM    MM
2026 09 15 14 00  80  6.0  7.0    MM    MM    MM  MM 1011.8  21.6  22.4  17.1   MM +0.8    MM
2026 09 15 13 50  70  6.0  7.0   0.9     6   5.3 261 1011.6  21.5  22.4  17.2   MM   MM    MM
2026 09 15 13 40  70  5.0  7.0    MM    MM    MM  MM 1011.5  21.5  22.4  17.5   MM   MM    MM
2026 09 15 13 30  70  5.0  6.0    MM    MM    MM  MM 1011.4  21.5  22.5  17.4   MM   MM    MM
2026 09 15 13 20  60  5.0  6.0   1.0     7   5.4 261 1011.4  21.5  22.5  17.4   MM   MM    MM
2026 09 15 13 10  70  4.0  5.0   1.0    MM   5.4 261 1011.3  21.4  22.5  17.2   MM   MM    MM
2026 09 15 13 00  60  4.0  5.0    MM    MM    MM  MM 1011.3  21.4  22.5  17.3   MM +0.5    MM
2026 09 15 12 50  60  4.0  6.0   0.9     9   5.2 252 1011.2  21.4  22.5  17.5   MM   MM    MM
2026 09 15 12 40  60  4.0  5.0    MM    MM    MM  MM 1011.1  21.3  22.5  17.4   MM   MM    MM
2026 09 15 12 30  60  4.0  5.0    MM    MM    MM  MM 1011.1  21.3  22.5  17.6   MM   MM    MM
2026 09 15 12 20  70  4.0  5.0   1.0     9   5.5 255 1011.0  21.3  22.5  17.7   MM   MM    MM
2026 09 15 12 10  60  4.0  5.0   1.0    MM   5.5 255 1011.0  21.3  22.5  17.8   MM   MM    MM
2026 09 15 12 00  70  4.0  6.0    MM    MM    MM  MM 1011.0  21.3  22.5  18.0   MM +0.0    MM
2026 09 15 11 50  80  3.0  4.0   0.9     7   5.8 262 1011.0  21.0  22.5  18.3   MM   MM    MM
2026 09 15 11 40  70  1.0  2.0   0.9    MM   5.8 262 1011.0  20.8  22.5  18.7   MM   MM    MM
2026 09 15 11 30  MM  0.0  1.0    MM    MM    MM  MM 1011.0  20.7  22.5  18.7   MM   MM    MM
2026 09 15 11 20  MM  0.0  1.0   0.9     7   6.1 255 1011.0  20.7  22.4  18.7   MM   MM    MM
2026 09 15 11 10  MM  0.0  1.0    MM    MM    MM  MM 1010.9  20.7  22.4  18.7   MM   MM    MM
2026 09 15 11 00  MM  0.0  1.0    MM    MM    MM  MM 1010.9  20.7  22.4  18.7   MM +0.0    MM
2026 09 15 10 50 100  1.0  1.0   0.9     9   5.8 254 1010.8  20.6  22.4  18.6   MM   MM    MM
2026 09 15 10 40  80  1.0  1.0    MM    MM    MM  MM 1010.9  20.6  22.4  18.7   MM   MM    MM
2026 09 15 10 30 110  1.0  2.0    MM    MM    MM  MM 1010.8  20.6  22.4  18.7   MM   MM    MM
2026 09 15 10 20 110  1.0  2.0   1.0     8   6.0 262 1010.8  20.5  22.3  18.6   MM   MM    MM
2026 09 15 10 10 110  1.0  2.0    MM    MM    MM  MM 1010.8  20.4  22.3  18.5   MM   MM    MM
2026 09 15 10 00 140  1.0  2.0    MM    MM    MM  MM 1010.8  20.4  22.4  18.5   MM +0.0    MM
2026 09 15 09 50 150  1.0  2.0   0.9    10   6.2 253 1010.9  20.4  22.4  18.5   MM   MM    MM
2026 09 15 09 40 160  1.0  1.0    MM    MM    MM  MM 1010.8  20.3  22.3  18.3   MM   MM    MM
2026 09 15 09 30 150  1.0  1.0    MM    MM    MM  MM 1010.8  20.3  22.3  18.3   MM   MM    MM
2026 09 15 09 20 170  1.0  1.0   0.9     9   6.2 253 1010.8  20.3  22.3  18.3   MM   MM    MM
2026 09 15 09 10 180  1.0  2.0    MM    MM    MM  MM 1010.8  20.3  22.3  18.3   MM   MM    MM
2026 09 15 09 00 210  1.0  2.0    MM    MM    MM  MM 1010.8  20.3  22.3  18.2   MM +0.0    MM
2026 09 15 08 50 220  1.0  2.0   0.8     8   6.1 259 1010.8  20.2  22.3  18.1   MM   MM    MM
2026 09 15 08 40 230  1.0  2.0   0.8    MM   6.1 259 1010.8  20.2  22.3  18.1   MM   MM    MM
2026 09 15 08 30 240  2.0  2.0    MM    MM    MM  MM 1010.7  20.3  22.2  18.3   MM   MM    MM
2026 09 15 08 20 230  2.0  3.0   0.8    13   5.8 195 1010.8  20.3  22.2  18.2   MM   MM    MM
2026 09 15 08 10 220  2.0  3.0    MM    MM    MM  MM 1010.8  20.3  22.2  18.2   MM   MM    MM
2026 09 15 08 00 230  2.0  3.0    MM    MM    MM  MM 1010.7  20.3  22.2  18.0   MM +0.0    MM
2026 09 15 07 50 220  2.0  3.0   0.9     9   5.9 263 1010.6  20.3  22.2  17.9   MM   MM    MM
2026 09 15 07 40 210  2.0  3.0    MM    MM    MM  MM 1010.5  20.3  22.2  17.8   MM   MM    MM
2026 09 15 07 30 200  2.0  3.0    MM    MM    MM  MM 1010.7  20.3  22.3  17.8   MM   MM    MM
2026 09 15 07 20 210  2.0  3.0   0.9    MM   6.3 179 1010.7  20.3  22.3  17.9   MM   MM    MM
2026 09 15 07 10 210  2.0  3.0   0.9    MM   6.3 179 1010.7  20.3  22.3  17.7   MM   MM    MM
2026 09 15 07 00 220  2.0  3.0    MM    MM    MM  MM 1010.8  20.4  22.3  17.8   MM +0.9    MM
2026 09 15 06 50 230  2.0  4.0   0.9    12   5.7 127 1010.8  20.4  22.2  17.7   MM   MM    MM
2026 09 15 06 40 220  3.0  3.0    MM    MM    MM  MM 1010.7  20.4  22.2  17.9   MM   MM    MM
2026 09 15 06 30 230  3.0  3.0    MM    MM    MM  MM 1010.7  20.6  22.2  18.2   MM   MM    MM
2026 09 15 06 20 230  3.0  3.0   0.8     8   5.6 249 1010.8  20.6    MM  17.9   MM   MM    MM
2026 09 15 06 10 230  3.0  3.0   0.8    MM   5.6 249 1010.8  20.6  22.2  18.1   MM   MM    MM
2026 09 15 06 00 230  3.0  4.0    MM    MM    MM  MM 1010.8  20.6  22.2  18.1   MM +1.7    MM
2026 09 15 05 50 240  4.0  5.0   0.8    MM   5.1 137 1011.2  20.7  22.2  17.8   MM   MM    MM
2026 09 15 05 40 240  3.0  4.0   0.8    MM   5.1 137 1010.7  20.7  22.2  17.5   MM   MM    MM
2026 09 15 05 30 240  3.0  4.0    MM    MM    MM  MM 1010.5  20.6  22.2  17.8   MM   MM    MM
2026 09 15 05 20 240  3.0  4.0   0.8    10   5.0 257 1010.6  20.6  22.3  18.4   MM   MM    MM
2026 09 15 05 10 240  3.0  4.0   0.8    MM   5.0 257 1010.5  20.8  22.2  18.6   MM   MM    MM
2026 09 15 05 00 250  3.0  4.0    MM    MM    MM  MM 1010.5  21.0  22.3  18.6   MM +1.8    MM
2026 09 15 04 50 260  4.0  4.0   0.8    MM   5.2 183 1010.8  20.9  22.3  18.4   MM   MM    MM
2026 09 15 04 40 250  4.0  5.0   0.8    MM   5.2 183 1010.3  20.9  22.3  18.4   MM   MM    MM
2026 09 15 04 30 250  4.0  4.0    MM    MM    MM  MM 1010.2  20.9  22.3  18.4   MM   MM    MM
2026 09 15 04 20 250  4.0  5.0   0.8     9   4.8 247 1010.0  20.9  22.3  18.3   MM   MM    MM
2026 09 15 04 10 260  4.0  5.0   0.8    MM   4.8 247 1010.0  21.0  22.3  18.1   MM   MM    MM
2026 09 15 04 00 250  4.0  5.0    MM    MM    MM  MM 1009.8  21.2  22.3  17.6   MM +1.2    MM
2026 09 15 03 50 260  5.0  6.0   0.7     8   4.9 265 1009.7  21.5  22.4  17.1   MM   MM    MM
2026 09 15 03 40 250  4.0  5.0    MM    MM    MM  MM 1009.6  21.7  22.4  17.2   MM   MM    MM
2026 09 15 03 30 250  4.0  5.0    MM    MM    MM  MM 1009.4  21.7  22.4  17.8   MM   MM    MM
2026 09 15 03 20 260  4.0  5.0   0.7    13   4.8 131 1009.3  21.5  22.4  17.9   MM   MM    MM
2026 09 15 03 10 260  4.0  5.0   0.7    MM   4.8 131 1009.1  21.6  22.5  18.3   MM   MM    MM
2026 09 15 03 00 270  5.0  5.0    MM    MM    MM  MM 1009.1  21.8  22.5  17.9   MM +0.5    MM
2026 09 15 02 50 280  5.0  5.0   0.8     8   5.0 273 1009.0  21.8  22.5  17.1   MM   MM    MM
2026 09 15 02 40 280  5.0  6.0    MM    MM    MM  MM 1008.9  21.3  22.5  17.7   MM   MM    MM
2026 09 15 02 30 280  5.0  6.0    MM    MM    MM  MM 1008.9  21.2  22.4  19.2   MM   MM    MM
2026 09 15 02 20 280  6.0  6.0   0.8     8   5.5 262 1008.8  21.3  22.5  19.5   MM   MM    MM
2026 09 15 02 10 270  5.0  6.0   0.8    MM   5.5 262 1008.8  21.4  22.5  19.6   MM   MM    MM
2026 09 15 02 00 280  5.0  6.0    MM    MM    MM  MM 1008.8  21.4  22.5  19.6   MM +0.0    MM
2026 09 15 01 50 280  5.0  6.0   0.8     9   5.2 266 1008.7  21.3  22.5  19.4   MM   MM    MM
2026 09 15 01 40 270  5.0  6.0   0.8    MM   5.2 266 1008.7  21.4  22.5  19.6   MM   MM    MM
2026 09 15 01 30 270  5.0  6.0    MM    MM    MM  MM 1008.7  21.4  22.6  19.5   MM   MM    MM
2026 09 15 01 20 280  5.0  6.0   0.7     8   5.3 259 1008.6  21.5  22.6  19.6   MM   MM    MM
2026 09 15 01 10 280  5.0  6.0    MM    MM    MM  MM 1008.6  21.4  22.6  19.5   MM   MM    MM
2026 09 15 01 00 280  5.0  6.0    MM    MM    MM  MM 1008.7  21.5  22.6  19.6   MM -0.7    MM
2026 09 15 00 50 280  5.0  6.0   0.8     8   5.8 268 1008.8  21.5  22.6  19.6   MM   MM    MM
2026 09 15 00 40 280  6.0  7.0    MM    MM    MM  MM 1008.7  21.5  22.6  19.7   MM   MM    MM
2026 09 15 00 30 280  6.0  7.0    MM    MM    MM  MM 1008.8  21.5  22.5  19.7   MM   MM    MM
2026 09 15 00 20 270  5.0  6.0   0.9     9   5.8 259 1008.7  21.5  22.4  19.7   MM   MM    MM
2026 09 15 00 10 270  5.0  6.0   0.9    MM   5.8 259 1008.7  21.5  22.6  19.7   MM   MM    MM
2026 09 15 00 00 270  5.0  6.0    MM    MM    MM  MM 1008.7  21.6  22.6  19.8   MM -1.3    MM
2026 09 14 23 50 270  4.0  5.0   0.9     8   5.7 260 1008.7  21.6  22.6  19.7   MM   MM    MM
2026 09 14 23 40 270  4.0  5.0   0.9    MM   5.7 260 1008.7  21.5  22.7  19.6   MM   MM    MM
2026 09 14 23 30 270  4.0  5.0    MM    MM    MM  MM 1008.7  21.6  22.9  19.7   MM   MM    MM
2026 09 14 23 20 270  4.0  5.0   1.0     9   5.7 251 1008.9  21.5  22.6  19.6   MM   MM    MM
2026 09 14 23 10 270  5.0  6.0    MM    MM    MM  MM 1008.9  21.6  22.7  19.7   MM   MM    MM
2026 09 14 23 00 270  5.0  6.0    MM    MM    MM  MM 1008.9  21.7  23.0  19.7   MM -1.3    MM
2026 09 14 22 50 280  4.0  6.0   1.0     9   5.8 240 1009.0  22.1  22.9  19.5   MM   MM    MM
2026 09 14 22 40 260  1.0  3.0    MM    MM    MM  MM 1009.1  22.2  22.5  18.6   MM   MM    MM
2026 09 14 22 30 260  2.0  2.0    MM    MM    MM  MM 1009.1  22.1  22.4  18.5   MM   MM    MM
2026 09 14 22 20 250  2.0  2.0   0.9     9   5.5 250 1009.3  22.1  22.5  18.5   MM   MM    MM
2026 09 14 22 10 260  1.0  2.0   0.9    MM   5.5 250 1009.4  22.0  22.7  18.4   MM   MM    MM
2026 09 14 22 00 250  2.0  2.0    MM    MM    MM  MM 1009.4  22.0  22.5  18.6   MM -1.3    MM
2026 09 14 21 50 240  2.0  3.0   1.0     9   5.6 251 1009.5  21.9  22.3  18.5   MM   MM    MM
2026 09 14 21 40 240  2.0  3.0    MM    MM    MM  MM 1009.7  21.9  22.4  18.6   MM   MM    MM
2026 09 14 21 30 240  2.0  3.0    MM    MM    MM  MM 1009.8  21.8  22.4  18.6   MM   MM    MM
2026 09 14 21 20 230  3.0  3.0   0.9     9   5.3 242 1009.9  21.8  22.4  18.7   MM   MM    MM
2026 09 14 21 10 230  3.0  3.0    MM    MM    MM  MM 1010.0  21.9  22.3  18.8   MM   MM    MM
2026 09 14 21 00 230  3.0  4.0    MM    MM    MM  MM 1010.0  22.0  22.4  18.8   MM -1.0    MM
2026 09 14 20 50 230  2.0  3.0   0.9     9   5.3 226 1010.0  22.3  22.3  18.6   MM   MM    MM
2026 09 14 20 40 210  1.0  3.0    MM    MM    MM  MM 1010.0  22.5  22.3  17.8   MM   MM    MM
2026 09 14 20 30 190  1.0  1.0    MM    MM    MM  MM 1010.2  22.5  22.3  17.7   MM   MM    MM
2026 09 14 20 20  MM  0.0  1.0   0.8    13   5.1 204 1010.1  22.4  22.3  17.7   MM   MM    MM
2026 09 14 20 10 160  1.0  1.0    MM    MM    MM  MM 1010.1  22.3  22.3  17.9   MM   MM    MM
2026 09 14 20 00 130  1.0  1.0   0.8    MM   5.1 204 1010.2  22.1  22.3  17.9   MM -0.7    MM
2026 09 14 19 50 120  2.0  3.0   0.8    MM   4.8 230 1010.5  22.1  22.4  17.9   MM   MM    MM
2026 09 14 19 40 100  2.0  2.0    MM    MM    MM  MM 1010.2  22.1  22.4  17.9   MM   MM    MM
2026 09 14 19 30 110  2.0  3.0    MM    MM    MM  MM 1010.4  22.0  22.4  18.0   MM   MM    MM
2026 09 14 19 20 110  2.0  3.0   0.9     9   5.4 232 1010.5  21.9  22.4  18.3   MM   MM    MM
2026 09 14 19 10 120  2.0  4.0   0.9    MM   5.4 232 1010.6  21.8  22.4  18.6   MM   MM    MM
2026 09 14 19 00 120  3.0  4.0    MM    MM    MM  MM 1010.7  21.8  22.4  18.6   MM +0.0    MM
2026 09 14 18 50 120  4.0  5.0   0.9    MM   5.3 223 1011.2  21.8  22.4  18.7   MM   MM    MM
2026 09 14 18 40 110  4.0  5.0   0.9    MM   5.3 223 1010.8  21.8  22.4  18.6   MM   MM    MM
2026 09 14 18 30 110  3.0  4.0    MM    MM    MM  MM 1011.0  21.8  22.4  18.5   MM   MM    MM
2026 09 14 18 20 110  4.0  5.0   1.0    13   5.6 231 1010.9  21.7  22.4  18.6   MM   MM    MM
2026 09 14 18 10 110  4.0  5.0   1.0    MM   5.6 231 1011.0  21.7  22.4  18.6   MM   MM    MM
2026 09 14 18 00 110  4.0  4.0    MM    MM    MM  MM 1011.0  21.7  22.4  18.6   MM +0.7    MM
2026 09 14 17 50 110  3.0  4.0   0.9    11   5.2 193 1011.0  21.7  22.4  18.6   MM   MM    MM
2026 09 14 17 40 110  3.0  4.0    MM    MM    MM  MM 1011.0  21.6  22.3  18.7   MM   MM    MM
2026 09 14 17 30 110  4.0  5.0    MM    MM    MM  MM 1010.9  21.7  22.3  18.9   MM   MM    MM
2026 09 14 17 20 100  3.0  4.0   1.0     7   5.3 259 1010.8  21.7  22.3  18.8   MM   MM    MM
2026 09 14 17 10  90  3.0  4.0   1.0    MM   5.3 259 1010.9  21.7  22.3  18.9   MM   MM    MM
2026 09 14 17 00 100  3.0  4.0    MM    MM    MM  MM 1010.8  21.7  22.3  19.0   MM +1.1    MM
2026 09 14 16 50 100  3.0  4.0   1.0     7   5.4 258 1010.9  21.8  22.3  19.2   MM   MM    MM
2026 09 14 16 40  80  2.0  4.0    MM    MM    MM  MM 1010.8  21.9  22.3  19.4   MM   MM    MM
2026 09 14 16 30  80  2.0  3.0    MM    MM    MM  MM 1010.8  21.8  22.3  19.2   MM   MM    MM
2026 09 14 16 20  80  2.0  3.0   1.1     7   5.7 268 1010.8  21.8  22.3  19.3   MM   MM    MM
2026 09 14 16 10  70  2.0  2.0   1.1    MM   5.7 268 1010.8  21.8  22.3  19.4   MM   MM    MM
2026 09 14 16 00  70  1.0  2.0    MM    MM    MM  MM 1010.7  21.8  22.3  19.3   MM +1.1    MM
2026 09 14 15 50  90  2.0  3.0   1.0     7   5.6 265 1010.8  21.8  22.3  19.2   MM   MM    MM
2026 09 14 15 40  40  2.0  3.0    MM    MM    MM  MM 1010.7  21.8  22.3  19.1   MM   MM    MM
2026 09 14 15 30  40  3.0  4.0    MM    MM    MM  MM 1010.7  21.7  22.3  18.9   MM   MM    MM
2026 09 14 15 20  50  3.0  5.0   1.0    10   5.9 261 1010.5  21.7  22.3  18.9   MM   MM    MM
2026 09 14 15 10  60  4.0  5.0   1.0    MM   5.9 261 1010.5  21.7  22.3  18.9   MM   MM    MM
2026 09 14 15 00  60  5.0  6.0    MM    MM    MM  MM 1010.3  21.6  22.3  19.0   MM +0.8    MM
2026 09 14 14 50  50  4.0  6.0   1.0     7   5.8 262 1010.2  21.7    MM  19.3   MM   MM    MM
2026 09 14 14 40  40  3.0  4.0   1.0    MM   5.8 262 1010.1  21.6  22.3  19.1   MM   MM    MM
2026 09 14 14 30  70  4.0  6.0    MM    MM    MM  MM 1010.0  21.6  22.4  19.2   MM   MM    MM
2026 09 14 14 20  90  4.0  5.0   1.0     7   5.8 261 1009.9  21.5  22.4  19.1   MM   MM    MM
2026 09 14 14 10  90  4.0  6.0   1.0    MM   5.8 261 1009.8  21.5  22.5  19.1   MM   MM    MM
2026 09 14 14 00  70  5.0  6.0    MM    MM    MM  MM 1009.8  21.5  22.5  19.1   MM +0.0    MM
2026 09 14 13 50  60  4.0  5.0   1.0     6   5.7 257 1009.7  21.4  22.5  19.1   MM   MM    MM
2026 09 14 13 40  60  3.0  5.0    MM    MM    MM  MM 1009.7  21.3  22.6  19.0   MM   MM    MM
2026 09 14 13 30  70  4.0  6.0    MM    MM    MM  MM 1009.7  21.6  22.6  18.8   MM   MM    MM
2026 09 14 13 20  40  3.0  4.0   1.2     8   5.9 257 1009.6  21.5  22.6  18.5   MM   MM    MM
2026 09 14 13 10  50  3.0  5.0   1.2    MM   5.9 257 1009.7  21.6  22.6  18.2   MM   MM    MM
2026 09 14 13 00  70  3.0  5.0    MM    MM    MM  MM 1009.7  21.6  22.6  18.2   MM +0.0    MM
2026 09 14 12 50  60  3.0  5.0   1.1     8   6.0 265 1009.6  21.6  22.6  18.4   MM   MM    MM
2026 09 14 12 40  50  3.0  4.0    MM    MM    MM  MM 1009.6  21.6  22.6  18.3   MM   MM    MM
2026 09 14 12 30  60  4.0  5.0    MM    MM    MM  MM 1009.6  21.5  22.6  18.3   MM   MM    MM
2026 09 14 12 20  70  4.0  5.0   1.1     7   5.7 263 1009.6  21.4  22.5  18.5   MM   MM    MM
2026 09 14 12 10  70  3.0  4.0    MM    MM    MM  MM 1009.6  21.4  22.5  18.9   MM   MM    MM
2026 09 14 12 00  70  3.0  4.0    MM    MM    MM  MM 1009.5  21.3  22.4  18.7   MM -0.6    MM
2026 09 14 11 50  60  3.0  4.0   1.1     7   5.8 268 1009.4  21.2  22.4  18.5   MM   MM    MM
2026 09 14 11 40  60  2.0  3.0    MM    MM    MM  MM 1009.4  21.2  22.4  18.5   MM   MM    MM
2026 09 14 11 30  50  2.0  3.0    MM    MM    MM  MM 1009.6  21.1  22.5  18.2   MM   MM    MM
2026 09 14 11 20  40  3.0  3.0   1.2     6   5.7 264 1009.6  21.1  22.5  18.1   MM   MM    MM
2026 09 14 11 10  50  2.0  3.0   1.2    MM   5.7 264 1009.6  21.1  22.5  18.1   MM   MM    MM
2026 09 14 11 00  50  2.0  3.0    MM    MM    MM  MM 1009.7  21.1  22.6  18.0   MM -0.4    MM
2026 09 14 10 50  60  2.0  3.0   1.2     8   5.8 269 1009.6  21.0  22.6  17.9   MM   MM    MM
2026 09 14 10 40  50  2.0  3.0    MM    MM    MM  MM 1009.6  21.1  22.6  18.0   MM   MM    MM
2026 09 14 10 30  50  2.0  3.0    MM    MM    MM  MM 1009.6  21.1  22.6  18.0   MM   MM    MM
2026 09 14 10 20  60  2.0  3.0   1.2     7   5.8 258 1009.6  21.0  22.7  17.8   MM   MM    MM
2026 09 14 10 10  60  2.0  3.0   1.2    MM   5.8 258 1009.5  21.0  22.7  17.7   MM   MM    MM
2026 09 14 10 00  50  2.0  3.0    MM    MM    MM  MM 1009.5  21.1  22.7  17.8   MM +0.0    MM
2026 09 14 09 50  40  2.0  2.0   1.3     7   5.7 258 1009.7  21.1  22.7  17.7   MM   MM    MM
2026 09 14 09 40  30  2.0  3.0   1.3    MM   5.7 258 1009.9  21.1  22.7  17.6   MM   MM    MM
2026 09 14 09 30  30  2.0  3.0    MM    MM    MM  MM 1010.0  21.1  22.7  17.5   MM   MM    MM
2026 09 14 09 20  30  2.0  3.0   1.1     7   5.7 249 1010.0  21.2  22.7  17.6   MM   MM    MM
2026 09 14 09 10  30  3.0  4.0   1.1    MM   5.7 249 1010.0  21.2  22.7  17.4   MM   MM    MM
2026 09 14 09 00  30  3.0  3.0    MM    MM    MM  MM 1010.0  21.3  22.7  17.5   MM +0.5    MM
2026 09 14 08 50  20  3.0  4.0   1.1     6   5.5 265 1010.0  21.3  22.6  17.3   MM   MM    MM
2026 09 14 08 40  30  3.0  5.0    MM    MM    MM  MM 1010.0  21.4  22.6  17.6   MM   MM    MM
2026 09 14 08 30  40  3.0  4.0    MM    MM    MM  MM 1010.0  21.4  22.6  17.8   MM   MM    MM
2026 09 14 08 20  50  3.0  4.0   1.2     6   5.7 265 1010.0  21.3  22.6  17.8   MM   MM    MM
2026 09 14 08 10  50  3.0  4.0    MM    MM    MM  MM 1010.0  21.4  22.6  18.6   MM   MM    MM
2026 09 14 08 00  80  3.0  4.0    MM    MM    MM  MM 1010.0  21.4    MM  18.8   MM +0.4    MM
2026 09 14 07 50  90  3.0  3.0   1.1     6   5.5 258 1009.9  21.4  22.5  18.7   MM   MM    MM
2026 09 14 07 40 100  2.0  3.0    MM    MM    MM  MM 1009.9  21.4  22.5  18.7   MM   MM    MM
2026 09 14 07 30 100  3.0  4.0    MM    MM    MM  MM 1009.9  21.4  22.5  18.7   MM   MM    MM
2026 09 14 07 20 110  3.0  3.0   1.2     7   5.7 261 1009.7  21.4  22.4  18.6   MM   MM    MM
2026 09 14 07 10  90  2.0  3.0    MM    MM    MM  MM 1009.7  21.5  22.4  18.6   MM   MM    MM
2026 09 14 07 00  90  2.0  3.0    MM    MM    MM  MM 1009.7  21.5  22.4  18.5   MM +0.8    MM
2026 09 14 06 50  80  2.0  3.0   1.2    MM   5.5 260 1010.0  21.4  22.4  18.3   MM   MM    MM
2026 09 14 06 40  MM  0.0  1.0   1.2    MM   5.5 260 1009.5  21.3  22.4  18.1   MM   MM    MM
2026 09 14 06 30  MM  0.0  1.0    MM    MM    MM  MM 1009.6  21.3  22.4  18.2   MM   MM    MM
2026 09 14 06 20 280  1.0  3.0   1.2     7   5.3 261 1009.7  21.3  22.4  18.3   MM   MM    MM
2026 09 14 06 10 260  2.0  2.0   1.2    MM   5.3 261 1009.6  21.2  22.4  18.5   MM   MM    MM
2026 09 14 06 00 260  2.0  3.0    MM    MM    MM  MM 1009.5  21.3  22.4  18.7   MM +0.8    MM
2026 09 14 05 50 250  2.0  3.0   1.2     7   5.5 260 1009.5  21.7  22.4  18.3   MM   MM    MM
2026 09 14 05 40 240  1.0  1.0    MM    MM    MM  MM 1009.4  21.6  22.4  17.0   MM   MM    MM
2026 09 14 05 30 250  1.0  2.0    MM    MM    MM  MM 1009.5  21.6  22.4  17.4   MM   MM    MM
2026 09 14 05 20 250  2.0  2.0   1.1     7   5.3 260 1009.5  21.5  22.4  17.6   MM   MM    MM
2026 09 14 05 10 260  2.0  4.0   1.1    MM   5.3 260 1009.5  21.4  22.4  18.0   MM   MM    MM
2026 09 14 05 00 260  4.0  4.0    MM    MM    MM  MM 1009.6  21.6  22.4  18.3   MM +0.8    MM
2026 09 14 04 50 250  3.0  4.0   1.3     6   5.4 265 1009.4  21.6  22.4  17.8   MM   MM    MM
2026 09 14 04 40 260  3.0  3.0    MM    MM    MM  MM 1009.4  21.5  22.4  17.9   MM   MM    MM
2026 09 14 04 30 270  3.0  4.0    MM    MM    MM  MM 1009.3  21.4  22.4  18.3   MM   MM    MM
2026 09 14 04 20 270  3.0  4.0   1.3     7   5.4 266 1009.2  21.4  22.4  18.4   MM   MM    MM
2026 09 14 04 10 260  3.0  4.0   1.3    MM   5.4 266 1009.1  21.3  22.4  18.4   MM   MM    MM
2026 09 14 04 00 260  3.0  4.0    MM    MM    MM  MM 1008.9  21.4  22.4  18.6   MM -0.3    MM
2026 09 14 03 50 260  3.0  4.0   1.3     7   5.4 263 1008.8  21.6    MM  18.7   MM   MM    MM
2026 09 14 03 40 250  2.0  3.0   1.3    MM   5.4 263 1008.8  21.6  22.4  18.1   MM   MM    MM
2026 09 14 03 30 260  2.0  3.0    MM    MM    MM  MM 1008.7  21.6  22.4  18.2   MM   MM    MM
2026 09 14 03 20 260  3.0  4.0   1.4     6   5.3 265 1008.7  21.5  22.4  18.3   MM   MM    MM
2026 09 14 03 10 250  3.0  4.0   1.4    MM   5.3 265 1008.7  21.4  22.5  18.3   MM   MM    MM
2026 09 14 03 00 260  3.0  4.0    MM    MM    MM  MM 1008.7  21.4  22.5  18.6   MM -0.6    MM
2026 09 14 02 50 260  3.0  4.0   1.3     7   5.2 267 1008.7  21.4  22.5  18.7   MM   MM    MM
2026 09 14 02 40 260  3.0  5.0    MM    MM    MM  MM 1008.7  21.4  22.5  18.8   MM   MM    MM
2026 09 14 02 30 260  4.0  5.0    MM    MM    MM  MM 1008.7  21.4  22.5  18.7   MM   MM    MM
2026 09 14 02 20 260  4.0  5.0   1.2     6   5.3 270 1008.6  21.4  22.5  18.6   MM   MM    MM
2026 09 14 02 10 260  4.0  5.0   1.2    MM   5.3 270 1008.8  21.5  22.6  18.8   MM   MM    MM
2026 09 14 02 00 260  3.0  5.0    MM    MM    MM  MM 1008.9  21.8  22.6  18.7   MM -1.3    MM
2026 09 14 01 50 260  2.0  3.0   1.3     6   5.3 264 1008.9  21.9  22.6  18.5   MM   MM    MM
2026 09 14 01 40 270  2.0  3.0    MM    MM    MM  MM 1009.0  21.9  22.6  18.4   MM   MM    MM
2026 09 14 01 30 290  3.0  3.0    MM    MM    MM  MM 1009.1  21.9  22.6  18.4   MM   MM    MM
2026 09 14 01 20 310  3.0  4.0   1.2     7   5.3 261 1009.1  21.9  22.7  18.3   MM   MM    MM
2026 09 14 01 10 310  3.0  4.0   1.2    MM   5.3 261 1009.2  21.9  22.6  18.6   MM   MM    MM
2026 09 14 01 00 300  3.0  4.0    MM    MM    MM  MM 1009.2  22.1  22.6  19.1   MM -1.6    MM
2026 09 14 00 50 280  4.0  4.0   1.1     7   5.6 259 1009.3  22.1  22.6  18.8   MM   MM    MM
2026 09 14 00 40 280  4.0  5.0    MM    MM    MM  MM 1009.3  21.9  22.7  18.6   MM   MM    MM
2026 09 14 00 30 270  4.0  5.0    MM    MM    MM  MM 1009.3  21.7  22.8  18.4   MM   MM    MM
2026 09 14 00 20 270  5.0  5.0   1.1    14   5.6 213 1009.4  21.6  22.9  18.6   MM   MM    MM
2026 09 14 00 10 260  5.0  6.0   1.1    MM   5.6 213 1009.4  21.5  23.0  18.6   MM   MM    MM
2026 09 14 00 00 260  5.0  6.0    MM    MM    MM  MM 1009.4  21.6  22.9  18.8   MM -2.2    MM
2026 09 13 23 50 260  5.0  6.0   1.0     7   5.8 259 1009.4  21.5  23.0  18.6   MM   MM    MM
2026 09 13 23 40 250  5.0  6.0    MM    MM    MM  MM 1009.5  21.6  23.1  18.7   MM   MM    MM
2026 09 13 23 30 250  5.0  6.0    MM    MM    MM  MM 1009.7  21.7  23.1  18.5   MM   MM    MM
2026 09 13 23 20 250  5.0  6.0   1.0     8   5.8 254 1009.9  21.7  23.1  18.8   MM   MM    MM
2026 09 13 23 10 260  5.0  6.0   1.0    MM   5.8 254 1010.1  21.5  23.1  18.7   MM   MM    MM
2026 09 13 23 00 260  6.0  7.0    MM    MM    MM  MM 1010.3  21.6  23.2  19.1   MM -1.9    MM
2026 09 13 22 50 260  6.0  7.0   1.0    14   6.2 197 1010.3  21.7  23.3  19.1   MM   MM    MM
2026 09 13 22 40 260  4.0  6.0    MM    MM    MM  MM 1010.3  22.0  23.2  19.3   MM   MM    MM
2026 09 13 22 30 260  4.0  5.0    MM    MM    MM  MM 1010.4  22.0  22.9  19.1   MM   MM    MM
2026 09 13 22 20 260  4.0  5.0   1.0    12   6.2 235 1010.5  21.9  22.9  18.9   MM   MM    MM
2026 09 13 22 10 260  4.0  5.0   1.0    MM   6.2 235 1010.7  21.9  23.0  18.8   MM   MM    MM
2026 09 13 22 00 250  3.0  4.0    MM    MM    MM  MM 1010.8  21.8  22.8  18.6   MM -1.7    MM
2026 09 13 21 50 250  3.0  5.0   1.0    14   5.8 183 1011.0  21.9  22.8  18.8   MM   MM    MM
2026 09 13 21 40 260  3.0  4.0    MM    MM    MM  MM 1011.1  21.8  22.7  18.7   MM   MM    MM
2026 09 13 21 30 250  3.0  4.0    MM    MM    MM  MM 1011.2  21.8  22.6  18.4   MM   MM    MM
2026 09 13 21 20 240  2.0  3.0   0.9    14   5.9 178 1011.2  21.8  22.6  18.4   MM   MM    MM
2026 09 13 21 10 230  2.0  3.0   0.9    MM   5.9 178 1011.4  21.9  22.6  18.4   MM   MM    MM
2026 09 13 21 00 240  2.0  3.0    MM    MM    MM  MM 1011.5  21.9  22.6  18.4   MM -1.0    MM
2026 09 13 20 50 230  1.0  2.0   0.9    14   5.8 182 1011.5  22.0  22.7  18.4   MM   MM    MM
2026 09 13 20 40 210  1.0  2.0    MM    MM    MM  MM 1011.6  21.9  22.7  18.3   MM   MM    MM
2026 09 13 20 30 190  1.0  2.0    MM    MM    MM  MM 1011.7  22.0  22.7  18.4   MM   MM    MM
2026 09 13 20 20 190  1.0  2.0   0.9    13   5.9 211 1011.9  22.1  22.7  18.4   MM   MM    MM
2026 09 13 20 10  MM  0.0  1.0    MM    MM    MM  MM 1012.0  22.0  22.7  18.3   MM   MM    MM
2026 09 13 20 00 160  1.0  1.0    MM    MM    MM  MM 1012.0  22.0  22.6  18.4   MM -0.3    MM
2026 09 13 19 50 210  1.0  2.0   0.9    13   5.8 161 1012.1  22.1  22.6  18.5   MM   MM    MM
2026 09 13 19 40 200  1.0  2.0    MM    MM    MM  MM 1012.3  22.3  22.6  18.5   MM   MM    MM
2026 09 13 19 30  MM  0.0  1.0    MM    MM    MM  MM 1012.4  22.2  22.6  18.6   MM   MM    MM
2026 09 13 19 20 140  1.0  2.0   0.9     6   5.7 284 1012.5  22.0  22.7  18.5   MM   MM    MM
2026 09 13 19 10  MM  0.0  1.0    MM    MM    MM  MM 1012.6  21.8  22.7  18.6   MM   MM    MM
2026 09 13 19 00 130  2.0  3.0    MM    MM    MM  MM 1012.5  21.6  22.8  18.5   MM +0.0    MM
2026 09 13 18 50 120  1.0  3.0   0.9    14   5.6 180 1012.6  21.7  22.9  18.6   MM   MM    MM
2026 09 13 18 40  80  1.0  2.0   0.9    MM   5.6 180 1012.7  21.6  22.9  18.6   MM   MM    MM
2026 09 13 18 30 110  2.0  3.0    MM    MM    MM  MM 1012.7  21.5  22.9  18.5   MM   MM    MM
2026 09 13 18 20 110  3.0  4.0   0.9    14   5.7 190 1012.6  21.6  22.9  18.6   MM   MM    MM
2026 09 13 18 10 110  3.0  4.0   0.9    MM   5.7 190 1012.6  21.6  22.8  18.5   MM   MM    MM
2026 09 13 18 00 130  3.0  4.0    MM    MM    MM  MM 1012.5  21.5  22.8  18.5   MM +0.4    MM
2026 09 13 17 50 120  4.0  5.0   0.9    14   5.6 187 1012.6  21.4  22.8  18.6   MM   MM    MM
2026 09 13 17 40 120  4.0  5.0    MM    MM    MM  MM 1012.5  21.5  22.8  18.8   MM   MM    MM
2026 09 13 17 30 130  4.0  4.0    MM    MM    MM  MM 1012.4  21.5  22.8  18.8   MM   MM    MM
2026 09 13 17 20 140  3.0  4.0   0.9     7   5.8 257 1012.4  21.4  22.8  18.7   MM   MM    MM
2026 09 13 17 10 140  3.0  4.0   0.9    MM   5.8 257 1012.4  21.5  22.8  18.9   MM   MM    MM
2026 09 13 17 00 130  3.0  4.0    MM    MM    MM  MM 1012.4  21.5  22.8  18.9   MM +0.5    MM
2026 09 13 16 50 130  3.0  3.0   1.0    14   5.9 187 1012.5  21.5  22.8  18.9   MM   MM    MM
2026 09 13 16 40 140  3.0  3.0    MM    MM    MM  MM 1012.5  21.5  22.7  18.9   MM   MM    MM
2026 09 13 16 30 140  3.0  4.0    MM    MM    MM  MM 1012.5  21.5  22.7  19.0   MM   MM    MM
2026 09 13 16 20 130  2.0  3.0   1.0    14   5.9 207 1012.4  21.5  22.7  19.0   MM   MM    MM
2026 09 13 16 10 100  3.0  4.0   1.0    MM   5.9 207 1012.4  21.5  22.7  19.3   MM   MM    MM
2026 09 13 16 00  40  2.0  3.0    MM    MM    MM  MM 1012.3  21.4  22.7  19.4   MM +0.8    MM
2026 09 13 15 50  30  3.0  4.0   1.0    12   5.7 191 1012.2  21.4  22.7  19.3   MM   MM    MM
2026 09 13 15 40  50  3.0  4.0    MM    MM    MM  MM 1012.1  21.4  22.7  19.3   MM   MM    MM
2026 09 13 15 30  50  3.0  4.0    MM    MM    MM  MM 1012.1  21.5  22.7  19.3   MM   MM    MM
2026 09 13 15 20  50  3.0  4.0   0.9    13   5.7 207 1012.2  21.4  22.6  19.1   MM   MM    MM
2026 09 13 15 10  40  3.0  4.0    MM    MM    MM  MM 1012.2  21.4  22.6  19.1   MM   MM    MM
2026 09 13 15 00  40  4.0  5.0    MM    MM    MM  MM 1012.1  21.3  22.6  19.1   MM +0.8    MM
2026 09 13 14 50  30  4.0  5.0   1.0    13   5.7 147 1012.1  21.3  22.6  19.2   MM   MM    MM
2026 09 13 14 40  40  4.0  5.0   1.0    MM   5.7 147 1012.0  21.3  22.6  19.1   MM   MM    MM
2026 09 13 14 30  40  4.0  5.0    MM    MM    MM  MM 1012.0  21.3  22.5  19.1   MM   MM    MM
2026 09 13 14 20  30  3.0  5.0   1.0    12   5.8 243 1011.9  21.2  22.6  19.0   MM   MM    MM
2026 09 13 14 10  30  3.0  4.0   1.0    MM   5.8 243 1011.8  21.2  22.6  19.0   MM   MM    MM
2026 09 13 14 00  20  3.0  4.0    MM    MM    MM  MM 1011.8  21.1  22.6  18.9   MM +0.5    MM
2026 09 13 13 50  20  4.0  5.0   1.0    15   5.6  93 1011.8  21.1  22.6  18.8   MM   MM    MM
2026 09 13 13 40  20  4.0  5.0    MM    MM    MM  MM 1011.6  21.1  22.6  18.9   MM   MM    MM
2026 09 13 13 30  20  4.0  5.0    MM    MM    MM  MM 1011.6  21.0  22.6  18.8   MM   MM    MM
2026 09 13 13 20  20  4.0  5.0   1.0    13   5.8 244 1011.6  21.0  22.6  18.8   MM   MM    MM
2026 09 13 13 10  20  4.0  5.0   1.0    MM   5.8 244 1011.6  21.0  22.6  18.9   MM   MM    MM
2026 09 13 13 00  30  4.0  6.0    MM    MM    MM  MM 1011.6  21.0  22.6  18.9   MM +0.0    MM
2026 09 13 12 50  30  4.0  5.0   0.9    15   5.3 100 1011.4  21.1  22.6  19.0   MM   MM    MM
2026 09 13 12 40  20  4.0  5.0   0.9    MM   5.3 100 1011.3  21.1    MM  19.0   MM   MM    MM
2026 09 13 12 30  20  4.0  5.0    MM    MM    MM  MM 1011.3  21.1  22.6  19.0   MM   MM    MM
2026 09 13 12 20  20  4.0  5.0   0.9    14   5.4 204 1011.3  21.1  22.6  18.8   MM   MM    MM
2026 09 13 12 10  30  4.0  5.0   0.9    MM   5.4 204 1011.4  21.0  22.6  18.6   MM   MM    MM
2026 09 13 12 00  30  4.0  5.0    MM    MM    MM  MM 1011.3  21.1  22.6  18.5   MM -0.4    MM
2026 09 13 11 50  30  5.0  6.0   1.0    MM   5.3 216 1011.4  21.2    MM  18.5   MM   MM    MM
2026 09 13 11 40  MM   MM   MM   1.0    14   5.3 216     MM    MM    MM    MM   MM   MM    MM
2026 09 13 11 30  20  5.0  6.0    MM    MM    MM  MM 1011.3  21.3  22.6  18.1   MM   MM    MM
2026 09 13 11 20  10  5.0  6.0   0.9    13   5.2 247 1011.4  21.4  22.6  18.2   MM   MM    MM
2026 09 13 11 10  10  5.0  6.0   0.9    MM   5.2 247 1011.4  21.5  22.6  18.2   MM   MM    MM
2026 09 13 11 00  10  5.0  6.0    MM    MM    MM  MM 1011.4  21.5  22.6  18.1   MM -0.8    MM
2026 09 13 10 50  10  5.0  6.0   1.0    14   5.4 203 1011.2  21.5  22.6  18.2   MM   MM    MM
2026 09 13 10 40 360  5.0  6.0    MM    MM    MM  MM 1011.3  21.5  22.5  18.2   MM   MM    MM
2026 09 13 10 30 350  5.0  6.0    MM    MM    MM  MM 1011.4  21.5  22.6  18.3   MM   MM    MM
2026 09 13 10 20 350  5.0  6.0   1.0     6   5.6 257 1011.3  21.5  22.6  18.9   MM   MM    MM
2026 09 13 10 10  10  5.0  6.0    MM    MM    MM  MM 1011.3  21.5  22.6  19.3   MM   MM    MM
2026 09 13 10 00  30  5.0  6.0    MM    MM    MM  MM 1011.4  21.4  22.6  19.1   MM -0.9    MM
2026 09 13 09 50  30  5.0  6.0   1.1    14   5.7 211 1011.4  21.4  22.6  19.2   MM   MM    MM
2026 09 13 09 40  30  5.0  6.0    MM    MM    MM  MM 1011.4  21.5  22.5  19.2   MM   MM    MM
2026 09 13 09 30  20  4.0  5.0    MM    MM    MM  MM 1011.4  21.5  22.5  19.1   MM   MM    MM
2026 09 13 09 20  10  4.0  5.0   1.0     7   5.3 262 1011.6  21.6  22.6  18.9   MM   MM    MM
2026 09 13 09 10 360  4.0  5.0    MM    MM    MM  MM 1011.6  21.6  22.6  18.3   MM   MM    MM
2026 09 13 09 00 360  4.0  5.0    MM    MM    MM  MM 1011.6  21.6  22.5  17.9   MM -0.5    MM
2026 09 13 08 50  10  4.0  5.0   1.2    14   5.6 205 1011.7  21.5  22.5  18.1   MM   MM    MM
2026 09 13 08 40  20  3.0  4.0   1.2    MM   5.6 205 1011.9  21.4  22.5  18.0   MM   MM    MM
2026 09 13 08 30  30  3.0  4.0    MM    MM    MM  MM 1011.9  21.4  22.5  18.1   MM   MM    MM
2026 09 13 08 20  30  2.0  4.0   1.1    13   5.3 315 1012.0  21.4  22.5  18.4   MM   MM    MM
2026 09 13 08 10  60  2.0  3.0    MM    MM    MM  MM 1012.1  21.2  22.4  18.5   MM   MM    MM
2026 09 13 08 00  90  2.0  3.0    MM    MM    MM  MM 1012.1  21.0  22.5  18.8   MM +0.0    MM
2026 09 13 07 50 120  1.0  2.0   1.2    14   5.5 184 1012.3  21.0  22.5  19.1   MM   MM    MM
2026 09 13 07 40 160  1.0  2.0    MM    MM    MM  MM 1012.2  21.0  22.5  19.1   MM   MM    MM
2026 09 13 07 30 140  1.0  3.0    MM    MM    MM  MM 1012.3  21.0  22.5  19.1   MM   MM    MM
2026 09 13 07 20 160  2.0  3.0   1.1    MM   5.6 220 1012.2  21.1  22.6  19.4   MM   MM    MM
2026 09 13 07 10  MM   MM   MM   1.1    15   5.6 220     MM    MM    MM    MM   MM   MM    MM
2026 09 13 07 00 140  2.0  3.0    MM    MM    MM  MM 1012.2  21.2  22.6  19.6   MM +0.7    MM
2026 09 13 06 50 130  2.0  3.0   1.1    14   5.4 102 1012.1  21.2  22.6  19.6   MM   MM    MM
2026 09 13 06 40 130  2.0  2.0    MM    MM    MM  MM 1012.2  21.2  22.6  19.6   MM   MM    MM
2026 09 13 06 30 130  1.0  2.0    MM    MM    MM  MM 1012.2  21.2  22.6  19.5   MM   MM    MM
2026 09 13 06 20 130  1.0  2.0   1.2    13   5.5 242 1012.3  21.2  22.6  19.5   MM   MM    MM
2026 09 13 06 10 120  1.0  2.0   1.2    MM   5.5 242 1012.2  21.2  22.6  19.5   MM   MM    MM
2026 09 13 06 00 100  1.0  2.0    MM    MM    MM  MM 1012.2  21.2  22.6  19.5   MM +1.0    MM
2026 09 13 05 50 120  1.0  1.0   1.2    14   5.4 180 1012.1  21.1  22.6  19.3   MM   MM    MM
2026 09 13 05 40  MM  0.0  1.0    MM    MM    MM  MM 1012.2  21.2  22.6  19.4   MM   MM    MM
2026 09 13 05 30  MM  0.0  1.0    MM    MM    MM  MM 1012.1  21.2  22.6  19.4   MM   MM    MM
2026 09 13 05 20  MM  0.0  1.0   1.2     6   5.4 265 1012.2  21.3  22.6  19.4   MM   MM    MM
2026 09 13 05 10 170  1.0  1.0   1.2    MM   5.4 265 1012.2  21.3  22.6  19.4   MM   MM    MM
2026 09 13 05 00  MM  0.0  2.0    MM    MM    MM  MM 1012.1  21.3  22.6  19.3   MM +1.2    MM
2026 09 13 04 50  MM  0.0  1.0   1.2     6   5.3 262 1012.1  21.3  22.6  19.3   MM   MM    MM
2026 09 13 04 40  MM  0.0  1.0   1.2    MM   5.3 262 1012.0  21.4  22.6  19.4   MM   MM    MM
2026 09 13 04 30  MM  0.0  1.0    MM    MM    MM  MM 1011.8  21.4  22.6  19.3   MM   MM    MM
2026 09 13 04 20  MM  0.0  1.0   1.1     6   5.1 265 1011.7  21.5    MM  19.4   MM   MM    MM
2026 09 13 04 10 260  1.0  1.0   1.1    MM   5.1 265 1011.7  21.5  22.6  19.3   MM   MM    MM
2026 09 13 04 00 260  1.0  2.0    MM    MM    MM  MM 1011.6  21.6  22.6  19.2   MM -0.0    MM
2026 09 13 03 50 270  1.0  2.0   1.2     5   5.1 262 1011.6  21.5  22.6  18.8   MM   MM    MM
2026 09 13 03 40 280  2.0  2.0    MM    MM    MM  MM 1011.3  21.5  22.6  19.0   MM   MM    MM
2026 09 13 03 30 270  2.0  3.0    MM    MM    MM  MM 1011.3  21.4  22.6  19.1   MM   MM    MM
2026 09 13 03 20 260  2.0  4.0   1.1    14   5.0 208 1011.3  21.6  22.6  19.4   MM   MM    MM
2026 09 13 03 10  MM  0.0  1.0   1.1    MM   5.0 208 1011.3  21.5  22.6  19.2   MM   MM    MM
2026 09 13 03 00  MM  0.0  1.0    MM    MM    MM  MM 1011.1  21.5  22.6  19.2   MM -0.6    MM
2026 09 13 02 50 300  1.0  1.0   1.2    14   5.2 217 1011.0  21.6  22.6  19.2   MM   MM    MM
2026 09 13 02 40 290  1.0  1.0    MM    MM    MM  MM 1011.0  21.6  22.6  19.2   MM   MM    MM
2026 09 13 02 30 270  1.0  2.0    MM    MM    MM  MM 1010.9  21.5  22.6  19.1   MM   MM    MM
2026 09 13 02 20 290  1.0  1.0   1.1    14   5.2 219 1010.9  21.6  22.6  19.3   MM   MM    MM
2026 09 13 02 10 300  1.0  2.0   1.1    MM   5.2 219 1010.9  21.7  22.6  19.3   MM   MM    MM
2026 09 13 02 00 300  2.0  2.0    MM    MM    MM  MM 1011.0  21.7  22.6  19.2   MM -1.2    MM
2026 09 13 01 50 290  2.0  2.0   1.1    14   5.2 252 1011.0  21.8  22.6  19.3   MM   MM    MM
2026 09 13 01 40 280  2.0  2.0    MM    MM    MM  MM 1011.1  21.8  22.6  19.1   MM   MM    MM
2026 09 13 01 30 260  2.0  3.0    MM    MM    MM  MM 1011.1  21.8  22.6  19.0   MM   MM    MM
2026 09 13 01 20 240  2.0  3.0   1.1    14   5.2 234 1011.3  21.8  22.6  18.8   MM   MM    MM
2026 09 13 01 10 240  3.0  4.0   1.1    MM   5.2 234 1011.4  21.6  22.6  18.5   MM   MM    MM
2026 09 13 01 00 240  3.0  4.0    MM    MM    MM  MM 1011.4  21.6  22.6  18.8   MM -1.5    MM
2026 09 13 00 50 240  4.0  5.0   1.1    14   5.2 222 1011.5  21.7  22.6  18.8   MM   MM    MM
2026 09 13 00 40 250  4.0  6.0    MM    MM    MM  MM 1011.5  21.7  22.6  19.1   MM   MM    MM
2026 09 13 00 30 260  4.0  5.0    MM    MM    MM  MM 1011.6  21.9  22.7  19.5   MM   MM    MM
2026 09 13 00 20 260  5.0  6.0   1.0    13   4.9 217 1011.7  21.8  22.6  19.5   MM   MM    MM
2026 09 13 00 10 270  6.0  7.0   1.0    MM   4.9 217 1011.7  21.7  22.6  19.5   MM   MM    MM
2026 09 13 00 00 270  6.0  7.0    MM    MM    MM  MM 1011.8  21.5  22.7  19.3   MM -1.4    MM
2026 09 12 23 50 270  6.0  7.0   1.1    14   5.7 226 1011.8  21.3  22.7  19.3   MM   MM    MM
2026 09 12 23 40 270  7.0  8.0    MM    MM    MM  MM 1011.9  21.4  22.7  19.6   MM   MM    MM
2026 09 12 23 30 270  6.0  8.0    MM    MM    MM  MM 1011.9  21.5  22.8  19.7   MM   MM    MM
2026 09 12 23 20 270  6.0  7.0   1.0    14   5.3 240 1012.1  21.6  22.8  19.8   MM   MM    MM
2026 09 12 23 10 280  6.0  7.0   1.0    MM   5.3 240 1012.1  21.6  23.0  19.8   MM   MM    MM
2026 09 12 23 00 280  6.0  7.0    MM    MM    MM  MM 1012.2  21.6  23.0  19.8   MM -1.0    MM
2026 09 12 22 50 280  6.0  7.0   1.0    14   5.5 248 1012.3  21.5  23.1  19.8   MM   MM    MM
2026 09 12 22 40 270  7.0  8.0    MM    MM    MM  MM 1012.5  21.4  23.1  19.8   MM   MM    MM
2026 09 12 22 30 280  7.0  8.0    MM    MM    MM  MM 1012.6  21.4  23.2  19.9   MM   MM    MM
2026 09 12 22 20 270  7.0  8.0   0.9    15   6.1 169 1012.5  21.9  23.3  20.1   MM   MM    MM
2026 09 12 22 10 270  4.0  6.0    MM    MM    MM  MM 1012.6  22.4  23.3  19.8   MM   MM    MM
2026 09 12 22 00 250  4.0  5.0    MM    MM    MM  MM 1012.8  22.3  23.3  19.9   MM -0.9    MM
2026 09 12 21 50 240  4.0  4.0   0.8    15   5.9 238 1013.0  22.2  23.3  20.1   MM   MM    MM
2026 09 12 21 40 220  4.0  5.0    MM    MM    MM  MM 1013.0  22.2  23.2  20.3   MM   MM    MM
2026 09 12 21 30 220  5.0  6.0    MM    MM    MM  MM 1013.1  22.1  23.2  20.2   MM   MM    MM
2026 09 12 21 20 220  5.0  5.0   0.9    15   6.1 166 1013.2  22.0  23.2  20.1   MM   MM    MM
2026 09 12 21 10 220  4.0  5.0   0.9    MM   6.1 166 1013.2  22.0  23.2  20.1   MM   MM    MM
2026 09 12 21 00 220  4.0  5.0    MM    MM    MM  MM 1013.3  22.0  23.1  20.0   MM +0.0    MM
2026 09 12 20 50 220  4.0  5.0   0.9    14   6.2 253 1013.2  22.1  23.0  20.1   MM   MM    MM
2026 09 12 20 40 220  3.0  4.0    MM    MM    MM  MM 1013.1  22.2  23.1  20.0   MM   MM    MM
2026 09 12 20 30 210  3.0  4.0    MM    MM    MM  MM 1013.2  22.2  23.2  19.9   MM   MM    MM
2026 09 12 20 20 220  2.0  3.0   0.9    15   5.9 216 1013.2  22.2  22.3  19.9   MM   MM    MM
2026 09 12 20 10 220  2.0  3.0    MM    MM    MM  MM 1013.2  22.1  22.3  19.9   MM   MM    MM
2026 09 12 20 00 220  2.0  3.0   0.9    MM   5.9 216 1013.2  22.1  22.3  19.9   MM +0.0    MM
2026 09 12 19 50 230  2.0  3.0   0.9    14   6.4 179 1013.2  22.0  22.3  19.9   MM   MM    MM
2026 09 12 19 40 230  2.0  2.0    MM    MM    MM  MM 1013.3  22.0  22.3  19.9   MM   MM    MM
2026 09 12 19 30 220  1.0  2.0    MM    MM    MM  MM 1013.4  22.0  22.3  19.9   MM   MM    MM
2026 09 12 19 20 230  2.0  2.0   0.9    15   6.3 198 1013.6  21.9  22.4  19.8   MM   MM    MM
2026 09 12 19 10 230  2.0  2.0   0.9    MM   6.3 198 1013.7  21.9  22.5  19.8   MM   MM    MM
2026 09 12 19 00 220  2.0  2.0    MM    MM    MM  MM 1013.8  22.0  22.5  19.9   MM +1.0    MM
2026 09 12 18 50 210  2.0  2.0   0.9    15   6.3 230 1013.6  22.0  22.6  19.9   MM   MM    MM
2026 09 12 18 40 190  2.0  2.0   0.9    MM   6.3 230 1013.6  21.9  22.6  19.9   MM   MM    MM
2026 09 12 18 30 200  2.0  3.0    MM    MM    MM  MM 1013.7  21.9  22.7  19.9   MM   MM    MM
2026 09 12 18 20 200  2.0  3.0   1.0    15   6.5 213 1013.6  21.8  22.7  19.8   MM   MM    MM
2026 09 12 18 10 180  2.0  3.0    MM    MM    MM  MM 1013.5  21.8  22.7  19.9   MM   MM    MM
2026 09 12 18 00 170  2.0  3.0    MM    MM    MM  MM 1013.4  21.8  22.8  19.9   MM +0.9    MM
2026 09 12 17 50 160  3.0  3.0   0.9    15   6.0 243 1013.3  21.8  22.8  19.9   MM   MM    MM
2026 09 12 17 40 160  3.0  3.0    MM    MM    MM  MM 1013.2  21.8  22.8  19.9   MM   MM    MM
2026 09 12 17 30 160  3.0  3.0    MM    MM    MM  MM 1013.2  21.9  22.8  20.0   MM   MM    MM
2026 09 12 17 20 170  3.0  3.0   1.1    15   6.2 208 1013.2  21.8  22.8  19.9   MM   MM    MM
2026 09 12 17 10 170  3.0  3.0   1.1    MM   6.2 208 1013.1  21.8  22.8  19.9   MM   MM    MM
2026 09 12 17 00 160  3.0  4.0    MM    MM    MM  MM 1013.0  21.8  22.8  19.8   MM +0.9    MM
2026 09 12 16 50 170  3.0  3.0   1.1    15   5.9 211 1013.0  22.0  22.8  20.0   MM   MM    MM
2026 09 12 16 40 160  2.0  3.0   1.1    MM   5.9 211 1013.0  22.1  22.9  19.9   MM   MM    MM
2026 09 12 16 30 160  2.0  2.0    MM    MM    MM  MM 1012.9  22.1  23.0  19.9   MM   MM    MM
2026 09 12 16 20 130  1.0  2.0   1.1    14   6.1 206 1012.8  22.2  23.0  19.9   MM   MM    MM
2026 09 12 16 10 110  2.0  2.0   1.1    MM   6.1 206 1012.8  22.2  23.0  19.9   MM   MM    MM
2026 09 12 16 00 100  2.0  3.0    MM    MM    MM  MM 1012.7  22.3  23.1  20.0   MM +1.2    MM
2026 09 12 15 50  80  3.0  4.0   1.1    15   5.8 202 1012.7  22.3  23.2  19.9   MM   MM    MM
2026 09 12 15 40  70  2.0  4.0    MM    MM    MM  MM 1012.7  22.4  23.2  20.2   MM   MM    MM
2026 09 12 15 30  60  2.0  3.0    MM    MM    MM  MM 1012.6  22.3  23.2  20.0   MM   MM    MM
2026 09 12 15 20  20  1.0  2.0   1.1    14   5.9 207 1012.6  22.3  23.2  19.9   MM   MM    MM
2026 09 12 15 10  20  2.0  3.0   1.1    MM   5.9 207 1012.6  22.2  23.2  19.9   MM   MM    MM
2026 09 12 15 00  40  2.0  3.0    MM    MM    MM  MM 1012.5  22.3  23.1  20.1   MM +1.3    MM
2026 09 12 14 50  60  2.0  3.0   1.1    15   5.7 208 1012.4  22.2  23.0  20.0   MM   MM    MM
2026 09 12 14 40  80  2.0  4.0    MM    MM    MM  MM 1012.2  22.1  23.0  19.9   MM   MM    MM
2026 09 12 14 30  70  2.0  4.0    MM    MM    MM  MM 1012.2  21.9  22.9  19.8   MM   MM    MM
2026 09 12 14 20  30  1.0  2.0   1.2    14   6.1 208 1012.1  21.8  23.0  19.9   MM   MM    MM
2026 09 12 14 10  MM  0.0  1.0    MM    MM    MM  MM 1012.1  21.8  23.1  20.1   MM   MM    MM
2026 09 12 14 00 320  1.0  1.0    MM    MM    MM  MM 1012.1  21.7  23.1  20.0   MM +1.2    MM
2026 09 12 13 50 310  1.0  2.0   1.2    15   5.8 184 1011.9  21.8  23.2  20.0   MM   MM    MM
2026 09 12 13 40 280  1.0  2.0    MM    MM    MM  MM 1011.9  21.6  23.2  19.5   MM   MM    MM
2026 09 12 13 30 290  2.0  3.0    MM    MM    MM  MM 1011.8  21.5  23.2  19.2   MM   MM    MM
2026 09 12 13 20 290  2.0  3.0   1.2    15   5.8 216 1011.6  21.4  23.3  19.0   MM   MM    MM
2026 09 12 13 10 270  2.0  3.0   1.2    MM   5.8 216 1011.6  21.4  23.3  19.0   MM   MM    MM
2026 09 12 13 00 270  2.0  3.0    MM    MM    MM  MM 1011.6  21.4  23.3  19.0   MM +0.7    MM
2026 09 12 12 50 260  2.0  2.0   1.1    14   5.9 232 1011.4  21.3  23.3  18.8   MM   MM    MM
2026 09 12 12 40 250  1.0  2.0   1.1    MM   5.9 232 1011.4  21.3  23.2  18.8   MM   MM    MM
2026 09 12 12 30 260  1.0  2.0    MM    MM    MM  MM 1011.3  21.3  23.2  18.7   MM   MM    MM
2026 09 12 12 20 250  2.0  3.0   1.2    15   6.0 247 1011.2  21.3  23.2  18.7   MM   MM    MM
2026 09 12 12 10 260  1.0  2.0   1.2    MM   6.0 247 1011.2  21.3  23.2  18.5   MM   MM    MM
2026 09 12 12 00 250  1.0  2.0    MM    MM    MM  MM 1011.1  21.3  23.2  18.5   MM +0.4    MM
2026 09 12 11 50 230  1.0  2.0   1.2    15   6.4 223 1011.1  21.3  23.2  18.5   MM   MM    MM
2026 09 12 11 40 250  1.0  2.0    MM    MM    MM  MM 1011.1  21.4  23.2  18.6   MM   MM    MM
2026 09 12 11 30 250  2.0  2.0    MM    MM    MM  MM 1011.1  21.4  23.2  18.6   MM   MM    MM
2026 09 12 11 20 260  1.0  2.0   1.2    15   6.1 226 1011.0  21.4  23.3  18.6   MM   MM    MM
2026 09 12 11 10 260  1.0  2.0   1.2    MM   6.1 226 1011.0  21.4  23.3  18.7   MM   MM    MM
2026 09 12 11 00 270  1.0  2.0    MM    MM    MM  MM 1010.9  21.4  23.2  18.7   MM +0.0    MM
2026 09 12 10 50 270  2.0  2.0   1.1    15   6.2 209 1010.8  21.4  23.2  18.6   MM   MM    MM
2026 09 12 10 40 280  2.0  2.0    MM    MM    MM  MM 1010.8  21.3  23.2  18.5   MM   MM    MM
2026 09 12 10 30 280  1.0  2.0    MM    MM    MM  MM 1010.8  21.4  23.2  18.7   MM   MM    MM
2026 09 12 10 20 270  2.0  2.0   1.0    15   5.6 253 1010.8  21.4  23.2  18.8   MM   MM    MM
2026 09 12 10 10 260  2.0  2.0   1.0    MM   5.6 253 1010.8  21.4  23.2  18.8   MM   MM    MM
2026 09 12 10 00 260  2.0  2.0    MM    MM    MM  MM 1010.8  21.5  23.2  18.8   MM +0.0    MM
2026 09 12 09 50 260  2.0  2.0   1.1    15   5.9 178 1010.8  21.5  23.2  18.7   MM   MM    MM
2026 09 12 09 40 270  2.0  3.0    MM    MM    MM  MM 1010.8  21.5  23.2  18.6   MM   MM    MM
2026 09 12 09 30 270  2.0  3.0    MM    MM    MM  MM 1010.8  21.6  23.1  18.5   MM   MM    MM
2026 09 12 09 20 280  2.0  3.0   1.0    15   5.6 276 1010.9  21.6  23.2  18.3   MM   MM    MM
2026 09 12 09 10 260  2.0  3.0    MM    MM    MM  MM 1010.7  21.6  23.3  18.3   MM   MM    MM
2026 09 12 09 00 260  2.0  3.0    MM    MM    MM  MM 1010.8  21.6  23.3  18.4   MM +0.7    MM
2026 09 12 08 50 270  2.0  3.0   1.0    16   5.8 212 1010.8  21.6  23.3  18.3   MM   MM    MM
2026 09 12 08 40 260  2.0  2.0    MM    MM    MM  MM 1010.9  21.6  23.4  18.3   MM   MM    MM
2026 09 12 08 30 270  2.0  2.0    MM    MM    MM  MM 1010.9  21.6  23.4  18.3   MM   MM    MM
2026 09 12 08 20 280  2.0  3.0   1.1    16   6.1 219 1010.9  21.6  23.5  18.3   MM   MM    MM
2026 09 12 08 10 280  3.0  3.0   1.1    MM   6.1 219 1010.8  21.7  23.5  18.5   MM   MM    MM
2026 09 12 08 00 270  3.0  3.0    MM    MM    MM  MM 1010.9  21.7  23.5  18.6   MM +1.3    MM
2026 09 12 07 50 270  3.0  3.0   1.1    15   5.9 191 1010.8  21.6  23.4  18.5   MM   MM    MM
2026 09 12 07 40 260  3.0  4.0    MM    MM    MM  MM 1010.8  21.7  23.4  18.6   MM   MM    MM
2026 09 12 07 30 260  3.0  4.0    MM    MM    MM  MM 1010.7  21.7  23.5  18.6   MM   MM    MM
2026 09 12 07 20 260  4.0  4.0   1.0    MM   5.6 171 1011.1  21.7  23.6  18.6   MM   MM    MM
2026 09 12 07 10  MM   MM   MM   1.0    16   5.6 171     MM    MM    MM    MM   MM   MM    MM
2026 09 12 07 00 220  3.0  4.0    MM    MM    MM  MM 1010.6  21.9  23.4  19.4   MM +1.6    MM
2026 09 12 06 50 200  2.0  4.0   1.1    16   5.8 249 1010.4  22.2  23.3  19.6   MM   MM    MM
2026 09 12 06 40 180  1.0  1.0    MM    MM    MM  MM 1010.4  22.3  23.3  19.2   MM   MM    MM
2026 09 12 06 30  MM  0.0  1.0    MM    MM    MM  MM 1010.3  22.3  23.4  19.2   MM   MM    MM
2026 09 12 06 20  MM  0.0  1.0   1.0    15   5.6 218 1010.3  22.3  23.5  19.2   MM   MM    MM
2026 09 12 06 10 330  1.0  2.0   1.0    MM   5.6 218 1010.2  22.4  23.5  19.3   MM   MM    MM
2026 09 12 06 00 340  2.0  3.0    MM    MM    MM  MM 1010.1  22.4    MM  19.2   MM +1.5    MM
2026 09 12 05 50 340  3.0  5.0   1.1    15   6.1 227 1010.0  22.4  23.5  19.0   MM   MM    MM
2026 09 12 05 40 330  4.0  4.0   1.1    MM   6.1 227 1009.9  22.3  23.4  18.8   MM   MM    MM
2026 09 12 05 30 340  3.0  4.0    MM    MM    MM  MM 1009.9  22.3  23.5  18.7   MM   MM    MM
2026 09 12 05 20 330  3.0  4.0   1.0    15   5.7 173 1009.8  22.4  23.5  18.6   MM   MM    MM
2026 09 12 05 10 330  3.0  4.0    MM    MM    MM  MM 1009.7  22.7  23.6  18.5   MM   MM    MM
2026 09 12 05 00 330  4.0  5.0    MM    MM    MM  MM 1009.7  22.6  23.7  18.2   MM +1.1    MM
2026 09 12 04 50 330  3.0  4.0   1.0    15   5.5 215 1009.5  22.6  23.8  19.5   MM   MM    MM
2026 09 12 04 40 320  3.0  5.0   1.0    MM   5.5 215 1009.4  22.6  23.8  19.9   MM   MM    MM
2026 09 12 04 30 330  4.0  5.0    MM    MM    MM  MM 1009.3  22.4  23.8  19.9   MM   MM    MM
2026 09 12 04 20 330  4.0  5.0   1.1    15   5.7 256 1009.2  22.4  23.8  20.1   MM   MM    MM
2026 09 12 04 10 330  3.0  4.0   1.1    MM   5.7 256 1009.2  22.3  23.7  20.4   MM   MM    MM
2026 09 12 04 00 320  3.0  4.0    MM    MM    MM  MM 1009.1  22.6  23.8  20.9   MM +0.5    MM
2026 09 12 03 50 300  1.0  3.0   1.0    15   5.3 150 1009.0  22.6  23.7  20.9   MM   MM    MM
2026 09 12 03 40 290  2.0  2.0    MM    MM    MM  MM 1008.9  22.6  23.8  20.8   MM   MM    MM
2026 09 12 03 30 300  2.0  3.0    MM    MM    MM  MM 1008.8  22.6  23.8  20.7   MM   MM    MM
2026 09 12 03 20 290  3.0  4.0   1.1    15   5.4 218 1008.7  22.6  24.1  20.5   MM   MM    MM
2026 09 12 03 10 270  3.0  4.0    MM    MM    MM  MM 1008.6  22.5  24.0  20.3   MM   MM    MM
2026 09 12 03 00 270  4.0  4.0    MM    MM    MM  MM 1008.6  22.4  24.1  20.2   MM -0.4    MM
2026 09 12 02 50 270  4.0  4.0   1.0    15   5.6 241 1008.6  22.7  24.1  20.3   MM   MM    MM
2026 09 12 02 40 270  4.0  5.0    MM    MM    MM  MM 1008.6  22.7  24.2  19.5   MM   MM    MM
2026 09 12 02 30 270  4.0  5.0    MM    MM    MM  MM 1008.5  22.7  24.3  19.6   MM   MM    MM
2026 09 12 02 20 270  4.0  4.0   1.1    16   5.7 193 1008.3  22.7  24.4  20.3   MM   MM    MM
2026 09 12 02 10 270  4.0  5.0   1.1    MM   5.7 193 1008.4  22.7  24.3  20.5   MM   MM    MM
2026 09 12 02 00 270  4.0  5.0    MM    MM    MM  MM 1008.5  22.8  24.2  20.7   MM -0.7    MM
2026 09 12 01 50 270  5.0  6.0   1.1    15   6.1 207 1008.5  22.9  24.2  20.9   MM   MM    MM
2026 09 12 01 40 270  5.0  6.0    MM    MM    MM  MM 1008.5  22.9  24.4  21.2   MM   MM    MM
2026 09 12 01 30 270  5.0  5.0    MM    MM    MM  MM 1008.4  23.0  24.3  21.2   MM   MM    MM
2026 09 12 01 20 260  4.0  5.0   0.9    15   5.6 185 1008.4  23.2  24.4  21.2   MM   MM    MM
2026 09 12 01 10 260  4.0  4.0   0.9    MM   5.6 185 1008.6  23.3  24.2  20.9   MM   MM    MM
2026 09 12 01 00 260  3.0  4.0    MM    MM    MM  MM 1008.6  23.3  24.2  20.8   MM -1.6    MM
2026 09 12 00 50 270  3.0  4.0   1.0    15   5.9 204 1008.7  23.1  24.0  21.0   MM   MM    MM
2026 09 12 00 40 270  3.0  4.0    MM    MM    MM  MM 1008.7  23.1  23.8  21.3   MM   MM    MM
2026 09 12 00 30 260  3.0  4.0    MM    MM    MM  MM 1008.9  22.9    MM  21.3   MM   MM    MM
2026 09 12 00 20 250  4.0  4.0   1.0    16   6.4 226 1009.1  22.9  23.8  21.4   MM   MM    MM
2026 09 12 00 10 250  4.0  4.0   1.0    MM   6.4 226 1009.1  23.0  23.8  21.5   MM   MM    MM
2026 09 12 00 00 250  4.0  4.0    MM    MM    MM  MM 1009.1  23.2  23.7  21.6   MM -1.5    MM
2026 09 11 23 50 260  3.0  4.0   0.9    16   6.4 245 1009.1  23.3  23.7  21.7   MM   MM    MM
2026 09 11 23 40 260  3.0  4.0    MM    MM    MM  MM 1009.1  23.3  23.6  21.7   MM   MM    MM
2026 09 11 23 30 270  4.0  5.0    MM    MM    MM  MM 1009.1  23.3  23.6  21.7   MM   MM    MM
2026 09 11 23 20 270  4.0  5.0   1.0    15   6.9 207 1009.1  23.3  23.4  21.7   MM   MM    MM
2026 09 11 23 10 280  4.0  5.0   1.0    MM   6.9 207 1009.1  23.4  23.8  21.9   MM   MM    MM
2026 09 11 23 00 270  4.0  5.0    MM    MM    MM  MM 1009.2  23.6  23.7  21.9   MM -2.1    MM
2026 09 11 22 50 270  3.0  4.0   1.0    16   6.8 267 1009.4  23.4  23.2  21.6   MM   MM    MM
2026 09 11 22 40 290  3.0  4.0   1.0    MM   6.8 267 1009.6  23.4  23.2  21.8   MM   MM    MM
2026 09 11 22 30 280  3.0  4.0    MM    MM    MM  MM 1009.8  23.5  23.1  21.6   MM   MM    MM
2026 09 11 22 20 270  3.0  4.0   1.0    16   7.5 200 1010.0  23.5  23.0  21.7   MM   MM    MM
2026 09 11 22 10 290  3.0  4.0   1.0    MM   7.5 200 1010.1  23.5  23.1  21.8   MM   MM    MM
2026 09 11 22 00 290  2.0  3.0    MM    MM    MM  MM 1010.2  23.5  23.1  21.8   MM -1.6    MM
2026 09 11 21 50 300  2.0  3.0   1.0    15   7.1 208 1010.3  23.4  23.0  21.8   MM   MM    MM
2026 09 11 21 40 310  2.0  3.0   1.0    MM   7.1 208 1010.3  23.6  23.0  22.0   MM   MM    MM
2026 09 11 21 30 310  1.0  2.0    MM    MM    MM  MM 1010.3  23.5  23.1  21.9   MM   MM    MM
2026 09 11 21 20 310  1.0  2.0   0.9    16   6.7 166 1010.4  23.4  23.1  21.9   MM   MM    MM
2026 09 11 21 10 320  1.0  2.0    MM    MM    MM  MM 1010.5  23.3  23.1  21.9   MM   MM    MM
2026 09 11 21 00 320  2.0  2.0    MM    MM    MM  MM 1010.5  23.3  23.2  21.9   MM -1.5    MM
2026 09 11 20 50 310  1.0  2.0   1.0    16   7.0 205 1010.7  23.3  23.1  21.9   MM   MM    MM
2026 09 11 20 40 330  1.0  2.0    MM    MM    MM  MM 1010.8  23.3  23.2  22.0   MM   MM    MM
2026 09 11 20 30 330  1.0  2.0    MM    MM    MM  MM 1011.0  23.3  23.1  22.0   MM   MM    MM
2026 09 11 20 20 340  1.0  2.0   0.8    16   6.3 219 1011.0  23.4  23.1  22.0   MM   MM    MM
2026 09 11 20 10  30  1.0  1.0   0.8    MM   6.3 219 1011.1  23.4  23.1  21.9   MM   MM    MM
2026 09 11 20 00  MM  0.0  1.0    MM    MM    MM  MM 1011.3  23.4  23.2  22.0   MM   MM    MM
2026 09 11 19 50 340  1.0  2.0   1.0    16   7.0 242 1011.4  23.3  23.2  22.0   MM   MM    MM
2026 09 11 19 40 360  1.0  2.0    MM    MM    MM  MM 1011.5  23.3  23.2  22.0   MM   MM    MM
2026 09 11 19 30  30  1.0  2.0    MM    MM    MM  MM 1011.6  23.2  23.2  22.0   MM   MM    MM
2026 09 11 19 20 360  1.0  2.0   1.0    16   7.0 142 1011.6  23.2  23.1  22.0   MM   MM    MM
2026 09 11 19 10  40  1.0  2.0    MM    MM    MM  MM 1011.7  23.1  23.0  21.9   MM   MM    MM
2026 09 11 19 00  10  1.0  2.0    MM    MM    MM  MM 1011.8  23.0  22.9  22.0   MM +0.3    MM
2026 09 11 18 50  40  1.0  2.0   1.0    16   6.8 180 1011.9  23.1  22.9  22.2   MM   MM    MM
2026 09 11 18 40  30  1.0  2.0    MM    MM    MM  MM 1011.9  22.9  22.9  22.0   MM   MM    MM
2026 09 11 18 30 350  2.0  3.0    MM    MM    MM  MM 1011.9  22.9  23.1  22.1   MM   MM    MM
2026 09 11 18 20 350  2.0  3.0   0.9    16   6.4 200 1012.0  22.9  23.1  22.1   MM   MM    MM
2026 09 11 18 10 350  1.0  3.0    MM    MM    MM  MM 1012.0  22.9  23.3  22.1   MM   MM    MM
2026 09 11 18 00  20  1.0  3.0    MM    MM    MM  MM 1012.0  23.0  23.5  22.2   MM +0.7    MM
2026 09 11 17 50  20  1.0  2.0   1.0    16   6.9 246 1012.0  23.2  23.4  22.2   MM   MM    MM
2026 09 11 17 40  60  1.0  2.0   1.0    MM   6.9 246 1011.9  23.2  23.4  22.3   MM   MM    MM
2026 09 11 17 30  60  2.0  2.0    MM    MM    MM  MM 1011.8  23.1  23.2  22.3   MM   MM    MM
2026 09 11 17 20  10  2.0  2.0   1.1    16   7.0 208 1011.8  23.1  23.3  22.3   MM   MM    MM
2026 09 11 17 10  10  2.0  2.0    MM    MM    MM  MM 1011.8  23.1  23.3  22.3   MM   MM    MM
2026 09 11 16 50  30  2.0  2.0    MM    MM    MM  MM 1011.6  23.0  23.2  22.2   MM   MM    MM
2026 09 11 16 40  30  2.0  2.0    MM    MM    MM  MM 1011.6    MM    MM    MM   MM   MM    MM
2026 09 11 16 20  60  2.0  3.0    MM    MM    MM  MM 1012.0  23.0    MM  22.1   MM   MM    MM
2026 09 11 16 10  60  2.0  2.0    MM    MM    MM  MM 1011.5  23.1  23.0  22.1   MM   MM    MM
2026 09 11 16 00  60  2.0  3.0    MM    MM    MM  MM 1011.9  23.1  22.9  22.1   MM +0.9    MM
2026 09 11 15 50  50  2.0  2.0    MM    MM    MM  MM 1011.5  23.2  22.9  22.1   MM   MM    MM
2026 09 11 15 40  40  2.0  2.0    MM    MM    MM  MM 1011.3  23.2  22.9  22.1   MM   MM    MM
2026 09 11 15 30  50  1.0  2.0    MM    MM    MM  MM 1011.3  23.2  23.0  22.1   MM   MM    MM
2026 09 11 15 20  50  1.0  2.0    MM    MM    MM  MM 1011.4  23.2  23.0  22.1   MM   MM    MM
2026 09 11 15 10  60  2.0  2.0    MM    MM    MM  MM 1011.4  23.1  23.0  22.0   MM   MM    MM
2026 09 11 15 00  60  1.0  2.0    MM    MM    MM  MM 1011.4  23.1    MM  22.1   MM +0.8    MM
2026 09 11 14 50  60  1.0  2.0   1.1    15   6.2 218 1011.4  23.0  23.1  22.2   MM   MM    MM
2026 09 11 14 40  60  1.0  2.0    MM    MM    MM  MM 1011.1  22.9  23.1  22.2   MM   MM    MM
2026 09 11 14 30  70  2.0  2.0    MM    MM    MM  MM 1011.0  22.8  23.1  22.1   MM   MM    MM
2026 09 11 14 20  90  2.0  3.0   1.2    16   6.8 215 1011.0  22.7    MM  22.0   MM   MM    MM
2026 09 11 14 10  90  2.0  3.0   1.2    MM   6.8 215 1011.0  22.6  23.1  22.0   MM   MM    MM
2026 09 11 14 00  80  3.0  3.0    MM    MM    MM  MM 1011.0  22.5  23.1  21.9   MM +0.5    MM
2026 09 11 13 50  80  3.0  4.0   1.1    16   6.3 201 1010.9  22.5  23.1  21.9   MM   MM    MM
2026 09 11 13 40  80  3.0  5.0    MM    MM    MM  MM 1010.8  22.6  23.0  22.1   MM   MM    MM
2026 09 11 13 30  80  3.0  4.0    MM    MM    MM  MM 1010.7  22.6  23.0  22.1   MM   MM    MM
2026 09 11 13 20  90  3.0  4.0   1.0    16   6.8 232 1010.8  22.7  23.0  22.1   MM   MM    MM
2026 09 11 13 10  90  3.0  4.0   1.0    MM   6.8 232 1010.6  22.9  23.1  22.3   MM   MM    MM
2026 09 11 13 00  90  3.0  4.0    MM    MM    MM  MM 1010.6  22.9  23.0  22.3   MM +0.0    MM
2026 09 11 12 50  90  3.0  4.0   1.0    16   6.8 213 1010.6  22.9  23.1  22.3   MM   MM    MM
2026 09 11 12 40  80  3.0  4.0    MM    MM    MM  MM 1010.5  22.9  23.1  22.3   MM   MM    MM
2026 09 11 12 30  80  3.0  4.0    MM    MM    MM  MM 1010.4  22.9  23.1  22.3   MM   MM    MM
2026 09 11 12 20  80  3.0  4.0   1.2    16   7.2 219 1010.4  22.9  23.1  22.2   MM   MM    MM
2026 09 11 12 10  80  3.0  4.0    MM    MM    MM  MM 1010.5  23.1  23.1  22.4   MM   MM    MM
2026 09 11 12 00  80  3.0  4.0    MM    MM    MM  MM 1010.5  23.1  23.2  22.3   MM +0.0    MM
2026 09 11 11 50  90  3.0  4.0   1.1    MM   6.6 215 1010.9  23.1  23.2  22.2   MM   MM    MM
2026 09 11 11 40  80  3.0  4.0    MM    MM    MM  MM 1010.5  23.1  23.3  22.2   MM   MM    MM
2026 09 11 11 30  90  3.0  4.0    MM    MM    MM  MM 1010.5  23.2  23.4  22.2   MM   MM    MM
2026 09 11 11 20  90  3.0  4.0   1.1    16   6.9 204 1010.5  23.2  23.5  22.1   MM   MM    MM
2026 09 11 11 10  90  3.0  4.0   1.1    MM   6.9 204 1010.5  23.2  23.5  21.9   MM   MM    MM
2026 09 11 11 00  90  3.0  4.0    MM    MM    MM  MM 1010.5  23.2  23.5  21.7   MM -0.3    MM
2026 09 11 10 50  80  3.0  4.0   1.0    16   6.6 194 1010.5  23.2  23.5  21.6   MM   MM    MM
2026 09 11 10 40  80  3.0  4.0   1.0    MM   6.6 194 1010.5  23.3  23.5  21.5   MM   MM    MM
2026 09 11 10 30  70  3.0  4.0    MM    MM    MM  MM 1010.4  23.3  23.6  21.1   MM   MM    MM
2026 09 11 10 20  80  3.0  4.0   1.1    16   6.5 211 1010.5  23.2  23.6  20.8   MM   MM    MM
2026 09 11 10 10  90  3.0  4.0   1.1    MM   6.5 211 1010.5  23.1  23.7  21.1   MM   MM    MM
2026 09 11 10 00 100  3.0  4.0    MM    MM    MM  MM 1010.5  23.1  23.7  21.1   MM -0.3    MM
2026 09 11 09 50 110  3.0  4.0   1.1    16   6.6 227 1010.6  23.1  23.7  21.0   MM   MM    MM
2026 09 11 09 40 120  3.0  4.0    MM    MM    MM  MM 1010.6  22.9  23.7  20.8   MM   MM    MM
2026 09 11 09 30 110  3.0  4.0    MM    MM    MM  MM 1010.7  22.9  23.7  21.0   MM   MM    MM
2026 09 11 09 20 110  3.0  4.0   1.2    16   7.3 196 1010.5  22.9  23.6  21.2   MM   MM    MM
2026 09 11 09 10 120  3.0  4.0   1.2    MM   7.3 196 1010.5  22.9  23.6  21.4   MM   MM    MM
2026 09 11 09 00 120  4.0  4.0    MM    MM    MM  MM 1010.5  23.1  23.6  21.7   MM +0.0    MM
2026 09 11 08 50 110  3.0  4.0   1.2    16   6.9 204 1010.5  23.4  23.7  21.9   MM   MM    MM
2026 09 11 08 40 100  3.0  3.0    MM    MM    MM  MM 1010.7  23.3  23.6  21.5   MM   MM    MM
2026 09 11 08 30  80  3.0  3.0    MM    MM    MM  MM 1010.7  23.3  23.7  21.4   MM   MM    MM
2026 09 11 08 20  70  2.0  3.0   1.0    16   6.2 247 1010.8  23.3  23.7  21.3   MM   MM    MM
2026 09 11 08 10  70  2.0  3.0   1.0    MM   6.2 247 1010.9  23.5  23.7  21.6   MM   MM    MM
2026 09 11 08 00 100  1.0  2.0    MM    MM    MM  MM 1010.8  23.4  23.6  21.5   MM +0.0    MM
2026 09 11 07 50 100  1.0  2.0   1.1    MM   7.1 213 1010.8  23.5  23.6  21.6   MM   MM    MM
2026 09 11 07 40 130  1.0  2.0   1.1    MM   7.1 213 1010.7  23.5  23.6  21.5   MM   MM    MM
2026 09 11 07 30 140  2.0  3.0    MM    MM    MM  MM 1010.8  23.5  23.7  21.3   MM   MM    MM
2026 09 11 07 20 120  2.0  3.0   1.1    16   6.9 205 1010.9  23.5  23.6  21.2   MM   MM    MM
2026 09 11 07 10 120  2.0  3.0   1.1    MM   6.9 205 1010.8  23.5  23.7  21.1   MM   MM    MM
2026 09 11 07 00 110  2.0  3.0    MM    MM    MM  MM 1010.9  23.5  23.7  21.1   MM +0.7    MM
2026 09 11 06 50 120  3.0  3.0   1.0    16   6.5 194 1010.8  23.5    MM  21.0   MM   MM    MM
2026 09 11 06 40 120  3.0  3.0    MM    MM    MM  MM 1010.7  23.4  23.7  20.8   MM   MM    MM
2026 09 11 06 30 120  3.0  4.0    MM    MM    MM  MM 1010.5  23.4  23.7  20.9   MM   MM    MM
2026 09 11 06 20 120  3.0  4.0   1.1    16   6.7 174 1010.5  23.3  23.8  20.8   MM   MM    MM
2026 09 11 06 10 120  3.0  4.0    MM    MM    MM  MM 1010.5  23.3  23.8  20.9   MM   MM    MM
2026 09 11 06 00 120  4.0  4.0    MM    MM    MM  MM 1010.6  23.5  23.8  21.1   MM +1.2    MM
2026 09 11 05 50 110  3.0  4.0   1.1    16   7.1 198 1010.5  23.5  23.8  20.7   MM   MM    MM
2026 09 11 05 40 110  3.0  4.0    MM    MM    MM  MM 1010.6  23.5  23.9  20.6   MM   MM    MM
2026 09 11 05 30 110  3.0  3.0    MM    MM    MM  MM 1010.5  23.5  23.7  20.7   MM   MM    MM
2026 09 11 05 20 120  3.0  3.0   1.2    16   6.9 260 1010.6  23.5  23.7  20.8   MM   MM    MM
2026 09 11 05 10 120  3.0  3.0    MM    MM    MM  MM 1010.5  23.6  23.8  21.0   MM   MM    MM
2026 09 11 05 00 120  2.0  3.0    MM    MM    MM  MM 1010.5  23.6  23.8  20.6   MM +1.0    MM
2026 09 11 04 50 120  2.0  3.0   1.2    16   7.2 233 1010.5  23.5  23.8  20.6   MM   MM    MM
2026 09 11 04 40 120  2.0  3.0    MM    MM    MM  MM 1010.5  23.5  23.8  20.8   MM   MM    MM
2026 09 11 04 30 110  2.0  3.0    MM    MM    MM  MM 1010.5  23.6  23.9  20.8   MM   MM    MM
2026 09 11 04 20 110  2.0  2.0   1.1    16   7.0 218 1010.4  23.6  23.8  20.6   MM   MM    MM
2026 09 11 04 10 110  2.0  2.0   1.1    MM   7.0 218 1010.3  23.5  23.8  20.4   MM   MM    MM
2026 09 11 04 00 110  2.0  2.0    MM    MM    MM  MM 1010.2  23.5  23.8  20.4   MM +0.5    MM
2026 09 11 03 50 110  2.0  2.0   1.1    16   7.1 221 1010.0  23.3  23.8  20.4   MM   MM    MM
2026 09 11 03 40 110  2.0  2.0   1.1    MM   7.1 221 1009.9  23.1  23.8  20.9   MM   MM    MM
2026 09 11 03 30 110  3.0  3.0    MM    MM    MM  MM 1009.9  23.3  23.6  21.8   MM   MM    MM
2026 09 11 03 20  90  3.0  3.0   1.0    16   7.1 210 1009.7  23.4  23.7  22.1   MM   MM    MM
2026 09 11 03 10  90  2.0  3.0    MM    MM    MM  MM 1009.5  23.4  23.5  22.1   MM   MM    MM
2026 09 11 03 00  90  2.0  3.0    MM    MM    MM  MM 1009.4  23.5  23.4  22.1   MM   MM    MM
2026 09 11 02 50  90  2.0  3.0   1.0    17   7.2 206 1009.4  23.4  23.7  21.9   MM   MM    MM
2026 09 11 02 40  70  2.0  2.0   1.0    MM   7.2 206 1009.4  23.4  23.5  21.9   MM   MM    MM
2026 09 11 02 30  60  2.0  2.0    MM    MM    MM  MM 1009.4  23.5  23.5  22.0   MM   MM    MM
2026 09 11 02 20  60  1.0  2.0   1.1    17   7.4 217 1009.5  23.7  23.4  21.9   MM   MM    MM
2026 09 11 02 10  50  1.0  2.0    MM    MM    MM  MM 1009.5  23.7  23.2  21.5   MM   MM    MM
2026 09 11 02 00  90  1.0  1.0    MM    MM    MM  MM 1010.0  23.9  23.4  21.4   MM   MM    MM
2026 09 11 01 50  MM  0.0  1.0    MM    MM    MM  MM 1009.7  24.0  23.4  21.4   MM   MM    MM
2026 09 11 01 40  MM  0.0  1.0    MM    MM    MM  MM 1009.7  23.9  23.3  21.4   MM   MM    MM
2026 09 11 01 30 230  1.0  1.0    MM    MM    MM  MM 1009.6  23.9  23.5  21.5   MM   MM    MM
2026 09 11 01 20 220  1.0  2.0    MM    MM    MM  MM 1009.7  23.8  23.4  21.6   MM   MM    MM
2026 09 11 01 10 180  1.0  2.0    MM    MM    MM  MM 1009.7  24.4  23.3  22.4   MM   MM    MM
2026 09 11 01 00  MM  0.0  0.0    MM    MM    MM  MM 1009.7    MM    MM    MM   MM   MM    MM
2026 09 11 00 50  MM  0.0  1.0    MM    MM    MM  MM 1009.8  24.0  23.4  22.6   MM   MM    MM
2026 09 11 00 40 320  1.0  2.0    MM    MM    MM  MM 1009.7  23.9  23.4  22.5   MM   MM    MM
2026 09 11 00 30 340  1.0  2.0    MM    MM    MM  MM 1010.2  23.8  23.3  22.4   MM   MM    MM
2026 09 10 22 50 290  2.0  3.0    MM    MM    MM  MM 1010.3  24.4  23.4  22.3   MM   MM    MM
2026 09 10 22 40 290  2.0  3.0    MM    MM    MM  MM 1010.4    MM  23.4    MM   MM   MM    MM
2026 09 10 22 30 280  2.0  2.0    MM    MM    MM  MM 1010.6  24.2    MM  21.6   MM   MM    MM
2026 09 10 22 10 270  2.0  3.0    MM    MM    MM  MM 1010.9    MM    MM    MM   MM   MM    MM
2026 09 10 21 40  MM   MM   MM   1.0    17   7.1 244     MM    MM  23.9    MM   MM   MM    MM
2026 09 10 21 30 230  2.0  3.0    MM    MM    MM  MM 1011.4  24.0  23.8  22.2   MM   MM    MM
2026 09 10 21 20 230  2.0  3.0    MM    MM    MM  MM 1011.4  23.9  23.5  22.0   MM   MM    MM
2026 09 10 21 10 210  2.0  3.0    MM    MM    MM  MM 1011.5  23.9  23.6  22.2   MM   MM    MM
2026 09 10 20 00 120  3.0  3.0    MM    MM    MM  MM 1012.5  23.6    MM  22.7   MM   MM    MM
2026 09 10 19 30 110  2.0  3.0    MM    MM    MM  MM 1012.2    MM    MM    MM   MM   MM    MM
2026 09 10 18 50 100  4.0  4.0    MM    MM    MM  MM 1013.2  23.5    MM  22.6   MM   MM    MM
2026 09 10 18 30  80  2.0  3.0    MM    MM    MM  MM 1013.0    MM    MM    MM   MM   MM    MM
2026 09 10 18 20  80  3.0  3.0    MM    MM    MM  MM 1013.5  23.4    MM  22.2   MM   MM    MM
2026 09 10 18 10  80  2.0  3.0    MM    MM    MM  MM 1013.2    MM    MM    MM   MM   MM    MM
2026 09 10 17 30 120  3.0  3.0    MM    MM    MM  MM 1013.1    MM    MM    MM   MM   MM    MM
2026 09 10 17 20 130  3.0  4.0    MM    MM    MM  MM 1013.6  23.2    MM  21.9   MM   MM    MM
2026 09 10 17 10 120  3.0  4.0    MM    MM    MM  MM 1013.2    MM    MM    MM   MM   MM    MM
2026 09 10 16 30 110  3.0  3.0    MM    MM    MM  MM 1013.0    MM  23.2    MM   MM   MM    MM
2026 09 10 15 30 130  3.0  3.0    MM    MM    MM  MM 1012.4    MM    MM    MM   MM   MM    MM
2026 09 10 14 50 100  3.0  4.0   0.9    16   5.9 228 1012.3  23.0    MM  22.0   MM   MM    MM
2026 09 10 14 40  90  3.0  4.0   0.9    MM   5.9 228 1012.1  23.0  23.1  22.0   MM   MM    MM
2026 09 10 14 30  80  4.0  4.0    MM    MM    MM  MM 1012.1  22.9  23.1  21.9   MM   MM    MM
2026 09 10 14 20  70  4.0  5.0   0.9    17   5.7 197 1012.1  22.9  23.1  22.0   MM   MM    MM
2026 09 10 14 10  60  4.0  5.0   0.9    MM   5.7 197 1011.9  22.9  23.1  22.2   MM   MM    MM
2026 09 10 14 00  40  3.0  4.0    MM    MM    MM  MM 1011.9  22.9  23.0  22.2   MM +0.0    MM
2026 09 10 13 50  40  3.0  4.0   0.9    16   5.7 185 1011.7  23.0  23.0  22.2   MM   MM    MM
2026 09 10 13 40  40  4.0  5.0    MM    MM    MM  MM 1011.7  23.0  23.0  22.0   MM   MM    MM
2026 09 10 13 30  30  4.0  5.0    MM    MM    MM  MM 1011.7  23.0  23.0  22.0   MM   MM    MM
2026 09 10 13 20  20  4.0  5.0   0.9    17   5.9 177 1011.7  23.0  23.1  21.9   MM   MM    MM
2026 09 10 13 10  10  4.0  5.0   0.9    MM   5.9 177 1011.7  23.0  23.1  21.6   MM   MM    MM
2026 09 10 13 00 360  4.0  5.0    MM    MM    MM  MM 1011.9  23.0  23.1  21.4   MM +0.0    MM
2026 09 10 12 50 360  3.0  4.0   1.0    17   6.0 206 1011.9  23.0  23.1  21.5   MM   MM    MM
2026 09 10 12 40 350  3.0  3.0    MM    MM    MM  MM 1011.9  22.9  23.1  21.4   MM   MM    MM
2026 09 10 12 30 330  2.0  3.0    MM    MM    MM  MM 1011.9  22.9  23.1  21.3   MM   MM    MM
2026 09 10 12 20 320  2.0  3.0   1.0     8   5.7 196 1011.9  23.0  23.1  21.3   MM   MM    MM
2026 09 10 12 10 320  2.0  2.0   1.0    MM   5.7 196 1012.0  23.0  23.1  21.1   MM   MM    MM
2026 09 10 12 00 330  2.0  2.0    MM    MM    MM  MM 1012.0  23.2  23.1  21.1   MM -0.4    MM
2026 09 10 11 50 330  2.0  3.0   0.9    17   5.9 247 1012.0  23.2  23.0  20.9   MM   MM    MM
2026 09 10 11 40 340  2.0  2.0   0.9    MM   5.9 247 1011.9  23.2  23.0  21.1   MM   MM    MM
2026 09 10 11 30 340  1.0  2.0    MM    MM    MM  MM 1011.9  23.4  23.0  21.5   MM   MM    MM
2026 09 10 11 20 310  2.0  3.0   0.8    16   5.9 201 1011.9  23.5  23.0  21.2   MM   MM    MM
2026 09 10 11 10 310  3.0  3.0   0.8    MM   5.9 201 1011.8  23.5  23.0  21.0   MM   MM    MM
2026 09 10 11 00 290  2.0  3.0    MM    MM    MM  MM 1011.9  23.3  23.0  21.3   MM -0.4    MM
2026 09 10 10 50 270  1.0  2.0   0.8    16   5.8 213 1012.0  23.3  23.0  21.5   MM   MM    MM
2026 09 10 10 40 250  1.0  1.0    MM    MM    MM  MM 1012.1  23.4  23.0  21.6   MM   MM    MM
2026 09 10 10 30 270  1.0  1.0    MM    MM    MM  MM 1011.9  23.4  23.0  21.4   MM   MM    MM
2026 09 10 10 20 260  2.0  2.0   0.9    17   6.2 134 1012.0  23.4  23.0  21.5   MM   MM    MM
2026 09 10 10 10 250  1.0  2.0   0.9    MM   6.2 134 1012.0  23.3  23.0  21.7   MM   MM    MM
2026 09 10 10 00 240  1.0  2.0    MM    MM    MM  MM 1012.0  23.3  23.0  21.8   MM -0.5    MM
2026 09 10 09 50 210  1.0  2.0   0.9    17   6.2 189 1012.1  23.5  22.9  22.0   MM   MM    MM
2026 09 10 09 40 210  1.0  2.0    MM    MM    MM  MM 1012.1  23.5  22.9  21.9   MM   MM    MM
2026 09 10 09 30 180  1.0  1.0    MM    MM    MM  MM 1012.3  23.6  23.0  21.8   MM   MM    MM
2026 09 10 09 20 160  1.0  2.0   0.9    17   6.6 205 1012.3  23.7  23.0  21.8   MM   MM    MM
2026 09 10 09 10 150  1.0  1.0   0.9    MM   6.6 205 1012.4  23.5  23.0  21.5   MM   MM    MM
2026 09 10 09 00 170  1.0  1.0    MM    MM    MM  MM 1012.4  23.4  23.0  21.5   MM +0.0    MM
2026 09 10 08 50 170  1.0  2.0   0.9     8   6.4 192 1012.6  23.5  23.1  21.6   MM   MM    MM
2026 09 10 08 40 180  1.0  1.0    MM    MM    MM  MM 1012.6  23.5  23.1  21.5   MM   MM    MM
2026 09 10 08 30  MM  0.0  1.0    MM    MM    MM  MM 1012.6  23.5  23.1  21.5   MM   MM    MM
2026 09 10 08 20 290  1.0  1.0   0.8    17   6.5 204 1012.5  23.5  23.1  21.6   MM   MM    MM
2026 09 10 08 10 290  1.0  1.0    MM    MM    MM  MM 1012.4  23.4  23.2  21.5   MM   MM    MM
2026 09 10 08 00 270  1.0  1.0    MM    MM    MM  MM 1012.4  23.4  23.2  21.5   MM +0.0    MM
2026 09 10 07 50  MM  0.0  0.0   0.8    17   7.0 154 1012.5  23.5  23.2  21.7   MM   MM    MM
2026 09 10 07 40 310  1.0  2.0    MM    MM    MM  MM 1012.6  23.5  23.2  21.7   MM   MM    MM
2026 09 10 07 30 310  2.0  2.0    MM    MM    MM  MM 1012.4  23.5  23.2  21.7   MM   MM    MM
2026 09 10 07 20 310  1.0  2.0   0.9    17   7.0 231 1012.4  23.4  23.2  21.8   MM   MM    MM
2026 09 10 07 10 310  1.0  1.0    MM    MM    MM  MM 1012.4  23.6  23.2  22.1   MM   MM    MM
2026 09 10 07 00 280  1.0  1.0    MM    MM    MM  MM 1012.5  23.6  23.2  22.0   MM +0.0    MM
2026 09 10 06 50  MM  0.0  1.0   0.9    17   7.0 148 1012.5  23.6  23.1  22.0   MM   MM    MM
2026 09 10 06 40 270  1.0  1.0   0.9    MM   7.0 148 1012.4  23.7  23.2  22.0   MM   MM    MM
2026 09 10 06 30 280  1.0  2.0    MM    MM    MM  MM 1012.4  23.8  23.1  22.0   MM   MM    MM
2026 09 10 06 20 290  2.0  2.0   0.9    16   7.2 167 1012.3  23.8  23.2  21.9   MM   MM    MM
2026 09 10 06 10 290  2.0  2.0    MM    MM    MM  MM 1012.3  23.8  23.2  21.9   MM   MM    MM
2026 09 10 06 00 290  2.0  3.0    MM    MM    MM  MM 1012.3  23.9  23.2  21.8   MM +0.6    MM
2026 09 10 05 50 290  2.0  3.0   0.9    16   7.8 206 1012.4  23.8  23.2  21.7   MM   MM    MM
2026 09 10 05 40 290  3.0  3.0    MM    MM    MM  MM 1012.5  23.8  23.2  21.8   MM   MM    MM
2026 09 10 05 30 280  3.0  4.0    MM    MM    MM  MM 1012.5  23.7  23.1  21.8   MM   MM    MM
2026 09 10 05 20 270  3.0  4.0   0.9    16   7.4 206 1012.6  23.7  23.2  21.9   MM   MM    MM
2026 09 10 05 10 270  3.0  4.0   0.9    MM   7.4 206 1012.5  23.7  23.3  22.0   MM   MM    MM
2026 09 10 05 00 270  3.0  3.0    MM    MM    MM  MM 1012.6  23.7  23.2  22.1   MM +0.7    MM
2026 09 10 04 50 270  3.0  3.0   0.8     9   7.1 191 1012.5  23.7  23.3  22.1   MM   MM    MM
2026 09 10 04 40 270  2.0  3.0    MM    MM    MM  MM 1012.6  23.7  23.3  22.1   MM   MM    MM
2026 09 10 04 30 260  3.0  3.0    MM    MM    MM  MM 1012.5  23.6  23.4  22.1   MM   MM    MM
2026 09 10 04 20 260  3.0  4.0   0.9    17   7.5 165 1012.4  23.6  23.4  22.1   MM   MM    MM
2026 09 10 04 10 260  3.0  4.0   0.9    MM   7.5 165 1012.3  23.6  23.5  22.1   MM   MM    MM
2026 09 10 04 00 260  2.0  3.0    MM    MM    MM  MM 1012.2  23.7  23.6  22.1   MM +0.4    MM
2026 09 10 03 50 260  2.0  3.0   0.9     9   7.7 188 1012.1  23.7  23.6  22.2   MM   MM    MM
2026 09 10 03 40 260  2.0  2.0   0.9    MM   7.7 188 1012.1  23.7  23.7  22.1   MM   MM    MM
2026 09 10 03 30 270  2.0  3.0    MM    MM    MM  MM 1011.9  23.7  23.7  22.2   MM   MM    MM
2026 09 10 03 20 280  2.0  3.0   0.8    13   7.2 164 1011.8  23.6  23.8  22.1   MM   MM    MM
2026 09 10 03 10 280  2.0  3.0    MM    MM    MM  MM 1011.7  23.6  23.8  22.2   MM   MM    MM
2026 09 10 03 00 290  2.0  2.0    MM    MM    MM  MM 1011.7  23.6  23.8  22.2   MM -0.3    MM
2026 09 10 02 50 270  2.0  2.0   0.9     8   7.5 199 1011.6  23.5  23.8  22.1   MM   MM    MM
2026 09 10 02 40 260  1.0  2.0    MM    MM    MM  MM 1011.7  23.6  23.7  22.2   MM   MM    MM
2026 09 10 02 30 270  1.0  2.0    MM    MM    MM  MM 1011.7  23.6  23.8  22.2   MM   MM    MM
2026 09 10 02 20 250  1.0  2.0   1.0     9   7.4 204 1011.8  23.7  23.8  22.2   MM   MM    MM
2026 09 10 02 10 250  1.0  2.0   1.0    MM   7.4 204 1011.7  23.9  23.7  22.3   MM   MM    MM
2026 09 10 02 00 270  1.0  2.0    MM    MM    MM  MM 1011.7  24.0  23.7  22.2   MM -0.6    MM
2026 09 10 01 50 270  2.0  2.0   0.9    13   6.9 157 1011.6  24.1  23.6  22.0   MM   MM    MM
2026 09 10 01 40 250  2.0  2.0    MM    MM    MM  MM 1011.7  24.2  23.6  21.9   MM   MM    MM
2026 09 10 01 30 270  2.0  3.0    MM    MM    MM  MM 1011.7  24.2  23.6  22.0   MM   MM    MM
2026 09 10 01 20 270  3.0  3.0   0.9    16   7.1 328 1011.7  24.1  23.7  22.1   MM   MM    MM
2026 09 10 01 10 270  3.0  3.0   0.9    MM   7.1 328 1011.8  24.1  23.7  22.3   MM   MM    MM
2026 09 10 01 00 280  3.0  3.0    MM    MM    MM  MM 1011.9  24.0  23.5  22.2   MM -1.0    MM
2026 09 10 00 50 290  3.0  3.0   0.9    16   7.2 210 1011.8  23.9  23.4  22.2   MM   MM    MM
2026 09 10 00 40 280  3.0  3.0    MM    MM    MM  MM 1011.9  23.9  23.0  22.1   MM   MM    MM
2026 09 10 00 30 290  3.0  4.0    MM    MM    MM  MM 1011.9    MM    MM    MM   MM   MM    MM
2026 09 10 00 20 290  3.0  4.0   0.9    17   7.0 252 1011.9  23.8  22.9  21.8   MM   MM    MM
2026 09 10 00 10 290  3.0  4.0   0.9    MM   7.0 252 1011.9  23.8  22.8  21.7   MM   MM    MM
2026 09 10 00 00 290  3.0  4.0    MM    MM    MM  MM 1012.1  23.8  22.6  21.6   MM -1.4    MM
2026 09 09 23 50 280  4.0  5.0   0.9    13   7.2 231 1012.1  23.8    MM  21.6   MM   MM    MM
2026 09 09 23 40 280  4.0  5.0   0.9    MM   7.2 231 1012.2  23.8  22.4  21.6   MM   MM    MM
2026 09 09 23 30 280  4.0  5.0    MM    MM    MM  MM 1012.2  23.7  22.2  21.7   MM   MM    MM
2026 09 09 23 20 280  4.0  4.0   0.9    13   7.5 165 1012.2  23.8  22.2  22.1   MM   MM    MM
2026 09 09 23 10 280  4.0  5.0   0.9    MM   7.5 165 1012.2  23.9  22.3  22.2   MM   MM    MM
2026 09 09 23 00 280  4.0  5.0    MM    MM    MM  MM 1012.4  24.0  22.3  22.1   MM -1.3    MM
2026 09 09 22 50 270  4.0  5.0    MM    MM    MM  MM 1012.6  24.1  23.1  22.1   MM   MM    MM
2026 09 09 22 40 270  4.0  5.0    MM    MM    MM  MM 1012.7  24.3  23.3  22.3   MM   MM    MM
2026 09 09 22 30 260  4.0  4.0    MM    MM    MM  MM 1012.7  24.5  23.2  22.4   MM   MM    MM
2026 09 09 22 20 250  3.0  4.0    MM    MM    MM  MM 1012.6  24.6  23.2  22.3   MM   MM    MM
2026 09 09 22 10 260  3.0  3.0    MM    MM    MM  MM 1012.7  24.9  22.8  22.3   MM   MM    MM
2026 09 09 22 00 270  2.0  3.0    MM    MM    MM  MM 1013.3  24.9  22.3  22.2   MM   MM    MM
2026 09 09 21 50 270  2.0  2.0    MM    MM    MM  MM 1013.0  24.9  22.3  22.4   MM   MM    MM
2026 09 09 21 40 270  2.0  2.0    MM    MM    MM  MM 1013.0  24.9  22.3  22.3   MM   MM    MM
2026 09 09 21 30 270  2.0  2.0    MM    MM    MM  MM 1013.1  24.9  22.3  22.2   MM   MM    MM
2026 09 09 21 20 280  2.0  2.0    MM    MM    MM  MM 1013.6  24.9    MM  22.0   MM   MM    MM
2026 09 09 21 10 270  2.0  2.0    MM    MM    MM  MM 1013.3  24.7  22.4  21.9   MM   MM    MM
2026 09 09 21 00 270  2.0  2.0    MM    MM    MM  MM 1013.5  24.5  22.4  22.2   MM   MM    MM
2026 09 09 20 40 260  2.0  2.0    MM    MM    MM  MM 1013.5    MM    MM    MM   MM   MM    MM
2026 09 09 20 30 260  2.0  2.0    MM    MM    MM  MM 1013.5    MM  22.3    MM   MM   MM    MM
2026 09 09 20 20 250  2.0  2.0    MM    MM    MM  MM 1013.6    MM    MM    MM   MM   MM    MM
2026 09 09 20 00 240  2.0  2.0    MM    MM    MM  MM 1014.1  24.1  22.3  22.3   MM -0.4    MM
2026 09 09 19 30 260  2.0  2.0    MM    MM    MM  MM 1014.0    MM  22.3    MM   MM   MM    MM
2026 09 09 19 20 250  2.0  2.0    MM    MM    MM  MM 1014.1    MM    MM    MM   MM   MM    MM
2026 09 09 17 00 290  3.0  3.0    MM    MM    MM  MM 1014.5  23.2    MM  20.9   MM +1.1    MM
2026 09 09 16 00 310  4.0  5.0    MM    MM    MM  MM 1013.8  23.2    MM  20.2   MM +1.1    MM
2026 09 09 15 50 310  4.0  5.0   1.0     9   7.2 189 1013.8  23.1  22.1  20.2   MM   MM    MM
2026 09 09 15 40 310  4.0  5.0    MM    MM    MM  MM 1013.8  23.0  22.1  20.5   MM   MM    MM
2026 09 09 15 30 310  4.0  5.0    MM    MM    MM  MM 1013.8  23.0  22.1  20.6   MM   MM    MM
2026 09 09 15 20 310  4.0  5.0   1.0    10   7.3 192 1013.8  23.0  22.1  20.5   MM   MM    MM
2026 09 09 15 10 310  3.0  4.0   1.0    MM   7.3 192 1013.5  23.0  22.1  20.3   MM   MM    MM
2026 09 09 15 00 320  3.0  3.0    MM    MM    MM  MM 1013.7  22.9    MM  20.5   MM +1.0    MM
2026 09 09 14 50 330  3.0  4.0   1.0    10   7.0 198 1013.7  22.9  22.1  20.7   MM   MM    MM
2026 09 09 14 40 310  2.0  3.0    MM    MM    MM  MM 1013.6  22.9  22.1  20.8   MM   MM    MM
2026 09 09 14 30 300  2.0  3.0    MM    MM    MM  MM 1013.5  22.8  22.1  20.7   MM   MM    MM
2026 09 09 14 20 290  2.0  3.0   1.0    10   6.8 184 1013.5  22.7  22.1  20.7   MM   MM    MM
2026 09 09 14 10 300  3.0  4.0   1.0    MM   6.8 184 1013.2  22.7  22.1  20.6   MM   MM    MM
2026 09 09 14 00 300  3.0  3.0    MM    MM    MM  MM 1013.0  22.6  22.1  20.5   MM +0.5    MM
2026 09 09 13 50 300  3.0  3.0   0.9    14   6.6 198 1013.0  22.5    MM  20.6   MM   MM    MM
2026 09 09 13 40 290  2.0  3.0    MM    MM    MM  MM 1013.0  22.4  22.1  20.8   MM   MM    MM
2026 09 09 13 30 270  2.0  3.0    MM    MM    MM  MM 1013.0  22.4  22.1  20.8   MM   MM    MM
2026 09 09 13 20 270  3.0  4.0   0.9    11   6.4 188 1012.8  22.5  22.1  20.9   MM   MM    MM
2026 09 09 13 10 280  3.0  4.0   0.9    MM   6.4 188 1012.7  22.6  22.2  20.7   MM   MM    MM
2026 09 09 13 00 290  3.0  4.0    MM    MM    MM  MM 1012.7  22.6  22.2  20.5   MM +0.0    MM
2026 09 09 12 50 280  3.0  4.0   0.9    14   6.5 137 1012.7  22.6  22.2  20.5   MM   MM    MM
2026 09 09 12 40 280  3.0  4.0    MM    MM    MM  MM 1012.6  22.6    MM  20.4   MM   MM    MM
2026 09 09 12 30 270  3.0  4.0    MM    MM    MM  MM 1012.7  22.7  22.2  20.4   MM   MM    MM
2026 09 09 12 20 260  3.0  4.0   0.9    14   6.1 205 1012.6  22.7  22.2  20.3   MM   MM    MM
2026 09 09 12 10 260  3.0  4.0   0.9    MM   6.1 205 1012.7  22.9  22.2  20.2   MM   MM    MM
2026 09 09 12 00 260  4.0  4.0    MM    MM    MM  MM 1012.7  22.9  22.2  19.9   MM +0.0    MM
2026 09 09 11 50 260  3.0  4.0   1.0    14   6.6 194 1012.6  22.9  22.2  20.0   MM   MM    MM
2026 09 09 11 40 260  4.0  4.0    MM    MM    MM  MM 1012.6  22.9  22.2  20.2   MM   MM    MM
2026 09 09 11 30 270  3.0  4.0    MM    MM    MM  MM 1012.6  23.1  22.2  20.0   MM   MM    MM
2026 09 09 11 20 290  3.0  4.0   0.9     9   6.3 190 1012.4  23.3  22.2  19.8   MM   MM    MM
2026 09 09 11 10 280  3.0  4.0   0.9    MM   6.3 190 1012.5  23.4  22.2  19.6   MM   MM    MM
2026 09 09 11 00 280  3.0  4.0    MM    MM    MM  MM 1012.6  23.6  22.2  19.6   MM -0.6    MM
2026 09 09 10 50 300  3.0  4.0   0.9    11   6.4 195 1012.5  23.6  22.2  19.8   MM   MM    MM
2026 09 09 10 40 300  3.0  4.0    MM    MM    MM  MM 1012.6  23.4  22.3  20.0   MM   MM    MM
2026 09 09 10 30 310  4.0  4.0    MM    MM    MM  MM 1012.5  23.3  22.3  20.1   MM   MM    MM
2026 09 09 10 20 290  3.0  4.0   0.9    10   6.3 189 1012.4  23.2    MM  20.3   MM   MM    MM
2026 09 09 10 10 280  3.0  3.0    MM    MM    MM  MM 1012.7  23.2  22.3  20.4   MM   MM    MM
2026 09 09 10 00 280  3.0  4.0    MM    MM    MM  MM 1012.7  23.3  22.3  20.3   MM -0.4    MM
2026 09 09 09 50 290  3.0  4.0   1.0    10   6.7 195 1012.6  23.3  22.3  20.2   MM   MM    MM
2026 09 09 09 40 300  4.0  4.0    MM    MM    MM  MM 1012.5  23.2  22.3  20.1   MM   MM    MM
2026 09 09 09 30 310  4.0  5.0    MM    MM    MM  MM 1012.6  23.2  22.3  20.2   MM   MM    MM
2026 09 09 09 20 310  4.0  5.0   1.0     9   6.8 177 1012.6  23.1  22.3  20.2   MM   MM    MM
2026 09 09 09 10 300  4.0  6.0    MM    MM    MM  MM 1012.7  23.2  22.3  20.2   MM   MM    MM
2026 09 09 09 00 310  4.0  5.0   1.0    MM   6.8 177 1012.6  23.2  22.3  20.2   MM +0.0    MM
2026 09 09 08 50 310  4.0  5.0   1.1     8   6.6 191 1012.7  23.2  22.3  20.2   MM   MM    MM
2026 09 09 08 40 310  3.0  4.0    MM    MM    MM  MM 1012.8  23.2  22.3  20.1   MM   MM    MM
2026 09 09 08 30 310  3.0  4.0    MM    MM    MM  MM 1013.0  23.2  22.3  20.0   MM   MM    MM
2026 09 09 08 20 320  4.0  5.0   1.1    10   6.7 187 1013.0  23.3  22.4  19.9   MM   MM    MM
2026 09 09 08 10 320  4.0  5.0    MM    MM    MM  MM 1013.0  23.3  22.4  19.8   MM   MM    MM
2026 09 09 08 00 330  4.0  5.0    MM    MM    MM  MM 1013.1  23.3  22.4  19.8   MM +0.4    MM
2026 09 09 07 50 330  4.0  6.0   1.0     9   6.0 196 1012.9  23.3  22.4  19.7   MM   MM    MM
2026 09 09 07 40 320  5.0  6.0    MM    MM    MM  MM 1012.8  23.5  22.4  19.6   MM   MM    MM
2026 09 09 07 30 330  5.0  6.0    MM    MM    MM  MM 1012.9  23.5  22.5  19.5   MM   MM    MM
2026 09 09 07 20 330  5.0  6.0   1.1     9   6.6 189 1012.9  23.6  22.5  19.3   MM   MM    MM
2026 09 09 07 10 330  5.0  7.0   1.1    MM   6.6 189 1012.9  23.6    MM  19.3   MM   MM    MM
2026 09 09 07 00 340  5.0  6.0    MM    MM    MM  MM 1013.0  23.4  22.5  19.8   MM +0.7    MM
2026 09 09 06 50 340  6.0  7.0   1.2     9   6.8 183 1012.9  23.5  22.5  20.0   MM   MM    MM
2026 09 09 06 40 340  5.0  7.0    MM    MM    MM  MM 1013.0  24.0  22.6  19.5   MM   MM    MM
2026 09 09 06 30 330  5.0  7.0    MM    MM    MM  MM 1012.9  24.2  22.6  19.3   MM   MM    MM
2026 09 09 06 20 320  6.0  7.0   1.2     9   6.7 185 1012.6  23.9  22.6  19.1   MM   MM    MM
2026 09 09 06 10 320  5.0  6.0   1.2    MM   6.7 185 1012.7  23.8  22.6  19.2   MM   MM    MM
2026 09 09 06 00 320  6.0  7.0    MM    MM    MM  MM 1013.1  23.9  22.6  18.5   MM +1.2    MM
2026 09 09 05 50 330  6.0  7.0   1.5    10   7.5 189 1012.8  24.2  22.7  17.6   MM   MM    MM
2026 09 09 05 40 320  6.0  8.0    MM    MM    MM  MM 1012.7  24.4  22.7  16.6   MM   MM    MM
2026 09 09 05 30 320  6.0  7.0    MM    MM    MM  MM 1012.7  24.2  22.7  16.9   MM   MM    MM
2026 09 09 05 20 330  7.0  8.0   1.5    10   7.7 194 1012.7  24.2  22.7  17.3   MM   MM    MM
2026 09 09 05 10 330  6.0  7.0   1.5    MM   7.7 194 1012.7  24.3  22.7  17.9   MM   MM    MM
2026 09 09 05 00 320  6.0  7.0    MM    MM    MM  MM 1012.6  24.3  22.7  17.5   MM +1.2    MM
2026 09 09 04 50 320  6.0  7.0   1.3    10   7.1 191 1012.6  24.0  22.7  17.2   MM   MM    MM
2026 09 09 04 40 320  6.0  7.0   1.3    MM   7.1 191 1012.7  23.7  22.6  17.6   MM   MM    MM
2026 09 09 04 30 320  5.0  7.0    MM    MM    MM  MM 1012.6  23.6  22.6  17.9   MM   MM    MM
2026 09 09 04 20 320  5.0  6.0   1.5    10   7.7 184 1012.6  23.4  22.6  18.4   MM   MM    MM
2026 09 09 04 10 330  6.0  7.0   1.5    MM   7.7 184 1012.5  23.4  22.5  19.1   MM   MM    MM
2026 09 09 04 00 320  5.0  7.0    MM    MM    MM  MM 1012.3  23.4  22.1  19.4   MM +0.8    MM
2026 09 09 03 50 320  6.0  7.0   1.5    10   7.6 182 1012.2  23.5  22.1  19.7   MM   MM    MM
2026 09 09 03 40 320  6.0  7.0    MM    MM    MM  MM 1012.2  23.5  22.1  19.7   MM   MM    MM
2026 09 09 03 30 320  5.0  6.0    MM    MM    MM  MM 1012.1  23.6  22.1  19.8   MM   MM    MM
2026 09 09 03 20 320  5.0  6.0   1.3    10   7.2 191 1011.9  23.7  22.1  19.4   MM   MM    MM
2026 09 09 03 10 330  5.0  7.0    MM    MM    MM  MM 1011.7  23.7  22.1  18.6   MM   MM    MM
2026 09 09 03 00 320  6.0  7.0    MM    MM    MM  MM 1011.6  23.7  22.1  18.2   MM +0.0    MM
2026 09 09 02 50 320  6.0  7.0   1.2    10   6.6 193 1011.6  23.6  22.1  18.3   MM   MM    MM
2026 09 09 02 40 320  6.0  7.0    MM    MM    MM  MM 1011.5  23.3  22.1  18.6   MM   MM    MM
2026 09 09 02 30 320  5.0  6.0    MM    MM    MM  MM 1011.5  23.2  22.1  18.9   MM   MM    MM
2026 09 09 02 20 310  6.0  7.0   1.4    10   6.6 197 1011.6  23.0  22.1  19.1   MM   MM    MM
2026 09 09 02 10 320  5.0  7.0   1.4    MM   6.6 197 1011.6  22.9  22.2  19.2   MM   MM    MM
2026 09 09 02 00 320  6.0  7.0    MM    MM    MM  MM 1011.6  23.0  22.2  19.2   MM -1.2    MM
2026 09 09 01 50 320  6.0  7.0   1.3    10   6.1 207 1011.6  23.0  22.2  18.9   MM   MM    MM
2026 09 09 01 40 320  6.0  7.0   1.3    MM   6.1 207 1011.6  22.9  22.2  19.1   MM   MM    MM
2026 09 09 01 30 320  6.0  8.0    MM    MM    MM  MM 1011.7  23.0  22.2  19.4   MM   MM    MM
2026 09 09 01 20 330  6.0  7.0   1.4    11   6.0 196 1011.6  23.3  22.2  19.2   MM   MM    MM
2026 09 09 01 10 330  5.0  7.0   1.4    MM   6.0 196 1011.6  23.4  22.2  18.7   MM   MM    MM
2026 09 09 01 00 330  5.0  6.0    MM    MM    MM  MM 1011.6  23.6  22.2  18.4   MM -3.1    MM
2026 09 09 00 50 320  5.0  6.0   1.4    10   5.5 196 1011.6  23.8  22.2  17.9   MM   MM    MM
2026 09 09 00 40 340  6.0  7.0   1.4    MM   5.5 196 1011.6  24.0  22.2  17.3   MM   MM    MM
2026 09 09 00 30 340  7.0  9.0    MM    MM    MM  MM 1011.5  24.3  22.0  16.9   MM   MM    MM
2026 09 09 00 20 330  8.0  9.0   1.4    10   5.3 190 1011.5  24.4  22.0  16.2   MM   MM    MM
2026 09 09 00 10 330  8.0 10.0    MM    MM    MM  MM 1011.6  24.6  22.0  16.2   MM   MM    MM
2026 09 09 00 00 340  9.0 10.0    MM    MM    MM  MM 1011.5  24.9  22.0  15.4   MM -2.6    MM
2026 09 08 23 50 340  9.0 11.0   1.3    11   5.2 209 1011.6  24.7  22.0  15.7   MM   MM    MM
2026 09 08 23 40 330  9.0 12.0    MM    MM    MM  MM 1011.7  24.1  22.0  16.5   MM   MM    MM
2026 09 08 23 30 340 10.0 12.0    MM    MM    MM  MM 1012.0  23.7  22.0  17.4   MM   MM    MM
2026 09 08 23 20 320 10.0 13.0   1.3    10   5.5 199 1012.2  23.3  22.0  17.8   MM   MM    MM
2026 09 08 23 10 330 10.0 12.0   1.3    MM   5.5 199 1012.4  22.9  22.1  17.9   MM   MM    MM
2026 09 08 23 00 320 11.0 13.0    MM    MM    MM  MM 1012.5  22.4  22.2  18.9   MM -1.8    MM
2026 09 08 22 50 330 11.0 14.0   1.3    10   6.1 187 1012.7  22.3  22.3  19.0   MM   MM    MM
2026 09 08 22 40 330 11.0 13.0    MM    MM    MM  MM 1013.0  22.3  22.3  19.0   MM   MM    MM
2026 09 08 22 30 330 11.0 13.0    MM    MM    MM  MM 1013.3  22.3  22.5  19.1   MM   MM    MM
2026 09 08 22 20 310 10.0 12.0   1.3    10   6.7 202 1013.9  22.9  22.5  18.5   MM   MM    MM
2026 09 08 22 10 300  9.0 10.0    MM    MM    MM  MM 1014.4  22.8  22.5  18.2   MM   MM    MM
2026 09 08 22 00 300  7.0  9.0    MM    MM    MM  MM 1014.5  22.4  22.5  18.8   MM +0.5    MM
2026 09 08 21 50 300  7.0  8.0   1.2    10   6.4 197 1014.4  22.4  22.5  19.1   MM   MM    MM
2026 09 08 21 40 310  8.0  9.0    MM    MM    MM  MM 1014.4  22.3  22.6  19.3   MM   MM    MM
2026 09 08 21 30 300  9.0 10.0    MM    MM    MM  MM 1013.8  22.3  22.6  19.3   MM   MM    MM
2026 09 08 21 20 290  8.0 10.0   1.3    10   6.5 192 1014.0  22.3  22.5  19.1   MM   MM    MM
2026 09 08 21 10 290  9.0 10.0   1.3    MM   6.5 192 1014.0  22.1  22.6  19.2   MM   MM    MM
2026 09 08 21 00 290  8.0  9.0    MM    MM    MM  MM 1014.1  21.9  22.6  19.2   MM +0.7    MM
2026 09 08 20 50 290  7.0  8.0   1.3    11   7.0 196 1014.0  21.7  22.6  19.7   MM   MM    MM
2026 09 08 20 40 270  9.0 11.0    MM    MM    MM  MM 1014.4  21.6  22.6  19.9   MM   MM    MM
2026 09 08 20 30 260  9.0 11.0    MM    MM    MM  MM 1014.4  22.1  22.6  20.4   MM   MM    MM
2026 09 08 20 20 250  8.0 10.0   1.1    10   7.7 185 1014.5  22.3  22.5  20.3   MM   MM    MM
2026 09 08 20 10 240  7.0  8.0   1.1    MM   7.7 185 1014.6  22.4  22.4  20.8   MM   MM    MM
2026 09 08 20 00 240  6.0  8.0    MM    MM    MM  MM 1014.4  22.4  22.4  20.6   MM +0.7    MM
2026 09 08 19 50 240  3.0  5.0   1.2    11   8.1 185 1014.3  22.6    MM  20.9   MM   MM    MM
2026 09 08 19 40 250  2.0  3.0    MM    MM    MM  MM 1014.1  22.6  22.4  20.7   MM   MM    MM
2026 09 08 19 30 240  3.0  4.0    MM    MM    MM  MM 1014.0  22.5  22.4  20.7   MM   MM    MM
2026 09 08 19 20 240  2.0  3.0   1.1    10   7.9 184 1014.0  22.6  22.4  20.9   MM   MM    MM
2026 09 08 19 10 240  1.0  2.0   1.1    MM   7.9 184 1014.0  22.7  22.4  20.8   MM   MM    MM
2026 09 08 19 00  MM  0.0  1.0    MM    MM    MM  MM 1014.1  22.7  22.4  20.9   MM +0.4    MM
2026 09 08 18 50 340  2.0  4.0   1.2    11   7.8 192 1014.0  22.6  22.4  20.7   MM   MM    MM
2026 09 08 18 40 330  5.0  6.0   1.2    MM   7.8 192 1013.8  22.4  22.3  20.6   MM   MM    MM
2026 09 08 18 30 330  5.0  6.0    MM    MM    MM  MM 1013.5  22.2  22.3  20.6   MM   MM    MM
2026 09 08 18 20 330  4.0  6.0   1.2    10   7.7 182 1013.5  22.2  22.3  20.4   MM   MM    MM
2026 09 08 18 10 350  4.0  5.0   1.2    MM   7.7 182 1013.2  22.1  22.3  20.6   MM   MM    MM
2026 09 08 18 00 350  4.0  5.0    MM    MM    MM  MM 1013.4  22.2  22.3  20.8   MM +0.6    MM
2026 09 08 17 50 350  2.0  4.0   1.2    11   7.6 185 1013.6  22.1  22.3  20.6   MM   MM    MM
2026 09 08 17 40 290  4.0  6.0    MM    MM    MM  MM 1014.1  22.2  22.3  20.8   MM   MM    MM
2026 09 08 17 30 350  2.0  5.0    MM    MM    MM  MM 1014.0  22.2  22.3  20.6   MM   MM    MM
2026 09 08 17 20 260  1.0  3.0   1.2    10   7.5 198 1013.7  22.1  22.3  20.5   MM   MM    MM
2026 09 08 17 10 250  3.0  5.0   1.2    MM   7.5 198 1014.3  22.2  22.3  20.6   MM   MM    MM
2026 09 08 17 00 260  2.0  4.0    MM    MM    MM  MM 1013.9  22.1  22.3  20.4   MM +1.9    MM
2026 09 08 16 50 300  2.0  3.0   1.3    11   7.7 191 1013.4  22.1  22.3  20.4   MM   MM    MM
2026 09 08 16 40 280  3.0  4.0    MM    MM    MM  MM 1013.8  22.1    MM  20.3   MM   MM    MM
2026 09 08 16 30 270  2.0  3.0    MM    MM    MM  MM 1013.7  22.1  22.2  20.3   MM   MM    MM
2026 09 08 16 20 260  3.0  3.0   1.4    11   7.5 184 1013.8  22.2  22.2  20.3   MM   MM    MM
2026 09 08 16 10 270  3.0  4.0   1.4    MM   7.5 184 1013.7  22.3  22.2  20.1   MM   MM    MM
2026 09 08 16 00 270  4.0  5.0    MM    MM    MM  MM 1013.7  22.5  22.2  19.7   MM +2.3    MM
2026 09 08 15 50 290  4.0  5.0   1.4    11   7.6 187 1013.3  22.7  22.3  19.1   MM   MM    MM
2026 09 08 15 40 290  5.0  6.0    MM    MM    MM  MM 1013.2  22.7  22.3  18.8   MM   MM    MM
2026 09 08 15 30 310  5.0  6.0    MM    MM    MM  MM 1013.1  22.6  22.3  19.0   MM   MM    MM
2026 09 08 15 20 310  5.0  6.0   1.3    11   7.1 191 1012.9  22.6  22.3  19.2   MM   MM    MM
2026 09 08 15 10 300  5.0  5.0   1.3    MM   7.1 191 1012.8  22.6  22.4  19.4   MM   MM    MM
2026 09 08 15 00 300  4.0  5.0    MM    MM    MM  MM 1012.8  22.5  22.4  19.4   MM +1.4    MM
2026 09 08 14 50 310  5.0  6.0   1.4    11   7.1 197 1012.6  22.4  22.3  19.5   MM   MM    MM
2026 09 08 14 40 310  5.0  6.0    MM    MM    MM  MM 1012.4  22.4  22.3  19.8   MM   MM    MM
2026 09 08 14 30 310  5.0  6.0    MM    MM    MM  MM 1012.2  22.3  22.3  19.7   MM   MM    MM
2026 09 08 14 20 310  4.0  6.0   1.3    11   6.7 186 1012.1  22.3  22.3  19.8   MM   MM    MM
2026 09 08 14 10 310  5.0  5.0   1.3    MM   6.7 186 1011.9  22.3  22.3  19.8   MM   MM    MM
2026 09 08 14 00 310  5.0  6.0    MM    MM    MM  MM 1011.9  22.3  22.3  19.7   MM +0.7    MM
2026 09 08 13 50 310  5.0  6.0   1.4    11   6.9 193 1011.6  22.2  22.3  19.7   MM   MM    MM
2026 09 08 13 40 310  5.0  7.0   1.4    MM   6.9 193 1011.6  22.2  22.3  19.9   MM   MM    MM
2026 09 08 13 30 310  5.0  7.0    MM    MM    MM  MM 1011.4  22.3  22.3  19.7   MM   MM    MM
2026 09 08 13 20 310  5.0  6.0   1.4    11   6.7 190 1011.4  22.2  22.3  19.5   MM   MM    MM
2026 09 08 13 10 310  6.0  7.0    MM    MM    MM  MM 1011.4  22.3  22.3  19.3   MM   MM    MM
2026 09 08 13 00 310  6.0  7.0    MM    MM    MM  MM 1011.4  22.4  22.3  19.2   MM -0.4    MM
2026 09 08 12 50 310  6.0  7.0   1.4    10   6.5 192 1011.2  22.4  22.3  19.2   MM   MM    MM
2026 09 08 12 40 320  5.0  7.0    MM    MM    MM  MM 1011.2  22.3  22.3  19.1   MM   MM    MM
2026 09 08 12 30 320  5.0  6.0    MM    MM    MM  MM 1011.4  22.2  22.3  19.3   MM   MM    MM
2026 09 08 12 20 320  5.0  6.0   1.5    11   7.2 189 1011.3  22.2  22.3  19.5   MM   MM    MM
2026 09 08 12 10 320  5.0  7.0   1.5    MM   7.2 189 1011.5  22.1  22.3  19.5   MM   MM    MM
2026 09 08 12 00 320  5.0  6.0    MM    MM    MM  MM 1011.5  22.1  22.3  19.5   MM -0.6    MM
2026 09 08 11 50 320  5.0  7.0   1.4    11   6.8 190 1011.6  22.1  22.3  19.5   MM   MM    MM
2026 09 08 11 40 320  6.0  7.0    MM    MM    MM  MM 1011.4  22.1  22.3  19.5   MM   MM    MM
2026 09 08 11 30 320  6.0  7.0    MM    MM    MM  MM 1011.4  22.2  22.3  19.6   MM   MM    MM
2026 09 08 11 20 320  6.0  8.0   1.6    11   7.2 197 1011.2  22.1  22.3  19.4   MM   MM    MM
2026 09 08 11 10 330  6.0  7.0   1.6    MM   7.2 197 1011.2  22.0  22.4  19.5   MM   MM    MM
2026 09 08 11 00 330  6.0  8.0    MM    MM    MM  MM 1011.1  22.1  22.4  19.6   MM -0.9    MM
2026 09 08 10 50 330  6.0  8.0   1.5    10   7.0 192 1011.2  22.0  22.4  19.6   MM   MM    MM
2026 09 08 10 40 330  6.0  7.0    MM    MM    MM  MM 1011.4  22.1  22.4  19.7   MM   MM    MM
2026 09 08 10 30 320  5.0  6.0    MM    MM    MM  MM 1011.4  22.0  22.4  19.6   MM   MM    MM
2026 09 08 10 20 320  5.0  6.0   1.6    11   7.3 192 1011.5  22.0  22.3  19.7   MM   MM    MM
2026 09 08 10 10 320  5.0  7.0   1.6    MM   7.3 192 1011.6  22.0  22.3  19.6   MM   MM    MM
2026 09 08 10 00 320  5.0  6.0    MM    MM    MM  MM 1011.7  21.9  22.3  19.5   MM +0.0    MM
2026 09 08 09 50 320  5.0  6.0   1.6    11   7.2 185 1011.7  21.9  22.3  19.7   MM   MM    MM
2026 09 08 09 40 330  5.0  7.0    MM    MM    MM  MM 1011.7  21.9  22.3  19.8   MM   MM    MM
2026 09 08 09 30 330  5.0  7.0    MM    MM    MM  MM 1011.9  21.9  22.3  19.6   MM   MM    MM
2026 09 08 09 20 330  6.0  7.0   1.7    11   7.7 192 1011.8  21.8  22.3  19.8   MM   MM    MM
2026 09 08 09 10 330  6.0  7.0    MM    MM    MM  MM 1011.8  21.8  22.3  19.8   MM   MM    MM
2026 09 08 09 00 320  6.0  7.0    MM    MM    MM  MM 1011.9  21.8  22.3  19.7   MM -0.0    MM
2026 09 08 08 50 330  6.0  7.0   1.5    11   7.4 208 1011.9  21.8  22.3  19.8   MM   MM    MM
2026 09 08 08 40 330  6.0  8.0    MM    MM    MM  MM 1011.9  21.9  22.3  19.9   MM   MM    MM
2026 09 08 08 30 330  6.0  8.0    MM    MM    MM  MM 1011.9  21.8  22.3  19.7   MM   MM    MM
2026 09 08 08 20 320  6.0  7.0   1.6    11   7.7 186 1011.9  21.9  22.3  20.0   MM   MM    MM
2026 09 08 08 10 330  5.0  7.0    MM    MM    MM  MM 1011.9  21.9  22.3  19.9   MM   MM    MM
2026 09 08 08 00 330  4.0  5.0    MM    MM    MM  MM 1012.0  22.1  22.3  20.0   MM -0.4    MM
2026 09 08 07 50 330  3.0  5.0   1.6    11   7.5 182 1012.2  22.2  22.3  19.6   MM   MM    MM
2026 09 08 07 40 330  4.0  5.0    MM    MM    MM  MM 1012.2  22.3  22.3  19.5   MM   MM    MM
2026 09 08 07 30 330  5.0  7.0    MM    MM    MM  MM 1012.1  22.2  22.2  19.0   MM   MM    MM
2026 09 08 07 20 330  6.0  8.0   1.5    11   7.0 185 1011.9  22.2  22.2  19.0   MM   MM    MM
2026 09 08 07 10 330  7.0  8.0   1.5    MM   7.0 185 1011.7  22.1  22.2  18.8   MM   MM    MM
2026 09 08 07 00 330  7.0  8.0    MM    MM    MM  MM 1011.8  22.0  22.2  19.0   MM +0.0    MM
2026 09 08 06 50 330  7.0  8.0   1.7    11   7.9 197 1011.8  21.9  22.2  19.3   MM   MM    MM
2026 09 08 06 40 320  6.0  7.0    MM    MM    MM  MM 1012.0  22.1  22.1  18.7   MM   MM    MM
2026 09 08 06 30 310  5.0  7.0    MM    MM    MM  MM 1012.1  22.1  22.1  18.6   MM   MM    MM
2026 09 08 06 20 300  5.0  6.0   1.8    11   7.8 193 1012.2  21.9  22.1  18.9   MM   MM    MM
2026 09 08 06 10 290  4.0  6.0    MM    MM    MM  MM 1012.6  21.8  22.1  19.0   MM   MM    MM
2026 09 08 06 00 320  5.0  6.0    MM    MM    MM  MM 1012.1  21.8  22.1  19.0   MM +1.4    MM
2026 09 08 05 50 330  5.0  7.0   1.6    12   7.4 198 1012.1  22.0  22.2  18.8   MM   MM    MM
2026 09 08 05 40 320  5.0  6.0   1.6    MM   7.4 198 1011.9  22.2  22.1  18.3   MM   MM    MM
2026 09 08 05 30 310  5.0  6.0    MM    MM    MM  MM 1012.3  21.9  22.2  18.5   MM   MM    MM
2026 09 08 05 20 320  4.0  5.0   1.7    11   7.6 193 1012.4  21.8  22.2  18.9   MM   MM    MM
2026 09 08 05 10 330  4.0  6.0   1.7    MM   7.6 193 1012.4  21.9    MM  18.9   MM   MM    MM
2026 09 08 05 00 330  5.0  6.0    MM    MM    MM  MM 1012.4  21.9  22.2  18.7   MM +1.4    MM
2026 09 08 04 50 320  4.0  6.0   1.7    12   7.7 190 1012.2  22.0  22.2  18.9   MM   MM    MM
2026 09 08 04 40 310  4.0  6.0    MM    MM    MM  MM 1012.4  22.2  22.2  18.6   MM   MM    MM
2026 09 08 04 30 330  6.0  8.0    MM    MM    MM  MM 1012.2  22.2  22.2  18.5   MM   MM    MM
2026 09 08 04 20 330  5.0  7.0   1.4    12   7.1 192 1011.6  22.2  22.2  18.3   MM   MM    MM
2026 09 08 04 10 320  5.0  6.0   1.4    MM   7.1 192 1011.8  22.3  22.2  18.4   MM   MM    MM
2026 09 08 04 00 310  5.0  6.0    MM    MM    MM  MM 1011.6  22.3    MM  18.4   MM +0.8    MM
2026 09 08 03 50 320  5.0  6.0   1.6    11   7.7 195 1011.5  22.3  22.2  18.4   MM   MM    MM
2026 09 08 03 40 320  6.0  7.0    MM    MM    MM  MM 1011.4  22.3  22.2  18.2   MM   MM    MM
2026 09 08 03 30 310  5.0  7.0    MM    MM    MM  MM 1011.1  22.3    MM  18.4   MM   MM    MM
2026 09 08 03 20 310  5.0  7.0   1.6    12   8.0 194 1011.1  22.3  22.2  18.2   MM   MM    MM
2026 09 08 03 10 310  6.0  8.0   1.6    MM   8.0 194 1010.9  22.5  22.2  17.5   MM   MM    MM
2026 09 08 03 00 320  6.0  7.0    MM    MM    MM  MM 1010.8  22.5  22.3  17.4   MM -0.6    MM
2026 09 08 02 50 320  6.0  7.0   1.7    11   8.2 183 1010.8  22.3  22.3  18.0   MM   MM    MM
2026 09 08 02 40 320  5.0  7.0    MM    MM    MM  MM 1010.9  22.2  22.3  18.4   MM   MM    MM
2026 09 08 02 30 320  5.0  6.0    MM    MM    MM  MM 1010.9  22.0  22.3  18.8   MM   MM    MM
2026 09 08 02 20 320  5.0  6.0   1.6    12   7.9 198 1011.0  22.0  22.3  19.5   MM   MM    MM
2026 09 08 02 10 310  4.0  5.0   1.6    MM   7.9 198 1011.1  22.1  22.3  19.6   MM   MM    MM
2026 09 08 02 00 320  5.0  6.0    MM    MM    MM  MM 1011.0  22.1  22.3  19.5   MM -0.3    MM
2026 09 08 01 50 320  4.0  5.0   1.6    11   8.2 195 1011.0  22.1  22.3  19.8   MM   MM    MM
2026 09 08 01 40 310  5.0  6.0    MM    MM    MM  MM 1011.1  22.2  22.3  19.9   MM   MM    MM
2026 09 08 01 30 310  5.0  6.0    MM    MM    MM  MM 1011.1  22.1  22.3  19.7   MM   MM    MM
2026 09 08 01 20 320  5.0  7.0   1.5    11   7.7 194 1010.9  22.0  22.3  19.8   MM   MM    MM
2026 09 08 01 10 320  5.0  6.0   1.5    MM   7.7 194 1010.8  22.0  22.3  20.0   MM   MM    MM
2026 09 08 01 00 320  4.0  5.0    MM    MM    MM  MM 1010.9  22.2  22.4  20.0   MM -1.0    MM
2026 09 08 00 50 310  4.0  4.0   1.4    12   7.5 173 1011.2  22.2  22.4  19.7   MM   MM    MM
2026 09 08 00 40 310  4.0  4.0    MM    MM    MM  MM 1011.4  22.1  22.3  19.6   MM   MM    MM
2026 09 08 00 30 320  4.0  5.0    MM    MM    MM  MM 1011.3  22.1  22.3  19.3   MM   MM    MM
2026 09 08 00 20 310  4.0  5.0   1.5    11   7.8 192 1011.3  22.1  22.3  19.2   MM   MM    MM
2026 09 08 00 10 310  4.0  4.0    MM    MM    MM  MM 1011.3  22.1  22.3  19.3   MM   MM    MM
2026 09 08 00 00 300  4.0  5.0    MM    MM    MM  MM 1011.4  22.0  22.3  19.6   MM -0.7    MM
2026 09 07 23 50 290  5.0  6.0   1.5    12   7.7 188 1011.4  22.1  22.3  19.9   MM   MM    MM
2026 09 07 23 40 290  5.0  6.0    MM    MM    MM  MM 1011.4  22.1  22.3  19.8   MM   MM    MM
2026 09 07 23 30 290  5.0  6.0    MM    MM    MM  MM 1011.4  22.1  22.3  19.5   MM   MM    MM
2026 09 07 23 20 300  5.0  6.0   1.4    14   7.5 175 1011.5  22.1  22.3  19.7   MM   MM    MM
2026 09 07 23 10 310  5.0  6.0   1.4    MM   7.5 175 1011.4  21.9  22.3  19.6   MM   MM    MM
2026 09 07 23 00 300  5.0  6.0    MM    MM    MM  MM 1011.3  21.9  22.3  19.8   MM -1.3    MM
2026 09 07 22 50 300  5.0  6.0   1.3    13   7.6 196 1011.6  21.8  22.3  19.9   MM   MM    MM
2026 09 07 22 40 310  6.0  7.0    MM    MM    MM  MM 1011.7  21.8  22.3  20.1   MM   MM    MM
2026 09 07 22 30 310  5.0  6.0    MM    MM    MM  MM 1011.7  21.8  22.3  20.3   MM   MM    MM
2026 09 07 22 20 280  4.0  5.0   1.3    13   7.9 186 1011.9  22.2  22.4  20.9   MM   MM    MM
2026 09 07 22 10 280  4.0  5.0   1.3    MM   7.9 186 1012.1  22.3  22.4  21.1   MM   MM    MM
2026 09 07 22 00 290  4.0  4.0    MM    MM    MM  MM 1011.9  22.3  22.4  21.1   MM -1.2    MM
2026 09 07 21 50 290  3.0  4.0   1.3    13   7.7 208 1012.0  22.3  22.3  21.1   MM   MM    MM
2026 09 07 21 40 280  3.0  4.0    MM    MM    MM  MM 1012.2  22.3  22.3  21.2   MM   MM    MM
2026 09 07 21 30 290  3.0  4.0    MM    MM    MM  MM 1012.2  22.2  22.3  21.0   MM   MM    MM
2026 09 07 21 20 290  3.0  4.0   1.2    12   7.6 183 1012.1  22.2  22.3  21.0   MM   MM    MM
2026 09 07 21 10 290  3.0  4.0   1.2    MM   7.6 183 1012.2  22.2  22.3  20.9   MM   MM    MM
2026 09 07 21 00 280  3.0  4.0    MM    MM    MM  MM 1012.2  22.2  22.3  20.7   MM -1.1    MM
2026 09 07 20 50 280  4.0  5.0   1.2    13   7.6 190 1012.4  22.3  22.3  20.5   MM   MM    MM
2026 09 07 20 40 290  4.0  5.0    MM    MM    MM  MM 1012.4  22.2  22.3  20.4   MM   MM    MM
2026 09 07 20 30 300  4.0  5.0    MM    MM    MM  MM 1012.2  22.1  22.3  20.5   MM   MM    MM
2026 09 07 20 20 290  4.0  5.0   1.3    12   7.7 181 1012.4  22.3  22.3  20.6   MM   MM    MM
2026 09 07 20 10 290  4.0  5.0   1.3    MM   7.7 181 1012.4  22.3  22.3  20.0   MM   MM    MM
2026 09 07 20 00 290  4.0  5.0    MM    MM    MM  MM 1012.7  22.3  22.3  19.9   MM +0.0    MM
2026 09 07 19 50 290  4.0  5.0   1.3    13   7.6 199 1012.7  22.3  22.3  19.8   MM   MM    MM
2026 09 07 19 40 290  3.0  4.0    MM    MM    MM  MM 1012.7  22.2  22.3  19.7   MM   MM    MM
2026 09 07 19 30 300  4.0  4.0    MM    MM    MM  MM 1012.8  22.2  22.3  19.7   MM   MM    MM
2026 09 07 19 20 290  4.0  5.0   1.3    12   7.8 187 1012.9  22.2  22.2  19.6   MM   MM    MM
2026 09 07 19 10 300  4.0  5.0   1.3    MM   7.8 187 1013.0  22.1    MM  19.6   MM   MM    MM
2026 09 07 19 00 310  4.0  5.0    MM    MM    MM  MM 1013.1  22.0  22.2  19.7   MM +0.5    MM
2026 09 07 18 50 300  4.0  5.0   1.3    13   7.6 191 1013.1  22.0  22.2  19.8   MM   MM    MM
2026 09 07 18 40 300  4.0  5.0    MM    MM    MM  MM 1013.2  21.9  22.2  19.7   MM   MM    MM
2026 09 07 18 30 300  4.0  5.0    MM    MM    MM  MM 1013.3  22.0  22.1  19.8   MM   MM    MM
2026 09 07 18 20 300  3.0  5.0   1.4    13   7.8 183 1013.5  21.9  22.1  19.8   MM   MM    MM
2026 09 07 18 10 300  4.0  6.0   1.4    MM   7.8 183 1013.5  21.9  22.1  20.0   MM   MM    MM
2026 09 07 18 00 320  4.0  6.0    MM    MM    MM  MM 1013.2  21.8  22.0  19.9   MM +0.5    MM
2026 09 07 17 50 320  5.0  6.0   1.4    14   7.6 174 1013.0  21.8  22.0  20.0   MM   MM    MM
2026 09 07 17 40 310  5.0  6.0   1.4    MM   7.6 174 1013.0  21.7  22.0  20.1   MM   MM    MM
2026 09 07 17 30 310  4.0  6.0    MM    MM    MM  MM 1013.1  21.5  22.0  20.1   MM   MM    MM
2026 09 07 17 20 310  4.0  5.0   1.4    10   7.4 170 1013.1  21.5  22.0  20.1   MM   MM    MM
2026 09 07 17 10 320  4.0  5.0   1.4    MM   7.4 170 1013.0  21.4  22.0  20.0   MM   MM    MM
2026 09 07 17 00 330  4.0  6.0    MM    MM    MM  MM 1012.9  21.5    MM  20.1   MM +0.8    MM
2026 09 07 16 50 310  4.0  6.0   1.3    10   7.4 172 1013.0  21.6  22.0  20.1   MM   MM    MM
2026 09 07 16 40 320  6.0  7.0    MM    MM    MM  MM 1012.9  21.6  22.0  20.1   MM   MM    MM
2026 09 07 16 30 320  6.0  7.0    MM    MM    MM  MM 1012.8  21.6  22.0  20.1   MM   MM    MM
2026 09 07 16 20 310  6.0  8.0   1.3    11   6.7 189 1012.8  21.6  22.0  20.0   MM   MM    MM
2026 09 07 16 10 320  6.0  8.0   1.3    MM   6.7 189 1012.9  21.6  22.0  20.0   MM   MM    MM
2026 09 07 16 00 320  6.0  8.0    MM    MM    MM  MM 1012.6  21.6  22.0  19.9   MM +0.9    MM
2026 09 07 15 50 320  6.0  8.0   1.5    10   7.7 179 1012.7  21.8  22.0  19.9   MM   MM    MM
2026 09 07 15 40 320  6.0  7.0    MM    MM    MM  MM 1012.9  21.8  22.0  19.5   MM   MM    MM
2026 09 07 15 30 320  5.0  7.0    MM    MM    MM  MM 1012.8  21.9  22.0  19.2   MM   MM    MM
2026 09 07 15 20 320  6.0  7.0   1.6    12   7.6 182 1012.9  21.9  22.0  19.3   MM   MM    MM
2026 09 07 15 10 310  6.0  7.0   1.6    MM   7.6 182 1012.9  21.8  21.9  19.2   MM   MM    MM
2026 09 07 15 00 320  6.0  8.0    MM    MM    MM  MM 1012.7  21.7  21.9  18.9   MM +0.9    MM
2026 09 07 14 50 320  6.0  8.0   1.4    13   7.1 181 1012.7  21.6  21.9  18.9   MM   MM    MM
2026 09 07 14 40 320  6.0  8.0    MM    MM    MM  MM 1012.5  21.6  21.9  18.9   MM   MM    MM
2026 09 07 14 30 320  6.0  8.0    MM    MM    MM  MM 1012.2  21.7  21.9  19.0   MM   MM    MM
2026 09 07 14 20 330  5.0  6.0   1.4    13   7.0 183 1012.3  21.7  21.8  19.0   MM   MM    MM
2026 09 07 14 10 330  6.0  7.0   1.4    MM   7.0 183 1012.2  21.7  21.8  19.0   MM   MM    MM
2026 09 07 14 00 320  7.0  8.0    MM    MM    MM  MM 1012.1  21.7  21.8  19.2   MM +0.3    MM
2026 09 07 13 50 330  7.0  8.0   1.4    11   7.2 173 1012.1  21.7  21.9  19.6   MM   MM    MM
2026 09 07 13 40 320  7.0  8.0    MM    MM    MM  MM 1012.0  21.7  21.9  19.5   MM   MM    MM
2026 09 07 13 30 320  7.0  9.0    MM    MM    MM  MM 1011.9  21.7  21.9  19.5   MM   MM    MM
2026 09 07 13 20 320  7.0  8.0   1.4    12   7.0 188 1011.8  21.6  21.9  19.5   MM   MM    MM
2026 09 07 13 10 320  7.0  9.0   1.4    MM   7.0 188 1011.6  21.7  22.0  19.4   MM   MM    MM
2026 09 07 13 00 320  6.0  8.0    MM    MM    MM  MM 1011.7  21.8  22.0  19.5   MM +0.0    MM
2026 09 07 12 50 320  7.0  9.0   1.5    12   7.6 175 1011.7  21.7  22.0  19.4   MM   MM    MM
2026 09 07 12 40 310  7.0  8.0    MM    MM    MM  MM 1011.8  21.6  22.1  19.5   MM   MM    MM
2026 09 07 12 30 310  6.0  8.0    MM    MM    MM  MM 1011.7  21.6  22.1  19.3   MM   MM    MM
2026 09 07 12 20 320  6.0  7.0   1.4    12   7.6 179 1011.6  21.6  22.1  19.1   MM   MM    MM
2026 09 07 12 10 320  6.0  7.0   1.4    MM   7.6 179 1011.7  21.7  22.1  19.0   MM   MM    MM
2026 09 07 12 00 320  6.0  7.0    MM    MM    MM  MM 1011.7  21.7  22.1  18.9   MM -0.3    MM
2026 09 07 11 50 320  6.0  7.0   1.3    10   6.8 172 1011.7  21.7  22.1  18.8   MM   MM    MM
2026 09 07 11 40 320  6.0  7.0   1.3    MM   6.8 172 1011.6  21.7  22.1  18.8   MM   MM    MM
2026 09 07 11 30 320  6.0  7.0    MM    MM    MM  MM 1011.8  21.7  22.1  18.7   MM   MM    MM
2026 09 07 11 20 320  5.0  7.0   1.2    11   6.7 164 1011.8  21.8  22.1  18.8   MM   MM    MM
2026 09 07 11 10 320  5.0  6.0   1.2    MM   6.7 164 1011.9  21.8  22.1  18.7   MM   MM    MM
2026 09 07 11 00 320  5.0  7.0    MM    MM    MM  MM 1011.8  21.8  22.1  18.6   MM -0.6    MM
2026 09 07 10 50 320  4.0  6.0   1.3    11   7.0 185 1011.8  21.9  22.2  18.6   MM   MM    MM
2026 09 07 10 40 320  5.0  6.0    MM    MM    MM  MM 1011.9  21.9  22.2  18.5   MM   MM    MM
2026 09 07 10 30 320  5.0  6.0    MM    MM    MM  MM 1011.7  21.9  22.2  18.8   MM   MM    MM
2026 09 07 10 20 320  5.0  6.0   1.4    11   6.9 176 1011.9  21.8  22.2  18.9   MM   MM    MM
2026 09 07 10 10 320  5.0  7.0    MM    MM    MM  MM 1011.8  21.8  22.2  18.9   MM   MM    MM
2026 09 07 10 00 330  6.0  7.0    MM    MM    MM  MM 1011.8  21.7  22.2  18.6   MM -0.6    MM
2026 09 07 09 50 320  6.0  7.0   1.4    11   7.3 178 1011.8  21.8  22.2  18.9   MM   MM    MM
2026 09 07 09 40 320  6.0  7.0    MM    MM    MM  MM 1011.9  21.8  22.2  18.7   MM   MM    MM
2026 09 07 09 30 320  6.0  8.0    MM    MM    MM  MM 1012.0  21.8  22.2  18.8   MM   MM    MM
2026 09 07 09 20 330  6.0  8.0   1.5    11   7.8 188 1011.9  21.8  22.2  18.8   MM   MM    MM
2026 09 07 09 10 330  6.0  8.0    MM    MM    MM  MM 1012.0  21.7  22.2  18.9   MM   MM    MM
2026 09 07 09 00 320  6.0  8.0    MM    MM    MM  MM 1012.1  21.7  22.2  19.2   MM -0.4    MM
2026 09 07 08 50 320  6.0  8.0   1.3    11   7.3 172 1012.3  21.7  22.2  19.3   MM   MM    MM
2026 09 07 08 40 320  6.0  7.0    MM    MM    MM  MM 1012.4  21.7  22.2  19.4   MM   MM    MM
2026 09 07 08 30 320  6.0  7.0    MM    MM    MM  MM 1012.4  21.5  22.2  19.6   MM   MM    MM
2026 09 07 08 20 310  5.0  7.0   1.5    13   8.1 179 1012.4  21.8  22.2  20.6   MM   MM    MM
2026 09 07 08 10 300  4.0  5.0   1.5    MM   8.1 179 1012.5  21.9  22.2  20.9   MM   MM    MM
2026 09 07 08 00 280  3.0  4.0    MM    MM    MM  MM 1012.4  21.8  22.2  20.7   MM -0.3    MM
2026 09 07 07 50 280  3.0  3.0   1.5    11   7.7 172 1012.4  21.9  22.2  20.6   MM   MM    MM
2026 09 07 07 40 290  3.0  4.0    MM    MM    MM  MM 1012.4  22.0  22.2  20.5   MM   MM    MM
2026 09 07 07 30 300  5.0  6.0    MM    MM    MM  MM 1012.4  22.1  22.2  20.3   MM   MM    MM
2026 09 07 07 20 310  4.0  6.0   1.4    11   7.5 171 1012.3  22.1  22.1  20.1   MM   MM    MM
2026 09 07 07 10 310  4.0  6.0   1.4    MM   7.5 171 1012.5  22.0    MM  19.7   MM   MM    MM
2026 09 07 07 00 310  5.0  6.0    MM    MM    MM  MM 1012.4  21.8  21.9  19.6   MM +0.3    MM
2026 09 07 06 50 300  5.0  7.0   1.6    11   7.7 160 1012.4  21.7  21.7  19.7   MM   MM    MM
2026 09 07 06 40 310  6.0  7.0    MM    MM    MM  MM 1012.5  21.7  21.6  19.6   MM   MM    MM
2026 09 07 06 30 310  6.0  7.0    MM    MM    MM  MM 1012.5  21.7  21.7  19.6   MM   MM    MM
2026 09 07 06 20 310  6.0  8.0   1.5    10   7.4 160 1012.4  21.8  21.6  19.5   MM   MM    MM
2026 09 07 06 10 310  6.0  7.0   1.5    MM   7.4 160 1012.3  21.8  21.6  19.7   MM   MM    MM
2026 09 07 06 00 300  5.0  7.0    MM    MM    MM  MM 1012.5  21.7  21.6  19.6   MM +0.7    MM
2026 09 07 05 50 300  5.0  7.0   1.7    11   8.0 163 1012.5  21.7  21.6  19.7   MM   MM    MM
2026 09 07 05 40 300  4.0  5.0    MM    MM    MM  MM 1012.6  21.8  21.6  19.9   MM   MM    MM
2026 09 07 05 30 300  5.0  6.0    MM    MM    MM  MM 1012.7  21.8  21.6  19.6   MM   MM    MM
2026 09 07 05 20 300  5.0  6.0   1.6    12   8.0 176 1012.6  21.7  21.6  19.5   MM   MM    MM
2026 09 07 05 10 300  5.0  6.0   1.6    MM   8.0 176 1012.5  21.7  21.6  19.7   MM   MM    MM
2026 09 07 05 00 300  5.0  6.0    MM    MM    MM  MM 1012.6  21.6  21.6  19.9   MM +0.6    MM
2026 09 07 04 50 310  5.0  6.0   1.4    11   7.4 148 1012.4  21.6  21.7  20.0   MM   MM    MM
2026 09 07 04 40 310  6.0  7.0    MM    MM    MM  MM 1012.4  21.6  21.7  20.1   MM   MM    MM
2026 09 07 04 30 310  6.0  7.0    MM    MM    MM  MM 1012.3  21.7  21.7  20.3   MM   MM    MM
2026 09 07 04 20 310  6.0  7.0   1.7    12   8.4 178 1012.3  21.8  21.7  20.3   MM   MM    MM
2026 09 07 04 10 310  6.0  8.0   1.7    MM   8.4 178 1012.2  21.8  21.7  20.2   MM   MM    MM
2026 09 07 04 00 310  6.0  7.0    MM    MM    MM  MM 1012.0  21.9  21.7  20.1   MM -0.0    MM
2026 09 07 03 50 320  6.0  7.0   1.6    11   9.2 159 1012.0  21.8  21.7  19.7   MM   MM    MM
2026 09 07 03 40 320  5.0  6.0    MM    MM    MM  MM 1012.0  21.7  21.7  20.0   MM   MM    MM
2026 09 07 03 30 320  5.0  6.0    MM    MM    MM  MM 1011.9  21.5  21.7  20.3   MM   MM    MM
2026 09 07 03 20 330  5.0  6.0   1.6    11   8.9 168 1011.9  21.8  21.7  21.0   MM   MM    MM
2026 09 07 03 10 330  5.0  6.0   1.6    MM   8.9 168 1011.8  21.8    MM  21.1   MM   MM    MM
2026 09 07 03 00 330  4.0  6.0    MM    MM    MM  MM 1011.8  21.8  21.6  21.1   MM -0.4    MM
2026 09 07 02 50 330  4.0  5.0   1.5    11   8.6 165 1011.9  21.8  21.6  21.1   MM   MM    MM
2026 09 07 02 40 340  4.0  5.0    MM    MM    MM  MM 1011.9  21.7  21.6  21.0   MM   MM    MM
2026 09 07 02 30 340  4.0  4.0    MM    MM    MM  MM 1011.9  21.7  21.6  21.1   MM   MM    MM
2026 09 07 02 20 340  3.0  4.0   1.7    12   8.9 164 1012.1  21.6  21.6  20.9   MM   MM    MM
2026 09 07 02 10 340  3.0  4.0   1.7    MM   8.9 164 1012.1  21.5  21.6  20.8   MM   MM    MM
2026 09 07 02 00 350  3.0  5.0    MM    MM    MM  MM 1012.1  21.4  21.6  20.7   MM -1.0    MM
2026 09 07 01 50 360  4.0  5.0   1.6    12   8.4 171 1012.0  21.4  21.6  20.8   MM   MM    MM
2026 09 07 01 40 350  4.0  5.0    MM    MM    MM  MM 1012.0  21.3  21.6  20.7   MM   MM    MM
2026 09 07 01 30 350  4.0  6.0    MM    MM    MM  MM 1011.9  21.2  21.6  20.6   MM   MM    MM
2026 09 07 01 20 360  4.0  6.0   1.5    11   8.8 162 1011.8  21.2  21.6  20.7   MM   MM    MM
2026 09 07 01 10 340  5.0  6.0   1.5    MM   8.8 162 1011.8  21.2  21.6  20.7   MM   MM    MM
2026 09 07 01 00 350  5.0  6.0    MM    MM    MM  MM 1012.0  21.0  21.6  20.4   MM -1.2    MM
2026 09 07 00 50 350  5.0  6.0   1.4    13   8.6 159 1011.9  20.9  21.6  20.3   MM   MM    MM
2026 09 07 00 40 350  5.0  7.0    MM    MM    MM  MM 1012.0  20.7  21.6  20.2   MM   MM    MM
2026 09 07 00 30 350  5.0  6.0    MM    MM    MM  MM 1012.1  20.6  21.6  20.2   MM   MM    MM
2026 09 07 00 20 350  5.0  7.0   1.5    12   8.9 188 1012.1  20.5  21.6  20.2   MM   MM    MM
2026 09 07 00 10 360  6.0  7.0   1.5    MM   8.9 188 1011.9  20.7  21.6  20.4   MM   MM    MM
2026 09 07 00 00 360  5.0  6.0    MM    MM    MM  MM 1012.1  20.9  21.6  20.7   MM -1.4    MM
2026 09 06 23 50 340  4.0  6.0   1.4    11   9.0 163 1012.4  21.0  21.6  20.8   MM   MM    MM
2026 09 06 23 40 350  5.0  6.0   1.4    MM   9.0 163 1012.9  21.0  21.6  20.8   MM   MM    MM
2026 09 06 23 30 350  4.0  5.0    MM    MM    MM  MM 1012.4  21.0  21.6  20.7   MM   MM    MM
2026 09 06 23 20 350  4.0  5.0   1.3    12   8.6 183 1012.4  21.3  21.5  21.1   MM   MM    MM
2026 09 06 23 10 360  3.0  4.0    MM    MM    MM  MM 1012.7  21.2  21.5  21.0   MM   MM    MM
2026 09 06 23 00 350  2.0  3.0    MM    MM    MM  MM 1013.1  21.2  21.5  20.9   MM +0.0    MM
2026 09 06 22 50 330  2.0  4.0   1.4    11   8.9 170 1013.3  21.2  21.6  20.9   MM   MM    MM
2026 09 06 22 40 320  1.0  2.0    MM    MM    MM  MM 1013.4  21.3  21.6  21.0   MM   MM    MM
2026 09 06 22 30  50  2.0  4.0    MM    MM    MM  MM 1013.5  21.2  21.6  20.8   MM   MM    MM
2026 09 06 22 20  60  4.0  5.0   1.3    12   9.1 159 1012.9  21.1  21.7  20.7   MM   MM    MM
2026 09 06 22 10  80  4.0  5.0    MM    MM    MM  MM 1013.2  20.9  21.8  20.5   MM   MM    MM
2026 09 06 22 00  90  4.0  5.0    MM    MM    MM  MM 1013.1  20.8  21.9  20.2   MM -1.4    MM
2026 09 06 21 50  90  3.0  3.0   1.5    11   9.4 171 1013.3  20.7    MM  19.9   MM   MM    MM
2026 09 06 21 40  60  1.0  2.0    MM    MM    MM  MM 1013.7  20.6  22.0  19.8   MM   MM    MM
2026 09 06 21 30  10  1.0  3.0    MM    MM    MM  MM 1013.6  20.6  22.0  19.7   MM   MM    MM
2026 09 06 21 20  20  2.0  3.0   1.5    13   9.2 177 1013.4  20.5  22.0  19.5   MM   MM    MM
2026 09 06 21 10  10  1.0  3.0   1.5    MM   9.2 177 1013.6  20.4  22.1  19.2   MM   MM    MM
2026 09 06 21 00  70  2.0  3.0    MM    MM    MM  MM 1013.6  20.4  22.1  19.1   MM -2.0    MM
2026 09 06 20 50  90  1.0  2.0   1.4    12   8.7 171 1013.1  20.6  22.2  18.9   MM   MM    MM
2026 09 06 20 40  80  2.0  3.0    MM    MM    MM  MM 1013.7  20.7  22.2  18.8   MM   MM    MM
2026 09 06 20 30  40  3.0  4.0    MM    MM    MM  MM 1013.5  20.9  22.2  18.6   MM   MM    MM
2026 09 06 20 20  30  4.0  5.0   1.4    12   8.4 176 1013.0  20.8  22.3  18.4   MM   MM    MM
2026 09 06 20 10  20  4.0  5.0   1.4    MM   8.4 176 1013.0  20.6  22.3  18.2   MM   MM    MM
2026 09 06 20 00  10  5.0  6.0    MM    MM    MM  MM 1013.3  20.6  22.3  18.2   MM -1.9    MM
2026 09 06 19 50  20  5.0  6.0   1.3    11   8.2 165 1013.4  20.5  22.3  17.7   MM   MM    MM
2026 09 06 19 40  20  5.0  6.0    MM    MM    MM  MM 1013.7  20.3  22.3  16.9   MM   MM    MM
2026 09 06 19 30  10  5.0  8.0    MM    MM    MM  MM 1014.2  20.0  22.4  16.3   MM   MM    MM
2026 09 06 19 20 360  6.0  7.0   1.5    13   9.0 179 1014.0  19.6  22.4  15.7   MM   MM    MM
2026 09 06 19 10 360  6.0  8.0   1.5    MM   9.0 179 1014.4  19.4  22.4  15.7   MM   MM    MM
2026 09 06 19 00 350  7.0  9.0    MM    MM    MM  MM 1014.6  19.7  22.5  15.9   MM +0.0    MM
2026 09 06 18 50 350  7.0  9.0   1.5    15   9.4 213 1014.1  20.1  22.5  16.0   MM   MM    MM
2026 09 06 18 40 350  6.0  7.0    MM    MM    MM  MM 1015.1  20.0  22.5  15.8   MM   MM    MM
2026 09 06 18 30 350  6.0  7.0    MM    MM    MM  MM 1014.9  19.9  22.5  16.1   MM   MM    MM
2026 09 06 18 20 350  5.0  7.0   1.7    12   9.6 167 1015.1  19.7  22.5  15.9   MM   MM    MM
2026 09 06 18 10 350  4.0  6.0   1.7    MM   9.6 167 1015.0  19.5  22.5  15.5   MM   MM    MM
2026 09 06 18 00 340  3.0  4.0    MM    MM    MM  MM 1015.6  19.4    MM  15.4   MM +2.2    MM
2026 09 06 17 50 330  3.0  5.0   1.6    13   9.5 166 1015.6  19.2  22.6  15.9   MM   MM    MM
2026 09 06 17 40 320  3.0  4.0    MM    MM    MM  MM 1015.4  19.1    MM  16.3   MM   MM    MM
2026 09 06 17 30 290  2.0  4.0    MM    MM    MM  MM 1015.3  19.0  22.7  16.5   MM   MM    MM
2026 09 06 17 20 280  2.0  3.0   1.8    12   9.6 163 1015.3  19.0  22.7  16.6   MM   MM    MM
2026 09 06 17 10 230  1.0  2.0   1.8    MM   9.6 163 1015.1  19.0  22.6  16.4   MM   MM    MM
2026 09 06 17 00 250  1.0  2.0    MM    MM    MM  MM 1015.2  19.0  22.6  16.5   MM +2.7    MM
2026 09 06 16 50 210  1.0  2.0   1.7    13   9.4 170 1015.1  19.2    MM  16.6   MM   MM    MM
2026 09 06 16 40 170  2.0  4.0    MM    MM    MM  MM 1014.9  19.3  22.7  16.5   MM   MM    MM
2026 09 06 16 30 180  3.0  4.0    MM    MM    MM  MM 1015.1  19.3  22.6  16.2   MM   MM    MM
2026 09 06 16 20 150  2.0  3.0   1.8    12   9.4 163 1014.9  19.6  22.6  16.7   MM   MM    MM
2026 09 06 16 10 140  4.0  5.0   1.8    MM   9.4 163 1014.6  19.9  22.6  16.5   MM   MM    MM
2026 09 06 16 00 140  5.0  6.0    MM    MM    MM  MM 1014.9  20.3  22.6  16.4   MM +2.6    MM
2026 09 06 15 50 130  5.0  6.0   1.6    11   9.0 169 1014.8  20.5  22.6  16.4   MM   MM    MM
2026 09 06 15 40 130  5.0  6.0    MM    MM    MM  MM 1014.6  20.6    MM  17.0   MM   MM    MM
2026 09 06 15 30 120  5.0  7.0    MM    MM    MM  MM 1014.4  20.9  22.6  17.1   MM   MM    MM
2026 09 06 15 20 110  6.0  6.0   1.6    11   8.7 163 1014.1  20.8  22.6  16.8   MM   MM    MM
2026 09 06 15 10 100  5.0  7.0   1.6    MM   8.7 163 1013.8  20.6  22.6  16.2   MM   MM    MM
2026 09 06 15 00 100  4.0  5.0    MM    MM    MM  MM 1013.5  20.7  22.6  16.1   MM +0.9    MM
2026 09 06 14 50 100  4.0  6.0   1.6    12   9.2 169 1013.8  20.8  22.6  15.8   MM   MM    MM
2026 09 06 14 40  80  5.0  6.0    MM    MM    MM  MM 1013.5  20.8  22.7  15.6   MM   MM    MM
2026 09 06 14 30  80  5.0  7.0    MM    MM    MM  MM 1013.2  20.7  22.6  15.6   MM   MM    MM
2026 09 06 14 20  80  5.0  6.0   1.7    12   9.4 167 1013.1  20.9  22.6  15.7   MM   MM    MM
2026 09 06 14 10  80  5.0  6.0   1.7    MM   9.4 167 1012.9  21.2  22.7  15.9   MM   MM    MM
2026 09 06 14 00  80  4.0  5.0    MM    MM    MM  MM 1012.5  21.2  22.8  16.4   MM +0.6    MM
2026 09 06 13 50  60  4.0  5.0   1.6    12   8.9 171 1012.4  21.5  22.9  18.4   MM   MM    MM
2026 09 06 13 40  40  4.0  4.0    MM    MM    MM  MM 1012.1  22.0  22.9  19.1   MM   MM    MM
2026 09 06 13 30  30  3.0  4.0    MM    MM    MM  MM 1012.0  21.9  22.9  18.8   MM   MM    MM
2026 09 06 13 20  20  2.0  3.0   1.7    13   9.3 171 1012.3  21.8  22.9  18.7   MM   MM    MM
2026 09 06 13 10  40  1.0  2.0   1.7    MM   9.3 171 1012.2  21.7  22.9  19.1   MM   MM    MM
2026 09 06 13 00  MM  0.0  2.0    MM    MM    MM  MM 1012.2  21.7  22.7  19.0   MM +0.0    MM
2026 09 06 12 50  MM  0.0  1.0   1.7    13   9.1 169 1012.3  21.6  22.7  18.9   MM   MM    MM
2026 09 06 12 40 290  1.0  2.0   1.7    MM   9.1 169 1012.1  21.6  22.7  18.9   MM   MM    MM
2026 09 06 12 30 220  1.0  2.0    MM    MM    MM  MM 1012.4  21.7  22.7  19.0   MM   MM    MM
2026 09 06 12 20 200  1.0  2.0   1.7    12   9.0 165 1012.3  21.8  22.7  19.1   MM   MM    MM
2026 09 06 12 10 210  2.0  3.0   1.7    MM   9.0 165 1012.4  21.7  22.8  18.7   MM   MM    MM
2026 09 06 12 00 260  2.0  3.0    MM    MM    MM  MM 1012.5  21.9  22.8  19.0   MM +0.4    MM
2026 09 06 11 50 270  3.0  4.0   1.6    12   8.7 168 1012.4  21.7  22.7  19.0   MM   MM    MM
2026 09 06 11 40 300  3.0  4.0    MM    MM    MM  MM 1012.1  21.7  22.7  19.5   MM   MM    MM
2026 09 06 11 30 300  4.0  5.0    MM    MM    MM  MM 1011.9  21.6  22.7  19.4   MM   MM    MM
2026 09 06 11 20 300  3.0  4.0   1.5    13   8.3 170 1011.8  21.6  22.6  19.6   MM   MM    MM
2026 09 06 11 10 300  4.0  5.0   1.5    MM   8.3 170 1012.0  21.6  22.6  19.6   MM   MM    MM
2026 09 06 11 00 300  4.0  5.0    MM    MM    MM  MM 1011.9  21.6  22.6  19.6   MM -0.5    MM
2026 09 06 10 50 310  4.0  5.0   1.7    12   8.6 167 1011.9  21.6  22.6  19.6   MM   MM    MM
2026 09 06 10 40 300  3.0  5.0   1.7    MM   8.6 167 1011.9  21.6  22.6  19.6   MM   MM    MM
2026 09 06 10 30 310  4.0  5.0    MM    MM    MM  MM 1012.0  21.6  22.6  19.5   MM   MM    MM
2026 09 06 10 20 310  4.0  5.0   1.7    12   8.7 168 1011.7  21.6  22.6  19.5   MM   MM    MM
2026 09 06 10 10 300  4.0  5.0   1.7    MM   8.7 168 1011.9  21.6  22.6  19.3   MM   MM    MM
2026 09 06 10 00 310  4.0  5.0    MM    MM    MM  MM 1012.0  21.7  22.7  19.3   MM +0.0    MM
2026 09 06 09 50 310  4.0  5.0   1.5    12   8.1 158 1012.1  21.7  22.7  19.3   MM   MM    MM
2026 09 06 09 40 310  4.0  5.0   1.5    MM   8.1 158 1012.1  21.7  22.7  19.0   MM   MM    MM
2026 09 06 09 30 310  4.0  6.0    MM    MM    MM  MM 1012.1  21.8  22.7  18.6   MM   MM    MM
2026 09 06 09 20 310  5.0  6.0   1.4    11   7.5 157 1012.1  21.9    MM  18.3   MM   MM    MM
2026 09 06 09 10 320  5.0  6.0    MM    MM    MM  MM 1012.2  21.9  22.7  18.1   MM   MM    MM
2026 09 06 09 00 320  5.0  7.0    MM    MM    MM  MM 1012.1  21.8  22.7  17.9   MM -0.3    MM
2026 09 06 08 50 320  5.0  6.0   1.5    12   7.7 164 1012.1  21.9  22.7  17.9   MM   MM    MM
2026 09 06 08 40 320  5.0  6.0    MM    MM    MM  MM 1012.2  22.0  22.7  17.9   MM   MM    MM
2026 09 06 08 30 320  5.0  6.0    MM    MM    MM  MM 1012.3  22.1  22.7  17.0   MM   MM    MM
2026 09 06 08 20 320  6.0  7.0   1.4    11   7.0 150 1012.3  22.2  22.6  16.1   MM   MM    MM
2026 09 06 08 10 320  5.0  7.0    MM    MM    MM  MM 1012.3  22.1  22.7  16.5   MM   MM    MM
2026 09 06 08 00 320  6.0  7.0    MM    MM    MM  MM 1012.4  22.1  22.7  16.6   MM -0.3    MM
2026 09 06 07 50 320  6.0  7.0   1.6    15   7.4 194 1012.3  22.1  22.7  17.1   MM   MM    MM
2026 09 06 07 40 330  6.0  7.0    MM    MM    MM  MM 1012.4  22.1  22.7  17.5   MM   MM    MM
2026 09 06 07 30 320  6.0  8.0    MM    MM    MM  MM 1012.3  22.1  22.6  17.5   MM   MM    MM
2026 09 06 07 20 330  6.0  8.0   1.4    11   6.6 164 1012.3  22.1  22.3  17.5   MM   MM    MM
2026 09 06 07 10 330  7.0  8.0   1.4    MM   6.6 164 1012.3  22.2  22.3  17.2   MM   MM    MM
2026 09 06 07 00 330  7.0  9.0    MM    MM    MM  MM 1012.1  22.3  22.3  16.9   MM -0.4    MM
2026 09 06 06 50 330  7.0  8.0   1.4    12   7.1 168 1012.2  22.3  22.2  16.6   MM   MM    MM
2026 09 06 06 40 340  7.0  8.0    MM    MM    MM  MM 1012.2  22.3  22.2  16.1   MM   MM    MM
2026 09 06 06 30 340  7.0  8.0    MM    MM    MM  MM 1012.3  22.2  22.2  16.5   MM   MM    MM
2026 09 06 06 20 340  6.0  8.0   1.6    11   7.6 162 1012.4  22.1  22.2  16.5   MM   MM    MM
2026 09 06 06 10 340  6.0  8.0   1.6    MM   7.6 162 1012.3  22.1  22.3  16.8   MM   MM    MM
2026 09 06 06 00 330  6.0  7.0    MM    MM    MM  MM 1012.4  22.1  22.3  16.3   MM +0.4    MM
2026 09 06 05 50 330  6.0  7.0   1.5    11   7.2 164 1012.4  22.1  22.3  16.3   MM   MM    MM
2026 09 06 05 40 330  6.0  7.0    MM    MM    MM  MM 1012.5  22.0  22.3  16.4   MM   MM    MM
2026 09 06 05 30 330  6.0  8.0    MM    MM    MM  MM 1012.5  21.9  22.2  16.8   MM   MM    MM
2026 09 06 05 20 330  6.0  7.0   1.6    12   7.8 167 1012.5  21.9  22.2  17.2   MM   MM    MM
2026 09 06 05 10 330  6.0  7.0   1.6    MM   7.8 167 1012.6  21.8  22.2  17.3   MM   MM    MM
2026 09 06 05 00 330  6.0  7.0    MM    MM    MM  MM 1012.6  21.8  22.2  17.6   MM +0.9    MM
2026 09 06 04 50 320  6.0  8.0   1.6    13   8.2 156 1012.6  21.8  22.2  17.8   MM   MM    MM
2026 09 06 04 40 320  6.0  8.0   1.6    MM   8.2 156 1012.7  21.9  22.3  18.1   MM   MM    MM
2026 09 06 04 30 320  6.0  7.0    MM    MM    MM  MM 1012.6  21.9  22.3  17.8   MM   MM    MM
2026 09 06 04 20 320  5.0  7.0   1.6    12   8.3 154 1012.7  22.0  22.3  17.8   MM   MM    MM
2026 09 06 04 10 310  5.0  6.0   1.6    MM   8.3 154 1012.6  22.2  22.2  17.7   MM   MM    MM
2026 09 06 04 00 310  4.0  5.0    MM    MM    MM  MM 1012.6  22.0  22.3  17.9   MM +0.3    MM
2026 09 06 03 50 310  5.0  6.0   1.6    12   8.7 155 1012.4  21.9  22.3  18.6   MM   MM    MM
2026 09 06 03 40 310  4.0  5.0    MM    MM    MM  MM 1012.3  21.8  22.3  19.1   MM   MM    MM
2026 09 06 03 30 310  5.0  6.0    MM    MM    MM  MM 1012.2  21.7  22.3  19.2   MM   MM    MM
2026 09 06 03 20 300  5.0  6.0   1.6    12   8.8 166 1012.1  21.8  22.3  19.4   MM   MM    MM
2026 09 06 03 10 300  4.0  5.0    MM    MM    MM  MM 1012.0  21.7  22.3  19.2   MM   MM    MM
2026 09 06 03 00 300  5.0  5.0    MM    MM    MM  MM 1012.0  21.7  22.3  19.0   MM +0.0    MM
2026 09 06 02 50 300  5.0  6.0   1.6    12   8.9 160 1011.9  21.7  22.4  18.7   MM   MM    MM
2026 09 06 02 40 300  5.0  6.0    MM    MM    MM  MM 1011.8  21.6  22.4  18.7   MM   MM    MM
2026 09 06 02 30 300  5.0  5.0    MM    MM    MM  MM 1011.9  21.6  22.4  18.9   MM   MM    MM
2026 09 06 02 20 300  5.0  6.0   1.4    12   8.6 153 1011.9  21.6  22.5  19.0   MM   MM    MM
2026 09 06 02 10 300  5.0  6.0   1.4    MM   8.6 153 1011.9  21.6  22.5  18.9   MM   MM    MM
2026 09 06 02 00 300  5.0  6.0    MM    MM    MM  MM 1011.8  21.6  22.5  18.9   MM -0.7    MM
2026 09 06 01 50 290  5.0  6.0   1.6    12   8.9 168 1011.9  21.6  22.5  18.9   MM   MM    MM
2026 09 06 01 40 280  5.0  6.0    MM    MM    MM  MM 1012.0  21.5  22.5  18.9   MM   MM    MM
2026 09 06 01 30 280  5.0  6.0    MM    MM    MM  MM 1012.0  21.6  22.5  19.0   MM   MM    MM
2026 09 06 01 20 280  6.0  6.0   1.6    11   8.7 168 1012.1  21.7  22.5  19.0   MM   MM    MM
2026 09 06 01 10 290  5.0  6.0   1.6    MM   8.7 168 1012.2  21.7  22.6  18.8   MM   MM    MM
2026 09 06 01 00 280  5.0  6.0    MM    MM    MM  MM 1012.2  21.7  22.6  19.0   MM -0.4    MM
2026 09 06 00 50 280  5.0  6.0   1.6    12   9.4 175 1012.2  21.8  22.7  19.4   MM   MM    MM
2026 09 06 00 40 280  5.0  6.0    MM    MM    MM  MM 1012.1  21.8  22.8  19.2   MM   MM    MM
2026 09 06 00 30 280  5.0  6.0    MM    MM    MM  MM 1012.1  21.9  22.8  19.4   MM   MM    MM
2026 09 06 00 20 280  5.0  7.0   1.7    13  10.0 161 1012.1  21.9  22.9  19.6   MM   MM    MM
2026 09 06 00 10 280  5.0  6.0    MM    MM    MM  MM 1012.0  21.8  22.9  19.6   MM   MM    MM
2026 09 06 00 00 280  5.0  6.0    MM    MM    MM  MM 1012.0  22.1  22.8  19.8   MM -1.4    MM
2026 09 05 23 50 270  4.0  6.0   1.7    13   9.8 165 1012.2  22.3  22.9  19.6   MM   MM    MM
2026 09 05 23 40 280  4.0  5.0    MM    MM    MM  MM 1012.2  22.1  22.7  19.2   MM   MM    MM
2026 09 05 23 30 280  4.0  5.0    MM    MM    MM  MM 1012.2  22.1  22.8  19.3   MM   MM    MM
2026 09 05 23 20 270  3.0  4.0   1.7    13   9.9 164 1012.5  22.0  22.8  19.2   MM   MM    MM
2026 09 05 23 10 280  3.0  4.0   1.7    MM   9.9 164 1012.4  22.0  22.7  19.2   MM   MM    MM
2026 09 05 23 00 280  3.0  4.0    MM    MM    MM  MM 1012.6  22.0  22.5  19.2   MM -1.3    MM
2026 09 05 22 50 280  3.0  4.0   1.8    13  10.4 162 1012.6  22.0  22.4  19.2   MM   MM    MM
2026 09 05 22 40 270  3.0  4.0    MM    MM    MM  MM 1012.6  21.9  22.4  19.2   MM   MM    MM
2026 09 05 22 30 280  3.0  4.0    MM    MM    MM  MM 1012.7  21.9  22.4  19.3   MM   MM    MM
2026 09 05 22 20 280  3.0  4.0   1.5    13   9.6 166 1012.6  21.8  22.3  19.3   MM   MM    MM
2026 09 05 22 10 280  3.0  4.0   1.5    MM   9.6 166 1012.6  21.8  22.4  19.4   MM   MM    MM
2026 09 05 22 00 290  3.0  4.0    MM    MM    MM  MM 1012.7  21.9  22.3  19.5   MM -1.6    MM
2026 09 05 21 50 290  3.0  4.0   1.6    13  10.1 163 1012.8  21.9  22.3  19.4   MM   MM    MM
2026 09 05 21 40 290  3.0  4.0   1.6    MM  10.1 163 1012.9  21.9  22.4  19.1   MM   MM    MM
2026 09 05 21 30 280  2.0  4.0    MM    MM    MM  MM 1013.0  21.9  22.3  18.9   MM   MM    MM
2026 09 05 21 20 290  2.0  3.0   1.6    13   9.8 166 1013.1  22.0  22.3  19.0   MM   MM    MM
2026 09 05 21 10 260  1.0  2.0    MM    MM    MM  MM 1013.3  22.3  22.3  18.9   MM   MM    MM
2026 09 05 21 00  MM  0.0  1.0    MM    MM    MM  MM 1013.4  22.4  22.3  18.9   MM -1.3    MM
2026 09 05 20 50  MM  0.0  1.0   1.5    13   9.8 170 1013.4  22.5  22.3  19.1   MM   MM    MM
2026 09 05 20 40  MM  0.0  1.0    MM    MM    MM  MM 1013.5  22.3  22.3  19.1   MM   MM    MM
2026 09 05 20 30  MM  0.0  1.0    MM    MM    MM  MM 1013.5  22.0  22.3  19.0   MM   MM    MM
2026 09 05 20 20  MM  0.0  1.0   1.5    12   9.6 158 1013.5  21.8  22.3  18.9   MM   MM    MM
2026 09 05 20 10  MM  0.0  1.0    MM    MM    MM  MM 1013.7  21.6  22.2  19.0   MM   MM    MM
2026 09 05 20 00  MM  0.0  2.0    MM    MM    MM  MM 1013.8  21.5  22.4  18.8   MM -0.4    MM
2026 09 05 19 50  MM  0.0  2.0   1.4    13   9.5 162 1013.9  21.5    MM  18.9   MM   MM    MM
2026 09 05 19 40  20  1.0  2.0    MM    MM    MM  MM 1013.9  21.4  22.3  18.8   MM   MM    MM
2026 09 05 19 30  MM  0.0  1.0    MM    MM    MM  MM 1014.1  21.3  22.5  18.7   MM   MM    MM
2026 09 05 19 20  60  1.0  2.0   1.7    13  10.1 171 1014.1  21.3  22.5  18.8   MM   MM    MM
2026 09 05 19 10  30  1.0  3.0   1.7    MM  10.1 171 1014.3  21.3  22.5  18.8   MM   MM    MM
2026 09 05 19 00  10  1.0  3.0    MM    MM    MM  MM 1014.3  21.3  22.5  18.7   MM +0.5    MM
2026 09 05 18 50 360  2.0  3.0   1.7    13   9.9 178 1014.4  21.3  22.3  18.7   MM   MM    MM
2026 09 05 18 40  30  2.0  3.0    MM    MM    MM  MM 1014.3  21.3  23.0  18.7   MM   MM    MM
2026 09 05 18 30  20  1.0  2.0    MM    MM    MM  MM 1014.5  21.3  22.9  18.5   MM   MM    MM
2026 09 05 18 20 360  2.0  3.0   1.6    13   9.8 171 1014.5  21.3  22.7  18.5   MM   MM    MM
2026 09 05 18 10 360  1.0  2.0   1.6    MM   9.8 171 1014.6  21.4  22.7  18.5   MM   MM    MM
2026 09 05 18 00  50  1.0  2.0    MM    MM    MM  MM 1014.7  21.3  22.7  18.5   MM +1.2    MM
2026 09 05 17 50  40  1.0  2.0   1.5    13   9.1 167 1014.5  21.4  22.6  18.5   MM   MM    MM
2026 09 05 17 40  70  2.0  3.0    MM    MM    MM  MM 1014.6  21.4  22.7  18.5   MM   MM    MM
2026 09 05 17 30  70  2.0  3.0    MM    MM    MM  MM 1014.5  21.4  22.7  18.6   MM   MM    MM
2026 09 05 17 20  70  2.0  3.0   1.7    13   9.7 170 1014.4  21.3  22.5  18.5   MM   MM    MM
2026 09 05 17 10  60  2.0  3.0   1.7    MM   9.7 170 1014.3  21.3  22.4  18.5   MM   MM    MM
2026 09 05 17 00  60  2.0  3.0    MM    MM    MM  MM 1014.2  21.3  22.5  18.5   MM +1.3    MM
2026 09 05 16 50  60  2.0  3.0   1.9    12   9.9 166 1014.1  21.3  22.4  18.5   MM   MM    MM
2026 09 05 16 40  50  2.0  3.0    MM    MM    MM  MM 1014.1  21.3  22.5  18.7   MM   MM    MM
2026 09 05 16 30  50  2.0  3.0    MM    MM    MM  MM 1014.0  21.3  22.5  18.6   MM   MM    MM
2026 09 05 16 20  50  2.0  3.0   1.7    13   9.4 172 1013.8  21.3  22.5  18.7   MM   MM    MM
2026 09 05 16 10  50  2.0  3.0   1.7    MM   9.4 172 1013.8  21.3  22.5  18.8   MM   MM    MM
2026 09 05 16 00  50  2.0  3.0    MM    MM    MM  MM 1013.8  21.5  22.5  18.9   MM +1.4    MM
2026 09 05 15 50  30  1.0  2.0   1.6    13   9.0 159 1013.7  21.8  22.5  18.9   MM   MM    MM
2026 09 05 15 40  MM  0.0  2.0   1.6    MM   9.0 159 1013.7  21.9  22.6  18.7   MM   MM    MM
2026 09 05 15 30  MM  0.0  1.0    MM    MM    MM  MM 1013.6  21.8  22.6  18.8   MM   MM    MM
2026 09 05 15 20  MM  0.0  1.0   1.6    13   9.1 165 1013.6  21.6  22.6  18.8   MM   MM    MM
2026 09 05 15 10 320  1.0  1.0   1.6    MM   9.1 165 1013.6  21.4  22.6  18.8   MM   MM    MM
2026 09 05 15 00 320  1.0  2.0    MM    MM    MM  MM 1013.5  21.5  22.7  18.8   MM +1.1    MM
2026 09 05 14 50  MM  0.0  1.0   1.6    13   9.4 172 1013.4  21.4  22.7  18.8   MM   MM    MM
2026 09 05 14 40 350  1.0  2.0    MM    MM    MM  MM 1013.3  21.5  22.7  18.7   MM   MM    MM
2026 09 05 14 30  MM  0.0  2.0    MM    MM    MM  MM 1013.3  21.4  22.7  18.8   MM   MM    MM
2026 09 05 14 20  50  1.0  2.0   1.5    14   9.6 172 1013.2  21.2  22.7  18.7   MM   MM    MM
2026 09 05 14 10 360  1.0  2.0   1.5    MM   9.6 172 1013.1  21.0  22.7  18.6   MM   MM    MM
2026 09 05 14 00 360  2.0  2.0    MM    MM    MM  MM 1013.0  20.9  22.7  18.6   MM +0.4    MM
2026 09 05 13 50 360  2.0  3.0   1.5    13   8.9 167 1012.9  20.9  22.8  18.7   MM   MM    MM
2026 09 05 13 40  10  2.0  4.0   1.5    MM   8.9 167 1012.7  20.9  22.8  18.7   MM   MM    MM
2026 09 05 13 30  10  2.0  3.0    MM    MM    MM  MM 1012.5  21.0  22.8  18.8   MM   MM    MM
2026 09 05 13 20 360  2.0  3.0   1.5    14   9.0 166 1012.4  20.8  22.8  18.6   MM   MM    MM
2026 09 05 13 10 350  2.0  3.0   1.5    MM   9.0 166 1012.4  20.8  22.8  18.9   MM   MM    MM
2026 09 05 13 00  20  2.0  3.0    MM    MM    MM  MM 1012.4  20.7  22.8  18.8   MM -0.3    MM
2026 09 05 12 50  40  2.0  3.0   1.4    13   8.6 163 1012.5  20.7  22.8  18.9   MM   MM    MM
2026 09 05 12 40  40  2.0  3.0    MM    MM    MM  MM 1012.4  20.6  22.8  18.8   MM   MM    MM
2026 09 05 12 30  40  2.0  3.0    MM    MM    MM  MM 1012.4  20.5  22.8  18.7   MM   MM    MM
2026 09 05 12 20  30  2.0  3.0   1.3    14   8.6 160 1012.4  20.4  22.8  18.7   MM   MM    MM
2026 09 05 12 10  10  2.0  3.0    MM    MM    MM  MM 1012.4  20.4  22.8  18.8   MM   MM    MM
2026 09 05 12 00 360  2.0  3.0    MM    MM    MM  MM 1012.4  20.3  22.8  18.8   MM -0.6    MM
2026 09 05 11 50 320  3.0  4.0   1.5    13   8.5 162 1012.4  20.3  22.9  18.9   MM   MM    MM
2026 09 05 11 40 330  3.0  4.0    MM    MM    MM  MM 1012.4  20.3  22.9  18.9   MM   MM    MM
2026 09 05 11 30 340  3.0  4.0    MM    MM    MM  MM 1012.4  20.1  22.9  18.7   MM   MM    MM
2026 09 05 11 20 330  3.0  4.0   1.3    13   8.0 172 1012.4  20.2  22.9  18.8   MM   MM    MM
2026 09 05 11 10 330  3.0  4.0   1.3    MM   8.0 172 1012.5  20.2  22.9  18.7   MM   MM    MM
2026 09 05 11 00 330  3.0  4.0    MM    MM    MM  MM 1012.6  20.3  22.9  18.8   MM -0.7    MM
2026 09 05 10 50 330  3.0  4.0   1.3    16   7.2 212 1012.7  20.2  22.9  18.5   MM   MM    MM
2026 09 05 10 40 330  3.0  4.0   1.3    MM   7.2 212 1012.6  20.1  22.9  18.3   MM   MM    MM
2026 09 05 10 30 330  3.0  4.0    MM    MM    MM  MM 1012.6  20.2  22.8  18.4   MM   MM    MM
2026 09 05 10 20 330  3.0  4.0   1.3    13   7.1 161 1012.7  20.3  22.8  18.4   MM   MM    MM
2026 09 05 10 10 330  3.0  4.0   1.3    MM   7.1 161 1012.7  20.3  22.9  18.2   MM   MM    MM
2026 09 05 10 00 330  4.0  5.0    MM    MM    MM  MM 1012.6  20.4  22.7  18.2   MM -0.3    MM
2026 09 05 09 50 330  4.0  5.0   1.3    14   7.4 163 1012.6  20.6  22.8  18.1   MM   MM    MM
2026 09 05 09 40 330  4.0  5.0    MM    MM    MM  MM 1012.6  20.7  22.8  17.5   MM   MM    MM
2026 09 05 09 30 340  4.0  5.0    MM    MM    MM  MM 1012.7  20.8    MM  17.6   MM   MM    MM
2026 09 05 09 20 330  4.0  6.0   1.2    17   6.7 168 1012.7  20.9  22.9  17.1   MM   MM    MM
2026 09 05 09 10 330  4.0  6.0    MM    MM    MM  MM 1012.7  20.9  22.9  17.1   MM   MM    MM
2026 09 05 09 00 330  4.0  5.0    MM    MM    MM  MM 1013.0  20.8  22.9  17.6   MM +0.0    MM
2026 09 05 08 50 310  2.0  3.0   1.3    14   7.1 171 1013.1  20.8  22.9  18.1   MM   MM    MM
2026 09 05 08 40 270  2.0  3.0    MM    MM    MM  MM 1013.2  20.8  23.0  18.4   MM   MM    MM
2026 09 05 08 30 270  3.0  4.0    MM    MM    MM  MM 1012.9  20.7  23.0  18.4   MM   MM    MM
2026 09 05 08 20 260  3.0  4.0   1.2    14   6.7 180 1013.0  20.7  23.0  18.4   MM   MM    MM
2026 09 05 08 10 250  2.0  3.0    MM    MM    MM  MM 1013.0  20.9  22.7  18.5   MM   MM    MM
2026 09 05 08 00 250  2.0  3.0    MM    MM    MM  MM 1013.2  21.3  22.7  17.8   MM +0.0    MM
2026 09 05 07 50 290  2.0  3.0   1.2    13   6.7 171 1013.2  21.3  22.7  16.8   MM   MM    MM
2026 09 05 07 40 310  3.0  4.0   1.2    MM   6.7 171 1013.2  21.2  22.6  16.8   MM   MM    MM
2026 09 05 07 30 320  4.0  4.0    MM    MM    MM  MM 1013.2  21.1  22.6  17.1   MM   MM    MM
2026 09 05 07 20 330  4.0  5.0   1.0    16   5.4 181 1013.1  21.1  22.6  16.8   MM   MM    MM
2026 09 05 07 10 330  5.0  6.0   1.0    MM   5.4 181 1013.0  21.1  22.6  16.9   MM   MM    MM
2026 09 05 07 00 320  5.0  6.0    MM    MM    MM  MM 1013.0  21.3    MM  17.3   MM +0.3    MM
2026 09 05 06 50 310  5.0  6.0   1.2    15   6.1 182 1012.9  21.5    MM  17.0   MM   MM    MM
2026 09 05 06 40 310  5.0  6.0    MM    MM    MM  MM 1012.9  21.5  22.6  16.3   MM   MM    MM
2026 09 05 06 30 320  4.0  6.0    MM    MM    MM  MM 1012.9  21.2  22.5  16.8   MM   MM    MM
2026 09 05 06 20 320  4.0  5.0   1.2    17   6.4 215 1013.1  21.0  22.5  17.0   MM   MM    MM
2026 09 05 06 10 310  4.0  5.0   1.2    MM   6.4 215 1013.1  21.0  22.5  17.1   MM   MM    MM
2026 09 05 06 00 320  5.0  7.0    MM    MM    MM  MM 1013.0  20.9  22.4  17.1   MM +1.1    MM
2026 09 05 05 50 320  5.0  7.0   1.3    14   6.1 171 1012.9  21.0  22.4  17.3   MM   MM    MM
2026 09 05 05 40 320  6.0  7.0    MM    MM    MM  MM 1013.0  21.0  22.4  17.5   MM   MM    MM
2026 09 05 05 30 320  6.0  7.0    MM    MM    MM  MM 1012.9  21.0  22.5  17.6   MM   MM    MM
2026 09 05 05 20 320  6.0  7.0   1.2    15   5.9 172 1012.9  21.0  22.5  17.6   MM   MM    MM
2026 09 05 05 10 320  6.0  7.0   1.2    MM   5.9 172 1013.0  20.9  22.5  17.5   MM   MM    MM
2026 09 05 05 00 320  6.0  7.0    MM    MM    MM  MM 1013.0  20.9  22.5  17.7   MM +0.9    MM
2026 09 05 04 50 320  5.0  7.0   1.1    17   6.2 187 1013.0  20.8  22.5  17.8   MM   MM    MM
2026 09 05 04 40 310  5.0  6.0   1.1    MM   6.2 187 1012.9  20.9  22.6  18.3   MM   MM    MM
2026 09 05 04 30 310  5.0  6.0    MM    MM    MM  MM 1012.8  20.9  22.6  18.5   MM   MM    MM
2026 09 05 04 20 310  5.0  6.0   1.1    14   6.4 164 1012.7  21.0  22.6  18.7   MM   MM    MM
2026 09 05 04 10 310  5.0  7.0   1.1    MM   6.4 164 1012.6  21.1  22.6  18.7   MM   MM    MM
2026 09 05 04 00 300  4.0  5.0    MM    MM    MM  MM 1012.6  21.0  22.6  18.3   MM +0.4    MM
2026 09 05 03 50 300  4.0  5.0   1.1    16   7.0 190 1012.6  21.1  22.6  18.4   MM   MM    MM
2026 09 05 03 40 300  4.0  5.0   1.1    MM   7.0 190 1012.6  21.1  22.6  18.5   MM   MM    MM
2026 09 05 03 30 300  5.0  6.0    MM    MM    MM  MM 1012.3  21.0  22.6  18.5   MM   MM    MM
2026 09 05 03 20 300  5.0  7.0   1.1    17   7.9 135 1012.1  21.0  22.6  18.6   MM   MM    MM
2026 09 05 03 10 310  6.0  7.0   1.1    MM   7.9 135 1012.0  21.0  22.6  18.6   MM   MM    MM
2026 09 05 03 00 310  6.0  7.0    MM    MM    MM  MM 1012.0  21.0  22.6  18.6   MM -0.4    MM
2026 09 05 02 50 310  6.0  8.0   0.9    14   7.3 156 1011.9  21.2  22.6  18.4   MM   MM    MM
2026 09 05 02 40 300  6.0  7.0    MM    MM    MM  MM 1011.9  21.0  22.6  17.9   MM   MM    MM
2026 09 05 02 30 300  5.0  6.0    MM    MM    MM  MM 1011.9  21.1  22.6  18.2   MM   MM    MM
2026 09 05 02 20 290  5.0  6.0   1.0    15   7.8 193 1011.9  21.2  22.7  18.1   MM   MM    MM
2026 09 05 02 10 290  5.0  6.0   1.0    MM   7.8 193 1012.1  21.3  22.7  17.8   MM   MM    MM
2026 09 05 02 00 290  4.0  5.0    MM    MM    MM  MM 1012.1  21.2  22.7  17.4   MM -0.6    MM
2026 09 05 01 50 290  5.0  6.0   1.0    16   8.2 148 1012.2  21.1  22.8  17.6   MM   MM    MM
2026 09 05 01 40 280  5.0  6.0    MM    MM    MM  MM 1012.1  21.1  22.8  17.7   MM   MM    MM
2026 09 05 01 30 290  5.0  6.0    MM    MM    MM  MM 1012.1  21.1  22.9  17.9   MM   MM    MM
2026 09 05 01 20 290  5.0  6.0   1.0    14   8.6 202 1012.1  21.1  23.0  18.0   MM   MM    MM
2026 09 05 01 10 280  4.0  6.0   1.0    MM   8.6 202 1012.3  21.1  22.9  17.9   MM   MM    MM
2026 09 05 01 00 280  5.0  6.0    MM    MM    MM  MM 1012.4  21.2  22.9  18.0   MM -0.6    MM
2026 09 05 00 50 270  4.0  5.0   0.9    14   8.0 189 1012.4  21.3  22.9  18.1   MM   MM    MM
2026 09 05 00 40 280  4.0  5.0    MM    MM    MM  MM 1012.4  21.2  22.9  17.9   MM   MM    MM
2026 09 05 00 30 270  4.0  5.0    MM    MM    MM  MM 1012.3  21.1  23.0  17.8   MM   MM    MM
2026 09 05 00 20 260  4.0  5.0   1.0    17   8.3 151 1012.4  21.1  22.9  17.9   MM   MM    MM
2026 09 05 00 10 250  4.0  5.0   1.0    MM   8.3 151 1012.4  21.0  23.2  17.9   MM   MM    MM
2026 09 05 00 00 260  4.0  5.0    MM    MM    MM  MM 1012.4  21.0  23.2  17.8   MM -0.8    MM
2026 09 04 23 50 260  4.0  5.0   0.9    14   7.4 218 1012.4  21.0  23.1  17.8   MM   MM    MM
2026 09 04 23 40 250  3.0  4.0    MM    MM    MM  MM 1012.6  21.0  23.3  17.9   MM   MM    MM
2026 09 04 23 30 250  3.0  4.0    MM    MM    MM  MM 1012.6  21.0  23.5  17.7   MM   MM    MM
2026 09 04 23 20 250  3.0  4.0   0.9    17   7.1 229 1012.6  21.0  23.3  17.6   MM   MM    MM
2026 09 04 23 10 240  2.0  3.0   0.9    MM   7.1 229 1012.7  21.0  23.2  17.5   MM   MM    MM
2026 09 04 23 00 230  2.0  3.0    MM    MM    MM  MM 1012.7  21.0  23.2  17.6   MM -0.6    MM
2026 09 04 22 50 230  2.0  4.0   0.9    17   7.2 212 1012.7  20.9  23.2  17.5   MM   MM    MM
2026 09 04 22 40 210  2.0  3.0   0.9    MM   7.2 212 1012.8  20.9  22.9  17.6   MM   MM    MM
2026 09 04 22 30 220  2.0  3.0    MM    MM    MM  MM 1012.8  20.8  23.1  17.5   MM   MM    MM
2026 09 04 22 20 210  2.0  3.0   0.9    17   7.2 159 1012.9  20.8  23.2  17.5   MM   MM    MM
2026 09 04 22 10 200  2.0  3.0   0.9    MM   7.2 159 1012.9  20.8  23.4  17.5   MM   MM    MM
2026 09 04 22 00 190  2.0  3.0    MM    MM    MM  MM 1012.9  20.8  23.6  17.4   MM -0.8    MM
2026 09 04 21 50 190  3.0  4.0   0.9    17   7.4 170 1012.9  20.8  23.6  17.5   MM   MM    MM
2026 09 04 21 40 180  3.0  4.0    MM    MM    MM  MM 1013.0  20.8  23.6  17.4   MM   MM    MM
2026 09 04 21 30 180  3.0  4.0    MM    MM    MM  MM 1013.1  20.8  23.4  17.5   MM   MM    MM
2026 09 04 21 20 190  3.0  4.0   0.9    15   7.2 140 1013.1  20.8  23.1  17.5   MM   MM    MM
2026 09 04 21 10 180  3.0  4.0   0.9    MM   7.2 140 1013.2  20.9  22.9  17.6   MM   MM    MM
2026 09 04 21 00 170  3.0  4.0    MM    MM    MM  MM 1013.2  20.9  22.9  17.6   MM -0.8    MM
2026 09 04 20 50 170  3.0  3.0   0.8    15   6.9 177 1013.1  20.9  22.9  17.6   MM   MM    MM
2026 09 04 20 40 160  2.0  3.0    MM    MM    MM  MM 1013.1  20.9  22.9  17.5   MM   MM    MM
2026 09 04 20 30 150  2.0  3.0    MM    MM    MM  MM 1013.1  20.8  22.9  17.5   MM   MM    MM
2026 09 04 20 20 150  2.0  3.0   0.9    11   7.4 209 1013.0  20.7  23.0  17.4   MM   MM    MM
2026 09 04 20 10 140  2.0  3.0   0.9    MM   7.4 209 1013.2  20.8  22.9  17.5   MM   MM    MM
2026 09 04 20 00 140  2.0  3.0    MM    MM    MM  MM 1013.2  20.7  22.9  17.3   MM -0.5    MM
2026 09 04 19 50 130  3.0  4.0   0.8    14   7.2 175 1013.3  20.7  22.9  17.1   MM   MM    MM
2026 09 04 19 40 130  3.0  4.0   0.8    MM   7.2 175 1013.5  20.7  22.9  17.1   MM   MM    MM
2026 09 04 19 30 130  3.0  4.0    MM    MM    MM  MM 1013.5  20.7  22.9  17.1   MM   MM    MM
2026 09 04 19 20 120  2.0  3.0   0.8    17   7.1 158 1013.7  20.7  22.9  17.0   MM   MM    MM
2026 09 04 19 10 120  2.0  2.0   0.8    MM   7.1 158 1013.7  20.7  22.8  16.9   MM   MM    MM
2026 09 04 19 00 110  1.0  2.0    MM    MM    MM  MM 1013.7  20.8  22.8  17.0   MM +0.5    MM
2026 09 04 18 50 140  1.0  2.0   0.8    17   6.9 146 1013.9  20.7  22.8  16.8   MM   MM    MM
2026 09 04 18 40 110  1.0  2.0   0.8    MM   6.9 146 1014.0  20.7  22.6  16.8   MM   MM    MM
2026 09 04 18 30  80  1.0  2.0    MM    MM    MM  MM 1013.9  20.8  22.7  16.7   MM   MM    MM
2026 09 04 18 20 120  1.0  2.0   0.8    16   6.8 180 1014.0  21.1  22.7  16.7   MM   MM    MM
2026 09 04 18 10  MM  0.0  1.0   0.8    MM   6.8 180 1014.0  21.3  22.8  16.7   MM   MM    MM
2026 09 04 18 00  MM  0.0  1.0    MM    MM    MM  MM 1014.0  21.2  22.7  16.7   MM +1.1    MM
2026 09 04 17 50  MM  0.0  1.0   0.9    17   6.9 238 1014.1  20.9    MM  16.7   MM   MM    MM
2026 09 04 17 40 110  1.0  1.0    MM    MM    MM  MM 1014.0  20.8  22.8  16.6   MM   MM    MM
2026 09 04 17 30  MM  0.0  2.0    MM    MM    MM  MM 1014.0  20.7  22.8  16.5   MM   MM    MM
2026 09 04 17 20 180  1.0  2.0   0.9    14   7.1 192 1013.9  20.7  22.7  16.6   MM   MM    MM
2026 09 04 17 10 170  1.0  2.0   0.9    MM   7.1 192 1014.0  20.7  22.7  16.5   MM   MM    MM
2026 09 04 17 00 170  1.0  2.0    MM    MM    MM  MM 1013.8  20.7  22.6  16.5   MM +1.6    MM
2026 09 04 16 50 160  1.0  2.0   0.8    19   6.0 190 1013.7  20.6  22.6  16.4   MM   MM    MM
2026 09 04 16 40 150  1.0  2.0    MM    MM    MM  MM 1013.6  20.4  22.5  16.2   MM   MM    MM
2026 09 04 16 30 150  1.0  2.0    MM    MM    MM  MM 1013.5  20.4  22.3  16.4   MM   MM    MM
2026 09 04 16 20 160  1.0  2.0   0.8    14   6.2 154 1013.3  20.3  22.2  16.5   MM   MM    MM
2026 09 04 16 10 150  1.0  2.0   0.8    MM   6.2 154 1013.3  20.2  22.1  16.5   MM   MM    MM
2026 09 04 16 00 150  1.0  2.0    MM    MM    MM  MM 1013.2  20.2  22.2  16.6   MM +1.3    MM
2026 09 04 15 50 130  2.0  3.0   0.8    17   5.9 234 1013.2  20.3  22.3  16.8   MM   MM    MM
2026 09 04 15 40 120  2.0  2.0   0.8    MM   5.9 234 1013.2  20.3  22.5  16.8   MM   MM    MM
2026 09 04 15 30 120  2.0  2.0    MM    MM    MM  MM 1013.1  20.3  22.5  16.8   MM   MM    MM
2026 09 04 15 20 120  2.0  3.0   0.8    17   6.0  77 1013.0  20.3  22.6  16.9   MM   MM    MM
2026 09 04 15 10 120  2.0  3.0   0.8    MM   6.0  77 1013.0  20.3  22.7  16.9   MM   MM    MM
2026 09 04 15 00 130  2.0  3.0    MM    MM    MM  MM 1013.0  20.3  22.8  17.0   MM +1.2    MM
2026 09 04 14 50 120  2.0  2.0   0.9    19   6.0 220 1012.8  20.4  22.8  17.1   MM   MM    MM
2026 09 04 14 40 120  1.0  3.0    MM    MM    MM  MM 1012.7  20.4  22.9  17.2   MM   MM    MM
2026 09 04 14 30 120  1.0  2.0    MM    MM    MM  MM 1012.6  20.3  23.0  17.1   MM   MM    MM
2026 09 04 14 20 120  2.0  2.0   0.9    14   5.8 204 1012.5  20.3  23.0  17.1   MM   MM    MM
2026 09 04 14 10 140  1.0  2.0   0.9    MM   5.8 204 1012.4  20.1  23.1  17.0   MM   MM    MM
2026 09 04 14 00 130  1.0  2.0    MM    MM    MM  MM 1012.3  20.1  23.1  17.2   MM +0.5    MM
2026 09 04 13 50 140  2.0  3.0   0.8    19   5.6 149 1012.1  20.2  23.2  17.2   MM   MM    MM
2026 09 04 13 40 120  1.0  2.0    MM    MM    MM  MM 1012.1  20.1  23.2  16.9   MM   MM    MM
2026 09 04 13 30 110  2.0  3.0    MM    MM    MM  MM 1012.0  20.1  23.3  16.9   MM   MM    MM
2026 09 04 13 20 120  3.0  4.0   0.8    16   5.5 234 1012.0  20.1  23.3  17.1   MM   MM    MM
2026 09 04 13 10 130  3.0  4.0    MM    MM    MM  MM 1012.0  20.1  23.3  17.3   MM   MM    MM
2026 09 04 13 00 110  2.0  3.0    MM    MM    MM  MM 1011.9  20.1  23.4  17.5   MM +0.0    MM
2026 09 04 12 50  30  1.0  2.0   0.8    17   5.6 198 1011.9  20.0  23.4  17.5   MM   MM    MM
2026 09 04 12 40  20  1.0  2.0    MM    MM    MM  MM 1011.8  19.9  23.4  17.3   MM   MM    MM
2026 09 04 12 30  30  2.0  3.0    MM    MM    MM  MM 1011.8  19.9  23.4  17.3   MM   MM    MM
2026 09 04 12 20  30  2.0  2.0   0.9    15   5.7 207 1011.7  19.9  23.4  17.2   MM   MM    MM
2026 09 04 12 10  20  1.0  3.0   0.9    MM   5.7 207 1011.7  19.9  23.4  17.2   MM   MM    MM
2026 09 04 12 00  30  1.0  2.0    MM    MM    MM  MM 1011.7  19.9  23.5  17.1   MM +0.0    MM
2026 09 04 11 50  20  2.0  3.0   0.8    11   5.6 181 1011.7  19.9  23.5  17.1   MM   MM    MM
2026 09 04 11 40  20  2.0  3.0    MM    MM    MM  MM 1011.6  19.9  23.5  17.1   MM   MM    MM
2026 09 04 11 30 360  2.0  4.0    MM    MM    MM  MM 1011.7  20.0  23.5  17.2   MM   MM    MM
2026 09 04 11 20  10  2.0  3.0   0.8    17   5.2 238 1011.7  20.1  23.5  17.2   MM   MM    MM
2026 09 04 11 10  20  2.0  3.0   0.8    MM   5.2 238 1011.7  20.1  23.5  17.1   MM   MM    MM
2026 09 04 11 00 360  2.0  3.0    MM    MM    MM  MM 1011.7  20.1  23.5  17.0   MM -0.5    MM
2026 09 04 10 50 350  1.0  3.0   0.9    17   5.1 195 1011.8  20.0  23.5  16.9   MM   MM    MM
2026 09 04 10 40  MM  0.0  1.0    MM    MM    MM  MM 1011.8  20.0  23.6  17.1   MM   MM    MM
2026 09 04 10 30  MM  0.0  1.0    MM    MM    MM  MM 1011.8  19.9  23.6  17.1   MM   MM    MM
2026 09 04 10 20  MM  0.0  1.0   0.8    17   5.1  84 1011.7  19.9  23.6  17.0   MM   MM    MM
2026 09 04 10 10  MM  0.0  1.0   0.8    MM   5.1  84 1011.7  19.9  23.6  17.1   MM   MM    MM
2026 09 04 10 00  MM  0.0  1.0    MM    MM    MM  MM 1011.6  19.9  23.6  17.0   MM -0.3    MM
2026 09 04 09 50 250  1.0  1.0   0.9     5   5.0 272 1011.7  19.9  23.6  17.0   MM   MM    MM
2026 09 04 09 40 260  1.0  2.0    MM    MM    MM  MM 1011.7  20.0  23.7  17.1   MM   MM    MM
2026 09 04 09 30 280  2.0  3.0    MM    MM    MM  MM 1011.7  19.9  23.6  17.0   MM   MM    MM
2026 09 04 09 20 270  2.0  3.0   0.9     5   4.9 270 1011.7  19.9  23.6  17.1   MM   MM    MM
2026 09 04 09 10 280  3.0  4.0   0.9    MM   4.9 270 1011.7  19.9  23.6  17.3   MM   MM    MM
2026 09 04 09 00 260  3.0  4.0    MM    MM    MM  MM 1011.8  19.8  23.6  17.0   MM +0.0    MM
2026 09 04 08 50 260  3.0  5.0   1.0     5   4.9 260 1011.8  19.8  23.6  17.2   MM   MM    MM
2026 09 04 08 40 250  4.0  4.0    MM    MM    MM  MM 1011.8  19.8  23.6  17.1   MM   MM    MM
2026 09 04 08 30 260  3.0  4.0    MM    MM    MM  MM 1011.8  19.7  23.6  16.9   MM   MM    MM
2026 09 04 08 20 260  3.0  4.0   1.0     6   4.8 263 1011.9  19.7  23.6  17.0   MM   MM    MM
2026 09 04 08 10 260  4.0  5.0    MM    MM    MM  MM 1012.1  19.7  23.5  17.0   MM   MM    MM
2026 09 04 08 00 250  4.0  5.0    MM    MM    MM  MM 1012.2  19.7  23.5  17.2   MM +0.3    MM
2026 09 04 07 50 250  4.0  5.0   1.0     5   4.7 261 1012.2  19.7  23.5  17.1   MM   MM    MM
2026 09 04 07 40 260  4.0  5.0    MM    MM    MM  MM 1012.1  19.8    MM  17.3   MM   MM    MM
2026 09 04 07 30 250  4.0  5.0    MM    MM    MM  MM 1012.1  19.8  23.5  17.3   MM   MM    MM
2026 09 04 07 20 250  4.0  6.0   0.9    15   4.6 190 1012.1  19.7  23.4  17.3   MM   MM    MM
2026 09 04 07 10 250  5.0  6.0   0.9    MM   4.6 190 1012.0  19.6    MM  17.2   MM   MM    MM
2026 09 04 07 00 260  5.0  6.0    MM    MM    MM  MM 1012.0  19.7  23.4  17.3   MM +0.0    MM
2026 09 04 06 50 260  4.0  5.0   0.9     6   4.5 264 1012.0  19.6    MM  17.2   MM   MM    MM
2026 09 04 06 40 250  5.0  6.0    MM    MM    MM  MM 1011.9  19.8  23.3  17.4   MM   MM    MM
2026 09 04 06 30 250  4.0  5.0    MM    MM    MM  MM 1012.0  19.9  23.3  17.5   MM   MM    MM
2026 09 04 06 20 250  4.0  5.0   0.9     6   4.5 265 1012.0  20.2  23.3  17.6   MM   MM    MM
2026 09 04 06 10 250  3.0  4.0   0.9    MM   4.5 265 1011.9  20.1  23.3  17.4   MM   MM    MM
2026 09 04 06 00 250  3.0  4.0    MM    MM    MM  MM 1011.9  20.0  23.4  17.3   MM +0.4    MM
2026 09 04 05 50 260  3.0  4.0   1.0     5   4.6 267 1011.8  20.0  23.4  17.3   MM   MM    MM
2026 09 04 05 40 260  4.0  4.0    MM    MM    MM  MM 1011.8  20.0    MM  17.4   MM   MM    MM
2026 09 04 05 30 270  4.0  5.0    MM    MM    MM  MM 1011.8  20.1  23.3  17.5   MM   MM    MM
2026 09 04 05 20 270  4.0  5.0   0.9     5   4.3 283 1011.9  20.2  23.4  17.5   MM   MM    MM
2026 09 04 05 10 270  3.0  4.0   0.9    MM   4.3 283 1011.9  20.2  23.4  17.4   MM   MM    MM
2026 09 04 05 00 270  3.0  4.0    MM    MM    MM  MM 1011.9  20.2  23.3  17.5   MM +0.6    MM
2026 09 04 04 50 260  4.0  5.0   0.9     4   4.4 280 1011.9  20.2  23.4  17.7   MM   MM    MM
2026 09 04 04 40 260  4.0  5.0    MM    MM    MM  MM 1011.9  20.6  23.4  18.0   MM   MM    MM
2026 09 04 04 30 250  3.0  5.0    MM    MM    MM  MM 1011.8  20.9  23.4  17.2   MM   MM    MM
2026 09 04 04 20 250  3.0  4.0   1.0    16   4.5 151 1011.9  21.0  23.5  16.8   MM   MM    MM
2026 09 04 04 10 260  2.0  3.0   1.0    MM   4.5 151 1011.8  21.1  23.5  16.9   MM   MM    MM
2026 09 04 04 00 290  2.0  4.0    MM    MM    MM  MM 1011.7  21.2  23.5  16.7   MM -0.0    MM
2026 09 04 03 50 300  3.0  4.0   0.9    12   4.6 225 1011.6  21.2  23.5  16.5   MM   MM    MM
2026 09 04 03 40 300  3.0  4.0    MM    MM    MM  MM 1011.5  21.1  23.5  16.6   MM   MM    MM
2026 09 04 03 30 310  4.0  5.0    MM    MM    MM  MM 1011.5  20.9  23.5  16.6   MM   MM    MM
2026 09 04 03 20 310  4.0  5.0   0.9     5   4.7 263 1011.4  20.8  23.5  16.9   MM   MM    MM
2026 09 04 03 10 300  4.0  5.0   0.9    MM   4.7 263 1011.4  20.8  23.5  16.7   MM   MM    MM
2026 09 04 03 00 320  4.0  5.0    MM    MM    MM  MM 1011.4  20.7  23.6  16.9   MM -0.5    MM
2026 09 04 02 50 310  4.0  5.0   0.9    12   4.9 207 1011.3  20.6  23.6  17.2   MM   MM    MM
2026 09 04 02 40 320  4.0  6.0    MM    MM    MM  MM 1011.1  20.8  23.6  17.7   MM   MM    MM
2026 09 04 02 30 310  4.0  5.0    MM    MM    MM  MM 1011.3  20.8  23.7  16.8   MM   MM    MM
2026 09 04 02 20 300  4.0  5.0   0.8    11   4.6 202 1011.3  20.8  23.7  16.9   MM   MM    MM
2026 09 04 02 10 290  5.0  6.0   0.8    MM   4.6 202 1011.3  20.8  23.7  17.9   MM   MM    MM
2026 09 04 02 00 280  5.0  7.0    MM    MM    MM  MM 1011.3  20.7  23.8  17.9   MM -1.0    MM
2026 09 04 01 50 280  5.0  7.0   0.8    11   4.7 193 1011.3  20.7  23.8  17.8   MM   MM    MM
2026 09 04 01 40 270  6.0  7.0   0.8    MM   4.7 193 1011.4  20.7  23.8  17.5   MM   MM    MM
2026 09 04 01 30 270  6.0  7.0    MM    MM    MM  MM 1011.4  20.7  23.8  17.0   MM   MM    MM
2026 09 04 01 20 270  6.0  7.0   0.8    11   4.8 196 1011.4  20.5  23.9  16.7   MM   MM    MM
2026 09 04 01 10 270  6.0  7.0    MM    MM    MM  MM 1011.5  20.5  23.9  17.6   MM   MM    MM
2026 09 04 01 00 260  6.0  7.0    MM    MM    MM  MM 1011.6  20.5  24.0  17.1   MM -1.4    MM
2026 09 04 00 50 260  6.0  7.0   0.7    11   5.0 161 1011.6  20.6  24.0  16.7   MM   MM    MM
2026 09 04 00 40 260  5.0  7.0   0.7    MM   5.0 161 1011.7  20.5  24.0  16.5   MM   MM    MM
2026 09 04 00 30 250  4.0  5.0    MM    MM    MM  MM 1011.8  20.4  24.1  16.8   MM   MM    MM
2026 09 04 00 20 250  4.0  5.0   0.7    11   5.4 224 1011.9  20.4  24.0  17.1   MM   MM    MM
2026 09 04 00 10 260  4.0  6.0   0.7    MM   5.4 224 1011.9  20.3  24.1  16.7   MM   MM    MM
2026 09 04 00 00 260  4.0  6.0    MM    MM    MM  MM 1011.9  20.3  24.1  16.7   MM -1.3    MM
2026 09 03 23 50 270  5.0  6.0   0.7    11   5.0 191 1012.1  20.3  24.2  16.9   MM   MM    MM
2026 09 03 23 40 260  5.0  6.0    MM    MM    MM  MM 1012.1  20.4  24.2  17.1   MM   MM    MM
2026 09 03 23 30 280  4.0  5.0    MM    MM    MM  MM 1012.1  20.4  24.3  17.1   MM   MM    MM
2026 09 03 23 20 280  4.0  5.0   0.7    12   5.1 183 1012.2  20.3  24.3  16.8   MM   MM    MM
2026 09 03 23 10 270  4.0  5.0   0.7    MM   5.1 183 1012.3  20.4  24.3  17.0   MM   MM    MM
2026 09 03 23 00 270  3.0  5.0    MM    MM    MM  MM 1012.3  20.3  24.3  16.7   MM -1.3    MM
2026 09 03 22 50 270  3.0  4.0   0.8    12   5.1 202 1012.4  20.4  24.3  16.9   MM   MM    MM
2026 09 03 22 40 260  3.0  4.0   0.8    MM   5.1 202 1012.4  20.3  24.3  16.8   MM   MM    MM
2026 09 03 22 30 270  3.0  4.0    MM    MM    MM  MM 1012.6  20.3  24.3  16.9   MM   MM    MM
2026 09 03 22 20 270  2.0  4.0   0.8    11   5.3 201 1012.7  20.3  24.3  17.0   MM   MM    MM
2026 09 03 22 10 260  2.0  4.0    MM    MM    MM  MM 1012.8  20.3  24.3  17.0   MM   MM    MM
2026 09 03 22 00 260  3.0  3.0    MM    MM    MM  MM 1012.9  20.2  24.3  16.9   MM -1.1    MM
2026 09 03 21 50 260  3.0  4.0   0.8     6   4.9 259 1012.9  20.2  24.3  17.0   MM   MM    MM
2026 09 03 21 40 270  3.0  4.0    MM    MM    MM  MM 1013.0  20.2  24.2  17.0   MM   MM    MM
2026 09 03 21 30 260  3.0  4.0    MM    MM    MM  MM 1013.0  20.2  24.0  17.0   MM   MM    MM
2026 09 03 21 20 260  3.0  4.0   0.8     6   5.0 265 1013.1  20.1  24.2  17.0   MM   MM    MM
2026 09 03 21 10 250  3.0  4.0   0.8    MM   5.0 265 1013.2  20.1  24.2  17.0   MM   MM    MM
2026 09 03 21 00 250  3.0  4.0    MM    MM    MM  MM 1013.2  20.1  24.2  17.0   MM -1.1    MM
2026 09 03 20 50 250  3.0  4.0   0.8     6   4.8 259 1013.2  20.1  24.1  17.0   MM   MM    MM
2026 09 03 20 40 260  3.0  4.0    MM    MM    MM  MM 1013.3  20.1  24.2  17.0   MM   MM    MM
2026 09 03 20 30 250  3.0  3.0    MM    MM    MM  MM 1013.3  20.1  23.9  17.1   MM   MM    MM
2026 09 03 20 20 240  2.0  3.0   0.9     5   5.0 270 1013.4  20.1  23.8  16.9   MM   MM    MM
2026 09 03 20 10 250  2.0  3.0   0.9    MM   5.0 270 1013.4  20.5  23.8  17.1   MM   MM    MM
2026 09 03 20 00 100  1.0  2.0    MM    MM    MM  MM 1013.6  20.8  23.8  16.8   MM -0.7    MM
2026 09 03 19 50 120  1.0  2.0   0.9     6   5.0 261 1013.6  20.7  23.8  16.7   MM   MM    MM
2026 09 03 19 40 160  1.0  2.0    MM    MM    MM  MM 1013.7  20.6  23.8  16.7   MM   MM    MM
2026 09 03 19 30  MM  0.0  1.0    MM    MM    MM  MM 1013.8  20.5  23.8  16.8   MM   MM    MM
2026 09 03 19 20  MM  0.0  1.0   0.9     6   5.0 270 1013.9  20.4  23.8  16.9   MM   MM    MM
2026 09 03 19 10  MM  0.0  1.0   0.9    MM   5.0 270 1014.0  20.2  23.9  16.9   MM   MM    MM
2026 09 03 19 00 320  1.0  1.0    MM    MM    MM  MM 1014.0  20.1  23.8  16.7   MM +0.0    MM
2026 09 03 18 50 320  1.0  2.0   1.0     6   5.0 257 1014.2  20.1  23.8  16.8   MM   MM    MM
2026 09 03 18 40 350  1.0  2.0    MM    MM    MM  MM 1014.3  20.1  23.8  16.7   MM   MM    MM
2026 09 03 18 30  MM  0.0  1.0    MM    MM    MM  MM 1014.3  20.3  23.8  16.7   MM   MM    MM
2026 09 03 18 20  10  1.0  2.0   1.0     6   4.9 262 1014.4  20.2  23.8  16.6   MM   MM    MM
2026 09 03 18 10  10  1.0  2.0   1.0    MM   4.9 262 1014.4  20.0  23.8  16.4   MM   MM    MM
2026 09 03 18 00 330  1.0  2.0    MM    MM    MM  MM 1014.4  20.0  23.8  16.3   MM +0.3    MM
2026 09 03 17 50 350  1.0  1.0   1.0     5   5.1 271 1014.3  19.9  23.8  16.1   MM   MM    MM
2026 09 03 17 40  20  2.0  3.0    MM    MM    MM  MM 1014.4  19.9  23.8  16.4   MM   MM    MM
2026 09 03 17 30 330  1.0  2.0    MM    MM    MM  MM 1014.3  19.9  23.8  16.3   MM   MM    MM
2026 09 03 17 20 350  1.0  2.0   1.1     6   5.0 265 1014.3  19.9  23.8  16.5   MM   MM    MM
2026 09 03 17 10 350  1.0  3.0   1.1    MM   5.0 265 1014.3  19.9  23.8  16.6   MM   MM    MM
2026 09 03 17 00 350  2.0  3.0    MM    MM    MM  MM 1014.3  19.9  23.8  16.6   MM +0.7    MM
2026 09 03 16 50 340  2.0  3.0   1.1     5   5.0 269 1014.3  19.9    MM  16.7   MM   MM    MM
2026 09 03 16 40 330  2.0  3.0    MM    MM    MM  MM 1014.3  19.8  23.7  16.7   MM   MM    MM
2026 09 03 16 30 340  2.0  4.0    MM    MM    MM  MM 1014.3  20.0  23.7  16.8   MM   MM    MM
2026 09 03 16 20 340  1.0  3.0   1.1     6   5.0 270 1014.2  19.9  23.7  16.4   MM   MM    MM
2026 09 03 16 10 340  2.0  3.0   1.1    MM   5.0 270 1014.2  19.9  23.7  16.5   MM   MM    MM
2026 09 03 16 00 330  2.0  3.0    MM    MM    MM  MM 1014.1  19.9  23.7  16.6   MM +0.6    MM
2026 09 03 15 50 330  2.0  3.0   1.1     6   4.9 266 1014.1  19.9  23.7  16.5   MM   MM    MM
2026 09 03 15 40 320  2.0  3.0    MM    MM    MM  MM 1014.0  19.9  23.6  16.5   MM   MM    MM
2026 09 03 15 30 320  2.0  3.0    MM    MM    MM  MM 1014.2  19.9  23.6  16.5   MM   MM    MM
2026 09 03 15 20 320  2.0  4.0   1.1     5   4.9 267 1014.2  19.9  23.6  16.3   MM   MM    MM
2026 09 03 15 10 330  2.0  4.0   1.1    MM   4.9 267 1014.2  19.8  23.6  16.2   MM   MM    MM
2026 09 03 15 00 320  2.0  4.0    MM    MM    MM  MM 1014.1  19.8  23.5  16.3   MM +0.5    MM
2026 09 03 14 50 330  3.0  4.0   1.1     6   4.9 265 1014.0  19.9  23.5  16.5   MM   MM    MM
2026 09 03 14 40 330  3.0  5.0    MM    MM    MM  MM 1014.0  19.9  23.5  16.4   MM   MM    MM
2026 09 03 14 30 330  3.0  5.0    MM    MM    MM  MM 1013.8  19.9  23.4  16.5   MM   MM    MM
2026 09 03 14 20 340  3.0  5.0   1.1     5   4.9 269 1013.7  19.9  23.3  16.3   MM   MM    MM
2026 09 03 14 10 320  3.0  5.0   1.1    MM   4.9 269 1013.7  19.8  23.3  16.5   MM   MM    MM
2026 09 03 14 00 280  3.0  4.0    MM    MM    MM  MM 1013.5  19.7  23.2  16.7   MM +0.0    MM
2026 09 03 13 50 270  3.0  3.0   1.1     6   4.8 270 1013.5  19.6    MM  16.4   MM   MM    MM
2026 09 03 13 40 270  2.0  3.0    MM    MM    MM  MM 1013.5  19.7  23.0  16.6   MM   MM    MM
2026 09 03 13 30 270  3.0  4.0    MM    MM    MM  MM 1013.5  19.7  22.9  16.6   MM   MM    MM
2026 09 03 13 20 260  3.0  4.0   1.2     6   4.9 263 1013.4  19.7  22.9  16.6   MM   MM    MM
2026 09 03 13 10 270  3.0  4.0   1.2    MM   4.9 263 1013.5  19.7  22.8  16.4   MM   MM    MM
2026 09 03 13 00 260  3.0  4.0    MM    MM    MM  MM 1013.5  19.6  22.9  16.4   MM -0.3    MM
2026 09 03 12 50 270  4.0  5.0   1.1     6   4.9 268 1013.5    MM  22.9    MM   MM   MM    MM
2026 09 03 12 40 280  5.0  5.0    MM    MM    MM  MM 1013.5  19.6  22.9  16.7   MM   MM    MM
2026 09 03 12 30 270  5.0  6.0    MM    MM    MM  MM 1013.5  19.6  22.7  16.8   MM   MM    MM
2026 09 03 12 20 260  5.0  5.0   1.1     6   4.9 277 1013.5  19.6  22.5  16.8   MM   MM    MM
2026 09 03 12 10 270  4.0  5.0   1.1    MM   4.9 277 1013.5  19.7  22.5  16.9   MM   MM    MM
2026 09 03 12 00 270  5.0  6.0    MM    MM    MM  MM 1013.5  19.7  22.5  16.8   MM -0.7    MM
2026 09 03 11 50 280  4.0  5.0   1.1     6   4.9 273 1013.5  19.8  22.5  17.1   MM   MM    MM
2026 09 03 11 40 270  5.0  6.0    MM    MM    MM  MM 1013.6  19.7  22.5  17.2   MM   MM    MM
2026 09 03 11 30 270  5.0  7.0    MM    MM    MM  MM 1013.5  19.6  22.5  17.3   MM   MM    MM
2026 09 03 11 20 270  6.0  7.0   1.1     6   4.9 283 1013.6  19.7  22.5  17.5   MM   MM    MM
2026 09 03 11 10 270  6.0  7.0   1.1    MM   4.9 283 1013.5  19.8  22.4  17.5   MM   MM    MM
2026 09 03 11 00 270  6.0  7.0    MM    MM    MM  MM 1013.6  19.8  22.4  17.4   MM -0.9    MM
2026 09 03 10 50 270  6.0  7.0   1.2     6   5.1 270 1013.6  20.0  22.4  17.4   MM   MM    MM
2026 09 03 10 40 270  5.0  6.0    MM    MM    MM  MM 1013.8  20.1  22.4  17.1   MM   MM    MM
2026 09 03 10 30 270  5.0  6.0    MM    MM    MM  MM 1013.8  19.9  22.4  17.0   MM   MM    MM
2026 09 03 10 20 270  5.0  6.0   1.0     6   5.0 272 1013.8  20.0  22.3  17.3   MM   MM    MM
2026 09 03 10 10 280  5.0  6.0   1.0    MM   5.0 272 1013.9  20.0  22.3  17.3   MM   MM    MM
2026 09 03 10 00 280  6.0  7.0    MM    MM    MM  MM 1013.8  20.0  21.8  17.4   MM -0.7    MM
2026 09 03 09 50 270  6.0  7.0   1.1     5   4.7 274 1013.8  20.0  21.8  17.6   MM   MM    MM
2026 09 03 09 40 270  5.0  6.0    MM    MM    MM  MM 1014.0  20.0  21.8  17.8   MM   MM    MM
2026 09 03 09 30 280  5.0  6.0    MM    MM    MM  MM 1014.2  19.9  21.8  17.7   MM   MM    MM
2026 09 03 09 20 280  5.0  6.0   1.1     5   4.7 275 1014.2  20.0  21.8  17.9   MM   MM    MM
2026 09 03 09 10 270  6.0  7.0   1.1    MM   4.7 275 1014.2  19.9  21.7  17.8   MM   MM    MM
2026 09 03 09 00 280  6.0  7.0    MM    MM    MM  MM 1014.3  19.9  21.7  17.9   MM +0.0    MM
2026 09 03 08 50 280  6.0  7.0   1.0     6   4.7 276 1014.3  19.9  21.7  18.0   MM   MM    MM
2026 09 03 08 40 270  7.0  8.0    MM    MM    MM  MM 1014.4  19.8  21.8  17.7   MM   MM    MM
2026 09 03 08 30 280  6.0  8.0    MM    MM    MM  MM 1014.5  19.9  21.8  17.8   MM   MM    MM
2026 09 03 08 20 270  7.0  8.0   1.1    11   4.6 189 1014.5  19.9  21.8  18.0   MM   MM    MM
2026 09 03 08 10 270  7.0  7.0    MM    MM    MM  MM 1014.5  19.9  21.8  17.7   MM   MM    MM
2026 09 03 08 00 270  6.0  7.0    MM    MM    MM  MM 1014.5  20.1  21.8  18.0   MM +0.0    MM
2026 09 03 07 50 270  6.0  7.0   1.1     6   4.4 275 1014.5  20.1  21.8  18.2   MM   MM    MM
2026 09 03 07 40 270  6.0  7.0    MM    MM    MM  MM 1014.5  20.2    MM  18.3   MM   MM    MM
2026 09 03 07 30 270  5.0  6.0    MM    MM    MM  MM 1014.6  20.1  21.8  18.4   MM   MM    MM
2026 09 03 07 20 270  5.0  7.0   1.1     5   4.5 268 1014.6  20.0  21.8  18.2   MM   MM    MM
2026 09 03 07 10 270  6.0  7.0    MM    MM    MM  MM 1014.9  19.9  21.8  18.1   MM   MM    MM
2026 09 03 07 00 270  5.0  6.0    MM    MM    MM  MM 1014.4  20.0    MM  18.4   MM +0.3    MM
2026 09 03 06 50 270  6.0  7.0   1.1    11   4.6 212 1014.5  20.0    MM  18.3   MM   MM    MM
2026 09 03 06 40 260  6.0  7.0   1.1    MM   4.6 212 1014.5  20.0  21.8  18.2   MM   MM    MM
2026 09 03 06 30 270  6.0  7.0    MM    MM    MM  MM 1014.5  20.2  21.8  18.3   MM   MM    MM
2026 09 03 06 20 270  6.0  8.0   1.0    11   4.4 181 1014.4  20.1  21.8  18.2   MM   MM    MM
2026 09 03 06 10 270  7.0  8.0   1.0    MM   4.4 181 1014.3  20.2  21.8  18.2   MM   MM    MM
2026 09 03 06 00 270  7.0  8.0    MM    MM    MM  MM 1014.3  20.3  21.9  18.3   MM +0.4    MM
2026 09 03 05 50 270  7.0  9.0   1.0    MM   4.5 271 1014.7  20.3  21.9  18.3   MM   MM    MM
2026 09 03 05 40 270  6.0  7.0    MM    MM    MM  MM 1014.3  20.3  21.9  18.4   MM   MM    MM
2026 09 03 05 30 260  6.0  7.0    MM    MM    MM  MM 1014.2  20.3  21.9  18.4   MM   MM    MM
2026 09 03 05 20 270  6.0  7.0   1.1     5   4.4 273 1014.3  20.2  21.9  18.2   MM   MM    MM
2026 09 03 05 10 270  6.0  7.0   1.1    MM   4.4 273 1014.3  20.2  21.9  18.1   MM   MM    MM
2026 09 03 05 00 270  6.0  7.0    MM    MM    MM  MM 1014.3  20.2  21.9  18.1   MM +0.3    MM
2026 09 03 04 50 270  7.0  8.0   1.1     5   4.5 278 1014.4  20.2  21.9  18.1   MM   MM    MM
2026 09 03 04 40 270  6.0  7.0    MM    MM    MM  MM 1014.3  20.4  21.9  18.4   MM   MM    MM
2026 09 03 04 30 270  6.0  6.0    MM    MM    MM  MM 1014.3  20.5  21.9  18.2   MM   MM    MM
2026 09 03 04 20 280  6.0  7.0   1.1     5   4.5 268 1014.4  20.6  21.9  18.3   MM   MM    MM
2026 09 03 04 10 270  6.0  7.0   1.1    MM   4.5 268 1014.3  20.5  21.9  18.3   MM   MM    MM
2026 09 03 04 00 280  5.0  7.0    MM    MM    MM  MM 1014.2  20.4  22.0  18.2   MM -0.0    MM
2026 09 03 03 50 270  5.0  6.0   1.1     5   4.5 268 1014.1  20.4  22.0  18.4   MM   MM    MM
2026 09 03 03 40 270  6.0  6.0   1.1    MM   4.5 268 1014.0  20.4  22.0  18.3   MM   MM    MM
2026 09 03 03 30 270  5.0  7.0    MM    MM    MM  MM 1014.0  20.3  22.0  18.1   MM   MM    MM
2026 09 03 03 20 270  6.0  7.0   1.1     5   4.4 266 1014.0  20.2  22.0  17.8   MM   MM    MM
2026 09 03 03 10 260  7.0  8.0   1.1    MM   4.4 266 1014.0  20.2  22.0  17.7   MM   MM    MM
2026 09 03 03 00 260  6.0  7.0    MM    MM    MM  MM 1013.9  20.4  22.0  18.0   MM -0.4    MM
2026 09 03 02 50 270  7.0  8.0   1.1     5   4.4 265 1013.8  20.4  22.0  17.9   MM   MM    MM
2026 09 03 02 40 270  7.0  8.0   1.1    MM   4.4 265 1013.7  20.4  22.1  17.9   MM   MM    MM
2026 09 03 02 30 270  7.0  9.0    MM    MM    MM  MM 1013.8  20.5  22.1  18.1   MM   MM    MM
2026 09 03 02 20 270  6.0  7.0   1.0     5   4.6 263 1013.8  20.7  22.1  18.2   MM   MM    MM
2026 09 03 02 10 270  5.0  6.0   1.0    MM   4.6 263 1013.9  20.8  22.2  18.1   MM   MM    MM
2026 09 03 02 00 260  5.0  6.0    MM    MM    MM  MM 1013.9  21.0  22.1  18.2   MM -0.8    MM
2026 09 03 01 50 270  4.0  6.0   1.0     5   4.8 265 1014.0  21.3  22.1  17.6   MM   MM    MM
2026 09 03 01 40 280  3.0  3.0    MM    MM    MM  MM 1014.1  21.3  22.1  16.8   MM   MM    MM
2026 09 03 01 30 280  3.0  3.0    MM    MM    MM  MM 1014.0  21.4  22.1  16.8   MM   MM    MM
2026 09 03 01 20 290  3.0  4.0   0.9     5   4.9 262 1014.0  21.3  22.1  16.8   MM   MM    MM
2026 09 03 01 10 300  3.0  4.0   0.9    MM   4.9 262 1014.1  21.3  22.2  17.0   MM   MM    MM
2026 09 03 01 00 300  3.0  4.0    MM    MM    MM  MM 1014.1  21.3  22.2  16.9   MM -1.4    MM
2026 09 03 00 50 300  3.0  4.0   0.8    12   4.9 185 1014.2  21.4  22.2  17.0   MM   MM    MM
2026 09 03 00 40 290  3.0  4.0    MM    MM    MM  MM 1014.2  21.4  22.2  17.0   MM   MM    MM
2026 09 03 00 30 290  3.0  4.0    MM    MM    MM  MM 1014.3  21.3    MM  16.7   MM   MM    MM
2026 09 03 00 20 300  4.0  5.0   0.8    10   5.3 193 1014.2  21.3  22.2  16.3   MM   MM    MM
2026 09 03 00 10 290  4.0  5.0   0.8    MM   5.3 193 1014.3  21.3  22.2  15.9   MM   MM    MM
2026 09 03 00 00 290  4.0  5.0    MM    MM    MM  MM 1014.3  21.2  22.2  16.0   MM -1.5    MM
2026 09 02 23 50 290  4.0  5.0   0.7    13   5.3 222 1014.4  21.0  22.2  16.1   MM   MM    MM
2026 09 02 23 40 280  4.0  5.0    MM    MM    MM  MM 1014.3  20.9  22.2  16.4   MM   MM    MM
2026 09 02 23 30 280  5.0  5.0    MM    MM    MM  MM 1014.4  20.8  22.2  16.1   MM   MM    MM
2026 09 02 23 20 270  5.0  5.0   0.8    12   5.2 194 1014.6  20.7  22.2  16.0   MM   MM    MM
2026 09 02 23 10 270  4.0  5.0    MM    MM    MM  MM 1014.6  20.6  22.2  16.2   MM   MM    MM
2026 09 02 23 00 260  4.0  5.0    MM    MM    MM  MM 1014.8  20.4  22.2  15.9   MM -1.5    MM
2026 09 02 22 50 260  5.0  5.0   0.7    12   5.4 223 1014.9  20.3  22.2  15.8   MM   MM    MM
2026 09 02 22 40 240  5.0  5.0    MM    MM    MM  MM 1015.0  20.3  22.2  15.4   MM   MM    MM
2026 09 02 22 30 240  5.0  5.0    MM    MM    MM  MM 1015.1  20.2  22.2  15.5   MM   MM    MM
2026 09 02 22 20 240  5.0  5.0   0.8    13   6.0 185 1015.2  20.1  22.1  15.9   MM   MM    MM
2026 09 02 22 10 240  5.0  5.0   0.8    MM   6.0 185 1015.3  20.1  22.1  16.2   MM   MM    MM
2026 09 02 22 00 250  4.0  5.0    MM    MM    MM  MM 1015.4  20.1  22.1  16.2   MM -1.1    MM
2026 09 02 21 50 250  4.0  5.0   0.7    13   5.9 168 1015.5  20.0  22.1  16.2   MM   MM    MM
2026 09 02 21 40 250  4.0  5.0    MM    MM    MM  MM 1015.6  20.0  22.1  16.2   MM   MM    MM
2026 09 02 21 30 250  4.0  5.0    MM    MM    MM  MM 1015.7  20.0  22.1  16.4   MM   MM    MM
2026 09 02 21 20 250  4.0  5.0   0.7    10   5.6 190 1015.8  20.0  22.1  16.4   MM   MM    MM
2026 09 02 21 10 260  4.0  5.0   0.7    MM   5.6 190 1015.9  19.9  22.0  16.2   MM   MM    MM
2026 09 02 21 00 260  4.0  5.0    MM    MM    MM  MM 1015.9  19.9  22.0  16.4   MM -0.9    MM
2026 09 02 20 50 260  4.0  5.0   0.7    12   5.5 178 1015.9  20.0  22.0  16.5   MM   MM    MM
2026 09 02 20 40 260  4.0  5.0    MM    MM    MM  MM 1016.0  20.0  22.0  16.5   MM   MM    MM
2026 09 02 20 30 270  3.0  4.0    MM    MM    MM  MM 1016.1  20.0  21.9  16.8   MM   MM    MM
2026 09 02 20 20 290  3.0  4.0   0.8    13   5.7 200 1016.0  20.0  21.9  16.7   MM   MM    MM
2026 09 02 20 10 300  4.0  5.0   0.8    MM   5.7 200 1016.2  20.0  21.9  16.6   MM   MM    MM
2026 09 02 20 00 300  4.0  5.0    MM    MM    MM  MM 1016.2  20.0  21.9  16.5   MM +0.0    MM
2026 09 02 19 50 300  4.0  5.0   0.7    10   5.4 196 1016.3  20.0  21.8  16.3   MM   MM    MM
2026 09 02 19 40 300  4.0  4.0    MM    MM    MM  MM 1016.4  20.0  21.8  16.4   MM   MM    MM
2026 09 02 19 30 300  4.0  4.0    MM    MM    MM  MM 1016.4  20.0  21.8  16.2   MM   MM    MM
2026 09 02 19 20 300  4.0  4.0   0.7    11   5.2 184 1016.5  20.0  21.8  16.0   MM   MM    MM
2026 09 02 19 10 310  4.0  4.0   0.7    MM   5.2 184 1016.5  20.1  21.8  16.0   MM   MM    MM
2026 09 02 19 00 310  3.0  4.0    MM    MM    MM  MM 1016.6  20.0  21.8  15.9   MM +0.5    MM
2026 09 02 18 50 310  3.0  4.0   0.8    13   5.4 174 1016.5  19.9  21.7  15.7   MM   MM    MM
2026 09 02 18 40 320  3.0  4.0    MM    MM    MM  MM 1016.6  19.9  21.7  15.5   MM   MM    MM
2026 09 02 18 30 320  3.0  4.0    MM    MM    MM  MM 1016.6  19.8  21.7  15.4   MM   MM    MM
2026 09 02 18 20 320  3.0  4.0   0.7    13   5.2 177 1016.6  19.8  21.7  16.0   MM   MM    MM
2026 09 02 18 10 320  4.0  4.0   0.7    MM   5.2 177 1016.6  19.7  21.7  15.7   MM   MM    MM
2026 09 02 18 00 320  4.0  5.0    MM    MM    MM  MM 1016.7  19.7  21.6  15.8   MM +0.7    MM
2026 09 02 17 50 310  3.0  4.0   0.8    13   5.3 167 1016.8  19.7  21.6  16.0   MM   MM    MM
2026 09 02 17 40 310  3.0  4.0    MM    MM    MM  MM 1016.7  19.6    MM  15.8   MM   MM    MM
2026 09 02 17 30 310  3.0  4.0    MM    MM    MM  MM 1016.6  19.6  21.6  16.0   MM   MM    MM
2026 09 02 17 20 320  3.0  3.0   0.8     5   4.9 273 1016.5  19.6  21.6  16.1   MM   MM    MM
2026 09 02 17 10 320  3.0  4.0    MM    MM    MM  MM 1016.4  19.5  21.5  15.9   MM   MM    MM
2026 09 02 17 00 310  3.0  3.0    MM    MM    MM  MM 1016.2  19.4  21.5  15.9   MM +0.5    MM
2026 09 02 16 50 320  3.0  4.0   0.9    13   5.3 204 1016.2  19.4  21.5  16.2   MM   MM    MM
2026 09 02 16 40 320  3.0  4.0    MM    MM    MM  MM 1016.1  19.3  21.5  16.2   MM   MM    MM
2026 09 02 16 30 320  3.0  4.0    MM    MM    MM  MM 1016.0  19.3  21.4  16.2   MM   MM    MM
2026 09 02 16 20 330  2.0  4.0   0.9    13   5.1 224 1016.0  19.3  21.4  16.3   MM   MM    MM
2026 09 02 16 10 320  3.0  4.0   0.9    MM   5.1 224 1016.0  19.2  21.4  16.3   MM   MM    MM
2026 09 02 16 00 330  3.0  4.0    MM    MM    MM  MM 1016.1  19.2  21.4  16.2   MM +0.9    MM
2026 09 02 15 50 330  3.0  4.0   0.9    13   4.9 191 1016.2  19.1  21.4  16.2   MM   MM    MM
2026 09 02 15 40 330  3.0  4.0    MM    MM    MM  MM 1016.2  19.2  21.4  16.4   MM   MM    MM
2026 09 02 15 30 340  3.0  4.0    MM    MM    MM  MM 1016.2  19.2  21.4  16.3   MM   MM    MM
2026 09 02 15 20 340  3.0  4.0   1.0     5   5.1 270 1016.0  19.2  21.3  16.3   MM   MM    MM
2026 09 02 15 10 340  3.0  4.0   1.0    MM   5.1 270 1016.0  19.2  21.3  16.2   MM   MM    MM
2026 09 02 15 00 340  3.0  4.0    MM    MM    MM  MM 1016.0  19.2  21.3  16.2   MM +0.9    MM
2026 09 02 14 50 340  3.0  4.0   1.0     5   5.1 268 1016.0  19.3  21.3  16.2   MM   MM    MM
2026 09 02 14 40 340  3.0  4.0    MM    MM    MM  MM 1016.0  19.3  21.2  16.1   MM   MM    MM
2026 09 02 14 30 340  3.0  3.0    MM    MM    MM  MM 1016.0  19.3  21.2  16.0   MM   MM    MM
2026 09 02 14 20 340  3.0  4.0   0.9     6   5.1 262 1016.0  19.3  21.2  16.0   MM   MM    MM
2026 09 02 14 10 350  3.0  4.0    MM    MM    MM  MM 1015.8  19.3  21.2  16.0   MM   MM    MM
2026 09 02 14 00 350  3.0  4.0    MM    MM    MM  MM 1015.6  19.2  21.2  16.0   MM +0.6    MM
2026 09 02 13 50 350  3.0  5.0   1.0    13   5.3 198 1015.6  19.2  21.2  15.9   MM   MM    MM
2026 09 02 13 40 340  3.0  5.0   1.0    MM   5.3 198 1015.4  19.2  21.2  16.0   MM   MM    MM
2026 09 02 13 30 340  4.0  4.0    MM    MM    MM  MM 1015.2  19.2  21.1  15.9   MM   MM    MM
2026 09 02 13 20 340  4.0  5.0   1.0    11   5.3 161 1015.2  19.2    MM  16.0   MM   MM    MM
2026 09 02 13 10 350  4.0  5.0   1.0    MM   5.3 161 1015.1  19.2  21.1  16.0   MM   MM    MM
2026 09 02 13 00 340  4.0  6.0    MM    MM    MM  MM 1015.1  19.3  21.1  16.1   MM +0.0    MM
2026 09 02 12 50 340  4.0  6.0   0.9    13   5.0 149 1015.1  19.3  21.1  15.7   MM   MM    MM
2026 09 02 12 40 340  4.0  5.0    MM    MM    MM  MM 1015.1  19.3  21.1  15.9   MM   MM    MM
2026 09 02 12 30 350  4.0  5.0    MM    MM    MM  MM 1015.1  19.3  21.1  15.7   MM   MM    MM
2026 09 02 12 20 340  4.0  5.0   1.0    13   5.1 179 1015.1  19.3  21.1  15.6   MM   MM    MM
2026 09 02 12 10 350  5.0  5.0   1.0    MM   5.1 179 1015.1  19.4  21.1  15.6   MM   MM    MM
2026 09 02 12 00 350  5.0  6.0    MM    MM    MM  MM 1015.1  19.4  21.1  15.6   MM +0.0    MM
2026 09 02 11 50 350  5.0  6.0   1.0    12   5.0 203 1015.1  19.4  21.1  15.6   MM   MM    MM
2026 09 02 11 40 350  5.0  6.0    MM    MM    MM  MM 1015.1  19.5  21.2  15.4   MM   MM    MM
2026 09 02 11 30 350  5.0  6.0    MM    MM    MM  MM 1015.1  19.6  21.2  15.2   MM   MM    MM
2026 09 02 11 20 350  5.0  6.0   0.9    13   5.1 164 1015.1  19.6  21.2  14.8   MM   MM    MM
2026 09 02 11 10 340  6.0  7.0   0.9    MM   5.1 164 1015.1  19.7  21.1  15.4   MM   MM    MM
2026 09 02 11 00 340  5.0  6.0    MM    MM    MM  MM 1015.0  19.8  21.1  15.5   MM +0.0    MM
2026 09 02 10 50 330  4.0  6.0   1.0     5   5.1 268 1015.0  19.6  21.1  15.4   MM   MM    MM
2026 09 02 10 40 260  3.0  3.0   1.0    MM   5.1 268 1015.0  19.4  21.1  15.7   MM   MM    MM
2026 09 02 10 30 260  3.0  4.0    MM    MM    MM  MM 1015.1  19.4  21.1  15.9   MM   MM    MM
2026 09 02 10 20 260  4.0  5.0   1.0    12   5.0 158 1015.1  19.4  21.1  15.9   MM   MM    MM
2026 09 02 10 10 260  4.0  5.0   1.0    MM   5.0 158 1015.1  19.5  21.1  16.0   MM   MM    MM
2026 09 02 10 00 260  4.0  5.0    MM    MM    MM  MM 1015.1  19.5  21.1  15.8   MM +0.0    MM
2026 09 02 09 50 260  4.0  5.0   1.0    12   5.0 162 1015.0  19.6  21.1  16.0   MM   MM    MM
2026 09 02 09 40 260  4.0  5.0    MM    MM    MM  MM 1015.1  19.6  21.1  16.0   MM   MM    MM
2026 09 02 09 30 270  4.0  5.0    MM    MM    MM  MM 1015.1  19.7  21.1  16.1   MM   MM    MM
2026 09 02 09 20 270  4.0  5.0   1.0    13   4.8 228 1015.1  19.7  21.1  15.9   MM   MM    MM
2026 09 02 09 10 260  4.0  5.0   1.0    MM   4.8 228 1015.1  19.7  21.2  15.9   MM   MM    MM
2026 09 02 09 00 260  4.0  5.0    MM    MM    MM  MM 1015.1  19.7  21.2  16.1   MM +0.3    MM
2026 09 02 08 50 260  5.0  6.0   0.9     5   4.7 265 1015.0  19.6  21.2  16.3   MM   MM    MM
2026 09 02 08 40 260  5.0  6.0    MM    MM    MM  MM 1015.1  19.7  21.2  16.3   MM   MM    MM
2026 09 02 08 30 260  5.0  6.0    MM    MM    MM  MM 1015.2  19.7  21.2  15.9   MM   MM    MM
2026 09 02 08 20 260  6.0  7.0   1.0     6   4.7 259 1015.2  19.7  21.2  16.0   MM   MM    MM
2026 09 02 08 10 260  6.0  7.0   1.0    MM   4.7 259 1015.2  19.8  21.2  16.1   MM   MM    MM
2026 09 02 08 00 260  5.0  6.0    MM    MM    MM  MM 1015.1  20.0  21.2  15.9   MM +0.3    MM
2026 09 02 07 50 260  5.0  6.0   0.9     6   4.6 263 1015.1  19.8  21.3  15.8   MM   MM    MM
2026 09 02 07 40 250  6.0  7.0    MM    MM    MM  MM 1015.1  19.8  21.3  16.1   MM   MM    MM
2026 09 02 07 30 250  6.0  7.0    MM    MM    MM  MM 1015.1  19.8  21.3  15.7   MM   MM    MM
2026 09 02 07 20 250  5.0  7.0   1.0     6   4.8 265 1015.0  19.7    MM  15.5   MM   MM    MM
2026 09 02 07 10 250  6.0  7.0   1.0    MM   4.8 265 1015.0  19.7    MM  15.8   MM   MM    MM
2026 09 02 07 00 250  6.0  7.0    MM    MM    MM  MM 1015.0  19.8    MM  16.1   MM +0.7    MM
2026 09 02 06 50 250  6.0  7.0   1.0     5   4.7 270 1015.0  19.8  21.3  15.9   MM   MM    MM
2026 09 02 06 40 240  6.0  7.0   1.0    MM   4.7 270 1014.9  19.8  21.3  15.9   MM   MM    MM
2026 09 02 06 30 250  6.0  6.0    MM    MM    MM  MM 1014.9  19.8  21.4  15.9   MM   MM    MM
2026 09 02 06 20 240  5.0  6.0   0.9     6   4.7 264 1014.9  19.9  21.4  15.7   MM   MM    MM
2026 09 02 06 10 250  5.0  6.0   0.9    MM   4.7 264 1014.9  20.0  21.4  15.9   MM   MM    MM
2026 09 02 06 00 240  5.0  6.0    MM    MM    MM  MM 1014.8  20.0  21.4  15.9   MM +1.1    MM
2026 09 02 05 50 240  5.0  6.0   1.0    13   4.8 180 1014.7  20.1  21.4  15.7   MM   MM    MM
2026 09 02 05 40 250  5.0  6.0    MM    MM    MM  MM 1014.8  20.1  21.4  15.8   MM   MM    MM
2026 09 02 05 30 250  5.0  6.0    MM    MM    MM  MM 1014.9  20.3  21.4  16.3   MM   MM    MM
2026 09 02 05 20 260  5.0  6.0   1.0    13   4.8 184 1014.9  20.5  21.4  16.6   MM   MM    MM
2026 09 02 05 10 260  5.0  6.0   1.0    MM   4.8 184 1014.9  20.7  21.5  16.6   MM   MM    MM
2026 09 02 05 00 260  2.0  5.0    MM    MM    MM  MM 1014.9  20.8  21.5  15.7   MM +1.0    MM
2026 09 02 04 50 260  1.0  3.0   1.0     6   4.5 270 1014.8  20.8  21.5  15.3   MM   MM    MM
2026 09 02 04 40  MM  0.0  1.0    MM    MM    MM  MM 1014.7  20.8  21.5  14.9   MM   MM    MM
2026 09 02 04 30 310  1.0  2.0    MM    MM    MM  MM 1014.6  20.9  21.5  14.8   MM   MM    MM
2026 09 02 04 20 310  2.0  2.0   0.9     5   4.6 266 1014.4  20.9  21.5  14.8   MM   MM    MM
2026 09 02 04 10 320  2.0  3.0   0.9    MM   4.6 266 1014.3  20.9  21.5  15.3   MM   MM    MM
2026 09 02 04 00 320  2.0  3.0    MM    MM    MM  MM 1014.2  20.9  21.5  15.4   MM +0.4    MM
2026 09 02 03 50 310  3.0  4.0   1.0     9   4.7 163 1014.0  20.9  21.5  15.4   MM   MM    MM
2026 09 02 03 40 300  3.0  3.0   1.0    MM   4.7 163 1014.0  20.8  21.5  15.4   MM   MM    MM
2026 09 02 03 30 280  3.0  4.0    MM    MM    MM  MM 1013.9  20.9  21.5  16.0   MM   MM    MM
2026 09 02 03 20 280  3.0  4.0   1.0    10   4.7 157 1013.8  20.8  21.5  15.8   MM   MM    MM
2026 09 02 03 10 270  3.0  4.0   1.0    MM   4.7 157 1013.7  20.7    MM  15.7   MM   MM    MM
2026 09 02 03 00 270  3.0  4.0    MM    MM    MM  MM 1013.7  20.7  21.5  15.7   MM -0.4    MM
2026 09 02 02 50 270  4.0  5.0   1.0     5   4.9 260 1013.6  20.6  21.5  15.7   MM   MM    MM
2026 09 02 02 40 280  3.0  5.0   1.0    MM   4.9 260 1013.7  20.5  21.5  15.8   MM   MM    MM
2026 09 02 02 30 270  3.0  3.0    MM    MM    MM  MM 1013.7  20.6  21.5  16.0   MM   MM    MM
2026 09 02 02 20 250  2.0  3.0   0.9    10   5.1 173 1013.6  20.6  21.6  15.9   MM   MM    MM
2026 09 02 02 10 270  2.0  2.0   0.9    MM   5.1 173 1013.7  20.6  21.6  15.6   MM   MM    MM
2026 09 02 02 00 290  2.0  3.0    MM    MM    MM  MM 1013.7  20.7  21.5  15.7   MM -0.8    MM
2026 09 02 01 50 310  2.0  3.0   0.9    14   5.1 126 1013.7  20.7  21.7  15.7   MM   MM    MM
2026 09 02 01 40 310  2.0  4.0    MM    MM    MM  MM 1013.7  20.7  21.6  15.9   MM   MM    MM
2026 09 02 01 30 310  3.0  3.0    MM    MM    MM  MM 1013.7  20.8  21.7  15.7   MM   MM    MM
2026 09 02 01 20 310  2.0  3.0   0.9    13   5.5 135 1013.8  20.8  21.7  15.5   MM   MM    MM
2026 09 02 01 10 310  2.0  3.0   0.9    MM   5.5 135 1013.8  20.8  21.7  15.5   MM   MM    MM
2026 09 02 01 00 310  3.0  3.0    MM    MM    MM  MM 1013.9  20.8  21.7  15.4   MM -1.4    MM
2026 09 02 00 50 300  3.0  4.0   0.8    14   5.1 197 1013.8  20.8  21.7  15.1   MM   MM    MM
2026 09 02 00 40 300  3.0  4.0   0.8    MM   5.1 197 1014.0  20.8  21.7  15.2   MM   MM    MM
2026 09 02 00 30 300  3.0  4.0    MM    MM    MM  MM 1014.0  20.8  21.7  15.2   MM   MM    MM
2026 09 02 00 20 290  3.0  4.0   0.8     9   5.3 158 1014.1  20.7    MM  14.9   MM   MM    MM
2026 09 02 00 10 290  4.0  5.0   0.8    MM   5.3 158 1014.1  20.6  21.7  14.8   MM   MM    MM
2026 09 02 00 00 300  4.0  5.0    MM    MM    MM  MM 1014.1  20.6  21.7  14.7   MM -1.2    MM
2026 09 01 23 50 300  4.0  6.0   0.8     9   5.8 174 1014.2  20.5  21.7  14.6   MM   MM    MM
2026 09 01 23 40 290  5.0  6.0    MM    MM    MM  MM 1014.4  20.5  21.7  14.9   MM   MM    MM
2026 09 01 23 30 280  5.0  7.0    MM    MM    MM  MM 1014.3  20.4  21.7  15.0   MM   MM    MM
2026 09 01 23 20 260  5.0  7.0   0.8    10   6.2 160 1014.3  20.3  21.7  15.6   MM   MM    MM
2026 09 01 23 10 260  5.0  7.0    MM    MM    MM  MM 1014.5  20.1  21.7  15.7   MM   MM    MM
2026 09 01 23 00 260  5.0  6.0    MM    MM    MM  MM 1014.6  20.2  21.7  15.0   MM -1.3    MM
2026 09 01 22 50 260  6.0  6.0   0.8    10   6.6 162 1014.6  20.0  21.7  14.6   MM   MM    MM
2026 09 01 22 40 260  6.0  7.0    MM    MM    MM  MM 1014.7  19.9  21.7  14.6   MM   MM    MM
2026 09 01 22 30 260  5.0  7.0    MM    MM    MM  MM 1014.8  19.7  21.7  15.0   MM   MM    MM
2026 09 01 22 20 250  5.0  6.0   0.8     9   6.9 163 1014.9  19.5  21.7  15.5   MM   MM    MM
2026 09 01 22 10 250  5.0  6.0    MM    MM    MM  MM 1015.1  19.4  21.6  15.5   MM   MM    MM
2026 09 01 22 00 250  5.0  6.0    MM    MM    MM  MM 1015.1  19.4  21.6  15.7   MM -0.9    MM
2026 09 01 21 50 250  5.0  6.0   0.9    13   7.0 198 1015.2  19.4  21.6  15.8   MM   MM    MM
2026 09 01 21 40 250  4.0  5.0    MM    MM    MM  MM 1015.3  19.4  21.6  15.8   MM   MM    MM
2026 09 01 21 30 250  4.0  5.0    MM    MM    MM  MM 1015.4  19.3  21.6  15.6   MM   MM    MM
2026 09 01 21 20 260  4.0  5.0   0.9    10   6.7 162 1015.3  19.3  21.6  15.7   MM   MM    MM
2026 09 01 21 10 250  4.0  5.0   0.9    MM   6.7 162 1015.3  19.2  21.6  15.6   MM   MM    MM
2026 09 01 21 00 250  4.0  5.0    MM    MM    MM  MM 1015.3  19.1  21.6  15.5   MM -0.7    MM
2026 09 01 20 50 250  3.0  4.0   0.9    14   6.4 154 1015.4  19.1  21.6  15.5   MM   MM    MM
2026 09 01 20 40 250  3.0  4.0    MM    MM    MM  MM 1015.5  19.1  21.6  15.5   MM   MM    MM
2026 09 01 20 30 250  4.0  5.0    MM    MM    MM  MM 1015.6  19.0  21.6  15.4   MM   MM    MM
2026 09 01 20 20 250  3.0  4.0   1.0    10   7.0 160 1015.8  19.0  21.6  15.4   MM   MM    MM
2026 09 01 20 10 260  3.0  4.0   1.0    MM   7.0 160 1015.8  19.0  21.6  15.5   MM   MM    MM
2026 09 01 20 00 250  4.0  4.0    MM    MM    MM  MM 1015.9  19.0  21.6  15.5   MM +0.0    MM
2026 09 01 19 50 250  3.0  4.0   0.9    10   6.2 159 1016.0  19.0  21.6  15.5   MM   MM    MM
2026 09 01 19 40 250  3.0  4.0    MM    MM    MM  MM 1016.1  19.0  21.5  15.5   MM   MM    MM
2026 09 01 19 30 240  4.0  5.0    MM    MM    MM  MM 1016.2  19.0  21.5  15.6   MM   MM    MM
2026 09 01 19 20 250  4.0  5.0   0.9    10   5.9 160 1016.2  18.9  21.4  15.5   MM   MM    MM
2026 09 01 19 10 250  4.0  5.0    MM    MM    MM  MM 1016.1  18.9  21.4  15.6   MM   MM    MM
2026 09 01 19 00 240  4.0  4.0    MM    MM    MM  MM 1016.2  18.9  21.4  15.6   MM +0.6    MM
2026 09 01 18 50 240  4.0  4.0   0.9    10   5.8 169 1016.1  19.0  21.4  15.8   MM   MM    MM
2026 09 01 18 40 240  4.0  4.0   0.9    MM   5.8 169 1016.2  18.9  21.2  15.7   MM   MM    MM
2026 09 01 18 30 240  4.0  5.0    MM    MM    MM  MM 1016.3  18.9  21.1  15.7   MM   MM    MM
2026 09 01 18 20 240  3.0  4.0   0.9    10   5.7 188 1016.2  18.9  21.1  15.7   MM   MM    MM
2026 09 01 18 10 250  3.0  4.0    MM    MM    MM  MM 1016.2  19.0  21.0  15.9   MM   MM    MM
2026 09 01 18 00 250  3.0  4.0    MM    MM    MM  MM 1016.0  19.0  21.0  15.9   MM +0.9    MM
2026 09 01 17 50 270  3.0  4.0   1.0    11   5.8 163 1015.9  19.2    MM  15.9   MM   MM    MM
2026 09 01 17 40 270  1.0  3.0   1.0    MM   5.8 163 1015.8  19.5  21.0  15.3   MM   MM    MM
2026 09 01 17 30 360  1.0  1.0    MM    MM    MM  MM 1015.8  19.5  21.1  15.3   MM   MM    MM
2026 09 01 17 20 350  1.0  2.0   1.0    10   5.5 150 1015.8  19.4  21.1  15.2   MM   MM    MM
2026 09 01 17 10  10  2.0  3.0   1.0    MM   5.5 150 1015.8  19.3  21.3  15.2   MM   MM    MM
2026 09 01 17 00 360  1.0  3.0    MM    MM    MM  MM 1015.8  19.4  21.4  15.2   MM +1.2    MM
2026 09 01 16 50 330  2.0  3.0   1.0    11   5.3 166 1015.7  19.3  21.6  15.1   MM   MM    MM
2026 09 01 16 40 330  2.0  3.0    MM    MM    MM  MM 1015.6  19.3  21.7  15.2   MM   MM    MM
2026 09 01 16 30 340  2.0  3.0    MM    MM    MM  MM 1015.7  19.2  21.7  15.1   MM   MM    MM
2026 09 01 16 20 330  1.0  2.0   1.1    10   5.5 160 1015.7  19.3  21.7  15.2   MM   MM    MM
2026 09 01 16 10 350  1.0  2.0   1.1    MM   5.5 160 1015.6  19.4  21.8  15.4   MM   MM    MM
2026 09 01 16 00 290  1.0  2.0    MM    MM    MM  MM 1015.6  19.2  21.8  15.1   MM +1.5    MM
2026 09 01 15 50 350  1.0  2.0   1.1    11   5.5 147 1015.4  19.1  21.8  15.1   MM   MM    MM
2026 09 01 15 40 330  2.0  3.0    MM    MM    MM  MM 1015.4  19.2  21.9  15.3   MM   MM    MM
2026 09 01 15 30 350  1.0  3.0    MM    MM    MM  MM 1015.4  19.2  21.9  15.2   MM   MM    MM
2026 09 01 15 20  MM  0.0  1.0   1.1    10   5.7 163 1015.3  19.1  21.9  15.0   MM   MM    MM
2026 09 01 15 10 290  2.0  2.0   1.1    MM   5.7 163 1015.2  19.0  21.9  14.8   MM   MM    MM
2026 09 01 15 00 300  2.0  4.0    MM    MM    MM  MM 1015.1  19.1  22.0  15.3   MM +1.3    MM
2026 09 01 14 50 310  2.0  3.0   1.1    10   5.7 161 1015.2  19.0  22.0  15.2   MM   MM    MM
2026 09 01 14 40 300  2.0  3.0    MM    MM    MM  MM 1015.1  19.0  22.0  15.2   MM   MM    MM
2026 09 01 14 30 320  3.0  4.0    MM    MM    MM  MM 1015.0  19.0  22.0  15.7   MM   MM    MM
2026 09 01 14 20 310  2.0  3.0   1.1    11   5.6 162 1014.9  19.0  22.0  15.7   MM   MM    MM
2026 09 01 14 10 320  2.0  4.0   1.1    MM   5.6 162 1014.8  18.9  22.1  15.7   MM   MM    MM
2026 09 01 14 00 320  2.0  3.0    MM    MM    MM  MM 1014.6  18.9  22.1  15.7   MM +0.7    MM
2026 09 01 13 50 330  3.0  4.0   1.1    11   5.9 164 1014.5  18.9  22.2  15.7   MM   MM    MM
2026 09 01 13 40 330  3.0  4.0    MM    MM    MM  MM 1014.3  18.9  22.2  15.6   MM   MM    MM
2026 09 01 13 30 340  3.0  4.0    MM    MM    MM  MM 1014.3  18.9  22.3  15.6   MM   MM    MM
2026 09 01 13 20 340  3.0  4.0   1.1    11   5.7 157 1014.1  18.9  22.4  15.6   MM   MM    MM
2026 09 01 13 10 340  3.0  4.0   1.1    MM   5.7 157 1014.0  19.0  22.4  15.8   MM   MM    MM
2026 09 01 13 00 360  4.0  5.0    MM    MM    MM  MM 1014.0  19.0  22.4  15.8   MM +0.0    MM
2026 09 01 12 50 360  4.0  6.0   1.1    MM   5.7 169 1014.4  19.1  22.5  15.9   MM   MM    MM
2026 09 01 12 40 340  5.0  6.0    MM    MM    MM  MM 1013.9  19.2  22.5  16.2   MM   MM    MM
2026 09 01 12 30 350  4.0  6.0    MM    MM    MM  MM 1014.0  19.3  22.5  16.1   MM   MM    MM
2026 09 01 12 20 340  3.0  5.0   1.0    11   5.5 168 1014.0  19.3  22.5  16.1   MM   MM    MM
2026 09 01 12 10 340  2.0  4.0   1.0    MM   5.5 168 1014.0  19.2  22.5  15.7   MM   MM    MM
2026 09 01 12 00 340  2.0  3.0    MM    MM    MM  MM 1013.8  19.3  22.6  15.7   MM -0.5    MM
2026 09 01 11 50 340  1.0  2.0   1.1    10   5.8 172 1013.8  19.2  22.6  15.5   MM   MM    MM
2026 09 01 11 40 300  2.0  5.0   1.1    MM   5.8 172 1013.9  19.2  22.6  15.8   MM   MM    MM
2026 09 01 11 30 270  4.0  5.0    MM    MM    MM  MM 1013.9  19.2  22.6  16.1   MM   MM    MM
2026 09 01 11 20 270  4.0  5.0   1.0    10   5.8 175 1013.9  19.2  22.5  15.7   MM   MM    MM
2026 09 01 11 10 260  4.0  5.0    MM    MM    MM  MM 1014.0  19.2  22.6  15.5   MM   MM    MM
2026 09 01 11 00 260  3.0  5.0    MM    MM    MM  MM 1014.0  19.1  22.6  14.8   MM -0.3    MM
2026 09 01 10 50 240  3.0  4.0   1.2    11   6.5 153 1014.0  19.1  22.6  14.8   MM   MM    MM
2026 09 01 10 40 240  4.0  5.0    MM    MM    MM  MM 1014.0  19.0  22.7  14.8   MM   MM    MM
2026 09 01 10 30 240  3.0  4.0    MM    MM    MM  MM 1014.0  18.9  22.8  14.6   MM   MM    MM
2026 09 01 10 20 240  3.0  4.0   1.1    11   5.8 161 1014.0  18.8  22.8  14.6   MM   MM    MM
2026 09 01 10 10 240  4.0  5.0   1.1    MM   5.8 161 1013.9  18.8  22.8  14.9   MM   MM    MM
2026 09 01 10 00 250  4.0  5.0    MM    MM    MM  MM 1013.9  18.8  22.8  15.0   MM -0.3    MM
2026 09 01 09 50 260  5.0  6.0   1.1    11   5.7 167 1014.0  18.8  22.8  15.5   MM   MM    MM
2026 09 01 09 40 250  5.0  6.0    MM    MM    MM  MM 1014.0  18.8  22.9  15.4   MM   MM    MM
2026 09 01 09 30 260  5.0  6.0    MM    MM    MM  MM 1014.0  18.8  22.9  15.4   MM   MM    MM
2026 09 01 09 20 250  5.0  6.0   1.1    11   6.0 184 1014.2  19.0  22.9  15.6   MM   MM    MM
2026 09 01 09 10 260  5.0  7.0    MM    MM    MM  MM 1014.2  18.9  22.9  15.5   MM   MM    MM
2026 09 01 09 00 250  6.0  7.0    MM    MM    MM  MM 1014.2  18.9  22.9  15.6   MM +0.5    MM
2026 09 01 08 50 260  5.0  7.0   1.2    11   5.9 148 1014.3  19.0  22.9  15.6   MM   MM    MM
2026 09 01 08 40 260  5.0  6.0    MM    MM    MM  MM 1014.2  18.9  23.0  15.6   MM   MM    MM
2026 09 01 08 30 260  5.0  6.0    MM    MM    MM  MM 1014.3  19.0  23.0  15.7   MM   MM    MM
2026 09 01 08 20 270  5.0  7.0   1.1    11   5.8 154 1014.3  19.1  23.0  15.9   MM   MM    MM
2026 09 01 08 10 270  5.0  6.0    MM    MM    MM  MM 1014.3  19.2  23.0  16.1   MM   MM    MM
2026 09 01 08 00 270  4.0  6.0    MM    MM    MM  MM 1014.1  19.2  23.0  16.2   MM +0.6    MM
2026 09 01 07 50 260  5.0  6.0   1.1    11   6.0 157 1014.1  19.1  23.0  16.2   MM   MM    MM
2026 09 01 07 40 260  5.0  6.0    MM    MM    MM  MM 1014.1  19.3  23.0  16.7   MM   MM    MM
2026 09 01 07 30 250  5.0  6.0    MM    MM    MM  MM 1014.1  19.4  23.0  16.5   MM   MM    MM
2026 09 01 07 20 260  4.0  5.0   1.1    11   6.0 159 1014.2  19.4  23.0  16.6   MM   MM    MM
2026 09 01 07 10 250  4.0  5.0   1.1    MM   6.0 159 1014.3  19.4  23.0  16.5   MM   MM    MM
2026 09 01 07 00 260  4.0  5.0    MM    MM    MM  MM 1014.2  19.4    MM  16.6   MM +1.3    MM
2026 09 01 06 50 260  4.0  5.0   1.1    11   5.6 145 1013.9  19.5  22.9  16.8   MM   MM    MM
2026 09 01 06 40 260  4.0  5.0   1.1    MM   5.6 145 1013.8  19.5  23.0  16.9   MM   MM    MM
2026 09 01 06 30 260  4.0  5.0    MM    MM    MM  MM 1013.6  19.4  23.0  16.8   MM   MM    MM
2026 09 01 06 20 250  4.0  5.0   1.1    11   5.5 183 1013.6  19.5  23.0  16.9   MM   MM    MM
2026 09 01 06 10 250  4.0  5.0   1.1    MM   5.5 183 1013.8  19.6  23.1  17.0   MM   MM    MM
2026 09 01 06 00 250  4.0  5.0    MM    MM    MM  MM 1013.8  19.8    MM  16.9   MM +1.3    MM
2026 09 01 05 50 240  2.0  4.0   1.2    11   5.7 166 1013.8  19.9  23.1  16.5   MM   MM    MM
2026 09 01 05 40 260  2.0  3.0    MM    MM    MM  MM 1013.8  19.9  23.0  16.4   MM   MM    MM
2026 09 01 05 30 280  2.0  3.0    MM    MM    MM  MM 1013.6  19.9  23.0  16.4   MM   MM    MM
2026 09 01 05 20 290  2.0  4.0   1.1    11   5.4 155 1013.5  19.9  23.0  16.4   MM   MM    MM
2026 09 01 05 10 310  2.0  3.0   1.1    MM   5.4 155 1013.6  19.8  23.0  16.3   MM   MM    MM
2026 09 01 05 00 310  2.0  4.0    MM    MM    MM  MM 1013.5  19.8  23.0  16.5   MM +1.0    MM
2026 09 01 04 50 280  3.0  4.0   1.2    12   5.5 177 1013.5  19.9  23.0  16.8   MM   MM    MM
2026 09 01 04 40 310  3.0  4.0    MM    MM    MM  MM 1013.5  19.9  23.1  16.6   MM   MM    MM
2026 09 01 04 30 300  2.0  4.0    MM    MM    MM  MM 1013.6  19.9  23.0  16.6   MM   MM    MM
2026 09 01 04 20 310  4.0  5.0   1.1    11   5.5 176 1013.3  19.9  23.1  16.8   MM   MM    MM
2026 09 01 04 10 320  4.0  6.0   1.1    MM   5.5 176 1013.3  19.8  23.1  16.9   MM   MM    MM
2026 09 01 04 00 320  4.0  5.0    MM    MM    MM  MM 1013.0  20.0  23.1  17.3   MM -0.0    MM
2026 09 01 03 50 310  5.0  6.0   1.2    11   5.6 177 1012.8  20.3  23.1  17.2   MM   MM    MM
2026 09 01 03 40 290  5.0  6.0    MM    MM    MM  MM 1012.6  20.2  23.1  16.7   MM   MM    MM
2026 09 01 03 30 280  6.0  8.0    MM    MM    MM  MM 1012.6  20.0  23.2  16.6   MM   MM    MM
2026 09 01 03 20 270  6.0  7.0   1.1    11   5.6 176 1012.4  19.9  23.2  16.3   MM   MM    MM
2026 09 01 03 10 270  6.0  7.0   1.1    MM   5.6 176 1012.4  19.8  23.2  16.0   MM   MM    MM
2026 09 01 03 00 270  6.0  7.0    MM    MM    MM  MM 1012.5  19.8  23.3  16.2   MM -0.6    MM
2026 09 01 02 50 270  6.0  8.0   1.1    11   5.8 173 1012.5  19.6  23.3  16.4   MM   MM    MM
2026 09 01 02 40 260  6.0  7.0    MM    MM    MM  MM 1012.5  19.6  23.3  16.5   MM   MM    MM
2026 09 01 02 30 260  6.0  7.0    MM    MM    MM  MM 1012.5  19.7  23.3  16.5   MM   MM    MM
2026 09 01 02 20 270  6.0  7.0   1.2    11   6.4 175 1012.4  19.6  23.4  16.1   MM   MM    MM
2026 09 01 02 10 270  5.0  6.0   1.2    MM   6.4 175 1012.5  19.6  23.4  16.3   MM   MM    MM
2026 09 01 02 00 270  5.0  7.0    MM    MM    MM  MM 1012.6  19.6  23.4  16.4   MM -0.6    MM
2026 09 01 01 50 260  6.0  7.0   1.2    11   6.4 160 1012.7  19.6  23.4  16.5   MM   MM    MM
2026 09 01 01 40 260  6.0  8.0   1.2    MM   6.4 160 1012.6  19.7  23.5  16.5   MM   MM    MM
2026 09 01 01 30 270  6.0  8.0    MM    MM    MM  MM 1012.7  19.7  23.5  16.7   MM   MM    MM
2026 09 01 01 20 270  6.0  7.0   1.1    12   6.2 190 1012.6  19.6  23.5  16.8   MM   MM    MM
2026 09 01 01 10 270  6.0  7.0   1.1    MM   6.2 190 1012.7  19.6  23.5  17.0   MM   MM    MM
2026 09 01 01 00 260  6.0  7.0    MM    MM    MM  MM 1012.8  19.7  23.5  16.9   MM -0.7    MM
2026 09 01 00 50 270  6.0  7.0   1.1    12   6.3 177 1012.7  19.7    MM  16.6   MM   MM    MM
2026 09 01 00 40 260  5.0  7.0    MM    MM    MM  MM 1012.8  19.9    MM  16.6   MM   MM    MM
2026 09 01 00 30 260  5.0  6.0    MM    MM    MM  MM 1012.7  19.9  23.5  16.7   MM   MM    MM
2026 09 01 00 20 260  5.0  7.0   1.2    11   6.9 162 1012.8  19.8  23.5  16.6   MM   MM    MM
2026 09 01 00 10 250  5.0  6.0   1.2    MM   6.9 162 1012.9  19.8  23.5  16.5   MM   MM    MM
2026 09 01 00 00 250  5.0  6.0    MM    MM    MM  MM 1013.0  19.8  23.5  16.5   MM -0.6    MM
2026 08 31 23 50 250  4.0  6.0   1.2    11   6.8 174 1013.0  19.8  23.5  16.5   MM   MM    MM
2026 08 31 23 40 250  5.0  6.0   1.2    MM   6.8 174 1013.1  19.8  23.5  16.5   MM   MM    MM
2026 08 31 22 50 250  5.0  6.0   1.0    12   6.4 165 1013.1  19.8  23.6  16.6   MM   MM    MM
2026 08 31 22 40 250  4.0  6.0    MM    MM    MM  MM 1013.2  19.8  23.7  16.7   MM   MM    MM
2026 08 31 22 30 250  4.0  5.0    MM    MM    MM  MM 1013.2  19.7  23.6  16.5   MM   MM    MM
2026 08 31 22 20 260  4.0  5.0   1.1    12   6.6 178 1013.2  19.8  23.6  16.7   MM   MM    MM
2026 08 31 22 10 250  4.0  5.0    MM    MM    MM  MM 1013.3  19.7  23.6  16.6   MM   MM    MM
2026 08 31 22 00 250  4.0  6.0    MM    MM    MM  MM 1013.5  19.8    MM  16.8   MM -0.9    MM
2026 08 31 21 50 250  4.0  5.0   1.2    11   6.8 164 1013.5  19.8  23.6  16.8   MM   MM    MM
2026 08 31 21 40 260  4.0  5.0    MM    MM    MM  MM 1013.7  19.8  23.6  16.8   MM   MM    MM
2026 08 31 21 30 250  4.0  5.0    MM    MM    MM  MM 1013.7  19.9  23.6  17.0   MM   MM    MM
2026 08 31 21 20 250  4.0  5.0   1.1    10   6.7 159 1013.8  19.8  23.6  16.9   MM   MM    MM
2026 08 31 21 10 250  4.0  5.0    MM    MM    MM  MM 1013.8  19.8  23.6  17.0   MM   MM    MM
2026 08 31 21 00 250  4.0  5.0    MM    MM    MM  MM 1013.7  19.8  23.6  17.0   MM -0.6    MM
2026 08 31 20 50 250  4.0  5.0   1.1    11   6.6 160 1013.9  19.9  23.6  17.2   MM   MM    MM
2026 08 31 20 40 250  4.0  5.0   1.1    MM   6.6 160 1013.9  19.9  23.5  17.3   MM   MM    MM
2026 08 31 20 30 250  4.0  5.0    MM    MM    MM  MM 1013.9  19.9  23.5  17.4   MM   MM    MM
2026 08 31 20 20 260  4.0  5.0   1.1    11   6.9 173 1013.9  19.8  23.5  17.4   MM   MM    MM
2026 08 31 20 10 260  4.0  6.0    MM    MM    MM  MM 1013.8  19.8  23.5  17.4   MM   MM    MM
2026 08 31 20 00 250  4.0  5.0    MM    MM    MM  MM 1013.9  19.9  23.5  17.5   MM +0.0    MM
2026 08 31 19 50 250  4.0  5.0   1.1    11   6.9 157 1014.1  19.9  23.5  17.6   MM   MM    MM
2026 08 31 19 40 260  4.0  4.0    MM    MM    MM  MM 1014.2  19.9  23.4  17.5   MM   MM    MM
2026 08 31 19 30 260  4.0  5.0    MM    MM    MM  MM 1014.2  20.2  23.3  17.6   MM   MM    MM
2026 08 31 19 20 280  2.0  4.0   1.2    MM   7.0 163 1014.8  20.4  23.3  17.0   MM   MM    MM
2026 08 31 19 10 260  2.0  3.0    MM    MM    MM  MM 1014.4  20.3  23.3  17.0   MM   MM    MM
2026 08 31 19 00 300  2.0  3.0    MM    MM    MM  MM 1014.4  20.4  23.3  17.2   MM +0.8    MM
2026 08 31 18 50 290  1.0  2.0   1.0    15   6.2 173 1014.3  20.4    MM  17.2   MM   MM    MM
2026 08 31 18 40 310  2.0  3.0   1.0    MM   6.2 173 1014.8  20.4  23.2  17.3   MM   MM    MM
2026 08 31 18 30 290  2.0  4.0    MM    MM    MM  MM 1014.3  20.3  23.2  17.1   MM   MM    MM
2026 08 31 18 20 300  2.0  3.0   1.1    10   6.4 170 1014.4  20.3  23.2  17.2   MM   MM    MM
2026 08 31 18 10 310  2.0  3.0    MM    MM    MM  MM 1014.4  20.2  23.3  17.3   MM   MM    MM
2026 08 31 18 00 300  2.0  3.0    MM    MM    MM  MM 1014.3  20.1    MM  17.4   MM +1.1    MM
2026 08 31 17 50 320  3.0  4.0   1.0    13   5.8 184 1014.3  20.1  23.2  17.6   MM   MM    MM
2026 08 31 17 40 320  3.0  3.0    MM    MM    MM  MM 1014.2  20.2  23.2  17.7   MM   MM    MM
2026 08 31 17 30 330  2.0  3.0    MM    MM    MM  MM 1014.1  20.1  23.1  17.5   MM   MM    MM
2026 08 31 17 20 330  2.0  4.0   1.1    14   5.8 180 1014.0  20.0  23.1  17.6   MM   MM    MM
2026 08 31 17 10 320  2.0  3.0   1.1    MM   5.8 180 1013.9  20.0  23.1  17.6   MM   MM    MM
2026 08 31 17 00 330  3.0  4.0    MM    MM    MM  MM 1014.0  19.9  23.1  17.5   MM +1.3    MM
2026 08 31 16 50 330  3.0  4.0   1.2    14   5.8 178 1013.9  19.9  23.1  17.7   MM   MM    MM
2026 08 31 16 40 330  3.0  4.0    MM    MM    MM  MM 1013.8  19.9  23.1  17.7   MM   MM    MM
2026 08 31 16 30 330  3.0  4.0    MM    MM    MM  MM 1013.8  19.9  23.2  17.6   MM   MM    MM
2026 08 31 16 20 330  3.0  4.0   1.1    14   5.6 169 1013.7  19.9  23.1  17.5   MM   MM    MM
2026 08 31 16 10 320  3.0  4.0    MM    MM    MM  MM 1013.6  19.9  23.1  17.5   MM   MM    MM
2026 08 31 16 00 330  3.0  4.0    MM    MM    MM  MM 1013.5  20.0  23.1  17.4   MM +1.4    MM
2026 08 31 15 50 340  2.0  4.0   1.1    12   5.7 159 1013.5  20.0  23.2  17.4   MM   MM    MM
2026 08 31 15 40 330  3.0  4.0    MM    MM    MM  MM 1013.4  20.0  23.2  17.3   MM   MM    MM
2026 08 31 15 30 310  2.0  3.0    MM    MM    MM  MM 1013.4  19.9  23.1  17.1   MM   MM    MM
2026 08 31 15 20 320  3.0  4.0   1.1    14   5.6 172 1013.4  19.8  23.2  17.1   MM   MM    MM
2026 08 31 15 10 330  2.0  4.0   1.1    MM   5.6 172 1013.3  19.8  23.1  17.2   MM   MM    MM
2026 08 31 15 00 330  3.0  4.0    MM    MM    MM  MM 1013.2  19.8  23.1  17.3   MM +1.3    MM
2026 08 31 14 50 330  3.0  4.0   1.1    14   5.7 175 1013.2  19.8  23.0  17.3   MM   MM    MM
2026 08 31 14 40 330  3.0  4.0    MM    MM    MM  MM 1013.1  19.7  23.0  17.3   MM   MM    MM
2026 08 31 14 30 330  3.0  4.0    MM    MM    MM  MM 1012.9  19.6  23.0  17.2   MM   MM    MM
2026 08 31 14 20 330  3.0  4.0   1.2    15   5.8 187 1012.8  19.6  23.0  17.2   MM   MM    MM
2026 08 31 14 10 330  3.0  4.0   1.2    MM   5.8 187 1012.8  19.6  23.0  17.3   MM   MM    MM
2026 08 31 14 00 320  3.0  5.0    MM    MM    MM  MM 1012.6  19.6  23.1  17.3   MM +0.6    MM
2026 08 31 13 50 330  3.0  5.0   1.2    14   6.1 202 1012.4  19.7  23.1  17.3   MM   MM    MM
2026 08 31 13 40 330  3.0  4.0    MM    MM    MM  MM 1012.2  19.7  23.1  17.2   MM   MM    MM
2026 08 31 13 30 330  3.0  4.0    MM    MM    MM  MM 1012.1  19.6  23.1  17.0   MM   MM    MM
2026 08 31 13 20 330  3.0  5.0   1.2    15   5.8 181 1012.1  19.6  23.1  17.0   MM   MM    MM
2026 08 31 13 10 340  4.0  5.0   1.2    MM   5.8 181 1012.1  19.7  23.1  17.0   MM   MM    MM
2026 08 31 13 00 340  3.0  4.0    MM    MM    MM  MM 1012.2  19.8  23.2  17.1   MM -0.0    MM
2026 08 31 12 50 340  3.0  4.0   1.3    14   6.0 183 1012.1  19.8    MM  17.2   MM   MM    MM
2026 08 31 12 40 340  3.0  4.0   1.3    MM   6.0 183 1012.1  19.8    MM  17.3   MM   MM    MM
2026 08 31 12 30 350  3.0  4.0    MM    MM    MM  MM 1011.9  19.9  23.2  17.3   MM   MM    MM
2026 08 31 12 20 340  3.0  4.0   1.2    15   5.8 221 1012.0  19.9  23.2  17.1   MM   MM    MM
2026 08 31 12 10 350  3.0  4.0   1.2    MM   5.8 221 1011.9  19.9  23.2  17.0   MM   MM    MM
2026 08 31 12 00 350  3.0  4.0    MM    MM    MM  MM 1011.9  20.0  23.2  17.0   MM +0.0    MM
2026 08 31 11 50 350  3.0  4.0   1.3    14   6.1 169 1012.0  20.1  23.2  16.9   MM   MM    MM
2026 08 31 11 40 360  3.0  4.0    MM    MM    MM  MM 1012.0  20.2  23.2  16.5   MM   MM    MM
2026 08 31 11 30 350  3.0  5.0    MM    MM    MM  MM 1011.9  20.2  23.2  16.3   MM   MM    MM
2026 08 31 11 20 340  4.0  5.0   1.4    15   6.3 208 1012.0  20.2  23.3  16.1   MM   MM    MM
2026 08 31 11 10 350  3.0  4.0   1.4    MM   6.3 208 1011.9  20.4  23.3  15.8   MM   MM    MM
2026 08 31 11 00 340  2.0  4.0    MM    MM    MM  MM 1012.0  20.5  23.3  15.5   MM +0.0    MM
2026 08 31 10 50 330  3.0  4.0   1.3    15   6.0 175 1012.0  20.4  23.2  15.5   MM   MM    MM
2026 08 31 10 40 320  3.0  4.0    MM    MM    MM  MM 1011.9  20.3  23.2  15.7   MM   MM    MM
2026 08 31 10 30 300  2.0  4.0    MM    MM    MM  MM 1012.0  20.0  23.1  16.3   MM   MM    MM
2026 08 31 10 20 250  4.0  5.0   1.3    11   6.2 161 1012.0  20.0  23.1  17.1   MM   MM    MM
2026 08 31 10 10 250  4.0  5.0    MM    MM    MM  MM 1012.0  20.2  23.1  17.3   MM   MM    MM
2026 08 31 10 00 250  3.0  4.0    MM    MM    MM  MM 1012.0  20.3  23.1  17.3   MM +0.6    MM
2026 08 31 09 50 250  4.0  4.0   1.2    15   5.9 172 1011.9  20.1  23.1  17.2   MM   MM    MM
2026 08 31 09 40 240  3.0  4.0    MM    MM    MM  MM 1011.9  20.1  23.1  17.4   MM   MM    MM
2026 08 31 09 30 240  4.0  5.0    MM    MM    MM  MM 1011.9  20.0  23.1  17.3   MM   MM    MM
2026 08 31 09 20 250  4.0  5.0   1.3    15   6.1 209 1011.9  20.1  23.1  17.4   MM   MM    MM
2026 08 31 09 10 250  4.0  5.0    MM    MM    MM  MM 1011.9  20.3  23.1  17.7   MM   MM    MM
2026 08 31 09 00 260  4.0  5.0    MM    MM    MM  MM 1011.9  20.2  23.1  17.5   MM +0.4    MM
2026 08 31 08 50 260  4.0  5.0   1.3    11   6.0 155 1011.9  20.3  23.1  17.6   MM   MM    MM
2026 08 31 08 40 260  4.0  5.0    MM    MM    MM  MM 1011.9  20.5  23.1  17.8   MM   MM    MM
2026 08 31 08 30 240  2.0  4.0    MM    MM    MM  MM 1011.9  21.2  23.1  17.5   MM   MM    MM
2026 08 31 08 20  10  1.0  2.0   1.3    14   5.9 181 1011.9  21.2  23.1  17.0   MM   MM    MM
2026 08 31 08 10 340  2.0  4.0   1.3    MM   5.9 181 1011.8  21.1  23.1  17.0   MM   MM    MM
2026 08 31 08 00 350  3.0  4.0    MM    MM    MM  MM 1011.8  21.0  23.1  17.2   MM +0.3    MM
2026 08 31 07 50 340  4.0  5.0   1.2    15   5.6 217 1011.7  21.0  23.1  17.2   MM   MM    MM
2026 08 31 07 40 340  4.0  5.0   1.2    MM   5.6 217 1011.6  21.0  23.0  16.7   MM   MM    MM
2026 08 31 07 30 330  5.0  6.0    MM    MM    MM  MM 1011.6  21.3  23.1  17.0   MM   MM    MM
2026 08 31 07 20 340  5.0  6.0   1.3    14   5.8 197 1011.5  21.4    MM  17.1   MM   MM    MM
2026 08 31 07 10 340  5.0  6.0   1.3    MM   5.8 197 1011.8  21.5  23.2  17.2   MM   MM    MM
2026 08 31 07 00 350  3.0  5.0    MM    MM    MM  MM 1011.5  21.3    MM  17.3   MM +0.0    MM
2026 08 31 06 50  50  2.0  3.0   1.2    MM   6.1 193 1012.0  21.4  23.3  18.5   MM   MM    MM
2026 08 31 06 40  MM   MM   MM   1.2    15   6.1 193     MM    MM    MM    MM   MM   MM    MM
2026 08 31 06 30  60  1.0  2.0    MM    MM    MM  MM 1011.6  21.3  23.4  18.3   MM   MM    MM
2026 08 31 06 20  60  1.0  2.0   1.2    15   5.9 186 1011.5  21.3  23.4  18.2   MM   MM    MM
2026 08 31 06 10  MM  0.0  1.0   1.2    MM   5.9 186 1011.4  21.1  23.4  18.0   MM   MM    MM
2026 08 31 06 00 330  1.0  2.0    MM    MM    MM  MM 1011.5  21.2  23.4  18.3   MM +1.1    MM
2026 08 31 05 50 280  2.0  4.0   1.2    15   5.5 194 1011.4  21.2  23.4  18.5   MM   MM    MM
2026 08 31 05 40 270  3.0  4.0    MM    MM    MM  MM 1011.3  21.1  23.4  18.5   MM   MM    MM
2026 08 31 05 30 260  3.0  4.0    MM    MM    MM  MM 1011.4  21.1  23.4  18.6   MM   MM    MM
2026 08 31 05 20 260  3.0  4.0   1.3    15   5.3 168 1011.3  21.0  23.4  18.1   MM   MM    MM
2026 08 31 05 10 260  4.0  5.0   1.3    MM   5.3 168 1011.3  21.0  23.4  18.1   MM   MM    MM
2026 08 31 05 00 260  4.0  5.0    MM    MM    MM  MM 1011.4  20.9  23.4  18.3   MM +1.2    MM
2026 08 31 04 50 260  5.0  6.0   1.3    15   5.4 189 1011.3  20.8  23.3  18.2   MM   MM    MM
2026 08 31 04 40 250  5.0  6.0    MM    MM    MM  MM 1011.4  20.7  23.4  18.2   MM   MM    MM
2026 08 31 04 30 260  5.0  6.0    MM    MM    MM  MM 1011.3  21.0  23.4  18.4   MM   MM    MM
2026 08 31 04 20 260  4.0  6.0   1.3    15   5.2 196 1011.2  21.2  23.4  18.3   MM   MM    MM
2026 08 31 04 10 270  4.0  5.0   1.3    MM   5.2 196 1011.1  21.1  23.4  18.4   MM   MM    MM
2026 08 31 04 00 270  5.0  6.0    MM    MM    MM  MM 1011.1  21.2  23.4  18.5   MM +0.6    MM
2026 08 31 03 50 280  5.0  6.0   1.3    14   5.2 217 1011.0  21.3  23.4  18.5   MM   MM    MM
2026 08 31 03 40 270  6.0  7.0    MM    MM    MM  MM 1010.8  21.1  23.4  18.6   MM   MM    MM
2026 08 31 03 30 270  6.0  7.0    MM    MM    MM  MM 1010.6  21.0  23.4  18.5   MM   MM    MM
2026 08 31 03 20 270  6.0  7.0   1.3    15   5.2 170 1010.6  21.0  23.4  18.7   MM   MM    MM
2026 08 31 03 10 260  6.0  7.0   1.3    MM   5.2 170 1010.4  20.9  23.5  18.5   MM   MM    MM
2026 08 31 03 00 270  6.0  7.0    MM    MM    MM  MM 1010.3  20.8    MM  18.3   MM -0.5    MM
2026 08 31 02 50 260  7.0  7.0   1.3    15   5.1 207 1010.4  20.8  23.5  18.5   MM   MM    MM
2026 08 31 02 40 260  7.0  8.0    MM    MM    MM  MM 1010.4  21.1  23.6  18.8   MM   MM    MM
2026 08 31 02 30 270  6.0  7.0    MM    MM    MM  MM 1010.3  21.3  23.6  18.8   MM   MM    MM
2026 08 31 02 20 270  6.0  7.0   1.3    15   5.2 231 1010.2  21.4  23.6  18.8   MM   MM    MM
2026 08 31 02 10 270  6.0  7.0   1.3    MM   5.2 231 1010.3  21.6  23.5  19.0   MM   MM    MM
2026 08 31 02 00 270  6.0  7.0    MM    MM    MM  MM 1010.3  21.7  23.6  19.2   MM -0.9    MM
2026 08 31 01 50 270  6.0  7.0   1.3    15   5.5 194 1010.3  21.9  23.7  19.4   MM   MM    MM
2026 08 31 01 40 260  5.0  6.0    MM    MM    MM  MM 1010.4  22.1  23.7  19.2   MM   MM    MM
2026 08 31 01 30 260  5.0  6.0    MM    MM    MM  MM 1010.5  22.0  23.8  19.3   MM   MM    MM
2026 08 31 01 20 260  5.0  6.0   1.3    15   5.6 217 1010.4  22.1  23.8  19.5   MM   MM    MM
2026 08 31 01 10 260  4.0  5.0   1.3    MM   5.6 217 1010.5  22.2  23.8  19.1   MM   MM    MM
2026 08 31 01 00 260  4.0  4.0    MM    MM    MM  MM 1010.5  22.1  23.8  18.7   MM -1.2    MM
2026 08 31 00 50 260  4.0  5.0   1.2    15   5.5 230 1010.5  22.1  23.8  18.7   MM   MM    MM
2026 08 31 00 40 260  4.0  5.0    MM    MM    MM  MM 1010.5  22.0  23.8  18.9   MM   MM    MM
2026 08 31 00 30 260  3.0  4.0    MM    MM    MM  MM 1010.7  22.0  23.9  18.7   MM   MM    MM
2026 08 31 00 20 250  3.0  4.0   1.2    15   5.5 197 1010.8  22.0  23.8  18.8   MM   MM    MM
2026 08 31 00 10 250  3.0  4.0   1.2    MM   5.5 197 1010.8  22.0  23.8  18.9   MM   MM    MM
2026 08 31 00 00 260  3.0  4.0    MM    MM    MM  MM 1010.8  22.0  23.9  19.0   MM -1.1    MM
2026 08 30 23 50 260  3.0  5.0   1.1    16   5.4 133 1010.9  22.1  23.9  19.2   MM   MM    MM
2026 08 30 23 40 270  3.0  4.0    MM    MM    MM  MM 1010.8  22.0  23.9  19.0   MM   MM    MM
2026 08 30 23 30 260  3.0  5.0    MM    MM    MM  MM 1010.8  21.9  23.9  18.8   MM   MM    MM
2026 08 30 23 20 260  3.0  4.0   1.1    15   5.6 194 1011.0  21.9  23.8  19.0   MM   MM    MM
2026 08 30 23 10 250  3.0  4.0   1.1    MM   5.6 194 1011.1  21.9  23.8  19.0   MM   MM    MM
2026 08 30 23 00 270  3.0  4.0    MM    MM    MM  MM 1011.1  22.1  23.8  19.1   MM -1.2    MM
2026 08 30 22 50 270  4.0  5.0   1.1    15   5.9 180 1011.2  22.0  23.8  19.0   MM   MM    MM
2026 08 30 22 40 270  4.0  5.0    MM    MM    MM  MM 1011.2  22.0  23.8  19.0   MM   MM    MM
2026 08 30 22 30 270  4.0  5.0    MM    MM    MM  MM 1011.2  22.0  23.7  19.0   MM   MM    MM
2026 08 30 22 20 270  4.0  5.0   1.1    15   6.3 168 1011.4  22.1  23.6  19.1   MM   MM    MM
2026 08 30 22 10 270  3.0  4.0    MM    MM    MM  MM 1011.6  22.1  23.6  19.1   MM   MM    MM
2026 08 30 22 00 260  3.0  4.0    MM    MM    MM  MM 1011.7  22.1  23.5  19.1   MM -0.6    MM
2026 08 30 21 50 270  3.0  4.0   1.0    15   6.1 179 1011.9  22.0  23.5  19.1   MM   MM    MM
2026 08 30 21 40 270  4.0  5.0    MM    MM    MM  MM 1011.9  22.0  23.5  19.2   MM   MM    MM
2026 08 30 21 30 280  4.0  5.0    MM    MM    MM  MM 1011.9  22.0  23.3  19.4   MM   MM    MM
2026 08 30 21 20 280  4.0  6.0   1.0    15   6.2 182 1011.9  22.1  23.3  19.5   MM   MM    MM
2026 08 30 21 10 300  4.0  5.0    MM    MM    MM  MM 1011.9  22.3  23.3  19.4   MM   MM    MM
2026 08 30 21 00 300  4.0  5.0    MM    MM    MM  MM 1012.0  22.3  23.3  19.5   MM -0.5    MM
2026 08 30 20 50 290  3.0  4.0   1.1    16   6.3 196 1012.1  22.2  23.3  19.5   MM   MM    MM
2026 08 30 20 40 290  3.0  4.0    MM    MM    MM  MM 1012.2  22.1  23.2  19.5   MM   MM    MM
2026 08 30 20 30 300  3.0  4.0    MM    MM    MM  MM 1012.4  22.1  23.3  19.6   MM   MM    MM
2026 08 30 20 20 300  3.0  4.0   1.1    16   6.7 203 1012.1  22.1  23.3  19.6   MM   MM    MM
2026 08 30 20 10 310  3.0  4.0    MM    MM    MM  MM 1012.4  22.1  23.3  19.7   MM   MM    MM
2026 08 30 20 00 310  3.0  4.0    MM    MM    MM  MM 1012.4  22.1  23.3  19.7   MM +0.0    MM
2026 08 30 19 50 300  2.0  3.0   1.1    15   6.7 167 1012.5  22.1  23.3  19.6   MM   MM    MM
2026 08 30 19 40 300  2.0  3.0    MM    MM    MM  MM 1012.5  22.1  23.4  19.6   MM   MM    MM
2026 08 30 19 30 310  2.0  3.0    MM    MM    MM  MM 1012.5  22.1  23.4  19.6   MM   MM    MM
2026 08 30 19 20 300  2.0  3.0   1.1    15   6.3 191 1012.5  22.0  23.3  19.3   MM   MM    MM
2026 08 30 19 10 310  2.0  2.0    MM    MM    MM  MM 1012.5  21.9  23.3  19.1   MM   MM    MM
2026 08 30 19 00 310  2.0  3.0    MM    MM    MM  MM 1012.8  21.9    MM  19.0   MM +0.3    MM
2026 08 30 18 50 290  2.0  3.0   1.2    MM   6.4 184 1012.8  21.8  23.3  18.8   MM   MM    MM
2026 08 30 18 40 280  2.0  3.0   1.2    MM   6.4 184 1012.4  21.8  23.3  18.6   MM   MM    MM
2026 08 30 18 30 260  1.0  2.0    MM    MM    MM  MM 1012.6  21.7  23.2  18.4   MM   MM    MM
2026 08 30 18 20 260  1.0  2.0   1.2    15   6.9 193 1012.7  21.7  23.2  18.4   MM   MM    MM
2026 08 30 18 10 270  2.0  2.0   1.2    MM   6.9 193 1012.7  21.7  23.2  18.3   MM   MM    MM
2026 08 30 18 00 260  2.0  2.0    MM    MM    MM  MM 1012.6  21.5  23.2  18.1   MM +0.5    MM
2026 08 30 17 50 270  2.0  3.0   1.2    16   6.2 177 1012.6  21.3  23.2  18.1   MM   MM    MM
2026 08 30 17 40 260  2.0  3.0    MM    MM    MM  MM 1012.6  21.2  23.1  18.0   MM   MM    MM
2026 08 30 17 30 260  2.0  3.0    MM    MM    MM  MM 1012.5  21.2  23.1  18.0   MM   MM    MM
2026 08 30 17 20 260  2.0  3.0   1.3    16   6.4 204 1012.3  21.2  23.1  18.0   MM   MM    MM
2026 08 30 17 10 260  2.0  3.0   1.3    MM   6.4 204 1012.2  21.2  23.1  18.0   MM   MM    MM
2026 08 30 17 00 250  2.0  3.0    MM    MM    MM  MM 1012.1  21.1  23.1  17.8   MM +0.6    MM
2026 08 30 16 50 250  2.0  3.0   1.3    16   6.0 176 1012.2  21.1  23.1  17.8   MM   MM    MM
2026 08 30 16 40 250  3.0  3.0   1.3    MM   6.0 176 1012.1  21.1  23.0  17.6   MM   MM    MM
2026 08 30 16 30 240  2.0  3.0    MM    MM    MM  MM 1012.1  21.1  23.0  17.5   MM   MM    MM
2026 08 30 16 20 240  3.0  3.0   1.3    15   5.7 206 1012.1  21.0  23.0  17.3   MM   MM    MM
2026 08 30 16 10 240  3.0  3.0   1.3    MM   5.7 206 1012.1  21.0  22.9  17.3   MM   MM    MM
2026 08 30 16 00 230  3.0  3.0    MM    MM    MM  MM 1012.1  21.0  22.9  17.3   MM +1.0    MM
2026 08 30 15 50 240  3.0  4.0   1.3    15   5.8 175 1012.1  20.9  22.8  17.5   MM   MM    MM
2026 08 30 15 40 240  3.0  4.0    MM    MM    MM  MM 1012.1  20.8  22.7  17.6   MM   MM    MM
2026 08 30 15 30 240  3.0  4.0    MM    MM    MM  MM 1012.1  20.8  22.7  17.7   MM   MM    MM
2026 08 30 15 20 250  3.0  4.0   1.2    15   5.6 193 1012.2  20.8  22.8  18.0   MM   MM    MM
2026 08 30 15 10 260  3.0  4.0   1.2    MM   5.6 193 1012.1  20.9  22.8  18.2   MM   MM    MM
2026 08 30 15 00 270  3.0  3.0    MM    MM    MM  MM 1011.9  21.0  22.7  18.1   MM +1.4    MM
2026 08 30 14 50 260  3.0  4.0   1.3    16   5.8 167 1011.9  21.3  22.7  18.3   MM   MM    MM
2026 08 30 14 40 300  3.0  3.0    MM    MM    MM  MM 1011.9  21.9  22.7  18.0   MM   MM    MM
2026 08 30 14 30 310  3.0  4.0    MM    MM    MM  MM 1011.8  21.9  22.7  17.6   MM   MM    MM
2026 08 30 14 20 310  3.0  4.0   1.4    16   6.1 189 1011.6  22.0  22.7  17.7   MM   MM    MM
2026 08 30 14 10 320  4.0  5.0   1.4    MM   6.1 189 1011.6  22.1  22.8  18.0   MM   MM    MM
2026 08 30 14 00 320  4.0  5.0    MM    MM    MM  MM 1011.6  22.0  22.9  17.9   MM +1.0    MM
2026 08 30 13 50 320  4.0  5.0   1.3    16   5.8 161 1011.6  21.9    MM  17.8   MM   MM    MM
2026 08 30 13 40 320  4.0  5.0   1.3    MM   5.8 161 1011.5  21.8  22.9  18.3   MM   MM    MM
2026 08 30 13 30 320  4.0  4.0    MM    MM    MM  MM 1011.3  21.7  22.9  18.5   MM   MM    MM
2026 08 30 13 20 320  4.0  5.0   1.4    16   5.9 198 1011.3  21.6  22.9  18.5   MM   MM    MM
2026 08 30 13 10 330  4.0  5.0   1.4    MM   5.9 198 1011.1  21.6  23.0  18.9   MM   MM    MM
2026 08 30 13 00 330  4.0  5.0    MM    MM    MM  MM 1011.1  21.6  23.1  19.0   MM +0.5    MM
2026 08 30 12 50 340  4.0  5.0   1.4     7   5.7 266 1010.9  21.6  23.2  19.0   MM   MM    MM
2026 08 30 12 40 350  5.0  5.0    MM    MM    MM  MM 1010.7  21.7    MM  18.9   MM   MM    MM
2026 08 30 12 30 350  4.0  5.0    MM    MM    MM  MM 1010.8  21.7  23.4  18.9   MM   MM    MM
2026 08 30 12 20 350  5.0  5.0   1.4    16   6.0 226 1010.8  21.9  23.4  18.9   MM   MM    MM
2026 08 30 12 10 350  5.0  6.0   1.4    MM   6.0 226 1010.7  22.0  23.4  18.8   MM   MM    MM
2026 08 30 12 00 350  6.0  7.0    MM    MM    MM  MM 1010.6  21.9  23.4  19.0   MM +0.0    MM
2026 08 30 11 50 350  6.0  6.0   1.4    15   5.8 185 1010.6  21.9  23.5  19.0   MM   MM    MM
2026 08 30 11 40 360  6.0  7.0   1.4    MM   5.8 185 1010.5  21.8  23.5  19.0   MM   MM    MM
2026 08 30 11 30 360  6.0  6.0    MM    MM    MM  MM 1010.5  21.8  23.5  18.7   MM   MM    MM
2026 08 30 11 20 350  6.0  7.0   1.3    16   5.8 175 1010.5  21.7  23.5  18.6   MM   MM    MM
2026 08 30 11 10 360  6.0  7.0   1.3    MM   5.8 175 1010.5  21.7  23.5  18.8   MM   MM    MM
2026 08 30 11 00 350  6.0  7.0    MM    MM    MM  MM 1010.6  22.1  23.6  19.0   MM +0.0    MM
2026 08 30 10 50 360  5.0  6.0   1.3    16   5.7 182 1010.5  22.4  23.6  18.8   MM   MM    MM
2026 08 30 10 40 360  5.0  6.0    MM    MM    MM  MM 1010.5  22.4  23.5  18.7   MM   MM    MM
2026 08 30 10 30 360  5.0  6.0    MM    MM    MM  MM 1010.5  22.2  23.5  18.4   MM   MM    MM
2026 08 30 10 20 360  5.0  6.0   1.3    16   6.1 178 1010.5  22.2  23.5  18.1   MM   MM    MM
2026 08 30 10 10 360  5.0  7.0   1.3    MM   6.1 178 1010.5  22.0  23.4  17.8   MM   MM    MM
2026 08 30 10 00 360  5.0  6.0    MM    MM    MM  MM 1010.6  22.1  23.4  18.0   MM +0.4    MM
2026 08 30 09 50 350  5.0  6.0   1.4    15   6.2 213 1010.5  22.1  23.5  17.7   MM   MM    MM
2026 08 30 09 40 360  3.0  5.0    MM    MM    MM  MM 1010.5  22.3  23.5  17.6   MM   MM    MM
2026 08 30 09 30 330  4.0  6.0    MM    MM    MM  MM 1010.5  22.5  23.5  17.4   MM   MM    MM
2026 08 30 09 20 330  4.0  5.0   1.3    16   5.9 193 1010.4  22.4  23.5  17.2   MM   MM    MM
2026 08 30 09 10 350  3.0  4.0    MM    MM    MM  MM 1010.5  22.5  23.5  17.8   MM   MM    MM
2026 08 30 09 00 350  3.0  5.0    MM    MM    MM  MM 1010.5  22.7  23.5  17.7   MM +0.6    MM
2026 08 30 08 50 320  2.0  4.0   1.4    16   6.6 196 1010.5  22.8  23.6  18.8   MM   MM    MM
2026 08 30 08 40 290  2.0  3.0    MM    MM    MM  MM 1010.4  22.7  23.6  18.7   MM   MM    MM
2026 08 30 08 30 240  1.0  2.0    MM    MM    MM  MM 1010.5  22.7  23.6  18.7   MM   MM    MM
2026 08 30 08 20 240  2.0  3.0   1.2    15   5.9 207 1010.5  22.6  23.6  18.6   MM   MM    MM
2026 08 30 08 10 250  2.0  3.0   1.2    MM   5.9 207 1010.5  22.3  23.6  18.6   MM   MM    MM
2026 08 30 08 00 260  2.0  3.0    MM    MM    MM  MM 1010.5  22.2  23.6  19.3   MM +0.4    MM
2026 08 30 07 50 250  2.0  3.0   1.4    16   6.2 200 1010.5  22.1  23.6  19.6   MM   MM    MM
2026 08 30 07 40 250  2.0  3.0    MM    MM    MM  MM 1010.4  22.2  23.6  19.5   MM   MM    MM
2026 08 30 07 30 240  3.0  3.0    MM    MM    MM  MM 1010.5  22.2  23.7  19.4   MM   MM    MM
2026 08 30 07 20 230  3.0  4.0   1.2    16   6.0 186 1010.4  22.4  23.7  19.7   MM   MM    MM
2026 08 30 07 10 230  3.0  4.0    MM    MM    MM  MM 1010.5  22.4  23.7  19.6   MM   MM    MM
2026 08 30 07 00 230  1.0  2.0    MM    MM    MM  MM 1010.2  22.4  23.7  19.5   MM -0.0    MM
2026 08 30 06 50 250  1.0  2.0   1.4    16   6.7 245 1010.1  22.3  23.7  19.6   MM   MM    MM
2026 08 30 06 40 240  1.0  2.0    MM    MM    MM  MM 1010.1  22.2  23.7  19.5   MM   MM    MM
2026 08 30 06 30 260  2.0  3.0    MM    MM    MM  MM 1010.2  22.2  23.7  19.6   MM   MM    MM
2026 08 30 06 20 260  2.0  3.0   1.3    16   6.0 204 1010.2  22.1  23.7  19.6   MM   MM    MM
2026 08 30 06 10 260  3.0  3.0   1.3    MM   6.0 204 1010.0  22.0  23.7  19.7   MM   MM    MM
2026 08 30 06 00 260  3.0  4.0    MM    MM    MM  MM 1009.9  22.0  23.7  19.6   MM +0.3    MM
2026 08 30 05 50 240  3.0  4.0   1.3    16   6.2 193 1009.9  21.9  23.7  19.5   MM   MM    MM
2026 08 30 05 40 240  4.0  5.0    MM    MM    MM  MM 1010.1  21.9  23.7  19.5   MM   MM    MM
2026 08 30 05 30 240  3.0  4.0    MM    MM    MM  MM 1010.0  21.9  23.7  19.5   MM   MM    MM
2026 08 30 05 20 250  3.0  4.0   1.2    16   5.7 254 1010.0  21.8  23.7  19.5   MM   MM    MM
2026 08 30 05 10 250  3.0  4.0   1.2    MM   5.7 254 1010.0  21.8  23.7  19.5   MM   MM    MM
2026 08 30 05 00 250  4.0  4.0    MM    MM    MM  MM 1010.1  21.6  23.7  19.3   MM +0.5    MM
2026 08 30 04 50 260  3.0  4.0   1.2    16   5.3 196 1010.2  21.5  23.7  19.2   MM   MM    MM
2026 08 30 04 40 250  3.0  4.0    MM    MM    MM  MM 1010.3  21.6  23.8  19.4   MM   MM    MM
2026 08 30 04 30 260  4.0  4.0    MM    MM    MM  MM 1010.3  21.6  23.7  19.3   MM   MM    MM
2026 08 30 04 20 260  4.0  5.0   1.2    16   5.2 209 1010.4  21.7  23.7  19.3   MM   MM    MM
2026 08 30 04 10 260  5.0  6.0    MM    MM    MM  MM 1010.4  21.8  23.8  19.4   MM   MM    MM
2026 08 30 04 00 270  5.0  5.0    MM    MM    MM  MM 1010.3  21.8  23.8  19.5   MM +0.5    MM
2026 08 30 03 50 270  5.0  5.0   1.4    16   5.4 211 1010.0  21.7  23.8  19.4   MM   MM    MM
2026 08 30 03 40 270  5.0  6.0    MM    MM    MM  MM 1009.9  21.8  23.8  19.5   MM   MM    MM
2026 08 30 03 30 270  5.0  6.0    MM    MM    MM  MM 1009.9  21.9  23.8  19.5   MM   MM    MM
2026 08 30 03 20 270  5.0  6.0   1.3    16   5.1 161 1009.8  21.9  23.8  19.3   MM   MM    MM
2026 08 30 03 10 270  5.0  6.0   1.3    MM   5.1 161 1009.8  21.9  23.8  19.4   MM   MM    MM
2026 08 30 03 00 270  5.0  6.0    MM    MM    MM  MM 1009.5  22.0  23.8  19.3   MM -0.6    MM
2026 08 30 02 50 270  5.0  6.0   1.4    16   5.5 164 1009.4  22.2  23.8  19.3   MM   MM    MM
2026 08 30 02 40 270  6.0  7.0    MM    MM    MM  MM 1009.4  22.3  23.8  19.6   MM   MM    MM
2026 08 30 02 30 270  5.0  6.0    MM    MM    MM  MM 1009.4  22.3  23.9  20.0   MM   MM    MM
2026 08 30 02 20 270  6.0  7.0   1.2    16   5.1 251 1009.5  22.3  23.9  20.1   MM   MM    MM
2026 08 30 02 10 270  5.0  6.0   1.2    MM   5.1 251 1009.5  22.8  23.9  20.7   MM   MM    MM
2026 08 30 02 00 280  4.0  4.0    MM    MM    MM  MM 1009.6  22.9  23.8  20.4   MM -1.0    MM
2026 08 30 01 50 290  3.0  4.0   1.3    16   5.6 175 1009.6  22.8  23.8  20.0   MM   MM    MM
2026 08 30 01 40 290  3.0  4.0    MM    MM    MM  MM 1009.7  22.8  23.7  20.0   MM   MM    MM
2026 08 30 01 30 290  3.0  4.0    MM    MM    MM  MM 1009.7  22.9  23.7  20.0   MM   MM    MM
2026 08 30 01 20 280  3.0  4.0   1.2    16   5.5 174 1009.8  22.8  23.7  20.1   MM   MM    MM
2026 08 30 01 10 280  4.0  5.0   1.2    MM   5.5 174 1009.7  22.6  23.8  20.3   MM   MM    MM
2026 08 30 01 00 270  5.0  6.0    MM    MM    MM  MM 1009.7  22.6  23.8  20.9   MM -1.4    MM
2026 08 30 00 50 260  5.0  6.0   1.2    16   5.6 187 1009.8  22.5  23.9  20.6   MM   MM    MM
2026 08 30 00 40 260  4.0  5.0    MM    MM    MM  MM 1010.0  22.4  23.8  20.2   MM   MM    MM
2026 08 30 00 30 260  4.0  5.0    MM    MM    MM  MM 1010.0  22.3  23.9  19.7   MM   MM    MM
2026 08 30 00 20 250  5.0  6.0   1.1    16   5.7 175 1010.2  22.3  24.0  19.2   MM   MM    MM
2026 08 30 00 10 240  6.0  7.0    MM    MM    MM  MM 1010.1  22.2  24.0  18.9   MM   MM    MM
2026 08 30 00 00 250  6.0  7.0    MM    MM    MM  MM 1010.2  22.4  24.1  18.7   MM -1.7    MM
2026 08 29 23 50 260  6.0  7.0   1.1    16   6.4 225 1010.2  22.6  24.0  19.1   MM   MM    MM
2026 08 29 23 40 260  4.0  6.0    MM    MM    MM  MM 1010.3  23.0  24.2  20.9   MM   MM    MM
2026 08 29 23 30 250  3.0  4.0    MM    MM    MM  MM 1010.3  23.1  24.2  20.8   MM   MM    MM
2026 08 29 23 20 270  3.0  3.0   1.0    16   6.3 254 1010.5  23.1  24.2  20.7   MM   MM    MM
2026 08 29 23 10 280  3.0  4.0   1.0    MM   6.3 254 1010.4  23.0  24.1  20.6   MM   MM    MM
2026 08 29 23 00 300  2.0  3.0    MM    MM    MM  MM 1010.6  22.9  24.2  20.6   MM -1.5    MM
2026 08 29 22 50 310  2.0  3.0   1.2    17   7.2 197 1010.5  22.8  24.2  20.7   MM   MM    MM
2026 08 29 22 40 300  3.0  4.0   1.2    MM   7.2 197 1010.7  22.9  24.2  20.8   MM   MM    MM
2026 08 29 22 30 300  2.0  3.0    MM    MM    MM  MM 1010.8  22.8  24.2  20.4   MM   MM    MM
2026 08 29 22 20 310  2.0  3.0   1.1    16   6.6 230 1010.8  22.7  24.1  20.0   MM   MM    MM
2026 08 29 22 10 310  2.0  3.0   1.1    MM   6.6 230 1010.9  22.5  24.1  19.7   MM   MM    MM
2026 08 29 22 00 300  2.0  2.0    MM    MM    MM  MM 1011.0  22.5  24.1  19.8   MM -1.5    MM
2026 08 29 21 50 280  2.0  3.0   1.0    16   6.2 180 1011.1  22.4  24.0  19.7   MM   MM    MM
2026 08 29 21 40 270  2.0  3.0    MM    MM    MM  MM 1011.4  22.3  24.0  19.5   MM   MM    MM
2026 08 29 21 30 260  3.0  3.0    MM    MM    MM  MM 1011.6  22.3  23.9  19.6   MM   MM    MM
2026 08 29 21 20 250  3.0  4.0   1.0    16   6.1 224 1011.7  22.3  23.9  19.6   MM   MM    MM
2026 08 29 21 10 250  4.0  5.0   1.0    MM   6.1 224 1011.8  22.1  23.9  19.2   MM   MM    MM
2026 08 29 21 00 250  4.0  5.0    MM    MM    MM  MM 1011.8  22.1    MM  19.4   MM -0.4    MM
2026 08 29 20 50 240  4.0  5.0   1.0    16   6.0 186 1011.8  22.1  23.9  19.6   MM   MM    MM
2026 08 29 20 40 240  4.0  5.0   1.0    MM   6.0 186 1011.7  22.2  23.9  20.2   MM   MM    MM
2026 08 29 20 30 250  4.0  4.0    MM    MM    MM  MM 1011.7  22.2  23.9  20.4   MM   MM    MM
2026 08 29 20 20 260  3.0  4.0   1.0    17   6.4 209 1011.8  22.1  23.9  20.4   MM   MM    MM
2026 08 29 20 10 260  4.0  4.0   1.0    MM   6.4 209 1011.9  22.1  23.8  20.5   MM   MM    MM
2026 08 29 20 00 260  4.0  5.0    MM    MM    MM  MM 1012.0  22.4  23.8  20.8   MM +0.0    MM
2026 08 29 19 50 270  4.0  4.0   1.0    16   6.4 192 1012.1  22.5  23.7  20.7   MM   MM    MM
2026 08 29 19 40 270  4.0  5.0   1.0    MM   6.4 192 1012.2  22.6  23.5  20.7   MM   MM    MM
2026 08 29 19 30 280  4.0  4.0    MM    MM    MM  MM 1012.4  22.5  23.3  20.8   MM   MM    MM
2026 08 29 19 20 290  4.0  5.0   1.0    16   6.5 228 1012.5  22.4  23.2  20.8   MM   MM    MM
2026 08 29 19 10 290  4.0  6.0   1.0    MM   6.5 228 1012.8  22.5  23.2  20.9   MM   MM    MM
2026 08 29 19 00 300  4.0  4.0    MM    MM    MM  MM 1012.6  22.5  23.0  20.7   MM +0.3    MM
2026 08 29 18 50 300  3.0  4.0   1.0    17   6.0  89 1012.6  22.4  23.1  20.5   MM   MM    MM
2026 08 29 18 40 320  3.0  4.0    MM    MM    MM  MM 1012.5  22.4  23.3  20.5   MM   MM    MM
2026 08 29 18 30 340  3.0  4.0    MM    MM    MM  MM 1012.3  22.3  23.3  20.4   MM   MM    MM
2026 08 29 18 20 340  3.0  4.0   1.0    17   6.3 200 1012.2  22.1  23.3  20.2   MM   MM    MM
2026 08 29 18 10 340  3.0  4.0   1.0    MM   6.3 200 1012.2  22.1  23.3  20.1   MM   MM    MM
2026 08 29 18 00 340  4.0  4.0    MM    MM    MM  MM 1012.3  22.1  23.3  20.1   MM +0.0    MM
2026 08 29 17 50 330  4.0  4.0   1.0    16   6.2 211 1012.5  22.1  23.3  20.2   MM   MM    MM
2026 08 29 17 40 330  4.0  5.0    MM    MM    MM  MM 1012.6  22.1  23.3  20.1   MM   MM    MM
2026 08 29 17 30 330  4.0  5.0    MM    MM    MM  MM 1012.6  22.1  23.3  20.1   MM   MM    MM
2026 08 29 17 20 330  4.0  5.0   1.2    17   7.0 197 1012.6  22.1  23.2  20.0   MM   MM    MM
2026 08 29 17 10 340  3.0  4.0   1.2    MM   7.0 197 1012.4  22.1  23.2  20.1   MM   MM    MM
2026 08 29 17 00 330  4.0  5.0    MM    MM    MM  MM 1012.3  22.0  23.2  19.9   MM +0.8    MM
2026 08 29 16 50 330  4.0  5.0   1.1    17   6.0 217 1012.4  22.1  23.3  19.8   MM   MM    MM
2026 08 29 16 40 340  3.0  4.0    MM    MM    MM  MM 1012.2  22.2  23.3  19.8   MM   MM    MM
2026 08 29 16 30 330  3.0  4.0    MM    MM    MM  MM 1012.3  22.3  23.3  19.7   MM   MM    MM
2026 08 29 16 20 340  3.0  4.0   1.0    17   5.6 229 1012.2  22.3  23.4  19.6   MM   MM    MM
2026 08 29 16 10 340  3.0  4.0   1.0    MM   5.6 229 1012.4  22.2  23.4  19.7   MM   MM    MM
2026 08 29 16 00 340  4.0  4.0    MM    MM    MM  MM 1012.3  22.2  23.4  19.8   MM +1.1    MM
2026 08 29 15 50 330  4.0  5.0   1.1    17   5.5 190 1012.2  22.1  23.4  19.9   MM   MM    MM
2026 08 29 15 40 330  4.0  4.0   1.1    MM   5.5 190 1012.2  22.1  23.4  19.9   MM   MM    MM
2026 08 29 15 30 330  4.0  4.0    MM    MM    MM  MM 1012.1  22.1  23.4  20.0   MM   MM    MM
2026 08 29 15 20 330  4.0  5.0   1.2    17   6.1 223 1012.1  22.2  23.3  20.0   MM   MM    MM
2026 08 29 15 10 320  3.0  4.0   1.2    MM   6.1 223 1012.1  22.3  23.3  20.1   MM   MM    MM
2026 08 29 15 00 320  3.0  4.0    MM    MM    MM  MM 1012.1  22.3  23.3  20.0   MM +1.2    MM
2026 08 29 14 50 330  3.0  4.0   1.1    17   5.6 178 1012.0  22.3  23.2  19.9   MM   MM    MM
2026 08 29 14 40 340  3.0  4.0    MM    MM    MM  MM 1011.8  22.3  23.2  19.8   MM   MM    MM
2026 08 29 14 30 330  4.0  4.0    MM    MM    MM  MM 1011.7  22.2  23.2  19.8   MM   MM    MM
2026 08 29 14 20 330  4.0  4.0   1.2    17   5.8 208 1011.6  22.4  23.1  20.1   MM   MM    MM
2026 08 29 14 10 330  4.0  5.0   1.2    MM   5.8 208 1011.6  22.4  23.1  19.6   MM   MM    MM
2026 08 29 14 00 330  4.0  5.0    MM    MM    MM  MM 1011.5  22.5  23.1  19.4   MM +0.7    MM
2026 08 29 13 50 330  4.0  5.0   1.1    17   5.8 212 1011.6  22.7    MM  19.5   MM   MM    MM
2026 08 29 13 40 330  4.0  5.0   1.1    MM   5.8 212 1011.5  22.8  23.1  19.3   MM   MM    MM
2026 08 29 13 30 340  4.0  5.0    MM    MM    MM  MM 1011.4  22.8  23.1  19.1   MM   MM    MM
2026 08 29 13 20 340  4.0  5.0   1.1    17   5.5 193 1011.3  22.8  23.2  19.7   MM   MM    MM
2026 08 29 13 10 340  4.0  5.0   1.1    MM   5.5 193 1011.2  22.6  23.2  20.0   MM   MM    MM
2026 08 29 13 00 340  4.0  5.0    MM    MM    MM  MM 1011.1  22.6  23.2  20.4   MM +0.5    MM
2026 08 29 12 50 340  3.0  4.0   1.2    17   5.8 222 1011.1  22.5  23.3  20.9   MM   MM    MM
2026 08 29 12 40 340  3.0  4.0   1.2    MM   5.8 222 1011.0  22.4  23.3  20.8   MM   MM    MM
2026 08 29 12 30 340  3.0  4.0    MM    MM    MM  MM 1011.0  22.3  23.3  20.6   MM   MM    MM
2026 08 29 12 20 340  3.0  3.0   1.2    17   6.1 209 1011.0  22.3  23.4  20.5   MM   MM    MM
2026 08 29 12 10 330  3.0  4.0   1.2    MM   6.1 209 1010.9  22.3  23.4  20.5   MM   MM    MM
2026 08 29 12 00 330  3.0  3.0    MM    MM    MM  MM 1010.9  22.3  23.4  20.3   MM +0.0    MM
2026 08 29 11 50 320  2.0  3.0   1.2     7   5.8 261 1011.0  22.3  23.4  20.1   MM   MM    MM
2026 08 29 11 40 340  2.0  3.0    MM    MM    MM  MM 1011.0  22.4  23.5  20.2   MM   MM    MM
2026 08 29 11 30 330  2.0  3.0    MM    MM    MM  MM 1011.0  22.8  23.5  20.1   MM   MM    MM
2026 08 29 11 20 350  1.0  2.0   1.2    17   6.1  77 1010.8  22.8  23.5  19.7   MM   MM    MM
2026 08 29 11 10 360  1.0  2.0   1.2    MM   6.1  77 1010.9  22.7  23.4  19.5   MM   MM    MM
2026 08 29 11 00  10  2.0  3.0    MM    MM    MM  MM 1010.8  22.8  23.6  19.5   MM +0.0    MM
2026 08 29 10 50 360  2.0  3.0   1.1    17   6.0 136 1010.7  22.8  23.6  19.3   MM   MM    MM
2026 08 29 10 40 360  3.0  4.0    MM    MM    MM  MM 1010.6  22.7  23.6  19.4   MM   MM    MM
2026 08 29 10 30 360  3.0  4.0    MM    MM    MM  MM 1010.5  22.6  23.6  19.8   MM   MM    MM
2026 08 29 10 20  10  2.0  3.0   1.0    17   5.7 198 1010.5  22.7  23.6  20.0   MM   MM    MM
2026 08 29 10 10 350  1.0  2.0   1.0    MM   5.7 198 1010.5  22.8  23.6  19.6   MM   MM    MM
2026 08 29 10 00  10  1.0  2.0    MM    MM    MM  MM 1010.6  22.9  23.6  19.6   MM +0.0    MM
2026 08 29 09 50 330  1.0  2.0   1.0     8   5.8 220 1010.5  22.9  23.5  19.7   MM   MM    MM
2026 08 29 09 40 360  1.0  2.0    MM    MM    MM  MM 1010.6  22.8  23.5  20.1   MM   MM    MM
2026 08 29 09 30  MM  0.0  1.0    MM    MM    MM  MM 1010.6  22.8  23.5  20.3   MM   MM    MM
2026 08 29 09 20 210  1.0  2.0   1.0    17   6.2 275 1010.8  22.8  23.4  20.3   MM   MM    MM
2026 08 29 09 10 210  1.0  2.0    MM    MM    MM  MM 1010.6  23.0  23.5  20.5   MM   MM    MM
2026 08 29 09 00 210  1.0  2.0    MM    MM    MM  MM 1010.7  23.0  23.5  20.7   MM +0.4    MM
2026 08 29 08 50 190  1.0  2.0   1.0    16   6.2 335 1010.8  23.0  23.7  20.8   MM   MM    MM
2026 08 29 08 40 200  1.0  1.0    MM    MM    MM  MM 1010.7  23.0  23.6  20.8   MM   MM    MM
2026 08 29 08 30 200  1.0  2.0    MM    MM    MM  MM 1010.9  23.1  23.6  20.9   MM   MM    MM
2026 08 29 08 20 170  2.0  2.0   1.0    19   6.3  12 1011.0  23.2  23.5  20.7   MM   MM    MM
2026 08 29 08 10 150  1.0  2.0    MM    MM    MM  MM 1010.9  23.4  23.5  20.6   MM   MM    MM
2026 08 29 08 00 160  1.0  2.0    MM    MM    MM  MM 1010.7  23.2  23.5  20.2   MM +0.6    MM
2026 08 29 07 50 180  1.0  3.0   1.0    17   6.3 204 1011.0  23.4  23.4  20.4   MM   MM    MM
2026 08 29 07 40 190  1.0  1.0    MM    MM    MM  MM 1010.8  23.4    MM  19.9   MM   MM    MM
2026 08 29 07 30 260  1.0  2.0    MM    MM    MM  MM 1010.5  23.5  23.4  19.9   MM   MM    MM
2026 08 29 07 20 310  2.0  2.0   0.9    17   6.2 196 1010.6  23.6    MM  19.7   MM   MM    MM
2026 08 29 07 10 340  2.0  3.0   0.9    MM   6.2 196 1010.5  23.5    MM  19.5   MM   MM    MM
2026 08 29 07 00 330  1.0  2.0    MM    MM    MM  MM 1010.5  22.9    MM  19.9   MM +0.9    MM
2026 08 29 06 50  10  1.0  1.0   1.0    17   6.5 193 1010.5  23.0  23.4  21.4   MM   MM    MM
2026 08 29 06 40  MM  0.0  1.0    MM    MM    MM  MM 1010.5  23.2  23.4  21.8   MM   MM    MM
2026 08 29 06 30  MM  0.0  1.0    MM    MM    MM  MM 1010.5  23.3  23.4  21.9   MM   MM    MM
2026 08 29 06 20  MM  0.0  1.0   1.0    17   6.4 215 1010.5  23.3  23.4  21.8   MM   MM    MM
2026 08 29 06 10 190  1.0  2.0   1.0    MM   6.4 215 1010.4  23.3  23.5  21.8   MM   MM    MM
2026 08 29 06 00 220  1.0  2.0    MM    MM    MM  MM 1010.4  23.3  23.4  21.8   MM +1.2    MM
2026 08 29 05 50 210  1.0  2.0   0.9    17   5.7 204 1010.4  23.2  23.5  21.8   MM   MM    MM
2026 08 29 05 40 220  1.0  2.0    MM    MM    MM  MM 1010.3  23.2  23.5  21.7   MM   MM    MM
2026 08 29 05 30 200  1.0  1.0    MM    MM    MM  MM 1010.3  23.3  23.4  21.7   MM   MM    MM
2026 08 29 05 20 190  1.0  2.0   0.9     8   5.9 180 1010.3  23.3  23.3  21.6   MM   MM    MM
2026 08 29 05 10 210  1.0  2.0    MM    MM    MM  MM 1010.1  23.3  23.3  21.4   MM   MM    MM
2026 08 29 05 00 220  1.0  1.0    MM    MM    MM  MM 1010.1  23.4  23.3  21.2   MM -0.0    MM
2026 08 29 04 50 250  1.0  1.0   1.0     8   5.9 195 1009.9  23.5  23.2  21.0   MM   MM    MM
2026 08 29 04 40 270  1.0  2.0    MM    MM    MM  MM 1010.0  23.5  23.3  20.7   MM   MM    MM
2026 08 29 04 30 290  1.0  2.0    MM    MM    MM  MM 1010.0  23.5  23.3  20.8   MM   MM    MM
2026 08 29 04 20 290  1.0  2.0   0.9    17   5.5 309 1010.0  23.5  23.3  21.1   MM   MM    MM
2026 08 29 04 10 310  1.0  2.0   0.9    MM   5.5 309 1009.7  23.5  23.2  21.1   MM   MM    MM
2026 08 29 04 00 300  2.0  3.0    MM    MM    MM  MM 1009.6  23.7  23.2  21.1   MM -0.4    MM
2026 08 29 03 50 310  3.0  4.0   1.0    13   5.4 208 1009.5  23.7  23.3  20.8   MM   MM    MM
2026 08 29 03 40 310  4.0  4.0    MM    MM    MM  MM 1009.4  23.6  23.4  20.6   MM   MM    MM
2026 08 29 03 30 310  4.0  5.0    MM    MM    MM  MM 1009.4  23.6  23.4  20.3   MM   MM    MM
2026 08 29 03 20 320  4.0  5.0   1.0    13   5.6 210 1009.4  23.5  23.4  20.2   MM   MM    MM
2026 08 29 03 10 330  4.0  5.0   1.0    MM   5.6 210 1009.4  23.3  23.4  20.3   MM   MM    MM
2026 08 29 03 00 340  4.0  5.0    MM    MM    MM  MM 1009.2  23.4  23.5  20.6   MM -1.0    MM
2026 08 29 02 50 340  4.0  5.0   0.9     8   5.2 229 1009.2  23.3  23.7  20.6   MM   MM    MM
2026 08 29 02 40 350  3.0  4.0    MM    MM    MM  MM 1009.2  23.4  23.7  20.7   MM   MM    MM
2026 08 29 02 30 340  2.0  2.0    MM    MM    MM  MM 1009.4  23.4  23.8  20.4   MM   MM    MM
2026 08 29 02 20 300  2.0  3.0   0.9     9   5.3 184 1009.4  23.6  23.6  20.6   MM   MM    MM
2026 08 29 02 10 270  2.0  2.0   0.9    MM   5.3 184 1009.7  23.6  23.6  20.3   MM   MM    MM
2026 08 29 02 00 260  3.0  4.0    MM    MM    MM  MM 1009.8  23.6  23.5  20.1   MM -0.7    MM
2026 08 29 01 50 260  3.0  4.0   1.0    10   5.5 193 1009.9  23.7  23.6  20.2   MM   MM    MM
2026 08 29 01 40 260  4.0  5.0    MM    MM    MM  MM 1010.0  23.8  23.6  19.9   MM   MM    MM
2026 08 29 01 30 240  2.0  5.0    MM    MM    MM  MM 1010.0  23.8  23.5  21.3   MM   MM    MM
2026 08 29 01 20 230  1.0  2.0   0.9     9   5.9 178 1010.0  23.5  23.5  20.6   MM   MM    MM
2026 08 29 01 10 260  2.0  2.0   0.9    MM   5.9 178 1010.1  23.4  23.5  20.4   MM   MM    MM
2026 08 29 01 00 300  2.0  3.0    MM    MM    MM  MM 1010.0  23.2  23.6  20.2   MM -1.2    MM
2026 08 29 00 50 310  3.0  4.0   0.9     8   6.2 191 1009.9  23.1  23.7  20.0   MM   MM    MM
2026 08 29 00 40 320  4.0  5.0    MM    MM    MM  MM 1010.0  23.3  24.0  20.0   MM   MM    MM
2026 08 29 00 30 320  4.0  5.0    MM    MM    MM  MM 1010.1  23.4  24.0  20.7   MM   MM    MM
2026 08 29 00 20 310  3.0  4.0   0.9     8   6.5 208 1010.3  23.6  24.0  21.9   MM   MM    MM
2026 08 29 00 10 300  3.0  4.0   0.9    MM   6.5 208 1010.3  23.6  23.9  22.0   MM   MM    MM
2026 08 29 00 00 300  3.0  4.0    MM    MM    MM  MM 1010.3  23.8  23.8  22.0   MM -1.4    MM
2026 08 28 23 50 290  3.0  3.0   1.0     9   6.4 176 1010.3  23.8  23.8  21.9   MM   MM    MM
2026 08 28 23 40 280  3.0  4.0    MM    MM    MM  MM 1010.2  23.8  23.8  21.9   MM   MM    MM
2026 08 28 23 30 280  3.0  4.0    MM    MM    MM  MM 1010.3  23.8  23.8  22.0   MM   MM    MM
2026 08 28 23 20 280  3.0  4.0   1.0     9   6.8 187 1010.5  23.8  23.7  22.0   MM   MM    MM
2026 08 28 23 10 280  3.0  4.0   1.0    MM   6.8 187 1010.5  23.8  23.7  22.0   MM   MM    MM
2026 08 28 23 00 280  4.0  5.0    MM    MM    MM  MM 1010.5  23.8  23.6  22.1   MM -1.6    MM
2026 08 28 22 50 270  5.0  5.0   0.9     8   6.6 181 1010.7  23.8  23.6  22.1   MM   MM    MM
2026 08 28 22 40 270  4.0  5.0    MM    MM    MM  MM 1010.6  23.9  23.4  22.3   MM   MM    MM
2026 08 28 22 30 270  3.0  4.0    MM    MM    MM  MM 1010.7  23.9  23.5  22.1   MM   MM    MM
2026 08 28 22 20 270  4.0  4.0   1.0     9   6.6 207 1010.8  23.9  23.3  22.1   MM   MM    MM
2026 08 28 22 10 270  3.0  4.0   1.0    MM   6.6 207 1010.9  23.9  23.4  22.1   MM   MM    MM
2026 08 28 22 00 270  3.0  3.0    MM    MM    MM  MM 1011.2  23.9  23.3  22.3   MM -1.1    MM
2026 08 28 21 50 280  3.0  4.0   1.0     9   6.6 174 1011.3  23.9  23.5  22.5   MM   MM    MM
2026 08 28 21 40 280  4.0  4.0    MM    MM    MM  MM 1011.4  23.9  23.3  22.4   MM   MM    MM
2026 08 28 21 30 280  3.0  4.0    MM    MM    MM  MM 1011.6  24.0  23.4  22.4   MM   MM    MM
2026 08 28 21 20 280  3.0  4.0   1.0     9   6.7 166 1011.5  24.0  23.4  22.3   MM   MM    MM
2026 08 28 21 10 280  4.0  5.0   1.0    MM   6.7 166 1011.5  24.1  23.3  22.3   MM   MM    MM
2026 08 28 21 00 280  5.0  6.0    MM    MM    MM  MM 1011.6  24.1  23.3  22.2   MM -0.7    MM
2026 08 28 20 50 280  4.0  5.0   1.0     8   6.7 235 1011.6  24.1  23.2  22.2   MM   MM    MM
2026 08 28 20 40 270  3.0  4.0    MM    MM    MM  MM 1011.7  24.2  23.2  22.1   MM   MM    MM
2026 08 28 20 30 260  2.0  3.0    MM    MM    MM  MM 1011.9  24.3  23.2  22.0   MM   MM    MM
2026 08 28 20 20  MM  0.0  1.0   1.1    10   6.9 190 1012.0  24.3  23.2  22.1   MM   MM    MM
2026 08 28 20 10 250  1.0  2.0   1.1    MM   6.9 190 1012.1  24.0  23.2  21.9   MM   MM    MM
2026 08 28 20 00 250  1.0  1.0    MM    MM    MM  MM 1012.2  23.9  23.2  21.7   MM +0.3    MM
2026 08 28 19 50 280  1.0  2.0   1.0     8   6.6 194 1012.1  23.8  23.1  21.6   MM   MM    MM
2026 08 28 19 40 290  1.0  1.0   1.0    MM   6.6 194 1012.3  23.8  23.1  21.5   MM   MM    MM
2026 08 28 19 30 280  1.0  1.0    MM    MM    MM  MM 1012.4  23.8  23.0  21.5   MM   MM    MM
2026 08 28 19 20 280  1.0  2.0   1.1     9   6.5 177 1012.4  23.6  23.1  21.4   MM   MM    MM
2026 08 28 19 10  MM  0.0  1.0   1.1    MM   6.5 177 1012.4  23.3  23.0  21.3   MM   MM    MM
2026 08 28 19 00  MM  0.0  1.0    MM    MM    MM  MM 1012.3  23.2  23.0  21.2   MM +0.7    MM
2026 08 28 18 50  MM  0.0  1.0   1.0     9   6.4 176 1012.5  22.9  23.0  21.1   MM   MM    MM
2026 08 28 18 40  MM  0.0  1.0    MM    MM    MM  MM 1012.7  22.8  23.0  21.1   MM   MM    MM
2026 08 28 18 30 320  1.0  2.0    MM    MM    MM  MM 1012.6  22.6  23.0  21.0   MM   MM    MM
2026 08 28 18 20 300  2.0  3.0   1.0     9   6.5 179 1012.5  22.7  22.9  21.1   MM   MM    MM
2026 08 28 18 10 320  2.0  3.0   1.0    MM   6.5 179 1012.4  22.7  22.9  21.1   MM   MM    MM
2026 08 28 18 00 360  1.0  2.0    MM    MM    MM  MM 1012.4  22.6  22.9  21.1   MM +1.0    MM
2026 08 28 17 50 360  2.0  3.0   1.1     8   6.5 186 1012.5  22.5  22.9  21.0   MM   MM    MM
2026 08 28 17 40 340  3.0  3.0   1.1    MM   6.5 186 1012.2  22.5  22.9  21.1   MM   MM    MM
2026 08 28 17 30 340  3.0  4.0    MM    MM    MM  MM 1012.1  22.5  22.8  21.1   MM   MM    MM
2026 08 28 17 20 340  3.0  4.0   1.0     9   6.0 155 1012.0  22.5  22.8  21.2   MM   MM    MM
2026 08 28 17 10 350  3.0  4.0    MM    MM    MM  MM 1012.1  22.6  22.8  21.3   MM   MM    MM
2026 08 28 17 00 360  3.0  3.0    MM    MM    MM  MM 1012.0  22.5  22.8  21.2   MM +1.2    MM
2026 08 28 16 50 340  3.0  4.0   1.0     9   6.4 169 1011.9  22.4  22.8  21.1   MM   MM    MM
2026 08 28 16 40 350  3.0  4.0    MM    MM    MM  MM 1011.9  22.4  22.8  21.2   MM   MM    MM
2026 08 28 16 30 350  3.0  4.0    MM    MM    MM  MM 1011.7  22.3  22.8  21.1   MM   MM    MM
2026 08 28 16 20 360  4.0  4.0   1.0     9   6.4 188 1011.6  22.3  22.8  21.1   MM   MM    MM
2026 08 28 16 10 350  4.0  5.0   1.0    MM   6.4 188 1011.7  22.3  22.8  21.1   MM   MM    MM
2026 08 28 16 00 340  4.0  5.0    MM    MM    MM  MM 1011.6  22.3  22.8  21.1   MM +1.3    MM
2026 08 28 15 50 340  4.0  5.0   1.1     9   6.6 177 1011.6  22.3  22.8  21.2   MM   MM    MM
2026 08 28 15 40 330  4.0  5.0    MM    MM    MM  MM 1011.6  22.2  22.8  21.3   MM   MM    MM
2026 08 28 15 30 330  4.0  5.0    MM    MM    MM  MM 1011.4  22.4  22.7  21.7   MM   MM    MM
2026 08 28 15 20 310  3.0  4.0   1.0     7   6.6 199 1011.4  22.8  22.7  22.3   MM   MM    MM
2026 08 28 15 10 330  2.0  2.0   1.0    MM   6.6 199 1011.5  23.0  22.7  22.6   MM   MM    MM
2026 08 28 15 00 340  2.0  2.0    MM    MM    MM  MM 1011.3  23.0  22.7  22.6   MM +1.1    MM
2026 08 28 14 50 340  2.0  2.0   1.1     9   6.9 177 1011.4  23.1  22.7  22.6   MM   MM    MM
2026 08 28 14 40  10  2.0  3.0   1.1    MM   6.9 177 1011.1  23.1  22.7  22.6   MM   MM    MM
2026 08 28 14 30  30  2.0  3.0    MM    MM    MM  MM 1010.9  23.0  22.7  22.5   MM   MM    MM
2026 08 28 14 20  30  3.0  3.0   1.0     9   7.1 184 1010.8  23.0  22.7  22.5   MM   MM    MM
2026 08 28 14 10  30  3.0  3.0   1.0    MM   7.1 184 1010.8  22.9  22.7  22.5   MM   MM    MM
2026 08 28 14 00  30  3.0  3.0    MM    MM    MM  MM 1010.7  22.8  22.7  22.4   MM +1.0    MM
2026 08 28 13 50  10  2.0  3.0   1.2     9   7.2 180 1010.7  22.8  22.7  22.4   MM   MM    MM
2026 08 28 13 40  10  2.0  3.0    MM    MM    MM  MM 1010.8  22.7  22.7  22.3   MM   MM    MM
2026 08 28 13 30  10  3.0  3.0    MM    MM    MM  MM 1010.6  22.8  22.7  22.4   MM   MM    MM
2026 08 28 13 20  20  3.0  3.0   1.1     8   7.0 190 1010.5  22.7  22.7  22.3   MM   MM    MM
2026 08 28 13 10  30  3.0  3.0   1.1    MM   7.0 190 1010.5  22.7  22.7  22.4   MM   MM    MM
2026 08 28 13 00  30  2.0  3.0    MM    MM    MM  MM 1010.4  22.8  22.7  22.5   MM +0.6    MM
2026 08 28 12 50  30  2.0  3.0   1.2     9   7.3 188 1010.3  22.8  22.7  22.5   MM   MM    MM
2026 08 28 12 40  20  2.0  3.0    MM    MM    MM  MM 1010.3  22.6    MM  22.2   MM   MM    MM
2026 08 28 12 30 360  2.0  3.0    MM    MM    MM  MM 1010.2  22.5  22.8  22.1   MM   MM    MM
2026 08 28 12 20 340  2.0  3.0   1.2    10   7.1 179 1010.3  22.4  22.8  22.0   MM   MM    MM
2026 08 28 12 10 320  2.0  2.0   1.2    MM   7.1 179 1010.3  22.4  22.8  22.0   MM   MM    MM
2026 08 28 12 00 290  2.0  3.0    MM    MM    MM  MM 1010.3  22.3  22.8  21.9   MM +0.4    MM
2026 08 28 11 50 270  3.0  4.0   1.1     9   7.2 177 1010.4  22.6  22.7  22.2   MM   MM    MM
2026 08 28 11 40 270  1.0  2.0    MM    MM    MM  MM 1010.4  22.6  22.7  22.2   MM   MM    MM
2026 08 28 11 30 340  1.0  2.0    MM    MM    MM  MM 1010.1  22.6  22.7  22.2   MM   MM    MM
2026 08 28 11 20  30  1.0  1.0   1.2    10   7.4 174 1010.0  22.6  22.7  22.1   MM   MM    MM
2026 08 28 11 10  MM  0.0  0.0    MM    MM    MM  MM 1010.0  22.6  22.7  22.1   MM   MM    MM
2026 08 28 11 00  MM  0.0  2.0    MM    MM    MM  MM 1009.7  22.7  22.7  22.2   MM +0.0    MM
2026 08 28 10 50 200  1.0  2.0   1.2     9   7.6 183 1009.9  22.8  22.7  22.2   MM   MM    MM
2026 08 28 10 40 110  1.0  2.0    MM    MM    MM  MM 1009.6  22.8  22.7  22.2   MM   MM    MM
2026 08 28 10 30 110  1.0  2.0    MM    MM    MM  MM 1009.4  22.8  22.7  22.1   MM   MM    MM
2026 08 28 10 20 120  1.0  1.0   1.3    10   7.9 172 1009.4  22.8  22.7  22.1   MM   MM    MM
2026 08 28 10 10 130  1.0  2.0   1.3    MM   7.9 172 1009.4  22.8  22.7  22.1   MM   MM    MM
2026 08 28 10 00 160  2.0  3.0    MM    MM    MM  MM 1009.6  22.9  22.6  22.2   MM +0.0    MM
2026 08 28 09 50 150  2.0  3.0   1.2    10   7.7 191 1009.7  22.8  22.7  22.0   MM   MM    MM
2026 08 28 09 40 150  2.0  2.0    MM    MM    MM  MM 1009.6  22.9  22.7  22.0   MM   MM    MM
2026 08 28 09 30 170  1.0  2.0    MM    MM    MM  MM 1009.7  22.8  22.7  21.8   MM   MM    MM
2026 08 28 09 20 170  1.0  2.0   1.2    10   7.9 166 1009.7  22.8  22.7  21.7   MM   MM    MM
2026 08 28 09 10 230  1.0  2.0    MM    MM    MM  MM 1009.7  22.8  22.7  21.6   MM   MM    MM
2026 08 28 09 00 220  1.0  3.0    MM    MM    MM  MM 1009.8  22.7  22.8  21.5   MM +0.0    MM
2026 08 28 08 50 240  1.0  2.0   1.3    10   8.2 183 1009.8  22.7  22.8  21.6   MM   MM    MM
2026 08 28 08 40 250  1.0  2.0    MM    MM    MM  MM 1010.0  22.8  22.8  21.8   MM   MM    MM
2026 08 28 08 30 240  1.0  2.0    MM    MM    MM  MM 1009.8  22.9  22.9  21.9   MM   MM    MM
2026 08 28 08 20 210  1.0  2.0   1.2    10   7.9 174 1009.7  22.9  22.9  21.9   MM   MM    MM
2026 08 28 08 10 210  1.0  2.0    MM    MM    MM  MM 1009.8  22.9  22.9  21.8   MM   MM    MM
2026 08 28 08 00 220  1.0  1.0    MM    MM    MM  MM 1009.8  22.9  23.0  21.8   MM +0.4    MM
2026 08 28 07 50 250  1.0  2.0   1.2    11   7.8 183 1009.6  22.9  23.0  21.8   MM   MM    MM
2026 08 28 07 40 270  1.0  2.0    MM    MM    MM  MM 1009.5  22.9  23.0  21.8   MM   MM    MM
2026 08 28 07 30 240  1.0  2.0    MM    MM    MM  MM 1009.5  22.9  23.1  21.7   MM   MM    MM
2026 08 28 07 20 220  2.0  2.0   1.1    10   7.8 175 1009.5  23.0  23.1  21.8   MM   MM    MM
2026 08 28 07 10 240  2.0  2.0   1.1    MM   7.8 175 1009.5  23.0  23.1  21.7   MM   MM    MM
2026 08 28 07 00 230  1.0  2.0    MM    MM    MM  MM 1009.5  22.9  23.1  21.5   MM +0.3    MM
2026 08 28 06 50 220  1.0  2.0   1.2    11   8.1 181 1009.4  22.8  23.2  21.5   MM   MM    MM
2026 08 28 06 40 200  2.0  2.0    MM    MM    MM  MM 1009.5  22.8  23.2  21.5   MM   MM    MM
2026 08 28 06 30 190  2.0  3.0    MM    MM    MM  MM 1009.5  22.9  23.2  21.6   MM   MM    MM
2026 08 28 06 20 200  2.0  2.0   1.2    11   7.9 185 1009.4  22.9  23.2  21.6   MM   MM    MM
2026 08 28 06 10 220  1.0  2.0    MM    MM    MM  MM 1009.5  22.9  23.2  21.6   MM   MM    MM
2026 08 28 06 00 160  2.0  2.0    MM    MM    MM  MM 1009.6  22.9  23.2  21.6   MM +1.1    MM
2026 08 28 05 50  MM  0.0  1.0   1.1    11   8.1 179 1009.5  22.8  23.1  21.4   MM   MM    MM
2026 08 28 05 40  MM  0.0  1.0    MM    MM    MM  MM 1009.3  22.8  23.1  21.4   MM   MM    MM
2026 08 28 05 30  MM  0.0  1.0    MM    MM    MM  MM 1009.3  22.8  23.1  21.4   MM   MM    MM
2026 08 28 05 20  70  1.0  2.0   1.1    10   7.7 175 1009.5  22.9  23.2  21.5   MM   MM    MM
2026 08 28 05 10  70  1.0  2.0   1.1    MM   7.7 175 1009.4  22.9  23.2  21.5   MM   MM    MM
2026 08 28 05 00 230  1.0  3.0    MM    MM    MM  MM 1009.4  23.0  23.3  21.6   MM +1.3    MM
2026 08 28 04 50 250  2.0  3.0   1.1    11   7.9 179 1009.5  23.0  23.3  21.4   MM   MM    MM
2026 08 28 04 40 270  2.0  2.0    MM    MM    MM  MM 1009.3  23.0  23.4  21.3   MM   MM    MM
2026 08 28 04 30 280  2.0  3.0    MM    MM    MM  MM 1009.2  23.0  23.4  21.2   MM   MM    MM
2026 08 28 04 20 280  2.0  3.0   1.2    11   7.7 193 1009.0  23.0  23.4  21.1   MM   MM    MM
2026 08 28 04 10 270  3.0  4.0   1.2    MM   7.7 193 1008.9  23.0  23.5  21.0   MM   MM    MM
2026 08 28 04 00 250  4.0  5.0    MM    MM    MM  MM 1009.1  23.0  23.5  20.9   MM +0.4    MM
2026 08 28 03 50 240  3.0  4.0   1.0    11   7.1 182 1009.1  23.0  23.5  20.9   MM   MM    MM
2026 08 28 03 40 230  3.0  4.0    MM    MM    MM  MM 1009.0  23.0  23.5  20.8   MM   MM    MM
2026 08 28 03 30 230  3.0  5.0    MM    MM    MM  MM 1008.9  23.0  23.5  20.9   MM   MM    MM
2026 08 28 03 20 240  5.0  6.0   1.0    11   7.2 183 1008.6  23.1  23.6  21.2   MM   MM    MM
2026 08 28 03 10 240  5.0  6.0   1.0    MM   7.2 183 1008.6  23.3  23.6  21.2   MM   MM    MM
2026 08 28 03 00 250  4.0  5.0    MM    MM    MM  MM 1008.5  23.5  23.6  21.3   MM -0.8    MM
2026 08 28 02 50 240  5.0  6.0   1.1    11   6.5 169 1008.4  23.7  23.6  21.2   MM   MM    MM
2026 08 28 02 40 240  5.0  6.0    MM    MM    MM  MM 1008.3  23.4  23.6  21.5   MM   MM    MM
2026 08 28 02 30 250  4.0  5.0    MM    MM    MM  MM 1008.1  23.3  23.7  22.1   MM   MM    MM
2026 08 28 02 20 250  4.0  4.0   1.1    10   6.2 173 1008.0  23.3  23.7  22.4   MM   MM    MM
2026 08 28 02 10 240  4.0  5.0   1.1    MM   6.2 173 1008.0  23.3  23.7  22.5   MM   MM    MM
2026 08 28 02 00 240  4.0  4.0    MM    MM    MM  MM 1008.0  23.3  23.7  22.5   MM -1.7    MM
2026 08 28 01 50 250  4.0  5.0   1.2    11   5.9 158 1008.1  23.3  23.7  22.4   MM   MM    MM
2026 08 28 01 40 260  4.0  5.0    MM    MM    MM  MM 1008.2  23.4  23.8  22.4   MM   MM    MM
2026 08 28 01 30 250  4.0  5.0    MM    MM    MM  MM 1008.4  23.4  23.7  22.1   MM   MM    MM
2026 08 28 01 20 250  4.0  5.0   1.2    10   6.0 173 1008.5  23.4  23.6  21.7   MM   MM    MM
2026 08 28 01 10 240  4.0  5.0   1.2    MM   6.0 173 1008.8  23.2  23.6  21.5   MM   MM    MM
2026 08 28 01 00 250  4.0  4.0    MM    MM    MM  MM 1008.8  23.1  23.6  21.4   MM -1.9    MM
2026 08 28 00 50 250  3.0  4.0   1.3    11   6.1 176 1008.8  23.1  23.5  21.2   MM   MM    MM
2026 08 28 00 40 270  4.0  5.0    MM    MM    MM  MM 1008.8  23.3  23.5  21.2   MM   MM    MM
2026 08 28 00 30 290  5.0  5.0    MM    MM    MM  MM 1008.8  23.4  23.4  20.8   MM   MM    MM
2026 08 28 00 20 290  4.0  5.0   1.2    10   6.6 172 1009.0  23.3  23.4  20.7   MM   MM    MM
2026 08 28 00 10 300  4.0  5.0    MM    MM    MM  MM 1009.1  23.2  23.3  20.6   MM   MM    MM
2026 08 28 00 00 300  5.0  7.0    MM    MM    MM  MM 1009.3  23.0  23.3  20.4   MM -2.0    MM
2026 08 27 23 50 310  6.0  8.0   1.3    11   7.2 186 1009.4  22.9  23.3  20.2   MM   MM    MM
2026 08 27 23 40 310  7.0  8.0    MM    MM    MM  MM 1009.4  22.9  23.3  20.2   MM   MM    MM
2026 08 27 23 30 310  6.0  8.0    MM    MM    MM  MM 1009.5  22.9  23.3  20.5   MM   MM    MM
2026 08 27 23 20 320  5.0  7.0   1.2    11   7.3 173 1009.7  23.0  23.5  20.9   MM   MM    MM
2026 08 27 23 10 330  5.0  6.0   1.2    MM   7.3 173 1009.8  23.1  23.5  21.1   MM   MM    MM
2026 08 27 23 00 330  5.0  6.0    MM    MM    MM  MM 1009.9  23.4  23.5  21.5   MM -2.0    MM
2026 08 27 22 50 320  4.0  5.0   1.2    11   7.7 169 1010.1  23.4  23.6  21.9   MM   MM    MM
2026 08 27 22 40 310  4.0  5.0   1.2    MM   7.7 169 1010.3  23.5  23.6  22.2   MM   MM    MM
2026 08 27 22 30 300  4.0  5.0    MM    MM    MM  MM 1010.5  23.5  23.6  22.2   MM   MM    MM
2026 08 27 22 20 300  4.0  5.0   1.3    11   8.3 163 1010.5  23.5  23.7  22.3   MM   MM    MM
2026 08 27 22 10 300  4.0  5.0   1.3    MM   8.3 163 1010.7  23.4  23.7  22.3   MM   MM    MM
2026 08 27 22 00 300  4.0  5.0    MM    MM    MM  MM 1010.7  23.5  23.7  22.4   MM -1.1    MM
2026 08 27 21 50 280  5.0  6.0   1.2    11   8.0 186 1011.0  23.4  23.7  22.3   MM   MM    MM
2026 08 27 21 40 290  5.0  6.0    MM    MM    MM  MM 1011.0  23.4  23.3  22.4   MM   MM    MM
2026 08 27 21 30 280  5.0  6.0    MM    MM    MM  MM 1011.2  23.4  23.3  22.6   MM   MM    MM
2026 08 27 21 20 280  5.0  6.0   1.2    11   8.3 184 1011.4  23.6  23.3  22.7   MM   MM    MM
2026 08 27 21 10 280  4.0  6.0   1.2    MM   8.3 184 1011.5  24.0  23.4  23.1   MM   MM    MM
2026 08 27 21 00 290  2.0  3.0    MM    MM    MM  MM 1011.4  24.0  23.4  23.0   MM -1.2    MM
2026 08 27 20 50 280  2.0  2.0   1.2    11   7.9 182 1011.4  24.0  23.4  22.9   MM   MM    MM
2026 08 27 20 40 290  1.0  1.0    MM    MM    MM  MM 1011.6  24.0  23.4  23.0   MM   MM    MM
2026 08 27 20 30  MM  0.0  1.0    MM    MM    MM  MM 1011.8  23.9  23.4  23.1   MM   MM    MM
2026 08 27 20 20 340  1.0  2.0   1.3    11   8.3 181 1011.7  23.7  23.4  22.9   MM   MM    MM
2026 08 27 20 10 350  1.0  2.0   1.3    MM   8.3 181 1011.9  23.7  23.4  22.9   MM   MM    MM
2026 08 27 20 00  10  1.0  2.0    MM    MM    MM  MM 1011.7  23.7  23.5  22.9   MM -0.6    MM
2026 08 27 19 50  20  1.0  2.0   1.2    12   8.0 198 1011.8  23.7  23.4  22.9   MM   MM    MM
2026 08 27 19 40  70  2.0  3.0    MM    MM    MM  MM 1011.8  23.7  23.4  22.9   MM   MM    MM
2026 08 27 19 30 100  3.0  4.0    MM    MM    MM  MM 1011.7  23.6  23.4  22.8   MM   MM    MM
2026 08 27 19 20 100  4.0  4.0   1.4    12   8.4 191 1011.6  23.5  23.4  22.7   MM   MM    MM
2026 08 27 19 10  90  3.0  4.0   1.4    MM   8.4 191 1011.6  23.4  23.3  22.6   MM   MM    MM
2026 08 27 19 00  60  3.0  4.0    MM    MM    MM  MM 1011.8  23.4  23.3  22.6   MM +0.0    MM
2026 08 27 18 50  40  3.0  4.0   1.3    11   8.1 169 1011.9  23.4  23.3  22.5   MM   MM    MM
2026 08 27 18 40  40  3.0  4.0    MM    MM    MM  MM 1012.1  23.5  23.3  22.5   MM   MM    MM
2026 08 27 18 30  60  1.0  2.0    MM    MM    MM  MM 1012.4  23.9  23.3  22.6   MM   MM    MM
2026 08 27 18 20  MM  0.0  2.0   1.2    10   8.1 168 1012.5  23.9  23.3  22.7   MM   MM    MM
2026 08 27 18 10  MM  0.0  1.0    MM    MM    MM  MM 1012.5  23.7  23.3  22.8   MM   MM    MM
2026 08 27 18 00  80  2.0  3.0    MM    MM    MM  MM 1012.6  23.4  23.3  22.6   MM +1.2    MM
2026 08 27 17 50  80  2.0  3.0   1.3    12   8.1 210 1012.5  23.3  23.2  22.5   MM   MM    MM
2026 08 27 17 40  40  2.0  3.0    MM    MM    MM  MM 1012.2  23.2  23.2  22.4   MM   MM    MM
2026 08 27 17 30  40  2.0  3.0    MM    MM    MM  MM 1012.5  23.2  23.2  22.5   MM   MM    MM
2026 08 27 17 20  10  2.0  3.0   1.2    11   7.9 175 1012.5  23.2  23.2  22.5   MM   MM    MM
2026 08 27 17 10  20  2.0  3.0   1.2    MM   7.9 175 1012.3  23.2  23.2  22.5   MM   MM    MM
2026 08 27 17 00  40  2.0  3.0    MM    MM    MM  MM 1012.4  23.1  23.2  22.3   MM +1.7    MM
2026 08 27 16 50  40  2.0  2.0   1.2    11   8.1 175 1012.0  23.1  23.2  22.4   MM   MM    MM
2026 08 27 16 40  20  1.0  2.0    MM    MM    MM  MM 1012.3  23.0  23.2  22.3   MM   MM    MM
2026 08 27 16 30 100  1.0  2.0    MM    MM    MM  MM 1012.2  23.1  23.2  22.4   MM   MM    MM
2026 08 27 16 20 160  1.0  2.0   1.2    11   7.8 181 1012.1  23.0  23.2  22.3   MM   MM    MM
2026 08 27 16 10 170  2.0  3.0   1.2    MM   7.8 181 1012.1  23.0  23.2  22.3   MM   MM    MM
2026 08 27 16 00 160  2.0  3.0    MM    MM    MM  MM 1011.9  23.0  23.2  22.3   MM +1.6    MM
2026 08 27 15 50 130  2.0  3.0   1.3    11   7.9 176 1011.6  23.0  23.2  22.3   MM   MM    MM
2026 08 27 15 40 110  3.0  3.0    MM    MM    MM  MM 1011.2  23.0  23.1  22.3   MM   MM    MM
2026 08 27 15 30 120  2.0  2.0    MM    MM    MM  MM 1011.3  23.0  23.1  22.3   MM   MM    MM
2026 08 27 15 20 120  2.0  3.0   1.2    11   7.8 168 1011.6  23.0  23.1  22.3   MM   MM    MM
2026 08 27 15 10  80  3.0  4.0   1.2    MM   7.8 168 1011.4  23.0  23.1  22.3   MM   MM    MM
2026 08 27 15 00  60  3.0  4.0    MM    MM    MM  MM 1011.3  22.9  23.1  22.2   MM +1.4    MM
2026 08 27 14 50  60  3.0  4.0   1.2    11   7.4 177 1011.1  22.9  23.1  22.2   MM   MM    MM
2026 08 27 14 40 100  3.0  4.0   1.2    MM   7.4 177 1011.3  22.8  23.1  22.1   MM   MM    MM
2026 08 27 14 30  70  5.0  7.0    MM    MM    MM  MM 1011.0  22.9  23.1  22.2   MM   MM    MM
2026 08 27 14 20  70  5.0  7.0   1.3    11   7.6 179 1010.2  22.9  23.1  21.8   MM   MM    MM
2026 08 27 14 10  60  3.0  4.0   1.3    MM   7.6 179 1010.7  22.8  23.1  21.6   MM   MM    MM
2026 08 27 14 00  70  2.0  2.0    MM    MM    MM  MM 1010.7  22.7  23.1  21.5   MM +0.9    MM
2026 08 27 13 50 100  2.0  3.0   1.4    11   7.8 173 1010.8  22.8    MM  21.6   MM   MM    MM
2026 08 27 13 40 110  1.0  2.0   1.4    MM   7.8 173 1010.8  22.7  23.1  21.4   MM   MM    MM
2026 08 27 13 30 120  3.0  3.0    MM    MM    MM  MM 1010.4  22.7  23.2  21.4   MM   MM    MM
2026 08 27 13 20 120  2.0  3.0   1.3    11   7.4 170 1010.5  22.7  23.2  21.5   MM   MM    MM
2026 08 27 13 10  80  1.0  2.0   1.3    MM   7.4 170 1010.4  22.6  23.1  21.4   MM   MM    MM
2026 08 27 13 00 120  3.0  4.0    MM    MM    MM  MM 1010.3  22.6  23.1  21.4   MM +0.3    MM
2026 08 27 12 50 140  4.0  5.0   1.2    10   7.3 183 1010.4  22.7    MM  21.5   MM   MM    MM
2026 08 27 12 40 140  4.0  5.0    MM    MM    MM  MM 1010.5  22.8    MM  21.7   MM   MM    MM
2026 08 27 12 30 140  3.0  4.0    MM    MM    MM  MM 1010.5  22.8  23.1  21.7   MM   MM    MM
2026 08 27 12 20 140  2.0  3.0   1.1    10   6.8 180 1010.2  22.9  23.1  21.8   MM   MM    MM
2026 08 27 12 10 140  3.0  3.0   1.1    MM   6.8 180 1010.1  22.9  23.1  21.8   MM   MM    MM
2026 08 27 12 00 120  3.0  4.0    MM    MM    MM  MM 1010.0  22.8  23.1  21.6   MM +0.0    MM
2026 08 27 11 50 100  2.0  3.0   1.4    11   7.5 175 1009.6  22.8  23.1  21.7   MM   MM    MM
2026 08 27 11 40 100  1.0  2.0    MM    MM    MM  MM 1009.5  22.8  23.1  21.7   MM   MM    MM
2026 08 27 11 30 100  1.0  2.0    MM    MM    MM  MM 1009.8  22.8  23.1  21.7   MM   MM    MM
2026 08 27 11 20  MM  0.0  1.0   1.2    10   7.2 173 1009.7  22.7  23.1  21.6   MM   MM    MM
2026 08 27 11 10 300  1.0  2.0   1.2    MM   7.2 173 1009.8  22.8  23.1  21.7   MM   MM    MM
2026 08 27 11 00 200  1.0  2.0    MM    MM    MM  MM 1009.8  22.7  23.1  21.6   MM -0.0    MM
2026 08 27 10 50 220  1.0  2.0   1.3    10   7.0 173 1009.8  22.7  23.1  21.6   MM   MM    MM
2026 08 27 10 40 190  2.0  3.0    MM    MM    MM  MM 1010.0  22.8  23.2  21.8   MM   MM    MM
2026 08 27 10 30 180  2.0  3.0    MM    MM    MM  MM 1009.9  22.8  23.2  21.7   MM   MM    MM
2026 08 27 10 20 200  2.0  3.0   1.3    10   7.1 172 1010.1  22.8  23.2  21.7   MM   MM    MM
2026 08 27 10 10 210  3.0  4.0   1.3    MM   7.1 172 1010.1  22.8  23.2  21.8   MM   MM    MM
2026 08 27 10 00 200  2.0  4.0    MM    MM    MM  MM 1010.0  22.8  23.2  21.7   MM -0.0    MM
2026 08 27 09 50 190  3.0  4.0   1.3    11   7.2 176 1009.7  23.0  23.2  21.6   MM   MM    MM
2026 08 27 09 40 200  2.0  3.0    MM    MM    MM  MM 1009.7  22.8  23.1  20.9   MM   MM    MM
2026 08 27 09 30 200  2.0  3.0    MM    MM    MM  MM 1009.6  22.6  23.1  20.8   MM   MM    MM
2026 08 27 09 20 200  2.0  3.0   1.4    11   7.7 166 1009.6  22.4  23.2  20.9   MM   MM    MM
2026 08 27 09 10 210  1.0  2.0    MM    MM    MM  MM 1009.6  22.5  23.0  21.1   MM   MM    MM
2026 08 27 09 00 180  2.0  3.0    MM    MM    MM  MM 1009.7  22.6  23.3  21.1   MM -0.5    MM
2026 08 27 08 50 240  2.0  3.0   1.4    11   7.6 165 1009.9  22.6  23.3  21.0   MM   MM    MM
2026 08 27 08 40 280  2.0  3.0    MM    MM    MM  MM 1009.8  22.6  23.3  20.9   MM   MM    MM
2026 08 27 08 30 270  2.0  2.0    MM    MM    MM  MM 1009.7  22.6  23.1  20.8   MM   MM    MM
2026 08 27 08 20 260  2.0  2.0   1.3    11   7.7 175 1009.9  22.6  23.2  20.7   MM   MM    MM
2026 08 27 08 10 270  1.0  2.0   1.3    MM   7.7 175 1010.2  22.5  23.2  20.6   MM   MM    MM
2026 08 27 08 00 330  1.0  2.0    MM    MM    MM  MM 1010.0  22.4  23.0  20.5   MM +0.0    MM
2026 08 27 07 50 310  1.0  3.0   1.4    11   8.0 168 1009.9  22.4  23.1  20.6   MM   MM    MM
2026 08 27 07 40 320  2.0  3.0    MM    MM    MM  MM 1009.9  22.3  23.1  20.6   MM   MM    MM
2026 08 27 07 30 290  1.0  2.0    MM    MM    MM  MM 1010.2  22.3  23.0  20.7   MM   MM    MM
2026 08 27 07 20 290  2.0  3.0   1.5    11   8.1 163 1010.2  22.3  23.0  20.8   MM   MM    MM
2026 08 27 07 10 300  2.0  4.0   1.5    MM   8.1 163 1010.2  22.3  22.8  20.9   MM   MM    MM
2026 08 27 07 00 280  2.0  4.0    MM    MM    MM  MM 1010.3  22.3    MM  21.0   MM +0.0    MM
2026 08 27 06 50 290  4.0  5.0   1.5    11   7.8 163 1010.0  22.5  22.8  21.3   MM   MM    MM
2026 08 27 06 40 290  4.0  5.0   1.5    MM   7.8 163 1010.3  22.6  22.8  21.3   MM   MM    MM
2026 08 27 06 30 290  3.0  4.0    MM    MM    MM  MM 1010.0  22.6  22.8  21.2   MM   MM    MM
2026 08 27 06 20 310  2.0  3.0   1.7    11   8.5 164 1010.3  22.6  22.8  21.3   MM   MM    MM
2026 08 27 06 10 280  1.0  3.0   1.7    MM   8.5 164 1010.3  22.7  22.8  21.4   MM   MM    MM
2026 08 27 06 00 270  2.0  3.0    MM    MM    MM  MM 1010.2  22.7  22.8  21.2   MM +0.5    MM
2026 08 27 05 50 280  2.0  3.0   1.4    12   8.2 182 1010.2  22.8  22.8  21.2   MM   MM    MM
2026 08 27 05 40 290  2.0  3.0    MM    MM    MM  MM 1010.2  22.9  22.8  21.0   MM   MM    MM
2026 08 27 05 30 290  2.0  3.0    MM    MM    MM  MM 1010.2  22.8  22.8  20.8   MM   MM    MM
2026 08 27 05 20 310  1.0  3.0   1.4    11   8.8 173 1010.3  22.6  22.8  20.9   MM   MM    MM
2026 08 27 05 10  90  1.0  2.0   1.4    MM   8.8 173 1010.5  22.9  22.8  21.6   MM   MM    MM
2026 08 27 05 00 320  3.0  4.0    MM    MM    MM  MM 1010.2  22.9  22.8  21.6   MM +0.6    MM
2026 08 27 04 50 320  4.0  5.0   1.5    11   8.8 168 1010.1  22.9  22.9  21.7   MM   MM    MM
2026 08 27 04 40 330  5.0  6.0    MM    MM    MM  MM 1009.9  23.0  22.9  21.8   MM   MM    MM
2026 08 27 04 30 320  5.0  6.0    MM    MM    MM  MM 1009.9  23.0  23.0  21.7   MM   MM    MM
2026 08 27 04 20 320  5.0  6.0   1.5    12   8.9 168 1009.9  23.0  23.0  21.6   MM   MM    MM
2026 08 27 04 10 310  4.0  6.0   1.5    MM   8.9 168 1009.9  22.9  23.0  21.6   MM   MM    MM
2026 08 27 04 00 300  3.0  5.0    MM    MM    MM  MM 1010.0  23.2  23.1  22.2   MM +0.5    MM
2026 08 27 03 50 290  3.0  4.0   1.5    12   9.1 168 1009.9  23.4  23.2  22.3   MM   MM    MM
2026 08 27 03 40 300  4.0  4.0    MM    MM    MM  MM 1009.8  23.3  23.2  21.9   MM   MM    MM
2026 08 27 03 30 290  3.0  4.0    MM    MM    MM  MM 1009.7  23.2  23.4  21.7   MM   MM    MM
2026 08 27 03 20 270  3.0  3.0   1.5    12   9.1 173 1009.8  23.3  23.3  21.8   MM   MM    MM
2026 08 27 03 10 270  2.0  3.0   1.5    MM   9.1 173 1009.7  23.3  23.3  21.6   MM   MM    MM
2026 08 27 03 00 260  2.0  3.0    MM    MM    MM  MM 1009.7  23.3  23.3  21.5   MM -0.4    MM
2026 08 27 02 50 270  2.0  3.0   1.6    12   9.1 166 1009.6  23.2  23.4  21.4   MM   MM    MM
2026 08 27 02 40 260  3.0  3.0    MM    MM    MM  MM 1009.7  23.3  23.5  21.5   MM   MM    MM
2026 08 27 02 30 250  3.0  4.0    MM    MM    MM  MM 1009.6  23.3  23.6  21.4   MM   MM    MM
2026 08 27 02 20 250  3.0  3.0   1.4    12   8.8 168 1009.7  23.3  23.5  21.5   MM   MM    MM
2026 08 27 02 10 260  3.0  4.0   1.4    MM   8.8 168 1009.7  23.4  23.5  21.5   MM   MM    MM
2026 08 27 02 00 260  3.0  4.0    MM    MM    MM  MM 1009.5  23.4  23.5  21.5   MM -0.8    MM
2026 08 27 01 50 260  4.0  5.0   1.4    12   8.6 173 1009.6  23.4  23.2  21.3   MM   MM    MM
2026 08 27 01 40 270  4.0  4.0    MM    MM    MM  MM 1009.5  23.5  23.1  21.3   MM   MM    MM
2026 08 27 01 30 270  4.0  5.0    MM    MM    MM  MM 1009.4  23.5  23.1  20.9   MM   MM    MM
2026 08 27 01 20 270  4.0  4.0   1.3    13   8.2 171 1009.5  23.4  23.0  20.6   MM   MM    MM
2026 08 27 01 10 270  4.0  5.0   1.3    MM   8.2 171 1009.6  23.5  23.1  20.8   MM   MM    MM
2026 08 27 01 00 270  4.0  5.0    MM    MM    MM  MM 1009.6  23.5  23.3  20.7   MM -1.3    MM
2026 08 27 00 50 270  4.0  4.0   1.4    12   8.1 177 1009.7  23.6  23.5  20.7   MM   MM    MM
2026 08 27 00 40 260  3.0  3.0    MM    MM    MM  MM 1009.8  23.6  23.4  20.8   MM   MM    MM
2026 08 27 00 30 260  3.0  3.0    MM    MM    MM  MM 1009.9  23.5  23.3  20.9   MM   MM    MM
2026 08 27 00 20 270  3.0  4.0   1.4    12   8.6 167 1010.0  23.4  23.2  21.0   MM   MM    MM
2026 08 27 00 10 280  3.0  4.0   1.4    MM   8.6 167 1009.9  23.4  22.6  20.8   MM   MM    MM
2026 08 27 00 00 280  3.0  4.0    MM    MM    MM  MM 1010.0  23.4    MM  20.5   MM -1.3    MM
2026 08 26 23 50 280  4.0  4.0   1.4    13   8.5 170 1010.0  23.4  22.6  20.8   MM   MM    MM
2026 08 26 23 40 280  4.0  4.0    MM    MM    MM  MM 1010.0  23.5  22.4  21.1   MM   MM    MM
2026 08 26 23 30 280  4.0  4.0    MM    MM    MM  MM 1010.1  23.6  23.0  21.1   MM   MM    MM
2026 08 26 23 20 290  3.0  4.0   1.2    12   7.9 177 1010.2  23.6  23.1  20.9   MM   MM    MM
2026 08 26 23 10 290  3.0  4.0    MM    MM    MM  MM 1010.3  23.6  22.3  20.8   MM   MM    MM
2026 08 26 23 00 300  3.0  4.0    MM    MM    MM  MM 1010.4  23.5  22.3  20.6   MM -1.6    MM
2026 08 26 22 50 290  3.0  3.0    MM    MM    MM  MM 1010.4  23.4  22.1  20.9   MM   MM    MM
2026 08 26 22 10  MM   MM   MM   1.3    11   8.2 168     MM    MM    MM    MM   MM   MM    MM
2026 08 26 22 00 280  3.0  3.0    MM    MM    MM  MM 1010.8  23.6  22.0  21.9   MM -1.6    MM
2026 08 26 21 50 270  2.0  3.0   1.4    11   8.4 170 1011.1  24.0  22.0  22.2   MM   MM    MM
2026 08 26 21 40 250  2.0  2.0    MM    MM    MM  MM 1011.3  24.3  21.9  22.1   MM   MM    MM
2026 08 26 21 30 240  1.0  2.0    MM    MM    MM  MM 1011.5  24.2  21.9  21.7   MM   MM    MM
2026 08 26 21 20 250  1.0  2.0   1.4    11   8.3 166 1011.4  24.3    MM  21.7   MM   MM    MM
2026 08 26 21 10 250  1.0  2.0   1.4    MM   8.3 166 1011.4  24.2  21.8  21.5   MM   MM    MM
2026 08 26 21 00 230  1.0  2.0    MM    MM    MM  MM 1011.4  24.1  21.8  21.4   MM -1.0    MM
2026 08 26 20 50 210  2.0  2.0   1.2    12   7.7 148 1011.6  23.9  21.8  21.2   MM   MM    MM
2026 08 26 20 40 200  2.0  2.0    MM    MM    MM  MM 1011.7  23.9  21.7  21.2   MM   MM    MM
2026 08 26 20 30 180  2.0  3.0    MM    MM    MM  MM 1011.8  23.9  21.7  21.2   MM   MM    MM
2026 08 26 20 20 160  2.0  3.0   1.3    11   8.0 155 1011.8  23.8    MM  21.0   MM   MM    MM
2026 08 26 20 10 180  2.0  2.0   1.3    MM   8.0 155 1011.8  23.9  21.7  21.3   MM   MM    MM
2026 08 26 20 00 190  2.0  2.0    MM    MM    MM  MM 1012.0  23.9  21.7  21.2   MM +0.0    MM
2026 08 26 19 50 180  2.0  2.0   1.3    11   8.0 165 1012.0  23.9    MM  21.2   MM   MM    MM
2026 08 26 19 40 210  1.0  2.0   1.3    MM   8.0 165 1011.9  24.1  21.8  21.3   MM   MM    MM
2026 08 26 19 30 240  1.0  1.0    MM    MM    MM  MM 1012.3  24.1  21.8  21.2   MM   MM    MM
2026 08 26 19 20  MM  0.0  1.0   1.5    12   8.7 152 1012.2  23.9  21.7  21.3   MM   MM    MM
2026 08 26 19 10 150  1.0  1.0   1.5    MM   8.7 152 1012.3  23.7  21.7  21.3   MM   MM    MM
2026 08 26 19 00  MM  0.0  1.0    MM    MM    MM  MM 1012.4  23.7    MM  21.3   MM +0.8    MM
2026 08 26 18 50  MM  0.0  1.0   1.5    12   8.7 158 1012.4  23.8  21.6  21.6   MM   MM    MM
2026 08 26 18 40  MM  0.0  1.0    MM    MM    MM  MM 1012.4  23.4  21.5  21.5   MM   MM    MM
2026 08 26 18 30  MM  0.0  1.0    MM    MM    MM  MM 1012.2  23.2  21.5  21.4   MM   MM    MM
2026 08 26 18 20  MM  0.0  1.0   1.5    12   8.5 148 1012.2  23.3  21.5  21.5   MM   MM    MM
2026 08 26 18 10  MM  0.0  1.0    MM    MM    MM  MM 1012.3  23.2  21.5  21.5   MM   MM    MM
2026 08 26 18 00 190  1.0  2.0    MM    MM    MM  MM 1012.4  23.0  21.5  21.3   MM +1.2    MM
2026 08 26 17 50 200  1.0  2.0   1.2    12   8.0 167 1012.4  23.0  21.5  21.2   MM   MM    MM
2026 08 26 17 40  MM  0.0  1.0    MM    MM    MM  MM 1012.1  23.0  21.5  21.1   MM   MM    MM
2026 08 26 17 30  MM  0.0  1.0    MM    MM    MM  MM 1012.1  23.0  21.4  21.2   MM   MM    MM
2026 08 26 17 20  MM  0.0  1.0   1.3    12   7.9 166 1012.1  22.9  21.4  21.3   MM   MM    MM
2026 08 26 17 10  MM  0.0  1.0   1.3    MM   7.9 166 1012.0  22.8  21.4  21.4   MM   MM    MM
2026 08 26 17 00  MM  0.0  1.0    MM    MM    MM  MM 1012.0  22.4  21.4  21.2   MM +1.0    MM
2026 08 26 16 50 310  1.0  2.0   1.3    11   7.9 166 1011.9  22.0  21.4  21.0   MM   MM    MM
2026 08 26 16 40 320  1.0  2.0    MM    MM    MM  MM 1011.9  21.8  21.4  20.9   MM   MM    MM
2026 08 26 16 30 320  1.0  2.0    MM    MM    MM  MM 1011.8  21.8  21.4  21.0   MM   MM    MM
2026 08 26 16 20 320  1.0  2.0   1.4    12   8.2 156 1011.8  21.8  21.4  21.1   MM   MM    MM
2026 08 26 16 10 320  1.0  2.0   1.4    MM   8.2 156 1011.8  21.8  21.4  21.2   MM   MM    MM
2026 08 26 16 00 320  2.0  2.0    MM    MM    MM  MM 1011.6  21.8  21.4  21.2   MM +1.2    MM
2026 08 26 15 50 320  2.0  3.0   1.3    11   7.7 185 1011.6  21.8  21.5  21.2   MM   MM    MM
2026 08 26 15 40 320  2.0  3.0    MM    MM    MM  MM 1011.5  21.7  21.5  21.2   MM   MM    MM
2026 08 26 15 30 320  3.0  4.0    MM    MM    MM  MM 1011.5  21.6  21.5  21.2   MM   MM    MM
2026 08 26 15 20 320  3.0  3.0   1.6    13   8.5 161 1011.4  21.6  21.5  21.3   MM   MM    MM
2026 08 26 15 10 320  3.0  4.0   1.6    MM   8.5 161 1011.3  21.6  21.5  21.3   MM   MM    MM
2026 08 26 15 00 320  3.0  4.0    MM    MM    MM  MM 1011.2  21.6  21.5  21.3   MM +0.8    MM
2026 08 26 14 50 330  2.0  3.0   1.5    13   7.7 173 1011.2  21.6  21.6  21.3   MM   MM    MM
2026 08 26 14 40 330  2.0  3.0    MM    MM    MM  MM 1011.1  21.5  21.6  21.3   MM   MM    MM
2026 08 26 14 30 330  2.0  3.0    MM    MM    MM  MM 1011.1  21.5  21.6  21.2   MM   MM    MM
2026 08 26 14 20 340  2.0  3.0   1.5    13   7.6 171 1011.1  21.5  21.6  21.2   MM   MM    MM
2026 08 26 14 10 350  1.0  2.0   1.5    MM   7.6 171 1011.0  21.5  21.7  21.2   MM   MM    MM
2026 08 26 14 00 350  1.0  2.0    MM    MM    MM  MM 1011.0  21.5  21.7  21.1   MM +0.8    MM
2026 08 26 13 50 320  1.0  2.0   1.4    12   7.3 153 1010.9  21.5  21.7  21.1   MM   MM    MM
2026 08 26 13 40 310  1.0  2.0    MM    MM    MM  MM 1010.8  21.4  21.8  21.0   MM   MM    MM
2026 08 26 13 30 340  1.0  2.0    MM    MM    MM  MM 1010.6  21.4  21.8  21.0   MM   MM    MM
2026 08 26 13 20 330  1.0  2.0   1.6    12   7.7 157 1010.5  21.4  21.9  21.0   MM   MM    MM
2026 08 26 13 10 320  1.0  2.0   1.6    MM   7.7 157 1010.4  21.4  21.9  20.9   MM   MM    MM
2026 08 26 13 00 320  1.0  2.0    MM    MM    MM  MM 1010.4  21.4  21.9  20.9   MM -0.0    MM
2026 08 26 12 50  MM  0.0  1.0   1.6    12   7.8 165 1010.5  21.4  22.0  20.8   MM   MM    MM
2026 08 26 12 40  40  1.0  1.0    MM    MM    MM  MM 1010.5  21.5  22.0  20.9   MM   MM    MM
2026 08 26 12 30  50  1.0  1.0    MM    MM    MM  MM 1010.5  21.5  22.0  20.8   MM   MM    MM
2026 08 26 12 20  50  1.0  2.0   1.4    12   7.1 175 1010.4  21.4  22.0  20.7   MM   MM    MM
2026 08 26 12 10  70  1.0  1.0   1.4    MM   7.1 175 1010.4  21.4  22.0  20.6   MM   MM    MM
2026 08 26 12 00  80  1.0  2.0    MM    MM    MM  MM 1010.4  21.4  22.1  20.6   MM -0.6    MM
2026 08 26 11 50  90  1.0  2.0   1.5    MM   7.6 160 1010.5  21.4  22.1  20.6   MM   MM    MM
2026 08 26 11 40  MM   MM   MM   1.5    13   7.6 160     MM    MM    MM    MM   MM   MM    MM
2026 08 26 11 30 110  1.0  2.0    MM    MM    MM  MM 1010.5  21.5  22.1  20.7   MM   MM    MM
2026 08 26 11 20  90  1.0  2.0   1.5    12   7.5 154 1010.4  21.5  22.1  20.7   MM   MM    MM
2026 08 26 11 10  70  1.0  2.0   1.5    MM   7.5 154 1010.3  21.4  22.1  20.6   MM   MM    MM
2026 08 26 11 00  70  1.0  2.0    MM    MM    MM  MM 1010.3  21.4  22.1  20.6   MM -1.2    MM
2026 08 26 10 50  70  1.0  2.0   1.5    13   7.4 167 1010.4  21.5  22.1  20.7   MM   MM    MM
2026 08 26 10 40  60  2.0  2.0    MM    MM    MM  MM 1010.3  21.6  22.1  20.8   MM   MM    MM
2026 08 26 10 30  60  1.0  2.0    MM    MM    MM  MM 1010.4  21.6  22.1  20.7   MM   MM    MM
2026 08 26 10 20  60  1.0  2.0   1.4    12   7.2 158 1010.5  21.6  22.1  20.6   MM   MM    MM
2026 08 26 10 10  70  1.0  2.0    MM    MM    MM  MM 1010.5  21.7  22.1  20.7   MM   MM    MM
2026 08 26 10 00  80  1.0  2.0    MM    MM    MM  MM 1010.6  21.7  22.1  20.6   MM -0.9    MM
2026 08 26 09 50  80  1.0  2.0   1.5    13   7.4 167 1010.6  21.7  22.1  20.5   MM   MM    MM
2026 08 26 09 40  80  1.0  2.0    MM    MM    MM  MM 1010.6  21.7  22.1  20.4   MM   MM    MM
2026 08 26 09 30 100  1.0  2.0    MM    MM    MM  MM 1010.7  21.8  22.1  20.4   MM   MM    MM
2026 08 26 09 20 110  2.0  2.0   1.5    11   7.0 159 1010.8  21.8  22.2  20.4   MM   MM    MM
2026 08 26 09 10 120  2.0  3.0    MM    MM    MM  MM 1011.0  21.8  22.2  20.3   MM   MM    MM
2026 08 26 09 00 120  2.0  2.0   1.5    MM   7.0 159 1011.0  21.9  22.2  20.3   MM -0.7    MM
2026 08 26 08 50 120  2.0  3.0   1.3    12   7.2 162 1011.1  21.8  22.2  20.2   MM   MM    MM
2026 08 26 08 40 130  2.0  3.0    MM    MM    MM  MM 1011.1  21.8  22.2  20.1   MM   MM    MM
2026 08 26 08 30 130  2.0  3.0    MM    MM    MM  MM 1011.2  21.8  22.3  20.1   MM   MM    MM
2026 08 26 08 20 140  3.0  4.0   1.4    12   7.3 164 1011.4  21.9  22.2  20.2   MM   MM    MM
2026 08 26 08 10 150  3.0  4.0    MM    MM    MM  MM 1011.5  21.8  22.3  20.2   MM   MM    MM
2026 08 26 08 00 150  4.0  5.0    MM    MM    MM  MM 1011.5  21.8  22.4  20.2   MM -0.5    MM
2026 08 26 07 50 150  4.0  5.0   1.4    12   7.2 163 1011.6  21.8  22.5  20.3   MM   MM    MM
2026 08 26 07 40 150  4.0  4.0   1.4    MM   7.2 163 1011.6  21.8  22.5  20.4   MM   MM    MM
2026 08 26 07 30 150  3.0  4.0    MM    MM    MM  MM 1011.5  21.8  22.4  20.4   MM   MM    MM
2026 08 26 07 20 140  4.0  4.0   1.4    12   7.2 181 1011.6  21.8  22.4  20.4   MM   MM    MM
2026 08 26 07 10 140  4.0  4.0   1.4    MM   7.2 181 1011.6  21.8  22.4  20.3   MM   MM    MM
2026 08 26 07 00 140  3.0  4.0    MM    MM    MM  MM 1011.6  21.8    MM  20.3   MM +0.0    MM
2026 08 26 06 50 140  3.0  4.0   1.4    MM   6.9 158 1011.9  21.8  22.4  20.1   MM   MM    MM
2026 08 26 06 40 140  3.0  3.0   1.4    MM   6.9 158 1011.5  21.7  22.4  20.0   MM   MM    MM
2026 08 26 06 30 140  3.0  4.0    MM    MM    MM  MM 1011.5  21.8  22.3  20.1   MM   MM    MM
2026 08 26 06 20 140  3.0  4.0   1.4    11   6.7 165 1011.5  21.8  22.4  20.0   MM   MM    MM
2026 08 26 06 10 150  3.0  4.0    MM    MM    MM  MM 1011.6  21.9  22.4  20.0   MM   MM    MM
2026 08 26 06 00 150  2.0  3.0    MM    MM    MM  MM 1011.6  21.8  22.5  19.8   MM +0.7    MM
2026 08 26 05 50 160  2.0  3.0   1.4    12   7.0 170 1011.6  21.9  22.5  19.8   MM   MM    MM
2026 08 26 05 40 170  2.0  3.0    MM    MM    MM  MM 1011.7  22.2  22.6  19.6   MM   MM    MM
2026 08 26 05 30 150  1.0  1.0    MM    MM    MM  MM 1011.7  22.1  22.7  19.0   MM   MM    MM
2026 08 26 05 20  MM  0.0  1.0   1.3    11   6.9 163 1011.9  22.1  22.6  19.1   MM   MM    MM
2026 08 26 05 10  MM  0.0  1.0    MM    MM    MM  MM 1011.8  22.0  22.6  19.0   MM   MM    MM
2026 08 26 05 00 250  1.0  1.0    MM    MM    MM  MM 1011.9  21.9  22.7  19.2   MM +1.2    MM
2026 08 26 04 50 180  1.0  1.0   1.3    12   6.4 163 1011.7  22.0  22.8  19.9   MM   MM    MM
2026 08 26 04 40  MM  0.0  1.0    MM    MM    MM  MM 1011.6  22.0  22.6  19.9   MM   MM    MM
2026 08 26 04 30  MM  0.0  1.0    MM    MM    MM  MM 1011.6  22.0  22.5  19.9   MM   MM    MM
2026 08 26 04 20  MM  0.0  1.0   1.2    11   6.3 169 1011.7  22.0  22.5  19.9   MM   MM    MM
2026 08 26 04 10  MM  0.0  1.0    MM    MM    MM  MM 1011.4  22.2  22.6  20.0   MM   MM    MM
2026 08 26 04 00  MM  0.0  1.0    MM    MM    MM  MM 1011.3  22.2  22.4  19.9   MM -0.0    MM
2026 08 26 03 50  30  1.0  1.0   1.2    11   6.2 166 1011.2  22.1  22.4  19.6   MM   MM    MM
2026 08 26 03 40 230  1.0  2.0    MM    MM    MM  MM 1011.1  22.0  22.3  19.4   MM   MM    MM
2026 08 26 03 30 220  2.0  2.0    MM    MM    MM  MM 1011.1  22.0  22.4  19.7   MM   MM    MM
2026 08 26 03 20 210  1.0  2.0   1.1    12   5.8 174 1010.9  21.9  22.4  19.6   MM   MM    MM
2026 08 26 03 10 200  2.0  3.0   1.1    MM   5.8 174 1011.0  21.9  22.4  19.6   MM   MM    MM
2026 08 26 03 00 220  2.0  3.0    MM    MM    MM  MM 1010.9  21.8  22.4  19.5   MM -0.4    MM
2026 08 26 02 50 220  2.0  3.0   1.1    12   6.1 165 1011.0  21.9  22.4  19.7   MM   MM    MM
2026 08 26 02 40 230  2.0  3.0    MM    MM    MM  MM 1010.8  21.9  22.4  19.8   MM   MM    MM
2026 08 26 02 30 230  3.0  3.0    MM    MM    MM  MM 1010.8  21.9  22.4  19.9   MM   MM    MM
2026 08 26 02 20 240  3.0  4.0   1.1    12   5.8 175 1010.7  22.0  22.3  20.0   MM   MM    MM
2026 08 26 02 10 250  3.0  4.0   1.1    MM   5.8 175 1010.6  22.1  22.3  19.9   MM   MM    MM
2026 08 26 02 00 260  4.0  5.0    MM    MM    MM  MM 1010.7  22.1  22.4  19.7   MM -0.9    MM
2026 08 26 01 50 260  4.0  5.0   1.1    13   5.9 177 1010.8  22.3  22.4  19.9   MM   MM    MM
2026 08 26 01 40 270  4.0  5.0    MM    MM    MM  MM 1010.9  22.4  22.4  19.8   MM   MM    MM
2026 08 26 01 30 270  4.0  5.0    MM    MM    MM  MM 1010.7  22.4  22.4  19.9   MM   MM    MM
2026 08 26 01 20 260  4.0  4.0   0.9    13   5.5 189 1010.8  22.4  22.4  19.9   MM   MM    MM
2026 08 26 01 10 260  3.0  4.0   0.9    MM   5.5 189 1011.0  22.5  22.4  20.2   MM   MM    MM
2026 08 26 01 00 270  4.0  5.0    MM    MM    MM  MM 1011.1  22.4  22.3  20.2   MM -1.3    MM
2026 08 26 00 50 270  4.0  5.0   1.1    MM   6.8 165 1011.0  22.5  22.4  20.2   MM   MM    MM
2026 08 26 00 40  MM   MM   MM   1.1    13   6.8 165     MM    MM    MM    MM   MM   MM    MM
2026 08 26 00 30 270  4.0  5.0    MM    MM    MM  MM 1011.1  22.6  22.4  19.9   MM   MM    MM
2026 08 26 00 20 270  4.0  5.0   1.1    13   6.6 184 1011.1  22.4  22.4  19.9   MM   MM    MM
2026 08 26 00 10 260  4.0  5.0   1.1    MM   6.6 184 1011.2  22.3  22.5  20.4   MM   MM    MM
2026 08 26 00 00 270  5.0  6.0    MM    MM    MM  MM 1011.4  22.4  22.4  20.7   MM -1.8    MM
2026 08 25 23 50 270  5.0  5.0   1.0    13   6.3 167 1011.3  22.4  22.3  20.9   MM   MM    MM
2026 08 25 23 40 270  5.0  6.0    MM    MM    MM  MM 1011.3  22.4  22.4  21.0   MM   MM    MM
2026 08 25 23 30 270  5.0  6.0    MM    MM    MM  MM 1011.4  22.5  22.3  21.2   MM   MM    MM
2026 08 25 23 20 280  5.0  6.0   0.9    14   6.0 173 1011.5  22.6  22.5  21.2   MM   MM    MM
2026 08 25 23 10 280  4.0  5.0   0.9    MM   6.0 173 1011.7  22.7  22.4  21.4   MM   MM    MM
2026 08 25 23 00 290  5.0  6.0    MM    MM    MM  MM 1011.6  22.8  22.6  21.5   MM -2.0    MM
2026 08 25 22 50 300  4.0  5.0   0.9    14   6.4 181 1011.7  22.8  22.3  21.5   MM   MM    MM
2026 08 25 22 40 310  4.0  5.0    MM    MM    MM  MM 1011.9  22.8  22.6  21.5   MM   MM    MM
2026 08 25 22 30 310  4.0  5.0    MM    MM    MM  MM 1011.9  22.9  22.5  21.5   MM   MM    MM
2026 08 25 22 20 310  4.0  4.0   0.9    14   6.4 160 1012.1  23.0  22.7  21.6   MM   MM    MM
2026 08 25 22 10 310  4.0  5.0   0.9    MM   6.4 160 1012.3  23.1  22.9  21.4   MM   MM    MM
2026 08 25 22 00 310  4.0  4.0    MM    MM    MM  MM 1012.4  22.9  22.7  21.3   MM -1.7    MM
2026 08 25 21 50 300  4.0  4.0   0.9    13   6.6 178 1012.6  22.9  22.8  21.8   MM   MM    MM
2026 08 25 21 40 300  3.0  4.0    MM    MM    MM  MM 1012.7  22.9  22.4  22.0   MM   MM    MM
2026 08 25 21 30 290  3.0  3.0    MM    MM    MM  MM 1012.8  22.9  22.3  22.1   MM   MM    MM
2026 08 25 21 20 280  2.0  3.0   0.8    14   6.5 195 1012.9  22.9  22.1  22.0   MM   MM    MM
2026 08 25 21 10 250  2.0  3.0   0.8    MM   6.5 195 1013.1  23.0  22.1  22.1   MM   MM    MM
2026 08 25 21 00 220  2.0  3.0    MM    MM    MM  MM 1013.2  22.9  22.1  21.9   MM -1.2    MM
2026 08 25 20 50 210  2.0  3.0   0.9    14   6.7 199 1013.2  22.7  22.0  21.6   MM   MM    MM
2026 08 25 20 40 200  2.0  3.0    MM    MM    MM  MM 1013.4  22.6  22.1  21.5   MM   MM    MM
2026 08 25 20 30 200  2.0  3.0    MM    MM    MM  MM 1013.5  22.7  22.0  21.6   MM   MM    MM
2026 08 25 20 20 220  2.0  2.0   1.0    14   6.5 208 1013.5  22.7  21.9  21.5   MM   MM    MM
2026 08 25 20 10 230  2.0  2.0   1.0    MM   6.5 208 1013.5  22.7  22.0  21.4   MM   MM    MM
2026 08 25 20 00 220  2.0  3.0    MM    MM    MM  MM 1013.6  23.0  22.0  21.4   MM -0.6    MM
2026 08 25 19 50 200  2.0  3.0   0.9    14   6.4 159 1013.7  22.9  21.9  20.9   MM   MM    MM
2026 08 25 19 40 200  2.0  2.0   0.9    MM   6.4 159 1013.8  22.7  21.9  20.6   MM   MM    MM
2026 08 25 19 30 200  2.0  3.0    MM    MM    MM  MM 1013.8  22.5  22.0  20.3   MM   MM    MM
2026 08 25 19 20 200  2.0  3.0   0.9    14   6.3 183 1013.9  22.5  21.9  20.4   MM   MM    MM
2026 08 25 19 10 200  3.0  4.0   0.9    MM   6.3 183 1014.1  22.4  22.1  20.4   MM   MM    MM
2026 08 25 19 00 200  3.0  4.0    MM    MM    MM  MM 1014.1  22.4  22.0  20.3   MM +0.0    MM
2026 08 25 18 50 210  2.0  3.0   0.9    MM   6.0 178 1014.1  22.3  22.1  20.2   MM   MM    MM
2026 08 25 18 40  MM   MM   MM   0.9    13   6.0 178     MM    MM    MM    MM   MM   MM    MM
2026 08 25 18 30 180  2.0  3.0    MM    MM    MM  MM 1014.3  22.3  22.1  20.4   MM   MM    MM
2026 08 25 18 20 160  1.0  2.0   1.0    14   6.6 179 1014.4  22.4  22.1  20.4   MM   MM    MM
2026 08 25 18 10 140  1.0  2.0   1.0    MM   6.6 179 1014.4  22.3  22.1  20.3   MM   MM    MM
2026 08 25 18 00 130  1.0  2.0    MM    MM    MM  MM 1014.4  22.3  22.1  20.4   MM +0.5    MM
2026 08 25 17 50 130  1.0  2.0   0.9    14   5.8 192 1014.4  22.2  22.1  20.4   MM   MM    MM
2026 08 25 17 40 120  1.0  2.0    MM    MM    MM  MM 1014.4  22.2  22.1  20.4   MM   MM    MM
2026 08 25 17 30 120  1.0  2.0    MM    MM    MM  MM 1014.3  22.1  22.2  20.3   MM   MM    MM
2026 08 25 17 20 110  2.0  2.0   1.0    14   6.1 183 1014.2  22.1  22.2  20.3   MM   MM    MM
2026 08 25 17 10 100  2.0  2.0   1.0    MM   6.1 183 1014.3  22.1  22.2  20.3   MM   MM    MM
2026 08 25 17 00  90  2.0  2.0    MM    MM    MM  MM 1014.3  22.1  22.2  20.3   MM +0.7    MM
2026 08 25 16 50  90  2.0  2.0   1.0    14   5.8 149 1014.3  22.1  22.3  20.4   MM   MM    MM
2026 08 25 16 40  90  1.0  2.0   1.0    MM   5.8 149 1014.3  22.0  22.3  20.3   MM   MM    MM
2026 08 25 16 30  90  2.0  2.0    MM    MM    MM  MM 1014.2  22.0  22.3  20.3   MM   MM    MM
2026 08 25 16 20 100  2.0  2.0   1.0    14   5.8 185 1014.2  22.0  22.4  20.3   MM   MM    MM
2026 08 25 16 10  90  2.0  3.0   1.0    MM   5.8 185 1014.2  22.1  22.4  20.3   MM   MM    MM
2026 08 25 16 00  90  2.0  2.0    MM    MM    MM  MM 1014.1  22.1  22.4  20.2   MM +1.3    MM
2026 08 25 15 50 120  1.0  3.0   1.1    14   5.9 189 1014.1  22.1  22.5  20.4   MM   MM    MM
2026 08 25 15 40 140  2.0  2.0   1.1    MM   5.9 189 1014.2  21.9  22.5  20.3   MM   MM    MM
2026 08 25 15 30 140  2.0  2.0    MM    MM    MM  MM 1014.2  21.9  22.5  20.4   MM   MM    MM
2026 08 25 15 20 150  2.0  2.0   1.1    14   6.0 179 1014.2  21.8  22.5  20.3   MM   MM    MM
2026 08 25 15 10 150  2.0  2.0   1.1    MM   6.0 179 1014.1  21.8  22.5  20.4   MM   MM    MM
2026 08 25 15 00 140  2.0  3.0    MM    MM    MM  MM 1013.9  21.7  22.5  20.4   MM +1.5    MM
2026 08 25 14 50 150  3.0  3.0   1.0    14   5.9 184 1013.8  21.7  22.5  20.5   MM   MM    MM
2026 08 25 14 40 160  3.0  4.0    MM    MM    MM  MM 1013.7  21.6  22.5  20.5   MM   MM    MM
2026 08 25 14 30 160  3.0  4.0    MM    MM    MM  MM 1013.6  21.6  22.5  20.5   MM   MM    MM
2026 08 25 14 20 160  4.0  5.0   1.0     6   5.6 267 1013.7  21.7  22.5  20.7   MM   MM    MM
2026 08 25 14 10 150  4.0  4.0   1.0    MM   5.6 267 1013.7  21.8  22.5  20.9   MM   MM    MM
2026 08 25 14 00 110  1.0  3.0    MM    MM    MM  MM 1013.5  22.1  22.5  21.4   MM +1.0    MM
2026 08 25 13 50  MM  0.0  1.0   1.1     6   5.6 266 1013.2  22.1  22.5  21.3   MM   MM    MM
2026 08 25 13 40 250  2.0  3.0    MM    MM    MM  MM 1013.0  22.1  22.5  21.3   MM   MM    MM
2026 08 25 13 30 250  3.0  4.0    MM    MM    MM  MM 1012.9  21.9  22.5  20.9   MM   MM    MM
2026 08 25 13 20 250  3.0  4.0   1.1    14   5.8 181 1012.8  21.8  22.5  20.8   MM   MM    MM
2026 08 25 13 10 250  3.0  4.0   1.1    MM   5.8 181 1012.9  21.8  22.5  20.7   MM   MM    MM
2026 08 25 13 00 240  4.0  4.0    MM    MM    MM  MM 1012.8  21.8  22.5  20.7   MM -0.0    MM
2026 08 25 12 50 240  4.0  4.0   1.0    15   5.7 195 1012.7  21.8  22.6  20.7   MM   MM    MM
2026 08 25 12 40 230  4.0  4.0    MM    MM    MM  MM 1012.7  21.8  22.6  20.7   MM   MM    MM
2026 08 25 12 30 230  4.0  4.0    MM    MM    MM  MM 1012.6  21.8  22.6  20.8   MM   MM    MM
2026 08 25 12 20 240  4.0  4.0   1.1    14   5.8 167 1012.5  21.8  22.7  20.8   MM   MM    MM
2026 08 25 12 10 230  3.0  4.0   1.1    MM   5.8 167 1012.4  22.0  22.7  21.0   MM   MM    MM
2026 08 25 12 00 230  2.0  4.0    MM    MM    MM  MM 1012.5  22.1  22.8  21.1   MM -0.4    MM
2026 08 25 11 50 230  1.0  2.0   1.2    14   6.0 192 1012.5  22.0  22.8  21.0   MM   MM    MM
2026 08 25 11 40  MM  0.0  1.0    MM    MM    MM  MM 1012.6  22.0  22.8  21.0   MM   MM    MM
2026 08 25 11 30 300  1.0  1.0    MM    MM    MM  MM 1012.5  22.1  22.8  21.1   MM   MM    MM
2026 08 25 11 20 320  1.0  1.0   1.1     6   5.7 267 1012.4  22.1  22.9  21.0   MM   MM    MM
2026 08 25 11 10 350  1.0  2.0   1.1    MM   5.7 267 1012.4  22.1  22.9  20.9   MM   MM    MM
2026 08 25 11 00 350  2.0  2.0    MM    MM    MM  MM 1012.5  22.2  22.9  20.8   MM -0.6    MM
2026 08 25 10 50 350  2.0  3.0   1.0    13   5.5 167 1012.6  22.3  22.9  20.8   MM   MM    MM
2026 08 25 10 40 320  2.0  3.0    MM    MM    MM  MM 1012.7  22.3  22.9  21.0   MM   MM    MM
2026 08 25 10 30 320  2.0  2.0    MM    MM    MM  MM 1012.6  22.3  22.9  20.9   MM   MM    MM
2026 08 25 10 20 310  2.0  2.0   1.1    15   5.8 190 1012.6  22.2  22.9  20.7   MM   MM    MM
2026 08 25 10 10 310  2.0  3.0   1.1    MM   5.8 190 1012.6  22.2  22.9  20.8   MM   MM    MM
2026 08 25 10 00 310  2.0  2.0    MM    MM    MM  MM 1012.7  22.2  22.9  20.8   MM +0.0    MM
2026 08 25 09 50 300  2.0  2.0   1.1     6   5.6 270 1012.7  22.1  22.9  20.7   MM   MM    MM
2026 08 25 09 40 300  2.0  2.0    MM    MM    MM  MM 1012.7  22.0  23.0  20.6   MM   MM    MM
2026 08 25 09 30 290  2.0  2.0    MM    MM    MM  MM 1012.7  22.1  23.0  20.7   MM   MM    MM
2026 08 25 09 20 300  2.0  2.0   1.1    14   5.6 186 1012.7  22.0  23.0  20.6   MM   MM    MM
2026 08 25 09 10 310  2.0  2.0    MM    MM    MM  MM 1012.7  22.0  23.0  20.6   MM   MM    MM
2026 08 25 09 00 300  2.0  2.0    MM    MM    MM  MM 1012.8  21.9  23.0  20.6   MM +0.0    MM
2026 08 25 08 50 310  2.0  2.0   1.1    14   5.4 206 1012.8  21.9  23.0  20.6   MM   MM    MM
2026 08 25 08 40 310  1.0  2.0    MM    MM    MM  MM 1012.9  21.9  22.9  20.5   MM   MM    MM
2026 08 25 08 30 320  1.0  2.0    MM    MM    MM  MM 1013.0  21.8  22.9  20.4   MM   MM    MM
2026 08 25 08 20 340  1.0  2.0   1.1    14   5.6 185 1012.9  21.8  22.9  20.4   MM   MM    MM
2026 08 25 08 10 330  1.0  1.0    MM    MM    MM  MM 1013.1  21.8  22.9  20.3   MM   MM    MM
2026 08 25 08 00 350  1.0  2.0    MM    MM    MM  MM 1013.1  21.8  22.9  20.3   MM -0.0    MM
2026 08 25 07 50 360  1.0  2.0   1.0    15   5.7 187 1013.1    MM    MM    MM   MM   MM    MM
2026 08 25 07 40 350  1.0  2.0    MM    MM    MM  MM 1013.0  21.8  22.9  20.2   MM   MM    MM
2026 08 25 07 30 360  1.0  2.0    MM    MM    MM  MM 1013.0  21.8  22.8  20.1   MM   MM    MM
2026 08 25 07 20 360  2.0  3.0   1.1    MM   5.4 174 1013.0  21.8  22.8  20.0   MM   MM    MM
2026 08 25 07 10  MM   MM   MM   1.1    14   5.4 174     MM    MM    MM    MM   MM   MM    MM
2026 08 25 07 00 340  2.0  3.0    MM    MM    MM  MM 1012.8  21.8    MM  19.9   MM +0.3    MM
2026 08 25 06 50 340  2.0  3.0   1.1    MM   5.4 165 1012.9  21.8  22.8  19.9   MM   MM    MM
2026 08 25 06 40  MM   MM   MM   1.1    15   5.4 165     MM    MM    MM    MM   MM   MM    MM
2026 08 25 06 30 330  3.0  4.0    MM    MM    MM  MM 1012.6  22.0  22.8  20.0   MM   MM    MM
2026 08 25 06 20 340  3.0  3.0   1.1    15   5.3 176 1012.7  22.1  22.7  19.8   MM   MM    MM
2026 08 25 06 10 340  3.0  3.0    MM    MM    MM  MM 1012.8  22.1  22.7  19.6   MM   MM    MM
2026 08 25 06 00 330  2.0  3.0    MM    MM    MM  MM 1012.8  22.2  22.7  19.5   MM +0.8    MM
2026 08 25 05 50 330  2.0  3.0   1.0    14   4.9 189 1013.0  22.3  22.7  19.6   MM   MM    MM
2026 08 25 05 40 330  3.0  3.0    MM    MM    MM  MM 1013.1  22.3  22.7  19.4   MM   MM    MM
2026 08 25 05 30 320  3.0  3.0    MM    MM    MM  MM 1013.2  22.3  22.7  19.6   MM   MM    MM
2026 08 25 05 20 330  2.0  3.0   1.1    14   5.3 194 1013.1  22.4  22.7  19.9   MM   MM    MM
2026 08 25 05 10 340  2.0  3.0   1.1    MM   5.3 194 1013.2  22.6  22.7  19.7   MM   MM    MM
2026 08 25 05 00 330  3.0  4.0    MM    MM    MM  MM 1013.0  22.8  22.8  19.3   MM +1.4    MM
2026 08 25 04 50 310  3.0  4.0   1.0    13   5.1 187 1013.0  22.8  22.8  19.0   MM   MM    MM
2026 08 25 04 40 320  4.0  5.0    MM    MM    MM  MM 1012.8  22.6  22.8  19.0   MM   MM    MM
2026 08 25 04 30 320  4.0  5.0    MM    MM    MM  MM 1012.8  22.3  22.9  19.5   MM   MM    MM
2026 08 25 04 20 320  5.0  6.0   1.0    13   5.0 183 1012.7  22.3  22.9  19.8   MM   MM    MM
2026 08 25 04 10 320  5.0  6.0   1.0    MM   5.0 183 1012.5  22.3  22.9  20.0   MM   MM    MM
2026 08 25 04 00 320  5.0  6.0    MM    MM    MM  MM 1012.4  22.5  22.9  20.0   MM +0.8    MM
2026 08 25 03 50 320  5.0  6.0   1.0    13   4.8 186 1012.4  22.6  22.9  20.1   MM   MM    MM
2026 08 25 03 40 310  3.0  5.0    MM    MM    MM  MM 1012.3  22.7  22.9  20.3   MM   MM    MM
2026 08 25 03 30 310  3.0  4.0    MM    MM    MM  MM 1012.4  22.6  22.9  20.1   MM   MM    MM
2026 08 25 03 20 320  3.0  4.0   0.9    14   5.2 168 1012.1  22.5  22.9  20.0   MM   MM    MM
2026 08 25 03 10 320  4.0  4.0    MM    MM    MM  MM 1012.1  22.6  22.9  20.2   MM   MM    MM
2026 08 25 03 00 310  4.0  5.0    MM    MM    MM  MM 1011.9  22.5  22.9  20.2   MM -0.0    MM
2026 08 25 02 50 310  4.0  6.0   1.0    15   5.2 173 1011.9  22.5  22.9  20.3   MM   MM    MM
2026 08 25 02 40 310  5.0  6.0    MM    MM    MM  MM 1011.8  22.4  23.0  20.4   MM   MM    MM
2026 08 25 02 30 310  5.0  6.0    MM    MM    MM  MM 1011.6  22.5  22.9  20.7   MM   MM    MM
2026 08 25 02 20 310  5.0  6.0   0.9    14   5.1 175 1011.6  22.5  22.9  20.6   MM   MM    MM
2026 08 25 02 10 300  5.0  6.0   0.9    MM   5.1 175 1011.7  22.8  22.9  20.7   MM   MM    MM
2026 08 25 02 00 290  5.0  6.0    MM    MM    MM  MM 1011.6  22.9  22.9  20.4   MM -0.8    MM
2026 08 25 01 50 300  5.0  6.0   0.9    14   4.8 193 1011.8  22.9  22.9  20.2   MM   MM    MM
2026 08 25 01 40 300  6.0  7.0    MM    MM    MM  MM 1011.6  22.8  23.0  20.1   MM   MM    MM
2026 08 25 01 30 290  6.0  7.0    MM    MM    MM  MM 1011.7  22.6  23.0  19.9   MM   MM    MM
2026 08 25 01 20 290  7.0  8.0   0.9    15   4.7 259 1011.6  22.4  23.0  20.2   MM   MM    MM
2026 08 25 01 10 300  6.0  8.0   0.9    MM   4.7 259 1011.6  22.3  23.1  20.4   MM   MM    MM
2026 08 25 01 00 290  6.0  7.0    MM    MM    MM  MM 1011.6  22.2  23.1  20.4   MM -1.2    MM
2026 08 25 00 50 290  6.0  7.0   1.0    15   5.2 176 1011.6  22.2  23.1  20.4   MM   MM    MM
2026 08 25 00 40 290  6.0  7.0   1.0    MM   5.2 176 1011.6  22.1  23.2  20.3   MM   MM    MM
2026 08 25 00 30 290  6.0  7.0    MM    MM    MM  MM 1011.9  22.2  23.2  20.3   MM   MM    MM
2026 08 25 00 20 290  6.0  7.0   1.0    14   5.4 169 1011.9  22.3  23.2  20.4   MM   MM    MM
2026 08 25 00 10 290  6.0  7.0   1.0    MM   5.4 169 1011.9  22.3  23.2  20.4   MM   MM    MM
2026 08 25 00 00 290  6.0  7.0    MM    MM    MM  MM 1011.9  22.2  23.2  20.3   MM -1.6    MM
2026 08 24 23 50 290  6.0  7.0   1.0    14   5.4 219 1011.9  22.2  23.2  20.5   MM   MM    MM
2026 08 24 23 40 290  6.0  7.0    MM    MM    MM  MM 1011.9  22.2  23.2  20.7   MM   MM    MM
2026 08 24 23 30 280  6.0  7.0    MM    MM    MM  MM 1012.0  22.2  23.2  20.8   MM   MM    MM
2026 08 24 23 20 280  6.0  7.0   0.9    15   5.7 178 1012.1  22.2  23.2  20.8   MM   MM    MM
2026 08 24 23 10 280  6.0  7.0   0.9    MM   5.7 178 1012.4  22.2  23.2  20.8   MM   MM    MM
2026 08 24 23 00 270  6.0  7.0    MM    MM    MM  MM 1012.5  22.1  23.3  20.8   MM -1.5    MM
2026 08 24 22 50 270  6.0  7.0   0.9    14   5.6 179 1012.5  22.1  23.3  20.9   MM   MM    MM
2026 08 24 22 40 270  6.0  7.0    MM    MM    MM  MM 1012.5  22.1  23.3  20.9   MM   MM    MM
2026 08 24 22 30 270  6.0  7.0    MM    MM    MM  MM 1012.5  22.4  23.3  20.9   MM   MM    MM
2026 08 24 22 20 280  5.0  6.0   0.9    14   6.0 170 1012.6  22.4  23.4  20.5   MM   MM    MM
2026 08 24 22 10 280  5.0  6.0   0.9    MM   6.0 170 1012.8  22.3  23.4  20.4   MM   MM    MM
2026 08 24 22 00 280  5.0  6.0    MM    MM    MM  MM 1012.9  22.3  23.4  20.3   MM -1.8    MM
2026 08 24 21 50 280  5.0  6.0   0.9    15   6.2 181 1013.0  22.3  23.4  20.3   MM   MM    MM
2026 08 24 21 40 280  5.0  6.0    MM    MM    MM  MM 1013.0  22.2  23.4  20.3   MM   MM    MM
2026 08 24 21 30 280  5.0  5.0    MM    MM    MM  MM 1013.2  22.3  23.5  20.4   MM   MM    MM
2026 08 24 21 20 280  5.0  5.0   0.9    14   6.0 172 1013.3  22.3  23.5  20.2   MM   MM    MM
2026 08 24 21 10 280  4.0  5.0    MM    MM    MM  MM 1013.5  22.3  23.5  20.0   MM   MM    MM
2026 08 24 21 00 280  4.0  5.0    MM    MM    MM  MM 1013.6  22.1  23.4  19.8   MM -1.4    MM
2026 08 24 20 50 280  4.0  4.0   0.8    14   5.7 190 1013.7  22.1  23.3  19.9   MM   MM    MM
2026 08 24 20 40 290  4.0  4.0    MM    MM    MM  MM 1013.7  22.0  23.2  19.8   MM   MM    MM
2026 08 24 20 30 290  4.0  5.0    MM    MM    MM  MM 1013.8  21.9  23.1  20.0   MM   MM    MM
2026 08 24 20 20 300  4.0  5.0   1.0    14   6.5 146 1014.0  21.9  23.1  20.0   MM   MM    MM
2026 08 24 20 10 300  4.0  4.0    MM    MM    MM  MM 1014.0  21.9  23.1  20.0   MM   MM    MM
2026 08 24 20 00 310  3.0  4.0   1.0    MM   6.5 146 1014.0  21.9  23.0  20.1   MM -0.6    MM
2026 08 24 19 50 310  3.0  4.0   0.9    MM   5.7 190 1014.4  21.7  23.0  19.9   MM   MM    MM
2026 08 24 19 40 310  3.0  4.0    MM    MM    MM  MM 1014.2  21.7  22.9  20.0   MM   MM    MM
2026 08 24 19 30 310  3.0  4.0    MM    MM    MM  MM 1014.3  21.6  23.0  20.0   MM   MM    MM
2026 08 24 19 20 320  3.0  3.0   1.0    14   6.5 186 1014.4  21.5  23.0  19.9   MM   MM    MM
2026 08 24 19 10 320  3.0  4.0   1.0    MM   6.5 186 1014.5  21.5  22.7  20.0   MM   MM    MM
2026 08 24 19 00 330  2.0  3.0    MM    MM    MM  MM 1014.7  21.5  22.8  20.1   MM +0.6    MM
2026 08 24 18 50 320  2.0  3.0   1.0    14   6.1 152 1014.8  21.6  22.8  20.2   MM   MM    MM
2026 08 24 18 40 320  2.0  3.0    MM    MM    MM  MM 1014.9  21.5  22.7  20.1   MM   MM    MM
2026 08 24 18 30 320  2.0  3.0    MM    MM    MM  MM 1014.9  21.3  22.7  19.9   MM   MM    MM
2026 08 24 18 20 330  2.0  3.0   0.9    15   5.7 153 1014.9  21.3  22.7  20.0   MM   MM    MM
2026 08 24 18 10 340  2.0  3.0   0.9    MM   5.7 153 1014.9  21.3  22.7  20.1   MM   MM    MM
2026 08 24 18 00 340  2.0  3.0    MM    MM    MM  MM 1015.0  21.3    MM  20.0   MM +1.0    MM
2026 08 24 17 50 350  2.0  3.0   0.9    14   6.0 181 1015.0  21.3  22.7  20.0   MM   MM    MM
2026 08 24 17 40 350  2.0  2.0    MM    MM    MM  MM 1015.0  21.2  22.7  19.9   MM   MM    MM
2026 08 24 17 30 340  2.0  2.0    MM    MM    MM  MM 1014.9  21.2  22.7  19.9   MM   MM    MM
2026 08 24 17 20 350  1.0  2.0   0.9    14   5.8 153 1014.9  21.2  22.7  19.9   MM   MM    MM
2026 08 24 17 10 330  2.0  2.0   0.9    MM   5.8 153 1014.7  21.2  22.7  19.9   MM   MM    MM
2026 08 24 17 00 350  2.0  3.0    MM    MM    MM  MM 1014.6  21.2    MM  19.9   MM +1.2    MM
2026 08 24 16 50 350  2.0  3.0   0.9    15   6.0 176 1014.6  21.2  22.6  19.9   MM   MM    MM
2026 08 24 16 40 340  2.0  2.0    MM    MM    MM  MM 1014.6  21.3  22.7  20.0   MM   MM    MM
2026 08 24 16 30 350  1.0  2.0    MM    MM    MM  MM 1014.5  21.3  22.6  20.0   MM   MM    MM
2026 08 24 16 20 360  1.0  2.0   0.9    15   5.8 196 1014.3  21.3  22.6  20.0   MM   MM    MM
2026 08 24 16 10 360  1.0  2.0   0.9    MM   5.8 196 1014.2  21.2  22.6  19.9   MM   MM    MM
2026 08 24 16 00  10  1.0  2.0    MM    MM    MM  MM 1014.1  21.2  22.7  20.0   MM +1.4    MM
2026 08 24 15 50 360  1.0  2.0   0.9    14   5.9 166 1014.1  21.1  22.7  20.0   MM   MM    MM
2026 08 24 15 40 360  2.0  2.0    MM    MM    MM  MM 1014.0  21.0  22.7  20.0   MM   MM    MM
2026 08 24 15 30 350  1.0  2.0    MM    MM    MM  MM 1014.0  20.9  22.7  20.0   MM   MM    MM
2026 08 24 15 20 350  2.0  3.0   0.9    14   5.9 179 1014.0  20.9  22.7  20.0   MM   MM    MM
2026 08 24 15 10 350  2.0  3.0   0.9    MM   5.9 179 1013.9  21.0  22.8  20.1   MM   MM    MM
2026 08 24 15 00 350  2.0  3.0    MM    MM    MM  MM 1014.0  21.0  22.8  20.1   MM +1.7    MM
2026 08 24 14 50 360  2.0  3.0   0.8    15   5.7 195 1014.0  21.0  22.8  20.1   MM   MM    MM
2026 08 24 14 40 340  2.0  3.0    MM    MM    MM  MM 1013.8  21.2  22.8  20.3   MM   MM    MM
2026 08 24 14 30 340  3.0  3.0    MM    MM    MM  MM 1013.8  21.4  22.8  20.3   MM   MM    MM
2026 08 24 14 20 350  2.0  3.0   0.9    15   5.8 165 1013.6  21.5  22.8  20.2   MM   MM    MM
2026 08 24 14 10  10  1.0  2.0   0.9    MM   5.8 165 1013.5  21.4  22.8  20.1   MM   MM    MM
2026 08 24 14 00  20  1.0  2.0    MM    MM    MM  MM 1013.5  21.4  22.8  20.2   MM +1.2    MM
2026 08 24 13 50  50  1.0  2.0   0.9    15   5.7 219 1013.4  21.3  22.8  20.1   MM   MM    MM
2026 08 24 13 40  50  1.0  2.0    MM    MM    MM  MM 1013.3  21.3  22.8  20.2   MM   MM    MM
2026 08 24 13 30  70  2.0  2.0    MM    MM    MM  MM 1013.2  21.2  22.9  20.1   MM   MM    MM
2026 08 24 13 20  70  2.0  3.0   1.0    15   6.0 175 1013.0  21.2  22.9  20.2   MM   MM    MM
2026 08 24 13 10  80  1.0  1.0   1.0    MM   6.0 175 1012.8  21.1  22.9  20.1   MM   MM    MM
2026 08 24 13 00 100  1.0  2.0    MM    MM    MM  MM 1012.7  21.2  22.9  20.2   MM +0.7    MM
2026 08 24 12 50  MM  0.0  1.0   1.0    16   5.7 133 1012.7  21.1    MM  20.1   MM   MM    MM
2026 08 24 12 40  MM  0.0  1.0    MM    MM    MM  MM 1012.4  21.1  22.9  20.0   MM   MM    MM
2026 08 24 12 30 280  1.0  2.0    MM    MM    MM  MM 1012.2  21.1  22.8  20.0   MM   MM    MM
2026 08 24 12 20 230  1.0  1.0   0.9    15   5.6 215 1012.3  21.0  22.8  19.9   MM   MM    MM
2026 08 24 12 10 250  1.0  1.0    MM    MM    MM  MM 1012.3  21.0  22.9  19.9   MM   MM    MM
2026 08 24 12 00 210  1.0  1.0    MM    MM    MM  MM 1012.4  21.0  22.9  19.9   MM +0.3    MM
2026 08 24 11 50 260  1.0  4.0   0.9    15   5.7 241 1012.4  21.1    MM  19.9   MM   MM    MM
2026 08 24 11 40 280  3.0  4.0   0.9    MM   5.7 241 1012.1  21.2  22.9  19.9   MM   MM    MM
2026 08 24 11 30 290  2.0  3.0    MM    MM    MM  MM 1012.2  21.3  22.9  19.8   MM   MM    MM
2026 08 24 11 20 300  2.0  3.0   0.9     6   5.3 276 1012.1  21.1  22.9  19.5   MM   MM    MM
2026 08 24 11 10 310  2.0  3.0   0.9    MM   5.3 276 1012.1  21.0  23.0  19.5   MM   MM    MM
2026 08 24 11 00 310  2.0  2.0    MM    MM    MM  MM 1012.2  20.9  22.9  19.5   MM -0.0    MM
2026 08 24 10 50 310  2.0  3.0   1.0    15   5.8 184 1012.1  20.9  22.9  19.6   MM   MM    MM
2026 08 24 10 40 320  2.0  3.0    MM    MM    MM  MM 1012.0  21.0  22.9  19.7   MM   MM    MM
2026 08 24 10 30 310  2.0  3.0    MM    MM    MM  MM 1012.1  21.2  22.9  19.8   MM   MM    MM
2026 08 24 10 20 260  1.0  2.0   1.0     6   5.6 269 1012.1  21.1  22.9  19.5   MM   MM    MM
2026 08 24 10 10 240  1.0  2.0   1.0    MM   5.6 269 1012.1  21.0  23.0  19.3   MM   MM    MM
2026 08 24 10 00 250  2.0  3.0    MM    MM    MM  MM 1012.0  21.1  22.9  19.4   MM -0.5    MM
2026 08 24 09 50 240  2.0  3.0   1.0    15   5.6 205 1011.9  21.1  22.9  19.4   MM   MM    MM
2026 08 24 09 40 240  2.0  3.0    MM    MM    MM  MM 1011.9  21.0  23.0  19.2   MM   MM    MM
2026 08 24 09 30 230  2.0  3.0    MM    MM    MM  MM 1011.9  21.0  22.9  19.2   MM   MM    MM
2026 08 24 09 20 240  3.0  3.0   1.0    15   5.6  89 1012.0  21.1  22.9  19.2   MM   MM    MM
2026 08 24 09 10 240  3.0  3.0   1.0    MM   5.6  89 1012.0  21.2  22.9  19.2   MM   MM    MM
2026 08 24 09 00 240  3.0  4.0    MM    MM    MM  MM 1012.0  21.1  22.9  19.0   MM -0.3    MM
2026 08 24 08 50 240  3.0  3.0   1.1    15   5.5 200 1012.1  21.1  22.9  19.1   MM   MM    MM
2026 08 24 08 40 240  3.0  3.0    MM    MM    MM  MM 1012.0  21.2  23.0  19.3   MM   MM    MM
2026 08 24 08 30 200  2.0  3.0    MM    MM    MM  MM 1012.2  21.2  23.0  19.4   MM   MM    MM
2026 08 24 08 20 190  2.0  3.0   1.0    15   5.4 171 1012.4  21.2  23.0  19.5   MM   MM    MM
2026 08 24 08 10 200  2.0  3.0    MM    MM    MM  MM 1012.4  21.3  23.0  19.7   MM   MM    MM
2026 08 24 08 00 190  2.0  3.0    MM    MM    MM  MM 1012.4  21.5  23.0  19.7   MM +0.4    MM
2026 08 24 07 50 180  1.0  2.0   1.1    MM   5.7 189 1012.6  21.6  23.0  19.3   MM   MM    MM
2026 08 24 07 40  MM   MM   MM   1.1    15   5.7 189     MM    MM    MM    MM   MM   MM    MM
2026 08 24 07 30 190  1.0  2.0    MM    MM    MM  MM 1012.4  21.4  23.0  18.8   MM   MM    MM
2026 08 24 07 20  MM  0.0  1.0   1.1    15   5.7 218 1012.6  21.4  22.9  18.8   MM   MM    MM
2026 08 24 07 10 240  1.0  1.0   1.1    MM   5.7 218 1012.6  21.4  23.0  18.8   MM   MM    MM
2026 08 24 07 00  MM  0.0  1.0    MM    MM    MM  MM 1012.5  21.4  23.0  18.8   MM +0.9    MM
2026 08 24 06 50 300  1.0  2.0   1.0    15   5.5 176 1012.5  21.4  23.0  18.9   MM   MM    MM
2026 08 24 06 40 320  1.0  2.0    MM    MM    MM  MM 1012.4  21.5  23.0  19.1   MM   MM    MM
2026 08 24 06 30 330  1.0  2.0    MM    MM    MM  MM 1012.3  21.3  23.0  18.8   MM   MM    MM
2026 08 24 06 20  MM  0.0  1.0   1.0    15   5.5 199 1012.4  21.3  23.0  19.5   MM   MM    MM
2026 08 24 06 10  MM  0.0  1.0    MM    MM    MM  MM 1012.3  21.3  23.0  19.6   MM   MM    MM
2026 08 24 06 00  MM  0.0  1.0    MM    MM    MM  MM 1012.3  21.2  23.0  19.4   MM +1.1    MM
2026 08 24 05 50  MM  0.0  1.0   1.1    15   5.4 178 1012.2  21.3  23.0  19.5   MM   MM    MM
2026 08 24 05 40 310  1.0  2.0   1.1    MM   5.4 178 1012.1  21.3  23.0  19.4   MM   MM    MM
2026 08 24 05 30 280  2.0  3.0    MM    MM    MM  MM 1012.0  21.4  23.0  19.5   MM   MM    MM
2026 08 24 05 20 270  3.0  4.0   1.0    15   5.2 211 1011.9  21.4    MM  19.5   MM   MM    MM
2026 08 24 05 10 270  3.0  4.0   1.0    MM   5.2 211 1011.9  21.3  23.0  19.3   MM   MM    MM
2026 08 24 05 00 260  3.0  4.0    MM    MM    MM  MM 1012.0  21.3  23.0  19.3   MM +1.1    MM
2026 08 24 04 50 260  4.0  4.0   1.0    15   5.0 167 1011.9  21.2  23.0  19.1   MM   MM    MM
2026 08 24 04 40 260  4.0  5.0    MM    MM    MM  MM 1011.7  21.3  23.0  19.3   MM   MM    MM
2026 08 24 04 30 260  5.0  6.0    MM    MM    MM  MM 1011.7  21.4  23.0  19.4   MM   MM    MM
2026 08 24 04 20 260  5.0  6.0   1.0    15   5.4 180 1011.6  21.4  23.0  19.4   MM   MM    MM
2026 08 24 04 10 260  5.0  6.0   1.0    MM   5.4 180 1011.5  21.5  23.0  19.4   MM   MM    MM
2026 08 24 04 00 260  4.0  5.0    MM    MM    MM  MM 1011.5  21.5  23.0  19.3   MM +0.8    MM
2026 08 24 03 50 250  3.0  4.0   1.0    15   5.4 156 1011.4  21.5  23.1  19.3   MM   MM    MM
2026 08 24 03 40 250  3.0  4.0    MM    MM    MM  MM 1011.6  21.5  23.1  19.3   MM   MM    MM
2026 08 24 03 30 240  3.0  3.0    MM    MM    MM  MM 1011.5  21.5  23.1  19.1   MM   MM    MM
2026 08 24 03 20 250  3.0  4.0   0.9    15   5.3 219 1011.4  21.5  23.1  19.2   MM   MM    MM
2026 08 24 03 10 250  4.0  4.0   0.9    MM   5.3 219 1011.2  21.5  23.1  19.3   MM   MM    MM
2026 08 24 03 00 260  4.0  4.0    MM    MM    MM  MM 1011.2  21.5  23.1  19.4   MM -0.0    MM
2026 08 24 02 50 270  4.0  5.0   0.9    14   5.0 230 1011.2  21.6  23.1  19.4   MM   MM    MM
2026 08 24 02 40 270  4.0  5.0    MM    MM    MM  MM 1011.3  21.5  23.1  19.3   MM   MM    MM
2026 08 24 02 30 270  5.0  6.0    MM    MM    MM  MM 1011.0  21.7  23.1  19.5   MM   MM    MM
2026 08 24 02 20 280  5.0  6.0   0.9    16   5.3 222 1010.9  21.7  23.1  19.4   MM   MM    MM
2026 08 24 02 10 270  5.0  6.0   0.9    MM   5.3 222 1011.0  21.8  23.2  19.6   MM   MM    MM
2026 08 24 02 00 280  5.0  7.0    MM    MM    MM  MM 1010.8  21.8  23.2  19.3   MM -0.4    MM
2026 08 24 01 50 290  6.0  6.0   0.9    15   4.9 184 1010.6  21.8  23.2  19.2   MM   MM    MM
2026 08 24 01 40 280  6.0  7.0    MM    MM    MM  MM 1010.5  21.7  23.2  19.5   MM   MM    MM
2026 08 24 01 30 280  6.0  7.0    MM    MM    MM  MM 1010.6  21.7  23.2  20.0   MM   MM    MM
2026 08 24 01 20 280  6.0  7.0   0.9    15   5.1 137 1010.6  21.9  23.2  20.4   MM   MM    MM
2026 08 24 01 10 270  5.0  6.0   0.9    MM   5.1 137 1010.7  21.8  23.2  20.2   MM   MM    MM
2026 08 24 01 00 270  6.0  7.0    MM    MM    MM  MM 1010.9  21.8  23.3  20.3   MM -0.8    MM
2026 08 24 00 50 270  6.0  7.0   0.9    MM   5.3 198 1010.8  21.8  23.3  20.3   MM   MM    MM
2026 08 24 00 40  MM   MM   MM   0.9    15   5.3 198     MM    MM    MM    MM   MM   MM    MM
2026 08 24 00 30 270  5.0  5.0    MM    MM    MM  MM 1010.9  21.8  23.3  20.3   MM   MM    MM
2026 08 24 00 20 270  5.0  6.0   0.9    15   5.3 202 1011.0  21.8  23.3  20.3   MM   MM    MM
2026 08 24 00 10 270  5.0  6.0   0.9    MM   5.3 202 1011.1  21.8  23.3  20.3   MM   MM    MM
2026 08 24 00 00 270  5.0  6.0    MM    MM    MM  MM 1011.1  21.9  23.4  20.5   MM -1.1    MM
2026 08 23 23 50 270  5.0  6.0   0.9    14   5.5 203 1011.1  21.9  23.4  20.5   MM   MM    MM
2026 08 23 23 40 270  5.0  6.0   0.9    MM   5.5 203 1011.2  22.0  23.4  20.6   MM   MM    MM
2026 08 23 23 30 270  5.0  6.0    MM    MM    MM  MM 1011.2  22.0  23.3  20.7   MM   MM    MM
2026 08 23 23 20 270  5.0  5.0   0.9    15   5.5 177 1011.3  22.1  23.4  20.8   MM   MM    MM
2026 08 23 23 10 270  5.0  6.0   0.9    MM   5.5 177 1011.4  22.2  23.4  20.9   MM   MM    MM
2026 08 23 23 00 270  5.0  6.0    MM    MM    MM  MM 1011.4  22.3  23.4  20.9   MM -1.2    MM
2026 08 23 22 50 280  5.0  6.0   0.9    14   5.8 180 1011.2  22.5  23.4  20.9   MM   MM    MM
2026 08 23 22 40 290  5.0  6.0    MM    MM    MM  MM 1011.3  22.4  23.3  20.4   MM   MM    MM
2026 08 23 22 30 290  4.0  5.0    MM    MM    MM  MM 1011.5  22.5  23.3  20.5   MM   MM    MM
2026 08 23 22 20 290  4.0  5.0   0.9    15   5.6 167 1011.6  22.4  23.4  20.4   MM   MM    MM
2026 08 23 22 10 280  4.0  5.0   0.9    MM   5.6 167 1011.6  22.4  23.3  20.5   MM   MM    MM
2026 08 23 22 00 280  4.0  5.0    MM    MM    MM  MM 1011.6  22.4  23.4  20.4   MM -1.4    MM
2026 08 23 21 50 280  4.0  5.0   0.9    15   5.8 204 1011.7  22.3  23.4  20.4   MM   MM    MM
2026 08 23 21 40 290  4.0  5.0    MM    MM    MM  MM 1011.8  22.3  23.4  20.3   MM   MM    MM
2026 08 23 21 30 290  4.0  5.0    MM    MM    MM  MM 1011.8  22.1  23.4  20.1   MM   MM    MM
2026 08 23 21 20 280  4.0  4.0   0.8    14   5.7 179 1011.9  22.1  23.2  20.1   MM   MM    MM
2026 08 23 21 10 280  4.0  4.0    MM    MM    MM  MM 1012.1  22.0  23.3  20.1   MM   MM    MM
2026 08 23 21 00 290  4.0  5.0    MM    MM    MM  MM 1012.2  21.9  23.2  20.0   MM -1.1    MM
2026 08 23 20 50 290  3.0  4.0   0.9    16   6.4 220 1012.2  21.9  23.3  20.1   MM   MM    MM
2026 08 23 20 40 300  3.0  4.0    MM    MM    MM  MM 1012.4  21.9  23.2  20.1   MM   MM    MM
2026 08 23 20 30 300  3.0  4.0    MM    MM    MM  MM 1012.4  21.9  23.2  20.1   MM   MM    MM
2026 08 23 20 20 300  3.0  4.0   0.9    15   6.0 195 1012.4  21.9  23.1  20.2   MM   MM    MM
2026 08 23 20 10 310  3.0  4.0   0.9    MM   6.0 195 1012.4  21.8  23.0  20.1   MM   MM    MM
2026 08 23 20 00 310  3.0  4.0    MM    MM    MM  MM 1012.5  21.9  23.3  20.4   MM -0.3    MM
2026 08 23 19 50 310  3.0  3.0   0.9    15   5.7 165 1012.6  21.9  23.2  20.5   MM   MM    MM
2026 08 23 19 40 320  2.0  3.0    MM    MM    MM  MM 1012.7  21.9  23.2  20.6   MM   MM    MM
2026 08 23 19 30 320  2.0  3.0    MM    MM    MM  MM 1012.7  21.8  22.9  20.5   MM   MM    MM
2026 08 23 19 20 330  2.0  3.0   0.9    15   5.9 198 1012.8  21.7    MM  20.6   MM   MM    MM
2026 08 23 19 10 330  2.0  2.0    MM    MM    MM  MM 1012.9  21.7  22.9  20.7   MM   MM    MM
2026 08 23 19 00 340  2.0  2.0    MM    MM    MM  MM 1013.0  21.6  22.8  20.7   MM +0.7    MM
2026 08 23 18 50 330  2.0  3.0   0.9    MM   5.7 169 1013.1  21.5  22.9  20.7   MM   MM    MM
2026 08 23 18 40  MM   MM   MM   0.9    15   5.7 169     MM    MM    MM    MM   MM   MM    MM
2026 08 23 18 30 340  3.0  3.0    MM    MM    MM  MM 1013.2  21.2  22.8  20.7   MM   MM    MM
2026 08 23 18 20 330  3.0  3.0   0.8    15   5.8 189 1013.3  21.2  22.8  21.0   MM   MM    MM
2026 08 23 18 10 340  2.0  3.0   0.8    MM   5.8 189 1013.3  21.3  22.8  21.2   MM   MM    MM
2026 08 23 18 00 330  1.0  2.0    MM    MM    MM  MM 1013.3  21.1  22.8  21.0   MM +1.1    MM
2026 08 23 17 50 330  1.0  2.0   0.9    15   5.9 180 1013.3  20.9  22.8  20.8   MM   MM    MM
2026 08 23 17 40 320  1.0  1.0    MM    MM    MM  MM 1013.3  20.8  22.8  20.7   MM   MM    MM
2026 08 23 17 30 290  1.0  1.0    MM    MM    MM  MM 1013.3  20.8  22.8  20.7   MM   MM    MM
2026 08 23 17 20 240  1.0  2.0   0.9    15   5.8 196 1013.2  20.8  22.8  20.7   MM   MM    MM
2026 08 23 17 10 230  2.0  2.0   0.9    MM   5.8 196 1012.9  20.6  22.8  20.5   MM   MM    MM
2026 08 23 17 00 230  2.0  3.0    MM    MM    MM  MM 1012.9  20.6  22.7  20.5   MM +1.0    MM
2026 08 23 16 50 220  2.0  3.0   0.9    16   5.8 170 1012.7  20.7  22.7  20.6   MM   MM    MM
2026 08 23 16 40 220  1.0  2.0   0.9    MM   5.8 170 1012.6  20.7  22.7  20.6   MM   MM    MM
2026 08 23 16 30 210  2.0  3.0    MM    MM    MM  MM 1012.8  20.7  22.7  20.6   MM   MM    MM
2026 08 23 16 20 200  2.0  3.0   0.9    15   5.7 182 1012.7  20.8  22.7  20.7   MM   MM    MM
2026 08 23 16 10 170  2.0  2.0   0.9    MM   5.7 182 1012.6  20.8  22.7  20.7   MM   MM    MM
2026 08 23 16 00 110  2.0  3.0    MM    MM    MM  MM 1012.4  20.8  22.7  20.7   MM +0.7    MM
2026 08 23 15 50  80  2.0  3.0   0.8    16   5.5 166 1012.2  20.8  22.7  20.7   MM   MM    MM
2026 08 23 15 40  60  3.0  3.0    MM    MM    MM  MM 1012.0  20.7  22.7  20.6   MM   MM    MM
2026 08 23 15 30  50  3.0  4.0    MM    MM    MM  MM 1012.0  20.8  22.7  20.7   MM   MM    MM
2026 08 23 15 20  40  3.0  4.0   0.9    16   5.7 180 1012.1  21.1  22.7  20.9   MM   MM    MM
2026 08 23 15 10  30  2.0  3.0   0.9    MM   5.7 180 1012.1  21.3  22.7  21.0   MM   MM    MM
2026 08 23 15 00  20  3.0  4.0    MM    MM    MM  MM 1012.2  21.3  22.7  21.0   MM +0.9    MM
2026 08 23 14 50  20  3.0  4.0   0.8     5   5.2 272 1012.1  21.4  22.7  20.9   MM   MM    MM
2026 08 23 14 40  10  3.0  4.0    MM    MM    MM  MM 1012.0  21.4  22.8  20.8   MM   MM    MM
2026 08 23 14 30  20  3.0  4.0    MM    MM    MM  MM 1012.1  21.6  22.8  20.9   MM   MM    MM
2026 08 23 14 20  10  3.0  4.0   0.8     7   5.2 276 1012.1  21.6  22.8  20.8   MM   MM    MM
2026 08 23 14 10  10  3.0  4.0   0.8    MM   5.2 276 1011.9  21.5  22.8  20.7   MM   MM    MM
2026 08 23 14 00  20  3.0  4.0    MM    MM    MM  MM 1011.8  21.2  22.8  20.4   MM +0.5    MM
2026 08 23 13 50  20  3.0  4.0   0.9    16   5.6 178 1011.9  21.2  22.9  20.3   MM   MM    MM
2026 08 23 13 40  10  3.0  4.0   0.9    MM   5.6 178 1011.9  21.1  22.8  20.2   MM   MM    MM
2026 08 23 13 30  10  3.0  4.0    MM    MM    MM  MM 1011.7  21.1  22.8  20.3   MM   MM    MM
2026 08 23 13 20  20  3.0  4.0   0.9    14   5.4 184 1011.7  21.2  22.8  20.4   MM   MM    MM
2026 08 23 13 10  10  3.0  4.0   0.9    MM   5.4 184 1011.6  21.2  22.8  20.4   MM   MM    MM
2026 08 23 13 00 360  2.0  3.0    MM    MM    MM  MM 1011.6  21.0  22.8  20.2   MM -0.0    MM
2026 08 23 12 50 360  2.0  4.0   0.9     6   5.5 268 1011.6  21.0  22.8  20.3   MM   MM    MM
2026 08 23 12 40 350  3.0  3.0   0.9    MM   5.5 268 1011.6  21.0  22.8  20.2   MM   MM    MM
2026 08 23 12 30 360  3.0  4.0    MM    MM    MM  MM 1011.4  21.1  22.8  20.3   MM   MM    MM
2026 08 23 12 20 360  2.0  3.0   0.9     6   5.4 260 1011.3  21.3  22.8  20.3   MM   MM    MM
2026 08 23 12 10 360  3.0  4.0   0.9    MM   5.4 260 1011.4  21.4  22.8  20.1   MM   MM    MM
2026 08 23 12 00 330  3.0  3.0    MM    MM    MM  MM 1011.3  21.3  22.8  19.7   MM -0.3    MM
2026 08 23 11 50 330  3.0  3.0   1.0    15   5.5 229 1011.2  21.4  22.8  19.6   MM   MM    MM
2026 08 23 11 40 330  2.0  3.0    MM    MM    MM  MM 1011.1  21.4  22.8  19.4   MM   MM    MM
2026 08 23 11 30 340  2.0  3.0    MM    MM    MM  MM 1011.3  21.5  22.8  19.4   MM   MM    MM
2026 08 23 11 20 350  2.0  2.0   0.9    15   5.3 155 1011.3  21.5  22.8  19.4   MM   MM    MM
2026 08 23 11 10 350  2.0  2.0   0.9    MM   5.3 155 1011.4  21.6  22.9  19.6   MM   MM    MM
2026 08 23 11 00 350  1.0  2.0    MM    MM    MM  MM 1011.4  21.7  22.9  19.5   MM -0.7    MM
2026 08 23 10 50 350  1.0  2.0   0.9     6   5.2 267 1011.4  21.6  22.9  19.2   MM   MM    MM
2026 08 23 10 40  10  1.0  2.0    MM    MM    MM  MM 1011.5  21.5  22.9  19.2   MM   MM    MM
2026 08 23 10 30  10  1.0  2.0    MM    MM    MM  MM 1011.6  21.4  22.9  19.3   MM   MM    MM
2026 08 23 10 20  20  1.0  2.0   1.0     6   5.4 267 1011.6  21.5  22.9  19.6   MM   MM    MM
2026 08 23 10 10  20  1.0  2.0   1.0    MM   5.4 267 1011.6  21.5  22.9  19.6   MM   MM    MM
2026 08 23 10 00  30  1.0  2.0    MM    MM    MM  MM 1011.6  21.4  22.9  19.5   MM -0.3    MM
2026 08 23 09 50  20  1.0  2.0   0.9    17   5.3 204 1011.6  21.4  22.8  19.7   MM   MM    MM
2026 08 23 09 40  10  2.0  2.0    MM    MM    MM  MM 1011.6  21.4  22.8  19.6   MM   MM    MM
2026 08 23 09 30 350  2.0  2.0    MM    MM    MM  MM 1011.6  21.5  22.8  19.7   MM   MM    MM
2026 08 23 09 20 350  2.0  2.0   0.9    15   5.3 203 1011.6  21.5  22.8  19.7   MM   MM    MM
2026 08 23 09 10 360  2.0  3.0   0.9    MM   5.3 203 1011.6  21.6  22.8  19.7   MM   MM    MM
2026 08 23 09 00 350  2.0  3.0    MM    MM    MM  MM 1011.6  21.5  22.8  19.4   MM +0.0    MM
2026 08 23 08 50 340  2.0  3.0   1.0     6   4.9 261 1011.6  21.5  22.8  19.5   MM   MM    MM
2026 08 23 08 40 350  2.0  2.0    MM    MM    MM  MM 1011.7  21.7  22.8  19.8   MM   MM    MM
2026 08 23 08 30 350  2.0  2.0    MM    MM    MM  MM 1011.9  21.7  22.8  19.5   MM   MM    MM
2026 08 23 08 20 350  2.0  2.0   1.0     6   5.2 260 1011.9  21.9  22.8  19.4   MM   MM    MM
2026 08 23 08 10 330  1.0  2.0    MM    MM    MM  MM 1012.0  21.9  22.8  19.0   MM   MM    MM
2026 08 23 08 00 310  1.0  2.0    MM    MM    MM  MM 1012.0  21.8  22.8  18.9   MM -0.0    MM
2026 08 23 07 50 310  1.0  2.0   1.0     6   5.2 262 1012.1  21.9  22.8  19.2   MM   MM    MM
2026 08 23 07 40 330  1.0  2.0   1.0    MM   5.2 262 1012.0  21.8  22.7  19.1   MM   MM    MM
2026 08 23 07 30 320  2.0  3.0    MM    MM    MM  MM 1011.9  21.8  22.8  19.3   MM   MM    MM
2026 08 23 07 20 330  3.0  3.0   1.0    MM   5.3 176 1012.4  21.9  22.8  19.3   MM   MM    MM
2026 08 23 07 10 320  2.0  3.0    MM    MM    MM  MM 1011.9  21.8  22.8  19.0   MM   MM    MM
2026 08 23 07 00 310  2.0  2.0    MM    MM    MM  MM 1011.9  21.8  22.8  19.1   MM +0.0    MM
2026 08 23 06 50 310  2.0  3.0   1.1    15   5.2 190 1011.9  21.6  22.8  18.9   MM   MM    MM
2026 08 23 06 40 310  1.0  2.0   1.1    MM   5.2 190 1011.9  21.5  22.8  19.0   MM   MM    MM
2026 08 23 06 30 330  1.0  2.0    MM    MM    MM  MM 1011.9  21.4  22.8  19.0   MM   MM    MM
2026 08 23 06 20 310  1.0  2.0   1.1     6   5.2 257 1011.9  21.4  22.8  19.3   MM   MM    MM
2026 08 23 06 10 310  2.0  3.0   1.1    MM   5.2 257 1011.9  21.3  22.8  19.2   MM   MM    MM
2026 08 23 06 00 310  3.0  4.0    MM    MM    MM  MM 1011.8  21.3  22.8  19.3   MM +0.3    MM
2026 08 23 05 50 310  4.0  4.0   1.1     6   5.0 262 1011.9  21.4  22.8  19.1   MM   MM    MM
2026 08 23 05 40 310  4.0  5.0    MM    MM    MM  MM 1011.9  21.6  22.8  19.1   MM   MM    MM
2026 08 23 05 30 300  3.0  4.0    MM    MM    MM  MM 1011.9  21.7  22.8  19.1   MM   MM    MM
2026 08 23 05 20 300  3.0  4.0   1.0    16   4.9 174 1012.1  21.8  22.8  19.1   MM   MM    MM
2026 08 23 05 10 320  3.0  4.0   1.0    MM   4.9 174 1012.2  21.7  22.8  18.9   MM   MM    MM
2026 08 23 05 00 320  4.0  5.0    MM    MM    MM  MM 1012.2  21.8  22.9  19.2   MM +0.4    MM
2026 08 23 04 50 320  4.0  5.0   1.0    15   5.1  50 1012.1  21.6  22.9  19.4   MM   MM    MM
2026 08 23 04 40 320  4.0  5.0   1.0    MM   5.1  50 1012.1  21.6  22.9  19.7   MM   MM    MM
2026 08 23 04 30 320  4.0  5.0    MM    MM    MM  MM 1012.1  21.5  22.9  19.7   MM   MM    MM
2026 08 23 04 20 320  4.0  5.0   0.9    15   5.0 209 1012.1  21.6  22.9  19.9   MM   MM    MM
2026 08 23 04 10 320  4.0  5.0   0.9    MM   5.0 209 1012.1  21.7  22.9  20.1   MM   MM    MM
2026 08 23 04 00 310  4.0  4.0    MM    MM    MM  MM 1012.0  21.8  22.9  20.1   MM -0.0    MM
2026 08 23 03 50 310  3.0  4.0   0.9    15   5.0 185 1012.0  21.9  23.0  20.1   MM   MM    MM
2026 08 23 03 40 280  3.0  4.0    MM    MM    MM  MM 1011.9  22.1  23.0  20.2   MM   MM    MM
2026 08 23 03 30 270  4.0  4.0    MM    MM    MM  MM 1011.8  22.0  23.0  19.7   MM   MM    MM
2026 08 23 03 20 270  4.0  4.0   0.9    15   5.0 203 1011.7  22.0  22.9  19.5   MM   MM    MM
2026 08 23 03 10 270  3.0  4.0   0.9    MM   5.0 203 1011.6  22.1  22.9  19.4   MM   MM    MM
2026 08 23 03 00 270  4.0  4.0    MM    MM    MM  MM 1011.6  22.0  22.9  19.0   MM -0.6    MM
2026 08 23 02 50 270  4.0  5.0   0.9    15   5.1 177 1011.5  22.0  22.9  18.9   MM   MM    MM
2026 08 23 02 40 260  4.0  5.0    MM    MM    MM  MM 1011.5  22.0  22.9  18.9   MM   MM    MM
2026 08 23 02 30 260  4.0  5.0    MM    MM    MM  MM 1011.5  22.0  23.0  19.0   MM   MM    MM
2026 08 23 02 20 260  4.0  4.0   0.9    16   5.0 172 1011.6  22.1  23.1  19.1   MM   MM    MM
2026 08 23 02 10 260  4.0  5.0   0.9    MM   5.0 172 1011.6  22.2  23.0  19.0   MM   MM    MM
2026 08 23 02 00 270  4.0  5.0    MM    MM    MM  MM 1011.9  22.3  23.1  19.0   MM -0.3    MM
2026 08 23 01 50 270  4.0  5.0   0.8    15   4.9 188 1011.9  22.4  23.1  19.1   MM   MM    MM
2026 08 23 01 40 270  4.0  5.0    MM    MM    MM  MM 1011.9  22.3  23.2  18.9   MM   MM    MM
2026 08 23 01 30 270  4.0  5.0    MM    MM    MM  MM 1011.9  22.3  23.2  19.3   MM   MM    MM
2026 08 23 01 20 260  4.0  4.0   0.8    15   5.4 202 1012.1  22.5  23.2  19.8   MM   MM    MM
2026 08 23 01 10 260  3.0  4.0   0.8    MM   5.4 202 1012.1  22.7  23.2  19.5   MM   MM    MM
2026 08 23 01 00 260  3.0  4.0    MM    MM    MM  MM 1012.0  22.7  23.3  19.0   MM -1.3    MM
2026 08 23 00 50 270  4.0  4.0   0.8    15   5.1 176 1012.0  22.6  23.2  18.8   MM   MM    MM
2026 08 23 00 40 270  4.0  5.0    MM    MM    MM  MM 1012.0  22.6  23.3  19.0   MM   MM    MM
2026 08 23 00 30 270  4.0  5.0    MM    MM    MM  MM 1012.1  22.6    MM  19.2   MM   MM    MM
2026 08 23 00 20 280  4.0  5.0   0.9    15   5.3 184 1012.2  22.3  23.4  19.0   MM   MM    MM
2026 08 23 00 10 280  4.0  5.0   0.9    MM   5.3 184 1012.1  22.3  23.4  19.6   MM   MM    MM
2026 08 23 00 00 280  5.0  6.0    MM    MM    MM  MM 1012.1  22.2  23.5  19.5   MM -1.9    MM
2026 08 22 23 50 280  5.0  6.0   0.8    15   5.5 222 1012.1  22.2  23.5  19.7   MM   MM    MM
2026 08 22 23 40 280  5.0  6.0    MM    MM    MM  MM 1012.2  22.2  23.6  19.9   MM   MM    MM
2026 08 22 23 20 280  5.0  6.0   0.8    15   5.8 192 1012.1  22.4  23.5  20.6   MM   MM    MM
2026 08 22 23 10 280  5.0  7.0   0.8    MM   5.8 192 1012.1  22.5  23.2  20.8   MM   MM    MM
2026 08 22 23 00 280  5.0  6.0    MM    MM    MM  MM 1012.2  22.7  23.2  21.0   MM -2.4    MM
2026 08 22 22 50 280  5.0  5.0   0.8    15   5.7 200 1012.4  22.7  22.9  20.9   MM   MM    MM
2026 08 22 22 40 280  5.0  5.0   0.8    MM   5.7 200 1012.6  22.6  22.9  20.7   MM   MM    MM
2026 08 22 22 30 280  4.0  5.0    MM    MM    MM  MM 1012.7  22.5  22.9  20.6   MM   MM    MM
2026 08 22 22 20 280  4.0  5.0   0.7    17   5.5 183 1013.1  22.4  22.8  20.6   MM   MM    MM
2026 08 22 22 10 280  3.0  4.0   0.7    MM   5.5 183 1013.3  22.4  22.9  20.7   MM   MM    MM
2026 08 22 22 00 280  4.0  4.0    MM    MM    MM  MM 1013.3  22.4  22.9  20.8   MM -1.5    MM
2026 08 22 21 50 280  3.0  4.0   0.8    15   5.7 251 1013.5  22.3  22.9  20.8   MM   MM    MM
2026 08 22 21 40 280  3.0  4.0   0.8    MM   5.7 251 1013.7  22.3  23.0  20.7   MM   MM    MM
2026 08 22 21 30 270  2.0  3.0    MM    MM    MM  MM 1013.8  22.2  22.9  20.6   MM   MM    MM
2026 08 22 21 20 280  2.0  3.0   0.7    16   5.6 167 1014.0  22.2  23.0  20.7   MM   MM    MM
2026 08 22 21 10 280  2.0  3.0    MM    MM    MM  MM 1014.1  22.2  23.1  20.8   MM   MM    MM
2026 08 22 21 00 270  3.0  3.0    MM    MM    MM  MM 1014.0  22.2  22.9  20.8   MM -1.1    MM
2026 08 22 20 50 270  3.0  3.0   0.8    15   5.9 175 1014.2  22.2  23.0  20.8   MM   MM    MM
2026 08 22 20 40 260  3.0  3.0    MM    MM    MM  MM 1014.3  22.1  23.1  20.8   MM   MM    MM
2026 08 22 20 30 260  2.0  3.0    MM    MM    MM  MM 1014.4  22.0  23.1  20.7   MM   MM    MM
2026 08 22 20 20 260  2.0  3.0   0.8    15   6.0 250 1014.4  22.0  23.1  20.7   MM   MM    MM
2026 08 22 20 10 270  2.0  2.0    MM    MM    MM  MM 1014.4  22.0  23.1  20.7   MM   MM    MM
2026 08 22 20 00 260  2.0  2.0   0.8    MM   6.0 250 1014.5  22.0  22.7  20.7   MM -0.5    MM
2026 08 22 19 50 250  1.0  2.0   0.7    15   5.9 199 1014.6  22.0  22.7  20.6   MM   MM    MM
2026 08 22 19 40 260  1.0  2.0   0.7    MM   5.9 199 1014.6  22.1  22.6  20.7   MM   MM    MM
2026 08 22 19 30 270  1.0  1.0    MM    MM    MM  MM 1014.7  22.1  22.8  20.7   MM   MM    MM
2026 08 22 19 20  MM  0.0  1.0   0.7    15   5.8 182 1014.9  22.0  22.6  20.6   MM   MM    MM
2026 08 22 19 10  MM  0.0  1.0    MM    MM    MM  MM 1014.9  21.9  22.6  20.7   MM   MM    MM
2026 08 22 19 00 330  1.0  1.0    MM    MM    MM  MM 1014.9  21.8  22.6  20.6   MM +0.0    MM
2026 08 22 18 50 360  1.0  2.0   0.7    MM   5.6 167 1015.3  21.7  22.6  20.5   MM   MM    MM
2026 08 22 18 40 350  1.0  2.0    MM    MM    MM  MM 1015.0  21.7  22.6  20.6   MM   MM    MM
2026 08 22 18 30 340  1.0  2.0    MM    MM    MM  MM 1015.0  21.7  22.6  20.5   MM   MM    MM
2026 08 22 18 20 360  1.0  2.0   0.7    13   5.3 169 1014.9  21.8  22.6  20.6   MM   MM    MM
2026 08 22 18 10 360  1.0  1.0   0.7    MM   5.3 169 1015.1  21.8  22.5  20.6   MM   MM    MM
2026 08 22 18 00 350  1.0  2.0    MM    MM    MM  MM 1015.1  21.7  22.6  20.5   MM +0.4    MM
2026 08 22 17 50 360  1.0  2.0   0.7    13   5.7 204 1015.2  21.8  22.6  20.6   MM   MM    MM
2026 08 22 17 40 350  1.0  2.0    MM    MM    MM  MM 1015.2  21.8  22.5  20.6   MM   MM    MM
2026 08 22 17 30 340  2.0  2.0    MM    MM    MM  MM 1015.1  21.9  22.5  20.6   MM   MM    MM
2026 08 22 17 20 350  1.0  2.0   0.8    16   5.8 214 1015.0  21.9  22.4  20.3   MM   MM    MM
2026 08 22 17 10  10  1.0  2.0   0.8    MM   5.8 214 1015.0  21.9    MM  20.2   MM   MM    MM
2026 08 22 17 00  10  1.0  2.0    MM    MM    MM  MM 1015.1  22.0  22.4  20.2   MM +0.7    MM
2026 08 22 16 50  20  1.0  2.0   0.8    15   6.1  89 1015.1  21.9  22.4  20.1   MM   MM    MM
2026 08 22 16 40  30  1.0  2.0    MM    MM    MM  MM 1015.0  21.9  22.3  20.1   MM   MM    MM
2026 08 22 16 30  20  1.0  2.0    MM    MM    MM  MM 1015.1  21.9  22.3  20.1   MM   MM    MM
2026 08 22 16 20  40  1.0  2.0   0.8    16   5.7 150 1015.0  21.9  22.3  20.2   MM   MM    MM
2026 08 22 16 10  40  2.0  2.0   0.8    MM   5.7 150 1015.0  21.8  22.2  20.1   MM   MM    MM
2026 08 22 16 00  40  1.0  2.0    MM    MM    MM  MM 1015.0  21.9  22.2  20.2   MM +1.3    MM
2026 08 22 15 50  40  1.0  2.0   0.9    14   5.7 162 1015.0  21.8  22.2  20.1   MM   MM    MM
2026 08 22 15 40  30  1.0  2.0    MM    MM    MM  MM 1015.0  21.9  22.2  20.1   MM   MM    MM
2026 08 22 15 30  60  2.0  2.0    MM    MM    MM  MM 1015.0  21.9  22.2  20.1   MM   MM    MM
2026 08 22 15 20  60  2.0  2.0   0.8     7   5.5 260 1014.9  21.9  22.2  20.1   MM   MM    MM
2026 08 22 15 10  50  1.0  2.0   0.8    MM   5.5 260 1014.9  21.8  22.1  20.0   MM   MM    MM
2026 08 22 15 00  50  2.0  2.0    MM    MM    MM  MM 1014.8  21.8  22.1  19.9   MM +1.3    MM
2026 08 22 14 50  60  2.0  2.0   0.8    15   5.7 204 1014.8  21.7  22.1  19.8   MM   MM    MM
2026 08 22 14 40  70  2.0  2.0    MM    MM    MM  MM 1014.8  21.6  22.1  19.8   MM   MM    MM
2026 08 22 14 30  70  2.0  2.0    MM    MM    MM  MM 1014.6  21.5  22.1  19.7   MM   MM    MM
2026 08 22 14 20  70  2.0  2.0   0.8    16   5.7 233 1014.6  21.4  22.1  19.8   MM   MM    MM
2026 08 22 14 10  70  1.0  2.0   0.8    MM   5.7 233 1014.3  21.3  22.1  19.8   MM   MM    MM
2026 08 22 14 00  60  1.0  2.0    MM    MM    MM  MM 1014.3  21.2  22.1  19.8   MM +1.0    MM
2026 08 22 13 50  70  1.0  1.0   0.8    13   5.8 205 1014.3  21.0  22.2  19.7   MM   MM    MM
2026 08 22 13 40  80  1.0  1.0   0.8    MM   5.8 205 1014.1  21.0  22.2  19.8   MM   MM    MM
2026 08 22 13 30  90  1.0  1.0    MM    MM    MM  MM 1014.0  20.9  22.2  19.7   MM   MM    MM
2026 08 22 13 20  90  1.0  1.0   0.9    16   6.1 104 1013.8  20.9  22.1  19.7   MM   MM    MM
2026 08 22 13 10  90  1.0  1.0   0.9    MM   6.1 104 1013.8  21.0  22.1  19.7   MM   MM    MM
2026 08 22 13 00  90  1.0  2.0    MM    MM    MM  MM 1013.8  20.9  22.2  19.6   MM -0.0    MM
2026 08 22 12 50  90  1.0  2.0   0.8    13   5.7 165 1013.7  20.9  22.2  19.6   MM   MM    MM
2026 08 22 12 40  80  1.0  1.0    MM    MM    MM  MM 1013.7  20.8  22.2  19.5   MM   MM    MM
2026 08 22 12 30 100  1.0  1.0    MM    MM    MM  MM 1013.5  20.8  22.2  19.6   MM   MM    MM
2026 08 22 12 20 120  1.0  1.0   0.8    16   5.5  97 1013.4  20.8  22.2  19.6   MM   MM    MM
2026 08 22 12 10 110  1.0  2.0   0.8    MM   5.5  97 1013.3  20.8  22.2  19.6   MM   MM    MM
2026 08 22 12 00 110  2.0  2.0    MM    MM    MM  MM 1013.4  20.8  22.2  19.6   MM -0.4    MM
2026 08 22 11 50 120  1.0  2.0   0.8    16   5.5 171 1013.4  20.8  22.3  19.7   MM   MM    MM
2026 08 22 11 40 140  1.0  1.0    MM    MM    MM  MM 1013.3  20.7  22.2  19.6   MM   MM    MM
2026 08 22 11 30 170  1.0  1.0    MM    MM    MM  MM 1013.3  20.7  22.2  19.6   MM   MM    MM
2026 08 22 11 20 180  1.0  2.0   0.8     5   5.4 262 1013.3  20.7  22.2  19.6   MM   MM    MM
2026 08 22 11 10 180  1.0  2.0   0.8    MM   5.4 262 1013.2  20.7  22.2  19.6   MM   MM    MM
2026 08 22 11 00 170  1.0  2.0    MM    MM    MM  MM 1013.3  20.8  22.2  19.7   MM -0.9    MM
2026 08 22 10 50 180  1.0  2.0   0.9    13   5.8 210 1013.3  20.9  22.2  19.8   MM   MM    MM
2026 08 22 10 40 180  1.0  2.0    MM    MM    MM  MM 1013.3  20.9  22.1  19.7   MM   MM    MM
2026 08 22 10 30 170  1.0  2.0    MM    MM    MM  MM 1013.5  21.1  22.0  19.9   MM   MM    MM
2026 08 22 10 20 150  1.0  2.0   0.8    16   5.5 197 1013.6  21.2  21.9  19.9   MM   MM    MM
2026 08 22 10 10 160  1.0  2.0    MM    MM    MM  MM 1013.5  21.3  21.6  20.0   MM   MM    MM
2026 08 22 10 00 140  2.0  2.0    MM    MM    MM  MM 1013.5  21.3  21.7  19.9   MM -0.8    MM
2026 08 22 09 50 110  1.0  2.0   0.8    14   5.6 167 1013.4  21.3  21.8  19.8   MM   MM    MM
2026 08 22 09 40  80  1.0  1.0    MM    MM    MM  MM 1013.6  21.3  21.9  19.9   MM   MM    MM
2026 08 22 09 30  70  2.0  2.0    MM    MM    MM  MM 1013.5  21.3  22.0  19.9   MM   MM    MM
2026 08 22 09 20  70  2.0  2.0   0.8    16   5.7 209 1013.6  21.3  22.1  19.9   MM   MM    MM
2026 08 22 09 10  70  2.0  2.0   0.8    MM   5.7 209 1013.7  21.3  22.1  19.9   MM   MM    MM
2026 08 22 09 00  60  2.0  2.0    MM    MM    MM  MM 1013.8  21.3  22.3  19.8   MM -0.5    MM
2026 08 22 08 50  60  2.0  2.0   0.8    16   5.5 192 1013.8  21.3  22.3  19.8   MM   MM    MM
2026 08 22 08 40  70  2.0  2.0    MM    MM    MM  MM 1014.0  21.3  22.4  19.8   MM   MM    MM
2026 08 22 08 30  80  1.0  2.0    MM    MM    MM  MM 1014.0  21.2  22.4  19.7   MM   MM    MM
2026 08 22 08 20  90  1.0  2.0   0.9    16   5.6 174 1014.1  21.2  22.5  19.8   MM   MM    MM
2026 08 22 08 10 100  1.0  1.0    MM    MM    MM  MM 1014.2  21.2  22.2  19.7   MM   MM    MM
2026 08 22 08 00 110  1.0  1.0    MM    MM    MM  MM 1014.2  21.1  22.0  19.6   MM +0.0    MM
2026 08 22 07 50 100  1.0  2.0   0.9    MM   5.3 264 1014.2  21.2  22.1  19.7   MM   MM    MM
2026 08 22 07 40 100  1.0  1.0   0.9    MM   5.3 264 1014.3  21.2  22.1  19.7   MM   MM    MM
2026 08 22 07 30 120  1.0  1.0    MM    MM    MM  MM 1014.3  21.1  22.1  19.5   MM   MM    MM
2026 08 22 07 20 130  1.0  1.0   0.9    14   5.6 183 1014.2  21.1  22.1  19.5   MM   MM    MM
2026 08 22 07 10  MM  0.0  1.0   0.9    MM   5.6 183 1014.3  21.1  22.1  19.5   MM   MM    MM
2026 08 22 07 00  MM  0.0  0.0    MM    MM    MM  MM 1014.3  21.2  22.2  19.6   MM +0.6    MM
2026 08 22 06 50 240  1.0  1.0   0.8    14   5.0 174 1014.2  21.2  22.2  19.5   MM   MM    MM
2026 08 22 06 40 240  1.0  2.0    MM    MM    MM  MM 1014.2  21.2  22.2  19.5   MM   MM    MM
2026 08 22 06 30 210  1.0  2.0    MM    MM    MM  MM 1014.2  21.2  22.3  19.5   MM   MM    MM
2026 08 22 06 20 220  1.0  2.0   0.8    16   5.4 207 1014.1  21.2  22.3  19.6   MM   MM    MM
2026 08 22 06 10 190  1.0  2.0   0.8    MM   5.4 207 1014.2  21.3  22.3  19.7   MM   MM    MM
2026 08 22 06 00 220  1.0  1.0    MM    MM    MM  MM 1014.2  21.4  22.3  19.7   MM +0.9    MM
2026 08 22 05 50 240  1.0  1.0   0.8    13   5.4 148 1014.1  21.4  22.3  19.5   MM   MM    MM
2026 08 22 05 40 240  1.0  2.0   0.8    MM   5.4 148 1014.0  21.4  22.3  19.4   MM   MM    MM
2026 08 22 05 30 230  1.0  2.0    MM    MM    MM  MM 1014.1  21.5  22.3  19.5   MM   MM    MM
2026 08 22 05 20 230  2.0  2.0   0.8    13   5.0 187 1014.1  21.6  22.4  19.5   MM   MM    MM
2026 08 22 05 10 240  1.0  2.0   0.8    MM   5.0 187 1014.1  21.7  22.3  19.4   MM   MM    MM
2026 08 22 05 00 260  2.0  2.0    MM    MM    MM  MM 1014.2  21.7  22.4  19.3   MM +1.5    MM
2026 08 22 04 50 260  2.0  3.0   0.8    12   5.1 204 1014.2  21.8  22.4  19.4   MM   MM    MM
2026 08 22 04 40 250  2.0  3.0    MM    MM    MM  MM 1014.2  21.8  22.4  19.3   MM   MM    MM
2026 08 22 04 30 260  3.0  3.0    MM    MM    MM  MM 1013.9  21.8  22.4  19.2   MM   MM    MM
2026 08 22 04 20 250  3.0  3.0   0.8    14   5.4 208 1013.8  21.8  22.4  19.1   MM   MM    MM
2026 08 22 04 10 250  3.0  3.0   0.8    MM   5.4 208 1013.7  21.8  22.4  19.2   MM   MM    MM
2026 08 22 04 00 260  3.0  4.0    MM    MM    MM  MM 1013.7  21.9  22.5  19.4   MM +0.7    MM
2026 08 22 03 50 270  4.0  4.0   0.8    14   5.2 179 1013.5  21.8  22.5  19.3   MM   MM    MM
2026 08 22 03 40 270  4.0  5.0    MM    MM    MM  MM 1013.5  21.8  22.5  19.4   MM   MM    MM
2026 08 22 03 30 270  4.0  5.0    MM    MM    MM  MM 1013.4  21.7  22.5  19.5   MM   MM    MM
2026 08 22 03 20 270  4.0  4.0   0.8    16   5.0 187 1013.3  21.7  22.5  19.7   MM   MM    MM
2026 08 22 03 10 270  4.0  4.0   0.8    MM   5.0 187 1013.2  21.7  22.6  19.6   MM   MM    MM
2026 08 22 03 00 270  4.0  5.0    MM    MM    MM  MM 1013.3  21.6  22.6  19.5   MM +0.4    MM
2026 08 22 02 50 270  4.0  5.0   0.8    16   5.3 236 1013.3  21.8  22.6  19.8   MM   MM    MM
2026 08 22 02 40 270  4.0  5.0    MM    MM    MM  MM 1013.2  21.9  22.5  19.5   MM   MM    MM
2026 08 22 02 30 270  4.0  4.0    MM    MM    MM  MM 1013.2  21.9  22.7  19.1   MM   MM    MM
2026 08 22 02 20 270  4.0  5.0   0.8    16   5.5 237 1013.1  21.9  22.6  19.4   MM   MM    MM
2026 08 22 02 10 270  4.0  4.0    MM    MM    MM  MM 1012.9  21.9  22.7  19.6   MM   MM    MM
2026 08 22 02 00 270  4.0  5.0    MM    MM    MM  MM 1012.7  21.8  22.8  19.4   MM -0.8    MM
2026 08 22 01 50 270  4.0  5.0   0.8    13   5.8 214 1012.7  21.9  22.7  19.7   MM   MM    MM
2026 08 22 01 40 270  5.0  5.0    MM    MM    MM  MM 1012.8  21.9  22.6  19.8   MM   MM    MM
2026 08 22 01 30 260  4.0  5.0    MM    MM    MM  MM 1013.0  22.0  22.6  19.9   MM   MM    MM
2026 08 22 01 20 270  4.0  5.0   0.8    14   5.6 178 1013.0  22.1  22.5  20.0   MM   MM    MM
2026 08 22 01 10 270  4.0  5.0    MM    MM    MM  MM 1013.0  22.3  22.3  20.3   MM   MM    MM
2026 08 22 01 00 270  4.0  5.0    MM    MM    MM  MM 1013.0  22.3  22.7  20.2   MM -1.2    MM
2026 08 22 00 50 270  4.0  5.0   0.8    14   5.4 186 1013.1  22.3  22.6  20.2   MM   MM    MM
2026 08 22 00 40 280  4.0  5.0    MM    MM    MM  MM 1013.0  22.3  22.5  20.5   MM   MM    MM
2026 08 22 00 30 280  4.0  5.0    MM    MM    MM  MM 1013.0  22.3  22.6  20.5   MM   MM    MM
2026 08 22 00 20 280  4.0  5.0   0.7    14   5.6 254 1013.0  22.3  22.4  20.5   MM   MM    MM
2026 08 22 00 10 280  5.0  6.0   0.7    MM   5.6 254 1013.0  22.3  22.5  20.6   MM   MM    MM
2026 08 22 00 00 290  4.0  5.0    MM    MM    MM  MM 1013.0  22.3  22.4  20.6   MM -1.6    MM
2026 08 21 23 50 290  4.0  5.0   0.8    14   5.8 189 1013.1  22.3  22.1  20.6   MM   MM    MM
2026 08 21 23 40 290  4.0  5.0   0.8    MM   5.8 189 1013.2  22.3  22.1  20.5   MM   MM    MM
2026 08 21 23 30 290  4.0  5.0    MM    MM    MM  MM 1013.4  22.5  22.0  20.5   MM   MM    MM
2026 08 21 23 20 300  3.0  4.0   0.7    13   5.9 150 1013.4  22.4  22.5  20.4   MM   MM    MM
2026 08 21 23 10 300  4.0  4.0   0.7    MM   5.9 150 1013.5  22.3  21.9  20.3   MM   MM    MM
2026 08 21 23 00 310  4.0  4.0    MM    MM    MM  MM 1013.5  22.3  21.9  20.2   MM -1.3    MM
2026 08 21 22 50 300  3.0  4.0   0.7    12   5.9 203 1013.6  22.5  22.0  20.3   MM   MM    MM
2026 08 21 22 40 290  3.0  4.0    MM    MM    MM  MM 1013.6  22.5  22.8  20.4   MM   MM    MM
2026 08 21 22 30 290  3.0  4.0    MM    MM    MM  MM 1013.8  22.4  22.7  20.2   MM   MM    MM
2026 08 21 22 20 290  3.0  4.0   0.7    14   6.0 194 1013.8  22.3  22.9  20.0   MM   MM    MM
2026 08 21 22 10 290  3.0  4.0   0.7    MM   6.0 194 1014.0  22.3  22.7  20.0   MM   MM    MM
2026 08 21 22 00 290  3.0  4.0    MM    MM    MM  MM 1014.2  22.2  22.8  19.8   MM -1.2    MM
2026 08 21 21 50 290  3.0  4.0   0.7    14   5.9 195 1014.3  22.1  22.5  19.7   MM   MM    MM
2026 08 21 21 40 290  3.0  4.0    MM    MM    MM  MM 1014.4  22.0  22.1  19.7   MM   MM    MM
2026 08 21 21 30 300  3.0  4.0    MM    MM    MM  MM 1014.3  21.9  22.4  19.6   MM   MM    MM
2026 08 21 21 20 290  3.0  4.0   0.7    14   6.0 232 1014.4  21.8  22.2  19.6   MM   MM    MM
2026 08 21 21 10 300  3.0  4.0   0.7    MM   6.0 232 1014.5  21.8  22.0  19.7   MM   MM    MM
2026 08 21 21 00 290  3.0  4.0    MM    MM    MM  MM 1014.6  21.8  22.0  19.8   MM -0.7    MM
2026 08 21 20 50 290  3.0  4.0   0.8    13   6.1 220 1014.6  21.8  22.1  19.9   MM   MM    MM
2026 08 21 20 40 290  2.0  3.0   0.8    MM   6.1 220 1014.8  21.8  22.1  20.0   MM   MM    MM
2026 08 21 20 30 290  2.0  3.0    MM    MM    MM  MM 1014.8  21.8  22.1  20.1   MM   MM    MM
2026 08 21 20 20 290  2.0  3.0   0.7    13   5.3 267 1014.8  21.8  22.1  20.1   MM   MM    MM
2026 08 21 20 10 280  2.0  3.0   0.7    MM   5.3 267 1014.7  22.0  22.2  20.3   MM   MM    MM
2026 08 21 20 00 260  2.0  3.0    MM    MM    MM  MM 1014.8  22.0  22.2  20.2   MM -0.3    MM
2026 08 21 19 50 260  2.0  2.0   0.8    14   5.6 221 1014.9  22.1  22.2  20.2   MM   MM    MM
2026 08 21 19 40 250  1.0  2.0    MM    MM    MM  MM 1015.1  22.1  22.2  20.2   MM   MM    MM
2026 08 21 19 30 250  1.0  2.0    MM    MM    MM  MM 1015.1  22.1  22.3  20.2   MM   MM    MM
2026 08 21 19 20 260  1.0  2.0   0.8    MM   5.7 193 1015.3  22.1  22.3  20.2   MM   MM    MM
2026 08 21 19 10  MM   MM   MM   0.8    14   5.7 193     MM    MM    MM    MM   MM   MM    MM
2026 08 21 19 00 270  1.0  1.0    MM    MM    MM  MM 1015.4  21.9    MM  20.2   MM +0.3    MM
2026 08 21 18 50 290  1.0  1.0   0.8    13   5.6 130 1015.3  21.8  22.3  20.2   MM   MM    MM
2026 08 21 18 40 320  1.0  2.0   0.8    MM   5.6 130 1015.3  21.8  22.3  20.2   MM   MM    MM
2026 08 21 18 30 340  1.0  2.0    MM    MM    MM  MM 1015.3  21.9  22.3  20.3   MM   MM    MM
2026 08 21 18 20 350  1.0  2.0   0.7    14   5.7 180 1015.2  21.8  22.3  20.1   MM   MM    MM
2026 08 21 18 10 350  1.0  2.0   0.7    MM   5.7 180 1015.3  21.8  22.3  20.2   MM   MM    MM
2026 08 21 18 00 330  1.0  1.0    MM    MM    MM  MM 1015.4  21.7  22.3  20.1   MM +0.4    MM
2026 08 21 17 50 330  1.0  2.0   0.8    14   5.4 172 1015.4  21.8  22.3  20.1   MM   MM    MM
2026 08 21 17 40  MM  0.0  1.0    MM    MM    MM  MM 1015.4  21.9  22.3  20.1   MM   MM    MM
2026 08 21 17 30  MM  0.0  1.0    MM    MM    MM  MM 1015.3  22.0  22.2  20.2   MM   MM    MM
2026 08 21 17 20  MM  0.0  1.0   0.8    14   5.7 159 1015.4  22.0  22.2  20.2   MM   MM    MM
2026 08 21 17 10  MM  0.0  1.0   0.8    MM   5.7 159 1015.2  22.0  22.1  20.2   MM   MM    MM
2026 08 21 17 00  60  1.0  1.0    MM    MM    MM  MM 1015.2  22.2  22.1  20.2   MM +0.7    MM
2026 08 21 16 50  MM  0.0  1.0   0.7    14   5.4 173 1015.2  22.2  22.0  20.2   MM   MM    MM
2026 08 21 16 40  MM  0.0  1.0    MM    MM    MM  MM 1015.2  22.2  22.0  20.2   MM   MM    MM
2026 08 21 16 30  MM  0.0  1.0    MM    MM    MM  MM 1015.3  22.1  21.9  20.2   MM   MM    MM
2026 08 21 16 20  MM  0.0  0.0   0.8    13   5.5 191 1015.3  21.8  22.0  20.1   MM   MM    MM
2026 08 21 16 10  MM  0.0  1.0   0.8    MM   5.5 191 1015.3  21.6  22.0  20.0   MM   MM    MM
2026 08 21 16 00  MM  0.0  1.0    MM    MM    MM  MM 1015.2  21.5  22.0  20.1   MM +1.3    MM
2026 08 21 15 50 360  1.0  1.0   0.7    14   5.3 172 1015.1  21.3  22.0  20.0   MM   MM    MM
2026 08 21 15 40 330  1.0  2.0    MM    MM    MM  MM 1015.1  21.2  21.9  20.0   MM   MM    MM
2026 08 21 15 30 330  2.0  2.0    MM    MM    MM  MM 1015.0  21.2  21.9  20.0   MM   MM    MM
2026 08 21 15 20 350  2.0  2.0   0.8    13   5.5 205 1014.9  21.3  21.9  20.0   MM   MM    MM
2026 08 21 15 10 340  2.0  2.0   0.8    MM   5.5 205 1014.9  21.3  21.9  19.9   MM   MM    MM
2026 08 21 15 00 350  2.0  2.0    MM    MM    MM  MM 1015.0  21.3  21.9  19.9   MM +1.3    MM
2026 08 21 14 50 350  2.0  2.0   0.8    13   5.4 225 1014.9  21.2  21.9  19.8   MM   MM    MM
2026 08 21 14 40 360  2.0  2.0   0.8    MM   5.4 225 1014.9  21.2  21.9  19.9   MM   MM    MM
2026 08 21 14 30  10  2.0  2.0    MM    MM    MM  MM 1014.7  21.2  22.0  19.9   MM   MM    MM
2026 08 21 14 20 360  1.0  2.0   0.8    14   5.5 205 1014.6  21.0  22.0  19.7   MM   MM    MM
2026 08 21 14 10  20  2.0  2.0   0.8    MM   5.5 205 1014.5  21.0  21.9  19.7   MM   MM    MM
2026 08 21 14 00  10  2.0  3.0    MM    MM    MM  MM 1014.4  20.9  21.9  19.6   MM +1.0    MM
2026 08 21 13 50 360  2.0  2.0   0.9    14   5.5 181 1014.3  20.9  22.0  19.7   MM   MM    MM
2026 08 21 13 40 360  2.0  3.0   0.9    MM   5.5 181 1014.2  20.9  22.0  19.7   MM   MM    MM
2026 08 21 13 30 350  2.0  3.0    MM    MM    MM  MM 1014.2  20.8  22.1  19.6   MM   MM    MM
2026 08 21 13 20 350  2.0  3.0   0.9    14   5.6 198 1014.1  20.8  22.1  19.6   MM   MM    MM
2026 08 21 13 10 330  3.0  3.0   0.9    MM   5.6 198 1014.0  20.8  22.1  19.6   MM   MM    MM
2026 08 21 13 00 330  3.0  3.0    MM    MM    MM  MM 1013.8  20.8  22.1  19.5   MM +0.4    MM
2026 08 21 12 50 330  3.0  3.0   0.8    14   5.5 187 1013.8  20.9  22.1  19.6   MM   MM    MM
2026 08 21 12 40 330  2.0  3.0    MM    MM    MM  MM 1013.7  20.9  22.1  19.5   MM   MM    MM
2026 08 21 12 30 340  2.0  3.0    MM    MM    MM  MM 1013.8  20.9  22.1  19.5   MM   MM    MM
2026 08 21 12 20 340  2.0  3.0   0.8    14   5.8 213 1013.7  20.8  22.2  19.4   MM   MM    MM
2026 08 21 12 10 350  2.0  2.0   0.8    MM   5.8 213 1013.6  20.8  22.2  19.4   MM   MM    MM
2026 08 21 12 00 340  2.0  2.0    MM    MM    MM  MM 1013.5  20.8  22.2  19.4   MM +0.0    MM
2026 08 21 11 50 350  2.0  2.0   0.9    MM   5.9 197 1014.0  20.7  22.2  19.3   MM   MM    MM
2026 08 21 11 40 340  2.0  2.0   0.9    MM   5.9 197 1013.5  20.7  22.3  19.3   MM   MM    MM
2026 08 21 11 30 340  2.0  3.0    MM    MM    MM  MM 1013.5  20.6  22.3  19.3   MM   MM    MM
2026 08 21 11 20 340  2.0  3.0   0.8    14   5.6 237 1013.3  20.6  22.3  19.3   MM   MM    MM
2026 08 21 11 10 340  2.0  2.0   0.8    MM   5.6 237 1013.4  20.6  22.3  19.3   MM   MM    MM
2026 08 21 11 00 330  2.0  3.0    MM    MM    MM  MM 1013.4  20.6  22.3  19.3   MM -0.4    MM
2026 08 21 10 50 350  2.0  3.0   0.8    15   5.9 201 1013.5  20.7  22.3  19.4   MM   MM    MM
2026 08 21 10 40 350  2.0  3.0    MM    MM    MM  MM 1013.4  20.7  22.3  19.3   MM   MM    MM
2026 08 21 10 30 350  2.0  3.0    MM    MM    MM  MM 1013.4  20.6  22.3  19.2   MM   MM    MM
2026 08 21 10 20 360  2.0  2.0   0.8    13   5.6 201 1013.5  20.6  22.3  19.1   MM   MM    MM
2026 08 21 10 10 350  2.0  3.0   0.8    MM   5.6 201 1013.5  20.6  22.3  19.2   MM   MM    MM
2026 08 21 10 00 350  2.0  3.0    MM    MM    MM  MM 1013.5  20.6  22.3  19.1   MM -0.6    MM
2026 08 21 09 50 350  2.0  2.0   0.9    15   5.9 196 1013.5  20.6  22.3  19.1   MM   MM    MM
2026 08 21 09 40 340  2.0  2.0    MM    MM    MM  MM 1013.4  20.7  22.3  19.2   MM   MM    MM
2026 08 21 09 30 340  2.0  3.0    MM    MM    MM  MM 1013.5  20.7  22.3  19.1   MM   MM    MM
2026 08 21 09 20 340  2.0  3.0   0.8    15   5.7 216 1013.5  20.8  22.3  19.1   MM   MM    MM
2026 08 21 09 10 360  1.0  2.0    MM    MM    MM  MM 1013.5  20.7  22.3  19.0   MM   MM    MM
2026 08 21 09 00 360  1.0  2.0    MM    MM    MM  MM 1013.6  20.8  22.3  19.1   MM +0.0    MM
2026 08 21 08 50  10  2.0  2.0   0.8    15   5.7 194 1013.7  20.8  22.3  19.1   MM   MM    MM
2026 08 21 08 40 340  2.0  2.0   0.8    MM   5.7 194 1013.8  20.8  22.3  19.1   MM   MM    MM
2026 08 21 08 30 330  1.0  2.0    MM    MM    MM  MM 1013.8  20.8  22.3  19.1   MM   MM    MM
2026 08 21 08 20 350  1.0  2.0   0.8    14   5.7 217 1013.9  20.9  22.3  19.2   MM   MM    MM
2026 08 21 08 10 330  1.0  2.0    MM    MM    MM  MM 1014.0  20.9  22.3  19.1   MM   MM    MM
2026 08 21 08 00 360  1.0  2.0    MM    MM    MM  MM 1013.8  20.8  22.3  19.0   MM +0.0    MM
2026 08 21 07 50 350  1.0  2.0   0.8    15   5.3 175 1013.8  20.8  22.3  19.0   MM   MM    MM
2026 08 21 07 40 340  2.0  2.0    MM    MM    MM  MM 1013.8  20.9  22.3  19.2   MM   MM    MM
2026 08 21 07 30 300  1.0  2.0    MM    MM    MM  MM 1013.8  20.8    MM  19.1   MM   MM    MM
2026 08 21 07 20 290  1.0  2.0   0.8    14   5.2 199 1013.9  20.8  22.3  19.1   MM   MM    MM
2026 08 21 07 10 270  1.0  2.0   0.8    MM   5.2 199 1013.9  20.8  22.3  19.1   MM   MM    MM
2026 08 21 07 00 240  1.0  2.0    MM    MM    MM  MM 1014.0  20.8    MM  19.1   MM +0.5    MM
2026 08 21 06 50 250  2.0  2.0   0.8    14   5.1 159 1013.8  20.8  22.3  19.1   MM   MM    MM
2026 08 21 06 40 250  2.0  2.0    MM    MM    MM  MM 1013.8  20.8  22.3  19.0   MM   MM    MM
2026 08 21 06 30 240  2.0  2.0    MM    MM    MM  MM 1013.9  20.9  22.3  19.1   MM   MM    MM
2026 08 21 06 20 240  2.0  2.0   0.8    14   5.3 188 1013.9  20.9  22.3  19.0   MM   MM    MM
2026 08 21 06 10 260  2.0  2.0   0.8    MM   5.3 188 1013.8  21.0  22.3  19.0   MM   MM    MM
2026 08 21 06 00 250  2.0  2.0    MM    MM    MM  MM 1013.7  21.0  22.3  18.8   MM +1.1    MM
2026 08 21 05 50 240  1.0  2.0   0.8    14   5.3 186 1013.8  21.0  22.2  18.9   MM   MM    MM
2026 08 21 05 40 230  1.0  1.0    MM    MM    MM  MM 1013.9  21.0  22.2  18.9   MM   MM    MM
2026 08 21 05 30 250  1.0  1.0    MM    MM    MM  MM 1013.9  20.9  22.2  18.9   MM   MM    MM
2026 08 21 05 20 240  1.0  2.0   0.8    14   5.3 178 1013.9  20.9  22.2  19.0   MM   MM    MM
2026 08 21 05 10 250  2.0  3.0   0.8    MM   5.3 178 1013.8  21.0  22.1  19.2   MM   MM    MM
2026 08 21 05 00 250  2.0  2.0    MM    MM    MM  MM 1013.6  20.9  22.1  19.2   MM +1.5    MM
2026 08 21 04 50 260  2.0  3.0   0.8    15   5.5 168 1013.6  20.9  22.1  19.2   MM   MM    MM
2026 08 21 04 40 250  2.0  3.0   0.8    MM   5.5 168 1013.5  20.9  22.1  19.3   MM   MM    MM
2026 08 21 04 30 250  3.0  3.0    MM    MM    MM  MM 1013.5  20.9  22.1  19.3   MM   MM    MM
2026 08 21 04 20 250  2.0  3.0   0.8    14   5.2 179 1013.5  20.9  22.1  19.3   MM   MM    MM
2026 08 21 04 10 250  3.0  3.0    MM    MM    MM  MM 1013.4  21.0  22.2  19.4   MM   MM    MM
2026 08 21 04 00 250  2.0  3.0    MM    MM    MM  MM 1013.5  21.0  22.2  19.3   MM +1.1    MM
2026 08 21 03 50 250  2.0  3.0   0.7    15   5.2 167 1013.4  21.0  22.3  19.3   MM   MM    MM
2026 08 21 03 40 250  2.0  3.0    MM    MM    MM  MM 1013.2  21.0  22.3  19.2   MM   MM    MM
2026 08 21 03 30 250  2.0  3.0    MM    MM    MM  MM 1013.2  21.1  22.4  19.3   MM   MM    MM
2026 08 21 03 20 260  3.0  4.0   0.8    13   4.9 217 1013.0  21.1  22.4  19.3   MM   MM    MM
2026 08 21 03 10 270  3.0  4.0   0.8    MM   4.9 217 1012.7  21.1  22.4  19.3   MM   MM    MM
2026 08 21 03 00 280  4.0  5.0    MM    MM    MM  MM 1012.6  21.2  22.5  19.4   MM -0.0    MM
2026 08 21 02 50 290  5.0  5.0   0.8    14   5.3 196 1012.4  21.2  22.4  19.4   MM   MM    MM
2026 08 21 02 40 280  4.0  5.0    MM    MM    MM  MM 1012.1  21.4  22.5  19.3   MM   MM    MM
2026 08 21 02 30 280  4.0  4.0    MM    MM    MM  MM 1012.2  21.4  22.4  18.8   MM   MM    MM
2026 08 21 02 20 280  4.0  5.0   0.7    15   5.1 184 1012.1  21.3  22.4  18.8   MM   MM    MM
2026 08 21 02 10 280  4.0  5.0   0.7    MM   5.1 184 1012.0  21.4  22.3  18.9   MM   MM    MM
2026 08 21 02 00 280  4.0  5.0    MM    MM    MM  MM 1012.1  21.3  22.3  18.8   MM -0.7    MM
2026 08 21 01 50 280  5.0  6.0   0.8    14   5.2 180 1012.1  21.3  22.4  19.1   MM   MM    MM
2026 08 21 01 40 270  5.0  6.0    MM    MM    MM  MM 1012.0  21.3  22.4  19.2   MM   MM    MM
2026 08 21 01 30 270  5.0  6.0    MM    MM    MM  MM 1012.1  21.1  22.4  19.1   MM   MM    MM
2026 08 21 01 20 280  5.0  5.0   0.7    14   5.0 223 1012.1  21.1  22.5  19.1   MM   MM    MM
2026 08 21 01 10 270  5.0  6.0   0.7    MM   5.0 223 1012.4  21.1  22.6  19.1   MM   MM    MM
2026 08 21 01 00 270  5.0  6.0    MM    MM    MM  MM 1012.4  21.1  22.7  19.3   MM -1.1    MM
2026 08 21 00 50 270  5.0  5.0   0.7    14   5.4 214 1012.4  21.2  22.8  19.7   MM   MM    MM
2026 08 21 00 40 270  4.0  5.0    MM    MM    MM  MM 1012.5  21.5  22.9  20.0   MM   MM    MM
2026 08 21 00 30 270  4.0  5.0    MM    MM    MM  MM 1012.4  21.6  22.9  19.9   MM   MM    MM
2026 08 21 00 20 270  5.0  5.0   0.8    15   5.6 239 1012.6  21.6  23.1  19.8   MM   MM    MM
2026 08 21 00 10 270  4.0  5.0   0.8    MM   5.6 239 1012.5  21.6  23.3  19.7   MM   MM    MM
2026 08 21 00 00 270  4.0  4.0    MM    MM    MM  MM 1012.7  21.5  23.5  19.7   MM -1.6    MM
2026 08 20 23 50 270  4.0  5.0   0.8    13   5.5 220 1012.7  21.4  23.5  19.6   MM   MM    MM
2026 08 20 23 40 280  4.0  5.0    MM    MM    MM  MM 1012.6  21.4  23.5  19.6   MM   MM    MM
2026 08 20 23 30 270  3.0  4.0    MM    MM    MM  MM 1012.6  21.3  23.3  19.5   MM   MM    MM
2026 08 20 23 20 270  3.0  4.0   0.8    15   5.8 198 1012.9  21.2  23.0  19.4   MM   MM    MM
2026 08 20 23 10 290  3.0  4.0   0.8    MM   5.8 198 1012.9  21.1  22.7  19.4   MM   MM    MM
2026 08 20 23 00 300  3.0  4.0    MM    MM    MM  MM 1013.0  21.1  22.6  19.4   MM -1.6    MM
2026 08 20 22 50 300  3.0  4.0   0.8    15   5.5 183 1013.1  21.1  22.4  19.4   MM   MM    MM
2026 08 20 22 40 300  3.0  4.0   0.8    MM   5.5 183 1013.1  21.1  22.3  19.5   MM   MM    MM
2026 08 20 22 30 300  3.0  4.0    MM    MM    MM  MM 1013.2  21.2  22.2  19.5   MM   MM    MM
2026 08 20 22 20 300  3.0  4.0   0.8    15   5.2 190 1013.3  21.2  22.2  19.5   MM   MM    MM
2026 08 20 22 10 300  3.0  3.0   0.8    MM   5.2 190 1013.5  21.1  22.2  19.5   MM   MM    MM
2026 08 20 22 00 300  3.0  3.0    MM    MM    MM  MM 1013.5  21.1  22.3  19.5   MM -1.5    MM
2026 08 20 21 50 300  2.0  3.0   0.9    13   5.6 179 1013.5  21.0  22.3  19.4   MM   MM    MM
2026 08 20 21 40 300  2.0  3.0    MM    MM    MM  MM 1013.7  20.9  22.3  19.3   MM   MM    MM
2026 08 20 21 30 310  2.0  3.0    MM    MM    MM  MM 1013.8  20.8  22.3  19.2   MM   MM    MM
2026 08 20 21 20 310  2.0  3.0   0.8    13   5.3 229 1013.9  20.7  22.3  19.1   MM   MM    MM
2026 08 20 21 10 320  1.0  2.0    MM    MM    MM  MM 1014.1  20.7  22.3  19.0   MM   MM    MM
2026 08 20 21 00 320  1.0  3.0    MM    MM    MM  MM 1014.3  20.7  22.3  19.0   MM -0.9    MM
2026 08 20 20 50 340  1.0  2.0   0.9    15   5.9 177 1014.3  20.6  22.3  18.9   MM   MM    MM
2026 08 20 20 40 320  1.0  2.0    MM    MM    MM  MM 1014.3  20.5  22.3  18.9   MM   MM    MM
2026 08 20 20 30  30  1.0  2.0    MM    MM    MM  MM 1014.4  20.5  22.3  18.9   MM   MM    MM
2026 08 20 20 20  20  1.0  3.0   0.8    14   5.7 166 1014.5  20.6  22.2  18.8   MM   MM    MM
2026 08 20 20 10  MM  0.0  2.0   0.8    MM   5.7 166 1014.5  20.5  22.2  18.8   MM   MM    MM
2026 08 20 20 00 350  1.0  2.0    MM    MM    MM  MM 1014.6  20.3  22.2  18.7   MM -0.4    MM
2026 08 20 19 50  MM  0.0  1.0   0.9    14   5.7 196 1014.6  20.2  22.2  18.6   MM   MM    MM
2026 08 20 19 40 290  1.0  2.0    MM    MM    MM  MM 1014.6  20.2  22.2  18.6   MM   MM    MM
2026 08 20 19 30 350  1.0  2.0    MM    MM    MM  MM 1014.7  20.1  22.2  18.6   MM   MM    MM
2026 08 20 19 20  20  1.0  2.0   0.9    14   5.6 183 1014.9  20.1  22.2  18.5   MM   MM    MM
2026 08 20 19 10  10  1.0  2.0   0.9    MM   5.6 183 1015.0  20.1  22.1  18.5   MM   MM    MM
2026 08 20 19 00 320  1.0  1.0    MM    MM    MM  MM 1015.1  20.3  22.1  18.6   MM +0.3    MM
2026 08 20 18 50  MM  0.0  1.0   0.7    MM   5.2 181 1015.1  20.4  22.1  18.6   MM   MM    MM
2026 08 20 18 40  MM   MM   MM   0.7    15   5.2 181     MM    MM    MM    MM   MM   MM    MM
2026 08 20 18 30  MM  0.0  1.0    MM    MM    MM  MM 1015.3  19.9  22.1  18.4   MM   MM    MM
2026 08 20 18 20 100  1.0  2.0   0.9    14   5.8 212 1015.3  19.8  22.1  18.5   MM   MM    MM
2026 08 20 18 10 100  1.0  2.0   0.9    MM   5.8 212 1015.4  19.8  22.1  18.5   MM   MM    MM
2026 08 20 18 00 120  1.0  1.0    MM    MM    MM  MM 1015.2  19.7    MM  18.5   MM +1.1    MM
2026 08 20 17 50  60  1.0  3.0   0.9    15   6.1 181 1015.1  19.5  22.1  18.4   MM   MM    MM
2026 08 20 17 40 110  2.0  3.0    MM    MM    MM  MM 1015.2  19.5  22.1  18.4   MM   MM    MM
2026 08 20 17 30 120  3.0  4.0    MM    MM    MM  MM 1015.1  19.5  22.1  18.5   MM   MM    MM
2026 08 20 17 20 100  2.0  4.0   0.9    14   5.8 190 1015.3  19.5  22.1  18.5   MM   MM    MM
2026 08 20 17 10 100  2.0  3.0   0.9    MM   5.8 190 1015.2  19.5  22.1  18.4   MM   MM    MM
2026 08 20 17 00 140  2.0  3.0    MM    MM    MM  MM 1015.1  19.5  22.1  18.6   MM +1.6    MM
2026 08 20 16 50 130  1.0  2.0   0.9    14   5.6 190 1015.1  19.4  22.1  18.5   MM   MM    MM
2026 08 20 16 40 120  3.0  4.0    MM    MM    MM  MM 1015.0  19.4  22.0  18.5   MM   MM    MM
2026 08 20 16 30 110  3.0  5.0    MM    MM    MM  MM 1014.9  19.6  22.0  18.7   MM   MM    MM
2026 08 20 16 20 120  2.0  4.0   0.9    14   5.6 205 1014.9  19.5  22.1  18.6   MM   MM    MM
2026 08 20 16 10  90  2.0  4.0   0.9    MM   5.6 205 1014.9  19.6  22.0  18.7   MM   MM    MM
2026 08 20 16 00 100  3.0  5.0    MM    MM    MM  MM 1014.7  19.7  22.0  18.7   MM +2.0    MM
2026 08 20 15 50 110  3.0  4.0   0.9    14   5.5 189 1014.6  19.8  22.0  18.8   MM   MM    MM
2026 08 20 15 40 100  3.0  4.0    MM    MM    MM  MM 1014.6  20.0  22.0  18.9   MM   MM    MM
2026 08 20 15 30  80  2.0  4.0    MM    MM    MM  MM 1014.4    MM  22.0    MM   MM   MM    MM
2026 08 20 15 10 110  2.0  4.0    MM    MM    MM  MM 1014.3  20.2  22.0  18.8   MM   MM    MM
2026 08 20 15 00 120  2.0  3.0    MM    MM    MM  MM 1014.2  20.2  22.0  18.8   MM +1.5    MM
2026 08 20 14 50 120  2.0  3.0   1.0    14   5.7 205 1014.0  20.2  21.9  18.9   MM   MM    MM
2026 08 20 14 40 120  2.0  3.0    MM    MM    MM  MM 1014.0  20.1  21.9  18.8   MM   MM    MM
2026 08 20 14 30 100  2.0  3.0    MM    MM    MM  MM 1013.9  20.1  21.9  18.7   MM   MM    MM
2026 08 20 14 20 110  2.0  3.0   0.9    15   5.3 249 1013.8  20.1  21.9  18.8   MM   MM    MM
2026 08 20 14 10 110  1.0  2.0   0.9    MM   5.3 249 1013.5  20.0  22.0  18.7   MM   MM    MM
2026 08 20 14 00 110  1.0  1.0    MM    MM    MM  MM 1013.3  20.0  22.0  18.7   MM +0.8    MM
2026 08 20 13 50  MM  0.0  1.0   1.0    15   5.6 202 1013.2  20.0  22.0  18.7   MM   MM    MM
2026 08 20 13 40 100  1.0  2.0   1.0    MM   5.6 202 1013.1  20.0  22.0  18.7   MM   MM    MM
2026 08 20 13 30  90  1.0  2.0    MM    MM    MM  MM 1012.9  19.9  22.1  18.6   MM   MM    MM
2026 08 20 13 20  90  1.0  2.0   1.0    15   5.6 197 1012.6  19.9  22.1  18.5   MM   MM    MM
2026 08 20 13 10 110  1.0  2.0   1.0    MM   5.6 197 1012.7  19.9  22.1  18.5   MM   MM    MM
2026 08 20 13 00 120  1.0  1.0    MM    MM    MM  MM 1012.7  19.8  22.2  18.4   MM +0.5    MM
2026 08 20 12 50  MM  0.0  1.0   1.0    15   5.4 209 1012.6  19.9  22.2  18.4   MM   MM    MM
2026 08 20 12 40  MM  0.0  1.0    MM    MM    MM  MM 1012.6  19.9  22.2  18.4   MM   MM    MM
2026 08 20 12 30 140  1.0  2.0    MM    MM    MM  MM 1012.6  19.9    MM  18.4   MM   MM    MM
2026 08 20 12 20 140  1.0  2.0   1.0    15   5.5 157 1012.7  19.9  22.2  18.4   MM   MM    MM
2026 08 20 12 10 170  1.0  2.0   1.0    MM   5.5 157 1012.6  19.9  22.2  18.3   MM   MM    MM
2026 08 20 12 00 160  1.0  2.0    MM    MM    MM  MM 1012.6  19.9  22.3  18.3   MM -0.0    MM
2026 08 20 11 50 150  2.0  2.0   0.9    15   5.4 203 1012.7  20.0  22.3  18.4   MM   MM    MM
2026 08 20 11 40 160  2.0  3.0    MM    MM    MM  MM 1012.6  20.0  22.3  18.4   MM   MM    MM
2026 08 20 11 30 150  1.0  2.0    MM    MM    MM  MM 1012.6  20.0  22.3  18.3   MM   MM    MM
2026 08 20 11 20  MM  0.0  1.0   0.9    14   5.4 173 1012.6  20.0  22.4  18.2   MM   MM    MM
2026 08 20 11 10  MM  0.0  1.0   0.9    MM   5.4 173 1012.6  19.9  22.4  18.0   MM   MM    MM
2026 08 20 11 00  MM  0.0  1.0    MM    MM    MM  MM 1012.5  19.9  22.4  18.0   MM -0.0    MM
2026 08 20 10 50 140  1.0  1.0   0.9    14   5.7 209 1012.6  19.9  22.4  18.0   MM   MM    MM
2026 08 20 10 40  MM  0.0  1.0    MM    MM    MM  MM 1012.7  19.9  22.5  18.0   MM   MM    MM
2026 08 20 10 30  MM  0.0  1.0    MM    MM    MM  MM 1012.5  19.9    MM  18.0   MM   MM    MM
2026 08 20 10 20 210  1.0  2.0   0.9    15   5.3 200 1012.5  19.9  22.5  18.0   MM   MM    MM
2026 08 20 10 10  MM  0.0  1.0   0.9    MM   5.3 200 1012.4  19.9  22.5  18.0   MM   MM    MM
2026 08 20 10 00 280  1.0  2.0    MM    MM    MM  MM 1012.2  19.9  22.5  18.0   MM +0.0    MM
2026 08 20 09 50 250  1.0  2.0   1.0    15   5.4 212 1012.3  19.9  22.5  17.9   MM   MM    MM
2026 08 20 09 40 270  2.0  3.0    MM    MM    MM  MM 1012.4  20.0  22.5  18.1   MM   MM    MM
2026 08 20 09 30 260  2.0  3.0    MM    MM    MM  MM 1012.4  19.9  22.5  17.8   MM   MM    MM
2026 08 20 09 20 250  2.0  3.0   1.0    15   5.5 194 1012.4  20.0  22.5  17.9   MM   MM    MM
2026 08 20 09 10 260  2.0  3.0    MM    MM    MM  MM 1012.5  20.1  22.5  17.8   MM   MM    MM
2026 08 20 09 00 270  2.0  3.0    MM    MM    MM  MM 1012.6  20.0  22.6  17.5   MM +0.3    MM
2026 08 20 08 50 250  2.0  3.0   1.0    14   5.0 159 1012.6  20.1  22.6  17.6   MM   MM    MM
2026 08 20 08 40 260  2.0  3.0    MM    MM    MM  MM 1012.4  20.1  22.6  17.5   MM   MM    MM
2026 08 20 08 30 250  2.0  3.0    MM    MM    MM  MM 1012.5  20.2  22.6  17.4   MM   MM    MM
2026 08 20 08 20 250  3.0  3.0   1.0    15   5.2 244 1012.5  20.3  22.6  17.4   MM   MM    MM
2026 08 20 08 10 250  2.0  3.0    MM    MM    MM  MM 1012.5  20.3  22.6  17.4   MM   MM    MM
2026 08 20 08 00 250  2.0  3.0    MM    MM    MM  MM 1012.6  20.4  22.6  17.6   MM +0.6    MM
2026 08 20 07 50 250  3.0  3.0   1.0    14   5.0 229 1012.6    MM    MM    MM   MM   MM    MM
2026 08 20 07 40 260  3.0  3.0    MM    MM    MM  MM 1012.8  20.5  22.6  17.8   MM   MM    MM
2026 08 20 07 30 260  2.0  3.0    MM    MM    MM  MM 1012.5  20.6  22.6  17.9   MM   MM    MM
2026 08 20 07 20 270  2.0  3.0   1.1    MM   5.0 170 1012.5  20.6  22.6  18.0   MM   MM    MM
2026 08 20 07 10  MM   MM   MM   1.1    15   5.0 170     MM    MM    MM    MM   MM   MM    MM
2026 08 20 07 00 270  2.0  3.0    MM    MM    MM  MM 1012.4  20.6    MM  18.2   MM +1.3    MM
2026 08 20 06 50 270  2.0  3.0   1.1    15   4.9 179 1012.5  20.6  22.6  18.4   MM   MM    MM
2026 08 20 06 40 270  3.0  4.0   1.1    MM   4.9 179 1012.4  20.6    MM  18.5   MM   MM    MM
2026 08 20 06 30 270  2.0  3.0    MM    MM    MM  MM 1012.5  20.7  22.6  18.7   MM   MM    MM
2026 08 20 06 20 310  2.0  3.0   1.2    15   4.8 209 1012.4  20.8  22.7  18.8   MM   MM    MM
2026 08 20 06 10 330  3.0  3.0    MM    MM    MM  MM 1012.5  20.8  22.7  18.9   MM   MM    MM
2026 08 20 06 00 330  3.0  4.0    MM    MM    MM  MM 1012.3  20.9  22.6  18.9   MM +1.6    MM
2026 08 20 05 50 330  4.0  5.0   1.2    MM   5.0 170 1012.6  21.0  22.6  19.0   MM   MM    MM
2026 08 20 05 40 320  3.0  4.0   1.2    MM   5.0 170 1012.1  21.4  22.7  19.3   MM   MM    MM
2026 08 20 05 30 310  3.0  4.0    MM    MM    MM  MM 1012.0  21.2  22.7  19.0   MM   MM    MM
2026 08 20 05 20 290  4.0  5.0   1.2     6   4.7 268 1011.9  21.0  22.7  19.0   MM   MM    MM
2026 08 20 05 10 280  4.0  5.0   1.2    MM   4.7 268 1012.0  20.8  22.7  19.1   MM   MM    MM
2026 08 20 05 00 270  5.0  7.0    MM    MM    MM  MM 1012.0  20.7  22.7  19.1   MM +1.5    MM
2026 08 20 04 50 260  6.0  7.0   1.2    14   4.6 228 1011.8  20.7  22.7  19.1   MM   MM    MM
2026 08 20 04 40 270  5.0  6.0    MM    MM    MM  MM 1011.6  20.9  22.7  19.3   MM   MM    MM
2026 08 20 04 30 270  5.0  6.0    MM    MM    MM  MM 1011.5  21.1  22.7  19.3   MM   MM    MM
2026 08 20 04 20 300  3.0  4.0   1.3    15   4.9 152 1011.3  21.3  22.7  19.4   MM   MM    MM
2026 08 20 04 10 310  4.0  4.0    MM    MM    MM  MM 1011.2  21.2  22.7  19.3   MM   MM    MM
2026 08 20 04 00 310  4.0  5.0    MM    MM    MM  MM 1011.1  21.2  22.7  19.3   MM +0.3    MM
2026 08 20 03 50 310  4.0  5.0   1.2    14   4.7 193 1011.1  21.3  22.7  19.4   MM   MM    MM
2026 08 20 03 40 310  5.0  6.0    MM    MM    MM  MM 1011.0  21.3  22.7  19.2   MM   MM    MM
2026 08 20 03 30 310  5.0  6.0    MM    MM    MM  MM 1010.8  21.3  22.7  19.1   MM   MM    MM
2026 08 20 03 20 310  5.0  5.0   1.2    16   4.6 231 1010.8  21.3  22.7  19.0   MM   MM    MM
2026 08 20 03 10 310  5.0  6.0   1.2    MM   4.6 231 1010.7  21.2  22.7  19.3   MM   MM    MM
2026 08 20 03 00 310  6.0  6.0    MM    MM    MM  MM 1010.6  21.2  22.7  19.2   MM +0.0    MM
2026 08 20 02 50 310  5.0  6.0   1.1    16   4.5 168 1010.5  21.1  22.8  19.2   MM   MM    MM
2026 08 20 02 40 320  5.0  6.0    MM    MM    MM  MM 1010.5  21.0  22.7  19.2   MM   MM    MM
2026 08 20 02 30 310  5.0  6.0    MM    MM    MM  MM 1010.5  21.1  22.7  19.4   MM   MM    MM
2026 08 20 02 20 290  5.0  6.0   1.1    15   4.7 187 1010.4  21.4  22.7  19.8   MM   MM    MM
2026 08 20 02 10 280  6.0  6.0   1.1    MM   4.7 187 1010.3  21.3  22.7  19.6   MM   MM    MM
2026 08 20 02 00 270  6.0  7.0    MM    MM    MM  MM 1010.4  21.3  22.7  19.6   MM -1.0    MM
2026 08 20 01 50 270  6.0  7.0   1.0    15   4.6 226 1010.4  21.3  22.7  19.4   MM   MM    MM
2026 08 20 01 40 270  6.0  7.0    MM    MM    MM  MM 1010.4  21.3  22.7  19.3   MM   MM    MM
2026 08 20 01 30 270  6.0  7.0    MM    MM    MM  MM 1010.4  21.5    MM  19.2   MM   MM    MM
2026 08 20 01 20 270  6.0  7.0   0.9    15   4.4 215 1010.5  21.6  22.7  19.1   MM   MM    MM
2026 08 20 01 10 270  6.0  7.0   0.9    MM   4.4 215 1010.7  21.5  22.8  18.9   MM   MM    MM
2026 08 20 01 00 270  6.0  7.0    MM    MM    MM  MM 1010.7  21.5  22.8  18.8   MM -1.2    MM
2026 08 20 00 50 270  7.0  8.0   1.0    14   5.1 211 1010.8  21.2  22.8  18.6   MM   MM    MM
2026 08 20 00 40 270  7.0  8.0    MM    MM    MM  MM 1010.8  21.1  22.8  19.2   MM   MM    MM
2026 08 20 00 30 270  7.0  8.0    MM    MM    MM  MM 1010.7  21.5  22.9  19.4   MM   MM    MM
2026 08 20 00 20 280  6.0  7.0   0.9    14   4.9 195 1010.8  21.8  22.9  19.2   MM   MM    MM
2026 08 20 00 10 280  6.0  7.0   0.9    MM   4.9 195 1010.8  21.6  22.8  18.9   MM   MM    MM
2026 08 20 00 00 280  6.0  7.0    MM    MM    MM  MM 1010.8  21.5  22.9  19.0   MM -1.9    MM
2026 08 19 23 50 270  6.0  7.0   0.8    14   4.8 189 1010.8  21.3  22.8  19.0   MM   MM    MM
2026 08 19 23 40 270  6.0  7.0   0.8    MM   4.8 189 1011.0  21.2  22.9  19.2   MM   MM    MM
2026 08 19 23 30 270  6.0  7.0    MM    MM    MM  MM 1011.1  21.2  22.9  19.1   MM   MM    MM
2026 08 19 23 20 270  6.0  7.0   0.8    14   5.2 221 1011.2  21.3  22.9  19.1   MM   MM    MM
2026 08 19 23 10 270  6.0  7.0   0.8    MM   5.2 221 1011.3  21.4  22.9  19.2   MM   MM    MM
2026 08 19 23 00 270  6.0  7.0    MM    MM    MM  MM 1011.5  21.4  22.9  19.3   MM -1.5    MM
2026 08 19 22 50 280  5.0  6.0   0.8    15   5.2 193 1011.6  21.5  22.9  19.2   MM   MM    MM
2026 08 19 22 40 280  5.0  6.0    MM    MM    MM  MM 1011.6  21.3  22.8  18.9   MM   MM    MM
2026 08 19 22 30 280  5.0  6.0    MM    MM    MM  MM 1011.8  21.3  22.8  19.1   MM   MM    MM
2026 08 19 22 20 280  5.0  5.0   0.8    15   5.5 216 1011.9  21.1  22.8  19.0   MM   MM    MM
2026 08 19 22 10 280  5.0  6.0   0.8    MM   5.5 216 1012.0  21.0  22.8  19.0   MM   MM    MM
2026 08 19 22 00 270  5.0  5.0    MM    MM    MM  MM 1012.1  20.9  22.8  19.0   MM -1.4    MM
2026 08 19 21 50 270  5.0  6.0   0.8    14   5.4 197 1012.1  20.8  22.8  18.9   MM   MM    MM
2026 08 19 21 40 260  5.0  6.0    MM    MM    MM  MM 1012.4  20.7  22.8  18.9   MM   MM    MM
2026 08 19 21 30 260  5.0  7.0    MM    MM    MM  MM 1012.7  20.7  22.8  19.0   MM   MM    MM
2026 08 19 21 20 260  5.0  6.0   0.8    15   5.2 294 1012.7  20.8  22.8  19.1   MM   MM    MM
2026 08 19 21 10 250  5.0  6.0    MM    MM    MM  MM 1012.7  20.8  22.7  19.0   MM   MM    MM
2026 08 19 21 00 250  4.0  5.0    MM    MM    MM  MM 1012.7  20.9  22.7  19.1   MM -0.9    MM
2026 08 19 20 50 250  4.0  5.0   0.8    15   5.7 220 1012.8  20.9  22.7  19.1   MM   MM    MM
2026 08 19 20 40 250  5.0  6.0    MM    MM    MM  MM 1012.8  20.8  22.7  19.0   MM   MM    MM
2026 08 19 20 30 250  5.0  6.0    MM    MM    MM  MM 1012.9  20.9  22.7  19.1   MM   MM    MM
2026 08 19 20 20 250  5.0  6.0   0.8    14   5.4 200 1012.9  21.2  22.6  19.2   MM   MM    MM
2026 08 19 20 10 270  3.0  5.0    MM    MM    MM  MM 1013.0  21.2  22.6  18.6   MM   MM    MM
2026 08 19 20 00 280  3.0  4.0    MM    MM    MM  MM 1013.1  21.2  22.6  18.7   MM -0.4    MM
2026 08 19 19 50 300  3.0  4.0   0.8    MM   5.3 176 1013.2  21.0  22.5  18.3   MM   MM    MM
2026 08 19 19 40  MM   MM   MM   0.8    15   5.3 176     MM    MM    MM    MM   MM   MM    MM
2026 08 19 19 30 300  3.0  4.0    MM    MM    MM  MM 1013.2  20.9  22.5  18.5   MM   MM    MM
2026 08 19 19 20 310  3.0  4.0   0.9    15   5.2 219 1013.2  20.9  22.4  18.6   MM   MM    MM
2026 08 19 19 10 320  2.0  3.0   0.9    MM   5.2 219 1013.2  20.8  22.4  18.3   MM   MM    MM
2026 08 19 19 00 320  3.0  3.0    MM    MM    MM  MM 1013.5  20.7  22.4  18.4   MM +0.0    MM
2026 08 19 18 50 310  3.0  4.0   0.9    14   5.5 190 1013.6  20.6  22.3  18.4   MM   MM    MM
2026 08 19 18 40 320  3.0  4.0    MM    MM    MM  MM 1013.6  20.5  22.3  18.3   MM   MM    MM
2026 08 19 18 30 320  3.0  4.0    MM    MM    MM  MM 1013.6  20.4  22.3  18.4   MM   MM    MM
2026 08 19 18 20 320  3.0  3.0   1.0    15   5.8 206 1013.7  20.4  22.3  18.5   MM   MM    MM
2026 08 19 18 10 330  3.0  3.0   1.0    MM   5.8 206 1013.7  20.3  22.3  18.5   MM   MM    MM
2026 08 19 18 00 330  3.0  4.0    MM    MM    MM  MM 1013.7  20.3  22.3  18.5   MM +0.4    MM
2026 08 19 17 50 330  3.0  4.0   1.0    15   5.6 185 1013.8  20.3  22.2  18.6   MM   MM    MM
2026 08 19 17 40 330  3.0  4.0    MM    MM    MM  MM 1013.8  20.3  22.2  18.7   MM   MM    MM
2026 08 19 17 30 330  3.0  4.0    MM    MM    MM  MM 1013.8  20.3  22.2  18.6   MM   MM    MM
2026 08 19 17 20 330  3.0  4.0   1.0    14   5.2 183 1013.8  20.3  22.2  18.6   MM   MM    MM
2026 08 19 17 10 330  3.0  4.0   1.0    MM   5.2 183 1013.6  20.2  22.1  18.5   MM   MM    MM
2026 08 19 17 00 330  4.0  4.0    MM    MM    MM  MM 1013.5  20.2  22.2  18.5   MM +0.4    MM
2026 08 19 16 50 330  3.0  4.0   1.1    16   5.3 206 1013.5  20.2    MM  18.6   MM   MM    MM
2026 08 19 16 40 340  4.0  5.0   1.1    MM   5.3 206 1013.4  20.2  22.1  18.5   MM   MM    MM
2026 08 19 16 30 350  4.0  5.0    MM    MM    MM  MM 1013.4  20.3  22.1  18.5   MM   MM    MM
2026 08 19 16 20 350  4.0  5.0   1.0     7   5.2 262 1013.5  20.3  22.1  18.5   MM   MM    MM
2026 08 19 16 10 340  4.0  5.0   1.0    MM   5.2 262 1013.4  20.3  22.1  18.7   MM   MM    MM
2026 08 19 16 00 350  4.0  5.0    MM    MM    MM  MM 1013.4  20.4  22.1  18.8   MM +1.3    MM
2026 08 19 15 50  10  4.0  5.0   1.0    14   5.6 187 1013.3  20.4  22.1  18.8   MM   MM    MM
2026 08 19 15 40  10  4.0  5.0    MM    MM    MM  MM 1013.2  20.3  22.1  18.9   MM   MM    MM
2026 08 19 15 30  10  4.0  5.0    MM    MM    MM  MM 1013.2  20.2  22.1  18.8   MM   MM    MM
2026 08 19 15 20 360  4.0  5.0   1.0    15   5.5 213 1013.2  20.2  22.1  18.9   MM   MM    MM
2026 08 19 15 10 360  4.0  5.0   1.0    MM   5.5 213 1013.3  20.3  22.1  19.0   MM   MM    MM
2026 08 19 15 00 360  4.0  5.0    MM    MM    MM  MM 1013.2  20.4  22.1  19.0   MM +1.0    MM
2026 08 19 14 50 360  3.0  4.0   1.0    16   5.4 228 1013.2  20.5  22.1  19.1   MM   MM    MM
2026 08 19 14 40  10  3.0  4.0    MM    MM    MM  MM 1013.2  20.4  22.1  18.9   MM   MM    MM
2026 08 19 14 30  10  3.0  4.0    MM    MM    MM  MM 1013.2  20.4  22.1  18.9   MM   MM    MM
2026 08 19 14 20 360  2.0  3.0   1.0    14   5.8 218 1013.1  20.5  22.1  19.1   MM   MM    MM
2026 08 19 14 10 360  3.0  4.0   1.0    MM   5.8 218 1013.0  20.5  22.1  19.0   MM   MM    MM
2026 08 19 14 00 350  3.0  4.0    MM    MM    MM  MM 1013.0  20.5  22.1  18.9   MM +1.2    MM
2026 08 19 13 50 350  3.0  4.0   1.0    15   5.6 173 1012.9  20.6  22.1  18.9   MM   MM    MM
2026 08 19 13 40 350  3.0  4.0    MM    MM    MM  MM 1012.7  20.6  22.1  18.8   MM   MM    MM
2026 08 19 13 30 340  3.0  4.0    MM    MM    MM  MM 1012.6  20.6  22.1  18.8   MM   MM    MM
2026 08 19 13 20 340  3.0  4.0   1.0    15   5.4 196 1012.4  20.6  22.2  18.5   MM   MM    MM
2026 08 19 13 10 340  2.0  3.0   1.0    MM   5.4 196 1012.1  20.4  22.2  18.1   MM   MM    MM
2026 08 19 13 00 350  2.0  3.0    MM    MM    MM  MM 1012.1  20.3  22.2  17.9   MM +0.0    MM
2026 08 19 12 50 360  2.0  3.0   1.0    14   5.4 207 1012.1  20.3  22.2  17.8   MM   MM    MM
2026 08 19 12 40 360  2.0  3.0    MM    MM    MM  MM 1012.1  20.3  22.2  17.8   MM   MM    MM
2026 08 19 12 30  20  1.0  2.0    MM    MM    MM  MM 1012.1  20.2  22.2  17.7   MM   MM    MM
2026 08 19 12 20  40  1.0  2.0   1.0    14   5.3 210 1012.2  20.1  22.3  17.7   MM   MM    MM
2026 08 19 12 10  MM  0.0  1.0    MM    MM    MM  MM 1012.2  20.1  22.3  17.8   MM   MM    MM
2026 08 19 12 00  MM  0.0  1.0    MM    MM    MM  MM 1012.2  20.0  22.3  17.7   MM -0.0    MM
2026 08 19 11 50  MM  0.0  1.0   1.0    15   5.4 197 1012.2  20.0  22.3  17.7   MM   MM    MM
2026 08 19 11 40 150  1.0  2.0    MM    MM    MM  MM 1012.2  20.1  22.3  17.8   MM   MM    MM
2026 08 19 11 30 170  2.0  2.0    MM    MM    MM  MM 1012.2  20.0  22.3  17.6   MM   MM    MM
2026 08 19 11 20 180  2.0  3.0   1.0    15   5.5 199 1012.3  20.1  22.3  17.6   MM   MM    MM
2026 08 19 11 10 180  2.0  3.0   1.0    MM   5.5 199 1012.1  20.0  22.3  17.4   MM   MM    MM
2026 08 19 11 00 200  2.0  3.0    MM    MM    MM  MM 1011.8  20.0  22.3  17.4   MM -0.5    MM
2026 08 19 10 50 200  3.0  4.0   1.0    15   5.4 180 1011.9  20.0  22.3  17.5   MM   MM    MM
2026 08 19 10 40 200  3.0  4.0    MM    MM    MM  MM 1012.1  20.1  22.3  17.6   MM   MM    MM
2026 08 19 10 30 200  3.0  4.0    MM    MM    MM  MM 1012.1  20.0  22.3  17.3   MM   MM    MM
2026 08 19 10 20 200  3.0  3.0   0.9    13   5.3 197 1012.1  20.0  22.3  17.3   MM   MM    MM
2026 08 19 10 10 220  3.0  4.0   0.9    MM   5.3 197 1012.0  20.1  22.3  17.3   MM   MM    MM
2026 08 19 10 00 240  3.0  4.0    MM    MM    MM  MM 1012.0  20.1  22.3  17.2   MM -0.6    MM
2026 08 19 09 50 240  3.0  4.0   1.0    14   5.4 170 1012.0  20.2  22.3  17.2   MM   MM    MM
2026 08 19 09 40 240  3.0  4.0    MM    MM    MM  MM 1012.2  20.1  22.3  17.0   MM   MM    MM
2026 08 19 09 30 240  3.0  3.0    MM    MM    MM  MM 1012.1  20.1  22.3  17.2   MM   MM    MM
2026 08 19 09 20 250  3.0  3.0   1.0    14   5.4 211 1012.1  20.1  22.2  17.3   MM   MM    MM
2026 08 19 09 10 260  3.0  4.0   1.0    MM   5.4 211 1012.1  20.1  22.3  17.2   MM   MM    MM
2026 08 19 09 00 260  3.0  4.0    MM    MM    MM  MM 1012.1  20.1  22.3  17.0   MM -0.5    MM
2026 08 19 08 50 250  3.0  4.0   1.1    14   5.3 198 1012.1  20.1  22.3  17.3   MM   MM    MM
2026 08 19 08 40 250  4.0  5.0   1.1    MM   5.3 198 1012.1  20.0  22.2  17.2   MM   MM    MM
2026 08 19 08 30 250  4.0  5.0    MM    MM    MM  MM 1012.2  20.2  22.2  17.6   MM   MM    MM
2026 08 19 08 20 250  4.0  5.0   1.1    14   5.1 219 1012.3  20.2  22.2  17.5   MM   MM    MM
2026 08 19 08 10 260  4.0  5.0    MM    MM    MM  MM 1012.4  20.3  22.3  17.5   MM   MM    MM
2026 08 19 08 00 260  5.0  6.0    MM    MM    MM  MM 1012.3  20.4  22.2  17.4   MM +0.0    MM
2026 08 19 07 50 260  5.0  6.0   1.2    MM   5.2 202 1012.2  20.5  22.3  17.2   MM   MM    MM
2026 08 19 07 40  MM   MM   MM   1.2    14   5.2 202     MM    MM    MM    MM   MM   MM    MM
2026 08 19 07 30 250  4.0  6.0    MM    MM    MM  MM 1012.4  20.7  22.3  18.1   MM   MM    MM
2026 08 19 07 20 240  3.0  4.0   1.2    16   5.0 234 1012.5  20.8  22.3  18.6   MM   MM    MM
2026 08 19 07 10 210  1.0  3.0    MM    MM    MM  MM 1012.6  20.8  22.3  18.9   MM   MM    MM
2026 08 19 07 00 230  1.0  2.0    MM    MM    MM  MM 1012.7  20.8  22.3  18.9   MM +0.7    MM
2026 08 19 06 50 210  1.0  2.0   1.4    14   5.0 218 1012.6  20.8  22.3  18.9   MM   MM    MM
2026 08 19 06 40 230  1.0  2.0   1.4    MM   5.0 218 1012.6  20.9  22.3  19.0   MM   MM    MM
2026 08 19 06 30 250  2.0  3.0    MM    MM    MM  MM 1012.6  21.0  22.3  18.9   MM   MM    MM
2026 08 19 06 20 270  1.0  2.0   1.4     6   5.0 264 1012.6  21.0  22.3  18.6   MM   MM    MM
2026 08 19 06 10 320  2.0  3.0   1.4    MM   5.0 264 1012.7  21.0  22.3  18.7   MM   MM    MM
2026 08 19 06 00 320  2.0  3.0    MM    MM    MM  MM 1012.6  20.9  22.3  18.6   MM +0.8    MM
2026 08 19 05 50 310  2.0  3.0   1.5     6   4.8 262 1012.6  21.0  22.4  19.0   MM   MM    MM
2026 08 19 05 40 270  2.0  3.0    MM    MM    MM  MM 1012.7  20.9  22.4  18.9   MM   MM    MM
2026 08 19 05 30 270  2.0  3.0    MM    MM    MM  MM 1012.7  20.9  22.4  18.8   MM   MM    MM
2026 08 19 05 20 270  3.0  3.0   1.4     5   4.8 264 1012.6  20.9  22.4  18.9   MM   MM    MM
2026 08 19 05 10 270  3.0  4.0   1.4    MM   4.8 264 1012.5  20.8  22.4  18.8   MM   MM    MM
2026 08 19 05 00 270  4.0  5.0    MM    MM    MM  MM 1012.4  20.7  22.4  18.9   MM +0.5    MM
2026 08 19 04 50 260  4.0  5.0   1.4     5   4.9 278 1012.4  20.7  22.4  19.0   MM   MM    MM
2026 08 19 04 40 270  5.0  5.0    MM    MM    MM  MM 1012.4  20.7  22.4  19.0   MM   MM    MM
2026 08 19 04 30 280  5.0  7.0    MM    MM    MM  MM 1012.2  20.8  22.4  19.2   MM   MM    MM
2026 08 19 04 20 270  6.0  6.0   1.5     5   4.9 272 1012.1  21.0  22.4  19.2   MM   MM    MM
2026 08 19 04 10 270  6.0  7.0    MM    MM    MM  MM 1012.1  20.9  22.4  19.3   MM   MM    MM
2026 08 19 04 00 270  6.0  7.0    MM    MM    MM  MM 1012.0  21.0  22.4  19.5   MM +0.0    MM
2026 08 19 03 50 270  6.0  7.0   1.4    14   4.9 214 1011.9  21.1  22.5  19.7   MM   MM    MM
2026 08 19 03 40 270  5.0  6.0    MM    MM    MM  MM 1011.9  21.3  22.4  19.8   MM   MM    MM
2026 08 19 03 30 270  6.0  6.0    MM    MM    MM  MM 1011.8  21.3  22.5  19.8   MM   MM    MM
2026 08 19 03 20 270  6.0  7.0   1.4    15   4.9 204 1011.9  21.4  22.5  19.9   MM   MM    MM
2026 08 19 03 10 270  5.0  6.0   1.4    MM   4.9 204 1011.8  21.5  22.5  19.9   MM   MM    MM
2026 08 19 03 00 270  5.0  6.0    MM    MM    MM  MM 1011.8  21.4  22.5  19.8   MM -0.5    MM
2026 08 19 02 50 270  5.0  6.0   1.2    14   4.7 245 1011.8  21.2  22.5  19.5   MM   MM    MM
2026 08 19 02 40 270  6.0  7.0    MM    MM    MM  MM 1011.9  21.1  22.5  19.3   MM   MM    MM
2026 08 19 02 30 260  6.0  7.0    MM    MM    MM  MM 1011.8  21.3  22.5  19.5   MM   MM    MM
2026 08 19 02 20 260  6.0  7.0   1.1    15   4.7 210 1011.7  21.4  22.5  19.5   MM   MM    MM
2026 08 19 02 10 270  5.0  6.0    MM    MM    MM  MM 1011.7  21.8  22.5  19.9   MM   MM    MM
2026 08 19 02 00 270  4.0  5.0    MM    MM    MM  MM 1011.8  21.7  22.5  19.6   MM -1.0    MM
2026 08 19 01 50 280  4.0  5.0   1.1    15   4.8 241 1011.9  21.8  22.5  19.7   MM   MM    MM
2026 08 19 01 40 270  5.0  7.0    MM    MM    MM  MM 1012.0  21.7  22.5  19.2   MM   MM    MM
2026 08 19 01 30 260  7.0  8.0    MM    MM    MM  MM 1012.0  21.4  22.5  18.7   MM   MM    MM
2026 08 19 01 20 270  7.0  9.0   1.0    15   4.9 181 1011.9  21.4  22.5  18.6   MM   MM    MM
2026 08 19 01 10 270  7.0  9.0   1.0    MM   4.9 181 1011.9  21.4  22.6  18.8   MM   MM    MM
2026 08 19 01 00 260  6.0  8.0    MM    MM    MM  MM 1011.9  21.9  22.6  19.6   MM -1.7    MM
2026 08 19 00 50 250  5.0  6.0   0.9    14   5.2 180 1012.0  21.8  22.7  19.2   MM   MM    MM
2026 08 19 00 40 260  5.0  6.0    MM    MM    MM  MM 1012.1  21.9  22.7  19.6   MM   MM    MM
2026 08 19 00 30 260  4.0  5.0    MM    MM    MM  MM 1012.1  21.9    MM  19.6   MM   MM    MM
2026 08 19 00 20 270  4.0  5.0   0.9    14   5.2 206 1012.1  21.9  22.7  19.6   MM   MM    MM
2026 08 19 00 10 290  3.0  4.0   0.9    MM   5.2 206 1012.3  21.8  22.7  19.5   MM   MM    MM
2026 08 19 00 00 300  4.0  4.0    MM    MM    MM  MM 1012.4  21.8  22.7  19.7   MM -1.7    MM
2026 08 18 23 50 300  4.0  5.0   1.0    14   5.2 191 1012.4  21.8  22.9  19.7   MM   MM    MM
2026 08 18 23 40 290  4.0  5.0    MM    MM    MM  MM 1012.6  21.6  23.1  19.5   MM   MM    MM
2026 08 18 23 30 280  4.0  6.0    MM    MM    MM  MM 1012.6  21.6  23.1  19.5   MM   MM    MM
2026 08 18 23 20 280  5.0  6.0   1.0    15   5.2 187 1012.7  21.7  23.1  19.7   MM   MM    MM
2026 08 18 23 10 280  5.0  6.0   1.0    MM   5.2 187 1012.7  21.6  23.2  19.6   MM   MM    MM
2026 08 18 23 00 280  5.0  6.0    MM    MM    MM  MM 1012.7  21.6  23.1  19.6   MM -1.8    MM
2026 08 18 22 50 280  4.0  5.0   1.0    14   5.6 191 1012.8  21.6  23.1  19.7   MM   MM    MM
2026 08 18 22 40 280  5.0  6.0    MM    MM    MM  MM 1012.9  21.6  23.1  19.7   MM   MM    MM
2026 08 18 22 30 280  5.0  6.0    MM    MM    MM  MM 1013.1  21.7  23.2  19.7   MM   MM    MM
2026 08 18 22 20 280  4.0  5.0   1.0    14   5.3 210 1013.2  21.7  23.1  19.5   MM   MM    MM
2026 08 18 22 10 280  4.0  5.0   1.0    MM   5.3 210 1013.5  21.7  23.1  19.4   MM   MM    MM
2026 08 18 22 00 280  4.0  6.0    MM    MM    MM  MM 1013.6  21.7  23.1  19.5   MM -1.3    MM
2026 08 18 21 50 270  4.0  5.0   1.0    15   5.4 211 1013.7  21.6  23.1  19.4   MM   MM    MM
2026 08 18 21 40 290  4.0  5.0    MM    MM    MM  MM 1013.8  21.5  23.0  19.4   MM   MM    MM
2026 08 18 21 30 290  4.0  5.0    MM    MM    MM  MM 1013.8  21.4  23.1  19.4   MM   MM    MM
2026 08 18 21 20 290  4.0  5.0   0.9    14   5.4 186 1013.8  21.4  23.1  19.4   MM   MM    MM
2026 08 18 21 10 290  4.0  5.0   0.9    MM   5.4 186 1013.9  21.3  23.1  19.2   MM   MM    MM
2026 08 18 21 00 290  4.0  5.0    MM    MM    MM  MM 1014.0  21.2  23.0  19.0   MM -1.4    MM
2026 08 18 20 50 290  3.0  4.0   0.9    14   5.4 150 1014.1  21.2  23.0  18.9   MM   MM    MM
2026 08 18 20 40 290  3.0  4.0    MM    MM    MM  MM 1014.2  21.1  22.9  18.7   MM   MM    MM
2026 08 18 20 30 300  2.0  3.0    MM    MM    MM  MM 1014.3  21.1  22.9  18.7   MM   MM    MM
2026 08 18 20 20 300  2.0  3.0   0.9    14   5.4 190 1014.4  21.0  22.9  18.7   MM   MM    MM
2026 08 18 20 10 320  2.0  2.0   0.9    MM   5.4 190 1014.5  21.0  22.8  18.8   MM   MM    MM
2026 08 18 20 00 330  2.0  3.0    MM    MM    MM  MM 1014.6  20.9  22.8  18.8   MM -0.8    MM
2026 08 18 19 50 340  2.0  3.0   0.9    13   5.2 185 1014.7  20.9  22.8  18.8   MM   MM    MM
2026 08 18 19 40 330  2.0  3.0    MM    MM    MM  MM 1014.7  21.0  22.8  19.0   MM   MM    MM
2026 08 18 19 30 360  2.0  3.0    MM    MM    MM  MM 1014.9  21.0  22.8  19.1   MM   MM    MM
2026 08 18 19 20 350  2.0  3.0   1.0    14   5.4 173 1015.1  20.9  22.8  18.9   MM   MM    MM
2026 08 18 19 10 340  2.0  3.0   1.0    MM   5.4 173 1015.0  20.9  22.8  18.9   MM   MM    MM
2026 08 18 19 00 330  2.0  3.0    MM    MM    MM  MM 1015.0  20.8  22.7  18.8   MM +0.0    MM
2026 08 18 18 50 340  2.0  3.0   1.0    MM   5.3 188 1015.1  20.8  22.7  18.9   MM   MM    MM
2026 08 18 18 40  MM   MM   MM   1.0    14   5.3 188     MM    MM    MM    MM   MM   MM    MM
2026 08 18 18 30 330  3.0  3.0    MM    MM    MM  MM 1015.3  20.8  22.7  19.0   MM   MM    MM
2026 08 18 18 20 340  2.0  3.0   1.0    14   5.5 200 1015.4  20.9  22.6  19.1   MM   MM    MM
2026 08 18 18 10 330  2.0  3.0   1.0    MM   5.5 200 1015.5  20.8  22.6  19.0   MM   MM    MM
2026 08 18 18 00 330  2.0  3.0    MM    MM    MM  MM 1015.4  20.8  22.6  19.0   MM +0.8    MM
2026 08 18 17 50 340  2.0  3.0   1.1    14   5.6 196 1015.4  20.8  22.6  19.0   MM   MM    MM
2026 08 18 17 40 310  2.0  3.0    MM    MM    MM  MM 1015.4  20.8  22.5  19.1   MM   MM    MM
2026 08 18 17 30 320  2.0  3.0    MM    MM    MM  MM 1015.4  20.8  22.5  19.1   MM   MM    MM
2026 08 18 17 20 330  2.0  2.0   1.0    13   5.4 217 1015.4  20.8    MM  19.1   MM   MM    MM
2026 08 18 17 10 340  2.0  2.0   1.0    MM   5.4 217 1015.4  20.8  22.5  19.0   MM   MM    MM
2026 08 18 17 00 330  1.0  2.0    MM    MM    MM  MM 1015.5  20.8  22.5  19.0   MM +1.3    MM
2026 08 18 16 50 350  1.0  2.0   1.1    14   5.6 176 1015.4  20.9  22.4  19.0   MM   MM    MM
2026 08 18 16 40  10  1.0  2.0    MM    MM    MM  MM 1015.4  20.9  22.4  19.0   MM   MM    MM
2026 08 18 16 30 350  1.0  2.0    MM    MM    MM  MM 1015.3  20.8  22.4  18.9   MM   MM    MM
2026 08 18 16 20  10  1.0  2.0   1.1    14   5.6 223 1015.4  20.9  22.4  19.0   MM   MM    MM
2026 08 18 16 10  30  2.0  2.0    MM    MM    MM  MM 1015.3  20.9  22.3  19.0   MM   MM    MM
2026 08 18 16 00  40  2.0  2.0    MM    MM    MM  MM 1015.2  20.9  22.3  18.9   MM +1.4    MM
2026 08 18 15 50  40  1.0  2.0   1.1    14   5.6 203 1015.1  21.0  22.3  18.9   MM   MM    MM
2026 08 18 15 40  20  1.0  2.0   1.1    MM   5.6 203 1015.2  20.9  22.3  18.7   MM   MM    MM
2026 08 18 15 30  30  1.0  2.0    MM    MM    MM  MM 1015.0  20.8  22.3  18.7   MM   MM    MM
2026 08 18 15 20  30  1.0  2.0   1.1    14   5.6 210 1015.0  20.9  22.3  18.8   MM   MM    MM
2026 08 18 15 10  20  2.0  2.0   1.1    MM   5.6 210 1014.9  20.9  22.2  18.9   MM   MM    MM
2026 08 18 15 00  10  2.0  3.0    MM    MM    MM  MM 1014.7  20.9  22.2  18.9   MM +1.0    MM
2026 08 18 14 50  10  2.0  2.0   1.1     7   5.5 273 1014.6  20.8  22.2  18.8   MM   MM    MM
2026 08 18 14 40 340  2.0  2.0    MM    MM    MM  MM 1014.6  20.7  22.2  18.8   MM   MM    MM
2026 08 18 14 30 330  2.0  2.0    MM    MM    MM  MM 1014.6  20.6  22.2  18.8   MM   MM    MM
2026 08 18 14 20 340  2.0  3.0   1.0    14   5.4 182 1014.6  20.5  22.1  18.8   MM   MM    MM
2026 08 18 14 10  10  2.0  3.0   1.0    MM   5.4 182 1014.3  20.4  22.1  18.7   MM   MM    MM
2026 08 18 14 00 360  2.0  3.0    MM    MM    MM  MM 1014.0  20.3  22.0  18.7   MM +0.5    MM
2026 08 18 13 50 350  3.0  3.0   1.0    15   5.5 194 1013.9  20.3  22.0  18.7   MM   MM    MM
2026 08 18 13 40 350  3.0  3.0    MM    MM    MM  MM 1013.9  20.3  22.0  18.7   MM   MM    MM
2026 08 18 13 30 360  2.0  3.0    MM    MM    MM  MM 1013.8  20.2  21.9  18.6   MM   MM    MM
2026 08 18 13 20  10  2.0  3.0   1.1     7   5.4 263 1013.8  20.3  21.9  18.8   MM   MM    MM
2026 08 18 13 10 350  2.0  3.0   1.1    MM   5.4 263 1013.8  20.3  22.0  18.7   MM   MM    MM
2026 08 18 13 00 360  2.0  3.0    MM    MM    MM  MM 1013.7  20.4  22.0  18.7   MM +0.0    MM
2026 08 18 12 50 360  3.0  3.0   1.1    15   5.5 189 1013.6  20.3  22.0  18.6   MM   MM    MM
2026 08 18 12 40 360  3.0  4.0    MM    MM    MM  MM 1013.6  20.4  21.9  18.7   MM   MM    MM
2026 08 18 12 30  20  3.0  4.0    MM    MM    MM  MM 1013.5  20.4  21.9  18.7   MM   MM    MM
2026 08 18 12 20  40  3.0  3.0   1.2    14   5.5 176 1013.4  20.4  21.9  18.6   MM   MM    MM
2026 08 18 12 10  30  3.0  3.0   1.2    MM   5.5 176 1013.5  20.4  21.9  18.5   MM   MM    MM
2026 08 18 12 00  30  3.0  3.0    MM    MM    MM  MM 1013.5  20.4  21.9  18.4   MM +0.0    MM
2026 08 18 11 50  40  2.0  3.0   1.0     7   5.3 262 1013.6  20.4  22.0  18.3   MM   MM    MM
2026 08 18 11 40  60  2.0  3.0    MM    MM    MM  MM 1013.6  20.4  22.0  18.3   MM   MM    MM
2026 08 18 11 30  70  1.0  2.0    MM    MM    MM  MM 1013.7  20.3  22.0  18.3   MM   MM    MM
2026 08 18 11 20  70  1.0  2.0   1.1    15   5.5 195 1013.8  20.2  22.0  18.2   MM   MM    MM
2026 08 18 11 10  50  1.0  1.0   1.1    MM   5.5 195 1013.8  20.2  22.0  18.3   MM   MM    MM
2026 08 18 11 00  MM  0.0  1.0    MM    MM    MM  MM 1013.6  20.1  22.0  18.3   MM -0.7    MM
2026 08 18 10 50  MM  0.0  1.0   1.1     6   5.2 262 1013.5  20.1  22.0  18.3   MM   MM    MM
2026 08 18 10 40 150  1.0  1.0    MM    MM    MM  MM 1013.6  20.1  22.1  18.3   MM   MM    MM
2026 08 18 10 30 160  1.0  1.0    MM    MM    MM  MM 1013.6  20.0  22.1  18.3   MM   MM    MM
2026 08 18 10 20 180  1.0  2.0   1.1    14   5.2 184 1013.7  20.0  22.1  18.4   MM   MM    MM
2026 08 18 10 10 190  1.0  2.0   1.1    MM   5.2 184 1013.8  20.0  22.1  18.4   MM   MM    MM
2026 08 18 10 00 190  1.0  3.0    MM    MM    MM  MM 1013.8  20.1  22.1  18.5   MM -0.6    MM
2026 08 18 09 50 190  2.0  3.0   1.2    15   5.2 229 1013.8  20.1  22.1  18.4   MM   MM    MM
2026 08 18 09 40 190  3.0  3.0    MM    MM    MM  MM 1013.8  20.2  22.1  18.4   MM   MM    MM
2026 08 18 09 30 200  2.0  3.0    MM    MM    MM  MM 1013.8  20.2  22.1  18.4   MM   MM    MM
2026 08 18 09 20 210  2.0  3.0   1.3    14   5.3 177 1013.8  20.1  22.1  18.3   MM   MM    MM
2026 08 18 09 10 210  2.0  3.0   1.3    MM   5.3 177 1013.8  20.1  22.1  18.3   MM   MM    MM
2026 08 18 09 00 210  2.0  2.0    MM    MM    MM  MM 1013.8  20.1  22.1  18.3   MM +0.0    MM
2026 08 18 08 50 200  2.0  2.0   1.2     6   5.1 263 1013.9  20.1  22.1  18.3   MM   MM    MM
2026 08 18 08 40 210  2.0  3.0   1.2    MM   5.1 263 1013.9  20.1  22.1  18.4   MM   MM    MM
2026 08 18 08 30 230  2.0  3.0    MM    MM    MM  MM 1013.9  20.1  22.1  18.4   MM   MM    MM
2026 08 18 08 20 250  2.0  3.0   1.2    14   5.0 226 1014.0  20.1  22.2  18.4   MM   MM    MM
2026 08 18 08 10 250  3.0  4.0    MM    MM    MM  MM 1014.1  20.5    MM  18.6   MM   MM    MM
2026 08 18 08 00 250  2.0  3.0    MM    MM    MM  MM 1014.4  20.6  22.2  18.5   MM +0.0    MM
2026 08 18 07 50 270  2.0  3.0   1.1    15   4.9 215 1014.4  20.5  22.2  18.5   MM   MM    MM
2026 08 18 07 40 260  3.0  4.0    MM    MM    MM  MM 1014.4  20.5  22.2  18.6   MM   MM    MM
2026 08 18 07 30 270  3.0  4.0    MM    MM    MM  MM 1014.3  20.4  22.2  18.5   MM   MM    MM
2026 08 18 07 20 270  4.0  5.0   1.0    MM   4.9 174 1014.4  20.4  22.2  18.5   MM   MM    MM
2026 08 18 07 10  MM   MM   MM   1.0    14   4.9 174     MM    MM    MM    MM   MM   MM    MM
2026 08 18 07 00 260  6.0  7.0    MM    MM    MM  MM 1014.7  20.6  22.2  18.7   MM +0.7    MM
2026 08 18 06 50 260  4.0  5.0   1.1    MM   4.9 197 1014.2  21.1  22.2  19.0   MM   MM    MM
2026 08 18 06 40  MM   MM   MM   1.1    15   4.9 197     MM    MM    MM    MM   MM   MM    MM
2026 08 18 06 30 260  4.0  5.0    MM    MM    MM  MM 1014.0  21.0  22.2  19.1   MM   MM    MM
2026 08 18 06 20 250  3.0  4.0   1.2    14   4.9 209 1014.1  21.2  22.2  19.1   MM   MM    MM
2026 08 18 06 10 250  2.0  3.0   1.2    MM   4.9 209 1014.0  21.2  22.2  19.3   MM   MM    MM
2026 08 18 06 00 250  3.0  3.0    MM    MM    MM  MM 1014.0  21.1  22.2  19.3   MM +0.6    MM
2026 08 18 05 50 250  3.0  4.0   1.1    15   4.7 214 1013.9  21.2  22.2  19.4   MM   MM    MM
2026 08 18 05 40 260  3.0  4.0    MM    MM    MM  MM 1014.1  21.4  22.2  19.4   MM   MM    MM
2026 08 18 05 30 300  3.0  4.0    MM    MM    MM  MM 1014.0  21.5  22.3  19.2   MM   MM    MM
2026 08 18 05 20 320  3.0  4.0   1.2    14   4.7 201 1014.0  21.6  22.3  19.2   MM   MM    MM
2026 08 18 05 10 320  4.0  4.0   1.2    MM   4.7 201 1014.1  21.7  22.3  19.1   MM   MM    MM
2026 08 18 05 00 310  3.0  4.0    MM    MM    MM  MM 1014.2  21.7  22.3  18.9   MM +1.0    MM
2026 08 18 04 50 310  4.0  5.0   1.2    15   4.8 213 1014.1  21.6  22.3  18.9   MM   MM    MM
2026 08 18 04 40 320  5.0  6.0    MM    MM    MM  MM 1014.0  21.5  22.3  19.0   MM   MM    MM
2026 08 18 04 30 320  5.0  6.0    MM    MM    MM  MM 1013.8  21.5  22.3  19.2   MM   MM    MM
2026 08 18 04 20 320  4.0  5.0   1.1    14   4.6 168 1013.8  21.5  22.3  19.3   MM   MM    MM
2026 08 18 04 10 320  4.0  5.0   1.1    MM   4.6 168 1013.7  21.5  22.4  19.3   MM   MM    MM
2026 08 18 04 00 320  4.0  5.0    MM    MM    MM  MM 1013.6  21.5  22.4  19.3   MM -0.0    MM
2026 08 18 03 50 300  4.0  5.0   1.2    14   5.0 206 1013.5  21.5  22.4  19.3   MM   MM    MM
2026 08 18 03 40 310  4.0  5.0   1.2    MM   5.0 206 1013.3  21.4  22.4  19.3   MM   MM    MM
2026 08 18 03 30 310  4.0  5.0    MM    MM    MM  MM 1013.2  21.4  22.5  19.4   MM   MM    MM
2026 08 18 03 20 310  4.0  5.0   1.2    13   4.8 207 1013.2  21.3  22.5  19.3   MM   MM    MM
2026 08 18 03 10 310  4.0  5.0   1.2    MM   4.8 207 1013.2  21.3  22.5  19.4   MM   MM    MM
2026 08 18 03 00 310  4.0  5.0    MM    MM    MM  MM 1013.3  21.3  22.5  19.5   MM -0.8    MM
2026 08 18 02 50 310  4.0  5.0   1.2    14   4.9 216 1013.2  21.2  22.5  19.3   MM   MM    MM
2026 08 18 02 40 310  4.0  5.0    MM    MM    MM  MM 1013.0  21.4  22.5  19.5   MM   MM    MM
2026 08 18 02 30 300  4.0  4.0    MM    MM    MM  MM 1013.1  21.5  22.5  19.3   MM   MM    MM
2026 08 18 02 20 300  3.0  4.0   1.1    14   4.9 193 1013.1  21.5  22.6  19.1   MM   MM    MM
2026 08 18 02 10 300  3.0  4.0   1.1    MM   4.9 193 1013.0  21.6  22.6  19.0   MM   MM    MM
2026 08 18 02 00 300  3.0  4.0    MM    MM    MM  MM 1013.2  21.5  22.6  18.7   MM -1.2    MM
2026 08 18 01 50 300  4.0  5.0   1.2    15   4.8 188 1013.2  21.6  22.6  19.1   MM   MM    MM
2026 08 18 01 40 290  4.0  6.0    MM    MM    MM  MM 1013.2  21.5  22.6  19.0   MM   MM    MM
2026 08 18 01 30 280  5.0  6.0    MM    MM    MM  MM 1013.3  21.4  22.6  18.9   MM   MM    MM
2026 08 18 01 20 280  5.0  6.0   1.2    14   4.8 225 1013.5  21.6  22.6  18.8   MM   MM    MM
2026 08 18 01 10 280  5.0  6.0   1.2    MM   4.8 225 1013.5  21.6  22.6  18.1   MM   MM    MM
2026 08 18 01 00 270  6.0  7.0    MM    MM    MM  MM 1013.8  21.4  22.7  17.7   MM -1.1    MM
2026 08 18 00 50 280  6.0  7.0   1.1    15   5.1 213 1013.8  21.2  22.7  17.9   MM   MM    MM
2026 08 18 00 40 280  6.0  7.0    MM    MM    MM  MM 1013.9  21.1  22.7  18.0   MM   MM    MM
2026 08 18 00 30 270  6.0  8.0    MM    MM    MM  MM 1013.9  20.9  22.7  18.1   MM   MM    MM
2026 08 18 00 20 270  7.0  8.0   1.0    15   5.0 200 1014.0  21.0  22.8  18.4   MM   MM    MM
2026 08 18 00 10 270  7.0  8.0   1.0    MM   5.0 200 1014.1  21.4  22.7  18.4   MM   MM    MM
2026 08 18 00 00 270  6.0  7.0    MM    MM    MM  MM 1014.1  21.2  22.7  17.9   MM -1.5    MM
2026 08 17 23 50 270  6.0  7.0   0.9    14   4.9 197 1014.2  21.0  22.8  18.2   MM   MM    MM
2026 08 17 23 40 270  6.0  7.0    MM    MM    MM  MM 1014.1  20.9  22.7  18.3   MM   MM    MM
2026 08 17 23 30 270  6.0  7.0    MM    MM    MM  MM 1014.2  21.1  22.8  18.5   MM   MM    MM
2026 08 17 23 20 260  6.0  6.0   0.9    15   5.1 235 1014.4  20.9  22.8  18.2   MM   MM    MM
2026 08 17 23 10 260  5.0  6.0   0.9    MM   5.1 235 1014.4  20.8  22.8  18.3   MM   MM    MM
2026 08 17 23 00 270  5.0  6.0    MM    MM    MM  MM 1014.4  20.7  22.8  18.4   MM -1.6    MM
2026 08 17 22 50 260  5.0  6.0   0.9    14   5.4 176 1014.5  20.7  22.8  18.5   MM   MM    MM
2026 08 17 22 40 260  6.0  7.0    MM    MM    MM  MM 1014.6  20.8  22.8  18.6   MM   MM    MM
2026 08 17 22 30 270  5.0  6.0    MM    MM    MM  MM 1014.6  21.0  22.8  18.4   MM   MM    MM
2026 08 17 22 20 280  5.0  6.0   0.9    15   5.6 210 1014.7  20.9  22.8  18.1   MM   MM    MM
2026 08 17 22 10 270  5.0  6.0   0.9    MM   5.6 210 1014.9  20.8  22.8  17.9   MM   MM    MM
2026 08 17 22 00 270  5.0  6.0    MM    MM    MM  MM 1015.0  20.6  22.8  17.9   MM -1.6    MM
2026 08 17 21 50 270  5.0  5.0   1.0    15   5.9 222 1015.1  20.5  22.8  18.0   MM   MM    MM
2026 08 17 21 40 270  5.0  6.0    MM    MM    MM  MM 1015.1  20.5  22.8  18.0   MM   MM    MM
2026 08 17 21 30 270  5.0  6.0    MM    MM    MM  MM 1015.3  20.5  22.9  18.1   MM   MM    MM
2026 08 17 21 20 270  5.0  6.0   0.8    14   5.5 232 1015.4  20.5  22.8  18.2   MM   MM    MM
2026 08 17 21 10 270  6.0  7.0   0.8    MM   5.5 232 1015.4  20.8  22.9  18.2   MM   MM    MM
2026 08 17 21 00 260  5.0  6.0    MM    MM    MM  MM 1015.6  20.8  22.9  17.2   MM -0.8    MM
2026 08 17 20 50 250  4.0  5.0   0.9    15   5.6 194 1015.7  20.6  22.9  17.8   MM   MM    MM
2026 08 17 20 40 250  3.0  4.0    MM    MM    MM  MM 1015.7  20.5  22.9  18.0   MM   MM    MM
2026 08 17 20 30 260  4.0  5.0    MM    MM    MM  MM 1015.7  20.4  22.9  18.0   MM   MM    MM
2026 08 17 20 20 260  4.0  5.0   0.9    15   5.5 189 1015.9  20.3  22.8  18.0   MM   MM    MM
2026 08 17 20 10 250  4.0  5.0   0.9    MM   5.5 189 1016.0  20.3  22.8  18.1   MM   MM    MM
2026 08 17 20 00 250  4.0  4.0    MM    MM    MM  MM 1016.0  20.1  22.8  17.9   MM -0.6    MM
2026 08 17 19 50 260  4.0  5.0   1.0    MM   5.7 189 1016.4  20.1  22.8  17.9   MM   MM    MM
2026 08 17 19 40 250  4.0  5.0   1.0    MM   5.7 189 1016.2  20.2  22.7  18.1   MM   MM    MM
2026 08 17 19 30 250  5.0  5.0    MM    MM    MM  MM 1016.2  20.4  22.7  18.3   MM   MM    MM
2026 08 17 19 20 240  4.0  5.0   0.9    14   5.6 213 1016.3  20.6  22.7  18.3   MM   MM    MM
2026 08 17 19 10 250  3.0  4.0    MM    MM    MM  MM 1016.4  20.6  22.7  18.3   MM   MM    MM
2026 08 17 19 00 240  3.0  4.0   0.9    MM   5.6 213 1016.5  20.6  22.6  18.3   MM +0.0    MM
2026 08 17 18 50 240  3.0  4.0   0.9    14   5.3 216 1016.5  20.7  22.5  18.4   MM   MM    MM
2026 08 17 18 40 240  2.0  3.0    MM    MM    MM  MM 1016.6  20.8  22.5  18.5   MM   MM    MM
2026 08 17 18 30 240  2.0  3.0    MM    MM    MM  MM 1016.7  20.7  22.5  18.3   MM   MM    MM
2026 08 17 18 20 240  2.0  3.0   1.0    15   5.4 259 1016.6  20.7  22.5  18.3   MM   MM    MM
2026 08 17 18 10 260  2.0  3.0    MM    MM    MM  MM 1016.6  20.6  22.5  18.4   MM   MM    MM
2026 08 17 18 00 340  2.0  2.0    MM    MM    MM  MM 1016.5  20.5  22.4  18.3   MM +0.0    MM
2026 08 17 17 50 300  1.0  3.0   1.1    15   5.4 202 1016.6  20.5  22.4  18.3   MM   MM    MM
2026 08 17 17 40 320  2.0  2.0   1.1    MM   5.4 202 1016.5  20.5  22.4  18.4   MM   MM    MM
2026 08 17 17 30 290  2.0  3.0    MM    MM    MM  MM 1016.8  20.5  22.4  18.4   MM   MM    MM
2026 08 17 17 20 290  3.0  4.0   1.0    15   5.6 214 1016.8  20.5  22.4  18.5   MM   MM    MM
2026 08 17 17 10 320  4.0  5.0   1.0    MM   5.6 214 1016.8  20.5  22.3  18.4   MM   MM    MM
2026 08 17 17 00 330  4.0  5.0    MM    MM    MM  MM 1016.7  20.5  22.3  18.2   MM +0.7    MM
2026 08 17 16 50 330  4.0  5.0   1.1    15   5.9 177 1016.8  20.4  22.3  18.0   MM   MM    MM
2026 08 17 16 40 320  4.0  5.0   1.1    MM   5.9 177 1016.7  20.4  22.3  18.0   MM   MM    MM
2026 08 17 16 30 320  4.0  5.0    MM    MM    MM  MM 1016.8  20.4  22.3  18.1   MM   MM    MM
2026 08 17 16 20 320  4.0  5.0   1.0    15   5.4 198 1016.6  20.3  22.3  18.0   MM   MM    MM
2026 08 17 16 10 320  4.0  5.0   1.0    MM   5.4 198 1016.6  20.3  22.2  18.1   MM   MM    MM
2026 08 17 16 00 320  4.0  5.0    MM    MM    MM  MM 1016.7  20.3  22.2  18.2   MM +1.1    MM
2026 08 17 15 50 320  4.0  5.0   1.1    15   5.6 201 1016.8  20.3  22.1  18.4   MM   MM    MM
2026 08 17 15 40 320  4.0  5.0   1.1    MM   5.6 201 1016.8  20.2  22.1  18.4   MM   MM    MM
2026 08 17 15 30 320  4.0  5.0    MM    MM    MM  MM 1016.8  20.1  22.0  18.5   MM   MM    MM
2026 08 17 15 20 320  4.0  5.0   1.1    15   5.5 205 1016.7  20.0  22.0  18.6   MM   MM    MM
2026 08 17 15 10 320  5.0  6.0   1.1    MM   5.5 205 1016.6  20.0  22.0  18.7   MM   MM    MM
2026 08 17 15 00 330  4.0  5.0    MM    MM    MM  MM 1016.5  20.0  22.0  18.7   MM +0.7    MM
2026 08 17 14 50 340  4.0  5.0   1.1    15   5.2 200 1016.5  20.0  22.0  18.7   MM   MM    MM
2026 08 17 14 40 350  4.0  5.0    MM    MM    MM  MM 1016.2  20.0  22.0  18.8   MM   MM    MM
2026 08 17 14 30 350  4.0  5.0    MM    MM    MM  MM 1016.2  20.1  22.1  18.9   MM   MM    MM
2026 08 17 14 20 340  5.0  6.0   1.1    15   5.5 200 1016.1  20.1  22.1  18.8   MM   MM    MM
2026 08 17 14 10 340  5.0  5.0   1.1    MM   5.5 200 1016.0  20.1  22.1  18.8   MM   MM    MM
2026 08 17 14 00 340  5.0  6.0    MM    MM    MM  MM 1016.0  20.1  22.2  18.7   MM -0.0    MM
2026 08 17 13 50 330  5.0  6.0   1.1    15   5.6 204 1015.8  20.1  22.2  18.8   MM   MM    MM
2026 08 17 13 40 330  5.0  5.0    MM    MM    MM  MM 1015.8  20.0  22.2  18.6   MM   MM    MM
2026 08 17 13 30 340  5.0  6.0    MM    MM    MM  MM 1015.5  19.9  22.2  18.6   MM   MM    MM
2026 08 17 13 20 340  5.0  6.0   1.3    15   5.8 186 1015.4  20.0  22.2  18.7   MM   MM    MM
2026 08 17 13 10 340  5.0  6.0   1.3    MM   5.8 186 1015.4  19.9  22.2  18.5   MM   MM    MM
2026 08 17 13 00 340  5.0  6.0    MM    MM    MM  MM 1015.4  19.9  22.2  18.5   MM +0.0    MM
2026 08 17 12 50 340  5.0  6.0   1.2    15   5.6 199 1015.5  19.9  22.2  18.5   MM   MM    MM
2026 08 17 12 40 340  5.0  6.0    MM    MM    MM  MM 1015.4  19.9  22.2  18.5   MM   MM    MM
2026 08 17 12 30 340  5.0  6.0    MM    MM    MM  MM 1015.5  19.9  22.2  18.4   MM   MM    MM
2026 08 17 12 20 340  5.0  6.0   1.2    15   5.5  83 1015.5  19.9  22.2  18.4   MM   MM    MM
2026 08 17 12 10 330  5.0  6.0    MM    MM    MM  MM 1015.6  19.9  22.2  18.3   MM   MM    MM
2026 08 17 12 00 330  4.0  5.0    MM    MM    MM  MM 1015.8  19.9  22.3  18.3   MM -0.0    MM
2026 08 17 11 50 340  4.0  5.0   1.1    15   5.5 175 1015.9  19.9  22.2  18.2   MM   MM    MM
2026 08 17 11 40 330  3.0  4.0    MM    MM    MM  MM 1016.0  19.9  22.3  18.1   MM   MM    MM
2026 08 17 11 30 320  4.0  4.0    MM    MM    MM  MM 1016.0  19.9  22.3  18.1   MM   MM    MM
2026 08 17 11 20 320  3.0  4.0   1.2    15   5.8 204 1016.0  20.0  22.3  18.1   MM   MM    MM
2026 08 17 11 10 330  4.0  5.0   1.2    MM   5.8 204 1015.9  19.9  22.3  18.0   MM   MM    MM
2026 08 17 11 00 330  4.0  5.0    MM    MM    MM  MM 1015.8  19.9  22.3  18.0   MM -0.4    MM
2026 08 17 10 50 330  4.0  5.0   1.2    15   5.7 214 1015.9  19.9  22.3  17.9   MM   MM    MM
2026 08 17 10 40 340  4.0  5.0    MM    MM    MM  MM 1015.8  20.0  22.3  18.0   MM   MM    MM
2026 08 17 10 30 330  3.0  4.0    MM    MM    MM  MM 1015.9  20.1  22.4  18.0   MM   MM    MM
2026 08 17 10 20 340  3.0  4.0   1.2    15   5.4 198 1015.9  20.1  22.4  17.9   MM   MM    MM
2026 08 17 10 10 350  3.0  5.0   1.2    MM   5.4 198 1015.8  20.0  22.4  17.8   MM   MM    MM
2026 08 17 10 00 310  3.0  3.0    MM    MM    MM  MM 1015.7  19.9  22.5  17.6   MM +0.0    MM
2026 08 17 09 50 300  3.0  4.0   1.2    15   5.4 173 1016.0  20.0  22.5  17.8   MM   MM    MM
2026 08 17 09 40 280  4.0  5.0    MM    MM    MM  MM 1015.8  20.0  22.5  17.7   MM   MM    MM
2026 08 17 09 30 270  4.0  5.0    MM    MM    MM  MM 1015.7  19.8  22.5  17.1   MM   MM    MM
2026 08 17 09 20 280  4.0  5.0   1.2    15   5.7 211 1015.7  19.6  22.5  17.1   MM   MM    MM
2026 08 17 09 10 270  4.0  5.0    MM    MM    MM  MM 1015.8  19.6  22.6  17.4   MM   MM    MM
2026 08 17 09 00 270  5.0  6.0    MM    MM    MM  MM 1016.0  19.6  22.6  17.6   MM +0.5    MM
2026 08 17 08 50 270  5.0  6.0   1.3    15   5.7 242 1016.0  19.7  22.6  17.6   MM   MM    MM
2026 08 17 08 40 270  5.0  6.0    MM    MM    MM  MM 1016.0  19.7  22.6  17.6   MM   MM    MM
2026 08 17 08 30 270  6.0  7.0    MM    MM    MM  MM 1016.0  19.8  22.6  17.5   MM   MM    MM
2026 08 17 08 20 270  5.0  6.0   1.1    15   5.4 241 1016.0  19.9  22.6  17.5   MM   MM    MM
2026 08 17 08 10 260  6.0  7.0    MM    MM    MM  MM 1016.2  20.0  22.7  17.6   MM   MM    MM
2026 08 17 08 00 260  6.0  7.0    MM    MM    MM  MM 1016.2  19.9  22.7  17.4   MM +0.4    MM
2026 08 17 07 50 270  6.0  7.0   1.1    15   5.5 169 1016.1  20.1  22.7  17.7   MM   MM    MM
2026 08 17 07 40 260  3.0  6.0    MM    MM    MM  MM 1016.1  20.8  22.7  18.2   MM   MM    MM
2026 08 17 07 30 290  2.0  3.0    MM    MM    MM  MM 1016.2  20.8  22.7  18.1   MM   MM    MM
2026 08 17 07 20 320  3.0  4.0   1.1    15   5.5 192 1016.0  20.8  22.7  18.1   MM   MM    MM
2026 08 17 07 10 310  3.0  4.0   1.1    MM   5.5 192 1016.0  20.8  22.7  18.0   MM   MM    MM
2026 08 17 07 00 310  3.0  4.0    MM    MM    MM  MM 1015.9  20.9  22.7  17.6   MM +1.1    MM
2026 08 17 06 50 320  4.0  5.0   1.1    15   5.2 182 1016.0  20.8  22.7  18.0   MM   MM    MM
2026 08 17 06 40 330  4.0  5.0    MM    MM    MM  MM 1016.0  21.0  22.7  18.6   MM   MM    MM
2026 08 17 06 30 330  3.0  4.0    MM    MM    MM  MM 1015.9  21.1  22.6  18.5   MM   MM    MM
2026 08 17 06 20 300  3.0  4.0   1.1    16   5.3 227 1016.0  20.8  22.6  18.1   MM   MM    MM
2026 08 17 06 10 290  3.0  4.0    MM    MM    MM  MM 1015.9  20.6  22.7  18.2   MM   MM    MM
2026 08 17 06 00 290  3.0  4.0    MM    MM    MM  MM 1015.5  20.4  22.7  18.3   MM +1.2    MM
2026 08 17 05 50 270  4.0  5.0   1.1    15   4.8 185 1015.5  20.3  22.7  18.4   MM   MM    MM
2026 08 17 05 40 270  6.0  7.0   1.1    MM   4.8 185 1015.4  20.3  22.7  18.0   MM   MM    MM
2026 08 17 05 30 270  7.0  8.0    MM    MM    MM  MM 1015.7  20.5  22.7  17.7   MM   MM    MM
2026 08 17 05 20 270  7.0  8.0   1.1    15   5.0 234 1015.9  20.6  22.7  17.8   MM   MM    MM
2026 08 17 05 10 270  7.0  8.0   1.1    MM   5.0 234 1015.9  20.6  22.7  17.8   MM   MM    MM
2026 08 17 05 00 270  7.0  8.0    MM    MM    MM  MM 1015.9  20.8  22.7  17.8   MM +1.5    MM
2026 08 17 04 50 270  7.0  8.0   1.0    13   4.8 216 1016.0  21.0  22.7  18.6   MM   MM    MM
2026 08 17 04 40 300  4.0  6.0    MM    MM    MM  MM 1015.7  21.2  22.7  19.4   MM   MM    MM
2026 08 17 04 30 310  4.0  5.0    MM    MM    MM  MM 1015.5  21.2  22.7  19.3   MM   MM    MM
2026 08 17 04 20 290  5.0  7.0   1.1    16   5.1 211 1015.1  21.5  22.7  19.5   MM   MM    MM
2026 08 17 04 10 280  6.0  6.0   1.1    MM   5.1 211 1014.9  21.5  22.7  19.2   MM   MM    MM
2026 08 17 04 00 280  6.0  7.0    MM    MM    MM  MM 1014.9  21.4  22.7  19.2   MM -0.3    MM
2026 08 17 03 50 270  6.0  6.0   1.1    15   5.1 196 1014.9  21.4  22.7  19.0   MM   MM    MM
2026 08 17 03 40 260  6.0  6.0    MM    MM    MM  MM 1014.8  21.3  22.7  18.7   MM   MM    MM
2026 08 17 03 30 260  5.0  6.0    MM    MM    MM  MM 1014.6  21.2  22.8  18.7   MM   MM    MM
2026 08 17 03 20 260  5.0  5.0   1.2    15   5.4 209 1014.5  21.1  22.8  18.9   MM   MM    MM
2026 08 17 03 10 260  5.0  6.0   1.2    MM   5.4 209 1014.4  21.2  22.8  19.4   MM   MM    MM
2026 08 17 03 00 280  4.0  5.0    MM    MM    MM  MM 1014.3  21.5  22.8  19.4   MM -0.9    MM
2026 08 17 02 50 290  3.0  4.0   1.1    15   5.2 195 1014.1  21.5  22.8  19.0   MM   MM    MM
2026 08 17 02 40 290  4.0  4.0    MM    MM    MM  MM 1014.0  21.4  22.8  18.6   MM   MM    MM
2026 08 17 02 30 290  4.0  4.0    MM    MM    MM  MM 1014.2  21.4  22.8  18.4   MM   MM    MM
2026 08 17 02 20 290  4.0  5.0   1.0    14   4.6 163 1014.2  21.3  22.8  18.1   MM   MM    MM
2026 08 17 02 10 290  4.0  6.0   1.0    MM   4.6 163 1014.2  21.2    MM  18.2   MM   MM    MM
2026 08 17 02 00 280  5.0  6.0    MM    MM    MM  MM 1014.3  21.1  22.8  18.2   MM -1.8    MM
2026 08 17 01 50 280  5.0  6.0   1.0    15   4.8 198 1014.5  21.1  22.9  18.4   MM   MM    MM
2026 08 17 01 40 280  6.0  7.0    MM    MM    MM  MM 1014.6  21.1  22.9  18.5   MM   MM    MM
2026 08 17 01 30 270  7.0  8.0    MM    MM    MM  MM 1014.7  21.2  22.9  18.5   MM   MM    MM
2026 08 17 01 20 280  6.0  7.0   1.2    15   5.6 206 1014.6  21.3  22.9  18.1   MM   MM    MM
2026 08 17 01 10 270  6.0  7.0   1.2    MM   5.6 206 1014.9  21.1  23.0  18.1   MM   MM    MM
2026 08 17 01 00 270  5.0  7.0    MM    MM    MM  MM 1015.1  21.0  23.0  18.3   MM -1.8    MM
2026 08 17 00 50 280  6.0  7.0   1.0    15   5.3 202 1015.1  21.0  23.0  18.5   MM   MM    MM
2026 08 17 00 40 280  5.0  6.0   1.0    MM   5.3 202 1014.9  20.9  23.0  18.5   MM   MM    MM
2026 08 17 00 30 270  5.0  7.0    MM    MM    MM  MM 1014.9  20.9  23.0  18.5   MM   MM    MM
2026 08 17 00 20 270  6.0  7.0   1.0    15   5.6 202 1015.2  21.0  23.0  18.4   MM   MM    MM
2026 08 17 00 10 290  6.0  7.0    MM    MM    MM  MM 1015.2  21.1  23.0  18.0   MM   MM    MM
2026 08 17 00 00 290  6.0  7.0    MM    MM    MM  MM 1015.2  20.8  23.0  17.7   MM -2.3    MM
2026 08 16 23 50 290  6.0  7.0   1.0    15   5.8 232 1015.2  20.6  23.0  17.7   MM   MM    MM
2026 08 16 23 40 290  6.0  7.0    MM    MM    MM  MM 1015.3  20.4  23.0  17.8   MM   MM    MM
2026 08 16 23 30 280  6.0  7.0    MM    MM    MM  MM 1015.5  20.4  23.1  18.0   MM   MM    MM
2026 08 16 23 20 280  6.0  7.0   0.9    15   5.5 215 1015.7  20.4  23.1  18.1   MM   MM    MM
2026 08 16 23 10 280  6.0  7.0   0.9    MM   5.5 215 1015.8  20.4    MM  17.9   MM   MM    MM
2026 08 16 23 00 270  6.0  7.0    MM    MM    MM  MM 1016.0  20.2  23.1  17.8   MM -1.8    MM
2026 08 16 22 50 280  5.0  7.0   1.1    15   6.9 212 1016.1  20.3  23.0  17.9   MM   MM    MM
2026 08 16 22 40 270  6.0  7.0    MM    MM    MM  MM 1016.3  20.5  23.1  18.1   MM   MM    MM
2026 08 16 22 30 280  5.0  6.0    MM    MM    MM  MM 1016.5  20.5  23.1  18.0   MM   MM    MM
2026 08 16 22 20 280  5.0  6.0   1.0    16   6.5 225 1016.8  20.6  23.1  18.2   MM   MM    MM
2026 08 16 22 10 280  5.0  6.0   1.0    MM   6.5 225 1016.8  20.6  23.1  18.2   MM   MM    MM
2026 08 16 22 00 280  5.0  6.0    MM    MM    MM  MM 1016.9  20.8  23.2  18.3   MM -1.5    MM
2026 08 16 21 50 270  5.0  6.0   0.9    15   6.6 205 1017.1  21.0  23.1  18.3   MM   MM    MM
2026 08 16 21 40 270  4.0  5.0    MM    MM    MM  MM 1017.1  20.9  23.1  17.9   MM   MM    MM
2026 08 16 21 30 270  4.0  5.0    MM    MM    MM  MM 1017.4  20.9  23.1  18.0   MM   MM    MM
2026 08 16 21 20 270  4.0  5.0   0.9    15   7.2 192 1017.5  20.9  23.1  18.0   MM   MM    MM
2026 08 16 21 10 270  4.0  5.0   0.9    MM   7.2 192 1017.6  20.8  23.1  18.0   MM   MM    MM
2026 08 16 21 00 270  4.0  5.0    MM    MM    MM  MM 1017.5  20.7  23.0  17.8   MM -1.6    MM
2026 08 16 20 50 270  3.0  5.0   0.9    16   7.2 198 1017.5  20.7  23.0  17.9   MM   MM    MM
2026 08 16 20 40 270  4.0  5.0   0.9    MM   7.2 198 1017.6  20.7  23.0  18.0   MM   MM    MM
2026 08 16 20 30 270  4.0  5.0    MM    MM    MM  MM 1017.8  20.7  23.0  18.0   MM   MM    MM
2026 08 16 20 20 280  4.0  4.0   1.1    15   7.9 196 1017.8  20.5  23.0  17.9   MM   MM    MM
2026 08 16 20 10 290  3.0  4.0    MM    MM    MM  MM 1017.9  20.4  22.9  17.9   MM   MM    MM
2026 08 16 20 00 300  3.0  4.0    MM    MM    MM  MM 1017.9  20.4  22.9  17.8   MM -0.7    MM
2026 08 16 19 50 300  2.0  3.0   1.1    15   7.4 202 1017.9  20.3  22.9  17.6   MM   MM    MM
2026 08 16 19 40 330  3.0  4.0   1.1    MM   7.4 202 1017.9  20.3  22.9  17.6   MM   MM    MM
2026 08 16 19 30 330  2.0  4.0    MM    MM    MM  MM 1017.9  20.3  22.9  17.5   MM   MM    MM
2026 08 16 19 20 320  3.0  5.0   1.0    MM   7.2 208 1018.4  20.2  22.8  17.3   MM   MM    MM
2026 08 16 19 10 330  3.0  4.0   1.0    MM   7.2 208 1018.2  20.3  22.8  17.5   MM   MM    MM
2026 08 16 19 00 320  3.0  4.0    MM    MM    MM  MM 1018.5  20.2    MM  17.3   MM +0.0    MM
2026 08 16 18 50 310  3.0  4.0   0.9    14   6.3 201 1018.7  20.3  22.8  17.3   MM   MM    MM
2026 08 16 18 40 310  3.0  4.0    MM    MM    MM  MM 1018.9  20.4  22.8  17.4   MM   MM    MM
2026 08 16 18 30 300  3.0  3.0    MM    MM    MM  MM 1019.0  20.4  22.8  17.5   MM   MM    MM
2026 08 16 18 20 330  2.0  3.0   1.1    MM   7.3 185 1019.0  20.4  22.7  17.5   MM   MM    MM
2026 08 16 18 10  MM   MM   MM   1.1    16   7.3 185     MM    MM    MM    MM   MM   MM    MM
2026 08 16 18 00 310  2.0  4.0    MM    MM    MM  MM 1019.2  20.2  22.7  17.2   MM +0.8    MM
2026 08 16 17 50 280  3.0  4.0   1.1    15   6.8 213 1019.2  20.2  22.7  17.2   MM   MM    MM
2026 08 16 17 40 290  2.0  4.0    MM    MM    MM  MM 1019.1  20.3    MM  17.3   MM   MM    MM
2026 08 16 17 30 280  1.0  2.0    MM    MM    MM  MM 1019.0  20.4  22.6  17.2   MM   MM    MM
2026 08 16 17 20 260  1.0  2.0   1.1    16   6.7 183 1018.9  20.1  22.6  16.8   MM   MM    MM
2026 08 16 17 10 280  2.0  4.0   1.1    MM   6.7 183 1018.9  19.9  22.6  16.8   MM   MM    MM
2026 08 16 17 00 320  2.0  4.0    MM    MM    MM  MM 1018.7  19.9  22.6  17.1   MM +0.9    MM
2026 08 16 16 50 310  2.0  3.0   0.9    15   6.3 145 1018.7  19.9  22.6  17.2   MM   MM    MM
2026 08 16 16 40 320  2.0  3.0    MM    MM    MM  MM 1018.7  20.0  22.5  17.2   MM   MM    MM
2026 08 16 16 30 290  1.0  3.0    MM    MM    MM  MM 1018.6  20.0  22.4  17.1   MM   MM    MM
2026 08 16 16 20 270  2.0  3.0   1.1    16   6.4 205 1018.7  19.9  22.3  17.0   MM   MM    MM
2026 08 16 16 10 280  2.0  3.0    MM    MM    MM  MM 1018.8  19.9  22.3  17.0   MM   MM    MM
2026 08 16 16 00 310  2.0  4.0    MM    MM    MM  MM 1018.7  19.9  22.3  17.1   MM +1.2    MM
2026 08 16 15 50 350  2.0  4.0   1.0    16   6.0 209 1018.7  19.8  22.3  16.9   MM   MM    MM
2026 08 16 15 40 330  2.0  3.0   1.0    MM   6.0 209 1018.6  19.9  22.3  17.2   MM   MM    MM
2026 08 16 15 30 350  2.0  2.0    MM    MM    MM  MM 1018.4  19.9  22.2  17.2   MM   MM    MM
2026 08 16 15 20 290  1.0  2.0   1.0    15   6.2 172 1018.4  19.9  22.2  17.2   MM   MM    MM
2026 08 16 15 10 290  3.0  4.0   1.0    MM   6.2 172 1018.3  19.8  22.2  17.1   MM   MM    MM
2026 08 16 15 00 290  1.0  3.0    MM    MM    MM  MM 1018.3  19.9  22.2  17.3   MM +0.9    MM
2026 08 16 14 50  MM  0.0  2.0   1.1    15   6.6 190 1018.3  19.9  22.2  17.3   MM   MM    MM
2026 08 16 14 40 320  1.0  3.0    MM    MM    MM  MM 1018.2  19.9  22.1  17.3   MM   MM    MM
2026 08 16 14 30  MM  0.0  2.0    MM    MM    MM  MM 1018.1  19.8  22.1  17.1   MM   MM    MM
2026 08 16 14 20  MM  0.0  2.0   1.1    16   6.2 191 1018.0  19.7  22.1  17.0   MM   MM    MM
2026 08 16 14 10  10  3.0  4.0   1.1    MM   6.2 191 1017.8  19.8  22.1  17.2   MM   MM    MM
2026 08 16 14 00  10  2.0  4.0    MM    MM    MM  MM 1017.8  19.9  22.1  17.4   MM -0.0    MM
2026 08 16 13 50 360  3.0  4.0   1.1    MM   6.0 180 1018.1  19.9  22.2  17.5   MM   MM    MM
2026 08 16 13 40  10  1.0  3.0   1.1    MM   6.0 180 1017.6  19.9  22.1  17.4   MM   MM    MM
2026 08 16 13 30  10  1.0  3.0    MM    MM    MM  MM 1017.6  19.9  22.1  17.3   MM   MM    MM
2026 08 16 13 20 360  2.0  3.0   1.1    15   6.0 220 1017.5  19.9  22.2  17.5   MM   MM    MM
2026 08 16 13 10  20  1.0  2.0   1.1    MM   6.0 220 1017.5  19.8  22.1  17.4   MM   MM    MM
2026 08 16 13 00 350  3.0  4.0    MM    MM    MM  MM 1017.5  19.8  22.1  17.4   MM +0.0    MM
2026 08 16 12 50 340  2.0  3.0   1.1    16   5.8 173 1017.5  20.0  22.2  17.7   MM   MM    MM
2026 08 16 12 40 350  2.0  4.0   1.1    MM   5.8 173 1017.6  20.0  22.1  17.7   MM   MM    MM
2026 08 16 12 30  10  2.0  3.0    MM    MM    MM  MM 1017.6  19.9  22.2  17.6   MM   MM    MM
2026 08 16 12 20 350  2.0  3.0   1.0    15   5.6 195 1017.5  19.9  22.2  17.6   MM   MM    MM
2026 08 16 12 10 360  2.0  3.0   1.0    MM   5.6 195 1017.4  19.9  22.2  17.5   MM   MM    MM
2026 08 16 12 00 360  1.0  3.0    MM    MM    MM  MM 1017.4  20.0  22.2  17.6   MM +0.0    MM
2026 08 16 11 50  30  1.0  2.0   1.1    15   6.4 209 1017.4  19.9  22.2  17.4   MM   MM    MM
2026 08 16 11 40  10  2.0  3.0    MM    MM    MM  MM 1017.3  19.9  22.2  17.4   MM   MM    MM
2026 08 16 11 30  20  2.0  3.0    MM    MM    MM  MM 1017.4  20.0  22.2  17.6   MM   MM    MM
2026 08 16 11 20  10  2.0  4.0   1.1    16   5.9 172 1017.4  20.1  22.2  17.7   MM   MM    MM
2026 08 16 11 10 360  2.0  3.0   1.1    MM   5.9 172 1017.5  20.3  22.2  17.9   MM   MM    MM
2026 08 16 11 00 150  1.0  2.0    MM    MM    MM  MM 1017.6  20.3  22.2  17.8   MM +0.0    MM
2026 08 16 10 50 120  1.0  3.0   1.1    15   6.2 197 1017.6  20.2  22.2  17.7   MM   MM    MM
2026 08 16 10 40  90  2.0  3.0    MM    MM    MM  MM 1017.6  20.2  22.2  17.7   MM   MM    MM
2026 08 16 10 30  60  1.0  2.0    MM    MM    MM  MM 1017.5  20.3  22.2  17.8   MM   MM    MM
2026 08 16 10 20  20  1.0  2.0   1.1    16   6.3 186 1017.5  20.2  22.3  17.8   MM   MM    MM
2026 08 16 10 10 340  1.0  2.0    MM    MM    MM  MM 1017.5  20.2  22.3  17.7   MM   MM    MM
2026 08 16 10 00  70  1.0  3.0    MM    MM    MM  MM 1017.6  20.3  22.3  17.9   MM +0.0    MM
2026 08 16 09 50 160  1.0  3.0   1.1    16   5.8 196 1017.6  20.3  22.3  17.9   MM   MM    MM
2026 08 16 09 40  MM  0.0  1.0    MM    MM    MM  MM 1017.6  20.2  22.4  17.8   MM   MM    MM
2026 08 16 09 30  MM  0.0  1.0    MM    MM    MM  MM 1017.5  20.2  22.4  17.8   MM   MM    MM
2026 08 16 09 20 240  1.0  3.0   1.1    16   6.1 178 1017.4  20.2  22.4  17.8   MM   MM    MM
2026 08 16 09 10 230  2.0  3.0    MM    MM    MM  MM 1017.4  20.3  22.4  18.0   MM   MM    MM
2026 08 16 09 00 230  2.0  3.0    MM    MM    MM  MM 1017.4  20.3  22.4  18.0   MM -0.4    MM
2026 08 16 08 50 250  1.0  3.0   1.1    16   6.0 207 1017.4  20.3  22.4  18.0   MM   MM    MM
2026 08 16 08 40 250  1.0  2.0    MM    MM    MM  MM 1017.3  20.2  22.4  17.9   MM   MM    MM
2026 08 16 08 30 250  1.0  2.0    MM    MM    MM  MM 1017.3  20.3  22.4  18.0   MM   MM    MM
2026 08 16 08 20 250  1.0  2.0   1.2    16   6.1 208 1017.3  20.3  22.4  18.1   MM   MM    MM
2026 08 16 08 10  MM  0.0  1.0    MM    MM    MM  MM 1017.4  20.3  22.4  18.0   MM   MM    MM
2026 08 16 08 00  MM  0.0  1.0    MM    MM    MM  MM 1017.6  20.2  22.4  17.9   MM +0.0    MM
2026 08 16 07 50 220  1.0  1.0   1.1    16   5.9 165 1017.6  20.3  22.4  18.0   MM   MM    MM
2026 08 16 07 40  MM  0.0  1.0    MM    MM    MM  MM 1017.6  20.2  22.4  17.8   MM   MM    MM
2026 08 16 07 30 250  1.0  1.0    MM    MM    MM  MM 1017.5  20.3  22.4  18.0   MM   MM    MM
2026 08 16 07 20  MM  0.0  1.0   1.2    MM   6.0 204 1017.5  20.2  22.4  17.8   MM   MM    MM
2026 08 16 07 10  MM   MM   MM   1.2    16   6.0 204     MM    MM    MM    MM   MM   MM    MM
2026 08 16 07 00 240  1.0  2.0    MM    MM    MM  MM 1017.6  20.3  22.5  17.9   MM +0.0    MM
2026 08 16 06 50 230  1.0  1.0   1.1    16   5.5 167 1017.7  20.3  22.5  17.9   MM   MM    MM
2026 08 16 06 40 200  1.0  2.0    MM    MM    MM  MM 1017.6  20.3  22.5  17.9   MM   MM    MM
2026 08 16 06 30 190  1.0  2.0    MM    MM    MM  MM 1017.6  20.3  22.6  17.8   MM   MM    MM
2026 08 16 06 20 210  1.0  2.0   1.1    16   5.8 221 1017.6  20.3  22.6  17.9   MM   MM    MM
2026 08 16 06 10  MM  0.0  1.0   1.1    MM   5.8 221 1017.6  20.4  22.6  18.0   MM   MM    MM
2026 08 16 06 00  MM  0.0  2.0    MM    MM    MM  MM 1017.7  20.3  22.6  17.9   MM +0.7    MM
2026 08 16 05 50  MM  0.0  1.0   1.3    16   5.5 228 1017.9  20.3  22.7  17.9   MM   MM    MM
2026 08 16 05 40 330  1.0  2.0    MM    MM    MM  MM 1017.9  20.3  22.7  17.9   MM   MM    MM
2026 08 16 05 30 340  1.0  2.0    MM    MM    MM  MM 1017.9  20.4  22.6  18.1   MM   MM    MM
2026 08 16 05 20 250  1.0  1.0   1.2    16   5.2 166 1017.9  20.2  22.6  17.9   MM   MM    MM
2026 08 16 05 10 290  2.0  3.0   1.2    MM   5.2 166 1017.9  20.3  22.6  18.0   MM   MM    MM
2026 08 16 05 00 340  2.0  4.0    MM    MM    MM  MM 1017.8  20.4  22.6  18.2   MM +0.9    MM
2026 08 16 04 50 340  3.0  4.0   1.1    15   5.1 212 1017.8  20.3  22.6  18.2   MM   MM    MM
2026 08 16 04 40 340  3.0  4.0    MM    MM    MM  MM 1017.7  20.3  22.6  18.2   MM   MM    MM
2026 08 16 04 30 330  3.0  5.0    MM    MM    MM  MM 1017.6  20.4  22.7  18.3   MM   MM    MM
2026 08 16 04 20 330  3.0  4.0   1.1    16   5.0  56 1017.6  20.5  22.7  18.3   MM   MM    MM
2026 08 16 04 10 310  4.0  6.0   1.1    MM   5.0  56 1017.6  20.6  22.6  18.2   MM   MM    MM
2026 08 16 04 00 270  5.0  6.0    MM    MM    MM  MM 1017.5  20.6  22.6  18.1   MM +0.4    MM
2026 08 16 03 50 260  6.0  7.0   1.1    16   4.9 226 1017.4  20.6  22.6  18.0   MM   MM    MM
2026 08 16 03 40 260  6.0  7.0   1.1    MM   4.9 226 1017.3  20.5  22.6  17.8   MM   MM    MM
2026 08 16 03 30 260  6.0  7.0    MM    MM    MM  MM 1017.2  20.4  22.6  17.7   MM   MM    MM
2026 08 16 03 20 270  6.0  8.0   1.1    16   4.8 209 1017.2  20.3  22.7  17.6   MM   MM    MM
2026 08 16 03 10 270  7.0  8.0   1.1    MM   4.8 209 1017.0  20.5  22.7  17.7   MM   MM    MM
2026 08 16 03 00 270  7.0  8.0    MM    MM    MM  MM 1017.0  20.5  22.7  17.6   MM -0.5    MM
2026 08 16 02 50 270  6.0  7.0   1.0    16   4.9 194 1016.9  20.4  22.7  18.0   MM   MM    MM
2026 08 16 02 40 270  6.0  7.0    MM    MM    MM  MM 1016.9  20.4  22.8  18.1   MM   MM    MM
2026 08 16 02 30 270  7.0  8.0    MM    MM    MM  MM 1016.9  20.5  22.7  18.3   MM   MM    MM
2026 08 16 02 20 270  7.0  8.0   1.0    16   4.6 234 1016.8  20.5  22.8  18.1   MM   MM    MM
2026 08 16 02 10 270  7.0  8.0   1.0    MM   4.6 234 1016.8  20.5  22.8  18.0   MM   MM    MM
2026 08 16 02 00 270  7.0  8.0    MM    MM    MM  MM 1016.7  20.5  22.8  18.0   MM -1.0    MM
2026 08 16 01 50 270  7.0  8.0   1.0    16   5.2 210 1016.8  20.5  22.8  18.1   MM   MM    MM
2026 08 16 01 40 260  7.0  8.0   1.0    MM   5.2 210 1016.8  20.4  22.8  17.9   MM   MM    MM
2026 08 16 01 30 260  7.0  8.0    MM    MM    MM  MM 1016.9  20.5  22.8  18.0   MM   MM    MM
2026 08 16 01 20 260  7.0  8.0   1.0    16   5.6 231 1016.9  20.8  22.8  18.1   MM   MM    MM
2026 08 16 01 10 280  6.0  7.0   1.0    MM   5.6 231 1017.0  20.8  22.8  17.8   MM   MM    MM
2026 08 16 01 00 270  6.0  7.0    MM    MM    MM  MM 1017.0  20.8  22.8  18.0   MM -1.2    MM
2026 08 16 00 50 270  6.0  7.0   1.0    16   5.4 229 1017.2  20.6  22.8  17.9   MM   MM    MM
2026 08 16 00 40 260  6.0  7.0    MM    MM    MM  MM 1017.2  20.6  22.8  18.0   MM   MM    MM
2026 08 16 00 30 260  6.0  7.0    MM    MM    MM  MM 1017.2  20.5  22.8  17.7   MM   MM    MM
2026 08 16 00 20 260  6.0  8.0   1.1    17   6.1 194 1017.3  20.5  22.7  17.9   MM   MM    MM
2026 08 16 00 10 260  6.0  7.0   1.1    MM   6.1 194 1017.4  20.5  22.8  17.9   MM   MM    MM
2026 08 16 00 00 260  6.0  7.0    MM    MM    MM  MM 1017.5  20.5  22.8  17.7   MM -1.3    MM
