baseline_id,source_term,structure,structural_deviation,source_partition,condition_state_sha256,constitutive_relation_count,initial_broken_relations,restored_relations,new_breaks,residual_broken_relations,relation_transition_count,initial_offset,residual_offset,net_offset_change,absolute_offset_change,direction,new_break_fraction,criticality,criticality_order,reference_baseline_top_entry_index,condition_top_entry_index,response_top_entry_index,response_state_sha256,pair_correspondence,pair_js_correspondence,pair_sign_continuity,relation_balance,pair_active_hit,pair_rank_within_active_hits
SB2222,Gastrooesophageal reflux disease,"oesophageal mucosal, peristaltic, and sphincter-control structure",retrograde transit across a normally directional junction or valve,remaining_5256,8091c0def5c9972431bb874819d723650fa7ec9c3b41e0e16072dbcfbc06b591,28,7,3,1,5,4,0.14878272005505488,0.158321194787858,0.009538474732803115,0.009538474732803115,AWAY_FROM_REFERENCE,0.03571428571428571,MINOR,1,231,,,a7009741e9f5636a5e61336388834c92210d7b967ab11fedfa6eee849999bd9c,0.3236621797289093,0.255799914303548,0.6328125,2,True,1
SB3752,Oesophageal reflux aggravated,"oesophageal mucosal, peristaltic, and sphincter-control structure",retrograde transit across a normally directional junction or valve,remaining_5256,8091c0def5c9972431bb874819d723650fa7ec9c3b41e0e16072dbcfbc06b591,28,7,3,1,5,4,0.14878272005505488,0.158321194787858,0.009538474732803115,0.009538474732803115,AWAY_FROM_REFERENCE,0.03571428571428571,MINOR,1,231,,,db94d7121ae45b285a98aab789b4b4bebf484970f468f49215c2513b39654e36,0.3236621797289093,0.255799914303548,0.6328125,2,True,2
SB4565,Reflux esophagitis,"oesophageal mucosal, peristaltic, and sphincter-control structure",retrograde transit across a normally directional junction or valve,remaining_5256,8091c0def5c9972431bb874819d723650fa7ec9c3b41e0e16072dbcfbc06b591,28,7,3,1,5,4,0.14878272005505488,0.158321194787858,0.009538474732803115,0.009538474732803115,AWAY_FROM_REFERENCE,0.03571428571428571,MINOR,1,231,,,d23a39f646d59388b5a58108e05bca41c00bd095078d3890cd9018470f11497c,0.3236621797289093,0.255799914303548,0.6328125,2,True,3
SB4566,Reflux gastritis,"oesophageal mucosal, peristaltic, and sphincter-control structure",retrograde transit across a normally directional junction or valve,remaining_5256,8091c0def5c9972431bb874819d723650fa7ec9c3b41e0e16072dbcfbc06b591,28,7,3,1,5,4,0.14878272005505488,0.158321194787858,0.009538474732803115,0.009538474732803115,AWAY_FROM_REFERENCE,0.03571428571428571,MINOR,1,231,,,8dae30988e03629232f3759bf827b839286498a856811629ec7ada9ffa1529cd,0.3236621797289093,0.255799914303548,0.6328125,2,True,4
SB0372,Aortic valve incompetence,aortic-valve leaflet coaptation and flow-closure structure,failure of valve closure producing abnormal retrograde flow,established_478,95df40eda08e33f0ac4c9a49d328fc587e8b8c0220b2ca8629ac2a7db9bfd9b4,2278,882,101,65,846,166,0.22906647280899362,0.23306381981832147,0.003997347009327856,0.003997347009327856,AWAY_FROM_REFERENCE,0.028533801580333626,MINOR,1,174,,,5842ca45e336677a706f081101b2b721a8df99bd861702e1c0084abdd8506c94,0.32352937384441016,0.2453483217614758,0.6796875,36,True,5
SB5492,VT,cardiac conduction and myocardial rhythm structure,"altered configuration or regulated output of the named structure, expressed as the state described by vt",remaining_5256,4609356e007b2af179aa404ef4dc5c0aa4db59abdf74e028a4331ad7c5544243,21,6,1,0,5,1,0.15100204729724598,0.1601307962704719,0.009128748973225909,0.009128748973225909,AWAY_FROM_REFERENCE,0.0,INFORMATIONAL,0,231,,,7b663c9251ba960979669a8fbabd0ecb2b023c9815d62b8388e7f64e85db4986,0.3212921073506683,0.24776476506179068,0.65625,1,True,6
SB1602,Dropped beats,cardiac conduction and myocardial rhythm structure,intermittent failure or pause of expected cardiac depolarization/conduction cycles,remaining_5256,463d94e08d2bef4f494b721f5f5a343eaa3a45cb9e3356aa639acc9e3a6f7435,21,7,1,0,6,1,0.171088169046401,0.18310353844814176,0.01201536940174075,0.01201536940174075,AWAY_FROM_REFERENCE,0.0,INFORMATIONAL,0,231,,,87a9bdb43b77d3708c5b93a5e386be05daaefcc4e989912c3e816310e7db6eeb,0.3205762092035788,0.25203653561412054,0.6328125,1,True,7
SB1726,Eczema eyelids,"cutaneous epidermal-dermal barrier, appendage, vascular, and immune structure","altered configuration or regulated output of the named structure, expressed as the state described by eczema eyelids",remaining_5256,ea8fc5c96efa0d5c5869f9b34e4a338c61a351cfef298f3f042ceb08dfa0badb,300,122,11,11,122,22,0.165179192705323,0.1698562219321622,0.004677029226839213,0.004677029226839213,AWAY_FROM_REFERENCE,0.03666666666666667,MINOR,1,231,,,9a978315419a689f30f04caf295836979c650f8272f64c9547c015e09e9ee6e2,0.3199927263188188,0.24275027599855958,0.671875,0,True,8
SB1060,Cervical smear test positive,cochlear-mechanical and auditory-neural transduction structure,detectable presence of the measured target where the reference state is absent or lower,remaining_5256,e6c45b5a0416e1f3ba6cafdc593c8bc482d64336b345def4732788a15915b16d,276,84,13,6,77,19,0.14938380324949752,0.15309402950513862,0.0037102262556411025,0.0037102262556411025,AWAY_FROM_REFERENCE,0.021739130434782608,MINOR,1,230,,,24b0b2feac9373478b69f0f61c02aaf70e36b8487e800192ea03ba0ceeae294b,0.31908195405545237,0.2433545171407956,0.6640625,7,True,9
SB0536,Autoimmune thrombocytopenia,"platelet production, activation, adhesion, and aggregation structure",immune recognition directed against self-associated structures with sustained effector perturbation,remaining_5256,19aab52695c44ea385b2e27ae996d8f01206c2cedfca33bf814d7c49c6d0f529,15,3,0,1,4,1,0.12778094491380843,0.1347813841414276,0.007000439227619171,0.007000439227619171,AWAY_FROM_REFERENCE,0.06666666666666667,MINOR,1,230,,,ab1f81ba11ae90522278dd88487de8b439ff46fa33982ddaec3d00217b50aabf,0.3185375473836861,0.24440554558986116,0.65625,-1,True,10
SB1992,Faecal occult blood positive,"intestinal mucosal barrier, smooth-muscle motility, and luminal transport structure",detectable presence of the measured target where the reference state is absent or lower,remaining_5256,d66dd724b71fdcc4d1b8bda98f0da2232522b40e99aaa998a264b54d7b46f6be,276,94,3,10,101,13,0.12432527573333763,0.1415255122672756,0.017200236533937985,0.017200236533937985,AWAY_FROM_REFERENCE,0.036231884057971016,MINOR,1,231,,,28d665d34fc7d4cd6d5ff5c1efe2b16a62d392c7b5f78c85c53b9134efba99a6,0.3173911500656136,0.2481523171531873,0.6328125,-7,True,11
SB1095,Cheyne-Stokes respiration,"pulmonary airway-alveolar, pleural, and gas-exchange structure","altered configuration or regulated output of the named structure, expressed as the state described by cheyne-stokes respiration",remaining_5256,60ca03511a056c5b3583aae5459bbf94fa837ce85fc88a044f52d07ec4b32c8f,36,17,1,1,17,2,0.1761175091395848,0.18008685051057283,0.003969341370988033,0.003969341370988033,AWAY_FROM_REFERENCE,0.027777777777777776,MINOR,1,231,,,14e71d1f624d5260093e8869256af881c078234bd72da66c83567055df244bd3,0.316998649646882,0.24424378005717318,0.6484375,0,True,12
SB4488,QRS complex,cardiac conduction and myocardial rhythm structure,"altered configuration or regulated output of the named structure, expressed as the state described by qrs complex",remaining_5256,59c7d51fb813157dbd76263f48312d79c7d830fc2077e99a306ee838835fdf1c,21,6,1,0,5,1,0.15148360021134188,0.15974209433004805,0.008258494118706161,0.008258494118706161,AWAY_FROM_REFERENCE,0.0,INFORMATIONAL,0,231,,,006c8847347ce8e5f851d890912f14c719629ce94606a03ea1874e6cf908ff9e,0.31682615738102166,0.2457483626597825,0.640625,1,True,13
SB0348,Antidiuresis,renal collecting-duct vasopressin water-reabsorption structure,urine output reduced by increased water retention relative to the reference fluid-balance state,established_478,6212173108f74847102ca442fcf5d9ea18bacf2e271e48de0e2b9dd0bf32cc7e,15,13,0,2,15,2,0.17642730980684762,0.18062602007475825,0.0041987102679106325,0.0041987102679106325,AWAY_FROM_REFERENCE,0.13333333333333333,MINOR,1,231,,,9e8c58829ded1984fba0273094823427d3158215fab8a62bd1823d91c4b9a090,0.3168222305232467,0.242313695760057,0.65625,-2,True,14
SB1707,Ear pruritus,cochlear-mechanical and auditory-neural transduction structure,aberrant cutaneous sensory signaling associated with local barrier/immune perturbation,remaining_5256,0a54686855766afe8283c177e0965860a1bd9b37668beeb895cc901d7409e3a4,276,75,12,11,74,23,0.1564068132670552,0.16324375052497986,0.006836937257924669,0.006836937257924669,AWAY_FROM_REFERENCE,0.03985507246376811,MINOR,1,230,,,2a0efca319b56d02ad5af0030ba6a8dd2d4f5bb78766ad923fdcefab3fb390e4,0.316780072663145,0.24054734471115247,0.6640625,1,True,15
SB1901,Esophageal erosions,"oesophageal mucosal, peristaltic, and sphincter-control structure","altered configuration or regulated output of the named structure, expressed as the state described by esophageal erosions",remaining_5256,33bb0f436a701a98d7541f82ce25c0670382daf5815eb9aad07aa79718ae9728,28,8,4,1,5,5,0.10884672151665953,0.12266467851219409,0.013817956995534564,0.013817956995534564,AWAY_FROM_REFERENCE,0.03571428571428571,MINOR,1,231,,,bceddd510b1677ea8f9a5b8e7f12f8ae1e182e90d429c5443b962211a1db3de0,0.31671900369546346,0.2541923825554433,0.6015625,3,True,16
SB2347,HCV coinfection,innate-adaptive host-defense structure,"altered configuration or regulated output of the named structure, expressed as the state described by hcv coinfection",remaining_5256,6b2317f2bf8683ca8f9cfe8c5be4a46e10a450c60fffcc1926a9a6d0ed623459,15,9,2,0,7,2,0.189780525200812,0.19868636504547,0.008905839844657981,0.008905839844657981,AWAY_FROM_REFERENCE,0.0,INFORMATIONAL,0,231,,,263635f808d6abb3cf73cbe7873682dabe6748906e7afcc5ca4058f125c25906,0.3159973586031961,0.2430226934185319,0.6484375,2,True,17
SB1702,Ear feels clogged,cochlear-mechanical and auditory-neural transduction structure,"altered configuration or regulated output of the named structure, expressed as the state described by ear feels clogged",remaining_5256,8b8b7371170a9e4b2c5c42675f0f54fd8075e39b00fff2fe855668b836c4a9db,276,78,10,9,77,19,0.14523810278802107,0.14908482257043554,0.003846719782414465,0.003846719782414465,AWAY_FROM_REFERENCE,0.03260869565217391,MINOR,1,230,,,3d405e8fb67c8f4c6810d480c369e05f0277342d988048ed12725fff6cf64846,0.31580995391315964,0.24279415111360936,0.6484375,1,True,18
SB2759,Implantation complication,"implanted-device, catheter, or prosthesis tissue-interface structure","altered configuration or regulated output of the named structure, expressed as the state described by implantation complication",remaining_5256,6f812313c806bcb3fa10a1fcf430e3498ca11da48cb15c05d429814a014dec0d,1431,612,43,49,618,92,0.14736324934889566,0.16248377400600744,0.015120524657111778,0.015120524657111778,AWAY_FROM_REFERENCE,0.03424178895877009,MINOR,1,223,,,73badf1a177afe907df7ebf3a625cf1387bec136b1360044c10d1c323ec27113,0.3156184884517727,0.2442755956728936,0.640625,-6,True,19
SB2816,Infrequent bowel movements,"intestinal mucosal barrier, smooth-muscle motility, and luminal transport structure","altered configuration or regulated output of the named structure, expressed as the state described by infrequent bowel movements",remaining_5256,593f4e93f36acd0bafee03df24a11bfaed018cd6c3dec1a3569a57b677a0e8ac,276,93,4,10,99,14,0.11679542417405409,0.13027054682841277,0.013475122654358684,0.013475122654358684,AWAY_FROM_REFERENCE,0.036231884057971016,MINOR,1,231,,,4912bc6f8ed7ea3ed2ca5677d912d50f7e237b67f59dcef6b5c24177c5afa124,0.31539524061904883,0.249148159291523,0.6171875,-6,True,20
SB1653,Dysacusis,cochlear-mechanical and auditory-neural transduction structure,"altered configuration or regulated output of the named structure, expressed as the state described by dysacusis",remaining_5256,83dd7c8dc9096899e123a0b56efac5dc22bf84ba5ce042033ee3bda4b970f675,276,76,8,9,77,17,0.14584765483583428,0.14918981933484488,0.0033421644990105914,0.0033421644990105914,AWAY_FROM_REFERENCE,0.03260869565217391,MINOR,1,230,,,7110ffab3c947da81209e8a845eebd87ed1e0a1cf706d80628865730143edb79,0.3152583727385435,0.2438364301689555,0.640625,-1,True,21
SB1574,"Disorders of fluid, electrolyte and acid-base balance",vestibular sensory-transduction and balance-control structure,"dysregulated structural-functional state involving disorders of fluid, electrolyte and acid-base balance",remaining_5256,46ce24c74642293d2f518b100560adec89d60d320e3455bbd29990dcc1afe5b2,15,6,1,0,5,1,0.17134989257566446,0.18144854597689108,0.01009865340122662,0.01009865340122662,AWAY_FROM_REFERENCE,0.0,INFORMATIONAL,0,198,,,12d9ed95952ec471e54b340af36ea2ce705edb2c968d3eda064d71da82a27750,0.3150749682273787,0.2384679490577789,0.6640625,1,True,22
SB3427,Mucous stools,"intestinal mucosal barrier, smooth-muscle motility, and luminal transport structure","altered configuration or regulated output of the named structure, expressed as the state described by mucous stools",remaining_5256,06ac5d40d823bf5ea15df7938fbc5709388f3df86b063e7d0de63c9cac0f2ff9,276,87,4,17,100,21,0.1133198145394787,0.12814559374798096,0.014825779208502254,0.014825779208502254,AWAY_FROM_REFERENCE,0.06159420289855073,MINOR,1,231,,,85b7a6b12733d8ae71588b809cecf4c47eaff2c4dbb295d4791f0bb3cc33fa41,0.31500958675997137,0.2503927887316725,0.609375,-13,True,23
SB4181,Platelet aggregation inhibition,"platelet production, activation, adhesion, and aggregation structure","altered configuration or regulated output of the named structure, expressed as the state described by platelet aggregation inhibition",remaining_5256,fc22bda7491db1b571c58138a6c803801d36f7a415d0a2b39eec5b16c25b2442,15,6,3,0,3,3,0.14225992264270793,0.14751208095926494,0.00525215831655701,0.00525215831655701,AWAY_FROM_REFERENCE,0.0,INFORMATIONAL,0,230,,,837af99ac626f09ac83f42cdb688c4ae4c5726befdd2ad1c5c14514a0333d456,0.31468453494798587,0.23970674993656815,0.65625,3,True,24
SB2919,Intestinal diaphragm disease,"intestinal mucosal barrier, smooth-muscle motility, and luminal transport structure","altered configuration or regulated output of the named structure, expressed as the state described by intestinal diaphragm disease",remaining_5256,008a6645f67c72f802193e8ed06b7a57493cf0beb5dafeecabe454121585cf5c,276,88,4,19,103,23,0.12212400218899444,0.13788939818036505,0.015765395991370612,0.015765395991370612,AWAY_FROM_REFERENCE,0.06884057971014493,MINOR,1,231,,,51cf88ff10707407deb386ccc5fd8d16fdcd425cb6bd4f40401cad331429b774,0.31466888141223226,0.2516922334295516,0.6015625,-15,True,25
SB3278,Medical device complication,"implanted-device, catheter, or prosthesis tissue-interface structure","altered configuration or regulated output of the named structure, expressed as the state described by medical device complication",remaining_5256,89e350564c3eafba5ff08c39c8c8e2a7afbcdeff36c1aa89cc7bc86aa6808196,1431,616,41,50,625,91,0.14325476392176872,0.16083263696561167,0.01757787304384295,0.01757787304384295,AWAY_FROM_REFERENCE,0.03494060097833683,MINOR,1,223,,,53f5b7d1085bc9b21789834b697410779ba0545a434e3cbea0de42126944f3dd,0.314423655742035,0.2462483606610183,0.625,-9,True,26
SB5070,Subileus,"intestinal mucosal barrier, smooth-muscle motility, and luminal transport structure","altered configuration or regulated output of the named structure, expressed as the state described by subileus",remaining_5256,e7490defd7f6f1def21b95c4df3462687f9cc0391108258cb0adb7fb06779b87,276,103,4,10,109,14,0.11884967812578007,0.13160578259842393,0.012756104472643859,0.012756104472643859,AWAY_FROM_REFERENCE,0.036231884057971016,MINOR,1,231,,,ae55c368c72a44557264aed3e2e4537d201f670c7e32a06b2fa36b6d55d019a7,0.314421884832251,0.24796114003933045,0.6171875,-6,True,27
SB0574,Barrett's oesophagus,"oesophageal mucosal, peristaltic, and sphincter-control structure",replacement of normal distal esophageal squamous epithelium by metaplastic columnar epithelium,remaining_5256,d539cec7a344d9e9f6c6ea1c82e108ad4122d7c97853c01d412ecf120bdd2ceb,28,9,1,0,8,1,0.15733511064354255,0.16653505459181372,0.009199943948271172,0.009199943948271172,AWAY_FROM_REFERENCE,0.0,INFORMATIONAL,0,231,,,fe7d26b732959dbf0472066eace6bbb85e0cbe79749c3e3e62ab6df2363118d6,0.314183429398035,0.2459554017049208,0.625,1,True,28
SB1996,Faeces hard,"intestinal mucosal barrier, smooth-muscle motility, and luminal transport structure","altered configuration or regulated output of the named structure, expressed as the state described by faeces hard",remaining_5256,2f651782231dd958af2bd82d3058bf41532bd31e5c918c1db3cbba5640f369fb,276,86,5,17,98,22,0.11512182647883773,0.13009862230191716,0.014976795823079425,0.014976795823079425,AWAY_FROM_REFERENCE,0.06159420289855073,MINOR,1,231,,,a914b53966cde07af5640ed0cf9adadfd3c83fe5c580d515c6dc12bf0388ff5f,0.31417594284400807,0.24937614980976597,0.609375,-12,True,29
SB3924,Palpitations,cardiac conduction and myocardial rhythm structure,"altered configuration or regulated output of the named structure, expressed as the state described by palpitations",remaining_5256,6419b2129dd17c24383265a9ac7d6bbcbd37ee94508749ae08ede9238ad7bc69,21,6,1,0,5,1,0.14685799366248542,0.15553529223849005,0.008677298576004633,0.008677298576004633,AWAY_FROM_REFERENCE,0.0,INFORMATIONAL,0,231,,,accef8970a0cfb81e9de3fbc9461e01d3e80295cc0c0363a0129184b00e048d5,0.31410124825535274,0.2441402417748204,0.6328125,1,True,30
SB4410,Psoriatic plaque,"cutaneous epidermal-dermal barrier, appendage, vascular, and immune structure","altered configuration or regulated output of the named structure, expressed as the state described by psoriatic plaque",remaining_5256,7678a85ff6b672922836e78fd32ba392683ef3c0d2cffe91dd2bfe0a63e04096,300,112,8,14,118,22,0.1686655265186494,0.16875148818081165,8.596166216223722e-05,8.596166216223722e-05,AWAY_FROM_REFERENCE,0.04666666666666667,MINOR,1,231,,,026ec9b8a814f49fbe671e1c150e23e4c934af1e7da1a4585da04ba3ff0a53dc,0.31374656820076824,0.2402778270741076,0.6484375,-6,True,31
SB4180,Platelet aggregation increased,"platelet production, activation, adhesion, and aggregation structure",measured or functional quantity shifted above its reference structural range,remaining_5256,62b09bb4bb1149fcafe71493ada05f8e210f2b2933583a401d507190df945dd9,15,5,2,1,4,3,0.13984969754819754,0.14455430452861673,0.00470460698041919,0.00470460698041919,AWAY_FROM_REFERENCE,0.06666666666666667,MINOR,1,230,,,f01a886884b2fe5a68a396a54cb8c0434521d67b3c65ae3a376a1d93a8934c7d,0.3136922888722862,0.24192657179547095,0.640625,1,True,32
SB5291,Torsade de pointes,cardiac conduction and myocardial rhythm structure,"altered configuration or regulated output of the named structure, expressed as the state described by torsade de pointes",remaining_5256,3192e1070511a49041ad8a3754f358163e3cf6060270b583fa74a80a4de403eb,21,6,1,0,5,1,0.1567695278865724,0.16565480112782738,0.008885273241254987,0.008885273241254987,AWAY_FROM_REFERENCE,0.0,INFORMATIONAL,0,231,,,b8c8d07633e01a4bb3e6f7824910162c0f1008cb43df9f8a8cbfbec8ad247200,0.3135617379604362,0.2417673633663856,0.640625,1,True,33
SB1738,Ejaculation failure,"male gonadal, ductal, accessory-gland, and reproductive-output structure",reduced or unstable functional output insufficient to maintain the reference structural state,remaining_5256,1d0833fe50a2c4502080245f0c6f4cd496af6493406d7f28bbcea744a7a4c0a5,190,98,10,9,97,19,0.15921224534672362,0.1703275088327072,0.011115263485983573,0.011115263485983573,AWAY_FROM_REFERENCE,0.04736842105263158,MINOR,1,223,,,44bc73d84ab79a255fde8bbd56df7bde8465b4255a353a5789200d7892d83b01,0.3135387035588112,0.2434542116570868,0.6328125,1,True,34
SB1869,Erectile dysfunction,"male gonadal, ductal, accessory-gland, and reproductive-output structure",reduced or unstable functional output insufficient to maintain the reference structural state,remaining_5256,1d0833fe50a2c4502080245f0c6f4cd496af6493406d7f28bbcea744a7a4c0a5,190,98,10,9,97,19,0.15921224534672362,0.1703275088327072,0.011115263485983573,0.011115263485983573,AWAY_FROM_REFERENCE,0.04736842105263158,MINOR,1,223,,,b9125b04fd9f8efa7e5165bf5b515a636593fa9a3f3be1c688f689e60fc426f4,0.3135387035588112,0.2434542116570868,0.6328125,1,True,35
SB1657,Dysautonomia,sympathetic-parasympathetic autonomic-control network,"altered configuration or regulated output of the named structure, expressed as the state described by dysautonomia",remaining_5256,6cb7592d0f0f7d73b643ad03f4b45352cda19a0736a9b34493954077263d14f7,78,37,8,1,30,9,0.15918385607545782,0.16615770690805565,0.006973850832597828,0.006973850832597828,AWAY_FROM_REFERENCE,0.01282051282051282,MINOR,1,223,,,f2cc758cda636726a28f58c58b272f526197bf472daaedca28f7e8a9b40bcdc5,0.3133140763924938,0.24146533706401685,0.640625,7,True,36
SB3950,Papanicolaou smear suspicious,cochlear-mechanical and auditory-neural transduction structure,"altered configuration or regulated output of the named structure, expressed as the state described by papanicolaou smear suspicious",remaining_5256,92ac72fa466cf1fae294dcc47b58fc6838b8e88314e9994acadca336b886027c,276,75,7,14,82,21,0.14338696113085614,0.14780209211778472,0.004415130986928584,0.004415130986928584,AWAY_FROM_REFERENCE,0.050724637681159424,MINOR,1,230,,,68e5849d92592f4d6a7de7a4e9dc720a0540bbc8dcd6100041fa7c8a2f655590,0.31322218677343394,0.24306821557735847,0.6328125,-7,True,37
SB1426,Deafness,cochlear-mechanical and auditory-neural transduction structure,reduction or loss of auditory mechanical/neural signal transduction,remaining_5256,7c8f44187ea8218fc30c19e54782f9e0fd88cf82ef4a5bed429e8cb8568c5f8e,276,65,8,14,71,22,0.1661039219648559,0.1714766423473011,0.005372720382445184,0.005372720382445184,AWAY_FROM_REFERENCE,0.050724637681159424,MINOR,1,230,,,6802f2a6979aca30c8137698d36896520c9c376557baff5af89cbac14533aa4c,0.3131507351111564,0.24126614037945904,0.640625,-6,True,38
SB1427,Deafness bilateral,cochlear-mechanical and auditory-neural transduction structure,reduction or loss of auditory mechanical/neural signal transduction,remaining_5256,7c8f44187ea8218fc30c19e54782f9e0fd88cf82ef4a5bed429e8cb8568c5f8e,276,65,8,14,71,22,0.1661039219648559,0.1714766423473011,0.005372720382445184,0.005372720382445184,AWAY_FROM_REFERENCE,0.050724637681159424,MINOR,1,230,,,821b54741a1ee900d84e2f59172e643cee564c28093acc016d9431e9b511d832,0.3131507351111564,0.24126614037945904,0.640625,-6,True,39
SB1428,Deafness neurosensory,cochlear-mechanical and auditory-neural transduction structure,reduction or loss of auditory mechanical/neural signal transduction,remaining_5256,7c8f44187ea8218fc30c19e54782f9e0fd88cf82ef4a5bed429e8cb8568c5f8e,276,65,8,14,71,22,0.1661039219648559,0.1714766423473011,0.005372720382445184,0.005372720382445184,AWAY_FROM_REFERENCE,0.050724637681159424,MINOR,1,230,,,77a2a3c184da95da114d0ceffa83c32a6596b1e98e4f34968024d15bfaafd971,0.3131507351111564,0.24126614037945904,0.640625,-6,True,40
SB1429,Deafness permanent,cochlear-mechanical and auditory-neural transduction structure,reduction or loss of auditory mechanical/neural signal transduction,remaining_5256,7c8f44187ea8218fc30c19e54782f9e0fd88cf82ef4a5bed429e8cb8568c5f8e,276,65,8,14,71,22,0.1661039219648559,0.1714766423473011,0.005372720382445184,0.005372720382445184,AWAY_FROM_REFERENCE,0.050724637681159424,MINOR,1,230,,,414185c7be2b8d4db1611aa5761c87c536c36d0e4884e584c4afa84cc201708d,0.3131507351111564,0.24126614037945904,0.640625,-6,True,41
SB1430,Deafness transitory,cochlear-mechanical and auditory-neural transduction structure,reduction or loss of auditory mechanical/neural signal transduction,remaining_5256,7c8f44187ea8218fc30c19e54782f9e0fd88cf82ef4a5bed429e8cb8568c5f8e,276,65,8,14,71,22,0.1661039219648559,0.1714766423473011,0.005372720382445184,0.005372720382445184,AWAY_FROM_REFERENCE,0.050724637681159424,MINOR,1,230,,,9ba57e37ae59d00631b89d9f1963ffbc15d1b959f5cc72a842f830f5e024a273,0.3131507351111564,0.24126614037945904,0.640625,-6,True,42
SB1431,Deafness unilateral,cochlear-mechanical and auditory-neural transduction structure,reduction or loss of auditory mechanical/neural signal transduction,remaining_5256,7c8f44187ea8218fc30c19e54782f9e0fd88cf82ef4a5bed429e8cb8568c5f8e,276,65,8,14,71,22,0.1661039219648559,0.1714766423473011,0.005372720382445184,0.005372720382445184,AWAY_FROM_REFERENCE,0.050724637681159424,MINOR,1,230,,,89f059b54d0d4e1745f6740ca3b138d165df13159e023c88990f2e72280589cc,0.3131507351111564,0.24126614037945904,0.640625,-6,True,43
SB4007,Partial permanent deafness,cochlear-mechanical and auditory-neural transduction structure,reduction or loss of auditory mechanical/neural signal transduction,remaining_5256,7c8f44187ea8218fc30c19e54782f9e0fd88cf82ef4a5bed429e8cb8568c5f8e,276,65,8,14,71,22,0.1661039219648559,0.1714766423473011,0.005372720382445184,0.005372720382445184,AWAY_FROM_REFERENCE,0.050724637681159424,MINOR,1,230,,,b3e7c4839dff4171894bd9541af56067adb9d7b6bcf40fb4ec63dd7d07e3073e,0.3131507351111564,0.24126614037945904,0.640625,-6,True,44
SB4009,Partial transitory deafness,cochlear-mechanical and auditory-neural transduction structure,reduction or loss of auditory mechanical/neural signal transduction,remaining_5256,7c8f44187ea8218fc30c19e54782f9e0fd88cf82ef4a5bed429e8cb8568c5f8e,276,65,8,14,71,22,0.1661039219648559,0.1714766423473011,0.005372720382445184,0.005372720382445184,AWAY_FROM_REFERENCE,0.050724637681159424,MINOR,1,230,,,dbd3f661fe7dd30b385c6ed12752ba9005eec1a025939bb3739d97366f09ba0f,0.3131507351111564,0.24126614037945904,0.640625,-6,True,45
SB5076,Sudden deafness,cochlear-mechanical and auditory-neural transduction structure,reduction or loss of auditory mechanical/neural signal transduction,remaining_5256,7c8f44187ea8218fc30c19e54782f9e0fd88cf82ef4a5bed429e8cb8568c5f8e,276,65,8,14,71,22,0.1661039219648559,0.1714766423473011,0.005372720382445184,0.005372720382445184,AWAY_FROM_REFERENCE,0.050724637681159424,MINOR,1,230,,,53caf1f47db2a11484c8ee457135d12bffcbe571e75ca4c506ce73280869f0b4,0.3131507351111564,0.24126614037945904,0.640625,-6,True,46
SB2928,Intestinal perforation,"intestinal mucosal barrier, smooth-muscle motility, and luminal transport structure","altered configuration or regulated output of the named structure, expressed as the state described by intestinal perforation",remaining_5256,c6ea97ed02ba51f0f7127a666a4a7660b5b8d08c66085d719a0757eaada5e7ac,276,89,5,18,102,23,0.11871820269216538,0.1334348538350112,0.014716651142845816,0.014716651142845816,AWAY_FROM_REFERENCE,0.06521739130434782,MINOR,1,231,,,273c7a39293df420325100b2c554a3ef225eb4fe826f2781e5c2d0e52ca862d0,0.3130277487954505,0.2462609741407933,0.6171875,-13,True,47
SB0244,Altered state of consciousness,ascending arousal and cortical-consciousness structure,"altered configuration or regulated output of the named structure, expressed as the state described by altered state of consciousness",established_478,f84a96f595f58ae2c2a187f7c1790b83990e14c64b5b891bf05d25e394bb540c,703,269,35,23,257,58,0.14628634624130965,0.15221269449394514,0.005926348252635494,0.005926348252635494,AWAY_FROM_REFERENCE,0.032716927453769556,MINOR,1,223,,,ca3fceedf3ad20d2aabc82051b2f0a325130303b1caf3f8c46a5f0931634d641,0.31280730515625943,0.2459921404344627,0.6171875,12,True,48
SB2198,Gastrointestinal fullness,"intestinal mucosal barrier, smooth-muscle motility, and luminal transport structure","altered configuration or regulated output of the named structure, expressed as the state described by gastrointestinal fullness",remaining_5256,14a10243d06310a7a60311b1fb5f20b97ef975452d37cc1a89d0a59c794d7dbe,276,95,4,15,106,19,0.12088888770421136,0.13553819023516334,0.01464930253095198,0.01464930253095198,AWAY_FROM_REFERENCE,0.05434782608695652,MINOR,1,231,,,c717a645074d98ab9da6697852fb73b8289d56478d7500595f9f264a886d6976,0.31278088949005534,0.24767486523177484,0.609375,-11,True,49
SB3665,Nitrogen balance negative,vestibular sensory-transduction and balance-control structure,absence or reduction of the measured target relative to the expected reference state,remaining_5256,40edccf6636869b373d6614c2d477a0d15ff64c3a6af525bd25140953aa77797,15,6,1,0,5,1,0.17763642654213196,0.19109955746451646,0.013463130922384492,0.013463130922384492,AWAY_FROM_REFERENCE,0.0,INFORMATIONAL,0,198,,,968ed0fb93c267f939a8d6f2c13c68c70aa97325056069be417ad8ef02d6dd1b,0.31266120582535184,0.24066915344555107,0.640625,1,True,50
SB0091,Acquired keratoderma,epidermal keratinization and barrier structure,excess keratinized epithelial production causing thickened surface architecture,established_478,d614088398a7efdbd0bf5c8775083644db9c160da54af2b01734d47e5dda8eeb,171,58,3,8,63,11,0.15995515565256202,0.1779177677919681,0.017962612139406087,0.017962612139406087,AWAY_FROM_REFERENCE,0.04678362573099415,MINOR,1,223,,,3f57e37b727ebe4ae6ffcbc114e78b4992b8d1ed1ee3bf80bca7f17c89025c04,0.31256999347998915,0.24913261399998676,0.6015625,-5,True,51
SB2734,Ileus,"intestinal mucosal barrier, smooth-muscle motility, and luminal transport structure","altered configuration or regulated output of the named structure, expressed as the state described by ileus",remaining_5256,0840c5c24e98958c1dc415b99e52dd8f5f3ec9bcab9adc209c162686e641f784,276,97,4,11,104,15,0.11926953837211329,0.13338007654151784,0.014110538169404552,0.014110538169404552,AWAY_FROM_REFERENCE,0.03985507246376811,MINOR,1,231,,,4adf52c62587d9a497f08c7693ddc803444676839c885e9c8fbb45586d1706eb,0.31251834167546166,0.24735468497007518,0.609375,-7,True,52
SB4296,Postoperative ileus,"intestinal mucosal barrier, smooth-muscle motility, and luminal transport structure","altered configuration or regulated output of the named structure, expressed as the state described by ileus",remaining_5256,0840c5c24e98958c1dc415b99e52dd8f5f3ec9bcab9adc209c162686e641f784,276,97,4,11,104,15,0.11926953837211329,0.13338007654151784,0.014110538169404552,0.014110538169404552,AWAY_FROM_REFERENCE,0.03985507246376811,MINOR,1,231,,,cf5b653c28a6b88ab0bcbc92508c1dd96575b25102a7fc321103e996d2a00552,0.31251834167546166,0.24735468497007518,0.609375,-7,True,53
SB0045,Abnormal labour,uterine smooth-muscle contractile structure,departure from the reference structural configuration or regulated functional range,established_478,6dcfa24f02e41bd0efbaf11e14a3c0335b5eb01886eb28d6ca3897fc4a66e5bf,406,120,21,21,120,42,0.17533246880578401,0.18460128307470736,0.009268814268923342,0.009268814268923342,AWAY_FROM_REFERENCE,0.05172413793103448,MINOR,1,223,,,701a5f8a90384a1738842b35dabf397992df602b0176da7db4c28c266b0c66db,0.3125162187134455,0.2387774008700555,0.6484375,0,True,54
SB3745,Oesophageal disorder,"oesophageal mucosal, peristaltic, and sphincter-control structure",departure from the reference structural configuration or regulated functional range,remaining_5256,1cbbed926113795600fd6a59067187755974a6bb8b66edb1ccdebf6f1c8f2d09,28,8,3,0,5,3,0.13942266868786723,0.1473988154442396,0.007976146756372371,0.007976146756372371,AWAY_FROM_REFERENCE,0.0,INFORMATIONAL,0,231,,,82f916dbca17ba6d7c5578aaba7bac262aaff6f8dbe2012ac8b9d9526e2e153b,0.31242008600554844,0.2369452268360347,0.65625,3,True,55
SB3748,Oesophageal motility disorder,"oesophageal mucosal, peristaltic, and sphincter-control structure",departure from the reference structural configuration or regulated functional range,remaining_5256,1cbbed926113795600fd6a59067187755974a6bb8b66edb1ccdebf6f1c8f2d09,28,8,3,0,5,3,0.13942266868786723,0.1473988154442396,0.007976146756372371,0.007976146756372371,AWAY_FROM_REFERENCE,0.0,INFORMATIONAL,0,231,,,1c2adee6693d128a4f1d5c189843915f61621a675014514c8bb28631c97a21da,0.31242008600554844,0.2369452268360347,0.65625,3,True,56
SB5133,Syphilis,innate-adaptive host-defense structure,"altered configuration or regulated output of the named structure, expressed as the state described by syphilis",remaining_5256,29cb6f46f39b8e76042da48fa4443cf2566b3f4a4cdb68e6e88db1cddda17a90,15,9,1,0,8,1,0.19335173186580445,0.19880392459134788,0.0054521927255434255,0.0054521927255434255,AWAY_FROM_REFERENCE,0.0,INFORMATIONAL,0,231,,,16d1024d0b159913a9652b386016aa5b9d9457840eae68cde39e999ef459f22e,0.31237753727055745,0.24203815520799687,0.6328125,1,True,57
SB1072,Change of bowel habit,"intestinal mucosal barrier, smooth-muscle motility, and luminal transport structure","altered configuration or regulated output of the named structure, expressed as the state described by change of bowel habit",remaining_5256,1c2b7df5aa3099e18e3e109461ec92f69f2d24bc8ed3f5475a9c107a9f86bf61,276,75,5,19,89,24,0.1117985149281453,0.12633265899487023,0.01453414406672493,0.01453414406672493,AWAY_FROM_REFERENCE,0.06884057971014493,MINOR,1,231,,,4732c07cf116f71bf1d6204cbac7dcc016296f9c70c091cf1758465f7024ea25,0.3121481735222096,0.24690326039293853,0.609375,-14,True,58
SB2212,Gastrointestinal perforation,"intestinal mucosal barrier, smooth-muscle motility, and luminal transport structure","altered configuration or regulated output of the named structure, expressed as the state described by gastrointestinal perforation",remaining_5256,9aee376ab0ca2b1cc035f9ebe04daef5062a7999bef97a945d01b630e3671d95,276,87,4,19,102,23,0.11822585000595964,0.13260168456050536,0.014375834554545719,0.014375834554545719,AWAY_FROM_REFERENCE,0.06884057971014493,MINOR,1,231,,,0a71469139e59f5bbc61c9674c4869a19b5b450ceabc9194e468d8da94a1e1f6,0.31206955178986906,0.24509244120715745,0.6171875,-15,True,59
SB3754,Oesophageal spasm,"oesophageal mucosal, peristaltic, and sphincter-control structure",excess or sustained contractile activation causing abnormal narrowing or mechanical state,remaining_5256,a517d5c7442a99b7fa9a7e135c9d7492bb6ca9e787220b86e1ddc6d2ce49a4f3,28,6,1,0,5,1,0.13089358756748104,0.14003958999455302,0.009146002427071975,0.009146002427071975,AWAY_FROM_REFERENCE,0.0,INFORMATIONAL,0,231,,,7d61400b9e75701443e57cd13877af119ea9988dc67c20b79a3fdbad77811c80,0.31204896639862945,0.24335239804710906,0.625,1,True,60
SB3742,Oesophageal candidiasis,"oesophageal mucosal, peristaltic, and sphincter-control structure","altered configuration or regulated output of the named structure, expressed as the state described by oesophageal candidiasis",remaining_5256,f37f6fc43d3ad084c34c584575bf30a9746f2c96aded6310918da30249c94f55,28,8,2,0,6,2,0.12527856570947815,0.13929893958317063,0.014020373873692482,0.014020373873692482,AWAY_FROM_REFERENCE,0.0,INFORMATIONAL,0,231,,,20bc01ba822448b99fcba5a3e2e60c171b9394d0062b476994c9a4d1d434b4e0,0.31204218041609366,0.2519188175806021,0.5859375,2,True,61
SB3747,Oesophageal irritation,"oesophageal mucosal, peristaltic, and sphincter-control structure","altered configuration or regulated output of the named structure, expressed as the state described by oesophageal irritation",remaining_5256,4848a72d222475a24b93cde3c13e01da742b4ceaff17a5b9ee54ff3c7d9fe53e,28,8,2,1,7,3,0.12289405382119567,0.13662637071595662,0.013732316894760954,0.013732316894760954,AWAY_FROM_REFERENCE,0.03571428571428571,MINOR,1,231,,,ec3c50b238e948ae38b6289a7d92ddeb307b9e8ed017673759047b4627d471e9,0.3118997094622584,0.24660025544177855,0.609375,1,True,62
SB5487,Uterine spasm,"female reproductive, gestational, placental, and reproductive-output structure",excess or sustained contractile activation causing abnormal narrowing or mechanical state,remaining_5256,51a9dfa88eafc07681d13d03df6fda3da46fbc8dcabcb89b17a55ac9389df625,3,1,1,0,0,1,0.14275363477976355,0.1515234094041109,0.00876977462434736,0.00876977462434736,AWAY_FROM_REFERENCE,0.0,INFORMATIONAL,0,38,,,34d476732b5aa3e426786072738e884a4124bae9b7a612d2d0a1b76ef39293b3,0.31188475781164365,0.23800732659956547,0.6484375,1,True,63
SB2735,Ileus paralytic,"intestinal mucosal barrier, smooth-muscle motility, and luminal transport structure","altered configuration or regulated output of the named structure, expressed as the state described by ileus paralytic",remaining_5256,b91a81eb1f542888e1c127423235b4000695aa4b973bd04c641b78d79a14f83e,276,94,2,11,103,13,0.11649179446378022,0.13071319875189424,0.014221404288114026,0.014221404288114026,AWAY_FROM_REFERENCE,0.03985507246376811,MINOR,1,231,,,d5cd7ca052b9e0e9fb8850826d1917ba76044bf8e2212e0e34303ebe86ffb1e5,0.31146405150430473,0.24606896524915212,0.609375,-9,True,64
SB1748,Electrocardiogram QT corrected interval,cardiac conduction and myocardial rhythm structure,"altered configuration or regulated output of the named structure, expressed as the state described by electrocardiogram qt corrected interval",remaining_5256,166f50d888bb6e4203959b9fd2594f5a061ce693eb24c5ea40b9bd4608ab231d,21,6,1,0,5,1,0.1368714827996631,0.14495414431005194,0.008082661510388833,0.008082661510388833,AWAY_FROM_REFERENCE,0.0,INFORMATIONAL,0,231,,,d0680c38a87f86785130f230835d9621cb952a6d9f79dc885fa056003b1a70c5,0.31144548185342813,0.24433138030905877,0.6171875,1,True,65
SB5298,Toxic epidermal necrolysis,"cutaneous epidermal-dermal barrier, appendage, vascular, and immune structure","altered configuration or regulated output of the named structure, expressed as the state described by toxic epidermal necrolysis",remaining_5256,9bac55d9cb5f54ed4ab47b99a0454b0d5844449a6e5d37559a5248f8d757fe4c,300,118,12,13,119,25,0.1678344436899739,0.17057965329629288,0.0027452096063189657,0.0027452096063189657,AWAY_FROM_REFERENCE,0.043333333333333335,MINOR,1,231,,,2fee73d7170943835270720c5defad33dd5fb192a98a30bec49bb0978480fc57,0.3114176058709474,0.24086750715969196,0.6328125,-1,True,66
SB3753,Oesophageal rupture,"oesophageal mucosal, peristaltic, and sphincter-control structure",structural continuity failure producing an abnormal opening or separation,remaining_5256,cd9520f4c44a5841acd6498da11f3f854820a526f788346257ec2f5846fe9fc3,28,8,3,0,5,3,0.12159041168040452,0.1351178775061792,0.013527465825774687,0.013527465825774687,AWAY_FROM_REFERENCE,0.0,INFORMATIONAL,0,231,,,3c19e88def8cf252603b8b0b5c6cdfa24b7ab3be17e3f192e8dbea885b0abbd0,0.311273350064897,0.24926628056694755,0.59375,3,True,67
SB1995,Faeces discoloured,"intestinal mucosal barrier, smooth-muscle motility, and luminal transport structure","altered configuration or regulated output of the named structure, expressed as the state described by faeces discoloured",remaining_5256,b3c7d11d91740ca68f9921f152c5c3567743522778f4dea39f31fbbfa6947e72,276,95,7,14,102,21,0.11533196910454213,0.12891159780027062,0.013579628695728485,0.013579628695728485,AWAY_FROM_REFERENCE,0.050724637681159424,MINOR,1,231,,,1dbca1040d1d1721de4beaf05f6d67d32dd60dbe787e07f4aae1192081345e0f,0.3112011636015082,0.24403343122135146,0.6171875,-7,True,68
SB3273,Mean platelet volume decreased,"platelet production, activation, adhesion, and aggregation structure",measured or functional quantity shifted below its reference structural range,remaining_5256,a6f2e4cc21a368c647216a233eb217e887c0575339e1312b7dcef9baea3da2be,15,5,1,0,4,1,0.1389052085801772,0.14377874055258566,0.004873531972408474,0.004873531972408474,AWAY_FROM_REFERENCE,0.0,INFORMATIONAL,0,230,,,339e97ad9564b9522d284e777156ccd0659872c86e96ae8905c103279ad76965,0.31118759526292744,0.2371571283694237,0.6484375,1,True,69
SB4183,Platelet count decreased,"platelet production, activation, adhesion, and aggregation structure",measured or functional quantity shifted below its reference structural range,remaining_5256,a6f2e4cc21a368c647216a233eb217e887c0575339e1312b7dcef9baea3da2be,15,5,1,0,4,1,0.1389052085801772,0.14377874055258566,0.004873531972408474,0.004873531972408474,AWAY_FROM_REFERENCE,0.0,INFORMATIONAL,0,230,,,184fef2fea83c8e2498aa4284f4bc5ae69b02a94c41e21ae468314c5b22348ff,0.31118759526292744,0.2371571283694237,0.6484375,1,True,70
SB4187,Platelet production decreased,"platelet production, activation, adhesion, and aggregation structure",measured or functional quantity shifted below its reference structural range,remaining_5256,a6f2e4cc21a368c647216a233eb217e887c0575339e1312b7dcef9baea3da2be,15,5,1,0,4,1,0.1389052085801772,0.14377874055258566,0.004873531972408474,0.004873531972408474,AWAY_FROM_REFERENCE,0.0,INFORMATIONAL,0,230,,,8f6cc035a44a1c551cccd85156a03eb082017980765175901a0e2a28afabc87f,0.31118759526292744,0.2371571283694237,0.6484375,1,True,71
SB4188,Plateletcrit decreased,"platelet production, activation, adhesion, and aggregation structure",measured or functional quantity shifted below its reference structural range,remaining_5256,a6f2e4cc21a368c647216a233eb217e887c0575339e1312b7dcef9baea3da2be,15,5,1,0,4,1,0.1389052085801772,0.14377874055258566,0.004873531972408474,0.004873531972408474,AWAY_FROM_REFERENCE,0.0,INFORMATIONAL,0,230,,,2faa1d5023c12c59c47c3b10e1142f1fafbe366742d057defca5c18cb60a0e6d,0.31118759526292744,0.2371571283694237,0.6484375,1,True,72
SB0031,Abdominal spasm,intestinal smooth-muscle motility and luminal-volume structure,excess or sustained contractile activation causing abnormal narrowing or mechanical state,established_478,0bf6d03c325a2e12f8a635f9e1a1f960f8b0b2b4c3d9b8fde370e2b31e632371,351,116,29,8,95,37,0.14524369894820766,0.1525836137104073,0.00733991476219964,0.00733991476219964,AWAY_FROM_REFERENCE,0.022792022792022793,MINOR,1,223,,,04100c94e87fc72a10c1fd2250339c62ffd2b4e838879e48450587182d0e10e0,0.31103554986296267,0.23697170714995452,0.6484375,21,True,73
SB2069,Flatulence,"intestinal mucosal barrier, smooth-muscle motility, and luminal transport structure","altered configuration or regulated output of the named structure, expressed as the state described by flatulence",remaining_5256,6a9a91b4472c47fe4f0aec97794aa07b2f1b286f75281a88f05b918496108ca4,276,94,4,14,104,18,0.11897417884392247,0.1333995536801883,0.014425374836265825,0.014425374836265825,AWAY_FROM_REFERENCE,0.050724637681159424,MINOR,1,231,,,f50b089e1a19abada0482837e9d8e60969e3451c087f4bd2fb5b95f624631fcc,0.3109762584463923,0.24547409566633216,0.609375,-10,True,74
SB4336,Proarrhythmia,cardiac conduction and myocardial rhythm structure,"altered configuration or regulated output of the named structure, expressed as the state described by proarrhythmia",remaining_5256,be538d0f51b281d0c06664fc841edb4a4e500fc03c2d595a0d3c856cd1260e19,21,6,1,0,5,1,0.1427075473666094,0.1510730709443867,0.008365523577777312,0.008365523577777312,AWAY_FROM_REFERENCE,0.0,INFORMATIONAL,0,231,,,b662987ccc07c526714b0df40d0658eb06ba8be95608fd97b55c18c30c083162,0.31086116838216254,0.24361880290507631,0.6171875,1,True,75
SB4472,Purpura non-thrombocytopenic,"platelet production, activation, adhesion, and aggregation structure","altered configuration or regulated output of the named structure, expressed as the state described by purpura non-thrombocytopenic",remaining_5256,5b91c215ef5ae029d642287584593f4f056758cd724695dfa41c52c90da3523f,15,5,2,0,3,2,0.13895515156607563,0.14354234993387238,0.004587198367796752,0.004587198367796752,AWAY_FROM_REFERENCE,0.0,INFORMATIONAL,0,230,,,4d8f24c6f368a39eb92bc0c40b7758165d10e41a94f5eb13387d47d5523a37bf,0.310835585393308,0.2350129090162293,0.65625,2,True,76
SB1993,Faecalith,"intestinal mucosal barrier, smooth-muscle motility, and luminal transport structure","altered configuration or regulated output of the named structure, expressed as the state described by faecalith",remaining_5256,7a91740d197e7f0550b27538f153025a2f59e896062302bb110a18cbc64d7a41,276,96,4,15,107,19,0.12030550036683041,0.13438304434835102,0.014077543981520613,0.014077543981520613,AWAY_FROM_REFERENCE,0.05434782608695652,MINOR,1,231,,,f7809ff14d2e89c4ac5fdf0f6dcf71b39dfb3c9cc7f1c946cd3b27726e047a02,0.3107481280189516,0.2434809488035995,0.6171875,-11,True,77
SB3755,Oesophageal stenosis,"oesophageal mucosal, peristaltic, and sphincter-control structure",pathologic lumen narrowing with increased resistance to transit or flow,remaining_5256,94f5960db9ee5bd1ebda139934ff1fde719ece0c5f8caf72904a522d0aec8e0c,28,9,3,0,6,3,0.1646270010503954,0.17697371107084658,0.01234671002045118,0.01234671002045118,AWAY_FROM_REFERENCE,0.0,INFORMATIONAL,0,231,,,c07c2d3831ccdb9f6c8025c247ac9a32bb9525a25fe546dcfff754ce4443b51a,0.3106980182888257,0.23998996132783623,0.6328125,3,True,78
SB3756,Oesophageal stenosis acquired,"oesophageal mucosal, peristaltic, and sphincter-control structure",pathologic lumen narrowing with increased resistance to transit or flow,remaining_5256,94f5960db9ee5bd1ebda139934ff1fde719ece0c5f8caf72904a522d0aec8e0c,28,9,3,0,6,3,0.1646270010503954,0.17697371107084658,0.01234671002045118,0.01234671002045118,AWAY_FROM_REFERENCE,0.0,INFORMATIONAL,0,231,,,bf413fcd6efd912314fe9af7250bba14809f84e1e6345535e36ed9ef756fc4d0,0.3106980182888257,0.23998996132783623,0.6328125,3,True,79
SB3751,Oesophageal perforation,"oesophageal mucosal, peristaltic, and sphincter-control structure","altered configuration or regulated output of the named structure, expressed as the state described by oesophageal perforation",remaining_5256,7a584f2aa4b313c95542f95d9607747d618571b72acfa23bb5e151a5b6b5f482,28,8,2,1,7,3,0.12241380980989658,0.13568332705508357,0.01326951724518699,0.01326951724518699,AWAY_FROM_REFERENCE,0.03571428571428571,MINOR,1,231,,,f68eefde58fe4c823ab75bff6132650ab856b2cb632e455c669ee7d964dbd264,0.31059655628187516,0.24672598327057949,0.6015625,1,True,80
SB3740,Oesophageal achalasia,"oesophageal mucosal, peristaltic, and sphincter-control structure","altered configuration or regulated output of the named structure, expressed as the state described by oesophageal achalasia",remaining_5256,4a37faef29ff691c8e78ebd80e024af3f2ffc1910f74c61d6aacdf63138c7188,28,9,4,0,5,4,0.12264380388455709,0.1360755391456776,0.013431735261120514,0.013431735261120514,AWAY_FROM_REFERENCE,0.0,INFORMATIONAL,0,231,,,0236a12292d996bdd3f955ee6da9025e36cccde7ce25d77a3b2b449495840664,0.31050777897509685,0.2483326572867035,0.59375,4,True,81
SB4455,Pulse irregular,cardiac conduction and myocardial rhythm structure,"altered configuration or regulated output of the named structure, expressed as the state described by pulse irregular",remaining_5256,0c4f71ba01500cd833ff688dbfa3ad40600ece2645f10e95119d0d4d8f61e1ef,21,6,1,0,5,1,0.144519851728509,0.15257053088236816,0.008050679153859153,0.008050679153859153,AWAY_FROM_REFERENCE,0.0,INFORMATIONAL,0,231,,,e423a7e72120bd8c6d9a4e92473edfbd29d7497ac4738bfb40ed51d95581bd28,0.3104483909299852,0.24311541576827467,0.6171875,1,True,82
SB0070,Accidental ingestion,non-structural exposure event,"altered configuration or regulated output of the named structure, expressed as the state described by accidental ingestion",established_478,1124294ba1b8b7a61fc4d7c34c5721987e34507c1e19b27be25443220cd30107,36,19,1,1,19,2,0.28854143760614315,0.29430590101316534,0.005764463407022191,0.005764463407022191,AWAY_FROM_REFERENCE,0.027777777777777776,MINOR,1,231,,,1201016159d99c95d79c8bf52ef7a8aa713dac278d45de78df33c8372a8ea12c,0.3104392252461667,0.23624448200752035,0.6484375,0,True,83
SB0294,Anastomotic ulcer,anastomotic mucosal barrier and ulcer-healing structure,localized epithelial or tissue-surface loss with reduced barrier continuity,established_478,9dfb090f36d5bbf5d0b0c469cd104e46d2fa15ebe8ed3ced3e5290b672b214ec,45,21,2,2,21,4,0.15785970076719513,0.16548091738870196,0.007621216621506832,0.007621216621506832,AWAY_FROM_REFERENCE,0.044444444444444446,MINOR,1,231,,,6a02b7c27c0a8f9f5e107a019521d7e3caef4b39854f3f554481f76df152c3af,0.31014850839309477,0.24617958340621315,0.6015625,0,True,84
SB2931,Intestinal stoma complication,"intestinal mucosal barrier, smooth-muscle motility, and luminal transport structure","altered configuration or regulated output of the named structure, expressed as the state described by intestinal stoma complication",remaining_5256,2bda47b55c692f67d5b4dfa3e7d9ca4bc64adcd4cef3aeb7af7e007ec848ab0a,276,87,2,19,104,21,0.12057738736651846,0.13489280837510875,0.01431542100859029,0.01431542100859029,AWAY_FROM_REFERENCE,0.06884057971014493,MINOR,1,231,,,0e8030fe61a674ede3bd7b2bb3f4a59ab76cd5892a640239811c97a84c591201,0.3100426665688719,0.24262062996203893,0.6171875,-17,True,85
SB0932,Carbohydrate craving,"glucose-carbohydrate digestion, transport, insulin-response, and storage structure",excess motivational salience directed toward acquisition or intake of a specific substance or behavior,remaining_5256,76e1d645bf9c8eadee863f9a0c21e0ce9a30659b61e5aab858e86578dc4ec2c5,28,13,2,1,12,3,0.13292289515744127,0.13963197109181413,0.006709075934372866,0.006709075934372866,AWAY_FROM_REFERENCE,0.03571428571428571,MINOR,1,223,,,6967538cd47ac99c489c01e987271486d8fd3bfa942ade2b5abccb7452309456,0.30990481788709456,0.24588239986231042,0.6015625,1,True,86
SB2517,Herpes NOS,innate-adaptive host-defense structure,"altered configuration or regulated output of the named structure, expressed as the state described by herpes",remaining_5256,ac504f77d244b12ccf0f2e5cc2a0fe7fb89cdae57a4925d5fb741de5fa70c667,15,9,1,0,8,1,0.19038885964529595,0.19581530928131397,0.005426449636018016,0.005426449636018016,AWAY_FROM_REFERENCE,0.0,INFORMATIONAL,0,231,,,5448bde01cfc42aa52d471f955a38429df58735ededab352b6697d0dbe578dac,0.3098466558183839,0.23895171441266327,0.6328125,1,True,87
SB1994,Faecaloma,"intestinal mucosal barrier, smooth-muscle motility, and luminal transport structure","altered configuration or regulated output of the named structure, expressed as the state described by faecaloma",remaining_5256,00e9911ef8eb97f99ce71cef216cd70514359821368423af690f3130d4656745,276,95,5,15,105,20,0.11765458384064542,0.13147956605399402,0.013824982213348602,0.013824982213348602,AWAY_FROM_REFERENCE,0.05434782608695652,MINOR,1,231,,,f0ea454d6b7ec8355cb24246716654e4dfd20c8099ee6141a649f77af64ec459,0.3097480420593406,0.2439762708040739,0.609375,-10,True,88
SB1300,Contraceptive device complication,"implanted-device, catheter, or prosthesis tissue-interface structure","altered configuration or regulated output of the named structure, expressed as the state described by contraceptive device complication",remaining_5256,8921e2f7a3ba0391da91e39e61dfaa1d6592c1de1d2c5d406d01cb214affb652,1431,642,47,43,638,90,0.15334628544319806,0.17055237091757158,0.017206085474373523,0.017206085474373523,AWAY_FROM_REFERENCE,0.03004891684136967,MINOR,1,223,,,2646f2c5a40ea458a5b40bc4760bcd33ecd2616d0562ea36e0146ad5cc31c180,0.3096544567483797,0.2421472033516826,0.6171875,4,True,89
SB2519,Herpes labialis,innate-adaptive host-defense structure,"altered configuration or regulated output of the named structure, expressed as the state described by herpes labialis",remaining_5256,33d7a3aa30eeea4bfb1e41f638215c7768dceb67e776765a10a6bbacc8409692,15,9,2,0,7,2,0.18556848009455285,0.19312090555417627,0.007552425459623424,0.007552425459623424,AWAY_FROM_REFERENCE,0.0,INFORMATIONAL,0,231,,,15c8eb8eb41e7d0cc6d5264181326eb81a447645f7c9aca44e3a318fec486998,0.3096260780279241,0.2403976561316148,0.625,2,True,90
SB1750,Electrocardiogram QT interval,cardiac conduction and myocardial rhythm structure,"altered configuration or regulated output of the named structure, expressed as the state described by electrocardiogram qt interval",remaining_5256,a7b668e7a6528591e4810db9d3781d0fde933a7fbc40eb3a3b795137b1699831,21,6,1,0,5,1,0.13487048430646842,0.14328918402153823,0.00841869971506981,0.00841869971506981,AWAY_FROM_REFERENCE,0.0,INFORMATIONAL,0,231,,,ec9e33353c770440ad21f0ea6e44c0fdf96766b9a425e79aeafdb69e6c89853c,0.3095244609778651,0.24541854997300627,0.6015625,1,True,91
SB0533,Autoimmune disorder,"systemic immune-recognition, signaling, and effector-response structure",immune recognition directed against self-associated structures with sustained effector perturbation,remaining_5256,d38f8640af6253c0bb80f60cf91fbb6389bb71472276d8f0009d408e50155aa2,378,123,8,24,139,32,0.12313171041400284,0.13192451456548993,0.008792804151487088,0.008792804151487088,AWAY_FROM_REFERENCE,0.06349206349206349,MINOR,1,231,,,ec8b536e7947e08f3c3192abbc30141a6273a91837a25f27bded328c1676b369,0.309406544809967,0.24012993269508176,0.625,-16,True,92
SB3171,Loose stools,"intestinal mucosal barrier, smooth-muscle motility, and luminal transport structure","altered configuration or regulated output of the named structure, expressed as the state described by loose stools",remaining_5256,d9c13e00d4c31eb1e78284ac41c9e02785b34a944baf1053d62a352d9e909209,276,86,5,17,98,22,0.11302862542610603,0.12640001049113048,0.013371385065024444,0.013371385065024444,AWAY_FROM_REFERENCE,0.06159420289855073,MINOR,1,231,,,73ee106b180726bf5420f3fae5032ff52f815c393e9307bdd7e4bca73b19c46a,0.3093981220647211,0.2418346000789282,0.6171875,-12,True,93
SB0005,ANA increased,antinuclear autoantibody immune-recognition structure,measured or functional quantity shifted above its reference structural range,established_478,80370ceee86577a9155bd3ff819c052f21fcf7a3c1f3c3ddda82799b2bfc7d84,45,12,1,2,13,3,0.18659277101615257,0.18903497425557658,0.0024422032394240123,0.0024422032394240123,AWAY_FROM_REFERENCE,0.044444444444444446,MINOR,1,231,,,7b043dc657d9e9b52d342fa19add8dedcbd3edf2d7c571681f579ad17fe0914b,0.309368945631262,0.24008408003812443,0.625,-1,True,94
SB0351,Antinuclear antibody increased,antinuclear autoantibody immune-recognition structure,measured or functional quantity shifted above its reference structural range,established_478,80370ceee86577a9155bd3ff819c052f21fcf7a3c1f3c3ddda82799b2bfc7d84,45,12,1,2,13,3,0.18659277101615257,0.18903497425557658,0.0024422032394240123,0.0024422032394240123,AWAY_FROM_REFERENCE,0.044444444444444446,MINOR,1,231,,,86d1cd49b9809088a622b55b856a14ddc1bfc4464d2c237b25a347d3ae4489a7,0.309368945631262,0.24008408003812443,0.625,-1,True,95
SB0352,Antinuclear antibody positive,antinuclear autoantibody immune-recognition structure,detectable presence of the measured target where the reference state is absent or lower,established_478,3babd0a2347c77dd45639996dc5f496563c6f5c29b74ef2fe8e7199324ae63d0,45,11,0,4,15,4,0.19619664608130316,0.20343124413757585,0.00723459805627269,0.00723459805627269,AWAY_FROM_REFERENCE,0.08888888888888889,MINOR,1,231,,,46696a0c25c0a364cadece3e11bce514e0e0885fbdc2905c6820207b3bbc8761,0.30933878588399694,0.24690705595609386,0.59375,-4,True,96
SB2218,Gastrointestinal tract irritation,"intestinal mucosal barrier, smooth-muscle motility, and luminal transport structure","altered configuration or regulated output of the named structure, expressed as the state described by gastrointestinal tract irritation",remaining_5256,8890d0eb97ced2706974f3cc42266b43cf8b9ecdf4cf88633bd76ab080181602,276,95,2,14,107,16,0.12361822339828266,0.13896314829405254,0.015344924895769885,0.015344924895769885,AWAY_FROM_REFERENCE,0.050724637681159424,MINOR,1,231,,,9ca1a32986ca2d9c52ded9117cb9264d7b4d2f879e1a80778c6d98d0f0f8e798,0.3092199799886024,0.24504723169341758,0.6015625,-12,True,97
SB0539,Autonomic nervous system imbalance,vestibular sensory-transduction and balance-control structure,departure from the reference structural configuration or regulated functional range,remaining_5256,eaf5ac79481508d425c7a4f6e01e99bca11d5d062dc4ef597351c12650e79064,15,4,1,0,3,1,0.19117992639832704,0.2025530753115663,0.011373148913239262,0.011373148913239262,AWAY_FROM_REFERENCE,0.0,INFORMATIONAL,0,198,,,670546c9cf8178c5495a45c4ed0131fe99753c7cab4112cc34d6df9d3b2c5317,0.30921729273757004,0.23475432041167077,0.6484375,1,True,98
SB1568,Disequilibrium syndrome,vestibular sensory-transduction and balance-control structure,departure from the reference structural configuration or regulated functional range,remaining_5256,eaf5ac79481508d425c7a4f6e01e99bca11d5d062dc4ef597351c12650e79064,15,4,1,0,3,1,0.19117992639832704,0.2025530753115663,0.011373148913239262,0.011373148913239262,AWAY_FROM_REFERENCE,0.0,INFORMATIONAL,0,198,,,c51f744cd2da4a43c2d80e48eb7e224ed2656248bdcfaf6061f5ef8a5bd27546,0.30921729273757004,0.23475432041167077,0.6484375,1,True,99
SB1774,Electrolyte imbalance,vestibular sensory-transduction and balance-control structure,departure from the reference structural configuration or regulated functional range,remaining_5256,eaf5ac79481508d425c7a4f6e01e99bca11d5d062dc4ef597351c12650e79064,15,4,1,0,3,1,0.19117992639832704,0.2025530753115663,0.011373148913239262,0.011373148913239262,AWAY_FROM_REFERENCE,0.0,INFORMATIONAL,0,198,,,f9ef75e4a8eb1595a1e08da3c047047fea54e76ae0b5f38341a7d1cf446e09d2,0.30921729273757004,0.23475432041167077,0.6484375,1,True,100
SB2075,Fluid and electrolyte imbalance,vestibular sensory-transduction and balance-control structure,departure from the reference structural configuration or regulated functional range,remaining_5256,eaf5ac79481508d425c7a4f6e01e99bca11d5d062dc4ef597351c12650e79064,15,4,1,0,3,1,0.19117992639832704,0.2025530753115663,0.011373148913239262,0.011373148913239262,AWAY_FROM_REFERENCE,0.0,INFORMATIONAL,0,198,,,83aa177d18e780f855174b2e19956fba52ca81f5c6f4db7ddb2f0af67ad2af1f,0.30921729273757004,0.23475432041167077,0.6484375,1,True,101
SB2076,Fluid imbalance,vestibular sensory-transduction and balance-control structure,departure from the reference structural configuration or regulated functional range,remaining_5256,eaf5ac79481508d425c7a4f6e01e99bca11d5d062dc4ef597351c12650e79064,15,4,1,0,3,1,0.19117992639832704,0.2025530753115663,0.011373148913239262,0.011373148913239262,AWAY_FROM_REFERENCE,0.0,INFORMATIONAL,0,198,,,a914501f83cd47cebfcae939cada117f5ed9c3503e86c7d32ac647a7d79a6cc4,0.30921729273757004,0.23475432041167077,0.6484375,1,True,102
SB3031,Labyrinthine disorder,vestibular sensory-transduction and balance-control structure,departure from the reference structural configuration or regulated functional range,remaining_5256,eaf5ac79481508d425c7a4f6e01e99bca11d5d062dc4ef597351c12650e79064,15,4,1,0,3,1,0.19117992639832704,0.2025530753115663,0.011373148913239262,0.011373148913239262,AWAY_FROM_REFERENCE,0.0,INFORMATIONAL,0,198,,,dab7cdcddb9041ae285c81551d7c2576d685d65acc3372af261c3b741302d465,0.30921729273757004,0.23475432041167077,0.6484375,1,True,103
SB5599,Vestibular disorder,vestibular sensory-transduction and balance-control structure,departure from the reference structural configuration or regulated functional range,remaining_5256,eaf5ac79481508d425c7a4f6e01e99bca11d5d062dc4ef597351c12650e79064,15,4,1,0,3,1,0.19117992639832704,0.2025530753115663,0.011373148913239262,0.011373148913239262,AWAY_FROM_REFERENCE,0.0,INFORMATIONAL,0,198,,,77fa105b54a454408d6d616c65ec1e2201a1e2bb5cd7cd2267e9527ba8a9fca8,0.30921729273757004,0.23475432041167077,0.6484375,1,True,104
SB5601,Vestibular toxicity,vestibular sensory-transduction and balance-control structure,departure from the reference structural configuration or regulated functional range,remaining_5256,eaf5ac79481508d425c7a4f6e01e99bca11d5d062dc4ef597351c12650e79064,15,4,1,0,3,1,0.19117992639832704,0.2025530753115663,0.011373148913239262,0.011373148913239262,AWAY_FROM_REFERENCE,0.0,INFORMATIONAL,0,198,,,22ab44bfe867519a2783fb763e9bbf553440543ed228e3900caa0288f8e8a571,0.30921729273757004,0.23475432041167077,0.6484375,1,True,105
SB5524,Varices oesophageal,"oesophageal mucosal, peristaltic, and sphincter-control structure","altered configuration or regulated output of the named structure, expressed as the state described by varices oesophageal",remaining_5256,3e61c63f47d78d9c5c8e6691ab7473cd435d884ab8985ae7402b1945afc9f242,28,8,4,1,5,5,0.10138100434095221,0.11318262372587273,0.011801619384920525,0.011801619384920525,AWAY_FROM_REFERENCE,0.03571428571428571,MINOR,1,231,,,48c2042894fa4f92f0b2a690e715014ca71201484eb9b78e856ef9ef647d58d6,0.309115584173573,0.24663485874825974,0.59375,3,True,106
SB3114,Linear IgA disease,cochlear-mechanical and auditory-neural transduction structure,"altered configuration or regulated output of the named structure, expressed as the state described by linear iga disease",remaining_5256,e023e7e5c40d5a555202eb3f875cc7057b3c78278dc02199b3bee73b3fd1d0b6,276,72,9,11,74,20,0.1416623718315665,0.1462386489538221,0.004576277122255612,0.004576277122255612,AWAY_FROM_REFERENCE,0.03985507246376811,MINOR,1,230,,,284e49601ebfbec24db9d179be5d87f47120da4eafcc6f5afbfa8ff4ed2f0548,0.3091083937808424,0.2397663338790762,0.625,-2,True,107
SB1745,Electrocardiogram QRS complex,cardiac conduction and myocardial rhythm structure,"altered configuration or regulated output of the named structure, expressed as the state described by electrocardiogram qrs complex",remaining_5256,c0c1f09aa3311e2017c589a9b03ca52513f24b3b73c0736419563d4d6daaecbd,21,6,1,0,5,1,0.1384773224115069,0.14581746798292006,0.007340145571413159,0.007340145571413159,AWAY_FROM_REFERENCE,0.0,INFORMATIONAL,0,231,,,4730e95e6aed42811ad5cd3094f894ae0d01b0a9a13fd2a4f79ac27f7f6749cf,0.3089743642501591,0.24303276128068185,0.609375,1,True,108
SB4948,Soft stools,"intestinal mucosal barrier, smooth-muscle motility, and luminal transport structure","altered configuration or regulated output of the named structure, expressed as the state described by soft stools",remaining_5256,28b6240d0e7f5f1a0604ef3728e3b00caef6e692b5f17a14aa11efce2d39a00f,276,96,5,12,103,17,0.12013266329025873,0.13384596476249377,0.01371330147223504,0.01371330147223504,AWAY_FROM_REFERENCE,0.043478260869565216,MINOR,1,231,,,e6351a05656960987d5c74128882e49407010701605da2ac11974b207bc511e5,0.3089401419213825,0.24470596575778358,0.6015625,-7,True,109
SB1699,Ear congestion,cochlear-mechanical and auditory-neural transduction structure,"altered configuration or regulated output of the named structure, expressed as the state described by ear congestion",remaining_5256,cd886ffcad71a22c0c7408b430af966fab5dc3845c0a81bfb0d060bd06ad117f,276,76,8,11,79,19,0.14063487971315303,0.14404370076371042,0.003408821050557398,0.003408821050557398,AWAY_FROM_REFERENCE,0.03985507246376811,MINOR,1,230,,,8099a68408bec276b96ca6380ca30e6b924d6fccecc0661515140f5516ff8689,0.30887009759958317,0.23776078975558923,0.6328125,-3,True,110
SB3596,Nephrogenic diabetes insipidus,renal glomerular-tubular filtration and fluid-balance structure,failure of water-conservation signaling or renal response causing excessive dilute urine output,remaining_5256,87f3920a5dc0db1b0a067c4c0863c65100b3c1ddbad4efb3022aed992041ac85,91,32,2,5,35,7,0.15707663157157592,0.16454496022565912,0.007468328654083201,0.007468328654083201,AWAY_FROM_REFERENCE,0.054945054945054944,MINOR,1,231,,,d063c47f07e48d5ed0947f065ebe4a016a162c39f2d8f99136756bc97986a931,0.3088324026261138,0.23942975930013877,0.625,-3,True,111
SB2813,Influenza,innate-adaptive host-defense structure,"altered configuration or regulated output of the named structure, expressed as the state described by influenza",remaining_5256,8e9fcdea28477c1e43159d326873b3cb9f62ea913f0ed053fa2cdf17669dce18,15,9,1,0,8,1,0.1797973302726541,0.18499776705980697,0.005200436787152873,0.005200436787152873,AWAY_FROM_REFERENCE,0.0,INFORMATIONAL,0,231,,,ec895841fa82f0a72b132c4ede1c59ec3b70dd76a47d3e6a8bb97926b7864e15,0.3087375285039445,0.23759912012676154,0.6328125,1,True,112
SB2433,Heartburn,"oesophageal mucosal, peristaltic, and sphincter-control structure","altered configuration or regulated output of the named structure, expressed as the state described by heartburn",remaining_5256,7dfc9e4d0cb2786196ebd77db0884025da258485f77875e37b8ec08dc6a4cea3,28,8,3,1,6,4,0.11736717482280035,0.12898869725510342,0.011621522432303077,0.011621522432303077,AWAY_FROM_REFERENCE,0.03571428571428571,MINOR,1,231,,,8d6e3fe9400258003ac103248a864418dfaf3268d09c3220463532739b01069e,0.30865672834783736,0.24436033944858215,0.6015625,2,True,113
SB2192,Gastrointestinal candidiasis,"intestinal mucosal barrier, smooth-muscle motility, and luminal transport structure","altered configuration or regulated output of the named structure, expressed as the state described by gastrointestinal candidiasis",remaining_5256,cf60b8c3ad1e1175ffeb70f321899e0404f794500af4fba30850a452a66b6e6d,276,96,2,16,110,18,0.12146456714711173,0.13575348178298663,0.014288914635874894,0.014288914635874894,AWAY_FROM_REFERENCE,0.057971014492753624,MINOR,1,231,,,7f973d7b4935a0735d332e62d778467418c74f6f131a2341c18d4135eb4ed445,0.3085961424679514,0.24600139325359927,0.59375,-14,True,114
SB0073,Accommodation disorder,ciliary-muscle lens-accommodation structure,departure from the reference structural configuration or regulated functional range,established_478,308ff0d62fb9c811298c588f12746eef8bfab9dce77a5ab6fe9e4101aa8e05a9,66,40,1,3,42,4,0.20687682031618027,0.20972231196651636,0.002845491650336096,0.002845491650336096,AWAY_FROM_REFERENCE,0.045454545454545456,MINOR,1,144,,,9ba5fe4183ef0514c5894fd0f0f057fc3a1ebaa8beeaad94c10d83e040e8db28,0.3085842116511314,0.23569720933064808,0.640625,-2,True,115
SB3368,Middle ear effusion,cochlear-mechanical and auditory-neural transduction structure,"excess fluid accumulation within interstitial, tissue, or cavity compartments",remaining_5256,a18175b849cb4ea3a5fdce155bc9884437bf060dc139fa7d2970a0c82253bbcc,276,66,12,11,65,23,0.1527081045832327,0.15739248678890938,0.004684382205676685,0.004684382205676685,AWAY_FROM_REFERENCE,0.03985507246376811,MINOR,1,230,,,71097ac0bdf20e27b347d6f69f51ebe34202bf3d16b8815ef1e5a20b098bcfb9,0.30848667135805097,0.24929776994884267,0.578125,1,True,116
SB4179,Platelet aggregation abnormal,"platelet production, activation, adhesion, and aggregation structure",departure from the reference structural configuration or regulated functional range,remaining_5256,41d13f1b8c674a58007c3e908eec1ccc1454a8562c42e2bb2e02136a10e36517,15,2,0,3,5,3,0.15928422085717253,0.16811909029448802,0.008834869437315485,0.008834869437315485,AWAY_FROM_REFERENCE,0.2,MINOR,1,230,,,3ea0b8d1a747fb00345c8ab7d3bfac391e8ea6197f3616d172f3892570235ed3,0.30844083810242656,0.2320924854907641,0.65625,-3,True,117
SB4182,Platelet count abnormal,"platelet production, activation, adhesion, and aggregation structure",departure from the reference structural configuration or regulated functional range,remaining_5256,41d13f1b8c674a58007c3e908eec1ccc1454a8562c42e2bb2e02136a10e36517,15,2,0,3,5,3,0.15928422085717253,0.16811909029448802,0.008834869437315485,0.008834869437315485,AWAY_FROM_REFERENCE,0.2,MINOR,1,230,,,8122694966c7e5394d68c3ae6f97686c5c7133f627bcaefe010eeef95796997e,0.30844083810242656,0.2320924854907641,0.65625,-3,True,118
SB4185,Platelet disorder,"platelet production, activation, adhesion, and aggregation structure",departure from the reference structural configuration or regulated functional range,remaining_5256,41d13f1b8c674a58007c3e908eec1ccc1454a8562c42e2bb2e02136a10e36517,15,2,0,3,5,3,0.15928422085717253,0.16811909029448802,0.008834869437315485,0.008834869437315485,AWAY_FROM_REFERENCE,0.2,MINOR,1,230,,,9851d8945612ebdcc1bd980b57b162ea87dfab15a2eb78556d1922077edce6d2,0.30844083810242656,0.2320924854907641,0.65625,-3,True,119
SB1515,Device breakage,"implanted-device, catheter, or prosthesis tissue-interface structure",mechanical or functional failure of an implanted/external device relative to its intended structural interface,remaining_5256,a12aa7adc2ec4aaed61668dfe56a88837410cedc9311a29427fc1fa05a289d6e,1431,624,45,47,626,92,0.15752766618325387,0.17323926212644603,0.015711595943192158,0.015711595943192158,AWAY_FROM_REFERENCE,0.03284416491963662,MINOR,1,223,,,15c0a2b9d3530f831b9372f4d3d0cf21a11b9c5e7d7f944663c2c3a2f43857a6,0.3084294727672015,0.23722344239902626,0.6328125,-2,True,120
SB1516,Device capturing issue,"implanted-device, catheter, or prosthesis tissue-interface structure",mechanical or functional failure of an implanted/external device relative to its intended structural interface,remaining_5256,a12aa7adc2ec4aaed61668dfe56a88837410cedc9311a29427fc1fa05a289d6e,1431,624,45,47,626,92,0.15752766618325387,0.17323926212644603,0.015711595943192158,0.015711595943192158,AWAY_FROM_REFERENCE,0.03284416491963662,MINOR,1,223,,,1e15727b0e9a8cfe414529d1013829887a5de95cd81677bd757b730c4ad12006,0.3084294727672015,0.23722344239902626,0.6328125,-2,True,121
SB1517,Device dislocation,"implanted-device, catheter, or prosthesis tissue-interface structure",mechanical or functional failure of an implanted/external device relative to its intended structural interface,remaining_5256,a12aa7adc2ec4aaed61668dfe56a88837410cedc9311a29427fc1fa05a289d6e,1431,624,45,47,626,92,0.15752766618325387,0.17323926212644603,0.015711595943192158,0.015711595943192158,AWAY_FROM_REFERENCE,0.03284416491963662,MINOR,1,223,,,f6459ad6df35967043237e51b144ebd97bc64c07c3c55400697bb5df6116025c,0.3084294727672015,0.23722344239902626,0.6328125,-2,True,122
SB1518,Device expulsion,"implanted-device, catheter, or prosthesis tissue-interface structure",mechanical or functional failure of an implanted/external device relative to its intended structural interface,remaining_5256,a12aa7adc2ec4aaed61668dfe56a88837410cedc9311a29427fc1fa05a289d6e,1431,624,45,47,626,92,0.15752766618325387,0.17323926212644603,0.015711595943192158,0.015711595943192158,AWAY_FROM_REFERENCE,0.03284416491963662,MINOR,1,223,,,1692f5a84161bd1a1fdf11c153262ced5f6d602b2187ebfdfc2d992f7f35b9a1,0.3084294727672015,0.23722344239902626,0.6328125,-2,True,123
SB1519,Device interaction,"implanted-device, catheter, or prosthesis tissue-interface structure",mechanical or functional failure of an implanted/external device relative to its intended structural interface,remaining_5256,a12aa7adc2ec4aaed61668dfe56a88837410cedc9311a29427fc1fa05a289d6e,1431,624,45,47,626,92,0.15752766618325387,0.17323926212644603,0.015711595943192158,0.015711595943192158,AWAY_FROM_REFERENCE,0.03284416491963662,MINOR,1,223,,,73ddfe6b2f4a7384a3ece9ef07164fa065836d6fe6903f626185e04ab856b6c7,0.3084294727672015,0.23722344239902626,0.6328125,-2,True,124
SB1520,Device malfunction,"implanted-device, catheter, or prosthesis tissue-interface structure",mechanical or functional failure of an implanted/external device relative to its intended structural interface,remaining_5256,a12aa7adc2ec4aaed61668dfe56a88837410cedc9311a29427fc1fa05a289d6e,1431,624,45,47,626,92,0.15752766618325387,0.17323926212644603,0.015711595943192158,0.015711595943192158,AWAY_FROM_REFERENCE,0.03284416491963662,MINOR,1,223,,,5ff50385671fa195583d8a6c5f97c340ac9a1a2b58932427c68bd7108803dd24,0.3084294727672015,0.23722344239902626,0.6328125,-2,True,125
SB2246,Genital herpes,innate-adaptive host-defense structure,"altered configuration or regulated output of the named structure, expressed as the state described by genital herpes",remaining_5256,d8808445eff6c18681c62fd0aa30ff148705d575fde5776b811629f597708ab4,15,9,1,0,8,1,0.19256631266702928,0.19817556230910593,0.0056092496420766524,0.0056092496420766524,AWAY_FROM_REFERENCE,0.0,INFORMATIONAL,0,231,,,81d2a06df9e2a284384dba854433006d557f4c0d84b83f1b0549ecce7aafe024,0.3084259860158507,0.2423640073364033,0.609375,1,True,126
SB3709,Obstipation,"intestinal mucosal barrier, smooth-muscle motility, and luminal transport structure","altered configuration or regulated output of the named structure, expressed as the state described by obstipation",remaining_5256,f9083896f549f31031ed1611e48287083cdd0d6a2c0d0bb5316dded2b99dbeb8,276,88,5,17,100,22,0.11290583500251172,0.12645988791097795,0.01355405290846623,0.01355405290846623,AWAY_FROM_REFERENCE,0.06159420289855073,MINOR,1,231,,,42d999f6c587ee2845ec4714b9a99d8c4b81af4f25c641cdc8bf7a5157aeacf5,0.30829161056701065,0.24048519581342764,0.6171875,-12,True,127
SB0105,Acute allograft rejection,alloreactive T-cell tissue-recognition structure,immune-effector attack against transplanted or non-self tissue causing target-structure injury,established_478,871aba3bf8c574aca61d408cea93c534d4ac0304b327c2bce0d0b3ff181b78db,325,140,11,21,150,32,0.18550904313592487,0.19692447532914592,0.011415432193221053,0.011415432193221053,AWAY_FROM_REFERENCE,0.06461538461538462,MINOR,1,231,,,ea99e1b5ef8a35b999ba47ef10bc75724ee59886c469f9afb15a1df525473696,0.30785943968227747,0.23824321912472868,0.625,-10,True,128
SB0127,Acute graft versus host disease,alloreactive T-cell tissue-recognition structure,immune-effector attack against transplanted or non-self tissue causing target-structure injury,established_478,871aba3bf8c574aca61d408cea93c534d4ac0304b327c2bce0d0b3ff181b78db,325,140,11,21,150,32,0.18550904313592487,0.19692447532914592,0.011415432193221053,0.011415432193221053,AWAY_FROM_REFERENCE,0.06461538461538462,MINOR,1,231,,,7d14c8e331c0272d584257d59e96fec6753db4cee82aad54790fe0efb5acad06,0.30785943968227747,0.23824321912472868,0.625,-10,True,129
SB4627,Respiratory moniliasis,"pulmonary airway-alveolar, pleural, and gas-exchange structure","altered configuration or regulated output of the named structure, expressed as the state described by respiratory moniliasis",remaining_5256,9c61aae7dccf579216fbc56cb3a479e46b0f8eaf542ddadb2480f8dae4db2516,36,17,2,1,16,3,0.19120533805467932,0.19361791618680502,0.002412578132125698,0.002412578132125698,AWAY_FROM_REFERENCE,0.027777777777777776,MINOR,1,231,,,9d589c91fa8714563bf2a210449dac8f396b66f1837f0dabe1ff2a2d7a1ca0c4,0.3077936987306521,0.23644810820811235,0.6328125,1,True,130
SB0426,Application site swelling,local cutaneous inflammatory and microvascular structure,"excess fluid accumulation within interstitial, tissue, or cavity compartments",established_478,d140e373ab296691ff5c973eca9f7de19fa59c7e7af41d9ba03364ced3dc9752,171,95,6,3,92,9,0.21499239110558632,0.2178595567555125,0.0028671656499261733,0.0028671656499261733,AWAY_FROM_REFERENCE,0.017543859649122806,MINOR,1,231,,,3a35110ad382ddbfa1d7c2698cf767b71acf1cc097b094e4a421d3f8b0a9a2e7,0.307682202252059,0.24317189299031583,0.6015625,3,True,131
SB2214,Gastrointestinal stoma complication,"intestinal mucosal barrier, smooth-muscle motility, and luminal transport structure","altered configuration or regulated output of the named structure, expressed as the state described by gastrointestinal stoma complication",remaining_5256,2efe01937c6637443d3fcfaa8ee2e0aa2e640d8bc81d661392ebbdd947048362,276,86,2,19,103,21,0.11989244054570014,0.13379534038758667,0.013902899841886529,0.013902899841886529,AWAY_FROM_REFERENCE,0.06884057971014493,MINOR,1,231,,,c350c95117f14b2d07001a444f332dee38b2f172f48f40d6eb0704eeac52d3dd,0.3076776176778523,0.24145136302177106,0.609375,-17,True,132
SB0029,Abdominal rigidity,abdominal-wall skeletal-muscle tone structure,"abnormally increased mechanical resistance, muscle tone, or tissue stiffness",established_478,cd522299dad9180342b06eb68512e61f3100b019c9a129c959ed9a7427bb0500,6,4,1,0,3,1,0.19352125914072726,0.20323124508937684,0.00970998594864958,0.00970998594864958,AWAY_FROM_REFERENCE,0.0,INFORMATIONAL,0,230,,,286e82c7881ee2a54e6e5f3b7f522cf63a08191def45150bbd670f3223dbdb4d,0.30765484363614737,0.2397086507757895,0.6171875,1,True,133
SB3243,Malaria,innate-adaptive host-defense structure,"altered configuration or regulated output of the named structure, expressed as the state described by malaria",remaining_5256,5aca3d5cf4f87e75e6eea7f4bfa4c1a2f396ce103e6413fc1febd9ebf3223f17,15,9,1,0,8,1,0.18696597812627624,0.19157841419485144,0.004612436068575199,0.004612436068575199,AWAY_FROM_REFERENCE,0.0,INFORMATIONAL,0,231,,,b8b7fdcb039cd44a0289c09426c7b674428992cf74095b3780939c2805332d3f,0.30764268973670733,0.23626395089842356,0.6328125,1,True,134
SB3036,Lacrimal disorder,lacrimal-gland secretion and tear-drainage ocular-surface structure,departure from the reference structural configuration or regulated functional range,remaining_5256,6fc864a7327b80d16733af714107a7cf9705859b4a164a2022196a70aacd43bd,703,295,24,27,298,51,0.16836436611843275,0.1712573232080481,0.0028929570896153445,0.0028929570896153445,AWAY_FROM_REFERENCE,0.03840682788051209,MINOR,1,223,,,ccef4912faec0720e2f021efef7b647efbd6ca272306fa902ad715a64bdfd3a6,0.3073723618156876,0.2325044046532776,0.6484375,-3,True,135
SB3038,Lacrimal gland disorder,lacrimal-gland secretion and tear-drainage ocular-surface structure,departure from the reference structural configuration or regulated functional range,remaining_5256,6fc864a7327b80d16733af714107a7cf9705859b4a164a2022196a70aacd43bd,703,295,24,27,298,51,0.16836436611843275,0.1712573232080481,0.0028929570896153445,0.0028929570896153445,AWAY_FROM_REFERENCE,0.03840682788051209,MINOR,1,223,,,532b5694bc4d1ec084ceeaa295b2af13039e3af908fb106c18fc218043dafee5,0.3073723618156876,0.2325044046532776,0.6484375,-3,True,136
SB3039,Lacrimal structural disorder,lacrimal-gland secretion and tear-drainage ocular-surface structure,departure from the reference structural configuration or regulated functional range,remaining_5256,6fc864a7327b80d16733af714107a7cf9705859b4a164a2022196a70aacd43bd,703,295,24,27,298,51,0.16836436611843275,0.1712573232080481,0.0028929570896153445,0.0028929570896153445,AWAY_FROM_REFERENCE,0.03840682788051209,MINOR,1,223,,,2b734b863a03565d92a646de7f0c15d5103b66b66079148c7bd694dbee893571,0.3073723618156876,0.2325044046532776,0.6484375,-3,True,137
SB4630,Respiratory sighs,"pulmonary airway-alveolar, pleural, and gas-exchange structure","altered configuration or regulated output of the named structure, expressed as the state described by respiratory sighs",remaining_5256,8e6d51432d19e871bf1c91753cd20b67ef1b509026ce7f5579173171c9df50a2,36,17,2,1,16,3,0.1896071251697311,0.19089261698525584,0.0012854918155247308,0.0012854918155247308,AWAY_FROM_REFERENCE,0.027777777777777776,MINOR,1,231,,,8dfc4478777016a1cd1dea8d9221aff719c24b19833392244be26c536b281c83,0.3073160343942225,0.2392954687734421,0.6171875,1,True,138
SB2814,Influenza like illness,innate-adaptive host-defense structure,"altered configuration or regulated output of the named structure, expressed as the state described by influenza like illness",remaining_5256,428abea7b415f79b641ec0606619f2ed387ed02aeddefde737fad978111ebeab,15,9,2,0,7,2,0.18413271972825185,0.19026508347244786,0.006132363744196012,0.006132363744196012,AWAY_FROM_REFERENCE,0.0,INFORMATIONAL,0,231,,,0074e0c0f6aff61cbaa3cb97db89bb4e060db329286dbcfdb4f229c0c39ac436,0.30730662037655176,0.23756904923969735,0.625,2,True,139
SB1580,Distention,"implanted-device, catheter, or prosthesis tissue-interface structure","altered configuration or regulated output of the named structure, expressed as the state described by distention",remaining_5256,a8e4d55ddf8b270ca49eadff942e7c5856bc9ee09912621614705fb8af2029dd,1431,614,43,39,610,82,0.15249652360905008,0.16673735724229966,0.014240833633249572,0.014240833633249572,AWAY_FROM_REFERENCE,0.027253668763102725,MINOR,1,223,,,57ba04fe277e3b7d637a2bd42c2a9680e0b1db67a4102454835e7fab04fd5711,0.30720037390015076,0.24258429743920829,0.6015625,4,True,140
SB0861,Bronchoconstriction,bronchial smooth-muscle tone and airway-caliber structure,excess or sustained contractile activation causing abnormal narrowing or mechanical state,remaining_5256,90809580875f0d8e4d4109d006d3f42aefc663b748037c8a09badb5ba2341b20,300,123,16,10,117,26,0.13480525111003483,0.1445126708175487,0.009707419707513876,0.009707419707513876,AWAY_FROM_REFERENCE,0.03333333333333333,MINOR,1,231,,,50ecc2356034695449058c41219b56c0c2a6054f6f52f21e0181394d18061a5e,0.3071338306567209,0.23907326909356208,0.6171875,6,True,141
SB1708,Ear roaring,cochlear-mechanical and auditory-neural transduction structure,"altered configuration or regulated output of the named structure, expressed as the state described by ear roaring",remaining_5256,1d1f245e25dfdd9d7c03cd03e0a5f3677c6a031a350a9af324ee9d5ec0485ace,276,76,9,8,75,17,0.14408767930883415,0.1475682834154094,0.003480604106575247,0.003480604106575247,AWAY_FROM_REFERENCE,0.028985507246376812,MINOR,1,230,,,7ae7153992cf6c990af5afecf9b1a1889a0d8f1c41b2866cdf3760c1737124b3,0.3070435437281571,0.23724822405872825,0.625,1,True,142
SB5412,Ureteral spasm,skeletal-muscle fiber excitation-contraction and load-transfer structure,excess or sustained contractile activation causing abnormal narrowing or mechanical state,remaining_5256,ab7134e64e4fc5ee6c972b728b035066b60df2597bf6052c10076dcc9c7fe546,406,114,10,24,128,34,0.1825260890328273,0.1916189509429852,0.009092861910157901,0.009092861910157901,AWAY_FROM_REFERENCE,0.059113300492610835,MINOR,1,231,,,1ec0287eb38729915632acdeb42cab85f0c0b3ff08923ba020365469fda782b9,0.3069874935612019,0.23889480922097794,0.6171875,-14,True,143
SB2434,Heat exhaustion,whole-organism substrate utilization and cellular energy-production structure,"altered configuration or regulated output of the named structure, expressed as the state described by heat exhaustion",remaining_5256,592cd2f2ab472b9d990219a18eaf549cd4d685f30ab44cfb81b02a4e17160c6d,78,29,2,5,32,7,0.09630758566748232,0.10101106048476416,0.004703474817281839,0.004703474817281839,AWAY_FROM_REFERENCE,0.0641025641025641,MINOR,1,223,,,271dd41208f70484e7ea56ea271f8e9cd0f48bb710de9a7111ccfc0a55a0c7cb,0.3069474561381139,0.23884598309526095,0.6171875,-3,True,144
SB3240,Malabsorption,"intestinal mucosal barrier, smooth-muscle motility, and luminal transport structure","altered configuration or regulated output of the named structure, expressed as the state described by malabsorption",remaining_5256,0ca47be413f1555038e6ec56948c08160c973d08e08f8a34f87934468018d532,276,93,2,15,106,17,0.11482380808501036,0.12787964717061873,0.013055839085608367,0.013055839085608367,AWAY_FROM_REFERENCE,0.05434782608695652,MINOR,1,231,,,2abe2e9eb77accf87d634ad00a3c7f685b5b161b94dfae779f7f15c890c9e3df,0.3067864808291449,0.24207954979164015,0.6015625,-13,True,145
SB0709,Blood in stool,"intestinal mucosal barrier, smooth-muscle motility, and luminal transport structure","altered configuration or regulated output of the named structure, expressed as the state described by blood in stool",remaining_5256,cca6271299b928033475a699cc4bf92a994f56288858388a30a8712463197a67,276,85,3,16,98,19,0.11160234083521048,0.12412669228690865,0.012524351451698168,0.012524351451698168,AWAY_FROM_REFERENCE,0.057971014492753624,MINOR,1,231,,,26130c079b9e1b37805485b32a448d6933d59ff657b80ac0fb16a33d1dd85a4a,0.3067239201291634,0.2402883172306871,0.609375,-13,True,146
SB4337,Proarrhythmic effect,cardiac conduction and myocardial rhythm structure,"altered configuration or regulated output of the named structure, expressed as the state described by proarrhythmic effect",remaining_5256,8d549dbfa46104f82c0ab306c3b6b9ec4f3d8a24d2504ceedfd83fff9fd2dc7b,21,6,1,0,5,1,0.14930626610504183,0.1577259823923225,0.008419716287280665,0.008419716287280665,AWAY_FROM_REFERENCE,0.0,INFORMATIONAL,0,231,,,e2ae4f02f0e7507fa9c087de20eb716fd50bcb023baa837e5ae9e62c4eca53f4,0.30670156803725734,0.24026105858202118,0.609375,1,True,147
SB2197,Gastrointestinal fistula,"intestinal mucosal barrier, smooth-muscle motility, and luminal transport structure",structural continuity failure producing an abnormal opening or separation,remaining_5256,acdb2ffbae0a185153a7f2094114e8dedb04ae95346d01c981c91d2eb372f1ae,276,99,2,18,115,20,0.13610171811992322,0.14927868961707413,0.013176971497150913,0.013176971497150913,AWAY_FROM_REFERENCE,0.06521739130434782,MINOR,1,231,,,052863df4a6d1d9018840e3fbe75a2cc02de0cb948f37738fc8eb94f6b4071b2,0.3066613367312616,0.2367821179649532,0.625,-16,True,148
SB1697,Ear buzzing,cochlear-mechanical and auditory-neural transduction structure,"altered configuration or regulated output of the named structure, expressed as the state described by ear buzzing",remaining_5256,2ad97543739a34964a57f856d43acce56dc9879859d8755674bb41d46b6f8e37,276,77,9,8,76,17,0.13620660939772522,0.13988067064154475,0.0036740612438195264,0.0036740612438195264,AWAY_FROM_REFERENCE,0.028985507246376812,MINOR,1,230,,,4756febd5ed66472002e909785253288e2c7faa0afb43ceb049f997765a60abf,0.30661192906979606,0.2367218647192635,0.625,1,True,149
SB1747,Electrocardiogram QRS complex prolonged,cardiac conduction and myocardial rhythm structure,event duration or measured interval extended beyond the reference timing range,remaining_5256,fe64392959eee8b6752fe6593ca5bec6004aadf5946ee36d53e5418742c8346d,21,4,1,0,3,1,0.14776129614468225,0.15449759232640825,0.006736296181725998,0.006736296181725998,AWAY_FROM_REFERENCE,0.0,INFORMATIONAL,0,231,,,67659886ebf137c53f50d8f0546e505125cbf2a8fd1a63eb096b3a78bc5c924a,0.3065760387409312,0.24182291309869663,0.6015625,1,True,150
SB1749,Electrocardiogram QT corrected interval prolonged,cardiac conduction and myocardial rhythm structure,event duration or measured interval extended beyond the reference timing range,remaining_5256,fe64392959eee8b6752fe6593ca5bec6004aadf5946ee36d53e5418742c8346d,21,4,1,0,3,1,0.14776129614468225,0.15449759232640825,0.006736296181725998,0.006736296181725998,AWAY_FROM_REFERENCE,0.0,INFORMATIONAL,0,231,,,bbfce5af65034e50febf326c601ea70a48392501f8c7fdeead7de27f5f677904,0.3065760387409312,0.24182291309869663,0.6015625,1,True,151
SB1752,Electrocardiogram QT prolonged,cardiac conduction and myocardial rhythm structure,event duration or measured interval extended beyond the reference timing range,remaining_5256,fe64392959eee8b6752fe6593ca5bec6004aadf5946ee36d53e5418742c8346d,21,4,1,0,3,1,0.14776129614468225,0.15449759232640825,0.006736296181725998,0.006736296181725998,AWAY_FROM_REFERENCE,0.0,INFORMATIONAL,0,231,,,6f8588623090e9e285b54659f1fe0796d2c7177c33d9e9116d69f240591db9fe,0.3065760387409312,0.24182291309869663,0.6015625,1,True,152
SB1913,Excessive flatulence,"intestinal mucosal barrier, smooth-muscle motility, and luminal transport structure",quantity or output of the named component above the reference regulated range,remaining_5256,2c69e9a354bd7e85477a558b87accfa92cba3254f7e5b7d9e6e645202f536708,276,87,3,19,103,22,0.11579872771861877,0.12922818274190329,0.01342945502328452,0.01342945502328452,AWAY_FROM_REFERENCE,0.06884057971014493,MINOR,1,231,,,017290327c18b6183ef82cd7c16aff8dfe24bb2fc1c383638d39b4fc071cbada,0.3065759771653611,0.23324814288458673,0.640625,-16,True,153
SB2023,Feces bloodstained,"intestinal mucosal barrier, smooth-muscle motility, and luminal transport structure","altered configuration or regulated output of the named structure, expressed as the state described by feces bloodstained",remaining_5256,ddb06717b5163ac4f1ede595a177ce5b478845df3e8d3038cf0fd4701c587a8c,276,102,4,10,108,14,0.11859777787197479,0.13152876263879887,0.012930984766824083,0.012930984766824083,AWAY_FROM_REFERENCE,0.036231884057971016,MINOR,1,231,,,2734c48b8d6bb3286613aef0d1d187207cb63e257c4b1181f2847e505a33a76a,0.3065072205127981,0.2434539274546319,0.59375,-6,True,154
SB4452,Pulmonary veno-occlusive disease,"pulmonary airway-alveolar, pleural, and gas-exchange structure","altered configuration or regulated output of the named structure, expressed as the state described by pulmonary veno-occlusive disease",remaining_5256,356d9ba74cb3b7c33625193075758859bf4dfa8f25492f7be42e8aeee47de9fc,36,16,2,1,15,3,0.18102827140375988,0.1835174698643235,0.002489198460563613,0.002489198460563613,AWAY_FROM_REFERENCE,0.027777777777777776,MINOR,1,231,,,ad5e3a019d9f51f74aeb6c63ead4b5fb2c7afefb8824ac76336269afe17e15bf,0.3064763660910916,0.23655654401352633,0.625,1,True,155
SB2520,Herpes simplex,innate-adaptive host-defense structure,"altered configuration or regulated output of the named structure, expressed as the state described by herpes simplex",remaining_5256,eba194e9365ac813479658187dac4c46ad44350f133d33885a8244e67d8c6cbf,15,9,1,0,8,1,0.1870246240831105,0.192787400701241,0.005762776618130516,0.005762776618130516,AWAY_FROM_REFERENCE,0.0,INFORMATIONAL,0,231,,,5061e9c0685276a6c82292d277f1c0980d21fc172bfaadf1619bf0fccb201755,0.30645113030627624,0.23652576866619057,0.625,1,True,156
SB4445,Pulmonary oil microembolism,"pulmonary airway-alveolar, pleural, and gas-exchange structure","altered configuration or regulated output of the named structure, expressed as the state described by pulmonary oil microembolism",remaining_5256,f4f6a4ee61bd0fe3dc3a1018e35a2dac2af18938e691f3b3cba0368849820777,36,16,0,1,17,1,0.17775720562416486,0.18109851847843816,0.003341312854273304,0.003341312854273304,AWAY_FROM_REFERENCE,0.027777777777777776,MINOR,1,231,,,9691b2b42786014f129ffe64d3d25424dbdbaabdbd34bc148d63c8e8743715bb,0.3064254399938399,0.229634682919317,0.65625,-1,True,157
SB1977,Eyelids pruritus,"cutaneous epidermal-dermal barrier, appendage, vascular, and immune structure",aberrant cutaneous sensory signaling associated with local barrier/immune perturbation,remaining_5256,bb1a203d7c2bd3803f7504fddc99ea35432762ef1410a4a6b4d4354e11d9009e,300,109,5,12,116,17,0.16502242966089076,0.16535079769045058,0.00032836802955982236,0.00032836802955982236,AWAY_FROM_REFERENCE,0.04,MINOR,1,231,,,3037e8b1d7ac159799776baa6d90189aaa9d0fbfa28b5e430aaf235ff94fe0c6,0.3061959982973488,0.23792957109432777,0.6171875,-7,True,158
SB4562,Reflex sympathetic dystrophy,sympathetic-parasympathetic autonomic-control network,"altered configuration or regulated output of the named structure, expressed as the state described by reflex sympathetic dystrophy",remaining_5256,581ea1c20760def5e9a8d912d4c0800675cad2a7e9cf9019fd710e07759cb04d,78,38,9,1,30,10,0.17178880569800903,0.17978361393419107,0.007994808236182038,0.007994808236182038,AWAY_FROM_REFERENCE,0.01282051282051282,MINOR,1,223,,,a6a5b7f91b3ea6f0601f110e187181da94f54d512fc06e979d76fc4e7a4f2357,0.3061093230567994,0.23782386958146273,0.6171875,8,True,159
SB0468,Arthropod sting,local cutaneous immune and sensory-transmission structure,"altered configuration or regulated output of the named structure, expressed as the state described by arthropod sting",established_478,fe686ca10c27aecd440152d9276e9738d116ee2d69e4e973db2894a06ed0cf1a,351,135,13,13,135,26,0.1497226079288616,0.15547696830537616,0.005754360376514556,0.005754360376514556,AWAY_FROM_REFERENCE,0.037037037037037035,MINOR,1,223,,,de4d513f8401b8c3a04a04e287195404513db10e1a478ca59f29d64303632272,0.3057488558187133,0.23223945831550408,0.640625,0,True,160
SB2910,Interstitial lung disease,"pulmonary airway-alveolar, pleural, and gas-exchange structure","altered configuration or regulated output of the named structure, expressed as the state described by interstitial lung disease",remaining_5256,ef201b4498bfbe17c6b6dfcea15bcf88847544df68169391268d8ff03faa9270,36,17,1,1,17,2,0.1904345066334665,0.1922194956266221,0.0017849889931556007,0.0017849889931556007,AWAY_FROM_REFERENCE,0.027777777777777776,MINOR,1,231,,,e087142dbd5cdc0f6b5deac18c84639a582d210008d3d55329d6d3504abc065f,0.3056645671917585,0.2389964234045836,0.609375,0,True,161
SB1239,Complication of device insertion,"implanted-device, catheter, or prosthesis tissue-interface structure","altered configuration or regulated output of the named structure, expressed as the state described by complication of device insertion",remaining_5256,7dc4ccf82f79f8d44d7c1dfdfa798884296b431956a772ffe7d304bde3b8c628,1431,616,47,38,607,85,0.14391125286773088,0.15909223646447357,0.015180983596742692,0.015180983596742692,AWAY_FROM_REFERENCE,0.026554856743535988,MINOR,1,223,,,f9efaffdef8777d99df085c516c8ed2835e14d57b1631be983e8d6c1197b0b96,0.3056590787342801,0.237274791139366,0.6171875,9,True,162
SB1044,Cerebral thrombosis,"central nervous tissue, cerebrospinal-fluid, and intracranial structural network",intraluminal clot formation causing partial or complete flow obstruction,remaining_5256,844f7814c37ab8afd460936e1b68875b7e9fc17e4ecff26676f5028e87b49255,1,1,1,0,0,1,0.1255985736171209,0.12982261780218396,0.004224044185063058,0.004224044185063058,AWAY_FROM_REFERENCE,0.0,INFORMATIONAL,0,230,,,01f98303762fb9aa2c195c6f767ca8540bd877bd3ccceb5389ae0dc3209813bc,0.3056382213528648,0.23381947725959118,0.6328125,1,True,163
SB1046,Cerebral venous thrombosis,"central nervous tissue, cerebrospinal-fluid, and intracranial structural network",intraluminal clot formation causing partial or complete flow obstruction,remaining_5256,844f7814c37ab8afd460936e1b68875b7e9fc17e4ecff26676f5028e87b49255,1,1,1,0,0,1,0.1255985736171209,0.12982261780218396,0.004224044185063058,0.004224044185063058,AWAY_FROM_REFERENCE,0.0,INFORMATIONAL,0,230,,,a21a022ebe569eec038b7ae2ce7dd481d8ca89da578614addbc8f6a3bb53ec8a,0.3056382213528648,0.23381947725959118,0.6328125,1,True,164
SB0150,Acute renal insufficiency,renal glomerular-tubular filtration and fluid-balance structure,reduced or unstable functional output insufficient to maintain the reference structural state,established_478,9fcb0e81cdb759e8e100a1d36db3fc599ea62f0bc73bb3153fc72978b0951776,91,33,3,5,35,8,0.15360594888234946,0.16077628825292067,0.00717033937057121,0.00717033937057121,AWAY_FROM_REFERENCE,0.054945054945054944,MINOR,1,231,,,1f6069615cd24469410947e7a6b241afcf2dfae652ecf817e28577ff81bacb7f,0.3055360916792467,0.23369492887713017,0.6328125,-2,True,165
SB1160,Chronic renal insufficiency,renal glomerular-tubular filtration and fluid-balance structure,reduced or unstable functional output insufficient to maintain the reference structural state,remaining_5256,9fcb0e81cdb759e8e100a1d36db3fc599ea62f0bc73bb3153fc72978b0951776,91,33,3,5,35,8,0.15360594888234946,0.16077628825292067,0.00717033937057121,0.00717033937057121,AWAY_FROM_REFERENCE,0.054945054945054944,MINOR,1,231,,,4f259bd43c2815972317e422ea08f5a39faeba9d4e86945376f129b72489e346,0.3055360916792467,0.23369492887713017,0.6328125,-2,True,166
SB2959,Irreversible renal failure,renal glomerular-tubular filtration and fluid-balance structure,reduced or unstable functional output insufficient to maintain the reference structural state,remaining_5256,9fcb0e81cdb759e8e100a1d36db3fc599ea62f0bc73bb3153fc72978b0951776,91,33,3,5,35,8,0.15360594888234946,0.16077628825292067,0.00717033937057121,0.00717033937057121,AWAY_FROM_REFERENCE,0.054945054945054944,MINOR,1,231,,,fb79521f20736df4d3d2f3f4c15415990543ee2ef49aa48d124f2b2fa906835a,0.3055360916792467,0.23369492887713017,0.6328125,-2,True,167
SB4587,Renal failure,renal glomerular-tubular filtration and fluid-balance structure,reduced or unstable functional output insufficient to maintain the reference structural state,remaining_5256,9fcb0e81cdb759e8e100a1d36db3fc599ea62f0bc73bb3153fc72978b0951776,91,33,3,5,35,8,0.15360594888234946,0.16077628825292067,0.00717033937057121,0.00717033937057121,AWAY_FROM_REFERENCE,0.054945054945054944,MINOR,1,231,,,76115bfd49d9075eac6c1ba7009ad048fa35234e0550d24f758949a706351c05,0.3055360916792467,0.23369492887713017,0.6328125,-2,True,168
SB4588,Renal failure acute,renal glomerular-tubular filtration and fluid-balance structure,reduced or unstable functional output insufficient to maintain the reference structural state,remaining_5256,9fcb0e81cdb759e8e100a1d36db3fc599ea62f0bc73bb3153fc72978b0951776,91,33,3,5,35,8,0.15360594888234946,0.16077628825292067,0.00717033937057121,0.00717033937057121,AWAY_FROM_REFERENCE,0.054945054945054944,MINOR,1,231,,,4031f05bb4ecb1d5a60e55973e9c740063ce9a73233f10bfb3612e32629350ef,0.3055360916792467,0.23369492887713017,0.6328125,-2,True,169
SB4589,Renal failure aggravated,renal glomerular-tubular filtration and fluid-balance structure,reduced or unstable functional output insufficient to maintain the reference structural state,remaining_5256,9fcb0e81cdb759e8e100a1d36db3fc599ea62f0bc73bb3153fc72978b0951776,91,33,3,5,35,8,0.15360594888234946,0.16077628825292067,0.00717033937057121,0.00717033937057121,AWAY_FROM_REFERENCE,0.054945054945054944,MINOR,1,231,,,049681bd2a707a66eac957979669f299dde7af9c4b4d1915ccd2c0323804afcb,0.3055360916792467,0.23369492887713017,0.6328125,-2,True,170
SB4590,Renal failure chronic,renal glomerular-tubular filtration and fluid-balance structure,reduced or unstable functional output insufficient to maintain the reference structural state,remaining_5256,9fcb0e81cdb759e8e100a1d36db3fc599ea62f0bc73bb3153fc72978b0951776,91,33,3,5,35,8,0.15360594888234946,0.16077628825292067,0.00717033937057121,0.00717033937057121,AWAY_FROM_REFERENCE,0.054945054945054944,MINOR,1,231,,,f44ef263b537616aa8ba8e585c9accf45568bcdb3b4120be02e7d40c93cc4fce,0.3055360916792467,0.23369492887713017,0.6328125,-2,True,171
SB4596,Renal insufficiency aggravated,renal glomerular-tubular filtration and fluid-balance structure,reduced or unstable functional output insufficient to maintain the reference structural state,remaining_5256,9fcb0e81cdb759e8e100a1d36db3fc599ea62f0bc73bb3153fc72978b0951776,91,33,3,5,35,8,0.15360594888234946,0.16077628825292067,0.00717033937057121,0.00717033937057121,AWAY_FROM_REFERENCE,0.054945054945054944,MINOR,1,231,,,2c2a0bd88918274a76c5d7f0bc3ddfa263c4debfc49b2bd5707321764e48faaa,0.3055360916792467,0.23369492887713017,0.6328125,-2,True,172
SB5112,Sweating,eccrine-apocrine sweat-gland secretory structure,"altered configuration or regulated output of the named structure, expressed as the state described by sweating",remaining_5256,dcf1905f7063b3962560da5ccd850077dab07fab1f458118367cb1b9b1982428,105,50,11,0,39,11,0.18612875798327044,0.19269662440151047,0.0065678664182400315,0.0065678664182400315,AWAY_FROM_REFERENCE,0.0,INFORMATIONAL,0,174,,,cd857bb8223b7bd6a133e8ee12be5772c4c2e8054f121b94e219358d149f3893,0.30541449947053156,0.23011676764698974,0.6484375,11,True,173
SB0766,Body fat disorder,"adipose-tissue storage, body-composition, and energy-balance structure",departure from the reference structural configuration or regulated functional range,remaining_5256,6ac94409ac7028b78da7811d1c46c99ef9886b70c5bc5c7030169db8553d70a1,45,16,3,1,14,4,0.16131246118841625,0.1764971386430778,0.015184677454661566,0.015184677454661566,AWAY_FROM_REFERENCE,0.022222222222222223,MINOR,1,174,,,2ff1ff44d064b42930b60a2279bc5d5b6a29e6fd11afecfe1a65c75d15237578,0.3053895813979619,0.23866107487556332,0.609375,2,True,174
SB0845,Breast tension,"mammary gland ductal-lobular, secretory, and surface structure","altered configuration or regulated output of the named structure, expressed as the state described by breast tension",remaining_5256,60429fbae6297600c9eb884af35081ab3b0f6801a835970566a857b89889d24b,231,109,9,12,112,21,0.15338142810051503,0.15961544211583,0.0062340140153149814,0.0062340140153149814,AWAY_FROM_REFERENCE,0.05194805194805195,MINOR,1,223,,,8494fab9c254dbbd767cabcb0255d7351bb983963c6e6bd8759e22cbc0940163,0.3053796810916734,0.23864900133130906,0.609375,-3,True,175
SB4446,Pulmonary ossification,"pulmonary airway-alveolar, pleural, and gas-exchange structure","altered configuration or regulated output of the named structure, expressed as the state described by pulmonary ossification",remaining_5256,b561c510b752ff55803edafe6cb1faa9e9bb9e2b667130a38e18abd6b1099caa,36,17,0,1,18,1,0.18815542611387004,0.18915878957994414,0.001003363466074103,0.001003363466074103,AWAY_FROM_REFERENCE,0.027777777777777776,MINOR,1,231,,,599ae2fa3b268170a57b33ca8553a8cdf515e19a9c92853ecd6caec349c354bf,0.3052831291754628,0.23338643801885706,0.6328125,-1,True,176
SB0792,Bowel sounds decreased,"intestinal mucosal barrier, smooth-muscle motility, and luminal transport structure",measured or functional quantity shifted below its reference structural range,remaining_5256,e0d815bd96853459705bd2d6b5e06c6e4bdc08173e2e5d6ff83571006e1c6d95,276,81,2,21,100,23,0.12221296365379497,0.1331681664649903,0.01095520281119533,0.01095520281119533,AWAY_FROM_REFERENCE,0.07608695652173914,MINOR,1,231,,,c71b732b176245e414d3d25d9381951134e987f4a1f629a60f5f5e73707cddb3,0.30526298463621887,0.24022162760514498,0.6015625,-19,True,177
SB1134,Chromatopsia,retinal-cone and visual color-processing structure,"altered configuration or regulated output of the named structure, expressed as the state described by chromatopsia",remaining_5256,bc346021794dce0ae72a7382f6f03b559ab257d2413aeab5ccfcf594411df42d,78,38,2,6,42,8,0.16831113863264235,0.17074855166290437,0.0024374130302620145,0.0024374130302620145,AWAY_FROM_REFERENCE,0.07692307692307693,MINOR,1,223,,,19775287497e4939516abc6451882fde81f304a6ba26bb0a0b775b22d5ceb913,0.305146847597199,0.2400799970697549,0.6015625,-4,True,178
SB2739,Immune status,"systemic immune-recognition, signaling, and effector-response structure","altered configuration or regulated output of the named structure, expressed as the state described by immune status",remaining_5256,3031073e74f81cb8f74e704c4b4151327bb125fb2f4048654e2eea16f8ed872a,378,123,7,21,137,28,0.12213853683036979,0.1293336142669459,0.007195077436576103,0.007195077436576103,AWAY_FROM_REFERENCE,0.05555555555555555,MINOR,1,231,,,42f61b8a7cc16d6715973c7a409641ae92dcffc1b55065e39403e3e5e60bda17,0.30514607271597416,0.24522386916582217,0.578125,-14,True,179
SB1394,Cyanopsia,retinal-cone and visual color-processing structure,"altered configuration or regulated output of the named structure, expressed as the state described by cyanopsia",remaining_5256,38559ccc812a0bf3466bdc27e71988beaba6dd478b9f7598c3ecccfdb901af66,78,38,3,6,41,9,0.16098696531498746,0.1633953527344374,0.002408387419449931,0.002408387419449931,AWAY_FROM_REFERENCE,0.07692307692307693,MINOR,1,223,,,4f774be86d66427faad88e156dae9d5bf167deb7c4b1055e960b5b1d4fb63db0,0.3049012734261125,0.24149545539769823,0.59375,-3,True,180
SB3744,Oesophageal discomfort,"oesophageal mucosal, peristaltic, and sphincter-control structure",abnormal sensory-autonomic signaling indicating departure from the reference local functional state,remaining_5256,32f75831815cf4c16ddea1c98d378ba15d5ca14d0185118a0caa85dc1100cfb3,28,8,2,0,6,2,0.1223311161077798,0.12944944541239223,0.007118329304612425,0.007118329304612425,AWAY_FROM_REFERENCE,0.0,INFORMATIONAL,0,231,,,83ab1c378f6f4f7de8be8c065788fd442e5509351261c1d01307196ad80e7d6c,0.30486119708127385,0.2397316427820413,0.6015625,2,True,181
SB5705,Word finding difficulty,dominant-hemisphere language-processing and speech-planning network,reduced ability of the named structure/process to complete its normal regulated operation,remaining_5256,dff2db997592b331fc38811c4fd834200cace3d8267feb359e836cd44d185bd0,231,106,6,9,109,15,0.18877534489724834,0.2131771100497195,0.024401765152471167,0.024401765152471167,AWAY_FROM_REFERENCE,0.03896103896103896,MINOR,1,230,230,230,01ce9c1597db153f599d02f6d56d1bd934bc64f06f9e4d2e1d932f6592df2ff0,0.3047240325510826,0.23441955189156416,0.625,-3,True,182
SB1098,Chloasma,cutaneous melanocyte-pigment production and distribution structure,"altered configuration or regulated output of the named structure, expressed as the state described by chloasma",remaining_5256,39c6a8501c3e9766394d4313dd165be76026337646acaad3853faef8f1e6e908,28,13,1,4,16,5,0.14025495272660382,0.14544486239531862,0.005189909668714798,0.005189909668714798,AWAY_FROM_REFERENCE,0.14285714285714285,MINOR,1,223,,,3144ca0af5a371618be302e3485a567d0aafb8c48c04ebbd127243ffc54a1beb,0.3047165877311572,0.23441047284287464,0.625,-3,True,183
SB2727,Idiopathic thrombocytopenic purpura,"platelet production, activation, adhesion, and aggregation structure","altered configuration or regulated output of the named structure, expressed as the state described by idiopathic thrombocytopenic purpura",remaining_5256,aa99a3a70940e67c61df672d3a69ad65e1b02c213beffd452a0f00eb95a790fe,15,6,2,0,4,2,0.13486653498168566,0.13837230841644166,0.003505773434755999,0.003505773434755999,AWAY_FROM_REFERENCE,0.0,INFORMATIONAL,0,230,,,ffb43bd33db05af53080f7caf1aa7a32be2a813196d074793757ef5e518c2506,0.30452925403140374,0.23589695613585826,0.6171875,2,True,184
SB1002,Catheter related complication,"implanted-device, catheter, or prosthesis tissue-interface structure","altered configuration or regulated output of the named structure, expressed as the state described by catheter related complication",remaining_5256,ac6a115429eec2492f8fea701a8b99748d838f6cd9bcad35c7344003e59eb449,1431,586,42,53,597,95,0.14604317211886075,0.15885657691783228,0.012813404798971528,0.012813404798971528,AWAY_FROM_REFERENCE,0.037037037037037035,MINOR,1,223,,,849af284730550ef1d02e78ccdf8e375691c2917b47199da7fd5de46cb19334c,0.3045056308825017,0.23586814741768503,0.6171875,-11,True,185
SB0933,Carbohydrate tolerance decreased,"glucose-carbohydrate digestion, transport, insulin-response, and storage structure",measured or functional quantity shifted below its reference structural range,remaining_5256,e8368a8b6c9d013c1f9b519d71e76625f7009c7a5663e9f3b4a64454da799f2e,28,12,1,0,11,1,0.13000663906195553,0.1354471747802659,0.00544053571831038,0.00544053571831038,AWAY_FROM_REFERENCE,0.0,INFORMATIONAL,0,223,,,6dc7d4ef3eb9b997982bcec0bdcbad37b03f7955aebad24d4fbef4b7f1022e4f,0.304481895379762,0.23755414070702685,0.609375,1,True,186
SB0217,Alcohol craving,mesolimbic reward-drive structure,excess motivational salience directed toward acquisition or intake of a specific substance or behavior,established_478,103ec7057bfb9a2bbeb21ce5208ef594fa1034dba69fe77a032a8c4b5d8f9765,21,9,2,0,7,2,0.26752786154425423,0.27055606718654346,0.003028205642289228,0.003028205642289228,AWAY_FROM_REFERENCE,0.0,INFORMATIONAL,0,230,,,047b24f648ae13ee568bdf85f475e754613ffb24aac28ec6eecf60e099685617,0.30443264485582994,0.24092395714125603,0.59375,2,True,187
SB0229,Allergic bronchospasm,bronchial smooth-muscle tone and airway-lumen structure,"exaggerated immune-recognition/effector activation causing barrier, vascular, or smooth-muscle perturbation",established_478,0bebaf9e4d9d91f62bed994458d3d40439b5aae101d0b78b3ac85401d0395524,465,153,27,19,145,46,0.11554432552765681,0.13111480704103384,0.015570481513377032,0.015570481513377032,AWAY_FROM_REFERENCE,0.04086021505376344,MINOR,1,223,,,a4e28e041877388da41d3477de424c998863e3f83cdd2c66037a0f0f7ef62a54,0.304353730184759,0.23568290266434022,0.6171875,8,True,188
SB2930,Intestinal stenosis,"intestinal mucosal barrier, smooth-muscle motility, and luminal transport structure",pathologic lumen narrowing with increased resistance to transit or flow,remaining_5256,253f5c20d406bcd712b72739b85711ea75d288ae5402deafab26a8150dbc6794,276,88,5,20,103,25,0.13826096928905274,0.1517851623147921,0.013524193025739373,0.013524193025739373,AWAY_FROM_REFERENCE,0.07246376811594203,MINOR,1,231,,,032175c4eadda6a066adb0df416cc299eb287f4a20f2d72717fd942449aba80e,0.30430903344331717,0.23219851639428923,0.6328125,-15,True,189
SB2399,"Hallucination, auditory",cochlear-mechanical and auditory-neural transduction structure,"altered configuration or regulated output of the named structure, expressed as the state described by hallucination, auditory",remaining_5256,1cdbf3919d0e4261213f0ae42d58521a05eeafd80cfd99b99f9c6ac36e590c24,276,70,6,13,77,19,0.14670367376317195,0.150353872948779,0.0036501991856070504,0.0036501991856070504,AWAY_FROM_REFERENCE,0.04710144927536232,MINOR,1,230,,,6e3221f6da944df4ec82e97fe48b883c452e7fb370cb3dd14dd4e06af45b1737,0.30426503623060885,0.23900461735440104,0.6015625,-7,True,190
SB1437,Decreased immune responsiveness,"systemic immune-recognition, signaling, and effector-response structure",measured or functional quantity shifted below its reference structural range,remaining_5256,3dd4524a16d46ece9d63d60e2d6517221d40e7aea0c20fe2f25abeb72f4084ee,378,102,9,26,119,35,0.1170480421019896,0.12511658747874932,0.008068545376759717,0.008068545376759717,AWAY_FROM_REFERENCE,0.06878306878306878,MINOR,1,231,,,00111040f6419a18045024cd9b2525f82116687b3ddffeeefa69f2d433772ee0,0.3042501087443359,0.2338415960296779,0.625,-17,True,191
SB3373,Migration of implant,"implanted-device, catheter, or prosthesis tissue-interface structure","altered configuration or regulated output of the named structure, expressed as the state described by migration of implant",remaining_5256,808042872eb365ed2cee8ccfece76bc9cb6d7d0cb1d86d45b76ca15338fb810b,1431,631,40,38,629,78,0.15207988050866317,0.16750533920350197,0.0154254586948388,0.0154254586948388,AWAY_FROM_REFERENCE,0.026554856743535988,MINOR,1,223,,,8110582286342c39b2a8752c9d029868a6a03d89a70e10d87a40826196818b76,0.3040820623573208,0.24221135653331805,0.5859375,2,True,192
SB0186,Adverse reaction,whole-organism homeostatic response structure,acute or subacute state transition of the named structure in response to an external or internal perturbation,established_478,c7e38c3338b580e09a867e16911a2f7cb3b2d5178fa1ec50a5f198e82a24e747,1225,520,56,25,489,81,0.1786413540893469,0.17487603975472665,-0.00376531433462024,0.00376531433462024,TOWARD_REFERENCE,0.02040816326530612,MINOR,1,174,,,93e19241defb71977a36b94c006a18206744f780959f2e69701ffd583051d9cc,0.3040596957834402,0.2233197509554149,0.671875,31,True,193
SB0011,Abdominal bloating,intestinal smooth-muscle motility and luminal-volume structure,increased luminal or compartment volume/pressure causing geometric expansion,established_478,aff06a07a9db84cf7882de15f0cee76ab5b8a2cd69f7a510c69dc3155e346ae2,351,114,24,6,96,30,0.13435134946289962,0.14519401549857713,0.010842666035677517,0.010842666035677517,AWAY_FROM_REFERENCE,0.017094017094017096,MINOR,1,223,,,73b9f75869b7780f68d8428be5d04d7be1a3240fbc3b751b26ba04e7176c4621,0.3039975349732984,0.23353357923572982,0.625,18,True,194
SB0016,Abdominal distension,intestinal smooth-muscle motility and luminal-volume structure,increased luminal or compartment volume/pressure causing geometric expansion,established_478,aff06a07a9db84cf7882de15f0cee76ab5b8a2cd69f7a510c69dc3155e346ae2,351,114,24,6,96,30,0.13435134946289962,0.14519401549857713,0.010842666035677517,0.010842666035677517,AWAY_FROM_REFERENCE,0.017094017094017096,MINOR,1,223,,,927dafb3a421b3839965ba4ed7039d3752b2862a6ec817a1650534e421f8ee0a,0.3039975349732984,0.23353357923572982,0.625,18,True,195
SB0017,Abdominal distension gaseous,intestinal smooth-muscle motility and luminal-volume structure,increased luminal or compartment volume/pressure causing geometric expansion,established_478,aff06a07a9db84cf7882de15f0cee76ab5b8a2cd69f7a510c69dc3155e346ae2,351,114,24,6,96,30,0.13435134946289962,0.14519401549857713,0.010842666035677517,0.010842666035677517,AWAY_FROM_REFERENCE,0.017094017094017096,MINOR,1,223,,,cad54463e6a10b4a7e5b2ff2f2185b24372911cd1df0014c7092808f5a560f3b,0.3039975349732984,0.23353357923572982,0.625,18,True,196
SB0478,Aspergillosis,pulmonary airway-alveolar antifungal immune-barrier structure,pathogen-associated occupation/invasion with host-defense activation and local structural disruption,established_478,e52144cfdf749bda3c3b55c7111410fa26d6b9e577a88681e2e6121bf30056a2,378,119,13,15,121,28,0.1395198723085861,0.1489276091089734,0.009407736800387312,0.009407736800387312,AWAY_FROM_REFERENCE,0.03968253968253968,MINOR,1,230,,,db37127927a7f46498e863afe3a5f8560324598a1cf50cb3d545c355e6144625,0.30398802862236995,0.23352198612484143,0.625,-2,True,197
SB4754,Scrotal erythema,"male gonadal, ductal, accessory-gland, and reproductive-output structure",increased superficial vascular perfusion producing localized tissue redness,remaining_5256,ad8f08700fc151c14ef4322fd6828dcfc49387833008b1dc319438386efa7f99,190,92,10,6,88,16,0.14694050700296946,0.15400723433903718,0.007066727336067724,0.007066727336067724,AWAY_FROM_REFERENCE,0.031578947368421054,MINOR,1,223,,,fc14e0284de677a22eec3733c953bf439007289ecbe1edfb23570d31e3ab2268,0.3038931784375841,0.22997643711900506,0.640625,4,True,198
SB3572,Necrolysis epidermal,"cutaneous epidermal-dermal barrier, appendage, vascular, and immune structure","altered configuration or regulated output of the named structure, expressed as the state described by necrolysis epidermal",remaining_5256,5026a67d03ea1b0bcb2b78b26d34540b80a6428650420c46b35bacbbc2d6e3bc,300,120,10,11,121,21,0.17040124015115432,0.16927000487641752,-0.001131235274736797,0.001131235274736797,TOWARD_REFERENCE,0.03666666666666667,MINOR,1,231,,,2bb5b9513ad205320528ebf6e714a3952a6d531c665913c3b1884d8140dc789b,0.30379917774167503,0.23329168017277446,0.625,-1,True,199
SB2125,Frequent bowel movements,"intestinal mucosal barrier, smooth-muscle motility, and luminal transport structure","altered configuration or regulated output of the named structure, expressed as the state described by frequent bowel movements",remaining_5256,19097a597f73d6223aaae71cb95c4a88474c34cda3ec5d55ebebb911a41962ab,276,88,4,18,102,22,0.10997394019191109,0.12411588772420068,0.01414194753228959,0.01414194753228959,AWAY_FROM_REFERENCE,0.06521739130434782,MINOR,1,231,,,1dd4091a0134ae1f31c12a2d31c5aba675a40367e37d306faa0671ff6efeb0d2,0.303745688277839,0.24180114424126709,0.5859375,-14,True,200
SB1758,Electrocardiogram ST-T change,"cardiac conduction, depolarization, repolarization, and rhythm structure","altered configuration or regulated output of the named structure, expressed as the state described by electrocardiogram st-t change",remaining_5256,ea74db721a0c9f9bdac735795b639800a3409d5f645792ea5247282f473ded9d,703,205,21,30,214,51,0.09738647073842743,0.10730010453147643,0.009913633793048993,0.009913633793048993,AWAY_FROM_REFERENCE,0.04267425320056899,MINOR,1,230,,,0cfbbf37e05cba3c200630ce75a84fdfc9fc203dd080a476817b0406f62940cd,0.3037203856207561,0.23491053124482453,0.6171875,-9,True,201
SB0326,Anorectal disorder,anorectal mucosal and sphincter structural structure,departure from the reference structural configuration or regulated functional range,established_478,04d2ef9ed4f2eb7dcb04a1d4c8246f4ee658ad28c35a3c97737373b6317e408b,325,145,11,13,147,24,0.15202269873860308,0.15826567035031225,0.006242971611709169,0.006242971611709169,AWAY_FROM_REFERENCE,0.04,MINOR,1,171,,,fef3052eb75489d63707a31bcf934f64cc7b8d5a5d3bd4fe5a0590dcda5c61e8,0.30371054698698174,0.2383284109597339,0.6015625,-2,True,202
SB0357,Anus disorder,anorectal mucosal and sphincter structural structure,departure from the reference structural configuration or regulated functional range,established_478,04d2ef9ed4f2eb7dcb04a1d4c8246f4ee658ad28c35a3c97737373b6317e408b,325,145,11,13,147,24,0.15202269873860308,0.15826567035031225,0.006242971611709169,0.006242971611709169,AWAY_FROM_REFERENCE,0.04,MINOR,1,171,,,037fe874310da5f6af7e1b0fb4e5611f44e2631c071caf0c8012bd8b6c5abd32,0.30371054698698174,0.2383284109597339,0.6015625,-2,True,203
SB2456,Heparin-induced thrombocytopenia,"platelet production, activation, adhesion, and aggregation structure",quantity of the named cell/tissue component reduced below the reference range,remaining_5256,14d73f92ea76dce3df127b80f7e00f4eacc0ff9c17f8a991a06542bf05cdba96,15,6,1,0,5,1,0.1616337208639358,0.16545390893079281,0.003820188066857022,0.003820188066857022,AWAY_FROM_REFERENCE,0.0,INFORMATIONAL,0,230,,,bd529c6c3801acb16f19dd3cca15435817a665d85b909f8d14ded2b2912efc02,0.30356353166939376,0.22785948984072413,0.6484375,1,True,204
SB2726,Idiopathic thrombocytopenia,"platelet production, activation, adhesion, and aggregation structure",quantity of the named cell/tissue component reduced below the reference range,remaining_5256,14d73f92ea76dce3df127b80f7e00f4eacc0ff9c17f8a991a06542bf05cdba96,15,6,1,0,5,1,0.1616337208639358,0.16545390893079281,0.003820188066857022,0.003820188066857022,AWAY_FROM_REFERENCE,0.0,INFORMATIONAL,0,230,,,c1302f3a194c433135ca95c8bf3c216fb6d65d62658e2a3468735fe29a1f1a1b,0.30356353166939376,0.22785948984072413,0.6484375,1,True,205
SB5209,Thrombocytopenia,"platelet production, activation, adhesion, and aggregation structure",quantity of the named cell/tissue component reduced below the reference range,remaining_5256,14d73f92ea76dce3df127b80f7e00f4eacc0ff9c17f8a991a06542bf05cdba96,15,6,1,0,5,1,0.1616337208639358,0.16545390893079281,0.003820188066857022,0.003820188066857022,AWAY_FROM_REFERENCE,0.0,INFORMATIONAL,0,230,,,f47f912ba7ae2539d576c15a0c0ec67a32f4632ab7bdb6ca5760f6703e35bc03,0.30356353166939376,0.22785948984072413,0.6484375,1,True,206
SB5210,Thrombocytopenia aggravated,"platelet production, activation, adhesion, and aggregation structure",quantity of the named cell/tissue component reduced below the reference range,remaining_5256,14d73f92ea76dce3df127b80f7e00f4eacc0ff9c17f8a991a06542bf05cdba96,15,6,1,0,5,1,0.1616337208639358,0.16545390893079281,0.003820188066857022,0.003820188066857022,AWAY_FROM_REFERENCE,0.0,INFORMATIONAL,0,230,,,b803a68dccda069ab690463eb276f711983077b6af177ced4bd7303e060839fd,0.30356353166939376,0.22785948984072413,0.6484375,1,True,207
SB4770,Secondary syphilis,innate-adaptive host-defense structure,"altered configuration or regulated output of the named structure, expressed as the state described by secondary syphilis",remaining_5256,70b9577a8bf7a3c0bb94dacd6305e51a07bf5ad1cf4232db2e3899d0b73094d2,15,9,2,0,7,2,0.17972714382242638,0.18658534482161993,0.006858200999193542,0.006858200999193542,AWAY_FROM_REFERENCE,0.0,INFORMATIONAL,0,231,,,f796bcb39ad9086fee54ce4d444e00e71b9c1166d75d5d02180fbf5932c02820,0.3034480047532619,0.23457835945519745,0.6171875,2,True,208
SB5722,Xanthopsia,retinal-cone and visual color-processing structure,"altered configuration or regulated output of the named structure, expressed as the state described by xanthopsia",remaining_5256,255f7e858f61ae55fdfb13aafe45fe16574e166f77bc7b5a366ab9c22e95be90,78,37,1,6,42,7,0.16216074036834371,0.16423715694444463,0.0020764165761009146,0.0020764165761009146,AWAY_FROM_REFERENCE,0.07692307692307693,MINOR,1,223,,,17b98ada740cd34403502e97aad866b4a6f91fb12272b94f9de2d02eb5dda50a,0.30335078730443726,0.23788967963955765,0.6015625,-5,True,209
SB5522,Varicella,innate-adaptive host-defense structure,"altered configuration or regulated output of the named structure, expressed as the state described by varicella",remaining_5256,07c25f5789b8c2f23a290819bf634001481b1cd29b5755addab2a150167fab31,15,9,1,0,8,1,0.17513074448893406,0.181292178724614,0.006161434235679941,0.006161434235679941,AWAY_FROM_REFERENCE,0.0,INFORMATIONAL,0,231,,,3d45003fd70de029ba316e6568ee3f8b95a3425966a29f4887c7db5a6feeca49,0.30316967876680245,0.2359538765448811,0.609375,1,True,210
SB2059,Fibrocystic breast disease,"mammary gland ductal-lobular, secretory, and surface structure","altered configuration or regulated output of the named structure, expressed as the state described by fibrocystic breast disease",remaining_5256,e485ef0bb351d4328e89c3777f1dbfe53d03484fff19182edadf937dedaf63ad,231,112,7,12,117,19,0.1623899211440778,0.16968097540900184,0.007291054264924046,0.007291054264924046,AWAY_FROM_REFERENCE,0.05194805194805195,MINOR,1,223,,,1b91bc384229373a0db479ac2faa564ceff4dfac80aa805824d26cc3a2739884,0.30309186020445195,0.24443367098103896,0.5703125,-5,True,211
SB1662,Dysequilibrium,vestibular sensory-transduction and balance-control structure,"altered configuration or regulated output of the named structure, expressed as the state described by dysequilibrium",remaining_5256,0feb40f42a42c31c7dc510e2d2a286087e67afa9c4a49bf44624fcf971612088,15,6,0,1,7,1,0.1656022323134202,0.17276133460540766,0.0071591022919874625,0.0071591022919874625,AWAY_FROM_REFERENCE,0.06666666666666667,MINOR,1,198,,,6106cda41997da924c3cd2795babd6ff9341ad0a284f476eefbeef95f70245b7,0.3030796644433549,0.2289843468821401,0.640625,-1,True,212
SB1025,Central obesity,"adipose-tissue storage, body-composition, and energy-balance structure",net body-energy storage exceeding expenditure with increased tissue mass,remaining_5256,c71699fb925414b2c97850454e4bc278f333215826b31dbeb2860df78f74c895,45,23,3,0,20,3,0.1787597103581975,0.19279062938759406,0.014030919029396571,0.014030919029396571,AWAY_FROM_REFERENCE,0.0,INFORMATIONAL,0,174,,,d1cf35f640d782f92ff8561dde4d1b6201896be601becc1581b92f8198c84425,0.30306354043105777,0.23753937857446072,0.6015625,3,True,213
SB3702,Obesity,"adipose-tissue storage, body-composition, and energy-balance structure",net body-energy storage exceeding expenditure with increased tissue mass,remaining_5256,c71699fb925414b2c97850454e4bc278f333215826b31dbeb2860df78f74c895,45,23,3,0,20,3,0.1787597103581975,0.19279062938759406,0.014030919029396571,0.014030919029396571,AWAY_FROM_REFERENCE,0.0,INFORMATIONAL,0,174,,,f454fd8578b59e448c5c80874f03d5ce701be503786f0e7bac425bdc4dc6677b,0.30306354043105777,0.23753937857446072,0.6015625,3,True,214
SB0149,Acute pulmonary oedema,"pulmonary airway-alveolar, pleural, and gas-exchange structure","excess fluid accumulation within interstitial, tissue, or cavity compartments",established_478,3b3dbfa9904a906f7f498ab99030ec0e46d2168ec190a025db386baf4b477858,36,19,1,0,18,1,0.21362701924296157,0.21416211600141888,0.0005350967584573096,0.0005350967584573096,AWAY_FROM_REFERENCE,0.0,INFORMATIONAL,0,231,,,230b5c588fa6fcb02fde97e2cd02958d35e492ec896a0e90e4cbfdc00661e2fb,0.3029977564969517,0.2374591542645753,0.6015625,1,True,215
SB3682,Non-cardiogenic pulmonary oedema,"pulmonary airway-alveolar, pleural, and gas-exchange structure","excess fluid accumulation within interstitial, tissue, or cavity compartments",remaining_5256,3b3dbfa9904a906f7f498ab99030ec0e46d2168ec190a025db386baf4b477858,36,19,1,0,18,1,0.21362701924296157,0.21416211600141888,0.0005350967584573096,0.0005350967584573096,AWAY_FROM_REFERENCE,0.0,INFORMATIONAL,0,231,,,649d989a0a6d342b62a0346de0e3a625736af9cfd9fc942e9e412e0a04713e66,0.3029977564969517,0.2374591542645753,0.6015625,1,True,216
SB4444,Pulmonary oedema,"pulmonary airway-alveolar, pleural, and gas-exchange structure","excess fluid accumulation within interstitial, tissue, or cavity compartments",remaining_5256,3b3dbfa9904a906f7f498ab99030ec0e46d2168ec190a025db386baf4b477858,36,19,1,0,18,1,0.21362701924296157,0.21416211600141888,0.0005350967584573096,0.0005350967584573096,AWAY_FROM_REFERENCE,0.0,INFORMATIONAL,0,231,,,2b730919d8fff6cbb6dbe92295b7d728894dd4f2482c841b613d525da39f35c5,0.3029977564969517,0.2374591542645753,0.6015625,1,True,217
SB0591,Benign prostatic hyperplasia,"male gonadal, ductal, accessory-gland, and reproductive-output structure",increase in tissue mass or cellular content beyond the reference configuration,remaining_5256,c212c59d9bb3902e45535bbcce5b48886d26756a2793d321f81d7b6035bb9205,190,101,9,6,98,15,0.1565502451294174,0.16067522969267745,0.004124984563260048,0.004124984563260048,AWAY_FROM_REFERENCE,0.031578947368421054,MINOR,1,223,,,e0adb97e378aa6ceaa6a74ef3eec46700f05e7b45c794006f497216ed5c6cbfb,0.3029683873050303,0.2322785211036955,0.625,3,True,218
SB0592,Benign prostatic hypertrophy,"male gonadal, ductal, accessory-gland, and reproductive-output structure",increase in tissue mass or cellular content beyond the reference configuration,remaining_5256,c212c59d9bb3902e45535bbcce5b48886d26756a2793d321f81d7b6035bb9205,190,101,9,6,98,15,0.1565502451294174,0.16067522969267745,0.004124984563260048,0.004124984563260048,AWAY_FROM_REFERENCE,0.031578947368421054,MINOR,1,223,,,b0e997fd79bce7d457912692cb1acb8fa37377b12a4ae9c0f1c79c5e70e7c1f2,0.3029683873050303,0.2322785211036955,0.625,3,True,219
SB4368,Prostatic hypertrophy,"male gonadal, ductal, accessory-gland, and reproductive-output structure",increase in tissue mass or cellular content beyond the reference configuration,remaining_5256,c212c59d9bb3902e45535bbcce5b48886d26756a2793d321f81d7b6035bb9205,190,101,9,6,98,15,0.1565502451294174,0.16067522969267745,0.004124984563260048,0.004124984563260048,AWAY_FROM_REFERENCE,0.031578947368421054,MINOR,1,223,,,0c89638b783f20facab8fa4ea7b4f13eb2f6a427dd1e7053728f7d2a2f8f1953,0.3029683873050303,0.2322785211036955,0.625,3,True,220
SB0832,Breast induration,"mammary gland ductal-lobular, secretory, and surface structure","altered configuration or regulated output of the named structure, expressed as the state described by breast induration",remaining_5256,4baa3ff3ed7d3e6978bb4f88a963023b5180e3227277d88e8788f25fba84741f,231,108,11,12,109,23,0.14435669409213148,0.149925626625657,0.005568932533525528,0.005568932533525528,AWAY_FROM_REFERENCE,0.05194805194805195,MINOR,1,223,,,d05067ffd501be46b723efa25270c206af78d3199a4d3bfe104793d4cf51dfe1,0.30295659907268196,0.23912390130814876,0.59375,-1,True,221
SB0835,Breast microcalcification,"mammary gland ductal-lobular, secretory, and surface structure","altered configuration or regulated output of the named structure, expressed as the state described by breast microcalcification",remaining_5256,e788d09e8ccfe95ed4ab9c5e6c1bdfcc17205528a06a3f23f86afa31ad54b5a4,231,114,8,12,118,20,0.15142311106883632,0.15818599333395145,0.006762882265115122,0.006762882265115122,AWAY_FROM_REFERENCE,0.05194805194805195,MINOR,1,223,,,6cf7a6fa4737201cdb9190cf83f25396278439d76f496faa6c1a016b0ad1fe82,0.30292317431118887,0.23908313940388892,0.59375,-4,True,222
SB1767,Electrocardiogram change,"cardiac conduction, depolarization, repolarization, and rhythm structure","altered configuration or regulated output of the named structure, expressed as the state described by electrocardiogram change",remaining_5256,6dd7c5437694bce38cd7c966c71df56ff8ea8bfa6028027e8bd061137858b564,703,194,25,38,207,63,0.09659860060525205,0.10673728334663068,0.010138682741378635,0.010138682741378635,AWAY_FROM_REFERENCE,0.05405405405405406,MINOR,1,230,,,87f7c5bbd6c48f071d0f7e18f1f2087df97d9a43b5b8ad44ad40cd9079212208,0.30261365236559457,0.23356085654340808,0.6171875,-13,True,223
SB2201,Gastrointestinal hypermotility,"intestinal mucosal barrier, smooth-muscle motility, and luminal transport structure","excess magnitude, activity, quantity, or tissue state above the reference configuration",remaining_5256,6d177de4f8e29912fc74fea7f3d68efa5658a95e05f52eab3c2fbd7506f3a64f,276,89,5,19,103,24,0.13485235701261455,0.15124784399391955,0.016395486981304996,0.016395486981304996,AWAY_FROM_REFERENCE,0.06884057971014493,MINOR,1,231,,,57f6da49dd5d8bb383050329c8c9f379250cf29c1ff1d6ae306ea874aecb3ef6,0.3025829546928834,0.23695329840595536,0.6015625,-14,True,224
SB0069,Accidental exposure to product,non-structural exposure event,chemical burden exceeding or altering the reference exposure-clearance state,established_478,0dec32c8cbefe929fae8d9898817b4b8acf5e36632ea551798d8106e5304282d,36,21,0,1,22,1,0.3237636463241451,0.3273052011241844,0.0035415548000392594,0.0035415548000392594,AWAY_FROM_REFERENCE,0.027777777777777776,MINOR,1,231,,,eeac948ee3d3ccd6a1c6bad25b66a9c5f43636465a14a312e413eb3242404d93,0.3022460661791399,0.22796776363309745,0.640625,-1,True,225
SB0828,Breast engorgement,"mammary gland ductal-lobular, secretory, and surface structure","altered configuration or regulated output of the named structure, expressed as the state described by breast engorgement",remaining_5256,072bdcd590a6a429c56edde327b4e3ece171720bbef9dbed9e04fbd470053c26,231,112,9,10,113,19,0.14712230566468132,0.15379513497660757,0.006672829311926254,0.006672829311926254,AWAY_FROM_REFERENCE,0.04329004329004329,MINOR,1,223,,,4d983cf512f5db6c8fcb8579ddcfa49ca6c810844c358d7620397bc228435cde,0.3022146237257909,0.24164893137291577,0.578125,-1,True,226
SB3198,Lung nodule,"pulmonary airway-alveolar, pleural, and gas-exchange structure","altered configuration or regulated output of the named structure, expressed as the state described by lung nodule",remaining_5256,b8fe9fb94b550cd580c480667b81368d9de8cb591896ae9a0d8f5d73ea078065,36,19,2,0,17,2,0.17785724690084348,0.17956689219882005,0.0017096452979765697,0.0017096452979765697,AWAY_FROM_REFERENCE,0.0,INFORMATIONAL,0,231,,,959d45f9aa655744c9b5d809f8877762e9f52f6575ea63cfef5ec4a7d8a301c7,0.30207667168418995,0.23290600205389023,0.6171875,2,True,227
SB4365,Prostatic adenoma,"male gonadal, ductal, accessory-gland, and reproductive-output structure",localized tissue overgrowth or mass formation with altered normal architecture,remaining_5256,9b66bf85ea39f04a451e10efcce821c4f5016f1fc1afee69a67659a59d85ac18,190,97,12,3,88,15,0.14276807398298463,0.15046952176038364,0.007701447777399006,0.007701447777399006,AWAY_FROM_REFERENCE,0.015789473684210527,MINOR,1,223,,,e070ea80245115be4efce651bec2970961cef72e9d2ad08b571aa52d13e57504,0.30198005295579844,0.23278817433633958,0.6171875,9,True,228
SB0277,Anal discomfort,anorectal mucosal and sphincter structural structure,abnormal sensory-autonomic signaling indicating departure from the reference local functional state,established_478,57d8ae7eb761cfa4516a0bfab5cc7e8116ce47d0d6a35fc4b021e3fb94fb5634,325,173,10,13,176,23,0.17976341637471216,0.1875841343991227,0.007820718024410533,0.007820718024410533,AWAY_FROM_REFERENCE,0.04,MINOR,1,171,,,b38eaded115105e43654e0f0ea1d95b0d2724c97aa9bf729d58b8c2be2db4e81,0.3019574962153657,0.23276066611629964,0.6171875,-3,True,229
SB0325,Anorectal discomfort,anorectal mucosal and sphincter structural structure,abnormal sensory-autonomic signaling indicating departure from the reference local functional state,established_478,57d8ae7eb761cfa4516a0bfab5cc7e8116ce47d0d6a35fc4b021e3fb94fb5634,325,173,10,13,176,23,0.17976341637471216,0.1875841343991227,0.007820718024410533,0.007820718024410533,AWAY_FROM_REFERENCE,0.04,MINOR,1,171,,,f30db63fdc163b9e2475faa36c2cad2cf7400fd928fa0ccdb067de9216588736,0.3019574962153657,0.23276066611629964,0.6171875,-3,True,230
SB0817,Breast calcifications,"mammary gland ductal-lobular, secretory, and surface structure","altered configuration or regulated output of the named structure, expressed as the state described by breast calcifications",remaining_5256,7fb9073bb95f6af5386dc1a6d8596ce7a8423bd211fe8000d6a307a276f96a47,231,106,10,11,107,21,0.14854492195706726,0.15471044309077386,0.0061655211337066085,0.0061655211337066085,AWAY_FROM_REFERENCE,0.047619047619047616,MINOR,1,223,,,f33ffa7361533b966d4f1fb574d23a8fb233b29a24102a41bc6fc87c2704398a,0.30190895234884274,0.23956122237663746,0.5859375,-1,True,231
SB5003,Spontaneous bruising,vascular wall and hemostatic integrity structure,"altered configuration or regulated output of the named structure, expressed as the state described by spontaneous bruising",remaining_5256,2cfbe83341db1fb3d9f196bf326c131ab7170e44ae11f2d4d556245a486fd720,325,190,9,11,192,20,0.18506297357886703,0.1896103291920086,0.004547355613141568,0.004547355613141568,AWAY_FROM_REFERENCE,0.033846153846153845,MINOR,1,210,,,5193f40484b1cda6f8b11aee3d4b090e5e478a27579ff8600bfc85c024601aab,0.3018414148180263,0.23090416441222716,0.625,-2,True,232
SB4431,Pulmonary congestion,"pulmonary airway-alveolar, pleural, and gas-exchange structure","altered configuration or regulated output of the named structure, expressed as the state described by pulmonary congestion",remaining_5256,a3287b59d2227a31ae7f673f862b1134410077be12439b5cc62bbd49b9bf87c5,36,17,2,1,16,3,0.18033263890504425,0.18079192874978256,0.0004592898447383087,0.0004592898447383087,AWAY_FROM_REFERENCE,0.027777777777777776,MINOR,1,231,,,10acc8cf86d4e5d3f53c4e3bb2f5c60ce39e70421ba2251ee43606e676c4cf9e,0.3018360995225048,0.22918274332012778,0.6328125,1,True,233
SB0795,Bradyarrhythmia,cardiac conduction and myocardial rhythm structure,cardiac activation frequency below the reference rhythm range,remaining_5256,7822023b7c90fc4c184a2a290f88f84947021d8f3648379d1c0a4637fb9ed2f8,21,6,0,1,7,1,0.18900091197077395,0.20209146729936778,0.013090555328593823,0.013090555328593823,AWAY_FROM_REFERENCE,0.047619047619047616,MINOR,1,231,,,8e757d8f035389f10b310117d8e874e836112c96932ccf374d43078135e2762f,0.30172183313707174,0.23590315016716068,0.6015625,-1,True,234
SB0796,Bradycardia,cardiac conduction and myocardial rhythm structure,cardiac activation frequency below the reference rhythm range,remaining_5256,7822023b7c90fc4c184a2a290f88f84947021d8f3648379d1c0a4637fb9ed2f8,21,6,0,1,7,1,0.18900091197077395,0.20209146729936778,0.013090555328593823,0.013090555328593823,AWAY_FROM_REFERENCE,0.047619047619047616,MINOR,1,231,,,8db462c5f5d37941530fdf24aa4308bcc07a73a17b0c7424ae5d9d8671372346,0.30172183313707174,0.23590315016716068,0.6015625,-1,True,235
SB2994,Junctional bradycardia,cardiac conduction and myocardial rhythm structure,cardiac activation frequency below the reference rhythm range,remaining_5256,7822023b7c90fc4c184a2a290f88f84947021d8f3648379d1c0a4637fb9ed2f8,21,6,0,1,7,1,0.18900091197077395,0.20209146729936778,0.013090555328593823,0.013090555328593823,AWAY_FROM_REFERENCE,0.047619047619047616,MINOR,1,231,,,556daa22c025c8e2c0f230298beb50e44c0132d16901910204ca1e9554af8770,0.30172183313707174,0.23590315016716068,0.6015625,-1,True,236
SB4561,Reflex bradycardia,cardiac conduction and myocardial rhythm structure,cardiac activation frequency below the reference rhythm range,remaining_5256,7822023b7c90fc4c184a2a290f88f84947021d8f3648379d1c0a4637fb9ed2f8,21,6,0,1,7,1,0.18900091197077395,0.20209146729936778,0.013090555328593823,0.013090555328593823,AWAY_FROM_REFERENCE,0.047619047619047616,MINOR,1,231,,,a9817e0e842c276c684f59aa7644958d89af73b5968643120470ebcf0a7f0f16,0.30172183313707174,0.23590315016716068,0.6015625,-1,True,237
SB4858,Sinus bradycardia,cardiac conduction and myocardial rhythm structure,cardiac activation frequency below the reference rhythm range,remaining_5256,7822023b7c90fc4c184a2a290f88f84947021d8f3648379d1c0a4637fb9ed2f8,21,6,0,1,7,1,0.18900091197077395,0.20209146729936778,0.013090555328593823,0.013090555328593823,AWAY_FROM_REFERENCE,0.047619047619047616,MINOR,1,231,,,9ef8fe7031307b3f310af905105b72cf6ad9f4eeb72ce926c210395cd1f3fea6,0.30172183313707174,0.23590315016716068,0.6015625,-1,True,238
SB5187,Testicular atrophy,"male gonadal, ductal, accessory-gland, and reproductive-output structure","reduction of tissue mass, cell volume, or functional structural content",remaining_5256,4040e85058738e00deb8c1df42ddf5bd7d8d1e78243c865e92883915cee508e6,190,99,11,4,92,15,0.1502854941371241,0.15712226013482755,0.006836765997703442,0.006836765997703442,AWAY_FROM_REFERENCE,0.021052631578947368,MINOR,1,223,,,7d182de43b07255af26fce51170f208a55283ead574c4cbf5a2fdc1ca869e761,0.3016215798132117,0.23406595099172156,0.609375,7,True,239
SB0439,Arrhythmia,cardiac muscle rhythm,abnormal cardiac activation sequence producing disordered rhythm and mechanical timing,established_478,74bec3db352554d5809ff8bf51f4786242eb532b5e39c1be1cc80d84590670dd,105,62,10,12,64,22,0.3019939819347145,0.29733135832355595,-0.004662623611158545,0.004662623611158545,TOWARD_REFERENCE,0.11428571428571428,MINOR,1,230,,,cb67bf50c9eabcb5176d36e7f67c4d8036df87eb70bcaf47e1a1df701f2709d5,0.30142320082206503,0.22867920831959154,0.6328125,-2,True,240
SB5008,Spotting vaginal,"female reproductive, gestational, placental, and reproductive-output structure","altered configuration or regulated output of the named structure, expressed as the state described by spotting vaginal",remaining_5256,6cfc55b5cbbe0c311197a04f530b7dcd2da2775d4de7e41303bcec907fe30fe6,3,0,0,1,1,1,0.13704456767162054,0.14190974685275304,0.004865179181132495,0.004865179181132495,AWAY_FROM_REFERENCE,0.3333333333333333,MODERATE,2,38,,,dcad8122bc30f363ac5e496785292b3c32ffbe91758c78e4cd632c17f0a03ab1,0.30134776502275,0.23030215246676833,0.625,-1,True,241
SB4615,Respiration irregularity,"pulmonary airway-alveolar, pleural, and gas-exchange structure","altered configuration or regulated output of the named structure, expressed as the state described by respiration irregularity",remaining_5256,15afccbdd8b0aa16be4cb5f749c3caadec613832844786a7b2c0c3ba68eaae8d,36,17,2,1,16,3,0.1818850680806562,0.18378099769375078,0.0018959296130945935,0.0018959296130945935,AWAY_FROM_REFERENCE,0.027777777777777776,MINOR,1,231,,,838d67cba0a7e2001f4b376c6921f6152c81ee96a0f3cf3a4e605238f28479b3,0.3013338385613379,0.23200010800163162,0.6171875,1,True,242
SB0104,Acute allergic reaction,mast-cell histamine and adaptive-immune response structure,"exaggerated immune-recognition/effector activation causing barrier, vascular, or smooth-muscle perturbation",established_478,096dc65c97a2d9922a6d30e95062dcdbcf8a5a6d619b6bd864613985f3841c04,136,67,6,3,64,9,0.15465461241315825,0.15961899758730724,0.004964385174148989,0.004964385174148989,AWAY_FROM_REFERENCE,0.022058823529411766,MINOR,1,231,,,2c99ffb57c8594ddfe60b51b39aa0c60b0665f391060d71df2c7601bd9159230,0.30119087775091524,0.23354070457428688,0.609375,3,True,243
SB0240,Allergy aggravated,mast-cell histamine and adaptive-immune response structure,"exaggerated immune-recognition/effector activation causing barrier, vascular, or smooth-muscle perturbation",established_478,096dc65c97a2d9922a6d30e95062dcdbcf8a5a6d619b6bd864613985f3841c04,136,67,6,3,64,9,0.15465461241315825,0.15961899758730724,0.004964385174148989,0.004964385174148989,AWAY_FROM_REFERENCE,0.022058823529411766,MINOR,1,231,,,dd5473eecc074f3078cbac4f42b1e5b795a50544651219110fa1829ac11a2af3,0.30119087775091524,0.23354070457428688,0.609375,3,True,244
SB1099,Chloropsia,retinal-cone and visual color-processing structure,"altered configuration or regulated output of the named structure, expressed as the state described by chloropsia",remaining_5256,84b1068aeb1eefaa46a0217d80d330430152390e361100243d9857e9dbb12cd0,78,36,0,6,42,6,0.15969664279201257,0.16161940760898497,0.0019227648169723999,0.0019227648169723999,AWAY_FROM_REFERENCE,0.07692307692307693,MINOR,1,223,,,d4048b6221fcc7c7c6349fd6df117e21d70b45df3fa5358bb795660b929c5eae,0.30118959899502207,0.2386839621890513,0.5859375,-6,True,245
SB1922,Exhaustion,whole-organism substrate utilization and cellular energy-production structure,"altered configuration or regulated output of the named structure, expressed as the state described by exhaustion",remaining_5256,e2b5a8218f422a15eb6acf60661ccac60a85033de7585f7bdfe1f1097a2168b3,78,29,1,5,33,6,0.1047007758838926,0.10893478727009687,0.004234011386204273,0.004234011386204273,AWAY_FROM_REFERENCE,0.0641025641025641,MINOR,1,223,,,a4601664b74250b8d36f19ebc43ffd36f6c6b28b89dd0698ee80954ea3c7459e,0.3010155074979928,0.2384716554853571,0.5859375,-4,True,246
SB1594,Dizziness,vestibular sensory-transduction and balance-control structure,unstable vestibular/perfusion sensory integration producing abnormal spatial-orientation perception,remaining_5256,b5aa6baa95fd40beccb76529baa33b1d071144b462e9d9fe5ee1ecb9a85c9773,15,8,2,0,6,2,0.17278777890776564,0.18280523144619099,0.010017452538425342,0.010017452538425342,AWAY_FROM_REFERENCE,0.0,INFORMATIONAL,0,198,,,333f48a5cfbca9c5b3b2fd24ee04a1104b4f59d05afd83565ccbb08fcf84e773,0.30089814609086984,0.22803889767179253,0.6328125,2,True,247
SB1595,Dizziness aggravated,vestibular sensory-transduction and balance-control structure,unstable vestibular/perfusion sensory integration producing abnormal spatial-orientation perception,remaining_5256,b5aa6baa95fd40beccb76529baa33b1d071144b462e9d9fe5ee1ecb9a85c9773,15,8,2,0,6,2,0.17278777890776564,0.18280523144619099,0.010017452538425342,0.010017452538425342,AWAY_FROM_REFERENCE,0.0,INFORMATIONAL,0,198,,,88a1a769117b09b27e11501651ba1d8ad1b957043b6fe48af64f1dc92e661eaf,0.30089814609086984,0.22803889767179253,0.6328125,2,True,248
SB1596,Dizziness exertional,vestibular sensory-transduction and balance-control structure,unstable vestibular/perfusion sensory integration producing abnormal spatial-orientation perception,remaining_5256,b5aa6baa95fd40beccb76529baa33b1d071144b462e9d9fe5ee1ecb9a85c9773,15,8,2,0,6,2,0.17278777890776564,0.18280523144619099,0.010017452538425342,0.010017452538425342,AWAY_FROM_REFERENCE,0.0,INFORMATIONAL,0,198,,,38fd77ba3af859d5c1675ad072c9f924e103f181dd7a1fad16a38d7856e69b1a,0.30089814609086984,0.22803889767179253,0.6328125,2,True,249
SB1597,Dizziness postural,vestibular sensory-transduction and balance-control structure,unstable vestibular/perfusion sensory integration producing abnormal spatial-orientation perception,remaining_5256,b5aa6baa95fd40beccb76529baa33b1d071144b462e9d9fe5ee1ecb9a85c9773,15,8,2,0,6,2,0.17278777890776564,0.18280523144619099,0.010017452538425342,0.010017452538425342,AWAY_FROM_REFERENCE,0.0,INFORMATIONAL,0,198,,,2a569fcd6d5b76fdb047a6d5218f412e61d9c4949a862146305ee4e462bdbddf,0.30089814609086984,0.22803889767179253,0.6328125,2,True,250
SB1598,Dizzy spells,vestibular sensory-transduction and balance-control structure,unstable vestibular/perfusion sensory integration producing abnormal spatial-orientation perception,remaining_5256,b5aa6baa95fd40beccb76529baa33b1d071144b462e9d9fe5ee1ecb9a85c9773,15,8,2,0,6,2,0.17278777890776564,0.18280523144619099,0.010017452538425342,0.010017452538425342,AWAY_FROM_REFERENCE,0.0,INFORMATIONAL,0,198,,,548f7840d8e74b9002cfde977f269ac8585c73ae063b0295e0c248293db6798a,0.30089814609086984,0.22803889767179253,0.6328125,2,True,251
SB5226,Thrombotic thrombocytopenic purpura,"platelet production, activation, adhesion, and aggregation structure",intraluminal clot formation causing partial or complete flow obstruction,remaining_5256,1e2f048bd0db5f9f670238984ef69e7009147dcf7ab67cd2d957237b7a9cd5aa,15,3,0,1,4,1,0.1452284942409775,0.1525937529850021,0.007365258744024605,0.007365258744024605,AWAY_FROM_REFERENCE,0.06666666666666667,MINOR,1,230,,,2cb0a9802ba50c461c7df0b40316056da3b8fa5cb6f54d942568280cf112613d,0.30089204738657754,0.23832109437387505,0.5859375,-1,True,252
SB1929,Expressive language disorder,dominant-hemisphere language-processing and speech-planning network,departure from the reference structural configuration or regulated functional range,remaining_5256,b111aac0ad4ad79e76d5d9e93b63c5694123c35b29424e21ec6dc96fa0cb05b0,231,106,5,8,109,13,0.1795845592145957,0.20054230723484778,0.020957748020252076,0.020957748020252076,AWAY_FROM_REFERENCE,0.03463203463203463,MINOR,1,230,230,230,ba6dfadeae4cc21cd172f1c0b653d8f10f419faedbde59f60c372b16676d52fe,0.3007409332004298,0.22613223561028029,0.640625,-3,True,253
SB4968,Speech disorder,dominant-hemisphere language-processing and speech-planning network,departure from the reference structural configuration or regulated functional range,remaining_5256,b111aac0ad4ad79e76d5d9e93b63c5694123c35b29424e21ec6dc96fa0cb05b0,231,106,5,8,109,13,0.1795845592145957,0.20054230723484778,0.020957748020252076,0.020957748020252076,AWAY_FROM_REFERENCE,0.03463203463203463,MINOR,1,230,230,230,a9c75041e7d4f4c241eefc78f5f59abfcfb3933f5d1ae91097e9b216a425129d,0.3007409332004298,0.22613223561028029,0.640625,-3,True,254
SB0935,Carbon dioxide increased,pulmonary gas-exchange and extracellular acid-base transport structure,measured or functional quantity shifted above its reference structural range,remaining_5256,022a93e908c3c8b3f75d418c92c81c5e8dd1bd631bba9ca85316f9be9f6e0707,406,174,24,13,163,37,0.1448004678858521,0.15287435097486468,0.008073883089012579,0.008073883089012579,AWAY_FROM_REFERENCE,0.03201970443349754,MINOR,1,231,,,79fc2aa739c11b3b448f13b4fb54bd80984b7033069b67e2d46f78fe989dcb51,0.3007005674580196,0.22436807007075565,0.6484375,11,True,255
SB1744,Electrocardiogram PR shortened,"cardiac conduction, depolarization, repolarization, and rhythm structure",event duration or measured interval reduced below the reference timing range,remaining_5256,b5fb1f4a7125f5f90e1353239b3beb09fd1836b0a07a9436b15f9c6320505fe6,703,217,35,24,206,59,0.10656308499935008,0.1125752820934397,0.006012197094089622,0.006012197094089622,AWAY_FROM_REFERENCE,0.034139402560455195,MINOR,1,230,,,949a2371f1ae1811ae68819533bb0d13de99767d7c1c6ce0b3f6ec7dcf6d8eec,0.30066411983765345,0.22603856077762619,0.640625,11,True,256
SB0198,Agranulocytosis,bone-marrow neutrophil production and circulating-neutrophil structure,marked depletion of circulating granulocytes with reduced innate cellular defense capacity,established_478,e6d5fd50e74307ce8e09893b81cd43e07cd1c1d47c8dd8ae19dd7c29da81e8ac,2485,714,78,79,715,157,0.128087457997917,0.1350110296232665,0.006923571625349512,0.006923571625349512,AWAY_FROM_REFERENCE,0.0317907444668008,MINOR,1,6,,,3145dd5abc46c1cacc7e4f49f9c4ae1509ffc47a147fae647e1e73a06de82fa0,0.3006314358987484,0.22942858036432734,0.625,-1,True,257
SB0831,Breast feeding,"female reproductive, gestational, placental, and reproductive-output structure","altered configuration or regulated output of the named structure, expressed as the state described by breast feeding",remaining_5256,79b6e6517d1fecf137217103a49fe206510b4e55a31f844de1ba9d03933d144b,3,0,0,1,1,1,0.12954608273094415,0.13391506353268623,0.004368980801742084,0.004368980801742084,AWAY_FROM_REFERENCE,0.3333333333333333,MODERATE,2,38,,,ae79e91afa69094f1579fc6ecbb3c174aa259d36b8b80a70580ec141172ec18c,0.30046100315811375,0.2257908575098948,0.640625,-1,True,258
SB1844,Epidermal growth factor receptor decreased,"cutaneous epidermal-dermal barrier, appendage, vascular, and immune structure",measured or functional quantity shifted below its reference structural range,remaining_5256,76fd7388f421f52395b07686994534cf0adc07a85b97c44d54880d8e7f0fbaba,300,117,8,11,120,19,0.18689409866718476,0.18817938823432123,0.0012852895671364717,0.0012852895671364717,AWAY_FROM_REFERENCE,0.03666666666666667,MINOR,1,231,,,c0e5e225ce8ca20b724acb1a20d3e19045c7a1313ac3ce17eb2856451a440795,0.3003992759823656,0.2308603975394703,0.6171875,-3,True,259
SB3195,Lung infiltration,"pulmonary airway-alveolar, pleural, and gas-exchange structure","altered configuration or regulated output of the named structure, expressed as the state described by lung infiltration",remaining_5256,741cfeaf3accfbd61e8b3701938cc864cf8bf048ce5140a4f4f8896c17d49794,36,17,2,1,16,3,0.1784701129032894,0.17979616611765392,0.0013260532143645198,0.0013260532143645198,AWAY_FROM_REFERENCE,0.027777777777777776,MINOR,1,231,,,69642291acb6be9a9cdfdee0a7d47c5779cb77f56e25ec8fe53847c4ff92d8fd,0.30036843632086335,0.22910784917178462,0.625,1,True,260
SB2755,Implant expulsion,"implanted-device, catheter, or prosthesis tissue-interface structure","altered configuration or regulated output of the named structure, expressed as the state described by implant expulsion",remaining_5256,936d05ff53b85700a7f0bc0f629275dfac9aa24cf2cadab44a47c6c5c7cd4b17,1431,611,45,51,617,96,0.1470777531860359,0.16093049306674923,0.013852739880713338,0.013852739880713338,AWAY_FROM_REFERENCE,0.03563941299790356,MINOR,1,223,,,64571baf736a91cbd95cd606bd33d1e244f5514520a9d7289ec659e8ee4a5a94,0.30024616622938505,0.2358184954016891,0.59375,-6,True,261
SB2207,Gastrointestinal necrosis,"intestinal mucosal barrier, smooth-muscle motility, and luminal transport structure",loss of cellular viability with local tissue structural breakdown,remaining_5256,b460f6caee78b0a91280c01c1fb1dd60002a92a6d894ccd79aefc2d3f7ba1d48,276,99,4,16,111,20,0.15788970673250047,0.16808092529301266,0.010191218560512194,0.010191218560512194,AWAY_FROM_REFERENCE,0.057971014492753624,MINOR,1,231,,,27d7d9ed114d36bd2099cecb146b7f1bd2921315fcea6008c08f01f1adcd2729,0.30020862545390703,0.23062789689500862,0.6171875,-12,True,262
SB2926,Intestinal necrosis,"intestinal mucosal barrier, smooth-muscle motility, and luminal transport structure",loss of cellular viability with local tissue structural breakdown,remaining_5256,b460f6caee78b0a91280c01c1fb1dd60002a92a6d894ccd79aefc2d3f7ba1d48,276,99,4,16,111,20,0.15788970673250047,0.16808092529301266,0.010191218560512194,0.010191218560512194,AWAY_FROM_REFERENCE,0.057971014492753624,MINOR,1,231,,,25680185fd9620cf5bcbeb9a1ff30b8fd0f6edd7c6cb000b652ee8f18e82d0a0,0.30020862545390703,0.23062789689500862,0.6171875,-12,True,263
SB1736,Ejaculation delayed,"male gonadal, ductal, accessory-gland, and reproductive-output structure","altered configuration or regulated output of the named structure, expressed as the state described by ejaculation delayed",remaining_5256,5cbeb4920ca1eea4f633a9144740806d98f2fb9b6ec5accd3f2df8c19a712eec,190,80,7,6,79,13,0.12781110558265407,0.13377076565382384,0.00595966007116977,0.00595966007116977,AWAY_FROM_REFERENCE,0.031578947368421054,MINOR,1,223,,,8af0a98ef5669bc77cfe3e8be3f92370e3c7f906198c466daed82375b9c63e63,0.3000262939073859,0.23212048037486088,0.609375,1,True,264
SB1691,Dysthymic disorder,thymic lymphocyte-development and immune-selection structure,departure from the reference structural configuration or regulated functional range,remaining_5256,520f66c05ddb4115bec228ad96c8d1f1b6f15f8dcfc0cfc17c6e8f1c35eb06f7,36,23,0,1,24,1,0.13857821284383698,0.13323130838445874,-0.005346904459378243,0.005346904459378243,TOWARD_REFERENCE,0.027777777777777776,MINOR,1,97,,,49a86e3fee40fa82b0557c3ffa000b6a2ee6f303e6ac9d8b5de7e03652897431,0.30000083029474217,0.225229671091149,0.640625,-1,True,265
SB4933,Sluggishness,whole-organism substrate utilization and cellular energy-production structure,"altered configuration or regulated output of the named structure, expressed as the state described by sluggishness",remaining_5256,86af8a18cf832e35037f3cabeb4a3d5ac8617786ae3265c692a68a9966e51309,78,28,2,3,29,5,0.10145376923824267,0.10485136799286132,0.003397598754618647,0.003397598754618647,AWAY_FROM_REFERENCE,0.038461538461538464,MINOR,1,223,,,f932cc1c5353c9ce08bcc37dfaf13104300e0a2c8a98c896f34d0577951c8d1f,0.29990966801095487,0.2336931926962864,0.6015625,-1,True,266
SB3481,Mycobacterium test,innate-adaptive host-defense structure,"altered configuration or regulated output of the named structure, expressed as the state described by mycobacterium test",remaining_5256,f4244800fe544007f4cc28ee7521bb0416b5d284a449cbc4aaa791eb2ca1785d,15,9,2,0,7,2,0.18520702044806514,0.18860843650986647,0.0034014160618013323,0.0034014160618013323,AWAY_FROM_REFERENCE,0.0,INFORMATIONAL,0,231,,,5edd67bd97ca02b1d526f1bae7aa9b83889adae55537870190dad6204dbdedeb,0.2997906048271172,0.23697787174038687,0.5859375,2,True,267
SB1896,Erythropsia,"erythrocyte production, integrity, and oxygen-transport structure","altered configuration or regulated output of the named structure, expressed as the state described by erythropsia",remaining_5256,ae60fa9d063217c8b7e675f4b1439a20b0c87dd6166fb6930bf9646a5929108e,15,11,0,2,13,2,0.14372293905286815,0.15054485704071963,0.006821917987851478,0.006821917987851478,AWAY_FROM_REFERENCE,0.13333333333333333,MINOR,1,174,,,b3bebc0cff66b64e93bf09e5c4bfd5c64eea1bd92067f4f2ef2cbe6f3a8a51fb,0.29977047300825604,0.23180850366860495,0.609375,-2,True,268
SB5137,Systemic lupus erythematosus,cutaneous epidermal-dermal barrier and local immune structure,"altered configuration or regulated output of the named structure, expressed as the state described by systemic lupus erythematosus",remaining_5256,adcfebfbd7250f26a95f2708a730f990a8a93f26a83f76eaec422a20964bed8a,1,1,1,0,0,1,0.13836825702871103,0.14402238530812095,0.00565412827940992,0.00565412827940992,AWAY_FROM_REFERENCE,0.0,INFORMATIONAL,0,231,,,1aad7883dbb5df9707302085b32ea1f7bb1ff18ea59f16b754e6ebb9f5f5f484,0.2997701553935783,0.22323342121168088,0.6484375,1,True,269
SB4032,Penile curvature,"male gonadal, ductal, accessory-gland, and reproductive-output structure","altered configuration or regulated output of the named structure, expressed as the state described by penile curvature",remaining_5256,b95c925bb86cc6520c9aaf2b573a19f14fd1a15dc47bdb032c1dbef3457a0101,190,75,6,11,80,17,0.13071308559728922,0.13748156774905207,0.006768482151762845,0.006768482151762845,AWAY_FROM_REFERENCE,0.05789473684210526,MINOR,1,223,,,05bfb1c854eb6c935c4880a975ccab84275b4017731f18c9da21ba5c4c116acf,0.2997282539663064,0.23175701703208107,0.609375,-5,True,270
SB4443,Pulmonary microemboli,"pulmonary airway-alveolar, pleural, and gas-exchange structure","altered configuration or regulated output of the named structure, expressed as the state described by pulmonary microemboli",remaining_5256,53511feee9c81d978b969ba9820d36af5af00b714dd531daf5c136ab4afe011c,36,18,2,0,16,2,0.19070216530244521,0.1917016972096719,0.0009995319072266806,0.0009995319072266806,AWAY_FROM_REFERENCE,0.0,INFORMATIONAL,0,231,,,962a29ece496d92632aab6d4d52fc0989b22b6af80704b0532fab1e462a4a172,0.29954366840839736,0.2298169736687773,0.6171875,2,True,271
SB4321,Premature ejaculation,"male gonadal, ductal, accessory-gland, and reproductive-output structure","altered configuration or regulated output of the named structure, expressed as the state described by premature ejaculation",remaining_5256,f75ad48b1392bfea07347d5a4ba1ee576e453683f9c831672964c3d8302bd096,190,84,10,7,81,17,0.1276632266748443,0.13436406187106487,0.006700835196220556,0.006700835196220556,AWAY_FROM_REFERENCE,0.03684210526315789,MINOR,1,223,,,c387297cc823a67a626331201c65196690dbe070aa830d5c57584d8c7e0ab5f6,0.29952634597270844,0.23322572679598597,0.6015625,3,True,272
SB5556,Vasovagal symptoms,sympathetic-parasympathetic autonomic-control network,observable sensory or functional output indicating departure from the reference structural state,remaining_5256,ca93278813fc7d9dabb39c7e8f41caf68a407ca21c5d5ba2458adf6ff33fadd8,78,38,6,2,34,8,0.18409389901660322,0.18949675688161227,0.0054028578650090475,0.0054028578650090475,AWAY_FROM_REFERENCE,0.02564102564102564,MINOR,1,223,,,2eaa788736e0361ed188bc3be3cec93d87e82c5eb420204056fcc236aba6cfc7,0.29950917141024763,0.22634502611005813,0.6328125,4,True,273
SB1871,Erection prolonged,"male gonadal, ductal, accessory-gland, and reproductive-output structure",event duration or measured interval extended beyond the reference timing range,remaining_5256,a67cc92dd96be151617ea16aebc329ba269d0964068285af26586cf39d95e806,190,93,8,5,90,13,0.16667347884004657,0.17339466205779197,0.006721183217745397,0.006721183217745397,AWAY_FROM_REFERENCE,0.02631578947368421,MINOR,1,223,,,ad8fea0823693258b3828cf68ddaf1f5cdcad7e8b0ec017a85816865a1a0ec83,0.2994906561125397,0.23318220257626798,0.6015625,3,True,274
SB0399,Application site eczema,local cutaneous inflammatory and microvascular structure,"altered configuration or regulated output of the named structure, expressed as the state described by application site eczema",established_478,ebc7d81a6d9d1a6f37ff69bac585c195c4349c3513fe6c39b6e8611b5b7a9295,171,90,6,0,84,6,0.20286006266439305,0.2020833215560851,-0.0007767411083079434,0.0007767411083079434,TOWARD_REFERENCE,0.0,INFORMATIONAL,0,231,,,12b14567a945f09fed7ca5cbc58e1946f1e547a71f31c05262ddfd424731e332,0.2993666414878522,0.23303096522908806,0.6015625,6,True,275
SB3274,Measles,innate-adaptive host-defense structure,"altered configuration or regulated output of the named structure, expressed as the state described by measles",remaining_5256,fa35639557f19019083ad7142bc8d18b5154426ea87f70167cba7dd544643f15,15,9,1,0,8,1,0.18292054446880446,0.1861917461612732,0.0032712016924687504,0.0032712016924687504,AWAY_FROM_REFERENCE,0.0,INFORMATIONAL,0,231,,,83193d954b90a1306ff3006283558022bdd7fd42a9a95d3e106d28c35ddc6c8b,0.2990714381728051,0.23267096118634778,0.6015625,1,True,276
SB1162,Chylothorax,"pleural membrane, pleural-space, and thoracic mechanical structure","altered configuration or regulated output of the named structure, expressed as the state described by chylothorax",remaining_5256,925c5d2084049bbbad447a88256d967b860a376de4eb8b13302e723899d449a3,36,19,1,1,19,2,0.16763388990711037,0.1681094533551828,0.0004755634480724247,0.0004755634480724247,AWAY_FROM_REFERENCE,0.027777777777777776,MINOR,1,197,,,c419bf12ae367fc79e3e94aa64046f337a23225d8e0dac69af264a3bfe6dbd4e,0.29903869266009453,0.22405633251231039,0.640625,0,True,277
SB1534,Diabetic nephropathy,renal glomerular-tubular filtration and fluid-balance structure,failure of glucose-insulin regulation causing persistent abnormal circulating glucose and substrate handling,remaining_5256,40b3c1aa93d17121c13a326abff1646356e040a1e42b6cde3767b7522fc732b9,91,32,7,4,29,11,0.17512246279846555,0.18054559198276598,0.005423129184300435,0.005423129184300435,AWAY_FROM_REFERENCE,0.04395604395604396,MINOR,1,231,,,78254aeaa7677fcf984a5a5e9cbc0fdae4fdd590da7fdd6ceb4c15631c184661,0.29888369945793625,0.23244201153406863,0.6015625,3,True,278
SB5468,Uterine cervical lesion,"female reproductive, gestational, placental, and reproductive-output structure","altered configuration or regulated output of the named structure, expressed as the state described by uterine cervical lesion",remaining_5256,91c62df7f3b9e35a2f1b791b856c2253faa31b3f4211dafb38762a747c48ad74,3,1,1,0,0,1,0.12950572612466615,0.1358415309076475,0.006335804782981347,0.006335804782981347,AWAY_FROM_REFERENCE,0.0,INFORMATIONAL,0,38,,,4d8890ce1ceadd7aabf69b8c637f2f118c109da102e4cc375dcae0acd69e89fb,0.29884383443102924,0.22896351759881617,0.6171875,1,True,279
SB2194,Gastrointestinal cramps,"intestinal mucosal barrier, smooth-muscle motility, and luminal transport structure",episodic smooth-muscle contraction with associated luminal pressure and nociceptive signaling,remaining_5256,8b72f42f826adb9dabbc002915408a8c94d5674d822e58790b38f91c70eb213a,276,74,6,17,85,23,0.11260229540007294,0.12789548504755344,0.015293189647480498,0.015293189647480498,AWAY_FROM_REFERENCE,0.06159420289855073,MINOR,1,231,,,e851ea48364d771ea01eb8ae280cf0ff4a172fb1aacf185e54c28635033ba508,0.29881665631039256,0.23407519062242998,0.59375,-11,True,280
SB2918,Intestinal cramps,"intestinal mucosal barrier, smooth-muscle motility, and luminal transport structure",episodic smooth-muscle contraction with associated luminal pressure and nociceptive signaling,remaining_5256,8b72f42f826adb9dabbc002915408a8c94d5674d822e58790b38f91c70eb213a,276,74,6,17,85,23,0.11260229540007294,0.12789548504755344,0.015293189647480498,0.015293189647480498,AWAY_FROM_REFERENCE,0.06159420289855073,MINOR,1,231,,,4117f30299da4d6fa34ae6343f89601e19069d082433209614c6ebf295a46272,0.29881665631039256,0.23407519062242998,0.59375,-11,True,281
SB2223,Gastrooesophageal sphincter insufficiency,"oesophageal mucosal, peristaltic, and sphincter-control structure",reduced or unstable functional output insufficient to maintain the reference structural state,remaining_5256,5187947bd65c3775bb779f444e0f79a3270e40167e99dce52bb6a21f22a02e3c,28,8,4,0,4,4,0.11369503430550987,0.12597909657682005,0.012284062271310181,0.012284062271310181,AWAY_FROM_REFERENCE,0.0,INFORMATIONAL,0,231,,,d1666ed8f6b3a910dc32d014b3e3bfbf6431ba37dba1375a85bb774da05de1bf,0.2987683075544818,0.2323012897005876,0.6015625,4,True,282
SB5459,Urosepsis,innate-adaptive host-defense structure,"altered configuration or regulated output of the named structure, expressed as the state described by urosepsis",remaining_5256,25ed96e79321d259c351c70dbf267721987df67c855ad4b2f8e0dffde1602b51,15,9,1,0,8,1,0.19217672537516073,0.19647397390384858,0.004297248528687847,0.004297248528687847,AWAY_FROM_REFERENCE,0.0,INFORMATIONAL,0,231,,,c1eea08d5dd7afcb439a6aca97a53495c505351cf8515589d1408f2967380270,0.2987659932188883,0.2305835283157175,0.609375,1,True,283
SB3770,Oligospermia,"male gonadal, ductal, accessory-gland, and reproductive-output structure","altered configuration or regulated output of the named structure, expressed as the state described by oligospermia",remaining_5256,96319185c6086c02a8d924e1b2c552509f61ab9980d19e0c913a6633b899f58c,190,79,7,7,79,14,0.13200539227421615,0.13892235932721408,0.0069169670529979355,0.0069169670529979355,AWAY_FROM_REFERENCE,0.03684210526315789,MINOR,1,223,,,3128e28acbff27f8a0fcee802e9f7991bf42651ddaf10733a3c7e67507aca184,0.2987494812685493,0.23227833081530402,0.6015625,0,True,284
SB1754,Electrocardiogram ST segment,"cardiac conduction, depolarization, repolarization, and rhythm structure","altered configuration or regulated output of the named structure, expressed as the state described by electrocardiogram st segment",remaining_5256,018df55e008c0fed214110cb7aee4333367d960a644e935f100ba708f757cc90,703,201,19,34,216,53,0.10083432549905347,0.11053781874685586,0.009703493247802397,0.009703493247802397,AWAY_FROM_REFERENCE,0.04836415362731152,MINOR,1,230,,,736b208b8794d1e422c39f0220482cd9e50014877d25168ce89cb2d246166acd,0.29871610247051306,0.23223762496404032,0.6015625,-15,True,285
SB0839,Breast oedema,"mammary gland ductal-lobular, secretory, and surface structure","excess fluid accumulation within interstitial, tissue, or cavity compartments",remaining_5256,1febe24e55c59a4e42783d344704ca5db080168ed239b0c3056465a086c1b2ec,231,101,12,19,108,31,0.16182355192447184,0.16812584356402582,0.006302291639553981,0.006302291639553981,AWAY_FROM_REFERENCE,0.08225108225108226,MINOR,1,223,,,584ff21e46be097b452fb9722ef331c0f564ce619d2fbb9e0976d68e07b56066,0.29868505788851785,0.24077446083965592,0.5625,-7,True,286
SB0843,Breast swelling,"mammary gland ductal-lobular, secretory, and surface structure","excess fluid accumulation within interstitial, tissue, or cavity compartments",remaining_5256,1febe24e55c59a4e42783d344704ca5db080168ed239b0c3056465a086c1b2ec,231,101,12,19,108,31,0.16182355192447184,0.16812584356402582,0.006302291639553981,0.006302291639553981,AWAY_FROM_REFERENCE,0.08225108225108226,MINOR,1,223,,,d18971154493c212802fd8ad8f433ba1dcf6ff0ae20dd9987828376c32a4eb8c,0.29868505788851785,0.24077446083965592,0.5625,-7,True,287
SB0113,Acute confusional state,cortical attention-arousal integration structure,"altered configuration or regulated output of the named structure, expressed as the state described by confusional state",established_478,9d8bda37853b400a94058d14ba13a2fca727ff1805d8eee3913cba924670888c,66,17,2,3,18,5,0.21307999226974128,0.21741523478967084,0.004335242519929561,0.004335242519929561,AWAY_FROM_REFERENCE,0.045454545454545456,MINOR,1,231,,,729d865d2948f811cde65547029311ea236aa3e7353b54be21de3868eb8ec237,0.2985824627956081,0.2303597107263513,0.609375,-1,True,288
SB3934,Pancreatic pseudocyst,pancreatic endocrine-exocrine parenchymal and ductal structure,"altered configuration or regulated output of the named structure, expressed as the state described by pancreatic pseudocyst",remaining_5256,4bbaa2c668aa52aa560f2747baa7353a5eafd50fb034b89b8fb495ccb034aebd,91,35,7,4,32,11,0.13734283948564197,0.13934574944723976,0.0020029099615977985,0.0020029099615977985,AWAY_FROM_REFERENCE,0.04395604395604396,MINOR,1,230,,,7e2c4a62654ee6ec4d5cea0bb61077982b7bac9540b96409d8c272ed99ee0283,0.2984894698698458,0.2319612437437144,0.6015625,3,True,289
SB0283,Anal skin tags,anorectal mucosal and sphincter structural structure,"altered configuration or regulated output of the named structure, expressed as the state described by anal skin tags",established_478,60db4ab62780e25289f5a15e776d1f1e106672703d0f009b55a37eeaa59fbdd6,325,139,11,28,156,39,0.14420505391379157,0.14453856364325102,0.0003335097294594469,0.0003335097294594469,AWAY_FROM_REFERENCE,0.08615384615384615,MINOR,1,171,,,a5b96a803dd9cfc6ad1b8379888d39d3d7af00a79fd8787d626d16925766c113,0.29848659709376657,0.22681292328508118,0.625,-17,True,290
SB3659,Night sweats,eccrine-apocrine sweat-gland secretory structure,"altered configuration or regulated output of the named structure, expressed as the state described by night sweats",remaining_5256,ccffd41e12123ab60164a465f5783a448a9761fb7f1edb6617ce027d2c97c986,105,50,11,1,40,12,0.19084557091040444,0.1968526702221869,0.006007099311782449,0.006007099311782449,AWAY_FROM_REFERENCE,0.009523809523809525,MINOR,1,174,,,e67f1a34ce9b7f1d8c4564be93713b5e4dda042da1f0a9bc9710cc75094996f2,0.2983902960364611,0.2249805439469038,0.6328125,10,True,291
SB2373,Haemolysis,"erythrocyte production, integrity, and oxygen-transport structure","altered configuration or regulated output of the named structure, expressed as the state described by haemolysis",remaining_5256,a00c98ad91730dac167407047c69522906af93d17617c97d14aceeef05f9460b,15,11,0,2,13,2,0.1307453173089117,0.13762166789864128,0.006876350589729574,0.006876350589729574,AWAY_FROM_REFERENCE,0.13333333333333333,MINOR,1,174,,,802bee4767a01bbff4c5677334a57349747899cb0b1cc292d270681b4cfe3a22,0.29838652128119214,0.2301207576599904,0.609375,-2,True,292
SB4677,Retrograde ejaculation,"male gonadal, ductal, accessory-gland, and reproductive-output structure","altered configuration or regulated output of the named structure, expressed as the state described by retrograde ejaculation",remaining_5256,bbe3e19b65de355b2fc8c5ae4ab47009c83de370831a5ba39665d456dcb5c76a,190,81,9,9,81,18,0.13591339722962936,0.14258647283930148,0.006673075609672119,0.006673075609672119,AWAY_FROM_REFERENCE,0.04736842105263158,MINOR,1,223,,,ad48a7e37da4fac0542c15a524ea43bc04e940022a226ec1bc8270e1c2256f39,0.2983752403904535,0.23010700047616284,0.609375,0,True,293
SB0936,Carbuncle,cutaneous follicular-barrier and local immune structure,"altered configuration or regulated output of the named structure, expressed as the state described by carbuncle",remaining_5256,2e6b9b679ad22817ed3ccc16c17dba510f23e2d0835fbbe1d04d2b217fcf5a43,45,12,4,1,9,5,0.14185729296291516,0.14931039054484296,0.007453097581927803,0.007453097581927803,AWAY_FROM_REFERENCE,0.022222222222222223,MINOR,1,223,,,793bed9eb5a3042521448809be2dba06825aa655bc4ea2277960ec5c71c2fac0,0.29836977849237656,0.22495552255167872,0.6328125,3,True,294
SB1143,Chronic graft versus host disease,"systemic immune-recognition, signaling, and effector-response structure",immune-effector attack against transplanted or non-self tissue causing target-structure injury,remaining_5256,1785c37173417278ac8780c66248f2693822a2d854f711a0b56ae24ed9db1265,378,120,9,28,139,37,0.11370649169638714,0.1215953959923024,0.007888904295915267,0.007888904295915267,AWAY_FROM_REFERENCE,0.07407407407407407,MINOR,1,231,,,1911e0b93cc0c76f3d101fc7e4315d0f59f5f41177324a6e62651450cee917dd,0.29824549331696304,0.23166371136215003,0.6015625,-19,True,295
SB2325,Graft versus host disease,"systemic immune-recognition, signaling, and effector-response structure",immune-effector attack against transplanted or non-self tissue causing target-structure injury,remaining_5256,1785c37173417278ac8780c66248f2693822a2d854f711a0b56ae24ed9db1265,378,120,9,28,139,37,0.11370649169638714,0.1215953959923024,0.007888904295915267,0.007888904295915267,AWAY_FROM_REFERENCE,0.07407407407407407,MINOR,1,231,,,72ae4e69a1fb79b3b00f768476f3082bfa31ea12207d57ed74103ccaeed19fb2,0.29824549331696304,0.23166371136215003,0.6015625,-19,True,296
SB2326,Graft versus host reaction,"systemic immune-recognition, signaling, and effector-response structure",immune-effector attack against transplanted or non-self tissue causing target-structure injury,remaining_5256,1785c37173417278ac8780c66248f2693822a2d854f711a0b56ae24ed9db1265,378,120,9,28,139,37,0.11370649169638714,0.1215953959923024,0.007888904295915267,0.007888904295915267,AWAY_FROM_REFERENCE,0.07407407407407407,MINOR,1,231,,,2739ba3fd4977560f84ff7e4fe99bb6caca65c569a30bda9d3ce08f1e9b6393d,0.29824549331696304,0.23166371136215003,0.6015625,-19,True,297
SB2740,Immune system disorder,"systemic immune-recognition, signaling, and effector-response structure",departure from the reference structural configuration or regulated functional range,remaining_5256,983a0fb1d5827572927a2bdf44f69771f55acbb447b13eb9a699f9ac5861f83b,378,133,8,20,145,28,0.12528797187693919,0.13247728803202086,0.007189316155081671,0.007189316155081671,AWAY_FROM_REFERENCE,0.05291005291005291,MINOR,1,231,,,e3638ea3dbe0e4bc0c11f5247125691cb11abe18d32351452b14e8a6e1ac536f,0.2981729084513689,0.22814531518459624,0.6171875,-12,True,298
SB3200,Lupus-like syndrome,"systemic immune-recognition, signaling, and effector-response structure",departure from the reference structural configuration or regulated functional range,remaining_5256,983a0fb1d5827572927a2bdf44f69771f55acbb447b13eb9a699f9ac5861f83b,378,133,8,20,145,28,0.12528797187693919,0.13247728803202086,0.007189316155081671,0.007189316155081671,AWAY_FROM_REFERENCE,0.05291005291005291,MINOR,1,231,,,fb7be85dea965b919e2afb9f0677b165167739f9061c7d08e33b80503f6cb433,0.2981729084513689,0.22814531518459624,0.6171875,-12,True,299
SB4868,Sjogren's syndrome,"systemic immune-recognition, signaling, and effector-response structure",departure from the reference structural configuration or regulated functional range,remaining_5256,983a0fb1d5827572927a2bdf44f69771f55acbb447b13eb9a699f9ac5861f83b,378,133,8,20,145,28,0.12528797187693919,0.13247728803202086,0.007189316155081671,0.007189316155081671,AWAY_FROM_REFERENCE,0.05291005291005291,MINOR,1,231,,,98b9ebc927fdb236992ae91275925f585e2b9100c0b8b6fb5052695c92c3a0bb,0.2981729084513689,0.22814531518459624,0.6171875,-12,True,300
SB0814,Breakthrough pain,peripheral-central nociceptive sensory-transmission structure,increased nociceptive signaling associated with local tissue or neural perturbation,remaining_5256,8dc0bf346b465120fbfa00a3245f83e0fc8f3d2166424a419cba9d5fcb2514c1,3,0,0,1,1,1,0.1907949549472725,0.20118820780957913,0.010393252862306634,0.010393252862306634,AWAY_FROM_REFERENCE,0.3333333333333333,MODERATE,2,222,,,6237916448b3b43453179386fb457e81ece432bc307af01aecb781743106aacb,0.29812463526509125,0.22294162837206255,0.640625,-1,True,301
SB0897,Burning sensation,peripheral-central nociceptive sensory-transmission structure,increased nociceptive signaling associated with local tissue or neural perturbation,remaining_5256,8dc0bf346b465120fbfa00a3245f83e0fc8f3d2166424a419cba9d5fcb2514c1,3,0,0,1,1,1,0.1907949549472725,0.20118820780957913,0.010393252862306634,0.010393252862306634,AWAY_FROM_REFERENCE,0.3333333333333333,MODERATE,2,222,,,8adeba46fb8f40c68ec53fc070a03ef95b76992bff4087813d3d03f62faefa77,0.29812463526509125,0.22294162837206255,0.640625,-1,True,302
SB1010,Catheter site pain,peripheral-central nociceptive sensory-transmission structure,increased nociceptive signaling associated with local tissue or neural perturbation,remaining_5256,8dc0bf346b465120fbfa00a3245f83e0fc8f3d2166424a419cba9d5fcb2514c1,3,0,0,1,1,1,0.1907949549472725,0.20118820780957913,0.010393252862306634,0.010393252862306634,AWAY_FROM_REFERENCE,0.3333333333333333,MODERATE,2,222,,,fffa1f09763892ecf66c4748a535e3e94e9e40e4dd5a48c4aa3db964407dc789,0.29812463526509125,0.22294162837206255,0.640625,-1,True,303
SB1089,Chest pain,peripheral-central nociceptive sensory-transmission structure,increased nociceptive signaling associated with local tissue or neural perturbation,remaining_5256,8dc0bf346b465120fbfa00a3245f83e0fc8f3d2166424a419cba9d5fcb2514c1,3,0,0,1,1,1,0.1907949549472725,0.20118820780957913,0.010393252862306634,0.010393252862306634,AWAY_FROM_REFERENCE,0.3333333333333333,MODERATE,2,222,,,5396ed477b05763b036b3837fac851790bc12cc5098a0ebd56d0881b6d2a612c,0.29812463526509125,0.22294162837206255,0.640625,-1,True,304
SB1090,Chest pain exertional,peripheral-central nociceptive sensory-transmission structure,increased nociceptive signaling associated with local tissue or neural perturbation,remaining_5256,8dc0bf346b465120fbfa00a3245f83e0fc8f3d2166424a419cba9d5fcb2514c1,3,0,0,1,1,1,0.1907949549472725,0.20118820780957913,0.010393252862306634,0.010393252862306634,AWAY_FROM_REFERENCE,0.3333333333333333,MODERATE,2,222,,,48ff7d31721a673eb18ab53fe4c27556e65416db9af742f8d2506e9152e228d8,0.29812463526509125,0.22294162837206255,0.640625,-1,True,305
SB1094,Chest wall pain,peripheral-central nociceptive sensory-transmission structure,increased nociceptive signaling associated with local tissue or neural perturbation,remaining_5256,8dc0bf346b465120fbfa00a3245f83e0fc8f3d2166424a419cba9d5fcb2514c1,3,0,0,1,1,1,0.1907949549472725,0.20118820780957913,0.010393252862306634,0.010393252862306634,AWAY_FROM_REFERENCE,0.3333333333333333,MODERATE,2,222,,,8a3d8de1ef3226c7cb1b39e0f3e1852b4c1111c159359a0c674b3ead68bc2c56,0.29812463526509125,0.22294162837206255,0.640625,-1,True,306
SB1157,Chronic pain,peripheral-central nociceptive sensory-transmission structure,increased nociceptive signaling associated with local tissue or neural perturbation,remaining_5256,8dc0bf346b465120fbfa00a3245f83e0fc8f3d2166424a419cba9d5fcb2514c1,3,0,0,1,1,1,0.1907949549472725,0.20118820780957913,0.010393252862306634,0.010393252862306634,AWAY_FROM_REFERENCE,0.3333333333333333,MODERATE,2,222,,,9401d6f722d3bc9d4a32f55895ed92faef3bd595f15f3c458e8e2fc56076dca1,0.29812463526509125,0.22294162837206255,0.640625,-1,True,307
SB1238,Complex regional pain syndrome,peripheral-central nociceptive sensory-transmission structure,increased nociceptive signaling associated with local tissue or neural perturbation,remaining_5256,8dc0bf346b465120fbfa00a3245f83e0fc8f3d2166424a419cba9d5fcb2514c1,3,0,0,1,1,1,0.1907949549472725,0.20118820780957913,0.010393252862306634,0.010393252862306634,AWAY_FROM_REFERENCE,0.3333333333333333,MODERATE,2,222,,,0a8edb38ab9addc2bd9e63014e2d9e89780c35bc3702cdcfdc27737f71e93d52,0.29812463526509125,0.22294162837206255,0.640625,-1,True,308
SB1982,Facial pain,peripheral-central nociceptive sensory-transmission structure,increased nociceptive signaling associated with local tissue or neural perturbation,remaining_5256,8dc0bf346b465120fbfa00a3245f83e0fc8f3d2166424a419cba9d5fcb2514c1,3,0,0,1,1,1,0.1907949549472725,0.20118820780957913,0.010393252862306634,0.010393252862306634,AWAY_FROM_REFERENCE,0.3333333333333333,MODERATE,2,222,,,0b07afd8843b4da2fe0f232100039199fad1b8a08e5713fe726147dc8d335fb3,0.29812463526509125,0.22294162837206255,0.640625,-1,True,309
SB2067,Flank pain,peripheral-central nociceptive sensory-transmission structure,increased nociceptive signaling associated with local tissue or neural perturbation,remaining_5256,8dc0bf346b465120fbfa00a3245f83e0fc8f3d2166424a419cba9d5fcb2514c1,3,0,0,1,1,1,0.1907949549472725,0.20118820780957913,0.010393252862306634,0.010393252862306634,AWAY_FROM_REFERENCE,0.3333333333333333,MODERATE,2,222,,,ba37e8e3cf18fd769565d75d8e5aeb5c790aafd9c69bcd618f70edb851ba020a,0.29812463526509125,0.22294162837206255,0.640625,-1,True,310
SB2164,Gas pain,peripheral-central nociceptive sensory-transmission structure,increased nociceptive signaling associated with local tissue or neural perturbation,remaining_5256,8dc0bf346b465120fbfa00a3245f83e0fc8f3d2166424a419cba9d5fcb2514c1,3,0,0,1,1,1,0.1907949549472725,0.20118820780957913,0.010393252862306634,0.010393252862306634,AWAY_FROM_REFERENCE,0.3333333333333333,MODERATE,2,222,,,c33eb592354b572935a3e69bce9d15b72c85da6906b0645839e607b3d5d0c71b,0.29812463526509125,0.22294162837206255,0.640625,-1,True,311
SB2239,Genital burning sensation,peripheral-central nociceptive sensory-transmission structure,increased nociceptive signaling associated with local tissue or neural perturbation,remaining_5256,8dc0bf346b465120fbfa00a3245f83e0fc8f3d2166424a419cba9d5fcb2514c1,3,0,0,1,1,1,0.1907949549472725,0.20118820780957913,0.010393252862306634,0.010393252862306634,AWAY_FROM_REFERENCE,0.3333333333333333,MODERATE,2,222,,,839c8b024b8ddbedca176c1fd9213293d1c72c0e48733c20ba847af31e0635ce,0.29812463526509125,0.22294162837206255,0.640625,-1,True,312
SB2254,Genital pain,peripheral-central nociceptive sensory-transmission structure,increased nociceptive signaling associated with local tissue or neural perturbation,remaining_5256,8dc0bf346b465120fbfa00a3245f83e0fc8f3d2166424a419cba9d5fcb2514c1,3,0,0,1,1,1,0.1907949549472725,0.20118820780957913,0.010393252862306634,0.010393252862306634,AWAY_FROM_REFERENCE,0.3333333333333333,MODERATE,2,222,,,c2cd7f64cf294baabfbad18ad27da06d1e862521613844547ad85d48e4e52b22,0.29812463526509125,0.22294162837206255,0.640625,-1,True,313
SB2255,Genital pain male,peripheral-central nociceptive sensory-transmission structure,increased nociceptive signaling associated with local tissue or neural perturbation,remaining_5256,8dc0bf346b465120fbfa00a3245f83e0fc8f3d2166424a419cba9d5fcb2514c1,3,0,0,1,1,1,0.1907949549472725,0.20118820780957913,0.010393252862306634,0.010393252862306634,AWAY_FROM_REFERENCE,0.3333333333333333,MODERATE,2,222,,,4d304a0adf13a427878bee41d06b3e4d02a1e8e603e2c3467d64c3871224fe8c,0.29812463526509125,0.22294162837206255,0.640625,-1,True,314
SB2757,Implant site pain,peripheral-central nociceptive sensory-transmission structure,increased nociceptive signaling associated with local tissue or neural perturbation,remaining_5256,8dc0bf346b465120fbfa00a3245f83e0fc8f3d2166424a419cba9d5fcb2514c1,3,0,0,1,1,1,0.1907949549472725,0.20118820780957913,0.010393252862306634,0.010393252862306634,AWAY_FROM_REFERENCE,0.3333333333333333,MODERATE,2,222,,,fa0a9f3d73bb1416d73ecd498999195baeb5a9792707c707ed0e3be717720520,0.29812463526509125,0.22294162837206255,0.640625,-1,True,315
SB2768,Incision site pain,peripheral-central nociceptive sensory-transmission structure,increased nociceptive signaling associated with local tissue or neural perturbation,remaining_5256,8dc0bf346b465120fbfa00a3245f83e0fc8f3d2166424a419cba9d5fcb2514c1,3,0,0,1,1,1,0.1907949549472725,0.20118820780957913,0.010393252862306634,0.010393252862306634,AWAY_FROM_REFERENCE,0.3333333333333333,MODERATE,2,222,,,2e333d89e2fb5de1e28ad6b714867f4277c2f9b5c35baffcff9d44b291cb64a0,0.29812463526509125,0.22294162837206255,0.640625,-1,True,316
SB2817,Infusion related pain,peripheral-central nociceptive sensory-transmission structure,increased nociceptive signaling associated with local tissue or neural perturbation,remaining_5256,8dc0bf346b465120fbfa00a3245f83e0fc8f3d2166424a419cba9d5fcb2514c1,3,0,0,1,1,1,0.1907949549472725,0.20118820780957913,0.010393252862306634,0.010393252862306634,AWAY_FROM_REFERENCE,0.3333333333333333,MODERATE,2,222,,,15be56636c34ef555db280ad2147157f4b90e6d67a10f68254a4f439d75bd756,0.29812463526509125,0.22294162837206255,0.640625,-1,True,317
SB2827,Infusion site pain,peripheral-central nociceptive sensory-transmission structure,increased nociceptive signaling associated with local tissue or neural perturbation,remaining_5256,8dc0bf346b465120fbfa00a3245f83e0fc8f3d2166424a419cba9d5fcb2514c1,3,0,0,1,1,1,0.1907949549472725,0.20118820780957913,0.010393252862306634,0.010393252862306634,AWAY_FROM_REFERENCE,0.3333333333333333,MODERATE,2,222,,,a489333475f09fb801a966b2fa757b88d5c766c04327f5df5ae3bcf656a6f53c,0.29812463526509125,0.22294162837206255,0.640625,-1,True,318
SB2867,Injection site pain,peripheral-central nociceptive sensory-transmission structure,increased nociceptive signaling associated with local tissue or neural perturbation,remaining_5256,8dc0bf346b465120fbfa00a3245f83e0fc8f3d2166424a419cba9d5fcb2514c1,3,0,0,1,1,1,0.1907949549472725,0.20118820780957913,0.010393252862306634,0.010393252862306634,AWAY_FROM_REFERENCE,0.3333333333333333,MODERATE,2,222,,,a1d3e31239dabce687080ca383eba3ee796fb655cf8f015cf24563b52d19a258,0.29812463526509125,0.22294162837206255,0.640625,-1,True,319
SB2876,Injection site tenderness,peripheral-central nociceptive sensory-transmission structure,increased nociceptive signaling associated with local tissue or neural perturbation,remaining_5256,8dc0bf346b465120fbfa00a3245f83e0fc8f3d2166424a419cba9d5fcb2514c1,3,0,0,1,1,1,0.1907949549472725,0.20118820780957913,0.010393252862306634,0.010393252862306634,AWAY_FROM_REFERENCE,0.3333333333333333,MODERATE,2,222,,,f6ad6ebedf21040d9c18372005794812fc7c93bbe264897520cd00a821ffb972,0.29812463526509125,0.22294162837206255,0.640625,-1,True,320
SB2893,Instillation site pain,peripheral-central nociceptive sensory-transmission structure,increased nociceptive signaling associated with local tissue or neural perturbation,remaining_5256,8dc0bf346b465120fbfa00a3245f83e0fc8f3d2166424a419cba9d5fcb2514c1,3,0,0,1,1,1,0.1907949549472725,0.20118820780957913,0.010393252862306634,0.010393252862306634,AWAY_FROM_REFERENCE,0.3333333333333333,MODERATE,2,222,,,6dee75c4201ff476ed60f71eb59df4d0b911901060bf2b53bf513c4df7fac080,0.29812463526509125,0.22294162837206255,0.640625,-1,True,321
SB2940,Intractable pain,peripheral-central nociceptive sensory-transmission structure,increased nociceptive signaling associated with local tissue or neural perturbation,remaining_5256,8dc0bf346b465120fbfa00a3245f83e0fc8f3d2166424a419cba9d5fcb2514c1,3,0,0,1,1,1,0.1907949549472725,0.20118820780957913,0.010393252862306634,0.010393252862306634,AWAY_FROM_REFERENCE,0.3333333333333333,MODERATE,2,222,,,471cb9fcc5c49cc9c2f8d0b6abd0b322fb8ba05db8eef39675361f92c3f8ce17,0.29812463526509125,0.22294162837206255,0.640625,-1,True,322
SB3078,Leg pain,peripheral-central nociceptive sensory-transmission structure,increased nociceptive signaling associated with local tissue or neural perturbation,remaining_5256,8dc0bf346b465120fbfa00a3245f83e0fc8f3d2166424a419cba9d5fcb2514c1,3,0,0,1,1,1,0.1907949549472725,0.20118820780957913,0.010393252862306634,0.010393252862306634,AWAY_FROM_REFERENCE,0.3333333333333333,MODERATE,2,222,,,99f90043fed25ec02af64a6a28133b00867031761446495ed66220beeab97b98,0.29812463526509125,0.22294162837206255,0.640625,-1,True,323
SB3167,Loin pain,peripheral-central nociceptive sensory-transmission structure,increased nociceptive signaling associated with local tissue or neural perturbation,remaining_5256,8dc0bf346b465120fbfa00a3245f83e0fc8f3d2166424a419cba9d5fcb2514c1,3,0,0,1,1,1,0.1907949549472725,0.20118820780957913,0.010393252862306634,0.010393252862306634,AWAY_FROM_REFERENCE,0.3333333333333333,MODERATE,2,222,,,a4a336c81d07bd9f6bb6aeff607808fd774a4d0d5243bb4b5df9aa4f1b4a30a0,0.29812463526509125,0.22294162837206255,0.640625,-1,True,324
SB3349,Metastatic pain,peripheral-central nociceptive sensory-transmission structure,increased nociceptive signaling associated with local tissue or neural perturbation,remaining_5256,8dc0bf346b465120fbfa00a3245f83e0fc8f3d2166424a419cba9d5fcb2514c1,3,0,0,1,1,1,0.1907949549472725,0.20118820780957913,0.010393252862306634,0.010393252862306634,AWAY_FROM_REFERENCE,0.3333333333333333,MODERATE,2,222,,,bfb80cfcc20544aaf7dabf6a0873aab49d4a71855829bc794952a0fdbb89261b,0.29812463526509125,0.22294162837206255,0.640625,-1,True,325
SB3467,Musculoskeletal chest pain,peripheral-central nociceptive sensory-transmission structure,increased nociceptive signaling associated with local tissue or neural perturbation,remaining_5256,8dc0bf346b465120fbfa00a3245f83e0fc8f3d2166424a419cba9d5fcb2514c1,3,0,0,1,1,1,0.1907949549472725,0.20118820780957913,0.010393252862306634,0.010393252862306634,AWAY_FROM_REFERENCE,0.3333333333333333,MODERATE,2,222,,,aa671f6fb0c08ac4cb4997c0a85a2b2a55ef8a7174ef5c11d5a546976f291b77,0.29812463526509125,0.22294162837206255,0.640625,-1,True,326
SB3471,Musculoskeletal pain,peripheral-central nociceptive sensory-transmission structure,increased nociceptive signaling associated with local tissue or neural perturbation,remaining_5256,8dc0bf346b465120fbfa00a3245f83e0fc8f3d2166424a419cba9d5fcb2514c1,3,0,0,1,1,1,0.1907949549472725,0.20118820780957913,0.010393252862306634,0.010393252862306634,AWAY_FROM_REFERENCE,0.3333333333333333,MODERATE,2,222,,,2549ac311987ab3a7f614b15979cfa6a41e3d6617f49abb2e1879e26de9e2de5,0.29812463526509125,0.22294162837206255,0.640625,-1,True,327
SB3506,Myofascial pain syndrome,peripheral-central nociceptive sensory-transmission structure,increased nociceptive signaling associated with local tissue or neural perturbation,remaining_5256,8dc0bf346b465120fbfa00a3245f83e0fc8f3d2166424a419cba9d5fcb2514c1,3,0,0,1,1,1,0.1907949549472725,0.20118820780957913,0.010393252862306634,0.010393252862306634,AWAY_FROM_REFERENCE,0.3333333333333333,MODERATE,2,222,,,6c11a680dd084d44f6c6cc6f07c975a0fd8e9548ba43b1fb73492c34dd678e9d,0.29812463526509125,0.22294162837206255,0.640625,-1,True,328
SB3899,Pain,peripheral-central nociceptive sensory-transmission structure,increased nociceptive signaling associated with local tissue or neural perturbation,remaining_5256,8dc0bf346b465120fbfa00a3245f83e0fc8f3d2166424a419cba9d5fcb2514c1,3,0,0,1,1,1,0.1907949549472725,0.20118820780957913,0.010393252862306634,0.010393252862306634,AWAY_FROM_REFERENCE,0.3333333333333333,MODERATE,2,222,,,faa65b7bde74d95f704f593f6faf652d3756e729cbd8aadfd276711459d45699,0.29812463526509125,0.22294162837206255,0.640625,-1,True,329
SB3900,Pain burning,peripheral-central nociceptive sensory-transmission structure,increased nociceptive signaling associated with local tissue or neural perturbation,remaining_5256,8dc0bf346b465120fbfa00a3245f83e0fc8f3d2166424a419cba9d5fcb2514c1,3,0,0,1,1,1,0.1907949549472725,0.20118820780957913,0.010393252862306634,0.010393252862306634,AWAY_FROM_REFERENCE,0.3333333333333333,MODERATE,2,222,,,2bae12a2e6043bf46996e46c91ddbdb816cf336ec429ef2eeb829fdf76a54860,0.29812463526509125,0.22294162837206255,0.640625,-1,True,330
SB3901,Pain during injection,peripheral-central nociceptive sensory-transmission structure,increased nociceptive signaling associated with local tissue or neural perturbation,remaining_5256,8dc0bf346b465120fbfa00a3245f83e0fc8f3d2166424a419cba9d5fcb2514c1,3,0,0,1,1,1,0.1907949549472725,0.20118820780957913,0.010393252862306634,0.010393252862306634,AWAY_FROM_REFERENCE,0.3333333333333333,MODERATE,2,222,,,00e0476b6f887ef9e6cf2139b19bd4976d29492c69f630c92f3ec6b4b998a3c6,0.29812463526509125,0.22294162837206255,0.640625,-1,True,331
SB3907,Pain localised,peripheral-central nociceptive sensory-transmission structure,increased nociceptive signaling associated with local tissue or neural perturbation,remaining_5256,8dc0bf346b465120fbfa00a3245f83e0fc8f3d2166424a419cba9d5fcb2514c1,3,0,0,1,1,1,0.1907949549472725,0.20118820780957913,0.010393252862306634,0.010393252862306634,AWAY_FROM_REFERENCE,0.3333333333333333,MODERATE,2,222,,,3ed56f8109e97e4dcec550db5718f79b81a8213af9bcb1c0e2b9f577e4ef0766,0.29812463526509125,0.22294162837206255,0.640625,-1,True,332
SB3910,Pain worsened,peripheral-central nociceptive sensory-transmission structure,increased nociceptive signaling associated with local tissue or neural perturbation,remaining_5256,8dc0bf346b465120fbfa00a3245f83e0fc8f3d2166424a419cba9d5fcb2514c1,3,0,0,1,1,1,0.1907949549472725,0.20118820780957913,0.010393252862306634,0.010393252862306634,AWAY_FROM_REFERENCE,0.3333333333333333,MODERATE,2,222,,,3a167cd919e5505baad2403e9a84c37096a78ee05f01eb7ca8196388e425c44c,0.29812463526509125,0.22294162837206255,0.640625,-1,True,333
SB4024,Pelvic pain,peripheral-central nociceptive sensory-transmission structure,increased nociceptive signaling associated with local tissue or neural perturbation,remaining_5256,8dc0bf346b465120fbfa00a3245f83e0fc8f3d2166424a419cba9d5fcb2514c1,3,0,0,1,1,1,0.1907949549472725,0.20118820780957913,0.010393252862306634,0.010393252862306634,AWAY_FROM_REFERENCE,0.3333333333333333,MODERATE,2,222,,,537bca23b2d91c94139d01e80664906ef78f61a486170941749f50f0365b7386,0.29812463526509125,0.22294162837206255,0.640625,-1,True,334
SB4058,Perineal pain,peripheral-central nociceptive sensory-transmission structure,increased nociceptive signaling associated with local tissue or neural perturbation,remaining_5256,8dc0bf346b465120fbfa00a3245f83e0fc8f3d2166424a419cba9d5fcb2514c1,3,0,0,1,1,1,0.1907949549472725,0.20118820780957913,0.010393252862306634,0.010393252862306634,AWAY_FROM_REFERENCE,0.3333333333333333,MODERATE,2,222,,,534605e7907ddb4bad18a7875847ac21b602e2b25c07554067aef941a3bb7250,0.29812463526509125,0.22294162837206255,0.640625,-1,True,335
SB4059,Perineal pain female,peripheral-central nociceptive sensory-transmission structure,increased nociceptive signaling associated with local tissue or neural perturbation,remaining_5256,8dc0bf346b465120fbfa00a3245f83e0fc8f3d2166424a419cba9d5fcb2514c1,3,0,0,1,1,1,0.1907949549472725,0.20118820780957913,0.010393252862306634,0.010393252862306634,AWAY_FROM_REFERENCE,0.3333333333333333,MODERATE,2,222,,,1878cfaac94cbb7a8b55d79a9b9e100b5b1f00f809141e498a30d4727ec56eda,0.29812463526509125,0.22294162837206255,0.640625,-1,True,336
SB4068,Periorbital pain,peripheral-central nociceptive sensory-transmission structure,increased nociceptive signaling associated with local tissue or neural perturbation,remaining_5256,8dc0bf346b465120fbfa00a3245f83e0fc8f3d2166424a419cba9d5fcb2514c1,3,0,0,1,1,1,0.1907949549472725,0.20118820780957913,0.010393252862306634,0.010393252862306634,AWAY_FROM_REFERENCE,0.3333333333333333,MODERATE,2,222,,,b9a89c465f7d5973ea29727ebb54fbd37a77630bce9796532e58b078fb686f67,0.29812463526509125,0.22294162837206255,0.640625,-1,True,337
SB4114,Phantom pain,peripheral-central nociceptive sensory-transmission structure,increased nociceptive signaling associated with local tissue or neural perturbation,remaining_5256,8dc0bf346b465120fbfa00a3245f83e0fc8f3d2166424a419cba9d5fcb2514c1,3,0,0,1,1,1,0.1907949549472725,0.20118820780957913,0.010393252862306634,0.010393252862306634,AWAY_FROM_REFERENCE,0.3333333333333333,MODERATE,2,222,,,0b0f3677d080f2bea00865b67ac89ae2286a10666f6d3f1e63d7e40cdce7cae6,0.29812463526509125,0.22294162837206255,0.640625,-1,True,338
SB4271,Post procedural pain,peripheral-central nociceptive sensory-transmission structure,increased nociceptive signaling associated with local tissue or neural perturbation,remaining_5256,8dc0bf346b465120fbfa00a3245f83e0fc8f3d2166424a419cba9d5fcb2514c1,3,0,0,1,1,1,0.1907949549472725,0.20118820780957913,0.010393252862306634,0.010393252862306634,AWAY_FROM_REFERENCE,0.3333333333333333,MODERATE,2,222,,,d63b6f9a067a147d601eaf1dbbd89128c841fc796d1ee581b9a82458c59b6677,0.29812463526509125,0.22294162837206255,0.640625,-1,True,339
SB4277,Post-traumatic pain,peripheral-central nociceptive sensory-transmission structure,increased nociceptive signaling associated with local tissue or neural perturbation,remaining_5256,8dc0bf346b465120fbfa00a3245f83e0fc8f3d2166424a419cba9d5fcb2514c1,3,0,0,1,1,1,0.1907949549472725,0.20118820780957913,0.010393252862306634,0.010393252862306634,AWAY_FROM_REFERENCE,0.3333333333333333,MODERATE,2,222,,,6c6c7d6ea345ea4eb5df57ef18ef0f58e6c964b6d85f16ab52d2835b1d6563fd,0.29812463526509125,0.22294162837206255,0.640625,-1,True,340
SB4298,Postoperative pain,peripheral-central nociceptive sensory-transmission structure,increased nociceptive signaling associated with local tissue or neural perturbation,remaining_5256,8dc0bf346b465120fbfa00a3245f83e0fc8f3d2166424a419cba9d5fcb2514c1,3,0,0,1,1,1,0.1907949549472725,0.20118820780957913,0.010393252862306634,0.010393252862306634,AWAY_FROM_REFERENCE,0.3333333333333333,MODERATE,2,222,,,ce6e754ae92a9c69e36d5d3e7add6aa453ce283f8fd4de74706e995032cdcc11,0.29812463526509125,0.22294162837206255,0.640625,-1,True,341
SB4314,Precordial pain,peripheral-central nociceptive sensory-transmission structure,increased nociceptive signaling associated with local tissue or neural perturbation,remaining_5256,8dc0bf346b465120fbfa00a3245f83e0fc8f3d2166424a419cba9d5fcb2514c1,3,0,0,1,1,1,0.1907949549472725,0.20118820780957913,0.010393252862306634,0.010393252862306634,AWAY_FROM_REFERENCE,0.3333333333333333,MODERATE,2,222,,,d678c9e5e11c9c4e47f4b47f10fa29163c967f70179e82a76b9fbea0aea98bc9,0.29812463526509125,0.22294162837206255,0.640625,-1,True,342
SB4343,Procedural pain,peripheral-central nociceptive sensory-transmission structure,increased nociceptive signaling associated with local tissue or neural perturbation,remaining_5256,8dc0bf346b465120fbfa00a3245f83e0fc8f3d2166424a419cba9d5fcb2514c1,3,0,0,1,1,1,0.1907949549472725,0.20118820780957913,0.010393252862306634,0.010393252862306634,AWAY_FROM_REFERENCE,0.3333333333333333,MODERATE,2,222,,,154be82494f6dd0118be43df8ea56a7c524d6e20d9c8e57b51d07986533c4249,0.29812463526509125,0.22294162837206255,0.640625,-1,True,343
SB4462,Puncture site pain,peripheral-central nociceptive sensory-transmission structure,increased nociceptive signaling associated with local tissue or neural perturbation,remaining_5256,8dc0bf346b465120fbfa00a3245f83e0fc8f3d2166424a419cba9d5fcb2514c1,3,0,0,1,1,1,0.1907949549472725,0.20118820780957913,0.010393252862306634,0.010393252862306634,AWAY_FROM_REFERENCE,0.3333333333333333,MODERATE,2,222,,,db2685131e2f233c04361807c985c85e9571f6a4a3c395910c1efe2b15bf03de,0.29812463526509125,0.22294162837206255,0.640625,-1,True,344
SB4703,Right upper quadrant pain,peripheral-central nociceptive sensory-transmission structure,increased nociceptive signaling associated with local tissue or neural perturbation,remaining_5256,8dc0bf346b465120fbfa00a3245f83e0fc8f3d2166424a419cba9d5fcb2514c1,3,0,0,1,1,1,0.1907949549472725,0.20118820780957913,0.010393252862306634,0.010393252862306634,AWAY_FROM_REFERENCE,0.3333333333333333,MODERATE,2,222,,,576f89bbcafa6037d5b4add2ce1342fbc0f998b28ea33e9d0cda91baae980197,0.29812463526509125,0.22294162837206255,0.640625,-1,True,345
SB5101,Suprapubic pain,peripheral-central nociceptive sensory-transmission structure,increased nociceptive signaling associated with local tissue or neural perturbation,remaining_5256,8dc0bf346b465120fbfa00a3245f83e0fc8f3d2166424a419cba9d5fcb2514c1,3,0,0,1,1,1,0.1907949549472725,0.20118820780957913,0.010393252862306634,0.010393252862306634,AWAY_FROM_REFERENCE,0.3333333333333333,MODERATE,2,222,,,5835027c792cabd64a6dc1cfadbdd8711b4a780ce14d6e545b6e212ddac574ac,0.29812463526509125,0.22294162837206255,0.640625,-1,True,346
SB5174,Tenderness,peripheral-central nociceptive sensory-transmission structure,increased nociceptive signaling associated with local tissue or neural perturbation,remaining_5256,8dc0bf346b465120fbfa00a3245f83e0fc8f3d2166424a419cba9d5fcb2514c1,3,0,0,1,1,1,0.1907949549472725,0.20118820780957913,0.010393252862306634,0.010393252862306634,AWAY_FROM_REFERENCE,0.3333333333333333,MODERATE,2,222,,,7ac1ca8d1935a455fd332dc19fbc7b8892c28069df08955b7ed05d25a31b34ca,0.29812463526509125,0.22294162837206255,0.640625,-1,True,347
SB5439,Urinary tract pain,peripheral-central nociceptive sensory-transmission structure,increased nociceptive signaling associated with local tissue or neural perturbation,remaining_5256,8dc0bf346b465120fbfa00a3245f83e0fc8f3d2166424a419cba9d5fcb2514c1,3,0,0,1,1,1,0.1907949549472725,0.20118820780957913,0.010393252862306634,0.010393252862306634,AWAY_FROM_REFERENCE,0.3333333333333333,MODERATE,2,222,,,652afad2cf6dc8da8e7575a92358ad2e1d4c90a2783ba0035c04ac149a24fa03,0.29812463526509125,0.22294162837206255,0.640625,-1,True,348
SB4447,Pulmonary thromboembolism,"pulmonary airway-alveolar, pleural, and gas-exchange structure","altered configuration or regulated output of the named structure, expressed as the state described by pulmonary thromboembolism",remaining_5256,00f7529d8e7c4a71b3435807b0b0caf83ae03a53b9a60c1556e487dd24ad2c97,36,17,0,1,18,1,0.18748484117756314,0.18857502377210866,0.001090182594545519,0.001090182594545519,AWAY_FROM_REFERENCE,0.027777777777777776,MINOR,1,231,,,681a9eb1907a0ee5445e518b56d87cc40bc0c6414598069950ccf1fb4df56394,0.2980922750886254,0.22804698181539684,0.6171875,-1,True,349
SB3275,Mechanical complication of implant,"implanted-device, catheter, or prosthesis tissue-interface structure","altered configuration or regulated output of the named structure, expressed as the state described by mechanical complication of implant",remaining_5256,2d7920d912c30c74f78f7644f482c0c299bb6580dd7bc51bf48fda0f36a851d4,1431,589,42,51,598,93,0.14667838281441015,0.1584139409353359,0.011735558120925749,0.011735558120925749,AWAY_FROM_REFERENCE,0.03563941299790356,MINOR,1,223,,,34e37cc72b80d4665e032fbe1263033bd12ef6dc8902d9ac5dde174ad6227404,0.2979633830375986,0.23303461346048615,0.59375,-9,True,350
SB1551,Digestion impaired,"intestinal mucosal barrier, smooth-muscle motility, and luminal transport structure",reduced ability of the named structure/process to complete its normal regulated operation,remaining_5256,393a89074d7ff6a86d7e00f7da735149d991b8610d49668d954eb129b51fb044,276,94,2,12,104,14,0.12842879290251474,0.14099822116949656,0.01256942826698182,0.01256942826698182,AWAY_FROM_REFERENCE,0.043478260869565216,MINOR,1,231,,,725fc40e240864ca6e69589ccd431b8355c577ccf5b494d287a92273a769a1b2,0.29794387858126725,0.2312958885137406,0.6015625,-10,True,351
SB4194,Pleurisy,"pleural membrane, pleural-space, and thoracic mechanical structure","altered configuration or regulated output of the named structure, expressed as the state described by pleurisy",remaining_5256,a9c43ff82b93236b81326872254b100fab87aad5a529ca4b9685f27d72c5e049,36,21,1,0,20,1,0.16295659753340286,0.16240087458717345,-0.0005557229462294089,0.0005557229462294089,TOWARD_REFERENCE,0.0,INFORMATIONAL,0,197,,,f69d2bbcc938a24ae738a5a5e3f2667754aa16ad9b5350575aa8e62dd1de8aba,0.29792942277774054,0.22270356436309824,0.640625,1,True,352
SB3476,Myasthenia gravis,whole-organism substrate utilization and cellular energy-production structure,"altered configuration or regulated output of the named structure, expressed as the state described by myasthenia gravis",remaining_5256,2ab263b648afc6b6580db7f81ae9686cb1a25d6f5e4cc79379a0afb0641f2aac,78,30,2,5,33,7,0.10921587810496947,0.11176989051575992,0.0025540124107904516,0.0025540124107904516,AWAY_FROM_REFERENCE,0.0641025641025641,MINOR,1,223,,,66593482cdd702966f26ac242a0e756a5bdf555b053f013553b4da01d43c514c,0.2978699753869518,0.2294908236426242,0.609375,-3,True,353
SB0012,Abdominal colic,intestinal smooth-muscle motility and luminal-volume structure,episodic smooth-muscle contraction with associated luminal pressure and nociceptive signaling,established_478,46d539233ebace2d6ff44be6ae2ef4cf32c62dc3b4e5738c5a528de02f7ec721,351,128,26,7,109,33,0.13377698647922043,0.144744199746353,0.01096721326713257,0.01096721326713257,AWAY_FROM_REFERENCE,0.019943019943019943,MINOR,1,223,,,870cea4f3bef6fe2452264b22d65fdccfb2372163f3724570b7c56b463a61457,0.2978257848665634,0.2294369327641017,0.609375,19,True,354
SB0013,Abdominal cramps,intestinal smooth-muscle motility and luminal-volume structure,episodic smooth-muscle contraction with associated luminal pressure and nociceptive signaling,established_478,46d539233ebace2d6ff44be6ae2ef4cf32c62dc3b4e5738c5a528de02f7ec721,351,128,26,7,109,33,0.13377698647922043,0.144744199746353,0.01096721326713257,0.01096721326713257,AWAY_FROM_REFERENCE,0.019943019943019943,MINOR,1,223,,,3c0e0cf4715492d7f9407a34e829c3232e31b2d4cbd5a1805d566b855acfe4d7,0.2978257848665634,0.2294369327641017,0.609375,19,True,355
SB0826,Breast disorder,"mammary gland ductal-lobular, secretory, and surface structure",departure from the reference structural configuration or regulated functional range,remaining_5256,706a63d12fa3aad9fbb21bf4f35f747521860c28065cef1c9e5a62095c66a605,231,92,12,13,93,25,0.16187178294202165,0.16487782944270946,0.003006046500687809,0.003006046500687809,AWAY_FROM_REFERENCE,0.05627705627705628,MINOR,1,223,,,57fd73eb08c266c2189d9a376f6c0bd0d61c31a4b79774a6bf8033c7300a35a7,0.2978105511128534,0.21912872086933344,0.65625,-1,True,356
SB0827,Breast disorder female,"mammary gland ductal-lobular, secretory, and surface structure",departure from the reference structural configuration or regulated functional range,remaining_5256,706a63d12fa3aad9fbb21bf4f35f747521860c28065cef1c9e5a62095c66a605,231,92,12,13,93,25,0.16187178294202165,0.16487782944270946,0.003006046500687809,0.003006046500687809,AWAY_FROM_REFERENCE,0.05627705627705628,MINOR,1,223,,,6af44632d172e607b240336f956da923af662f9200a4cbd56432f3563c0beaf8,0.2978105511128534,0.21912872086933344,0.65625,-1,True,357
SB0050,Abnormal vision,retinal-optic-cortical visual-signal structure,departure from the reference structural configuration or regulated functional range,established_478,ac8a6094cbe4c3149b318e5feb180f71d5f33803684be7fefc82dbd585fb07f5,120,51,10,1,42,11,0.14835375141542473,0.15126153571893297,0.002907784303508243,0.002907784303508243,AWAY_FROM_REFERENCE,0.008333333333333333,MINOR,1,223,,,11a7bbbd664be1f21a0d7cd7321ecddb1c518b14d55901f7006ab0556a0a1dd8,0.2977559089710718,0.2276367792330144,0.6171875,9,True,358
SB3741,Oesophageal atresia,"oesophageal mucosal, peristaltic, and sphincter-control structure","developmental patterning deviation producing absent, incomplete, or abnormally organized structure",remaining_5256,c2a7eb87612532adf098e6669be1bcf9021547f17b679c38f6c54fdc5e30fd80,28,8,4,1,5,5,0.10703417735122311,0.11677743665760065,0.009743259306377539,0.009743259306377539,AWAY_FROM_REFERENCE,0.03571428571428571,MINOR,1,231,,,5fa188086f5cf84a8f50069b093a77f482824eb0760bf98f0939922e299c9fb2,0.2977374350744124,0.22761425009074687,0.6171875,3,True,359
SB1666,Dysgraphia,dominant-hemisphere language-processing and speech-planning network,impaired generation of written symbolic output,remaining_5256,99b61db23ef996e476217f9f6240b0c1646ed7902a78bf25c5261e8bc412c067,231,113,8,9,114,17,0.2181717192988044,0.23403829758410466,0.015866578285300248,0.015866578285300248,AWAY_FROM_REFERENCE,0.03896103896103896,MINOR,1,230,,,d6194a262434dd6f6931cbc0f416c1a17f03d104a424d2dec12e38368e02f2d5,0.2975043479817873,0.22390011948998456,0.6328125,-1,True,360
SB1735,Ejaculation decreased,"male gonadal, ductal, accessory-gland, and reproductive-output structure",measured or functional quantity shifted below its reference structural range,remaining_5256,657976b1d273cc0baeae1d5616be19e471b50e8e1c06c53fcdc617012377e483,190,88,8,8,88,16,0.14307420890292455,0.14690322267664546,0.003829013773720913,0.003829013773720913,AWAY_FROM_REFERENCE,0.042105263157894736,MINOR,1,223,,,63cffd906155e08a2e6b082e1e3126030888c20c51822e4de3613e119eb49cb3,0.29745523998527496,0.22898504876253045,0.609375,0,True,361
SB4778,Semen volume decreased,"male gonadal, ductal, accessory-gland, and reproductive-output structure",measured or functional quantity shifted below its reference structural range,remaining_5256,657976b1d273cc0baeae1d5616be19e471b50e8e1c06c53fcdc617012377e483,190,88,8,8,88,16,0.14307420890292455,0.14690322267664546,0.003829013773720913,0.003829013773720913,AWAY_FROM_REFERENCE,0.042105263157894736,MINOR,1,223,,,4f699627fc2eb61daff1ed3816ebb9d6382d3ba778ce5c27015695247cb8b9ab,0.29745523998527496,0.22898504876253045,0.609375,0,True,362
SB4972,Sperm concentration decreased,"male gonadal, ductal, accessory-gland, and reproductive-output structure",measured or functional quantity shifted below its reference structural range,remaining_5256,657976b1d273cc0baeae1d5616be19e471b50e8e1c06c53fcdc617012377e483,190,88,8,8,88,16,0.14307420890292455,0.14690322267664546,0.003829013773720913,0.003829013773720913,AWAY_FROM_REFERENCE,0.042105263157894736,MINOR,1,223,,,69f919545f55267bfa1ab16d60776b4ede81d6d3bafc501af343811235323dbf,0.29745523998527496,0.22898504876253045,0.609375,0,True,363
SB4973,Sperm count decreased,"male gonadal, ductal, accessory-gland, and reproductive-output structure",measured or functional quantity shifted below its reference structural range,remaining_5256,657976b1d273cc0baeae1d5616be19e471b50e8e1c06c53fcdc617012377e483,190,88,8,8,88,16,0.14307420890292455,0.14690322267664546,0.003829013773720913,0.003829013773720913,AWAY_FROM_REFERENCE,0.042105263157894736,MINOR,1,223,,,b2ca68e9ee4dec92b480b5d6ba59e41b4f48296a5b6ef4a9f11a8797c3bbf4e4,0.29745523998527496,0.22898504876253045,0.609375,0,True,364
SB5520,Vagotonia,sympathetic-parasympathetic autonomic-control network,"altered configuration or regulated output of the named structure, expressed as the state described by vagotonia",remaining_5256,6acb2e77e50e1cc7ce12cf53e7381285762d4e8c45c7b53685c109ecedc4680e,78,40,9,1,32,10,0.16122999363119517,0.1651124611919237,0.0038824675607285197,0.0038824675607285197,AWAY_FROM_REFERENCE,0.01282051282051282,MINOR,1,223,,,878cf7c4f9f4c9f5edb6e6d896c51182f63c92fdf60f73a9ac7c14c71fb2b344,0.29741245886796863,0.2306478156926447,0.6015625,8,True,365
SB5212,Thrombocytosis,"platelet production, activation, adhesion, and aggregation structure","abnormal structural accumulation, degeneration, remodeling, or chronic state within the named structure",remaining_5256,2a04b24d59d4aa833a33f87e35b0291862b849b863c7e2c53ee92719b185c21e,15,5,2,0,3,2,0.1575280388034329,0.15808902480614662,0.0005609860027137037,0.0005609860027137037,AWAY_FROM_REFERENCE,0.0,INFORMATIONAL,0,230,,,0645ceda4197d59a17dcd416c731cbafe17a4e4315c5d4713af2a8955db60d1c,0.29739606778696687,0.22376807047191083,0.6328125,2,True,366
SB0769,Body mass index decreased,"adipose-tissue storage, body-composition, and energy-balance structure",measured or functional quantity shifted below its reference structural range,remaining_5256,6a69a4aafd8e979935a52a55aff4506ce26c3e3a5c6acc5d6f47fada0f0ea60b,45,22,4,0,18,4,0.16251700044227713,0.17486424720297755,0.012347246760700425,0.012347246760700425,AWAY_FROM_REFERENCE,0.0,INFORMATIONAL,0,174,,,91d9ea7e7a160e6f3ff9d06301d0864efd6ef4be057a47eb74722b71e7258d09,0.2972436609985676,0.22701208658361904,0.6171875,4,True,367
SB1168,Circumoral paresthesia,peripheral sensory-nerve axonal conduction structure,abnormal sensory perception or sensory-transmission state,remaining_5256,184b1c8d7fe9795dd6f929d10dbd4536ceca77f0fa81b3ad27736aaa3c061918,6,5,1,0,4,1,0.20293161764056933,0.20825137451517473,0.005319756874605397,0.005319756874605397,AWAY_FROM_REFERENCE,0.0,INFORMATIONAL,0,223,,,ddce3293cf1920f93737415cae62d3dd559611a680f37bc1b19dd91a6246a9aa,0.2972252052735413,0.2184148844799284,0.65625,1,True,368
SB2869,Injection site paraesthesia,peripheral sensory-nerve axonal conduction structure,abnormal sensory perception or sensory-transmission state,remaining_5256,184b1c8d7fe9795dd6f929d10dbd4536ceca77f0fa81b3ad27736aaa3c061918,6,5,1,0,4,1,0.20293161764056933,0.20825137451517473,0.005319756874605397,0.005319756874605397,AWAY_FROM_REFERENCE,0.0,INFORMATIONAL,0,223,,,211d96284ba866890db720664a3572e44c7e84f3d31275b9281b99f6803f7974,0.2972252052735413,0.2184148844799284,0.65625,1,True,369
SB3960,Paraesthesia,peripheral sensory-nerve axonal conduction structure,abnormal sensory perception or sensory-transmission state,remaining_5256,184b1c8d7fe9795dd6f929d10dbd4536ceca77f0fa81b3ad27736aaa3c061918,6,5,1,0,4,1,0.20293161764056933,0.20825137451517473,0.005319756874605397,0.005319756874605397,AWAY_FROM_REFERENCE,0.0,INFORMATIONAL,0,223,,,cbd04034f0426da9c4e362116cf77bba1876b783bff633388d52b15c25b08604,0.2972252052735413,0.2184148844799284,0.65625,1,True,370
SB3961,Paraesthesia NEC,peripheral sensory-nerve axonal conduction structure,abnormal sensory perception or sensory-transmission state,remaining_5256,184b1c8d7fe9795dd6f929d10dbd4536ceca77f0fa81b3ad27736aaa3c061918,6,5,1,0,4,1,0.20293161764056933,0.20825137451517473,0.005319756874605397,0.005319756874605397,AWAY_FROM_REFERENCE,0.0,INFORMATIONAL,0,223,,,f71f05e8cee008f946baf3338ee47084c96a308a3ddaa9c5c1745733a06ee1a5,0.2972252052735413,0.2184148844799284,0.65625,1,True,371
SB3962,Paraesthesia foot,peripheral sensory-nerve axonal conduction structure,abnormal sensory perception or sensory-transmission state,remaining_5256,184b1c8d7fe9795dd6f929d10dbd4536ceca77f0fa81b3ad27736aaa3c061918,6,5,1,0,4,1,0.20293161764056933,0.20825137451517473,0.005319756874605397,0.005319756874605397,AWAY_FROM_REFERENCE,0.0,INFORMATIONAL,0,223,,,0a55edadbccf65a9a3253a2c8398dd485891070dbb51fe2ff9f0eefd5b207525,0.2972252052735413,0.2184148844799284,0.65625,1,True,372
SB3963,Paraesthesia hand,peripheral sensory-nerve axonal conduction structure,abnormal sensory perception or sensory-transmission state,remaining_5256,184b1c8d7fe9795dd6f929d10dbd4536ceca77f0fa81b3ad27736aaa3c061918,6,5,1,0,4,1,0.20293161764056933,0.20825137451517473,0.005319756874605397,0.005319756874605397,AWAY_FROM_REFERENCE,0.0,INFORMATIONAL,0,223,,,04d7c2f91d3e09218e7af79493b66ea1b9555ea39bb940d5caa0499d9e09b27c,0.2972252052735413,0.2184148844799284,0.65625,1,True,373
SB3964,Paraesthesia oral,peripheral sensory-nerve axonal conduction structure,abnormal sensory perception or sensory-transmission state,remaining_5256,184b1c8d7fe9795dd6f929d10dbd4536ceca77f0fa81b3ad27736aaa3c061918,6,5,1,0,4,1,0.20293161764056933,0.20825137451517473,0.005319756874605397,0.005319756874605397,AWAY_FROM_REFERENCE,0.0,INFORMATIONAL,0,223,,,8c02d30c962a1df958b3afb4ca04c9dd76dd00bffc23110a8683f624b7ecbbb0,0.2972252052735413,0.2184148844799284,0.65625,1,True,374
SB3965,Paraesthesia skin,peripheral sensory-nerve axonal conduction structure,abnormal sensory perception or sensory-transmission state,remaining_5256,184b1c8d7fe9795dd6f929d10dbd4536ceca77f0fa81b3ad27736aaa3c061918,6,5,1,0,4,1,0.20293161764056933,0.20825137451517473,0.005319756874605397,0.005319756874605397,AWAY_FROM_REFERENCE,0.0,INFORMATIONAL,0,223,,,fb3b509563c1d67cfdb20cbcde2e3f9d112b5bedfcdca1db4edc22af22cb9897,0.2972252052735413,0.2184148844799284,0.65625,1,True,375
SB3983,Paresthesia generalized,peripheral sensory-nerve axonal conduction structure,abnormal sensory perception or sensory-transmission state,remaining_5256,184b1c8d7fe9795dd6f929d10dbd4536ceca77f0fa81b3ad27736aaa3c061918,6,5,1,0,4,1,0.20293161764056933,0.20825137451517473,0.005319756874605397,0.005319756874605397,AWAY_FROM_REFERENCE,0.0,INFORMATIONAL,0,223,,,f18d4d2dc44becbe2050583b9cbe30b1b074f38a8d8f6d888885293eb0e09b25,0.2972252052735413,0.2184148844799284,0.65625,1,True,376
SB3984,Paresthesia lips,peripheral sensory-nerve axonal conduction structure,abnormal sensory perception or sensory-transmission state,remaining_5256,184b1c8d7fe9795dd6f929d10dbd4536ceca77f0fa81b3ad27736aaa3c061918,6,5,1,0,4,1,0.20293161764056933,0.20825137451517473,0.005319756874605397,0.005319756874605397,AWAY_FROM_REFERENCE,0.0,INFORMATIONAL,0,223,,,4b44f6c84b194af9d99cce1de90707a38ed491eb4a8f04ea8d6a76a06c571be0,0.2972252052735413,0.2184148844799284,0.65625,1,True,377
SB3985,Paresthesia of fingers,peripheral sensory-nerve axonal conduction structure,abnormal sensory perception or sensory-transmission state,remaining_5256,184b1c8d7fe9795dd6f929d10dbd4536ceca77f0fa81b3ad27736aaa3c061918,6,5,1,0,4,1,0.20293161764056933,0.20825137451517473,0.005319756874605397,0.005319756874605397,AWAY_FROM_REFERENCE,0.0,INFORMATIONAL,0,223,,,d57ec9ab937277a5e4e71a168c68e3359d61630e2dfbcc8d289c3dc00849951b,0.2972252052735413,0.2184148844799284,0.65625,1,True,378
SB3986,Paresthesia of limbs,peripheral sensory-nerve axonal conduction structure,abnormal sensory perception or sensory-transmission state,remaining_5256,184b1c8d7fe9795dd6f929d10dbd4536ceca77f0fa81b3ad27736aaa3c061918,6,5,1,0,4,1,0.20293161764056933,0.20825137451517473,0.005319756874605397,0.005319756874605397,AWAY_FROM_REFERENCE,0.0,INFORMATIONAL,0,223,,,d99c255a28c8210ecc0692635f32c0508625b07eec99998c44377466035c6313,0.2972252052735413,0.2184148844799284,0.65625,1,True,379
SB3987,Paresthesia of scalp,peripheral sensory-nerve axonal conduction structure,abnormal sensory perception or sensory-transmission state,remaining_5256,184b1c8d7fe9795dd6f929d10dbd4536ceca77f0fa81b3ad27736aaa3c061918,6,5,1,0,4,1,0.20293161764056933,0.20825137451517473,0.005319756874605397,0.005319756874605397,AWAY_FROM_REFERENCE,0.0,INFORMATIONAL,0,223,,,7ca4229f058ebf2a547609108d4e3a7da50cf115c0e82e89ba44a462e3a79af7,0.2972252052735413,0.2184148844799284,0.65625,1,True,380
SB4064,Perioral paraesthesia,peripheral sensory-nerve axonal conduction structure,abnormal sensory perception or sensory-transmission state,remaining_5256,184b1c8d7fe9795dd6f929d10dbd4536ceca77f0fa81b3ad27736aaa3c061918,6,5,1,0,4,1,0.20293161764056933,0.20825137451517473,0.005319756874605397,0.005319756874605397,AWAY_FROM_REFERENCE,0.0,INFORMATIONAL,0,223,,,4f7855db03de15d30cb23c4452e8a91f3ef4760e62681b7fe8351a7a2eb87ba8,0.2972252052735413,0.2184148844799284,0.65625,1,True,381
SB3912,Painful ejaculation,"male gonadal, ductal, accessory-gland, and reproductive-output structure","altered configuration or regulated output of the named structure, expressed as the state described by painful ejaculation",remaining_5256,8278ff9b866a099078db20aaef522605aae294883601ccdce45b6838df4b8153,190,81,9,7,79,16,0.13202778769551038,0.13770722060779972,0.0056794329122893394,0.0056794329122893394,AWAY_FROM_REFERENCE,0.03684210526315789,MINOR,1,223,,,c5e515467cad3ba96111f8be9b2bec76b1c9c070dc11eb8d75673507f7747476,0.2971668993732418,0.2303483528941973,0.6015625,2,True,382
SB0203,Akinaesthesia,somatosensory movement-perception structure,abnormal sensory perception or sensory-transmission state,established_478,bb56baef634e47c723bb29ca21bbe9509e9c5875b8e02a2c596047450ffbee23,276,129,10,19,138,29,0.15146549764422912,0.15691177408128,0.005446276437050868,0.005446276437050868,AWAY_FROM_REFERENCE,0.06884057971014493,MINOR,1,231,,,44b4d715a6083e0ca1f805e82d2de8f6dfc7708f7e57b6847308da88cf0555e3,0.29713538398017797,0.21830534631729026,0.65625,-9,True,383
SB2391,Haemothorax,"pleural membrane, pleural-space, and thoracic mechanical structure","altered configuration or regulated output of the named structure, expressed as the state described by haemothorax",remaining_5256,8b5d10d4b00984ab7af216978b7e7499a22fb106cd93c84c4f8b3cde283f9e28,36,19,1,0,18,1,0.16690310354138105,0.1666650090085423,-0.0002380945328387396,0.0002380945328387396,TOWARD_REFERENCE,0.0,INFORMATIONAL,0,197,,,f617e6b747598e4e064592dadc636fbe271ca51ca4b1898fe7c3d4c4a80accd1,0.29712781359724394,0.22172599219176092,0.640625,1,True,384
SB0280,Anal haemorrhage,anorectal mucosal vascular-integrity structure,vascular or tissue integrity breach with blood extravasation/accumulation,established_478,e98dddc7fb0b8a7a936b8e8fd815e6af61b3c3c5e1dbc0e83ebcf8e816e51a14,6,5,0,1,6,1,0.21170301012996562,0.2220910120580455,0.01038800192807987,0.01038800192807987,AWAY_FROM_REFERENCE,0.16666666666666666,MINOR,1,223,,,ba09dd977ff9451ae02ed30677634d89dde1b404cd584ff4456d867623d9170c,0.2971171082746806,0.22685775399351293,0.6171875,-1,True,385
SB4228,Polycystic ovaries,"female reproductive, gestational, placental, and reproductive-output structure","altered configuration or regulated output of the named structure, expressed as the state described by polycystic ovaries",remaining_5256,d6a565f04c835d42b59fff00d1b1b40bafb7375a40eca33c024ceef84a08525d,3,0,0,1,1,1,0.12956370990110844,0.1350513020363524,0.005487592135243968,0.005487592135243968,AWAY_FROM_REFERENCE,0.3333333333333333,MODERATE,2,38,,,a705a930cc8453d83f117740db0c1b2e81d9fc5a10bbddbfe549251570cedc57,0.29697092499683897,0.2318242987766329,0.59375,-1,True,386
SB2725,Idiopathic pulmonary fibrosis,"pulmonary airway-alveolar, pleural, and gas-exchange structure",excess matrix deposition/remodeling with increased tissue stiffness and reduced normal architecture,remaining_5256,4adc0258c9994023bc03045a251df0ee127613d14f72b1c818a2c798870617b6,36,17,1,0,16,1,0.1834380060614661,0.18675942325908523,0.0033214171976191365,0.0033214171976191365,AWAY_FROM_REFERENCE,0.0,INFORMATIONAL,0,231,,,6417438c52d05d2e0f1d8590051239afe3e84c173fc9a3530db66ed9c65b5b99,0.2969532193272202,0.22322801137465875,0.6328125,1,True,387
SB3193,Lung fibrosis interstitial,"pulmonary airway-alveolar, pleural, and gas-exchange structure",excess matrix deposition/remodeling with increased tissue stiffness and reduced normal architecture,remaining_5256,4adc0258c9994023bc03045a251df0ee127613d14f72b1c818a2c798870617b6,36,17,1,0,16,1,0.1834380060614661,0.18675942325908523,0.0033214171976191365,0.0033214171976191365,AWAY_FROM_REFERENCE,0.0,INFORMATIONAL,0,231,,,42ec0b42e0cbb6746996f15969d5f61a8265cdaaf648d869c6bead6ffffa1ea9,0.2969532193272202,0.22322801137465875,0.6328125,1,True,388
SB4434,Pulmonary fibrosis,"pulmonary airway-alveolar, pleural, and gas-exchange structure",excess matrix deposition/remodeling with increased tissue stiffness and reduced normal architecture,remaining_5256,4adc0258c9994023bc03045a251df0ee127613d14f72b1c818a2c798870617b6,36,17,1,0,16,1,0.1834380060614661,0.18675942325908523,0.0033214171976191365,0.0033214171976191365,AWAY_FROM_REFERENCE,0.0,INFORMATIONAL,0,231,,,dfe2bc8f6f597e976865c09278fc0b31008e280aa7ada5fe8bcfa692e07c54c0,0.2969532193272202,0.22322801137465875,0.6328125,1,True,389
SB2057,Fibroadenoma of breast,"mammary gland ductal-lobular, secretory, and surface structure","altered configuration or regulated output of the named structure, expressed as the state described by fibroadenoma of breast",remaining_5256,be8b2de4b7594f03ac0aba2bab8052b267680bbc88ab5f131277248bd13a93eb,231,114,12,13,115,25,0.15735646891924726,0.16303588480292208,0.005679415883674821,0.005679415883674821,AWAY_FROM_REFERENCE,0.05627705627705628,MINOR,1,223,,,24737e7bf1262f47f2c12755e785086a1ca9672a221f8bd621c8c0909de306fe,0.2968527653832888,0.2368250187601083,0.5703125,-1,True,390
SB4971,Sperm concentration,"male gonadal, ductal, accessory-gland, and reproductive-output structure","altered configuration or regulated output of the named structure, expressed as the state described by sperm concentration",remaining_5256,be1f75d012807d6fdc71ca1cfd7015884151753db0b1453e369c952a777b7831,190,85,11,7,81,18,0.12781295938146298,0.1339056098562763,0.0060926504748133326,0.0060926504748133326,AWAY_FROM_REFERENCE,0.03684210526315789,MINOR,1,223,,,cae6f5d46805537b07f14951f953e018e5140a0fa5f8dd2b9142f42efcdb28e5,0.29679191155215745,0.23160598969775303,0.59375,4,True,391
SB2360,Haematospermia,"male gonadal, ductal, accessory-gland, and reproductive-output structure","altered configuration or regulated output of the named structure, expressed as the state described by haematospermia",remaining_5256,ad5b75d4b0af7711e9ab7ed00edf27683856560f6c7628305d13ba5ffb71f10c,190,80,9,9,80,18,0.1312164335907562,0.13889930670763362,0.007682873116877431,0.007682873116877431,AWAY_FROM_REFERENCE,0.04736842105263158,MINOR,1,223,,,7f0de369d3fc424bd2670c73617cd6224a387213f7dea614660a0d91cdb03d6b,0.2967774495755195,0.23673317021404816,0.5703125,0,True,392
SB1705,Ear malformation,cochlear-mechanical and auditory-neural transduction structure,"developmental patterning deviation producing absent, incomplete, or abnormally organized structure",remaining_5256,9821ca760f3dc3bbe9b2e553061d32e11e8b3148a6f1fac2ddcb833430c51e99,276,82,17,11,76,28,0.17695332619086934,0.18130096879769753,0.004347642606828184,0.004347642606828184,AWAY_FROM_REFERENCE,0.03985507246376811,MINOR,1,230,,,4df3de4c0f68ce90f461179a8dee822048350e5c7a9aa2bd83dd5d75c1b9bab3,0.29671265073551567,0.21607487894575084,0.6640625,6,True,393
SB1541,Diarrhoea,"intestinal mucosal barrier, smooth-muscle motility, and luminal transport structure",excess or abnormal fluid/material outflow from the named structure,remaining_5256,afbc9b77fae9b5781a9984066cd36698c2be4e249f546811f14eb7b96fd0222e,276,75,5,25,95,30,0.13833758098287552,0.1494091596409559,0.011071578658080394,0.011071578658080394,AWAY_FROM_REFERENCE,0.09057971014492754,MINOR,1,231,,,225c8cbfa902359bcd5ddf594c7581ed750ba24f702c989fe0e9492eda34ae63,0.2966809265092151,0.23318558110879894,0.5859375,-20,True,394
SB1542,Diarrhoea haemorrhagic,"intestinal mucosal barrier, smooth-muscle motility, and luminal transport structure",excess or abnormal fluid/material outflow from the named structure,remaining_5256,afbc9b77fae9b5781a9984066cd36698c2be4e249f546811f14eb7b96fd0222e,276,75,5,25,95,30,0.13833758098287552,0.1494091596409559,0.011071578658080394,0.011071578658080394,AWAY_FROM_REFERENCE,0.09057971014492754,MINOR,1,231,,,8dbcd0223b518e3add11fcd1c360c7cec955191ed91d89c690bcbd31a7fbe406,0.2966809265092151,0.23318558110879894,0.5859375,-20,True,395
SB4264,Post procedural diarrhoea,"intestinal mucosal barrier, smooth-muscle motility, and luminal transport structure",excess or abnormal fluid/material outflow from the named structure,remaining_5256,afbc9b77fae9b5781a9984066cd36698c2be4e249f546811f14eb7b96fd0222e,276,75,5,25,95,30,0.13833758098287552,0.1494091596409559,0.011071578658080394,0.011071578658080394,AWAY_FROM_REFERENCE,0.09057971014492754,MINOR,1,231,,,e406b86965960bf2ce1448b45bdcf7ebf9bfa9c72062ab4cfa851fdb85b774b2,0.2966809265092151,0.23318558110879894,0.5859375,-20,True,396
SB5676,Watery diarrhoea,"intestinal mucosal barrier, smooth-muscle motility, and luminal transport structure",excess or abnormal fluid/material outflow from the named structure,remaining_5256,afbc9b77fae9b5781a9984066cd36698c2be4e249f546811f14eb7b96fd0222e,276,75,5,25,95,30,0.13833758098287552,0.1494091596409559,0.011071578658080394,0.011071578658080394,AWAY_FROM_REFERENCE,0.09057971014492754,MINOR,1,231,,,3a86f929cca59ec4e4a832cc1b64041ae10e09706b7a0b09e29389fdaa7899e8,0.2966809265092151,0.23318558110879894,0.5859375,-20,True,397
SB1764,Electrocardiogram U-wave abnormality,"cardiac conduction, depolarization, repolarization, and rhythm structure",measured state within the declared reference range rather than a malformation,remaining_5256,d00ed66281cd2b44d3aca05f6fd80ae6cdb9e5227393a0e30cb553820c8ccdb4,703,242,26,18,234,44,0.12329755021606081,0.12656711071426097,0.0032695604982001525,0.0032695604982001525,AWAY_FROM_REFERENCE,0.025604551920341393,MINOR,1,230,,,30d86117b92ae3f75d45b06dbf485cde9b24c1d72495096001b047e384fd72f3,0.29661262705069086,0.2228126549398669,0.6328125,8,True,398
SB1769,Electrocardiogram repolarisation abnormality,"cardiac conduction, depolarization, repolarization, and rhythm structure",measured state within the declared reference range rather than a malformation,remaining_5256,d00ed66281cd2b44d3aca05f6fd80ae6cdb9e5227393a0e30cb553820c8ccdb4,703,242,26,18,234,44,0.12329755021606081,0.12656711071426097,0.0032695604982001525,0.0032695604982001525,AWAY_FROM_REFERENCE,0.025604551920341393,MINOR,1,230,,,6ebc082719811e0074c494b382a8bda36c543b4424ad9f32ba425c8d7862a566,0.29661262705069086,0.2228126549398669,0.6328125,8,True,399
SB4974,Spermatocele,"male gonadal, ductal, accessory-gland, and reproductive-output structure","altered configuration or regulated output of the named structure, expressed as the state described by spermatocele",remaining_5256,9d7fba377d04c67f5345e504f4e01e2ff31e11eaa50679dfdc456ca72e0ac7e6,190,82,9,9,82,18,0.1344256619471761,0.1411198447207277,0.006694182773551605,0.006694182773551605,AWAY_FROM_REFERENCE,0.04736842105263158,MINOR,1,223,,,0d3a9f22e92d8ae1eaf3725b408583b53f6c98823bf8a27647e796a40add6a3a,0.2965678472867637,0.2313327405936143,0.59375,0,True,400
SB2565,Hydroureter,"ureteric lumen, peristaltic, and urine-transfer structure","altered configuration or regulated output of the named structure, expressed as the state described by hydroureter",remaining_5256,40ddc0991005e3f9096c5f3d40215133de1e6e3ac80a3ae4a830f9407cceab6c,21,8,0,2,10,2,0.1616130181419575,0.1589395730858244,-0.0026734450561330947,0.0026734450561330947,TOWARD_REFERENCE,0.09523809523809523,MINOR,1,198,,,34474fee93f6030e7beff1f940502bcb0a28b498b44075f56b5e3594759007f0,0.2965406472672033,0.22615475276488206,0.6171875,-2,True,401
SB5516,Vaginismus,"female reproductive, gestational, placental, and reproductive-output structure","altered configuration or regulated output of the named structure, expressed as the state described by vaginismus",remaining_5256,38841bcbee4857bdec845e42b73a7489d020054f6cd4f018dac3eabcbe9d0bad,3,0,0,1,1,1,0.1292263701741415,0.1350472598018696,0.0058208896277280875,0.0058208896277280875,AWAY_FROM_REFERENCE,0.3333333333333333,MODERATE,2,38,,,4033fde3e3c0d332fe4e0de420dbe0c406919d0238ccffc3da453a5662a61550,0.29641572893219925,0.22943229138073085,0.6015625,-1,True,402
SB3749,Oesophageal obstruction,"oesophageal mucosal, peristaltic, and sphincter-control structure",partial or complete luminal/pathway blockage with impaired transit or flow,remaining_5256,a878dd5a9cd867d46a453a2f8c87bd66e3b0b1a3dc729bbc0794299b79b0c09f,28,7,2,0,5,2,0.13824747457190323,0.14650210604127367,0.008254631469370444,0.008254631469370444,AWAY_FROM_REFERENCE,0.0,INFORMATIONAL,0,231,,,6206bea9df36ab70f38df8d3f1e8dd29c5f9488ac4634e2154f58b7d003c2ecd,0.296399623322124,0.2294126503928342,0.6015625,2,True,403
SB3696,Numbness in fingers,peripheral sensory-nerve axonal conduction structure,"altered configuration or regulated output of the named structure, expressed as the state described by numbness in fingers",remaining_5256,cec86c91ba00cc53bc05ddca8117d101ad2cb43d558821ee64231cf0c468e91d,6,5,1,0,4,1,0.17369739625505176,0.17922523236276677,0.005527836107715012,0.005527836107715012,AWAY_FROM_REFERENCE,0.0,INFORMATIONAL,0,223,,,86eb9a1a2273c4123b9ce70cd6550738a1f117d4644ce77535301d609466ef43,0.2963814679432104,0.2276755706624517,0.609375,1,True,404
SB1737,Ejaculation disorder,"male gonadal, ductal, accessory-gland, and reproductive-output structure",departure from the reference structural configuration or regulated functional range,remaining_5256,a24bc3c5b99de557195988c577f35c4fc4c053f5778af742927f92030bcce731,190,96,11,4,89,15,0.14348662990403704,0.14501540418349967,0.0015287742794626302,0.0015287742794626302,AWAY_FROM_REFERENCE,0.021052631578947368,MINOR,1,223,,,85bbd9dfbac6811a3d0bd353e7a31cf6f54734c9be3c7f5068435365190052e9,0.2962952955930337,0.2275704824305289,0.609375,7,True,405
SB4040,Penis disorder,"male gonadal, ductal, accessory-gland, and reproductive-output structure",departure from the reference structural configuration or regulated functional range,remaining_5256,a24bc3c5b99de557195988c577f35c4fc4c053f5778af742927f92030bcce731,190,96,11,4,89,15,0.14348662990403704,0.14501540418349967,0.0015287742794626302,0.0015287742794626302,AWAY_FROM_REFERENCE,0.021052631578947368,MINOR,1,223,,,f68747cf53a7613cccd3b3db88a0fbfeac99e169c2ce76d4e81b63bc7f8557e4,0.2962952955930337,0.2275704824305289,0.609375,7,True,406
SB4362,Prostate examination abnormal,"male gonadal, ductal, accessory-gland, and reproductive-output structure",departure from the reference structural configuration or regulated functional range,remaining_5256,a24bc3c5b99de557195988c577f35c4fc4c053f5778af742927f92030bcce731,190,96,11,4,89,15,0.14348662990403704,0.14501540418349967,0.0015287742794626302,0.0015287742794626302,AWAY_FROM_REFERENCE,0.021052631578947368,MINOR,1,223,,,6d63b22f2e201ce572f45971fc94a50d62173f9d42983897a162b8402a9df866,0.2962952955930337,0.2275704824305289,0.609375,7,True,407
SB4366,Prostatic disorder,"male gonadal, ductal, accessory-gland, and reproductive-output structure",departure from the reference structural configuration or regulated functional range,remaining_5256,a24bc3c5b99de557195988c577f35c4fc4c053f5778af742927f92030bcce731,190,96,11,4,89,15,0.14348662990403704,0.14501540418349967,0.0015287742794626302,0.0015287742794626302,AWAY_FROM_REFERENCE,0.021052631578947368,MINOR,1,223,,,fd5425e4d290bdc0537f1588ca63193238376a43ed6edb122cb8f99ac34c60da,0.2962952955930337,0.2275704824305289,0.609375,7,True,408
SB4753,Scrotal disorder,"male gonadal, ductal, accessory-gland, and reproductive-output structure",departure from the reference structural configuration or regulated functional range,remaining_5256,a24bc3c5b99de557195988c577f35c4fc4c053f5778af742927f92030bcce731,190,96,11,4,89,15,0.14348662990403704,0.14501540418349967,0.0015287742794626302,0.0015287742794626302,AWAY_FROM_REFERENCE,0.021052631578947368,MINOR,1,223,,,643104deaa26fe0472e6ba5cc8ff24e00731a3817922f733ba9a575eca19399c,0.2962952955930337,0.2275704824305289,0.609375,7,True,409
SB4776,Semen abnormal,"male gonadal, ductal, accessory-gland, and reproductive-output structure",departure from the reference structural configuration or regulated functional range,remaining_5256,a24bc3c5b99de557195988c577f35c4fc4c053f5778af742927f92030bcce731,190,96,11,4,89,15,0.14348662990403704,0.14501540418349967,0.0015287742794626302,0.0015287742794626302,AWAY_FROM_REFERENCE,0.021052631578947368,MINOR,1,223,,,b50e58dbefe567ea4c127939fb284559726910db95a0fd2a8bcd18007ca02b21,0.2962952955930337,0.2275704824305289,0.609375,7,True,410
SB4777,Semen analysis abnormal,"male gonadal, ductal, accessory-gland, and reproductive-output structure",departure from the reference structural configuration or regulated functional range,remaining_5256,a24bc3c5b99de557195988c577f35c4fc4c053f5778af742927f92030bcce731,190,96,11,4,89,15,0.14348662990403704,0.14501540418349967,0.0015287742794626302,0.0015287742794626302,AWAY_FROM_REFERENCE,0.021052631578947368,MINOR,1,223,,,2bb24a395230d8e87f63721079eaf41d6f5edb626c0cbb20ab3c2162c15f2ea5,0.2962952955930337,0.2275704824305289,0.609375,7,True,411
SB4975,Spermatogenesis abnormal,"male gonadal, ductal, accessory-gland, and reproductive-output structure",departure from the reference structural configuration or regulated functional range,remaining_5256,a24bc3c5b99de557195988c577f35c4fc4c053f5778af742927f92030bcce731,190,96,11,4,89,15,0.14348662990403704,0.14501540418349967,0.0015287742794626302,0.0015287742794626302,AWAY_FROM_REFERENCE,0.021052631578947368,MINOR,1,223,,,56eb5ff1d201959f8c06e463810cf23ac4e49c0eb0b3291874379593a7648bc8,0.2962952955930337,0.2275704824305289,0.609375,7,True,412
SB4977,Spermatozoa abnormal,"male gonadal, ductal, accessory-gland, and reproductive-output structure",departure from the reference structural configuration or regulated functional range,remaining_5256,a24bc3c5b99de557195988c577f35c4fc4c053f5778af742927f92030bcce731,190,96,11,4,89,15,0.14348662990403704,0.14501540418349967,0.0015287742794626302,0.0015287742794626302,AWAY_FROM_REFERENCE,0.021052631578947368,MINOR,1,223,,,51ce47c55df68bb0dfb3f59f8d628ba2c6ef014ff207a84128489b05b8e3b4fb,0.2962952955930337,0.2275704824305289,0.609375,7,True,413
SB5188,Testicular disorder,"male gonadal, ductal, accessory-gland, and reproductive-output structure",departure from the reference structural configuration or regulated functional range,remaining_5256,a24bc3c5b99de557195988c577f35c4fc4c053f5778af742927f92030bcce731,190,96,11,4,89,15,0.14348662990403704,0.14501540418349967,0.0015287742794626302,0.0015287742794626302,AWAY_FROM_REFERENCE,0.021052631578947368,MINOR,1,223,,,fa60f1e52f7d8baf4b04104123b650eaf467c8b9727d67e1b3ea434c602778e7,0.2962952955930337,0.2275704824305289,0.609375,7,True,414
SB2238,Genetic polymorphism,"genomic sequence, chromosomal organization, and developmental-expression structure","altered configuration or regulated output of the named structure, expressed as the state described by genetic polymorphism",remaining_5256,4cddbed57c68294b38fac09e8bfbf52eaa5e3a68954625c895786949ec2cae9b,15,6,0,1,7,1,0.12913888567341347,0.14368796248908633,0.014549076815672857,0.014549076815672857,AWAY_FROM_REFERENCE,0.06666666666666667,MINOR,1,222,,,33743b73a889ddf310c7043146b5198380f75627396b22459f986d31c522723c,0.2962938436915966,0.22756871181902028,0.609375,-1,True,415
SB1757,Electrocardiogram ST segment elevation,"cardiac conduction, depolarization, repolarization, and rhythm structure","altered configuration or regulated output of the named structure, expressed as the state described by electrocardiogram st segment elevation",remaining_5256,57033335d5522481caf4b589b505df88494df2ca95fe5e5e0ebef6255ed36093,703,197,17,32,212,49,0.10365283390251845,0.11368854797056926,0.010035714068050816,0.010035714068050816,AWAY_FROM_REFERENCE,0.04551920341394026,MINOR,1,230,,,c6c665c6aa1e885dd09616ebde1dfa3ef90843bb857d35320ce55658bd60a6ca,0.2962435918128704,0.2309373070888664,0.59375,-15,True,416
SB4371,Prostatism,"male gonadal, ductal, accessory-gland, and reproductive-output structure","altered configuration or regulated output of the named structure, expressed as the state described by prostatism",remaining_5256,49c051c9caf3b4a59a7c4cebb27a7bb6b6577e9eeb1fc0fc8f08c362dcc3f5c0,190,87,7,8,88,15,0.13772042783803462,0.1443753088205939,0.006654880982559286,0.006654880982559286,AWAY_FROM_REFERENCE,0.042105263157894736,MINOR,1,223,,,a9411eee40c0ae21f68ce6c98825bd1756ec0b9c8544f2559dc7c28159fabb0a,0.29613893677121106,0.23252461801367208,0.5859375,-1,True,417
SB4433,Pulmonary eosinophilia,"pulmonary airway-alveolar, pleural, and gas-exchange structure","altered configuration or regulated output of the named structure, expressed as the state described by pulmonary eosinophilia",remaining_5256,6c1159aab81b3995ab4224d6371fdf5a457d752bbc8f875c707ff7ef84ae6fe7,36,16,2,1,15,3,0.1861935516933535,0.18752160987938316,0.001328058186029657,0.001328058186029657,AWAY_FROM_REFERENCE,0.027777777777777776,MINOR,1,231,,,cd526018117cb57351efec73303dfe7aafc6c46d2ef00b1b58a3a99e07aeeb75,0.29608220896273313,0.23074049873504043,0.59375,1,True,418
SB0118,Acute diarrhea,intestinal epithelial fluid-transport and enteric-motility structure,excess or abnormal fluid/material outflow from the named structure,established_478,ab2baa9196e18c4cc53016c4426a935dcbad74b98e1cdc37872621baa5ef5c35,120,50,4,4,50,8,0.13860366559093262,0.15145558038656826,0.012851914795635633,0.012851914795635633,AWAY_FROM_REFERENCE,0.03333333333333333,MINOR,1,194,,,e04f192616ae114d06293d4c6ddf5d227902d14dea933395a64c9f9c7e4d9136,0.2959395063546678,0.23228141018861925,0.5859375,0,True,419
SB2134,Functional gastrointestinal disorder,"intestinal mucosal barrier, smooth-muscle motility, and luminal transport structure",departure from the reference structural configuration or regulated functional range,remaining_5256,757db2181c527304568a12b930eb036bff6cd38f4180880b6115bdf9345dd097,276,90,2,21,109,23,0.1187526621630447,0.12746155716091212,0.008708894997867422,0.008708894997867422,AWAY_FROM_REFERENCE,0.07608695652173914,MINOR,1,231,,,c8986ad095aac17aab05547c10e97bde5f97098f998a1cc5fe9cbbfd391c8abe,0.29584857958432353,0.23217052388332138,0.5859375,-19,True,420
SB2196,Gastrointestinal disorder,"intestinal mucosal barrier, smooth-muscle motility, and luminal transport structure",departure from the reference structural configuration or regulated functional range,remaining_5256,757db2181c527304568a12b930eb036bff6cd38f4180880b6115bdf9345dd097,276,90,2,21,109,23,0.1187526621630447,0.12746155716091212,0.008708894997867422,0.008708894997867422,AWAY_FROM_REFERENCE,0.07608695652173914,MINOR,1,231,,,f8b859b7b48ff2268311238de73652f03076b344c9f5d8e15075c447e1be6ad2,0.29584857958432353,0.23217052388332138,0.5859375,-19,True,421
SB2206,Gastrointestinal motility disorder,"intestinal mucosal barrier, smooth-muscle motility, and luminal transport structure",departure from the reference structural configuration or regulated functional range,remaining_5256,757db2181c527304568a12b930eb036bff6cd38f4180880b6115bdf9345dd097,276,90,2,21,109,23,0.1187526621630447,0.12746155716091212,0.008708894997867422,0.008708894997867422,AWAY_FROM_REFERENCE,0.07608695652173914,MINOR,1,231,,,ee5136a3a7d6c6304a89686665ce836f2bbd6a387299b632803cc2d85495acf7,0.29584857958432353,0.23217052388332138,0.5859375,-19,True,422
SB2213,Gastrointestinal sounds abnormal,"intestinal mucosal barrier, smooth-muscle motility, and luminal transport structure",departure from the reference structural configuration or regulated functional range,remaining_5256,757db2181c527304568a12b930eb036bff6cd38f4180880b6115bdf9345dd097,276,90,2,21,109,23,0.1187526621630447,0.12746155716091212,0.008708894997867422,0.008708894997867422,AWAY_FROM_REFERENCE,0.07608695652173914,MINOR,1,231,,,a6b8d9bca29a3480a468dc731e1364d3cfc56af58d629c0b9da6cf237bfbfcc4,0.29584857958432353,0.23217052388332138,0.5859375,-19,True,423
SB2217,Gastrointestinal toxicity,"intestinal mucosal barrier, smooth-muscle motility, and luminal transport structure",departure from the reference structural configuration or regulated functional range,remaining_5256,757db2181c527304568a12b930eb036bff6cd38f4180880b6115bdf9345dd097,276,90,2,21,109,23,0.1187526621630447,0.12746155716091212,0.008708894997867422,0.008708894997867422,AWAY_FROM_REFERENCE,0.07608695652173914,MINOR,1,231,,,c99b06dcde0bfb97333293d7980690bedd1d3702ff1bc5f2cb684b8abcf16c70,0.29584857958432353,0.23217052388332138,0.5859375,-19,True,424
SB2920,Intestinal functional disorder,"intestinal mucosal barrier, smooth-muscle motility, and luminal transport structure",departure from the reference structural configuration or regulated functional range,remaining_5256,757db2181c527304568a12b930eb036bff6cd38f4180880b6115bdf9345dd097,276,90,2,21,109,23,0.1187526621630447,0.12746155716091212,0.008708894997867422,0.008708894997867422,AWAY_FROM_REFERENCE,0.07608695652173914,MINOR,1,231,,,9bee7b5378bf1f44cbdf7523722699b1f386c8fd70e70b51818c4d46e985cc81,0.29584857958432353,0.23217052388332138,0.5859375,-19,True,425
SB2961,Irritable bowel syndrome,"intestinal mucosal barrier, smooth-muscle motility, and luminal transport structure",departure from the reference structural configuration or regulated functional range,remaining_5256,757db2181c527304568a12b930eb036bff6cd38f4180880b6115bdf9345dd097,276,90,2,21,109,23,0.1187526621630447,0.12746155716091212,0.008708894997867422,0.008708894997867422,AWAY_FROM_REFERENCE,0.07608695652173914,MINOR,1,231,,,c08e85c58fc12246b1cba01d74293a03c3aedf2363799192740a5129fe984787,0.29584857958432353,0.23217052388332138,0.5859375,-19,True,426
SB1873,Erosive oesophagitis,"oesophageal mucosal, peristaltic, and sphincter-control structure","localized inflammatory activation with cellular infiltration, vascular change, and tissue-function perturbation",remaining_5256,03178228fc9adc01c13af193586b840d6cd4ab4e74f954882bd38db7cd556a5d,28,10,5,0,5,5,0.12389896841366654,0.1364522926072671,0.012553324193600557,0.012553324193600557,AWAY_FROM_REFERENCE,0.0,INFORMATIONAL,0,231,,,d17fa005e9fe89c860f66a0c16b8658e5d589acdf288eac36324d2836b48f249,0.295757076602294,0.2286290568320659,0.6015625,5,True,427
SB2224,Gastrooesophagitis,"oesophageal mucosal, peristaltic, and sphincter-control structure","localized inflammatory activation with cellular infiltration, vascular change, and tissue-function perturbation",remaining_5256,03178228fc9adc01c13af193586b840d6cd4ab4e74f954882bd38db7cd556a5d,28,10,5,0,5,5,0.12389896841366654,0.1364522926072671,0.012553324193600557,0.012553324193600557,AWAY_FROM_REFERENCE,0.0,INFORMATIONAL,0,231,,,9c2c14e232aac29d2de35bb3f5236ce3e0810dafbde832304afb68e37e3313d8,0.295757076602294,0.2286290568320659,0.6015625,5,True,428
SB3759,Oesophagitis,"oesophageal mucosal, peristaltic, and sphincter-control structure","localized inflammatory activation with cellular infiltration, vascular change, and tissue-function perturbation",remaining_5256,03178228fc9adc01c13af193586b840d6cd4ab4e74f954882bd38db7cd556a5d,28,10,5,0,5,5,0.12389896841366654,0.1364522926072671,0.012553324193600557,0.012553324193600557,AWAY_FROM_REFERENCE,0.0,INFORMATIONAL,0,231,,,bb793750263da77c3a34fb695caca3e8c151dd4d7add4b795d14df4ae003debf,0.295757076602294,0.2286290568320659,0.6015625,5,True,429
SB3760,Oesophagitis ulcerative,"oesophageal mucosal, peristaltic, and sphincter-control structure","localized inflammatory activation with cellular infiltration, vascular change, and tissue-function perturbation",remaining_5256,03178228fc9adc01c13af193586b840d6cd4ab4e74f954882bd38db7cd556a5d,28,10,5,0,5,5,0.12389896841366654,0.1364522926072671,0.012553324193600557,0.012553324193600557,AWAY_FROM_REFERENCE,0.0,INFORMATIONAL,0,231,,,af5f53fb681b99003d1d042ca75be706055835b8ad6be938c5671b46d0f7f0ab,0.295757076602294,0.2286290568320659,0.6015625,5,True,430
SB4495,Radiation oesophagitis,"oesophageal mucosal, peristaltic, and sphincter-control structure","localized inflammatory activation with cellular infiltration, vascular change, and tissue-function perturbation",remaining_5256,03178228fc9adc01c13af193586b840d6cd4ab4e74f954882bd38db7cd556a5d,28,10,5,0,5,5,0.12389896841366654,0.1364522926072671,0.012553324193600557,0.012553324193600557,AWAY_FROM_REFERENCE,0.0,INFORMATIONAL,0,231,,,7df673b2360f3d6bc0a10574d537815a66fe4ce1913c9f1705ef69cbb8ced448,0.295757076602294,0.2286290568320659,0.6015625,5,True,431
SB0824,Breast discharge,"mammary gland ductal-lobular, secretory, and surface structure",abnormal increase or ectopic release of secreted material,remaining_5256,806d01ce0d4e47f1ecf9f5764c394801bbee2b527b7486fc27be898179a4e1a2,231,108,7,16,117,23,0.1727513715942659,0.18120028609312455,0.00844891449885865,0.00844891449885865,AWAY_FROM_REFERENCE,0.06926406926406926,MINOR,1,223,,,ae982debeea6a81ce56f4cf5f1f313ff5df27db5bbbde9416d4762766961fb85,0.2957281516456545,0.22173402639713968,0.6328125,-9,True,432
SB3007,Keratopathy,corneal epithelial-stromal optical and barrier structure,structural-functional tissue disorder with impaired normal operation of the named structure,remaining_5256,550df9221dcc102e3d990be2ac16429eebe8f395a134f776b1ee235a27eec2c4,190,78,4,10,84,14,0.16416669361265535,0.17408406927925069,0.00991737566659534,0.00991737566659534,AWAY_FROM_REFERENCE,0.05263157894736842,MINOR,1,230,,,521eab4be1c1b5749172e23b14ba1da0772ab7ed92882060e402faaa52b57072,0.2957047136952323,0.22170544353077115,0.6328125,-6,True,433
SB5093,Superficial punctate keratopathy,corneal epithelial-stromal optical and barrier structure,structural-functional tissue disorder with impaired normal operation of the named structure,remaining_5256,550df9221dcc102e3d990be2ac16429eebe8f395a134f776b1ee235a27eec2c4,190,78,4,10,84,14,0.16416669361265535,0.17408406927925069,0.00991737566659534,0.00991737566659534,AWAY_FROM_REFERENCE,0.05263157894736842,MINOR,1,230,,,dcfb2ba93354ca745df30977dbd80022441a79eeaca29320d811cd0eb3be8d0e,0.2957047136952323,0.22170544353077115,0.6328125,-6,True,434
SB0714,Blood lactate dehydrogenase increased,"female reproductive, gestational, placental, and reproductive-output structure",measured or functional quantity shifted above its reference structural range,remaining_5256,26fa39de81fb2e1ec3f32167ec7ee689e1be0badc9253be4f23c1dbe0e29975f,3,1,1,0,0,1,0.13410884329483141,0.1365289450975966,0.0024201018027651955,0.0024201018027651955,AWAY_FROM_REFERENCE,0.0,INFORMATIONAL,0,38,,,0816000a3dc6cf880972ed03dd6122015f2856d5c1be845d5da20ce025adbda2,0.29570334835404355,0.21998883945615066,0.640625,1,True,435
SB3045,Lactate increased,"female reproductive, gestational, placental, and reproductive-output structure",measured or functional quantity shifted above its reference structural range,remaining_5256,26fa39de81fb2e1ec3f32167ec7ee689e1be0badc9253be4f23c1dbe0e29975f,3,1,1,0,0,1,0.13410884329483141,0.1365289450975966,0.0024201018027651955,0.0024201018027651955,AWAY_FROM_REFERENCE,0.0,INFORMATIONAL,0,38,,,a0dd5f323c344555a8c4a65ad28587873c9cb9b86dd7903922325842a2ef3e06,0.29570334835404355,0.21998883945615066,0.640625,1,True,436
SB0934,Carbon dioxide decreased,pulmonary gas-exchange and extracellular acid-base transport structure,measured or functional quantity shifted below its reference structural range,remaining_5256,c66b22946f63ee0652f121e35c8546fe1ab0d0ce7ba59071fb6b9d3ba5233d84,406,166,19,13,160,32,0.14513115012144528,0.15213496174976737,0.0070038116283220875,0.0070038116283220875,AWAY_FROM_REFERENCE,0.03201970443349754,MINOR,1,231,,,999205ee2fac1bf637c589fd9c5a8f0dc12b4fcb392ab87320b20a492c93a62d,0.2956714541679877,0.21994994410730206,0.640625,6,True,437
SB2366,Haemoglobin,"erythrocyte production, integrity, and oxygen-transport structure","altered configuration or regulated output of the named structure, expressed as the state described by haemoglobin",remaining_5256,6f0a96b434bcbb8b89245997dd1654ddab0e3feb360d95cbcb12c2ea2f6098c9,15,11,0,2,13,2,0.1327913451549163,0.1387295420666299,0.0059381969117136,0.0059381969117136,AWAY_FROM_REFERENCE,0.13333333333333333,MINOR,1,174,,,f7f5d280872d9e95369ba65ee132c62c5fe8a2f469a9ce0bd71178a470a3ab80,0.2955017457405874,0.22831767773242373,0.6015625,-2,True,438
SB5484,Uterine perforation,"female reproductive, gestational, placental, and reproductive-output structure","altered configuration or regulated output of the named structure, expressed as the state described by uterine perforation",remaining_5256,2f36b14cd76674b998880ea41e76339a0d642465931d8dd9a1c8583cf0216848,3,0,0,1,1,1,0.12829842163989813,0.132777308371119,0.004478886731220877,0.004478886731220877,AWAY_FROM_REFERENCE,0.3333333333333333,MODERATE,2,38,,,176f983292d254626d1627e78cb5bd057bfee75383d3dcb1cfb1d2b11011c892,0.295477297102984,0.22314304524754147,0.625,-1,True,439
SB3475,Myasthenia,whole-organism substrate utilization and cellular energy-production structure,"altered configuration or regulated output of the named structure, expressed as the state described by myasthenia",remaining_5256,49065890aaa21397aa123128e444bd5bea7abceb949e116634f5c31333e10a98,78,30,2,5,33,7,0.10653633832251996,0.11034985448284218,0.0038135161603222167,0.0038135161603222167,AWAY_FROM_REFERENCE,0.0641025641025641,MINOR,1,223,,,7e42800d0e1eeb77b851e43b9afc7d2248fdc0f39db92fbef49f29620c8b6a1f,0.2954624959681733,0.23341462922947964,0.578125,-3,True,440
SB1870,Erection increased,"male gonadal, ductal, accessory-gland, and reproductive-output structure",measured or functional quantity shifted above its reference structural range,remaining_5256,b99fa9b28f477b67c44929b1801d8a89c58ed6aa682d6fff0f6c1f152b7b0ae2,190,82,7,9,84,16,0.14789351556309482,0.1527023883798454,0.004808872816750576,0.004808872816750576,AWAY_FROM_REFERENCE,0.04736842105263158,MINOR,1,223,,,eb791bb9693cee3a97dc46bffbc3b2406eb7810d09b47035622cd4e40cf60ebb,0.29541781589662264,0.22993026328856425,0.59375,-2,True,441
SB2123,Free prostate-specific antigen increased,"male gonadal, ductal, accessory-gland, and reproductive-output structure",measured or functional quantity shifted above its reference structural range,remaining_5256,b99fa9b28f477b67c44929b1801d8a89c58ed6aa682d6fff0f6c1f152b7b0ae2,190,82,7,9,84,16,0.14789351556309482,0.1527023883798454,0.004808872816750576,0.004808872816750576,AWAY_FROM_REFERENCE,0.04736842105263158,MINOR,1,223,,,6b204a6ac58c806495c38a868b70d5ce736f761c9734f024d22aaf93680d455c,0.29541781589662264,0.22993026328856425,0.59375,-2,True,442
SB4370,Prostatic specific antigen increased,"male gonadal, ductal, accessory-gland, and reproductive-output structure",measured or functional quantity shifted above its reference structural range,remaining_5256,b99fa9b28f477b67c44929b1801d8a89c58ed6aa682d6fff0f6c1f152b7b0ae2,190,82,7,9,84,16,0.14789351556309482,0.1527023883798454,0.004808872816750576,0.004808872816750576,AWAY_FROM_REFERENCE,0.04736842105263158,MINOR,1,223,,,6f9093094905953001e992ab6f7736381e224820f7a6501a925d0bb059bdee61,0.29541781589662264,0.22993026328856425,0.59375,-2,True,443
SB3035,Lack of spontaneous speech,dominant-hemisphere language-processing and speech-planning network,"altered configuration or regulated output of the named structure, expressed as the state described by lack of spontaneous speech",remaining_5256,3b255f4dd481299bd4aa1a4d7562cf76d128231c77a64824f47666545091a5d0,231,87,2,11,96,13,0.15024886482652056,0.1684069471510703,0.01815808232454974,0.01815808232454974,AWAY_FROM_REFERENCE,0.047619047619047616,MINOR,1,230,230,230,f83479e016fe33c5582c7edcac1243f6238db83fda219a06873f237fd17a027b,0.2953242757683915,0.2281012509370628,0.6015625,-9,True,444
SB1847,Epidermolysis,"cutaneous epidermal-dermal barrier, appendage, vascular, and immune structure",loss of adhesion between epidermal layers causing mechanical separation and blistering,remaining_5256,03f4cdf7d50b5bec6c0fa279ef4e2f65a4204e2776859df8a2167994713be234,300,117,17,10,110,27,0.17166386075434448,0.1716339738435888,-2.988691075567207e-05,2.988691075567207e-05,TOWARD_REFERENCE,0.03333333333333333,MINOR,1,231,,,3d6c390e2f2bd2880488e4eade6ffe63ab2732caddf3a1185c4898f23e61c04f,0.2952699703953128,0.21946032975038143,0.640625,7,True,445
SB1848,Epidermolysis bullosa,"cutaneous epidermal-dermal barrier, appendage, vascular, and immune structure",loss of adhesion between epidermal layers causing mechanical separation and blistering,remaining_5256,03f4cdf7d50b5bec6c0fa279ef4e2f65a4204e2776859df8a2167994713be234,300,117,17,10,110,27,0.17166386075434448,0.1716339738435888,-2.988691075567207e-05,2.988691075567207e-05,TOWARD_REFERENCE,0.03333333333333333,MINOR,1,231,,,5131870b7fed9f45330aaad3e2a5a033468fb127cfa5ccc19fea5e4c5fdbef16,0.2952699703953128,0.21946032975038143,0.640625,7,True,446
SB0046,Abnormal pigmentation,melanocyte melanin-production and epidermal-pigment structure,departure from the reference structural configuration or regulated functional range,established_478,b42e43cb837eacd6f3b4e7544e3d479efcbc682fd75d70d3d694913e1923b8d4,351,92,6,26,112,32,0.14086835390120256,0.15632711214849226,0.015458758247289706,0.015458758247289706,AWAY_FROM_REFERENCE,0.07407407407407407,MINOR,1,230,,,5ec354fe46a06f31e3f1b8a15f893ec6243a99f0ef462e4fcf3ba238580839bc,0.29521668868704587,0.22111029108176328,0.6328125,-20,True,447
SB3743,Oesophageal carcinoma,"oesophageal mucosal, peristaltic, and sphincter-control structure",loss of normal proliferative/differentiation constraint with clonal tissue expansion and architectural replacement,remaining_5256,4455b6c6fcc9d3a4988afab5acbe668c57e2721b29f3ce3a095a8fcb9aeefcee,28,9,3,0,6,3,0.12571158579343078,0.13438495633789183,0.008673370544461045,0.008673370544461045,AWAY_FROM_REFERENCE,0.0,INFORMATIONAL,0,231,,,c8ebbfa4447d95eabb16cd9b30553b7b540afe8562fb748841caa3bc328933e2,0.29517683227189173,0.22792144179498997,0.6015625,3,True,448
SB5469,Uterine contractions,"female reproductive, gestational, placental, and reproductive-output structure","altered configuration or regulated output of the named structure, expressed as the state described by uterine contractions",remaining_5256,89da2c13a7220f9f456ae7c5fe910ee7d4fa095b2624385fa8a7ea4cf8e489a0,3,0,0,1,1,1,0.129227284230229,0.1349583192086481,0.005731034978419092,0.005731034978419092,AWAY_FROM_REFERENCE,0.3333333333333333,MODERATE,2,38,,,08ba67cac8e5894ef26b753523741adc5f99d9d7cdb808160a74508b19353968,0.2951570648505676,0.2244674571348385,0.6171875,-1,True,449
SB4363,Prostate induration,"male gonadal, ductal, accessory-gland, and reproductive-output structure","altered configuration or regulated output of the named structure, expressed as the state described by prostate induration",remaining_5256,ddf873b4f991791f53c876343677cee1e75cbc0387008b542030498d37c01c61,190,90,9,7,88,16,0.1382521242502891,0.14456938110839146,0.00631725685810236,0.00631725685810236,AWAY_FROM_REFERENCE,0.03684210526315789,MINOR,1,223,,,c59e4305d6844d328deafdeb5ebac4d49222d2e7691b4f52260926543f6600f0,0.29511320128211604,0.23127372107575128,0.5859375,2,True,450
SB0041,Abnormal ejaculation,male reproductive autonomic ejaculatory structure,departure from the reference structural configuration or regulated functional range,established_478,c9142dda484140c4e527dae1ad7832cf364ca930790684ff3a3d004225ad3e86,1378,575,37,50,588,87,0.17758467016919344,0.18157436868368637,0.003989698514492934,0.003989698514492934,AWAY_FROM_REFERENCE,0.036284470246734396,MINOR,1,223,,,96c455a03a2ade6442aca32730e1a01e7a852d79a9a701e674e80a73d7791858,0.29510712332929345,0.22783643088938232,0.6015625,-13,True,451
SB2564,Hydrothorax,"pleural membrane, pleural-space, and thoracic mechanical structure","altered configuration or regulated output of the named structure, expressed as the state described by hydrothorax",remaining_5256,7494cc74a112a587da7525bbccf52d8d07f6ab422ba3fa0f6875136483408480,36,19,1,0,18,1,0.16643275194220275,0.16594407133456224,-0.0004886806076405126,0.0004886806076405126,TOWARD_REFERENCE,0.0,INFORMATIONAL,0,197,,,7ee0289df4734ed761532c646352d6aeaf4f005eec66de70560844c718846a16,0.29505715154962364,0.22091573359710204,0.6328125,1,True,452
SB5476,Uterine fibroids enlarged,"female reproductive, gestational, placental, and reproductive-output structure","altered configuration or regulated output of the named structure, expressed as the state described by uterine fibroids enlarged",remaining_5256,47a9a3c4cf6180477cfc24743026e901a4ede8a46610bc2c0ded0c83698bdd74,3,0,0,1,1,1,0.12806072371880917,0.1327159205111056,0.004655196792296423,0.004655196792296423,AWAY_FROM_REFERENCE,0.3333333333333333,MODERATE,2,38,,,52d25ba770a2034f94b952012fdb4631aa9306323761419367d682315369f5d7,0.2949977520331474,0.2259881122355456,0.609375,-1,True,453
SB3997,Parotid gland enlargement,salivary-gland secretory and ductal-delivery structure,increase in tissue mass or cellular content beyond the reference configuration,remaining_5256,ee823ba5839ceeb4fd835b8748ee0388d4fddba914be65b04b4cfadfa6c760ce,120,68,9,10,69,19,0.19800350604605488,0.2000988031769233,0.002095297130868423,0.002095297130868423,AWAY_FROM_REFERENCE,0.08333333333333333,MINOR,1,231,,,8617f1466702f8656127805a07de051d21ee0e2f04cf4059984166f968fed377,0.29496126694055363,0.2310884352933581,0.5859375,-1,True,454
SB0569,Balance disorder,vestibular sensory-transduction and balance-control structure,vestibular-sensory mismatch producing unstable spatial-orientation output,remaining_5256,27223a4e3eff8700365d3cab39930448284d51966f09cde42e13ac03f1d9c32d,15,5,2,0,3,2,0.18213579653857825,0.18924734156406187,0.007111545025483612,0.007111545025483612,AWAY_FROM_REFERENCE,0.0,INFORMATIONAL,0,198,,,b9b25a79841b05a1729d849fb9158ce0e384bfd07142c3f957f55e9a4654ee7b,0.2949577777404877,0.22593936309815577,0.609375,2,True,455
SB5590,Vertigo,vestibular sensory-transduction and balance-control structure,vestibular-sensory mismatch producing unstable spatial-orientation output,remaining_5256,27223a4e3eff8700365d3cab39930448284d51966f09cde42e13ac03f1d9c32d,15,5,2,0,3,2,0.18213579653857825,0.18924734156406187,0.007111545025483612,0.007111545025483612,AWAY_FROM_REFERENCE,0.0,INFORMATIONAL,0,198,,,71e9c48e670a99336453bb9473f2efbdf7dac340395990536b3b15e6fc6c807f,0.2949577777404877,0.22593936309815577,0.609375,2,True,456
SB5591,Vertigo CNS origin,vestibular sensory-transduction and balance-control structure,vestibular-sensory mismatch producing unstable spatial-orientation output,remaining_5256,27223a4e3eff8700365d3cab39930448284d51966f09cde42e13ac03f1d9c32d,15,5,2,0,3,2,0.18213579653857825,0.18924734156406187,0.007111545025483612,0.007111545025483612,AWAY_FROM_REFERENCE,0.0,INFORMATIONAL,0,198,,,ba24e1f964dbbfd862282ec983f41c4303d32d52a062177d659e878b07cda1be,0.2949577777404877,0.22593936309815577,0.609375,2,True,457
SB5592,Vertigo positional,vestibular sensory-transduction and balance-control structure,vestibular-sensory mismatch producing unstable spatial-orientation output,remaining_5256,27223a4e3eff8700365d3cab39930448284d51966f09cde42e13ac03f1d9c32d,15,5,2,0,3,2,0.18213579653857825,0.18924734156406187,0.007111545025483612,0.007111545025483612,AWAY_FROM_REFERENCE,0.0,INFORMATIONAL,0,198,,,1045647ad9caf074028b105f7c36830796960177d53b1dfe6166748e35d1e892,0.2949577777404877,0.22593936309815577,0.609375,2,True,458
SB3806,Oral mucosal petechiae,vascular wall and hemostatic integrity structure,"altered configuration or regulated output of the named structure, expressed as the state described by oral mucosal petechiae",remaining_5256,4e530db98170a90d1be57c9509cc6ffccb44d97feea71182802b10353980d723,325,199,7,9,201,16,0.18527962236783602,0.18978527023741576,0.004505647869579743,0.004505647869579743,AWAY_FROM_REFERENCE,0.027692307692307693,MINOR,1,210,,,edaad05cd1eb22308b972d154564dac5972fb82756d985782cd2006fa0ad5c25,0.2947414455801599,0.2239606043660487,0.6171875,-2,True,459
SB2533,High frequency deafness,cochlear-mechanical and auditory-neural transduction structure,measured or functional quantity shifted above its reference structural range,remaining_5256,2ae0b5339894946ccb2ef7bf3a1aa019a8a2a8ec1cdd385ade4e59c27fc469bf,276,77,11,13,79,24,0.14559857945926225,0.14994085496847753,0.004342275509215288,0.004342275509215288,AWAY_FROM_REFERENCE,0.04710144927536232,MINOR,1,230,,,3c55e70cba7e6c6426b25012edb650246fdcaefa97e6298358bd27da88c0900a,0.29441376770944305,0.23385063135297934,0.5703125,-2,True,460
SB0528,Auditory disorder NOS,cochlear-mechanical and auditory-neural transduction structure,departure from the reference structural configuration or regulated functional range,remaining_5256,5a871c63e2eff06c4b428a8fa86c699363662a629a7d91dfb86a9e4ccb4154fd,276,65,10,15,70,25,0.14482882233855876,0.15135255955729954,0.006523737218740777,0.006523737218740777,AWAY_FROM_REFERENCE,0.05434782608695652,MINOR,1,230,,,c4e918199360443bfd9ee8c4499d5e67131a428ee8198f61562309abc0d163af,0.29436643627989384,0.2286480930242608,0.59375,-5,True,461
SB1196,Cochlear toxicity,cochlear-mechanical and auditory-neural transduction structure,departure from the reference structural configuration or regulated functional range,remaining_5256,5a871c63e2eff06c4b428a8fa86c699363662a629a7d91dfb86a9e4ccb4154fd,276,65,10,15,70,25,0.14482882233855876,0.15135255955729954,0.006523737218740777,0.006523737218740777,AWAY_FROM_REFERENCE,0.05434782608695652,MINOR,1,230,,,126f3ad10d3e0853fc8f2f0329c059e5760c0edba2911b1c6d1909c759bd0a9b,0.29436643627989384,0.2286480930242608,0.59375,-5,True,462
SB1701,Ear disorder,cochlear-mechanical and auditory-neural transduction structure,departure from the reference structural configuration or regulated functional range,remaining_5256,5a871c63e2eff06c4b428a8fa86c699363662a629a7d91dfb86a9e4ccb4154fd,276,65,10,15,70,25,0.14482882233855876,0.15135255955729954,0.006523737218740777,0.006523737218740777,AWAY_FROM_REFERENCE,0.05434782608695652,MINOR,1,230,,,735a20f395a599b47074bce452611513e2f410834e280da218a954e615fea05f,0.29436643627989384,0.2286480930242608,0.59375,-5,True,463
SB1931,External ear disorder,cochlear-mechanical and auditory-neural transduction structure,departure from the reference structural configuration or regulated functional range,remaining_5256,5a871c63e2eff06c4b428a8fa86c699363662a629a7d91dfb86a9e4ccb4154fd,276,65,10,15,70,25,0.14482882233855876,0.15135255955729954,0.006523737218740777,0.006523737218740777,AWAY_FROM_REFERENCE,0.05434782608695652,MINOR,1,230,,,e4660350de9cd3bb3dec125c9430c28aa5f9741a0d8a0d3def14eef675f2c16b,0.29436643627989384,0.2286480930242608,0.59375,-5,True,464
SB2885,Inner ear disorder,cochlear-mechanical and auditory-neural transduction structure,departure from the reference structural configuration or regulated functional range,remaining_5256,5a871c63e2eff06c4b428a8fa86c699363662a629a7d91dfb86a9e4ccb4154fd,276,65,10,15,70,25,0.14482882233855876,0.15135255955729954,0.006523737218740777,0.006523737218740777,AWAY_FROM_REFERENCE,0.05434782608695652,MINOR,1,230,,,7f268b33d08f66234eef9131ba94f86b1a25da81ea90698add9a64472cb0ee58,0.29436643627989384,0.2286480930242608,0.59375,-5,True,465
SB2923,Intestinal infarction,"intestinal mucosal barrier, smooth-muscle motility, and luminal transport structure",sustained perfusion failure with loss of local tissue viability,remaining_5256,dc1179f0fbc49ab8e1ad6dc5a17cec19b894b54819200e30e69f5edba52c02a7,276,95,4,18,109,22,0.1260949647695827,0.13356986304320195,0.007474898273619246,0.007474898273619246,AWAY_FROM_REFERENCE,0.06521739130434782,MINOR,1,231,,,6d3c3ae97b5f57f8ec51e49cda057bb05d68ed885d21040b38e21aa0009d422c,0.29436143748156196,0.2234971798555634,0.6171875,-14,True,466
SB0593,Benign vaginal neoplasm,"female reproductive, gestational, placental, and reproductive-output structure",loss of normal proliferative/differentiation constraint with clonal tissue expansion and architectural replacement,remaining_5256,d3fbb80b63c164ffb32b911ba4a467002f458aa3c6f89ac6d83861150ba24123,3,0,0,1,1,1,0.13334571844547927,0.13617613423648256,0.0028304157910032934,0.0028304157910032934,AWAY_FROM_REFERENCE,0.3333333333333333,MODERATE,2,38,,,2697bb6e202838a1bb3c4bec44468a5262617bf961eb83c069dbb34a38f1c05c,0.29433480014152047,0.2200348172457567,0.6328125,-1,True,467
SB4726,Sarcoma uterus,"female reproductive, gestational, placental, and reproductive-output structure",loss of normal proliferative/differentiation constraint with clonal tissue expansion and architectural replacement,remaining_5256,d3fbb80b63c164ffb32b911ba4a467002f458aa3c6f89ac6d83861150ba24123,3,0,0,1,1,1,0.13334571844547927,0.13617613423648256,0.0028304157910032934,0.0028304157910032934,AWAY_FROM_REFERENCE,0.3333333333333333,MODERATE,2,38,,,19cd03161d1d3b88eb8e2686702d3b90537527ee60e7059a245d7c809bcbd295,0.29433480014152047,0.2200348172457567,0.6328125,-1,True,468
SB5466,Uterine cancer,"female reproductive, gestational, placental, and reproductive-output structure",loss of normal proliferative/differentiation constraint with clonal tissue expansion and architectural replacement,remaining_5256,d3fbb80b63c164ffb32b911ba4a467002f458aa3c6f89ac6d83861150ba24123,3,0,0,1,1,1,0.13334571844547927,0.13617613423648256,0.0028304157910032934,0.0028304157910032934,AWAY_FROM_REFERENCE,0.3333333333333333,MODERATE,2,38,,,e3e2736b69afdcc6fce4c21d2afe6a62242dca801000fc27a1586550bbcc544c,0.29433480014152047,0.2200348172457567,0.6328125,-1,True,469
SB5482,Uterine neoplasm,"female reproductive, gestational, placental, and reproductive-output structure",loss of normal proliferative/differentiation constraint with clonal tissue expansion and architectural replacement,remaining_5256,d3fbb80b63c164ffb32b911ba4a467002f458aa3c6f89ac6d83861150ba24123,3,0,0,1,1,1,0.13334571844547927,0.13617613423648256,0.0028304157910032934,0.0028304157910032934,AWAY_FROM_REFERENCE,0.3333333333333333,MODERATE,2,38,,,729bb4a8da61bc5814e2a1d7edbcf1e6f8a7f27c6f57db73473d629f53af7120,0.29433480014152047,0.2200348172457567,0.6328125,-1,True,470
SB5510,Vaginal neoplasm,"female reproductive, gestational, placental, and reproductive-output structure",loss of normal proliferative/differentiation constraint with clonal tissue expansion and architectural replacement,remaining_5256,d3fbb80b63c164ffb32b911ba4a467002f458aa3c6f89ac6d83861150ba24123,3,0,0,1,1,1,0.13334571844547927,0.13617613423648256,0.0028304157910032934,0.0028304157910032934,AWAY_FROM_REFERENCE,0.3333333333333333,MODERATE,2,38,,,23e7bc3cd820c45c0c4d0118f3695d5e9ca5c9cd23f9ffab1f881929a1b5473c,0.29433480014152047,0.2200348172457567,0.6328125,-1,True,471
SB0219,Alcohol intoxication,central neural ethanol-response structure,chemical burden exceeding or altering the reference exposure-clearance state,established_478,af19bdd6d2a7196d2fbccdeb5e7324cf364bea9367fa3b08a33d156cbaf05c8f,36,17,2,1,16,3,0.23340598917584043,0.23536145491158744,0.0019554657357470084,0.0019554657357470084,AWAY_FROM_REFERENCE,0.027777777777777776,MINOR,1,231,,,cf98deb62267c8453a044f7c4aef11d2f68794c0c298644dfc6c2f52768bc135,0.2942753999767108,0.22167731704476934,0.625,1,True,472
SB0401,Application site erythema,local cutaneous inflammatory and microvascular structure,increased superficial vascular perfusion producing localized tissue redness,established_478,14694ff7ed8201dbfe6d18293369e20189e007b96f2a9d372b78cb0355e3533f,171,79,10,8,77,18,0.19869240911107533,0.20038562652058423,0.0016932174095088959,0.0016932174095088959,AWAY_FROM_REFERENCE,0.04678362573099415,MINOR,1,231,,,53dfec93f21a80359849e22120af8e7c4ec95c308383eff42c26275deffeabc5,0.29425212893951075,0.22850869382867167,0.59375,2,True,473
SB2216,Gastrointestinal symptom NOS,"intestinal mucosal barrier, smooth-muscle motility, and luminal transport structure",observable sensory or functional output indicating departure from the reference structural state,remaining_5256,58310958cc997cd1c8590a6b4db9f8d2fe97dd4683ae91ee205cbdcb322a649a,276,96,5,20,111,25,0.120957859889545,0.1297359678721416,0.008778107982596595,0.008778107982596595,AWAY_FROM_REFERENCE,0.07246376811594203,MINOR,1,231,,,865e4a04787c4a89b440af9bed9275712bb8e2a9269f261fb54b057137ad2c95,0.29423558645558945,0.2336333371409628,0.5703125,-15,True,474
SB5399,Upper gastrointestinal symptoms,"intestinal mucosal barrier, smooth-muscle motility, and luminal transport structure",observable sensory or functional output indicating departure from the reference structural state,remaining_5256,58310958cc997cd1c8590a6b4db9f8d2fe97dd4683ae91ee205cbdcb322a649a,276,96,5,20,111,25,0.120957859889545,0.1297359678721416,0.008778107982596595,0.008778107982596595,AWAY_FROM_REFERENCE,0.07246376811594203,MINOR,1,231,,,b067866269ca2dc5d5023f6b9f46fa3019ffcdf1562275a7e074d7e06a1c6621,0.29423558645558945,0.2336333371409628,0.5703125,-15,True,475
SB5594,Vessel puncture site bruise,vascular wall and hemostatic integrity structure,"altered configuration or regulated output of the named structure, expressed as the state described by vessel puncture site bruise",remaining_5256,86ebe76c25ad284c42c010631c8683f696d76ffe64de05f37d6cf88f628bdc87,325,193,9,8,192,17,0.17550918234918456,0.1809034683732894,0.005394286024104855,0.005394286024104855,AWAY_FROM_REFERENCE,0.024615384615384615,MINOR,1,210,,,100bb0defcf324d7a05e9ce86feb5eac38de9e2b423827583ae2b2c42a17e264,0.2942074455952268,0.22502432389661808,0.609375,1,True,476
SB0892,Burning feeling vagina,"female reproductive, gestational, placental, and reproductive-output structure","altered configuration or regulated output of the named structure, expressed as the state described by burning feeling vagina",remaining_5256,aee7fa35d7017917ca3afcf3873b0ee24aa50b2d2b6b517ecdab0ee312832a4e,3,1,1,0,0,1,0.12912712578857277,0.13419627001161683,0.005069144223044053,0.005069144223044053,AWAY_FROM_REFERENCE,0.0,INFORMATIONAL,0,38,,,9ad0932b4e89590e2f87029091ae841d7e2d6dccdd094e2a1126b77361d6aa90,0.29415203070930224,0.22152686671866129,0.625,1,True,477
SB0340,Anterior spinal artery syndrome,anterior spinal-cord arterial perfusion and motor-tract structure,departure from the reference structural configuration or regulated functional range,established_478,7785c035f2d3ee0af3a5e13a5cc0b11a925073e7e03ac3c28d8915f372a97f5e,1596,537,54,67,550,121,0.1428939482237983,0.15249301195085962,0.009599063727061319,0.009599063727061319,AWAY_FROM_REFERENCE,0.041979949874686714,MINOR,1,186,,,7bd35bb11ae274514f7a8c6361a30b762fdfd693432e03decdb5479753c601a7,0.2940978980767437,0.22146085131310211,0.625,-13,True,478
SB0430,Application site warmth,local cutaneous inflammatory and microvascular structure,"altered configuration or regulated output of the named structure, expressed as the state described by application site warmth",established_478,92e74267c64d81e86da7d420fc40d458edf1407d2f8be00ffb925016cb402ae4,171,92,9,1,84,10,0.1968347379665355,0.19589135634968136,-0.0009433816168541442,0.0009433816168541442,TOWARD_REFERENCE,0.005847953216374269,MINOR,1,231,,,2c973636bcd53b1b76354832bc2f869155c47940985fc21e91759baaf6639016,0.29402861153959514,0.2299510506580429,0.5859375,8,True,479
SB4186,Platelet dysfunction,"platelet production, activation, adhesion, and aggregation structure",reduced or unstable functional output insufficient to maintain the reference structural state,remaining_5256,d2a915b88b4274306b51147de7495b77a18681922754797a8655cf385d953c8d,15,2,0,2,4,2,0.15859619729620644,0.16523693117662652,0.00664073388042008,0.00664073388042008,AWAY_FROM_REFERENCE,0.13333333333333333,MINOR,1,230,,,824bf78c895b06e8ecd4569d6e69db08afd6f0253b8150f37c4f1b66ea8ba73d,0.29400249462946915,0.22477438369447456,0.609375,-2,True,480
SB0103,Acute abdomen,"abdominal visceral inflammatory, perfusion, and sensory-transmission structure","altered configuration or regulated output of the named structure, expressed as the state described by abdomen",established_478,abebe3894d409a659a3bd37eef4b2b795eb4431324d9d9a3aef94f4ba951eee8,78,20,1,2,21,3,0.11974777995349373,0.13618554466024546,0.016437764706751734,0.016437764706751734,AWAY_FROM_REFERENCE,0.02564102564102564,MINOR,1,230,,,c5c2eafc61fb8413897629e2e6351a600bad2e9d142de88e9c3f92d288dafe10,0.2939936894471236,0.2264785846916142,0.6015625,-1,True,481
SB1739,Ejaculation inhibited,"male gonadal, ductal, accessory-gland, and reproductive-output structure","altered configuration or regulated output of the named structure, expressed as the state described by ejaculation inhibited",remaining_5256,6bb9b03f06d86b9dbaaceedaed3bcdec799d7e41c12b85a655e303476d0533ad,190,80,7,9,82,16,0.13196820141906662,0.13702329391464907,0.005055092495582447,0.005055092495582447,AWAY_FROM_REFERENCE,0.04736842105263158,MINOR,1,223,,,fd635a4dc55c2563f1f0bd28a537a1dff948e447ce040907ee04517137b854d2,0.29399103143231886,0.23162016028331567,0.578125,-2,True,482
SB1700,Ear discomfort,cochlear-mechanical and auditory-neural transduction structure,abnormal sensory-autonomic signaling indicating departure from the reference local functional state,remaining_5256,ff8aa7cfbcf991e7ffb647bb210d859851d616912d9692144d4a44208488b1b6,276,72,10,16,78,26,0.15260643421471465,0.15857336427795432,0.005966930063239673,0.005966930063239673,AWAY_FROM_REFERENCE,0.057971014492753624,MINOR,1,230,,,affd164fdc34fbf77222628c7ea66734db186a338c8df95399460ece082d5e82,0.29398965265546306,0.22990353982373546,0.5859375,-6,True,483
SB5095,Superinfection,innate-adaptive host-defense structure,"altered configuration or regulated output of the named structure, expressed as the state described by superinfection",remaining_5256,fb5c65719fabdb2814a8086d24ce71c6765ce6a1798de8942da9faa5021d9f9b,15,9,1,0,8,1,0.19033581532892618,0.19393240315495608,0.0035965878260298956,0.0035965878260298956,AWAY_FROM_REFERENCE,0.0,INFORMATIONAL,0,231,,,7ed92af5b0644980f5ad2e703136ff011c1076b706b9aac462aa2e36be2a355a,0.2939691640404799,0.2281636146835121,0.59375,1,True,484
SB3359,Microcytic,"erythrocyte production, integrity, and oxygen-transport structure","altered configuration or regulated output of the named structure, expressed as the state described by microcytic",remaining_5256,f14b3b4d98bdfb8131a3832455551e023e56024c93299b2aac39b1e969886ce0,15,11,0,2,13,2,0.13517209449827639,0.1416045815490674,0.006432487050791025,0.006432487050791025,AWAY_FROM_REFERENCE,0.13333333333333333,MINOR,1,174,,,a3d2845eeb3d7f9d55a58d36249d6914b5043b2b17d3726139c601cbbefc4d99,0.2938193216434606,0.22626594102861053,0.6015625,-2,True,485
SB1698,Ear canal erythema,cochlear-mechanical and auditory-neural transduction structure,increased superficial vascular perfusion producing localized tissue redness,remaining_5256,0087771ae986d82b61075fd8d92b8a3763b743554b3e214ab634ee2b5dfb31f9,276,84,10,11,85,21,0.16048649499411782,0.1673442076066336,0.006857712612515776,0.006857712612515776,AWAY_FROM_REFERENCE,0.03985507246376811,MINOR,1,230,,,592eaec7d2d1d7acf5dcc009cfa2c1691e5a4f35f0ae255c8f47aac7b09b15c5,0.2937853681120927,0.2262245342830399,0.6015625,-1,True,486
SB3067,Lassitude,whole-organism substrate utilization and cellular energy-production structure,"altered configuration or regulated output of the named structure, expressed as the state described by lassitude",remaining_5256,dfd8ae9feffa2606928c5c368fd61b414fbe10d648afd2e1574387a202bcc1e5,78,29,0,4,33,4,0.10367062942289462,0.10673106255712073,0.0030604331342261037,0.0030604331342261037,AWAY_FROM_REFERENCE,0.05128205128205128,MINOR,1,223,,,6893cd50c763dc6489275fedcbdf38a44b408795f85beb6d85a95255dc2d960e,0.29370506319415235,0.2312714185294541,0.578125,-4,True,487
SB4758,Scrotal ulcer,"male gonadal, ductal, accessory-gland, and reproductive-output structure",localized epithelial or tissue-surface loss with reduced barrier continuity,remaining_5256,34e25fc308d387295e85d49816528074c34b5d9466d03985d84b7f8fde412d99,190,95,5,7,97,12,0.1678565475543674,0.1683049696799822,0.0004484221256148002,0.0004484221256148002,AWAY_FROM_REFERENCE,0.03684210526315789,MINOR,1,223,,,23d4238dcd56e40c0d4f9b5c22ab8faf350a127b047e1f5467b1228ba3d43995,0.2936976964159778,0.22611761758046078,0.6015625,-2,True,488
SB5511,Vaginal odour,"female reproductive, gestational, placental, and reproductive-output structure","altered configuration or regulated output of the named structure, expressed as the state described by vaginal odour",remaining_5256,1f6f1c9e3a507e9d4d29d7a16c4e44b3ccf31b3bab54a715d34742cea3ebaa8f,3,0,0,1,1,1,0.13537003508154155,0.13986415636738436,0.0044941212858428115,0.0044941212858428115,AWAY_FROM_REFERENCE,0.3333333333333333,MODERATE,2,38,,,a29ba21fa6d70b31c73f409112d1191248bf7447232f4c80f0a9c2a133294382,0.2935506704055544,0.22422337854335905,0.609375,-1,True,489
SB3750,Oesophageal pain,"oesophageal mucosal, peristaltic, and sphincter-control structure",increased nociceptive signaling associated with local tissue or neural perturbation,remaining_5256,4de5aa62ef3e2dcac6fba43bc48f85f76017ff7412a772f824977e8b08e844de,28,8,1,1,8,2,0.13671581669349064,0.14219289111355282,0.005477074420062178,0.005477074420062178,AWAY_FROM_REFERENCE,0.03571428571428571,MINOR,1,231,,,21aa651bf4ca8cb768d9f29e9cd757094ec107ff51efca7a326e4ba1b293c20c,0.2934561553944327,0.22239317731028385,0.6171875,0,True,490
SB4199,Pneumatosis cystoides intestinalis,"intestinal mucosal barrier, smooth-muscle motility, and luminal transport structure","abnormal structural accumulation, degeneration, remodeling, or chronic state within the named structure",remaining_5256,bd121ece91235eee1de196598eeb98dd767e421c4a17590fcc7d3a35d3d7b2e1,276,103,4,16,115,20,0.1078982853253807,0.11921830000889866,0.011320014683517954,0.011320014683517954,AWAY_FROM_REFERENCE,0.057971014492753624,MINOR,1,231,,,893d379f4a2f2cf5aec4bbd3d8434b79a4620bafbc3fb8c41a04b31618d526cd,0.29340923766708815,0.22919571666718064,0.5859375,-12,True,491
SB4200,Pneumatosis intestinalis,"intestinal mucosal barrier, smooth-muscle motility, and luminal transport structure","abnormal structural accumulation, degeneration, remodeling, or chronic state within the named structure",remaining_5256,bd121ece91235eee1de196598eeb98dd767e421c4a17590fcc7d3a35d3d7b2e1,276,103,4,16,115,20,0.1078982853253807,0.11921830000889866,0.011320014683517954,0.011320014683517954,AWAY_FROM_REFERENCE,0.057971014492753624,MINOR,1,231,,,eaf710dc81da46cb439fcf057c0044678aa05a2d3b57194e969417469496582b,0.29340923766708815,0.22919571666718064,0.5859375,-12,True,492
SB4854,Sinoatrial node dysfunction,cardiac conduction and myocardial rhythm structure,reduced or unstable functional output insufficient to maintain the reference structural state,remaining_5256,3f3d9925d272713b1703410107cbcb19ffc9c63c7badd7f877323ca29154b71d,21,4,1,0,3,1,0.15603818071642528,0.16353721281437683,0.007499032097951552,0.007499032097951552,AWAY_FROM_REFERENCE,0.0,INFORMATIONAL,0,231,,,a55b153eb0ebd2b421ef9b2ec225fae7ed7e09653ccd70bb6fa870e7b92fab1f,0.293380370093114,0.22230075621111467,0.6171875,1,True,493
SB1448,Degeneration of uterine fibroid,"female reproductive, gestational, placental, and reproductive-output structure","altered configuration or regulated output of the named structure, expressed as the state described by degeneration of uterine fibroid",remaining_5256,a6bffe1b13ac7ab3be1f747f3d4676a67b5eac5b253cdb795b6f94c20185bfac,3,1,1,0,0,1,0.13429114852596968,0.139207498758936,0.004916350232966327,0.004916350232966327,AWAY_FROM_REFERENCE,0.0,INFORMATIONAL,0,38,,,487fa2d6c056c5bbcb0309cfe2cb3cf1eff7df5acb586b92dc142656a087bfc1,0.29332258442670284,0.21880040783744248,0.6328125,1,True,494
SB2202,Gastrointestinal hypomotility,"intestinal mucosal barrier, smooth-muscle motility, and luminal transport structure","deficient magnitude, activity, quantity, or tissue state below the reference configuration",remaining_5256,6990b151f490602e33db2fd917b73932f170ed6a6e931263056337ccec9bff27,276,83,5,21,99,26,0.12735417338932553,0.14216204836876645,0.014807874979440916,0.014807874979440916,AWAY_FROM_REFERENCE,0.07608695652173914,MINOR,1,231,,,62c9d86b3928b5b4f36ca27c74cea3a8f2909cdb55b407a2ca655d9d6012a834,0.29323049163746195,0.22726279467983168,0.59375,-16,True,495
SB2922,Intestinal hypomotility,"intestinal mucosal barrier, smooth-muscle motility, and luminal transport structure","deficient magnitude, activity, quantity, or tissue state below the reference configuration",remaining_5256,6990b151f490602e33db2fd917b73932f170ed6a6e931263056337ccec9bff27,276,83,5,21,99,26,0.12735417338932553,0.14216204836876645,0.014807874979440916,0.014807874979440916,AWAY_FROM_REFERENCE,0.07608695652173914,MINOR,1,231,,,c7c83a75e755e5ffab5cf382e199fc226fbe914681c142860c34208bc791a334,0.29323049163746195,0.22726279467983168,0.59375,-16,True,496
SB4601,Renal rickets,renal glomerular-tubular filtration and fluid-balance structure,"altered configuration or regulated output of the named structure, expressed as the state described by renal rickets",remaining_5256,b191aaff987f8810795692ed9ae1507adffb1a0e75c6ed05028e5a262ed4d4cb,91,29,3,8,34,11,0.1304296957507649,0.13364904334138417,0.0032193475906192592,0.0032193475906192592,AWAY_FROM_REFERENCE,0.08791208791208792,MINOR,1,231,,,47a743c0a9886de1a8ddbd1191ea81bf55a83faece117986ed1eb13c117a420e,0.2930230607132609,0.2252948911137328,0.6015625,-5,True,497
SB1206,Cold sweat,eccrine-apocrine sweat-gland secretory structure,sweat-gland activation occurring with peripheral vasoconstriction and autonomic stress-state output,remaining_5256,2a771c66f7527b83436776b5791a24eca9467e67c5bee4a86f4c26394fc26b1c,105,56,5,0,51,5,0.2036986148764347,0.19974286757919346,-0.003955747297241241,0.003955747297241241,TOWARD_REFERENCE,0.0,INFORMATIONAL,0,174,,,d8887a4cb4b2413815dff10de11ccf63b6eb27e9083189b3ce5566469a742b05,0.29285397856056683,0.22165881531776443,0.6171875,5,True,498
SB5470,Uterine contractions during pregnancy,"female reproductive, gestational, placental, and reproductive-output structure","altered configuration or regulated output of the named structure, expressed as the state described by uterine contractions during pregnancy",remaining_5256,e4db49582fbab35d964355aff7608f8b7d72d3926ab9192bc3b4b02af1b55a5b,3,0,0,1,1,1,0.12337532475059376,0.12735565038918606,0.003980325638592297,0.003980325638592297,AWAY_FROM_REFERENCE,0.3333333333333333,MODERATE,2,38,,,3b49d36f3943cd942638c0611da9eb6f188529ee8f4cd6544cbf7e003533a65e,0.2928030255250542,0.22331161649396858,0.609375,-1,True,499
SB5004,Spontaneous penile erection,"male gonadal, ductal, accessory-gland, and reproductive-output structure","altered configuration or regulated output of the named structure, expressed as the state described by spontaneous penile erection",remaining_5256,f06cb6022deac70c03c394b26eac1d37bdeb86d60df269770e6cf4da0292f540,190,81,9,6,78,15,0.1336208211053621,0.13971903163338706,0.00609821052802495,0.00609821052802495,AWAY_FROM_REFERENCE,0.031578947368421054,MINOR,1,223,,,cd109b9016067fed57a4030be717cb4685167d805541bbe04696cf39f4dc180b,0.29279487562859946,0.23187637271780426,0.5703125,3,True,500
SB5507,Vaginal moniliasis,"female reproductive, gestational, placental, and reproductive-output structure","altered configuration or regulated output of the named structure, expressed as the state described by vaginal moniliasis",remaining_5256,4993e05133e92fbbb91fd9652657783a174052018349b6d8c8a901d5866eb912,3,0,0,1,1,1,0.12931625001593994,0.13344611553575858,0.004129865519818643,0.004129865519818643,AWAY_FROM_REFERENCE,0.3333333333333333,MODERATE,2,38,,,45ead648c13453b1f35ac49de46883c6cbb10fef9ba7adc664cd597087a2bf7d,0.2927919538185303,0.2250130534372321,0.6015625,-1,True,501
SB0412,Application site irritation,local cutaneous inflammatory and microvascular structure,"altered configuration or regulated output of the named structure, expressed as the state described by application site irritation",established_478,678029111c424a718691b896b573568d76c406393fbb5ce1abaa14c287d5cb94,171,90,8,2,84,10,0.1963564935293357,0.196549412734779,0.0001929192054432871,0.0001929192054432871,AWAY_FROM_REFERENCE,0.011695906432748537,MINOR,1,231,,,f027fe68c89b519e63cf795bdde7cc836bb3ec3e3752a6df8f9f0cf758052bb6,0.29273233775998914,0.23180010702437703,0.5703125,6,True,502
SB0793,Bowel spasm,"intestinal mucosal barrier, smooth-muscle motility, and luminal transport structure",excess or sustained contractile activation causing abnormal narrowing or mechanical state,remaining_5256,331859c727db263a26230384e454632a81ad7a497602dc576614f4d80a452beb,276,89,7,20,102,27,0.12670085128837927,0.13431525155466095,0.0076144002662816845,0.0076144002662816845,AWAY_FROM_REFERENCE,0.07246376811594203,MINOR,1,231,,,b309ce6a05294d971f3f79c4fde6f1266ae9155208cc0360de7c0fceba0121e5,0.2927236309868009,0.23178948900829377,0.5703125,-13,True,503
SB3192,Lung disorder,"pulmonary airway-alveolar, pleural, and gas-exchange structure",departure from the reference structural configuration or regulated functional range,remaining_5256,b2ed9a47e886108863bbab1c6b7d1b9aea56057de8fb2c8b15ccc95e37668d5e,36,16,1,1,16,2,0.20695111571474056,0.20501878860716205,-0.0019323271075785131,0.0019323271075785131,TOWARD_REFERENCE,0.027777777777777776,MINOR,1,231,,,d1f73b60229ce4d5e416516c289ad54c2c347a572d90050b13d56bece7beb2b6,0.29272311446275673,0.21806934690580093,0.6328125,0,True,504
SB3725,Oculo-respiratory syndrome,"pulmonary airway-alveolar, pleural, and gas-exchange structure",departure from the reference structural configuration or regulated functional range,remaining_5256,b2ed9a47e886108863bbab1c6b7d1b9aea56057de8fb2c8b15ccc95e37668d5e,36,16,1,1,16,2,0.20695111571474056,0.20501878860716205,-0.0019323271075785131,0.0019323271075785131,TOWARD_REFERENCE,0.027777777777777776,MINOR,1,231,,,ac13a24da67e90f9762e00bc90e44ef282aa24f54490b922acab37f78b66baab,0.29272311446275673,0.21806934690580093,0.6328125,0,True,505
SB4435,Pulmonary function test abnormal,"pulmonary airway-alveolar, pleural, and gas-exchange structure",departure from the reference structural configuration or regulated functional range,remaining_5256,b2ed9a47e886108863bbab1c6b7d1b9aea56057de8fb2c8b15ccc95e37668d5e,36,16,1,1,16,2,0.20695111571474056,0.20501878860716205,-0.0019323271075785131,0.0019323271075785131,TOWARD_REFERENCE,0.027777777777777776,MINOR,1,231,,,8a7d4d65adc83161892db12f3e8d038d7644079c6687af34d2aacc3c55c439e5,0.29272311446275673,0.21806934690580093,0.6328125,0,True,506
SB4449,Pulmonary toxicity,"pulmonary airway-alveolar, pleural, and gas-exchange structure",departure from the reference structural configuration or regulated functional range,remaining_5256,b2ed9a47e886108863bbab1c6b7d1b9aea56057de8fb2c8b15ccc95e37668d5e,36,16,1,1,16,2,0.20695111571474056,0.20501878860716205,-0.0019323271075785131,0.0019323271075785131,TOWARD_REFERENCE,0.027777777777777776,MINOR,1,231,,,dfbaeed599e1bfeb084466391e0c5c0cfa524050a02b28254048ec63838f789f,0.29272311446275673,0.21806934690580093,0.6328125,0,True,507
SB4614,Respiration abnormal,"pulmonary airway-alveolar, pleural, and gas-exchange structure",departure from the reference structural configuration or regulated functional range,remaining_5256,b2ed9a47e886108863bbab1c6b7d1b9aea56057de8fb2c8b15ccc95e37668d5e,36,16,1,1,16,2,0.20695111571474056,0.20501878860716205,-0.0019323271075785131,0.0019323271075785131,TOWARD_REFERENCE,0.027777777777777776,MINOR,1,231,,,6925c9bf6773bd9eb8620e4c652ebc5faacf57a4d72146645ebbceb7963097a4,0.29272311446275673,0.21806934690580093,0.6328125,0,True,508
SB4620,Respiratory disorder,"pulmonary airway-alveolar, pleural, and gas-exchange structure",departure from the reference structural configuration or regulated functional range,remaining_5256,b2ed9a47e886108863bbab1c6b7d1b9aea56057de8fb2c8b15ccc95e37668d5e,36,16,1,1,16,2,0.20695111571474056,0.20501878860716205,-0.0019323271075785131,0.0019323271075785131,TOWARD_REFERENCE,0.027777777777777776,MINOR,1,231,,,a817be2077342ce210d08143f81abb9a338d3b1c4765b380206c9ec0332d591d,0.29272311446275673,0.21806934690580093,0.6328125,0,True,509
SB4621,Respiratory disorder neonatal,"pulmonary airway-alveolar, pleural, and gas-exchange structure",departure from the reference structural configuration or regulated functional range,remaining_5256,b2ed9a47e886108863bbab1c6b7d1b9aea56057de8fb2c8b15ccc95e37668d5e,36,16,1,1,16,2,0.20695111571474056,0.20501878860716205,-0.0019323271075785131,0.0019323271075785131,TOWARD_REFERENCE,0.027777777777777776,MINOR,1,231,,,d2fe16966d65b623884c6bee0820e8679daab12102c6783485d00174a26a4a84,0.29272311446275673,0.21806934690580093,0.6328125,0,True,510
SB4829,Severe acute respiratory syndrome,"pulmonary airway-alveolar, pleural, and gas-exchange structure",departure from the reference structural configuration or regulated functional range,remaining_5256,b2ed9a47e886108863bbab1c6b7d1b9aea56057de8fb2c8b15ccc95e37668d5e,36,16,1,1,16,2,0.20695111571474056,0.20501878860716205,-0.0019323271075785131,0.0019323271075785131,TOWARD_REFERENCE,0.027777777777777776,MINOR,1,231,,,9a49fafeaf68ca85f05edd7358e7482f46f628cb3a1a07a8abcab13e6731b2d4,0.29272311446275673,0.21806934690580093,0.6328125,0,True,511
SB5562,Venipuncture site bruise,vascular wall and hemostatic integrity structure,"altered configuration or regulated output of the named structure, expressed as the state described by venipuncture site bruise",remaining_5256,4c5c29a1dc384d43908c60730b926da5b8b00ea45d357ddfb6d95df2265bdc11,325,189,8,11,192,19,0.17373744471180297,0.17819480880819283,0.00445736409638986,0.00445736409638986,AWAY_FROM_REFERENCE,0.033846153846153845,MINOR,1,210,,,7429810b32259e5ce38d3ed1621961a26966305e2dc3622747f8766ab03ac759,0.2926997325380442,0.22490058846102956,0.6015625,-3,True,512
SB3928,Pancreatic disorder,pancreatic endocrine-exocrine parenchymal and ductal structure,departure from the reference structural configuration or regulated functional range,remaining_5256,de1500a5303683ec4da8690287914915ac835fb528f13bc348c89af6fdec8696,91,43,9,7,41,16,0.18010663353463308,0.1797817700604346,-0.00032486347419846684,0.00032486347419846684,TOWARD_REFERENCE,0.07692307692307693,MINOR,1,230,,,d6518d818bc3ad0cdd32b97e0c3edfdea3e6795b5bc090b51fce2a24f8bda549,0.2926975501764723,0.21803817094691746,0.6328125,2,True,513
SB3929,Pancreatic enzymes abnormal,pancreatic endocrine-exocrine parenchymal and ductal structure,departure from the reference structural configuration or regulated functional range,remaining_5256,de1500a5303683ec4da8690287914915ac835fb528f13bc348c89af6fdec8696,91,43,9,7,41,16,0.18010663353463308,0.1797817700604346,-0.00032486347419846684,0.00032486347419846684,TOWARD_REFERENCE,0.07692307692307693,MINOR,1,230,,,17bed8ddc44d3e1e9fccbc7c3a979821e4a24d29e5308a31e1efa3a5052ab3ee,0.2926975501764723,0.21803817094691746,0.6328125,2,True,514
SB0106,Acute anaphylaxis,systemic mast-cell histamine vascular-airway response structure,"exaggerated immune-recognition/effector activation causing barrier, vascular, or smooth-muscle perturbation",established_478,ea865a799ce56c31b78ea525172fb447e0ad0933bbcb8889baf0e0d2ad2b6d20,435,199,8,21,212,29,0.17392326959393678,0.17107636572432927,-0.002846903869607509,0.002846903869607509,TOWARD_REFERENCE,0.04827586206896552,MINOR,1,222,,,55018c9be9e9699cf18f4f4048f6d102cb6df04d3303ef2e5bf86b23f7fc992a,0.29264173545040856,0.22654479932976657,0.59375,-13,True,515
SB0287,Anaphylactic shock,systemic mast-cell histamine vascular-airway response structure,"exaggerated immune-recognition/effector activation causing barrier, vascular, or smooth-muscle perturbation",established_478,ea865a799ce56c31b78ea525172fb447e0ad0933bbcb8889baf0e0d2ad2b6d20,435,199,8,21,212,29,0.17392326959393678,0.17107636572432927,-0.002846903869607509,0.002846903869607509,TOWARD_REFERENCE,0.04827586206896552,MINOR,1,222,,,b4a7e82f9d9721b4a0a6304b7fd109544d4154a99422dd9a0ec5fde57df76f48,0.29264173545040856,0.22654479932976657,0.59375,-13,True,516
SB5000,Splinter haemorrhages,vascular wall and hemostatic integrity structure,"altered configuration or regulated output of the named structure, expressed as the state described by splinter haemorrhages",remaining_5256,c4a66608bed5b9745cacdee54c111eb46e768418132139a187a00c46d2f89267,325,179,5,10,184,15,0.1711908588041693,0.173163190011133,0.0019723312069637178,0.0019723312069637178,AWAY_FROM_REFERENCE,0.03076923076923077,MINOR,1,210,,,3eec670892856720ad3ad959cc0909922c07cd572362abe4f123fd6dbf072a24,0.29263097284354267,0.22481673517505207,0.6015625,-5,True,517
SB0538,Autonomic dysfunction,sympathetic-parasympathetic autonomic-control network,reduced or unstable functional output insufficient to maintain the reference structural state,remaining_5256,440d9573c641ec017e4ad8197d6bebdf13ffb424d0eecce5d70f521182184d52,78,42,8,1,35,9,0.1944947993344639,0.19568498547889135,0.001190186144427452,0.001190186144427452,AWAY_FROM_REFERENCE,0.01282051282051282,MINOR,1,223,,,fffcd0126408faa4acd4b21d1c987f15ee1592e8222daf63a62ef504af0911ad,0.2925982243435934,0.21448716383365052,0.6484375,7,True,518
SB0165,Adenocarcinoma of prostate,"male gonadal, ductal, accessory-gland, and reproductive-output structure",clonal proliferative expansion with loss of normal differentiation and replacement of local tissue architecture,established_478,ea00e9d276c30152cd17f1c35457fce03eebf73761e1a0a4076260c218f67194,190,93,11,6,88,17,0.15580041335316563,0.15735042986247405,0.0015500165093084162,0.0015500165093084162,AWAY_FROM_REFERENCE,0.031578947368421054,MINOR,1,223,,,cfe3b54012a8859295ef82bb0ecfc08a9cdcacb12749a9923ef7d111519f7fa3,0.2924467235617023,0.22287710190451504,0.609375,5,True,519
SB0866,Bronchospasm,bronchial smooth-muscle tone and airway-caliber structure,"altered configuration or regulated output of the named structure, expressed as the state described by bronchospasm",remaining_5256,0fe4131b903b703905b1d0138f5de0c9b0ad4638598bcc25800ec7ed1cffab16,300,104,9,16,111,25,0.12319353663473243,0.13142127667960912,0.008227740044876697,0.008227740044876697,AWAY_FROM_REFERENCE,0.05333333333333334,MINOR,1,231,,,a71a7755fac1df894e1594cf101a458ec5302bdb5532dfcfe83464b284afc6d8,0.29241027348947796,0.2245475896213146,0.6015625,-7,True,520
SB1991,Faecal incontinence,"intestinal mucosal barrier, smooth-muscle motility, and luminal transport structure",loss of storage/outlet control causing unintended material release,remaining_5256,f19a0a2312e6a38765b5c822adc24d321512abf9239a1e2c181e8c04a1a31f42,276,96,2,17,111,19,0.1524592791844075,0.1576750223465826,0.005215743162175102,0.005215743162175102,AWAY_FROM_REFERENCE,0.06159420289855073,MINOR,1,231,,,849279367d5061efbafa0bf304334778cdea3498865dcbc3641d80ac2c85fca2,0.2924003265273861,0.21939064210656845,0.625,-15,True,521
SB2425,Hearing impaired,cochlear-mechanical and auditory-neural transduction structure,reduced ability of the named structure/process to complete its normal regulated operation,remaining_5256,4e7e78eb46f81e794491fa0d490c2e3a104b3c9c6ba471387316cedad02575ac,276,95,18,12,89,30,0.15234219400823346,0.1541126144814966,0.0017704204732631457,0.0017704204732631457,AWAY_FROM_REFERENCE,0.043478260869565216,MINOR,1,230,,,5b83bbe40b5a643a397927b9fbc4690c5a1424114a8b93088ff45559a1de8b7b,0.2923629933500481,0.22106005286591235,0.6171875,6,True,522
SB0273,Anal abscess,anorectal mucosal and perianal tissue integrity/inflammatory structure,localized inflammatory cavity with tissue breakdown and accumulated cellular/fluid contents,established_478,521da60b24c6fea67c47632a6ead5aeaabaa79478d03d00416aed894998d0dc2,28,9,2,3,10,5,0.13045577813103004,0.13908031471494287,0.008624536583912823,0.008624536583912823,AWAY_FROM_REFERENCE,0.10714285714285714,MINOR,1,231,,,8e704a284b393e9b0d2e76d2e55fed78be5c8f56a081c51c8a7459bb7a8760b4,0.29228936745288714,0.2209702651864478,0.6171875,-1,True,523
SB4970,Speech loss,dominant-hemisphere language-processing and speech-planning network,loss or absence of the named structural component or regulated function,remaining_5256,e93b2286d97ca741029f30e6c8ba1c511fa7ecc92dbc7ef5430e9b929cd5936d,231,97,5,5,97,10,0.19852064933694658,0.22152712706604016,0.02300647772909359,0.02300647772909359,AWAY_FROM_REFERENCE,0.021645021645021644,MINOR,1,230,230,230,c29a7c90154daa6b7a1316b8d6773b2848c3ea38e06f371c16a7666b378fddc4,0.29228762582649026,0.22782789734937836,0.5859375,0,True,524
SB5515,Vaginal ulceration,"female reproductive, gestational, placental, and reproductive-output structure","altered configuration or regulated output of the named structure, expressed as the state described by vaginal ulceration",remaining_5256,55d861bd31263f4ff5409563d1bd2ca36fccfd4de8198da17cd77416c016cf47,3,0,0,1,1,1,0.1331687926344367,0.137319528012957,0.004150735378520287,0.004150735378520287,AWAY_FROM_REFERENCE,0.3333333333333333,MODERATE,2,38,,,4ebaee455b700b4de36a6113f0196989a392e75101cde12016f616fc863d4ed2,0.29224142362542854,0.22434167515296166,0.6015625,-1,True,525
SB3428,Multi-organ failure,integrated cardiopulmonary-neural vital-function structure,reduced or unstable functional output insufficient to maintain the reference structural state,remaining_5256,a4e2f9eaa5f51e2f15bdf1e1fcf8e1652a32f697ae0a12f0db625b1fe13d0eef,496,225,26,20,219,46,0.17076203378017096,0.1814451402401327,0.010683106459961733,0.010683106459961733,AWAY_FROM_REFERENCE,0.04032258064516129,MINOR,1,223,,,e2d67f371d6cc30120844219465220ea96aa663ace4196cae8de5fa05c6bf708,0.29222554472755824,0.22089243259458324,0.6171875,6,True,526
SB3818,Organ failure,integrated cardiopulmonary-neural vital-function structure,reduced or unstable functional output insufficient to maintain the reference structural state,remaining_5256,a4e2f9eaa5f51e2f15bdf1e1fcf8e1652a32f697ae0a12f0db625b1fe13d0eef,496,225,26,20,219,46,0.17076203378017096,0.1814451402401327,0.010683106459961733,0.010683106459961733,AWAY_FROM_REFERENCE,0.04032258064516129,MINOR,1,223,,,ee3ff8ae10b89b1af4a248680bedac1d85d5ec87b070258dfa1c034b60e404d3,0.29222554472755824,0.22089243259458324,0.6171875,6,True,527
SB4531,Reaction gastrointestinal,"intestinal mucosal barrier, smooth-muscle motility, and luminal transport structure",acute or subacute state transition of the named structure in response to an external or internal perturbation,remaining_5256,4adc7de0a60c489a33978af1dfc90d3f23c015e0275bab8c8d92a3fdcfc3c007,276,91,2,18,107,20,0.11215535275643362,0.11951912205467186,0.007363769298238232,0.007363769298238232,AWAY_FROM_REFERENCE,0.06521739130434782,MINOR,1,231,,,dae35eba514e1e90a9f9fc66b8aa36422ae3fbd466f80e964097932f20b67c91,0.2921942159535055,0.22085422677256772,0.6171875,-16,True,528
SB5505,Vaginal irritation,"female reproductive, gestational, placental, and reproductive-output structure","altered configuration or regulated output of the named structure, expressed as the state described by vaginal irritation",remaining_5256,115b2a7741734ff0e1e3adecbcc7e82efbc5a057b4f2a8c889e51438e9af7b76,3,0,0,1,1,1,0.13309767073367595,0.13651928116101864,0.0034216104273426806,0.0034216104273426806,AWAY_FROM_REFERENCE,0.3333333333333333,MODERATE,2,38,,,2e209cbdd17b14c09ef463dc3fbc9ca30982a399779f8e7686d870bd5eaa25be,0.29216496017386107,0.22253348801690376,0.609375,-1,True,529
SB1583,Distress gastrointestinal,"intestinal mucosal barrier, smooth-muscle motility, and luminal transport structure",abnormal sensory-autonomic signaling indicating departure from the reference local functional state,remaining_5256,4f19646a66e2d77f67ce05483041496defdb73fbc184a581d99572eda8fc2442,276,103,6,12,109,18,0.11605334071922524,0.12298525972112428,0.006931919001899045,0.006931919001899045,AWAY_FROM_REFERENCE,0.043478260869565216,MINOR,1,231,,,8490945d8fd53fa544b3891ecc92f28e99257781f2519cf711c8ebf2fbb1bcbf,0.2921056815711916,0.23275083118438,0.5625,-6,True,530
SB2195,Gastrointestinal discomfort,"intestinal mucosal barrier, smooth-muscle motility, and luminal transport structure",abnormal sensory-autonomic signaling indicating departure from the reference local functional state,remaining_5256,4f19646a66e2d77f67ce05483041496defdb73fbc184a581d99572eda8fc2442,276,103,6,12,109,18,0.11605334071922524,0.12298525972112428,0.006931919001899045,0.006931919001899045,AWAY_FROM_REFERENCE,0.043478260869565216,MINOR,1,231,,,e2d994d8436a394d297bb305e268820ec7d40c9c4a74b17c8d6789d1636c7071,0.2921056815711916,0.23275083118438,0.5625,-6,True,531
SB4448,Pulmonary thrombosis,"pulmonary airway-alveolar, pleural, and gas-exchange structure",intraluminal clot formation causing partial or complete flow obstruction,remaining_5256,81547651069c11eb697b3d49a923ead5a3f4a98d026ed08439b1abf43794ea2d,36,20,1,1,20,2,0.1908612104625238,0.19014350817510917,-0.0007177022874146344,0.0007177022874146344,TOWARD_REFERENCE,0.027777777777777776,MINOR,1,231,,,b73a6c0501feeaf2a9a43f69c2c5bc8ba3363696df5b9847062f592d7b321519,0.2920850472750671,0.22758085033544773,0.5859375,0,True,532
SB2313,Gonorrhoea,innate-adaptive host-defense structure,excess or abnormal fluid/material outflow from the named structure,remaining_5256,d18dcf94e44533648abc20f39c63a6e9d60bce312db33a6c41797a7814109c07,15,7,1,1,7,2,0.18900069043908907,0.19642664810675026,0.007425957667661187,0.007425957667661187,AWAY_FROM_REFERENCE,0.06666666666666667,MINOR,1,231,,,85f9baf2e31def827231886cd8c6fa16cb021242cf67177f92eef3c621599bc4,0.2920442461198808,0.22238627575595216,0.609375,0,True,533
SB5415,Ureteritis,"ureteric lumen, peristaltic, and urine-transfer structure","localized inflammatory activation with cellular infiltration, vascular change, and tissue-function perturbation",remaining_5256,8d22be6e1124094e9d5b41e8bc8dde84333dc9d9ab1d1ad5ff3d04a22b06b78a,21,15,0,1,16,1,0.18992799794913084,0.1843159549259168,-0.005612043023214053,0.005612043023214053,TOWARD_REFERENCE,0.047619047619047616,MINOR,1,198,,,79ee734bd6168c54dc2a26fe387f0494ec0d4e446a172ce2ccd12ba609ad41a4,0.2919852547226035,0.22059939600317502,0.6171875,-1,True,534
SB1755,Electrocardiogram ST segment abnormal,"cardiac conduction, depolarization, repolarization, and rhythm structure",departure from the reference structural configuration or regulated functional range,remaining_5256,5724ee6cc84c6fce93d78e24bdd1f91343588c2bd2d9817be3a2ebe0f8c5bd8d,703,201,26,21,196,47,0.10802585056866543,0.11261021366371027,0.004584363095044841,0.004584363095044841,AWAY_FROM_REFERENCE,0.029871977240398292,MINOR,1,230,,,81e150b9e8be2910b3b5170a8df5c563f70189a55bb9ec94adbe93ba68cc4486,0.2919769369288142,0.21887431332782226,0.625,5,True,535
SB1759,Electrocardiogram ST-T segment abnormal,"cardiac conduction, depolarization, repolarization, and rhythm structure",departure from the reference structural configuration or regulated functional range,remaining_5256,5724ee6cc84c6fce93d78e24bdd1f91343588c2bd2d9817be3a2ebe0f8c5bd8d,703,201,26,21,196,47,0.10802585056866543,0.11261021366371027,0.004584363095044841,0.004584363095044841,AWAY_FROM_REFERENCE,0.029871977240398292,MINOR,1,230,,,8a7cb3375a3e5760d226f398f8f1ee44f5a1c4d49f6d987a4083fdce4df2f00b,0.2919769369288142,0.21887431332782226,0.625,5,True,536
SB1760,Electrocardiogram T wave abnormal,"cardiac conduction, depolarization, repolarization, and rhythm structure",departure from the reference structural configuration or regulated functional range,remaining_5256,5724ee6cc84c6fce93d78e24bdd1f91343588c2bd2d9817be3a2ebe0f8c5bd8d,703,201,26,21,196,47,0.10802585056866543,0.11261021366371027,0.004584363095044841,0.004584363095044841,AWAY_FROM_REFERENCE,0.029871977240398292,MINOR,1,230,,,893bbbcf343841158bd444b9b3f794f9a043bed65d19065320cd4142df6b0283,0.2919769369288142,0.21887431332782226,0.625,5,True,537
SB1765,Electrocardiogram abnormal,"cardiac conduction, depolarization, repolarization, and rhythm structure",departure from the reference structural configuration or regulated functional range,remaining_5256,5724ee6cc84c6fce93d78e24bdd1f91343588c2bd2d9817be3a2ebe0f8c5bd8d,703,201,26,21,196,47,0.10802585056866543,0.11261021366371027,0.004584363095044841,0.004584363095044841,AWAY_FROM_REFERENCE,0.029871977240398292,MINOR,1,230,,,b4c38b652339cf1edfad4e06bb9b40b199c738bdc3f1f6a6c8c5fc28a7f76bf5,0.2919769369288142,0.21887431332782226,0.625,5,True,538
SB1766,Electrocardiogram abnormal specific,"cardiac conduction, depolarization, repolarization, and rhythm structure",departure from the reference structural configuration or regulated functional range,remaining_5256,5724ee6cc84c6fce93d78e24bdd1f91343588c2bd2d9817be3a2ebe0f8c5bd8d,703,201,26,21,196,47,0.10802585056866543,0.11261021366371027,0.004584363095044841,0.004584363095044841,AWAY_FROM_REFERENCE,0.029871977240398292,MINOR,1,230,,,528b9aaa75f42e7ec876d97c65fa5fbef0d30506b5705533be290d4bfa1a279f,0.2919769369288142,0.21887431332782226,0.625,5,True,539
SB4586,Renal dysgenesis,renal glomerular-tubular filtration and fluid-balance structure,"altered configuration or regulated output of the named structure, expressed as the state described by renal dysgenesis",remaining_5256,d882a4aee1feb73b696b13f16ec79e430f9ed9c6f5111b2bbd243bd4124924fe,91,29,3,9,35,12,0.12835492126739334,0.13083277424720863,0.002477852979815287,0.002477852979815287,AWAY_FROM_REFERENCE,0.0989010989010989,MINOR,1,231,,,5c3f4390f4400ebb4bd73ba0e7548eab5691d1d35438397ad6f953b559ce94a2,0.29196000497015534,0.22742835971970166,0.5859375,-6,True,540
SB4184,Platelet count normal,"platelet production, activation, adhesion, and aggregation structure",measured state within the declared reference range rather than a malformation,remaining_5256,e9e42d5bc07c50c8b2d63e4baef975748feff148492dec6fbdbba085b7e83aa4,15,5,4,1,2,5,0.14742818137767422,0.14880126167668506,0.0013730802990108426,0.0013730802990108426,AWAY_FROM_REFERENCE,0.06666666666666667,MINOR,1,230,,,d5c5033cf2ad6e1b8bf370176dc84392fa8c1b4c22eaadb605cdff6636b393e4,0.2919279374118783,0.21881455781936376,0.625,3,True,541
SB1762,Electrocardiogram T wave inversion,"cardiac conduction, depolarization, repolarization, and rhythm structure","altered configuration or regulated output of the named structure, expressed as the state described by electrocardiogram t wave inversion",remaining_5256,484df33e0125c1e0a5ca17e83b319f2354e4f0b2e11d0d3d3494edd1988b1433,703,209,24,34,219,58,0.0995506683270575,0.10830583670444582,0.008755168377388323,0.008755168377388323,AWAY_FROM_REFERENCE,0.04836415362731152,MINOR,1,230,,,d4cf8a030bd4f13b64e4e20dbfc72810ddb300472973bbb5c2f1d3ffc545247d,0.29191766094780336,0.22394684261927245,0.6015625,-10,True,542
SB0282,Anal pruritus,anorectal mucosal and perianal tissue integrity/inflammatory structure,aberrant cutaneous sensory signaling associated with local barrier/immune perturbation,established_478,11e3bc7eda807b6612fedc8be0f5aeaa6949476fb44d334be212f95302b70c96,28,10,2,1,9,3,0.10736346300712996,0.11380195101300894,0.006438488005878984,0.006438488005878984,AWAY_FROM_REFERENCE,0.03571428571428571,MINOR,1,231,,,e065438ed0938b6d26ba9df4f86a4063063c30375b199bfcbed529e238e92019,0.2919174744808841,0.22394661522059045,0.6015625,1,True,543
SB4109,Petechiae,vascular wall and hemostatic integrity structure,"altered configuration or regulated output of the named structure, expressed as the state described by petechiae",remaining_5256,dbd138c796b312fe7d5fb5eb77cf21b25c747fa93d2e38b0e169ef65934f7808,325,191,5,10,196,15,0.17614088565940567,0.18113844764987175,0.004997561990466082,0.004997561990466082,AWAY_FROM_REFERENCE,0.03076923076923077,MINOR,1,210,,,5a41202c86fbb5034d1172663e1114ab2c5f561432614c87584ceba5f151354d,0.29180816419444067,0.22381330999322036,0.6015625,-5,True,544
SB4237,Polymorphonuclear leukocytosis,cochlear-mechanical and auditory-neural transduction structure,"abnormal structural accumulation, degeneration, remodeling, or chronic state within the named structure",remaining_5256,bb211601637e7709e96800ed233df710c28109fc267184b93199d1647781e3f2,276,76,18,16,74,34,0.1330288610646877,0.13477896704457837,0.0017501059798906704,0.0017501059798906704,AWAY_FROM_REFERENCE,0.057971014492753624,MINOR,1,230,,,323359296617f38206d9cb8b7c8edbe8dfbad848d7657971e4473ed96690c252,0.29179913165454885,0.22208735567627913,0.609375,2,True,545
SB3608,Nerve injury,peripheral sensory-nerve axonal conduction structure,externally imposed mechanical/thermal/chemical tissue-integrity disruption,remaining_5256,4a8d51405500504d0f89c70d1a2264d054a04e1d65651a064f2524743477918c,6,6,2,0,4,2,0.2079068497128037,0.216267107181504,0.008360257468700283,0.008360257468700283,AWAY_FROM_REFERENCE,0.0,INFORMATIONAL,0,223,,,267f25bfb86497bc5603af72d041ae36f86074e064591b3e45ac48dffe28a9c1,0.29176851491295624,0.2203350791621418,0.6171875,2,True,546
SB4081,Peripheral nerve injury,peripheral sensory-nerve axonal conduction structure,externally imposed mechanical/thermal/chemical tissue-integrity disruption,remaining_5256,4a8d51405500504d0f89c70d1a2264d054a04e1d65651a064f2524743477918c,6,6,2,0,4,2,0.2079068497128037,0.216267107181504,0.008360257468700283,0.008360257468700283,AWAY_FROM_REFERENCE,0.0,INFORMATIONAL,0,223,,,87a9c92bc10cd8e15f515a679acaf3fa9b60799d930c99bc3de937616552beb7,0.29176851491295624,0.2203350791621418,0.6171875,2,True,547
SB0062,Absolute neutrophil count decreased,bone-marrow neutrophil production and circulating-neutrophil structure,measured or functional quantity shifted below its reference structural range,established_478,4cc3986e04c12377fabad4963b423edd479fba42134004018175ecc82ab80f1f,2485,800,92,71,779,163,0.14156542768742464,0.14239073464732455,0.0008253069598999074,0.0008253069598999074,AWAY_FROM_REFERENCE,0.02857142857142857,MINOR,1,6,,,d39fe69e79550876d09ea965f8ccd972fcf3d270ccb69a8fbf45964649637ee8,0.2917666885911901,0.21690297389169522,0.6328125,21,True,548
SB1669,Dyslexia,dominant-hemisphere language-processing and speech-planning network,impaired mapping of written symbols to language representations,remaining_5256,0fe9c2ee005b9b64f3853513f73929dede19c3011686bcede380c68bd7149d05,231,129,5,7,131,12,0.23362204630323458,0.24805575421142212,0.014433707908187543,0.014433707908187543,AWAY_FROM_REFERENCE,0.030303030303030304,MINOR,1,230,,,128cf714f58cdc05e881e6f7dfebf77eeb2ceebe8db39c127619c76aac7caa8c,0.2917612114973376,0.22204111158211903,0.609375,-2,True,549
SB5023,Status asthmaticus,bronchial smooth-muscle tone and airway-caliber structure,"altered configuration or regulated output of the named structure, expressed as the state described by status asthmaticus",remaining_5256,805bbd27c398d023729ae0ea413624793090edc9fccc76ceccd8525cdadbf579,300,106,8,13,111,21,0.11650557803661288,0.12481304218158251,0.008307464144969634,0.008307464144969634,AWAY_FROM_REFERENCE,0.043333333333333335,MINOR,1,231,,,770d564de2a84d93dcf27a4a4a9799663a7b85c4f347721e9af5db3d2b1a7454,0.29170530142178097,0.22368786758753778,0.6015625,-5,True,550
SB1743,Electrocardiogram PR prolongation,"cardiac conduction, depolarization, repolarization, and rhythm structure","altered configuration or regulated output of the named structure, expressed as the state described by electrocardiogram pr prolongation",remaining_5256,62860a761dbd8a87d0b588c63ec606aff173f734e9c77d47b63aed4fac5b08d7,703,213,22,32,223,54,0.10056004833590004,0.10995409049745675,0.009394042161556704,0.009394042161556704,AWAY_FROM_REFERENCE,0.04551920341394026,MINOR,1,230,,,d8ca53d37816ac5ec6bc3df09c50709c3900497e8d7bb6ce1987d787cf749ff5,0.2916972956689863,0.227107982523154,0.5859375,-10,True,551
SB4724,Sarcoidosis,"systemic immune-recognition, signaling, and effector-response structure","abnormal structural accumulation, degeneration, remodeling, or chronic state within the named structure",remaining_5256,2fc0e754c396e9e6549ff2992238448ff801e34aa86561986480d96acbffcaad,378,119,7,19,131,26,0.09823437441592986,0.10164569088477582,0.0034113164688459596,0.0034113164688459596,AWAY_FROM_REFERENCE,0.05026455026455026,MINOR,1,231,,,d1358de40c9f45901bc7d7d7b695447bf7f2b8e2a72c8e32e7d5d0e6ae656765,0.2915854127881854,0.2252566009612017,0.59375,-12,True,552
SB5679,Wegener's granulomatosis,"systemic immune-recognition, signaling, and effector-response structure","abnormal structural accumulation, degeneration, remodeling, or chronic state within the named structure",remaining_5256,2fc0e754c396e9e6549ff2992238448ff801e34aa86561986480d96acbffcaad,378,119,7,19,131,26,0.09823437441592986,0.10164569088477582,0.0034113164688459596,0.0034113164688459596,AWAY_FROM_REFERENCE,0.05026455026455026,MINOR,1,231,,,079036ebcee3f41f0b9690a5f3a0ed83dac300755d12e6697830171fc814212b,0.2915854127881854,0.2252566009612017,0.59375,-12,True,553
SB1846,Epidermal necrosis,"cutaneous epidermal-dermal barrier, appendage, vascular, and immune structure",loss of cellular viability with local tissue structural breakdown,remaining_5256,d36a7d18fff3763a1400738edceeac0f023134057aa6618d63871b7b4b2460f1,300,117,17,12,112,29,0.17329008660564682,0.17070642402398728,-0.0025836625816595404,0.0025836625816595404,TOWARD_REFERENCE,0.04,MINOR,1,231,,,49a3b7be542bc89328a1a2d5993e2785039f55eef67cb8da17958c2e9e554dc6,0.2915613516049983,0.22522725805487598,0.59375,5,True,554
SB0078,Acid phosphatase high,lysosomal/prostatic acid-phosphatase production-release structure,measured or functional quantity shifted above its reference structural range,established_478,f968822898425d689cad7c4bc20b6ce7e35fc5ab890ebc5043f747d975b702df,1275,512,47,62,527,109,0.19102434469461937,0.20134368918783874,0.010319344493219362,0.010319344493219362,AWAY_FROM_REFERENCE,0.04862745098039216,MINOR,1,38,,,6f964f6f00b054bfbd2cc06cb59e41ff56d0ac48c750f76147203a0037d837f7,0.29154203501346154,0.22005888416275798,0.6171875,-15,True,555
SB0429,Application site vesicles,local epidermal-dermal barrier and repair structure,"altered configuration or regulated output of the named structure, expressed as the state described by application site vesicles",established_478,13dda9c74ace4e50737257bf06f8f762a3625b4f4d58aea7700145c93b7fb5e2,28,14,5,0,9,5,0.11877674948420747,0.1278768926631264,0.00910014317891894,0.00910014317891894,AWAY_FROM_REFERENCE,0.0,INFORMATIONAL,0,223,,,79c030cb290cc923a67587390e625975d7bf9d15273e009c173b05ce162eabec,0.2914876940690717,0.2302822488647216,0.5703125,5,True,556
SB2211,Gastrointestinal pain,"intestinal mucosal barrier, smooth-muscle motility, and luminal transport structure",increased nociceptive signaling associated with local tissue or neural perturbation,remaining_5256,5f3c0e66bb97f0ff4e7dd0fa6283334a1eb38e3641ae8bee401f013c50ebbcd4,276,86,3,20,103,23,0.13766512089650718,0.1476559837187822,0.009990862822275015,0.009990862822275015,AWAY_FROM_REFERENCE,0.07246376811594203,MINOR,1,231,,,e8c1b905313f029687854c1e77838338e5ff9b273c05b68d5800773346a70115,0.2914663179239674,0.21996654624874068,0.6171875,-17,True,557
SB1891,Erythrodermic psoriasis,"erythrocyte production, integrity, and oxygen-transport structure","altered configuration or regulated output of the named structure, expressed as the state described by erythrodermic psoriasis",remaining_5256,f19bd09273231cf4f0a434ad3084a26c5b4df797625b90d0dc7b96e03996b105,15,11,0,2,13,2,0.13912575718201792,0.14430097740120384,0.0051752202191859276,0.0051752202191859276,AWAY_FROM_REFERENCE,0.13333333333333333,MINOR,1,174,,,0669d7859a229e5111f7be892390353c4e8bfd6c0b4520e7ec89676f9b952cc7,0.29141728499722563,0.22848144511856783,0.578125,-2,True,558
SB1763,Electrocardiogram U wave present,"cardiac conduction, depolarization, repolarization, and rhythm structure",detectable presence of the named material/state where the reference condition is absent or lower,remaining_5256,57bd6fbff7e3e708dadbeea2b4e796fbd36810f61ca14cfc73419bc7c0bdef04,703,208,18,25,215,43,0.11543767673697825,0.12320661565868596,0.007768938921707713,0.007768938921707713,AWAY_FROM_REFERENCE,0.03556187766714083,MINOR,1,230,,,c5f87e4620956d2ea4bd2afd2a46f5ed64310421597fc00854904992b5ad72de,0.291376088469478,0.22328638837741221,0.6015625,-7,True,559
SB0182,Adrenergic syndrome,sympathetic adrenergic receptor signaling structure,departure from the reference structural configuration or regulated functional range,established_478,901063f76338f0cca84766cd04fe3e7b3dfd341b64ee9d6a038b95c872ed71b7,15,4,1,2,5,3,0.17682368146612326,0.18147326754640858,0.004649586080285317,0.004649586080285317,AWAY_FROM_REFERENCE,0.13333333333333333,MINOR,1,231,,,90c211530b66f0cf236abccfe9eb2031c310d3e6126a7e24f599cd9b389f2423,0.2913749889481707,0.22499998652215947,0.59375,-1,True,560
SB1822,Enteritis,"intestinal mucosal barrier, smooth-muscle motility, and luminal transport structure","localized inflammatory activation with cellular infiltration, vascular change, and tissue-function perturbation",remaining_5256,6cf87b00ac98cd17ad334b7ae90d5ec10dca790109d7514acc905c902fc2cb7d,276,71,9,21,83,30,0.12693444995724656,0.13809407886843283,0.01115962891118627,0.01115962891118627,AWAY_FROM_REFERENCE,0.07608695652173914,MINOR,1,231,,,d38b789356c151b18d295bc41ec7f7640dadf2e970c0c56cf393a02c4639374d,0.2913116262195127,0.22320777587745455,0.6015625,-12,True,561
SB2188,Gastroenteritis,"intestinal mucosal barrier, smooth-muscle motility, and luminal transport structure","localized inflammatory activation with cellular infiltration, vascular change, and tissue-function perturbation",remaining_5256,6cf87b00ac98cd17ad334b7ae90d5ec10dca790109d7514acc905c902fc2cb7d,276,71,9,21,83,30,0.12693444995724656,0.13809407886843283,0.01115962891118627,0.01115962891118627,AWAY_FROM_REFERENCE,0.07608695652173914,MINOR,1,231,,,04fa815cf0921b33cec49324b1696ffb5fd37d23b68facc6fbea50f26cd582c6,0.2913116262195127,0.22320777587745455,0.6015625,-12,True,562
SB2189,Gastroenteritis adenovirus,"intestinal mucosal barrier, smooth-muscle motility, and luminal transport structure","localized inflammatory activation with cellular infiltration, vascular change, and tissue-function perturbation",remaining_5256,6cf87b00ac98cd17ad334b7ae90d5ec10dca790109d7514acc905c902fc2cb7d,276,71,9,21,83,30,0.12693444995724656,0.13809407886843283,0.01115962891118627,0.01115962891118627,AWAY_FROM_REFERENCE,0.07608695652173914,MINOR,1,231,,,ad6d662e738fb4e89d855fe09d8159e9bcdde2d4ba729c179c66363dafeaf12e,0.2913116262195127,0.22320777587745455,0.6015625,-12,True,563
SB2191,Gastroenteritis yersinia,"intestinal mucosal barrier, smooth-muscle motility, and luminal transport structure","localized inflammatory activation with cellular infiltration, vascular change, and tissue-function perturbation",remaining_5256,6cf87b00ac98cd17ad334b7ae90d5ec10dca790109d7514acc905c902fc2cb7d,276,71,9,21,83,30,0.12693444995724656,0.13809407886843283,0.01115962891118627,0.01115962891118627,AWAY_FROM_REFERENCE,0.07608695652173914,MINOR,1,231,,,5cee70916d2ec768da9b941eab47ee2dd964af70e87e7ed4c02adcb94ad1d28f,0.2913116262195127,0.22320777587745455,0.6015625,-12,True,564
SB0225,Alkaline phosphatase serum increased,hepatobiliary and bone alkaline-phosphatase production/release structure,measured or functional quantity shifted above its reference structural range,established_478,d6174456f08656d879b0aec5ddb9ab06fbed32acff63ca9fd5e407266bc05f3f,861,314,13,42,343,55,0.17251931077578975,0.1762563827346959,0.0037370719589061574,0.0037370719589061574,AWAY_FROM_REFERENCE,0.04878048780487805,MINOR,1,230,,,9174b050d49b070101b09bd16748d992daf85af91d0bb41f76376d461c255fb1,0.2913113827678344,0.2232074789851639,0.6015625,-29,True,565
SB0379,Aphasia,dominant-hemisphere cortical language-processing structure,"loss or impairment of language comprehension, formulation, or symbolic communication",established_478,91c72d1a3c33607aaaec349e117f2fb50d4e713e1f19adf3de7d385216e006a0,3,0,0,1,1,1,0.19333569954598984,0.20664140389467345,0.013305704348683611,0.013305704348683611,AWAY_FROM_REFERENCE,0.3333333333333333,MODERATE,2,231,,,0b405ca8506441782c94066e2488a497349df4bd9a6919137cba5d46e4636165,0.2912772567388036,0.2351704350473215,0.546875,-1,True,566
SB5058,Stuttering,dominant-hemisphere language-processing and speech-planning network,"altered configuration or regulated output of the named structure, expressed as the state described by stuttering",remaining_5256,a7dedde5a36ea592dc01f66191e2fa5106aeabb3024372934931dbbb19b9fbb2,231,92,3,9,98,12,0.16147381518143966,0.1814577543540964,0.01998393917265673,0.01998393917265673,AWAY_FROM_REFERENCE,0.03896103896103896,MINOR,1,230,230,230,c8cf400130af3be9da2ff7d1813c19c8de833989a92231f22d171c55a2ce5593,0.2912039013248068,0.22650628210342294,0.5859375,-6,True,567
SB3182,Low set ears,cochlear-mechanical and auditory-neural transduction structure,measured or functional quantity shifted below its reference structural range,remaining_5256,e65ba58b7a80eb0446e94469ab6f8df14c5d61fda8f16149e837921fc66e40f4,276,82,14,9,77,23,0.14676001836035968,0.1501032111805738,0.0033431928202141137,0.0033431928202141137,AWAY_FROM_REFERENCE,0.03260869565217391,MINOR,1,230,,,a24b7cab13b7889a40af35e78fcd013618ed4822210abc125e9838ee1b4cd861,0.2911615212368461,0.229884477118105,0.5703125,5,True,568
SB1147,Chronic idiopathic constipation,"intestinal mucosal barrier, smooth-muscle motility, and luminal transport structure",reduced intestinal transit/propulsion with prolonged luminal retention,remaining_5256,3f4b303b6ef43027083948c7cd5a4b85a96052db1ee4262399178f0726c98415,276,92,3,17,106,20,0.12544652444738036,0.13471049951225533,0.009263975064874974,0.009263975064874974,AWAY_FROM_REFERENCE,0.06159420289855073,MINOR,1,231,,,1f44e686663cb7daaf4e2ac2d1ddeb273ac7d92f065c0c2f69f8bbd242b5f4bf,0.29106691022045517,0.2229093417322624,0.6015625,-14,True,569
SB1296,Constipation,"intestinal mucosal barrier, smooth-muscle motility, and luminal transport structure",reduced intestinal transit/propulsion with prolonged luminal retention,remaining_5256,3f4b303b6ef43027083948c7cd5a4b85a96052db1ee4262399178f0726c98415,276,92,3,17,106,20,0.12544652444738036,0.13471049951225533,0.009263975064874974,0.009263975064874974,AWAY_FROM_REFERENCE,0.06159420289855073,MINOR,1,231,,,0f8dfa649bf77b3e22c135d7b5ae6e00cc97468f7ac7c50e251dc58b0f9d16bf,0.29106691022045517,0.2229093417322624,0.6015625,-14,True,570
SB1297,Constipation aggravated,"intestinal mucosal barrier, smooth-muscle motility, and luminal transport structure",reduced intestinal transit/propulsion with prolonged luminal retention,remaining_5256,3f4b303b6ef43027083948c7cd5a4b85a96052db1ee4262399178f0726c98415,276,92,3,17,106,20,0.12544652444738036,0.13471049951225533,0.009263975064874974,0.009263975064874974,AWAY_FROM_REFERENCE,0.06159420289855073,MINOR,1,231,,,d3bdd46b9c3b44f5a7bac8928912ecbf3ada049797eca045174c7cc8f0e5d402,0.29106691022045517,0.2229093417322624,0.6015625,-14,True,571
SB1298,Constipation chronic,"intestinal mucosal barrier, smooth-muscle motility, and luminal transport structure",reduced intestinal transit/propulsion with prolonged luminal retention,remaining_5256,3f4b303b6ef43027083948c7cd5a4b85a96052db1ee4262399178f0726c98415,276,92,3,17,106,20,0.12544652444738036,0.13471049951225533,0.009263975064874974,0.009263975064874974,AWAY_FROM_REFERENCE,0.06159420289855073,MINOR,1,231,,,ec6b3675ac49dcdb906ae7fe388857f8ec6328ef4f0e61f86e37d699bfce601f,0.29106691022045517,0.2229093417322624,0.6015625,-14,True,572
SB4263,Post procedural constipation,"intestinal mucosal barrier, smooth-muscle motility, and luminal transport structure",reduced intestinal transit/propulsion with prolonged luminal retention,remaining_5256,3f4b303b6ef43027083948c7cd5a4b85a96052db1ee4262399178f0726c98415,276,92,3,17,106,20,0.12544652444738036,0.13471049951225533,0.009263975064874974,0.009263975064874974,AWAY_FROM_REFERENCE,0.06159420289855073,MINOR,1,231,,,7b9dafa916a189952dc3b3bf03a6aa9b917fdb7a158625644b5d903e57bbd628,0.29106691022045517,0.2229093417322624,0.6015625,-14,True,573
SB4292,Postoperative constipation,"intestinal mucosal barrier, smooth-muscle motility, and luminal transport structure",reduced intestinal transit/propulsion with prolonged luminal retention,remaining_5256,3f4b303b6ef43027083948c7cd5a4b85a96052db1ee4262399178f0726c98415,276,92,3,17,106,20,0.12544652444738036,0.13471049951225533,0.009263975064874974,0.009263975064874974,AWAY_FROM_REFERENCE,0.06159420289855073,MINOR,1,231,,,d840bc9fe7747ffdeaa2ca1d7aa21349d91deadd6abbaa8eac789ea3232c0e5b,0.29106691022045517,0.2229093417322624,0.6015625,-14,True,574
SB3194,Lung infection,"pulmonary airway-alveolar, pleural, and gas-exchange structure",pathogen-associated occupation/invasion with host-defense activation and local structural disruption,remaining_5256,4a8c6498c6fdb0a5299bfd75606d7c403d23059601ed48f84318c09bfe13f227,36,18,0,1,19,1,0.1870901852011636,0.18516362024168354,-0.0019265649594800704,0.0019265649594800704,TOWARD_REFERENCE,0.027777777777777776,MINOR,1,231,,,8e5aee80777878b836fdd9a989eb9aaa69fc83c85bbc62d990056751ef0511cb,0.29106568055319704,0.21261820799170372,0.6484375,-1,True,575
SB1150,Chronic kidney disease,renal glomerular-tubular filtration and fluid-balance structure,"altered configuration or regulated output of the named structure, expressed as the state described by kidney disease",remaining_5256,9b79bbfeb6ff9506ce740beb5ce11ebede6d0afcc33373c989891a58e94dc571,91,26,3,8,31,11,0.12613095070000013,0.13089033435328956,0.0047593836532894285,0.0047593836532894285,AWAY_FROM_REFERENCE,0.08791208791208792,MINOR,1,231,,,748759b7427d20d6dc63db48da34132bdde0361bbd45da2844fb4bf4b1843905,0.29099955045233605,0.22282719567358056,0.6015625,-5,True,576
SB0058,Abrasion NOS,epidermal-dermal mechanical barrier integrity structure,superficial epithelial-surface tissue loss with reduced barrier continuity,established_478,aafc1d1a54c70a8593fb69a9e50c5a90b4fe04c22930645ad60b9e6f7db2a366,36,21,2,4,23,6,0.17993326626855144,0.19033808308351596,0.010404816814964524,0.010404816814964524,AWAY_FROM_REFERENCE,0.1111111111111111,MINOR,1,231,,,5f7c25fb3cb15704ff5feb2c2c7f6cae345434bf88615679b419dd8a3e2272c8,0.29098108527869215,0.224519616193527,0.59375,-2,True,577
SB0852,Bronchial hyperreactivity,bronchial smooth-muscle tone and airway-caliber structure,"excess magnitude, activity, quantity, or tissue state above the reference configuration",remaining_5256,c8190b2ca616122ca58718098a738d9e285790ed911fd52b1a7d2452687d22f3,300,118,13,14,119,27,0.13550539767205816,0.14310765464729436,0.007602256975236199,0.007602256975236199,AWAY_FROM_REFERENCE,0.04666666666666667,MINOR,1,231,,,06207ca569bb5ab9025b89849a72900c6ca938d479fd19995d4f663db8544b87,0.2909717992596597,0.21593359665812162,0.6328125,-1,True,578
SB2843,Injection site bruising,vascular wall and hemostatic integrity structure,"altered configuration or regulated output of the named structure, expressed as the state described by injection site bruising",remaining_5256,690edb64afe4b99b55ea992241b763d8f0671fa0ed7d82306fc16122cad63cf8,325,190,5,9,194,14,0.17154995896224778,0.17729987702885397,0.0057499180666061855,0.0057499180666061855,AWAY_FROM_REFERENCE,0.027692307692307693,MINOR,1,210,,,f556169bf99d889594a2ad8e0a6cbb82335533bbf346dea05e3b59442a30c0a0,0.29088886180736845,0.2244071485455713,0.59375,-4,True,579
SB3517,Myringitis,cochlear-mechanical and auditory-neural transduction structure,"localized inflammatory activation with cellular infiltration, vascular change, and tissue-function perturbation",remaining_5256,7e01c3918feba4497917c1d46bd70de540ce2210b16d70d34f9d9f958ad934f2,276,72,11,13,74,24,0.12085858610590339,0.12268073691553893,0.0018221508096355477,0.0018221508096355477,AWAY_FROM_REFERENCE,0.04710144927536232,MINOR,1,230,,,91cd7198d6ffa9bfc7d1c2c23d52e14b241b8616501388591c40058ccae2aced,0.2908467029125039,0.2209258572103706,0.609375,-2,True,580
SB3867,Otitis,cochlear-mechanical and auditory-neural transduction structure,"localized inflammatory activation with cellular infiltration, vascular change, and tissue-function perturbation",remaining_5256,7e01c3918feba4497917c1d46bd70de540ce2210b16d70d34f9d9f958ad934f2,276,72,11,13,74,24,0.12085858610590339,0.12268073691553893,0.0018221508096355477,0.0018221508096355477,AWAY_FROM_REFERENCE,0.04710144927536232,MINOR,1,230,,,b6bba6359f647dc9143f9777e557a4bf37ba17967c9fab100415105d7e0ae3d8,0.2908467029125039,0.2209258572103706,0.609375,-2,True,581
SB3868,Otitis externa,cochlear-mechanical and auditory-neural transduction structure,"localized inflammatory activation with cellular infiltration, vascular change, and tissue-function perturbation",remaining_5256,7e01c3918feba4497917c1d46bd70de540ce2210b16d70d34f9d9f958ad934f2,276,72,11,13,74,24,0.12085858610590339,0.12268073691553893,0.0018221508096355477,0.0018221508096355477,AWAY_FROM_REFERENCE,0.04710144927536232,MINOR,1,230,,,86285c82820538b9d68a5276e4a3e3d9116e97cff86c3f3fdef9c16ab9444b05,0.2908467029125039,0.2209258572103706,0.609375,-2,True,582
SB3869,Otitis media,cochlear-mechanical and auditory-neural transduction structure,"localized inflammatory activation with cellular infiltration, vascular change, and tissue-function perturbation",remaining_5256,7e01c3918feba4497917c1d46bd70de540ce2210b16d70d34f9d9f958ad934f2,276,72,11,13,74,24,0.12085858610590339,0.12268073691553893,0.0018221508096355477,0.0018221508096355477,AWAY_FROM_REFERENCE,0.04710144927536232,MINOR,1,230,,,f2fa14ba696185cd0e64e4c0600099f998bd68db378a21e9d8503287f58cb338,0.2908467029125039,0.2209258572103706,0.609375,-2,True,583
SB3870,Otitis media acute,cochlear-mechanical and auditory-neural transduction structure,"localized inflammatory activation with cellular infiltration, vascular change, and tissue-function perturbation",remaining_5256,7e01c3918feba4497917c1d46bd70de540ce2210b16d70d34f9d9f958ad934f2,276,72,11,13,74,24,0.12085858610590339,0.12268073691553893,0.0018221508096355477,0.0018221508096355477,AWAY_FROM_REFERENCE,0.04710144927536232,MINOR,1,230,,,a01a31cb723bab4d278108a1c049533ba0326bc81ab744543a9cfa5cf8bb6641,0.2908467029125039,0.2209258572103706,0.609375,-2,True,584
SB3871,Otitis media chronic,cochlear-mechanical and auditory-neural transduction structure,"localized inflammatory activation with cellular infiltration, vascular change, and tissue-function perturbation",remaining_5256,7e01c3918feba4497917c1d46bd70de540ce2210b16d70d34f9d9f958ad934f2,276,72,11,13,74,24,0.12085858610590339,0.12268073691553893,0.0018221508096355477,0.0018221508096355477,AWAY_FROM_REFERENCE,0.04710144927536232,MINOR,1,230,,,d6c56df7ddb7555088e8684be5e96ae154e7d2d0566c78ecdd3825bf2a25fd82,0.2908467029125039,0.2209258572103706,0.609375,-2,True,585
SB3872,Otitis media serous,cochlear-mechanical and auditory-neural transduction structure,"localized inflammatory activation with cellular infiltration, vascular change, and tissue-function perturbation",remaining_5256,7e01c3918feba4497917c1d46bd70de540ce2210b16d70d34f9d9f958ad934f2,276,72,11,13,74,24,0.12085858610590339,0.12268073691553893,0.0018221508096355477,0.0018221508096355477,AWAY_FROM_REFERENCE,0.04710144927536232,MINOR,1,230,,,5a24e4d5d8c3001b8cd64fad66bd95de649e396124cd3e75c7254920309196b1,0.2908467029125039,0.2209258572103706,0.609375,-2,True,586
SB3874,Otosalpingitis,cochlear-mechanical and auditory-neural transduction structure,"localized inflammatory activation with cellular infiltration, vascular change, and tissue-function perturbation",remaining_5256,7e01c3918feba4497917c1d46bd70de540ce2210b16d70d34f9d9f958ad934f2,276,72,11,13,74,24,0.12085858610590339,0.12268073691553893,0.0018221508096355477,0.0018221508096355477,AWAY_FROM_REFERENCE,0.04710144927536232,MINOR,1,230,,,cad5b8dc2031250d786e67c24e5ca2f90c2124fd619452e78ed420df9048afc8,0.2908467029125039,0.2209258572103706,0.609375,-2,True,587
SB4000,Parotitis,cochlear-mechanical and auditory-neural transduction structure,"localized inflammatory activation with cellular infiltration, vascular change, and tissue-function perturbation",remaining_5256,7e01c3918feba4497917c1d46bd70de540ce2210b16d70d34f9d9f958ad934f2,276,72,11,13,74,24,0.12085858610590339,0.12268073691553893,0.0018221508096355477,0.0018221508096355477,AWAY_FROM_REFERENCE,0.04710144927536232,MINOR,1,230,,,09880bd6562a6ebedb8878cf223b057321c12872d00c0cb0504082dbc4fdc7a2,0.2908467029125039,0.2209258572103706,0.609375,-2,True,588
SB5486,Uterine rupture,"female reproductive, gestational, placental, and reproductive-output structure",structural continuity failure producing an abnormal opening or separation,remaining_5256,e2c4dabe0ccf267d86a9a5aa594078bee4f008711dba986680e7d1953b3f91b5,3,0,0,1,1,1,0.15584468151681363,0.156445763032528,0.0006010815157143634,0.0006010815157143634,AWAY_FROM_REFERENCE,0.3333333333333333,MODERATE,2,38,,,bf4442d8b1556d36b366fe82dad9a547fe78bee0266225f9bda47a87474feff7,0.2906964659987693,0.2121679463399626,0.6484375,-1,True,589
SB1850,Epididymitis,"male gonadal, ductal, accessory-gland, and reproductive-output structure","localized inflammatory activation with cellular infiltration, vascular change, and tissue-function perturbation",remaining_5256,4009e01882ebc33d444c8aa06526124c7cb3020bf46a3e0408ac805aa6bc3da5,190,79,11,8,76,19,0.12879084321640233,0.12992599633924862,0.0011351531228462886,0.0011351531228462886,AWAY_FROM_REFERENCE,0.042105263157894736,MINOR,1,223,,,0b9a907155d8874d1be8174bf19be4d3032888484912775e12ebe8e16c5430d0,0.2906620751862264,0.2258455185197883,0.5859375,3,True,590
SB1851,Epididymo-orchitis,"male gonadal, ductal, accessory-gland, and reproductive-output structure","localized inflammatory activation with cellular infiltration, vascular change, and tissue-function perturbation",remaining_5256,4009e01882ebc33d444c8aa06526124c7cb3020bf46a3e0408ac805aa6bc3da5,190,79,11,8,76,19,0.12879084321640233,0.12992599633924862,0.0011351531228462886,0.0011351531228462886,AWAY_FROM_REFERENCE,0.042105263157894736,MINOR,1,223,,,dd15714d809d60ec3bb877dbcaf5b564dfb0f0e37d12aa72c9dd8a914bd5a92e,0.2906620751862264,0.2258455185197883,0.5859375,3,True,591
SB3816,Orchitis,"male gonadal, ductal, accessory-gland, and reproductive-output structure","localized inflammatory activation with cellular infiltration, vascular change, and tissue-function perturbation",remaining_5256,4009e01882ebc33d444c8aa06526124c7cb3020bf46a3e0408ac805aa6bc3da5,190,79,11,8,76,19,0.12879084321640233,0.12992599633924862,0.0011351531228462886,0.0011351531228462886,AWAY_FROM_REFERENCE,0.042105263157894736,MINOR,1,223,,,1a75d876d2ceea14f2434a0873b949682295aa1e5919bdd9b059995a38a30209,0.2906620751862264,0.2258455185197883,0.5859375,3,True,592
SB3817,Orchitis noninfective,"male gonadal, ductal, accessory-gland, and reproductive-output structure","localized inflammatory activation with cellular infiltration, vascular change, and tissue-function perturbation",remaining_5256,4009e01882ebc33d444c8aa06526124c7cb3020bf46a3e0408ac805aa6bc3da5,190,79,11,8,76,19,0.12879084321640233,0.12992599633924862,0.0011351531228462886,0.0011351531228462886,AWAY_FROM_REFERENCE,0.042105263157894736,MINOR,1,223,,,0627a50d5cf1f2a4f63b913d00b2d2c9bd8e1a317ef5c98724d214357b5795e2,0.2906620751862264,0.2258455185197883,0.5859375,3,True,593
SB4372,Prostatitis,"male gonadal, ductal, accessory-gland, and reproductive-output structure","localized inflammatory activation with cellular infiltration, vascular change, and tissue-function perturbation",remaining_5256,4009e01882ebc33d444c8aa06526124c7cb3020bf46a3e0408ac805aa6bc3da5,190,79,11,8,76,19,0.12879084321640233,0.12992599633924862,0.0011351531228462886,0.0011351531228462886,AWAY_FROM_REFERENCE,0.042105263157894736,MINOR,1,223,,,66909e251e5a00cd0237989f793b4a3c7ace0c4f907e99bb84d6226deedea48f,0.2906620751862264,0.2258455185197883,0.5859375,3,True,594
SB3522,Nail bed infection,"nail matrix, plate-production, and periungual structure",pathogen-associated occupation/invasion with host-defense activation and local structural disruption,remaining_5256,7e98aa9821d84892bad4b7c791907e46a6e6537264216089575a2a23d896e68e,36,9,1,1,9,2,0.16581013108987053,0.1764676788489108,0.010657547759040265,0.010657547759040265,AWAY_FROM_REFERENCE,0.027777777777777776,MINOR,1,230,,,b678e7af8827c51ca38df2659d5b11d18f51d41d9eab98e33d8399c445c1b791,0.2906460865221578,0.2172513250270217,0.625,0,True,595
SB3530,Nail infection,"nail matrix, plate-production, and periungual structure",pathogen-associated occupation/invasion with host-defense activation and local structural disruption,remaining_5256,7e98aa9821d84892bad4b7c791907e46a6e6537264216089575a2a23d896e68e,36,9,1,1,9,2,0.16581013108987053,0.1764676788489108,0.010657547759040265,0.010657547759040265,AWAY_FROM_REFERENCE,0.027777777777777776,MINOR,1,230,,,7123c515fcfe831ea904b92b9ed3b63ed0bf465f34ae0eb2143001f2766488a7,0.2906460865221578,0.2172513250270217,0.625,0,True,596
SB1854,Epigastric discomfort,"gastric mucosal barrier, secretory state, motility, and emptying structure",abnormal sensory-autonomic signaling indicating departure from the reference local functional state,remaining_5256,e843163ca905f30a48f758926b29f6e329b7bb50771656725a103c88dc68a834,1653,620,83,57,594,140,0.1511169481797101,0.1473685813244343,-0.0037483668552757976,0.0037483668552757976,TOWARD_REFERENCE,0.034482758620689655,MINOR,1,98,,,de996feb0a7d9545dae578a68c471fdea049b9aa2350d87ee3245b735a287405,0.29064056487731194,0.2206744693625755,0.609375,26,True,597
SB1855,Epigastric distress,"gastric mucosal barrier, secretory state, motility, and emptying structure",abnormal sensory-autonomic signaling indicating departure from the reference local functional state,remaining_5256,e843163ca905f30a48f758926b29f6e329b7bb50771656725a103c88dc68a834,1653,620,83,57,594,140,0.1511169481797101,0.1473685813244343,-0.0037483668552757976,0.0037483668552757976,TOWARD_REFERENCE,0.034482758620689655,MINOR,1,98,,,c89fcc04988196ad2ac0ee3b4af0ac1abf042bdbacbf1ac15f01a71f76466157,0.29064056487731194,0.2206744693625755,0.609375,26,True,598
SB1659,Dyschromatopsia,retinal-cone and visual color-processing structure,distorted discrimination or mapping of visual wavelength/color signals,remaining_5256,ae1399514bac01f4816547dc1ab024cdf3c63953c07a26ffbb769fbe8546c240,78,44,7,6,43,13,0.208715149997712,0.20699951395651384,-0.0017156360411981764,0.0017156360411981764,TOWARD_REFERENCE,0.07692307692307693,MINOR,1,223,,,cbd4e0f9f31c269c7ff1fcf08921bbe4bda8fd8fe347360cd9c0ce50799878b0,0.2903558400297045,0.2168973658898835,0.625,1,True,599
SB0594,Bezoar,"gastric mucosal barrier, secretory state, motility, and emptying structure",solid or semisolid material aggregation within a lumen/cavity with potential flow obstruction,remaining_5256,402ad7e56ce8cc9c9309423c6a3c55d357d74408e4f756bbaecd2f3ac2bb0e96,1653,725,93,51,683,144,0.17927348218089956,0.17902721820391054,-0.00024626397698901403,0.00024626397698901403,TOWARD_REFERENCE,0.030852994555353903,MINOR,1,98,,,630668f0b37edc4400baf3cdfdfcb948bf71aa80b564ae5b1903ff04c4376175,0.2903333851155275,0.22029985989698475,0.609375,42,True,600
SB3913,Painful erection,"male gonadal, ductal, accessory-gland, and reproductive-output structure","altered configuration or regulated output of the named structure, expressed as the state described by painful erection",remaining_5256,09c26572fcc71d508bbdb70277c399c50a424ec83f039139c4906d6f6b443fa1,190,81,9,7,79,16,0.13338470848942574,0.13900893822381377,0.005624229734388031,0.005624229734388031,AWAY_FROM_REFERENCE,0.03684210526315789,MINOR,1,223,,,a2d3f840de6abe3da6624fdcc6c83c8ff25bff0f29f317f402b4c64ebbf495ab,0.29029853510958725,0.2288320550116918,0.5703125,2,True,601
SB5494,Vaginal contraceptive device expelled,"female reproductive, gestational, placental, and reproductive-output structure","altered configuration or regulated output of the named structure, expressed as the state described by vaginal contraceptive device expelled",remaining_5256,e29f60a4f9cedaa2fc885a276c9dd6360566ea77ada495d9a98ca98709d58ead,3,0,0,1,1,1,0.13443645669184245,0.14075099540204983,0.0063145387102073736,0.0063145387102073736,AWAY_FROM_REFERENCE,0.3333333333333333,MODERATE,2,38,,,2f877277a1024f3a06c52b24db48d3fae82e81acd0294d2242aa67b0396ed3e8,0.29010566839999113,0.22345203463413554,0.59375,-1,True,602
SB1768,Electrocardiogram poor R-wave progression,"cardiac conduction, depolarization, repolarization, and rhythm structure",increase in magnitude or spatial extent of an established structural deviation over successive states,remaining_5256,5e1ad6966f04106e0764a7b58a31dadcfea8e5e59cf90f34b77a05e80a9aae05,703,194,11,32,215,43,0.09259425296948576,0.10248489842858677,0.00989064545910101,0.00989064545910101,AWAY_FROM_REFERENCE,0.04551920341394026,MINOR,1,230,,,c113fb7b511cc7a60d285bc95b69e5338713846237a3af884bb50e7508c9d385,0.2900384767651265,0.2233700936160079,0.59375,-21,True,603
SB5111,Sweat gland tumour,eccrine-apocrine sweat-gland secretory structure,loss of normal proliferative/differentiation constraint with clonal tissue expansion and architectural replacement,remaining_5256,f920a0508fdc2da33adb4b37987872b797781bd7ef5ef360eeba0b4366cea05e,105,58,6,0,52,6,0.21824328402803994,0.2215716029847894,0.003328318956749454,0.003328318956749454,AWAY_FROM_REFERENCE,0.0,INFORMATIONAL,0,174,,,e2f011d2e38084318b2bd05772bc3b219c8484b39e46893fdd6afe505e014a0f,0.2900377632223255,0.22165428441747015,0.6015625,6,True,604
SB0598,Bilateral hydronephrosis,renal glomerular-tubular filtration and fluid-balance structure,"abnormal structural accumulation, degeneration, remodeling, or chronic state within the named structure",remaining_5256,1a5de9ed3627080f7e8ac7b036b62eb3016824916b67ceee918670757a0c6c18,91,25,7,4,22,11,0.13589175152256416,0.13690813203372743,0.0010163805111632618,0.0010163805111632618,AWAY_FROM_REFERENCE,0.04395604395604396,MINOR,1,231,,,d5b35783257662461253a03e19105543a173e7210a17fd2a5d33a0dbfa211e6d,0.2900152465282868,0.22162682503449616,0.6015625,3,True,605
SB2562,Hydronephrosis,renal glomerular-tubular filtration and fluid-balance structure,"abnormal structural accumulation, degeneration, remodeling, or chronic state within the named structure",remaining_5256,1a5de9ed3627080f7e8ac7b036b62eb3016824916b67ceee918670757a0c6c18,91,25,7,4,22,11,0.13589175152256416,0.13690813203372743,0.0010163805111632618,0.0010163805111632618,AWAY_FROM_REFERENCE,0.04395604395604396,MINOR,1,231,,,94e4920774ff408be10169866ee8bbd6ea5754e488aa25d33773b93f971a60bb,0.2900152465282868,0.22162682503449616,0.6015625,3,True,606
SB3134,Lipoid nephrosis,renal glomerular-tubular filtration and fluid-balance structure,"abnormal structural accumulation, degeneration, remodeling, or chronic state within the named structure",remaining_5256,1a5de9ed3627080f7e8ac7b036b62eb3016824916b67ceee918670757a0c6c18,91,25,7,4,22,11,0.13589175152256416,0.13690813203372743,0.0010163805111632618,0.0010163805111632618,AWAY_FROM_REFERENCE,0.04395604395604396,MINOR,1,231,,,e085f5cb9ad20480186582d5e584363b473839d2792f03879da57b346b140d46,0.2900152465282868,0.22162682503449616,0.6015625,3,True,607
SB3595,Nephrocalcinosis,renal glomerular-tubular filtration and fluid-balance structure,"abnormal structural accumulation, degeneration, remodeling, or chronic state within the named structure",remaining_5256,1a5de9ed3627080f7e8ac7b036b62eb3016824916b67ceee918670757a0c6c18,91,25,7,4,22,11,0.13589175152256416,0.13690813203372743,0.0010163805111632618,0.0010163805111632618,AWAY_FROM_REFERENCE,0.04395604395604396,MINOR,1,231,,,61ba9da64a63659792e24b3923515a3b47f27c51bb10fc3f11c9230027f558a6,0.2900152465282868,0.22162682503449616,0.6015625,3,True,608
SB3602,Nephrosis,renal glomerular-tubular filtration and fluid-balance structure,"abnormal structural accumulation, degeneration, remodeling, or chronic state within the named structure",remaining_5256,1a5de9ed3627080f7e8ac7b036b62eb3016824916b67ceee918670757a0c6c18,91,25,7,4,22,11,0.13589175152256416,0.13690813203372743,0.0010163805111632618,0.0010163805111632618,AWAY_FROM_REFERENCE,0.04395604395604396,MINOR,1,231,,,f3448232b44979d8b39897d54caa3302471d5fee44139c4926de01ad24350119,0.2900152465282868,0.22162682503449616,0.6015625,3,True,609
SB3603,Nephrosis lower nephron,renal glomerular-tubular filtration and fluid-balance structure,"abnormal structural accumulation, degeneration, remodeling, or chronic state within the named structure",remaining_5256,1a5de9ed3627080f7e8ac7b036b62eb3016824916b67ceee918670757a0c6c18,91,25,7,4,22,11,0.13589175152256416,0.13690813203372743,0.0010163805111632618,0.0010163805111632618,AWAY_FROM_REFERENCE,0.04395604395604396,MINOR,1,231,,,168b725db2718e068707facacff1f84183a664ebb7e08075973344c22c9da973,0.2900152465282868,0.22162682503449616,0.6015625,3,True,610
SB0557,Bacteraemia,innate-adaptive host-defense structure,viable bacteria present within the bloodstream with systemic host-defense activation,remaining_5256,043a20cee2dfd0d5d11bbda36c77741f90808eae7fecab288f96e0bfcfecf99b,15,7,1,0,6,1,0.181197662722413,0.1892707116562793,0.00807304893386629,0.00807304893386629,AWAY_FROM_REFERENCE,0.0,INFORMATIONAL,0,231,,,057ea2500c622065efaa7058825b832709e7de80bd7917572e14c52049e7abb0,0.2900039519974273,0.21132341707003333,0.6484375,1,True,611
SB1825,Enterococcal bacteraemia,innate-adaptive host-defense structure,viable bacteria present within the bloodstream with systemic host-defense activation,remaining_5256,043a20cee2dfd0d5d11bbda36c77741f90808eae7fecab288f96e0bfcfecf99b,15,7,1,0,6,1,0.181197662722413,0.1892707116562793,0.00807304893386629,0.00807304893386629,AWAY_FROM_REFERENCE,0.0,INFORMATIONAL,0,231,,,31652614cd84414d9abf0944c86f17df52b1199dfa724a743b1e98b3a6890b4c,0.2900039519974273,0.21132341707003333,0.6484375,1,True,612
SB1899,Escherichia bacteraemia,innate-adaptive host-defense structure,viable bacteria present within the bloodstream with systemic host-defense activation,remaining_5256,043a20cee2dfd0d5d11bbda36c77741f90808eae7fecab288f96e0bfcfecf99b,15,7,1,0,6,1,0.181197662722413,0.1892707116562793,0.00807304893386629,0.00807304893386629,AWAY_FROM_REFERENCE,0.0,INFORMATIONAL,0,231,,,f0c524326609630ed390f94cc34f2576fb484ef35843ae6cbbd76a0589e06a33,0.2900039519974273,0.21132341707003333,0.6484375,1,True,613
SB5018,Staphylococcal bacteraemia,innate-adaptive host-defense structure,viable bacteria present within the bloodstream with systemic host-defense activation,remaining_5256,043a20cee2dfd0d5d11bbda36c77741f90808eae7fecab288f96e0bfcfecf99b,15,7,1,0,6,1,0.181197662722413,0.1892707116562793,0.00807304893386629,0.00807304893386629,AWAY_FROM_REFERENCE,0.0,INFORMATIONAL,0,231,,,4f65fb165a402f4294aed87098f5cb21dc5915db2c2481c07e98e925ebcf1674,0.2900039519974273,0.21132341707003333,0.6484375,1,True,614
SB5388,Unspecified disorder of autonomic nervous system,sympathetic-parasympathetic autonomic-control network,departure from the reference structural configuration or regulated functional range,remaining_5256,9e1fb702f1bcc95ae0109889aca640a96a6d28584d2f5735f672f46635efa7e0,78,36,3,2,35,5,0.17728356660858147,0.1833951648219424,0.006111598213360936,0.006111598213360936,AWAY_FROM_REFERENCE,0.02564102564102564,MINOR,1,223,,,2ad94340a2183545ef8ee30dac6409344b541d8aebce6c35b274a249b7f6c43b,0.28993767756606903,0.2215322287391086,0.6015625,1,True,615
SB0423,Application site scar,local epidermal-dermal barrier and repair structure,"altered configuration or regulated output of the named structure, expressed as the state described by application site scar",established_478,c1cc4bdf743f18f496c97a97640a1916caa4f0025aee9c18e4b1e9a32aff33d0,28,13,5,1,9,6,0.11969178726008256,0.12806908517257554,0.008377297912492976,0.008377297912492976,AWAY_FROM_REFERENCE,0.03571428571428571,MINOR,1,223,,,a4c4ee8352e12a49286f79fba2ab391daae09c4a1d4a2e46644329e7903f911c,0.2898261896235813,0.223111206858026,0.59375,4,True,616
SB4227,Polycystic kidney,renal glomerular-tubular filtration and fluid-balance structure,"altered configuration or regulated output of the named structure, expressed as the state described by polycystic kidney",remaining_5256,b40af7f494bf4133c278f7d71d7b4d1f4e56c30476846a1fea80cbcf8b1b7210,91,28,3,8,33,11,0.12834629466090852,0.13175758338005983,0.0034112887191513064,0.0034112887191513064,AWAY_FROM_REFERENCE,0.08791208791208792,MINOR,1,231,,,2ab7e5c962d0bdb441402a622efd3e548c0107f25728ae0cc81bf32ff7a44f73,0.28968742816613335,0.22465692459284559,0.5859375,-5,True,617
SB0193,Aggressive reaction,corticolimbic threat-response and impulse-control structure,behavioral-control output shifted toward excessive threat-directed or forceful action,established_478,b60d27ea2673e4591ffcbd95a4eb90ea7a80213fd9a108d3b39344788cec2445,153,53,7,6,52,13,0.159645096047921,0.15142118617351086,-0.008223909874410129,0.008223909874410129,TOWARD_REFERENCE,0.0392156862745098,MINOR,1,223,,,5ded2c25c08e8ca00f0be3c07d12de80bd42a3c9454d249d7bab300149fa4fc3,0.2896627355268988,0.21262223844743755,0.640625,1,True,618
SB2010,Fat atrophy,"adipose-tissue storage, body-composition, and energy-balance structure","reduction of tissue mass, cell volume, or functional structural content",remaining_5256,9859411a044eb40ab3e820209a092d6be9eea3df7e5475bd8513df81fd2c1916,45,22,1,3,24,4,0.16724453587352905,0.17919208405123677,0.011947548177707712,0.011947548177707712,AWAY_FROM_REFERENCE,0.06666666666666667,MINOR,1,174,,,49797f332d0e37997a23975f99803802716a6a8fbaa6ca071512a7078d5fc907,0.28963984197370524,0.2297437097240308,0.5625,-2,True,619
SB3661,Nipple disorder,mammary gland ductal-lobular and secretory structure,departure from the reference structural configuration or regulated functional range,remaining_5256,eb3aad817e069b71960beb5ef7e30f92063f32f7eb08bb492430c125fa8ac54b,3,2,1,0,1,1,0.20189310940649985,0.20460550337565486,0.0027123939691550136,0.0027123939691550136,AWAY_FROM_REFERENCE,0.0,INFORMATIONAL,0,230,,,d1b5f42ac1c3e1739c19589a714280839850ccf35fe58621321a0001a36f85a8,0.2894782715124974,0.22268691647865535,0.59375,1,True,620
SB2210,Gastrointestinal obstruction,"intestinal mucosal barrier, smooth-muscle motility, and luminal transport structure",partial or complete luminal/pathway blockage with impaired transit or flow,remaining_5256,b28608a441ca691cc936ebae9e45d7eeb144cd0bba763a1c0ed7e40d4c601eea,276,82,4,18,96,22,0.13502050727432147,0.1446122978476735,0.009591790573352021,0.009591790573352021,AWAY_FROM_REFERENCE,0.06521739130434782,MINOR,1,231,,,5a66005e51652ab9e65b42c11fa973cddfaaf4478cf85f79d96fdafb2755986b,0.28944746566087537,0.22264934836692118,0.59375,-14,True,621
SB2927,Intestinal obstruction,"intestinal mucosal barrier, smooth-muscle motility, and luminal transport structure",partial or complete luminal/pathway blockage with impaired transit or flow,remaining_5256,b28608a441ca691cc936ebae9e45d7eeb144cd0bba763a1c0ed7e40d4c601eea,276,82,4,18,96,22,0.13502050727432147,0.1446122978476735,0.009591790573352021,0.009591790573352021,AWAY_FROM_REFERENCE,0.06521739130434782,MINOR,1,231,,,13f11fdb424b07d0c8b817fb5bae7b9eda1479010d77d5ad4a9a4dd736e9762d,0.28944746566087537,0.22264934836692118,0.59375,-14,True,622
SB2929,Intestinal pseudo-obstruction,"intestinal mucosal barrier, smooth-muscle motility, and luminal transport structure",partial or complete luminal/pathway blockage with impaired transit or flow,remaining_5256,b28608a441ca691cc936ebae9e45d7eeb144cd0bba763a1c0ed7e40d4c601eea,276,82,4,18,96,22,0.13502050727432147,0.1446122978476735,0.009591790573352021,0.009591790573352021,AWAY_FROM_REFERENCE,0.06521739130434782,MINOR,1,231,,,ab6ea45f3af699c1a3bd99359fcdfac543857bb9a65e311655a4fa89f4aaf3f3,0.28944746566087537,0.22264934836692118,0.59375,-14,True,623
SB1679,Dysphasia,dominant-hemisphere language-processing and speech-planning network,"altered configuration or regulated output of the named structure, expressed as the state described by dysphasia",remaining_5256,dee56dd4e0bae9bed9c3913831490c26b80969af98a40a4b7053d42f78975fcc,231,92,3,11,100,14,0.15805728467861213,0.17776341452300226,0.01970612984439013,0.01970612984439013,AWAY_FROM_REFERENCE,0.047619047619047616,MINOR,1,230,230,230,2cdb1c37316e17c0d04a51d205825db0f404eb101ae49158673bd7b6acbc826b,0.2894318246786491,0.22777509107152327,0.5703125,-8,True,624
SB0267,Anaemia macrocytic,erythroid DNA-synthesis and red-cell maturation structure,reduced erythrocyte/hemoglobin oxygen-transport capacity relative to systemic demand,established_478,d34d2f65088fc7e589d2bbc73e33fd29131af036b81a8f38036e144c5e2ddaa4,6,3,1,2,4,3,0.20621519926647625,0.21228957979942287,0.006074380532946622,0.006074380532946622,AWAY_FROM_REFERENCE,0.3333333333333333,MODERATE,2,231,,,e0360d140b0a8f8544638cea04d5edbfab53a0265b7123046d0186ee61ad428b,0.2894183266043467,0.2174689958589594,0.6171875,-1,True,625
SB0268,Anaemia megaloblastic,erythroid DNA-synthesis and red-cell maturation structure,reduced erythrocyte/hemoglobin oxygen-transport capacity relative to systemic demand,established_478,d34d2f65088fc7e589d2bbc73e33fd29131af036b81a8f38036e144c5e2ddaa4,6,3,1,2,4,3,0.20621519926647625,0.21228957979942287,0.006074380532946622,0.006074380532946622,AWAY_FROM_REFERENCE,0.3333333333333333,MODERATE,2,231,,,4c826581ea91520b5eafadf4bd4dbccce566a63ea2959da522cfe650df58ffe9,0.2894183266043467,0.2174689958589594,0.6171875,-1,True,626
SB0271,Anaemia vitamin B12 deficiency,erythroid DNA-synthesis and red-cell maturation structure,reduced erythrocyte/hemoglobin oxygen-transport capacity relative to systemic demand,established_478,d34d2f65088fc7e589d2bbc73e33fd29131af036b81a8f38036e144c5e2ddaa4,6,3,1,2,4,3,0.20621519926647625,0.21228957979942287,0.006074380532946622,0.006074380532946622,AWAY_FROM_REFERENCE,0.3333333333333333,MODERATE,2,231,,,4e2fc8bef1c66dd6e294c3510ccbfc75e6a28bdb43210666d341d29859ec387f,0.2894183266043467,0.2174689958589594,0.6171875,-1,True,627
SB0285,Analgesic effect,nociceptive sensory-signaling structure,reduction of nociceptive signal transmission and pain-output state relative to baseline,established_478,f5bee5f1edcc6ac19b3404056fe206c047476ee9cfa273feccf2879a63809f79,190,96,11,7,92,18,0.17609810916056534,0.17917688759373918,0.0030787784331738344,0.0030787784331738344,AWAY_FROM_REFERENCE,0.03684210526315789,MINOR,1,231,,,6fa22ebda9472c5fa894ea8110f356e233fa8642627396c75fd79cdc3787cffe,0.28926455604012485,0.22071134882942056,0.6015625,4,True,628
SB0337,Anterior chamber inflammation,anterior-eye aqueous-humor and iris structure,"localized or systemic inflammatory activation with altered barrier, vascular, and cellular organization",established_478,6045d07758e9323094f481ff3e1218870bfe9678fcd3dc71cc5e74ad15b889c4,6,2,1,0,1,1,0.2427248964134454,0.23731681793371495,-0.00540807847973046,0.00540807847973046,TOWARD_REFERENCE,0.0,INFORMATIONAL,0,231,,,b5ac7ab173d37e55c0d0512bd6264a3824ec4c38cc014a5caa4a0bab2ff672a9,0.2892624785235708,0.21556399819947658,0.625,1,True,629
SB5539,Vascular resistance pulmonary increased,"pulmonary airway-alveolar, pleural, and gas-exchange structure",measured or functional quantity shifted above its reference structural range,remaining_5256,6d50eb8f9e639db1275ffc905218c9f73549bf20a20b19d5fd81ba33c3901626,36,15,0,1,16,1,0.19683213403895017,0.1976798814455546,0.0008477474066044266,0.0008477474066044266,AWAY_FROM_REFERENCE,0.027777777777777776,MINOR,1,231,,,4988849797d1dc002e79992ba3210aaa49e0467f3018fbbb97d04f125ca55876,0.28913387454029227,0.22912667626864913,0.5625,-1,True,630
SB0422,Application site scab,local epidermal-dermal barrier and repair structure,"altered configuration or regulated output of the named structure, expressed as the state described by application site scab",established_478,197e5cb2e6bcbdb474410b0ab2051f0402635043c24f12b9d8f38b8561bc15e2,28,13,5,1,9,6,0.11852602188678696,0.1270922620637458,0.00856624017695884,0.00856624017695884,AWAY_FROM_REFERENCE,0.03571428571428571,MINOR,1,223,,,f8066cb45b1c507df2a279edf9c9e3577d694ebcfd54bd06205e987444cd5c21,0.28913312266516467,0.2239809422745911,0.5859375,4,True,631
SB0871,Brugada syndrome,cardiac conduction and myocardial rhythm structure,departure from the reference structural configuration or regulated functional range,remaining_5256,a222464706295c055d516907c0d5c61b0f0b6efa137311f1197b0616e6057e59,21,5,0,1,6,1,0.14330558612002187,0.1494992930068182,0.006193706886796324,0.006193706886796324,AWAY_FROM_REFERENCE,0.047619047619047616,MINOR,1,231,,,aeaba90f3bdc812579c29cb00df8da460feb5890b85cc840c0c097c33cf257ab,0.288989954859984,0.23066610348778538,0.5546875,-1,True,632
SB1746,Electrocardiogram QRS complex abnormal,cardiac conduction and myocardial rhythm structure,departure from the reference structural configuration or regulated functional range,remaining_5256,a222464706295c055d516907c0d5c61b0f0b6efa137311f1197b0616e6057e59,21,5,0,1,6,1,0.14330558612002187,0.1494992930068182,0.006193706886796324,0.006193706886796324,AWAY_FROM_REFERENCE,0.047619047619047616,MINOR,1,231,,,5ddfdcf48ed1fa3fc14c11593ec6ad6bdcd21cfa7c504b25d3c4ad490e74ee28,0.288989954859984,0.23066610348778538,0.5546875,-1,True,633
SB1751,Electrocardiogram QT interval abnormal,cardiac conduction and myocardial rhythm structure,departure from the reference structural configuration or regulated functional range,remaining_5256,a222464706295c055d516907c0d5c61b0f0b6efa137311f1197b0616e6057e59,21,5,0,1,6,1,0.14330558612002187,0.1494992930068182,0.006193706886796324,0.006193706886796324,AWAY_FROM_REFERENCE,0.047619047619047616,MINOR,1,231,,,930fab43d03aaea31d47d41daa0d88dd17b3fa623a725c227f7c3326a1d32e0b,0.288989954859984,0.23066610348778538,0.5546875,-1,True,634
SB3168,Long QT syndrome,cardiac conduction and myocardial rhythm structure,departure from the reference structural configuration or regulated functional range,remaining_5256,a222464706295c055d516907c0d5c61b0f0b6efa137311f1197b0616e6057e59,21,5,0,1,6,1,0.14330558612002187,0.1494992930068182,0.006193706886796324,0.006193706886796324,AWAY_FROM_REFERENCE,0.047619047619047616,MINOR,1,231,,,87df35a3d05f478964ec27a5c4577db4b828ed4a07b4481a3e502062d6bb0168,0.288989954859984,0.23066610348778538,0.5546875,-1,True,635
SB4487,QRS axis abnormal,cardiac conduction and myocardial rhythm structure,departure from the reference structural configuration or regulated functional range,remaining_5256,a222464706295c055d516907c0d5c61b0f0b6efa137311f1197b0616e6057e59,21,5,0,1,6,1,0.14330558612002187,0.1494992930068182,0.006193706886796324,0.006193706886796324,AWAY_FROM_REFERENCE,0.047619047619047616,MINOR,1,231,,,69475e9d40b5ed6ef2570970841128085bc40c0b84343fa8dd15e29b7194d1de,0.288989954859984,0.23066610348778538,0.5546875,-1,True,636
SB1856,Epigastric fullness,"gastric mucosal barrier, secretory state, motility, and emptying structure","altered configuration or regulated output of the named structure, expressed as the state described by epigastric fullness",remaining_5256,9e3d088d0237ea0a05e7706747990b400d1b743c6e6f5dcddcc3c5402f1e0977,1653,616,77,47,586,124,0.15085060322344845,0.15189425237572696,0.001043649152278503,0.001043649152278503,AWAY_FROM_REFERENCE,0.028433151845130067,MINOR,1,98,,,f75db342e1bd8636ecf5c7c910cd7025f7dd47c08068228d194e5d7db56f20b4,0.2888635038297367,0.2253670778411423,0.578125,30,True,637
SB4193,Pleural thickening,"pleural membrane, pleural-space, and thoracic mechanical structure","altered configuration or regulated output of the named structure, expressed as the state described by pleural thickening",remaining_5256,eab00ae3176d9d9904ba71cb0ea0a9f7b82f0f7e1c6834dff7b6f0a2a0d6b534,36,19,1,0,18,1,0.16677000555137123,0.16488191091440463,-0.0018880946369665974,0.0018880946369665974,TOWARD_REFERENCE,0.0,INFORMATIONAL,0,197,,,9053e89d903a4c7df3d77e3071c7414275fc75e55c527ece90b33543a1b0d81c,0.2888082502126612,0.21843993928373318,0.609375,1,True,638
SB0825,Breast discomfort,"mammary gland ductal-lobular, secretory, and surface structure",abnormal sensory-autonomic signaling indicating departure from the reference local functional state,remaining_5256,1c17f8f8e790e35028999cebeb7d1b40e7026c43d408f7b83799575fe3b25ba3,231,106,13,7,100,20,0.151018505204213,0.15073715877556615,-0.0002813464286468559,0.0002813464286468559,TOWARD_REFERENCE,0.030303030303030304,MINOR,1,223,,,86e06219445853e7261d6b6f1ca78f950bbcc53514cd2bb987b510f60ba31688,0.2887979246714235,0.2201422861846628,0.6015625,6,True,639
SB0324,Anophthalmos,ocular developmental structure,"altered configuration or regulated output of the named structure, expressed as the state described by anophthalmos",established_478,1b11eaacfa029c6d0d343d3295ed0e8e3befd6fc86eaa2416b67cbc2270b774c,15,6,0,1,7,1,0.1974704649248007,0.2009704722090977,0.003500007284297002,0.003500007284297002,AWAY_FROM_REFERENCE,0.06666666666666667,MINOR,1,231,,,a7c8eea553ac15e5be88369aca8d6258b71adbcf9265ef12169668321368ce91,0.288717298828231,0.21489914491247686,0.625,-1,True,640
SB0928,Cannula site reaction,"implanted-device, catheter, or prosthesis tissue-interface structure",acute or subacute state transition of the named structure in response to an external or internal perturbation,remaining_5256,b492a6cfd3658a1c43f812c9d1e7d706649af8a904cf3d447b21f280baf5109d,1431,565,50,48,563,98,0.15466219854012642,0.16423315409117967,0.00957095555105325,0.00957095555105325,AWAY_FROM_REFERENCE,0.033542976939203356,MINOR,1,223,,,4ca31e8d46105a214b0b4208935b041fde8bcbe78f94acd5c0f60ab64e18848c,0.2887099537154605,0.2200350045310494,0.6015625,2,True,641
SB1012,Catheter site related reaction,"implanted-device, catheter, or prosthesis tissue-interface structure",acute or subacute state transition of the named structure in response to an external or internal perturbation,remaining_5256,b492a6cfd3658a1c43f812c9d1e7d706649af8a904cf3d447b21f280baf5109d,1431,565,50,48,563,98,0.15466219854012642,0.16423315409117967,0.00957095555105325,0.00957095555105325,AWAY_FROM_REFERENCE,0.033542976939203356,MINOR,1,223,,,04fe6070a0d7bf462972dd212026c122d6ddeaed6aec9b04c72fc8ec79ffeb00,0.2887099537154605,0.2200350045310494,0.6015625,2,True,642
SB2758,Implant site reaction,"implanted-device, catheter, or prosthesis tissue-interface structure",acute or subacute state transition of the named structure in response to an external or internal perturbation,remaining_5256,b492a6cfd3658a1c43f812c9d1e7d706649af8a904cf3d447b21f280baf5109d,1431,565,50,48,563,98,0.15466219854012642,0.16423315409117967,0.00957095555105325,0.00957095555105325,AWAY_FROM_REFERENCE,0.033542976939203356,MINOR,1,223,,,263a1a729385d3014f9a3d2a8264acedbc9112c5c8baa2f995a7e23f1347894e,0.2887099537154605,0.2200350045310494,0.6015625,2,True,643
SB5475,Uterine fibroids aggravated,"female reproductive, gestational, placental, and reproductive-output structure",increase in magnitude or instability of a pre-existing structural deviation,remaining_5256,7f42dd38fe110f0ff819b3be06b6cf00f73f2bd780a62f18dabf648b31d081e3,3,0,0,1,1,1,0.14514319144344934,0.15074515752127482,0.005601966077825482,0.005601966077825482,AWAY_FROM_REFERENCE,0.3333333333333333,MODERATE,2,38,,,4e9ef7f69f0140934e2cb136d5cbd456db44a1f5c074f8615f54234355dd23ea,0.2885963620956322,0.21646660011662466,0.6171875,-1,True,644
SB0065,Acarodermatitis,cutaneous barrier and mite-triggered structure,"localized inflammatory activation with cellular infiltration, vascular change, and tissue-function perturbation",established_478,e560c8318c99754ad261ac83422a67e78e361cff59b89016a13a819d0ded1656,253,99,11,10,98,21,0.20412896570435313,0.1985102000919745,-0.005618765612378618,0.005618765612378618,TOWARD_REFERENCE,0.039525691699604744,MINOR,1,231,,,634e282f74d7dd9ee4d67bda6cd9ec07fd319bc4d33626e1da651006a859b6d7,0.2885445907241164,0.21468852527331272,0.625,1,True,645
SB0868,Bronchospasm paradoxical,bronchial smooth-muscle tone and airway-caliber structure,"altered configuration or regulated output of the named structure, expressed as the state described by bronchospasm paradoxical",remaining_5256,5f1c3da5693e7b29df4011ea868337c0d573714eaecf8b86991bc7ae8ab96854,300,104,9,16,111,25,0.12417332915153312,0.13308186020660173,0.008908531055068614,0.008908531055068614,AWAY_FROM_REFERENCE,0.05333333333333334,MINOR,1,231,,,4ca73dc3058de24e7cf4802a041e5622ad44a519492581e9d3125d0b7394f7c8,0.2884914329226055,0.22148345478366527,0.59375,-7,True,646
SB0321,Ankle sprain,musculoskeletal mechanical-integrity and repair structure,overload-associated connective or myofascial fiber disruption,established_478,75bf420862c54c746062424d573e3112e72a5548353969fcff69d3a4185504f8,105,56,3,7,60,10,0.20663010508671653,0.2158594134646964,0.009229308377979861,0.009229308377979861,AWAY_FROM_REFERENCE,0.06666666666666667,MINOR,1,231,,,8354d52217091847f78d8ad8d2bd4f393f27889b1176cbb282f1eedd70a49405,0.288420751674638,0.21453750204224142,0.625,-4,True,647
SB4373,Prostatomegaly,"male gonadal, ductal, accessory-gland, and reproductive-output structure",enlargement of the named organ or tissue beyond its reference geometry,remaining_5256,4f439b12d701b427a2f466a4d2e2cb199ac545f30fe0fc302a5af88356abf716,190,95,6,6,95,12,0.1431603414430873,0.14913159673293686,0.005971255289849542,0.005971255289849542,AWAY_FROM_REFERENCE,0.031578947368421054,MINOR,1,223,,,587b48d322dcde6ccb681610c653ebd642edff86826b732dafe20a4f1f914a40,0.2882406655966888,0.23318221414230345,0.5390625,0,True,648
SB0278,Anal fissure,anorectal mucosal and perianal tissue integrity/inflammatory structure,linear structural split or tear through a tissue surface or wall,established_478,6913a1b281f283f94bd480159012541dfc18d403d3d0c0346a8237416b428dcb,28,8,3,3,8,6,0.12574267233429315,0.13500442993045958,0.009261757596166431,0.009261757596166431,AWAY_FROM_REFERENCE,0.10714285714285714,MINOR,1,231,,,2877ac588789d85ab5681cda14d5175f79b7bd22b4cefc2552a42f735d9e25d2,0.2882232435678114,0.22287133361928224,0.5859375,0,True,649
SB0417,Application site pigmentation changes,melanocyte melanin-production and epidermal-pigment structure,"altered configuration or regulated output of the named structure, expressed as the state described by application site pigmentation changes",established_478,bb1901a2e055258d8abbcbeef6141dd6f3dce5b892f6a6c5b0ca5de2e7272608,351,84,8,19,95,27,0.10498051697214761,0.11779994118479875,0.012819424212651143,0.012819424212651143,AWAY_FROM_REFERENCE,0.05413105413105413,MINOR,1,230,,,77071023c689a9361366438e3fac9301347052097379f58e228d4ffd4d00641b,0.288221780769229,0.2194396716697915,0.6015625,-11,True,650
SB5506,Vaginal itching,"female reproductive, gestational, placental, and reproductive-output structure","altered configuration or regulated output of the named structure, expressed as the state described by vaginal itching",remaining_5256,f8f51a727b2f8f2d46f579cd06250241889b3ac628105c3312589e335c86ca5f,3,1,1,0,0,1,0.13353687804417202,0.1368848366357266,0.0033479585915545673,0.0033479585915545673,AWAY_FROM_REFERENCE,0.0,INFORMATIONAL,0,38,,,cd10cba85492db5cdae9e43d99f4e52651219ab1298b73126c1632e2ad66049a,0.28814489116522257,0.22106084288441774,0.59375,1,True,651
SB1136,Chromosomal mutation,"genomic sequence, chromosomal organization, and developmental-expression structure","altered configuration or regulated output of the named structure, expressed as the state described by chromosomal mutation",remaining_5256,2416e54bdd8da1fda7abfc2273e0cbb877f2449260723f1d428ec0ed90a3946c,15,6,0,1,7,1,0.12357800371883221,0.13792495539909078,0.014346951680258568,0.014346951680258568,AWAY_FROM_REFERENCE,0.06666666666666667,MINOR,1,222,,,8f379e9b0ee77b9f7039a116d7df5528cccf80bc47ff2b37f417ed2f0ad2b93b,0.2881098113834608,0.22273300168714738,0.5859375,-1,True,652
SB2309,Glycosylated haemoglobin increased,"erythrocyte production, integrity, and oxygen-transport structure",measured or functional quantity shifted above its reference structural range,remaining_5256,b29ada00212d1b3ccb52b50f3558ecb0125f8dc39a90cb09aba2b90e3898b01c,15,10,1,2,11,3,0.15363798164308662,0.15685802363019885,0.003220041987112232,0.003220041987112232,AWAY_FROM_REFERENCE,0.13333333333333333,MINOR,1,174,,,86568d74c5bd7a305f334ffbee60c7c0a8f87f18f97e5235c2a2c1b1601d5e66,0.2880796681129516,0.21583648550359957,0.6171875,-1,True,653
SB2356,Haematocrit increased,"erythrocyte production, integrity, and oxygen-transport structure",measured or functional quantity shifted above its reference structural range,remaining_5256,b29ada00212d1b3ccb52b50f3558ecb0125f8dc39a90cb09aba2b90e3898b01c,15,10,1,2,11,3,0.15363798164308662,0.15685802363019885,0.003220041987112232,0.003220041987112232,AWAY_FROM_REFERENCE,0.13333333333333333,MINOR,1,174,,,eee075a85f55d5e74a3c4663d13c54689b8b595d7e2a62d907d1aa6d9fbdc02e,0.2880796681129516,0.21583648550359957,0.6171875,-1,True,654
SB2369,Haemoglobin increased,"erythrocyte production, integrity, and oxygen-transport structure",measured or functional quantity shifted above its reference structural range,remaining_5256,b29ada00212d1b3ccb52b50f3558ecb0125f8dc39a90cb09aba2b90e3898b01c,15,10,1,2,11,3,0.15363798164308662,0.15685802363019885,0.003220041987112232,0.003220041987112232,AWAY_FROM_REFERENCE,0.13333333333333333,MINOR,1,174,,,86e3b211ab3c71280902bc1ed910bf853a28402b0c260d965b3ac08d0f760200,0.2880796681129516,0.21583648550359957,0.6171875,-1,True,655
SB4551,Red blood cell count increased,"erythrocyte production, integrity, and oxygen-transport structure",measured or functional quantity shifted above its reference structural range,remaining_5256,b29ada00212d1b3ccb52b50f3558ecb0125f8dc39a90cb09aba2b90e3898b01c,15,10,1,2,11,3,0.15363798164308662,0.15685802363019885,0.003220041987112232,0.003220041987112232,AWAY_FROM_REFERENCE,0.13333333333333333,MINOR,1,174,,,303363ec6adafe99124f39677d80e4077dc08339d292bf835cf520e497fc0995,0.2880796681129516,0.21583648550359957,0.6171875,-1,True,656
SB4552,Red blood cell sedimentation rate increased,"erythrocyte production, integrity, and oxygen-transport structure",measured or functional quantity shifted above its reference structural range,remaining_5256,b29ada00212d1b3ccb52b50f3558ecb0125f8dc39a90cb09aba2b90e3898b01c,15,10,1,2,11,3,0.15363798164308662,0.15685802363019885,0.003220041987112232,0.003220041987112232,AWAY_FROM_REFERENCE,0.13333333333333333,MINOR,1,174,,,f4932038da723e02b69587735624b4dc5a96f8feaa122577c2c34c71bda00d65,0.2880796681129516,0.21583648550359957,0.6171875,-1,True,657
SB4436,Pulmonary function test decreased,"pulmonary airway-alveolar, pleural, and gas-exchange structure",measured or functional quantity shifted below its reference structural range,remaining_5256,76795634d32d0e06ae86879b5de04b60234442218724324bcae67cc8557ad668,36,15,0,1,16,1,0.2032816034336996,0.20371475290089724,0.0004331494671976355,0.0004331494671976355,AWAY_FROM_REFERENCE,0.027777777777777776,MINOR,1,231,,,cb5a683468c522b8c60315ec73e55fcf82f2669c23baa14d4fec434d36787ed8,0.28800753818427594,0.2243232172978975,0.578125,-1,True,658
SB4629,Respiratory rate decreased,"pulmonary airway-alveolar, pleural, and gas-exchange structure",measured or functional quantity shifted below its reference structural range,remaining_5256,76795634d32d0e06ae86879b5de04b60234442218724324bcae67cc8557ad668,36,15,0,1,16,1,0.2032816034336996,0.20371475290089724,0.0004331494671976355,0.0004331494671976355,AWAY_FROM_REFERENCE,0.027777777777777776,MINOR,1,231,,,fdb717aa213e333d5a1f0bab7e61ab4a1af9a3b2b33a17e09f6f22a046729eed,0.28800753818427594,0.2243232172978975,0.578125,-1,True,659
SB4631,Respiratory sounds decreased,"pulmonary airway-alveolar, pleural, and gas-exchange structure",measured or functional quantity shifted below its reference structural range,remaining_5256,76795634d32d0e06ae86879b5de04b60234442218724324bcae67cc8557ad668,36,15,0,1,16,1,0.2032816034336996,0.20371475290089724,0.0004331494671976355,0.0004331494671976355,AWAY_FROM_REFERENCE,0.027777777777777776,MINOR,1,231,,,12704fb3dd15c2e91600b58d3743792cf38ca27a9e71cb5f90e260664a25e957,0.28800753818427594,0.2243232172978975,0.578125,-1,True,660
SB0161,Adams-Stokes syndrome,cardiac rhythm-to-cerebral-perfusion continuity structure,departure from the reference structural configuration or regulated functional range,established_478,6975977f7adca46edc1e29cd169585ae9a4c652ee0ab208b0a381a1db40c30bf,780,271,21,20,270,41,0.16941847392071363,0.17432335647458042,0.004904882553866785,0.004904882553866785,AWAY_FROM_REFERENCE,0.02564102564102564,MINOR,1,230,,,44969603e4ca8e04b8481359626565ffa97a8e232108c90f74255fee561a7786,0.28795880831749865,0.2276936686798764,0.5625,1,True,661
SB3113,Limb reduction defect,"regional limb musculoskeletal, neurovascular, and skin structure","altered configuration or regulated output of the named structure, expressed as the state described by limb reduction defect",remaining_5256,93323578595ee3066b4d4a0b964421a3b90ec4a900a8892cd3b075f95860c7d8,21,7,1,0,6,1,0.12434675626458458,0.12824102476675536,0.0038942685021707835,0.0038942685021707835,AWAY_FROM_REFERENCE,0.0,INFORMATIONAL,0,223,,,340f1e2a1c1c377ba1972cd0d07ca849f7830922c6aafd38fd41ba6df5cfd666,0.2876311809230502,0.22386424502810998,0.578125,1,True,662
SB1893,Erythromelalgia,"erythrocyte production, integrity, and oxygen-transport structure",increased nociceptive signaling localized to the named structure,remaining_5256,fd6050bb92f1dc665f499c6db4d47a4aec4f9c3912f3b57ee86ea3454a13e202,15,10,0,3,13,3,0.18221255104794354,0.18374075486536623,0.0015282038174226908,0.0015282038174226908,AWAY_FROM_REFERENCE,0.2,MINOR,1,174,,,95228d27cf88696f7d0b6ad685d629ca801db91b7b16e78e971982a779296dfe,0.2875637351602216,0.21349235995148974,0.625,-3,True,663
SB4470,Purpura,vascular wall and hemostatic integrity structure,"altered configuration or regulated output of the named structure, expressed as the state described by purpura",remaining_5256,29c6896f399893c43e2b2785fdc4ef50c7f22655387840d62ad7000e45fc9025,325,178,7,16,187,23,0.17835992264182376,0.18095361886201888,0.0025936962201951186,0.0025936962201951186,AWAY_FROM_REFERENCE,0.04923076923076923,MINOR,1,210,,,21f23f3e3d1752d6f5beb20b4359351458d57a64fd5e85945db83a958c4edef8,0.2875123705088267,0.21857453720588627,0.6015625,-9,True,664
SB0074,Acetonaemia,hepatic ketone-production and systemic ketone-clearance structure,circulating ketone-body concentration above the reference metabolic state,established_478,44101447f8a3d0ff131cded736a0e6e007d9f1d211788e6ee8f4a0edc570b47d,15,4,1,0,3,1,0.14221478871706816,0.13435740068176782,-0.007857388035300339,0.007857388035300339,TOWARD_REFERENCE,0.0,INFORMATIONAL,0,230,,,278b7c6ae9acc6b18569d8a4d3be9fc9b57c0ebb67f3de3a86d7627be8dc1da8,0.2874256068842269,0.21846872790759386,0.6015625,1,True,665
SB3367,Micturition urgency,"urethral lumen, mucosal, sphincter, and urine-flow structure","altered configuration or regulated output of the named structure, expressed as the state described by micturition urgency",remaining_5256,158d846f6fe22a9e3008569f912046706ca723de3bf375204c8d72df6d0f13ac,465,123,11,27,139,38,0.14174488254124717,0.14536093558285024,0.0036160530416030623,0.0036160530416030623,AWAY_FROM_REFERENCE,0.05806451612903226,MINOR,1,231,,,830eeca656a0a6a09e75d36934cc7284a5d6721d982530961920eb5e0d49985e,0.2873767135161705,0.2218389798977689,0.5859375,-16,True,666
SB1712,Ecchymosis,vascular wall and hemostatic integrity structure,"abnormal structural accumulation, degeneration, remodeling, or chronic state within the named structure",remaining_5256,f915c44fccb8792cdc907bb39af7012e9071104143c7d17a30e80c97f2aae850,325,185,6,7,186,13,0.1829158991786498,0.18609914178083542,0.0031832426021856097,0.0031832426021856097,AWAY_FROM_REFERENCE,0.021538461538461538,MINOR,1,210,,,13425145a9be9992aee7db8cb827013f3b69106abcf361faa583034e716f6c56,0.28737337281670494,0.2252647839228109,0.5703125,-1,True,667
SB1895,Erythropoiesis abnormal,"erythrocyte production, integrity, and oxygen-transport structure",departure from the reference structural configuration or regulated functional range,remaining_5256,1cdbf8768c1b7be2d5ff2b9eb9e8503111c9818acbe4907dc6e9af3e0676dafc,15,11,0,2,13,2,0.15059773287173472,0.15521636540239858,0.004618632530663858,0.004618632530663858,AWAY_FROM_REFERENCE,0.13333333333333333,MINOR,1,174,,,38c0bf86246d8ed51c7a96fbdfa23d2910e3b04eabb325e6ae61fa14b5964e99,0.2873614386211105,0.2115307178306226,0.6328125,-2,True,668
SB2367,Haemoglobin abnormal,"erythrocyte production, integrity, and oxygen-transport structure",departure from the reference structural configuration or regulated functional range,remaining_5256,1cdbf8768c1b7be2d5ff2b9eb9e8503111c9818acbe4907dc6e9af3e0676dafc,15,11,0,2,13,2,0.15059773287173472,0.15521636540239858,0.004618632530663858,0.004618632530663858,AWAY_FROM_REFERENCE,0.13333333333333333,MINOR,1,174,,,f20bc965df936b7342797097182e11098392b3adcf6d095bd91dbdb82ec31681,0.2873614386211105,0.2115307178306226,0.6328125,-2,True,669
SB3922,Palmar-plantar erythrodysaesthesia syndrome,"erythrocyte production, integrity, and oxygen-transport structure",departure from the reference structural configuration or regulated functional range,remaining_5256,1cdbf8768c1b7be2d5ff2b9eb9e8503111c9818acbe4907dc6e9af3e0676dafc,15,11,0,2,13,2,0.15059773287173472,0.15521636540239858,0.004618632530663858,0.004618632530663858,AWAY_FROM_REFERENCE,0.13333333333333333,MINOR,1,174,,,3b450195b55e80506d3eebf7e3b68ba8da0719ca57fc6c00bd5a008039388d8d,0.2873614386211105,0.2115307178306226,0.6328125,-2,True,670
SB4976,Spermatogenesis arrest,"male gonadal, ductal, accessory-gland, and reproductive-output structure",collapse of integrated vital-function continuity and sustained organism-level state,remaining_5256,5ae6ef8622e4d5bcf448893a2f442e7739bb344d1d17c66f38ec16d1e70b7602,190,103,10,2,95,12,0.15217972773329647,0.15297457973704187,0.0007948520037454054,0.0007948520037454054,AWAY_FROM_REFERENCE,0.010526315789473684,MINOR,1,223,,,e9cb9c0a29cc207eee6ee8e88883aa0b3905bd1bb8c9b7bf38bfc5087b0568e4,0.28729492836776893,0.22002430288752306,0.59375,8,True,671
SB4471,Purpura fulminans,vascular wall and hemostatic integrity structure,"altered configuration or regulated output of the named structure, expressed as the state described by purpura fulminans",remaining_5256,a6ce75b85a126c676a619f7a92a657f2116b039fce52935c6bac8c5592108e9f,325,180,6,16,190,22,0.1774916402454183,0.18020868814943047,0.002717047904012171,0.002717047904012171,AWAY_FROM_REFERENCE,0.04923076923076923,MINOR,1,210,,,3bdbda093a4a84ece97ee010a528e6fee2c448fdc53179829014cc44be5753f7,0.28722132389248256,0.21993454133229584,0.59375,-10,True,672
SB1100,Choking,"oropharyngeal swallowing, laryngeal protection, and upper-esophageal transit structure",failure of protected airway/swallow coordination causing acute upper-airway obstruction or aspiration risk,remaining_5256,c23cda48011c5ef6fa34e26bbe0ae800a25dbba7109d7f9459d3f954fa3ed7b2,10,2,0,1,3,1,0.10761289758457504,0.1165000191755492,0.008887121590974156,0.008887121590974156,AWAY_FROM_REFERENCE,0.1,MINOR,1,231,,,a0725738de633b67582e73200650371e6c51de092be7bd94f5180475d325b46e,0.28717027047930044,0.21815734204792736,0.6015625,-1,True,673
SB1101,Choking sensation,"oropharyngeal swallowing, laryngeal protection, and upper-esophageal transit structure",failure of protected airway/swallow coordination causing acute upper-airway obstruction or aspiration risk,remaining_5256,c23cda48011c5ef6fa34e26bbe0ae800a25dbba7109d7f9459d3f954fa3ed7b2,10,2,0,1,3,1,0.10761289758457504,0.1165000191755492,0.008887121590974156,0.008887121590974156,AWAY_FROM_REFERENCE,0.1,MINOR,1,231,,,4e28180c6b49a0d84b7638d13792dd7fa622e3ac0d9e35824465747c56953c3c,0.28717027047930044,0.21815734204792736,0.6015625,-1,True,674
SB0648,Blepharitis allergic,"systemic immune-recognition, signaling, and effector-response structure","exaggerated immune-recognition/effector activation causing barrier, vascular, or smooth-muscle perturbation",remaining_5256,163b8f0592ee94b5fcac338228c2827d2077634853ac681a855f5dbf88daf79a,378,114,7,17,124,24,0.117358425187013,0.1200071009075303,0.0026486757205173017,0.0026486757205173017,AWAY_FROM_REFERENCE,0.04497354497354497,MINOR,1,231,,,393533e9a7775ec458d1a8011778398cb32469f5187890d4de09d7506d21c785,0.2871584729451872,0.21985789383559418,0.59375,-10,True,675
SB1372,Cross reactive drug hypersensitivity,"systemic immune-recognition, signaling, and effector-response structure","exaggerated immune-recognition/effector activation causing barrier, vascular, or smooth-muscle perturbation",remaining_5256,163b8f0592ee94b5fcac338228c2827d2077634853ac681a855f5dbf88daf79a,378,114,7,17,124,24,0.117358425187013,0.1200071009075303,0.0026486757205173017,0.0026486757205173017,AWAY_FROM_REFERENCE,0.04497354497354497,MINOR,1,231,,,3194ad04d68ef63d2105077dcbab24bc8f84274a53d4bd3ae4548764c0f96f4e,0.2871584729451872,0.21985789383559418,0.59375,-10,True,676
SB1613,Drug hypersensitivity,"systemic immune-recognition, signaling, and effector-response structure","exaggerated immune-recognition/effector activation causing barrier, vascular, or smooth-muscle perturbation",remaining_5256,163b8f0592ee94b5fcac338228c2827d2077634853ac681a855f5dbf88daf79a,378,114,7,17,124,24,0.117358425187013,0.1200071009075303,0.0026486757205173017,0.0026486757205173017,AWAY_FROM_REFERENCE,0.04497354497354497,MINOR,1,231,,,52ec75f9441b7ab7a9e56fd9d3ed4f85d20721409730b392d1535b38d8ec4bd0,0.2871584729451872,0.21985789383559418,0.59375,-10,True,677
SB1632,Drug-induced hypersensitivity syndrome,"systemic immune-recognition, signaling, and effector-response structure","exaggerated immune-recognition/effector activation causing barrier, vascular, or smooth-muscle perturbation",remaining_5256,163b8f0592ee94b5fcac338228c2827d2077634853ac681a855f5dbf88daf79a,378,114,7,17,124,24,0.117358425187013,0.1200071009075303,0.0026486757205173017,0.0026486757205173017,AWAY_FROM_REFERENCE,0.04497354497354497,MINOR,1,231,,,6e86abbf05e4ccff88b2e6f77414a52b6ad76fff3005a7abc32db7f3e547494c,0.2871584729451872,0.21985789383559418,0.59375,-10,True,678
SB2099,Food allergy,"systemic immune-recognition, signaling, and effector-response structure","exaggerated immune-recognition/effector activation causing barrier, vascular, or smooth-muscle perturbation",remaining_5256,163b8f0592ee94b5fcac338228c2827d2077634853ac681a855f5dbf88daf79a,378,114,7,17,124,24,0.117358425187013,0.1200071009075303,0.0026486757205173017,0.0026486757205173017,AWAY_FROM_REFERENCE,0.04497354497354497,MINOR,1,231,,,1d6485116a0a9aa521ae3af5d85fc38c9fc47011de345fb08e212748a8343451,0.2871584729451872,0.21985789383559418,0.59375,-10,True,679
SB2556,House dust allergy,"systemic immune-recognition, signaling, and effector-response structure","exaggerated immune-recognition/effector activation causing barrier, vascular, or smooth-muscle perturbation",remaining_5256,163b8f0592ee94b5fcac338228c2827d2077634853ac681a855f5dbf88daf79a,378,114,7,17,124,24,0.117358425187013,0.1200071009075303,0.0026486757205173017,0.0026486757205173017,AWAY_FROM_REFERENCE,0.04497354497354497,MINOR,1,231,,,c65f2fc9aa13d6ef0a5bf2443c25e1105b6fb72deef065dee36526812d5c7910,0.2871584729451872,0.21985789383559418,0.59375,-10,True,680
SB2615,Hypersensitive syndrome,"systemic immune-recognition, signaling, and effector-response structure","exaggerated immune-recognition/effector activation causing barrier, vascular, or smooth-muscle perturbation",remaining_5256,163b8f0592ee94b5fcac338228c2827d2077634853ac681a855f5dbf88daf79a,378,114,7,17,124,24,0.117358425187013,0.1200071009075303,0.0026486757205173017,0.0026486757205173017,AWAY_FROM_REFERENCE,0.04497354497354497,MINOR,1,231,,,c56047b9d519215eaf7828035b6a49acc62a7056f23910e7eb7108d3014d88ac,0.2871584729451872,0.21985789383559418,0.59375,-10,True,681
SB2616,Hypersensitivity,"systemic immune-recognition, signaling, and effector-response structure","exaggerated immune-recognition/effector activation causing barrier, vascular, or smooth-muscle perturbation",remaining_5256,163b8f0592ee94b5fcac338228c2827d2077634853ac681a855f5dbf88daf79a,378,114,7,17,124,24,0.117358425187013,0.1200071009075303,0.0026486757205173017,0.0026486757205173017,AWAY_FROM_REFERENCE,0.04497354497354497,MINOR,1,231,,,4d3bbed157db65919dd11f3454508338f1c80dff803caefddcefcf119a026525,0.2871584729451872,0.21985789383559418,0.59375,-10,True,682
SB2859,Injection site hypersensitivity,"systemic immune-recognition, signaling, and effector-response structure","exaggerated immune-recognition/effector activation causing barrier, vascular, or smooth-muscle perturbation",remaining_5256,163b8f0592ee94b5fcac338228c2827d2077634853ac681a855f5dbf88daf79a,378,114,7,17,124,24,0.117358425187013,0.1200071009075303,0.0026486757205173017,0.0026486757205173017,AWAY_FROM_REFERENCE,0.04497354497354497,MINOR,1,231,,,4ea08b07cc3be7e401f14a618e5cc82476b686e44f45ed7f4b4affc65288fab1,0.2871584729451872,0.21985789383559418,0.59375,-10,True,683
SB3070,Latex allergy,"systemic immune-recognition, signaling, and effector-response structure","exaggerated immune-recognition/effector activation causing barrier, vascular, or smooth-muscle perturbation",remaining_5256,163b8f0592ee94b5fcac338228c2827d2077634853ac681a855f5dbf88daf79a,378,114,7,17,124,24,0.117358425187013,0.1200071009075303,0.0026486757205173017,0.0026486757205173017,AWAY_FROM_REFERENCE,0.04497354497354497,MINOR,1,231,,,c1849a20ca5008264c1bbd611271216dfce564e4b067940cdae1604a250933ae,0.2871584729451872,0.21985789383559418,0.59375,-10,True,684
SB3433,Multiple allergies,"systemic immune-recognition, signaling, and effector-response structure","exaggerated immune-recognition/effector activation causing barrier, vascular, or smooth-muscle perturbation",remaining_5256,163b8f0592ee94b5fcac338228c2827d2077634853ac681a855f5dbf88daf79a,378,114,7,17,124,24,0.117358425187013,0.1200071009075303,0.0026486757205173017,0.0026486757205173017,AWAY_FROM_REFERENCE,0.04497354497354497,MINOR,1,231,,,9c7617c51413ef835096da910ba2652eb32e104f4ee596b8a4dca9521e926775,0.2871584729451872,0.21985789383559418,0.59375,-10,True,685
SB4031,Penicillin allergy,"systemic immune-recognition, signaling, and effector-response structure","exaggerated immune-recognition/effector activation causing barrier, vascular, or smooth-muscle perturbation",remaining_5256,163b8f0592ee94b5fcac338228c2827d2077634853ac681a855f5dbf88daf79a,378,114,7,17,124,24,0.117358425187013,0.1200071009075303,0.0026486757205173017,0.0026486757205173017,AWAY_FROM_REFERENCE,0.04497354497354497,MINOR,1,231,,,1ff04007487cb5465dc63958b67675833bc164ca67bec5aca098cf383f9411ae,0.2871584729451872,0.21985789383559418,0.59375,-10,True,686
SB4376,Protein allergy,"systemic immune-recognition, signaling, and effector-response structure","exaggerated immune-recognition/effector activation causing barrier, vascular, or smooth-muscle perturbation",remaining_5256,163b8f0592ee94b5fcac338228c2827d2077634853ac681a855f5dbf88daf79a,378,114,7,17,124,24,0.117358425187013,0.1200071009075303,0.0026486757205173017,0.0026486757205173017,AWAY_FROM_REFERENCE,0.04497354497354497,MINOR,1,231,,,e4b207e3bb748409dc46f3dbc5efe585c9d10f821d2d6ed9f078283f55b2136a,0.2871584729451872,0.21985789383559418,0.59375,-10,True,687
SB4759,Seasonal allergy,"systemic immune-recognition, signaling, and effector-response structure","exaggerated immune-recognition/effector activation causing barrier, vascular, or smooth-muscle perturbation",remaining_5256,163b8f0592ee94b5fcac338228c2827d2077634853ac681a855f5dbf88daf79a,378,114,7,17,124,24,0.117358425187013,0.1200071009075303,0.0026486757205173017,0.0026486757205173017,AWAY_FROM_REFERENCE,0.04497354497354497,MINOR,1,231,,,d0a9a54209c0a92c810e1692b39a27c00519ea4a8abaff09e5e0083d355df179,0.2871584729451872,0.21985789383559418,0.59375,-10,True,688
SB5134,Systemic allergic reaction,"systemic immune-recognition, signaling, and effector-response structure","exaggerated immune-recognition/effector activation causing barrier, vascular, or smooth-muscle perturbation",remaining_5256,163b8f0592ee94b5fcac338228c2827d2077634853ac681a855f5dbf88daf79a,378,114,7,17,124,24,0.117358425187013,0.1200071009075303,0.0026486757205173017,0.0026486757205173017,AWAY_FROM_REFERENCE,0.04497354497354497,MINOR,1,231,,,3e2c8ceae3b24afd194983c11eb89b5309f82c661f8beae56b78668e16c02205,0.2871584729451872,0.21985789383559418,0.59375,-10,True,689
SB5365,Type I hypersensitivity,"systemic immune-recognition, signaling, and effector-response structure","exaggerated immune-recognition/effector activation causing barrier, vascular, or smooth-muscle perturbation",remaining_5256,163b8f0592ee94b5fcac338228c2827d2077634853ac681a855f5dbf88daf79a,378,114,7,17,124,24,0.117358425187013,0.1200071009075303,0.0026486757205173017,0.0026486757205173017,AWAY_FROM_REFERENCE,0.04497354497354497,MINOR,1,231,,,c7422541793baf2422c2fbaab7990a51498d3e076fcc8db82ae73fafe6759ea1,0.2871584729451872,0.21985789383559418,0.59375,-10,True,690
SB5367,Type IV hypersensitivity reaction,"systemic immune-recognition, signaling, and effector-response structure","exaggerated immune-recognition/effector activation causing barrier, vascular, or smooth-muscle perturbation",remaining_5256,163b8f0592ee94b5fcac338228c2827d2077634853ac681a855f5dbf88daf79a,378,114,7,17,124,24,0.117358425187013,0.1200071009075303,0.0026486757205173017,0.0026486757205173017,AWAY_FROM_REFERENCE,0.04497354497354497,MINOR,1,231,,,8f9d1150ee0dd70b980e8b4032393d5834e3f2df26f18f7842d7aaff4571fe96,0.2871584729451872,0.21985789383559418,0.59375,-10,True,691
SB2058,Fibroadenosis of breast,"mammary gland ductal-lobular, secretory, and surface structure","abnormal structural accumulation, degeneration, remodeling, or chronic state within the named structure",remaining_5256,30148ad17f4316c624b480b2cb52b8dfe3cbd6fdd759670b8298eba3a64c115f,231,90,12,10,88,22,0.13654549279872508,0.13785062061763242,0.0013051278189073479,0.0013051278189073479,AWAY_FROM_REFERENCE,0.04329004329004329,MINOR,1,223,,,920b615f08b1127c25269ac48569f40824a6b76b162eebb3661a077dba4dca59,0.2871557740249723,0.2147097853963077,0.6171875,2,True,692
SB1925,Exostosis,"bone formation, mineralized-matrix deposition, and skeletal-remodeling structure",localized excess bone formation producing a projecting mineralized outgrowth,remaining_5256,31d1c8dc71a98aaa6435ddf770c07b70064a0b29315339a155885027e5e93968,406,165,27,19,157,46,0.18120617331897715,0.188940834666657,0.007734661347679861,0.007734661347679861,AWAY_FROM_REFERENCE,0.046798029556650245,MINOR,1,230,,,984de566e12ce44862761d3efa80ec78ec15022546908ee99607bd66924b0aa1,0.2871005238624773,0.2077826510518016,0.6484375,8,True,693
SB4154,Piloerection,"male gonadal, ductal, accessory-gland, and reproductive-output structure","altered configuration or regulated output of the named structure, expressed as the state described by piloerection",remaining_5256,c835fabdf2ad446d42c845501c78c8c48be50286baddcf8f927de3b7ce2086cd,190,82,8,7,81,15,0.13688878200369436,0.14229132032125424,0.0054025383175598796,0.0054025383175598796,AWAY_FROM_REFERENCE,0.03684210526315789,MINOR,1,223,,,7bcb64d6b16e0b7390ddb410d2b4cb738cacd4264c2e5c1a763305f153f6a57f,0.2870964554251732,0.22664201881118684,0.5625,1,True,694
SB0544,Azoospermia,"male gonadal, ductal, accessory-gland, and reproductive-output structure",absence of spermatozoa in reproductive output,remaining_5256,4606646d9816193d9fe1a430088f49ae4045c331b56da5e5f35d266a85bb9704,190,77,8,10,79,18,0.1373321710486174,0.13952165644984704,0.0021894854012296516,0.0021894854012296516,AWAY_FROM_REFERENCE,0.05263157894736842,MINOR,1,223,,,4e6c1dd21de92e2fb4d8fdc201d64d8bf4dffb5790aed9ed70222eb205c9d038,0.2869844362983373,0.22136059304675282,0.5859375,-2,True,695
SB3598,Nephrolithiasis,renal glomerular-tubular filtration and fluid-balance structure,"altered configuration or regulated output of the named structure, expressed as the state described by nephrolithiasis",remaining_5256,10a8d1915b10a8c85f385ee331d91cbbff226386a6f1ad424612a5b180c17fe1,91,28,4,10,34,14,0.14056119013854063,0.14347654815002442,0.002915358011483793,0.002915358011483793,AWAY_FROM_REFERENCE,0.10989010989010989,MINOR,1,231,,,bb8eed6b5648cb28187fe976af234ff99d291db047c8df0a8ff83324d86dba3c,0.2868474976009713,0.21776371658655036,0.6015625,-6,True,696
SB3032,Labyrinthitis,vestibular sensory-transduction and balance-control structure,"localized inflammatory activation with cellular infiltration, vascular change, and tissue-function perturbation",remaining_5256,c2ed0f18f5523d8d3b8d45bd406885f76649188a9d7fa24050a5a602df3af84f,15,7,1,0,6,1,0.20459228045370992,0.20990759069536113,0.005315310241651217,0.005315310241651217,AWAY_FROM_REFERENCE,0.0,INFORMATIONAL,0,198,,,4f255e9d6a3b530e4c000edad2c9bd682d1e72b91f48f59daad10c9e4f0c286b,0.28675451491127124,0.21250550598935525,0.625,1,True,697
SB5600,Vestibular neuronitis,vestibular sensory-transduction and balance-control structure,"localized inflammatory activation with cellular infiltration, vascular change, and tissue-function perturbation",remaining_5256,c2ed0f18f5523d8d3b8d45bd406885f76649188a9d7fa24050a5a602df3af84f,15,7,1,0,6,1,0.20459228045370992,0.20990759069536113,0.005315310241651217,0.005315310241651217,AWAY_FROM_REFERENCE,0.0,INFORMATIONAL,0,198,,,387b68b642388e7d2bcc3a1e4f8533c6ee379eb6c3aa2469bfe762b9eea7c9b9,0.28675451491127124,0.21250550598935525,0.625,1,True,698
SB1444,Defaecation urgency,"intestinal mucosal barrier, smooth-muscle motility, and luminal transport structure",abnormally rapid/high-intensity rectal evacuation drive with reduced storage tolerance,remaining_5256,760e4987c2fcd385c42128ff3d57e2e4be166e1808038ca2488334fd9ad45528,276,89,2,16,103,18,0.11220798514194563,0.12668735513828233,0.0144793699963367,0.0144793699963367,AWAY_FROM_REFERENCE,0.057971014492753624,MINOR,1,231,,,fbc11ad4f7a9e40f4795c913acff0840e332ae0afeaa3da8d9a858b8a0ef4bc5,0.28675144970585253,0.222791402080308,0.578125,-14,True,699
SB5080,Sudden infant death syndrome,integrated cardiopulmonary-neural vital-function structure,departure from the reference structural configuration or regulated functional range,remaining_5256,281d18997e0af5f2a10d2545a442df5775f27d2b6d147e75687a1c15c7b32755,496,218,25,25,218,50,0.15148601110850568,0.16311519686317344,0.011629185754667759,0.011629185754667759,AWAY_FROM_REFERENCE,0.05040322580645161,MINOR,1,223,,,356403fd001c1cb9c0235ad8461d698eb3d1c51c4c8b436ccec0d5c6d08b27f4,0.2867109641252183,0.22788684649416868,0.5546875,0,True,700
SB0420,Application site rash,local cutaneous inflammatory and microvascular structure,abnormal surface-barrier morphology with local inflammatory/vascular fluid redistribution,established_478,f52d472079bf24b14f84230dd2868c9cbe4239dc3e7f72e45fdc00f573b46a81,171,78,6,4,76,10,0.1806820329054053,0.1797553232093556,-0.0009267096960496879,0.0009267096960496879,TOWARD_REFERENCE,0.023391812865497075,MINOR,1,231,,,9195dfdb5085af7fb6aad0f303253a9e4a239b07d684a78b3e7eddc83e1a4826,0.28663171283915984,0.2175005644379998,0.6015625,2,True,701
SB0398,Application site dryness,local epidermal-dermal barrier and repair structure,reduced water or secretory content relative to the normal hydrated state,established_478,6468d26c9d69997ea3ec5aee358a056ddea7d5d121839d725e69b28ee1b305c7,28,15,3,0,12,3,0.170704054219468,0.17341568597737278,0.0027116317579047866,0.0027116317579047866,AWAY_FROM_REFERENCE,0.0,INFORMATIONAL,0,223,,,3761f29fc162c5d6fa3be77bf59d9b12b81bb7c7e7fc9653b4c013e76ab0890c,0.2865800272350504,0.21915247223786638,0.59375,3,True,702
SB0330,Anosognosia,frontoparietal self-monitoring and body-awareness network structure,"altered configuration or regulated output of the named structure, expressed as the state described by anosognosia",established_478,dc54d7c792c35d9389c02810355ffde2c2e15c92fb8b0a7f8a306902e82f861a,861,268,17,41,292,58,0.09421097935507228,0.1036254713941478,0.009414492039075517,0.009414492039075517,AWAY_FROM_REFERENCE,0.047619047619047616,MINOR,1,230,,,6ba0da09ac46c7ce32b708cefc6499232f276af860107cf9d9407b841e748be7,0.2864863398107166,0.2190382192813617,0.59375,-24,True,703
SB0335,Anterior chamber cell,anterior-eye aqueous-humor and iris structure,inflammatory cells and/or protein accumulation within aqueous humor indicating blood-aqueous barrier disruption,established_478,12c5e24a1afef0a269d2bb9e0893d134b4809d9bb5c81cf2dc09340dae393158,6,3,1,0,2,1,0.2743701819304287,0.2673339176318318,-0.007036264298596939,0.007036264298596939,TOWARD_REFERENCE,0.0,INFORMATIONAL,0,231,,,bff12d514514083161f050cfed2d8a619f869e63ab43d5f5b83233c8eeaef07a,0.2864516779493493,0.21385113164554792,0.6171875,1,True,704
SB0336,Anterior chamber flare,anterior-eye aqueous-humor and iris structure,inflammatory cells and/or protein accumulation within aqueous humor indicating blood-aqueous barrier disruption,established_478,12c5e24a1afef0a269d2bb9e0893d134b4809d9bb5c81cf2dc09340dae393158,6,3,1,0,2,1,0.2743701819304287,0.2673339176318318,-0.007036264298596939,0.007036264298596939,TOWARD_REFERENCE,0.0,INFORMATIONAL,0,231,,,8e2924fdcff6113807597c82b13012766fc0c3e3c526e8673f78e203189af641,0.2864516779493493,0.21385113164554792,0.6171875,1,True,705
SB0585,Benign gastrointestinal neoplasm,"intestinal mucosal barrier, smooth-muscle motility, and luminal transport structure",loss of normal proliferative/differentiation constraint with clonal tissue expansion and architectural replacement,remaining_5256,ce55b667c72f697ae348b9b4debcc3f28cebf71d2c65aeb2562ff7b79f90054f,276,97,3,18,112,21,0.12338282448317128,0.1325637113203182,0.009180886837146907,0.009180886837146907,AWAY_FROM_REFERENCE,0.06521739130434782,MINOR,1,231,,,b2a81354a2390863d35e91f0a6661c68c36b2ff1757712d02ef8337e259524e4,0.2863735125071444,0.22233050305749313,0.578125,-15,True,706
SB2193,Gastrointestinal carcinoma,"intestinal mucosal barrier, smooth-muscle motility, and luminal transport structure",loss of normal proliferative/differentiation constraint with clonal tissue expansion and architectural replacement,remaining_5256,ce55b667c72f697ae348b9b4debcc3f28cebf71d2c65aeb2562ff7b79f90054f,276,97,3,18,112,21,0.12338282448317128,0.1325637113203182,0.009180886837146907,0.009180886837146907,AWAY_FROM_REFERENCE,0.06521739130434782,MINOR,1,231,,,c30e517787e6d7d8bee21c4792abf8b7848346702680b1da1c3214af4396c147,0.2863735125071444,0.22233050305749313,0.578125,-15,True,707
SB2208,Gastrointestinal neoplasm,"intestinal mucosal barrier, smooth-muscle motility, and luminal transport structure",loss of normal proliferative/differentiation constraint with clonal tissue expansion and architectural replacement,remaining_5256,ce55b667c72f697ae348b9b4debcc3f28cebf71d2c65aeb2562ff7b79f90054f,276,97,3,18,112,21,0.12338282448317128,0.1325637113203182,0.009180886837146907,0.009180886837146907,AWAY_FROM_REFERENCE,0.06521739130434782,MINOR,1,231,,,607df5aa684c9b6716b08de29ff3417e917309a38d5190018faa7dd78aa33581,0.2863735125071444,0.22233050305749313,0.578125,-15,True,708
SB2209,Gastrointestinal neoplasm malignant,"intestinal mucosal barrier, smooth-muscle motility, and luminal transport structure",loss of normal proliferative/differentiation constraint with clonal tissue expansion and architectural replacement,remaining_5256,ce55b667c72f697ae348b9b4debcc3f28cebf71d2c65aeb2562ff7b79f90054f,276,97,3,18,112,21,0.12338282448317128,0.1325637113203182,0.009180886837146907,0.009180886837146907,AWAY_FROM_REFERENCE,0.06521739130434782,MINOR,1,231,,,f19aea76649c02c4534eb60ef60a26e4ab5074bb9483604f78bde021fc31e2dd,0.2863735125071444,0.22233050305749313,0.578125,-15,True,709
SB2215,Gastrointestinal stromal tumour,"intestinal mucosal barrier, smooth-muscle motility, and luminal transport structure",loss of normal proliferative/differentiation constraint with clonal tissue expansion and architectural replacement,remaining_5256,ce55b667c72f697ae348b9b4debcc3f28cebf71d2c65aeb2562ff7b79f90054f,276,97,3,18,112,21,0.12338282448317128,0.1325637113203182,0.009180886837146907,0.009180886837146907,AWAY_FROM_REFERENCE,0.06521739130434782,MINOR,1,231,,,7a781bd6b3775549ccaffd460067f75b4ad87815012d5e0baf7dfb45c47d92f8,0.2863735125071444,0.22233050305749313,0.578125,-15,True,710
SB0411,Application site inflammation,local cutaneous inflammatory and microvascular structure,"localized or systemic inflammatory activation with altered barrier, vascular, and cellular organization",established_478,dc9e09dbb8d195926b194761d762efe52a8bbc17e3b683f850c8a2d07f8baa72,171,87,8,4,83,12,0.21064887920451103,0.20710677108897113,-0.0035421081155398992,0.0035421081155398992,TOWARD_REFERENCE,0.023391812865497075,MINOR,1,231,,,ae0527ed37b3b7dc6b23b50d11968ce021efcc17d02e35b2d2d5906ed4ebd5cb,0.28633789918734187,0.2154273160821243,0.609375,4,True,711
SB4594,Renal impairment,renal glomerular-tubular filtration and fluid-balance structure,"altered configuration or regulated output of the named structure, expressed as the state described by renal impairment",remaining_5256,b464250efdfb84949bb437c049b5fb5a82de2ec61be11f9c10d2e824c55ddc4f,91,26,5,5,26,10,0.1234571012422222,0.12729117305232018,0.003834071810097983,0.003834071810097983,AWAY_FROM_REFERENCE,0.054945054945054944,MINOR,1,231,,,634226140190aedad4cb3c7b2affda561ed979b495cae1bf8ec11c723cfbc033,0.2863044489469815,0.2205313401792457,0.5859375,0,True,712
SB0726,Blood pancreatic amylase increased,pancreatic endocrine-exocrine parenchymal and ductal structure,measured or functional quantity shifted above its reference structural range,remaining_5256,7dd0b3ae192c8b40f4fcc57ec9f0f7e003aee12b815181eae52e9f5af3a64a98,91,41,3,3,41,6,0.17543663455802372,0.17582204963329073,0.0003854150752670149,0.0003854150752670149,AWAY_FROM_REFERENCE,0.03296703296703297,MINOR,1,230,,,f738fd2d60eb65dcb7e66593f517756389bb62965682d38c3057ac6b3af6abe7,0.2862977715833359,0.22223813607723897,0.578125,0,True,713
SB3930,Pancreatic enzymes increased,pancreatic endocrine-exocrine parenchymal and ductal structure,measured or functional quantity shifted above its reference structural range,remaining_5256,7dd0b3ae192c8b40f4fcc57ec9f0f7e003aee12b815181eae52e9f5af3a64a98,91,41,3,3,41,6,0.17543663455802372,0.17582204963329073,0.0003854150752670149,0.0003854150752670149,AWAY_FROM_REFERENCE,0.03296703296703297,MINOR,1,230,,,bfa12e9ec716c036e8ac9837556c2dc0b081be8ca34f317b88884f2ae17717bc,0.2862977715833359,0.22223813607723897,0.578125,0,True,714
SB5370,Ulcer foot,"regional limb musculoskeletal, neurovascular, and skin structure",localized epithelial or tissue-surface loss with reduced barrier continuity,remaining_5256,e5a722cfe501294244eb756e20674c3c2fa61185c9a3be6b1e62f0bff299f98e,21,7,0,3,10,3,0.13765444793462878,0.14389023133552625,0.006235783400897477,0.006235783400897477,AWAY_FROM_REFERENCE,0.14285714285714285,MINOR,1,223,,,ad5b8e2c58f279e657c30ed6f7ad3061291f6a83d0ffffe18e62e2f8c8420f75,0.28627483408997284,0.2273549805975279,0.5546875,-3,True,715
SB2455,Henoch-Schonlein purpura,vascular wall and hemostatic integrity structure,"altered configuration or regulated output of the named structure, expressed as the state described by henoch-schonlein purpura",remaining_5256,c370a9e6168b9a014edb9215d677fad3602abbf6b78a7b219f86603b88f85c48,325,179,7,10,182,17,0.1845856022742859,0.18988572697878392,0.005300124704498033,0.005300124704498033,AWAY_FROM_REFERENCE,0.03076923076923077,MINOR,1,210,,,e61a9f87a1b60a8245283897b268b80a4dc10ab973cf52f518e21f41c3edf6d9,0.2862539865808866,0.22046980070839828,0.5859375,-3,True,716
SB1402,Cyst epidermal,"cutaneous epidermal-dermal barrier, appendage, vascular, and immune structure",abnormal enclosed fluid or semisolid cavity within the named tissue,remaining_5256,b18342b82698f605936f3b0d4d66b9426fc6c76441c642b0d06e794b32ceae7e,300,131,14,10,127,24,0.19355767172724225,0.1870893647375469,-0.0064683069896953604,0.0064683069896953604,TOWARD_REFERENCE,0.03333333333333333,MINOR,1,231,,,2c83af0f31d6d159412fddd03e6d937559987ce5c7e178ef85b13a4b18c41468,0.2862458488178796,0.2136001205096093,0.6171875,4,True,717
SB1704,Ear infection,cochlear-mechanical and auditory-neural transduction structure,pathogen-associated occupation/invasion with host-defense activation and local structural disruption,remaining_5256,ab9fa123c4fb98d5c15eb93345129aec9b27295478ebb2deefc351dfaf7cc4fc,276,81,8,11,84,19,0.14675366883860508,0.14705774977710018,0.0003040809384950993,0.0003040809384950993,AWAY_FROM_REFERENCE,0.03985507246376811,MINOR,1,230,,,8cc34ba7f6dcc020fbb1e3cae863e35ef6ae418faac2dbb6ca4349feec57cfa6,0.2861920729749128,0.2169644182620888,0.6015625,-3,True,718
SB2886,Inner ear infection,cochlear-mechanical and auditory-neural transduction structure,pathogen-associated occupation/invasion with host-defense activation and local structural disruption,remaining_5256,ab9fa123c4fb98d5c15eb93345129aec9b27295478ebb2deefc351dfaf7cc4fc,276,81,8,11,84,19,0.14675366883860508,0.14705774977710018,0.0003040809384950993,0.0003040809384950993,AWAY_FROM_REFERENCE,0.03985507246376811,MINOR,1,230,,,a76409e85d4cd67efe2a60288340db01091565324494c4780dfe18dcc09e06c9,0.2861920729749128,0.2169644182620888,0.6015625,-3,True,719
SB4705,Rigors,central-peripheral thermoregulatory heat-production and heat-loss structure,"altered configuration or regulated output of the named structure, expressed as the state described by rigors",remaining_5256,b8194e4e333c223f656de53913d05bdf0d326494d183fb85571231fa079cae4c,3,2,0,1,3,1,0.09676627150315864,0.10259180507930032,0.005825533576141684,0.005825533576141684,AWAY_FROM_REFERENCE,0.3333333333333333,MODERATE,2,174,,,84765aa6ddf7403e3c45e5f54d9c42384e779336d1ed2b27443c1244edc1f9c0,0.2861833842492189,0.223813578352706,0.5703125,-1,True,720
SB2288,Glomerulitis,renal glomerular-tubular filtration and fluid-balance structure,"localized inflammatory activation with cellular infiltration, vascular change, and tissue-function perturbation",remaining_5256,ee8f15870f7ed2dd9740d4ff3289c82911646aa86bbc5ca23c1d2303f19fe6e6,91,29,5,7,31,12,0.14109401744735173,0.141416521330209,0.0003225038828572613,0.0003225038828572613,AWAY_FROM_REFERENCE,0.07692307692307693,MINOR,1,231,,,3a3201936c9cad279a983e8ab78184bf208e96260c72cebdd8680102d94045ad,0.28609512641769397,0.2185611297776756,0.59375,-2,True,721
SB2289,Glomerulonephritis,renal glomerular-tubular filtration and fluid-balance structure,"localized inflammatory activation with cellular infiltration, vascular change, and tissue-function perturbation",remaining_5256,ee8f15870f7ed2dd9740d4ff3289c82911646aa86bbc5ca23c1d2303f19fe6e6,91,29,5,7,31,12,0.14109401744735173,0.141416521330209,0.0003225038828572613,0.0003225038828572613,AWAY_FROM_REFERENCE,0.07692307692307693,MINOR,1,231,,,01dbc4358dee9e8113320c3cb6019e323d4f2f0becd4cbfba5b221bdad4e1411,0.28609512641769397,0.2185611297776756,0.59375,-2,True,722
SB2290,Glomerulonephritis membranoproliferative,renal glomerular-tubular filtration and fluid-balance structure,"localized inflammatory activation with cellular infiltration, vascular change, and tissue-function perturbation",remaining_5256,ee8f15870f7ed2dd9740d4ff3289c82911646aa86bbc5ca23c1d2303f19fe6e6,91,29,5,7,31,12,0.14109401744735173,0.141416521330209,0.0003225038828572613,0.0003225038828572613,AWAY_FROM_REFERENCE,0.07692307692307693,MINOR,1,231,,,0b880725e356d14c44130f3dd778593847915371ced3806cb30ba361660ee732,0.28609512641769397,0.2185611297776756,0.59375,-2,True,723
SB2291,Glomerulonephritis membranous,renal glomerular-tubular filtration and fluid-balance structure,"localized inflammatory activation with cellular infiltration, vascular change, and tissue-function perturbation",remaining_5256,ee8f15870f7ed2dd9740d4ff3289c82911646aa86bbc5ca23c1d2303f19fe6e6,91,29,5,7,31,12,0.14109401744735173,0.141416521330209,0.0003225038828572613,0.0003225038828572613,AWAY_FROM_REFERENCE,0.07692307692307693,MINOR,1,231,,,7faa83bbe8e4096a60a7ebd7739fb51f7a787b9f694765040e762e55e327f692,0.28609512641769397,0.2185611297776756,0.59375,-2,True,724
SB2292,Glomerulonephritis minimal lesion,renal glomerular-tubular filtration and fluid-balance structure,"localized inflammatory activation with cellular infiltration, vascular change, and tissue-function perturbation",remaining_5256,ee8f15870f7ed2dd9740d4ff3289c82911646aa86bbc5ca23c1d2303f19fe6e6,91,29,5,7,31,12,0.14109401744735173,0.141416521330209,0.0003225038828572613,0.0003225038828572613,AWAY_FROM_REFERENCE,0.07692307692307693,MINOR,1,231,,,3b3ca9bb7a27f7609ed2754348a7eb11b63883efcdb5a2dfb85edb4c0985b45b,0.28609512641769397,0.2185611297776756,0.59375,-2,True,725
SB5110,Sweat gland disorder,eccrine-apocrine sweat-gland secretory structure,departure from the reference structural configuration or regulated functional range,remaining_5256,de733e18c8c6c9ef7b40f11e4dcb673b908aa368c5a580ec2f2a53150fed5228,105,51,6,1,46,7,0.20324717285159033,0.20119653932896941,-0.002050633522620915,0.002050633522620915,TOWARD_REFERENCE,0.009523809523809525,MINOR,1,174,,,89a3e36ad612a33bebe382880533b006b967e06d7ac47c0a915f8ad4ee9b37cc,0.2860938133384491,0.2151296504127428,0.609375,5,True,726
SB4609,Repetitive speech,dominant-hemisphere language-processing and speech-planning network,"altered configuration or regulated output of the named structure, expressed as the state described by repetitive speech",remaining_5256,06b2e513a2fb743d3515d025b4ec975e28b37364670086cc933ec819c5b77496,231,88,3,8,93,11,0.1505214271372033,0.168987274758289,0.018465847621085718,0.018465847621085718,AWAY_FROM_REFERENCE,0.03463203463203463,MINOR,1,230,230,230,0a467fe9a31a08d3a33a747eac54b95e2bd2cd227a18b22565bb8169f36d68fc,0.2860099039337631,0.22360201699239401,0.5703125,-5,True,727
SB1009,Catheter site inflammation,"implanted-device, catheter, or prosthesis tissue-interface structure","localized or systemic inflammatory activation with altered barrier, vascular, and cellular organization",remaining_5256,cffa64e8764b8682cbda4759251061b0b3076214ef3b977a29c10d7bac3ee4c9,1431,657,44,53,666,97,0.18484091210272735,0.19169900872349854,0.006858096620771192,0.006858096620771192,AWAY_FROM_REFERENCE,0.037037037037037035,MINOR,1,223,,,a44e8967f2d802c6eea2f0a840d1d2423bb3ad5694094eded038671570ccd3d9,0.2860006947819197,0.22187584729502408,0.578125,-9,True,728
SB2205,Gastrointestinal malformation,"intestinal mucosal barrier, smooth-muscle motility, and luminal transport structure","developmental patterning deviation producing absent, incomplete, or abnormally organized structure",remaining_5256,cecc411225a4626439e4998b903bb1a3aa402cbbb58fef51dd6843c4af159cb9,276,102,4,19,117,23,0.12892465359075267,0.136455562005094,0.007530908414341342,0.007530908414341342,AWAY_FROM_REFERENCE,0.06884057971014493,MINOR,1,231,,,1573bb4e9d6c0d6235779b198a4d3c4bb299f1f64ad85c9511418e8cfb20731c,0.2859938771645558,0.22015259410311683,0.5859375,-15,True,729
SB0374,Aortic valve stenosis,aortic-valve leaflet opening and outflow structure,pathologic lumen narrowing with increased resistance to transit or flow,established_478,c99a482ec88550f6627f3d883c1a850df681e23ef5b9bcf1d6756e7b6b04b120,78,39,8,3,34,11,0.19745021833553844,0.1974987029520474,4.848461650897029e-05,4.848461650897029e-05,AWAY_FROM_REFERENCE,0.038461538461538464,MINOR,1,231,,,98d3b94e231c24f219378757e6fa5236b0c7828001fa02f88e580e59c733a6e2,0.28585606416645115,0.2165546514225014,0.6015625,5,True,730
SB2590,Hyperhidrosis,eccrine-apocrine sweat-gland secretory structure,"excess magnitude, activity, quantity, or tissue state above the reference configuration",remaining_5256,f226d08ddcdd03cc42a1d8f279a64e34917c504948801c7e58306f6e77344fc8,105,58,11,1,48,12,0.18753912119970884,0.19274587212920813,0.005206750929499293,0.005206750929499293,AWAY_FROM_REFERENCE,0.009523809523809525,MINOR,1,174,,,857ab56d52fed0cb861f90615ef3cb829c0758ec0e23594738047ae4e5e959f2,0.28582066356154184,0.21308160190431935,0.6171875,10,True,731
SB1903,Essential thrombocythaemia,"platelet production, activation, adhesion, and aggregation structure",abnormal concentration or presence of the named material/cell state in circulating blood,remaining_5256,22b98362f446803f0453e00822ace9e8b111f12122edc4fed43c7e90f517b469,15,6,3,1,4,4,0.16005252035359263,0.16195625795927104,0.0019037376056784128,0.0019037376056784128,AWAY_FROM_REFERENCE,0.06666666666666667,MINOR,1,230,,,85e015472cfa2ccb3460fa547a221c3c9c070d0f98811257166c9e79c61a1730,0.2858063897605957,0.20963431678121425,0.6328125,2,True,732
SB2190,Gastroenteritis bacterial,"intestinal mucosal barrier, smooth-muscle motility, and luminal transport structure",pathogen-associated occupation/invasion with host-defense activation and local structural disruption,remaining_5256,6be657cbb5b0e4df4239cda35ffebd2ab8a10110e40653cf3807cf4dd5b7147d,276,75,3,22,94,25,0.11845116070033979,0.125296189691241,0.006845028990901225,0.006845028990901225,AWAY_FROM_REFERENCE,0.07971014492753623,MINOR,1,231,,,bc34408a0a44d00402b5586f757a65e5c11aac67f8392b71fec6e02810275dc3,0.28579857096661526,0.2216293548373357,0.578125,-19,True,733
SB2199,Gastrointestinal fungal infection,"intestinal mucosal barrier, smooth-muscle motility, and luminal transport structure",pathogen-associated occupation/invasion with host-defense activation and local structural disruption,remaining_5256,6be657cbb5b0e4df4239cda35ffebd2ab8a10110e40653cf3807cf4dd5b7147d,276,75,3,22,94,25,0.11845116070033979,0.125296189691241,0.006845028990901225,0.006845028990901225,AWAY_FROM_REFERENCE,0.07971014492753623,MINOR,1,231,,,414346cca9220e789962da96450901caad1a4e01d7857896776d2d0139c742c7,0.28579857096661526,0.2216293548373357,0.578125,-19,True,734
SB2203,Gastrointestinal infection,"intestinal mucosal barrier, smooth-muscle motility, and luminal transport structure",pathogen-associated occupation/invasion with host-defense activation and local structural disruption,remaining_5256,6be657cbb5b0e4df4239cda35ffebd2ab8a10110e40653cf3807cf4dd5b7147d,276,75,3,22,94,25,0.11845116070033979,0.125296189691241,0.006845028990901225,0.006845028990901225,AWAY_FROM_REFERENCE,0.07971014492753623,MINOR,1,231,,,6df51d5cfd865c3391138dfdc0e6c80350a3471eb9a042b613d1530075274d8e,0.28579857096661526,0.2216293548373357,0.578125,-19,True,735
SB5605,Viral diarrhoea,"intestinal mucosal barrier, smooth-muscle motility, and luminal transport structure",pathogen-associated occupation/invasion with host-defense activation and local structural disruption,remaining_5256,6be657cbb5b0e4df4239cda35ffebd2ab8a10110e40653cf3807cf4dd5b7147d,276,75,3,22,94,25,0.11845116070033979,0.125296189691241,0.006845028990901225,0.006845028990901225,AWAY_FROM_REFERENCE,0.07971014492753623,MINOR,1,231,,,aeb20ab92a89d6b0cbaed9a4f874b57b2afc8c465e25e7d6a5cc2525afbb3722,0.28579857096661526,0.2216293548373357,0.578125,-19,True,736
SB5126,Syncope vasovagal,sympathetic-parasympathetic autonomic-control network,transient loss of postural/awareness continuity from insufficient integrated cerebral perfusion or output,remaining_5256,f9c27594f75d7d98baf2298d9294f62998c9fded6d1b4e046609977714bedb12,78,35,5,3,33,8,0.1727700482826009,0.17182937514474994,-0.0009406731378509559,0.0009406731378509559,TOWARD_REFERENCE,0.038461538461538464,MINOR,1,223,,,0dc41fe99dd1a072bc3f7bbe244c5f12fbac12115e1582874c5bac42c7c1dec1,0.2855045574150494,0.20926622855493826,0.6328125,2,True,737
SB1076,Cheilosis,"oral mucosal, dental, lingual, and salivary-interface structure","abnormal structural accumulation, degeneration, remodeling, or chronic state within the named structure",remaining_5256,3b8d9b0d213110bc4587ef08df742a3c8db8e0e82e5f57880eb6427a16be80b8,45,21,2,1,20,3,0.11237521848417753,0.11751519160409873,0.005139973119921204,0.005139973119921204,AWAY_FROM_REFERENCE,0.022222222222222223,MINOR,1,230,,,f46e6c619ca4258993411de2b8fc9286f26eaf8e734ba6aba0c1ccb943eff816,0.2855008278043123,0.22126625341989303,0.578125,1,True,738
SB1761,Electrocardiogram T wave amplitude decreased,"cardiac conduction, depolarization, repolarization, and rhythm structure",measured or functional quantity shifted below its reference structural range,remaining_5256,41a30e639d3fbb4a8dd986788e654c1b88264b6ec8fa0f05c3fd8d902e2db0f3,703,249,35,19,233,54,0.1289381643034937,0.13166410352192992,0.002725939218436224,0.002725939218436224,AWAY_FROM_REFERENCE,0.02702702702702703,MINOR,1,230,,,4db7155f60ef651b72b50b00d3dcbfd58691302cdf294e1ac0d62c909e8bf34b,0.2854994438689376,0.21954962666943612,0.5859375,16,True,739
SB0276,Anal candidiasis,anorectal mucosal and perianal tissue integrity/inflammatory structure,"altered configuration or regulated output of the named structure, expressed as the state described by anal candidiasis",established_478,d49e188baf366a710e6108ae78f930062d4042bf02cbf089c7560d7ca9fde95b,28,8,2,2,8,4,0.09590223709981116,0.10277075305154026,0.006868515951729104,0.006868515951729104,AWAY_FROM_REFERENCE,0.07142857142857142,MINOR,1,231,,,007bc013b617de2df54333a3e70f8827634646eec545c5a31fb379bff3fb9499,0.2854378994810137,0.2211895115622119,0.578125,0,True,740
SB4033,Penile discharge,"male gonadal, ductal, accessory-gland, and reproductive-output structure",abnormal increase or ectopic release of secreted material,remaining_5256,3910a356862051e0ef830d21c60f8baca748048539f298adf4900bf6ba2593b9,190,97,11,4,90,15,0.13950092782171142,0.14015359860142818,0.0006526707797167575,0.0006526707797167575,AWAY_FROM_REFERENCE,0.021052631578947368,MINOR,1,223,,,e9920e2f3b67b7896969daa3f0a03dc2ab047b39fa33e8724a87b04fce3cd8ab,0.2853315086594378,0.22277470568224123,0.5703125,7,True,741
SB0424,Application site skin breakdown,local epidermal-dermal barrier and repair structure,"altered configuration or regulated output of the named structure, expressed as the state described by application site skin breakdown",established_478,648042a67ab2eef688998abc1d4a47a194f27b431ce02a2d0a304fbb15b0e859,28,14,5,0,9,5,0.11909267822405245,0.12838940011249622,0.00929672188844377,0.00929672188844377,AWAY_FROM_REFERENCE,0.0,INFORMATIONAL,0,223,,,2232dc5d2034981bcf383a16c6a6b2cbcafefa550fa250cd254d58abdf7f88b1,0.28529216614963854,0.22444166603614457,0.5625,5,True,742
SB1360,Cranial nerve paralysis,peripheral sensory-nerve axonal conduction structure,reduced or absent motor neural output and target-tissue activation,remaining_5256,442a688d03a725d464e7a78d915854d802706b2a36a74d79e200a10ec3a9f535,6,6,2,0,4,2,0.23666765744530527,0.23505194969348042,-0.0016157077518248464,0.0016157077518248464,TOWARD_REFERENCE,0.0,INFORMATIONAL,0,223,,,087aabd351d33d85f650d73a26690049999e42a395eef7348a2cf8973155b40f,0.2852675331369361,0.21583693065480014,0.6015625,2,True,743
SB2718,IIIrd nerve paralysis,peripheral sensory-nerve axonal conduction structure,reduced or absent motor neural output and target-tissue activation,remaining_5256,442a688d03a725d464e7a78d915854d802706b2a36a74d79e200a10ec3a9f535,6,6,2,0,4,2,0.23666765744530527,0.23505194969348042,-0.0016157077518248464,0.0016157077518248464,TOWARD_REFERENCE,0.0,INFORMATIONAL,0,223,,,0a84c07660335080b5b9cc7c25b79f8df130a831035c14098c360829750acdae,0.2852675331369361,0.21583693065480014,0.6015625,2,True,744
SB3609,Nerve paralysis,peripheral sensory-nerve axonal conduction structure,reduced or absent motor neural output and target-tissue activation,remaining_5256,442a688d03a725d464e7a78d915854d802706b2a36a74d79e200a10ec3a9f535,6,6,2,0,4,2,0.23666765744530527,0.23505194969348042,-0.0016157077518248464,0.0016157077518248464,TOWARD_REFERENCE,0.0,INFORMATIONAL,0,223,,,e73430c11ad2dc55b8ab02b0e0ee9e41b261c25c81abc6c680b82c44b412fc13,0.2852675331369361,0.21583693065480014,0.6015625,2,True,745
SB4082,Peripheral nerve palsy,peripheral sensory-nerve axonal conduction structure,reduced or absent motor neural output and target-tissue activation,remaining_5256,442a688d03a725d464e7a78d915854d802706b2a36a74d79e200a10ec3a9f535,6,6,2,0,4,2,0.23666765744530527,0.23505194969348042,-0.0016157077518248464,0.0016157077518248464,TOWARD_REFERENCE,0.0,INFORMATIONAL,0,223,,,24e6fea10d22621f22ba4bd35760e394354032fb347297ab6d31d00a53c0dcb8,0.2852675331369361,0.21583693065480014,0.6015625,2,True,746
SB4100,Peroneal nerve palsy,peripheral sensory-nerve axonal conduction structure,reduced or absent motor neural output and target-tissue activation,remaining_5256,442a688d03a725d464e7a78d915854d802706b2a36a74d79e200a10ec3a9f535,6,6,2,0,4,2,0.23666765744530527,0.23505194969348042,-0.0016157077518248464,0.0016157077518248464,TOWARD_REFERENCE,0.0,INFORMATIONAL,0,223,,,5f36e32558ba3a3e7b7ea5c752ed7c665d824cef629b49b206017e6d0d9ed87e,0.2852675331369361,0.21583693065480014,0.6015625,2,True,747
SB4492,Radial nerve palsy,peripheral sensory-nerve axonal conduction structure,reduced or absent motor neural output and target-tissue activation,remaining_5256,442a688d03a725d464e7a78d915854d802706b2a36a74d79e200a10ec3a9f535,6,6,2,0,4,2,0.23666765744530527,0.23505194969348042,-0.0016157077518248464,0.0016157077518248464,TOWARD_REFERENCE,0.0,INFORMATIONAL,0,223,,,8973e9c15f4e617fedaf8fbc4cb4775f39dd044fb0f46dc4d9291c04dee3cc4e,0.2852675331369361,0.21583693065480014,0.6015625,2,True,748
SB5490,VIIth nerve paralysis,peripheral sensory-nerve axonal conduction structure,reduced or absent motor neural output and target-tissue activation,remaining_5256,442a688d03a725d464e7a78d915854d802706b2a36a74d79e200a10ec3a9f535,6,6,2,0,4,2,0.23666765744530527,0.23505194969348042,-0.0016157077518248464,0.0016157077518248464,TOWARD_REFERENCE,0.0,INFORMATIONAL,0,223,,,71a380daebf6891ca822f557ffe744fcd3c0a251a326165fe30eb099bb20d658,0.2852675331369361,0.21583693065480014,0.6015625,2,True,749
SB5491,VIth nerve paralysis,peripheral sensory-nerve axonal conduction structure,reduced or absent motor neural output and target-tissue activation,remaining_5256,442a688d03a725d464e7a78d915854d802706b2a36a74d79e200a10ec3a9f535,6,6,2,0,4,2,0.23666765744530527,0.23505194969348042,-0.0016157077518248464,0.0016157077518248464,TOWARD_REFERENCE,0.0,INFORMATIONAL,0,223,,,2fe495ee9eb896551fd538a3b479218c864d9f27c9ebed3212f5433fb475c20e,0.2852675331369361,0.21583693065480014,0.6015625,2,True,750
SB4369,Prostatic intraepithelial neoplasia,"male gonadal, ductal, accessory-gland, and reproductive-output structure","altered configuration or regulated output of the named structure, expressed as the state described by prostatic intraepithelial neoplasia",remaining_5256,13d735c4113e75a5280ebf024fb65b15d7bf5698c41a843c5d0d5a385f451fc6,190,92,9,4,87,13,0.13692625024755745,0.14162285918540785,0.0046966089378503995,0.0046966089378503995,AWAY_FROM_REFERENCE,0.021052631578947368,MINOR,1,223,,,8685b7740d27009780225071c13f8698323e882a45d3732fd93e27201b5b1fa1,0.28513433109948816,0.22253424524327825,0.5703125,5,True,751
SB3589,Neoplasm prostate,"male gonadal, ductal, accessory-gland, and reproductive-output structure",loss of normal proliferative/differentiation constraint with clonal tissue expansion and architectural replacement,remaining_5256,928ca694f8059098bfdf0778ef42c421f895339e4c912c336446e7049dd2a23e,190,105,9,4,100,13,0.15473734863351019,0.15858432094164643,0.003846972308136243,0.003846972308136243,AWAY_FROM_REFERENCE,0.021052631578947368,MINOR,1,223,,,d290b5dfecd11a982d9af322f523544ab2d1f7e62476aff10310fe587202b924,0.2851331017764279,0.22596262411759505,0.5546875,5,True,752
SB4359,Prostate cancer,"male gonadal, ductal, accessory-gland, and reproductive-output structure",loss of normal proliferative/differentiation constraint with clonal tissue expansion and architectural replacement,remaining_5256,928ca694f8059098bfdf0778ef42c421f895339e4c912c336446e7049dd2a23e,190,105,9,4,100,13,0.15473734863351019,0.15858432094164643,0.003846972308136243,0.003846972308136243,AWAY_FROM_REFERENCE,0.021052631578947368,MINOR,1,223,,,97c7e2b8d4b9b5ee0f36b292329b8230448db012dd2da8e6d6e8faf21030e68a,0.2851331017764279,0.22596262411759505,0.5546875,5,True,753
SB4360,Prostate cancer metastatic,"male gonadal, ductal, accessory-gland, and reproductive-output structure",loss of normal proliferative/differentiation constraint with clonal tissue expansion and architectural replacement,remaining_5256,928ca694f8059098bfdf0778ef42c421f895339e4c912c336446e7049dd2a23e,190,105,9,4,100,13,0.15473734863351019,0.15858432094164643,0.003846972308136243,0.003846972308136243,AWAY_FROM_REFERENCE,0.021052631578947368,MINOR,1,223,,,8a8a2a3d2fe49409bbd1db05b0287f33e3b34fa58487c77f06111fce1750d895,0.2851331017764279,0.22596262411759505,0.5546875,5,True,754
SB4361,Prostate carcinoma,"male gonadal, ductal, accessory-gland, and reproductive-output structure",loss of normal proliferative/differentiation constraint with clonal tissue expansion and architectural replacement,remaining_5256,928ca694f8059098bfdf0778ef42c421f895339e4c912c336446e7049dd2a23e,190,105,9,4,100,13,0.15473734863351019,0.15858432094164643,0.003846972308136243,0.003846972308136243,AWAY_FROM_REFERENCE,0.021052631578947368,MINOR,1,223,,,90b64eab3aaff60a49a388349b8b3069d21dc5b2a86fd37c9c0b16db9de4e1ac,0.2851331017764279,0.22596262411759505,0.5546875,5,True,755
SB0840,Breast pain,"mammary gland ductal-lobular, secretory, and surface structure",increased nociceptive signaling associated with local tissue or neural perturbation,remaining_5256,2dfdfcdcaa5570448ebbe625b280f43bd765dd82ad4e645daca9b2957a1b78a8,231,104,12,12,104,24,0.16640833185703874,0.16569457680141464,-0.000713755055624099,0.000713755055624099,TOWARD_REFERENCE,0.05194805194805195,MINOR,1,223,,,b29fc5b7f62fef6df3c32d116511f72c7c24ff99e2a64fd6f67add8c88dfbfb2,0.28512273961436024,0.20708565806629298,0.640625,0,True,756
SB0841,Breast pain female,"mammary gland ductal-lobular, secretory, and surface structure",increased nociceptive signaling associated with local tissue or neural perturbation,remaining_5256,2dfdfcdcaa5570448ebbe625b280f43bd765dd82ad4e645daca9b2957a1b78a8,231,104,12,12,104,24,0.16640833185703874,0.16569457680141464,-0.000713755055624099,0.000713755055624099,TOWARD_REFERENCE,0.05194805194805195,MINOR,1,223,,,e6ad30b9865dab5a8bc2a5aca61fa25f4e0cf9585bba6282befd3815213eb7a8,0.28512273961436024,0.20708565806629298,0.640625,0,True,757
SB0842,Breast pain male,"mammary gland ductal-lobular, secretory, and surface structure",increased nociceptive signaling associated with local tissue or neural perturbation,remaining_5256,2dfdfcdcaa5570448ebbe625b280f43bd765dd82ad4e645daca9b2957a1b78a8,231,104,12,12,104,24,0.16640833185703874,0.16569457680141464,-0.000713755055624099,0.000713755055624099,TOWARD_REFERENCE,0.05194805194805195,MINOR,1,223,,,d28e1fe21084c2839818e313268d35c3963934cc92c1a005c64f544ad2980e5f,0.28512273961436024,0.20708565806629298,0.640625,0,True,758
SB0844,Breast tenderness,"mammary gland ductal-lobular, secretory, and surface structure",increased nociceptive signaling associated with local tissue or neural perturbation,remaining_5256,2dfdfcdcaa5570448ebbe625b280f43bd765dd82ad4e645daca9b2957a1b78a8,231,104,12,12,104,24,0.16640833185703874,0.16569457680141464,-0.000713755055624099,0.000713755055624099,TOWARD_REFERENCE,0.05194805194805195,MINOR,1,223,,,1957ff6f33c6f7b5bb4c3b0467d19a27a9ba66e8c108caaab5e30675084a5699,0.28512273961436024,0.20708565806629298,0.640625,0,True,759
SB0816,Breast atrophy,"mammary gland ductal-lobular, secretory, and surface structure","reduction of tissue mass, cell volume, or functional structural content",remaining_5256,1d8d4bb441f341943530a3f3f657df599eafffafa8d659c4ffac79c2a22636f9,231,91,13,17,95,30,0.1664634228788715,0.17109854621688192,0.004635123338010416,0.004635123338010416,AWAY_FROM_REFERENCE,0.0735930735930736,MINOR,1,223,,,9011485155054609203bf9f1c336e667a3ebbc5caa1e894e18d04c41828dbde0,0.2850879735005948,0.22419265061048144,0.5625,-4,True,760
SB2815,Influenza-like symptoms,innate-adaptive host-defense structure,observable sensory or functional output indicating departure from the reference structural state,remaining_5256,5f0a45b60985b4b47b943d891e448d8cd87e7c2d10b63a586972453c3fa1ff3c,15,9,2,0,7,2,0.22702538224511426,0.22973819919098992,0.0027128169458756624,0.0027128169458756624,AWAY_FROM_REFERENCE,0.0,INFORMATIONAL,0,231,,,104867ba059375da2498618860f67b9df5da1ddeb9be8a1a597e066f22ce29e1,0.2850860081849491,0.2190454368109136,0.5859375,2,True,761
SB0405,Application site haematoma,local cutaneous microvascular-hemostasis structure,vascular or tissue integrity breach with blood extravasation/accumulation,established_478,3af1902c5e11e0e8ba33f23683e5f0623d9bad37139e047162131af4625f8574,528,188,18,41,211,59,0.20725460328733236,0.20939347577911382,0.0021388724917814628,0.0021388724917814628,AWAY_FROM_REFERENCE,0.07765151515151515,MINOR,1,223,,,401b764d5621844849e0f0033e6b436e37a3825b1ebf2e18b505faa5c83c148e,0.28503247029576206,0.21555026865336835,0.6015625,-23,True,762
SB0406,Application site haemorrhage,local cutaneous microvascular-hemostasis structure,vascular or tissue integrity breach with blood extravasation/accumulation,established_478,3af1902c5e11e0e8ba33f23683e5f0623d9bad37139e047162131af4625f8574,528,188,18,41,211,59,0.20725460328733236,0.20939347577911382,0.0021388724917814628,0.0021388724917814628,AWAY_FROM_REFERENCE,0.07765151515151515,MINOR,1,223,,,6c2f5787d875ad0edde15aea507f310635b6d30639e541e20cc87e4bd21d3e34,0.28503247029576206,0.21555026865336835,0.6015625,-23,True,763
SB4934,Slurred speech,dominant-hemisphere language-processing and speech-planning network,"altered configuration or regulated output of the named structure, expressed as the state described by slurred speech",remaining_5256,b4ab212a756039d74a9f27de08d846915aa48407434f791306321d05ebcc251a,231,88,3,10,95,13,0.15339235712854338,0.17154287435445648,0.0181505172259131,0.0181505172259131,AWAY_FROM_REFERENCE,0.04329004329004329,MINOR,1,230,230,230,da0ae9d16cb55d7ee89725472f53f73d38b9bca8f276909157125aeb67fce586,0.285030798114812,0.22240798550586838,0.5703125,-7,True,764
SB0224,Alertness decreased,ascending arousal and cortical-consciousness structure,measured or functional quantity shifted below its reference structural range,established_478,b3c11dd6c016eba6494fac27e358c7270d6bbc3b85e1d15ee459bbf5173b9d81,703,265,39,21,247,60,0.18374808688857236,0.17594608405679923,-0.007802002831773125,0.007802002831773125,TOWARD_REFERENCE,0.029871977240398292,MINOR,1,223,,,bdfb9b256e3814c0958a47b1f49cb6dd3b682c398c5188c64c5166ddb034397b,0.28494515150634,0.2257334164711463,0.5546875,18,True,765
SB4034,Penile haematoma,"male gonadal, ductal, accessory-gland, and reproductive-output structure",vascular or tissue integrity breach with blood extravasation/accumulation,remaining_5256,63ceaafc22e8313a6e4574c7835be4349fcc1e6c693ac199f4746ac4f22c4169,190,99,13,6,92,19,0.17297581726022015,0.1719785431629064,-0.0009972740973137606,0.0009972740973137606,TOWARD_REFERENCE,0.031578947368421054,MINOR,1,223,,,e13dc6bf629fd35134fe78543b4dfdfb94a4b60376631631ca53743ea66da165,0.2848548808782859,0.21533369619303167,0.6015625,7,True,766
SB4035,Penile haemorrhage,"male gonadal, ductal, accessory-gland, and reproductive-output structure",vascular or tissue integrity breach with blood extravasation/accumulation,remaining_5256,63ceaafc22e8313a6e4574c7835be4349fcc1e6c693ac199f4746ac4f22c4169,190,99,13,6,92,19,0.17297581726022015,0.1719785431629064,-0.0009972740973137606,0.0009972740973137606,TOWARD_REFERENCE,0.031578947368421054,MINOR,1,223,,,19d00900e1a3db1060f92668da6c7b5462f6a8b6ab94d45be0d632b1633cea68,0.2848548808782859,0.21533369619303167,0.6015625,7,True,767
SB0403,Application site exfoliation,local epidermal-dermal barrier and repair structure,"altered configuration or regulated output of the named structure, expressed as the state described by application site exfoliation",established_478,99dc9c6e66c2d66b49af295f9218c64f7ee51fdce3843765b2411b900db259a9,28,12,5,1,8,6,0.1201593807061705,0.127930269796663,0.007770889090492505,0.007770889090492505,AWAY_FROM_REFERENCE,0.03571428571428571,MINOR,1,223,,,37e354b70c06cef718a360fe96a88211ecc8fcde96a2142ad5fda3dc5cbc7b97,0.2848251698744888,0.22044228033474245,0.578125,4,True,768
SB0214,Albumin urine present,renal glomerular filtration-barrier albumin-retention structure,detectable presence of the named material/state where the reference condition is absent or lower,established_478,b1d701592087fd8148224cc9263cc00f2d8a91578aa73c1479294568e750298a,28,18,1,0,17,1,0.14736303247095006,0.15527668979383424,0.007913657322884182,0.007913657322884182,AWAY_FROM_REFERENCE,0.0,INFORMATIONAL,0,223,,,491902cc05577e73f82fd86f34bc2bf5fc2e979a2493d635da2df5ae815f9730,0.28480797099408006,0.2118466109683903,0.6171875,1,True,769
SB0642,Blastomycosis,innate-adaptive host-defense structure,"abnormal structural accumulation, degeneration, remodeling, or chronic state within the named structure",remaining_5256,bc29fa3a0cdbbb43b9efa8b85c3782b19273173fc8e0fbd5cc6bec7fa0d7dce3,15,9,1,0,8,1,0.17626132891729007,0.18021862415260226,0.003957295235312186,0.003957295235312186,AWAY_FROM_REFERENCE,0.0,INFORMATIONAL,0,231,,,584a855f6825b91e2b52bf5593174d86c4b5ec4704831f6015234c702cba84b0,0.284756597545469,0.21521383847008413,0.6015625,1,True,770
SB1378,Cryptococcosis,innate-adaptive host-defense structure,"abnormal structural accumulation, degeneration, remodeling, or chronic state within the named structure",remaining_5256,bc29fa3a0cdbbb43b9efa8b85c3782b19273173fc8e0fbd5cc6bec7fa0d7dce3,15,9,1,0,8,1,0.17626132891729007,0.18021862415260226,0.003957295235312186,0.003957295235312186,AWAY_FROM_REFERENCE,0.0,INFORMATIONAL,0,231,,,ddb07781ebc9beeac166c566105e2732aa8fa92b335ee9ec93345f78a1dca6b3,0.284756597545469,0.21521383847008413,0.6015625,1,True,771
SB2541,Histoplasmosis,innate-adaptive host-defense structure,"abnormal structural accumulation, degeneration, remodeling, or chronic state within the named structure",remaining_5256,bc29fa3a0cdbbb43b9efa8b85c3782b19273173fc8e0fbd5cc6bec7fa0d7dce3,15,9,1,0,8,1,0.17626132891729007,0.18021862415260226,0.003957295235312186,0.003957295235312186,AWAY_FROM_REFERENCE,0.0,INFORMATIONAL,0,231,,,2f2451821b5b9a2411784f56b01d271c3ed032838e9f9a98af7624aca4c478ba,0.284756597545469,0.21521383847008413,0.6015625,1,True,772
SB3137,Listeriosis,innate-adaptive host-defense structure,"abnormal structural accumulation, degeneration, remodeling, or chronic state within the named structure",remaining_5256,bc29fa3a0cdbbb43b9efa8b85c3782b19273173fc8e0fbd5cc6bec7fa0d7dce3,15,9,1,0,8,1,0.17626132891729007,0.18021862415260226,0.003957295235312186,0.003957295235312186,AWAY_FROM_REFERENCE,0.0,INFORMATIONAL,0,231,,,f929505433859ea1eebb045100e9f1f36b1a743dda40ac8564db1f9d57e876ad,0.284756597545469,0.21521383847008413,0.6015625,1,True,773
SB3415,Mucormycosis,innate-adaptive host-defense structure,"abnormal structural accumulation, degeneration, remodeling, or chronic state within the named structure",remaining_5256,bc29fa3a0cdbbb43b9efa8b85c3782b19273173fc8e0fbd5cc6bec7fa0d7dce3,15,9,1,0,8,1,0.17626132891729007,0.18021862415260226,0.003957295235312186,0.003957295235312186,AWAY_FROM_REFERENCE,0.0,INFORMATIONAL,0,231,,,65262afd148d4b75358d97692a88f482bc86b337cf5eba5891ba691ff4346562,0.284756597545469,0.21521383847008413,0.6015625,1,True,774
SB3666,Nocardiosis,innate-adaptive host-defense structure,"abnormal structural accumulation, degeneration, remodeling, or chronic state within the named structure",remaining_5256,bc29fa3a0cdbbb43b9efa8b85c3782b19273173fc8e0fbd5cc6bec7fa0d7dce3,15,9,1,0,8,1,0.17626132891729007,0.18021862415260226,0.003957295235312186,0.003957295235312186,AWAY_FROM_REFERENCE,0.0,INFORMATIONAL,0,231,,,a29bc877216ccf9d0c487b5042b3639dcde8ce5a122ac7409fd42233354adf8a,0.284756597545469,0.21521383847008413,0.6015625,1,True,775
SB5305,Toxoplasmosis,innate-adaptive host-defense structure,"abnormal structural accumulation, degeneration, remodeling, or chronic state within the named structure",remaining_5256,bc29fa3a0cdbbb43b9efa8b85c3782b19273173fc8e0fbd5cc6bec7fa0d7dce3,15,9,1,0,8,1,0.17626132891729007,0.18021862415260226,0.003957295235312186,0.003957295235312186,AWAY_FROM_REFERENCE,0.0,INFORMATIONAL,0,231,,,3749406815fea181e93f27eae9e9fbd8ee7bfa353ea65681465a17216c8087b0,0.284756597545469,0.21521383847008413,0.6015625,1,True,776
SB5732,Zygomycosis,innate-adaptive host-defense structure,"abnormal structural accumulation, degeneration, remodeling, or chronic state within the named structure",remaining_5256,bc29fa3a0cdbbb43b9efa8b85c3782b19273173fc8e0fbd5cc6bec7fa0d7dce3,15,9,1,0,8,1,0.17626132891729007,0.18021862415260226,0.003957295235312186,0.003957295235312186,AWAY_FROM_REFERENCE,0.0,INFORMATIONAL,0,231,,,d35f4b314b0d41a610e9a3f82ae13be30c8658640da0417f01bf88fa3083c1cf,0.284756597545469,0.21521383847008413,0.6015625,1,True,777
SB0345,Antibiotic associated colitis,colonic epithelial-microbiome structure,"localized inflammatory activation with cellular infiltration, vascular change, and tissue-function perturbation",established_478,c5cfa4ff2ac90bb1544cba05a75d03fb516374c55d6f3c90fb5a011ac3fef48f,630,310,27,34,317,61,0.2099773094992371,0.2126744438988163,0.002697134399579193,0.002697134399579193,AWAY_FROM_REFERENCE,0.05396825396825397,MINOR,1,223,,,2194694cdfa7ad728418aeea2a3c301d5f17f24e6bcebe19f3cb51e298a0c926,0.28472096969863114,0.2151703898763795,0.6015625,-7,True,778
SB0218,Alcohol intolerance,hepatic ethanol-metabolism and systemic ethanol-response structure,departure from the reference structural configuration or regulated functional range,established_478,9338ddc6ced4df61248d2e24f8d9a3cf2fe35d8d6ebcb026c6dd1ea9c5e31031,153,54,4,1,51,5,0.12662845704135406,0.11726671844688374,-0.009361738594470315,0.009361738594470315,TOWARD_REFERENCE,0.006535947712418301,MINOR,1,230,,,749f61d9994c8d1fc21c30a6f6cdeec76c74f5da46297b5b0866d80a8832fba6,0.2845624286065125,0.21326210805672252,0.609375,3,True,779
SB1845,Epidermal naevus,"cutaneous epidermal-dermal barrier, appendage, vascular, and immune structure",localized tissue overgrowth or mass formation with altered normal architecture,remaining_5256,d4e7452d8e14aa11e6dec6e0e6e74f8910c7787ca499454a35f028b7ab6e86d0,300,149,15,11,145,26,0.20193835821502282,0.2048883028080959,0.0029499445930730728,0.0029499445930730728,AWAY_FROM_REFERENCE,0.03666666666666667,MINOR,1,231,,,80aa05d1d03489f6aeb6dbc584a3d013f2f6303801a9bff005398aeace30a410,0.28440974663532026,0.21136097150648814,0.6171875,4,True,780
SB0107,Acute angle-closure glaucoma,anterior-eye aqueous-humor outflow and intraocular-pressure structure,optic-nerve/retinal ganglion structural stress associated with altered ocular pressure-flow balance,established_478,d914fb0b49bef3a2f02622a7f11c29c12d80d271a481d3d57cf1e87400a16da8,528,188,30,23,181,53,0.1763025641479361,0.17553608816010768,-0.0007664759878284189,0.0007664759878284189,TOWARD_REFERENCE,0.043560606060606064,MINOR,1,223,,,68d8db2799e984efdd3d724598e9ec6cc7ee5f3e31f079303c354282d2f0a514,0.28432623659116235,0.20782925194044188,0.6328125,7,True,781
SB0126,Acute glaucoma,anterior-eye aqueous-humor outflow and intraocular-pressure structure,optic-nerve/retinal ganglion structural stress associated with altered ocular pressure-flow balance,established_478,d914fb0b49bef3a2f02622a7f11c29c12d80d271a481d3d57cf1e87400a16da8,528,188,30,23,181,53,0.1763025641479361,0.17553608816010768,-0.0007664759878284189,0.0007664759878284189,TOWARD_REFERENCE,0.043560606060606064,MINOR,1,223,,,25b75ceb2f7f3aa1e57cb5c6fbfed489a45810dbe8aa26764259d474a117f01f,0.28432623659116235,0.20782925194044188,0.6328125,7,True,782
SB0312,Angle closure glaucoma,anterior-eye aqueous-humor outflow and intraocular-pressure structure,optic-nerve/retinal ganglion structural stress associated with altered ocular pressure-flow balance,established_478,d914fb0b49bef3a2f02622a7f11c29c12d80d271a481d3d57cf1e87400a16da8,528,188,30,23,181,53,0.1763025641479361,0.17553608816010768,-0.0007664759878284189,0.0007664759878284189,TOWARD_REFERENCE,0.043560606060606064,MINOR,1,223,,,6dc0d47bf69cb501fde1690e33b1e40426b2f609f10565be3dbba5eef63c1af1,0.28432623659116235,0.20782925194044188,0.6328125,7,True,783
SB2308,Glycosylated haemoglobin decreased,"erythrocyte production, integrity, and oxygen-transport structure",measured or functional quantity shifted below its reference structural range,remaining_5256,f7c0085c0c889d89d2ed03f3f1a48c5e6e47465514a29cf662cdbac6633a432d,15,10,1,2,11,3,0.1596217965345732,0.16214489151294464,0.002523094978371443,0.002523094978371443,AWAY_FROM_REFERENCE,0.13333333333333333,MINOR,1,174,,,7f33513b9197192898dd68d7a479a24df250a55b98b2302d90bbf81a963d4cdb,0.28426356345110143,0.2111826993306115,0.6171875,-1,True,784
SB2355,Haematocrit decreased,"erythrocyte production, integrity, and oxygen-transport structure",measured or functional quantity shifted below its reference structural range,remaining_5256,f7c0085c0c889d89d2ed03f3f1a48c5e6e47465514a29cf662cdbac6633a432d,15,10,1,2,11,3,0.1596217965345732,0.16214489151294464,0.002523094978371443,0.002523094978371443,AWAY_FROM_REFERENCE,0.13333333333333333,MINOR,1,174,,,6df0864f19f0a60485199d41804fc6b7bf69955486e332e8df8ec8524747e10c,0.28426356345110143,0.2111826993306115,0.6171875,-1,True,785
SB2368,Haemoglobin decreased,"erythrocyte production, integrity, and oxygen-transport structure",measured or functional quantity shifted below its reference structural range,remaining_5256,f7c0085c0c889d89d2ed03f3f1a48c5e6e47465514a29cf662cdbac6633a432d,15,10,1,2,11,3,0.1596217965345732,0.16214489151294464,0.002523094978371443,0.002523094978371443,AWAY_FROM_REFERENCE,0.13333333333333333,MINOR,1,174,,,5e0ea3deb97a2483e04985b6d66911f688e33271f0db4650213f3f1043d63a45,0.28426356345110143,0.2111826993306115,0.6171875,-1,True,786
SB4550,Red blood cell count decreased,"erythrocyte production, integrity, and oxygen-transport structure",measured or functional quantity shifted below its reference structural range,remaining_5256,f7c0085c0c889d89d2ed03f3f1a48c5e6e47465514a29cf662cdbac6633a432d,15,10,1,2,11,3,0.1596217965345732,0.16214489151294464,0.002523094978371443,0.002523094978371443,AWAY_FROM_REFERENCE,0.13333333333333333,MINOR,1,174,,,37c7ba20f759640ca0caac54dc7a5812c64c7b513b59b79c912e6a62a8bbaaeb,0.28426356345110143,0.2111826993306115,0.6171875,-1,True,787
SB0347,Anticholinergic syndrome,muscarinic cholinergic signaling structure,departure from the reference structural configuration or regulated functional range,established_478,d10dbdea51743bb100f61951c4ab5050cfbad1c2c7f0ff1f330d616a993ef730,190,111,6,9,114,15,0.2109137649889783,0.21455817453328385,0.00364440954430556,0.00364440954430556,AWAY_FROM_REFERENCE,0.04736842105263158,MINOR,1,231,,,39dcbcb712366282a334ab33782e26260dc62ea992b95e5abcf143f0975720fd,0.2842108147580983,0.22140800580255893,0.5703125,-3,True,788
SB3998,Parotid gland inflammation,salivary-gland secretory and ductal-delivery structure,"localized or systemic inflammatory activation with altered barrier, vascular, and cellular organization",remaining_5256,57fb9adbe1e41beff2e0d2c55e4059c7c655a95e2501be005c106a505a51f309,120,75,11,10,74,21,0.19713209158812528,0.1945176411912941,-0.0026144503968311694,0.0026144503968311694,TOWARD_REFERENCE,0.08333333333333333,MINOR,1,231,,,e1c1890a071927fc16f0192cfef874df256c077a53bac48b7565ce54591e3316,0.2841713846489012,0.21450016420597706,0.6015625,1,True,789
SB3526,Nail discomfort,"nail matrix, plate-production, and periungual structure",abnormal sensory-autonomic signaling indicating departure from the reference local functional state,remaining_5256,ed0667d9540f1f6870c64a0a464e36f241bd4c2574db1675cf848c5fac57158f,36,5,1,1,5,2,0.14206797294740048,0.15179728026999295,0.009729307322592473,0.009729307322592473,AWAY_FROM_REFERENCE,0.027777777777777776,MINOR,1,230,,,2bb7fd1dbbdbc39b591f8ccfde4e8c7d4acebf11ad4e4f05f5d1d34aaca9f451,0.28407147022320706,0.21609325636976473,0.59375,0,True,790
SB0829,Breast enlargement,"mammary gland ductal-lobular, secretory, and surface structure",increase in tissue mass or cellular content beyond the reference configuration,remaining_5256,a46e252e12f1a03ba6be5c8ee7da6488586596441dab08587cfa166da282f85d,231,119,13,17,123,30,0.19246081229925371,0.19833808203233116,0.00587726973307745,0.00587726973307745,AWAY_FROM_REFERENCE,0.0735930735930736,MINOR,1,223,,,f4d20f303df7644ca64eee4185983cae581fdf611100cd9b8b16b94a104aef79,0.28406147455844416,0.22122588360785878,0.5703125,-4,True,791
SB0830,Breast enlargement female,"mammary gland ductal-lobular, secretory, and surface structure",increase in tissue mass or cellular content beyond the reference configuration,remaining_5256,a46e252e12f1a03ba6be5c8ee7da6488586596441dab08587cfa166da282f85d,231,119,13,17,123,30,0.19246081229925371,0.19833808203233116,0.00587726973307745,0.00587726973307745,AWAY_FROM_REFERENCE,0.0735930735930736,MINOR,1,223,,,fa0c31c2e6a02a20236f524f7da751daaadcfbfa01a6734b9e32f492eef2b9f6,0.28406147455844416,0.22122588360785878,0.5703125,-4,True,792
SB2639,Hypertrophy of breast,"mammary gland ductal-lobular, secretory, and surface structure",increase in tissue mass or cellular content beyond the reference configuration,remaining_5256,a46e252e12f1a03ba6be5c8ee7da6488586596441dab08587cfa166da282f85d,231,119,13,17,123,30,0.19246081229925371,0.19833808203233116,0.00587726973307745,0.00587726973307745,AWAY_FROM_REFERENCE,0.0735930735930736,MINOR,1,223,,,94f2886d91732d96cfcca8dca9977e8665d999fae7e510d89ec91c2b6fa95dd4,0.28406147455844416,0.22122588360785878,0.5703125,-4,True,793
SB3015,Kidney fibrosis,renal glomerular-tubular filtration and fluid-balance structure,excess matrix deposition/remodeling with increased tissue stiffness and reduced normal architecture,remaining_5256,58f9a95f71da5142abd270b57f3448a9a536ea0dcc320c4cae4dc93cbbf6fd78,91,34,4,6,36,10,0.14043650162367183,0.14644527152632658,0.006008769902654754,0.006008769902654754,AWAY_FROM_REFERENCE,0.06593406593406594,MINOR,1,231,,,f1b8d85a0e164b64a9c8721643dc9c97090899466047508f31ffa806030e9ca5,0.2839208589703308,0.21933946215894007,0.578125,-2,True,794
SB3597,Nephrogenic systemic fibrosis,renal glomerular-tubular filtration and fluid-balance structure,excess matrix deposition/remodeling with increased tissue stiffness and reduced normal architecture,remaining_5256,58f9a95f71da5142abd270b57f3448a9a536ea0dcc320c4cae4dc93cbbf6fd78,91,34,4,6,36,10,0.14043650162367183,0.14644527152632658,0.006008769902654754,0.006008769902654754,AWAY_FROM_REFERENCE,0.06593406593406594,MINOR,1,231,,,0295dc5f2377f6b3a027c4f7e3d5c01cfe9d7bc77fec809b142e5f201137a896,0.2839208589703308,0.21933946215894007,0.578125,-2,True,795
SB0191,Aggravation of existing disorder,pre-existing affected biological structure,departure from the reference structural configuration or regulated functional range,established_478,e72e5a3300bb1aed39d86712c63abe322ab1d10c71f3ced96b40ea8858cc0bce,105,68,9,5,64,14,0.21238807262098736,0.2017907272741606,-0.01059734534682677,0.01059734534682677,TOWARD_REFERENCE,0.047619047619047616,MINOR,1,223,,,656407f15b7ebfa45cd2d2440a0dfc185a08da7b59f8ccdff66026d362090bb7,0.2838411880400422,0.21752736346346613,0.5859375,4,True,796
SB3001,Keratitis,corneal epithelial-stromal optical and barrier structure,"localized inflammatory activation with cellular infiltration, vascular change, and tissue-function perturbation",remaining_5256,fdf51710675d50dd150875e8aef897cbb2d3ded7ad1efb1be27cc604f6825eb3,190,94,3,6,97,9,0.16976193523429395,0.1795665721653924,0.009804636931098454,0.009804636931098454,AWAY_FROM_REFERENCE,0.031578947368421054,MINOR,1,230,,,d645faee815828aebff60b9ad21096b0dcd973926728abd7b6c23248c68eaf80,0.28380819270738145,0.21577218622851402,0.59375,-3,True,797
SB3002,Keratitis sicca,corneal epithelial-stromal optical and barrier structure,"localized inflammatory activation with cellular infiltration, vascular change, and tissue-function perturbation",remaining_5256,fdf51710675d50dd150875e8aef897cbb2d3ded7ad1efb1be27cc604f6825eb3,190,94,3,6,97,9,0.16976193523429395,0.1795665721653924,0.009804636931098454,0.009804636931098454,AWAY_FROM_REFERENCE,0.031578947368421054,MINOR,1,230,,,ead86fd6a22c4f83ed11c5f5c884cec4336abeac8e61bfc884d375e781655c11,0.28380819270738145,0.21577218622851402,0.59375,-3,True,798
SB4460,Punctate keratitis,corneal epithelial-stromal optical and barrier structure,"localized inflammatory activation with cellular infiltration, vascular change, and tissue-function perturbation",remaining_5256,fdf51710675d50dd150875e8aef897cbb2d3ded7ad1efb1be27cc604f6825eb3,190,94,3,6,97,9,0.16976193523429395,0.1795665721653924,0.009804636931098454,0.009804636931098454,AWAY_FROM_REFERENCE,0.031578947368421054,MINOR,1,230,,,95ce801577608e0104567aaf5eac01a439fb1a14b88602fa15dd41b5be1d8b3e,0.28380819270738145,0.21577218622851402,0.59375,-3,True,799
SB5373,Ulcerative keratitis,corneal epithelial-stromal optical and barrier structure,"localized inflammatory activation with cellular infiltration, vascular change, and tissue-function perturbation",remaining_5256,fdf51710675d50dd150875e8aef897cbb2d3ded7ad1efb1be27cc604f6825eb3,190,94,3,6,97,9,0.16976193523429395,0.1795665721653924,0.009804636931098454,0.009804636931098454,AWAY_FROM_REFERENCE,0.031578947368421054,MINOR,1,230,,,335735a88d3b92bb7acd71806c854f26fe335b624b7eb59f5f0733e3d859296b,0.28380819270738145,0.21577218622851402,0.59375,-3,True,800
SB0274,Anal atresia,anorectal developmental lumen-continuity structure,"developmental patterning deviation producing absent, incomplete, or abnormally organized structure",established_478,f032422fd162b5a575fed6a299dbc5333852acc031c4d29558949d56d033421b,66,24,5,7,26,12,0.1471778395717861,0.144056991153798,-0.003120848417988098,0.003120848417988098,TOWARD_REFERENCE,0.10606060606060606,MINOR,1,231,,,7e097ca0d4e1a8b1928dd5013caa483a6fcef6aea9cf67676a349a4d2fdf94af,0.28375754400024195,0.19856102926858776,0.671875,-2,True,801
SB3931,Pancreatic insufficiency,pancreatic endocrine-exocrine parenchymal and ductal structure,reduced or unstable functional output insufficient to maintain the reference structural state,remaining_5256,55d4cf8f09c1c1157d92ad85b0414784430ce0fa93b25cbba331453e24187aa2,91,40,5,2,37,7,0.16304744580909636,0.1644796646047676,0.0014322187956712362,0.0014322187956712362,AWAY_FROM_REFERENCE,0.02197802197802198,MINOR,1,230,,,8296ecd4a4c60543bae2e8ecff7b100219ae5213fe5e37d4f425cdc00c37c956,0.28362612036188284,0.21212026873400347,0.609375,3,True,802
SB4580,Renal artery thrombosis,renal glomerular-tubular filtration and fluid-balance structure,intraluminal clot formation causing partial or complete flow obstruction,remaining_5256,3aea0f6b6c89565d4c00f8de97afd52a401b7c92b7ff8dc1d907f9244dff99cb,91,32,2,6,36,8,0.15021681545479793,0.15028243743235836,6.56219775604372e-05,6.56219775604372e-05,AWAY_FROM_REFERENCE,0.06593406593406594,MINOR,1,231,,,dc292feabc602e99bead2f0bef419a19f95465ee81ce26ea0284a544ef4f0b48,0.28351939459085274,0.21884987145225943,0.578125,-4,True,803
SB4606,Renal vein thrombosis,renal glomerular-tubular filtration and fluid-balance structure,intraluminal clot formation causing partial or complete flow obstruction,remaining_5256,3aea0f6b6c89565d4c00f8de97afd52a401b7c92b7ff8dc1d907f9244dff99cb,91,32,2,6,36,8,0.15021681545479793,0.15028243743235836,6.56219775604372e-05,6.56219775604372e-05,AWAY_FROM_REFERENCE,0.06593406593406594,MINOR,1,231,,,3a31bd301d2c9430f545758d2e137937f17e7c447cf6436a46cde4886ef3b2b8,0.28351939459085274,0.21884987145225943,0.578125,-4,True,804
SB1849,Epididymal tenderness,"male gonadal, ductal, accessory-gland, and reproductive-output structure",increased nociceptive signaling associated with local tissue or neural perturbation,remaining_5256,57919c41e35646f45f393dea0c0e412896b03871db03e588a7531cf8187f9dc1,190,104,10,4,98,14,0.15875162273605792,0.1605342848110506,0.0017826620749926692,0.0017826620749926692,AWAY_FROM_REFERENCE,0.021052631578947368,MINOR,1,223,,,80563d8beac9499f1d71c4d4597f2a7cd6ebb4ab2a3ded640a5bbb82e699889c,0.2834664654002804,0.21364050658570788,0.6015625,6,True,805
SB4038,Penile pain,"male gonadal, ductal, accessory-gland, and reproductive-output structure",increased nociceptive signaling associated with local tissue or neural perturbation,remaining_5256,57919c41e35646f45f393dea0c0e412896b03871db03e588a7531cf8187f9dc1,190,104,10,4,98,14,0.15875162273605792,0.1605342848110506,0.0017826620749926692,0.0017826620749926692,AWAY_FROM_REFERENCE,0.021052631578947368,MINOR,1,223,,,e35dd54784209b8b01fcdb87ea70358a1c25e0a0df9e94af65534dcf4642d15c,0.2834664654002804,0.21364050658570788,0.6015625,6,True,806
SB4756,Scrotal pain,"male gonadal, ductal, accessory-gland, and reproductive-output structure",increased nociceptive signaling associated with local tissue or neural perturbation,remaining_5256,57919c41e35646f45f393dea0c0e412896b03871db03e588a7531cf8187f9dc1,190,104,10,4,98,14,0.15875162273605792,0.1605342848110506,0.0017826620749926692,0.0017826620749926692,AWAY_FROM_REFERENCE,0.021052631578947368,MINOR,1,223,,,0aa16a729da591b12058307a95d606e7851243ee59651cfee6500b5191fb9505,0.2834664654002804,0.21364050658570788,0.6015625,6,True,807
SB5189,Testicular pain,"male gonadal, ductal, accessory-gland, and reproductive-output structure",increased nociceptive signaling associated with local tissue or neural perturbation,remaining_5256,57919c41e35646f45f393dea0c0e412896b03871db03e588a7531cf8187f9dc1,190,104,10,4,98,14,0.15875162273605792,0.1605342848110506,0.0017826620749926692,0.0017826620749926692,AWAY_FROM_REFERENCE,0.021052631578947368,MINOR,1,223,,,852caa90e8e74cd9c923c8b4ff9016c150ee0980296e470013fbe39c8ae635b1,0.2834664654002804,0.21364050658570788,0.6015625,6,True,808
SB0384,Aplastic anaemia,bone-marrow erythroid progenitor production structure,reduced erythrocyte/hemoglobin oxygen-transport capacity relative to systemic demand,established_478,88540417eff6bd3ef0d07554274a7aa73e37db89299eeac15fdeeb2c5187a39f,465,233,25,32,240,57,0.19810458101965156,0.19439286238708786,-0.0037117186325636986,0.0037117186325636986,TOWARD_REFERENCE,0.06881720430107527,MINOR,1,24,,,2829f8839020bad1a0e7ea780382c9821d4b99a475d66235151880d9b5a361f8,0.28344825106146065,0.21361829397739107,0.6015625,-7,True,809
SB0718,Blood methaemoglobin present,"erythrocyte production, integrity, and oxygen-transport structure",detectable presence of the named material/state where the reference condition is absent or lower,remaining_5256,771c6248b43bfec46428939ef18361343c43178ae3146a0f3446fdc304f5a274,15,12,1,1,12,2,0.16038479548309637,0.16345239190689387,0.003067596423797503,0.003067596423797503,AWAY_FROM_REFERENCE,0.06666666666666667,MINOR,1,174,,,fa12b29df9cafd2978f2c1a4a869cf5eff5826863960a4d108724fde8cb7b986,0.28343103202019637,0.21188235612219075,0.609375,0,True,810
SB5251,Tingling of extremity,"regional limb musculoskeletal, neurovascular, and skin structure","altered configuration or regulated output of the named structure, expressed as the state described by tingling of extremity",remaining_5256,d24f6bfbd5f03c03ade9eaa38d8e3ffa2e224366acda4fd7cfec9cae235c28b2,21,8,1,0,7,1,0.12719489677648854,0.13138510810526838,0.004190211328779836,0.004190211328779836,AWAY_FROM_REFERENCE,0.0,INFORMATIONAL,0,223,,,da10aa38091fe2ef50952c8eaa73ed70f68b28330f6e4b51499615479826a93a,0.28342180270525325,0.2204457959820162,0.5703125,1,True,811
SB0153,Acute retention of urine,bladder detrusor-urethral emptying structure,failure of normal clearance or emptying causing material accumulation,established_478,82d5df72868e5ebaa47d0f978f54cd2f3fa29d73750e2ccdf6d5694724c94831,741,317,43,59,333,102,0.19743898884681155,0.18432789188595633,-0.013111096960855217,0.013111096960855217,TOWARD_REFERENCE,0.0796221322537112,MINOR,1,223,,,55eb54ce7e29c9e596be145d3a900c2a6abb75ede5461df037324bf7c9b44104,0.28338135610532356,0.21010683671380925,0.6171875,-16,True,812
SB0122,Acute enterocolitis,intestinal epithelial fluid-transport and enteric-motility structure,"localized inflammatory activation with cellular infiltration, vascular change, and tissue-function perturbation",established_478,909dea428827cd291f4d15c3a54ba46e44747b6c2f4b2248c2d279d5df4956d8,120,43,4,3,42,7,0.12987688436057465,0.1400474329187481,0.010170548558173453,0.010170548558173453,AWAY_FROM_REFERENCE,0.025,MINOR,1,194,,,f66d03a1aa1e43d0181aa537f303c7de31985a5a506e7e1c93e8c27ef4ba0991,0.28334953824694187,0.22035766859383155,0.5703125,1,True,813
SB0124,Acute gastroenteritis,intestinal epithelial fluid-transport and enteric-motility structure,"localized inflammatory activation with cellular infiltration, vascular change, and tissue-function perturbation",established_478,909dea428827cd291f4d15c3a54ba46e44747b6c2f4b2248c2d279d5df4956d8,120,43,4,3,42,7,0.12987688436057465,0.1400474329187481,0.010170548558173453,0.010170548558173453,AWAY_FROM_REFERENCE,0.025,MINOR,1,194,,,38a0530a1db1c8b953ec233e26f125b78df7bcc4388670df6d1a3f0d5ff5d66c,0.28334953824694187,0.22035766859383155,0.5703125,1,True,814
SB0456,Arteritic anterior ischaemic optic neuropathy,optic-nerve-head perfusion and axonal-conduction structure,peripheral neural axonal/conduction integrity loss or aberrant sensory signaling,established_478,bd60d1385a0d4af946a778267a598ac36ec456ab0968e6b193a70065c110f45d,1653,699,73,92,718,165,0.17697786973015783,0.18639907334828476,0.009421203618126928,0.009421203618126928,AWAY_FROM_REFERENCE,0.05565638233514821,MINOR,1,222,,,d701649c5e60e5adcdb5dd1da661dea9d8f1edbe245b0d0a35f3c6a0e78dd7d2,0.2833121443581778,0.22031206629046074,0.5703125,-19,True,815
SB4251,Poor urinary stream,"urethral lumen, mucosal, sphincter, and urine-flow structure","altered configuration or regulated output of the named structure, expressed as the state described by poor urinary stream",remaining_5256,a65489ad864c7684b1522c72bff852ec7f003e4dc4dabadcd47e71a3fa42de59,465,114,17,29,126,46,0.1354892196994515,0.1334628829698531,-0.002026336729598399,0.002026336729598399,TOWARD_REFERENCE,0.06236559139784946,MINOR,1,231,,,efafb798c670509199e3453ef7fc7720a375abaf476b597889097c8c272c905a,0.2832856895264021,0.21170510917853913,0.609375,-12,True,816
SB5413,Ureteric cancer,"ureteric lumen, peristaltic, and urine-transfer structure",loss of normal proliferative/differentiation constraint with clonal tissue expansion and architectural replacement,remaining_5256,766455018bda80e1e9a22b5a70f50671e6e6613637b16284f0f32a034827d8e2,21,13,2,1,12,3,0.18075016309311742,0.17741495404764762,-0.0033352090454698002,0.0033352090454698002,TOWARD_REFERENCE,0.047619047619047616,MINOR,1,198,,,ea1aef14258728ae1801f4f76aae75524a9d2067e9abfec74a0a0cd1f5c63a81,0.28328337251491365,0.21684710062794343,0.5859375,1,True,817
SB1067,Cervix haemorrhage uterine,"female reproductive, gestational, placental, and reproductive-output structure",vascular or tissue integrity breach with blood extravasation/accumulation,remaining_5256,6814ba356c7ebdb7c9342f1ed95ad4faec7c3015a9020c9fc8a64b948907e9df,3,0,0,1,1,1,0.15170244798398702,0.14971584727546705,-0.00198660070851997,0.00198660070851997,TOWARD_REFERENCE,0.3333333333333333,MODERATE,2,38,,,6f8f1ee2d2d225ab4565279785fd05d83a4a162892cf66040d330399bee4b71b,0.2832779693963297,0.20998075536137772,0.6171875,-1,True,818
SB5477,Uterine haemorrhage,"female reproductive, gestational, placental, and reproductive-output structure",vascular or tissue integrity breach with blood extravasation/accumulation,remaining_5256,6814ba356c7ebdb7c9342f1ed95ad4faec7c3015a9020c9fc8a64b948907e9df,3,0,0,1,1,1,0.15170244798398702,0.14971584727546705,-0.00198660070851997,0.00198660070851997,TOWARD_REFERENCE,0.3333333333333333,MODERATE,2,38,,,2f8ca02f7bf3384cd2e4ab6ee455dedcfff6d506407b3f7a15df972c410b78bc,0.2832779693963297,0.20998075536137772,0.6171875,-1,True,819
SB5502,Vaginal haemorrhage,"female reproductive, gestational, placental, and reproductive-output structure",vascular or tissue integrity breach with blood extravasation/accumulation,remaining_5256,6814ba356c7ebdb7c9342f1ed95ad4faec7c3015a9020c9fc8a64b948907e9df,3,0,0,1,1,1,0.15170244798398702,0.14971584727546705,-0.00198660070851997,0.00198660070851997,TOWARD_REFERENCE,0.3333333333333333,MODERATE,2,38,,,6c2288202510c703f1e5b1d7e74aab8b087984fc380e3230d77dd9b5e11bf0e7,0.2832779693963297,0.20998075536137772,0.6171875,-1,True,820
SB1463,Demyelinating polyneuropathy,peripheral sensory-nerve axonal conduction structure,structural-functional tissue disorder with impaired normal operation of the named structure,remaining_5256,7db04537c176b8aa767f9493b3f60e7f8fc5236559bd1dfcb08afe54490c4d11,6,5,1,0,4,1,0.17914897313758893,0.18415290701350584,0.0050039338759169105,0.0050039338759169105,AWAY_FROM_REFERENCE,0.0,INFORMATIONAL,0,223,,,a4b8d1759b882f4979c58746d89555ac71ca3ceb71e499df904d97822bad7088,0.2832642791099533,0.20996405989018696,0.6171875,1,True,821
SB3395,Mononeuropathy,peripheral sensory-nerve axonal conduction structure,structural-functional tissue disorder with impaired normal operation of the named structure,remaining_5256,7db04537c176b8aa767f9493b3f60e7f8fc5236559bd1dfcb08afe54490c4d11,6,5,1,0,4,1,0.17914897313758893,0.18415290701350584,0.0050039338759169105,0.0050039338759169105,AWAY_FROM_REFERENCE,0.0,INFORMATIONAL,0,223,,,52b7008e0d74c7e2ab2dccffb22707297e7732d0e123c60bd87aaae32775613f,0.2832642791099533,0.20996405989018696,0.6171875,1,True,822
SB4242,Polyneuropathy,peripheral sensory-nerve axonal conduction structure,structural-functional tissue disorder with impaired normal operation of the named structure,remaining_5256,7db04537c176b8aa767f9493b3f60e7f8fc5236559bd1dfcb08afe54490c4d11,6,5,1,0,4,1,0.17914897313758893,0.18415290701350584,0.0050039338759169105,0.0050039338759169105,AWAY_FROM_REFERENCE,0.0,INFORMATIONAL,0,223,,,e72b5473fa35520c3b482f2839e7b110bba1c186f3e114beb0fc32184fdbccbc,0.2832642791099533,0.20996405989018696,0.6171875,1,True,823
SB3365,Micturition burning,"urethral lumen, mucosal, sphincter, and urine-flow structure","altered configuration or regulated output of the named structure, expressed as the state described by micturition burning",remaining_5256,8276a6303e7da4bcd99bddab0e2046cb5b0e00eaa3d3b64c72e4fa413d73bf2e,465,117,13,28,132,41,0.13589381849747606,0.1376198949539711,0.0017260764564950293,0.0017260764564950293,AWAY_FROM_REFERENCE,0.060215053763440864,MINOR,1,231,,,3d6f0003070eae396810dfb0aadcb1805827b5fcc2979eb690bf878cb3429210,0.28322180444881684,0.2184869566448986,0.578125,-15,True,824
SB0376,Apgar score low,neonatal cardiopulmonary-neuromuscular transition structure,measured or functional quantity shifted below its reference structural range,established_478,ffb79a22ccf8e11b1ca98f9d4c80096527a475127b4bcc4d3a3df7776a902bf3,190,78,9,3,72,12,0.20359886357350543,0.20971276185722587,0.0061138982837204425,0.0061138982837204425,AWAY_FROM_REFERENCE,0.015789473684210527,MINOR,1,199,,,561de8b8eca32928879206a17b1edc506c3c2e01acca4962c86265f05a90d7b8,0.28320965425460554,0.2201870783592751,0.5703125,6,True,825
SB2333,Granulomatosis with polyangiitis,"systemic immune-recognition, signaling, and effector-response structure","localized inflammatory activation with cellular infiltration, vascular change, and tissue-function perturbation",remaining_5256,739c3340727874067c5336452357c31f0737960c24446efde0e047c59a28dc30,378,104,12,23,115,35,0.12040140413127232,0.12488762044346213,0.004486216312189817,0.004486216312189817,AWAY_FROM_REFERENCE,0.06084656084656084,MINOR,1,231,,,0a43ba3dc8ebd7506e7392aa669e233431731e691abbbad4cb450bb459a75854,0.2831856520660606,0.2201578073976349,0.5703125,-11,True,826
SB5465,Uterine atony,"female reproductive, gestational, placental, and reproductive-output structure",reduced contractile tone with impaired structural support or propulsion,remaining_5256,73377e7f6b5d76bcbc4ee518c2484e082cba40115fd5f33b5856f6faae0f3c35,3,1,1,0,0,1,0.140572943184343,0.14503783006695015,0.004464886882607155,0.004464886882607155,AWAY_FROM_REFERENCE,0.0,INFORMATIONAL,0,38,,,4291bae1e9c48b09186713ab3c53b4466192d15a1741d189625a0489e6c59aa5,0.28300661376679653,0.21136477288633726,0.609375,1,True,827
SB4845,Shutdown renal,renal glomerular-tubular filtration and fluid-balance structure,"altered configuration or regulated output of the named structure, expressed as the state described by shutdown renal",remaining_5256,9e415cb7d6531893f6ff703bfed14cb8feb5045a655c6d97d2caa3fd7d5c9ac3,91,32,9,8,31,17,0.13174679835802572,0.13397825568171795,0.002231457323692232,0.002231457323692232,AWAY_FROM_REFERENCE,0.08791208791208792,MINOR,1,231,,,99c7fd2bae1adaf1bb0870727e3e006aa48de40d3a99669269cb7a02f03a6e26,0.2827999879141655,0.21625760721239695,0.5859375,1,True,828
SB0396,Application site discolouration,local epidermal-dermal barrier and repair structure,"altered configuration or regulated output of the named structure, expressed as the state described by application site discolouration",established_478,cbf52c2c05af688a1184da5094810611f431437cf5ace8c99bfdec51cd9021c7,28,12,5,1,8,6,0.12285591137285812,0.1314980150670657,0.008642103694207592,0.008642103694207592,AWAY_FROM_REFERENCE,0.03571428571428571,MINOR,1,223,,,4e95356a2421dea8d095f556d2399473acdebce1ca2cb3cdd3a379837b498e9e,0.2827425775772482,0.22133241167957096,0.5625,4,True,829
SB0209,Albinism,melanocyte melanin-production and epidermal-pigment structure,reduced or absent melanin production/distribution in pigment-containing tissues,established_478,d49e5fb5ddacfdb54d962322af833e2cb53471ff21c3d327bf4f136e1956af99,351,100,11,19,108,30,0.15221560290278713,0.16515685045133088,0.012941247548543755,0.012941247548543755,AWAY_FROM_REFERENCE,0.05413105413105413,MINOR,1,230,,,28905074183fbd2119637cf4b8b907b1413baa4487e44ecba9ec4405df49c099,0.2826807232820222,0.21439722351466128,0.59375,-8,True,830
SB4626,Respiratory insufficiency,"pulmonary airway-alveolar, pleural, and gas-exchange structure",reduced or unstable functional output insufficient to maintain the reference structural state,remaining_5256,7b31612150da81511e0e610e32e7d8771a7b474aaee7fe7953ecb31a6aa40471,36,21,2,1,20,3,0.18849669286604087,0.1861297613100814,-0.0023669315559594617,0.0023669315559594617,TOWARD_REFERENCE,0.027777777777777776,MINOR,1,231,,,ac5206276106708d55b2122f820d4c6bf3b79aeb69772bc73cb879775c00805c,0.2825682229810636,0.21083014997690686,0.609375,1,True,831
SB0250,Amaurosis,retinal-optic-cortical visual-signal structure,severe or complete loss of visual signal formation or transmission,established_478,9c374d15509b111ca861d292bc7c380b9df8c2e92eb056ae4e21dc745b398e02,120,69,14,5,60,19,0.1717805367387697,0.17316545046859755,0.0013849137298278524,0.0013849137298278524,AWAY_FROM_REFERENCE,0.041666666666666664,MINOR,1,223,,,1b3116fb70beef02c922009a946ba2511997dbb3b2b9dde273301b7bc649861b,0.28256057707827087,0.21082082570520844,0.609375,9,True,832
SB0251,Amaurosis fugax,retinal-optic-cortical visual-signal structure,severe or complete loss of visual signal formation or transmission,established_478,9c374d15509b111ca861d292bc7c380b9df8c2e92eb056ae4e21dc745b398e02,120,69,14,5,60,19,0.1717805367387697,0.17316545046859755,0.0013849137298278524,0.0013849137298278524,AWAY_FROM_REFERENCE,0.041666666666666664,MINOR,1,223,,,f2a48872bb9ceb97395b6754553a756971f0b862933113d10cd27b2f7c429869,0.28256057707827087,0.21082082570520844,0.609375,9,True,833
SB0172,Administration site reaction,local cutaneous inflammatory and microvascular structure,acute or subacute state transition of the named structure in response to an external or internal perturbation,established_478,9195e5ab66a41f56200b044bcbbd6e4c4725a3046c724e8728cad61732982b47,171,72,4,4,72,8,0.19982280128190422,0.19776673764092023,-0.002056063640983985,0.002056063640983985,TOWARD_REFERENCE,0.023391812865497075,MINOR,1,231,,,e3c47d906c507b9452c76746f4542aad5127145d35351c6015a9664176638ad5,0.2825469977400802,0.21251920456107343,0.6015625,0,True,834
SB0421,Application site reaction,local cutaneous inflammatory and microvascular structure,acute or subacute state transition of the named structure in response to an external or internal perturbation,established_478,9195e5ab66a41f56200b044bcbbd6e4c4725a3046c724e8728cad61732982b47,171,72,4,4,72,8,0.19982280128190422,0.19776673764092023,-0.002056063640983985,0.002056063640983985,TOWARD_REFERENCE,0.023391812865497075,MINOR,1,231,,,d5a1c2bfe65ec9c79583735ad4033421011147ac1133e5969096e768ba37fd6a,0.2825469977400802,0.21251920456107343,0.6015625,0,True,835
SB4932,Slow speech,dominant-hemisphere language-processing and speech-planning network,"altered configuration or regulated output of the named structure, expressed as the state described by slow speech",remaining_5256,aad4c751ff0d93b0b27412098dc86f17ed0f5d5669a858b6ab5c1462bac2f3c5,231,88,3,10,95,13,0.15348978879374264,0.1709361147637205,0.01744632596997786,0.01744632596997786,AWAY_FROM_REFERENCE,0.04329004329004329,MINOR,1,230,,,389a9c5a226760138632cdcae82e5413d8d4156535124a1fca3dd03499b344b0,0.28253752790271586,0.22108235110087304,0.5625,-7,True,836
SB0968,Cardio-respiratory arrest,"pulmonary airway-alveolar, pleural, and gas-exchange structure",collapse of integrated vital-function continuity and sustained organism-level state,remaining_5256,79e3c904a7f318947580dca018dc986acdfe108e5a9abea705e4d1bf6415f54c,36,18,1,1,18,2,0.20126190383668008,0.1988871177166005,-0.002374786120079575,0.002374786120079575,TOWARD_REFERENCE,0.027777777777777776,MINOR,1,231,,,22fe118dcd7178f3057e64f52628baa0a0f2083ae11d789251ad34f254ef4530,0.282520074367852,0.20905649313152685,0.6171875,0,True,837
SB4618,Respiratory arrest,"pulmonary airway-alveolar, pleural, and gas-exchange structure",collapse of integrated vital-function continuity and sustained organism-level state,remaining_5256,79e3c904a7f318947580dca018dc986acdfe108e5a9abea705e4d1bf6415f54c,36,18,1,1,18,2,0.20126190383668008,0.1988871177166005,-0.002374786120079575,0.002374786120079575,TOWARD_REFERENCE,0.027777777777777776,MINOR,1,231,,,0aa4ee41b513f5e3580075cb38360b805ac4123a460b4c52b43d50d88a5ef13e,0.282520074367852,0.20905649313152685,0.6171875,0,True,838
SB3473,Mutism,dominant-hemisphere language-processing and speech-planning network,"altered configuration or regulated output of the named structure, expressed as the state described by mutism",remaining_5256,a8077661e3016703cecb6158c638c48e5847d7686077f43f609018cb2e141226,231,88,2,9,95,11,0.15740077768265603,0.1759898282132064,0.018589050530550377,0.018589050530550377,AWAY_FROM_REFERENCE,0.03896103896103896,MINOR,1,230,230,230,d953e69bfa8d38ce972d958a9b213a6c86570e5efa5c2fcd1c804fec482c9fb4,0.2825125149287952,0.2193369084497503,0.5703125,-7,True,839
SB1706,Ear pain,cochlear-mechanical and auditory-neural transduction structure,increased nociceptive signaling associated with local tissue or neural perturbation,remaining_5256,68b0955404343bea44b916788afe199b15ca1b07d1aac3da921bc82371bdac16,276,77,12,14,79,26,0.15226611478741436,0.1501875587633572,-0.0020785560240571543,0.0020785560240571543,TOWARD_REFERENCE,0.050724637681159424,MINOR,1,230,,,021edf10923a3e2ebee00bf435df78c239dbd2fa9515a7b43e556625d6a6ad6c,0.28250478812446783,0.21246772942008274,0.6015625,-2,True,840
SB4969,Speech impairment NOS,dominant-hemisphere language-processing and speech-planning network,"altered configuration or regulated output of the named structure, expressed as the state described by speech impairment",remaining_5256,1be45946065d54c9b9d1ebca0d5586677e86df56434cdca25b1453d8bb95c8d8,231,88,4,12,96,16,0.15523938699575002,0.17371706706283407,0.018477680067084057,0.018477680067084057,AWAY_FROM_REFERENCE,0.05194805194805195,MINOR,1,230,230,230,735905d92518e56549e372aa9b5a321dec909e434e842c9d7d9350149d0417c5,0.28249306995112344,0.22102813408673594,0.5625,-8,True,841
SB3915,Painful response to normal stimuli,peripheral-central nociceptive sensory-transmission structure,measured state within the declared reference range rather than a malformation,remaining_5256,3b902610c759ddf21d6dffcbf2be0d7e8ab539b55655f044f49db8a9c72039e9,3,0,0,1,1,1,0.23806614353291766,0.2493603707204033,0.011294227187485628,0.011294227187485628,AWAY_FROM_REFERENCE,0.3333333333333333,MODERATE,2,222,,,bd78ee0d789d9fef9d50e1347f7d45fbb99a99bd29df39d26d13706097c51d2f,0.2824810095355613,0.21415367016531872,0.59375,-1,True,842
SB3091,Leukonychia,"nail matrix, plate-production, and periungual structure","altered configuration or regulated output of the named structure, expressed as the state described by leukonychia",remaining_5256,dd211aabd02298f94e48a4be6fa15e4d1b028e5ff9382d8ed2952a041f96e9fb,36,11,4,1,8,5,0.12902916849835988,0.13794142183719793,0.00891225333883805,0.00891225333883805,AWAY_FROM_REFERENCE,0.027777777777777776,MINOR,1,230,,,4139c7df08c05aea01280b498db7968c9964a802897a3bb62cb40007944ffef1,0.2824567912202375,0.20897931856126528,0.6171875,3,True,843
SB0339,Anterior ischemic optic neuropathy,optic-nerve-head perfusion and axonal-conduction structure,anterior optic-nerve-head perfusion loss with axonal conduction and viability compromise,established_478,4386fdf16f19c6356d10e8409548c65566d16245ce6a8196d9a127f8a92c1d0b,1653,525,59,87,553,146,0.10406141258984791,0.11178353326531276,0.00772212067546485,0.00772212067546485,AWAY_FROM_REFERENCE,0.05263157894736842,MINOR,1,222,,,3ab834615e443a4e6a272b84482a57f671b072eee6b87a6e3dc04e0264af6299,0.28233756906455165,0.2139787427616484,0.59375,-28,True,844
SB3757,Oesophageal ulcer,"oesophageal mucosal, peristaltic, and sphincter-control structure",localized epithelial or tissue-surface loss with reduced barrier continuity,remaining_5256,d45bda4eb77e21df33db20e2b126e3639a0fa63fc88190e8944bacb6919daed7,28,11,3,0,8,3,0.13332693871154222,0.14048500647807716,0.007158067766534937,0.007158067766534937,AWAY_FROM_REFERENCE,0.0,INFORMATIONAL,0,231,,,57b0fc6b370a120ff3c69aea13daff6a6785b383f1b9ba76ffebdbc1a915002c,0.28231798154560744,0.2208146116409847,0.5625,3,True,845
SB0234,Allergic hepatitis,hepatocyte immune-inflammatory and metabolic integrity structure,"localized or systemic inflammatory activation with altered barrier, vascular, and cellular organization",established_478,cc259e22af9811bd135f21d2cfa6ac0d928cfd868c00c00cf822b73022957da8,666,276,21,41,296,62,0.15921025988281423,0.16153283478409164,0.0023225749012774077,0.0023225749012774077,AWAY_FROM_REFERENCE,0.06156156156156156,MINOR,1,231,,,00bed0b48dbc871d56611d869afc03433a1d3501044e9b570bd25f52b09b2b1e,0.2822481353703256,0.21729955532966538,0.578125,-20,True,846
SB4367,Prostatic dysplasia,"male gonadal, ductal, accessory-gland, and reproductive-output structure",abnormal cellular maturation and tissue architecture relative to the normal differentiated pattern,remaining_5256,36cb99d8870af25a1a54f871edd5cce0dcc5612b64802dbac19383e9929be525,190,78,9,6,75,15,0.14090547465218228,0.1446731939663488,0.003767719314166529,0.003767719314166529,AWAY_FROM_REFERENCE,0.031578947368421054,MINOR,1,223,,,030f8dc2ec30aaeff2ca9d3d38d5d95b1eb3cc320e38065cc69e0d720fc53f77,0.28221701423723333,0.2224064198015041,0.5546875,3,True,847
SB0281,Anal irritation,anorectal mucosal and perianal tissue integrity/inflammatory structure,"altered configuration or regulated output of the named structure, expressed as the state described by anal irritation",established_478,a68702cb53b3aa12f59cdb4fdc51f95f85efe82ca46cf5c4b4934defa53773df,28,8,2,2,8,4,0.09743236926791399,0.10373403851443641,0.006301669246522423,0.006301669246522423,AWAY_FROM_REFERENCE,0.07142857142857142,MINOR,1,231,,,286ec28b3a327178ef28713b209f3d4a87a667b02a371192755f5af295b6cf65,0.28220921970375396,0.2189670362240902,0.5703125,0,True,848
SB4329,Pressure of speech,dominant-hemisphere language-processing and speech-planning network,"altered configuration or regulated output of the named structure, expressed as the state described by pressure of speech",remaining_5256,82d4aac500825f6f07a893e0fb1dd928a440a6da3d643428cffbc9be66939513,231,84,1,15,98,16,0.16147287749336448,0.1801373220998499,0.01866444460648542,0.01866444460648542,AWAY_FROM_REFERENCE,0.06493506493506493,MINOR,1,230,230,230,a1abd01786150cdf1e5f777cd54360e1a9980c7783acda19bdd099f3dd767de2,0.2821169359485664,0.22228437310800786,0.5546875,-14,True,849
SB1075,Cheilitis,"oral mucosal, dental, lingual, and salivary-interface structure","localized inflammatory activation with cellular infiltration, vascular change, and tissue-function perturbation",remaining_5256,136256db97a931a1f9312c7ebe8b727927b6cd6420f1f696b806f5d294cfc6ca,45,22,4,1,19,5,0.13288826244614094,0.1343776356973332,0.0014893732511922497,0.0014893732511922497,AWAY_FROM_REFERENCE,0.022222222222222223,MINOR,1,230,,,812e09e87bc0909df3ee08829393f3e62538162168d0aea571eb3b4e685dea07,0.282102469510989,0.21540697501340123,0.5859375,3,True,850
SB0306,Angiodermatitis,cutaneous microvascular and dermal structure,"localized inflammatory activation with cellular infiltration, vascular change, and tissue-function perturbation",established_478,7804e519170a64723fe9b9d37c69953ddd3d469484c5e1f262052a44ae06596d,435,240,11,22,251,33,0.22516652011054228,0.21991587310436245,-0.005250647006179832,0.005250647006179832,TOWARD_REFERENCE,0.05057471264367816,MINOR,1,199,,,f68dae57e4ca6c95a1d04a64049e4630c2a170dd16773becccd7ce5e01035cad,0.28195415161923104,0.21865597758442812,0.5703125,-11,True,851
SB3923,Palpable purpura,vascular wall and hemostatic integrity structure,"altered configuration or regulated output of the named structure, expressed as the state described by palpable purpura",remaining_5256,d57c0fe6f53d6709ea8166682d1c2bbbd8466c269388cb62c9687811d3a1821f,325,175,6,14,183,20,0.17714403670032453,0.1803010647988652,0.0031570280985406818,0.0031570280985406818,AWAY_FROM_REFERENCE,0.043076923076923075,MINOR,1,210,,,3e4d9b386682d9f5304a5da640fae72ded55dd5d178411e3ba91b490b5c0d91e,0.28193496420206166,0.21520270024641663,0.5859375,-8,True,852
SB0487,Asthenia,whole-organism substrate utilization and cellular energy-production structure,reduced available functional output relative to whole-organism demand,remaining_5256,a4664a401189540e218565cd6cbf65846bc6c32ec083fe3b0177817db72b799d,78,24,1,2,25,3,0.11011269363635745,0.10694627381079613,-0.0031664198255613174,0.0031664198255613174,TOWARD_REFERENCE,0.02564102564102564,MINOR,1,223,,,f62e2ec7ad4a2bc14d43199505761a71b611ffd186bac53e6b3e93ff84f00535,0.28191339005058397,0.21689132932998045,0.578125,-1,True,853
SB1142,Chronic fatigue syndrome,whole-organism substrate utilization and cellular energy-production structure,reduced available functional output relative to whole-organism demand,remaining_5256,a4664a401189540e218565cd6cbf65846bc6c32ec083fe3b0177817db72b799d,78,24,1,2,25,3,0.11011269363635745,0.10694627381079613,-0.0031664198255613174,0.0031664198255613174,TOWARD_REFERENCE,0.02564102564102564,MINOR,1,223,,,6eeada8ab7afb3529f6714b856e7641f684099f4f26c9ea710a2296079cd1daf,0.28191339005058397,0.21689132932998045,0.578125,-1,True,854
SB2017,Fatigue,whole-organism substrate utilization and cellular energy-production structure,reduced available functional output relative to whole-organism demand,remaining_5256,a4664a401189540e218565cd6cbf65846bc6c32ec083fe3b0177817db72b799d,78,24,1,2,25,3,0.11011269363635745,0.10694627381079613,-0.0031664198255613174,0.0031664198255613174,TOWARD_REFERENCE,0.02564102564102564,MINOR,1,223,,,90c71dbb292fecd03f09c7db169ba6f5b326cf95dc67f9c151101ee113a8298c,0.28191339005058397,0.21689132932998045,0.578125,-1,True,855
SB2018,Fatigue aggravated,whole-organism substrate utilization and cellular energy-production structure,reduced available functional output relative to whole-organism demand,remaining_5256,a4664a401189540e218565cd6cbf65846bc6c32ec083fe3b0177817db72b799d,78,24,1,2,25,3,0.11011269363635745,0.10694627381079613,-0.0031664198255613174,0.0031664198255613174,TOWARD_REFERENCE,0.02564102564102564,MINOR,1,223,,,c65cf5ea0b216fe38279235653f13fe7e85603c957a92f75127f0d7a47d6125c,0.28191339005058397,0.21689132932998045,0.578125,-1,True,856
SB3242,Malaise and fatigue,whole-organism substrate utilization and cellular energy-production structure,reduced available functional output relative to whole-organism demand,remaining_5256,a4664a401189540e218565cd6cbf65846bc6c32ec083fe3b0177817db72b799d,78,24,1,2,25,3,0.11011269363635745,0.10694627381079613,-0.0031664198255613174,0.0031664198255613174,TOWARD_REFERENCE,0.02564102564102564,MINOR,1,223,,,2c95b3366e54a9382ea8cbc600f093af08876e9cc06c849e36a8fcb4d9361b9f,0.28191339005058397,0.21689132932998045,0.578125,-1,True,857
SB0256,Aminoaciduria,renal proximal-tubule amino-acid reabsorption structure,abnormal urinary loss/presence of amino acids from altered filtration or tubular reabsorption,established_478,89fc9e48b61028a7f0738c5620ea22c3d60a2c8795e1cb2b12385ce51a352eda,528,208,26,19,201,45,0.14771777747748593,0.1505767802895921,0.0028590028121061595,0.0028590028121061595,AWAY_FROM_REFERENCE,0.03598484848484849,MINOR,1,223,,,d64cb6953053c29b0f7b7a937871a85e83d6403df5c085d4cd390286c1be0415,0.28190041621746,0.21173069050909754,0.6015625,7,True,858
SB2063,Finger deformity,"regional limb musculoskeletal, neurovascular, and skin structure","altered configuration or regulated output of the named structure, expressed as the state described by finger deformity",remaining_5256,f2798d8ebfc317ddef9b0136fa209f491022239cb07b155a8c8506b1b5a7e92d,21,8,1,0,7,1,0.12509067536758645,0.1275308351547485,0.002440159787162055,0.002440159787162055,AWAY_FROM_REFERENCE,0.0,INFORMATIONAL,0,223,,,d297ce9686864f778a5487f1dc7feae1d216fbf0e50e059e750cd2508d31081a,0.28188695812199266,0.21685909527072278,0.578125,1,True,859
SB5497,Vaginal discomfort,"female reproductive, gestational, placental, and reproductive-output structure",abnormal sensory-autonomic signaling indicating departure from the reference local functional state,remaining_5256,49c612ec17158301a7ad55d783dde134dcce16a056b88ce004a491bbd075e388,3,1,1,0,0,1,0.13582833862471966,0.1392915588984427,0.0034632202737230333,0.0034632202737230333,AWAY_FROM_REFERENCE,0.0,INFORMATIONAL,0,38,,,210537c1faaacf81e521760660a59be1dfbc5762c0b53f158e1fb56fdda82658,0.28184549543887166,0.215093591998624,0.5859375,1,True,860
SB5655,Vulvovaginal discomfort,"female reproductive, gestational, placental, and reproductive-output structure",abnormal sensory-autonomic signaling indicating departure from the reference local functional state,remaining_5256,49c612ec17158301a7ad55d783dde134dcce16a056b88ce004a491bbd075e388,3,1,1,0,0,1,0.13582833862471966,0.1392915588984427,0.0034632202737230333,0.0034632202737230333,AWAY_FROM_REFERENCE,0.0,INFORMATIONAL,0,38,,,802490a53905f1cd9fcbdcc5108a4a92edc2e82476de0b3af530d801e9904f8b,0.28184549543887166,0.215093591998624,0.5859375,1,True,861
SB1205,Cold intolerance,central-peripheral thermoregulatory heat-production and heat-loss structure,departure from the reference structural configuration or regulated functional range,remaining_5256,83353720ecf0308010d512d96334e53c1294c2cb816e4f70b828f364fe8e26e4,3,2,0,1,3,1,0.11177912196806072,0.10957360272947092,-0.0022055192385898037,0.0022055192385898037,TOWARD_REFERENCE,0.3333333333333333,MODERATE,2,174,,,8e6611a20eedf483d2e52362ffb53c93a66e98bbee25ff5a9168fd2549cfa701,0.2818417770440119,0.213374118346356,0.59375,-1,True,862
SB2435,Heat intolerance,central-peripheral thermoregulatory heat-production and heat-loss structure,departure from the reference structural configuration or regulated functional range,remaining_5256,83353720ecf0308010d512d96334e53c1294c2cb816e4f70b828f364fe8e26e4,3,2,0,1,3,1,0.11177912196806072,0.10957360272947092,-0.0022055192385898037,0.0022055192385898037,TOWARD_REFERENCE,0.3333333333333333,MODERATE,2,174,,,e595733028e26879522361ca75934545e0a8de4cf9b5b080b4339a08cf92c76c,0.2818417770440119,0.213374118346356,0.59375,-1,True,863
SB5169,Temperature intolerance,central-peripheral thermoregulatory heat-production and heat-loss structure,departure from the reference structural configuration or regulated functional range,remaining_5256,83353720ecf0308010d512d96334e53c1294c2cb816e4f70b828f364fe8e26e4,3,2,0,1,3,1,0.11177912196806072,0.10957360272947092,-0.0022055192385898037,0.0022055192385898037,TOWARD_REFERENCE,0.3333333333333333,MODERATE,2,174,,,4ac219fa8f8cad5c17125cfe7bd6f785acd987a77ff111ed1593dd7351bb775e,0.2818417770440119,0.213374118346356,0.59375,-1,True,864
SB5170,Temperature regulation disorder,central-peripheral thermoregulatory heat-production and heat-loss structure,departure from the reference structural configuration or regulated functional range,remaining_5256,83353720ecf0308010d512d96334e53c1294c2cb816e4f70b828f364fe8e26e4,3,2,0,1,3,1,0.11177912196806072,0.10957360272947092,-0.0022055192385898037,0.0022055192385898037,TOWARD_REFERENCE,0.3333333333333333,MODERATE,2,174,,,44d3a6ab224b8ccb0f15969586229b3a45e0b98036928519681c52666a135638,0.2818417770440119,0.213374118346356,0.59375,-1,True,865
SB2627,Hypertensive nephropathy,renal glomerular-tubular filtration and fluid-balance structure,"excess magnitude, activity, quantity, or tissue state above the reference configuration",remaining_5256,c176af65952e9e27b047d6937298556e8e9142812a9c5160fbae558ed9b171d5,91,40,2,7,45,9,0.16046178949089118,0.15817941239911903,-0.0022823770917721475,0.0022823770917721475,TOWARD_REFERENCE,0.07692307692307693,MINOR,1,231,,,205706319b395d08c060137abc0738e3afe48107d10ab9441745957dc67f07dd,0.28176528062459605,0.20642107393243425,0.625,-5,True,866
SB2608,Hyperplasia erythroid,"erythrocyte production, integrity, and oxygen-transport structure",increase in tissue mass or cellular content beyond the reference configuration,remaining_5256,d3628b2663d0fb9b68f890f9f5e1e09eec9623929618fc263915e4a716df6b89,15,12,0,2,14,2,0.16712866470326126,0.16876367957896854,0.0016350148757072747,0.0016350148757072747,AWAY_FROM_REFERENCE,0.13333333333333333,MINOR,1,174,,,27e1a23e08554f307fb39e9b81ee87001894558d646ddba9d0a9020cbfdddd6e,0.28168385413716085,0.213181529435562,0.59375,-2,True,867
SB3190,Lung adenocarcinoma stage I,"pulmonary airway-alveolar, pleural, and gas-exchange structure",clonal proliferative expansion with loss of normal differentiation and replacement of local tissue architecture,remaining_5256,4b6387425fa4f3ec7d7d8395753f84c1911cbde22cc5f57ceaece01ee60db416,36,18,2,1,17,3,0.17672124650139676,0.17491463071858293,-0.0018066157828138252,0.0018066157828138252,TOWARD_REFERENCE,0.027777777777777776,MINOR,1,231,,,db92a8f5d91acb8f079240edecab5915c01e2307cf8eb65bde7e6052789783ab,0.2815975097189286,0.21822104843771784,0.5703125,1,True,868
SB1235,Complete hearing loss,cochlear-mechanical and auditory-neural transduction structure,reduced auditory mechanical/neural transduction,remaining_5256,a221ceed5afcdb9d9d9ca9e72878eb5078a316bc9a0a3f11afea922954b7d0b4,276,55,15,20,60,35,0.1401492765845156,0.1411272211853254,0.0009779446008097992,0.0009779446008097992,AWAY_FROM_REFERENCE,0.07246376811594203,MINOR,1,230,,,4e32c1aa79ef65db3817ce57c51cd40440b2f4492ce749787b1e95a4b4996b06,0.2814957952270063,0.21638206735000765,0.578125,-5,True,869
SB3616,Neural hearing loss,cochlear-mechanical and auditory-neural transduction structure,reduced auditory mechanical/neural transduction,remaining_5256,a221ceed5afcdb9d9d9ca9e72878eb5078a316bc9a0a3f11afea922954b7d0b4,276,55,15,20,60,35,0.1401492765845156,0.1411272211853254,0.0009779446008097992,0.0009779446008097992,AWAY_FROM_REFERENCE,0.07246376811594203,MINOR,1,230,,,383556c52dd494cb690d9286de38c6de97b4aaf655f5dc13bf6980c923ca8306,0.2814957952270063,0.21638206735000765,0.578125,-5,True,870
SB4006,Partial hearing loss,cochlear-mechanical and auditory-neural transduction structure,reduced auditory mechanical/neural transduction,remaining_5256,a221ceed5afcdb9d9d9ca9e72878eb5078a316bc9a0a3f11afea922954b7d0b4,276,55,15,20,60,35,0.1401492765845156,0.1411272211853254,0.0009779446008097992,0.0009779446008097992,AWAY_FROM_REFERENCE,0.07246376811594203,MINOR,1,230,,,48b3d102362f17cac498e2720682f9a7ea44a285573f0b0a82dda07d0ddb9870,0.2814957952270063,0.21638206735000765,0.578125,-5,True,871
SB5079,Sudden hearing loss,cochlear-mechanical and auditory-neural transduction structure,reduced auditory mechanical/neural transduction,remaining_5256,a221ceed5afcdb9d9d9ca9e72878eb5078a316bc9a0a3f11afea922954b7d0b4,276,55,15,20,60,35,0.1401492765845156,0.1411272211853254,0.0009779446008097992,0.0009779446008097992,AWAY_FROM_REFERENCE,0.07246376811594203,MINOR,1,230,,,5dc3b3268b8d052553812a886a8b8488824688c47f3e7a6c726f66f33f4a3205,0.2814957952270063,0.21638206735000765,0.578125,-5,True,872
SB3477,Myasthenia gravis-like syndrome,whole-organism substrate utilization and cellular energy-production structure,departure from the reference structural configuration or regulated functional range,remaining_5256,da839ca1f5c8b6aec30634729039f8d14982f5cbf2236f4e7b2f73fbad937466,78,27,3,3,27,6,0.11405124607083383,0.11472500491934878,0.0006737588485149493,0.0006737588485149493,AWAY_FROM_REFERENCE,0.038461538461538464,MINOR,1,223,,,ff6dd4f7273c1cba516123000b0dc71da7c0e61608068051a067e0761842660b,0.2814268013374453,0.2180128674846894,0.5703125,0,True,873
SB3524,Nail changes,"nail matrix, plate-production, and periungual structure","altered configuration or regulated output of the named structure, expressed as the state described by nail changes",remaining_5256,31728698526ceee497f89c4458036430bdc14018b8f75ee9175ab766a41db2bb,36,9,2,1,8,3,0.12209388509598162,0.13249663928129207,0.010402754185310448,0.010402754185310448,AWAY_FROM_REFERENCE,0.027777777777777776,MINOR,1,230,,,17a31dc0d2358723563ebaeae97d03d3cda72e6dd17d0b99fb7fef6c249f3aba,0.2814185962729103,0.21285804423525656,0.59375,1,True,874
SB1000,Catheter blockage,"implanted-device, catheter, or prosthesis tissue-interface structure",partial or complete luminal/pathway blockage with impaired transit or flow,remaining_5256,b8f403f1d500646d113c60b340291f61069eb7f3887edc4b509761068dc1d9d3,1431,685,70,62,677,132,0.18914395620366375,0.1956895701815453,0.006545613977881559,0.006545613977881559,AWAY_FROM_REFERENCE,0.04332634521313766,MINOR,1,223,,,78c9c4743d94e745233966a5c8fbebd8d840cde8aedefe030df54ec297b3866f,0.2813894190370595,0.2196822183378775,0.5625,8,True,875
SB1521,Device occlusion,"implanted-device, catheter, or prosthesis tissue-interface structure",partial or complete luminal/pathway blockage with impaired transit or flow,remaining_5256,b8f403f1d500646d113c60b340291f61069eb7f3887edc4b509761068dc1d9d3,1431,685,70,62,677,132,0.18914395620366375,0.1956895701815453,0.006545613977881559,0.006545613977881559,AWAY_FROM_REFERENCE,0.04332634521313766,MINOR,1,223,,,99dd62be1cfa8d0f339bcda0fb965502f8dfd5b0df7daad64211acd83016cae7,0.2813894190370595,0.2196822183378775,0.5625,8,True,876
SB5026,Stent occlusion,"implanted-device, catheter, or prosthesis tissue-interface structure",partial or complete luminal/pathway blockage with impaired transit or flow,remaining_5256,b8f403f1d500646d113c60b340291f61069eb7f3887edc4b509761068dc1d9d3,1431,685,70,62,677,132,0.18914395620366375,0.1956895701815453,0.006545613977881559,0.006545613977881559,AWAY_FROM_REFERENCE,0.04332634521313766,MINOR,1,223,,,8a5ac49ccfa58003362ed6873ddc7531c00c394e55df5dcc0d0efc729a5547ed,0.2813894190370595,0.2196822183378775,0.5625,8,True,877
SB1432,Death,integrated cardiopulmonary-neural vital-function structure,collapse of integrated vital-function continuity and sustained organism-level state,remaining_5256,0f811bed0858b47ef8af022152d045520f000765aa924017c341cff7a3f05f9c,496,231,39,25,217,64,0.16463881507405098,0.17115566271436355,0.006516847640312573,0.006516847640312573,AWAY_FROM_REFERENCE,0.05040322580645161,MINOR,1,223,,,2f56691aacf60f19e72f8d2ffc6f2483cf29e1d0c9c7d8cf97f8227c0b0a40d6,0.28133748322913077,0.2179039429623546,0.5703125,14,True,878
SB1433,Death neonatal,integrated cardiopulmonary-neural vital-function structure,collapse of integrated vital-function continuity and sustained organism-level state,remaining_5256,0f811bed0858b47ef8af022152d045520f000765aa924017c341cff7a3f05f9c,496,231,39,25,217,64,0.16463881507405098,0.17115566271436355,0.006516847640312573,0.006516847640312573,AWAY_FROM_REFERENCE,0.05040322580645161,MINOR,1,223,,,dabbbd5b9bbb7149f885091833b590a3df62ffed68a12c3794b64303dc16c71c,0.28133748322913077,0.2179039429623546,0.5703125,14,True,879
SB5077,Sudden death,integrated cardiopulmonary-neural vital-function structure,collapse of integrated vital-function continuity and sustained organism-level state,remaining_5256,0f811bed0858b47ef8af022152d045520f000765aa924017c341cff7a3f05f9c,496,231,39,25,217,64,0.16463881507405098,0.17115566271436355,0.006516847640312573,0.006516847640312573,AWAY_FROM_REFERENCE,0.05040322580645161,MINOR,1,223,,,1dc474143eb92e418631b7fc2ae27e4d381915f20eafa253ef053524631b4df3,0.28133748322913077,0.2179039429623546,0.5703125,14,True,880
SB5078,"Sudden death, cause unknown",integrated cardiopulmonary-neural vital-function structure,collapse of integrated vital-function continuity and sustained organism-level state,remaining_5256,0f811bed0858b47ef8af022152d045520f000765aa924017c341cff7a3f05f9c,496,231,39,25,217,64,0.16463881507405098,0.17115566271436355,0.006516847640312573,0.006516847640312573,AWAY_FROM_REFERENCE,0.05040322580645161,MINOR,1,223,,,880219b51bd187ca43cd0443a05955998f53ba694fcf923bb43e6dc650c35e94,0.28133748322913077,0.2179039429623546,0.5703125,14,True,881
SB2925,Intestinal mass,"intestinal mucosal barrier, smooth-muscle motility, and luminal transport structure",localized tissue overgrowth or mass formation with altered normal architecture,remaining_5256,d85dec5090d939b29c3754333b66ed3ed0eb994a93e44ef89ca56e0ee2e7a830,276,95,7,12,100,19,0.1205289909839301,0.1278292782732282,0.007300287289298102,0.007300287289298102,AWAY_FROM_REFERENCE,0.043478260869565216,MINOR,1,231,,,6762fb5a8cf08a037ece5bca4c0ae590ee1eb84a0ce6a215b558d589ff41a44f,0.2813362254170503,0.21618747002079308,0.578125,-5,True,882
SB5500,Vaginal dysplasia,"female reproductive, gestational, placental, and reproductive-output structure",abnormal cellular maturation and tissue architecture relative to the normal differentiated pattern,remaining_5256,5bb74c15381dec33b48decab4c43c53b53085bf27eda0eb0243f32af5196c2c9,3,0,0,1,1,1,0.11810189346571154,0.11922482396106138,0.0011229304953498387,0.0011229304953498387,AWAY_FROM_REFERENCE,0.3333333333333333,MODERATE,2,38,,,dae7e5d3ca2af7f5949d2656bbbfb7339dd27f33d566b565581be8707211a05f,0.2812330241561949,0.2143466758002377,0.5859375,-1,True,883
SB3362,Microhemorrhage,vascular wall and hemostatic integrity structure,vascular integrity breach with blood loss from the named structure,remaining_5256,2ff59c9913df0242f5ac5ac80a5d328621a3d3ffc1b47cc126506326d82a1765,325,205,13,20,212,33,0.22338599321166097,0.22132499407922257,-0.0020609991324384014,0.0020609991324384014,TOWARD_REFERENCE,0.06153846153846154,MINOR,1,210,,,63145c4a1fb32c47dc7d007c0acb215c7313bd4c4dac2fe0fa8724f85d3c0e3c,0.2811187209215342,0.21249234258723693,0.59375,-7,True,884
SB1408,Cytogenetic abnormality,"genomic sequence, chromosomal organization, and developmental-expression structure",measured state within the declared reference range rather than a malformation,remaining_5256,61da5c18a2f15f14b777bbfb8a798719d1469285bcc6f6b674724641b5a86e0d,15,8,1,1,8,2,0.16782062643697504,0.182837487447033,0.015016861010057947,0.015016861010057947,AWAY_FROM_REFERENCE,0.06666666666666667,MINOR,1,222,,,fc2b5d347b6fe1e21a84ac75e1277776018da39d11d9964efb602910660d2923,0.28101309727154755,0.21579341130676533,0.578125,0,True,885
SB1894,Erythropenia,"erythrocyte production, integrity, and oxygen-transport structure",quantity of the named cell/tissue component reduced below the reference range,remaining_5256,2db568b2501f55c9bb00f940100006bd8b99c0e73ad03176426acb1926913ba2,15,11,1,4,14,5,0.16679797699214693,0.167209953220536,0.000411976228389066,0.000411976228389066,AWAY_FROM_REFERENCE,0.26666666666666666,MODERATE,2,174,,,c0ec782e06693c70a62adbe8bd4341709fcae2eff58e3d2c154cd890a1ff9e26,0.28100797170610603,0.20892740451964154,0.609375,-3,True,886
SB4645,Reticulocytopenia,"erythrocyte production, integrity, and oxygen-transport structure",quantity of the named cell/tissue component reduced below the reference range,remaining_5256,2db568b2501f55c9bb00f940100006bd8b99c0e73ad03176426acb1926913ba2,15,11,1,4,14,5,0.16679797699214693,0.167209953220536,0.000411976228389066,0.000411976228389066,AWAY_FROM_REFERENCE,0.26666666666666666,MODERATE,2,174,,,5013f862e07feb5481c2b05d44e36375c024c682d1ce75d8114f6228a710bfe1,0.28100797170610603,0.20892740451964154,0.609375,-3,True,887
SB5254,Tinnitus,cochlear-mechanical and auditory-neural transduction structure,auditory percept generation without corresponding external acoustic input,remaining_5256,238ae1589d1b7aa645f8fa23cb2434add69611815bf2926cfa6448119cfdaef5,276,82,17,13,78,30,0.15326794640536878,0.15511931578721472,0.0018513693818459354,0.0018513693818459354,AWAY_FROM_REFERENCE,0.04710144927536232,MINOR,1,230,,,198474fcf7995b1d46afae5762f06ad326309d11175e487c0e53e8c81e666442,0.28093465671583595,0.2208425691656536,0.5546875,4,True,888
SB1890,Erythrocytosis,"erythrocyte production, integrity, and oxygen-transport structure","abnormal structural accumulation, degeneration, remodeling, or chronic state within the named structure",remaining_5256,b69a4785e0b38063e5ad2601b8bf6a01eeaf0e3de62713bd2a9d9f2c0fceb5bb,15,10,0,3,13,3,0.1518238390745601,0.15609837581706731,0.004274536742507218,0.004274536742507218,AWAY_FROM_REFERENCE,0.2,MINOR,1,174,,,e8e0995076112e03609b78930f6583da5a28cb0ff9b0ab200ebe5cd09058affc,0.2808368649677163,0.20871873776550776,0.609375,-3,True,889
SB1897,Erythrosis,"erythrocyte production, integrity, and oxygen-transport structure","abnormal structural accumulation, degeneration, remodeling, or chronic state within the named structure",remaining_5256,b69a4785e0b38063e5ad2601b8bf6a01eeaf0e3de62713bd2a9d9f2c0fceb5bb,15,10,0,3,13,3,0.1518238390745601,0.15609837581706731,0.004274536742507218,0.004274536742507218,AWAY_FROM_REFERENCE,0.2,MINOR,1,174,,,bceaefabd8a7892f729cd2ac480c7843cc5efe22e1d7e3dfe4e99c3c48a27e69,0.2808368649677163,0.20871873776550776,0.609375,-3,True,890
SB3361,Microcytosis,"erythrocyte production, integrity, and oxygen-transport structure","abnormal structural accumulation, degeneration, remodeling, or chronic state within the named structure",remaining_5256,b69a4785e0b38063e5ad2601b8bf6a01eeaf0e3de62713bd2a9d9f2c0fceb5bb,15,10,0,3,13,3,0.1518238390745601,0.15609837581706731,0.004274536742507218,0.004274536742507218,AWAY_FROM_REFERENCE,0.2,MINOR,1,174,,,e3adc46a850e71965c1fd183a85e42dfc2311f9c4fb54977d0f9316f36752446,0.2808368649677163,0.20871873776550776,0.609375,-3,True,891
SB4218,Poikilocytosis,"erythrocyte production, integrity, and oxygen-transport structure","abnormal structural accumulation, degeneration, remodeling, or chronic state within the named structure",remaining_5256,b69a4785e0b38063e5ad2601b8bf6a01eeaf0e3de62713bd2a9d9f2c0fceb5bb,15,10,0,3,13,3,0.1518238390745601,0.15609837581706731,0.004274536742507218,0.004274536742507218,AWAY_FROM_REFERENCE,0.2,MINOR,1,174,,,4ca1c89cad5cb05ce9a008727946390fe3bc4c2973271e3558769faf7c6b5fa1,0.2808368649677163,0.20871873776550776,0.609375,-3,True,892
SB4646,Reticulocytosis,"erythrocyte production, integrity, and oxygen-transport structure","abnormal structural accumulation, degeneration, remodeling, or chronic state within the named structure",remaining_5256,b69a4785e0b38063e5ad2601b8bf6a01eeaf0e3de62713bd2a9d9f2c0fceb5bb,15,10,0,3,13,3,0.1518238390745601,0.15609837581706731,0.004274536742507218,0.004274536742507218,AWAY_FROM_REFERENCE,0.2,MINOR,1,174,,,4824e98ecda46d6c0a9c7c551a1275537c5bf9aca32d4434e8e67f4547e7f9dc,0.2808368649677163,0.20871873776550776,0.609375,-3,True,893
SB3037,Lacrimal duct obstruction,lacrimal-gland secretion and tear-drainage ocular-surface structure,partial or complete luminal/pathway blockage with impaired transit or flow,remaining_5256,d2a3bf50766a62b35e5a8684e7459ce56a5de1ea00a042e83054bba913c9cf48,703,324,35,30,319,65,0.19147665918269285,0.19325196408242085,0.0017753048997279919,0.0017753048997279919,AWAY_FROM_REFERENCE,0.04267425320056899,MINOR,1,223,,,03558657fc80037436f756c6da47ccc38120aa64cc0d67e182229e031258d5ef,0.28078735496319207,0.21551811580877078,0.578125,5,True,894
SB0480,Aspermia,"male gonadal, ductal, accessory-gland, and reproductive-output structure",absence of semen emission during expected ejaculatory output,remaining_5256,fe7c5a8e7dd0720cd19aadac01e012d00ad6152992e8f72c48fdafb3f5008956,190,86,10,5,81,15,0.16766081242632103,0.16731260478572962,-0.0003482076405914025,0.0003482076405914025,TOWARD_REFERENCE,0.02631578947368421,MINOR,1,223,,,5879c12749c8cd6209c9db1bc3662dd851510ddab91634011f6e522143f6a249,0.28072067280912427,0.21543679610868816,0.578125,5,True,895
SB0320,Ankle fracture,musculoskeletal mechanical-integrity and repair structure,loss of mineralized skeletal continuity under mechanical load,established_478,0e6b40686962103982fb9f63c654d45249d505cba3d15c8631174589df0ca01c,105,50,2,6,54,8,0.20445521366587316,0.20740057139875345,0.002945357732880294,0.002945357732880294,AWAY_FROM_REFERENCE,0.05714285714285714,MINOR,1,231,,,01666f446f49b2361e0d2a28111f4b4a9a1ffee6720d05927389fcda995352e8,0.28068010433423085,0.20852756626125712,0.609375,-4,True,896
SB0415,Application site papules,local epidermal-dermal barrier and repair structure,"altered configuration or regulated output of the named structure, expressed as the state described by application site papules",established_478,4ad61c79f10af27a6d40c33bfd88e92eb521cba79a645b337daeed4b3d72971c,28,12,5,1,8,6,0.11951925463477486,0.1270657681860674,0.007546513551292544,0.007546513551292544,AWAY_FROM_REFERENCE,0.03571428571428571,MINOR,1,223,,,900c52bdbb9f225434a22fde228a09b1245cbe286018b753ccc9cbb011eb032d,0.2806082567846479,0.21872958144469257,0.5625,4,True,897
SB2544,Hodgkin's disease lymphocyte depletion type stage unspecified,"circulating leukocyte production, distribution, and effector-cell structure","altered configuration or regulated output of the named structure, expressed as the state described by hodgkin's disease lymphocyte depletion type stage",remaining_5256,a6ff925324c715a11648261201ef8982edcde2141898781265a0b63514a48787,1830,452,62,112,502,174,0.09622733843300324,0.10156546656474319,0.00533812813173995,0.00533812813173995,AWAY_FROM_REFERENCE,0.06120218579234973,MINOR,1,231,,,33a5a62284ee9109a19098b08aec71445b7339fb924a0b21ef1d00897ada75c3,0.2805248745122788,0.2134830786735108,0.5859375,-50,True,898
SB0288,Anaphylactoid reaction,systemic mast-cell histamine vascular-airway response structure,"acute systemic mediator release causing widespread vascular-permeability, smooth-muscle, and barrier perturbation",established_478,4d07587b5a3cb23c016bae4e3afc6db96f7dd0ca95b36c34ff2e0b5d61c02c3c,435,189,15,16,190,31,0.14268662480719996,0.13771750380079406,-0.004969121006405897,0.004969121006405897,TOWARD_REFERENCE,0.0367816091954023,MINOR,1,222,,,b39f4d9f9104a9a48ee7d59009a5f9319e062644fbab59404feae953ccf889c5,0.28049878520983246,0.21173632342662496,0.59375,-1,True,899
SB0289,Anaphylactoid syndrome of pregnancy,systemic mast-cell histamine vascular-airway response structure,"acute systemic mediator release causing widespread vascular-permeability, smooth-muscle, and barrier perturbation",established_478,4d07587b5a3cb23c016bae4e3afc6db96f7dd0ca95b36c34ff2e0b5d61c02c3c,435,189,15,16,190,31,0.14268662480719996,0.13771750380079406,-0.004969121006405897,0.004969121006405897,TOWARD_REFERENCE,0.0367816091954023,MINOR,1,222,,,a72006dc152b5ccf5b23394304fe141ae661af07dfcc788a5c89c35d0cbee89b,0.28049878520983246,0.21173632342662496,0.59375,-1,True,900
SB1703,Ear haemorrhage,cochlear-mechanical and auditory-neural transduction structure,vascular or tissue integrity breach with blood extravasation/accumulation,remaining_5256,dd1d0275a98be15f77d61697dd40b9ac98fb0131f9aa24b8b64d2d4f9529d7e3,276,86,11,15,90,26,0.16387781088751563,0.16361779640947838,-0.00026001447803725153,0.00026001447803725153,TOWARD_REFERENCE,0.05434782608695652,MINOR,1,230,,,b479536408da969281de46be253cba0664beadf6162987b2b895c9a1b5f65263,0.2804212929770799,0.218501576801317,0.5625,-4,True,901
SB2569,Hyperaesthesia,peripheral sensory-nerve axonal conduction structure,"excess magnitude, activity, quantity, or tissue state above the reference configuration",remaining_5256,0353ce535c9f6bddd6f4991a7855549e13eef72389338bf9da4538a15c66b643,6,5,1,0,4,1,0.17756806654606583,0.18326332834027947,0.005695261794213646,0.005695261794213646,AWAY_FROM_REFERENCE,0.0,INFORMATIONAL,0,223,,,c8c118788f14f82a296cfcd80199e2d9bc670aabb67b295ef61000b26f2aff91,0.28027252123542057,0.21832014784807385,0.5625,1,True,902
SB3366,Micturition disorder,"urethral lumen, mucosal, sphincter, and urine-flow structure",departure from the reference structural configuration or regulated functional range,remaining_5256,9f47ed7037bfee703efbfc866f53e7fd1d56e11d70fd841ce9f2711f425b5b31,465,134,9,27,152,36,0.16346308945356658,0.15751732413264863,-0.005945765320917951,0.005945765320917951,TOWARD_REFERENCE,0.05806451612903226,MINOR,1,231,,,40d6df2c2aa0bf09010b53d32e98ca0da28e1dd65cef83e708b14275c9157bdf,0.2802629613576548,0.2097337943386035,0.6015625,-18,True,903
SB5417,Urethral disorder,"urethral lumen, mucosal, sphincter, and urine-flow structure",departure from the reference structural configuration or regulated functional range,remaining_5256,9f47ed7037bfee703efbfc866f53e7fd1d56e11d70fd841ce9f2711f425b5b31,465,134,9,27,152,36,0.16346308945356658,0.15751732413264863,-0.005945765320917951,0.005945765320917951,TOWARD_REFERENCE,0.05806451612903226,MINOR,1,231,,,e8e5a63152410324ece0a2cc54c6c6b0cd2779c9f42797b902d015587279e005,0.2802629613576548,0.2097337943386035,0.6015625,-18,True,904
SB3251,Malignant neoplasm of renal pelvis,renal glomerular-tubular filtration and fluid-balance structure,loss of normal proliferative/differentiation constraint with clonal tissue expansion and architectural replacement,remaining_5256,c76eb10b44d975c8a1268fba27e4d67837b826c24afa276d2e83b20a06597e75,91,35,4,8,39,12,0.15767954431610431,0.15805294552238314,0.0003734012062788228,0.0003734012062788228,AWAY_FROM_REFERENCE,0.08791208791208792,MINOR,1,231,,,7ec98b49ed59ca396c1e4dbb602a473fcea43bfbcd3562e28572af5ccb9c3c39,0.2802386128299582,0.21484891808531492,0.578125,-4,True,905
SB3350,Metastatic renal cell carcinoma,renal glomerular-tubular filtration and fluid-balance structure,loss of normal proliferative/differentiation constraint with clonal tissue expansion and architectural replacement,remaining_5256,c76eb10b44d975c8a1268fba27e4d67837b826c24afa276d2e83b20a06597e75,91,35,4,8,39,12,0.15767954431610431,0.15805294552238314,0.0003734012062788228,0.0003734012062788228,AWAY_FROM_REFERENCE,0.08791208791208792,MINOR,1,231,,,950b151369911dda7547f473f83b009bb2858f293662c908fa2c6faee548af84,0.2802386128299582,0.21484891808531492,0.578125,-4,True,906
SB4581,Renal cancer,renal glomerular-tubular filtration and fluid-balance structure,loss of normal proliferative/differentiation constraint with clonal tissue expansion and architectural replacement,remaining_5256,c76eb10b44d975c8a1268fba27e4d67837b826c24afa276d2e83b20a06597e75,91,35,4,8,39,12,0.15767954431610431,0.15805294552238314,0.0003734012062788228,0.0003734012062788228,AWAY_FROM_REFERENCE,0.08791208791208792,MINOR,1,231,,,0a1f2c30cd55b9c58ce14b2937ec2661c88c08936dffb921212d11b4012349ab,0.2802386128299582,0.21484891808531492,0.578125,-4,True,907
SB4582,Renal cell carcinoma,renal glomerular-tubular filtration and fluid-balance structure,loss of normal proliferative/differentiation constraint with clonal tissue expansion and architectural replacement,remaining_5256,c76eb10b44d975c8a1268fba27e4d67837b826c24afa276d2e83b20a06597e75,91,35,4,8,39,12,0.15767954431610431,0.15805294552238314,0.0003734012062788228,0.0003734012062788228,AWAY_FROM_REFERENCE,0.08791208791208792,MINOR,1,231,,,167e4adf667c53f447c3c916f8070f8df28dc74df3988690201119391cf3aa79,0.2802386128299582,0.21484891808531492,0.578125,-4,True,908
SB4598,Renal neoplasm,renal glomerular-tubular filtration and fluid-balance structure,loss of normal proliferative/differentiation constraint with clonal tissue expansion and architectural replacement,remaining_5256,c76eb10b44d975c8a1268fba27e4d67837b826c24afa276d2e83b20a06597e75,91,35,4,8,39,12,0.15767954431610431,0.15805294552238314,0.0003734012062788228,0.0003734012062788228,AWAY_FROM_REFERENCE,0.08791208791208792,MINOR,1,231,,,d18fad343410a4991578fb0f69002c1f13070a2fcc3198e60fb999b277383ea5,0.2802386128299582,0.21484891808531492,0.578125,-4,True,909
SB0688,Blood creatinine abnormal,renal glomerular-tubular filtration and fluid-balance structure,departure from the reference structural configuration or regulated functional range,remaining_5256,a3471a7e3e4a1fb63efc0ca9a1d35c252d22d7e79091f4212c8066807b634945,91,35,5,3,33,8,0.14040095001082742,0.13330636925808814,-0.007094580752739277,0.007094580752739277,TOWARD_REFERENCE,0.03296703296703297,MINOR,1,231,,,0c5a4fb5ab957a2c491350e1788a6c60ed38f321157a06dd2efe6b8b950a8858,0.28022540048360867,0.20625811034586428,0.6171875,2,True,910
SB0754,Blood urea abnormal,renal glomerular-tubular filtration and fluid-balance structure,departure from the reference structural configuration or regulated functional range,remaining_5256,a3471a7e3e4a1fb63efc0ca9a1d35c252d22d7e79091f4212c8066807b634945,91,35,5,3,33,8,0.14040095001082742,0.13330636925808814,-0.007094580752739277,0.007094580752739277,TOWARD_REFERENCE,0.03296703296703297,MINOR,1,231,,,fe9f7c982c0c3de9aeb4050d59fe196886761c384cd16305ca42fe9d9163ea76,0.28022540048360867,0.20625811034586428,0.6171875,2,True,911
SB1365,Creatinine abnormal NOS,renal glomerular-tubular filtration and fluid-balance structure,departure from the reference structural configuration or regulated functional range,remaining_5256,a3471a7e3e4a1fb63efc0ca9a1d35c252d22d7e79091f4212c8066807b634945,91,35,5,3,33,8,0.14040095001082742,0.13330636925808814,-0.007094580752739277,0.007094580752739277,TOWARD_REFERENCE,0.03296703296703297,MINOR,1,231,,,1e1f054b8824552710d9f588bb651514f02ce5091abc9089200ff850c0a43ddb,0.28022540048360867,0.20625811034586428,0.6171875,2,True,912
SB2375,Haemolytic uraemic syndrome,renal glomerular-tubular filtration and fluid-balance structure,departure from the reference structural configuration or regulated functional range,remaining_5256,a3471a7e3e4a1fb63efc0ca9a1d35c252d22d7e79091f4212c8066807b634945,91,35,5,3,33,8,0.14040095001082742,0.13330636925808814,-0.007094580752739277,0.007094580752739277,TOWARD_REFERENCE,0.03296703296703297,MINOR,1,231,,,8d669297d70d6571325077d555667c92958feaf6a819d0a06c034f181204eb0b,0.28022540048360867,0.20625811034586428,0.6171875,2,True,913
SB3016,Kidney function abnormal,renal glomerular-tubular filtration and fluid-balance structure,departure from the reference structural configuration or regulated functional range,remaining_5256,a3471a7e3e4a1fb63efc0ca9a1d35c252d22d7e79091f4212c8066807b634945,91,35,5,3,33,8,0.14040095001082742,0.13330636925808814,-0.007094580752739277,0.007094580752739277,TOWARD_REFERENCE,0.03296703296703297,MINOR,1,231,,,a9938c9b2b4956197f429d9b634ab9deec830135f41eaefbd22f306c861bf52f,0.28022540048360867,0.20625811034586428,0.6171875,2,True,914
SB3592,Nephritic syndrome,renal glomerular-tubular filtration and fluid-balance structure,departure from the reference structural configuration or regulated functional range,remaining_5256,a3471a7e3e4a1fb63efc0ca9a1d35c252d22d7e79091f4212c8066807b634945,91,35,5,3,33,8,0.14040095001082742,0.13330636925808814,-0.007094580752739277,0.007094580752739277,TOWARD_REFERENCE,0.03296703296703297,MINOR,1,231,,,a34b6597634c82b251a8c4065c4fb0e1b37124e709f0fdf66a5c50da3578a554,0.28022540048360867,0.20625811034586428,0.6171875,2,True,915
SB3604,Nephrotic syndrome,renal glomerular-tubular filtration and fluid-balance structure,departure from the reference structural configuration or regulated functional range,remaining_5256,a3471a7e3e4a1fb63efc0ca9a1d35c252d22d7e79091f4212c8066807b634945,91,35,5,3,33,8,0.14040095001082742,0.13330636925808814,-0.007094580752739277,0.007094580752739277,TOWARD_REFERENCE,0.03296703296703297,MINOR,1,231,,,fac481d46548f560e16ba6feddeea55d15d652db5b9074616791c37511eec7bd,0.28022540048360867,0.20625811034586428,0.6171875,2,True,916
SB4591,Renal function test abnormal,renal glomerular-tubular filtration and fluid-balance structure,departure from the reference structural configuration or regulated functional range,remaining_5256,a3471a7e3e4a1fb63efc0ca9a1d35c252d22d7e79091f4212c8066807b634945,91,35,5,3,33,8,0.14040095001082742,0.13330636925808814,-0.007094580752739277,0.007094580752739277,TOWARD_REFERENCE,0.03296703296703297,MINOR,1,231,,,12e3b0a50485af8b5c0313dd516db4745292213eab1576e4c2670659a6e10ea6,0.28022540048360867,0.20625811034586428,0.6171875,2,True,917
SB4603,Renal tubular disorder,renal glomerular-tubular filtration and fluid-balance structure,departure from the reference structural configuration or regulated functional range,remaining_5256,a3471a7e3e4a1fb63efc0ca9a1d35c252d22d7e79091f4212c8066807b634945,91,35,5,3,33,8,0.14040095001082742,0.13330636925808814,-0.007094580752739277,0.007094580752739277,TOWARD_REFERENCE,0.03296703296703297,MINOR,1,231,,,97ac21e0e2ce86fb705917495e950870d213081d22e6f38566308b69638c8cb7,0.28022540048360867,0.20625811034586428,0.6171875,2,True,918
SB4808,Serum creatinine abnormal,renal glomerular-tubular filtration and fluid-balance structure,departure from the reference structural configuration or regulated functional range,remaining_5256,a3471a7e3e4a1fb63efc0ca9a1d35c252d22d7e79091f4212c8066807b634945,91,35,5,3,33,8,0.14040095001082742,0.13330636925808814,-0.007094580752739277,0.007094580752739277,TOWARD_REFERENCE,0.03296703296703297,MINOR,1,231,,,cdc040008bfca0e8bf756ee3b5412eef7556dbe0c381841f4b7942ddd4f6470e,0.28022540048360867,0.20625811034586428,0.6171875,2,True,919
SB5407,Uraemic syndrome,renal glomerular-tubular filtration and fluid-balance structure,departure from the reference structural configuration or regulated functional range,remaining_5256,a3471a7e3e4a1fb63efc0ca9a1d35c252d22d7e79091f4212c8066807b634945,91,35,5,3,33,8,0.14040095001082742,0.13330636925808814,-0.007094580752739277,0.007094580752739277,TOWARD_REFERENCE,0.03296703296703297,MINOR,1,231,,,5701a5836bd6d2d043cbd891e3e6c1a1841ba568449dc24092c0aa52e1f2f8a4,0.28022540048360867,0.20625811034586428,0.6171875,2,True,920
SB4628,Respiratory paralysis,"pulmonary airway-alveolar, pleural, and gas-exchange structure",reduced or absent motor neural output and target-tissue activation,remaining_5256,52d06e971f439e82def5e272984575a839a24c00a5bfc7ce99ee9cea4d7a300f,36,15,4,2,13,6,0.15783603849114192,0.15578457192732098,-0.002051466563820936,0.002051466563820936,TOWARD_REFERENCE,0.05555555555555555,MINOR,1,231,,,247c5f18e3052c68d04bc6e2d251b214d92979130f5821a800cd528a6bdd8002,0.28022123021965784,0.20968290270689982,0.6015625,2,True,921
SB5140,Systolic ejection murmur,myocardial chamber contraction and cardiac-output structure,audible turbulent transvalvular or intracardiac flow produced by altered geometry or pressure gradient,remaining_5256,75b42e6c1dd0b1d24308fcd27c37b682c80bec12d576e0303942d60d4e01557d,3,2,1,0,1,1,0.14509944230659755,0.1366774845368829,-0.00842195776971466,0.00842195776971466,TOWARD_REFERENCE,0.0,INFORMATIONAL,0,223,,,c89c9a577e497b0948447a7e0e81490d8d3d216bfa99307c497da1dfdbcd9f94,0.28004593443146214,0.21975876150178308,0.5546875,1,True,922
SB0400,Application site erosion,local epidermal-dermal barrier and repair structure,localized epithelial or tissue-surface loss with reduced barrier continuity,established_478,98055783630b9e3e21c9be63bb90e9f5658d8fa7dbe7232a3df10659b7f2e6cf,28,16,3,1,14,4,0.13742663132757227,0.14289883149157867,0.005472200164006402,0.005472200164006402,AWAY_FROM_REFERENCE,0.03571428571428571,MINOR,1,223,,,4abbd4dcb1355b09489c4a53378a39916fc54f5540f0afc44b0131829ecd1d68,0.2798761722344118,0.2178367954078193,0.5625,2,True,923
SB0427,Application site ulcer,local epidermal-dermal barrier and repair structure,localized epithelial or tissue-surface loss with reduced barrier continuity,established_478,98055783630b9e3e21c9be63bb90e9f5658d8fa7dbe7232a3df10659b7f2e6cf,28,16,3,1,14,4,0.13742663132757227,0.14289883149157867,0.005472200164006402,0.005472200164006402,AWAY_FROM_REFERENCE,0.03571428571428571,MINOR,1,223,,,cf6f20ff2adb225165ef8a0313d193d66d7b4c7f37f623dcf04037a9e9efb7f2,0.2798761722344118,0.2178367954078193,0.5625,2,True,924
SB0252,Amblyopia,retinal-optic-cortical visual-signal structure,reduced visual acuity from abnormal development or integration of visual processing despite structurally present eye,established_478,26d587597d76f5a3b3edb629d9b6ed208d7d775a807dc74731c5d0f0dd49384d,120,65,12,2,55,14,0.16290119276787351,0.16265279660213738,-0.0002483961657361311,0.0002483961657361311,TOWARD_REFERENCE,0.016666666666666666,MINOR,1,223,,,7b99c7c4f7e2e49fe863e01b552fe1bc972d2f0614af3b2edae25b53466e81d0,0.2798473849440032,0.2126568718829307,0.5859375,10,True,925
SB2204,Gastrointestinal inflammation,"intestinal mucosal barrier, smooth-muscle motility, and luminal transport structure","localized or systemic inflammatory activation with altered barrier, vascular, and cellular organization",remaining_5256,8d67d57de01bc2468765083b67ea9c4b5b69a32eedbaa2a3e1aca55432c44844,276,80,7,19,92,26,0.12128062800697736,0.12944163453432245,0.008161006527345083,0.008161006527345083,AWAY_FROM_REFERENCE,0.06884057971014493,MINOR,1,231,,,6b1e266acbb35fdc8a9264b2a7b02c6d48ae144c5810b1d5a2b0a999e310a055,0.27962798637668285,0.22096400777644254,0.546875,-12,True,926
SB2810,Inflammatory bowel disease,"intestinal mucosal barrier, smooth-muscle motility, and luminal transport structure","localized or systemic inflammatory activation with altered barrier, vascular, and cellular organization",remaining_5256,8d67d57de01bc2468765083b67ea9c4b5b69a32eedbaa2a3e1aca55432c44844,276,80,7,19,92,26,0.12128062800697736,0.12944163453432245,0.008161006527345083,0.008161006527345083,AWAY_FROM_REFERENCE,0.06884057971014493,MINOR,1,231,,,355fea4adc7d1b546fea722fad3c0e5cb68947512c96a6caf4754ce8b96698e2,0.27962798637668285,0.22096400777644254,0.546875,-12,True,927
SB3241,Malaise,whole-organism substrate utilization and cellular energy-production structure,reduced available functional output relative to required whole-organism demand,remaining_5256,b70a41ad58fe93b2e729bc9b0c3c2c184ba5894632404c3cdc3679be41c5fb03,78,24,1,3,26,4,0.1117003023212898,0.109437800886519,-0.002262501434770803,0.002262501434770803,TOWARD_REFERENCE,0.038461538461538464,MINOR,1,223,,,13e06e8495c7f63a0dccbde87d85589ebb4f8884eb41b5eb42bd2c89e801f79d,0.27956966114649556,0.21917794042255556,0.5546875,-2,True,928
SB4597,Renal mass,renal glomerular-tubular filtration and fluid-balance structure,localized tissue overgrowth or mass formation with altered normal architecture,remaining_5256,1210c8fe8f99f47db08053dee9b6f299e364622cf8e81790d4fc8468a8e7e3e0,91,33,5,4,32,9,0.14627741300896324,0.14827246814451056,0.001995055135547319,0.001995055135547319,AWAY_FROM_REFERENCE,0.04395604395604396,MINOR,1,231,,,f17674cf2df80bd197b32879e794f1bb220476017e367412fa63d239cfe09781,0.2794633463503104,0.21904828823208589,0.5546875,1,True,929
SB1149,Chronic interstitial nephritis,renal glomerular-tubular filtration and fluid-balance structure,"localized or systemic inflammatory activation with altered barrier, vascular, and cellular organization",remaining_5256,9e9485d20cad2dc8a7a9605cd414964ba9485315b566a7f522dff46acebe85cc,91,30,3,7,34,10,0.1510558568075846,0.1529267565100927,0.0018708997025080887,0.0018708997025080887,AWAY_FROM_REFERENCE,0.07692307692307693,MINOR,1,231,,,4c83483fff7b296ccffd978226ed6f39c4ed92f44f93a8abfcbf4dd34ead4b59,0.27946254391762765,0.20875767550930202,0.6015625,-4,True,930
SB3593,Nephritis,renal glomerular-tubular filtration and fluid-balance structure,"localized or systemic inflammatory activation with altered barrier, vascular, and cellular organization",remaining_5256,9e9485d20cad2dc8a7a9605cd414964ba9485315b566a7f522dff46acebe85cc,91,30,3,7,34,10,0.1510558568075846,0.1529267565100927,0.0018708997025080887,0.0018708997025080887,AWAY_FROM_REFERENCE,0.07692307692307693,MINOR,1,231,,,62684d01654ac797375dff0c698cad6886e80c889b92404f2999c5f9dcee05d9,0.27946254391762765,0.20875767550930202,0.6015625,-4,True,931
SB3594,Nephritis interstitial,renal glomerular-tubular filtration and fluid-balance structure,"localized or systemic inflammatory activation with altered barrier, vascular, and cellular organization",remaining_5256,9e9485d20cad2dc8a7a9605cd414964ba9485315b566a7f522dff46acebe85cc,91,30,3,7,34,10,0.1510558568075846,0.1529267565100927,0.0018708997025080887,0.0018708997025080887,AWAY_FROM_REFERENCE,0.07692307692307693,MINOR,1,231,,,1058dfeeb382400159bd2d88a3abea6e7e2bcd9c227674269537657591c95bc2,0.27946254391762765,0.20875767550930202,0.6015625,-4,True,932
SB4605,Renal vasculitis,renal glomerular-tubular filtration and fluid-balance structure,"localized or systemic inflammatory activation with altered barrier, vascular, and cellular organization",remaining_5256,9e9485d20cad2dc8a7a9605cd414964ba9485315b566a7f522dff46acebe85cc,91,30,3,7,34,10,0.1510558568075846,0.1529267565100927,0.0018708997025080887,0.0018708997025080887,AWAY_FROM_REFERENCE,0.07692307692307693,MINOR,1,231,,,9c98519b5fd1cdf208981a1a4a6926c9001b2c4df34236e0ba41f7d3e0f47ba8,0.27946254391762765,0.20875767550930202,0.6015625,-4,True,933
SB5350,Tubulointerstitial nephritis,renal glomerular-tubular filtration and fluid-balance structure,"localized or systemic inflammatory activation with altered barrier, vascular, and cellular organization",remaining_5256,9e9485d20cad2dc8a7a9605cd414964ba9485315b566a7f522dff46acebe85cc,91,30,3,7,34,10,0.1510558568075846,0.1529267565100927,0.0018708997025080887,0.0018708997025080887,AWAY_FROM_REFERENCE,0.07692307692307693,MINOR,1,231,,,e2cdb5e8ce29de3721ce6b957d8bfea6a03b6e28c41ed86419b55cebe0a9baa6,0.27946254391762765,0.20875767550930202,0.6015625,-4,True,934
SB0279,Anal fistula,anorectal mucosal and perianal tissue integrity/inflammatory structure,structural continuity failure producing an abnormal opening or separation,established_478,959d1d93f01e261749ca00d8f6f213dfeff88d1420e3deaa4f2e24b55c9b7c13,28,9,2,2,9,4,0.13567218188387165,0.14092678757181099,0.00525460568793934,0.00525460568793934,AWAY_FROM_REFERENCE,0.07142857142857142,MINOR,1,231,,,935593ca85c6545c29fafac491684ea543140bc1e4250474d01d4acdb5e37cc7,0.2792214649083466,0.21017861574188612,0.59375,0,True,935
SB3605,Nephrotoxicity,renal glomerular-tubular filtration and fluid-balance structure,"altered configuration or regulated output of the named structure, expressed as the state described by nephrotoxicity",remaining_5256,2fe2e24fcdc343357819f1610e583bb2114d8a8b09e8db1b1d33317d7683c3f1,91,29,3,9,35,12,0.13357241630682015,0.13586395783696936,0.0022915415301492104,0.0022915415301492104,AWAY_FROM_REFERENCE,0.0989010989010989,MINOR,1,231,,,be0a993faaa8120a2b075239478d7dc88081289f752dc4810b401691cc0d1bcc,0.27922122325026694,0.2136081990856914,0.578125,-6,True,936
SB0166,Adenocarcinoma pancreas,pancreatic endocrine-exocrine parenchymal and ductal structure,clonal proliferative expansion with loss of normal differentiation and replacement of local tissue architecture,established_478,7c62a1da61a667a05c544e151c67a10b02f0cbe4b1f1b841b578c99007e86f1a,91,44,5,3,42,8,0.1797231318801028,0.1763047210230242,-0.003418410857078613,0.003418410857078613,TOWARD_REFERENCE,0.03296703296703297,MINOR,1,230,,,6b97600d64ef94cb4a47e6b28dd45480368bc9cff423af0cb0f484fb4f988bc7,0.27918341571928296,0.21527703136497922,0.5703125,2,True,937
SB2219,Gastrointestinal ulcer,"intestinal mucosal barrier, smooth-muscle motility, and luminal transport structure",localized epithelial or tissue-surface loss with reduced barrier continuity,remaining_5256,cc62f623519588a33fc0adcaa057d86440215133fd35b89454250ead4afc047e,276,80,4,21,97,25,0.11934724960981102,0.1281497429651446,0.008802493355333563,0.008802493355333563,AWAY_FROM_REFERENCE,0.07608695652173914,MINOR,1,231,,,33829d0cfbd5250aa3037606ffc693b40a33105e699870a4dd4eeaa56278d4d6,0.27917387699780993,0.21698033780220727,0.5625,-17,True,938
SB2221,Gastrointestinal ulcer perforation,"intestinal mucosal barrier, smooth-muscle motility, and luminal transport structure",localized epithelial or tissue-surface loss with reduced barrier continuity,remaining_5256,cc62f623519588a33fc0adcaa057d86440215133fd35b89454250ead4afc047e,276,80,4,21,97,25,0.11934724960981102,0.1281497429651446,0.008802493355333563,0.008802493355333563,AWAY_FROM_REFERENCE,0.07608695652173914,MINOR,1,231,,,8e412b16298cbaf1bd65165a5e8067dc2cfbcf010e0289101df185e88e1e2624,0.27917387699780993,0.21698033780220727,0.5625,-17,True,939
SB2932,Intestinal ulcer,"intestinal mucosal barrier, smooth-muscle motility, and luminal transport structure",localized epithelial or tissue-surface loss with reduced barrier continuity,remaining_5256,cc62f623519588a33fc0adcaa057d86440215133fd35b89454250ead4afc047e,276,80,4,21,97,25,0.11934724960981102,0.1281497429651446,0.008802493355333563,0.008802493355333563,AWAY_FROM_REFERENCE,0.07608695652173914,MINOR,1,231,,,b4b4b7a5c30895c445b4173908dea9d04eb03e0eca79fba4a534a953c1f67f23,0.27917387699780993,0.21698033780220727,0.5625,-17,True,940
SB0003,AION,anterior optic-nerve-head perfusion and axonal-conduction structure,anterior optic-nerve-head perfusion loss with axonal conduction and viability compromise,established_478,a1cc969c80904646f4d9696bcd94e75991bfc236385e5811f8158c7618f6ad78,91,31,2,4,33,6,0.10878991705343244,0.11841671830348655,0.009626801250054107,0.009626801250054107,AWAY_FROM_REFERENCE,0.04395604395604396,MINOR,1,231,,,21aa7e4aa631ef34eb93bfc8e12dcd64cccd964c3f2978232dede2bce8cc6e5a,0.2791578821546924,0.21181601482279566,0.5859375,-2,True,941
SB4429,Pulmonary alveolitis,"pulmonary airway-alveolar, pleural, and gas-exchange structure","localized inflammatory activation with cellular infiltration, vascular change, and tissue-function perturbation",remaining_5256,71e34522b7827199ab7aa76e6de3e1b7ec3dc69f1174e45c8e66067ae6ca855e,36,13,1,1,13,2,0.1713682319048211,0.1708171432508796,-0.0005510886539414894,0.0005510886539414894,TOWARD_REFERENCE,0.027777777777777776,MINOR,1,231,,,e7f3dccd25ffc80d54477b986cac38d301f04e23b0147d810282c9508259d019,0.279156462838279,0.21181428394912072,0.5859375,0,True,942
SB3394,Mononeuritis,peripheral sensory-nerve axonal conduction structure,"localized inflammatory activation with cellular infiltration, vascular change, and tissue-function perturbation",remaining_5256,d804c859156c07a4aa595102f7eb2b39042976eb386b47bc791714b5fe9b9087,6,6,1,0,5,1,0.19734202124280076,0.20050454147246877,0.003162520229668009,0.003162520229668009,AWAY_FROM_REFERENCE,0.0,INFORMATIONAL,0,223,,,6dbe98f7605d786c7e32b5c826d74011ab6101c33ec2769d1b6134327349c00e,0.2790978291055177,0.2100278403725826,0.59375,1,True,943
SB3619,Neuritis,peripheral sensory-nerve axonal conduction structure,"localized inflammatory activation with cellular infiltration, vascular change, and tissue-function perturbation",remaining_5256,d804c859156c07a4aa595102f7eb2b39042976eb386b47bc791714b5fe9b9087,6,6,1,0,5,1,0.19734202124280076,0.20050454147246877,0.003162520229668009,0.003162520229668009,AWAY_FROM_REFERENCE,0.0,INFORMATIONAL,0,223,,,cedd270d278cb8884acb77f8e99bb0256c7343245e536280fd1ecbc2b05abe52,0.2790978291055177,0.2100278403725826,0.59375,1,True,944
SB3620,Neuritis retrobulbar,peripheral sensory-nerve axonal conduction structure,"localized inflammatory activation with cellular infiltration, vascular change, and tissue-function perturbation",remaining_5256,d804c859156c07a4aa595102f7eb2b39042976eb386b47bc791714b5fe9b9087,6,6,1,0,5,1,0.19734202124280076,0.20050454147246877,0.003162520229668009,0.003162520229668009,AWAY_FROM_REFERENCE,0.0,INFORMATIONAL,0,223,,,519b1183c5f23c7f97cbbbcd0b7d75aa2796f0f6c4a4e443029016f2be0e6940,0.2790978291055177,0.2100278403725826,0.59375,1,True,945
SB4241,Polyneuritis,peripheral sensory-nerve axonal conduction structure,"localized inflammatory activation with cellular infiltration, vascular change, and tissue-function perturbation",remaining_5256,d804c859156c07a4aa595102f7eb2b39042976eb386b47bc791714b5fe9b9087,6,6,1,0,5,1,0.19734202124280076,0.20050454147246877,0.003162520229668009,0.003162520229668009,AWAY_FROM_REFERENCE,0.0,INFORMATIONAL,0,223,,,3d9401e6f3af1a41ccda463c15f54e74ec658abb2e6e7a070b0aba718d202e54,0.2790978291055177,0.2100278403725826,0.59375,1,True,946
SB5114,Sweating increased,eccrine-apocrine sweat-gland secretory structure,measured or functional quantity shifted above its reference structural range,remaining_5256,f02eb7ede347b70387653f782025678c7030a88a6afdbd0da054d8f7468d388b,105,56,5,1,52,6,0.23604542370338388,0.23335094709256443,-0.0026944766108194518,0.0026944766108194518,TOWARD_REFERENCE,0.009523809523809525,MINOR,1,174,,,6841c6ad7f480b95f5eb50b4382a5320577b8d29f50ca1bd1226724ae97f0113,0.27891739880732896,0.21495262049674269,0.5703125,4,True,947
SB0920,Calculus ureteric,"ureteric lumen, peristaltic, and urine-transfer structure",solid or semisolid material aggregation within a lumen/cavity with potential flow obstruction,remaining_5256,c5874aa57c47da8bf2904ad3be7fb299f896049690d8bc267af4631423d1db51,21,14,0,1,15,1,0.1987350890698344,0.19583905200455787,-0.0028960370652765244,0.0028960370652765244,TOWARD_REFERENCE,0.047619047619047616,MINOR,1,198,,,f0d5f16bc7d88202afff0cffedbda73422a68cdae96176ba483ea3a5456e5559,0.2788843343545837,0.20633760287144354,0.609375,-1,True,948
SB4037,Penile oedema,"male gonadal, ductal, accessory-gland, and reproductive-output structure","excess fluid accumulation within interstitial, tissue, or cavity compartments",remaining_5256,5da43c6a48d3e759c1f6202acf843bfa86121e523367c584b057a50e8e87da25,190,99,11,4,92,15,0.15720542700217666,0.15574304798869232,-0.0014623790134843384,0.0014623790134843384,TOWARD_REFERENCE,0.021052631578947368,MINOR,1,223,,,3c6893e7719965f0048874340aa8e535e64484c456b864a1ebcc0f7e6e17c4e2,0.2788711440941758,0.20975139523679975,0.59375,7,True,949
SB4039,Penile swelling,"male gonadal, ductal, accessory-gland, and reproductive-output structure","excess fluid accumulation within interstitial, tissue, or cavity compartments",remaining_5256,5da43c6a48d3e759c1f6202acf843bfa86121e523367c584b057a50e8e87da25,190,99,11,4,92,15,0.15720542700217666,0.15574304798869232,-0.0014623790134843384,0.0014623790134843384,TOWARD_REFERENCE,0.021052631578947368,MINOR,1,223,,,159ddc0177315aa1fc0d14305cf4fe91b3ea15d954a2ea4300021d9fbe4c377c,0.2788711440941758,0.20975139523679975,0.59375,7,True,950
SB4755,Scrotal oedema,"male gonadal, ductal, accessory-gland, and reproductive-output structure","excess fluid accumulation within interstitial, tissue, or cavity compartments",remaining_5256,5da43c6a48d3e759c1f6202acf843bfa86121e523367c584b057a50e8e87da25,190,99,11,4,92,15,0.15720542700217666,0.15574304798869232,-0.0014623790134843384,0.0014623790134843384,TOWARD_REFERENCE,0.021052631578947368,MINOR,1,223,,,a53538700b35e20fc0bc4f9ffd86871d1559b89f02cb6d6d8f8fb62cd8f2508e,0.2788711440941758,0.20975139523679975,0.59375,7,True,951
SB4757,Scrotal swelling,"male gonadal, ductal, accessory-gland, and reproductive-output structure","excess fluid accumulation within interstitial, tissue, or cavity compartments",remaining_5256,5da43c6a48d3e759c1f6202acf843bfa86121e523367c584b057a50e8e87da25,190,99,11,4,92,15,0.15720542700217666,0.15574304798869232,-0.0014623790134843384,0.0014623790134843384,TOWARD_REFERENCE,0.021052631578947368,MINOR,1,223,,,42920a349654c9e940fa459bf8dfa0b65df3dd110c291a05a224a877d6938c6f,0.2788711440941758,0.20975139523679975,0.59375,7,True,952
SB5190,Testicular swelling,"male gonadal, ductal, accessory-gland, and reproductive-output structure","excess fluid accumulation within interstitial, tissue, or cavity compartments",remaining_5256,5da43c6a48d3e759c1f6202acf843bfa86121e523367c584b057a50e8e87da25,190,99,11,4,92,15,0.15720542700217666,0.15574304798869232,-0.0014623790134843384,0.0014623790134843384,TOWARD_REFERENCE,0.021052631578947368,MINOR,1,223,,,8ee9378a53b8e0aaa5d3f8a4632a68c6f39e3e14d2dcdd8f05cb80bbe7bf60c7,0.2788711440941758,0.20975139523679975,0.59375,7,True,953
SB5113,Sweating decreased,eccrine-apocrine sweat-gland secretory structure,measured or functional quantity shifted below its reference structural range,remaining_5256,75f467302ef3c26dcef4c7b91e21a77b64d6606f619300f2199f7639dea6b281,105,56,3,1,54,4,0.23308998849990037,0.2320022966369676,-0.0010876918629327825,0.0010876918629327825,TOWARD_REFERENCE,0.009523809523809525,MINOR,1,174,,,2ccbc48a59dd7d306154cb5e816b03c1c38e64d495017a15c437c1bbf52ee4b0,0.2788556898170891,0.21487736563059645,0.5703125,2,True,954
SB2545,Hodgkin's disease lymphocyte predominance type stage unspecified,"circulating leukocyte production, distribution, and effector-cell structure","altered configuration or regulated output of the named structure, expressed as the state described by hodgkin's disease lymphocyte predominance type stage",remaining_5256,45b78e47a7d49e6745449715abec589330358291ad788af962bb49cf0a0d4d03,1830,462,60,112,514,172,0.09743846709219017,0.10316133175489428,0.005722864662704108,0.005722864662704108,AWAY_FROM_REFERENCE,0.06120218579234973,MINOR,1,231,,,ca381b572cbe5d67bb9e5dcdf32bab50060ef5605e8c9a43eccc2cf29c57e76d,0.2788329900091786,0.21141980488924217,0.5859375,-52,True,955
SB3932,Pancreatic necrosis,pancreatic endocrine-exocrine parenchymal and ductal structure,loss of cellular viability with local tissue structural breakdown,remaining_5256,60fa93940af4953b0f77521dc309cd98e2dc026dd1cbab4f4468f58c310c78db,91,48,6,3,45,9,0.20878766050260023,0.2042700212250892,-0.004517639277511032,0.004517639277511032,TOWARD_REFERENCE,0.03296703296703297,MINOR,1,230,,,2fff61f5df313bd01b8a58702369c904305a0a9b59bec7418577b608734fb766,0.27880453394843563,0.2131000414005313,0.578125,3,True,956
SB0833,Breast malformation,"mammary gland ductal-lobular, secretory, and surface structure","developmental patterning deviation producing absent, incomplete, or abnormally organized structure",remaining_5256,11feb30e496f2bd270fd3c440c299d676dc8e9da82af62465501531cd300077f,231,94,20,9,83,29,0.14967880896785246,0.15138007748404458,0.0017012685161921226,0.0017012685161921226,AWAY_FROM_REFERENCE,0.03896103896103896,MINOR,1,223,,,2ca06d874f799eb8ddb5469931633fb30676b4e950aded673b9e140ae1946ad6,0.278782005961852,0.20964269019738047,0.59375,11,True,957
SB1675,Dyspareunia,"genital mucosal, pelvic-floor, and sexual-response structure",painful genital/pelvic sensory state triggered by sexual mechanical interaction,remaining_5256,f02c90f4f6bc360c887cf081f7e9e4c3fbb7c88ca76b6f0a8695c9adb3cdf348,1378,501,67,47,481,114,0.14706515012385635,0.14587322571091876,-0.0011919244129375839,0.0011919244129375839,TOWARD_REFERENCE,0.034107402031930335,MINOR,1,223,,,de130575719b074b50a962aa18b66513580e19ef7dc5ef8010d5823083dd2bb3,0.27876423798458916,0.21819571705437701,0.5546875,20,True,958
SB0402,Application site excoriation,local epidermal-dermal barrier and repair structure,superficial epithelial-surface tissue loss with reduced barrier continuity,established_478,c9c856f3fbf66b1b2419b593e42802ba99f7d47e931307b28e57f705761bfe13,28,17,2,0,15,2,0.15551636844251426,0.1592656027709729,0.0037492343284586394,0.0037492343284586394,AWAY_FROM_REFERENCE,0.0,INFORMATIONAL,0,223,,,3bf384809abd00db7a80b3f132192a51276842a87d4dda684dca33ddf7de3af6,0.2786624999362891,0.2060670730930355,0.609375,2,True,959
SB1656,Dysarthria,dominant-hemisphere language-processing and speech-planning network,impaired motor execution of speech articulation despite preserved language formulation,remaining_5256,3847ff830170f0564c8db45f8a61e5afa4ae8a3bab72cea8369bfb8f171356cd,231,104,6,9,107,15,0.16978720511102607,0.18393329456963348,0.014146089458607403,0.014146089458607403,AWAY_FROM_REFERENCE,0.03896103896103896,MINOR,1,230,,,5b59c28c8516fe4ae6db144433249b785f70d76b46153fc803a27daf84dcbd2c,0.2786292215209107,0.2008816725864765,0.6328125,-3,True,960
SB3777,Onychomycosis,"nail matrix, plate-production, and periungual structure","abnormal structural accumulation, degeneration, remodeling, or chronic state within the named structure",remaining_5256,470e7e6d8170180328c7a4cf797f9b89efac16e36f0c81e5b362d60e9d1d89b0,36,9,1,0,8,1,0.12632070658109673,0.13586805648512157,0.009547349904024838,0.009547349904024838,AWAY_FROM_REFERENCE,0.0,INFORMATIONAL,0,230,,,8f83daaf78e55f6723e4a0af6dfaca0c11e43a3a25ad81cd0cc93919397e1a80,0.27860715117499074,0.21285933070120822,0.578125,1,True,961
SB0249,Alveolitis allergic,pulmonary interstitial-alveolar structure,"exaggerated immune-recognition/effector activation causing barrier, vascular, or smooth-muscle perturbation",established_478,c8f28423a8cf0d56fbfcc4c676ba6e22a99242805ad6a52aea50ff72cc67886d,45,20,2,1,19,3,0.19547799382099063,0.1903262623527029,-0.005151731468287735,0.005151731468287735,TOWARD_REFERENCE,0.022222222222222223,MINOR,1,223,,,7b8b426075e57a44427434e8ae59c5a17c929b0e51d56b437265d810ebd93f83,0.27857650091860536,0.2059621962422017,0.609375,1,True,962
SB4592,Renal graft loss,renal glomerular-tubular filtration and fluid-balance structure,loss or absence of the named structural component or regulated function,remaining_5256,cea06b64160a4d4fa629f4151bb9fd58210014d2596ab3a04a5e825da11da7bd,91,27,3,7,31,10,0.16383355020821244,0.16347092279699083,-0.00036262741122161657,0.00036262741122161657,TOWARD_REFERENCE,0.07692307692307693,MINOR,1,231,,,f0b3899a1254966233247de7fb9136068d31f83a99f53b0c056b00633c94dceb,0.27851103124411564,0.21274211127331177,0.578125,-4,True,963
SB0919,Calculus of kidney,renal glomerular-tubular filtration and fluid-balance structure,solid or semisolid material aggregation within a lumen/cavity with potential flow obstruction,remaining_5256,c8456e5780b9a524fee782e0dc6056c159ebcc353ab3fc7a46a1f6cb9bb08ee0,91,27,8,9,28,17,0.15539211942911968,0.15282000438497612,-0.0025721150441435636,0.0025721150441435636,TOWARD_REFERENCE,0.0989010989010989,MINOR,1,231,,,0c32e6b4f97b643288ca5d05865c8cdac97f251dbe32309cb8c750d7449ce9d8,0.2783992904815912,0.20231620790437954,0.625,-1,True,964
SB4389,Proximal renal tubular acidosis,renal glomerular-tubular filtration and fluid-balance structure,hydrogen-ion activity above the reference range with reduced extracellular-fluid pH,remaining_5256,d5753ee7710d4a1dd33ca528fa813d005bb9969eda8ae3aa91fabf604109380d,91,30,4,7,33,11,0.1446026999595127,0.13983188853906348,-0.004770811420449217,0.004770811420449217,TOWARD_REFERENCE,0.07692307692307693,MINOR,1,231,,,6f5dcfa24aaaeeb52d7e86f63399bc1b6d54e4606014e86041be9329f476df9f,0.27833254461660056,0.20223481050804948,0.625,-3,True,965
SB4602,Renal tubular acidosis,renal glomerular-tubular filtration and fluid-balance structure,hydrogen-ion activity above the reference range with reduced extracellular-fluid pH,remaining_5256,d5753ee7710d4a1dd33ca528fa813d005bb9969eda8ae3aa91fabf604109380d,91,30,4,7,33,11,0.1446026999595127,0.13983188853906348,-0.004770811420449217,0.004770811420449217,TOWARD_REFERENCE,0.07692307692307693,MINOR,1,231,,,e62f6c568c4d1c60782f9e93fb3bd2aec8a3dd85a4bbaa1786fb4af79eb20b0a,0.27833254461660056,0.20223481050804948,0.625,-3,True,966
SB4440,Pulmonary infarction,"pulmonary airway-alveolar, pleural, and gas-exchange structure",sustained perfusion failure with loss of local tissue viability,remaining_5256,08be53cceb4e88d54450d370733a6ee875bbed53901711e9fc8d7b175b9c74b4,36,17,0,2,19,2,0.19217320389241954,0.18463629903478873,-0.007536904857630811,0.007536904857630811,TOWARD_REFERENCE,0.05555555555555555,MINOR,1,231,,,a41b37842fd164c56a54b2befa31f95da979440daa699f6454faf58282c61e0c,0.27832719575037085,0.20394322652484254,0.6171875,-2,True,967
SB0479,Aspergillus infection,innate-adaptive host-defense structure,pathogen-associated occupation/invasion with host-defense activation and local structural disruption,remaining_5256,6b6e894f5fde50797861d4e39d076dc120127c8a4afe60cc5d23a006035b8c73,15,8,2,0,6,2,0.185117729264077,0.1851431483903464,2.541912626941034e-05,2.541912626941034e-05,AWAY_FROM_REFERENCE,0.0,INFORMATIONAL,0,231,,,feeba51dc1f55c6d4781cd85e3d2cc6ffdabb71c1c101472e85c013050f5ceb8,0.2782557463568638,0.20728597116690706,0.6015625,2,True,968
SB0524,Atypical mycobacterial infection,innate-adaptive host-defense structure,pathogen-associated occupation/invasion with host-defense activation and local structural disruption,remaining_5256,6b6e894f5fde50797861d4e39d076dc120127c8a4afe60cc5d23a006035b8c73,15,8,2,0,6,2,0.185117729264077,0.1851431483903464,2.541912626941034e-05,2.541912626941034e-05,AWAY_FROM_REFERENCE,0.0,INFORMATIONAL,0,231,,,fcd03fc59b59376c4d2dc0db6102e20f6b2546becb3ed82cf51275ce1c07f92d,0.2782557463568638,0.20728597116690706,0.6015625,2,True,969
SB0550,BK virus infection,innate-adaptive host-defense structure,pathogen-associated occupation/invasion with host-defense activation and local structural disruption,remaining_5256,6b6e894f5fde50797861d4e39d076dc120127c8a4afe60cc5d23a006035b8c73,15,8,2,0,6,2,0.185117729264077,0.1851431483903464,2.541912626941034e-05,2.541912626941034e-05,AWAY_FROM_REFERENCE,0.0,INFORMATIONAL,0,231,,,3120a04799abec19bb79d12cac368a3712b50b2bf9a4a38e90655148576792da,0.2782557463568638,0.20728597116690706,0.6015625,2,True,970
SB0560,Bacterial disease carrier,innate-adaptive host-defense structure,pathogen-associated occupation/invasion with host-defense activation and local structural disruption,remaining_5256,6b6e894f5fde50797861d4e39d076dc120127c8a4afe60cc5d23a006035b8c73,15,8,2,0,6,2,0.185117729264077,0.1851431483903464,2.541912626941034e-05,2.541912626941034e-05,AWAY_FROM_REFERENCE,0.0,INFORMATIONAL,0,231,,,c0f84b2236c84d2f70f641a1b047ef812d8d87925f0149356e837a4592da0e85,0.2782557463568638,0.20728597116690706,0.6015625,2,True,971
SB0561,Bacterial infection,innate-adaptive host-defense structure,pathogen-associated occupation/invasion with host-defense activation and local structural disruption,remaining_5256,6b6e894f5fde50797861d4e39d076dc120127c8a4afe60cc5d23a006035b8c73,15,8,2,0,6,2,0.185117729264077,0.1851431483903464,2.541912626941034e-05,2.541912626941034e-05,AWAY_FROM_REFERENCE,0.0,INFORMATIONAL,0,231,,,4b091941436cb3363416dcf372cfab4e82d12aa14a63e7847cb9435f32d40972,0.2782557463568638,0.20728597116690706,0.6015625,2,True,972
SB0563,Bacterial test positive,innate-adaptive host-defense structure,pathogen-associated occupation/invasion with host-defense activation and local structural disruption,remaining_5256,6b6e894f5fde50797861d4e39d076dc120127c8a4afe60cc5d23a006035b8c73,15,8,2,0,6,2,0.185117729264077,0.1851431483903464,2.541912626941034e-05,2.541912626941034e-05,AWAY_FROM_REFERENCE,0.0,INFORMATIONAL,0,231,,,042a8ff1be11a8cce2caf8cde150fdbb689ec6f8ec3ca6ecd2cb18df7e84d60e,0.2782557463568638,0.20728597116690706,0.6015625,2,True,973
SB0571,Balanitis candida,innate-adaptive host-defense structure,pathogen-associated occupation/invasion with host-defense activation and local structural disruption,remaining_5256,6b6e894f5fde50797861d4e39d076dc120127c8a4afe60cc5d23a006035b8c73,15,8,2,0,6,2,0.185117729264077,0.1851431483903464,2.541912626941034e-05,2.541912626941034e-05,AWAY_FROM_REFERENCE,0.0,INFORMATIONAL,0,231,,,6f62954523c5aafa0156562faafdfbb43a9652111dbacbe25f863b2edc5eda66,0.2782557463568638,0.20728597116690706,0.6015625,2,True,974
SB0924,Candida albicans infection,innate-adaptive host-defense structure,pathogen-associated occupation/invasion with host-defense activation and local structural disruption,remaining_5256,6b6e894f5fde50797861d4e39d076dc120127c8a4afe60cc5d23a006035b8c73,15,8,2,0,6,2,0.185117729264077,0.1851431483903464,2.541912626941034e-05,2.541912626941034e-05,AWAY_FROM_REFERENCE,0.0,INFORMATIONAL,0,231,,,10cb4cda58086b22b39edecf049123d8233739a3b706f6e95b63defcccaac3dc,0.2782557463568638,0.20728597116690706,0.6015625,2,True,975
SB0925,Candida cervicitis,innate-adaptive host-defense structure,pathogen-associated occupation/invasion with host-defense activation and local structural disruption,remaining_5256,6b6e894f5fde50797861d4e39d076dc120127c8a4afe60cc5d23a006035b8c73,15,8,2,0,6,2,0.185117729264077,0.1851431483903464,2.541912626941034e-05,2.541912626941034e-05,AWAY_FROM_REFERENCE,0.0,INFORMATIONAL,0,231,,,f17dabc906119e8fd139768c9edd539fe3804252e3d602ca551ebcbb2635748e,0.2782557463568638,0.20728597116690706,0.6015625,2,True,976
SB0926,Candida infection,innate-adaptive host-defense structure,pathogen-associated occupation/invasion with host-defense activation and local structural disruption,remaining_5256,6b6e894f5fde50797861d4e39d076dc120127c8a4afe60cc5d23a006035b8c73,15,8,2,0,6,2,0.185117729264077,0.1851431483903464,2.541912626941034e-05,2.541912626941034e-05,AWAY_FROM_REFERENCE,0.0,INFORMATIONAL,0,231,,,801f8d33fcc774a82a7e27c9386011e82b37942b1836abe02b022c64d9693261,0.2782557463568638,0.20728597116690706,0.6015625,2,True,977
SB1001,Catheter infection,innate-adaptive host-defense structure,pathogen-associated occupation/invasion with host-defense activation and local structural disruption,remaining_5256,6b6e894f5fde50797861d4e39d076dc120127c8a4afe60cc5d23a006035b8c73,15,8,2,0,6,2,0.185117729264077,0.1851431483903464,2.541912626941034e-05,2.541912626941034e-05,AWAY_FROM_REFERENCE,0.0,INFORMATIONAL,0,231,,,83bebdb34f4ef619cf81e42e61016f9fc7e5cb10b018747a9ff32de801bdda75,0.2782557463568638,0.20728597116690706,0.6015625,2,True,978
SB1003,Catheter related infection,innate-adaptive host-defense structure,pathogen-associated occupation/invasion with host-defense activation and local structural disruption,remaining_5256,6b6e894f5fde50797861d4e39d076dc120127c8a4afe60cc5d23a006035b8c73,15,8,2,0,6,2,0.185117729264077,0.1851431483903464,2.541912626941034e-05,2.541912626941034e-05,AWAY_FROM_REFERENCE,0.0,INFORMATIONAL,0,231,,,e6c1944cca8cdaa6f0cb0017498f09e032b0d30f06681f9b4b92a0752f682feb,0.2782557463568638,0.20728597116690706,0.6015625,2,True,979
SB1004,Catheter sepsis,innate-adaptive host-defense structure,pathogen-associated occupation/invasion with host-defense activation and local structural disruption,remaining_5256,6b6e894f5fde50797861d4e39d076dc120127c8a4afe60cc5d23a006035b8c73,15,8,2,0,6,2,0.185117729264077,0.1851431483903464,2.541912626941034e-05,2.541912626941034e-05,AWAY_FROM_REFERENCE,0.0,INFORMATIONAL,0,231,,,0aa789b9a9dbd2cb4e2a385ba8dd297bbf3887ef42cca062492a30668d632121,0.2782557463568638,0.20728597116690706,0.6015625,2,True,980
SB1008,Catheter site infection,innate-adaptive host-defense structure,pathogen-associated occupation/invasion with host-defense activation and local structural disruption,remaining_5256,6b6e894f5fde50797861d4e39d076dc120127c8a4afe60cc5d23a006035b8c73,15,8,2,0,6,2,0.185117729264077,0.1851431483903464,2.541912626941034e-05,2.541912626941034e-05,AWAY_FROM_REFERENCE,0.0,INFORMATIONAL,0,231,,,16ad207b38166298d4631554ef7f9e9bfe6a177824f9b7b7c56205f5a0e48733,0.2782557463568638,0.20728597116690706,0.6015625,2,True,981
SB1020,Central line infection,innate-adaptive host-defense structure,pathogen-associated occupation/invasion with host-defense activation and local structural disruption,remaining_5256,6b6e894f5fde50797861d4e39d076dc120127c8a4afe60cc5d23a006035b8c73,15,8,2,0,6,2,0.185117729264077,0.1851431483903464,2.541912626941034e-05,2.541912626941034e-05,AWAY_FROM_REFERENCE,0.0,INFORMATIONAL,0,231,,,a30f5be87715081f59ba1be6871646f7cad735bfab8b6ac5d424658ed6aa893e,0.2782557463568638,0.20728597116690706,0.6015625,2,True,982
SB1097,Chlamydial infection,innate-adaptive host-defense structure,pathogen-associated occupation/invasion with host-defense activation and local structural disruption,remaining_5256,6b6e894f5fde50797861d4e39d076dc120127c8a4afe60cc5d23a006035b8c73,15,8,2,0,6,2,0.185117729264077,0.1851431483903464,2.541912626941034e-05,2.541912626941034e-05,AWAY_FROM_REFERENCE,0.0,INFORMATIONAL,0,231,,,56ef6d4f5969578ad79cb499600e6b4b007d728030e6d89bada4518bc625df8a,0.2782557463568638,0.20728597116690706,0.6015625,2,True,983
SB1182,Clostridial infection,innate-adaptive host-defense structure,pathogen-associated occupation/invasion with host-defense activation and local structural disruption,remaining_5256,6b6e894f5fde50797861d4e39d076dc120127c8a4afe60cc5d23a006035b8c73,15,8,2,0,6,2,0.185117729264077,0.1851431483903464,2.541912626941034e-05,2.541912626941034e-05,AWAY_FROM_REFERENCE,0.0,INFORMATIONAL,0,231,,,395e7c4e4ac8f89ec65c59134c38cc50de7b7e96129892b8d3585f72c6f19deb,0.2782557463568638,0.20728597116690706,0.6015625,2,True,984
SB1232,Community acquired infection,innate-adaptive host-defense structure,pathogen-associated occupation/invasion with host-defense activation and local structural disruption,remaining_5256,6b6e894f5fde50797861d4e39d076dc120127c8a4afe60cc5d23a006035b8c73,15,8,2,0,6,2,0.185117729264077,0.1851431483903464,2.541912626941034e-05,2.541912626941034e-05,AWAY_FROM_REFERENCE,0.0,INFORMATIONAL,0,231,,,f18aa688bdbce3ccd176591afbb7b694a7d5fdaf34b909d2a4e7c4cc2ab62b2e,0.2782557463568638,0.20728597116690706,0.6015625,2,True,985
SB1380,Cryptosporidiosis infection,innate-adaptive host-defense structure,pathogen-associated occupation/invasion with host-defense activation and local structural disruption,remaining_5256,6b6e894f5fde50797861d4e39d076dc120127c8a4afe60cc5d23a006035b8c73,15,8,2,0,6,2,0.185117729264077,0.1851431483903464,2.541912626941034e-05,2.541912626941034e-05,AWAY_FROM_REFERENCE,0.0,INFORMATIONAL,0,231,,,5e1c3d11e5673445fb9c3573ef72ff6eee7fa03be399173798e5c6388b00d640,0.2782557463568638,0.20728597116690706,0.6015625,2,True,986
SB1414,Cytomegalovirus infection,innate-adaptive host-defense structure,pathogen-associated occupation/invasion with host-defense activation and local structural disruption,remaining_5256,6b6e894f5fde50797861d4e39d076dc120127c8a4afe60cc5d23a006035b8c73,15,8,2,0,6,2,0.185117729264077,0.1851431483903464,2.541912626941034e-05,2.541912626941034e-05,AWAY_FROM_REFERENCE,0.0,INFORMATIONAL,0,231,,,149de648b84194794f1150781dde4293c38ce5d423fc0f270daf2c1d6010f5bd,0.2782557463568638,0.20728597116690706,0.6015625,2,True,987
SB1522,Device related infection,innate-adaptive host-defense structure,pathogen-associated occupation/invasion with host-defense activation and local structural disruption,remaining_5256,6b6e894f5fde50797861d4e39d076dc120127c8a4afe60cc5d23a006035b8c73,15,8,2,0,6,2,0.185117729264077,0.1851431483903464,2.541912626941034e-05,2.541912626941034e-05,AWAY_FROM_REFERENCE,0.0,INFORMATIONAL,0,231,,,a087d0d9c583818b3561f23819d7837079dcbf72beeb48db333865cd693ec766,0.2782557463568638,0.20728597116690706,0.6015625,2,True,988
SB1523,Device related sepsis,innate-adaptive host-defense structure,pathogen-associated occupation/invasion with host-defense activation and local structural disruption,remaining_5256,6b6e894f5fde50797861d4e39d076dc120127c8a4afe60cc5d23a006035b8c73,15,8,2,0,6,2,0.185117729264077,0.1851431483903464,2.541912626941034e-05,2.541912626941034e-05,AWAY_FROM_REFERENCE,0.0,INFORMATIONAL,0,231,,,6ce6046897a78b432446ecfc6023d6d1c652e562e3eb31c75a3e60a525011f07,0.2782557463568638,0.20728597116690706,0.6015625,2,True,989
SB1577,Disseminated tuberculosis,innate-adaptive host-defense structure,pathogen-associated occupation/invasion with host-defense activation and local structural disruption,remaining_5256,6b6e894f5fde50797861d4e39d076dc120127c8a4afe60cc5d23a006035b8c73,15,8,2,0,6,2,0.185117729264077,0.1851431483903464,2.541912626941034e-05,2.541912626941034e-05,AWAY_FROM_REFERENCE,0.0,INFORMATIONAL,0,231,,,ba65b302eb526f30b694d0c48247ace1ed75fb923e4d606951e64ff392ff740e,0.2782557463568638,0.20728597116690706,0.6015625,2,True,990
SB1823,Enterobacter sepsis,innate-adaptive host-defense structure,pathogen-associated occupation/invasion with host-defense activation and local structural disruption,remaining_5256,6b6e894f5fde50797861d4e39d076dc120127c8a4afe60cc5d23a006035b8c73,15,8,2,0,6,2,0.185117729264077,0.1851431483903464,2.541912626941034e-05,2.541912626941034e-05,AWAY_FROM_REFERENCE,0.0,INFORMATIONAL,0,231,,,4b0ad4deb1a27cc0b7afeb5bdcc2f525b0d14a6b8bf9ca0746c15193949b3177,0.2782557463568638,0.20728597116690706,0.6015625,2,True,991
SB1826,Enterococcal infection,innate-adaptive host-defense structure,pathogen-associated occupation/invasion with host-defense activation and local structural disruption,remaining_5256,6b6e894f5fde50797861d4e39d076dc120127c8a4afe60cc5d23a006035b8c73,15,8,2,0,6,2,0.185117729264077,0.1851431483903464,2.541912626941034e-05,2.541912626941034e-05,AWAY_FROM_REFERENCE,0.0,INFORMATIONAL,0,231,,,55ca39e5f065615a9b0af1a912d21445ef384a388415085467eb02fd8e5fa97d,0.2782557463568638,0.20728597116690706,0.6015625,2,True,992
SB1867,Epstein-Barr virus infection,innate-adaptive host-defense structure,pathogen-associated occupation/invasion with host-defense activation and local structural disruption,remaining_5256,6b6e894f5fde50797861d4e39d076dc120127c8a4afe60cc5d23a006035b8c73,15,8,2,0,6,2,0.185117729264077,0.1851431483903464,2.541912626941034e-05,2.541912626941034e-05,AWAY_FROM_REFERENCE,0.0,INFORMATIONAL,0,231,,,7db2f9aa0479c8996f74c07326b96e6bba7ac54a636c6affff806de8d8c8d931,0.2782557463568638,0.20728597116690706,0.6015625,2,True,993
SB1900,Escherichia sepsis,innate-adaptive host-defense structure,pathogen-associated occupation/invasion with host-defense activation and local structural disruption,remaining_5256,6b6e894f5fde50797861d4e39d076dc120127c8a4afe60cc5d23a006035b8c73,15,8,2,0,6,2,0.185117729264077,0.1851431483903464,2.541912626941034e-05,2.541912626941034e-05,AWAY_FROM_REFERENCE,0.0,INFORMATIONAL,0,231,,,dfff9fdba96a78d91de557ab9761f47704bb8af4c4cbaa77a8b0533ce92c5d9f,0.2782557463568638,0.20728597116690706,0.6015625,2,True,994
SB2108,Foot infection fungal NOS,innate-adaptive host-defense structure,pathogen-associated occupation/invasion with host-defense activation and local structural disruption,remaining_5256,6b6e894f5fde50797861d4e39d076dc120127c8a4afe60cc5d23a006035b8c73,15,8,2,0,6,2,0.185117729264077,0.1851431483903464,2.541912626941034e-05,2.541912626941034e-05,AWAY_FROM_REFERENCE,0.0,INFORMATIONAL,0,231,,,b64255cd3e5f09c2dad06fad14c028d57b4847e97739343fbbc634a5479a0bc7,0.2782557463568638,0.20728597116690706,0.6015625,2,True,995
SB2137,Fungal infection,innate-adaptive host-defense structure,pathogen-associated occupation/invasion with host-defense activation and local structural disruption,remaining_5256,6b6e894f5fde50797861d4e39d076dc120127c8a4afe60cc5d23a006035b8c73,15,8,2,0,6,2,0.185117729264077,0.1851431483903464,2.541912626941034e-05,2.541912626941034e-05,AWAY_FROM_REFERENCE,0.0,INFORMATIONAL,0,231,,,908692687877f15343b0dc8a34efab94a2cb06a1c85b30ca612ea04bb3136666,0.2782557463568638,0.20728597116690706,0.6015625,2,True,996
SB2138,Fungal peritonitis,innate-adaptive host-defense structure,pathogen-associated occupation/invasion with host-defense activation and local structural disruption,remaining_5256,6b6e894f5fde50797861d4e39d076dc120127c8a4afe60cc5d23a006035b8c73,15,8,2,0,6,2,0.185117729264077,0.1851431483903464,2.541912626941034e-05,2.541912626941034e-05,AWAY_FROM_REFERENCE,0.0,INFORMATIONAL,0,231,,,14d1f20dbef950f53ec85762fdbfc0b725fd082256c7a2f8907f3afe4015bda0,0.2782557463568638,0.20728597116690706,0.6015625,2,True,997
SB2140,Fungal sepsis,innate-adaptive host-defense structure,pathogen-associated occupation/invasion with host-defense activation and local structural disruption,remaining_5256,6b6e894f5fde50797861d4e39d076dc120127c8a4afe60cc5d23a006035b8c73,15,8,2,0,6,2,0.185117729264077,0.1851431483903464,2.541912626941034e-05,2.541912626941034e-05,AWAY_FROM_REFERENCE,0.0,INFORMATIONAL,0,231,,,2597c7bb41529a747b372e094b54543617ae6b9623cd51b18da3bd72d9d188ad,0.2782557463568638,0.20728597116690706,0.6015625,2,True,998
SB2142,Fungal test positive,innate-adaptive host-defense structure,pathogen-associated occupation/invasion with host-defense activation and local structural disruption,remaining_5256,6b6e894f5fde50797861d4e39d076dc120127c8a4afe60cc5d23a006035b8c73,15,8,2,0,6,2,0.185117729264077,0.1851431483903464,2.541912626941034e-05,2.541912626941034e-05,AWAY_FROM_REFERENCE,0.0,INFORMATIONAL,0,231,,,985c720006ed52d783f0600873e1ee30a904064d8f43471974ea3a3f5f244c4e,0.2782557463568638,0.20728597116690706,0.6015625,2,True,999
SB2248,Genital infection,innate-adaptive host-defense structure,pathogen-associated occupation/invasion with host-defense activation and local structural disruption,remaining_5256,6b6e894f5fde50797861d4e39d076dc120127c8a4afe60cc5d23a006035b8c73,15,8,2,0,6,2,0.185117729264077,0.1851431483903464,2.541912626941034e-05,2.541912626941034e-05,AWAY_FROM_REFERENCE,0.0,INFORMATIONAL,0,231,,,a076854be240fac0728752196c2615d9b049df1650f27a9d128ed99d3d7dfbfa,0.2782557463568638,0.20728597116690706,0.6015625,2,True,1000
SB2249,Genital infection fungal,innate-adaptive host-defense structure,pathogen-associated occupation/invasion with host-defense activation and local structural disruption,remaining_5256,6b6e894f5fde50797861d4e39d076dc120127c8a4afe60cc5d23a006035b8c73,15,8,2,0,6,2,0.185117729264077,0.1851431483903464,2.541912626941034e-05,2.541912626941034e-05,AWAY_FROM_REFERENCE,0.0,INFORMATIONAL,0,231,,,8e6a7fe08e39e0c2ae41ae560dc32ce7982ffae35c7a1af5f8bcd19f92b0ba87,0.2782557463568638,0.20728597116690706,0.6015625,2,True,1001
SB2250,Genital infection male,innate-adaptive host-defense structure,pathogen-associated occupation/invasion with host-defense activation and local structural disruption,remaining_5256,6b6e894f5fde50797861d4e39d076dc120127c8a4afe60cc5d23a006035b8c73,15,8,2,0,6,2,0.185117729264077,0.1851431483903464,2.541912626941034e-05,2.541912626941034e-05,AWAY_FROM_REFERENCE,0.0,INFORMATIONAL,0,231,,,20fa99aae1e62ceedcc3375da10716efaded91550de498e64bf771a988d1509c,0.2782557463568638,0.20728597116690706,0.6015625,2,True,1002
SB2259,Genitourinary chlamydia infection,innate-adaptive host-defense structure,pathogen-associated occupation/invasion with host-defense activation and local structural disruption,remaining_5256,6b6e894f5fde50797861d4e39d076dc120127c8a4afe60cc5d23a006035b8c73,15,8,2,0,6,2,0.185117729264077,0.1851431483903464,2.541912626941034e-05,2.541912626941034e-05,AWAY_FROM_REFERENCE,0.0,INFORMATIONAL,0,231,,,40bc4e028655aa481bc63848a4a7dcfb73962989e46371c401463f09243fe9f4,0.2782557463568638,0.20728597116690706,0.6015625,2,True,1003
SB2260,Genitourinary tract infection,innate-adaptive host-defense structure,pathogen-associated occupation/invasion with host-defense activation and local structural disruption,remaining_5256,6b6e894f5fde50797861d4e39d076dc120127c8a4afe60cc5d23a006035b8c73,15,8,2,0,6,2,0.185117729264077,0.1851431483903464,2.541912626941034e-05,2.541912626941034e-05,AWAY_FROM_REFERENCE,0.0,INFORMATIONAL,0,231,,,bb7e8384b9544bcd115cc3aa0d2c333f0a5585abcc0d9ae38d07bdb6397a31fa,0.2782557463568638,0.20728597116690706,0.6015625,2,True,1004
SB2327,Gram-negative bacterial infection NOS,innate-adaptive host-defense structure,pathogen-associated occupation/invasion with host-defense activation and local structural disruption,remaining_5256,6b6e894f5fde50797861d4e39d076dc120127c8a4afe60cc5d23a006035b8c73,15,8,2,0,6,2,0.185117729264077,0.1851431483903464,2.541912626941034e-05,2.541912626941034e-05,AWAY_FROM_REFERENCE,0.0,INFORMATIONAL,0,231,,,1ebc143fbe8412d3b2bec31ce71a2c571a62fb2e282fe4c0871b1f64dbeea420,0.2782557463568638,0.20728597116690706,0.6015625,2,True,1005
SB2440,Helicobacter infection,innate-adaptive host-defense structure,pathogen-associated occupation/invasion with host-defense activation and local structural disruption,remaining_5256,6b6e894f5fde50797861d4e39d076dc120127c8a4afe60cc5d23a006035b8c73,15,8,2,0,6,2,0.185117729264077,0.1851431483903464,2.541912626941034e-05,2.541912626941034e-05,AWAY_FROM_REFERENCE,0.0,INFORMATIONAL,0,231,,,95a49824b399606c7a01a95582586db034790b9cd7f392f54f49eac0b979bcbc,0.2782557463568638,0.20728597116690706,0.6015625,2,True,1006
SB2524,Herpes virus infection,innate-adaptive host-defense structure,pathogen-associated occupation/invasion with host-defense activation and local structural disruption,remaining_5256,6b6e894f5fde50797861d4e39d076dc120127c8a4afe60cc5d23a006035b8c73,15,8,2,0,6,2,0.185117729264077,0.1851431483903464,2.541912626941034e-05,2.541912626941034e-05,AWAY_FROM_REFERENCE,0.0,INFORMATIONAL,0,231,,,5cce2a35213c438486ee433801426ca27feb0e946fa0140233637a95654169f2,0.2782557463568638,0.20728597116690706,0.6015625,2,True,1007
SB2557,Human herpesvirus 6 infection,innate-adaptive host-defense structure,pathogen-associated occupation/invasion with host-defense activation and local structural disruption,remaining_5256,6b6e894f5fde50797861d4e39d076dc120127c8a4afe60cc5d23a006035b8c73,15,8,2,0,6,2,0.185117729264077,0.1851431483903464,2.541912626941034e-05,2.541912626941034e-05,AWAY_FROM_REFERENCE,0.0,INFORMATIONAL,0,231,,,6b242d5e92d995c0366e3608252febc42269f241f63de30ac006c05a3c36fecf,0.2782557463568638,0.20728597116690706,0.6015625,2,True,1008
SB2756,Implant infection,innate-adaptive host-defense structure,pathogen-associated occupation/invasion with host-defense activation and local structural disruption,remaining_5256,6b6e894f5fde50797861d4e39d076dc120127c8a4afe60cc5d23a006035b8c73,15,8,2,0,6,2,0.185117729264077,0.1851431483903464,2.541912626941034e-05,2.541912626941034e-05,AWAY_FROM_REFERENCE,0.0,INFORMATIONAL,0,231,,,2896358550fa29a2bec0e7839342310382a86cec9fdf1fe910d08c00aefdaa18,0.2782557463568638,0.20728597116690706,0.6015625,2,True,1009
SB2790,Infection,innate-adaptive host-defense structure,pathogen-associated occupation/invasion with host-defense activation and local structural disruption,remaining_5256,6b6e894f5fde50797861d4e39d076dc120127c8a4afe60cc5d23a006035b8c73,15,8,2,0,6,2,0.185117729264077,0.1851431483903464,2.541912626941034e-05,2.541912626941034e-05,AWAY_FROM_REFERENCE,0.0,INFORMATIONAL,0,231,,,d0b1b715b34436a4af9eb399b89000a0dd18882424773d880737e814221e78e7,0.2782557463568638,0.20728597116690706,0.6015625,2,True,1010
SB2791,Infection mixed,innate-adaptive host-defense structure,pathogen-associated occupation/invasion with host-defense activation and local structural disruption,remaining_5256,6b6e894f5fde50797861d4e39d076dc120127c8a4afe60cc5d23a006035b8c73,15,8,2,0,6,2,0.185117729264077,0.1851431483903464,2.541912626941034e-05,2.541912626941034e-05,AWAY_FROM_REFERENCE,0.0,INFORMATIONAL,0,231,,,437e52e612bf2e0e743146f97bacd5ac4f6b0fbc0afa43649c1b627918cce542,0.2782557463568638,0.20728597116690706,0.6015625,2,True,1011
SB2792,Infection parasitic,innate-adaptive host-defense structure,pathogen-associated occupation/invasion with host-defense activation and local structural disruption,remaining_5256,6b6e894f5fde50797861d4e39d076dc120127c8a4afe60cc5d23a006035b8c73,15,8,2,0,6,2,0.185117729264077,0.1851431483903464,2.541912626941034e-05,2.541912626941034e-05,AWAY_FROM_REFERENCE,0.0,INFORMATIONAL,0,231,,,389978f69c051df14fdebae27638b938b34411207e6c31a5a3482fec94272647,0.2782557463568638,0.20728597116690706,0.6015625,2,True,1012
SB2793,Infection pseudomonas aeruginosa,innate-adaptive host-defense structure,pathogen-associated occupation/invasion with host-defense activation and local structural disruption,remaining_5256,6b6e894f5fde50797861d4e39d076dc120127c8a4afe60cc5d23a006035b8c73,15,8,2,0,6,2,0.185117729264077,0.1851431483903464,2.541912626941034e-05,2.541912626941034e-05,AWAY_FROM_REFERENCE,0.0,INFORMATIONAL,0,231,,,045795787c631316a3e1b81a82878f18d4622e10c5d3dab4271b8d52f86c4403,0.2782557463568638,0.20728597116690706,0.6015625,2,True,1013
SB2794,Infection reactivation,innate-adaptive host-defense structure,pathogen-associated occupation/invasion with host-defense activation and local structural disruption,remaining_5256,6b6e894f5fde50797861d4e39d076dc120127c8a4afe60cc5d23a006035b8c73,15,8,2,0,6,2,0.185117729264077,0.1851431483903464,2.541912626941034e-05,2.541912626941034e-05,AWAY_FROM_REFERENCE,0.0,INFORMATIONAL,0,231,,,65c3ecdaf1d9710f07420db068a1e6e7c1c6bec959c3a562653c0f1294edd48a,0.2782557463568638,0.20728597116690706,0.6015625,2,True,1014
SB2795,Infection susceptibility increased,innate-adaptive host-defense structure,pathogen-associated occupation/invasion with host-defense activation and local structural disruption,remaining_5256,6b6e894f5fde50797861d4e39d076dc120127c8a4afe60cc5d23a006035b8c73,15,8,2,0,6,2,0.185117729264077,0.1851431483903464,2.541912626941034e-05,2.541912626941034e-05,AWAY_FROM_REFERENCE,0.0,INFORMATIONAL,0,231,,,b2a770d36e0891cca2057ab180fcf888bf17268222175a73be78b3b8788c5b8c,0.2782557463568638,0.20728597116690706,0.6015625,2,True,1015
SB2823,Infusion site infection,innate-adaptive host-defense structure,pathogen-associated occupation/invasion with host-defense activation and local structural disruption,remaining_5256,6b6e894f5fde50797861d4e39d076dc120127c8a4afe60cc5d23a006035b8c73,15,8,2,0,6,2,0.185117729264077,0.1851431483903464,2.541912626941034e-05,2.541912626941034e-05,AWAY_FROM_REFERENCE,0.0,INFORMATIONAL,0,231,,,88094eb9a3b4a21a7137f7931d9bb41dae08012f56e81d9def4fdc1619ff0d83,0.2782557463568638,0.20728597116690706,0.6015625,2,True,1016
SB2861,Injection site infection,innate-adaptive host-defense structure,pathogen-associated occupation/invasion with host-defense activation and local structural disruption,remaining_5256,6b6e894f5fde50797861d4e39d076dc120127c8a4afe60cc5d23a006035b8c73,15,8,2,0,6,2,0.185117729264077,0.1851431483903464,2.541912626941034e-05,2.541912626941034e-05,AWAY_FROM_REFERENCE,0.0,INFORMATIONAL,0,231,,,d4d49c3c47392fd361941675e35b62b92ac4a3d2390919c3adc8845f7b1cd64e,0.2782557463568638,0.20728597116690706,0.6015625,2,True,1017
SB2913,Intertrigo candida,innate-adaptive host-defense structure,pathogen-associated occupation/invasion with host-defense activation and local structural disruption,remaining_5256,6b6e894f5fde50797861d4e39d076dc120127c8a4afe60cc5d23a006035b8c73,15,8,2,0,6,2,0.185117729264077,0.1851431483903464,2.541912626941034e-05,2.541912626941034e-05,AWAY_FROM_REFERENCE,0.0,INFORMATIONAL,0,231,,,9fa1e495890ce3e215c94390d50822ff3fc57fcdd01cdb497c48b12b0ad603a0,0.2782557463568638,0.20728597116690706,0.6015625,2,True,1018
SB3018,Klebsiella sepsis,innate-adaptive host-defense structure,pathogen-associated occupation/invasion with host-defense activation and local structural disruption,remaining_5256,6b6e894f5fde50797861d4e39d076dc120127c8a4afe60cc5d23a006035b8c73,15,8,2,0,6,2,0.185117729264077,0.1851431483903464,2.541912626941034e-05,2.541912626941034e-05,AWAY_FROM_REFERENCE,0.0,INFORMATIONAL,0,231,,,eb37c3ca11fd313f8b14cae26a53b3b23db3203c5ba3eae8cebf5686c93a2389,0.2782557463568638,0.20728597116690706,0.6015625,2,True,1019
SB3069,Latent tuberculosis,innate-adaptive host-defense structure,pathogen-associated occupation/invasion with host-defense activation and local structural disruption,remaining_5256,6b6e894f5fde50797861d4e39d076dc120127c8a4afe60cc5d23a006035b8c73,15,8,2,0,6,2,0.185117729264077,0.1851431483903464,2.541912626941034e-05,2.541912626941034e-05,AWAY_FROM_REFERENCE,0.0,INFORMATIONAL,0,231,,,a25cd18c074d0548d110b4d21359c295cbe558b4a9c9479ea11bf92a0dd5785f,0.2782557463568638,0.20728597116690706,0.6015625,2,True,1020
SB3155,Localised infection,innate-adaptive host-defense structure,pathogen-associated occupation/invasion with host-defense activation and local structural disruption,remaining_5256,6b6e894f5fde50797861d4e39d076dc120127c8a4afe60cc5d23a006035b8c73,15,8,2,0,6,2,0.185117729264077,0.1851431483903464,2.541912626941034e-05,2.541912626941034e-05,AWAY_FROM_REFERENCE,0.0,INFORMATIONAL,0,231,,,51c01c0d586fedf416a200841eb75d3441b978153fa10c2e0275bc6e8977a907,0.2782557463568638,0.20728597116690706,0.6015625,2,True,1021
SB3352,Methicillin-resistant Staphylococcus aureus infection,innate-adaptive host-defense structure,pathogen-associated occupation/invasion with host-defense activation and local structural disruption,remaining_5256,6b6e894f5fde50797861d4e39d076dc120127c8a4afe60cc5d23a006035b8c73,15,8,2,0,6,2,0.185117729264077,0.1851431483903464,2.541912626941034e-05,2.541912626941034e-05,AWAY_FROM_REFERENCE,0.0,INFORMATIONAL,0,231,,,cd41f6917377b66a49fa684dc4592b3b501e339cbadb0373a54469fcb8bf2b08,0.2782557463568638,0.20728597116690706,0.6015625,2,True,1022
SB3479,Mycobacterial infection,innate-adaptive host-defense structure,pathogen-associated occupation/invasion with host-defense activation and local structural disruption,remaining_5256,6b6e894f5fde50797861d4e39d076dc120127c8a4afe60cc5d23a006035b8c73,15,8,2,0,6,2,0.185117729264077,0.1851431483903464,2.541912626941034e-05,2.541912626941034e-05,AWAY_FROM_REFERENCE,0.0,INFORMATIONAL,0,231,,,ebdddfe94766a4432eb17fc4fdcd2f3c8a045d896e510c4195b9a2b15b9ff105,0.2782557463568638,0.20728597116690706,0.6015625,2,True,1023
SB3480,Mycobacterium avium complex infection,innate-adaptive host-defense structure,pathogen-associated occupation/invasion with host-defense activation and local structural disruption,remaining_5256,6b6e894f5fde50797861d4e39d076dc120127c8a4afe60cc5d23a006035b8c73,15,8,2,0,6,2,0.185117729264077,0.1851431483903464,2.541912626941034e-05,2.541912626941034e-05,AWAY_FROM_REFERENCE,0.0,INFORMATIONAL,0,231,,,20750f774180bd582be34d62e17e470c79be4aa0ecb377f6f1c82ae6ce67174a,0.2782557463568638,0.20728597116690706,0.6015625,2,True,1024
SB3581,Neisseria infection,innate-adaptive host-defense structure,pathogen-associated occupation/invasion with host-defense activation and local structural disruption,remaining_5256,6b6e894f5fde50797861d4e39d076dc120127c8a4afe60cc5d23a006035b8c73,15,8,2,0,6,2,0.185117729264077,0.1851431483903464,2.541912626941034e-05,2.541912626941034e-05,AWAY_FROM_REFERENCE,0.0,INFORMATIONAL,0,231,,,87cd68e7cc3643d0fedf7a973ea785aedd809d65da479c5b10d96ad32b8e0408,0.2782557463568638,0.20728597116690706,0.6015625,2,True,1025
SB3584,Neonatal infection,innate-adaptive host-defense structure,pathogen-associated occupation/invasion with host-defense activation and local structural disruption,remaining_5256,6b6e894f5fde50797861d4e39d076dc120127c8a4afe60cc5d23a006035b8c73,15,8,2,0,6,2,0.185117729264077,0.1851431483903464,2.541912626941034e-05,2.541912626941034e-05,AWAY_FROM_REFERENCE,0.0,INFORMATIONAL,0,231,,,cae75ae091bb11067cae930fcead82d9d19033fb9872e8eef023f1db1b9c5db9,0.2782557463568638,0.20728597116690706,0.6015625,2,True,1026
SB3645,Neutropenic infection,innate-adaptive host-defense structure,pathogen-associated occupation/invasion with host-defense activation and local structural disruption,remaining_5256,6b6e894f5fde50797861d4e39d076dc120127c8a4afe60cc5d23a006035b8c73,15,8,2,0,6,2,0.185117729264077,0.1851431483903464,2.541912626941034e-05,2.541912626941034e-05,AWAY_FROM_REFERENCE,0.0,INFORMATIONAL,0,231,,,23a75cad0c0486a168e52ac7e94e83c25a2e169d9325e723085972c11b644199,0.2782557463568638,0.20728597116690706,0.6015625,2,True,1027
SB3646,Neutropenic sepsis,innate-adaptive host-defense structure,pathogen-associated occupation/invasion with host-defense activation and local structural disruption,remaining_5256,6b6e894f5fde50797861d4e39d076dc120127c8a4afe60cc5d23a006035b8c73,15,8,2,0,6,2,0.185117729264077,0.1851431483903464,2.541912626941034e-05,2.541912626941034e-05,AWAY_FROM_REFERENCE,0.0,INFORMATIONAL,0,231,,,b3e91c1a9a33518aa1797f344a43788a6c98bbc18bbd58b153f858f00cf69090,0.2782557463568638,0.20728597116690706,0.6015625,2,True,1028
SB3690,Nose infection NOS,innate-adaptive host-defense structure,pathogen-associated occupation/invasion with host-defense activation and local structural disruption,remaining_5256,6b6e894f5fde50797861d4e39d076dc120127c8a4afe60cc5d23a006035b8c73,15,8,2,0,6,2,0.185117729264077,0.1851431483903464,2.541912626941034e-05,2.541912626941034e-05,AWAY_FROM_REFERENCE,0.0,INFORMATIONAL,0,231,,,0b550c6ef1d337f132ccefd8580a961290d17df5bcd93cbc1a3540ed7b4ce0d7,0.2782557463568638,0.20728597116690706,0.6015625,2,True,1029
SB3786,Opportunistic infection,innate-adaptive host-defense structure,pathogen-associated occupation/invasion with host-defense activation and local structural disruption,remaining_5256,6b6e894f5fde50797861d4e39d076dc120127c8a4afe60cc5d23a006035b8c73,15,8,2,0,6,2,0.185117729264077,0.1851431483903464,2.541912626941034e-05,2.541912626941034e-05,AWAY_FROM_REFERENCE,0.0,INFORMATIONAL,0,231,,,6ba055e063c3df4fcc8c2b3cd7fc30ebceb00aea45a27145b7c7bcb6b64f60a1,0.2782557463568638,0.20728597116690706,0.6015625,2,True,1030
SB3860,Other bacterial diseases,innate-adaptive host-defense structure,pathogen-associated occupation/invasion with host-defense activation and local structural disruption,remaining_5256,6b6e894f5fde50797861d4e39d076dc120127c8a4afe60cc5d23a006035b8c73,15,8,2,0,6,2,0.185117729264077,0.1851431483903464,2.541912626941034e-05,2.541912626941034e-05,AWAY_FROM_REFERENCE,0.0,INFORMATIONAL,0,231,,,80afad85fcadbb3574eba28a3b97c85a33234e795e3001f7a28db9c9fea8f481,0.2782557463568638,0.20728597116690706,0.6015625,2,True,1031
SB3958,Paracoccidioides infection,innate-adaptive host-defense structure,pathogen-associated occupation/invasion with host-defense activation and local structural disruption,remaining_5256,6b6e894f5fde50797861d4e39d076dc120127c8a4afe60cc5d23a006035b8c73,15,8,2,0,6,2,0.185117729264077,0.1851431483903464,2.541912626941034e-05,2.541912626941034e-05,AWAY_FROM_REFERENCE,0.0,INFORMATIONAL,0,231,,,b5946f1bdd7867a331887a5c28ba99c5c1dda1ca344441dc743ea8de9cc83829,0.2782557463568638,0.20728597116690706,0.6015625,2,True,1032
SB3966,Parainfluenzae virus infection,innate-adaptive host-defense structure,pathogen-associated occupation/invasion with host-defense activation and local structural disruption,remaining_5256,6b6e894f5fde50797861d4e39d076dc120127c8a4afe60cc5d23a006035b8c73,15,8,2,0,6,2,0.185117729264077,0.1851431483903464,2.541912626941034e-05,2.541912626941034e-05,AWAY_FROM_REFERENCE,0.0,INFORMATIONAL,0,231,,,935d3ff82fc340ec89cb0c827cef423c5b7940bb1b1d0cddb56dae4f2c520e29,0.2782557463568638,0.20728597116690706,0.6015625,2,True,1033
SB4021,Pelvic infection,innate-adaptive host-defense structure,pathogen-associated occupation/invasion with host-defense activation and local structural disruption,remaining_5256,6b6e894f5fde50797861d4e39d076dc120127c8a4afe60cc5d23a006035b8c73,15,8,2,0,6,2,0.185117729264077,0.1851431483903464,2.541912626941034e-05,2.541912626941034e-05,AWAY_FROM_REFERENCE,0.0,INFORMATIONAL,0,231,,,e11b055ab0f3042bf21a097ed9ba418978cf990055834bdc082159f4bcaeebce,0.2782557463568638,0.20728597116690706,0.6015625,2,True,1034
SB4095,Peritonitis bacterial,innate-adaptive host-defense structure,pathogen-associated occupation/invasion with host-defense activation and local structural disruption,remaining_5256,6b6e894f5fde50797861d4e39d076dc120127c8a4afe60cc5d23a006035b8c73,15,8,2,0,6,2,0.185117729264077,0.1851431483903464,2.541912626941034e-05,2.541912626941034e-05,AWAY_FROM_REFERENCE,0.0,INFORMATIONAL,0,231,,,bf1914d3f66e4227c6f00596267d9de1dd8e43e5ec946251b15d000d9e15ef87,0.2782557463568638,0.20728597116690706,0.6015625,2,True,1035
SB4178,Plasmodium falciparum infection,innate-adaptive host-defense structure,pathogen-associated occupation/invasion with host-defense activation and local structural disruption,remaining_5256,6b6e894f5fde50797861d4e39d076dc120127c8a4afe60cc5d23a006035b8c73,15,8,2,0,6,2,0.185117729264077,0.1851431483903464,2.541912626941034e-05,2.541912626941034e-05,AWAY_FROM_REFERENCE,0.0,INFORMATIONAL,0,231,,,8b911d3452044adf8e873149e9efc365083275cbe50fa1b2a1855dff251befdb,0.2782557463568638,0.20728597116690706,0.6015625,2,True,1036
SB4201,Pneumocystis carinii infection,innate-adaptive host-defense structure,pathogen-associated occupation/invasion with host-defense activation and local structural disruption,remaining_5256,6b6e894f5fde50797861d4e39d076dc120127c8a4afe60cc5d23a006035b8c73,15,8,2,0,6,2,0.185117729264077,0.1851431483903464,2.541912626941034e-05,2.541912626941034e-05,AWAY_FROM_REFERENCE,0.0,INFORMATIONAL,0,231,,,f00bca4a0bb082a704f8f4880e9ad3cccbe1d1c1df6b2e7be5d41df09feeee79,0.2782557463568638,0.20728597116690706,0.6015625,2,True,1037
SB4202,Pneumocystis jirovecii infection,innate-adaptive host-defense structure,pathogen-associated occupation/invasion with host-defense activation and local structural disruption,remaining_5256,6b6e894f5fde50797861d4e39d076dc120127c8a4afe60cc5d23a006035b8c73,15,8,2,0,6,2,0.185117729264077,0.1851431483903464,2.541912626941034e-05,2.541912626941034e-05,AWAY_FROM_REFERENCE,0.0,INFORMATIONAL,0,231,,,70cbe9a38cf25ba8d5c229f17e0fe945a7a9c2b6c105a82c98fa778422d4c30a,0.2782557463568638,0.20728597116690706,0.6015625,2,True,1038
SB4268,Post procedural infection,innate-adaptive host-defense structure,pathogen-associated occupation/invasion with host-defense activation and local structural disruption,remaining_5256,6b6e894f5fde50797861d4e39d076dc120127c8a4afe60cc5d23a006035b8c73,15,8,2,0,6,2,0.185117729264077,0.1851431483903464,2.541912626941034e-05,2.541912626941034e-05,AWAY_FROM_REFERENCE,0.0,INFORMATIONAL,0,231,,,57482c06aa69cc316bd63eed9e3f172587b6e4aef30ea5f6deb86337bc0d6a0e,0.2782557463568638,0.20728597116690706,0.6015625,2,True,1039
SB4297,Postoperative infection,innate-adaptive host-defense structure,pathogen-associated occupation/invasion with host-defense activation and local structural disruption,remaining_5256,6b6e894f5fde50797861d4e39d076dc120127c8a4afe60cc5d23a006035b8c73,15,8,2,0,6,2,0.185117729264077,0.1851431483903464,2.541912626941034e-05,2.541912626941034e-05,AWAY_FROM_REFERENCE,0.0,INFORMATIONAL,0,231,,,2dfb6d7bc68fd53e71101dd88ab0901409cec356f1b8f5598d361f9b31985674,0.2782557463568638,0.20728597116690706,0.6015625,2,True,1040
SB4403,Pseudomonal sepsis,innate-adaptive host-defense structure,pathogen-associated occupation/invasion with host-defense activation and local structural disruption,remaining_5256,6b6e894f5fde50797861d4e39d076dc120127c8a4afe60cc5d23a006035b8c73,15,8,2,0,6,2,0.185117729264077,0.1851431483903464,2.541912626941034e-05,2.541912626941034e-05,AWAY_FROM_REFERENCE,0.0,INFORMATIONAL,0,231,,,7a25b6e85849639a0ceade6add15d2dbf2ed7253e28225f4959860135382cf45,0.2782557463568638,0.20728597116690706,0.6015625,2,True,1041
SB4404,Pseudomonas infection,innate-adaptive host-defense structure,pathogen-associated occupation/invasion with host-defense activation and local structural disruption,remaining_5256,6b6e894f5fde50797861d4e39d076dc120127c8a4afe60cc5d23a006035b8c73,15,8,2,0,6,2,0.185117729264077,0.1851431483903464,2.541912626941034e-05,2.541912626941034e-05,AWAY_FROM_REFERENCE,0.0,INFORMATIONAL,0,231,,,e0a1173bffe1a5904289957c33200a1300217082fad6ebc8304b82647df63007,0.2782557463568638,0.20728597116690706,0.6015625,2,True,1042
SB4548,Recurrent infection,innate-adaptive host-defense structure,pathogen-associated occupation/invasion with host-defense activation and local structural disruption,remaining_5256,6b6e894f5fde50797861d4e39d076dc120127c8a4afe60cc5d23a006035b8c73,15,8,2,0,6,2,0.185117729264077,0.1851431483903464,2.541912626941034e-05,2.541912626941034e-05,AWAY_FROM_REFERENCE,0.0,INFORMATIONAL,0,231,,,1461d99c4be37ac787d338de7090affa4cf18d7eb5647c172c6a648e6ebf4500,0.2782557463568638,0.20728597116690706,0.6015625,2,True,1043
SB4632,Respiratory syncytial virus infection,innate-adaptive host-defense structure,pathogen-associated occupation/invasion with host-defense activation and local structural disruption,remaining_5256,6b6e894f5fde50797861d4e39d076dc120127c8a4afe60cc5d23a006035b8c73,15,8,2,0,6,2,0.185117729264077,0.1851431483903464,2.541912626941034e-05,2.541912626941034e-05,AWAY_FROM_REFERENCE,0.0,INFORMATIONAL,0,231,,,318d4059f7ff1c64f4cda920740700e443993d092bd3ea3ef052e266aeeb12d8,0.2782557463568638,0.20728597116690706,0.6015625,2,True,1044
SB4721,Salmonella sepsis,innate-adaptive host-defense structure,pathogen-associated occupation/invasion with host-defense activation and local structural disruption,remaining_5256,6b6e894f5fde50797861d4e39d076dc120127c8a4afe60cc5d23a006035b8c73,15,8,2,0,6,2,0.185117729264077,0.1851431483903464,2.541912626941034e-05,2.541912626941034e-05,AWAY_FROM_REFERENCE,0.0,INFORMATIONAL,0,231,,,eee3c9d4f68d8704c8d2c543868253254b7385f0d0278b91e8ee6f3a7cc452bc,0.2782557463568638,0.20728597116690706,0.6015625,2,True,1045
SB4768,Secondary infection,innate-adaptive host-defense structure,pathogen-associated occupation/invasion with host-defense activation and local structural disruption,remaining_5256,6b6e894f5fde50797861d4e39d076dc120127c8a4afe60cc5d23a006035b8c73,15,8,2,0,6,2,0.185117729264077,0.1851431483903464,2.541912626941034e-05,2.541912626941034e-05,AWAY_FROM_REFERENCE,0.0,INFORMATIONAL,0,231,,,f1022bd364310c80e06180e0bce47e3c4cab06c4c3b9e9bb848ce2121b98a01a,0.2782557463568638,0.20728597116690706,0.6015625,2,True,1046
SB4793,Sepsis,innate-adaptive host-defense structure,pathogen-associated occupation/invasion with host-defense activation and local structural disruption,remaining_5256,6b6e894f5fde50797861d4e39d076dc120127c8a4afe60cc5d23a006035b8c73,15,8,2,0,6,2,0.185117729264077,0.1851431483903464,2.541912626941034e-05,2.541912626941034e-05,AWAY_FROM_REFERENCE,0.0,INFORMATIONAL,0,231,,,b8a68525172ff2da69b33dbfffa40a99eb3281fe50e65d43921fc7a578a4630d,0.2782557463568638,0.20728597116690706,0.6015625,2,True,1047
SB4794,Sepsis neonatal,innate-adaptive host-defense structure,pathogen-associated occupation/invasion with host-defense activation and local structural disruption,remaining_5256,6b6e894f5fde50797861d4e39d076dc120127c8a4afe60cc5d23a006035b8c73,15,8,2,0,6,2,0.185117729264077,0.1851431483903464,2.541912626941034e-05,2.541912626941034e-05,AWAY_FROM_REFERENCE,0.0,INFORMATIONAL,0,231,,,0da9e57d493e883249d23a4b87b28848835a68f71e41286c1188203fbfc95e17,0.2782557463568638,0.20728597116690706,0.6015625,2,True,1048
SB4795,Sepsis secondary,innate-adaptive host-defense structure,pathogen-associated occupation/invasion with host-defense activation and local structural disruption,remaining_5256,6b6e894f5fde50797861d4e39d076dc120127c8a4afe60cc5d23a006035b8c73,15,8,2,0,6,2,0.185117729264077,0.1851431483903464,2.541912626941034e-05,2.541912626941034e-05,AWAY_FROM_REFERENCE,0.0,INFORMATIONAL,0,231,,,bc70a41895e82024ade3ebeaa847ca59abd4bc533cb1afb255dbfcfeafdbb000,0.2782557463568638,0.20728597116690706,0.6015625,2,True,1049
SB4950,Soft tissue infection,innate-adaptive host-defense structure,pathogen-associated occupation/invasion with host-defense activation and local structural disruption,remaining_5256,6b6e894f5fde50797861d4e39d076dc120127c8a4afe60cc5d23a006035b8c73,15,8,2,0,6,2,0.185117729264077,0.1851431483903464,2.541912626941034e-05,2.541912626941034e-05,AWAY_FROM_REFERENCE,0.0,INFORMATIONAL,0,231,,,d7b0f4a630a8e6411ebc2bf6b9882feeb6926ae9edcd33f6a86afb4103c2a86b,0.2782557463568638,0.20728597116690706,0.6015625,2,True,1050
SB5019,Staphylococcal infection,innate-adaptive host-defense structure,pathogen-associated occupation/invasion with host-defense activation and local structural disruption,remaining_5256,6b6e894f5fde50797861d4e39d076dc120127c8a4afe60cc5d23a006035b8c73,15,8,2,0,6,2,0.185117729264077,0.1851431483903464,2.541912626941034e-05,2.541912626941034e-05,AWAY_FROM_REFERENCE,0.0,INFORMATIONAL,0,231,,,ce8af767b42c72b250fedc9ddb59347ce1b4195ab16c0a3e38338571994880fd,0.2782557463568638,0.20728597116690706,0.6015625,2,True,1051
SB5047,Streptococcal infection,innate-adaptive host-defense structure,pathogen-associated occupation/invasion with host-defense activation and local structural disruption,remaining_5256,6b6e894f5fde50797861d4e39d076dc120127c8a4afe60cc5d23a006035b8c73,15,8,2,0,6,2,0.185117729264077,0.1851431483903464,2.541912626941034e-05,2.541912626941034e-05,AWAY_FROM_REFERENCE,0.0,INFORMATIONAL,0,231,,,f6967f23f4e950c80de443bdc1d553320aec48159e1117c98a18ae794358121b,0.2782557463568638,0.20728597116690706,0.6015625,2,True,1052
SB5048,Streptococcal sepsis,innate-adaptive host-defense structure,pathogen-associated occupation/invasion with host-defense activation and local structural disruption,remaining_5256,6b6e894f5fde50797861d4e39d076dc120127c8a4afe60cc5d23a006035b8c73,15,8,2,0,6,2,0.185117729264077,0.1851431483903464,2.541912626941034e-05,2.541912626941034e-05,AWAY_FROM_REFERENCE,0.0,INFORMATIONAL,0,231,,,71374cebaf27eed9750e3014734f269ceb89297cdb15e917e6d4c7a5765ffd65,0.2782557463568638,0.20728597116690706,0.6015625,2,True,1053
SB5059,Subacute bacterial endocarditis,innate-adaptive host-defense structure,pathogen-associated occupation/invasion with host-defense activation and local structural disruption,remaining_5256,6b6e894f5fde50797861d4e39d076dc120127c8a4afe60cc5d23a006035b8c73,15,8,2,0,6,2,0.185117729264077,0.1851431483903464,2.541912626941034e-05,2.541912626941034e-05,AWAY_FROM_REFERENCE,0.0,INFORMATIONAL,0,231,,,57966b6d4ea97f6cca0fa87f5f1da80de387a3c73c822296d31259b64550966a,0.2782557463568638,0.20728597116690706,0.6015625,2,True,1054
SB5135,Systemic candida,innate-adaptive host-defense structure,pathogen-associated occupation/invasion with host-defense activation and local structural disruption,remaining_5256,6b6e894f5fde50797861d4e39d076dc120127c8a4afe60cc5d23a006035b8c73,15,8,2,0,6,2,0.185117729264077,0.1851431483903464,2.541912626941034e-05,2.541912626941034e-05,AWAY_FROM_REFERENCE,0.0,INFORMATIONAL,0,231,,,4e6db1504311edb36e27164842f4cac5c547a5718622612915e30100b528e904,0.2782557463568638,0.20728597116690706,0.6015625,2,True,1055
SB5248,Tinea infection,innate-adaptive host-defense structure,pathogen-associated occupation/invasion with host-defense activation and local structural disruption,remaining_5256,6b6e894f5fde50797861d4e39d076dc120127c8a4afe60cc5d23a006035b8c73,15,8,2,0,6,2,0.185117729264077,0.1851431483903464,2.541912626941034e-05,2.541912626941034e-05,AWAY_FROM_REFERENCE,0.0,INFORMATIONAL,0,231,,,f0c16286741196a835d6369367832a5066d9b99cc629a24689ceb8f0e7f76f65,0.2782557463568638,0.20728597116690706,0.6015625,2,True,1056
SB5349,Tuberculosis,innate-adaptive host-defense structure,pathogen-associated occupation/invasion with host-defense activation and local structural disruption,remaining_5256,6b6e894f5fde50797861d4e39d076dc120127c8a4afe60cc5d23a006035b8c73,15,8,2,0,6,2,0.185117729264077,0.1851431483903464,2.541912626941034e-05,2.541912626941034e-05,AWAY_FROM_REFERENCE,0.0,INFORMATIONAL,0,231,,,2bf2c8359a316da878c11bea22e5bd34303c47d6f022801c7d708c562b0384bf,0.2782557463568638,0.20728597116690706,0.6015625,2,True,1057
SB5437,Urinary tract infection,innate-adaptive host-defense structure,pathogen-associated occupation/invasion with host-defense activation and local structural disruption,remaining_5256,6b6e894f5fde50797861d4e39d076dc120127c8a4afe60cc5d23a006035b8c73,15,8,2,0,6,2,0.185117729264077,0.1851431483903464,2.541912626941034e-05,2.541912626941034e-05,AWAY_FROM_REFERENCE,0.0,INFORMATIONAL,0,231,,,f51683e05b486620927541182fbd6d740f9f7d8976fd512fe20fbdbac2913978,0.2782557463568638,0.20728597116690706,0.6015625,2,True,1058
SB5589,Vertical infection transmission,innate-adaptive host-defense structure,pathogen-associated occupation/invasion with host-defense activation and local structural disruption,remaining_5256,6b6e894f5fde50797861d4e39d076dc120127c8a4afe60cc5d23a006035b8c73,15,8,2,0,6,2,0.185117729264077,0.1851431483903464,2.541912626941034e-05,2.541912626941034e-05,AWAY_FROM_REFERENCE,0.0,INFORMATIONAL,0,231,,,d77e2c1d43ea1785be155f44acfa535a26de017620c188740849565dc37c4719,0.2782557463568638,0.20728597116690706,0.6015625,2,True,1059
SB5606,Viral infection,innate-adaptive host-defense structure,pathogen-associated occupation/invasion with host-defense activation and local structural disruption,remaining_5256,6b6e894f5fde50797861d4e39d076dc120127c8a4afe60cc5d23a006035b8c73,15,8,2,0,6,2,0.185117729264077,0.1851431483903464,2.541912626941034e-05,2.541912626941034e-05,AWAY_FROM_REFERENCE,0.0,INFORMATIONAL,0,231,,,e1bb12604b9ab9d93826820caf7842c649af7bbf764753eecf8e9f320fd3a445,0.2782557463568638,0.20728597116690706,0.6015625,2,True,1060
SB5609,Viral syndrome,innate-adaptive host-defense structure,pathogen-associated occupation/invasion with host-defense activation and local structural disruption,remaining_5256,6b6e894f5fde50797861d4e39d076dc120127c8a4afe60cc5d23a006035b8c73,15,8,2,0,6,2,0.185117729264077,0.1851431483903464,2.541912626941034e-05,2.541912626941034e-05,AWAY_FROM_REFERENCE,0.0,INFORMATIONAL,0,231,,,5029e257c1d8cd3da5211306aae289027c4c82b02e65dbf6788af4b1b4a8a3eb,0.2782557463568638,0.20728597116690706,0.6015625,2,True,1061
SB5727,Yeast infection,innate-adaptive host-defense structure,pathogen-associated occupation/invasion with host-defense activation and local structural disruption,remaining_5256,6b6e894f5fde50797861d4e39d076dc120127c8a4afe60cc5d23a006035b8c73,15,8,2,0,6,2,0.185117729264077,0.1851431483903464,2.541912626941034e-05,2.541912626941034e-05,AWAY_FROM_REFERENCE,0.0,INFORMATIONAL,0,231,,,503d53bebecaad22c8a93e534518de85418d1f4cfcfc6be39b7635ee8ee14347,0.2782557463568638,0.20728597116690706,0.6015625,2,True,1062
SB3523,Nail bed tenderness,"nail matrix, plate-production, and periungual structure",increased nociceptive signaling associated with local tissue or neural perturbation,remaining_5256,74555cbe565263c45a7bf98822f8b021dca9e59745c4952d5a9613cb29f0b8db,36,11,2,0,9,2,0.1723261714017158,0.18015810434599866,0.00783193294428286,0.00783193294428286,AWAY_FROM_REFERENCE,0.0,INFORMATIONAL,0,230,,,932286d544908fda88d2edff5278af08d03e7731ecd16c1484ccd6be3aa84381,0.2781307253131971,0.20713350647950868,0.6015625,2,True,1063
SB5440,Urination impaired,"urethral lumen, mucosal, sphincter, and urine-flow structure",reduced ability of the named structure/process to complete its normal regulated operation,remaining_5256,03d39e851613482170a8c8d295d9f9a58cac9d242b0150e79ec876f97d00d635,465,138,16,27,149,43,0.15191366186453847,0.1492847253345324,-0.002628936530006065,0.002628936530006065,TOWARD_REFERENCE,0.05806451612903226,MINOR,1,231,,,d705ee6bc6a0d4852be3a91ca94ff41cd0ce1d46724c49b2e37e8893304298d5,0.2781075223567345,0.20196039311796898,0.625,-11,True,1064
SB1193,Coagulopathy,"plasma coagulation, platelet-hemostasis, and fibrinolytic structure",structural-functional tissue disorder with impaired normal operation of the named structure,remaining_5256,02ea16fc42c99b19a4c30420237fe8efcad9f237fae2079398f3439fa7c4736d,28,12,2,1,11,3,0.15417222204060943,0.14182818180650258,-0.012344040234106846,0.012344040234106846,TOWARD_REFERENCE,0.03571428571428571,MINOR,1,231,,,67ab0a2be232dee45b73953e0c861cad579016ba8849ee82d30676adbeca69ad,0.2779915751801283,0.20524887217088816,0.609375,1,True,1065
SB3527,Nail disorder,"nail matrix, plate-production, and periungual structure",departure from the reference structural configuration or regulated functional range,remaining_5256,3bd3ab6f4cc42180224fee17047328c951644e3b3ed2bcffb84559208ebaf857,36,12,1,0,11,1,0.14177894606597097,0.15181533817873039,0.010036392112759418,0.010036392112759418,AWAY_FROM_REFERENCE,0.0,INFORMATIONAL,0,230,,,bf70f572a11afe029a997276c04132a8a5e6830e8d02453c3108949614575da4,0.2777846606420401,0.21185629346590262,0.578125,1,True,1066
SB3535,Nail toxicity,"nail matrix, plate-production, and periungual structure",departure from the reference structural configuration or regulated functional range,remaining_5256,3bd3ab6f4cc42180224fee17047328c951644e3b3ed2bcffb84559208ebaf857,36,12,1,0,11,1,0.14177894606597097,0.15181533817873039,0.010036392112759418,0.010036392112759418,AWAY_FROM_REFERENCE,0.0,INFORMATIONAL,0,230,,,93a587aef4ddfabf93b16e31869d94caa30c599e67a02136c25b298978aa5e34,0.2777846606420401,0.21185629346590262,0.578125,1,True,1067
SB5728,Yellow nail syndrome,"nail matrix, plate-production, and periungual structure",departure from the reference structural configuration or regulated functional range,remaining_5256,3bd3ab6f4cc42180224fee17047328c951644e3b3ed2bcffb84559208ebaf857,36,12,1,0,11,1,0.14177894606597097,0.15181533817873039,0.010036392112759418,0.010036392112759418,AWAY_FROM_REFERENCE,0.0,INFORMATIONAL,0,230,,,726fa4fe526c346ecfa945fda124f18f1e5ec26d07a4126f09ea5a2b5605b1f1,0.2777846606420401,0.21185629346590262,0.578125,1,True,1068
SB0534,Autoimmune haemolytic anaemia,"erythrocyte production, integrity, and oxygen-transport structure",reduced erythrocyte/hemoglobin oxygen-transport capacity relative to systemic demand,remaining_5256,249881077b7f719f4548d735e65e9e5314d24086a7b4021141f168b0b70f5306,15,11,1,2,12,3,0.13559390969927643,0.13386995995782014,-0.0017239497414562877,0.0017239497414562877,TOWARD_REFERENCE,0.13333333333333333,MINOR,1,174,,,63dbc42e2f67145cac4c37917fab33ed348c83d2640a4b258feb36e4c14f2132,0.27767192595174617,0.20828893408749538,0.59375,-1,True,1069
SB1311,Coombs positive haemolytic anaemia,"erythrocyte production, integrity, and oxygen-transport structure",reduced erythrocyte/hemoglobin oxygen-transport capacity relative to systemic demand,remaining_5256,249881077b7f719f4548d735e65e9e5314d24086a7b4021141f168b0b70f5306,15,11,1,2,12,3,0.13559390969927643,0.13386995995782014,-0.0017239497414562877,0.0017239497414562877,TOWARD_REFERENCE,0.13333333333333333,MINOR,1,174,,,b99956051a74421174ec01f3328401e0bf1ed58bd6f603a2c6dcfb9dadf62643,0.27767192595174617,0.20828893408749538,0.59375,-1,True,1070
SB1446,Deficiency anaemia,"erythrocyte production, integrity, and oxygen-transport structure",reduced erythrocyte/hemoglobin oxygen-transport capacity relative to systemic demand,remaining_5256,249881077b7f719f4548d735e65e9e5314d24086a7b4021141f168b0b70f5306,15,11,1,2,12,3,0.13559390969927643,0.13386995995782014,-0.0017239497414562877,0.0017239497414562877,TOWARD_REFERENCE,0.13333333333333333,MINOR,1,174,,,0703ec83fe6711f425b1f934efdcd4d612a9fd85509f8281bcec26379ac46499,0.27767192595174617,0.20828893408749538,0.59375,-1,True,1071
SB2374,Haemolytic anaemia,"erythrocyte production, integrity, and oxygen-transport structure",reduced erythrocyte/hemoglobin oxygen-transport capacity relative to systemic demand,remaining_5256,249881077b7f719f4548d735e65e9e5314d24086a7b4021141f168b0b70f5306,15,11,1,2,12,3,0.13559390969927643,0.13386995995782014,-0.0017239497414562877,0.0017239497414562877,TOWARD_REFERENCE,0.13333333333333333,MINOR,1,174,,,72c4601242cb0827700c031bcc423a5009b9bfd810ad28a754fa258463b5282f,0.27767192595174617,0.20828893408749538,0.59375,-1,True,1072
SB2383,Haemorrhagic anaemia,"erythrocyte production, integrity, and oxygen-transport structure",reduced erythrocyte/hemoglobin oxygen-transport capacity relative to systemic demand,remaining_5256,249881077b7f719f4548d735e65e9e5314d24086a7b4021141f168b0b70f5306,15,11,1,2,12,3,0.13559390969927643,0.13386995995782014,-0.0017239497414562877,0.0017239497414562877,TOWARD_REFERENCE,0.13333333333333333,MINOR,1,174,,,7c5db6c46b34807e58466ebeb49bb0092630053813b608d4b457c14806bfba3f,0.27767192595174617,0.20828893408749538,0.59375,-1,True,1073
SB2406,Hand and foot syndrome secondary to sickle cell anaemia,"erythrocyte production, integrity, and oxygen-transport structure",reduced erythrocyte/hemoglobin oxygen-transport capacity relative to systemic demand,remaining_5256,249881077b7f719f4548d735e65e9e5314d24086a7b4021141f168b0b70f5306,15,11,1,2,12,3,0.13559390969927643,0.13386995995782014,-0.0017239497414562877,0.0017239497414562877,TOWARD_REFERENCE,0.13333333333333333,MINOR,1,174,,,a2f0a4bd9ed657d516b028174bcfd418c37a2e8b63f66477b00ae429a532fdf6,0.27767192595174617,0.20828893408749538,0.59375,-1,True,1074
SB2662,Hypochromic anaemia,"erythrocyte production, integrity, and oxygen-transport structure",reduced erythrocyte/hemoglobin oxygen-transport capacity relative to systemic demand,remaining_5256,249881077b7f719f4548d735e65e9e5314d24086a7b4021141f168b0b70f5306,15,11,1,2,12,3,0.13559390969927643,0.13386995995782014,-0.0017239497414562877,0.0017239497414562877,TOWARD_REFERENCE,0.13333333333333333,MINOR,1,174,,,aacdb7e5869045288c408d60fcd593a2021ded6bf186b7a1940762cb5526b079,0.27767192595174617,0.20828893408749538,0.59375,-1,True,1075
SB2691,Hypoplastic anaemia,"erythrocyte production, integrity, and oxygen-transport structure",reduced erythrocyte/hemoglobin oxygen-transport capacity relative to systemic demand,remaining_5256,249881077b7f719f4548d735e65e9e5314d24086a7b4021141f168b0b70f5306,15,11,1,2,12,3,0.13559390969927643,0.13386995995782014,-0.0017239497414562877,0.0017239497414562877,TOWARD_REFERENCE,0.13333333333333333,MINOR,1,174,,,7175115d3296fe830264fe4210f0083503eabdefc5729f8dd50f884f5bdff5fa,0.27767192595174617,0.20828893408749538,0.59375,-1,True,1076
SB2957,Iron deficiency anaemia,"erythrocyte production, integrity, and oxygen-transport structure",reduced erythrocyte/hemoglobin oxygen-transport capacity relative to systemic demand,remaining_5256,249881077b7f719f4548d735e65e9e5314d24086a7b4021141f168b0b70f5306,15,11,1,2,12,3,0.13559390969927643,0.13386995995782014,-0.0017239497414562877,0.0017239497414562877,TOWARD_REFERENCE,0.13333333333333333,MINOR,1,174,,,2ca812752f8224787a1f2a1df534263fb2a6b7a560d3bdeeca4a511a7f8d533e,0.27767192595174617,0.20828893408749538,0.59375,-1,True,1077
SB3357,Microangiopathic haemolytic anaemia,"erythrocyte production, integrity, and oxygen-transport structure",reduced erythrocyte/hemoglobin oxygen-transport capacity relative to systemic demand,remaining_5256,249881077b7f719f4548d735e65e9e5314d24086a7b4021141f168b0b70f5306,15,11,1,2,12,3,0.13559390969927643,0.13386995995782014,-0.0017239497414562877,0.0017239497414562877,TOWARD_REFERENCE,0.13333333333333333,MINOR,1,174,,,bc4f7c11bb9e43488b29f34a2110e8328d73ab6de4eadfc96d280624d55597c5,0.27767192595174617,0.20828893408749538,0.59375,-1,True,1078
SB3360,Microcytic anaemia,"erythrocyte production, integrity, and oxygen-transport structure",reduced erythrocyte/hemoglobin oxygen-transport capacity relative to systemic demand,remaining_5256,249881077b7f719f4548d735e65e9e5314d24086a7b4021141f168b0b70f5306,15,11,1,2,12,3,0.13559390969927643,0.13386995995782014,-0.0017239497414562877,0.0017239497414562877,TOWARD_REFERENCE,0.13333333333333333,MINOR,1,174,,,914f08fad437d82e867ca62e3518e6c7c7a061044840e9375c582a0bf51339c2,0.27767192595174617,0.20828893408749538,0.59375,-1,True,1079
SB3688,Normochromic normocytic anaemia,"erythrocyte production, integrity, and oxygen-transport structure",reduced erythrocyte/hemoglobin oxygen-transport capacity relative to systemic demand,remaining_5256,249881077b7f719f4548d735e65e9e5314d24086a7b4021141f168b0b70f5306,15,11,1,2,12,3,0.13559390969927643,0.13386995995782014,-0.0017239497414562877,0.0017239497414562877,TOWARD_REFERENCE,0.13333333333333333,MINOR,1,174,,,3f4185ed437e720c09df1b90d1d877229c15af218c7c5daa6d03e12ddf6ee601,0.27767192595174617,0.20828893408749538,0.59375,-1,True,1080
SB3689,Normocytic anemia,"erythrocyte production, integrity, and oxygen-transport structure",reduced erythrocyte/hemoglobin oxygen-transport capacity relative to systemic demand,remaining_5256,249881077b7f719f4548d735e65e9e5314d24086a7b4021141f168b0b70f5306,15,11,1,2,12,3,0.13559390969927643,0.13386995995782014,-0.0017239497414562877,0.0017239497414562877,TOWARD_REFERENCE,0.13333333333333333,MINOR,1,174,,,fa101e165ad65bffb2941f33cf3b4f99b4a977d4cdafeefe409ed41a238f502e,0.27767192595174617,0.20828893408749538,0.59375,-1,True,1081
SB4568,Refractory anaemia with an excess of blasts,"erythrocyte production, integrity, and oxygen-transport structure",reduced erythrocyte/hemoglobin oxygen-transport capacity relative to systemic demand,remaining_5256,249881077b7f719f4548d735e65e9e5314d24086a7b4021141f168b0b70f5306,15,11,1,2,12,3,0.13559390969927643,0.13386995995782014,-0.0017239497414562877,0.0017239497414562877,TOWARD_REFERENCE,0.13333333333333333,MINOR,1,174,,,1ab0ed4ed54d4671c8f11fb1631a73062fd9c34c464f725008730c1da0fe1173,0.27767192595174617,0.20828893408749538,0.59375,-1,True,1082
SB4569,Refractory anemia,"erythrocyte production, integrity, and oxygen-transport structure",reduced erythrocyte/hemoglobin oxygen-transport capacity relative to systemic demand,remaining_5256,249881077b7f719f4548d735e65e9e5314d24086a7b4021141f168b0b70f5306,15,11,1,2,12,3,0.13559390969927643,0.13386995995782014,-0.0017239497414562877,0.0017239497414562877,TOWARD_REFERENCE,0.13333333333333333,MINOR,1,174,,,aca149746424aaccddaf4a476a1f0741927484da8a7ce86ca6495615b8f8bdef,0.27767192595174617,0.20828893408749538,0.59375,-1,True,1083
SB4570,Refractory anemia with excess blasts in transformation,"erythrocyte production, integrity, and oxygen-transport structure",reduced erythrocyte/hemoglobin oxygen-transport capacity relative to systemic demand,remaining_5256,249881077b7f719f4548d735e65e9e5314d24086a7b4021141f168b0b70f5306,15,11,1,2,12,3,0.13559390969927643,0.13386995995782014,-0.0017239497414562877,0.0017239497414562877,TOWARD_REFERENCE,0.13333333333333333,MINOR,1,174,,,df0fa22a1730156ab9adb45f7ba79e547d4c42c0839ee389c4a4abdf4341f8db,0.27767192595174617,0.20828893408749538,0.59375,-1,True,1084
SB4765,Secondary anemia,"erythrocyte production, integrity, and oxygen-transport structure",reduced erythrocyte/hemoglobin oxygen-transport capacity relative to systemic demand,remaining_5256,249881077b7f719f4548d735e65e9e5314d24086a7b4021141f168b0b70f5306,15,11,1,2,12,3,0.13559390969927643,0.13386995995782014,-0.0017239497414562877,0.0017239497414562877,TOWARD_REFERENCE,0.13333333333333333,MINOR,1,174,,,b56fd891df01103b2d9b3cfba4b38c6f884eeefddcf5c5241dc3a42f69cbfa5a,0.27767192595174617,0.20828893408749538,0.59375,-1,True,1085
SB4848,Sickle cell anaemia,"erythrocyte production, integrity, and oxygen-transport structure",reduced erythrocyte/hemoglobin oxygen-transport capacity relative to systemic demand,remaining_5256,249881077b7f719f4548d735e65e9e5314d24086a7b4021141f168b0b70f5306,15,11,1,2,12,3,0.13559390969927643,0.13386995995782014,-0.0017239497414562877,0.0017239497414562877,TOWARD_REFERENCE,0.13333333333333333,MINOR,1,174,,,1a83e769898da54d3de1c76e6e598bbf38821c43f26d7dfead20793e072bd8f9,0.27767192595174617,0.20828893408749538,0.59375,-1,True,1086
SB4849,Sickle cell anaemia with crisis,"erythrocyte production, integrity, and oxygen-transport structure",reduced erythrocyte/hemoglobin oxygen-transport capacity relative to systemic demand,remaining_5256,249881077b7f719f4548d735e65e9e5314d24086a7b4021141f168b0b70f5306,15,11,1,2,12,3,0.13559390969927643,0.13386995995782014,-0.0017239497414562877,0.0017239497414562877,TOWARD_REFERENCE,0.13333333333333333,MINOR,1,174,,,f6613d6bc71c587a015dd60d825b46fd094049758adfec3711f91ffc31e459cc,0.27767192595174617,0.20828893408749538,0.59375,-1,True,1087
SB4851,Sideroblastic anaemia,"erythrocyte production, integrity, and oxygen-transport structure",reduced erythrocyte/hemoglobin oxygen-transport capacity relative to systemic demand,remaining_5256,249881077b7f719f4548d735e65e9e5314d24086a7b4021141f168b0b70f5306,15,11,1,2,12,3,0.13559390969927643,0.13386995995782014,-0.0017239497414562877,0.0017239497414562877,TOWARD_REFERENCE,0.13333333333333333,MINOR,1,174,,,034053944c2a111c2eb853acaaa747254445f8255c87081c67ae3e9e84979df6,0.27767192595174617,0.20828893408749538,0.59375,-1,True,1088
SB5670,Warm type haemolytic anaemia,"erythrocyte production, integrity, and oxygen-transport structure",reduced erythrocyte/hemoglobin oxygen-transport capacity relative to systemic demand,remaining_5256,249881077b7f719f4548d735e65e9e5314d24086a7b4021141f168b0b70f5306,15,11,1,2,12,3,0.13559390969927643,0.13386995995782014,-0.0017239497414562877,0.0017239497414562877,TOWARD_REFERENCE,0.13333333333333333,MINOR,1,174,,,5223d1705d70f51a73306f37a911dd21b336177be323ab29ab103538fb026696,0.27767192595174617,0.20828893408749538,0.59375,-1,True,1089
SB0645,Bleeding time prolonged,vascular wall and hemostatic integrity structure,event duration or measured interval extended beyond the reference timing range,remaining_5256,db4a77d3af91fece857ab73824b74c972c47a4c8aaa8b4a5d524da5847498b1a,325,211,10,13,214,23,0.23431955874511412,0.23005490642636017,-0.004264652318753948,0.004264652318753948,TOWARD_REFERENCE,0.04,MINOR,1,210,,,a308457373a2938446375d7acd53c989a402cb048fc1de65890ed95459610803,0.2775836812542989,0.21675601372475473,0.5546875,-3,True,1090
SB3534,Nail thinning,"nail matrix, plate-production, and periungual structure","altered configuration or regulated output of the named structure, expressed as the state described by nail thinning",remaining_5256,3b2b38e38b4e34bd7340e38fe3d28e170af1154810879b069599bb12d88afea4,36,9,3,1,7,4,0.12268532452145409,0.13320270518062005,0.010517380659165965,0.010517380659165965,AWAY_FROM_REFERENCE,0.027777777777777776,MINOR,1,230,,,7b81edec988de5bd6c06a2e0226ccd0d8b448129e5f036a9444ba7d371aa4ab4,0.27755459340271604,0.2098607846374586,0.5859375,2,True,1091
SB3773,Onychia,"nail matrix, plate-production, and periungual structure","altered configuration or regulated output of the named structure, expressed as the state described by onychia",remaining_5256,473df20cbaf93dac08b89671a5c38aff5718de0f155f52d996694a0ef29b79ac,36,8,1,1,8,2,0.1250565934463045,0.1348305077865639,0.009773914340259426,0.009773914340259426,AWAY_FROM_REFERENCE,0.027777777777777776,MINOR,1,230,,,e3beb2c91dba6a08d66d065d81074a121200ad31754458afd6f5d9376fe55e93,0.2774231040341324,0.2079854927245517,0.59375,0,True,1092
SB4158,Pituitary apoplexy,hypothalamic-pituitary hormone-control and release structure,"altered configuration or regulated output of the named structure, expressed as the state described by pituitary apoplexy",remaining_5256,14bcf7a7be6165130deaa7d4f2577201504010a85309379d7a6d5206dce6e1fd,741,317,56,21,282,77,0.13313598566298113,0.12565455438057183,-0.007481431282409301,0.007481431282409301,TOWARD_REFERENCE,0.02834008097165992,MINOR,1,174,,,17ffc87cb2b2068beeb2967eb283d71eaef86a667771a530ab21fafe7a9c07d8,0.2771686122676099,0.20253031983854874,0.6171875,35,True,1093
SB4356,Prolactinoma,hypothalamic-pituitary hormone-control and release structure,"altered configuration or regulated output of the named structure, expressed as the state described by prolactinoma",remaining_5256,ebf43c6c1f1f87831d1319fc895e209a486e3fc5b6fbe524a4dd38312d14c751,741,318,50,16,284,66,0.13277936886383868,0.12549335977454135,-0.0072860090892973295,0.0072860090892973295,TOWARD_REFERENCE,0.021592442645074223,MINOR,1,174,,,3cd18c2b11d6218bab1fcbe6cbddf5a2a70dd89ee4158968f2226a4ce498c52d,0.2771488241824924,0.2059360660762103,0.6015625,34,True,1094
SB3935,Pancreatitis,pancreatic endocrine-exocrine parenchymal and ductal structure,"localized inflammatory activation with cellular infiltration, vascular change, and tissue-function perturbation",remaining_5256,0dbc7af9548ffc40a9fc56762123535206437763e5b0a703713be11b3f3b62a6,91,41,7,4,38,11,0.15891218580434396,0.15504202367865672,-0.0038701621256872487,0.0038701621256872487,TOWARD_REFERENCE,0.04395604395604396,MINOR,1,230,,,5afb3a9244fdd8305b911c6f156312b2fc181819dc82211f82f5753ce87d4259,0.2769105207186334,0.20907533014467494,0.5859375,3,True,1095
SB3936,Pancreatitis acute,pancreatic endocrine-exocrine parenchymal and ductal structure,"localized inflammatory activation with cellular infiltration, vascular change, and tissue-function perturbation",remaining_5256,0dbc7af9548ffc40a9fc56762123535206437763e5b0a703713be11b3f3b62a6,91,41,7,4,38,11,0.15891218580434396,0.15504202367865672,-0.0038701621256872487,0.0038701621256872487,TOWARD_REFERENCE,0.04395604395604396,MINOR,1,230,,,fe08944fff65bc657f027d323f06065a097e6238032d92825fb09a9166337592,0.2769105207186334,0.20907533014467494,0.5859375,3,True,1096
SB3937,Pancreatitis acute on chronic,pancreatic endocrine-exocrine parenchymal and ductal structure,"localized inflammatory activation with cellular infiltration, vascular change, and tissue-function perturbation",remaining_5256,0dbc7af9548ffc40a9fc56762123535206437763e5b0a703713be11b3f3b62a6,91,41,7,4,38,11,0.15891218580434396,0.15504202367865672,-0.0038701621256872487,0.0038701621256872487,TOWARD_REFERENCE,0.04395604395604396,MINOR,1,230,,,27af4e1d70fced230dc7a9c62a40531ce97b24de01892db4e119534e18f24f31,0.2769105207186334,0.20907533014467494,0.5859375,3,True,1097
SB3938,Pancreatitis aggravated,pancreatic endocrine-exocrine parenchymal and ductal structure,"localized inflammatory activation with cellular infiltration, vascular change, and tissue-function perturbation",remaining_5256,0dbc7af9548ffc40a9fc56762123535206437763e5b0a703713be11b3f3b62a6,91,41,7,4,38,11,0.15891218580434396,0.15504202367865672,-0.0038701621256872487,0.0038701621256872487,TOWARD_REFERENCE,0.04395604395604396,MINOR,1,230,,,b80fc55600d600ad238fd5798aebd0329a9739fd82a4cbeaa3c80634ff64819c,0.2769105207186334,0.20907533014467494,0.5859375,3,True,1098
SB3939,Pancreatitis chronic,pancreatic endocrine-exocrine parenchymal and ductal structure,"localized inflammatory activation with cellular infiltration, vascular change, and tissue-function perturbation",remaining_5256,0dbc7af9548ffc40a9fc56762123535206437763e5b0a703713be11b3f3b62a6,91,41,7,4,38,11,0.15891218580434396,0.15504202367865672,-0.0038701621256872487,0.0038701621256872487,TOWARD_REFERENCE,0.04395604395604396,MINOR,1,230,,,8a01a184e95617f882ae8f975c63e941a0f4d7b2bd7200086f142c2f2a00e7d5,0.2769105207186334,0.20907533014467494,0.5859375,3,True,1099
SB3941,Pancreatitis haemorrhagic,pancreatic endocrine-exocrine parenchymal and ductal structure,"localized inflammatory activation with cellular infiltration, vascular change, and tissue-function perturbation",remaining_5256,0dbc7af9548ffc40a9fc56762123535206437763e5b0a703713be11b3f3b62a6,91,41,7,4,38,11,0.15891218580434396,0.15504202367865672,-0.0038701621256872487,0.0038701621256872487,TOWARD_REFERENCE,0.04395604395604396,MINOR,1,230,,,77fd2dbec12db0ce389e5661fcfad4d55dd66f8210dd616055f039e629cf3567,0.2769105207186334,0.20907533014467494,0.5859375,3,True,1100
SB3942,Pancreatitis necrotising,pancreatic endocrine-exocrine parenchymal and ductal structure,"localized inflammatory activation with cellular infiltration, vascular change, and tissue-function perturbation",remaining_5256,0dbc7af9548ffc40a9fc56762123535206437763e5b0a703713be11b3f3b62a6,91,41,7,4,38,11,0.15891218580434396,0.15504202367865672,-0.0038701621256872487,0.0038701621256872487,TOWARD_REFERENCE,0.04395604395604396,MINOR,1,230,,,868b61d2665265dd0036034a8a439b3abdda5bc448ab52be2d7172a902fb2434,0.2769105207186334,0.20907533014467494,0.5859375,3,True,1101
SB1137,Chronic allograft nephropathy,renal glomerular-tubular filtration and fluid-balance structure,structural-functional tissue disorder with impaired normal operation of the named structure,remaining_5256,bb9e5ae44d8335f3bc09c9308f8bcd5975f44fd364a907dce55bbc23a4baacc8,91,34,6,7,35,13,0.13967898653133193,0.14229725668465432,0.0026182701533223884,0.0026182701533223884,AWAY_FROM_REFERENCE,0.07692307692307693,MINOR,1,231,,,fddf72fd73edfdd83b5853001edcce3251599be4ec5dfd1986c88933ba535acb,0.27689240758157174,0.20905324095313627,0.5859375,-1,True,1102
SB2294,Glomerulonephropathy,renal glomerular-tubular filtration and fluid-balance structure,structural-functional tissue disorder with impaired normal operation of the named structure,remaining_5256,bb9e5ae44d8335f3bc09c9308f8bcd5975f44fd364a907dce55bbc23a4baacc8,91,34,6,7,35,13,0.13967898653133193,0.14229725668465432,0.0026182701533223884,0.0026182701533223884,AWAY_FROM_REFERENCE,0.07692307692307693,MINOR,1,231,,,77f07acaf3cb4f8b25494d4e10149e3e64f1e9cc80d3c593cb428f892b6ab4b9,0.27689240758157174,0.20905324095313627,0.5859375,-1,True,1103
SB2349,HIV associated nephropathy,renal glomerular-tubular filtration and fluid-balance structure,structural-functional tissue disorder with impaired normal operation of the named structure,remaining_5256,bb9e5ae44d8335f3bc09c9308f8bcd5975f44fd364a907dce55bbc23a4baacc8,91,34,6,7,35,13,0.13967898653133193,0.14229725668465432,0.0026182701533223884,0.0026182701533223884,AWAY_FROM_REFERENCE,0.07692307692307693,MINOR,1,231,,,d72c14498ed9c057319fffefa5177cbbfe3b1a22999df273f70108e4217f8967,0.27689240758157174,0.20905324095313627,0.5859375,-1,True,1104
SB3599,Nephropathy,renal glomerular-tubular filtration and fluid-balance structure,structural-functional tissue disorder with impaired normal operation of the named structure,remaining_5256,bb9e5ae44d8335f3bc09c9308f8bcd5975f44fd364a907dce55bbc23a4baacc8,91,34,6,7,35,13,0.13967898653133193,0.14229725668465432,0.0026182701533223884,0.0026182701533223884,AWAY_FROM_REFERENCE,0.07692307692307693,MINOR,1,231,,,ac42dc8ad8f424e0195993a85c2618eaebc6ae92c8a38bf94f07c9c805ee7f3e,0.27689240758157174,0.20905324095313627,0.5859375,-1,True,1105
SB3600,Nephropathy toxic,renal glomerular-tubular filtration and fluid-balance structure,structural-functional tissue disorder with impaired normal operation of the named structure,remaining_5256,bb9e5ae44d8335f3bc09c9308f8bcd5975f44fd364a907dce55bbc23a4baacc8,91,34,6,7,35,13,0.13967898653133193,0.14229725668465432,0.0026182701533223884,0.0026182701533223884,AWAY_FROM_REFERENCE,0.07692307692307693,MINOR,1,231,,,092c02c643af737ced23db0f3d382c392987b43c7968af4de6740469d04d2929,0.27689240758157174,0.20905324095313627,0.5859375,-1,True,1106
SB4243,Polyomavirus-associated nephropathy,renal glomerular-tubular filtration and fluid-balance structure,structural-functional tissue disorder with impaired normal operation of the named structure,remaining_5256,bb9e5ae44d8335f3bc09c9308f8bcd5975f44fd364a907dce55bbc23a4baacc8,91,34,6,7,35,13,0.13967898653133193,0.14229725668465432,0.0026182701533223884,0.0026182701533223884,AWAY_FROM_REFERENCE,0.07692307692307693,MINOR,1,231,,,53b05ae65982332d531d03dfb2d78df444ba708a2df6d6167c1ba701dbcd05fa,0.27689240758157174,0.20905324095313627,0.5859375,-1,True,1107
SB5409,Urate nephropathy,renal glomerular-tubular filtration and fluid-balance structure,structural-functional tissue disorder with impaired normal operation of the named structure,remaining_5256,bb9e5ae44d8335f3bc09c9308f8bcd5975f44fd364a907dce55bbc23a4baacc8,91,34,6,7,35,13,0.13967898653133193,0.14229725668465432,0.0026182701533223884,0.0026182701533223884,AWAY_FROM_REFERENCE,0.07692307692307693,MINOR,1,231,,,952abb91ba639e74319e06b7540cf94ac8e501fde93d5205102b4851f291c83d,0.27689240758157174,0.20905324095313627,0.5859375,-1,True,1108
SB1838,Eosinophilic cystitis,"circulating leukocyte production, distribution, and effector-cell structure","localized inflammatory activation with cellular infiltration, vascular change, and tissue-function perturbation",remaining_5256,1712759bc1a3db091215274f53993c1be5608c9aeb6d7b465f3e5c70b9a95b4a,1830,558,73,119,604,192,0.11811873582457955,0.11686449607661531,-0.0012542397479642364,0.0012542397479642364,TOWARD_REFERENCE,0.06502732240437159,MINOR,1,231,,,6c2fcab52b9a9bee2808ba8d581a46fe5a83d5e58631af54bc6dfed728a657d3,0.2768555385477687,0.20557840066801059,0.6015625,-46,True,1109
SB0489,Asthma,bronchial smooth-muscle tone and airway-caliber structure,episodic bronchial smooth-muscle narrowing with airway hyperresponsiveness and variable airflow limitation,remaining_5256,25fa3c7de8487a8052f0b18ca7ae065b225bb8ceeb3cf2a54e6778fb7ae76da5,300,134,19,10,125,29,0.14982107078606366,0.1584858000701821,0.008664729284118433,0.008664729284118433,AWAY_FROM_REFERENCE,0.03333333333333333,MINOR,1,231,,,0bcc73ede14957c9ecfb3340b56aeeab01ffc01cba427ffb1fb4ea583b0f6577,0.27679175815275603,0.2106454367716537,0.578125,9,True,1110
SB0490,Asthma aggravated,bronchial smooth-muscle tone and airway-caliber structure,episodic bronchial smooth-muscle narrowing with airway hyperresponsiveness and variable airflow limitation,remaining_5256,25fa3c7de8487a8052f0b18ca7ae065b225bb8ceeb3cf2a54e6778fb7ae76da5,300,134,19,10,125,29,0.14982107078606366,0.1584858000701821,0.008664729284118433,0.008664729284118433,AWAY_FROM_REFERENCE,0.03333333333333333,MINOR,1,231,,,0acd6d458c160f26df80db9f29a888efd68a15a71de2871f9547826ea36019d3,0.27679175815275603,0.2106454367716537,0.578125,9,True,1111
SB0491,Asthmatic attack,bronchial smooth-muscle tone and airway-caliber structure,episodic bronchial smooth-muscle narrowing with airway hyperresponsiveness and variable airflow limitation,remaining_5256,25fa3c7de8487a8052f0b18ca7ae065b225bb8ceeb3cf2a54e6778fb7ae76da5,300,134,19,10,125,29,0.14982107078606366,0.1584858000701821,0.008664729284118433,0.008664729284118433,AWAY_FROM_REFERENCE,0.03333333333333333,MINOR,1,231,,,25fa305420159012c70b950e276b79929a399a28fe4be7e35d6359509aea7a9d,0.27679175815275603,0.2106454367716537,0.578125,9,True,1112
SB1910,Exacerbation of asthma,bronchial smooth-muscle tone and airway-caliber structure,episodic bronchial smooth-muscle narrowing with airway hyperresponsiveness and variable airflow limitation,remaining_5256,25fa3c7de8487a8052f0b18ca7ae065b225bb8ceeb3cf2a54e6778fb7ae76da5,300,134,19,10,125,29,0.14982107078606366,0.1584858000701821,0.008664729284118433,0.008664729284118433,AWAY_FROM_REFERENCE,0.03333333333333333,MINOR,1,231,,,cd3f69c073f36cf3284386d18c0510fcde3d0276e1f9b8f78524ebdcc1c8c92e,0.27679175815275603,0.2106454367716537,0.578125,9,True,1113
SB2293,Glomerulonephritis rapidly progressive,renal glomerular-tubular filtration and fluid-balance structure,increase in magnitude or spatial extent of an established structural deviation over successive states,remaining_5256,24a49236cae0e0dce816cdee52a0d2b74d8af86c308b6e13ed49c5060886100e,91,31,1,4,34,5,0.14980368420406953,0.15051390168778855,0.0007102174837190223,0.0007102174837190223,AWAY_FROM_REFERENCE,0.04395604395604396,MINOR,1,231,,,5eff101709874fe5aef9b85b4aa090061b91ea3095af9922ab19c3d11cfd66f4,0.2767674485474748,0.2157606079847254,0.5546875,-3,True,1114
SB4355,Progressive renal failure,renal glomerular-tubular filtration and fluid-balance structure,increase in magnitude or spatial extent of an established structural deviation over successive states,remaining_5256,24a49236cae0e0dce816cdee52a0d2b74d8af86c308b6e13ed49c5060886100e,91,31,1,4,34,5,0.14980368420406953,0.15051390168778855,0.0007102174837190223,0.0007102174837190223,AWAY_FROM_REFERENCE,0.04395604395604396,MINOR,1,231,,,b12b87c0127cf5d3124bee0c450ef08d1f282dfeccc1c22fdf7c1a6d69862673,0.2767674485474748,0.2157606079847254,0.5546875,-3,True,1115
SB3291,Melanonychia,"nail matrix, plate-production, and periungual structure","altered configuration or regulated output of the named structure, expressed as the state described by melanonychia",remaining_5256,4c173831d8ad26a56b8d6af0aab9a2f2707cd034a2bdb404bab5366e0a5a5cda,36,9,1,1,9,2,0.13054776545231983,0.13944380278119906,0.008896037328879225,0.008896037328879225,AWAY_FROM_REFERENCE,0.027777777777777776,MINOR,1,230,,,8f2cac85a2bd02f14f12993f05a4e72223296527b49aeb28b54bae5127c2e38c,0.27659599931587153,0.2035469503852092,0.609375,0,True,1116
SB0338,Anterior chamber pigmentation,melanocyte melanin-production and epidermal-pigment structure,"altered configuration or regulated output of the named structure, expressed as the state described by anterior chamber pigmentation",established_478,e8f371919513a1efba20a2f748f04de96125809c7617b013dfe8ae9ff9ef4334,351,85,8,18,95,26,0.10331417053903058,0.1166190172878917,0.013304846748861121,0.013304846748861121,AWAY_FROM_REFERENCE,0.05128205128205128,MINOR,1,230,,,ac215b9c285e7d243850cc1090e302d25d25ead9c5a6514d5a5697d7245f1813,0.27649186962529204,0.208564780030844,0.5859375,-10,True,1117
SB4105,Persistent vomiting,"implanted-device, catheter, or prosthesis tissue-interface structure",reverse upper-gastrointestinal propulsion with expulsion of gastric contents,remaining_5256,1ee69e57cd5ea1a0322883be82682c072d85e6e906f830050577a2fe63544e8b,1431,581,53,55,583,108,0.16076617801495408,0.16565080759802253,0.004884629583068456,0.004884629583068456,AWAY_FROM_REFERENCE,0.03843466107617051,MINOR,1,223,,,87c04bd525b509316c2fe5d29dacb4fd104732dd398d7535bbbfa4d52b720b4c,0.2762527702653834,0.20141343934802858,0.6171875,-2,True,1118
SB0125,Acute generalised exanthematous pustulosis,epidermal neutrophilic pustular structure,acute diffuse epidermal neutrophilic pustule formation with inflammatory barrier disruption,established_478,b72f02d9e8feca500dd5e41723dfc9ba5f0ae437b5de5ee23aab6b2125ab3bbb,190,66,5,2,63,7,0.15254705018600512,0.15799205921664738,0.005445009030642267,0.005445009030642267,AWAY_FROM_REFERENCE,0.010526315789473684,MINOR,1,223,,,d123f616478a31eee0e7f192ec5eb0f7602e83cfec00938b707756f997100478,0.27618974240144484,0.20305151512371322,0.609375,3,True,1119
SB0159,Acute uveitis,uveal tract immune-inflammatory structure,"localized inflammatory activation with cellular infiltration, vascular change, and tissue-function perturbation",established_478,d2fd5c2f4086f8abf0bb351ca5c940391ff330b27b18bb0a09214a9e9a358b3e,1770,791,79,51,763,130,0.25099606114536743,0.24980346677463916,-0.0011925943707282727,0.0011925943707282727,TOWARD_REFERENCE,0.0288135593220339,MINOR,1,24,,,2d600ce88744f653c45d71e28b563a6a6ed419d93ad2e22fbac3d72c7cd4152c,0.2761745825315345,0.2081778445506518,0.5859375,28,True,1120
SB0341,Anterior uveitis,uveal tract immune-inflammatory structure,"localized inflammatory activation with cellular infiltration, vascular change, and tissue-function perturbation",established_478,d2fd5c2f4086f8abf0bb351ca5c940391ff330b27b18bb0a09214a9e9a358b3e,1770,791,79,51,763,130,0.25099606114536743,0.24980346677463916,-0.0011925943707282727,0.0011925943707282727,TOWARD_REFERENCE,0.0288135593220339,MINOR,1,24,,,53d8fd0b54088368964f4667f4713c7aa8472c73a7108316a9631da67de7462a,0.2761745825315345,0.2081778445506518,0.5859375,28,True,1121
SB3774,Onychoclasis,"nail matrix, plate-production, and periungual structure","altered configuration or regulated output of the named structure, expressed as the state described by onychoclasis",remaining_5256,e72f0ac513da38c67d983d89ce201be2e217c945779d5eb1bc1a41042f01f978,36,10,2,1,9,3,0.13275802094808187,0.14118190071372305,0.008423879765641185,0.008423879765641185,AWAY_FROM_REFERENCE,0.027777777777777776,MINOR,1,230,,,167c5fb8854d3621d4827d297b30d9ab02980c616974de88e0b288ea698f3dc2,0.27617205620793844,0.20817476366821763,0.5859375,1,True,1122
SB0163,Adenitis,lymph-node inflammatory and immune-cell structure,"localized inflammatory activation with cellular infiltration, vascular change, and tissue-function perturbation",established_478,12043e17637c4b7ae3425086a27745b92f0dbd5721b71f974f925fd5478e8b0e,1128,509,31,63,541,94,0.20570764237565198,0.21086855436381646,0.005160911988164485,0.005160911988164485,AWAY_FROM_REFERENCE,0.05585106382978723,MINOR,1,222,,,2f2b71b746655c8cd0e2f526bd5d1809f9b4a1fcd9f057a95cc1928e20c28d1b,0.27606280532486144,0.20804153088397737,0.5859375,-32,True,1123
SB5496,Vaginal discharge,"female reproductive, gestational, placental, and reproductive-output structure",abnormal increase or ectopic release of secreted material,remaining_5256,4d1f07aaa8be8d46c23c40b4789f156399ba0b7d7096e5dcf96ef51543f0584e,3,0,0,1,1,1,0.1401920210321287,0.1391917227867011,-0.0010002982454275777,0.0010002982454275777,TOWARD_REFERENCE,0.3333333333333333,MODERATE,2,38,,,0a4f69c56dd3a745ea06f808ce507b6d8c31c5549e343f591b88787979bab0fc,0.2759725806539197,0.21307631787063386,0.5625,-1,True,1124
SB0350,Antineutrophil cytoplasmic antibody positive,neutrophil-antigen autoantibody immune-recognition structure,detectable presence of the measured target where the reference state is absent or lower,established_478,86fcd86c7c02c7e7e59ecdd5f03dd47c5a3ecbb836ed87ba7661bd7228e3f21a,1,1,1,0,0,1,0.18335911655123627,0.1830520214654473,-0.0003070950857889665,0.0003070950857889665,TOWARD_REFERENCE,0.0,INFORMATIONAL,0,57,,,e6e75d5f550227ae1c2cfae06414c7e10db62f83ae0ffa9cfc2559e04d7ac6e5,0.275922667253697,0.19758099665085005,0.6328125,1,True,1125
SB1412,Cytomegalovirus gastritis,"gastric mucosal barrier, secretory state, motility, and emptying structure","localized inflammatory activation with cellular infiltration, vascular change, and tissue-function perturbation",remaining_5256,c21b4534184a965b34c5ad03ae80b507727593c6af7c1cfb9619f2ab7295a46b,1653,662,94,44,612,138,0.15523817767296344,0.15561185305131242,0.000373675378348981,0.000373675378348981,AWAY_FROM_REFERENCE,0.02661826981246219,MINOR,1,98,,,87cbc5b0f35d2d305115312c1612756e3c127b0795350eeef22eaab708098f2b,0.27588149066797385,0.20953535447313887,0.578125,50,True,1126
SB2182,Gastritis,"gastric mucosal barrier, secretory state, motility, and emptying structure","localized inflammatory activation with cellular infiltration, vascular change, and tissue-function perturbation",remaining_5256,c21b4534184a965b34c5ad03ae80b507727593c6af7c1cfb9619f2ab7295a46b,1653,662,94,44,612,138,0.15523817767296344,0.15561185305131242,0.000373675378348981,0.000373675378348981,AWAY_FROM_REFERENCE,0.02661826981246219,MINOR,1,98,,,1537169f57d845eea69f599e69942a3fbfef092dae55b3b5e0097bd0f7133b09,0.27588149066797385,0.20953535447313887,0.578125,50,True,1127
SB2183,Gastritis aggravated,"gastric mucosal barrier, secretory state, motility, and emptying structure","localized inflammatory activation with cellular infiltration, vascular change, and tissue-function perturbation",remaining_5256,c21b4534184a965b34c5ad03ae80b507727593c6af7c1cfb9619f2ab7295a46b,1653,662,94,44,612,138,0.15523817767296344,0.15561185305131242,0.000373675378348981,0.000373675378348981,AWAY_FROM_REFERENCE,0.02661826981246219,MINOR,1,98,,,7bcae5a2286a8ae1c862aa313ea56e26308185c4a49e20e91cf6eb5f38023af5,0.27588149066797385,0.20953535447313887,0.578125,50,True,1128
SB2184,Gastritis erosive,"gastric mucosal barrier, secretory state, motility, and emptying structure","localized inflammatory activation with cellular infiltration, vascular change, and tissue-function perturbation",remaining_5256,c21b4534184a965b34c5ad03ae80b507727593c6af7c1cfb9619f2ab7295a46b,1653,662,94,44,612,138,0.15523817767296344,0.15561185305131242,0.000373675378348981,0.000373675378348981,AWAY_FROM_REFERENCE,0.02661826981246219,MINOR,1,98,,,8c42d46ca12f76fc530dc2cd3e191e129f52385c25af91754c7dd1830432a164,0.27588149066797385,0.20953535447313887,0.578125,50,True,1129
SB2185,Gastritis haemorrhagic,"gastric mucosal barrier, secretory state, motility, and emptying structure","localized inflammatory activation with cellular infiltration, vascular change, and tissue-function perturbation",remaining_5256,c21b4534184a965b34c5ad03ae80b507727593c6af7c1cfb9619f2ab7295a46b,1653,662,94,44,612,138,0.15523817767296344,0.15561185305131242,0.000373675378348981,0.000373675378348981,AWAY_FROM_REFERENCE,0.02661826981246219,MINOR,1,98,,,a57762b5befb216711e6e6c8b5f2adb1c89db14563559685c45122e22d139f39,0.27588149066797385,0.20953535447313887,0.578125,50,True,1130
SB2187,Gastroduodenitis,"gastric mucosal barrier, secretory state, motility, and emptying structure","localized inflammatory activation with cellular infiltration, vascular change, and tissue-function perturbation",remaining_5256,c21b4534184a965b34c5ad03ae80b507727593c6af7c1cfb9619f2ab7295a46b,1653,662,94,44,612,138,0.15523817767296344,0.15561185305131242,0.000373675378348981,0.000373675378348981,AWAY_FROM_REFERENCE,0.02661826981246219,MINOR,1,98,,,47dfc0d6417e066c9179b61b799a82d776e1f939f5ee8dfb020c3e8fcf5ab268,0.27588149066797385,0.20953535447313887,0.578125,50,True,1131
SB2385,Haemorrhagic erosive gastritis,"gastric mucosal barrier, secretory state, motility, and emptying structure","localized inflammatory activation with cellular infiltration, vascular change, and tissue-function perturbation",remaining_5256,c21b4534184a965b34c5ad03ae80b507727593c6af7c1cfb9619f2ab7295a46b,1653,662,94,44,612,138,0.15523817767296344,0.15561185305131242,0.000373675378348981,0.000373675378348981,AWAY_FROM_REFERENCE,0.02661826981246219,MINOR,1,98,,,e62ae0c9fc21a8ee4ee7592519c94916bea178f0b20b6239caff08e3fc185a64,0.27588149066797385,0.20953535447313887,0.578125,50,True,1132
SB2439,Helicobacter gastritis,"gastric mucosal barrier, secretory state, motility, and emptying structure","localized inflammatory activation with cellular infiltration, vascular change, and tissue-function perturbation",remaining_5256,c21b4534184a965b34c5ad03ae80b507727593c6af7c1cfb9619f2ab7295a46b,1653,662,94,44,612,138,0.15523817767296344,0.15561185305131242,0.000373675378348981,0.000373675378348981,AWAY_FROM_REFERENCE,0.02661826981246219,MINOR,1,98,,,6d34c5a593e29832d904b6852443ed1b066d817020e4a0455f19b2f88d0f1890,0.27588149066797385,0.20953535447313887,0.578125,50,True,1133
SB0137,Acute migraine,trigeminovascular nociceptive and cranial vascular-tone structure,episodic trigeminovascular and central sensory-network activation with abnormal nociceptive processing,established_478,9fa80e96635ae514084583b272bdce0f85678b369aa67727b1160a1a9063751c,28,12,1,0,11,1,0.19653438154468805,0.1932698763148254,-0.0032645052298626576,0.0032645052298626576,TOWARD_REFERENCE,0.0,INFORMATIONAL,0,231,,,428abf88405856ca293cad3c924c53126d190adc275cdc956d390e18460bad7e,0.275666708770028,0.21270330337808296,0.5625,1,True,1134
SB1494,Dermatitis eyelid,"cutaneous epidermal-dermal barrier, appendage, vascular, and immune structure","localized or systemic inflammatory activation with altered barrier, vascular, and cellular organization",remaining_5256,909d496c3d4ac809f4abd2771e6035582f73971e72d577aebf9cc80d9167be31,300,126,15,12,123,27,0.17787977884159856,0.17465228838860114,-0.003227490452997417,0.003227490452997417,TOWARD_REFERENCE,0.04,MINOR,1,231,,,a3649af58609d8da0c613be00a196ccb20cc284f179844df14128d9ff40aff4b,0.2756250518220199,0.216082380270756,0.546875,3,True,1135
SB2781,Increased tendency to bruise,vascular wall and hemostatic integrity structure,measured or functional quantity shifted above its reference structural range,remaining_5256,f9a722d84c8c6eb146f5a9d6771bf5453521838e8cc3dc7fc95bd3743d161a15,325,215,10,13,218,23,0.24505675542580152,0.24520453304943268,0.00014777762363116231,0.00014777762363116231,AWAY_FROM_REFERENCE,0.04,MINOR,1,210,,,52ce08762d75463bf588af6f91e1f93a70355623896c386dfdb688291f04cf47,0.2755885399276185,0.2108930364970958,0.5703125,-3,True,1136
SB4439,Pulmonary hypoplasia,"pulmonary airway-alveolar, pleural, and gas-exchange structure","developmental patterning deviation producing absent, incomplete, or abnormally organized structure",remaining_5256,fdb7922065ec0349bad10902b57988181bf1651edb0c86a1b7fd8bb0db8bb4a2,36,19,1,0,18,1,0.18955091179597683,0.1812217099252138,-0.008329201870763026,0.008329201870763026,TOWARD_REFERENCE,0.0,INFORMATIONAL,0,231,,,6cc4dbb95daa2eb73768fff64f3e41bdbffd9e041062aa13196e34d4c6fd4771,0.2755537254841567,0.2022758847367765,0.609375,1,True,1137
SB2676,Hypohidrosis,eccrine-apocrine sweat-gland secretory structure,"deficient magnitude, activity, quantity, or tissue state below the reference configuration",remaining_5256,5e5d686bc5a25f8c390e7746417da80abf7d40acd391d5f52d7a6c65175fa1dd,105,58,9,0,49,9,0.1914034606218491,0.19398012930507957,0.0025766686832304764,0.0025766686832304764,AWAY_FROM_REFERENCE,0.0,INFORMATIONAL,0,174,,,5a9cdeb82b09982fe0a0d83383bff88d111696c5e9a2c551d1965f9c3a6d12c7,0.27546520434307287,0.20388287115008885,0.6015625,9,True,1138
SB4583,Renal colic,renal glomerular-tubular filtration and fluid-balance structure,episodic smooth-muscle contraction with associated luminal pressure and nociceptive signaling,remaining_5256,542cf1e94d9a449d2079e44d72599b64659582504a5e3b5ab74d1aea38b5e9ed,91,31,1,6,36,7,0.19559972856106567,0.19253385038223902,-0.003065878178826642,0.003065878178826642,TOWARD_REFERENCE,0.06593406593406594,MINOR,1,231,,,37a0dc23654a07d7cf15e543baa63654a50e199bcbb7c9c14ca0fe947e7a3afd,0.27536705433413433,0.20547811504162727,0.59375,-5,True,1139
SB2247,Genital hypoaesthesia,peripheral sensory-nerve axonal conduction structure,"deficient magnitude, activity, quantity, or tissue state below the reference configuration",remaining_5256,cfb9d5b43465e0c2229023b0d0d82b5cf132e4430788f0e7593c93cb8710fa26,6,5,1,0,4,1,0.17138562332753038,0.17864635256643024,0.007260729238899866,0.007260729238899866,AWAY_FROM_REFERENCE,0.0,INFORMATIONAL,0,223,,,500351fb37f697151db2f78440f74a02da6140741668f9523ae86672aa82ce28,0.27513579212317646,0.21034090502826397,0.5703125,1,True,1140
SB2649,Hypoaesthesia,peripheral sensory-nerve axonal conduction structure,"deficient magnitude, activity, quantity, or tissue state below the reference configuration",remaining_5256,cfb9d5b43465e0c2229023b0d0d82b5cf132e4430788f0e7593c93cb8710fa26,6,5,1,0,4,1,0.17138562332753038,0.17864635256643024,0.007260729238899866,0.007260729238899866,AWAY_FROM_REFERENCE,0.0,INFORMATIONAL,0,223,,,73198ae87bc8ac60d7a08d6b6505e84a56e15b1f797fe4d2d993163926f6f21a,0.27513579212317646,0.21034090502826397,0.5703125,1,True,1141
SB2651,Hypoaesthesia facial,peripheral sensory-nerve axonal conduction structure,"deficient magnitude, activity, quantity, or tissue state below the reference configuration",remaining_5256,cfb9d5b43465e0c2229023b0d0d82b5cf132e4430788f0e7593c93cb8710fa26,6,5,1,0,4,1,0.17138562332753038,0.17864635256643024,0.007260729238899866,0.007260729238899866,AWAY_FROM_REFERENCE,0.0,INFORMATIONAL,0,223,,,07072ebd31c331d8be0d0fd413d14c1b546ae81a13ef9838f09e9371cce42399,0.27513579212317646,0.21034090502826397,0.5703125,1,True,1142
SB2652,Hypoaesthesia oral,peripheral sensory-nerve axonal conduction structure,"deficient magnitude, activity, quantity, or tissue state below the reference configuration",remaining_5256,cfb9d5b43465e0c2229023b0d0d82b5cf132e4430788f0e7593c93cb8710fa26,6,5,1,0,4,1,0.17138562332753038,0.17864635256643024,0.007260729238899866,0.007260729238899866,AWAY_FROM_REFERENCE,0.0,INFORMATIONAL,0,223,,,315bb08635cc913cf77dd5e3db80f969c509cde4e492a9f9d4d359287b01a993,0.27513579212317646,0.21034090502826397,0.5703125,1,True,1143
SB2342,Growth hormone overproduction,hypothalamic-pituitary hormone-control and release structure,functional output above the reference operating range,remaining_5256,c6e03e1c810fbb9031cf9d7d6fa1ffb3b6e4ddff77043381ca8215ae9c281cc5,741,379,63,26,342,89,0.1815966744018157,0.1708356552949244,-0.010761019106891312,0.010761019106891312,TOWARD_REFERENCE,0.03508771929824561,MINOR,1,174,,,b0da81ba90603d01f96711e5680418d14e2ca82c8d6671ad101c8bca04877ee9,0.27513257460164403,0.20347722512395616,0.6015625,37,True,1144
SB3528,Nail dystrophy,"nail matrix, plate-production, and periungual structure","altered configuration or regulated output of the named structure, expressed as the state described by nail dystrophy",remaining_5256,d532e451f2ce4a57efaed49ebad22de530da227c9f40def1ea54dd019e778416,36,9,2,1,8,3,0.12632648504077926,0.13528221318846267,0.008955728147683417,0.008955728147683417,AWAY_FROM_REFERENCE,0.027777777777777776,MINOR,1,230,,,2148315255bdaed565122efb11176bd8937421d16de09ebc3e0c1e333ce5aa68,0.27502994334823905,0.20506700408321832,0.59375,1,True,1145
SB1857,Epigastric pain,"gastric mucosal barrier, secretory state, motility, and emptying structure",increased nociceptive signaling associated with local tissue or neural perturbation,remaining_5256,67c383a40fb01c5d5da0c41449c7b494e71c677cbfafeb22cf48f69a94c9a702,1653,611,90,65,586,155,0.16891491556957616,0.16332655990367118,-0.005588355665904987,0.005588355665904987,TOWARD_REFERENCE,0.03932244404113733,MINOR,1,98,,,6afeaee6bb59b79fa0f60576065d773b90ef90387b7f89a958d3dd739455b3ea,0.274987297696787,0.20158511914242316,0.609375,25,True,1146
SB1858,Epigastric pain not food-related,"gastric mucosal barrier, secretory state, motility, and emptying structure",increased nociceptive signaling associated with local tissue or neural perturbation,remaining_5256,67c383a40fb01c5d5da0c41449c7b494e71c677cbfafeb22cf48f69a94c9a702,1653,611,90,65,586,155,0.16891491556957616,0.16332655990367118,-0.005588355665904987,0.005588355665904987,TOWARD_REFERENCE,0.03932244404113733,MINOR,1,98,,,a080cfaa192ff794358e93a327bf9786dc19c75eb3b46675e845839bf66b8150,0.274987297696787,0.20158511914242316,0.609375,25,True,1147
SB0691,Blood creatinine normal,renal glomerular-tubular filtration and fluid-balance structure,measured state within the declared reference range rather than a malformation,remaining_5256,c25520dad0008dbce1e823f08cc128c79fb4c854d39d0660f0e0ff29d3ff409d,91,30,4,7,33,11,0.17285255646686437,0.1676364700625672,-0.00521608640429716,0.00521608640429716,TOWARD_REFERENCE,0.07692307692307693,MINOR,1,231,,,4029464932a5a6edf9cdda4af1ecae524ebf6dfef591da8ca781a25625517d88,0.2749804389719086,0.20843651094135196,0.578125,-3,True,1148
SB0757,Blood urea normal,renal glomerular-tubular filtration and fluid-balance structure,measured state within the declared reference range rather than a malformation,remaining_5256,c25520dad0008dbce1e823f08cc128c79fb4c854d39d0660f0e0ff29d3ff409d,91,30,4,7,33,11,0.17285255646686437,0.1676364700625672,-0.00521608640429716,0.00521608640429716,TOWARD_REFERENCE,0.07692307692307693,MINOR,1,231,,,4dc24fc1917519e039fda33c14bf81537225e978760878e522167e20af721149,0.2749804389719086,0.20843651094135196,0.578125,-3,True,1149
SB1368,Creatinine normal,renal glomerular-tubular filtration and fluid-balance structure,measured state within the declared reference range rather than a malformation,remaining_5256,c25520dad0008dbce1e823f08cc128c79fb4c854d39d0660f0e0ff29d3ff409d,91,30,4,7,33,11,0.17285255646686437,0.1676364700625672,-0.00521608640429716,0.00521608640429716,TOWARD_REFERENCE,0.07692307692307693,MINOR,1,231,,,8bee682ee88278d52feee2e067954ae5e610b3fd598a11b3b9c32f6473e1deee,0.2749804389719086,0.20843651094135196,0.578125,-3,True,1150
SB1621,Drug reaction with eosinophilia and systemic symptoms,"circulating leukocyte production, distribution, and effector-cell structure",acute or subacute state transition of the named structure in response to an external or internal perturbation,remaining_5256,fbb2f5576d4e5ec682decc9ebc400f92bff2f7e84cdac95b1627d0a731d59bde,1830,624,83,126,667,209,0.15325147964818764,0.15220623613398376,-0.0010452435142038752,0.0010452435142038752,TOWARD_REFERENCE,0.06885245901639345,MINOR,1,231,,,3b2aed3f33a900cc550f1cabda5d65a0d6fd6f19db4380801db0a9b8509dcb70,0.274754242676369,0.20130090570288905,0.609375,-43,True,1151
SB3663,Nipple swelling,mammary gland ductal-lobular and secretory structure,"excess fluid accumulation within interstitial, tissue, or cavity compartments",remaining_5256,147a1d605bf19c5e64ed037939682884958a3b2d67b73bd5bcc4607b9ae74e26,3,2,1,0,1,1,0.20999664834945087,0.2108677505535227,0.0008711022040718275,0.0008711022040718275,AWAY_FROM_REFERENCE,0.0,INFORMATIONAL,0,230,,,efeed17f223de90ea66dcf755ac427a7fb7d09749be44ffd8c04846c291f04bc,0.274574541914855,0.21137139257909143,0.5625,1,True,1152
SB3112,Limb paresis,"regional limb musculoskeletal, neurovascular, and skin structure",reduced or absent motor neural output and target-tissue activation,remaining_5256,6deccbed04820935344dc4b4b916df55fdb41c84ca1dc6615fd20c462125fa1b,21,12,2,0,10,2,0.17499467919868417,0.17077013637654126,-0.004224542822142907,0.004224542822142907,TOWARD_REFERENCE,0.0,INFORMATIONAL,0,223,,,46fb9d138c6d226b575823025849452699ec2c7dae3f0a6d7fe673a4e35ac8e8,0.27451479308462795,0.21129852815198535,0.5625,2,True,1153
SB3218,Lymphocyte transformation test positive,"circulating leukocyte production, distribution, and effector-cell structure",detectable presence of the measured target where the reference state is absent or lower,remaining_5256,b3d0307935c5d4ae4fccc3fde8be34b1a60d8d77d2af0f39a1fbde87a6356a66,1830,604,80,108,632,188,0.13932347711349047,0.1391925130658166,-0.00013096404767387604,0.00013096404767387604,TOWARD_REFERENCE,0.05901639344262295,MINOR,1,231,,,ce3fadc6b8796fcd37c2b695410f80e35ac8c91fa12ce031c479ea1b9ecadf53,0.27445424601122304,0.20264999513563786,0.6015625,-28,True,1154
SB5696,White blood cells urine positive,"circulating leukocyte production, distribution, and effector-cell structure",detectable presence of the measured target where the reference state is absent or lower,remaining_5256,b3d0307935c5d4ae4fccc3fde8be34b1a60d8d77d2af0f39a1fbde87a6356a66,1830,604,80,108,632,188,0.13932347711349047,0.1391925130658166,-0.00013096404767387604,0.00013096404767387604,TOWARD_REFERENCE,0.05901639344262295,MINOR,1,231,,,87b1a6cf5dab305f6e126be48f687e8003ede7ccad38d1d7505b4ddf52162fec,0.27445424601122304,0.20264999513563786,0.6015625,-28,True,1155
SB3531,Nail longitudinal striations,"nail matrix, plate-production, and periungual structure","altered configuration or regulated output of the named structure, expressed as the state described by nail longitudinal striations",remaining_5256,be380eb2ba599741a38de0138bb17c91065bb1d2a2dac1dad0628a5817e30561,36,8,1,1,8,2,0.12137271463474875,0.12950232660696692,0.008129611972218176,0.008129611972218176,AWAY_FROM_REFERENCE,0.027777777777777776,MINOR,1,230,,,ce4658b70825f791376f4ffba189a6af856268d03e1172bb585796198a7b9331,0.27438842696660376,0.20599960605683387,0.5859375,0,True,1156
SB0318,Anisocytosis,erythrocyte size-distribution and maturation structure,increased heterogeneity of erythrocyte size relative to the normal distribution,established_478,87d64d637a1b548c2d1e1cf37fac2bf95f108315b4b940fd9b65ba7dccdf37c1,1711,666,72,97,691,169,0.23274663140638951,0.22759388225116517,-0.005152749155224345,0.005152749155224345,TOWARD_REFERENCE,0.05669199298655757,MINOR,1,231,,,ff6c59f329be10c151c138c8748e474fa82627f6e6321c68794c6e1d5d622a0b,0.27433395579916475,0.20250329975507897,0.6015625,-25,True,1157
SB0643,Bleeding breakthrough,vascular wall and hemostatic integrity structure,vascular or tissue integrity breach with blood extravasation/accumulation,remaining_5256,1aaf9637dfa975137830ec278ae9ded4ec65beab5d92a0db5089a887ab994c8e,325,195,9,15,201,24,0.2546754407313143,0.2540865803604706,-0.0005888603708437135,0.0005888603708437135,TOWARD_REFERENCE,0.046153846153846156,MINOR,1,210,,,84ce0e7e20c5859731b3c58054c8c6d949a63c23f205b6c0a57f92f91c2bfa00,0.2738319111258226,0.20360598917783246,0.59375,-6,True,1158
SB0644,Bleeding tendency,vascular wall and hemostatic integrity structure,vascular or tissue integrity breach with blood extravasation/accumulation,remaining_5256,1aaf9637dfa975137830ec278ae9ded4ec65beab5d92a0db5089a887ab994c8e,325,195,9,15,201,24,0.2546754407313143,0.2540865803604706,-0.0005888603708437135,0.0005888603708437135,TOWARD_REFERENCE,0.046153846153846156,MINOR,1,210,,,07afb3226cf583597c8c156432806ef6d00a7089ffcdc6d14134791bdd90f0c0,0.2738319111258226,0.20360598917783246,0.59375,-6,True,1159
SB0851,Bronchial haemorrhage,vascular wall and hemostatic integrity structure,vascular or tissue integrity breach with blood extravasation/accumulation,remaining_5256,1aaf9637dfa975137830ec278ae9ded4ec65beab5d92a0db5089a887ab994c8e,325,195,9,15,201,24,0.2546754407313143,0.2540865803604706,-0.0005888603708437135,0.0005888603708437135,TOWARD_REFERENCE,0.046153846153846156,MINOR,1,210,,,cd5fb84fa782bd5ac90d01e8cb12e0f2bfc284a498000a708cb4f264bd0aadee,0.2738319111258226,0.20360598917783246,0.59375,-6,True,1160
SB1007,Catheter site haemorrhage,vascular wall and hemostatic integrity structure,vascular or tissue integrity breach with blood extravasation/accumulation,remaining_5256,1aaf9637dfa975137830ec278ae9ded4ec65beab5d92a0db5089a887ab994c8e,325,195,9,15,201,24,0.2546754407313143,0.2540865803604706,-0.0005888603708437135,0.0005888603708437135,TOWARD_REFERENCE,0.046153846153846156,MINOR,1,210,,,0f5f5bad34da687e40cf36bbc6953d242ddcfe8e2ff74fd5a4f59b08e9f11a56,0.2738319111258226,0.20360598917783246,0.59375,-6,True,1161
SB1022,Central nervous system haemorrhage,vascular wall and hemostatic integrity structure,vascular or tissue integrity breach with blood extravasation/accumulation,remaining_5256,1aaf9637dfa975137830ec278ae9ded4ec65beab5d92a0db5089a887ab994c8e,325,195,9,15,201,24,0.2546754407313143,0.2540865803604706,-0.0005888603708437135,0.0005888603708437135,TOWARD_REFERENCE,0.046153846153846156,MINOR,1,210,,,be38fa2d570537b30b61c889a257f28cd8c9ae09c2b4d957916c7aea858e0aeb,0.2738319111258226,0.20360598917783246,0.59375,-6,True,1162
SB1201,Coital bleeding,vascular wall and hemostatic integrity structure,vascular or tissue integrity breach with blood extravasation/accumulation,remaining_5256,1aaf9637dfa975137830ec278ae9ded4ec65beab5d92a0db5089a887ab994c8e,325,195,9,15,201,24,0.2546754407313143,0.2540865803604706,-0.0005888603708437135,0.0005888603708437135,TOWARD_REFERENCE,0.046153846153846156,MINOR,1,210,,,e749cf68991c30c10caa58b51de546f5c86aef770add0e1fe5d1585c4d6344a0,0.2738319111258226,0.20360598917783246,0.59375,-6,True,1163
SB1647,Duodenal ulcer haemorrhage,vascular wall and hemostatic integrity structure,vascular or tissue integrity breach with blood extravasation/accumulation,remaining_5256,1aaf9637dfa975137830ec278ae9ded4ec65beab5d92a0db5089a887ab994c8e,325,195,9,15,201,24,0.2546754407313143,0.2540865803604706,-0.0005888603708437135,0.0005888603708437135,TOWARD_REFERENCE,0.046153846153846156,MINOR,1,210,,,c8ec00b863471043e78697123f9250ce5a46b738f816dfd54299246132be7d43,0.2738319111258226,0.20360598917783246,0.59375,-6,True,1164
SB1852,Epidural haemorrhage,vascular wall and hemostatic integrity structure,vascular or tissue integrity breach with blood extravasation/accumulation,remaining_5256,1aaf9637dfa975137830ec278ae9ded4ec65beab5d92a0db5089a887ab994c8e,325,195,9,15,201,24,0.2546754407313143,0.2540865803604706,-0.0005888603708437135,0.0005888603708437135,TOWARD_REFERENCE,0.046153846153846156,MINOR,1,210,,,fd260e50538ca37da698b68e52d1a314c7aed92022b97c76145465ea4739e84e,0.2738319111258226,0.20360598917783246,0.59375,-6,True,1165
SB2200,Gastrointestinal haemorrhage,vascular wall and hemostatic integrity structure,vascular or tissue integrity breach with blood extravasation/accumulation,remaining_5256,1aaf9637dfa975137830ec278ae9ded4ec65beab5d92a0db5089a887ab994c8e,325,195,9,15,201,24,0.2546754407313143,0.2540865803604706,-0.0005888603708437135,0.0005888603708437135,TOWARD_REFERENCE,0.046153846153846156,MINOR,1,210,,,43ade7af2c5613beb9a7b980cf76b8d2e64d837c07561062c263713d663d60a8,0.2738319111258226,0.20360598917783246,0.59375,-6,True,1166
SB2220,Gastrointestinal ulcer haemorrhage,vascular wall and hemostatic integrity structure,vascular or tissue integrity breach with blood extravasation/accumulation,remaining_5256,1aaf9637dfa975137830ec278ae9ded4ec65beab5d92a0db5089a887ab994c8e,325,195,9,15,201,24,0.2546754407313143,0.2540865803604706,-0.0005888603708437135,0.0005888603708437135,TOWARD_REFERENCE,0.046153846153846156,MINOR,1,210,,,d514eaf76a70f0298023fcf698de0987141f72be87460c712f4d929a71359185,0.2738319111258226,0.20360598917783246,0.59375,-6,True,1167
SB2245,Genital haemorrhage,vascular wall and hemostatic integrity structure,vascular or tissue integrity breach with blood extravasation/accumulation,remaining_5256,1aaf9637dfa975137830ec278ae9ded4ec65beab5d92a0db5089a887ab994c8e,325,195,9,15,201,24,0.2546754407313143,0.2540865803604706,-0.0005888603708437135,0.0005888603708437135,TOWARD_REFERENCE,0.046153846153846156,MINOR,1,210,,,2837cbf9b01a02d7902ba9e5e4d81d12ba1093e39ffc23d980387cc2e791846f,0.2738319111258226,0.20360598917783246,0.59375,-6,True,1168
SB2265,Gingival bleeding,vascular wall and hemostatic integrity structure,vascular or tissue integrity breach with blood extravasation/accumulation,remaining_5256,1aaf9637dfa975137830ec278ae9ded4ec65beab5d92a0db5089a887ab994c8e,325,195,9,15,201,24,0.2546754407313143,0.2540865803604706,-0.0005888603708437135,0.0005888603708437135,TOWARD_REFERENCE,0.046153846153846156,MINOR,1,210,,,2cb334b7fca2f8b87409d6ee96d8ef8677cc80498ef9e572ca4327be3c8c984a,0.2738319111258226,0.20360598917783246,0.59375,-6,True,1169
SB2359,Haematoma,vascular wall and hemostatic integrity structure,vascular or tissue integrity breach with blood extravasation/accumulation,remaining_5256,1aaf9637dfa975137830ec278ae9ded4ec65beab5d92a0db5089a887ab994c8e,325,195,9,15,201,24,0.2546754407313143,0.2540865803604706,-0.0005888603708437135,0.0005888603708437135,TOWARD_REFERENCE,0.046153846153846156,MINOR,1,210,,,236cc547737f77220d74c05e24d4e38443136369c798ae37b4a7423f081ab2b5,0.2738319111258226,0.20360598917783246,0.59375,-6,True,1170
SB2378,Haemorrhage,vascular wall and hemostatic integrity structure,vascular or tissue integrity breach with blood extravasation/accumulation,remaining_5256,1aaf9637dfa975137830ec278ae9ded4ec65beab5d92a0db5089a887ab994c8e,325,195,9,15,201,24,0.2546754407313143,0.2540865803604706,-0.0005888603708437135,0.0005888603708437135,TOWARD_REFERENCE,0.046153846153846156,MINOR,1,210,,,23907960cc526f3517b4254bc76f6eeae68d51f21609298035808741b74427a5,0.2738319111258226,0.20360598917783246,0.59375,-6,True,1171
SB2380,Haemorrhage intracranial,vascular wall and hemostatic integrity structure,vascular or tissue integrity breach with blood extravasation/accumulation,remaining_5256,1aaf9637dfa975137830ec278ae9ded4ec65beab5d92a0db5089a887ab994c8e,325,195,9,15,201,24,0.2546754407313143,0.2540865803604706,-0.0005888603708437135,0.0005888603708437135,TOWARD_REFERENCE,0.046153846153846156,MINOR,1,210,,,711183bd64feef88763e0a6187f567ad0a0088a2b027f10dc29c3a7c917e0894,0.2738319111258226,0.20360598917783246,0.59375,-6,True,1172
SB2381,Haemorrhage subcutaneous,vascular wall and hemostatic integrity structure,vascular or tissue integrity breach with blood extravasation/accumulation,remaining_5256,1aaf9637dfa975137830ec278ae9ded4ec65beab5d92a0db5089a887ab994c8e,325,195,9,15,201,24,0.2546754407313143,0.2540865803604706,-0.0005888603708437135,0.0005888603708437135,TOWARD_REFERENCE,0.046153846153846156,MINOR,1,210,,,bdfbbd2fae73466e2114106f03e1714d5132d960766349bda0703e4bf374a642,0.2738319111258226,0.20360598917783246,0.59375,-6,True,1173
SB2382,Haemorrhage urinary tract,vascular wall and hemostatic integrity structure,vascular or tissue integrity breach with blood extravasation/accumulation,remaining_5256,1aaf9637dfa975137830ec278ae9ded4ec65beab5d92a0db5089a887ab994c8e,325,195,9,15,201,24,0.2546754407313143,0.2540865803604706,-0.0005888603708437135,0.0005888603708437135,TOWARD_REFERENCE,0.046153846153846156,MINOR,1,210,,,9321b64a095ed77517cfeb7f7a8e402f5adb2f22b0fc4ea0f5b8d9ee35cda9c3,0.2738319111258226,0.20360598917783246,0.59375,-6,True,1174
SB2389,Haemorrhoidal haemorrhage,vascular wall and hemostatic integrity structure,vascular or tissue integrity breach with blood extravasation/accumulation,remaining_5256,1aaf9637dfa975137830ec278ae9ded4ec65beab5d92a0db5089a887ab994c8e,325,195,9,15,201,24,0.2546754407313143,0.2540865803604706,-0.0005888603708437135,0.0005888603708437135,TOWARD_REFERENCE,0.046153846153846156,MINOR,1,210,,,6c33c8c9615b6cc000c65e630d9309c5cca41a5905b783e33a68f893246791f0,0.2738319111258226,0.20360598917783246,0.59375,-6,True,1175
SB2450,Hemorrhage abnormal,vascular wall and hemostatic integrity structure,vascular or tissue integrity breach with blood extravasation/accumulation,remaining_5256,1aaf9637dfa975137830ec278ae9ded4ec65beab5d92a0db5089a887ab994c8e,325,195,9,15,201,24,0.2546754407313143,0.2540865803604706,-0.0005888603708437135,0.0005888603708437135,TOWARD_REFERENCE,0.046153846153846156,MINOR,1,210,,,f6a484edfa52ddc599879d537df7b8c5b3b7172c3d79e3958c6ac80b00afe005,0.2738319111258226,0.20360598917783246,0.59375,-6,True,1176
SB2451,Hemorrhage of colon,vascular wall and hemostatic integrity structure,vascular or tissue integrity breach with blood extravasation/accumulation,remaining_5256,1aaf9637dfa975137830ec278ae9ded4ec65beab5d92a0db5089a887ab994c8e,325,195,9,15,201,24,0.2546754407313143,0.2540865803604706,-0.0005888603708437135,0.0005888603708437135,TOWARD_REFERENCE,0.046153846153846156,MINOR,1,210,,,514cf567ec7b9ba7e63b845186b45bf1dddf833beca608147817bfbf54d8520f,0.2738319111258226,0.20360598917783246,0.59375,-6,True,1177
SB2452,Hemorrhage symptom,vascular wall and hemostatic integrity structure,vascular or tissue integrity breach with blood extravasation/accumulation,remaining_5256,1aaf9637dfa975137830ec278ae9ded4ec65beab5d92a0db5089a887ab994c8e,325,195,9,15,201,24,0.2546754407313143,0.2540865803604706,-0.0005888603708437135,0.0005888603708437135,TOWARD_REFERENCE,0.046153846153846156,MINOR,1,210,,,f808d663cdccbc72592aa667463b220e0fe46fea12648879c5889708ff99ade3,0.2738319111258226,0.20360598917783246,0.59375,-6,True,1178
SB2765,Incision site haematoma,vascular wall and hemostatic integrity structure,vascular or tissue integrity breach with blood extravasation/accumulation,remaining_5256,1aaf9637dfa975137830ec278ae9ded4ec65beab5d92a0db5089a887ab994c8e,325,195,9,15,201,24,0.2546754407313143,0.2540865803604706,-0.0005888603708437135,0.0005888603708437135,TOWARD_REFERENCE,0.046153846153846156,MINOR,1,210,,,8295604b854d4db1fa6514f78e971f363ce3e7b520f2ee9fc0d4d744643aaddf,0.2738319111258226,0.20360598917783246,0.59375,-6,True,1179
SB2766,Incision site haemorrhage,vascular wall and hemostatic integrity structure,vascular or tissue integrity breach with blood extravasation/accumulation,remaining_5256,1aaf9637dfa975137830ec278ae9ded4ec65beab5d92a0db5089a887ab994c8e,325,195,9,15,201,24,0.2546754407313143,0.2540865803604706,-0.0005888603708437135,0.0005888603708437135,TOWARD_REFERENCE,0.046153846153846156,MINOR,1,210,,,903fbb34e7c8498d9cb0a216d906511f98e463f33793088b009bf66ed0b81cb2,0.2738319111258226,0.20360598917783246,0.59375,-6,True,1180
SB2857,Injection site haematoma,vascular wall and hemostatic integrity structure,vascular or tissue integrity breach with blood extravasation/accumulation,remaining_5256,1aaf9637dfa975137830ec278ae9ded4ec65beab5d92a0db5089a887ab994c8e,325,195,9,15,201,24,0.2546754407313143,0.2540865803604706,-0.0005888603708437135,0.0005888603708437135,TOWARD_REFERENCE,0.046153846153846156,MINOR,1,210,,,4d8e8217794f0934f3609d80576193e25544ab347f8ad79d274317ee68eac171,0.2738319111258226,0.20360598917783246,0.59375,-6,True,1181
SB2858,Injection site haemorrhage,vascular wall and hemostatic integrity structure,vascular or tissue integrity breach with blood extravasation/accumulation,remaining_5256,1aaf9637dfa975137830ec278ae9ded4ec65beab5d92a0db5089a887ab994c8e,325,195,9,15,201,24,0.2546754407313143,0.2540865803604706,-0.0005888603708437135,0.0005888603708437135,TOWARD_REFERENCE,0.046153846153846156,MINOR,1,210,,,42bdbc4b476278527df04416c3dce70d787fb281954d06867aca17c7b8f2b0ba,0.2738319111258226,0.20360598917783246,0.59375,-6,True,1182
SB2921,Intestinal haemorrhage,vascular wall and hemostatic integrity structure,vascular or tissue integrity breach with blood extravasation/accumulation,remaining_5256,1aaf9637dfa975137830ec278ae9ded4ec65beab5d92a0db5089a887ab994c8e,325,195,9,15,201,24,0.2546754407313143,0.2540865803604706,-0.0005888603708437135,0.0005888603708437135,TOWARD_REFERENCE,0.046153846153846156,MINOR,1,210,,,52e71f8f5b80dc88cc71b16140823fb791f212d58ab6faec9f77439edefe0bea,0.2738319111258226,0.20360598917783246,0.59375,-6,True,1183
SB2934,Intra-abdominal haematoma,vascular wall and hemostatic integrity structure,vascular or tissue integrity breach with blood extravasation/accumulation,remaining_5256,1aaf9637dfa975137830ec278ae9ded4ec65beab5d92a0db5089a887ab994c8e,325,195,9,15,201,24,0.2546754407313143,0.2540865803604706,-0.0005888603708437135,0.0005888603708437135,TOWARD_REFERENCE,0.046153846153846156,MINOR,1,210,,,315681413b36dc902754545fdb0928ab31c8e37e91480f7b25693d60e0bf7b69,0.2738319111258226,0.20360598917783246,0.59375,-6,True,1184
SB2935,Intra-abdominal haemorrhage,vascular wall and hemostatic integrity structure,vascular or tissue integrity breach with blood extravasation/accumulation,remaining_5256,1aaf9637dfa975137830ec278ae9ded4ec65beab5d92a0db5089a887ab994c8e,325,195,9,15,201,24,0.2546754407313143,0.2540865803604706,-0.0005888603708437135,0.0005888603708437135,TOWARD_REFERENCE,0.046153846153846156,MINOR,1,210,,,a1c58adde1b944b8c40408d01b77e75df5a80182022d295eefe1cdab220823bd,0.2738319111258226,0.20360598917783246,0.59375,-6,True,1185
SB2944,Intraoperative hemorrhage,vascular wall and hemostatic integrity structure,vascular or tissue integrity breach with blood extravasation/accumulation,remaining_5256,1aaf9637dfa975137830ec278ae9ded4ec65beab5d92a0db5089a887ab994c8e,325,195,9,15,201,24,0.2546754407313143,0.2540865803604706,-0.0005888603708437135,0.0005888603708437135,TOWARD_REFERENCE,0.046153846153846156,MINOR,1,210,,,47aae84ba29c1dd69c6f18ea9d4d80fb770b33eaa36d6d97bb1c43461ed78e52,0.2738319111258226,0.20360598917783246,0.59375,-6,True,1186
SB2945,Intraspinal bleeding,vascular wall and hemostatic integrity structure,vascular or tissue integrity breach with blood extravasation/accumulation,remaining_5256,1aaf9637dfa975137830ec278ae9ded4ec65beab5d92a0db5089a887ab994c8e,325,195,9,15,201,24,0.2546754407313143,0.2540865803604706,-0.0005888603708437135,0.0005888603708437135,TOWARD_REFERENCE,0.046153846153846156,MINOR,1,210,,,cfb70107d631781b5b53919e95413c2ff79df1322e1977964dc2f40c87c2781f,0.2738319111258226,0.20360598917783246,0.59375,-6,True,1187
SB2947,Intraventricular haemorrhage,vascular wall and hemostatic integrity structure,vascular or tissue integrity breach with blood extravasation/accumulation,remaining_5256,1aaf9637dfa975137830ec278ae9ded4ec65beab5d92a0db5089a887ab994c8e,325,195,9,15,201,24,0.2546754407313143,0.2540865803604706,-0.0005888603708437135,0.0005888603708437135,TOWARD_REFERENCE,0.046153846153846156,MINOR,1,210,,,e6c516abf68c731c350544402900e5d4ba71dc81326cc41f9cc703ec04caee3f,0.2738319111258226,0.20360598917783246,0.59375,-6,True,1188
SB3053,Large intestinal haemorrhage,vascular wall and hemostatic integrity structure,vascular or tissue integrity breach with blood extravasation/accumulation,remaining_5256,1aaf9637dfa975137830ec278ae9ded4ec65beab5d92a0db5089a887ab994c8e,325,195,9,15,201,24,0.2546754407313143,0.2540865803604706,-0.0005888603708437135,0.0005888603708437135,TOWARD_REFERENCE,0.046153846153846156,MINOR,1,210,,,485b699d4882de63b9574959b52200e3a76ca3059244cb24a53b9f12a0ca05ed,0.2738319111258226,0.20360598917783246,0.59375,-6,True,1189
SB3059,Laryngeal haemorrhage,vascular wall and hemostatic integrity structure,vascular or tissue integrity breach with blood extravasation/accumulation,remaining_5256,1aaf9637dfa975137830ec278ae9ded4ec65beab5d92a0db5089a887ab994c8e,325,195,9,15,201,24,0.2546754407313143,0.2540865803604706,-0.0005888603708437135,0.0005888603708437135,TOWARD_REFERENCE,0.046153846153846156,MINOR,1,210,,,d9b6728099f24f68da7a02f7a2cca79c8b853e5e6928265b40a30dfbb7c2d584,0.2738319111258226,0.20360598917783246,0.59375,-6,True,1190
SB3118,Lip haemorrhage,vascular wall and hemostatic integrity structure,vascular or tissue integrity breach with blood extravasation/accumulation,remaining_5256,1aaf9637dfa975137830ec278ae9ded4ec65beab5d92a0db5089a887ab994c8e,325,195,9,15,201,24,0.2546754407313143,0.2540865803604706,-0.0005888603708437135,0.0005888603708437135,TOWARD_REFERENCE,0.046153846153846156,MINOR,1,210,,,e40969c28b7c21fbe6a6bef4700ac4f4ac8c2b83ac757e460347ef4d54c6fd1a,0.2738319111258226,0.20360598917783246,0.59375,-6,True,1191
SB3183,Lower gastrointestinal haemorrhage,vascular wall and hemostatic integrity structure,vascular or tissue integrity breach with blood extravasation/accumulation,remaining_5256,1aaf9637dfa975137830ec278ae9ded4ec65beab5d92a0db5089a887ab994c8e,325,195,9,15,201,24,0.2546754407313143,0.2540865803604706,-0.0005888603708437135,0.0005888603708437135,TOWARD_REFERENCE,0.046153846153846156,MINOR,1,210,,,79e60122c575ce766d7a69e454072890744a8b5edeedcdeb084064760ed700dc,0.2738319111258226,0.20360598917783246,0.59375,-6,True,1192
SB3408,Mouth haemorrhage,vascular wall and hemostatic integrity structure,vascular or tissue integrity breach with blood extravasation/accumulation,remaining_5256,1aaf9637dfa975137830ec278ae9ded4ec65beab5d92a0db5089a887ab994c8e,325,195,9,15,201,24,0.2546754407313143,0.2540865803604706,-0.0005888603708437135,0.0005888603708437135,TOWARD_REFERENCE,0.046153846153846156,MINOR,1,210,,,dd88f973dfe043c1428b40247e9c6af7fca62bfe3e97e9a34bb279198d24afe5,0.2738319111258226,0.20360598917783246,0.59375,-6,True,1193
SB3417,Mucosal bleeding,vascular wall and hemostatic integrity structure,vascular or tissue integrity breach with blood extravasation/accumulation,remaining_5256,1aaf9637dfa975137830ec278ae9ded4ec65beab5d92a0db5089a887ab994c8e,325,195,9,15,201,24,0.2546754407313143,0.2540865803604706,-0.0005888603708437135,0.0005888603708437135,TOWARD_REFERENCE,0.046153846153846156,MINOR,1,210,,,9b6033ed4ae4b7589002b3feb3bdfe12e8b93a4887f14610686d2ce0a531a289,0.2738319111258226,0.20360598917783246,0.59375,-6,True,1194
SB3421,Mucosal haemorrhage,vascular wall and hemostatic integrity structure,vascular or tissue integrity breach with blood extravasation/accumulation,remaining_5256,1aaf9637dfa975137830ec278ae9ded4ec65beab5d92a0db5089a887ab994c8e,325,195,9,15,201,24,0.2546754407313143,0.2540865803604706,-0.0005888603708437135,0.0005888603708437135,TOWARD_REFERENCE,0.046153846153846156,MINOR,1,210,,,d4099bef338fddc59c6e3026691824236034aa3d5e83f375014e77de989636b1,0.2738319111258226,0.20360598917783246,0.59375,-6,True,1195
SB3446,Muscle haemorrhage,vascular wall and hemostatic integrity structure,vascular or tissue integrity breach with blood extravasation/accumulation,remaining_5256,1aaf9637dfa975137830ec278ae9ded4ec65beab5d92a0db5089a887ab994c8e,325,195,9,15,201,24,0.2546754407313143,0.2540865803604706,-0.0005888603708437135,0.0005888603708437135,TOWARD_REFERENCE,0.046153846153846156,MINOR,1,210,,,d4f0f8a52526eb4ee49c8fd39150955370268fb332bd929d55b4aa7b77df98b8,0.2738319111258226,0.20360598917783246,0.59375,-6,True,1196
SB3746,Oesophageal haemorrhage,vascular wall and hemostatic integrity structure,vascular or tissue integrity breach with blood extravasation/accumulation,remaining_5256,1aaf9637dfa975137830ec278ae9ded4ec65beab5d92a0db5089a887ab994c8e,325,195,9,15,201,24,0.2546754407313143,0.2540865803604706,-0.0005888603708437135,0.0005888603708437135,TOWARD_REFERENCE,0.046153846153846156,MINOR,1,210,,,20cef2ce8ae21a38c5528098e74f55a692b46c915ee634a541c45ea99d903a94,0.2738319111258226,0.20360598917783246,0.59375,-6,True,1197
SB3758,Oesophageal varices haemorrhage,vascular wall and hemostatic integrity structure,vascular or tissue integrity breach with blood extravasation/accumulation,remaining_5256,1aaf9637dfa975137830ec278ae9ded4ec65beab5d92a0db5089a887ab994c8e,325,195,9,15,201,24,0.2546754407313143,0.2540865803604706,-0.0005888603708437135,0.0005888603708437135,TOWARD_REFERENCE,0.046153846153846156,MINOR,1,210,,,24e9e956db8b4f47d386f7bad6b0b0d9731e76784df14dcbb1e16801b57f5e68,0.2738319111258226,0.20360598917783246,0.59375,-6,True,1198
SB3779,Operative bleeding,vascular wall and hemostatic integrity structure,vascular or tissue integrity breach with blood extravasation/accumulation,remaining_5256,1aaf9637dfa975137830ec278ae9ded4ec65beab5d92a0db5089a887ab994c8e,325,195,9,15,201,24,0.2546754407313143,0.2540865803604706,-0.0005888603708437135,0.0005888603708437135,TOWARD_REFERENCE,0.046153846153846156,MINOR,1,210,,,09a44d050fb076d2f9350e7965117f82fd37d2111dd4b69a006ddee038f395a1,0.2738319111258226,0.20360598917783246,0.59375,-6,True,1199
SB4020,Pelvic haemorrhage,vascular wall and hemostatic integrity structure,vascular or tissue integrity breach with blood extravasation/accumulation,remaining_5256,1aaf9637dfa975137830ec278ae9ded4ec65beab5d92a0db5089a887ab994c8e,325,195,9,15,201,24,0.2546754407313143,0.2540865803604706,-0.0005888603708437135,0.0005888603708437135,TOWARD_REFERENCE,0.046153846153846156,MINOR,1,210,,,a551165fe02d6cd7e06d4451a8728b269840023793d02069f5179448204aa934,0.2738319111258226,0.20360598917783246,0.59375,-6,True,1200
SB4042,Peptic ulcer haemorrhage,vascular wall and hemostatic integrity structure,vascular or tissue integrity breach with blood extravasation/accumulation,remaining_5256,1aaf9637dfa975137830ec278ae9ded4ec65beab5d92a0db5089a887ab994c8e,325,195,9,15,201,24,0.2546754407313143,0.2540865803604706,-0.0005888603708437135,0.0005888603708437135,TOWARD_REFERENCE,0.046153846153846156,MINOR,1,210,,,34d2476e79916944deb2fa5f00153188444ec1ca0f53a93e3520facf11ab0b4b,0.2738319111258226,0.20360598917783246,0.59375,-6,True,1201
SB4066,Periorbital haematoma,vascular wall and hemostatic integrity structure,vascular or tissue integrity breach with blood extravasation/accumulation,remaining_5256,1aaf9637dfa975137830ec278ae9ded4ec65beab5d92a0db5089a887ab994c8e,325,195,9,15,201,24,0.2546754407313143,0.2540865803604706,-0.0005888603708437135,0.0005888603708437135,TOWARD_REFERENCE,0.046153846153846156,MINOR,1,210,,,66bd0bdaffea1943f222b5c53c48e18a5099b4f79e07e0a4542e9b6579787b8d,0.2738319111258226,0.20360598917783246,0.59375,-6,True,1202
SB4090,Perirenal haematoma,vascular wall and hemostatic integrity structure,vascular or tissue integrity breach with blood extravasation/accumulation,remaining_5256,1aaf9637dfa975137830ec278ae9ded4ec65beab5d92a0db5089a887ab994c8e,325,195,9,15,201,24,0.2546754407313143,0.2540865803604706,-0.0005888603708437135,0.0005888603708437135,TOWARD_REFERENCE,0.046153846153846156,MINOR,1,210,,,07fab60d98a7ee2dd707e48dccb06b52cc819fa4f490a8e633de0468776bcb60,0.2738319111258226,0.20360598917783246,0.59375,-6,True,1203
SB4093,Peritoneal haemorrhage,vascular wall and hemostatic integrity structure,vascular or tissue integrity breach with blood extravasation/accumulation,remaining_5256,1aaf9637dfa975137830ec278ae9ded4ec65beab5d92a0db5089a887ab994c8e,325,195,9,15,201,24,0.2546754407313143,0.2540865803604706,-0.0005888603708437135,0.0005888603708437135,TOWARD_REFERENCE,0.046153846153846156,MINOR,1,210,,,8c5c3a120bf68a88a2438037a651459e38cc2b72a1eb7c6f744795855bb6d42c,0.2738319111258226,0.20360598917783246,0.59375,-6,True,1204
SB4118,Pharyngeal haemorrhage,vascular wall and hemostatic integrity structure,vascular or tissue integrity breach with blood extravasation/accumulation,remaining_5256,1aaf9637dfa975137830ec278ae9ded4ec65beab5d92a0db5089a887ab994c8e,325,195,9,15,201,24,0.2546754407313143,0.2540865803604706,-0.0005888603708437135,0.0005888603708437135,TOWARD_REFERENCE,0.046153846153846156,MINOR,1,210,,,fb819fe66437c12401f22a45f7fdd4eaa8753afef4d50c668a933441851ea34e,0.2738319111258226,0.20360598917783246,0.59375,-6,True,1205
SB4159,Pituitary haemorrhage,vascular wall and hemostatic integrity structure,vascular or tissue integrity breach with blood extravasation/accumulation,remaining_5256,1aaf9637dfa975137830ec278ae9ded4ec65beab5d92a0db5089a887ab994c8e,325,195,9,15,201,24,0.2546754407313143,0.2540865803604706,-0.0005888603708437135,0.0005888603708437135,TOWARD_REFERENCE,0.046153846153846156,MINOR,1,210,,,3cb1fc19bc28877bd04f660b5ad787f3efc44b0a4401367a75ebd79d46f98a7a,0.2738319111258226,0.20360598917783246,0.59375,-6,True,1206
SB4266,Post procedural haematoma,vascular wall and hemostatic integrity structure,vascular or tissue integrity breach with blood extravasation/accumulation,remaining_5256,1aaf9637dfa975137830ec278ae9ded4ec65beab5d92a0db5089a887ab994c8e,325,195,9,15,201,24,0.2546754407313143,0.2540865803604706,-0.0005888603708437135,0.0005888603708437135,TOWARD_REFERENCE,0.046153846153846156,MINOR,1,210,,,cc84230a429489106ed58615e8c05e2088c3c6d1af2118ca66a04167b7e58347,0.2738319111258226,0.20360598917783246,0.59375,-6,True,1207
SB4267,Post procedural haemorrhage,vascular wall and hemostatic integrity structure,vascular or tissue integrity breach with blood extravasation/accumulation,remaining_5256,1aaf9637dfa975137830ec278ae9ded4ec65beab5d92a0db5089a887ab994c8e,325,195,9,15,201,24,0.2546754407313143,0.2540865803604706,-0.0005888603708437135,0.0005888603708437135,TOWARD_REFERENCE,0.046153846153846156,MINOR,1,210,,,fbcef3cba4a74bd69bd3ff97ff2d3ef1bcc139d99242fc230f9feb08059cf629,0.2738319111258226,0.20360598917783246,0.59375,-6,True,1208
SB4288,Postmenopausal haemorrhage,vascular wall and hemostatic integrity structure,vascular or tissue integrity breach with blood extravasation/accumulation,remaining_5256,1aaf9637dfa975137830ec278ae9ded4ec65beab5d92a0db5089a887ab994c8e,325,195,9,15,201,24,0.2546754407313143,0.2540865803604706,-0.0005888603708437135,0.0005888603708437135,TOWARD_REFERENCE,0.046153846153846156,MINOR,1,210,,,62d524bfeb0db2c38f2a821bbddf5894b16f5064f3c155e5c31e843cb3ce81fe,0.2738319111258226,0.20360598917783246,0.59375,-6,True,1209
SB4294,Postoperative hemorrhage,vascular wall and hemostatic integrity structure,vascular or tissue integrity breach with blood extravasation/accumulation,remaining_5256,1aaf9637dfa975137830ec278ae9ded4ec65beab5d92a0db5089a887ab994c8e,325,195,9,15,201,24,0.2546754407313143,0.2540865803604706,-0.0005888603708437135,0.0005888603708437135,TOWARD_REFERENCE,0.046153846153846156,MINOR,1,210,,,bcd423e640c5b9020c144b0b108b22806e708f23b1d1b69300b20cdbfc56884b,0.2738319111258226,0.20360598917783246,0.59375,-6,True,1210
SB4303,Postpartum haemorrhage,vascular wall and hemostatic integrity structure,vascular or tissue integrity breach with blood extravasation/accumulation,remaining_5256,1aaf9637dfa975137830ec278ae9ded4ec65beab5d92a0db5089a887ab994c8e,325,195,9,15,201,24,0.2546754407313143,0.2540865803604706,-0.0005888603708437135,0.0005888603708437135,TOWARD_REFERENCE,0.046153846153846156,MINOR,1,210,,,bb12ce6471b71131e06d3d67a57019e5fae6604bd98449fbbed6005275ed99c9,0.2738319111258226,0.20360598917783246,0.59375,-6,True,1211
SB4339,Procedural haemorrhage,vascular wall and hemostatic integrity structure,vascular or tissue integrity breach with blood extravasation/accumulation,remaining_5256,1aaf9637dfa975137830ec278ae9ded4ec65beab5d92a0db5089a887ab994c8e,325,195,9,15,201,24,0.2546754407313143,0.2540865803604706,-0.0005888603708437135,0.0005888603708437135,TOWARD_REFERENCE,0.046153846153846156,MINOR,1,210,,,dd0b33c101a11c317d4e0ad88cce1c4419843b85ffcb182b8297211044465518,0.2738319111258226,0.20360598917783246,0.59375,-6,True,1212
SB4461,Puncture site haemorrhage,vascular wall and hemostatic integrity structure,vascular or tissue integrity breach with blood extravasation/accumulation,remaining_5256,1aaf9637dfa975137830ec278ae9ded4ec65beab5d92a0db5089a887ab994c8e,325,195,9,15,201,24,0.2546754407313143,0.2540865803604706,-0.0005888603708437135,0.0005888603708437135,TOWARD_REFERENCE,0.046153846153846156,MINOR,1,210,,,d1fafc3da4d55334a744a9ed578f15edbb5e5491ffc2aa700eff8dfd3368301a,0.2738319111258226,0.20360598917783246,0.59375,-6,True,1213
SB4541,Rectal haemorrhage,vascular wall and hemostatic integrity structure,vascular or tissue integrity breach with blood extravasation/accumulation,remaining_5256,1aaf9637dfa975137830ec278ae9ded4ec65beab5d92a0db5089a887ab994c8e,325,195,9,15,201,24,0.2546754407313143,0.2540865803604706,-0.0005888603708437135,0.0005888603708437135,TOWARD_REFERENCE,0.046153846153846156,MINOR,1,210,,,b465bd12770750e48acbd25c8b78f375dd3d2ce36b79e035d5cdcffe6021e9b4,0.2738319111258226,0.20360598917783246,0.59375,-6,True,1214
SB4634,Respiratory tract haemorrhage,vascular wall and hemostatic integrity structure,vascular or tissue integrity breach with blood extravasation/accumulation,remaining_5256,1aaf9637dfa975137830ec278ae9ded4ec65beab5d92a0db5089a887ab994c8e,325,195,9,15,201,24,0.2546754407313143,0.2540865803604706,-0.0005888603708437135,0.0005888603708437135,TOWARD_REFERENCE,0.046153846153846156,MINOR,1,210,,,b948124fe1f6ad385173d8d16a3a6cb8f33661d8e988e11db312105e791daafa,0.2738319111258226,0.20360598917783246,0.59375,-6,True,1215
SB4679,Retroperitoneal haematoma,vascular wall and hemostatic integrity structure,vascular or tissue integrity breach with blood extravasation/accumulation,remaining_5256,1aaf9637dfa975137830ec278ae9ded4ec65beab5d92a0db5089a887ab994c8e,325,195,9,15,201,24,0.2546754407313143,0.2540865803604706,-0.0005888603708437135,0.0005888603708437135,TOWARD_REFERENCE,0.046153846153846156,MINOR,1,210,,,1e8c2ff341821d560cd1ce26dde45bcba289ab87f26c38ced4e31a500c73af60,0.2738319111258226,0.20360598917783246,0.59375,-6,True,1216
SB4680,Retroperitoneal haemorrhage,vascular wall and hemostatic integrity structure,vascular or tissue integrity breach with blood extravasation/accumulation,remaining_5256,1aaf9637dfa975137830ec278ae9ded4ec65beab5d92a0db5089a887ab994c8e,325,195,9,15,201,24,0.2546754407313143,0.2540865803604706,-0.0005888603708437135,0.0005888603708437135,TOWARD_REFERENCE,0.046153846153846156,MINOR,1,210,,,30203551ef92caa1cc24c15189d981c33905e3610d1acd3b1e9fdb76af06baa4,0.2738319111258226,0.20360598917783246,0.59375,-6,True,1217
SB4873,Skin bleeding,vascular wall and hemostatic integrity structure,vascular or tissue integrity breach with blood extravasation/accumulation,remaining_5256,1aaf9637dfa975137830ec278ae9ded4ec65beab5d92a0db5089a887ab994c8e,325,195,9,15,201,24,0.2546754407313143,0.2540865803604706,-0.0005888603708437135,0.0005888603708437135,TOWARD_REFERENCE,0.046153846153846156,MINOR,1,210,,,cbd2198683dd1a66fdd180db13d806dd3e4e618308aeedd803c141272fe23fde,0.2738319111258226,0.20360598917783246,0.59375,-6,True,1218
SB4889,Skin haemorrhage,vascular wall and hemostatic integrity structure,vascular or tissue integrity breach with blood extravasation/accumulation,remaining_5256,1aaf9637dfa975137830ec278ae9ded4ec65beab5d92a0db5089a887ab994c8e,325,195,9,15,201,24,0.2546754407313143,0.2540865803604706,-0.0005888603708437135,0.0005888603708437135,TOWARD_REFERENCE,0.046153846153846156,MINOR,1,210,,,504019c4d05d06e369ff97b62dc32446c0246a58bb0f8f9382dd104ee4f5a6d9,0.2738319111258226,0.20360598917783246,0.59375,-6,True,1219
SB4985,Spinal cord haemorrhage,vascular wall and hemostatic integrity structure,vascular or tissue integrity breach with blood extravasation/accumulation,remaining_5256,1aaf9637dfa975137830ec278ae9ded4ec65beab5d92a0db5089a887ab994c8e,325,195,9,15,201,24,0.2546754407313143,0.2540865803604706,-0.0005888603708437135,0.0005888603708437135,TOWARD_REFERENCE,0.046153846153846156,MINOR,1,210,,,41979b1b332b950af0422abffb903187b47ff3c185f9d00c54c01efc63d31f3f,0.2738319111258226,0.20360598917783246,0.59375,-6,True,1220
SB4989,Spinal epidural haematoma,vascular wall and hemostatic integrity structure,vascular or tissue integrity breach with blood extravasation/accumulation,remaining_5256,1aaf9637dfa975137830ec278ae9ded4ec65beab5d92a0db5089a887ab994c8e,325,195,9,15,201,24,0.2546754407313143,0.2540865803604706,-0.0005888603708437135,0.0005888603708437135,TOWARD_REFERENCE,0.046153846153846156,MINOR,1,210,,,c99b8fcef7d16c7911b28bd834b71b5587b38cf6b80e33ed04b9db43ed748c31,0.2738319111258226,0.20360598917783246,0.59375,-6,True,1221
SB4991,Spinal haematoma,vascular wall and hemostatic integrity structure,vascular or tissue integrity breach with blood extravasation/accumulation,remaining_5256,1aaf9637dfa975137830ec278ae9ded4ec65beab5d92a0db5089a887ab994c8e,325,195,9,15,201,24,0.2546754407313143,0.2540865803604706,-0.0005888603708437135,0.0005888603708437135,TOWARD_REFERENCE,0.046153846153846156,MINOR,1,210,,,aaee159efb1a5cc74f6ecabf37fe322f329fe9d683f01d02388449e19f5f6594,0.2738319111258226,0.20360598917783246,0.59375,-6,True,1222
SB5061,Subarachnoid haemorrhage,vascular wall and hemostatic integrity structure,vascular or tissue integrity breach with blood extravasation/accumulation,remaining_5256,1aaf9637dfa975137830ec278ae9ded4ec65beab5d92a0db5089a887ab994c8e,325,195,9,15,201,24,0.2546754407313143,0.2540865803604706,-0.0005888603708437135,0.0005888603708437135,TOWARD_REFERENCE,0.046153846153846156,MINOR,1,210,,,a3b2b5a6840595457bbd1d7ebff08241e73be776ce95f90e65919ca04fc76cf9,0.2738319111258226,0.20360598917783246,0.59375,-6,True,1223
SB5065,Subcutaneous bleeding,vascular wall and hemostatic integrity structure,vascular or tissue integrity breach with blood extravasation/accumulation,remaining_5256,1aaf9637dfa975137830ec278ae9ded4ec65beab5d92a0db5089a887ab994c8e,325,195,9,15,201,24,0.2546754407313143,0.2540865803604706,-0.0005888603708437135,0.0005888603708437135,TOWARD_REFERENCE,0.046153846153846156,MINOR,1,210,,,8441a6cda59cce1bca7f1aca13e365c33d7cde694915a185fd98f3ea5ffe8ee0,0.2738319111258226,0.20360598917783246,0.59375,-6,True,1224
SB5066,Subcutaneous haematoma,vascular wall and hemostatic integrity structure,vascular or tissue integrity breach with blood extravasation/accumulation,remaining_5256,1aaf9637dfa975137830ec278ae9ded4ec65beab5d92a0db5089a887ab994c8e,325,195,9,15,201,24,0.2546754407313143,0.2540865803604706,-0.0005888603708437135,0.0005888603708437135,TOWARD_REFERENCE,0.046153846153846156,MINOR,1,210,,,80e6a56afd29e2e1a6398599a910bc0ef604fd6428b1e2e2112653427d8c2122,0.2738319111258226,0.20360598917783246,0.59375,-6,True,1225
SB5068,Subdural haematoma,vascular wall and hemostatic integrity structure,vascular or tissue integrity breach with blood extravasation/accumulation,remaining_5256,1aaf9637dfa975137830ec278ae9ded4ec65beab5d92a0db5089a887ab994c8e,325,195,9,15,201,24,0.2546754407313143,0.2540865803604706,-0.0005888603708437135,0.0005888603708437135,TOWARD_REFERENCE,0.046153846153846156,MINOR,1,210,,,f200c63e1179d897e95f82ddb55487cd311663d87a64ea2ee9f2eb1a4d668757,0.2738319111258226,0.20360598917783246,0.59375,-6,True,1226
SB5326,Traumatic haematoma,vascular wall and hemostatic integrity structure,vascular or tissue integrity breach with blood extravasation/accumulation,remaining_5256,1aaf9637dfa975137830ec278ae9ded4ec65beab5d92a0db5089a887ab994c8e,325,195,9,15,201,24,0.2546754407313143,0.2540865803604706,-0.0005888603708437135,0.0005888603708437135,TOWARD_REFERENCE,0.046153846153846156,MINOR,1,210,,,28a7ff51e263e0de7527f6ac626c9b405b2f2e153b03196a72b88e352aa790cf,0.2738319111258226,0.20360598917783246,0.59375,-6,True,1227
SB5327,Traumatic haemorrhage,vascular wall and hemostatic integrity structure,vascular or tissue integrity breach with blood extravasation/accumulation,remaining_5256,1aaf9637dfa975137830ec278ae9ded4ec65beab5d92a0db5089a887ab994c8e,325,195,9,15,201,24,0.2546754407313143,0.2540865803604706,-0.0005888603708437135,0.0005888603708437135,TOWARD_REFERENCE,0.046153846153846156,MINOR,1,210,,,c0e2aa290d4985e660cb25ef4fd9e4af43d3314b801341761e61a9553f362293,0.2738319111258226,0.20360598917783246,0.59375,-6,True,1228
SB5353,Tumour haemorrhage,vascular wall and hemostatic integrity structure,vascular or tissue integrity breach with blood extravasation/accumulation,remaining_5256,1aaf9637dfa975137830ec278ae9ded4ec65beab5d92a0db5089a887ab994c8e,325,195,9,15,201,24,0.2546754407313143,0.2540865803604706,-0.0005888603708437135,0.0005888603708437135,TOWARD_REFERENCE,0.046153846153846156,MINOR,1,210,,,0aa88ea931007e4b67a7f45e11bf024d06d1b18765d821192210b2b50976b701,0.2738319111258226,0.20360598917783246,0.59375,-6,True,1229
SB5371,Ulcer haemorrhage,vascular wall and hemostatic integrity structure,vascular or tissue integrity breach with blood extravasation/accumulation,remaining_5256,1aaf9637dfa975137830ec278ae9ded4ec65beab5d92a0db5089a887ab994c8e,325,195,9,15,201,24,0.2546754407313143,0.2540865803604706,-0.0005888603708437135,0.0005888603708437135,TOWARD_REFERENCE,0.046153846153846156,MINOR,1,210,,,fe6ccb466c02dd983584e5ec966626d5dc0bfa76fd79a73ce428f8182148699b,0.2738319111258226,0.20360598917783246,0.59375,-6,True,1230
SB5398,Upper gastrointestinal haemorrhage,vascular wall and hemostatic integrity structure,vascular or tissue integrity breach with blood extravasation/accumulation,remaining_5256,1aaf9637dfa975137830ec278ae9ded4ec65beab5d92a0db5089a887ab994c8e,325,195,9,15,201,24,0.2546754407313143,0.2540865803604706,-0.0005888603708437135,0.0005888603708437135,TOWARD_REFERENCE,0.046153846153846156,MINOR,1,210,,,f155b9519b4ade7ad6351e6fbb473f902bb24fde710a9d9e0678ec25a9582def,0.2738319111258226,0.20360598917783246,0.59375,-6,True,1231
SB5418,Urethral haemorrhage,vascular wall and hemostatic integrity structure,vascular or tissue integrity breach with blood extravasation/accumulation,remaining_5256,1aaf9637dfa975137830ec278ae9ded4ec65beab5d92a0db5089a887ab994c8e,325,195,9,15,201,24,0.2546754407313143,0.2540865803604706,-0.0005888603708437135,0.0005888603708437135,TOWARD_REFERENCE,0.046153846153846156,MINOR,1,210,,,d80d7614b1231050f09e12177138f934bd2f71760c876553bd4ee03de903274f,0.2738319111258226,0.20360598917783246,0.59375,-6,True,1232
SB5457,Urogenital haemorrhage,vascular wall and hemostatic integrity structure,vascular or tissue integrity breach with blood extravasation/accumulation,remaining_5256,1aaf9637dfa975137830ec278ae9ded4ec65beab5d92a0db5089a887ab994c8e,325,195,9,15,201,24,0.2546754407313143,0.2540865803604706,-0.0005888603708437135,0.0005888603708437135,TOWARD_REFERENCE,0.046153846153846156,MINOR,1,210,,,febbcf840e777d05fcad8caf4aff66c585a62102cce52b5c7fcf9e628fb047a6,0.2738319111258226,0.20360598917783246,0.59375,-6,True,1233
SB5563,Venipuncture site hemorrhage,vascular wall and hemostatic integrity structure,vascular or tissue integrity breach with blood extravasation/accumulation,remaining_5256,1aaf9637dfa975137830ec278ae9ded4ec65beab5d92a0db5089a887ab994c8e,325,195,9,15,201,24,0.2546754407313143,0.2540865803604706,-0.0005888603708437135,0.0005888603708437135,TOWARD_REFERENCE,0.046153846153846156,MINOR,1,210,,,f22d2311f9610f6c269ea1fe7983dcdd4995c3aa2f51c1eecd76346b15ca2bc1,0.2738319111258226,0.20360598917783246,0.59375,-6,True,1234
SB5595,Vessel puncture site haematoma,vascular wall and hemostatic integrity structure,vascular or tissue integrity breach with blood extravasation/accumulation,remaining_5256,1aaf9637dfa975137830ec278ae9ded4ec65beab5d92a0db5089a887ab994c8e,325,195,9,15,201,24,0.2546754407313143,0.2540865803604706,-0.0005888603708437135,0.0005888603708437135,TOWARD_REFERENCE,0.046153846153846156,MINOR,1,210,,,5511b921e2618c7f3332c6eab60173e6569eba0ac2f7ad59ba9901d2b6563b2a,0.2738319111258226,0.20360598917783246,0.59375,-6,True,1235
SB5596,Vessel puncture site haemorrhage,vascular wall and hemostatic integrity structure,vascular or tissue integrity breach with blood extravasation/accumulation,remaining_5256,1aaf9637dfa975137830ec278ae9ded4ec65beab5d92a0db5089a887ab994c8e,325,195,9,15,201,24,0.2546754407313143,0.2540865803604706,-0.0005888603708437135,0.0005888603708437135,TOWARD_REFERENCE,0.046153846153846156,MINOR,1,210,,,11ee755736300f5bcd4f6ac3cd961e5f60010d6dc61d26f0f78347106042b1ad,0.2738319111258226,0.20360598917783246,0.59375,-6,True,1236
SB5632,Vitreous haemorrhage,vascular wall and hemostatic integrity structure,vascular or tissue integrity breach with blood extravasation/accumulation,remaining_5256,1aaf9637dfa975137830ec278ae9ded4ec65beab5d92a0db5089a887ab994c8e,325,195,9,15,201,24,0.2546754407313143,0.2540865803604706,-0.0005888603708437135,0.0005888603708437135,TOWARD_REFERENCE,0.046153846153846156,MINOR,1,210,,,0e4fa7f80beb1cd8630245b8d209f8c5c799dbe6bd656b6a92260c7060d0e795,0.2738319111258226,0.20360598917783246,0.59375,-6,True,1237
SB5712,Wound haemorrhage,vascular wall and hemostatic integrity structure,vascular or tissue integrity breach with blood extravasation/accumulation,remaining_5256,1aaf9637dfa975137830ec278ae9ded4ec65beab5d92a0db5089a887ab994c8e,325,195,9,15,201,24,0.2546754407313143,0.2540865803604706,-0.0005888603708437135,0.0005888603708437135,TOWARD_REFERENCE,0.046153846153846156,MINOR,1,210,,,49fdaf299d268af133aa0e25a0f3417ed90d1d335a6ce7fc7eb9cc5bd2954724,0.2738319111258226,0.20360598917783246,0.59375,-6,True,1238
SB0184,Advanced breast cancer,"mammary gland ductal-lobular, secretory, and surface structure",loss of normal proliferative/differentiation constraint with clonal tissue expansion and architectural replacement,established_478,a56c3d331f7c29919296167e380186c0304e439500312a8e274904a023fc5dea,231,111,20,9,100,29,0.15223193411295277,0.15531910540149707,0.0030871712885442992,0.0030871712885442992,AWAY_FROM_REFERENCE,0.03896103896103896,MINOR,1,223,,,3d5cdf3fd63488728815e1ec8d497910db36265d28b0809faeb70256c61df231,0.2733970505125294,0.21336530550308463,0.546875,11,True,1239
SB0584,Benign breast neoplasm,"mammary gland ductal-lobular, secretory, and surface structure",loss of normal proliferative/differentiation constraint with clonal tissue expansion and architectural replacement,remaining_5256,a56c3d331f7c29919296167e380186c0304e439500312a8e274904a023fc5dea,231,111,20,9,100,29,0.15223193411295277,0.15531910540149707,0.0030871712885442992,0.0030871712885442992,AWAY_FROM_REFERENCE,0.03896103896103896,MINOR,1,223,,,e257adba0da46d9b1ef53b758012adc810a1b77b9c159fa85878d07d316e9f64,0.2733970505125294,0.21336530550308463,0.546875,11,True,1240
SB0818,Breast cancer,"mammary gland ductal-lobular, secretory, and surface structure",loss of normal proliferative/differentiation constraint with clonal tissue expansion and architectural replacement,remaining_5256,a56c3d331f7c29919296167e380186c0304e439500312a8e274904a023fc5dea,231,111,20,9,100,29,0.15223193411295277,0.15531910540149707,0.0030871712885442992,0.0030871712885442992,AWAY_FROM_REFERENCE,0.03896103896103896,MINOR,1,223,,,1fc125e891b16dd0adfb22ad90e0e8a8cc789399ef0bcfeacd58209c1a9f59b2,0.2733970505125294,0.21336530550308463,0.546875,11,True,1241
SB0819,Breast cancer female,"mammary gland ductal-lobular, secretory, and surface structure",loss of normal proliferative/differentiation constraint with clonal tissue expansion and architectural replacement,remaining_5256,a56c3d331f7c29919296167e380186c0304e439500312a8e274904a023fc5dea,231,111,20,9,100,29,0.15223193411295277,0.15531910540149707,0.0030871712885442992,0.0030871712885442992,AWAY_FROM_REFERENCE,0.03896103896103896,MINOR,1,223,,,44b040e17f1b8f053d765624f0d00ad81f1ad11d045d1fb97fdbcf0743dc66bc,0.2733970505125294,0.21336530550308463,0.546875,11,True,1242
SB0820,Breast cancer invasive NOS,"mammary gland ductal-lobular, secretory, and surface structure",loss of normal proliferative/differentiation constraint with clonal tissue expansion and architectural replacement,remaining_5256,a56c3d331f7c29919296167e380186c0304e439500312a8e274904a023fc5dea,231,111,20,9,100,29,0.15223193411295277,0.15531910540149707,0.0030871712885442992,0.0030871712885442992,AWAY_FROM_REFERENCE,0.03896103896103896,MINOR,1,223,,,f916d8e4104a31a8eb4839679951959ce92307c5dcf0223fc5b86b000d66e199,0.2733970505125294,0.21336530550308463,0.546875,11,True,1243
SB0821,Breast cancer male,"mammary gland ductal-lobular, secretory, and surface structure",loss of normal proliferative/differentiation constraint with clonal tissue expansion and architectural replacement,remaining_5256,a56c3d331f7c29919296167e380186c0304e439500312a8e274904a023fc5dea,231,111,20,9,100,29,0.15223193411295277,0.15531910540149707,0.0030871712885442992,0.0030871712885442992,AWAY_FROM_REFERENCE,0.03896103896103896,MINOR,1,223,,,d97c761b371a675b6c12ce47d638bc16db25cf102d6265ad84641d1700ad1edd,0.2733970505125294,0.21336530550308463,0.546875,11,True,1244
SB0822,Breast cancer stage IV,"mammary gland ductal-lobular, secretory, and surface structure",loss of normal proliferative/differentiation constraint with clonal tissue expansion and architectural replacement,remaining_5256,a56c3d331f7c29919296167e380186c0304e439500312a8e274904a023fc5dea,231,111,20,9,100,29,0.15223193411295277,0.15531910540149707,0.0030871712885442992,0.0030871712885442992,AWAY_FROM_REFERENCE,0.03896103896103896,MINOR,1,223,,,98ecfdc8ff1869ee488ee921c14ac061cabc4450d6970fa2f604c253ec39f28e,0.2733970505125294,0.21336530550308463,0.546875,11,True,1245
SB0836,Breast neoplasm,"mammary gland ductal-lobular, secretory, and surface structure",loss of normal proliferative/differentiation constraint with clonal tissue expansion and architectural replacement,remaining_5256,a56c3d331f7c29919296167e380186c0304e439500312a8e274904a023fc5dea,231,111,20,9,100,29,0.15223193411295277,0.15531910540149707,0.0030871712885442992,0.0030871712885442992,AWAY_FROM_REFERENCE,0.03896103896103896,MINOR,1,223,,,b899f03d03969e3f25139c529396d2163494afd53580b6b4f851c5c64d90a634,0.2733970505125294,0.21336530550308463,0.546875,11,True,1246
SB0837,Breast neoplasm NOS male,"mammary gland ductal-lobular, secretory, and surface structure",loss of normal proliferative/differentiation constraint with clonal tissue expansion and architectural replacement,remaining_5256,a56c3d331f7c29919296167e380186c0304e439500312a8e274904a023fc5dea,231,111,20,9,100,29,0.15223193411295277,0.15531910540149707,0.0030871712885442992,0.0030871712885442992,AWAY_FROM_REFERENCE,0.03896103896103896,MINOR,1,223,,,34d906bdb8d0c4283a1019cd9d84c75fed8db1d177c3852109c1d6669dfad7a1,0.2733970505125294,0.21336530550308463,0.546875,11,True,1247
SB0838,Breast neoplasm benign female,"mammary gland ductal-lobular, secretory, and surface structure",loss of normal proliferative/differentiation constraint with clonal tissue expansion and architectural replacement,remaining_5256,a56c3d331f7c29919296167e380186c0304e439500312a8e274904a023fc5dea,231,111,20,9,100,29,0.15223193411295277,0.15531910540149707,0.0030871712885442992,0.0030871712885442992,AWAY_FROM_REFERENCE,0.03896103896103896,MINOR,1,223,,,6a93eb988198577682469b6e260864f1094095437f818b436d2665548d3cea6e,0.2733970505125294,0.21336530550308463,0.546875,11,True,1248
SB0940,Carcinoma breast,"mammary gland ductal-lobular, secretory, and surface structure",loss of normal proliferative/differentiation constraint with clonal tissue expansion and architectural replacement,remaining_5256,a56c3d331f7c29919296167e380186c0304e439500312a8e274904a023fc5dea,231,111,20,9,100,29,0.15223193411295277,0.15531910540149707,0.0030871712885442992,0.0030871712885442992,AWAY_FROM_REFERENCE,0.03896103896103896,MINOR,1,223,,,5be1278b4e29b4b15a46c324eee204e4c806b4b85bbfd52167ae46a1b3aee0f6,0.2733970505125294,0.21336530550308463,0.546875,11,True,1249
SB3356,Microalbuminuria,renal glomerular-tubular filtration and fluid-balance structure,"abnormal presence, concentration, or excretion of the named material in urine",remaining_5256,919df078093ab0eac03dafd9c860c653e78457586c2200425358b67ee08ebd24,91,30,2,6,34,8,0.17188832397663334,0.16472781779786394,-0.007160506178769399,0.007160506178769399,TOWARD_REFERENCE,0.06593406593406594,MINOR,1,231,,,416bd7762551a195e7b26605e57e4fabd08fa61b2c5cd7c5e7c0c12f878727c2,0.2733424798333938,0.21329875589438274,0.546875,-4,True,1250
SB4380,Proteinuria,renal glomerular-tubular filtration and fluid-balance structure,"abnormal presence, concentration, or excretion of the named material in urine",remaining_5256,919df078093ab0eac03dafd9c860c653e78457586c2200425358b67ee08ebd24,91,30,2,6,34,8,0.17188832397663334,0.16472781779786394,-0.007160506178769399,0.007160506178769399,TOWARD_REFERENCE,0.06593406593406594,MINOR,1,231,,,bd272560aa91f172279da6b3399c0d7b8a290f3e418dfb1d444f1a1999e89aa4,0.2733424798333938,0.21329875589438274,0.546875,-4,True,1251
SB3532,Nail pigmentation,"nail matrix, plate-production, and periungual structure","altered configuration or regulated output of the named structure, expressed as the state described by nail pigmentation",remaining_5256,86ecba3146294e66ad1deac4bbac35004991fe2038a536a2ac10cecf609cf896,36,12,4,0,8,4,0.12137580604655462,0.13175961982433282,0.010383813777778195,0.010383813777778195,AWAY_FROM_REFERENCE,0.0,INFORMATIONAL,0,230,,,afa357feccd9d1197bc467553065a6e5e2ed6cbfd7b0f9a94bdb8393b4a82f8c,0.2733310893232078,0.20471016990635105,0.5859375,4,True,1252
SB2186,Gastritis viral,"gastric mucosal barrier, secretory state, motility, and emptying structure",pathogen-associated occupation/invasion with host-defense activation and local structural disruption,remaining_5256,fea61180b4c6a4aa8887c9bd861b0a59b776ec5a0a3f1ab97f47832af7e6faf5,1653,633,84,51,600,135,0.15550736110818564,0.15221448196146503,-0.0032928791467206064,0.0032928791467206064,TOWARD_REFERENCE,0.030852994555353903,MINOR,1,98,,,ac7a5c99b283877a38560d3fd8aa032a2831f77d716b2bf74ca1db37382fdcbc,0.2732505176932629,0.20632685084544256,0.578125,33,True,1253
SB4451,Pulmonary vasculitis,"pulmonary airway-alveolar, pleural, and gas-exchange structure","localized or systemic inflammatory activation with altered barrier, vascular, and cellular organization",remaining_5256,30e39182b7cd1fa861a2669c23b7223963a544ada51bfbb67330012fb138f498,36,16,1,0,15,1,0.1983031933668432,0.19423692012437388,-0.0040662732424693315,0.0040662732424693315,TOWARD_REFERENCE,0.0,INFORMATIONAL,0,231,,,0bb218ec84032311b7eab3cb98d3dbffca61d026846ae1a26623242e70c348c6,0.27323522204675305,0.2080231366423818,0.5703125,1,True,1254
SB0823,Breast cyst,"mammary gland ductal-lobular, secretory, and surface structure",abnormal enclosed fluid or semisolid cavity within the named tissue,remaining_5256,30e5a51453313f48149bfd03a4a31711faeab9c8dfc8f8fa05441216f020436c,231,106,9,16,113,25,0.17598398400165172,0.17673770043328774,0.0007537164316360201,0.0007537164316360201,AWAY_FROM_REFERENCE,0.06926406926406926,MINOR,1,223,,,1f217ac8a1c98de315b66965bf10ba8659205eca1dbf13a44fc3890f85e9d84f,0.27320980178891385,0.20799213632794378,0.5703125,-7,True,1255
SB1941,Extremity necrosis,"regional limb musculoskeletal, neurovascular, and skin structure",loss of cellular viability with local tissue structural breakdown,remaining_5256,29cbd4e2c71c9cfd73a12618e06d678f1dc67607a1cd8b0a906b3d7d60718120,21,6,1,3,8,4,0.16002411592419885,0.16202016006600706,0.0019960441418082064,0.0019960441418082064,AWAY_FROM_REFERENCE,0.14285714285714285,MINOR,1,223,,,bd233bf6cef0783f5e2190d09d2c69a289f0866148d3424120da18e29e5ce9a0,0.2731994131218531,0.2096944062461623,0.5625,-2,True,1256
SB0942,Carcinoma of lung,"pulmonary airway-alveolar, pleural, and gas-exchange structure",loss of normal proliferative/differentiation constraint with clonal tissue expansion and architectural replacement,remaining_5256,01a6394f55f4a6e2ce74329e226586704ab34ef933a7283ae80cfc620ff63cc9,36,17,2,0,15,2,0.2042730535257693,0.20050435401392064,-0.003768699511848661,0.003768699511848661,TOWARD_REFERENCE,0.0,INFORMATIONAL,0,231,,,a943388a4983a17834dd782d13234258adc64ec4edb37d8b876a1b04850f9dca,0.2731077049460059,0.20958256700732425,0.5625,2,True,1257
SB3191,Lung cancer metastatic,"pulmonary airway-alveolar, pleural, and gas-exchange structure",loss of normal proliferative/differentiation constraint with clonal tissue expansion and architectural replacement,remaining_5256,01a6394f55f4a6e2ce74329e226586704ab34ef933a7283ae80cfc620ff63cc9,36,17,2,0,15,2,0.2042730535257693,0.20050435401392064,-0.003768699511848661,0.003768699511848661,TOWARD_REFERENCE,0.0,INFORMATIONAL,0,231,,,6e10c4ab02cf6b472353f20cb9f04a24912e8d3910d37553fdf375576cdf0491,0.2731077049460059,0.20958256700732425,0.5625,2,True,1258
SB3196,Lung neoplasm,"pulmonary airway-alveolar, pleural, and gas-exchange structure",loss of normal proliferative/differentiation constraint with clonal tissue expansion and architectural replacement,remaining_5256,01a6394f55f4a6e2ce74329e226586704ab34ef933a7283ae80cfc620ff63cc9,36,17,2,0,15,2,0.2042730535257693,0.20050435401392064,-0.003768699511848661,0.003768699511848661,TOWARD_REFERENCE,0.0,INFORMATIONAL,0,231,,,7857b830752a7abaa94fae9af621f58d8082f2a9805555da199d46316106b78d,0.2731077049460059,0.20958256700732425,0.5625,2,True,1259
SB3197,Lung neoplasm malignant,"pulmonary airway-alveolar, pleural, and gas-exchange structure",loss of normal proliferative/differentiation constraint with clonal tissue expansion and architectural replacement,remaining_5256,01a6394f55f4a6e2ce74329e226586704ab34ef933a7283ae80cfc620ff63cc9,36,17,2,0,15,2,0.2042730535257693,0.20050435401392064,-0.003768699511848661,0.003768699511848661,TOWARD_REFERENCE,0.0,INFORMATIONAL,0,231,,,6409582628ceee972d432cc042eeaf7b892cdcbc482616e6d60b538d4a7b4890,0.2731077049460059,0.20958256700732425,0.5625,2,True,1260
SB3683,Non-small cell lung cancer,"pulmonary airway-alveolar, pleural, and gas-exchange structure",loss of normal proliferative/differentiation constraint with clonal tissue expansion and architectural replacement,remaining_5256,01a6394f55f4a6e2ce74329e226586704ab34ef933a7283ae80cfc620ff63cc9,36,17,2,0,15,2,0.2042730535257693,0.20050435401392064,-0.003768699511848661,0.003768699511848661,TOWARD_REFERENCE,0.0,INFORMATIONAL,0,231,,,49fda5eb6b9871b710d569290b9cc05ac76c2afc8d867b114d2892c77bc93c5d,0.2731077049460059,0.20958256700732425,0.5625,2,True,1261
SB4441,Pulmonary lymphoma,"pulmonary airway-alveolar, pleural, and gas-exchange structure",loss of normal proliferative/differentiation constraint with clonal tissue expansion and architectural replacement,remaining_5256,01a6394f55f4a6e2ce74329e226586704ab34ef933a7283ae80cfc620ff63cc9,36,17,2,0,15,2,0.2042730535257693,0.20050435401392064,-0.003768699511848661,0.003768699511848661,TOWARD_REFERENCE,0.0,INFORMATIONAL,0,231,,,d00698d4693da3180a0e9a619379416dc934b225c46f0ae93d6bd645afbf3f6d,0.2731077049460059,0.20958256700732425,0.5625,2,True,1262
SB4936,Small cell lung cancer,"pulmonary airway-alveolar, pleural, and gas-exchange structure",loss of normal proliferative/differentiation constraint with clonal tissue expansion and architectural replacement,remaining_5256,01a6394f55f4a6e2ce74329e226586704ab34ef933a7283ae80cfc620ff63cc9,36,17,2,0,15,2,0.2042730535257693,0.20050435401392064,-0.003768699511848661,0.003768699511848661,TOWARD_REFERENCE,0.0,INFORMATIONAL,0,231,,,12fb42804b0438a68a470d9407f1f5493a50df1cbb32d4bc5736afe2427a122b,0.2731077049460059,0.20958256700732425,0.5625,2,True,1263
SB5015,Squamous cell carcinoma of lung,"pulmonary airway-alveolar, pleural, and gas-exchange structure",loss of normal proliferative/differentiation constraint with clonal tissue expansion and architectural replacement,remaining_5256,01a6394f55f4a6e2ce74329e226586704ab34ef933a7283ae80cfc620ff63cc9,36,17,2,0,15,2,0.2042730535257693,0.20050435401392064,-0.003768699511848661,0.003768699511848661,TOWARD_REFERENCE,0.0,INFORMATIONAL,0,231,,,48ee746835c3ef8ddd22a6abb44683af688d37c412705c175e0eb954da594b05,0.2731077049460059,0.20958256700732425,0.5625,2,True,1264
SB1839,Eosinophilic myocarditis,myocardial cellular viability and tissue-integrity structure,"localized inflammatory activation with cellular infiltration, vascular change, and tissue-function perturbation",remaining_5256,181bd0a576fe0d03b8ca2877a76976a17ffc375bd5ce13925f5b2dc4d4d9d254,21,11,3,2,10,5,0.14331245939864323,0.14059156009052032,-0.002720899308122915,0.002720899308122915,TOWARD_REFERENCE,0.09523809523809523,MINOR,1,231,,,e41d8b33a934a9102473c9c2415f376f353195cc5a3c587eb29ee18b735d6423,0.2730927817318732,0.21127930699008923,0.5546875,1,True,1265
SB3503,Myocarditis,myocardial cellular viability and tissue-integrity structure,"localized inflammatory activation with cellular infiltration, vascular change, and tissue-function perturbation",remaining_5256,181bd0a576fe0d03b8ca2877a76976a17ffc375bd5ce13925f5b2dc4d4d9d254,21,11,3,2,10,5,0.14331245939864323,0.14059156009052032,-0.002720899308122915,0.002720899308122915,TOWARD_REFERENCE,0.09523809523809523,MINOR,1,231,,,cdd1af3927c9a3ae6ee70e5dfc083f4df9e88b0889d35d196c8f7125032b6bd7,0.2730927817318732,0.21127930699008923,0.5546875,1,True,1266
SB3512,Myopericarditis,myocardial cellular viability and tissue-integrity structure,"localized inflammatory activation with cellular infiltration, vascular change, and tissue-function perturbation",remaining_5256,181bd0a576fe0d03b8ca2877a76976a17ffc375bd5ce13925f5b2dc4d4d9d254,21,11,3,2,10,5,0.14331245939864323,0.14059156009052032,-0.002720899308122915,0.002720899308122915,TOWARD_REFERENCE,0.09523809523809523,MINOR,1,231,,,8e2efc57952bb28677c3e71fad8918e66ab94028c4d5912291b2763b9d9ae022,0.2730927817318732,0.21127930699008923,0.5546875,1,True,1267
SB3994,Paronychia,"nail matrix, plate-production, and periungual structure","altered configuration or regulated output of the named structure, expressed as the state described by paronychia",remaining_5256,290d332c3625ee9f01bd69e41c6435383f931fbee2bf14205e5557fe33ee0a40,36,9,2,1,8,3,0.12244293499627334,0.13132975850941908,0.008886823513145736,0.008886823513145736,AWAY_FROM_REFERENCE,0.027777777777777776,MINOR,1,230,,,9ee4b98e5c06e849fa94c8df56dbe8012d98cb9119a82d1b27b5f651dd079a54,0.2730732033527954,0.2061106138448724,0.578125,1,True,1268
SB3266,Mastitis,mammary ductal-lobular and local immune structure,"localized inflammatory activation with cellular infiltration, vascular change, and tissue-function perturbation",remaining_5256,f208a3a669a87b9bad4d4828991bf034a7a5fcdaec8bb8e312d2f0a2a866dd03,21,5,1,0,4,1,0.19712077190654054,0.19941374784946098,0.002292975942920439,0.002292975942920439,AWAY_FROM_REFERENCE,0.0,INFORMATIONAL,0,231,,,4529c62236383b2e8e742f74664144445523c38c6cb9e128ed2f63f4aabc6022,0.273062378177218,0.20095259533807075,0.6015625,1,True,1269
SB3267,Mastitis acute female,mammary ductal-lobular and local immune structure,"localized inflammatory activation with cellular infiltration, vascular change, and tissue-function perturbation",remaining_5256,f208a3a669a87b9bad4d4828991bf034a7a5fcdaec8bb8e312d2f0a2a866dd03,21,5,1,0,4,1,0.19712077190654054,0.19941374784946098,0.002292975942920439,0.002292975942920439,AWAY_FROM_REFERENCE,0.0,INFORMATIONAL,0,231,,,cc8d59cbdefa76458dab04bef0306bbb08488de16fa4f069541cc7ade50dbab1,0.273062378177218,0.20095259533807075,0.6015625,1,True,1270
SB0690,Blood creatinine increased,renal glomerular-tubular filtration and fluid-balance structure,measured or functional quantity shifted above its reference structural range,remaining_5256,c6d886192100e101bccce0748b515da707d43c53ee08b367cfe8f588cca27019,91,28,2,6,32,8,0.16635711044501267,0.1634641614910275,-0.002892948953985175,0.002892948953985175,TOWARD_REFERENCE,0.06593406593406594,MINOR,1,231,,,6d607f294872cafe04f7d5709f1ad3338e4ec2a439529c54eb09dd3ff49ff020,0.27305923242950814,0.20780851515793675,0.5703125,-4,True,1271
SB0756,Blood urea increased,renal glomerular-tubular filtration and fluid-balance structure,measured or functional quantity shifted above its reference structural range,remaining_5256,c6d886192100e101bccce0748b515da707d43c53ee08b367cfe8f588cca27019,91,28,2,6,32,8,0.16635711044501267,0.1634641614910275,-0.002892948953985175,0.002892948953985175,TOWARD_REFERENCE,0.06593406593406594,MINOR,1,231,,,6bece44f6a1bcca6e2c07c21f7725a5e6602b76ba6e96e26c25d5304e38707d7,0.27305923242950814,0.20780851515793675,0.5703125,-4,True,1272
SB1366,Creatinine increased,renal glomerular-tubular filtration and fluid-balance structure,measured or functional quantity shifted above its reference structural range,remaining_5256,c6d886192100e101bccce0748b515da707d43c53ee08b367cfe8f588cca27019,91,28,2,6,32,8,0.16635711044501267,0.1634641614910275,-0.002892948953985175,0.002892948953985175,TOWARD_REFERENCE,0.06593406593406594,MINOR,1,231,,,01ba308479e7f4c1dd6e247cea2a62c6ccfa2e21c017a60747a4849017e5d2e2,0.27305923242950814,0.20780851515793675,0.5703125,-4,True,1273
SB4174,Plasma creatinine increased,renal glomerular-tubular filtration and fluid-balance structure,measured or functional quantity shifted above its reference structural range,remaining_5256,c6d886192100e101bccce0748b515da707d43c53ee08b367cfe8f588cca27019,91,28,2,6,32,8,0.16635711044501267,0.1634641614910275,-0.002892948953985175,0.002892948953985175,TOWARD_REFERENCE,0.06593406593406594,MINOR,1,231,,,bf369bead3146fc196596ab1ad4cddfe51aa470b43b5f6a876fc2cdde9daa7fd,0.27305923242950814,0.20780851515793675,0.5703125,-4,True,1274
SB4810,Serum creatinine increased,renal glomerular-tubular filtration and fluid-balance structure,measured or functional quantity shifted above its reference structural range,remaining_5256,c6d886192100e101bccce0748b515da707d43c53ee08b367cfe8f588cca27019,91,28,2,6,32,8,0.16635711044501267,0.1634641614910275,-0.002892948953985175,0.002892948953985175,TOWARD_REFERENCE,0.06593406593406594,MINOR,1,231,,,0902799107675c064c2e618a4914d22a61801cf2ce2ceacaac0354893e9fd605,0.27305923242950814,0.20780851515793675,0.5703125,-4,True,1275
SB4828,Serum urea increased,renal glomerular-tubular filtration and fluid-balance structure,measured or functional quantity shifted above its reference structural range,remaining_5256,c6d886192100e101bccce0748b515da707d43c53ee08b367cfe8f588cca27019,91,28,2,6,32,8,0.16635711044501267,0.1634641614910275,-0.002892948953985175,0.002892948953985175,TOWARD_REFERENCE,0.06593406593406594,MINOR,1,231,,,447808109f9185256cfce02895dfa1a8716cca46ef10adb915d4ed9006671f65,0.27305923242950814,0.20780851515793675,0.5703125,-4,True,1276
SB5410,Urea increased,renal glomerular-tubular filtration and fluid-balance structure,measured or functional quantity shifted above its reference structural range,remaining_5256,c6d886192100e101bccce0748b515da707d43c53ee08b367cfe8f588cca27019,91,28,2,6,32,8,0.16635711044501267,0.1634641614910275,-0.002892948953985175,0.002892948953985175,TOWARD_REFERENCE,0.06593406593406594,MINOR,1,231,,,9d4eeb370f05d08d512aea44c8425a9057e00fe6d5b50e19605f4555881619d2,0.27305923242950814,0.20780851515793675,0.5703125,-4,True,1277
SB1804,Endocarditis,endocardial-valvular surface and intracardiac flow-interface structure,"localized inflammatory activation with cellular infiltration, vascular change, and tissue-function perturbation",remaining_5256,8538c1d4383d99bf6c8f1371fe9c967b810769191b381f2564ed005aa1998aaf,78,25,2,4,27,6,0.153802404119034,0.15051029900239254,-0.003292105116641464,0.003292105116641464,TOWARD_REFERENCE,0.05128205128205128,MINOR,1,231,,,262523ee4dc9d9fc5fe0d0977fe1416cc5fd2a0120eca5507884489f2fc00045,0.2730437590696331,0.20435976715808912,0.5859375,-2,True,1278
SB5060,Subacute endocarditis,endocardial-valvular surface and intracardiac flow-interface structure,"localized inflammatory activation with cellular infiltration, vascular change, and tissue-function perturbation",remaining_5256,8538c1d4383d99bf6c8f1371fe9c967b810769191b381f2564ed005aa1998aaf,78,25,2,4,27,6,0.153802404119034,0.15051029900239254,-0.003292105116641464,0.003292105116641464,TOWARD_REFERENCE,0.05128205128205128,MINOR,1,231,,,f2abb80ca438b9a577a2a450b3789a808dd2c9816f0d681b6ab7159af4fa71d9,0.2730437590696331,0.20435976715808912,0.5859375,-2,True,1279
SB0562,Bacterial prostatitis,"male gonadal, ductal, accessory-gland, and reproductive-output structure",pathogen-associated occupation/invasion with host-defense activation and local structural disruption,remaining_5256,1bdc03ae559f41da45795bde468370bcc3a49004fbe93038c22bbbef2e8b6e06,190,93,13,8,88,21,0.1403275556549023,0.14202777226047614,0.0017002166055738455,0.0017002166055738455,AWAY_FROM_REFERENCE,0.042105263157894736,MINOR,1,223,,,702c73b446040f8d2447373e033c9d64ee1fffb415059fb33cf7da92d20f0a7a,0.2729797396736605,0.21114145082153724,0.5546875,5,True,1280
SB4036,Penile infection,"male gonadal, ductal, accessory-gland, and reproductive-output structure",pathogen-associated occupation/invasion with host-defense activation and local structural disruption,remaining_5256,1bdc03ae559f41da45795bde468370bcc3a49004fbe93038c22bbbef2e8b6e06,190,93,13,8,88,21,0.1403275556549023,0.14202777226047614,0.0017002166055738455,0.0017002166055738455,AWAY_FROM_REFERENCE,0.042105263157894736,MINOR,1,223,,,6725d70ef81784a86d4fb30e7e67ee2df18bf1944409857fc6055b118b03dec0,0.2729797396736605,0.21114145082153724,0.5546875,5,True,1281
SB4364,Prostate infection,"male gonadal, ductal, accessory-gland, and reproductive-output structure",pathogen-associated occupation/invasion with host-defense activation and local structural disruption,remaining_5256,1bdc03ae559f41da45795bde468370bcc3a49004fbe93038c22bbbef2e8b6e06,190,93,13,8,88,21,0.1403275556549023,0.14202777226047614,0.0017002166055738455,0.0017002166055738455,AWAY_FROM_REFERENCE,0.042105263157894736,MINOR,1,223,,,64ef1ce497fdeadf66ce431545bcea2aa715745d1b6bbdfb9df91f86934dbfdd,0.2729797396736605,0.21114145082153724,0.5546875,5,True,1282
SB4161,Pituitary microadenoma,hypothalamic-pituitary hormone-control and release structure,"altered configuration or regulated output of the named structure, expressed as the state described by pituitary microadenoma",remaining_5256,ce4df742228fb88cce0528ab45d157a2fc5c3668cc9904f908a184bf76dbbdd5,741,305,53,19,271,72,0.1280465958408722,0.12001819624439114,-0.00802839959648105,0.00802839959648105,TOWARD_REFERENCE,0.02564102564102564,MINOR,1,174,,,6db89bb29d0a23f2a2d5b35227df46f0ae7928a7727ef3ae095b0f3c3647b204,0.2728454799350435,0.20411796333541887,0.5859375,34,True,1283
SB0215,Albuminuria,renal glomerular filtration-barrier albumin-retention structure,abnormal passage of albumin into urine indicating increased filtration-barrier permeability or impaired tubular recovery,established_478,0b08ba321cfd147ac2d448d473dec9fb25418a840c6e7f002df1ac39d4b3afcd,28,19,2,1,18,3,0.15431738817945195,0.16316608647209607,0.00884869829264412,0.00884869829264412,AWAY_FROM_REFERENCE,0.03571428571428571,MINOR,1,223,,,6d999c466e4e39fef66f2b648b9ca48af9bec7263c4896d5b04f99d125029fcf,0.27279847467468765,0.20063076179839956,0.6015625,1,True,1284
SB2329,Granulocytosis,"circulating leukocyte production, distribution, and effector-cell structure","abnormal structural accumulation, degeneration, remodeling, or chronic state within the named structure",remaining_5256,23a3fdedd10c78634248a0818b1accb7e56fae2f217392ec5d6494776781e6f8,1830,577,64,97,610,161,0.12143811907902247,0.12267507527708987,0.001236956198067407,0.001236956198067407,AWAY_FROM_REFERENCE,0.053005464480874315,MINOR,1,231,,,cf1eeb001ec9c1bfab69b67e3117fb7b149ce8658152a736d628188fd726bf2f,0.2727592895933217,0.20915767023575815,0.5625,-33,True,1285
SB3088,Leukocytosis,"circulating leukocyte production, distribution, and effector-cell structure","abnormal structural accumulation, degeneration, remodeling, or chronic state within the named structure",remaining_5256,23a3fdedd10c78634248a0818b1accb7e56fae2f217392ec5d6494776781e6f8,1830,577,64,97,610,161,0.12143811907902247,0.12267507527708987,0.001236956198067407,0.001236956198067407,AWAY_FROM_REFERENCE,0.053005464480874315,MINOR,1,231,,,5eac70ab45ad23c2385d470d25796c09235c44c364b5be491d14ea79d8cd5ec2,0.2727592895933217,0.20915767023575815,0.5625,-33,True,1286
SB3651,Neutrophilic dermatosis,"circulating leukocyte production, distribution, and effector-cell structure","abnormal structural accumulation, degeneration, remodeling, or chronic state within the named structure",remaining_5256,23a3fdedd10c78634248a0818b1accb7e56fae2f217392ec5d6494776781e6f8,1830,577,64,97,610,161,0.12143811907902247,0.12267507527708987,0.001236956198067407,0.001236956198067407,AWAY_FROM_REFERENCE,0.053005464480874315,MINOR,1,231,,,cafa5f786f0349dd3361047c620a42b6d02dfc0025bc5c0e9b6f176c274ea95d,0.2727592895933217,0.20915767023575815,0.5625,-33,True,1287
SB3525,Nail discolouration,"nail matrix, plate-production, and periungual structure","altered configuration or regulated output of the named structure, expressed as the state described by nail discolouration",remaining_5256,68b65e2f4b8876e57bf13fde0dbbced3ffc8212a66eae9d8329acdeb5cfb718a,36,9,1,0,8,1,0.126720819302777,0.13649786586463253,0.009777046561855518,0.009777046561855518,AWAY_FROM_REFERENCE,0.0,INFORMATIONAL,0,230,,,cecf549de03af38e77ecacbdd81c99ca4d9c77dba9ab41fda153804651bffd96,0.272738651729441,0.20570262406029394,0.578125,1,True,1288
SB0213,Albumin urine increased,renal glomerular filtration-barrier albumin-retention structure,measured or functional quantity shifted above its reference structural range,established_478,0344cbd986e1f29a752778dd501cf9b11ad19961cc47bc82d357ca7fd729d1f9,28,15,2,2,15,4,0.17561561702778394,0.1825816747493917,0.0069660577216077435,0.0069660577216077435,AWAY_FROM_REFERENCE,0.07142857142857142,MINOR,1,223,,,5e76599238d20fd5427a4539befb757ce63d4fc28c368e9c9462fcbc643eea5e,0.27249840407463244,0.20712457813979568,0.5703125,0,True,1289
SB3650,Neutrophilia,"circulating leukocyte production, distribution, and effector-cell structure","altered configuration or regulated output of the named structure, expressed as the state described by neutrophilia",remaining_5256,b474ffd9980fefa438cc9e780de52f50ab2d828aa93ea7a761c3a70e901ba9ca,1830,510,66,114,558,180,0.10813502673075615,0.11164913213093686,0.0035141054001807115,0.0035141054001807115,AWAY_FROM_REFERENCE,0.06229508196721312,MINOR,1,231,,,7711e8f74aae795af19687b3e33613c2cc82ee641d13a1b6314289d68bf073df,0.27245517267244984,0.21050173496640223,0.5546875,-48,True,1290
SB0689,Blood creatinine decreased,renal glomerular-tubular filtration and fluid-balance structure,measured or functional quantity shifted below its reference structural range,remaining_5256,54258c40325517854a70d854d094f2b53a53a438fdb5f53d25b8b6f43bf56a16,91,28,3,7,32,10,0.16529839892883436,0.16124891888202186,-0.0040494800468124925,0.0040494800468124925,TOWARD_REFERENCE,0.07692307692307693,MINOR,1,231,,,1677a27fdfb72b0533d7656ba5d4a295d1f99eac57bb56ba749a27a086c0eb0a,0.2724404468213956,0.20705389856267764,0.5703125,-4,True,1291
SB0755,Blood urea decreased,renal glomerular-tubular filtration and fluid-balance structure,measured or functional quantity shifted below its reference structural range,remaining_5256,54258c40325517854a70d854d094f2b53a53a438fdb5f53d25b8b6f43bf56a16,91,28,3,7,32,10,0.16529839892883436,0.16124891888202186,-0.0040494800468124925,0.0040494800468124925,TOWARD_REFERENCE,0.07692307692307693,MINOR,1,231,,,4cb64782ac1b9eb5006b8567aeb27ac6c1d838eb93f58c9d4c018cddb8deb3bc,0.2724404468213956,0.20705389856267764,0.5703125,-4,True,1292
SB1367,Creatinine low,renal glomerular-tubular filtration and fluid-balance structure,measured or functional quantity shifted below its reference structural range,remaining_5256,54258c40325517854a70d854d094f2b53a53a438fdb5f53d25b8b6f43bf56a16,91,28,3,7,32,10,0.16529839892883436,0.16124891888202186,-0.0040494800468124925,0.0040494800468124925,TOWARD_REFERENCE,0.07692307692307693,MINOR,1,231,,,426cb5bc17279f671cc47cff7a2639a94a2306f012fb9f01b1f39549c5140ce9,0.2724404468213956,0.20705389856267764,0.5703125,-4,True,1293
SB1369,Creatinine renal clearance decreased,renal glomerular-tubular filtration and fluid-balance structure,measured or functional quantity shifted below its reference structural range,remaining_5256,54258c40325517854a70d854d094f2b53a53a438fdb5f53d25b8b6f43bf56a16,91,28,3,7,32,10,0.16529839892883436,0.16124891888202186,-0.0040494800468124925,0.0040494800468124925,TOWARD_REFERENCE,0.07692307692307693,MINOR,1,231,,,b749d6dd1fdb1f04b484a76d84e85437fd3d37f9c9c1986fc48191d23c51c8a0,0.2724404468213956,0.20705389856267764,0.5703125,-4,True,1294
SB2133,Function kidney decreased,renal glomerular-tubular filtration and fluid-balance structure,measured or functional quantity shifted below its reference structural range,remaining_5256,54258c40325517854a70d854d094f2b53a53a438fdb5f53d25b8b6f43bf56a16,91,28,3,7,32,10,0.16529839892883436,0.16124891888202186,-0.0040494800468124925,0.0040494800468124925,TOWARD_REFERENCE,0.07692307692307693,MINOR,1,231,,,d3afc1f57bd9e6b4afb11b4af8897688555723cda82d202f68ecd4468982fec5,0.2724404468213956,0.20705389856267764,0.5703125,-4,True,1295
SB2287,Glomerular filtration rate decreased,renal glomerular-tubular filtration and fluid-balance structure,measured or functional quantity shifted below its reference structural range,remaining_5256,54258c40325517854a70d854d094f2b53a53a438fdb5f53d25b8b6f43bf56a16,91,28,3,7,32,10,0.16529839892883436,0.16124891888202186,-0.0040494800468124925,0.0040494800468124925,TOWARD_REFERENCE,0.07692307692307693,MINOR,1,231,,,11a37bcea190521ea74b25824b6cb4816f53f28f1fdeb81b6aa62b0a75d19e81,0.2724404468213956,0.20705389856267764,0.5703125,-4,True,1296
SB4809,Serum creatinine decreased,renal glomerular-tubular filtration and fluid-balance structure,measured or functional quantity shifted below its reference structural range,remaining_5256,54258c40325517854a70d854d094f2b53a53a438fdb5f53d25b8b6f43bf56a16,91,28,3,7,32,10,0.16529839892883436,0.16124891888202186,-0.0040494800468124925,0.0040494800468124925,TOWARD_REFERENCE,0.07692307692307693,MINOR,1,231,,,1e47637bf84d5910859affea47b337aba32d568258ce3f9705bb99f51a296754,0.2724404468213956,0.20705389856267764,0.5703125,-4,True,1297
SB1676,Dyspepsia,"gastric mucosal barrier, secretory state, motility, and emptying structure","abnormal upper-gastrointestinal sensory, motility, and postprandial accommodation state",remaining_5256,dabd2e2cd6d925856fb3fa04fa2b75fc0a6c54e7d2acb487951f090b1dc1ae8d,1653,653,101,52,604,153,0.17271691509714304,0.16433970517078755,-0.008377209926355489,0.008377209926355489,TOWARD_REFERENCE,0.03145795523290986,MINOR,1,98,,,602005b4d14016f550a3ef9082a6543408903e8cc0757650662c2007974dfd65,0.27225223302611484,0.203394491495262,0.5859375,49,True,1298
SB1677,Dyspepsia aggravated,"gastric mucosal barrier, secretory state, motility, and emptying structure","abnormal upper-gastrointestinal sensory, motility, and postprandial accommodation state",remaining_5256,dabd2e2cd6d925856fb3fa04fa2b75fc0a6c54e7d2acb487951f090b1dc1ae8d,1653,653,101,52,604,153,0.17271691509714304,0.16433970517078755,-0.008377209926355489,0.008377209926355489,TOWARD_REFERENCE,0.03145795523290986,MINOR,1,98,,,d9d303704645be005c22d4b708989ad5f654e5021e0e955eee88f19b6cbd31b1,0.27225223302611484,0.203394491495262,0.5859375,49,True,1299
SB0579,Basophilia,"circulating leukocyte production, distribution, and effector-cell structure","altered configuration or regulated output of the named structure, expressed as the state described by basophilia",remaining_5256,3d6fd67058dd151294faa36554c767eaecf6aa92fe9e178285a14b0008f5df44,1830,465,58,124,531,182,0.10073460939571299,0.10478650989118854,0.004051900495475547,0.004051900495475547,AWAY_FROM_REFERENCE,0.06775956284153005,MINOR,1,231,,,61bfdba2b34af6464e19f3ffab090dd1df623bfc70bf06d0b3d380a1de1abeaf,0.272108561226331,0.2117939771052817,0.546875,-66,True,1300
SB3775,Onycholysis,"nail matrix, plate-production, and periungual structure","altered configuration or regulated output of the named structure, expressed as the state described by onycholysis",remaining_5256,174ff02d1840a8b5b5d943a63d89aa9efeac9ec19369feb3c4c1b3627c97428e,36,10,3,1,8,4,0.12796700588643561,0.1362412921835746,0.008274286297139,0.008274286297139,AWAY_FROM_REFERENCE,0.027777777777777776,MINOR,1,230,,,17e6772f7ebdb263eff5894ba826d1bdb69fa4f50f2aca689648668c4cb4d078,0.27184422920749973,0.2028969258628046,0.5859375,2,True,1301
SB3533,Nail ridging,"nail matrix, plate-production, and periungual structure","altered configuration or regulated output of the named structure, expressed as the state described by nail ridging",remaining_5256,fb5fe29314fceb7919480c53a5724cae74e2826958aff88f1b1ec15c325e7bfc,36,9,2,1,8,3,0.12026824805652336,0.12820439007822126,0.0079361420216979,0.0079361420216979,AWAY_FROM_REFERENCE,0.027777777777777776,MINOR,1,230,,,57348d6637e46cd9026cd0525eb8882eefee2f6ff8d5daaf5930bacac026dd5f,0.27179407700425257,0.2028357646393324,0.5859375,1,True,1302
SB0867,Bronchospasm aggravated,bronchial smooth-muscle tone and airway-caliber structure,increase in magnitude or instability of a pre-existing structural deviation,remaining_5256,7903d99f5b8c72054ba02c330526ba17cc700a39819bf83885ccc3b82c8a4068,300,115,14,15,116,29,0.13108218537637062,0.13657246148168722,0.005490276105316605,0.005490276105316605,AWAY_FROM_REFERENCE,0.05,MINOR,1,231,,,af3e78e026bcb7646d34006d0405a7c58aba15041d9713922ad52f4671e84360,0.2717351132458685,0.21305349176325428,0.5390625,-1,True,1303
SB4428,Pulmonary alveolar haemorrhage,"pulmonary airway-alveolar, pleural, and gas-exchange structure",vascular or tissue integrity breach with blood extravasation/accumulation,remaining_5256,3d201faab7ac83e75ab79d6404d07b187dda3af49da0de95ee5a994bd3430177,36,19,1,0,18,1,0.18250821998464517,0.17782715966925577,-0.004681060315389396,0.004681060315389396,TOWARD_REFERENCE,0.0,INFORMATIONAL,0,231,,,79ba9b6fb2804671075e85fc18523a41c9dac3a1855b78d1a92108d14c158cb7,0.2714722720451926,0.2110180146892593,0.546875,1,True,1304
SB4437,Pulmonary haemorrhage,"pulmonary airway-alveolar, pleural, and gas-exchange structure",vascular or tissue integrity breach with blood extravasation/accumulation,remaining_5256,3d201faab7ac83e75ab79d6404d07b187dda3af49da0de95ee5a994bd3430177,36,19,1,0,18,1,0.18250821998464517,0.17782715966925577,-0.004681060315389396,0.004681060315389396,TOWARD_REFERENCE,0.0,INFORMATIONAL,0,231,,,106ece3f112ab0398e982609739e4d44286a89a99fd94c9833c696fbe8bde552,0.2714722720451926,0.2110180146892593,0.546875,1,True,1305
SB0545,Azotaemia,renal glomerular-tubular filtration and fluid-balance structure,retention of nitrogenous metabolic waste in blood from reduced renal clearance,remaining_5256,65d89d91f7552d8ab390d3fff2f515ea8be2486aebbfc95d74ecf43e43cafc04,91,43,13,6,36,19,0.1354149787240002,0.13622407839451978,0.0008090996705195641,0.0008090996705195641,AWAY_FROM_REFERENCE,0.06593406593406594,MINOR,1,231,,,7ddd32dc1dff062f421ec2129e0c6bcb0afc92cf3286f59f1aab059ab637bd76,0.27141962838597844,0.21266875412924202,0.5390625,7,True,1306
SB0546,Azotaemia of renal origin,renal glomerular-tubular filtration and fluid-balance structure,retention of nitrogenous metabolic waste in blood from reduced renal clearance,remaining_5256,65d89d91f7552d8ab390d3fff2f515ea8be2486aebbfc95d74ecf43e43cafc04,91,43,13,6,36,19,0.1354149787240002,0.13622407839451978,0.0008090996705195641,0.0008090996705195641,AWAY_FROM_REFERENCE,0.06593406593406594,MINOR,1,231,,,982c54d0325cb7d19cb22ecfda32d6accfd3c479a5124abb12f9929183f38b11,0.27141962838597844,0.21266875412924202,0.5390625,7,True,1307
SB0547,Azotemia prerenal,renal glomerular-tubular filtration and fluid-balance structure,retention of nitrogenous metabolic waste in blood from reduced renal clearance,remaining_5256,65d89d91f7552d8ab390d3fff2f515ea8be2486aebbfc95d74ecf43e43cafc04,91,43,13,6,36,19,0.1354149787240002,0.13622407839451978,0.0008090996705195641,0.0008090996705195641,AWAY_FROM_REFERENCE,0.06593406593406594,MINOR,1,231,,,8122be775c228fdb08e4e10b130c40cb76f539a95f7f49b6affa195a50a1a62c,0.27141962838597844,0.21266875412924202,0.5390625,7,True,1308
SB5411,Uremia,renal glomerular-tubular filtration and fluid-balance structure,retention of nitrogenous metabolic waste in blood from reduced renal clearance,remaining_5256,65d89d91f7552d8ab390d3fff2f515ea8be2486aebbfc95d74ecf43e43cafc04,91,43,13,6,36,19,0.1354149787240002,0.13622407839451978,0.0008090996705195641,0.0008090996705195641,AWAY_FROM_REFERENCE,0.06593406593406594,MINOR,1,231,,,5b558fceb7c1abc149cea1824ea10e9b36557a597d828c788e4c5d41c5ea3864,0.27141962838597844,0.21266875412924202,0.5390625,7,True,1309
SB2690,Hypoplasia erythroid,"erythrocyte production, integrity, and oxygen-transport structure","developmental patterning deviation producing absent, incomplete, or abnormally organized structure",remaining_5256,22f001f6f7dfce839585f09510cb61ae5bd8834bb76930a3dac897ed66da7788,15,11,1,2,12,3,0.15987616186246,0.15488876077952285,-0.0049874010829371596,0.0049874010829371596,TOWARD_REFERENCE,0.13333333333333333,MINOR,1,174,,,94cb36743d65c3a1d71c8dc44c1db34044ff481ad2fd3ff27cef0cbecc6a7a7f,0.2710833042385229,0.19853909053478402,0.6015625,-1,True,1310
SB0450,Arteriosclerosis,arterial-wall lipid-fibrotic remodeling structure,arterial wall thickening/stiffening with lumen remodeling and reduced compliant perfusion,established_478,391bcb95b327dfa5d1e2c263008983df48a57dcad0a2d9555bd6094dd15fe1b8,741,305,47,28,286,75,0.14629454872568126,0.14358992976307983,-0.002704618962601435,0.002704618962601435,TOWARD_REFERENCE,0.037786774628879895,MINOR,1,223,,,032137d8a54857b9c326b556c77458fbc064f2281a8b534825dbd3254d5a0ab6,0.27096778175956177,0.20697290458483142,0.5625,19,True,1311
SB4576,Renal abscess,renal glomerular-tubular filtration and fluid-balance structure,localized inflammatory cavity with tissue breakdown and accumulated cellular/fluid contents,remaining_5256,eef3c263ddf3008c8d7a5a26b3d8cf4bb9229d89db2d2134e9908bf8a794c32e,91,33,4,3,32,7,0.1468805379254834,0.14790344832227253,0.001022910396789145,0.001022910396789145,AWAY_FROM_REFERENCE,0.03296703296703297,MINOR,1,231,,,29539b200d3fdf93fc88855daf9c677659c80e705717c0f1deffd6bc98eb81fa,0.27082624019266655,0.20851523194227628,0.5546875,1,True,1312
SB4599,Renal pain,renal glomerular-tubular filtration and fluid-balance structure,increased nociceptive signaling associated with local tissue or neural perturbation,remaining_5256,f23fdd8b53594cdca5aec7a8d8253525fdaf7b1716715b918905895da9430259,91,39,6,6,39,12,0.1784931899115756,0.17461659774746918,-0.003876592164106407,0.003876592164106407,TOWARD_REFERENCE,0.06593406593406594,MINOR,1,231,,,1b43e30179de886f4c63c024463f617cc80f45a58dcdc753655010163875f9ab,0.2706744271996556,0.19975539902397033,0.59375,0,True,1313
SB1840,Eosinophilic pneumonia,"circulating leukocyte production, distribution, and effector-cell structure",alveolar/airway inflammatory occupation with fluid-cellular exudate reducing gas-exchange surface,remaining_5256,4cfb2397bc646ff3d255b92c668a333b3e3ed204667de9b2c05913d244a07bcb,1830,607,86,128,649,214,0.13699787964834065,0.13648087957525457,-0.0005170000730860824,0.0005170000730860824,TOWARD_REFERENCE,0.06994535519125683,MINOR,1,231,,,e4b6e40aa4d48612557989268a8f7c72d63223c7c5a9f12038a4c569f9bbd5b6,0.27050050431331585,0.19954329794306813,0.59375,-42,True,1314
SB0109,Acute bronchitis,bronchial mucosal inflammatory and airway-clearance structure,"localized inflammatory activation with cellular infiltration, vascular change, and tissue-function perturbation",established_478,47496c4198d2d79398b5b23684931dcd353a25aa9b3f82d159012ebc2c925507,105,27,1,6,32,7,0.13819771753939492,0.14264510779299333,0.0044473902535984156,0.0044473902535984156,AWAY_FROM_REFERENCE,0.05714285714285714,MINOR,1,231,,,0c62cff10421bf13646675a8e553f94279ea2fa8243e7171b0c3e26f7cbab9c9,0.2704709423244388,0.20465206381029122,0.5703125,-5,True,1315
SB4195,Pleuritic pain,"pleural membrane, pleural-space, and thoracic mechanical structure",increased nociceptive signaling associated with local tissue or neural perturbation,remaining_5256,af7ed9ba81e89f2e73fea4a40071133b26a95a6643badc7539ebc59d46aad300,36,25,3,0,22,3,0.18992509176573846,0.18210406445611516,-0.007821027309623307,0.007821027309623307,TOWARD_REFERENCE,0.0,INFORMATIONAL,0,197,,,b7a5570e974d46fa490ee060e4d4348ba6c18a9270a225fd4856bd049f82de02,0.2702812868723249,0.20099089862478647,0.5859375,3,True,1316
SB0540,Autonomic neuropathy,peripheral sensory-nerve axonal conduction structure,peripheral neural axonal/conduction integrity loss or aberrant sensory signaling,remaining_5256,11df012af0229faa140866251ebefb9047c4ec2aeeaaceb7f0e562edc7d7b721,6,5,2,0,3,2,0.2097882855532427,0.21399000868858153,0.004201723135338842,0.004201723135338842,AWAY_FROM_REFERENCE,0.0,INFORMATIONAL,0,223,,,e5ff908012f73e3fea165c8f9dfb70c07b684730e71507729e0f00ddc13a1549,0.2701288671078171,0.2042348989119721,0.5703125,2,True,1317
SB0543,Axonal neuropathy,peripheral sensory-nerve axonal conduction structure,peripheral neural axonal/conduction integrity loss or aberrant sensory signaling,remaining_5256,11df012af0229faa140866251ebefb9047c4ec2aeeaaceb7f0e562edc7d7b721,6,5,2,0,3,2,0.2097882855532427,0.21399000868858153,0.004201723135338842,0.004201723135338842,AWAY_FROM_REFERENCE,0.0,INFORMATIONAL,0,223,,,7a67e122a80f5d06a2d5ade35536c2a8bba91185fb7e9cf7f54005545c14b591,0.2701288671078171,0.2042348989119721,0.5703125,2,True,1318
SB1535,Diabetic neuropathy,peripheral sensory-nerve axonal conduction structure,peripheral neural axonal/conduction integrity loss or aberrant sensory signaling,remaining_5256,11df012af0229faa140866251ebefb9047c4ec2aeeaaceb7f0e562edc7d7b721,6,5,2,0,3,2,0.2097882855532427,0.21399000868858153,0.004201723135338842,0.004201723135338842,AWAY_FROM_REFERENCE,0.0,INFORMATIONAL,0,223,,,e47e8351b4bf2a74acbb121f79108e1ac183d25adf280f6650c078a4a3d41a13,0.2701288671078171,0.2042348989119721,0.5703125,2,True,1319
SB1536,Diabetic peripheral neuropathy,peripheral sensory-nerve axonal conduction structure,peripheral neural axonal/conduction integrity loss or aberrant sensory signaling,remaining_5256,11df012af0229faa140866251ebefb9047c4ec2aeeaaceb7f0e562edc7d7b721,6,5,2,0,3,2,0.2097882855532427,0.21399000868858153,0.004201723135338842,0.004201723135338842,AWAY_FROM_REFERENCE,0.0,INFORMATIONAL,0,223,,,ca85ea1250a996fd764b7f58c972f6d3052e56e8f9dc021842e16e69f2f2764d,0.2701288671078171,0.2042348989119721,0.5703125,2,True,1320
SB1981,Facial neuralgia,peripheral sensory-nerve axonal conduction structure,peripheral neural axonal/conduction integrity loss or aberrant sensory signaling,remaining_5256,11df012af0229faa140866251ebefb9047c4ec2aeeaaceb7f0e562edc7d7b721,6,5,2,0,3,2,0.2097882855532427,0.21399000868858153,0.004201723135338842,0.004201723135338842,AWAY_FROM_REFERENCE,0.0,INFORMATIONAL,0,223,,,a79eafd9d31b62bc520bc9f1196849f2da488d3f0c9ff438112b0fd3202ee1c2,0.2701288671078171,0.2042348989119721,0.5703125,2,True,1321
SB2967,Ischaemic neuropathy,peripheral sensory-nerve axonal conduction structure,peripheral neural axonal/conduction integrity loss or aberrant sensory signaling,remaining_5256,11df012af0229faa140866251ebefb9047c4ec2aeeaaceb7f0e562edc7d7b721,6,5,2,0,3,2,0.2097882855532427,0.21399000868858153,0.004201723135338842,0.004201723135338842,AWAY_FROM_REFERENCE,0.0,INFORMATIONAL,0,223,,,28f5c0b7e22c333f4f954ff6d349219742ab674a024e8fcb8dbacbcccd550d72,0.2701288671078171,0.2042348989119721,0.5703125,2,True,1322
SB2969,Ischial neuralgia,peripheral sensory-nerve axonal conduction structure,peripheral neural axonal/conduction integrity loss or aberrant sensory signaling,remaining_5256,11df012af0229faa140866251ebefb9047c4ec2aeeaaceb7f0e562edc7d7b721,6,5,2,0,3,2,0.2097882855532427,0.21399000868858153,0.004201723135338842,0.004201723135338842,AWAY_FROM_REFERENCE,0.0,INFORMATIONAL,0,223,,,73824059f9e6499630d13d73b0411278ab38365ab00eb1f216cd9c2185ad13e6,0.2701288671078171,0.2042348989119721,0.5703125,2,True,1323
SB3430,Multifocal motor neuropathy,peripheral sensory-nerve axonal conduction structure,peripheral neural axonal/conduction integrity loss or aberrant sensory signaling,remaining_5256,11df012af0229faa140866251ebefb9047c4ec2aeeaaceb7f0e562edc7d7b721,6,5,2,0,3,2,0.2097882855532427,0.21399000868858153,0.004201723135338842,0.004201723135338842,AWAY_FROM_REFERENCE,0.0,INFORMATIONAL,0,223,,,b9021fd6cf41cfe8ab278e8429d28371faa0ef29e6766f5f356e939f0da8a0ae,0.2701288671078171,0.2042348989119721,0.5703125,2,True,1324
SB3618,Neuralgia,peripheral sensory-nerve axonal conduction structure,peripheral neural axonal/conduction integrity loss or aberrant sensory signaling,remaining_5256,11df012af0229faa140866251ebefb9047c4ec2aeeaaceb7f0e562edc7d7b721,6,5,2,0,3,2,0.2097882855532427,0.21399000868858153,0.004201723135338842,0.004201723135338842,AWAY_FROM_REFERENCE,0.0,INFORMATIONAL,0,223,,,4b59575405456302ed184d0ad407d318448029429cc6c65a5193f4072dd3197b,0.2701288671078171,0.2042348989119721,0.5703125,2,True,1325
SB3636,Neuropathy,peripheral sensory-nerve axonal conduction structure,peripheral neural axonal/conduction integrity loss or aberrant sensory signaling,remaining_5256,11df012af0229faa140866251ebefb9047c4ec2aeeaaceb7f0e562edc7d7b721,6,5,2,0,3,2,0.2097882855532427,0.21399000868858153,0.004201723135338842,0.004201723135338842,AWAY_FROM_REFERENCE,0.0,INFORMATIONAL,0,223,,,4eaf0e6a948e9aaf2606455a95f74ac15c400b9b1df13b4604d3b85c0fef31f8,0.2701288671078171,0.2042348989119721,0.5703125,2,True,1326
SB3637,Neuropathy peripheral,peripheral sensory-nerve axonal conduction structure,peripheral neural axonal/conduction integrity loss or aberrant sensory signaling,remaining_5256,11df012af0229faa140866251ebefb9047c4ec2aeeaaceb7f0e562edc7d7b721,6,5,2,0,3,2,0.2097882855532427,0.21399000868858153,0.004201723135338842,0.004201723135338842,AWAY_FROM_REFERENCE,0.0,INFORMATIONAL,0,223,,,5e0fcf761033ce24d5019170565c232f4bd0e72d7920454df014c8e987e9fa6f,0.2701288671078171,0.2042348989119721,0.5703125,2,True,1327
SB3714,Occipital neuralgia,peripheral sensory-nerve axonal conduction structure,peripheral neural axonal/conduction integrity loss or aberrant sensory signaling,remaining_5256,11df012af0229faa140866251ebefb9047c4ec2aeeaaceb7f0e562edc7d7b721,6,5,2,0,3,2,0.2097882855532427,0.21399000868858153,0.004201723135338842,0.004201723135338842,AWAY_FROM_REFERENCE,0.0,INFORMATIONAL,0,223,,,0a8d51e0514e2a530a08e5dd5a09c5fcfb8de997e422287df22464ea16374999,0.2701288671078171,0.2042348989119721,0.5703125,2,True,1328
SB4080,Peripheral motor neuropathy,peripheral sensory-nerve axonal conduction structure,peripheral neural axonal/conduction integrity loss or aberrant sensory signaling,remaining_5256,11df012af0229faa140866251ebefb9047c4ec2aeeaaceb7f0e562edc7d7b721,6,5,2,0,3,2,0.2097882855532427,0.21399000868858153,0.004201723135338842,0.004201723135338842,AWAY_FROM_REFERENCE,0.0,INFORMATIONAL,0,223,,,e35294bf6b020d056eb4798493d488831248f64cec7e000f2d991b04df56bd7f,0.2701288671078171,0.2042348989119721,0.5703125,2,True,1329
SB4083,Peripheral neuropathy aggravated,peripheral sensory-nerve axonal conduction structure,peripheral neural axonal/conduction integrity loss or aberrant sensory signaling,remaining_5256,11df012af0229faa140866251ebefb9047c4ec2aeeaaceb7f0e562edc7d7b721,6,5,2,0,3,2,0.2097882855532427,0.21399000868858153,0.004201723135338842,0.004201723135338842,AWAY_FROM_REFERENCE,0.0,INFORMATIONAL,0,223,,,426f389462c238517ed997cde33968f0b50d5f3c9878a68dd613d7cbfcabf332,0.2701288671078171,0.2042348989119721,0.5703125,2,True,1330
SB4084,Peripheral sensorimotor neuropathy,peripheral sensory-nerve axonal conduction structure,peripheral neural axonal/conduction integrity loss or aberrant sensory signaling,remaining_5256,11df012af0229faa140866251ebefb9047c4ec2aeeaaceb7f0e562edc7d7b721,6,5,2,0,3,2,0.2097882855532427,0.21399000868858153,0.004201723135338842,0.004201723135338842,AWAY_FROM_REFERENCE,0.0,INFORMATIONAL,0,223,,,16435fd8d14258be18a46037c29fb3942dbd349831e6685362521d358f7a72a9,0.2701288671078171,0.2042348989119721,0.5703125,2,True,1331
SB4085,Peripheral sensory neuropathy,peripheral sensory-nerve axonal conduction structure,peripheral neural axonal/conduction integrity loss or aberrant sensory signaling,remaining_5256,11df012af0229faa140866251ebefb9047c4ec2aeeaaceb7f0e562edc7d7b721,6,5,2,0,3,2,0.2097882855532427,0.21399000868858153,0.004201723135338842,0.004201723135338842,AWAY_FROM_REFERENCE,0.0,INFORMATIONAL,0,223,,,1ed0c99da2de5ec19cde47c0d31a3ee98253eeb5f213966f4fbda1277005f718,0.2701288671078171,0.2042348989119721,0.5703125,2,True,1332
SB4260,Post herpetic neuralgia,peripheral sensory-nerve axonal conduction structure,peripheral neural axonal/conduction integrity loss or aberrant sensory signaling,remaining_5256,11df012af0229faa140866251ebefb9047c4ec2aeeaaceb7f0e562edc7d7b721,6,5,2,0,3,2,0.2097882855532427,0.21399000868858153,0.004201723135338842,0.004201723135338842,AWAY_FROM_REFERENCE,0.0,INFORMATIONAL,0,223,,,20535ebc90c76b5ea3de2c5aba9a1e96d4ab71cbf42b1ee0c99f6d2314a8ec33,0.2701288671078171,0.2042348989119721,0.5703125,2,True,1333
SB5299,Toxic neuropathy,peripheral sensory-nerve axonal conduction structure,peripheral neural axonal/conduction integrity loss or aberrant sensory signaling,remaining_5256,11df012af0229faa140866251ebefb9047c4ec2aeeaaceb7f0e562edc7d7b721,6,5,2,0,3,2,0.2097882855532427,0.21399000868858153,0.004201723135338842,0.004201723135338842,AWAY_FROM_REFERENCE,0.0,INFORMATIONAL,0,223,,,bdf4434625cee175716ef5957e4152d18c6b58e149c61b3cbd2d6c48c2fc1d3e,0.2701288671078171,0.2042348989119721,0.5703125,2,True,1334
SB5340,Trigeminal neuralgia,peripheral sensory-nerve axonal conduction structure,peripheral neural axonal/conduction integrity loss or aberrant sensory signaling,remaining_5256,11df012af0229faa140866251ebefb9047c4ec2aeeaaceb7f0e562edc7d7b721,6,5,2,0,3,2,0.2097882855532427,0.21399000868858153,0.004201723135338842,0.004201723135338842,AWAY_FROM_REFERENCE,0.0,INFORMATIONAL,0,223,,,fef84150ec796e73b425e434c6608a25bae7fecbe85cb0956048b06f3c648717,0.2701288671078171,0.2042348989119721,0.5703125,2,True,1335
SB5687,Wheezing,bronchial smooth-muscle tone and airway-caliber structure,airflow limitation with oscillatory airway-wall narrowing,remaining_5256,41ccfd88ec6c90ab7c798b04357e4d536709296e5a7921908220e946c8704c5c,300,146,22,11,135,33,0.14884748240265155,0.15141907623557582,0.0025715938329242682,0.0025715938329242682,AWAY_FROM_REFERENCE,0.03666666666666667,MINOR,1,231,,,5b72e2be5c2e0f1368642d7329c098111dd13766053870593ae6970fd3670653,0.26972077034647207,0.20373721993472205,0.5703125,11,True,1336
SB5688,Wheezing expiratory,bronchial smooth-muscle tone and airway-caliber structure,airflow limitation with oscillatory airway-wall narrowing,remaining_5256,41ccfd88ec6c90ab7c798b04357e4d536709296e5a7921908220e946c8704c5c,300,146,22,11,135,33,0.14884748240265155,0.15141907623557582,0.0025715938329242682,0.0025715938329242682,AWAY_FROM_REFERENCE,0.03666666666666667,MINOR,1,231,,,f57b3269beb6a086d1cc4c558eab9e563c02232f730bbaee734bcbb84fbc10f6,0.26972077034647207,0.20373721993472205,0.5703125,11,True,1337
SB5689,Wheezing inspiratory,bronchial smooth-muscle tone and airway-caliber structure,airflow limitation with oscillatory airway-wall narrowing,remaining_5256,41ccfd88ec6c90ab7c798b04357e4d536709296e5a7921908220e946c8704c5c,300,146,22,11,135,33,0.14884748240265155,0.15141907623557582,0.0025715938329242682,0.0025715938329242682,AWAY_FROM_REFERENCE,0.03666666666666667,MINOR,1,231,,,0bb21413530f60fca5f427b3394f7218854c09f9b7f4de880257a03d5cf83a95,0.26972077034647207,0.20373721993472205,0.5703125,11,True,1338
SB4595,Renal infarct,renal glomerular-tubular filtration and fluid-balance structure,sustained perfusion failure with loss of local tissue viability,remaining_5256,5e6c7e8ecbaee5f689146d9fa2ffeaf4fee29d23326324ec7e3e07b3383f0c84,91,36,7,7,36,14,0.17372896730656762,0.17228143442614519,-0.0014475328804224308,0.0014475328804224308,TOWARD_REFERENCE,0.07692307692307693,MINOR,1,231,,,9cfb4b7996a1ee32faff127879352a18b210778cc445ba356c04431b72ce3666,0.2696815135631697,0.19854452873557282,0.59375,0,True,1339
SB3999,Parotid swelling,salivary-gland secretory and ductal-delivery structure,"excess fluid accumulation within interstitial, tissue, or cavity compartments",remaining_5256,62a589afed66a144088d9903da0d8406075ea23cb70bc72947fbe4dcc7d30be6,120,68,11,8,65,19,0.20398728320656656,0.20320055290356853,-0.0007867303029980288,0.0007867303029980288,TOWARD_REFERENCE,0.06666666666666667,MINOR,1,231,,,3d9570a857c559ead4351c96589e4a37980b3a992609d93b4fe0d60a95e48430,0.26951076620835385,0.2069109953760413,0.5546875,3,True,1340
SB0248,Alveolitis,pulmonary interstitial-alveolar structure,"localized inflammatory activation with cellular infiltration, vascular change, and tissue-function perturbation",established_478,653fa26098f4add5d8d66ec5510f0c84dba4fcd2180b57b6e16bcdffec3f202c,45,19,4,0,15,4,0.17850170169280077,0.1713922151405065,-0.007109486552294264,0.007109486552294264,TOWARD_REFERENCE,0.0,INFORMATIONAL,0,223,,,e0d58e82557c4c0a3c37b292aac6deaddae76d0d3f0ab1121ff959bc28040755,0.26932333043720486,0.20325253711854252,0.5703125,4,True,1341
SB3776,Onychomadesis,"nail matrix, plate-production, and periungual structure","altered configuration or regulated output of the named structure, expressed as the state described by onychomadesis",remaining_5256,19e90f8ea12cd3d4878cd7e8be0eb0aa591df7f2e0eab802d2cbb278fd2cdf07,36,10,2,0,8,2,0.12785724656557962,0.13575540273426978,0.007898156168690162,0.007898156168690162,AWAY_FROM_REFERENCE,0.0,INFORMATIONAL,0,230,,,0e7252657266e6ee1a7d049151775e98a8e3a4afd015ac78822bf250d95ffe2b,0.26920611034033903,0.20139464675651098,0.578125,2,True,1342
SB2837,Ingrowing nail,"nail matrix, plate-production, and periungual structure","altered configuration or regulated output of the named structure, expressed as the state described by ingrowing nail",remaining_5256,873f76e6b7bddebe74ca92ed3ddec2808e4ee7d686d877cf965979f0d2b582b3,36,11,1,0,10,1,0.1322167570837406,0.14005181346833961,0.007835056384599026,0.007835056384599026,AWAY_FROM_REFERENCE,0.0,INFORMATIONAL,0,230,,,304dece2691d8006a1ad45b21649dd8eb2f81ff7d993c838d260f555b2ee7b55,0.26901747882653226,0.19773473027625887,0.59375,1,True,1343
SB0462,Arthritis,synovial-joint inflammatory and cartilage-bone interface structure,"localized or systemic inflammatory activation with altered barrier, vascular, and cellular organization",established_478,489b92dccfbd1cc5aa8f041a030f325eebfa256281d39c7fb4254ffaaed9d2a4,136,77,5,6,78,11,0.13855923334096998,0.14105214246552011,0.0024929091245501356,0.0024929091245501356,AWAY_FROM_REFERENCE,0.04411764705882353,MINOR,1,231,,,c8dfb0f5f84e969247470861fe6235763a69cc5d77097a316eba0d2ef173eede,0.26890847773553356,0.20103168016528483,0.578125,-1,True,1344
SB0463,Arthritis aggravated,synovial-joint inflammatory and cartilage-bone interface structure,"localized or systemic inflammatory activation with altered barrier, vascular, and cellular organization",established_478,489b92dccfbd1cc5aa8f041a030f325eebfa256281d39c7fb4254ffaaed9d2a4,136,77,5,6,78,11,0.13855923334096998,0.14105214246552011,0.0024929091245501356,0.0024929091245501356,AWAY_FROM_REFERENCE,0.04411764705882353,MINOR,1,231,,,f1e9514af1f02c9a0edf995f7e944be7e5f7f4cfcd6c455ba1233fd72235cbe0,0.26890847773553356,0.20103168016528483,0.578125,-1,True,1345
SB5420,Urethral pain,"urethral lumen, mucosal, sphincter, and urine-flow structure",increased nociceptive signaling associated with local tissue or neural perturbation,remaining_5256,e3190c05c11d06cef77d30b0a941fab87240bb7d59114ad03231654373d597c7,465,130,13,27,144,40,0.1734899321209462,0.1649921477238484,-0.008497784397097807,0.008497784397097807,TOWARD_REFERENCE,0.05806451612903226,MINOR,1,231,,,2516826268ee90682f2724137fe75862f974fc534b3b42e36b23a105ebde63db,0.26885892127321764,0.1941114893575825,0.609375,-14,True,1346
SB0573,Band neutrophil count increased,"circulating leukocyte production, distribution, and effector-cell structure",measured or functional quantity shifted above its reference structural range,remaining_5256,a9937317ab0fe41a1c7b9d3ba812d983f8069dae7cca819aeb5bf24781c96832,1830,547,82,107,572,189,0.14008310202838214,0.13541812262789854,-0.004664979400483604,0.004664979400483604,TOWARD_REFERENCE,0.058469945355191254,MINOR,1,231,,,3d6b3fdd6d46b53c51423d9686a39e1265c3032b07039a4312ec3e534dfc1866,0.26872254860672135,0.19737505927648946,0.59375,-25,True,1347
SB0719,Blood monocytes increased,"circulating leukocyte production, distribution, and effector-cell structure",measured or functional quantity shifted above its reference structural range,remaining_5256,a9937317ab0fe41a1c7b9d3ba812d983f8069dae7cca819aeb5bf24781c96832,1830,547,82,107,572,189,0.14008310202838214,0.13541812262789854,-0.004664979400483604,0.004664979400483604,TOWARD_REFERENCE,0.058469945355191254,MINOR,1,231,,,c1c046d240b943b9d3f4b88691db337a4812692968ba8ab41aecd11cf48a5aab,0.26872254860672135,0.19737505927648946,0.59375,-25,True,1348
SB1836,Eosinophil count increased,"circulating leukocyte production, distribution, and effector-cell structure",measured or functional quantity shifted above its reference structural range,remaining_5256,a9937317ab0fe41a1c7b9d3ba812d983f8069dae7cca819aeb5bf24781c96832,1830,547,82,107,572,189,0.14008310202838214,0.13541812262789854,-0.004664979400483604,0.004664979400483604,TOWARD_REFERENCE,0.058469945355191254,MINOR,1,231,,,8a2096457140ca21b0925b9108248c3614f7c32f5529fdff24259a9ad23b9dcd,0.26872254860672135,0.19737505927648946,0.59375,-25,True,1349
SB2156,Gamma globulins increased,"circulating leukocyte production, distribution, and effector-cell structure",measured or functional quantity shifted above its reference structural range,remaining_5256,a9937317ab0fe41a1c7b9d3ba812d983f8069dae7cca819aeb5bf24781c96832,1830,547,82,107,572,189,0.14008310202838214,0.13541812262789854,-0.004664979400483604,0.004664979400483604,TOWARD_REFERENCE,0.058469945355191254,MINOR,1,231,,,e20fa3fb20b07a45fef019557a078fb7612039774a16f06c568ba6cafca56b30,0.26872254860672135,0.19737505927648946,0.59375,-25,True,1350
SB2746,Immunoglobulins increased,"circulating leukocyte production, distribution, and effector-cell structure",measured or functional quantity shifted above its reference structural range,remaining_5256,a9937317ab0fe41a1c7b9d3ba812d983f8069dae7cca819aeb5bf24781c96832,1830,547,82,107,572,189,0.14008310202838214,0.13541812262789854,-0.004664979400483604,0.004664979400483604,TOWARD_REFERENCE,0.058469945355191254,MINOR,1,231,,,92563b5c48f0e8b728d0b15428c0786fe16979391a81df4e4ed2e1af3279910e,0.26872254860672135,0.19737505927648946,0.59375,-25,True,1351
SB3217,Lymphocyte count increased,"circulating leukocyte production, distribution, and effector-cell structure",measured or functional quantity shifted above its reference structural range,remaining_5256,a9937317ab0fe41a1c7b9d3ba812d983f8069dae7cca819aeb5bf24781c96832,1830,547,82,107,572,189,0.14008310202838214,0.13541812262789854,-0.004664979400483604,0.004664979400483604,TOWARD_REFERENCE,0.058469945355191254,MINOR,1,231,,,586fac7edd5773ed6e761588cd71a3b27705956b582226cdade74ec46df7ab1e,0.26872254860672135,0.19737505927648946,0.59375,-25,True,1352
SB3391,Monocyte count increased,"circulating leukocyte production, distribution, and effector-cell structure",measured or functional quantity shifted above its reference structural range,remaining_5256,a9937317ab0fe41a1c7b9d3ba812d983f8069dae7cca819aeb5bf24781c96832,1830,547,82,107,572,189,0.14008310202838214,0.13541812262789854,-0.004664979400483604,0.004664979400483604,TOWARD_REFERENCE,0.058469945355191254,MINOR,1,231,,,dfb3f5fa383094fa47722abb524acea99c46f0e99574ffc79da274c98f2a48df,0.26872254860672135,0.19737505927648946,0.59375,-25,True,1353
SB3648,Neutrophil count increased,"circulating leukocyte production, distribution, and effector-cell structure",measured or functional quantity shifted above its reference structural range,remaining_5256,a9937317ab0fe41a1c7b9d3ba812d983f8069dae7cca819aeb5bf24781c96832,1830,547,82,107,572,189,0.14008310202838214,0.13541812262789854,-0.004664979400483604,0.004664979400483604,TOWARD_REFERENCE,0.058469945355191254,MINOR,1,231,,,edf7ea3003b568e6d16b266dc06d7e1ef2ce27886180f1f7057afa210825003c,0.26872254860672135,0.19737505927648946,0.59375,-25,True,1354
SB3649,Neutrophil percentage increased,"circulating leukocyte production, distribution, and effector-cell structure",measured or functional quantity shifted above its reference structural range,remaining_5256,a9937317ab0fe41a1c7b9d3ba812d983f8069dae7cca819aeb5bf24781c96832,1830,547,82,107,572,189,0.14008310202838214,0.13541812262789854,-0.004664979400483604,0.004664979400483604,TOWARD_REFERENCE,0.058469945355191254,MINOR,1,231,,,a74836db51af53546aeeaff0bdbbadf8fa1d7e150c0801a7afde62cb5b19b8c4,0.26872254860672135,0.19737505927648946,0.59375,-25,True,1355
SB5693,White blood cell count increased,"circulating leukocyte production, distribution, and effector-cell structure",measured or functional quantity shifted above its reference structural range,remaining_5256,a9937317ab0fe41a1c7b9d3ba812d983f8069dae7cca819aeb5bf24781c96832,1830,547,82,107,572,189,0.14008310202838214,0.13541812262789854,-0.004664979400483604,0.004664979400483604,TOWARD_REFERENCE,0.058469945355191254,MINOR,1,231,,,472dc0a019f59f540065aef53a93a093aa11eba187d44e64c1d4242d1bb71f97,0.26872254860672135,0.19737505927648946,0.59375,-25,True,1356
SB0448,Arterial thromboembolism,arterial-lumen blood-flow and thrombotic-hemostasis structure,"altered configuration or regulated output of the named structure, expressed as the state described by arterial thromboembolism",established_478,420d48316d14268c55a4f57f8032107350df7df5b2428037f6f6be8fb9228627,435,177,16,17,178,33,0.15791277462297404,0.1590109911813764,0.001098216558402365,0.001098216558402365,AWAY_FROM_REFERENCE,0.03908045977011494,MINOR,1,231,,,544b28bebbba7ba1d26ef577dc4c433151ac0313f4c54370a33eb95f0cd8afc4,0.2684607224225229,0.20220057612502795,0.5703125,-1,True,1357
SB5503,Vaginal infection,"female reproductive, gestational, placental, and reproductive-output structure",pathogen-associated occupation/invasion with host-defense activation and local structural disruption,remaining_5256,66588f315cd291245e788f6aa06a7c421cea47680e9404bdde1745e9ba36f806,3,1,1,1,1,2,0.11748248745036038,0.11916816574723488,0.0016856782968744932,0.0016856782968744932,AWAY_FROM_REFERENCE,0.3333333333333333,MODERATE,2,38,,,c39b3effad4f8defc25cc9ebaa43b5d8a63e87f7bdb68fb21c2ece926e02ce39,0.2683572197443138,0.20378929237111443,0.5625,0,True,1358
SB5509,Vaginal mycosis,"female reproductive, gestational, placental, and reproductive-output structure",pathogen-associated occupation/invasion with host-defense activation and local structural disruption,remaining_5256,66588f315cd291245e788f6aa06a7c421cea47680e9404bdde1745e9ba36f806,3,1,1,1,1,2,0.11748248745036038,0.11916816574723488,0.0016856782968744932,0.0016856782968744932,AWAY_FROM_REFERENCE,0.3333333333333333,MODERATE,2,38,,,9554912fc15079d3d770576bf8fcffdd27cd9815eba42afeaaa1a372ef6b372a,0.2683572197443138,0.20378929237111443,0.5625,0,True,1359
SB5518,Vaginitis bacterial,"female reproductive, gestational, placental, and reproductive-output structure",pathogen-associated occupation/invasion with host-defense activation and local structural disruption,remaining_5256,66588f315cd291245e788f6aa06a7c421cea47680e9404bdde1745e9ba36f806,3,1,1,1,1,2,0.11748248745036038,0.11916816574723488,0.0016856782968744932,0.0016856782968744932,AWAY_FROM_REFERENCE,0.3333333333333333,MODERATE,2,38,,,bda3311e9b44e8a227fa1635b8711de5544c4eff52ad8c1260b77ef63f204076,0.2683572197443138,0.20378929237111443,0.5625,0,True,1360
SB5659,Vulvovaginal mycotic infection,"female reproductive, gestational, placental, and reproductive-output structure",pathogen-associated occupation/invasion with host-defense activation and local structural disruption,remaining_5256,66588f315cd291245e788f6aa06a7c421cea47680e9404bdde1745e9ba36f806,3,1,1,1,1,2,0.11748248745036038,0.11916816574723488,0.0016856782968744932,0.0016856782968744932,AWAY_FROM_REFERENCE,0.3333333333333333,MODERATE,2,38,,,4ace2ad197aecabbc4c33646254c74bebe582a5998b2e7739e60af37e3fbd932,0.2683572197443138,0.20378929237111443,0.5625,0,True,1361
SB0006,Abasia,lower-limb gait motor-control structure,failure or instability of coordinated lower-limb gait motor output,established_478,d09cd0b629c2b02dc8471bfe901f37d6e6fee9e739ef8697f9a59df604f4b449,171,87,10,1,78,11,0.24720928056398772,0.2344589298274775,-0.012750350736510208,0.012750350736510208,TOWARD_REFERENCE,0.005847953216374269,MINOR,1,230,,,2f7dc5cfdf3587c0731d9014f4221258bb0b8881ab9deb4fe89980e9c67316c5,0.2681290879980875,0.19836626585132622,0.5859375,9,True,1362
SB4571,Refractory cytopenia with unilineage dysplasia,"circulating leukocyte production, distribution, and effector-cell structure",abnormal cellular maturation and tissue architecture relative to the normal differentiated pattern,remaining_5256,b09737ff79d63d74308ffe2eeb7b8ddf1c370569d40a5d9256742fc830b5bfa4,1830,620,96,107,631,203,0.1443396688287133,0.1425192824394763,-0.0018203863892369831,0.0018203863892369831,TOWARD_REFERENCE,0.058469945355191254,MINOR,1,231,,,18e1366681925d8e9fed13ae53a276e195ad00627d19b52b967d67e0664f25f0,0.26809216428023874,0.19489135887833997,0.6015625,-11,True,1363
SB1156,Chronic obstructive pulmonary disease,"pulmonary airway-alveolar, pleural, and gas-exchange structure",persistent airflow limitation from airway narrowing/remodeling and/or loss of elastic alveolar recoil,remaining_5256,04f83e6708cebcf1e159f226aef197fa4b8d124b8f6a444101703e1f66fd9ad3,36,15,2,1,14,3,0.189678085503298,0.18444916516506493,-0.0052289203382330784,0.0052289203382330784,TOWARD_REFERENCE,0.027777777777777776,MINOR,1,231,,,de990f7fe531ae925a1dae127717af2e895199f01cb17668f0a6796ccc072495,0.26775653929608895,0.20134181621474267,0.5703125,1,True,1364
SB4157,Pituitary adenoma,hypothalamic-pituitary hormone-control and release structure,localized tissue overgrowth or mass formation with altered normal architecture,remaining_5256,5ea0f2684b8a5401cf20b46fe644ae9af92a27e9656b2ca847115e05f5279a41,741,335,60,16,291,76,0.1546698044852024,0.14520254072125816,-0.009467263763944245,0.009467263763944245,TOWARD_REFERENCE,0.021592442645074223,MINOR,1,174,,,89f549a78cdde421b4779c52d574a9d4adca2f0df8340088d98f6d787f2292f7,0.2675944780468442,0.20285911956932223,0.5625,44,True,1365
SB0815,Breast abscess,"mammary gland ductal-lobular, secretory, and surface structure",localized inflammatory cavity with tissue breakdown and accumulated cellular/fluid contents,remaining_5256,0286c1fd3b74948f0a4cb433a0b41296fbcc0dd07293e1307f7ca97ec1159a6a,231,110,14,15,111,29,0.1712695731227467,0.1721581342855052,0.0008885611627584833,0.0008885611627584833,AWAY_FROM_REFERENCE,0.06493506493506493,MINOR,1,223,,,75ea082a7649a40663de2b8411b4aa7305afb804c35d26b8eb80b79678844a6b,0.26759103402035045,0.19942504148823226,0.578125,-1,True,1366
SB0834,Breast mass,"mammary gland ductal-lobular, secretory, and surface structure",localized tissue overgrowth or mass formation with altered normal architecture,remaining_5256,b309f9bb3bae7e0b4f5d7c5b41a60ed572102db96ce1d45e9bb608b9c2e267ca,231,118,11,14,121,25,0.181465637215958,0.18578861633885901,0.004322979122901027,0.004322979122901027,AWAY_FROM_REFERENCE,0.06060606060606061,MINOR,1,223,,,0417b40bc95bede80fe0a81f5389c3189d0e174f50041840db6f7e18f85e26a6,0.2675695353402933,0.20625857968328454,0.546875,-3,True,1367
SB5416,Urethral discharge,"urethral lumen, mucosal, sphincter, and urine-flow structure",abnormal increase or ectopic release of secreted material,remaining_5256,5840a429cffdc63ccea0211ef83d452b64f73305658c6c0d97682a66780a588f,465,150,14,24,160,38,0.17822566644245597,0.1654767645628683,-0.01274890187958766,0.01274890187958766,TOWARD_REFERENCE,0.05161290322580645,MINOR,1,231,,,819049a82a6fe8e2ad1083bee972c2cd495ea37f0dcfd81cf76d79e082af5304,0.26740730440053295,0.19748604195186947,0.5859375,-10,True,1368
SB5329,Traumatic lung injury,"pulmonary airway-alveolar, pleural, and gas-exchange structure",externally imposed mechanical/thermal/chemical tissue-integrity disruption,remaining_5256,60237a16ff5f3a16abaa2bb86d1ac0144dca0bc00e4b52c5ed70fe92b3efd76b,36,19,1,1,19,2,0.19156172100412872,0.18538872447219168,-0.006172996531937036,0.006172996531937036,TOWARD_REFERENCE,0.027777777777777776,MINOR,1,231,,,4466ccf9f4c15e9380f2ef756c00bfaaa16930c3eb09ea9154ef6d3c019c9e8b,0.26734876996723844,0.20255947556980303,0.5625,0,True,1369
SB0131,Acute interstitial pneumonitis,pulmonary interstitial-alveolar structure,"localized or systemic inflammatory activation with altered barrier, vascular, and cellular organization",established_478,9e6e2b01652a7eaed40e77d858405cbaeb9dde66d4f0c78b46dcb5f030ee1a38,45,22,6,2,18,8,0.20741097559787935,0.19724016279139867,-0.010170812806480689,0.010170812806480689,TOWARD_REFERENCE,0.044444444444444446,MINOR,1,223,,,9d68c3de1edb0747d498ceba6067c1ec4bdbb03feeb65b8fa3ec816caab72a92,0.26725213954101373,0.20072669456221193,0.5703125,4,True,1370
SB4190,Pleural effusion,"pleural membrane, pleural-space, and thoracic mechanical structure","excess fluid accumulation within interstitial, tissue, or cavity compartments",remaining_5256,5f42a79c876b975a5491ccee8a090d4ae95abce17d391e84e6a4ae1ed48952b9,36,22,2,0,20,2,0.18712029116293916,0.17493615975360688,-0.012184131409332277,0.012184131409332277,TOWARD_REFERENCE,0.0,INFORMATIONAL,0,197,,,ff0a19fed948d6c47005994411446452a234fd08f1baaf9e2b72c4a62bb40a3c,0.26715726760342073,0.19375124097978136,0.6015625,2,True,1371
SB0471,Aseptic necrosis,bone perfusion and osteocyte-viability structure,loss of cellular viability with local tissue structural breakdown,established_478,608d749e97a7bcf9c13eb0b25c0c2ab6b499c85519600b53f4e4973ef21134b9,120,49,5,9,53,14,0.23662587909829202,0.22936083966853116,-0.007265039429760867,0.007265039429760867,TOWARD_REFERENCE,0.075,MINOR,1,231,,,fca78ad21a1b6ee83422f8ba117cbbf7cd0a17a59ab0c6d3138d30435d7e8cfe,0.26711810804285385,0.19541842444250468,0.59375,-4,True,1372
SB0472,Aseptic necrosis of bone,bone perfusion and osteocyte-viability structure,loss of cellular viability with local tissue structural breakdown,established_478,608d749e97a7bcf9c13eb0b25c0c2ab6b499c85519600b53f4e4973ef21134b9,120,49,5,9,53,14,0.23662587909829202,0.22936083966853116,-0.007265039429760867,0.007265039429760867,TOWARD_REFERENCE,0.075,MINOR,1,231,,,5be2fc298369d1be82afeeb7f30ca79da94256236f7c43542b721a809b22774f,0.26711810804285385,0.19541842444250468,0.59375,-4,True,1373
SB3017,Kidney infection,renal glomerular-tubular filtration and fluid-balance structure,pathogen-associated occupation/invasion with host-defense activation and local structural disruption,remaining_5256,d3e0717d969962e754c5b10afe4c305b3a86929b0864e0a77fa4c5e05aa2adc9,91,29,6,8,31,14,0.14337729778451136,0.14127548549695856,-0.0021018122875527956,0.0021018122875527956,TOWARD_REFERENCE,0.08791208791208792,MINOR,1,231,,,ace6d85fa737fb8df31a0bc1b00502b7cbc72d4634f7908e95e30ce34b4e4be1,0.2670038492358682,0.19870896248276604,0.578125,-2,True,1374
SB2584,Hypereosinophilia,"circulating leukocyte production, distribution, and effector-cell structure","excess magnitude, activity, quantity, or tissue state above the reference configuration",remaining_5256,7122b66a06be9910bdf35786427c7f6d179d0eae3e9916be639287373008a898,1830,572,83,114,603,197,0.12109001115544582,0.11780347070023811,-0.0032865404552077093,0.0032865404552077093,TOWARD_REFERENCE,0.06229508196721312,MINOR,1,231,,,03f4cd42f51dd03db1482614d0c7a1ceb31d181583bacd33dce56886e805cfd6,0.26695573573032405,0.19522040942722452,0.59375,-31,True,1375
SB2587,Hypergammaglobulinaemia,"circulating leukocyte production, distribution, and effector-cell structure","excess magnitude, activity, quantity, or tissue state above the reference configuration",remaining_5256,7122b66a06be9910bdf35786427c7f6d179d0eae3e9916be639287373008a898,1830,572,83,114,603,197,0.12109001115544582,0.11780347070023811,-0.0032865404552077093,0.0032865404552077093,TOWARD_REFERENCE,0.06229508196721312,MINOR,1,231,,,9d39fe3563c39039733de4103c4241e90aa2205b76b88c0212a8dcaa4ac70407,0.26695573573032405,0.19522040942722452,0.59375,-31,True,1376
SB1837,Eosinophilia,"circulating leukocyte production, distribution, and effector-cell structure","altered configuration or regulated output of the named structure, expressed as the state described by eosinophilia",remaining_5256,a84ca773e7526e8e855d08fa3511485dbae6efe614472f680deed021d2bec234,1830,500,64,111,547,175,0.10325059399465053,0.10638068990769978,0.0031300959130492467,0.0031300959130492467,AWAY_FROM_REFERENCE,0.060655737704918035,MINOR,1,231,,,29dc9b265137e63b468738a845ea352a0a877df3c800114832f2470cd80bf0f7,0.26694224035856035,0.20892346385190286,0.53125,-47,True,1377
SB1841,Eosinophiluria,"circulating leukocyte production, distribution, and effector-cell structure","abnormal presence, concentration, or excretion of the named material in urine",remaining_5256,d0eb1270aa50d632f12755a93623e844bd85ff350a483a25b662b65bafc97b7c,1830,678,111,95,662,206,0.1620712441060016,0.15591099054065527,-0.00616025356534633,0.00616025356534633,TOWARD_REFERENCE,0.05191256830601093,MINOR,1,231,,,93a09067445b12994a8fe479e2ba36797fed58a9e7c183b03a6199e845ba34b8,0.26686999423990093,0.2002606637071963,0.5703125,16,True,1378
SB0075,Ache,somatic sensory-transmission structure,increased nociceptive signaling associated with local tissue or neural perturbation,established_478,4ac84827295068581c2c784c83fad64b503214c0018d449b516f7ab38f1a540b,1770,894,85,79,888,164,0.24632411099850893,0.23150522094810744,-0.01481889005040149,0.01481889005040149,TOWARD_REFERENCE,0.04463276836158192,MINOR,1,210,,,7fc51dd0245d106e5467f5e1ec3bf4ff4cbe851c6cac12f3838b95274e03fe5d,0.26680040589565857,0.1933160437751934,0.6015625,6,True,1379
SB0076,Ache wrists,somatic sensory-transmission structure,increased nociceptive signaling associated with local tissue or neural perturbation,established_478,4ac84827295068581c2c784c83fad64b503214c0018d449b516f7ab38f1a540b,1770,894,85,79,888,164,0.24632411099850893,0.23150522094810744,-0.01481889005040149,0.01481889005040149,TOWARD_REFERENCE,0.04463276836158192,MINOR,1,210,,,e3cd2ea6b90c3d32e1e5ab40a1091494faae54f78d409e72b3c4f04ee090be32,0.26680040589565857,0.1933160437751934,0.6015625,6,True,1380
SB3529,Nail hypertrophy,"nail matrix, plate-production, and periungual structure",increase in tissue mass or cellular content beyond the reference configuration,remaining_5256,5416257d72100aad424b7db1ec44baf59dc7f018d5354c131b4a8def2a5e6032,36,16,1,0,15,1,0.1698388335918568,0.17906444993388038,0.009225616342023568,0.009225616342023568,AWAY_FROM_REFERENCE,0.0,INFORMATIONAL,0,230,,,3bc55fe9ba3e2405328d3253e46dccfb774fa060189e647c8d6847f6e482beb4,0.26637015605141845,0.2030809829895347,0.5546875,1,True,1381
SB0708,Blood immunoglobulin G decreased,"circulating leukocyte production, distribution, and effector-cell structure",measured or functional quantity shifted below its reference structural range,remaining_5256,5aad8e4e8783036ea18405d86514fa9a0b474556f53ee7a88f44636862b1ace0,1830,528,87,123,564,210,0.1326416682896474,0.12912016195231957,-0.00352150633732784,0.00352150633732784,TOWARD_REFERENCE,0.06721311475409836,MINOR,1,231,,,e2fae9d68992d22cf6e05c931631d7c85ab90b00d158b7ce0a027a17cd0b5cbe,0.26602147334774595,0.195796004082617,0.5859375,-36,True,1382
SB0720,Blood neutrophil count decreased,"circulating leukocyte production, distribution, and effector-cell structure",measured or functional quantity shifted below its reference structural range,remaining_5256,5aad8e4e8783036ea18405d86514fa9a0b474556f53ee7a88f44636862b1ace0,1830,528,87,123,564,210,0.1326416682896474,0.12912016195231957,-0.00352150633732784,0.00352150633732784,TOWARD_REFERENCE,0.06721311475409836,MINOR,1,231,,,3b921429b9529ee0b10a3418cb5a02ceee28df82ccb1c4d9ec1e54014ce6f995,0.26602147334774595,0.195796004082617,0.5859375,-36,True,1383
SB0905,CD4 lymphocytes decreased,"circulating leukocyte production, distribution, and effector-cell structure",measured or functional quantity shifted below its reference structural range,remaining_5256,5aad8e4e8783036ea18405d86514fa9a0b474556f53ee7a88f44636862b1ace0,1830,528,87,123,564,210,0.1326416682896474,0.12912016195231957,-0.00352150633732784,0.00352150633732784,TOWARD_REFERENCE,0.06721311475409836,MINOR,1,231,,,2cf489001edf79ede0474c41c73be7bf62b6c6db832df531c6e8430b073eaf51,0.26602147334774595,0.195796004082617,0.5859375,-36,True,1384
SB2158,Gammaglobulins decreased,"circulating leukocyte production, distribution, and effector-cell structure",measured or functional quantity shifted below its reference structural range,remaining_5256,5aad8e4e8783036ea18405d86514fa9a0b474556f53ee7a88f44636862b1ace0,1830,528,87,123,564,210,0.1326416682896474,0.12912016195231957,-0.00352150633732784,0.00352150633732784,TOWARD_REFERENCE,0.06721311475409836,MINOR,1,231,,,ec46752c97f80cef4a294c7ee75b01f4b7a2af86943384b4963881dcf3b8dfba,0.26602147334774595,0.195796004082617,0.5859375,-36,True,1385
SB2744,Immunoglobulin G low,"circulating leukocyte production, distribution, and effector-cell structure",measured or functional quantity shifted below its reference structural range,remaining_5256,5aad8e4e8783036ea18405d86514fa9a0b474556f53ee7a88f44636862b1ace0,1830,528,87,123,564,210,0.1326416682896474,0.12912016195231957,-0.00352150633732784,0.00352150633732784,TOWARD_REFERENCE,0.06721311475409836,MINOR,1,231,,,8b28091e1afc36130753d6922471efed9d856bd56569d3c0d22267db7be87665,0.26602147334774595,0.195796004082617,0.5859375,-36,True,1386
SB2745,Immunoglobulins decreased,"circulating leukocyte production, distribution, and effector-cell structure",measured or functional quantity shifted below its reference structural range,remaining_5256,5aad8e4e8783036ea18405d86514fa9a0b474556f53ee7a88f44636862b1ace0,1830,528,87,123,564,210,0.1326416682896474,0.12912016195231957,-0.00352150633732784,0.00352150633732784,TOWARD_REFERENCE,0.06721311475409836,MINOR,1,231,,,68f818f09ba9a1a326e703b0f9e822873c05f58e02a02537c96a78109e14198d,0.26602147334774595,0.195796004082617,0.5859375,-36,True,1387
SB3216,Lymphocyte count decreased,"circulating leukocyte production, distribution, and effector-cell structure",measured or functional quantity shifted below its reference structural range,remaining_5256,5aad8e4e8783036ea18405d86514fa9a0b474556f53ee7a88f44636862b1ace0,1830,528,87,123,564,210,0.1326416682896474,0.12912016195231957,-0.00352150633732784,0.00352150633732784,TOWARD_REFERENCE,0.06721311475409836,MINOR,1,231,,,79ad747047130a6c92b0cb1c66cee592c60e7faf94f5f8e2cc6cc2e2fa6172a7,0.26602147334774595,0.195796004082617,0.5859375,-36,True,1388
SB3390,Monocyte count decreased,"circulating leukocyte production, distribution, and effector-cell structure",measured or functional quantity shifted below its reference structural range,remaining_5256,5aad8e4e8783036ea18405d86514fa9a0b474556f53ee7a88f44636862b1ace0,1830,528,87,123,564,210,0.1326416682896474,0.12912016195231957,-0.00352150633732784,0.00352150633732784,TOWARD_REFERENCE,0.06721311475409836,MINOR,1,231,,,0b8179b6f52cbe2d0b4da406b042c2c61e0598076c17a6de183f5ddbdef99d0e,0.26602147334774595,0.195796004082617,0.5859375,-36,True,1389
SB3647,Neutrophil count decreased,"circulating leukocyte production, distribution, and effector-cell structure",measured or functional quantity shifted below its reference structural range,remaining_5256,5aad8e4e8783036ea18405d86514fa9a0b474556f53ee7a88f44636862b1ace0,1830,528,87,123,564,210,0.1326416682896474,0.12912016195231957,-0.00352150633732784,0.00352150633732784,TOWARD_REFERENCE,0.06721311475409836,MINOR,1,231,,,ab03a70f793180cf03275a7fb25f33078594dcbc7774287affe6517d3a002c5d,0.26602147334774595,0.195796004082617,0.5859375,-36,True,1390
SB5692,White blood cell count decreased,"circulating leukocyte production, distribution, and effector-cell structure",measured or functional quantity shifted below its reference structural range,remaining_5256,5aad8e4e8783036ea18405d86514fa9a0b474556f53ee7a88f44636862b1ace0,1830,528,87,123,564,210,0.1326416682896474,0.12912016195231957,-0.00352150633732784,0.00352150633732784,TOWARD_REFERENCE,0.06721311475409836,MINOR,1,231,,,c958358c339e48610faba46c4a055368f1154c672970f0270e75f525367799c5,0.26602147334774595,0.195796004082617,0.5859375,-36,True,1391
SB5694,White blood cell count low,"circulating leukocyte production, distribution, and effector-cell structure",measured or functional quantity shifted below its reference structural range,remaining_5256,5aad8e4e8783036ea18405d86514fa9a0b474556f53ee7a88f44636862b1ace0,1830,528,87,123,564,210,0.1326416682896474,0.12912016195231957,-0.00352150633732784,0.00352150633732784,TOWARD_REFERENCE,0.06721311475409836,MINOR,1,231,,,cb5f1c4deb025d318d7ef1b11abc076a4475065b57e8c2c3a98d37b46f543243,0.26602147334774595,0.195796004082617,0.5859375,-36,True,1392
SB2610,Hyperprolactinaemia,hypothalamic-pituitary hormone-control and release structure,"excess magnitude, activity, quantity, or tissue state above the reference configuration",remaining_5256,b5ba9af2af21a69a05107de59428a8a191501f00be55a50d629b8e4aef89bacc,741,364,53,25,336,78,0.15789347166511003,0.14825116713176412,-0.009642304533345913,0.009642304533345913,TOWARD_REFERENCE,0.033738191632928474,MINOR,1,174,,,75d8e72776cbeba560dc9afc84f13356e2296f1c97e21fd83dc2a8ba805f5019,0.2658798797397407,0.19562332895090329,0.5859375,28,True,1393
SB1654,Dysaesthesia,somatosensory peripheral-central sensory-transmission structure,abnormal sensory perception or sensory-transmission state,remaining_5256,ae243172576a4f36b12fce290640db1f374a70880eb3097c9a8569847467f8cf,105,51,9,5,47,14,0.14954313417088816,0.1520265943757506,0.0024834602048624532,0.0024834602048624532,AWAY_FROM_REFERENCE,0.047619047619047616,MINOR,1,230,,,18aac9bde4e936d053e15fc34e63f6c53864c4e2734bd4db974a8ca082f8dc6c,0.26569245651239515,0.19539476403950629,0.5859375,4,True,1394
SB0264,Amyloidosis,extracellular protein-folding and amyloid-deposition structure,extracellular deposition of misfolded protein fibrils with progressive tissue architectural disruption,established_478,22bae2e12302e7dfb66b3fec4cf17729dc08d1e76a01377c95d8857a4df65b56,3,2,0,1,3,1,0.14170996544260595,0.14250273497464883,0.0007927695320428807,0.0007927695320428807,AWAY_FROM_REFERENCE,0.3333333333333333,MODERATE,2,230,,,ec42bf68df06a1372ed81c0d0e5a3be4cf9060e8d28d75c631c2615906c9d3ec,0.2656799357820122,0.19880937290489298,0.5703125,-1,True,1395
SB2371,Haemoglobinaemia,"erythrocyte production, integrity, and oxygen-transport structure",abnormal concentration or presence of the named material/cell state in circulating blood,remaining_5256,780a618c02b7b8114f4eaec638077540c3f264d275c7d676292c3160e9b7ce4e,15,13,2,0,11,2,0.16513114191039868,0.15942539950008983,-0.005705742410308856,0.005705742410308856,TOWARD_REFERENCE,0.0,INFORMATIONAL,0,174,,,0117381fa5805e24ed8fef8b3207e46cbe8e88fb478caef1ccc74569e3f56fdc,0.26561296787170413,0.18672313155085873,0.625,2,True,1396
SB3351,Methaemoglobinaemia,"erythrocyte production, integrity, and oxygen-transport structure",abnormal concentration or presence of the named material/cell state in circulating blood,remaining_5256,780a618c02b7b8114f4eaec638077540c3f264d275c7d676292c3160e9b7ce4e,15,13,2,0,11,2,0.16513114191039868,0.15942539950008983,-0.005705742410308856,0.005705742410308856,TOWARD_REFERENCE,0.0,INFORMATIONAL,0,174,,,ee2dc6cf0fc69af267904e4306aee969734e7755279f17122dfe7bdc8cc47a25,0.26561296787170413,0.18672313155085873,0.625,2,True,1397
SB5089,Sulphaemoglobinaemia,"erythrocyte production, integrity, and oxygen-transport structure",abnormal concentration or presence of the named material/cell state in circulating blood,remaining_5256,780a618c02b7b8114f4eaec638077540c3f264d275c7d676292c3160e9b7ce4e,15,13,2,0,11,2,0.16513114191039868,0.15942539950008983,-0.005705742410308856,0.005705742410308856,TOWARD_REFERENCE,0.0,INFORMATIONAL,0,174,,,bf810b0c89ade05d996377a8c979bda51ff230ee07fe3540d5d6048838ddadd6,0.26561296787170413,0.18672313155085873,0.625,2,True,1398
SB3250,Malignant neoplasm of pancreas,pancreatic endocrine-exocrine parenchymal and ductal structure,loss of normal proliferative/differentiation constraint with clonal tissue expansion and architectural replacement,remaining_5256,f9faa9b856ffbabe6b0f349ebcd12361fdabf124cec424cb23d00886209862be,91,43,7,2,38,9,0.18501958612658664,0.1807825357793229,-0.004237050347263738,0.004237050347263738,TOWARD_REFERENCE,0.02197802197802198,MINOR,1,230,,,1cd67f866a85b5cedea8b2f41d8490ff5f21874d86373c25eada20b5fb7a56b4,0.26525294137238353,0.20686334313705312,0.53125,5,True,1399
SB3927,Pancreatic carcinoma,pancreatic endocrine-exocrine parenchymal and ductal structure,loss of normal proliferative/differentiation constraint with clonal tissue expansion and architectural replacement,remaining_5256,f9faa9b856ffbabe6b0f349ebcd12361fdabf124cec424cb23d00886209862be,91,43,7,2,38,9,0.18501958612658664,0.1807825357793229,-0.004237050347263738,0.004237050347263738,TOWARD_REFERENCE,0.02197802197802198,MINOR,1,230,,,2701824d48df91042dd1ab8c0408fefd0aee8375293d8434f12c086453c0f442,0.26525294137238353,0.20686334313705312,0.53125,5,True,1400
SB3933,Pancreatic neoplasm,pancreatic endocrine-exocrine parenchymal and ductal structure,loss of normal proliferative/differentiation constraint with clonal tissue expansion and architectural replacement,remaining_5256,f9faa9b856ffbabe6b0f349ebcd12361fdabf124cec424cb23d00886209862be,91,43,7,2,38,9,0.18501958612658664,0.1807825357793229,-0.004237050347263738,0.004237050347263738,TOWARD_REFERENCE,0.02197802197802198,MINOR,1,230,,,5a694dd41736ba2c6679e1e17c4631c8865b3d44a4c9cb1042e15c26e9e2f81e,0.26525294137238353,0.20686334313705312,0.53125,5,True,1401
SB4162,Pituitary tumour,hypothalamic-pituitary hormone-control and release structure,loss of normal proliferative/differentiation constraint with clonal tissue expansion and architectural replacement,remaining_5256,db6c6f33f5bc48f53bba5c813c2e2bd841f87284fe5b04ba541f5e65879e8a44,741,391,49,22,364,71,0.17568209479128472,0.1657079786475777,-0.009974116143707024,0.009974116143707024,TOWARD_REFERENCE,0.029689608636977057,MINOR,1,174,,,bbc1e55140ccc56f04e4318bb3e225df5328160f94844e8d7bb64127af03c491,0.2652071869715559,0.20166272801409257,0.5546875,27,True,1402
SB4163,Pituitary tumour benign,hypothalamic-pituitary hormone-control and release structure,loss of normal proliferative/differentiation constraint with clonal tissue expansion and architectural replacement,remaining_5256,db6c6f33f5bc48f53bba5c813c2e2bd841f87284fe5b04ba541f5e65879e8a44,741,391,49,22,364,71,0.17568209479128472,0.1657079786475777,-0.009974116143707024,0.009974116143707024,TOWARD_REFERENCE,0.029689608636977057,MINOR,1,174,,,738b85433c947607756506ded0fb72a3f4bc6911e8153a2b3c34dbc25320f70b,0.2652071869715559,0.20166272801409257,0.5546875,27,True,1403
SB4450,Pulmonary valve incompetence,"pulmonary airway-alveolar, pleural, and gas-exchange structure",failure of valve closure producing abnormal retrograde flow,remaining_5256,76b0cb0f52e66b3183f311627dcc7614a40bda87fa4659967d5b0f991371a3bc,36,16,1,2,17,3,0.19436361209059205,0.18570968795820175,-0.0086539241323903,0.0086539241323903,TOWARD_REFERENCE,0.05555555555555555,MINOR,1,231,,,32bfcae996b9e8d15bdc66a46dad40a6eb683a44ad71db34ac4aee01f08b97f7,0.26496806002567064,0.19108147564106182,0.6015625,-1,True,1404
SB4585,Renal cyst,renal glomerular-tubular filtration and fluid-balance structure,abnormal enclosed fluid or semisolid cavity within the named tissue,remaining_5256,b7e07bfc8de2916153cc0d83d1dd5f25bd4d4f6c3ba285542c4d7b52afbec90b,91,39,13,9,35,22,0.17418678380692776,0.1701779540812005,-0.004008829725727248,0.004008829725727248,TOWARD_REFERENCE,0.0989010989010989,MINOR,1,231,,,e365adfd35a89fea59360a072fa4d803887007531c181c427d21036f40be547f,0.26431885594827687,0.20400927554667914,0.5390625,4,True,1405
SB0466,Arthropathy,synovial-joint inflammatory and cartilage-bone interface structure,"abnormal joint cartilage, capsule, bone-interface, or mechanical function",established_478,5c789e225f16c28710136a24e52399a0e8fb993818187f15e88dc7e8a0e8e91d,136,72,3,5,74,8,0.14904318504920133,0.15006744034814512,0.001024255298943788,0.001024255298943788,AWAY_FROM_REFERENCE,0.03676470588235294,MINOR,1,231,,,289f394f5740522b8448b8b83f02dcf26429e4741de23aa3ea254bb34b699c20,0.2642572938424924,0.19707444371035665,0.5703125,-2,True,1406
SB1256,Congenital cystic kidney disease,renal glomerular-tubular filtration and fluid-balance structure,"developmental patterning deviation producing absent, incomplete, or abnormally organized structure",remaining_5256,45fd59b67ab3b61a87b8c2711a99901073cc7559f98b8221f3f4b263567f8f99,91,30,4,11,37,15,0.16886655467661216,0.16416368498550227,-0.00470286969110989,0.00470286969110989,TOWARD_REFERENCE,0.12087912087912088,MINOR,1,231,,,f267321ada01a60e2e5cdf34af0fbf8fa552b97329847d04606a01bdde601955,0.2638030365397239,0.19309059334112677,0.5859375,-7,True,1407
SB1263,Congenital hydronephrosis,renal glomerular-tubular filtration and fluid-balance structure,"developmental patterning deviation producing absent, incomplete, or abnormally organized structure",remaining_5256,45fd59b67ab3b61a87b8c2711a99901073cc7559f98b8221f3f4b263567f8f99,91,30,4,11,37,15,0.16886655467661216,0.16416368498550227,-0.00470286969110989,0.00470286969110989,TOWARD_REFERENCE,0.12087912087912088,MINOR,1,231,,,e0a1922a8446b71e6460d841b84ffb284c1c8e16ae3e8606b47ca024092a0274,0.2638030365397239,0.19309059334112677,0.5859375,-7,True,1408
SB1270,Congenital renal cyst,renal glomerular-tubular filtration and fluid-balance structure,"developmental patterning deviation producing absent, incomplete, or abnormally organized structure",remaining_5256,45fd59b67ab3b61a87b8c2711a99901073cc7559f98b8221f3f4b263567f8f99,91,30,4,11,37,15,0.16886655467661216,0.16416368498550227,-0.00470286969110989,0.00470286969110989,TOWARD_REFERENCE,0.12087912087912088,MINOR,1,231,,,e10368355bc12fed6d5cd17750d5d6fbc98ed2558ba49a3f20a31e106a6f0c69,0.2638030365397239,0.19309059334112677,0.5859375,-7,True,1409
SB4577,Renal agenesis,renal glomerular-tubular filtration and fluid-balance structure,"developmental patterning deviation producing absent, incomplete, or abnormally organized structure",remaining_5256,45fd59b67ab3b61a87b8c2711a99901073cc7559f98b8221f3f4b263567f8f99,91,30,4,11,37,15,0.16886655467661216,0.16416368498550227,-0.00470286969110989,0.00470286969110989,TOWARD_REFERENCE,0.12087912087912088,MINOR,1,231,,,e3e67824659a35ba266606b62cabf7319cd8b194d5b9362d471070a3d8abf687,0.2638030365397239,0.19309059334112677,0.5859375,-7,True,1410
SB4578,Renal aplasia,renal glomerular-tubular filtration and fluid-balance structure,"developmental patterning deviation producing absent, incomplete, or abnormally organized structure",remaining_5256,45fd59b67ab3b61a87b8c2711a99901073cc7559f98b8221f3f4b263567f8f99,91,30,4,11,37,15,0.16886655467661216,0.16416368498550227,-0.00470286969110989,0.00470286969110989,TOWARD_REFERENCE,0.12087912087912088,MINOR,1,231,,,52a911351cc5fed97e4da1e94504fc09b5debfad9bbdbaf14344d37d766869ac,0.2638030365397239,0.19309059334112677,0.5859375,-7,True,1411
SB4192,Pleural infection,"pleural membrane, pleural-space, and thoracic mechanical structure",pathogen-associated occupation/invasion with host-defense activation and local structural disruption,remaining_5256,4ae465744934a52206e240c75386d213251882c2baf172f8ce7ef841bc111a3f,36,22,2,0,20,2,0.15763427363549953,0.1496270382002649,-0.008007235435234628,0.008007235435234628,TOWARD_REFERENCE,0.0,INFORMATIONAL,0,197,,,55028ea489286447291e5194f449cb8f803436690f09495e8af80d7a3c7f7f61,0.2637412500524252,0.19644512201515274,0.5703125,2,True,1412
SB4432,Pulmonary embolism,"pulmonary airway-alveolar, pleural, and gas-exchange structure",mobile intravascular obstruction with downstream perfusion loss,remaining_5256,f0eef5b02212ecf762aa23280feb59e2443898e1ea715083c9b19526fc7a0e68,36,21,3,0,18,3,0.2110453241005994,0.200751280425276,-0.010294043675323383,0.010294043675323383,TOWARD_REFERENCE,0.0,INFORMATIONAL,0,231,,,6281a2da49ff9a46a58be2a946291834260f89fa581b5053e5d1a939f3ed769c,0.2636741451765018,0.19807822582500223,0.5625,3,True,1413
SB3502,Myocardial rupture,myocardial cellular viability and tissue-integrity structure,structural continuity failure producing an abnormal opening or separation,remaining_5256,ae8e11b7f4227f313af91d7e2b7c5a7285f281c42a67f1ef73851f1980096a5a,21,9,3,2,8,5,0.16975635624147212,0.16132113203355514,-0.00843522420791698,0.00843522420791698,TOWARD_REFERENCE,0.09523809523809523,MINOR,1,231,,,a37b90f148abe67d4f5674f18c765e93c64008ccec3132745411aa832dbbb176,0.2636377778130429,0.20146375343054013,0.546875,1,True,1414
SB1835,Eosinophil count abnormal,"circulating leukocyte production, distribution, and effector-cell structure",departure from the reference structural configuration or regulated functional range,remaining_5256,2642b81455fef19aef21633659baafd1571664739ce06ad8b6e504f30864b12a,1830,607,101,120,626,221,0.1225799666963876,0.11653697291620979,-0.006042993780177808,0.006042993780177808,TOWARD_REFERENCE,0.06557377049180328,MINOR,1,231,,,d1950221894e4e06704b06b2304ba7e62dcc05df3ca0600b1b94caef2563106e,0.26264338501547174,0.1968212012383802,0.5625,-19,True,1415
SB3214,Lymphocyte abnormal,"circulating leukocyte production, distribution, and effector-cell structure",departure from the reference structural configuration or regulated functional range,remaining_5256,2642b81455fef19aef21633659baafd1571664739ce06ad8b6e504f30864b12a,1830,607,101,120,626,221,0.1225799666963876,0.11653697291620979,-0.006042993780177808,0.006042993780177808,TOWARD_REFERENCE,0.06557377049180328,MINOR,1,231,,,41c475ab09f7639755b9f8dc0829940cecd724bd3a3885b505358c4d63ca5e3d,0.26264338501547174,0.1968212012383802,0.5625,-19,True,1416
SB3215,Lymphocyte count abnormal,"circulating leukocyte production, distribution, and effector-cell structure",departure from the reference structural configuration or regulated functional range,remaining_5256,2642b81455fef19aef21633659baafd1571664739ce06ad8b6e504f30864b12a,1830,607,101,120,626,221,0.1225799666963876,0.11653697291620979,-0.006042993780177808,0.006042993780177808,TOWARD_REFERENCE,0.06557377049180328,MINOR,1,231,,,adeb9b5e5e1287bfdbd803f2861de855f6365b1812886e8058d2a1f3ced5095d,0.26264338501547174,0.1968212012383802,0.5625,-19,True,1417
SB5691,White blood cell count abnormal,"circulating leukocyte production, distribution, and effector-cell structure",departure from the reference structural configuration or regulated functional range,remaining_5256,2642b81455fef19aef21633659baafd1571664739ce06ad8b6e504f30864b12a,1830,607,101,120,626,221,0.1225799666963876,0.11653697291620979,-0.006042993780177808,0.006042993780177808,TOWARD_REFERENCE,0.06557377049180328,MINOR,1,231,,,f8c964439545a28fee07fe89fe0bc005ffb4d201e0525f70618184ed3ac6001a,0.26264338501547174,0.1968212012383802,0.5625,-19,True,1418
SB5695,White blood cell disorder,"circulating leukocyte production, distribution, and effector-cell structure",departure from the reference structural configuration or regulated functional range,remaining_5256,2642b81455fef19aef21633659baafd1571664739ce06ad8b6e504f30864b12a,1830,607,101,120,626,221,0.1225799666963876,0.11653697291620979,-0.006042993780177808,0.006042993780177808,TOWARD_REFERENCE,0.06557377049180328,MINOR,1,231,,,13ac6243317f219533e5c9c13ace425f8c989403adc8ebba2611e572c8dae5c3,0.26264338501547174,0.1968212012383802,0.5625,-19,True,1419
SB3500,Myocardial necrosis,myocardial cellular viability and tissue-integrity structure,loss of cellular viability with local tissue structural breakdown,remaining_5256,7de674cc7ac30e70b55436302756022d5116e07af499719b3b62d5451b93d150,21,9,3,3,9,6,0.16960309619399327,0.16230467790639425,-0.007298418287599029,0.007298418287599029,TOWARD_REFERENCE,0.14285714285714285,MINOR,1,231,,,011700dea1479af69b718618a9a589c461bda3143677cc6b70a9694adb468194,0.2624020695733267,0.19481197508942283,0.5703125,0,True,1420
SB4593,Renal haemorrhage,renal glomerular-tubular filtration and fluid-balance structure,vascular or tissue integrity breach with blood extravasation/accumulation,remaining_5256,e34a46729526796ba0128ef762e1a7fe1fcd37078ffdbf16858f36dd6132de71,91,32,7,7,32,14,0.1877974343910105,0.1793714639977989,-0.00842597039321158,0.00842597039321158,TOWARD_REFERENCE,0.07692307692307693,MINOR,1,231,,,be9e3803143791eb91a4144ab9f902c4645a902127a445332fdc72055873cfa7,0.2617700930451389,0.1991860890794377,0.546875,0,True,1421
SB2370,Haemoglobin normal,"erythrocyte production, integrity, and oxygen-transport structure",measured state within the declared reference range rather than a malformation,remaining_5256,a9dba591c4085aae4de8deac76bc8c5fe09ef3fab8a53d7b82f39024333b1d16,15,12,0,1,13,1,0.1542878368062992,0.1510717971043517,-0.003216039701947504,0.003216039701947504,TOWARD_REFERENCE,0.06666666666666667,MINOR,1,174,,,92c7eb7472d93d8e949a94fe3cbaba1c36461cde9f30be1ba85ca7906f6eafc0,0.26102992476128384,0.19485356678205346,0.5625,-1,True,1422
SB4549,Red blood cell abnormality,"erythrocyte production, integrity, and oxygen-transport structure",measured state within the declared reference range rather than a malformation,remaining_5256,a9dba591c4085aae4de8deac76bc8c5fe09ef3fab8a53d7b82f39024333b1d16,15,12,0,1,13,1,0.1542878368062992,0.1510717971043517,-0.003216039701947504,0.003216039701947504,TOWARD_REFERENCE,0.06666666666666667,MINOR,1,174,,,5927a89caff5db278b9183519c3d84d18cc821a8bd4141278e5c741910e7431e,0.26102992476128384,0.19485356678205346,0.5625,-1,True,1423
SB0464,Arthritis bacterial,synovial-joint pathogen-defense and structure,pathogen-associated occupation/invasion with host-defense activation and local structural disruption,established_478,7a09c3cb13b66d941be6f72fd8b214e86e9d0d6eb7c14d307e432513a214ea26,2556,909,45,93,957,138,0.20006618032272072,0.19748552469098035,-0.0025806556317403695,0.0025806556317403695,TOWARD_REFERENCE,0.036384976525821594,MINOR,1,230,,,cd71d30f2743d1f5df069cca815b4b3972e4444fbb47d150b5eb37fab94182a9,0.26054589453093335,0.18397365186699188,0.609375,-48,True,1424
SB0465,Arthritis infective,synovial-joint pathogen-defense and structure,pathogen-associated occupation/invasion with host-defense activation and local structural disruption,established_478,7a09c3cb13b66d941be6f72fd8b214e86e9d0d6eb7c14d307e432513a214ea26,2556,909,45,93,957,138,0.20006618032272072,0.19748552469098035,-0.0025806556317403695,0.0025806556317403695,TOWARD_REFERENCE,0.036384976525821594,MINOR,1,230,,,20177b7807226669a598bfe5781938d73578a6e4a66762a97f95bf24117798ea,0.26054589453093335,0.18397365186699188,0.609375,-48,True,1425
SB0136,Acute lymphocytic leukaemia,lymphoid hematopoietic precursor proliferation structure,abnormal concentration or presence of the named material/cell state in circulating blood,established_478,3609e9799b86f6aff4252375ca3d347b10b2242742cc2fb3fcc06e8e798391a4,1176,532,66,48,514,114,0.18665133638620035,0.1799551160094972,-0.006696220376703144,0.006696220376703144,TOWARD_REFERENCE,0.04081632653061224,MINOR,1,186,,,dcce9210a0ec38128f40e43ed4f74667d06ffe21cc12255e39dff250e8e93520,0.2600853748268166,0.18169710344733736,0.6171875,18,True,1426
SB0021,Abdominal injury,abdominal tissue mechanical-integrity structure,externally imposed mechanical/thermal/chemical tissue-integrity disruption,established_478,da920c787cf453f7fc7dcd6ace6d7cdec86430fb26d58018292068a4236add74,10,4,1,0,3,1,0.1507024967643339,0.14819852330584737,-0.002503973458486519,0.002503973458486519,TOWARD_REFERENCE,0.0,INFORMATIONAL,0,230,,,63763395dc88bf14d475133dd8f3b12a18aeb0e06f61531232eeeebd408bbe49,0.2595553889809805,0.19305535241582994,0.5625,1,True,1427
SB3496,Myocardial haemorrhage,myocardial cellular viability and tissue-integrity structure,vascular or tissue integrity breach with blood extravasation/accumulation,remaining_5256,94638982af1f89cfcac3485c491e6de243c57d5c8223869cda3c4403fd8e18da,21,11,2,2,11,4,0.2098985627912846,0.19687022553419142,-0.013028337257093181,0.013028337257093181,TOWARD_REFERENCE,0.09523809523809523,MINOR,1,231,,,8ef1ce10ff24b38fb35fd7025f4ec63b88c57b2fcdc3b43abe9e3bd573da321b,0.259175823483961,0.19259246766336713,0.5625,0,True,1428
SB0035,Abdominal wall abscess,abdominal-wall soft-tissue innate-immune structure,localized inflammatory cavity with tissue breakdown and accumulated cellular/fluid contents,established_478,326ca0adec40ba55374c43257f4529f2c30aba058e646832da8137b783c9967c,780,326,55,50,321,105,0.1424437007244196,0.1411335755224965,-0.0013101252019230847,0.0013101252019230847,TOWARD_REFERENCE,0.0641025641025641,MINOR,1,222,,,125f4346e7e5efe3032d83e27e1c2109e4ab8e8c1efddfd315fbd717d45e98a8,0.2588613606168151,0.1939239153863599,0.5546875,5,True,1429
SB4600,Renal papillary necrosis,renal glomerular-tubular filtration and fluid-balance structure,loss of cellular viability with local tissue structural breakdown,remaining_5256,d970a503e0c2cff288dc0f8c595c3e0c9d099b87ee0aac74528f56fed5fb8331,91,40,5,6,41,11,0.18222099309351814,0.1775294154089091,-0.0046915776846090385,0.0046915776846090385,TOWARD_REFERENCE,0.06593406593406594,MINOR,1,231,,,18c75baf470ee2379b329e75312b1c8c9abba1758c14b62ac42fbcf98c81595e,0.2585528476486017,0.19697755810805084,0.5390625,-1,True,1430
SB4604,Renal tubular necrosis,renal glomerular-tubular filtration and fluid-balance structure,loss of cellular viability with local tissue structural breakdown,remaining_5256,d970a503e0c2cff288dc0f8c595c3e0c9d099b87ee0aac74528f56fed5fb8331,91,40,5,6,41,11,0.18222099309351814,0.1775294154089091,-0.0046915776846090385,0.0046915776846090385,TOWARD_REFERENCE,0.06593406593406594,MINOR,1,231,,,cb5b05d9e299dd87776181031ef277cb0dbb949a7c88677a2f1c68397cde6648,0.2585528476486017,0.19697755810805084,0.5390625,-1,True,1431
SB0297,Anencephaly,forebrain-neural-tube developmental structure,developmental absence of major cranial neural structures and overlying skull formation,established_478,6f7eafccfa87187b7d1a65cfac891569b902f0fe6d152fc12400de3a5889c185,6,5,1,0,4,1,0.2411978214753676,0.23734450841081012,-0.0038533130645574953,0.0038533130645574953,TOWARD_REFERENCE,0.0,INFORMATIONAL,0,231,,,0f21a4c0bc3e647dba88c5818d6789aa88d8b53ec2a4db7bc564effac71a7a72,0.25825957953901474,0.1914750969987985,0.5625,1,True,1432
SB3926,Pancreatic abscess,pancreatic endocrine-exocrine parenchymal and ductal structure,localized inflammatory cavity with tissue breakdown and accumulated cellular/fluid contents,remaining_5256,306488bce895568f7675dc0f0e954bf2e05395ba8c495b1feb522f9d4f93393e,91,41,8,4,37,12,0.1866460527001872,0.17493242525492214,-0.011713627445265051,0.011713627445265051,TOWARD_REFERENCE,0.04395604395604396,MINOR,1,230,,,8f90e960f53c68b7eb874043e1ce543257eef03fc55cee9edb6ae731f78b945a,0.2575687114225525,0.19063257490555185,0.5625,4,True,1433
SB0132,Acute kidney injury,renal glomerular-tubular filtration and fluid-balance structure,externally imposed mechanical/thermal/chemical tissue-integrity disruption,established_478,9705c6c56a21bf03d9d46749ba6fd0dce3ad1cb38aba087f808e0f39a63ede6a,91,32,4,6,34,10,0.16056299178112354,0.1586607810026046,-0.0019022107785189313,0.0019022107785189313,TOWARD_REFERENCE,0.06593406593406594,MINOR,1,231,,,67e241634252985722e557d2a34f8d80cf6906f7ce7351e3e008d0704685009b,0.2573809397071597,0.19554840208190205,0.5390625,-2,True,1434
SB0698,Blood follicle stimulating hormone increased,hypothalamic-pituitary hormone-control and release structure,measured or functional quantity shifted above its reference structural range,remaining_5256,7858bf29f85da303f968bf5e0881f0cc1a31d4cea314b1260d5f26c42761cf18,741,347,50,21,318,71,0.18782873557976476,0.17238756421073131,-0.015441171369033446,0.015441171369033446,TOWARD_REFERENCE,0.02834008097165992,MINOR,1,174,,,a9b40581c526b8b69755e662948758007b7c44dd93ac411814f53ef5c0400475,0.2566969589283138,0.19128440113209,0.5546875,29,True,1435
SB0706,Blood gonadotrophin increased,hypothalamic-pituitary hormone-control and release structure,measured or functional quantity shifted above its reference structural range,remaining_5256,7858bf29f85da303f968bf5e0881f0cc1a31d4cea314b1260d5f26c42761cf18,741,347,50,21,318,71,0.18782873557976476,0.17238756421073131,-0.015441171369033446,0.015441171369033446,TOWARD_REFERENCE,0.02834008097165992,MINOR,1,174,,,e8ed95757087813b4df75498f931f3f507d2e0290316f192ecb235cdf0a34300,0.2566969589283138,0.19128440113209,0.5546875,29,True,1436
SB0707,Blood growth hormone increased,hypothalamic-pituitary hormone-control and release structure,measured or functional quantity shifted above its reference structural range,remaining_5256,7858bf29f85da303f968bf5e0881f0cc1a31d4cea314b1260d5f26c42761cf18,741,347,50,21,318,71,0.18782873557976476,0.17238756421073131,-0.015441171369033446,0.015441171369033446,TOWARD_REFERENCE,0.02834008097165992,MINOR,1,174,,,897a0858febfcc7ab49e39a40254c52bc83ab715292a10b9f45062d90a11938b,0.2566969589283138,0.19128440113209,0.5546875,29,True,1437
SB0715,Blood luteinising hormone increased,hypothalamic-pituitary hormone-control and release structure,measured or functional quantity shifted above its reference structural range,remaining_5256,7858bf29f85da303f968bf5e0881f0cc1a31d4cea314b1260d5f26c42761cf18,741,347,50,21,318,71,0.18782873557976476,0.17238756421073131,-0.015441171369033446,0.015441171369033446,TOWARD_REFERENCE,0.02834008097165992,MINOR,1,174,,,fe7dacb080e1387db3cd9b48d037e0cf9697635d2e588f66ada2a9ad38710470,0.2566969589283138,0.19128440113209,0.5546875,29,True,1438
SB0744,Blood prolactin increased,hypothalamic-pituitary hormone-control and release structure,measured or functional quantity shifted above its reference structural range,remaining_5256,7858bf29f85da303f968bf5e0881f0cc1a31d4cea314b1260d5f26c42761cf18,741,347,50,21,318,71,0.18782873557976476,0.17238756421073131,-0.015441171369033446,0.015441171369033446,TOWARD_REFERENCE,0.02834008097165992,MINOR,1,174,,,f523cb6400d2b948d7245951384b3e86d4e63de5917b5d7c8b36b1f6bbc43d6b,0.2566969589283138,0.19128440113209,0.5546875,29,True,1439
SB2780,Increased prolactin level,hypothalamic-pituitary hormone-control and release structure,measured or functional quantity shifted above its reference structural range,remaining_5256,7858bf29f85da303f968bf5e0881f0cc1a31d4cea314b1260d5f26c42761cf18,741,347,50,21,318,71,0.18782873557976476,0.17238756421073131,-0.015441171369033446,0.015441171369033446,TOWARD_REFERENCE,0.02834008097165992,MINOR,1,174,,,b0808fbede510093d71c0001423ec44d7f74d8ace7f8e3b0a85844e7f4768ce5,0.2566969589283138,0.19128440113209,0.5546875,29,True,1440
SB4821,Serum prolactin increased,hypothalamic-pituitary hormone-control and release structure,measured or functional quantity shifted above its reference structural range,remaining_5256,7858bf29f85da303f968bf5e0881f0cc1a31d4cea314b1260d5f26c42761cf18,741,347,50,21,318,71,0.18782873557976476,0.17238756421073131,-0.015441171369033446,0.015441171369033446,TOWARD_REFERENCE,0.02834008097165992,MINOR,1,174,,,e0e19f9fc49f12ffe0cd788cbaf44fb86aa16d7fab910a643f4bf5da5b98382c,0.2566969589283138,0.19128440113209,0.5546875,29,True,1441
SB2665,Hypogammaglobulinaemia,"circulating leukocyte production, distribution, and effector-cell structure","deficient magnitude, activity, quantity, or tissue state below the reference configuration",remaining_5256,0c6820968f9a039fa8a7b1a881071a266992baf011d8c2ed89d8a05d61e7be16,1830,563,88,124,599,212,0.1208360136206833,0.1176462906218061,-0.003189722998877209,0.003189722998877209,TOWARD_REFERENCE,0.06775956284153005,MINOR,1,231,,,b4ec52623be94b957ec207bc38d9123a83d7465da4488213c53d5a3a37639771,0.2566032589340677,0.18774025479764356,0.5703125,-36,True,1442
SB3521,Nail abnormality NOS,"nail matrix, plate-production, and periungual structure",measured state within the declared reference range rather than a malformation,remaining_5256,a7947088201e5fcdde17f6175b15ed1674f17d9fcd935e56b8b0637f042205b5,36,10,1,0,9,1,0.15783673931088726,0.16282136210655174,0.004984622795664473,0.004984622795664473,AWAY_FROM_REFERENCE,0.0,INFORMATIONAL,0,230,,,ec23ec8c0ccbafa6e3abebf84cbff272ada0ff11b016c5095e83c81ca4be3d2d,0.25631526264786597,0.1942487959120317,0.5390625,1,True,1443
SB5421,Urethral stenosis,"urethral lumen, mucosal, sphincter, and urine-flow structure",pathologic lumen narrowing with increased resistance to transit or flow,remaining_5256,771e0f09f3e0879a95414afa6e2968f1c8a7f5cb6c3b82236749ffa8473ac8d8,465,155,11,17,161,28,0.18763055712185617,0.17588781319090885,-0.01174274393094732,0.01174274393094732,TOWARD_REFERENCE,0.03655913978494624,MINOR,1,231,,,7596a56d27ce6919a72dae46be79cf7c6727e05580e0ec66687b712ddec3dd73,0.2555286133750083,0.18471477240854672,0.578125,-6,True,1444
SB1718,Ectopic ossification,"bone formation, mineralized-matrix deposition, and skeletal-remodeling structure",mineralized bone formation within soft tissue outside the normal skeletal architecture,remaining_5256,64777a1aa8d848bf9cf01b55a701c119f3392af8d24b90c27cb9cb628b629fb8,406,139,7,14,146,21,0.12924905597649472,0.13007127853118172,0.0008222225546870021,0.0008222225546870021,AWAY_FROM_REFERENCE,0.034482758620689655,MINOR,1,230,,,62cc8ab8bcebd3ef93ec36765b3edbcd8fb101d914399c2ffd0dec7ea6390fd9,0.25536083082847827,0.1913699156444857,0.546875,-7,True,1445
SB1938,Extraskeletal ossification,"bone formation, mineralized-matrix deposition, and skeletal-remodeling structure",mineralized bone formation within soft tissue outside the normal skeletal architecture,remaining_5256,64777a1aa8d848bf9cf01b55a701c119f3392af8d24b90c27cb9cb628b629fb8,406,139,7,14,146,21,0.12924905597649472,0.13007127853118172,0.0008222225546870021,0.0008222225546870021,AWAY_FROM_REFERENCE,0.034482758620689655,MINOR,1,230,,,cf2a0ceb5da636bd64e005347c6558250069c2c19e37eed5b58289ee18382051,0.25536083082847827,0.1913699156444857,0.546875,-7,True,1446
SB0705,Blood gonadotrophin decreased,hypothalamic-pituitary hormone-control and release structure,measured or functional quantity shifted below its reference structural range,remaining_5256,62fc0a9bb51db0fc63ff3ab2ad1a781ef1b973378c0dbf8d97e8bba7cee5c051,741,362,59,19,322,78,0.19057451909068457,0.17257891056315966,-0.01799560852752491,0.01799560852752491,TOWARD_REFERENCE,0.02564102564102564,MINOR,1,174,231,174,fbdcaf7bdfcf05d91ad8e280bc603849cc882e88871905c2c29fe2a5ed28b9a0,0.255222499728046,0.18777134113176341,0.5625,40,True,1447
SB0743,Blood prolactin decreased,hypothalamic-pituitary hormone-control and release structure,measured or functional quantity shifted below its reference structural range,remaining_5256,62fc0a9bb51db0fc63ff3ab2ad1a781ef1b973378c0dbf8d97e8bba7cee5c051,741,362,59,19,322,78,0.19057451909068457,0.17257891056315966,-0.01799560852752491,0.01799560852752491,TOWARD_REFERENCE,0.02564102564102564,MINOR,1,174,,,377647528bf40a8219489a0ca41ee2fd2ff0a486882827a0cc943d9749393c98,0.255222499728046,0.18777134113176341,0.5625,40,True,1448
SB4820,Serum prolactin decreased,hypothalamic-pituitary hormone-control and release structure,measured or functional quantity shifted below its reference structural range,remaining_5256,62fc0a9bb51db0fc63ff3ab2ad1a781ef1b973378c0dbf8d97e8bba7cee5c051,741,362,59,19,322,78,0.19057451909068457,0.17257891056315966,-0.01799560852752491,0.01799560852752491,TOWARD_REFERENCE,0.02564102564102564,MINOR,1,174,,,32dbe3573c6a0da45a1c225280433d3f3a0a26635e5008abbc2c070aa798d25e,0.255222499728046,0.18777134113176341,0.5625,40,True,1449
SB4016,Pelvi-ureteric obstruction,"ureteric lumen, peristaltic, and urine-transfer structure",partial or complete luminal/pathway blockage with impaired transit or flow,remaining_5256,2c794c5b8e8664af9978037b3217b35540e5302d375affe2170f22c439e9bf03,21,17,0,1,18,1,0.225963277020229,0.21705487400313184,-0.008908403017097166,0.008908403017097166,TOWARD_REFERENCE,0.047619047619047616,MINOR,1,198,,,d4be7e00ba8bd9fe0a53636a8ab86ec796aea918f2d6ac40ce99c734b3da1131,0.2549869794029459,0.19091399927188524,0.546875,-1,True,1450
SB5414,Ureteric obstruction,"ureteric lumen, peristaltic, and urine-transfer structure",partial or complete luminal/pathway blockage with impaired transit or flow,remaining_5256,2c794c5b8e8664af9978037b3217b35540e5302d375affe2170f22c439e9bf03,21,17,0,1,18,1,0.225963277020229,0.21705487400313184,-0.008908403017097166,0.008908403017097166,TOWARD_REFERENCE,0.047619047619047616,MINOR,1,198,,,b3e68ae4c3fde6ef51f394f797f0f4c8eeaf1f907b489ecbbb5d6614dce8c7e3,0.2549869794029459,0.19091399927188524,0.546875,-1,True,1451
SB3996,Parotid duct obstruction,salivary-gland secretory and ductal-delivery structure,partial or complete luminal/pathway blockage with impaired transit or flow,remaining_5256,6d3aa8183a4e46b9cb083c119270f6738196efd5df7645e36cc882248d5c3a2d,120,70,12,7,65,19,0.22424981944099664,0.21815020075903702,-0.006099618681959629,0.006099618681959629,TOWARD_REFERENCE,0.058333333333333334,MINOR,1,231,,,9092c4b0e5bd06f392b3ab189de2683e3ea0cadc04ab58da391ad13e0b35a78a,0.2549001662360186,0.19423800760490073,0.53125,5,True,1452
SB0444,Arterial occlusion,arterial-lumen blood-flow and thrombotic-hemostasis structure,partial or complete luminal/pathway blockage with impaired transit or flow,established_478,1e1d121268f896a37c3868b00052dafb77a53404b2f4c5434d3205bb9b12b6ad,435,202,23,23,202,46,0.2005426802665834,0.1943927713198349,-0.006149908946748495,0.006149908946748495,TOWARD_REFERENCE,0.052873563218390804,MINOR,1,231,,,6732e782273c181926919d1fa407871d3c9fb1eb5215230bfaf4e6e8328b05ad,0.2529699949028118,0.19359907914977048,0.5234375,0,True,1453
SB2372,Haemoglobinuria,"erythrocyte production, integrity, and oxygen-transport structure","abnormal presence, concentration, or excretion of the named material in urine",remaining_5256,c57e2a0e0bfecb1afe81b97611e9d2f1200252f2d034d1fbb92f6a57ac5018d9,15,12,1,1,12,2,0.15446525456614402,0.14930048194041357,-0.005164772625730452,0.005164772625730452,TOWARD_REFERENCE,0.06666666666666667,MINOR,1,174,,,b53009ac4da27af2c66f1583e91caf580090a8c509448f81366e02c056fd2f75,0.25269594876450263,0.18469018142012517,0.5625,0,True,1454
SB4003,Paroxysmal nocturnal haemoglobinuria,"erythrocyte production, integrity, and oxygen-transport structure","abnormal presence, concentration, or excretion of the named material in urine",remaining_5256,c57e2a0e0bfecb1afe81b97611e9d2f1200252f2d034d1fbb92f6a57ac5018d9,15,12,1,1,12,2,0.15446525456614402,0.14930048194041357,-0.005164772625730452,0.005164772625730452,TOWARD_REFERENCE,0.06666666666666667,MINOR,1,174,,,9379aec294f467a5e62e6ae4e284e9f98494cae44d55de7a84915c0c332c382f,0.25269594876450263,0.18469018142012517,0.5625,0,True,1455
SB4579,Renal artery stenosis,renal glomerular-tubular filtration and fluid-balance structure,pathologic lumen narrowing with increased resistance to transit or flow,remaining_5256,4353641b8dcf1bcecf2da9405bbe23fed5774af6fad92b88868f8502ebc5ee35,91,38,4,4,38,8,0.16346958269072398,0.15854686808438778,-0.004922714606336198,0.004922714606336198,TOWARD_REFERENCE,0.04395604395604396,MINOR,1,231,,,944163180507109a83b0f5d91c85bb6dfb823b2aec78e09201a29d47a52bf2fc,0.249681456160759,0.19130360507409638,0.515625,0,True,1456
SB0597,Bicytopenia,"circulating leukocyte production, distribution, and effector-cell structure",quantity of the named cell/tissue component reduced below the reference range,remaining_5256,1afef68a897df1658c71b3b2cb5ef60490304890e9f1c37ae3ce8bf0b5ddf887,1830,622,92,102,632,194,0.13811481984147245,0.13136467526120588,-0.0067501445802665705,0.0067501445802665705,TOWARD_REFERENCE,0.05573770491803279,MINOR,1,231,,,2d28ef3e8dd170042606e14f32745e9db3fb03ef066eee89d5b29e934cfb032b,0.24953592939070834,0.1842663773057419,0.546875,-10,True,1457
SB1418,Cytopenia,"circulating leukocyte production, distribution, and effector-cell structure",quantity of the named cell/tissue component reduced below the reference range,remaining_5256,1afef68a897df1658c71b3b2cb5ef60490304890e9f1c37ae3ce8bf0b5ddf887,1830,622,92,102,632,194,0.13811481984147245,0.13136467526120588,-0.0067501445802665705,0.0067501445802665705,TOWARD_REFERENCE,0.05573770491803279,MINOR,1,231,,,df9c402bc03ec2988f5a4ff0e27e0992725abbd3fd00405ddd9a5fbea32c16e1,0.24953592939070834,0.1842663773057419,0.546875,-10,True,1458
SB3092,Leukopenia,"circulating leukocyte production, distribution, and effector-cell structure",quantity of the named cell/tissue component reduced below the reference range,remaining_5256,1afef68a897df1658c71b3b2cb5ef60490304890e9f1c37ae3ce8bf0b5ddf887,1830,622,92,102,632,194,0.13811481984147245,0.13136467526120588,-0.0067501445802665705,0.0067501445802665705,TOWARD_REFERENCE,0.05573770491803279,MINOR,1,231,,,8a64c47be1178dbe91344c0d48906c5fb6853fccb37272e9e966494627ac889c,0.24953592939070834,0.1842663773057419,0.546875,-10,True,1459
SB3943,Pancytopenia,"circulating leukocyte production, distribution, and effector-cell structure",quantity of the named cell/tissue component reduced below the reference range,remaining_5256,1afef68a897df1658c71b3b2cb5ef60490304890e9f1c37ae3ce8bf0b5ddf887,1830,622,92,102,632,194,0.13811481984147245,0.13136467526120588,-0.0067501445802665705,0.0067501445802665705,TOWARD_REFERENCE,0.05573770491803279,MINOR,1,231,,,6a69b98a47cff3d3b8c84d500e7bd8fc56e46d8b61ba0965807a5a0de6341ac0,0.24953592939070834,0.1842663773057419,0.546875,-10,True,1460
SB5419,Urethral obstruction,"urethral lumen, mucosal, sphincter, and urine-flow structure",partial or complete luminal/pathway blockage with impaired transit or flow,remaining_5256,b909e18c2098fed09f2088858a31f0277a121cc621623d84c2bf1900bd8e4c8c,465,131,17,30,144,47,0.17795134944193036,0.16756669114732803,-0.010384658294602334,0.010384658294602334,TOWARD_REFERENCE,0.06451612903225806,MINOR,1,231,,,6a2d5afbca4a5ae776702a668676cc8afab1c716403fb62afea6c03c9806795c,0.2472798094421244,0.17980007249039565,0.5546875,-13,True,1461
SB4160,Pituitary infarction,hypothalamic-pituitary hormone-control and release structure,sustained perfusion failure with loss of local tissue viability,remaining_5256,44f73808348284d1e46185fee7268b1535b689f6afc5330f6a1af36b57c7a0e6,741,389,80,36,345,116,0.20446613417795734,0.19198964802635488,-0.012476486151602462,0.012476486151602462,TOWARD_REFERENCE,0.048582995951417005,MINOR,1,174,,,946302481ecc8fe001d31c1cea9832b79e608318e603e1ccc384247009d36693,0.24576548927766972,0.18138321863130458,0.5390625,44,True,1462
SB0133,Acute leukaemia,hematopoietic precursor proliferation structure,abnormal concentration or presence of the named material/cell state in circulating blood,established_478,36f339c9f265c5d474e59a82b44e73882494ba397e3790a59f21e17cacf5a870,78,42,4,3,41,7,0.206024523003824,0.19304713892227687,-0.012977384081547139,0.012977384081547139,TOWARD_REFERENCE,0.038461538461538464,MINOR,1,186,,,fc941cbe7900892c8a21e1c1b58742a928604909ba60fef25b3da63d1325726b,0.2456387658456109,0.17951373883611088,0.546875,1,True,1463
SB0449,Arterial thrombosis,arterial-lumen blood-flow and thrombotic-hemostasis structure,intraluminal clot formation causing partial or complete flow obstruction,established_478,b8371247e3d248635e3e065489f73ed8a261b5d5e0bd11a8c382db595afb64cc,435,204,25,36,215,61,0.23901029458717116,0.23201551716539248,-0.006994777421778675,0.006994777421778675,TOWARD_REFERENCE,0.08275862068965517,MINOR,1,231,,,964901a628c141c9468cdb8b23765e75fbb3ce5a79df9642f050a894335dbb54,0.2396384957787953,0.17219633631560405,0.546875,-11,True,1464
