#YY  MM DD hh mm WDIR WSPD GST  WVHT   DPD   APD MWD   PRES  ATMP  WTMP  DEWP  VIS PTDY  TIDE
#yr  mo dy hr mn degT m/s  m/s     m   sec   sec degT   hPa  degC  degC  degC  nmi  hPa    ft
2026 09 30 04 50 240  5.0  7.0   0.3    12   3.4 158 1005.0   9.8    MM   8.0   MM   MM    MM
2026 09 30 04 40 220  7.0  8.0   0.3    MM   3.4 158 1004.9  10.4  11.1   8.2   MM   MM    MM
2026 09 30 04 30 200  5.0  6.0    MM    MM    MM  MM 1004.7  10.6  11.1   8.7   MM   MM    MM
2026 09 30 04 20 190  5.0  6.0   0.3     9   3.7 201 1004.6  10.6  11.1   8.9   MM   MM    MM
2026 09 30 04 10 190  5.0  6.0   0.3    MM   3.7 201 1004.5  10.4  11.1   8.8   MM   MM    MM
2026 09 30 04 00 180  4.0  5.0    MM    MM    MM  MM 1004.4  10.4  11.1   9.3   MM +1.1    MM
2026 09 30 03 50 180  4.0  5.0   0.3     3   3.0 188 1004.4  10.2  11.1   9.2   MM   MM    MM
2026 09 30 03 40 180  4.0  6.0    MM    MM    MM  MM 1004.4  10.0  11.1   9.0   MM   MM    MM
2026 09 30 03 30 180  6.0  8.0    MM    MM    MM  MM 1004.2   9.8  11.1   8.8   MM   MM    MM
2026 09 30 03 20 190  6.0  7.0   0.4     3   3.0 192 1004.1   9.8  11.1   9.0   MM   MM    MM
2026 09 30 03 10 190  6.0  8.0   0.4    MM   3.0 192 1004.0  10.0  11.2   9.1   MM   MM    MM
2026 09 30 03 00 190  6.0  7.0    MM    MM    MM  MM 1004.0   9.9  11.3   8.6   MM +0.6    MM
2026 09 30 02 50 180  6.0  8.0   0.4     8   3.1 175 1004.0  10.3  11.3   9.3   MM   MM    MM
2026 09 30 02 40 180  7.0  8.0    MM    MM    MM  MM 1003.8  10.4  11.3   9.3   MM   MM    MM
2026 09 30 02 30 180  7.0  8.0    MM    MM    MM  MM 1003.7  10.5  11.4   9.3   MM   MM    MM
2026 09 30 02 20 180  7.0  8.0   0.3     9   3.7 170 1003.6  10.5  11.3   9.1   MM   MM    MM
2026 09 30 02 10 180  6.0  7.0   0.3    MM   3.7 170 1003.5  10.5  11.4   9.2   MM   MM    MM
2026 09 30 02 00 170  5.0  6.0    MM    MM    MM  MM 1003.4  10.5  11.4   9.2   MM +0.0    MM
2026 09 30 01 50 180  5.0  6.0   0.3     8   5.8 192 1003.5  10.5  11.4   9.1   MM   MM    MM
2026 09 30 01 40 180  5.0  6.0   0.3    MM   5.8 192 1003.4  10.4  11.3   9.0   MM   MM    MM
2026 09 30 01 30 170  5.0  5.0    MM    MM    MM  MM 1003.3  10.5  11.3   9.2   MM   MM    MM
2026 09 30 01 20 170  4.0  4.0   0.3     7   6.4 179 1003.3  10.4  11.3   9.0   MM   MM    MM
2026 09 30 01 10 180  3.0  4.0   0.3    MM   6.4 179 1003.4  10.4  11.3   9.0   MM   MM    MM
2026 09 30 01 00 180  2.0  3.0    MM    MM    MM  MM 1003.4  10.5  11.2   9.0   MM +0.4    MM
2026 09 30 00 50 160  1.0  2.0   0.3    10   6.1 187 1003.3  10.4  11.1   8.9   MM   MM    MM
2026 09 30 00 40  MM  0.0  1.0    MM    MM    MM  MM 1003.3  10.1  11.1   8.5   MM   MM    MM
2026 09 30 00 30  MM  0.0  1.0    MM    MM    MM  MM 1003.4  10.1  11.1   8.5   MM   MM    MM
2026 09 30 00 20 210  1.0  1.0   0.3     8   5.6 173 1003.3  10.1  11.1   8.5   MM   MM    MM
2026 09 30 00 10 220  1.0  2.0   0.3    MM   5.6 173 1003.3  10.1  11.1   8.4   MM   MM    MM
2026 09 30 00 00 210  1.0  1.0    MM    MM    MM  MM 1003.3  10.1  11.1   8.3   MM +0.6    MM
2026 09 29 23 50 210  1.0  2.0   0.3     9   5.8 195 1003.3  10.1    MM   8.2   MM   MM    MM
2026 09 29 23 40 220  1.0  2.0   0.3    MM   5.8 195 1003.2  10.2  11.1   8.3   MM   MM    MM
2026 09 29 23 20 220  2.0  2.0   0.3     8   5.5 191 1003.2  10.2  11.2   8.2   MM   MM    MM
2026 09 29 23 10 210  2.0  3.0   0.3    MM   5.5 191 1003.2  10.3  11.2   8.2   MM   MM    MM
2026 09 29 23 00 220  2.0  2.0    MM    MM    MM  MM 1003.2  10.3  11.3   8.3   MM +0.8    MM
2026 09 29 22 50 220  2.0  2.0   0.3     9   5.7 181 1003.2  10.3  11.3   8.4   MM   MM    MM
2026 09 29 22 40 210  2.0  2.0    MM    MM    MM  MM 1003.1  10.2  11.3   8.4   MM   MM    MM
2026 09 29 22 30 220  2.0  2.0    MM    MM    MM  MM 1003.1  10.2  11.3   8.6   MM   MM    MM
2026 09 29 22 20 230  2.0  3.0   0.4     7   6.5 177 1003.1  10.2  11.4   8.7   MM   MM    MM
2026 09 29 22 10 220  2.0  3.0   0.4    MM   6.5 177 1003.0  10.1  11.2   8.6   MM   MM    MM
2026 09 29 22 00 220  3.0  3.0    MM    MM    MM  MM 1003.0  10.2  11.2   8.7   MM +1.1    MM
2026 09 29 21 50 220  3.0  3.0   0.4     7   6.4 176 1003.0  10.1  11.2   8.6   MM   MM    MM
2026 09 29 21 40 230  3.0  4.0   0.4    MM   6.4 176 1002.9  10.1  11.2   8.5   MM   MM    MM
2026 09 29 21 30 220  2.0  3.0    MM    MM    MM  MM 1002.8  10.1  11.3   8.4   MM   MM    MM
2026 09 29 21 20 220  2.0  3.0   0.4     7   5.9 173 1002.8  10.1  11.3   8.3   MM   MM    MM
2026 09 29 21 10 220  2.0  4.0   0.4    MM   5.9 173 1002.8  10.0  11.3   8.0   MM   MM    MM
2026 09 29 21 00 220  2.0  2.0    MM    MM    MM  MM 1002.7  10.0  11.3   8.1   MM +1.2    MM
2026 09 29 20 50 220  2.0  2.0   0.4     8   6.1 178 1002.7  10.0  11.3   8.1   MM   MM    MM
2026 09 29 20 40 220  2.0  2.0    MM    MM    MM  MM 1002.6   9.8  11.3   7.9   MM   MM    MM
2026 09 29 20 30 240  2.0  3.0    MM    MM    MM  MM 1002.6   9.7  11.4   7.9   MM   MM    MM
2026 09 29 20 20 230  2.0  3.0   0.4    10   6.0 185 1002.5   9.7  11.4   7.9   MM   MM    MM
2026 09 29 20 10 240  3.0  4.0    MM    MM    MM  MM 1002.5   9.7  11.4   8.0   MM   MM    MM
2026 09 29 20 00 250  3.0  4.0    MM    MM    MM  MM 1002.4   9.7  11.4   8.0   MM +1.3    MM
2026 09 29 19 50 230  2.0  4.0   0.3    MM   5.6 171 1002.2   9.7  11.4   8.0   MM   MM    MM
2026 09 29 19 40  MM   MM   MM   0.3     8   5.6 171     MM    MM    MM    MM   MM   MM    MM
2026 09 29 19 30 260  2.0  3.0    MM    MM    MM  MM 1002.1   9.7  11.3   8.1   MM   MM    MM
2026 09 29 19 20 250  3.0  3.0   0.3     9   5.7 185 1002.0   9.7  11.3   8.2   MM   MM    MM
2026 09 29 19 10 260  2.0  3.0    MM    MM    MM  MM 1001.9   9.7  11.3   8.3   MM   MM    MM
2026 09 29 19 00 260  2.0  3.0    MM    MM    MM  MM 1001.8   9.8  11.3   8.5   MM +1.3    MM
2026 09 29 18 50 230  2.0  4.0   0.4     8   5.9 171 1001.7   9.9  11.3   8.6   MM   MM    MM
2026 09 29 18 40 240  3.0  4.0   0.4    MM   5.9 171 1001.6   9.9  11.3   8.5   MM   MM    MM
2026 09 29 18 30 200  3.0  4.0    MM    MM    MM  MM 1001.6  10.0  11.3   8.6   MM   MM    MM
2026 09 29 18 20 190  3.0  4.0   0.4     8   6.0 172 1001.6   9.9  11.3   8.4   MM   MM    MM
2026 09 29 18 10 190  2.0  3.0   0.4    MM   6.0 172 1001.5   9.8  11.3   8.2   MM   MM    MM
2026 09 29 18 00 220  2.0  3.0    MM    MM    MM  MM 1001.5   9.8  11.3   8.3   MM +1.5    MM
2026 09 29 17 50 220  2.0  3.0   0.3     8   5.6 169 1001.4   9.7  11.3   8.1   MM   MM    MM
2026 09 29 17 40 200  3.0  4.0    MM    MM    MM  MM 1001.4   9.7  11.4   8.1   MM   MM    MM
2026 09 29 17 30 210  3.0  4.0    MM    MM    MM  MM 1001.3   9.8  11.3   8.3   MM   MM    MM
2026 09 29 17 20 200  3.0  4.0   0.3     9   6.3 157 1001.2   9.9  11.3   8.4   MM   MM    MM
2026 09 29 17 10 210  3.0  5.0   0.3    MM   6.3 157 1001.2   9.8  11.3   8.2   MM   MM    MM
2026 09 29 17 00 200  3.0  4.0    MM    MM    MM  MM 1001.1   9.9  11.3   8.5   MM +1.6    MM
2026 09 29 16 50 180  3.0  4.0   0.3     8   6.0 173 1001.0   9.8  11.2   8.6   MM   MM    MM
2026 09 29 16 40 160  3.0  4.0   0.3    MM   6.0 173 1000.9   9.9  11.2   8.8   MM   MM    MM
2026 09 29 16 30 160  3.0  4.0    MM    MM    MM  MM 1000.8   9.9  11.1   8.8   MM   MM    MM
2026 09 29 16 20 160  3.0  4.0   0.3     8   6.2 177 1000.6   9.8  11.2   8.6   MM   MM    MM
2026 09 29 16 10 160  3.0  4.0   0.3    MM   6.2 177 1000.5   9.8  11.2   8.7   MM   MM    MM
2026 09 29 16 00 150  3.0  4.0    MM    MM    MM  MM 1000.5   9.9  11.2   8.7   MM +1.5    MM
2026 09 29 15 50 160  3.0  4.0   0.3     9   6.5 169 1000.5   9.8  11.3   8.6   MM   MM    MM
2026 09 29 15 40 160  3.0  4.0    MM    MM    MM  MM 1000.3   9.9  11.2   8.8   MM   MM    MM
2026 09 29 15 30 160  3.0  4.0    MM    MM    MM  MM 1000.2   9.9  11.2   8.8   MM   MM    MM
2026 09 29 15 20 160  3.0  3.0   0.3     8   6.2 178 1000.1  10.1  11.2   8.8   MM   MM    MM
2026 09 29 15 10 190  3.0  4.0   0.3    MM   6.2 178 1000.0  10.1  11.2   8.4   MM   MM    MM
2026 09 29 15 00 190  3.0  4.0    MM    MM    MM  MM 1000.0  10.1  11.2   8.4   MM +1.3    MM
2026 09 29 14 50 190  3.0  4.0   0.3     8   6.2 177  999.9  10.0  11.2   8.3   MM   MM    MM
2026 09 29 14 40 190  3.0  4.0    MM    MM    MM  MM  999.8  10.0  11.2   8.5   MM   MM    MM
2026 09 29 14 30 180  3.0  4.0    MM    MM    MM  MM  999.8  10.0  11.2   8.6   MM   MM    MM
2026 09 29 14 20 170  3.0  4.0   0.3     9   5.8 199  999.6  10.1  11.3   8.7   MM   MM    MM
2026 09 29 14 10 160  3.0  4.0    MM    MM    MM  MM  999.6  10.0  11.3   8.5   MM   MM    MM
2026 09 29 14 00 160  3.0  4.0    MM    MM    MM  MM  999.5  10.1  11.3   8.5   MM +1.0    MM
2026 09 29 13 50 170  3.0  4.0   0.4     8   5.6 179  999.5  10.1  11.3   8.4   MM   MM    MM
2026 09 29 13 40 170  3.0  4.0   0.4    MM   5.6 179  999.4  10.0  11.3   8.3   MM   MM    MM
2026 09 29 13 30 180  3.0  4.0    MM    MM    MM  MM  999.3  10.1  11.3   8.5   MM   MM    MM
2026 09 29 13 20 170  3.0  4.0   0.4     8   5.3 181  999.2  10.0  11.2   8.4   MM   MM    MM
2026 09 29 13 10 170  3.0  4.0   0.4    MM   5.3 181  999.1  10.0  11.3   8.4   MM   MM    MM
2026 09 29 13 00 170  3.0  4.0    MM    MM    MM  MM  999.1  10.1  11.3   8.5   MM +0.9    MM
2026 09 29 12 50 170  3.0  4.0   0.4    10   5.6 165  999.0  10.1  11.3   8.5   MM   MM    MM
2026 09 29 12 40 170  3.0  4.0   0.4    MM   5.6 165  998.9  10.1  11.3   8.5   MM   MM    MM
2026 09 29 12 30 170  3.0  4.0    MM    MM    MM  MM  998.8  10.1  11.3   8.5   MM   MM    MM
2026 09 29 12 20 170  3.0  4.0   0.5    11   6.2 167  998.8  10.0  11.3   8.4   MM   MM    MM
2026 09 29 12 10 170  3.0  5.0    MM    MM    MM  MM  998.8  10.0  11.3   8.4   MM   MM    MM
2026 09 29 12 00 160  3.0  4.0    MM    MM    MM  MM  998.8  10.0  11.3   8.5   MM +1.0    MM
2026 09 29 11 50 160  3.0  4.0   0.5     7   5.7 173  998.7  10.0  11.3   8.6   MM   MM    MM
2026 09 29 11 40 160  3.0  4.0    MM    MM    MM  MM  998.6  10.1  11.3   8.7   MM   MM    MM
2026 09 29 11 30 170  3.0  4.0    MM    MM    MM  MM  998.6  10.2  11.3   8.7   MM   MM    MM
2026 09 29 11 20 180  4.0  5.0   0.6     8   5.5 173  998.6  10.2  11.3   8.6   MM   MM    MM
2026 09 29 11 10 180  4.0  4.0   0.6    MM   5.5 173  998.6  10.1  11.3   8.5   MM   MM    MM
2026 09 29 11 00 190  4.0  5.0    MM    MM    MM  MM  998.5  10.1  11.4   8.6   MM +1.3    MM
2026 09 29 10 50 180  4.0  5.0   0.5     8   5.3 180  998.4  10.1  11.4   8.6   MM   MM    MM
2026 09 29 10 40 190  4.0  5.0    MM    MM    MM  MM  998.4  10.1  11.4   8.6   MM   MM    MM
2026 09 29 10 30 190  4.0  5.0    MM    MM    MM  MM  998.3  10.1  11.4   8.7   MM   MM    MM
2026 09 29 10 20 190  4.0  5.0   0.6     7   5.6 174  998.2  10.2  11.3   8.9   MM   MM    MM
2026 09 29 10 10 200  4.0  5.0   0.6    MM   5.6 174  998.2  10.2  11.3   8.8   MM   MM    MM
2026 09 29 10 00 200  4.0  5.0    MM    MM    MM  MM  998.2  10.1  11.4   8.7   MM +1.4    MM
2026 09 29 09 50 200  4.0  5.0   0.6     7   5.4 175  998.1  10.2  11.4   8.9   MM   MM    MM
2026 09 29 09 40 200  5.0  6.0    MM    MM    MM  MM  998.0  10.2  11.4   8.9   MM   MM    MM
2026 09 29 09 30 200  5.0  5.0    MM    MM    MM  MM  997.8  10.3  11.4   8.9   MM   MM    MM
2026 09 29 09 20 210  5.0  6.0   0.6     8   4.9 178  997.9  10.3  11.4   8.8   MM   MM    MM
2026 09 29 09 10 200  5.0  6.0    MM    MM    MM  MM  997.8  10.4  11.4   8.7   MM   MM    MM
2026 09 29 09 00 200  5.0  6.0    MM    MM    MM  MM  997.8  10.4  11.4   8.6   MM +1.5    MM
2026 09 29 08 50 200  5.0  6.0   0.5    MM   4.8 170  997.6  10.4  11.3   8.6   MM   MM    MM
2026 09 29 08 40 200  5.0  6.0    MM    MM    MM  MM  997.6  10.4  11.3   8.7   MM   MM    MM
2026 09 29 08 30 200  5.0  5.0    MM    MM    MM  MM  997.5  10.4  11.3   8.9   MM   MM    MM
2026 09 29 08 20 200  5.0  6.0   0.6    10   4.8 173  997.4  10.4  11.3   8.7   MM   MM    MM
2026 09 29 08 10 200  5.0  5.0    MM    MM    MM  MM  997.4  10.4  11.3   8.7   MM   MM    MM
2026 09 29 08 00 200  5.0  6.0    MM    MM    MM  MM  997.2  10.4    MM   8.6   MM +1.7    MM
2026 09 29 07 50 200  6.0  6.0   0.5     8   4.5 179  997.1  10.4  11.4   8.5   MM   MM    MM
2026 09 29 07 40 190  6.0  7.0    MM    MM    MM  MM  997.1  10.5  11.4   8.3   MM   MM    MM
2026 09 29 07 30 190  6.0  7.0    MM    MM    MM  MM  996.9  10.5  11.4   8.3   MM   MM    MM
2026 09 29 07 20 190  5.0  6.0   0.5    11   4.6 168  996.9  10.5  11.5   8.3   MM   MM    MM
2026 09 29 07 10 190  6.0  6.0   0.5    MM   4.6 168  996.9  10.6  11.5   8.3   MM   MM    MM
2026 09 29 07 00 190  6.0  7.0    MM    MM    MM  MM  996.8  10.6  11.5   8.3   MM +1.8    MM
2026 09 29 06 50 190  5.0  7.0   0.5    MM   4.7 180  996.7  10.6  11.5   8.3   MM   MM    MM
2026 09 29 06 40  MM   MM   MM   0.5     8   4.7 180     MM    MM    MM    MM   MM   MM    MM
2026 09 29 06 30 180  5.0  7.0    MM    MM    MM  MM  996.5  10.5  11.5   8.4   MM   MM    MM
2026 09 29 06 20 190  5.0  6.0   0.5     8   4.5 165  996.4  10.5  11.5   8.4   MM   MM    MM
2026 09 29 06 10 190  5.0  6.0    MM    MM    MM  MM  996.3  10.5  11.5   8.5   MM   MM    MM
2026 09 29 06 00 190  5.0  6.0    MM    MM    MM  MM  996.3  10.5  11.5   8.6   MM +1.7    MM
2026 09 29 05 50 190  5.0  6.0   0.5     8   5.3 162  996.2  10.5  11.5   8.6   MM   MM    MM
2026 09 29 05 40 190  5.0  5.0    MM    MM    MM  MM  996.1  10.5  11.4   8.7   MM   MM    MM
2026 09 29 05 30 190  5.0  5.0    MM    MM    MM  MM  996.0  10.5  11.4   8.7   MM   MM    MM
2026 09 29 05 20 190  5.0  6.0   0.4    10   7.1 159  995.9  10.5  11.4   8.7   MM   MM    MM
2026 09 29 05 10 190  5.0  6.0   0.4    MM   7.1 159  995.7  10.5  11.4   8.6   MM   MM    MM
2026 09 29 05 00 190  5.0  5.0    MM    MM    MM  MM  995.6  10.5  11.4   8.6   MM +1.2    MM
2026 09 29 04 50 190  5.0  5.0   0.4    10   7.6 170  995.6  10.5  11.4   8.8   MM   MM    MM
2026 09 29 04 40 190  4.0  5.0   0.4    MM   7.6 170  995.4  10.5  11.4   8.8   MM   MM    MM
2026 09 29 04 30 190  4.0  5.0    MM    MM    MM  MM  995.3  10.6  11.4   9.0   MM   MM    MM
2026 09 29 04 20 190  4.0  4.0   0.4    12   7.7 175  995.2  10.7  11.4   8.9   MM   MM    MM
2026 09 29 04 10 190  3.0  4.0   0.4    MM   7.7 175  995.1  10.6  11.4   8.6   MM   MM    MM
2026 09 29 04 00 190  3.0  4.0    MM    MM    MM  MM  995.0  10.5  11.3   8.6   MM +1.0    MM
2026 09 29 03 50 190  3.0  4.0   0.4     9   7.5 177  995.0  10.4  11.4   8.6   MM   MM    MM
2026 09 29 03 40 180  3.0  4.0   0.4    MM   7.5 177  994.9  10.4  11.4   8.5   MM   MM    MM
2026 09 29 03 30 190  3.0  3.0    MM    MM    MM  MM  994.8  10.4  11.5   8.3   MM   MM    MM
2026 09 29 03 20 190  3.0  3.0   0.4    12   7.8 180  994.7  10.4  11.5   7.9   MM   MM    MM
2026 09 29 03 10 200  2.0  3.0   0.4    MM   7.8 180  994.6  10.5  11.6   7.9   MM   MM    MM
2026 09 29 03 00 200  2.0  3.0    MM    MM    MM  MM  994.5  10.5  11.6   7.7   MM +0.8    MM
2026 09 29 02 50 200  1.0  2.0   0.4    13   7.3 200  994.5  10.6  11.5   7.6   MM   MM    MM
2026 09 29 02 40 200  1.0  1.0   0.4    MM   7.3 200  994.4  10.7  11.5   7.8   MM   MM    MM
2026 09 29 02 30 190  1.0  2.0    MM    MM    MM  MM  994.3  10.7  11.6   7.7   MM   MM    MM
2026 09 29 02 20 200  1.0  2.0   0.4    12   6.7 190  994.3  10.7  11.6   7.6   MM   MM    MM
2026 09 29 02 10 200  1.0  1.0   0.4    MM   6.7 190  994.3  10.8  11.6   7.7   MM   MM    MM
2026 09 29 02 00 190  1.0  1.0    MM    MM    MM  MM  994.2  10.6  11.5   7.6   MM +0.7    MM
2026 09 29 01 50 190  1.0  1.0   0.3     9   6.7 177  994.2  10.7  11.5   7.7   MM   MM    MM
2026 09 29 01 40 190  1.0  1.0   0.3    MM   6.7 177  994.2  10.9  11.6   7.7   MM   MM    MM
2026 09 29 01 30 210  1.0  1.0    MM    MM    MM  MM  994.1  11.0  11.6   7.7   MM   MM    MM
2026 09 29 01 20 200  1.0  1.0   0.4     9   6.7 169  994.0  10.9  11.6   7.6   MM   MM    MM
2026 09 29 01 10 200  1.0  1.0   0.4    MM   6.7 169  994.0  11.0  11.6   7.7   MM   MM    MM
2026 09 29 01 00  MM  0.0  1.0    MM    MM    MM  MM  994.0  11.0  11.7   7.7   MM +0.4    MM
2026 09 29 00 50  MM  0.0  1.0   0.4     9   6.7 175  993.9  11.0  11.7   7.7   MM   MM    MM
2026 09 29 00 40 200  1.0  2.0    MM    MM    MM  MM  993.8  10.9  11.6   7.5   MM   MM    MM
2026 09 29 00 30 200  1.0  1.0    MM    MM    MM  MM  993.9  11.0  11.6   7.6   MM   MM    MM
2026 09 29 00 20 210  1.0  1.0   0.4    10   6.5 174  993.9  11.0  11.7   7.6   MM   MM    MM
2026 09 29 00 10  MM  0.0  1.0   0.4    MM   6.5 174  993.8  11.0  11.7   7.7   MM   MM    MM
2026 09 29 00 00 260  1.0  1.0    MM    MM    MM  MM  993.7  10.9  11.6   7.6   MM +0.4    MM
2026 09 28 23 50 250  1.0  1.0   0.4     9   6.7 174  993.7  10.8  11.6   7.4   MM   MM    MM
2026 09 28 23 40 260  1.0  1.0   0.4    MM   6.7 174  993.7  10.8  11.6   7.5   MM   MM    MM
2026 09 28 23 20 300  1.0  1.0   0.4     9   6.3 177  993.7  10.6  11.5   7.6   MM   MM    MM
2026 09 28 23 10 310  1.0  2.0   0.4    MM   6.3 177  993.7  10.4  11.5   7.4   MM   MM    MM
2026 09 28 23 00 310  2.0  2.0    MM    MM    MM  MM  993.6  10.4  11.5   7.5   MM +0.3    MM
2026 09 28 22 50 310  2.0  3.0   0.5     9   6.3 178  993.6  10.4  11.5   7.5   MM   MM    MM
2026 09 28 22 40 310  2.0  3.0    MM    MM    MM  MM  993.6  10.3  11.5   7.5   MM   MM    MM
2026 09 28 22 30 320  2.0  3.0    MM    MM    MM  MM  993.6  10.1  11.5   7.4   MM   MM    MM
2026 09 28 22 20 320  2.0  3.0   0.5    10   6.1 165  993.7  10.1  11.6   7.6   MM   MM    MM
2026 09 28 22 10 320  3.0  4.0   0.5    MM   6.1 165  993.6  10.1  11.5   7.6   MM   MM    MM
2026 09 28 22 00 320  3.0  4.0    MM    MM    MM  MM  993.6  10.1  11.5   7.6   MM +0.4    MM
2026 09 28 21 50 320  3.0  3.0   0.5     8   5.9 171  993.5  10.1  11.5   7.6   MM   MM    MM
2026 09 28 21 40 320  3.0  3.0    MM    MM    MM  MM  993.5  10.0  11.5   7.6   MM   MM    MM
2026 09 28 21 30 320  3.0  3.0    MM    MM    MM  MM  993.5  10.0  11.5   7.5   MM   MM    MM
2026 09 28 21 20 320  2.0  3.0   0.4     8   5.7 172  993.4  10.1  11.5   7.7   MM   MM    MM
2026 09 28 21 10 330  3.0  3.0   0.4    MM   5.7 172  993.4  10.0  11.5   7.5   MM   MM    MM
2026 09 28 21 00 340  2.0  3.0    MM    MM    MM  MM  993.4  10.1  11.5   7.6   MM +0.4    MM
2026 09 28 20 50 340  2.0  3.0   0.4    10   5.6 174  993.4  10.0  11.4   7.5   MM   MM    MM
2026 09 28 20 40 340  2.0  3.0   0.4    MM   5.6 174  993.4  10.0  11.5   7.6   MM   MM    MM
2026 09 28 20 30 330  3.0  3.0    MM    MM    MM  MM  993.3  10.0  11.5   7.6   MM   MM    MM
2026 09 28 20 20 340  2.0  3.0   0.4    10   5.4 169  993.4  10.0  11.4   7.7   MM   MM    MM
2026 09 28 20 10 340  3.0  3.0    MM    MM    MM  MM  993.4   9.9  11.4   7.5   MM   MM    MM
2026 09 28 20 00 340  3.0  4.0    MM    MM    MM  MM  993.3  10.0  11.5   7.7   MM +0.6    MM
2026 09 28 19 50 340  3.0  4.0   0.5    10   5.8 162  993.2  10.0  11.4   7.7   MM   MM    MM
2026 09 28 19 40 340  3.0  4.0    MM    MM    MM  MM  993.2   9.9  11.5   7.6   MM   MM    MM
2026 09 28 19 30 340  2.0  3.0    MM    MM    MM  MM  993.3   9.9  11.4   7.6   MM   MM    MM
2026 09 28 19 20 350  2.0  3.0   0.4    11   5.8 177  993.2   9.9  11.4   7.7   MM   MM    MM
2026 09 28 19 10 340  2.0  3.0   0.4    MM   5.8 177  993.1   9.7  11.4   7.6   MM   MM    MM
2026 09 28 19 00 340  3.0  3.0    MM    MM    MM  MM  993.1   9.8  11.4   7.8   MM +0.8    MM
2026 09 28 18 50 340  3.0  3.0   0.5    11   6.8 168  993.0   9.8    MM   7.9   MM   MM    MM
2026 09 28 18 40 340  3.0  4.0   0.5    MM   6.8 168  993.0   9.7  11.4   7.9   MM   MM    MM
2026 09 28 18 30 350  3.0  4.0    MM    MM    MM  MM  993.1   9.7  11.4   8.0   MM   MM    MM
2026 09 28 18 20 350  3.0  4.0   0.5    11   6.9 169  993.0   9.6  11.3   8.1   MM   MM    MM
2026 09 28 18 10 350  3.0  4.0   0.5    MM   6.9 169  993.0   9.6  11.4   8.4   MM   MM    MM
2026 09 28 18 00 360  3.0  4.0    MM    MM    MM  MM  992.9   9.7  11.3   8.7   MM +0.8    MM
2026 09 28 17 50 360  3.0  4.0   0.5    13   7.4 185  993.0   9.8  11.3   8.8   MM   MM    MM
2026 09 28 17 40 360  3.0  4.0   0.5    MM   7.4 185  992.9  10.0  11.3   8.8   MM   MM    MM
2026 09 28 17 30 350  3.0  4.0    MM    MM    MM  MM  992.8   9.9  11.3   8.4   MM   MM    MM
2026 09 28 17 20 350  3.0  4.0   0.5    11   7.8 176  992.8  10.2  11.3   8.7   MM   MM    MM
2026 09 28 17 10 350  3.0  4.0   0.5    MM   7.8 176  992.8  10.3  11.3   8.3   MM   MM    MM
2026 09 28 17 00 350  2.0  3.0    MM    MM    MM  MM  992.7  10.6  11.3   8.1   MM +0.7    MM
2026 09 28 16 50 340  2.0  3.0   0.5    11   7.4 168  992.6  10.2  11.4   7.2   MM   MM    MM
2026 09 28 16 40 340  1.0  2.0   0.5    MM   7.4 168  992.6    MM    MM    MM   MM   MM    MM
2026 09 28 16 30 350  1.0  2.0    MM    MM    MM  MM  992.5  10.4  11.4   7.5   MM   MM    MM
2026 09 28 16 20  10  1.0  1.0   0.4    10   7.0 175  992.5  10.3  11.4   6.8   MM   MM    MM
2026 09 28 16 10  MM  0.0  1.0    MM    MM    MM  MM  992.4  10.1  11.4   6.0   MM   MM    MM
2026 09 28 16 00  MM  0.0  1.0    MM    MM    MM  MM  992.3   9.9  11.4   5.9   MM +0.3    MM
2026 09 28 15 50  MM  0.0  1.0   0.5    11   7.7 181  992.3   9.9  11.4   5.8   MM   MM    MM
2026 09 28 15 40  MM  0.0  1.0    MM    MM    MM  MM  992.3   9.9  11.4   5.9   MM   MM    MM
2026 09 28 15 30  MM  0.0  0.0    MM    MM    MM  MM  992.3   9.9  11.4   5.6   MM   MM    MM
2026 09 28 15 20  MM  0.0  1.0   0.4    12   6.7 182  992.3  10.0  11.4   5.8   MM   MM    MM
2026 09 28 15 10  MM  0.0  0.0   0.4    MM   6.7 182  992.2  10.0  11.4   5.8   MM   MM    MM
2026 09 28 15 00  MM  0.0  1.0    MM    MM    MM  MM  992.2  10.0  11.4   5.8   MM +0.0    MM
2026 09 28 14 50  50  1.0  1.0   0.4    10   6.7 187  992.1  10.1  11.4   5.9   MM   MM    MM
2026 09 28 14 40  40  2.0  2.0    MM    MM    MM  MM  992.2  10.2  11.3   6.1   MM   MM    MM
2026 09 28 14 30  30  1.0  3.0    MM    MM    MM  MM  992.1  10.2  11.3   6.1   MM   MM    MM
2026 09 28 14 20  30  2.0  3.0   0.4     9   6.6 178  992.1  10.2  11.3   6.2   MM   MM    MM
2026 09 28 14 10  40  2.0  3.0   0.4    MM   6.6 178  992.1  10.1  11.3   6.1   MM   MM    MM
2026 09 28 14 00  30  1.0  2.0    MM    MM    MM  MM  992.1   9.9  11.3   6.4   MM +0.0    MM
2026 09 28 13 50  60  1.0  1.0   0.4    11   6.4 187  992.0   9.9    MM   6.5   MM   MM    MM
2026 09 28 13 40  90  2.0  3.0   0.4    MM   6.4 187  992.0  10.0  11.3   6.7   MM   MM    MM
2026 09 28 13 30  80  2.0  3.0    MM    MM    MM  MM  992.0  10.0  11.3   6.5   MM   MM    MM
2026 09 28 13 20  80  2.0  4.0   0.4     9   5.6 172  992.0  10.1  11.3   6.7   MM   MM    MM
2026 09 28 13 10  70  2.0  3.0    MM    MM    MM  MM  992.1  10.0  11.3   6.7   MM   MM    MM
2026 09 28 13 00  60  2.0  3.0   0.4    MM   5.6 172  992.0  10.0  11.3   6.8   MM +0.0    MM
2026 09 28 12 50  60  3.0  4.0   0.4     9   5.5 175  992.0   9.9  11.4   6.8   MM   MM    MM
2026 09 28 12 40  50  2.0  3.0    MM    MM    MM  MM  991.9   9.9  11.3   7.0   MM   MM    MM
2026 09 28 12 30  60  2.0  3.0    MM    MM    MM  MM  991.9   9.8  11.4   6.9   MM   MM    MM
2026 09 28 12 20  60  3.0  4.0   0.4     9   5.0 161  991.9   9.7  11.4   7.0   MM   MM    MM
2026 09 28 12 10  50  3.0  3.0    MM    MM    MM  MM  991.9   9.9  11.4   7.6   MM   MM    MM
2026 09 28 12 00  50  3.0  3.0    MM    MM    MM  MM  991.9  10.1  11.4   7.7   MM +0.0    MM
2026 09 28 11 50  60  3.0  4.0   0.5    10   4.6 162  992.0  10.2  11.4   7.7   MM   MM    MM
2026 09 28 11 40  60  3.0  4.0    MM    MM    MM  MM  991.9  10.1  11.4   7.3   MM   MM    MM
2026 09 28 11 30  70  3.0  4.0    MM    MM    MM  MM  991.9  10.0  11.4   7.4   MM   MM    MM
2026 09 28 11 20  70  4.0  4.0   0.5     8   4.6 198  991.9  10.0  11.4   7.5   MM   MM    MM
2026 09 28 11 10  80  4.0  5.0    MM    MM    MM  MM  991.9  10.0  11.4   7.5   MM   MM    MM
2026 09 28 11 00  90  4.0  5.0    MM    MM    MM  MM  992.0  10.0  11.4   7.4   MM +0.0    MM
2026 09 28 10 50 100  5.0  6.0   0.5    10   4.4 177  992.0  10.0  11.4   7.5   MM   MM    MM
2026 09 28 10 40 100  5.0  7.0    MM    MM    MM  MM  991.9  10.0  11.4   7.5   MM   MM    MM
2026 09 28 10 30 100  5.0  6.0    MM    MM    MM  MM  992.0  10.0  11.4   7.4   MM   MM    MM
2026 09 28 10 20  90  5.0  6.0   0.5    11   4.7 143  992.0  10.0  11.4   7.3   MM   MM    MM
2026 09 28 10 10  90  5.0  6.0   0.5    MM   4.7 143  992.0  10.1  11.4   7.2   MM   MM    MM
2026 09 28 10 00  80  4.0  5.0    MM    MM    MM  MM  991.9  10.1  11.4   7.2   MM +0.0    MM
2026 09 28 09 50  90  5.0  6.0   0.5     8   4.8 177  991.9  10.1  11.4   7.0   MM   MM    MM
2026 09 28 09 40  70  4.0  6.0   0.5    MM   4.8 177  992.0  10.1  11.4   7.2   MM   MM    MM
2026 09 28 09 30  60  5.0  7.0    MM    MM    MM  MM  992.0  10.2  11.4   7.2   MM   MM    MM
2026 09 28 09 20  60  5.0  6.0   0.5     9   5.2 176  992.0  10.1  11.4   7.2   MM   MM    MM
2026 09 28 09 10  60  5.0  7.0    MM    MM    MM  MM  992.0  10.2  11.4   7.3   MM   MM    MM
2026 09 28 09 00  60  5.0  6.0    MM    MM    MM  MM  992.1  10.3  11.4   7.5   MM +0.0    MM
2026 09 28 08 50  60  4.0  5.0   0.5     8   5.2 175  992.1  10.4  11.4   7.7   MM   MM    MM
2026 09 28 08 40  60  4.0  5.0    MM    MM    MM  MM  992.1  10.4  11.4   7.7   MM   MM    MM
2026 09 28 08 30  60  4.0  5.0    MM    MM    MM  MM  992.1  10.3  11.5   7.6   MM   MM    MM
2026 09 28 08 20  60  4.0  5.0   0.5     9   4.7 173  992.1  10.4  11.5   7.8   MM   MM    MM
2026 09 28 08 10  70  5.0  5.0    MM    MM    MM  MM  992.2  10.4  11.5   7.5   MM   MM    MM
2026 09 28 08 00  80  4.0  5.0    MM    MM    MM  MM  992.1  10.4  11.5   7.4   MM +0.0    MM
2026 09 28 07 50  70  4.0  5.0   0.5    MM   4.4 169  992.1  10.4  11.5   7.4   MM   MM    MM
2026 09 28 07 40  MM   MM   MM   0.5     9   4.4 169     MM    MM    MM    MM   MM   MM    MM
2026 09 28 07 30  70  5.0  6.0    MM    MM    MM  MM  992.2  10.4  11.5   7.2   MM   MM    MM
2026 09 28 07 20  80  5.0  6.0   0.5     9   5.0 178  992.1  10.3  11.5   6.9   MM   MM    MM
2026 09 28 07 10  80  5.0  6.0   0.5    MM   5.0 178  992.2    MM  11.5    MM   MM   MM    MM
2026 09 28 07 00  90  5.0  6.0    MM    MM    MM  MM  992.2  10.4  11.5   7.1   MM +0.0    MM
2026 09 28 06 50  90  5.0  6.0   0.4     8   4.4 173  992.2  10.4  11.5   7.1   MM   MM    MM
2026 09 28 06 40  90  5.0  5.0    MM    MM    MM  MM  992.2    MM    MM    MM   MM   MM    MM
2026 09 28 06 30 100  4.0  5.0    MM    MM    MM  MM  992.2  10.4  11.5   7.0   MM   MM    MM
2026 09 28 06 20 100  5.0  6.0   0.5    10   4.6 172  992.2  10.4  11.5   6.9   MM   MM    MM
2026 09 28 06 10  90  5.0  6.0    MM    MM    MM  MM  992.2  10.4  11.5   6.7   MM   MM    MM
2026 09 28 06 00  90  5.0  6.0    MM    MM    MM  MM  992.2  10.4  11.5   7.2   MM +0.4    MM
2026 09 28 05 50  90  5.0  6.0   0.4     9   4.1 172  992.2  10.4  11.5   7.4   MM   MM    MM
2026 09 28 05 40  90  5.0  6.0    MM    MM    MM  MM  992.2  10.4  11.5   7.4   MM   MM    MM
2026 09 28 05 30 100  4.0  5.0    MM    MM    MM  MM  992.1  10.3    MM   7.3   MM   MM    MM
2026 09 28 05 20 100  5.0  6.0   0.5     9   4.0 158  992.1  10.3  11.5   7.0   MM   MM    MM
2026 09 28 05 10 100  5.0  6.0   0.5    MM   4.0 158  992.1  10.3  11.5   6.9   MM   MM    MM
2026 09 28 05 00  90  5.0  6.0    MM    MM    MM  MM  992.1  10.3  11.5   6.9   MM +0.4    MM
2026 09 28 04 50  90  6.0  7.0   0.6     9   3.9 174  992.1  10.3  11.5   6.7   MM   MM    MM
2026 09 28 04 40  90  6.0  7.0    MM    MM    MM  MM  992.1  10.4  11.5   6.6   MM   MM    MM
2026 09 28 04 30  90  6.0  8.0    MM    MM    MM  MM  992.1  10.4  11.5   6.5   MM   MM    MM
2026 09 28 04 20  90  6.0  7.0   0.7    11   3.8 175  992.1  10.4  11.5   6.9   MM   MM    MM
2026 09 28 04 10  90  7.0  8.0   0.7    MM   3.8 175  992.0  10.4  11.5   6.7   MM   MM    MM
2026 09 28 04 00  90  7.0  8.0    MM    MM    MM  MM  991.9  10.5  11.5   6.8   MM +0.6    MM
2026 09 28 03 50  90  7.0  8.0   0.6    12   3.4 169  991.8  10.4  11.5   6.4   MM   MM    MM
2026 09 28 03 40  90  8.0  9.0   0.6    MM   3.4 169  991.7  10.5  11.5   6.6   MM   MM    MM
2026 09 28 03 30  90  8.0  9.0    MM    MM    MM  MM  991.7  10.4  11.5   6.6   MM   MM    MM
2026 09 28 03 20  90  7.0  9.0   0.5     3   3.3  83  991.7  10.3  11.5   6.6   MM   MM    MM
2026 09 28 03 10  90  7.0  9.0    MM    MM    MM  MM  991.7  10.3  11.5   6.7   MM   MM    MM
2026 09 28 03 00 100  7.0  9.0    MM    MM    MM  MM  991.7  10.3  11.5   7.0   MM +0.0    MM
2026 09 28 02 50  90  8.0 10.0   0.5     3   3.4  89  991.7  10.3  11.5   6.6   MM   MM    MM
2026 09 28 02 40  90  7.0  8.0    MM    MM    MM  MM  991.7  10.4  11.5   6.7   MM   MM    MM
2026 09 28 02 30  90  7.0  9.0    MM    MM    MM  MM  991.7  10.4  11.5   6.6   MM   MM    MM
2026 09 28 02 20  90  7.0  9.0   0.6    12   3.5 138  991.7  10.4  11.5   6.7   MM   MM    MM
2026 09 28 02 10  90  7.0  9.0    MM    MM    MM  MM  991.7  10.3  11.5   6.8   MM   MM    MM
2026 09 28 02 00  90  7.0  9.0    MM    MM    MM  MM  991.6  10.4  11.5   7.2   MM -0.0    MM
2026 09 28 01 50  80  7.0  8.0   0.6    11   3.4 187  991.7  10.3  11.5   7.2   MM   MM    MM
2026 09 28 01 40  80  7.0  8.0   0.6    MM   3.4 187  991.7  10.2  11.5   7.1   MM   MM    MM
2026 09 28 01 30  90  7.0  8.0    MM    MM    MM  MM  991.6  10.2  11.5   7.1   MM   MM    MM
2026 09 28 01 20  90  8.0  9.0   0.7     3   3.3  96  991.6  10.2  11.5   7.2   MM   MM    MM
2026 09 28 01 10  90  9.0 11.0   0.7    MM   3.3  96  991.6  10.3  11.5   7.1   MM   MM    MM
2026 09 28 01 00  80  9.0 11.0    MM    MM    MM  MM  991.6  10.3  11.5   6.9   MM -0.5    MM
2026 09 28 00 50  90  9.0 11.0   0.7     4   3.4  78  991.6  10.4  11.5   7.1   MM   MM    MM
2026 09 28 00 40  90  9.0 11.0    MM    MM    MM  MM  991.6  10.2  11.5   7.0   MM   MM    MM
2026 09 28 00 30  90  8.0  9.0    MM    MM    MM  MM  991.7  10.1  11.5   7.4   MM   MM    MM
2026 09 28 00 20  90  8.0 10.0   0.7     3   3.3  91  991.7  10.0  11.5   7.3   MM   MM    MM
2026 09 28 00 10  90  8.0 10.0   0.7    MM   3.3  91  991.7  10.1  11.5   7.1   MM   MM    MM
2026 09 28 00 00  90  9.0 10.0    MM    MM    MM  MM  991.7  10.1  11.5   7.1   MM -0.4    MM
2026 09 27 23 50  90  9.0 10.0   0.7     4   3.3  90  991.7   9.9  11.4   6.9   MM   MM    MM
2026 09 27 23 40  80  9.0 10.0    MM    MM    MM  MM  991.8   9.7  11.4   7.2   MM   MM    MM
2026 09 27 23 20  80  9.0 11.0   0.8     4   3.6 103  991.8   9.9  11.4   7.4   MM   MM    MM
2026 09 27 23 10  90  9.0 11.0   0.8    MM   3.6 103  991.8  10.0  11.4   7.3   MM   MM    MM
2026 09 27 23 00  90  9.0 10.0    MM    MM    MM  MM  991.8   9.9  11.4   7.1   MM -0.4    MM
2026 09 27 22 50  90  9.0 11.0   0.8     4   3.5 103  991.8   9.8  11.4   7.1   MM   MM    MM
2026 09 27 22 40  90  8.0 10.0   0.8    MM   3.5 103  991.9   9.8  11.4   7.2   MM   MM    MM
2026 09 27 22 30 100  8.0 10.0    MM    MM    MM  MM  991.9   9.8  11.4   7.3   MM   MM    MM
2026 09 27 22 20 100  9.0 10.0   0.7     3   3.4 102  992.0  10.0  11.4   7.3   MM   MM    MM
2026 09 27 22 10 100  9.0 11.0    MM    MM    MM  MM  991.9  10.2  11.4   7.3   MM   MM    MM
2026 09 27 22 00 100  9.0 11.0    MM    MM    MM  MM  992.0  10.2  11.4   7.2   MM -0.3    MM
2026 09 27 21 50 100  9.0 11.0   0.7     3   3.5  97  992.0  10.2  11.5   7.3   MM   MM    MM
2026 09 27 21 40 100  8.0 10.0    MM    MM    MM  MM  992.1  10.3  11.5   7.4   MM   MM    MM
2026 09 27 21 30 100  9.0 10.0    MM    MM    MM  MM  992.2  10.2  11.5   7.1   MM   MM    MM
2026 09 27 21 20 100  9.0 11.0   0.7     4   3.4  96  992.1  10.3  11.5   7.1   MM   MM    MM
2026 09 27 21 10 100  9.0 11.0    MM    MM    MM  MM  992.1  10.3  11.5   7.0   MM   MM    MM
2026 09 27 21 00  90  8.0 11.0    MM    MM    MM  MM  992.1  10.3  11.5   7.1   MM -0.3    MM
2026 09 27 20 50  90  9.0 11.0   0.7     4   3.6  94  992.1  10.3  11.5   7.0   MM   MM    MM
2026 09 27 20 40  90  8.0 10.0   0.7    MM   3.6  94  992.1  10.2  11.5   6.9   MM   MM    MM
2026 09 27 20 30  90  8.0 10.0    MM    MM    MM  MM  992.1  10.1  11.5   6.9   MM   MM    MM
2026 09 27 20 20 100  8.0 10.0   0.8     4   3.9 102  992.2  10.0  11.4   6.9   MM   MM    MM
2026 09 27 20 10  90  8.0 10.0   0.8    MM   3.9 102  992.2   9.7  11.4   7.1   MM   MM    MM
2026 09 27 20 00  90  8.0 10.0    MM    MM    MM  MM  992.3   9.6  11.4   7.2   MM -0.6    MM
2026 09 27 19 50 100  8.0 11.0   0.8    MM   3.8 105  992.3   9.6  11.4   7.1   MM   MM    MM
2026 09 27 19 40  MM   MM   MM   0.8     4   3.8 105     MM    MM    MM    MM   MM   MM    MM
2026 09 27 19 30 100 10.0 12.0    MM    MM    MM  MM  992.3   9.6  11.4   6.4   MM   MM    MM
2026 09 27 19 20  90  9.0 12.0   1.0     4   4.0  93  992.2   9.6  11.4   6.6   MM   MM    MM
2026 09 27 19 10 100  9.0 11.0    MM    MM    MM  MM  992.3   9.6  11.4   6.7   MM   MM    MM
2026 09 27 19 00 100  9.0 11.0    MM    MM    MM  MM  992.4   9.6  11.4   6.7   MM -0.4    MM
2026 09 27 18 50  90  9.0 11.0   1.0     4   4.1  95  992.4   9.8    MM   7.0   MM   MM    MM
2026 09 27 18 40  90  9.0 11.0   1.0    MM   4.1  95  992.4   9.6  11.4   6.7   MM   MM    MM
2026 09 27 18 30  90  9.0 11.0    MM    MM    MM  MM  992.3   9.5  11.4   7.1   MM   MM    MM
2026 09 27 18 20  90  9.0 11.0   1.0     4   4.0  94  992.4   9.4  11.4   7.2   MM   MM    MM
2026 09 27 18 10  90 10.0 12.0   1.0    MM   4.0  94  992.4   9.5  11.4   7.1   MM   MM    MM
2026 09 27 18 00  90 10.0 12.0    MM    MM    MM  MM  992.4   9.6  11.4   7.0   MM -0.5    MM
2026 09 27 17 50  90 11.0 13.0   1.0     4   4.0  94  992.5   9.6  11.4   7.0   MM   MM    MM
2026 09 27 17 40  90 11.0 13.0    MM    MM    MM  MM  992.5   9.6  11.4   7.2   MM   MM    MM
2026 09 27 17 30  90 10.0 13.0    MM    MM    MM  MM  992.6   9.7  11.4   7.4   MM   MM    MM
2026 09 27 17 20  90 10.0 12.0   1.0     4   3.9  84  992.6   9.7  11.4   7.6   MM   MM    MM
2026 09 27 17 10  90  9.0 11.0   1.0    MM   3.9  84  992.6   9.7  11.4   7.8   MM   MM    MM
2026 09 27 17 00  90 10.0 12.0    MM    MM    MM  MM  992.8   9.7  11.3   7.8   MM -0.3    MM
2026 09 27 16 50  90 10.0 11.0   0.9     4   3.8  87  992.7   9.8  11.3   7.7   MM   MM    MM
2026 09 27 16 40  90 10.0 12.0   0.9    MM   3.8  87  992.7   9.7  11.3   7.4   MM   MM    MM
2026 09 27 16 30  90 10.0 12.0    MM    MM    MM  MM  992.7   9.8  11.3   7.5   MM   MM    MM
2026 09 27 16 20 100 10.0 13.0   0.9     4   3.7  90  992.7   9.7  11.3   7.3   MM   MM    MM
2026 09 27 16 10 100 11.0 13.0   0.9    MM   3.7  90  992.6   9.8  11.3   7.3   MM   MM    MM
2026 09 27 16 00 100 11.0 13.0    MM    MM    MM  MM  992.6   9.8  11.3   7.2   MM -0.8    MM
2026 09 27 15 50  90 10.0 13.0   0.9     4   3.7  93  992.6   9.8  11.3   7.3   MM   MM    MM
2026 09 27 15 40 100 10.0 13.0    MM    MM    MM  MM  992.7   9.7  11.3   7.5   MM   MM    MM
2026 09 27 15 30 100 11.0 13.0    MM    MM    MM  MM  992.6   9.7  11.3   7.5   MM   MM    MM
2026 09 27 15 20  90 11.0 13.0   0.9     4   3.7  82  992.6   9.8  11.3   7.6   MM   MM    MM
2026 09 27 15 10  90 10.0 12.0   0.9    MM   3.7  82  992.6   9.7  11.3   7.7   MM   MM    MM
2026 09 27 15 00  90 11.0 13.0    MM    MM    MM  MM  992.6   9.5  11.3   7.6   MM -0.3    MM
2026 09 27 14 50  90 11.0 13.0   0.9     4   3.8  90  992.7   9.7  11.3   7.7   MM   MM    MM
2026 09 27 14 40  90 11.0 13.0    MM    MM    MM  MM  992.7   9.7  11.3   7.5   MM   MM    MM
2026 09 27 14 30  90 10.0 13.0    MM    MM    MM  MM  992.7   9.9  11.3   7.8   MM   MM    MM
2026 09 27 14 20  90 10.0 12.0   0.9     4   3.8  82  992.7   9.7  11.4   7.8   MM   MM    MM
2026 09 27 14 10 100 10.0 13.0   0.9    MM   3.8  82  992.7   9.8  11.4   7.8   MM   MM    MM
2026 09 27 14 00  90 11.0 13.0    MM    MM    MM  MM  992.7   9.7  11.4   7.6   MM +0.0    MM
2026 09 27 13 50  90 10.0 13.0   1.0     4   4.0  75  992.7   9.8    MM   7.6   MM   MM    MM
2026 09 27 13 40  90 10.0 12.0   1.0    MM   4.0  75  992.8   9.9  11.4   7.8   MM   MM    MM
2026 09 27 13 30  80 10.0 12.0    MM    MM    MM  MM  992.8   9.7  11.4   7.7   MM   MM    MM
2026 09 27 13 20  90 10.0 12.0   1.0     5   4.1  71  992.8   9.5  11.4   7.7   MM   MM    MM
2026 09 27 13 10 100  8.0 10.0   1.0    MM   4.1  71  993.0   9.6  11.4   8.2   MM   MM    MM
2026 09 27 13 00 100  9.0 11.0    MM    MM    MM  MM  993.2   9.6  11.4   8.3   MM +0.9    MM
2026 09 27 12 50 100 10.0 12.0   1.0     4   4.1  73  993.1   9.8  11.4   8.2   MM   MM    MM
2026 09 27 12 40 100 10.0 13.0   1.0    MM   4.1  73  993.1   9.8  11.4   8.1   MM   MM    MM
2026 09 27 12 30  90 10.0 12.0    MM    MM    MM  MM  993.0   9.7  11.4   8.2   MM   MM    MM
2026 09 27 12 20  90 10.0 11.0   1.0     5   4.1  74  993.0   9.6  11.4   8.3   MM   MM    MM
2026 09 27 12 10  90 10.0 12.0   1.0    MM   4.1  74  993.0   9.9  11.4   8.8   MM   MM    MM
2026 09 27 12 00  90 10.0 12.0    MM    MM    MM  MM  992.8  10.0  11.5   8.9   MM -0.0    MM
2026 09 27 11 50 100 11.0 13.0   1.1     5   4.1  82  992.9  10.1  11.5   8.9   MM   MM    MM
2026 09 27 11 40 100 10.0 12.0   1.1    MM   4.1  82  993.1  10.4  11.5   9.5   MM   MM    MM
2026 09 27 11 30 100  9.0 11.0    MM    MM    MM  MM  993.1  10.6  11.5   9.7   MM   MM    MM
2026 09 27 11 20 100  8.0 10.0   1.2     5   4.1  83  993.2  10.7  11.5   9.6   MM   MM    MM
2026 09 27 11 10 100  9.0 12.0   1.2    MM   4.1  83  993.1  10.9  11.6   9.3   MM   MM    MM
2026 09 27 11 00 110 10.0 15.0    MM    MM    MM  MM  992.9  10.9  11.6   9.1   MM -0.9    MM
2026 09 27 10 50 110 12.0 15.0   1.3     5   4.1  98  992.8  10.9  11.6   9.0   MM   MM    MM
2026 09 27 10 40 100 13.0 16.0    MM    MM    MM  MM  992.7  10.8  11.6   9.0   MM   MM    MM
2026 09 27 10 30  80 14.0 17.0    MM    MM    MM  MM  992.3  10.7  11.6   8.8   MM   MM    MM
2026 09 27 10 20  80 13.0 16.0   1.4     5   4.1 105  992.4  10.8  11.6   8.6   MM   MM    MM
2026 09 27 10 10  80 15.0 18.0   1.4    MM   4.1 105  992.4  10.7  11.6   8.5   MM   MM    MM
2026 09 27 10 00  80 13.0 16.0    MM    MM    MM  MM  992.3  10.8  11.6   8.8   MM -2.1    MM
2026 09 27 09 50  90 13.0 17.0   1.5     5   4.1 101  992.3  10.8  11.6   8.6   MM   MM    MM
2026 09 27 09 40  80 15.0 18.0    MM    MM    MM  MM  992.3  10.7  11.6   8.5   MM   MM    MM
2026 09 27 09 30  80 14.0 18.0    MM    MM    MM  MM  992.2  10.7  11.6   8.7   MM   MM    MM
2026 09 27 09 20  80 14.0 18.0   1.4     5   4.0 102  992.3  10.5  11.7   8.8   MM   MM    MM
2026 09 27 09 10  80 14.0 18.0    MM    MM    MM  MM  992.4  10.4  11.7   8.7   MM   MM    MM
2026 09 27 09 00 100 14.0 16.0    MM    MM    MM  MM  993.0  10.4  11.7   9.0   MM -2.2    MM
2026 09 27 08 50 100 15.0 19.0   1.5     5   4.0 103  993.6  10.5  11.7   9.0   MM   MM    MM
2026 09 27 08 40  90 15.0 19.0    MM    MM    MM  MM  993.6  10.6  11.7   8.7   MM   MM    MM
2026 09 27 08 30  90 14.0 18.0    MM    MM    MM  MM  993.6  10.7  11.7   8.6   MM   MM    MM
2026 09 27 08 20  90 15.0 18.0   1.4     5   4.0  97  993.6  10.7  11.6   8.6   MM   MM    MM
2026 09 27 08 10  90 14.0 17.0    MM    MM    MM  MM  993.6  10.8  11.6   8.8   MM   MM    MM
2026 09 27 08 00  90 14.0 18.0    MM    MM    MM  MM  993.7  10.8  11.6   8.7   MM -2.4    MM
2026 09 27 07 50  90 14.0 19.0   1.3     4   3.9 102  993.7  10.8  11.6   8.8   MM   MM    MM
2026 09 27 07 40  90 13.0 16.0    MM    MM    MM  MM  993.9  10.9  11.6   9.0   MM   MM    MM
2026 09 27 07 30  90 14.0 17.0    MM    MM    MM  MM  994.1  11.0  11.6   9.1   MM   MM    MM
2026 09 27 07 20  90 14.0 17.0   1.3    MM   3.9 108  994.2  11.0  11.6   8.9   MM   MM    MM
2026 09 27 07 10  MM   MM   MM   1.3     4   3.9 108     MM    MM    MM    MM   MM   MM    MM
2026 09 27 07 00  80 11.0 14.0    MM    MM    MM  MM  994.5  10.9  11.6   9.2   MM -2.4    MM
2026 09 27 06 50  80 12.0 16.0   1.3    MM   4.1 105  994.6  10.7    MM   9.1   MM   MM    MM
2026 09 27 06 40  MM   MM   MM   1.3     5   4.1 105     MM    MM    MM    MM   MM   MM    MM
2026 09 27 06 30  80 11.0 13.0    MM    MM    MM  MM  995.1  10.8  11.6   9.2   MM   MM    MM
2026 09 27 06 20  80 11.0 13.0   1.2     4   4.0 101  995.3  10.8  11.6   9.1   MM   MM    MM
2026 09 27 06 10  90 11.0 14.0   1.2    MM   4.0 101  995.5  10.6  11.6   9.2   MM   MM    MM
2026 09 27 06 00  90 11.0 14.0    MM    MM    MM  MM  995.5  10.4  11.6   9.2   MM -2.6    MM
2026 09 27 05 50  90 12.0 15.0   1.0     4   3.8  95  995.6  10.6  11.6   9.0   MM   MM    MM
2026 09 27 05 40  90 11.0 15.0   1.0    MM   3.8  95  995.7  10.7  11.6   8.8   MM   MM    MM
2026 09 27 05 30  90 11.0 14.0    MM    MM    MM  MM  995.9  10.7  11.6   8.7   MM   MM    MM
2026 09 27 05 20  90 12.0 14.0   1.0     4   3.7  96  996.1  10.7  11.6   8.8   MM   MM    MM
2026 09 27 05 10  90 12.0 15.0   1.0    MM   3.7  96  996.1  10.8  11.6   8.8   MM   MM    MM
2026 09 27 05 00  90 12.0 15.0    MM    MM    MM  MM  996.1  10.8  11.6   8.9   MM -2.3    MM
2026 09 27 04 50  90 13.0 15.0   1.0     4   3.6 106  996.3  10.6  11.6   8.8   MM   MM    MM
2026 09 27 04 40  90 13.0 15.0    MM    MM    MM  MM  996.3  10.4  11.6   8.8   MM   MM    MM
2026 09 27 04 30  90 12.0 15.0    MM    MM    MM  MM  996.5  10.6  11.6   9.0   MM   MM    MM
2026 09 27 04 20  90 12.0 15.0   1.1     4   3.7 109  996.8  10.5  11.6   8.7   MM   MM    MM
2026 09 27 04 10  90 11.0 14.0   1.1    MM   3.7 109  997.0  10.2  11.6   9.1   MM   MM    MM
2026 09 27 04 00  90 12.0 15.0    MM    MM    MM  MM  997.3  10.7  11.6   8.4   MM -2.1    MM
2026 09 27 03 50  90 12.0 15.0   1.1     4   3.8 103  997.3  10.7  11.6   8.0   MM   MM    MM
2026 09 27 03 40  90 11.0 15.0    MM    MM    MM  MM  997.3  10.6  11.6   8.2   MM   MM    MM
2026 09 27 03 30  90 11.0 13.0    MM    MM    MM  MM  997.6  10.5  11.6   8.4   MM   MM    MM
2026 09 27 03 20  90 11.0 14.0   1.2     4   3.9 109  997.7  10.6  11.6   8.4   MM   MM    MM
2026 09 27 03 10 100 12.0 14.0   1.2    MM   3.9 109  997.9  10.6  11.6   8.1   MM   MM    MM
2026 09 27 03 00 100 11.0 14.0    MM    MM    MM  MM  998.0  10.8  11.6   8.1   MM -2.0    MM
2026 09 27 02 50 100 11.0 14.0   1.1     9   3.8 178  998.1  10.9  11.6   8.1   MM   MM    MM
2026 09 27 02 40 100 11.0 13.0    MM    MM    MM  MM  998.2  10.8  11.6   8.2   MM   MM    MM
2026 09 27 02 30 100 12.0 15.0    MM    MM    MM  MM  998.2  10.6  11.6   8.3   MM   MM    MM
2026 09 27 02 20 100 13.0 15.0   1.1     4   3.8 104  998.3  10.6  11.6   8.3   MM   MM    MM
2026 09 27 02 10 100 13.0 15.0   1.1    MM   3.8 104  998.4  10.6  11.6   8.3   MM   MM    MM
2026 09 27 02 00 100 12.0 16.0    MM    MM    MM  MM  998.7  10.5  11.6   8.4   MM -2.0    MM
2026 09 27 01 50 100 12.0 14.0   1.2     4   3.9 108  998.9  10.3  11.6   8.7   MM   MM    MM
2026 09 27 01 40 100 12.0 14.0    MM    MM    MM  MM  999.0  10.4  11.6   8.6   MM   MM    MM
2026 09 27 01 30 100 13.0 16.0    MM    MM    MM  MM  999.1  10.5  11.6   8.3   MM   MM    MM
2026 09 27 01 20 100 13.0 16.0   1.1     4   3.8 110  999.1  10.6  11.6   8.5   MM   MM    MM
2026 09 27 01 10 100 12.0 16.0   1.1    MM   3.8 110  999.2  10.4  11.6   8.6   MM   MM    MM
2026 09 27 01 00  90 13.0 16.0    MM    MM    MM  MM  999.2  10.2  11.6   8.5   MM -2.1    MM
2026 09 27 00 50  90 13.0 16.0   0.9     9   3.7 189  999.4  10.2  11.6   8.8   MM   MM    MM
2026 09 27 00 40  80 11.0 15.0    MM    MM    MM  MM  999.5   9.9  11.6   9.1   MM   MM    MM
2026 09 27 00 30  70 10.0 12.0    MM    MM    MM  MM  999.7   9.6  11.6   9.0   MM   MM    MM
2026 09 27 00 20  80 11.0 13.0   0.9     9   3.8 162 1000.0   9.5  11.6   8.5   MM   MM    MM
2026 09 27 00 10  80 10.0 12.0    MM    MM    MM  MM 1000.1   9.6  11.6   8.5   MM   MM    MM
2026 09 27 00 00  90 10.0 13.0    MM    MM    MM  MM 1000.2  10.0  11.6   8.1   MM -1.6    MM
2026 09 26 23 50 100 10.0 13.0   0.9    10   3.7 160 1000.1   9.9  11.6   8.1   MM   MM    MM
2026 09 26 23 40 100 10.0 12.0    MM    MM    MM  MM 1000.3   9.6  11.6   8.3   MM   MM    MM
2026 09 26 23 10  90 10.0 12.0   1.0    MM   3.8 180 1000.8   9.7  11.6   7.9   MM   MM    MM
2026 09 26 23 00  90  9.0 11.0    MM    MM    MM  MM 1000.8   9.7  11.6   8.1   MM -1.6    MM
2026 09 26 22 50 100  9.0 12.0   1.0     4   3.9 103 1000.8   9.7  11.6   8.1   MM   MM    MM
2026 09 26 22 40 100 11.0 13.0    MM    MM    MM  MM 1000.9   9.8  11.6   7.8   MM   MM    MM
2026 09 26 22 30 100 11.0 13.0    MM    MM    MM  MM 1001.1   9.8  11.6   7.8   MM   MM    MM
2026 09 26 22 20 100 11.0 14.0   1.1     5   4.0 104 1001.0   9.8  11.6   7.8   MM   MM    MM
2026 09 26 22 10 100 11.0 14.0   1.1    MM   4.0 104 1001.2   9.9  11.6   7.6   MM   MM    MM
2026 09 26 22 00 100 11.0 14.0    MM    MM    MM  MM 1001.3  10.0  11.6   7.7   MM -1.4    MM
2026 09 26 21 50 100 12.0 14.0   1.3     5   4.1  97 1001.5   9.9  11.6   7.6   MM   MM    MM
2026 09 26 21 40 100 12.0 15.0   1.3    MM   4.1  97 1001.6   9.9  11.6   7.7   MM   MM    MM
2026 09 26 21 30 100 12.0 16.0    MM    MM    MM  MM 1001.7   9.9  11.6   7.5   MM   MM    MM
2026 09 26 21 20 100 13.0 18.0   1.4     5   4.1  89 1001.8   9.9  11.6   7.5   MM   MM    MM
2026 09 26 21 10 100 13.0 17.0    MM    MM    MM  MM 1001.9  10.0  11.6   7.7   MM   MM    MM
2026 09 26 21 00 100 14.0 17.0    MM    MM    MM  MM 1001.9  10.1  11.6   7.4   MM -0.6    MM
2026 09 26 20 50 100 13.0 16.0   1.4     5   4.2  96 1002.1  10.3  11.6   7.5   MM   MM    MM
2026 09 26 20 40 100 13.0 16.0    MM    MM    MM  MM 1002.1  10.3  11.6   7.3   MM   MM    MM
2026 09 26 20 30 100 14.0 18.0    MM    MM    MM  MM 1001.9  10.3  11.7   7.3   MM   MM    MM
2026 09 26 20 20 100 14.0 17.0   1.5     5   4.2 100 1001.9  10.2  11.7   7.3   MM   MM    MM
2026 09 26 20 10 100 13.0 16.0    MM    MM    MM  MM 1002.2  10.1  11.7   7.4   MM   MM    MM
2026 09 26 20 00 100 12.0 15.0    MM    MM    MM  MM 1002.3   9.9  11.7   7.8   MM +0.4    MM
2026 09 26 19 50 100 12.0 16.0   1.6     5   4.3 106 1002.4   9.9  11.7   7.9   MM   MM    MM
2026 09 26 19 40 100 13.0 16.0    MM    MM    MM  MM 1002.4   9.7  11.7   7.8   MM   MM    MM
2026 09 26 19 30 100 14.0 16.0    MM    MM    MM  MM 1002.4   9.7  11.7   7.7   MM   MM    MM
2026 09 26 19 20 100 14.0 18.0   1.5    MM   4.3 110 1002.5   9.9  11.7   7.6   MM   MM    MM
2026 09 26 19 10  MM   MM   MM   1.5     5   4.3 110     MM    MM    MM    MM   MM   MM    MM
2026 09 26 19 00 100 13.0 16.0    MM    MM    MM  MM 1002.6  10.1  11.7   7.3   MM -0.0    MM
2026 09 26 18 50  90 12.0 16.0   1.6     5   4.5  98 1002.6  10.0  11.7   7.6   MM   MM    MM
2026 09 26 18 40  90 11.0 14.0    MM    MM    MM  MM 1002.7   9.7  11.7   7.9   MM   MM    MM
2026 09 26 18 30 100 11.0 15.0    MM    MM    MM  MM 1002.8   9.7  11.7   8.2   MM   MM    MM
2026 09 26 18 20 100 13.0 16.0   1.7     8   4.6 176 1002.8   9.7  11.7   8.0   MM   MM    MM
2026 09 26 18 10 100 14.0 16.0    MM    MM    MM  MM 1002.7   9.9  11.7   8.0   MM   MM    MM
2026 09 26 18 00 100 14.0 18.0    MM    MM    MM  MM 1002.6  10.1  11.7   8.0   MM -0.7    MM
2026 09 26 17 50 100 14.0 17.0   1.7     5   4.6 108 1002.6  10.3  11.7   7.9   MM   MM    MM
2026 09 26 17 40 100 14.0 18.0    MM    MM    MM  MM 1002.5  10.4  11.7   7.6   MM   MM    MM
2026 09 26 17 30 100 14.0 17.0    MM    MM    MM  MM 1002.4  10.4  11.7   7.7   MM   MM    MM
2026 09 26 17 20  90 14.0 17.0   1.6     5   4.6  99 1002.3  10.4  11.7   7.7   MM   MM    MM
2026 09 26 17 10  80 14.0 18.0   1.6    MM   4.6  99 1001.9  10.5  11.7   7.5   MM   MM    MM
2026 09 26 17 00  80 15.0 19.0    MM    MM    MM  MM 1001.9  10.5  11.7   7.2   MM -1.8    MM
2026 09 26 16 50  80 14.0 17.0   1.5     5   4.5  96 1002.0  10.5  11.7   7.2   MM   MM    MM
2026 09 26 16 40  80 14.0 17.0    MM    MM    MM  MM 1002.1  10.5  11.7   7.1   MM   MM    MM
2026 09 26 16 30  80 13.0 15.0    MM    MM    MM  MM 1002.3  10.4  11.7   7.0   MM   MM    MM
2026 09 26 16 20  80 13.0 16.0   1.6     5   4.6  93 1002.5  10.4  11.7   6.9   MM   MM    MM
2026 09 26 16 10  80 13.0 15.0    MM    MM    MM  MM 1002.5  10.6  11.7   6.7   MM   MM    MM
2026 09 26 16 00  80 12.0 16.0    MM    MM    MM  MM 1002.6  10.7  11.7   6.7   MM -1.3    MM
2026 09 26 15 50  80 13.0 17.0   1.6     8   4.7 170 1002.8  10.7  11.7   6.5   MM   MM    MM
2026 09 26 15 40  90 14.0 17.0    MM    MM    MM  MM 1002.7  10.7  11.7   6.5   MM   MM    MM
2026 09 26 15 30  90 13.0 16.0    MM    MM    MM  MM 1002.9  10.8  11.7   6.3   MM   MM    MM
2026 09 26 15 20  90 13.0 16.0   1.7    10   4.9 178 1003.0  10.9  11.7   6.0   MM   MM    MM
2026 09 26 15 10  80 13.0 16.0   1.7    MM   4.9 178 1003.0  10.9  11.6   5.8   MM   MM    MM
2026 09 26 15 00  90 12.0 16.0    MM    MM    MM  MM 1003.1  10.9  11.6   6.0   MM -1.0    MM
2026 09 26 14 50  90 12.0 15.0   1.6     9   4.6 173 1003.2  10.9  11.6   5.9   MM   MM    MM
2026 09 26 14 40  90 12.0 16.0    MM    MM    MM  MM 1003.3  10.9  11.6   5.9   MM   MM    MM
2026 09 26 14 30  90 13.0 17.0    MM    MM    MM  MM 1003.4  11.0  11.6   6.0   MM   MM    MM
2026 09 26 14 20  90 14.0 17.0   1.6     5   4.6 108 1003.5  11.1  11.6   6.1   MM   MM    MM
2026 09 26 14 10  90 13.0 16.0    MM    MM    MM  MM 1003.5  11.1  11.6   6.6   MM   MM    MM
2026 09 26 14 00 100 13.0 17.0    MM    MM    MM  MM 1003.6  10.9  11.6   6.4   MM -0.3    MM
2026 09 26 13 50  90 13.0 16.0   1.5     5   4.6  98 1003.7  10.9  11.6   6.6   MM   MM    MM
2026 09 26 13 40  90 14.0 18.0   1.5    MM   4.6  98 1003.9  10.8  11.6   6.6   MM   MM    MM
2026 09 26 13 30  90 14.0 19.0    MM    MM    MM  MM 1003.7  10.9  11.6   6.9   MM   MM    MM
2026 09 26 13 20  90 15.0 19.0   1.7     5   4.5 105 1003.7  11.0  11.6   6.4   MM   MM    MM
2026 09 26 13 10  90 15.0 19.0    MM    MM    MM  MM 1003.7  10.9  11.6   6.3   MM   MM    MM
2026 09 26 13 00  90 14.0 19.0   1.7    MM   4.5 105 1003.8  11.0  11.6   6.5   MM +0.0    MM
2026 09 26 12 50  90 14.0 18.0   1.6     5   4.7  88 1003.6  10.9  11.7   6.5   MM   MM    MM
2026 09 26 12 40  90 13.0 17.0    MM    MM    MM  MM 1003.8  10.7  11.7   6.8   MM   MM    MM
2026 09 26 12 30  90 13.0 16.0    MM    MM    MM  MM 1003.9  10.5  11.7   6.8   MM   MM    MM
2026 09 26 12 20  90 13.0 16.0   1.6     5   4.7  92 1004.0  10.4  11.7   7.0   MM   MM    MM
2026 09 26 12 10  90 13.0 16.0   1.6    MM   4.7  92 1004.1  10.4  11.7   7.2   MM   MM    MM
2026 09 26 12 00  90 13.0 17.0    MM    MM    MM  MM 1004.0  10.3  11.7   7.1   MM -0.3    MM
2026 09 26 11 50  90 12.0 15.0   1.6     5   4.7  89 1003.9  10.3  11.7   7.3   MM   MM    MM
2026 09 26 11 40  90 13.0 16.0    MM    MM    MM  MM 1003.9  10.3  11.7   7.1   MM   MM    MM
2026 09 26 11 30  80 13.0 16.0    MM    MM    MM  MM 1003.9  10.4  11.7   7.5   MM   MM    MM
2026 09 26 11 20  90 12.0 15.0   1.6     5   4.6  80 1004.0  10.4  11.7   7.6   MM   MM    MM
2026 09 26 11 10  80 13.0 16.0    MM    MM    MM  MM 1004.0  10.7  11.7   7.7   MM   MM    MM
2026 09 26 11 00  80 12.0 15.0    MM    MM    MM  MM 1004.0  11.0  11.7   7.6   MM -1.0    MM
2026 09 26 10 50  80 11.0 15.0   1.4     5   4.5  83 1004.0  11.1  11.7   7.5   MM   MM    MM
2026 09 26 10 40  80 12.0 15.0    MM    MM    MM  MM 1004.0  11.1  11.7   7.3   MM   MM    MM
2026 09 26 10 30  90 12.0 16.0    MM    MM    MM  MM 1004.1  11.1  11.7   7.3   MM   MM    MM
2026 09 26 10 20  90 11.0 15.0   1.4     5   4.5  87 1004.1  11.1  11.7   7.5   MM   MM    MM
2026 09 26 10 10  90 11.0 13.0    MM    MM    MM  MM 1004.0  11.1  11.7   7.8   MM   MM    MM
2026 09 26 10 00  80 11.0 14.0    MM    MM    MM  MM 1004.1  11.0  11.7   7.7   MM -1.1    MM
2026 09 26 09 50  80 12.0 15.0   1.5     5   4.5  75 1004.2  11.1  11.7   7.7   MM   MM    MM
2026 09 26 09 40  80 11.0 14.0    MM    MM    MM  MM 1004.2  11.3  11.7   7.6   MM   MM    MM
2026 09 26 09 30  80 11.0 14.0    MM    MM    MM  MM 1004.2  11.4  11.7   7.2   MM   MM    MM
2026 09 26 09 20  80 11.0 14.0   1.3     5   4.5  83 1004.3  11.5  11.6   7.3   MM   MM    MM
2026 09 26 09 10  80 10.0 13.0   1.3    MM   4.5  83 1004.3  11.5  11.6   7.5   MM   MM    MM
2026 09 26 09 00  80  9.0 11.0    MM    MM    MM  MM 1004.4  11.3  11.6   7.5   MM -1.0    MM
2026 09 26 08 50  80  9.0 12.0   1.4     5   4.7  89 1004.5  11.1  11.6   7.7   MM   MM    MM
2026 09 26 08 40  80  9.0 12.0   1.4    MM   4.7  89 1004.6  11.1  11.6   7.8   MM   MM    MM
2026 09 26 08 30  80 11.0 13.0    MM    MM    MM  MM 1004.7  11.0  11.6   7.5   MM   MM    MM
2026 09 26 08 20  90 10.0 13.0   1.3     5   4.5  94 1004.7  11.0  11.6   7.5   MM   MM    MM
2026 09 26 08 10  90 10.0 13.0    MM    MM    MM  MM 1004.9  10.8  11.6   7.4   MM   MM    MM
2026 09 26 08 00 100 11.0 13.0    MM    MM    MM  MM 1005.0  11.1  11.6   7.5   MM -0.4    MM
2026 09 26 07 50 100 11.0 14.0   1.3     5   4.6  81 1005.0  11.2    MM   6.9   MM   MM    MM
2026 09 26 07 40 100 10.0 13.0   1.3    MM   4.6  81 1005.0  11.5  11.6   6.5   MM   MM    MM
2026 09 26 07 30 100  9.0 11.0    MM    MM    MM  MM 1005.1  11.4  11.6   6.4   MM   MM    MM
2026 09 26 07 20 100 10.0 12.0   1.3     4   4.5  82 1005.1  11.4  11.6   6.6   MM   MM    MM
2026 09 26 07 10  90 10.0 13.0   1.3    MM   4.5  82 1005.2  11.4    MM   6.8   MM   MM    MM
2026 09 26 07 00  90 10.0 14.0    MM    MM    MM  MM 1005.3  11.4  11.6   6.8   MM -0.3    MM
2026 09 26 06 50  90 10.0 13.0   1.1     5   4.4  80 1005.3  11.3  11.6   6.7   MM   MM    MM
2026 09 26 06 40  90 11.0 14.0   1.1    MM   4.4  80 1005.4  11.4  11.6   6.6   MM   MM    MM
2026 09 26 06 30  90 12.0 14.0    MM    MM    MM  MM 1005.5  11.6  11.6   6.2   MM   MM    MM
2026 09 26 06 20  90 10.0 14.0   1.1    MM   4.3  87 1005.5  11.6  11.6   6.6   MM   MM    MM
2026 09 26 06 10  MM   MM   MM   1.1     4   4.3  87     MM    MM    MM    MM   MM   MM    MM
2026 09 26 06 00  90 11.0 13.0    MM    MM    MM  MM 1005.5  11.5  11.6   6.7   MM -0.6    MM
2026 09 26 05 50  90 12.0 15.0   1.1     4   4.2  89 1005.4  11.6  11.6   6.4   MM   MM    MM
2026 09 26 05 40  90 13.0 16.0    MM    MM    MM  MM 1005.4  11.8  11.6   6.2   MM   MM    MM
2026 09 26 05 30  90 12.0 16.0    MM    MM    MM  MM 1005.6  11.9  11.6   5.8   MM   MM    MM
2026 09 26 05 20 100 12.0 15.0   1.1     4   4.2  82 1005.6  12.0  11.6   5.8   MM   MM    MM
2026 09 26 05 10  90 10.0 14.0   1.1    MM   4.2  82 1005.7  12.1  11.5   5.9   MM   MM    MM
2026 09 26 05 00  90 11.0 15.0    MM    MM    MM  MM 1005.5  12.1  11.5   5.6   MM -1.1    MM
2026 09 26 04 50  90 11.0 15.0   1.0     4   3.9  90 1005.5  12.1  11.5   5.6   MM   MM    MM
2026 09 26 04 40  90 11.0 16.0    MM    MM    MM  MM 1005.5  12.1  11.5   5.9   MM   MM    MM
2026 09 26 04 30  90 11.0 13.0    MM    MM    MM  MM 1005.7  12.0  11.5   5.8   MM   MM    MM
2026 09 26 04 20  90 11.0 14.0   1.0     4   3.9  90 1005.7  11.9  11.5   5.9   MM   MM    MM
2026 09 26 04 10  90 10.0 13.0    MM    MM    MM  MM 1005.7  11.9  11.5   6.3   MM   MM    MM
2026 09 26 04 00  90 10.0 14.0    MM    MM    MM  MM 1005.6  11.7  11.5   6.7   MM -1.3    MM
2026 09 26 03 50  90 10.0 12.0   1.0     4   3.9 109 1005.8  11.6  11.5   6.8   MM   MM    MM
2026 09 26 03 40 100 10.0 12.0   1.0    MM   3.9 109 1005.9  11.6  11.5   7.3   MM   MM    MM
2026 09 26 03 30 100 10.0 12.0    MM    MM    MM  MM 1005.9  11.6  11.5   7.3   MM   MM    MM
2026 09 26 03 20 100 10.0 12.0   1.1     4   3.9 106 1006.0  11.6  11.4   7.4   MM   MM    MM
2026 09 26 03 10 100 10.0 12.0   1.1    MM   3.9 106 1006.0  11.6  11.4   7.6   MM   MM    MM
2026 09 26 03 00 100 11.0 13.0    MM    MM    MM  MM 1006.1  11.6  11.4   7.5   MM -1.2    MM
2026 09 26 02 50 110 12.0 15.0   1.0     4   3.9  94 1006.0  11.7  11.4   7.4   MM   MM    MM
2026 09 26 02 40 100 11.0 14.0   1.0    MM   3.9  94 1006.1  11.6  11.4   7.3   MM   MM    MM
2026 09 26 02 30 100 11.0 14.0    MM    MM    MM  MM 1006.2  11.6  11.4   7.1   MM   MM    MM
2026 09 26 02 20 100 12.0 15.0   1.0     4   3.8 102 1006.1  11.7  11.4   7.1   MM   MM    MM
2026 09 26 02 10 100 11.0 14.0   1.0    MM   3.8 102 1006.2  11.6  11.4   7.0   MM   MM    MM
2026 09 26 02 00 100 12.0 14.0    MM    MM    MM  MM 1006.3  11.6  11.4   7.4   MM -0.8    MM
2026 09 26 01 50 100 11.0 15.0   1.0     5   3.9  91 1006.3  11.5  11.4   7.6   MM   MM    MM
2026 09 26 01 40 100 11.0 14.0    MM    MM    MM  MM 1006.4  11.5  11.4   7.8   MM   MM    MM
2026 09 26 01 30 100 11.0 14.0    MM    MM    MM  MM 1006.5  11.4  11.4   7.8   MM   MM    MM
2026 09 26 01 20 100 11.0 14.0   1.0     5   3.9 100 1006.7  11.4  11.4   8.0   MM   MM    MM
2026 09 26 01 10 100 11.0 13.0   1.0    MM   3.9 100 1006.7  11.6  11.4   7.7   MM   MM    MM
2026 09 26 01 00 100 12.0 15.0    MM    MM    MM  MM 1006.8  11.7  11.4   7.5   MM -0.6    MM
2026 09 26 00 50  90 11.0 14.0   1.0     5   4.0  84 1006.8  11.7  11.4   7.8   MM   MM    MM
2026 09 26 00 40  90 11.0 13.0    MM    MM    MM  MM 1006.9  11.7  11.4   7.8   MM   MM    MM
2026 09 26 00 30  90 11.0 13.0    MM    MM    MM  MM 1006.9  11.6  11.4   7.6   MM   MM    MM
2026 09 26 00 20  90 12.0 14.0   1.0     5   3.9  83 1006.9  11.7  11.4   7.5   MM   MM    MM
2026 09 26 00 10 100 10.0 12.0   1.0    MM   3.9  83 1007.0  11.6  11.4   7.7   MM   MM    MM
2026 09 26 00 00 100 11.0 13.0    MM    MM    MM  MM 1007.1  11.7    MM   7.8   MM -0.8    MM
2026 09 25 23 50 100 11.0 13.0   1.3     5   4.2  90 1007.1  11.6  11.4   7.7   MM   MM    MM
2026 09 25 23 40 100 11.0 14.0    MM    MM    MM  MM 1007.1  11.6  11.4   7.6   MM   MM    MM
2026 09 25 23 20 100 12.0 15.0   1.2     5   4.0  85 1007.1  11.6  11.4   7.6   MM   MM    MM
2026 09 25 23 10 100 12.0 16.0   1.2    MM   4.0  85 1007.1  11.5  11.4   7.9   MM   MM    MM
2026 09 25 23 00 100 12.0 15.0    MM    MM    MM  MM 1007.2  11.5  11.4   7.8   MM -0.9    MM
2026 09 25 22 50 110 13.0 15.0   1.1     5   4.1  87 1007.2  11.4    MM   7.7   MM   MM    MM
2026 09 25 22 40 100 12.0 16.0    MM    MM    MM  MM 1007.3  11.2  11.4   7.9   MM   MM    MM
2026 09 25 22 30 100 12.0 15.0    MM    MM    MM  MM 1007.4  11.1  11.4   8.1   MM   MM    MM
2026 09 25 22 20  90 11.0 13.0   1.1     4   4.1  96 1007.5  11.0    MM   8.3   MM   MM    MM
2026 09 25 22 10  90 12.0 13.0   1.1    MM   4.1  96 1007.6  10.7  11.4   8.1   MM   MM    MM
2026 09 25 22 00 100 11.0 14.0    MM    MM    MM  MM 1007.6  10.6    MM   8.2   MM -0.7    MM
2026 09 25 21 50 100 12.0 14.0   1.1     5   4.1  87 1007.7  10.8  11.4   8.3   MM   MM    MM
2026 09 25 21 40  90 11.0 13.0   1.1    MM   4.1  87 1007.8  11.2  11.4   8.4   MM   MM    MM
2026 09 25 21 30  90 11.0 14.0    MM    MM    MM  MM 1007.7  11.2  11.4   8.3   MM   MM    MM
2026 09 25 21 20  90 11.0 14.0   1.1     5   4.0  83 1007.8  11.1  11.4   8.6   MM   MM    MM
2026 09 25 21 10  90 11.0 13.0   1.1    MM   4.0  83 1007.9  11.1  11.4   8.8   MM   MM    MM
2026 09 25 21 00  90 11.0 14.0    MM    MM    MM  MM 1007.9  11.0  11.4   8.7   MM -0.5    MM
2026 09 25 20 50  90 11.0 14.0   1.1     5   4.1  87 1008.1  11.0  11.4   8.7   MM   MM    MM
2026 09 25 20 40  90 12.0 15.0   1.1    MM   4.1  87 1008.0  11.0  11.4   8.4   MM   MM    MM
2026 09 25 20 30  90 12.0 15.0    MM    MM    MM  MM 1008.0  11.1  11.4   8.3   MM   MM    MM
2026 09 25 20 20  90 12.0 15.0   1.2     4   4.1  86 1008.1  11.2  11.4   8.2   MM   MM    MM
2026 09 25 20 10 100 11.0 13.0   1.2    MM   4.1  86 1008.1  11.0  11.4   8.2   MM   MM    MM
2026 09 25 20 00 100 11.0 14.0    MM    MM    MM  MM 1008.2  10.9    MM   8.3   MM -0.6    MM
2026 09 25 19 50  90 12.0 15.0   1.2     4   4.1  83 1008.1  11.0  11.4   8.1   MM   MM    MM
2026 09 25 19 40  90 11.0 14.0    MM    MM    MM  MM 1008.1    MM    MM    MM   MM   MM    MM
2026 09 25 19 30 100 12.0 14.0    MM    MM    MM  MM 1008.2  11.1    MM   7.8   MM   MM    MM
2026 09 25 19 20  90 12.0 14.0   1.1     5   4.0  81 1008.2  11.0  11.5   7.8   MM   MM    MM
2026 09 25 19 10  90 12.0 14.0    MM    MM    MM  MM 1008.2    MM  11.4    MM   MM   MM    MM
2026 09 25 19 00 100 12.0 15.0    MM    MM    MM  MM 1008.2  10.9    MM   7.9   MM -1.4    MM
2026 09 25 18 50 100 12.0 15.0   1.2     5   4.1  81 1008.3  11.1  11.4   7.6   MM   MM    MM
2026 09 25 18 40 100 12.0 15.0   1.2    MM   4.1  81 1008.4  11.2  11.4   7.5   MM   MM    MM
2026 09 25 18 30 100 12.0 15.0    MM    MM    MM  MM 1008.5  11.2  11.4   7.6   MM   MM    MM
2026 09 25 18 20  90 12.0 15.0   1.2     5   4.0  77 1008.4  11.1  11.4   7.9   MM   MM    MM
2026 09 25 18 10  90 11.0 14.0   1.2    MM   4.0  77 1008.5  11.0  11.4   8.1   MM   MM    MM
2026 09 25 18 00 100 12.0 15.0    MM    MM    MM  MM 1008.6  11.1  11.4   7.9   MM -1.2    MM
2026 09 25 17 50 100 11.0 15.0   1.0     4   3.9  86 1008.7  11.3    MM   7.9   MM   MM    MM
2026 09 25 17 40 100 12.0 15.0    MM    MM    MM  MM 1008.7  11.3  11.4   7.9   MM   MM    MM
2026 09 25 17 30  90 11.0 14.0   1.0    MM   3.9  86 1008.9  11.2  11.4   8.1   MM   MM    MM
2026 09 25 17 20  90 11.0 13.0   1.1     5   3.9  85 1009.0  11.2  11.4   8.3   MM   MM    MM
2026 09 25 17 10  90 11.0 14.0   1.1    MM   3.9  85 1008.9  11.1  11.4   8.2   MM   MM    MM
2026 09 25 17 00  90 12.0 15.0    MM    MM    MM  MM 1009.0  11.2  11.4   8.2   MM -1.5    MM
2026 09 25 16 50  90 11.0 14.0   1.0     5   3.8  86 1009.1  11.1  11.4   8.1   MM   MM    MM
2026 09 25 16 40  90 11.0 14.0   1.0    MM   3.8  86 1009.1  10.9  11.4   8.4   MM   MM    MM
2026 09 25 16 30  90 11.0 14.0    MM    MM    MM  MM 1009.2  10.9  11.4   8.5   MM   MM    MM
2026 09 25 16 20  90 13.0 16.0   1.1     5   3.8  95 1009.2  10.9  11.4   8.3   MM   MM    MM
2026 09 25 16 10  90 11.0 15.0   1.1    MM   3.8  95 1009.2  11.0  11.4   8.1   MM   MM    MM
2026 09 25 16 00  90 11.0 13.0    MM    MM    MM  MM 1009.4  10.7  11.4   8.0   MM -1.0    MM
2026 09 25 15 50  90 11.0 14.0   1.1     5   3.7  88 1009.5  10.6  11.4   8.3   MM   MM    MM
2026 09 25 15 40  90 12.0 14.0    MM    MM    MM  MM 1009.5  10.7  11.4   8.4   MM   MM    MM
2026 09 25 15 30  90 11.0 14.0    MM    MM    MM  MM 1009.6  10.6  11.4   8.3   MM   MM    MM
2026 09 25 15 20  90 12.0 14.0   0.9     4   3.5  85 1009.6  10.4  11.4   8.3   MM   MM    MM
2026 09 25 15 10 100 12.0 14.0   0.9    MM   3.5  85 1009.7  10.5  11.4   8.3   MM   MM    MM
2026 09 25 15 00  90 12.0 15.0    MM    MM    MM  MM 1009.7  10.8  11.4   8.1   MM -1.0    MM
2026 09 25 14 50  90 11.0 13.0   0.9     4   3.6  90 1009.8  10.8  11.4   8.2   MM   MM    MM
2026 09 25 14 40  90 11.0 14.0    MM    MM    MM  MM 1009.9  10.7  11.4   8.2   MM   MM    MM
2026 09 25 14 30  90 11.0 13.0    MM    MM    MM  MM 1009.9  10.3  11.5   8.4   MM   MM    MM
2026 09 25 14 20  90 11.0 13.0   0.8     4   3.6  97 1010.0  10.1  11.5   8.5   MM   MM    MM
2026 09 25 14 10 100 10.0 12.0    MM    MM    MM  MM 1010.1  10.4  11.5   8.6   MM   MM    MM
2026 09 25 14 00  90 10.0 12.0    MM    MM    MM  MM 1010.5  10.4  11.5   8.3   MM -1.1    MM
2026 09 25 13 50 100 11.0 13.0   0.7     4   3.6  86 1010.4  10.5  11.5   8.0   MM   MM    MM
2026 09 25 13 40  90  9.0 11.0   0.7    MM   3.6  86 1010.5  10.5  11.5   8.5   MM   MM    MM
2026 09 25 13 30 100 10.0 12.0    MM    MM    MM  MM 1010.5  10.6  11.5   8.3   MM   MM    MM
2026 09 25 13 20 100 10.0 12.0   0.9     4   3.7  88 1010.5  10.8  11.5   8.2   MM   MM    MM
2026 09 25 13 10 100  9.0 11.0   0.9    MM   3.7  88 1010.5  10.8  11.5   8.3   MM   MM    MM
2026 09 25 13 00 100  9.0 11.0    MM    MM    MM  MM 1010.5  10.8  11.5   8.2   MM -1.4    MM
2026 09 25 12 50  90 10.0 13.0   0.8     4   3.6  89 1010.5  10.9  11.5   8.0   MM   MM    MM
2026 09 25 12 40  90 10.0 12.0   0.8    MM   3.6  89 1010.5  10.9  11.5   8.1   MM   MM    MM
2026 09 25 12 30  90 10.0 12.0    MM    MM    MM  MM 1010.6  10.8  11.5   8.3   MM   MM    MM
2026 09 25 12 20  90 10.0 12.0   0.8     4   3.5  93 1010.7  10.7  11.5   8.3   MM   MM    MM
2026 09 25 12 10 100 11.0 13.0   0.8    MM   3.5  93 1010.7  11.0  11.5   8.1   MM   MM    MM
2026 09 25 12 00  90 10.0 13.0    MM    MM    MM  MM 1010.8  11.3  11.5   8.1   MM -1.5    MM
2026 09 25 11 50  90 10.0 12.0   0.7     4   3.5  87 1010.8  11.3  11.5   7.9   MM   MM    MM
2026 09 25 11 40  90  9.0 12.0   0.7    MM   3.5  87 1011.0  11.2  11.5   8.0   MM   MM    MM
2026 09 25 11 30  90  9.0 12.0    MM    MM    MM  MM 1010.9  10.8  11.5   7.9   MM   MM    MM
2026 09 25 11 20  90  8.0 10.0   0.7     4   3.5  93 1011.3  10.9  11.5   8.0   MM   MM    MM
2026 09 25 11 10  90 10.0 11.0    MM    MM    MM  MM 1011.3  11.0  11.5   7.5   MM   MM    MM
2026 09 25 11 00 100  9.0 12.0    MM    MM    MM  MM 1011.4  11.2  11.5   7.4   MM -1.0    MM
2026 09 25 10 50  80  7.0  9.0   0.7     4   3.7  94 1011.4  11.1  11.5   7.4   MM   MM    MM
2026 09 25 10 40  80  8.0  9.0   0.7    MM   3.7  94 1011.4  10.9  11.5   7.4   MM   MM    MM
2026 09 25 10 30  90  8.0 10.0    MM    MM    MM  MM 1011.6  10.9  11.5   7.3   MM   MM    MM
2026 09 25 10 20  90  9.0 11.0   0.7     4   3.6  95 1011.6  11.1  11.5   7.3   MM   MM    MM
2026 09 25 10 10  90  7.0  9.0   0.7    MM   3.6  95 1011.7  10.9  11.5   7.4   MM   MM    MM
2026 09 25 10 00  90  7.0 10.0    MM    MM    MM  MM 1011.9  10.9  11.5   7.2   MM -0.6    MM
2026 09 25 09 50  90  8.0 10.0   0.8     4   3.6  91 1012.0  11.1  11.6   6.8   MM   MM    MM
2026 09 25 09 40  90  8.0 10.0   0.8    MM   3.6  91 1012.0  10.9  11.6   7.1   MM   MM    MM
2026 09 25 09 30  90  9.0 11.0    MM    MM    MM  MM 1012.1  11.0  11.6   7.1   MM   MM    MM
2026 09 25 09 20 100  9.0 11.0   0.7     4   3.5  91 1012.0  11.2  11.6   7.1   MM   MM    MM
2026 09 25 09 10 100  9.0 11.0    MM    MM    MM  MM 1012.1  11.3  11.6   7.3   MM   MM    MM
2026 09 25 09 00 100  9.0 11.0   0.7    MM   3.5  91 1012.1  11.2  11.6   7.5   MM -0.8    MM
2026 09 25 08 50 100  9.0 10.0   0.7     4   3.4  92 1012.2  11.2  11.6   8.0   MM   MM    MM
2026 09 25 08 40 100 10.0 12.0    MM    MM    MM  MM 1012.1  11.2  11.6   7.6   MM   MM    MM
2026 09 25 08 30 100  9.0 11.0    MM    MM    MM  MM 1012.2  11.2  11.6   7.4   MM   MM    MM
2026 09 25 08 20 100  9.0 11.0   0.6     3   3.3  83 1012.2  11.2  11.6   7.7   MM   MM    MM
2026 09 25 08 10 100  9.0 11.0    MM    MM    MM  MM 1012.3  11.2  11.6   7.7   MM   MM    MM
2026 09 25 08 00 100  9.0 12.0    MM    MM    MM  MM 1012.3  11.3  11.6   7.6   MM -0.7    MM
2026 09 25 07 50 100  7.0  9.0   0.6     3   3.3  87 1012.4  11.1  11.6   7.7   MM   MM    MM
2026 09 25 07 40 100  8.0  9.0    MM    MM    MM  MM 1012.4  11.1  11.6   7.7   MM   MM    MM
2026 09 25 07 30 110  8.0  9.0    MM    MM    MM  MM 1012.5  11.1  11.6   7.9   MM   MM    MM
2026 09 25 07 20 100  8.0 10.0   0.6     3   3.3  90 1012.5  11.2  11.6   8.0   MM   MM    MM
2026 09 25 07 10 110  9.0 10.0   0.6    MM   3.3  90 1012.4  11.2  11.6   8.0   MM   MM    MM
2026 09 25 07 00 100  8.0 10.0    MM    MM    MM  MM 1012.6  11.2  11.6   8.0   MM -0.6    MM
2026 09 25 06 50 110  7.0  9.0   0.6     3   3.3  97 1012.7  11.3  11.6   8.1   MM   MM    MM
2026 09 25 06 40 110  7.0  9.0    MM    MM    MM  MM 1012.8  11.3  11.6   8.0   MM   MM    MM
2026 09 25 06 30 110  8.0  9.0    MM    MM    MM  MM 1012.9  11.2  11.6   7.9   MM   MM    MM
2026 09 25 06 20 110  7.0  9.0   0.6     3   3.5  92 1012.9  11.2  11.6   8.2   MM   MM    MM
2026 09 25 06 10 100  8.0  9.0    MM    MM    MM  MM 1012.8  11.2  11.6   8.1   MM   MM    MM
2026 09 25 06 00 100  8.0  9.0    MM    MM    MM  MM 1012.9  11.3  11.6   8.2   MM +0.0    MM
2026 09 25 05 50 100  8.0  9.0   0.6     4   3.4  97 1013.0  11.2  11.6   8.1   MM   MM    MM
2026 09 25 05 40 100  8.0  9.0    MM    MM    MM  MM 1012.9  11.3  11.6   8.6   MM   MM    MM
2026 09 25 05 30 100  8.0  9.0    MM    MM    MM  MM 1012.9  11.2  11.6   8.6   MM   MM    MM
2026 09 25 05 20 100  7.0  9.0   0.8     4   3.6  94 1012.9  11.2  11.6   9.0   MM   MM    MM
2026 09 25 05 10 100  7.0  8.0    MM    MM    MM  MM 1013.0  11.3  11.6   9.1   MM   MM    MM
2026 09 25 05 00 100  7.0  9.0    MM    MM    MM  MM 1013.1  11.3  11.6   9.2   MM +0.0    MM
2026 09 25 04 50 100  7.0  8.0   0.7     4   3.5  97 1013.1  11.2  11.6   9.4   MM   MM    MM
2026 09 25 04 40 100  7.0  9.0   0.7    MM   3.5  97 1013.0  11.3  11.6   9.4   MM   MM    MM
2026 09 25 04 30 110  7.0  9.0    MM    MM    MM  MM 1013.1  11.3  11.6   9.3   MM   MM    MM
2026 09 25 04 20 100  7.0  9.0   0.7     4   3.6  97 1013.1  11.3  11.6   9.1   MM   MM    MM
2026 09 25 04 10 100  7.0  8.0   0.7    MM   3.6  97 1013.0  11.4  11.6   8.9   MM   MM    MM
2026 09 25 04 00 110  7.0  9.0    MM    MM    MM  MM 1013.0  11.5  11.6   8.9   MM -0.0    MM
2026 09 25 03 50 110  7.0  8.0   0.8     3   3.6 120 1013.1  11.6  11.6   8.6   MM   MM    MM
2026 09 25 03 40 110  7.0  8.0    MM    MM    MM  MM 1013.0  11.6  11.6   8.6   MM   MM    MM
2026 09 25 03 30 120  8.0 10.0    MM    MM    MM  MM 1013.0  11.7  11.6   8.4   MM   MM    MM
2026 09 25 03 20 120  7.0  9.0   0.7     3   3.7  96 1012.9  11.7  11.6   8.4   MM   MM    MM
2026 09 25 03 10 120  8.0 10.0   0.7    MM   3.7  96 1013.0  11.7  11.5   8.3   MM   MM    MM
2026 09 25 03 00 120  8.0 10.0    MM    MM    MM  MM 1013.0  11.8  11.5   8.4   MM -0.4    MM
2026 09 25 02 50 120  7.0  9.0   0.7     4   3.6 103 1013.0  11.8  11.5   8.5   MM   MM    MM
2026 09 25 02 40 130  7.0  8.0    MM    MM    MM  MM 1013.0  11.8  11.5   8.5   MM   MM    MM
2026 09 25 02 30 120  8.0 10.0    MM    MM    MM  MM 1013.0  11.8  11.5   8.4   MM   MM    MM
2026 09 25 02 20 120  8.0  9.0   0.7     4   3.8  96 1013.0  11.8  11.5   8.4   MM   MM    MM
2026 09 25 02 10 120  8.0 10.0   0.7    MM   3.8  96 1013.0  11.8  11.5   8.3   MM   MM    MM
2026 09 25 02 00 120  8.0 10.0    MM    MM    MM  MM 1012.9  11.8  11.4   8.3   MM -0.5    MM
2026 09 25 01 50 130  7.0  9.0   0.6     3   3.5  81 1013.1  11.6  11.4   8.5   MM   MM    MM
2026 09 25 01 40 130  7.0 10.0    MM    MM    MM  MM 1013.2  11.6  11.4   8.5   MM   MM    MM
2026 09 25 01 30 130  7.0  9.0    MM    MM    MM  MM 1013.2  11.5  11.4   8.4   MM   MM    MM
2026 09 25 01 20 130  7.0  9.0   0.6     3   3.5  81 1013.3  11.6  11.4   8.4   MM   MM    MM
2026 09 25 01 10 130  7.0  9.0   0.6    MM   3.5  81 1013.3  11.7  11.5   8.3   MM   MM    MM
2026 09 25 01 00 120  7.0  9.0    MM    MM    MM  MM 1013.3  11.8  11.5   8.1   MM -0.3    MM
2026 09 25 00 50 120  8.0 10.0   0.6     4   3.5  77 1013.3  11.9  11.5   8.0   MM   MM    MM
2026 09 25 00 40 120  8.0  9.0   0.6    MM   3.5  77 1013.3  12.0  11.6   8.1   MM   MM    MM
2026 09 25 00 30 120  7.0  8.0    MM    MM    MM  MM 1013.4  12.0  11.6   8.3   MM   MM    MM
2026 09 25 00 20 110  7.0  9.0   0.6     3   3.4  83 1013.4  11.8  11.7   8.7   MM   MM    MM
2026 09 25 00 10 110  7.0  8.0    MM    MM    MM  MM 1013.4  11.7  11.7   9.0   MM   MM    MM
2026 09 25 00 00 110  8.0  9.0    MM    MM    MM  MM 1013.5  11.6  11.7   8.8   MM +0.0    MM
2026 09 24 23 50 100  8.0  9.0   0.6     3   3.3  98 1013.4  11.6  11.7   8.7   MM   MM    MM
2026 09 24 23 40 100  8.0  9.0    MM    MM    MM  MM 1013.3  11.5  11.7   8.6   MM   MM    MM
2026 09 24 23 10 100  8.0  9.0   0.6    MM   3.3  88 1013.5  11.5  11.7   8.6   MM   MM    MM
2026 09 24 23 00 110  8.0  9.0    MM    MM    MM  MM 1013.5  11.5    MM   8.7   MM +0.0    MM
2026 09 24 22 50 110  8.0  9.0   0.6     4   3.2  78 1013.5  11.5  11.7   8.6   MM   MM    MM
2026 09 24 22 40 110  8.0  9.0    MM    MM    MM  MM 1013.6  11.5  11.7   8.6   MM   MM    MM
2026 09 24 22 30 100  9.0 11.0    MM    MM    MM  MM 1013.5  11.6  11.7   8.5   MM   MM    MM
2026 09 24 22 20 110  8.0 10.0   0.6     4   3.2  89 1013.5  11.5  11.7   8.5   MM   MM    MM
2026 09 24 22 10 110  9.0 11.0   0.6    MM   3.2  89 1013.5  11.5  11.7   8.3   MM   MM    MM
2026 09 24 22 00 110  9.0 10.0    MM    MM    MM  MM 1013.5  11.5  11.7   8.4   MM -0.3    MM
2026 09 24 21 50 110  9.0 11.0   0.7     4   3.3  87 1013.5  11.5  11.7   8.4   MM   MM    MM
2026 09 24 21 40 110  9.0 11.0    MM    MM    MM  MM 1013.5  11.5  11.8   8.5   MM   MM    MM
2026 09 24 21 30 110  9.0 11.0    MM    MM    MM  MM 1013.5  11.5  11.8   8.5   MM   MM    MM
2026 09 24 21 20 110  9.0 11.0   0.6     3   3.2  87 1013.5  11.5  11.8   8.4   MM   MM    MM
2026 09 24 21 10 110  9.0 11.0    MM    MM    MM  MM 1013.4  11.5  11.8   8.3   MM   MM    MM
2026 09 24 21 00 110  9.0 10.0    MM    MM    MM  MM 1013.4  11.4  11.8   8.3   MM -0.4    MM
2026 09 24 20 50 100  9.0 10.0   0.6     3   3.2  99 1013.5  11.4  11.8   8.4   MM   MM    MM
2026 09 24 20 40 100  8.0 10.0   0.6    MM   3.2  99 1013.5  11.3  11.8   8.2   MM   MM    MM
2026 09 24 20 30 100  8.0 10.0    MM    MM    MM  MM 1013.4  11.2  11.8   8.3   MM   MM    MM
2026 09 24 20 20 110  9.0 10.0   0.6     3   3.2  87 1013.4  11.1  11.8   8.2   MM   MM    MM
2026 09 24 20 10 110  9.0 11.0   0.6    MM   3.2  87 1013.3  11.1  11.8   8.3   MM   MM    MM
2026 09 24 20 00 100  9.0 11.0    MM    MM    MM  MM 1013.4  11.1  11.8   8.4   MM -0.3    MM
2026 09 24 19 50 100  9.0 11.0   0.5    16   3.9 329 1013.3  11.3  11.8   8.1   MM   MM    MM
2026 09 24 19 40 100  8.0 10.0   0.5    MM   3.9 329 1013.4  11.3  11.8   8.1   MM   MM    MM
2026 09 24 19 30 100  6.0  8.0    MM    MM    MM  MM 1013.5  10.9  11.8   8.4   MM   MM    MM
2026 09 24 19 20  70  4.0  7.0   0.5    16   4.0 215 1013.6  10.4  11.8   8.5   MM   MM    MM
2026 09 24 19 10  50  3.0  4.0   0.5    MM   4.0 215 1013.7  10.3  11.8   8.4   MM   MM    MM
2026 09 24 19 00  30  3.0  4.0    MM    MM    MM  MM 1013.8  10.2    MM   8.4   MM +0.3    MM
2026 09 24 18 50  20  3.0  4.0   0.5    16   3.9 169 1013.7  10.0    MM   8.2   MM   MM    MM
2026 09 24 18 40  20  3.0  4.0    MM    MM    MM  MM 1013.7  10.0  11.8   8.4   MM   MM    MM
2026 09 24 18 30  10  3.0  4.0    MM    MM    MM  MM 1013.7   9.9  11.8   8.4   MM   MM    MM
2026 09 24 18 20  10  3.0  4.0   0.4    16   3.9 196 1013.7   9.8  11.7   8.3   MM   MM    MM
2026 09 24 18 10 360  3.0  4.0   0.4    MM   3.9 196 1013.8   9.6  11.7   8.3   MM   MM    MM
2026 09 24 18 00 360  4.0  5.0    MM    MM    MM  MM 1013.8   9.5  11.7   8.5   MM +0.0    MM
2026 09 24 17 50 350  4.0  5.0   0.4     4   3.9 310 1013.9   9.2  11.7   8.4   MM   MM    MM
2026 09 24 17 40 340  4.0  7.0   0.4    MM   3.9 310 1013.8   9.2  11.7   8.5   MM   MM    MM
2026 09 24 17 30 330  4.0  5.0    MM    MM    MM  MM 1013.8   9.1  11.7   8.6   MM   MM    MM
2026 09 24 17 20 330  3.0  4.0   0.4    16   4.0 160 1013.8   9.1  11.7   8.5   MM   MM    MM
2026 09 24 17 10 330  2.0  3.0   0.4    MM   4.0 160 1013.8   9.2  11.7   8.5   MM   MM    MM
2026 09 24 17 00 320  2.0  3.0    MM    MM    MM  MM 1013.8   9.3  11.7   8.2   MM +0.3    MM
2026 09 24 16 50 300  1.0  2.0   0.5     4   3.8 322 1013.8   9.5  11.7   8.0   MM   MM    MM
2026 09 24 16 40  MM  0.0  2.0    MM    MM    MM  MM 1013.8   9.7  11.7   8.0   MM   MM    MM
2026 09 24 16 30 360  3.0  3.0    MM    MM    MM  MM 1013.8   9.8  11.8   7.9   MM   MM    MM
2026 09 24 16 20 360  3.0  4.0   0.5     4   3.6 323 1013.7   9.7  11.8   7.5   MM   MM    MM
2026 09 24 16 10  10  4.0  5.0   0.5    MM   3.6 323 1013.6   9.8  11.8   7.7   MM   MM    MM
2026 09 24 16 00  10  4.0  5.0    MM    MM    MM  MM 1013.5   9.7  11.8   7.7   MM +0.0    MM
2026 09 24 15 50 360  4.0  5.0   0.5     4   3.7 309 1013.5   9.7  11.8   7.6   MM   MM    MM
2026 09 24 15 40 360  4.0  5.0    MM    MM    MM  MM 1013.6   9.7  11.8   7.6   MM   MM    MM
2026 09 24 15 30  10  4.0  5.0    MM    MM    MM  MM 1013.5   9.7  11.8   7.4   MM   MM    MM
2026 09 24 15 20  20  4.0  5.0   0.5     4   3.9 327 1013.6   9.7  11.8   7.4   MM   MM    MM
2026 09 24 15 10  20  4.0  4.0   0.5    MM   3.9 327 1013.5   9.7  11.8   7.3   MM   MM    MM
2026 09 24 15 00  10  4.0  5.0    MM    MM    MM  MM 1013.5   9.6  11.8   7.4   MM +0.0    MM
2026 09 24 14 50  20  4.0  5.0   0.5     4   3.7 335 1013.6   9.6  11.8   7.6   MM   MM    MM
2026 09 24 14 40  20  5.0  5.0    MM    MM    MM  MM 1013.6   9.7  11.8   7.4   MM   MM    MM
2026 09 24 14 30  20  5.0  6.0    MM    MM    MM  MM 1013.6   9.8  11.8   7.4   MM   MM    MM
2026 09 24 14 20  10  6.0  7.0   0.5     3   3.4 340 1013.5   9.9  11.8   7.1   MM   MM    MM
2026 09 24 14 10  10  5.0  7.0   0.5    MM   3.4 340 1013.5   9.9  11.8   7.3   MM   MM    MM
2026 09 24 14 00 360  6.0  7.0    MM    MM    MM  MM 1013.5   9.8  11.8   7.4   MM -0.3    MM
2026 09 24 13 50 350  7.0  8.0   0.4     3   3.4 338 1013.5   9.7  11.8   7.5   MM   MM    MM
2026 09 24 13 40 350  7.0  8.0   0.4    MM   3.4 338 1013.5   9.6  11.8   7.5   MM   MM    MM
2026 09 24 13 30 350  6.0  8.0    MM    MM    MM  MM 1013.5   9.5  11.8   7.6   MM   MM    MM
2026 09 24 13 20 360  7.0  8.0   0.4    16   3.6 169 1013.5   9.4    MM   7.8   MM   MM    MM
2026 09 24 13 10 360  6.0  8.0   0.4    MM   3.6 169 1013.5   9.4  11.7   7.6   MM   MM    MM
2026 09 24 13 00 360  6.0  7.0    MM    MM    MM  MM 1013.5   9.2  11.7   7.7   MM +0.0    MM
2026 09 24 12 50  10  6.0  8.0   0.4    16   3.5 237 1013.6   9.5  11.7   8.4   MM   MM    MM
2026 09 24 12 40 360  7.0  8.0    MM    MM    MM  MM 1013.6   9.6  11.7   8.2   MM   MM    MM
2026 09 24 12 30 360  7.0  8.0    MM    MM    MM  MM 1013.5   9.4  11.7   7.7   MM   MM    MM
2026 09 24 12 20 360  6.0  7.0   0.3    16   3.7 186 1013.6   9.5  11.7   8.2   MM   MM    MM
2026 09 24 12 10 360  6.0  8.0   0.3    MM   3.7 186 1013.6   9.5  11.7   8.3   MM   MM    MM
2026 09 24 12 00 360  6.0  7.0    MM    MM    MM  MM 1013.6   9.7  11.7   8.8   MM +0.5    MM
2026 09 24 11 50  10  5.0  7.0   0.3     8   5.2 162 1013.7   9.7  11.8   8.4   MM   MM    MM
2026 09 24 11 40  10  5.0  6.0   0.3    MM   5.2 162 1013.6   9.7  11.8   7.9   MM   MM    MM
2026 09 24 11 30 360  5.0  6.0    MM    MM    MM  MM 1013.6   9.5  11.8   8.2   MM   MM    MM
2026 09 24 11 20 360  4.0  5.0   0.3     8   5.8 180 1013.7   9.6  11.8   8.7   MM   MM    MM
2026 09 24 11 10 360  4.0  5.0    MM    MM    MM  MM 1013.7   9.8  11.8   9.1   MM   MM    MM
2026 09 24 11 00 360  4.0  5.0    MM    MM    MM  MM 1013.7   9.8  11.8   9.0   MM +0.8    MM
2026 09 24 10 50 360  3.0  4.0   0.3     8   5.8 191 1013.8   9.7  11.8   8.4   MM   MM    MM
2026 09 24 10 40 350  3.0  4.0    MM    MM    MM  MM 1013.7   9.5  11.8   7.7   MM   MM    MM
2026 09 24 10 30 360  2.0  3.0    MM    MM    MM  MM 1013.6   9.4  11.8   7.7   MM   MM    MM
2026 09 24 10 20  20  2.0  3.0   0.3    16   5.6 219 1013.6   9.5  11.8   7.7   MM   MM    MM
2026 09 24 10 10  20  3.0  4.0   0.3    MM   5.6 219 1013.7   9.5  11.8   7.7   MM   MM    MM
2026 09 24 10 00  20  3.0  4.0    MM    MM    MM  MM 1013.4   9.3  11.8   7.3   MM +0.9    MM
2026 09 24 09 50  10  3.0  4.0   0.3     8   4.8 193 1013.4   9.4  11.8   7.8   MM   MM    MM
2026 09 24 09 40  30  3.0  4.0   0.3    MM   4.8 193 1013.4   9.3  11.8   7.7   MM   MM    MM
2026 09 24 09 30  30  3.0  4.0    MM    MM    MM  MM 1013.5   9.4  11.8   7.9   MM   MM    MM
2026 09 24 09 20  20  3.0  4.0   0.3     8   3.6 176 1013.3   9.3  11.8   7.7   MM   MM    MM
2026 09 24 09 10  20  4.0  5.0    MM    MM    MM  MM 1013.1   9.7  11.8   8.6   MM   MM    MM
2026 09 24 09 00  40  4.0  5.0    MM    MM    MM  MM 1013.2   9.5  11.8   8.0   MM +1.0    MM
2026 09 24 08 50  70  5.0  6.0   0.3    16   3.4 214 1013.2   9.7  11.8   8.1   MM   MM    MM
2026 09 24 08 40  80  4.0  5.0    MM    MM    MM  MM 1013.3   9.9  11.8   8.5   MM   MM    MM
2026 09 24 08 30  90  5.0  7.0    MM    MM    MM  MM 1013.2   9.6  11.8   8.1   MM   MM    MM
2026 09 24 08 20  90  7.0  8.0   0.4     8   3.4 197 1013.2   9.7  11.8   8.2   MM   MM    MM
2026 09 24 08 10  90  7.0  8.0    MM    MM    MM  MM 1013.0  10.1  11.8   9.0   MM   MM    MM
2026 09 24 08 00  90  7.0  9.0    MM    MM    MM  MM 1013.0  10.1  11.8   8.4   MM +1.3    MM
2026 09 24 07 50 110  6.0  8.0   0.3    16   3.8  87 1012.9  10.4  11.8   8.9   MM   MM    MM
2026 09 24 07 40 110  5.0  6.0    MM    MM    MM  MM 1013.0  10.5  11.9   8.5   MM   MM    MM
2026 09 24 07 30 110  5.0  6.0    MM    MM    MM  MM 1012.8  10.5  11.9   8.0   MM   MM    MM
2026 09 24 07 20 120  5.0  6.0   0.3    MM   3.6 184 1012.7  10.6  11.8   7.8   MM   MM    MM
2026 09 24 07 10  MM   MM   MM   0.3     8   3.6 184     MM    MM    MM    MM   MM   MM    MM
2026 09 24 07 00 120  5.0  6.0    MM    MM    MM  MM 1012.6    MM  11.7    MM   MM +1.5    MM
2026 09 24 06 50 120  6.0  7.0   0.4     9   3.3 159 1012.5  10.9  11.7   8.0   MM   MM    MM
2026 09 24 06 40 110  6.0  7.0    MM    MM    MM  MM 1012.4  10.8  11.7   8.5   MM   MM    MM
2026 09 24 06 30 110  6.0  8.0    MM    MM    MM  MM 1012.4  11.0  11.7   8.4   MM   MM    MM
2026 09 24 06 20 100  5.0  7.0   0.4     8   3.2 179 1012.3  11.1  11.7   8.4   MM   MM    MM
2026 09 24 06 10 110  5.0  7.0    MM    MM    MM  MM 1012.2  11.2  11.7   8.2   MM   MM    MM
2026 09 24 06 00 110  4.0  5.0    MM    MM    MM  MM 1012.2  11.2  11.7   8.3   MM +1.2    MM
2026 09 24 05 50 110  4.0  5.0   0.3     8   3.5 189 1012.1  11.1  11.7   8.5   MM   MM    MM
2026 09 24 05 40 100  4.0  5.0    MM    MM    MM  MM 1011.9  11.1  11.7   8.6   MM   MM    MM
2026 09 24 05 30 110  4.0  5.0    MM    MM    MM  MM 1012.0  11.1  11.6   8.7   MM   MM    MM
2026 09 24 05 20 110  5.0  6.0   0.3    16   3.8 137 1011.9  11.1  11.6   8.7   MM   MM    MM
2026 09 24 05 10 110  5.0  7.0    MM    MM    MM  MM 1011.9  11.2  11.6   8.7   MM   MM    MM
2026 09 24 05 00  90  4.0  6.0    MM    MM    MM  MM 1011.6  11.3  11.6   8.2   MM +1.5    MM
2026 09 24 04 50 140  4.0  6.0   0.3     8   5.6 174 1011.5  11.3  11.7   9.1   MM   MM    MM
2026 09 24 04 40 170  5.0  6.0    MM    MM    MM  MM 1011.4  11.5  11.7   9.6   MM   MM    MM
2026 09 24 04 30 180  5.0  6.0    MM    MM    MM  MM 1011.4  11.4  11.7   9.5   MM   MM    MM
2026 09 24 04 20 170  5.0  6.0   0.3     9   6.5 177 1011.2  11.6  11.7   9.8   MM   MM    MM
2026 09 24 04 10 180  4.0  5.0   0.3    MM   6.5 177 1011.2  11.9  11.6   9.2   MM   MM    MM
2026 09 24 04 00 190  2.0  4.0    MM    MM    MM  MM 1011.1  11.5  11.6   6.9   MM +1.4    MM
2026 09 24 03 50 190  2.0  2.0   0.3     8   5.6 166 1011.0  11.3  11.7   6.1   MM   MM    MM
2026 09 24 03 40 180  1.0  2.0   0.3    MM   5.6 166 1011.0  11.3  11.7   5.4   MM   MM    MM
2026 09 24 03 30 190  2.0  3.0    MM    MM    MM  MM 1011.0  11.3  11.7   5.7   MM   MM    MM
2026 09 24 03 20 180  2.0  3.0   0.3     9   5.9 171 1010.9  11.2  11.7   6.3   MM   MM    MM
2026 09 24 03 10 160  3.0  3.0   0.3    MM   5.9 171 1010.9  11.2  11.7   7.1   MM   MM    MM
2026 09 24 03 00 150  3.0  3.0    MM    MM    MM  MM 1010.8  11.1  11.7   7.4   MM +1.8    MM
2026 09 24 02 50 140  2.0  3.0   0.3     9   5.5 174 1010.7  11.1  11.8   7.7   MM   MM    MM
2026 09 24 02 40 140  3.0  3.0    MM    MM    MM  MM 1010.6  11.1  11.8   7.7   MM   MM    MM
2026 09 24 02 30 130  2.0  3.0    MM    MM    MM  MM 1010.5  11.2  11.8   7.9   MM   MM    MM
2026 09 24 02 20 120  2.0  3.0   0.3    10   5.1 173 1010.4  11.3  11.8   7.8   MM   MM    MM
2026 09 24 02 10 110  2.0  2.0   0.3    MM   5.1 173 1010.2  11.4  11.8   7.3   MM   MM    MM
2026 09 24 02 00 110  1.0  1.0    MM    MM    MM  MM 1010.1  11.5  11.8   7.0   MM +1.4    MM
2026 09 24 01 50 100  1.0  1.0   0.4    10   5.3 182 1010.0  11.7  11.7   7.1   MM   MM    MM
2026 09 24 01 40  MM  0.0  1.0    MM    MM    MM  MM 1009.9  12.0  11.8   6.8   MM   MM    MM
2026 09 24 01 30  MM  0.0  0.0    MM    MM    MM  MM 1009.9  12.0  11.9   6.6   MM   MM    MM
2026 09 24 01 20  MM  0.0  0.0   0.3     9   5.0 180 1009.8  12.2  11.9   6.5   MM   MM    MM
2026 09 24 01 10  MM  0.0  0.0   0.3    MM   5.0 180 1009.8  11.9  11.9   6.5   MM   MM    MM
2026 09 24 01 00  MM  0.0  1.0    MM    MM    MM  MM 1009.7  11.4  11.9   6.4   MM +1.4    MM
2026 09 24 00 50 290  1.0  2.0   0.3    10   4.8 190 1009.5  11.3  11.9   6.7   MM   MM    MM
2026 09 24 00 40 300  1.0  2.0    MM    MM    MM  MM 1009.3  11.2  11.9   6.8   MM   MM    MM
2026 09 24 00 30 300  2.0  2.0    MM    MM    MM  MM 1009.4  11.1  11.9   7.0   MM   MM    MM
2026 09 24 00 20 300  2.0  2.0   0.3    11   4.7 177 1009.2  11.1  11.8   7.5   MM   MM    MM
2026 09 24 00 10 300  2.0  2.0   0.3    MM   4.7 177 1009.1  11.0  11.8   7.5   MM   MM    MM
2026 09 24 00 00 310  2.0  2.0    MM    MM    MM  MM 1009.2  10.9  11.8   7.8   MM +1.1    MM
2026 09 23 23 50 300  2.0  2.0   0.3    10   4.8 179 1009.0  10.8  11.8   7.9   MM   MM    MM
2026 09 23 23 40 300  2.0  2.0   0.3    MM   4.8 179 1009.0  10.8  11.9   8.2   MM   MM    MM
2026 09 23 23 10 280  3.0  3.0   0.3    MM   4.6 185 1008.7  10.9  11.7   8.7   MM   MM    MM
2026 09 23 23 00 290  2.0  3.0    MM    MM    MM  MM 1008.7  10.8  11.7   7.8   MM +1.1    MM
2026 09 23 22 50 290  2.0  2.0   0.4     8   4.1 166 1008.5  10.7  11.7   8.1   MM   MM    MM
2026 09 23 22 40 280  2.0  3.0   0.4    MM   4.1 166 1008.5  10.8  11.7   8.4   MM   MM    MM
2026 09 23 22 30 270  2.0  3.0    MM    MM    MM  MM 1008.4  10.9  11.7   8.2   MM   MM    MM
2026 09 23 22 20 240  2.0  3.0   0.3     9   4.2 165 1008.4  10.9  11.7   7.8   MM   MM    MM
2026 09 23 22 10 250  2.0  3.0   0.3    MM   4.2 165 1008.4  10.9  11.7   7.8   MM   MM    MM
2026 09 23 22 00 240  2.0  3.0    MM    MM    MM  MM 1008.3  10.7  11.7   8.1   MM +1.1    MM
2026 09 23 21 50 230  2.0  3.0   0.4     8   3.8 177 1008.3  10.9  11.7   8.5   MM   MM    MM
2026 09 23 21 40 190  1.0  2.0   0.4    MM   3.8 177 1008.3  11.2  11.7   8.2   MM   MM    MM
2026 09 23 21 30 200  1.0  2.0    MM    MM    MM  MM 1008.3  11.1  11.7   7.4   MM   MM    MM
2026 09 23 21 20 180  1.0  2.0   0.4     9   3.8 170 1008.3  11.0  11.6   6.5   MM   MM    MM
2026 09 23 21 10 240  2.0  2.0    MM    MM    MM  MM 1008.2  10.7  11.6   6.5   MM   MM    MM
2026 09 23 21 00 250  2.0  3.0    MM    MM    MM  MM 1008.0  10.6  11.6   6.4   MM +1.3    MM
2026 09 23 20 50 240  1.0  2.0   0.4     9   3.7 176 1008.0  10.5  11.6   6.5   MM   MM    MM
2026 09 23 20 40 250  2.0  2.0    MM    MM    MM  MM 1007.8  10.6  11.6   7.0   MM   MM    MM
2026 09 23 20 30 250  2.0  2.0    MM    MM    MM  MM 1007.7  10.5  11.6   6.6   MM   MM    MM
2026 09 23 20 20 260  2.0  2.0   0.4    10   3.7 160 1007.7  10.5  11.6   6.7   MM   MM    MM
2026 09 23 20 10 270  2.0  2.0   0.4    MM   3.7 160 1007.7  10.5  11.6   6.4   MM   MM    MM
2026 09 23 20 00 270  2.0  3.0    MM    MM    MM  MM 1007.6  10.4  11.6   5.9   MM +1.3    MM
2026 09 23 19 50 280  2.0  2.0   0.4     3   3.6 283 1007.5  10.4  11.6   5.9   MM   MM    MM
2026 09 23 19 40 290  1.0  2.0    MM    MM    MM  MM 1007.5  10.3  11.6   5.7   MM   MM    MM
2026 09 23 19 30 290  2.0  2.0    MM    MM    MM  MM 1007.4  10.3  11.6   6.0   MM   MM    MM
2026 09 23 19 20 290  2.0  3.0   0.4     3   3.6 286 1007.4  10.1  11.6   6.1   MM   MM    MM
2026 09 23 19 10 280  1.0  3.0   0.4    MM   3.6 286 1007.2  10.0  11.6   7.6   MM   MM    MM
2026 09 23 19 00 250  1.0  1.0    MM    MM    MM  MM 1007.1  10.3  11.6   8.7   MM +1.2    MM
2026 09 23 18 50 140  1.0  1.0   0.4     9   3.8 173 1007.1  10.6  11.6   8.9   MM   MM    MM
2026 09 23 18 40 110  1.0  1.0   0.4    MM   3.8 173 1007.1  10.7  11.6   8.9   MM   MM    MM
2026 09 23 18 30 100  1.0  1.0    MM    MM    MM  MM 1006.9  10.7  11.6   9.0   MM   MM    MM
2026 09 23 18 20  90  1.0  1.0   0.4     3   3.8 277 1006.9  11.0  11.6   9.0   MM   MM    MM
2026 09 23 18 10  MM  0.0  1.0   0.4    MM   3.8 277 1006.8  11.2  11.6   9.1   MM   MM    MM
2026 09 23 18 00  MM  0.0  1.0    MM    MM    MM  MM 1006.6  11.1  11.6   9.2   MM +1.2    MM
2026 09 23 17 50  MM  0.0  1.0   0.4     9   3.9 171 1006.6  10.9  11.6   9.0   MM   MM    MM
2026 09 23 17 40  MM  0.0  1.0    MM    MM    MM  MM 1006.6  11.2  11.7   9.1   MM   MM    MM
2026 09 23 17 30  MM  0.0  1.0    MM    MM    MM  MM 1006.5  11.0  11.7   9.1   MM   MM    MM
2026 09 23 17 20  MM  0.0  1.0   0.4     9   3.9 171 1006.5  10.9  11.7   9.1   MM   MM    MM
2026 09 23 17 10  MM  0.0  0.0   0.4    MM   3.9 171 1006.4  10.7  11.7   9.1   MM   MM    MM
2026 09 23 17 00  80  1.0  1.0    MM    MM    MM  MM 1006.3  10.4  11.7   9.0   MM +1.0    MM
2026 09 23 16 50  70  1.0  2.0   0.4     3   3.7 283 1006.2  10.3  11.7   8.9   MM   MM    MM
2026 09 23 16 40  70  1.0  2.0    MM    MM    MM  MM 1006.1  10.3  11.7   8.9   MM   MM    MM
2026 09 23 16 30  90  1.0  1.0    MM    MM    MM  MM 1006.1  10.3  11.7   8.8   MM   MM    MM
2026 09 23 16 20  MM  0.0  1.0   0.4     3   3.9 272 1006.1  10.1  11.8   8.7   MM   MM    MM
2026 09 23 16 10  MM  0.0  1.0   0.4    MM   3.9 272 1006.1   9.9  11.8   8.6   MM   MM    MM
2026 09 23 16 00  MM  0.0  1.0    MM    MM    MM  MM 1006.0   9.8  11.8   8.7   MM +1.0    MM
2026 09 23 15 50  MM  0.0  1.0   0.4     9   4.0 164 1005.9   9.7  11.7   8.5   MM   MM    MM
2026 09 23 15 40  MM  0.0  1.0    MM    MM    MM  MM 1005.8   9.7  11.7   8.5   MM   MM    MM
2026 09 23 15 30  90  1.0  1.0    MM    MM    MM  MM 1005.7   9.8  11.6   8.7   MM   MM    MM
2026 09 23 15 20 100  1.0  1.0   0.4     9   3.9 163 1005.6   9.7  11.5   8.5   MM   MM    MM
2026 09 23 15 10  MM  0.0  1.0   0.4    MM   3.9 163 1005.6   9.6  11.5   8.4   MM   MM    MM
2026 09 23 15 00  80  1.0  1.0    MM    MM    MM  MM 1005.5   9.7  11.6   8.6   MM +0.8    MM
2026 09 23 14 50  MM  0.0  1.0   0.4     3   3.9 264 1005.5   9.8  11.6   8.6   MM   MM    MM
2026 09 23 14 40  MM  0.0  1.0   0.4    MM   3.9 264 1005.4   9.8  11.6   8.6   MM   MM    MM
2026 09 23 14 30  10  1.0  1.0    MM    MM    MM  MM 1005.4   9.8  11.5   8.6   MM   MM    MM
2026 09 23 14 20  10  1.0  2.0   0.5     3   3.6 254 1005.4   9.9  11.4   8.7   MM   MM    MM
2026 09 23 14 10 360  1.0  2.0   0.5    MM   3.6 254 1005.3   9.9  11.4   8.6   MM   MM    MM
2026 09 23 14 00 360  2.0  2.0    MM    MM    MM  MM 1005.3  10.1  11.4   8.8   MM +0.8    MM
2026 09 23 13 50 360  2.0  3.0   0.5     3   3.6 273 1005.2  10.1  11.5   8.7   MM   MM    MM
2026 09 23 13 40 350  3.0  4.0   0.5    MM   3.6 273 1005.2  10.2  11.5   8.5   MM   MM    MM
2026 09 23 13 30 340  4.0  4.0    MM    MM    MM  MM 1005.2  10.2  11.6   8.3   MM   MM    MM
2026 09 23 13 20 330  4.0  4.0   0.5     4   3.5 266 1005.1  10.2  11.6   8.2   MM   MM    MM
2026 09 23 13 10 330  4.0  5.0   0.5    MM   3.5 266 1005.1  10.3  11.6   8.3   MM   MM    MM
2026 09 23 13 00 320  5.0  6.0    MM    MM    MM  MM 1005.0  10.3    MM   8.3   MM +0.9    MM
2026 09 23 12 50 310  4.0  5.0   0.4     3   3.5 260 1005.0  10.4  11.7   8.1   MM   MM    MM
2026 09 23 12 40 310  4.0  5.0    MM    MM    MM  MM 1004.9    MM    MM    MM   MM   MM    MM
2026 09 23 12 30 310  4.0  5.0    MM    MM    MM  MM 1004.8  10.6  11.7   6.7   MM   MM    MM
2026 09 23 12 20 310  3.0  4.0   0.5     3   3.5 285 1004.8  10.7  11.7   6.9   MM   MM    MM
2026 09 23 12 10 320  3.0  4.0   0.5    MM   3.5 285 1004.8  10.6  11.7   6.8   MM   MM    MM
2026 09 23 12 00 320  3.0  4.0    MM    MM    MM  MM 1004.7  10.7  11.6   6.7   MM +0.8    MM
2026 09 23 11 50 320  4.0  5.0   0.5     3   3.7 280 1004.8  10.6  11.7   6.6   MM   MM    MM
2026 09 23 11 40 310  4.0  5.0    MM    MM    MM  MM 1004.7  10.6  11.7   7.3   MM   MM    MM
2026 09 23 11 30 320  4.0  4.0    MM    MM    MM  MM 1004.7  10.6  11.9   6.9   MM   MM    MM
2026 09 23 11 20 330  3.0  4.0   0.4     3   3.6 293 1004.6  10.4  11.9   6.9   MM   MM    MM
2026 09 23 11 10 330  3.0  4.0   0.4    MM   3.6 293 1004.6  10.2  11.9   7.9   MM   MM    MM
2026 09 23 11 00 340  2.0  3.0    MM    MM    MM  MM 1004.5  10.2  11.9   8.7   MM +0.8    MM
2026 09 23 10 50 350  1.0  2.0   0.5     4   3.7 288 1004.5  10.3  12.0   8.8   MM   MM    MM
2026 09 23 10 40  10  2.0  2.0    MM    MM    MM  MM 1004.5  10.4  11.9   8.6   MM   MM    MM
2026 09 23 10 30 360  2.0  4.0    MM    MM    MM  MM 1004.4  10.5  11.9   8.3   MM   MM    MM
2026 09 23 10 20 340  3.0  5.0   0.5     3   3.7 292 1004.3  10.6  12.0   8.0   MM   MM    MM
2026 09 23 10 10 330  3.0  4.0    MM    MM    MM  MM 1004.2  10.5  12.0   7.9   MM   MM    MM
2026 09 23 10 00 330  3.0  4.0    MM    MM    MM  MM 1004.1  10.4  12.0   7.9   MM +0.5    MM
2026 09 23 09 50 320  4.0  5.0   0.5     4   3.8 293 1004.1  10.4  12.0   8.3   MM   MM    MM
2026 09 23 09 40 320  4.0  5.0    MM    MM    MM  MM 1004.1  10.4  12.0   8.2   MM   MM    MM
2026 09 23 09 30 320  4.0  4.0    MM    MM    MM  MM 1004.1  10.3  12.0   7.9   MM   MM    MM
2026 09 23 09 20 320  4.0  5.0   0.5     4   3.6 307 1004.1  10.3  12.0   7.9   MM   MM    MM
2026 09 23 09 10 330  4.0  5.0    MM    MM    MM  MM 1004.1  10.4  11.9   8.3   MM   MM    MM
2026 09 23 09 00 310  5.0  5.0    MM    MM    MM  MM 1003.9  10.5  11.9   8.5   MM +0.5    MM
2026 09 23 08 50 310  5.0  6.0   0.4     3   3.5 282 1003.8  10.5  11.8   8.4   MM   MM    MM
2026 09 23 08 40 310  4.0  6.0    MM    MM    MM  MM 1003.8  10.5  11.8   7.9   MM   MM    MM
2026 09 23 08 30 320  5.0  6.0    MM    MM    MM  MM 1003.8  10.5  11.9   7.5   MM   MM    MM
2026 09 23 08 20 320  4.0  6.0   0.4     3   3.5 272 1003.8  10.7  11.9   7.7   MM   MM    MM
2026 09 23 08 10 320  4.0  5.0   0.4    MM   3.5 272 1003.8  10.5  11.9   7.7   MM   MM    MM
2026 09 23 08 00 320  4.0  5.0    MM    MM    MM  MM 1003.8  10.7  12.0   8.7   MM +0.0    MM
2026 09 23 07 50 310  4.0  5.0   0.4     3   3.6 287 1003.8  10.6  12.0   8.6   MM   MM    MM
2026 09 23 07 40 300  3.0  4.0    MM    MM    MM  MM 1003.6  10.6  12.0   9.0   MM   MM    MM
2026 09 23 07 30 320  3.0  3.0    MM    MM    MM  MM 1003.8  10.6  12.1   8.6   MM   MM    MM
2026 09 23 07 20 320  3.0  3.0   0.4     3   3.6 306 1003.8  10.6  12.1   8.3   MM   MM    MM
2026 09 23 07 10 320  4.0  5.0   0.4    MM   3.6 306 1003.8  10.7  12.1   8.3   MM   MM    MM
2026 09 23 07 00 320  4.0  5.0    MM    MM    MM  MM 1003.6  10.9    MM   8.4   MM +0.0    MM
2026 09 23 06 50 320  5.0  6.0   0.4    MM   3.4 293 1003.6  11.0  12.1   7.6   MM   MM    MM
2026 09 23 06 40  MM   MM   MM   0.4     3   3.4 293     MM    MM    MM    MM   MM   MM    MM
2026 09 23 06 30 310  5.0  6.0    MM    MM    MM  MM 1003.5  11.1  11.6   9.0   MM   MM    MM
2026 09 23 06 20 310  5.0  7.0   0.5     3   3.5 305 1003.4  11.4  11.6   9.4   MM   MM    MM
2026 09 23 06 10 310  6.0  7.0   0.5    MM   3.5 305 1003.4  11.5  11.9   8.5   MM   MM    MM
2026 09 23 06 00 310  6.0  7.0    MM    MM    MM  MM 1003.4  11.5  11.9   8.1   MM -0.6    MM
2026 09 23 05 50 310  6.0  8.0   0.4     3   3.5 308 1003.5  11.5  11.8   8.3   MM   MM    MM
2026 09 23 05 40 310  6.0  8.0   0.4    MM   3.5 308 1003.5  11.6  11.8   8.4   MM   MM    MM
2026 09 23 05 30 300  6.0  7.0    MM    MM    MM  MM 1003.5  11.7  11.8   8.2   MM   MM    MM
2026 09 23 05 20 300  6.0  7.0   0.3     3   3.5 317 1003.5  11.7    MM   8.0   MM   MM    MM
2026 09 23 05 10 300  6.0  7.0   0.3    MM   3.5 317 1003.6  11.6  11.9   7.6   MM   MM    MM
2026 09 23 05 00 300  5.0  7.0    MM    MM    MM  MM 1003.6  11.6  12.1   7.8   MM -0.8    MM
2026 09 23 04 50 290  5.0  6.0   0.4     3   3.6 328 1003.6  11.7  12.2   8.3   MM   MM    MM
2026 09 23 04 40 290  5.0  6.0    MM    MM    MM  MM 1003.6  11.7  12.3   8.2   MM   MM    MM
2026 09 23 04 30 290  5.0  6.0    MM    MM    MM  MM 1003.6  11.7  12.3   8.0   MM   MM    MM
2026 09 23 04 20 290  5.0  6.0   0.4     7   3.8 168 1003.6  11.7  12.3   7.6   MM   MM    MM
2026 09 23 04 10 290  4.0  6.0   0.4    MM   3.8 168 1003.7  11.6  12.3   7.1   MM   MM    MM
2026 09 23 04 00 290  5.0  6.0    MM    MM    MM  MM 1003.7  11.5  12.3   6.8   MM -1.0    MM
2026 09 23 03 50 290  4.0  5.0   0.3     3   3.9 322 1003.8  11.5  12.3   6.8   MM   MM    MM
2026 09 23 03 40 280  4.0  5.0    MM    MM    MM  MM 1003.8  11.5  12.2   6.4   MM   MM    MM
2026 09 23 03 30 280  4.0  5.0    MM    MM    MM  MM 1003.8  11.5  12.3   6.5   MM   MM    MM
2026 09 23 03 20 280  4.0  4.0   0.4     7   4.2 167 1003.9  11.4  12.4   6.5   MM   MM    MM
2026 09 23 03 10 280  4.0  4.0   0.4    MM   4.2 167 1004.0  11.4  12.4   6.5   MM   MM    MM
2026 09 23 03 00 280  4.0  5.0    MM    MM    MM  MM 1004.0  11.4  12.3   6.3   MM -1.1    MM
2026 09 23 02 50 270  4.0  5.0   0.4     8   4.2 154 1004.0  11.3  12.3   6.2   MM   MM    MM
2026 09 23 02 40 280  4.0  4.0    MM    MM    MM  MM 1004.1  11.4  12.4   6.5   MM   MM    MM
2026 09 23 02 30 280  4.0  5.0    MM    MM    MM  MM 1004.1  11.3  12.4   6.2   MM   MM    MM
2026 09 23 02 20 280  4.0  5.0   0.4     8   4.3 163 1004.3  11.3  12.4   5.8   MM   MM    MM
2026 09 23 02 10 280  4.0  4.0   0.4    MM   4.3 163 1004.4  11.3  12.4   5.8   MM   MM    MM
2026 09 23 02 00 280  3.0  4.0    MM    MM    MM  MM 1004.4  11.2  12.4   5.1   MM -1.1    MM
2026 09 23 01 50 280  3.0  4.0   0.4     8   4.5 168 1004.4  11.2  12.4   5.4   MM   MM    MM
2026 09 23 01 40 280  3.0  4.0    MM    MM    MM  MM 1004.4  11.2  12.3   4.9   MM   MM    MM
2026 09 23 01 30 280  3.0  4.0    MM    MM    MM  MM 1004.5  11.1  12.3   4.9   MM   MM    MM
2026 09 23 01 20 290  3.0  4.0   0.5     8   4.4 165 1004.5  10.9  12.4   4.8   MM   MM    MM
2026 09 23 01 10 290  3.0  5.0   0.5    MM   4.4 165 1004.7  10.9  12.3   5.3   MM   MM    MM
2026 09 23 01 00 300  4.0  5.0    MM    MM    MM  MM 1004.7  10.9  12.3   5.4   MM -1.3    MM
2026 09 23 00 50 290  4.0  5.0   0.5     9   4.5 163 1004.8  10.9    MM   6.2   MM   MM    MM
2026 09 23 00 40 290  4.0  6.0   0.5    MM   4.5 163 1004.8  10.9  12.3   6.3   MM   MM    MM
2026 09 23 00 30 280  4.0  5.0    MM    MM    MM  MM 1005.0  10.8  12.3   5.6   MM   MM    MM
2026 09 23 00 20 290  4.0  5.0   0.5     9   4.5 160 1005.0  10.8  12.4   5.7   MM   MM    MM
2026 09 23 00 10 290  4.0  5.0   0.5    MM   4.5 160 1005.0  10.7  12.4   5.6   MM   MM    MM
2026 09 23 00 00 290  4.0  5.0    MM    MM    MM  MM 1005.1  10.7  12.4   5.7   MM -1.3    MM
2026 09 22 23 50 290  5.0  6.0   0.5    MM   4.8 169 1005.3  10.7    MM   5.5   MM   MM    MM
2026 09 22 23 40 300  5.0  6.0    MM    MM    MM  MM 1005.1  10.6  12.4   5.2   MM   MM    MM
2026 09 22 23 30 300  4.0  5.0    MM    MM    MM  MM 1005.2  10.5  12.3   5.5   MM   MM    MM
2026 09 22 23 20 300  4.0  5.0   0.6    10   5.0 175 1005.4  10.4  12.3   5.8   MM   MM    MM
2026 09 22 23 10 290  4.0  5.0   0.6    MM   5.0 175 1005.4  10.3  12.3   6.0   MM   MM    MM
2026 09 22 23 00 300  4.0  5.0    MM    MM    MM  MM 1005.5  10.2    MM   6.1   MM -0.9    MM
2026 09 22 22 50 300  4.0  5.0   0.5     8   4.7 160 1005.6  10.2  12.3   6.4   MM   MM    MM
2026 09 22 22 40 300  4.0  5.0   0.5    MM   4.7 160 1005.7  10.0  12.3   6.7   MM   MM    MM
2026 09 22 22 30 300  5.0  6.0    MM    MM    MM  MM 1005.7   9.9  12.3   6.9   MM   MM    MM
2026 09 22 22 20 300  5.0  6.0   0.5     9   5.0 163 1005.7   9.8  12.3   6.9   MM   MM    MM
2026 09 22 22 10 300  5.0  6.0   0.5    MM   5.0 163 1005.8   9.7  12.3   6.6   MM   MM    MM
2026 09 22 22 00 300  4.0  5.0    MM    MM    MM  MM 1005.9   9.5  12.3   6.7   MM -0.5    MM
2026 09 22 21 50 300  4.0  5.0   0.5    10   5.0 165 1006.0   9.6  12.3   7.2   MM   MM    MM
2026 09 22 21 40 300  4.0  5.0    MM    MM    MM  MM 1006.1   9.6  12.3   6.7   MM   MM    MM
2026 09 22 21 30 300  4.0  5.0    MM    MM    MM  MM 1006.3   9.6  12.2   6.2   MM   MM    MM
2026 09 22 21 20 300  4.0  5.0   0.5     9   4.5 159 1006.4   9.6  12.3   5.8   MM   MM    MM
2026 09 22 21 10 300  4.0  5.0   0.5    MM   4.5 159 1006.4   9.6  12.2   5.6   MM   MM    MM
2026 09 22 21 00 310  4.0  5.0    MM    MM    MM  MM 1006.4   9.7  12.2   5.9   MM -0.4    MM
2026 09 22 20 50 310  5.0  6.0   0.5     8   4.3 156 1006.4   9.6  12.2   5.9   MM   MM    MM
2026 09 22 20 40 310  5.0  6.0    MM    MM    MM  MM 1006.3   9.6  12.2   6.7   MM   MM    MM
2026 09 22 20 30 310  5.0  6.0    MM    MM    MM  MM 1006.4   9.6  12.1   7.1   MM   MM    MM
2026 09 22 20 20 320  5.0  6.0   0.4    10   4.2 168 1006.4   9.5  12.1   7.0   MM   MM    MM
2026 09 22 20 10 320  5.0  6.0    MM    MM    MM  MM 1006.4   9.5  12.2   6.8   MM   MM    MM
2026 09 22 20 00 330  4.0  5.0    MM    MM    MM  MM 1006.4   9.5  12.1   7.0   MM -0.4    MM
2026 09 22 19 50 330  4.0  5.0   0.4    11   4.6 166 1006.4   9.4  12.0   6.8   MM   MM    MM
2026 09 22 19 40 330  4.0  5.0   0.4    MM   4.6 166 1006.4   9.6  12.0   7.2   MM   MM    MM
2026 09 22 19 30 320  4.0  5.0    MM    MM    MM  MM 1006.5   9.6  12.4   6.9   MM   MM    MM
2026 09 22 19 20 330  3.0  4.0   0.4    MM   5.1 168 1006.5    MM  12.4    MM   MM   MM    MM
2026 09 22 19 10 330  3.0  4.0   0.4    MM   5.1 168 1006.6   9.2  12.4   7.0   MM   MM    MM
2026 09 22 19 00 330  3.0  4.0    MM    MM    MM  MM 1006.6   9.3    MM   7.6   MM -0.3    MM
2026 09 22 18 50 330  3.0  4.0   0.4    MM   5.7 172 1006.6   9.2    MM   7.4   MM   MM    MM
2026 09 22 18 40  MM   MM   MM   0.4     9   5.7 172     MM    MM    MM    MM   MM   MM    MM
2026 09 22 18 30 340  2.0  3.0    MM    MM    MM  MM 1006.7   9.2  12.3   7.5   MM   MM    MM
2026 09 22 18 20 340  2.0  3.0   0.4    10   5.9 173 1006.8   9.2  12.3   7.4   MM   MM    MM
2026 09 22 18 10 350  2.0  3.0    MM    MM    MM  MM 1006.8   9.2  12.3   7.3   MM   MM    MM
2026 09 22 18 00 340  2.0  3.0    MM    MM    MM  MM 1006.8   9.2  12.3   7.1   MM +0.0    MM
2026 09 22 17 50 340  2.0  4.0   0.4     8   5.8 177 1006.8   9.2  12.2   7.0   MM   MM    MM
2026 09 22 17 40 340  2.0  3.0    MM    MM    MM  MM 1006.9   9.3  12.2   7.0   MM   MM    MM
2026 09 22 17 30 340  2.0  3.0    MM    MM    MM  MM 1006.8   9.2  12.2   6.9   MM   MM    MM
2026 09 22 17 20 340  2.0  3.0   0.4     8   5.6 166 1006.8   9.3  12.1   7.1   MM   MM    MM
2026 09 22 17 10 330  2.0  3.0   0.4    MM   5.6 166 1006.9   9.3  12.0   7.2   MM   MM    MM
2026 09 22 17 00 340  2.0  3.0    MM    MM    MM  MM 1006.8   9.3  12.0   7.1   MM +0.0    MM
2026 09 22 16 50 340  2.0  3.0   0.4     8   5.4 175 1006.9   9.2  12.2   7.0   MM   MM    MM
2026 09 22 16 40 350  2.0  3.0   0.4    MM   5.4 175 1006.8   9.3  12.0   7.4   MM   MM    MM
2026 09 22 16 30  30  1.0  2.0    MM    MM    MM  MM 1006.8   9.4  12.1   7.7   MM   MM    MM
2026 09 22 16 20  40  2.0  2.0   0.4     8   4.9 176 1006.9   9.3  12.1   7.6   MM   MM    MM
2026 09 22 16 10  50  2.0  3.0    MM    MM    MM  MM 1006.8   9.2  12.0   7.4   MM   MM    MM
2026 09 22 16 00  50  2.0  3.0    MM    MM    MM  MM 1006.8   9.4  12.1   7.5   MM +0.0    MM
2026 09 22 15 50  40  2.0  4.0   0.4    10   5.5 170 1006.8   9.5  12.0   7.4   MM   MM    MM
2026 09 22 15 40  40  2.0  3.0   0.4    MM   5.5 170 1006.8   9.4  12.0   7.2   MM   MM    MM
2026 09 22 15 30  30  2.0  3.0    MM    MM    MM  MM 1006.8   9.4  12.0   6.9   MM   MM    MM
2026 09 22 15 20  30  1.0  2.0   0.4     8   5.3 175 1006.8   9.3  12.2   6.8   MM   MM    MM
2026 09 22 15 10  60  1.0  2.0   0.4    MM   5.3 175 1006.9   9.2  12.2   6.9   MM   MM    MM
2026 09 22 15 00  70  1.0  2.0    MM    MM    MM  MM 1006.9   9.2  12.3   7.0   MM +0.0    MM
2026 09 22 14 50  70  2.0  2.0   0.4     8   5.6 170 1006.9   9.3  12.3   7.1   MM   MM    MM
2026 09 22 14 40  70  2.0  3.0    MM    MM    MM  MM 1006.9   9.3  12.4   7.0   MM   MM    MM
2026 09 22 14 30  60  2.0  3.0    MM    MM    MM  MM 1006.9   9.3  12.3   7.1   MM   MM    MM
2026 09 22 14 20  60  2.0  3.0   0.4     8   5.8 168 1006.9   9.3  12.3   7.0   MM   MM    MM
2026 09 22 14 10  70  2.0  3.0   0.4    MM   5.8 168 1006.9   9.4  12.3   6.9   MM   MM    MM
2026 09 22 14 00  50  2.0  3.0    MM    MM    MM  MM 1006.9   9.3  12.4   6.6   MM +0.0    MM
2026 09 22 13 50  50  2.0  3.0   0.4     9   5.5 177 1006.9   9.1  12.3   6.6   MM   MM    MM
2026 09 22 13 40  50  2.0  3.0   0.4    MM   5.5 177 1006.9   9.1  12.1   6.8   MM   MM    MM
2026 09 22 13 30  50  2.0  3.0    MM    MM    MM  MM 1006.9   9.2  12.2   7.2   MM   MM    MM
2026 09 22 13 20  60  3.0  4.0   0.4     8   5.7 166 1007.0   9.3  12.3   7.2   MM   MM    MM
2026 09 22 13 10  70  3.0  4.0   0.4    MM   5.7 166 1007.0   9.3  12.2   6.8   MM   MM    MM
2026 09 22 13 00  80  3.0  4.0    MM    MM    MM  MM 1007.0   9.2  12.2   6.8   MM +0.0    MM
2026 09 22 12 50  70  3.0  4.0   0.4     9   5.1 170 1007.1   9.2  12.2   6.9   MM   MM    MM
2026 09 22 12 40  70  4.0  5.0   0.4    MM   5.1 170 1007.1   9.2  12.2   7.0   MM   MM    MM
2026 09 22 12 30  70  4.0  4.0    MM    MM    MM  MM 1007.1   9.2  12.2   7.1   MM   MM    MM
2026 09 22 12 20  70  4.0  5.0   0.4     9   5.6 170 1007.1   9.2  12.2   7.3   MM   MM    MM
2026 09 22 12 10  70  4.0  5.0   0.4    MM   5.6 170 1007.0   9.3  12.2   7.6   MM   MM    MM
2026 09 22 12 00  70  4.0  5.0    MM    MM    MM  MM 1007.0   9.4  12.2   7.5   MM +0.3    MM
2026 09 22 11 50  90  4.0  5.0   0.4     8   5.3 176 1007.1   9.5  12.2   7.1   MM   MM    MM
2026 09 22 11 40  90  4.0  5.0   0.4    MM   5.3 176 1007.0   9.5  12.2   6.5   MM   MM    MM
2026 09 22 11 30  90  5.0  6.0    MM    MM    MM  MM 1007.0   9.5  12.2   6.3   MM   MM    MM
2026 09 22 11 20 100  5.0  6.0   0.4     8   5.5 161 1007.0   9.5  12.2   6.2   MM   MM    MM
2026 09 22 11 10 100  5.0  6.0   0.4    MM   5.5 161 1007.0   9.5  12.2   6.1   MM   MM    MM
2026 09 22 11 00  90  5.0  6.0    MM    MM    MM  MM 1007.0   9.5  12.2   6.1   MM +0.6    MM
2026 09 22 10 50 100  5.0  6.0   0.4    10   5.0 157 1007.0   9.5  12.2   6.1   MM   MM    MM
2026 09 22 10 40 100  5.0  7.0    MM    MM    MM  MM 1007.0   9.5  12.2   6.0   MM   MM    MM
2026 09 22 10 30 100  6.0  7.0    MM    MM    MM  MM 1007.0   9.5  12.2   6.2   MM   MM    MM
2026 09 22 10 20 100  6.0  7.0   0.4     9   4.8 177 1006.9   9.6  12.2   6.5   MM   MM    MM
2026 09 22 10 10 100  6.0  7.0   0.4    MM   4.8 177 1006.9   9.5  12.2   6.4   MM   MM    MM
2026 09 22 10 00 100  6.0  7.0    MM    MM    MM  MM 1006.9   9.6  12.2   6.6   MM +0.8    MM
2026 09 22 09 50 100  6.0  8.0   0.4     9   4.4 140 1006.8   9.6  12.2   6.3   MM   MM    MM
2026 09 22 09 40 100  6.0  8.0   0.4    MM   4.4 140 1006.8   9.6  12.2   6.1   MM   MM    MM
2026 09 22 09 30 100  6.0  7.0    MM    MM    MM  MM 1006.8   9.6  12.2   6.1   MM   MM    MM
2026 09 22 09 20  90  6.0  7.0   0.5     8   3.7 170 1006.8   9.7  12.2   6.2   MM   MM    MM
2026 09 22 09 10 100  6.0  7.0    MM    MM    MM  MM 1006.8   9.7  12.2   6.3   MM   MM    MM
2026 09 22 09 00 100  6.0  8.0    MM    MM    MM  MM 1006.8   9.6  12.2   6.1   MM +1.1    MM
2026 09 22 08 50  90  6.0  8.0   0.5    10   3.8 184 1006.7   9.6  12.2   6.1   MM   MM    MM
2026 09 22 08 40 100  7.0  8.0    MM    MM    MM  MM 1006.7   9.8  12.3   6.5   MM   MM    MM
2026 09 22 08 30 100  7.0  8.0    MM    MM    MM  MM 1006.6   9.6  12.3   6.2   MM   MM    MM
2026 09 22 08 20 100  7.0  8.0   0.6     8   4.2 165 1006.6   9.7  12.3   6.3   MM   MM    MM
2026 09 22 08 10 100  6.0  7.0    MM    MM    MM  MM 1006.6   9.6  12.3   6.9   MM   MM    MM
2026 09 22 08 00 100  6.0  7.0    MM    MM    MM  MM 1006.5   9.4  12.3   7.2   MM +1.1    MM
2026 09 22 07 50 100  6.0  7.0   0.6     8   4.2 183 1006.4   9.5    MM   7.4   MM   MM    MM
2026 09 22 07 40 100  6.0  8.0   0.6    MM   4.2 183 1006.4   9.4  12.3   7.0   MM   MM    MM
2026 09 22 07 30 100  6.0  8.0    MM    MM    MM  MM 1006.3   9.6  12.3   7.4   MM   MM    MM
2026 09 22 07 20 100  6.0  8.0   0.6     8   4.5 171 1006.2   9.7    MM   7.3   MM   MM    MM
2026 09 22 07 10 100  6.0  8.0   0.6    MM   4.5 171 1006.1   9.6  12.3   7.4   MM   MM    MM
2026 09 22 07 00 100  7.0  8.0    MM    MM    MM  MM 1006.0   9.6  12.2   7.3   MM +1.1    MM
2026 09 22 06 50 100  7.0  8.0   0.7    10   5.1 170 1006.0   9.6  12.1   7.5   MM   MM    MM
2026 09 22 06 40 100  6.0  8.0   0.7    MM   5.1 170 1006.0   9.7  11.9   7.7   MM   MM    MM
2026 09 22 06 30  90  6.0  8.0    MM    MM    MM  MM 1005.9   9.7  11.8   7.7   MM   MM    MM
2026 09 22 06 20  80  6.0  8.0   0.6     9   4.9 178 1005.8   9.9  11.8   7.8   MM   MM    MM
2026 09 22 06 10  90  6.0  7.0    MM    MM    MM  MM 1005.7   9.8  11.9   7.5   MM   MM    MM
2026 09 22 06 00 100  5.0  6.0    MM    MM    MM  MM 1005.7   9.7  11.9   7.0   MM +1.2    MM
2026 09 22 05 50  90  5.0  6.0   0.5    10   4.8 184 1005.7   9.8  11.9   7.2   MM   MM    MM
2026 09 22 05 40  80  4.0  6.0    MM    MM    MM  MM 1005.6   9.8  12.0   7.4   MM   MM    MM
2026 09 22 05 30  80  4.0  5.0    MM    MM    MM  MM 1005.5   9.8  12.0   7.4   MM   MM    MM
2026 09 22 05 20  80  5.0  6.0   0.5    10   4.9 183 1005.5   9.8  11.9   7.3   MM   MM    MM
2026 09 22 05 10  80  6.0  6.0   0.5    MM   4.9 183 1005.4   9.8  11.8   7.0   MM   MM    MM
2026 09 22 05 00  80  6.0  7.0    MM    MM    MM  MM 1005.4   9.7  11.7   6.4   MM +0.9    MM
2026 09 22 04 50  80  5.0  6.0   0.5    10   4.9 179 1005.4   9.6  11.6   6.1   MM   MM    MM
2026 09 22 04 40  80  5.0  6.0   0.5    MM   4.9 179 1005.4   9.7  11.6   6.1   MM   MM    MM
2026 09 22 04 30  80  5.0  6.0    MM    MM    MM  MM 1005.3   9.5  11.6   5.9   MM   MM    MM
2026 09 22 04 20  70  4.0  6.0   0.5     9   5.0 178 1005.1   9.5  11.7   6.1   MM   MM    MM
2026 09 22 04 10  60  4.0  5.0   0.5    MM   5.0 178 1005.0   9.5  11.7   6.1   MM   MM    MM
2026 09 22 04 00  60  4.0  5.0    MM    MM    MM  MM 1005.0   9.5  11.7   6.1   MM +0.9    MM
2026 09 22 03 50  70  3.0  4.0   0.4    11   5.5 167 1004.9   9.5  11.7   5.5   MM   MM    MM
2026 09 22 03 40  80  4.0  5.0    MM    MM    MM  MM 1004.8   9.4  11.7   5.4   MM   MM    MM
2026 09 22 03 30  70  5.0  6.0    MM    MM    MM  MM 1004.6   9.3  11.7   5.7   MM   MM    MM
2026 09 22 03 20  80  5.0  6.0   0.4     9   4.8 174 1004.6   9.3  11.7   5.9   MM   MM    MM
2026 09 22 03 10 100  6.0  7.0   0.4    MM   4.8 174 1004.6   9.4  11.7   5.9   MM   MM    MM
2026 09 22 03 00 130  6.0  7.0    MM    MM    MM  MM 1004.5   9.7  11.7   5.8   MM +0.7    MM
2026 09 22 02 50 160  5.0  6.0   0.4    11   4.0 182 1004.5   9.7  11.7   5.2   MM   MM    MM
2026 09 22 02 40 170  7.0  8.0   0.4    MM   4.0 182 1004.6   9.6  11.7   5.8   MM   MM    MM
2026 09 22 02 30 160  8.0  9.0    MM    MM    MM  MM 1004.5   9.8    MM   6.3   MM   MM    MM
2026 09 22 02 20 160  8.0 11.0   0.4     9   3.8 179 1004.5  10.0  11.7   6.1   MM   MM    MM
2026 09 22 02 10 160  5.0  6.0   0.4    MM   3.8 179 1004.4  10.0  11.7   4.7   MM   MM    MM
2026 09 22 02 00 170  5.0  8.0    MM    MM    MM  MM 1004.4   9.6  11.7   5.9   MM +1.1    MM
2026 09 22 01 50 180  7.0  8.0   0.5     8   4.0 174 1004.3  10.1  11.7   5.0   MM   MM    MM
2026 09 22 01 40 180  6.0  9.0    MM    MM    MM  MM 1004.2   9.9  11.7   6.2   MM   MM    MM
2026 09 22 01 30 190  5.0  6.0    MM    MM    MM  MM 1004.4   9.8  11.7   6.9   MM   MM    MM
2026 09 22 01 20 200  6.0  6.0   0.5     9   4.1 175 1004.2  10.1  11.7   7.1   MM   MM    MM
2026 09 22 01 10 170  5.0  7.0   0.5    MM   4.1 175 1004.2  10.5  11.7   6.7   MM   MM    MM
2026 09 22 01 00 100  4.0  5.0    MM    MM    MM  MM 1004.1  10.5  11.7   6.7   MM +1.2    MM
2026 09 22 00 50  90  5.0  5.0   0.5     9   4.3 167 1004.1  10.5  11.7   6.8   MM   MM    MM
2026 09 22 00 40  90  5.0  6.0   0.5    MM   4.3 167 1004.0  10.5  11.6   7.0   MM   MM    MM
2026 09 22 00 30  90  5.0  6.0    MM    MM    MM  MM 1003.9  10.6  11.6   7.0   MM   MM    MM
2026 09 22 00 20 100  5.0  6.0   0.6     9   4.2 173 1003.9  10.5  11.6   6.4   MM   MM    MM
2026 09 22 00 10  90  5.0  6.0   0.6    MM   4.2 173 1003.9  10.4  11.6   6.1   MM   MM    MM
2026 09 22 00 00 100  5.0  6.0    MM    MM    MM  MM 1003.8  10.5  11.5   6.3   MM +2.3    MM
2026 09 21 23 50 100  5.0  6.0   0.6     8   3.8 176 1003.8  10.5  11.5   6.2   MM   MM    MM
2026 09 21 23 40  90  5.0  7.0   0.6    MM   3.8 176 1003.8  10.4  11.5   6.3   MM   MM    MM
2026 09 21 23 30 100  6.0  8.0    MM    MM    MM  MM 1003.7  10.6  11.5   6.4   MM   MM    MM
2026 09 21 23 20 120  6.0  8.0   0.6    10    MM  MM 1003.6  11.1  11.5   5.8   MM   MM    MM
2026 09 21 22 50 150  6.0  8.0   0.6    10   3.6 191 1003.2  11.2  11.4   5.2   MM   MM    MM
2026 09 21 22 40 150  6.0  7.0    MM    MM    MM  MM 1003.1  11.2  11.4   5.5   MM   MM    MM
2026 09 21 22 30 150  7.0  8.0    MM    MM    MM  MM 1003.1  11.1  11.4   4.9   MM   MM    MM
2026 09 21 22 20 160  7.0  8.0   0.6    10   3.5 170 1002.9  11.0  11.3   5.3   MM   MM    MM
2026 09 21 22 00 160  6.0  8.0    MM    MM    MM  MM 1002.8  11.0  11.3   5.1   MM +3.7    MM
2026 09 21 21 40 160  7.0  9.0   0.7    MM   3.4 169 1002.4  11.0  11.3   5.6   MM   MM    MM
2026 09 21 21 30 170  8.0 10.0    MM    MM    MM  MM 1002.2  11.0  11.3   5.8   MM   MM    MM
2026 09 21 21 20 160  9.0 10.0   0.6    10   3.3 194 1001.9  11.1  11.3   5.8   MM   MM    MM
2026 09 21 21 10 160  9.0 11.0   0.6    MM   3.3 194 1001.7  11.0  11.3   6.0   MM   MM    MM
2026 09 21 21 00 160  9.0 11.0    MM    MM    MM  MM 1001.4  11.0  11.3   6.0   MM +3.4    MM
2026 09 21 20 50 160  8.0 10.0   0.7    11   3.5 186 1001.4  11.1  11.3   6.8   MM   MM    MM
2026 09 21 20 40 170  8.0 10.0    MM    MM    MM  MM 1001.1  10.8  11.4   6.7   MM   MM    MM
2026 09 21 20 30 170  9.0 11.0    MM    MM    MM  MM 1001.0  10.9  11.4   7.2   MM   MM    MM
2026 09 21 20 20 170  8.0  9.0   0.7    10   3.8 131 1000.8  11.0  11.5   7.3   MM   MM    MM
2026 09 21 20 10 160  8.0 10.0    MM    MM    MM  MM 1000.6  10.9  11.5   7.4   MM   MM    MM
2026 09 21 20 00 170  7.0 10.0    MM    MM    MM  MM 1000.3  10.7  11.6   8.1   MM +3.4    MM
2026 09 21 19 50 180  8.0  9.0   0.8    MM   3.7 164 1000.2    MM  11.6    MM   MM   MM    MM
2026 09 21 19 40 180  9.0 11.0    MM    MM    MM  MM 1000.1  10.5  11.6   7.6   MM   MM    MM
2026 09 21 19 30 170  8.0 11.0    MM    MM    MM  MM  999.9  11.0  11.7   7.7   MM   MM    MM
2026 09 21 19 20 170  8.0 10.0   0.8    MM   3.7 165  999.7    MM  11.7    MM   MM   MM    MM
2026 09 21 19 10 170  8.0 10.0   0.8    MM   3.7 165  999.5  11.0  11.8   7.8   MM   MM    MM
2026 09 21 19 00 170  8.0 10.0    MM    MM    MM  MM  999.2  10.9  11.9   7.8   MM +3.1    MM
2026 09 21 18 50 180  8.0 10.0   0.7     9   3.6 156  999.0  10.9  11.9   8.0   MM   MM    MM
2026 09 21 18 40 180  8.0 10.0   0.7    MM   3.6 156  998.8  10.9  12.0   8.4   MM   MM    MM
2026 09 21 18 30 180  9.0 10.0    MM    MM    MM  MM  998.6  10.8  12.0   8.5   MM   MM    MM
2026 09 21 18 20 180  9.0 11.0   0.6    10   3.4 194  998.4  10.7  12.0   8.9   MM   MM    MM
2026 09 21 18 10 180 10.0 12.0   0.6    MM   3.4 194  998.3  10.6  12.2   8.8   MM   MM    MM
2026 09 21 18 00 180  9.0 11.0    MM    MM    MM  MM  998.1  10.8  12.3   9.4   MM +2.3    MM
2026 09 21 17 50 180  9.0 11.0   0.7    10   3.6 192  997.9  10.9  12.4   9.0   MM   MM    MM
2026 09 21 17 40 180  9.0 11.0   0.7    MM   3.6 192  997.8  11.0  12.4   8.8   MM   MM    MM
2026 09 21 17 30 180  9.0 11.0    MM    MM    MM  MM  997.6  11.1  12.4   9.4   MM   MM    MM
2026 09 21 17 20 180  9.0 11.0   0.6    10   3.5 220  997.4  11.0  12.4   9.4   MM   MM    MM
2026 09 21 17 10 170 10.0 11.0   0.6    MM   3.5 220  997.2  10.8  12.4   9.6   MM   MM    MM
2026 09 21 17 00 170 10.0 12.0    MM    MM    MM  MM  997.1  10.9  12.4  10.0   MM +1.9    MM
2026 09 21 16 50 170  9.0 12.0   0.6    10   3.1 186  996.9  11.1  12.4   9.8   MM   MM    MM
2026 09 21 16 40 170  9.0 10.0    MM    MM    MM  MM  996.7  11.0  12.4   9.7   MM   MM    MM
2026 09 21 16 30 170  9.0 11.0    MM    MM    MM  MM  996.7  10.7  12.4   9.9   MM   MM    MM
2026 09 21 16 20 170  9.0 11.0   0.6     9   3.4 176  996.6  10.5  12.4  10.2   MM   MM    MM
2026 09 21 16 10 170 10.0 12.0    MM    MM    MM  MM  996.4  10.7  12.4  10.4   MM   MM    MM
2026 09 21 16 00 170  9.0 11.0    MM    MM    MM  MM  996.3  11.0  12.4  10.2   MM +1.5    MM
2026 09 21 15 50 160  8.0  9.0   0.6     9   3.8 185  996.2  11.0  12.4  10.2   MM   MM    MM
2026 09 21 15 40 150  8.0 10.0    MM    MM    MM  MM  996.0  10.9  12.4  10.3   MM   MM    MM
2026 09 21 15 30 140  7.0  9.0    MM    MM    MM  MM  995.9  10.9  12.4  10.3   MM   MM    MM
2026 09 21 15 20 150  6.0  8.0   0.5    11   3.7 146  995.8  10.6  12.4   9.9   MM   MM    MM
2026 09 21 15 10 140  6.0  8.0   0.5    MM   3.7 146  995.9  10.7  12.4  10.0   MM   MM    MM
2026 09 21 15 00 120  5.0  7.0    MM    MM    MM  MM  995.7  10.7  12.4  10.1   MM +1.9    MM
2026 09 21 14 50 110  5.0  7.0   0.6    10   3.9 187  995.7  10.7  12.4  10.3   MM   MM    MM
2026 09 21 14 40 110  6.0  7.0    MM    MM    MM  MM  995.6  10.9  12.4  10.6   MM   MM    MM
2026 09 21 14 30 110  6.0  8.0    MM    MM    MM  MM  995.5  10.8  12.4  10.4   MM   MM    MM
2026 09 21 14 20 110  6.0  7.0   0.6    11   3.9 157  995.4  10.7    MM  10.3   MM   MM    MM
2026 09 21 14 10 110  6.0  8.0    MM    MM    MM  MM  995.3  10.8  12.4  10.4   MM   MM    MM
2026 09 21 14 00 110  7.0  7.0    MM    MM    MM  MM  995.0  10.8  12.4  10.3   MM +2.1    MM
2026 09 21 13 50 110  6.0  8.0   0.6    10   4.2 180  995.0  11.2  12.4  10.3   MM   MM    MM
2026 09 21 13 40 130  5.0  5.0   0.6    MM   4.2 180  994.9  11.2  12.4  10.0   MM   MM    MM
2026 09 21 13 30 150  6.0  8.0    MM    MM    MM  MM  994.8  11.5  12.4   9.9   MM   MM    MM
2026 09 21 13 20 170  6.0  7.0   0.6    11   4.3 173  994.7  11.3  12.4  10.3   MM   MM    MM
2026 09 21 13 10 180  5.0  5.0   0.6    MM   4.3 173  994.7  11.1  12.4  10.6   MM   MM    MM
2026 09 21 13 00 180  4.0  6.0    MM    MM    MM  MM  994.5  11.2    MM  10.4   MM +3.0    MM
2026 09 21 12 50 170  6.0  7.0   0.7    10   4.2 183  994.4  11.2  12.4  10.2   MM   MM    MM
2026 09 21 12 40 180  6.0  8.0   0.7    MM   4.2 183  994.3  11.2  12.4  10.2   MM   MM    MM
2026 09 21 12 30 180  7.0  8.0    MM    MM    MM  MM  994.2  11.3  12.4  10.2   MM   MM    MM
2026 09 21 12 20 180  7.0  8.0   0.7    10   3.7 190  994.1  11.3  12.4  10.5   MM   MM    MM
2026 09 21 12 10 170  7.0  8.0   0.7    MM   3.7 190  994.0  11.2  12.4  10.4   MM   MM    MM
2026 09 21 12 00 170  8.0  9.0    MM    MM    MM  MM  993.8  11.2  12.4  10.2   MM +3.4    MM
2026 09 21 11 50 170  8.0 10.0   0.7    11   3.4 166  993.6  11.3  12.4  10.0   MM   MM    MM
2026 09 21 11 40 180  9.0 10.0    MM    MM    MM  MM  993.4  11.3  12.4  10.4   MM   MM    MM
2026 09 21 11 30 170  9.0 12.0    MM    MM    MM  MM  993.3  11.1  12.4  10.3   MM   MM    MM
2026 09 21 11 20 170 10.0 12.0   0.6     3   3.6 187  993.1  11.2  12.4  10.0   MM   MM    MM
2026 09 21 11 10 180  9.0 10.0   0.6    MM   3.6 187  993.0  11.2  12.3   9.7   MM   MM    MM
2026 09 21 11 00 180  7.0  9.0    MM    MM    MM  MM  992.8  11.1  12.3   9.2   MM +3.7    MM
2026 09 21 10 50 180  8.0  9.0   0.6    11   3.7 187  992.6  11.2  12.3   9.2   MM   MM    MM
2026 09 21 10 40 180  9.0 10.0    MM    MM    MM  MM  992.5  11.3  12.3   9.3   MM   MM    MM
2026 09 21 10 30 180  7.0  9.0    MM    MM    MM  MM  992.3  11.1  12.3   9.1   MM   MM    MM
2026 09 21 10 20 180  7.0  9.0   0.6    12   4.1 166  992.2  11.2  12.3   9.1   MM   MM    MM
2026 09 21 10 10 170  9.0 10.0    MM    MM    MM  MM  991.9  11.3  12.2   9.0   MM   MM    MM
2026 09 21 10 00 170  8.0 11.0    MM    MM    MM  MM  991.5  10.9  12.0   9.1   MM +3.4    MM
2026 09 21 09 50 180  5.0  8.0   0.6    10   3.9 158  991.5  10.4  12.4   9.2   MM   MM    MM
2026 09 21 09 40 190  6.0  9.0    MM    MM    MM  MM  991.4  10.9  12.4   9.4   MM   MM    MM
2026 09 21 09 30 150  9.0 10.0    MM    MM    MM  MM  991.0  11.1  12.4   9.2   MM   MM    MM
2026 09 21 09 20 160  6.0  9.0   0.8     4   3.8  66  990.8  10.4  12.4   9.8   MM   MM    MM
2026 09 21 09 10 170  6.0  7.0   0.8    MM   3.8  66  990.7  10.2  12.4   9.9   MM   MM    MM
2026 09 21 09 00 170  7.0  8.0    MM    MM    MM  MM  990.4  10.7  12.4   9.9   MM +2.8    MM
2026 09 21 08 50 160  8.0 11.0   0.8     4   3.6  78  990.1  11.5  12.4   9.0   MM   MM    MM
2026 09 21 08 40 140  8.0  9.0    MM    MM    MM  MM  989.8  11.4  12.4   9.2   MM   MM    MM
2026 09 21 08 30 120  7.0  8.0    MM    MM    MM  MM  989.6  11.4  12.4  10.0   MM   MM    MM
2026 09 21 08 20 110  7.0  9.0   1.0     5   3.9  78  989.5  11.3  12.4  10.1   MM   MM    MM
2026 09 21 08 10 110  8.0 10.0    MM    MM    MM  MM  989.3  11.5  12.4  10.3   MM   MM    MM
2026 09 21 08 00 110  8.0 10.0    MM    MM    MM  MM  989.2  11.5  12.4  10.2   MM +2.1    MM
2026 09 21 07 50 110  9.0 12.0   1.0     5   3.9  74  989.0  11.6  12.4  10.1   MM   MM    MM
2026 09 21 07 40 110 10.0 12.0    MM    MM    MM  MM  988.7  11.5  12.4  10.0   MM   MM    MM
2026 09 21 07 30 100 10.0 12.0   1.0    MM   3.9  74  988.5  11.5  12.4  10.2   MM   MM    MM
2026 09 21 07 20 100 11.0 13.0   1.0     4   3.9 102  988.3  11.5  12.4  10.2   MM   MM    MM
2026 09 21 07 10  90 11.0 13.0    MM    MM    MM  MM  988.1  11.4  12.5  10.0   MM   MM    MM
2026 09 21 07 00 100 11.0 14.0    MM    MM    MM  MM  987.9  11.5    MM  10.0   MM +1.3    MM
2026 09 21 06 50 100 12.0 14.0   1.0     4   3.9  97  987.9  11.5    MM  10.2   MM   MM    MM
2026 09 21 06 40 100 12.0 14.0   1.0    MM   3.9  97  987.9    MM    MM    MM   MM   MM    MM
2026 09 21 06 30 100 11.0 13.0    MM    MM    MM  MM  987.9  11.6  12.5  10.8   MM   MM    MM
2026 09 21 06 20 100 11.0 13.0   1.1     5   4.1  87  987.7  11.7  12.5  10.9   MM   MM    MM
2026 09 21 06 10 100 11.0 14.0    MM    MM    MM  MM  987.7  11.6  12.5  10.9   MM   MM    MM
2026 09 21 06 00 100 11.0 14.0    MM    MM    MM  MM  987.5  11.5  12.4  10.8   MM +1.0    MM
2026 09 21 05 50 100 12.0 14.0   1.2     5   4.2  88  987.4  11.7  12.4  10.9   MM   MM    MM
2026 09 21 05 40 100 12.0 15.0    MM    MM    MM  MM  987.3    MM    MM    MM   MM   MM    MM
2026 09 21 05 30 100 12.0 14.0    MM    MM    MM  MM  987.1  11.8  12.4  11.0   MM   MM    MM
2026 09 21 05 20  80 11.0 14.0   1.3     4   4.3  86  987.1  11.4  12.4  10.8   MM   MM    MM
2026 09 21 05 10  70 12.0 14.0    MM    MM    MM  MM  987.0  11.6  12.4  10.4   MM   MM    MM
2026 09 21 05 00  90 11.0 14.0    MM    MM    MM  MM  987.0  11.8  12.4  10.9   MM +1.1    MM
2026 09 21 04 50  70 12.0 14.0   1.3     4   4.4  86  986.9  11.1  12.3  10.5   MM   MM    MM
2026 09 21 04 40  60 12.0 15.0    MM    MM    MM  MM  986.6  10.8  12.3  10.5   MM   MM    MM
2026 09 21 04 30  60 12.0 15.0    MM    MM    MM  MM  986.6  10.5  12.3  10.1   MM   MM    MM
2026 09 21 04 20  60 12.0 15.0   1.3     5   4.4  91  986.6  10.4  12.3  10.0   MM   MM    MM
2026 09 21 04 10  60 12.0 14.0   1.3    MM   4.4  91  986.4  10.4  12.3   9.8   MM   MM    MM
2026 09 21 04 00  60 11.0 14.0    MM    MM    MM  MM  986.5  10.4  12.3   9.8   MM +1.2    MM
2026 09 21 03 50  60 11.0 13.0   1.2     4   4.3  81  986.6  10.5  12.3   9.8   MM   MM    MM
2026 09 21 03 40  60 11.0 13.0    MM    MM    MM  MM  986.5  10.5  12.3   9.5   MM   MM    MM
2026 09 21 03 30  60 11.0 13.0    MM    MM    MM  MM  986.5  10.5  12.3   9.5   MM   MM    MM
2026 09 21 03 20  60 11.0 14.0   1.1    11   4.5 169  986.3  10.6  12.3   9.3   MM   MM    MM
2026 09 21 03 10  60 12.0 14.0   1.1    MM   4.5 169  986.4  10.7  12.3   8.9   MM   MM    MM
2026 09 21 03 00  60 11.0 14.0    MM    MM    MM  MM  986.4  10.7  12.3   9.1   MM +1.1    MM
2026 09 21 02 50  60 11.0 14.0   1.1    11   4.3 157  986.2  10.8  12.3   9.1   MM   MM    MM
2026 09 21 02 40  70 10.0 13.0    MM    MM    MM  MM  986.2  10.9  12.3   9.1   MM   MM    MM
2026 09 21 02 30  60 11.0 13.0    MM    MM    MM  MM  986.2  10.8  12.4   8.8   MM   MM    MM
2026 09 21 02 20  70 11.0 13.0   1.1    11   4.3 148  986.1  10.9  12.5   8.7   MM   MM    MM
2026 09 21 02 10  70 12.0 14.0   1.1    MM   4.3 148  986.1  11.2  12.5   8.2   MM   MM    MM
2026 09 21 02 00  70 11.0 13.0    MM    MM    MM  MM  986.0  11.0  12.5   8.0   MM +0.9    MM
2026 09 21 01 50  60 11.0 14.0   1.2     4   4.3  92  985.9  11.0  12.5   8.1   MM   MM    MM
2026 09 21 01 40  60 12.0 14.0    MM    MM    MM  MM  985.8  11.1  12.5   7.9   MM   MM    MM
2026 09 21 01 30  60 11.0 14.0    MM    MM    MM  MM  985.8  11.3  12.5   8.1   MM   MM    MM
2026 09 21 01 20  60 11.0 14.0   1.4    12   5.1 169  985.7  11.2  12.5   7.9   MM   MM    MM
2026 09 21 01 10  60 10.0 12.0   1.4    MM   5.1 169  985.6  10.8  12.5   8.4   MM   MM    MM
2026 09 21 01 00  60 10.0 14.0    MM    MM    MM  MM  985.7  11.0  12.5   8.3   MM +0.8    MM
2026 09 21 00 50  60 10.0 12.0   1.3    11   5.0 172  985.6  11.0  12.5   8.5   MM   MM    MM
2026 09 21 00 40  70 11.0 13.0   1.3    MM   5.0 172  985.6  11.0  12.5   8.5   MM   MM    MM
2026 09 21 00 30  70 11.0 13.0    MM    MM    MM  MM  985.6  11.5  12.5   8.6   MM   MM    MM
2026 09 21 00 20  70 10.0 11.0   1.3    10   6.2 182  985.6  11.6  12.5   8.2   MM   MM    MM
2026 09 21 00 10  70 10.0 12.0   1.3    MM   6.2 182  985.7  11.8  12.5   8.4   MM   MM    MM
2026 09 21 00 00  70  9.0 11.0    MM    MM    MM  MM  985.5  12.1  12.5   8.4   MM +0.4    MM
2026 09 20 23 50  60  6.0  9.0   1.1    12   7.8 185  985.4  12.1  12.5   9.0   MM   MM    MM
2026 09 20 23 40  50  4.0  6.0    MM    MM    MM  MM  985.4  12.1  12.5   9.0   MM   MM    MM
2026 09 20 23 20  40  6.0  7.0   1.0    11   7.9 188  985.2  12.4  12.5   8.5   MM   MM    MM
2026 09 20 23 10  40  6.0  8.0    MM    MM    MM  MM  985.1  12.2  12.5   8.3   MM   MM    MM
2026 09 20 23 00  40  6.0  8.0   1.0    MM   7.9 188  985.2  12.0  12.5   8.9   MM -0.0    MM
2026 09 20 22 50  30  5.0  7.0   1.0     9   7.3 190  985.1  12.1  12.5   8.4   MM   MM    MM
2026 09 20 22 40  50  5.0  7.0    MM    MM    MM  MM  985.3  12.4  12.5   7.6   MM   MM    MM
2026 09 20 22 30  40  4.0  6.0    MM    MM    MM  MM  985.2  12.0  12.5   7.7   MM   MM    MM
2026 09 20 22 20 350  2.0  4.0   0.9    10   6.3 186  985.1  11.9  12.5   8.5   MM   MM    MM
2026 09 20 22 10 330  3.0  4.0    MM    MM    MM  MM  984.9  11.7  12.5   8.9   MM   MM    MM
2026 09 20 22 00 320  4.0  5.0    MM    MM    MM  MM  984.8  11.6  12.5   9.2   MM +0.0    MM
2026 09 20 21 50 320  4.0  5.0   0.8    13   5.2 178  984.8  11.5  12.5   9.1   MM   MM    MM
2026 09 20 21 40 330  4.0  5.0   0.8    MM   5.2 178  984.9  11.4  12.5   8.6   MM   MM    MM
2026 09 20 21 30 330  4.0  6.0    MM    MM    MM  MM  985.0  11.3  12.5   8.6   MM   MM    MM
2026 09 20 21 20 340  4.0  6.0   0.7     9   5.1 184  985.1  11.2  12.5   8.8   MM   MM    MM
2026 09 20 21 10 340  5.0  6.0   0.7    MM   5.1 184  985.2  11.2  12.5   9.1   MM   MM    MM
2026 09 20 21 00 340  6.0  8.0    MM    MM    MM  MM  985.1  11.4  12.5   9.4   MM +0.0    MM
2026 09 20 20 50 340  6.0  7.0   0.7     8   5.0 178  984.9  11.5  12.5   9.6   MM   MM    MM
2026 09 20 20 40 340  6.0  7.0   0.7    MM   5.0 178  984.7  11.7  12.5   9.7   MM   MM    MM
2026 09 20 20 30 340  5.0  6.0    MM    MM    MM  MM  984.8  11.9  12.5   9.4   MM   MM    MM
2026 09 20 20 20 350  4.0  5.0   0.7    10   5.1 175  984.8  11.8  12.5   8.7   MM   MM    MM
2026 09 20 20 10 350  4.0  6.0    MM    MM    MM  MM  984.7  11.7  12.4   9.1   MM   MM    MM
2026 09 20 20 00 350  4.0  6.0    MM    MM    MM  MM  984.9  11.5  12.4   9.0   MM +0.0    MM
2026 09 20 19 50 350  5.0  6.0   0.7    MM   5.5 185  984.8    MM  12.4    MM   MM   MM    MM
2026 09 20 19 40 350  5.0  6.0    MM    MM    MM  MM  984.8    MM    MM    MM   MM   MM    MM
2026 09 20 19 30 360  5.0  6.0    MM    MM    MM  MM  984.8  11.2  12.4   9.7   MM   MM    MM
2026 09 20 19 20 360  4.0  6.0   0.7    MM   5.4 176  985.0  11.4  12.5   9.4   MM   MM    MM
2026 09 20 19 10  MM   MM   MM   0.7    10   5.4 176     MM    MM    MM    MM   MM   MM    MM
2026 09 20 19 00  10  3.0  4.0    MM    MM    MM  MM  984.8  11.3    MM   7.9   MM +0.0    MM
2026 09 20 18 50  10  3.0  4.0   0.7    10   5.2 179  984.9  11.7  12.5   8.7   MM   MM    MM
2026 09 20 18 40  50  3.0  4.0   0.7    MM   5.2 179  984.8  11.9  12.5   7.8   MM   MM    MM
2026 09 20 18 30  50  4.0  5.0    MM    MM    MM  MM  984.7  11.8  12.5   7.9   MM   MM    MM
2026 09 20 18 20  60  5.0  6.0   0.8    MM   4.8 174  984.7    MM  12.5    MM   MM   MM    MM
2026 09 20 18 10  60  5.0  6.0    MM    MM    MM  MM  984.7  11.4  12.5   8.0   MM   MM    MM
2026 09 20 18 00  60  5.0  8.0    MM    MM    MM  MM  984.9  11.5  12.5   8.5   MM -0.3    MM
2026 09 20 17 50  70  7.0 10.0   0.8    MM   4.8 175  985.1  11.3  12.5   8.2   MM   MM    MM
2026 09 20 17 40  60  7.0  8.0    MM    MM    MM  MM  984.9  11.3  12.5   8.4   MM   MM    MM
2026 09 20 17 30  50  7.0  9.0    MM    MM    MM  MM  984.7  11.4  12.5   8.3   MM   MM    MM
2026 09 20 17 20  60  7.0  9.0   0.9    10   6.0 180  984.6  11.5  12.5   8.0   MM   MM    MM
2026 09 20 17 10  50  5.0  7.0   0.9    MM   6.0 180  984.8  11.4  12.5   8.1   MM   MM    MM
2026 09 20 17 00  40  5.0  6.0    MM    MM    MM  MM  984.8  11.4  12.5   8.2   MM -0.7    MM
2026 09 20 16 50  30  5.0  6.0   0.8    10   5.5 174  984.6  11.2  12.5   8.4   MM   MM    MM
2026 09 20 16 40  30  5.0  6.0   0.8    MM   5.5 174  984.6  11.1  12.5   8.7   MM   MM    MM
2026 09 20 16 30  20  5.0  6.0    MM    MM    MM  MM  984.7  11.1  12.5   8.6   MM   MM    MM
2026 09 20 16 20  10  5.0  6.0   1.0    10   5.9 179  984.5  10.9  12.5   8.3   MM   MM    MM
2026 09 20 16 10  10  5.0  6.0   1.0    MM   5.9 179  984.5  11.1  12.5   8.3   MM   MM    MM
2026 09 20 16 00  30  4.0  6.0    MM    MM    MM  MM  984.7  11.2  12.5   8.0   MM -1.2    MM
2026 09 20 15 50  20  5.0  7.0   0.9     9   5.5 180  984.8  11.4  12.5   8.1   MM   MM    MM
2026 09 20 15 40  20  5.0  6.0    MM    MM    MM  MM  984.8  11.4  12.5   7.9   MM   MM    MM
2026 09 20 15 30  30  5.0  7.0    MM    MM    MM  MM  984.8  11.5  12.5   7.8   MM   MM    MM
2026 09 20 15 20  50  5.0  7.0   1.0    10   5.8 176  985.2  11.4  12.5   7.5   MM   MM    MM
2026 09 20 15 10  50  4.0  7.0   1.0    MM   5.8 176  985.3  11.0  12.5   8.3   MM   MM    MM
2026 09 20 15 00  20  4.0  5.0    MM    MM    MM  MM  985.3  11.4  12.5   9.4   MM -1.4    MM
2026 09 20 14 50 360  5.0  6.0   0.9    11   5.6 179  985.0  11.3  12.5   9.0   MM   MM    MM
2026 09 20 14 40 360  5.0  6.0    MM    MM    MM  MM  984.9  11.2  12.5   9.3   MM   MM    MM
2026 09 20 14 30 360  5.0  6.0    MM    MM    MM  MM  985.0  11.2  12.5   9.5   MM   MM    MM
2026 09 20 14 20 360  5.0  6.0   0.9     8   6.0 177  985.2  11.1  12.5   9.2   MM   MM    MM
2026 09 20 14 10 360  5.0  6.0   0.9    MM   6.0 177  985.3  11.2  12.5   9.5   MM   MM    MM
2026 09 20 14 00 360  5.0  6.0    MM    MM    MM  MM  985.4  11.2  12.5   9.6   MM -1.1    MM
2026 09 20 13 50 360  5.0  6.0   0.9     8   5.8 181  985.4  11.2  12.5   9.5   MM   MM    MM
2026 09 20 13 40 350  5.0  6.0    MM    MM    MM  MM  985.6  11.1  12.5   9.1   MM   MM    MM
2026 09 20 13 30 360  5.0  6.0    MM    MM    MM  MM  985.7  11.4  12.5   8.7   MM   MM    MM
2026 09 20 13 20  30  5.0  7.0   0.9     9   6.2 180  985.8  11.6  12.5   8.1   MM   MM    MM
2026 09 20 13 10  20  3.0  5.0   0.9    MM   6.2 180  985.8  11.3  12.5   8.4   MM   MM    MM
2026 09 20 13 00  30  4.0  5.0    MM    MM    MM  MM  985.9  11.1  12.5   8.4   MM -1.1    MM
2026 09 20 12 50  10  5.0  6.0   1.0     8   6.1 176  985.9  10.7  12.5   8.8   MM   MM    MM
2026 09 20 12 40  10  4.0  6.0   1.0    MM   6.1 176  986.2  10.7  12.5   9.1   MM   MM    MM
2026 09 20 12 30  30  5.0  6.0    MM    MM    MM  MM  986.2  10.5  12.5   9.2   MM   MM    MM
2026 09 20 12 20  20  4.0  5.0   0.9     8   5.5 174  986.2  10.4  12.5   9.6   MM   MM    MM
2026 09 20 12 10  40  4.0  5.0    MM    MM    MM  MM  986.4  10.5  12.5   9.7   MM   MM    MM
2026 09 20 12 00  50  5.0  6.0    MM    MM    MM  MM  986.5  10.5  12.5   9.5   MM -1.1    MM
2026 09 20 11 50  50  4.0  6.0   0.9     8   5.2 173  986.5  10.7  12.5   9.6   MM   MM    MM
2026 09 20 11 40  60  4.0  5.0    MM    MM    MM  MM  986.6  10.6  12.4   9.3   MM   MM    MM
2026 09 20 11 30  70  5.0  6.0    MM    MM    MM  MM  986.7  10.7  12.5   8.8   MM   MM    MM
2026 09 20 11 20  60  5.0  6.0   0.8     8   4.7 170  986.9  10.9  12.4   8.5   MM   MM    MM
2026 09 20 11 10  30  5.0  6.0    MM    MM    MM  MM  986.6  11.0  12.4   8.4   MM   MM    MM
2026 09 20 11 00  30  5.0  6.0    MM    MM    MM  MM  986.5  10.7  12.4   8.5   MM -2.9    MM
2026 09 20 10 50  20  5.0  6.0   0.9     8   4.7 173  986.5  10.8  12.4   8.9   MM   MM    MM
2026 09 20 10 40  30  5.0  6.0   0.9    MM   4.7 173  986.7  10.8  12.4   8.5   MM   MM    MM
2026 09 20 10 30  30  6.0  7.0    MM    MM    MM  MM  987.1  10.9  12.5   8.5   MM   MM    MM
2026 09 20 10 20  10  5.0  6.0   0.8     8   4.2 178  987.2  10.8  12.5   8.8   MM   MM    MM
2026 09 20 10 10  10  6.0  8.0   0.8    MM   4.2 178  987.1  10.8  12.5   8.7   MM   MM    MM
2026 09 20 10 00  10  6.0  8.0    MM    MM    MM  MM  987.1  10.7  12.5   8.6   MM -4.1    MM
2026 09 20 09 50  10  7.0  8.0   0.8     8   3.9 179  987.3  10.6  12.5   8.6   MM   MM    MM
2026 09 20 09 40  10  7.0  8.0    MM    MM    MM  MM  987.4  10.5  12.5   8.7   MM   MM    MM
2026 09 20 09 30  10  7.0  9.0    MM    MM    MM  MM  987.3  10.4  12.5   8.7   MM   MM    MM
2026 09 20 09 20  10  8.0  9.0   0.8     8   3.9 178  987.5  10.4  12.4   8.7   MM   MM    MM
2026 09 20 09 10  10  8.0 10.0    MM    MM    MM  MM  987.7  10.5  12.4   9.0   MM   MM    MM
2026 09 20 09 00  10  9.0 10.0    MM    MM    MM  MM  987.9  10.3  12.5   8.8   MM -4.5    MM
2026 09 20 08 50 360  8.0 10.0   0.7     8   3.8 178  988.0  10.3  12.4   9.0   MM   MM    MM
2026 09 20 08 40 360  8.0 10.0    MM    MM    MM  MM  988.1  10.2  12.4   8.9   MM   MM    MM
2026 09 20 08 30 360  8.0 10.0    MM    MM    MM  MM  988.4  10.3  12.4   9.2   MM   MM    MM
2026 09 20 08 20 360  8.0 10.0   0.7     8   3.9 182  988.8  10.4  12.4   9.3   MM   MM    MM
2026 09 20 08 10 360  9.0 10.0    MM    MM    MM  MM  989.1  10.4  12.4   8.9   MM   MM    MM
2026 09 20 08 00 360  8.0  9.0    MM    MM    MM  MM  989.3  10.6  12.4   8.6   MM -3.9    MM
2026 09 20 07 50  20  7.0  9.0   0.7     4   3.7  95  989.6  10.6  12.4   8.4   MM   MM    MM
2026 09 20 07 40  20  7.0  8.0   0.7    MM   3.7  95  990.0  10.6  12.4   8.5   MM   MM    MM
2026 09 20 07 30  40  7.0  9.0    MM    MM    MM  MM  990.3  10.7  12.4   8.5   MM   MM    MM
2026 09 20 07 20  40  7.0  8.0   0.8     7   3.9 190  990.7  10.9  12.4   8.5   MM   MM    MM
2026 09 20 07 10  40  6.0  7.0    MM    MM    MM  MM  990.9  10.8  12.4   8.5   MM   MM    MM
2026 09 20 07 00  50  6.0  8.0    MM    MM    MM  MM  991.1  10.6    MM   8.6   MM -3.3    MM
2026 09 20 06 50  60  6.0  8.0   0.7    MM   3.6 188  991.3  10.6  12.4   8.5   MM   MM    MM
2026 09 20 06 40  MM   MM   MM   0.7     8   3.6 188     MM    MM    MM    MM   MM   MM    MM
2026 09 20 06 30  70  9.0 10.0    MM    MM    MM  MM  992.1  11.0  12.4   8.4   MM   MM    MM
2026 09 20 06 20  70  8.0 10.0   0.7     7   4.1 183  992.2  11.2  12.4   8.5   MM   MM    MM
2026 09 20 06 10  60  8.0  9.0   0.7    MM   4.1 183  992.2  11.2  12.4   8.0   MM   MM    MM
2026 09 20 06 00  50  7.0  8.0    MM    MM    MM  MM  992.3  11.2  12.4   8.0   MM -3.1    MM
2026 09 20 05 50  40  5.0  7.0   0.7     7   3.9 188  992.4  11.0  12.4   8.1   MM   MM    MM
2026 09 20 05 40  40  6.0  8.0   0.7    MM   3.9 188  992.6  11.0  12.4   8.1   MM   MM    MM
2026 09 20 05 30  40  6.0  8.0    MM    MM    MM  MM  992.8  11.0  12.4   8.1   MM   MM    MM
2026 09 20 05 20  40  5.0  7.0   0.7     8   3.9 181  992.9  11.1  12.4   8.2   MM   MM    MM
2026 09 20 05 10  40  6.0  7.0   0.7    MM   3.9 181  993.1  10.9  12.4   8.6   MM   MM    MM
2026 09 20 05 00  20  5.0  8.0    MM    MM    MM  MM  993.3  10.7  12.4   8.7   MM -2.7    MM
2026 09 20 04 50  20  6.0  8.0   0.8     4   3.9  99  993.4  10.5  12.4   9.2   MM   MM    MM
2026 09 20 04 40  10  7.0  8.0    MM    MM    MM  MM  993.7  10.5  12.4   9.4   MM   MM    MM
2026 09 20 04 30  10  6.0  8.0    MM    MM    MM  MM  993.9  10.6  12.4   9.5   MM   MM    MM
2026 09 20 04 20  20  6.0  7.0   0.8     4   3.8  89  994.1  11.0  12.4   8.8   MM   MM    MM
2026 09 20 04 10  50  5.0  7.0   0.8    MM   3.8  89  994.2  11.0  12.4   8.4   MM   MM    MM
2026 09 20 04 00  60  6.0  8.0    MM    MM    MM  MM  994.5  11.1  12.3   8.4   MM -3.3    MM
2026 09 20 03 50  60  7.0  9.0   1.0     4   3.7 109  994.6  11.0  12.3   8.2   MM   MM    MM
2026 09 20 03 40  60  8.0  9.0    MM    MM    MM  MM  994.7  11.0  12.3   8.7   MM   MM    MM
2026 09 20 03 30  70  8.0 10.0    MM    MM    MM  MM  994.9  11.0  12.3   8.9   MM   MM    MM
2026 09 20 03 20  70  9.0 11.0   1.0     4   3.9  91  995.1  11.0  12.3   8.8   MM   MM    MM
2026 09 20 03 10  70 10.0 12.0   1.0    MM   3.9  91  995.3  11.1  12.3   8.8   MM   MM    MM
2026 09 20 03 00  70 10.0 13.0    MM    MM    MM  MM  995.5  11.2  12.4   8.8   MM -3.4    MM
2026 09 20 02 50  70  9.0 13.0   0.9     4   4.0  89  995.7  11.3  12.3   8.8   MM   MM    MM
2026 09 20 02 40  60  8.0 10.0    MM    MM    MM  MM  995.9  11.2  12.3   8.7   MM   MM    MM
2026 09 20 02 30  70  8.0  9.0    MM    MM    MM  MM  996.1  11.4  12.3   8.9   MM   MM    MM
2026 09 20 02 20  70  9.0 10.0   1.0     4   4.0  98  996.2  11.3  12.3   8.9   MM   MM    MM
2026 09 20 02 10  80 10.0 12.0    MM    MM    MM  MM  996.1  11.3  12.3   8.6   MM   MM    MM
2026 09 20 02 00  80 10.0 12.0    MM    MM    MM  MM  996.2  11.4  12.3   8.8   MM -3.8    MM
2026 09 20 01 50  80 10.0 13.0   1.0     4   3.9  89  996.4  11.2  12.3   8.7   MM   MM    MM
2026 09 20 01 40  70 10.0 12.0   1.0    MM   3.9  89  996.6  11.0  12.2   8.9   MM   MM    MM
2026 09 20 01 30  80 10.0 12.0    MM    MM    MM  MM  996.9  11.0  12.2   9.0   MM   MM    MM
2026 09 20 01 20  90 11.0 14.0   1.1     4   3.9  85  997.0  11.2  12.2   9.0   MM   MM    MM
2026 09 20 01 10  90 11.0 14.0   1.1    MM   3.9  85  997.3  11.4  12.2   8.8   MM   MM    MM
2026 09 20 01 00  90 12.0 14.0    MM    MM    MM  MM  997.5  11.5  12.2   8.6   MM -2.7    MM
2026 09 20 00 50  90 11.0 15.0   1.0     4   3.9  88  997.8  11.7  12.2   8.4   MM   MM    MM
2026 09 20 00 40  90 11.0 15.0    MM    MM    MM  MM  998.0  11.7  12.1   8.3   MM   MM    MM
2026 09 20 00 30  90 11.0 13.0    MM    MM    MM  MM  998.1  11.5    MM   8.6   MM   MM    MM
2026 09 20 00 20  90  9.0 12.0   1.1     4   3.9  85  998.2  11.3  12.0   9.0   MM   MM    MM
2026 09 20 00 10  90 10.0 12.0    MM    MM    MM  MM  998.3  10.9  11.9   9.1   MM   MM    MM
2026 09 20 00 00  90 10.0 12.0    MM    MM    MM  MM  998.5  11.0  11.9   9.3   MM -2.2    MM
2026 09 19 23 50  90 11.0 13.0   1.1     5   3.9  89  998.7  11.1  11.9   9.2   MM   MM    MM
2026 09 19 23 40  90 11.0 14.0   1.1    MM   3.9  89  998.7  11.3  12.0   9.2   MM   MM    MM
2026 09 19 23 30  90 12.0 14.0    MM    MM    MM  MM  998.8  11.6  12.0   9.0   MM   MM    MM
2026 09 19 23 20  90 11.0 13.0   1.1     5   3.9  90  998.9  11.7  12.0   9.1   MM   MM    MM
2026 09 19 23 10  90 11.0 14.0   1.1    MM   3.9  90  999.3  11.7  12.0   9.1   MM   MM    MM
2026 09 19 23 00  90 10.0 13.0    MM    MM    MM  MM  999.5  11.8  12.0   9.1   MM -1.3    MM
2026 09 19 22 50  90 11.0 14.0   1.1     4   3.8  82  999.7  11.8  12.1   9.0   MM   MM    MM
2026 09 19 22 40  90 11.0 14.0    MM    MM    MM  MM 1000.0  11.6  12.1   9.1   MM   MM    MM
2026 09 19 22 30  90 11.0 13.0    MM    MM    MM  MM 1000.0  11.5  12.1   9.2   MM   MM    MM
2026 09 19 22 20  90 11.0 14.0   0.8     4   3.7  75 1000.1  11.3  12.1   9.2   MM   MM    MM
2026 09 19 22 10  90 11.0 13.0   0.8    MM   3.7  75 1000.2  11.3  12.1   9.5   MM   MM    MM
2026 09 19 22 00 100 11.0 13.0    MM    MM    MM  MM 1000.3  11.3  12.1   9.6   MM -1.0    MM
2026 09 19 21 50 110  8.0 12.0   0.7     4   3.6  92 1000.4  10.9  12.1  10.0   MM   MM    MM
2026 09 19 21 40 120  7.0  9.0    MM    MM    MM  MM 1000.6  10.4  12.2   9.9   MM   MM    MM
2026 09 19 21 30 120  7.0  9.0    MM    MM    MM  MM 1000.9  10.5  12.1  10.2   MM   MM    MM
2026 09 19 21 20 120  8.0 10.0   0.9     4   3.7  88 1001.0  10.3  12.2  10.0   MM   MM    MM
2026 09 19 21 10 130  9.0 11.0    MM    MM    MM  MM 1001.2  10.5  12.3   9.8   MM   MM    MM
2026 09 19 21 00 100  9.0 12.0   0.9    MM   3.7  88 1001.1  11.0  12.3  10.3   MM -1.0    MM
2026 09 19 20 50 100  9.0 12.0   0.9    MM   3.7  88 1001.1  10.9  12.3  10.2   MM   MM    MM
2026 09 19 20 40  MM   MM   MM   0.9     4   3.7  88     MM    MM    MM    MM   MM   MM    MM
2026 09 19 20 30 100 11.0 14.0    MM    MM    MM  MM 1001.2  11.1  12.3  10.2   MM   MM    MM
2026 09 19 20 20 100 10.0 13.0   0.9     4   3.6  85 1001.5  11.0  12.3  10.2   MM   MM    MM
2026 09 19 20 10 100 12.0 14.0    MM    MM    MM  MM 1001.5  11.1  12.3  10.1   MM   MM    MM
2026 09 19 20 00 100 12.0 15.0    MM    MM    MM  MM 1001.4  11.3  12.3   9.9   MM -1.3    MM
2026 09 19 19 50 100 12.0 15.0   0.9     4   3.5  89 1001.4  11.3  12.3   9.5   MM   MM    MM
2026 09 19 19 40 100 12.0 15.0   0.9    MM   3.5  89 1001.4  11.3  12.3   9.8   MM   MM    MM
2026 09 19 19 30 100 10.0 13.0    MM    MM    MM  MM 1001.6  11.1  12.3  10.1   MM   MM    MM
2026 09 19 19 20  90 11.0 13.0   0.8    MM   3.4  90 1001.6    MM  12.3    MM   MM   MM    MM
2026 09 19 19 10 100 11.0 15.0    MM    MM    MM  MM 1001.6  11.2  12.3   9.8   MM   MM    MM
2026 09 19 19 00 100 11.0 14.0    MM    MM    MM  MM 1001.7  11.2  12.3   9.9   MM -1.4    MM
2026 09 19 18 50 100  9.0 11.0   0.8     4   3.4  87 1001.9  11.0  12.3  10.0   MM   MM    MM
2026 09 19 18 40 100  9.0 12.0   0.8    MM   3.4  87 1002.1  10.9  12.3  10.3   MM   MM    MM
2026 09 19 18 30 100 10.0 12.0    MM    MM    MM  MM 1002.1  10.9  12.3  10.1   MM   MM    MM
2026 09 19 18 20  90  9.0 12.0   0.7     4   3.4  86 1001.9  11.0  12.4   9.9   MM   MM    MM
2026 09 19 18 10  80  8.0 10.0   0.7    MM   3.4  86 1001.9  10.7  12.4  10.3   MM   MM    MM
2026 09 19 18 00  90  9.0 11.0    MM    MM    MM  MM 1002.1  10.7  12.4  10.5   MM -0.6    MM
2026 09 19 17 50  90  8.0 10.0   0.6     4   3.3  93 1002.2  10.8  12.4  10.7   MM   MM    MM
2026 09 19 17 40  90  8.0 10.0    MM    MM    MM  MM 1002.2  10.7  12.4  10.7   MM   MM    MM
2026 09 19 17 30  80  8.0  9.0    MM    MM    MM  MM 1002.2  10.6  12.4    MM   MM   MM    MM
2026 09 19 17 20  90  8.0 10.0   0.6     4   3.3  92 1002.4  10.8  12.4  10.8   MM   MM    MM
2026 09 19 17 10  80  8.0 10.0   0.6    MM   3.3  92 1002.4  10.7  12.4  10.6   MM   MM    MM
2026 09 19 17 00  90  8.0 10.0    MM    MM    MM  MM 1002.4  10.8  12.4  10.5   MM -0.5    MM
2026 09 19 16 50  90  8.0 10.0   0.6     3   3.3  92 1002.5  10.7  12.4  10.5   MM   MM    MM
2026 09 19 16 40 100  8.0 10.0    MM    MM    MM  MM 1002.7  10.7  12.4  10.3   MM   MM    MM
2026 09 19 16 30  90  8.0 10.0    MM    MM    MM  MM 1002.8  10.7  12.4  10.4   MM   MM    MM
2026 09 19 16 20 100  8.0 10.0   0.6     3   3.3 100 1002.9  10.7  12.4  10.3   MM   MM    MM
2026 09 19 16 10 100  8.0 10.0   0.6    MM   3.3 100 1002.9  10.9  12.4  10.4   MM   MM    MM
2026 09 19 16 00 110  8.0 10.0    MM    MM    MM  MM 1002.9  10.8  12.4  10.2   MM -0.0    MM
2026 09 19 15 50 110  8.0 10.0   0.6     4   3.3 107 1002.9  10.7  12.4  10.2   MM   MM    MM
2026 09 19 15 40 110  8.0  9.0    MM    MM    MM  MM 1003.0  10.7  12.4  10.3   MM   MM    MM
2026 09 19 15 30 110  9.0 11.0    MM    MM    MM  MM 1002.8  10.7  12.4  10.4   MM   MM    MM
2026 09 19 15 20 100  8.0 10.0   0.6     4   3.3  92 1002.8  10.6  12.4  10.4   MM   MM    MM
2026 09 19 15 10 100  8.0 11.0   0.6    MM   3.3  92 1002.8  10.7  12.4  10.4   MM   MM    MM
2026 09 19 15 00 110  9.0 10.0    MM    MM    MM  MM 1002.7  10.7  12.4  10.5   MM -0.5    MM
2026 09 19 14 50 100  8.0 11.0   0.6     3   3.2 100 1002.7  10.8  12.4  10.6   MM   MM    MM
2026 09 19 14 40 100  7.0  9.0    MM    MM    MM  MM 1002.8  10.8  12.4  10.5   MM   MM    MM
2026 09 19 14 30 100  7.0  8.0    MM    MM    MM  MM 1002.8  10.7  12.4  10.3   MM   MM    MM
2026 09 19 14 20 100  6.0  8.0   0.5     3   3.1  98 1002.7  10.9  12.4  10.6   MM   MM    MM
2026 09 19 14 10 110  6.0  8.0   0.5    MM   3.1  98 1002.7  10.8  12.4  10.4   MM   MM    MM
2026 09 19 14 00 110  6.0  8.0    MM    MM    MM  MM 1002.8  10.9  12.4  10.4   MM +0.0    MM
2026 09 19 13 50 120  6.0  8.0   0.5     3   3.2 159 1002.8  11.2  12.4  10.4   MM   MM    MM
2026 09 19 13 40 140  3.0  4.0    MM    MM    MM  MM 1003.0  10.9  12.4   9.7   MM   MM    MM
2026 09 19 13 30 140  2.0  3.0    MM    MM    MM  MM 1003.0  10.9  12.4   9.7   MM   MM    MM
2026 09 19 13 20 130  2.0  3.0   0.4     3   3.1 206 1003.0  10.5  12.4   9.7   MM   MM    MM
2026 09 19 13 10 120  2.0  3.0   0.4    MM   3.1 206 1003.0  10.2  12.4   9.8   MM   MM    MM
2026 09 19 13 00 110  3.0  4.0    MM    MM    MM  MM 1003.0  10.2  12.4   9.8   MM +1.0    MM
2026 09 19 12 50 110  5.0  6.0   0.4     3   3.3 229 1003.1  10.3  12.4   9.7   MM   MM    MM
2026 09 19 12 40 110  6.0  7.0    MM    MM    MM  MM 1003.0  10.7  12.4   9.8   MM   MM    MM
2026 09 19 12 30 120  5.0  7.0    MM    MM    MM  MM 1003.0  10.8  12.4   9.7   MM   MM    MM
2026 09 19 12 20 120  5.0  7.0   0.4     3   3.3 237 1003.0  10.9  12.4   9.6   MM   MM    MM
2026 09 19 12 10 100  5.0  6.0    MM    MM    MM  MM 1003.0  11.1  12.4   9.3   MM   MM    MM
2026 09 19 12 00 110  4.0  5.0   0.4    MM   3.3 237 1003.1  11.2  12.4   8.8   MM +1.8    MM
2026 09 19 11 50  90  4.0  5.0   0.4     3   3.2 229 1003.0  11.2  12.4   8.6   MM   MM    MM
2026 09 19 11 40 110  4.0  6.0   0.4    MM   3.2 229 1003.0  11.3  12.3   8.7   MM   MM    MM
2026 09 19 11 30 120  5.0  6.0    MM    MM    MM  MM 1003.0  11.2  12.3   8.6   MM   MM    MM
2026 09 19 11 20 130  5.0  6.0   0.4     3   3.0 216 1002.9  11.0  12.3   8.6   MM   MM    MM
2026 09 19 11 10 150  4.0  6.0   0.4    MM   3.0 216 1002.9  11.4  12.3   9.1   MM   MM    MM
2026 09 19 11 00 180  5.0  6.0    MM    MM    MM  MM 1002.8  11.4  12.3   7.9   MM +3.1    MM
2026 09 19 10 50 200  6.0  7.0   0.3     8   3.4 181 1002.7  11.3  12.3   8.2   MM   MM    MM
2026 09 19 10 40 210  6.0  7.0    MM    MM    MM  MM 1002.6  11.3  12.3   8.3   MM   MM    MM
2026 09 19 10 30 200  6.0  7.0    MM    MM    MM  MM 1002.4  11.1  12.3   8.2   MM   MM    MM
2026 09 19 10 20 210  6.0  7.0   0.3     8   3.5 185 1002.3  11.0  12.3   8.5   MM   MM    MM
2026 09 19 10 10 210  5.0  7.0   0.3    MM   3.5 185 1002.2  11.0  12.3   8.8   MM   MM    MM
2026 09 19 10 00 160  3.0  6.0    MM    MM    MM  MM 1002.1  10.5  12.3   8.7   MM +3.1    MM
2026 09 19 09 50  MM  0.0  2.0   0.3     9   3.7 181 1002.0  10.3  12.3   8.4   MM   MM    MM
2026 09 19 09 40  MM  0.0  2.0   0.3    MM   3.7 181 1001.9  10.3  12.3   8.4   MM   MM    MM
2026 09 19 09 30 280  1.0  1.0    MM    MM    MM  MM 1001.7  10.2  12.3   8.3   MM   MM    MM
2026 09 19 09 20 250  2.0  2.0   0.3     8   3.8 180 1001.6  10.2  12.3   8.4   MM   MM    MM
2026 09 19 09 10 250  2.0  3.0    MM    MM    MM  MM 1001.4  10.2  12.3   8.6   MM   MM    MM
2026 09 19 09 00 270  3.0  3.0    MM    MM    MM  MM 1001.3  10.2  12.3   8.7   MM +2.7    MM
2026 09 19 08 50 270  3.0  4.0   0.4     3   3.5 279 1001.0  10.1  12.3   8.7   MM   MM    MM
2026 09 19 08 40 260  3.0  4.0    MM    MM    MM  MM 1000.8  10.1  12.3   8.9   MM   MM    MM
2026 09 19 08 30 260  3.0  4.0    MM    MM    MM  MM 1000.5  10.2  12.2   9.3   MM   MM    MM
2026 09 19 08 20 240  3.0  4.0   0.4     3   3.6 299 1000.2  10.0  12.2   9.4   MM   MM    MM
2026 09 19 08 10 230  3.0  4.0    MM    MM    MM  MM 1000.0  10.0  12.2   9.5   MM   MM    MM
2026 09 19 08 00 230  3.0  4.0    MM    MM    MM  MM  999.8   9.9  12.2   9.1   MM +1.2    MM
2026 09 19 07 50 230  2.0  3.0   0.3     3   3.5 273  999.7   9.7  12.2   8.6   MM   MM    MM
2026 09 19 07 40 230  3.0  4.0    MM    MM    MM  MM  999.5   9.5  12.2   8.4   MM   MM    MM
2026 09 19 07 30 230  3.0  4.0    MM    MM    MM  MM  999.4   9.6  12.2   9.0   MM   MM    MM
2026 09 19 07 20 250  4.0  5.0   0.3    MM   3.7 259  999.1    MM  12.2    MM   MM   MM    MM
2026 09 19 07 10 260  4.0  5.0    MM    MM    MM  MM  999.0  10.0  12.2   9.8   MM   MM    MM
2026 09 19 07 00 270  4.0  5.0    MM    MM    MM  MM  998.9  10.1  12.2   9.7   MM -0.5    MM
2026 09 19 06 50 270  3.0  4.0   0.3    MM   3.7 269  998.9    MM  12.2    MM   MM   MM    MM
2026 09 19 06 40 280  2.0  3.0    MM    MM    MM  MM  998.7   9.8  12.2   9.2   MM   MM    MM
2026 09 19 06 30 300  2.0  2.0    MM    MM    MM  MM  998.7   9.7  12.2   9.3   MM   MM    MM
2026 09 19 06 20 300  2.0  3.0   0.3     3   3.6 286  998.6   9.8  12.2   9.4   MM   MM    MM
2026 09 19 06 10 320  2.0  2.0   0.3    MM   3.6 286  998.6   9.8  12.2   9.2   MM   MM    MM
2026 09 19 06 00 350  3.0  3.0    MM    MM    MM  MM  998.5   9.7  12.2   9.0   MM -1.4    MM
2026 09 19 05 50 340  2.0  3.0   0.4     3   3.5 296  998.6   9.8  12.3   9.2   MM   MM    MM
2026 09 19 05 40 350  2.0  3.0   0.4    MM   3.5 296  998.6   9.8  12.3   9.2   MM   MM    MM
2026 09 19 05 30 360  2.0  3.0    MM    MM    MM  MM  998.5   9.7  12.3   9.1   MM   MM    MM
2026 09 19 05 20  10  3.0  4.0   0.4     4   3.5 285  998.6   9.8  12.3   9.4   MM   MM    MM
2026 09 19 05 10  20  4.0  4.0   0.4    MM   3.5 285  998.6  10.0  12.3   9.7   MM   MM    MM
2026 09 19 05 00 350  4.0  5.0    MM    MM    MM  MM  998.6  10.2  12.3  10.0   MM -1.7    MM
2026 09 19 04 50 310  4.0  5.0   0.5     3   3.4 285  998.6  10.3  12.3  10.0   MM   MM    MM
2026 09 19 04 40 310  5.0  5.0    MM    MM    MM  MM  998.7  10.2  12.3   9.7   MM   MM    MM
2026 09 19 04 30 310  5.0  6.0    MM    MM    MM  MM  998.9  10.1  12.3   9.5   MM   MM    MM
2026 09 19 04 20 310  5.0  6.0   0.5     4   3.4 286  999.1  10.2  12.3   9.5   MM   MM    MM
2026 09 19 04 10 320  5.0  6.0   0.5    MM   3.4 286  999.3  10.3  12.3   9.4   MM   MM    MM
2026 09 19 04 00 330  6.0  7.0    MM    MM    MM  MM  999.5  10.3  12.3   9.5   MM -1.5    MM
2026 09 19 03 50 320  6.0  7.0   0.6     4   3.6 296  999.5  10.5  12.3   9.8   MM   MM    MM
2026 09 19 03 40 320  6.0  7.0    MM    MM    MM  MM  999.5  10.4  12.3   9.3   MM   MM    MM
2026 09 19 03 30 330  6.0  7.0    MM    MM    MM  MM  999.5  10.5  12.4   9.3   MM   MM    MM
2026 09 19 03 20 330  6.0  7.0   0.6     4   3.6 290  999.5  10.6  12.4   9.1   MM   MM    MM
2026 09 19 03 10 340  5.0  6.0   0.6    MM   3.6 290  999.7  10.6  12.4   8.8   MM   MM    MM
2026 09 19 03 00 340  5.0  6.0    MM    MM    MM  MM  999.9  10.7  12.4   9.1   MM -2.5    MM
2026 09 19 02 50 340  6.0  6.0   0.6     4   3.4 290  999.9  10.7  12.4   9.2   MM   MM    MM
2026 09 19 02 40 330  6.0  6.0    MM    MM    MM  MM  999.9  10.8  12.4   9.2   MM   MM    MM
2026 09 19 02 30 330  5.0  7.0    MM    MM    MM  MM 1000.0  10.9  12.4   9.0   MM   MM    MM
2026 09 19 02 20 330  5.0  6.0   0.5     3   3.3 312 1000.1  10.9  12.3   8.8   MM   MM    MM
2026 09 19 02 10 330  5.0  6.0   0.5    MM   3.3 312 1000.2  10.9  12.3   8.8   MM   MM    MM
2026 09 19 02 00 320  6.0  7.0    MM    MM    MM  MM 1000.2  10.9  12.3   9.2   MM -3.6    MM
2026 09 19 01 50 330  6.0  6.0   0.5     3   3.3 322 1000.4  10.8  12.3   9.0   MM   MM    MM
2026 09 19 01 40 330  6.0  7.0    MM    MM    MM  MM 1000.5  10.9  12.3   9.2   MM   MM    MM
2026 09 19 01 30 330  6.0  7.0    MM    MM    MM  MM 1000.6  10.8  12.3   8.9   MM   MM    MM
2026 09 19 01 20 320  6.0  7.0   0.5     3   3.2 334 1000.7  10.8  12.3   9.0   MM   MM    MM
2026 09 19 01 10 320  6.0  8.0   0.5    MM   3.2 334 1000.8  10.7  12.3   8.7   MM   MM    MM
2026 09 19 01 00 320  7.0  8.0    MM    MM    MM  MM 1000.9  10.5  12.3   9.1   MM -4.6    MM
2026 09 19 00 50 320  7.0  8.0   0.5     3   3.2 328 1001.1  10.7  12.3   9.2   MM   MM    MM
2026 09 19 00 40 330  7.0  8.0    MM    MM    MM  MM 1001.3  10.8  12.3   8.8   MM   MM    MM
2026 09 19 00 30 330  7.0  8.0    MM    MM    MM  MM 1001.7  10.7  12.3   8.5   MM   MM    MM
2026 09 19 00 20 330  7.0  8.0   0.5     3   3.3 324 1001.9  10.7  12.3   8.8   MM   MM    MM
2026 09 19 00 10 330  7.0  8.0   0.5    MM   3.3 324 1002.2  10.7  12.3   8.8   MM   MM    MM
2026 09 19 00 00 330  7.0  8.0    MM    MM    MM  MM 1002.4  10.7  12.4   8.5   MM -4.8    MM
2026 09 18 23 50 330  7.0  8.0   0.5     3   3.2 324 1002.6  10.6  12.4   8.6   MM   MM    MM
2026 09 18 23 40 330  7.0  8.0    MM    MM    MM  MM 1002.8  10.5  12.4   8.6   MM   MM    MM
2026 09 18 23 30 330  7.0  8.0    MM    MM    MM  MM 1003.0  10.6  12.4   8.8   MM   MM    MM
2026 09 18 23 20 330  6.0  7.0   0.5     3   3.2 336 1003.3  10.6  12.4   8.7   MM   MM    MM
2026 09 18 23 10 330  7.0  8.0    MM    MM    MM  MM 1003.6  10.5  12.4   8.7   MM   MM    MM
2026 09 18 23 00 330  7.0  8.0    MM    MM    MM  MM 1003.8  10.6  12.4   8.7   MM -4.4    MM
2026 09 18 22 50 340  7.0  8.0   0.5     3   3.2 339 1004.1  10.4  12.4   8.5   MM   MM    MM
2026 09 18 22 40 340  7.0  8.0   0.5    MM   3.2 339 1004.5  10.5  12.4   9.0   MM   MM    MM
2026 09 18 22 30 340  7.0  8.0    MM    MM    MM  MM 1004.7  10.4  12.4   8.9   MM   MM    MM
2026 09 18 22 20 340  6.0  7.0   0.4     3   3.3  90 1005.1  10.4  12.4   9.2   MM   MM    MM
2026 09 18 22 10 350  6.0  7.0   0.4    MM   3.3  90 1005.3  10.5  12.4   9.3   MM   MM    MM
2026 09 18 22 00 360  5.0  7.0    MM    MM    MM  MM 1005.6  10.6  12.4   9.0   MM -3.4    MM
2026 09 18 21 50 360  5.0  6.0   0.5     3   3.3 103 1006.0  10.6  12.4   8.8   MM   MM    MM
2026 09 18 21 40 360  5.0  7.0   0.5    MM   3.3 103 1006.3  10.7  12.4   8.4   MM   MM    MM
2026 09 18 21 30 360  4.0  6.0    MM    MM    MM  MM 1006.5  10.7  12.4   8.2   MM   MM    MM
2026 09 18 21 20  10  5.0  6.0   0.5     3   3.4  90 1006.8  10.5  12.4   8.4   MM   MM    MM
2026 09 18 21 10  40  5.0  6.0   0.5    MM   3.4  90 1007.1  10.6  12.3   8.9   MM   MM    MM
2026 09 18 21 00  20  5.0  6.0    MM    MM    MM  MM 1007.2  10.9  12.3   8.9   MM -2.5    MM
2026 09 18 20 50  50  5.0  7.0   0.6     3   3.3  86 1007.4  11.0  12.3   7.5   MM   MM    MM
2026 09 18 20 40  40  5.0  8.0   0.6    MM   3.3  86 1007.7  11.1  12.3   7.9   MM   MM    MM
2026 09 18 20 30  50  6.0  7.0    MM    MM    MM  MM 1007.8  11.1  12.3   7.8   MM   MM    MM
2026 09 18 20 20  50  6.0  8.0   0.7     3   3.5  76 1007.9  11.0  12.3   8.1   MM   MM    MM
2026 09 18 20 10  50  6.0  8.0   0.7    MM   3.5  76 1008.1  11.1  12.2   8.2   MM   MM    MM
2026 09 18 20 00  60  7.0  9.0    MM    MM    MM  MM 1008.2  11.3  12.2   7.8   MM -2.2    MM
2026 09 18 19 50  70  8.0  9.0   0.7    MM   3.5  87 1008.3  11.3  12.2   7.7   MM   MM    MM
2026 09 18 19 40  MM   MM   MM   0.7     4   3.5  87     MM    MM    MM    MM   MM   MM    MM
2026 09 18 19 30  70  9.0 11.0    MM    MM    MM  MM 1008.5  11.3  12.3   7.7   MM   MM    MM
2026 09 18 19 20  70  9.0 11.0   0.7     4   3.4  84 1008.5  11.3  12.3   7.6   MM   MM    MM
2026 09 18 19 10  80  8.0 10.0   0.7    MM   3.4  84 1008.8  11.4  12.3   7.8   MM   MM    MM
2026 09 18 19 00  80  8.0 10.0    MM    MM    MM  MM 1009.0  11.4  12.2   7.9   MM -2.5    MM
2026 09 18 18 50  80  9.0 10.0   0.6     3   3.3  84 1009.1  11.4  12.2   7.7   MM   MM    MM
2026 09 18 18 40  80  9.0 11.0   0.6    MM   3.3  84 1009.3  11.5  12.2   7.8   MM   MM    MM
2026 09 18 18 30  80  9.0 11.0    MM    MM    MM  MM 1009.3  11.5  12.2   8.0   MM   MM    MM
2026 09 18 18 20  80  8.0 10.0   0.6     3   3.2  94 1009.5  11.4  12.2   8.2   MM   MM    MM
2026 09 18 18 10  80  8.0 10.0   0.6    MM   3.2  94 1009.6  11.3  12.2   8.4   MM   MM    MM
2026 09 18 18 00  80  8.0  9.0    MM    MM    MM  MM 1009.8  11.1  12.2   8.5   MM -2.4    MM
2026 09 18 17 50  90  8.0 10.0   0.6     3   3.2  88 1009.9  11.1  12.2   8.8   MM   MM    MM
2026 09 18 17 40  90  9.0 10.0    MM    MM    MM  MM 1010.1  11.0  12.3   8.5   MM   MM    MM
2026 09 18 17 30  90  9.0 10.0    MM    MM    MM  MM 1010.3  11.1  12.3   8.8   MM   MM    MM
2026 09 18 17 20 100  9.0 11.0   0.6     3   3.2  99 1010.4  11.1  12.3   8.6   MM   MM    MM
2026 09 18 17 10 100  9.0 11.0   0.6    MM   3.2  99 1010.5  11.1  12.3   8.5   MM   MM    MM
2026 09 18 17 00 100  9.0 10.0    MM    MM    MM  MM 1010.6  11.3  12.3   8.6   MM -2.6    MM
2026 09 18 16 50 100  8.0 11.0   0.5     3   3.2 101 1010.7  11.5  12.3   8.3   MM   MM    MM
2026 09 18 16 40 100  8.0  9.0    MM    MM    MM  MM 1010.8  11.6  12.3   8.2   MM   MM    MM
2026 09 18 16 30 110  6.0  8.0    MM    MM    MM  MM 1011.0  11.7  12.3   8.3   MM   MM    MM
2026 09 18 16 20 100  6.0  7.0   0.5     3   3.2  87 1011.2  11.7  12.3   8.2   MM   MM    MM
2026 09 18 16 10 100  6.0  7.0   0.5    MM   3.2  87 1011.3  11.8  12.3   8.3   MM   MM    MM
2026 09 18 16 00 100  6.0  7.0    MM    MM    MM  MM 1011.5  11.9  12.3   8.5   MM -2.4    MM
2026 09 18 15 50  90  5.0  7.0   0.5     3   3.2  89 1011.6  11.9  12.3   8.5   MM   MM    MM
2026 09 18 15 40  80  6.0  7.0    MM    MM    MM  MM 1011.6  11.8  12.3   8.5   MM   MM    MM
2026 09 18 15 30  70  6.0  7.0    MM    MM    MM  MM 1011.7  11.8  12.3   8.9   MM   MM    MM
2026 09 18 15 20  90  7.0  8.0   0.5     3   3.1  93 1011.9  11.8  12.3   8.4   MM   MM    MM
2026 09 18 15 10  90  7.0  9.0   0.5    MM   3.1  93 1012.0  11.9  12.3   8.4   MM   MM    MM
2026 09 18 15 00  90  6.0  8.0    MM    MM    MM  MM 1012.1  12.0  12.3   8.3   MM -2.6    MM
2026 09 18 14 50  90  7.0  8.0   0.5     3   3.3 100 1012.3  12.0  12.3   7.9   MM   MM    MM
2026 09 18 14 40  90  6.0  8.0    MM    MM    MM  MM 1012.5  12.0  12.3   8.5   MM   MM    MM
2026 09 18 14 30  90  6.0  8.0    MM    MM    MM  MM 1012.6  12.0  12.3   8.6   MM   MM    MM
2026 09 18 14 20 100  7.0  9.0   0.6     3   3.3  90 1012.7  11.8  12.4   8.7   MM   MM    MM
2026 09 18 14 10  80  6.0  7.0   0.6    MM   3.3  90 1012.9  11.7  12.3   9.3   MM   MM    MM
2026 09 18 14 00  80  7.0  8.0    MM    MM    MM  MM 1013.0  11.7  12.4   9.0   MM -2.7    MM
2026 09 18 13 50  80  6.0  8.0   0.7     3   3.3  89 1013.0  11.6  12.4   9.5   MM   MM    MM
2026 09 18 13 40  70  7.0  8.0    MM    MM    MM  MM 1013.2  11.8  12.4   9.6   MM   MM    MM
2026 09 18 13 30  80  7.0 10.0    MM    MM    MM  MM 1013.3  12.0  12.4   9.0   MM   MM    MM
2026 09 18 13 20  80  7.0  9.0   0.7     3   3.3  95 1013.5  12.0  12.4   8.7   MM   MM    MM
2026 09 18 13 10  80  7.0  9.0   0.7    MM   3.3  95 1013.6  11.9  12.4   9.1   MM   MM    MM
2026 09 18 13 00  80  7.0  9.0    MM    MM    MM  MM 1013.8  11.9  12.4   9.2   MM -2.5    MM
2026 09 18 12 50  80  8.0  9.0   0.6     4   3.3  87 1014.0  11.8  12.4   9.2   MM   MM    MM
2026 09 18 12 40  80  8.0  9.0    MM    MM    MM  MM 1014.1  12.0  12.5   9.3   MM   MM    MM
2026 09 18 12 30  80  8.0  9.0    MM    MM    MM  MM 1014.3  11.9  12.5   9.1   MM   MM    MM
2026 09 18 12 20  80  8.0  9.0   0.6     3   3.4  89 1014.3  12.0  12.5   9.4   MM   MM    MM
2026 09 18 12 10  90  8.0  9.0   0.6    MM   3.4  89 1014.4  12.0  12.5   9.3   MM   MM    MM
2026 09 18 12 00  90  7.0  9.0    MM    MM    MM  MM 1014.6  12.0  12.5   9.3   MM -2.0    MM
2026 09 18 11 50  90  7.0  8.0   0.6     3   3.3  97 1014.9  11.9  12.5   9.2   MM   MM    MM
2026 09 18 11 40  80  7.0  8.0   0.6    MM   3.3  97 1015.1  11.9  12.5   9.6   MM   MM    MM
2026 09 18 11 30  90  7.0  8.0    MM    MM    MM  MM 1015.2  11.7  12.5   9.4   MM   MM    MM
2026 09 18 11 20 100  7.0  8.0   0.5     3   3.4 103 1015.5  11.7  12.5   9.4   MM   MM    MM
2026 09 18 11 10  90  7.0  9.0   0.5    MM   3.4 103 1015.6  11.7  12.5   9.3   MM   MM    MM
2026 09 18 11 00  90  7.0  9.0    MM    MM    MM  MM 1015.7  11.8  12.5   9.5   MM -1.5    MM
2026 09 18 10 50  90  8.0  9.0   0.5     3   3.4  91 1015.8  11.8  12.5   9.5   MM   MM    MM
2026 09 18 10 40  90  8.0  9.0   0.5    MM   3.4  91 1015.9  11.9  12.5   9.4   MM   MM    MM
2026 09 18 10 30  90  8.0 10.0    MM    MM    MM  MM 1016.0  11.9  12.5   9.3   MM   MM    MM
2026 09 18 10 20  90  8.0  9.0   0.5     7   3.5 181 1016.1  12.0  12.5   9.2   MM   MM    MM
2026 09 18 10 10  90  7.0  9.0   0.5    MM   3.5 181 1016.2  11.9  12.5   9.2   MM   MM    MM
2026 09 18 10 00  90  7.0  7.0    MM    MM    MM  MM 1016.3  11.9  12.5   9.3   MM -1.4    MM
2026 09 18 09 50  90  7.0  8.0   0.5     3   3.4  96 1016.4  11.9  12.5   9.2   MM   MM    MM
2026 09 18 09 40  80  6.0  8.0    MM    MM    MM  MM 1016.5  12.0  12.5   9.6   MM   MM    MM
2026 09 18 09 30  90  7.0  8.0    MM    MM    MM  MM 1016.7  11.9  12.6   9.4   MM   MM    MM
2026 09 18 09 20  90  7.0  8.0   0.6     3   3.4 104 1016.6  11.8  12.6   9.3   MM   MM    MM
2026 09 18 09 10  90  7.0  8.0    MM    MM    MM  MM 1016.7  11.7  12.6   9.6   MM   MM    MM
2026 09 18 09 00  90  7.0  8.0    MM    MM    MM  MM 1016.8  11.6  12.5   9.8   MM -1.4    MM
2026 09 18 08 50  90  7.0  9.0   0.6     3   3.4  95 1016.8  11.5  12.5   9.9   MM   MM    MM
2026 09 18 08 40  90  8.0  9.0    MM    MM    MM  MM 1016.9  11.5  12.5   9.8   MM   MM    MM
2026 09 18 08 30  90  8.0 10.0    MM    MM    MM  MM 1017.0  11.5  12.5   9.9   MM   MM    MM
2026 09 18 08 20 100  7.0  9.0   0.6     8   3.4 173 1017.0  11.5  12.5  10.2   MM   MM    MM
2026 09 18 08 10 100  8.0  9.0    MM    MM    MM  MM 1017.3  11.4  12.5  10.1   MM   MM    MM
2026 09 18 08 00  90  8.0  9.0    MM    MM    MM  MM 1017.3  11.3  12.5  10.2   MM -1.0    MM
2026 09 18 07 50  90  7.0  9.0   0.6     7   3.5 180 1017.4  11.3  12.5  10.2   MM   MM    MM
2026 09 18 07 40  90  8.0  9.0    MM    MM    MM  MM 1017.5  11.2  12.5  10.2   MM   MM    MM
2026 09 18 07 30 100  8.0 10.0    MM    MM    MM  MM 1017.6  11.3  12.5  10.3   MM   MM    MM
2026 09 18 07 20 100  9.0 11.0   0.5     8   3.3 179 1017.7  11.3  12.5  10.2   MM   MM    MM
2026 09 18 07 10 100  8.0 10.0   0.5    MM   3.3 179 1017.9  11.4  12.5  10.3   MM   MM    MM
2026 09 18 07 00 110  8.0 10.0    MM    MM    MM  MM 1017.9  11.5  12.5  10.3   MM -0.9    MM
2026 09 18 06 50 100  8.0 10.0   0.5     8   3.4 170 1017.9  11.5  12.5  10.1   MM   MM    MM
2026 09 18 06 40 110  8.0  9.0    MM    MM    MM  MM 1018.0  11.4  12.5  10.2   MM   MM    MM
2026 09 18 06 30 100  9.0 11.0    MM    MM    MM  MM 1018.1  11.3  12.5  10.6   MM   MM    MM
2026 09 18 06 20  90  8.0 10.0   0.5     8   3.4 179 1018.1  11.1  12.5  10.7   MM   MM    MM
2026 09 18 06 10  90  8.0 10.0    MM    MM    MM  MM 1018.2  10.9  12.5  10.8   MM   MM    MM
2026 09 18 06 00  90  8.0 10.0    MM    MM    MM  MM 1018.2  11.0  12.5  10.7   MM -0.6    MM
2026 09 18 05 50 100  8.0 10.0   0.5     8   4.2 177 1018.3  11.3  12.5  10.7   MM   MM    MM
2026 09 18 05 40  90  8.0  9.0    MM    MM    MM  MM 1018.3  11.1  12.5  10.6   MM   MM    MM
2026 09 18 05 30  90  6.0  8.0    MM    MM    MM  MM 1018.3  11.0  12.5  11.0   MM   MM    MM
2026 09 18 05 20  90  6.0  7.0   0.5     8   3.6 176 1018.4  11.1  12.5  11.1   MM   MM    MM
2026 09 18 05 10  80  7.0  8.0    MM    MM    MM  MM 1018.4  11.1  12.5  11.1   MM   MM    MM
2026 09 18 05 00  80  7.0  9.0    MM    MM    MM  MM 1018.4  11.1  12.5  11.1   MM -0.7    MM
2026 09 18 04 50  80  6.0  7.0   0.6     8   3.2 186 1018.5  11.2  12.5  11.2   MM   MM    MM
2026 09 18 04 40  80  6.0  7.0    MM    MM    MM  MM 1018.6  11.2  12.5  11.2   MM   MM    MM
2026 09 18 04 30  80  6.0  8.0    MM    MM    MM  MM 1018.5  11.2  12.5  11.2   MM   MM    MM
2026 09 18 04 20  90  7.0  8.0   0.6     8   3.5 187 1018.7  11.0  12.5  11.0   MM   MM    MM
2026 09 18 04 10  90  7.0  9.0   0.6    MM   3.5 187 1018.6  11.0  12.5    MM   MM   MM    MM
2026 09 18 04 00  90  7.0  8.0    MM    MM    MM  MM 1018.7  11.0  12.5    MM   MM -0.6    MM
2026 09 18 03 50  80  7.0  8.0   0.6     8   3.6 180 1018.6  11.2  12.5  11.2   MM   MM    MM
2026 09 18 03 40 100  6.0  7.0    MM    MM    MM  MM 1018.7  11.5  12.5  11.3   MM   MM    MM
2026 09 18 03 30 100  7.0  8.0    MM    MM    MM  MM 1018.7  11.5  12.6  11.0   MM   MM    MM
2026 09 18 03 20 100  7.0  9.0   0.6     8   3.5 193 1018.7  11.3  12.6  11.0   MM   MM    MM
2026 09 18 03 10 110  8.0 10.0    MM    MM    MM  MM 1018.7  11.5  12.6  10.7   MM   MM    MM
2026 09 18 03 00 100  5.0  8.0    MM    MM    MM  MM 1018.7  11.5  12.6  11.0   MM -1.0    MM
2026 09 18 02 50 110  6.0  8.0   0.7     8   3.6 168 1018.9  11.3  12.6  10.8   MM   MM    MM
2026 09 18 02 40 110  8.0 10.0   0.7    MM   3.6 168 1018.8  11.5  12.6  10.6   MM   MM    MM
2026 09 18 02 30 110  8.0  9.0    MM    MM    MM  MM 1018.9  11.8  12.6  10.6   MM   MM    MM
2026 09 18 02 20 110  8.0  9.0   0.6     8   3.6 189 1018.9  12.1  12.6  10.6   MM   MM    MM
2026 09 18 02 10 100  7.0  8.0   0.6    MM   3.6 189 1019.0  12.1  12.6  10.6   MM   MM    MM
2026 09 18 02 00 100  7.0  9.0    MM    MM    MM  MM 1019.0  12.1  12.6  10.6   MM -1.1    MM
2026 09 18 01 50 100  7.0  8.0   0.6     8   3.8 179 1018.9  12.2  12.6  10.8   MM   MM    MM
2026 09 18 01 40 100  6.0  8.0   0.6    MM   3.8 179 1018.9  12.3  12.5  10.8   MM   MM    MM
2026 09 18 01 30 100  6.0  7.0    MM    MM    MM  MM 1019.0  12.2  12.5  10.7   MM   MM    MM
2026 09 18 01 20  90  6.0  7.0   0.6     8   3.9 183 1019.0  12.2  12.5  10.9   MM   MM    MM
2026 09 18 01 10 100  6.0  7.0   0.6    MM   3.9 183 1019.1  12.2  12.5  10.8   MM   MM    MM
2026 09 18 01 00 100  6.0  8.0    MM    MM    MM  MM 1019.3  12.2  12.5  10.6   MM -1.0    MM
2026 09 18 00 50 100  6.0  7.0   0.6     8   4.1 178 1019.3  12.2  12.5  10.6   MM   MM    MM
2026 09 18 00 40 100  6.0  8.0   0.6    MM   4.1 178 1019.3  12.2  12.5  10.6   MM   MM    MM
2026 09 18 00 30 100  6.0  9.0    MM    MM    MM  MM 1019.4  12.1  12.5  10.6   MM   MM    MM
2026 09 18 00 20 110  6.0  7.0   0.7     8   3.8 185 1019.5  12.1  12.5  10.6   MM   MM    MM
2026 09 18 00 10 110  6.0  7.0   0.7    MM   3.8 185 1019.5  12.1  12.4  10.7   MM   MM    MM
2026 09 18 00 00 110  7.0  8.0    MM    MM    MM  MM 1019.7  12.0  12.5  10.5   MM -0.5    MM
2026 09 17 23 50 110  7.0  9.0   0.7     8   3.9 181 1019.8  12.0  12.4  10.5   MM   MM    MM
2026 09 17 23 40 110  7.0  9.0   0.7    MM   3.9 181 1019.9  12.1  12.5  10.6   MM   MM    MM
2026 09 17 23 30 100  7.0  9.0    MM    MM    MM  MM 1019.8  12.1  12.5  10.6   MM   MM    MM
2026 09 17 23 20 100  7.0  9.0   0.7     8   3.9 173 1019.9  12.0  12.5  10.5   MM   MM    MM
2026 09 17 23 10 100  8.0  9.0   0.7    MM   3.9 173 1019.9  12.0  12.5  10.5   MM   MM    MM
2026 09 17 23 00 100  7.0  8.0    MM    MM    MM  MM 1020.0  12.1  12.5  10.7   MM +0.0    MM
2026 09 17 22 50 110  7.0  8.0   0.6     8   4.0 191 1020.0  12.1  12.5  10.6   MM   MM    MM
2026 09 17 22 40 100  7.0  9.0    MM    MM    MM  MM 1020.0  12.0  12.5  10.3   MM   MM    MM
2026 09 17 22 30 100  7.0  8.0    MM    MM    MM  MM 1020.0  12.0  12.5  10.3   MM   MM    MM
2026 09 17 22 20 110  7.0  8.0   0.6     8   3.8 170 1020.1  12.0  12.5  10.1   MM   MM    MM
2026 09 17 22 10 110  7.0  8.0   0.6    MM   3.8 170 1020.2  12.1  12.4  10.2   MM   MM    MM
2026 09 17 22 00 110  7.0  8.0    MM    MM    MM  MM 1020.2  12.1  12.4  10.1   MM +0.3    MM
2026 09 17 21 50 100  8.0  9.0   0.6     6   3.6 167 1020.1  12.1  12.4  10.0   MM   MM    MM
2026 09 17 21 40 110  7.0  9.0   0.6    MM   3.6 167 1020.3  12.1  12.4  10.1   MM   MM    MM
2026 09 17 21 30 100  7.0  9.0    MM    MM    MM  MM 1020.2  12.1  12.4  10.0   MM   MM    MM
2026 09 17 21 20 100  7.0  9.0   0.6     8   3.7 174 1020.2  12.1    MM  10.1   MM   MM    MM
2026 09 17 21 10 100  7.0  9.0    MM    MM    MM  MM 1020.2  12.1  12.4  10.1   MM   MM    MM
2026 09 17 21 00 100  7.0  9.0    MM    MM    MM  MM 1020.3  12.0  12.4  10.0   MM +0.4    MM
2026 09 17 20 50 100  7.0  8.0   0.6     8   3.8 175 1020.3  11.9  12.4  10.1   MM   MM    MM
2026 09 17 20 40 100  7.0  8.0    MM    MM    MM  MM 1020.3  11.8  12.4  10.0   MM   MM    MM
2026 09 17 20 30 100  8.0  9.0    MM    MM    MM  MM 1020.2  11.7  12.4   9.9   MM   MM    MM
2026 09 17 20 20 100  7.0  9.0   0.6     8   4.2 172 1020.1  11.6  12.4   9.9   MM   MM    MM
2026 09 17 20 10 100  7.0  8.0   0.6    MM   4.2 172 1020.2  11.4  12.4  10.0   MM   MM    MM
2026 09 17 20 00 100  7.0  8.0    MM    MM    MM  MM 1020.2  11.3  12.4  10.0   MM +0.6    MM
2026 09 17 19 50 100  7.0  8.0   0.6     8   3.8 173 1020.3  11.3  12.4  10.0   MM   MM    MM
2026 09 17 19 40 100  7.0  9.0   0.6    MM   3.8 173 1020.2  11.4  12.4  10.1   MM   MM    MM
2026 09 17 19 30 110  7.0  8.0    MM    MM    MM  MM 1020.1  11.4  12.4  10.1   MM   MM    MM
2026 09 17 19 20 110  7.0  8.0   0.6    MM   3.8 190 1020.1  11.5  12.4  10.1   MM   MM    MM
2026 09 17 19 10  MM   MM   MM   0.6     8   3.8 190     MM    MM    MM    MM   MM   MM    MM
2026 09 17 19 00 100  7.0  9.0    MM    MM    MM  MM 1020.0  11.5  12.4   9.6   MM +0.5    MM
2026 09 17 18 50 100  7.0  8.0   0.6     7   3.7 175 1020.1  11.3  12.4   9.9   MM   MM    MM
2026 09 17 18 40 100  7.0  9.0    MM    MM    MM  MM 1020.1  11.4  12.4   9.8   MM   MM    MM
2026 09 17 18 30 100  8.0  9.0    MM    MM    MM  MM 1019.9  11.4  12.4   9.6   MM   MM    MM
2026 09 17 18 20 100  8.0  9.0   0.7     8   3.8 166 1019.9  11.4  12.4   9.7   MM   MM    MM
2026 09 17 18 10 100  8.0  9.0   0.7    MM   3.8 166 1019.9  11.4  12.4   9.7   MM   MM    MM
2026 09 17 18 00 100  8.0  9.0    MM    MM    MM  MM 1019.8  11.4  12.4   9.9   MM +0.5    MM
2026 09 17 17 50 100  8.0 10.0   0.6     9   3.7 178 1019.8  11.3  12.4   9.8   MM   MM    MM
2026 09 17 17 40 110  8.0  9.0    MM    MM    MM  MM 1019.8  11.4  12.4   9.9   MM   MM    MM
2026 09 17 17 30 100  8.0  9.0    MM    MM    MM  MM 1019.8  11.5  12.4   9.9   MM   MM    MM
2026 09 17 17 20 100  8.0  9.0   0.6     9   3.6 175 1019.7  11.5  12.4   9.6   MM   MM    MM
2026 09 17 17 10 100  8.0  9.0   0.6    MM   3.6 175 1019.6  11.6  12.4   9.5   MM   MM    MM
2026 09 17 17 00 100  8.0 10.0    MM    MM    MM  MM 1019.5  11.6  12.4   9.5   MM +0.4    MM
2026 09 17 16 50 100  8.0  9.0   0.7     9   3.7 172 1019.6  11.6  12.5   9.5   MM   MM    MM
2026 09 17 16 40 100  8.0 10.0    MM    MM    MM  MM 1019.6  11.6  12.5   9.4   MM   MM    MM
2026 09 17 16 30 100  8.0 10.0    MM    MM    MM  MM 1019.5  11.5  12.5   9.4   MM   MM    MM
2026 09 17 16 20 100  8.0 10.0   0.7     8   3.7 184 1019.5  11.5  12.5   9.4   MM   MM    MM
2026 09 17 16 10 100  8.0 10.0    MM    MM    MM  MM 1019.5  11.6  12.5   9.7   MM   MM    MM
2026 09 17 16 00 100  8.0 10.0    MM    MM    MM  MM 1019.5  11.5  12.5   9.5   MM +0.5    MM
2026 09 17 15 50 100  8.0 10.0   0.7     3   3.7  97 1019.5  11.5  12.5   9.7   MM   MM    MM
2026 09 17 15 40 100  8.0  9.0    MM    MM    MM  MM 1019.4  11.4  12.6   9.6   MM   MM    MM
2026 09 17 15 30 100  8.0  9.0    MM    MM    MM  MM 1019.5  11.5  12.6  10.0   MM   MM    MM
2026 09 17 15 20 100  8.0 10.0   0.8     8   4.0 186 1019.4  11.4  12.6   9.9   MM   MM    MM
2026 09 17 15 10 100  8.0  9.0   0.8    MM   4.0 186 1019.4  11.4  12.6   9.9   MM   MM    MM
2026 09 17 15 00 100  8.0  9.0    MM    MM    MM  MM 1019.4  11.4  12.6   9.8   MM +0.8    MM
2026 09 17 14 50 100  8.0  9.0   0.8     8   3.9 185 1019.3  11.5  12.6   9.9   MM   MM    MM
2026 09 17 14 40 100  8.0 10.0   0.8    MM   3.9 185 1019.3  11.5  12.6  10.0   MM   MM    MM
2026 09 17 14 30 100  8.0  9.0    MM    MM    MM  MM 1019.3  11.5  12.6  10.1   MM   MM    MM
2026 09 17 14 20 100  8.0  9.0   0.7     9   3.8 196 1019.2  11.5  12.6  10.2   MM   MM    MM
2026 09 17 14 10 100  8.0 10.0    MM    MM    MM  MM 1019.2  11.5  12.6  10.3   MM   MM    MM
2026 09 17 14 00 100  8.0  9.0    MM    MM    MM  MM 1019.2  11.4  12.6  10.4   MM +0.9    MM
2026 09 17 13 50 100  8.0  9.0   0.7     4   3.6 101 1019.3  11.4  12.6  10.5   MM   MM    MM
2026 09 17 13 40 110  8.0 10.0   0.7    MM   3.6 101 1019.2  11.3  12.6  10.4   MM   MM    MM
2026 09 17 13 30 110  8.0 10.0    MM    MM    MM  MM 1019.0  11.4  12.6  10.7   MM   MM    MM
2026 09 17 13 20 110  8.0  9.0   0.7     3   3.7  85 1019.0  11.4  12.6  10.6   MM   MM    MM
2026 09 17 13 10 100  8.0 10.0   0.7    MM   3.7  85 1019.0  11.3  12.6  10.4   MM   MM    MM
2026 09 17 13 00 100  8.0 10.0    MM    MM    MM  MM 1019.0  11.4  12.6  10.5   MM +0.7    MM
2026 09 17 12 50 100  8.0 10.0   0.8     8   4.0 175 1018.9  11.4  12.6  10.5   MM   MM    MM
2026 09 17 12 40 100  8.0 10.0    MM    MM    MM  MM 1018.8  11.4  12.6  10.5   MM   MM    MM
2026 09 17 12 30 100  8.0 10.0    MM    MM    MM  MM 1018.8  11.4  12.6  10.5   MM   MM    MM
2026 09 17 12 20  90  9.0 10.0   0.8     8   4.1 164 1018.7  11.4  12.6  10.4   MM   MM    MM
2026 09 17 12 10  90  8.0 10.0    MM    MM    MM  MM 1018.7  11.4  12.6  10.5   MM   MM    MM
2026 09 17 12 00 100  8.0  9.0    MM    MM    MM  MM 1018.6  11.4  12.7  10.5   MM +0.5    MM
2026 09 17 11 50 100  9.0 10.0   0.7     4   4.0  83 1018.6  11.4  12.7  10.4   MM   MM    MM
2026 09 17 11 40 100  8.0 10.0   0.7    MM   4.0  83 1018.5  11.5  12.7  10.4   MM   MM    MM
2026 09 17 11 30 100  9.0 10.0    MM    MM    MM  MM 1018.5  11.5  12.7  10.3   MM   MM    MM
2026 09 17 11 20 100  8.0  9.0   0.7     4   3.8  76 1018.5  11.6  12.7  10.4   MM   MM    MM
2026 09 17 11 10 100  8.0 10.0   0.7    MM   3.8  76 1018.4  11.6  12.6  10.3   MM   MM    MM
2026 09 17 11 00  90  9.0 10.0    MM    MM    MM  MM 1018.3  11.6  12.5  10.3   MM +0.6    MM
2026 09 17 10 50  90  9.0 10.0   0.7     8   4.1 170 1018.4  11.6  12.5  10.2   MM   MM    MM
2026 09 17 10 40  90  9.0 10.0   0.7    MM   4.1 170 1018.4  11.6  12.5  10.2   MM   MM    MM
2026 09 17 10 30 100  8.0  9.0    MM    MM    MM  MM 1018.4  11.6  12.5  10.2   MM   MM    MM
2026 09 17 10 20 100  8.0  9.0   0.7     8   4.1 184 1018.4  11.7  12.5  10.2   MM   MM    MM
2026 09 17 10 10  90  8.0 10.0   0.7    MM   4.1 184 1018.3  11.7  12.5  10.2   MM   MM    MM
2026 09 17 10 00 100  8.0  9.0    MM    MM    MM  MM 1018.2  11.7  12.5  10.1   MM +0.7    MM
2026 09 17 09 50 100  8.0 10.0   0.7     7   4.1 171 1018.3  11.8  12.6  10.3   MM   MM    MM
2026 09 17 09 40 100  8.0 10.0    MM    MM    MM  MM 1018.2  11.8  12.6  10.3   MM   MM    MM
2026 09 17 09 30 100  7.0  9.0    MM    MM    MM  MM 1018.3  11.8  12.7  10.3   MM   MM    MM
2026 09 17 09 20 100  8.0  9.0   0.7     8   4.2 170 1018.3  11.8    MM  10.3   MM   MM    MM
2026 09 17 09 10 100  8.0  9.0    MM    MM    MM  MM 1018.2  11.9  12.7  10.2   MM   MM    MM
2026 09 17 09 00 100  8.0  9.0    MM    MM    MM  MM 1018.1  11.9  12.7  10.2   MM +0.9    MM
2026 09 17 08 50 100  8.0  9.0   0.7     8   4.3 157 1018.1  11.9  12.7  10.1   MM   MM    MM
2026 09 17 08 40 100  8.0  9.0   0.7    MM   4.3 157 1018.0  11.9  12.7  10.2   MM   MM    MM
2026 09 17 08 30 100  8.0  9.0    MM    MM    MM  MM 1017.9  11.9  12.8  10.2   MM   MM    MM
2026 09 17 08 20 100  8.0  9.0   0.8     8   4.6 176 1017.9  11.9  12.7  10.2   MM   MM    MM
2026 09 17 08 10 100  8.0  9.0   0.8    MM   4.6 176 1017.9  11.9  12.7  10.2   MM   MM    MM
2026 09 17 08 00 100  8.0  9.0    MM    MM    MM  MM 1017.8  11.9  12.7  10.3   MM +0.9    MM
2026 09 17 07 50 100  7.0  9.0   0.8     9   4.8 173 1017.8  12.0  12.7  10.6   MM   MM    MM
2026 09 17 07 40 110  7.0  9.0   0.8    MM   4.8 173 1017.8  12.1  12.7  10.6   MM   MM    MM
2026 09 17 07 30 110  8.0  9.0    MM    MM    MM  MM 1017.7  12.0  12.7  10.3   MM   MM    MM
2026 09 17 07 20 110  7.0  9.0   0.7     8   4.5 167 1017.7  12.1  12.7  10.5   MM   MM    MM
2026 09 17 07 10 100  7.0  9.0    MM    MM    MM  MM 1017.6  12.1  12.8  10.4   MM   MM    MM
2026 09 17 07 00 110  7.0  8.0    MM    MM    MM  MM 1017.6  12.1  12.8  10.4   MM +1.2    MM
2026 09 17 06 50 100  7.0  8.0   0.7     9   4.2 173 1017.6  12.2  12.8  10.6   MM   MM    MM
2026 09 17 06 40 100  8.0  9.0   0.7    MM   4.2 173 1017.4  12.2  12.8  10.6   MM   MM    MM
2026 09 17 06 30 110  7.0  8.0    MM    MM    MM  MM 1017.4  12.3  12.8  10.9   MM   MM    MM
2026 09 17 06 20 110  8.0  9.0   0.6     8   3.9 178 1017.3  12.3  12.8  10.7   MM   MM    MM
2026 09 17 06 10 110  8.0  9.0   0.6    MM   3.9 178 1017.2  12.3  12.8  10.6   MM   MM    MM
2026 09 17 06 00 100  8.0  9.0    MM    MM    MM  MM 1017.1  12.4  12.9  10.8   MM +1.0    MM
2026 09 17 05 50 100  8.0 10.0   0.6     9   4.0 159 1017.1  12.4  12.9  10.9   MM   MM    MM
2026 09 17 05 40 100  8.0  9.0    MM    MM    MM  MM 1017.0  12.5  12.9  11.0   MM   MM    MM
2026 09 17 05 30 100  7.0  8.0    MM    MM    MM  MM 1016.8  12.5  12.8  11.0   MM   MM    MM
2026 09 17 05 20 100  7.0  8.0   0.6     8   4.3 167 1016.8  12.5  12.9  11.0   MM   MM    MM
2026 09 17 05 10 100  7.0  8.0    MM    MM    MM  MM 1016.7  12.5  12.8  11.1   MM   MM    MM
2026 09 17 05 00 100  7.0  8.0    MM    MM    MM  MM 1016.7  12.6  12.8  11.3   MM +0.7    MM
2026 09 17 04 50 100  6.0  7.0   0.7     9   4.4 177 1016.7  12.6  12.8  11.3   MM   MM    MM
2026 09 17 04 40  90  6.0  7.0    MM    MM    MM  MM 1016.6  12.6  12.8  11.3   MM   MM    MM
2026 09 17 04 30 100  6.0  7.0    MM    MM    MM  MM 1016.5  12.7  12.8  11.4   MM   MM    MM
2026 09 17 04 20 100  6.0  7.0   0.7     9   5.2 174 1016.5  12.8  12.8  11.5   MM   MM    MM
2026 09 17 04 10  90  6.0  7.0   0.7    MM   5.2 174 1016.4  12.8  12.8  11.6   MM   MM    MM
2026 09 17 04 00  90  5.0  6.0    MM    MM    MM  MM 1016.3  12.8  12.8  11.8   MM +0.4    MM
2026 09 17 03 50  90  5.0  7.0   0.6     8   5.6 184 1016.3  12.8  12.8  11.6   MM   MM    MM
2026 09 17 03 40  90  6.0  7.0   0.6    MM   5.6 184 1016.2  12.9  12.8  11.6   MM   MM    MM
2026 09 17 03 30  90  6.0  7.0    MM    MM    MM  MM 1016.2  12.9  12.8  11.6   MM   MM    MM
2026 09 17 03 20  90  5.0  6.0   0.7     8   5.7 176 1016.1  12.8  12.8  11.6   MM   MM    MM
2026 09 17 03 10  80  5.0  6.0   0.7    MM   5.7 176 1016.1  13.0  12.8  11.8   MM   MM    MM
2026 09 17 03 00  90  5.0  6.0    MM    MM    MM  MM 1016.0  12.9  12.8  11.6   MM +0.3    MM
2026 09 17 02 50  90  4.0  5.0   0.7     9   5.7 185 1016.1  13.0  12.8  11.9   MM   MM    MM
2026 09 17 02 40  80  4.0  5.0    MM    MM    MM  MM 1016.1  13.0  12.8  11.6   MM   MM    MM
2026 09 17 02 30  80  5.0  6.0    MM    MM    MM  MM 1016.1  13.0  12.9  11.2   MM   MM    MM
2026 09 17 02 20 100  6.0  7.0   0.7     8   5.5 182 1016.0  13.1  12.9  11.5   MM   MM    MM
2026 09 17 02 10 100  4.0  6.0   0.7    MM   5.5 182 1015.9  13.2  12.9  11.9   MM   MM    MM
2026 09 17 02 00 110  3.0  4.0    MM    MM    MM  MM 1016.0  13.1  12.9  11.7   MM +0.3    MM
2026 09 17 01 50 100  3.0  4.0   0.6     9   5.2 178 1015.9  13.0  12.9  11.9   MM   MM    MM
2026 09 17 01 40  90  3.0  3.0   0.6    MM   5.2 178 1016.0  12.9  12.9  12.0   MM   MM    MM
2026 09 17 01 30  80  2.0  3.0    MM    MM    MM  MM 1015.9  13.0  12.9  12.1   MM   MM    MM
2026 09 17 01 20  80  2.0  3.0   0.6     9   5.3 173 1015.9  13.1  12.9  11.9   MM   MM    MM
2026 09 17 01 10 100  3.0  3.0   0.6    MM   5.3 173 1015.9  13.1  12.9  11.7   MM   MM    MM
2026 09 17 01 00 100  3.0  3.0    MM    MM    MM  MM 1015.9  13.0  12.9  11.6   MM +0.4    MM
2026 09 17 00 50 100  3.0  4.0   0.6     9   4.9 183 1015.8  13.1  12.8  11.6   MM   MM    MM
2026 09 17 00 40 120  4.0  4.0   0.6    MM   4.9 183 1015.8  13.1  12.8  11.6   MM   MM    MM
2026 09 17 00 30 120  4.0  5.0    MM    MM    MM  MM 1015.9  13.1  12.8  11.6   MM   MM    MM
2026 09 17 00 20 130  4.0  5.0   0.7     8   4.9 187 1015.8  13.1  12.8  11.6   MM   MM    MM
2026 09 17 00 10 120  4.0  5.0   0.7    MM   4.9 187 1015.7  13.1  12.8  11.5   MM   MM    MM
2026 09 17 00 00 120  4.0  5.0    MM    MM    MM  MM 1015.7  13.0  12.8  11.3   MM +0.3    MM
2026 09 16 23 50 110  4.0  5.0   0.7     8   5.1 186 1015.7  12.9  12.8  11.2   MM   MM    MM
2026 09 16 23 40 100  3.0  4.0    MM    MM    MM  MM 1015.7  12.8    MM  11.3   MM   MM    MM
2026 09 16 23 10 110  4.0  4.0   0.7    MM   5.1 184 1015.7  12.7  12.8  11.2   MM   MM    MM
2026 09 16 23 00 100  3.0  4.0    MM    MM    MM  MM 1015.7  12.6  12.8  11.4   MM +1.0    MM
2026 09 16 22 50 100  4.0  5.0   0.8     8   5.2 182 1015.7  12.8  12.8  11.4   MM   MM    MM
2026 09 16 22 40 110  4.0  5.0    MM    MM    MM  MM 1015.6  13.1  12.8  11.3   MM   MM    MM
2026 09 16 22 30 120  4.0  5.0    MM    MM    MM  MM 1015.5  13.1  12.8  11.0   MM   MM    MM
2026 09 16 22 20 130  5.0  6.0   0.8     8   5.8 181 1015.6  13.1  12.8  11.1   MM   MM    MM
2026 09 16 22 10 120  5.0  6.0    MM    MM    MM  MM 1015.6  13.1  12.8  11.1   MM   MM    MM
2026 09 16 22 00 120  5.0  6.0    MM    MM    MM  MM 1015.4  13.0  12.8  10.9   MM +1.1    MM
2026 09 16 21 50 110  5.0  7.0   0.7     9   5.5 176 1015.4  13.0  12.8  11.1   MM   MM    MM
2026 09 16 21 40 110  4.0  5.0   0.7    MM   5.5 176 1015.4  13.0  12.8  11.1   MM   MM    MM
2026 09 16 21 30 120  4.0  5.0    MM    MM    MM  MM 1015.4  13.0  12.8  11.1   MM   MM    MM
2026 09 16 21 20 120  4.0  5.0   0.7     8   5.9 186 1015.5  13.1  12.8  11.0   MM   MM    MM
2026 09 16 21 10 120  3.0  4.0   0.7    MM   5.9 186 1015.5  13.1  12.8  10.6   MM   MM    MM
2026 09 16 21 00 130  3.0  5.0    MM    MM    MM  MM 1015.4  12.8  12.8  10.5   MM +1.7    MM
2026 09 16 20 50 160  3.0  4.0   0.8     8   5.6 183 1015.4  12.9  12.9  11.2   MM   MM    MM
2026 09 16 20 40 190  3.0  4.0    MM    MM    MM  MM 1015.2  12.9  12.9  11.0   MM   MM    MM
2026 09 16 20 30 200  3.0  4.0    MM    MM    MM  MM 1015.2  12.7  12.9  10.9   MM   MM    MM
2026 09 16 20 20 200  4.0  4.0   0.8     9   5.5 181 1015.0  12.8  12.9  11.3   MM   MM    MM
2026 09 16 20 10 210  4.0  4.0   0.8    MM   5.5 181 1015.0  12.8  12.9  10.8   MM   MM    MM
2026 09 16 20 00 210  4.0  4.0    MM    MM    MM  MM 1014.7  12.7  12.9  10.7   MM +1.7    MM
2026 09 16 19 50 210  4.0  6.0   0.8     8   5.4 182 1014.6  12.7  12.9  10.9   MM   MM    MM
2026 09 16 19 40 220  5.0  6.0   0.8    MM   5.4 182 1014.6    MM    MM    MM   MM   MM    MM
2026 09 16 19 30 220  5.0  7.0    MM    MM    MM  MM 1014.5  12.6  12.8  10.6   MM   MM    MM
2026 09 16 19 20 210  5.0  6.0   0.8     8   5.5 184 1014.4  12.6  12.9  10.7   MM   MM    MM
2026 09 16 19 10 220  5.0  6.0    MM    MM    MM  MM 1014.4  12.6  12.9  10.8   MM   MM    MM
2026 09 16 19 00 220  5.0  6.0    MM    MM    MM  MM 1014.4  12.6  12.9  10.7   MM +2.2    MM
2026 09 16 18 50 220  5.0  6.0   0.8    MM   5.4 184 1014.4    MM  12.9    MM   MM   MM    MM
2026 09 16 18 40 210  4.0  4.0   0.8    MM   5.4 184 1014.2  12.6  12.8  10.9   MM   MM    MM
2026 09 16 18 30 220  4.0  5.0    MM    MM    MM  MM 1014.2  12.5  12.9  10.9   MM   MM    MM
2026 09 16 18 20 220  4.0  5.0   0.7     9   5.1 173 1014.0  12.4  12.8  11.1   MM   MM    MM
2026 09 16 18 10 230  4.0  4.0   0.7    MM   5.1 173 1013.8  12.4  12.8  10.7   MM   MM    MM
2026 09 16 18 00 250  4.0  5.0    MM    MM    MM  MM 1013.8  12.3  12.8  10.5   MM +1.7    MM
2026 09 16 17 50 240  4.0  5.0   0.7     8   4.6 181 1013.6  12.2  12.9  10.7   MM   MM    MM
2026 09 16 17 40 230  3.0  4.0    MM    MM    MM  MM 1013.7  12.3  12.9  11.2   MM   MM    MM
2026 09 16 17 30 220  3.0  4.0    MM    MM    MM  MM 1013.5  12.1  12.8  11.1   MM   MM    MM
2026 09 16 17 20 220  3.0  3.0   0.7     9   4.8 172 1013.4  12.2  12.8  11.7   MM   MM    MM
2026 09 16 17 10 230  3.0  4.0   0.7    MM   4.8 172 1013.0  12.3  12.9  11.9   MM   MM    MM
2026 09 16 17 00 220  4.0  5.0    MM    MM    MM  MM 1013.0  12.2  12.9  12.0   MM +1.7    MM
2026 09 16 16 50 230  4.0  5.0   0.8     9   4.9 163 1013.0  12.2  12.9  12.2   MM   MM    MM
2026 09 16 16 40 240  4.0  5.0    MM    MM    MM  MM 1013.0  12.2  12.8    MM   MM   MM    MM
2026 09 16 16 30 240  4.0  4.0    MM    MM    MM  MM 1012.9  12.4  12.8  12.4   MM   MM    MM
2026 09 16 16 20 240  4.0  4.0   0.8     9   4.8 172 1012.7  12.4  12.8  12.4   MM   MM    MM
2026 09 16 16 10 230  2.0  3.0   0.8    MM   4.8 172 1012.4  12.4  12.8  12.3   MM   MM    MM
2026 09 16 16 00 240  2.0  3.0    MM    MM    MM  MM 1012.2  12.4  12.8  12.3   MM +1.9    MM
2026 09 16 15 50 250  2.0  2.0   0.9     9   5.3 166 1012.1  12.5  12.8  12.5   MM   MM    MM
2026 09 16 15 40 260  3.0  4.0   0.9    MM   5.3 166 1012.1  12.6  12.8  12.5   MM   MM    MM
2026 09 16 15 30 260  4.0  5.0    MM    MM    MM  MM 1012.1  12.8  12.8  12.5   MM   MM    MM
2026 09 16 15 20 210  5.0  7.0   0.9     9   5.6 172 1012.1  12.5  12.8  11.2   MM   MM    MM
2026 09 16 15 10 210  6.0  7.0   0.9    MM   5.6 172 1012.1  12.5  12.8  11.0   MM   MM    MM
2026 09 16 15 00 220  5.0  6.0    MM    MM    MM  MM 1012.0  12.5  12.8  11.1   MM +2.3    MM
2026 09 16 14 50 200  4.0  5.0   0.9     8   5.4 178 1011.9  12.4  12.8  11.1   MM   MM    MM
2026 09 16 14 40 200  4.0  6.0   0.9    MM   5.4 178 1011.8  12.5  12.9  11.3   MM   MM    MM
2026 09 16 14 30 200  4.0  5.0    MM    MM    MM  MM 1011.7  12.6  12.9  11.6   MM   MM    MM
2026 09 16 14 20 190  4.0  5.0   0.9     9   5.2 191 1011.5  12.5  12.9  11.6   MM   MM    MM
2026 09 16 14 10 200  4.0  5.0   0.9    MM   5.2 191 1011.2  12.6  12.9  11.8   MM   MM    MM
2026 09 16 14 00 180  5.0  6.0    MM    MM    MM  MM 1011.3  12.7  12.9  11.8   MM +1.4    MM
2026 09 16 13 50 170  5.0  6.0   1.0     9   5.6 187 1011.0  12.6  12.9  12.0   MM   MM    MM
2026 09 16 13 40 190  4.0  5.0   1.0    MM   5.6 187 1010.9  12.5  12.9  12.0   MM   MM    MM
2026 09 16 13 30 190  4.0  6.0    MM    MM    MM  MM 1010.7  12.5  12.9  12.3   MM   MM    MM
2026 09 16 13 20 190  3.0  4.0   1.0     9   5.2 192 1010.7  12.5  12.9  12.3   MM   MM    MM
2026 09 16 13 10 200  4.0  6.0   1.0    MM   5.2 192 1010.6  12.5  12.9  12.2   MM   MM    MM
2026 09 16 13 00 210  5.0  6.0    MM    MM    MM  MM 1010.3  12.4  13.0  12.2   MM +0.9    MM
2026 09 16 12 50 210  5.0  6.0   1.0     9   5.0 192 1010.2  12.5  13.0  12.3   MM   MM    MM
2026 09 16 12 40 210  6.0  7.0    MM    MM    MM  MM 1010.0  12.4  13.0  12.2   MM   MM    MM
2026 09 16 12 30 210  5.0  6.0    MM    MM    MM  MM 1009.9  12.3  13.0  12.2   MM   MM    MM
2026 09 16 12 20 200  5.0  6.0   1.0     8   4.9 184 1009.9  12.3  12.9  12.3   MM   MM    MM
2026 09 16 12 10 210  5.0  6.0   1.0    MM   4.9 184 1009.9  12.4  12.9  12.3   MM   MM    MM
2026 09 16 12 00 220  6.0  8.0    MM    MM    MM  MM 1009.8  12.4  12.9  12.3   MM +1.1    MM
2026 09 16 11 50 210  7.0  8.0   1.0     8   4.6 184 1009.8  12.4  12.8  12.4   MM   MM    MM
2026 09 16 11 40 220  7.0  8.0    MM    MM    MM  MM 1009.7  12.4  12.9  12.4   MM   MM    MM
2026 09 16 11 30 230  7.0  9.0    MM    MM    MM  MM 1009.8  12.4  12.9  12.4   MM   MM    MM
2026 09 16 11 20 220  8.0  9.0   1.1     8   4.7 190 1009.9  12.4  12.9  12.4   MM   MM    MM
2026 09 16 11 10 220  7.0  9.0   1.1    MM   4.7 190 1009.9  12.5  12.9  12.5   MM   MM    MM
2026 09 16 11 00 230  6.0  8.0    MM    MM    MM  MM 1009.9  12.5  12.9  12.5   MM +1.1    MM
2026 09 16 10 50 230  7.0  9.0   1.1     8   4.5 188 1009.7  12.5  12.9  12.5   MM   MM    MM
2026 09 16 10 40 240  6.0  7.0    MM    MM    MM  MM 1009.7  12.4  12.9    MM   MM   MM    MM
2026 09 16 10 30 240  5.0  7.0    MM    MM    MM  MM 1009.6  12.4  12.9    MM   MM   MM    MM
2026 09 16 10 20 240  6.0  7.0   1.1     5   4.2 213 1009.5  12.5  12.9    MM   MM   MM    MM
2026 09 16 10 10 240  6.0  8.0   1.1    MM   4.2 213 1009.3  12.4  12.9    MM   MM   MM    MM
2026 09 16 10 00 250  6.0  8.0    MM    MM    MM  MM 1009.4  12.2  12.9    MM   MM -0.0    MM
2026 09 16 09 50 250  6.0  6.0   1.2     4   4.0 217 1009.3  12.2  12.9    MM   MM   MM    MM
2026 09 16 09 40 250  6.0  8.0    MM    MM    MM  MM 1009.1  12.3  12.8    MM   MM   MM    MM
2026 09 16 09 30 250  7.0  9.0    MM    MM    MM  MM 1009.0  12.3  12.8    MM   MM   MM    MM
2026 09 16 09 20 230  9.0 11.0   1.0     6   4.0 185 1009.0  12.6  12.8    MM   MM   MM    MM
2026 09 16 09 10 220 10.0 12.0   1.0    MM   4.0 185 1008.9  12.6  12.8    MM   MM   MM    MM
2026 09 16 09 00 220 10.0 12.0    MM    MM    MM  MM 1008.8  12.6  12.8    MM   MM -2.2    MM
2026 09 16 08 50 210  9.0 11.0   1.0     5   4.1 179 1008.8  12.7  12.8    MM   MM   MM    MM
2026 09 16 08 40 210 10.0 11.0    MM    MM    MM  MM 1008.8  12.7  12.8  12.7   MM   MM    MM
2026 09 16 08 30 210  9.0 11.0    MM    MM    MM  MM 1008.7  12.6  12.8    MM   MM   MM    MM
2026 09 16 08 20 210  8.0 11.0   1.1     5   4.1 178 1008.5  12.6  12.8    MM   MM   MM    MM
2026 09 16 08 10 210  7.0  9.0    MM    MM    MM  MM 1008.8  12.7  12.8    MM   MM   MM    MM
2026 09 16 08 00 210  7.0 10.0    MM    MM    MM  MM 1008.8  12.9  12.8    MM   MM -2.9    MM
2026 09 16 07 50 190 11.0 15.0   1.3     5   4.2 179 1008.8  13.0  12.8    MM   MM   MM    MM
2026 09 16 07 40 180 11.0 14.0    MM    MM    MM  MM 1008.8  13.1  12.9    MM   MM   MM    MM
2026 09 16 07 30 180 12.0 14.0    MM    MM    MM  MM 1008.8  13.1  12.9    MM   MM   MM    MM
2026 09 16 07 20 170 13.0 15.0   1.3     5   4.1 181 1008.9  13.2  12.9    MM   MM   MM    MM
2026 09 16 07 10 170 13.0 15.0   1.3    MM   4.1 181 1009.1  13.2  13.0    MM   MM   MM    MM
2026 09 16 07 00 170 13.0 15.0    MM    MM    MM  MM 1009.4  13.3  13.0    MM   MM -3.4    MM
2026 09 16 06 50 170 12.0 16.0   1.3     5   4.1 175 1009.5  13.4  13.0  13.4   MM   MM    MM
2026 09 16 06 40 160 13.0 16.0    MM    MM    MM  MM 1009.8  13.5  13.0  13.4   MM   MM    MM
2026 09 16 06 30 160 13.0 16.0    MM    MM    MM  MM 1010.1  13.5  13.0  13.4   MM   MM    MM
2026 09 16 06 20 160 13.0 15.0   1.1     4   3.9 174 1010.2  13.5  13.0  13.4   MM   MM    MM
2026 09 16 06 10 160 12.0 15.0   1.1    MM   3.9 174 1010.4  13.6  13.0  13.5   MM   MM    MM
2026 09 16 06 00 160 12.0 14.0    MM    MM    MM  MM 1010.7  13.6  13.0  13.5   MM -2.9    MM
2026 09 16 05 50 160 11.0 14.0   1.1     4   3.8 178 1010.7  13.5  13.0  13.5   MM   MM    MM
2026 09 16 05 40 160 12.0 14.0   1.1    MM   3.8 178 1011.1  13.4  13.1    MM   MM   MM    MM
2026 09 16 05 30 160 11.0 14.0    MM    MM    MM  MM 1011.4  13.5  13.1    MM   MM   MM    MM
2026 09 16 05 20 160 12.0 14.0   1.0     4   3.6 174 1011.4  13.3  13.1    MM   MM   MM    MM
2026 09 16 05 10 170 10.0 13.0   1.0    MM   3.6 174 1011.7  13.1  13.1    MM   MM   MM    MM
2026 09 16 05 00 160 10.0 13.0    MM    MM    MM  MM 1011.9  13.0  13.1    MM   MM -2.9    MM
2026 09 16 04 50 160 11.0 13.0   1.0     4   3.6 164 1011.9  13.1  13.1    MM   MM   MM    MM
2026 09 16 04 40 160 11.0 14.0   1.0    MM   3.6 164 1012.2  13.1  13.1    MM   MM   MM    MM
2026 09 16 04 30 160 11.0 13.0    MM    MM    MM  MM 1012.4  13.1  13.0    MM   MM   MM    MM
2026 09 16 04 20 160 10.0 12.0   1.0     4   3.5 130 1012.8  13.1  13.0    MM   MM   MM    MM
2026 09 16 04 10 160 11.0 12.0   1.0    MM   3.5 130 1013.0  13.1  13.0    MM   MM   MM    MM
2026 09 16 04 00 160 10.0 13.0    MM    MM    MM  MM 1013.2  13.0  13.0    MM   MM -3.1    MM
2026 09 16 03 50 160 11.0 13.0   1.0     4   3.4 140 1013.3  13.0  12.9    MM   MM   MM    MM
2026 09 16 03 40 160 10.0 12.0    MM    MM    MM  MM 1013.4  13.0  12.9    MM   MM   MM    MM
2026 09 16 03 30 160 11.0 14.0    MM    MM    MM  MM 1013.6  13.0  13.0    MM   MM   MM    MM
2026 09 16 03 20 160 11.0 14.0   1.0     4   3.4  99 1013.7  13.0  13.0    MM   MM   MM    MM
2026 09 16 03 10 160 10.0 12.0   1.0    MM   3.4  99 1013.8  13.0  13.0    MM   MM   MM    MM
2026 09 16 03 00 160 10.0 11.0    MM    MM    MM  MM 1013.9  12.9  13.0    MM   MM -3.3    MM
2026 09 16 02 50 160  9.0 11.0   0.8     4   3.4  89 1014.0  13.0  13.0    MM   MM   MM    MM
2026 09 16 02 40 140  8.0 11.0    MM    MM    MM  MM 1014.3  12.9  13.0    MM   MM   MM    MM
2026 09 16 02 30 110  8.0 10.0    MM    MM    MM  MM 1014.2  12.9  13.0    MM   MM   MM    MM
2026 09 16 02 20 110  8.0 10.0   0.8     4   3.4  87 1014.5  12.9  13.0    MM   MM   MM    MM
2026 09 16 02 10 120  7.0 10.0    MM    MM    MM  MM 1014.7  12.8  13.0    MM   MM   MM    MM
2026 09 16 02 00 120  7.0  9.0    MM    MM    MM  MM 1014.8  12.7  13.0    MM   MM -3.2    MM
2026 09 16 01 50 110  7.0 10.0   0.8     4   3.6  87 1015.0  12.6  13.0    MM   MM   MM    MM
2026 09 16 01 40 110  8.0 10.0    MM    MM    MM  MM 1015.1  12.6  13.0    MM   MM   MM    MM
2026 09 16 01 30 110  8.0 10.0    MM    MM    MM  MM 1015.3  12.6  13.0    MM   MM   MM    MM
2026 09 16 01 20 110  9.0 11.0   0.8     4   3.5  87 1015.7  12.6  13.0    MM   MM   MM    MM
2026 09 16 01 10 110  7.0  9.0    MM    MM    MM  MM 1015.9  12.4  13.0    MM   MM   MM    MM
2026 09 16 01 00 100  9.0 11.0    MM    MM    MM  MM 1016.0  12.4  12.9    MM   MM -2.2    MM
2026 09 16 00 50 110  9.0 10.0   0.7     4   3.5  74 1016.1  12.6    MM    MM   MM   MM    MM
2026 09 16 00 40 100  7.0 10.0   0.7    MM   3.5  74 1016.5  12.6  12.9  12.6   MM   MM    MM
2026 09 16 00 30 100  6.0  8.0    MM    MM    MM  MM 1016.5  12.5  12.9  12.5   MM   MM    MM
2026 09 16 00 20  90  7.0  9.0   0.7     4   3.5  85 1016.6  12.5  12.9  12.4   MM   MM    MM
2026 09 16 00 10 120  5.0  8.0   0.7    MM   3.5  85 1017.0  12.6  12.9  12.2   MM   MM    MM
2026 09 16 00 00 120  5.0  7.0    MM    MM    MM  MM 1017.2  12.4  12.8  12.3   MM -1.6    MM
2026 09 15 23 50 110  6.0  8.0   0.7     4   3.4  96 1017.4  12.4  12.9  12.4   MM   MM    MM
2026 09 15 23 40 110  6.0  8.0   0.7    MM   3.4  96 1017.4  12.3  12.8    MM   MM   MM    MM
2026 09 15 23 20 120  4.0  7.0   0.7     4   3.3 100 1017.4  12.3  12.9    MM   MM   MM    MM
2026 09 15 23 10 120  6.0  8.0   0.7    MM   3.3 100 1017.9    MM    MM    MM   MM   MM    MM
2026 09 15 23 00 100  7.0  8.0    MM    MM    MM  MM 1017.8  12.2  12.9    MM   MM -1.2    MM
2026 09 15 22 50 100  7.0  9.0   0.7     4   3.4 100 1017.9  12.1  12.9    MM   MM   MM    MM
2026 09 15 22 40 110  7.0  9.0    MM    MM    MM  MM 1018.0  12.1  12.9    MM   MM   MM    MM
2026 09 15 22 30 110  8.0  9.0   0.7    MM   3.4 100 1018.2  12.0  12.8    MM   MM   MM    MM
2026 09 15 22 20 100  8.0 10.0   0.6     3   3.4 101 1018.2  11.9  12.8    MM   MM   MM    MM
2026 09 15 22 10 100  9.0 11.0   0.6    MM   3.4 101 1018.2  12.0  12.8    MM   MM   MM    MM
2026 09 15 22 00 110  9.0 11.0    MM    MM    MM  MM 1018.3  12.0  12.8    MM   MM -1.3    MM
2026 09 15 21 50 110 10.0 12.0   0.6     4   3.3 102 1018.4  12.0  12.8    MM   MM   MM    MM
2026 09 15 21 40 110 10.0 12.0   0.6    MM   3.3 102 1018.3  11.9  12.8    MM   MM   MM    MM
2026 09 15 21 30 110 10.0 11.0    MM    MM    MM  MM 1018.6  11.9  12.8    MM   MM   MM    MM
2026 09 15 21 20 110  9.0 11.0   0.6     4   3.3 103 1018.7  11.9  12.8    MM   MM   MM    MM
2026 09 15 21 10 100  9.0 11.0   0.6    MM   3.3 103 1018.7  11.9  12.8    MM   MM   MM    MM
2026 09 15 21 00 100  9.0 10.0    MM    MM    MM  MM 1018.8  11.8  12.8    MM   MM -1.2    MM
2026 09 15 20 50 100  9.0 11.0   0.6     3   3.2 104 1018.6  11.8  12.7    MM   MM   MM    MM
2026 09 15 20 40 100 10.0 12.0    MM    MM    MM  MM 1018.7  11.8  12.7    MM   MM   MM    MM
2026 09 15 20 30 100 10.0 12.0    MM    MM    MM  MM 1018.8  11.9  12.7  11.9   MM   MM    MM
2026 09 15 20 20 110 10.0 11.0   0.6     3   3.3  98 1019.2  11.9  12.7  11.9   MM   MM    MM
2026 09 15 20 10 100  9.0 12.0   0.6    MM   3.3  98 1019.2  11.9  12.8  11.9   MM   MM    MM
2026 09 15 20 00 100  9.0 11.0    MM    MM    MM  MM 1019.2  11.8  12.8  11.8   MM -1.3    MM
2026 09 15 19 50  90  9.0 11.0   0.5     3   3.1 103 1019.3  11.7  12.8  11.7   MM   MM    MM
2026 09 15 19 40  90  9.0 10.0   0.5    MM   3.1 103 1019.5  11.7  12.8  11.7   MM   MM    MM
2026 09 15 19 30  90  8.0 11.0    MM    MM    MM  MM 1019.5  11.7  12.8  11.7   MM   MM    MM
2026 09 15 19 20  90  8.0  9.0   0.5     3   3.1 103 1019.7  11.7  12.8    MM   MM   MM    MM
2026 09 15 19 10 100  8.0 10.0   0.5    MM   3.1 103 1019.7  11.7  12.8    MM   MM   MM    MM
2026 09 15 19 00 100  7.0 10.0    MM    MM    MM  MM 1019.6  11.8    MM    MM   MM -0.4    MM
2026 09 15 18 50 100  8.0  9.0   0.5     3   3.2 101 1019.6  11.8  12.7    MM   MM   MM    MM
2026 09 15 18 40 100  8.0  9.0    MM    MM    MM  MM 1019.5  11.8  12.7    MM   MM   MM    MM
2026 09 15 18 30 100  8.0  9.0    MM    MM    MM  MM 1019.6  11.7  12.7    MM   MM   MM    MM
2026 09 15 18 20 100  8.0  9.0   0.4    MM   3.1 103 1019.8  11.7  12.7    MM   MM   MM    MM
2026 09 15 18 10  MM   MM   MM   0.4     3   3.1 103     MM    MM    MM    MM   MM   MM    MM
2026 09 15 18 00  90  7.0  8.0    MM    MM    MM  MM 1020.0  11.8  12.7    MM   MM +0.0    MM
2026 09 15 17 50  90  7.0  8.0   0.4     3   3.1  91 1020.1  11.8  12.7    MM   MM   MM    MM
2026 09 15 17 40 100  7.0  8.0   0.4    MM   3.1  91 1020.4  11.7  12.7    MM   MM   MM    MM
2026 09 15 17 30 100  7.0  8.0    MM    MM    MM  MM 1020.2  11.7  12.7    MM   MM   MM    MM
2026 09 15 17 20 100  6.0  8.0   0.4     3   3.1  97 1020.2  11.8  12.7    MM   MM   MM    MM
2026 09 15 17 10 100  6.0  8.0    MM    MM    MM  MM 1020.2  11.8  12.7    MM   MM   MM    MM
2026 09 15 17 00 100  6.0  7.0    MM    MM    MM  MM 1020.3  11.8  12.7    MM   MM +0.4    MM
2026 09 15 16 50 110  6.0  7.0   0.4     3   3.0 104 1020.3  11.8  12.7  11.8   MM   MM    MM
2026 09 15 16 40 110  6.0  7.0   0.4    MM   3.0 104 1020.1  11.8  12.7  11.8   MM   MM    MM
2026 09 15 16 30 110  6.0  7.0    MM    MM    MM  MM 1020.1  11.8  12.6  11.8   MM   MM    MM
2026 09 15 16 20 110  6.0  8.0   0.4     3   3.0 103 1020.1  11.9  12.6  11.9   MM   MM    MM
2026 09 15 16 10 110  6.0  8.0   0.4    MM   3.0 103 1020.1  12.1  12.6  12.0   MM   MM    MM
2026 09 15 16 00 110  7.0  8.0    MM    MM    MM  MM 1019.9  12.1  12.6  11.8   MM +0.0    MM
2026 09 15 15 50 100  6.0  8.0   0.4     3   3.1 102 1019.9  12.0  12.6  11.8   MM   MM    MM
2026 09 15 15 40 110  6.0  7.0    MM    MM    MM  MM 1019.8  12.1  12.6  11.8   MM   MM    MM
2026 09 15 15 30 110  6.0  6.0    MM    MM    MM  MM 1019.7  12.0  12.6  11.7   MM   MM    MM
2026 09 15 15 20 100  5.0  6.0   0.4     2   2.9 103 1019.6  12.0  12.6  11.7   MM   MM    MM
2026 09 15 15 10 100  5.0  6.0   0.4    MM   2.9 103 1019.5  12.0  12.6  11.7   MM   MM    MM
2026 09 15 15 00  90  5.0  6.0    MM    MM    MM  MM 1019.9  12.0  12.7  11.9   MM -0.8    MM
2026 09 15 14 50  90  5.0  6.0   0.5     3   3.0 111 1019.7  12.1  12.6  12.0   MM   MM    MM
2026 09 15 14 40 100  5.0  6.0   0.5    MM   3.0 111 1019.8  12.1  12.6  11.8   MM   MM    MM
2026 09 15 14 30 100  6.0  8.0    MM    MM    MM  MM 1019.8  12.1  12.6  11.8   MM   MM    MM
2026 09 15 14 20 120  5.0  7.0   0.5     3   3.1 138 1019.9  12.0  12.7  11.8   MM   MM    MM
2026 09 15 14 10 120  4.0  6.0   0.5    MM   3.1 138 1019.8  12.0  12.7  11.8   MM   MM    MM
2026 09 15 14 00 110  5.0  6.0    MM    MM    MM  MM 1019.8  12.1  12.7  11.8   MM -1.1    MM
2026 09 15 13 50 100  6.0  7.0   0.4     3   3.1 105 1019.7  12.1  12.8  11.8   MM   MM    MM
2026 09 15 13 40  90  5.0  7.0    MM    MM    MM  MM 1019.6  12.0  12.8  11.8   MM   MM    MM
2026 09 15 13 30 100  6.0  7.0    MM    MM    MM  MM 1019.9  12.0  12.8  11.9   MM   MM    MM
2026 09 15 13 20 100  6.0  8.0   0.4     8   3.4 177 1019.7  12.0  12.8  12.0   MM   MM    MM
2026 09 15 13 10 100  7.0  8.0    MM    MM    MM  MM 1019.8  12.0  12.8  11.9   MM   MM    MM
2026 09 15 13 00 100  6.0  8.0    MM    MM    MM  MM 1020.1  12.1  12.8  12.1   MM -1.4    MM
2026 09 15 12 50 110  5.0  7.0   0.3     8   3.6 197 1020.2  12.0  12.8  12.0   MM   MM    MM
2026 09 15 12 40 120  3.0  5.0    MM    MM    MM  MM 1020.4  11.8  12.8  11.8   MM   MM    MM
2026 09 15 12 30  40  1.0  2.0    MM    MM    MM  MM 1020.7  11.8  12.8  11.8   MM   MM    MM
2026 09 15 12 20 290  1.0  2.0   0.3     7   4.1 188 1020.7  11.7  12.8  11.7   MM   MM    MM
2026 09 15 12 10 260  1.0  1.0    MM    MM    MM  MM 1020.7  11.6  12.8  11.6   MM   MM    MM
2026 09 15 12 00 240  2.0  2.0    MM    MM    MM  MM 1020.7  11.6  12.8  11.6   MM +0.0    MM
2026 09 15 11 50 200  1.0  2.0   0.3    15   4.3 212 1020.7  11.5  12.8  11.5   MM   MM    MM
2026 09 15 11 40 170  1.0  2.0   0.3    MM   4.3 212 1020.9  11.5  12.8    MM   MM   MM    MM
2026 09 15 11 30 140  1.0  2.0    MM    MM    MM  MM 1020.8  11.6  12.8    MM   MM   MM    MM
2026 09 15 11 20 150  2.0  2.0   0.3    14   5.3 160 1020.9  11.5  12.8    MM   MM   MM    MM
2026 09 15 11 10 130  2.0  2.0    MM    MM    MM  MM 1021.1  11.5  12.8    MM   MM   MM    MM
2026 09 15 11 00 130  2.0  2.0    MM    MM    MM  MM 1021.0  11.5  12.8    MM   MM -0.4    MM
2026 09 15 10 50 140  1.0  2.0   0.2    MM   5.2  MM 1021.1  11.5  12.8    MM   MM   MM    MM
2026 09 15 10 40 160  1.0  2.0    MM    MM    MM  MM 1021.2  11.4  12.8    MM   MM   MM    MM
2026 09 15 10 30 150  2.0  3.0    MM    MM    MM  MM 1021.1  11.5  12.8    MM   MM   MM    MM
2026 09 15 10 20 130  3.0  3.0   0.2    MM   5.1  MM 1021.3  11.6  12.8    MM   MM   MM    MM
2026 09 15 10 10 130  3.0  3.0   0.2    MM   5.1  MM 1021.4  11.6  12.7    MM   MM   MM    MM
2026 09 15 10 00 120  2.0  3.0    MM    MM    MM  MM 1021.4  11.5  12.7    MM   MM -0.0    MM
2026 09 15 09 50 110  3.0  3.0   0.2    MM   5.5  MM 1021.5  11.5  12.8    MM   MM   MM    MM
2026 09 15 09 40  MM   MM   MM   0.2    MM   5.5  MM     MM    MM    MM    MM   MM   MM    MM
2026 09 15 09 30  80  4.0  5.0    MM    MM    MM  MM 1021.0  11.6  12.8    MM   MM   MM    MM
2026 09 15 09 20  70  4.0  6.0   0.3    14   5.9 162 1020.8  11.6  12.8    MM   MM   MM    MM
2026 09 15 09 10  70  4.0  5.0   0.3    MM   5.9 162 1020.6  11.5  12.8    MM   MM   MM    MM
2026 09 15 09 00  70  4.0  5.0    MM    MM    MM  MM 1020.7  11.5  12.8    MM   MM -0.6    MM
2026 09 15 08 50  70  3.0  4.0   0.3     7   5.1 179 1021.1  11.5  12.8    MM   MM   MM    MM
2026 09 15 08 40  70  3.0  4.0   0.3    MM   5.1 179 1021.2  11.5  12.8    MM   MM   MM    MM
2026 09 15 08 30  70  3.0  4.0    MM    MM    MM  MM 1021.3  11.5  12.8    MM   MM   MM    MM
2026 09 15 08 20  80  3.0  3.0   0.2    MM   4.1  MM 1021.3  11.5  12.9    MM   MM   MM    MM
2026 09 15 08 10  90  2.0  3.0    MM    MM    MM  MM 1021.5  11.6  12.9  11.6   MM   MM    MM
2026 09 15 08 00  90  2.0  3.0    MM    MM    MM  MM 1021.4  11.6  12.9  11.6   MM +0.3    MM
2026 09 15 07 50  80  2.0  3.0   0.2    MM   4.0  MM 1021.4  11.7  12.9  11.7   MM   MM    MM
2026 09 15 07 40  80  2.0  3.0   0.2    MM   4.0  MM 1021.4  11.6  12.8  11.6   MM   MM    MM
2026 09 15 07 30  80  2.0  2.0    MM    MM    MM  MM 1021.4  11.6  12.8  11.6   MM   MM    MM
2026 09 15 07 20  60  2.0  3.0   0.3    MM   4.2 146 1021.4  11.5  12.8  11.5   MM   MM    MM
2026 09 15 07 10  MM   MM   MM   0.3    15   4.2 146     MM    MM    MM    MM   MM   MM    MM
2026 09 15 07 00  60  1.0  2.0    MM    MM    MM  MM 1021.4  11.5  12.6    MM   MM +0.5    MM
2026 09 15 06 50  40  1.0  2.0   0.2    MM   4.1  MM 1021.5  11.4  12.8    MM   MM   MM    MM
2026 09 15 06 40  80  2.0  3.0    MM    MM    MM  MM 1021.5  11.4  12.8    MM   MM   MM    MM
2026 09 15 06 30 140  2.0  2.0    MM    MM    MM  MM 1021.4  11.4  12.9    MM   MM   MM    MM
2026 09 15 06 20 170  3.0  3.0   0.3    MM   4.3 204 1021.4    MM  12.9    MM   MM   MM    MM
2026 09 15 06 10 170  3.0  3.0   0.3    MM   4.3 204 1021.3  11.5  12.9    MM   MM   MM    MM
2026 09 15 06 00 170  4.0  4.0    MM    MM    MM  MM 1021.3  11.4  12.9    MM   MM +0.8    MM
2026 09 15 05 50 170  4.0  5.0   0.2    MM   3.6  MM 1021.4    MM  12.9    MM   MM   MM    MM
2026 09 15 05 40 180  4.0  5.0   0.2    MM   3.6  MM 1021.5  11.4  13.0    MM   MM   MM    MM
2026 09 15 05 30 180  5.0  6.0    MM    MM    MM  MM 1021.5  11.5  12.9    MM   MM   MM    MM
2026 09 15 05 20 180  4.0  5.0   0.2    MM   4.0  MM 1021.5  11.4  12.9    MM   MM   MM    MM
2026 09 15 05 10 170  4.0  5.0   0.2    MM   4.0  MM 1021.2  11.4  12.9    MM   MM   MM    MM
2026 09 15 05 00 170  4.0  4.0    MM    MM    MM  MM 1021.2  11.4  12.9    MM   MM +0.8    MM
2026 09 15 04 50 170  4.0  5.0   0.2    MM   4.1  MM 1021.2  11.4  12.9    MM   MM   MM    MM
2026 09 15 04 40 170  4.0  5.0    MM    MM    MM  MM 1021.1  11.3  12.9    MM   MM   MM    MM
2026 09 15 04 30 170  4.0  5.0    MM    MM    MM  MM 1021.0  11.4  12.8    MM   MM   MM    MM
2026 09 15 04 20 180  4.0  4.0   0.2    MM   4.6  MM 1021.0  11.3  12.9    MM   MM   MM    MM
2026 09 15 04 10 170  4.0  4.0   0.2    MM   4.6  MM 1021.0  11.3  13.0    MM   MM   MM    MM
2026 09 15 04 00 170  3.0  4.0    MM    MM    MM  MM 1020.9  11.3  12.9    MM   MM +0.4    MM
2026 09 15 03 50 170  3.0  4.0   0.2    MM   5.4  MM 1020.9  11.2  12.8    MM   MM   MM    MM
2026 09 15 03 40 170  3.0  4.0    MM    MM    MM  MM 1020.8  11.2  12.8    MM   MM   MM    MM
2026 09 15 03 30 180  3.0  4.0    MM    MM    MM  MM 1020.8  11.2  12.8    MM   MM   MM    MM
2026 09 15 03 20 170  3.0  4.0   0.3     8   6.8 169 1020.7  11.2  12.8    MM   MM   MM    MM
2026 09 15 03 10 160  2.0  3.0   0.3    MM   6.8 169 1020.6  11.0  12.8    MM   MM   MM    MM
2026 09 15 03 00 150  1.0  2.0    MM    MM    MM  MM 1020.5  10.9  12.7    MM   MM +0.0    MM
2026 09 15 02 50 150  2.0  2.0   0.3     7   6.9 168 1020.4  10.9  12.8    MM   MM   MM    MM
2026 09 15 02 40 150  2.0  3.0   0.3    MM   6.9 168 1020.4  10.7  12.7    MM   MM   MM    MM
2026 09 15 02 30 150  2.0  3.0    MM    MM    MM  MM 1020.4  10.7  12.7    MM   MM   MM    MM
2026 09 15 02 20 130  2.0  3.0   0.3     8   6.8 170 1020.4  10.7  12.9    MM   MM   MM    MM
2026 09 15 02 10 120  2.0  3.0   0.3    MM   6.8 170 1020.3  10.8  12.8  10.8   MM   MM    MM
2026 09 15 02 00 120  2.0  3.0    MM    MM    MM  MM 1020.3  10.8  12.9  10.8   MM -0.4    MM
2026 09 15 01 50 110  2.0  3.0   0.3     7   6.7 175 1020.3  10.8  12.8  10.8   MM   MM    MM
2026 09 15 01 40 100  2.0  3.0   0.3    MM   6.7 175 1020.4  10.8  12.8  10.8   MM   MM    MM
2026 09 15 01 30 110  2.0  3.0    MM    MM    MM  MM 1020.4  10.8  12.8  10.8   MM   MM    MM
2026 09 15 01 20 100  2.0  3.0   0.3     8   6.8 177 1020.4  10.7  12.8  10.7   MM   MM    MM
2026 09 15 01 10  90  1.0  2.0   0.3    MM   6.8 177 1020.4  10.6  12.8  10.6   MM   MM    MM
2026 09 15 01 00 120  2.0  3.0    MM    MM    MM  MM 1020.5  10.7  12.9  10.6   MM -0.4    MM
2026 09 15 00 50 110  2.0  3.0   0.3     7   7.1 188 1020.6  10.8  13.0  10.6   MM   MM    MM
2026 09 15 00 40 120  1.0  2.0   0.3    MM   7.1 188 1020.6  10.9  13.0  10.6   MM   MM    MM
2026 09 15 00 30 140  2.0  2.0    MM    MM    MM  MM 1020.4  10.9  13.0  10.5   MM   MM    MM
2026 09 15 00 20 150  1.0  2.0   0.3     7   6.6 187 1020.4  10.9  13.0  10.5   MM   MM    MM
2026 09 15 00 10 140  1.0  2.0   0.3    MM   6.6 187 1020.7  10.9  12.9  10.5   MM   MM    MM
2026 09 15 00 00 160  1.0  2.0    MM    MM    MM  MM 1020.7  10.9    MM  10.5   MM +0.0    MM
2026 09 14 23 50 160  1.0  2.0   0.3     7   6.3 188 1020.7  10.9  12.8  10.5   MM   MM    MM
2026 09 14 23 40 160  1.0  2.0    MM    MM    MM  MM 1020.8  10.9  12.7  10.6   MM   MM    MM
2026 09 14 23 20 170  1.0  2.0   0.3     7   6.4 189 1021.0  10.8  12.7  10.7   MM   MM    MM
2026 09 14 23 10 150  2.0  2.0    MM    MM    MM  MM 1020.8  10.8  12.7  10.8   MM   MM    MM
2026 09 14 23 00 150  2.0  3.0    MM    MM    MM  MM 1020.7  10.8  12.7  10.8   MM +0.4    MM
2026 09 14 22 50 160  2.0  2.0   0.3     7   6.3 180 1020.7  10.9  12.7  10.9   MM   MM    MM
2026 09 14 22 40 170  1.0  2.0   0.3    MM   6.3 180 1020.7  10.8  12.7    MM   MM   MM    MM
2026 09 14 22 30 170  2.0  3.0    MM    MM    MM  MM 1020.7  10.9  12.7    MM   MM   MM    MM
2026 09 14 22 20 190  2.0  3.0   0.3     7   6.2 180 1020.7  10.9  12.7    MM   MM   MM    MM
2026 09 14 22 10 190  2.0  3.0   0.3    MM   6.2 180 1020.8  11.0  12.7    MM   MM   MM    MM
2026 09 14 22 00 180  2.0  3.0    MM    MM    MM  MM 1020.8  11.0  12.6  11.0   MM +0.3    MM
2026 09 14 21 50 200  2.0  3.0   0.3     7   6.3 180 1020.8  11.1  12.6  11.1   MM   MM    MM
2026 09 14 21 40 200  1.0  2.0   0.3    MM   6.3 180 1020.7  11.1  12.6  11.0   MM   MM    MM
2026 09 14 21 30 200  2.0  2.0    MM    MM    MM  MM 1020.7  11.2  12.7  11.1   MM   MM    MM
2026 09 14 21 20 180  1.0  2.0   0.3    10   6.4 211 1020.7  11.1  12.7  10.9   MM   MM    MM
2026 09 14 21 10 180  2.0  3.0   0.3    MM   6.4 211 1020.6  11.1  12.7  10.9   MM   MM    MM
2026 09 14 21 00 170  2.0  2.0    MM    MM    MM  MM 1020.6  11.2  12.7  11.1   MM +0.5    MM
2026 09 14 20 50 160  2.0  3.0   0.3     8   6.6 167 1020.5  11.1  12.8  10.9   MM   MM    MM
2026 09 14 20 40 150  1.0  2.0    MM    MM    MM  MM 1020.4  11.1  12.9  11.0   MM   MM    MM
2026 09 14 20 30 140  2.0  2.0    MM    MM    MM  MM 1020.5  11.1  12.9  11.0   MM   MM    MM
2026 09 14 20 20 120  2.0  2.0   0.3    15   6.4 215 1020.4  11.1  12.9  11.1   MM   MM    MM
2026 09 14 20 10 130  1.0  2.0    MM    MM    MM  MM 1020.4  11.0  12.9  11.0   MM   MM    MM
2026 09 14 20 00 120  1.0  2.0    MM    MM    MM  MM 1020.4  11.0  12.8  11.0   MM +0.6    MM
2026 09 14 19 50 130  1.0  2.0   0.2    MM   6.4  MM 1020.4    MM  12.8    MM   MM   MM    MM
2026 09 14 19 40  MM  0.0  2.0    MM    MM    MM  MM 1020.4  11.0  12.6  11.0   MM   MM    MM
2026 09 14 19 30  MM  0.0  2.0    MM    MM    MM  MM 1020.4  11.1  12.7  11.1   MM   MM    MM
2026 09 14 19 20  MM  0.0  1.0   0.3    14   6.5 185 1020.4  11.1  12.7  11.1   MM   MM    MM
2026 09 14 19 10  MM  0.0  1.0    MM    MM    MM  MM 1020.5  11.1  12.6    MM   MM   MM    MM
2026 09 14 19 00  MM  0.0  1.0    MM    MM    MM  MM 1020.6  11.0  12.6    MM   MM +1.4    MM
2026 09 14 18 50  MM  0.0  2.0   0.3    MM   6.9 184 1020.5  11.0  12.7    MM   MM   MM    MM
2026 09 14 18 40  MM   MM   MM   0.3    10   6.9 184     MM    MM    MM    MM   MM   MM    MM
2026 09 14 18 30  MM  0.0  1.0    MM    MM    MM  MM 1020.2  11.0  12.7    MM   MM   MM    MM
2026 09 14 18 20  80  1.0  2.0   0.3    11   7.3 188 1020.1  11.1  12.6    MM   MM   MM    MM
2026 09 14 18 10 100  1.0  1.0   0.3    MM   7.3 188 1020.1  11.0  12.6    MM   MM   MM    MM
2026 09 14 18 00  40  1.0  2.0    MM    MM    MM  MM 1020.0  10.9  12.6    MM   MM +1.1    MM
2026 09 14 17 50  MM  0.0  1.0   0.3    11   6.8 166 1019.9  10.9  12.6    MM   MM   MM    MM
2026 09 14 17 40 360  1.0  2.0    MM    MM    MM  MM 1019.9  10.9  12.6    MM   MM   MM    MM
2026 09 14 17 30 310  1.0  2.0    MM    MM    MM  MM 1020.0  10.9  12.7    MM   MM   MM    MM
2026 09 14 17 20 290  1.0  2.0   0.3    11   7.2 183 1019.8  10.8  12.7    MM   MM   MM    MM
2026 09 14 17 10 270  1.0  2.0   0.3    MM   7.2 183 1019.9  10.8  12.7    MM   MM   MM    MM
2026 09 14 17 00  MM  0.0  1.0    MM    MM    MM  MM 1019.8  10.8  12.7    MM   MM +1.3    MM
2026 09 14 16 50 170  1.0  3.0   0.2    MM   6.9  MM 1019.7  10.7  12.7    MM   MM   MM    MM
2026 09 14 16 40 200  1.0  2.0    MM    MM    MM  MM 1019.7  10.8  12.7    MM   MM   MM    MM
2026 09 14 16 30 210  1.0  2.0    MM    MM    MM  MM 1019.4  10.9  12.7    MM   MM   MM    MM
2026 09 14 16 20  MM  0.0  1.0   0.2    MM   6.8  MM 1019.3  10.9  12.7    MM   MM   MM    MM
2026 09 14 16 10 150  1.0  2.0   0.2    MM   6.8  MM 1019.3  10.9  12.8    MM   MM   MM    MM
2026 09 14 16 00 200  2.0  3.0    MM    MM    MM  MM 1019.3  11.0  12.8    MM   MM +1.2    MM
2026 09 14 15 50 180  1.0  2.0   0.2    MM   6.0  MM 1019.1  11.0  12.7    MM   MM   MM    MM
2026 09 14 15 40 130  1.0  1.0   0.2    MM   6.0  MM 1019.1  11.0  12.7    MM   MM   MM    MM
2026 09 14 15 30 140  1.0  1.0    MM    MM    MM  MM 1019.0  11.1  12.8    MM   MM   MM    MM
2026 09 14 15 20 180  1.0  2.0   0.3    11   6.3 166 1019.1  11.1  13.0    MM   MM   MM    MM
2026 09 14 15 10 160  2.0  2.0   0.3    MM   6.3 166 1019.0  11.1  13.0    MM   MM   MM    MM
2026 09 14 15 00 160  1.0  2.0    MM    MM    MM  MM 1018.9  11.1  13.0    MM   MM +0.9    MM
2026 09 14 14 50 190  1.0  1.0   0.3    11   5.7 145 1018.7  11.1    MM    MM   MM   MM    MM
2026 09 14 14 40 210  1.0  2.0   0.3    MM   5.7 145 1018.7  11.1  13.0    MM   MM   MM    MM
2026 09 14 14 30 220  1.0  2.0    MM    MM    MM  MM 1018.5  11.1  12.9    MM   MM   MM    MM
2026 09 14 14 20 210  1.0  2.0   0.3     7   6.3 179 1018.4  11.1  13.0    MM   MM   MM    MM
2026 09 14 14 10 190  1.0  2.0   0.3    MM   6.3 179 1018.4  11.2  13.0    MM   MM   MM    MM
2026 09 14 14 00 190  2.0  2.0    MM    MM    MM  MM 1018.3  11.2  12.9    MM   MM +0.4    MM
2026 09 14 13 50 200  2.0  2.0   0.3    11   6.2 171 1018.4  11.3  12.9    MM   MM   MM    MM
2026 09 14 13 40 190  1.0  2.0   0.3    MM   6.2 171 1018.3  11.4  12.9    MM   MM   MM    MM
2026 09 14 13 30 200  1.0  1.0    MM    MM    MM  MM 1018.2  11.4  12.8    MM   MM   MM    MM
2026 09 14 13 20 190  1.0  1.0   0.3     7   5.8 184 1018.1  11.3  12.7    MM   MM   MM    MM
2026 09 14 13 10 180  1.0  2.0   0.3    MM   5.8 184 1018.0  11.4  12.7    MM   MM   MM    MM
2026 09 14 13 00 180  2.0  2.0    MM    MM    MM  MM 1018.0  11.6  12.7    MM   MM +0.0    MM
2026 09 14 12 50 160  1.0  2.0   0.3    MM   5.4 171 1018.1  11.6  12.8    MM   MM   MM    MM
2026 09 14 12 40  MM   MM   MM   0.3    11   5.4 171     MM    MM    MM    MM   MM   MM    MM
2026 09 14 12 30 120  1.0  1.0    MM    MM    MM  MM 1018.2  11.6  12.9    MM   MM   MM    MM
2026 09 14 12 20 110  1.0  2.0   0.3    11   5.4 208 1018.1  11.7  12.8    MM   MM   MM    MM
2026 09 14 12 10 110  1.0  2.0    MM    MM    MM  MM 1018.0  11.7  12.8    MM   MM   MM    MM
2026 09 14 12 00  MM  0.0  1.0    MM    MM    MM  MM 1018.0  11.7  12.7    MM   MM +0.0    MM
2026 09 14 11 50 150  1.0  2.0   0.3    11   5.3 199 1018.0  11.8  12.8    MM   MM   MM    MM
2026 09 14 11 40 160  1.0  1.0    MM    MM    MM  MM 1018.0  11.8  12.8    MM   MM   MM    MM
2026 09 14 11 30 160  1.0  1.0    MM    MM    MM  MM 1018.1  11.8  12.8    MM   MM   MM    MM
2026 09 14 11 20 150  1.0  2.0   0.3    11   5.1 186 1018.0  11.8  12.8    MM   MM   MM    MM
2026 09 14 11 10 160  1.0  2.0   0.3    MM   5.1 186 1018.1  11.7  12.8    MM   MM   MM    MM
2026 09 14 11 00 170  2.0  2.0    MM    MM    MM  MM 1018.1  11.7  12.9    MM   MM +0.0    MM
2026 09 14 10 50 170  2.0  2.0   0.4     5   5.1 176 1017.9  11.6  12.9    MM   MM   MM    MM
2026 09 14 10 40 180  2.0  2.0    MM    MM    MM  MM 1017.9  11.7  12.9    MM   MM   MM    MM
2026 09 14 10 30 190  2.0  3.0    MM    MM    MM  MM 1018.1  11.7  12.9    MM   MM   MM    MM
2026 09 14 10 20 180  2.0  2.0   0.4     6   5.0 176 1018.0  11.7  12.9    MM   MM   MM    MM
2026 09 14 10 10 180  2.0  3.0   0.4    MM   5.0 176 1017.9  11.6  12.9    MM   MM   MM    MM
2026 09 14 10 00 170  2.0  3.0    MM    MM    MM  MM 1017.9  11.6  12.9    MM   MM +0.0    MM
2026 09 14 09 50 170  2.0  3.0   0.4     7   4.9 167 1017.9  11.6  12.9    MM   MM   MM    MM
2026 09 14 09 40 180  3.0  3.0    MM    MM    MM  MM 1017.9  11.6  12.9    MM   MM   MM    MM
2026 09 14 09 30 180  2.0  3.0    MM    MM    MM  MM 1017.9  11.6  12.9    MM   MM   MM    MM
2026 09 14 09 20 180  2.0  3.0   0.4     7   4.4 172 1017.8  11.6  12.9    MM   MM   MM    MM
2026 09 14 09 10 180  3.0  4.0   0.4    MM   4.4 172 1017.9  11.6  12.9    MM   MM   MM    MM
2026 09 14 09 00 180  3.0  4.0    MM    MM    MM  MM 1017.9  11.7  12.8    MM   MM +0.0    MM
2026 09 14 08 50 180  3.0  4.0   0.4    11   4.2 185 1017.9  11.7  12.8    MM   MM   MM    MM
2026 09 14 08 40 170  2.0  3.0   0.4    MM   4.2 185 1017.9  11.6  12.8    MM   MM   MM    MM
2026 09 14 08 30 170  2.0  3.0    MM    MM    MM  MM 1018.0  11.6  12.8    MM   MM   MM    MM
2026 09 14 08 20 170  2.0  3.0   0.4    11   4.0 145 1018.0  11.6  12.8    MM   MM   MM    MM
2026 09 14 08 10 170  2.0  3.0    MM    MM    MM  MM 1018.0  11.5  12.8    MM   MM   MM    MM
2026 09 14 08 00 170  3.0  4.0    MM    MM    MM  MM 1017.9  11.5  12.7    MM   MM +0.5    MM
2026 09 14 07 50 170  3.0  4.0   0.4     3   3.7 175 1017.9  11.4  12.8    MM   MM   MM    MM
2026 09 14 07 40 170  4.0  4.0    MM    MM    MM  MM 1017.9  11.5  12.8    MM   MM   MM    MM
2026 09 14 07 30 180  4.0  5.0    MM    MM    MM  MM 1018.0  11.4  12.9    MM   MM   MM    MM
2026 09 14 07 20 180  4.0  5.0   0.4    11   3.8 192 1017.9  11.4    MM    MM   MM   MM    MM
2026 09 14 07 10 180  4.0  5.0   0.4    MM   3.8 192 1017.9  11.5  12.8    MM   MM   MM    MM
2026 09 14 07 00 180  4.0  5.0    MM    MM    MM  MM 1017.9  11.5  12.6    MM   MM +0.7    MM
2026 09 14 06 50 180  3.0  4.0   0.4    MM   3.5 175 1017.9    MM  12.7    MM   MM   MM    MM
2026 09 14 06 40 170  3.0  4.0   0.4    MM   3.5 175 1017.8  11.4  12.7    MM   MM   MM    MM
2026 09 14 06 30 170  3.0  4.0    MM    MM    MM  MM 1017.7  11.4  12.6    MM   MM   MM    MM
2026 09 14 06 20 170  3.0  4.0   0.4    11   3.6 168 1017.6  11.4  12.6    MM   MM   MM    MM
2026 09 14 06 10 170  4.0  4.0   0.4    MM   3.6 168 1017.6  11.3  12.6    MM   MM   MM    MM
2026 09 14 06 00 170  4.0  5.0    MM    MM    MM  MM 1017.6  11.2  12.6    MM   MM +0.7    MM
2026 09 14 05 50 170  5.0  5.0   0.5     7   3.6 173 1017.8  11.2  12.6    MM   MM   MM    MM
2026 09 14 05 40 170  4.0  5.0    MM    MM    MM  MM 1017.7  11.1  12.6    MM   MM   MM    MM
2026 09 14 05 30 180  5.0  6.0    MM    MM    MM  MM 1017.7  11.2  12.6    MM   MM   MM    MM
2026 09 14 05 20 200  5.0  6.0   0.5    11   3.8 191 1017.9  11.2  12.6    MM   MM   MM    MM
2026 09 14 05 10 190  5.0  6.0   0.5    MM   3.8 191 1017.7  11.2  12.6    MM   MM   MM    MM
2026 09 14 05 00 190  5.0  6.0    MM    MM    MM  MM 1017.6  11.2  12.7    MM   MM +0.7    MM
2026 09 14 04 50 180  5.0  6.0   0.4    12   3.8 192 1017.6  11.3  12.7    MM   MM   MM    MM
2026 09 14 04 40 190  4.0  5.0   0.4    MM   3.8 192 1017.6  11.3  12.7    MM   MM   MM    MM
2026 09 14 04 30 190  5.0  6.0    MM    MM    MM  MM 1017.4  11.2  12.7    MM   MM   MM    MM
2026 09 14 04 20 190  5.0  5.0   0.4    12   3.9 173 1017.5  11.2  12.7    MM   MM   MM    MM
2026 09 14 04 10 190  4.0  5.0   0.4    MM   3.9 173 1017.4  11.1  12.7    MM   MM   MM    MM
2026 09 14 04 00 190  4.0  5.0    MM    MM    MM  MM 1017.1  11.0  12.7    MM   MM -0.0    MM
2026 09 14 03 50 180  5.0  5.0   0.3    12   4.0 159 1017.1  10.9  12.6    MM   MM   MM    MM
2026 09 14 03 40 180  4.0  5.0   0.3    MM   4.0 159 1017.1  11.0  12.6    MM   MM   MM    MM
2026 09 14 03 30 190  4.0  4.0    MM    MM    MM  MM 1017.1  11.1  12.6    MM   MM   MM    MM
2026 09 14 03 20 190  4.0  5.0   0.3    11   3.7 170 1017.1  11.2  12.6    MM   MM   MM    MM
2026 09 14 03 10 190  4.0  4.0   0.3    MM   3.7 170 1017.0  11.2  12.6    MM   MM   MM    MM
2026 09 14 03 00 180  4.0  4.0    MM    MM    MM  MM 1016.8  11.2  12.7    MM   MM +0.0    MM
2026 09 14 02 50 180  3.0  4.0   0.4    12   3.8 154 1016.8  11.2  12.7    MM   MM   MM    MM
2026 09 14 02 40 180  3.0  4.0    MM    MM    MM  MM 1016.8  11.3  12.7    MM   MM   MM    MM
2026 09 14 02 30 180  3.0  4.0    MM    MM    MM  MM 1016.8  11.3  12.7    MM   MM   MM    MM
2026 09 14 02 20 200  4.0  4.0   0.4    12   3.9 153 1016.9  11.3  12.7    MM   MM   MM    MM
2026 09 14 02 10 200  4.0  5.0   0.4    MM   3.9 153 1016.8  11.3  12.7    MM   MM   MM    MM
2026 09 14 02 00 190  4.0  5.0    MM    MM    MM  MM 1016.8  11.3  12.7    MM   MM -0.6    MM
2026 09 14 01 50 190  4.0  5.0   0.4    12   3.7 194 1016.8  11.4  12.7    MM   MM   MM    MM
2026 09 14 01 40 190  4.0  4.0   0.4    MM   3.7 194 1016.8  11.3  12.7    MM   MM   MM    MM
2026 09 14 01 30 190  4.0  5.0    MM    MM    MM  MM 1016.8  11.3  12.7    MM   MM   MM    MM
2026 09 14 01 20 190  4.0  5.0   0.3     7   4.1 177 1016.9  11.3  12.7    MM   MM   MM    MM
2026 09 14 01 10 190  4.0  5.0   0.3    MM   4.1 177 1017.0  11.2  12.7    MM   MM   MM    MM
2026 09 14 01 00 180  4.0  5.0    MM    MM    MM  MM 1017.0  11.3  12.7    MM   MM -0.7    MM
2026 09 14 00 50 180  4.0  5.0   0.4    12   4.7 190 1017.0  11.6    MM    MM   MM   MM    MM
2026 09 14 00 40 190  4.0  5.0   0.4    MM   4.7 190 1017.0  11.8  12.8    MM   MM   MM    MM
2026 09 14 00 30 190  4.0  5.0    MM    MM    MM  MM 1016.9  12.1  12.7    MM   MM   MM    MM
2026 09 14 00 20 190  4.0  4.0   0.4    12   5.2 177 1016.9  12.1  12.8    MM   MM   MM    MM
2026 09 14 00 10 190  4.0  5.0    MM    MM    MM  MM 1017.0  12.1  12.7    MM   MM   MM    MM
2026 09 14 00 00 190  4.0  5.0    MM    MM    MM  MM 1017.0  12.1  12.7    MM   MM -0.9    MM
2026 09 13 23 50 180  3.0  4.0   0.4    12   5.1 164 1017.1  12.1  12.7    MM   MM   MM    MM
2026 09 13 23 40 180  3.0  3.0    MM    MM    MM  MM 1017.1  12.1  12.7    MM   MM   MM    MM
2026 09 13 23 10 220  1.0  3.0   0.4    MM   4.6 173 1017.3  11.7  12.5    MM   MM   MM    MM
2026 09 13 23 00  MM  0.0  2.0    MM    MM    MM  MM 1017.3  11.6  12.5    MM   MM -0.8    MM
2026 09 13 22 50  MM  0.0  1.0   0.4    12   5.3 185 1017.4  11.3  12.5    MM   MM   MM    MM
2026 09 13 22 40 350  1.0  1.0    MM    MM    MM  MM 1017.5  11.1  12.5    MM   MM   MM    MM
2026 09 13 22 30  MM  0.0  1.0    MM    MM    MM  MM 1017.6  11.2  12.5    MM   MM   MM    MM
2026 09 13 22 20  MM  0.0  1.0   0.3    12   6.4 201 1017.6  11.1  12.5    MM   MM   MM    MM
2026 09 13 22 10  MM  0.0  1.0    MM    MM    MM  MM 1017.6  11.0  12.5    MM   MM   MM    MM
2026 09 13 22 00  MM  0.0  1.0    MM    MM    MM  MM 1017.7  11.0    MM    MM   MM -0.4    MM
2026 09 13 21 50  MM  0.0  1.0   0.3    12   7.2 191 1017.7  11.0  12.6    MM   MM   MM    MM
2026 09 13 21 40  MM  0.0  0.0   0.3    MM   7.2 191 1017.8  11.4  12.5    MM   MM   MM    MM
2026 09 13 21 30  MM  0.0  1.0    MM    MM    MM  MM 1018.0  11.0  12.4    MM   MM   MM    MM
2026 09 13 21 20 200  1.0  2.0   0.3    12   7.4 166 1018.0  10.7  12.4    MM   MM   MM    MM
2026 09 13 21 10 200  2.0  3.0   0.3    MM   7.4 166 1018.1  10.9  12.4    MM   MM   MM    MM
2026 09 13 21 00 180  2.0  3.0    MM    MM    MM  MM 1018.0  11.0  12.4    MM   MM +0.0    MM
2026 09 13 20 50 170  2.0  3.0   0.3    12   7.3 178 1018.1  11.2  12.5    MM   MM   MM    MM
2026 09 13 20 40 150  2.0  3.0    MM    MM    MM  MM 1018.1  11.4  12.5    MM   MM   MM    MM
2026 09 13 20 30 150  2.0  3.0    MM    MM    MM  MM 1018.1  11.5  12.5    MM   MM   MM    MM
2026 09 13 20 20 160  3.0  3.0   0.4    12   6.9 181 1018.1  11.7  12.4    MM   MM   MM    MM
2026 09 13 20 10 150  3.0  3.0    MM    MM    MM  MM 1018.1  12.0  12.4  12.0   MM   MM    MM
2026 09 13 20 00 130  3.0  3.0    MM    MM    MM  MM 1018.2  12.1  12.4  12.1   MM +0.0    MM
2026 09 13 19 50 140  2.0  3.0   0.4    12   6.8 172 1018.1  12.4  12.4  12.3   MM   MM    MM
2026 09 13 19 40 120  2.0  3.0    MM    MM    MM  MM 1018.1  12.5  12.4  12.1   MM   MM    MM
2026 09 13 19 30 100  1.0  2.0    MM    MM    MM  MM 1018.2  12.6  12.4  12.0   MM   MM    MM
2026 09 13 19 20 110  1.0  2.0   0.4    12   6.8 176 1018.2  12.7  12.4  12.1   MM   MM    MM
2026 09 13 19 10 100  1.0  1.0   0.4    MM   6.8 176 1018.2  12.8  12.4  12.3   MM   MM    MM
2026 09 13 19 00  MM  0.0  1.0    MM    MM    MM  MM 1018.2  12.9  12.4  12.5   MM +0.4    MM
2026 09 13 18 50  70  1.0  1.0   0.3    13   6.9 170 1018.2  12.6  12.4  12.3   MM   MM    MM
2026 09 13 18 40  70  1.0  1.0    MM    MM    MM  MM 1018.1  12.5  12.6  12.2   MM   MM    MM
2026 09 13 18 30  80  1.0  2.0    MM    MM    MM  MM 1018.1  12.5  12.7  12.3   MM   MM    MM
2026 09 13 18 20  80  1.0  1.0   0.3    13   7.0 194 1018.0  12.4  12.7  12.3   MM   MM    MM
2026 09 13 18 10  60  1.0  1.0   0.3    MM   7.0 194 1018.1  12.4  12.8  12.3   MM   MM    MM
2026 09 13 18 00 100  1.0  2.0    MM    MM    MM  MM 1018.1  12.4  12.8  12.3   MM +0.5    MM
2026 09 13 17 50  80  1.0  2.0   0.3    12   6.8 172 1018.1  12.3  12.8  12.2   MM   MM    MM
2026 09 13 17 40  90  1.0  2.0   0.3    MM   6.8 172 1018.1  12.3  12.8  12.1   MM   MM    MM
2026 09 13 17 30  50  1.0  2.0    MM    MM    MM  MM 1018.1  12.4  12.8  12.1   MM   MM    MM
2026 09 13 17 20  60  1.0  1.0   0.3    13   7.1 176 1018.0  12.6  12.8  12.2   MM   MM    MM
2026 09 13 17 10  MM  0.0  1.0   0.3    MM   7.1 176 1018.1  12.7  12.8  12.3   MM   MM    MM
2026 09 13 17 00  50  1.0  2.0    MM    MM    MM  MM 1018.0  12.9  12.8  12.3   MM +0.5    MM
2026 09 13 16 50  30  1.0  2.0   0.3    13   6.8 186 1018.0  12.9  12.8  12.1   MM   MM    MM
2026 09 13 16 40 360  1.0  2.0   0.3    MM   6.8 186 1018.0  12.5  12.8  11.3   MM   MM    MM
2026 09 13 16 30 350  1.0  2.0    MM    MM    MM  MM 1017.9  12.2  12.8  10.7   MM   MM    MM
2026 09 13 16 20 340  1.0  2.0   0.3    13   6.4 158 1017.9  12.1  12.8  10.6   MM   MM    MM
2026 09 13 16 10 350  2.0  2.0   0.3    MM   6.4 158 1017.9  12.1  12.8  10.6   MM   MM    MM
2026 09 13 16 00 350  2.0  3.0    MM    MM    MM  MM 1017.9  12.1  12.8  10.6   MM +0.6    MM
2026 09 13 15 50 350  2.0  3.0   0.3    13   8.6 168 1017.9  12.1  12.9  10.7   MM   MM    MM
2026 09 13 15 40 350  3.0  3.0    MM    MM    MM  MM 1017.8  11.9  12.9  10.6   MM   MM    MM
2026 09 13 15 30 350  3.0  3.0    MM    MM    MM  MM 1017.8  11.6  12.9  10.8   MM   MM    MM
2026 09 13 15 20 360  3.0  3.0   0.3    13   8.4 178 1017.7  11.8  12.9  11.6   MM   MM    MM
2026 09 13 15 10  10  1.0  2.0    MM    MM    MM  MM 1017.6  12.2  12.9    MM   MM   MM    MM
2026 09 13 15 00  20  1.0  2.0    MM    MM    MM  MM 1017.6  12.3  12.9    MM   MM +0.3    MM
2026 09 13 14 50  10  2.0  2.0   0.3    13   7.8 162 1017.5  12.2  12.9    MM   MM   MM    MM
2026 09 13 14 40 360  2.0  2.0    MM    MM    MM  MM 1017.5  12.1  12.8  12.1   MM   MM    MM
2026 09 13 14 30 340  2.0  2.0    MM    MM    MM  MM 1017.6  12.0  12.8    MM   MM   MM    MM
2026 09 13 14 20 320  2.0  2.0   0.4    13   8.2 187 1017.6  11.7  12.9    MM   MM   MM    MM
2026 09 13 14 10 320  1.0  2.0   0.4    MM   8.2 187 1017.6  12.0  12.9    MM   MM   MM    MM
2026 09 13 14 00 340  1.0  1.0    MM    MM    MM  MM 1017.5  12.3  12.8    MM   MM -0.0    MM
2026 09 13 13 50 350  1.0  2.0   0.3    14   6.8 163 1017.4  12.3  12.8    MM   MM   MM    MM
2026 09 13 13 40 350  2.0  2.0    MM    MM    MM  MM 1017.2  12.2  12.7    MM   MM   MM    MM
2026 09 13 13 30 350  2.0  2.0    MM    MM    MM  MM 1017.3  12.2  12.7    MM   MM   MM    MM
2026 09 13 13 20 330  2.0  2.0   0.3    13   7.0 168 1017.2  12.3  12.7    MM   MM   MM    MM
2026 09 13 13 10 300  2.0  2.0   0.3    MM   7.0 168 1017.2  12.4  12.7    MM   MM   MM    MM
2026 09 13 13 00 300  2.0  2.0    MM    MM    MM  MM 1017.2  12.3  12.7    MM   MM -0.3    MM
2026 09 13 12 50 280  2.0  3.0   0.4    14   6.4 205 1017.2  12.2  12.7    MM   MM   MM    MM
2026 09 13 12 40 280  3.0  3.0    MM    MM    MM  MM 1017.2  12.2  12.6    MM   MM   MM    MM
2026 09 13 12 30 280  3.0  3.0    MM    MM    MM  MM 1017.3  12.3  12.6    MM   MM   MM    MM
2026 09 13 12 20 260  3.0  3.0   0.3    14   6.4 186 1017.4  12.3  12.6    MM   MM   MM    MM
2026 09 13 12 10 260  2.0  3.0   0.3    MM   6.4 186 1017.3  12.2  12.6    MM   MM   MM    MM
2026 09 13 12 00 260  2.0  3.0    MM    MM    MM  MM 1017.3  12.2  12.6    MM   MM -0.3    MM
2026 09 13 11 50 260  2.0  3.0   0.3    MM   6.3 202 1017.5  12.2  12.6    MM   MM   MM    MM
2026 09 13 11 40 240  2.0  3.0   0.3    MM   6.3 202 1017.5  12.1  12.5    MM   MM   MM    MM
2026 09 13 11 30 220  3.0  3.0   0.3    MM   6.3 202 1017.6  12.0  12.5    MM   MM   MM    MM
2026 09 13 11 20 210  3.0  3.0   0.3    13   6.5 171 1017.5  12.0  12.5    MM   MM   MM    MM
2026 09 13 11 10 220  2.0  2.0   0.3    MM   6.5 171 1017.6  12.0  12.5    MM   MM   MM    MM
2026 09 13 11 00 210  2.0  2.0    MM    MM    MM  MM 1017.6  12.0  12.5    MM   MM -0.6    MM
2026 09 13 10 50 210  2.0  2.0   0.3    15   6.4 199 1017.7  12.2  12.5    MM   MM   MM    MM
2026 09 13 10 40 190  2.0  2.0   0.3    MM   6.4 199 1017.6  12.2  12.6    MM   MM   MM    MM
2026 09 13 10 30 180  2.0  2.0    MM    MM    MM  MM 1017.6  12.2  12.6    MM   MM   MM    MM
2026 09 13 10 20 150  1.0  1.0   0.3    13   6.1 154 1017.5  12.3  12.6    MM   MM   MM    MM
2026 09 13 10 10 140  1.0  1.0   0.3    MM   6.1 154 1017.5  12.3  12.7    MM   MM   MM    MM
2026 09 13 10 00 130  1.0  1.0    MM    MM    MM  MM 1017.6  12.3  12.7    MM   MM +0.0    MM
2026 09 13 09 50 120  1.0  1.0   0.3    13   5.7 177 1017.5  12.4  12.7    MM   MM   MM    MM
2026 09 13 09 40  MM  0.0  1.0   0.3    MM   5.7 177 1017.5  12.3  12.7    MM   MM   MM    MM
2026 09 13 09 30  MM  0.0  1.0    MM    MM    MM  MM 1017.6  12.3    MM    MM   MM   MM    MM
2026 09 13 09 20  MM  0.0  1.0   0.3    13   6.0 179 1017.6  12.4  12.8    MM   MM   MM    MM
2026 09 13 09 10  MM  0.0  1.0    MM    MM    MM  MM 1017.6  12.3  12.8    MM   MM   MM    MM
2026 09 13 09 00  MM  0.0  0.0    MM    MM    MM  MM 1017.6  12.3  13.0    MM   MM +0.0    MM
2026 09 13 08 50  MM  0.0  0.0   0.3    13   6.0 206 1017.8  12.3  13.0    MM   MM   MM    MM
2026 09 13 08 40  MM  0.0  1.0    MM    MM    MM  MM 1017.9  12.4  13.0    MM   MM   MM    MM
2026 09 13 08 30 290  1.0  1.0    MM    MM    MM  MM 1018.0  12.4  13.0    MM   MM   MM    MM
2026 09 13 08 20 240  1.0  2.0   0.4    13   6.3 190 1018.0  12.5  13.1    MM   MM   MM    MM
2026 09 13 08 10 240  2.0  2.0    MM    MM    MM  MM 1018.1  12.5  13.1    MM   MM   MM    MM
2026 09 13 08 00 240  2.0  2.0    MM    MM    MM  MM 1018.1  12.5  13.1    MM   MM +0.8    MM
2026 09 13 07 50 240  1.0  2.0   0.3    13   6.6 190 1018.2  12.6  13.2    MM   MM   MM    MM
2026 09 13 07 40 230  1.0  2.0   0.3    MM   6.6 190 1018.0  12.7  13.2  12.7   MM   MM    MM
2026 09 13 07 30 250  1.0  1.0    MM    MM    MM  MM 1017.9  12.7  13.4  12.6   MM   MM    MM
2026 09 13 07 20 240  1.0  1.0   0.3    13   7.0 199 1017.9  12.8  13.4  12.5   MM   MM    MM
2026 09 13 07 10 230  1.0  1.0   0.3    MM   7.0 199 1017.8  12.8  13.4  12.2   MM   MM    MM
2026 09 13 07 00 260  1.0  1.0    MM    MM    MM  MM 1017.7  12.8  13.5  11.9   MM +0.0    MM
2026 09 13 06 50 260  1.0  1.0   0.3    14   7.7 181 1017.7  12.8  13.5  11.8   MM   MM    MM
2026 09 13 06 40 280  1.0  1.0   0.3    MM   7.7 181 1017.7  12.8  13.5  11.6   MM   MM    MM
2026 09 13 06 30 290  1.0  1.0    MM    MM    MM  MM 1017.8  12.8  13.5  11.6   MM   MM    MM
2026 09 13 06 20 270  1.0  1.0   0.3    14   6.7 152 1017.8  12.8  13.6  11.6   MM   MM    MM
2026 09 13 06 10 250  1.0  2.0   0.3    MM   6.7 152 1017.7  12.6  13.5  11.7   MM   MM    MM
2026 09 13 06 00 220  1.0  1.0    MM    MM    MM  MM 1017.5  12.6  13.5  12.0   MM +0.0    MM
2026 09 13 05 50  MM  0.0  1.0   0.3    MM   7.1 175 1017.4  12.7  13.6  12.2   MM   MM    MM
2026 09 13 05 40  MM   MM   MM   0.3    14   7.1 175     MM    MM    MM    MM   MM   MM    MM
2026 09 13 05 30 230  1.0  1.0    MM    MM    MM  MM 1017.2  12.7  13.6  12.1   MM   MM    MM
2026 09 13 05 20 220  1.0  1.0   0.3    14   8.5 175 1017.1  12.6  13.6  12.1   MM   MM    MM
2026 09 13 05 10 220  1.0  2.0    MM    MM    MM  MM 1017.1  12.6  13.6  12.2   MM   MM    MM
2026 09 13 05 00 220  2.0  2.0    MM    MM    MM  MM 1017.4  12.6  13.6  12.4   MM +0.0    MM
2026 09 13 04 50 230  2.0  3.0   0.3    14   8.3 177 1017.5  12.7  13.5  12.5   MM   MM    MM
2026 09 13 04 40 220  2.0  3.0   0.3    MM   8.3 177 1017.5  12.6  13.5  12.5   MM   MM    MM
2026 09 13 04 30 220  2.0  2.0    MM    MM    MM  MM 1017.3  12.7  13.5  12.6   MM   MM    MM
2026 09 13 04 20 220  2.0  3.0   0.4    14   9.3 186 1017.4  12.8  13.5  12.5   MM   MM    MM
2026 09 13 04 10 220  3.0  5.0    MM    MM    MM  MM 1017.6  12.9  13.4  12.3   MM   MM    MM
2026 09 13 04 00 220  3.0  4.0    MM    MM    MM  MM 1017.5  12.9  13.3  12.4   MM -0.3    MM
2026 09 13 03 50 210  2.0  3.0   0.4    15   9.6 181 1017.4  13.0  13.3  12.5   MM   MM    MM
2026 09 13 03 40 210  1.0  1.0    MM    MM    MM  MM 1017.3  13.1  13.3  12.5   MM   MM    MM
2026 09 13 03 30 220  1.0  1.0    MM    MM    MM  MM 1017.2  13.1  13.3  12.3   MM   MM    MM
2026 09 13 03 20 200  1.0  2.0   0.3    15   8.5 160 1017.4  13.0  13.3  12.4   MM   MM    MM
2026 09 13 03 10 210  2.0  3.0   0.3    MM   8.5 160 1017.4  13.0  13.3  12.4   MM   MM    MM
2026 09 13 03 00 210  2.0  3.0    MM    MM    MM  MM 1017.4  13.0  13.2  12.3   MM +0.0    MM
2026 09 13 02 50 210  2.0  3.0   0.3    15   8.6 167 1017.4  13.0  13.2  12.2   MM   MM    MM
2026 09 13 02 40 200  2.0  3.0    MM    MM    MM  MM 1017.4  12.9  13.2  12.2   MM   MM    MM
2026 09 13 02 30 200  1.0  2.0    MM    MM    MM  MM 1017.4  12.8  13.3  12.2   MM   MM    MM
2026 09 13 02 20 210  2.0  3.0   0.4    15  10.1 174 1017.4  12.8  13.2  12.3   MM   MM    MM
2026 09 13 02 10 200  2.0  3.0   0.4    MM  10.1 174 1017.5  12.9  13.2  12.5   MM   MM    MM
2026 09 13 02 00 190  2.0  3.0    MM    MM    MM  MM 1017.4  12.8  13.3  12.4   MM -0.8    MM
2026 09 13 01 50 180  2.0  2.0   0.4    15   9.6 193 1017.4  12.9  13.3  12.6   MM   MM    MM
2026 09 13 01 40 190  1.0  2.0   0.4    MM   9.6 193 1017.5  12.9  13.3  12.5   MM   MM    MM
2026 09 13 01 30 200  2.0  3.0    MM    MM    MM  MM 1017.4  12.8  13.3  12.4   MM   MM    MM
2026 09 13 01 20 210  3.0  3.0   0.4    15   9.1 192 1017.6  12.8  13.3  12.4   MM   MM    MM
2026 09 13 01 10 220  3.0  3.0   0.4    MM   9.1 192 1017.8  12.9  13.3  12.5   MM   MM    MM
2026 09 13 01 00 230  3.0  4.0    MM    MM    MM  MM 1017.8  12.8  13.3  12.3   MM -1.1    MM
2026 09 13 00 50 250  3.0  3.0   0.4    15   9.2 186 1017.7  12.8  13.3  12.4   MM   MM    MM
2026 09 13 00 40 250  3.0  3.0    MM    MM    MM  MM 1017.9  12.8  13.2  12.5   MM   MM    MM
2026 09 13 00 30 260  3.0  3.0    MM    MM    MM  MM 1017.8  12.8  13.2  12.7   MM   MM    MM
2026 09 13 00 20 260  2.0  3.0   0.4    15   9.7 187 1017.7  12.8  13.2  12.8   MM   MM    MM
2026 09 13 00 10 280  2.0  3.0    MM    MM    MM  MM 1017.8  12.6  13.2  12.6   MM   MM    MM
2026 09 13 00 00 290  2.0  2.0    MM    MM    MM  MM 1017.6  12.6  13.2  12.6   MM -1.7    MM
2026 09 12 23 50 290  2.0  3.0   0.3    15   7.8 186 1017.9  12.5  13.1  12.5   MM   MM    MM
2026 09 12 23 40 320  2.0  3.0    MM    MM    MM  MM 1017.9  12.5  13.1  12.5   MM   MM    MM
2026 09 12 23 10 300  3.0  3.0   0.4    MM   7.9 177 1018.0  12.5  13.2  12.5   MM   MM    MM
2026 09 12 23 00 300  3.0  3.0    MM    MM    MM  MM 1018.2  12.5  13.2  12.3   MM -1.2    MM
2026 09 12 22 50 290  3.0  3.0   0.3    15   7.4 164 1018.3  12.5  13.2  12.2   MM   MM    MM
2026 09 12 22 40 260  3.0  3.0    MM    MM    MM  MM 1018.5  12.4  13.1  12.3   MM   MM    MM
2026 09 12 22 30 270  3.0  3.0    MM    MM    MM  MM 1018.6  12.3  13.1  12.3   MM   MM    MM
2026 09 12 22 20 270  2.0  3.0   0.4    15   7.8 186 1018.7  12.2  13.1  12.2   MM   MM    MM
2026 09 12 22 10 280  3.0  3.0   0.4    MM   7.8 186 1018.8  12.2  13.1  12.2   MM   MM    MM
2026 09 12 22 00 280  3.0  3.0    MM    MM    MM  MM 1018.9  12.1  13.1  12.1   MM -1.0    MM
2026 09 12 21 50 270  3.0  4.0   0.3    15   7.4 191 1018.9  12.1  13.1  12.1   MM   MM    MM
2026 09 12 21 40 270  3.0  4.0   0.3    MM   7.4 191 1019.0  12.1  13.0  12.1   MM   MM    MM
2026 09 12 21 30 270  3.0  4.0    MM    MM    MM  MM 1019.2  12.0  13.0  12.0   MM   MM    MM
2026 09 12 21 20 260  3.0  4.0   0.3    15   7.3 189 1019.3  12.0  13.0  12.0   MM   MM    MM
2026 09 12 21 10 260  3.0  4.0   0.3    MM   7.3 189 1019.3  11.9  13.0    MM   MM   MM    MM
2026 09 12 21 00 260  3.0  4.0    MM    MM    MM  MM 1019.3  12.0  12.9    MM   MM -0.6    MM
2026 09 12 20 50 250  3.0  3.0   0.3    15   7.6 215 1019.3  11.9  12.9    MM   MM   MM    MM
2026 09 12 20 40 240  3.0  3.0    MM    MM    MM  MM 1019.2  11.9  12.9    MM   MM   MM    MM
2026 09 12 20 30 240  3.0  3.0    MM    MM    MM  MM 1019.2  11.9  12.8    MM   MM   MM    MM
2026 09 12 20 20 230  3.0  3.0   0.3    15   7.7 164 1019.2  11.9  12.8    MM   MM   MM    MM
2026 09 12 20 10 220  3.0  3.0    MM    MM    MM  MM 1019.4  12.0  12.8    MM   MM   MM    MM
2026 09 12 20 00 230  2.0  2.0    MM    MM    MM  MM 1019.5  11.8  12.8    MM   MM -0.5    MM
2026 09 12 19 50 270  2.0  2.0   0.3    14   7.4 167 1019.6  11.8  12.8    MM   MM   MM    MM
2026 09 12 19 40 260  2.0  2.0    MM    MM    MM  MM 1019.8  11.7  12.8    MM   MM   MM    MM
2026 09 12 19 30 240  2.0  2.0    MM    MM    MM  MM 1019.7  11.6  12.8    MM   MM   MM    MM
2026 09 12 19 20 230  2.0  2.0   0.3    15   8.3 184 1019.8  11.6    MM    MM   MM   MM    MM
2026 09 12 19 10 210  2.0  3.0   0.3    MM   8.3 184 1019.9  11.6  12.9    MM   MM   MM    MM
2026 09 12 19 00 200  3.0  3.0    MM    MM    MM  MM 1019.8  11.6  13.0    MM   MM -0.5    MM
2026 09 12 18 50 200  2.0  3.0   0.2    MM   6.7  MM 1019.9  11.6  13.4    MM   MM   MM    MM
2026 09 12 18 40 200  2.0  3.0    MM    MM    MM  MM 1019.9  11.5  13.5    MM   MM   MM    MM
2026 09 12 18 30 210  3.0  3.0    MM    MM    MM  MM 1020.0  11.4  13.4    MM   MM   MM    MM
2026 09 12 18 20 210  2.0  3.0   0.2    MM   7.4  MM 1019.9  11.5  13.4    MM   MM   MM    MM
2026 09 12 18 10 200  3.0  3.0   0.2    MM   7.4  MM 1019.9  11.6  13.4    MM   MM   MM    MM
2026 09 12 18 00 180  2.0  3.0    MM    MM    MM  MM 1019.8  11.6  13.4    MM   MM -0.4    MM
2026 09 12 17 50 200  2.0  3.0   0.2    MM   7.0  MM 1020.0  11.5  13.4    MM   MM   MM    MM
2026 09 12 17 40 230  1.0  2.0    MM    MM    MM  MM 1020.0  11.5  13.4    MM   MM   MM    MM
2026 09 12 17 30 230  1.0  1.0    MM    MM    MM  MM 1020.1  11.4  13.4    MM   MM   MM    MM
2026 09 12 17 20 210  1.0  2.0   0.2    MM   7.0  MM 1020.1  11.4  13.4    MM   MM   MM    MM
2026 09 12 17 10 180  1.0  2.0   0.2    MM   7.0  MM 1020.0  11.4  13.4    MM   MM   MM    MM
2026 09 12 17 00 210  1.0  1.0    MM    MM    MM  MM 1020.1  11.4  13.4    MM   MM -0.3    MM
2026 09 12 16 50 250  1.0  2.0   0.2    MM   8.4  MM 1020.1  11.4  13.4    MM   MM   MM    MM
2026 09 12 16 40 230  1.0  2.0    MM    MM    MM  MM 1020.3  11.4  13.4    MM   MM   MM    MM
2026 09 12 16 30 230  1.0  2.0    MM    MM    MM  MM 1020.4  11.3  13.4    MM   MM   MM    MM
2026 09 12 16 20 220  1.0  2.0   0.2    MM   8.3  MM 1020.4  11.3  13.4    MM   MM   MM    MM
2026 09 12 16 10 230  2.0  2.0   0.2    MM   8.3  MM 1020.4  11.3  13.4    MM   MM   MM    MM
2026 09 12 16 00 230  2.0  3.0    MM    MM    MM  MM 1020.4  11.4  13.4    MM   MM +0.0    MM
2026 09 12 15 50 210  2.0  3.0   0.2    MM   8.0  MM 1020.3  11.4  13.4    MM   MM   MM    MM
2026 09 12 15 40 210  2.0  3.0    MM    MM    MM  MM 1020.1  11.5  13.4    MM   MM   MM    MM
2026 09 12 15 30 190  2.0  3.0    MM    MM    MM  MM 1020.1  11.6  13.4    MM   MM   MM    MM
2026 09 12 15 20 210  2.0  3.0   0.2    MM   8.0  MM 1020.2  11.6  13.4    MM   MM   MM    MM
2026 09 12 15 10 190  2.0  3.0   0.2    MM   8.0  MM 1020.2  11.8  13.4    MM   MM   MM    MM
2026 09 12 15 00 200  2.0  3.0    MM    MM    MM  MM 1020.3  12.1  13.4    MM   MM -0.8    MM
2026 09 12 14 50 220  1.0  2.0   0.2    MM   8.6  MM 1020.4  12.1  13.4    MM   MM   MM    MM
2026 09 12 14 40 240  2.0  2.0    MM    MM    MM  MM 1020.6  12.1  13.5    MM   MM   MM    MM
2026 09 12 14 30 240  2.0  3.0    MM    MM    MM  MM 1020.6  12.1  13.5    MM   MM   MM    MM
2026 09 12 14 20 220  2.0  3.0   0.2    MM   8.8  MM 1020.7  12.0  13.4    MM   MM   MM    MM
2026 09 12 14 10 210  1.0  2.0    MM    MM    MM  MM 1020.5  12.0  13.4    MM   MM   MM    MM
2026 09 12 14 00 220  2.0  2.0    MM    MM    MM  MM 1020.4  12.0  13.4    MM   MM -1.0    MM
2026 09 12 13 50 200  2.0  3.0   0.3    16   7.6 171 1020.3  12.0  13.4    MM   MM   MM    MM
2026 09 12 13 40 180  2.0  3.0   0.3    MM   7.6 171 1020.3  12.0  13.4    MM   MM   MM    MM
2026 09 12 13 30 200  2.0  3.0    MM    MM    MM  MM 1020.3  12.0  13.4    MM   MM   MM    MM
2026 09 12 13 20 180  3.0  3.0   0.2    MM   7.8  MM 1020.5  12.0  13.4    MM   MM   MM    MM
2026 09 12 13 10 180  3.0  3.0   0.2    MM   7.8  MM 1020.3  12.1  13.4    MM   MM   MM    MM
2026 09 12 13 00 190  3.0  3.0    MM    MM    MM  MM 1020.4  12.2  13.4    MM   MM -1.7    MM
2026 09 12 12 50 190  2.0  3.0   0.3    16   9.6 200 1020.5  12.4  13.4    MM   MM   MM    MM
2026 09 12 12 40 210  2.0  2.0   0.3    MM   9.6 200 1020.8  12.6  13.4    MM   MM   MM    MM
2026 09 12 12 30 230  2.0  2.0    MM    MM    MM  MM 1021.1  12.5  13.4    MM   MM   MM    MM
2026 09 12 12 20 240  2.0  2.0   0.3    16   9.6 203 1021.2  12.6  13.4  12.6   MM   MM    MM
2026 09 12 12 10 230  1.0  2.0   0.3    MM   9.6 203 1021.1  12.5  13.3  12.5   MM   MM    MM
2026 09 12 12 00  MM  0.0  1.0    MM    MM    MM  MM 1021.1  12.5  13.3  12.5   MM -1.1    MM
2026 09 12 11 50 220  1.0  1.0   0.3    16   9.4 208 1021.0  12.5  13.3  12.5   MM   MM    MM
2026 09 12 11 40 210  1.0  2.0    MM    MM    MM  MM 1021.2  12.5  13.3  12.5   MM   MM    MM
2026 09 12 11 30 210  1.0  1.0    MM    MM    MM  MM 1021.2  12.5  13.3  12.4   MM   MM    MM
2026 09 12 11 20 190  1.0  1.0   0.2    MM   7.2  MM 1021.2  12.5  13.3  12.4   MM   MM    MM
2026 09 12 11 10 170  1.0  1.0   0.2    MM   7.2  MM 1021.3  12.6  13.3  12.5   MM   MM    MM
2026 09 12 11 00 190  1.0  2.0    MM    MM    MM  MM 1021.3  12.6  13.3  12.5   MM -1.3    MM
2026 09 12 10 50 190  2.0  3.0   0.2    MM   7.1  MM 1021.5  12.6  13.3  12.4   MM   MM    MM
2026 09 12 10 40 180  2.0  3.0    MM    MM    MM  MM 1021.5  12.8  13.3  12.6   MM   MM    MM
2026 09 12 10 30 190  2.0  2.0    MM    MM    MM  MM 1021.7  12.7  13.4  12.5   MM   MM    MM
2026 09 12 10 20 200  2.0  2.0   0.2    MM   7.5  MM 1021.9  12.7  13.4  12.6   MM   MM    MM
2026 09 12 10 10 210  1.0  2.0   0.2    MM   7.5  MM 1022.1  12.5  13.4    MM   MM   MM    MM
2026 09 12 10 00 200  1.0  2.0    MM    MM    MM  MM 1021.9  12.5  13.4    MM   MM -1.5    MM
2026 09 12 09 50 220  2.0  2.0   0.2    MM   7.4  MM 1022.0  12.6  13.4    MM   MM   MM    MM
2026 09 12 09 40 220  2.0  2.0    MM    MM    MM  MM 1022.1  12.6  13.4    MM   MM   MM    MM
2026 09 12 09 30 220  2.0  2.0    MM    MM    MM  MM 1022.2  12.7  13.4    MM   MM   MM    MM
2026 09 12 09 20 210  2.0  2.0   0.2    MM   6.8  MM 1022.1  12.7  13.4    MM   MM   MM    MM
2026 09 12 09 10 210  2.0  3.0    MM    MM    MM  MM 1022.1  12.7  13.5    MM   MM   MM    MM
2026 09 12 09 00 210  2.0  2.0    MM    MM    MM  MM 1022.2  12.7  13.5    MM   MM -1.4    MM
2026 09 12 08 50 200  2.0  2.0   0.2    MM   6.0  MM 1022.3  12.7  13.5    MM   MM   MM    MM
2026 09 12 08 40 190  2.0  2.0    MM    MM    MM  MM 1022.3  12.7  13.5    MM   MM   MM    MM
2026 09 12 08 30 200  2.0  2.0    MM    MM    MM  MM 1022.3  12.7  13.5    MM   MM   MM    MM
2026 09 12 08 20 200  2.0  3.0   0.2    MM   4.9  MM 1022.6  12.8  13.6    MM   MM   MM    MM
2026 09 12 08 10 190  2.0  3.0   0.2    MM   4.9  MM 1022.6  12.8  13.6    MM   MM   MM    MM
2026 09 12 08 00 180  2.0  3.0    MM    MM    MM  MM 1022.7  12.9  13.6    MM   MM -1.3    MM
2026 09 12 07 50 200  3.0  3.0   0.2    MM   4.1  MM 1022.8  13.0  13.4    MM   MM   MM    MM
2026 09 12 07 40 200  3.0  4.0    MM    MM    MM  MM 1022.8  13.0  13.5    MM   MM   MM    MM
2026 09 12 07 30 180  2.0  3.0    MM    MM    MM  MM 1023.0  13.1  13.5    MM   MM   MM    MM
2026 09 12 07 20 190  2.0  3.0   0.3    MM   3.8 203 1023.1    MM  13.5    MM   MM   MM    MM
2026 09 12 07 10 190  2.0  3.0   0.3    MM   3.8 203 1023.4  13.2  13.5    MM   MM   MM    MM
2026 09 12 07 00 180  3.0  4.0    MM    MM    MM  MM 1023.5  13.3  13.5    MM   MM -0.7    MM
2026 09 12 06 50 170  3.0  4.0   0.3    16   3.5 226 1023.2  13.4  13.6  13.4   MM   MM    MM
2026 09 12 06 40 170  4.0  4.0    MM    MM    MM  MM 1023.1  13.4  13.6  13.2   MM   MM    MM
2026 09 12 06 30 170  3.0  4.0    MM    MM    MM  MM 1023.1  13.4  13.6  13.1   MM   MM    MM
2026 09 12 06 20 170  3.0  4.0   0.3    14   3.4 163 1023.4  13.4  13.7  13.1   MM   MM    MM
2026 09 12 06 10 180  3.0  4.0    MM    MM    MM  MM 1023.6  13.3  13.7  13.0   MM   MM    MM
2026 09 12 06 00 180  4.0  4.0    MM    MM    MM  MM 1023.7  13.3    MM  12.9   MM -1.0    MM
2026 09 12 05 50 190  4.0  5.0   0.4     3   3.2 174 1023.7  13.3  13.7  13.0   MM   MM    MM
2026 09 12 05 40 190  4.0  5.0    MM    MM    MM  MM 1023.8  13.3  13.6  13.0   MM   MM    MM
2026 09 12 05 30 190  5.0  5.0    MM    MM    MM  MM 1023.8  13.3  13.6  13.0   MM   MM    MM
2026 09 12 05 20 190  4.0  5.0   0.3    11   3.4 167 1023.7  13.3  13.8  13.1   MM   MM    MM
2026 09 12 05 10 190  4.0  5.0    MM    MM    MM  MM 1023.9  13.4  13.8  13.1   MM   MM    MM
2026 09 12 05 00 190  5.0  6.0    MM    MM    MM  MM 1024.0  13.4  13.9  13.1   MM -0.8    MM
2026 09 12 04 50 180  4.0  5.0   0.3    12   3.9 169 1024.0  13.5  14.0  13.1   MM   MM    MM
2026 09 12 04 40 180  4.0  6.0    MM    MM    MM  MM 1024.0  13.5  14.0  13.0   MM   MM    MM
2026 09 12 04 30 180  4.0  5.0    MM    MM    MM  MM 1024.0  13.6  14.4  13.0   MM   MM    MM
2026 09 12 04 20 190  4.0  5.0   0.3    16   4.1 139 1024.2  13.6  14.3  12.8   MM   MM    MM
2026 09 12 04 10 190  4.0  5.0    MM    MM    MM  MM 1024.2  13.7  14.1  12.9   MM   MM    MM
2026 09 12 04 00 190  4.0  5.0    MM    MM    MM  MM 1024.2  13.7  14.0  12.7   MM -1.3    MM
2026 09 12 03 50 190  4.0  5.0   0.2    MM   6.9  MM 1024.2  13.8  13.9  12.5   MM   MM    MM
2026 09 12 03 40 190  3.0  4.0   0.2    MM   6.9  MM 1024.2  13.9  13.8  12.4   MM   MM    MM
2026 09 12 03 30 180  3.0  3.0    MM    MM    MM  MM 1024.3  13.9  13.7  12.2   MM   MM    MM
2026 09 12 03 20 180  3.0  4.0   0.2    MM   6.5  MM 1024.4  14.0  13.6  12.0   MM   MM    MM
2026 09 12 03 10 170  1.0  2.0   0.2    MM   6.5  MM 1024.5  13.9  13.6  12.0   MM   MM    MM
2026 09 12 03 00 170  1.0  1.0    MM    MM    MM  MM 1024.6  14.2  13.7  12.4   MM -0.9    MM
2026 09 12 02 50 180  1.0  1.0   0.2    MM   7.6  MM 1024.6  14.2  14.0  12.1   MM   MM    MM
2026 09 12 02 40  MM  0.0  1.0    MM    MM    MM  MM 1024.6  14.2  13.3  12.2   MM   MM    MM
2026 09 12 02 30  MM  0.0  0.0    MM    MM    MM  MM 1024.7  14.4  13.2  13.4   MM   MM    MM
2026 09 12 02 20  MM  0.0  1.0   0.2    MM   8.2  MM 1024.5  14.2  13.2  12.9   MM   MM    MM
2026 09 12 02 10  30  1.0  1.0    MM    MM    MM  MM 1024.7  14.2  13.2  13.1   MM   MM    MM
2026 09 12 02 00  40  1.0  1.0    MM    MM    MM  MM 1024.7  14.0  13.2  13.0   MM -1.4    MM
2026 09 12 01 50  40  1.0  1.0   0.2    MM   8.7  MM 1024.5  14.0  13.3  12.9   MM   MM    MM
2026 09 12 01 40  40  1.0  1.0    MM    MM    MM  MM 1024.8  14.0  13.3  12.9   MM   MM    MM
2026 09 12 01 30  40  1.0  2.0    MM    MM    MM  MM 1025.0  14.0  13.3  12.9   MM   MM    MM
2026 09 12 01 20  60  1.0  2.0   0.2    MM   7.4  MM 1025.1  14.0  13.3  12.9   MM   MM    MM
2026 09 12 01 10  60  1.0  1.0   0.2    MM   7.4  MM 1025.3  14.0  13.4  12.7   MM   MM    MM
2026 09 12 01 00  60  1.0  2.0    MM    MM    MM  MM 1025.4  14.0  13.5  12.6   MM -0.9    MM
2026 09 12 00 50  70  1.0  1.0   0.2    MM   6.2  MM 1025.5  14.2  13.5  12.5   MM   MM    MM
2026 09 12 00 40  70  1.0  1.0    MM    MM    MM  MM 1025.5  14.5  13.5  12.4   MM   MM    MM
2026 09 12 00 30  MM  0.0  1.0    MM    MM    MM  MM 1025.5  16.4    MM  12.4   MM   MM    MM
2026 09 12 00 20  MM  0.0  0.0   0.2    MM   7.1  MM 1025.4  16.3  13.4  13.1   MM   MM    MM
2026 09 12 00 10  MM  0.0  0.0   0.2    MM   7.1  MM 1025.5  14.9  13.5  12.8   MM   MM    MM
2026 09 12 00 00  MM  0.0  1.0    MM    MM    MM  MM 1025.4  14.4  13.5  12.6   MM -1.0    MM
2026 09 11 23 50  MM  0.0  1.0   0.2    MM   7.8  MM 1025.5  14.4  13.5  12.6   MM   MM    MM
2026 09 11 23 40  MM  0.0  1.0   0.2    MM   7.8  MM 1025.6  14.3  13.5  12.6   MM   MM    MM
2026 09 11 23 20 230  1.0  2.0   0.2    MM   6.4  MM 1025.8  13.9  13.7  12.5   MM   MM    MM
2026 09 11 23 10 220  1.0  2.0    MM    MM    MM  MM 1026.0  14.0  13.6  12.6   MM   MM    MM
2026 09 11 23 00 230  1.0  2.0    MM    MM    MM  MM 1026.0  14.0  13.5  12.4   MM -0.7    MM
2026 09 11 22 50 260  1.0  2.0   0.2    MM   5.2  MM 1026.1  13.8  13.6  12.0   MM   MM    MM
2026 09 11 22 40  MM  0.0  1.0    MM    MM    MM  MM 1026.1  13.7  13.6  12.0   MM   MM    MM
2026 09 11 22 30  MM  0.0  0.0    MM    MM    MM  MM 1026.1  13.5  13.5  11.9   MM   MM    MM
2026 09 11 22 20  MM  0.0  0.0   0.2    MM   6.4  MM 1026.2  13.5  13.5  12.1   MM   MM    MM
2026 09 11 22 10  MM  0.0  1.0   0.2    MM   6.4  MM 1026.3  13.4  13.5  12.0   MM   MM    MM
2026 09 11 22 00  MM  0.0  1.0    MM    MM    MM  MM 1026.4  13.4  13.4  12.2   MM -0.7    MM
2026 09 11 21 50 350  1.0  2.0   0.2    MM   6.7  MM 1026.5  13.3  13.4  12.1   MM   MM    MM
2026 09 11 21 40  MM  0.0  1.0   0.2    MM   6.7  MM 1026.5  13.4  13.5  12.3   MM   MM    MM
2026 09 11 21 30  60  1.0  1.0    MM    MM    MM  MM 1026.4  13.3  13.4  12.2   MM   MM    MM
2026 09 11 21 20  MM  0.0  2.0   0.2    MM   6.3  MM 1026.3  13.3  13.4  12.3   MM   MM    MM
2026 09 11 21 10  70  1.0  2.0    MM    MM    MM  MM 1026.5  13.3  13.4  12.2   MM   MM    MM
2026 09 11 21 00  90  1.0  2.0    MM    MM    MM  MM 1026.5  13.4  13.3  12.4   MM -0.9    MM
2026 09 11 20 50  80  2.0  2.0   0.2    MM   5.9  MM 1026.4  13.2  13.4  12.2   MM   MM    MM
2026 09 11 20 40  90  2.0  3.0    MM    MM    MM  MM 1026.5  13.3  13.4  12.4   MM   MM    MM
2026 09 11 20 30  80  2.0  2.0    MM    MM    MM  MM 1026.6  13.2  13.4  12.2   MM   MM    MM
2026 09 11 20 20  70  2.0  2.0   0.3    11   5.6 178 1026.7  13.1  13.4  12.0   MM   MM    MM
2026 09 11 20 10  70  2.0  2.0   0.3    MM   5.6 178 1026.8  13.1  13.3  12.2   MM   MM    MM
2026 09 11 20 00  90  2.0  3.0    MM    MM    MM  MM 1026.8  13.0  13.3  12.2   MM -0.5    MM
2026 09 11 19 50  90  2.0  3.0   0.2    MM   5.5  MM 1026.8  13.0  13.3  12.3   MM   MM    MM
2026 09 11 19 40  90  3.0  3.0   0.2    MM   5.5  MM 1026.7  13.0  13.3  12.2   MM   MM    MM
2026 09 11 19 30  90  3.0  3.0    MM    MM    MM  MM 1026.8  12.9  13.3  11.9   MM   MM    MM
2026 09 11 19 20  90  2.0  3.0   0.2    MM   5.3  MM 1026.7  12.8  13.3  12.1   MM   MM    MM
2026 09 11 19 10  90  2.0  2.0   0.2    MM   5.3  MM 1026.8  13.0  13.3  12.5   MM   MM    MM
2026 09 11 19 00  80  2.0  2.0    MM    MM    MM  MM 1027.0  12.9  13.3  12.4   MM -0.5    MM
2026 09 11 18 50  70  1.0  2.0   0.2    MM   5.4  MM 1027.2  12.8  13.3  12.3   MM   MM    MM
2026 09 11 18 40  60  1.0  2.0    MM    MM    MM  MM 1027.3  12.8  13.3  12.3   MM   MM    MM
2026 09 11 18 30  50  1.0  1.0    MM    MM    MM  MM 1027.3  12.8  13.2  12.3   MM   MM    MM
2026 09 11 18 20  40  1.0  1.0   0.2    MM   5.4  MM 1027.3  12.7  13.3  12.0   MM   MM    MM
2026 09 11 18 10  30  1.0  1.0    MM    MM    MM  MM 1027.4  12.7  13.3  11.9   MM   MM    MM
2026 09 11 18 00 350  1.0  1.0    MM    MM    MM  MM 1027.3  12.6  13.3  11.7   MM +0.0    MM
2026 09 11 17 50 320  1.0  1.0   0.2    MM   6.0  MM 1027.4  12.6  13.2  11.7   MM   MM    MM
2026 09 11 17 40 310  1.0  1.0   0.2    MM   6.0  MM 1027.4  12.7  13.2  11.6   MM   MM    MM
2026 09 11 17 30  MM  0.0  1.0    MM    MM    MM  MM 1027.3  12.8  13.2  11.5   MM   MM    MM
2026 09 11 17 20  MM  0.0  1.0   0.2    MM   5.7  MM 1027.3  12.9  13.2  11.7   MM   MM    MM
2026 09 11 17 10 220  2.0  2.0    MM    MM    MM  MM 1027.3  12.7  13.2  11.7   MM   MM    MM
2026 09 11 17 00 230  2.0  2.0    MM    MM    MM  MM 1027.3    MM  13.1    MM   MM +0.0    MM
2026 09 11 16 50 210  2.0  2.0    MM    MM    MM  MM 1027.6  12.6  13.1  12.1   MM   MM    MM
2026 09 11 16 40 200  2.0  2.0    MM    MM    MM  MM 1027.8  12.5    MM  12.2   MM   MM    MM
2026 09 11 16 30 200  2.0  2.0    MM    MM    MM  MM 1027.7  12.5    MM  12.4   MM   MM    MM
2026 09 11 16 10  MM  0.0  1.0    MM    MM    MM  MM 1027.6  12.6  13.1  12.6   MM   MM    MM
2026 09 11 16 00 210  1.0  2.0    MM    MM    MM  MM 1027.8  12.5  13.1  12.5   MM +0.3    MM
2026 09 11 15 50 200  1.0  1.0    MM    MM    MM  MM 1027.6  12.6  13.1  12.5   MM   MM    MM
2026 09 11 15 40  MM  0.0  1.0    MM    MM    MM  MM 1027.6  12.6  13.1  12.5   MM   MM    MM
2026 09 11 15 30  10  1.0  1.0    MM    MM    MM  MM 1027.5  12.5  13.1  12.3   MM   MM    MM
2026 09 11 15 20  MM  0.0  1.0    MM    MM    MM  MM 1027.3  12.6  13.1  12.3   MM   MM    MM
2026 09 11 15 10 320  1.0  2.0    MM    MM    MM  MM 1027.3  12.6  13.1  12.3   MM   MM    MM
2026 09 11 15 00 310  1.0  2.0    MM    MM    MM  MM 1027.3  12.6    MM  12.2   MM +0.0    MM
2026 09 11 14 50 330  1.0  1.0   0.2    MM   6.5  MM 1027.3  12.6  13.2  12.0   MM   MM    MM
2026 09 11 14 40 320  1.0  1.0   0.2    MM   6.5  MM 1027.1  12.6  13.2  11.8   MM   MM    MM
2026 09 11 14 30 270  1.0  1.0    MM    MM    MM  MM 1027.2  12.6  13.2  11.7   MM   MM    MM
2026 09 11 14 20 290  1.0  1.0   0.2    MM   6.3  MM 1027.3  12.6  13.2  11.6   MM   MM    MM
2026 09 11 14 10 290  1.0  2.0   0.2    MM   6.3  MM 1027.3  12.6  13.2  11.7   MM   MM    MM
2026 09 11 14 00 290  1.0  2.0    MM    MM    MM  MM 1027.3  12.7    MM  11.9   MM +0.0    MM
2026 09 11 13 50  MM  0.0  1.0   0.2    MM   5.9  MM 1027.5  12.9  13.2  12.0   MM   MM    MM
2026 09 11 13 40  MM  0.0  1.0   0.2    MM   5.9  MM 1027.4  12.9  13.2  11.5   MM   MM    MM
2026 09 11 13 30  MM  0.0  1.0    MM    MM    MM  MM 1027.4  12.9  13.2  11.2   MM   MM    MM
2026 09 11 13 20  MM  0.0  1.0   0.2    MM   5.5  MM 1027.3  12.8  13.2  11.1   MM   MM    MM
2026 09 11 13 10  MM  0.0  1.0   0.2    MM   5.5  MM 1027.3  12.8  13.2  11.2   MM   MM    MM
2026 09 11 13 00  MM  0.0  1.0    MM    MM    MM  MM 1027.3  12.8  13.2  11.4   MM +0.0    MM
2026 09 11 12 50  MM  0.0  0.0   0.2    MM   5.5  MM 1027.2  12.8  13.3  11.6   MM   MM    MM
2026 09 11 12 40  MM  0.0  1.0    MM    MM    MM  MM 1027.3  12.9  13.3  11.6   MM   MM    MM
2026 09 11 12 30  20  1.0  2.0    MM    MM    MM  MM 1027.2  13.0  13.3  11.5   MM   MM    MM
2026 09 11 12 20  80  1.0  2.0   0.2    MM   5.9  MM 1027.2  13.0  13.3  11.8   MM   MM    MM
2026 09 11 12 10 130  1.0  1.0   0.2    MM   5.9  MM 1027.2  13.0  13.3  12.0   MM   MM    MM
2026 09 11 12 00  90  1.0  1.0    MM    MM    MM  MM 1027.3  13.0  13.3  11.9   MM +0.0    MM
2026 09 11 11 50  70  1.0  2.0   0.2    MM   5.6  MM 1027.3    MM  13.3    MM   MM   MM    MM
2026 09 11 11 40  MM  0.0  1.0   0.2    MM   5.6  MM 1027.3  13.2  13.3  11.5   MM   MM    MM
2026 09 11 11 30  MM  0.0  0.0    MM    MM    MM  MM 1027.2  13.2  13.3  11.6   MM   MM    MM
2026 09 11 11 20  MM  0.0  0.0   0.2    MM   5.4  MM 1027.2  13.2  13.3  11.7   MM   MM    MM
2026 09 11 11 10  MM  0.0  0.0   0.2    MM   5.4  MM 1027.3  13.2  13.3  11.6   MM   MM    MM
2026 09 11 11 00  MM  0.0  1.0    MM    MM    MM  MM 1027.3  13.4  13.4  11.6   MM -0.3    MM
2026 09 11 10 50  10  1.0  1.0   0.2    MM   5.3  MM 1027.3  13.3  13.3  11.6   MM   MM    MM
2026 09 11 10 40  MM  0.0  1.0   0.2    MM   5.3  MM 1027.1  13.2  13.4  11.6   MM   MM    MM
2026 09 11 10 30  MM  0.0  1.0    MM    MM    MM  MM 1027.3  13.2  13.4  11.7   MM   MM    MM
2026 09 11 10 20  MM  0.0  0.0   0.2    MM   5.0  MM 1027.4  13.3  13.4  11.7   MM   MM    MM
2026 09 11 10 10  MM  0.0  1.0   0.2    MM   5.0  MM 1027.4  13.4  13.4  11.7   MM   MM    MM
2026 09 11 10 00 250  1.0  2.0    MM    MM    MM  MM 1027.3  13.6  13.4  11.6   MM -0.4    MM
2026 09 11 09 50 260  3.0  4.0   0.2    MM   5.1  MM 1027.3  13.8    MM  11.2   MM   MM    MM
2026 09 11 09 40 270  4.0  4.0    MM    MM    MM  MM 1027.2  14.0  13.4  11.1   MM   MM    MM
2026 09 11 09 30 270  4.0  4.0    MM    MM    MM  MM 1027.2  14.0  13.4  11.0   MM   MM    MM
2026 09 11 09 20 270  4.0  4.0   0.2    MM   5.1  MM 1027.3  13.9  13.4  11.2   MM   MM    MM
2026 09 11 09 10 270  4.0  4.0   0.2    MM   5.1  MM 1027.3  14.0  13.4  11.1   MM   MM    MM
2026 09 11 09 00 260  4.0  4.0    MM    MM    MM  MM 1027.3  13.9  13.4  11.2   MM +0.0    MM
2026 09 11 08 50 250  4.0  4.0   0.2    MM   4.9  MM 1027.5  13.8  13.4  11.6   MM   MM    MM
2026 09 11 08 40 230  4.0  5.0    MM    MM    MM  MM 1027.6  13.7  13.4  11.8   MM   MM    MM
2026 09 11 08 30 230  3.0  4.0    MM    MM    MM  MM 1027.8  13.8  13.4  11.8   MM   MM    MM
2026 09 11 08 20 240  4.0  5.0   0.3    12   4.7 200 1027.6  13.9  13.4  11.4   MM   MM    MM
2026 09 11 08 10 240  5.0  6.0   0.3    MM   4.7 200 1027.6  13.8  13.4  11.6   MM   MM    MM
2026 09 11 08 00 250  4.0  5.0    MM    MM    MM  MM 1027.6  13.9  13.4  11.5   MM +0.4    MM
2026 09 11 07 50 250  3.0  4.0   0.3    12   4.5 196 1027.6  13.9  13.4  11.6   MM   MM    MM
2026 09 11 07 40 260  3.0  4.0    MM    MM    MM  MM 1027.6  13.8  13.4  11.8   MM   MM    MM
2026 09 11 07 30 260  3.0  4.0    MM    MM    MM  MM 1027.5  13.8  13.4  11.8   MM   MM    MM
2026 09 11 07 20 260  3.0  3.0   0.3    13   3.8 179 1027.4  13.8  13.4  11.8   MM   MM    MM
2026 09 11 07 10 260  3.0  3.0   0.3    MM   3.8 179 1027.5  13.9  13.4  11.7   MM   MM    MM
2026 09 11 07 00 260  3.0  4.0    MM    MM    MM  MM 1027.8  13.9  13.4  11.8   MM +0.5    MM
2026 09 11 06 50 260  3.0  4.0   0.3    12   3.4 182 1027.8  13.8    MM  12.1   MM   MM    MM
2026 09 11 06 40 240  3.0  4.0    MM    MM    MM  MM 1027.7  13.9  13.4  12.0   MM   MM    MM
2026 09 11 06 30 230  3.0  4.0    MM    MM    MM  MM 1027.7  13.9  13.4  12.0   MM   MM    MM
2026 09 11 06 20 230  2.0  3.0   0.3    13   3.4 212 1027.6  14.3  13.4  11.6   MM   MM    MM
2026 09 11 06 10 260  2.0  3.0    MM    MM    MM  MM 1027.8  14.9  13.4  10.9   MM   MM    MM
2026 09 11 06 00 250  3.0  6.0    MM    MM    MM  MM 1027.6  14.6  13.4  10.7   MM +0.4    MM
2026 09 11 05 50 310  2.0  4.0   0.3     3   3.4 283 1027.5  14.3  13.4  12.0   MM   MM    MM
2026 09 11 05 40 350  3.0  4.0    MM    MM    MM  MM 1027.3  14.7  13.4  11.7   MM   MM    MM
2026 09 11 05 30 340  4.0  5.0    MM    MM    MM  MM 1027.2  15.0  13.4  10.8   MM   MM    MM
2026 09 11 05 20 340  3.0  4.0   0.3    12   3.2 154 1027.1  15.1  13.4  10.9   MM   MM    MM
2026 09 11 05 10 330  4.0  4.0   0.3    MM   3.2 154 1027.0  15.1  13.4  10.8   MM   MM    MM
2026 09 11 05 00 320  4.0  4.0    MM    MM    MM  MM 1027.0  15.1  13.4  10.7   MM +0.0    MM
2026 09 11 04 50 320  4.0  4.0   0.4     3   3.3 281 1027.1  15.2  13.4  10.7   MM   MM    MM
2026 09 11 04 40 310  4.0  5.0   0.4    MM   3.3 281 1027.1  15.1  13.4  10.7   MM   MM    MM
2026 09 11 04 30 310  4.0  5.0    MM    MM    MM  MM 1027.3  15.2  13.4  10.8   MM   MM    MM
2026 09 11 04 20 300  5.0  6.0   0.4     3   3.3 289 1027.4  15.2  13.4  10.7   MM   MM    MM
2026 09 11 04 10 300  5.0  6.0    MM    MM    MM  MM 1027.6  15.4  13.4  10.7   MM   MM    MM
2026 09 11 04 00 300  6.0  7.0    MM    MM    MM  MM 1027.4  15.6  13.4  10.3   MM   MM    MM
2026 09 11 03 50 300  6.0  7.0   0.4     3   3.3 289 1027.3  15.7  13.4  10.1   MM   MM    MM
2026 09 11 03 40 300  6.0  7.0    MM    MM    MM  MM 1027.1  15.5  13.4  10.3   MM   MM    MM
2026 09 11 03 30 300  6.0  7.0    MM    MM    MM  MM 1027.3  15.4  13.4  10.4   MM   MM    MM
2026 09 11 03 20 300  6.0  7.0   0.4     3   3.4 301 1027.3  15.5  13.4  10.4   MM   MM    MM
2026 09 11 03 10 300  6.0  7.0   0.4    MM   3.4 301 1027.1  15.1  13.4  10.7   MM   MM    MM
2026 09 11 03 00 300  5.0  6.0    MM    MM    MM  MM 1027.0  15.0  13.4  11.1   MM   MM    MM
2026 09 11 02 50 300  5.0  6.0   0.4     3   3.3 293 1026.9  15.3  13.4  10.6   MM   MM    MM
2026 09 11 02 40 300  5.0  6.0   0.4    MM   3.3 293 1027.0  15.3  13.4  10.5   MM   MM    MM
2026 09 11 02 30 300  5.0  7.0    MM    MM    MM  MM 1027.1  15.2  13.4  10.6   MM   MM    MM
2026 09 11 02 20 290  5.0  6.0   0.5     3   3.4 289 1027.1  15.4  13.4  10.6   MM   MM    MM
2026 09 11 02 10 290  6.0  7.0    MM    MM    MM  MM 1026.8  15.5  13.4  10.2   MM   MM    MM
2026 09 11 02 00 290  6.0  7.0    MM    MM    MM  MM 1026.8    MM  13.4    MM   MM +0.0    MM
2026 09 11 01 50 280  5.0  6.0    MM    MM    MM  MM 1026.9  15.2  13.4  10.8   MM   MM    MM
2026 09 11 01 40 280  5.0  6.0    MM    MM    MM  MM 1026.8  15.5  13.4  10.1   MM   MM    MM
2026 09 11 01 30 290  6.0  7.0    MM    MM    MM  MM 1026.8  15.8  13.4   9.8   MM   MM    MM
2026 09 11 01 20 290  7.0  8.0    MM    MM    MM  MM 1027.0  15.8  13.4   9.7   MM   MM    MM
2026 09 11 01 10 280  7.0  8.0    MM    MM    MM  MM 1027.3  15.6  13.4   9.9   MM   MM    MM
2026 09 11 00 50 280  6.0  7.0   0.5     3   3.4 284 1026.8  15.3  13.4  10.3   MM   MM    MM
2026 09 11 00 40 290  6.0  7.0    MM    MM    MM  MM 1026.7  15.3  13.4  10.2   MM   MM    MM
2026 09 10 23 00 290  7.0  9.0    MM    MM    MM  MM 1026.7  15.2  13.4   9.7   MM   MM    MM
2026 09 10 22 50 290  7.0  9.0    MM    MM    MM  MM 1026.6  15.2  13.4   9.7   MM   MM    MM
2026 09 10 22 30 290  8.0  9.0    MM    MM    MM  MM 1026.5  15.0    MM  10.0   MM   MM    MM
2026 09 10 22 10 290  8.0  9.0    MM    MM    MM  MM 1026.9  14.9  13.4  10.0   MM   MM    MM
2026 09 10 21 40  MM   MM   MM   0.7     3   3.5 291     MM    MM  13.3    MM   MM   MM    MM
2026 09 10 21 30 290  7.0  9.0    MM    MM    MM  MM 1026.6  14.6  13.3  10.0   MM   MM    MM
2026 09 10 21 20 300  8.0  9.0    MM    MM    MM  MM 1026.4  14.5  13.3  10.1   MM   MM    MM
2026 09 10 21 10 300  8.0  9.0    MM    MM    MM  MM 1026.5  14.5  13.3  10.0   MM   MM    MM
2026 09 10 20 30 290  8.0 10.0    MM    MM    MM  MM 1026.3  14.1    MM  10.2   MM   MM    MM
2026 09 10 20 20 290  8.0  9.0    MM    MM    MM  MM 1026.2  14.0    MM  10.3   MM   MM    MM
2026 09 10 19 30 310  8.0  9.0    MM    MM    MM  MM 1026.5  13.5    MM  10.1   MM   MM    MM
2026 09 10 19 20 320  8.0  9.0    MM    MM    MM  MM 1026.2    MM    MM    MM   MM   MM    MM
2026 09 10 19 00 320  5.0  5.0    MM    MM    MM  MM 1026.2    MM    MM    MM   MM   MM    MM
2026 09 10 18 10 330  7.0  8.0    MM    MM    MM  MM 1026.2  13.7    MM   9.9   MM   MM    MM
2026 09 10 18 00 320  7.0  8.0    MM    MM    MM  MM 1026.2  13.8  13.2   9.8   MM   MM    MM
2026 09 10 17 30 310  7.0  8.0    MM    MM    MM  MM 1026.0  13.9    MM   9.5   MM   MM    MM
2026 09 10 16 10 320  6.0  7.0    MM    MM    MM  MM 1025.5  13.8    MM  10.0   MM   MM    MM
2026 09 10 15 50 330  6.0  7.0    MM    MM    MM  MM 1025.4    MM    MM    MM   MM   MM    MM
2026 09 10 15 30 310  6.0  7.0    MM    MM    MM  MM 1025.3  13.7    MM   9.6   MM   MM    MM
2026 09 10 15 20 310  5.0  6.0    MM    MM    MM  MM 1024.8    MM  13.2    MM   MM   MM    MM
2026 09 10 14 50 310  6.0  7.0   0.6     3   3.7 276 1024.7  13.8  13.3   9.5   MM   MM    MM
2026 09 10 14 40 310  6.0  7.0   0.6    MM   3.7 276 1024.5    MM  13.3    MM   MM   MM    MM
2026 09 10 14 30 310  6.0  7.0    MM    MM    MM  MM 1024.5  13.6  13.3  10.3   MM   MM    MM
2026 09 10 14 20 310  6.0  7.0   0.7     3   3.6 275 1024.5  13.8  13.3  10.6   MM   MM    MM
2026 09 10 14 10 310  6.0  8.0   0.7    MM   3.6 275 1024.5  13.9  13.3  10.5   MM   MM    MM
2026 09 10 14 00 300  7.0  8.0    MM    MM    MM  MM 1024.3  13.9  13.3  10.4   MM +1.2    MM
2026 09 10 13 50 300  7.0  8.0   0.7     3   3.8 285 1024.2  14.0  13.3  10.2   MM   MM    MM
2026 09 10 13 40 300  7.0  8.0   0.7    MM   3.8 285 1024.2  14.1  13.3  10.2   MM   MM    MM
2026 09 10 13 30 300  7.0  8.0    MM    MM    MM  MM 1024.2  14.2  13.2  10.0   MM   MM    MM
2026 09 10 13 20 300  8.0  9.0   0.7     4   3.6 277 1024.2  14.4  13.2   9.8   MM   MM    MM
2026 09 10 13 10 300  8.0  9.0   0.7    MM   3.6 277 1024.2  14.4  13.2   9.8   MM   MM    MM
2026 09 10 13 00 300  7.0  8.0    MM    MM    MM  MM 1024.0  14.3  13.2   9.9   MM +1.0    MM
2026 09 10 12 50 300  8.0  9.0   0.6     4   3.7 272 1023.9  14.5  13.2   9.5   MM   MM    MM
2026 09 10 12 40 300  7.0  8.0    MM    MM    MM  MM 1023.8  14.3  13.2   9.9   MM   MM    MM
2026 09 10 12 30 300  6.0  8.0    MM    MM    MM  MM 1023.7  14.2  13.2  10.2   MM   MM    MM
2026 09 10 12 20 310  6.0  7.0   0.6     4   3.7 274 1023.7  14.3  13.2  10.0   MM   MM    MM
2026 09 10 12 10 300  7.0  8.0   0.6    MM   3.7 274 1023.5  14.4  13.2   9.6   MM   MM    MM
2026 09 10 12 00 290  6.0  7.0    MM    MM    MM  MM 1023.5  14.2  13.2   9.9   MM +1.1    MM
2026 09 10 11 50 290  5.0  7.0   0.6     4   3.9 266 1023.6  14.0  13.2  10.4   MM   MM    MM
2026 09 10 11 40 290  5.0  6.0   0.6    MM   3.9 266 1023.6  14.0  13.2  10.4   MM   MM    MM
2026 09 10 11 30 300  5.0  6.0    MM    MM    MM  MM 1023.4  14.0  13.1  10.4   MM   MM    MM
2026 09 10 11 20 300  4.0  5.0   0.6     4   4.0 267 1023.3  13.8  13.2  10.8   MM   MM    MM
2026 09 10 11 10 310  4.0  5.0   0.6    MM   4.0 267 1023.2  13.8  13.2  11.0   MM   MM    MM
2026 09 10 11 00 310  5.0  5.0    MM    MM    MM  MM 1023.1  14.1  13.2  10.8   MM +1.1    MM
2026 09 10 10 50 310  5.0  7.0   0.7     4   4.0 264 1023.1  14.2  13.2  10.4   MM   MM    MM
2026 09 10 10 40 300  6.0  7.0    MM    MM    MM  MM 1023.0  14.2  13.2  10.2   MM   MM    MM
2026 09 10 10 30 300  5.0  6.0    MM    MM    MM  MM 1022.9  14.1  13.2  10.4   MM   MM    MM
2026 09 10 10 20 300  5.0  6.0   0.6     4   3.8 270 1022.9  14.1  13.2  10.4   MM   MM    MM
2026 09 10 10 10 300  6.0  7.0   0.6    MM   3.8 270 1022.9  14.1  13.2  10.2   MM   MM    MM
2026 09 10 10 00 300  5.0  7.0    MM    MM    MM  MM 1022.9  14.0  13.2  10.5   MM +1.4    MM
2026 09 10 09 50 300  6.0  7.0   0.6     4   3.9 268 1022.9  14.1  13.2  10.2   MM   MM    MM
2026 09 10 09 40 300  6.0  8.0    MM    MM    MM  MM 1022.8  14.0  13.2  10.3   MM   MM    MM
2026 09 10 09 30 300  6.0  8.0    MM    MM    MM  MM 1022.6  14.1  13.2  10.4   MM   MM    MM
2026 09 10 09 20 310  6.0  7.0   0.7     4   3.9 263 1022.5  14.0  13.2  10.4   MM   MM    MM
2026 09 10 09 10 300  6.0  8.0   0.7    MM   3.9 263 1022.4  14.1  13.2  10.1   MM   MM    MM
2026 09 10 09 00 310  7.0  8.0    MM    MM    MM  MM 1022.5  14.0  13.2  10.3   MM +1.9    MM
2026 09 10 08 50 310  6.0  8.0   0.7     4   3.9 264 1022.3  14.0  13.2  10.5   MM   MM    MM
2026 09 10 08 40 310  6.0  7.0   0.7    MM   3.9 264 1022.3  13.8  13.3  10.8   MM   MM    MM
2026 09 10 08 30 310  5.0  6.0    MM    MM    MM  MM 1022.1  13.9    MM  11.0   MM   MM    MM
2026 09 10 08 20 310  4.0  5.0   0.8     4   3.9 268 1022.1  14.0  13.3  10.8   MM   MM    MM
2026 09 10 08 10 310  5.0  6.0    MM    MM    MM  MM 1022.1  14.2  13.2  10.6   MM   MM    MM
2026 09 10 08 00 310  6.0  7.0    MM    MM    MM  MM 1022.1  14.5  13.2  10.1   MM +1.6    MM
2026 09 10 07 50 310  7.0  8.0   0.8     5   3.8 258 1022.1  14.7  13.2   9.5   MM   MM    MM
2026 09 10 07 40 310  7.0  8.0    MM    MM    MM  MM 1022.0  14.8  13.2   9.5   MM   MM    MM
2026 09 10 07 30 310  8.0  9.0    MM    MM    MM  MM 1021.8  14.9  13.3   9.1   MM   MM    MM
2026 09 10 07 20 310  8.0 10.0   0.8     4   3.8 265 1021.6  15.0  13.3   9.0   MM   MM    MM
2026 09 10 07 10 300  8.0 10.0   0.8    MM   3.8 265 1021.6  14.9  13.2   9.3   MM   MM    MM
2026 09 10 07 00 300  8.0  9.0    MM    MM    MM  MM 1021.6  15.0    MM   9.2   MM +1.5    MM
2026 09 10 06 50 290  8.0  9.0   0.8     4   3.6 270 1021.4  14.8  13.2   9.3   MM   MM    MM
2026 09 10 06 40 290  7.0  9.0    MM    MM    MM  MM 1021.3  14.7  13.2   9.5   MM   MM    MM
2026 09 10 06 30 290  7.0  9.0    MM    MM    MM  MM 1021.1  14.8  13.2   9.4   MM   MM    MM
2026 09 10 06 20 300  8.0 10.0   0.7     4   3.6 252 1021.1  15.0  12.9   9.0   MM   MM    MM
2026 09 10 06 10 300  9.0 10.0    MM    MM    MM  MM 1020.9  15.2  13.0   8.8   MM   MM    MM
2026 09 10 06 00 310  8.0 11.0    MM    MM    MM  MM 1020.7  14.8    MM   9.1   MM +0.8    MM
2026 09 10 05 50 300  5.0  6.0   0.8     4   3.7 264 1020.7  14.4  12.8  10.1   MM   MM    MM
2026 09 10 05 40 300  6.0  8.0    MM    MM    MM  MM 1020.7  14.7  12.8   9.7   MM   MM    MM
2026 09 10 05 30 310  7.0  8.0    MM    MM    MM  MM 1020.6  14.7  12.8   9.6   MM   MM    MM
2026 09 10 05 20 300  7.0  8.0   0.7     4   3.6 270 1020.5  14.7  12.8   9.5   MM   MM    MM
2026 09 10 05 10 300  7.0  8.0    MM    MM    MM  MM 1020.5  14.7  12.8   9.5   MM   MM    MM
2026 09 10 05 00 300  7.0  8.0    MM    MM    MM  MM 1020.5  14.6  12.8   9.7   MM +1.0    MM
2026 09 10 04 50 300  7.0  9.0   0.7     4   3.6 274 1020.6  14.7  12.8   9.5   MM   MM    MM
2026 09 10 04 40 290  8.0  9.0    MM    MM    MM  MM 1020.6  14.9  12.8   9.3   MM   MM    MM
2026 09 10 04 30 290  9.0 10.0    MM    MM    MM  MM 1020.5  15.0  12.8   9.1   MM   MM    MM
2026 09 10 04 20 290  9.0 11.0   0.8     4   3.6 267 1020.4  15.3  12.8   8.8   MM   MM    MM
2026 09 10 04 10 300  9.0 11.0   0.8    MM   3.6 267 1020.2  15.2  12.8   8.8   MM   MM    MM
2026 09 10 04 00 290  8.0  9.0    MM    MM    MM  MM 1020.2  14.9  12.8   9.4   MM +0.5    MM
2026 09 10 03 50 290  8.0  9.0   0.9     4   3.7 263 1020.2  14.8  12.9   9.5   MM   MM    MM
2026 09 10 03 40 290  8.0  9.0    MM    MM    MM  MM 1020.1  15.0  12.9   9.3   MM   MM    MM
2026 09 10 03 30 290  8.0 10.0    MM    MM    MM  MM 1020.1  15.1  13.0   8.9   MM   MM    MM
2026 09 10 03 20 290  9.0 10.0   0.8     4   3.6 265 1020.0  15.2    MM   8.8   MM   MM    MM
2026 09 10 03 10 290  9.0 11.0   0.8    MM   3.6 265 1019.8  15.4  13.3   8.6   MM   MM    MM
2026 09 10 03 00 290  9.0 10.0    MM    MM    MM  MM 1019.8  15.4  13.3   8.8   MM +0.3    MM
2026 09 10 02 50 290  9.0 11.0   0.9     4   3.7 260 1019.9  15.4  13.4   8.6   MM   MM    MM
2026 09 10 02 40 290  9.0 11.0    MM    MM    MM  MM 1019.8  15.2  13.4   8.9   MM   MM    MM
2026 09 10 02 30 290  9.0 10.0    MM    MM    MM  MM 1019.8  15.1  13.4   9.2   MM   MM    MM
2026 09 10 02 20 290  9.0 10.0   0.9     4   3.9 258 1019.6  15.1  13.5   9.4   MM   MM    MM
2026 09 10 02 10 290  9.0 10.0   0.9    MM   3.9 258 1019.5  15.2  13.5   9.2   MM   MM    MM
2026 09 10 02 00 280  9.0 10.0    MM    MM    MM  MM 1019.5  15.2  13.5   9.0   MM +0.3    MM
2026 09 10 01 50 290  9.0 11.0   0.9     4   3.9 257 1019.6  15.3  13.5   9.1   MM   MM    MM
2026 09 10 01 40 280  9.0 10.0    MM    MM    MM  MM 1019.6  15.1  13.5   9.4   MM   MM    MM
2026 09 10 01 30 280  8.0 10.0    MM    MM    MM  MM 1019.5  15.2  13.5   9.4   MM   MM    MM
2026 09 10 01 20 280  8.0 10.0   0.9     4   3.9 263 1019.5  15.3  13.5   9.3   MM   MM    MM
2026 09 10 01 10 280  9.0 10.0   0.9    MM   3.9 263 1019.5  15.2  13.5   9.3   MM   MM    MM
2026 09 10 01 00 280  9.0 10.0    MM    MM    MM  MM 1019.6  15.2  13.5   9.2   MM +0.4    MM
2026 09 10 00 50 280  9.0 11.0   0.9     4   3.8 266 1019.6  15.2  13.6   9.2   MM   MM    MM
2026 09 10 00 40 280  9.0 10.0    MM    MM    MM  MM 1019.5  15.3  13.6   9.1   MM   MM    MM
2026 09 10 00 30 280  9.0 11.0    MM    MM    MM  MM 1019.6  15.2    MM   9.2   MM   MM    MM
2026 09 10 00 20 280  9.0 10.0   0.9     4   3.8 275 1019.6  15.1  13.5   9.6   MM   MM    MM
2026 09 10 00 10 280  8.0 10.0   0.9    MM   3.8 275 1019.6  15.1  13.5  10.0   MM   MM    MM
2026 09 10 00 00 290  9.0 11.0    MM    MM    MM  MM 1019.5  15.4  13.5   9.5   MM +0.9    MM
2026 09 09 23 50 290 10.0 11.0   0.8    MM   3.8 274 1019.3    MM    MM    MM   MM   MM    MM
2026 09 09 23 40 290  9.0 11.0   0.8    MM   3.8 274 1019.2  15.5  13.5   9.3   MM   MM    MM
2026 09 09 23 30 290  9.0 11.0    MM    MM    MM  MM 1019.3  15.4  13.5   9.5   MM   MM    MM
2026 09 09 23 20 290  9.0 11.0   0.7     4   3.8 278 1019.3  15.2  13.6   9.6   MM   MM    MM
2026 09 09 23 10 290  9.0 11.0    MM    MM    MM  MM 1019.2  15.3  13.3   9.6   MM   MM    MM
2026 09 09 23 00 290  8.0 10.0    MM    MM    MM  MM 1019.1  15.2  12.9   9.8   MM +0.9    MM
2026 09 09 22 50 310  5.0  8.0    MM    MM    MM  MM 1019.1  14.5  12.8  10.7   MM   MM    MM
2026 09 09 22 40 310  5.0  6.0    MM    MM    MM  MM 1019.2  14.1  12.8  11.0   MM   MM    MM
2026 09 09 22 30 330  2.0  4.0    MM    MM    MM  MM 1019.3  13.4  12.8  11.5   MM   MM    MM
2026 09 09 22 20 340  2.0  3.0    MM    MM    MM  MM 1019.3  13.0  12.7  11.8   MM   MM    MM
2026 09 09 22 10 320  2.0  3.0    MM    MM    MM  MM 1019.2  12.8  12.8  11.7   MM   MM    MM
2026 09 09 22 00 300  2.0  3.0    MM    MM    MM  MM 1019.2    MM  12.8    MM   MM   MM    MM
2026 09 09 21 50 320  2.0  3.0    MM    MM    MM  MM 1019.0  12.3  12.8  11.7   MM   MM    MM
2026 09 09 21 40 320  3.0  4.0    MM    MM    MM  MM 1018.9  12.2  12.8  11.6   MM   MM    MM
2026 09 09 21 30 330  3.0  4.0    MM    MM    MM  MM 1018.9  12.2  12.8  11.4   MM   MM    MM
2026 09 09 21 20 330  4.0  5.0    MM    MM    MM  MM 1018.8    MM  12.7    MM   MM   MM    MM
2026 09 09 21 10 330  4.0  4.0    MM    MM    MM  MM 1018.7  12.0  12.7  11.2   MM   MM    MM
2026 09 09 21 00 330  4.0  5.0    MM    MM    MM  MM 1018.6  12.0  12.7  11.3   MM +1.7    MM
2026 09 09 20 40 340  4.0  5.0    MM    MM    MM  MM 1018.7  12.0    MM  10.9   MM   MM    MM
2026 09 09 20 30 350  4.0  5.0    MM    MM    MM  MM 1018.6  11.7  12.6  10.3   MM   MM    MM
2026 09 09 20 20 350  3.0  4.0    MM    MM    MM  MM 1018.2    MM    MM    MM   MM   MM    MM
2026 09 09 20 00 340  3.0  3.0    MM    MM    MM  MM 1018.2    MM  12.6    MM   MM   MM    MM
2026 09 09 18 00 260  2.0  2.0    MM    MM    MM  MM 1017.1  11.7    MM  11.2   MM +2.0    MM
2026 09 09 17 20 300  2.0  2.0    MM    MM    MM  MM 1016.9  11.6    MM  11.2   MM   MM    MM
2026 09 09 16 00 310  3.0  3.0    MM    MM    MM  MM 1015.8  11.5    MM  11.2   MM +2.8    MM
2026 09 09 15 50 320  3.0  4.0   0.4     8   4.6 178 1015.7  11.4  12.4  11.1   MM   MM    MM
2026 09 09 15 40 330  3.0  4.0   0.4    MM   4.6 178 1015.6  11.4  12.4  11.2   MM   MM    MM
2026 09 09 15 30 330  3.0  3.0    MM    MM    MM  MM 1015.4  11.5  12.4  11.3   MM   MM    MM
2026 09 09 15 20 320  3.0  4.0   0.4     8   4.1 169 1015.2  11.5  12.4  11.3   MM   MM    MM
2026 09 09 15 10 310  3.0  4.0   0.4    MM   4.1 169 1014.9  11.4  12.4  11.3   MM   MM    MM
2026 09 09 15 00 300  3.0  4.0    MM    MM    MM  MM 1014.9  11.6    MM  11.6   MM +3.0    MM
2026 09 09 14 50 310  3.0  3.0   0.4     9   5.3 178 1014.8  11.5  12.4  11.5   MM   MM    MM
2026 09 09 14 40 290  3.0  4.0   0.4    MM   5.3 178 1014.7  11.6  12.4    MM   MM   MM    MM
2026 09 09 14 30 290  4.0  5.0    MM    MM    MM  MM 1014.5  11.6  12.4    MM   MM   MM    MM
2026 09 09 14 20 310  4.0  5.0   0.3     9   5.2 173 1014.4  11.5  12.4    MM   MM   MM    MM
2026 09 09 14 10 320  3.0  4.0   0.3    MM   5.2 173 1014.3  11.5  12.5    MM   MM   MM    MM
2026 09 09 14 00 310  4.0  4.0    MM    MM    MM  MM 1014.0  11.4  12.5    MM   MM +2.9    MM
2026 09 09 13 50 310  4.0  5.0   0.4    10   5.1 166 1013.9  11.5    MM    MM   MM   MM    MM
2026 09 09 13 40 310  4.0  4.0    MM    MM    MM  MM 1013.6  11.6  12.4    MM   MM   MM    MM
2026 09 09 13 30 300  3.0  4.0    MM    MM    MM  MM 1013.5  11.7  12.4    MM   MM   MM    MM
2026 09 09 13 20 310  3.0  4.0   0.3     8   4.9 176 1013.4  11.7  12.5    MM   MM   MM    MM
2026 09 09 13 10 320  3.0  4.0   0.3    MM   4.9 176 1013.2  11.8  12.5  11.8   MM   MM    MM
2026 09 09 13 00 300  3.0  4.0    MM    MM    MM  MM 1012.9  11.7  12.5  11.7   MM +2.7    MM
2026 09 09 12 50 300  4.0  5.0   0.3     9   5.1 174 1012.8  11.7  12.5    MM   MM   MM    MM
2026 09 09 12 40 300  4.0  5.0    MM    MM    MM  MM 1012.6  11.7  12.5    MM   MM   MM    MM
2026 09 09 12 30 290  4.0  4.0    MM    MM    MM  MM 1012.5  11.8  12.5    MM   MM   MM    MM
2026 09 09 12 20 300  4.0  5.0   0.3    14   5.8 160 1012.3  11.7  12.5    MM   MM   MM    MM
2026 09 09 12 10 290  4.0  5.0   0.3    MM   5.8 160 1012.1  11.7  12.5    MM   MM   MM    MM
2026 09 09 12 00 280  4.0  4.0    MM    MM    MM  MM 1011.9  11.8  12.5    MM   MM +2.2    MM
2026 09 09 11 50 290  4.0  5.0   0.4    10   6.6 168 1011.8  11.6  12.5    MM   MM   MM    MM
2026 09 09 11 40 290  3.0  4.0   0.4    MM   6.6 168 1011.6  11.7  12.6    MM   MM   MM    MM
2026 09 09 11 30 290  4.0  4.0    MM    MM    MM  MM 1011.5  11.8  12.6    MM   MM   MM    MM
2026 09 09 11 20 300  4.0  4.0   0.4    14   6.3 194 1011.3  11.8  12.6    MM   MM   MM    MM
2026 09 09 11 10 300  3.0  4.0   0.4    MM   6.3 194 1011.2  11.8  12.6    MM   MM   MM    MM
2026 09 09 11 00 300  3.0  4.0    MM    MM    MM  MM 1011.1  11.8  12.6    MM   MM +2.1    MM
2026 09 09 10 50 300  3.0  3.0   0.3    14   5.1 180 1011.0  11.8  12.6    MM   MM   MM    MM
2026 09 09 10 40 310  3.0  4.0    MM    MM    MM  MM 1010.9  11.8  12.6    MM   MM   MM    MM
2026 09 09 10 30 320  3.0  4.0    MM    MM    MM  MM 1010.7  11.8  12.6    MM   MM   MM    MM
2026 09 09 10 20 300  2.0  3.0   0.4     8   5.1 157 1010.5  11.6  12.6    MM   MM   MM    MM
2026 09 09 10 10 310  2.0  3.0   0.4    MM   5.1 157 1010.4  11.5  12.6    MM   MM   MM    MM
2026 09 09 10 00 310  2.0  3.0    MM    MM    MM  MM 1010.3  11.4  12.6    MM   MM +2.1    MM
2026 09 09 09 50 340  2.0  3.0   0.3    12   4.6 158 1010.2  11.4  12.6    MM   MM   MM    MM
2026 09 09 09 40 340  3.0  4.0    MM    MM    MM  MM 1010.1  11.5  12.6  11.5   MM   MM    MM
2026 09 09 09 30 330  2.0  3.0    MM    MM    MM  MM 1009.9  11.6  12.6  11.6   MM   MM    MM
2026 09 09 09 20 330  2.0  3.0   0.4     7   4.5 156 1009.9  11.7  12.6  11.7   MM   MM    MM
2026 09 09 09 10 340  2.0  3.0   0.4    MM   4.5 156 1009.9  11.7  12.7  11.6   MM   MM    MM
2026 09 09 09 00 330  2.0  3.0    MM    MM    MM  MM 1009.8  11.8  12.7  11.7   MM +2.1    MM
2026 09 09 08 50 350  2.0  2.0   0.4     8   4.6 166 1009.6  11.7  12.7  11.6   MM   MM    MM
2026 09 09 08 40 360  2.0  2.0    MM    MM    MM  MM 1009.5  11.8  12.7  11.7   MM   MM    MM
2026 09 09 08 30 360  2.0  3.0    MM    MM    MM  MM 1009.3  11.8  12.7  11.7   MM   MM    MM
2026 09 09 08 20 360  3.0  3.0   0.4    14   4.6 177 1009.2  11.8  12.7  11.6   MM   MM    MM
2026 09 09 08 10 360  3.0  4.0    MM    MM    MM  MM 1009.1  11.9  12.7  11.8   MM   MM    MM
2026 09 09 08 00  10  3.0  4.0    MM    MM    MM  MM 1009.0  11.9  12.7  11.9   MM +2.0    MM
2026 09 09 07 50  10  3.0  4.0   0.5    14   4.3 210 1008.8  11.9  12.7  11.9   MM   MM    MM
2026 09 09 07 40  10  3.0  4.0    MM    MM    MM  MM 1008.5  11.9  12.7  11.9   MM   MM    MM
2026 09 09 07 30 350  3.0  4.0    MM    MM    MM  MM 1008.4  11.9  12.7  11.9   MM   MM    MM
2026 09 09 07 20 350  4.0  4.0   0.5     7   4.1 164 1008.4  11.9  12.7    MM   MM   MM    MM
2026 09 09 07 10 340  4.0  5.0   0.5    MM   4.1 164 1008.4  11.8    MM    MM   MM   MM    MM
2026 09 09 07 00 350  3.0  4.0    MM    MM    MM  MM 1008.3  11.8  12.7    MM   MM +1.6    MM
2026 09 09 06 50 350  3.0  4.0   0.5     8   4.0 171 1008.1  11.8  12.7    MM   MM   MM    MM
2026 09 09 06 40 330  3.0  3.0    MM    MM    MM  MM 1008.0    MM  12.7    MM   MM   MM    MM
2026 09 09 06 30 320  3.0  3.0    MM    MM    MM  MM 1007.9  11.8  12.7    MM   MM   MM    MM
2026 09 09 06 20 310  2.0  3.0   0.6     4   3.8 240 1007.7  11.8  12.7    MM   MM   MM    MM
2026 09 09 06 10 320  2.0  3.0   0.6    MM   3.8 240 1007.7  11.8  12.7    MM   MM   MM    MM
2026 09 09 06 00 280  3.0  3.0    MM    MM    MM  MM 1007.7  11.8    MM    MM   MM +1.1    MM
2026 09 09 05 50 260  3.0  5.0   0.6     3   3.9 226 1007.5  11.9  12.7  11.9   MM   MM    MM
2026 09 09 05 40 260  3.0  5.0   0.6    MM   3.9 226 1007.4  11.8  12.7  11.6   MM   MM    MM
2026 09 09 05 30 250  2.0  2.0    MM    MM    MM  MM 1007.3  11.7  12.7  11.4   MM   MM    MM
2026 09 09 05 20  MM  0.0  2.0   0.6     8   3.8 171 1007.1  11.7  12.7  11.4   MM   MM    MM
2026 09 09 05 10 310  1.0  2.0   0.6    MM   3.8 171 1007.1  11.7  12.8  11.5   MM   MM    MM
2026 09 09 05 00 310  2.0  2.0    MM    MM    MM  MM 1007.0  11.7  12.8  11.5   MM -0.0    MM
2026 09 09 04 50 270  2.0  2.0   0.7     3   3.8 200 1006.9  11.7  12.8  11.6   MM   MM    MM
2026 09 09 04 40 230  2.0  4.0   0.7    MM   3.8 200 1006.8  11.7  12.8  11.7   MM   MM    MM
2026 09 09 04 30 210  5.0  6.0    MM    MM    MM  MM 1006.8  11.7  12.8  11.3   MM   MM    MM
2026 09 09 04 20 240  5.0  7.0   0.6     3   4.0 216 1006.8  12.1  12.8  11.1   MM   MM    MM
2026 09 09 04 10 230  5.0  6.0    MM    MM    MM  MM 1006.7  11.9  12.8  11.3   MM   MM    MM
2026 09 09 04 00 230  4.0  6.0    MM    MM    MM  MM 1006.6  11.7  12.8  11.3   MM -0.5    MM
2026 09 09 03 50 240  4.0  5.0   0.6    14   4.1 178 1006.6  11.6  12.8  11.5   MM   MM    MM
2026 09 09 03 40 250  5.0  6.0    MM    MM    MM  MM 1006.7  11.5  12.8  11.5   MM   MM    MM
2026 09 09 03 30 250  4.0  6.0    MM    MM    MM  MM 1006.6  11.5  12.8  11.5   MM   MM    MM
2026 09 09 03 20 240  5.0  6.0   0.5     7   4.2 163 1006.6  11.4  12.8  11.4   MM   MM    MM
2026 09 09 03 10 240  5.0  6.0    MM    MM    MM  MM 1006.4  11.3  12.8  11.3   MM   MM    MM
2026 09 09 03 00 250  5.0  6.0    MM    MM    MM  MM 1006.6  11.4  12.8  11.4   MM -0.5    MM
2026 09 09 02 50 260  5.0  6.0   0.5    14   4.0 176 1006.5  11.5  12.8  11.5   MM   MM    MM
2026 09 09 02 40 250  6.0  7.0   0.5    MM   4.0 176 1006.6  11.5  12.8  11.4   MM   MM    MM
2026 09 09 02 30 220  6.0  7.0    MM    MM    MM  MM 1006.6  12.1  12.8    MM   MM   MM    MM
2026 09 09 02 20 220  5.0  7.0   0.5    15   3.9 144 1006.7  12.1  12.8    MM   MM   MM    MM
2026 09 09 02 10 230  5.0  7.0   0.5    MM   3.9 144 1006.8  11.9  12.8    MM   MM   MM    MM
2026 09 09 02 00 220  5.0  7.0    MM    MM    MM  MM 1006.9  12.1  12.8    MM   MM -0.6    MM
2026 09 09 01 50 200  4.0  5.0   0.6    15   3.8 155 1006.9  12.2  12.8    MM   MM   MM    MM
2026 09 09 01 40 180  4.0  5.0    MM    MM    MM  MM 1006.9  12.0  12.8    MM   MM   MM    MM
2026 09 09 01 30 180  5.0  6.0    MM    MM    MM  MM 1006.9  12.0  12.8    MM   MM   MM    MM
2026 09 09 01 20 170  6.0  8.0   0.6     4   3.8  63 1006.9  12.1  12.8    MM   MM   MM    MM
2026 09 09 01 10 170  6.0  8.0   0.6    MM   3.8  63 1007.0  12.2  12.9    MM   MM   MM    MM
2026 09 09 01 00 180  6.0  7.0    MM    MM    MM  MM 1007.0  12.4  12.9    MM   MM -0.7    MM
2026 09 09 00 50 180  5.0  6.0   0.6     4   3.7  59 1007.0  12.5  12.9  12.5   MM   MM    MM
2026 09 09 00 40 180  5.0  6.0    MM    MM    MM  MM 1007.0  12.5  12.9  12.3   MM   MM    MM
2026 09 09 00 30 180  5.0  6.0    MM    MM    MM  MM 1006.9  12.5  12.9  12.3   MM   MM    MM
2026 09 09 00 20 170  5.0  7.0   0.7     4   3.8  58 1006.9  12.6  12.8  12.4   MM   MM    MM
2026 09 09 00 10 180  6.0  7.0   0.7    MM   3.8  58 1006.9  12.6  12.9  12.2   MM   MM    MM
2026 09 09 00 00 170  6.0  8.0    MM    MM    MM  MM 1007.0  12.7  13.0  12.1   MM -0.9    MM
2026 09 08 23 50 180  6.0  7.0   0.7     4   3.7  60 1007.1  12.7  13.0  12.1   MM   MM    MM
2026 09 08 23 40 160  3.0  4.0   0.7    MM   3.7  60 1007.2  12.6  13.0  12.1   MM   MM    MM
2026 09 08 23 30 140  4.0  5.0    MM    MM    MM  MM 1007.2  12.8  13.0  12.5   MM   MM    MM
2026 09 08 23 20 130  4.0  6.0   0.6     4   3.9  51 1007.2  12.8  13.1  12.5   MM   MM    MM
2026 09 08 23 10 150  5.0  7.0   0.6    MM   3.9  51 1007.3  12.6  13.1  12.3   MM   MM    MM
2026 09 08 23 00 120  6.0  7.0    MM    MM    MM  MM 1007.3  12.8  13.1  12.5   MM -0.5    MM
2026 09 08 22 50 110  5.0  7.0   0.5     4   4.1  44 1007.3  12.8  13.1  12.2   MM   MM    MM
2026 09 08 22 40 100  2.0  3.0    MM    MM    MM  MM 1007.4  12.8  13.1  12.0   MM   MM    MM
2026 09 08 22 30 120  2.0  3.0    MM    MM    MM  MM 1007.6  12.9  13.2  12.1   MM   MM    MM
2026 09 08 22 20 120  3.0  4.0   0.5     4   4.0  47 1007.6  12.8  13.2  11.8   MM   MM    MM
2026 09 08 22 10 130  3.0  4.0    MM    MM    MM  MM 1007.7  12.6  13.1  11.7   MM   MM    MM
2026 09 08 22 00 160  4.0  6.0    MM    MM    MM  MM 1007.8  12.5  12.9  11.8   MM +0.0    MM
2026 09 08 21 50 180  6.0  8.0   0.5     4   3.9  75 1008.0  12.6  12.8  11.8   MM   MM    MM
2026 09 08 21 40 180  6.0  9.0   0.5    MM   3.9  75 1008.0  12.6  12.8  11.9   MM   MM    MM
2026 09 08 21 30 180  6.0  8.0    MM    MM    MM  MM 1008.0  12.6  12.8  11.9   MM   MM    MM
2026 09 08 21 20 180  6.0  7.0   0.5     9   4.1 177 1008.0  12.7  12.8  12.0   MM   MM    MM
2026 09 08 21 10 170  4.0  7.0   0.5    MM   4.1 177 1007.9  12.8  12.8  11.5   MM   MM    MM
2026 09 08 21 00 180  4.0  5.0    MM    MM    MM  MM 1008.0  12.7  12.8  11.3   MM +0.3    MM
2026 09 08 20 50 180  5.0  6.0   0.6     9   3.5 174 1007.9  12.8  12.8  11.4   MM   MM    MM
2026 09 08 20 40 170  5.0  7.0    MM    MM    MM  MM 1007.8  12.8  12.8  11.4   MM   MM    MM
2026 09 08 20 30 170  6.0  8.0    MM    MM    MM  MM 1007.8  12.8  12.8  11.2   MM   MM    MM
2026 09 08 20 20 170  6.0  9.0   0.6     9   3.4 168 1007.8  12.9  12.8  11.1   MM   MM    MM
2026 09 08 20 10 170  7.0  9.0   0.6    MM   3.4 168 1007.9  12.9  12.8  10.9   MM   MM    MM
2026 09 08 20 00 170  8.0 10.0    MM    MM    MM  MM 1007.9  12.8  12.8  10.8   MM -0.3    MM
2026 09 08 19 50 170  8.0 10.0   0.6     4   3.4  59 1007.8  12.8  12.8  10.8   MM   MM    MM
2026 09 08 19 40 170  8.0 10.0    MM    MM    MM  MM 1007.9  12.8  12.8  10.8   MM   MM    MM
2026 09 08 19 30 180  8.0 10.0    MM    MM    MM  MM 1007.9  12.8  12.8  10.8   MM   MM    MM
2026 09 08 19 20 170  8.0  9.0   0.7     9   3.5 151 1008.0  12.8  12.8  10.8   MM   MM    MM
2026 09 08 19 10 180  8.0 11.0   0.7    MM   3.5 151 1008.0  12.6  12.8  10.9   MM   MM    MM
2026 09 08 19 00 180  9.0 11.0    MM    MM    MM  MM 1008.0  12.7  12.8  11.4   MM -0.5    MM
2026 09 08 18 50 180  8.0 11.0   0.9     4   3.7  55 1007.9  12.7  12.7  11.4   MM   MM    MM
2026 09 08 18 40 190  8.0 10.0   0.9    MM   3.7  55 1008.0  12.6  12.7  11.5   MM   MM    MM
2026 09 08 18 30 180  8.0 10.0    MM    MM    MM  MM 1008.0  12.7  12.7  11.5   MM   MM    MM
2026 09 08 18 20 170  9.0 11.0   0.8     4   3.5  87 1008.0  12.6  12.7  11.9   MM   MM    MM
2026 09 08 18 10 170  9.0 11.0   0.8    MM   3.5  87 1007.9  12.6  12.7  12.0   MM   MM    MM
2026 09 08 18 00 170  9.0 10.0    MM    MM    MM  MM 1007.8  12.5  12.7  12.2   MM -2.1    MM
2026 09 08 17 50 170  9.0 10.0   0.7     3   3.4 100 1007.8  12.5  12.7  12.4   MM   MM    MM
2026 09 08 17 40 180  9.0 11.0    MM    MM    MM  MM 1007.9  12.4  12.7    MM   MM   MM    MM
2026 09 08 17 30 180  9.0 10.0    MM    MM    MM  MM 1007.9  12.5  12.7    MM   MM   MM    MM
2026 09 08 17 20 170  7.0  9.0   0.6     3   3.5  77 1008.0  12.5  12.7    MM   MM   MM    MM
2026 09 08 17 10 170  6.0  8.0   0.6    MM   3.5  77 1008.2  12.6  12.8    MM   MM   MM    MM
2026 09 08 17 00 150  6.0  8.0    MM    MM    MM  MM 1008.3  12.6  12.8    MM   MM -2.5    MM
2026 09 08 16 50 120  6.0  9.0   0.7     3   3.7  91 1008.3  12.5  12.8    MM   MM   MM    MM
2026 09 08 16 40 110  8.0 10.0   0.7    MM   3.7  91 1008.3    MM    MM    MM   MM   MM    MM
2026 09 08 16 30 100  8.0 10.0    MM    MM    MM  MM 1008.3  12.3  12.8    MM   MM   MM    MM
2026 09 08 16 20 100  8.0 10.0   0.6     3   3.5  82 1008.3  12.2  12.9    MM   MM   MM    MM
2026 09 08 16 10 100  8.0 10.0   0.6    MM   3.5  82 1008.5  12.2  12.9    MM   MM   MM    MM
2026 09 08 16 00 100  8.0  9.0    MM    MM    MM  MM 1008.7  12.2  12.9    MM   MM -2.4    MM
2026 09 08 15 50 100  7.0  8.0   0.6    15   3.8 159 1009.0  12.2  12.8    MM   MM   MM    MM
2026 09 08 15 40 110  7.0  9.0   0.6    MM   3.8 159 1009.1  12.2  12.8    MM   MM   MM    MM
2026 09 08 15 30 110  8.0  9.0    MM    MM    MM  MM 1009.2  12.3  12.7  12.3   MM   MM    MM
2026 09 08 15 20 110  7.0  8.0   0.5    15   4.0 183 1009.4  12.2  12.7    MM   MM   MM    MM
2026 09 08 15 10 110  6.0  8.0   0.5    MM   4.0 183 1009.5  12.2  12.7    MM   MM   MM    MM
2026 09 08 15 00  90  5.0  7.0    MM    MM    MM  MM 1009.7  12.3  12.8    MM   MM -1.4    MM
2026 09 08 14 50  90  5.0  6.0   0.5    14   3.9 176 1009.9  12.5  12.8  12.5   MM   MM    MM
2026 09 08 14 40  80  3.0  4.0    MM    MM    MM  MM 1010.1  12.5  12.8  12.2   MM   MM    MM
2026 09 08 14 30 140  2.0  3.0    MM    MM    MM  MM 1010.2  12.4  12.8  11.9   MM   MM    MM
2026 09 08 14 20 160  3.0  4.0   0.6    15   3.9 173 1010.4  12.5  12.8  11.7   MM   MM    MM
2026 09 08 14 10 170  4.0  5.0   0.6    MM   3.9 173 1010.6  12.7  12.8  11.4   MM   MM    MM
2026 09 08 14 00 160  4.0  5.0    MM    MM    MM  MM 1010.7  12.7  12.8  11.8   MM -0.9    MM
2026 09 08 13 50 160  4.0  5.0   0.6     8   3.9 184 1010.8  12.6    MM  11.9   MM   MM    MM
2026 09 08 13 40 170  5.0  6.0   0.6    MM   3.9 184 1010.7  12.5  12.8  11.8   MM   MM    MM
2026 09 08 13 30 170  5.0  6.0    MM    MM    MM  MM 1010.8  12.4  12.8  12.0   MM   MM    MM
2026 09 08 13 20 170  6.0  7.0   0.6     3   3.6 156 1011.1  12.4  12.8  12.2   MM   MM    MM
2026 09 08 13 10 180  7.0  8.0   0.6    MM   3.6 156 1011.1  12.4  12.8  12.4   MM   MM    MM
2026 09 08 13 00 180  7.0  8.0    MM    MM    MM  MM 1011.0  12.3  12.8  12.3   MM -0.6    MM
2026 09 08 12 50 180  8.0  9.0   0.7     3   3.5 164 1011.0  12.3  12.8  12.3   MM   MM    MM
2026 09 08 12 40 180  8.0 10.0   0.7    MM   3.5 164 1011.1  12.5  12.8    MM   MM   MM    MM
2026 09 08 12 30 180  8.0  9.0    MM    MM    MM  MM 1011.1  12.7  12.8    MM   MM   MM    MM
2026 09 08 12 20 180  8.0 10.0   0.7     3   3.5 161 1011.1  12.8  12.8    MM   MM   MM    MM
2026 09 08 12 10 170  7.0  9.0   0.7    MM   3.5 161 1011.2  12.8  12.8    MM   MM   MM    MM
2026 09 08 12 00 170  7.0  9.0    MM    MM    MM  MM 1011.3  12.8  12.8    MM   MM -0.4    MM
2026 09 08 11 50 170  8.0 10.0   0.6     3   3.3 170 1011.3  12.8  12.8    MM   MM   MM    MM
2026 09 08 11 40 170  9.0 11.0    MM    MM    MM  MM 1011.5  12.8  12.8  12.8   MM   MM    MM
2026 09 08 11 30 170  9.0 12.0    MM    MM    MM  MM 1011.7  13.0  12.9  12.9   MM   MM    MM
2026 09 08 11 20 160  5.0 10.0   0.6     3   3.5 158 1011.8  13.0  12.9  12.9   MM   MM    MM
2026 09 08 11 10 100  2.0  2.0   0.6    MM   3.5 158 1011.7  13.1  12.9  13.1   MM   MM    MM
2026 09 08 11 00 140  3.0  4.0    MM    MM    MM  MM 1011.6  13.1  12.9  12.9   MM +0.0    MM
2026 09 08 10 50 160  5.0  7.0   0.6     3   3.6 157 1011.5  13.0  12.9  12.9   MM   MM    MM
2026 09 08 10 40 170  6.0  8.0    MM    MM    MM  MM 1011.3  13.0  12.9  13.0   MM   MM    MM
2026 09 08 10 30 170  6.0  8.0    MM    MM    MM  MM 1011.5  13.0  12.9  13.0   MM   MM    MM
2026 09 08 10 20 170  7.0  9.0   0.6    16   3.4 165 1011.6  12.9  12.9  12.9   MM   MM    MM
2026 09 08 10 10 170  7.0 10.0   0.6    MM   3.4 165 1011.6  12.8  12.9    MM   MM   MM    MM
2026 09 08 10 00 170  8.0 10.0    MM    MM    MM  MM 1011.6  12.8  12.9    MM   MM +0.0    MM
2026 09 08 09 50 170  9.0 11.0   0.6     3   3.3 163 1011.5  12.8  12.8    MM   MM   MM    MM
2026 09 08 09 40 170  8.0 10.0    MM    MM    MM  MM 1011.7  12.8  12.9    MM   MM   MM    MM
2026 09 08 09 30 170  8.0 10.0    MM    MM    MM  MM 1011.6  12.7  12.9    MM   MM   MM    MM
2026 09 08 09 20 170  8.0 10.0   0.7     3   3.6 153 1011.6  12.7  12.9    MM   MM   MM    MM
2026 09 08 09 10 170  8.0 10.0    MM    MM    MM  MM 1011.6  12.7  12.9    MM   MM   MM    MM
2026 09 08 09 00 170  8.0 10.0    MM    MM    MM  MM 1011.7  12.6  12.8    MM   MM +0.4    MM
2026 09 08 08 50 170  8.0 10.0   0.7     3   3.6 162 1011.6  12.6  12.8    MM   MM   MM    MM
2026 09 08 08 40 170  8.0  9.0   0.7    MM   3.6 162 1011.7  12.8  12.9    MM   MM   MM    MM
2026 09 08 08 30 170  8.0 10.0    MM    MM    MM  MM 1011.9  12.8  12.9    MM   MM   MM    MM
2026 09 08 08 20 170  7.0  9.0   0.8     4   3.6  95 1011.7  12.8  12.8    MM   MM   MM    MM
2026 09 08 08 10 170  8.0 10.0    MM    MM    MM  MM 1011.8  12.8  12.7    MM   MM   MM    MM
2026 09 08 08 00 170  8.0 10.0    MM    MM    MM  MM 1011.9  12.8  12.7    MM   MM +0.7    MM
2026 09 08 07 50 170  7.0  8.0   0.7     4   4.0  81 1011.9  12.9    MM    MM   MM   MM    MM
2026 09 08 07 40 160  7.0  9.0   0.7    MM   4.0  81 1012.0  13.1  12.7    MM   MM   MM    MM
2026 09 08 07 30 130  6.0  7.0    MM    MM    MM  MM 1011.9  13.0  12.7    MM   MM   MM    MM
2026 09 08 07 20 120  6.0  8.0   0.7     4   3.9 105 1011.9  13.0  12.7    MM   MM   MM    MM
2026 09 08 07 10 120  7.0  9.0   0.7    MM   3.9 105 1011.8  12.9  12.7    MM   MM   MM    MM
2026 09 08 07 00 120  8.0 10.0    MM    MM    MM  MM 1011.6  12.9  12.7    MM   MM +0.6    MM
2026 09 08 06 50 110  9.0 11.0   0.8     4   3.9  98 1011.6  12.9  12.7    MM   MM   MM    MM
2026 09 08 06 40 110  9.0 11.0    MM    MM    MM  MM 1011.4  12.8  12.7    MM   MM   MM    MM
2026 09 08 06 30 110  9.0 11.0    MM    MM    MM  MM 1011.4  12.9  12.7    MM   MM   MM    MM
2026 09 08 06 20 110  9.0 10.0   0.8     4   3.8 100 1011.3  12.8  12.7    MM   MM   MM    MM
2026 09 08 06 10 110  9.0 11.0   0.8    MM   3.8 100 1011.3  12.9  12.7    MM   MM   MM    MM
2026 09 08 06 00 100  9.0 12.0    MM    MM    MM  MM 1011.3  12.9  12.7    MM   MM +0.0    MM
2026 09 08 05 50 100  9.0 11.0   0.7     4   3.7 101 1011.1  12.9  12.7    MM   MM   MM    MM
2026 09 08 05 40 100  9.0 11.0    MM    MM    MM  MM 1011.0  12.9  12.7    MM   MM   MM    MM
2026 09 08 05 30 100  9.0 11.0    MM    MM    MM  MM 1010.9  12.9    MM    MM   MM   MM    MM
2026 09 08 05 20 100  8.0 11.0   0.6     3   3.6  86 1010.7  12.9  12.8    MM   MM   MM    MM
2026 09 08 05 10 100  8.0 11.0   0.6    MM   3.6  86 1010.9  12.9  12.9    MM   MM   MM    MM
2026 09 08 05 00 100  7.0  9.0    MM    MM    MM  MM 1011.0  12.9  12.9    MM   MM +0.0    MM
2026 09 08 04 50 100  7.0  9.0   0.6     3   3.5  90 1011.1  13.0  12.9    MM   MM   MM    MM
2026 09 08 04 40 100  8.0  9.0    MM    MM    MM  MM 1011.2  13.0  12.9    MM   MM   MM    MM
2026 09 08 04 30 100  8.0 10.0    MM    MM    MM  MM 1011.1  12.9  12.9    MM   MM   MM    MM
2026 09 08 04 20 100  8.0 10.0   0.6     4   3.6  97 1011.1  12.9  12.9    MM   MM   MM    MM
2026 09 08 04 10 100  9.0 10.0   0.6    MM   3.6  97 1010.9  12.9  12.9    MM   MM   MM    MM
2026 09 08 04 00 100  8.0 10.0    MM    MM    MM  MM 1011.1  12.9    MM    MM   MM +0.0    MM
2026 09 08 03 50 100  8.0 10.0   0.7     4   3.6 101 1011.0  12.9  13.0    MM   MM   MM    MM
2026 09 08 03 40 100  8.0 10.0    MM    MM    MM  MM 1011.0  12.9  13.0    MM   MM   MM    MM
2026 09 08 03 30 100  8.0 10.0    MM    MM    MM  MM 1011.0  12.8  13.0    MM   MM   MM    MM
2026 09 08 03 20 100  8.0 10.0   0.7     3   3.6 106 1011.3  12.9  13.0    MM   MM   MM    MM
2026 09 08 03 10 100  9.0 10.0   0.7    MM   3.6 106 1011.1  12.9  13.0    MM   MM   MM    MM
2026 09 08 03 00 100  9.0 11.0    MM    MM    MM  MM 1011.1  12.9  13.0    MM   MM +0.0    MM
2026 09 08 02 50 100  9.0 11.0   0.8     4   3.8 114 1011.2  12.9  13.0    MM   MM   MM    MM
2026 09 08 02 40 110  9.0 11.0   0.8    MM   3.8 114 1011.2  12.8  13.0    MM   MM   MM    MM
2026 09 08 02 30 100  9.0 12.0    MM    MM    MM  MM 1011.2  12.9  13.0    MM   MM   MM    MM
2026 09 08 02 20 100  9.0 11.0   0.8     4   3.7 108 1011.2  12.9  13.0    MM   MM   MM    MM
2026 09 08 02 10 100  8.0 10.0   0.8    MM   3.7 108 1011.0  12.9  13.0    MM   MM   MM    MM
2026 09 08 02 00 100  8.0 10.0    MM    MM    MM  MM 1011.2  12.9  13.0    MM   MM +0.0    MM
2026 09 08 01 50 100  8.0  9.0   0.8     4   3.8 104 1011.2  12.9  13.0    MM   MM   MM    MM
2026 09 08 01 40  90  8.0  9.0    MM    MM    MM  MM 1011.0  12.9  13.0    MM   MM   MM    MM
2026 09 08 01 30  90  8.0 10.0    MM    MM    MM  MM 1011.0  12.9  13.0    MM   MM   MM    MM
2026 09 08 01 20  90  8.0 10.0   0.8     4   3.7 110 1010.8  12.9  13.0    MM   MM   MM    MM
2026 09 08 01 10  90  8.0 10.0   0.8    MM   3.7 110 1011.0  12.9  13.0    MM   MM   MM    MM
2026 09 08 01 00 100  9.0 10.0    MM    MM    MM  MM 1010.9  13.0  12.9    MM   MM +0.5    MM
2026 09 08 00 50 100  9.0 10.0   0.7    16   3.8 176 1011.1  12.9    MM    MM   MM   MM    MM
2026 09 08 00 40 100  9.0 11.0    MM    MM    MM  MM 1011.1  13.0  12.9    MM   MM   MM    MM
2026 09 08 00 30 100  9.0 11.0    MM    MM    MM  MM 1011.2  13.0  12.9    MM   MM   MM    MM
2026 09 08 00 20 100  8.0 10.0   0.8     4   3.7  99 1011.1  13.0  12.9    MM   MM   MM    MM
2026 09 08 00 10 100  8.0 10.0   0.8    MM   3.7  99 1011.1  13.1  12.9    MM   MM   MM    MM
2026 09 08 00 00 100  9.0 11.0    MM    MM    MM  MM 1011.1  13.1  12.9    MM   MM +0.9    MM
2026 09 07 23 50 110  9.0 11.0   0.8     4   3.6 100 1011.2  13.1  12.9  13.1   MM   MM    MM
2026 09 07 23 40 100  9.0 12.0    MM    MM    MM  MM 1011.0  13.0  13.0    MM   MM   MM    MM
2026 09 07 23 10 100 10.0 12.0   0.8    MM   3.5 101 1010.9  13.1  13.1  13.1   MM   MM    MM
2026 09 07 23 00 100  9.0 11.0    MM    MM    MM  MM 1010.8  13.2  13.0  13.2   MM +1.1    MM
2026 09 07 22 50 100  8.0 10.0   0.8     4   3.8 108 1010.7  13.2  13.0  13.2   MM   MM    MM
2026 09 07 22 40  90  9.0 10.0   0.8    MM   3.8 108 1010.5  13.2  13.1  13.2   MM   MM    MM
2026 09 07 22 30  90  8.0 10.0    MM    MM    MM  MM 1010.5  13.2  13.1  13.1   MM   MM    MM
2026 09 07 22 20  90  8.0 10.0   0.8     4   3.8 108 1010.4  13.2  13.1  13.1   MM   MM    MM
2026 09 07 22 10 100  8.0 10.0   0.8    MM   3.8 108 1010.3  13.2  13.1  13.1   MM   MM    MM
2026 09 07 22 00 100  8.0  9.0    MM    MM    MM  MM 1010.3  13.2  13.1  13.1   MM +0.4    MM
2026 09 07 21 50  90  8.0 10.0   0.8     4   3.7 108 1010.3  13.1  13.1  13.1   MM   MM    MM
2026 09 07 21 40  90  8.0 10.0    MM    MM    MM  MM 1010.2  13.1  13.1  13.1   MM   MM    MM
2026 09 07 21 30  90  7.0  8.0    MM    MM    MM  MM 1010.3  13.0  13.1    MM   MM   MM    MM
2026 09 07 21 20 100  7.0 10.0   0.9     4   3.7 107 1010.4  13.0  13.1  13.0   MM   MM    MM
2026 09 07 21 10 100  8.0 11.0   0.9    MM   3.7 107 1010.2  13.1  13.1  13.1   MM   MM    MM
2026 09 07 21 00 100 10.0 12.0    MM    MM    MM  MM 1010.1  13.1  13.1  13.1   MM -0.0    MM
2026 09 07 20 50 100  9.0 11.0   0.9     4   3.9  99 1010.0  13.1  13.1  13.1   MM   MM    MM
2026 09 07 20 40 100  8.0 11.0   0.9    MM   3.9  99 1010.0  13.0  13.1  13.0   MM   MM    MM
2026 09 07 20 30 100  9.0 11.0    MM    MM    MM  MM 1010.1  13.1  13.1  13.0   MM   MM    MM
2026 09 07 20 20 100  9.0 11.0   1.0     4   3.8 123 1009.9  13.0  13.0  13.0   MM   MM    MM
2026 09 07 20 10 100  9.0 11.0   1.0    MM   3.8 123 1009.8  13.0  13.0  13.0   MM   MM    MM
2026 09 07 20 00 100 10.0 12.0    MM    MM    MM  MM 1009.7  13.1  13.0  13.0   MM -0.3    MM
2026 09 07 19 50 100 10.0 13.0   0.9     4   3.9 115 1009.7  13.0  13.0  13.0   MM   MM    MM
2026 09 07 19 40  90  8.0 10.0    MM    MM    MM  MM 1009.8  13.0  13.1  13.0   MM   MM    MM
2026 09 07 19 30  90  8.0  9.0    MM    MM    MM  MM 1009.9  13.0  13.1    MM   MM   MM    MM
2026 09 07 19 20  90  8.0 10.0   0.9     4   3.9 117 1009.9  13.0  13.1  13.0   MM   MM    MM
2026 09 07 19 10  90  8.0 11.0   0.9    MM   3.9 117 1009.8  12.9  13.1  12.9   MM   MM    MM
2026 09 07 19 00 100  8.0 10.0    MM    MM    MM  MM 1009.9  13.0  13.1  12.9   MM +0.0    MM
2026 09 07 18 50 100  9.0 11.0   0.8     4   3.8 112 1009.9  13.1  13.1  12.8   MM   MM    MM
2026 09 07 18 40 100  7.0  9.0    MM    MM    MM  MM 1009.9  13.0  13.1  13.0   MM   MM    MM
2026 09 07 18 30 100  7.0 10.0    MM    MM    MM  MM 1010.0  13.0  13.2  12.9   MM   MM    MM
2026 09 07 18 20 100  8.0 10.0   0.9     4   3.9  99 1009.9  13.0  13.2  12.8   MM   MM    MM
2026 09 07 18 10 100  8.0 10.0   0.9    MM   3.9  99 1009.9  13.0  13.2  12.8   MM   MM    MM
2026 09 07 18 00 100  7.0  9.0    MM    MM    MM  MM 1010.0  13.0  13.2  12.9   MM +0.0    MM
2026 09 07 17 50 100  7.0  9.0   0.8     4   3.8  98 1010.0  13.0  13.2  12.9   MM   MM    MM
2026 09 07 17 40 100  8.0  9.0    MM    MM    MM  MM 1010.1  13.0  13.2  12.9   MM   MM    MM
2026 09 07 17 30  90  8.0  9.0    MM    MM    MM  MM 1010.1  13.0  13.2  12.9   MM   MM    MM
2026 09 07 17 20  90  7.0  9.0   0.8     4   3.9  91 1010.2  13.0  13.2  12.9   MM   MM    MM
2026 09 07 17 10  80  7.0  9.0   0.8    MM   3.9  91 1010.2  13.0  13.2  12.8   MM   MM    MM
2026 09 07 17 00  80  7.0 10.0    MM    MM    MM  MM 1010.2  13.1    MM  12.8   MM -0.6    MM
2026 09 07 16 50  90  8.0 10.0   0.7     4   3.7  82 1010.2  13.1  13.2  12.7   MM   MM    MM
2026 09 07 16 40  90  7.0 10.0    MM    MM    MM  MM 1010.1  13.1  13.2  12.7   MM   MM    MM
2026 09 07 16 30  90  7.0  8.0    MM    MM    MM  MM 1010.2  13.2  13.3  12.8   MM   MM    MM
2026 09 07 16 20  80  7.0  8.0   0.7     4   3.7  94 1010.1  13.1  13.3  12.7   MM   MM    MM
2026 09 07 16 10  80  6.0  8.0   0.7    MM   3.7  94 1010.1  13.2  13.3  12.8   MM   MM    MM
2026 09 07 16 00  80  6.0  8.0    MM    MM    MM  MM 1010.2  13.2  13.3  12.9   MM -0.9    MM
2026 09 07 15 50  90  7.0  8.0   0.7     4   3.6  92 1010.1  13.1  13.3  12.7   MM   MM    MM
2026 09 07 15 40  90  8.0 10.0    MM    MM    MM  MM 1010.0  13.2  13.3  12.7   MM   MM    MM
2026 09 07 15 30  90  7.0  9.0    MM    MM    MM  MM 1010.1  13.1  13.4  12.8   MM   MM    MM
2026 09 07 15 20  90  7.0  8.0   0.7     4   3.6  97 1010.2  13.1  13.4  12.9   MM   MM    MM
2026 09 07 15 10  80  6.0  8.0   0.7    MM   3.6  97 1010.2  13.1  13.4  12.8   MM   MM    MM
2026 09 07 15 00  80  7.0  9.0    MM    MM    MM  MM 1010.2  13.2  13.4  12.7   MM -1.5    MM
2026 09 07 14 50  90  7.0  8.0   0.7     3   3.6  98 1010.2  13.3  13.4  12.7   MM   MM    MM
2026 09 07 14 40  80  8.0 10.0    MM    MM    MM  MM 1010.3  13.3  13.4  12.5   MM   MM    MM
2026 09 07 14 30  90  8.0 10.0    MM    MM    MM  MM 1010.3  13.3  13.3  12.5   MM   MM    MM
2026 09 07 14 20  90  7.0  9.0   0.8     4   3.5 101 1010.5  13.3  13.3  12.6   MM   MM    MM
2026 09 07 14 10  90  9.0 10.0   0.8    MM   3.5 101 1010.5  13.4  13.3  12.6   MM   MM    MM
2026 09 07 14 00  90  9.0 11.0    MM    MM    MM  MM 1010.5  13.3  13.3  12.6   MM -1.4    MM
2026 09 07 13 50  90  9.0 11.0   0.8     4   3.6 107 1010.6  13.2  13.3  12.7   MM   MM    MM
2026 09 07 13 40  90  9.0 10.0    MM    MM    MM  MM 1010.7  13.1  13.3  12.7   MM   MM    MM
2026 09 07 13 30  90  8.0 10.0    MM    MM    MM  MM 1010.9  13.1  13.2  12.6   MM   MM    MM
2026 09 07 13 20  90  9.0 11.0   0.7     4   3.4  96 1010.9  13.2  13.2  12.6   MM   MM    MM
2026 09 07 13 10  90 10.0 12.0   0.7    MM   3.4  96 1011.0  13.2  13.2  12.5   MM   MM    MM
2026 09 07 13 00 100 10.0 12.0    MM    MM    MM  MM 1011.0  13.1  13.2  12.5   MM -1.4    MM
2026 09 07 12 50 100  9.0 10.0   0.8     4   3.4 105 1011.2  13.1  13.1  12.5   MM   MM    MM
2026 09 07 12 40  90  8.0 10.0   0.8    MM   3.4 105 1011.2  13.1  13.1  12.6   MM   MM    MM
2026 09 07 12 30  90  9.0 11.0    MM    MM    MM  MM 1011.3  13.0  13.1  12.5   MM   MM    MM
2026 09 07 12 20  90  8.0 10.0   0.7     4   3.5 113 1011.5  13.2  13.1  12.6   MM   MM    MM
2026 09 07 12 10  90  7.0  9.0   0.7    MM   3.5 113 1011.6  13.4  13.1  12.5   MM   MM    MM
2026 09 07 12 00  80  6.0  8.0    MM    MM    MM  MM 1011.8  13.3  13.1  12.4   MM -1.1    MM
2026 09 07 11 50  90  6.0  8.0   0.6     4   3.3 117 1011.9  13.3  13.1  12.4   MM   MM    MM
2026 09 07 11 40 100  8.0 10.0   0.6    MM   3.3 117 1011.9  13.4  13.0  12.3   MM   MM    MM
2026 09 07 11 30 100  8.0  9.0    MM    MM    MM  MM 1011.9  13.4  13.0  12.3   MM   MM    MM
2026 09 07 11 20 100  7.0  9.0   0.6     3   3.3 112 1012.0  13.3  13.0  12.4   MM   MM    MM
2026 09 07 11 10 100  7.0  8.0   0.6    MM   3.3 112 1012.0  13.1  13.0  12.5   MM   MM    MM
2026 09 07 11 00  90  7.0  8.0    MM    MM    MM  MM 1012.1  13.0  13.0  12.6   MM -1.0    MM
2026 09 07 10 50  90  7.0  8.0   0.6     3   3.2 113 1012.1  12.9  12.9  12.7   MM   MM    MM
2026 09 07 10 40  90  7.0  9.0    MM    MM    MM  MM 1012.2  12.8  12.9  12.7   MM   MM    MM
2026 09 07 10 30 100  7.0  9.0    MM    MM    MM  MM 1012.4  12.8  12.9  12.8   MM   MM    MM
2026 09 07 10 20 100  9.0 10.0   0.5     3   3.1 119 1012.4  12.7  12.8  12.7   MM   MM    MM
2026 09 07 10 10 100  8.0 10.0    MM    MM    MM  MM 1012.5  12.5  12.8    MM   MM   MM    MM
2026 09 07 10 00  90  6.0  8.0    MM    MM    MM  MM 1012.5  12.5  12.8    MM   MM -0.8    MM
2026 09 07 09 50  90  6.0  7.0   0.5     3   3.0 114 1012.6  12.5  12.9    MM   MM   MM    MM
2026 09 07 09 40  90  6.0  8.0    MM    MM    MM  MM 1012.6  12.5  12.9    MM   MM   MM    MM
2026 09 07 09 30  90  7.0  8.0    MM    MM    MM  MM 1012.8  12.5  12.8    MM   MM   MM    MM
2026 09 07 09 20  90  6.0  8.0   0.5    16   3.2 128 1012.8  12.5  12.8    MM   MM   MM    MM
2026 09 07 09 10  90  7.0  9.0    MM    MM    MM  MM 1012.9  12.4  12.8    MM   MM   MM    MM
2026 09 07 09 00  90  5.0  7.0    MM    MM    MM  MM 1012.9  12.5  12.8    MM   MM -0.8    MM
2026 09 07 08 50  90  6.0  7.0   0.5     3   3.2 127 1013.0  12.5  12.8    MM   MM   MM    MM
2026 09 07 08 40 100  6.0  7.0    MM    MM    MM  MM 1013.0  12.5  12.8    MM   MM   MM    MM
2026 09 07 08 30 100  6.0  8.0    MM    MM    MM  MM 1013.0  12.5  12.7    MM   MM   MM    MM
2026 09 07 08 20 100  7.0  8.0   0.5    16   3.2 185 1013.0  12.4  12.7    MM   MM   MM    MM
2026 09 07 08 10  90  6.0  8.0   0.5    MM   3.2 185 1012.9  12.5  12.7    MM   MM   MM    MM
2026 09 07 08 00  90  6.0  7.0    MM    MM    MM  MM 1013.0  12.6  12.7    MM   MM -1.1    MM
2026 09 07 07 50  90  5.0  7.0   0.4     3   3.1 111 1013.0  12.8  12.6    MM   MM   MM    MM
2026 09 07 07 40  90  5.0  6.0   0.4    MM   3.1 111 1013.2  12.7  12.6    MM   MM   MM    MM
2026 09 07 07 30  90  5.0  6.0    MM    MM    MM  MM 1013.2  12.9  12.6    MM   MM   MM    MM
2026 09 07 07 20  80  6.0  7.0   0.4     3   3.2 112 1013.2  12.9  12.6    MM   MM   MM    MM
2026 09 07 07 10  80  6.0  7.0   0.4    MM   3.2 112 1013.2    MM  12.6    MM   MM   MM    MM
2026 09 07 07 00  80  5.0  7.0    MM    MM    MM  MM 1013.3  12.9    MM    MM   MM -1.0    MM
2026 09 07 06 50  70  5.0  6.0   0.4    16   3.5 143 1013.4  12.8  12.6    MM   MM   MM    MM
2026 09 07 06 40  70  5.0  6.0   0.4    MM   3.5 143 1013.4  12.8  12.7    MM   MM   MM    MM
2026 09 07 06 30  70  5.0  7.0    MM    MM    MM  MM 1013.4  12.9  12.7    MM   MM   MM    MM
2026 09 07 06 20  70  5.0  6.0   0.4    16   3.5 154 1013.5  12.9  12.7    MM   MM   MM    MM
2026 09 07 06 10  60  6.0  7.0   0.4    MM   3.5 154 1013.6  12.8  12.7    MM   MM   MM    MM
2026 09 07 06 00  60  6.0  7.0    MM    MM    MM  MM 1013.6  12.8  12.7    MM   MM -1.1    MM
2026 09 07 05 50  60  6.0  7.0   0.5    16   3.4 204 1013.7  12.8  12.7    MM   MM   MM    MM
2026 09 07 05 40  70  5.0  7.0   0.5    MM   3.4 204 1013.8  12.8  12.7    MM   MM   MM    MM
2026 09 07 05 30  80  5.0  6.0    MM    MM    MM  MM 1013.9  12.8  12.7    MM   MM   MM    MM
2026 09 07 05 20  80  5.0  6.0   0.5     3   3.5 102 1014.0  12.8  12.7    MM   MM   MM    MM
2026 09 07 05 10  80  5.0  7.0   0.5    MM   3.5 102 1014.2  12.9  12.7    MM   MM   MM    MM
2026 09 07 05 00  80  6.0  7.0    MM    MM    MM  MM 1014.1  12.9  12.7    MM   MM -0.9    MM
2026 09 07 04 50  80  6.0  7.0   0.6    16   3.4 113 1014.2  12.9  12.8    MM   MM   MM    MM
2026 09 07 04 40  80  6.0  7.0    MM    MM    MM  MM 1014.2  12.9  12.8    MM   MM   MM    MM
2026 09 07 04 30  80  6.0  7.0    MM    MM    MM  MM 1014.2  12.9  12.7    MM   MM   MM    MM
2026 09 07 04 20  90  6.0  8.0   0.7     4   3.3  96 1014.3  13.0  12.7    MM   MM   MM    MM
2026 09 07 04 10 100  8.0 10.0   0.7    MM   3.3  96 1014.3  13.0  12.8    MM   MM   MM    MM
2026 09 07 04 00  90  8.0  9.0    MM    MM    MM  MM 1014.3  13.0  12.8    MM   MM -1.4    MM
2026 09 07 03 50 100  8.0  9.0   0.7     4   3.4  99 1014.4  13.0  12.8    MM   MM   MM    MM
2026 09 07 03 40 100  8.0  9.0    MM    MM    MM  MM 1014.6  13.0  12.8  13.0   MM   MM    MM
2026 09 07 03 30 100  8.0 10.0    MM    MM    MM  MM 1014.6  13.0  12.8  13.0   MM   MM    MM
2026 09 07 03 20 100  8.0 10.0   0.6     4   3.4  96 1014.7  13.0  12.8  13.0   MM   MM    MM
2026 09 07 03 10  90  8.0  9.0   0.6    MM   3.4  96 1014.7  13.0  12.8  13.0   MM   MM    MM
2026 09 07 03 00 100  8.0  9.0    MM    MM    MM  MM 1014.9  13.0  12.9  13.0   MM -1.5    MM
2026 09 07 02 50 100  8.0 10.0   0.6     3   3.4 104 1014.9  13.0  12.9  13.0   MM   MM    MM
2026 09 07 02 40 100  8.0 10.0    MM    MM    MM  MM 1014.9  13.0  12.9    MM   MM   MM    MM
2026 09 07 02 30 100  8.0 10.0    MM    MM    MM  MM 1015.0  13.0  12.9    MM   MM   MM    MM
2026 09 07 02 20 100  8.0 10.0   0.6     3   3.4  99 1015.1  12.9  12.9    MM   MM   MM    MM
2026 09 07 02 10 100  8.0 10.0   0.6    MM   3.4  99 1015.3  12.9  12.9    MM   MM   MM    MM
2026 09 07 02 00 100  8.0 10.0    MM    MM    MM  MM 1015.2  12.8  12.9    MM   MM -1.4    MM
2026 09 07 01 50 100  9.0 10.0   0.6     3   3.4 101 1015.4  12.9  12.9    MM   MM   MM    MM
2026 09 07 01 40 100  9.0 10.0    MM    MM    MM  MM 1015.4  12.8  12.9    MM   MM   MM    MM
2026 09 07 01 30 100  8.0  9.0    MM    MM    MM  MM 1015.6  12.9  12.9    MM   MM   MM    MM
2026 09 07 01 20 100  9.0 10.0   0.6     3   3.5 102 1015.7  12.9  12.9    MM   MM   MM    MM
2026 09 07 01 10 100  9.0 11.0   0.6    MM   3.5 102 1015.7  12.9  12.9    MM   MM   MM    MM
2026 09 07 01 00 100  8.0 10.0    MM    MM    MM  MM 1015.7  12.9  12.9    MM   MM -0.7    MM
2026 09 07 00 50 100  8.0  9.0   0.5     3   3.4 100 1015.9  12.9  12.9    MM   MM   MM    MM
2026 09 07 00 40 100  7.0  9.0    MM    MM    MM  MM 1016.0  12.8  12.9    MM   MM   MM    MM
2026 09 07 00 30  90  7.0  9.0    MM    MM    MM  MM 1016.1  12.9  13.0    MM   MM   MM    MM
2026 09 07 00 20 100  7.0  9.0   0.5    17   3.6 165 1016.2  12.8  13.0    MM   MM   MM    MM
2026 09 07 00 10 100  7.0  9.0   0.5    MM   3.6 165 1016.2  12.8  13.0    MM   MM   MM    MM
2026 09 07 00 00  90  7.0  9.0    MM    MM    MM  MM 1016.3  12.7  13.0    MM   MM -0.8    MM
2026 09 06 23 50  90  7.0  8.0   0.5     3   3.4  99 1016.4  12.7  13.1    MM   MM   MM    MM
2026 09 06 23 40 100  6.0  8.0   0.5    MM   3.4  99 1016.5  12.7  13.1    MM   MM   MM    MM
2026 09 06 23 30 100  7.0  9.0    MM    MM    MM  MM 1016.6  12.8  13.1    MM   MM   MM    MM
2026 09 06 23 20 100  7.0  9.0   0.5     3   3.4  99 1016.5  12.8  13.1  12.8   MM   MM    MM
2026 09 06 23 10 100  6.0  8.0   0.5    MM   3.4  99 1016.6  12.8  13.1  12.8   MM   MM    MM
2026 09 06 23 00 100  7.0  8.0    MM    MM    MM  MM 1016.5  12.7  13.1  12.7   MM -0.7    MM
2026 09 06 22 50 100  8.0  9.0   0.5     3   3.6 101 1016.4  12.6  13.0  12.6   MM   MM    MM
2026 09 06 22 40 100  8.0  9.0    MM    MM    MM  MM 1016.4  12.6  13.0  12.6   MM   MM    MM
2026 09 06 22 30 100  7.0  9.0    MM    MM    MM  MM 1016.4  12.6  13.0    MM   MM   MM    MM
2026 09 06 22 20 100  7.0  9.0   0.5     3   3.4  95 1016.3  12.6  13.0    MM   MM   MM    MM
2026 09 06 22 10  90  7.0  8.0    MM    MM    MM  MM 1016.4  12.7  13.0    MM   MM   MM    MM
2026 09 06 22 00  90  7.0  8.0    MM    MM    MM  MM 1016.3  12.6  13.1    MM   MM -1.1    MM
2026 09 06 21 50  80  6.0  7.0   0.5     7   3.7 178 1016.5  12.7  13.1    MM   MM   MM    MM
2026 09 06 21 40  90  5.0  6.0    MM    MM    MM  MM 1017.0  12.6  13.1    MM   MM   MM    MM
2026 09 06 21 30 100  6.0  7.0    MM    MM    MM  MM 1017.1  12.6  13.1  12.6   MM   MM    MM
2026 09 06 21 20 100  6.0  8.0   0.5     3   3.4  96 1017.1  12.5  13.1  12.5   MM   MM    MM
2026 09 06 21 10 100  7.0  8.0   0.5    MM   3.4  96 1017.0  12.5  13.1    MM   MM   MM    MM
2026 09 06 21 00  90  7.0  8.0    MM    MM    MM  MM 1017.0  12.5  13.1    MM   MM -0.6    MM
2026 09 06 20 50  90  7.0  8.0   0.5     3   3.4  88 1016.8  12.5  13.1    MM   MM   MM    MM
2026 09 06 20 40  90  7.0  8.0    MM    MM    MM  MM 1017.1  12.6  13.1  12.6   MM   MM    MM
2026 09 06 20 30 100  7.0  8.0    MM    MM    MM  MM 1017.1  12.6  13.1  12.6   MM   MM    MM
2026 09 06 20 20 100  7.0  9.0   0.5     3   3.5  95 1017.1  12.5  13.1  12.4   MM   MM    MM
2026 09 06 20 10 100  7.0  9.0   0.5    MM   3.5  95 1017.1  12.5  13.1  12.5   MM   MM    MM
2026 09 06 20 00 100  7.0  8.0    MM    MM    MM  MM 1017.1  12.4  13.1  12.4   MM -0.5    MM
2026 09 06 19 50 100  7.0  8.0   0.5     3   3.4 106 1017.2  12.4  13.1  12.4   MM   MM    MM
2026 09 06 19 40 100  7.0  8.0   0.5    MM   3.4 106 1017.2  12.4  13.1  12.4   MM   MM    MM
2026 09 06 19 30 100  6.0  7.0    MM    MM    MM  MM 1017.2  12.4  13.1    MM   MM   MM    MM
2026 09 06 19 20 100  6.0  7.0   0.5     3   3.5 108 1017.3  12.3  13.1    MM   MM   MM    MM
2026 09 06 19 10 100  6.0  7.0   0.5    MM   3.5 108 1017.4  12.3  13.1    MM   MM   MM    MM
2026 09 06 19 00  90  6.0  8.0    MM    MM    MM  MM 1017.4  12.2  13.1    MM   MM -0.4    MM
2026 09 06 18 50 100  6.0  7.0   0.5     3   3.3  99 1017.5  12.3  13.1    MM   MM   MM    MM
2026 09 06 18 40 100  6.0  7.0   0.5    MM   3.3  99 1017.6  12.3  13.1    MM   MM   MM    MM
2026 09 06 18 30 100  7.0  8.0    MM    MM    MM  MM 1017.5  12.3  13.1    MM   MM   MM    MM
2026 09 06 18 20 100  6.0  8.0   0.5     3   3.4 122 1017.6  12.4  13.1    MM   MM   MM    MM
2026 09 06 18 10 100  5.0  7.0    MM    MM    MM  MM 1017.6  12.4  13.1    MM   MM   MM    MM
2026 09 06 18 00 110  6.0  7.0    MM    MM    MM  MM 1017.6  12.4  13.2    MM   MM +0.0    MM
2026 09 06 17 50 110  7.0  8.0   0.6     3   3.1 110 1017.6  12.4  13.2    MM   MM   MM    MM
2026 09 06 17 40 110  6.0  7.0    MM    MM    MM  MM 1017.6    MM    MM    MM   MM   MM    MM
2026 09 06 17 30 120  7.0  8.0    MM    MM    MM  MM 1017.7  12.4  13.2  12.4   MM   MM    MM
2026 09 06 17 20 120  7.0  8.0   0.5     3   3.2  90 1017.6  12.5  13.2  12.5   MM   MM    MM
2026 09 06 17 10 100  6.0  7.0   0.5    MM   3.2  90 1017.6  12.4  13.2  12.4   MM   MM    MM
2026 09 06 17 00 100  6.0  7.0    MM    MM    MM  MM 1017.6  12.5  13.3  12.5   MM +0.0    MM
2026 09 06 16 50 110  6.0  7.0   0.5     3   3.5  98 1017.6  12.5  13.3  12.4   MM   MM    MM
2026 09 06 16 40 100  6.0  7.0   0.5    MM   3.5  98 1017.6  12.5  13.4  12.5   MM   MM    MM
2026 09 06 16 30 110  5.0  6.0    MM    MM    MM  MM 1017.6  12.5  13.4  12.5   MM   MM    MM
2026 09 06 16 20 120  5.0  6.0   0.5     3   3.4  93 1017.6  12.6  13.4  12.6   MM   MM    MM
2026 09 06 16 10 130  5.0  6.0   0.5    MM   3.4  93 1017.8  12.6  13.3  12.4   MM   MM    MM
2026 09 06 16 00 130  4.0  7.0    MM    MM    MM  MM 1017.8  12.6  13.2  12.5   MM -0.0    MM
2026 09 06 15 50 140  5.0  6.0   0.6     3   3.4 103 1017.8  12.6  13.3  12.5   MM   MM    MM
2026 09 06 15 40 130  6.0  7.0    MM    MM    MM  MM 1017.6  12.6  13.3  12.6   MM   MM    MM
2026 09 06 15 30 130  6.0  9.0    MM    MM    MM  MM 1017.6  12.6  13.3  12.4   MM   MM    MM
2026 09 06 15 20 120  7.0  9.0   0.6     3   3.4 114 1017.5  12.7  13.3  12.6   MM   MM    MM
2026 09 06 15 10 110  7.0  8.0   0.6    MM   3.4 114 1017.5  12.8  13.3  12.6   MM   MM    MM
2026 09 06 15 00 110  7.0  9.0    MM    MM    MM  MM 1017.4  12.7  13.3  12.4   MM -1.0    MM
2026 09 06 14 50 110  8.0  9.0   0.5     3   3.4 122 1017.4  12.7  13.3  12.4   MM   MM    MM
2026 09 06 14 40 110  7.0  9.0    MM    MM    MM  MM 1017.4  12.7  13.3  12.5   MM   MM    MM
2026 09 06 14 30 110  7.0  9.0    MM    MM    MM  MM 1017.5  12.7  13.3  12.5   MM   MM    MM
2026 09 06 14 20 110  7.0  8.0   0.5     3   3.4 111 1017.6  12.6  13.3  12.4   MM   MM    MM
2026 09 06 14 10 100  7.0  8.0   0.5    MM   3.4 111 1017.7  12.6  13.3  12.5   MM   MM    MM
2026 09 06 14 00 100  8.0  9.0    MM    MM    MM  MM 1017.8  12.6  13.3  12.5   MM -1.2    MM
2026 09 06 13 50 100  7.0  8.0   0.4     3   3.6 114 1017.8  12.7  13.3  12.6   MM   MM    MM
2026 09 06 13 40 100  7.0  8.0   0.4    MM   3.6 114 1017.8  12.6  13.3  12.5   MM   MM    MM
2026 09 06 13 30 100  7.0  8.0    MM    MM    MM  MM 1017.9  12.6  13.2  12.6   MM   MM    MM
2026 09 06 13 20 100  6.0  7.0   0.4     7   3.8 184 1017.9  12.6  13.4  12.6   MM   MM    MM
2026 09 06 13 10  90  6.0  7.0   0.4    MM   3.8 184 1017.9  12.6  13.5  12.6   MM   MM    MM
2026 09 06 13 00  90  5.0  6.0    MM    MM    MM  MM 1018.0  12.5  13.5    MM   MM -1.1    MM
2026 09 06 12 50  90  5.0  6.0   0.3    15   4.1 195 1018.2  12.4  13.6    MM   MM   MM    MM
2026 09 06 12 40  90  6.0  7.0    MM    MM    MM  MM 1018.3  12.4  13.6    MM   MM   MM    MM
2026 09 06 12 30 100  5.0  6.0    MM    MM    MM  MM 1018.4  12.3  13.7    MM   MM   MM    MM
2026 09 06 12 20 100  5.0  6.0   0.3     6   5.8 173 1018.3  12.3  13.7    MM   MM   MM    MM
2026 09 06 12 10  90  4.0  6.0   0.3    MM   5.8 173 1018.4  12.4  13.7    MM   MM   MM    MM
2026 09 06 12 00  80  4.0  5.0    MM    MM    MM  MM 1018.5  12.7  13.7    MM   MM -0.5    MM
2026 09 06 11 50  90  3.0  4.0   0.3     6   6.1 167 1018.5  12.7  13.5    MM   MM   MM    MM
2026 09 06 11 40  90  4.0  5.0    MM    MM    MM  MM 1018.6  12.7  13.3    MM   MM   MM    MM
2026 09 06 11 30 100  4.0  5.0    MM    MM    MM  MM 1018.7  12.8  13.4    MM   MM   MM    MM
2026 09 06 11 20  90  4.0  5.0   0.3    17   6.2 193 1018.7  12.8  13.5    MM   MM   MM    MM
2026 09 06 11 10  90  3.0  4.0   0.3    MM   6.2 193 1018.7  12.9  13.5    MM   MM   MM    MM
2026 09 06 11 00  90  3.0  4.0    MM    MM    MM  MM 1018.8  12.9  13.5    MM   MM +0.0    MM
2026 09 06 10 50  90  2.0  3.0   0.3     7   5.9 171 1018.9  12.9  13.4    MM   MM   MM    MM
2026 09 06 10 40 100  2.0  2.0    MM    MM    MM  MM 1018.9  12.8  13.2    MM   MM   MM    MM
2026 09 06 10 30 100  1.0  2.0    MM    MM    MM  MM 1018.9  12.8  13.2    MM   MM   MM    MM
2026 09 06 10 20 110  1.0  2.0   0.3     8   6.1 177 1018.9  12.8  13.1    MM   MM   MM    MM
2026 09 06 10 10 120  2.0  2.0   0.3    MM   6.1 177 1019.0  12.8  13.1    MM   MM   MM    MM
2026 09 06 10 00 110  2.0  2.0    MM    MM    MM  MM 1019.0  12.8  13.1    MM   MM +0.0    MM
2026 09 06 09 50 100  1.0  2.0   0.3     8   5.2 170 1019.0  12.7  13.1    MM   MM   MM    MM
2026 09 06 09 40  90  1.0  2.0    MM    MM    MM  MM 1019.1  12.7  13.1    MM   MM   MM    MM
2026 09 06 09 30  80  1.0  2.0    MM    MM    MM  MM 1019.0  12.7  13.1    MM   MM   MM    MM
2026 09 06 09 20 110  1.0  1.0   0.3     7   5.6 178 1019.0  12.7  13.1    MM   MM   MM    MM
2026 09 06 09 10 120  1.0  1.0    MM    MM    MM  MM 1019.0  12.8  13.1    MM   MM   MM    MM
2026 09 06 09 00 150  1.0  1.0    MM    MM    MM  MM 1019.0  12.7  13.1    MM   MM +0.0    MM
2026 09 06 08 50  90  1.0  1.0   0.3     8   5.4 179 1018.9  12.8  13.2    MM   MM   MM    MM
2026 09 06 08 40  70  1.0  1.0    MM    MM    MM  MM 1019.0  12.8  13.2    MM   MM   MM    MM
2026 09 06 08 30  80  1.0  2.0    MM    MM    MM  MM 1019.0  12.8  13.1    MM   MM   MM    MM
2026 09 06 08 20  90  2.0  2.0   0.3     6   5.2 170 1018.9  12.8  13.2    MM   MM   MM    MM
2026 09 06 08 10  80  1.0  1.0    MM    MM    MM  MM 1018.9  12.8  13.1    MM   MM   MM    MM
2026 09 06 08 00  90  2.0  2.0    MM    MM    MM  MM 1019.0  12.8  13.1    MM   MM +0.0    MM
2026 09 06 07 50 130  1.0  2.0   0.3     7   5.3 170 1018.9  12.9  13.2    MM   MM   MM    MM
2026 09 06 07 40 220  1.0  2.0    MM    MM    MM  MM 1018.7  12.8  13.2    MM   MM   MM    MM
2026 09 06 07 30 130  1.0  1.0    MM    MM    MM  MM 1019.0  12.8  13.2    MM   MM   MM    MM
2026 09 06 07 20 130  1.0  1.0   0.3     6   4.9 173 1019.0  12.8  13.0    MM   MM   MM    MM
2026 09 06 07 10 130  1.0  2.0   0.3    MM   4.9 173 1019.0  12.9  12.9    MM   MM   MM    MM
2026 09 06 07 00 120  1.0  2.0    MM    MM    MM  MM 1018.9  12.9  12.9    MM   MM +0.0    MM
2026 09 06 06 50 130  1.0  2.0   0.3     7   5.1 173 1018.8  12.9  12.9    MM   MM   MM    MM
2026 09 06 06 40 130  1.0  2.0    MM    MM    MM  MM 1018.8  12.9  12.9    MM   MM   MM    MM
2026 09 06 06 30  MM  0.0  1.0    MM    MM    MM  MM 1018.7  12.9  12.9    MM   MM   MM    MM
2026 09 06 06 20 140  1.0  2.0   0.3     7   4.7 166 1018.8  12.9  13.0    MM   MM   MM    MM
2026 09 06 06 10 150  1.0  2.0   0.3    MM   4.7 166 1018.8  12.9  13.0    MM   MM   MM    MM
2026 09 06 06 00 150  1.0  2.0    MM    MM    MM  MM 1018.8  12.9  13.0    MM   MM +0.0    MM
2026 09 06 05 50 150  1.0  1.0   0.4     7   5.0 179 1018.7  12.9  13.0    MM   MM   MM    MM
2026 09 06 05 40  MM  0.0  1.0    MM    MM    MM  MM 1018.7  12.8  13.0    MM   MM   MM    MM
2026 09 06 05 30  MM  0.0  1.0    MM    MM    MM  MM 1018.7  12.9  13.0    MM   MM   MM    MM
2026 09 06 05 20 140  1.0  1.0   0.3     7   4.8 188 1018.6  12.9  13.1    MM   MM   MM    MM
2026 09 06 05 10 160  1.0  1.0   0.3    MM   4.8 188 1018.6  12.9  13.1    MM   MM   MM    MM
2026 09 06 05 00 170  1.0  1.0    MM    MM    MM  MM 1018.7  12.9  13.2    MM   MM +0.0    MM
2026 09 06 04 50 170  1.0  1.0   0.4     6   4.7 173 1018.6  12.9  13.2    MM   MM   MM    MM
2026 09 06 04 40 140  1.0  2.0    MM    MM    MM  MM 1018.6  13.0  13.1    MM   MM   MM    MM
2026 09 06 04 30 110  1.0  1.0    MM    MM    MM  MM 1018.6  13.0  13.2    MM   MM   MM    MM
2026 09 06 04 20 120  1.0  1.0   0.3     7   4.7 188 1018.7  13.0  13.1    MM   MM   MM    MM
2026 09 06 04 10 130  1.0  1.0   0.3    MM   4.7 188 1018.7  13.0  13.1    MM   MM   MM    MM
2026 09 06 04 00  MM  0.0  1.0    MM    MM    MM  MM 1018.8  13.0  13.1    MM   MM +0.0    MM
2026 09 06 03 50  90  1.0  1.0   0.3     6   4.4 176 1018.8  13.0  13.1    MM   MM   MM    MM
2026 09 06 03 40  80  1.0  1.0    MM    MM    MM  MM 1018.7  13.0  13.1    MM   MM   MM    MM
2026 09 06 03 30 110  1.0  1.0    MM    MM    MM  MM 1018.8  13.0  13.2    MM   MM   MM    MM
2026 09 06 03 20  MM  0.0  1.0   0.3     7   4.2 172 1018.9  13.0  13.2    MM   MM   MM    MM
2026 09 06 03 10 190  1.0  1.0   0.3    MM   4.2 172 1018.8  13.0  13.2    MM   MM   MM    MM
2026 09 06 03 00 210  2.0  2.0    MM    MM    MM  MM 1018.9  13.1  13.2    MM   MM +0.3    MM
2026 09 06 02 50 200  1.0  2.0   0.3     7   4.4 167 1018.9  13.1  13.2    MM   MM   MM    MM
2026 09 06 02 40 180  1.0  2.0    MM    MM    MM  MM 1018.9  13.1  13.2    MM   MM   MM    MM
2026 09 06 02 30 180  2.0  2.0    MM    MM    MM  MM 1018.9  13.1  13.2    MM   MM   MM    MM
2026 09 06 02 20 160  1.0  2.0   0.3     8   4.1 168 1018.7  13.3  13.2    MM   MM   MM    MM
2026 09 06 02 10  MM  0.0  1.0   0.3    MM   4.1 168 1018.7  13.6  13.2    MM   MM   MM    MM
2026 09 06 02 00 240  1.0  1.0    MM    MM    MM  MM 1018.8  13.3  13.1    MM   MM -0.0    MM
2026 09 06 01 50 220  2.0  2.0   0.4     7   4.0 175 1018.9  13.1  13.1    MM   MM   MM    MM
2026 09 06 01 40 220  2.0  2.0    MM    MM    MM  MM 1018.8  13.1  13.0    MM   MM   MM    MM
2026 09 06 01 30 230  2.0  3.0    MM    MM    MM  MM 1018.9  13.1  13.0    MM   MM   MM    MM
2026 09 06 01 20 220  2.0  2.0   0.4     7   4.0 188 1018.9  13.1  13.0    MM   MM   MM    MM
2026 09 06 01 10 220  2.0  3.0   0.4    MM   4.0 188 1019.0  13.1  13.0    MM   MM   MM    MM
2026 09 06 01 00 230  3.0  4.0    MM    MM    MM  MM 1019.0  13.2  13.1    MM   MM -0.4    MM
2026 09 06 00 50 170  2.0  3.0   0.4     6   3.9 180 1019.0  13.4  13.1    MM   MM   MM    MM
2026 09 06 00 40 100  2.0  3.0   0.4    MM   3.9 180 1018.9  13.4  12.9    MM   MM   MM    MM
2026 09 06 00 30  90  3.0  3.0    MM    MM    MM  MM 1018.9  13.4  12.9    MM   MM   MM    MM
2026 09 06 00 20  90  3.0  4.0   0.4     6   3.8 172 1018.7  13.4  12.9    MM   MM   MM    MM
2026 09 06 00 10  90  4.0  5.0   0.4    MM   3.8 172 1018.7  13.4  13.0    MM   MM   MM    MM
2026 09 06 00 00  90  4.0  4.0    MM    MM    MM  MM 1018.7  13.4  13.0    MM   MM -0.6    MM
2026 09 05 23 50  90  3.0  4.0   0.4     6   4.0 181 1018.6  13.3  13.0    MM   MM   MM    MM
2026 09 05 23 40  90  4.0  4.0    MM    MM    MM  MM 1018.7  13.3  13.0    MM   MM   MM    MM
2026 09 05 23 10  90  4.0  4.0   0.4    MM   3.8 191 1018.8  13.2  13.0    MM   MM   MM    MM
2026 09 05 23 00  90  3.0  5.0    MM    MM    MM  MM 1018.9  13.2  13.0    MM   MM +0.0    MM
2026 09 05 22 50  90  2.0  3.0   0.4     7   4.1 180 1019.0  13.2  12.9    MM   MM   MM    MM
2026 09 05 22 40 110  2.0  3.0    MM    MM    MM  MM 1019.2  13.2  12.9    MM   MM   MM    MM
2026 09 05 22 30 100  2.0  3.0    MM    MM    MM  MM 1019.3  13.2  12.9    MM   MM   MM    MM
2026 09 05 22 20 100  3.0  4.0   0.4     6   4.1 176 1019.3  13.2  13.0    MM   MM   MM    MM
2026 09 05 22 10 120  2.0  3.0   0.4    MM   4.1 176 1019.3  13.2  12.9    MM   MM   MM    MM
2026 09 05 22 00 120  1.0  2.0    MM    MM    MM  MM 1019.3  13.1  12.9    MM   MM +0.4    MM
2026 09 05 21 50 110  2.0  2.0   0.4     7   3.9 172 1019.4  13.1  12.9    MM   MM   MM    MM
2026 09 05 21 40 110  2.0  3.0   0.4    MM   3.9 172 1019.4  13.0  12.9    MM   MM   MM    MM
2026 09 05 21 30 100  3.0  4.0    MM    MM    MM  MM 1019.2  13.0  12.9    MM   MM   MM    MM
2026 09 05 21 20 100  3.0  4.0   0.4     6   3.8 174 1019.2  13.0  12.9    MM   MM   MM    MM
2026 09 05 21 10 110  3.0  4.0    MM    MM    MM  MM 1019.2  12.9  12.9    MM   MM   MM    MM
2026 09 05 21 00 100  4.0  5.0    MM    MM    MM  MM 1019.2  12.9  12.9    MM   MM +0.3    MM
2026 09 05 20 50 100  5.0  6.0   0.5     7   3.7 191 1019.1  12.9  12.9    MM   MM   MM    MM
2026 09 05 20 40 100  4.0  6.0    MM    MM    MM  MM 1019.2  12.9  12.9    MM   MM   MM    MM
2026 09 05 20 30 100  5.0  6.0    MM    MM    MM  MM 1019.1  12.9  13.0    MM   MM   MM    MM
2026 09 05 20 20 100  5.0  6.0   0.4     7   3.7 186 1019.1  12.8  13.0    MM   MM   MM    MM
2026 09 05 20 10 100  5.0  5.0    MM    MM    MM  MM 1019.1  12.9  13.0    MM   MM   MM    MM
2026 09 05 20 00 100  4.0  5.0    MM    MM    MM  MM 1019.0  13.0  13.0    MM   MM +0.0    MM
2026 09 05 19 50 110  3.0  4.0   0.4     7   3.6 192 1019.2  13.0    MM    MM   MM   MM    MM
2026 09 05 19 40 110  2.0  2.0   0.4    MM   3.6 192 1019.2  13.0  13.0    MM   MM   MM    MM
2026 09 05 19 30 110  3.0  3.0    MM    MM    MM  MM 1019.1  12.9  13.0    MM   MM   MM    MM
2026 09 05 19 20 110  3.0  4.0   0.5     7   3.5 186 1019.1  12.9  13.0    MM   MM   MM    MM
2026 09 05 19 10 100  3.0  5.0   0.5    MM   3.5 186 1019.1  12.9  13.0    MM   MM   MM    MM
2026 09 05 19 00 100  4.0  5.0    MM    MM    MM  MM 1019.0  12.8  13.0    MM   MM -0.3    MM
2026 09 05 18 50 100  4.0  5.0   0.4     7   3.4 185 1019.1  12.8  13.0    MM   MM   MM    MM
2026 09 05 18 40 100  5.0  6.0   0.4    MM   3.4 185 1019.1    MM  13.0    MM   MM   MM    MM
2026 09 05 18 30 100  5.0  6.0    MM    MM    MM  MM 1019.0  12.7  13.0    MM   MM   MM    MM
2026 09 05 18 20 100  4.0  5.0   0.4     7   3.6 194 1019.0  12.7  13.0    MM   MM   MM    MM
2026 09 05 18 10 110  5.0  5.0   0.4    MM   3.6 194 1018.8  12.8  13.0    MM   MM   MM    MM
2026 09 05 18 00 100  4.0  5.0    MM    MM    MM  MM 1018.9  12.8  13.0    MM   MM +0.0    MM
2026 09 05 17 50 100  3.0  4.0   0.4     3   3.5 168 1019.0  12.8  13.0    MM   MM   MM    MM
2026 09 05 17 40 140  3.0  5.0    MM    MM    MM  MM 1019.0  12.9  13.0    MM   MM   MM    MM
2026 09 05 17 30 170  2.0  3.0    MM    MM    MM  MM 1019.0  12.8  13.0    MM   MM   MM    MM
2026 09 05 17 20 150  1.0  3.0   0.4     3   3.4 173 1019.1  12.7  13.0    MM   MM   MM    MM
2026 09 05 17 10 100  1.0  1.0   0.4    MM   3.4 173 1019.1  12.7  13.0    MM   MM   MM    MM
2026 09 05 17 00  70  1.0  2.0    MM    MM    MM  MM 1019.1  12.6  13.0    MM   MM +0.0    MM
2026 09 05 16 50  90  1.0  2.0   0.5     3   3.3 138 1019.3  12.6  13.0    MM   MM   MM    MM
2026 09 05 16 40 110  1.0  2.0    MM    MM    MM  MM 1019.2  12.6  13.0    MM   MM   MM    MM
2026 09 05 16 30 150  2.0  3.0    MM    MM    MM  MM 1019.2  12.6  13.0    MM   MM   MM    MM
2026 09 05 16 20 160  2.0  3.0   0.5     3   3.2 108 1019.3  12.7  13.0    MM   MM   MM    MM
2026 09 05 16 10 160  3.0  5.0   0.5    MM   3.2 108 1019.4  12.7  13.0    MM   MM   MM    MM
2026 09 05 16 00 170  4.0  5.0    MM    MM    MM  MM 1019.4  12.6  13.0    MM   MM -0.3    MM
2026 09 05 15 50 170  5.0  5.0   0.4     3   3.4 108 1019.3  12.6  13.0    MM   MM   MM    MM
2026 09 05 15 40 170  6.0  7.0   0.4    MM   3.4 108 1019.2  12.7  13.0    MM   MM   MM    MM
2026 09 05 15 30 170  6.0  7.0    MM    MM    MM  MM 1019.0  12.7  13.0    MM   MM   MM    MM
2026 09 05 15 20 160  6.0  7.0   0.5     3   3.4  94 1019.1  12.8  13.0    MM   MM   MM    MM
2026 09 05 15 10 150  4.0  6.0   0.5    MM   3.4  94 1019.0  12.7  13.0    MM   MM   MM    MM
2026 09 05 15 00 140  4.0  4.0    MM    MM    MM  MM 1019.0  12.6  13.0    MM   MM -1.1    MM
2026 09 05 14 50 120  4.0  6.0   0.5     3   3.3  99 1019.1  12.6  13.0    MM   MM   MM    MM
2026 09 05 14 40 110  6.0  8.0    MM    MM    MM  MM 1019.1  12.5  12.9    MM   MM   MM    MM
2026 09 05 14 30 120  7.0  9.0    MM    MM    MM  MM 1019.3  12.5  12.9    MM   MM   MM    MM
2026 09 05 14 20 110  7.0  8.0   0.5     3   3.2  97 1019.0  12.5  12.9    MM   MM   MM    MM
2026 09 05 14 10 110  8.0  9.0   0.5    MM   3.2  97 1019.0  12.4  12.9    MM   MM   MM    MM
2026 09 05 14 00 110  8.0  9.0    MM    MM    MM  MM 1019.0  12.3  12.8    MM   MM -1.7    MM
2026 09 05 13 50 110  7.0  9.0   0.4     6   3.8 187 1019.1  12.2  12.9    MM   MM   MM    MM
2026 09 05 13 40 110  7.0  9.0   0.4    MM   3.8 187 1019.3  12.2  12.9    MM   MM   MM    MM
2026 09 05 13 30 100  6.0  7.0    MM    MM    MM  MM 1019.2  12.3  12.8    MM   MM   MM    MM
2026 09 05 13 20  90  4.0  5.0   0.4     7   4.1 178 1019.3  12.4  12.8    MM   MM   MM    MM
2026 09 05 13 10  80  3.0  4.0   0.4    MM   4.1 178 1019.4  12.3  12.8    MM   MM   MM    MM
2026 09 05 13 00  90  2.0  2.0    MM    MM    MM  MM 1019.5  12.2  12.8    MM   MM -0.9    MM
2026 09 05 12 50  MM  0.0  1.0   0.4     5   4.0 181 1019.7  12.2  12.8    MM   MM   MM    MM
2026 09 05 12 40 160  1.0  1.0   0.4    MM   4.0 181 1019.8  12.2  12.8    MM   MM   MM    MM
2026 09 05 12 30  MM  0.0  1.0    MM    MM    MM  MM 1019.9  12.2  12.7    MM   MM   MM    MM
2026 09 05 12 20  MM  0.0  1.0   0.4     7   4.1 172 1020.0  12.2  12.7    MM   MM   MM    MM
2026 09 05 12 10 190  1.0  2.0   0.4    MM   4.1 172 1020.1  12.3  12.7    MM   MM   MM    MM
2026 09 05 12 00 200  2.0  3.0    MM    MM    MM  MM 1020.1  12.3  12.6    MM   MM -0.6    MM
2026 09 05 11 50 200  3.0  4.0   0.4     6   4.1 174 1020.4  12.3  12.6    MM   MM   MM    MM
2026 09 05 11 40 200  3.0  3.0    MM    MM    MM  MM 1020.3  12.3  12.6    MM   MM   MM    MM
2026 09 05 11 30 200  3.0  3.0    MM    MM    MM  MM 1020.4  12.3  12.6    MM   MM   MM    MM
2026 09 05 11 20 190  3.0  4.0   0.4     6   4.2 181 1020.4  12.3  12.6    MM   MM   MM    MM
2026 09 05 11 10 190  2.0  3.0   0.4    MM   4.2 181 1020.5  12.3  12.6    MM   MM   MM    MM
2026 09 05 11 00 190  2.0  2.0    MM    MM    MM  MM 1020.6  12.3  12.7    MM   MM -0.3    MM
2026 09 05 10 50 220  2.0  3.0   0.3     5   4.2 187 1020.7  12.3  13.1    MM   MM   MM    MM
2026 09 05 10 40 220  2.0  3.0    MM    MM    MM  MM 1020.7  12.4  13.2    MM   MM   MM    MM
2026 09 05 10 30 210  1.0  2.0    MM    MM    MM  MM 1020.6  12.4  13.7    MM   MM   MM    MM
2026 09 05 10 20 200  2.0  3.0   0.3     6   4.2 165 1020.6  12.3  13.7    MM   MM   MM    MM
2026 09 05 10 10 190  2.0  3.0   0.3    MM   4.2 165 1020.4  12.3  13.7    MM   MM   MM    MM
2026 09 05 10 00 170  2.0  3.0    MM    MM    MM  MM 1020.5  12.3  13.7    MM   MM -0.4    MM
2026 09 05 09 50 180  3.0  5.0   0.3     5   4.2 183 1020.4  12.4  13.7    MM   MM   MM    MM
2026 09 05 09 40 200  4.0  5.0   0.3    MM   4.2 183 1020.7  12.6  13.7    MM   MM   MM    MM
2026 09 05 09 30 210  3.0  4.0    MM    MM    MM  MM 1020.7  12.6  13.8    MM   MM   MM    MM
2026 09 05 09 20 210  3.0  4.0   0.3     6   4.4 175 1020.7  12.6  13.8    MM   MM   MM    MM
2026 09 05 09 10 200  3.0  3.0   0.3    MM   4.4 175 1020.7  12.7  13.8    MM   MM   MM    MM
2026 09 05 09 00 210  3.0  4.0    MM    MM    MM  MM 1020.7  12.8  13.8    MM   MM +0.0    MM
2026 09 05 08 50 210  3.0  4.0   0.3     6   4.5 179 1020.8  12.8  13.8  12.8   MM   MM    MM
2026 09 05 08 40 230  2.0  3.0    MM    MM    MM  MM 1020.7  12.9  13.8  12.9   MM   MM    MM
2026 09 05 08 30 240  2.0  2.0    MM    MM    MM  MM 1020.7  12.9  13.8  12.9   MM   MM    MM
2026 09 05 08 20 230  1.0  2.0   0.3     7   4.6 177 1020.9  12.9  13.8  12.8   MM   MM    MM
2026 09 05 08 10 230  1.0  2.0    MM    MM    MM  MM 1020.9  12.9  13.8  12.9   MM   MM    MM
2026 09 05 08 00 220  1.0  2.0    MM    MM    MM  MM 1020.9  12.8  13.8  12.8   MM +0.0    MM
2026 09 05 07 50 220  2.0  3.0   0.3     7   4.9 184 1020.9  12.9  13.7  12.9   MM   MM    MM
2026 09 05 07 40 210  2.0  3.0   0.3    MM   4.9 184 1021.0  12.9  13.8    MM   MM   MM    MM
2026 09 05 07 30 210  1.0  2.0    MM    MM    MM  MM 1020.9  12.9  13.7    MM   MM   MM    MM
2026 09 05 07 20 200  1.0  2.0   0.3     8   4.7 183 1020.9  12.9  13.7    MM   MM   MM    MM
2026 09 05 07 10 190  1.0  2.0    MM    MM    MM  MM 1020.9  12.9  13.7    MM   MM   MM    MM
2026 09 05 07 00 190  1.0  2.0    MM    MM    MM  MM 1020.8  13.0    MM    MM   MM +0.0    MM
2026 09 05 06 50 200  1.0  2.0   0.3     8   4.8 174 1020.9  13.0  13.7    MM   MM   MM    MM
2026 09 05 06 40 160  1.0  1.0    MM    MM    MM  MM 1021.0  13.0  13.7    MM   MM   MM    MM
2026 09 05 06 30 180  2.0  2.0    MM    MM    MM  MM 1020.9  13.0  13.7  13.0   MM   MM    MM
2026 09 05 06 20 170  1.0  2.0   0.4     8   4.8 182 1020.9  13.1  13.7  13.1   MM   MM    MM
2026 09 05 06 10 160  1.0  2.0    MM    MM    MM  MM 1020.9  13.0  13.6  13.0   MM   MM    MM
2026 09 05 06 00 140  1.0  2.0    MM    MM    MM  MM 1020.9  13.0  13.7  13.0   MM +0.0    MM
2026 09 05 05 50 130  1.0  2.0   0.3     8   4.5 182 1020.9  13.0  13.7  13.0   MM   MM    MM
2026 09 05 05 40 160  2.0  2.0   0.3    MM   4.5 182 1020.9    MM    MM    MM   MM   MM    MM
2026 09 05 05 30 170  2.0  2.0    MM    MM    MM  MM 1020.9  12.9  13.8    MM   MM   MM    MM
2026 09 05 05 20 180  2.0  3.0   0.4     8   4.5 180 1020.9  12.9  13.8    MM   MM   MM    MM
2026 09 05 05 10 180  3.0  4.0   0.4    MM   4.5 180 1021.0  13.0  13.8    MM   MM   MM    MM
2026 09 05 05 00 190  3.0  4.0    MM    MM    MM  MM 1021.0  13.0  13.8    MM   MM +0.0    MM
2026 09 05 04 50 180  3.0  4.0   0.4     8   5.0 183 1020.9  13.0  13.8    MM   MM   MM    MM
2026 09 05 04 40 180  3.0  4.0   0.4    MM   5.0 183 1020.8  13.0  13.8    MM   MM   MM    MM
2026 09 05 04 30 170  3.0  3.0    MM    MM    MM  MM 1020.7  13.0  13.8    MM   MM   MM    MM
2026 09 05 04 20 180  3.0  4.0   0.5     8   5.3 191 1020.8  13.0  13.8    MM   MM   MM    MM
2026 09 05 04 10 180  3.0  4.0   0.5    MM   5.3 191 1021.0  12.9  13.8    MM   MM   MM    MM
2026 09 05 04 00 180  3.0  4.0    MM    MM    MM  MM 1020.9  13.1  13.8    MM   MM -0.4    MM
2026 09 05 03 50 180  3.0  4.0   0.5     8   6.1 187 1021.0  13.0  13.8    MM   MM   MM    MM
2026 09 05 03 40 170  3.0  4.0    MM    MM    MM  MM 1020.9  13.0  13.8    MM   MM   MM    MM
2026 09 05 03 30 170  4.0  4.0    MM    MM    MM  MM 1020.8  13.1  13.8    MM   MM   MM    MM
2026 09 05 03 20 170  3.0  4.0   0.5     8   6.6 193 1020.9  13.0  13.8  13.0   MM   MM    MM
2026 09 05 03 10 180  4.0  5.0   0.5    MM   6.6 193 1020.9  13.0  13.8  13.0   MM   MM    MM
2026 09 05 03 00 180  4.0  5.0    MM    MM    MM  MM 1021.0  13.0  13.8  13.0   MM -0.8    MM
2026 09 05 02 50 180  4.0  5.0   0.5     8   6.7 188 1021.1  13.1  13.7  13.1   MM   MM    MM
2026 09 05 02 40 190  3.0  4.0    MM    MM    MM  MM 1021.2  13.2  13.9  13.2   MM   MM    MM
2026 09 05 02 30 190  3.0  4.0    MM    MM    MM  MM 1021.3  13.2  13.8  13.0   MM   MM    MM
2026 09 05 02 20 190  3.0  4.0   0.4     7   6.2 189 1021.3  13.2  13.8  12.8   MM   MM    MM
2026 09 05 02 10 190  2.0  2.0    MM    MM    MM  MM 1021.2  13.2  13.8  12.7   MM   MM    MM
2026 09 05 02 00 200  2.0  2.0    MM    MM    MM  MM 1021.2  13.1  13.6  12.4   MM -0.9    MM
2026 09 05 01 50 190  1.0  2.0   0.4     7   6.0 175 1021.2  13.1  13.5  12.2   MM   MM    MM
2026 09 05 01 40 190  1.0  2.0   0.4    MM   6.0 175 1021.2  13.0  13.5  12.0   MM   MM    MM
2026 09 05 01 30 180  2.0  2.0    MM    MM    MM  MM 1021.2  13.0  13.6  11.9   MM   MM    MM
2026 09 05 01 20 180  2.0  2.0   0.3     8   5.9 180 1021.2  13.0  13.6  11.7   MM   MM    MM
2026 09 05 01 10 180  1.0  2.0   0.3    MM   5.9 180 1021.2  12.9  13.5  11.3   MM   MM    MM
2026 09 05 01 00 190  1.0  2.0    MM    MM    MM  MM 1021.2  12.9  13.4  11.2   MM -0.8    MM
2026 09 05 00 50 190  1.0  2.0   0.3     8   6.1 190 1021.5  12.9  13.4  11.0   MM   MM    MM
2026 09 05 00 40 180  1.0  2.0    MM    MM    MM  MM 1021.4  12.9  13.4  10.9   MM   MM    MM
2026 09 05 00 30 190  1.0  2.0    MM    MM    MM  MM 1021.6  12.9  13.5  10.9   MM   MM    MM
2026 09 05 00 20 200  2.0  2.0   0.3     8   5.9 181 1021.6  12.9  13.6  11.0   MM   MM    MM
2026 09 05 00 10 200  2.0  2.0   0.3    MM   5.9 181 1021.8  12.9  13.5  10.8   MM   MM    MM
2026 09 05 00 00 200  2.0  2.0    MM    MM    MM  MM 1021.8  12.9  13.5  10.5   MM -0.4    MM
2026 09 04 23 50 200  2.0  3.0   0.3     8   6.1 187 1021.9  12.8  13.5  10.4   MM   MM    MM
2026 09 04 23 40 220  2.0  3.0    MM    MM    MM  MM 1021.9  12.8  13.5  10.3   MM   MM    MM
2026 09 04 23 30 220  2.0  3.0    MM    MM    MM  MM 1022.1  12.8  13.5  10.3   MM   MM    MM
2026 09 04 23 20 220  2.0  3.0   0.3     8   6.3 186 1022.1  12.8  13.5  10.0   MM   MM    MM
2026 09 04 23 10 240  2.0  2.0   0.3    MM   6.3 186 1022.0  12.8  13.6  10.0   MM   MM    MM
2026 09 04 23 00 250  2.0  2.0    MM    MM    MM  MM 1021.9  12.7  13.5   9.8   MM +0.0    MM
2026 09 04 22 50 230  2.0  2.0   0.3     8   5.6 188 1021.9  12.6  13.5   9.8   MM   MM    MM
2026 09 04 22 40 240  2.0  2.0   0.3    MM   5.6 188 1021.9  12.6  13.4  10.1   MM   MM    MM
2026 09 04 22 30 230  2.0  2.0    MM    MM    MM  MM 1022.0  12.6  13.4  10.1   MM   MM    MM
2026 09 04 22 20 230  2.0  2.0   0.3     8   6.5 184 1022.0  12.5  13.5  10.1   MM   MM    MM
2026 09 04 22 10 240  1.0  2.0   0.3    MM   6.5 184 1022.1  12.5  13.5  10.1   MM   MM    MM
2026 09 04 22 00 250  2.0  2.0    MM    MM    MM  MM 1022.1  12.4  13.5  10.2   MM +0.3    MM
2026 09 04 21 50 250  1.0  2.0   0.3     8   6.2 181 1022.0  12.3  13.5  10.0   MM   MM    MM
2026 09 04 21 40 270  1.0  2.0    MM    MM    MM  MM 1022.0  12.3  13.5  10.1   MM   MM    MM
2026 09 04 21 30 280  1.0  2.0    MM    MM    MM  MM 1022.0  12.1  13.5   9.9   MM   MM    MM
2026 09 04 21 20 290  1.0  2.0   0.2    MM   6.2  MM 1022.1  12.1  13.4  10.2   MM   MM    MM
2026 09 04 21 10 270  2.0  2.0   0.2    MM   6.2  MM 1022.1  12.1  13.3  10.3   MM   MM    MM
2026 09 04 21 00 270  2.0  2.0    MM    MM    MM  MM 1022.2  12.1  13.3  10.3   MM +0.4    MM
2026 09 04 20 50 260  2.0  3.0   0.3     9   6.3 172 1022.2  12.1  13.2  10.4   MM   MM    MM
2026 09 04 20 40 270  2.0  3.0    MM    MM    MM  MM 1022.2  12.1  13.3  10.6   MM   MM    MM
2026 09 04 20 30 280  3.0  3.0    MM    MM    MM  MM 1022.1  12.1  13.3  10.9   MM   MM    MM
2026 09 04 20 20 270  3.0  3.0   0.2    MM   6.3  MM 1022.0  12.0  13.3  10.9   MM   MM    MM
2026 09 04 20 10 260  3.0  4.0   0.2    MM   6.3  MM 1022.1  12.0  13.3  11.5   MM   MM    MM
2026 09 04 20 00 230  3.0  4.0    MM    MM    MM  MM 1022.1  12.2  13.3  12.1   MM +0.4    MM
2026 09 04 19 50 190  3.0  4.0   0.2    MM   5.9  MM 1022.1  12.3  13.3  12.2   MM   MM    MM
2026 09 04 19 40 180  3.0  4.0    MM    MM    MM  MM 1022.0  12.3  13.3  11.8   MM   MM    MM
2026 09 04 19 30 180  3.0  4.0    MM    MM    MM  MM 1021.9  12.2  13.4  11.7   MM   MM    MM
2026 09 04 19 20 190  3.0  3.0   0.2    MM   5.7  MM 1022.0  12.1  13.3  11.7   MM   MM    MM
2026 09 04 19 10 180  3.0  3.0   0.2    MM   5.7  MM 1022.0  12.1  13.3  11.7   MM   MM    MM
2026 09 04 19 00 190  3.0  3.0    MM    MM    MM  MM 1021.8  12.1  13.3  11.7   MM +0.0    MM
2026 09 04 18 50 190  3.0  3.0   0.3     8   5.7 158 1021.9  12.0  13.3  11.6   MM   MM    MM
2026 09 04 18 40 190  3.0  4.0   0.3    MM   5.7 158 1021.9  12.0  13.3  11.7   MM   MM    MM
2026 09 04 18 30 190  4.0  4.0    MM    MM    MM  MM 1022.0  12.0  13.3  11.8   MM   MM    MM
2026 09 04 18 20 200  4.0  4.0   0.3     8   5.5 170 1022.0  12.0  13.3  12.0   MM   MM    MM
2026 09 04 18 10 190  3.0  4.0   0.3    MM   5.5 170 1021.9  12.1  13.3  12.1   MM   MM    MM
2026 09 04 18 00 190  2.0  3.0    MM    MM    MM  MM 1021.8  12.0  13.3  12.0   MM +0.3    MM
2026 09 04 17 50 200  2.0  3.0   0.3    MM   5.1 185 1021.8    MM  13.3    MM   MM   MM    MM
2026 09 04 17 40 210  2.0  3.0   0.3    MM   5.1 185 1021.8  12.2  13.2  12.2   MM   MM    MM
2026 09 04 17 30 200  2.0  3.0    MM    MM    MM  MM 1021.8  12.2  13.2  12.2   MM   MM    MM
2026 09 04 17 20 210  1.0  2.0   0.3     8   5.3 182 1021.8  12.2  13.2  12.1   MM   MM    MM
2026 09 04 17 10 210  1.0  2.0   0.3    MM   5.3 182 1021.7  12.1  13.2  12.0   MM   MM    MM
2026 09 04 17 00 220  1.0  1.0    MM    MM    MM  MM 1021.7  12.0  13.2  11.9   MM +0.0    MM
2026 09 04 16 50 220  1.0  2.0   0.3     8   5.1 176 1021.6  12.1  13.2  12.0   MM   MM    MM
2026 09 04 16 40 220  2.0  3.0   0.3    MM   5.1 176 1021.8  12.0  13.2  11.9   MM   MM    MM
2026 09 04 16 30 230  2.0  3.0    MM    MM    MM  MM 1021.8  12.0  13.2  12.0   MM   MM    MM
2026 09 04 16 20 230  3.0  4.0   0.3     8   5.0 171 1021.7  12.0  13.2  12.0   MM   MM    MM
2026 09 04 16 10 230  3.0  4.0   0.3    MM   5.0 171 1021.7  12.0  13.2  12.0   MM   MM    MM
2026 09 04 16 00 230  2.0  3.0    MM    MM    MM  MM 1021.7  12.0  13.2  12.0   MM +0.4    MM
2026 09 04 15 50 230  2.0  3.0   0.3     8   5.3 175 1021.6  12.1  13.3  12.1   MM   MM    MM
2026 09 04 15 40 230  2.0  2.0   0.3    MM   5.3 175 1021.5  12.0  13.3  12.0   MM   MM    MM
2026 09 04 15 30 240  2.0  2.0    MM    MM    MM  MM 1021.5  12.1  13.4    MM   MM   MM    MM
2026 09 04 15 20 240  2.0  3.0   0.3     7   5.5 178 1021.6  12.0  13.4    MM   MM   MM    MM
2026 09 04 15 10 230  2.0  2.0   0.3    MM   5.5 178 1021.6  12.0  13.4    MM   MM   MM    MM
2026 09 04 15 00 240  2.0  3.0    MM    MM    MM  MM 1021.5  12.0  13.3    MM   MM +0.0    MM
2026 09 04 14 50 240  2.0  3.0   0.3     8   6.2 176 1021.5  12.0  13.4    MM   MM   MM    MM
2026 09 04 14 40 240  2.0  3.0   0.3    MM   6.2 176 1021.5  12.0  13.4    MM   MM   MM    MM
2026 09 04 14 30 250  3.0  3.0    MM    MM    MM  MM 1021.5  12.1  13.4    MM   MM   MM    MM
2026 09 04 14 20 240  3.0  3.0   0.2    MM   6.1  MM 1021.5  12.0  13.4    MM   MM   MM    MM
2026 09 04 14 10 230  3.0  3.0   0.2    MM   6.1  MM 1021.5  12.0  13.4    MM   MM   MM    MM
2026 09 04 14 00 230  4.0  5.0    MM    MM    MM  MM 1021.5  12.0  13.4    MM   MM +0.0    MM
2026 09 04 13 50 230  4.0  4.0   0.2    MM   5.8  MM 1021.6  12.0  13.4    MM   MM   MM    MM
2026 09 04 13 40 220  4.0  4.0   0.2    MM   5.8  MM 1021.5  12.2  13.4  12.2   MM   MM    MM
2026 09 04 13 30 230  4.0  4.0    MM    MM    MM  MM 1021.6  12.4  13.4  12.1   MM   MM    MM
2026 09 04 13 20 220  3.0  4.0   0.2    MM   5.7  MM 1021.5  12.4  13.4  11.9   MM   MM    MM
2026 09 04 13 10 200  3.0  3.0   0.2    MM   5.7  MM 1021.5  12.1  13.4  11.5   MM   MM    MM
2026 09 04 13 00 180  2.0  3.0    MM    MM    MM  MM 1021.3  12.4  13.4  11.8   MM -0.4    MM
2026 09 04 12 50 180  2.0  3.0   0.2    MM   5.2  MM 1021.4  12.4  13.4  11.6   MM   MM    MM
2026 09 04 12 40 190  2.0  3.0   0.2    MM   5.2  MM 1021.4  12.4    MM  11.5   MM   MM    MM
2026 09 04 12 30 190  2.0  3.0    MM    MM    MM  MM 1021.5  12.5  13.4  11.6   MM   MM    MM
2026 09 04 12 20 200  2.0  3.0   0.2    MM   4.6  MM 1021.4  12.6  13.4  11.8   MM   MM    MM
2026 09 04 12 10 200  2.0  3.0   0.2    MM   4.6  MM 1021.5  12.7  13.4  11.8   MM   MM    MM
2026 09 04 12 00 200  3.0  3.0    MM    MM    MM  MM 1021.4  12.7  13.4  11.7   MM -0.3    MM
2026 09 04 11 50 200  3.0  3.0   0.2    MM   4.7  MM 1021.4    MM  13.4    MM   MM   MM    MM
2026 09 04 11 40 190  3.0  3.0   0.2    MM   4.7  MM 1021.4  12.7  13.4  11.2   MM   MM    MM
2026 09 04 11 30 150  2.0  3.0    MM    MM    MM  MM 1021.3  12.5  13.4  11.0   MM   MM    MM
2026 09 04 11 20 130  2.0  2.0   0.2    MM   4.9  MM 1021.3  12.6  13.4  11.5   MM   MM    MM
2026 09 04 11 10 110  2.0  2.0   0.2    MM   4.9  MM 1021.4  12.7  13.4  11.4   MM   MM    MM
2026 09 04 11 00 100  2.0  3.0    MM    MM    MM  MM 1021.4  12.8  13.4  10.7   MM +0.0    MM
2026 09 04 10 50  90  3.0  4.0   0.2    MM   4.8  MM 1021.5  12.7  13.4  10.2   MM   MM    MM
2026 09 04 10 40  90  2.0  3.0   0.2    MM   4.8  MM 1021.4  12.9  13.4  10.5   MM   MM    MM
2026 09 04 10 30  80  3.0  4.0    MM    MM    MM  MM 1021.6  13.0  13.4  10.4   MM   MM    MM
2026 09 04 10 20  80  3.0  4.0   0.2    MM   5.6  MM 1021.7  13.1  13.3  10.0   MM   MM    MM
2026 09 04 10 10  90  3.0  4.0   0.2    MM   5.6  MM 1021.8  13.2  13.3   9.6   MM   MM    MM
2026 09 04 10 00  80  3.0  4.0    MM    MM    MM  MM 1021.7  13.1  13.4   8.9   MM +0.4    MM
2026 09 04 09 50  80  4.0  5.0   0.2    MM   5.7  MM 1021.7  13.2  13.3   9.4   MM   MM    MM
2026 09 04 09 40  80  4.0  5.0    MM    MM    MM  MM 1021.5  13.2  13.5   9.7   MM   MM    MM
2026 09 04 09 30  80  4.0  4.0    MM    MM    MM  MM 1021.5  13.2  13.6   9.9   MM   MM    MM
2026 09 04 09 20  70  4.0  4.0   0.2    MM   4.9  MM 1021.4  13.1  13.6  11.2   MM   MM    MM
2026 09 04 09 10  60  2.0  3.0   0.2    MM   4.9  MM 1021.6  13.3  13.5  12.1   MM   MM    MM
2026 09 04 09 00  70  2.0  3.0    MM    MM    MM  MM 1021.7  13.3  13.6  12.0   MM +0.5    MM
2026 09 04 08 50  90  2.0  2.0   0.2    MM   4.7  MM 1021.7  13.2  13.4  11.8   MM   MM    MM
2026 09 04 08 40  90  2.0  3.0    MM    MM    MM  MM 1021.6  13.1  13.6  12.2   MM   MM    MM
2026 09 04 08 30  70  2.0  2.0    MM    MM    MM  MM 1021.6  13.4  13.5  12.8   MM   MM    MM
2026 09 04 08 20  50  2.0  2.0   0.2    MM   4.4  MM 1021.6  13.4  13.7  12.6   MM   MM    MM
2026 09 04 08 10  60  2.0  3.0    MM    MM    MM  MM 1021.6  13.3  13.7  12.4   MM   MM    MM
2026 09 04 08 00  70  2.0  3.0    MM    MM    MM  MM 1021.5  13.5  13.8  12.5   MM +0.5    MM
2026 09 04 07 50  60  2.0  2.0   0.2    MM   4.0  MM 1021.5  13.4  13.7  12.0   MM   MM    MM
2026 09 04 07 40  80  1.0  2.0   0.2    MM   4.0  MM 1021.5  13.1  13.7  11.7   MM   MM    MM
2026 09 04 07 30  90  2.0  2.0    MM    MM    MM  MM 1021.5  13.2  13.6  12.5   MM   MM    MM
2026 09 04 07 20 110  2.0  3.0   0.2    MM   3.6  MM 1021.4  13.4  13.6  12.8   MM   MM    MM
2026 09 04 07 10 120  3.0  3.0   0.2    MM   3.6  MM 1021.3  13.5  13.6  12.8   MM   MM    MM
2026 09 04 07 00 130  2.0  3.0    MM    MM    MM  MM 1021.3  13.5  13.4  12.5   MM +0.5    MM
2026 09 04 06 50 140  2.0  3.0   0.3    14   3.9 189 1021.4  13.5  13.6  12.3   MM   MM    MM
2026 09 04 06 40 150  2.0  2.0    MM    MM    MM  MM 1021.4  13.4  13.6  12.2   MM   MM    MM
2026 09 04 06 30 150  3.0  3.0    MM    MM    MM  MM 1021.4  13.5  13.6  12.4   MM   MM    MM
2026 09 04 06 20 140  3.0  3.0   0.3    14   3.8 164 1021.2  13.5  13.6  12.4   MM   MM    MM
2026 09 04 06 10 150  3.0  3.0   0.3    MM   3.8 164 1021.2  13.6  13.7  12.3   MM   MM    MM
2026 09 04 06 00 150  3.0  3.0    MM    MM    MM  MM 1021.2  13.7  13.7  12.0   MM +0.0    MM
2026 09 04 05 50 170  4.0  5.0   0.3    14   3.9 170 1021.1  13.9  13.7  11.2   MM   MM    MM
2026 09 04 05 40 170  4.0  5.0    MM    MM    MM  MM 1021.2  13.9    MM  10.8   MM   MM    MM
2026 09 04 05 30 170  4.0  5.0    MM    MM    MM  MM 1021.1  14.0  13.7  10.1   MM   MM    MM
2026 09 04 05 20 160  3.0  4.0   0.3     9   3.9 169 1021.1  13.9  13.7  10.4   MM   MM    MM
2026 09 04 05 10 160  3.0  4.0   0.3    MM   3.9 169 1021.1  14.0  13.7  11.5   MM   MM    MM
2026 09 04 05 00 170  4.0  5.0    MM    MM    MM  MM 1021.0  14.0  13.7  10.4   MM +0.0    MM
2026 09 04 04 50 170  3.0  5.0   0.4     8   3.9 173 1020.9  13.9  13.7  10.9   MM   MM    MM
2026 09 04 04 40 170  3.0  4.0    MM    MM    MM  MM 1020.9  14.1  14.0  10.6   MM   MM    MM
2026 09 04 04 30 170  3.0  4.0    MM    MM    MM  MM 1020.9  14.2  14.1  10.3   MM   MM    MM
2026 09 04 04 20 180  4.0  4.0   0.4     7   4.0 177 1020.8  14.2  14.1   9.8   MM   MM    MM
2026 09 04 04 10 180  4.0  5.0   0.4    MM   4.0 177 1020.9  14.2  13.9   9.6   MM   MM    MM
2026 09 04 04 00 180  4.0  5.0    MM    MM    MM  MM 1020.8  14.3  13.6   9.4   MM -0.5    MM
2026 09 04 03 50 180  4.0  5.0   0.3     8   3.7 195 1020.8  14.2  13.6   9.4   MM   MM    MM
2026 09 04 03 40 180  4.0  5.0    MM    MM    MM  MM 1020.8  14.3  13.8   9.4   MM   MM    MM
2026 09 04 03 30 180  4.0  5.0    MM    MM    MM  MM 1020.8  14.3  14.2   9.6   MM   MM    MM
2026 09 04 03 20 190  5.0  6.0   0.3     9   4.3 187 1020.8  14.4  13.9   9.4   MM   MM    MM
2026 09 04 03 10 190  5.0  6.0   0.3    MM   4.3 187 1020.9  14.4  13.7   9.4   MM   MM    MM
2026 09 04 03 00 190  4.0  5.0    MM    MM    MM  MM 1020.9  14.4  13.6   9.9   MM +0.0    MM
2026 09 04 02 50 200  3.0  4.0   0.3     9   7.0 188 1020.9  14.3  13.5  10.2   MM   MM    MM
2026 09 04 02 40 210  2.0  3.0    MM    MM    MM  MM 1020.9  14.2  13.4  10.3   MM   MM    MM
2026 09 04 02 30 200  2.0  3.0    MM    MM    MM  MM 1020.9  14.2  13.6  10.3   MM   MM    MM
2026 09 04 02 20 200  2.0  3.0   0.3     8   6.9 200 1020.8  14.3  13.4  10.5   MM   MM    MM
2026 09 04 02 10 190  2.0  2.0    MM    MM    MM  MM 1020.8  14.3  13.4  10.5   MM   MM    MM
2026 09 04 02 00 190  2.0  2.0    MM    MM    MM  MM 1020.9  14.2  13.4  10.8   MM +0.0    MM
2026 09 04 01 50 190  2.0  2.0   0.3     9   7.0 193 1020.9  14.2  13.4  11.0   MM   MM    MM
2026 09 04 01 40 200  1.0  3.0    MM    MM    MM  MM 1020.9  14.4  13.4  10.3   MM   MM    MM
2026 09 04 01 30 210  2.0  2.0    MM    MM    MM  MM 1021.1  14.2  13.4   9.6   MM   MM    MM
2026 09 04 01 20 200  2.0  2.0   0.3     8   6.9 188 1021.1  14.1  13.3  10.0   MM   MM    MM
2026 09 04 01 10 200  2.0  2.0    MM    MM    MM  MM 1021.2  14.1  13.3  10.2   MM   MM    MM
2026 09 04 01 00 200  1.0  2.0    MM    MM    MM  MM 1021.3  14.0  13.3  10.2   MM -0.0    MM
2026 09 04 00 50 190  2.0  2.0   0.3     8   6.4 188 1021.1  13.9  13.3  10.2   MM   MM    MM
2026 09 04 00 40 200  2.0  2.0    MM    MM    MM  MM 1021.2  13.8  13.4  10.2   MM   MM    MM
2026 09 04 00 30 190  2.0  2.0    MM    MM    MM  MM 1021.2  13.8  13.4  10.2   MM   MM    MM
2026 09 04 00 20 180  2.0  2.0   0.3     8   6.5 186 1021.0  14.0  13.4  10.3   MM   MM    MM
2026 09 04 00 10  MM  0.0  1.0   0.3    MM   6.5 186 1020.9  14.4  13.3  10.1   MM   MM    MM
2026 09 04 00 00  MM  0.0  0.0    MM    MM    MM  MM 1021.0  14.7  13.3  10.3   MM +0.0    MM
2026 09 03 23 50  MM  0.0  1.0   0.2    MM   6.6  MM 1020.8  14.1  13.3  10.3   MM   MM    MM
2026 09 03 23 40 240  1.0  1.0   0.2    MM   6.6  MM 1020.9  13.9  13.3  10.2   MM   MM    MM
2026 09 03 23 10  MM  0.0  1.0   0.2    MM   6.7  MM 1021.1  14.5  13.3   9.5   MM   MM    MM
2026 09 03 23 00  MM  0.0  0.0    MM    MM    MM  MM 1020.9  14.4  13.3   9.7   MM +0.6    MM
2026 09 03 22 50  MM  0.0  1.0   0.2    MM   6.4  MM 1020.8  13.7  13.3   9.5   MM   MM    MM
2026 09 03 22 40  MM  0.0  1.0    MM    MM    MM  MM 1020.9  13.4  13.2   9.3   MM   MM    MM
2026 09 03 22 30 260  1.0  1.0    MM    MM    MM  MM 1021.0  13.4  13.2   9.5   MM   MM    MM
2026 09 03 22 20 270  1.0  2.0   0.2    MM   6.4  MM 1021.1  13.3  13.2   9.6   MM   MM    MM
2026 09 03 22 10 260  1.0  1.0   0.2    MM   6.4  MM 1020.9  13.3  13.2   9.7   MM   MM    MM
2026 09 03 22 00 250  1.0  2.0    MM    MM    MM  MM 1021.1  13.2  13.2   9.6   MM +1.2    MM
2026 09 03 21 50 250  1.0  2.0   0.2    MM   5.8  MM 1021.1  13.2    MM   9.6   MM   MM    MM
2026 09 03 21 40  MM  0.0  1.0    MM    MM    MM  MM 1021.0  13.2  13.2   9.6   MM   MM    MM
2026 09 03 21 30  MM  0.0  0.0    MM    MM    MM  MM 1021.0  13.3  13.2   9.9   MM   MM    MM
2026 09 03 21 20  MM  0.0  0.0   0.2    MM   5.5  MM 1021.0  13.0  13.2   9.9   MM   MM    MM
2026 09 03 21 10  MM  0.0  1.0   0.2    MM   5.5  MM 1020.9  13.0  13.2  10.2   MM   MM    MM
2026 09 03 21 00  MM  0.0  1.0    MM    MM    MM  MM 1020.9  13.0  13.2  10.2   MM +1.7    MM
2026 09 03 20 50  MM  0.0  0.0   0.2    MM   5.3  MM 1020.7  13.0  13.3  10.4   MM   MM    MM
2026 09 03 20 40  MM  0.0  1.0   0.2    MM   5.3  MM 1020.5  13.0  13.3  10.3   MM   MM    MM
2026 09 03 20 30  MM  0.0  1.0    MM    MM    MM  MM 1020.4  13.1  13.3  10.3   MM   MM    MM
2026 09 03 20 20  MM  0.0  0.0   0.2    MM   5.3  MM 1020.3  13.4  13.3  10.5   MM   MM    MM
2026 09 03 20 10  MM  0.0  1.0   0.2    MM   5.3  MM 1020.4  13.0  13.3  10.4   MM   MM    MM
2026 09 03 20 00  80  1.0  1.0    MM    MM    MM  MM 1020.4  13.0  13.4  10.4   MM +1.6    MM
2026 09 03 19 50  70  1.0  2.0   0.2    MM   4.8  MM 1020.1  12.9  13.4  10.4   MM   MM    MM
2026 09 03 19 40  50  1.0  2.0    MM    MM    MM  MM 1020.2  12.9  13.3  10.3   MM   MM    MM
2026 09 03 19 30  60  1.0  2.0    MM    MM    MM  MM 1020.1  12.9  13.3  10.2   MM   MM    MM
2026 09 03 19 20  60  1.0  2.0   0.2    MM   4.3  MM 1020.0  12.9  13.3  10.1   MM   MM    MM
2026 09 03 19 10  80  1.0  2.0   0.2    MM   4.3  MM 1019.9  13.1  13.3  10.2   MM   MM    MM
2026 09 03 19 00 100  1.0  2.0    MM    MM    MM  MM 1019.9  13.0    MM  10.1   MM +1.7    MM
2026 09 03 18 50  80  1.0  1.0   0.2    MM   4.2  MM 1019.9  12.8  13.3  10.0   MM   MM    MM
2026 09 03 18 40  90  1.0  1.0    MM    MM    MM  MM 1019.9  12.7  13.3  10.0   MM   MM    MM
2026 09 03 18 30  80  1.0  2.0    MM    MM    MM  MM 1019.7  12.7  13.3  10.1   MM   MM    MM
2026 09 03 18 20  70  1.0  2.0   0.2    MM   4.6  MM 1019.6  12.8  13.3  10.2   MM   MM    MM
2026 09 03 18 10  90  1.0  2.0   0.2    MM   4.6  MM 1019.3  12.9  13.3  10.4   MM   MM    MM
2026 09 03 18 00  90  1.0  2.0    MM    MM    MM  MM 1019.1  12.9  13.2  10.3   MM +1.5    MM
2026 09 03 17 50 100  2.0  2.0   0.2    MM   3.9  MM 1019.0  12.8  13.2  10.2   MM   MM    MM
2026 09 03 17 40 110  2.0  2.0   0.2    MM   3.9  MM 1019.0  12.6  13.2  10.0   MM   MM    MM
2026 09 03 17 30 100  2.0  2.0    MM    MM    MM  MM 1019.0  12.5  13.2  10.2   MM   MM    MM
2026 09 03 17 20  80  2.0  3.0   0.3    14   3.6 207 1018.8  12.4  13.1  10.3   MM   MM    MM
2026 09 03 17 10  80  2.0  3.0   0.3    MM   3.6 207 1018.7  12.8  13.1  10.3   MM   MM    MM
2026 09 03 17 00  90  1.0  1.0    MM    MM    MM  MM 1018.8  13.1  13.1   9.6   MM +1.5    MM
2026 09 03 16 50  90  1.0  1.0   0.3     8   3.9 177 1018.7  12.9  13.1   9.9   MM   MM    MM
2026 09 03 16 40  70  1.0  1.0   0.3    MM   3.9 177 1018.5  12.9  13.1   9.8   MM   MM    MM
2026 09 03 16 30  20  1.0  2.0    MM    MM    MM  MM 1018.3  12.7  13.1   9.9   MM   MM    MM
2026 09 03 16 20  30  1.0  2.0   0.3    14   3.7 212 1018.2  12.7  13.1   9.9   MM   MM    MM
2026 09 03 16 10  20  2.0  2.0   0.3    MM   3.7 212 1018.1  12.5  13.1   9.5   MM   MM    MM
2026 09 03 16 00 340  2.0  2.0    MM    MM    MM  MM 1018.2  12.5  13.1   9.2   MM +1.5    MM
2026 09 03 15 50 320  3.0  4.0   0.3    14   3.7 161 1018.2  12.4  13.1   8.9   MM   MM    MM
2026 09 03 15 40 310  4.0  5.0    MM    MM    MM  MM 1017.9  12.4  13.1   8.3   MM   MM    MM
2026 09 03 15 30 310  4.0  5.0    MM    MM    MM  MM 1017.9  12.4  13.2   7.7   MM   MM    MM
2026 09 03 15 20 310  4.0  5.0   0.3     8   3.3 205 1017.9  12.4  13.2   7.3   MM   MM    MM
2026 09 03 15 10 320  3.0  4.0   0.3    MM   3.3 205 1017.8  12.5  13.2   7.7   MM   MM    MM
2026 09 03 15 00 320  4.0  4.0    MM    MM    MM  MM 1017.7  12.4  13.2   7.9   MM +1.4    MM
2026 09 03 14 50 310  4.0  4.0   0.3     9   3.8 185 1017.6  12.5  13.2   7.2   MM   MM    MM
2026 09 03 14 40 310  3.0  4.0    MM    MM    MM  MM 1017.4  12.6  13.2   7.7   MM   MM    MM
2026 09 03 14 30 330  4.0  4.0    MM    MM    MM  MM 1017.4  12.5  13.2   7.6   MM   MM    MM
2026 09 03 14 20 320  4.0  4.0   0.3    14   3.6 229 1017.4  12.6  13.2   7.0   MM   MM    MM
2026 09 03 14 10 330  2.0  4.0    MM    MM    MM  MM 1017.3  12.7  13.2   8.7   MM   MM    MM
2026 09 03 14 00 340  2.0  3.0    MM    MM    MM  MM 1017.3  12.7  13.2   8.5   MM +1.3    MM
2026 09 03 13 50 320  3.0  3.0   0.3    14   3.3 251 1017.4  12.7    MM   7.9   MM   MM    MM
2026 09 03 13 40 300  3.0  4.0    MM    MM    MM  MM 1017.2  12.7  13.1   9.5   MM   MM    MM
2026 09 03 13 30 280  2.0  3.0    MM    MM    MM  MM 1016.8  12.9  13.1  10.2   MM   MM    MM
2026 09 03 13 20 290  2.0  3.0   0.3     3   3.1 288 1016.6  12.9  13.0  10.4   MM   MM    MM
2026 09 03 13 10 280  2.0  2.0   0.3    MM   3.1 288 1016.7  12.8  13.0   9.8   MM   MM    MM
2026 09 03 13 00 300  2.0  2.0    MM    MM    MM  MM 1016.8  12.8  13.0   8.9   MM +1.2    MM
2026 09 03 12 50 310  2.0  2.0   0.3     3   3.2 303 1016.8  12.9  13.0   8.4   MM   MM    MM
2026 09 03 12 40 320  2.0  3.0    MM    MM    MM  MM 1016.5    MM  13.0    MM   MM   MM    MM
2026 09 03 12 30 330  1.0  2.0    MM    MM    MM  MM 1016.4  12.8  13.1   8.5   MM   MM    MM
2026 09 03 12 20 340  2.0  2.0   0.3     3   3.1 286 1016.3  12.8  13.1   9.2   MM   MM    MM
2026 09 03 12 10 330  2.0  3.0   0.3    MM   3.1 286 1016.3  13.0  13.1   9.8   MM   MM    MM
2026 09 03 12 00 300  2.0  3.0    MM    MM    MM  MM 1016.3  12.9  13.1  10.0   MM +1.2    MM
2026 09 03 11 50 310  2.0  3.0   0.3     3   3.0 289 1016.2  12.9  13.1  10.3   MM   MM    MM
2026 09 03 11 40 310  3.0  3.0    MM    MM    MM  MM 1016.0  13.0  13.1  10.6   MM   MM    MM
2026 09 03 11 30 290  3.0  4.0    MM    MM    MM  MM 1016.0  13.1  13.1  10.1   MM   MM    MM
2026 09 03 11 20 310  3.0  4.0   0.3     3   3.1 285 1016.0  13.1  13.1   9.9   MM   MM    MM
2026 09 03 11 10 310  3.0  4.0   0.3    MM   3.1 285 1016.0  13.1  13.1   9.9   MM   MM    MM
2026 09 03 11 00 300  4.0  5.0    MM    MM    MM  MM 1016.0  13.2  13.1   9.9   MM +1.3    MM
2026 09 03 10 50 300  4.0  4.0   0.3    15   3.2 196 1015.8  13.2  13.1   9.6   MM   MM    MM
2026 09 03 10 40 290  3.0  4.0    MM    MM    MM  MM 1015.7  13.3  13.2   9.6   MM   MM    MM
2026 09 03 10 30 290  3.0  4.0    MM    MM    MM  MM 1015.6  13.4  13.2   9.7   MM   MM    MM
2026 09 03 10 20 300  3.0  4.0   0.3    14   3.2 184 1015.6  13.4  13.2   9.4   MM   MM    MM
2026 09 03 10 10 290  3.0  4.0    MM    MM    MM  MM 1015.7  13.3  13.2  10.1   MM   MM    MM
2026 09 03 10 00 300  4.0  5.0    MM    MM    MM  MM 1015.5  13.5  13.3   9.9   MM +1.5    MM
2026 09 03 09 50 300  5.0  6.0   0.3     3   3.0 282 1015.6  13.6  13.3   9.6   MM   MM    MM
2026 09 03 09 40 300  5.0  5.0   0.3    MM   3.0 282 1015.6  13.5  13.3   9.8   MM   MM    MM
2026 09 03 09 30 300  4.0  5.0    MM    MM    MM  MM 1015.4  13.5  13.3  10.0   MM   MM    MM
2026 09 03 09 20 300  5.0  6.0   0.3     3   3.3 308 1015.3  13.5  13.3  10.1   MM   MM    MM
2026 09 03 09 10 310  4.0  5.0   0.3    MM   3.3 308 1015.2  13.4  13.4  10.8   MM   MM    MM
2026 09 03 09 00 290  3.0  4.0    MM    MM    MM  MM 1015.2  13.5  13.4  10.7   MM +2.1    MM
2026 09 03 08 50 310  4.0  4.0   0.3     3   3.1 316 1015.1  13.5  13.4  10.6   MM   MM    MM
2026 09 03 08 40 320  4.0  5.0    MM    MM    MM  MM 1015.0  13.6  13.4  11.1   MM   MM    MM
2026 09 03 08 30 310  4.0  5.0    MM    MM    MM  MM 1015.0  13.7  13.4  11.0   MM   MM    MM
2026 09 03 08 20 310  4.0  5.0   0.3     3   3.0 301 1014.9  13.7  13.4  10.8   MM   MM    MM
2026 09 03 08 10 320  4.0  5.0    MM    MM    MM  MM 1014.8  13.7  13.4  10.7   MM   MM    MM
2026 09 03 08 00 330  4.0  4.0    MM    MM    MM  MM 1014.8  13.8  13.4  10.9   MM +2.3    MM
2026 09 03 07 50 310  4.0  5.0   0.4     3   3.0 302 1014.6  13.9  13.4  10.4   MM   MM    MM
2026 09 03 07 40 300  5.0  6.0    MM    MM    MM  MM 1014.7  13.9  13.4  10.3   MM   MM    MM
2026 09 03 07 30 290  5.0  5.0    MM    MM    MM  MM 1014.7  14.1  13.4  10.1   MM   MM    MM
2026 09 03 07 20 300  5.0  6.0   0.3     3   2.9 282 1014.4  14.2  13.4   9.7   MM   MM    MM
2026 09 03 07 10 300  5.0  6.0    MM    MM    MM  MM 1014.3    MM  13.4    MM   MM   MM    MM
2026 09 03 07 00 300  5.0  6.0    MM    MM    MM  MM 1014.0  14.2    MM   9.8   MM +2.3    MM
2026 09 03 06 50 300  5.0  6.0   0.3     3   3.1 288 1014.0  14.2    MM   9.9   MM   MM    MM
2026 09 03 06 40 300  5.0  6.0    MM    MM    MM  MM 1013.8    MM    MM    MM   MM   MM    MM
2026 09 03 06 30 300  5.0  6.0    MM    MM    MM  MM 1013.7  14.3  13.5   9.7   MM   MM    MM
2026 09 03 06 20 300  5.0  7.0   0.4     3   2.9 307 1013.5  14.3  13.5  10.1   MM   MM    MM
2026 09 03 06 10 300  5.0  6.0    MM    MM    MM  MM 1013.3  14.1  13.5  10.5   MM   MM    MM
2026 09 03 06 00 310  5.0  6.0    MM    MM    MM  MM 1013.0  14.0  13.5  10.9   MM +1.8    MM
2026 09 03 05 50 310  5.0  6.0   0.4    MM   3.0 303 1012.9    MM  13.5    MM   MM   MM    MM
2026 09 03 05 40 300  5.0  6.0   0.4    MM   3.0 303 1012.8  14.0  13.5  11.3   MM   MM    MM
2026 09 03 05 30 300  5.0  6.0    MM    MM    MM  MM 1012.7  14.3  13.5  10.6   MM   MM    MM
2026 09 03 05 20 310  6.0  7.0   0.4     3   3.1 313 1012.5  14.5  13.5   9.7   MM   MM    MM
2026 09 03 05 10 300  6.0  7.0   0.4    MM   3.1 313 1012.4  14.7  13.5   9.1   MM   MM    MM
2026 09 03 05 00 300  6.0  7.0    MM    MM    MM  MM 1012.4  14.7  13.4   9.6   MM +1.5    MM
2026 09 03 04 50 300  6.0  8.0   0.4     3   3.2 291 1012.3  14.8  13.4   9.2   MM   MM    MM
2026 09 03 04 40 300  6.0  7.0    MM    MM    MM  MM 1012.1  14.8  13.4   9.4   MM   MM    MM
2026 09 03 04 30 300  6.0  7.0    MM    MM    MM  MM 1012.0  14.8  13.5   9.6   MM   MM    MM
2026 09 03 04 20 300  6.0  7.0   0.4     3   3.1 292 1011.9  15.0  13.5   9.2   MM   MM    MM
2026 09 03 04 10 300  6.0  7.0   0.4    MM   3.1 292 1011.8  14.9  13.5   9.2   MM   MM    MM
2026 09 03 04 00 310  6.0  7.0    MM    MM    MM  MM 1011.7  14.7  13.5   9.4   MM +1.4    MM
2026 09 03 03 50 310  5.0  7.0   0.4    14   3.3 264 1011.7  14.8  13.5   9.1   MM   MM    MM
2026 09 03 03 40 300  5.0  6.0   0.4    MM   3.3 264 1011.6  15.0  13.5   8.8   MM   MM    MM
2026 09 03 03 30 300  6.0  6.0    MM    MM    MM  MM 1011.5  15.0  13.6   8.5   MM   MM    MM
2026 09 03 03 20 300  6.0  7.0   0.4    14   3.3 157 1011.4  15.1  13.6   8.2   MM   MM    MM
2026 09 03 03 10 310  7.0  7.0   0.4    MM   3.3 157 1011.3  15.0  13.6   8.0   MM   MM    MM
2026 09 03 03 00 300  6.0  8.0    MM    MM    MM  MM 1011.3  14.8  13.6   9.4   MM +1.3    MM
2026 09 03 02 50 300  6.0  8.0   0.4     8   4.1 182 1011.1  14.3  13.6  10.5   MM   MM    MM
2026 09 03 02 40 300  5.0  7.0   0.4    MM   4.1 182 1011.1  14.5  13.7  10.9   MM   MM    MM
2026 09 03 02 30 290  4.0  5.0    MM    MM    MM  MM 1011.1  14.7  13.7  10.9   MM   MM    MM
2026 09 03 02 20 290  4.0  5.0   0.4     8   4.1 188 1011.0  15.1  13.7  10.0   MM   MM    MM
2026 09 03 02 10 300  5.0  5.0   0.4    MM   4.1 188 1010.9  15.1  13.7   9.8   MM   MM    MM
2026 09 03 02 00 300  5.0  6.0    MM    MM    MM  MM 1010.8  15.1  13.8   9.7   MM +1.7    MM
2026 09 03 01 50 300  5.0  6.0   0.3     9   5.3 189 1010.8  14.9  13.8   9.8   MM   MM    MM
2026 09 03 01 40 290  5.0  6.0    MM    MM    MM  MM 1010.7  14.9  13.7   9.9   MM   MM    MM
2026 09 03 01 30 300  5.0  6.0    MM    MM    MM  MM 1010.5  15.0  13.6   9.4   MM   MM    MM
2026 09 03 01 20 300  5.0  5.0   0.3    15   4.7 107 1010.5  14.8  13.5  10.0   MM   MM    MM
2026 09 03 01 10 290  4.0  5.0   0.3    MM   4.7 107 1010.3  14.5  13.4  10.4   MM   MM    MM
2026 09 03 01 00 300  4.0  5.0    MM    MM    MM  MM 1010.2  14.3  13.1  10.6   MM +1.7    MM
2026 09 03 00 50 300  4.0  5.0   0.3    14   4.1 188 1010.1  14.3  13.1  10.1   MM   MM    MM
2026 09 03 00 40 300  4.0  5.0    MM    MM    MM  MM 1010.1  14.2  13.1   9.8   MM   MM    MM
2026 09 03 00 30 300  4.0  6.0    MM    MM    MM  MM 1010.0  14.3    MM   8.9   MM   MM    MM
2026 09 03 00 20 300  5.0  6.0   0.3    14   3.9 184 1009.9  14.3  13.1   8.2   MM   MM    MM
2026 09 03 00 10 290  3.0  5.0   0.3    MM   3.9 184 1009.9  13.9  13.1   9.5   MM   MM    MM
2026 09 03 00 00 270  3.0  3.0    MM    MM    MM  MM 1009.9  13.8  13.2   9.7   MM +1.8    MM
2026 09 02 23 50 270  2.0  3.0   0.3     8   4.0 190 1009.8  13.7  13.4   9.6   MM   MM    MM
2026 09 02 23 40 250  2.0  3.0    MM    MM    MM  MM 1009.7  13.5  13.4   9.8   MM   MM    MM
2026 09 02 23 10 250  2.0  2.0   0.3    MM   4.1 185 1009.4  13.3  13.4   9.1   MM   MM    MM
2026 09 02 23 00 280  2.0  2.0    MM    MM    MM  MM 1009.2  13.2  13.2   9.3   MM +1.8    MM
2026 09 02 22 50 250  2.0  2.0   0.3     9   4.1 192 1009.0  13.2  13.3   9.2   MM   MM    MM
2026 09 02 22 40 280  2.0  2.0    MM    MM    MM  MM 1008.9  13.1  13.3   9.2   MM   MM    MM
2026 09 02 22 30 290  2.0  3.0    MM    MM    MM  MM 1008.8  13.1  13.2   9.1   MM   MM    MM
2026 09 02 22 20 300  2.0  3.0   0.3     8   3.9 176 1008.6  13.1  13.2   9.0   MM   MM    MM
2026 09 02 22 10 290  3.0  3.0   0.3    MM   3.9 176 1008.6  13.1  13.1   8.9   MM   MM    MM
2026 09 02 22 00 290  3.0  3.0    MM    MM    MM  MM 1008.5  13.0  13.1   8.5   MM +1.8    MM
2026 09 02 21 50 300  3.0  3.0   0.3    15   3.4 180 1008.5  13.0  13.2   8.4   MM   MM    MM
2026 09 02 21 40 300  2.0  3.0   0.3    MM   3.4 180 1008.4  13.0  13.1   8.8   MM   MM    MM
2026 09 02 21 30 300  3.0  3.0    MM    MM    MM  MM 1008.3  13.0  13.0   8.6   MM   MM    MM
2026 09 02 21 20 310  3.0  3.0   0.2    MM   3.7  MM 1008.1  13.1  13.1   8.0   MM   MM    MM
2026 09 02 21 10 310  3.0  4.0   0.2    MM   3.7  MM 1008.1  13.2  13.1   8.0   MM   MM    MM
2026 09 02 21 00 300  3.0  4.0    MM    MM    MM  MM 1008.1  13.3  13.1   7.8   MM +1.9    MM
2026 09 02 20 50 280  3.0  3.0   0.2    MM   4.0  MM 1008.0  13.2  13.0   7.8   MM   MM    MM
2026 09 02 20 40 270  3.0  4.0   0.2    MM   4.0  MM 1007.9  13.2  13.1   8.5   MM   MM    MM
2026 09 02 20 30 280  3.0  4.0    MM    MM    MM  MM 1007.7  13.2    MM   8.2   MM   MM    MM
2026 09 02 20 20 290  4.0  5.0   0.2    MM   4.2  MM 1007.5  13.1  13.1   7.9   MM   MM    MM
2026 09 02 20 10 290  4.0  4.0   0.2    MM   4.2  MM 1007.4  13.0  13.1   8.2   MM   MM    MM
2026 09 02 20 00 290  3.0  4.0    MM    MM    MM  MM 1007.4  12.9  13.1   8.3   MM +1.8    MM
2026 09 02 19 50 280  3.0  4.0   0.2    MM   3.7  MM 1007.3  12.7  13.1   8.3   MM   MM    MM
2026 09 02 19 40 280  3.0  3.0   0.2    MM   3.7  MM 1007.2  12.5  13.1   8.3   MM   MM    MM
2026 09 02 19 30 280  2.0  3.0    MM    MM    MM  MM 1007.1  12.4  13.0   8.3   MM   MM    MM
2026 09 02 19 20 280  2.0  3.0   0.2    MM   3.8  MM 1007.1  12.3  13.1   8.3   MM   MM    MM
2026 09 02 19 10 280  2.0  3.0   0.2    MM   3.8  MM 1006.9  12.2  13.1   8.4   MM   MM    MM
2026 09 02 19 00 250  2.0  3.0    MM    MM    MM  MM 1006.8  12.2  13.1   8.6   MM +1.5    MM
2026 09 02 18 50 280  2.0  2.0   0.2    MM   3.7  MM 1006.7  12.1  13.1   8.3   MM   MM    MM
2026 09 02 18 40 300  2.0  2.0   0.2    MM   3.7  MM 1006.6  12.1  13.2   8.2   MM   MM    MM
2026 09 02 18 30 290  2.0  2.0    MM    MM    MM  MM 1006.4  12.0  13.2   8.0   MM   MM    MM
2026 09 02 18 20 310  1.0  2.0   0.2    MM   4.1  MM 1006.3  12.0  13.2   8.3   MM   MM    MM
2026 09 02 18 10 330  2.0  3.0   0.2    MM   4.1  MM 1006.2    MM  13.2    MM   MM   MM    MM
2026 09 02 18 00 320  3.0  3.0    MM    MM    MM  MM 1006.1  12.2  13.2   8.3   MM +1.3    MM
2026 09 02 17 50 300  3.0  3.0   0.2    MM   4.0  MM 1006.1  12.3  13.1   7.9   MM   MM    MM
2026 09 02 17 40 290  2.0  3.0    MM    MM    MM  MM 1006.0    MM  13.1    MM   MM   MM    MM
2026 09 02 17 30 290  2.0  3.0    MM    MM    MM  MM 1005.9  12.2  13.1   8.2   MM   MM    MM
2026 09 02 17 20 300  2.0  3.0   0.2    MM   4.3  MM 1005.7  12.0  13.1   8.1   MM   MM    MM
2026 09 02 17 10 330  2.0  2.0    MM    MM    MM  MM 1005.7  11.9  13.1   8.6   MM   MM    MM
2026 09 02 17 00 340  3.0  4.0    MM    MM    MM  MM 1005.6  11.8  13.1   7.9   MM +1.1    MM
2026 09 02 16 50 330  3.0  4.0   0.2    MM   3.9  MM 1005.5  11.8  13.1   8.6   MM   MM    MM
2026 09 02 16 40 320  3.0  4.0   0.2    MM   3.9  MM 1005.5  11.9  13.2  10.0   MM   MM    MM
2026 09 02 16 30 320  3.0  4.0    MM    MM    MM  MM 1005.5  12.0  13.2  10.3   MM   MM    MM
2026 09 02 16 20 320  3.0  3.0   0.2    MM   4.9  MM 1005.3  11.9  13.2  10.2   MM   MM    MM
2026 09 02 16 10 310  3.0  4.0   0.2    MM   4.9  MM 1005.2  11.9  13.2  10.2   MM   MM    MM
2026 09 02 16 00 300  3.0  4.0    MM    MM    MM  MM 1005.3  11.7  13.2   9.5   MM +1.0    MM
2026 09 02 15 50 300  3.0  4.0   0.2    MM   4.9  MM 1005.2  11.6  13.2   9.0   MM   MM    MM
2026 09 02 15 40 300  3.0  4.0    MM    MM    MM  MM 1005.2  11.7    MM   8.9   MM   MM    MM
2026 09 02 15 30 310  4.0  4.0    MM    MM    MM  MM 1005.2  11.5  13.1   9.1   MM   MM    MM
2026 09 02 15 20 300  4.0  4.0   0.2    MM   5.5  MM 1005.0  11.8  13.1   9.9   MM   MM    MM
2026 09 02 15 10 300  2.0  3.0   0.2    MM   5.5  MM 1005.0  12.2  13.1  10.1   MM   MM    MM
2026 09 02 15 00 300  2.0  2.0    MM    MM    MM  MM 1005.0  12.0  13.1   9.4   MM +0.8    MM
2026 09 02 14 50 300  2.0  3.0   0.2    MM   5.1  MM 1004.8  11.9  13.0   9.3   MM   MM    MM
2026 09 02 14 40 300  2.0  3.0    MM    MM    MM  MM 1004.7  11.9  13.0   9.5   MM   MM    MM
2026 09 02 14 30 290  2.0  2.0    MM    MM    MM  MM 1004.7  12.1  13.1   9.6   MM   MM    MM
2026 09 02 14 20 270  2.0  3.0   0.2    MM   5.6  MM 1004.6  12.0  13.1   9.2   MM   MM    MM
2026 09 02 14 10 270  2.0  2.0   0.2    MM   5.6  MM 1004.6  12.1  13.1   9.0   MM   MM    MM
2026 09 02 14 00 290  2.0  2.0    MM    MM    MM  MM 1004.5  12.1  13.1   8.9   MM -0.0    MM
2026 09 02 13 50 280  2.0  2.0   0.2    MM   4.9  MM 1004.6  12.3  13.1   9.5   MM   MM    MM
2026 09 02 13 40 290  2.0  2.0   0.2    MM   4.9  MM 1004.4  12.3  13.1   9.2   MM   MM    MM
2026 09 02 13 30 320  1.0  2.0    MM    MM    MM  MM 1004.4  12.2  13.1   9.8   MM   MM    MM
2026 09 02 13 20 340  2.0  2.0   0.2    MM   4.0  MM 1004.3  12.2  13.1  10.2   MM   MM    MM
2026 09 02 13 10 350  2.0  2.0   0.2    MM   4.0  MM 1004.3  12.3  13.1  10.6   MM   MM    MM
2026 09 02 13 00 340  2.0  3.0    MM    MM    MM  MM 1004.3  12.2  13.1  10.4   MM +0.0    MM
2026 09 02 12 50 340  3.0  3.0   0.3    15   3.8 200 1004.2  12.2  13.1  10.3   MM   MM    MM
2026 09 02 12 40 330  3.0  3.0   0.3    MM   3.8 200 1004.1    MM  13.1    MM   MM   MM    MM
2026 09 02 12 30 330  3.0  4.0    MM    MM    MM  MM 1004.1  12.6  13.1  10.3   MM   MM    MM
2026 09 02 12 20 320  3.0  4.0   0.3    15   3.9 207 1004.2  12.4  13.1   9.7   MM   MM    MM
2026 09 02 12 10 320  3.0  4.0   0.3    MM   3.9 207 1004.2  12.4  13.1  10.7   MM   MM    MM
2026 09 02 12 00 310  3.0  4.0    MM    MM    MM  MM 1004.2  12.4  13.1  10.5   MM -0.4    MM
2026 09 02 11 50 310  3.0  3.0   0.3    14   3.5 198 1004.3  12.4  13.1  10.3   MM   MM    MM
2026 09 02 11 40 300  3.0  3.0    MM    MM    MM  MM 1004.4  12.4  13.1   9.9   MM   MM    MM
2026 09 02 11 30 290  3.0  3.0    MM    MM    MM  MM 1004.4  12.5  13.1  10.3   MM   MM    MM
2026 09 02 11 20 300  3.0  3.0   0.3    15   3.5 178 1004.4  12.5  13.1  10.3   MM   MM    MM
2026 09 02 11 10 280  3.0  3.0   0.3    MM   3.5 178 1004.4  12.6  13.1  10.0   MM   MM    MM
2026 09 02 11 00 290  3.0  4.0    MM    MM    MM  MM 1004.5  12.7  13.1  10.0   MM -0.3    MM
2026 09 02 10 50 270  3.0  4.0   0.3    15   3.6 203 1004.5  12.9  13.1  10.6   MM   MM    MM
2026 09 02 10 40 270  3.0  3.0    MM    MM    MM  MM 1004.5  13.0  13.2  10.3   MM   MM    MM
2026 09 02 10 30 270  3.0  3.0    MM    MM    MM  MM 1004.5  13.0  13.2   9.7   MM   MM    MM
2026 09 02 10 20 270  3.0  3.0   0.3    15   3.4 165 1004.5  12.9  13.2  10.3   MM   MM    MM
2026 09 02 10 10 260  4.0  4.0    MM    MM    MM  MM 1004.4  13.0  13.2  10.7   MM   MM    MM
2026 09 02 10 00 260  4.0  4.0    MM    MM    MM  MM 1004.5  13.0  13.2  11.0   MM +0.0    MM
2026 09 02 09 50 260  4.0  4.0   0.3    15   3.7 203 1004.6  13.0  13.3  11.2   MM   MM    MM
2026 09 02 09 40 260  4.0  4.0   0.3    MM   3.7 203 1004.6  13.1  13.3  11.3   MM   MM    MM
2026 09 02 09 30 250  4.0  4.0    MM    MM    MM  MM 1004.6  13.1  13.3  11.2   MM   MM    MM
2026 09 02 09 20 250  4.0  4.0   0.3    15   3.9 183 1004.5  13.1  13.4  11.1   MM   MM    MM
2026 09 02 09 10 240  4.0  4.0   0.3    MM   3.9 183 1004.4  13.2  13.4  11.1   MM   MM    MM
2026 09 02 09 00 250  4.0  4.0    MM    MM    MM  MM 1004.4  13.1  13.4  10.9   MM +0.0    MM
2026 09 02 08 50 240  4.0  4.0   0.3    15   3.6 180 1004.6  13.1  13.4  11.3   MM   MM    MM
2026 09 02 08 40 240  3.0  4.0    MM    MM    MM  MM 1004.7  13.1  13.4  11.1   MM   MM    MM
2026 09 02 08 30 240  4.0  4.0    MM    MM    MM  MM 1004.7  13.1  13.4  11.2   MM   MM    MM
2026 09 02 08 20 240  4.0  5.0   0.3     8   3.4 177 1004.7  13.1  13.4  11.5   MM   MM    MM
2026 09 02 08 10 240  4.0  4.0   0.3    MM   3.4 177 1004.8  13.2  13.4  11.8   MM   MM    MM
2026 09 02 08 00 230  3.0  4.0    MM    MM    MM  MM 1004.8  13.2  13.4  11.4   MM +0.7    MM
2026 09 02 07 50 240  3.0  4.0   0.3     8   3.9 175 1004.8  13.2  13.4  11.2   MM   MM    MM
2026 09 02 07 40 230  3.0  4.0    MM    MM    MM  MM 1004.7  13.2  13.4  11.3   MM   MM    MM
2026 09 02 07 30 230  3.0  4.0    MM    MM    MM  MM 1004.8  13.3  13.4  11.6   MM   MM    MM
2026 09 02 07 20 230  3.0  4.0   0.3     8   4.2 179 1004.7  13.1    MM  11.5   MM   MM    MM
2026 09 02 07 10 220  3.0  3.0   0.3    MM   4.2 179 1004.8    MM  13.4    MM   MM   MM    MM
2026 09 02 07 00 220  3.0  3.0    MM    MM    MM  MM 1004.7  13.2    MM  11.7   MM +1.0    MM
2026 09 02 06 50 220  3.0  3.0   0.3    15   3.8 149 1004.7  13.2    MM  11.5   MM   MM    MM
2026 09 02 06 40 220  3.0  4.0   0.3    MM   3.8 149 1004.7  13.2  13.5  11.3   MM   MM    MM
2026 09 02 06 30 210  2.0  3.0    MM    MM    MM  MM 1004.6  13.2  13.5  11.9   MM   MM    MM
2026 09 02 06 20 210  3.0  3.0   0.3    15   3.9 184 1004.6  13.3  13.5  11.6   MM   MM    MM
2026 09 02 06 10 220  3.0  4.0   0.3    MM   3.9 184 1004.4  13.2  13.5  11.7   MM   MM    MM
2026 09 02 06 00 220  3.0  4.0    MM    MM    MM  MM 1004.4  13.4  13.5  11.4   MM +0.7    MM
2026 09 02 05 50 210  3.0  4.0   0.3    16   3.7 222 1004.3  13.7  13.5  10.4   MM   MM    MM
2026 09 02 05 40 230  3.0  4.0    MM    MM    MM  MM 1004.3  14.0  13.6   9.6   MM   MM    MM
2026 09 02 05 30 250  4.0  5.0    MM    MM    MM  MM 1004.3  14.0  13.6   9.5   MM   MM    MM
2026 09 02 05 20 260  4.0  5.0   0.4    15   3.6 141 1004.1  14.0  13.6   9.7   MM   MM    MM
2026 09 02 05 10 260  5.0  5.0   0.4    MM   3.6 141 1004.2  14.0  13.6   9.8   MM   MM    MM
2026 09 02 05 00 260  5.0  5.0    MM    MM    MM  MM 1004.1  13.9  13.6  10.2   MM +0.7    MM
2026 09 02 04 50 260  5.0  6.0   0.3    16   3.7 172 1004.1  13.8  13.6  10.4   MM   MM    MM
2026 09 02 04 40 250  5.0  6.0   0.3    MM   3.7 172 1004.1  13.8  13.6  10.4   MM   MM    MM
2026 09 02 04 30 260  5.0  5.0    MM    MM    MM  MM 1003.9  13.7  13.6  10.8   MM   MM    MM
2026 09 02 04 20 250  4.0  5.0   0.3    16   3.6 159 1003.8  13.9  13.6  10.8   MM   MM    MM
2026 09 02 04 10 250  5.0  5.0   0.3    MM   3.6 159 1003.8  14.0  13.6  10.1   MM   MM    MM
2026 09 02 04 00 250  5.0  6.0    MM    MM    MM  MM 1003.8  13.8  13.6  10.3   MM +0.4    MM
2026 09 02 03 50 250  4.0  5.0   0.4    15   3.5 161 1003.8  13.8  13.6  11.3   MM   MM    MM
2026 09 02 03 40 260  4.0  4.0   0.4    MM   3.5 161 1003.7  14.0  13.6  11.0   MM   MM    MM
2026 09 02 03 30 260  4.0  4.0    MM    MM    MM  MM 1003.7  14.0  13.6  10.8   MM   MM    MM
2026 09 02 03 20 250  4.0  5.0   0.4    16   3.4 169 1003.7  14.2  13.6  10.8   MM   MM    MM
2026 09 02 03 10 260  4.0  5.0   0.4    MM   3.4 169 1003.6  14.2  13.6  10.4   MM   MM    MM
2026 09 02 03 00 260  4.0  5.0    MM    MM    MM  MM 1003.6  14.3  13.6  10.2   MM +0.4    MM
2026 09 02 02 50 260  5.0  6.0   0.4     9   3.5 162 1003.6  14.1  13.6  10.0   MM   MM    MM
2026 09 02 02 40 260  4.0  5.0   0.4    MM   3.5 162 1003.5  14.2  13.6  10.3   MM   MM    MM
2026 09 02 02 30 260  4.0  5.0    MM    MM    MM  MM 1003.5  14.2  13.6   9.8   MM   MM    MM
2026 09 02 02 20 270  5.0  5.0   0.4    16   3.7 171 1003.5  14.1  13.6  10.0   MM   MM    MM
2026 09 02 02 10 270  4.0  5.0   0.4    MM   3.7 171 1003.5  14.2  13.6  10.3   MM   MM    MM
2026 09 02 02 00 270  4.0  5.0    MM    MM    MM  MM 1003.4  14.3  13.6  10.1   MM +0.0    MM
2026 09 02 01 50 280  4.0  5.0   0.4     9   3.7 186 1003.4  14.3  13.6  10.0   MM   MM    MM
2026 09 02 01 40 280  5.0  5.0   0.4    MM   3.7 186 1003.3  14.4  13.6   9.6   MM   MM    MM
2026 09 02 01 30 280  5.0  5.0    MM    MM    MM  MM 1003.4  14.4  13.5   9.6   MM   MM    MM
2026 09 02 01 20 280  5.0  5.0   0.4    16   3.6 160 1003.4  14.3  13.5   9.8   MM   MM    MM
2026 09 02 01 10 280  5.0  6.0   0.4    MM   3.6 160 1003.3  14.3  13.5   9.8   MM   MM    MM
2026 09 02 01 00 280  5.0  5.0    MM    MM    MM  MM 1003.4  14.3  13.5   9.8   MM -0.3    MM
2026 09 02 00 50 280  4.0  5.0   0.4    15   3.7 152 1003.2  14.2  13.5   9.9   MM   MM    MM
2026 09 02 00 40 280  4.0  5.0   0.4    MM   3.7 152 1003.2  14.2  13.4  10.0   MM   MM    MM
2026 09 02 00 30 280  4.0  5.0    MM    MM    MM  MM 1003.2  14.3  13.4   9.7   MM   MM    MM
2026 09 02 00 20 280  4.0  5.0   0.4    15   3.5 233 1003.2  14.1  13.4  10.0   MM   MM    MM
2026 09 02 00 10 280  5.0  6.0    MM    MM    MM  MM 1003.3  14.1  13.4   9.7   MM   MM    MM
2026 09 02 00 00 280  5.0  6.0    MM    MM    MM  MM 1003.3  14.2  13.4   9.3   MM -0.5    MM
2026 09 01 23 50 280  5.0  6.0   0.5     9   3.4 179 1003.3  14.1  13.4   9.5   MM   MM    MM
2026 09 01 23 40 280  4.0  6.0   0.5    MM   3.4 179 1003.2  13.9  13.4  10.2   MM   MM    MM
2026 09 01 23 30 270  4.0  5.0    MM    MM    MM  MM 1003.3  14.0  13.4  10.1   MM   MM    MM
2026 09 01 23 20 280  5.0  6.0   0.5     3   3.2 281 1003.3  14.1  13.3   8.9   MM   MM    MM
2026 09 01 23 10 280  6.0  7.0   0.5    MM   3.2 281 1003.3  14.1  13.3   9.0   MM   MM    MM
2026 09 01 23 00 290  6.0  7.0    MM    MM    MM  MM 1003.4  14.2  13.3   8.2   MM +0.0    MM
2026 09 01 22 50 290  6.0  7.0   0.5     3   3.2 293 1003.3  14.1  13.3   8.6   MM   MM    MM
2026 09 01 22 40 290  6.0  6.0   0.5    MM   3.2 293 1003.4  14.0  13.3   8.5   MM   MM    MM
2026 09 01 22 30 300  6.0  6.0    MM    MM    MM  MM 1003.4  14.0  13.3   8.5   MM   MM    MM
2026 09 01 22 20 290  6.0  7.0   0.5     3   3.2 284 1003.6  14.0  13.3   8.5   MM   MM    MM
2026 09 01 22 10 300  6.0  7.0   0.5    MM   3.2 284 1003.6  13.9  13.3   8.5   MM   MM    MM
2026 09 01 22 00 290  6.0  7.0    MM    MM    MM  MM 1003.6  13.7  13.3   8.7   MM +0.0    MM
2026 09 01 21 50 290  6.0  6.0   0.5     3   3.0 295 1003.6  13.7  13.2   8.6   MM   MM    MM
2026 09 01 21 40 290  6.0  7.0    MM    MM    MM  MM 1003.7  13.6  13.2   8.2   MM   MM    MM
2026 09 01 21 30 300  6.0  8.0    MM    MM    MM  MM 1003.7  13.6  13.2   8.4   MM   MM    MM
2026 09 01 21 20 300  7.0  8.0   0.5     3   3.2 306 1003.7  13.5  13.2   8.2   MM   MM    MM
2026 09 01 21 10 300  6.0  8.0   0.5    MM   3.2 306 1003.7  13.4  13.2   8.8   MM   MM    MM
2026 09 01 21 00 300  6.0  7.0    MM    MM    MM  MM 1003.7  13.3  13.2   8.9   MM +0.0    MM
2026 09 01 20 50 300  6.0  7.0   0.6     3   3.2 271 1003.8  13.3  13.2   8.9   MM   MM    MM
2026 09 01 20 40 300  6.0  7.0    MM    MM    MM  MM 1003.8  13.3  13.3   8.9   MM   MM    MM
2026 09 01 20 30 300  6.0  8.0    MM    MM    MM  MM 1003.9  13.3  13.3   8.5   MM   MM    MM
2026 09 01 20 20 300  6.0  7.0   0.6     3   3.3 291 1003.9  13.2  13.3   8.8   MM   MM    MM
2026 09 01 20 10 310  6.0  7.0   0.6    MM   3.3 291 1003.7  13.1  13.3   8.7   MM   MM    MM
2026 09 01 20 00 300  6.0  7.0    MM    MM    MM  MM 1003.6  13.0  13.3   9.0   MM +0.0    MM
2026 09 01 19 50 300  6.0  7.0   0.6     3   3.5 296 1003.7  13.0  13.3   9.3   MM   MM    MM
2026 09 01 19 40 290  5.0  6.0    MM    MM    MM  MM 1003.7  13.0  13.3   9.2   MM   MM    MM
2026 09 01 19 30 300  5.0  7.0    MM    MM    MM  MM 1003.8  13.1  13.3   8.8   MM   MM    MM
2026 09 01 19 20 300  6.0  7.0   0.7     4   3.4 289 1003.7  13.1  13.3   8.7   MM   MM    MM
2026 09 01 19 10 300  6.0  7.0   0.7    MM   3.4 289 1003.8  13.0  13.3   8.8   MM   MM    MM
2026 09 01 19 00 300  6.0  7.0    MM    MM    MM  MM 1003.8  13.1  13.3   8.9   MM +0.0    MM
2026 09 01 18 50 300  6.0  7.0   0.5     4   3.3 279 1003.7  13.1  13.3   8.6   MM   MM    MM
2026 09 01 18 40 310  6.0  8.0   0.5    MM   3.3 279 1003.7  13.2  13.3   8.3   MM   MM    MM
2026 09 01 18 30 320  7.0  8.0    MM    MM    MM  MM 1003.7  13.2  13.3   7.7   MM   MM    MM
2026 09 01 18 20 310  6.0  8.0   0.5     3   3.4 278 1003.7  13.0  13.2   8.9   MM   MM    MM
2026 09 01 18 10 310  6.0  8.0    MM    MM    MM  MM 1003.5  12.9  13.2   9.1   MM   MM    MM
2026 09 01 18 00 310  6.0  7.0   0.5    MM   3.4 278 1003.5  12.8  13.2   9.1   MM +0.8    MM
2026 09 01 17 50 300  6.0  7.0   0.5     4   3.3 289 1003.5  12.8    MM   9.1   MM   MM    MM
2026 09 01 17 40 310  5.0  7.0   0.5    MM   3.3 289 1003.5  13.1  13.2   9.2   MM   MM    MM
2026 09 01 17 30 310  6.0  7.0    MM    MM    MM  MM 1003.4  13.0  13.3   9.3   MM   MM    MM
2026 09 01 17 20 310  5.0  6.0   0.5     3   3.5 295 1003.5  12.8  13.3   8.9   MM   MM    MM
2026 09 01 17 10 310  5.0  6.0   0.5    MM   3.5 295 1003.5  12.7  13.2   8.9   MM   MM    MM
2026 09 01 17 00 300  5.0  6.0    MM    MM    MM  MM 1003.4  12.6    MM   9.0   MM +0.9    MM
2026 09 01 16 50 310  6.0  7.0   0.5     3   3.4 287 1003.4  12.7  13.2   8.7   MM   MM    MM
2026 09 01 16 40 310  6.0  7.0   0.5    MM   3.4 287 1003.5  12.8  13.2   9.0   MM   MM    MM
2026 09 01 16 30 310  6.0  7.0    MM    MM    MM  MM 1003.5  12.8  13.2   9.1   MM   MM    MM
2026 09 01 16 20 310  6.0  7.0   0.4    16   3.4 216 1003.6  12.6  13.2   9.2   MM   MM    MM
2026 09 01 16 10 310  6.0  7.0   0.4    MM   3.4 216 1003.4  12.7  13.2   9.9   MM   MM    MM
2026 09 01 16 00 300  5.0  6.0    MM    MM    MM  MM 1003.4  12.8  13.2   9.9   MM +1.1    MM
2026 09 01 15 50 310  5.0  6.0   0.4     3   3.3 296 1003.3  13.1  13.1   9.4   MM   MM    MM
2026 09 01 15 40 310  6.0  7.0    MM    MM    MM  MM 1003.3  13.1  13.1   9.1   MM   MM    MM
2026 09 01 15 30 310  5.0  6.0    MM    MM    MM  MM 1003.3  13.0  13.1   9.5   MM   MM    MM
2026 09 01 15 20 310  5.0  6.0   0.4     3   3.3 298 1003.2  12.7  13.1   9.9   MM   MM    MM
2026 09 01 15 10 310  6.0  7.0   0.4    MM   3.3 298 1003.0  12.7  13.1   9.8   MM   MM    MM
2026 09 01 15 00 310  6.0  7.0    MM    MM    MM  MM 1003.0  12.8  13.1   9.7   MM +1.0    MM
2026 09 01 14 50 310  6.0  7.0   0.4     3   3.3 296 1002.9  12.9  13.1   9.4   MM   MM    MM
2026 09 01 14 40 310  6.0  7.0   0.4    MM   3.3 296 1002.8  12.9  13.0   9.3   MM   MM    MM
2026 09 01 14 30 310  5.0  7.0    MM    MM    MM  MM 1002.9  12.9  13.0   9.6   MM   MM    MM
2026 09 01 14 20 310  6.0  7.0   0.5     4   3.4 282 1002.8  12.8  13.0   9.5   MM   MM    MM
2026 09 01 14 10 310  6.0  7.0   0.5    MM   3.4 282 1002.7  12.9  13.0   9.2   MM   MM    MM
2026 09 01 14 00 310  5.0  6.0    MM    MM    MM  MM 1002.8  13.0  13.0   8.9   MM +1.2    MM
2026 09 01 13 50 310  5.0  6.0   0.5     3   3.2 285 1002.7  12.9  13.1   9.1   MM   MM    MM
2026 09 01 13 40 310  5.0  6.0   0.5    MM   3.2 285 1002.5  12.9  13.1   9.3   MM   MM    MM
2026 09 01 13 30 310  6.0  7.0    MM    MM    MM  MM 1002.5  13.0  13.1   9.3   MM   MM    MM
2026 09 01 13 20 320  6.0  7.0   0.5     3   3.2 304 1002.5  13.2  13.1   9.0   MM   MM    MM
2026 09 01 13 10 320  6.0  7.0   0.5    MM   3.2 304 1002.3  13.3  13.1   8.7   MM   MM    MM
2026 09 01 13 00 310  6.0  7.0    MM    MM    MM  MM 1002.4  13.4  13.1   8.2   MM +1.6    MM
2026 09 01 12 50 310  6.0  7.0   0.5    MM   3.2 299 1002.3    MM  13.1    MM   MM   MM    MM
2026 09 01 12 40 310  7.0  8.0    MM    MM    MM  MM 1002.4  13.3  13.1   8.8   MM   MM    MM
2026 09 01 12 30 300  7.0  8.0    MM    MM    MM  MM 1002.2  13.2  13.1   9.1   MM   MM    MM
2026 09 01 12 20 300  7.0  8.0   0.6     3   3.1 295 1001.9  13.4  13.1   9.0   MM   MM    MM
2026 09 01 12 10 310  6.0  8.0   0.6    MM   3.1 295 1001.9  13.5  13.1   8.4   MM   MM    MM
2026 09 01 12 00 310  6.0  8.0    MM    MM    MM  MM 1001.9  13.6  13.1   8.6   MM +1.1    MM
2026 09 01 11 50 310  7.0  8.0   0.6     4   3.3 323 1001.8  13.7  13.1   7.5   MM   MM    MM
2026 09 01 11 40 300  7.0  8.0   0.6    MM   3.3 323 1001.7  13.3  13.1   8.3   MM   MM    MM
2026 09 01 11 30 300  7.0  8.0    MM    MM    MM  MM 1001.7  13.0  13.1   9.1   MM   MM    MM
2026 09 01 11 20 300  7.0  8.0   0.6     3   3.3 316 1001.6  13.3  13.1   9.0   MM   MM    MM
2026 09 01 11 10 320  6.0  7.0    MM    MM    MM  MM 1001.6  14.0  13.2   8.4   MM   MM    MM
2026 09 01 11 00 340  6.0  7.0    MM    MM    MM  MM 1001.4  14.4  13.2   7.3   MM +1.0    MM
2026 09 01 10 50 350  6.0  8.0   0.6     4   3.2 319 1001.4  14.5  13.2   7.0   MM   MM    MM
2026 09 01 10 40 350  6.0  8.0    MM    MM    MM  MM 1001.3  14.5  13.2   6.8   MM   MM    MM
2026 09 01 10 30 350  6.0  8.0    MM    MM    MM  MM 1001.2  14.6  13.2   6.6   MM   MM    MM
2026 09 01 10 20 350  7.0  8.0   0.6     4   3.3 313 1001.1  14.6  13.2   6.9   MM   MM    MM
2026 09 01 10 10 340  6.0  7.0   0.6    MM   3.3 313 1001.0  14.6  13.2   6.7   MM   MM    MM
2026 09 01 10 00 340  7.0  8.0    MM    MM    MM  MM 1000.9  14.6  13.2   6.9   MM +1.3    MM
2026 09 01 09 50 340  6.0  8.0   0.6     4   3.3 300 1000.9  14.2  13.2   7.9   MM   MM    MM
2026 09 01 09 40 330  6.0  8.0   0.6    MM   3.3 300 1000.9  14.2  13.2   7.7   MM   MM    MM
2026 09 01 09 30 330  7.0  8.0    MM    MM    MM  MM 1000.9  14.0  13.2   7.2   MM   MM    MM
2026 09 01 09 20 320  7.0  8.0   0.7     3   3.4 299 1000.8  13.8  13.2   7.6   MM   MM    MM
2026 09 01 09 10 310  7.0  9.0    MM    MM    MM  MM 1000.8  13.7  13.2   8.2   MM   MM    MM
2026 09 01 09 00 320  7.0  9.0    MM    MM    MM  MM 1000.8  13.9  13.2   8.5   MM +2.1    MM
2026 09 01 08 50 330  7.0  9.0   0.7     3   3.3 299 1000.6  13.7  13.2   8.7   MM   MM    MM
2026 09 01 08 40 320  6.0  7.0    MM    MM    MM  MM 1000.6  13.6  13.2   9.3   MM   MM    MM
2026 09 01 08 30 310  6.0  8.0    MM    MM    MM  MM 1000.5  13.5  13.2   9.4   MM   MM    MM
2026 09 01 08 20 330  7.0  9.0   0.7     4   3.4 292 1000.5  14.2  13.2   8.0   MM   MM    MM
2026 09 01 08 10 330  8.0  9.0    MM    MM    MM  MM 1000.3  14.4  13.2   7.0   MM   MM    MM
2026 09 01 08 00 310  7.0  9.0    MM    MM    MM  MM 1000.4  13.8  13.2   8.4   MM +2.3    MM
2026 09 01 07 50 300  7.0  9.0   0.7     3   3.4 306 1000.4  14.0  13.2   8.1   MM   MM    MM
2026 09 01 07 40 310  7.0  9.0   0.7    MM   3.4 306 1000.2  13.9  13.3   8.2   MM   MM    MM
2026 09 01 07 30 320  8.0  9.0    MM    MM    MM  MM 1000.0  13.9  13.3   8.3   MM   MM    MM
2026 09 01 07 20 330  8.0 10.0   0.6     4   3.3 316  999.8  14.1  13.3   8.2   MM   MM    MM
2026 09 01 07 10 320  7.0  9.0   0.6    MM   3.3 316  999.6  13.9  13.3   8.5   MM   MM    MM
2026 09 01 07 00 320  7.0  8.0    MM    MM    MM  MM  999.5  14.2    MM   8.5   MM +2.5    MM
2026 09 01 06 50 330  7.0  9.0   0.6     4   3.4 300  999.5  14.3    MM   7.8   MM   MM    MM
2026 09 01 06 40 320  7.0  9.0   0.6    MM   3.4 300  999.5  14.2  13.3   7.8   MM   MM    MM
2026 09 01 06 30 330  7.0  8.0    MM    MM    MM  MM  999.2  14.1  13.3   7.7   MM   MM    MM
2026 09 01 06 20 330  7.0  8.0   0.7     4   3.4 310  999.0  14.3  13.3   7.6   MM   MM    MM
2026 09 01 06 10 330  8.0  9.0   0.7    MM   3.4 310  998.7  14.3  13.3   7.4   MM   MM    MM
2026 09 01 06 00 340  7.0  9.0    MM    MM    MM  MM  998.6  14.4    MM   7.1   MM +2.6    MM
2026 09 01 05 50 340  8.0 10.0   0.6     3   3.4 288  998.6  14.5  13.3   6.5   MM   MM    MM
2026 09 01 05 40 330  7.0  9.0    MM    MM    MM  MM  998.6  14.3  13.3   7.1   MM   MM    MM
2026 09 01 05 30 330  8.0  9.0    MM    MM    MM  MM  998.5  14.3  13.3   6.9   MM   MM    MM
2026 09 01 05 20 330  7.0  9.0   0.7     4   3.5 258  998.3  14.3  13.3   6.8   MM   MM    MM
2026 09 01 05 10 330  7.0 10.0   0.7    MM   3.5 258  998.2  14.4  13.3   6.5   MM   MM    MM
2026 09 01 05 00 320  8.0 10.0    MM    MM    MM  MM  998.1  14.3  13.4   6.5   MM +3.2    MM
2026 09 01 04 50 320  7.0  9.0   0.8     5   3.7 259  997.9  14.2  13.4   7.0   MM   MM    MM
2026 09 01 04 40 320  8.0 10.0   0.8    MM   3.7 259  997.5  13.9  13.4   7.3   MM   MM    MM
2026 09 01 04 30 310  8.0 10.0    MM    MM    MM  MM  997.3  14.1  13.4   7.1   MM   MM    MM
2026 09 01 04 20 320  8.0 10.0   0.7     4   3.8 258  997.3  14.2  13.4   6.9   MM   MM    MM
2026 09 01 04 10 320  8.0  9.0   0.7    MM   3.8 258  997.1  14.1  13.4   7.1   MM   MM    MM
2026 09 01 04 00 310  7.0 10.0    MM    MM    MM  MM  996.9  13.7  13.5   7.4   MM +3.1    MM
2026 09 01 03 50 310  6.0  8.0   0.8     4   3.9 278  997.0  13.6  13.5   8.1   MM   MM    MM
2026 09 01 03 40 310  7.0  9.0    MM    MM    MM  MM  996.8  13.6  13.5   8.0   MM   MM    MM
2026 09 01 03 30 300  7.0  9.0    MM    MM    MM  MM  996.5  13.5  13.5   8.0   MM   MM    MM
2026 09 01 03 20 300  7.0  9.0   0.8     4   3.9 278  996.3  13.5  13.5   8.3   MM   MM    MM
2026 09 01 03 10 300  8.0  9.0   0.8    MM   3.9 278  996.1  13.4  13.5   7.9   MM   MM    MM
2026 09 01 03 00 300  8.0  9.0    MM    MM    MM  MM  996.0  13.4  13.4   7.7   MM +2.1    MM
2026 09 01 02 50 310  8.0 10.0   0.9     4   3.9 281  995.9  13.3  13.3   7.9   MM   MM    MM
2026 09 01 02 40 310  8.0 10.0    MM    MM    MM  MM  995.6  13.2  13.3   8.3   MM   MM    MM
2026 09 01 02 30 310  9.0 10.0    MM    MM    MM  MM  995.5  13.2  13.3   8.3   MM   MM    MM
2026 09 01 02 20 300  9.0 11.0   1.0     5   3.9 277  995.3  13.3  13.2   8.1   MM   MM    MM
2026 09 01 02 10 300 10.0 11.0   1.0    MM   3.9 277  995.1  13.3  13.1   7.0   MM   MM    MM
2026 09 01 02 00 300  9.0 11.0    MM    MM    MM  MM  994.9  13.2  13.1   7.4   MM +0.9    MM
2026 09 01 01 50 300  9.0 10.0   1.1     5   3.9 272  994.8  13.0    MM   7.7   MM   MM    MM
2026 09 01 01 40 290 10.0 12.0    MM    MM    MM  MM  994.5  12.9  13.1   8.0   MM   MM    MM
2026 09 01 01 30 290 10.0 13.0    MM    MM    MM  MM  994.5  12.8  13.1   7.8   MM   MM    MM
2026 09 01 01 20 290 10.0 12.0   1.0     5   3.8 271  994.2  12.9  13.0   7.5   MM   MM    MM
2026 09 01 01 10 290 10.0 13.0   1.0    MM   3.8 271  994.2  12.8  13.0   7.3   MM   MM    MM
2026 09 01 01 00 290 10.0 12.0    MM    MM    MM  MM  994.1  12.7  13.0   7.4   MM -0.5    MM
2026 09 01 00 50 290 10.0 12.0   0.9     4   3.7 266  994.1  12.6    MM   7.1   MM   MM    MM
2026 09 01 00 40 300 10.0 12.0   0.9    MM   3.7 266  994.1    MM    MM    MM   MM   MM    MM
2026 09 01 00 30 300 10.0 12.0    MM    MM    MM  MM  994.0  12.5  13.0   7.3   MM   MM    MM
2026 09 01 00 20 300  9.0 11.0   0.8     4   3.6 266  994.0  12.4  13.0   7.4   MM   MM    MM
2026 09 01 00 10 300  9.0 11.0   0.8    MM   3.6 266  994.0  12.4  12.9   7.3   MM   MM    MM
2026 09 01 00 00 300  9.0 10.0    MM    MM    MM  MM  994.0  12.7  12.9   6.4   MM -0.6    MM
2026 08 31 23 50 310  8.0 10.0   0.6     4   3.5 258  994.0  12.6  12.9   6.4   MM   MM    MM
2026 08 31 23 40 310  8.0  9.0    MM    MM    MM  MM  993.9  12.5  12.9   6.3   MM   MM    MM
2026 08 31 22 50 300  6.0  7.0   0.5     4   3.4 258  994.1  12.0  12.8   6.6   MM   MM    MM
2026 08 31 22 40 300  5.0  6.0    MM    MM    MM  MM  994.3  11.7  12.8   6.4   MM   MM    MM
2026 08 31 22 30 310  5.0  6.0    MM    MM    MM  MM  994.4  11.5  12.7   6.8   MM   MM    MM
2026 08 31 22 20 300  5.0  6.0   0.4     3   3.3 258  994.4  11.4  12.7   7.3   MM   MM    MM
2026 08 31 22 10 300  5.0  6.0   0.4    MM   3.3 258  994.4  11.2  12.7   7.6   MM   MM    MM
2026 08 31 22 00 300  4.0  6.0    MM    MM    MM  MM  994.4  11.0  12.8   8.3   MM -1.1    MM
2026 08 31 21 50 300  4.0  5.0   0.3    16   3.2 213  994.5  10.8  12.9   8.2   MM   MM    MM
2026 08 31 21 40 310  4.0  5.0    MM    MM    MM  MM  994.5  10.7  12.9   8.3   MM   MM    MM
2026 08 31 21 30 300  5.0  6.0    MM    MM    MM  MM  994.5  10.6  12.9   8.5   MM   MM    MM
2026 08 31 21 20 310  5.0  6.0   0.2    MM   3.5  MM  994.5  10.6  12.9   8.5   MM   MM    MM
2026 08 31 21 10 310  4.0  5.0   0.2    MM   3.5  MM  994.5  10.6  12.8   8.6   MM   MM    MM
2026 08 31 21 00 300  5.0  5.0    MM    MM    MM  MM  994.5  10.6  12.6   8.5   MM -1.9    MM
2026 08 31 20 50 290  4.0  5.0   0.3    17   3.0 181  994.6  10.5  12.7   8.1   MM   MM    MM
2026 08 31 20 40 290  4.0  5.0   0.3    MM   3.0 181  994.6  10.3  12.7   8.0   MM   MM    MM
2026 08 31 20 30 290  5.0  5.0    MM    MM    MM  MM  994.6  10.2  12.8   8.1   MM   MM    MM
2026 08 31 20 20 280  5.0  6.0   0.3    17   2.9 340  994.7   9.8  12.8   8.0   MM   MM    MM
2026 08 31 20 10 270  5.0  6.0   0.3    MM   2.9 340  994.8   9.6  12.9   8.1   MM   MM    MM
2026 08 31 20 00 280  6.0  7.0    MM    MM    MM  MM  995.0   9.5    MM   8.3   MM -2.2    MM
2026 08 31 19 50 280  6.0  8.0   0.2    MM   3.1  MM  995.0   9.3  13.0   8.2   MM   MM    MM
2026 08 31 19 40 280  7.0  8.0   0.2    MM   3.1  MM  995.1    MM    MM    MM   MM   MM    MM
2026 08 31 19 30 290  7.0  8.0    MM    MM    MM  MM  995.3   9.3  13.1   8.4   MM   MM    MM
2026 08 31 19 20 310  6.0  9.0   0.2    MM   4.1  MM  995.4    MM  13.1    MM   MM   MM    MM
2026 08 31 19 10 330  5.0  6.0   0.2    MM   4.1  MM  995.5  10.2  13.1   8.4   MM   MM    MM
2026 08 31 19 00 320  5.0  6.0    MM    MM    MM  MM  995.6  10.3    MM   9.0   MM -2.4    MM
2026 08 31 18 50 320  4.0  5.0   0.2    MM   5.1  MM  995.6    MM  13.2    MM   MM   MM    MM
2026 08 31 18 40 320  5.0  6.0   0.2    MM   5.1  MM  995.9    MM  13.3    MM   MM   MM    MM
2026 08 31 18 30 320  4.0  5.0    MM    MM    MM  MM  996.1  10.6  13.3   9.9   MM   MM    MM
2026 08 31 18 20 310  3.0  4.0   0.2    MM   4.9  MM  996.2  10.9  13.4  10.2   MM   MM    MM
2026 08 31 18 10 300  3.0  3.0   0.2    MM   4.9  MM  996.3  11.1  13.4   9.9   MM   MM    MM
2026 08 31 18 00 310  2.0  3.0    MM    MM    MM  MM  996.4  11.1    MM   9.7   MM -2.3    MM
2026 08 31 17 50 340  2.0  3.0   0.2    MM   5.0  MM  996.4  11.2  13.6   9.9   MM   MM    MM
2026 08 31 17 40 340  2.0  3.0    MM    MM    MM  MM  996.6  11.2  13.6   9.8   MM   MM    MM
2026 08 31 17 30 330  2.0  3.0    MM    MM    MM  MM  996.7  11.3  13.6  10.0   MM   MM    MM
2026 08 31 17 20 330  2.0  3.0   0.2    MM   4.6  MM  996.7  11.2  13.6   9.7   MM   MM    MM
2026 08 31 17 10 330  2.0  3.0   0.2    MM   4.6  MM  996.9  11.2  13.6   9.8   MM   MM    MM
2026 08 31 17 00 340  2.0  3.0    MM    MM    MM  MM  997.0  11.2  13.6   9.9   MM -2.3    MM
2026 08 31 16 50 330  3.0  3.0   0.2    MM   4.0  MM  997.1  11.3  13.6   9.8   MM   MM    MM
2026 08 31 16 40 330  3.0  3.0    MM    MM    MM  MM  997.3  11.4  13.7   9.9   MM   MM    MM
2026 08 31 16 30 320  2.0  3.0    MM    MM    MM  MM  997.5  11.5  13.6   9.6   MM   MM    MM
2026 08 31 16 20 290  2.0  2.0   0.2    MM   4.2  MM  997.7  11.5  13.6   9.4   MM   MM    MM
2026 08 31 16 10 270  2.0  2.0    MM    MM    MM  MM  997.8  11.5  13.6   9.4   MM   MM    MM
2026 08 31 16 00 250  2.0  2.0    MM    MM    MM  MM  997.9  11.6  13.6   9.5   MM -2.2    MM
2026 08 31 15 50 240  2.0  3.0   0.3    17   3.9 155  998.1  11.6  13.6   9.3   MM   MM    MM
2026 08 31 15 40 230  2.0  2.0    MM    MM    MM  MM  998.1  11.6  13.6   9.2   MM   MM    MM
2026 08 31 15 30 240  2.0  3.0    MM    MM    MM  MM  998.3  11.6  13.5   9.1   MM   MM    MM
2026 08 31 15 20 250  2.0  2.0   0.3    17   3.8 175  998.4  11.6  13.5   9.1   MM   MM    MM
2026 08 31 15 10 250  2.0  2.0   0.3    MM   3.8 175  998.6  11.6  13.3   9.1   MM   MM    MM
2026 08 31 15 00 260  1.0  2.0    MM    MM    MM  MM  998.7  11.6  13.2   9.1   MM -2.0    MM
2026 08 31 14 50  MM  0.0  1.0   0.3    17   4.0 161  998.8  11.5  13.2   8.9   MM   MM    MM
2026 08 31 14 40  MM  0.0  1.0    MM    MM    MM  MM  999.0  11.4  12.9   8.7   MM   MM    MM
2026 08 31 14 30  30  1.0  2.0    MM    MM    MM  MM  999.1  11.5  12.9   8.9   MM   MM    MM
2026 08 31 14 20  50  2.0  3.0   0.3    17   3.5 212  999.1  11.5  12.8   9.1   MM   MM    MM
2026 08 31 14 10  70  2.0  3.0   0.3    MM   3.5 212  999.2  11.6  12.9   9.1   MM   MM    MM
2026 08 31 14 00  90  1.0  2.0    MM    MM    MM  MM  999.4  11.5  12.9   8.7   MM -2.1    MM
2026 08 31 13 50 130  1.0  2.0   0.3    13   3.2  25  999.5  11.5  12.9   9.0   MM   MM    MM
2026 08 31 13 40  MM  0.0  2.0    MM    MM    MM  MM  999.7  11.5  12.9   9.5   MM   MM    MM
2026 08 31 13 30 120  1.0  2.0    MM    MM    MM  MM  999.9  11.6  12.9   9.6   MM   MM    MM
2026 08 31 13 20 100  1.0  2.0   0.3     3   3.2 344 1000.0  11.6  12.9   9.5   MM   MM    MM
2026 08 31 13 10  80  2.0  2.0   0.3    MM   3.2 344 1000.1  11.7  12.9   9.2   MM   MM    MM
2026 08 31 13 00  50  2.0  3.0    MM    MM    MM  MM 1000.2  11.7  12.9   8.8   MM -2.5    MM
2026 08 31 12 50  20  3.0  4.0   0.3     3   3.1   1 1000.2  11.9  12.9   8.7   MM   MM    MM
2026 08 31 12 40 360  4.0  5.0    MM    MM    MM  MM 1000.3  11.8  12.9   8.9   MM   MM    MM
2026 08 31 12 30 360  5.0  6.0    MM    MM    MM  MM 1000.5  11.8  12.9   8.9   MM   MM    MM
2026 08 31 12 20 360  5.0  7.0   0.3     3   3.2   8 1000.5  11.8  13.0   9.2   MM   MM    MM
2026 08 31 12 10 350  6.0  7.0   0.3    MM   3.2   8 1000.7  11.7  13.0   9.8   MM   MM    MM
2026 08 31 12 00 360  6.0  7.0    MM    MM    MM  MM 1000.7  11.6  13.0   9.9   MM -3.0    MM
2026 08 31 11 50 360  6.0  7.0   0.3     3   3.1 353 1001.0  11.7  13.1   9.8   MM   MM    MM
2026 08 31 11 40 360  6.0  8.0    MM    MM    MM  MM 1001.1  11.7  13.1   9.3   MM   MM    MM
2026 08 31 11 30 360  6.0  7.0    MM    MM    MM  MM 1001.1  11.8  13.2   9.2   MM   MM    MM
2026 08 31 11 20  10  6.0  7.0   0.3    13   3.2 279 1001.2  11.7  13.2   9.5   MM   MM    MM
2026 08 31 11 10  10  6.0  8.0   0.3    MM   3.2 279 1001.4  11.6  13.2   9.5   MM   MM    MM
2026 08 31 11 00  10  6.0  8.0    MM    MM    MM  MM 1001.4  11.6  13.2   9.5   MM -2.7    MM
2026 08 31 10 50  10  6.0  7.0   0.3    13   3.2 131 1001.6  11.5  13.3   9.6   MM   MM    MM
2026 08 31 10 40  20  6.0  7.0    MM    MM    MM  MM 1001.7  11.5  13.3  10.1   MM   MM    MM
2026 08 31 10 30  20  6.0  7.0    MM    MM    MM  MM 1001.9  11.4  13.3   9.9   MM   MM    MM
2026 08 31 10 20  10  7.0  8.0   0.3    13   3.6 200 1002.1  11.4  13.2  10.2   MM   MM    MM
2026 08 31 10 10 360  8.0  9.0    MM    MM    MM  MM 1002.4  11.4  13.2  10.5   MM   MM    MM
2026 08 31 10 00  10  7.0 10.0    MM    MM    MM  MM 1002.7  11.9  13.4  11.1   MM -2.1    MM
2026 08 31 09 50  30  4.0  6.0   0.3    17   4.0 189 1002.7  12.9  13.3  10.1   MM   MM    MM
2026 08 31 09 40  10  2.0  3.0    MM    MM    MM  MM 1002.9  13.0  13.4   7.9   MM   MM    MM
2026 08 31 09 30  20  2.0  3.0    MM    MM    MM  MM 1003.0  12.9  13.5   8.7   MM   MM    MM
2026 08 31 09 20 330  4.0  5.0   0.3     3   3.4  88 1003.3  12.7  13.5   8.4   MM   MM    MM
2026 08 31 09 10 320  6.0  8.0   0.3    MM   3.4  88 1003.6  12.4  13.5   9.8   MM   MM    MM
2026 08 31 09 00 320  6.0  8.0    MM    MM    MM  MM 1003.8  12.9  13.6  10.2   MM -1.4    MM
2026 08 31 08 50 120  2.0  3.0   0.3     3   3.2 111 1003.9  13.5  13.6  11.2   MM   MM    MM
2026 08 31 08 40 130  3.0  5.0    MM    MM    MM  MM 1003.8  13.3  13.6  10.9   MM   MM    MM
2026 08 31 08 30 120  4.0  6.0    MM    MM    MM  MM 1003.8  13.1  13.6  12.0   MM   MM    MM
2026 08 31 08 20 120  5.0  7.0   0.3     3   3.2 114 1004.0  13.1  13.6  12.4   MM   MM    MM
2026 08 31 08 10 110  5.0  7.0   0.3    MM   3.2 114 1004.1  13.2  13.6  12.4   MM   MM    MM
2026 08 31 08 00 110  5.0  6.0    MM    MM    MM  MM 1004.1  13.3  13.6  11.5   MM -2.0    MM
2026 08 31 07 50 110  5.0  7.0   0.3     3   3.1 105 1004.1  13.1  13.5  12.1   MM   MM    MM
2026 08 31 07 40 110  6.0  8.0   0.3    MM   3.1 105 1004.1  13.2  13.5  12.6   MM   MM    MM
2026 08 31 07 30 110  6.0  7.0    MM    MM    MM  MM 1004.1  13.4  13.4  12.2   MM   MM    MM
2026 08 31 07 20 110  5.0  7.0   0.2    MM   5.3  MM 1004.3  13.6    MM  11.9   MM   MM    MM
2026 08 31 07 10 120  5.0  6.0   0.2    MM   5.3  MM 1004.5    MM  13.2    MM   MM   MM    MM
2026 08 31 07 00 120  3.0  4.0    MM    MM    MM  MM 1004.7  13.7    MM  11.8   MM -1.8    MM
2026 08 31 06 50 110  3.0  4.0   0.2    MM   4.4  MM 1004.8    MM  13.3    MM   MM   MM    MM
2026 08 31 06 40  MM   MM   MM   0.2    MM   4.4  MM     MM    MM    MM    MM   MM   MM    MM
2026 08 31 06 30  50  2.0  3.0    MM    MM    MM  MM 1005.0  13.9  13.3  11.7   MM   MM    MM
2026 08 31 06 20  50  2.0  2.0   0.2    MM   3.6  MM 1005.0  13.9  13.4  11.1   MM   MM    MM
2026 08 31 06 10  70  2.0  2.0   0.2    MM   3.6  MM 1005.1  13.9  13.4  10.8   MM   MM    MM
2026 08 31 06 00  90  2.0  3.0    MM    MM    MM  MM 1005.2  13.8  13.4  10.7   MM -2.4    MM
2026 08 31 05 50 100  2.0  3.0   0.2    MM   3.6  MM 1005.3  13.7  13.4  11.7   MM   MM    MM
2026 08 31 05 40 100  2.0  3.0   0.2    MM   3.6  MM 1005.4  13.8  13.3  12.0   MM   MM    MM
2026 08 31 05 30 100  3.0  4.0    MM    MM    MM  MM 1005.5  13.9  13.5  12.0   MM   MM    MM
2026 08 31 05 20 120  4.0  5.0   0.2    MM   3.0  MM 1005.7  14.2  13.6  11.5   MM   MM    MM
2026 08 31 05 10 130  4.0  6.0   0.2    MM   3.0  MM 1005.8  14.4  13.5   9.7   MM   MM    MM
2026 08 31 05 00 140  4.0  5.0    MM    MM    MM  MM 1006.1  14.2  13.6   9.4   MM -1.8    MM
2026 08 31 04 50 150  4.0  5.0   0.2    MM   3.4  MM 1006.1  14.3  13.5   9.5   MM   MM    MM
2026 08 31 04 40 150  5.0  6.0    MM    MM    MM  MM 1006.1  14.2  13.4   9.7   MM   MM    MM
2026 08 31 04 30 160  4.0  6.0    MM    MM    MM  MM 1006.0  14.2  13.4   9.8   MM   MM    MM
2026 08 31 04 20 160  4.0  5.0   0.2    MM   6.7  MM 1006.3  14.2  13.6  10.3   MM   MM    MM
2026 08 31 04 10 160  4.0  5.0   0.2    MM   6.7  MM 1006.4  14.1  13.5  10.5   MM   MM    MM
2026 08 31 04 00 160  3.0  4.0    MM    MM    MM  MM 1006.5  14.1  13.4  11.0   MM -1.7    MM
2026 08 31 03 50 170  3.0  4.0   0.2    MM   5.8  MM 1006.6  14.1  13.5  11.4   MM   MM    MM
2026 08 31 03 40 160  3.0  4.0    MM    MM    MM  MM 1006.9  14.0  13.8  11.6   MM   MM    MM
2026 08 31 03 30 150  2.0  3.0    MM    MM    MM  MM 1007.1  14.1  13.8  11.4   MM   MM    MM
2026 08 31 03 20 160  2.0  2.0   0.2    MM   5.4  MM 1007.0  14.2  13.7  10.9   MM   MM    MM
2026 08 31 03 10 180  2.0  3.0   0.2    MM   5.4  MM 1007.3  14.4  13.6  10.2   MM   MM    MM
2026 08 31 03 00 200  3.0  3.0    MM    MM    MM  MM 1007.4  14.2  13.8  10.0   MM -1.2    MM
2026 08 31 02 50 210  3.0  3.0   0.2    MM   4.9  MM 1007.7  14.0  13.5  10.7   MM   MM    MM
2026 08 31 02 40 210  3.0  4.0    MM    MM    MM  MM 1007.7  13.8  13.6  11.4   MM   MM    MM
2026 08 31 02 30 220  3.0  4.0    MM    MM    MM  MM 1007.9  13.9  13.7  12.0   MM   MM    MM
2026 08 31 02 20 210  3.0  4.0   0.2    MM   4.3  MM 1007.9  13.9  13.4  12.1   MM   MM    MM
2026 08 31 02 10 200  3.0  3.0   0.2    MM   4.3  MM 1007.9  13.9  13.7  12.2   MM   MM    MM
2026 08 31 02 00 200  3.0  3.0    MM    MM    MM  MM 1007.9  14.0  13.5  12.3   MM -1.3    MM
2026 08 31 01 50 200  2.0  3.0   0.2    MM   4.1  MM 1007.9  14.0  13.7  12.0   MM   MM    MM
2026 08 31 01 40 200  3.0  3.0    MM    MM    MM  MM 1007.9  14.0  13.4  11.7   MM   MM    MM
2026 08 31 01 30 200  3.0  3.0    MM    MM    MM  MM 1008.0  14.0  13.7  11.7   MM   MM    MM
2026 08 31 01 20 200  3.0  3.0   0.3    14   4.4 203 1008.0  13.9  13.3  11.7   MM   MM    MM
2026 08 31 01 10 200  3.0  3.0   0.3    MM   4.4 203 1008.0  13.9  13.7  11.8   MM   MM    MM
2026 08 31 01 00 200  2.0  3.0    MM    MM    MM  MM 1008.2  13.8  13.3  11.9   MM -1.5    MM
2026 08 31 00 50 200  2.0  3.0   0.2    MM   4.7  MM 1008.2  14.0  13.6  12.0   MM   MM    MM
2026 08 31 00 40 210  2.0  3.0    MM    MM    MM  MM 1008.2    MM  13.7    MM   MM   MM    MM
2026 08 31 00 30 220  3.0  3.0    MM    MM    MM  MM 1008.3  14.1  13.7  11.6   MM   MM    MM
2026 08 31 00 20 230  2.0  3.0   0.3    13   4.9  83 1008.4  14.1  13.8  12.0   MM   MM    MM
2026 08 31 00 10 220  2.0  3.0   0.3    MM   4.9  83 1008.5  14.1  13.7  12.2   MM   MM    MM
2026 08 31 00 00 230  2.0  2.0    MM    MM    MM  MM 1008.7  14.2  13.8  12.2   MM -1.3    MM
2026 08 30 23 50 240  2.0  2.0   0.2    MM   4.5  MM 1008.8  14.2  13.6  11.8   MM   MM    MM
2026 08 30 23 40 240  2.0  3.0   0.2    MM   4.5  MM 1008.8    MM  13.8    MM   MM   MM    MM
2026 08 30 23 10 200  2.0  2.0   0.3    MM   3.9 247 1009.2  13.8  13.7  11.6   MM   MM    MM
2026 08 30 23 00 190  2.0  2.0    MM    MM    MM  MM 1009.2  13.7  13.5  11.6   MM -1.1    MM
2026 08 30 22 50 190  2.0  3.0   0.3    13   3.7 154 1009.3  13.8  13.3  12.0   MM   MM    MM
2026 08 30 22 40 200  2.0  2.0    MM    MM    MM  MM 1009.4  14.1  13.5  12.0   MM   MM    MM
2026 08 30 22 30 250  2.0  3.0    MM    MM    MM  MM 1009.4  13.8  13.3  11.5   MM   MM    MM
2026 08 30 22 20 270  3.0  3.0   0.3    13   3.5 231 1009.5  13.7  13.5  11.6   MM   MM    MM
2026 08 30 22 10 280  3.0  4.0    MM    MM    MM  MM 1009.6  13.6  13.3  11.5   MM   MM    MM
2026 08 30 22 00 280  4.0  4.0    MM    MM    MM  MM 1009.7  13.7  13.2  11.4   MM -1.0    MM
2026 08 30 21 50 290  4.0  5.0   0.3    13   3.4 193 1009.8  13.6  13.3  11.1   MM   MM    MM
2026 08 30 21 40 300  4.0  4.0    MM    MM    MM  MM 1009.7  13.6  13.4  10.8   MM   MM    MM
2026 08 30 21 30 310  4.0  5.0    MM    MM    MM  MM 1009.7  13.6  13.5  10.4   MM   MM    MM
2026 08 30 21 20 310  4.0  5.0   0.4    13   3.3 148 1009.7  13.5  13.5  10.5   MM   MM    MM
2026 08 30 21 10 300  5.0  6.0   0.4    MM   3.3 148 1009.9  13.6  13.4  10.4   MM   MM    MM
2026 08 30 21 00 300  5.0  6.0    MM    MM    MM  MM 1010.0  13.7  13.4  10.0   MM -0.7    MM
2026 08 30 20 50 300  5.0  6.0   0.3     8   3.2 190 1010.0  13.8  13.3   9.6   MM   MM    MM
2026 08 30 20 40 310  5.0  6.0    MM    MM    MM  MM 1010.1  13.8  13.2   9.2   MM   MM    MM
2026 08 30 20 30 300  5.0  6.0    MM    MM    MM  MM 1010.1  13.7  13.1   9.5   MM   MM    MM
2026 08 30 20 20 310  5.0  5.0   0.3    13   3.2 173 1010.2  13.7  13.1   9.4   MM   MM    MM
2026 08 30 20 10 310  5.0  6.0   0.3    MM   3.2 173 1010.2  13.4  13.0   9.6   MM   MM    MM
2026 08 30 20 00 310  5.0  6.0    MM    MM    MM  MM 1010.2  13.4  12.9   9.9   MM +0.0    MM
2026 08 30 19 50 320  5.0  6.0   0.3    12   3.1 158 1010.2  13.6  12.8   9.4   MM   MM    MM
2026 08 30 19 40 330  5.0  6.0    MM    MM    MM  MM 1010.3  13.7  12.8   9.5   MM   MM    MM
2026 08 30 19 30 320  5.0  6.0    MM    MM    MM  MM 1010.4  13.7  12.7   9.6   MM   MM    MM
2026 08 30 19 20 320  5.0  6.0   0.3    13   3.6 194 1010.5  13.6  12.7   9.5   MM   MM    MM
2026 08 30 19 10 320  5.0  6.0    MM    MM    MM  MM 1010.5    MM  12.7    MM   MM   MM    MM
2026 08 30 19 00 320  5.0  6.0    MM    MM    MM  MM 1010.6  13.6    MM  10.3   MM +0.6    MM
2026 08 30 18 50 320  4.0  5.0   0.3    MM   4.3 197 1010.6  13.6    MM  10.0   MM   MM    MM
2026 08 30 18 40  MM   MM   MM   0.3    13   4.3 197     MM    MM    MM    MM   MM   MM    MM
2026 08 30 18 30 310  4.0  4.0    MM    MM    MM  MM 1010.7  13.8  12.7   9.9   MM   MM    MM
2026 08 30 18 20 320  4.0  5.0   0.3     8   4.2 180 1010.7  13.8  12.8   9.7   MM   MM    MM
2026 08 30 18 10 330  4.0  4.0   0.3    MM   4.2 180 1010.8  13.9  12.8   9.3   MM   MM    MM
2026 08 30 18 00 210  1.0  4.0    MM    MM    MM  MM 1010.7  14.4  12.8   9.4   MM +1.1    MM
2026 08 30 17 50  30  1.0  2.0   0.3    13   3.9 215 1010.4  14.1  12.7   8.6   MM   MM    MM
2026 08 30 17 40  30  1.0  2.0    MM    MM    MM  MM 1010.4  13.8  12.7   9.8   MM   MM    MM
2026 08 30 17 30  10  2.0  3.0    MM    MM    MM  MM 1010.5  13.8  12.7  10.3   MM   MM    MM
2026 08 30 17 20 350  3.0  4.0   0.3     9   4.0 196 1010.5  13.9  12.7   9.8   MM   MM    MM
2026 08 30 17 10 350  3.0  4.0    MM    MM    MM  MM 1010.4  13.5  12.7  10.0   MM   MM    MM
2026 08 30 17 00 340  3.0  3.0    MM    MM    MM  MM 1010.3  13.5  12.8  10.6   MM +0.9    MM
2026 08 30 16 50 340  3.0  3.0   0.3     8   3.8 187 1010.2  13.5  12.8  10.4   MM   MM    MM
2026 08 30 16 40 360  3.0  3.0    MM    MM    MM  MM 1010.2  13.5  12.9  10.9   MM   MM    MM
2026 08 30 16 30 350  3.0  3.0    MM    MM    MM  MM 1010.2  13.6  12.9  11.0   MM   MM    MM
2026 08 30 16 20 340  3.0  3.0   0.3     8   3.5 185 1010.2  13.7  13.0  10.6   MM   MM    MM
2026 08 30 16 10 360  3.0  3.0   0.3    MM   3.5 185 1010.2  13.6  13.0  10.2   MM   MM    MM
2026 08 30 16 00 350  3.0  3.0    MM    MM    MM  MM 1010.1  13.6  13.0  10.7   MM +1.0    MM
2026 08 30 15 50 340  3.0  3.0   0.4     8   3.8 170 1010.0  13.6  13.1  11.2   MM   MM    MM
2026 08 30 15 40 330  3.0  3.0    MM    MM    MM  MM 1009.9  13.7  13.1  11.1   MM   MM    MM
2026 08 30 15 30 320  3.0  4.0    MM    MM    MM  MM 1009.9  13.7  13.1  11.1   MM   MM    MM
2026 08 30 15 20 320  3.0  4.0   0.4     9   3.7 174 1009.9  13.8  13.1  11.1   MM   MM    MM
2026 08 30 15 10 330  3.0  4.0   0.4    MM   3.7 174 1009.7  13.9  13.2  10.4   MM   MM    MM
2026 08 30 15 00 330  3.0  4.0    MM    MM    MM  MM 1009.6  13.8  13.2  10.4   MM +1.1    MM
2026 08 30 14 50 330  4.0  4.0   0.4     3   3.6 276 1009.6  13.9  13.1  10.3   MM   MM    MM
2026 08 30 14 40 330  4.0  5.0    MM    MM    MM  MM 1009.6  13.9  13.1  10.4   MM   MM    MM
2026 08 30 14 30 320  2.0  4.0    MM    MM    MM  MM 1009.6  13.8  13.2  10.8   MM   MM    MM
2026 08 30 14 20 340  2.0  3.0   0.4    10   3.6 162 1009.6  13.8  13.2  10.7   MM   MM    MM
2026 08 30 14 10 320  3.0  4.0    MM    MM    MM  MM 1009.5  13.8  13.2  11.1   MM   MM    MM
2026 08 30 14 00 330  2.0  3.0    MM    MM    MM  MM 1009.5  13.7  13.2  11.4   MM +1.4    MM
2026 08 30 13 50 330  3.0  4.0   0.5     3   3.4 285 1009.5  13.8    MM  11.4   MM   MM    MM
2026 08 30 13 40 300  4.0  4.0   0.5    MM   3.4 285 1009.4  13.7  13.2  11.1   MM   MM    MM
2026 08 30 13 30 300  4.0  5.0    MM    MM    MM  MM 1009.4  13.8  13.3  10.6   MM   MM    MM
2026 08 30 13 20 300  3.0  5.0   0.4     3   3.4 298 1009.3  13.9  13.3  11.7   MM   MM    MM
2026 08 30 13 10 320  4.0  5.0   0.4    MM   3.4 298 1009.2  14.1  13.2  10.9   MM   MM    MM
2026 08 30 13 00 320  5.0  5.0    MM    MM    MM  MM 1009.1  14.0  13.2  10.6   MM +1.6    MM
2026 08 30 12 50 320  4.0  5.0   0.4    13   3.4 228 1009.1  14.0  13.2  11.0   MM   MM    MM
2026 08 30 12 40 330  5.0  6.0    MM    MM    MM  MM 1009.1    MM    MM    MM   MM   MM    MM
2026 08 30 12 30 330  4.0  5.0    MM    MM    MM  MM 1008.9  14.0  13.2  10.9   MM   MM    MM
2026 08 30 12 20 330  3.0  5.0   0.4     3   3.3 292 1008.8  14.0  13.1  10.9   MM   MM    MM
2026 08 30 12 10 320  4.0  5.0   0.4    MM   3.3 292 1008.6  14.1  13.1  10.7   MM   MM    MM
2026 08 30 12 00 330  5.0  6.0    MM    MM    MM  MM 1008.5  14.1  13.1  10.3   MM +1.3    MM
2026 08 30 11 50 330  6.0  6.0   0.5     3   3.3 263 1008.3  14.1  13.1   9.9   MM   MM    MM
2026 08 30 11 40 330  5.0  6.0    MM    MM    MM  MM 1008.3  14.1  13.1  10.0   MM   MM    MM
2026 08 30 11 30 330  6.0  7.0    MM    MM    MM  MM 1008.4  14.1  13.1  10.0   MM   MM    MM
2026 08 30 11 20 320  6.0  8.0   0.5     3   3.3 241 1008.3  13.9  13.1   9.5   MM   MM    MM
2026 08 30 11 10 320  6.0  7.0   0.5    MM   3.3 241 1008.2  14.0  13.1  10.1   MM   MM    MM
2026 08 30 11 00 320  6.0  7.0    MM    MM    MM  MM 1008.2  13.9  13.1   9.9   MM +1.3    MM
2026 08 30 10 50 320  6.0  7.0   0.5     3   3.5 242 1008.0  13.9  13.1  10.0   MM   MM    MM
2026 08 30 10 40 320  6.0  7.0    MM    MM    MM  MM 1008.0  13.9  13.1  10.4   MM   MM    MM
2026 08 30 10 30 320  6.0  7.0    MM    MM    MM  MM 1008.0  14.0  13.1  10.2   MM   MM    MM
2026 08 30 10 20 320  6.0  7.0   0.5    10   3.6 179 1007.9  13.9  13.1  10.4   MM   MM    MM
2026 08 30 10 10 320  6.0  7.0   0.5    MM   3.6 179 1007.7  13.9  13.1  10.3   MM   MM    MM
2026 08 30 10 00 320  6.0  7.0    MM    MM    MM  MM 1007.6  14.0  13.0  10.2   MM +1.2    MM
2026 08 30 09 50 320  7.0  8.0   0.5     3   3.6 264 1007.5  14.0  13.1   9.9   MM   MM    MM
2026 08 30 09 40 320  6.0  8.0   0.5    MM   3.6 264 1007.4  13.8  13.1  10.8   MM   MM    MM
2026 08 30 09 30 320  6.0  7.0    MM    MM    MM  MM 1007.4  13.9  13.1  11.7   MM   MM    MM
2026 08 30 09 20 320  5.0  6.0   0.6    10   3.7 178 1007.4  14.0  13.1  11.4   MM   MM    MM
2026 08 30 09 10 320  5.0  6.0    MM    MM    MM  MM 1007.4  13.9  13.1  11.5   MM   MM    MM
2026 08 30 09 00 320  6.0  7.0    MM    MM    MM  MM 1007.2  13.8  13.1  11.6   MM +1.2    MM
2026 08 30 08 50 330  6.0  7.0   0.7     3   3.5 267 1007.1  13.9  13.1  11.5   MM   MM    MM
2026 08 30 08 40 340  5.0  6.0    MM    MM    MM  MM 1007.1  13.9  13.1  11.7   MM   MM    MM
2026 08 30 08 30 340  5.0  7.0    MM    MM    MM  MM 1007.1  14.0  13.1  11.8   MM   MM    MM
2026 08 30 08 20 320  5.0  6.0   0.7     3   3.6 271 1007.1  14.1  13.1  11.6   MM   MM    MM
2026 08 30 08 10 320  6.0  7.0   0.7    MM   3.6 271 1007.0  14.2  13.1  11.6   MM   MM    MM
2026 08 30 08 00 300  7.0  8.0    MM    MM    MM  MM 1006.9  14.3  13.2  11.2   MM +1.1    MM
2026 08 30 07 50 300  6.0  8.0   0.7     4   3.6 274 1006.9  14.3  13.1  11.4   MM   MM    MM
2026 08 30 07 40 300  7.0  8.0    MM    MM    MM  MM 1006.8  14.3  13.2  11.5   MM   MM    MM
2026 08 30 07 30 300  7.0  8.0    MM    MM    MM  MM 1006.7  14.3  13.2  11.5   MM   MM    MM
2026 08 30 07 20 300  7.0  8.0   0.7     4   3.6 274 1006.7  14.4  13.2  11.3   MM   MM    MM
2026 08 30 07 10 300  7.0  8.0   0.7    MM   3.6 274 1006.6  14.5  13.2  11.2   MM   MM    MM
2026 08 30 07 00 300  8.0 10.0    MM    MM    MM  MM 1006.4  14.7  13.2  11.0   MM +1.0    MM
2026 08 30 06 50 300  8.0 10.0   0.7     3   3.5 275 1006.3  14.7  13.2  10.7   MM   MM    MM
2026 08 30 06 40 300  8.0  9.0    MM    MM    MM  MM 1006.3    MM  13.2    MM   MM   MM    MM
2026 08 30 06 30 290  6.0  8.0    MM    MM    MM  MM 1006.3  14.7  13.2  10.8   MM   MM    MM
2026 08 30 06 20 280  7.0  8.0   0.6     3   3.6 268 1006.2  14.8  13.3  10.8   MM   MM    MM
2026 08 30 06 10 280  7.0  9.0   0.6    MM   3.6 268 1006.1  14.7  13.3  10.8   MM   MM    MM
2026 08 30 06 00 280  7.0  9.0    MM    MM    MM  MM 1006.0  14.7  13.4  10.8   MM +0.8    MM
2026 08 30 05 50 280  7.0  9.0   0.6     3   3.5 269 1006.1  14.8  13.5  10.7   MM   MM    MM
2026 08 30 05 40 280  8.0  9.0   0.6    MM   3.5 269 1006.0  14.9  13.5  10.5   MM   MM    MM
2026 08 30 05 30 280  7.0  8.0    MM    MM    MM  MM 1005.9  15.0  13.3  10.4   MM   MM    MM
2026 08 30 05 20 280  7.0  8.0   0.6     3   3.4 275 1005.8  15.0  13.2  10.5   MM   MM    MM
2026 08 30 05 10 280  7.0  8.0   0.6    MM   3.4 275 1005.8  14.9  13.2  10.6   MM   MM    MM
2026 08 30 05 00 270  7.0  8.0    MM    MM    MM  MM 1005.8  14.9  13.3  10.8   MM +0.6    MM
2026 08 30 04 50 280  8.0  9.0   0.6     3   3.5 287 1005.7  15.1  13.3  10.5   MM   MM    MM
2026 08 30 04 40 280  8.0  9.0    MM    MM    MM  MM 1005.5  15.1  13.4  10.5   MM   MM    MM
2026 08 30 04 30 280  7.0  9.0    MM    MM    MM  MM 1005.5  15.0  13.4  10.8   MM   MM    MM
2026 08 30 04 20 290  7.0  8.0   0.6     3   3.5 285 1005.5  15.0  13.3  10.7   MM   MM    MM
2026 08 30 04 10 290  6.0  7.0   0.6    MM   3.5 285 1005.4  15.1  13.3  10.7   MM   MM    MM
2026 08 30 04 00 290  7.0  8.0    MM    MM    MM  MM 1005.3  15.1  13.4  10.6   MM +0.3    MM
2026 08 30 03 50 290  6.0  8.0   0.5     8   3.5 184 1005.2  15.0  13.4  10.7   MM   MM    MM
2026 08 30 03 40 280  7.0  7.0   0.5    MM   3.5 184 1005.2  15.2  13.4  10.6   MM   MM    MM
2026 08 30 03 30 280  7.0  8.0    MM    MM    MM  MM 1005.2  15.4  13.4  10.4   MM   MM    MM
2026 08 30 03 20 290  6.0  8.0   0.5     9   3.7 184 1005.2  15.2  13.4  10.8   MM   MM    MM
2026 08 30 03 10 280  5.0  6.0   0.5    MM   3.7 184 1005.2  14.9  13.3  11.3   MM   MM    MM
2026 08 30 03 00 290  5.0  6.0    MM    MM    MM  MM 1005.2  15.0  13.4  11.1   MM +0.0    MM
2026 08 30 02 50 280  5.0  5.0   0.4     9   3.9 187 1005.2  14.7  13.4  11.3   MM   MM    MM
2026 08 30 02 40 270  4.0  5.0   0.4    MM   3.9 187 1005.2  14.7  13.3  11.7   MM   MM    MM
2026 08 30 02 30 270  4.0  5.0    MM    MM    MM  MM 1005.2  14.2  13.4  11.7   MM   MM    MM
2026 08 30 02 20 240  3.0  4.0   0.4    11   3.7 178 1005.2  13.8  13.4  12.4   MM   MM    MM
2026 08 30 02 10 240  3.0  4.0   0.4    MM   3.7 178 1005.1  13.6  13.4  12.4   MM   MM    MM
2026 08 30 02 00 240  4.0  4.0    MM    MM    MM  MM 1005.1  13.5  13.4  12.7   MM +0.0    MM
2026 08 30 01 50 240  4.0  4.0   0.4    10   4.2 170 1005.0  13.5  13.3  12.7   MM   MM    MM
2026 08 30 01 40 240  4.0  4.0   0.4    MM   4.2 170 1005.0  13.4  13.3  12.7   MM   MM    MM
2026 08 30 01 30 230  4.0  5.0    MM    MM    MM  MM 1005.0  13.2  13.3  12.7   MM   MM    MM
2026 08 30 01 20 230  4.0  5.0   0.4    10   4.2 176 1005.0  13.1  13.3  12.8   MM   MM    MM
2026 08 30 01 10 230  4.0  5.0   0.4    MM   4.2 176 1005.0  13.2  13.3  12.9   MM   MM    MM
2026 08 30 01 00 240  4.0  5.0    MM    MM    MM  MM 1005.0  13.1  13.3  12.6   MM +0.0    MM
2026 08 30 00 50 230  4.0  5.0   0.4     9   4.3 182 1005.0  13.1  13.3  12.6   MM   MM    MM
2026 08 30 00 40 240  4.0  5.0    MM    MM    MM  MM 1005.0  13.0  13.2  12.5   MM   MM    MM
2026 08 30 00 30 240  4.0  5.0    MM    MM    MM  MM 1005.0  13.0  13.2  12.4   MM   MM    MM
2026 08 30 00 20 230  4.0  5.0   0.4    10   4.3 184 1005.0  13.0  13.2  12.3   MM   MM    MM
2026 08 30 00 10 230  4.0  5.0   0.4    MM   4.3 184 1005.0  13.0  13.1  12.3   MM   MM    MM
2026 08 30 00 00 240  4.0  5.0    MM    MM    MM  MM 1005.1  12.9  13.1  12.2   MM -0.4    MM
2026 08 29 23 50 240  4.0  5.0   0.5    10   4.5 187 1005.1  12.7  13.2  12.2   MM   MM    MM
2026 08 29 23 40 240  4.0  5.0   0.5    MM   4.5 187 1005.0  12.8  13.2  12.5   MM   MM    MM
2026 08 29 23 10 250  5.0  6.0   0.4    MM   4.8 186 1005.0  12.6  13.2  12.0   MM   MM    MM
2026 08 29 23 00 250  5.0  5.0    MM    MM    MM  MM 1005.0  12.7  13.2  11.8   MM -0.6    MM
2026 08 29 22 50 260  5.0  6.0   0.5    10   4.3 193 1004.9  12.5  13.2  11.6   MM   MM    MM
2026 08 29 22 40 260  4.0  5.0   0.5    MM   4.3 193 1004.9  12.6  13.1  11.7   MM   MM    MM
2026 08 29 22 30 270  5.0  6.0    MM    MM    MM  MM 1005.0  12.6  13.0  11.3   MM   MM    MM
2026 08 29 22 20 270  5.0  5.0   0.5    10   5.6 190 1005.0  12.5  13.0  11.2   MM   MM    MM
2026 08 29 22 10 270  5.0  5.0   0.5    MM   5.6 190 1005.1  12.3  13.0  11.3   MM   MM    MM
2026 08 29 22 00 270  5.0  5.0    MM    MM    MM  MM 1005.1  12.3  13.0  11.7   MM -0.7    MM
2026 08 29 21 50 280  5.0  7.0   0.6    10   6.0 185 1005.2  12.3  13.0  11.7   MM   MM    MM
2026 08 29 21 40 280  5.0  7.0    MM    MM    MM  MM 1005.2  12.2  12.9  11.6   MM   MM    MM
2026 08 29 21 30 280  4.0  5.0    MM    MM    MM  MM 1005.3  12.1  12.9  11.5   MM   MM    MM
2026 08 29 21 20 270  4.0  5.0   0.6    10   5.4 181 1005.3  12.1  12.9  11.4   MM   MM    MM
2026 08 29 21 10 270  3.0  4.0   0.6    MM   5.4 181 1005.5  12.0  12.9  11.3   MM   MM    MM
2026 08 29 21 00 280  3.0  4.0    MM    MM    MM  MM 1005.6  12.0    MM  11.4   MM -0.6    MM
2026 08 29 20 50 280  4.0  4.0   0.6    10   5.5 184 1005.5  12.0  12.9  11.3   MM   MM    MM
2026 08 29 20 40 280  4.0  4.0    MM    MM    MM  MM 1005.5  12.0  12.9  11.3   MM   MM    MM
2026 08 29 20 30 290  3.0  4.0    MM    MM    MM  MM 1005.5  12.0  12.9  11.4   MM   MM    MM
2026 08 29 20 20 300  3.0  4.0   0.6    10   5.1 181 1005.5  11.9  12.9  11.3   MM   MM    MM
2026 08 29 20 10 300  3.0  4.0   0.6    MM   5.1 181 1005.5  11.9  12.9  11.3   MM   MM    MM
2026 08 29 20 00 300  4.0  4.0    MM    MM    MM  MM 1005.6  11.9  12.9  11.1   MM -0.4    MM
2026 08 29 19 50 310  4.0  5.0   0.5    10   4.5 186 1005.7  11.9  12.9  11.1   MM   MM    MM
2026 08 29 19 40 300  4.0  4.0    MM    MM    MM  MM 1005.7  11.8  12.9  11.1   MM   MM    MM
2026 08 29 19 30 290  4.0  5.0    MM    MM    MM  MM 1005.6  11.8  12.9  11.3   MM   MM    MM
2026 08 29 19 20 290  4.0  5.0   0.6     9   4.8 185 1005.7  11.8  12.9  11.2   MM   MM    MM
2026 08 29 19 10 290  4.0  4.0   0.6    MM   4.8 185 1005.8  11.8  12.9  11.1   MM   MM    MM
2026 08 29 19 00 300  3.0  4.0    MM    MM    MM  MM 1005.8  11.7  12.9  10.7   MM +0.0    MM
2026 08 29 18 50 310  4.0  5.0   0.6    10   4.5 189 1005.9  11.7  12.9  10.8   MM   MM    MM
2026 08 29 18 40 310  4.0  5.0   0.6    MM   4.5 189 1005.9  11.7  12.9  10.7   MM   MM    MM
2026 08 29 18 30 310  4.0  5.0    MM    MM    MM  MM 1005.9  11.8  12.9  10.9   MM   MM    MM
2026 08 29 18 20 310  4.0  5.0   0.6     9   4.6 181 1006.1  11.6  12.9  10.6   MM   MM    MM
2026 08 29 18 10 320  4.0  5.0   0.6    MM   4.6 181 1006.1  11.8  12.8  11.3   MM   MM    MM
2026 08 29 18 00 310  4.0  4.0    MM    MM    MM  MM 1006.2  11.7  12.8  11.3   MM +0.3    MM
2026 08 29 17 50 300  4.0  5.0   0.6    11   4.3 183 1006.1  11.8  12.8  11.2   MM   MM    MM
2026 08 29 17 40 320  5.0  5.0    MM    MM    MM  MM 1006.1  11.7  12.8  10.9   MM   MM    MM
2026 08 29 17 30 310  5.0  6.0    MM    MM    MM  MM 1006.1  11.6  12.8  10.7   MM   MM    MM
2026 08 29 17 20 320  5.0  6.0   0.6    10   4.6 192 1006.0  11.6  12.8  10.8   MM   MM    MM
2026 08 29 17 10 320  5.0  6.0   0.6    MM   4.6 192 1006.0  11.6  12.8  10.9   MM   MM    MM
2026 08 29 17 00 320  5.0  6.0    MM    MM    MM  MM 1005.9  11.6  12.7  11.0   MM +0.0    MM
2026 08 29 16 50 320  5.0  6.0   0.6    10   4.8 184 1005.9  11.6  12.8  10.9   MM   MM    MM
2026 08 29 16 40 330  6.0  7.0   0.6    MM   4.8 184 1005.9  11.8  12.8  11.1   MM   MM    MM
2026 08 29 16 30 330  6.0  7.0    MM    MM    MM  MM 1005.9  11.7  12.7  10.9   MM   MM    MM
2026 08 29 16 20 320  6.0  7.0   0.6     9   4.7 177 1006.0  11.6    MM  11.0   MM   MM    MM
2026 08 29 16 10 320  6.0  7.0   0.6    MM   4.7 177 1005.9  11.7  12.8  11.0   MM   MM    MM
2026 08 29 16 00 310  6.0  6.0    MM    MM    MM  MM 1005.8  11.6  12.8  10.8   MM +0.0    MM
2026 08 29 15 50 310  5.0  6.0   0.6    10   4.5 172 1005.8  11.5  12.7  10.9   MM   MM    MM
2026 08 29 15 40 310  5.0  6.0   0.6    MM   4.5 172 1005.9  11.5  12.7  10.9   MM   MM    MM
2026 08 29 15 30 320  5.0  6.0    MM    MM    MM  MM 1005.9  11.4  12.7  11.0   MM   MM    MM
2026 08 29 15 20 320  5.0  6.0   0.6    10   4.6 187 1005.9  11.4  12.7  11.1   MM   MM    MM
2026 08 29 15 10 330  5.0  6.0    MM    MM    MM  MM 1005.8  11.4  12.7  11.1   MM   MM    MM
2026 08 29 15 00 330  5.0  6.0    MM    MM    MM  MM 1005.7  11.4  12.7  11.0   MM +0.0    MM
2026 08 29 14 50 330  5.0  6.0   0.6    10   4.7 176 1005.8  11.4  12.6  11.0   MM   MM    MM
2026 08 29 14 40 330  5.0  6.0    MM    MM    MM  MM 1005.8  11.4  12.6  11.0   MM   MM    MM
2026 08 29 14 30 320  5.0  6.0    MM    MM    MM  MM 1005.8  11.4  12.6  11.1   MM   MM    MM
2026 08 29 14 20 320  6.0  7.0   0.5    11   4.4 190 1006.0  11.4  12.6  11.2   MM   MM    MM
2026 08 29 14 10 330  5.0  6.0   0.5    MM   4.4 190 1005.9  11.3  12.6  11.2   MM   MM    MM
2026 08 29 14 00 330  5.0  6.0    MM    MM    MM  MM 1005.9  11.3  12.6  11.3   MM -0.4    MM
2026 08 29 13 50 330  4.0  6.0   0.6     9   4.2 169 1005.9  11.3    MM  11.3   MM   MM    MM
2026 08 29 13 40 340  4.0  5.0   0.6    MM   4.2 169 1005.9  11.3  12.6    MM   MM   MM    MM
2026 08 29 13 30 330  5.0  6.0    MM    MM    MM  MM 1005.9  11.3  12.6    MM   MM   MM    MM
2026 08 29 13 20 330  5.0  6.0   0.6    10   3.9 182 1006.0  11.4  12.6    MM   MM   MM    MM
2026 08 29 13 10 330  5.0  6.0   0.6    MM   3.9 182 1006.0  11.4  12.5    MM   MM   MM    MM
2026 08 29 13 00 330  5.0  6.0    MM    MM    MM  MM 1005.9  11.3  12.5    MM   MM -0.6    MM
2026 08 29 12 50 330  6.0  7.0   0.5     8   3.7 174 1005.8  11.3    MM    MM   MM   MM    MM
2026 08 29 12 40 340  6.0  7.0   0.5    MM   3.7 174 1005.7    MM    MM    MM   MM   MM    MM
2026 08 29 12 30 340  6.0  7.0    MM    MM    MM  MM 1005.6  11.4  12.5  11.4   MM   MM    MM
2026 08 29 12 20 340  7.0  8.0   0.5     8   3.7 169 1005.5  11.3  12.5  11.3   MM   MM    MM
2026 08 29 12 10 340  7.0  8.0   0.5    MM   3.7 169 1005.5  11.3  12.5  11.3   MM   MM    MM
2026 08 29 12 00 350  7.0  8.0    MM    MM    MM  MM 1005.5  11.3  12.6  11.3   MM -1.4    MM
2026 08 29 11 50 350  6.0  8.0   0.6     8   3.9 171 1005.7  11.3  12.6  11.3   MM   MM    MM
2026 08 29 11 40 350  6.0  7.0    MM    MM    MM  MM 1005.9  11.4  12.5  11.3   MM   MM    MM
2026 08 29 11 30 340  4.0  6.0    MM    MM    MM  MM 1006.1  11.5  12.5  11.1   MM   MM    MM
2026 08 29 11 20 350  4.0  7.0   0.6     4   3.6  82 1006.1  11.5  12.5  11.0   MM   MM    MM
2026 08 29 11 10 360  4.0  7.0   0.6    MM   3.6  82 1006.2  11.7  12.5  11.0   MM   MM    MM
2026 08 29 11 00  40  5.0  6.0    MM    MM    MM  MM 1006.3  11.8  12.5  10.7   MM -1.1    MM
2026 08 29 10 50  50  6.0  7.0   0.7     4   3.7  93 1006.3  11.7  12.5  10.6   MM   MM    MM
2026 08 29 10 40  50  6.0  7.0   0.7    MM   3.7  93 1006.4  11.7  12.5  10.7   MM   MM    MM
2026 08 29 10 30  60  6.0  8.0    MM    MM    MM  MM 1006.5  11.8  12.6  10.7   MM   MM    MM
2026 08 29 10 20  70  7.0  8.0   0.8     4   3.8  95 1006.5  11.8  12.6  10.6   MM   MM    MM
2026 08 29 10 10  70  8.0  9.0   0.8    MM   3.8  95 1006.4  11.8  12.5  10.6   MM   MM    MM
2026 08 29 10 00  80  8.0 10.0    MM    MM    MM  MM 1006.6  11.6  12.6  10.6   MM -1.4    MM
2026 08 29 09 50  70  7.0  9.0   0.9     8   3.9 165 1006.6  11.6  12.5  10.6   MM   MM    MM
2026 08 29 09 40  70  7.0  9.0    MM    MM    MM  MM 1006.8  11.6  12.4  10.6   MM   MM    MM
2026 08 29 09 30  90  8.0 10.0    MM    MM    MM  MM 1006.7  11.6  12.5  10.5   MM   MM    MM
2026 08 29 09 20  90 10.0 12.0   0.9     4   3.9  98 1006.9  11.6  12.5  10.3   MM   MM    MM
2026 08 29 09 10  90 11.0 13.0    MM    MM    MM  MM 1006.9  11.6  12.5  10.1   MM   MM    MM
2026 08 29 09 00  90 10.0 12.0    MM    MM    MM  MM 1007.1  11.6  12.5  10.3   MM -1.1    MM
2026 08 29 08 50  90  9.0 12.0   0.9     4   3.7  98 1007.4  11.5  12.5  10.5   MM   MM    MM
2026 08 29 08 40  90 10.0 11.0    MM    MM    MM  MM 1007.4  11.4  12.6  10.5   MM   MM    MM
2026 08 29 08 30  90 10.0 12.0    MM    MM    MM  MM 1007.6  11.4  12.6  10.6   MM   MM    MM
2026 08 29 08 20  90  9.0 11.0   1.0     4   3.9 108 1007.7  11.5  12.6  10.8   MM   MM    MM
2026 08 29 08 10 100 10.0 12.0    MM    MM    MM  MM 1007.8  11.4  12.6  10.6   MM   MM    MM
2026 08 29 08 00 100 11.0 14.0    MM    MM    MM  MM 1007.7  11.4  12.5  10.6   MM -1.4    MM
2026 08 29 07 50 100 11.0 14.0   0.9    MM   3.7 107 1007.7    MM  12.5    MM   MM   MM    MM
2026 08 29 07 40 100 12.0 15.0    MM    MM    MM  MM 1007.6  11.3  12.4  10.5   MM   MM    MM
2026 08 29 07 30 100 11.0 14.0    MM    MM    MM  MM 1007.8  11.3    MM  10.6   MM   MM    MM
2026 08 29 07 20 100 11.0 13.0   0.9     4   3.6 111 1008.0  11.2    MM  10.7   MM   MM    MM
2026 08 29 07 10 100 11.0 13.0   0.9    MM   3.6 111 1008.1    MM  12.4    MM   MM   MM    MM
2026 08 29 07 00 100 11.0 13.0    MM    MM    MM  MM 1008.2  11.1    MM  10.9   MM -1.4    MM
2026 08 29 06 50  90 11.0 13.0   1.0     4   3.7 106 1008.2  11.1  12.4  11.0   MM   MM    MM
2026 08 29 06 40  90 11.0 14.0    MM    MM    MM  MM 1008.3  11.2  12.4  11.0   MM   MM    MM
2026 08 29 06 30 100 11.0 13.0    MM    MM    MM  MM 1008.4  11.3  12.4  11.1   MM   MM    MM
2026 08 29 06 20 100 12.0 15.0   0.9     4   3.6 111 1008.5  11.3  12.4  10.9   MM   MM    MM
2026 08 29 06 10 100 12.0 15.0   0.9    MM   3.6 111 1008.4  11.3  12.4  10.9   MM   MM    MM
2026 08 29 06 00 100 11.0 14.0    MM    MM    MM  MM 1008.4  11.3  12.4  11.0   MM -1.5    MM
2026 08 29 05 50 100 10.0 13.0   0.8     3   3.6 109 1008.5  11.4  12.4  11.3   MM   MM    MM
2026 08 29 05 40 100 10.0 12.0    MM    MM    MM  MM 1008.6  11.4  12.4  11.3   MM   MM    MM
2026 08 29 05 30 100 10.0 12.0    MM    MM    MM  MM 1008.7  11.5  12.5  11.3   MM   MM    MM
2026 08 29 05 20 100 10.0 12.0   0.8     4   3.5  98 1008.8  11.5  12.5  11.1   MM   MM    MM
2026 08 29 05 10 100 11.0 14.0   0.8    MM   3.5  98 1008.7  11.6  12.6  11.0   MM   MM    MM
2026 08 29 05 00 100 11.0 13.0    MM    MM    MM  MM 1008.8  11.8  12.6  10.9   MM -1.3    MM
2026 08 29 04 50 100 10.0 12.0   0.7     3   3.5  93 1009.0  11.8  12.7  10.9   MM   MM    MM
2026 08 29 04 40 100  9.0 11.0    MM    MM    MM  MM 1009.2  11.7  12.7  11.2   MM   MM    MM
2026 08 29 04 30 100  9.0 11.0    MM    MM    MM  MM 1009.1  11.7  12.8  11.3   MM   MM    MM
2026 08 29 04 20 100  9.0 11.0   0.6     4   3.3  91 1009.2  11.7  12.9  11.2   MM   MM    MM
2026 08 29 04 10  90  9.0 11.0   0.6    MM   3.3  91 1009.3  11.8  12.9  11.2   MM   MM    MM
2026 08 29 04 00  90  8.0  9.0    MM    MM    MM  MM 1009.4  11.7  12.9  11.1   MM -1.1    MM
2026 08 29 03 50  90  8.0  9.0   0.7     3   3.2 104 1009.5  11.7  12.9  11.1   MM   MM    MM
2026 08 29 03 40 100  8.0 10.0    MM    MM    MM  MM 1009.6  11.8  12.9  11.0   MM   MM    MM
2026 08 29 03 30 100  9.0 10.0    MM    MM    MM  MM 1009.5  11.7  12.9  11.0   MM   MM    MM
2026 08 29 03 20 100  9.0 11.0   0.7     3   3.2 103 1009.6  11.6  12.9  11.0   MM   MM    MM
2026 08 29 03 10 110  9.0 12.0   0.7    MM   3.2 103 1009.6  11.7  12.9  11.0   MM   MM    MM
2026 08 29 03 00 110 10.0 12.0    MM    MM    MM  MM 1009.6  11.7  12.9  10.8   MM -1.1    MM
2026 08 29 02 50 110 10.0 12.0   0.6     3   3.2  98 1009.7  11.7  12.9  10.8   MM   MM    MM
2026 08 29 02 40 100 10.0 11.0    MM    MM    MM  MM 1009.7  11.6  12.9  10.7   MM   MM    MM
2026 08 29 02 30 100 10.0 12.0    MM    MM    MM  MM 1009.9  11.5  12.9  11.0   MM   MM    MM
2026 08 29 02 20 100 10.0 12.0   0.6     3   3.2  89 1010.0  11.5  13.0  11.0   MM   MM    MM
2026 08 29 02 10 100 10.0 12.0   0.6    MM   3.2  89 1010.0  11.6  13.0  11.0   MM   MM    MM
2026 08 29 02 00 100 10.0 12.0    MM    MM    MM  MM 1010.1  11.5  13.0  11.0   MM -1.2    MM
2026 08 29 01 50 100  9.0 12.0   0.5     3   3.1  78 1009.9  11.5  13.0  11.0   MM   MM    MM
2026 08 29 01 40 100 10.0 11.0    MM    MM    MM  MM 1009.8  11.7  13.1  10.8   MM   MM    MM
2026 08 29 01 30 100  8.0 11.0    MM    MM    MM  MM 1010.0  11.8  13.1  10.6   MM   MM    MM
2026 08 29 01 20  90  6.0  7.0   0.5     3   3.1  82 1010.5  11.7  13.1  10.4   MM   MM    MM
2026 08 29 01 10  90  6.0  8.0   0.5    MM   3.1  82 1010.5  11.6  13.1  10.2   MM   MM    MM
2026 08 29 01 00  80  5.0  8.0    MM    MM    MM  MM 1010.5  11.5  13.1  10.4   MM -2.1    MM
2026 08 29 00 50  80  4.0  5.0   0.5     3   3.1  91 1010.8  11.5  13.2  10.4   MM   MM    MM
2026 08 29 00 40  90  5.0  7.0    MM    MM    MM  MM 1011.0  11.4  13.2  10.5   MM   MM    MM
2026 08 29 00 30  90  6.0  8.0    MM    MM    MM  MM 1010.3  11.4  13.2  10.7   MM   MM    MM
2026 08 29 00 20  90  7.0  9.0   0.6     3   3.2 104 1010.4  11.3  13.3  10.7   MM   MM    MM
2026 08 29 00 10 100  8.0  9.0   0.6    MM   3.2 104 1009.6  11.3  13.3  10.8   MM   MM    MM
2026 08 29 00 00  90  6.0  8.0    MM    MM    MM  MM 1010.9  11.3  13.3  10.5   MM -1.4    MM
2026 08 28 23 50 100  6.0  8.0   0.6     3   3.3 106 1011.4  11.3    MM  10.5   MM   MM    MM
2026 08 28 23 40  90  6.0  8.0    MM    MM    MM  MM 1011.6  11.3  13.3  10.6   MM   MM    MM
2026 08 28 23 30 100  8.0 10.0    MM    MM    MM  MM 1011.6  11.4  13.4  10.5   MM   MM    MM
2026 08 28 23 20 110 10.0 11.0   0.6     3   3.3  89 1011.5  11.5  13.4  10.2   MM   MM    MM
2026 08 28 23 10 110  9.0 11.0   0.6    MM   3.3  89 1011.6  11.6  13.4  10.1   MM   MM    MM
2026 08 28 23 00 100  9.0 11.0    MM    MM    MM  MM 1011.5  11.6  13.4  10.1   MM -1.6    MM
2026 08 28 22 50 100  8.0 10.0   0.7     3   3.3  97 1011.7  11.7  13.4  10.4   MM   MM    MM
2026 08 28 22 40 100  9.0 11.0   0.7    MM   3.3  97 1011.9  11.6  13.4  10.4   MM   MM    MM
2026 08 28 22 30 100  9.0 12.0    MM    MM    MM  MM 1011.8  11.6  13.4  10.5   MM   MM    MM
2026 08 28 22 20  90  8.0 11.0   0.7     4   3.4  95 1011.8  11.7  13.4  10.7   MM   MM    MM
2026 08 28 22 10  90  7.0  9.0   0.7    MM   3.4  95 1012.1  11.7  13.4  10.7   MM   MM    MM
2026 08 28 22 00  90  7.0  9.0    MM    MM    MM  MM 1012.5  11.8  13.4  10.9   MM -0.9    MM
2026 08 28 21 50  90  8.0 10.0   0.6     3   3.4  88 1012.1  11.7  13.3  10.7   MM   MM    MM
2026 08 28 21 40  90  8.0  9.0    MM    MM    MM  MM 1012.2  11.6  13.4  10.8   MM   MM    MM
2026 08 28 21 30  90  8.0  9.0    MM    MM    MM  MM 1012.1  11.6  13.4  10.7   MM   MM    MM
2026 08 28 21 20  80  8.0  9.0   0.6     3   3.3  81 1012.0  11.6  13.4  10.7   MM   MM    MM
2026 08 28 21 10  80  8.0  9.0   0.6    MM   3.3  81 1012.1  11.7  13.4  10.9   MM   MM    MM
2026 08 28 21 00  80  8.0 10.0    MM    MM    MM  MM 1012.1  11.7  13.5  11.0   MM -1.8    MM
2026 08 28 20 50  70  8.0 10.0   0.6     3   3.1  76 1012.1  11.7  13.5  11.0   MM   MM    MM
2026 08 28 20 40  70  8.0 10.0    MM    MM    MM  MM 1012.3  11.7  13.6  11.0   MM   MM    MM
2026 08 28 20 30  80  8.0 10.0    MM    MM    MM  MM 1012.4  11.8  13.6  11.1   MM   MM    MM
2026 08 28 20 20  80  8.0 10.0   0.5     3   3.0  98 1012.5  11.8  13.7  11.2   MM   MM    MM
2026 08 28 20 10  80  8.0 10.0   0.5    MM   3.0  98 1012.6  11.8  13.7  11.2   MM   MM    MM
2026 08 28 20 00  80  8.0 10.0    MM    MM    MM  MM 1012.8  11.9  13.7  11.5   MM -1.6    MM
2026 08 28 19 50  80  8.0  9.0   0.4     3   2.9  98 1013.0  12.2  13.7  11.9   MM   MM    MM
2026 08 28 19 40  90  7.0  8.0    MM    MM    MM  MM 1013.2  12.2  13.7  11.7   MM   MM    MM
2026 08 28 19 30  90  7.0  8.0    MM    MM    MM  MM 1013.4  12.2  13.7  11.7   MM   MM    MM
2026 08 28 19 20  90  7.0  8.0   0.4     3   3.0  93 1013.5  12.2  13.8  11.5   MM   MM    MM
2026 08 28 19 10  90  7.0  8.0   0.4    MM   3.0  93 1013.5  12.2  13.8  11.7   MM   MM    MM
2026 08 28 19 00  90  7.0  8.0    MM    MM    MM  MM 1013.5  12.1  13.8  11.6   MM -1.8    MM
2026 08 28 18 50  90  7.0  8.0   0.4     3   3.2  99 1013.6  12.1  13.8  11.5   MM   MM    MM
2026 08 28 18 40  90  7.0  8.0   0.4    MM   3.2  99 1013.7    MM    MM    MM   MM   MM    MM
2026 08 28 18 30 100  7.0  8.0    MM    MM    MM  MM 1013.8  12.2  13.8  11.4   MM   MM    MM
2026 08 28 18 20  90  6.0  8.0   0.4    15   3.5 188 1013.9  12.1  13.8  11.0   MM   MM    MM
2026 08 28 18 10  90  7.0  8.0    MM    MM    MM  MM 1014.0    MM    MM    MM   MM   MM    MM
2026 08 28 18 00  90  6.0  7.0    MM    MM    MM  MM 1014.1  12.3  13.8  12.0   MM -1.5    MM
2026 08 28 17 50  90  5.0  6.0   0.3    15   3.3 162 1014.3  12.2  13.8  11.3   MM   MM    MM
2026 08 28 17 40  90  5.0  6.0    MM    MM    MM  MM 1014.4  12.2  13.8  10.9   MM   MM    MM
2026 08 28 17 30  90  6.0  7.0    MM    MM    MM  MM 1014.5  12.4  13.8  10.8   MM   MM    MM
2026 08 28 17 20  90  6.0  7.0   0.3    15   4.0 167 1014.5  12.4  13.8  10.4   MM   MM    MM
2026 08 28 17 10  80  6.0  7.0    MM    MM    MM  MM 1014.3  12.4  13.8  10.5   MM   MM    MM
2026 08 28 17 00  60  5.0  6.0    MM    MM    MM  MM 1014.5  12.3  13.8  10.8   MM -0.5    MM
2026 08 28 16 50  50  4.0  5.0   0.3     5   4.0 164 1014.6  11.9  13.8  10.5   MM   MM    MM
2026 08 28 16 40  70  2.0  3.0    MM    MM    MM  MM 1014.8  12.1  13.9  11.6   MM   MM    MM
2026 08 28 16 30  40  2.0  2.0    MM    MM    MM  MM 1014.9  12.1  13.9  11.9   MM   MM    MM
2026 08 28 16 20  20  2.0  3.0   0.3    15   3.6 161 1014.9  12.1  13.8  11.9   MM   MM    MM
2026 08 28 16 10  20  2.0  3.0   0.3    MM   3.6 161 1014.9  12.1  13.9  11.7   MM   MM    MM
2026 08 28 16 00  30  2.0  2.0    MM    MM    MM  MM 1015.2  12.1  13.8  11.4   MM +0.5    MM
2026 08 28 15 50 330  2.0  2.0   0.3     3   3.3 185 1015.3  12.1  13.8  11.3   MM   MM    MM
2026 08 28 15 40 320  2.0  2.0   0.3    MM   3.3 185 1015.2  12.2  13.8  11.2   MM   MM    MM
2026 08 28 15 30 270  2.0  2.0    MM    MM    MM  MM 1015.4  12.3  13.8  11.2   MM   MM    MM
2026 08 28 15 20 280  2.0  3.0   0.4    15   3.1 194 1015.4  12.5  13.8  11.4   MM   MM    MM
2026 08 28 15 10 280  2.0  4.0   0.4    MM   3.1 194 1015.4  12.6  13.8  11.4   MM   MM    MM
2026 08 28 15 00 250  3.0  5.0    MM    MM    MM  MM 1015.5  12.9  13.8  12.0   MM +0.4    MM
2026 08 28 14 50 190  5.0  6.0   0.3     3   3.3 225 1015.2  13.3  13.8  12.5   MM   MM    MM
2026 08 28 14 40 190  3.0  5.0   0.3    MM   3.3 225 1015.2  13.2  13.8  11.5   MM   MM    MM
2026 08 28 14 30 210  2.0  3.0    MM    MM    MM  MM 1015.2  13.2  13.8  10.9   MM   MM    MM
2026 08 28 14 20 210  2.0  3.0   0.4    15   3.3 151 1015.2  13.2  13.8  10.9   MM   MM    MM
2026 08 28 14 10 240  3.0  3.0   0.4    MM   3.3 151 1015.1  13.2  13.8  10.6   MM   MM    MM
2026 08 28 14 00 230  4.0  4.0    MM    MM    MM  MM 1015.1  13.3  13.8  10.2   MM -0.0    MM
2026 08 28 13 50 220  4.0  4.0   0.4     3   3.5 227 1015.0  13.3  13.8  10.0   MM   MM    MM
2026 08 28 13 40 210  4.0  5.0   0.4    MM   3.5 227 1015.0  13.2  13.8  10.6   MM   MM    MM
2026 08 28 13 30 230  4.0  5.0    MM    MM    MM  MM 1014.8  13.3  13.8  11.3   MM   MM    MM
2026 08 28 13 20 250  4.0  5.0   0.3    16   3.6 219 1014.8  13.4  13.8  11.4   MM   MM    MM
2026 08 28 13 10 260  3.0  4.0   0.3    MM   3.6 219 1014.7  13.6  13.8  11.6   MM   MM    MM
2026 08 28 13 00 270  2.0  3.0    MM    MM    MM  MM 1014.7  13.5  13.8  11.1   MM -0.6    MM
2026 08 28 12 50 300  1.0  2.0   0.3    15   3.8 187 1014.7  13.5  13.9  11.0   MM   MM    MM
2026 08 28 12 40 270  1.0  1.0    MM    MM    MM  MM 1014.7    MM  13.8    MM   MM   MM    MM
2026 08 28 12 30 260  1.0  1.0    MM    MM    MM  MM 1014.8  13.5  13.9  10.8   MM   MM    MM
2026 08 28 12 20  MM  0.0  1.0   0.4    15   3.8 113 1015.0  13.4  13.9  10.7   MM   MM    MM
2026 08 28 12 10 180  1.0  1.0   0.4    MM   3.8 113 1015.0  13.5  13.9  11.1   MM   MM    MM
2026 08 28 12 00 140  2.0  2.0    MM    MM    MM  MM 1015.1  13.5  13.9  11.2   MM -0.6    MM
2026 08 28 11 50  80  2.0  3.0   0.3    15   3.9 247 1015.2  13.5  13.9  11.5   MM   MM    MM
2026 08 28 11 40  80  3.0  5.0    MM    MM    MM  MM 1015.3  13.6  13.8  11.8   MM   MM    MM
2026 08 28 11 30  80  4.0  5.0    MM    MM    MM  MM 1015.1  13.7  13.8  11.5   MM   MM    MM
2026 08 28 11 20  80  5.0  6.0   0.3    15   3.8 141 1015.1  13.7  13.8  10.8   MM   MM    MM
2026 08 28 11 10  80  5.0  6.0   0.3    MM   3.8 141 1015.3  13.8  13.8  10.9   MM   MM    MM
2026 08 28 11 00  80  5.0  6.0    MM    MM    MM  MM 1015.2  13.9  13.8  10.8   MM -0.8    MM
2026 08 28 10 50  80  4.0  5.0   0.4    15   4.0 252 1015.4  13.7  13.8  11.3   MM   MM    MM
2026 08 28 10 40  90  4.0  5.0    MM    MM    MM  MM 1015.4  13.6  13.8  11.8   MM   MM    MM
2026 08 28 10 30 100  4.0  5.0    MM    MM    MM  MM 1015.4  13.6  13.8  12.0   MM   MM    MM
2026 08 28 10 20 100  4.0  5.0   0.3    15   3.7 221 1015.2  13.6  13.8  12.1   MM   MM    MM
2026 08 28 10 10 100  4.0  5.0   0.3    MM   3.7 221 1015.3  13.7  13.8  12.3   MM   MM    MM
2026 08 28 10 00 100  4.0  5.0    MM    MM    MM  MM 1015.3  13.9  13.9  12.3   MM -0.5    MM
2026 08 28 09 50 100  4.0  5.0   0.3    16   3.9 211 1015.4  13.9  13.9  11.7   MM   MM    MM
2026 08 28 09 40 110  3.0  4.0    MM    MM    MM  MM 1015.4  13.9  13.9  11.7   MM   MM    MM
2026 08 28 09 30 110  4.0  4.0    MM    MM    MM  MM 1015.5  13.9  13.9  11.7   MM   MM    MM
2026 08 28 09 20 110  4.0  5.0   0.3    15   3.7 171 1015.5  13.9  13.9  11.9   MM   MM    MM
2026 08 28 09 10 110  4.0  5.0    MM    MM    MM  MM 1015.5  14.1  13.9  12.1   MM   MM    MM
2026 08 28 09 00 110  3.0  5.0    MM    MM    MM  MM 1015.7  14.1  13.9  11.7   MM +0.0    MM
2026 08 28 08 50 110  3.0  4.0   0.3    16   3.4 202 1015.7  14.3  13.9  11.7   MM   MM    MM
2026 08 28 08 40 110  3.0  4.0   0.3    MM   3.4 202 1015.8  14.4  13.9  11.0   MM   MM    MM
2026 08 28 08 30 120  3.0  4.0    MM    MM    MM  MM 1015.7  14.6  13.9  11.5   MM   MM    MM
2026 08 28 08 20 150  4.0  5.0   0.3    15   3.8 165 1015.9  14.8  13.9   9.6   MM   MM    MM
2026 08 28 08 10 160  4.0  5.0    MM    MM    MM  MM 1015.9  14.4  13.9   9.7   MM   MM    MM
2026 08 28 08 00 140  3.0  4.0    MM    MM    MM  MM 1015.8  14.4  13.9  11.1   MM +0.0    MM
2026 08 28 07 50 190  3.0  4.0   0.3    15   4.0 185 1015.9  14.5  13.9  10.8   MM   MM    MM
2026 08 28 07 40 200  4.0  4.0   0.3    MM   4.0 185 1015.9  14.5  13.9  10.8   MM   MM    MM
2026 08 28 07 30 200  4.0  4.0    MM    MM    MM  MM 1015.8  14.5  13.8  10.6   MM   MM    MM
2026 08 28 07 20 200  4.0  4.0   0.2    MM   5.3  MM 1015.8  14.5  13.8  10.6   MM   MM    MM
2026 08 28 07 10 200  4.0  5.0   0.2    MM   5.3  MM 1015.7  14.6  14.0  10.7   MM   MM    MM
2026 08 28 07 00 200  4.0  5.0    MM    MM    MM  MM 1015.8  14.5  14.0  10.6   MM +0.0    MM
2026 08 28 06 50 200  4.0  5.0   0.2    MM   5.9  MM 1015.8  14.5  13.9  10.7   MM   MM    MM
2026 08 28 06 40 200  4.0  5.0    MM    MM    MM  MM 1015.8  14.4  14.1  11.1   MM   MM    MM
2026 08 28 06 30 200  4.0  4.0    MM    MM    MM  MM 1015.8  14.4  14.1  11.7   MM   MM    MM
2026 08 28 06 20 210  3.0  4.0   0.2    MM   5.8  MM 1015.7  14.5  13.9  11.3   MM   MM    MM
2026 08 28 06 10 200  4.0  4.0   0.2    MM   5.8  MM 1015.9  14.5  13.7  11.4   MM   MM    MM
2026 08 28 06 00 200  4.0  4.0    MM    MM    MM  MM 1015.7  14.4  13.7  11.6   MM +0.0    MM
2026 08 28 05 50 190  4.0  4.0   0.3    15   6.3   8 1015.7  14.5  13.8  11.8   MM   MM    MM
2026 08 28 05 40 190  4.0  5.0    MM    MM    MM  MM 1015.8  14.6  14.1  11.7   MM   MM    MM
2026 08 28 05 30 200  4.0  5.0    MM    MM    MM  MM 1015.7  14.6  14.1  11.7   MM   MM    MM
2026 08 28 05 20 200  5.0  5.0   0.2    MM   5.9  MM 1015.7  14.5  14.1  12.0   MM   MM    MM
2026 08 28 05 10 200  4.0  6.0   0.2    MM   5.9  MM 1015.7  14.7  14.1  11.7   MM   MM    MM
2026 08 28 05 00 200  4.0  4.0    MM    MM    MM  MM 1015.7  14.7  14.2  11.4   MM -0.3    MM
2026 08 28 04 50 190  4.0  4.0   0.2    MM   6.0  MM 1015.7  14.7  14.2  11.6   MM   MM    MM
2026 08 28 04 40 190  4.0  4.0   0.2    MM   6.0  MM 1015.7  14.8  14.2  11.1   MM   MM    MM
2026 08 28 04 30 200  4.0  4.0    MM    MM    MM  MM 1015.7  14.8  14.2  10.7   MM   MM    MM
2026 08 28 04 20 210  4.0  5.0   0.3    15   5.2 185 1015.7  15.0  14.1  10.3   MM   MM    MM
2026 08 28 04 10 200  4.0  5.0   0.3    MM   5.2 185 1015.7  14.4  14.1  10.8   MM   MM    MM
2026 08 28 04 00 190  3.0  4.0    MM    MM    MM  MM 1015.7  14.2  14.1  12.8   MM -0.3    MM
2026 08 28 03 50 190  3.0  4.0   0.3    15   4.8 164 1015.7  14.4  14.1  12.8   MM   MM    MM
2026 08 28 03 40 190  2.0  3.0    MM    MM    MM  MM 1015.7  14.6  14.0  12.2   MM   MM    MM
2026 08 28 03 30 220  3.0  3.0    MM    MM    MM  MM 1015.7  14.8  14.0  11.3   MM   MM    MM
2026 08 28 03 20 240  3.0  3.0   0.2    MM   3.8  MM 1015.7  14.8  13.9  11.3   MM   MM    MM
2026 08 28 03 10 240  3.0  4.0   0.2    MM   3.8  MM 1015.7  14.9  14.0  11.2   MM   MM    MM
2026 08 28 03 00 240  3.0  4.0    MM    MM    MM  MM 1015.8  14.9  14.0  11.2   MM +0.0    MM
2026 08 28 02 50 250  3.0  3.0   0.3    14   3.8 174 1015.8  14.9  14.1  11.2   MM   MM    MM
2026 08 28 02 40 250  4.0  4.0    MM    MM    MM  MM 1015.8  15.0  14.1  11.1   MM   MM    MM
2026 08 28 02 30 240  4.0  4.0    MM    MM    MM  MM 1015.9  15.1  14.1  11.1   MM   MM    MM
2026 08 28 02 20 240  4.0  5.0   0.3    16   3.8 151 1015.8  15.1  14.2  10.8   MM   MM    MM
2026 08 28 02 10 240  4.0  5.0   0.3    MM   3.8 151 1015.9  14.9  14.2  11.1   MM   MM    MM
2026 08 28 02 00 240  4.0  5.0    MM    MM    MM  MM 1015.9  14.8  14.2  11.5   MM -0.3    MM
2026 08 28 01 50 240  4.0  4.0   0.3    15   3.8 209 1016.0  14.7  14.2  11.7   MM   MM    MM
2026 08 28 01 40 230  4.0  4.0   0.3    MM   3.8 209 1016.0  14.7  14.2  11.9   MM   MM    MM
2026 08 28 01 30 230  4.0  5.0    MM    MM    MM  MM 1016.0  14.7  14.2  11.9   MM   MM    MM
2026 08 28 01 20 230  4.0  4.0   0.3    16   3.7 266 1016.0  14.8  14.2  11.9   MM   MM    MM
2026 08 28 01 10 240  3.0  4.0   0.3    MM   3.7 266 1016.1  14.8  14.2  11.8   MM   MM    MM
2026 08 28 01 00 240  3.0  4.0    MM    MM    MM  MM 1016.0  14.8  14.1  11.7   MM -0.4    MM
2026 08 28 00 50 240  3.0  3.0   0.3    16   3.4 347 1015.9  14.9  14.2  11.8   MM   MM    MM
2026 08 28 00 40 260  3.0  3.0   0.3    MM   3.4 347 1016.0    MM    MM    MM   MM   MM    MM
2026 08 28 00 30 260  3.0  3.0    MM    MM    MM  MM 1016.0  15.1  14.1  11.5   MM   MM    MM
2026 08 28 00 20 280  3.0  4.0   0.3    15   3.6 166 1016.1  15.1  14.2  11.3   MM   MM    MM
2026 08 28 00 10 280  3.0  4.0   0.3    MM   3.6 166 1016.0  15.0  14.0  11.0   MM   MM    MM
2026 08 28 00 00 280  3.0  4.0    MM    MM    MM  MM 1016.0  15.0  14.0  11.1   MM +0.0    MM
2026 08 27 23 50 280  4.0  5.0   0.3    11   3.8 175 1016.1  15.0  14.1  10.8   MM   MM    MM
2026 08 27 23 40 280  4.0  5.0    MM    MM    MM  MM 1016.1  15.1  14.0  10.9   MM   MM    MM
2026 08 27 23 20 270  3.0  4.0   0.3    15   3.6 181 1016.2  14.8  13.9  11.7   MM   MM    MM
2026 08 27 23 10 280  4.0  4.0   0.3    MM   3.6 181 1016.1  14.8  14.0  11.7   MM   MM    MM
2026 08 27 23 00 280  3.0  4.0    MM    MM    MM  MM 1016.1  14.7  13.9  11.3   MM +0.0    MM
2026 08 27 22 50 280  4.0  4.0   0.3    11   3.6 192 1016.3  14.7  13.9  11.3   MM   MM    MM
2026 08 27 22 40 280  3.0  4.0   0.3    MM   3.6 192 1016.3  14.6  13.9  11.7   MM   MM    MM
2026 08 27 22 30 280  4.0  4.0    MM    MM    MM  MM 1016.2  14.5  14.0  11.7   MM   MM    MM
2026 08 27 22 20 290  4.0  5.0   0.3    15   3.8 181 1016.3  14.4  14.0  11.6   MM   MM    MM
2026 08 27 22 10 290  4.0  5.0   0.3    MM   3.8 181 1016.3  14.4  13.9  11.5   MM   MM    MM
2026 08 27 22 00 280  5.0  5.0    MM    MM    MM  MM 1016.4  14.4  13.9  11.1   MM -0.4    MM
2026 08 27 21 50 290  4.0  5.0   0.3    16   3.7 234 1016.4  14.4  13.9  10.6   MM   MM    MM
2026 08 27 21 40 290  4.0  5.0    MM    MM    MM  MM 1016.3  14.4  13.8  10.7   MM   MM    MM
2026 08 27 21 30 300  4.0  4.0    MM    MM    MM  MM 1016.3  14.4  13.8  10.4   MM   MM    MM
2026 08 27 21 20 310  4.0  5.0   0.3    15   3.4 187 1016.2  14.4  13.8  10.2   MM   MM    MM
2026 08 27 21 10 320  5.0  5.0   0.3    MM   3.4 187 1016.2  14.2  13.8  10.4   MM   MM    MM
2026 08 27 21 00 320  4.0  5.0    MM    MM    MM  MM 1016.3  13.9  13.8  10.9   MM -0.3    MM
2026 08 27 20 50 320  5.0  6.0   0.3    16   3.3 220 1016.2  13.9  13.7  11.0   MM   MM    MM
2026 08 27 20 40 320  5.0  5.0   0.3    MM   3.3 220 1016.2  13.8  13.7  11.0   MM   MM    MM
2026 08 27 20 30 320  4.0  5.0    MM    MM    MM  MM 1016.3  13.7  13.7  11.0   MM   MM    MM
2026 08 27 20 20 320  4.0  5.0   0.3     3   3.3 309 1016.3  13.6  13.6  11.1   MM   MM    MM
2026 08 27 20 10 320  4.0  5.0   0.3    MM   3.3 309 1016.5  13.6  13.6  11.0   MM   MM    MM
2026 08 27 20 00 310  4.0  5.0    MM    MM    MM  MM 1016.5    MM  13.6    MM   MM +0.0    MM
2026 08 27 19 50 300  5.0  6.0   0.3    15   3.5 211 1016.6  13.7  13.6  10.5   MM   MM    MM
2026 08 27 19 40 300  4.0  6.0    MM    MM    MM  MM 1016.6  13.7  13.6  11.1   MM   MM    MM
2026 08 27 19 30 310  4.0  5.0    MM    MM    MM  MM 1016.7  13.6  13.6  10.9   MM   MM    MM
2026 08 27 19 20 310  4.0  5.0   0.3    15   3.3 228 1016.7  13.5  13.5  11.4   MM   MM    MM
2026 08 27 19 10 300  5.0  6.0   0.3    MM   3.3 228 1016.7  13.4  13.5  11.7   MM   MM    MM
2026 08 27 19 00 300  5.0  5.0    MM    MM    MM  MM 1016.7  13.5  13.5  11.3   MM +0.4    MM
2026 08 27 18 50 300  4.0  5.0   0.3    15   4.1 187 1016.8  13.6  13.5  10.6   MM   MM    MM
2026 08 27 18 40 310  3.0  4.0    MM    MM    MM  MM 1016.8  13.4  13.4   8.9   MM   MM    MM
2026 08 27 18 30 290  3.0  4.0    MM    MM    MM  MM 1016.8  13.3  13.4  11.2   MM   MM    MM
2026 08 27 18 20 300  3.0  4.0   0.3    15   3.7 242 1016.8  13.4  13.4  11.4   MM   MM    MM
2026 08 27 18 10 300  3.0  4.0   0.3    MM   3.7 242 1016.7  13.2  13.4  11.6   MM   MM    MM
2026 08 27 18 00 300  3.0  4.0    MM    MM    MM  MM 1016.6  13.3  13.4  12.0   MM +0.3    MM
2026 08 27 17 50 310  4.0  4.0   0.3    15   3.8 296 1016.5  13.3  13.4  11.0   MM   MM    MM
2026 08 27 17 40 300  4.0  5.0    MM    MM    MM  MM 1016.5  13.3  13.4  10.9   MM   MM    MM
2026 08 27 17 30 310  4.0  5.0    MM    MM    MM  MM 1016.5  13.1  13.3  10.1   MM   MM    MM
2026 08 27 17 20 320  5.0  6.0   0.3    15   3.4 177 1016.4  13.0  13.3  10.1   MM   MM    MM
2026 08 27 17 10 330  5.0  6.0   0.3    MM   3.4 177 1016.4  13.1  13.3   9.9   MM   MM    MM
2026 08 27 17 00 330  5.0  6.0    MM    MM    MM  MM 1016.5  13.2  13.3   9.8   MM +0.6    MM
2026 08 27 16 50 340  5.0  5.0   0.3    11   3.9 163 1016.4  13.1  13.3   9.4   MM   MM    MM
2026 08 27 16 40 330  5.0  5.0    MM    MM    MM  MM 1016.5  13.1  13.4   9.6   MM   MM    MM
2026 08 27 16 30 330  4.0  5.0    MM    MM    MM  MM 1016.4  13.0  13.3   9.6   MM   MM    MM
2026 08 27 16 20 330  4.0  5.0   0.3    12   4.0 149 1016.5  13.0  13.3   9.8   MM   MM    MM
2026 08 27 16 10 330  3.0  4.0   0.3    MM   4.0 149 1016.5  13.0  13.4   9.7   MM   MM    MM
2026 08 27 16 00 340  4.0  4.0    MM    MM    MM  MM 1016.3  12.9  13.4   9.9   MM +0.8    MM
2026 08 27 15 50 340  4.0  5.0   0.3    15   4.2 139 1016.2  12.9  13.4   9.8   MM   MM    MM
2026 08 27 15 40 330  3.0  5.0    MM    MM    MM  MM 1016.2  13.0  13.4  11.3   MM   MM    MM
2026 08 27 15 30 330  4.0  4.0    MM    MM    MM  MM 1016.2  13.2  13.4  12.2   MM   MM    MM
2026 08 27 15 20 330  4.0  5.0   0.3    15   4.3 203 1016.2  13.1  13.5  11.5   MM   MM    MM
2026 08 27 15 10 320  4.0  5.0   0.3    MM   4.3 203 1016.2  13.1  13.5  11.1   MM   MM    MM
2026 08 27 15 00 300  4.0  5.0    MM    MM    MM  MM 1016.2  13.0  13.5  12.0   MM +1.1    MM
2026 08 27 14 50 300  4.0  5.0   0.3    16   6.0 179 1016.2  13.0  13.5  11.7   MM   MM    MM
2026 08 27 14 40 330  2.0  4.0   0.3    MM   6.0 179 1016.2  12.5  13.5  10.8   MM   MM    MM
2026 08 27 14 30 320  2.0  3.0    MM    MM    MM  MM 1016.2  12.3  13.5  10.7   MM   MM    MM
2026 08 27 14 20 310  3.0  3.0   0.2    MM   5.3  MM 1016.1  12.1  13.5  10.7   MM   MM    MM
2026 08 27 14 10 320  3.0  3.0   0.2    MM   5.3  MM 1016.0  12.2  13.5  11.8   MM   MM    MM
2026 08 27 14 00 320  3.0  4.0    MM    MM    MM  MM 1015.9  12.5  13.5  12.5   MM +0.9    MM
2026 08 27 13 50 320  3.0  3.0   0.3    15   5.1 185 1015.7  12.6  13.5    MM   MM   MM    MM
2026 08 27 13 40 320  2.0  2.0   0.3    MM   5.1 185 1015.6  12.6  13.5    MM   MM   MM    MM
2026 08 27 13 30 330  2.0  3.0    MM    MM    MM  MM 1015.7  12.8  13.5  12.8   MM   MM    MM
2026 08 27 13 20 330  2.0  3.0   0.3    16   4.2 220 1015.7  12.9  13.5  12.9   MM   MM    MM
2026 08 27 13 10 350  3.0  3.0   0.3    MM   4.2 220 1015.7  12.9  13.5  12.8   MM   MM    MM
2026 08 27 13 00 360  3.0  3.0    MM    MM    MM  MM 1015.6  12.8  13.5  12.7   MM +0.6    MM
2026 08 27 12 50  10  3.0  3.0   0.2    MM   4.8  MM 1015.5  12.8    MM  12.8   MM   MM    MM
2026 08 27 12 40  10  3.0  4.0    MM    MM    MM  MM 1015.4    MM    MM    MM   MM   MM    MM
2026 08 27 12 30 350  3.0  4.0    MM    MM    MM  MM 1015.4  12.8  13.4  12.8   MM   MM    MM
2026 08 27 12 20 360  3.0  4.0   0.3    15   4.3 158 1015.4  13.1  13.4    MM   MM   MM    MM
2026 08 27 12 10 350  4.0  4.0   0.3    MM   4.3 158 1015.3  13.2  13.4    MM   MM   MM    MM
2026 08 27 12 00 330  3.0  4.0    MM    MM    MM  MM 1015.2  13.3  13.5    MM   MM +0.4    MM
2026 08 27 11 50 310  3.0  3.0   0.3    16   4.0 236 1015.2  13.3  13.5    MM   MM   MM    MM
2026 08 27 11 40 290  3.0  3.0   0.3    MM   4.0 236 1015.1  13.3  13.6    MM   MM   MM    MM
2026 08 27 11 30 290  3.0  3.0    MM    MM    MM  MM 1015.1  13.2  13.6    MM   MM   MM    MM
2026 08 27 11 20 270  2.0  3.0   0.3    16   3.8 260 1015.0  13.4  13.6    MM   MM   MM    MM
2026 08 27 11 10 250  3.0  4.0   0.3    MM   3.8 260 1015.0  13.4  13.6    MM   MM   MM    MM
2026 08 27 11 00 250  3.0  4.0    MM    MM    MM  MM 1015.1  13.2  13.6    MM   MM +0.0    MM
2026 08 27 10 50 250  4.0  4.0   0.3    15   3.6 175 1015.1  13.3  13.6    MM   MM   MM    MM
2026 08 27 10 40 260  4.0  4.0    MM    MM    MM  MM 1015.2  13.4  13.6  13.3   MM   MM    MM
2026 08 27 10 30 260  3.0  4.0    MM    MM    MM  MM 1015.2  13.5  13.7  13.0   MM   MM    MM
2026 08 27 10 20 260  4.0  4.0   0.3    11   3.8 211 1015.2  13.5  13.7  12.8   MM   MM    MM
2026 08 27 10 10 240  4.0  4.0   0.3    MM   3.8 211 1015.2  13.5  13.6  13.0   MM   MM    MM
2026 08 27 10 00 230  4.0  5.0    MM    MM    MM  MM 1015.0  13.5  13.6  13.0   MM +0.0    MM
2026 08 27 09 50 220  4.0  4.0   0.3    11   3.9 185 1014.9  13.5  13.6  13.1   MM   MM    MM
2026 08 27 09 40 230  3.0  4.0    MM    MM    MM  MM 1014.9  13.5  13.6  13.2   MM   MM    MM
2026 08 27 09 30 220  4.0  4.0    MM    MM    MM  MM 1014.9  13.5  13.5  13.2   MM   MM    MM
2026 08 27 09 20 220  4.0  5.0   0.4    16   3.6 246 1014.9  13.5  13.6  13.0   MM   MM    MM
2026 08 27 09 10 220  4.0  4.0    MM    MM    MM  MM 1014.8  13.5  13.6  13.0   MM   MM    MM
2026 08 27 09 00 210  3.0  4.0    MM    MM    MM  MM 1014.8  13.5  13.6  12.9   MM +0.0    MM
2026 08 27 08 50 220  3.0  4.0   0.4    11   3.5 167 1014.8  13.6  13.6  12.9   MM   MM    MM
2026 08 27 08 40 220  3.0  4.0    MM    MM    MM  MM 1014.8  13.6  13.6  12.8   MM   MM    MM
2026 08 27 08 30 220  3.0  4.0    MM    MM    MM  MM 1014.9  13.6  13.6  12.7   MM   MM    MM
2026 08 27 08 20 220  4.0  4.0   0.3    11   3.7 199 1014.8  13.6  13.6  12.7   MM   MM    MM
2026 08 27 08 10 220  3.0  4.0   0.3    MM   3.7 199 1014.9  13.6  13.6  12.7   MM   MM    MM
2026 08 27 08 00 210  3.0  4.0    MM    MM    MM  MM 1014.8  13.7  13.6  12.8   MM +0.0    MM
2026 08 27 07 50 220  4.0  4.0   0.3    12   3.7 164 1014.9  13.7  13.6  12.6   MM   MM    MM
2026 08 27 07 40 220  5.0  5.0    MM    MM    MM  MM 1014.8  13.7  13.6  12.4   MM   MM    MM
2026 08 27 07 30 220  5.0  5.0    MM    MM    MM  MM 1014.8  13.7  13.7  12.5   MM   MM    MM
2026 08 27 07 20 210  3.0  4.0   0.3    12   4.0 185 1014.8  13.7  13.7  12.7   MM   MM    MM
2026 08 27 07 10 200  3.0  3.0   0.3    MM   4.0 185 1014.8  13.8  13.7  12.9   MM   MM    MM
2026 08 27 07 00 210  4.0  4.0    MM    MM    MM  MM 1014.8  13.9    MM  12.7   MM +0.0    MM
2026 08 27 06 50 210  4.0  5.0   0.3    13   4.4 146 1014.8  13.8  13.7  12.6   MM   MM    MM
2026 08 27 06 40 200  4.0  5.0   0.3    MM   4.4 146 1014.8    MM  13.7    MM   MM   MM    MM
2026 08 27 06 30 200  4.0  5.0    MM    MM    MM  MM 1014.7  13.9  13.8  13.0   MM   MM    MM
2026 08 27 06 20 200  4.0  5.0   0.3    11   5.2 172 1014.8  14.0  13.8  12.8   MM   MM    MM
2026 08 27 06 10 200  4.0  5.0   0.3    MM   5.2 172 1014.9  14.1  13.7  12.5   MM   MM    MM
2026 08 27 06 00 210  4.0  5.0    MM    MM    MM  MM 1014.8  14.1  13.7  12.5   MM +0.0    MM
2026 08 27 05 50 210  3.0  4.0   0.3    11   6.5 194 1014.8  13.9  13.8  12.5   MM   MM    MM
2026 08 27 05 40 200  3.0  4.0   0.3    MM   6.5 194 1014.8  13.8  13.8  12.8   MM   MM    MM
2026 08 27 05 30 200  4.0  4.0    MM    MM    MM  MM 1014.8  13.9  13.8  13.0   MM   MM    MM
2026 08 27 05 20 200  4.0  4.0   0.2    MM   6.4  MM 1014.9  13.8  13.8  12.8   MM   MM    MM
2026 08 27 05 10 200  3.0  4.0   0.2    MM   6.4  MM 1014.9  13.8  13.8  13.1   MM   MM    MM
2026 08 27 05 00 210  3.0  4.0    MM    MM    MM  MM 1014.8  13.9  13.8  13.0   MM +0.0    MM
2026 08 27 04 50 210  3.0  4.0   0.3    11   6.9 185 1014.9  14.0  13.8  12.8   MM   MM    MM
2026 08 27 04 40 210  4.0  4.0    MM    MM    MM  MM 1014.9  14.1  13.8  12.5   MM   MM    MM
2026 08 27 04 30 210  4.0  4.0    MM    MM    MM  MM 1014.8  14.1  13.9  12.3   MM   MM    MM
2026 08 27 04 20 200  3.0  4.0   0.2    MM   6.7  MM 1014.8  13.9  13.9  13.0   MM   MM    MM
2026 08 27 04 10 190  3.0  3.0   0.2    MM   6.7  MM 1014.7  13.9    MM  13.2   MM   MM    MM
2026 08 27 04 00 190  3.0  3.0    MM    MM    MM  MM 1014.7  14.0  13.9  13.1   MM -0.3    MM
2026 08 27 03 50 200  3.0  3.0   0.3    12   6.3 168 1014.8  13.9  13.9  13.2   MM   MM    MM
2026 08 27 03 40 200  2.0  3.0    MM    MM    MM  MM 1014.8  14.0  13.8  13.3   MM   MM    MM
2026 08 27 03 30 200  2.0  3.0    MM    MM    MM  MM 1014.8  14.0  13.9  13.1   MM   MM    MM
2026 08 27 03 20 210  3.0  3.0   0.2    MM   6.1  MM 1014.8  14.0  13.9  13.1   MM   MM    MM
2026 08 27 03 10 210  3.0  3.0   0.2    MM   6.1  MM 1014.7  14.0  13.9  13.4   MM   MM    MM
2026 08 27 03 00 210  3.0  3.0    MM    MM    MM  MM 1014.9  14.0  13.9  13.4   MM +0.0    MM
2026 08 27 02 50 220  3.0  3.0   0.2    MM   6.5  MM 1014.8  14.0  13.8  13.3   MM   MM    MM
2026 08 27 02 40 220  3.0  3.0    MM    MM    MM  MM 1014.9  14.0  13.8  13.0   MM   MM    MM
2026 08 27 02 30 230  3.0  3.0    MM    MM    MM  MM 1014.9  14.0  13.7  12.9   MM   MM    MM
2026 08 27 02 20 230  3.0  4.0   0.3    15   7.1 136 1014.8  14.0  13.4  12.9   MM   MM    MM
2026 08 27 02 10 220  3.0  4.0   0.3    MM   7.1 136 1014.9  14.0  13.4  12.9   MM   MM    MM
2026 08 27 02 00 220  3.0  4.0    MM    MM    MM  MM 1014.9  13.9  13.5  12.7   MM +0.0    MM
2026 08 27 01 50 220  3.0  4.0   0.2    MM   6.5  MM 1014.9  13.9  13.3  12.5   MM   MM    MM
2026 08 27 01 40 220  3.0  3.0    MM    MM    MM  MM 1014.8  13.9  13.3  12.6   MM   MM    MM
2026 08 27 01 30 220  3.0  3.0    MM    MM    MM  MM 1014.9  13.9  13.3  12.6   MM   MM    MM
2026 08 27 01 20 220  3.0  4.0   0.2    MM   6.2  MM 1014.9  13.8  13.3  12.5   MM   MM    MM
2026 08 27 01 10 220  3.0  3.0   0.2    MM   6.2  MM 1014.9  13.8  13.2  12.5   MM   MM    MM
2026 08 27 01 00 220  3.0  4.0    MM    MM    MM  MM 1014.9  13.7  13.2  12.3   MM +0.0    MM
2026 08 27 00 50 230  3.0  4.0   0.2    MM   6.0  MM 1014.9  13.6  13.2  12.2   MM   MM    MM
2026 08 27 00 40 230  3.0  4.0    MM    MM    MM  MM 1014.9  13.5  13.1  12.2   MM   MM    MM
2026 08 27 00 30 240  4.0  4.0    MM    MM    MM  MM 1015.0  13.4  13.2  12.1   MM   MM    MM
2026 08 27 00 20 230  3.0  4.0   0.2    MM   5.8  MM 1015.0  13.3  13.2  12.1   MM   MM    MM
2026 08 27 00 10 230  3.0  4.0   0.2    MM   5.8  MM 1015.0  13.2  13.3  12.2   MM   MM    MM
2026 08 27 00 00 230  3.0  4.0    MM    MM    MM  MM 1015.0  13.1    MM  12.4   MM +0.0    MM
2026 08 26 23 50 230  3.0  3.0   0.2    MM   6.1  MM 1015.0  13.0  13.4  12.3   MM   MM    MM
2026 08 26 23 40 230  3.0  3.0   0.2    MM   6.1  MM 1015.0  12.9  13.3  12.4   MM   MM    MM
2026 08 26 23 30 230  3.0  3.0    MM    MM    MM  MM 1015.0  12.8  13.3  12.4   MM   MM    MM
2026 08 26 23 20 240  3.0  3.0   0.3    16   4.8 172 1015.1  12.8  13.3  12.5   MM   MM    MM
2026 08 26 23 10 230  3.0  3.0    MM    MM    MM  MM 1015.0  12.7  13.3  12.5   MM   MM    MM
2026 08 26 23 00 220  2.0  3.0    MM    MM    MM  MM 1015.0  12.8  13.3  12.6   MM +0.0    MM
2026 08 26 22 50 230  3.0  3.0    MM    MM    MM  MM 1015.1  12.8  13.3  12.6   MM   MM    MM
2026 08 26 22 10 210  2.0  2.0    MM    MM    MM  MM 1015.0  12.8  13.1  12.3   MM   MM    MM
2026 08 26 22 00 220  2.0  2.0    MM    MM    MM  MM 1015.0  12.7  13.1  12.2   MM +0.0    MM
2026 08 26 21 50 220  1.0  2.0   0.3    15   4.8 150 1015.1  12.7  13.2  12.3   MM   MM    MM
2026 08 26 21 40 200  1.0  1.0    MM    MM    MM  MM 1015.1  12.6  13.2  12.4   MM   MM    MM
2026 08 26 21 30 220  1.0  2.0    MM    MM    MM  MM 1015.0  12.4  13.2  12.4   MM   MM    MM
2026 08 26 21 20 260  2.0  2.0   0.3    16   4.8 171 1015.1  12.3  13.2    MM   MM   MM    MM
2026 08 26 21 10 250  1.0  2.0   0.3    MM   4.8 171 1015.1  12.3  13.2    MM   MM   MM    MM
2026 08 26 21 00 240  1.0  1.0    MM    MM    MM  MM 1015.0  12.2  13.2    MM   MM +0.0    MM
2026 08 26 20 50 260  2.0  3.0   0.2    MM   5.2  MM 1015.0  12.1  13.2    MM   MM   MM    MM
2026 08 26 20 40 260  2.0  3.0    MM    MM    MM  MM 1015.0  12.1  13.2    MM   MM   MM    MM
2026 08 26 20 30 260  2.0  3.0    MM    MM    MM  MM 1015.1  12.0  13.2    MM   MM   MM    MM
2026 08 26 20 20 260  2.0  3.0   0.3    15   6.2 228 1015.0  11.9  13.2    MM   MM   MM    MM
2026 08 26 20 10 270  3.0  4.0    MM    MM    MM  MM 1015.2    MM    MM    MM   MM   MM    MM
2026 08 26 20 00 300  3.0  4.0    MM    MM    MM  MM 1015.1  12.0  13.2    MM   MM +0.3    MM
2026 08 26 19 50 320  3.0  4.0   0.2    MM   5.9  MM 1015.2    MM  13.2    MM   MM   MM    MM
2026 08 26 19 40 310  3.0  4.0   0.2    MM   5.9  MM 1015.2  12.0  13.1    MM   MM   MM    MM
2026 08 26 19 30 300  3.0  3.0    MM    MM    MM  MM 1015.1  12.0    MM    MM   MM   MM    MM
2026 08 26 19 20 290  3.0  4.0   0.2    MM   5.7  MM 1015.1  12.0  13.1    MM   MM   MM    MM
2026 08 26 19 10 270  3.0  4.0   0.2    MM   5.7  MM 1015.0  12.0  13.1    MM   MM   MM    MM
2026 08 26 19 00 270  3.0  4.0    MM    MM    MM  MM 1014.9  12.0    MM    MM   MM +0.0    MM
2026 08 26 18 50 290  2.0  3.0   0.2    MM   6.1  MM 1014.9  12.0    MM    MM   MM   MM    MM
2026 08 26 18 40 290  3.0  3.0   0.2    MM   6.1  MM 1014.9  12.0  13.1    MM   MM   MM    MM
2026 08 26 18 30 290  2.0  3.0    MM    MM    MM  MM 1014.8  12.0  13.1    MM   MM   MM    MM
2026 08 26 18 20 310  3.0  3.0   0.2    MM   6.4  MM 1014.9  12.1  13.1    MM   MM   MM    MM
2026 08 26 18 10 300  3.0  3.0   0.2    MM   6.4  MM 1014.9  12.2  13.0    MM   MM   MM    MM
2026 08 26 18 00 300  3.0  3.0    MM    MM    MM  MM 1014.9  12.2  13.0    MM   MM +0.5    MM
2026 08 26 17 50 300  3.0  3.0   0.2    MM   6.3  MM 1014.9  12.2  13.0    MM   MM   MM    MM
2026 08 26 17 40 310  3.0  3.0    MM    MM    MM  MM 1014.8  12.2  13.0    MM   MM   MM    MM
2026 08 26 17 30 310  3.0  3.0    MM    MM    MM  MM 1014.9  12.2  13.0    MM   MM   MM    MM
2026 08 26 17 20 310  3.0  3.0   0.2    MM   6.0  MM 1014.9  12.3  13.0    MM   MM   MM    MM
2026 08 26 17 10 300  3.0  3.0   0.2    MM   6.0  MM 1014.9  12.3  13.0    MM   MM   MM    MM
2026 08 26 17 00 300  3.0  4.0    MM    MM    MM  MM 1014.8  12.3  13.0    MM   MM +0.5    MM
2026 08 26 16 50 290  3.0  3.0   0.2    MM   5.9  MM 1014.8  12.3  12.9    MM   MM   MM    MM
2026 08 26 16 40 300  3.0  3.0    MM    MM    MM  MM 1014.8  12.3  12.9    MM   MM   MM    MM
2026 08 26 16 30 310  3.0  3.0    MM    MM    MM  MM 1014.6  12.3  12.9    MM   MM   MM    MM
2026 08 26 16 20 300  3.0  3.0   0.2    MM   6.2  MM 1014.7  12.4  12.9    MM   MM   MM    MM
2026 08 26 16 10 310  3.0  3.0   0.2    MM   6.2  MM 1014.7  12.5  13.0    MM   MM   MM    MM
2026 08 26 16 00 310  2.0  3.0    MM    MM    MM  MM 1014.7  12.5  13.0  12.5   MM +0.7    MM
2026 08 26 15 50 310  3.0  3.0   0.2    MM   6.8  MM 1014.6  12.5  13.0  12.5   MM   MM    MM
2026 08 26 15 40 320  3.0  3.0    MM    MM    MM  MM 1014.5  12.5    MM  12.5   MM   MM    MM
2026 08 26 15 30 320  3.0  4.0    MM    MM    MM  MM 1014.6  12.5  13.0  12.5   MM   MM    MM
2026 08 26 15 20 320  3.0  4.0   0.2    MM   6.7  MM 1014.5  12.6  13.0  12.6   MM   MM    MM
2026 08 26 15 10 320  3.0  4.0   0.2    MM   6.7  MM 1014.5  12.7  13.0  12.4   MM   MM    MM
2026 08 26 15 00 310  3.0  3.0    MM    MM    MM  MM 1014.5  12.6  13.0  12.2   MM +0.9    MM
2026 08 26 14 50 300  3.0  4.0   0.2    MM   6.6  MM 1014.5  12.6  13.0  12.1   MM   MM    MM
2026 08 26 14 40 300  3.0  4.0    MM    MM    MM  MM 1014.5  12.6  13.0  12.2   MM   MM    MM
2026 08 26 14 30 300  4.0  4.0    MM    MM    MM  MM 1014.3  12.6  13.0  12.2   MM   MM    MM
2026 08 26 14 20 290  3.0  4.0   0.2    MM   6.5  MM 1014.3  12.6  13.0  12.3   MM   MM    MM
2026 08 26 14 10 290  3.0  4.0   0.2    MM   6.5  MM 1014.3  12.6  13.0  12.4   MM   MM    MM
2026 08 26 14 00 280  3.0  3.0    MM    MM    MM  MM 1014.3  12.6  13.0  12.4   MM +0.8    MM
2026 08 26 13 50 280  3.0  4.0   0.2    MM   5.9  MM 1014.3  12.5  13.0  12.4   MM   MM    MM
2026 08 26 13 40 280  3.0  4.0    MM    MM    MM  MM 1014.2  12.5  13.0  12.5   MM   MM    MM
2026 08 26 13 30 290  3.0  4.0    MM    MM    MM  MM 1014.2  12.2  13.0  12.2   MM   MM    MM
2026 08 26 13 20 280  3.0  5.0   0.2    MM   5.3  MM 1014.2  12.2  13.0    MM   MM   MM    MM
2026 08 26 13 10 270  3.0  4.0   0.2    MM   5.3  MM 1014.2  12.1  12.9    MM   MM   MM    MM
2026 08 26 13 00 270  2.0  3.0    MM    MM    MM  MM 1014.1  12.2  13.0    MM   MM +0.6    MM
2026 08 26 12 50 280  1.0  2.0   0.2    MM   5.2  MM 1014.0  12.4    MM    MM   MM   MM    MM
2026 08 26 12 40 310  1.0  2.0   0.2    MM   5.2  MM 1013.9  12.4  13.0    MM   MM   MM    MM
2026 08 26 12 30 310  2.0  2.0    MM    MM    MM  MM 1013.8  12.4  13.0    MM   MM   MM    MM
2026 08 26 12 20 300  2.0  2.0   0.2    MM   4.7  MM 1013.8  12.5  13.0    MM   MM   MM    MM
2026 08 26 12 10 300  2.0  3.0   0.2    MM   4.7  MM 1013.7  12.4  13.0    MM   MM   MM    MM
2026 08 26 12 00 280  3.0  3.0    MM    MM    MM  MM 1013.6  12.5  13.0    MM   MM +0.4    MM
2026 08 26 11 50 160  1.0  3.0   0.3    15   3.9  68 1013.6  12.5  13.0    MM   MM   MM    MM
2026 08 26 11 40 140  2.0  3.0    MM    MM    MM  MM 1013.5  12.5  13.0    MM   MM   MM    MM
2026 08 26 11 30 140  2.0  3.0    MM    MM    MM  MM 1013.5  12.5  13.0    MM   MM   MM    MM
2026 08 26 11 20 140  3.0  3.0   0.3    13   4.3 159 1013.5  12.5  13.1    MM   MM   MM    MM
2026 08 26 11 10 130  3.0  3.0    MM    MM    MM  MM 1013.5  12.6  13.0    MM   MM   MM    MM
2026 08 26 11 00 130  3.0  3.0    MM    MM    MM  MM 1013.6  12.6  13.0    MM   MM +0.3    MM
2026 08 26 10 50 140  3.0  4.0   0.3    16   3.8 143 1013.6  12.6  13.0    MM   MM   MM    MM
2026 08 26 10 40 140  3.0  4.0   0.3    MM   3.8 143 1013.5  12.6  13.0    MM   MM   MM    MM
2026 08 26 10 30 140  4.0  5.0    MM    MM    MM  MM 1013.4  12.6  13.0    MM   MM   MM    MM
2026 08 26 10 20 140  4.0  5.0   0.3     7   3.7 175 1013.4  12.7  13.0    MM   MM   MM    MM
2026 08 26 10 10 130  3.0  4.0   0.3    MM   3.7 175 1013.4  12.8  13.0    MM   MM   MM    MM
2026 08 26 10 00 140  4.0  5.0    MM    MM    MM  MM 1013.4  12.7  13.0    MM   MM +0.0    MM
2026 08 26 09 50 140  4.0  5.0   0.3    13   3.3 155 1013.4  12.7  13.1    MM   MM   MM    MM
2026 08 26 09 40 130  5.0  6.0   0.3    MM   3.3 155 1013.4  12.8  13.0    MM   MM   MM    MM
2026 08 26 09 30 130  5.0  6.0   0.3    MM   3.3 155 1013.3  12.8  13.1    MM   MM   MM    MM
2026 08 26 09 20 120  5.0  6.0   0.4    15   3.2 190 1013.3  12.8  13.1    MM   MM   MM    MM
2026 08 26 09 10 120  5.0  6.0    MM    MM    MM  MM 1013.3  12.8  13.1    MM   MM   MM    MM
2026 08 26 09 00 120  5.0  6.0    MM    MM    MM  MM 1013.2  12.8  13.1    MM   MM +0.0    MM
2026 08 26 08 50 120  6.0  6.0   0.4     3   3.1  98 1013.2  12.8  13.1    MM   MM   MM    MM
2026 08 26 08 40 120  6.0  8.0   0.4    MM   3.1  98 1013.1  12.8  13.1    MM   MM   MM    MM
2026 08 26 08 30 120  7.0  8.0    MM    MM    MM  MM 1013.0  12.7  13.1    MM   MM   MM    MM
2026 08 26 08 20 120  6.0  8.0   0.4     3   3.2  88 1013.1  12.7  13.1    MM   MM   MM    MM
2026 08 26 08 10 110  6.0  7.0    MM    MM    MM  MM 1013.1  12.6  13.1    MM   MM   MM    MM
2026 08 26 08 00 110  7.0  8.0    MM    MM    MM  MM 1013.1  12.6  13.1    MM   MM +0.4    MM
2026 08 26 07 50 110  7.0  8.0   0.4     3   3.1  88 1013.1  12.7  13.1    MM   MM   MM    MM
2026 08 26 07 40 110  6.0  8.0    MM    MM    MM  MM 1013.0  12.7  13.1    MM   MM   MM    MM
2026 08 26 07 30 110  6.0  8.0    MM    MM    MM  MM 1013.1  12.7  13.1    MM   MM   MM    MM
2026 08 26 07 20 100  6.0  7.0   0.4    13   3.4 158 1013.2  12.7  13.1    MM   MM   MM    MM
2026 08 26 07 10 100  6.0  7.0   0.4    MM   3.4 158 1013.2  12.8  13.1    MM   MM   MM    MM
2026 08 26 07 00 110  6.0  7.0    MM    MM    MM  MM 1013.1  12.8    MM    MM   MM -0.0    MM
2026 08 26 06 50 110  6.0  8.0   0.3    MM   3.6 191 1013.1    MM  13.1    MM   MM   MM    MM
2026 08 26 06 40 110  4.0  6.0    MM    MM    MM  MM 1013.3  12.8  13.1    MM   MM   MM    MM
2026 08 26 06 30 120  5.0  7.0    MM    MM    MM  MM 1013.3  12.9  13.1    MM   MM   MM    MM
2026 08 26 06 20 120  4.0  6.0   0.3    14   3.7 173 1013.1  13.0  13.1    MM   MM   MM    MM
2026 08 26 06 10 120  3.0  3.0   0.3    MM   3.7 173 1013.2  13.1  13.1    MM   MM   MM    MM
2026 08 26 06 00 110  2.0  3.0    MM    MM    MM  MM 1013.2  13.1  13.1    MM   MM +0.3    MM
2026 08 26 05 50 140  1.0  2.0   0.4     3   3.4  78 1013.3  13.1  13.1    MM   MM   MM    MM
2026 08 26 05 40 120  1.0  2.0   0.4    MM   3.4  78 1013.3  13.1  13.2    MM   MM   MM    MM
2026 08 26 05 30 120  2.0  2.0    MM    MM    MM  MM 1013.2  13.0  13.2    MM   MM   MM    MM
2026 08 26 05 20 140  2.0  2.0   0.4     3   3.4  90 1013.1  13.0  13.2    MM   MM   MM    MM
2026 08 26 05 10 120  2.0  3.0    MM    MM    MM  MM 1013.0  12.9  13.2    MM   MM   MM    MM
2026 08 26 05 00 140  2.0  2.0    MM    MM    MM  MM 1012.8  12.9  13.2    MM   MM -0.7    MM
2026 08 26 04 50 210  1.0  2.0   0.4     3   3.3  86 1013.0  13.0  13.1    MM   MM   MM    MM
2026 08 26 04 40 240  2.0  3.0    MM    MM    MM  MM 1013.2  13.0  13.0    MM   MM   MM    MM
2026 08 26 04 30 170  3.0  4.0    MM    MM    MM  MM 1013.2  13.2  13.0    MM   MM   MM    MM
2026 08 26 04 20 120  5.0  6.0   0.4     3   3.3  96 1013.0  13.2  13.0    MM   MM   MM    MM
2026 08 26 04 10 110  4.0  6.0   0.4    MM   3.3  96 1013.1  13.1  13.0    MM   MM   MM    MM
2026 08 26 04 00 100  4.0  5.0    MM    MM    MM  MM 1013.3  13.1    MM    MM   MM -0.7    MM
2026 08 26 03 50 100  5.0  7.0   0.5     3   3.1  87 1013.2  13.1  12.9    MM   MM   MM    MM
2026 08 26 03 40 100  7.0  8.0   0.5    MM   3.1  87 1013.0  13.1  13.0    MM   MM   MM    MM
2026 08 26 03 30 110  7.0  9.0    MM    MM    MM  MM 1013.0  13.1  13.0    MM   MM   MM    MM
2026 08 26 03 20 110  7.0  8.0   0.5    14   3.2 178 1013.2  13.1  13.0    MM   MM   MM    MM
2026 08 26 03 10 110  7.0  8.0   0.5    MM   3.2 178 1013.0  13.1  13.0    MM   MM   MM    MM
2026 08 26 03 00 100  8.0  9.0    MM    MM    MM  MM 1013.0  13.0  13.0    MM   MM -1.2    MM
2026 08 26 02 50 100  8.0  9.0   0.5     3   3.1  90 1012.9  13.0  13.0    MM   MM   MM    MM
2026 08 26 02 40 100  7.0  9.0    MM    MM    MM  MM 1013.3  13.0  13.0    MM   MM   MM    MM
2026 08 26 02 30 100  8.0  9.0    MM    MM    MM  MM 1013.0  13.0  13.0    MM   MM   MM    MM
2026 08 26 02 20 100  8.0  9.0   0.5     3   3.2  93 1013.4  13.0  13.0    MM   MM   MM    MM
2026 08 26 02 10 100  8.0  9.0   0.5    MM   3.2  93 1013.5  13.0  13.0    MM   MM   MM    MM
2026 08 26 02 00 100  8.0  9.0    MM    MM    MM  MM 1013.6  13.0  13.0    MM   MM -0.7    MM
2026 08 26 01 50 100  8.0  9.0   0.5     3   3.1  86 1013.6  13.0  13.0    MM   MM   MM    MM
2026 08 26 01 40 100  8.0  9.0    MM    MM    MM  MM 1013.6  13.0  13.1    MM   MM   MM    MM
2026 08 26 01 30 100  8.0 10.0    MM    MM    MM  MM 1013.5  13.0  13.0    MM   MM   MM    MM
2026 08 26 01 20 100  8.0  9.0   0.4     3   3.1  98 1013.6  12.9  13.1    MM   MM   MM    MM
2026 08 26 01 10 100  8.0  9.0   0.4    MM   3.1  98 1013.8  12.8  13.1    MM   MM   MM    MM
2026 08 26 01 00 100  7.0  8.0    MM    MM    MM  MM 1014.0  12.8  13.1    MM   MM -0.9    MM
2026 08 26 00 50 100  7.0  8.0   0.5     3   3.0 100 1014.1  12.8  13.0    MM   MM   MM    MM
2026 08 26 00 40 100  8.0  9.0   0.5    MM   3.0 100 1014.2  12.8  13.0    MM   MM   MM    MM
2026 08 26 00 30 100  8.0  9.0    MM    MM    MM  MM 1014.0  12.8  13.0    MM   MM   MM    MM
2026 08 26 00 20 100  7.0  9.0   0.5    14   3.1 155 1014.3  12.7  13.0    MM   MM   MM    MM
2026 08 26 00 10 100  8.0 10.0   0.5    MM   3.1 155 1014.2  12.8  13.0    MM   MM   MM    MM
2026 08 26 00 00 100  7.0  9.0    MM    MM    MM  MM 1014.2  12.8  12.8    MM   MM -0.8    MM
2026 08 25 23 50 100  8.0  9.0   0.5     3   3.1 101 1014.2  12.8  12.8    MM   MM   MM    MM
2026 08 25 23 40 100  8.0  9.0    MM    MM    MM  MM 1014.2  12.8  12.9    MM   MM   MM    MM
2026 08 25 23 20 100  8.0  9.0   0.5     3   3.0 104 1014.1  13.0  12.9  13.0   MM   MM    MM
2026 08 25 23 10 100  8.0  9.0   0.5    MM   3.0 104 1014.1  13.1  12.9  12.9   MM   MM    MM
2026 08 25 23 00 100  7.0  8.0    MM    MM    MM  MM 1014.3  13.2  12.9  13.1   MM -0.9    MM
2026 08 25 22 50 100  8.0  9.0   0.5     3   3.0 100 1014.3  13.1  12.9  13.1   MM   MM    MM
2026 08 25 22 40 100  8.0  9.0   0.5    MM   3.0 100 1014.4  13.1  12.9  13.1   MM   MM    MM
2026 08 25 22 30  90  8.0 10.0    MM    MM    MM  MM 1014.4  13.0  13.0    MM   MM   MM    MM
2026 08 25 22 20  90  7.0  8.0   0.5     3   3.0 102 1014.6  12.9  13.0    MM   MM   MM    MM
2026 08 25 22 10 100  6.0  7.0   0.5    MM   3.0 102 1014.7  13.0  13.0    MM   MM   MM    MM
2026 08 25 22 00 100  7.0  9.0    MM    MM    MM  MM 1014.9  13.0  13.0    MM   MM -0.4    MM
2026 08 25 21 50 100  8.0 10.0   0.5     3   3.0 111 1014.8  13.1  13.0  13.1   MM   MM    MM
2026 08 25 21 40 100  8.0 10.0   0.5    MM   3.0 111 1014.9  13.1  13.0  13.1   MM   MM    MM
2026 08 25 21 30 100  7.0  9.0    MM    MM    MM  MM 1015.1  13.1  13.0  13.1   MM   MM    MM
2026 08 25 21 20 100  7.0  8.0   0.4     3   3.0  94 1015.0  13.1  13.1    MM   MM   MM    MM
2026 08 25 21 10 100  7.0  9.0   0.4    MM   3.0  94 1014.9  13.1  13.1  13.1   MM   MM    MM
2026 08 25 21 00 100  7.0  8.0    MM    MM    MM  MM 1015.0  13.2  13.0  13.2   MM -0.7    MM
2026 08 25 20 50 100  7.0  8.0   0.5     3   3.1 101 1015.2  13.2  13.1  13.2   MM   MM    MM
2026 08 25 20 40 100  7.0  8.0   0.5    MM   3.1 101 1015.1  13.3  13.1  13.2   MM   MM    MM
2026 08 25 20 30 100  7.0  9.0    MM    MM    MM  MM 1015.1  13.4  13.1  13.2   MM   MM    MM
2026 08 25 20 20 100  7.0  8.0   0.5     3   3.1 102 1015.2  13.4  13.1  13.2   MM   MM    MM
2026 08 25 20 10 100  7.0  8.0    MM    MM    MM  MM 1015.2  13.4  13.1  13.2   MM   MM    MM
2026 08 25 20 00 100  7.0  8.0    MM    MM    MM  MM 1015.2  13.5  13.1  13.2   MM -0.5    MM
2026 08 25 19 50 100  8.0 10.0   0.5     3   3.1  90 1015.3  13.5    MM  13.1   MM   MM    MM
2026 08 25 19 40 100  8.0  9.0   0.5    MM   3.1  90 1015.3  13.6  13.1  13.2   MM   MM    MM
2026 08 25 19 30 100  7.0  8.0    MM    MM    MM  MM 1015.3  13.6  13.1  13.2   MM   MM    MM
2026 08 25 19 20 100  7.0  8.0   0.5     3   3.2  93 1015.4  13.6  13.1  13.2   MM   MM    MM
2026 08 25 19 10 100  8.0  9.0   0.5    MM   3.2  93 1015.4  13.6  13.1  13.2   MM   MM    MM
2026 08 25 19 00 100  8.0  9.0    MM    MM    MM  MM 1015.3  13.6  13.2  13.2   MM -0.8    MM
2026 08 25 18 50 100  8.0  9.0   0.5     3   3.2  90 1015.4  13.6  13.2  13.2   MM   MM    MM
2026 08 25 18 40 100  7.0  9.0    MM    MM    MM  MM 1015.4  13.6  13.2  13.2   MM   MM    MM
2026 08 25 18 30 100  7.0  8.0    MM    MM    MM  MM 1015.6  13.6  13.3  13.1   MM   MM    MM
2026 08 25 18 20 100  7.0  8.0   0.5     3   3.2  82 1015.5  13.6  13.3  13.1   MM   MM    MM
2026 08 25 18 10 100  7.0  8.0   0.5    MM   3.2  82 1015.7  13.6  13.4  13.2   MM   MM    MM
2026 08 25 18 00 100  7.0  8.0    MM    MM    MM  MM 1015.7  13.6  13.4  13.1   MM +0.0    MM
2026 08 25 17 50 100  7.0  8.0   0.5     3   3.2  87 1015.7  13.6  13.4  13.2   MM   MM    MM
2026 08 25 17 40 100  7.0  8.0    MM    MM    MM  MM 1015.6  13.6  13.4  13.2   MM   MM    MM
2026 08 25 17 30 100  7.0  8.0    MM    MM    MM  MM 1015.7  13.6  13.4  13.2   MM   MM    MM
2026 08 25 17 20 100  7.0  8.0   0.5     3   3.1  99 1015.7  13.6  13.5  13.2   MM   MM    MM
2026 08 25 17 10 100  7.0  8.0   0.5    MM   3.1  99 1015.8  13.7  13.6  13.3   MM   MM    MM
2026 08 25 17 00 100  7.0  8.0    MM    MM    MM  MM 1015.7  13.7  13.6  13.3   MM -0.4    MM
2026 08 25 16 50 100  7.0  8.0   0.5     3   3.1  85 1015.8  13.7  13.6  13.3   MM   MM    MM
2026 08 25 16 40 100  7.0  8.0    MM    MM    MM  MM 1015.8  13.7  13.7  13.3   MM   MM    MM
2026 08 25 16 30  90  8.0  9.0    MM    MM    MM  MM 1015.9  13.7  13.7  13.3   MM   MM    MM
2026 08 25 16 20 100  7.0  9.0   0.4     3   3.0  97 1016.0  13.7  13.7  13.2   MM   MM    MM
2026 08 25 16 10 100  7.0  8.0   0.4    MM   3.0  97 1016.0  13.7  13.6  13.2   MM   MM    MM
2026 08 25 16 00 100  7.0  8.0    MM    MM    MM  MM 1016.0  13.7  13.6  13.2   MM +0.4    MM
2026 08 25 15 50 100  7.0  8.0   0.4     3   2.9  94 1015.9  13.7  13.6  13.1   MM   MM    MM
2026 08 25 15 40 100  7.0  8.0   0.4    MM   2.9  94 1015.7  13.8  13.6  13.2   MM   MM    MM
2026 08 25 15 30 100  8.0  9.0    MM    MM    MM  MM 1015.7  13.8  13.7  13.0   MM   MM    MM
2026 08 25 15 20 110  7.0  9.0   0.4     3   2.9 100 1015.7  13.8  13.6  13.0   MM   MM    MM
2026 08 25 15 10 110  8.0  9.0   0.4    MM   2.9 100 1015.7  13.9  13.6  13.0   MM   MM    MM
2026 08 25 15 00 110  8.0  9.0    MM    MM    MM  MM 1015.8  13.9  13.6  13.0   MM +0.0    MM
2026 08 25 14 50 110  8.0  9.0   0.5     3   3.0  97 1015.9  13.9  13.6  13.0   MM   MM    MM
2026 08 25 14 40 110  8.0  9.0   0.5    MM   3.0  97 1016.0  13.9  13.7  13.0   MM   MM    MM
2026 08 25 14 30 100  8.0  9.0    MM    MM    MM  MM 1016.0  13.9  13.8  13.0   MM   MM    MM
2026 08 25 14 20 100  8.0  9.0   0.5     3   3.0  86 1016.0  13.9  13.8  13.1   MM   MM    MM
2026 08 25 14 10 100  7.0  9.0   0.5    MM   3.0  86 1016.0  14.0  13.8  13.2   MM   MM    MM
2026 08 25 14 00 100  7.0  9.0    MM    MM    MM  MM 1016.1  14.0  13.9  13.2   MM +0.7    MM
2026 08 25 13 50 100  7.0  9.0   0.5     3   3.0  95 1016.1  14.2  13.8  13.1   MM   MM    MM
2026 08 25 13 40 100  7.0  9.0   0.5    MM   3.0  95 1016.0  14.1  13.8  13.1   MM   MM    MM
2026 08 25 13 30 100  7.0  9.0    MM    MM    MM  MM 1015.9  14.0  13.7  13.3   MM   MM    MM
2026 08 25 13 20 100  7.0  8.0   0.5     3   3.0  93 1015.8  14.0  13.7  13.4   MM   MM    MM
2026 08 25 13 10 100  7.0  9.0   0.5    MM   3.0  93 1015.8  14.0  13.6  13.4   MM   MM    MM
2026 08 25 13 00 100  7.0  9.0    MM    MM    MM  MM 1015.7  14.0  13.6  13.4   MM +0.7    MM
2026 08 25 12 50 100  8.0  9.0   0.5     3   2.9  99 1015.6  14.0  13.7  13.6   MM   MM    MM
2026 08 25 12 40  90  7.0  9.0   0.5    MM   2.9  99 1015.6  13.9  13.8  13.6   MM   MM    MM
2026 08 25 12 30  90  7.0  9.0    MM    MM    MM  MM 1015.5  13.8  13.7  13.7   MM   MM    MM
2026 08 25 12 20  90  7.0  8.0   0.5     3   3.0  97 1015.5  13.8  13.8  13.8   MM   MM    MM
2026 08 25 12 10  90  7.0  8.0   0.5    MM   3.0  97 1015.6  13.9  13.7  13.9   MM   MM    MM
2026 08 25 12 00  90  7.0  8.0    MM    MM    MM  MM 1015.6  13.9  13.7  13.8   MM -0.0    MM
2026 08 25 11 50  90  8.0  9.0   0.6     3   3.0 102 1015.6  13.9  13.7  13.7   MM   MM    MM
2026 08 25 11 40  90  8.0 10.0    MM    MM    MM  MM 1015.4  13.9  13.7  13.7   MM   MM    MM
2026 08 25 11 30 100  9.0 10.0    MM    MM    MM  MM 1015.4  13.9  13.6  13.7   MM   MM    MM
2026 08 25 11 20 100  9.0 10.0   0.5     3   2.9  93 1015.4  13.9  13.7  13.7   MM   MM    MM
2026 08 25 11 10 100  8.0 10.0   0.5    MM   2.9  93 1015.4  13.9  13.8  13.8   MM   MM    MM
2026 08 25 11 00 100  8.0 10.0    MM    MM    MM  MM 1015.4  13.9  13.7  13.7   MM -0.0    MM
2026 08 25 10 50 100  8.0 10.0   0.6     3   3.0 109 1015.2  14.0  13.7  13.5   MM   MM    MM
2026 08 25 10 40  90  8.0 10.0   0.6    MM   3.0 109 1015.2  13.9  13.7  13.5   MM   MM    MM
2026 08 25 10 30  90  8.0 10.0    MM    MM    MM  MM 1015.2  13.9  13.7  13.6   MM   MM    MM
2026 08 25 10 20  90  8.0  9.0   0.5     3   2.9  95 1015.2  13.9  13.6  13.6   MM   MM    MM
2026 08 25 10 10  90  9.0 11.0   0.5    MM   2.9  95 1015.1  14.0  13.6  13.6   MM   MM    MM
2026 08 25 10 00  90  9.0 11.0    MM    MM    MM  MM 1014.9  14.0  13.6  13.4   MM +0.0    MM
2026 08 25 09 50 100  8.0 10.0   0.3     3   3.3  90 1014.9  14.0  13.6  13.3   MM   MM    MM
2026 08 25 09 40 100  6.0  8.0   0.3    MM   3.3  90 1015.1  14.0  13.6  13.1   MM   MM    MM
2026 08 25 09 30  90  4.0  6.0    MM    MM    MM  MM 1015.3  13.7  13.6  13.3   MM   MM    MM
2026 08 25 09 20  90  3.0  4.0   0.3     3   3.4  94 1015.3  13.8  13.7  13.8   MM   MM    MM
2026 08 25 09 10 130  2.0  3.0    MM    MM    MM  MM 1015.3  13.7  13.7  13.6   MM   MM    MM
2026 08 25 09 00 160  2.0  3.0   0.3    MM   3.4  94 1015.3  13.7  13.7  13.6   MM +0.4    MM
2026 08 25 08 50 180  2.0  3.0   0.3    16   3.5 177 1015.4  13.7  13.7  13.7   MM   MM    MM
2026 08 25 08 40 260  2.0  3.0   0.3    MM   3.5 177 1015.4  13.7  13.7  13.7   MM   MM    MM
2026 08 25 08 30 290  3.0  3.0    MM    MM    MM  MM 1015.4  13.8  13.7  13.7   MM   MM    MM
2026 08 25 08 20 300  2.0  4.0   0.2    MM   5.2  MM 1015.4  13.9  13.7  13.5   MM   MM    MM
2026 08 25 08 10  10  2.0  2.0    MM    MM    MM  MM 1015.4  13.9  13.7  13.5   MM   MM    MM
2026 08 25 08 00 350  1.0  2.0    MM    MM    MM  MM 1015.5  13.8  13.7  13.5   MM +0.8    MM
2026 08 25 07 50  MM  0.0  1.0   0.2    MM   5.8  MM 1015.5  13.9  13.7  13.5   MM   MM    MM
2026 08 25 07 40  MM   MM   MM   0.2    MM    MM  MM     MM    MM    MM    MM   MM   MM    MM
2026 08 25 07 30 210  1.0  1.0    MM    MM    MM  MM 1015.4  13.9  13.7  13.4   MM   MM    MM
2026 08 25 07 20 210  2.0  2.0   0.2    MM   5.7  MM 1015.3  13.9  13.6  13.5   MM   MM    MM
2026 08 25 07 10  MM   MM   MM   0.2    MM   5.7  MM     MM    MM    MM    MM   MM   MM    MM
2026 08 25 07 00 220  2.0  2.0    MM    MM    MM  MM 1015.2  13.7    MM  13.5   MM +0.5    MM
2026 08 25 06 50 210  2.0  3.0   0.2    MM   5.7  MM 1015.1  13.7  13.8  13.7   MM   MM    MM
2026 08 25 06 40  MM   MM   MM   0.2    MM   5.7  MM     MM    MM    MM    MM   MM   MM    MM
2026 08 25 06 30 200  2.0  3.0    MM    MM    MM  MM 1015.0  13.8  13.9  13.8   MM   MM    MM
2026 08 25 06 20 200  2.0  3.0   0.2    MM   5.8  MM 1014.9  13.8  14.0  13.8   MM   MM    MM
2026 08 25 06 10 190  3.0  3.0    MM    MM    MM  MM 1014.9  13.8  14.1  13.8   MM   MM    MM
2026 08 25 06 00 190  3.0  4.0    MM    MM    MM  MM 1014.8  13.8  14.2  13.8   MM +0.3    MM
2026 08 25 05 50 190  3.0  4.0   0.2    MM   6.0  MM 1014.9  13.9  14.2  13.9   MM   MM    MM
2026 08 25 05 40 180  3.0  4.0    MM    MM    MM  MM 1014.9  13.9  14.1  13.9   MM   MM    MM
2026 08 25 05 30 190  3.0  4.0    MM    MM    MM  MM 1014.9  13.9  14.1  13.8   MM   MM    MM
2026 08 25 05 20 180  3.0  4.0   0.2    MM   6.5  MM 1014.9  14.0  14.0  13.8   MM   MM    MM
2026 08 25 05 10 190  3.0  3.0    MM    MM    MM  MM 1014.7  13.9  14.1  13.5   MM   MM    MM
2026 08 25 05 00 200  3.0  4.0    MM    MM    MM  MM 1014.7  13.9  14.2  13.6   MM +0.0    MM
2026 08 25 04 50 190  3.0  3.0   0.2    MM   5.5  MM 1014.6  14.0  14.1  13.7   MM   MM    MM
2026 08 25 04 40 180  3.0  4.0    MM    MM    MM  MM 1014.5  14.0  14.1  13.5   MM   MM    MM
2026 08 25 04 30 180  3.0  4.0    MM    MM    MM  MM 1014.4  14.1  13.9  13.5   MM   MM    MM
2026 08 25 04 20 190  4.0  4.0   0.2    MM   6.8  MM 1014.5  14.1  13.6  13.3   MM   MM    MM
2026 08 25 04 10 190  3.0  4.0   0.2    MM   6.8  MM 1014.5  14.0  13.6  13.3   MM   MM    MM
2026 08 25 04 00 190  3.0  4.0    MM    MM    MM  MM 1014.6  14.2  13.6  13.4   MM +0.0    MM
2026 08 25 03 50 190  3.0  4.0   0.2    MM   6.9  MM 1014.6  14.2  13.7  13.0   MM   MM    MM
2026 08 25 03 40 180  2.0  3.0    MM    MM    MM  MM 1014.6  14.2  13.8  13.2   MM   MM    MM
2026 08 25 03 30 180  2.0  3.0    MM    MM    MM  MM 1014.6  14.3  13.8  13.3   MM   MM    MM
2026 08 25 03 20 190  2.0  3.0   0.2    MM   6.9  MM 1014.6  14.3  13.7  13.3   MM   MM    MM
2026 08 25 03 10 180  2.0  3.0    MM    MM    MM  MM 1014.6  14.1  13.8  13.4   MM   MM    MM
2026 08 25 03 00 180  2.0  2.0    MM    MM    MM  MM 1014.6  14.3  13.7  13.8   MM +0.0    MM
2026 08 25 02 50 160  2.0  2.0   0.2    MM   7.1  MM 1014.7  14.5  13.6  13.8   MM   MM    MM
2026 08 25 02 40 140  2.0  2.0    MM    MM    MM  MM 1014.6  14.5  13.8  13.6   MM   MM    MM
2026 08 25 02 30 150  2.0  2.0    MM    MM    MM  MM 1014.6  14.6  14.0  13.6   MM   MM    MM
2026 08 25 02 20 150  2.0  2.0   0.2    MM   7.0  MM 1014.7  14.9  14.0  13.7   MM   MM    MM
2026 08 25 02 10 120  2.0  2.0   0.2    MM   7.0  MM 1014.6  15.1  13.8  13.4   MM   MM    MM
2026 08 25 02 00 100  1.0  2.0    MM    MM    MM  MM 1014.7  15.1  13.7  13.2   MM +0.0    MM
2026 08 25 01 50 100  1.0  1.0   0.2    MM   6.7  MM 1014.7  15.1  13.7  13.0   MM   MM    MM
2026 08 25 01 40 100  1.0  2.0   0.2    MM   6.7  MM 1014.6  15.0  13.7  12.7   MM   MM    MM
2026 08 25 01 30 100  2.0  3.0    MM    MM    MM  MM 1014.5  15.0  13.8  12.4   MM   MM    MM
2026 08 25 01 20 100  2.0  2.0   0.1    MM   6.0  MM 1014.4  15.1  13.8  12.1   MM   MM    MM
2026 08 25 01 10 100  2.0  3.0   0.1    MM   6.0  MM 1014.4  15.2  13.4  12.2   MM   MM    MM
2026 08 25 01 00 100  2.0  2.0    MM    MM    MM  MM 1014.5  15.3  13.5  12.0   MM +0.0    MM
2026 08 25 00 50 100  1.0  2.0   0.1    MM   5.7  MM 1014.7  15.2  13.6  11.8   MM   MM    MM
2026 08 25 00 40 110  1.0  2.0    MM    MM    MM  MM 1014.7  15.1  13.6  11.8   MM   MM    MM
2026 08 25 00 30 110  2.0  2.0    MM    MM    MM  MM 1014.7  15.0  13.5  11.6   MM   MM    MM
2026 08 25 00 20 120  2.0  2.0   0.2    MM   6.4  MM 1014.7  14.9  13.3  11.5   MM   MM    MM
2026 08 25 00 10 120  2.0  2.0   0.2    MM   6.4  MM 1014.6  14.8  13.3  11.3   MM   MM    MM
2026 08 25 00 00 120  2.0  2.0    MM    MM    MM  MM 1014.6  14.7  13.2  11.0   MM +0.0    MM
2026 08 24 23 50 120  1.0  2.0   0.1    MM   5.6  MM 1014.5  14.7  13.2  11.2   MM   MM    MM
2026 08 24 23 40 130  1.0  1.0   0.1    MM   5.6  MM 1014.5  14.5  13.3  11.0   MM   MM    MM
2026 08 24 23 30 140  1.0  1.0    MM    MM    MM  MM 1014.6  14.5  13.3  11.2   MM   MM    MM
2026 08 24 23 20 160  1.0  1.0   0.2    MM   5.7  MM 1014.7  14.1  13.4  11.5   MM   MM    MM
2026 08 24 23 10 160  1.0  2.0    MM    MM    MM  MM 1014.7  14.0  13.4  12.0   MM   MM    MM
2026 08 24 23 00 160  1.0  2.0    MM    MM    MM  MM 1014.6  13.8  13.4  12.2   MM +0.0    MM
2026 08 24 22 50 190  1.0  2.0   0.1    MM   5.3  MM 1014.7  13.6  13.5  12.1   MM   MM    MM
2026 08 24 22 40 200  1.0  1.0    MM    MM    MM  MM 1014.6  13.7  13.5  12.1   MM   MM    MM
2026 08 24 22 30 180  1.0  1.0    MM    MM    MM  MM 1014.5  13.7  13.6  12.3   MM   MM    MM
2026 08 24 22 20 180  1.0  1.0   0.2    MM   5.5  MM 1014.4  13.5  13.7  12.3   MM   MM    MM
2026 08 24 22 10 200  1.0  1.0   0.2    MM   5.5  MM 1014.4  13.6  13.6  12.3   MM   MM    MM
2026 08 24 22 00 190  1.0  2.0    MM    MM    MM  MM 1014.4  13.6  13.7  12.1   MM +0.0    MM
2026 08 24 21 50 210  1.0  1.0   0.2    MM   5.1  MM 1014.5  13.6  13.3  12.1   MM   MM    MM
2026 08 24 21 40 220  1.0  2.0   0.2    MM   5.1  MM 1014.4  13.6  13.5  12.1   MM   MM    MM
2026 08 24 21 30 230  1.0  2.0    MM    MM    MM  MM 1014.5  13.5  13.6  12.1   MM   MM    MM
2026 08 24 21 20 260  2.0  3.0   0.2    MM   5.1  MM 1014.6  13.4  13.5  11.9   MM   MM    MM
2026 08 24 21 10 240  1.0  2.0    MM    MM    MM  MM 1014.7  13.4  13.4  12.1   MM   MM    MM
2026 08 24 21 00 230  1.0  1.0    MM    MM    MM  MM 1014.5  13.3  13.4  12.1   MM +0.0    MM
2026 08 24 20 50 270  1.0  1.0   0.2    MM   5.4  MM 1014.5  13.2  13.4  12.0   MM   MM    MM
2026 08 24 20 40 270  1.0  2.0   0.2    MM   5.4  MM 1014.5  13.2  13.4  12.1   MM   MM    MM
2026 08 24 20 30 260  2.0  2.0    MM    MM    MM  MM 1014.5  13.0  13.3  11.9   MM   MM    MM
2026 08 24 20 20 260  2.0  2.0   0.2    MM   5.2  MM 1014.5  13.0  13.2  12.3   MM   MM    MM
2026 08 24 20 10 250  1.0  2.0    MM    MM    MM  MM 1014.5  13.0  13.2  12.4   MM   MM    MM
2026 08 24 20 00 240  1.0  1.0   0.2    MM   5.2  MM 1014.5  13.1    MM  12.4   MM -0.3    MM
2026 08 24 19 50  MM  0.0  1.0   0.2    MM   6.2  MM 1014.4  13.4  13.1  12.3   MM   MM    MM
2026 08 24 19 40  MM   MM   MM   0.2    MM   6.2  MM     MM    MM    MM    MM   MM   MM    MM
2026 08 24 19 30  MM  0.0  0.0    MM    MM    MM  MM 1014.4  13.9  13.2  12.5   MM   MM    MM
2026 08 24 19 20  MM  0.0  0.0   0.2    MM   4.5  MM 1014.4  13.8  13.1  12.7   MM   MM    MM
2026 08 24 19 10  MM  0.0  0.0    MM    MM    MM  MM 1014.4  13.2  13.3  12.5   MM   MM    MM
2026 08 24 19 00  MM  0.0  0.0    MM    MM    MM  MM 1014.5  13.0    MM  12.2   MM -0.4    MM
2026 08 24 18 50  MM  0.0  0.0   0.2    MM   5.4  MM 1014.6  13.3  13.1  12.1   MM   MM    MM
2026 08 24 18 40  MM  0.0  0.0    MM    MM    MM  MM 1014.6  14.2  13.3  12.4   MM   MM    MM
2026 08 24 18 30  MM  0.0  1.0    MM    MM    MM  MM 1014.5  14.4  13.4  12.3   MM   MM    MM
2026 08 24 18 20  MM  0.0  0.0   0.2    MM   5.3  MM 1014.7  14.4  13.4  12.4   MM   MM    MM
2026 08 24 18 10  MM  0.0  0.0   0.2    MM   5.3  MM 1014.7  14.0  13.3  12.2   MM   MM    MM
2026 08 24 18 00  MM  0.0  1.0    MM    MM    MM  MM 1014.7  13.8    MM  11.7   MM -0.4    MM
2026 08 24 17 50  80  1.0  1.0   0.2    MM   5.4  MM 1014.7  14.1  13.4  11.3   MM   MM    MM
2026 08 24 17 40  MM  0.0  0.0    MM    MM    MM  MM 1014.8  14.6  13.4  11.4   MM   MM    MM
2026 08 24 17 30  MM  0.0  0.0    MM    MM    MM  MM 1014.8  14.7  13.5  11.4   MM   MM    MM
2026 08 24 17 20  MM  0.0  0.0   0.2    MM   5.1  MM 1014.8  14.6  13.5  11.4   MM   MM    MM
2026 08 24 17 10  MM  0.0  0.0   0.2    MM   5.1  MM 1014.8  14.4  13.5  11.3   MM   MM    MM
2026 08 24 17 00  MM  0.0  0.0    MM    MM    MM  MM 1014.8  13.9  13.6  11.5   MM -0.3    MM
2026 08 24 16 50  MM  0.0  1.0   0.2    MM   5.6  MM 1014.7  13.3  13.6  11.4   MM   MM    MM
2026 08 24 16 40  MM  0.0  1.0    MM    MM    MM  MM 1014.9  13.0  13.6  11.4   MM   MM    MM
2026 08 24 16 30  MM  0.0  1.0    MM    MM    MM  MM 1014.9  13.1  13.6  11.7   MM   MM    MM
2026 08 24 16 20  MM  0.0  1.0   0.2    MM   4.3  MM 1014.9  12.9  13.6  12.0   MM   MM    MM
2026 08 24 16 10  MM  0.0  1.0   0.2    MM   4.3  MM 1014.9  12.7  13.6  12.0   MM   MM    MM
2026 08 24 16 00 350  1.0  1.0    MM    MM    MM  MM 1015.0  12.8  13.6  12.2   MM +0.0    MM
2026 08 24 15 50  MM  0.0  1.0   0.2    MM   4.3  MM 1015.1  12.8  13.6  12.0   MM   MM    MM
2026 08 24 15 40  MM  0.0  1.0   0.2    MM   4.3  MM 1015.2  12.7  13.6  11.9   MM   MM    MM
2026 08 24 15 30 320  1.0  1.0    MM    MM    MM  MM 1015.2  12.7  13.6  12.1   MM   MM    MM
2026 08 24 15 20 290  1.0  1.0   0.2    MM   4.2  MM 1015.1  12.5  13.6  12.0   MM   MM    MM
2026 08 24 15 10 300  1.0  1.0   0.2    MM   4.2  MM 1015.1  12.6  13.6  12.3   MM   MM    MM
2026 08 24 15 00 290  1.0  2.0    MM    MM    MM  MM 1015.1  12.6  13.6  12.3   MM +0.0    MM
2026 08 24 14 50 290  1.0  2.0   0.2    MM   4.2  MM 1015.2  12.5  13.6  12.2   MM   MM    MM
2026 08 24 14 40 290  1.0  2.0   0.2    MM   4.2  MM 1015.1  12.5  13.6  12.2   MM   MM    MM
2026 08 24 14 30 290  1.0  2.0    MM    MM    MM  MM 1015.2  12.5  13.6  12.1   MM   MM    MM
2026 08 24 14 20 300  1.0  2.0   0.2    MM   4.0  MM 1015.1  12.4  13.6  11.9   MM   MM    MM
2026 08 24 14 10 310  2.0  3.0   0.2    MM   4.0  MM 1015.1  12.5  13.6  12.1   MM   MM    MM
2026 08 24 14 00 310  3.0  3.0    MM    MM    MM  MM 1015.2  12.9  13.6  12.2   MM +0.0    MM
2026 08 24 13 50 300  3.0  3.0   0.2    MM   3.6  MM 1015.2  12.7  13.6  11.4   MM   MM    MM
2026 08 24 13 40 290  2.0  3.0    MM    MM    MM  MM 1015.2  12.5  13.6  12.1   MM   MM    MM
2026 08 24 13 30 270  2.0  3.0    MM    MM    MM  MM 1015.2  12.7  13.6    MM   MM   MM    MM
2026 08 24 13 20 260  1.0  2.0   0.3     3   3.3 218 1015.2  12.7  13.6    MM   MM   MM    MM
2026 08 24 13 10 260  1.0  2.0   0.3    MM   3.3 218 1015.1  12.6  13.6    MM   MM   MM    MM
2026 08 24 13 00 300  1.0  2.0    MM    MM    MM  MM 1015.0  12.5  13.6    MM   MM +0.0    MM
2026 08 24 12 50 320  2.0  2.0   0.3    14   3.4 153 1014.9  12.4  13.6    MM   MM   MM    MM
2026 08 24 12 40 320  2.0  3.0    MM    MM    MM  MM 1015.0  12.7  13.6    MM   MM   MM    MM
2026 08 24 12 30 310  3.0  3.0    MM    MM    MM  MM 1015.1  12.9  13.6    MM   MM   MM    MM
2026 08 24 12 20 300  3.0  3.0   0.3     3   3.2 222 1015.0  13.0  13.6    MM   MM   MM    MM
2026 08 24 12 10 290  3.0  3.0    MM    MM    MM  MM 1015.1  13.0  13.6    MM   MM   MM    MM
2026 08 24 12 00 290  3.0  4.0    MM    MM    MM  MM 1015.0  13.0  13.7    MM   MM +0.0    MM
2026 08 24 11 50 270  4.0  4.0   0.3     3   3.3 222 1014.9  13.1  13.7    MM   MM   MM    MM
2026 08 24 11 40 260  4.0  5.0    MM    MM    MM  MM 1015.0  13.1  13.7    MM   MM   MM    MM
2026 08 24 11 30 260  4.0  5.0    MM    MM    MM  MM 1015.0  13.1  13.7    MM   MM   MM    MM
2026 08 24 11 20 260  4.0  4.0   0.3     3   3.3 224 1014.8  13.1  13.7  13.1   MM   MM    MM
2026 08 24 11 10 260  4.0  5.0   0.3    MM   3.3 224 1014.9  13.1  13.7  13.1   MM   MM    MM
2026 08 24 11 00 250  4.0  4.0    MM    MM    MM  MM 1014.9  13.2  13.8  13.2   MM +0.0    MM
2026 08 24 10 50 260  4.0  4.0   0.4     3   3.4 221 1014.9  13.2  13.8  13.1   MM   MM    MM
2026 08 24 10 40 260  4.0  5.0    MM    MM    MM  MM 1015.0  13.2  13.8  13.1   MM   MM    MM
2026 08 24 10 30 260  4.0  4.0    MM    MM    MM  MM 1014.9  13.2  13.8  13.1   MM   MM    MM
2026 08 24 10 20 260  4.0  4.0   0.4     3   3.3 225 1015.0  13.2  13.8  13.1   MM   MM    MM
2026 08 24 10 10 260  4.0  4.0   0.4    MM   3.3 225 1015.0  13.2    MM  13.0   MM   MM    MM
2026 08 24 10 00 260  4.0  5.0    MM    MM    MM  MM 1015.2  13.3  13.8  13.1   MM +0.0    MM
2026 08 24 09 50 270  4.0  5.0   0.4     3   3.3 220 1015.2  13.3  13.8  12.9   MM   MM    MM
2026 08 24 09 40 270  4.0  5.0   0.4    MM   3.3 220 1015.1  13.4  13.8  12.9   MM   MM    MM
2026 08 24 09 30 260  5.0  6.0    MM    MM    MM  MM 1015.0  13.4  13.8  12.7   MM   MM    MM
2026 08 24 09 20 250  5.0  5.0   0.4     3   3.2 219 1014.9  13.5  13.8  12.7   MM   MM    MM
2026 08 24 09 10 250  5.0  6.0   0.4    MM   3.2 219 1015.0  13.5  13.8  12.7   MM   MM    MM
2026 08 24 09 00 250  5.0  6.0    MM    MM    MM  MM 1015.0  13.5  13.8  12.6   MM +0.0    MM
2026 08 24 08 50 250  6.0  7.0   0.5     3   3.3 221 1014.9  13.5  13.8  12.5   MM   MM    MM
2026 08 24 08 40 250  5.0  6.0    MM    MM    MM  MM 1014.9  13.5  13.9  12.5   MM   MM    MM
2026 08 24 08 30 250  5.0  6.0    MM    MM    MM  MM 1014.9  13.6  13.9  12.5   MM   MM    MM
2026 08 24 08 20 250  6.0  7.0   0.5     3   3.3 221 1014.9  13.6  13.9  12.5   MM   MM    MM
2026 08 24 08 10 250  6.0  7.0    MM    MM    MM  MM 1014.8  13.6  13.8  12.4   MM   MM    MM
2026 08 24 08 00 240  6.0  7.0    MM    MM    MM  MM 1014.9  13.7  13.8  12.2   MM +0.0    MM
2026 08 24 07 50 240  6.0  7.0   0.5    MM   3.2 219 1014.9  13.8  13.8  12.2   MM   MM    MM
2026 08 24 07 40  MM   MM   MM   0.5     3   3.2 219     MM    MM    MM    MM   MM   MM    MM
2026 08 24 07 30 240  6.0  7.0    MM    MM    MM  MM 1014.9  13.8  13.9  12.3   MM   MM    MM
2026 08 24 07 20 240  6.0  7.0   0.4     3   3.3 221 1014.9  13.8  13.9  12.3   MM   MM    MM
2026 08 24 07 10 240  6.0  7.0   0.4    MM   3.3 221 1014.9  13.8  13.9  12.2   MM   MM    MM
2026 08 24 07 00 240  6.0  7.0    MM    MM    MM  MM 1014.9  13.9  13.9  12.3   MM +0.0    MM
2026 08 24 06 50 240  6.0  7.0   0.4     3   3.2 221 1014.9  13.9  13.8  12.4   MM   MM    MM
2026 08 24 06 40 240  6.0  7.0    MM    MM    MM  MM 1014.9  13.9  13.8  12.4   MM   MM    MM
2026 08 24 06 30 230  5.0  6.0    MM    MM    MM  MM 1015.0  13.9  13.9  12.6   MM   MM    MM
2026 08 24 06 20 230  5.0  6.0   0.4    13   3.5 195 1014.9  13.9  13.9  12.6   MM   MM    MM
2026 08 24 06 10 230  5.0  6.0    MM    MM    MM  MM 1014.9  14.1  13.9  12.7   MM   MM    MM
2026 08 24 06 00 230  4.0  5.0    MM    MM    MM  MM 1014.9  14.0  13.9  12.9   MM +0.0    MM
2026 08 24 05 50 230  4.0  5.0   0.3     7   4.0 182 1014.8  13.9  13.9  13.1   MM   MM    MM
2026 08 24 05 40 230  4.0  5.0   0.3    MM   4.0 182 1014.8  13.9  14.0  13.1   MM   MM    MM
2026 08 24 05 30 230  4.0  5.0    MM    MM    MM  MM 1014.9  14.0  14.0  13.2   MM   MM    MM
2026 08 24 05 20 230  4.0  5.0   0.3    13   5.5 178 1014.9  14.0  14.0  13.2   MM   MM    MM
2026 08 24 05 10 230  4.0  5.0   0.3    MM   5.5 178 1014.9  14.0  14.1  13.1   MM   MM    MM
2026 08 24 05 00 230  4.0  5.0    MM    MM    MM  MM 1014.9  14.0  14.1  13.0   MM +0.0    MM
2026 08 24 04 50 230  4.0  5.0   0.2    MM   5.5  MM 1014.9  14.1  14.1  13.1   MM   MM    MM
2026 08 24 04 40 220  4.0  4.0   0.2    MM   5.5  MM 1014.8  14.1  14.1  13.3   MM   MM    MM
2026 08 24 04 30 220  4.0  5.0    MM    MM    MM  MM 1014.7  14.2  14.1  13.1   MM   MM    MM
2026 08 24 04 20 220  3.0  4.0   0.3     7   5.2 177 1014.7  14.2  14.1  13.1   MM   MM    MM
2026 08 24 04 10 220  3.0  4.0    MM    MM    MM  MM 1014.8  14.3  14.1  13.0   MM   MM    MM
2026 08 24 04 00 220  4.0  4.0    MM    MM    MM  MM 1014.9  14.3  14.2  12.7   MM +0.0    MM
2026 08 24 03 50 210  4.0  5.0   0.3     7   5.7 188 1014.8  14.4  14.2  12.6   MM   MM    MM
2026 08 24 03 40 220  4.0  5.0    MM    MM    MM  MM 1014.8  14.4  14.2  12.5   MM   MM    MM
2026 08 24 03 30 220  4.0  5.0    MM    MM    MM  MM 1014.8  14.4  14.2  12.7   MM   MM    MM
2026 08 24 03 20 220  4.0  5.0   0.3    13   5.9 194 1014.7  14.5  14.2  12.4   MM   MM    MM
2026 08 24 03 10 230  4.0  4.0   0.3    MM   5.9 194 1014.8  14.5  14.2  12.3   MM   MM    MM
2026 08 24 03 00 230  3.0  4.0    MM    MM    MM  MM 1014.8  14.4  14.3  12.3   MM +0.0    MM
2026 08 24 02 50 230  3.0  4.0   0.3     9   6.1 198 1014.7  14.3  14.3  12.5   MM   MM    MM
2026 08 24 02 40 220  3.0  3.0    MM    MM    MM  MM 1014.8  14.3  14.2  12.6   MM   MM    MM
2026 08 24 02 30 210  3.0  3.0    MM    MM    MM  MM 1014.7  14.3  14.2  12.7   MM   MM    MM
2026 08 24 02 20 210  2.0  3.0   0.2    MM   5.4  MM 1014.7  14.3  14.2  12.7   MM   MM    MM
2026 08 24 02 10 200  2.0  3.0   0.2    MM   5.4  MM 1014.8  14.2  14.2  12.6   MM   MM    MM
2026 08 24 02 00 210  2.0  3.0    MM    MM    MM  MM 1014.8  14.2  14.2  12.6   MM +0.0    MM
2026 08 24 01 50 210  2.0  3.0   0.2    MM   5.2  MM 1014.8  14.2  14.2  12.7   MM   MM    MM
2026 08 24 01 40 210  2.0  3.0   0.2    MM   5.2  MM 1014.9  14.1  14.2  12.4   MM   MM    MM
2026 08 24 01 30 200  2.0  3.0    MM    MM    MM  MM 1014.8  14.0  14.2  12.4   MM   MM    MM
2026 08 24 01 20 200  2.0  3.0   0.2    MM   5.2  MM 1014.8  14.0  14.3  12.5   MM   MM    MM
2026 08 24 01 10 210  3.0  3.0   0.2    MM   5.2  MM 1014.9  13.9  14.2  12.4   MM   MM    MM
2026 08 24 01 00 220  3.0  3.0    MM    MM    MM  MM 1014.8  13.8  14.1  12.4   MM +0.3    MM
2026 08 24 00 50 220  3.0  3.0   0.2    MM   5.4  MM 1014.8  13.8  14.1  12.5   MM   MM    MM
2026 08 24 00 40 220  3.0  3.0   0.2    MM   5.4  MM 1014.9  13.8  14.1  12.6   MM   MM    MM
2026 08 24 00 30 230  3.0  3.0    MM    MM    MM  MM 1014.8  13.7  13.8  12.5   MM   MM    MM
2026 08 24 00 20 230  3.0  4.0   0.2    MM   4.8  MM 1014.8  13.6  13.9  12.3   MM   MM    MM
2026 08 24 00 10 220  3.0  4.0   0.2    MM   4.8  MM 1014.7  13.6  13.9  12.4   MM   MM    MM
2026 08 24 00 00 230  3.0  4.0    MM    MM    MM  MM 1014.7  13.5  13.9  12.3   MM +0.6    MM
2026 08 23 23 50 220  4.0  4.0   0.2    MM   3.9  MM 1014.7  13.5  13.9  12.2   MM   MM    MM
2026 08 23 23 40 220  4.0  4.0   0.2    MM   3.9  MM 1014.6  13.4  13.9  12.1   MM   MM    MM
2026 08 23 23 10 220  3.0  4.0   0.2    MM   3.8  MM 1014.7  13.3  13.6  12.0   MM   MM    MM
2026 08 23 23 00 230  4.0  4.0    MM    MM    MM  MM 1014.7  13.2  14.0  12.0   MM +1.1    MM
2026 08 23 22 50 220  3.0  4.0   0.2    MM   3.7  MM 1014.6  13.2  13.9  12.2   MM   MM    MM
2026 08 23 22 40 220  3.0  3.0    MM    MM    MM  MM 1014.7  13.1  13.8  12.1   MM   MM    MM
2026 08 23 22 30 230  2.0  3.0    MM    MM    MM  MM 1014.6  13.1  13.6  12.0   MM   MM    MM
2026 08 23 22 20 240  2.0  2.0   0.3    15   3.7 160 1014.5  12.9  13.4  11.7   MM   MM    MM
2026 08 23 22 10 260  2.0  2.0   0.3    MM   3.7 160 1014.5  12.8  13.4  11.6   MM   MM    MM
2026 08 23 22 00 270  2.0  2.0    MM    MM    MM  MM 1014.5  12.7  13.3  11.5   MM +1.3    MM
2026 08 23 21 50 270  2.0  3.0   0.3     8   3.9 183 1014.5  12.6  13.3  11.3   MM   MM    MM
2026 08 23 21 40 280  2.0  3.0    MM    MM    MM  MM 1014.4  12.5  13.3  11.3   MM   MM    MM
2026 08 23 21 30 270  2.0  3.0    MM    MM    MM  MM 1014.3  12.4  13.3  11.4   MM   MM    MM
2026 08 23 21 20 250  2.0  2.0   0.3    14   3.6 208 1014.2  12.4  13.3  11.4   MM   MM    MM
2026 08 23 21 10 250  2.0  3.0   0.3    MM   3.6 208 1014.2    MM  13.3    MM   MM   MM    MM
2026 08 23 21 00 240  2.0  2.0    MM    MM    MM  MM 1014.1  12.3  13.3  11.4   MM +0.9    MM
2026 08 23 20 50 240  2.0  2.0   0.2    MM   3.8  MM 1013.9  12.2  13.3  11.4   MM   MM    MM
2026 08 23 20 40 220  2.0  3.0   0.2    MM   3.8  MM 1013.8  12.2  13.3  11.5   MM   MM    MM
2026 08 23 20 30 230  2.0  3.0    MM    MM    MM  MM 1013.9  12.2  13.3  11.6   MM   MM    MM
2026 08 23 20 20 230  2.0  3.0   0.2    MM   4.3  MM 1013.8  12.1  13.4  11.5   MM   MM    MM
2026 08 23 20 10 240  2.0  3.0   0.2    MM   4.3  MM 1013.8  12.1  13.3  11.5   MM   MM    MM
2026 08 23 20 00 240  2.0  3.0    MM    MM    MM  MM 1013.7  12.0  13.3  11.2   MM +0.8    MM
2026 08 23 19 50 250  2.0  3.0   0.3    13   4.9 183 1013.6  12.0  13.3  11.1   MM   MM    MM
2026 08 23 19 40 260  2.0  3.0    MM    MM    MM  MM 1013.5  12.0  13.2  11.0   MM   MM    MM
2026 08 23 19 30 250  2.0  3.0    MM    MM    MM  MM 1013.5  12.0  13.2  11.1   MM   MM    MM
2026 08 23 19 20 260  2.0  2.0   0.3    MM   4.8 181 1013.3  12.0  13.2  11.1   MM   MM    MM
2026 08 23 19 10  MM   MM   MM   0.3     8   4.8 181     MM    MM    MM    MM   MM   MM    MM
2026 08 23 19 00 250  1.0  2.0    MM    MM    MM  MM 1013.2  11.9  13.2  10.9   MM +0.7    MM
2026 08 23 18 50 240  2.0  2.0   0.3    MM   5.2 180 1013.2  11.9  13.2  10.9   MM   MM    MM
2026 08 23 18 40  MM   MM   MM   0.3     8   5.2 180     MM    MM    MM    MM   MM   MM    MM
2026 08 23 18 30 250  2.0  2.0    MM    MM    MM  MM 1013.1  11.8  13.1  10.7   MM   MM    MM
2026 08 23 18 20 280  2.0  2.0   0.3    14   5.4 153 1013.1  11.7  13.1  10.6   MM   MM    MM
2026 08 23 18 10 320  1.0  2.0   0.3    MM   5.4 153 1013.1  11.7  13.1  10.7   MM   MM    MM
2026 08 23 18 00 330  1.0  2.0    MM    MM    MM  MM 1013.1  11.7  13.1  10.7   MM +1.0    MM
2026 08 23 17 50 330  2.0  2.0   0.3    14   5.0 225 1013.1  11.7  13.1  10.7   MM   MM    MM
2026 08 23 17 40 320  2.0  3.0   0.3    MM   5.0 225 1013.1  11.7  13.1  10.8   MM   MM    MM
2026 08 23 17 30 320  2.0  3.0    MM    MM    MM  MM 1012.9  11.7  13.1  11.0   MM   MM    MM
2026 08 23 17 20 330  2.0  2.0   0.3    13   4.7 193 1012.9  11.6  13.1  11.1   MM   MM    MM
2026 08 23 17 10 340  2.0  3.0   0.3    MM   4.7 193 1012.8  11.7  13.1  11.3   MM   MM    MM
2026 08 23 17 00 330  2.0  3.0    MM    MM    MM  MM 1012.8  11.7  13.0  11.3   MM +0.8    MM
2026 08 23 16 50 320  2.0  3.0   0.3    13   3.9 218 1012.7  11.7  13.0  11.3   MM   MM    MM
2026 08 23 16 40 320  3.0  3.0   0.3    MM   3.9 218 1012.7  11.7  13.0  11.2   MM   MM    MM
2026 08 23 16 30 330  3.0  4.0    MM    MM    MM  MM 1012.6  11.7  13.0  11.2   MM   MM    MM
2026 08 23 16 20 330  3.0  4.0   0.3    13   4.0 149 1012.6  11.8  13.0  11.3   MM   MM    MM
2026 08 23 16 10 340  4.0  4.0   0.3    MM   4.0 149 1012.5  11.8  13.0  11.2   MM   MM    MM
2026 08 23 16 00 330  4.0  4.0    MM    MM    MM  MM 1012.5  11.8  13.0  11.1   MM +0.7    MM
2026 08 23 15 50 340  4.0  5.0   0.3    14   3.9 183 1012.4  11.8  13.0  11.0   MM   MM    MM
2026 08 23 15 40 340  4.0  5.0    MM    MM    MM  MM 1012.4  11.8  13.0  11.1   MM   MM    MM
2026 08 23 15 30 330  4.0  5.0    MM    MM    MM  MM 1012.3  11.9  13.0  11.1   MM   MM    MM
2026 08 23 15 20 320  4.0  4.0   0.3    14   3.9 127 1012.2  11.9  13.0  11.1   MM   MM    MM
2026 08 23 15 10 320  4.0  4.0   0.3    MM   3.9 127 1012.2  12.0  13.0  11.3   MM   MM    MM
2026 08 23 15 00 330  4.0  5.0    MM    MM    MM  MM 1012.2  11.9  13.0  11.3   MM +0.7    MM
2026 08 23 14 50 330  4.0  5.0   0.3    14   4.1 155 1012.1  11.8  13.0  11.3   MM   MM    MM
2026 08 23 14 40 330  4.0  5.0    MM    MM    MM  MM 1012.1  11.7  13.0  11.3   MM   MM    MM
2026 08 23 14 30 340  4.0  4.0    MM    MM    MM  MM 1012.1  11.7  13.0  11.4   MM   MM    MM
2026 08 23 14 20 340  4.0  4.0   0.3    13   3.9 157 1012.0  11.8  13.1  11.6   MM   MM    MM
2026 08 23 14 10 340  4.0  4.0   0.3    MM   3.9 157 1012.1  11.8  13.1  11.6   MM   MM    MM
2026 08 23 14 00 340  4.0  4.0    MM    MM    MM  MM 1012.0  11.7  13.1  11.5   MM +0.6    MM
2026 08 23 13 50 350  3.0  4.0   0.3    14   3.7 158 1012.0  11.8  13.1  11.7   MM   MM    MM
2026 08 23 13 40 350  4.0  4.0   0.3    MM   3.7 158 1011.9  11.7  13.1  11.7   MM   MM    MM
2026 08 23 13 30 350  4.0  4.0    MM    MM    MM  MM 1011.9  11.9  13.1  11.9   MM   MM    MM
2026 08 23 13 20 350  4.0  5.0   0.3    14   4.0 182 1011.9  11.9  13.1  11.9   MM   MM    MM
2026 08 23 13 10 340  4.0  5.0   0.3    MM   4.0 182 1011.8  12.0  13.0  12.0   MM   MM    MM
2026 08 23 13 00 330  4.0  5.0    MM    MM    MM  MM 1011.8  12.0  13.0  12.0   MM +0.5    MM
2026 08 23 12 50 330  4.0  5.0   0.3    12   4.1 201 1011.7  12.1  13.1  12.1   MM   MM    MM
2026 08 23 12 40 330  4.0  4.0   0.3    MM   4.1 201 1011.6  12.1  13.1  12.1   MM   MM    MM
2026 08 23 12 30 330  3.0  4.0    MM    MM    MM  MM 1011.6  12.3  13.1  12.3   MM   MM    MM
2026 08 23 12 20 330  3.0  3.0   0.3     7   4.0 189 1011.6  12.3  13.1  12.2   MM   MM    MM
2026 08 23 12 10 340  3.0  3.0   0.3    MM   4.0 189 1011.6  12.3  13.1  12.2   MM   MM    MM
2026 08 23 12 00 340  2.0  3.0    MM    MM    MM  MM 1011.6  12.3  13.1  12.2   MM +0.5    MM
2026 08 23 11 50 340  2.0  3.0   0.3     7   4.1 183 1011.6  12.3  13.1  12.2   MM   MM    MM
2026 08 23 11 40 340  2.0  3.0    MM    MM    MM  MM 1011.6  12.3  13.1  12.0   MM   MM    MM
2026 08 23 11 30 360  2.0  3.0    MM    MM    MM  MM 1011.6  12.2  13.1  11.9   MM   MM    MM
2026 08 23 11 20 360  2.0  3.0   0.3    14   4.0 137 1011.5  12.1  13.1  11.8   MM   MM    MM
2026 08 23 11 10  10  2.0  3.0   0.3    MM   4.0 137 1011.4  12.2  13.1  12.0   MM   MM    MM
2026 08 23 11 00  10  2.0  3.0    MM    MM    MM  MM 1011.4  12.2  13.1  12.0   MM +0.4    MM
2026 08 23 10 50 360  2.0  3.0   0.3    14   4.3 157 1011.3  12.3    MM  12.1   MM   MM    MM
2026 08 23 10 40 350  3.0  3.0    MM    MM    MM  MM 1011.3  12.4  13.1  12.1   MM   MM    MM
2026 08 23 10 30 350  3.0  4.0    MM    MM    MM  MM 1011.3  12.3  13.1  11.7   MM   MM    MM
2026 08 23 10 20 340  3.0  4.0   0.3    14   4.0 184 1011.3  12.3  13.1  11.7   MM   MM    MM
2026 08 23 10 10 340  3.0  4.0   0.3    MM   4.0 184 1011.3  12.2  13.1  11.7   MM   MM    MM
2026 08 23 10 00 350  3.0  3.0    MM    MM    MM  MM 1011.2  12.3  13.2  11.8   MM +0.3    MM
2026 08 23 09 50 350  3.0  3.0   0.3    14   4.2 157 1011.1  12.2  13.2  11.6   MM   MM    MM
2026 08 23 09 40 350  3.0  4.0   0.3    MM   4.2 157 1011.0  12.2  13.2  11.6   MM   MM    MM
2026 08 23 09 30 360  3.0  4.0    MM    MM    MM  MM 1011.0  12.3  13.2  11.8   MM   MM    MM
2026 08 23 09 20 360  3.0  4.0   0.3    14   4.0 171 1011.0  12.2  13.2  11.6   MM   MM    MM
2026 08 23 09 10  10  3.0  4.0   0.3    MM   4.0 171 1011.0  12.3  13.2  11.8   MM   MM    MM
2026 08 23 09 00  10  4.0  4.0    MM    MM    MM  MM 1011.0  12.3  13.2  11.7   MM +0.0    MM
2026 08 23 08 50  10  3.0  4.0   0.3    13   3.9 158 1010.9  12.3  13.2  11.7   MM   MM    MM
2026 08 23 08 40  10  3.0  4.0    MM    MM    MM  MM 1010.9  12.3  13.2  11.6   MM   MM    MM
2026 08 23 08 30  10  4.0  4.0    MM    MM    MM  MM 1010.8  12.3  13.2  11.6   MM   MM    MM
2026 08 23 08 20  20  4.0  4.0   0.3    14   3.8 124 1010.9  12.2  13.2  11.3   MM   MM    MM
2026 08 23 08 10  30  3.0  4.0    MM    MM    MM  MM 1010.9  12.2  13.2  11.4   MM   MM    MM
2026 08 23 08 00  30  3.0  4.0    MM    MM    MM  MM 1011.0  12.2  13.2  11.4   MM +0.3    MM
2026 08 23 07 50  30  3.0  4.0   0.3    13   3.6 179 1011.0  12.1  13.2  11.4   MM   MM    MM
2026 08 23 07 40  30  3.0  4.0   0.3    MM   3.6 179 1010.9  12.1  13.2  11.5   MM   MM    MM
2026 08 23 07 30  40  4.0  4.0    MM    MM    MM  MM 1010.9  12.1  13.2  11.6   MM   MM    MM
2026 08 23 07 20  30  4.0  4.0   0.3    MM   3.5 171 1010.9  12.0  13.2  11.6   MM   MM    MM
2026 08 23 07 10  MM   MM   MM   0.3    14   3.5 171     MM    MM    MM    MM   MM   MM    MM
2026 08 23 07 00  50  4.0  5.0    MM    MM    MM  MM 1010.9  12.2  13.2  11.6   MM +0.0    MM
2026 08 23 06 50  40  4.0  5.0   0.3    14   3.3 166 1010.9  12.2  13.2  11.6   MM   MM    MM
2026 08 23 06 40  40  4.0  5.0   0.3    MM   3.3 166 1010.9  12.2  13.2  11.6   MM   MM    MM
2026 08 23 06 30  40  4.0  5.0    MM    MM    MM  MM 1010.8  12.2  13.2  11.7   MM   MM    MM
2026 08 23 06 20  40  4.0  5.0   0.4    14   3.3 196 1010.8  12.2  13.2  11.7   MM   MM    MM
2026 08 23 06 10  50  5.0  5.0   0.4    MM   3.3 196 1010.8  12.2  13.2  11.7   MM   MM    MM
2026 08 23 06 00  60  5.0  6.0    MM    MM    MM  MM 1010.8  12.1  13.2  11.6   MM +0.0    MM
2026 08 23 05 50  60  5.0  6.0   0.4     3   3.2  88 1010.8  12.0  13.2  11.6   MM   MM    MM
2026 08 23 05 40  60  6.0  7.0    MM    MM    MM  MM 1010.7  12.0  13.3  11.6   MM   MM    MM
2026 08 23 05 30  60  6.0  7.0    MM    MM    MM  MM 1010.7  12.1  13.3  11.6   MM   MM    MM
2026 08 23 05 20  60  6.0  7.0   0.4     3   3.2  95 1010.7  12.1  13.3  11.6   MM   MM    MM
2026 08 23 05 10  60  6.0  7.0   0.4    MM   3.2  95 1010.6  12.1  13.3  11.7   MM   MM    MM
2026 08 23 05 00  60  5.0  6.0    MM    MM    MM  MM 1010.7  12.2  13.3  12.0   MM -0.3    MM
2026 08 23 04 50  70  6.0  7.0   0.5     3   3.2  98 1010.6  12.2  13.3  12.0   MM   MM    MM
2026 08 23 04 40  70  6.0  7.0   0.5    MM   3.2  98 1010.7  12.2  13.3  11.9   MM   MM    MM
2026 08 23 04 30  70  6.0  7.0    MM    MM    MM  MM 1010.7  12.1  13.3  11.8   MM   MM    MM
2026 08 23 04 20  70  6.0  7.0   0.5     3   3.1 101 1010.7  12.1  13.3  11.8   MM   MM    MM
2026 08 23 04 10  80  6.0  7.0   0.5    MM   3.1 101 1010.7  12.3  13.3  12.0   MM   MM    MM
2026 08 23 04 00  80  6.0  8.0    MM    MM    MM  MM 1010.7  12.3    MM  12.0   MM +0.0    MM
2026 08 23 03 50  80  7.0  8.0   0.4    14   3.3 145 1010.7  12.3  13.3  12.0   MM   MM    MM
2026 08 23 03 40  80  7.0  8.0    MM    MM    MM  MM 1010.7  12.3  13.3  11.9   MM   MM    MM
2026 08 23 03 30  90  6.0  7.0    MM    MM    MM  MM 1010.8  12.4  13.3  12.0   MM   MM    MM
2026 08 23 03 20  90  7.0  8.0   0.5     3   3.2 107 1010.8  12.4  13.3  11.8   MM   MM    MM
2026 08 23 03 10 100  7.0  8.0   0.5    MM   3.2 107 1010.9  12.4  13.3  11.9   MM   MM    MM
2026 08 23 03 00 100  6.0  8.0    MM    MM    MM  MM 1010.9  12.4  13.3  11.9   MM +0.0    MM
2026 08 23 02 50 100  7.0  8.0   0.5     3   3.2  99 1010.9  12.4  13.3  11.9   MM   MM    MM
2026 08 23 02 40 100  7.0  9.0    MM    MM    MM  MM 1011.0  12.4  13.3  11.9   MM   MM    MM
2026 08 23 02 30 100  7.0  8.0    MM    MM    MM  MM 1010.9  12.4  13.3  12.0   MM   MM    MM
2026 08 23 02 20 100  8.0  9.0   0.5     3   3.2  98 1010.9  12.3  13.4  11.8   MM   MM    MM
2026 08 23 02 10 100  7.0  9.0   0.5    MM   3.2  98 1010.8  12.3  13.4  11.8   MM   MM    MM
2026 08 23 02 00 100  8.0  9.0    MM    MM    MM  MM 1010.8  12.4  13.4  12.0   MM +0.0    MM
2026 08 23 01 50 100  8.0  9.0   0.5     3   3.1 108 1010.8  12.4  13.4  11.9   MM   MM    MM
2026 08 23 01 40 100  8.0  9.0    MM    MM    MM  MM 1010.9  12.5  13.4  11.9   MM   MM    MM
2026 08 23 01 30 100  8.0  9.0    MM    MM    MM  MM 1010.8  12.4  13.4  11.9   MM   MM    MM
2026 08 23 01 20 100  7.0  9.0   0.5     3   3.1 105 1010.8  12.4  13.5  11.9   MM   MM    MM
2026 08 23 01 10 100  8.0  9.0   0.5    MM   3.1 105 1010.9  12.5  13.5  11.9   MM   MM    MM
2026 08 23 01 00 100  8.0  9.0    MM    MM    MM  MM 1010.8  12.5  13.5  12.0   MM +0.0    MM
2026 08 23 00 50 100  7.0  9.0   0.5     3   3.0 106 1010.9  12.4  13.5  11.9   MM   MM    MM
2026 08 23 00 40 100  7.0  9.0   0.5    MM   3.0 106 1010.9  12.4  13.5  12.0   MM   MM    MM
2026 08 23 00 30 100  7.0  9.0    MM    MM    MM  MM 1011.0  12.4    MM  12.0   MM   MM    MM
2026 08 23 00 20 100  8.0  9.0   0.5     3   2.9 106 1011.0  12.3  13.5  11.9   MM   MM    MM
2026 08 23 00 10 100  8.0  9.0   0.5    MM   2.9 106 1011.0  12.4  13.5  12.1   MM   MM    MM
2026 08 23 00 00 100  8.0  9.0    MM    MM    MM  MM 1011.0  12.3  13.5  11.8   MM +0.0    MM
2026 08 22 23 50 100  7.0  8.0   0.5    MM   3.1 105 1010.9  12.3  13.5  11.6   MM   MM    MM
2026 08 22 23 40  MM   MM   MM   0.5     3   3.1 105     MM    MM    MM    MM   MM   MM    MM
2026 08 22 23 10 100  7.0  8.0   0.5    MM   3.1 112 1011.0  12.2  13.5  11.3   MM   MM    MM
2026 08 22 23 00 110  7.0  9.0    MM    MM    MM  MM 1011.1  12.3  13.5  11.4   MM +0.0    MM
2026 08 22 22 50 110  8.0  9.0   0.5     3   3.1 108 1011.1  12.3  13.5  11.4   MM   MM    MM
2026 08 22 22 40 110  7.0  8.0   0.5    MM   3.1 108 1011.1  12.3  13.5  11.3   MM   MM    MM
2026 08 22 22 30 110  7.0  8.0    MM    MM    MM  MM 1011.3  12.4  13.4  11.3   MM   MM    MM
2026 08 22 22 20 110  7.0  9.0   0.5     3   3.1 113 1011.1  12.3  13.4  11.3   MM   MM    MM
2026 08 22 22 10 110  7.0  8.0   0.5    MM   3.1 113 1011.2  12.3  13.3  11.4   MM   MM    MM
2026 08 22 22 00 120  6.0  8.0    MM    MM    MM  MM 1011.2  12.3  13.3  11.5   MM +0.0    MM
2026 08 22 21 50 120  7.0  8.0   0.5     3   3.1 110 1011.2  12.2  13.3  11.6   MM   MM    MM
2026 08 22 21 40 100  7.0  8.0    MM    MM    MM  MM 1011.1  12.1  13.3  11.7   MM   MM    MM
2026 08 22 21 30 100  7.0  8.0    MM    MM    MM  MM 1011.1  12.0  13.3  11.6   MM   MM    MM
2026 08 22 21 20 110  7.0  8.0   0.5     3   3.1 114 1011.2  12.0    MM  11.7   MM   MM    MM
2026 08 22 21 10 110  8.0  9.0   0.5    MM   3.1 114 1011.2  12.1  13.3  11.9   MM   MM    MM
2026 08 22 21 00 110  8.0  9.0    MM    MM    MM  MM 1011.1  12.3  13.4  11.9   MM -0.3    MM
2026 08 22 20 50 100  7.0  8.0   0.4     3   3.1 112 1011.1  12.3  13.4  11.9   MM   MM    MM
2026 08 22 20 40 100  7.0  9.0   0.4    MM   3.1 112 1011.1  12.2  13.4  11.8   MM   MM    MM
2026 08 22 20 30 100  7.0  9.0    MM    MM    MM  MM 1011.1  12.2  13.4  11.7   MM   MM    MM
2026 08 22 20 20 100  7.0  9.0   0.4     3   3.1 108 1011.1  12.3  13.4  11.8   MM   MM    MM
2026 08 22 20 10 110  7.0  8.0    MM    MM    MM  MM 1011.2  12.3  13.4  11.7   MM   MM    MM
2026 08 22 20 00 110  6.0  7.0   0.4    MM   3.1 108 1011.2  12.3  13.4  11.9   MM +0.0    MM
2026 08 22 19 50 110  6.0  7.0   0.3    14   3.4 134 1011.1  12.2  13.4  11.8   MM   MM    MM
2026 08 22 19 40 110  6.0  6.0   0.3    MM   3.4 134 1011.2  12.1  13.3  11.8   MM   MM    MM
2026 08 22 19 30 100  5.0  6.0    MM    MM    MM  MM 1011.3  12.2  13.3  12.0   MM   MM    MM
2026 08 22 19 20 100  5.0  6.0   0.3    14   4.5 213 1011.2  12.1  13.3  11.7   MM   MM    MM
2026 08 22 19 10 110  5.0  6.0    MM    MM    MM  MM 1011.1  12.1  13.3  11.5   MM   MM    MM
2026 08 22 19 00 110  5.0  6.0    MM    MM    MM  MM 1011.1  12.2    MM  11.5   MM -0.3    MM
2026 08 22 18 50  90  4.0  5.0   0.2    MM   6.2  MM 1011.1  12.2  13.3  11.9   MM   MM    MM
2026 08 22 18 40  MM   MM   MM   0.2    MM   6.2  MM     MM    MM    MM    MM   MM   MM    MM
2026 08 22 18 30  80  4.0  5.0    MM    MM    MM  MM 1011.1  12.0  13.2  11.6   MM   MM    MM
2026 08 22 18 20  90  4.0  5.0   0.2    MM   7.2  MM 1011.2  12.0  13.2  11.7   MM   MM    MM
2026 08 22 18 10 100  4.0  5.0   0.2    MM   7.2  MM 1011.3  12.0  13.2  11.8   MM   MM    MM
2026 08 22 18 00 110  5.0  5.0    MM    MM    MM  MM 1011.3  12.0  13.2  11.9   MM +0.0    MM
2026 08 22 17 50 110  5.0  5.0   0.2    MM   6.8  MM 1011.3  12.0  13.2  11.9   MM   MM    MM
2026 08 22 17 40 110  4.0  5.0    MM    MM    MM  MM 1011.3  12.2  13.2  11.9   MM   MM    MM
2026 08 22 17 30 110  3.0  4.0    MM    MM    MM  MM 1011.3  12.1  13.2  11.4   MM   MM    MM
2026 08 22 17 20 110  3.0  3.0   0.3    15   7.1 176 1011.3  12.1  13.2  11.5   MM   MM    MM
2026 08 22 17 10 120  2.0  2.0   0.3    MM   7.1 176 1011.3    MM  13.2    MM   MM   MM    MM
2026 08 22 17 00 130  1.0  2.0    MM    MM    MM  MM 1011.3  12.1  13.2  11.4   MM +0.0    MM
2026 08 22 16 50 140  1.0  2.0   0.2    MM   6.3  MM 1011.3  12.1  13.2  11.4   MM   MM    MM
2026 08 22 16 40 140  2.0  2.0    MM    MM    MM  MM 1011.3  12.0  13.2  11.3   MM   MM    MM
2026 08 22 16 30 160  1.0  2.0    MM    MM    MM  MM 1011.3  12.0  13.2  11.3   MM   MM    MM
2026 08 22 16 20 180  1.0  2.0   0.3    15   6.4 202 1011.3  12.0  13.2  11.2   MM   MM    MM
2026 08 22 16 10 190  2.0  3.0   0.3    MM   6.4 202 1011.4  12.0  13.2  11.2   MM   MM    MM
2026 08 22 16 00 190  2.0  3.0    MM    MM    MM  MM 1011.4  12.0  13.1  11.3   MM -0.3    MM
2026 08 22 15 50 190  2.0  3.0   0.2    MM   6.6  MM 1011.4  12.0  13.1  11.3   MM   MM    MM
2026 08 22 15 40 200  2.0  2.0   0.2    MM   6.6  MM 1011.4  11.9  13.1  11.2   MM   MM    MM
2026 08 22 15 30 200  2.0  3.0    MM    MM    MM  MM 1011.4  12.0  13.2  11.4   MM   MM    MM
2026 08 22 15 20 190  2.0  2.0   0.3    15   6.2 231 1011.3  12.0  13.1  11.4   MM   MM    MM
2026 08 22 15 10 200  2.0  2.0   0.3    MM   6.2 231 1011.3  11.9  13.1  11.2   MM   MM    MM
2026 08 22 15 00 200  2.0  3.0    MM    MM    MM  MM 1011.4  11.9  13.1  11.2   MM -0.6    MM
2026 08 22 14 50 200  2.0  2.0   0.3    15   6.6 185 1011.3  11.9  13.1  11.2   MM   MM    MM
2026 08 22 14 40 210  2.0  2.0    MM    MM    MM  MM 1011.2  11.8  13.1  11.0   MM   MM    MM
2026 08 22 14 30 210  2.0  3.0    MM    MM    MM  MM 1011.3  11.9  13.2  11.1   MM   MM    MM
2026 08 22 14 20 200  2.0  2.0   0.3    14   5.8 199 1011.2  11.8  13.2  11.0   MM   MM    MM
2026 08 22 14 10 210  2.0  2.0   0.3    MM   5.8 199 1011.2  11.8  13.1  11.0   MM   MM    MM
2026 08 22 14 00 210  2.0  2.0    MM    MM    MM  MM 1011.3  11.8  13.2  11.0   MM -0.6    MM
2026 08 22 13 50 200  2.0  2.0   0.3    14   7.1 215 1011.4  11.8  13.2  11.1   MM   MM    MM
2026 08 22 13 40 190  2.0  2.0   0.3    MM   7.1 215 1011.5  11.7  13.2  11.1   MM   MM    MM
2026 08 22 13 30 200  2.0  3.0    MM    MM    MM  MM 1011.6  11.7  13.2  11.1   MM   MM    MM
2026 08 22 13 20 190  2.0  3.0   0.3    13   7.2 186 1011.6  11.8  13.1  11.3   MM   MM    MM
2026 08 22 13 10 210  3.0  3.0   0.3    MM   7.2 186 1011.7  11.8  13.2  11.3   MM   MM    MM
2026 08 22 13 00 200  3.0  4.0    MM    MM    MM  MM 1011.8  11.8  13.2  11.4   MM -0.4    MM
2026 08 22 12 50 210  3.0  4.0   0.3    14   7.5 191 1011.8  11.8  13.1  11.5   MM   MM    MM
2026 08 22 12 40 220  3.0  3.0   0.3    MM   7.5 191 1011.9  11.8  13.1  11.6   MM   MM    MM
2026 08 22 12 30 220  2.0  3.0    MM    MM    MM  MM 1011.9  11.8  13.2  11.7   MM   MM    MM
2026 08 22 12 20 220  2.0  3.0   0.3    15   7.6 185 1011.9  11.8  13.2  11.7   MM   MM    MM
2026 08 22 12 10 230  2.0  2.0    MM    MM    MM  MM 1011.9  11.8  13.1  11.8   MM   MM    MM
2026 08 22 12 00 230  2.0  3.0    MM    MM    MM  MM 1011.9  11.9  13.1  11.9   MM -0.5    MM
2026 08 22 11 50 220  3.0  3.0   0.2    MM   8.1  MM 1012.0  11.9  13.2  11.9   MM   MM    MM
2026 08 22 11 40 220  3.0  4.0    MM    MM    MM  MM 1012.0  11.9  13.1  11.9   MM   MM    MM
2026 08 22 11 30 220  3.0  3.0    MM    MM    MM  MM 1012.0  11.9  13.1    MM   MM   MM    MM
2026 08 22 11 20 220  3.0  3.0   0.3     8   7.8 194 1012.0  12.0  13.3    MM   MM   MM    MM
2026 08 22 11 10 220  3.0  3.0   0.3    MM   7.8 194 1012.0  11.9  13.3    MM   MM   MM    MM
2026 08 22 11 00 230  3.0  3.0    MM    MM    MM  MM 1012.0  11.9  13.3    MM   MM -0.8    MM
2026 08 22 10 50 230  2.0  3.0   0.2    MM   7.7  MM 1012.1  12.0  13.3    MM   MM   MM    MM
2026 08 22 10 40 240  2.0  3.0    MM    MM    MM  MM 1012.1  12.0  13.4    MM   MM   MM    MM
2026 08 22 10 30 240  3.0  3.0    MM    MM    MM  MM 1012.1  12.0  13.4    MM   MM   MM    MM
2026 08 22 10 20 230  2.0  3.0   0.3    15   8.7 185 1012.2  12.0  13.4    MM   MM   MM    MM
2026 08 22 10 10 240  2.0  3.0    MM    MM    MM  MM 1012.1  12.0  13.5  12.0   MM   MM    MM
2026 08 22 10 00 240  2.0  2.0    MM    MM    MM  MM 1012.1  12.0  13.5  12.0   MM -0.7    MM
2026 08 22 09 50 250  2.0  3.0   0.2    MM   8.2  MM 1012.1  12.0  13.5  12.0   MM   MM    MM
2026 08 22 09 40 250  2.0  2.0   0.2    MM   8.2  MM 1012.1  12.0  13.5    MM   MM   MM    MM
2026 08 22 09 30 250  2.0  3.0    MM    MM    MM  MM 1012.3  12.0  13.5    MM   MM   MM    MM
2026 08 22 09 20 240  3.0  4.0   0.3    15   8.8 148 1012.4  12.1  13.4  12.1   MM   MM    MM
2026 08 22 09 10 240  4.0  4.0   0.3    MM   8.8 148 1012.4  12.2  13.3  12.1   MM   MM    MM
2026 08 22 09 00 240  3.0  4.0    MM    MM    MM  MM 1012.5  12.2  13.1  12.1   MM -0.5    MM
2026 08 22 08 50 250  3.0  3.0   0.2    MM   8.4  MM 1012.5  12.1  13.1  11.9   MM   MM    MM
2026 08 22 08 40 260  2.0  2.0    MM    MM    MM  MM 1012.5  12.1  13.2  11.9   MM   MM    MM
2026 08 22 08 30 260  2.0  2.0    MM    MM    MM  MM 1012.5  12.1  13.3  11.8   MM   MM    MM
2026 08 22 08 20 250  2.0  2.0   0.2    MM   8.7  MM 1012.5  12.1  13.4  11.6   MM   MM    MM
2026 08 22 08 10 250  2.0  2.0    MM    MM    MM  MM 1012.6  12.0  13.2  11.4   MM   MM    MM
2026 08 22 08 00 250  1.0  2.0    MM    MM    MM  MM 1012.8  12.1  13.4  11.6   MM -0.3    MM
2026 08 22 07 50  MM  0.0  1.0   0.2    MM   7.8  MM 1012.8  12.1  13.2  11.5   MM   MM    MM
2026 08 22 07 40 220  1.0  1.0    MM    MM    MM  MM 1012.8    MM  13.1    MM   MM   MM    MM
2026 08 22 07 30 220  1.0  2.0    MM    MM    MM  MM 1012.8  12.1  12.7  11.5   MM   MM    MM
2026 08 22 07 20 220  2.0  2.0   0.2    MM   7.8  MM 1013.0  12.1  12.9  11.5   MM   MM    MM
2026 08 22 07 10 220  2.0  2.0   0.2    MM   7.8  MM 1012.9  12.1  12.9  11.5   MM   MM    MM
2026 08 22 07 00 220  2.0  2.0    MM    MM    MM  MM 1012.9  12.1  12.9  11.6   MM -0.6    MM
2026 08 22 06 50 220  2.0  2.0   0.2    MM   7.7  MM 1012.9  12.1  12.9  11.8   MM   MM    MM
2026 08 22 06 40 210  2.0  3.0   0.2    MM   7.7  MM 1012.9  12.1  12.8  11.9   MM   MM    MM
2026 08 22 06 30 210  3.0  3.0    MM    MM    MM  MM 1013.0  12.1  12.8  12.1   MM   MM    MM
2026 08 22 06 20 200  3.0  3.0   0.2    MM   7.1  MM 1012.9  12.2  12.8  12.2   MM   MM    MM
2026 08 22 06 10 210  2.0  3.0   0.2    MM   7.1  MM 1013.0  12.4  12.9  12.3   MM   MM    MM
2026 08 22 06 00 210  2.0  2.0    MM    MM    MM  MM 1013.1  12.5  12.9  12.2   MM -0.9    MM
2026 08 22 05 50 200  2.0  2.0   0.2    MM   7.2  MM 1013.1  12.5  13.0  12.0   MM   MM    MM
2026 08 22 05 40 210  1.0  2.0   0.2    MM   7.2  MM 1012.9  12.5  13.0  11.8   MM   MM    MM
2026 08 22 05 30  MM  0.0  0.0    MM    MM    MM  MM 1013.0  12.5  13.0  11.7   MM   MM    MM
2026 08 22 05 20  MM  0.0  0.0   0.2    MM   6.8  MM 1013.0  12.7  13.0  11.6   MM   MM    MM
2026 08 22 05 10  MM  0.0  0.0   0.2    MM   6.8  MM 1013.0  13.0  13.0  11.5   MM   MM    MM
2026 08 22 05 00  MM  0.0  0.0    MM    MM    MM  MM 1013.0  13.2  13.1  11.5   MM -1.4    MM
2026 08 22 04 50  MM  0.0  0.0   0.2    MM   6.5  MM 1013.1  13.7    MM  11.5   MM   MM    MM
2026 08 22 04 40  MM  0.0  0.0    MM    MM    MM  MM 1013.1  13.7  13.3  11.6   MM   MM    MM
2026 08 22 04 30  MM  0.0  0.0    MM    MM    MM  MM 1013.1  13.4  13.3  11.7   MM   MM    MM
2026 08 22 04 20  MM  0.0  1.0   0.2    MM   6.2  MM 1013.3  13.2  13.4  11.7   MM   MM    MM
2026 08 22 04 10 280  1.0  1.0   0.2    MM   6.2  MM 1013.3  13.1  13.3  11.6   MM   MM    MM
2026 08 22 04 00 280  1.0  1.0    MM    MM    MM  MM 1013.4  13.2  13.3  11.8   MM -1.3    MM
2026 08 22 03 50 280  1.0  1.0   0.2    MM   6.3  MM 1013.4  13.1  13.2  11.8   MM   MM    MM
2026 08 22 03 40 260  1.0  1.0    MM    MM    MM  MM 1013.5  13.3  13.2  11.8   MM   MM    MM
2026 08 22 03 30  MM  0.0  1.0    MM    MM    MM  MM 1013.5  13.3  13.3  12.0   MM   MM    MM
2026 08 22 03 20  MM  0.0  1.0   0.2    MM   6.3  MM 1013.6  13.0  13.3  12.0   MM   MM    MM
2026 08 22 03 10  MM  0.0  1.0   0.2    MM   6.3  MM 1013.7  13.0  13.3  12.0   MM   MM    MM
2026 08 22 03 00 360  1.0  1.0    MM    MM    MM  MM 1013.8  12.9  13.4  11.9   MM -1.4    MM
2026 08 22 02 50 360  1.0  1.0   0.2    MM   5.9  MM 1013.9  12.9  13.4  11.7   MM   MM    MM
2026 08 22 02 40  MM  0.0  1.0   0.2    MM   5.9  MM 1014.0  12.9  13.4  11.6   MM   MM    MM
2026 08 22 02 30  MM  0.0  1.0    MM    MM    MM  MM 1014.1  12.9  13.5  11.6   MM   MM    MM
2026 08 22 02 20 340  1.0  1.0   0.3    15   5.5 216 1014.2  12.9    MM  11.6   MM   MM    MM
2026 08 22 02 10 350  1.0  1.0   0.3    MM   5.5 216 1014.3  12.9  13.5  11.7   MM   MM    MM
2026 08 22 02 00  10  1.0  1.0    MM    MM    MM  MM 1014.4  12.9  13.5  11.6   MM -1.4    MM
2026 08 22 01 50  10  1.0  1.0   0.2    MM   5.4  MM 1014.4  12.9  13.5  11.6   MM   MM    MM
2026 08 22 01 40  MM  0.0  1.0    MM    MM    MM  MM 1014.5  12.9  13.6  11.5   MM   MM    MM
2026 08 22 01 30  MM  0.0  1.0    MM    MM    MM  MM 1014.4  12.9  13.6  11.4   MM   MM    MM
2026 08 22 01 20  90  1.0  1.0   0.3    15   4.8 166 1014.5  12.9  13.7  11.4   MM   MM    MM
2026 08 22 01 10 120  1.0  2.0    MM    MM    MM  MM 1014.6  12.9  13.7  11.4   MM   MM    MM
2026 08 22 01 00 120  2.0  2.0    MM    MM    MM  MM 1014.7  12.8  13.7  11.3   MM -1.4    MM
2026 08 22 00 50 110  2.0  3.0   0.3    14   4.4 208 1014.8  12.8  13.8  11.3   MM   MM    MM
2026 08 22 00 40 100  2.0  3.0    MM    MM    MM  MM 1014.9  12.8  13.8  11.4   MM   MM    MM
2026 08 22 00 30 100  2.0  3.0    MM    MM    MM  MM 1015.0  12.8  13.8  11.4   MM   MM    MM
2026 08 22 00 20 100  2.0  2.0   0.3    13   3.7 188 1015.2  12.7  13.7  11.3   MM   MM    MM
2026 08 22 00 10 110  2.0  3.0   0.3    MM   3.7 188 1015.3  12.7  13.7  11.3   MM   MM    MM
2026 08 22 00 00 120  3.0  4.0    MM    MM    MM  MM 1015.4  12.7  13.7  11.4   MM -0.8    MM
2026 08 21 23 50 110  3.0  4.0   0.3    15   4.0 132 1015.4  12.7  13.7  11.5   MM   MM    MM
2026 08 21 23 40 110  4.0  5.0    MM    MM    MM  MM 1015.4  12.7  13.7  11.5   MM   MM    MM
2026 08 21 23 10 110  4.0  5.0   0.3    MM   3.7 183 1015.7  12.7  13.6  11.9   MM   MM    MM
2026 08 21 23 00 110  4.0  5.0    MM    MM    MM  MM 1015.8  12.7  13.5  12.0   MM -0.3    MM
2026 08 21 22 50 120  4.0  4.0   0.3    15   3.7 187 1015.9  12.6  13.5  11.8   MM   MM    MM
2026 08 21 22 40 110  4.0  5.0    MM    MM    MM  MM 1016.0  12.6  13.5  11.7   MM   MM    MM
2026 08 21 22 30 110  4.0  5.0    MM    MM    MM  MM 1016.0  12.5  13.5  11.6   MM   MM    MM
2026 08 21 22 20 110  4.0  4.0   0.3    14   3.4 237 1016.0  12.5  13.5  11.8   MM   MM    MM
2026 08 21 22 10 110  4.0  4.0   0.3    MM   3.4 237 1016.0  12.6  13.5  12.0   MM   MM    MM
2026 08 21 22 00 110  4.0  5.0    MM    MM    MM  MM 1016.0  12.5  13.4  11.7   MM +0.0    MM
2026 08 21 21 50 110  5.0  5.0   0.3    15   3.6 219 1016.1  12.3  13.5  11.6   MM   MM    MM
2026 08 21 21 40 110  5.0  5.0   0.3    MM   3.6 219 1016.1  12.4  13.5  11.9   MM   MM    MM
2026 08 21 21 30 110  5.0  6.0    MM    MM    MM  MM 1016.1  12.5  13.5  12.0   MM   MM    MM
2026 08 21 21 20 100  4.0  5.0   0.2    MM   4.1  MM 1016.2  12.5  13.4  11.8   MM   MM    MM
2026 08 21 21 10 100  4.0  5.0    MM    MM    MM  MM 1016.1  12.5  13.5  12.0   MM   MM    MM
2026 08 21 21 00  90  4.0  4.0    MM    MM    MM  MM 1016.1  12.7  13.3  12.4   MM +0.0    MM
2026 08 21 20 50  90  3.0  4.0   0.3    15   4.5  85 1016.2  12.8  13.2  12.0   MM   MM    MM
2026 08 21 20 40  80  3.0  4.0   0.3    MM   4.5  85 1016.1  12.9  13.1  11.7   MM   MM    MM
2026 08 21 20 30  80  2.0  3.0    MM    MM    MM  MM 1016.1  12.9  13.1  11.4   MM   MM    MM
2026 08 21 20 20  80  3.0  3.0   0.3    15   4.5 141 1016.1  12.8  12.8  11.0   MM   MM    MM
2026 08 21 20 10  70  2.0  3.0   0.3    MM   4.5 141 1016.2  12.7  12.9  11.2   MM   MM    MM
2026 08 21 20 00  60  2.0  3.0    MM    MM    MM  MM 1016.1  12.6  13.0  11.4   MM +0.0    MM
2026 08 21 19 50  50  2.0  3.0   0.3    15   4.4 212 1016.2  12.6  12.7  11.5   MM   MM    MM
2026 08 21 19 40  40  3.0  3.0    MM    MM    MM  MM 1016.2  12.6  12.6  11.6   MM   MM    MM
2026 08 21 19 30  50  2.0  3.0    MM    MM    MM  MM 1016.2  12.6  12.7  11.5   MM   MM    MM
2026 08 21 19 20  60  2.0  3.0   0.3    MM   4.2 127 1016.2  12.5  12.6  11.6   MM   MM    MM
2026 08 21 19 10  MM   MM   MM   0.3    15   4.2 127     MM    MM    MM    MM   MM   MM    MM
2026 08 21 19 00  70  2.0  3.0    MM    MM    MM  MM 1016.2  12.5  12.6  12.1   MM +0.0    MM
2026 08 21 18 50  70  3.0  3.0   0.3     6   4.4 190 1016.2  12.4  12.5  11.9   MM   MM    MM
2026 08 21 18 40  80  3.0  3.0   0.3    MM   4.4 190 1016.2  12.5  12.6  12.0   MM   MM    MM
2026 08 21 18 30  80  3.0  3.0    MM    MM    MM  MM 1016.2  12.5  12.6  12.0   MM   MM    MM
2026 08 21 18 20  80  4.0  4.0   0.3    12   4.3 199 1016.2  12.4  12.7  11.9   MM   MM    MM
2026 08 21 18 10  90  4.0  5.0   0.3    MM   4.3 199 1016.2  12.4  12.7  12.0   MM   MM    MM
2026 08 21 18 00  90  3.0  4.0    MM    MM    MM  MM 1016.2  12.4  12.7  12.1   MM +0.0    MM
2026 08 21 17 50  90  3.0  4.0   0.4    15   4.1 127 1016.2  12.3  12.8  12.0   MM   MM    MM
2026 08 21 17 40  90  4.0  4.0    MM    MM    MM  MM 1016.2  12.4  12.8  12.1   MM   MM    MM
2026 08 21 17 30  90  4.0  4.0    MM    MM    MM  MM 1016.2  12.4  12.8  12.1   MM   MM    MM
2026 08 21 17 20  90  4.0  5.0   0.4    15   3.9 167 1016.2  12.4  12.8  12.0   MM   MM    MM
2026 08 21 17 10  90  4.0  5.0   0.4    MM   3.9 167 1016.2  12.3  12.8  11.9   MM   MM    MM
2026 08 21 17 00  90  5.0  6.0    MM    MM    MM  MM 1016.3  12.4  12.8  12.0   MM +0.0    MM
2026 08 21 16 50  90  5.0  5.0   0.4    14   3.7 214 1016.3  12.3  12.9  11.9   MM   MM    MM
2026 08 21 16 40 100  5.0  6.0    MM    MM    MM  MM 1016.3  12.2  12.8  12.0   MM   MM    MM
2026 08 21 16 30 100  5.0  6.0    MM    MM    MM  MM 1016.3  12.2  12.8  12.2   MM   MM    MM
2026 08 21 16 20 100  5.0  5.0   0.4    15   4.1 150 1016.4  12.3  12.8  12.3   MM   MM    MM
2026 08 21 16 10 100  4.0  5.0   0.4    MM   4.1 150 1016.4  12.3  12.8  12.3   MM   MM    MM
2026 08 21 16 00 110  4.0  5.0    MM    MM    MM  MM 1016.4  12.2  12.8  12.2   MM -0.3    MM
2026 08 21 15 50 110  4.0  5.0   0.4    14   3.7 192 1016.4  12.1  12.8    MM   MM   MM    MM
2026 08 21 15 40 100  4.0  5.0   0.4    MM   3.7 192 1016.5  12.1  12.9    MM   MM   MM    MM
2026 08 21 15 30  90  4.0  6.0    MM    MM    MM  MM 1016.6  12.1  12.9    MM   MM   MM    MM
2026 08 21 15 20  80  4.0  6.0   0.4    14   3.8 190 1016.5  12.0  12.9    MM   MM   MM    MM
2026 08 21 15 10  90  5.0  6.0   0.4    MM   3.8 190 1016.4  12.1  12.9    MM   MM   MM    MM
2026 08 21 15 00 100  5.0  6.0    MM    MM    MM  MM 1016.5  12.1  12.9    MM   MM +0.0    MM
2026 08 21 14 50 100  5.0  6.0   0.3    16   4.2 228 1016.5  12.2  12.9    MM   MM   MM    MM
2026 08 21 14 40  90  4.0  6.0    MM    MM    MM  MM 1016.5  12.2  12.9    MM   MM   MM    MM
2026 08 21 14 30  90  3.0  4.0    MM    MM    MM  MM 1016.5  12.1  12.9    MM   MM   MM    MM
2026 08 21 14 20  70  3.0  3.0   0.4    14   4.4 192 1016.5  12.0  12.9    MM   MM   MM    MM
2026 08 21 14 10  70  2.0  3.0   0.4    MM   4.4 192 1016.5  11.8  12.9    MM   MM   MM    MM
2026 08 21 14 00  80  2.0  3.0    MM    MM    MM  MM 1016.6  11.6  12.9    MM   MM +0.0    MM
2026 08 21 13 50  80  3.0  3.0   0.4    14   4.3 227 1016.6  11.6  12.9    MM   MM   MM    MM
2026 08 21 13 40  80  3.0  3.0    MM    MM    MM  MM 1016.6  11.5  12.9    MM   MM   MM    MM
2026 08 21 13 30 100  2.0  3.0    MM    MM    MM  MM 1016.7  11.6  12.9    MM   MM   MM    MM
2026 08 21 13 20 120  2.0  2.0   0.4    11   3.9 177 1016.8  11.8  12.9    MM   MM   MM    MM
2026 08 21 13 10 140  2.0  2.0   0.4    MM   3.9 177 1016.8  11.9  12.9    MM   MM   MM    MM
2026 08 21 13 00 130  2.0  2.0    MM    MM    MM  MM 1016.7  12.0  12.9    MM   MM +0.0    MM
2026 08 21 12 50 120  2.0  2.0   0.4    13   3.8 185 1016.7  12.0  12.9    MM   MM   MM    MM
2026 08 21 12 40 140  2.0  3.0    MM    MM    MM  MM 1016.7  12.2  12.9  12.2   MM   MM    MM
2026 08 21 12 30 130  2.0  3.0    MM    MM    MM  MM 1016.7  12.2  12.9  12.0   MM   MM    MM
2026 08 21 12 20 140  2.0  3.0   0.5    14   3.7 223 1016.6  12.4  12.9  12.2   MM   MM    MM
2026 08 21 12 10 140  2.0  3.0    MM    MM    MM  MM 1016.6  12.4  12.9  12.1   MM   MM    MM
2026 08 21 12 00 130  4.0  5.0   0.5    MM   3.7 223 1016.6  12.4  12.9  12.2   MM +0.0    MM
2026 08 21 11 50 130  5.0  6.0   0.5    MM   3.6 190 1016.6  12.5  13.0  12.4   MM   MM    MM
2026 08 21 11 40  MM   MM   MM   0.5    15   3.6 190     MM    MM    MM    MM   MM   MM    MM
2026 08 21 11 30 120  5.0  5.0    MM    MM    MM  MM 1016.6  12.4  13.0  12.3   MM   MM    MM
2026 08 21 11 20 120  5.0  6.0   0.4    14   3.6 114 1016.6  12.5  13.0  12.4   MM   MM    MM
2026 08 21 11 10 110  5.0  6.0   0.4    MM   3.6 114 1016.6  12.5  13.0    MM   MM   MM    MM
2026 08 21 11 00 100  4.0  6.0    MM    MM    MM  MM 1016.7  12.5  13.0    MM   MM +0.4    MM
2026 08 21 10 50 120  2.0  4.0   0.4     3   3.6  89 1016.8  12.1  12.9    MM   MM   MM    MM
2026 08 21 10 40 130  2.0  2.0   0.4    MM   3.6  89 1016.8  12.0  13.0    MM   MM   MM    MM
2026 08 21 10 30 140  1.0  2.0    MM    MM    MM  MM 1016.8  12.0  13.0    MM   MM   MM    MM
2026 08 21 10 20 150  1.0  2.0   0.3    13   3.5 172 1016.8  11.9  13.0    MM   MM   MM    MM
2026 08 21 10 10 160  2.0  2.0   0.3    MM   3.5 172 1016.8  12.1  13.0    MM   MM   MM    MM
2026 08 21 10 00 170  2.0  2.0    MM    MM    MM  MM 1016.7  12.2  13.0    MM   MM +1.0    MM
2026 08 21 09 50 150  2.0  3.0   0.4     2   3.4 189 1016.7  12.4  13.0  12.3   MM   MM    MM
2026 08 21 09 40 150  4.0  6.0   0.4    MM   3.4 189 1016.7  12.5  12.9  12.4   MM   MM    MM
2026 08 21 09 30 160  4.0  6.0    MM    MM    MM  MM 1016.7  12.7  13.0  12.2   MM   MM    MM
2026 08 21 09 20 100  2.0  4.0   0.3    14   3.4  58 1016.7  13.0  13.0  11.6   MM   MM    MM
2026 08 21 09 10 110  2.0  4.0   0.3    MM   3.4  58 1016.8  13.1  13.0  11.5   MM   MM    MM
2026 08 21 09 00 130  4.0  5.0    MM    MM    MM  MM 1016.7  13.1  13.0  11.5   MM +1.3    MM
2026 08 21 08 50 140  4.0  6.0   0.4    14   3.3 199 1016.6  13.1  13.0  11.4   MM   MM    MM
2026 08 21 08 40 160  5.0  6.0   0.4    MM   3.3 199 1016.5  13.1  13.0  11.3   MM   MM    MM
2026 08 21 08 30 160  5.0  6.0    MM    MM    MM  MM 1016.5  13.2  13.0  11.5   MM   MM    MM
2026 08 21 08 20 160  5.0  6.0   0.4    14   3.3 201 1016.5  13.2  13.0  11.4   MM   MM    MM
2026 08 21 08 10 170  5.0  7.0    MM    MM    MM  MM 1016.3  13.1  13.0  11.4   MM   MM    MM
2026 08 21 08 00 160  5.0  6.0    MM    MM    MM  MM 1016.2  13.0  13.1  11.6   MM +1.4    MM
2026 08 21 07 50 160  5.0  6.0   0.4     3   3.1 172 1016.2  13.0  13.1  11.9   MM   MM    MM
2026 08 21 07 40 170  5.0  6.0    MM    MM    MM  MM 1016.2  13.0  13.1  11.9   MM   MM    MM
2026 08 21 07 30 170  5.0  6.0    MM    MM    MM  MM 1016.1  13.0  13.1  12.0   MM   MM    MM
2026 08 21 07 20 170  5.0  6.0   0.4     3   3.0 192 1016.0  13.0    MM  11.9   MM   MM    MM
2026 08 21 07 10 170  6.0  7.0   0.4    MM   3.0 192 1015.9  13.1  13.2  11.9   MM   MM    MM
2026 08 21 07 00 160  6.0  7.0    MM    MM    MM  MM 1015.7  13.1    MM  11.7   MM +1.5    MM
2026 08 21 06 50 160  7.0  8.0   0.4     3   3.0 186 1015.6  13.2  13.2  11.6   MM   MM    MM
2026 08 21 06 40 160  7.0  9.0    MM    MM    MM  MM 1015.4  13.2  13.2  11.4   MM   MM    MM
2026 08 21 06 30 160  7.0  8.0    MM    MM    MM  MM 1015.5  13.3  13.3  11.4   MM   MM    MM
2026 08 21 06 20 150  6.0  8.0   0.4     3   3.1 176 1015.4  13.3  13.3  11.6   MM   MM    MM
2026 08 21 06 10 160  7.0  8.0   0.4    MM   3.1 176 1015.4  13.1  13.3  12.0   MM   MM    MM
2026 08 21 06 00 160  6.0  7.0    MM    MM    MM  MM 1015.4  13.0  13.3  12.3   MM +1.2    MM
2026 08 21 05 50 160  7.0  8.0   0.4     3   3.0 189 1015.3  12.8    MM  12.5   MM   MM    MM
2026 08 21 05 40 160  7.0  9.0    MM    MM    MM  MM 1015.2  12.6  13.4  12.6   MM   MM    MM
2026 08 21 05 30 170  7.0  9.0    MM    MM    MM  MM 1015.1  12.8  13.4  12.8   MM   MM    MM
2026 08 21 05 20 170  4.0  7.0   0.4     3   3.2 176 1015.2  13.3  13.4  13.0   MM   MM    MM
2026 08 21 05 10 140  2.0  2.0   0.4    MM   3.2 176 1015.0  13.4  13.4  13.0   MM   MM    MM
2026 08 21 05 00 120  2.0  4.0    MM    MM    MM  MM 1014.9  13.5  13.4  12.9   MM +1.0    MM
2026 08 21 04 50 140  6.0  7.0   0.4    15   3.3 193 1014.9  13.5  13.3  12.7   MM   MM    MM
2026 08 21 04 40 150  7.0  8.0   0.4    MM   3.3 193 1014.7  13.5  13.4  12.6   MM   MM    MM
2026 08 21 04 30 160  7.0  8.0    MM    MM    MM  MM 1014.6  13.4  13.4  12.6   MM   MM    MM
2026 08 21 04 20 160  7.0  9.0   0.4    14   3.4 161 1014.4  13.3  13.4  12.7   MM   MM    MM
2026 08 21 04 10 170  7.0  9.0   0.4    MM   3.4 161 1014.3  13.3  13.4  12.8   MM   MM    MM
2026 08 21 04 00 170  6.0  7.0    MM    MM    MM  MM 1014.3  13.4  13.4  12.6   MM +0.4    MM
2026 08 21 03 50 170  7.0  7.0   0.5    14   3.4 193 1014.2  13.4  13.3  12.5   MM   MM    MM
2026 08 21 03 40 170  6.0  7.0    MM    MM    MM  MM 1014.3  13.3  13.3  12.5   MM   MM    MM
2026 08 21 03 30 170  6.0  7.0    MM    MM    MM  MM 1014.3  13.2  13.3  12.7   MM   MM    MM
2026 08 21 03 20 160  6.0  7.0   0.6     4   3.3  66 1014.2  13.1  13.4  12.8   MM   MM    MM
2026 08 21 03 10 160  6.0  7.0   0.6    MM   3.3  66 1014.3  13.1  13.4  13.0   MM   MM    MM
2026 08 21 03 00 160  6.0  8.0    MM    MM    MM  MM 1014.3  13.0  13.4  12.9   MM +0.7    MM
2026 08 21 02 50 170  7.0  8.0   0.7     4   3.2  78 1014.3  12.9  13.4    MM   MM   MM    MM
2026 08 21 02 40 170  8.0  9.0   0.7    MM   3.2  78 1014.2  12.9  12.9    MM   MM   MM    MM
2026 08 21 02 30 170  8.0  9.0    MM    MM    MM  MM 1014.1  12.9  12.8    MM   MM   MM    MM
2026 08 21 02 20 170  8.0  9.0   0.7     4   3.2  88 1014.0  12.9  12.8    MM   MM   MM    MM
2026 08 21 02 10 180  9.0 11.0   0.7    MM   3.2  88 1014.0  12.8  12.8    MM   MM   MM    MM
2026 08 21 02 00 180  9.0 11.0    MM    MM    MM  MM 1013.9  13.0  12.8    MM   MM +0.3    MM
2026 08 21 01 50 160  4.0  9.0   0.8     4   3.6  98 1014.0  13.4  12.8    MM   MM   MM    MM
2026 08 21 01 40 150  3.0  8.0    MM    MM    MM  MM 1014.0  13.4  12.8    MM   MM   MM    MM
2026 08 21 01 30 110  7.0 10.0    MM    MM    MM  MM 1013.8  13.3  12.8    MM   MM   MM    MM
2026 08 21 01 20 100  7.0  9.0   0.8     4   3.7 109 1013.8  13.3  12.9    MM   MM   MM    MM
2026 08 21 01 10 100  7.0  9.0   0.8    MM   3.7 109 1013.6  13.4  12.9    MM   MM   MM    MM
2026 08 21 01 00  90  8.0 10.0    MM    MM    MM  MM 1013.5  13.4  12.9    MM   MM -0.0    MM
2026 08 21 00 50 100  9.0 11.0   0.8     4   3.5 123 1013.5  13.5  12.9    MM   MM   MM    MM
2026 08 21 00 40 100  9.0 11.0    MM    MM    MM  MM 1013.4  13.5  12.9    MM   MM   MM    MM
2026 08 21 00 30 110  9.0 11.0    MM    MM    MM  MM 1013.3  13.5  12.9    MM   MM   MM    MM
2026 08 21 00 20 110  9.0 11.0   0.7     3   3.3 132 1013.4  13.5  12.9    MM   MM   MM    MM
2026 08 21 00 10 100  8.0 10.0   0.7    MM   3.3 132 1013.6  13.4  12.9    MM   MM   MM    MM
2026 08 21 00 00 100  8.0 11.0    MM    MM    MM  MM 1013.5  13.4  12.9    MM   MM -0.7    MM
2026 08 20 23 50 110  9.0 11.0   0.5     3   3.3 119 1013.5  13.3  12.9    MM   MM   MM    MM
2026 08 20 23 40 110 10.0 13.0   0.5    MM   3.3 119 1013.4  13.3  12.9    MM   MM   MM    MM
2026 08 20 23 20 100  9.0 11.0   0.4    14   3.3 197 1013.6  13.1  12.9    MM   MM   MM    MM
2026 08 20 23 10 100  7.0 10.0   0.4    MM   3.3 197 1013.6  13.0  12.9    MM   MM   MM    MM
2026 08 20 23 00  90  2.0  8.0    MM    MM    MM  MM 1013.6  12.8  12.9    MM   MM -1.0    MM
2026 08 20 22 50  80  1.0  5.0   0.4    13   4.0 214 1013.8  12.7  12.9    MM   MM   MM    MM
2026 08 20 22 40  MM  0.0  2.0   0.4    MM   4.0 214 1013.8  12.7  12.9    MM   MM   MM    MM
2026 08 20 22 30  60  1.0  4.0    MM    MM    MM  MM 1013.8  12.7  12.9    MM   MM   MM    MM
2026 08 20 22 20  60  2.0  5.0   0.4    15   4.2 216 1013.9  12.8  12.9    MM   MM   MM    MM
2026 08 20 22 10  50  3.0  5.0   0.4    MM   4.2 216 1013.9  12.8  12.8    MM   MM   MM    MM
2026 08 20 22 00  50  3.0  5.0    MM    MM    MM  MM 1014.0  12.7  12.8    MM   MM -0.7    MM
2026 08 20 21 50  50  3.0  5.0   0.4    11   3.9 199 1014.0  12.7  12.8    MM   MM   MM    MM
2026 08 20 21 40  50  3.0  5.0   0.4    MM   3.9 199 1014.1  12.7  12.8    MM   MM   MM    MM
2026 08 20 21 30  50  4.0  5.0    MM    MM    MM  MM 1014.1  12.7  12.8    MM   MM   MM    MM
2026 08 20 21 20  50  4.0  5.0   0.4    12   4.1 246 1014.2  12.6  12.8    MM   MM   MM    MM
2026 08 20 21 10  50  4.0  5.0   0.4    MM   4.1 246 1014.2  12.8  12.8    MM   MM   MM    MM
2026 08 20 21 00  30  4.0  5.0    MM    MM    MM  MM 1014.2  12.6  12.8    MM   MM -0.7    MM
2026 08 20 20 50  30  2.0  5.0   0.4    14   4.0 196 1014.2  12.5  12.8    MM   MM   MM    MM
2026 08 20 20 40  30  3.0  5.0   0.4    MM   4.0 196 1014.3  12.4  12.8    MM   MM   MM    MM
2026 08 20 20 30  20  2.0  5.0    MM    MM    MM  MM 1014.3  12.5  12.8    MM   MM   MM    MM
2026 08 20 20 20  20  2.0  5.0   0.4     6   4.0 191 1014.4  12.5  12.8    MM   MM   MM    MM
2026 08 20 20 10  20  2.0  4.0   0.4    MM   4.0 191 1014.4  12.4  12.8    MM   MM   MM    MM
2026 08 20 20 00  20  3.0  4.0    MM    MM    MM  MM 1014.6  12.4  12.8    MM   MM -0.3    MM
2026 08 20 19 50  30  3.0  5.0   0.4     7   4.2 193 1014.5  12.4  12.8    MM   MM   MM    MM
2026 08 20 19 40  30  4.0  5.0   0.4    MM   4.2 193 1014.6  12.3  12.9    MM   MM   MM    MM
2026 08 20 19 30  30  4.0  5.0    MM    MM    MM  MM 1014.7  12.3  12.9    MM   MM   MM    MM
2026 08 20 19 20  20  4.0  5.0   0.4    14   4.9 197 1014.6  12.2  12.9    MM   MM   MM    MM
2026 08 20 19 10  20  4.0  5.0   0.4    MM   4.9 197 1014.6  12.2  12.9    MM   MM   MM    MM
2026 08 20 19 00  20  5.0  6.0    MM    MM    MM  MM 1014.8  12.2    MM    MM   MM -0.3    MM
2026 08 20 18 50  20  4.0  5.0   0.5    MM   5.0 172 1014.8  12.3  12.9    MM   MM   MM    MM
2026 08 20 18 40  MM   MM   MM   0.5    14   5.0 172     MM    MM    MM    MM   MM   MM    MM
2026 08 20 18 30  40  3.0  4.0    MM    MM    MM  MM 1015.0  12.5  12.9    MM   MM   MM    MM
2026 08 20 18 20  40  2.0  4.0   0.4     7   4.8 184 1014.9  12.5  12.9    MM   MM   MM    MM
2026 08 20 18 10  50  3.0  4.0   0.4    MM   4.8 184 1014.9  12.6  12.9    MM   MM   MM    MM
2026 08 20 18 00  60  3.0  4.0    MM    MM    MM  MM 1014.9  12.6  12.9    MM   MM -0.3    MM
2026 08 20 17 50  60  3.0  5.0   0.4    14   5.4 208 1014.9  12.6  12.9    MM   MM   MM    MM
2026 08 20 17 40  50  2.0  5.0    MM    MM    MM  MM 1014.9  12.6  12.9    MM   MM   MM    MM
2026 08 20 17 30  50  3.0  4.0    MM    MM    MM  MM 1014.9  12.8  12.9    MM   MM   MM    MM
2026 08 20 17 20  50  3.0  4.0   0.4    14   5.3 224 1014.8  12.7  12.9    MM   MM   MM    MM
2026 08 20 17 10  60  3.0  4.0   0.4    MM   5.3 224 1014.8  12.6  12.9    MM   MM   MM    MM
2026 08 20 17 00  60  3.0  4.0    MM    MM    MM  MM 1014.9  12.5  12.9    MM   MM -0.6    MM
2026 08 20 16 50  70  3.0  4.0   0.4    13   5.2 176 1014.9  12.5  13.0    MM   MM   MM    MM
2026 08 20 16 40  70  3.0  3.0    MM    MM    MM  MM 1015.0  12.6  13.0    MM   MM   MM    MM
2026 08 20 16 30  80  2.0  3.0    MM    MM    MM  MM 1015.0  12.7  13.0    MM   MM   MM    MM
2026 08 20 16 20  80  2.0  3.0   0.4    15   5.0 191 1015.0  12.7  13.0    MM   MM   MM    MM
2026 08 20 16 10  80  2.0  3.0   0.4    MM   5.0 191 1015.0  12.6  13.0    MM   MM   MM    MM
2026 08 20 16 00  80  2.0  3.0    MM    MM    MM  MM 1015.1  12.6  13.0    MM   MM -1.0    MM
2026 08 20 15 50  90  3.0  3.0   0.4     9   5.1 199 1015.0  12.7  13.0    MM   MM   MM    MM
2026 08 20 15 40 100  3.0  4.0    MM    MM    MM  MM 1015.1  12.8  13.0    MM   MM   MM    MM
2026 08 20 15 30 100  3.0  4.0    MM    MM    MM  MM 1015.1  12.9  13.1    MM   MM   MM    MM
2026 08 20 15 10  80  3.0  4.0    MM    MM    MM  MM 1015.2  12.9  13.1  12.9   MM   MM    MM
2026 08 20 15 00  80  3.0  3.0    MM    MM    MM  MM 1015.2  12.8  13.1  12.8   MM -1.3    MM
2026 08 20 14 50  80  2.0  3.0   0.4    14   5.1 216 1015.2  12.8  13.1  12.8   MM   MM    MM
2026 08 20 14 40  80  2.0  3.0    MM    MM    MM  MM 1015.2  12.7  13.1  12.6   MM   MM    MM
2026 08 20 14 30  70  3.0  3.0    MM    MM    MM  MM 1015.2  12.8  13.1  12.7   MM   MM    MM
2026 08 20 14 20  60  3.0  3.0   0.4    10   4.9 193 1015.4  12.8  13.0  12.6   MM   MM    MM
2026 08 20 14 10  50  3.0  4.0   0.4    MM   4.9 193 1015.4  12.7  13.0  12.4   MM   MM    MM
2026 08 20 14 00  30  4.0  4.0    MM    MM    MM  MM 1015.5  12.6  13.1  12.3   MM -1.7    MM
2026 08 20 13 50  30  4.0  5.0   0.4    14   5.6 212 1015.6  12.6  13.1  12.6   MM   MM    MM
2026 08 20 13 40  20  4.0  4.0   0.4    MM   5.6 212 1015.7  12.6  13.1    MM   MM   MM    MM
2026 08 20 13 30  10  4.0  4.0    MM    MM    MM  MM 1015.7  12.7  13.1    MM   MM   MM    MM
2026 08 20 13 20 360  4.0  4.0   0.4    14   5.7 219 1015.8  12.7  13.1    MM   MM   MM    MM
2026 08 20 13 10 360  3.0  4.0   0.4    MM   5.7 219 1015.9  12.7  13.1    MM   MM   MM    MM
2026 08 20 13 00  10  4.0  5.0    MM    MM    MM  MM 1016.0  12.8  13.0  12.8   MM -1.6    MM
2026 08 20 12 50  20  3.0  4.0   0.4    10   5.3 204 1016.1  12.7  13.0  12.6   MM   MM    MM
2026 08 20 12 40  20  3.0  4.0    MM    MM    MM  MM 1016.2  12.7  13.1  12.5   MM   MM    MM
2026 08 20 12 30  10  4.0  5.0    MM    MM    MM  MM 1016.2  12.6  13.1  12.2   MM   MM    MM
2026 08 20 12 20  10  4.0  5.0   0.4    13   5.3 188 1016.4  12.6  13.1  12.3   MM   MM    MM
2026 08 20 12 10  20  4.0  5.0   0.4    MM   5.3 188 1016.5  12.6  13.1  12.4   MM   MM    MM
2026 08 20 12 00  20  2.0  5.0    MM    MM    MM  MM 1016.5  12.5  13.1  12.3   MM -1.6    MM
2026 08 20 11 50  20  2.0  5.0   0.4    14   6.0 210 1016.6  12.5  13.1  12.4   MM   MM    MM
2026 08 20 11 40  20  3.0  5.0    MM    MM    MM  MM 1016.7  12.5  13.1  12.5   MM   MM    MM
2026 08 20 11 30  MM  0.0  3.0    MM    MM    MM  MM 1016.8  12.6  13.1  12.5   MM   MM    MM
2026 08 20 11 20  20  2.0  5.0   0.4    14   5.9 183 1017.0  12.7  13.1  12.3   MM   MM    MM
2026 08 20 11 10  20  4.0  5.0    MM    MM    MM  MM 1017.1  12.7  13.1  12.1   MM   MM    MM
2026 08 20 11 00  20  4.0  5.0   0.4    MM   5.9 183 1017.1  12.6  13.0  12.2   MM -1.2    MM
2026 08 20 10 50  20  4.0  5.0   0.4    11   5.9 212 1017.3  12.6  13.0  12.4   MM   MM    MM
2026 08 20 10 40  20  4.0  4.0   0.4    MM   5.9 212 1017.4  12.6  13.0  12.6   MM   MM    MM
2026 08 20 10 30  20  3.0  4.0    MM    MM    MM  MM 1017.5  12.6  13.0    MM   MM   MM    MM
2026 08 20 10 20  40  3.0  4.0   0.3    14   6.0 204 1017.6  12.8  13.0    MM   MM   MM    MM
2026 08 20 10 10  60  3.0  3.0   0.3    MM   6.0 204 1017.6  12.7  13.0    MM   MM   MM    MM
2026 08 20 10 00  60  3.0  3.0    MM    MM    MM  MM 1017.6  12.7  13.1    MM   MM -0.6    MM
2026 08 20 09 50  60  3.0  3.0   0.3    14   5.0 175 1017.8  12.8  13.2    MM   MM   MM    MM
2026 08 20 09 40  70  3.0  4.0   0.3    MM   5.0 175 1017.9  12.9  13.2    MM   MM   MM    MM
2026 08 20 09 30  70  3.0  3.0    MM    MM    MM  MM 1017.9  13.0  13.2    MM   MM   MM    MM
2026 08 20 09 20  70  4.0  5.0   0.3    11   6.2 202 1018.0  13.1  13.2  13.0   MM   MM    MM
2026 08 20 09 10  70  4.0  5.0    MM    MM    MM  MM 1018.0  13.1  13.2  13.0   MM   MM    MM
2026 08 20 09 00  70  4.0  5.0    MM    MM    MM  MM 1018.1  13.1  13.2  13.1   MM -0.3    MM
2026 08 20 08 50  60  4.0  4.0   0.3    11   7.8 185 1018.2  13.2  13.2  13.2   MM   MM    MM
2026 08 20 08 40  50  3.0  5.0    MM    MM    MM  MM 1018.2  13.1  13.2  13.1   MM   MM    MM
2026 08 20 08 30  50  3.0  3.0    MM    MM    MM  MM 1018.2  13.2  13.2  13.2   MM   MM    MM
2026 08 20 08 20  60  2.0  3.0   0.3    14   8.4 203 1018.3  13.2  13.3  13.1   MM   MM    MM
2026 08 20 08 10  50  2.0  3.0    MM    MM    MM  MM 1018.4  13.3  13.3  13.2   MM   MM    MM
2026 08 20 08 00  50  1.0  2.0    MM    MM    MM  MM 1018.4  13.4  13.2  13.1   MM +0.0    MM
2026 08 20 07 50  50  1.0  2.0   0.3    14   8.7 176 1018.7  13.4    MM  12.7   MM   MM    MM
2026 08 20 07 40  60  2.0  2.0    MM    MM    MM  MM 1018.4    MM  13.3    MM   MM   MM    MM
2026 08 20 07 30  70  2.0  2.0    MM    MM    MM  MM 1018.3  13.5  13.2  12.7   MM   MM    MM
2026 08 20 07 20  40  2.0  2.0   0.3    MM   9.4 169 1018.1    MM  13.2    MM   MM   MM    MM
2026 08 20 07 10  40  2.0  2.0   0.3    MM   9.4 169 1018.2  13.6  13.2  12.8   MM   MM    MM
2026 08 20 07 00  30  2.0  3.0    MM    MM    MM  MM 1018.1  13.6    MM  12.6   MM -0.6    MM
2026 08 20 06 50  20  2.0  3.0   0.2    MM   7.2  MM 1018.2  13.6  13.2  12.7   MM   MM    MM
2026 08 20 06 40  10  2.0  3.0   0.2    MM   7.2  MM 1018.2    MM  13.2    MM   MM   MM    MM
2026 08 20 06 30  10  2.0  3.0    MM    MM    MM  MM 1018.2  13.5  13.2  13.1   MM   MM    MM
2026 08 20 06 20  10  2.0  3.0   0.2    MM   8.4  MM 1018.2  13.5  13.2  13.3   MM   MM    MM
2026 08 20 06 10  20  2.0  2.0    MM    MM    MM  MM 1018.3  13.6  13.1  13.1   MM   MM    MM
2026 08 20 06 00  20  2.0  2.0    MM    MM    MM  MM 1018.4  13.6  13.2  12.8   MM -0.7    MM
2026 08 20 05 50  20  2.0  2.0   0.2    MM   7.8  MM 1018.5    MM  13.2    MM   MM   MM    MM
2026 08 20 05 40  30  2.0  2.0    MM    MM    MM  MM 1018.5  13.5  13.2  12.5   MM   MM    MM
2026 08 20 05 30  20  2.0  3.0    MM    MM    MM  MM 1018.4  13.5  13.2  12.5   MM   MM    MM
2026 08 20 05 20  30  2.0  3.0   0.2    MM   7.9  MM 1018.5  13.5  13.3  12.5   MM   MM    MM
2026 08 20 05 10  20  2.0  3.0   0.2    MM   7.9  MM 1018.5  13.5  13.2  12.6   MM   MM    MM
2026 08 20 05 00  30  2.0  3.0    MM    MM    MM  MM 1018.6  13.6  13.3  12.5   MM -0.7    MM
2026 08 20 04 50  40  2.0  3.0   0.2    MM   7.4  MM 1018.5  13.6  13.3  12.4   MM   MM    MM
2026 08 20 04 40  40  3.0  3.0    MM    MM    MM  MM 1018.5  13.6  13.3  12.3   MM   MM    MM
2026 08 20 04 30  50  3.0  3.0    MM    MM    MM  MM 1018.6  13.5  13.3  12.2   MM   MM    MM
2026 08 20 04 20  50  3.0  3.0   0.2    MM   7.3  MM 1018.7  13.6  13.3  12.4   MM   MM    MM
2026 08 20 04 10  50  3.0  3.0   0.2    MM   7.3  MM 1018.7  13.6  13.3  12.3   MM   MM    MM
2026 08 20 04 00  50  3.0  4.0    MM    MM    MM  MM 1018.7  13.5  13.3  12.3   MM -1.0    MM
2026 08 20 03 50  50  3.0  4.0   0.2    MM   6.8  MM 1018.7  13.5  13.2  12.6   MM   MM    MM
2026 08 20 03 40  50  3.0  4.0    MM    MM    MM  MM 1018.7  13.5  13.0  12.6   MM   MM    MM
2026 08 20 03 30  60  3.0  4.0    MM    MM    MM  MM 1018.7  13.5  13.0  12.5   MM   MM    MM
2026 08 20 03 20  60  3.0  4.0   0.3    15   5.7 174 1018.8  13.5  13.1  12.6   MM   MM    MM
2026 08 20 03 10  60  3.0  4.0   0.3    MM   5.7 174 1019.0  13.5  13.2  12.6   MM   MM    MM
2026 08 20 03 00  60  4.0  4.0    MM    MM    MM  MM 1019.0  13.5  13.2  12.5   MM -1.0    MM
2026 08 20 02 50  60  3.0  4.0   0.3    13   6.1 197 1019.2  13.6  13.4  12.5   MM   MM    MM
2026 08 20 02 40  70  3.0  4.0    MM    MM    MM  MM 1019.3  13.6  13.4  12.5   MM   MM    MM
2026 08 20 02 30  70  3.0  4.0    MM    MM    MM  MM 1019.3  13.5  13.4  12.7   MM   MM    MM
2026 08 20 02 20  60  3.0  4.0   0.3    15   7.6 190 1019.3  13.6  13.3  12.6   MM   MM    MM
2026 08 20 02 10  70  3.0  4.0   0.3    MM   7.6 190 1019.3  13.6  13.3  12.5   MM   MM    MM
2026 08 20 02 00  60  4.0  5.0    MM    MM    MM  MM 1019.3  13.6  13.5  12.5   MM -1.0    MM
2026 08 20 01 50  70  4.0  4.0   0.4    11   8.1 199 1019.3  13.7  13.5  12.5   MM   MM    MM
2026 08 20 01 40  70  4.0  4.0   0.4    MM   8.1 199 1019.4  13.8  13.3  12.2   MM   MM    MM
2026 08 20 01 30  80  4.0  4.0    MM    MM    MM  MM 1019.6  13.8  13.3  12.1   MM   MM    MM
2026 08 20 01 20  80  3.0  4.0   0.4     9   7.5 193 1019.6  13.8  13.2  12.0   MM   MM    MM
2026 08 20 01 10  70  3.0  4.0   0.4    MM   7.5 193 1019.7  13.8  13.1  12.0   MM   MM    MM
2026 08 20 01 00  50  2.0  3.0    MM    MM    MM  MM 1019.8  13.6  12.8  11.8   MM -0.7    MM
2026 08 20 00 50  30  2.0  3.0   0.3     9   7.6 188 1019.8  13.3  12.7  12.4   MM   MM    MM
2026 08 20 00 40  20  2.0  3.0    MM    MM    MM  MM 1019.9  13.5  12.4  13.4   MM   MM    MM
2026 08 20 00 30  20  3.0  4.0    MM    MM    MM  MM 1019.8  13.5  12.4  13.3   MM   MM    MM
2026 08 20 00 20  20  3.0  4.0   0.3    14   7.5 190 1019.8  13.5  12.3  13.2   MM   MM    MM
2026 08 20 00 10  10  3.0  3.0   0.3    MM   7.5 190 1019.9  13.5  12.4  13.2   MM   MM    MM
2026 08 20 00 00 360  2.0  3.0    MM    MM    MM  MM 1020.1  13.5  12.9  13.0   MM -0.7    MM
2026 08 19 23 50  10  2.0  2.0   0.4    10   7.5 196 1020.2  13.4  13.0  12.8   MM   MM    MM
2026 08 19 23 40 360  2.0  3.0    MM    MM    MM  MM 1020.2  13.5  13.1  12.9   MM   MM    MM
2026 08 19 23 10 360  2.0  2.0   0.4    MM   7.6 190 1020.2  13.6  13.5  12.2   MM   MM    MM
2026 08 19 23 00 350  1.0  2.0    MM    MM    MM  MM 1020.2  13.6  13.4  11.9   MM -0.6    MM
2026 08 19 22 50 340  1.0  1.0   0.4    10   7.5 200 1020.3  13.7  13.2  11.8   MM   MM    MM
2026 08 19 22 40 350  1.0  1.0   0.4    MM   7.5 200 1020.2  13.9  13.4  11.7   MM   MM    MM
2026 08 19 22 30  MM  0.0  0.0    MM    MM    MM  MM 1020.3  14.2  13.1  11.6   MM   MM    MM
2026 08 19 22 20  MM  0.0  0.0   0.4    14   7.2 182 1020.3  14.7  13.0  12.2   MM   MM    MM
2026 08 19 22 10  MM  0.0  0.0   0.4    MM   7.2 182 1020.4  14.2  13.0  12.2   MM   MM    MM
2026 08 19 22 00  MM  0.0  0.0    MM    MM    MM  MM 1020.4  13.9  12.9  12.2   MM -0.4    MM
2026 08 19 21 50  MM  0.0  0.0   0.4    14   7.4 172 1020.6  13.8  12.9  12.8   MM   MM    MM
2026 08 19 21 40  MM  0.0  0.0    MM    MM    MM  MM 1020.6  13.3  12.9  12.7   MM   MM    MM
2026 08 19 21 30  MM  0.0  0.0    MM    MM    MM  MM 1020.6  13.3  13.0  13.0   MM   MM    MM
2026 08 19 21 20  MM  0.0  0.0   0.4    10   7.2 188 1020.6  13.1  12.8  12.9   MM   MM    MM
2026 08 19 21 10 170  1.0  1.0   0.4    MM   7.2 188 1020.7  13.0  12.9  12.8   MM   MM    MM
2026 08 19 21 00 180  1.0  1.0    MM    MM    MM  MM 1020.7  13.0  12.9  12.7   MM +0.0    MM
2026 08 19 20 50 180  1.0  1.0   0.4    11   7.5 202 1020.7  13.1  13.0  12.8   MM   MM    MM
2026 08 19 20 40  MM  0.0  0.0    MM    MM    MM  MM 1020.7  13.1  13.0  13.0   MM   MM    MM
2026 08 19 20 30  MM  0.0  1.0    MM    MM    MM  MM 1020.8  12.9  13.1  12.9   MM   MM    MM
2026 08 19 20 20 120  1.0  1.0   0.4    11   8.0 197 1020.7  12.9  13.1  12.9   MM   MM    MM
2026 08 19 20 10 100  1.0  2.0    MM    MM    MM  MM 1020.8  12.8  13.0    MM   MM   MM    MM
2026 08 19 20 00  80  2.0  2.0   0.4    MM   8.0 197 1020.8  12.6  13.0    MM   MM +0.0    MM
2026 08 19 19 50  70  2.0  3.0   0.3    MM   7.6 194 1020.7  12.5  12.9    MM   MM   MM    MM
2026 08 19 19 40  MM   MM   MM   0.3    11   7.6 194     MM    MM    MM    MM   MM   MM    MM
2026 08 19 19 30  60  3.0  3.0    MM    MM    MM  MM 1020.8  12.4  12.8    MM   MM   MM    MM
2026 08 19 19 20  60  2.0  3.0   0.3    11   7.4 191 1020.8  12.3  12.8    MM   MM   MM    MM
2026 08 19 19 10  60  3.0  3.0   0.3    MM   7.4 191 1020.8  12.2  12.8    MM   MM   MM    MM
2026 08 19 19 00  60  3.0  3.0    MM    MM    MM  MM 1020.9  12.2  12.8    MM   MM +0.4    MM
2026 08 19 18 50  60  2.0  3.0   0.3    14   7.0 193 1020.9  12.2    MM    MM   MM   MM    MM
2026 08 19 18 40  60  3.0  3.0    MM    MM    MM  MM 1020.9  12.2  12.7    MM   MM   MM    MM
2026 08 19 18 30  60  3.0  3.0    MM    MM    MM  MM 1020.9  12.3  12.7    MM   MM   MM    MM
2026 08 19 18 20  60  3.0  3.0   0.3    14   7.1 168 1020.9  12.3  12.6    MM   MM   MM    MM
2026 08 19 18 10  50  3.0  3.0   0.3    MM   7.1 168 1020.9  12.3  12.5    MM   MM   MM    MM
2026 08 19 18 00  50  2.0  3.0    MM    MM    MM  MM 1020.9  12.4  12.5    MM   MM +0.6    MM
2026 08 19 17 50  70  1.0  2.0   0.3    15   6.6 170 1020.9  12.3  12.5    MM   MM   MM    MM
2026 08 19 17 40 100  1.0  2.0   0.3    MM   6.6 170 1020.9  12.3  12.4    MM   MM   MM    MM
2026 08 19 17 30 110  1.0  2.0    MM    MM    MM  MM 1020.9  12.3  12.4    MM   MM   MM    MM
2026 08 19 17 20 140  1.0  2.0   0.3    15   6.8 156 1020.9  12.4  12.2    MM   MM   MM    MM
2026 08 19 17 10 110  2.0  2.0   0.3    MM   6.8 156 1020.9  12.4  12.4    MM   MM   MM    MM
2026 08 19 17 00 100  2.0  3.0    MM    MM    MM  MM 1020.8  12.4  12.4    MM   MM +0.5    MM
2026 08 19 16 50  90  3.0  3.0   0.3    12   5.9 179 1020.7  12.4  12.4    MM   MM   MM    MM
2026 08 19 16 40  90  3.0  3.0   0.3    MM   5.9 179 1020.6  12.4  12.4    MM   MM   MM    MM
2026 08 19 16 30  90  3.0  3.0    MM    MM    MM  MM 1020.6  12.5  12.3    MM   MM   MM    MM
2026 08 19 16 20  80  3.0  4.0   0.3    10   5.4 187 1020.5  12.5  12.3    MM   MM   MM    MM
2026 08 19 16 10  90  3.0  4.0   0.3    MM   5.4 187 1020.5  12.5  12.2    MM   MM   MM    MM
2026 08 19 16 00  90  3.0  4.0    MM    MM    MM  MM 1020.4  12.5  12.4    MM   MM -0.0    MM
2026 08 19 15 50  80  3.0  4.0   0.4    14   5.8 175 1020.4  12.5  12.4    MM   MM   MM    MM
2026 08 19 15 40  80  3.0  4.0   0.4    MM   5.8 175 1020.4  12.4  12.3    MM   MM   MM    MM
2026 08 19 15 30 100  3.0  4.0    MM    MM    MM  MM 1020.5  12.4  12.3    MM   MM   MM    MM
2026 08 19 15 20 100  3.0  4.0   0.3    13   5.3 192 1020.5  12.5  12.4    MM   MM   MM    MM
2026 08 19 15 10  80  4.0  4.0   0.3    MM   5.3 192 1020.4  12.5  12.2    MM   MM   MM    MM
2026 08 19 15 00  80  3.0  4.0    MM    MM    MM  MM 1020.4  12.4  12.3    MM   MM -0.4    MM
2026 08 19 14 50  70  3.0  4.0   0.4     8   5.4 197 1020.4  12.3  12.4    MM   MM   MM    MM
2026 08 19 14 40  70  3.0  4.0   0.4    MM   5.4 197 1020.4  12.4  12.3    MM   MM   MM    MM
2026 08 19 14 30  70  3.0  4.0    MM    MM    MM  MM 1020.4  12.4  12.4    MM   MM   MM    MM
2026 08 19 14 20  70  3.0  4.0   0.4    15   5.6 204 1020.4  12.3  12.5    MM   MM   MM    MM
2026 08 19 14 10  60  3.0  4.0   0.4    MM   5.6 204 1020.4  12.4  12.3    MM   MM   MM    MM
2026 08 19 14 00  50  3.0  4.0    MM    MM    MM  MM 1020.4  12.4  12.5    MM   MM -0.4    MM
2026 08 19 13 50  30  3.0  4.0   0.3    11   5.3 198 1020.4  12.3  12.5    MM   MM   MM    MM
2026 08 19 13 40  20  2.0  3.0    MM    MM    MM  MM 1020.4  12.3  12.5    MM   MM   MM    MM
2026 08 19 13 30  20  2.0  3.0    MM    MM    MM  MM 1020.6  12.3  12.6    MM   MM   MM    MM
2026 08 19 13 20  60  2.0  3.0   0.4    13   6.1 188 1020.7  12.3  12.6    MM   MM   MM    MM
2026 08 19 13 10  50  3.0  3.0   0.4    MM   6.1 188 1020.7  12.1  12.6    MM   MM   MM    MM
2026 08 19 13 00  40  3.0  3.0    MM    MM    MM  MM 1020.7  12.0  12.7    MM   MM -0.3    MM
2026 08 19 12 50  40  3.0  4.0   0.4    12   6.3 201 1020.7  12.0  12.7    MM   MM   MM    MM
2026 08 19 12 40  30  3.0  3.0    MM    MM    MM  MM 1020.7  12.0  12.7    MM   MM   MM    MM
2026 08 19 12 30  30  2.0  3.0    MM    MM    MM  MM 1020.7  11.9  12.7    MM   MM   MM    MM
2026 08 19 12 20  40  2.0  3.0   0.4     9   6.1 200 1020.8  11.9  12.7    MM   MM   MM    MM
2026 08 19 12 10  50  2.0  2.0   0.4    MM   6.1 200 1020.8  12.0  12.7    MM   MM   MM    MM
2026 08 19 12 00  70  2.0  3.0    MM    MM    MM  MM 1020.7  12.0  12.7    MM   MM -0.4    MM
2026 08 19 11 50  80  2.0  3.0   0.4    13   5.9 181 1020.7  12.0  12.7    MM   MM   MM    MM
2026 08 19 11 40  90  3.0  3.0   0.4    MM   5.9 181 1020.7  12.0  12.5    MM   MM   MM    MM
2026 08 19 11 30 100  3.0  4.0    MM    MM    MM  MM 1020.7  12.1  12.4    MM   MM   MM    MM
2026 08 19 11 20  90  2.0  3.0   0.4    12   5.9 194 1020.8  12.2  12.3    MM   MM   MM    MM
2026 08 19 11 10  80  2.0  3.0   0.4    MM   5.9 194 1020.8  12.2  12.3    MM   MM   MM    MM
2026 08 19 11 00  70  3.0  3.0    MM    MM    MM  MM 1020.8  12.2  12.3    MM   MM +0.0    MM
2026 08 19 10 50  80  3.0  4.0   0.4    15   5.5 179 1020.8  12.3  12.4    MM   MM   MM    MM
2026 08 19 10 40  90  3.0  4.0    MM    MM    MM  MM 1020.8  12.4  12.3    MM   MM   MM    MM
2026 08 19 10 30  90  3.0  3.0    MM    MM    MM  MM 1020.9  12.4  12.4    MM   MM   MM    MM
2026 08 19 10 20  90  3.0  4.0   0.5     8   6.1 193 1020.9  12.4  12.4    MM   MM   MM    MM
2026 08 19 10 10 100  3.0  4.0   0.5    MM   6.1 193 1021.0  12.4  12.2    MM   MM   MM    MM
2026 08 19 10 00 100  3.0  3.0    MM    MM    MM  MM 1021.0  12.4  12.3    MM   MM +0.4    MM
2026 08 19 09 50  90  2.0  2.0   0.5    11   5.9 212 1021.1  12.5  12.3    MM   MM   MM    MM
2026 08 19 09 40  90  3.0  3.0    MM    MM    MM  MM 1021.1  12.5  12.3    MM   MM   MM    MM
2026 08 19 09 30 100  3.0  4.0    MM    MM    MM  MM 1021.0  12.5  12.3    MM   MM   MM    MM
2026 08 19 09 20 100  2.0  3.0   0.5    10   5.7 188 1021.1  12.5  12.2    MM   MM   MM    MM
2026 08 19 09 10 100  2.0  2.0   0.5    MM   5.7 188 1021.1  12.5  12.2    MM   MM   MM    MM
2026 08 19 09 00 110  3.0  4.0    MM    MM    MM  MM 1021.1  12.5  12.2    MM   MM +0.8    MM
2026 08 19 08 50 100  4.0  5.0   0.5     8   5.0 199 1021.1  12.5  12.3    MM   MM   MM    MM
2026 08 19 08 40 100  4.0  4.0    MM    MM    MM  MM 1021.0  12.5  12.2    MM   MM   MM    MM
2026 08 19 08 30 110  4.0  5.0    MM    MM    MM  MM 1021.0  12.6  12.2    MM   MM   MM    MM
2026 08 19 08 20 110  4.0  5.0   0.5    11   5.4 193 1020.9  12.6  12.3    MM   MM   MM    MM
2026 08 19 08 10 110  4.0  5.0    MM    MM    MM  MM 1020.9  12.5  12.2    MM   MM   MM    MM
2026 08 19 08 00 100  4.0  5.0    MM    MM    MM  MM 1020.9  12.5  12.3    MM   MM +0.9    MM
2026 08 19 07 50 100  5.0  5.0   0.5    MM   6.1 205 1020.9  12.5  12.5    MM   MM   MM    MM
2026 08 19 07 40  MM   MM   MM   0.5    10   6.1 205     MM    MM    MM    MM   MM   MM    MM
2026 08 19 07 30 100  5.0  6.0    MM    MM    MM  MM 1020.7  12.7  12.5  12.7   MM   MM    MM
2026 08 19 07 20 100  4.0  5.0   0.4    11   5.7 207 1020.7  12.7  12.6  12.7   MM   MM    MM
2026 08 19 07 10 100  4.0  5.0    MM    MM    MM  MM 1020.7  12.8  12.7  12.8   MM   MM    MM
2026 08 19 07 00  90  4.0  5.0    MM    MM    MM  MM 1020.6  12.8  12.7  12.8   MM +0.8    MM
2026 08 19 06 50  80  4.0  5.0   0.5    10   6.7 197 1020.6  12.8  12.6  12.8   MM   MM    MM
2026 08 19 06 40  80  4.0  4.0   0.5    MM   6.7 197 1020.6  12.8  12.6  12.7   MM   MM    MM
2026 08 19 06 30  90  3.0  4.0    MM    MM    MM  MM 1020.5  12.8  12.6  12.7   MM   MM    MM
2026 08 19 06 20  90  3.0  4.0   0.4    12   5.9 203 1020.4  12.8  12.6  12.6   MM   MM    MM
2026 08 19 06 10  90  3.0  4.0   0.4    MM   5.9 203 1020.4  12.9  12.7  12.7   MM   MM    MM
2026 08 19 06 00  90  4.0  5.0    MM    MM    MM  MM 1020.4  12.9  12.7  12.7   MM +0.5    MM
2026 08 19 05 50  90  4.0  5.0   0.4    15   6.7 215 1020.2  12.9  12.7  12.7   MM   MM    MM
2026 08 19 05 40  90  3.0  4.0    MM    MM    MM  MM 1020.1  13.0  12.8  12.7   MM   MM    MM
2026 08 19 05 30  90  3.0  4.0    MM    MM    MM  MM 1020.1  13.0  12.8  12.7   MM   MM    MM
2026 08 19 05 20  90  3.0  4.0   0.4    11   7.0 210 1020.0  12.8  12.9  12.5   MM   MM    MM
2026 08 19 05 10  90  2.0  3.0   0.4    MM   7.0 210 1020.0  12.9  12.9  12.5   MM   MM    MM
2026 08 19 05 00  90  1.0  2.0    MM    MM    MM  MM 1020.0  13.0  12.8  12.3   MM +0.4    MM
2026 08 19 04 50  80  1.0  2.0   0.4    12   6.0 218 1020.0  13.0  12.8  12.1   MM   MM    MM
2026 08 19 04 40  20  1.0  2.0   0.4    MM   6.0 218 1019.9  12.8  12.6  11.9   MM   MM    MM
2026 08 19 04 30 340  2.0  2.0    MM    MM    MM  MM 1019.9  12.7  12.6  11.9   MM   MM    MM
2026 08 19 04 20 310  2.0  2.0   0.4    15   5.7 176 1019.9  12.7  12.5  12.0   MM   MM    MM
2026 08 19 04 10 320  2.0  3.0   0.4    MM   5.7 176 1019.9  12.6  12.1  11.9   MM   MM    MM
2026 08 19 04 00 310  2.0  3.0    MM    MM    MM  MM 1019.8  12.6  12.2  12.1   MM +0.0    MM
2026 08 19 03 50 300  3.0  3.0   0.4     9   5.3 200 1019.7  12.5  12.1  12.2   MM   MM    MM
2026 08 19 03 40 310  2.0  3.0    MM    MM    MM  MM 1019.8  12.6  12.1  12.3   MM   MM    MM
2026 08 19 03 30 290  2.0  3.0    MM    MM    MM  MM 1019.8  12.6  12.1  12.1   MM   MM    MM
2026 08 19 03 20 280  2.0  3.0   0.4    11   5.4 210 1019.8  12.7  12.2  12.2   MM   MM    MM
2026 08 19 03 10 280  3.0  3.0   0.4    MM   5.4 210 1019.8  12.7  12.3  12.3   MM   MM    MM
2026 08 19 03 00 270  2.0  3.0    MM    MM    MM  MM 1019.8  12.9    MM  12.3   MM +0.0    MM
2026 08 19 02 50 250  1.0  2.0   0.4    10   4.7 201 1019.8  13.0  12.5  12.3   MM   MM    MM
2026 08 19 02 40 120  3.0  4.0    MM    MM    MM  MM 1019.7  13.1  12.5  12.3   MM   MM    MM
2026 08 19 02 30 100  3.0  4.0    MM    MM    MM  MM 1019.6  13.0  12.5  12.1   MM   MM    MM
2026 08 19 02 20 100  3.0  4.0   0.5     9   5.8 202 1019.6  13.0  12.5  12.1   MM   MM    MM
2026 08 19 02 10 100  4.0  5.0    MM    MM    MM  MM 1019.7  13.1  12.4  12.2   MM   MM    MM
2026 08 19 02 00 100  4.0  5.0    MM    MM    MM  MM 1019.5  13.0  12.4  12.2   MM -0.3    MM
2026 08 19 01 50 100  3.0  4.0   0.5     9   6.1 199 1019.7  12.9  12.5  12.3   MM   MM    MM
2026 08 19 01 40 100  3.0  4.0   0.5    MM   6.1 199 1019.8  12.9  12.4  12.4   MM   MM    MM
2026 08 19 01 30  90  3.0  4.0    MM    MM    MM  MM 1019.7  12.8  12.5  12.4   MM   MM    MM
2026 08 19 01 20  90  4.0  5.0   0.4     9   6.4 198 1019.8  12.7  12.5  12.5   MM   MM    MM
2026 08 19 01 10  80  3.0  5.0   0.4    MM   6.4 198 1019.8  12.7  12.5  12.5   MM   MM    MM
2026 08 19 01 00 100  2.0  4.0    MM    MM    MM  MM 1019.8  12.8  12.5  12.3   MM +0.0    MM
2026 08 19 00 50 100  2.0  3.0   0.5     9   7.3 198 1019.9  12.9  12.5  12.3   MM   MM    MM
2026 08 19 00 40  90  3.0  4.0   0.5    MM   7.3 198 1019.9  12.7  12.5  12.4   MM   MM    MM
2026 08 19 00 30  80  2.0  2.0    MM    MM    MM  MM 1019.9  12.6  12.5  12.5   MM   MM    MM
2026 08 19 00 20  80  2.0  3.0   0.5    11   6.5 205 1019.9  12.7  12.6  12.5   MM   MM    MM
2026 08 19 00 10  70  1.0  2.0   0.5    MM   6.5 205 1019.9  12.7  12.6  12.2   MM   MM    MM
2026 08 19 00 00  20  1.0  2.0    MM    MM    MM  MM 1019.9  12.7  12.4  12.2   MM +0.3    MM
2026 08 18 23 50  10  2.0  3.0   0.5    10   6.6 206 1019.8  12.7  11.9  11.9   MM   MM    MM
2026 08 18 23 40 360  1.0  2.0    MM    MM    MM  MM 1019.9  12.8  11.8  11.8   MM   MM    MM
2026 08 18 23 10  MM  0.0  1.0   0.5    MM   6.1 206 1019.9  12.7  11.8  11.6   MM   MM    MM
2026 08 18 23 00  MM  0.0  1.0    MM    MM    MM  MM 1019.9  12.6  11.8  11.4   MM +0.7    MM
2026 08 18 22 50  MM  0.0  0.0   0.5    11   6.5 199 1019.9  12.7  11.7  11.4   MM   MM    MM
2026 08 18 22 40  MM  0.0  1.0    MM    MM    MM  MM 1019.9  12.5  11.7  11.5   MM   MM    MM
2026 08 18 22 30  30  1.0  1.0    MM    MM    MM  MM 1019.8  12.3  11.7  11.6   MM   MM    MM
2026 08 18 22 20  30  1.0  2.0   0.5    11   6.8 188 1019.8  12.3  11.7  11.6   MM   MM    MM
2026 08 18 22 10  50  1.0  2.0   0.5    MM   6.8 188 1019.7  12.3  11.5  11.4   MM   MM    MM
2026 08 18 22 00  70  1.0  2.0    MM    MM    MM  MM 1019.9  12.3  11.5  11.4   MM +0.9    MM
2026 08 18 21 50  80  1.0  2.0   0.6    10   6.7 197 1019.8  12.3  11.5  11.5   MM   MM    MM
2026 08 18 21 40  90  2.0  3.0   0.6    MM   6.7 197 1019.7  12.3  11.5  11.5   MM   MM    MM
2026 08 18 21 30  90  1.0  3.0    MM    MM    MM  MM 1019.7  12.2  11.6  11.9   MM   MM    MM
2026 08 18 21 20  90  1.0  2.0   0.5     8   6.9 203 1019.5  12.1  11.6  12.1   MM   MM    MM
2026 08 18 21 10  50  1.0  2.0   0.5    MM   6.9 203 1019.5  12.1  11.6    MM   MM   MM    MM
2026 08 18 21 00  60  1.0  2.0    MM    MM    MM  MM 1019.6  12.1  11.6    MM   MM +1.1    MM
2026 08 18 20 50  70  1.0  2.0   0.6     9   6.8 202 1019.5  12.1  11.7    MM   MM   MM    MM
2026 08 18 20 40  70  2.0  3.0   0.6    MM   6.8 202 1019.4  12.1  11.5    MM   MM   MM    MM
2026 08 18 20 30  70  2.0  2.0    MM    MM    MM  MM 1019.4  12.1  11.7    MM   MM   MM    MM
2026 08 18 20 20  80  2.0  3.0   0.5    10   6.5 210 1019.3  12.1  11.7    MM   MM   MM    MM
2026 08 18 20 10  80  2.0  3.0   0.5    MM   6.5 210 1019.2  12.0  11.7    MM   MM   MM    MM
2026 08 18 20 00  70  1.0  2.0    MM    MM    MM  MM 1019.2  12.0  11.7    MM   MM +1.0    MM
2026 08 18 19 50  60  2.0  3.0   0.5    10   6.7 197 1019.1  11.9  11.7    MM   MM   MM    MM
2026 08 18 19 40  60  2.0  3.0    MM    MM    MM  MM 1019.1  11.9  11.6    MM   MM   MM    MM
2026 08 18 19 30  70  2.0  2.0    MM    MM    MM  MM 1019.0  11.8  11.7    MM   MM   MM    MM
2026 08 18 19 20 100  1.0  2.0   0.6    10   6.6 202 1018.9  11.8  11.6    MM   MM   MM    MM
2026 08 18 19 10 100  1.0  2.0    MM    MM    MM  MM 1018.9  11.8  11.6    MM   MM   MM    MM
2026 08 18 19 00 100  1.0  2.0    MM    MM    MM  MM 1018.9  11.9  11.5    MM   MM +1.3    MM
2026 08 18 18 50 110  2.0  2.0   0.6    MM   6.8 196 1018.8  11.9  11.5    MM   MM   MM    MM
2026 08 18 18 40  MM   MM   MM   0.6    10   6.8 196     MM    MM    MM    MM   MM   MM    MM
2026 08 18 18 30 140  2.0  3.0    MM    MM    MM  MM 1018.7  12.0  11.6    MM   MM   MM    MM
2026 08 18 18 20 150  2.0  3.0   0.6    10   6.9 193 1018.5  12.0  11.6    MM   MM   MM    MM
2026 08 18 18 10 160  3.0  3.0   0.6    MM   6.9 193 1018.5  12.0  11.6    MM   MM   MM    MM
2026 08 18 18 00 170  3.0  3.0    MM    MM    MM  MM 1018.5  12.0  11.7    MM   MM +1.1    MM
2026 08 18 17 50 180  3.0  4.0   0.5    11   7.0 202 1018.5  11.9  11.7    MM   MM   MM    MM
2026 08 18 17 40 170  3.0  3.0   0.5    MM   7.0 202 1018.3  11.9  11.8    MM   MM   MM    MM
2026 08 18 17 30 170  2.0  3.0    MM    MM    MM  MM 1018.4  12.0  11.7    MM   MM   MM    MM
2026 08 18 17 20 180  2.0  3.0   0.5    11   6.5 195 1018.3  11.9  11.7    MM   MM   MM    MM
2026 08 18 17 10 190  2.0  3.0    MM    MM    MM  MM 1018.2  11.9  11.4    MM   MM   MM    MM
2026 08 18 17 00 190  2.0  3.0   0.5    MM   6.5 195 1018.1  11.9  11.5    MM   MM +0.7    MM
2026 08 18 16 50 180  2.0  3.0   0.5    11   6.5 199 1018.0  11.9  11.4    MM   MM   MM    MM
2026 08 18 16 40 180  2.0  3.0    MM    MM    MM  MM 1018.0  11.9  11.4    MM   MM   MM    MM
2026 08 18 16 30 190  1.0  3.0    MM    MM    MM  MM 1018.0  11.8  11.4    MM   MM   MM    MM
2026 08 18 16 20 230  1.0  2.0   0.6     9   6.3 206 1017.9  11.8  11.4    MM   MM   MM    MM
2026 08 18 16 10  40  1.0  2.0    MM    MM    MM  MM 1017.8  11.7  11.5    MM   MM   MM    MM
2026 08 18 16 00  20  1.0  2.0    MM    MM    MM  MM 1017.7  11.7  11.4    MM   MM +0.4    MM
2026 08 18 15 50  30  1.0  2.0   0.6    10   6.2 205 1017.6  11.8  11.4    MM   MM   MM    MM
2026 08 18 15 40 150  2.0  3.0   0.6    MM   6.2 205 1017.5  11.9  11.4    MM   MM   MM    MM
2026 08 18 15 30 190  3.0  4.0    MM    MM    MM  MM 1017.4  11.9  11.4    MM   MM   MM    MM
2026 08 18 15 20 200  3.0  3.0   0.6     9   5.5 203 1017.4  11.8  11.4    MM   MM   MM    MM
2026 08 18 15 10 210  2.0  3.0   0.6    MM   5.5 203 1017.4  11.8  11.4    MM   MM   MM    MM
2026 08 18 15 00 200  3.0  4.0    MM    MM    MM  MM 1017.4  11.8  11.4    MM   MM +0.0    MM
2026 08 18 14 50 200  3.0  4.0   0.6    10   4.9 216 1017.4  11.8  11.4    MM   MM   MM    MM
2026 08 18 14 40 190  3.0  4.0    MM    MM    MM  MM 1017.4  11.8  11.4    MM   MM   MM    MM
2026 08 18 14 30 180  3.0  4.0    MM    MM    MM  MM 1017.4  11.9  11.4    MM   MM   MM    MM
2026 08 18 14 20 180  4.0  5.0   0.7     8   5.4 194 1017.5  11.9  11.4    MM   MM   MM    MM
2026 08 18 14 10 190  3.0  4.0   0.7    MM   5.4 194 1017.4  11.9  11.4    MM   MM   MM    MM
2026 08 18 14 00 170  3.0  4.0    MM    MM    MM  MM 1017.5  11.9  11.4    MM   MM -0.0    MM
2026 08 18 13 50 170  3.0  4.0   0.6    10   4.8 199 1017.4  11.9  11.4    MM   MM   MM    MM
2026 08 18 13 40 170  4.0  5.0    MM    MM    MM  MM 1017.4  11.9  11.4    MM   MM   MM    MM
2026 08 18 13 30 180  4.0  5.0    MM    MM    MM  MM 1017.4  12.0  11.4    MM   MM   MM    MM
2026 08 18 13 20 170  5.0  6.0   0.7     9   4.7 218 1017.4  12.0  11.4    MM   MM   MM    MM
2026 08 18 13 10 180  5.0  6.0    MM    MM    MM  MM 1017.2  12.0  11.4    MM   MM   MM    MM
2026 08 18 13 00 180  5.0  6.0    MM    MM    MM  MM 1017.2  12.0  11.4    MM   MM +0.0    MM
2026 08 18 12 50 180  5.0  6.0   0.7    10   4.3 200 1017.2  11.9  11.3    MM   MM   MM    MM
2026 08 18 12 40 170  5.0  6.0   0.7    MM   4.3 200 1017.1  11.9  11.3    MM   MM   MM    MM
2026 08 18 12 30 180  6.0  8.0    MM    MM    MM  MM 1017.1  11.9  11.3    MM   MM   MM    MM
2026 08 18 12 20 180  6.0  7.0   0.6    10   4.5 190 1017.1  11.8  11.3    MM   MM   MM    MM
2026 08 18 12 10 180  5.0  7.0   0.6    MM   4.5 190 1017.1  11.8  11.3    MM   MM   MM    MM
2026 08 18 12 00 190  5.0  6.0    MM    MM    MM  MM 1017.3  11.9  11.3    MM   MM +0.0    MM
2026 08 18 11 50 190  6.0  7.0   0.6    10   4.3 217 1017.3  11.9  11.3    MM   MM   MM    MM
2026 08 18 11 40 190  6.0  7.0   0.6    MM   4.3 217 1017.3  11.9  11.3    MM   MM   MM    MM
2026 08 18 11 30 190  5.0  7.0    MM    MM    MM  MM 1017.4  12.1  11.3  12.1   MM   MM    MM
2026 08 18 11 20 180  4.0  7.0   0.7    10   4.5 204 1017.4  12.1  11.2  12.0   MM   MM    MM
2026 08 18 11 10 170  3.0  5.0   0.7    MM   4.5 204 1017.4  12.1  11.2  12.1   MM   MM    MM
2026 08 18 11 00 170  4.0  6.0    MM    MM    MM  MM 1017.5  12.0  11.2    MM   MM +1.1    MM
2026 08 18 10 50 170  5.0  6.0   0.8    10   4.9 195 1017.5  11.8  11.2    MM   MM   MM    MM
2026 08 18 10 40 180  5.0  7.0    MM    MM    MM  MM 1017.4  11.8  11.2    MM   MM   MM    MM
2026 08 18 10 30 190  5.0  6.0    MM    MM    MM  MM 1017.4  11.8  11.4    MM   MM   MM    MM
2026 08 18 10 20 190  6.0  7.0   0.8    11   4.9 186 1017.4  11.8  11.3    MM   MM   MM    MM
2026 08 18 10 10 190  6.0  7.0   0.8    MM   4.9 186 1017.2  11.8  11.2    MM   MM   MM    MM
2026 08 18 10 00 180  6.0  7.0    MM    MM    MM  MM 1017.1  11.8  11.2    MM   MM +0.8    MM
2026 08 18 09 50 190  6.0  7.0   0.8    10   4.9 177 1017.1  11.8  11.2    MM   MM   MM    MM
2026 08 18 09 40 180  6.0  7.0   0.8    MM   4.9 177 1017.1  11.8  11.5    MM   MM   MM    MM
2026 08 18 09 30 190  6.0  7.0    MM    MM    MM  MM 1017.1  11.8  11.8    MM   MM   MM    MM
2026 08 18 09 20 190  6.0  7.0   1.0    11   5.3 181 1017.1  11.8  11.9  11.8   MM   MM    MM
2026 08 18 09 10 180  6.0  7.0   1.0    MM   5.3 181 1017.1  11.9  12.1  11.9   MM   MM    MM
2026 08 18 09 00 180  6.0  7.0    MM    MM    MM  MM 1017.0  12.0  12.1  12.0   MM +1.2    MM
2026 08 18 08 50 180  7.0  8.0   0.8    11   5.0 181 1016.9  12.1  12.1  11.9   MM   MM    MM
2026 08 18 08 40 180  7.0  8.0    MM    MM    MM  MM 1016.8  12.1  12.1  11.9   MM   MM    MM
2026 08 18 08 30 180  7.0  8.0    MM    MM    MM  MM 1016.8  12.2  12.1  11.9   MM   MM    MM
2026 08 18 08 20 180  7.0  8.0   0.7    10   4.9 179 1016.7  12.2  12.1  11.9   MM   MM    MM
2026 08 18 08 10 180  7.0  8.0    MM    MM    MM  MM 1016.5  12.2  12.1  12.0   MM   MM    MM
2026 08 18 08 00 180  6.0  8.0    MM    MM    MM  MM 1016.4  12.3  12.1  12.1   MM +1.1    MM
2026 08 18 07 50 170  6.0  8.0   0.7    10   4.7 187 1016.3  12.3  12.1  12.0   MM   MM    MM
2026 08 18 07 40 170  6.0  7.0    MM    MM    MM  MM 1016.5  12.4  12.2  12.1   MM   MM    MM
2026 08 18 07 30 170  6.0  7.0    MM    MM    MM  MM 1016.5  12.4  12.2  12.1   MM   MM    MM
2026 08 18 07 20 160  6.0  7.0   0.8    MM   4.9 188 1016.5  12.5  12.2  12.2   MM   MM    MM
2026 08 18 07 10  MM   MM   MM   0.8    11   4.9 188     MM    MM    MM    MM   MM   MM    MM
2026 08 18 07 00 170  7.0  8.0    MM    MM    MM  MM 1016.4    MM  12.3    MM   MM +1.2    MM
2026 08 18 06 50 170  6.0  8.0   0.8    11   4.9 190 1016.3  12.6  12.3  12.3   MM   MM    MM
2026 08 18 06 40 170  7.0  8.0    MM    MM    MM  MM 1016.2  12.5  12.3  12.3   MM   MM    MM
2026 08 18 06 30 170  7.0  8.0    MM    MM    MM  MM 1016.1  12.5  12.3  12.4   MM   MM    MM
2026 08 18 06 20 170  7.0  9.0   0.7    11   4.7 190 1015.7  12.5  12.3  12.4   MM   MM    MM
2026 08 18 06 10 170  7.0  8.0   0.7    MM   4.7 190 1015.7  12.5  12.4  12.4   MM   MM    MM
2026 08 18 06 00 170  6.0  7.0    MM    MM    MM  MM 1015.8  12.6  12.4  12.4   MM +0.9    MM
2026 08 18 05 50 170  6.0  7.0   0.7    12   4.5 202 1015.8  12.6  12.4  12.3   MM   MM    MM
2026 08 18 05 40 170  6.0  7.0   0.7    MM   4.5 202 1015.8  12.7  12.4  12.5   MM   MM    MM
2026 08 18 05 30 180  7.0  8.0    MM    MM    MM  MM 1015.6  12.8  12.4  12.4   MM   MM    MM
2026 08 18 05 20 180  6.0  8.0   0.7    10   4.7 204 1015.6  12.8  12.4  12.2   MM   MM    MM
2026 08 18 05 10 180  6.0  8.0   0.7    MM   4.7 204 1015.3  12.8  12.4  12.2   MM   MM    MM
2026 08 18 05 00 190  6.0  7.0    MM    MM    MM  MM 1015.3  12.7  12.4  12.3   MM +1.0    MM
2026 08 18 04 50 180  6.0  7.0   0.7    10   4.7 202 1015.2  12.8  12.4  12.4   MM   MM    MM
2026 08 18 04 40 170  6.0  7.0    MM    MM    MM  MM 1015.1  12.8  12.4  12.4   MM   MM    MM
2026 08 18 04 30 170  5.0  7.0    MM    MM    MM  MM 1015.0  12.9  12.4  12.5   MM   MM    MM
2026 08 18 04 20 170  5.0  7.0   0.8     9   4.9 208 1015.1  13.0  12.4  12.4   MM   MM    MM
2026 08 18 04 10 150  3.0  4.0   0.8    MM   4.9 208 1015.2  12.9  12.4  12.1   MM   MM    MM
2026 08 18 04 00 120  1.0  3.0    MM    MM    MM  MM 1015.2  12.6  12.4  12.2   MM +0.9    MM
2026 08 18 03 50  40  2.0  2.0   0.9    10   4.9 205 1015.2  12.6  12.4  12.3   MM   MM    MM
2026 08 18 03 40  60  2.0  4.0   0.9    MM   4.9 205 1015.1  12.8  12.4  12.1   MM   MM    MM
2026 08 18 03 30 130  3.0  5.0    MM    MM    MM  MM 1015.0  13.0  12.4  12.1   MM   MM    MM
2026 08 18 03 20 150  4.0  5.0   0.8     9   5.2 189 1014.9  12.9  12.4  12.0   MM   MM    MM
2026 08 18 03 10 150  3.0  5.0   0.8    MM   5.2 189 1014.9  12.9  12.4  12.0   MM   MM    MM
2026 08 18 03 00 150  3.0  5.0    MM    MM    MM  MM 1014.8  12.8  12.4  12.0   MM +1.0    MM
2026 08 18 02 50 180  4.0  6.0   0.8    11   4.8 205 1014.9  12.9  12.5  12.0   MM   MM    MM
2026 08 18 02 40 180  5.0  6.0    MM    MM    MM  MM 1014.8  12.9  12.5  11.8   MM   MM    MM
2026 08 18 02 30 170  5.0  7.0    MM    MM    MM  MM 1014.7  13.0  12.5  11.7   MM   MM    MM
2026 08 18 02 20 180  4.0  6.0   0.9    10   4.7 183 1014.6  13.0  12.5  11.9   MM   MM    MM
2026 08 18 02 10 180  5.0  6.0   0.9    MM   4.7 183 1014.5  13.0  12.6  11.7   MM   MM    MM
2026 08 18 02 00 180  5.0  7.0    MM    MM    MM  MM 1014.3  12.9  12.6  11.7   MM +0.4    MM
2026 08 18 01 50 180  5.0  8.0   0.9     9   5.2 184 1014.4  13.0  12.7  11.7   MM   MM    MM
2026 08 18 01 40 180  5.0  7.0    MM    MM    MM  MM 1014.4  12.9  12.7  11.7   MM   MM    MM
2026 08 18 01 30 180  5.0  7.0    MM    MM    MM  MM 1014.3  12.8  12.8  11.6   MM   MM    MM
2026 08 18 01 20 180  5.0  7.0   0.9    10   4.6 192 1014.2  12.7  12.8  11.6   MM   MM    MM
2026 08 18 01 10 170  4.0  6.0   0.9    MM   4.6 192 1014.3  12.8  12.8  11.8   MM   MM    MM
2026 08 18 01 00 170  5.0  7.0    MM    MM    MM  MM 1014.3  12.8  12.8  11.8   MM +0.5    MM
2026 08 18 00 50 160  4.0  7.0   0.8    10   4.4 186 1014.2  13.0  12.7  11.7   MM   MM    MM
2026 08 18 00 40 140  3.0  6.0    MM    MM    MM  MM 1014.1  13.0  12.7  11.4   MM   MM    MM
2026 08 18 00 30 150  3.0  5.0    MM    MM    MM  MM 1014.1  12.9  12.7  11.6   MM   MM    MM
2026 08 18 00 20 140  2.0  3.0   1.0    11   5.4 194 1014.3  13.0  12.7  12.0   MM   MM    MM
2026 08 18 00 10 130  3.0  5.0   1.0    MM   5.4 194 1014.1  12.9  12.7  11.6   MM   MM    MM
2026 08 18 00 00 130  4.0  5.0    MM    MM    MM  MM 1013.9  12.8  12.8  11.8   MM +0.8    MM
2026 08 17 23 50 130  4.0  5.0   0.9    10   5.5 187 1014.0  12.7  12.7  12.2   MM   MM    MM
2026 08 17 23 40 120  3.0  5.0    MM    MM    MM  MM 1014.0  12.6  12.7  12.2   MM   MM    MM
2026 08 17 23 10 120  4.0  6.0   0.8    MM   5.2 178 1013.8  12.5  12.7  12.5   MM   MM    MM
2026 08 17 23 00 120  4.0  5.0    MM    MM    MM  MM 1013.8  12.3  12.7  12.3   MM +0.9    MM
2026 08 17 22 50 120  5.0  6.0   0.9    10   5.3 176 1013.7  12.3  12.6  12.3   MM   MM    MM
2026 08 17 22 40 120  5.0  5.0    MM    MM    MM  MM 1013.6  12.1  12.6  12.1   MM   MM    MM
2026 08 17 22 30 110  4.0  5.0    MM    MM    MM  MM 1013.7  12.0  12.6    MM   MM   MM    MM
2026 08 17 22 20  90  4.0  5.0   1.0     9   5.4 174 1013.6  12.1  12.5  12.1   MM   MM    MM
2026 08 17 22 10 100  4.0  4.0   1.0    MM   5.4 174 1013.6  12.2  12.5  12.0   MM   MM    MM
2026 08 17 22 00 120  4.0  5.0    MM    MM    MM  MM 1013.7  12.2  12.5  11.6   MM +1.7    MM
2026 08 17 21 50 110  3.0  4.0   1.0    10   5.7 173 1013.6  12.2  12.4  11.7   MM   MM    MM
2026 08 17 21 40 110  4.0  6.0   1.0    MM   5.7 173 1013.5  12.3  12.4  11.8   MM   MM    MM
2026 08 17 21 30 130  5.0  6.0    MM    MM    MM  MM 1013.3  12.3  12.4  11.9   MM   MM    MM
2026 08 17 21 20 130  5.0  6.0   0.9    10   4.8 164 1013.3  12.5  12.4  11.9   MM   MM    MM
2026 08 17 21 10 140  5.0  5.0   0.9    MM   4.8 164 1013.2  12.4  12.4  11.8   MM   MM    MM
2026 08 17 21 00 140  4.0  6.0    MM    MM    MM  MM 1013.1  12.3  12.5  12.0   MM +2.0    MM
2026 08 17 20 50 150  5.0  5.0   1.0     8   4.8 177 1013.0  12.2  12.5  12.0   MM   MM    MM
2026 08 17 20 40 140  5.0  6.0   1.0    MM   4.8 177 1013.0  12.1  12.5  12.0   MM   MM    MM
2026 08 17 20 30 140  5.0  6.0    MM    MM    MM  MM 1012.9  12.0  12.5  12.0   MM   MM    MM
2026 08 17 20 20 150  5.0  6.0   1.2    11   5.3 183 1012.9  11.9  12.5  11.9   MM   MM    MM
2026 08 17 20 10 150  6.0  9.0   1.2    MM   5.3 183 1013.0  12.1  12.5  12.0   MM   MM    MM
2026 08 17 20 00 130  5.0  7.0    MM    MM    MM  MM 1013.0  12.0  12.5  12.0   MM +2.3    MM
2026 08 17 19 50 110  5.0  6.0   1.1     8   5.2 181 1012.8  12.0  12.5    MM   MM   MM    MM
2026 08 17 19 40 110  5.0  7.0   1.1    MM   5.2 181 1012.6  12.0  12.5    MM   MM   MM    MM
2026 08 17 19 30 130  5.0  7.0    MM    MM    MM  MM 1012.6  12.2  12.5  12.0   MM   MM    MM
2026 08 17 19 20 130  5.0  8.0   1.1     8   5.2 180 1012.4  12.2  12.5  12.1   MM   MM    MM
2026 08 17 19 10 120  7.0  9.0    MM    MM    MM  MM 1012.2  12.3  12.5  11.9   MM   MM    MM
2026 08 17 19 00 110  7.0  9.0   1.1    MM   5.2 180 1012.0  12.4  12.5  11.8   MM +1.9    MM
2026 08 17 18 50 110  7.0  9.0   1.2    10   5.5 185 1011.9  12.4  12.5  11.9   MM   MM    MM
2026 08 17 18 40 120  7.0  9.0   1.2    MM   5.5 185 1011.6  12.4  12.5  11.9   MM   MM    MM
2026 08 17 18 30 120  7.0  9.0    MM    MM    MM  MM 1011.5  12.4  12.5  11.8   MM   MM    MM
2026 08 17 18 20 110  7.0  9.0   1.1    10   5.4 189 1011.3  12.4  12.5  11.8   MM   MM    MM
2026 08 17 18 10 110  7.0  9.0   1.1    MM   5.4 189 1011.1  12.4  12.6  11.8   MM   MM    MM
2026 08 17 18 00 120  4.0  7.0    MM    MM    MM  MM 1011.1  12.6  12.5  11.5   MM +2.4    MM
2026 08 17 17 50 140  5.0  6.0   1.2    10   5.5 185 1011.3  12.7  12.5  11.3   MM   MM    MM
2026 08 17 17 40 150  5.0  6.0    MM    MM    MM  MM 1011.2  12.6  12.5  11.6   MM   MM    MM
2026 08 17 17 30 150  7.0  9.0    MM    MM    MM  MM 1010.8  12.6  12.5  11.5   MM   MM    MM
2026 08 17 17 20 150  8.0 10.0   1.1    11   5.0 179 1010.6  12.7  12.4  11.5   MM   MM    MM
2026 08 17 17 10 150  8.0 10.0   1.1    MM   5.0 179 1010.5  12.6  12.4  11.6   MM   MM    MM
2026 08 17 17 00 150  8.0 10.0    MM    MM    MM  MM 1010.5  12.6  12.4  11.7   MM +2.2    MM
2026 08 17 16 50 150  9.0 11.0   1.1    10   5.1 183 1010.5  12.7  12.4  11.7   MM   MM    MM
2026 08 17 16 40 160  9.0 11.0    MM    MM    MM  MM 1010.4  12.6  12.4  11.7   MM   MM    MM
2026 08 17 16 30 160  8.0 10.0    MM    MM    MM  MM 1010.3  12.5  12.4  11.8   MM   MM    MM
2026 08 17 16 20 160  7.0  9.0   1.1    10   5.0 185 1010.3  12.4  12.5  12.0   MM   MM    MM
2026 08 17 16 10 170  8.0 11.0   1.1    MM   5.0 185 1010.3  12.6  12.4  11.9   MM   MM    MM
2026 08 17 16 00 160  9.0 11.0    MM    MM    MM  MM 1010.2  12.6  12.5  11.8   MM +2.1    MM
2026 08 17 15 50 160 10.0 12.0   1.3    11   5.0 182 1009.9  12.6  12.4  11.9   MM   MM    MM
2026 08 17 15 40 160 10.0 12.0    MM    MM    MM  MM 1009.7  12.6  12.4  11.9   MM   MM    MM
2026 08 17 15 30 160 10.0 12.0    MM    MM    MM  MM 1009.6  12.6  12.5  11.8   MM   MM    MM
2026 08 17 15 20 160 11.0 12.0   1.3    10   4.6 215 1009.4  12.7  12.5  11.6   MM   MM    MM
2026 08 17 15 10 170 12.0 14.0   1.3    MM   4.6 215 1009.1  12.6    MM  11.7   MM   MM    MM
2026 08 17 15 00 180 12.0 15.0    MM    MM    MM  MM 1008.8  12.5  12.6  11.5   MM +1.3    MM
2026 08 17 14 50 180 13.0 16.0   1.2     5   4.5 192 1008.2  12.5  12.6  11.4   MM   MM    MM
2026 08 17 14 40 170 11.0 14.0    MM    MM    MM  MM 1008.1  12.6  12.6  11.5   MM   MM    MM
2026 08 17 14 30 160 10.0 13.0    MM    MM    MM  MM 1008.3  12.7  12.6  11.5   MM   MM    MM
2026 08 17 14 20 170 11.0 13.0   1.2    10   4.8 203 1008.1  12.8  12.6  11.2   MM   MM    MM
2026 08 17 14 10 170  9.0 12.0   1.2    MM   4.8 203 1008.2  12.9  12.6  11.1   MM   MM    MM
2026 08 17 14 00 170  9.0 12.0    MM    MM    MM  MM 1008.5  12.8  12.7  11.0   MM +2.1    MM
2026 08 17 13 50 170  9.0 12.0   1.3     5   4.6 138 1008.3  12.8  12.8  11.2   MM   MM    MM
2026 08 17 13 40 170  9.0 10.0   1.3    MM   4.6 138 1008.2  12.7  12.7  11.3   MM   MM    MM
2026 08 17 13 30 170  9.0 11.0    MM    MM    MM  MM 1008.0  12.7  12.7  11.3   MM   MM    MM
2026 08 17 13 20 170  9.0 11.0   1.4    10   4.6 205 1008.0  12.7  12.8  11.4   MM   MM    MM
2026 08 17 13 10 170 10.0 12.0   1.4    MM   4.6 205 1008.0  12.6  12.9  11.4   MM   MM    MM
2026 08 17 13 00 170  9.0 12.0    MM    MM    MM  MM 1007.9  12.6  13.0  12.4   MM +1.5    MM
2026 08 17 12 50 170 10.0 13.0   1.5    10   4.8 194 1007.9  12.7  13.1  12.5   MM   MM    MM
2026 08 17 12 40 180 11.0 14.0    MM    MM    MM  MM 1007.6  12.8  13.1  12.6   MM   MM    MM
2026 08 17 12 30 180 11.0 13.0    MM    MM    MM  MM 1007.6  12.7  12.8  12.7   MM   MM    MM
2026 08 17 12 20 170 10.0 13.0   1.5    10   4.7 196 1007.6  12.6  12.6    MM   MM   MM    MM
2026 08 17 12 10 170 10.0 12.0   1.5    MM   4.7 196 1007.3  12.5  11.7    MM   MM   MM    MM
2026 08 17 12 00 170 10.0 12.0    MM    MM    MM  MM 1007.2  12.5  11.5    MM   MM +1.0    MM
2026 08 17 11 50 160  9.0 11.0   1.6    10   4.9 182 1006.9  12.9  10.9    MM   MM   MM    MM
2026 08 17 11 40 140  8.0 10.0    MM    MM    MM  MM 1006.9  12.7  10.8    MM   MM   MM    MM
2026 08 17 11 30 110  9.0 11.0    MM    MM    MM  MM 1006.6  12.5  10.7    MM   MM   MM    MM
2026 08 17 11 20 110 10.0 12.0   1.7     5   4.8  94 1006.4  12.5  10.7    MM   MM   MM    MM
2026 08 17 11 10 110 11.0 13.0   1.7    MM   4.8  94 1006.4  12.5  10.6    MM   MM   MM    MM
2026 08 17 11 00 100 11.0 14.0    MM    MM    MM  MM 1006.2  12.5  10.5    MM   MM +1.1    MM
2026 08 17 10 50 100 12.0 15.0   1.9     5   4.8 104 1006.1  12.5  10.5    MM   MM   MM    MM
2026 08 17 10 40 110 13.0 15.0   1.9    MM   4.8 104 1006.1  12.5  10.4    MM   MM   MM    MM
2026 08 17 10 30 110 13.0 17.0    MM    MM    MM  MM 1006.1  12.7  10.3    MM   MM   MM    MM
2026 08 17 10 20 110 13.0 16.0   2.0     6   4.9 108 1006.4  12.7  10.3    MM   MM   MM    MM
2026 08 17 10 10 110 14.0 17.0   2.0    MM   4.9 108 1006.2  12.7  10.4    MM   MM   MM    MM
2026 08 17 10 00 110 14.0 18.0    MM    MM    MM  MM 1006.1  12.7  10.4    MM   MM +0.4    MM
2026 08 17 09 50 100 15.0 19.0   1.9     6   4.7 114 1005.8  12.8  10.5  12.8   MM   MM    MM
2026 08 17 09 40 110 15.0 18.0    MM    MM    MM  MM 1005.9  12.8  10.6    MM   MM   MM    MM
2026 08 17 09 30 110 15.0 19.0    MM    MM    MM  MM 1006.0  12.9  10.6    MM   MM   MM    MM
2026 08 17 09 20 110 15.0 19.0   2.0     6   4.8 110 1006.1  13.0  10.7    MM   MM   MM    MM
2026 08 17 09 10 110 15.0 19.0   2.0    MM   4.8 110 1006.3  13.0  10.8    MM   MM   MM    MM
2026 08 17 09 00 110 14.0 17.0    MM    MM    MM  MM 1006.3  13.0  10.9    MM   MM -0.9    MM
2026 08 17 08 50 100 15.0 18.0   2.0     6   4.7 101 1006.1  13.0  11.0  13.0   MM   MM    MM
2026 08 17 08 40 100 15.0 18.0   2.0    MM   4.7 101 1006.1  13.0  11.0  13.0   MM   MM    MM
2026 08 17 08 30 100 15.0 20.0    MM    MM    MM  MM 1006.2  13.0  11.1  13.0   MM   MM    MM
2026 08 17 08 20 100 15.0 19.0   2.2     6   4.8 113 1006.2  13.0  11.0  13.0   MM   MM    MM
2026 08 17 08 10 100 16.0 19.0    MM    MM    MM  MM 1005.9  13.0  11.0  13.0   MM   MM    MM
2026 08 17 08 00 110 17.0 22.0    MM    MM    MM  MM 1005.4  13.0  11.1  13.0   MM -3.1    MM
2026 08 17 07 50 100 17.0 21.0   1.9     5   4.6 113 1005.0  13.1  11.3  13.1   MM   MM    MM
2026 08 17 07 40 100 17.0 21.0    MM    MM    MM  MM 1005.3  13.1  11.5  13.1   MM   MM    MM
2026 08 17 07 30 100 16.0 19.0    MM    MM    MM  MM 1005.8  13.2  11.6  13.2   MM   MM    MM
2026 08 17 07 20 100 15.0 20.0   1.9     5   4.7 100 1006.0  13.3  11.7    MM   MM   MM    MM
2026 08 17 07 10 100 15.0 19.0   1.9    MM   4.7 100 1006.4  13.3  11.7    MM   MM   MM    MM
2026 08 17 07 00 100 15.0 18.0    MM    MM    MM  MM 1006.5  13.5  11.9  13.5   MM -3.3    MM
2026 08 17 06 50 100 16.0 19.0   1.6     5   4.4  96 1006.6  13.5  12.0  13.5   MM   MM    MM
2026 08 17 06 40 100 16.0 18.0   1.6    MM   4.4  96 1006.7  13.5  12.0    MM   MM   MM    MM
2026 08 17 06 30 100 16.0 19.0    MM    MM    MM  MM 1006.7  13.6  12.1  13.6   MM   MM    MM
2026 08 17 06 20 100 16.0 20.0   1.6     8   4.4 175 1007.1  13.7  12.1  13.7   MM   MM    MM
2026 08 17 06 10 100 15.0 19.0   1.6    MM   4.4 175 1007.5  13.7  12.1  13.7   MM   MM    MM
2026 08 17 06 00 100 15.0 19.0    MM    MM    MM  MM 1007.8  13.7  12.2    MM   MM -3.6    MM
2026 08 17 05 50 100 14.0 18.0   1.6     9   4.6 177 1007.9  13.6  12.3    MM   MM   MM    MM
2026 08 17 05 40  90 14.0 18.0   1.6    MM   4.6 177 1008.0  13.7  12.5  13.7   MM   MM    MM
2026 08 17 05 30 100 13.0 16.0    MM    MM    MM  MM 1008.4  13.7  12.7  13.7   MM   MM    MM
2026 08 17 05 20 100 13.0 17.0   1.6     9   4.5 174 1008.6  13.7  12.8  13.7   MM   MM    MM
2026 08 17 05 10 100 13.0 16.0   1.6    MM   4.5 174 1008.6  13.8  12.8  13.7   MM   MM    MM
2026 08 17 05 00 100 13.0 16.0    MM    MM    MM  MM 1008.7  14.0  12.9  13.8   MM -3.8    MM
2026 08 17 04 50 100 13.0 16.0   1.5     5   4.4 107 1009.1  14.0  12.9  13.7   MM   MM    MM
2026 08 17 04 40 100 12.0 15.0    MM    MM    MM  MM 1009.2  13.8  12.9  13.7   MM   MM    MM
2026 08 17 04 30 100 12.0 14.0    MM    MM    MM  MM 1009.1  13.7  12.8  13.7   MM   MM    MM
2026 08 17 04 20 100 12.0 14.0   1.5     4   4.3 100 1009.3  13.8  12.7  13.8   MM   MM    MM
2026 08 17 04 10 100 12.0 13.0   1.5    MM   4.3 100 1009.5  13.7  12.7  13.7   MM   MM    MM
2026 08 17 04 00 100 11.0 13.0    MM    MM    MM  MM 1009.8  13.6  12.7  13.6   MM -3.9    MM
2026 08 17 03 50 100 12.0 16.0   1.4     8   4.5 187 1010.0  13.7  12.6  13.7   MM   MM    MM
2026 08 17 03 40 100 13.0 15.0   1.4    MM   4.5 187 1010.0  13.7  12.7  13.7   MM   MM    MM
2026 08 17 03 30 100 12.0 14.0    MM    MM    MM  MM 1010.4  13.6  12.8    MM   MM   MM    MM
2026 08 17 03 20 100 11.0 14.0   1.4     8   4.6 182 1010.7  13.5  12.9    MM   MM   MM    MM
2026 08 17 03 10 100 11.0 13.0   1.4    MM   4.6 182 1010.9  13.5  12.9    MM   MM   MM    MM
2026 08 17 03 00 100 11.0 13.0    MM    MM    MM  MM 1011.2  13.5  12.9    MM   MM -3.8    MM
2026 08 17 02 50 100 10.0 13.0   1.4     8   4.7 186 1011.5  13.5  13.0    MM   MM   MM    MM
2026 08 17 02 40 100 10.0 12.0   1.4    MM   4.7 186 1011.7  13.5  13.1    MM   MM   MM    MM
2026 08 17 02 30 100 10.0 11.0    MM    MM    MM  MM 1012.1  13.5  13.1    MM   MM   MM    MM
2026 08 17 02 20 100 10.0 13.0   1.4     4   4.4 117 1012.4  13.6  13.2    MM   MM   MM    MM
2026 08 17 02 10 100 10.0 12.0   1.4    MM   4.4 117 1012.4  13.5  13.3    MM   MM   MM    MM
2026 08 17 02 00 100 11.0 13.0    MM    MM    MM  MM 1012.4  13.5  13.4    MM   MM -3.4    MM
2026 08 17 01 50 110 11.0 13.0   1.3     8   4.5 190 1012.6  13.6  13.6    MM   MM   MM    MM
2026 08 17 01 40 110 10.0 13.0    MM    MM    MM  MM 1012.9  13.6  13.6    MM   MM   MM    MM
2026 08 17 01 30 100 10.0 12.0    MM    MM    MM  MM 1012.9  13.5  13.6    MM   MM   MM    MM
2026 08 17 01 20 110 10.0 13.0   1.2     8   4.5 194 1012.9  13.5  13.6    MM   MM   MM    MM
2026 08 17 01 10 110  9.0 11.0   1.2    MM   4.5 194 1013.3  13.5  13.7    MM   MM   MM    MM
2026 08 17 01 00 110 10.0 12.0    MM    MM    MM  MM 1013.5  13.6  13.7    MM   MM -2.9    MM
2026 08 17 00 50 100 10.0 12.0   1.2     8   4.6 178 1013.6  13.6  13.7    MM   MM   MM    MM
2026 08 17 00 40 100  9.0 11.0   1.2    MM   4.6 178 1013.8  13.7  13.7    MM   MM   MM    MM
2026 08 17 00 30 100 10.0 11.0    MM    MM    MM  MM 1014.0  13.7  13.7    MM   MM   MM    MM
2026 08 17 00 20 100  9.0 11.0   1.1     4   4.3 119 1014.2  13.6  13.7    MM   MM   MM    MM
2026 08 17 00 10 100  9.0 11.0   1.1    MM   4.3 119 1014.4  13.7  13.7    MM   MM   MM    MM
2026 08 17 00 00 100  8.0 11.0    MM    MM    MM  MM 1014.6  13.8  13.7    MM   MM -1.7    MM
2026 08 16 23 50 110  9.0 11.0   1.2     4   4.4 112 1014.8  13.9  13.7    MM   MM   MM    MM
2026 08 16 23 40 110  8.0 10.0   1.2    MM   4.4 112 1014.9  13.8  13.8    MM   MM   MM    MM
2026 08 16 23 30 100  9.0 11.0    MM    MM    MM  MM 1014.9  13.9  13.8    MM   MM   MM    MM
2026 08 16 23 20 100  8.0 10.0   1.1     6   4.5 170 1015.0  14.0  13.9    MM   MM   MM    MM
2026 08 16 23 10 100  9.0 13.0   1.1    MM   4.5 170 1015.2  13.9  13.8    MM   MM   MM    MM
2026 08 16 23 00 100  8.0 12.0    MM    MM    MM  MM 1015.4  13.8  13.8    MM   MM -1.1    MM
2026 08 16 22 50 100  8.0 10.0   0.9     4   4.1 113 1015.6  13.8  13.7    MM   MM   MM    MM
2026 08 16 22 40 100  8.0 12.0    MM    MM    MM  MM 1015.8  13.8  13.5    MM   MM   MM    MM
2026 08 16 22 30 100  9.0 10.0    MM    MM    MM  MM 1015.7  13.6  13.2    MM   MM   MM    MM
2026 08 16 22 20 100  8.0 10.0   1.0     4   4.0  94 1015.8  13.7  13.0    MM   MM   MM    MM
2026 08 16 22 10 100  9.0 12.0   1.0    MM   4.0  94 1015.9  13.8  13.0    MM   MM   MM    MM
2026 08 16 22 00 100 10.0 12.0    MM    MM    MM  MM 1016.0  13.8  13.0    MM   MM -1.5    MM
2026 08 16 21 50 100  9.0 12.0   1.0     4   3.9  96 1016.0  13.8  12.9    MM   MM   MM    MM
2026 08 16 21 40 100 10.0 12.0    MM    MM    MM  MM 1016.1  13.8  12.9    MM   MM   MM    MM
2026 08 16 21 30 100 10.0 12.0    MM    MM    MM  MM 1016.2  13.9  12.9    MM   MM   MM    MM
2026 08 16 21 20 100 10.0 12.0   1.0     4   3.8  89 1016.2  13.9  12.8    MM   MM   MM    MM
2026 08 16 21 10 100 10.0 13.0   1.0    MM   3.8  89 1016.2  14.0  12.7    MM   MM   MM    MM
2026 08 16 21 00 100 10.0 12.0    MM    MM    MM  MM 1016.1  13.9  12.8    MM   MM -0.9    MM
2026 08 16 20 50  90 10.0 12.0   0.8     4   3.6  91 1016.2  13.9  12.9    MM   MM   MM    MM
2026 08 16 20 40 100 10.0 12.0    MM    MM    MM  MM 1016.4  13.9  13.0    MM   MM   MM    MM
2026 08 16 20 30 100 11.0 13.0    MM    MM    MM  MM 1016.5  13.9  13.0    MM   MM   MM    MM
2026 08 16 20 20 100 10.0 12.0   0.8     4   3.4  98 1016.5  13.9  12.9    MM   MM   MM    MM
2026 08 16 20 10 100 10.0 11.0   0.8    MM   3.4  98 1016.5  14.0  12.9    MM   MM   MM    MM
2026 08 16 20 00 100 10.0 12.0    MM    MM    MM  MM 1016.6  13.9  13.0    MM   MM +0.0    MM
2026 08 16 19 50 100  9.0 12.0   0.8    MM   3.5  87 1016.8  13.9  12.8    MM   MM   MM    MM
2026 08 16 19 40 100  9.0 11.0   0.8    MM   3.5  87 1016.9  13.9  12.9    MM   MM   MM    MM
2026 08 16 19 30 100  9.0 10.0    MM    MM    MM  MM 1017.4  14.0  13.1    MM   MM   MM    MM
2026 08 16 19 20 100  9.0 11.0   0.7    MM   3.5  85 1017.4  14.0  13.1    MM   MM   MM    MM
2026 08 16 19 10  MM   MM   MM   0.7     4   3.5  85     MM    MM    MM    MM   MM   MM    MM
2026 08 16 19 00 100  8.0 10.0    MM    MM    MM  MM 1017.8  14.0  13.1    MM   MM -0.0    MM
2026 08 16 18 50 100  8.0 10.0   0.8     4   3.4  94 1017.8  14.0  13.2    MM   MM   MM    MM
2026 08 16 18 40  90  9.0 11.0    MM    MM    MM  MM 1018.0  14.1  13.1    MM   MM   MM    MM
2026 08 16 18 30  90  9.0 11.0    MM    MM    MM  MM 1017.8  14.0  13.1    MM   MM   MM    MM
2026 08 16 18 20  90  8.0 10.0   0.8     4   3.4  99 1017.7  14.0  13.1    MM   MM   MM    MM
2026 08 16 18 10 100  9.0 11.0   0.8    MM   3.4  99 1017.6  14.1  13.3    MM   MM   MM    MM
2026 08 16 18 00 100  9.0 11.0    MM    MM    MM  MM 1017.5  14.1  13.4    MM   MM -0.0    MM
2026 08 16 17 50 100  9.0 10.0   0.8     3   3.3 104 1017.5  14.1  13.6    MM   MM   MM    MM
2026 08 16 17 40 100  9.0 12.0    MM    MM    MM  MM 1017.3  14.2  13.8    MM   MM   MM    MM
2026 08 16 17 30 100  9.0 12.0    MM    MM    MM  MM 1017.2  14.2  13.9    MM   MM   MM    MM
2026 08 16 17 20  90 10.0 12.0   0.8     3   3.4  96 1017.0  14.2  13.8    MM   MM   MM    MM
2026 08 16 17 10  90  9.0 12.0   0.8    MM   3.4  96 1016.9  14.2  13.9    MM   MM   MM    MM
2026 08 16 17 00  90 10.0 12.0    MM    MM    MM  MM 1017.1  14.2  14.0    MM   MM -0.5    MM
2026 08 16 16 50  90  9.0 11.0   0.7     3   3.4 122 1017.1  14.2  14.0    MM   MM   MM    MM
2026 08 16 16 40  90  8.0 10.0    MM    MM    MM  MM 1017.1  14.2  14.0    MM   MM   MM    MM
2026 08 16 16 30  90  8.0 10.0    MM    MM    MM  MM 1017.3  14.2  14.0    MM   MM   MM    MM
2026 08 16 16 20 100  7.0  8.0   0.8     3   3.4  98 1017.5  14.3  14.0    MM   MM   MM    MM
2026 08 16 16 10 100  7.0  8.0    MM    MM    MM  MM 1017.6  14.3  14.0    MM   MM   MM    MM
2026 08 16 16 00 100  7.0  9.0    MM    MM    MM  MM 1017.8  14.4  14.0    MM   MM -0.0    MM
2026 08 16 15 50 100  7.0 10.0   0.7     4   3.4 118 1017.7  14.4  14.0    MM   MM   MM    MM
2026 08 16 15 40 110  8.0  9.0   0.7    MM   3.4 118 1017.5  14.4  14.0    MM   MM   MM    MM
2026 08 16 15 30 110  7.0  9.0    MM    MM    MM  MM 1017.4  14.3  14.1    MM   MM   MM    MM
2026 08 16 15 20 100  7.0  9.0   0.7     4   3.4 107 1017.4  14.4  14.1    MM   MM   MM    MM
2026 08 16 15 10 100  7.0  9.0   0.7    MM   3.4 107 1017.4  14.4  14.0    MM   MM   MM    MM
2026 08 16 15 00 100  7.0  9.0    MM    MM    MM  MM 1017.4  14.4  14.1    MM   MM -0.3    MM
2026 08 16 14 50 100  7.0  9.0   0.6     3   3.5 103 1017.2  14.4  14.1    MM   MM   MM    MM
2026 08 16 14 40 110  6.0  8.0    MM    MM    MM  MM 1017.3  14.4  14.2    MM   MM   MM    MM
2026 08 16 14 30 110  7.0  9.0    MM    MM    MM  MM 1017.3  14.4  14.2    MM   MM   MM    MM
2026 08 16 14 20 110  6.0  9.0   0.6     3   3.5 102 1017.3  14.4  14.2    MM   MM   MM    MM
2026 08 16 14 10 110  6.0  9.0   0.6    MM   3.5 102 1017.4  14.4  14.3    MM   MM   MM    MM
2026 08 16 14 00 110  7.0  8.0    MM    MM    MM  MM 1017.4  14.4  14.3    MM   MM -0.6    MM
2026 08 16 13 50 100  7.0 10.0   0.6     3   3.6 104 1017.4  14.5  14.3    MM   MM   MM    MM
2026 08 16 13 40 110  8.0  9.0    MM    MM    MM  MM 1017.3  14.5  14.3    MM   MM   MM    MM
2026 08 16 13 30 110  7.0  9.0    MM    MM    MM  MM 1017.4  14.5  14.4    MM   MM   MM    MM
2026 08 16 13 20 110  7.0 10.0   0.6     8   3.7 200 1017.4  14.6  14.3    MM   MM   MM    MM
2026 08 16 13 10 110  6.0  8.0   0.6    MM   3.7 200 1017.5  14.5  14.4    MM   MM   MM    MM
2026 08 16 13 00 110  6.0  7.0    MM    MM    MM  MM 1017.6  14.5    MM    MM   MM -1.2    MM
2026 08 16 12 50 110  7.0  9.0   0.6     8   3.6 197 1017.6  14.5  14.4    MM   MM   MM    MM
2026 08 16 12 40 100  7.0  9.0    MM    MM    MM  MM 1017.6  14.5  14.4    MM   MM   MM    MM
2026 08 16 12 30 100  7.0  9.0    MM    MM    MM  MM 1017.6  14.5  14.5    MM   MM   MM    MM
2026 08 16 12 20 100  7.0  8.0   0.5     8   3.6 203 1017.7  14.5  14.5    MM   MM   MM    MM
2026 08 16 12 10 100  7.0  9.0   0.5    MM   3.6 203 1017.8  14.6  14.5    MM   MM   MM    MM
2026 08 16 12 00 100  7.0  9.0    MM    MM    MM  MM 1017.6  14.5  14.6    MM   MM -1.7    MM
2026 08 16 11 50 100  7.0  8.0   0.5     8   3.7 194 1017.6  14.5  14.6    MM   MM   MM    MM
2026 08 16 11 40 100  6.0  7.0   0.5    MM   3.7 194 1017.8  14.5  14.6    MM   MM   MM    MM
2026 08 16 11 30 100  6.0  7.0    MM    MM    MM  MM 1017.9  14.5  14.6    MM   MM   MM    MM
2026 08 16 11 20 100  6.0  7.0   0.5     8   3.8 195 1018.1  14.5  14.7    MM   MM   MM    MM
2026 08 16 11 10 100  7.0  8.0   0.5    MM   3.8 195 1018.0  14.6  14.7    MM   MM   MM    MM
2026 08 16 11 00 110  5.0  8.0    MM    MM    MM  MM 1018.1  14.6  14.7    MM   MM -1.5    MM
2026 08 16 10 50 120  5.0  6.0   0.5     8   3.7 190 1018.4  14.5  14.7    MM   MM   MM    MM
2026 08 16 10 40 130  3.0  4.0   0.5    MM   3.7 190 1018.5  14.4  14.7    MM   MM   MM    MM
2026 08 16 10 30 130  4.0  6.0    MM    MM    MM  MM 1018.6  14.6  14.7    MM   MM   MM    MM
2026 08 16 10 20 130  5.0  6.0   0.5     8   3.5 170 1018.6  14.6  14.6    MM   MM   MM    MM
2026 08 16 10 10 120  4.0  5.0    MM    MM    MM  MM 1018.7  14.4  14.6    MM   MM   MM    MM
2026 08 16 10 00 120  4.0  5.0    MM    MM    MM  MM 1018.7  14.4  14.7    MM   MM -1.0    MM
2026 08 16 09 50 120  4.0  5.0   0.4     3   3.3 108 1018.7  14.5  14.5    MM   MM   MM    MM
2026 08 16 09 40 120  4.0  5.0    MM    MM    MM  MM 1018.8  14.4  14.4    MM   MM   MM    MM
2026 08 16 09 30 110  4.0  5.0    MM    MM    MM  MM 1018.9  14.5  14.5    MM   MM   MM    MM
2026 08 16 09 20 110  4.0  6.0   0.4     3   3.3  87 1019.0  14.6  14.5    MM   MM   MM    MM
2026 08 16 09 10 110  4.0  5.0   0.4    MM   3.3  87 1019.1  14.6  14.5    MM   MM   MM    MM
2026 08 16 09 00 120  5.0  6.0    MM    MM    MM  MM 1019.3  14.6  14.6    MM   MM -0.7    MM
2026 08 16 08 50 120  5.0  6.0   0.4     8   3.3 202 1019.3  14.7  14.7    MM   MM   MM    MM
2026 08 16 08 40 110  5.0  7.0    MM    MM    MM  MM 1019.3  14.7  14.9    MM   MM   MM    MM
2026 08 16 08 30 110  6.0  8.0    MM    MM    MM  MM 1019.3  14.7  14.9    MM   MM   MM    MM
2026 08 16 08 20 120  5.0  8.0   0.4     3   3.2  94 1019.3  14.7  14.9    MM   MM   MM    MM
2026 08 16 08 10 130  4.0  5.0    MM    MM    MM  MM 1019.4  14.7  14.6    MM   MM   MM    MM
2026 08 16 08 00 110  3.0  4.0    MM    MM    MM  MM 1019.5  14.7  14.7    MM   MM -0.6    MM
2026 08 16 07 50 120  3.0  4.0   0.3     9   3.3 179 1019.6  14.7  14.7    MM   MM   MM    MM
2026 08 16 07 40 110  2.0  3.0    MM    MM    MM  MM 1019.7  14.3  14.6    MM   MM   MM    MM
2026 08 16 07 30  MM  0.0  1.0    MM    MM    MM  MM 1019.7  13.9  13.8    MM   MM   MM    MM
2026 08 16 07 20 170  1.0  2.0   0.3     9   3.4 186 1019.7  14.0  14.1    MM   MM   MM    MM
2026 08 16 07 10 200  2.0  2.0   0.3    MM   3.4 186 1019.9    MM    MM    MM   MM   MM    MM
2026 08 16 07 00 200  2.0  2.0    MM    MM    MM  MM 1019.8  14.0  13.4    MM   MM -0.5    MM
2026 08 16 06 50 160  1.0  2.0   0.3     9   3.3 180 1019.7  14.1  12.6    MM   MM   MM    MM
2026 08 16 06 40 160  1.0  2.0    MM    MM    MM  MM 1019.8  14.0  12.4    MM   MM   MM    MM
2026 08 16 06 30 180  1.0  2.0    MM    MM    MM  MM 1019.9  14.1  12.2    MM   MM   MM    MM
2026 08 16 06 20 140  1.0  2.0   0.3     9   3.6 189 1020.0  13.9  13.0    MM   MM   MM    MM
2026 08 16 06 10 150  2.0  2.0   0.3    MM   3.6 189 1020.0  13.9  13.1    MM   MM   MM    MM
2026 08 16 06 00 150  2.0  2.0    MM    MM    MM  MM 1020.1  13.9  13.4    MM   MM +0.0    MM
2026 08 16 05 50 160  2.0  2.0   0.4     9   3.7 203 1020.1  13.9  13.8    MM   MM   MM    MM
2026 08 16 05 40 150  2.0  2.0    MM    MM    MM  MM 1020.1  14.0  12.7    MM   MM   MM    MM
2026 08 16 05 30 120  2.0  2.0    MM    MM    MM  MM 1019.9  14.0  13.7    MM   MM   MM    MM
2026 08 16 05 20 130  2.0  2.0   0.4     9   3.8 185 1019.9  14.3  13.5    MM   MM   MM    MM
2026 08 16 05 10 170  2.0  3.0   0.4    MM   3.8 185 1020.1  14.5  15.1    MM   MM   MM    MM
2026 08 16 05 00 170  2.0  3.0    MM    MM    MM  MM 1020.1  14.5  13.9    MM   MM +0.0    MM
2026 08 16 04 50 190  2.0  3.0   0.4     9   4.6 193 1020.1  14.5  14.4    MM   MM   MM    MM
2026 08 16 04 40 190  2.0  3.0   0.4    MM   4.6 193 1020.1  14.5  14.9    MM   MM   MM    MM
2026 08 16 04 30 200  2.0  3.0    MM    MM    MM  MM 1020.2  14.6  13.3    MM   MM   MM    MM
2026 08 16 04 20 200  2.0  3.0   0.4     9   4.2 170 1020.2  14.6  13.3    MM   MM   MM    MM
2026 08 16 04 10 200  3.0  3.0   0.4    MM   4.2 170 1020.2  14.7  14.2    MM   MM   MM    MM
2026 08 16 04 00 200  2.0  3.0    MM    MM    MM  MM 1020.3  14.8  15.3    MM   MM +0.3    MM
2026 08 16 03 50 190  2.0  3.0   0.4    10   5.0 197 1020.3  14.8  15.2    MM   MM   MM    MM
2026 08 16 03 40 190  2.0  3.0    MM    MM    MM  MM 1020.2  14.8  15.2    MM   MM   MM    MM
2026 08 16 03 30 190  3.0  3.0    MM    MM    MM  MM 1020.2  14.9  15.0    MM   MM   MM    MM
2026 08 16 03 20 180  3.0  3.0   0.3    10   4.6 190 1020.2  14.9  14.5    MM   MM   MM    MM
2026 08 16 03 10 150  2.0  3.0   0.3    MM   4.6 190 1020.1  14.9  14.7    MM   MM   MM    MM
2026 08 16 03 00 170  3.0  6.0    MM    MM    MM  MM 1020.1  14.9  15.0    MM   MM -0.0    MM
2026 08 16 02 50 170  4.0  5.0   0.3     8   4.4 191 1020.2  14.9  14.5    MM   MM   MM    MM
2026 08 16 02 40 180  3.0  4.0   0.3    MM   4.4 191 1020.1  15.0  15.1    MM   MM   MM    MM
2026 08 16 02 30 170  3.0  4.0    MM    MM    MM  MM 1020.1  15.0  14.9    MM   MM   MM    MM
2026 08 16 02 20 170  4.0  5.0   0.4     7   4.5 189 1020.1  14.9  15.1    MM   MM   MM    MM
2026 08 16 02 10 170  3.0  4.0   0.4    MM   4.5 189 1020.1  15.0  15.0    MM   MM   MM    MM
2026 08 16 02 00 150  2.0  3.0    MM    MM    MM  MM 1020.2  15.1  15.4    MM   MM -0.0    MM
2026 08 16 01 50 150  2.0  3.0   0.3     8   4.5 179 1020.0  15.1  15.2    MM   MM   MM    MM
2026 08 16 01 40 170  2.0  3.0    MM    MM    MM  MM 1019.9  15.0  15.2    MM   MM   MM    MM
2026 08 16 01 30 160  2.0  3.0    MM    MM    MM  MM 1019.9  15.1  15.6    MM   MM   MM    MM
2026 08 16 01 20 170  3.0  4.0   0.4     8   4.3 182 1019.9  15.0  15.5    MM   MM   MM    MM
2026 08 16 01 10 170  4.0  5.0   0.4    MM   4.3 182 1019.9  15.0  15.5    MM   MM   MM    MM
2026 08 16 01 00 170  4.0  5.0    MM    MM    MM  MM 1020.0  14.9  15.4    MM   MM -0.7    MM
2026 08 16 00 50 170  4.0  5.0   0.4     9   4.8 189 1020.0  14.9  15.3    MM   MM   MM    MM
2026 08 16 00 40 170  4.0  5.0   0.4    MM   4.8 189 1020.1  14.9  15.3    MM   MM   MM    MM
2026 08 16 00 30 170  4.0  5.0    MM    MM    MM  MM 1020.3  14.8  15.3    MM   MM   MM    MM
2026 08 16 00 20 170  4.0  5.0   0.4     9   4.5 191 1020.3  14.8  15.4    MM   MM   MM    MM
2026 08 16 00 10 180  4.0  5.0   0.4    MM   4.5 191 1020.3  14.8  15.5    MM   MM   MM    MM
2026 08 16 00 00 180  4.0  6.0    MM    MM    MM  MM 1020.3  14.7  15.4    MM   MM +0.0    MM
