time,zname,zid,mean_maxprate,std_maxprate,min_maxprate,max_maxprate,percentile_25_maxprate,median_maxprate,percentile_75_maxprate,mean_tp,std_tp,min_tp,max_tp,percentile_25_tp,median_tp,percentile_75_tp
2026-09-10 00:00:00+00:00,Águeda,0101,0.27,0.10,0.08,0.59,0.18,0.26,0.34,0.00,0.00,0.00,0.01,0.00,0.00,0.01
2026-09-11 00:00:00+00:00,Águeda,0101,0.00,0.00,0.00,0.00,0.00,0.00,0.00,0.00,0.00,0.00,0.00,0.00,0.00,0.00
2026-09-12 00:00:00+00:00,Águeda,0101,0.00,0.00,0.00,0.00,0.00,0.00,0.00,0.00,0.00,0.00,0.00,0.00,0.00,0.00
2026-09-13 00:00:00+00:00,Águeda,0101,0.00,0.00,0.00,0.00,0.00,0.00,0.00,0.00,0.00,0.00,0.00,0.00,0.00,0.00
2026-09-14 00:00:00+00:00,Águeda,0101,0.00,0.00,0.00,0.00,0.00,0.00,0.00,0.00,0.00,0.00,0.00,0.00,0.00,0.00
2026-09-15 00:00:00+00:00,Águeda,0101,0.00,0.00,0.00,0.00,0.00,0.00,0.00,0.00,0.00,0.00,0.00,0.00,0.00,0.00
2026-09-16 00:00:00+00:00,Águeda,0101,0.17,0.12,0.00,0.42,0.08,0.11,0.28,0.01,0.01,0.00,0.04,0.00,0.01,0.02
2026-09-17 00:00:00+00:00,Águeda,0101,0.00,0.00,0.00,0.00,0.00,0.00,0.00,0.00,0.00,0.00,0.00,0.00,0.00,0.00
2026-09-18 00:00:00+00:00,Águeda,0101,0.00,0.00,0.00,0.00,0.00,0.00,0.00,0.00,0.00,0.00,0.00,0.00,0.00,0.00
2026-09-19 00:00:00+00:00,Águeda,0101,0.00,0.00,0.00,0.00,0.00,0.00,0.00,0.00,0.00,0.00,0.00,0.00,0.00,0.00
2026-09-20 00:00:00+00:00,Águeda,0101,0.00,0.00,0.00,0.00,0.00,0.00,0.00,0.00,0.00,0.00,0.00,0.00,0.00,0.00
2026-09-21 00:00:00+00:00,Águeda,0101,0.00,0.00,0.00,0.00,0.00,0.00,0.00,0.00,0.00,0.00,0.00,0.00,0.00,0.00
2026-09-22 00:00:00+00:00,Águeda,0101,0.00,0.00,0.00,0.00,0.00,0.00,0.00,0.00,0.00,0.00,0.00,0.00,0.00,0.00
2026-09-23 00:00:00+00:00,Águeda,0101,0.44,0.16,0.09,0.87,0.32,0.45,0.55,0.01,0.00,0.00,0.01,0.01,0.01,0.01
2026-09-24 00:00:00+00:00,Águeda,0101,0.36,0.12,0.12,0.71,0.27,0.36,0.43,0.02,0.01,0.00,0.03,0.01,0.02,0.02
2026-09-25 00:00:00+00:00,Águeda,0101,0.65,0.22,0.13,1.36,0.53,0.63,0.78,0.01,0.00,0.00,0.01,0.01,0.01,0.01
2026-09-26 00:00:00+00:00,Águeda,0101,0.44,0.10,0.13,0.69,0.39,0.47,0.51,0.01,0.00,0.00,0.01,0.01,0.01,0.01
2026-09-27 00:00:00+00:00,Águeda,0101,0.00,0.00,0.00,0.00,0.00,0.00,0.00,0.00,0.00,0.00,0.00,0.00,0.00,0.00
2026-09-28 00:00:00+00:00,Águeda,0101,3.72,0.71,1.55,5.40,3.29,3.78,4.09,0.18,0.04,0.08,0.27,0.15,0.18,0.20
2026-09-29 00:00:00+00:00,Águeda,0101,25.72,5.87,11.67,40.47,21.87,25.26,29.11,4.59,1.02,1.91,7.56,4.06,4.59,5.11
2026-09-10 00:00:00+00:00,Albergaria-a-Velha,0102,0.26,0.05,0.12,0.37,0.24,0.28,0.30,0.00,0.00,0.00,0.01,0.00,0.00,0.01
2026-09-11 00:00:00+00:00,Albergaria-a-Velha,0102,0.00,0.00,0.00,0.00,0.00,0.00,0.00,0.00,0.00,0.00,0.00,0.00,0.00,0.00
2026-09-12 00:00:00+00:00,Albergaria-a-Velha,0102,0.00,0.00,0.00,0.00,0.00,0.00,0.00,0.00,0.00,0.00,0.00,0.00,0.00,0.00
2026-09-13 00:00:00+00:00,Albergaria-a-Velha,0102,0.00,0.00,0.00,0.00,0.00,0.00,0.00,0.00,0.00,0.00,0.00,0.00,0.00,0.00
2026-09-14 00:00:00+00:00,Albergaria-a-Velha,0102,0.00,0.00,0.00,0.00,0.00,0.00,0.00,0.00,0.00,0.00,0.00,0.00,0.00,0.00
2026-09-15 00:00:00+00:00,Albergaria-a-Velha,0102,0.00,0.00,0.00,0.00,0.00,0.00,0.00,0.00,0.00,0.00,0.00,0.00,0.00,0.00
2026-09-16 00:00:00+00:00,Albergaria-a-Velha,0102,0.18,0.14,0.00,0.41,0.00,0.20,0.31,0.00,0.00,0.00,0.01,0.00,0.00,0.00
2026-09-17 00:00:00+00:00,Albergaria-a-Velha,0102,0.00,0.00,0.00,0.00,0.00,0.00,0.00,0.00,0.00,0.00,0.00,0.00,0.00,0.00
2026-09-18 00:00:00+00:00,Albergaria-a-Velha,0102,0.00,0.00,0.00,0.00,0.00,0.00,0.00,0.00,0.00,0.00,0.00,0.00,0.00,0.00
2026-09-19 00:00:00+00:00,Albergaria-a-Velha,0102,0.00,0.00,0.00,0.00,0.00,0.00,0.00,0.00,0.00,0.00,0.00,0.00,0.00,0.00
2026-09-20 00:00:00+00:00,Albergaria-a-Velha,0102,0.00,0.00,0.00,0.00,0.00,0.00,0.00,0.00,0.00,0.00,0.00,0.00,0.00,0.00
2026-09-21 00:00:00+00:00,Albergaria-a-Velha,0102,0.00,0.00,0.00,0.00,0.00,0.00,0.00,0.00,0.00,0.00,0.00,0.00,0.00,0.00
2026-09-22 00:00:00+00:00,Albergaria-a-Velha,0102,0.00,0.00,0.00,0.00,0.00,0.00,0.00,0.00,0.00,0.00,0.00,0.00,0.00,0.00
2026-09-23 00:00:00+00:00,Albergaria-a-Velha,0102,0.41,0.09,0.18,0.57,0.37,0.43,0.46,0.01,0.00,0.00,0.01,0.01,0.01,0.01
2026-09-24 00:00:00+00:00,Albergaria-a-Velha,0102,0.29,0.07,0.12,0.50,0.27,0.31,0.33,0.01,0.00,0.01,0.02,0.01,0.02,0.02
2026-09-25 00:00:00+00:00,Albergaria-a-Velha,0102,0.45,0.15,0.12,0.68,0.36,0.49,0.55,0.01,0.00,0.00,0.01,0.01,0.01,0.01
2026-09-26 00:00:00+00:00,Albergaria-a-Velha,0102,0.32,0.08,0.14,0.47,0.28,0.32,0.37,0.01,0.00,0.00,0.01,0.00,0.01,0.01
2026-09-27 00:00:00+00:00,Albergaria-a-Velha,0102,0.00,0.00,0.00,0.00,0.00,0.00,0.00,0.00,0.00,0.00,0.00,0.00,0.00,0.00
2026-09-28 00:00:00+00:00,Albergaria-a-Velha,0102,1.84,0.58,0.56,2.94,1.52,1.95,2.26,0.08,0.03,0.02,0.13,0.06,0.09,0.10
2026-09-29 00:00:00+00:00,Albergaria-a-Velha,0102,12.14,5.01,2.62,19.98,8.34,12.75,16.40,3.29,1.85,0.52,7.10,1.64,3.16,4.82
2026-09-10 00:00:00+00:00,Anadia,0103,0.17,0.29,0.00,1.37,0.02,0.06,0.13,0.00,0.00,0.00,0.02,0.00,0.00,0.00
2026-09-11 00:00:00+00:00,Anadia,0103,0.00,0.00,0.00,0.00,0.00,0.00,0.00,0.00,0.00,0.00,0.00,0.00,0.00,0.00
2026-09-12 00:00:00+00:00,Anadia,0103,0.00,0.00,0.00,0.00,0.00,0.00,0.00,0.00,0.00,0.00,0.00,0.00,0.00,0.00
2026-09-13 00:00:00+00:00,Anadia,0103,0.00,0.00,0.00,0.00,0.00,0.00,0.00,0.00,0.00,0.00,0.00,0.00,0.00,0.00
2026-09-14 00:00:00+00:00,Anadia,0103,0.00,0.00,0.00,0.00,0.00,0.00,0.00,0.00,0.00,0.00,0.00,0.00,0.00,0.00
2026-09-15 00:00:00+00:00,Anadia,0103,0.00,0.00,0.00,0.00,0.00,0.00,0.00,0.00,0.00,0.00,0.00,0.00,0.00,0.00
2026-09-16 00:00:00+00:00,Anadia,0103,0.04,0.03,0.00,0.16,0.01,0.03,0.04,0.01,0.00,0.00,0.02,0.00,0.01,0.01
2026-09-17 00:00:00+00:00,Anadia,0103,0.00,0.00,0.00,0.00,0.00,0.00,0.00,0.00,0.00,0.00,0.00,0.00,0.00,0.00
2026-09-18 00:00:00+00:00,Anadia,0103,0.00,0.00,0.00,0.00,0.00,0.00,0.00,0.00,0.00,0.00,0.00,0.00,0.00,0.00
2026-09-19 00:00:00+00:00,Anadia,0103,0.00,0.00,0.00,0.00,0.00,0.00,0.00,0.00,0.00,0.00,0.00,0.00,0.00,0.00
2026-09-20 00:00:00+00:00,Anadia,0103,0.00,0.00,0.00,0.00,0.00,0.00,0.00,0.00,0.00,0.00,0.00,0.00,0.00,0.00
2026-09-21 00:00:00+00:00,Anadia,0103,0.00,0.00,0.00,0.00,0.00,0.00,0.00,0.00,0.00,0.00,0.00,0.00,0.00,0.00
2026-09-22 00:00:00+00:00,Anadia,0103,0.00,0.00,0.00,0.00,0.00,0.00,0.00,0.00,0.00,0.00,0.00,0.00,0.00,0.00
2026-09-23 00:00:00+00:00,Anadia,0103,0.46,0.74,0.00,3.73,0.07,0.15,0.40,0.01,0.01,0.00,0.07,0.00,0.00,0.01
2026-09-24 00:00:00+00:00,Anadia,0103,0.21,0.34,0.00,1.58,0.03,0.08,0.15,0.01,0.02,0.00,0.07,0.00,0.00,0.01
2026-09-25 00:00:00+00:00,Anadia,0103,0.20,0.30,0.00,1.42,0.03,0.09,0.21,0.00,0.00,0.00,0.02,0.00,0.00,0.00
2026-09-26 00:00:00+00:00,Anadia,0103,0.22,0.33,0.00,1.55,0.03,0.09,0.20,0.00,0.01,0.00,0.03,0.00,0.00,0.00
2026-09-27 00:00:00+00:00,Anadia,0103,0.00,0.00,0.00,0.00,0.00,0.00,0.00,0.00,0.00,0.00,0.00,0.00,0.00,0.00
2026-09-28 00:00:00+00:00,Anadia,0103,5.42,0.66,2.92,6.00,5.41,5.65,5.81,0.27,0.03,0.15,0.30,0.27,0.28,0.29
2026-09-29 00:00:00+00:00,Anadia,0103,39.76,6.02,22.70,48.00,35.63,41.13,44.73,4.66,0.87,3.60,8.43,4.17,4.41,4.78
2026-09-10 00:00:00+00:00,Arouca,0104,0.00,0.00,0.00,0.04,0.00,0.00,0.00,0.00,0.00,0.00,0.00,0.00,0.00,0.00
2026-09-11 00:00:00+00:00,Arouca,0104,0.00,0.00,0.00,0.00,0.00,0.00,0.00,0.00,0.00,0.00,0.00,0.00,0.00,0.00
2026-09-12 00:00:00+00:00,Arouca,0104,0.00,0.00,0.00,0.00,0.00,0.00,0.00,0.00,0.00,0.00,0.00,0.00,0.00,0.00
2026-09-13 00:00:00+00:00,Arouca,0104,0.00,0.00,0.00,0.00,0.00,0.00,0.00,0.00,0.00,0.00,0.00,0.00,0.00,0.00
2026-09-14 00:00:00+00:00,Arouca,0104,0.00,0.00,0.00,0.00,0.00,0.00,0.00,0.00,0.00,0.00,0.00,0.00,0.00,0.00
2026-09-15 00:00:00+00:00,Arouca,0104,0.00,0.00,0.00,0.00,0.00,0.00,0.00,0.00,0.00,0.00,0.00,0.00,0.00,0.00
2026-09-16 00:00:00+00:00,Arouca,0104,0.17,0.23,0.00,1.36,0.03,0.08,0.19,0.00,0.00,0.00,0.01,0.00,0.00,0.00
2026-09-17 00:00:00+00:00,Arouca,0104,0.00,0.00,0.00,0.00,0.00,0.00,0.00,0.00,0.00,0.00,0.00,0.00,0.00,0.00
2026-09-18 00:00:00+00:00,Arouca,0104,0.00,0.00,0.00,0.00,0.00,0.00,0.00,0.00,0.00,0.00,0.00,0.00,0.00,0.00
2026-09-19 00:00:00+00:00,Arouca,0104,0.00,0.00,0.00,0.00,0.00,0.00,0.00,0.00,0.00,0.00,0.00,0.00,0.00,0.00
2026-09-20 00:00:00+00:00,Arouca,0104,0.00,0.00,0.00,0.00,0.00,0.00,0.00,0.00,0.00,0.00,0.00,0.00,0.00,0.00
2026-09-21 00:00:00+00:00,Arouca,0104,0.00,0.00,0.00,0.00,0.00,0.00,0.00,0.00,0.00,0.00,0.00,0.00,0.00,0.00
2026-09-22 00:00:00+00:00,Arouca,0104,0.00,0.00,0.00,0.00,0.00,0.00,0.00,0.00,0.00,0.00,0.00,0.00,0.00,0.00
2026-09-23 00:00:00+00:00,Arouca,0104,0.00,0.00,0.00,0.00,0.00,0.00,0.00,0.00,0.00,0.00,0.00,0.00,0.00,0.00
2026-09-24 00:00:00+00:00,Arouca,0104,0.00,0.01,0.00,0.04,0.00,0.00,0.00,0.00,0.00,0.00,0.00,0.00,0.00,0.00
2026-09-25 00:00:00+00:00,Arouca,0104,0.05,0.05,0.00,0.30,0.01,0.03,0.07,0.00,0.00,0.00,0.00,0.00,0.00,0.00
2026-09-26 00:00:00+00:00,Arouca,0104,0.00,0.01,0.00,0.04,0.00,0.00,0.00,0.00,0.00,0.00,0.00,0.00,0.00,0.00
2026-09-27 00:00:00+00:00,Arouca,0104,0.00,0.00,0.00,0.00,0.00,0.00,0.00,0.00,0.00,0.00,0.00,0.00,0.00,0.00
2026-09-28 00:00:00+00:00,Arouca,0104,0.34,0.40,0.00,2.12,0.07,0.20,0.42,0.02,0.02,0.00,0.10,0.00,0.01,0.02
2026-09-29 00:00:00+00:00,Arouca,0104,23.70,0.75,20.11,25.89,23.58,23.96,24.01,11.28,0.53,8.69,12.49,11.16,11.48,11.59
2026-09-10 00:00:00+00:00,Aveiro,0105,0.17,0.21,0.00,1.16,0.04,0.10,0.19,0.00,0.00,0.00,0.02,0.00,0.00,0.00
2026-09-11 00:00:00+00:00,Aveiro,0105,0.00,0.00,0.00,0.00,0.00,0.00,0.00,0.00,0.00,0.00,0.00,0.00,0.00,0.00
2026-09-12 00:00:00+00:00,Aveiro,0105,0.00,0.00,0.00,0.00,0.00,0.00,0.00,0.00,0.00,0.00,0.00,0.00,0.00,0.00
2026-09-13 00:00:00+00:00,Aveiro,0105,0.00,0.00,0.00,0.00,0.00,0.00,0.00,0.00,0.00,0.00,0.00,0.00,0.00,0.00
2026-09-14 00:00:00+00:00,Aveiro,0105,0.00,0.00,0.00,0.00,0.00,0.00,0.00,0.00,0.00,0.00,0.00,0.00,0.00,0.00
2026-09-15 00:00:00+00:00,Aveiro,0105,0.00,0.00,0.00,0.00,0.00,0.00,0.00,0.00,0.00,0.00,0.00,0.00,0.00,0.00
2026-09-16 00:00:00+00:00,Aveiro,0105,0.00,0.01,0.00,0.05,0.00,0.00,0.00,0.00,0.00,0.00,0.01,0.00,0.00,0.00
2026-09-17 00:00:00+00:00,Aveiro,0105,0.00,0.00,0.00,0.00,0.00,0.00,0.00,0.00,0.00,0.00,0.00,0.00,0.00,0.00
2026-09-18 00:00:00+00:00,Aveiro,0105,0.00,0.00,0.00,0.00,0.00,0.00,0.00,0.00,0.00,0.00,0.00,0.00,0.00,0.00
2026-09-19 00:00:00+00:00,Aveiro,0105,0.00,0.00,0.00,0.00,0.00,0.00,0.00,0.00,0.00,0.00,0.00,0.00,0.00,0.00
2026-09-20 00:00:00+00:00,Aveiro,0105,0.00,0.00,0.00,0.00,0.00,0.00,0.00,0.00,0.00,0.00,0.00,0.00,0.00,0.00
2026-09-21 00:00:00+00:00,Aveiro,0105,0.00,0.00,0.00,0.00,0.00,0.00,0.00,0.00,0.00,0.00,0.00,0.00,0.00,0.00
2026-09-22 00:00:00+00:00,Aveiro,0105,0.00,0.00,0.00,0.00,0.00,0.00,0.00,0.00,0.00,0.00,0.00,0.00,0.00,0.00
2026-09-23 00:00:00+00:00,Aveiro,0105,0.23,0.28,0.00,1.41,0.05,0.14,0.24,0.00,0.00,0.00,0.02,0.00,0.00,0.00
2026-09-24 00:00:00+00:00,Aveiro,0105,0.19,0.24,0.00,1.28,0.05,0.11,0.21,0.01,0.01,0.00,0.06,0.00,0.01,0.01
2026-09-25 00:00:00+00:00,Aveiro,0105,0.18,0.23,0.00,1.22,0.04,0.10,0.19,0.00,0.00,0.00,0.02,0.00,0.00,0.00
2026-09-26 00:00:00+00:00,Aveiro,0105,0.19,0.23,0.00,1.24,0.04,0.11,0.20,0.00,0.00,0.00,0.02,0.00,0.00,0.00
2026-09-27 00:00:00+00:00,Aveiro,0105,0.00,0.00,0.00,0.00,0.00,0.00,0.00,0.00,0.00,0.00,0.00,0.00,0.00,0.00
2026-09-28 00:00:00+00:00,Aveiro,0105,0.69,0.87,0.00,3.91,0.14,0.37,0.72,0.03,0.04,0.00,0.16,0.01,0.01,0.03
2026-09-29 00:00:00+00:00,Aveiro,0105,2.99,3.89,0.00,17.07,0.51,1.42,3.05,0.48,0.56,0.00,2.33,0.09,0.27,0.59
2026-09-10 00:00:00+00:00,Castelo de Paiva,0106,0.00,0.00,0.00,0.00,0.00,0.00,0.00,0.00,0.00,0.00,0.00,0.00,0.00,0.00
2026-09-11 00:00:00+00:00,Castelo de Paiva,0106,0.00,0.00,0.00,0.00,0.00,0.00,0.00,0.00,0.00,0.00,0.00,0.00,0.00,0.00
2026-09-12 00:00:00+00:00,Castelo de Paiva,0106,0.00,0.00,0.00,0.00,0.00,0.00,0.00,0.00,0.00,0.00,0.00,0.00,0.00,0.00
2026-09-13 00:00:00+00:00,Castelo de Paiva,0106,0.00,0.00,0.00,0.00,0.00,0.00,0.00,0.00,0.00,0.00,0.00,0.00,0.00,0.00
2026-09-14 00:00:00+00:00,Castelo de Paiva,0106,0.00,0.00,0.00,0.00,0.00,0.00,0.00,0.00,0.00,0.00,0.00,0.00,0.00,0.00
2026-09-15 00:00:00+00:00,Castelo de Paiva,0106,0.00,0.00,0.00,0.00,0.00,0.00,0.00,0.00,0.00,0.00,0.00,0.00,0.00,0.00
2026-09-16 00:00:00+00:00,Castelo de Paiva,0106,0.08,0.03,0.02,0.12,0.06,0.08,0.10,0.00,0.00,0.00,0.00,0.00,0.00,0.00
2026-09-17 00:00:00+00:00,Castelo de Paiva,0106,0.00,0.00,0.00,0.00,0.00,0.00,0.00,0.00,0.00,0.00,0.00,0.00,0.00,0.00
2026-09-18 00:00:00+00:00,Castelo de Paiva,0106,0.00,0.00,0.00,0.00,0.00,0.00,0.00,0.00,0.00,0.00,0.00,0.00,0.00,0.00
2026-09-19 00:00:00+00:00,Castelo de Paiva,0106,0.00,0.00,0.00,0.00,0.00,0.00,0.00,0.00,0.00,0.00,0.00,0.00,0.00,0.00
2026-09-20 00:00:00+00:00,Castelo de Paiva,0106,0.00,0.00,0.00,0.00,0.00,0.00,0.00,0.00,0.00,0.00,0.00,0.00,0.00,0.00
2026-09-21 00:00:00+00:00,Castelo de Paiva,0106,0.00,0.00,0.00,0.00,0.00,0.00,0.00,0.00,0.00,0.00,0.00,0.00,0.00,0.00
2026-09-22 00:00:00+00:00,Castelo de Paiva,0106,0.00,0.00,0.00,0.00,0.00,0.00,0.00,0.00,0.00,0.00,0.00,0.00,0.00,0.00
2026-09-23 00:00:00+00:00,Castelo de Paiva,0106,0.00,0.00,0.00,0.00,0.00,0.00,0.00,0.00,0.00,0.00,0.00,0.00,0.00,0.00
2026-09-24 00:00:00+00:00,Castelo de Paiva,0106,0.00,0.00,0.00,0.00,0.00,0.00,0.00,0.00,0.00,0.00,0.00,0.00,0.00,0.00
2026-09-25 00:00:00+00:00,Castelo de Paiva,0106,0.00,0.01,0.00,0.03,0.00,0.00,0.01,0.00,0.00,0.00,0.00,0.00,0.00,0.00
2026-09-26 00:00:00+00:00,Castelo de Paiva,0106,0.00,0.00,0.00,0.00,0.00,0.00,0.00,0.00,0.00,0.00,0.00,0.00,0.00,0.00
2026-09-27 00:00:00+00:00,Castelo de Paiva,0106,0.00,0.00,0.00,0.00,0.00,0.00,0.00,0.00,0.00,0.00,0.00,0.00,0.00,0.00
2026-09-28 00:00:00+00:00,Castelo de Paiva,0106,0.22,0.10,0.04,0.48,0.16,0.22,0.27,0.01,0.01,0.00,0.03,0.01,0.01,0.02
2026-09-29 00:00:00+00:00,Castelo de Paiva,0106,26.37,2.07,24.05,32.12,24.61,25.80,27.54,12.80,1.12,11.61,15.97,11.86,12.44,13.39
2026-09-10 00:00:00+00:00,Espinho,0107,0.09,0.02,0.06,0.13,0.08,0.09,0.11,0.00,0.00,0.00,0.00,0.00,0.00,0.00
2026-09-11 00:00:00+00:00,Espinho,0107,0.00,0.00,0.00,0.00,0.00,0.00,0.00,0.00,0.00,0.00,0.00,0.00,0.00,0.00
2026-09-12 00:00:00+00:00,Espinho,0107,0.00,0.00,0.00,0.00,0.00,0.00,0.00,0.00,0.00,0.00,0.00,0.00,0.00,0.00
2026-09-13 00:00:00+00:00,Espinho,0107,0.00,0.00,0.00,0.00,0.00,0.00,0.00,0.00,0.00,0.00,0.00,0.00,0.00,0.00
2026-09-14 00:00:00+00:00,Espinho,0107,0.00,0.00,0.00,0.00,0.00,0.00,0.00,0.00,0.00,0.00,0.00,0.00,0.00,0.00
2026-09-15 00:00:00+00:00,Espinho,0107,0.00,0.00,0.00,0.00,0.00,0.00,0.00,0.00,0.00,0.00,0.00,0.00,0.00,0.00
2026-09-16 00:00:00+00:00,Espinho,0107,0.00,0.00,0.00,0.00,0.00,0.00,0.00,0.00,0.00,0.00,0.00,0.00,0.00,0.00
2026-09-17 00:00:00+00:00,Espinho,0107,0.00,0.00,0.00,0.00,0.00,0.00,0.00,0.00,0.00,0.00,0.00,0.00,0.00,0.00
2026-09-18 00:00:00+00:00,Espinho,0107,0.00,0.00,0.00,0.00,0.00,0.00,0.00,0.00,0.00,0.00,0.00,0.00,0.00,0.00
2026-09-19 00:00:00+00:00,Espinho,0107,0.00,0.00,0.00,0.00,0.00,0.00,0.00,0.00,0.00,0.00,0.00,0.00,0.00,0.00
2026-09-20 00:00:00+00:00,Espinho,0107,0.00,0.00,0.00,0.00,0.00,0.00,0.00,0.00,0.00,0.00,0.00,0.00,0.00,0.00
2026-09-21 00:00:00+00:00,Espinho,0107,0.00,0.00,0.00,0.00,0.00,0.00,0.00,0.00,0.00,0.00,0.00,0.00,0.00,0.00
2026-09-22 00:00:00+00:00,Espinho,0107,0.00,0.00,0.00,0.00,0.00,0.00,0.00,0.00,0.00,0.00,0.00,0.00,0.00,0.00
2026-09-23 00:00:00+00:00,Espinho,0107,0.09,0.02,0.06,0.13,0.08,0.09,0.10,0.00,0.00,0.00,0.00,0.00,0.00,0.00
2026-09-24 00:00:00+00:00,Espinho,0107,0.09,0.02,0.06,0.13,0.08,0.09,0.11,0.00,0.00,0.00,0.01,0.00,0.00,0.01
2026-09-25 00:00:00+00:00,Espinho,0107,0.15,0.03,0.10,0.20,0.13,0.14,0.16,0.00,0.00,0.00,0.00,0.00,0.00,0.00
2026-09-26 00:00:00+00:00,Espinho,0107,0.09,0.02,0.06,0.13,0.08,0.09,0.11,0.00,0.00,0.00,0.00,0.00,0.00,0.00
2026-09-27 00:00:00+00:00,Espinho,0107,0.27,0.02,0.23,0.31,0.25,0.27,0.28,0.01,0.00,0.01,0.01,0.01,0.01,0.01
2026-09-28 00:00:00+00:00,Espinho,0107,1.63,0.06,1.52,1.78,1.59,1.62,1.66,0.11,0.00,0.10,0.11,0.10,0.11,0.11
2026-09-29 00:00:00+00:00,Espinho,0107,23.33,0.27,22.74,23.68,23.07,23.36,23.56,10.80,0.18,10.43,11.05,10.65,10.80,10.95
2026-09-10 00:00:00+00:00,Estarreja,0108,0.27,0.04,0.16,0.35,0.24,0.28,0.29,0.00,0.00,0.00,0.01,0.00,0.00,0.00
2026-09-11 00:00:00+00:00,Estarreja,0108,0.00,0.00,0.00,0.00,0.00,0.00,0.00,0.00,0.00,0.00,0.00,0.00,0.00,0.00
2026-09-12 00:00:00+00:00,Estarreja,0108,0.00,0.00,0.00,0.00,0.00,0.00,0.00,0.00,0.00,0.00,0.00,0.00,0.00,0.00
2026-09-13 00:00:00+00:00,Estarreja,0108,0.00,0.00,0.00,0.00,0.00,0.00,0.00,0.00,0.00,0.00,0.00,0.00,0.00,0.00
2026-09-14 00:00:00+00:00,Estarreja,0108,0.00,0.00,0.00,0.00,0.00,0.00,0.00,0.00,0.00,0.00,0.00,0.00,0.00,0.00
2026-09-15 00:00:00+00:00,Estarreja,0108,0.00,0.00,0.00,0.00,0.00,0.00,0.00,0.00,0.00,0.00,0.00,0.00,0.00,0.00
2026-09-16 00:00:00+00:00,Estarreja,0108,0.02,0.05,0.00,0.20,0.00,0.00,0.00,0.00,0.00,0.00,0.00,0.00,0.00,0.00
2026-09-17 00:00:00+00:00,Estarreja,0108,0.00,0.00,0.00,0.00,0.00,0.00,0.00,0.00,0.00,0.00,0.00,0.00,0.00,0.00
2026-09-18 00:00:00+00:00,Estarreja,0108,0.00,0.00,0.00,0.00,0.00,0.00,0.00,0.00,0.00,0.00,0.00,0.00,0.00,0.00
2026-09-19 00:00:00+00:00,Estarreja,0108,0.00,0.00,0.00,0.00,0.00,0.00,0.00,0.00,0.00,0.00,0.00,0.00,0.00,0.00
2026-09-20 00:00:00+00:00,Estarreja,0108,0.00,0.00,0.00,0.00,0.00,0.00,0.00,0.00,0.00,0.00,0.00,0.00,0.00,0.00
2026-09-21 00:00:00+00:00,Estarreja,0108,0.00,0.00,0.00,0.00,0.00,0.00,0.00,0.00,0.00,0.00,0.00,0.00,0.00,0.00
2026-09-22 00:00:00+00:00,Estarreja,0108,0.00,0.00,0.00,0.00,0.00,0.00,0.00,0.00,0.00,0.00,0.00,0.00,0.00,0.00
2026-09-23 00:00:00+00:00,Estarreja,0108,0.39,0.06,0.23,0.48,0.35,0.41,0.43,0.01,0.00,0.00,0.01,0.01,0.01,0.01
2026-09-24 00:00:00+00:00,Estarreja,0108,0.28,0.04,0.16,0.35,0.25,0.29,0.31,0.01,0.00,0.01,0.02,0.01,0.01,0.02
2026-09-25 00:00:00+00:00,Estarreja,0108,0.30,0.08,0.16,0.48,0.25,0.30,0.33,0.00,0.00,0.00,0.01,0.00,0.00,0.01
2026-09-26 00:00:00+00:00,Estarreja,0108,0.28,0.04,0.18,0.35,0.25,0.29,0.31,0.00,0.00,0.00,0.01,0.00,0.00,0.01
2026-09-27 00:00:00+00:00,Estarreja,0108,0.00,0.00,0.00,0.00,0.00,0.00,0.00,0.00,0.00,0.00,0.00,0.00,0.00,0.00
2026-09-28 00:00:00+00:00,Estarreja,0108,1.44,0.30,0.72,1.87,1.23,1.53,1.69,0.06,0.01,0.03,0.08,0.05,0.07,0.07
2026-09-29 00:00:00+00:00,Estarreja,0108,9.67,3.18,3.68,17.19,7.11,9.93,11.96,3.02,1.28,0.94,6.36,1.92,2.98,3.96
2026-09-10 00:00:00+00:00,Santa Maria da Feira,0109,0.08,0.06,0.00,0.22,0.05,0.08,0.12,0.00,0.00,0.00,0.00,0.00,0.00,0.00
2026-09-11 00:00:00+00:00,Santa Maria da Feira,0109,0.00,0.00,0.00,0.00,0.00,0.00,0.00,0.00,0.00,0.00,0.00,0.00,0.00,0.00
2026-09-12 00:00:00+00:00,Santa Maria da Feira,0109,0.00,0.00,0.00,0.00,0.00,0.00,0.00,0.00,0.00,0.00,0.00,0.00,0.00,0.00
2026-09-13 00:00:00+00:00,Santa Maria da Feira,0109,0.00,0.00,0.00,0.00,0.00,0.00,0.00,0.00,0.00,0.00,0.00,0.00,0.00,0.00
2026-09-14 00:00:00+00:00,Santa Maria da Feira,0109,0.00,0.00,0.00,0.00,0.00,0.00,0.00,0.00,0.00,0.00,0.00,0.00,0.00,0.00
2026-09-15 00:00:00+00:00,Santa Maria da Feira,0109,0.00,0.00,0.00,0.00,0.00,0.00,0.00,0.00,0.00,0.00,0.00,0.00,0.00,0.00
2026-09-16 00:00:00+00:00,Santa Maria da Feira,0109,0.15,0.07,0.00,0.26,0.13,0.17,0.21,0.00,0.00,0.00,0.00,0.00,0.00,0.00
2026-09-17 00:00:00+00:00,Santa Maria da Feira,0109,0.00,0.00,0.00,0.00,0.00,0.00,0.00,0.00,0.00,0.00,0.00,0.00,0.00,0.00
2026-09-18 00:00:00+00:00,Santa Maria da Feira,0109,0.00,0.00,0.00,0.00,0.00,0.00,0.00,0.00,0.00,0.00,0.00,0.00,0.00,0.00
2026-09-19 00:00:00+00:00,Santa Maria da Feira,0109,0.00,0.00,0.00,0.00,0.00,0.00,0.00,0.00,0.00,0.00,0.00,0.00,0.00,0.00
2026-09-20 00:00:00+00:00,Santa Maria da Feira,0109,0.00,0.00,0.00,0.00,0.00,0.00,0.00,0.00,0.00,0.00,0.00,0.00,0.00,0.00
2026-09-21 00:00:00+00:00,Santa Maria da Feira,0109,0.00,0.00,0.00,0.00,0.00,0.00,0.00,0.00,0.00,0.00,0.00,0.00,0.00,0.00
2026-09-22 00:00:00+00:00,Santa Maria da Feira,0109,0.00,0.00,0.00,0.00,0.00,0.00,0.00,0.00,0.00,0.00,0.00,0.00,0.00,0.00
2026-09-23 00:00:00+00:00,Santa Maria da Feira,0109,0.07,0.06,0.00,0.34,0.00,0.08,0.12,0.00,0.00,0.00,0.01,0.00,0.00,0.00
2026-09-24 00:00:00+00:00,Santa Maria da Feira,0109,0.09,0.05,0.00,0.23,0.05,0.08,0.12,0.00,0.00,0.00,0.01,0.00,0.00,0.01
2026-09-25 00:00:00+00:00,Santa Maria da Feira,0109,0.15,0.10,0.00,0.39,0.06,0.11,0.23,0.00,0.00,0.00,0.01,0.00,0.00,0.00
2026-09-26 00:00:00+00:00,Santa Maria da Feira,0109,0.09,0.05,0.00,0.23,0.05,0.08,0.12,0.00,0.00,0.00,0.00,0.00,0.00,0.00
2026-09-27 00:00:00+00:00,Santa Maria da Feira,0109,0.01,0.04,0.00,0.28,0.00,0.00,0.00,0.00,0.00,0.00,0.01,0.00,0.00,0.00
2026-09-28 00:00:00+00:00,Santa Maria da Feira,0109,1.06,0.32,0.43,1.73,0.80,1.08,1.32,0.06,0.02,0.03,0.10,0.05,0.06,0.08
2026-09-29 00:00:00+00:00,Santa Maria da Feira,0109,23.10,1.34,19.53,25.80,22.24,23.25,24.06,10.48,1.06,7.95,12.50,9.70,10.66,11.27
2026-09-10 00:00:00+00:00,Ílhavo,0110,0.26,0.27,0.00,1.29,0.07,0.19,0.37,0.00,0.00,0.00,0.02,0.00,0.00,0.01
2026-09-11 00:00:00+00:00,Ílhavo,0110,0.00,0.00,0.00,0.00,0.00,0.00,0.00,0.00,0.00,0.00,0.00,0.00,0.00,0.00
2026-09-12 00:00:00+00:00,Ílhavo,0110,0.00,0.00,0.00,0.00,0.00,0.00,0.00,0.00,0.00,0.00,0.00,0.00,0.00,0.00
2026-09-13 00:00:00+00:00,Ílhavo,0110,0.00,0.00,0.00,0.00,0.00,0.00,0.00,0.00,0.00,0.00,0.00,0.00,0.00,0.00
2026-09-14 00:00:00+00:00,Ílhavo,0110,0.00,0.00,0.00,0.00,0.00,0.00,0.00,0.00,0.00,0.00,0.00,0.00,0.00,0.00
2026-09-15 00:00:00+00:00,Ílhavo,0110,0.00,0.00,0.00,0.00,0.00,0.00,0.00,0.00,0.00,0.00,0.00,0.00,0.00,0.00
2026-09-16 00:00:00+00:00,Ílhavo,0110,0.00,0.00,0.00,0.00,0.00,0.00,0.00,0.00,0.00,0.00,0.00,0.00,0.00,0.00
2026-09-17 00:00:00+00:00,Ílhavo,0110,0.00,0.00,0.00,0.00,0.00,0.00,0.00,0.00,0.00,0.00,0.00,0.00,0.00,0.00
2026-09-18 00:00:00+00:00,Ílhavo,0110,0.00,0.00,0.00,0.00,0.00,0.00,0.00,0.00,0.00,0.00,0.00,0.00,0.00,0.00
2026-09-19 00:00:00+00:00,Ílhavo,0110,0.00,0.00,0.00,0.00,0.00,0.00,0.00,0.00,0.00,0.00,0.00,0.00,0.00,0.00
2026-09-20 00:00:00+00:00,Ílhavo,0110,0.00,0.00,0.00,0.00,0.00,0.00,0.00,0.00,0.00,0.00,0.00,0.00,0.00,0.00
2026-09-21 00:00:00+00:00,Ílhavo,0110,0.00,0.00,0.00,0.00,0.00,0.00,0.00,0.00,0.00,0.00,0.00,0.00,0.00,0.00
2026-09-22 00:00:00+00:00,Ílhavo,0110,0.00,0.00,0.00,0.00,0.00,0.00,0.00,0.00,0.00,0.00,0.00,0.00,0.00,0.00
2026-09-23 00:00:00+00:00,Ílhavo,0110,0.30,0.29,0.00,1.38,0.08,0.22,0.45,0.01,0.00,0.00,0.02,0.00,0.00,0.01
2026-09-24 00:00:00+00:00,Ílhavo,0110,0.28,0.28,0.00,1.37,0.08,0.21,0.40,0.01,0.01,0.00,0.07,0.00,0.01,0.02
2026-09-25 00:00:00+00:00,Ílhavo,0110,0.26,0.27,0.00,1.30,0.07,0.19,0.38,0.00,0.00,0.00,0.02,0.00,0.00,0.01
2026-09-26 00:00:00+00:00,Ílhavo,0110,0.27,0.27,0.00,1.33,0.07,0.20,0.39,0.00,0.00,0.00,0.02,0.00,0.00,0.01
2026-09-27 00:00:00+00:00,Ílhavo,0110,0.00,0.00,0.00,0.00,0.00,0.00,0.00,0.00,0.00,0.00,0.00,0.00,0.00,0.00
2026-09-28 00:00:00+00:00,Ílhavo,0110,0.67,0.62,0.01,2.94,0.19,0.50,1.02,0.02,0.02,0.00,0.08,0.01,0.02,0.03
2026-09-29 00:00:00+00:00,Ílhavo,0110,1.53,1.22,0.02,5.26,0.48,1.16,2.26,0.22,0.17,0.00,0.69,0.07,0.17,0.32
2026-09-10 00:00:00+00:00,Mealhada,0111,0.12,0.05,0.03,0.28,0.08,0.11,0.15,0.00,0.00,0.00,0.00,0.00,0.00,0.00
2026-09-11 00:00:00+00:00,Mealhada,0111,0.00,0.00,0.00,0.00,0.00,0.00,0.00,0.00,0.00,0.00,0.00,0.00,0.00,0.00
2026-09-12 00:00:00+00:00,Mealhada,0111,0.00,0.00,0.00,0.00,0.00,0.00,0.00,0.00,0.00,0.00,0.00,0.00,0.00,0.00
2026-09-13 00:00:00+00:00,Mealhada,0111,0.00,0.00,0.00,0.00,0.00,0.00,0.00,0.00,0.00,0.00,0.00,0.00,0.00,0.00
2026-09-14 00:00:00+00:00,Mealhada,0111,0.00,0.00,0.00,0.00,0.00,0.00,0.00,0.00,0.00,0.00,0.00,0.00,0.00,0.00
2026-09-15 00:00:00+00:00,Mealhada,0111,0.00,0.00,0.00,0.00,0.00,0.00,0.00,0.00,0.00,0.00,0.00,0.00,0.00,0.00
2026-09-16 00:00:00+00:00,Mealhada,0111,0.08,0.08,0.00,0.29,0.01,0.05,0.14,0.01,0.01,0.00,0.03,0.00,0.01,0.02
2026-09-17 00:00:00+00:00,Mealhada,0111,0.00,0.00,0.00,0.00,0.00,0.00,0.00,0.00,0.00,0.00,0.00,0.00,0.00,0.00
2026-09-18 00:00:00+00:00,Mealhada,0111,0.00,0.00,0.00,0.00,0.00,0.00,0.00,0.00,0.00,0.00,0.00,0.00,0.00,0.00
2026-09-19 00:00:00+00:00,Mealhada,0111,0.00,0.00,0.00,0.00,0.00,0.00,0.00,0.00,0.00,0.00,0.00,0.00,0.00,0.00
2026-09-20 00:00:00+00:00,Mealhada,0111,0.00,0.00,0.00,0.00,0.00,0.00,0.00,0.00,0.00,0.00,0.00,0.00,0.00,0.00
2026-09-21 00:00:00+00:00,Mealhada,0111,0.00,0.00,0.00,0.00,0.00,0.00,0.00,0.00,0.00,0.00,0.00,0.00,0.00,0.00
2026-09-22 00:00:00+00:00,Mealhada,0111,0.00,0.00,0.00,0.00,0.00,0.00,0.00,0.00,0.00,0.00,0.00,0.00,0.00,0.00
2026-09-23 00:00:00+00:00,Mealhada,0111,0.52,0.77,0.00,3.61,0.07,0.16,0.66,0.01,0.01,0.00,0.06,0.00,0.00,0.01
2026-09-24 00:00:00+00:00,Mealhada,0111,0.23,0.12,0.05,0.60,0.14,0.21,0.30,0.01,0.00,0.00,0.02,0.01,0.01,0.01
2026-09-25 00:00:00+00:00,Mealhada,0111,0.16,0.06,0.04,0.32,0.11,0.16,0.19,0.00,0.00,0.00,0.00,0.00,0.00,0.00
2026-09-26 00:00:00+00:00,Mealhada,0111,0.48,0.30,0.07,1.14,0.21,0.42,0.73,0.01,0.01,0.00,0.03,0.00,0.01,0.02
2026-09-27 00:00:00+00:00,Mealhada,0111,0.00,0.00,0.00,0.00,0.00,0.00,0.00,0.00,0.00,0.00,0.00,0.00,0.00,0.00
2026-09-28 00:00:00+00:00,Mealhada,0111,5.08,0.65,2.52,5.67,4.77,5.36,5.57,0.27,0.04,0.13,0.30,0.25,0.28,0.29
2026-09-29 00:00:00+00:00,Mealhada,0111,30.47,5.63,15.23,38.83,29.01,32.99,33.87,8.50,2.30,3.34,11.10,7.33,9.12,10.33
2026-09-10 00:00:00+00:00,Murtosa,0112,0.27,0.06,0.16,0.39,0.22,0.28,0.32,0.00,0.00,0.00,0.01,0.00,0.00,0.01
2026-09-11 00:00:00+00:00,Murtosa,0112,0.00,0.00,0.00,0.00,0.00,0.00,0.00,0.00,0.00,0.00,0.00,0.00,0.00,0.00
2026-09-12 00:00:00+00:00,Murtosa,0112,0.00,0.00,0.00,0.00,0.00,0.00,0.00,0.00,0.00,0.00,0.00,0.00,0.00,0.00
2026-09-13 00:00:00+00:00,Murtosa,0112,0.00,0.00,0.00,0.00,0.00,0.00,0.00,0.00,0.00,0.00,0.00,0.00,0.00,0.00
2026-09-14 00:00:00+00:00,Murtosa,0112,0.00,0.00,0.00,0.00,0.00,0.00,0.00,0.00,0.00,0.00,0.00,0.00,0.00,0.00
2026-09-15 00:00:00+00:00,Murtosa,0112,0.00,0.00,0.00,0.00,0.00,0.00,0.00,0.00,0.00,0.00,0.00,0.00,0.00,0.00
2026-09-16 00:00:00+00:00,Murtosa,0112,0.00,0.00,0.00,0.00,0.00,0.00,0.00,0.00,0.00,0.00,0.00,0.00,0.00,0.00
2026-09-17 00:00:00+00:00,Murtosa,0112,0.00,0.00,0.00,0.00,0.00,0.00,0.00,0.00,0.00,0.00,0.00,0.00,0.00,0.00
2026-09-18 00:00:00+00:00,Murtosa,0112,0.00,0.00,0.00,0.00,0.00,0.00,0.00,0.00,0.00,0.00,0.00,0.00,0.00,0.00
2026-09-19 00:00:00+00:00,Murtosa,0112,0.00,0.00,0.00,0.00,0.00,0.00,0.00,0.00,0.00,0.00,0.00,0.00,0.00,0.00
2026-09-20 00:00:00+00:00,Murtosa,0112,0.00,0.00,0.00,0.00,0.00,0.00,0.00,0.00,0.00,0.00,0.00,0.00,0.00,0.00
2026-09-21 00:00:00+00:00,Murtosa,0112,0.00,0.00,0.00,0.00,0.00,0.00,0.00,0.00,0.00,0.00,0.00,0.00,0.00,0.00
2026-09-22 00:00:00+00:00,Murtosa,0112,0.00,0.00,0.00,0.00,0.00,0.00,0.00,0.00,0.00,0.00,0.00,0.00,0.00,0.00
2026-09-23 00:00:00+00:00,Murtosa,0112,0.37,0.08,0.22,0.53,0.30,0.37,0.44,0.01,0.00,0.00,0.01,0.01,0.01,0.01
2026-09-24 00:00:00+00:00,Murtosa,0112,0.29,0.06,0.16,0.42,0.24,0.29,0.34,0.01,0.00,0.01,0.02,0.01,0.01,0.02
2026-09-25 00:00:00+00:00,Murtosa,0112,0.28,0.06,0.16,0.40,0.22,0.28,0.33,0.00,0.00,0.00,0.01,0.00,0.00,0.01
2026-09-26 00:00:00+00:00,Murtosa,0112,0.28,0.06,0.16,0.40,0.24,0.28,0.33,0.01,0.00,0.00,0.01,0.00,0.01,0.01
2026-09-27 00:00:00+00:00,Murtosa,0112,0.00,0.00,0.00,0.00,0.00,0.00,0.00,0.00,0.00,0.00,0.00,0.00,0.00,0.00
2026-09-28 00:00:00+00:00,Murtosa,0112,1.14,0.31,0.63,1.74,0.85,1.16,1.41,0.05,0.01,0.02,0.07,0.03,0.05,0.06
2026-09-29 00:00:00+00:00,Murtosa,0112,6.13,2.37,2.30,10.97,4.00,5.98,8.05,1.79,0.82,0.52,3.58,1.06,1.70,2.43
2026-09-10 00:00:00+00:00,Oliveira de Azeméis,0113,0.16,0.07,0.00,0.29,0.10,0.17,0.22,0.00,0.00,0.00,0.00,0.00,0.00,0.00
2026-09-11 00:00:00+00:00,Oliveira de Azeméis,0113,0.00,0.00,0.00,0.00,0.00,0.00,0.00,0.00,0.00,0.00,0.00,0.00,0.00,0.00
2026-09-12 00:00:00+00:00,Oliveira de Azeméis,0113,0.00,0.00,0.00,0.00,0.00,0.00,0.00,0.00,0.00,0.00,0.00,0.00,0.00,0.00
2026-09-13 00:00:00+00:00,Oliveira de Azeméis,0113,0.00,0.00,0.00,0.00,0.00,0.00,0.00,0.00,0.00,0.00,0.00,0.00,0.00,0.00
2026-09-14 00:00:00+00:00,Oliveira de Azeméis,0113,0.00,0.00,0.00,0.00,0.00,0.00,0.00,0.00,0.00,0.00,0.00,0.00,0.00,0.00
2026-09-15 00:00:00+00:00,Oliveira de Azeméis,0113,0.00,0.00,0.00,0.00,0.00,0.00,0.00,0.00,0.00,0.00,0.00,0.00,0.00,0.00
2026-09-16 00:00:00+00:00,Oliveira de Azeméis,0113,0.20,0.13,0.00,0.40,0.00,0.24,0.31,0.00,0.00,0.00,0.00,0.00,0.00,0.00
2026-09-17 00:00:00+00:00,Oliveira de Azeméis,0113,0.00,0.00,0.00,0.00,0.00,0.00,0.00,0.00,0.00,0.00,0.00,0.00,0.00,0.00
2026-09-18 00:00:00+00:00,Oliveira de Azeméis,0113,0.00,0.00,0.00,0.00,0.00,0.00,0.00,0.00,0.00,0.00,0.00,0.00,0.00,0.00
2026-09-19 00:00:00+00:00,Oliveira de Azeméis,0113,0.00,0.00,0.00,0.00,0.00,0.00,0.00,0.00,0.00,0.00,0.00,0.00,0.00,0.00
2026-09-20 00:00:00+00:00,Oliveira de Azeméis,0113,0.00,0.00,0.00,0.00,0.00,0.00,0.00,0.00,0.00,0.00,0.00,0.00,0.00,0.00
2026-09-21 00:00:00+00:00,Oliveira de Azeméis,0113,0.00,0.00,0.00,0.00,0.00,0.00,0.00,0.00,0.00,0.00,0.00,0.00,0.00,0.00
2026-09-22 00:00:00+00:00,Oliveira de Azeméis,0113,0.00,0.00,0.00,0.00,0.00,0.00,0.00,0.00,0.00,0.00,0.00,0.00,0.00,0.00
2026-09-23 00:00:00+00:00,Oliveira de Azeméis,0113,0.19,0.14,0.00,0.43,0.09,0.16,0.30,0.00,0.00,0.00,0.01,0.00,0.00,0.01
2026-09-24 00:00:00+00:00,Oliveira de Azeméis,0113,0.17,0.08,0.03,0.31,0.11,0.18,0.24,0.01,0.00,0.00,0.02,0.01,0.01,0.01
2026-09-25 00:00:00+00:00,Oliveira de Azeméis,0113,0.34,0.12,0.09,0.52,0.24,0.36,0.45,0.00,0.00,0.00,0.01,0.00,0.00,0.01
2026-09-26 00:00:00+00:00,Oliveira de Azeméis,0113,0.17,0.08,0.03,0.31,0.11,0.18,0.24,0.00,0.00,0.00,0.01,0.00,0.00,0.00
2026-09-27 00:00:00+00:00,Oliveira de Azeméis,0113,0.00,0.00,0.00,0.00,0.00,0.00,0.00,0.00,0.00,0.00,0.00,0.00,0.00,0.00
2026-09-28 00:00:00+00:00,Oliveira de Azeméis,0113,1.30,0.48,0.33,2.07,0.91,1.30,1.75,0.06,0.02,0.02,0.10,0.04,0.06,0.08
2026-09-29 00:00:00+00:00,Oliveira de Azeméis,0113,20.39,2.46,13.75,23.77,19.03,20.70,22.41,8.45,1.70,4.30,11.14,7.33,8.66,9.86
2026-09-10 00:00:00+00:00,Oliveira do Bairro,0114,0.96,0.60,0.18,2.83,0.51,0.80,1.33,0.02,0.01,0.00,0.05,0.01,0.01,0.02
2026-09-11 00:00:00+00:00,Oliveira do Bairro,0114,0.00,0.00,0.00,0.00,0.00,0.00,0.00,0.00,0.00,0.00,0.00,0.00,0.00,0.00
2026-09-12 00:00:00+00:00,Oliveira do Bairro,0114,0.00,0.00,0.00,0.00,0.00,0.00,0.00,0.00,0.00,0.00,0.00,0.00,0.00,0.00
2026-09-13 00:00:00+00:00,Oliveira do Bairro,0114,0.00,0.00,0.00,0.00,0.00,0.00,0.00,0.00,0.00,0.00,0.00,0.00,0.00,0.00
2026-09-14 00:00:00+00:00,Oliveira do Bairro,0114,0.00,0.00,0.00,0.00,0.00,0.00,0.00,0.00,0.00,0.00,0.00,0.00,0.00,0.00
2026-09-15 00:00:00+00:00,Oliveira do Bairro,0114,0.00,0.00,0.00,0.00,0.00,0.00,0.00,0.00,0.00,0.00,0.00,0.00,0.00,0.00
2026-09-16 00:00:00+00:00,Oliveira do Bairro,0114,0.05,0.02,0.00,0.07,0.05,0.05,0.06,0.01,0.00,0.01,0.01,0.01,0.01,0.01
2026-09-17 00:00:00+00:00,Oliveira do Bairro,0114,0.00,0.00,0.00,0.00,0.00,0.00,0.00,0.00,0.00,0.00,0.00,0.00,0.00,0.00
2026-09-18 00:00:00+00:00,Oliveira do Bairro,0114,0.00,0.00,0.00,0.00,0.00,0.00,0.00,0.00,0.00,0.00,0.00,0.00,0.00,0.00
2026-09-19 00:00:00+00:00,Oliveira do Bairro,0114,0.00,0.00,0.00,0.00,0.00,0.00,0.00,0.00,0.00,0.00,0.00,0.00,0.00,0.00
2026-09-20 00:00:00+00:00,Oliveira do Bairro,0114,0.00,0.00,0.00,0.00,0.00,0.00,0.00,0.00,0.00,0.00,0.00,0.00,0.00,0.00
2026-09-21 00:00:00+00:00,Oliveira do Bairro,0114,0.00,0.00,0.00,0.00,0.00,0.00,0.00,0.00,0.00,0.00,0.00,0.00,0.00,0.00
2026-09-22 00:00:00+00:00,Oliveira do Bairro,0114,0.00,0.00,0.00,0.00,0.00,0.00,0.00,0.00,0.00,0.00,0.00,0.00,0.00,0.00
2026-09-23 00:00:00+00:00,Oliveira do Bairro,0114,1.29,0.59,0.40,2.95,0.84,1.11,1.68,0.02,0.01,0.01,0.05,0.01,0.02,0.03
2026-09-24 00:00:00+00:00,Oliveira do Bairro,0114,1.09,0.63,0.23,3.00,0.63,0.92,1.49,0.05,0.03,0.01,0.14,0.03,0.04,0.07
2026-09-25 00:00:00+00:00,Oliveira do Bairro,0114,1.03,0.60,0.23,2.89,0.60,0.87,1.40,0.02,0.01,0.00,0.05,0.01,0.01,0.02
2026-09-26 00:00:00+00:00,Oliveira do Bairro,0114,1.06,0.61,0.23,2.94,0.61,0.89,1.45,0.02,0.01,0.00,0.05,0.01,0.01,0.02
2026-09-27 00:00:00+00:00,Oliveira do Bairro,0114,0.00,0.00,0.00,0.00,0.00,0.00,0.00,0.00,0.00,0.00,0.00,0.00,0.00,0.00
2026-09-28 00:00:00+00:00,Oliveira do Bairro,0114,4.97,0.70,3.12,6.63,4.51,5.08,5.40,0.21,0.03,0.11,0.27,0.19,0.22,0.24
2026-09-29 00:00:00+00:00,Oliveira do Bairro,0114,25.80,6.85,10.40,39.06,20.69,25.36,30.80,3.28,0.69,1.43,4.27,2.80,3.31,3.86
2026-09-10 00:00:00+00:00,Ovar,0115,0.26,0.07,0.12,0.38,0.21,0.26,0.31,0.00,0.00,0.00,0.01,0.00,0.00,0.01
2026-09-11 00:00:00+00:00,Ovar,0115,0.00,0.00,0.00,0.00,0.00,0.00,0.00,0.00,0.00,0.00,0.00,0.00,0.00,0.00
2026-09-12 00:00:00+00:00,Ovar,0115,0.00,0.00,0.00,0.00,0.00,0.00,0.00,0.00,0.00,0.00,0.00,0.00,0.00,0.00
2026-09-13 00:00:00+00:00,Ovar,0115,0.00,0.00,0.00,0.00,0.00,0.00,0.00,0.00,0.00,0.00,0.00,0.00,0.00,0.00
2026-09-14 00:00:00+00:00,Ovar,0115,0.00,0.00,0.00,0.00,0.00,0.00,0.00,0.00,0.00,0.00,0.00,0.00,0.00,0.00
2026-09-15 00:00:00+00:00,Ovar,0115,0.00,0.00,0.00,0.00,0.00,0.00,0.00,0.00,0.00,0.00,0.00,0.00,0.00,0.00
2026-09-16 00:00:00+00:00,Ovar,0115,0.00,0.03,0.00,0.27,0.00,0.00,0.00,0.00,0.00,0.00,0.00,0.00,0.00,0.00
2026-09-17 00:00:00+00:00,Ovar,0115,0.00,0.00,0.00,0.00,0.00,0.00,0.00,0.00,0.00,0.00,0.00,0.00,0.00,0.00
2026-09-18 00:00:00+00:00,Ovar,0115,0.00,0.00,0.00,0.00,0.00,0.00,0.00,0.00,0.00,0.00,0.00,0.00,0.00,0.00
2026-09-19 00:00:00+00:00,Ovar,0115,0.00,0.00,0.00,0.00,0.00,0.00,0.00,0.00,0.00,0.00,0.00,0.00,0.00,0.00
2026-09-20 00:00:00+00:00,Ovar,0115,0.00,0.00,0.00,0.00,0.00,0.00,0.00,0.00,0.00,0.00,0.00,0.00,0.00,0.00
2026-09-21 00:00:00+00:00,Ovar,0115,0.00,0.00,0.00,0.00,0.00,0.00,0.00,0.00,0.00,0.00,0.00,0.00,0.00,0.00
2026-09-22 00:00:00+00:00,Ovar,0115,0.00,0.00,0.00,0.00,0.00,0.00,0.00,0.00,0.00,0.00,0.00,0.00,0.00,0.00
2026-09-23 00:00:00+00:00,Ovar,0115,0.37,0.11,0.12,0.53,0.32,0.40,0.46,0.01,0.00,0.00,0.01,0.01,0.01,0.01
2026-09-24 00:00:00+00:00,Ovar,0115,0.27,0.07,0.12,0.39,0.22,0.28,0.33,0.01,0.00,0.01,0.02,0.01,0.01,0.02
2026-09-25 00:00:00+00:00,Ovar,0115,0.36,0.07,0.18,0.47,0.32,0.36,0.41,0.01,0.00,0.00,0.01,0.00,0.01,0.01
2026-09-26 00:00:00+00:00,Ovar,0115,0.27,0.07,0.12,0.39,0.22,0.28,0.33,0.00,0.00,0.00,0.01,0.00,0.00,0.01
2026-09-27 00:00:00+00:00,Ovar,0115,0.03,0.09,0.00,0.32,0.00,0.00,0.00,0.00,0.00,0.00,0.01,0.00,0.00,0.00
2026-09-28 00:00:00+00:00,Ovar,0115,1.80,0.12,1.28,2.00,1.77,1.82,1.88,0.09,0.01,0.06,0.11,0.08,0.09,0.09
2026-09-29 00:00:00+00:00,Ovar,0115,17.95,2.97,11.14,23.33,15.88,18.32,20.10,7.02,1.70,3.65,10.68,5.77,7.04,8.08
2026-09-10 00:00:00+00:00,São João da Madeira,0116,0.12,0.01,0.11,0.13,0.12,0.12,0.13,0.00,0.00,0.00,0.00,0.00,0.00,0.00
2026-09-11 00:00:00+00:00,São João da Madeira,0116,0.00,0.00,0.00,0.00,0.00,0.00,0.00,0.00,0.00,0.00,0.00,0.00,0.00,0.00
2026-09-12 00:00:00+00:00,São João da Madeira,0116,0.00,0.00,0.00,0.00,0.00,0.00,0.00,0.00,0.00,0.00,0.00,0.00,0.00,0.00
2026-09-13 00:00:00+00:00,São João da Madeira,0116,0.00,0.00,0.00,0.00,0.00,0.00,0.00,0.00,0.00,0.00,0.00,0.00,0.00,0.00
2026-09-14 00:00:00+00:00,São João da Madeira,0116,0.00,0.00,0.00,0.00,0.00,0.00,0.00,0.00,0.00,0.00,0.00,0.00,0.00,0.00
2026-09-15 00:00:00+00:00,São João da Madeira,0116,0.00,0.00,0.00,0.00,0.00,0.00,0.00,0.00,0.00,0.00,0.00,0.00,0.00,0.00
2026-09-16 00:00:00+00:00,São João da Madeira,0116,0.25,0.01,0.24,0.26,0.24,0.25,0.26,0.00,0.00,0.00,0.00,0.00,0.00,0.00
2026-09-17 00:00:00+00:00,São João da Madeira,0116,0.00,0.00,0.00,0.00,0.00,0.00,0.00,0.00,0.00,0.00,0.00,0.00,0.00,0.00
2026-09-18 00:00:00+00:00,São João da Madeira,0116,0.00,0.00,0.00,0.00,0.00,0.00,0.00,0.00,0.00,0.00,0.00,0.00,0.00,0.00
2026-09-19 00:00:00+00:00,São João da Madeira,0116,0.00,0.00,0.00,0.00,0.00,0.00,0.00,0.00,0.00,0.00,0.00,0.00,0.00,0.00
2026-09-20 00:00:00+00:00,São João da Madeira,0116,0.00,0.00,0.00,0.00,0.00,0.00,0.00,0.00,0.00,0.00,0.00,0.00,0.00,0.00
2026-09-21 00:00:00+00:00,São João da Madeira,0116,0.00,0.00,0.00,0.00,0.00,0.00,0.00,0.00,0.00,0.00,0.00,0.00,0.00,0.00
2026-09-22 00:00:00+00:00,São João da Madeira,0116,0.00,0.00,0.00,0.00,0.00,0.00,0.00,0.00,0.00,0.00,0.00,0.00,0.00,0.00
2026-09-23 00:00:00+00:00,São João da Madeira,0116,0.12,0.01,0.11,0.13,0.12,0.12,0.13,0.00,0.00,0.00,0.00,0.00,0.00,0.00
2026-09-24 00:00:00+00:00,São João da Madeira,0116,0.13,0.01,0.11,0.14,0.12,0.13,0.14,0.01,0.00,0.01,0.01,0.01,0.01,0.01
2026-09-25 00:00:00+00:00,São João da Madeira,0116,0.26,0.02,0.24,0.29,0.25,0.27,0.28,0.00,0.00,0.00,0.00,0.00,0.00,0.00
2026-09-26 00:00:00+00:00,São João da Madeira,0116,0.13,0.01,0.11,0.14,0.12,0.13,0.14,0.00,0.00,0.00,0.00,0.00,0.00,0.00
2026-09-27 00:00:00+00:00,São João da Madeira,0116,0.00,0.00,0.00,0.00,0.00,0.00,0.00,0.00,0.00,0.00,0.00,0.00,0.00,0.00
2026-09-28 00:00:00+00:00,São João da Madeira,0116,1.03,0.04,0.96,1.09,1.01,1.03,1.06,0.05,0.00,0.05,0.05,0.05,0.05,0.05
2026-09-29 00:00:00+00:00,São João da Madeira,0116,21.96,0.24,21.63,22.36,21.78,21.93,22.13,9.55,0.17,9.32,9.84,9.42,9.54,9.67
2026-09-10 00:00:00+00:00,Sever do Vouga,0117,0.16,0.05,0.00,0.28,0.12,0.16,0.19,0.00,0.00,0.00,0.00,0.00,0.00,0.00
2026-09-11 00:00:00+00:00,Sever do Vouga,0117,0.00,0.00,0.00,0.00,0.00,0.00,0.00,0.00,0.00,0.00,0.00,0.00,0.00,0.00
2026-09-12 00:00:00+00:00,Sever do Vouga,0117,0.00,0.00,0.00,0.00,0.00,0.00,0.00,0.00,0.00,0.00,0.00,0.00,0.00,0.00
2026-09-13 00:00:00+00:00,Sever do Vouga,0117,0.00,0.00,0.00,0.00,0.00,0.00,0.00,0.00,0.00,0.00,0.00,0.00,0.00,0.00
2026-09-14 00:00:00+00:00,Sever do Vouga,0117,0.00,0.00,0.00,0.00,0.00,0.00,0.00,0.00,0.00,0.00,0.00,0.00,0.00,0.00
2026-09-15 00:00:00+00:00,Sever do Vouga,0117,0.00,0.00,0.00,0.00,0.00,0.00,0.00,0.00,0.00,0.00,0.00,0.00,0.00,0.00
2026-09-16 00:00:00+00:00,Sever do Vouga,0117,0.46,0.04,0.36,0.55,0.42,0.45,0.48,0.01,0.00,0.00,0.01,0.00,0.01,0.01
2026-09-17 00:00:00+00:00,Sever do Vouga,0117,0.00,0.00,0.00,0.00,0.00,0.00,0.00,0.00,0.00,0.00,0.00,0.00,0.00,0.00
2026-09-18 00:00:00+00:00,Sever do Vouga,0117,0.00,0.00,0.00,0.00,0.00,0.00,0.00,0.00,0.00,0.00,0.00,0.00,0.00,0.00
2026-09-19 00:00:00+00:00,Sever do Vouga,0117,0.00,0.00,0.00,0.00,0.00,0.00,0.00,0.00,0.00,0.00,0.00,0.00,0.00,0.00
2026-09-20 00:00:00+00:00,Sever do Vouga,0117,0.00,0.00,0.00,0.00,0.00,0.00,0.00,0.00,0.00,0.00,0.00,0.00,0.00,0.00
2026-09-21 00:00:00+00:00,Sever do Vouga,0117,0.00,0.00,0.00,0.00,0.00,0.00,0.00,0.00,0.00,0.00,0.00,0.00,0.00,0.00
2026-09-22 00:00:00+00:00,Sever do Vouga,0117,0.00,0.00,0.00,0.00,0.00,0.00,0.00,0.00,0.00,0.00,0.00,0.00,0.00,0.00
2026-09-23 00:00:00+00:00,Sever do Vouga,0117,0.26,0.11,0.00,0.46,0.23,0.28,0.34,0.00,0.00,0.00,0.01,0.00,0.00,0.01
2026-09-24 00:00:00+00:00,Sever do Vouga,0117,0.25,0.07,0.10,0.36,0.19,0.27,0.30,0.01,0.00,0.01,0.02,0.01,0.01,0.02
2026-09-25 00:00:00+00:00,Sever do Vouga,0117,0.71,0.18,0.39,1.11,0.55,0.69,0.85,0.01,0.00,0.00,0.01,0.01,0.01,0.01
2026-09-26 00:00:00+00:00,Sever do Vouga,0117,0.30,0.12,0.10,0.48,0.19,0.27,0.43,0.01,0.00,0.00,0.01,0.00,0.00,0.01
2026-09-27 00:00:00+00:00,Sever do Vouga,0117,0.00,0.00,0.00,0.00,0.00,0.00,0.00,0.00,0.00,0.00,0.00,0.00,0.00,0.00
2026-09-28 00:00:00+00:00,Sever do Vouga,0117,3.15,0.65,1.80,4.28,2.70,3.13,3.68,0.15,0.03,0.08,0.21,0.13,0.15,0.18
2026-09-29 00:00:00+00:00,Sever do Vouga,0117,21.69,0.93,18.90,23.28,21.14,21.88,22.36,7.39,0.95,5.12,9.25,6.69,7.38,8.17
2026-09-10 00:00:00+00:00,Vagos,0118,3.35,1.58,0.38,5.81,1.96,3.61,4.74,0.06,0.03,0.01,0.10,0.03,0.06,0.08
2026-09-11 00:00:00+00:00,Vagos,0118,0.00,0.00,0.00,0.00,0.00,0.00,0.00,0.00,0.00,0.00,0.00,0.00,0.00,0.00
2026-09-12 00:00:00+00:00,Vagos,0118,0.00,0.00,0.00,0.00,0.00,0.00,0.00,0.00,0.00,0.00,0.00,0.00,0.00,0.00
2026-09-13 00:00:00+00:00,Vagos,0118,0.00,0.00,0.00,0.00,0.00,0.00,0.00,0.00,0.00,0.00,0.00,0.00,0.00,0.00
2026-09-14 00:00:00+00:00,Vagos,0118,0.00,0.00,0.00,0.00,0.00,0.00,0.00,0.00,0.00,0.00,0.00,0.00,0.00,0.00
2026-09-15 00:00:00+00:00,Vagos,0118,0.00,0.00,0.00,0.00,0.00,0.00,0.00,0.00,0.00,0.00,0.00,0.00,0.00,0.00
2026-09-16 00:00:00+00:00,Vagos,0118,0.01,0.01,0.00,0.05,0.00,0.00,0.02,0.00,0.00,0.00,0.01,0.00,0.00,0.01
2026-09-17 00:00:00+00:00,Vagos,0118,0.00,0.00,0.00,0.00,0.00,0.00,0.00,0.00,0.00,0.00,0.00,0.00,0.00,0.00
2026-09-18 00:00:00+00:00,Vagos,0118,0.00,0.00,0.00,0.00,0.00,0.00,0.00,0.00,0.00,0.00,0.00,0.00,0.00,0.00
2026-09-19 00:00:00+00:00,Vagos,0118,0.00,0.00,0.00,0.00,0.00,0.00,0.00,0.00,0.00,0.00,0.00,0.00,0.00,0.00
2026-09-20 00:00:00+00:00,Vagos,0118,0.00,0.00,0.00,0.00,0.00,0.00,0.00,0.00,0.00,0.00,0.00,0.00,0.00,0.00
2026-09-21 00:00:00+00:00,Vagos,0118,0.00,0.00,0.00,0.00,0.00,0.00,0.00,0.00,0.00,0.00,0.00,0.00,0.00,0.00
2026-09-22 00:00:00+00:00,Vagos,0118,0.00,0.00,0.00,0.00,0.00,0.00,0.00,0.00,0.00,0.00,0.00,0.00,0.00,0.00
2026-09-23 00:00:00+00:00,Vagos,0118,3.37,1.50,0.50,5.77,2.06,3.60,4.65,0.06,0.03,0.01,0.10,0.03,0.06,0.08
2026-09-24 00:00:00+00:00,Vagos,0118,3.45,1.59,0.42,5.83,2.06,3.71,4.86,0.17,0.08,0.02,0.29,0.10,0.18,0.24
2026-09-25 00:00:00+00:00,Vagos,0118,3.38,1.58,0.40,5.81,1.97,3.64,4.77,0.06,0.03,0.01,0.10,0.03,0.06,0.08
2026-09-26 00:00:00+00:00,Vagos,0118,3.41,1.58,0.41,5.82,2.00,3.66,4.81,0.06,0.03,0.01,0.10,0.03,0.06,0.08
2026-09-27 00:00:00+00:00,Vagos,0118,0.00,0.00,0.00,0.00,0.00,0.00,0.00,0.00,0.00,0.00,0.00,0.00,0.00,0.00
2026-09-28 00:00:00+00:00,Vagos,0118,6.94,2.88,1.30,11.54,4.55,7.42,9.33,0.20,0.07,0.04,0.29,0.13,0.22,0.26
2026-09-29 00:00:00+00:00,Vagos,0118,11.34,3.77,2.98,19.23,8.61,11.88,13.58,1.32,0.48,0.39,2.58,1.02,1.19,1.57
2026-09-10 00:00:00+00:00,Vale de Cambra,0119,0.03,0.04,0.00,0.16,0.00,0.00,0.06,0.00,0.00,0.00,0.00,0.00,0.00,0.00
2026-09-11 00:00:00+00:00,Vale de Cambra,0119,0.00,0.00,0.00,0.00,0.00,0.00,0.00,0.00,0.00,0.00,0.00,0.00,0.00,0.00
2026-09-12 00:00:00+00:00,Vale de Cambra,0119,0.00,0.00,0.00,0.00,0.00,0.00,0.00,0.00,0.00,0.00,0.00,0.00,0.00,0.00
2026-09-13 00:00:00+00:00,Vale de Cambra,0119,0.00,0.00,0.00,0.00,0.00,0.00,0.00,0.00,0.00,0.00,0.00,0.00,0.00,0.00
2026-09-14 00:00:00+00:00,Vale de Cambra,0119,0.00,0.00,0.00,0.00,0.00,0.00,0.00,0.00,0.00,0.00,0.00,0.00,0.00,0.00
2026-09-15 00:00:00+00:00,Vale de Cambra,0119,0.00,0.00,0.00,0.00,0.00,0.00,0.00,0.00,0.00,0.00,0.00,0.00,0.00,0.00
2026-09-16 00:00:00+00:00,Vale de Cambra,0119,0.28,0.13,0.05,0.56,0.17,0.27,0.38,0.00,0.00,0.00,0.01,0.00,0.00,0.00
2026-09-17 00:00:00+00:00,Vale de Cambra,0119,0.00,0.00,0.00,0.00,0.00,0.00,0.00,0.00,0.00,0.00,0.00,0.00,0.00,0.00
2026-09-18 00:00:00+00:00,Vale de Cambra,0119,0.00,0.00,0.00,0.00,0.00,0.00,0.00,0.00,0.00,0.00,0.00,0.00,0.00,0.00
2026-09-19 00:00:00+00:00,Vale de Cambra,0119,0.00,0.00,0.00,0.00,0.00,0.00,0.00,0.00,0.00,0.00,0.00,0.00,0.00,0.00
2026-09-20 00:00:00+00:00,Vale de Cambra,0119,0.00,0.00,0.00,0.00,0.00,0.00,0.00,0.00,0.00,0.00,0.00,0.00,0.00,0.00
2026-09-21 00:00:00+00:00,Vale de Cambra,0119,0.00,0.00,0.00,0.00,0.00,0.00,0.00,0.00,0.00,0.00,0.00,0.00,0.00,0.00
2026-09-22 00:00:00+00:00,Vale de Cambra,0119,0.00,0.00,0.00,0.00,0.00,0.00,0.00,0.00,0.00,0.00,0.00,0.00,0.00,0.00
2026-09-23 00:00:00+00:00,Vale de Cambra,0119,0.02,0.05,0.00,0.28,0.00,0.00,0.00,0.00,0.00,0.00,0.00,0.00,0.00,0.00
2026-09-24 00:00:00+00:00,Vale de Cambra,0119,0.06,0.04,0.01,0.19,0.03,0.05,0.09,0.00,0.00,0.00,0.01,0.00,0.00,0.00
2026-09-25 00:00:00+00:00,Vale de Cambra,0119,0.20,0.11,0.03,0.50,0.10,0.19,0.28,0.00,0.00,0.00,0.01,0.00,0.00,0.00
2026-09-26 00:00:00+00:00,Vale de Cambra,0119,0.06,0.04,0.01,0.19,0.03,0.05,0.09,0.00,0.00,0.00,0.00,0.00,0.00,0.00
2026-09-27 00:00:00+00:00,Vale de Cambra,0119,0.00,0.00,0.00,0.00,0.00,0.00,0.00,0.00,0.00,0.00,0.00,0.00,0.00,0.00
2026-09-28 00:00:00+00:00,Vale de Cambra,0119,1.00,0.65,0.12,3.04,0.48,0.83,1.50,0.05,0.03,0.01,0.15,0.02,0.04,0.07
2026-09-29 00:00:00+00:00,Vale de Cambra,0119,23.03,0.66,20.48,23.92,22.67,23.10,23.56,10.29,0.79,7.95,11.45,9.74,10.42,10.95
2026-09-10 00:00:00+00:00,Aljustrel,0201,0.13,0.06,0.00,0.28,0.09,0.14,0.18,0.00,0.00,0.00,0.00,0.00,0.00,0.00
2026-09-11 00:00:00+00:00,Aljustrel,0201,0.00,0.00,0.00,0.00,0.00,0.00,0.00,0.00,0.00,0.00,0.00,0.00,0.00,0.00
2026-09-12 00:00:00+00:00,Aljustrel,0201,0.00,0.00,0.00,0.00,0.00,0.00,0.00,0.00,0.00,0.00,0.00,0.00,0.00,0.00
2026-09-13 00:00:00+00:00,Aljustrel,0201,0.00,0.00,0.00,0.00,0.00,0.00,0.00,0.00,0.00,0.00,0.00,0.00,0.00,0.00
2026-09-14 00:00:00+00:00,Aljustrel,0201,0.00,0.00,0.00,0.00,0.00,0.00,0.00,0.00,0.00,0.00,0.00,0.00,0.00,0.00
2026-09-15 00:00:00+00:00,Aljustrel,0201,0.00,0.00,0.00,0.00,0.00,0.00,0.00,0.00,0.00,0.00,0.00,0.00,0.00,0.00
2026-09-16 00:00:00+00:00,Aljustrel,0201,0.13,0.06,0.00,0.28,0.09,0.14,0.18,0.00,0.00,0.00,0.00,0.00,0.00,0.00
2026-09-17 00:00:00+00:00,Aljustrel,0201,0.00,0.00,0.00,0.00,0.00,0.00,0.00,0.00,0.00,0.00,0.00,0.00,0.00,0.00
2026-09-18 00:00:00+00:00,Aljustrel,0201,0.00,0.00,0.00,0.00,0.00,0.00,0.00,0.00,0.00,0.00,0.00,0.00,0.00,0.00
2026-09-19 00:00:00+00:00,Aljustrel,0201,0.00,0.00,0.00,0.00,0.00,0.00,0.00,0.00,0.00,0.00,0.00,0.00,0.00,0.00
2026-09-20 00:00:00+00:00,Aljustrel,0201,0.00,0.00,0.00,0.00,0.00,0.00,0.00,0.00,0.00,0.00,0.00,0.00,0.00,0.00
2026-09-21 00:00:00+00:00,Aljustrel,0201,0.00,0.00,0.00,0.00,0.00,0.00,0.00,0.00,0.00,0.00,0.00,0.00,0.00,0.00
2026-09-22 00:00:00+00:00,Aljustrel,0201,0.00,0.00,0.00,0.00,0.00,0.00,0.00,0.00,0.00,0.00,0.00,0.00,0.00,0.00
2026-09-23 00:00:00+00:00,Aljustrel,0201,0.00,0.00,0.00,0.00,0.00,0.00,0.00,0.00,0.00,0.00,0.00,0.00,0.00,0.00
2026-09-24 00:00:00+00:00,Aljustrel,0201,0.00,0.00,0.00,0.00,0.00,0.00,0.00,0.00,0.00,0.00,0.00,0.00,0.00,0.00
2026-09-25 00:00:00+00:00,Aljustrel,0201,0.00,0.00,0.00,0.00,0.00,0.00,0.00,0.00,0.00,0.00,0.00,0.00,0.00,0.00
2026-09-26 00:00:00+00:00,Aljustrel,0201,0.00,0.00,0.00,0.00,0.00,0.00,0.00,0.00,0.00,0.00,0.00,0.00,0.00,0.00
2026-09-27 00:00:00+00:00,Aljustrel,0201,2.54,2.23,0.13,9.62,0.74,1.89,3.71,0.05,0.05,0.00,0.20,0.02,0.04,0.08
2026-09-28 00:00:00+00:00,Aljustrel,0201,14.03,8.91,1.12,40.13,6.52,13.47,18.58,2.93,2.10,0.20,9.79,1.31,2.55,3.84
2026-09-29 00:00:00+00:00,Aljustrel,0201,0.35,0.16,0.06,0.86,0.22,0.33,0.46,0.00,0.00,0.00,0.00,0.00,0.00,0.00
2026-09-10 00:00:00+00:00,Almodôvar,0202,0.11,0.11,0.00,0.51,0.01,0.08,0.18,0.00,0.00,0.00,0.01,0.00,0.00,0.00
2026-09-11 00:00:00+00:00,Almodôvar,0202,0.00,0.00,0.00,0.00,0.00,0.00,0.00,0.00,0.00,0.00,0.00,0.00,0.00,0.00
2026-09-12 00:00:00+00:00,Almodôvar,0202,0.08,0.07,0.00,0.24,0.01,0.07,0.14,0.00,0.00,0.00,0.00,0.00,0.00,0.00
2026-09-13 00:00:00+00:00,Almodôvar,0202,0.00,0.00,0.00,0.00,0.00,0.00,0.00,0.00,0.00,0.00,0.00,0.00,0.00,0.00
2026-09-14 00:00:00+00:00,Almodôvar,0202,0.00,0.00,0.00,0.00,0.00,0.00,0.00,0.00,0.00,0.00,0.00,0.00,0.00,0.00
2026-09-15 00:00:00+00:00,Almodôvar,0202,0.00,0.00,0.00,0.00,0.00,0.00,0.00,0.00,0.00,0.00,0.00,0.00,0.00,0.00
2026-09-16 00:00:00+00:00,Almodôvar,0202,0.13,0.12,0.00,0.53,0.02,0.09,0.19,0.00,0.00,0.00,0.01,0.00,0.00,0.00
2026-09-17 00:00:00+00:00,Almodôvar,0202,0.00,0.00,0.00,0.00,0.00,0.00,0.00,0.00,0.00,0.00,0.00,0.00,0.00,0.00
2026-09-18 00:00:00+00:00,Almodôvar,0202,0.00,0.00,0.00,0.00,0.00,0.00,0.00,0.00,0.00,0.00,0.00,0.00,0.00,0.00
2026-09-19 00:00:00+00:00,Almodôvar,0202,0.00,0.00,0.00,0.00,0.00,0.00,0.00,0.00,0.00,0.00,0.00,0.00,0.00,0.00
2026-09-20 00:00:00+00:00,Almodôvar,0202,0.08,0.07,0.00,0.24,0.01,0.07,0.14,0.00,0.00,0.00,0.00,0.00,0.00,0.00
2026-09-21 00:00:00+00:00,Almodôvar,0202,0.00,0.00,0.00,0.00,0.00,0.00,0.00,0.00,0.00,0.00,0.00,0.00,0.00,0.00
2026-09-22 00:00:00+00:00,Almodôvar,0202,0.00,0.00,0.00,0.00,0.00,0.00,0.00,0.00,0.00,0.00,0.00,0.00,0.00,0.00
2026-09-23 00:00:00+00:00,Almodôvar,0202,0.00,0.00,0.00,0.00,0.00,0.00,0.00,0.00,0.00,0.00,0.00,0.00,0.00,0.00
2026-09-24 00:00:00+00:00,Almodôvar,0202,0.00,0.00,0.00,0.00,0.00,0.00,0.00,0.00,0.00,0.00,0.00,0.00,0.00,0.00
2026-09-25 00:00:00+00:00,Almodôvar,0202,0.00,0.00,0.00,0.00,0.00,0.00,0.00,0.00,0.00,0.00,0.00,0.00,0.00,0.00
2026-09-26 00:00:00+00:00,Almodôvar,0202,0.00,0.00,0.00,0.00,0.00,0.00,0.00,0.00,0.00,0.00,0.00,0.00,0.00,0.00
2026-09-27 00:00:00+00:00,Almodôvar,0202,0.05,0.09,0.00,0.39,0.00,0.00,0.07,0.00,0.00,0.00,0.01,0.00,0.00,0.00
2026-09-28 00:00:00+00:00,Almodôvar,0202,62.09,26.63,15.59,101.98,39.68,61.65,86.96,13.98,8.33,0.88,27.29,6.08,12.91,22.03
2026-09-29 00:00:00+00:00,Almodôvar,0202,0.56,0.46,0.00,1.77,0.13,0.48,0.93,0.00,0.00,0.00,0.01,0.00,0.00,0.00
2026-09-10 00:00:00+00:00,Alvito,0203,0.02,0.02,0.00,0.07,0.01,0.02,0.03,0.00,0.00,0.00,0.00,0.00,0.00,0.00
2026-09-11 00:00:00+00:00,Alvito,0203,0.00,0.00,0.00,0.00,0.00,0.00,0.00,0.00,0.00,0.00,0.00,0.00,0.00,0.00
2026-09-12 00:00:00+00:00,Alvito,0203,0.00,0.00,0.00,0.00,0.00,0.00,0.00,0.00,0.00,0.00,0.00,0.00,0.00,0.00
2026-09-13 00:00:00+00:00,Alvito,0203,0.00,0.00,0.00,0.00,0.00,0.00,0.00,0.00,0.00,0.00,0.00,0.00,0.00,0.00
2026-09-14 00:00:00+00:00,Alvito,0203,0.00,0.00,0.00,0.00,0.00,0.00,0.00,0.00,0.00,0.00,0.00,0.00,0.00,0.00
2026-09-15 00:00:00+00:00,Alvito,0203,0.00,0.00,0.00,0.00,0.00,0.00,0.00,0.00,0.00,0.00,0.00,0.00,0.00,0.00
2026-09-16 00:00:00+00:00,Alvito,0203,0.00,0.00,0.00,0.00,0.00,0.00,0.00,0.00,0.00,0.00,0.00,0.00,0.00,0.00
2026-09-17 00:00:00+00:00,Alvito,0203,0.00,0.00,0.00,0.00,0.00,0.00,0.00,0.00,0.00,0.00,0.00,0.00,0.00,0.00
2026-09-18 00:00:00+00:00,Alvito,0203,0.00,0.00,0.00,0.00,0.00,0.00,0.00,0.00,0.00,0.00,0.00,0.00,0.00,0.00
2026-09-19 00:00:00+00:00,Alvito,0203,0.00,0.00,0.00,0.00,0.00,0.00,0.00,0.00,0.00,0.00,0.00,0.00,0.00,0.00
2026-09-20 00:00:00+00:00,Alvito,0203,0.00,0.00,0.00,0.00,0.00,0.00,0.00,0.00,0.00,0.00,0.00,0.00,0.00,0.00
2026-09-21 00:00:00+00:00,Alvito,0203,0.00,0.00,0.00,0.00,0.00,0.00,0.00,0.00,0.00,0.00,0.00,0.00,0.00,0.00
2026-09-22 00:00:00+00:00,Alvito,0203,0.00,0.00,0.00,0.00,0.00,0.00,0.00,0.00,0.00,0.00,0.00,0.00,0.00,0.00
2026-09-23 00:00:00+00:00,Alvito,0203,0.02,0.02,0.00,0.07,0.01,0.02,0.03,0.00,0.00,0.00,0.00,0.00,0.00,0.00
2026-09-24 00:00:00+00:00,Alvito,0203,0.00,0.00,0.00,0.01,0.00,0.00,0.00,0.00,0.00,0.00,0.00,0.00,0.00,0.00
2026-09-25 00:00:00+00:00,Alvito,0203,0.00,0.00,0.00,0.01,0.00,0.00,0.00,0.00,0.00,0.00,0.00,0.00,0.00,0.00
2026-09-26 00:00:00+00:00,Alvito,0203,0.00,0.00,0.00,0.00,0.00,0.00,0.00,0.00,0.00,0.00,0.00,0.00,0.00,0.00
2026-09-27 00:00:00+00:00,Alvito,0203,1.34,1.40,0.00,5.50,0.21,0.72,2.18,0.03,0.03,0.00,0.11,0.00,0.01,0.04
2026-09-28 00:00:00+00:00,Alvito,0203,14.33,1.41,12.02,17.25,13.09,14.27,15.61,1.65,0.19,1.40,2.14,1.49,1.58,1.80
2026-09-29 00:00:00+00:00,Alvito,0203,0.00,0.00,0.00,0.01,0.00,0.00,0.00,0.00,0.00,0.00,0.00,0.00,0.00,0.00
2026-09-10 00:00:00+00:00,Barrancos,0204,0.00,0.00,0.00,0.00,0.00,0.00,0.00,0.00,0.00,0.00,0.00,0.00,0.00,0.00
2026-09-11 00:00:00+00:00,Barrancos,0204,0.00,0.00,0.00,0.00,0.00,0.00,0.00,0.00,0.00,0.00,0.00,0.00,0.00,0.00
2026-09-12 00:00:00+00:00,Barrancos,0204,0.00,0.00,0.00,0.00,0.00,0.00,0.00,0.00,0.00,0.00,0.00,0.00,0.00,0.00
2026-09-13 00:00:00+00:00,Barrancos,0204,0.00,0.00,0.00,0.00,0.00,0.00,0.00,0.00,0.00,0.00,0.00,0.00,0.00,0.00
2026-09-14 00:00:00+00:00,Barrancos,0204,0.00,0.00,0.00,0.00,0.00,0.00,0.00,0.00,0.00,0.00,0.00,0.00,0.00,0.00
2026-09-15 00:00:00+00:00,Barrancos,0204,0.00,0.00,0.00,0.00,0.00,0.00,0.00,0.00,0.00,0.00,0.00,0.00,0.00,0.00
2026-09-16 00:00:00+00:00,Barrancos,0204,0.00,0.00,0.00,0.00,0.00,0.00,0.00,0.00,0.00,0.00,0.00,0.00,0.00,0.00
2026-09-17 00:00:00+00:00,Barrancos,0204,0.00,0.00,0.00,0.00,0.00,0.00,0.00,0.00,0.00,0.00,0.00,0.00,0.00,0.00
2026-09-18 00:00:00+00:00,Barrancos,0204,0.00,0.00,0.00,0.00,0.00,0.00,0.00,0.00,0.00,0.00,0.00,0.00,0.00,0.00
2026-09-19 00:00:00+00:00,Barrancos,0204,0.00,0.00,0.00,0.00,0.00,0.00,0.00,0.00,0.00,0.00,0.00,0.00,0.00,0.00
2026-09-20 00:00:00+00:00,Barrancos,0204,0.00,0.00,0.00,0.00,0.00,0.00,0.00,0.00,0.00,0.00,0.00,0.00,0.00,0.00
2026-09-21 00:00:00+00:00,Barrancos,0204,0.00,0.00,0.00,0.00,0.00,0.00,0.00,0.00,0.00,0.00,0.00,0.00,0.00,0.00
2026-09-22 00:00:00+00:00,Barrancos,0204,0.00,0.00,0.00,0.00,0.00,0.00,0.00,0.00,0.00,0.00,0.00,0.00,0.00,0.00
2026-09-23 00:00:00+00:00,Barrancos,0204,0.00,0.00,0.00,0.00,0.00,0.00,0.00,0.00,0.00,0.00,0.00,0.00,0.00,0.00
2026-09-24 00:00:00+00:00,Barrancos,0204,0.00,0.00,0.00,0.00,0.00,0.00,0.00,0.00,0.00,0.00,0.00,0.00,0.00,0.00
2026-09-25 00:00:00+00:00,Barrancos,0204,0.00,0.00,0.00,0.00,0.00,0.00,0.00,0.00,0.00,0.00,0.00,0.00,0.00,0.00
2026-09-26 00:00:00+00:00,Barrancos,0204,0.00,0.00,0.00,0.00,0.00,0.00,0.00,0.00,0.00,0.00,0.00,0.00,0.00,0.00
2026-09-27 00:00:00+00:00,Barrancos,0204,0.17,0.08,0.02,0.32,0.09,0.17,0.23,0.00,0.00,0.00,0.01,0.00,0.00,0.00
2026-09-28 00:00:00+00:00,Barrancos,0204,6.88,0.50,6.07,7.82,6.45,6.85,7.29,1.58,0.05,1.44,1.69,1.54,1.58,1.62
2026-09-29 00:00:00+00:00,Barrancos,0204,0.05,0.04,0.00,0.16,0.02,0.04,0.08,0.00,0.00,0.00,0.00,0.00,0.00,0.00
2026-09-10 00:00:00+00:00,Beja,0205,0.02,0.05,0.00,0.17,0.00,0.00,0.00,0.00,0.00,0.00,0.00,0.00,0.00,0.00
2026-09-11 00:00:00+00:00,Beja,0205,0.00,0.00,0.00,0.00,0.00,0.00,0.00,0.00,0.00,0.00,0.00,0.00,0.00,0.00
2026-09-12 00:00:00+00:00,Beja,0205,0.00,0.01,0.00,0.08,0.00,0.00,0.00,0.00,0.00,0.00,0.00,0.00,0.00,0.00
2026-09-13 00:00:00+00:00,Beja,0205,0.00,0.00,0.00,0.00,0.00,0.00,0.00,0.00,0.00,0.00,0.00,0.00,0.00,0.00
2026-09-14 00:00:00+00:00,Beja,0205,0.00,0.00,0.00,0.00,0.00,0.00,0.00,0.00,0.00,0.00,0.00,0.00,0.00,0.00
2026-09-15 00:00:00+00:00,Beja,0205,0.00,0.00,0.00,0.00,0.00,0.00,0.00,0.00,0.00,0.00,0.00,0.00,0.00,0.00
2026-09-16 00:00:00+00:00,Beja,0205,0.02,0.05,0.00,0.17,0.00,0.00,0.00,0.00,0.00,0.00,0.00,0.00,0.00,0.00
2026-09-17 00:00:00+00:00,Beja,0205,0.00,0.00,0.00,0.00,0.00,0.00,0.00,0.00,0.00,0.00,0.00,0.00,0.00,0.00
2026-09-18 00:00:00+00:00,Beja,0205,0.00,0.00,0.00,0.00,0.00,0.00,0.00,0.00,0.00,0.00,0.00,0.00,0.00,0.00
2026-09-19 00:00:00+00:00,Beja,0205,0.00,0.00,0.00,0.00,0.00,0.00,0.00,0.00,0.00,0.00,0.00,0.00,0.00,0.00
2026-09-20 00:00:00+00:00,Beja,0205,0.00,0.01,0.00,0.08,0.00,0.00,0.00,0.00,0.00,0.00,0.00,0.00,0.00,0.00
2026-09-21 00:00:00+00:00,Beja,0205,0.00,0.00,0.00,0.00,0.00,0.00,0.00,0.00,0.00,0.00,0.00,0.00,0.00,0.00
2026-09-22 00:00:00+00:00,Beja,0205,0.00,0.00,0.00,0.00,0.00,0.00,0.00,0.00,0.00,0.00,0.00,0.00,0.00,0.00
2026-09-23 00:00:00+00:00,Beja,0205,0.00,0.00,0.00,0.00,0.00,0.00,0.00,0.00,0.00,0.00,0.00,0.00,0.00,0.00
2026-09-24 00:00:00+00:00,Beja,0205,0.00,0.00,0.00,0.00,0.00,0.00,0.00,0.00,0.00,0.00,0.00,0.00,0.00,0.00
2026-09-25 00:00:00+00:00,Beja,0205,0.00,0.00,0.00,0.00,0.00,0.00,0.00,0.00,0.00,0.00,0.00,0.00,0.00,0.00
2026-09-26 00:00:00+00:00,Beja,0205,0.00,0.00,0.00,0.00,0.00,0.00,0.00,0.00,0.00,0.00,0.00,0.00,0.00,0.00
2026-09-27 00:00:00+00:00,Beja,0205,10.59,3.32,0.81,14.40,8.41,11.50,13.38,0.22,0.07,0.02,0.30,0.17,0.24,0.28
2026-09-28 00:00:00+00:00,Beja,0205,17.53,5.48,8.86,47.13,14.76,15.30,17.69,2.59,1.67,0.87,11.49,1.65,1.90,2.74
2026-09-29 00:00:00+00:00,Beja,0205,0.04,0.08,0.00,0.38,0.00,0.00,0.00,0.00,0.00,0.00,0.00,0.00,0.00,0.00
2026-09-10 00:00:00+00:00,Castro Verde,0206,0.10,0.08,0.00,0.39,0.02,0.08,0.15,0.00,0.00,0.00,0.01,0.00,0.00,0.00
2026-09-11 00:00:00+00:00,Castro Verde,0206,0.00,0.00,0.00,0.00,0.00,0.00,0.00,0.00,0.00,0.00,0.00,0.00,0.00,0.00
2026-09-12 00:00:00+00:00,Castro Verde,0206,0.02,0.02,0.00,0.08,0.00,0.00,0.03,0.00,0.00,0.00,0.00,0.00,0.00,0.00
2026-09-13 00:00:00+00:00,Castro Verde,0206,0.00,0.00,0.00,0.00,0.00,0.00,0.00,0.00,0.00,0.00,0.00,0.00,0.00,0.00
2026-09-14 00:00:00+00:00,Castro Verde,0206,0.00,0.00,0.00,0.00,0.00,0.00,0.00,0.00,0.00,0.00,0.00,0.00,0.00,0.00
2026-09-15 00:00:00+00:00,Castro Verde,0206,0.00,0.00,0.00,0.00,0.00,0.00,0.00,0.00,0.00,0.00,0.00,0.00,0.00,0.00
2026-09-16 00:00:00+00:00,Castro Verde,0206,0.10,0.08,0.00,0.39,0.03,0.08,0.15,0.00,0.00,0.00,0.01,0.00,0.00,0.00
2026-09-17 00:00:00+00:00,Castro Verde,0206,0.00,0.00,0.00,0.00,0.00,0.00,0.00,0.00,0.00,0.00,0.00,0.00,0.00,0.00
2026-09-18 00:00:00+00:00,Castro Verde,0206,0.00,0.00,0.00,0.00,0.00,0.00,0.00,0.00,0.00,0.00,0.00,0.00,0.00,0.00
2026-09-19 00:00:00+00:00,Castro Verde,0206,0.00,0.00,0.00,0.00,0.00,0.00,0.00,0.00,0.00,0.00,0.00,0.00,0.00,0.00
2026-09-20 00:00:00+00:00,Castro Verde,0206,0.02,0.02,0.00,0.08,0.00,0.00,0.03,0.00,0.00,0.00,0.00,0.00,0.00,0.00
2026-09-21 00:00:00+00:00,Castro Verde,0206,0.00,0.00,0.00,0.00,0.00,0.00,0.00,0.00,0.00,0.00,0.00,0.00,0.00,0.00
2026-09-22 00:00:00+00:00,Castro Verde,0206,0.00,0.00,0.00,0.00,0.00,0.00,0.00,0.00,0.00,0.00,0.00,0.00,0.00,0.00
2026-09-23 00:00:00+00:00,Castro Verde,0206,0.00,0.00,0.00,0.00,0.00,0.00,0.00,0.00,0.00,0.00,0.00,0.00,0.00,0.00
2026-09-24 00:00:00+00:00,Castro Verde,0206,0.00,0.00,0.00,0.00,0.00,0.00,0.00,0.00,0.00,0.00,0.00,0.00,0.00,0.00
2026-09-25 00:00:00+00:00,Castro Verde,0206,0.00,0.00,0.00,0.00,0.00,0.00,0.00,0.00,0.00,0.00,0.00,0.00,0.00,0.00
2026-09-26 00:00:00+00:00,Castro Verde,0206,0.00,0.00,0.00,0.00,0.00,0.00,0.00,0.00,0.00,0.00,0.00,0.00,0.00,0.00
2026-09-27 00:00:00+00:00,Castro Verde,0206,1.11,1.01,0.00,4.66,0.28,0.88,1.65,0.02,0.02,0.00,0.10,0.01,0.02,0.03
2026-09-28 00:00:00+00:00,Castro Verde,0206,70.75,20.55,27.14,102.00,53.46,72.17,89.07,18.24,5.75,6.52,27.30,13.36,18.52,23.29
2026-09-29 00:00:00+00:00,Castro Verde,0206,0.28,0.24,0.00,1.16,0.06,0.24,0.40,0.00,0.00,0.00,0.00,0.00,0.00,0.00
2026-09-10 00:00:00+00:00,Cuba,0207,0.01,0.01,0.00,0.05,0.00,0.01,0.02,0.00,0.00,0.00,0.00,0.00,0.00,0.00
2026-09-11 00:00:00+00:00,Cuba,0207,0.00,0.00,0.00,0.00,0.00,0.00,0.00,0.00,0.00,0.00,0.00,0.00,0.00,0.00
2026-09-12 00:00:00+00:00,Cuba,0207,0.00,0.00,0.00,0.00,0.00,0.00,0.00,0.00,0.00,0.00,0.00,0.00,0.00,0.00
2026-09-13 00:00:00+00:00,Cuba,0207,0.00,0.00,0.00,0.00,0.00,0.00,0.00,0.00,0.00,0.00,0.00,0.00,0.00,0.00
2026-09-14 00:00:00+00:00,Cuba,0207,0.00,0.00,0.00,0.00,0.00,0.00,0.00,0.00,0.00,0.00,0.00,0.00,0.00,0.00
2026-09-15 00:00:00+00:00,Cuba,0207,0.00,0.00,0.00,0.00,0.00,0.00,0.00,0.00,0.00,0.00,0.00,0.00,0.00,0.00
2026-09-16 00:00:00+00:00,Cuba,0207,0.00,0.00,0.00,0.00,0.00,0.00,0.00,0.00,0.00,0.00,0.00,0.00,0.00,0.00
2026-09-17 00:00:00+00:00,Cuba,0207,0.00,0.00,0.00,0.00,0.00,0.00,0.00,0.00,0.00,0.00,0.00,0.00,0.00,0.00
2026-09-18 00:00:00+00:00,Cuba,0207,0.00,0.00,0.00,0.00,0.00,0.00,0.00,0.00,0.00,0.00,0.00,0.00,0.00,0.00
2026-09-19 00:00:00+00:00,Cuba,0207,0.00,0.00,0.00,0.00,0.00,0.00,0.00,0.00,0.00,0.00,0.00,0.00,0.00,0.00
2026-09-20 00:00:00+00:00,Cuba,0207,0.00,0.00,0.00,0.00,0.00,0.00,0.00,0.00,0.00,0.00,0.00,0.00,0.00,0.00
2026-09-21 00:00:00+00:00,Cuba,0207,0.00,0.00,0.00,0.00,0.00,0.00,0.00,0.00,0.00,0.00,0.00,0.00,0.00,0.00
2026-09-22 00:00:00+00:00,Cuba,0207,0.00,0.00,0.00,0.00,0.00,0.00,0.00,0.00,0.00,0.00,0.00,0.00,0.00,0.00
2026-09-23 00:00:00+00:00,Cuba,0207,0.01,0.01,0.00,0.05,0.00,0.01,0.02,0.00,0.00,0.00,0.00,0.00,0.00,0.00
2026-09-24 00:00:00+00:00,Cuba,0207,0.00,0.00,0.00,0.00,0.00,0.00,0.00,0.00,0.00,0.00,0.00,0.00,0.00,0.00
2026-09-25 00:00:00+00:00,Cuba,0207,0.00,0.00,0.00,0.00,0.00,0.00,0.00,0.00,0.00,0.00,0.00,0.00,0.00,0.00
2026-09-26 00:00:00+00:00,Cuba,0207,0.00,0.00,0.00,0.00,0.00,0.00,0.00,0.00,0.00,0.00,0.00,0.00,0.00,0.00
2026-09-27 00:00:00+00:00,Cuba,0207,6.63,3.48,0.35,12.21,3.37,7.08,9.69,0.13,0.07,0.01,0.25,0.06,0.14,0.20
2026-09-28 00:00:00+00:00,Cuba,0207,15.95,0.59,13.79,17.58,15.62,15.93,16.26,1.79,0.08,1.53,1.90,1.75,1.82,1.85
2026-09-29 00:00:00+00:00,Cuba,0207,0.00,0.00,0.00,0.00,0.00,0.00,0.00,0.00,0.00,0.00,0.00,0.00,0.00,0.00
2026-09-10 00:00:00+00:00,Ferreira do Alentejo,0208,0.08,0.05,0.00,0.20,0.06,0.09,0.11,0.00,0.00,0.00,0.00,0.00,0.00,0.00
2026-09-11 00:00:00+00:00,Ferreira do Alentejo,0208,0.00,0.00,0.00,0.00,0.00,0.00,0.00,0.00,0.00,0.00,0.00,0.00,0.00,0.00
2026-09-12 00:00:00+00:00,Ferreira do Alentejo,0208,0.00,0.00,0.00,0.00,0.00,0.00,0.00,0.00,0.00,0.00,0.00,0.00,0.00,0.00
2026-09-13 00:00:00+00:00,Ferreira do Alentejo,0208,0.00,0.00,0.00,0.00,0.00,0.00,0.00,0.00,0.00,0.00,0.00,0.00,0.00,0.00
2026-09-14 00:00:00+00:00,Ferreira do Alentejo,0208,0.00,0.00,0.00,0.00,0.00,0.00,0.00,0.00,0.00,0.00,0.00,0.00,0.00,0.00
2026-09-15 00:00:00+00:00,Ferreira do Alentejo,0208,0.00,0.00,0.00,0.00,0.00,0.00,0.00,0.00,0.00,0.00,0.00,0.00,0.00,0.00
2026-09-16 00:00:00+00:00,Ferreira do Alentejo,0208,0.03,0.04,0.00,0.12,0.00,0.00,0.07,0.00,0.00,0.00,0.00,0.00,0.00,0.00
2026-09-17 00:00:00+00:00,Ferreira do Alentejo,0208,0.00,0.00,0.00,0.00,0.00,0.00,0.00,0.00,0.00,0.00,0.00,0.00,0.00,0.00
2026-09-18 00:00:00+00:00,Ferreira do Alentejo,0208,0.00,0.00,0.00,0.00,0.00,0.00,0.00,0.00,0.00,0.00,0.00,0.00,0.00,0.00
2026-09-19 00:00:00+00:00,Ferreira do Alentejo,0208,0.00,0.00,0.00,0.00,0.00,0.00,0.00,0.00,0.00,0.00,0.00,0.00,0.00,0.00
2026-09-20 00:00:00+00:00,Ferreira do Alentejo,0208,0.00,0.00,0.00,0.00,0.00,0.00,0.00,0.00,0.00,0.00,0.00,0.00,0.00,0.00
2026-09-21 00:00:00+00:00,Ferreira do Alentejo,0208,0.00,0.00,0.00,0.00,0.00,0.00,0.00,0.00,0.00,0.00,0.00,0.00,0.00,0.00
2026-09-22 00:00:00+00:00,Ferreira do Alentejo,0208,0.00,0.00,0.00,0.00,0.00,0.00,0.00,0.00,0.00,0.00,0.00,0.00,0.00,0.00
2026-09-23 00:00:00+00:00,Ferreira do Alentejo,0208,0.05,0.04,0.00,0.13,0.00,0.06,0.09,0.00,0.00,0.00,0.00,0.00,0.00,0.00
2026-09-24 00:00:00+00:00,Ferreira do Alentejo,0208,0.00,0.01,0.00,0.07,0.00,0.00,0.00,0.00,0.00,0.00,0.00,0.00,0.00,0.00
2026-09-25 00:00:00+00:00,Ferreira do Alentejo,0208,0.00,0.00,0.00,0.06,0.00,0.00,0.00,0.00,0.00,0.00,0.00,0.00,0.00,0.00
2026-09-26 00:00:00+00:00,Ferreira do Alentejo,0208,0.00,0.00,0.00,0.00,0.00,0.00,0.00,0.00,0.00,0.00,0.00,0.00,0.00,0.00
2026-09-27 00:00:00+00:00,Ferreira do Alentejo,0208,3.42,2.81,0.15,11.07,1.24,2.38,5.22,0.07,0.06,0.00,0.23,0.03,0.05,0.11
2026-09-28 00:00:00+00:00,Ferreira do Alentejo,0208,14.39,4.99,1.88,26.72,11.54,16.05,17.29,1.95,0.60,0.30,3.44,1.71,2.11,2.28
2026-09-29 00:00:00+00:00,Ferreira do Alentejo,0208,0.10,0.10,0.00,0.26,0.00,0.11,0.21,0.00,0.00,0.00,0.00,0.00,0.00,0.00
2026-09-10 00:00:00+00:00,Mértola,0209,0.00,0.01,0.00,0.09,0.00,0.00,0.00,0.00,0.00,0.00,0.00,0.00,0.00,0.00
2026-09-11 00:00:00+00:00,Mértola,0209,0.00,0.00,0.00,0.00,0.00,0.00,0.00,0.00,0.00,0.00,0.00,0.00,0.00,0.00
2026-09-12 00:00:00+00:00,Mértola,0209,0.06,0.05,0.00,0.29,0.03,0.06,0.08,0.00,0.00,0.00,0.01,0.00,0.00,0.00
2026-09-13 00:00:00+00:00,Mértola,0209,0.00,0.00,0.00,0.00,0.00,0.00,0.00,0.00,0.00,0.00,0.00,0.00,0.00,0.00
2026-09-14 00:00:00+00:00,Mértola,0209,0.00,0.00,0.00,0.00,0.00,0.00,0.00,0.00,0.00,0.00,0.00,0.00,0.00,0.00
2026-09-15 00:00:00+00:00,Mértola,0209,0.00,0.00,0.00,0.00,0.00,0.00,0.00,0.00,0.00,0.00,0.00,0.00,0.00,0.00
2026-09-16 00:00:00+00:00,Mértola,0209,0.00,0.01,0.00,0.09,0.00,0.00,0.00,0.00,0.00,0.00,0.00,0.00,0.00,0.00
2026-09-17 00:00:00+00:00,Mértola,0209,0.00,0.00,0.00,0.00,0.00,0.00,0.00,0.00,0.00,0.00,0.00,0.00,0.00,0.00
2026-09-18 00:00:00+00:00,Mértola,0209,0.00,0.00,0.00,0.00,0.00,0.00,0.00,0.00,0.00,0.00,0.00,0.00,0.00,0.00
2026-09-19 00:00:00+00:00,Mértola,0209,0.00,0.00,0.00,0.00,0.00,0.00,0.00,0.00,0.00,0.00,0.00,0.00,0.00,0.00
2026-09-20 00:00:00+00:00,Mértola,0209,0.06,0.05,0.00,0.29,0.03,0.06,0.08,0.00,0.00,0.00,0.00,0.00,0.00,0.00
2026-09-21 00:00:00+00:00,Mértola,0209,0.00,0.00,0.00,0.00,0.00,0.00,0.00,0.00,0.00,0.00,0.00,0.00,0.00,0.00
2026-09-22 00:00:00+00:00,Mértola,0209,0.00,0.00,0.00,0.00,0.00,0.00,0.00,0.00,0.00,0.00,0.00,0.00,0.00,0.00
2026-09-23 00:00:00+00:00,Mértola,0209,0.00,0.00,0.00,0.00,0.00,0.00,0.00,0.00,0.00,0.00,0.00,0.00,0.00,0.00
2026-09-24 00:00:00+00:00,Mértola,0209,0.00,0.00,0.00,0.00,0.00,0.00,0.00,0.00,0.00,0.00,0.00,0.00,0.00,0.00
2026-09-25 00:00:00+00:00,Mértola,0209,0.00,0.00,0.00,0.00,0.00,0.00,0.00,0.00,0.00,0.00,0.00,0.00,0.00,0.00
2026-09-26 00:00:00+00:00,Mértola,0209,0.00,0.00,0.00,0.00,0.00,0.00,0.00,0.00,0.00,0.00,0.00,0.00,0.00,0.00
2026-09-27 00:00:00+00:00,Mértola,0209,0.65,1.13,0.00,6.83,0.09,0.25,0.55,0.01,0.02,0.00,0.14,0.00,0.01,0.01
2026-09-28 00:00:00+00:00,Mértola,0209,29.61,22.82,6.00,99.35,11.89,22.24,39.28,6.82,6.31,0.10,26.45,1.86,5.05,9.55
2026-09-29 00:00:00+00:00,Mértola,0209,0.08,0.07,0.00,0.37,0.03,0.07,0.12,0.00,0.00,0.00,0.01,0.00,0.00,0.00
2026-09-10 00:00:00+00:00,Moura,0210,0.00,0.00,0.00,0.00,0.00,0.00,0.00,0.00,0.00,0.00,0.00,0.00,0.00,0.00
2026-09-11 00:00:00+00:00,Moura,0210,0.00,0.00,0.00,0.00,0.00,0.00,0.00,0.00,0.00,0.00,0.00,0.00,0.00,0.00
2026-09-12 00:00:00+00:00,Moura,0210,0.00,0.00,0.00,0.06,0.00,0.00,0.00,0.00,0.00,0.00,0.00,0.00,0.00,0.00
2026-09-13 00:00:00+00:00,Moura,0210,0.00,0.00,0.00,0.00,0.00,0.00,0.00,0.00,0.00,0.00,0.00,0.00,0.00,0.00
2026-09-14 00:00:00+00:00,Moura,0210,0.00,0.00,0.00,0.00,0.00,0.00,0.00,0.00,0.00,0.00,0.00,0.00,0.00,0.00
2026-09-15 00:00:00+00:00,Moura,0210,0.00,0.00,0.00,0.00,0.00,0.00,0.00,0.00,0.00,0.00,0.00,0.00,0.00,0.00
2026-09-16 00:00:00+00:00,Moura,0210,0.00,0.00,0.00,0.00,0.00,0.00,0.00,0.00,0.00,0.00,0.00,0.00,0.00,0.00
2026-09-17 00:00:00+00:00,Moura,0210,0.00,0.00,0.00,0.00,0.00,0.00,0.00,0.00,0.00,0.00,0.00,0.00,0.00,0.00
2026-09-18 00:00:00+00:00,Moura,0210,0.00,0.00,0.00,0.00,0.00,0.00,0.00,0.00,0.00,0.00,0.00,0.00,0.00,0.00
2026-09-19 00:00:00+00:00,Moura,0210,0.00,0.00,0.00,0.00,0.00,0.00,0.00,0.00,0.00,0.00,0.00,0.00,0.00,0.00
2026-09-20 00:00:00+00:00,Moura,0210,0.00,0.00,0.00,0.06,0.00,0.00,0.00,0.00,0.00,0.00,0.00,0.00,0.00,0.00
2026-09-21 00:00:00+00:00,Moura,0210,0.00,0.00,0.00,0.00,0.00,0.00,0.00,0.00,0.00,0.00,0.00,0.00,0.00,0.00
2026-09-22 00:00:00+00:00,Moura,0210,0.00,0.00,0.00,0.00,0.00,0.00,0.00,0.00,0.00,0.00,0.00,0.00,0.00,0.00
2026-09-23 00:00:00+00:00,Moura,0210,0.00,0.00,0.00,0.00,0.00,0.00,0.00,0.00,0.00,0.00,0.00,0.00,0.00,0.00
2026-09-24 00:00:00+00:00,Moura,0210,0.00,0.00,0.00,0.00,0.00,0.00,0.00,0.00,0.00,0.00,0.00,0.00,0.00,0.00
2026-09-25 00:00:00+00:00,Moura,0210,0.00,0.00,0.00,0.00,0.00,0.00,0.00,0.00,0.00,0.00,0.00,0.00,0.00,0.00
2026-09-26 00:00:00+00:00,Moura,0210,0.00,0.00,0.00,0.00,0.00,0.00,0.00,0.00,0.00,0.00,0.00,0.00,0.00,0.00
2026-09-27 00:00:00+00:00,Moura,0210,0.50,0.61,0.00,3.70,0.10,0.30,0.64,0.01,0.01,0.00,0.07,0.00,0.01,0.01
2026-09-28 00:00:00+00:00,Moura,0210,7.39,1.33,6.00,12.89,6.28,7.09,8.10,1.58,0.11,1.23,1.88,1.50,1.57,1.66
2026-09-29 00:00:00+00:00,Moura,0210,0.02,0.02,0.00,0.10,0.00,0.02,0.04,0.00,0.00,0.00,0.00,0.00,0.00,0.00
2026-09-10 00:00:00+00:00,Odemira,0211,1.80,1.12,0.00,6.00,1.07,1.57,2.21,0.03,0.02,0.00,0.10,0.02,0.03,0.04
2026-09-11 00:00:00+00:00,Odemira,0211,0.00,0.00,0.00,0.00,0.00,0.00,0.00,0.00,0.00,0.00,0.00,0.00,0.00,0.00
2026-09-12 00:00:00+00:00,Odemira,0211,0.00,0.00,0.00,0.00,0.00,0.00,0.00,0.00,0.00,0.00,0.00,0.00,0.00,0.00
2026-09-13 00:00:00+00:00,Odemira,0211,0.00,0.00,0.00,0.00,0.00,0.00,0.00,0.00,0.00,0.00,0.00,0.00,0.00,0.00
2026-09-14 00:00:00+00:00,Odemira,0211,0.00,0.00,0.00,0.00,0.00,0.00,0.00,0.00,0.00,0.00,0.00,0.00,0.00,0.00
2026-09-15 00:00:00+00:00,Odemira,0211,0.02,0.02,0.00,0.09,0.00,0.02,0.04,0.00,0.00,0.00,0.00,0.00,0.00,0.00
2026-09-16 00:00:00+00:00,Odemira,0211,1.81,1.12,0.00,6.00,1.09,1.59,2.23,0.03,0.02,0.00,0.10,0.02,0.03,0.04
2026-09-17 00:00:00+00:00,Odemira,0211,0.00,0.00,0.00,0.00,0.00,0.00,0.00,0.00,0.00,0.00,0.00,0.00,0.00,0.00
2026-09-18 00:00:00+00:00,Odemira,0211,0.00,0.00,0.00,0.00,0.00,0.00,0.00,0.00,0.00,0.00,0.00,0.00,0.00,0.00
2026-09-19 00:00:00+00:00,Odemira,0211,0.00,0.00,0.00,0.00,0.00,0.00,0.00,0.00,0.00,0.00,0.00,0.00,0.00,0.00
2026-09-20 00:00:00+00:00,Odemira,0211,0.00,0.00,0.00,0.00,0.00,0.00,0.00,0.00,0.00,0.00,0.00,0.00,0.00,0.00
2026-09-21 00:00:00+00:00,Odemira,0211,0.00,0.00,0.00,0.00,0.00,0.00,0.00,0.00,0.00,0.00,0.00,0.00,0.00,0.00
2026-09-22 00:00:00+00:00,Odemira,0211,0.00,0.00,0.00,0.00,0.00,0.00,0.00,0.00,0.00,0.00,0.00,0.00,0.00,0.00
2026-09-23 00:00:00+00:00,Odemira,0211,0.00,0.00,0.00,0.00,0.00,0.00,0.00,0.00,0.00,0.00,0.00,0.00,0.00,0.00
2026-09-24 00:00:00+00:00,Odemira,0211,0.00,0.00,0.00,0.00,0.00,0.00,0.00,0.00,0.00,0.00,0.00,0.00,0.00,0.00
2026-09-25 00:00:00+00:00,Odemira,0211,0.00,0.00,0.00,0.00,0.00,0.00,0.00,0.00,0.00,0.00,0.00,0.00,0.00,0.00
2026-09-26 00:00:00+00:00,Odemira,0211,0.00,0.00,0.00,0.00,0.00,0.00,0.00,0.00,0.00,0.00,0.00,0.00,0.00,0.00
2026-09-27 00:00:00+00:00,Odemira,0211,0.09,0.12,0.00,0.54,0.00,0.03,0.18,0.00,0.00,0.00,0.01,0.00,0.00,0.00
2026-09-28 00:00:00+00:00,Odemira,0211,3.32,4.17,0.00,25.32,0.39,1.75,4.58,0.78,1.03,0.00,6.20,0.09,0.38,1.05
2026-09-29 00:00:00+00:00,Odemira,0211,5.98,3.41,0.00,18.00,3.85,5.06,7.51,0.00,0.00,0.00,0.00,0.00,0.00,0.00
2026-09-10 00:00:00+00:00,Ourique,0212,0.54,0.24,0.07,1.22,0.34,0.51,0.72,0.01,0.00,0.00,0.02,0.01,0.01,0.01
2026-09-11 00:00:00+00:00,Ourique,0212,0.00,0.00,0.00,0.00,0.00,0.00,0.00,0.00,0.00,0.00,0.00,0.00,0.00,0.00
2026-09-12 00:00:00+00:00,Ourique,0212,0.01,0.03,0.00,0.13,0.00,0.00,0.00,0.00,0.00,0.00,0.00,0.00,0.00,0.00
2026-09-13 00:00:00+00:00,Ourique,0212,0.00,0.00,0.00,0.00,0.00,0.00,0.00,0.00,0.00,0.00,0.00,0.00,0.00,0.00
2026-09-14 00:00:00+00:00,Ourique,0212,0.00,0.00,0.00,0.00,0.00,0.00,0.00,0.00,0.00,0.00,0.00,0.00,0.00,0.00
2026-09-15 00:00:00+00:00,Ourique,0212,0.00,0.01,0.00,0.09,0.00,0.00,0.00,0.00,0.00,0.00,0.00,0.00,0.00,0.00
2026-09-16 00:00:00+00:00,Ourique,0212,0.55,0.25,0.07,1.22,0.34,0.53,0.75,0.01,0.00,0.00,0.02,0.01,0.01,0.01
2026-09-17 00:00:00+00:00,Ourique,0212,0.00,0.00,0.00,0.00,0.00,0.00,0.00,0.00,0.00,0.00,0.00,0.00,0.00,0.00
2026-09-18 00:00:00+00:00,Ourique,0212,0.00,0.00,0.00,0.00,0.00,0.00,0.00,0.00,0.00,0.00,0.00,0.00,0.00,0.00
2026-09-19 00:00:00+00:00,Ourique,0212,0.00,0.00,0.00,0.00,0.00,0.00,0.00,0.00,0.00,0.00,0.00,0.00,0.00,0.00
2026-09-20 00:00:00+00:00,Ourique,0212,0.01,0.03,0.00,0.13,0.00,0.00,0.00,0.00,0.00,0.00,0.00,0.00,0.00,0.00
2026-09-21 00:00:00+00:00,Ourique,0212,0.00,0.00,0.00,0.00,0.00,0.00,0.00,0.00,0.00,0.00,0.00,0.00,0.00,0.00
2026-09-22 00:00:00+00:00,Ourique,0212,0.00,0.00,0.00,0.00,0.00,0.00,0.00,0.00,0.00,0.00,0.00,0.00,0.00,0.00
2026-09-23 00:00:00+00:00,Ourique,0212,0.00,0.00,0.00,0.00,0.00,0.00,0.00,0.00,0.00,0.00,0.00,0.00,0.00,0.00
2026-09-24 00:00:00+00:00,Ourique,0212,0.00,0.00,0.00,0.00,0.00,0.00,0.00,0.00,0.00,0.00,0.00,0.00,0.00,0.00
2026-09-25 00:00:00+00:00,Ourique,0212,0.00,0.00,0.00,0.00,0.00,0.00,0.00,0.00,0.00,0.00,0.00,0.00,0.00,0.00
2026-09-26 00:00:00+00:00,Ourique,0212,0.00,0.00,0.00,0.00,0.00,0.00,0.00,0.00,0.00,0.00,0.00,0.00,0.00,0.00
2026-09-27 00:00:00+00:00,Ourique,0212,0.46,0.31,0.00,1.56,0.29,0.46,0.64,0.01,0.01,0.00,0.03,0.00,0.01,0.01
2026-09-28 00:00:00+00:00,Ourique,0212,27.52,16.98,1.60,80.66,14.41,24.00,36.64,6.74,4.33,0.34,20.50,3.46,5.78,8.93
2026-09-29 00:00:00+00:00,Ourique,0212,1.77,0.85,0.22,4.24,1.06,1.69,2.40,0.00,0.00,0.00,0.00,0.00,0.00,0.00
2026-09-10 00:00:00+00:00,Serpa,0213,0.00,0.00,0.00,0.00,0.00,0.00,0.00,0.00,0.00,0.00,0.00,0.00,0.00,0.00
2026-09-11 00:00:00+00:00,Serpa,0213,0.00,0.00,0.00,0.00,0.00,0.00,0.00,0.00,0.00,0.00,0.00,0.00,0.00,0.00
2026-09-12 00:00:00+00:00,Serpa,0213,0.02,0.03,0.00,0.09,0.00,0.01,0.05,0.00,0.00,0.00,0.00,0.00,0.00,0.00
2026-09-13 00:00:00+00:00,Serpa,0213,0.00,0.00,0.00,0.00,0.00,0.00,0.00,0.00,0.00,0.00,0.00,0.00,0.00,0.00
2026-09-14 00:00:00+00:00,Serpa,0213,0.00,0.00,0.00,0.00,0.00,0.00,0.00,0.00,0.00,0.00,0.00,0.00,0.00,0.00
2026-09-15 00:00:00+00:00,Serpa,0213,0.00,0.00,0.00,0.00,0.00,0.00,0.00,0.00,0.00,0.00,0.00,0.00,0.00,0.00
2026-09-16 00:00:00+00:00,Serpa,0213,0.00,0.00,0.00,0.00,0.00,0.00,0.00,0.00,0.00,0.00,0.00,0.00,0.00,0.00
2026-09-17 00:00:00+00:00,Serpa,0213,0.00,0.00,0.00,0.00,0.00,0.00,0.00,0.00,0.00,0.00,0.00,0.00,0.00,0.00
2026-09-18 00:00:00+00:00,Serpa,0213,0.00,0.00,0.00,0.00,0.00,0.00,0.00,0.00,0.00,0.00,0.00,0.00,0.00,0.00
2026-09-19 00:00:00+00:00,Serpa,0213,0.00,0.00,0.00,0.00,0.00,0.00,0.00,0.00,0.00,0.00,0.00,0.00,0.00,0.00
2026-09-20 00:00:00+00:00,Serpa,0213,0.02,0.03,0.00,0.09,0.00,0.01,0.05,0.00,0.00,0.00,0.00,0.00,0.00,0.00
2026-09-21 00:00:00+00:00,Serpa,0213,0.00,0.00,0.00,0.00,0.00,0.00,0.00,0.00,0.00,0.00,0.00,0.00,0.00,0.00
2026-09-22 00:00:00+00:00,Serpa,0213,0.00,0.00,0.00,0.00,0.00,0.00,0.00,0.00,0.00,0.00,0.00,0.00,0.00,0.00
2026-09-23 00:00:00+00:00,Serpa,0213,0.00,0.00,0.00,0.00,0.00,0.00,0.00,0.00,0.00,0.00,0.00,0.00,0.00,0.00
2026-09-24 00:00:00+00:00,Serpa,0213,0.00,0.00,0.00,0.00,0.00,0.00,0.00,0.00,0.00,0.00,0.00,0.00,0.00,0.00
2026-09-25 00:00:00+00:00,Serpa,0213,0.00,0.00,0.00,0.00,0.00,0.00,0.00,0.00,0.00,0.00,0.00,0.00,0.00,0.00
2026-09-26 00:00:00+00:00,Serpa,0213,0.00,0.00,0.00,0.00,0.00,0.00,0.00,0.00,0.00,0.00,0.00,0.00,0.00,0.00
2026-09-27 00:00:00+00:00,Serpa,0213,2.24,2.17,0.00,9.21,0.63,1.36,3.42,0.05,0.04,0.00,0.19,0.01,0.03,0.07
2026-09-28 00:00:00+00:00,Serpa,0213,10.24,2.55,6.00,15.36,8.31,9.90,12.09,1.29,0.58,0.10,2.02,0.79,1.52,1.79
2026-09-29 00:00:00+00:00,Serpa,0213,0.01,0.02,0.00,0.09,0.00,0.00,0.01,0.00,0.00,0.00,0.00,0.00,0.00,0.00
2026-09-10 00:00:00+00:00,Vidigueira,0214,0.00,0.00,0.00,0.02,0.00,0.00,0.00,0.00,0.00,0.00,0.00,0.00,0.00,0.00
2026-09-11 00:00:00+00:00,Vidigueira,0214,0.00,0.00,0.00,0.00,0.00,0.00,0.00,0.00,0.00,0.00,0.00,0.00,0.00,0.00
2026-09-12 00:00:00+00:00,Vidigueira,0214,0.00,0.00,0.00,0.00,0.00,0.00,0.00,0.00,0.00,0.00,0.00,0.00,0.00,0.00
2026-09-13 00:00:00+00:00,Vidigueira,0214,0.00,0.00,0.00,0.00,0.00,0.00,0.00,0.00,0.00,0.00,0.00,0.00,0.00,0.00
2026-09-14 00:00:00+00:00,Vidigueira,0214,0.00,0.00,0.00,0.00,0.00,0.00,0.00,0.00,0.00,0.00,0.00,0.00,0.00,0.00
2026-09-15 00:00:00+00:00,Vidigueira,0214,0.00,0.00,0.00,0.00,0.00,0.00,0.00,0.00,0.00,0.00,0.00,0.00,0.00,0.00
2026-09-16 00:00:00+00:00,Vidigueira,0214,0.00,0.00,0.00,0.00,0.00,0.00,0.00,0.00,0.00,0.00,0.00,0.00,0.00,0.00
2026-09-17 00:00:00+00:00,Vidigueira,0214,0.00,0.00,0.00,0.00,0.00,0.00,0.00,0.00,0.00,0.00,0.00,0.00,0.00,0.00
2026-09-18 00:00:00+00:00,Vidigueira,0214,0.00,0.00,0.00,0.00,0.00,0.00,0.00,0.00,0.00,0.00,0.00,0.00,0.00,0.00
2026-09-19 00:00:00+00:00,Vidigueira,0214,0.00,0.00,0.00,0.00,0.00,0.00,0.00,0.00,0.00,0.00,0.00,0.00,0.00,0.00
2026-09-20 00:00:00+00:00,Vidigueira,0214,0.00,0.00,0.00,0.00,0.00,0.00,0.00,0.00,0.00,0.00,0.00,0.00,0.00,0.00
2026-09-21 00:00:00+00:00,Vidigueira,0214,0.00,0.00,0.00,0.00,0.00,0.00,0.00,0.00,0.00,0.00,0.00,0.00,0.00,0.00
2026-09-22 00:00:00+00:00,Vidigueira,0214,0.00,0.00,0.00,0.00,0.00,0.00,0.00,0.00,0.00,0.00,0.00,0.00,0.00,0.00
2026-09-23 00:00:00+00:00,Vidigueira,0214,0.00,0.00,0.00,0.02,0.00,0.00,0.00,0.00,0.00,0.00,0.00,0.00,0.00,0.00
2026-09-24 00:00:00+00:00,Vidigueira,0214,0.00,0.00,0.00,0.00,0.00,0.00,0.00,0.00,0.00,0.00,0.00,0.00,0.00,0.00
2026-09-25 00:00:00+00:00,Vidigueira,0214,0.00,0.00,0.00,0.00,0.00,0.00,0.00,0.00,0.00,0.00,0.00,0.00,0.00,0.00
2026-09-26 00:00:00+00:00,Vidigueira,0214,0.00,0.00,0.00,0.00,0.00,0.00,0.00,0.00,0.00,0.00,0.00,0.00,0.00,0.00
2026-09-27 00:00:00+00:00,Vidigueira,0214,7.39,2.85,1.70,13.91,5.40,7.12,9.30,0.15,0.06,0.03,0.29,0.10,0.14,0.19
2026-09-28 00:00:00+00:00,Vidigueira,0214,15.61,1.51,9.68,18.12,15.19,15.73,16.56,1.83,0.09,1.57,1.95,1.76,1.85,1.91
2026-09-29 00:00:00+00:00,Vidigueira,0214,0.00,0.01,0.00,0.06,0.00,0.00,0.00,0.00,0.00,0.00,0.01,0.00,0.00,0.00
2026-09-10 00:00:00+00:00,Amares,0301,0.00,0.00,0.00,0.00,0.00,0.00,0.00,0.00,0.00,0.00,0.00,0.00,0.00,0.00
2026-09-11 00:00:00+00:00,Amares,0301,0.00,0.00,0.00,0.00,0.00,0.00,0.00,0.00,0.00,0.00,0.00,0.00,0.00,0.00
2026-09-12 00:00:00+00:00,Amares,0301,0.00,0.00,0.00,0.00,0.00,0.00,0.00,0.00,0.00,0.00,0.00,0.00,0.00,0.00
2026-09-13 00:00:00+00:00,Amares,0301,0.00,0.00,0.00,0.00,0.00,0.00,0.00,0.00,0.00,0.00,0.00,0.00,0.00,0.00
2026-09-14 00:00:00+00:00,Amares,0301,0.00,0.00,0.00,0.00,0.00,0.00,0.00,0.00,0.00,0.00,0.00,0.00,0.00,0.00
2026-09-15 00:00:00+00:00,Amares,0301,0.00,0.00,0.00,0.00,0.00,0.00,0.00,0.00,0.00,0.00,0.00,0.00,0.00,0.00
2026-09-16 00:00:00+00:00,Amares,0301,0.00,0.00,0.00,0.02,0.00,0.00,0.00,0.00,0.00,0.00,0.00,0.00,0.00,0.00
2026-09-17 00:00:00+00:00,Amares,0301,0.00,0.00,0.00,0.00,0.00,0.00,0.00,0.00,0.00,0.00,0.00,0.00,0.00,0.00
2026-09-18 00:00:00+00:00,Amares,0301,0.00,0.00,0.00,0.00,0.00,0.00,0.00,0.00,0.00,0.00,0.00,0.00,0.00,0.00
2026-09-19 00:00:00+00:00,Amares,0301,0.00,0.00,0.00,0.00,0.00,0.00,0.00,0.00,0.00,0.00,0.00,0.00,0.00,0.00
2026-09-20 00:00:00+00:00,Amares,0301,0.00,0.00,0.00,0.00,0.00,0.00,0.00,0.00,0.00,0.00,0.00,0.00,0.00,0.00
2026-09-21 00:00:00+00:00,Amares,0301,0.00,0.00,0.00,0.00,0.00,0.00,0.00,0.00,0.00,0.00,0.00,0.00,0.00,0.00
2026-09-22 00:00:00+00:00,Amares,0301,0.00,0.00,0.00,0.00,0.00,0.00,0.00,0.00,0.00,0.00,0.00,0.00,0.00,0.00
2026-09-23 00:00:00+00:00,Amares,0301,0.00,0.00,0.00,0.00,0.00,0.00,0.00,0.00,0.00,0.00,0.00,0.00,0.00,0.00
2026-09-24 00:00:00+00:00,Amares,0301,0.00,0.00,0.00,0.00,0.00,0.00,0.00,0.00,0.00,0.00,0.00,0.00,0.00,0.00
2026-09-25 00:00:00+00:00,Amares,0301,0.20,0.09,0.02,0.33,0.13,0.21,0.28,0.00,0.00,0.00,0.01,0.00,0.00,0.00
2026-09-26 00:00:00+00:00,Amares,0301,0.00,0.00,0.00,0.00,0.00,0.00,0.00,0.00,0.00,0.00,0.00,0.00,0.00,0.00
2026-09-27 00:00:00+00:00,Amares,0301,0.70,0.28,0.07,1.10,0.48,0.75,0.93,0.02,0.01,0.00,0.03,0.01,0.02,0.03
2026-09-28 00:00:00+00:00,Amares,0301,18.34,13.80,2.24,46.28,6.95,11.95,31.56,1.41,1.24,0.20,3.93,0.40,0.78,2.64
2026-09-29 00:00:00+00:00,Amares,0301,45.30,4.05,37.78,53.61,41.55,46.79,47.64,46.40,1.69,39.78,48.50,45.51,46.53,47.76
2026-09-10 00:00:00+00:00,Barcelos,0302,0.00,0.00,0.00,0.00,0.00,0.00,0.00,0.00,0.00,0.00,0.00,0.00,0.00,0.00
2026-09-11 00:00:00+00:00,Barcelos,0302,0.00,0.00,0.00,0.00,0.00,0.00,0.00,0.00,0.00,0.00,0.00,0.00,0.00,0.00
2026-09-12 00:00:00+00:00,Barcelos,0302,0.00,0.00,0.00,0.00,0.00,0.00,0.00,0.00,0.00,0.00,0.00,0.00,0.00,0.00
2026-09-13 00:00:00+00:00,Barcelos,0302,0.00,0.00,0.00,0.00,0.00,0.00,0.00,0.00,0.00,0.00,0.00,0.00,0.00,0.00
2026-09-14 00:00:00+00:00,Barcelos,0302,0.00,0.00,0.00,0.00,0.00,0.00,0.00,0.00,0.00,0.00,0.00,0.00,0.00,0.00
2026-09-15 00:00:00+00:00,Barcelos,0302,0.00,0.00,0.00,0.00,0.00,0.00,0.00,0.00,0.00,0.00,0.00,0.00,0.00,0.00
2026-09-16 00:00:00+00:00,Barcelos,0302,0.00,0.00,0.00,0.00,0.00,0.00,0.00,0.00,0.00,0.00,0.00,0.00,0.00,0.00
2026-09-17 00:00:00+00:00,Barcelos,0302,0.00,0.00,0.00,0.00,0.00,0.00,0.00,0.00,0.00,0.00,0.00,0.00,0.00,0.00
2026-09-18 00:00:00+00:00,Barcelos,0302,0.00,0.00,0.00,0.00,0.00,0.00,0.00,0.00,0.00,0.00,0.00,0.00,0.00,0.00
2026-09-19 00:00:00+00:00,Barcelos,0302,0.00,0.00,0.00,0.00,0.00,0.00,0.00,0.00,0.00,0.00,0.00,0.00,0.00,0.00
2026-09-20 00:00:00+00:00,Barcelos,0302,0.00,0.00,0.00,0.00,0.00,0.00,0.00,0.00,0.00,0.00,0.00,0.00,0.00,0.00
2026-09-21 00:00:00+00:00,Barcelos,0302,0.00,0.00,0.00,0.00,0.00,0.00,0.00,0.00,0.00,0.00,0.00,0.00,0.00,0.00
2026-09-22 00:00:00+00:00,Barcelos,0302,0.00,0.00,0.00,0.00,0.00,0.00,0.00,0.00,0.00,0.00,0.00,0.00,0.00,0.00
2026-09-23 00:00:00+00:00,Barcelos,0302,0.00,0.00,0.00,0.00,0.00,0.00,0.00,0.00,0.00,0.00,0.00,0.00,0.00,0.00
2026-09-24 00:00:00+00:00,Barcelos,0302,0.00,0.00,0.00,0.00,0.00,0.00,0.00,0.00,0.00,0.00,0.00,0.00,0.00,0.00
2026-09-25 00:00:00+00:00,Barcelos,0302,1.68,1.34,0.03,5.58,0.62,1.29,2.38,0.03,0.02,0.00,0.09,0.01,0.02,0.04
2026-09-26 00:00:00+00:00,Barcelos,0302,0.00,0.00,0.00,0.00,0.00,0.00,0.00,0.00,0.00,0.00,0.00,0.00,0.00,0.00
2026-09-27 00:00:00+00:00,Barcelos,0302,8.02,6.63,0.12,27.75,2.77,5.96,11.36,0.24,0.20,0.00,0.83,0.08,0.18,0.34
2026-09-28 00:00:00+00:00,Barcelos,0302,2.30,1.07,0.12,4.20,1.33,2.52,3.16,0.26,0.14,0.01,0.59,0.14,0.27,0.35
2026-09-29 00:00:00+00:00,Barcelos,0302,68.39,9.85,54.46,87.88,59.17,66.39,76.94,45.76,5.15,35.59,60.52,42.48,43.61,48.45
2026-09-10 00:00:00+00:00,Braga,0303,0.00,0.00,0.00,0.00,0.00,0.00,0.00,0.00,0.00,0.00,0.00,0.00,0.00,0.00
2026-09-11 00:00:00+00:00,Braga,0303,0.00,0.00,0.00,0.00,0.00,0.00,0.00,0.00,0.00,0.00,0.00,0.00,0.00,0.00
2026-09-12 00:00:00+00:00,Braga,0303,0.00,0.00,0.00,0.00,0.00,0.00,0.00,0.00,0.00,0.00,0.00,0.00,0.00,0.00
2026-09-13 00:00:00+00:00,Braga,0303,0.00,0.00,0.00,0.00,0.00,0.00,0.00,0.00,0.00,0.00,0.00,0.00,0.00,0.00
2026-09-14 00:00:00+00:00,Braga,0303,0.00,0.00,0.00,0.00,0.00,0.00,0.00,0.00,0.00,0.00,0.00,0.00,0.00,0.00
2026-09-15 00:00:00+00:00,Braga,0303,0.00,0.00,0.00,0.00,0.00,0.00,0.00,0.00,0.00,0.00,0.00,0.00,0.00,0.00
2026-09-16 00:00:00+00:00,Braga,0303,0.00,0.00,0.00,0.00,0.00,0.00,0.00,0.00,0.00,0.00,0.00,0.00,0.00,0.00
2026-09-17 00:00:00+00:00,Braga,0303,0.00,0.00,0.00,0.00,0.00,0.00,0.00,0.00,0.00,0.00,0.00,0.00,0.00,0.00
2026-09-18 00:00:00+00:00,Braga,0303,0.00,0.00,0.00,0.00,0.00,0.00,0.00,0.00,0.00,0.00,0.00,0.00,0.00,0.00
2026-09-19 00:00:00+00:00,Braga,0303,0.00,0.00,0.00,0.00,0.00,0.00,0.00,0.00,0.00,0.00,0.00,0.00,0.00,0.00
2026-09-20 00:00:00+00:00,Braga,0303,0.00,0.00,0.00,0.00,0.00,0.00,0.00,0.00,0.00,0.00,0.00,0.00,0.00,0.00
2026-09-21 00:00:00+00:00,Braga,0303,0.00,0.00,0.00,0.00,0.00,0.00,0.00,0.00,0.00,0.00,0.00,0.00,0.00,0.00
2026-09-22 00:00:00+00:00,Braga,0303,0.00,0.00,0.00,0.00,0.00,0.00,0.00,0.00,0.00,0.00,0.00,0.00,0.00,0.00
2026-09-23 00:00:00+00:00,Braga,0303,0.00,0.00,0.00,0.00,0.00,0.00,0.00,0.00,0.00,0.00,0.00,0.00,0.00,0.00
2026-09-24 00:00:00+00:00,Braga,0303,0.00,0.00,0.00,0.00,0.00,0.00,0.00,0.00,0.00,0.00,0.00,0.00,0.00,0.00
2026-09-25 00:00:00+00:00,Braga,0303,0.07,0.06,0.00,0.28,0.02,0.05,0.11,0.00,0.00,0.00,0.00,0.00,0.00,0.00
2026-09-26 00:00:00+00:00,Braga,0303,0.00,0.00,0.00,0.00,0.00,0.00,0.00,0.00,0.00,0.00,0.00,0.00,0.00,0.00
2026-09-27 00:00:00+00:00,Braga,0303,0.27,0.25,0.00,1.19,0.07,0.21,0.41,0.01,0.01,0.00,0.04,0.00,0.01,0.01
2026-09-28 00:00:00+00:00,Braga,0303,4.60,2.24,0.00,10.79,3.64,5.10,5.76,0.64,0.29,0.00,1.00,0.51,0.74,0.85
2026-09-29 00:00:00+00:00,Braga,0303,56.46,2.47,49.24,60.00,54.30,57.16,58.57,44.36,3.41,37.00,49.29,43.10,44.88,46.91
2026-09-10 00:00:00+00:00,Cabeceiras de Basto,0304,0.00,0.00,0.00,0.00,0.00,0.00,0.00,0.00,0.00,0.00,0.00,0.00,0.00,0.00
2026-09-11 00:00:00+00:00,Cabeceiras de Basto,0304,0.00,0.00,0.00,0.00,0.00,0.00,0.00,0.00,0.00,0.00,0.00,0.00,0.00,0.00
2026-09-12 00:00:00+00:00,Cabeceiras de Basto,0304,0.00,0.00,0.00,0.00,0.00,0.00,0.00,0.00,0.00,0.00,0.00,0.00,0.00,0.00
2026-09-13 00:00:00+00:00,Cabeceiras de Basto,0304,0.00,0.00,0.00,0.00,0.00,0.00,0.00,0.00,0.00,0.00,0.00,0.00,0.00,0.00
2026-09-14 00:00:00+00:00,Cabeceiras de Basto,0304,0.00,0.00,0.00,0.00,0.00,0.00,0.00,0.00,0.00,0.00,0.00,0.00,0.00,0.00
2026-09-15 00:00:00+00:00,Cabeceiras de Basto,0304,0.00,0.00,0.00,0.00,0.00,0.00,0.00,0.00,0.00,0.00,0.00,0.00,0.00,0.00
2026-09-16 00:00:00+00:00,Cabeceiras de Basto,0304,0.00,0.01,0.00,0.06,0.00,0.00,0.00,0.00,0.00,0.00,0.00,0.00,0.00,0.00
2026-09-17 00:00:00+00:00,Cabeceiras de Basto,0304,0.00,0.00,0.00,0.00,0.00,0.00,0.00,0.00,0.00,0.00,0.00,0.00,0.00,0.00
2026-09-18 00:00:00+00:00,Cabeceiras de Basto,0304,0.00,0.00,0.00,0.00,0.00,0.00,0.00,0.00,0.00,0.00,0.00,0.00,0.00,0.00
2026-09-19 00:00:00+00:00,Cabeceiras de Basto,0304,0.00,0.00,0.00,0.00,0.00,0.00,0.00,0.00,0.00,0.00,0.00,0.00,0.00,0.00
2026-09-20 00:00:00+00:00,Cabeceiras de Basto,0304,0.00,0.00,0.00,0.00,0.00,0.00,0.00,0.00,0.00,0.00,0.00,0.00,0.00,0.00
2026-09-21 00:00:00+00:00,Cabeceiras de Basto,0304,0.00,0.00,0.00,0.00,0.00,0.00,0.00,0.00,0.00,0.00,0.00,0.00,0.00,0.00
2026-09-22 00:00:00+00:00,Cabeceiras de Basto,0304,0.00,0.00,0.00,0.00,0.00,0.00,0.00,0.00,0.00,0.00,0.00,0.00,0.00,0.00
2026-09-23 00:00:00+00:00,Cabeceiras de Basto,0304,0.00,0.00,0.00,0.00,0.00,0.00,0.00,0.00,0.00,0.00,0.00,0.00,0.00,0.00
2026-09-24 00:00:00+00:00,Cabeceiras de Basto,0304,0.00,0.00,0.00,0.00,0.00,0.00,0.00,0.00,0.00,0.00,0.00,0.00,0.00,0.00
2026-09-25 00:00:00+00:00,Cabeceiras de Basto,0304,0.00,0.01,0.00,0.02,0.00,0.00,0.00,0.00,0.00,0.00,0.00,0.00,0.00,0.00
2026-09-26 00:00:00+00:00,Cabeceiras de Basto,0304,0.00,0.00,0.00,0.00,0.00,0.00,0.00,0.00,0.00,0.00,0.00,0.00,0.00,0.00
2026-09-27 00:00:00+00:00,Cabeceiras de Basto,0304,0.03,0.04,0.00,0.15,0.00,0.01,0.04,0.00,0.00,0.00,0.00,0.00,0.00,0.00
2026-09-28 00:00:00+00:00,Cabeceiras de Basto,0304,0.93,0.81,0.00,2.87,0.16,0.74,1.56,0.07,0.06,0.00,0.24,0.01,0.06,0.12
2026-09-29 00:00:00+00:00,Cabeceiras de Basto,0304,30.21,0.70,28.22,32.56,29.98,30.04,30.47,16.80,2.92,13.80,26.59,14.22,15.92,18.65
2026-09-10 00:00:00+00:00,Celorico de Basto,0305,0.00,0.00,0.00,0.00,0.00,0.00,0.00,0.00,0.00,0.00,0.00,0.00,0.00,0.00
2026-09-11 00:00:00+00:00,Celorico de Basto,0305,0.00,0.00,0.00,0.00,0.00,0.00,0.00,0.00,0.00,0.00,0.00,0.00,0.00,0.00
2026-09-12 00:00:00+00:00,Celorico de Basto,0305,0.00,0.00,0.00,0.00,0.00,0.00,0.00,0.00,0.00,0.00,0.00,0.00,0.00,0.00
2026-09-13 00:00:00+00:00,Celorico de Basto,0305,0.00,0.00,0.00,0.00,0.00,0.00,0.00,0.00,0.00,0.00,0.00,0.00,0.00,0.00
2026-09-14 00:00:00+00:00,Celorico de Basto,0305,0.00,0.00,0.00,0.00,0.00,0.00,0.00,0.00,0.00,0.00,0.00,0.00,0.00,0.00
2026-09-15 00:00:00+00:00,Celorico de Basto,0305,0.00,0.00,0.00,0.00,0.00,0.00,0.00,0.00,0.00,0.00,0.00,0.00,0.00,0.00
2026-09-16 00:00:00+00:00,Celorico de Basto,0305,0.00,0.00,0.00,0.00,0.00,0.00,0.00,0.00,0.00,0.00,0.00,0.00,0.00,0.00
2026-09-17 00:00:00+00:00,Celorico de Basto,0305,0.00,0.00,0.00,0.00,0.00,0.00,0.00,0.00,0.00,0.00,0.00,0.00,0.00,0.00
2026-09-18 00:00:00+00:00,Celorico de Basto,0305,0.00,0.00,0.00,0.00,0.00,0.00,0.00,0.00,0.00,0.00,0.00,0.00,0.00,0.00
2026-09-19 00:00:00+00:00,Celorico de Basto,0305,0.00,0.00,0.00,0.00,0.00,0.00,0.00,0.00,0.00,0.00,0.00,0.00,0.00,0.00
2026-09-20 00:00:00+00:00,Celorico de Basto,0305,0.00,0.00,0.00,0.00,0.00,0.00,0.00,0.00,0.00,0.00,0.00,0.00,0.00,0.00
2026-09-21 00:00:00+00:00,Celorico de Basto,0305,0.00,0.00,0.00,0.00,0.00,0.00,0.00,0.00,0.00,0.00,0.00,0.00,0.00,0.00
2026-09-22 00:00:00+00:00,Celorico de Basto,0305,0.00,0.00,0.00,0.00,0.00,0.00,0.00,0.00,0.00,0.00,0.00,0.00,0.00,0.00
2026-09-23 00:00:00+00:00,Celorico de Basto,0305,0.00,0.00,0.00,0.00,0.00,0.00,0.00,0.00,0.00,0.00,0.00,0.00,0.00,0.00
2026-09-24 00:00:00+00:00,Celorico de Basto,0305,0.00,0.00,0.00,0.00,0.00,0.00,0.00,0.00,0.00,0.00,0.00,0.00,0.00,0.00
2026-09-25 00:00:00+00:00,Celorico de Basto,0305,0.00,0.00,0.00,0.00,0.00,0.00,0.00,0.00,0.00,0.00,0.00,0.00,0.00,0.00
2026-09-26 00:00:00+00:00,Celorico de Basto,0305,0.00,0.00,0.00,0.00,0.00,0.00,0.00,0.00,0.00,0.00,0.00,0.00,0.00,0.00
2026-09-27 00:00:00+00:00,Celorico de Basto,0305,0.00,0.00,0.00,0.00,0.00,0.00,0.00,0.00,0.00,0.00,0.00,0.00,0.00,0.00
2026-09-28 00:00:00+00:00,Celorico de Basto,0305,1.20,0.74,0.04,2.66,0.52,1.24,1.83,0.11,0.07,0.00,0.25,0.04,0.11,0.17
2026-09-29 00:00:00+00:00,Celorico de Basto,0305,30.11,0.68,28.39,31.96,29.80,30.07,30.46,16.14,1.40,13.88,19.12,14.95,16.11,17.13
2026-09-10 00:00:00+00:00,Esposende,0306,0.00,0.00,0.00,0.00,0.00,0.00,0.00,0.00,0.00,0.00,0.00,0.00,0.00,0.00
2026-09-11 00:00:00+00:00,Esposende,0306,0.00,0.00,0.00,0.00,0.00,0.00,0.00,0.00,0.00,0.00,0.00,0.00,0.00,0.00
2026-09-12 00:00:00+00:00,Esposende,0306,0.00,0.00,0.00,0.00,0.00,0.00,0.00,0.00,0.00,0.00,0.00,0.00,0.00,0.00
2026-09-13 00:00:00+00:00,Esposende,0306,0.00,0.00,0.00,0.00,0.00,0.00,0.00,0.00,0.00,0.00,0.00,0.00,0.00,0.00
2026-09-14 00:00:00+00:00,Esposende,0306,0.00,0.00,0.00,0.00,0.00,0.00,0.00,0.00,0.00,0.00,0.00,0.00,0.00,0.00
2026-09-15 00:00:00+00:00,Esposende,0306,0.00,0.00,0.00,0.00,0.00,0.00,0.00,0.00,0.00,0.00,0.00,0.00,0.00,0.00
2026-09-16 00:00:00+00:00,Esposende,0306,0.00,0.00,0.00,0.00,0.00,0.00,0.00,0.00,0.00,0.00,0.00,0.00,0.00,0.00
2026-09-17 00:00:00+00:00,Esposende,0306,0.00,0.00,0.00,0.00,0.00,0.00,0.00,0.00,0.00,0.00,0.00,0.00,0.00,0.00
2026-09-18 00:00:00+00:00,Esposende,0306,0.00,0.00,0.00,0.00,0.00,0.00,0.00,0.00,0.00,0.00,0.00,0.00,0.00,0.00
2026-09-19 00:00:00+00:00,Esposende,0306,0.00,0.00,0.00,0.00,0.00,0.00,0.00,0.00,0.00,0.00,0.00,0.00,0.00,0.00
2026-09-20 00:00:00+00:00,Esposende,0306,0.00,0.00,0.00,0.00,0.00,0.00,0.00,0.00,0.00,0.00,0.00,0.00,0.00,0.00
2026-09-21 00:00:00+00:00,Esposende,0306,0.00,0.00,0.00,0.00,0.00,0.00,0.00,0.00,0.00,0.00,0.00,0.00,0.00,0.00
2026-09-22 00:00:00+00:00,Esposende,0306,0.00,0.00,0.00,0.00,0.00,0.00,0.00,0.00,0.00,0.00,0.00,0.00,0.00,0.00
2026-09-23 00:00:00+00:00,Esposende,0306,0.00,0.00,0.00,0.00,0.00,0.00,0.00,0.00,0.00,0.00,0.00,0.00,0.00,0.00
2026-09-24 00:00:00+00:00,Esposende,0306,0.00,0.00,0.00,0.00,0.00,0.00,0.00,0.00,0.00,0.00,0.00,0.00,0.00,0.00
2026-09-25 00:00:00+00:00,Esposende,0306,4.46,1.04,2.51,5.90,3.53,4.60,5.44,0.07,0.02,0.04,0.10,0.06,0.08,0.09
2026-09-26 00:00:00+00:00,Esposende,0306,0.00,0.00,0.00,0.00,0.00,0.00,0.00,0.00,0.00,0.00,0.00,0.00,0.00,0.00
2026-09-27 00:00:00+00:00,Esposende,0306,21.95,5.36,11.98,29.48,17.18,22.64,27.04,0.66,0.16,0.36,0.88,0.52,0.68,0.81
2026-09-28 00:00:00+00:00,Esposende,0306,0.14,0.12,0.00,0.47,0.04,0.13,0.22,0.01,0.01,0.00,0.05,0.00,0.01,0.02
2026-09-29 00:00:00+00:00,Esposende,0306,88.34,1.25,84.84,92.71,87.65,88.44,88.82,55.41,8.65,34.60,62.20,51.46,59.82,61.49
2026-09-10 00:00:00+00:00,Fafe,0307,0.00,0.00,0.00,0.00,0.00,0.00,0.00,0.00,0.00,0.00,0.00,0.00,0.00,0.00
2026-09-11 00:00:00+00:00,Fafe,0307,0.00,0.00,0.00,0.00,0.00,0.00,0.00,0.00,0.00,0.00,0.00,0.00,0.00,0.00
2026-09-12 00:00:00+00:00,Fafe,0307,0.00,0.00,0.00,0.00,0.00,0.00,0.00,0.00,0.00,0.00,0.00,0.00,0.00,0.00
2026-09-13 00:00:00+00:00,Fafe,0307,0.00,0.00,0.00,0.00,0.00,0.00,0.00,0.00,0.00,0.00,0.00,0.00,0.00,0.00
2026-09-14 00:00:00+00:00,Fafe,0307,0.00,0.00,0.00,0.00,0.00,0.00,0.00,0.00,0.00,0.00,0.00,0.00,0.00,0.00
2026-09-15 00:00:00+00:00,Fafe,0307,0.00,0.00,0.00,0.00,0.00,0.00,0.00,0.00,0.00,0.00,0.00,0.00,0.00,0.00
2026-09-16 00:00:00+00:00,Fafe,0307,0.00,0.00,0.00,0.00,0.00,0.00,0.00,0.00,0.00,0.00,0.00,0.00,0.00,0.00
2026-09-17 00:00:00+00:00,Fafe,0307,0.00,0.00,0.00,0.00,0.00,0.00,0.00,0.00,0.00,0.00,0.00,0.00,0.00,0.00
2026-09-18 00:00:00+00:00,Fafe,0307,0.00,0.00,0.00,0.00,0.00,0.00,0.00,0.00,0.00,0.00,0.00,0.00,0.00,0.00
2026-09-19 00:00:00+00:00,Fafe,0307,0.00,0.00,0.00,0.00,0.00,0.00,0.00,0.00,0.00,0.00,0.00,0.00,0.00,0.00
2026-09-20 00:00:00+00:00,Fafe,0307,0.00,0.00,0.00,0.00,0.00,0.00,0.00,0.00,0.00,0.00,0.00,0.00,0.00,0.00
2026-09-21 00:00:00+00:00,Fafe,0307,0.00,0.00,0.00,0.00,0.00,0.00,0.00,0.00,0.00,0.00,0.00,0.00,0.00,0.00
2026-09-22 00:00:00+00:00,Fafe,0307,0.00,0.00,0.00,0.00,0.00,0.00,0.00,0.00,0.00,0.00,0.00,0.00,0.00,0.00
2026-09-23 00:00:00+00:00,Fafe,0307,0.00,0.00,0.00,0.00,0.00,0.00,0.00,0.00,0.00,0.00,0.00,0.00,0.00,0.00
2026-09-24 00:00:00+00:00,Fafe,0307,0.00,0.00,0.00,0.00,0.00,0.00,0.00,0.00,0.00,0.00,0.00,0.00,0.00,0.00
2026-09-25 00:00:00+00:00,Fafe,0307,0.06,0.04,0.00,0.18,0.03,0.06,0.09,0.00,0.00,0.00,0.00,0.00,0.00,0.00
2026-09-26 00:00:00+00:00,Fafe,0307,0.00,0.00,0.00,0.00,0.00,0.00,0.00,0.00,0.00,0.00,0.00,0.00,0.00,0.00
2026-09-27 00:00:00+00:00,Fafe,0307,0.31,0.19,0.00,0.68,0.17,0.31,0.46,0.01,0.01,0.00,0.02,0.01,0.01,0.01
2026-09-28 00:00:00+00:00,Fafe,0307,4.20,2.08,0.57,9.83,2.67,3.92,5.53,0.39,0.20,0.05,0.88,0.24,0.36,0.52
2026-09-29 00:00:00+00:00,Fafe,0307,36.18,4.03,30.62,46.38,32.82,35.28,38.80,24.99,5.77,15.34,39.00,20.29,24.05,29.08
2026-09-10 00:00:00+00:00,Guimarães,0308,0.00,0.00,0.00,0.00,0.00,0.00,0.00,0.00,0.00,0.00,0.00,0.00,0.00,0.00
2026-09-11 00:00:00+00:00,Guimarães,0308,0.00,0.00,0.00,0.00,0.00,0.00,0.00,0.00,0.00,0.00,0.00,0.00,0.00,0.00
2026-09-12 00:00:00+00:00,Guimarães,0308,0.00,0.00,0.00,0.00,0.00,0.00,0.00,0.00,0.00,0.00,0.00,0.00,0.00,0.00
2026-09-13 00:00:00+00:00,Guimarães,0308,0.00,0.00,0.00,0.00,0.00,0.00,0.00,0.00,0.00,0.00,0.00,0.00,0.00,0.00
2026-09-14 00:00:00+00:00,Guimarães,0308,0.00,0.00,0.00,0.00,0.00,0.00,0.00,0.00,0.00,0.00,0.00,0.00,0.00,0.00
2026-09-15 00:00:00+00:00,Guimarães,0308,0.00,0.00,0.00,0.00,0.00,0.00,0.00,0.00,0.00,0.00,0.00,0.00,0.00,0.00
2026-09-16 00:00:00+00:00,Guimarães,0308,0.00,0.00,0.00,0.00,0.00,0.00,0.00,0.00,0.00,0.00,0.00,0.00,0.00,0.00
2026-09-17 00:00:00+00:00,Guimarães,0308,0.00,0.00,0.00,0.00,0.00,0.00,0.00,0.00,0.00,0.00,0.00,0.00,0.00,0.00
2026-09-18 00:00:00+00:00,Guimarães,0308,0.00,0.00,0.00,0.00,0.00,0.00,0.00,0.00,0.00,0.00,0.00,0.00,0.00,0.00
2026-09-19 00:00:00+00:00,Guimarães,0308,0.00,0.00,0.00,0.00,0.00,0.00,0.00,0.00,0.00,0.00,0.00,0.00,0.00,0.00
2026-09-20 00:00:00+00:00,Guimarães,0308,0.00,0.00,0.00,0.00,0.00,0.00,0.00,0.00,0.00,0.00,0.00,0.00,0.00,0.00
2026-09-21 00:00:00+00:00,Guimarães,0308,0.00,0.00,0.00,0.00,0.00,0.00,0.00,0.00,0.00,0.00,0.00,0.00,0.00,0.00
2026-09-22 00:00:00+00:00,Guimarães,0308,0.00,0.00,0.00,0.00,0.00,0.00,0.00,0.00,0.00,0.00,0.00,0.00,0.00,0.00
2026-09-23 00:00:00+00:00,Guimarães,0308,0.00,0.00,0.00,0.00,0.00,0.00,0.00,0.00,0.00,0.00,0.00,0.00,0.00,0.00
2026-09-24 00:00:00+00:00,Guimarães,0308,0.00,0.00,0.00,0.00,0.00,0.00,0.00,0.00,0.00,0.00,0.00,0.00,0.00,0.00
2026-09-25 00:00:00+00:00,Guimarães,0308,0.14,0.04,0.05,0.20,0.11,0.14,0.18,0.00,0.00,0.00,0.00,0.00,0.00,0.00
2026-09-26 00:00:00+00:00,Guimarães,0308,0.00,0.00,0.00,0.00,0.00,0.00,0.00,0.00,0.00,0.00,0.00,0.00,0.00,0.00
2026-09-27 00:00:00+00:00,Guimarães,0308,0.59,0.12,0.23,0.77,0.51,0.63,0.68,0.02,0.00,0.01,0.02,0.02,0.02,0.02
2026-09-28 00:00:00+00:00,Guimarães,0308,5.39,1.57,1.59,11.44,4.54,5.47,6.11,0.65,0.18,0.18,1.00,0.52,0.69,0.79
2026-09-29 00:00:00+00:00,Guimarães,0308,46.98,8.30,23.88,59.17,41.64,48.38,53.66,36.42,8.30,13.34,48.08,30.74,38.50,43.08
2026-09-10 00:00:00+00:00,Póvoa de Lanhoso,0309,0.00,0.00,0.00,0.00,0.00,0.00,0.00,0.00,0.00,0.00,0.00,0.00,0.00,0.00
2026-09-11 00:00:00+00:00,Póvoa de Lanhoso,0309,0.00,0.00,0.00,0.00,0.00,0.00,0.00,0.00,0.00,0.00,0.00,0.00,0.00,0.00
2026-09-12 00:00:00+00:00,Póvoa de Lanhoso,0309,0.00,0.00,0.00,0.00,0.00,0.00,0.00,0.00,0.00,0.00,0.00,0.00,0.00,0.00
2026-09-13 00:00:00+00:00,Póvoa de Lanhoso,0309,0.00,0.00,0.00,0.00,0.00,0.00,0.00,0.00,0.00,0.00,0.00,0.00,0.00,0.00
2026-09-14 00:00:00+00:00,Póvoa de Lanhoso,0309,0.00,0.00,0.00,0.00,0.00,0.00,0.00,0.00,0.00,0.00,0.00,0.00,0.00,0.00
2026-09-15 00:00:00+00:00,Póvoa de Lanhoso,0309,0.00,0.00,0.00,0.00,0.00,0.00,0.00,0.00,0.00,0.00,0.00,0.00,0.00,0.00
2026-09-16 00:00:00+00:00,Póvoa de Lanhoso,0309,0.00,0.01,0.00,0.05,0.00,0.00,0.00,0.00,0.00,0.00,0.00,0.00,0.00,0.00
2026-09-17 00:00:00+00:00,Póvoa de Lanhoso,0309,0.00,0.00,0.00,0.00,0.00,0.00,0.00,0.00,0.00,0.00,0.00,0.00,0.00,0.00
2026-09-18 00:00:00+00:00,Póvoa de Lanhoso,0309,0.00,0.00,0.00,0.00,0.00,0.00,0.00,0.00,0.00,0.00,0.00,0.00,0.00,0.00
2026-09-19 00:00:00+00:00,Póvoa de Lanhoso,0309,0.00,0.00,0.00,0.00,0.00,0.00,0.00,0.00,0.00,0.00,0.00,0.00,0.00,0.00
2026-09-20 00:00:00+00:00,Póvoa de Lanhoso,0309,0.00,0.00,0.00,0.00,0.00,0.00,0.00,0.00,0.00,0.00,0.00,0.00,0.00,0.00
2026-09-21 00:00:00+00:00,Póvoa de Lanhoso,0309,0.00,0.00,0.00,0.00,0.00,0.00,0.00,0.00,0.00,0.00,0.00,0.00,0.00,0.00
2026-09-22 00:00:00+00:00,Póvoa de Lanhoso,0309,0.00,0.00,0.00,0.00,0.00,0.00,0.00,0.00,0.00,0.00,0.00,0.00,0.00,0.00
2026-09-23 00:00:00+00:00,Póvoa de Lanhoso,0309,0.00,0.00,0.00,0.00,0.00,0.00,0.00,0.00,0.00,0.00,0.00,0.00,0.00,0.00
2026-09-24 00:00:00+00:00,Póvoa de Lanhoso,0309,0.00,0.00,0.00,0.00,0.00,0.00,0.00,0.00,0.00,0.00,0.00,0.00,0.00,0.00
2026-09-25 00:00:00+00:00,Póvoa de Lanhoso,0309,0.17,0.05,0.07,0.26,0.13,0.18,0.20,0.00,0.00,0.00,0.00,0.00,0.00,0.00
2026-09-26 00:00:00+00:00,Póvoa de Lanhoso,0309,0.00,0.00,0.00,0.00,0.00,0.00,0.00,0.00,0.00,0.00,0.00,0.00,0.00,0.00
2026-09-27 00:00:00+00:00,Póvoa de Lanhoso,0309,0.67,0.11,0.41,0.90,0.61,0.69,0.74,0.02,0.00,0.01,0.03,0.02,0.02,0.02
2026-09-28 00:00:00+00:00,Póvoa de Lanhoso,0309,14.78,5.40,7.76,32.71,10.82,13.21,17.89,1.27,0.41,0.69,2.73,0.96,1.14,1.49
2026-09-29 00:00:00+00:00,Póvoa de Lanhoso,0309,46.00,3.42,38.74,53.00,43.41,45.93,48.65,42.15,3.30,31.61,46.17,40.80,43.10,44.53
2026-09-10 00:00:00+00:00,Terras de Bouro,0310,0.00,0.00,0.00,0.00,0.00,0.00,0.00,0.00,0.00,0.00,0.00,0.00,0.00,0.00
2026-09-11 00:00:00+00:00,Terras de Bouro,0310,0.00,0.00,0.00,0.00,0.00,0.00,0.00,0.00,0.00,0.00,0.00,0.00,0.00,0.00
2026-09-12 00:00:00+00:00,Terras de Bouro,0310,0.00,0.00,0.00,0.00,0.00,0.00,0.00,0.00,0.00,0.00,0.00,0.00,0.00,0.00
2026-09-13 00:00:00+00:00,Terras de Bouro,0310,0.00,0.00,0.00,0.00,0.00,0.00,0.00,0.00,0.00,0.00,0.00,0.00,0.00,0.00
2026-09-14 00:00:00+00:00,Terras de Bouro,0310,0.00,0.00,0.00,0.00,0.00,0.00,0.00,0.00,0.00,0.00,0.00,0.00,0.00,0.00
2026-09-15 00:00:00+00:00,Terras de Bouro,0310,0.00,0.00,0.00,0.00,0.00,0.00,0.00,0.00,0.00,0.00,0.00,0.00,0.00,0.00
2026-09-16 00:00:00+00:00,Terras de Bouro,0310,0.10,0.10,0.00,0.49,0.03,0.06,0.14,0.01,0.00,0.00,0.02,0.00,0.00,0.01
2026-09-17 00:00:00+00:00,Terras de Bouro,0310,0.00,0.00,0.00,0.00,0.00,0.00,0.00,0.00,0.00,0.00,0.00,0.00,0.00,0.00
2026-09-18 00:00:00+00:00,Terras de Bouro,0310,0.00,0.00,0.00,0.00,0.00,0.00,0.00,0.00,0.00,0.00,0.00,0.00,0.00,0.00
2026-09-19 00:00:00+00:00,Terras de Bouro,0310,0.00,0.00,0.00,0.00,0.00,0.00,0.00,0.00,0.00,0.00,0.00,0.00,0.00,0.00
2026-09-20 00:00:00+00:00,Terras de Bouro,0310,0.00,0.00,0.00,0.00,0.00,0.00,0.00,0.00,0.00,0.00,0.00,0.00,0.00,0.00
2026-09-21 00:00:00+00:00,Terras de Bouro,0310,0.00,0.00,0.00,0.00,0.00,0.00,0.00,0.00,0.00,0.00,0.00,0.00,0.00,0.00
2026-09-22 00:00:00+00:00,Terras de Bouro,0310,0.00,0.00,0.00,0.00,0.00,0.00,0.00,0.00,0.00,0.00,0.00,0.00,0.00,0.00
2026-09-23 00:00:00+00:00,Terras de Bouro,0310,0.00,0.00,0.00,0.00,0.00,0.00,0.00,0.00,0.00,0.00,0.00,0.00,0.00,0.00
2026-09-24 00:00:00+00:00,Terras de Bouro,0310,0.00,0.00,0.00,0.00,0.00,0.00,0.00,0.00,0.00,0.00,0.00,0.00,0.00,0.00
2026-09-25 00:00:00+00:00,Terras de Bouro,0310,0.20,0.13,0.01,0.50,0.08,0.19,0.31,0.00,0.00,0.00,0.01,0.00,0.00,0.01
2026-09-26 00:00:00+00:00,Terras de Bouro,0310,0.00,0.00,0.00,0.00,0.00,0.00,0.00,0.00,0.00,0.00,0.00,0.00,0.00,0.00
2026-09-27 00:00:00+00:00,Terras de Bouro,0310,0.74,0.41,0.04,1.55,0.38,0.74,1.11,0.02,0.01,0.00,0.05,0.01,0.02,0.03
2026-09-28 00:00:00+00:00,Terras de Bouro,0310,22.69,14.54,1.02,49.28,9.18,22.07,34.79,1.90,1.24,0.08,4.20,0.75,1.82,2.93
2026-09-29 00:00:00+00:00,Terras de Bouro,0310,37.35,2.98,30.61,43.44,35.15,38.19,39.62,39.75,4.79,31.45,47.13,35.11,40.87,44.44
2026-09-10 00:00:00+00:00,Vieira do Minho,0311,0.00,0.00,0.00,0.00,0.00,0.00,0.00,0.00,0.00,0.00,0.00,0.00,0.00,0.00
2026-09-11 00:00:00+00:00,Vieira do Minho,0311,0.00,0.00,0.00,0.00,0.00,0.00,0.00,0.00,0.00,0.00,0.00,0.00,0.00,0.00
2026-09-12 00:00:00+00:00,Vieira do Minho,0311,0.00,0.00,0.00,0.00,0.00,0.00,0.00,0.00,0.00,0.00,0.00,0.00,0.00,0.00
2026-09-13 00:00:00+00:00,Vieira do Minho,0311,0.00,0.00,0.00,0.00,0.00,0.00,0.00,0.00,0.00,0.00,0.00,0.00,0.00,0.00
2026-09-14 00:00:00+00:00,Vieira do Minho,0311,0.00,0.00,0.00,0.00,0.00,0.00,0.00,0.00,0.00,0.00,0.00,0.00,0.00,0.00
2026-09-15 00:00:00+00:00,Vieira do Minho,0311,0.00,0.00,0.00,0.00,0.00,0.00,0.00,0.00,0.00,0.00,0.00,0.00,0.00,0.00
2026-09-16 00:00:00+00:00,Vieira do Minho,0311,0.03,0.02,0.00,0.06,0.01,0.03,0.05,0.00,0.00,0.00,0.00,0.00,0.00,0.00
2026-09-17 00:00:00+00:00,Vieira do Minho,0311,0.00,0.00,0.00,0.00,0.00,0.00,0.00,0.00,0.00,0.00,0.00,0.00,0.00,0.00
2026-09-18 00:00:00+00:00,Vieira do Minho,0311,0.00,0.00,0.00,0.00,0.00,0.00,0.00,0.00,0.00,0.00,0.00,0.00,0.00,0.00
2026-09-19 00:00:00+00:00,Vieira do Minho,0311,0.00,0.00,0.00,0.00,0.00,0.00,0.00,0.00,0.00,0.00,0.00,0.00,0.00,0.00
2026-09-20 00:00:00+00:00,Vieira do Minho,0311,0.00,0.00,0.00,0.00,0.00,0.00,0.00,0.00,0.00,0.00,0.00,0.00,0.00,0.00
2026-09-21 00:00:00+00:00,Vieira do Minho,0311,0.00,0.00,0.00,0.00,0.00,0.00,0.00,0.00,0.00,0.00,0.00,0.00,0.00,0.00
2026-09-22 00:00:00+00:00,Vieira do Minho,0311,0.00,0.00,0.00,0.00,0.00,0.00,0.00,0.00,0.00,0.00,0.00,0.00,0.00,0.00
2026-09-23 00:00:00+00:00,Vieira do Minho,0311,0.00,0.00,0.00,0.00,0.00,0.00,0.00,0.00,0.00,0.00,0.00,0.00,0.00,0.00
2026-09-24 00:00:00+00:00,Vieira do Minho,0311,0.00,0.00,0.00,0.00,0.00,0.00,0.00,0.00,0.00,0.00,0.00,0.00,0.00,0.00
2026-09-25 00:00:00+00:00,Vieira do Minho,0311,0.06,0.06,0.00,0.24,0.02,0.04,0.09,0.00,0.00,0.00,0.00,0.00,0.00,0.00
2026-09-26 00:00:00+00:00,Vieira do Minho,0311,0.00,0.00,0.00,0.00,0.00,0.00,0.00,0.00,0.00,0.00,0.00,0.00,0.00,0.00
2026-09-27 00:00:00+00:00,Vieira do Minho,0311,0.25,0.20,0.00,0.84,0.09,0.20,0.36,0.01,0.01,0.00,0.03,0.00,0.01,0.01
2026-09-28 00:00:00+00:00,Vieira do Minho,0311,7.18,6.55,0.04,28.84,2.22,5.15,10.40,0.60,0.55,0.00,2.40,0.18,0.43,0.87
2026-09-29 00:00:00+00:00,Vieira do Minho,0311,34.64,3.64,30.03,43.02,31.45,33.83,37.41,32.67,4.44,22.36,44.55,30.37,31.36,35.20
2026-09-10 00:00:00+00:00,Vila Nova de Famalicão,0312,0.00,0.00,0.00,0.00,0.00,0.00,0.00,0.00,0.00,0.00,0.00,0.00,0.00,0.00
2026-09-11 00:00:00+00:00,Vila Nova de Famalicão,0312,0.00,0.00,0.00,0.00,0.00,0.00,0.00,0.00,0.00,0.00,0.00,0.00,0.00,0.00
2026-09-12 00:00:00+00:00,Vila Nova de Famalicão,0312,0.00,0.00,0.00,0.00,0.00,0.00,0.00,0.00,0.00,0.00,0.00,0.00,0.00,0.00
2026-09-13 00:00:00+00:00,Vila Nova de Famalicão,0312,0.00,0.00,0.00,0.00,0.00,0.00,0.00,0.00,0.00,0.00,0.00,0.00,0.00,0.00
2026-09-14 00:00:00+00:00,Vila Nova de Famalicão,0312,0.00,0.00,0.00,0.00,0.00,0.00,0.00,0.00,0.00,0.00,0.00,0.00,0.00,0.00
2026-09-15 00:00:00+00:00,Vila Nova de Famalicão,0312,0.00,0.00,0.00,0.00,0.00,0.00,0.00,0.00,0.00,0.00,0.00,0.00,0.00,0.00
2026-09-16 00:00:00+00:00,Vila Nova de Famalicão,0312,0.00,0.00,0.00,0.00,0.00,0.00,0.00,0.00,0.00,0.00,0.00,0.00,0.00,0.00
2026-09-17 00:00:00+00:00,Vila Nova de Famalicão,0312,0.00,0.00,0.00,0.00,0.00,0.00,0.00,0.00,0.00,0.00,0.00,0.00,0.00,0.00
2026-09-18 00:00:00+00:00,Vila Nova de Famalicão,0312,0.00,0.00,0.00,0.00,0.00,0.00,0.00,0.00,0.00,0.00,0.00,0.00,0.00,0.00
2026-09-19 00:00:00+00:00,Vila Nova de Famalicão,0312,0.00,0.00,0.00,0.00,0.00,0.00,0.00,0.00,0.00,0.00,0.00,0.00,0.00,0.00
2026-09-20 00:00:00+00:00,Vila Nova de Famalicão,0312,0.00,0.00,0.00,0.00,0.00,0.00,0.00,0.00,0.00,0.00,0.00,0.00,0.00,0.00
2026-09-21 00:00:00+00:00,Vila Nova de Famalicão,0312,0.00,0.00,0.00,0.00,0.00,0.00,0.00,0.00,0.00,0.00,0.00,0.00,0.00,0.00
2026-09-22 00:00:00+00:00,Vila Nova de Famalicão,0312,0.00,0.00,0.00,0.00,0.00,0.00,0.00,0.00,0.00,0.00,0.00,0.00,0.00,0.00
2026-09-23 00:00:00+00:00,Vila Nova de Famalicão,0312,0.00,0.00,0.00,0.00,0.00,0.00,0.00,0.00,0.00,0.00,0.00,0.00,0.00,0.00
2026-09-24 00:00:00+00:00,Vila Nova de Famalicão,0312,0.00,0.00,0.00,0.00,0.00,0.00,0.00,0.00,0.00,0.00,0.00,0.00,0.00,0.00
2026-09-25 00:00:00+00:00,Vila Nova de Famalicão,0312,0.27,0.11,0.08,0.66,0.19,0.24,0.33,0.00,0.00,0.00,0.01,0.00,0.00,0.01
2026-09-26 00:00:00+00:00,Vila Nova de Famalicão,0312,0.00,0.00,0.00,0.00,0.00,0.00,0.00,0.00,0.00,0.00,0.00,0.00,0.00,0.00
2026-09-27 00:00:00+00:00,Vila Nova de Famalicão,0312,1.13,0.50,0.33,2.95,0.78,1.00,1.40,0.03,0.01,0.01,0.09,0.02,0.03,0.04
2026-09-28 00:00:00+00:00,Vila Nova de Famalicão,0312,3.66,0.67,1.85,5.07,3.22,3.53,4.22,0.44,0.14,0.20,0.76,0.32,0.41,0.55
2026-09-29 00:00:00+00:00,Vila Nova de Famalicão,0312,46.80,7.14,27.22,57.80,41.56,47.54,52.93,32.49,7.04,15.66,44.61,26.75,32.76,37.92
2026-09-10 00:00:00+00:00,Vila Verde,0313,0.00,0.00,0.00,0.00,0.00,0.00,0.00,0.00,0.00,0.00,0.00,0.00,0.00,0.00
2026-09-11 00:00:00+00:00,Vila Verde,0313,0.00,0.00,0.00,0.00,0.00,0.00,0.00,0.00,0.00,0.00,0.00,0.00,0.00,0.00
2026-09-12 00:00:00+00:00,Vila Verde,0313,0.00,0.00,0.00,0.00,0.00,0.00,0.00,0.00,0.00,0.00,0.00,0.00,0.00,0.00
2026-09-13 00:00:00+00:00,Vila Verde,0313,0.00,0.00,0.00,0.00,0.00,0.00,0.00,0.00,0.00,0.00,0.00,0.00,0.00,0.00
2026-09-14 00:00:00+00:00,Vila Verde,0313,0.00,0.00,0.00,0.00,0.00,0.00,0.00,0.00,0.00,0.00,0.00,0.00,0.00,0.00
2026-09-15 00:00:00+00:00,Vila Verde,0313,0.00,0.00,0.00,0.00,0.00,0.00,0.00,0.00,0.00,0.00,0.00,0.00,0.00,0.00
2026-09-16 00:00:00+00:00,Vila Verde,0313,0.00,0.01,0.00,0.04,0.00,0.00,0.00,0.00,0.00,0.00,0.00,0.00,0.00,0.00
2026-09-17 00:00:00+00:00,Vila Verde,0313,0.00,0.00,0.00,0.00,0.00,0.00,0.00,0.00,0.00,0.00,0.00,0.00,0.00,0.00
2026-09-18 00:00:00+00:00,Vila Verde,0313,0.00,0.00,0.00,0.00,0.00,0.00,0.00,0.00,0.00,0.00,0.00,0.00,0.00,0.00
2026-09-19 00:00:00+00:00,Vila Verde,0313,0.00,0.00,0.00,0.00,0.00,0.00,0.00,0.00,0.00,0.00,0.00,0.00,0.00,0.00
2026-09-20 00:00:00+00:00,Vila Verde,0313,0.00,0.00,0.00,0.00,0.00,0.00,0.00,0.00,0.00,0.00,0.00,0.00,0.00,0.00
2026-09-21 00:00:00+00:00,Vila Verde,0313,0.00,0.00,0.00,0.00,0.00,0.00,0.00,0.00,0.00,0.00,0.00,0.00,0.00,0.00
2026-09-22 00:00:00+00:00,Vila Verde,0313,0.00,0.00,0.00,0.00,0.00,0.00,0.00,0.00,0.00,0.00,0.00,0.00,0.00,0.00
2026-09-23 00:00:00+00:00,Vila Verde,0313,0.00,0.00,0.00,0.00,0.00,0.00,0.00,0.00,0.00,0.00,0.00,0.00,0.00,0.00
2026-09-24 00:00:00+00:00,Vila Verde,0313,0.00,0.00,0.00,0.00,0.00,0.00,0.00,0.00,0.00,0.00,0.00,0.00,0.00,0.00
2026-09-25 00:00:00+00:00,Vila Verde,0313,0.28,0.14,0.01,0.53,0.18,0.31,0.40,0.00,0.00,0.00,0.01,0.00,0.01,0.01
2026-09-26 00:00:00+00:00,Vila Verde,0313,0.00,0.00,0.00,0.00,0.00,0.00,0.00,0.00,0.00,0.00,0.00,0.00,0.00,0.00
2026-09-27 00:00:00+00:00,Vila Verde,0313,0.95,0.43,0.02,1.96,0.65,1.07,1.26,0.03,0.01,0.00,0.06,0.02,0.03,0.04
2026-09-28 00:00:00+00:00,Vila Verde,0313,12.29,11.97,0.51,48.57,4.54,7.51,14.73,0.97,1.02,0.06,4.13,0.35,0.50,1.06
2026-09-29 00:00:00+00:00,Vila Verde,0313,50.55,5.94,37.20,65.81,47.20,51.27,54.58,45.18,2.90,37.77,50.47,43.48,46.04,47.18
2026-09-10 00:00:00+00:00,Vizela,0314,0.00,0.00,0.00,0.00,0.00,0.00,0.00,0.00,0.00,0.00,0.00,0.00,0.00,0.00
2026-09-11 00:00:00+00:00,Vizela,0314,0.00,0.00,0.00,0.00,0.00,0.00,0.00,0.00,0.00,0.00,0.00,0.00,0.00,0.00
2026-09-12 00:00:00+00:00,Vizela,0314,0.00,0.00,0.00,0.00,0.00,0.00,0.00,0.00,0.00,0.00,0.00,0.00,0.00,0.00
2026-09-13 00:00:00+00:00,Vizela,0314,0.00,0.00,0.00,0.00,0.00,0.00,0.00,0.00,0.00,0.00,0.00,0.00,0.00,0.00
2026-09-14 00:00:00+00:00,Vizela,0314,0.00,0.00,0.00,0.00,0.00,0.00,0.00,0.00,0.00,0.00,0.00,0.00,0.00,0.00
2026-09-15 00:00:00+00:00,Vizela,0314,0.00,0.00,0.00,0.00,0.00,0.00,0.00,0.00,0.00,0.00,0.00,0.00,0.00,0.00
2026-09-16 00:00:00+00:00,Vizela,0314,0.00,0.00,0.00,0.00,0.00,0.00,0.00,0.00,0.00,0.00,0.00,0.00,0.00,0.00
2026-09-17 00:00:00+00:00,Vizela,0314,0.00,0.00,0.00,0.00,0.00,0.00,0.00,0.00,0.00,0.00,0.00,0.00,0.00,0.00
2026-09-18 00:00:00+00:00,Vizela,0314,0.00,0.00,0.00,0.00,0.00,0.00,0.00,0.00,0.00,0.00,0.00,0.00,0.00,0.00
2026-09-19 00:00:00+00:00,Vizela,0314,0.00,0.00,0.00,0.00,0.00,0.00,0.00,0.00,0.00,0.00,0.00,0.00,0.00,0.00
2026-09-20 00:00:00+00:00,Vizela,0314,0.00,0.00,0.00,0.00,0.00,0.00,0.00,0.00,0.00,0.00,0.00,0.00,0.00,0.00
2026-09-21 00:00:00+00:00,Vizela,0314,0.00,0.00,0.00,0.00,0.00,0.00,0.00,0.00,0.00,0.00,0.00,0.00,0.00,0.00
2026-09-22 00:00:00+00:00,Vizela,0314,0.00,0.00,0.00,0.00,0.00,0.00,0.00,0.00,0.00,0.00,0.00,0.00,0.00,0.00
2026-09-23 00:00:00+00:00,Vizela,0314,0.00,0.00,0.00,0.00,0.00,0.00,0.00,0.00,0.00,0.00,0.00,0.00,0.00,0.00
2026-09-24 00:00:00+00:00,Vizela,0314,0.00,0.00,0.00,0.00,0.00,0.00,0.00,0.00,0.00,0.00,0.00,0.00,0.00,0.00
2026-09-25 00:00:00+00:00,Vizela,0314,0.06,0.02,0.03,0.09,0.05,0.06,0.07,0.00,0.00,0.00,0.00,0.00,0.00,0.00
2026-09-26 00:00:00+00:00,Vizela,0314,0.00,0.00,0.00,0.00,0.00,0.00,0.00,0.00,0.00,0.00,0.00,0.00,0.00,0.00
2026-09-27 00:00:00+00:00,Vizela,0314,0.31,0.09,0.17,0.47,0.24,0.32,0.37,0.01,0.00,0.01,0.01,0.01,0.01,0.01
2026-09-28 00:00:00+00:00,Vizela,0314,2.38,0.72,1.23,3.63,1.81,2.43,2.93,0.26,0.08,0.13,0.41,0.19,0.26,0.31
2026-09-29 00:00:00+00:00,Vizela,0314,28.21,4.38,20.95,36.49,24.69,28.78,31.69,17.50,4.27,10.51,25.63,13.97,18.02,20.82
2026-09-10 00:00:00+00:00,Alfândega da Fé,0401,0.00,0.00,0.00,0.00,0.00,0.00,0.00,0.00,0.00,0.00,0.00,0.00,0.00,0.00
2026-09-11 00:00:00+00:00,Alfândega da Fé,0401,0.00,0.00,0.00,0.00,0.00,0.00,0.00,0.00,0.00,0.00,0.00,0.00,0.00,0.00
2026-09-12 00:00:00+00:00,Alfândega da Fé,0401,0.00,0.00,0.00,0.00,0.00,0.00,0.00,0.00,0.00,0.00,0.00,0.00,0.00,0.00
2026-09-13 00:00:00+00:00,Alfândega da Fé,0401,0.00,0.00,0.00,0.00,0.00,0.00,0.00,0.00,0.00,0.00,0.00,0.00,0.00,0.00
2026-09-14 00:00:00+00:00,Alfândega da Fé,0401,0.00,0.00,0.00,0.00,0.00,0.00,0.00,0.00,0.00,0.00,0.00,0.00,0.00,0.00
2026-09-15 00:00:00+00:00,Alfândega da Fé,0401,0.00,0.00,0.00,0.00,0.00,0.00,0.00,0.00,0.00,0.00,0.00,0.00,0.00,0.00
2026-09-16 00:00:00+00:00,Alfândega da Fé,0401,0.00,0.00,0.00,0.00,0.00,0.00,0.00,0.00,0.00,0.00,0.00,0.00,0.00,0.00
2026-09-17 00:00:00+00:00,Alfândega da Fé,0401,0.00,0.00,0.00,0.00,0.00,0.00,0.00,0.00,0.00,0.00,0.00,0.00,0.00,0.00
2026-09-18 00:00:00+00:00,Alfândega da Fé,0401,0.00,0.00,0.00,0.00,0.00,0.00,0.00,0.00,0.00,0.00,0.00,0.00,0.00,0.00
2026-09-19 00:00:00+00:00,Alfândega da Fé,0401,0.00,0.00,0.00,0.00,0.00,0.00,0.00,0.00,0.00,0.00,0.00,0.00,0.00,0.00
2026-09-20 00:00:00+00:00,Alfândega da Fé,0401,0.00,0.00,0.00,0.00,0.00,0.00,0.00,0.00,0.00,0.00,0.00,0.00,0.00,0.00
2026-09-21 00:00:00+00:00,Alfândega da Fé,0401,0.00,0.00,0.00,0.00,0.00,0.00,0.00,0.00,0.00,0.00,0.00,0.00,0.00,0.00
2026-09-22 00:00:00+00:00,Alfândega da Fé,0401,0.00,0.00,0.00,0.00,0.00,0.00,0.00,0.00,0.00,0.00,0.00,0.00,0.00,0.00
2026-09-23 00:00:00+00:00,Alfândega da Fé,0401,0.00,0.00,0.00,0.00,0.00,0.00,0.00,0.00,0.00,0.00,0.00,0.00,0.00,0.00
2026-09-24 00:00:00+00:00,Alfândega da Fé,0401,0.00,0.00,0.00,0.00,0.00,0.00,0.00,0.00,0.00,0.00,0.00,0.00,0.00,0.00
2026-09-25 00:00:00+00:00,Alfândega da Fé,0401,0.40,0.44,0.00,1.29,0.00,0.20,0.84,0.01,0.01,0.00,0.03,0.00,0.00,0.02
2026-09-26 00:00:00+00:00,Alfândega da Fé,0401,0.00,0.00,0.00,0.00,0.00,0.00,0.00,0.00,0.00,0.00,0.00,0.00,0.00,0.00
2026-09-27 00:00:00+00:00,Alfândega da Fé,0401,0.00,0.00,0.00,0.00,0.00,0.00,0.00,0.00,0.00,0.00,0.00,0.00,0.00,0.00
2026-09-28 00:00:00+00:00,Alfândega da Fé,0401,1.51,1.39,0.00,5.90,0.30,1.13,2.34,0.09,0.09,0.00,0.36,0.02,0.06,0.14
2026-09-29 00:00:00+00:00,Alfândega da Fé,0401,6.47,1.19,3.20,10.23,6.01,6.28,6.97,0.73,0.57,0.10,2.12,0.24,0.56,1.10
2026-09-10 00:00:00+00:00,Bragança,0402,0.00,0.00,0.00,0.00,0.00,0.00,0.00,0.00,0.00,0.00,0.00,0.00,0.00,0.00
2026-09-11 00:00:00+00:00,Bragança,0402,0.00,0.00,0.00,0.00,0.00,0.00,0.00,0.00,0.00,0.00,0.00,0.00,0.00,0.00
2026-09-12 00:00:00+00:00,Bragança,0402,0.00,0.00,0.00,0.00,0.00,0.00,0.00,0.00,0.00,0.00,0.00,0.00,0.00,0.00
2026-09-13 00:00:00+00:00,Bragança,0402,0.00,0.00,0.00,0.00,0.00,0.00,0.00,0.00,0.00,0.00,0.00,0.00,0.00,0.00
2026-09-14 00:00:00+00:00,Bragança,0402,0.00,0.00,0.00,0.00,0.00,0.00,0.00,0.00,0.00,0.00,0.00,0.00,0.00,0.00
2026-09-15 00:00:00+00:00,Bragança,0402,0.00,0.00,0.00,0.00,0.00,0.00,0.00,0.00,0.00,0.00,0.00,0.00,0.00,0.00
2026-09-16 00:00:00+00:00,Bragança,0402,0.00,0.00,0.00,0.00,0.00,0.00,0.00,0.00,0.00,0.00,0.00,0.00,0.00,0.00
2026-09-17 00:00:00+00:00,Bragança,0402,0.00,0.00,0.00,0.00,0.00,0.00,0.00,0.00,0.00,0.00,0.00,0.00,0.00,0.00
2026-09-18 00:00:00+00:00,Bragança,0402,0.00,0.00,0.00,0.00,0.00,0.00,0.00,0.00,0.00,0.00,0.00,0.00,0.00,0.00
2026-09-19 00:00:00+00:00,Bragança,0402,0.00,0.00,0.00,0.00,0.00,0.00,0.00,0.00,0.00,0.00,0.00,0.00,0.00,0.00
2026-09-20 00:00:00+00:00,Bragança,0402,0.00,0.00,0.00,0.00,0.00,0.00,0.00,0.00,0.00,0.00,0.00,0.00,0.00,0.00
2026-09-21 00:00:00+00:00,Bragança,0402,0.00,0.00,0.00,0.00,0.00,0.00,0.00,0.00,0.00,0.00,0.00,0.00,0.00,0.00
2026-09-22 00:00:00+00:00,Bragança,0402,0.00,0.00,0.00,0.00,0.00,0.00,0.00,0.00,0.00,0.00,0.00,0.00,0.00,0.00
2026-09-23 00:00:00+00:00,Bragança,0402,0.00,0.00,0.00,0.00,0.00,0.00,0.00,0.00,0.00,0.00,0.00,0.00,0.00,0.00
2026-09-24 00:00:00+00:00,Bragança,0402,0.00,0.00,0.00,0.00,0.00,0.00,0.00,0.00,0.00,0.00,0.00,0.00,0.00,0.00
2026-09-25 00:00:00+00:00,Bragança,0402,0.98,1.40,0.00,10.20,0.21,0.49,1.07,0.02,0.03,0.00,0.25,0.01,0.01,0.03
2026-09-26 00:00:00+00:00,Bragança,0402,0.00,0.00,0.00,0.00,0.00,0.00,0.00,0.00,0.00,0.00,0.00,0.00,0.00,0.00
2026-09-27 00:00:00+00:00,Bragança,0402,0.00,0.00,0.00,0.00,0.00,0.00,0.00,0.00,0.00,0.00,0.00,0.00,0.00,0.00
2026-09-28 00:00:00+00:00,Bragança,0402,5.76,2.82,0.00,17.50,5.13,6.09,6.51,0.24,0.19,0.00,1.35,0.14,0.20,0.25
2026-09-29 00:00:00+00:00,Bragança,0402,10.57,1.99,6.00,12.00,9.73,11.73,11.91,6.14,2.38,1.60,13.08,4.65,6.82,7.19
2026-09-10 00:00:00+00:00,Carrazeda de Ansiães,0403,0.00,0.00,0.00,0.00,0.00,0.00,0.00,0.00,0.00,0.00,0.00,0.00,0.00,0.00
2026-09-11 00:00:00+00:00,Carrazeda de Ansiães,0403,0.00,0.00,0.00,0.00,0.00,0.00,0.00,0.00,0.00,0.00,0.00,0.00,0.00,0.00
2026-09-12 00:00:00+00:00,Carrazeda de Ansiães,0403,0.00,0.00,0.00,0.00,0.00,0.00,0.00,0.00,0.00,0.00,0.00,0.00,0.00,0.00
2026-09-13 00:00:00+00:00,Carrazeda de Ansiães,0403,0.00,0.00,0.00,0.00,0.00,0.00,0.00,0.00,0.00,0.00,0.00,0.00,0.00,0.00
2026-09-14 00:00:00+00:00,Carrazeda de Ansiães,0403,0.00,0.00,0.00,0.00,0.00,0.00,0.00,0.00,0.00,0.00,0.00,0.00,0.00,0.00
2026-09-15 00:00:00+00:00,Carrazeda de Ansiães,0403,0.00,0.00,0.00,0.00,0.00,0.00,0.00,0.00,0.00,0.00,0.00,0.00,0.00,0.00
2026-09-16 00:00:00+00:00,Carrazeda de Ansiães,0403,0.00,0.00,0.00,0.00,0.00,0.00,0.00,0.00,0.00,0.00,0.00,0.00,0.00,0.00
2026-09-17 00:00:00+00:00,Carrazeda de Ansiães,0403,0.00,0.00,0.00,0.00,0.00,0.00,0.00,0.00,0.00,0.00,0.00,0.00,0.00,0.00
2026-09-18 00:00:00+00:00,Carrazeda de Ansiães,0403,0.00,0.00,0.00,0.00,0.00,0.00,0.00,0.00,0.00,0.00,0.00,0.00,0.00,0.00
2026-09-19 00:00:00+00:00,Carrazeda de Ansiães,0403,0.00,0.00,0.00,0.00,0.00,0.00,0.00,0.00,0.00,0.00,0.00,0.00,0.00,0.00
2026-09-20 00:00:00+00:00,Carrazeda de Ansiães,0403,0.00,0.00,0.00,0.00,0.00,0.00,0.00,0.00,0.00,0.00,0.00,0.00,0.00,0.00
2026-09-21 00:00:00+00:00,Carrazeda de Ansiães,0403,0.00,0.00,0.00,0.00,0.00,0.00,0.00,0.00,0.00,0.00,0.00,0.00,0.00,0.00
2026-09-22 00:00:00+00:00,Carrazeda de Ansiães,0403,0.00,0.00,0.00,0.00,0.00,0.00,0.00,0.00,0.00,0.00,0.00,0.00,0.00,0.00
2026-09-23 00:00:00+00:00,Carrazeda de Ansiães,0403,0.00,0.00,0.00,0.00,0.00,0.00,0.00,0.00,0.00,0.00,0.00,0.00,0.00,0.00
2026-09-24 00:00:00+00:00,Carrazeda de Ansiães,0403,0.00,0.00,0.00,0.00,0.00,0.00,0.00,0.00,0.00,0.00,0.00,0.00,0.00,0.00
2026-09-25 00:00:00+00:00,Carrazeda de Ansiães,0403,0.00,0.00,0.00,0.00,0.00,0.00,0.00,0.00,0.00,0.00,0.00,0.00,0.00,0.00
2026-09-26 00:00:00+00:00,Carrazeda de Ansiães,0403,0.00,0.00,0.00,0.00,0.00,0.00,0.00,0.00,0.00,0.00,0.00,0.00,0.00,0.00
2026-09-27 00:00:00+00:00,Carrazeda de Ansiães,0403,0.00,0.00,0.00,0.00,0.00,0.00,0.00,0.00,0.00,0.00,0.00,0.00,0.00,0.00
2026-09-28 00:00:00+00:00,Carrazeda de Ansiães,0403,10.82,1.10,5.96,12.00,10.24,11.08,11.72,0.45,0.05,0.25,0.50,0.43,0.47,0.49
2026-09-29 00:00:00+00:00,Carrazeda de Ansiães,0403,6.13,0.34,4.84,7.28,6.00,6.06,6.26,2.00,0.13,1.47,2.32,1.98,2.00,2.05
2026-09-10 00:00:00+00:00,Freixo de Espada à Cinta,0404,0.00,0.00,0.00,0.00,0.00,0.00,0.00,0.00,0.00,0.00,0.00,0.00,0.00,0.00
2026-09-11 00:00:00+00:00,Freixo de Espada à Cinta,0404,0.00,0.00,0.00,0.00,0.00,0.00,0.00,0.00,0.00,0.00,0.00,0.00,0.00,0.00
2026-09-12 00:00:00+00:00,Freixo de Espada à Cinta,0404,0.00,0.00,0.00,0.00,0.00,0.00,0.00,0.00,0.00,0.00,0.00,0.00,0.00,0.00
2026-09-13 00:00:00+00:00,Freixo de Espada à Cinta,0404,0.00,0.00,0.00,0.00,0.00,0.00,0.00,0.00,0.00,0.00,0.00,0.00,0.00,0.00
2026-09-14 00:00:00+00:00,Freixo de Espada à Cinta,0404,0.00,0.00,0.00,0.00,0.00,0.00,0.00,0.00,0.00,0.00,0.00,0.00,0.00,0.00
2026-09-15 00:00:00+00:00,Freixo de Espada à Cinta,0404,0.00,0.00,0.00,0.00,0.00,0.00,0.00,0.00,0.00,0.00,0.00,0.00,0.00,0.00
2026-09-16 00:00:00+00:00,Freixo de Espada à Cinta,0404,0.00,0.00,0.00,0.00,0.00,0.00,0.00,0.00,0.00,0.00,0.00,0.00,0.00,0.00
2026-09-17 00:00:00+00:00,Freixo de Espada à Cinta,0404,0.00,0.00,0.00,0.00,0.00,0.00,0.00,0.00,0.00,0.00,0.00,0.00,0.00,0.00
2026-09-18 00:00:00+00:00,Freixo de Espada à Cinta,0404,0.00,0.00,0.00,0.00,0.00,0.00,0.00,0.00,0.00,0.00,0.00,0.00,0.00,0.00
2026-09-19 00:00:00+00:00,Freixo de Espada à Cinta,0404,0.00,0.00,0.00,0.00,0.00,0.00,0.00,0.00,0.00,0.00,0.00,0.00,0.00,0.00
2026-09-20 00:00:00+00:00,Freixo de Espada à Cinta,0404,0.00,0.00,0.00,0.00,0.00,0.00,0.00,0.00,0.00,0.00,0.00,0.00,0.00,0.00
2026-09-21 00:00:00+00:00,Freixo de Espada à Cinta,0404,0.00,0.00,0.00,0.00,0.00,0.00,0.00,0.00,0.00,0.00,0.00,0.00,0.00,0.00
2026-09-22 00:00:00+00:00,Freixo de Espada à Cinta,0404,0.00,0.00,0.00,0.00,0.00,0.00,0.00,0.00,0.00,0.00,0.00,0.00,0.00,0.00
2026-09-23 00:00:00+00:00,Freixo de Espada à Cinta,0404,0.00,0.00,0.00,0.00,0.00,0.00,0.00,0.00,0.00,0.00,0.00,0.00,0.00,0.00
2026-09-24 00:00:00+00:00,Freixo de Espada à Cinta,0404,0.00,0.00,0.00,0.00,0.00,0.00,0.00,0.00,0.00,0.00,0.00,0.00,0.00,0.00
2026-09-25 00:00:00+00:00,Freixo de Espada à Cinta,0404,1.08,0.42,0.00,2.12,0.77,1.05,1.38,0.03,0.01,0.00,0.05,0.02,0.03,0.03
2026-09-26 00:00:00+00:00,Freixo de Espada à Cinta,0404,0.00,0.00,0.00,0.00,0.00,0.00,0.00,0.00,0.00,0.00,0.00,0.00,0.00,0.00
2026-09-27 00:00:00+00:00,Freixo de Espada à Cinta,0404,0.00,0.00,0.00,0.00,0.00,0.00,0.00,0.00,0.00,0.00,0.00,0.00,0.00,0.00
2026-09-28 00:00:00+00:00,Freixo de Espada à Cinta,0404,1.68,0.78,0.42,3.57,1.08,1.54,2.25,0.08,0.04,0.03,0.18,0.05,0.07,0.10
2026-09-29 00:00:00+00:00,Freixo de Espada à Cinta,0404,3.83,1.23,1.28,5.90,2.80,3.62,5.08,0.32,0.08,0.16,0.55,0.27,0.31,0.35
2026-09-10 00:00:00+00:00,Macedo de Cavaleiros,0405,0.00,0.00,0.00,0.00,0.00,0.00,0.00,0.00,0.00,0.00,0.00,0.00,0.00,0.00
2026-09-11 00:00:00+00:00,Macedo de Cavaleiros,0405,0.00,0.00,0.00,0.00,0.00,0.00,0.00,0.00,0.00,0.00,0.00,0.00,0.00,0.00
2026-09-12 00:00:00+00:00,Macedo de Cavaleiros,0405,0.00,0.00,0.00,0.00,0.00,0.00,0.00,0.00,0.00,0.00,0.00,0.00,0.00,0.00
2026-09-13 00:00:00+00:00,Macedo de Cavaleiros,0405,0.00,0.00,0.00,0.00,0.00,0.00,0.00,0.00,0.00,0.00,0.00,0.00,0.00,0.00
2026-09-14 00:00:00+00:00,Macedo de Cavaleiros,0405,0.00,0.00,0.00,0.00,0.00,0.00,0.00,0.00,0.00,0.00,0.00,0.00,0.00,0.00
2026-09-15 00:00:00+00:00,Macedo de Cavaleiros,0405,0.00,0.00,0.00,0.00,0.00,0.00,0.00,0.00,0.00,0.00,0.00,0.00,0.00,0.00
2026-09-16 00:00:00+00:00,Macedo de Cavaleiros,0405,0.00,0.00,0.00,0.00,0.00,0.00,0.00,0.00,0.00,0.00,0.00,0.00,0.00,0.00
2026-09-17 00:00:00+00:00,Macedo de Cavaleiros,0405,0.00,0.00,0.00,0.00,0.00,0.00,0.00,0.00,0.00,0.00,0.00,0.00,0.00,0.00
2026-09-18 00:00:00+00:00,Macedo de Cavaleiros,0405,0.00,0.00,0.00,0.00,0.00,0.00,0.00,0.00,0.00,0.00,0.00,0.00,0.00,0.00
2026-09-19 00:00:00+00:00,Macedo de Cavaleiros,0405,0.00,0.00,0.00,0.00,0.00,0.00,0.00,0.00,0.00,0.00,0.00,0.00,0.00,0.00
2026-09-20 00:00:00+00:00,Macedo de Cavaleiros,0405,0.00,0.00,0.00,0.00,0.00,0.00,0.00,0.00,0.00,0.00,0.00,0.00,0.00,0.00
2026-09-21 00:00:00+00:00,Macedo de Cavaleiros,0405,0.00,0.00,0.00,0.00,0.00,0.00,0.00,0.00,0.00,0.00,0.00,0.00,0.00,0.00
2026-09-22 00:00:00+00:00,Macedo de Cavaleiros,0405,0.00,0.00,0.00,0.00,0.00,0.00,0.00,0.00,0.00,0.00,0.00,0.00,0.00,0.00
2026-09-23 00:00:00+00:00,Macedo de Cavaleiros,0405,0.00,0.00,0.00,0.00,0.00,0.00,0.00,0.00,0.00,0.00,0.00,0.00,0.00,0.00
2026-09-24 00:00:00+00:00,Macedo de Cavaleiros,0405,0.00,0.00,0.00,0.00,0.00,0.00,0.00,0.00,0.00,0.00,0.00,0.00,0.00,0.00
2026-09-25 00:00:00+00:00,Macedo de Cavaleiros,0405,0.96,0.69,0.00,4.76,0.64,0.99,1.12,0.02,0.02,0.00,0.12,0.02,0.02,0.03
2026-09-26 00:00:00+00:00,Macedo de Cavaleiros,0405,0.00,0.00,0.00,0.00,0.00,0.00,0.00,0.00,0.00,0.00,0.00,0.00,0.00,0.00
2026-09-27 00:00:00+00:00,Macedo de Cavaleiros,0405,0.00,0.00,0.00,0.00,0.00,0.00,0.00,0.00,0.00,0.00,0.00,0.00,0.00,0.00
2026-09-28 00:00:00+00:00,Macedo de Cavaleiros,0405,3.99,3.35,0.00,11.18,1.02,2.79,6.90,0.26,0.23,0.00,0.79,0.06,0.18,0.45
2026-09-29 00:00:00+00:00,Macedo de Cavaleiros,0405,8.80,2.63,6.00,15.48,6.37,7.90,10.94,2.83,1.65,0.85,7.94,1.63,2.19,3.63
2026-09-10 00:00:00+00:00,Miranda do Douro,0406,0.00,0.00,0.00,0.00,0.00,0.00,0.00,0.00,0.00,0.00,0.00,0.00,0.00,0.00
2026-09-11 00:00:00+00:00,Miranda do Douro,0406,0.00,0.00,0.00,0.00,0.00,0.00,0.00,0.00,0.00,0.00,0.00,0.00,0.00,0.00
2026-09-12 00:00:00+00:00,Miranda do Douro,0406,0.00,0.00,0.00,0.00,0.00,0.00,0.00,0.00,0.00,0.00,0.00,0.00,0.00,0.00
2026-09-13 00:00:00+00:00,Miranda do Douro,0406,0.00,0.00,0.00,0.00,0.00,0.00,0.00,0.00,0.00,0.00,0.00,0.00,0.00,0.00
2026-09-14 00:00:00+00:00,Miranda do Douro,0406,0.00,0.00,0.00,0.00,0.00,0.00,0.00,0.00,0.00,0.00,0.00,0.00,0.00,0.00
2026-09-15 00:00:00+00:00,Miranda do Douro,0406,0.00,0.00,0.00,0.00,0.00,0.00,0.00,0.00,0.00,0.00,0.00,0.00,0.00,0.00
2026-09-16 00:00:00+00:00,Miranda do Douro,0406,0.00,0.00,0.00,0.00,0.00,0.00,0.00,0.00,0.00,0.00,0.00,0.00,0.00,0.00
2026-09-17 00:00:00+00:00,Miranda do Douro,0406,0.00,0.00,0.00,0.00,0.00,0.00,0.00,0.00,0.00,0.00,0.00,0.00,0.00,0.00
2026-09-18 00:00:00+00:00,Miranda do Douro,0406,0.00,0.00,0.00,0.00,0.00,0.00,0.00,0.00,0.00,0.00,0.00,0.00,0.00,0.00
2026-09-19 00:00:00+00:00,Miranda do Douro,0406,0.00,0.00,0.00,0.00,0.00,0.00,0.00,0.00,0.00,0.00,0.00,0.00,0.00,0.00
2026-09-20 00:00:00+00:00,Miranda do Douro,0406,0.00,0.00,0.00,0.00,0.00,0.00,0.00,0.00,0.00,0.00,0.00,0.00,0.00,0.00
2026-09-21 00:00:00+00:00,Miranda do Douro,0406,0.00,0.00,0.00,0.00,0.00,0.00,0.00,0.00,0.00,0.00,0.00,0.00,0.00,0.00
2026-09-22 00:00:00+00:00,Miranda do Douro,0406,0.00,0.00,0.00,0.00,0.00,0.00,0.00,0.00,0.00,0.00,0.00,0.00,0.00,0.00
2026-09-23 00:00:00+00:00,Miranda do Douro,0406,0.00,0.00,0.00,0.00,0.00,0.00,0.00,0.00,0.00,0.00,0.00,0.00,0.00,0.00
2026-09-24 00:00:00+00:00,Miranda do Douro,0406,0.00,0.00,0.00,0.00,0.00,0.00,0.00,0.00,0.00,0.00,0.00,0.00,0.00,0.00
2026-09-25 00:00:00+00:00,Miranda do Douro,0406,102.28,22.36,35.43,126.00,85.82,109.48,121.54,2.52,0.55,0.87,3.10,2.11,2.69,2.99
2026-09-26 00:00:00+00:00,Miranda do Douro,0406,0.00,0.00,0.00,0.00,0.00,0.00,0.00,0.00,0.00,0.00,0.00,0.00,0.00,0.00
2026-09-27 00:00:00+00:00,Miranda do Douro,0406,0.00,0.00,0.00,0.00,0.00,0.00,0.00,0.00,0.00,0.00,0.00,0.00,0.00,0.00
2026-09-28 00:00:00+00:00,Miranda do Douro,0406,24.82,5.00,9.43,30.00,21.47,26.50,29.07,1.89,0.39,0.70,2.30,1.61,2.02,2.22
2026-09-29 00:00:00+00:00,Miranda do Douro,0406,6.29,0.29,6.00,7.70,6.07,6.23,6.41,1.04,0.23,0.80,2.15,0.86,0.99,1.15
2026-09-10 00:00:00+00:00,Mirandela,0407,0.00,0.00,0.00,0.00,0.00,0.00,0.00,0.00,0.00,0.00,0.00,0.00,0.00,0.00
2026-09-11 00:00:00+00:00,Mirandela,0407,0.00,0.00,0.00,0.00,0.00,0.00,0.00,0.00,0.00,0.00,0.00,0.00,0.00,0.00
2026-09-12 00:00:00+00:00,Mirandela,0407,0.00,0.00,0.00,0.00,0.00,0.00,0.00,0.00,0.00,0.00,0.00,0.00,0.00,0.00
2026-09-13 00:00:00+00:00,Mirandela,0407,0.00,0.00,0.00,0.00,0.00,0.00,0.00,0.00,0.00,0.00,0.00,0.00,0.00,0.00
2026-09-14 00:00:00+00:00,Mirandela,0407,0.00,0.00,0.00,0.00,0.00,0.00,0.00,0.00,0.00,0.00,0.00,0.00,0.00,0.00
2026-09-15 00:00:00+00:00,Mirandela,0407,0.00,0.00,0.00,0.00,0.00,0.00,0.00,0.00,0.00,0.00,0.00,0.00,0.00,0.00
2026-09-16 00:00:00+00:00,Mirandela,0407,0.00,0.00,0.00,0.00,0.00,0.00,0.00,0.00,0.00,0.00,0.00,0.00,0.00,0.00
2026-09-17 00:00:00+00:00,Mirandela,0407,0.00,0.00,0.00,0.00,0.00,0.00,0.00,0.00,0.00,0.00,0.00,0.00,0.00,0.00
2026-09-18 00:00:00+00:00,Mirandela,0407,0.00,0.00,0.00,0.00,0.00,0.00,0.00,0.00,0.00,0.00,0.00,0.00,0.00,0.00
2026-09-19 00:00:00+00:00,Mirandela,0407,0.00,0.00,0.00,0.00,0.00,0.00,0.00,0.00,0.00,0.00,0.00,0.00,0.00,0.00
2026-09-20 00:00:00+00:00,Mirandela,0407,0.00,0.00,0.00,0.00,0.00,0.00,0.00,0.00,0.00,0.00,0.00,0.00,0.00,0.00
2026-09-21 00:00:00+00:00,Mirandela,0407,0.00,0.00,0.00,0.00,0.00,0.00,0.00,0.00,0.00,0.00,0.00,0.00,0.00,0.00
2026-09-22 00:00:00+00:00,Mirandela,0407,0.00,0.00,0.00,0.00,0.00,0.00,0.00,0.00,0.00,0.00,0.00,0.00,0.00,0.00
2026-09-23 00:00:00+00:00,Mirandela,0407,0.00,0.00,0.00,0.00,0.00,0.00,0.00,0.00,0.00,0.00,0.00,0.00,0.00,0.00
2026-09-24 00:00:00+00:00,Mirandela,0407,0.00,0.00,0.00,0.00,0.00,0.00,0.00,0.00,0.00,0.00,0.00,0.00,0.00,0.00
2026-09-25 00:00:00+00:00,Mirandela,0407,0.04,0.14,0.00,0.78,0.00,0.00,0.00,0.00,0.00,0.00,0.02,0.00,0.00,0.00
2026-09-26 00:00:00+00:00,Mirandela,0407,0.00,0.00,0.00,0.00,0.00,0.00,0.00,0.00,0.00,0.00,0.00,0.00,0.00,0.00
2026-09-27 00:00:00+00:00,Mirandela,0407,0.00,0.00,0.00,0.00,0.00,0.00,0.00,0.00,0.00,0.00,0.00,0.00,0.00,0.00
2026-09-28 00:00:00+00:00,Mirandela,0407,10.39,1.11,6.82,12.00,9.58,10.36,11.42,0.67,0.10,0.43,0.80,0.60,0.68,0.76
2026-09-29 00:00:00+00:00,Mirandela,0407,15.14,2.44,7.67,18.00,13.62,15.66,17.23,3.63,0.88,2.35,7.50,3.20,3.50,3.65
2026-09-10 00:00:00+00:00,Mogadouro,0408,0.00,0.00,0.00,0.00,0.00,0.00,0.00,0.00,0.00,0.00,0.00,0.00,0.00,0.00
2026-09-11 00:00:00+00:00,Mogadouro,0408,0.00,0.00,0.00,0.00,0.00,0.00,0.00,0.00,0.00,0.00,0.00,0.00,0.00,0.00
2026-09-12 00:00:00+00:00,Mogadouro,0408,0.00,0.00,0.00,0.00,0.00,0.00,0.00,0.00,0.00,0.00,0.00,0.00,0.00,0.00
2026-09-13 00:00:00+00:00,Mogadouro,0408,0.00,0.00,0.00,0.00,0.00,0.00,0.00,0.00,0.00,0.00,0.00,0.00,0.00,0.00
2026-09-14 00:00:00+00:00,Mogadouro,0408,0.00,0.00,0.00,0.00,0.00,0.00,0.00,0.00,0.00,0.00,0.00,0.00,0.00,0.00
2026-09-15 00:00:00+00:00,Mogadouro,0408,0.00,0.00,0.00,0.00,0.00,0.00,0.00,0.00,0.00,0.00,0.00,0.00,0.00,0.00
2026-09-16 00:00:00+00:00,Mogadouro,0408,0.00,0.00,0.00,0.00,0.00,0.00,0.00,0.00,0.00,0.00,0.00,0.00,0.00,0.00
2026-09-17 00:00:00+00:00,Mogadouro,0408,0.00,0.00,0.00,0.00,0.00,0.00,0.00,0.00,0.00,0.00,0.00,0.00,0.00,0.00
2026-09-18 00:00:00+00:00,Mogadouro,0408,0.00,0.00,0.00,0.00,0.00,0.00,0.00,0.00,0.00,0.00,0.00,0.00,0.00,0.00
2026-09-19 00:00:00+00:00,Mogadouro,0408,0.00,0.00,0.00,0.00,0.00,0.00,0.00,0.00,0.00,0.00,0.00,0.00,0.00,0.00
2026-09-20 00:00:00+00:00,Mogadouro,0408,0.00,0.00,0.00,0.00,0.00,0.00,0.00,0.00,0.00,0.00,0.00,0.00,0.00,0.00
2026-09-21 00:00:00+00:00,Mogadouro,0408,0.00,0.00,0.00,0.00,0.00,0.00,0.00,0.00,0.00,0.00,0.00,0.00,0.00,0.00
2026-09-22 00:00:00+00:00,Mogadouro,0408,0.00,0.00,0.00,0.00,0.00,0.00,0.00,0.00,0.00,0.00,0.00,0.00,0.00,0.00
2026-09-23 00:00:00+00:00,Mogadouro,0408,0.00,0.00,0.00,0.00,0.00,0.00,0.00,0.00,0.00,0.00,0.00,0.00,0.00,0.00
2026-09-24 00:00:00+00:00,Mogadouro,0408,0.00,0.00,0.00,0.00,0.00,0.00,0.00,0.00,0.00,0.00,0.00,0.00,0.00,0.00
2026-09-25 00:00:00+00:00,Mogadouro,0408,6.92,11.31,0.00,54.86,0.30,1.19,8.24,0.17,0.28,0.00,1.35,0.01,0.03,0.20
2026-09-26 00:00:00+00:00,Mogadouro,0408,0.00,0.00,0.00,0.00,0.00,0.00,0.00,0.00,0.00,0.00,0.00,0.00,0.00,0.00
2026-09-27 00:00:00+00:00,Mogadouro,0408,0.00,0.00,0.00,0.00,0.00,0.00,0.00,0.00,0.00,0.00,0.00,0.00,0.00,0.00
2026-09-28 00:00:00+00:00,Mogadouro,0408,2.01,2.93,0.00,13.88,0.18,0.62,2.58,0.14,0.22,0.00,1.04,0.01,0.04,0.18
2026-09-29 00:00:00+00:00,Mogadouro,0408,6.12,0.16,5.46,6.54,6.01,6.09,6.23,0.71,0.27,0.10,1.37,0.59,0.67,0.90
2026-09-10 00:00:00+00:00,Torre de Moncorvo,0409,0.00,0.00,0.00,0.00,0.00,0.00,0.00,0.00,0.00,0.00,0.00,0.00,0.00,0.00
2026-09-11 00:00:00+00:00,Torre de Moncorvo,0409,0.00,0.00,0.00,0.00,0.00,0.00,0.00,0.00,0.00,0.00,0.00,0.00,0.00,0.00
2026-09-12 00:00:00+00:00,Torre de Moncorvo,0409,0.00,0.00,0.00,0.00,0.00,0.00,0.00,0.00,0.00,0.00,0.00,0.00,0.00,0.00
2026-09-13 00:00:00+00:00,Torre de Moncorvo,0409,0.00,0.00,0.00,0.00,0.00,0.00,0.00,0.00,0.00,0.00,0.00,0.00,0.00,0.00
2026-09-14 00:00:00+00:00,Torre de Moncorvo,0409,0.00,0.00,0.00,0.00,0.00,0.00,0.00,0.00,0.00,0.00,0.00,0.00,0.00,0.00
2026-09-15 00:00:00+00:00,Torre de Moncorvo,0409,0.00,0.00,0.00,0.00,0.00,0.00,0.00,0.00,0.00,0.00,0.00,0.00,0.00,0.00
2026-09-16 00:00:00+00:00,Torre de Moncorvo,0409,0.00,0.00,0.00,0.00,0.00,0.00,0.00,0.00,0.00,0.00,0.00,0.00,0.00,0.00
2026-09-17 00:00:00+00:00,Torre de Moncorvo,0409,0.00,0.00,0.00,0.00,0.00,0.00,0.00,0.00,0.00,0.00,0.00,0.00,0.00,0.00
2026-09-18 00:00:00+00:00,Torre de Moncorvo,0409,0.00,0.00,0.00,0.00,0.00,0.00,0.00,0.00,0.00,0.00,0.00,0.00,0.00,0.00
2026-09-19 00:00:00+00:00,Torre de Moncorvo,0409,0.00,0.00,0.00,0.00,0.00,0.00,0.00,0.00,0.00,0.00,0.00,0.00,0.00,0.00
2026-09-20 00:00:00+00:00,Torre de Moncorvo,0409,0.00,0.00,0.00,0.00,0.00,0.00,0.00,0.00,0.00,0.00,0.00,0.00,0.00,0.00
2026-09-21 00:00:00+00:00,Torre de Moncorvo,0409,0.00,0.00,0.00,0.00,0.00,0.00,0.00,0.00,0.00,0.00,0.00,0.00,0.00,0.00
2026-09-22 00:00:00+00:00,Torre de Moncorvo,0409,0.00,0.00,0.00,0.00,0.00,0.00,0.00,0.00,0.00,0.00,0.00,0.00,0.00,0.00
2026-09-23 00:00:00+00:00,Torre de Moncorvo,0409,0.00,0.00,0.00,0.00,0.00,0.00,0.00,0.00,0.00,0.00,0.00,0.00,0.00,0.00
2026-09-24 00:00:00+00:00,Torre de Moncorvo,0409,0.00,0.00,0.00,0.00,0.00,0.00,0.00,0.00,0.00,0.00,0.00,0.00,0.00,0.00
2026-09-25 00:00:00+00:00,Torre de Moncorvo,0409,0.12,0.19,0.00,0.95,0.00,0.00,0.18,0.00,0.00,0.00,0.02,0.00,0.00,0.00
2026-09-26 00:00:00+00:00,Torre de Moncorvo,0409,0.00,0.00,0.00,0.00,0.00,0.00,0.00,0.00,0.00,0.00,0.00,0.00,0.00,0.00
2026-09-27 00:00:00+00:00,Torre de Moncorvo,0409,0.00,0.00,0.00,0.00,0.00,0.00,0.00,0.00,0.00,0.00,0.00,0.00,0.00,0.00
2026-09-28 00:00:00+00:00,Torre de Moncorvo,0409,1.45,2.00,0.00,9.53,0.22,0.63,1.68,0.06,0.08,0.00,0.40,0.01,0.03,0.07
2026-09-29 00:00:00+00:00,Torre de Moncorvo,0409,2.26,1.66,0.00,6.02,0.86,1.96,3.60,0.31,0.38,0.00,1.71,0.09,0.17,0.31
2026-09-10 00:00:00+00:00,Vila Flor,0410,0.00,0.00,0.00,0.00,0.00,0.00,0.00,0.00,0.00,0.00,0.00,0.00,0.00,0.00
2026-09-11 00:00:00+00:00,Vila Flor,0410,0.00,0.00,0.00,0.00,0.00,0.00,0.00,0.00,0.00,0.00,0.00,0.00,0.00,0.00
2026-09-12 00:00:00+00:00,Vila Flor,0410,0.00,0.00,0.00,0.00,0.00,0.00,0.00,0.00,0.00,0.00,0.00,0.00,0.00,0.00
2026-09-13 00:00:00+00:00,Vila Flor,0410,0.00,0.00,0.00,0.00,0.00,0.00,0.00,0.00,0.00,0.00,0.00,0.00,0.00,0.00
2026-09-14 00:00:00+00:00,Vila Flor,0410,0.00,0.00,0.00,0.00,0.00,0.00,0.00,0.00,0.00,0.00,0.00,0.00,0.00,0.00
2026-09-15 00:00:00+00:00,Vila Flor,0410,0.00,0.00,0.00,0.00,0.00,0.00,0.00,0.00,0.00,0.00,0.00,0.00,0.00,0.00
2026-09-16 00:00:00+00:00,Vila Flor,0410,0.00,0.00,0.00,0.00,0.00,0.00,0.00,0.00,0.00,0.00,0.00,0.00,0.00,0.00
2026-09-17 00:00:00+00:00,Vila Flor,0410,0.00,0.00,0.00,0.00,0.00,0.00,0.00,0.00,0.00,0.00,0.00,0.00,0.00,0.00
2026-09-18 00:00:00+00:00,Vila Flor,0410,0.00,0.00,0.00,0.00,0.00,0.00,0.00,0.00,0.00,0.00,0.00,0.00,0.00,0.00
2026-09-19 00:00:00+00:00,Vila Flor,0410,0.00,0.00,0.00,0.00,0.00,0.00,0.00,0.00,0.00,0.00,0.00,0.00,0.00,0.00
2026-09-20 00:00:00+00:00,Vila Flor,0410,0.00,0.00,0.00,0.00,0.00,0.00,0.00,0.00,0.00,0.00,0.00,0.00,0.00,0.00
2026-09-21 00:00:00+00:00,Vila Flor,0410,0.00,0.00,0.00,0.00,0.00,0.00,0.00,0.00,0.00,0.00,0.00,0.00,0.00,0.00
2026-09-22 00:00:00+00:00,Vila Flor,0410,0.00,0.00,0.00,0.00,0.00,0.00,0.00,0.00,0.00,0.00,0.00,0.00,0.00,0.00
2026-09-23 00:00:00+00:00,Vila Flor,0410,0.00,0.00,0.00,0.00,0.00,0.00,0.00,0.00,0.00,0.00,0.00,0.00,0.00,0.00
2026-09-24 00:00:00+00:00,Vila Flor,0410,0.00,0.00,0.00,0.00,0.00,0.00,0.00,0.00,0.00,0.00,0.00,0.00,0.00,0.00
2026-09-25 00:00:00+00:00,Vila Flor,0410,0.00,0.00,0.00,0.00,0.00,0.00,0.00,0.00,0.00,0.00,0.00,0.00,0.00,0.00
2026-09-26 00:00:00+00:00,Vila Flor,0410,0.00,0.00,0.00,0.00,0.00,0.00,0.00,0.00,0.00,0.00,0.00,0.00,0.00,0.00
2026-09-27 00:00:00+00:00,Vila Flor,0410,0.00,0.00,0.00,0.00,0.00,0.00,0.00,0.00,0.00,0.00,0.00,0.00,0.00,0.00
2026-09-28 00:00:00+00:00,Vila Flor,0410,7.29,2.61,1.40,11.52,5.16,7.37,9.49,0.35,0.11,0.06,0.52,0.27,0.38,0.45
2026-09-29 00:00:00+00:00,Vila Flor,0410,6.94,2.05,1.77,12.62,5.78,6.57,8.12,1.74,0.51,0.33,2.69,1.43,1.87,2.08
2026-09-10 00:00:00+00:00,Vimioso,0411,0.00,0.00,0.00,0.00,0.00,0.00,0.00,0.00,0.00,0.00,0.00,0.00,0.00,0.00
2026-09-11 00:00:00+00:00,Vimioso,0411,0.00,0.00,0.00,0.00,0.00,0.00,0.00,0.00,0.00,0.00,0.00,0.00,0.00,0.00
2026-09-12 00:00:00+00:00,Vimioso,0411,0.00,0.00,0.00,0.00,0.00,0.00,0.00,0.00,0.00,0.00,0.00,0.00,0.00,0.00
2026-09-13 00:00:00+00:00,Vimioso,0411,0.00,0.00,0.00,0.00,0.00,0.00,0.00,0.00,0.00,0.00,0.00,0.00,0.00,0.00
2026-09-14 00:00:00+00:00,Vimioso,0411,0.00,0.00,0.00,0.00,0.00,0.00,0.00,0.00,0.00,0.00,0.00,0.00,0.00,0.00
2026-09-15 00:00:00+00:00,Vimioso,0411,0.00,0.00,0.00,0.00,0.00,0.00,0.00,0.00,0.00,0.00,0.00,0.00,0.00,0.00
2026-09-16 00:00:00+00:00,Vimioso,0411,0.00,0.00,0.00,0.00,0.00,0.00,0.00,0.00,0.00,0.00,0.00,0.00,0.00,0.00
2026-09-17 00:00:00+00:00,Vimioso,0411,0.00,0.00,0.00,0.00,0.00,0.00,0.00,0.00,0.00,0.00,0.00,0.00,0.00,0.00
2026-09-18 00:00:00+00:00,Vimioso,0411,0.00,0.00,0.00,0.00,0.00,0.00,0.00,0.00,0.00,0.00,0.00,0.00,0.00,0.00
2026-09-19 00:00:00+00:00,Vimioso,0411,0.00,0.00,0.00,0.00,0.00,0.00,0.00,0.00,0.00,0.00,0.00,0.00,0.00,0.00
2026-09-20 00:00:00+00:00,Vimioso,0411,0.00,0.00,0.00,0.00,0.00,0.00,0.00,0.00,0.00,0.00,0.00,0.00,0.00,0.00
2026-09-21 00:00:00+00:00,Vimioso,0411,0.00,0.00,0.00,0.00,0.00,0.00,0.00,0.00,0.00,0.00,0.00,0.00,0.00,0.00
2026-09-22 00:00:00+00:00,Vimioso,0411,0.00,0.00,0.00,0.00,0.00,0.00,0.00,0.00,0.00,0.00,0.00,0.00,0.00,0.00
2026-09-23 00:00:00+00:00,Vimioso,0411,0.00,0.00,0.00,0.00,0.00,0.00,0.00,0.00,0.00,0.00,0.00,0.00,0.00,0.00
2026-09-24 00:00:00+00:00,Vimioso,0411,0.00,0.00,0.00,0.00,0.00,0.00,0.00,0.00,0.00,0.00,0.00,0.00,0.00,0.00
2026-09-25 00:00:00+00:00,Vimioso,0411,36.93,29.91,2.68,120.07,11.85,28.15,54.86,0.91,0.74,0.07,2.95,0.29,0.69,1.35
2026-09-26 00:00:00+00:00,Vimioso,0411,0.00,0.00,0.00,0.00,0.00,0.00,0.00,0.00,0.00,0.00,0.00,0.00,0.00,0.00
2026-09-27 00:00:00+00:00,Vimioso,0411,0.00,0.00,0.00,0.00,0.00,0.00,0.00,0.00,0.00,0.00,0.00,0.00,0.00,0.00
2026-09-28 00:00:00+00:00,Vimioso,0411,10.52,6.89,1.39,28.73,4.76,8.59,15.03,0.75,0.53,0.09,2.20,0.31,0.60,1.08
2026-09-29 00:00:00+00:00,Vimioso,0411,7.30,0.76,6.09,9.84,6.71,7.09,7.79,2.09,0.69,0.87,4.43,1.60,1.94,2.48
2026-09-10 00:00:00+00:00,Vinhais,0412,0.00,0.00,0.00,0.00,0.00,0.00,0.00,0.00,0.00,0.00,0.00,0.00,0.00,0.00
2026-09-11 00:00:00+00:00,Vinhais,0412,0.00,0.00,0.00,0.00,0.00,0.00,0.00,0.00,0.00,0.00,0.00,0.00,0.00,0.00
2026-09-12 00:00:00+00:00,Vinhais,0412,0.00,0.00,0.00,0.00,0.00,0.00,0.00,0.00,0.00,0.00,0.00,0.00,0.00,0.00
2026-09-13 00:00:00+00:00,Vinhais,0412,0.00,0.00,0.00,0.00,0.00,0.00,0.00,0.00,0.00,0.00,0.00,0.00,0.00,0.00
2026-09-14 00:00:00+00:00,Vinhais,0412,0.00,0.00,0.00,0.00,0.00,0.00,0.00,0.00,0.00,0.00,0.00,0.00,0.00,0.00
2026-09-15 00:00:00+00:00,Vinhais,0412,0.00,0.00,0.00,0.00,0.00,0.00,0.00,0.00,0.00,0.00,0.00,0.00,0.00,0.00
2026-09-16 00:00:00+00:00,Vinhais,0412,0.00,0.00,0.00,0.05,0.00,0.00,0.00,0.00,0.00,0.00,0.00,0.00,0.00,0.00
2026-09-17 00:00:00+00:00,Vinhais,0412,0.00,0.00,0.00,0.00,0.00,0.00,0.00,0.00,0.00,0.00,0.00,0.00,0.00,0.00
2026-09-18 00:00:00+00:00,Vinhais,0412,0.00,0.00,0.00,0.00,0.00,0.00,0.00,0.00,0.00,0.00,0.00,0.00,0.00,0.00
2026-09-19 00:00:00+00:00,Vinhais,0412,0.00,0.00,0.00,0.00,0.00,0.00,0.00,0.00,0.00,0.00,0.00,0.00,0.00,0.00
2026-09-20 00:00:00+00:00,Vinhais,0412,0.00,0.00,0.00,0.00,0.00,0.00,0.00,0.00,0.00,0.00,0.00,0.00,0.00,0.00
2026-09-21 00:00:00+00:00,Vinhais,0412,0.00,0.00,0.00,0.00,0.00,0.00,0.00,0.00,0.00,0.00,0.00,0.00,0.00,0.00
2026-09-22 00:00:00+00:00,Vinhais,0412,0.00,0.00,0.00,0.00,0.00,0.00,0.00,0.00,0.00,0.00,0.00,0.00,0.00,0.00
2026-09-23 00:00:00+00:00,Vinhais,0412,0.00,0.00,0.00,0.00,0.00,0.00,0.00,0.00,0.00,0.00,0.00,0.00,0.00,0.00
2026-09-24 00:00:00+00:00,Vinhais,0412,0.00,0.00,0.00,0.00,0.00,0.00,0.00,0.00,0.00,0.00,0.00,0.00,0.00,0.00
2026-09-25 00:00:00+00:00,Vinhais,0412,0.19,0.26,0.00,1.04,0.00,0.07,0.28,0.00,0.01,0.00,0.03,0.00,0.00,0.01
2026-09-26 00:00:00+00:00,Vinhais,0412,0.00,0.00,0.00,0.00,0.00,0.00,0.00,0.00,0.00,0.00,0.00,0.00,0.00,0.00
2026-09-27 00:00:00+00:00,Vinhais,0412,0.00,0.00,0.00,0.05,0.00,0.00,0.00,0.00,0.00,0.00,0.00,0.00,0.00,0.00
2026-09-28 00:00:00+00:00,Vinhais,0412,14.96,2.38,6.86,18.00,13.53,15.35,16.90,1.12,0.21,0.40,1.40,0.99,1.15,1.30
2026-09-29 00:00:00+00:00,Vinhais,0412,11.97,0.33,10.17,12.79,11.94,11.99,12.10,11.56,1.63,6.16,13.30,10.95,12.02,12.80
2026-09-10 00:00:00+00:00,Belmonte,0501,0.00,0.00,0.00,0.00,0.00,0.00,0.00,0.00,0.00,0.00,0.00,0.00,0.00,0.00
2026-09-11 00:00:00+00:00,Belmonte,0501,0.00,0.00,0.00,0.00,0.00,0.00,0.00,0.00,0.00,0.00,0.00,0.00,0.00,0.00
2026-09-12 00:00:00+00:00,Belmonte,0501,0.00,0.00,0.00,0.00,0.00,0.00,0.00,0.00,0.00,0.00,0.00,0.00,0.00,0.00
2026-09-13 00:00:00+00:00,Belmonte,0501,0.00,0.00,0.00,0.00,0.00,0.00,0.00,0.00,0.00,0.00,0.00,0.00,0.00,0.00
2026-09-14 00:00:00+00:00,Belmonte,0501,0.00,0.00,0.00,0.00,0.00,0.00,0.00,0.00,0.00,0.00,0.00,0.00,0.00,0.00
2026-09-15 00:00:00+00:00,Belmonte,0501,0.00,0.00,0.00,0.00,0.00,0.00,0.00,0.00,0.00,0.00,0.00,0.00,0.00,0.00
2026-09-16 00:00:00+00:00,Belmonte,0501,0.00,0.00,0.00,0.02,0.00,0.00,0.00,0.00,0.00,0.00,0.00,0.00,0.00,0.00
2026-09-17 00:00:00+00:00,Belmonte,0501,0.00,0.00,0.00,0.00,0.00,0.00,0.00,0.00,0.00,0.00,0.00,0.00,0.00,0.00
2026-09-18 00:00:00+00:00,Belmonte,0501,0.00,0.00,0.00,0.00,0.00,0.00,0.00,0.00,0.00,0.00,0.00,0.00,0.00,0.00
2026-09-19 00:00:00+00:00,Belmonte,0501,0.00,0.00,0.00,0.00,0.00,0.00,0.00,0.00,0.00,0.00,0.00,0.00,0.00,0.00
2026-09-20 00:00:00+00:00,Belmonte,0501,0.00,0.00,0.00,0.00,0.00,0.00,0.00,0.00,0.00,0.00,0.00,0.00,0.00,0.00
2026-09-21 00:00:00+00:00,Belmonte,0501,0.00,0.00,0.00,0.00,0.00,0.00,0.00,0.00,0.00,0.00,0.00,0.00,0.00,0.00
2026-09-22 00:00:00+00:00,Belmonte,0501,0.00,0.00,0.00,0.00,0.00,0.00,0.00,0.00,0.00,0.00,0.00,0.00,0.00,0.00
2026-09-23 00:00:00+00:00,Belmonte,0501,0.00,0.00,0.00,0.00,0.00,0.00,0.00,0.00,0.00,0.00,0.00,0.00,0.00,0.00
2026-09-24 00:00:00+00:00,Belmonte,0501,0.00,0.00,0.00,0.00,0.00,0.00,0.00,0.00,0.00,0.00,0.00,0.00,0.00,0.00
2026-09-25 00:00:00+00:00,Belmonte,0501,0.03,0.02,0.00,0.06,0.02,0.03,0.04,0.00,0.00,0.00,0.00,0.00,0.00,0.00
2026-09-26 00:00:00+00:00,Belmonte,0501,0.00,0.00,0.00,0.00,0.00,0.00,0.00,0.00,0.00,0.00,0.00,0.00,0.00,0.00
2026-09-27 00:00:00+00:00,Belmonte,0501,0.00,0.00,0.00,0.00,0.00,0.00,0.00,0.00,0.00,0.00,0.00,0.00,0.00,0.00
2026-09-28 00:00:00+00:00,Belmonte,0501,7.29,1.31,6.11,13.31,6.53,6.83,7.51,0.57,0.36,0.20,2.20,0.36,0.45,0.61
2026-09-29 00:00:00+00:00,Belmonte,0501,7.01,0.65,6.11,8.95,6.53,6.87,7.43,1.70,0.07,1.52,1.80,1.66,1.71,1.76
2026-09-10 00:00:00+00:00,Castelo Branco,0502,0.00,0.00,0.00,0.00,0.00,0.00,0.00,0.00,0.00,0.00,0.00,0.00,0.00,0.00
2026-09-11 00:00:00+00:00,Castelo Branco,0502,0.00,0.00,0.00,0.00,0.00,0.00,0.00,0.00,0.00,0.00,0.00,0.00,0.00,0.00
2026-09-12 00:00:00+00:00,Castelo Branco,0502,0.00,0.00,0.00,0.00,0.00,0.00,0.00,0.00,0.00,0.00,0.00,0.00,0.00,0.00
2026-09-13 00:00:00+00:00,Castelo Branco,0502,0.00,0.00,0.00,0.00,0.00,0.00,0.00,0.00,0.00,0.00,0.00,0.00,0.00,0.00
2026-09-14 00:00:00+00:00,Castelo Branco,0502,0.00,0.00,0.00,0.00,0.00,0.00,0.00,0.00,0.00,0.00,0.00,0.00,0.00,0.00
2026-09-15 00:00:00+00:00,Castelo Branco,0502,0.00,0.00,0.00,0.00,0.00,0.00,0.00,0.00,0.00,0.00,0.00,0.00,0.00,0.00
2026-09-16 00:00:00+00:00,Castelo Branco,0502,0.10,0.13,0.00,0.61,0.01,0.04,0.12,0.00,0.01,0.00,0.03,0.00,0.00,0.00
2026-09-17 00:00:00+00:00,Castelo Branco,0502,0.00,0.00,0.00,0.00,0.00,0.00,0.00,0.00,0.00,0.00,0.00,0.00,0.00,0.00
2026-09-18 00:00:00+00:00,Castelo Branco,0502,0.00,0.00,0.00,0.00,0.00,0.00,0.00,0.00,0.00,0.00,0.00,0.00,0.00,0.00
2026-09-19 00:00:00+00:00,Castelo Branco,0502,0.00,0.00,0.00,0.00,0.00,0.00,0.00,0.00,0.00,0.00,0.00,0.00,0.00,0.00
2026-09-20 00:00:00+00:00,Castelo Branco,0502,0.00,0.00,0.00,0.00,0.00,0.00,0.00,0.00,0.00,0.00,0.00,0.00,0.00,0.00
2026-09-21 00:00:00+00:00,Castelo Branco,0502,0.00,0.00,0.00,0.00,0.00,0.00,0.00,0.00,0.00,0.00,0.00,0.00,0.00,0.00
2026-09-22 00:00:00+00:00,Castelo Branco,0502,0.00,0.00,0.00,0.00,0.00,0.00,0.00,0.00,0.00,0.00,0.00,0.00,0.00,0.00
2026-09-23 00:00:00+00:00,Castelo Branco,0502,0.00,0.00,0.00,0.00,0.00,0.00,0.00,0.00,0.00,0.00,0.00,0.00,0.00,0.00
2026-09-24 00:00:00+00:00,Castelo Branco,0502,0.00,0.00,0.00,0.00,0.00,0.00,0.00,0.00,0.00,0.00,0.00,0.00,0.00,0.00
2026-09-25 00:00:00+00:00,Castelo Branco,0502,0.02,0.05,0.00,0.20,0.00,0.00,0.00,0.00,0.00,0.00,0.00,0.00,0.00,0.00
2026-09-26 00:00:00+00:00,Castelo Branco,0502,0.00,0.01,0.00,0.08,0.00,0.00,0.00,0.00,0.00,0.00,0.00,0.00,0.00,0.00
2026-09-27 00:00:00+00:00,Castelo Branco,0502,0.00,0.00,0.00,0.00,0.00,0.00,0.00,0.00,0.00,0.00,0.00,0.00,0.00,0.00
2026-09-28 00:00:00+00:00,Castelo Branco,0502,41.05,18.58,1.71,66.00,25.54,44.13,57.89,1.41,0.57,0.09,2.10,0.95,1.59,1.90
2026-09-29 00:00:00+00:00,Castelo Branco,0502,4.73,1.29,0.78,6.00,4.00,5.26,5.72,0.17,0.07,0.03,0.35,0.11,0.15,0.21
2026-09-10 00:00:00+00:00,Covilhã,0503,0.00,0.00,0.00,0.00,0.00,0.00,0.00,0.00,0.00,0.00,0.00,0.00,0.00,0.00
2026-09-11 00:00:00+00:00,Covilhã,0503,0.00,0.00,0.00,0.00,0.00,0.00,0.00,0.00,0.00,0.00,0.00,0.00,0.00,0.00
2026-09-12 00:00:00+00:00,Covilhã,0503,0.00,0.00,0.00,0.00,0.00,0.00,0.00,0.00,0.00,0.00,0.00,0.00,0.00,0.00
2026-09-13 00:00:00+00:00,Covilhã,0503,0.00,0.00,0.00,0.00,0.00,0.00,0.00,0.00,0.00,0.00,0.00,0.00,0.00,0.00
2026-09-14 00:00:00+00:00,Covilhã,0503,0.00,0.00,0.00,0.00,0.00,0.00,0.00,0.00,0.00,0.00,0.00,0.00,0.00,0.00
2026-09-15 00:00:00+00:00,Covilhã,0503,0.00,0.00,0.00,0.00,0.00,0.00,0.00,0.00,0.00,0.00,0.00,0.00,0.00,0.00
2026-09-16 00:00:00+00:00,Covilhã,0503,0.24,0.36,0.00,1.51,0.01,0.03,0.32,0.01,0.01,0.00,0.05,0.00,0.00,0.01
2026-09-17 00:00:00+00:00,Covilhã,0503,0.00,0.00,0.00,0.00,0.00,0.00,0.00,0.00,0.00,0.00,0.00,0.00,0.00,0.00
2026-09-18 00:00:00+00:00,Covilhã,0503,0.00,0.00,0.00,0.00,0.00,0.00,0.00,0.00,0.00,0.00,0.00,0.00,0.00,0.00
2026-09-19 00:00:00+00:00,Covilhã,0503,0.00,0.00,0.00,0.00,0.00,0.00,0.00,0.00,0.00,0.00,0.00,0.00,0.00,0.00
2026-09-20 00:00:00+00:00,Covilhã,0503,0.00,0.00,0.00,0.00,0.00,0.00,0.00,0.00,0.00,0.00,0.00,0.00,0.00,0.00
2026-09-21 00:00:00+00:00,Covilhã,0503,0.00,0.00,0.00,0.00,0.00,0.00,0.00,0.00,0.00,0.00,0.00,0.00,0.00,0.00
2026-09-22 00:00:00+00:00,Covilhã,0503,0.00,0.00,0.00,0.00,0.00,0.00,0.00,0.00,0.00,0.00,0.00,0.00,0.00,0.00
2026-09-23 00:00:00+00:00,Covilhã,0503,0.00,0.00,0.00,0.00,0.00,0.00,0.00,0.00,0.00,0.00,0.00,0.00,0.00,0.00
2026-09-24 00:00:00+00:00,Covilhã,0503,0.00,0.00,0.00,0.00,0.00,0.00,0.00,0.00,0.00,0.00,0.00,0.00,0.00,0.00
2026-09-25 00:00:00+00:00,Covilhã,0503,0.15,0.17,0.00,0.67,0.02,0.06,0.26,0.00,0.00,0.00,0.01,0.00,0.00,0.00
2026-09-26 00:00:00+00:00,Covilhã,0503,0.00,0.00,0.00,0.04,0.00,0.00,0.00,0.00,0.00,0.00,0.00,0.00,0.00,0.00
2026-09-27 00:00:00+00:00,Covilhã,0503,0.00,0.00,0.00,0.00,0.00,0.00,0.00,0.00,0.00,0.00,0.00,0.00,0.00,0.00
2026-09-28 00:00:00+00:00,Covilhã,0503,6.04,1.73,1.56,14.64,5.15,6.00,6.43,0.51,0.48,0.10,3.37,0.23,0.35,0.57
2026-09-29 00:00:00+00:00,Covilhã,0503,7.69,2.66,1.79,12.00,5.03,7.52,10.15,1.33,0.58,0.22,2.00,0.71,1.63,1.81
2026-09-10 00:00:00+00:00,Fundão,0504,0.00,0.00,0.00,0.00,0.00,0.00,0.00,0.00,0.00,0.00,0.00,0.00,0.00,0.00
2026-09-11 00:00:00+00:00,Fundão,0504,0.00,0.00,0.00,0.00,0.00,0.00,0.00,0.00,0.00,0.00,0.00,0.00,0.00,0.00
2026-09-12 00:00:00+00:00,Fundão,0504,0.00,0.00,0.00,0.00,0.00,0.00,0.00,0.00,0.00,0.00,0.00,0.00,0.00,0.00
2026-09-13 00:00:00+00:00,Fundão,0504,0.00,0.00,0.00,0.00,0.00,0.00,0.00,0.00,0.00,0.00,0.00,0.00,0.00,0.00
2026-09-14 00:00:00+00:00,Fundão,0504,0.00,0.00,0.00,0.00,0.00,0.00,0.00,0.00,0.00,0.00,0.00,0.00,0.00,0.00
2026-09-15 00:00:00+00:00,Fundão,0504,0.00,0.00,0.00,0.00,0.00,0.00,0.00,0.00,0.00,0.00,0.00,0.00,0.00,0.00
2026-09-16 00:00:00+00:00,Fundão,0504,0.13,0.23,0.00,0.82,0.02,0.04,0.06,0.01,0.01,0.00,0.04,0.00,0.00,0.00
2026-09-17 00:00:00+00:00,Fundão,0504,0.00,0.00,0.00,0.00,0.00,0.00,0.00,0.00,0.00,0.00,0.00,0.00,0.00,0.00
2026-09-18 00:00:00+00:00,Fundão,0504,0.00,0.00,0.00,0.00,0.00,0.00,0.00,0.00,0.00,0.00,0.00,0.00,0.00,0.00
2026-09-19 00:00:00+00:00,Fundão,0504,0.00,0.00,0.00,0.00,0.00,0.00,0.00,0.00,0.00,0.00,0.00,0.00,0.00,0.00
2026-09-20 00:00:00+00:00,Fundão,0504,0.00,0.00,0.00,0.00,0.00,0.00,0.00,0.00,0.00,0.00,0.00,0.00,0.00,0.00
2026-09-21 00:00:00+00:00,Fundão,0504,0.00,0.00,0.00,0.00,0.00,0.00,0.00,0.00,0.00,0.00,0.00,0.00,0.00,0.00
2026-09-22 00:00:00+00:00,Fundão,0504,0.00,0.00,0.00,0.00,0.00,0.00,0.00,0.00,0.00,0.00,0.00,0.00,0.00,0.00
2026-09-23 00:00:00+00:00,Fundão,0504,0.00,0.00,0.00,0.00,0.00,0.00,0.00,0.00,0.00,0.00,0.00,0.00,0.00,0.00
2026-09-24 00:00:00+00:00,Fundão,0504,0.00,0.00,0.00,0.00,0.00,0.00,0.00,0.00,0.00,0.00,0.00,0.00,0.00,0.00
2026-09-25 00:00:00+00:00,Fundão,0504,0.07,0.07,0.00,0.26,0.02,0.06,0.09,0.00,0.00,0.00,0.00,0.00,0.00,0.00
2026-09-26 00:00:00+00:00,Fundão,0504,0.00,0.00,0.00,0.00,0.00,0.00,0.00,0.00,0.00,0.00,0.00,0.00,0.00,0.00
2026-09-27 00:00:00+00:00,Fundão,0504,0.00,0.00,0.00,0.00,0.00,0.00,0.00,0.00,0.00,0.00,0.00,0.00,0.00,0.00
2026-09-28 00:00:00+00:00,Fundão,0504,5.23,4.16,0.00,28.14,2.06,5.02,7.03,0.29,0.20,0.00,1.07,0.12,0.29,0.42
2026-09-29 00:00:00+00:00,Fundão,0504,3.38,2.21,0.00,9.39,1.55,3.38,4.48,0.49,0.40,0.00,1.60,0.22,0.36,0.65
2026-09-10 00:00:00+00:00,Idanha-a-Nova,0505,0.00,0.00,0.00,0.00,0.00,0.00,0.00,0.00,0.00,0.00,0.00,0.00,0.00,0.00
2026-09-11 00:00:00+00:00,Idanha-a-Nova,0505,0.00,0.00,0.00,0.00,0.00,0.00,0.00,0.00,0.00,0.00,0.00,0.00,0.00,0.00
2026-09-12 00:00:00+00:00,Idanha-a-Nova,0505,0.00,0.00,0.00,0.00,0.00,0.00,0.00,0.00,0.00,0.00,0.00,0.00,0.00,0.00
2026-09-13 00:00:00+00:00,Idanha-a-Nova,0505,0.00,0.00,0.00,0.00,0.00,0.00,0.00,0.00,0.00,0.00,0.00,0.00,0.00,0.00
2026-09-14 00:00:00+00:00,Idanha-a-Nova,0505,0.00,0.00,0.00,0.00,0.00,0.00,0.00,0.00,0.00,0.00,0.00,0.00,0.00,0.00
2026-09-15 00:00:00+00:00,Idanha-a-Nova,0505,0.00,0.00,0.00,0.00,0.00,0.00,0.00,0.00,0.00,0.00,0.00,0.00,0.00,0.00
2026-09-16 00:00:00+00:00,Idanha-a-Nova,0505,0.01,0.02,0.00,0.07,0.00,0.00,0.02,0.00,0.00,0.00,0.00,0.00,0.00,0.00
2026-09-17 00:00:00+00:00,Idanha-a-Nova,0505,0.00,0.00,0.00,0.00,0.00,0.00,0.00,0.00,0.00,0.00,0.00,0.00,0.00,0.00
2026-09-18 00:00:00+00:00,Idanha-a-Nova,0505,0.00,0.00,0.00,0.00,0.00,0.00,0.00,0.00,0.00,0.00,0.00,0.00,0.00,0.00
2026-09-19 00:00:00+00:00,Idanha-a-Nova,0505,0.00,0.00,0.00,0.00,0.00,0.00,0.00,0.00,0.00,0.00,0.00,0.00,0.00,0.00
2026-09-20 00:00:00+00:00,Idanha-a-Nova,0505,0.00,0.00,0.00,0.00,0.00,0.00,0.00,0.00,0.00,0.00,0.00,0.00,0.00,0.00
2026-09-21 00:00:00+00:00,Idanha-a-Nova,0505,0.00,0.00,0.00,0.00,0.00,0.00,0.00,0.00,0.00,0.00,0.00,0.00,0.00,0.00
2026-09-22 00:00:00+00:00,Idanha-a-Nova,0505,0.00,0.00,0.00,0.00,0.00,0.00,0.00,0.00,0.00,0.00,0.00,0.00,0.00,0.00
2026-09-23 00:00:00+00:00,Idanha-a-Nova,0505,0.00,0.00,0.00,0.00,0.00,0.00,0.00,0.00,0.00,0.00,0.00,0.00,0.00,0.00
2026-09-24 00:00:00+00:00,Idanha-a-Nova,0505,0.00,0.00,0.00,0.00,0.00,0.00,0.00,0.00,0.00,0.00,0.00,0.00,0.00,0.00
2026-09-25 00:00:00+00:00,Idanha-a-Nova,0505,0.02,0.04,0.00,0.12,0.00,0.00,0.04,0.00,0.00,0.00,0.00,0.00,0.00,0.00
2026-09-26 00:00:00+00:00,Idanha-a-Nova,0505,0.00,0.00,0.00,0.00,0.00,0.00,0.00,0.00,0.00,0.00,0.00,0.00,0.00,0.00
2026-09-27 00:00:00+00:00,Idanha-a-Nova,0505,0.00,0.00,0.00,0.00,0.00,0.00,0.00,0.00,0.00,0.00,0.00,0.00,0.00,0.00
2026-09-28 00:00:00+00:00,Idanha-a-Nova,0505,12.78,8.00,6.00,56.04,7.63,9.98,14.42,0.81,0.21,0.60,1.86,0.66,0.76,0.85
2026-09-29 00:00:00+00:00,Idanha-a-Nova,0505,5.80,0.31,4.14,6.23,5.73,5.94,5.99,0.29,0.11,0.14,0.66,0.21,0.23,0.36
2026-09-10 00:00:00+00:00,Oleiros,0506,0.00,0.00,0.00,0.00,0.00,0.00,0.00,0.00,0.00,0.00,0.00,0.00,0.00,0.00
2026-09-11 00:00:00+00:00,Oleiros,0506,0.00,0.00,0.00,0.00,0.00,0.00,0.00,0.00,0.00,0.00,0.00,0.00,0.00,0.00
2026-09-12 00:00:00+00:00,Oleiros,0506,0.00,0.00,0.00,0.00,0.00,0.00,0.00,0.00,0.00,0.00,0.00,0.00,0.00,0.00
2026-09-13 00:00:00+00:00,Oleiros,0506,0.00,0.00,0.00,0.00,0.00,0.00,0.00,0.00,0.00,0.00,0.00,0.00,0.00,0.00
2026-09-14 00:00:00+00:00,Oleiros,0506,0.00,0.00,0.00,0.00,0.00,0.00,0.00,0.00,0.00,0.00,0.00,0.00,0.00,0.00
2026-09-15 00:00:00+00:00,Oleiros,0506,0.00,0.00,0.00,0.00,0.00,0.00,0.00,0.00,0.00,0.00,0.00,0.00,0.00,0.00
2026-09-16 00:00:00+00:00,Oleiros,0506,0.90,0.38,0.13,1.92,0.64,0.83,1.09,0.05,0.02,0.01,0.11,0.04,0.05,0.06
2026-09-17 00:00:00+00:00,Oleiros,0506,0.00,0.00,0.00,0.00,0.00,0.00,0.00,0.00,0.00,0.00,0.00,0.00,0.00,0.00
2026-09-18 00:00:00+00:00,Oleiros,0506,0.00,0.00,0.00,0.00,0.00,0.00,0.00,0.00,0.00,0.00,0.00,0.00,0.00,0.00
2026-09-19 00:00:00+00:00,Oleiros,0506,0.00,0.00,0.00,0.00,0.00,0.00,0.00,0.00,0.00,0.00,0.00,0.00,0.00,0.00
2026-09-20 00:00:00+00:00,Oleiros,0506,0.00,0.00,0.00,0.00,0.00,0.00,0.00,0.00,0.00,0.00,0.00,0.00,0.00,0.00
2026-09-21 00:00:00+00:00,Oleiros,0506,0.00,0.00,0.00,0.00,0.00,0.00,0.00,0.00,0.00,0.00,0.00,0.00,0.00,0.00
2026-09-22 00:00:00+00:00,Oleiros,0506,0.00,0.00,0.00,0.00,0.00,0.00,0.00,0.00,0.00,0.00,0.00,0.00,0.00,0.00
2026-09-23 00:00:00+00:00,Oleiros,0506,0.00,0.00,0.00,0.00,0.00,0.00,0.00,0.00,0.00,0.00,0.00,0.00,0.00,0.00
2026-09-24 00:00:00+00:00,Oleiros,0506,0.00,0.00,0.00,0.00,0.00,0.00,0.00,0.00,0.00,0.00,0.00,0.00,0.00,0.00
2026-09-25 00:00:00+00:00,Oleiros,0506,0.04,0.07,0.00,0.21,0.00,0.00,0.00,0.00,0.00,0.00,0.00,0.00,0.00,0.00
2026-09-26 00:00:00+00:00,Oleiros,0506,0.09,0.08,0.00,0.33,0.00,0.10,0.14,0.00,0.00,0.00,0.01,0.00,0.00,0.00
2026-09-27 00:00:00+00:00,Oleiros,0506,0.00,0.00,0.00,0.00,0.00,0.00,0.00,0.00,0.00,0.00,0.00,0.00,0.00,0.00
2026-09-28 00:00:00+00:00,Oleiros,0506,7.16,4.47,1.07,24.47,4.00,5.99,9.60,0.25,0.17,0.04,0.87,0.13,0.19,0.34
2026-09-29 00:00:00+00:00,Oleiros,0506,3.13,0.98,0.40,5.01,2.59,3.38,3.80,0.14,0.07,0.01,0.33,0.10,0.13,0.18
2026-09-10 00:00:00+00:00,Penamacor,0507,0.00,0.00,0.00,0.00,0.00,0.00,0.00,0.00,0.00,0.00,0.00,0.00,0.00,0.00
2026-09-11 00:00:00+00:00,Penamacor,0507,0.00,0.00,0.00,0.00,0.00,0.00,0.00,0.00,0.00,0.00,0.00,0.00,0.00,0.00
2026-09-12 00:00:00+00:00,Penamacor,0507,0.00,0.00,0.00,0.00,0.00,0.00,0.00,0.00,0.00,0.00,0.00,0.00,0.00,0.00
2026-09-13 00:00:00+00:00,Penamacor,0507,0.00,0.00,0.00,0.00,0.00,0.00,0.00,0.00,0.00,0.00,0.00,0.00,0.00,0.00
2026-09-14 00:00:00+00:00,Penamacor,0507,0.00,0.00,0.00,0.00,0.00,0.00,0.00,0.00,0.00,0.00,0.00,0.00,0.00,0.00
2026-09-15 00:00:00+00:00,Penamacor,0507,0.00,0.00,0.00,0.00,0.00,0.00,0.00,0.00,0.00,0.00,0.00,0.00,0.00,0.00
2026-09-16 00:00:00+00:00,Penamacor,0507,0.02,0.03,0.00,0.07,0.00,0.00,0.06,0.00,0.00,0.00,0.00,0.00,0.00,0.00
2026-09-17 00:00:00+00:00,Penamacor,0507,0.00,0.00,0.00,0.00,0.00,0.00,0.00,0.00,0.00,0.00,0.00,0.00,0.00,0.00
2026-09-18 00:00:00+00:00,Penamacor,0507,0.00,0.00,0.00,0.00,0.00,0.00,0.00,0.00,0.00,0.00,0.00,0.00,0.00,0.00
2026-09-19 00:00:00+00:00,Penamacor,0507,0.00,0.00,0.00,0.00,0.00,0.00,0.00,0.00,0.00,0.00,0.00,0.00,0.00,0.00
2026-09-20 00:00:00+00:00,Penamacor,0507,0.00,0.00,0.00,0.00,0.00,0.00,0.00,0.00,0.00,0.00,0.00,0.00,0.00,0.00
2026-09-21 00:00:00+00:00,Penamacor,0507,0.00,0.00,0.00,0.00,0.00,0.00,0.00,0.00,0.00,0.00,0.00,0.00,0.00,0.00
2026-09-22 00:00:00+00:00,Penamacor,0507,0.00,0.00,0.00,0.00,0.00,0.00,0.00,0.00,0.00,0.00,0.00,0.00,0.00,0.00
2026-09-23 00:00:00+00:00,Penamacor,0507,0.00,0.00,0.00,0.00,0.00,0.00,0.00,0.00,0.00,0.00,0.00,0.00,0.00,0.00
2026-09-24 00:00:00+00:00,Penamacor,0507,0.00,0.00,0.00,0.00,0.00,0.00,0.00,0.00,0.00,0.00,0.00,0.00,0.00,0.00
2026-09-25 00:00:00+00:00,Penamacor,0507,0.08,0.04,0.00,0.13,0.05,0.10,0.11,0.00,0.00,0.00,0.00,0.00,0.00,0.00
2026-09-26 00:00:00+00:00,Penamacor,0507,0.00,0.00,0.00,0.00,0.00,0.00,0.00,0.00,0.00,0.00,0.00,0.00,0.00,0.00
2026-09-27 00:00:00+00:00,Penamacor,0507,0.00,0.00,0.00,0.00,0.00,0.00,0.00,0.00,0.00,0.00,0.00,0.00,0.00,0.00
2026-09-28 00:00:00+00:00,Penamacor,0507,8.58,1.26,6.24,12.44,7.74,8.42,9.61,0.64,0.15,0.25,0.80,0.58,0.70,0.75
2026-09-29 00:00:00+00:00,Penamacor,0507,6.18,0.41,4.43,7.19,6.08,6.23,6.36,0.61,0.25,0.14,1.37,0.48,0.61,0.76
2026-09-10 00:00:00+00:00,Proença-a-Nova,0508,0.00,0.00,0.00,0.00,0.00,0.00,0.00,0.00,0.00,0.00,0.00,0.00,0.00,0.00
2026-09-11 00:00:00+00:00,Proença-a-Nova,0508,0.00,0.00,0.00,0.00,0.00,0.00,0.00,0.00,0.00,0.00,0.00,0.00,0.00,0.00
2026-09-12 00:00:00+00:00,Proença-a-Nova,0508,0.00,0.00,0.00,0.00,0.00,0.00,0.00,0.00,0.00,0.00,0.00,0.00,0.00,0.00
2026-09-13 00:00:00+00:00,Proença-a-Nova,0508,0.00,0.00,0.00,0.00,0.00,0.00,0.00,0.00,0.00,0.00,0.00,0.00,0.00,0.00
2026-09-14 00:00:00+00:00,Proença-a-Nova,0508,0.00,0.00,0.00,0.00,0.00,0.00,0.00,0.00,0.00,0.00,0.00,0.00,0.00,0.00
2026-09-15 00:00:00+00:00,Proença-a-Nova,0508,0.00,0.00,0.00,0.00,0.00,0.00,0.00,0.00,0.00,0.00,0.00,0.00,0.00,0.00
2026-09-16 00:00:00+00:00,Proença-a-Nova,0508,0.06,0.07,0.00,0.34,0.01,0.03,0.07,0.00,0.00,0.00,0.02,0.00,0.00,0.00
2026-09-17 00:00:00+00:00,Proença-a-Nova,0508,0.00,0.00,0.00,0.00,0.00,0.00,0.00,0.00,0.00,0.00,0.00,0.00,0.00,0.00
2026-09-18 00:00:00+00:00,Proença-a-Nova,0508,0.00,0.00,0.00,0.00,0.00,0.00,0.00,0.00,0.00,0.00,0.00,0.00,0.00,0.00
2026-09-19 00:00:00+00:00,Proença-a-Nova,0508,0.00,0.00,0.00,0.00,0.00,0.00,0.00,0.00,0.00,0.00,0.00,0.00,0.00,0.00
2026-09-20 00:00:00+00:00,Proença-a-Nova,0508,0.00,0.00,0.00,0.00,0.00,0.00,0.00,0.00,0.00,0.00,0.00,0.00,0.00,0.00
2026-09-21 00:00:00+00:00,Proença-a-Nova,0508,0.00,0.00,0.00,0.00,0.00,0.00,0.00,0.00,0.00,0.00,0.00,0.00,0.00,0.00
2026-09-22 00:00:00+00:00,Proença-a-Nova,0508,0.00,0.00,0.00,0.00,0.00,0.00,0.00,0.00,0.00,0.00,0.00,0.00,0.00,0.00
2026-09-23 00:00:00+00:00,Proença-a-Nova,0508,0.00,0.00,0.00,0.00,0.00,0.00,0.00,0.00,0.00,0.00,0.00,0.00,0.00,0.00
2026-09-24 00:00:00+00:00,Proença-a-Nova,0508,0.00,0.00,0.00,0.03,0.00,0.00,0.00,0.00,0.00,0.00,0.00,0.00,0.00,0.00
2026-09-25 00:00:00+00:00,Proença-a-Nova,0508,0.00,0.00,0.00,0.00,0.00,0.00,0.00,0.00,0.00,0.00,0.00,0.00,0.00,0.00
2026-09-26 00:00:00+00:00,Proença-a-Nova,0508,0.01,0.01,0.00,0.05,0.00,0.00,0.01,0.00,0.00,0.00,0.00,0.00,0.00,0.00
2026-09-27 00:00:00+00:00,Proença-a-Nova,0508,0.00,0.00,0.00,0.00,0.00,0.00,0.00,0.00,0.00,0.00,0.00,0.00,0.00,0.00
2026-09-28 00:00:00+00:00,Proença-a-Nova,0508,1.71,2.14,0.00,10.62,0.27,0.76,2.39,0.06,0.08,0.00,0.34,0.01,0.03,0.09
2026-09-29 00:00:00+00:00,Proença-a-Nova,0508,0.31,0.35,0.00,1.82,0.06,0.18,0.41,0.01,0.01,0.00,0.08,0.00,0.00,0.01
2026-09-10 00:00:00+00:00,Sertã,0509,0.00,0.01,0.00,0.06,0.00,0.00,0.00,0.00,0.00,0.00,0.00,0.00,0.00,0.00
2026-09-11 00:00:00+00:00,Sertã,0509,0.00,0.00,0.00,0.00,0.00,0.00,0.00,0.00,0.00,0.00,0.00,0.00,0.00,0.00
2026-09-12 00:00:00+00:00,Sertã,0509,0.00,0.01,0.00,0.06,0.00,0.00,0.00,0.00,0.00,0.00,0.00,0.00,0.00,0.00
2026-09-13 00:00:00+00:00,Sertã,0509,0.00,0.00,0.00,0.00,0.00,0.00,0.00,0.00,0.00,0.00,0.00,0.00,0.00,0.00
2026-09-14 00:00:00+00:00,Sertã,0509,0.00,0.00,0.00,0.00,0.00,0.00,0.00,0.00,0.00,0.00,0.00,0.00,0.00,0.00
2026-09-15 00:00:00+00:00,Sertã,0509,0.00,0.00,0.00,0.00,0.00,0.00,0.00,0.00,0.00,0.00,0.00,0.00,0.00,0.00
2026-09-16 00:00:00+00:00,Sertã,0509,0.83,0.36,0.13,1.81,0.59,0.78,1.04,0.05,0.02,0.01,0.10,0.03,0.04,0.06
2026-09-17 00:00:00+00:00,Sertã,0509,0.00,0.00,0.00,0.00,0.00,0.00,0.00,0.00,0.00,0.00,0.00,0.00,0.00,0.00
2026-09-18 00:00:00+00:00,Sertã,0509,0.00,0.00,0.00,0.00,0.00,0.00,0.00,0.00,0.00,0.00,0.00,0.00,0.00,0.00
2026-09-19 00:00:00+00:00,Sertã,0509,0.00,0.00,0.00,0.00,0.00,0.00,0.00,0.00,0.00,0.00,0.00,0.00,0.00,0.00
2026-09-20 00:00:00+00:00,Sertã,0509,0.00,0.00,0.00,0.00,0.00,0.00,0.00,0.00,0.00,0.00,0.00,0.00,0.00,0.00
2026-09-21 00:00:00+00:00,Sertã,0509,0.00,0.00,0.00,0.00,0.00,0.00,0.00,0.00,0.00,0.00,0.00,0.00,0.00,0.00
2026-09-22 00:00:00+00:00,Sertã,0509,0.00,0.00,0.00,0.00,0.00,0.00,0.00,0.00,0.00,0.00,0.00,0.00,0.00,0.00
2026-09-23 00:00:00+00:00,Sertã,0509,0.00,0.00,0.00,0.00,0.00,0.00,0.00,0.00,0.00,0.00,0.00,0.00,0.00,0.00
2026-09-24 00:00:00+00:00,Sertã,0509,0.12,0.11,0.00,0.36,0.00,0.09,0.26,0.00,0.00,0.00,0.01,0.00,0.00,0.00
2026-09-25 00:00:00+00:00,Sertã,0509,0.00,0.01,0.00,0.06,0.00,0.00,0.00,0.00,0.00,0.00,0.00,0.00,0.00,0.00
2026-09-26 00:00:00+00:00,Sertã,0509,0.18,0.08,0.02,0.37,0.12,0.19,0.24,0.00,0.00,0.00,0.01,0.00,0.00,0.00
2026-09-27 00:00:00+00:00,Sertã,0509,0.00,0.00,0.00,0.00,0.00,0.00,0.00,0.00,0.00,0.00,0.00,0.00,0.00,0.00
2026-09-28 00:00:00+00:00,Sertã,0509,1.09,0.78,0.23,3.22,0.43,0.77,1.66,0.04,0.02,0.01,0.10,0.01,0.03,0.05
2026-09-29 00:00:00+00:00,Sertã,0509,3.00,1.36,0.35,5.86,1.92,3.14,4.01,0.10,0.05,0.01,0.19,0.05,0.11,0.15
2026-09-10 00:00:00+00:00,Vila de Rei,0510,0.00,0.00,0.00,0.00,0.00,0.00,0.00,0.00,0.00,0.00,0.00,0.00,0.00,0.00
2026-09-11 00:00:00+00:00,Vila de Rei,0510,0.00,0.00,0.00,0.00,0.00,0.00,0.00,0.00,0.00,0.00,0.00,0.00,0.00,0.00
2026-09-12 00:00:00+00:00,Vila de Rei,0510,0.00,0.00,0.00,0.00,0.00,0.00,0.00,0.00,0.00,0.00,0.00,0.00,0.00,0.00
2026-09-13 00:00:00+00:00,Vila de Rei,0510,0.00,0.00,0.00,0.00,0.00,0.00,0.00,0.00,0.00,0.00,0.00,0.00,0.00,0.00
2026-09-14 00:00:00+00:00,Vila de Rei,0510,0.00,0.00,0.00,0.00,0.00,0.00,0.00,0.00,0.00,0.00,0.00,0.00,0.00,0.00
2026-09-15 00:00:00+00:00,Vila de Rei,0510,0.00,0.00,0.00,0.00,0.00,0.00,0.00,0.00,0.00,0.00,0.00,0.00,0.00,0.00
2026-09-16 00:00:00+00:00,Vila de Rei,0510,0.37,0.12,0.18,0.68,0.29,0.36,0.46,0.02,0.01,0.00,0.04,0.02,0.02,0.03
2026-09-17 00:00:00+00:00,Vila de Rei,0510,0.00,0.00,0.00,0.00,0.00,0.00,0.00,0.00,0.00,0.00,0.00,0.00,0.00,0.00
2026-09-18 00:00:00+00:00,Vila de Rei,0510,0.00,0.00,0.00,0.00,0.00,0.00,0.00,0.00,0.00,0.00,0.00,0.00,0.00,0.00
2026-09-19 00:00:00+00:00,Vila de Rei,0510,0.00,0.00,0.00,0.00,0.00,0.00,0.00,0.00,0.00,0.00,0.00,0.00,0.00,0.00
2026-09-20 00:00:00+00:00,Vila de Rei,0510,0.00,0.00,0.00,0.00,0.00,0.00,0.00,0.00,0.00,0.00,0.00,0.00,0.00,0.00
2026-09-21 00:00:00+00:00,Vila de Rei,0510,0.00,0.00,0.00,0.00,0.00,0.00,0.00,0.00,0.00,0.00,0.00,0.00,0.00,0.00
2026-09-22 00:00:00+00:00,Vila de Rei,0510,0.00,0.00,0.00,0.00,0.00,0.00,0.00,0.00,0.00,0.00,0.00,0.00,0.00,0.00
2026-09-23 00:00:00+00:00,Vila de Rei,0510,0.00,0.00,0.00,0.00,0.00,0.00,0.00,0.00,0.00,0.00,0.00,0.00,0.00,0.00
2026-09-24 00:00:00+00:00,Vila de Rei,0510,0.10,0.05,0.05,0.28,0.08,0.09,0.11,0.00,0.00,0.00,0.00,0.00,0.00,0.00
2026-09-25 00:00:00+00:00,Vila de Rei,0510,0.00,0.00,0.00,0.00,0.00,0.00,0.00,0.00,0.00,0.00,0.00,0.00,0.00,0.00
2026-09-26 00:00:00+00:00,Vila de Rei,0510,0.09,0.03,0.05,0.17,0.07,0.09,0.11,0.00,0.00,0.00,0.00,0.00,0.00,0.00
2026-09-27 00:00:00+00:00,Vila de Rei,0510,0.00,0.00,0.00,0.00,0.00,0.00,0.00,0.00,0.00,0.00,0.00,0.00,0.00,0.00
2026-09-28 00:00:00+00:00,Vila de Rei,0510,0.94,0.49,0.17,1.57,0.36,1.11,1.39,0.03,0.02,0.01,0.08,0.01,0.04,0.04
2026-09-29 00:00:00+00:00,Vila de Rei,0510,3.59,1.16,1.29,5.54,2.61,3.71,4.63,0.08,0.03,0.03,0.15,0.06,0.08,0.10
2026-09-10 00:00:00+00:00,Vila Velha de Ródão,0511,0.00,0.00,0.00,0.00,0.00,0.00,0.00,0.00,0.00,0.00,0.00,0.00,0.00,0.00
2026-09-11 00:00:00+00:00,Vila Velha de Ródão,0511,0.00,0.00,0.00,0.00,0.00,0.00,0.00,0.00,0.00,0.00,0.00,0.00,0.00,0.00
2026-09-12 00:00:00+00:00,Vila Velha de Ródão,0511,0.00,0.00,0.00,0.00,0.00,0.00,0.00,0.00,0.00,0.00,0.00,0.00,0.00,0.00
2026-09-13 00:00:00+00:00,Vila Velha de Ródão,0511,0.00,0.00,0.00,0.00,0.00,0.00,0.00,0.00,0.00,0.00,0.00,0.00,0.00,0.00
2026-09-14 00:00:00+00:00,Vila Velha de Ródão,0511,0.00,0.00,0.00,0.00,0.00,0.00,0.00,0.00,0.00,0.00,0.00,0.00,0.00,0.00
2026-09-15 00:00:00+00:00,Vila Velha de Ródão,0511,0.00,0.00,0.00,0.00,0.00,0.00,0.00,0.00,0.00,0.00,0.00,0.00,0.00,0.00
2026-09-16 00:00:00+00:00,Vila Velha de Ródão,0511,0.04,0.03,0.00,0.11,0.02,0.04,0.05,0.00,0.00,0.00,0.00,0.00,0.00,0.00
2026-09-17 00:00:00+00:00,Vila Velha de Ródão,0511,0.00,0.00,0.00,0.00,0.00,0.00,0.00,0.00,0.00,0.00,0.00,0.00,0.00,0.00
2026-09-18 00:00:00+00:00,Vila Velha de Ródão,0511,0.00,0.00,0.00,0.00,0.00,0.00,0.00,0.00,0.00,0.00,0.00,0.00,0.00,0.00
2026-09-19 00:00:00+00:00,Vila Velha de Ródão,0511,0.00,0.00,0.00,0.00,0.00,0.00,0.00,0.00,0.00,0.00,0.00,0.00,0.00,0.00
2026-09-20 00:00:00+00:00,Vila Velha de Ródão,0511,0.00,0.00,0.00,0.00,0.00,0.00,0.00,0.00,0.00,0.00,0.00,0.00,0.00,0.00
2026-09-21 00:00:00+00:00,Vila Velha de Ródão,0511,0.00,0.00,0.00,0.00,0.00,0.00,0.00,0.00,0.00,0.00,0.00,0.00,0.00,0.00
2026-09-22 00:00:00+00:00,Vila Velha de Ródão,0511,0.00,0.00,0.00,0.00,0.00,0.00,0.00,0.00,0.00,0.00,0.00,0.00,0.00,0.00
2026-09-23 00:00:00+00:00,Vila Velha de Ródão,0511,0.00,0.00,0.00,0.00,0.00,0.00,0.00,0.00,0.00,0.00,0.00,0.00,0.00,0.00
2026-09-24 00:00:00+00:00,Vila Velha de Ródão,0511,0.00,0.00,0.00,0.00,0.00,0.00,0.00,0.00,0.00,0.00,0.00,0.00,0.00,0.00
2026-09-25 00:00:00+00:00,Vila Velha de Ródão,0511,0.00,0.00,0.00,0.00,0.00,0.00,0.00,0.00,0.00,0.00,0.00,0.00,0.00,0.00
2026-09-26 00:00:00+00:00,Vila Velha de Ródão,0511,0.00,0.00,0.00,0.00,0.00,0.00,0.00,0.00,0.00,0.00,0.00,0.00,0.00,0.00
2026-09-27 00:00:00+00:00,Vila Velha de Ródão,0511,0.00,0.00,0.00,0.00,0.00,0.00,0.00,0.00,0.00,0.00,0.00,0.00,0.00,0.00
2026-09-28 00:00:00+00:00,Vila Velha de Ródão,0511,24.05,16.80,2.38,58.42,7.56,21.55,39.13,0.88,0.55,0.10,1.92,0.36,0.85,1.38
2026-09-29 00:00:00+00:00,Vila Velha de Ródão,0511,2.46,1.59,0.30,5.57,0.84,2.29,3.90,0.06,0.04,0.01,0.12,0.02,0.06,0.09
2026-09-10 00:00:00+00:00,Arganil,0601,0.00,0.01,0.00,0.06,0.00,0.00,0.00,0.00,0.00,0.00,0.00,0.00,0.00,0.00
2026-09-11 00:00:00+00:00,Arganil,0601,0.00,0.00,0.00,0.00,0.00,0.00,0.00,0.00,0.00,0.00,0.00,0.00,0.00,0.00
2026-09-12 00:00:00+00:00,Arganil,0601,0.00,0.00,0.00,0.00,0.00,0.00,0.00,0.00,0.00,0.00,0.00,0.00,0.00,0.00
2026-09-13 00:00:00+00:00,Arganil,0601,0.00,0.00,0.00,0.00,0.00,0.00,0.00,0.00,0.00,0.00,0.00,0.00,0.00,0.00
2026-09-14 00:00:00+00:00,Arganil,0601,0.00,0.00,0.00,0.00,0.00,0.00,0.00,0.00,0.00,0.00,0.00,0.00,0.00,0.00
2026-09-15 00:00:00+00:00,Arganil,0601,0.00,0.00,0.00,0.00,0.00,0.00,0.00,0.00,0.00,0.00,0.00,0.00,0.00,0.00
2026-09-16 00:00:00+00:00,Arganil,0601,2.92,1.55,0.07,5.60,1.72,2.91,4.06,0.12,0.10,0.00,0.66,0.06,0.09,0.14
2026-09-17 00:00:00+00:00,Arganil,0601,0.00,0.00,0.00,0.00,0.00,0.00,0.00,0.00,0.00,0.00,0.00,0.00,0.00,0.00
2026-09-18 00:00:00+00:00,Arganil,0601,0.00,0.00,0.00,0.00,0.00,0.00,0.00,0.00,0.00,0.00,0.00,0.00,0.00,0.00
2026-09-19 00:00:00+00:00,Arganil,0601,0.00,0.00,0.00,0.00,0.00,0.00,0.00,0.00,0.00,0.00,0.00,0.00,0.00,0.00
2026-09-20 00:00:00+00:00,Arganil,0601,0.00,0.00,0.00,0.00,0.00,0.00,0.00,0.00,0.00,0.00,0.00,0.00,0.00,0.00
2026-09-21 00:00:00+00:00,Arganil,0601,0.00,0.00,0.00,0.00,0.00,0.00,0.00,0.00,0.00,0.00,0.00,0.00,0.00,0.00
2026-09-22 00:00:00+00:00,Arganil,0601,0.00,0.00,0.00,0.00,0.00,0.00,0.00,0.00,0.00,0.00,0.00,0.00,0.00,0.00
2026-09-23 00:00:00+00:00,Arganil,0601,0.00,0.00,0.00,0.00,0.00,0.00,0.00,0.00,0.00,0.00,0.00,0.00,0.00,0.00
2026-09-24 00:00:00+00:00,Arganil,0601,0.01,0.03,0.00,0.15,0.00,0.00,0.00,0.00,0.00,0.00,0.00,0.00,0.00,0.00
2026-09-25 00:00:00+00:00,Arganil,0601,0.38,0.29,0.00,1.49,0.17,0.32,0.53,0.00,0.00,0.00,0.01,0.00,0.00,0.00
2026-09-26 00:00:00+00:00,Arganil,0601,0.13,0.13,0.00,0.49,0.03,0.08,0.22,0.00,0.00,0.00,0.01,0.00,0.00,0.00
2026-09-27 00:00:00+00:00,Arganil,0601,0.00,0.00,0.00,0.00,0.00,0.00,0.00,0.00,0.00,0.00,0.00,0.00,0.00,0.00
2026-09-28 00:00:00+00:00,Arganil,0601,1.77,1.73,0.00,5.91,0.28,1.05,3.14,0.08,0.08,0.00,0.33,0.01,0.04,0.15
2026-09-29 00:00:00+00:00,Arganil,0601,3.34,1.87,0.00,6.25,1.80,3.76,4.85,0.22,0.17,0.00,0.59,0.09,0.15,0.36
2026-09-10 00:00:00+00:00,Cantanhede,0602,2.28,1.65,0.04,5.51,0.64,2.17,3.68,0.04,0.03,0.00,0.09,0.01,0.04,0.06
2026-09-11 00:00:00+00:00,Cantanhede,0602,0.00,0.00,0.00,0.00,0.00,0.00,0.00,0.00,0.00,0.00,0.00,0.00,0.00,0.00
2026-09-12 00:00:00+00:00,Cantanhede,0602,0.01,0.01,0.00,0.04,0.00,0.00,0.00,0.00,0.00,0.00,0.00,0.00,0.00,0.00
2026-09-13 00:00:00+00:00,Cantanhede,0602,0.00,0.00,0.00,0.00,0.00,0.00,0.00,0.00,0.00,0.00,0.00,0.00,0.00,0.00
2026-09-14 00:00:00+00:00,Cantanhede,0602,0.00,0.00,0.00,0.00,0.00,0.00,0.00,0.00,0.00,0.00,0.00,0.00,0.00,0.00
2026-09-15 00:00:00+00:00,Cantanhede,0602,0.00,0.00,0.00,0.00,0.00,0.00,0.00,0.00,0.00,0.00,0.00,0.00,0.00,0.00
2026-09-16 00:00:00+00:00,Cantanhede,0602,0.07,0.06,0.00,0.28,0.03,0.05,0.11,0.01,0.00,0.00,0.02,0.00,0.01,0.01
2026-09-17 00:00:00+00:00,Cantanhede,0602,0.00,0.00,0.00,0.00,0.00,0.00,0.00,0.00,0.00,0.00,0.00,0.00,0.00,0.00
2026-09-18 00:00:00+00:00,Cantanhede,0602,0.00,0.00,0.00,0.00,0.00,0.00,0.00,0.00,0.00,0.00,0.00,0.00,0.00,0.00
2026-09-19 00:00:00+00:00,Cantanhede,0602,0.00,0.00,0.00,0.00,0.00,0.00,0.00,0.00,0.00,0.00,0.00,0.00,0.00,0.00
2026-09-20 00:00:00+00:00,Cantanhede,0602,0.00,0.00,0.00,0.00,0.00,0.00,0.00,0.00,0.00,0.00,0.00,0.00,0.00,0.00
2026-09-21 00:00:00+00:00,Cantanhede,0602,0.00,0.00,0.00,0.00,0.00,0.00,0.00,0.00,0.00,0.00,0.00,0.00,0.00,0.00
2026-09-22 00:00:00+00:00,Cantanhede,0602,0.00,0.00,0.00,0.00,0.00,0.00,0.00,0.00,0.00,0.00,0.00,0.00,0.00,0.00
2026-09-23 00:00:00+00:00,Cantanhede,0602,4.12,1.18,0.34,5.60,3.60,4.45,4.97,0.07,0.02,0.01,0.10,0.06,0.08,0.09
2026-09-24 00:00:00+00:00,Cantanhede,0602,3.03,1.93,0.15,6.18,1.17,2.88,5.02,0.13,0.09,0.00,0.28,0.04,0.12,0.21
2026-09-25 00:00:00+00:00,Cantanhede,0602,2.31,1.64,0.05,5.51,0.69,2.23,3.70,0.04,0.03,0.00,0.09,0.01,0.04,0.06
2026-09-26 00:00:00+00:00,Cantanhede,0602,2.71,1.46,0.16,5.56,1.45,2.52,3.92,0.05,0.02,0.00,0.09,0.03,0.05,0.07
2026-09-27 00:00:00+00:00,Cantanhede,0602,0.00,0.00,0.00,0.00,0.00,0.00,0.00,0.00,0.00,0.00,0.00,0.00,0.00,0.00
2026-09-28 00:00:00+00:00,Cantanhede,0602,6.44,1.62,1.85,10.86,5.53,5.82,7.24,0.27,0.03,0.08,0.30,0.26,0.28,0.29
2026-09-29 00:00:00+00:00,Cantanhede,0602,18.67,4.09,11.18,38.73,16.91,17.54,19.15,2.84,1.28,1.29,9.66,2.27,2.54,2.86
2026-09-10 00:00:00+00:00,Coimbra,0603,0.03,0.06,0.00,0.41,0.00,0.01,0.04,0.00,0.00,0.00,0.01,0.00,0.00,0.00
2026-09-11 00:00:00+00:00,Coimbra,0603,0.00,0.00,0.00,0.00,0.00,0.00,0.00,0.00,0.00,0.00,0.00,0.00,0.00,0.00
2026-09-12 00:00:00+00:00,Coimbra,0603,0.00,0.00,0.00,0.01,0.00,0.00,0.00,0.00,0.00,0.00,0.00,0.00,0.00,0.00
2026-09-13 00:00:00+00:00,Coimbra,0603,0.00,0.00,0.00,0.00,0.00,0.00,0.00,0.00,0.00,0.00,0.00,0.00,0.00,0.00
2026-09-14 00:00:00+00:00,Coimbra,0603,0.00,0.00,0.00,0.00,0.00,0.00,0.00,0.00,0.00,0.00,0.00,0.00,0.00,0.00
2026-09-15 00:00:00+00:00,Coimbra,0603,0.00,0.00,0.00,0.00,0.00,0.00,0.00,0.00,0.00,0.00,0.00,0.00,0.00,0.00
2026-09-16 00:00:00+00:00,Coimbra,0603,0.31,0.39,0.00,3.32,0.08,0.22,0.34,0.03,0.05,0.00,0.47,0.01,0.02,0.03
2026-09-17 00:00:00+00:00,Coimbra,0603,0.00,0.00,0.00,0.00,0.00,0.00,0.00,0.00,0.00,0.00,0.00,0.00,0.00,0.00
2026-09-18 00:00:00+00:00,Coimbra,0603,0.00,0.00,0.00,0.00,0.00,0.00,0.00,0.00,0.00,0.00,0.00,0.00,0.00,0.00
2026-09-19 00:00:00+00:00,Coimbra,0603,0.00,0.00,0.00,0.00,0.00,0.00,0.00,0.00,0.00,0.00,0.00,0.00,0.00,0.00
2026-09-20 00:00:00+00:00,Coimbra,0603,0.00,0.00,0.00,0.00,0.00,0.00,0.00,0.00,0.00,0.00,0.00,0.00,0.00,0.00
2026-09-21 00:00:00+00:00,Coimbra,0603,0.00,0.00,0.00,0.00,0.00,0.00,0.00,0.00,0.00,0.00,0.00,0.00,0.00,0.00
2026-09-22 00:00:00+00:00,Coimbra,0603,0.00,0.00,0.00,0.00,0.00,0.00,0.00,0.00,0.00,0.00,0.00,0.00,0.00,0.00
2026-09-23 00:00:00+00:00,Coimbra,0603,0.26,0.57,0.00,4.21,0.01,0.04,0.26,0.00,0.01,0.00,0.07,0.00,0.00,0.00
2026-09-24 00:00:00+00:00,Coimbra,0603,0.11,0.19,0.00,1.24,0.01,0.04,0.14,0.00,0.01,0.00,0.03,0.00,0.00,0.00
2026-09-25 00:00:00+00:00,Coimbra,0603,0.04,0.07,0.00,0.45,0.00,0.01,0.05,0.00,0.00,0.00,0.01,0.00,0.00,0.00
2026-09-26 00:00:00+00:00,Coimbra,0603,1.59,1.64,0.00,6.00,0.43,0.77,2.17,0.03,0.03,0.00,0.10,0.02,0.02,0.05
2026-09-27 00:00:00+00:00,Coimbra,0603,0.00,0.00,0.00,0.00,0.00,0.00,0.00,0.00,0.00,0.00,0.00,0.00,0.00,0.00
2026-09-28 00:00:00+00:00,Coimbra,0603,2.15,1.70,0.00,6.00,0.58,1.87,3.38,0.09,0.07,0.00,0.28,0.02,0.07,0.14
2026-09-29 00:00:00+00:00,Coimbra,0603,10.27,5.79,0.04,32.37,6.61,10.47,11.76,1.70,1.74,0.11,9.78,0.66,1.21,1.93
2026-09-10 00:00:00+00:00,Condeixa-a-Nova,0604,0.04,0.03,0.00,0.10,0.02,0.03,0.06,0.00,0.00,0.00,0.00,0.00,0.00,0.00
2026-09-11 00:00:00+00:00,Condeixa-a-Nova,0604,0.00,0.00,0.00,0.00,0.00,0.00,0.00,0.00,0.00,0.00,0.00,0.00,0.00,0.00
2026-09-12 00:00:00+00:00,Condeixa-a-Nova,0604,0.01,0.01,0.00,0.04,0.00,0.01,0.02,0.00,0.00,0.00,0.00,0.00,0.00,0.00
2026-09-13 00:00:00+00:00,Condeixa-a-Nova,0604,0.00,0.00,0.00,0.00,0.00,0.00,0.00,0.00,0.00,0.00,0.00,0.00,0.00,0.00
2026-09-14 00:00:00+00:00,Condeixa-a-Nova,0604,0.00,0.00,0.00,0.00,0.00,0.00,0.00,0.00,0.00,0.00,0.00,0.00,0.00,0.00
2026-09-15 00:00:00+00:00,Condeixa-a-Nova,0604,0.00,0.00,0.00,0.00,0.00,0.00,0.00,0.00,0.00,0.00,0.00,0.00,0.00,0.00
2026-09-16 00:00:00+00:00,Condeixa-a-Nova,0604,2.46,1.81,0.03,5.95,0.94,2.01,3.93,0.05,0.03,0.00,0.10,0.03,0.05,0.07
2026-09-17 00:00:00+00:00,Condeixa-a-Nova,0604,0.00,0.00,0.00,0.00,0.00,0.00,0.00,0.00,0.00,0.00,0.00,0.00,0.00,0.00
2026-09-18 00:00:00+00:00,Condeixa-a-Nova,0604,0.00,0.00,0.00,0.00,0.00,0.00,0.00,0.00,0.00,0.00,0.00,0.00,0.00,0.00
2026-09-19 00:00:00+00:00,Condeixa-a-Nova,0604,0.00,0.00,0.00,0.00,0.00,0.00,0.00,0.00,0.00,0.00,0.00,0.00,0.00,0.00
2026-09-20 00:00:00+00:00,Condeixa-a-Nova,0604,0.00,0.00,0.00,0.00,0.00,0.00,0.00,0.00,0.00,0.00,0.00,0.00,0.00,0.00
2026-09-21 00:00:00+00:00,Condeixa-a-Nova,0604,0.00,0.00,0.00,0.00,0.00,0.00,0.00,0.00,0.00,0.00,0.00,0.00,0.00,0.00
2026-09-22 00:00:00+00:00,Condeixa-a-Nova,0604,0.00,0.00,0.00,0.00,0.00,0.00,0.00,0.00,0.00,0.00,0.00,0.00,0.00,0.00
2026-09-23 00:00:00+00:00,Condeixa-a-Nova,0604,0.04,0.04,0.00,0.16,0.02,0.03,0.06,0.00,0.00,0.00,0.00,0.00,0.00,0.00
2026-09-24 00:00:00+00:00,Condeixa-a-Nova,0604,0.38,0.33,0.01,1.58,0.12,0.30,0.54,0.01,0.01,0.00,0.03,0.00,0.01,0.01
2026-09-25 00:00:00+00:00,Condeixa-a-Nova,0604,0.04,0.03,0.00,0.10,0.02,0.03,0.06,0.00,0.00,0.00,0.00,0.00,0.00,0.00
2026-09-26 00:00:00+00:00,Condeixa-a-Nova,0604,3.75,0.77,2.18,5.70,3.18,3.65,4.25,0.07,0.01,0.04,0.10,0.06,0.07,0.08
2026-09-27 00:00:00+00:00,Condeixa-a-Nova,0604,0.00,0.00,0.00,0.00,0.00,0.00,0.00,0.00,0.00,0.00,0.00,0.00,0.00,0.00
2026-09-28 00:00:00+00:00,Condeixa-a-Nova,0604,2.38,1.54,0.02,5.66,0.95,2.38,3.60,0.08,0.05,0.00,0.19,0.03,0.08,0.12
2026-09-29 00:00:00+00:00,Condeixa-a-Nova,0604,10.93,1.00,7.19,12.22,10.70,11.23,11.53,0.57,0.14,0.37,0.98,0.47,0.55,0.64
2026-09-10 00:00:00+00:00,Figueira da Foz,0605,0.42,0.64,0.00,3.22,0.04,0.16,0.45,0.01,0.01,0.00,0.06,0.00,0.00,0.01
2026-09-11 00:00:00+00:00,Figueira da Foz,0605,0.00,0.00,0.00,0.00,0.00,0.00,0.00,0.00,0.00,0.00,0.00,0.00,0.00,0.00
2026-09-12 00:00:00+00:00,Figueira da Foz,0605,0.04,0.05,0.00,0.28,0.01,0.03,0.05,0.00,0.00,0.00,0.01,0.00,0.00,0.00
2026-09-13 00:00:00+00:00,Figueira da Foz,0605,0.00,0.00,0.00,0.00,0.00,0.00,0.00,0.00,0.00,0.00,0.00,0.00,0.00,0.00
2026-09-14 00:00:00+00:00,Figueira da Foz,0605,0.00,0.00,0.00,0.00,0.00,0.00,0.00,0.00,0.00,0.00,0.00,0.00,0.00,0.00
2026-09-15 00:00:00+00:00,Figueira da Foz,0605,0.00,0.00,0.00,0.00,0.00,0.00,0.00,0.00,0.00,0.00,0.00,0.00,0.00,0.00
2026-09-16 00:00:00+00:00,Figueira da Foz,0605,0.15,0.13,0.00,0.89,0.04,0.14,0.22,0.01,0.01,0.00,0.02,0.00,0.00,0.01
2026-09-17 00:00:00+00:00,Figueira da Foz,0605,0.00,0.00,0.00,0.00,0.00,0.00,0.00,0.00,0.00,0.00,0.00,0.00,0.00,0.00
2026-09-18 00:00:00+00:00,Figueira da Foz,0605,0.03,0.05,0.00,0.27,0.00,0.00,0.03,0.00,0.00,0.00,0.00,0.00,0.00,0.00
2026-09-19 00:00:00+00:00,Figueira da Foz,0605,0.02,0.05,0.00,0.26,0.00,0.00,0.02,0.00,0.00,0.00,0.00,0.00,0.00,0.00
2026-09-20 00:00:00+00:00,Figueira da Foz,0605,0.00,0.00,0.00,0.00,0.00,0.00,0.00,0.00,0.00,0.00,0.00,0.00,0.00,0.00
2026-09-21 00:00:00+00:00,Figueira da Foz,0605,0.00,0.00,0.00,0.00,0.00,0.00,0.00,0.00,0.00,0.00,0.00,0.00,0.00,0.00
2026-09-22 00:00:00+00:00,Figueira da Foz,0605,0.00,0.00,0.00,0.00,0.00,0.00,0.00,0.00,0.00,0.00,0.00,0.00,0.00,0.00
2026-09-23 00:00:00+00:00,Figueira da Foz,0605,0.61,0.80,0.00,3.39,0.08,0.27,0.82,0.01,0.01,0.00,0.06,0.00,0.00,0.01
2026-09-24 00:00:00+00:00,Figueira da Foz,0605,10.25,1.65,5.91,12.00,9.35,10.77,11.62,0.19,0.01,0.15,0.21,0.18,0.19,0.20
2026-09-25 00:00:00+00:00,Figueira da Foz,0605,0.42,0.64,0.00,3.23,0.04,0.16,0.45,0.01,0.01,0.00,0.05,0.00,0.00,0.01
2026-09-26 00:00:00+00:00,Figueira da Foz,0605,0.59,0.73,0.00,3.48,0.09,0.31,0.72,0.01,0.01,0.00,0.06,0.00,0.01,0.01
2026-09-27 00:00:00+00:00,Figueira da Foz,0605,0.00,0.00,0.00,0.00,0.00,0.00,0.00,0.00,0.00,0.00,0.00,0.00,0.00,0.00
2026-09-28 00:00:00+00:00,Figueira da Foz,0605,5.85,0.38,4.45,7.71,5.68,5.88,5.97,0.21,0.02,0.18,0.29,0.20,0.20,0.21
2026-09-29 00:00:00+00:00,Figueira da Foz,0605,31.06,4.65,18.64,36.00,28.39,32.49,34.90,3.11,0.34,2.14,3.50,2.87,3.20,3.41
2026-09-10 00:00:00+00:00,Góis,0606,0.00,0.00,0.00,0.00,0.00,0.00,0.00,0.00,0.00,0.00,0.00,0.00,0.00,0.00
2026-09-11 00:00:00+00:00,Góis,0606,0.00,0.00,0.00,0.00,0.00,0.00,0.00,0.00,0.00,0.00,0.00,0.00,0.00,0.00
2026-09-12 00:00:00+00:00,Góis,0606,0.00,0.00,0.00,0.00,0.00,0.00,0.00,0.00,0.00,0.00,0.00,0.00,0.00,0.00
2026-09-13 00:00:00+00:00,Góis,0606,0.00,0.00,0.00,0.00,0.00,0.00,0.00,0.00,0.00,0.00,0.00,0.00,0.00,0.00
2026-09-14 00:00:00+00:00,Góis,0606,0.00,0.00,0.00,0.00,0.00,0.00,0.00,0.00,0.00,0.00,0.00,0.00,0.00,0.00
2026-09-15 00:00:00+00:00,Góis,0606,0.00,0.00,0.00,0.00,0.00,0.00,0.00,0.00,0.00,0.00,0.00,0.00,0.00,0.00
2026-09-16 00:00:00+00:00,Góis,0606,2.75,1.11,0.11,4.92,2.15,2.70,3.59,0.18,0.11,0.01,0.59,0.13,0.16,0.23
2026-09-17 00:00:00+00:00,Góis,0606,0.00,0.00,0.00,0.00,0.00,0.00,0.00,0.00,0.00,0.00,0.00,0.00,0.00,0.00
2026-09-18 00:00:00+00:00,Góis,0606,0.00,0.00,0.00,0.00,0.00,0.00,0.00,0.00,0.00,0.00,0.00,0.00,0.00,0.00
2026-09-19 00:00:00+00:00,Góis,0606,0.00,0.00,0.00,0.00,0.00,0.00,0.00,0.00,0.00,0.00,0.00,0.00,0.00,0.00
2026-09-20 00:00:00+00:00,Góis,0606,0.00,0.00,0.00,0.00,0.00,0.00,0.00,0.00,0.00,0.00,0.00,0.00,0.00,0.00
2026-09-21 00:00:00+00:00,Góis,0606,0.00,0.00,0.00,0.00,0.00,0.00,0.00,0.00,0.00,0.00,0.00,0.00,0.00,0.00
2026-09-22 00:00:00+00:00,Góis,0606,0.00,0.00,0.00,0.00,0.00,0.00,0.00,0.00,0.00,0.00,0.00,0.00,0.00,0.00
2026-09-23 00:00:00+00:00,Góis,0606,0.00,0.00,0.00,0.00,0.00,0.00,0.00,0.00,0.00,0.00,0.00,0.00,0.00,0.00
2026-09-24 00:00:00+00:00,Góis,0606,0.01,0.03,0.00,0.14,0.00,0.00,0.00,0.00,0.00,0.00,0.00,0.00,0.00,0.00
2026-09-25 00:00:00+00:00,Góis,0606,0.08,0.05,0.00,0.20,0.04,0.09,0.11,0.00,0.00,0.00,0.00,0.00,0.00,0.00
2026-09-26 00:00:00+00:00,Góis,0606,0.19,0.09,0.00,0.38,0.14,0.19,0.24,0.00,0.00,0.00,0.01,0.00,0.00,0.00
2026-09-27 00:00:00+00:00,Góis,0606,0.00,0.00,0.00,0.00,0.00,0.00,0.00,0.00,0.00,0.00,0.00,0.00,0.00,0.00
2026-09-28 00:00:00+00:00,Góis,0606,1.78,1.42,0.17,5.82,0.77,1.26,2.39,0.06,0.05,0.01,0.19,0.03,0.04,0.08
2026-09-29 00:00:00+00:00,Góis,0606,3.86,0.83,1.81,5.88,3.30,3.80,4.30,0.24,0.09,0.11,0.51,0.19,0.21,0.26
2026-09-10 00:00:00+00:00,Lousã,0607,0.00,0.00,0.00,0.01,0.00,0.00,0.00,0.00,0.00,0.00,0.00,0.00,0.00,0.00
2026-09-11 00:00:00+00:00,Lousã,0607,0.00,0.00,0.00,0.00,0.00,0.00,0.00,0.00,0.00,0.00,0.00,0.00,0.00,0.00
2026-09-12 00:00:00+00:00,Lousã,0607,0.00,0.00,0.00,0.00,0.00,0.00,0.00,0.00,0.00,0.00,0.00,0.00,0.00,0.00
2026-09-13 00:00:00+00:00,Lousã,0607,0.00,0.00,0.00,0.00,0.00,0.00,0.00,0.00,0.00,0.00,0.00,0.00,0.00,0.00
2026-09-14 00:00:00+00:00,Lousã,0607,0.00,0.00,0.00,0.00,0.00,0.00,0.00,0.00,0.00,0.00,0.00,0.00,0.00,0.00
2026-09-15 00:00:00+00:00,Lousã,0607,0.00,0.00,0.00,0.00,0.00,0.00,0.00,0.00,0.00,0.00,0.00,0.00,0.00,0.00
2026-09-16 00:00:00+00:00,Lousã,0607,5.22,0.67,3.10,6.00,4.94,5.39,5.75,0.22,0.16,0.10,0.81,0.13,0.15,0.25
2026-09-17 00:00:00+00:00,Lousã,0607,0.00,0.00,0.00,0.00,0.00,0.00,0.00,0.00,0.00,0.00,0.00,0.00,0.00,0.00
2026-09-18 00:00:00+00:00,Lousã,0607,0.00,0.00,0.00,0.00,0.00,0.00,0.00,0.00,0.00,0.00,0.00,0.00,0.00,0.00
2026-09-19 00:00:00+00:00,Lousã,0607,0.00,0.00,0.00,0.00,0.00,0.00,0.00,0.00,0.00,0.00,0.00,0.00,0.00,0.00
2026-09-20 00:00:00+00:00,Lousã,0607,0.00,0.00,0.00,0.00,0.00,0.00,0.00,0.00,0.00,0.00,0.00,0.00,0.00,0.00
2026-09-21 00:00:00+00:00,Lousã,0607,0.00,0.00,0.00,0.00,0.00,0.00,0.00,0.00,0.00,0.00,0.00,0.00,0.00,0.00
2026-09-22 00:00:00+00:00,Lousã,0607,0.00,0.00,0.00,0.00,0.00,0.00,0.00,0.00,0.00,0.00,0.00,0.00,0.00,0.00
2026-09-23 00:00:00+00:00,Lousã,0607,0.00,0.00,0.00,0.02,0.00,0.00,0.00,0.00,0.00,0.00,0.00,0.00,0.00,0.00
2026-09-24 00:00:00+00:00,Lousã,0607,0.02,0.02,0.00,0.08,0.00,0.01,0.03,0.00,0.00,0.00,0.00,0.00,0.00,0.00
2026-09-25 00:00:00+00:00,Lousã,0607,0.01,0.01,0.00,0.07,0.00,0.01,0.02,0.00,0.00,0.00,0.00,0.00,0.00,0.00
2026-09-26 00:00:00+00:00,Lousã,0607,0.09,0.08,0.00,0.35,0.03,0.08,0.13,0.00,0.00,0.00,0.01,0.00,0.00,0.00
2026-09-27 00:00:00+00:00,Lousã,0607,0.00,0.00,0.00,0.00,0.00,0.00,0.00,0.00,0.00,0.00,0.00,0.00,0.00,0.00
2026-09-28 00:00:00+00:00,Lousã,0607,0.11,0.09,0.00,0.34,0.04,0.10,0.17,0.00,0.00,0.00,0.01,0.00,0.00,0.01
2026-09-29 00:00:00+00:00,Lousã,0607,1.40,1.09,0.00,4.83,0.62,1.22,1.78,0.15,0.12,0.00,0.50,0.07,0.13,0.18
2026-09-10 00:00:00+00:00,Mira,0608,5.79,0.22,4.88,6.00,5.68,5.86,5.96,0.10,0.00,0.08,0.10,0.09,0.10,0.10
2026-09-11 00:00:00+00:00,Mira,0608,0.00,0.00,0.00,0.00,0.00,0.00,0.00,0.00,0.00,0.00,0.00,0.00,0.00,0.00
2026-09-12 00:00:00+00:00,Mira,0608,0.00,0.00,0.00,0.01,0.00,0.00,0.00,0.00,0.00,0.00,0.00,0.00,0.00,0.00
2026-09-13 00:00:00+00:00,Mira,0608,0.00,0.00,0.00,0.00,0.00,0.00,0.00,0.00,0.00,0.00,0.00,0.00,0.00,0.00
2026-09-14 00:00:00+00:00,Mira,0608,0.00,0.00,0.00,0.00,0.00,0.00,0.00,0.00,0.00,0.00,0.00,0.00,0.00,0.00
2026-09-15 00:00:00+00:00,Mira,0608,0.00,0.00,0.00,0.00,0.00,0.00,0.00,0.00,0.00,0.00,0.00,0.00,0.00,0.00
2026-09-16 00:00:00+00:00,Mira,0608,0.01,0.01,0.00,0.07,0.00,0.01,0.02,0.00,0.00,0.00,0.01,0.00,0.00,0.00
2026-09-17 00:00:00+00:00,Mira,0608,0.00,0.00,0.00,0.00,0.00,0.00,0.00,0.00,0.00,0.00,0.00,0.00,0.00,0.00
2026-09-18 00:00:00+00:00,Mira,0608,0.00,0.00,0.00,0.00,0.00,0.00,0.00,0.00,0.00,0.00,0.00,0.00,0.00,0.00
2026-09-19 00:00:00+00:00,Mira,0608,0.00,0.00,0.00,0.00,0.00,0.00,0.00,0.00,0.00,0.00,0.00,0.00,0.00,0.00
2026-09-20 00:00:00+00:00,Mira,0608,0.00,0.00,0.00,0.00,0.00,0.00,0.00,0.00,0.00,0.00,0.00,0.00,0.00,0.00
2026-09-21 00:00:00+00:00,Mira,0608,0.00,0.00,0.00,0.00,0.00,0.00,0.00,0.00,0.00,0.00,0.00,0.00,0.00,0.00
2026-09-22 00:00:00+00:00,Mira,0608,0.00,0.00,0.00,0.00,0.00,0.00,0.00,0.00,0.00,0.00,0.00,0.00,0.00,0.00
2026-09-23 00:00:00+00:00,Mira,0608,5.75,0.25,4.87,6.00,5.59,5.84,5.95,0.10,0.00,0.08,0.10,0.09,0.10,0.10
2026-09-24 00:00:00+00:00,Mira,0608,5.85,0.15,5.27,6.00,5.79,5.91,5.97,0.29,0.01,0.25,0.30,0.29,0.29,0.30
2026-09-25 00:00:00+00:00,Mira,0608,5.79,0.22,4.89,6.00,5.68,5.86,5.96,0.10,0.00,0.08,0.10,0.09,0.10,0.10
2026-09-26 00:00:00+00:00,Mira,0608,5.81,0.20,5.01,6.00,5.70,5.87,5.96,0.10,0.00,0.09,0.10,0.10,0.10,0.10
2026-09-27 00:00:00+00:00,Mira,0608,0.00,0.00,0.00,0.00,0.00,0.00,0.00,0.00,0.00,0.00,0.00,0.00,0.00,0.00
2026-09-28 00:00:00+00:00,Mira,0608,11.44,0.63,8.78,12.00,11.18,11.68,11.90,0.29,0.01,0.28,0.30,0.29,0.30,0.30
2026-09-29 00:00:00+00:00,Mira,0608,12.53,0.70,12.00,15.48,12.08,12.20,12.79,1.14,0.18,1.00,1.90,1.02,1.07,1.19
2026-09-10 00:00:00+00:00,Miranda do Corvo,0609,0.01,0.01,0.00,0.03,0.01,0.01,0.02,0.00,0.00,0.00,0.00,0.00,0.00,0.00
2026-09-11 00:00:00+00:00,Miranda do Corvo,0609,0.00,0.00,0.00,0.00,0.00,0.00,0.00,0.00,0.00,0.00,0.00,0.00,0.00,0.00
2026-09-12 00:00:00+00:00,Miranda do Corvo,0609,0.00,0.00,0.00,0.00,0.00,0.00,0.00,0.00,0.00,0.00,0.00,0.00,0.00,0.00
2026-09-13 00:00:00+00:00,Miranda do Corvo,0609,0.00,0.00,0.00,0.00,0.00,0.00,0.00,0.00,0.00,0.00,0.00,0.00,0.00,0.00
2026-09-14 00:00:00+00:00,Miranda do Corvo,0609,0.00,0.00,0.00,0.00,0.00,0.00,0.00,0.00,0.00,0.00,0.00,0.00,0.00,0.00
2026-09-15 00:00:00+00:00,Miranda do Corvo,0609,0.00,0.00,0.00,0.00,0.00,0.00,0.00,0.00,0.00,0.00,0.00,0.00,0.00,0.00
2026-09-16 00:00:00+00:00,Miranda do Corvo,0609,1.96,1.32,0.05,5.32,0.96,1.67,2.77,0.11,0.09,0.00,0.42,0.04,0.08,0.15
2026-09-17 00:00:00+00:00,Miranda do Corvo,0609,0.00,0.00,0.00,0.00,0.00,0.00,0.00,0.00,0.00,0.00,0.00,0.00,0.00,0.00
2026-09-18 00:00:00+00:00,Miranda do Corvo,0609,0.00,0.00,0.00,0.00,0.00,0.00,0.00,0.00,0.00,0.00,0.00,0.00,0.00,0.00
2026-09-19 00:00:00+00:00,Miranda do Corvo,0609,0.00,0.00,0.00,0.00,0.00,0.00,0.00,0.00,0.00,0.00,0.00,0.00,0.00,0.00
2026-09-20 00:00:00+00:00,Miranda do Corvo,0609,0.00,0.00,0.00,0.00,0.00,0.00,0.00,0.00,0.00,0.00,0.00,0.00,0.00,0.00
2026-09-21 00:00:00+00:00,Miranda do Corvo,0609,0.00,0.00,0.00,0.00,0.00,0.00,0.00,0.00,0.00,0.00,0.00,0.00,0.00,0.00
2026-09-22 00:00:00+00:00,Miranda do Corvo,0609,0.00,0.00,0.00,0.00,0.00,0.00,0.00,0.00,0.00,0.00,0.00,0.00,0.00,0.00
2026-09-23 00:00:00+00:00,Miranda do Corvo,0609,0.02,0.01,0.00,0.04,0.00,0.02,0.03,0.00,0.00,0.00,0.00,0.00,0.00,0.00
2026-09-24 00:00:00+00:00,Miranda do Corvo,0609,0.10,0.05,0.01,0.22,0.05,0.09,0.14,0.00,0.00,0.00,0.00,0.00,0.00,0.00
2026-09-25 00:00:00+00:00,Miranda do Corvo,0609,0.02,0.01,0.01,0.03,0.01,0.02,0.02,0.00,0.00,0.00,0.00,0.00,0.00,0.00
2026-09-26 00:00:00+00:00,Miranda do Corvo,0609,0.97,0.59,0.12,2.78,0.53,0.80,1.24,0.02,0.01,0.00,0.06,0.01,0.02,0.03
2026-09-27 00:00:00+00:00,Miranda do Corvo,0609,0.00,0.00,0.00,0.00,0.00,0.00,0.00,0.00,0.00,0.00,0.00,0.00,0.00,0.00
2026-09-28 00:00:00+00:00,Miranda do Corvo,0609,0.49,0.39,0.01,1.73,0.19,0.40,0.72,0.02,0.01,0.00,0.06,0.01,0.01,0.03
2026-09-29 00:00:00+00:00,Miranda do Corvo,0609,2.82,1.77,0.09,6.88,1.36,2.61,4.40,0.30,0.21,0.01,0.71,0.14,0.27,0.47
2026-09-10 00:00:00+00:00,Montemor-o-Velho,0610,0.49,0.51,0.01,2.43,0.14,0.29,0.64,0.01,0.01,0.00,0.04,0.00,0.01,0.01
2026-09-11 00:00:00+00:00,Montemor-o-Velho,0610,0.00,0.00,0.00,0.00,0.00,0.00,0.00,0.00,0.00,0.00,0.00,0.00,0.00,0.00
2026-09-12 00:00:00+00:00,Montemor-o-Velho,0610,0.02,0.01,0.00,0.04,0.01,0.03,0.03,0.00,0.00,0.00,0.00,0.00,0.00,0.00
2026-09-13 00:00:00+00:00,Montemor-o-Velho,0610,0.00,0.00,0.00,0.00,0.00,0.00,0.00,0.00,0.00,0.00,0.00,0.00,0.00,0.00
2026-09-14 00:00:00+00:00,Montemor-o-Velho,0610,0.00,0.00,0.00,0.00,0.00,0.00,0.00,0.00,0.00,0.00,0.00,0.00,0.00,0.00
2026-09-15 00:00:00+00:00,Montemor-o-Velho,0610,0.00,0.00,0.00,0.00,0.00,0.00,0.00,0.00,0.00,0.00,0.00,0.00,0.00,0.00
2026-09-16 00:00:00+00:00,Montemor-o-Velho,0610,0.42,0.19,0.02,1.16,0.28,0.40,0.53,0.02,0.01,0.00,0.03,0.02,0.02,0.02
2026-09-17 00:00:00+00:00,Montemor-o-Velho,0610,0.00,0.00,0.00,0.00,0.00,0.00,0.00,0.00,0.00,0.00,0.00,0.00,0.00,0.00
2026-09-18 00:00:00+00:00,Montemor-o-Velho,0610,0.00,0.00,0.00,0.00,0.00,0.00,0.00,0.00,0.00,0.00,0.00,0.00,0.00,0.00
2026-09-19 00:00:00+00:00,Montemor-o-Velho,0610,0.00,0.00,0.00,0.00,0.00,0.00,0.00,0.00,0.00,0.00,0.00,0.00,0.00,0.00
2026-09-20 00:00:00+00:00,Montemor-o-Velho,0610,0.00,0.00,0.00,0.00,0.00,0.00,0.00,0.00,0.00,0.00,0.00,0.00,0.00,0.00
2026-09-21 00:00:00+00:00,Montemor-o-Velho,0610,0.00,0.00,0.00,0.00,0.00,0.00,0.00,0.00,0.00,0.00,0.00,0.00,0.00,0.00
2026-09-22 00:00:00+00:00,Montemor-o-Velho,0610,0.00,0.00,0.00,0.00,0.00,0.00,0.00,0.00,0.00,0.00,0.00,0.00,0.00,0.00
2026-09-23 00:00:00+00:00,Montemor-o-Velho,0610,1.52,1.18,0.02,4.39,0.51,1.18,2.44,0.03,0.02,0.00,0.08,0.01,0.02,0.04
2026-09-24 00:00:00+00:00,Montemor-o-Velho,0610,4.62,3.07,0.33,11.86,2.16,4.19,6.63,0.09,0.05,0.01,0.20,0.05,0.10,0.14
2026-09-25 00:00:00+00:00,Montemor-o-Velho,0610,0.49,0.52,0.01,2.44,0.14,0.29,0.66,0.01,0.01,0.00,0.04,0.00,0.00,0.01
2026-09-26 00:00:00+00:00,Montemor-o-Velho,0610,1.71,0.75,0.03,3.91,1.27,1.83,2.13,0.03,0.01,0.00,0.07,0.02,0.04,0.04
2026-09-27 00:00:00+00:00,Montemor-o-Velho,0610,0.00,0.00,0.00,0.00,0.00,0.00,0.00,0.00,0.00,0.00,0.00,0.00,0.00,0.00
2026-09-28 00:00:00+00:00,Montemor-o-Velho,0610,4.53,0.85,2.67,6.42,3.80,4.61,5.17,0.18,0.04,0.10,0.27,0.15,0.18,0.21
2026-09-29 00:00:00+00:00,Montemor-o-Velho,0610,19.65,5.66,11.27,35.59,15.96,18.40,22.05,2.33,0.52,0.84,3.46,2.07,2.48,2.58
2026-09-10 00:00:00+00:00,Oliveira do Hospital,0611,0.00,0.00,0.00,0.00,0.00,0.00,0.00,0.00,0.00,0.00,0.00,0.00,0.00,0.00
2026-09-11 00:00:00+00:00,Oliveira do Hospital,0611,0.00,0.00,0.00,0.00,0.00,0.00,0.00,0.00,0.00,0.00,0.00,0.00,0.00,0.00
2026-09-12 00:00:00+00:00,Oliveira do Hospital,0611,0.00,0.00,0.00,0.00,0.00,0.00,0.00,0.00,0.00,0.00,0.00,0.00,0.00,0.00
2026-09-13 00:00:00+00:00,Oliveira do Hospital,0611,0.00,0.00,0.00,0.00,0.00,0.00,0.00,0.00,0.00,0.00,0.00,0.00,0.00,0.00
2026-09-14 00:00:00+00:00,Oliveira do Hospital,0611,0.00,0.00,0.00,0.00,0.00,0.00,0.00,0.00,0.00,0.00,0.00,0.00,0.00,0.00
2026-09-15 00:00:00+00:00,Oliveira do Hospital,0611,0.00,0.00,0.00,0.00,0.00,0.00,0.00,0.00,0.00,0.00,0.00,0.00,0.00,0.00
2026-09-16 00:00:00+00:00,Oliveira do Hospital,0611,1.28,1.60,0.00,5.44,0.09,0.42,2.24,0.03,0.03,0.00,0.10,0.00,0.01,0.05
2026-09-17 00:00:00+00:00,Oliveira do Hospital,0611,0.00,0.00,0.00,0.00,0.00,0.00,0.00,0.00,0.00,0.00,0.00,0.00,0.00,0.00
2026-09-18 00:00:00+00:00,Oliveira do Hospital,0611,0.00,0.00,0.00,0.00,0.00,0.00,0.00,0.00,0.00,0.00,0.00,0.00,0.00,0.00
2026-09-19 00:00:00+00:00,Oliveira do Hospital,0611,0.00,0.00,0.00,0.00,0.00,0.00,0.00,0.00,0.00,0.00,0.00,0.00,0.00,0.00
2026-09-20 00:00:00+00:00,Oliveira do Hospital,0611,0.00,0.00,0.00,0.00,0.00,0.00,0.00,0.00,0.00,0.00,0.00,0.00,0.00,0.00
2026-09-21 00:00:00+00:00,Oliveira do Hospital,0611,0.00,0.00,0.00,0.00,0.00,0.00,0.00,0.00,0.00,0.00,0.00,0.00,0.00,0.00
2026-09-22 00:00:00+00:00,Oliveira do Hospital,0611,0.00,0.00,0.00,0.00,0.00,0.00,0.00,0.00,0.00,0.00,0.00,0.00,0.00,0.00
2026-09-23 00:00:00+00:00,Oliveira do Hospital,0611,0.00,0.00,0.00,0.00,0.00,0.00,0.00,0.00,0.00,0.00,0.00,0.00,0.00,0.00
2026-09-24 00:00:00+00:00,Oliveira do Hospital,0611,0.00,0.00,0.00,0.00,0.00,0.00,0.00,0.00,0.00,0.00,0.00,0.00,0.00,0.00
2026-09-25 00:00:00+00:00,Oliveira do Hospital,0611,5.50,3.35,1.03,11.87,2.38,4.71,8.37,0.05,0.03,0.01,0.10,0.02,0.04,0.07
2026-09-26 00:00:00+00:00,Oliveira do Hospital,0611,0.01,0.03,0.00,0.18,0.00,0.00,0.00,0.00,0.00,0.00,0.00,0.00,0.00,0.00
2026-09-27 00:00:00+00:00,Oliveira do Hospital,0611,0.00,0.00,0.00,0.00,0.00,0.00,0.00,0.00,0.00,0.00,0.00,0.00,0.00,0.00
2026-09-28 00:00:00+00:00,Oliveira do Hospital,0611,1.10,1.13,0.00,5.66,0.28,0.71,1.50,0.10,0.10,0.00,0.59,0.02,0.07,0.15
2026-09-29 00:00:00+00:00,Oliveira do Hospital,0611,1.27,1.15,0.00,5.71,0.41,0.94,1.78,0.12,0.09,0.00,0.48,0.05,0.10,0.17
2026-09-10 00:00:00+00:00,Pampilhosa da Serra,0612,0.00,0.00,0.00,0.00,0.00,0.00,0.00,0.00,0.00,0.00,0.00,0.00,0.00,0.00
2026-09-11 00:00:00+00:00,Pampilhosa da Serra,0612,0.00,0.00,0.00,0.00,0.00,0.00,0.00,0.00,0.00,0.00,0.00,0.00,0.00,0.00
2026-09-12 00:00:00+00:00,Pampilhosa da Serra,0612,0.00,0.00,0.00,0.00,0.00,0.00,0.00,0.00,0.00,0.00,0.00,0.00,0.00,0.00
2026-09-13 00:00:00+00:00,Pampilhosa da Serra,0612,0.00,0.00,0.00,0.00,0.00,0.00,0.00,0.00,0.00,0.00,0.00,0.00,0.00,0.00
2026-09-14 00:00:00+00:00,Pampilhosa da Serra,0612,0.00,0.00,0.00,0.00,0.00,0.00,0.00,0.00,0.00,0.00,0.00,0.00,0.00,0.00
2026-09-15 00:00:00+00:00,Pampilhosa da Serra,0612,0.00,0.00,0.00,0.00,0.00,0.00,0.00,0.00,0.00,0.00,0.00,0.00,0.00,0.00
2026-09-16 00:00:00+00:00,Pampilhosa da Serra,0612,0.80,0.57,0.00,2.21,0.37,0.71,1.13,0.04,0.04,0.00,0.14,0.02,0.03,0.06
2026-09-17 00:00:00+00:00,Pampilhosa da Serra,0612,0.00,0.00,0.00,0.00,0.00,0.00,0.00,0.00,0.00,0.00,0.00,0.00,0.00,0.00
2026-09-18 00:00:00+00:00,Pampilhosa da Serra,0612,0.00,0.00,0.00,0.00,0.00,0.00,0.00,0.00,0.00,0.00,0.00,0.00,0.00,0.00
2026-09-19 00:00:00+00:00,Pampilhosa da Serra,0612,0.00,0.00,0.00,0.00,0.00,0.00,0.00,0.00,0.00,0.00,0.00,0.00,0.00,0.00
2026-09-20 00:00:00+00:00,Pampilhosa da Serra,0612,0.00,0.00,0.00,0.00,0.00,0.00,0.00,0.00,0.00,0.00,0.00,0.00,0.00,0.00
2026-09-21 00:00:00+00:00,Pampilhosa da Serra,0612,0.00,0.00,0.00,0.00,0.00,0.00,0.00,0.00,0.00,0.00,0.00,0.00,0.00,0.00
2026-09-22 00:00:00+00:00,Pampilhosa da Serra,0612,0.00,0.00,0.00,0.00,0.00,0.00,0.00,0.00,0.00,0.00,0.00,0.00,0.00,0.00
2026-09-23 00:00:00+00:00,Pampilhosa da Serra,0612,0.00,0.00,0.00,0.00,0.00,0.00,0.00,0.00,0.00,0.00,0.00,0.00,0.00,0.00
2026-09-24 00:00:00+00:00,Pampilhosa da Serra,0612,0.00,0.00,0.00,0.00,0.00,0.00,0.00,0.00,0.00,0.00,0.00,0.00,0.00,0.00
2026-09-25 00:00:00+00:00,Pampilhosa da Serra,0612,0.08,0.06,0.00,0.25,0.01,0.07,0.12,0.00,0.00,0.00,0.00,0.00,0.00,0.00
2026-09-26 00:00:00+00:00,Pampilhosa da Serra,0612,0.07,0.09,0.00,0.38,0.00,0.03,0.10,0.00,0.00,0.00,0.01,0.00,0.00,0.00
2026-09-27 00:00:00+00:00,Pampilhosa da Serra,0612,0.00,0.00,0.00,0.00,0.00,0.00,0.00,0.00,0.00,0.00,0.00,0.00,0.00,0.00
2026-09-28 00:00:00+00:00,Pampilhosa da Serra,0612,4.80,1.38,0.87,6.59,4.23,5.42,5.76,0.18,0.07,0.03,0.33,0.14,0.19,0.21
2026-09-29 00:00:00+00:00,Pampilhosa da Serra,0612,5.01,0.67,3.50,6.00,4.55,5.08,5.54,0.15,0.05,0.10,0.35,0.11,0.14,0.18
2026-09-10 00:00:00+00:00,Penacova,0613,0.06,0.03,0.00,0.12,0.04,0.07,0.09,0.00,0.00,0.00,0.00,0.00,0.00,0.00
2026-09-11 00:00:00+00:00,Penacova,0613,0.00,0.00,0.00,0.00,0.00,0.00,0.00,0.00,0.00,0.00,0.00,0.00,0.00,0.00
2026-09-12 00:00:00+00:00,Penacova,0613,0.00,0.00,0.00,0.00,0.00,0.00,0.00,0.00,0.00,0.00,0.00,0.00,0.00,0.00
2026-09-13 00:00:00+00:00,Penacova,0613,0.00,0.00,0.00,0.00,0.00,0.00,0.00,0.00,0.00,0.00,0.00,0.00,0.00,0.00
2026-09-14 00:00:00+00:00,Penacova,0613,0.00,0.00,0.00,0.00,0.00,0.00,0.00,0.00,0.00,0.00,0.00,0.00,0.00,0.00
2026-09-15 00:00:00+00:00,Penacova,0613,0.00,0.00,0.00,0.00,0.00,0.00,0.00,0.00,0.00,0.00,0.00,0.00,0.00,0.00
2026-09-16 00:00:00+00:00,Penacova,0613,1.01,0.81,0.00,3.99,0.45,0.83,1.34,0.15,0.14,0.00,0.71,0.06,0.10,0.19
2026-09-17 00:00:00+00:00,Penacova,0613,0.00,0.00,0.00,0.00,0.00,0.00,0.00,0.00,0.00,0.00,0.00,0.00,0.00,0.00
2026-09-18 00:00:00+00:00,Penacova,0613,0.00,0.00,0.00,0.00,0.00,0.00,0.00,0.00,0.00,0.00,0.00,0.00,0.00,0.00
2026-09-19 00:00:00+00:00,Penacova,0613,0.00,0.00,0.00,0.00,0.00,0.00,0.00,0.00,0.00,0.00,0.00,0.00,0.00,0.00
2026-09-20 00:00:00+00:00,Penacova,0613,0.00,0.00,0.00,0.00,0.00,0.00,0.00,0.00,0.00,0.00,0.00,0.00,0.00,0.00
2026-09-21 00:00:00+00:00,Penacova,0613,0.00,0.00,0.00,0.00,0.00,0.00,0.00,0.00,0.00,0.00,0.00,0.00,0.00,0.00
2026-09-22 00:00:00+00:00,Penacova,0613,0.00,0.00,0.00,0.00,0.00,0.00,0.00,0.00,0.00,0.00,0.00,0.00,0.00,0.00
2026-09-23 00:00:00+00:00,Penacova,0613,0.07,0.08,0.00,0.29,0.00,0.05,0.14,0.00,0.00,0.00,0.01,0.00,0.00,0.00
2026-09-24 00:00:00+00:00,Penacova,0613,0.15,0.06,0.00,0.25,0.10,0.15,0.20,0.00,0.00,0.00,0.01,0.00,0.01,0.01
2026-09-25 00:00:00+00:00,Penacova,0613,0.32,0.25,0.02,1.19,0.14,0.23,0.40,0.00,0.00,0.00,0.01,0.00,0.00,0.00
2026-09-26 00:00:00+00:00,Penacova,0613,0.57,0.07,0.37,0.65,0.53,0.58,0.62,0.01,0.00,0.01,0.02,0.01,0.01,0.02
2026-09-27 00:00:00+00:00,Penacova,0613,0.00,0.00,0.00,0.00,0.00,0.00,0.00,0.00,0.00,0.00,0.00,0.00,0.00,0.00
2026-09-28 00:00:00+00:00,Penacova,0613,0.88,1.03,0.00,4.22,0.13,0.46,1.33,0.04,0.05,0.00,0.22,0.01,0.02,0.07
2026-09-29 00:00:00+00:00,Penacova,0613,10.33,5.76,4.66,29.55,6.27,7.73,12.52,1.75,1.67,0.30,7.14,0.61,1.00,2.43
2026-09-10 00:00:00+00:00,Penela,0614,0.03,0.01,0.00,0.07,0.02,0.03,0.03,0.00,0.00,0.00,0.00,0.00,0.00,0.00
2026-09-11 00:00:00+00:00,Penela,0614,0.00,0.00,0.00,0.00,0.00,0.00,0.00,0.00,0.00,0.00,0.00,0.00,0.00,0.00
2026-09-12 00:00:00+00:00,Penela,0614,0.00,0.01,0.00,0.03,0.00,0.00,0.00,0.00,0.00,0.00,0.00,0.00,0.00,0.00
2026-09-13 00:00:00+00:00,Penela,0614,0.00,0.00,0.00,0.00,0.00,0.00,0.00,0.00,0.00,0.00,0.00,0.00,0.00,0.00
2026-09-14 00:00:00+00:00,Penela,0614,0.00,0.00,0.00,0.00,0.00,0.00,0.00,0.00,0.00,0.00,0.00,0.00,0.00,0.00
2026-09-15 00:00:00+00:00,Penela,0614,0.00,0.00,0.00,0.00,0.00,0.00,0.00,0.00,0.00,0.00,0.00,0.00,0.00,0.00
2026-09-16 00:00:00+00:00,Penela,0614,1.06,1.37,0.00,5.73,0.18,0.54,1.23,0.02,0.02,0.00,0.10,0.01,0.02,0.03
2026-09-17 00:00:00+00:00,Penela,0614,0.00,0.00,0.00,0.00,0.00,0.00,0.00,0.00,0.00,0.00,0.00,0.00,0.00,0.00
2026-09-18 00:00:00+00:00,Penela,0614,0.00,0.00,0.00,0.00,0.00,0.00,0.00,0.00,0.00,0.00,0.00,0.00,0.00,0.00
2026-09-19 00:00:00+00:00,Penela,0614,0.00,0.00,0.00,0.00,0.00,0.00,0.00,0.00,0.00,0.00,0.00,0.00,0.00,0.00
2026-09-20 00:00:00+00:00,Penela,0614,0.00,0.00,0.00,0.00,0.00,0.00,0.00,0.00,0.00,0.00,0.00,0.00,0.00,0.00
2026-09-21 00:00:00+00:00,Penela,0614,0.00,0.00,0.00,0.00,0.00,0.00,0.00,0.00,0.00,0.00,0.00,0.00,0.00,0.00
2026-09-22 00:00:00+00:00,Penela,0614,0.00,0.00,0.00,0.00,0.00,0.00,0.00,0.00,0.00,0.00,0.00,0.00,0.00,0.00
2026-09-23 00:00:00+00:00,Penela,0614,0.01,0.01,0.00,0.03,0.00,0.00,0.01,0.00,0.00,0.00,0.00,0.00,0.00,0.00
2026-09-24 00:00:00+00:00,Penela,0614,0.24,0.09,0.01,0.54,0.20,0.24,0.27,0.00,0.00,0.00,0.01,0.00,0.00,0.01
2026-09-25 00:00:00+00:00,Penela,0614,0.03,0.01,0.00,0.07,0.02,0.03,0.03,0.00,0.00,0.00,0.00,0.00,0.00,0.00
2026-09-26 00:00:00+00:00,Penela,0614,1.10,0.76,0.02,3.38,0.55,0.90,1.64,0.02,0.01,0.00,0.06,0.01,0.02,0.03
2026-09-27 00:00:00+00:00,Penela,0614,0.00,0.00,0.00,0.00,0.00,0.00,0.00,0.00,0.00,0.00,0.00,0.00,0.00,0.00
2026-09-28 00:00:00+00:00,Penela,0614,0.20,0.27,0.00,1.51,0.05,0.12,0.20,0.01,0.01,0.00,0.05,0.00,0.00,0.01
2026-09-29 00:00:00+00:00,Penela,0614,3.25,3.16,0.00,11.69,0.66,2.19,5.04,0.14,0.13,0.00,0.50,0.04,0.10,0.19
2026-09-10 00:00:00+00:00,Soure,0615,0.15,0.05,0.03,0.26,0.11,0.14,0.18,0.00,0.00,0.00,0.01,0.00,0.00,0.01
2026-09-11 00:00:00+00:00,Soure,0615,0.00,0.00,0.00,0.00,0.00,0.00,0.00,0.00,0.00,0.00,0.00,0.00,0.00,0.00
2026-09-12 00:00:00+00:00,Soure,0615,0.06,0.03,0.01,0.17,0.04,0.05,0.08,0.00,0.00,0.00,0.01,0.00,0.00,0.00
2026-09-13 00:00:00+00:00,Soure,0615,0.00,0.00,0.00,0.00,0.00,0.00,0.00,0.00,0.00,0.00,0.00,0.00,0.00,0.00
2026-09-14 00:00:00+00:00,Soure,0615,0.00,0.00,0.00,0.00,0.00,0.00,0.00,0.00,0.00,0.00,0.00,0.00,0.00,0.00
2026-09-15 00:00:00+00:00,Soure,0615,0.00,0.00,0.00,0.00,0.00,0.00,0.00,0.00,0.00,0.00,0.00,0.00,0.00,0.00
2026-09-16 00:00:00+00:00,Soure,0615,2.82,1.88,0.09,6.00,1.12,2.36,4.50,0.06,0.03,0.00,0.10,0.03,0.05,0.08
2026-09-17 00:00:00+00:00,Soure,0615,0.00,0.00,0.00,0.00,0.00,0.00,0.00,0.00,0.00,0.00,0.00,0.00,0.00,0.00
2026-09-18 00:00:00+00:00,Soure,0615,0.02,0.04,0.00,0.14,0.00,0.00,0.00,0.00,0.00,0.00,0.00,0.00,0.00,0.00
2026-09-19 00:00:00+00:00,Soure,0615,0.01,0.02,0.00,0.12,0.00,0.00,0.00,0.00,0.00,0.00,0.00,0.00,0.00,0.00
2026-09-20 00:00:00+00:00,Soure,0615,0.00,0.00,0.00,0.00,0.00,0.00,0.00,0.00,0.00,0.00,0.00,0.00,0.00,0.00
2026-09-21 00:00:00+00:00,Soure,0615,0.00,0.00,0.00,0.00,0.00,0.00,0.00,0.00,0.00,0.00,0.00,0.00,0.00,0.00
2026-09-22 00:00:00+00:00,Soure,0615,0.00,0.00,0.00,0.00,0.00,0.00,0.00,0.00,0.00,0.00,0.00,0.00,0.00,0.00
2026-09-23 00:00:00+00:00,Soure,0615,0.15,0.13,0.00,0.61,0.04,0.14,0.21,0.00,0.00,0.00,0.01,0.00,0.00,0.00
2026-09-24 00:00:00+00:00,Soure,0615,4.12,3.07,0.49,11.57,1.36,3.29,6.37,0.07,0.05,0.01,0.19,0.03,0.06,0.11
2026-09-25 00:00:00+00:00,Soure,0615,0.15,0.05,0.03,0.26,0.11,0.14,0.18,0.00,0.00,0.00,0.00,0.00,0.00,0.00
2026-09-26 00:00:00+00:00,Soure,0615,1.62,0.74,0.09,3.66,1.08,1.62,2.18,0.03,0.01,0.00,0.07,0.02,0.03,0.04
2026-09-27 00:00:00+00:00,Soure,0615,0.00,0.00,0.00,0.00,0.00,0.00,0.00,0.00,0.00,0.00,0.00,0.00,0.00,0.00
2026-09-28 00:00:00+00:00,Soure,0615,2.29,1.68,0.00,5.81,0.67,2.37,3.51,0.08,0.06,0.00,0.20,0.02,0.09,0.13
2026-09-29 00:00:00+00:00,Soure,0615,16.80,6.07,10.28,34.58,11.99,14.21,19.83,1.31,0.82,0.39,3.37,0.56,1.16,1.87
2026-09-10 00:00:00+00:00,Tábua,0616,0.00,0.00,0.00,0.00,0.00,0.00,0.00,0.00,0.00,0.00,0.00,0.00,0.00,0.00
2026-09-11 00:00:00+00:00,Tábua,0616,0.00,0.00,0.00,0.00,0.00,0.00,0.00,0.00,0.00,0.00,0.00,0.00,0.00,0.00
2026-09-12 00:00:00+00:00,Tábua,0616,0.00,0.00,0.00,0.00,0.00,0.00,0.00,0.00,0.00,0.00,0.00,0.00,0.00,0.00
2026-09-13 00:00:00+00:00,Tábua,0616,0.00,0.00,0.00,0.00,0.00,0.00,0.00,0.00,0.00,0.00,0.00,0.00,0.00,0.00
2026-09-14 00:00:00+00:00,Tábua,0616,0.00,0.00,0.00,0.00,0.00,0.00,0.00,0.00,0.00,0.00,0.00,0.00,0.00,0.00
2026-09-15 00:00:00+00:00,Tábua,0616,0.00,0.00,0.00,0.00,0.00,0.00,0.00,0.00,0.00,0.00,0.00,0.00,0.00,0.00
2026-09-16 00:00:00+00:00,Tábua,0616,3.07,1.44,0.21,5.58,2.01,2.98,4.22,0.09,0.03,0.01,0.15,0.07,0.10,0.11
2026-09-17 00:00:00+00:00,Tábua,0616,0.00,0.00,0.00,0.00,0.00,0.00,0.00,0.00,0.00,0.00,0.00,0.00,0.00,0.00
2026-09-18 00:00:00+00:00,Tábua,0616,0.00,0.00,0.00,0.00,0.00,0.00,0.00,0.00,0.00,0.00,0.00,0.00,0.00,0.00
2026-09-19 00:00:00+00:00,Tábua,0616,0.00,0.00,0.00,0.00,0.00,0.00,0.00,0.00,0.00,0.00,0.00,0.00,0.00,0.00
2026-09-20 00:00:00+00:00,Tábua,0616,0.00,0.00,0.00,0.00,0.00,0.00,0.00,0.00,0.00,0.00,0.00,0.00,0.00,0.00
2026-09-21 00:00:00+00:00,Tábua,0616,0.00,0.00,0.00,0.00,0.00,0.00,0.00,0.00,0.00,0.00,0.00,0.00,0.00,0.00
2026-09-22 00:00:00+00:00,Tábua,0616,0.00,0.00,0.00,0.00,0.00,0.00,0.00,0.00,0.00,0.00,0.00,0.00,0.00,0.00
2026-09-23 00:00:00+00:00,Tábua,0616,0.00,0.00,0.00,0.00,0.00,0.00,0.00,0.00,0.00,0.00,0.00,0.00,0.00,0.00
2026-09-24 00:00:00+00:00,Tábua,0616,0.00,0.01,0.00,0.11,0.00,0.00,0.00,0.00,0.00,0.00,0.01,0.00,0.00,0.00
2026-09-25 00:00:00+00:00,Tábua,0616,2.77,1.79,0.54,7.81,1.29,2.31,3.92,0.02,0.01,0.00,0.07,0.01,0.02,0.03
2026-09-26 00:00:00+00:00,Tábua,0616,0.20,0.12,0.00,0.51,0.16,0.21,0.28,0.00,0.00,0.00,0.01,0.00,0.00,0.00
2026-09-27 00:00:00+00:00,Tábua,0616,0.00,0.00,0.00,0.00,0.00,0.00,0.00,0.00,0.00,0.00,0.00,0.00,0.00,0.00
2026-09-28 00:00:00+00:00,Tábua,0616,0.48,0.25,0.01,1.06,0.33,0.46,0.66,0.03,0.02,0.00,0.08,0.01,0.02,0.05
2026-09-29 00:00:00+00:00,Tábua,0616,2.81,2.15,0.03,8.76,1.07,2.18,4.41,0.41,0.32,0.00,1.34,0.15,0.31,0.59
2026-09-10 00:00:00+00:00,Vila Nova de Poiares,0617,0.02,0.01,0.00,0.04,0.01,0.02,0.03,0.00,0.00,0.00,0.00,0.00,0.00,0.00
2026-09-11 00:00:00+00:00,Vila Nova de Poiares,0617,0.00,0.00,0.00,0.00,0.00,0.00,0.00,0.00,0.00,0.00,0.00,0.00,0.00,0.00
2026-09-12 00:00:00+00:00,Vila Nova de Poiares,0617,0.00,0.00,0.00,0.00,0.00,0.00,0.00,0.00,0.00,0.00,0.00,0.00,0.00,0.00
2026-09-13 00:00:00+00:00,Vila Nova de Poiares,0617,0.00,0.00,0.00,0.00,0.00,0.00,0.00,0.00,0.00,0.00,0.00,0.00,0.00,0.00
2026-09-14 00:00:00+00:00,Vila Nova de Poiares,0617,0.00,0.00,0.00,0.00,0.00,0.00,0.00,0.00,0.00,0.00,0.00,0.00,0.00,0.00
2026-09-15 00:00:00+00:00,Vila Nova de Poiares,0617,0.00,0.00,0.00,0.00,0.00,0.00,0.00,0.00,0.00,0.00,0.00,0.00,0.00,0.00
2026-09-16 00:00:00+00:00,Vila Nova de Poiares,0617,4.63,1.20,0.99,5.80,4.09,4.92,5.61,0.80,0.24,0.16,1.10,0.64,0.85,1.01
2026-09-17 00:00:00+00:00,Vila Nova de Poiares,0617,0.00,0.00,0.00,0.00,0.00,0.00,0.00,0.00,0.00,0.00,0.00,0.00,0.00,0.00
2026-09-18 00:00:00+00:00,Vila Nova de Poiares,0617,0.00,0.00,0.00,0.00,0.00,0.00,0.00,0.00,0.00,0.00,0.00,0.00,0.00,0.00
2026-09-19 00:00:00+00:00,Vila Nova de Poiares,0617,0.00,0.00,0.00,0.00,0.00,0.00,0.00,0.00,0.00,0.00,0.00,0.00,0.00,0.00
2026-09-20 00:00:00+00:00,Vila Nova de Poiares,0617,0.00,0.00,0.00,0.00,0.00,0.00,0.00,0.00,0.00,0.00,0.00,0.00,0.00,0.00
2026-09-21 00:00:00+00:00,Vila Nova de Poiares,0617,0.00,0.00,0.00,0.00,0.00,0.00,0.00,0.00,0.00,0.00,0.00,0.00,0.00,0.00
2026-09-22 00:00:00+00:00,Vila Nova de Poiares,0617,0.00,0.00,0.00,0.00,0.00,0.00,0.00,0.00,0.00,0.00,0.00,0.00,0.00,0.00
2026-09-23 00:00:00+00:00,Vila Nova de Poiares,0617,0.01,0.01,0.00,0.05,0.00,0.00,0.01,0.00,0.00,0.00,0.00,0.00,0.00,0.00
2026-09-24 00:00:00+00:00,Vila Nova de Poiares,0617,0.06,0.03,0.01,0.13,0.04,0.06,0.08,0.00,0.00,0.00,0.00,0.00,0.00,0.00
2026-09-25 00:00:00+00:00,Vila Nova de Poiares,0617,0.07,0.05,0.01,0.25,0.04,0.06,0.10,0.00,0.00,0.00,0.00,0.00,0.00,0.00
2026-09-26 00:00:00+00:00,Vila Nova de Poiares,0617,0.34,0.13,0.05,0.54,0.24,0.35,0.45,0.01,0.00,0.00,0.02,0.00,0.01,0.01
2026-09-27 00:00:00+00:00,Vila Nova de Poiares,0617,0.00,0.00,0.00,0.00,0.00,0.00,0.00,0.00,0.00,0.00,0.00,0.00,0.00,0.00
2026-09-28 00:00:00+00:00,Vila Nova de Poiares,0617,0.10,0.12,0.00,0.47,0.02,0.06,0.11,0.00,0.00,0.00,0.02,0.00,0.00,0.00
2026-09-29 00:00:00+00:00,Vila Nova de Poiares,0617,5.51,0.49,3.07,6.12,5.38,5.72,5.80,0.58,0.09,0.33,0.83,0.53,0.59,0.60
2026-09-10 00:00:00+00:00,Alandroal,0701,0.00,0.00,0.00,0.00,0.00,0.00,0.00,0.00,0.00,0.00,0.00,0.00,0.00,0.00
2026-09-11 00:00:00+00:00,Alandroal,0701,0.00,0.00,0.00,0.00,0.00,0.00,0.00,0.00,0.00,0.00,0.00,0.00,0.00,0.00
2026-09-12 00:00:00+00:00,Alandroal,0701,0.00,0.00,0.00,0.00,0.00,0.00,0.00,0.00,0.00,0.00,0.00,0.00,0.00,0.00
2026-09-13 00:00:00+00:00,Alandroal,0701,0.00,0.00,0.00,0.00,0.00,0.00,0.00,0.00,0.00,0.00,0.00,0.00,0.00,0.00
2026-09-14 00:00:00+00:00,Alandroal,0701,0.00,0.00,0.00,0.00,0.00,0.00,0.00,0.00,0.00,0.00,0.00,0.00,0.00,0.00
2026-09-15 00:00:00+00:00,Alandroal,0701,0.00,0.00,0.00,0.00,0.00,0.00,0.00,0.00,0.00,0.00,0.00,0.00,0.00,0.00
2026-09-16 00:00:00+00:00,Alandroal,0701,0.00,0.00,0.00,0.00,0.00,0.00,0.00,0.00,0.00,0.00,0.00,0.00,0.00,0.00
2026-09-17 00:00:00+00:00,Alandroal,0701,0.00,0.00,0.00,0.00,0.00,0.00,0.00,0.00,0.00,0.00,0.00,0.00,0.00,0.00
2026-09-18 00:00:00+00:00,Alandroal,0701,0.00,0.00,0.00,0.00,0.00,0.00,0.00,0.00,0.00,0.00,0.00,0.00,0.00,0.00
2026-09-19 00:00:00+00:00,Alandroal,0701,0.00,0.00,0.00,0.00,0.00,0.00,0.00,0.00,0.00,0.00,0.00,0.00,0.00,0.00
2026-09-20 00:00:00+00:00,Alandroal,0701,0.00,0.00,0.00,0.00,0.00,0.00,0.00,0.00,0.00,0.00,0.00,0.00,0.00,0.00
2026-09-21 00:00:00+00:00,Alandroal,0701,0.00,0.00,0.00,0.00,0.00,0.00,0.00,0.00,0.00,0.00,0.00,0.00,0.00,0.00
2026-09-22 00:00:00+00:00,Alandroal,0701,0.00,0.00,0.00,0.00,0.00,0.00,0.00,0.00,0.00,0.00,0.00,0.00,0.00,0.00
2026-09-23 00:00:00+00:00,Alandroal,0701,0.00,0.00,0.00,0.00,0.00,0.00,0.00,0.00,0.00,0.00,0.00,0.00,0.00,0.00
2026-09-24 00:00:00+00:00,Alandroal,0701,0.00,0.00,0.00,0.00,0.00,0.00,0.00,0.00,0.00,0.00,0.00,0.00,0.00,0.00
2026-09-25 00:00:00+00:00,Alandroal,0701,0.00,0.00,0.00,0.00,0.00,0.00,0.00,0.00,0.00,0.00,0.00,0.00,0.00,0.00
2026-09-26 00:00:00+00:00,Alandroal,0701,0.00,0.00,0.00,0.00,0.00,0.00,0.00,0.00,0.00,0.00,0.00,0.00,0.00,0.00
2026-09-27 00:00:00+00:00,Alandroal,0701,0.08,0.04,0.00,0.15,0.06,0.09,0.11,0.00,0.00,0.00,0.00,0.00,0.00,0.00
2026-09-28 00:00:00+00:00,Alandroal,0701,8.83,6.55,0.04,24.46,2.68,7.89,14.30,1.13,0.84,0.01,3.26,0.36,1.02,1.78
2026-09-29 00:00:00+00:00,Alandroal,0701,0.71,0.87,0.00,4.44,0.12,0.40,0.92,0.01,0.01,0.00,0.07,0.00,0.01,0.02
2026-09-10 00:00:00+00:00,Arraiolos,0702,0.09,0.06,0.00,0.18,0.00,0.09,0.15,0.00,0.00,0.00,0.00,0.00,0.00,0.00
2026-09-11 00:00:00+00:00,Arraiolos,0702,0.00,0.00,0.00,0.00,0.00,0.00,0.00,0.00,0.00,0.00,0.00,0.00,0.00,0.00
2026-09-12 00:00:00+00:00,Arraiolos,0702,0.00,0.00,0.00,0.00,0.00,0.00,0.00,0.00,0.00,0.00,0.00,0.00,0.00,0.00
2026-09-13 00:00:00+00:00,Arraiolos,0702,0.00,0.00,0.00,0.00,0.00,0.00,0.00,0.00,0.00,0.00,0.00,0.00,0.00,0.00
2026-09-14 00:00:00+00:00,Arraiolos,0702,0.00,0.00,0.00,0.00,0.00,0.00,0.00,0.00,0.00,0.00,0.00,0.00,0.00,0.00
2026-09-15 00:00:00+00:00,Arraiolos,0702,0.00,0.00,0.00,0.00,0.00,0.00,0.00,0.00,0.00,0.00,0.00,0.00,0.00,0.00
2026-09-16 00:00:00+00:00,Arraiolos,0702,0.00,0.00,0.00,0.00,0.00,0.00,0.00,0.00,0.00,0.00,0.00,0.00,0.00,0.00
2026-09-17 00:00:00+00:00,Arraiolos,0702,0.00,0.00,0.00,0.00,0.00,0.00,0.00,0.00,0.00,0.00,0.00,0.00,0.00,0.00
2026-09-18 00:00:00+00:00,Arraiolos,0702,0.00,0.00,0.00,0.00,0.00,0.00,0.00,0.00,0.00,0.00,0.00,0.00,0.00,0.00
2026-09-19 00:00:00+00:00,Arraiolos,0702,0.00,0.00,0.00,0.00,0.00,0.00,0.00,0.00,0.00,0.00,0.00,0.00,0.00,0.00
2026-09-20 00:00:00+00:00,Arraiolos,0702,0.00,0.00,0.00,0.00,0.00,0.00,0.00,0.00,0.00,0.00,0.00,0.00,0.00,0.00
2026-09-21 00:00:00+00:00,Arraiolos,0702,0.00,0.00,0.00,0.00,0.00,0.00,0.00,0.00,0.00,0.00,0.00,0.00,0.00,0.00
2026-09-22 00:00:00+00:00,Arraiolos,0702,0.00,0.00,0.00,0.00,0.00,0.00,0.00,0.00,0.00,0.00,0.00,0.00,0.00,0.00
2026-09-23 00:00:00+00:00,Arraiolos,0702,0.07,0.04,0.00,0.12,0.00,0.09,0.10,0.00,0.00,0.00,0.00,0.00,0.00,0.00
2026-09-24 00:00:00+00:00,Arraiolos,0702,0.02,0.03,0.00,0.07,0.00,0.00,0.06,0.00,0.00,0.00,0.00,0.00,0.00,0.00
2026-09-25 00:00:00+00:00,Arraiolos,0702,0.02,0.03,0.00,0.07,0.00,0.00,0.06,0.00,0.00,0.00,0.00,0.00,0.00,0.00
2026-09-26 00:00:00+00:00,Arraiolos,0702,0.00,0.00,0.00,0.00,0.00,0.00,0.00,0.00,0.00,0.00,0.00,0.00,0.00,0.00
2026-09-27 00:00:00+00:00,Arraiolos,0702,0.01,0.03,0.00,0.12,0.00,0.00,0.00,0.00,0.00,0.00,0.00,0.00,0.00,0.00
2026-09-28 00:00:00+00:00,Arraiolos,0702,16.54,8.79,2.35,40.27,8.98,15.74,23.16,1.61,0.82,0.24,4.02,0.93,1.51,2.18
2026-09-29 00:00:00+00:00,Arraiolos,0702,1.44,0.87,0.16,4.67,0.79,1.20,1.93,0.04,0.01,0.01,0.09,0.03,0.04,0.04
2026-09-10 00:00:00+00:00,Borba,0703,0.00,0.00,0.00,0.00,0.00,0.00,0.00,0.00,0.00,0.00,0.00,0.00,0.00,0.00
2026-09-11 00:00:00+00:00,Borba,0703,0.00,0.00,0.00,0.00,0.00,0.00,0.00,0.00,0.00,0.00,0.00,0.00,0.00,0.00
2026-09-12 00:00:00+00:00,Borba,0703,0.00,0.00,0.00,0.00,0.00,0.00,0.00,0.00,0.00,0.00,0.00,0.00,0.00,0.00
2026-09-13 00:00:00+00:00,Borba,0703,0.00,0.00,0.00,0.00,0.00,0.00,0.00,0.00,0.00,0.00,0.00,0.00,0.00,0.00
2026-09-14 00:00:00+00:00,Borba,0703,0.00,0.00,0.00,0.00,0.00,0.00,0.00,0.00,0.00,0.00,0.00,0.00,0.00,0.00
2026-09-15 00:00:00+00:00,Borba,0703,0.00,0.00,0.00,0.00,0.00,0.00,0.00,0.00,0.00,0.00,0.00,0.00,0.00,0.00
2026-09-16 00:00:00+00:00,Borba,0703,0.00,0.00,0.00,0.00,0.00,0.00,0.00,0.00,0.00,0.00,0.00,0.00,0.00,0.00
2026-09-17 00:00:00+00:00,Borba,0703,0.00,0.00,0.00,0.00,0.00,0.00,0.00,0.00,0.00,0.00,0.00,0.00,0.00,0.00
2026-09-18 00:00:00+00:00,Borba,0703,0.00,0.00,0.00,0.00,0.00,0.00,0.00,0.00,0.00,0.00,0.00,0.00,0.00,0.00
2026-09-19 00:00:00+00:00,Borba,0703,0.00,0.00,0.00,0.00,0.00,0.00,0.00,0.00,0.00,0.00,0.00,0.00,0.00,0.00
2026-09-20 00:00:00+00:00,Borba,0703,0.00,0.00,0.00,0.00,0.00,0.00,0.00,0.00,0.00,0.00,0.00,0.00,0.00,0.00
2026-09-21 00:00:00+00:00,Borba,0703,0.00,0.00,0.00,0.00,0.00,0.00,0.00,0.00,0.00,0.00,0.00,0.00,0.00,0.00
2026-09-22 00:00:00+00:00,Borba,0703,0.00,0.00,0.00,0.00,0.00,0.00,0.00,0.00,0.00,0.00,0.00,0.00,0.00,0.00
2026-09-23 00:00:00+00:00,Borba,0703,0.00,0.00,0.00,0.00,0.00,0.00,0.00,0.00,0.00,0.00,0.00,0.00,0.00,0.00
2026-09-24 00:00:00+00:00,Borba,0703,0.00,0.00,0.00,0.00,0.00,0.00,0.00,0.00,0.00,0.00,0.00,0.00,0.00,0.00
2026-09-25 00:00:00+00:00,Borba,0703,0.00,0.00,0.00,0.00,0.00,0.00,0.00,0.00,0.00,0.00,0.00,0.00,0.00,0.00
2026-09-26 00:00:00+00:00,Borba,0703,0.00,0.00,0.00,0.00,0.00,0.00,0.00,0.00,0.00,0.00,0.00,0.00,0.00,0.00
2026-09-27 00:00:00+00:00,Borba,0703,0.01,0.02,0.00,0.07,0.00,0.00,0.02,0.00,0.00,0.00,0.00,0.00,0.00,0.00
2026-09-28 00:00:00+00:00,Borba,0703,34.03,1.83,27.01,35.97,33.19,34.65,35.36,4.84,0.33,3.62,5.19,4.69,4.96,5.08
2026-09-29 00:00:00+00:00,Borba,0703,0.16,0.12,0.00,0.51,0.06,0.15,0.24,0.00,0.00,0.00,0.01,0.00,0.00,0.01
2026-09-10 00:00:00+00:00,Estremoz,0704,0.00,0.01,0.00,0.07,0.00,0.00,0.00,0.00,0.00,0.00,0.00,0.00,0.00,0.00
2026-09-11 00:00:00+00:00,Estremoz,0704,0.00,0.00,0.00,0.00,0.00,0.00,0.00,0.00,0.00,0.00,0.00,0.00,0.00,0.00
2026-09-12 00:00:00+00:00,Estremoz,0704,0.00,0.00,0.00,0.00,0.00,0.00,0.00,0.00,0.00,0.00,0.00,0.00,0.00,0.00
2026-09-13 00:00:00+00:00,Estremoz,0704,0.00,0.00,0.00,0.00,0.00,0.00,0.00,0.00,0.00,0.00,0.00,0.00,0.00,0.00
2026-09-14 00:00:00+00:00,Estremoz,0704,0.00,0.00,0.00,0.00,0.00,0.00,0.00,0.00,0.00,0.00,0.00,0.00,0.00,0.00
2026-09-15 00:00:00+00:00,Estremoz,0704,0.00,0.00,0.00,0.00,0.00,0.00,0.00,0.00,0.00,0.00,0.00,0.00,0.00,0.00
2026-09-16 00:00:00+00:00,Estremoz,0704,0.00,0.00,0.00,0.00,0.00,0.00,0.00,0.00,0.00,0.00,0.00,0.00,0.00,0.00
2026-09-17 00:00:00+00:00,Estremoz,0704,0.00,0.00,0.00,0.00,0.00,0.00,0.00,0.00,0.00,0.00,0.00,0.00,0.00,0.00
2026-09-18 00:00:00+00:00,Estremoz,0704,0.00,0.00,0.00,0.00,0.00,0.00,0.00,0.00,0.00,0.00,0.00,0.00,0.00,0.00
2026-09-19 00:00:00+00:00,Estremoz,0704,0.00,0.00,0.00,0.00,0.00,0.00,0.00,0.00,0.00,0.00,0.00,0.00,0.00,0.00
2026-09-20 00:00:00+00:00,Estremoz,0704,0.00,0.00,0.00,0.00,0.00,0.00,0.00,0.00,0.00,0.00,0.00,0.00,0.00,0.00
2026-09-21 00:00:00+00:00,Estremoz,0704,0.00,0.00,0.00,0.00,0.00,0.00,0.00,0.00,0.00,0.00,0.00,0.00,0.00,0.00
2026-09-22 00:00:00+00:00,Estremoz,0704,0.00,0.00,0.00,0.00,0.00,0.00,0.00,0.00,0.00,0.00,0.00,0.00,0.00,0.00
2026-09-23 00:00:00+00:00,Estremoz,0704,0.00,0.01,0.00,0.07,0.00,0.00,0.00,0.00,0.00,0.00,0.00,0.00,0.00,0.00
2026-09-24 00:00:00+00:00,Estremoz,0704,0.00,0.00,0.00,0.00,0.00,0.00,0.00,0.00,0.00,0.00,0.00,0.00,0.00,0.00
2026-09-25 00:00:00+00:00,Estremoz,0704,0.00,0.00,0.00,0.00,0.00,0.00,0.00,0.00,0.00,0.00,0.00,0.00,0.00,0.00
2026-09-26 00:00:00+00:00,Estremoz,0704,0.00,0.00,0.00,0.00,0.00,0.00,0.00,0.00,0.00,0.00,0.00,0.00,0.00,0.00
2026-09-27 00:00:00+00:00,Estremoz,0704,0.01,0.03,0.00,0.15,0.00,0.00,0.00,0.00,0.00,0.00,0.00,0.00,0.00,0.00
2026-09-28 00:00:00+00:00,Estremoz,0704,31.84,3.81,16.90,36.00,28.97,32.98,35.05,4.30,0.85,2.11,5.20,3.71,4.60,5.02
2026-09-29 00:00:00+00:00,Estremoz,0704,0.26,0.21,0.00,0.97,0.07,0.22,0.41,0.01,0.01,0.00,0.03,0.00,0.01,0.01
2026-09-10 00:00:00+00:00,Évora,0705,0.02,0.03,0.00,0.13,0.00,0.01,0.03,0.00,0.00,0.00,0.00,0.00,0.00,0.00
2026-09-11 00:00:00+00:00,Évora,0705,0.00,0.00,0.00,0.00,0.00,0.00,0.00,0.00,0.00,0.00,0.00,0.00,0.00,0.00
2026-09-12 00:00:00+00:00,Évora,0705,0.00,0.00,0.00,0.00,0.00,0.00,0.00,0.00,0.00,0.00,0.00,0.00,0.00,0.00
2026-09-13 00:00:00+00:00,Évora,0705,0.00,0.00,0.00,0.00,0.00,0.00,0.00,0.00,0.00,0.00,0.00,0.00,0.00,0.00
2026-09-14 00:00:00+00:00,Évora,0705,0.00,0.00,0.00,0.00,0.00,0.00,0.00,0.00,0.00,0.00,0.00,0.00,0.00,0.00
2026-09-15 00:00:00+00:00,Évora,0705,0.00,0.00,0.00,0.00,0.00,0.00,0.00,0.00,0.00,0.00,0.00,0.00,0.00,0.00
2026-09-16 00:00:00+00:00,Évora,0705,0.00,0.00,0.00,0.00,0.00,0.00,0.00,0.00,0.00,0.00,0.00,0.00,0.00,0.00
2026-09-17 00:00:00+00:00,Évora,0705,0.00,0.00,0.00,0.00,0.00,0.00,0.00,0.00,0.00,0.00,0.00,0.00,0.00,0.00
2026-09-18 00:00:00+00:00,Évora,0705,0.00,0.00,0.00,0.00,0.00,0.00,0.00,0.00,0.00,0.00,0.00,0.00,0.00,0.00
2026-09-19 00:00:00+00:00,Évora,0705,0.00,0.00,0.00,0.00,0.00,0.00,0.00,0.00,0.00,0.00,0.00,0.00,0.00,0.00
2026-09-20 00:00:00+00:00,Évora,0705,0.00,0.00,0.00,0.00,0.00,0.00,0.00,0.00,0.00,0.00,0.00,0.00,0.00,0.00
2026-09-21 00:00:00+00:00,Évora,0705,0.00,0.00,0.00,0.00,0.00,0.00,0.00,0.00,0.00,0.00,0.00,0.00,0.00,0.00
2026-09-22 00:00:00+00:00,Évora,0705,0.00,0.00,0.00,0.00,0.00,0.00,0.00,0.00,0.00,0.00,0.00,0.00,0.00,0.00
2026-09-23 00:00:00+00:00,Évora,0705,0.02,0.02,0.00,0.09,0.00,0.01,0.03,0.00,0.00,0.00,0.00,0.00,0.00,0.00
2026-09-24 00:00:00+00:00,Évora,0705,0.01,0.01,0.00,0.05,0.00,0.00,0.01,0.00,0.00,0.00,0.00,0.00,0.00,0.00
2026-09-25 00:00:00+00:00,Évora,0705,0.01,0.01,0.00,0.05,0.00,0.00,0.00,0.00,0.00,0.00,0.00,0.00,0.00,0.00
2026-09-26 00:00:00+00:00,Évora,0705,0.00,0.00,0.00,0.00,0.00,0.00,0.00,0.00,0.00,0.00,0.00,0.00,0.00,0.00
2026-09-27 00:00:00+00:00,Évora,0705,0.13,0.13,0.00,0.85,0.04,0.09,0.16,0.00,0.00,0.00,0.01,0.00,0.00,0.00
2026-09-28 00:00:00+00:00,Évora,0705,31.18,12.27,0.32,48.00,23.12,32.42,41.81,2.07,0.97,0.00,3.69,1.34,2.38,2.84
2026-09-29 00:00:00+00:00,Évora,0705,0.11,0.14,0.00,0.81,0.02,0.07,0.13,0.03,0.02,0.00,0.10,0.01,0.03,0.04
2026-09-10 00:00:00+00:00,Montemor-o-Novo,0706,0.91,1.21,0.00,5.46,0.12,0.38,1.19,0.01,0.02,0.00,0.09,0.00,0.01,0.02
2026-09-11 00:00:00+00:00,Montemor-o-Novo,0706,0.00,0.00,0.00,0.00,0.00,0.00,0.00,0.00,0.00,0.00,0.00,0.00,0.00,0.00
2026-09-12 00:00:00+00:00,Montemor-o-Novo,0706,0.00,0.00,0.00,0.00,0.00,0.00,0.00,0.00,0.00,0.00,0.00,0.00,0.00,0.00
2026-09-13 00:00:00+00:00,Montemor-o-Novo,0706,0.00,0.00,0.00,0.00,0.00,0.00,0.00,0.00,0.00,0.00,0.00,0.00,0.00,0.00
2026-09-14 00:00:00+00:00,Montemor-o-Novo,0706,0.00,0.00,0.00,0.00,0.00,0.00,0.00,0.00,0.00,0.00,0.00,0.00,0.00,0.00
2026-09-15 00:00:00+00:00,Montemor-o-Novo,0706,0.00,0.00,0.00,0.00,0.00,0.00,0.00,0.00,0.00,0.00,0.00,0.00,0.00,0.00
2026-09-16 00:00:00+00:00,Montemor-o-Novo,0706,0.00,0.00,0.00,0.00,0.00,0.00,0.00,0.00,0.00,0.00,0.00,0.00,0.00,0.00
2026-09-17 00:00:00+00:00,Montemor-o-Novo,0706,0.00,0.00,0.00,0.00,0.00,0.00,0.00,0.00,0.00,0.00,0.00,0.00,0.00,0.00
2026-09-18 00:00:00+00:00,Montemor-o-Novo,0706,0.00,0.00,0.00,0.00,0.00,0.00,0.00,0.00,0.00,0.00,0.00,0.00,0.00,0.00
2026-09-19 00:00:00+00:00,Montemor-o-Novo,0706,0.00,0.00,0.00,0.00,0.00,0.00,0.00,0.00,0.00,0.00,0.00,0.00,0.00,0.00
2026-09-20 00:00:00+00:00,Montemor-o-Novo,0706,0.00,0.00,0.00,0.00,0.00,0.00,0.00,0.00,0.00,0.00,0.00,0.00,0.00,0.00
2026-09-21 00:00:00+00:00,Montemor-o-Novo,0706,0.00,0.00,0.00,0.00,0.00,0.00,0.00,0.00,0.00,0.00,0.00,0.00,0.00,0.00
2026-09-22 00:00:00+00:00,Montemor-o-Novo,0706,0.00,0.00,0.00,0.00,0.00,0.00,0.00,0.00,0.00,0.00,0.00,0.00,0.00,0.00
2026-09-23 00:00:00+00:00,Montemor-o-Novo,0706,0.76,1.11,0.00,5.30,0.08,0.28,0.94,0.01,0.02,0.00,0.09,0.00,0.00,0.01
2026-09-24 00:00:00+00:00,Montemor-o-Novo,0706,0.16,0.16,0.00,0.98,0.03,0.10,0.25,0.02,0.02,0.00,0.09,0.00,0.01,0.02
2026-09-25 00:00:00+00:00,Montemor-o-Novo,0706,0.16,0.16,0.00,0.98,0.03,0.10,0.25,0.00,0.00,0.00,0.02,0.00,0.00,0.00
2026-09-26 00:00:00+00:00,Montemor-o-Novo,0706,0.00,0.00,0.00,0.00,0.00,0.00,0.00,0.00,0.00,0.00,0.00,0.00,0.00,0.00
2026-09-27 00:00:00+00:00,Montemor-o-Novo,0706,0.02,0.05,0.00,0.19,0.00,0.00,0.00,0.00,0.00,0.00,0.00,0.00,0.00,0.00
2026-09-28 00:00:00+00:00,Montemor-o-Novo,0706,7.04,7.53,0.00,43.62,2.19,3.40,10.38,0.75,0.84,0.00,5.06,0.25,0.41,0.96
2026-09-29 00:00:00+00:00,Montemor-o-Novo,0706,0.99,1.21,0.00,4.80,0.19,0.46,1.17,0.04,0.04,0.00,0.20,0.01,0.02,0.04
2026-09-10 00:00:00+00:00,Mora,0707,0.04,0.04,0.00,0.16,0.01,0.04,0.06,0.00,0.00,0.00,0.00,0.00,0.00,0.00
2026-09-11 00:00:00+00:00,Mora,0707,0.00,0.00,0.00,0.00,0.00,0.00,0.00,0.00,0.00,0.00,0.00,0.00,0.00,0.00
2026-09-12 00:00:00+00:00,Mora,0707,0.00,0.00,0.00,0.00,0.00,0.00,0.00,0.00,0.00,0.00,0.00,0.00,0.00,0.00
2026-09-13 00:00:00+00:00,Mora,0707,0.00,0.00,0.00,0.00,0.00,0.00,0.00,0.00,0.00,0.00,0.00,0.00,0.00,0.00
2026-09-14 00:00:00+00:00,Mora,0707,0.00,0.00,0.00,0.00,0.00,0.00,0.00,0.00,0.00,0.00,0.00,0.00,0.00,0.00
2026-09-15 00:00:00+00:00,Mora,0707,0.00,0.00,0.00,0.00,0.00,0.00,0.00,0.00,0.00,0.00,0.00,0.00,0.00,0.00
2026-09-16 00:00:00+00:00,Mora,0707,0.00,0.00,0.00,0.00,0.00,0.00,0.00,0.00,0.00,0.00,0.00,0.00,0.00,0.00
2026-09-17 00:00:00+00:00,Mora,0707,0.00,0.00,0.00,0.00,0.00,0.00,0.00,0.00,0.00,0.00,0.00,0.00,0.00,0.00
2026-09-18 00:00:00+00:00,Mora,0707,0.00,0.00,0.00,0.00,0.00,0.00,0.00,0.00,0.00,0.00,0.00,0.00,0.00,0.00
2026-09-19 00:00:00+00:00,Mora,0707,0.00,0.00,0.00,0.00,0.00,0.00,0.00,0.00,0.00,0.00,0.00,0.00,0.00,0.00
2026-09-20 00:00:00+00:00,Mora,0707,0.00,0.00,0.00,0.00,0.00,0.00,0.00,0.00,0.00,0.00,0.00,0.00,0.00,0.00
2026-09-21 00:00:00+00:00,Mora,0707,0.00,0.00,0.00,0.00,0.00,0.00,0.00,0.00,0.00,0.00,0.00,0.00,0.00,0.00
2026-09-22 00:00:00+00:00,Mora,0707,0.00,0.00,0.00,0.00,0.00,0.00,0.00,0.00,0.00,0.00,0.00,0.00,0.00,0.00
2026-09-23 00:00:00+00:00,Mora,0707,0.03,0.03,0.00,0.10,0.01,0.02,0.05,0.00,0.00,0.00,0.00,0.00,0.00,0.00
2026-09-24 00:00:00+00:00,Mora,0707,0.02,0.02,0.00,0.06,0.00,0.01,0.03,0.00,0.00,0.00,0.00,0.00,0.00,0.00
2026-09-25 00:00:00+00:00,Mora,0707,0.02,0.02,0.00,0.06,0.00,0.01,0.03,0.00,0.00,0.00,0.00,0.00,0.00,0.00
2026-09-26 00:00:00+00:00,Mora,0707,0.00,0.00,0.00,0.00,0.00,0.00,0.00,0.00,0.00,0.00,0.00,0.00,0.00,0.00
2026-09-27 00:00:00+00:00,Mora,0707,0.00,0.00,0.00,0.00,0.00,0.00,0.00,0.00,0.00,0.00,0.00,0.00,0.00,0.00
2026-09-28 00:00:00+00:00,Mora,0707,1.59,1.85,0.00,7.39,0.16,0.74,2.58,0.18,0.21,0.00,0.84,0.01,0.08,0.28
2026-09-29 00:00:00+00:00,Mora,0707,4.96,1.15,1.57,6.00,4.39,5.43,5.89,0.09,0.02,0.03,0.12,0.08,0.10,0.10
2026-09-10 00:00:00+00:00,Mourão,0708,0.00,0.00,0.00,0.00,0.00,0.00,0.00,0.00,0.00,0.00,0.00,0.00,0.00,0.00
2026-09-11 00:00:00+00:00,Mourão,0708,0.00,0.00,0.00,0.00,0.00,0.00,0.00,0.00,0.00,0.00,0.00,0.00,0.00,0.00
2026-09-12 00:00:00+00:00,Mourão,0708,0.00,0.00,0.00,0.00,0.00,0.00,0.00,0.00,0.00,0.00,0.00,0.00,0.00,0.00
2026-09-13 00:00:00+00:00,Mourão,0708,0.00,0.00,0.00,0.00,0.00,0.00,0.00,0.00,0.00,0.00,0.00,0.00,0.00,0.00
2026-09-14 00:00:00+00:00,Mourão,0708,0.00,0.00,0.00,0.00,0.00,0.00,0.00,0.00,0.00,0.00,0.00,0.00,0.00,0.00
2026-09-15 00:00:00+00:00,Mourão,0708,0.00,0.00,0.00,0.00,0.00,0.00,0.00,0.00,0.00,0.00,0.00,0.00,0.00,0.00
2026-09-16 00:00:00+00:00,Mourão,0708,0.00,0.00,0.00,0.00,0.00,0.00,0.00,0.00,0.00,0.00,0.00,0.00,0.00,0.00
2026-09-17 00:00:00+00:00,Mourão,0708,0.00,0.00,0.00,0.00,0.00,0.00,0.00,0.00,0.00,0.00,0.00,0.00,0.00,0.00
2026-09-18 00:00:00+00:00,Mourão,0708,0.00,0.00,0.00,0.00,0.00,0.00,0.00,0.00,0.00,0.00,0.00,0.00,0.00,0.00
2026-09-19 00:00:00+00:00,Mourão,0708,0.00,0.00,0.00,0.00,0.00,0.00,0.00,0.00,0.00,0.00,0.00,0.00,0.00,0.00
2026-09-20 00:00:00+00:00,Mourão,0708,0.00,0.00,0.00,0.00,0.00,0.00,0.00,0.00,0.00,0.00,0.00,0.00,0.00,0.00
2026-09-21 00:00:00+00:00,Mourão,0708,0.00,0.00,0.00,0.00,0.00,0.00,0.00,0.00,0.00,0.00,0.00,0.00,0.00,0.00
2026-09-22 00:00:00+00:00,Mourão,0708,0.00,0.00,0.00,0.00,0.00,0.00,0.00,0.00,0.00,0.00,0.00,0.00,0.00,0.00
2026-09-23 00:00:00+00:00,Mourão,0708,0.00,0.00,0.00,0.00,0.00,0.00,0.00,0.00,0.00,0.00,0.00,0.00,0.00,0.00
2026-09-24 00:00:00+00:00,Mourão,0708,0.00,0.00,0.00,0.00,0.00,0.00,0.00,0.00,0.00,0.00,0.00,0.00,0.00,0.00
2026-09-25 00:00:00+00:00,Mourão,0708,0.00,0.00,0.00,0.00,0.00,0.00,0.00,0.00,0.00,0.00,0.00,0.00,0.00,0.00
2026-09-26 00:00:00+00:00,Mourão,0708,0.00,0.00,0.00,0.00,0.00,0.00,0.00,0.00,0.00,0.00,0.00,0.00,0.00,0.00
2026-09-27 00:00:00+00:00,Mourão,0708,0.14,0.10,0.00,0.46,0.04,0.15,0.20,0.00,0.00,0.00,0.01,0.00,0.00,0.00
2026-09-28 00:00:00+00:00,Mourão,0708,5.31,1.15,1.91,6.85,4.62,6.02,6.14,1.11,0.38,0.29,1.51,0.80,1.18,1.49
2026-09-29 00:00:00+00:00,Mourão,0708,0.06,0.04,0.00,0.17,0.01,0.07,0.10,0.00,0.00,0.00,0.00,0.00,0.00,0.00
2026-09-10 00:00:00+00:00,Portel,0709,0.00,0.00,0.00,0.01,0.00,0.00,0.00,0.00,0.00,0.00,0.00,0.00,0.00,0.00
2026-09-11 00:00:00+00:00,Portel,0709,0.00,0.00,0.00,0.00,0.00,0.00,0.00,0.00,0.00,0.00,0.00,0.00,0.00,0.00
2026-09-12 00:00:00+00:00,Portel,0709,0.00,0.00,0.00,0.00,0.00,0.00,0.00,0.00,0.00,0.00,0.00,0.00,0.00,0.00
2026-09-13 00:00:00+00:00,Portel,0709,0.00,0.00,0.00,0.00,0.00,0.00,0.00,0.00,0.00,0.00,0.00,0.00,0.00,0.00
2026-09-14 00:00:00+00:00,Portel,0709,0.00,0.00,0.00,0.00,0.00,0.00,0.00,0.00,0.00,0.00,0.00,0.00,0.00,0.00
2026-09-15 00:00:00+00:00,Portel,0709,0.00,0.00,0.00,0.00,0.00,0.00,0.00,0.00,0.00,0.00,0.00,0.00,0.00,0.00
2026-09-16 00:00:00+00:00,Portel,0709,0.00,0.00,0.00,0.00,0.00,0.00,0.00,0.00,0.00,0.00,0.00,0.00,0.00,0.00
2026-09-17 00:00:00+00:00,Portel,0709,0.00,0.00,0.00,0.00,0.00,0.00,0.00,0.00,0.00,0.00,0.00,0.00,0.00,0.00
2026-09-18 00:00:00+00:00,Portel,0709,0.00,0.00,0.00,0.00,0.00,0.00,0.00,0.00,0.00,0.00,0.00,0.00,0.00,0.00
2026-09-19 00:00:00+00:00,Portel,0709,0.00,0.00,0.00,0.00,0.00,0.00,0.00,0.00,0.00,0.00,0.00,0.00,0.00,0.00
2026-09-20 00:00:00+00:00,Portel,0709,0.00,0.00,0.00,0.00,0.00,0.00,0.00,0.00,0.00,0.00,0.00,0.00,0.00,0.00
2026-09-21 00:00:00+00:00,Portel,0709,0.00,0.00,0.00,0.00,0.00,0.00,0.00,0.00,0.00,0.00,0.00,0.00,0.00,0.00
2026-09-22 00:00:00+00:00,Portel,0709,0.00,0.00,0.00,0.00,0.00,0.00,0.00,0.00,0.00,0.00,0.00,0.00,0.00,0.00
2026-09-23 00:00:00+00:00,Portel,0709,0.00,0.00,0.00,0.01,0.00,0.00,0.00,0.00,0.00,0.00,0.00,0.00,0.00,0.00
2026-09-24 00:00:00+00:00,Portel,0709,0.00,0.00,0.00,0.00,0.00,0.00,0.00,0.00,0.00,0.00,0.00,0.00,0.00,0.00
2026-09-25 00:00:00+00:00,Portel,0709,0.00,0.00,0.00,0.00,0.00,0.00,0.00,0.00,0.00,0.00,0.00,0.00,0.00,0.00
2026-09-26 00:00:00+00:00,Portel,0709,0.00,0.00,0.00,0.00,0.00,0.00,0.00,0.00,0.00,0.00,0.00,0.00,0.00,0.00
2026-09-27 00:00:00+00:00,Portel,0709,1.85,1.10,0.36,5.48,0.98,1.56,2.49,0.03,0.02,0.01,0.10,0.02,0.03,0.05
2026-09-28 00:00:00+00:00,Portel,0709,16.52,4.52,7.70,29.29,12.90,16.69,19.30,1.70,0.30,0.97,2.45,1.51,1.71,1.89
2026-09-29 00:00:00+00:00,Portel,0709,0.03,0.03,0.00,0.08,0.00,0.01,0.05,0.01,0.00,0.00,0.02,0.00,0.01,0.01
2026-09-10 00:00:00+00:00,Redondo,0710,0.00,0.00,0.00,0.03,0.00,0.00,0.00,0.00,0.00,0.00,0.00,0.00,0.00,0.00
2026-09-11 00:00:00+00:00,Redondo,0710,0.00,0.00,0.00,0.00,0.00,0.00,0.00,0.00,0.00,0.00,0.00,0.00,0.00,0.00
2026-09-12 00:00:00+00:00,Redondo,0710,0.00,0.00,0.00,0.00,0.00,0.00,0.00,0.00,0.00,0.00,0.00,0.00,0.00,0.00
2026-09-13 00:00:00+00:00,Redondo,0710,0.00,0.00,0.00,0.00,0.00,0.00,0.00,0.00,0.00,0.00,0.00,0.00,0.00,0.00
2026-09-14 00:00:00+00:00,Redondo,0710,0.00,0.00,0.00,0.00,0.00,0.00,0.00,0.00,0.00,0.00,0.00,0.00,0.00,0.00
2026-09-15 00:00:00+00:00,Redondo,0710,0.00,0.00,0.00,0.00,0.00,0.00,0.00,0.00,0.00,0.00,0.00,0.00,0.00,0.00
2026-09-16 00:00:00+00:00,Redondo,0710,0.00,0.00,0.00,0.00,0.00,0.00,0.00,0.00,0.00,0.00,0.00,0.00,0.00,0.00
2026-09-17 00:00:00+00:00,Redondo,0710,0.00,0.00,0.00,0.00,0.00,0.00,0.00,0.00,0.00,0.00,0.00,0.00,0.00,0.00
2026-09-18 00:00:00+00:00,Redondo,0710,0.00,0.00,0.00,0.00,0.00,0.00,0.00,0.00,0.00,0.00,0.00,0.00,0.00,0.00
2026-09-19 00:00:00+00:00,Redondo,0710,0.00,0.00,0.00,0.00,0.00,0.00,0.00,0.00,0.00,0.00,0.00,0.00,0.00,0.00
2026-09-20 00:00:00+00:00,Redondo,0710,0.00,0.00,0.00,0.00,0.00,0.00,0.00,0.00,0.00,0.00,0.00,0.00,0.00,0.00
2026-09-21 00:00:00+00:00,Redondo,0710,0.00,0.00,0.00,0.00,0.00,0.00,0.00,0.00,0.00,0.00,0.00,0.00,0.00,0.00
2026-09-22 00:00:00+00:00,Redondo,0710,0.00,0.00,0.00,0.00,0.00,0.00,0.00,0.00,0.00,0.00,0.00,0.00,0.00,0.00
2026-09-23 00:00:00+00:00,Redondo,0710,0.00,0.00,0.00,0.03,0.00,0.00,0.00,0.00,0.00,0.00,0.00,0.00,0.00,0.00
2026-09-24 00:00:00+00:00,Redondo,0710,0.00,0.00,0.00,0.00,0.00,0.00,0.00,0.00,0.00,0.00,0.00,0.00,0.00,0.00
2026-09-25 00:00:00+00:00,Redondo,0710,0.00,0.00,0.00,0.00,0.00,0.00,0.00,0.00,0.00,0.00,0.00,0.00,0.00,0.00
2026-09-26 00:00:00+00:00,Redondo,0710,0.00,0.00,0.00,0.00,0.00,0.00,0.00,0.00,0.00,0.00,0.00,0.00,0.00,0.00
2026-09-27 00:00:00+00:00,Redondo,0710,0.11,0.04,0.01,0.17,0.09,0.12,0.15,0.00,0.00,0.00,0.00,0.00,0.00,0.00
2026-09-28 00:00:00+00:00,Redondo,0710,17.49,8.78,0.46,32.11,9.53,19.88,25.28,1.97,1.02,0.06,4.44,1.09,2.07,2.70
2026-09-29 00:00:00+00:00,Redondo,0710,0.24,0.12,0.01,0.47,0.14,0.27,0.35,0.01,0.01,0.00,0.03,0.01,0.01,0.02
2026-09-10 00:00:00+00:00,Reguengos de Monsaraz,0711,0.00,0.00,0.00,0.00,0.00,0.00,0.00,0.00,0.00,0.00,0.00,0.00,0.00,0.00
2026-09-11 00:00:00+00:00,Reguengos de Monsaraz,0711,0.00,0.00,0.00,0.00,0.00,0.00,0.00,0.00,0.00,0.00,0.00,0.00,0.00,0.00
2026-09-12 00:00:00+00:00,Reguengos de Monsaraz,0711,0.00,0.00,0.00,0.00,0.00,0.00,0.00,0.00,0.00,0.00,0.00,0.00,0.00,0.00
2026-09-13 00:00:00+00:00,Reguengos de Monsaraz,0711,0.00,0.00,0.00,0.00,0.00,0.00,0.00,0.00,0.00,0.00,0.00,0.00,0.00,0.00
2026-09-14 00:00:00+00:00,Reguengos de Monsaraz,0711,0.00,0.00,0.00,0.00,0.00,0.00,0.00,0.00,0.00,0.00,0.00,0.00,0.00,0.00
2026-09-15 00:00:00+00:00,Reguengos de Monsaraz,0711,0.00,0.00,0.00,0.00,0.00,0.00,0.00,0.00,0.00,0.00,0.00,0.00,0.00,0.00
2026-09-16 00:00:00+00:00,Reguengos de Monsaraz,0711,0.00,0.00,0.00,0.00,0.00,0.00,0.00,0.00,0.00,0.00,0.00,0.00,0.00,0.00
2026-09-17 00:00:00+00:00,Reguengos de Monsaraz,0711,0.00,0.00,0.00,0.00,0.00,0.00,0.00,0.00,0.00,0.00,0.00,0.00,0.00,0.00
2026-09-18 00:00:00+00:00,Reguengos de Monsaraz,0711,0.00,0.00,0.00,0.00,0.00,0.00,0.00,0.00,0.00,0.00,0.00,0.00,0.00,0.00
2026-09-19 00:00:00+00:00,Reguengos de Monsaraz,0711,0.00,0.00,0.00,0.00,0.00,0.00,0.00,0.00,0.00,0.00,0.00,0.00,0.00,0.00
2026-09-20 00:00:00+00:00,Reguengos de Monsaraz,0711,0.00,0.00,0.00,0.00,0.00,0.00,0.00,0.00,0.00,0.00,0.00,0.00,0.00,0.00
2026-09-21 00:00:00+00:00,Reguengos de Monsaraz,0711,0.00,0.00,0.00,0.00,0.00,0.00,0.00,0.00,0.00,0.00,0.00,0.00,0.00,0.00
2026-09-22 00:00:00+00:00,Reguengos de Monsaraz,0711,0.00,0.00,0.00,0.00,0.00,0.00,0.00,0.00,0.00,0.00,0.00,0.00,0.00,0.00
2026-09-23 00:00:00+00:00,Reguengos de Monsaraz,0711,0.00,0.00,0.00,0.00,0.00,0.00,0.00,0.00,0.00,0.00,0.00,0.00,0.00,0.00
2026-09-24 00:00:00+00:00,Reguengos de Monsaraz,0711,0.00,0.00,0.00,0.00,0.00,0.00,0.00,0.00,0.00,0.00,0.00,0.00,0.00,0.00
2026-09-25 00:00:00+00:00,Reguengos de Monsaraz,0711,0.00,0.00,0.00,0.00,0.00,0.00,0.00,0.00,0.00,0.00,0.00,0.00,0.00,0.00
2026-09-26 00:00:00+00:00,Reguengos de Monsaraz,0711,0.00,0.00,0.00,0.00,0.00,0.00,0.00,0.00,0.00,0.00,0.00,0.00,0.00,0.00
2026-09-27 00:00:00+00:00,Reguengos de Monsaraz,0711,0.25,0.29,0.00,1.16,0.02,0.11,0.41,0.00,0.01,0.00,0.02,0.00,0.00,0.01
2026-09-28 00:00:00+00:00,Reguengos de Monsaraz,0711,3.11,2.84,0.00,9.35,0.62,2.00,5.44,0.44,0.41,0.00,1.46,0.09,0.28,0.77
2026-09-29 00:00:00+00:00,Reguengos de Monsaraz,0711,0.04,0.03,0.00,0.09,0.02,0.05,0.06,0.00,0.00,0.00,0.01,0.00,0.00,0.00
2026-09-10 00:00:00+00:00,Vendas Novas,0712,4.30,1.33,1.44,5.98,3.26,4.60,5.53,0.07,0.02,0.02,0.10,0.05,0.08,0.09
2026-09-11 00:00:00+00:00,Vendas Novas,0712,0.00,0.00,0.00,0.00,0.00,0.00,0.00,0.00,0.00,0.00,0.00,0.00,0.00,0.00
2026-09-12 00:00:00+00:00,Vendas Novas,0712,0.00,0.00,0.00,0.00,0.00,0.00,0.00,0.00,0.00,0.00,0.00,0.00,0.00,0.00
2026-09-13 00:00:00+00:00,Vendas Novas,0712,0.00,0.00,0.00,0.00,0.00,0.00,0.00,0.00,0.00,0.00,0.00,0.00,0.00,0.00
2026-09-14 00:00:00+00:00,Vendas Novas,0712,0.00,0.00,0.00,0.00,0.00,0.00,0.00,0.00,0.00,0.00,0.00,0.00,0.00,0.00
2026-09-15 00:00:00+00:00,Vendas Novas,0712,0.00,0.00,0.00,0.00,0.00,0.00,0.00,0.00,0.00,0.00,0.00,0.00,0.00,0.00
2026-09-16 00:00:00+00:00,Vendas Novas,0712,0.00,0.00,0.00,0.00,0.00,0.00,0.00,0.00,0.00,0.00,0.00,0.00,0.00,0.00
2026-09-17 00:00:00+00:00,Vendas Novas,0712,0.00,0.00,0.00,0.00,0.00,0.00,0.00,0.00,0.00,0.00,0.00,0.00,0.00,0.00
2026-09-18 00:00:00+00:00,Vendas Novas,0712,0.00,0.00,0.00,0.00,0.00,0.00,0.00,0.00,0.00,0.00,0.00,0.00,0.00,0.00
2026-09-19 00:00:00+00:00,Vendas Novas,0712,0.00,0.00,0.00,0.00,0.00,0.00,0.00,0.00,0.00,0.00,0.00,0.00,0.00,0.00
2026-09-20 00:00:00+00:00,Vendas Novas,0712,0.00,0.00,0.00,0.00,0.00,0.00,0.00,0.00,0.00,0.00,0.00,0.00,0.00,0.00
2026-09-21 00:00:00+00:00,Vendas Novas,0712,0.00,0.00,0.00,0.00,0.00,0.00,0.00,0.00,0.00,0.00,0.00,0.00,0.00,0.00
2026-09-22 00:00:00+00:00,Vendas Novas,0712,0.00,0.00,0.00,0.00,0.00,0.00,0.00,0.00,0.00,0.00,0.00,0.00,0.00,0.00
2026-09-23 00:00:00+00:00,Vendas Novas,0712,3.99,1.45,1.18,5.97,2.67,4.25,5.36,0.07,0.02,0.02,0.10,0.04,0.07,0.09
2026-09-24 00:00:00+00:00,Vendas Novas,0712,0.31,0.17,0.01,0.73,0.17,0.32,0.43,0.08,0.02,0.03,0.10,0.06,0.08,0.10
2026-09-25 00:00:00+00:00,Vendas Novas,0712,0.31,0.17,0.01,0.73,0.17,0.32,0.43,0.01,0.00,0.00,0.01,0.00,0.01,0.01
2026-09-26 00:00:00+00:00,Vendas Novas,0712,0.00,0.00,0.00,0.00,0.00,0.00,0.00,0.00,0.00,0.00,0.00,0.00,0.00,0.00
2026-09-27 00:00:00+00:00,Vendas Novas,0712,0.00,0.00,0.00,0.00,0.00,0.00,0.00,0.00,0.00,0.00,0.00,0.00,0.00,0.00
2026-09-28 00:00:00+00:00,Vendas Novas,0712,3.07,2.07,0.04,9.91,1.23,2.98,4.71,0.38,0.26,0.01,1.31,0.16,0.36,0.59
2026-09-29 00:00:00+00:00,Vendas Novas,0712,0.83,0.59,0.02,2.36,0.30,0.81,1.24,0.03,0.02,0.00,0.10,0.01,0.03,0.05
2026-09-10 00:00:00+00:00,Viana do Alentejo,0713,0.10,0.11,0.00,0.40,0.00,0.05,0.19,0.00,0.00,0.00,0.01,0.00,0.00,0.00
2026-09-11 00:00:00+00:00,Viana do Alentejo,0713,0.00,0.00,0.00,0.00,0.00,0.00,0.00,0.00,0.00,0.00,0.00,0.00,0.00,0.00
2026-09-12 00:00:00+00:00,Viana do Alentejo,0713,0.00,0.00,0.00,0.00,0.00,0.00,0.00,0.00,0.00,0.00,0.00,0.00,0.00,0.00
2026-09-13 00:00:00+00:00,Viana do Alentejo,0713,0.00,0.00,0.00,0.00,0.00,0.00,0.00,0.00,0.00,0.00,0.00,0.00,0.00,0.00
2026-09-14 00:00:00+00:00,Viana do Alentejo,0713,0.00,0.00,0.00,0.00,0.00,0.00,0.00,0.00,0.00,0.00,0.00,0.00,0.00,0.00
2026-09-15 00:00:00+00:00,Viana do Alentejo,0713,0.00,0.00,0.00,0.00,0.00,0.00,0.00,0.00,0.00,0.00,0.00,0.00,0.00,0.00
2026-09-16 00:00:00+00:00,Viana do Alentejo,0713,0.00,0.00,0.00,0.00,0.00,0.00,0.00,0.00,0.00,0.00,0.00,0.00,0.00,0.00
2026-09-17 00:00:00+00:00,Viana do Alentejo,0713,0.00,0.00,0.00,0.00,0.00,0.00,0.00,0.00,0.00,0.00,0.00,0.00,0.00,0.00
2026-09-18 00:00:00+00:00,Viana do Alentejo,0713,0.00,0.00,0.00,0.00,0.00,0.00,0.00,0.00,0.00,0.00,0.00,0.00,0.00,0.00
2026-09-19 00:00:00+00:00,Viana do Alentejo,0713,0.00,0.00,0.00,0.00,0.00,0.00,0.00,0.00,0.00,0.00,0.00,0.00,0.00,0.00
2026-09-20 00:00:00+00:00,Viana do Alentejo,0713,0.00,0.00,0.00,0.00,0.00,0.00,0.00,0.00,0.00,0.00,0.00,0.00,0.00,0.00
2026-09-21 00:00:00+00:00,Viana do Alentejo,0713,0.00,0.00,0.00,0.00,0.00,0.00,0.00,0.00,0.00,0.00,0.00,0.00,0.00,0.00
2026-09-22 00:00:00+00:00,Viana do Alentejo,0713,0.00,0.00,0.00,0.00,0.00,0.00,0.00,0.00,0.00,0.00,0.00,0.00,0.00,0.00
2026-09-23 00:00:00+00:00,Viana do Alentejo,0713,0.07,0.08,0.00,0.30,0.00,0.04,0.14,0.00,0.00,0.00,0.00,0.00,0.00,0.00
2026-09-24 00:00:00+00:00,Viana do Alentejo,0713,0.03,0.03,0.00,0.10,0.00,0.02,0.06,0.00,0.00,0.00,0.01,0.00,0.00,0.00
2026-09-25 00:00:00+00:00,Viana do Alentejo,0713,0.03,0.03,0.00,0.10,0.00,0.02,0.05,0.00,0.00,0.00,0.00,0.00,0.00,0.00
2026-09-26 00:00:00+00:00,Viana do Alentejo,0713,0.00,0.00,0.00,0.00,0.00,0.00,0.00,0.00,0.00,0.00,0.00,0.00,0.00,0.00
2026-09-27 00:00:00+00:00,Viana do Alentejo,0713,0.15,0.09,0.00,0.49,0.06,0.18,0.22,0.00,0.00,0.00,0.01,0.00,0.00,0.00
2026-09-28 00:00:00+00:00,Viana do Alentejo,0713,19.01,8.06,12.00,53.29,13.04,16.41,21.73,1.99,0.94,1.04,6.51,1.43,1.58,2.15
2026-09-29 00:00:00+00:00,Viana do Alentejo,0713,0.08,0.09,0.00,0.28,0.00,0.04,0.16,0.00,0.00,0.00,0.02,0.00,0.00,0.01
2026-09-10 00:00:00+00:00,Vila Viçosa,0714,0.00,0.00,0.00,0.00,0.00,0.00,0.00,0.00,0.00,0.00,0.00,0.00,0.00,0.00
2026-09-11 00:00:00+00:00,Vila Viçosa,0714,0.00,0.00,0.00,0.00,0.00,0.00,0.00,0.00,0.00,0.00,0.00,0.00,0.00,0.00
2026-09-12 00:00:00+00:00,Vila Viçosa,0714,0.00,0.00,0.00,0.00,0.00,0.00,0.00,0.00,0.00,0.00,0.00,0.00,0.00,0.00
2026-09-13 00:00:00+00:00,Vila Viçosa,0714,0.00,0.00,0.00,0.00,0.00,0.00,0.00,0.00,0.00,0.00,0.00,0.00,0.00,0.00
2026-09-14 00:00:00+00:00,Vila Viçosa,0714,0.00,0.00,0.00,0.00,0.00,0.00,0.00,0.00,0.00,0.00,0.00,0.00,0.00,0.00
2026-09-15 00:00:00+00:00,Vila Viçosa,0714,0.00,0.00,0.00,0.00,0.00,0.00,0.00,0.00,0.00,0.00,0.00,0.00,0.00,0.00
2026-09-16 00:00:00+00:00,Vila Viçosa,0714,0.00,0.00,0.00,0.00,0.00,0.00,0.00,0.00,0.00,0.00,0.00,0.00,0.00,0.00
2026-09-17 00:00:00+00:00,Vila Viçosa,0714,0.00,0.00,0.00,0.00,0.00,0.00,0.00,0.00,0.00,0.00,0.00,0.00,0.00,0.00
2026-09-18 00:00:00+00:00,Vila Viçosa,0714,0.00,0.00,0.00,0.00,0.00,0.00,0.00,0.00,0.00,0.00,0.00,0.00,0.00,0.00
2026-09-19 00:00:00+00:00,Vila Viçosa,0714,0.00,0.00,0.00,0.00,0.00,0.00,0.00,0.00,0.00,0.00,0.00,0.00,0.00,0.00
2026-09-20 00:00:00+00:00,Vila Viçosa,0714,0.00,0.00,0.00,0.00,0.00,0.00,0.00,0.00,0.00,0.00,0.00,0.00,0.00,0.00
2026-09-21 00:00:00+00:00,Vila Viçosa,0714,0.00,0.00,0.00,0.00,0.00,0.00,0.00,0.00,0.00,0.00,0.00,0.00,0.00,0.00
2026-09-22 00:00:00+00:00,Vila Viçosa,0714,0.00,0.00,0.00,0.00,0.00,0.00,0.00,0.00,0.00,0.00,0.00,0.00,0.00,0.00
2026-09-23 00:00:00+00:00,Vila Viçosa,0714,0.00,0.00,0.00,0.00,0.00,0.00,0.00,0.00,0.00,0.00,0.00,0.00,0.00,0.00
2026-09-24 00:00:00+00:00,Vila Viçosa,0714,0.00,0.00,0.00,0.00,0.00,0.00,0.00,0.00,0.00,0.00,0.00,0.00,0.00,0.00
2026-09-25 00:00:00+00:00,Vila Viçosa,0714,0.00,0.00,0.00,0.00,0.00,0.00,0.00,0.00,0.00,0.00,0.00,0.00,0.00,0.00
2026-09-26 00:00:00+00:00,Vila Viçosa,0714,0.00,0.00,0.00,0.00,0.00,0.00,0.00,0.00,0.00,0.00,0.00,0.00,0.00,0.00
2026-09-27 00:00:00+00:00,Vila Viçosa,0714,0.05,0.02,0.01,0.10,0.03,0.04,0.06,0.00,0.00,0.00,0.00,0.00,0.00,0.00
2026-09-28 00:00:00+00:00,Vila Viçosa,0714,21.44,7.04,7.63,32.85,15.88,22.73,27.18,2.81,1.10,0.65,4.63,1.94,3.02,3.70
2026-09-29 00:00:00+00:00,Vila Viçosa,0714,2.14,1.64,0.27,5.58,0.66,1.54,3.49,0.04,0.03,0.01,0.09,0.01,0.03,0.06
2026-09-10 00:00:00+00:00,Albufeira,0801,0.01,0.01,0.00,0.05,0.00,0.00,0.01,0.00,0.00,0.00,0.00,0.00,0.00,0.00
2026-09-11 00:00:00+00:00,Albufeira,0801,0.00,0.00,0.00,0.00,0.00,0.00,0.00,0.00,0.00,0.00,0.00,0.00,0.00,0.00
2026-09-12 00:00:00+00:00,Albufeira,0801,0.01,0.01,0.00,0.05,0.00,0.01,0.02,0.00,0.00,0.00,0.00,0.00,0.00,0.00
2026-09-13 00:00:00+00:00,Albufeira,0801,0.00,0.00,0.00,0.00,0.00,0.00,0.00,0.00,0.00,0.00,0.00,0.00,0.00,0.00
2026-09-14 00:00:00+00:00,Albufeira,0801,0.00,0.00,0.00,0.00,0.00,0.00,0.00,0.00,0.00,0.00,0.00,0.00,0.00,0.00
2026-09-15 00:00:00+00:00,Albufeira,0801,0.00,0.01,0.00,0.03,0.00,0.00,0.01,0.00,0.00,0.00,0.00,0.00,0.00,0.00
2026-09-16 00:00:00+00:00,Albufeira,0801,0.06,0.04,0.01,0.14,0.03,0.06,0.09,0.00,0.00,0.00,0.00,0.00,0.00,0.00
2026-09-17 00:00:00+00:00,Albufeira,0801,0.00,0.00,0.00,0.00,0.00,0.00,0.00,0.00,0.00,0.00,0.00,0.00,0.00,0.00
2026-09-18 00:00:00+00:00,Albufeira,0801,0.00,0.00,0.00,0.00,0.00,0.00,0.00,0.00,0.00,0.00,0.00,0.00,0.00,0.00
2026-09-19 00:00:00+00:00,Albufeira,0801,0.00,0.00,0.00,0.00,0.00,0.00,0.00,0.00,0.00,0.00,0.00,0.00,0.00,0.00
2026-09-20 00:00:00+00:00,Albufeira,0801,0.01,0.01,0.00,0.05,0.00,0.01,0.02,0.00,0.00,0.00,0.00,0.00,0.00,0.00
2026-09-21 00:00:00+00:00,Albufeira,0801,0.00,0.00,0.00,0.00,0.00,0.00,0.00,0.00,0.00,0.00,0.00,0.00,0.00,0.00
2026-09-22 00:00:00+00:00,Albufeira,0801,0.00,0.00,0.00,0.00,0.00,0.00,0.00,0.00,0.00,0.00,0.00,0.00,0.00,0.00
2026-09-23 00:00:00+00:00,Albufeira,0801,0.00,0.00,0.00,0.00,0.00,0.00,0.00,0.00,0.00,0.00,0.00,0.00,0.00,0.00
2026-09-24 00:00:00+00:00,Albufeira,0801,0.00,0.00,0.00,0.00,0.00,0.00,0.00,0.00,0.00,0.00,0.00,0.00,0.00,0.00
2026-09-25 00:00:00+00:00,Albufeira,0801,0.00,0.00,0.00,0.00,0.00,0.00,0.00,0.00,0.00,0.00,0.00,0.00,0.00,0.00
2026-09-26 00:00:00+00:00,Albufeira,0801,0.00,0.00,0.00,0.00,0.00,0.00,0.00,0.00,0.00,0.00,0.00,0.00,0.00,0.00
2026-09-27 00:00:00+00:00,Albufeira,0801,0.00,0.00,0.00,0.00,0.00,0.00,0.00,0.00,0.00,0.00,0.00,0.00,0.00,0.00
2026-09-28 00:00:00+00:00,Albufeira,0801,0.33,0.41,0.00,1.75,0.04,0.13,0.50,0.08,0.10,0.00,0.41,0.01,0.03,0.13
2026-09-29 00:00:00+00:00,Albufeira,0801,0.14,0.14,0.00,0.50,0.02,0.08,0.26,0.00,0.00,0.00,0.01,0.00,0.00,0.00
2026-09-10 00:00:00+00:00,Alcoutim,0802,0.00,0.00,0.00,0.00,0.00,0.00,0.00,0.00,0.00,0.00,0.00,0.00,0.00,0.00
2026-09-11 00:00:00+00:00,Alcoutim,0802,0.00,0.00,0.00,0.00,0.00,0.00,0.00,0.00,0.00,0.00,0.00,0.00,0.00,0.00
2026-09-12 00:00:00+00:00,Alcoutim,0802,0.30,0.31,0.00,1.72,0.05,0.26,0.45,0.01,0.01,0.00,0.05,0.00,0.01,0.01
2026-09-13 00:00:00+00:00,Alcoutim,0802,0.00,0.00,0.00,0.00,0.00,0.00,0.00,0.00,0.00,0.00,0.00,0.00,0.00,0.00
2026-09-14 00:00:00+00:00,Alcoutim,0802,0.00,0.00,0.00,0.00,0.00,0.00,0.00,0.00,0.00,0.00,0.00,0.00,0.00,0.00
2026-09-15 00:00:00+00:00,Alcoutim,0802,0.00,0.00,0.00,0.00,0.00,0.00,0.00,0.00,0.00,0.00,0.00,0.00,0.00,0.00
2026-09-16 00:00:00+00:00,Alcoutim,0802,0.00,0.00,0.00,0.01,0.00,0.00,0.00,0.00,0.00,0.00,0.00,0.00,0.00,0.00
2026-09-17 00:00:00+00:00,Alcoutim,0802,0.00,0.00,0.00,0.00,0.00,0.00,0.00,0.00,0.00,0.00,0.01,0.00,0.00,0.00
2026-09-18 00:00:00+00:00,Alcoutim,0802,0.00,0.00,0.00,0.00,0.00,0.00,0.00,0.00,0.00,0.00,0.01,0.00,0.00,0.00
2026-09-19 00:00:00+00:00,Alcoutim,0802,0.00,0.00,0.00,0.00,0.00,0.00,0.00,0.00,0.00,0.00,0.00,0.00,0.00,0.00
2026-09-20 00:00:00+00:00,Alcoutim,0802,0.30,0.31,0.00,1.72,0.05,0.26,0.45,0.00,0.00,0.00,0.03,0.00,0.00,0.01
2026-09-21 00:00:00+00:00,Alcoutim,0802,0.00,0.00,0.00,0.00,0.00,0.00,0.00,0.00,0.00,0.00,0.00,0.00,0.00,0.00
2026-09-22 00:00:00+00:00,Alcoutim,0802,0.00,0.00,0.00,0.00,0.00,0.00,0.00,0.00,0.00,0.00,0.00,0.00,0.00,0.00
2026-09-23 00:00:00+00:00,Alcoutim,0802,0.00,0.00,0.00,0.00,0.00,0.00,0.00,0.00,0.00,0.00,0.00,0.00,0.00,0.00
2026-09-24 00:00:00+00:00,Alcoutim,0802,0.00,0.00,0.00,0.00,0.00,0.00,0.00,0.00,0.00,0.00,0.00,0.00,0.00,0.00
2026-09-25 00:00:00+00:00,Alcoutim,0802,0.00,0.00,0.00,0.00,0.00,0.00,0.00,0.00,0.00,0.00,0.01,0.00,0.00,0.00
2026-09-26 00:00:00+00:00,Alcoutim,0802,0.00,0.00,0.00,0.00,0.00,0.00,0.00,0.00,0.00,0.00,0.00,0.00,0.00,0.00
2026-09-27 00:00:00+00:00,Alcoutim,0802,0.07,0.06,0.00,0.26,0.02,0.05,0.10,0.00,0.00,0.00,0.01,0.00,0.00,0.00
2026-09-28 00:00:00+00:00,Alcoutim,0802,15.59,4.26,3.30,31.02,12.99,17.06,18.26,3.50,0.95,0.76,6.10,2.88,3.83,4.22
2026-09-29 00:00:00+00:00,Alcoutim,0802,0.36,0.35,0.00,1.88,0.07,0.33,0.53,0.01,0.01,0.00,0.03,0.00,0.01,0.01
2026-09-10 00:00:00+00:00,Aljezur,0803,0.22,0.33,0.00,1.93,0.04,0.12,0.19,0.00,0.01,0.00,0.03,0.00,0.00,0.00
2026-09-11 00:00:00+00:00,Aljezur,0803,0.00,0.00,0.00,0.00,0.00,0.00,0.00,0.00,0.00,0.00,0.00,0.00,0.00,0.00
2026-09-12 00:00:00+00:00,Aljezur,0803,0.00,0.00,0.00,0.00,0.00,0.00,0.00,0.00,0.00,0.00,0.00,0.00,0.00,0.00
2026-09-13 00:00:00+00:00,Aljezur,0803,0.00,0.00,0.00,0.00,0.00,0.00,0.00,0.00,0.00,0.00,0.00,0.00,0.00,0.00
2026-09-14 00:00:00+00:00,Aljezur,0803,0.00,0.00,0.00,0.00,0.00,0.00,0.00,0.00,0.00,0.00,0.00,0.00,0.00,0.00
2026-09-15 00:00:00+00:00,Aljezur,0803,0.34,0.66,0.00,3.38,0.01,0.04,0.27,0.01,0.01,0.00,0.05,0.00,0.00,0.00
2026-09-16 00:00:00+00:00,Aljezur,0803,0.22,0.34,0.00,1.94,0.04,0.12,0.19,0.00,0.01,0.00,0.03,0.00,0.00,0.00
2026-09-17 00:00:00+00:00,Aljezur,0803,0.00,0.00,0.00,0.00,0.00,0.00,0.00,0.00,0.00,0.00,0.00,0.00,0.00,0.00
2026-09-18 00:00:00+00:00,Aljezur,0803,0.00,0.00,0.00,0.00,0.00,0.00,0.00,0.00,0.00,0.00,0.00,0.00,0.00,0.00
2026-09-19 00:00:00+00:00,Aljezur,0803,0.00,0.00,0.00,0.00,0.00,0.00,0.00,0.00,0.00,0.00,0.00,0.00,0.00,0.00
2026-09-20 00:00:00+00:00,Aljezur,0803,0.00,0.00,0.00,0.00,0.00,0.00,0.00,0.00,0.00,0.00,0.00,0.00,0.00,0.00
2026-09-21 00:00:00+00:00,Aljezur,0803,0.00,0.00,0.00,0.00,0.00,0.00,0.00,0.00,0.00,0.00,0.00,0.00,0.00,0.00
2026-09-22 00:00:00+00:00,Aljezur,0803,0.00,0.00,0.00,0.00,0.00,0.00,0.00,0.00,0.00,0.00,0.00,0.00,0.00,0.00
2026-09-23 00:00:00+00:00,Aljezur,0803,0.00,0.00,0.00,0.00,0.00,0.00,0.00,0.00,0.00,0.00,0.00,0.00,0.00,0.00
2026-09-24 00:00:00+00:00,Aljezur,0803,0.00,0.00,0.00,0.00,0.00,0.00,0.00,0.00,0.00,0.00,0.00,0.00,0.00,0.00
2026-09-25 00:00:00+00:00,Aljezur,0803,0.00,0.00,0.00,0.00,0.00,0.00,0.00,0.00,0.00,0.00,0.00,0.00,0.00,0.00
2026-09-26 00:00:00+00:00,Aljezur,0803,0.00,0.00,0.00,0.00,0.00,0.00,0.00,0.00,0.00,0.00,0.00,0.00,0.00,0.00
2026-09-27 00:00:00+00:00,Aljezur,0803,0.00,0.00,0.00,0.00,0.00,0.00,0.00,0.00,0.00,0.00,0.00,0.00,0.00,0.00
2026-09-28 00:00:00+00:00,Aljezur,0803,0.13,0.11,0.00,0.36,0.03,0.10,0.21,0.03,0.03,0.00,0.09,0.01,0.02,0.05
2026-09-29 00:00:00+00:00,Aljezur,0803,0.86,0.96,0.00,4.08,0.12,0.42,1.38,0.01,0.01,0.00,0.06,0.00,0.00,0.00
2026-09-10 00:00:00+00:00,Castro Marim,0804,0.00,0.00,0.00,0.00,0.00,0.00,0.00,0.00,0.00,0.00,0.00,0.00,0.00,0.00
2026-09-11 00:00:00+00:00,Castro Marim,0804,0.00,0.00,0.00,0.00,0.00,0.00,0.00,0.00,0.00,0.00,0.00,0.00,0.00,0.00
2026-09-12 00:00:00+00:00,Castro Marim,0804,0.54,0.38,0.00,1.62,0.24,0.52,0.75,0.02,0.01,0.00,0.05,0.01,0.02,0.02
2026-09-13 00:00:00+00:00,Castro Marim,0804,0.00,0.00,0.00,0.00,0.00,0.00,0.00,0.00,0.00,0.00,0.00,0.00,0.00,0.00
2026-09-14 00:00:00+00:00,Castro Marim,0804,0.00,0.00,0.00,0.00,0.00,0.00,0.00,0.00,0.00,0.00,0.00,0.00,0.00,0.00
2026-09-15 00:00:00+00:00,Castro Marim,0804,0.00,0.00,0.00,0.00,0.00,0.00,0.00,0.00,0.00,0.00,0.00,0.00,0.00,0.00
2026-09-16 00:00:00+00:00,Castro Marim,0804,0.00,0.00,0.00,0.01,0.00,0.00,0.00,0.00,0.00,0.00,0.00,0.00,0.00,0.00
2026-09-17 00:00:00+00:00,Castro Marim,0804,0.00,0.00,0.00,0.00,0.00,0.00,0.00,0.00,0.00,0.00,0.00,0.00,0.00,0.00
2026-09-18 00:00:00+00:00,Castro Marim,0804,0.00,0.00,0.00,0.00,0.00,0.00,0.00,0.00,0.00,0.00,0.00,0.00,0.00,0.00
2026-09-19 00:00:00+00:00,Castro Marim,0804,0.00,0.00,0.00,0.00,0.00,0.00,0.00,0.00,0.00,0.00,0.00,0.00,0.00,0.00
2026-09-20 00:00:00+00:00,Castro Marim,0804,0.54,0.38,0.00,1.62,0.24,0.52,0.75,0.01,0.01,0.00,0.03,0.00,0.01,0.01
2026-09-21 00:00:00+00:00,Castro Marim,0804,0.00,0.00,0.00,0.00,0.00,0.00,0.00,0.00,0.00,0.00,0.00,0.00,0.00,0.00
2026-09-22 00:00:00+00:00,Castro Marim,0804,0.00,0.00,0.00,0.00,0.00,0.00,0.00,0.00,0.00,0.00,0.00,0.00,0.00,0.00
2026-09-23 00:00:00+00:00,Castro Marim,0804,0.00,0.00,0.00,0.00,0.00,0.00,0.00,0.00,0.00,0.00,0.00,0.00,0.00,0.00
2026-09-24 00:00:00+00:00,Castro Marim,0804,0.00,0.00,0.00,0.00,0.00,0.00,0.00,0.00,0.00,0.00,0.00,0.00,0.00,0.00
2026-09-25 00:00:00+00:00,Castro Marim,0804,0.00,0.00,0.00,0.00,0.00,0.00,0.00,0.00,0.00,0.00,0.00,0.00,0.00,0.00
2026-09-26 00:00:00+00:00,Castro Marim,0804,0.00,0.00,0.00,0.00,0.00,0.00,0.00,0.00,0.00,0.00,0.00,0.00,0.00,0.00
2026-09-27 00:00:00+00:00,Castro Marim,0804,0.03,0.02,0.00,0.09,0.00,0.02,0.05,0.00,0.00,0.00,0.00,0.00,0.00,0.00
2026-09-28 00:00:00+00:00,Castro Marim,0804,2.92,3.17,0.00,12.92,0.28,1.73,4.61,0.67,0.72,0.00,2.91,0.07,0.41,1.07
2026-09-29 00:00:00+00:00,Castro Marim,0804,0.58,0.41,0.00,1.72,0.25,0.56,0.81,0.01,0.01,0.00,0.03,0.00,0.01,0.01
2026-09-10 00:00:00+00:00,Faro,0805,0.00,0.00,0.00,0.00,0.00,0.00,0.00,0.00,0.00,0.00,0.00,0.00,0.00,0.00
2026-09-11 00:00:00+00:00,Faro,0805,0.00,0.00,0.00,0.00,0.00,0.00,0.00,0.00,0.00,0.00,0.00,0.00,0.00,0.00
2026-09-12 00:00:00+00:00,Faro,0805,0.09,0.10,0.00,0.51,0.03,0.06,0.13,0.00,0.00,0.00,0.02,0.00,0.00,0.00
2026-09-13 00:00:00+00:00,Faro,0805,0.00,0.00,0.00,0.00,0.00,0.00,0.00,0.00,0.00,0.00,0.00,0.00,0.00,0.00
2026-09-14 00:00:00+00:00,Faro,0805,0.00,0.00,0.00,0.00,0.00,0.00,0.00,0.00,0.00,0.00,0.00,0.00,0.00,0.00
2026-09-15 00:00:00+00:00,Faro,0805,0.00,0.00,0.00,0.00,0.00,0.00,0.00,0.00,0.00,0.00,0.00,0.00,0.00,0.00
2026-09-16 00:00:00+00:00,Faro,0805,0.00,0.00,0.00,0.01,0.00,0.00,0.00,0.00,0.00,0.00,0.00,0.00,0.00,0.00
2026-09-17 00:00:00+00:00,Faro,0805,0.00,0.00,0.00,0.00,0.00,0.00,0.00,0.03,0.03,0.00,0.10,0.01,0.02,0.05
2026-09-18 00:00:00+00:00,Faro,0805,0.00,0.00,0.00,0.00,0.00,0.00,0.00,0.03,0.03,0.00,0.10,0.01,0.02,0.05
2026-09-19 00:00:00+00:00,Faro,0805,0.00,0.00,0.00,0.00,0.00,0.00,0.00,0.00,0.00,0.00,0.00,0.00,0.00,0.00
2026-09-20 00:00:00+00:00,Faro,0805,0.09,0.10,0.00,0.51,0.03,0.06,0.13,0.00,0.00,0.00,0.01,0.00,0.00,0.00
2026-09-21 00:00:00+00:00,Faro,0805,0.00,0.00,0.00,0.00,0.00,0.00,0.00,0.00,0.00,0.00,0.00,0.00,0.00,0.00
2026-09-22 00:00:00+00:00,Faro,0805,0.00,0.00,0.00,0.00,0.00,0.00,0.00,0.00,0.00,0.00,0.00,0.00,0.00,0.00
2026-09-23 00:00:00+00:00,Faro,0805,0.00,0.00,0.00,0.00,0.00,0.00,0.00,0.00,0.00,0.00,0.00,0.00,0.00,0.00
2026-09-24 00:00:00+00:00,Faro,0805,0.00,0.00,0.00,0.00,0.00,0.00,0.00,0.00,0.00,0.00,0.00,0.00,0.00,0.00
2026-09-25 00:00:00+00:00,Faro,0805,0.00,0.00,0.00,0.00,0.00,0.00,0.00,0.03,0.03,0.00,0.10,0.01,0.02,0.05
2026-09-26 00:00:00+00:00,Faro,0805,0.00,0.00,0.00,0.00,0.00,0.00,0.00,0.00,0.00,0.00,0.00,0.00,0.00,0.00
2026-09-27 00:00:00+00:00,Faro,0805,0.00,0.00,0.00,0.00,0.00,0.00,0.00,0.00,0.00,0.00,0.00,0.00,0.00,0.00
2026-09-28 00:00:00+00:00,Faro,0805,0.25,0.25,0.00,1.01,0.06,0.14,0.38,0.06,0.06,0.00,0.23,0.02,0.04,0.09
2026-09-29 00:00:00+00:00,Faro,0805,3.26,1.79,0.18,6.00,1.74,2.86,5.11,0.05,0.03,0.00,0.10,0.03,0.05,0.08
2026-09-10 00:00:00+00:00,Lagoa,0806,0.12,0.04,0.03,0.18,0.08,0.12,0.16,0.00,0.00,0.00,0.00,0.00,0.00,0.00
2026-09-11 00:00:00+00:00,Lagoa,0806,0.00,0.00,0.00,0.00,0.00,0.00,0.00,0.00,0.00,0.00,0.00,0.00,0.00,0.00
2026-09-12 00:00:00+00:00,Lagoa,0806,0.04,0.01,0.02,0.05,0.03,0.04,0.04,0.00,0.00,0.00,0.00,0.00,0.00,0.00
2026-09-13 00:00:00+00:00,Lagoa,0806,0.00,0.00,0.00,0.00,0.00,0.00,0.00,0.00,0.00,0.00,0.00,0.00,0.00,0.00
2026-09-14 00:00:00+00:00,Lagoa,0806,0.00,0.00,0.00,0.00,0.00,0.00,0.00,0.00,0.00,0.00,0.00,0.00,0.00,0.00
2026-09-15 00:00:00+00:00,Lagoa,0806,0.18,0.09,0.04,0.39,0.11,0.18,0.24,0.00,0.00,0.00,0.00,0.00,0.00,0.00
2026-09-16 00:00:00+00:00,Lagoa,0806,0.25,0.01,0.21,0.26,0.24,0.25,0.26,0.00,0.00,0.00,0.00,0.00,0.00,0.00
2026-09-17 00:00:00+00:00,Lagoa,0806,0.00,0.00,0.00,0.00,0.00,0.00,0.00,0.00,0.00,0.00,0.00,0.00,0.00,0.00
2026-09-18 00:00:00+00:00,Lagoa,0806,0.00,0.00,0.00,0.00,0.00,0.00,0.00,0.00,0.00,0.00,0.00,0.00,0.00,0.00
2026-09-19 00:00:00+00:00,Lagoa,0806,0.00,0.00,0.00,0.00,0.00,0.00,0.00,0.00,0.00,0.00,0.00,0.00,0.00,0.00
2026-09-20 00:00:00+00:00,Lagoa,0806,0.04,0.01,0.02,0.05,0.03,0.04,0.04,0.00,0.00,0.00,0.00,0.00,0.00,0.00
2026-09-21 00:00:00+00:00,Lagoa,0806,0.00,0.00,0.00,0.00,0.00,0.00,0.00,0.00,0.00,0.00,0.00,0.00,0.00,0.00
2026-09-22 00:00:00+00:00,Lagoa,0806,0.00,0.00,0.00,0.00,0.00,0.00,0.00,0.00,0.00,0.00,0.00,0.00,0.00,0.00
2026-09-23 00:00:00+00:00,Lagoa,0806,0.00,0.00,0.00,0.00,0.00,0.00,0.00,0.00,0.00,0.00,0.00,0.00,0.00,0.00
2026-09-24 00:00:00+00:00,Lagoa,0806,0.00,0.00,0.00,0.00,0.00,0.00,0.00,0.00,0.00,0.00,0.00,0.00,0.00,0.00
2026-09-25 00:00:00+00:00,Lagoa,0806,0.00,0.00,0.00,0.00,0.00,0.00,0.00,0.00,0.00,0.00,0.00,0.00,0.00,0.00
2026-09-26 00:00:00+00:00,Lagoa,0806,0.00,0.00,0.00,0.00,0.00,0.00,0.00,0.00,0.00,0.00,0.00,0.00,0.00,0.00
2026-09-27 00:00:00+00:00,Lagoa,0806,0.00,0.00,0.00,0.00,0.00,0.00,0.00,0.00,0.00,0.00,0.00,0.00,0.00,0.00
2026-09-28 00:00:00+00:00,Lagoa,0806,1.09,0.24,0.44,1.34,0.91,1.20,1.29,0.04,0.03,0.00,0.12,0.01,0.03,0.06
2026-09-29 00:00:00+00:00,Lagoa,0806,0.90,0.38,0.24,1.59,0.55,0.90,1.23,0.00,0.00,0.00,0.00,0.00,0.00,0.00
2026-09-10 00:00:00+00:00,Lagos,0807,0.20,0.02,0.14,0.22,0.18,0.20,0.21,0.00,0.00,0.00,0.00,0.00,0.00,0.00
2026-09-11 00:00:00+00:00,Lagos,0807,0.00,0.00,0.00,0.00,0.00,0.00,0.00,0.00,0.00,0.00,0.00,0.00,0.00,0.00
2026-09-12 00:00:00+00:00,Lagos,0807,0.00,0.01,0.00,0.04,0.00,0.00,0.00,0.00,0.00,0.00,0.00,0.00,0.00,0.00
2026-09-13 00:00:00+00:00,Lagos,0807,0.00,0.00,0.00,0.00,0.00,0.00,0.00,0.00,0.00,0.00,0.00,0.00,0.00,0.00
2026-09-14 00:00:00+00:00,Lagos,0807,0.00,0.00,0.00,0.00,0.00,0.00,0.00,0.00,0.00,0.00,0.00,0.00,0.00,0.00
2026-09-15 00:00:00+00:00,Lagos,0807,1.33,0.83,0.19,3.71,0.62,1.12,1.92,0.01,0.01,0.00,0.05,0.01,0.01,0.02
2026-09-16 00:00:00+00:00,Lagos,0807,0.20,0.02,0.14,0.25,0.19,0.21,0.22,0.00,0.00,0.00,0.00,0.00,0.00,0.00
2026-09-17 00:00:00+00:00,Lagos,0807,0.00,0.00,0.00,0.00,0.00,0.00,0.00,0.00,0.00,0.00,0.00,0.00,0.00,0.00
2026-09-18 00:00:00+00:00,Lagos,0807,0.00,0.00,0.00,0.00,0.00,0.00,0.00,0.00,0.00,0.00,0.00,0.00,0.00,0.00
2026-09-19 00:00:00+00:00,Lagos,0807,0.00,0.00,0.00,0.00,0.00,0.00,0.00,0.00,0.00,0.00,0.00,0.00,0.00,0.00
2026-09-20 00:00:00+00:00,Lagos,0807,0.00,0.01,0.00,0.04,0.00,0.00,0.00,0.00,0.00,0.00,0.00,0.00,0.00,0.00
2026-09-21 00:00:00+00:00,Lagos,0807,0.00,0.00,0.00,0.00,0.00,0.00,0.00,0.00,0.00,0.00,0.00,0.00,0.00,0.00
2026-09-22 00:00:00+00:00,Lagos,0807,0.00,0.00,0.00,0.00,0.00,0.00,0.00,0.00,0.00,0.00,0.00,0.00,0.00,0.00
2026-09-23 00:00:00+00:00,Lagos,0807,0.00,0.00,0.00,0.00,0.00,0.00,0.00,0.00,0.00,0.00,0.00,0.00,0.00,0.00
2026-09-24 00:00:00+00:00,Lagos,0807,0.00,0.00,0.00,0.00,0.00,0.00,0.00,0.00,0.00,0.00,0.00,0.00,0.00,0.00
2026-09-25 00:00:00+00:00,Lagos,0807,0.00,0.00,0.00,0.00,0.00,0.00,0.00,0.00,0.00,0.00,0.00,0.00,0.00,0.00
2026-09-26 00:00:00+00:00,Lagos,0807,0.00,0.00,0.00,0.00,0.00,0.00,0.00,0.00,0.00,0.00,0.00,0.00,0.00,0.00
2026-09-27 00:00:00+00:00,Lagos,0807,0.00,0.00,0.00,0.00,0.00,0.00,0.00,0.00,0.00,0.00,0.00,0.00,0.00,0.00
2026-09-28 00:00:00+00:00,Lagos,0807,0.59,0.20,0.24,1.03,0.42,0.58,0.74,0.09,0.02,0.03,0.10,0.08,0.09,0.10
2026-09-29 00:00:00+00:00,Lagos,0807,2.52,0.87,0.83,4.60,1.88,2.47,3.17,0.02,0.01,0.00,0.05,0.01,0.01,0.03
2026-09-10 00:00:00+00:00,Loulé,0808,0.03,0.03,0.00,0.18,0.00,0.02,0.05,0.00,0.00,0.00,0.00,0.00,0.00,0.00
2026-09-11 00:00:00+00:00,Loulé,0808,0.00,0.00,0.00,0.00,0.00,0.00,0.00,0.00,0.00,0.00,0.00,0.00,0.00,0.00
2026-09-12 00:00:00+00:00,Loulé,0808,0.14,0.13,0.00,0.62,0.02,0.11,0.21,0.00,0.00,0.00,0.01,0.00,0.00,0.00
2026-09-13 00:00:00+00:00,Loulé,0808,0.00,0.00,0.00,0.00,0.00,0.00,0.00,0.00,0.00,0.00,0.00,0.00,0.00,0.00
2026-09-14 00:00:00+00:00,Loulé,0808,0.00,0.00,0.00,0.00,0.00,0.00,0.00,0.00,0.00,0.00,0.00,0.00,0.00,0.00
2026-09-15 00:00:00+00:00,Loulé,0808,0.00,0.00,0.00,0.04,0.00,0.00,0.00,0.00,0.00,0.00,0.00,0.00,0.00,0.00
2026-09-16 00:00:00+00:00,Loulé,0808,0.04,0.04,0.00,0.22,0.00,0.03,0.05,0.00,0.00,0.00,0.00,0.00,0.00,0.00
2026-09-17 00:00:00+00:00,Loulé,0808,0.00,0.00,0.00,0.00,0.00,0.00,0.00,0.00,0.00,0.00,0.01,0.00,0.00,0.00
2026-09-18 00:00:00+00:00,Loulé,0808,0.00,0.00,0.00,0.00,0.00,0.00,0.00,0.00,0.00,0.00,0.01,0.00,0.00,0.00
2026-09-19 00:00:00+00:00,Loulé,0808,0.00,0.00,0.00,0.00,0.00,0.00,0.00,0.00,0.00,0.00,0.00,0.00,0.00,0.00
2026-09-20 00:00:00+00:00,Loulé,0808,0.14,0.13,0.00,0.62,0.02,0.11,0.21,0.00,0.00,0.00,0.00,0.00,0.00,0.00
2026-09-21 00:00:00+00:00,Loulé,0808,0.00,0.00,0.00,0.00,0.00,0.00,0.00,0.00,0.00,0.00,0.00,0.00,0.00,0.00
2026-09-22 00:00:00+00:00,Loulé,0808,0.00,0.00,0.00,0.00,0.00,0.00,0.00,0.00,0.00,0.00,0.00,0.00,0.00,0.00
2026-09-23 00:00:00+00:00,Loulé,0808,0.00,0.00,0.00,0.00,0.00,0.00,0.00,0.00,0.00,0.00,0.00,0.00,0.00,0.00
2026-09-24 00:00:00+00:00,Loulé,0808,0.00,0.00,0.00,0.00,0.00,0.00,0.00,0.00,0.00,0.00,0.00,0.00,0.00,0.00
2026-09-25 00:00:00+00:00,Loulé,0808,0.00,0.00,0.00,0.00,0.00,0.00,0.00,0.00,0.00,0.00,0.01,0.00,0.00,0.00
2026-09-26 00:00:00+00:00,Loulé,0808,0.00,0.00,0.00,0.00,0.00,0.00,0.00,0.00,0.00,0.00,0.00,0.00,0.00,0.00
2026-09-27 00:00:00+00:00,Loulé,0808,0.00,0.01,0.00,0.10,0.00,0.00,0.00,0.00,0.00,0.00,0.00,0.00,0.00,0.00
2026-09-28 00:00:00+00:00,Loulé,0808,7.23,9.34,0.00,43.37,0.24,2.97,11.15,0.49,0.73,0.00,4.79,0.05,0.21,0.58
2026-09-29 00:00:00+00:00,Loulé,0808,0.81,0.95,0.00,5.96,0.34,0.67,0.85,0.01,0.02,0.00,0.10,0.00,0.00,0.01
2026-09-10 00:00:00+00:00,Monchique,0809,0.13,0.11,0.00,0.74,0.04,0.10,0.17,0.00,0.00,0.00,0.01,0.00,0.00,0.00
2026-09-11 00:00:00+00:00,Monchique,0809,0.00,0.00,0.00,0.00,0.00,0.00,0.00,0.00,0.00,0.00,0.00,0.00,0.00,0.00
2026-09-12 00:00:00+00:00,Monchique,0809,0.00,0.00,0.00,0.00,0.00,0.00,0.00,0.00,0.00,0.00,0.00,0.00,0.00,0.00
2026-09-13 00:00:00+00:00,Monchique,0809,0.00,0.00,0.00,0.00,0.00,0.00,0.00,0.00,0.00,0.00,0.00,0.00,0.00,0.00
2026-09-14 00:00:00+00:00,Monchique,0809,0.00,0.00,0.00,0.00,0.00,0.00,0.00,0.00,0.00,0.00,0.00,0.00,0.00,0.00
2026-09-15 00:00:00+00:00,Monchique,0809,0.03,0.04,0.00,0.27,0.01,0.02,0.04,0.00,0.00,0.00,0.00,0.00,0.00,0.00
2026-09-16 00:00:00+00:00,Monchique,0809,0.13,0.12,0.00,0.74,0.04,0.10,0.17,0.00,0.00,0.00,0.01,0.00,0.00,0.00
2026-09-17 00:00:00+00:00,Monchique,0809,0.00,0.00,0.00,0.00,0.00,0.00,0.00,0.00,0.00,0.00,0.00,0.00,0.00,0.00
2026-09-18 00:00:00+00:00,Monchique,0809,0.00,0.00,0.00,0.00,0.00,0.00,0.00,0.00,0.00,0.00,0.00,0.00,0.00,0.00
2026-09-19 00:00:00+00:00,Monchique,0809,0.00,0.00,0.00,0.00,0.00,0.00,0.00,0.00,0.00,0.00,0.00,0.00,0.00,0.00
2026-09-20 00:00:00+00:00,Monchique,0809,0.00,0.00,0.00,0.00,0.00,0.00,0.00,0.00,0.00,0.00,0.00,0.00,0.00,0.00
2026-09-21 00:00:00+00:00,Monchique,0809,0.00,0.00,0.00,0.00,0.00,0.00,0.00,0.00,0.00,0.00,0.00,0.00,0.00,0.00
2026-09-22 00:00:00+00:00,Monchique,0809,0.00,0.00,0.00,0.00,0.00,0.00,0.00,0.00,0.00,0.00,0.00,0.00,0.00,0.00
2026-09-23 00:00:00+00:00,Monchique,0809,0.00,0.00,0.00,0.00,0.00,0.00,0.00,0.00,0.00,0.00,0.00,0.00,0.00,0.00
2026-09-24 00:00:00+00:00,Monchique,0809,0.00,0.00,0.00,0.00,0.00,0.00,0.00,0.00,0.00,0.00,0.00,0.00,0.00,0.00
2026-09-25 00:00:00+00:00,Monchique,0809,0.00,0.00,0.00,0.00,0.00,0.00,0.00,0.00,0.00,0.00,0.00,0.00,0.00,0.00
2026-09-26 00:00:00+00:00,Monchique,0809,0.00,0.00,0.00,0.00,0.00,0.00,0.00,0.00,0.00,0.00,0.00,0.00,0.00,0.00
2026-09-27 00:00:00+00:00,Monchique,0809,0.00,0.00,0.00,0.00,0.00,0.00,0.00,0.00,0.00,0.00,0.00,0.00,0.00,0.00
2026-09-28 00:00:00+00:00,Monchique,0809,0.31,0.43,0.00,2.48,0.07,0.15,0.33,0.07,0.10,0.00,0.57,0.02,0.04,0.08
2026-09-29 00:00:00+00:00,Monchique,0809,2.02,0.91,0.16,3.97,1.27,2.16,2.66,0.00,0.00,0.00,0.01,0.00,0.00,0.00
2026-09-10 00:00:00+00:00,Olhão,0810,0.00,0.00,0.00,0.00,0.00,0.00,0.00,0.00,0.00,0.00,0.00,0.00,0.00,0.00
2026-09-11 00:00:00+00:00,Olhão,0810,0.00,0.00,0.00,0.00,0.00,0.00,0.00,0.00,0.00,0.00,0.00,0.00,0.00,0.00
2026-09-12 00:00:00+00:00,Olhão,0810,0.33,0.45,0.00,1.99,0.02,0.08,0.53,0.01,0.01,0.00,0.06,0.00,0.00,0.02
2026-09-13 00:00:00+00:00,Olhão,0810,0.00,0.00,0.00,0.00,0.00,0.00,0.00,0.00,0.00,0.00,0.00,0.00,0.00,0.00
2026-09-14 00:00:00+00:00,Olhão,0810,0.00,0.00,0.00,0.00,0.00,0.00,0.00,0.00,0.00,0.00,0.00,0.00,0.00,0.00
2026-09-15 00:00:00+00:00,Olhão,0810,0.00,0.00,0.00,0.00,0.00,0.00,0.00,0.00,0.00,0.00,0.00,0.00,0.00,0.00
2026-09-16 00:00:00+00:00,Olhão,0810,0.00,0.00,0.00,0.01,0.00,0.00,0.00,0.00,0.00,0.00,0.00,0.00,0.00,0.00
2026-09-17 00:00:00+00:00,Olhão,0810,0.00,0.00,0.00,0.00,0.00,0.00,0.00,0.09,0.01,0.05,0.10,0.07,0.09,0.10
2026-09-18 00:00:00+00:00,Olhão,0810,0.00,0.00,0.00,0.00,0.00,0.00,0.00,0.09,0.01,0.05,0.10,0.07,0.09,0.10
2026-09-19 00:00:00+00:00,Olhão,0810,0.00,0.00,0.00,0.00,0.00,0.00,0.00,0.00,0.00,0.00,0.00,0.00,0.00,0.00
2026-09-20 00:00:00+00:00,Olhão,0810,0.33,0.45,0.00,1.99,0.02,0.08,0.53,0.01,0.01,0.00,0.03,0.00,0.00,0.01
2026-09-21 00:00:00+00:00,Olhão,0810,0.00,0.00,0.00,0.00,0.00,0.00,0.00,0.00,0.00,0.00,0.00,0.00,0.00,0.00
2026-09-22 00:00:00+00:00,Olhão,0810,0.00,0.00,0.00,0.00,0.00,0.00,0.00,0.00,0.00,0.00,0.00,0.00,0.00,0.00
2026-09-23 00:00:00+00:00,Olhão,0810,0.00,0.00,0.00,0.00,0.00,0.00,0.00,0.00,0.00,0.00,0.00,0.00,0.00,0.00
2026-09-24 00:00:00+00:00,Olhão,0810,0.00,0.00,0.00,0.00,0.00,0.00,0.00,0.00,0.00,0.00,0.00,0.00,0.00,0.00
2026-09-25 00:00:00+00:00,Olhão,0810,0.00,0.00,0.00,0.00,0.00,0.00,0.00,0.09,0.01,0.05,0.10,0.07,0.09,0.10
2026-09-26 00:00:00+00:00,Olhão,0810,0.00,0.00,0.00,0.00,0.00,0.00,0.00,0.00,0.00,0.00,0.00,0.00,0.00,0.00
2026-09-27 00:00:00+00:00,Olhão,0810,0.00,0.00,0.00,0.00,0.00,0.00,0.00,0.00,0.00,0.00,0.00,0.00,0.00,0.00
2026-09-28 00:00:00+00:00,Olhão,0810,0.18,0.22,0.00,0.78,0.02,0.08,0.27,0.04,0.05,0.00,0.19,0.01,0.02,0.07
2026-09-29 00:00:00+00:00,Olhão,0810,0.65,0.60,0.00,2.35,0.11,0.43,1.09,0.01,0.01,0.00,0.04,0.00,0.01,0.02
2026-09-10 00:00:00+00:00,Portimão,0811,0.14,0.05,0.02,0.22,0.11,0.16,0.18,0.00,0.00,0.00,0.00,0.00,0.00,0.00
2026-09-11 00:00:00+00:00,Portimão,0811,0.00,0.00,0.00,0.00,0.00,0.00,0.00,0.00,0.00,0.00,0.00,0.00,0.00,0.00
2026-09-12 00:00:00+00:00,Portimão,0811,0.01,0.02,0.00,0.04,0.00,0.00,0.03,0.00,0.00,0.00,0.00,0.00,0.00,0.00
2026-09-13 00:00:00+00:00,Portimão,0811,0.00,0.00,0.00,0.00,0.00,0.00,0.00,0.00,0.00,0.00,0.00,0.00,0.00,0.00
2026-09-14 00:00:00+00:00,Portimão,0811,0.00,0.00,0.00,0.00,0.00,0.00,0.00,0.00,0.00,0.00,0.00,0.00,0.00,0.00
2026-09-15 00:00:00+00:00,Portimão,0811,0.23,0.15,0.01,0.72,0.11,0.20,0.32,0.00,0.00,0.00,0.00,0.00,0.00,0.00
2026-09-16 00:00:00+00:00,Portimão,0811,0.16,0.06,0.02,0.25,0.12,0.17,0.21,0.00,0.00,0.00,0.00,0.00,0.00,0.00
2026-09-17 00:00:00+00:00,Portimão,0811,0.00,0.00,0.00,0.00,0.00,0.00,0.00,0.00,0.00,0.00,0.00,0.00,0.00,0.00
2026-09-18 00:00:00+00:00,Portimão,0811,0.00,0.00,0.00,0.00,0.00,0.00,0.00,0.00,0.00,0.00,0.00,0.00,0.00,0.00
2026-09-19 00:00:00+00:00,Portimão,0811,0.00,0.00,0.00,0.00,0.00,0.00,0.00,0.00,0.00,0.00,0.00,0.00,0.00,0.00
2026-09-20 00:00:00+00:00,Portimão,0811,0.01,0.02,0.00,0.04,0.00,0.00,0.03,0.00,0.00,0.00,0.00,0.00,0.00,0.00
2026-09-21 00:00:00+00:00,Portimão,0811,0.00,0.00,0.00,0.00,0.00,0.00,0.00,0.00,0.00,0.00,0.00,0.00,0.00,0.00
2026-09-22 00:00:00+00:00,Portimão,0811,0.00,0.00,0.00,0.00,0.00,0.00,0.00,0.00,0.00,0.00,0.00,0.00,0.00,0.00
2026-09-23 00:00:00+00:00,Portimão,0811,0.00,0.00,0.00,0.00,0.00,0.00,0.00,0.00,0.00,0.00,0.00,0.00,0.00,0.00
2026-09-24 00:00:00+00:00,Portimão,0811,0.00,0.00,0.00,0.00,0.00,0.00,0.00,0.00,0.00,0.00,0.00,0.00,0.00,0.00
2026-09-25 00:00:00+00:00,Portimão,0811,0.00,0.00,0.00,0.00,0.00,0.00,0.00,0.00,0.00,0.00,0.00,0.00,0.00,0.00
2026-09-26 00:00:00+00:00,Portimão,0811,0.00,0.00,0.00,0.00,0.00,0.00,0.00,0.00,0.00,0.00,0.00,0.00,0.00,0.00
2026-09-27 00:00:00+00:00,Portimão,0811,0.00,0.00,0.00,0.00,0.00,0.00,0.00,0.00,0.00,0.00,0.00,0.00,0.00,0.00
2026-09-28 00:00:00+00:00,Portimão,0811,0.66,0.34,0.06,1.28,0.38,0.64,0.97,0.04,0.02,0.00,0.08,0.02,0.04,0.06
2026-09-29 00:00:00+00:00,Portimão,0811,1.84,0.20,1.19,2.34,1.73,1.88,1.96,0.00,0.00,0.00,0.01,0.00,0.00,0.00
2026-09-10 00:00:00+00:00,São Brás de Alportel,0812,0.00,0.01,0.00,0.03,0.00,0.00,0.00,0.00,0.00,0.00,0.00,0.00,0.00,0.00
2026-09-11 00:00:00+00:00,São Brás de Alportel,0812,0.00,0.00,0.00,0.00,0.00,0.00,0.00,0.00,0.00,0.00,0.00,0.00,0.00,0.00
2026-09-12 00:00:00+00:00,São Brás de Alportel,0812,0.69,0.32,0.19,1.49,0.41,0.66,0.89,0.01,0.01,0.00,0.03,0.01,0.01,0.02
2026-09-13 00:00:00+00:00,São Brás de Alportel,0812,0.00,0.00,0.00,0.00,0.00,0.00,0.00,0.00,0.00,0.00,0.00,0.00,0.00,0.00
2026-09-14 00:00:00+00:00,São Brás de Alportel,0812,0.00,0.00,0.00,0.00,0.00,0.00,0.00,0.00,0.00,0.00,0.00,0.00,0.00,0.00
2026-09-15 00:00:00+00:00,São Brás de Alportel,0812,0.00,0.00,0.00,0.00,0.00,0.00,0.00,0.00,0.00,0.00,0.00,0.00,0.00,0.00
2026-09-16 00:00:00+00:00,São Brás de Alportel,0812,0.02,0.01,0.01,0.03,0.01,0.02,0.02,0.00,0.00,0.00,0.00,0.00,0.00,0.00
2026-09-17 00:00:00+00:00,São Brás de Alportel,0812,0.00,0.00,0.00,0.00,0.00,0.00,0.00,0.02,0.01,0.00,0.05,0.01,0.01,0.02
2026-09-18 00:00:00+00:00,São Brás de Alportel,0812,0.00,0.00,0.00,0.00,0.00,0.00,0.00,0.02,0.01,0.00,0.05,0.01,0.01,0.02
2026-09-19 00:00:00+00:00,São Brás de Alportel,0812,0.00,0.00,0.00,0.00,0.00,0.00,0.00,0.00,0.00,0.00,0.00,0.00,0.00,0.00
2026-09-20 00:00:00+00:00,São Brás de Alportel,0812,0.69,0.32,0.19,1.49,0.41,0.66,0.89,0.01,0.00,0.00,0.02,0.00,0.01,0.01
2026-09-21 00:00:00+00:00,São Brás de Alportel,0812,0.00,0.00,0.00,0.00,0.00,0.00,0.00,0.00,0.00,0.00,0.00,0.00,0.00,0.00
2026-09-22 00:00:00+00:00,São Brás de Alportel,0812,0.00,0.00,0.00,0.00,0.00,0.00,0.00,0.00,0.00,0.00,0.00,0.00,0.00,0.00
2026-09-23 00:00:00+00:00,São Brás de Alportel,0812,0.00,0.00,0.00,0.00,0.00,0.00,0.00,0.00,0.00,0.00,0.00,0.00,0.00,0.00
2026-09-24 00:00:00+00:00,São Brás de Alportel,0812,0.00,0.00,0.00,0.00,0.00,0.00,0.00,0.00,0.00,0.00,0.00,0.00,0.00,0.00
2026-09-25 00:00:00+00:00,São Brás de Alportel,0812,0.00,0.00,0.00,0.00,0.00,0.00,0.00,0.02,0.01,0.00,0.05,0.01,0.01,0.02
2026-09-26 00:00:00+00:00,São Brás de Alportel,0812,0.00,0.00,0.00,0.00,0.00,0.00,0.00,0.00,0.00,0.00,0.00,0.00,0.00,0.00
2026-09-27 00:00:00+00:00,São Brás de Alportel,0812,0.00,0.01,0.00,0.05,0.00,0.00,0.00,0.00,0.00,0.00,0.00,0.00,0.00,0.00
2026-09-28 00:00:00+00:00,São Brás de Alportel,0812,3.96,2.51,0.98,9.46,1.82,3.26,5.86,0.51,0.24,0.23,1.35,0.34,0.44,0.62
2026-09-29 00:00:00+00:00,São Brás de Alportel,0812,1.60,0.23,0.95,2.05,1.44,1.65,1.77,0.02,0.01,0.00,0.03,0.01,0.02,0.02
2026-09-10 00:00:00+00:00,Silves,0813,0.22,0.16,0.01,0.73,0.10,0.17,0.30,0.00,0.00,0.00,0.01,0.00,0.00,0.00
2026-09-11 00:00:00+00:00,Silves,0813,0.00,0.00,0.00,0.00,0.00,0.00,0.00,0.00,0.00,0.00,0.00,0.00,0.00,0.00
2026-09-12 00:00:00+00:00,Silves,0813,0.05,0.04,0.00,0.15,0.02,0.04,0.08,0.00,0.00,0.00,0.00,0.00,0.00,0.00
2026-09-13 00:00:00+00:00,Silves,0813,0.00,0.00,0.00,0.00,0.00,0.00,0.00,0.00,0.00,0.00,0.00,0.00,0.00,0.00
2026-09-14 00:00:00+00:00,Silves,0813,0.00,0.00,0.00,0.00,0.00,0.00,0.00,0.00,0.00,0.00,0.00,0.00,0.00,0.00
2026-09-15 00:00:00+00:00,Silves,0813,0.06,0.04,0.00,0.18,0.03,0.07,0.09,0.00,0.00,0.00,0.00,0.00,0.00,0.00
2026-09-16 00:00:00+00:00,Silves,0813,0.30,0.14,0.07,0.77,0.20,0.26,0.37,0.00,0.00,0.00,0.01,0.00,0.00,0.00
2026-09-17 00:00:00+00:00,Silves,0813,0.00,0.00,0.00,0.00,0.00,0.00,0.00,0.00,0.00,0.00,0.00,0.00,0.00,0.00
2026-09-18 00:00:00+00:00,Silves,0813,0.00,0.00,0.00,0.00,0.00,0.00,0.00,0.00,0.00,0.00,0.00,0.00,0.00,0.00
2026-09-19 00:00:00+00:00,Silves,0813,0.00,0.00,0.00,0.00,0.00,0.00,0.00,0.00,0.00,0.00,0.00,0.00,0.00,0.00
2026-09-20 00:00:00+00:00,Silves,0813,0.05,0.04,0.00,0.15,0.02,0.04,0.08,0.00,0.00,0.00,0.00,0.00,0.00,0.00
2026-09-21 00:00:00+00:00,Silves,0813,0.00,0.00,0.00,0.00,0.00,0.00,0.00,0.00,0.00,0.00,0.00,0.00,0.00,0.00
2026-09-22 00:00:00+00:00,Silves,0813,0.00,0.00,0.00,0.00,0.00,0.00,0.00,0.00,0.00,0.00,0.00,0.00,0.00,0.00
2026-09-23 00:00:00+00:00,Silves,0813,0.00,0.00,0.00,0.00,0.00,0.00,0.00,0.00,0.00,0.00,0.00,0.00,0.00,0.00
2026-09-24 00:00:00+00:00,Silves,0813,0.00,0.00,0.00,0.00,0.00,0.00,0.00,0.00,0.00,0.00,0.00,0.00,0.00,0.00
2026-09-25 00:00:00+00:00,Silves,0813,0.00,0.00,0.00,0.00,0.00,0.00,0.00,0.00,0.00,0.00,0.00,0.00,0.00,0.00
2026-09-26 00:00:00+00:00,Silves,0813,0.00,0.00,0.00,0.00,0.00,0.00,0.00,0.00,0.00,0.00,0.00,0.00,0.00,0.00
2026-09-27 00:00:00+00:00,Silves,0813,0.00,0.00,0.00,0.00,0.00,0.00,0.00,0.00,0.00,0.00,0.00,0.00,0.00,0.00
2026-09-28 00:00:00+00:00,Silves,0813,4.42,4.18,0.10,19.16,1.32,2.78,6.42,0.91,0.89,0.03,4.20,0.19,0.60,1.38
2026-09-29 00:00:00+00:00,Silves,0813,1.31,0.77,0.05,3.31,0.72,1.25,1.85,0.00,0.00,0.00,0.01,0.00,0.00,0.01
2026-09-10 00:00:00+00:00,Tavira,0814,0.01,0.01,0.00,0.03,0.00,0.00,0.01,0.00,0.00,0.00,0.00,0.00,0.00,0.00
2026-09-11 00:00:00+00:00,Tavira,0814,0.00,0.00,0.00,0.00,0.00,0.00,0.00,0.00,0.00,0.00,0.00,0.00,0.00,0.00
2026-09-12 00:00:00+00:00,Tavira,0814,2.56,1.84,0.06,6.00,0.88,2.19,4.04,0.08,0.06,0.00,0.20,0.02,0.07,0.13
2026-09-13 00:00:00+00:00,Tavira,0814,0.00,0.00,0.00,0.00,0.00,0.00,0.00,0.00,0.00,0.00,0.00,0.00,0.00,0.00
2026-09-14 00:00:00+00:00,Tavira,0814,0.00,0.00,0.00,0.00,0.00,0.00,0.00,0.00,0.00,0.00,0.00,0.00,0.00,0.00
2026-09-15 00:00:00+00:00,Tavira,0814,0.00,0.00,0.00,0.00,0.00,0.00,0.00,0.00,0.00,0.00,0.00,0.00,0.00,0.00
2026-09-16 00:00:00+00:00,Tavira,0814,0.01,0.01,0.00,0.03,0.00,0.01,0.01,0.00,0.00,0.00,0.00,0.00,0.00,0.00
2026-09-17 00:00:00+00:00,Tavira,0814,0.00,0.00,0.00,0.00,0.00,0.00,0.00,0.01,0.01,0.00,0.06,0.00,0.01,0.01
2026-09-18 00:00:00+00:00,Tavira,0814,0.00,0.00,0.00,0.00,0.00,0.00,0.00,0.01,0.01,0.00,0.06,0.00,0.01,0.01
2026-09-19 00:00:00+00:00,Tavira,0814,0.00,0.00,0.00,0.00,0.00,0.00,0.00,0.00,0.00,0.00,0.00,0.00,0.00,0.00
2026-09-20 00:00:00+00:00,Tavira,0814,2.56,1.84,0.06,6.00,0.88,2.19,4.04,0.04,0.03,0.00,0.10,0.01,0.03,0.06
2026-09-21 00:00:00+00:00,Tavira,0814,0.00,0.00,0.00,0.00,0.00,0.00,0.00,0.00,0.00,0.00,0.00,0.00,0.00,0.00
2026-09-22 00:00:00+00:00,Tavira,0814,0.00,0.00,0.00,0.00,0.00,0.00,0.00,0.00,0.00,0.00,0.00,0.00,0.00,0.00
2026-09-23 00:00:00+00:00,Tavira,0814,0.00,0.00,0.00,0.00,0.00,0.00,0.00,0.00,0.00,0.00,0.00,0.00,0.00,0.00
2026-09-24 00:00:00+00:00,Tavira,0814,0.00,0.00,0.00,0.00,0.00,0.00,0.00,0.00,0.00,0.00,0.00,0.00,0.00,0.00
2026-09-25 00:00:00+00:00,Tavira,0814,0.00,0.00,0.00,0.00,0.00,0.00,0.00,0.01,0.01,0.00,0.06,0.00,0.01,0.01
2026-09-26 00:00:00+00:00,Tavira,0814,0.00,0.00,0.00,0.00,0.00,0.00,0.00,0.00,0.00,0.00,0.00,0.00,0.00,0.00
2026-09-27 00:00:00+00:00,Tavira,0814,0.02,0.02,0.00,0.07,0.00,0.02,0.04,0.00,0.00,0.00,0.00,0.00,0.00,0.00
2026-09-28 00:00:00+00:00,Tavira,0814,6.27,6.83,0.00,22.76,0.71,2.92,11.76,0.94,1.02,0.00,4.11,0.17,0.54,1.32
2026-09-29 00:00:00+00:00,Tavira,0814,2.78,1.76,0.08,6.00,1.26,2.54,4.18,0.04,0.03,0.00,0.10,0.01,0.04,0.07
2026-09-10 00:00:00+00:00,Vila do Bispo,0815,0.06,0.05,0.00,0.17,0.01,0.05,0.11,0.00,0.00,0.00,0.00,0.00,0.00,0.00
2026-09-11 00:00:00+00:00,Vila do Bispo,0815,0.00,0.00,0.00,0.00,0.00,0.00,0.00,0.00,0.00,0.00,0.00,0.00,0.00,0.00
2026-09-12 00:00:00+00:00,Vila do Bispo,0815,0.00,0.00,0.00,0.00,0.00,0.00,0.00,0.00,0.00,0.00,0.00,0.00,0.00,0.00
2026-09-13 00:00:00+00:00,Vila do Bispo,0815,0.00,0.00,0.00,0.00,0.00,0.00,0.00,0.00,0.00,0.00,0.00,0.00,0.00,0.00
2026-09-14 00:00:00+00:00,Vila do Bispo,0815,0.00,0.00,0.00,0.00,0.00,0.00,0.00,0.00,0.00,0.00,0.00,0.00,0.00,0.00
2026-09-15 00:00:00+00:00,Vila do Bispo,0815,4.98,0.93,2.87,6.00,4.22,5.23,5.85,0.08,0.02,0.04,0.10,0.06,0.08,0.10
2026-09-16 00:00:00+00:00,Vila do Bispo,0815,0.06,0.05,0.00,0.17,0.01,0.05,0.11,0.00,0.00,0.00,0.00,0.00,0.00,0.00
2026-09-17 00:00:00+00:00,Vila do Bispo,0815,0.00,0.00,0.00,0.00,0.00,0.00,0.00,0.00,0.00,0.00,0.00,0.00,0.00,0.00
2026-09-18 00:00:00+00:00,Vila do Bispo,0815,0.00,0.00,0.00,0.00,0.00,0.00,0.00,0.00,0.00,0.00,0.00,0.00,0.00,0.00
2026-09-19 00:00:00+00:00,Vila do Bispo,0815,0.00,0.00,0.00,0.00,0.00,0.00,0.00,0.00,0.00,0.00,0.00,0.00,0.00,0.00
2026-09-20 00:00:00+00:00,Vila do Bispo,0815,0.00,0.00,0.00,0.00,0.00,0.00,0.00,0.00,0.00,0.00,0.00,0.00,0.00,0.00
2026-09-21 00:00:00+00:00,Vila do Bispo,0815,0.00,0.00,0.00,0.00,0.00,0.00,0.00,0.00,0.00,0.00,0.00,0.00,0.00,0.00
2026-09-22 00:00:00+00:00,Vila do Bispo,0815,0.00,0.00,0.00,0.00,0.00,0.00,0.00,0.00,0.00,0.00,0.00,0.00,0.00,0.00
2026-09-23 00:00:00+00:00,Vila do Bispo,0815,0.00,0.00,0.00,0.00,0.00,0.00,0.00,0.00,0.00,0.00,0.00,0.00,0.00,0.00
2026-09-24 00:00:00+00:00,Vila do Bispo,0815,0.00,0.00,0.00,0.00,0.00,0.00,0.00,0.00,0.00,0.00,0.00,0.00,0.00,0.00
2026-09-25 00:00:00+00:00,Vila do Bispo,0815,0.00,0.00,0.00,0.00,0.00,0.00,0.00,0.00,0.00,0.00,0.00,0.00,0.00,0.00
2026-09-26 00:00:00+00:00,Vila do Bispo,0815,0.00,0.00,0.00,0.00,0.00,0.00,0.00,0.00,0.00,0.00,0.00,0.00,0.00,0.00
2026-09-27 00:00:00+00:00,Vila do Bispo,0815,0.00,0.00,0.00,0.00,0.00,0.00,0.00,0.00,0.00,0.00,0.00,0.00,0.00,0.00
2026-09-28 00:00:00+00:00,Vila do Bispo,0815,0.17,0.14,0.00,0.52,0.03,0.15,0.29,0.03,0.03,0.00,0.10,0.00,0.00,0.07
2026-09-29 00:00:00+00:00,Vila do Bispo,0815,5.33,0.64,3.70,6.00,4.87,5.53,5.91,0.08,0.02,0.05,0.10,0.07,0.09,0.10
2026-09-10 00:00:00+00:00,Vila Real de Santo António,0816,0.00,0.00,0.00,0.00,0.00,0.00,0.00,0.00,0.00,0.00,0.00,0.00,0.00,0.00
2026-09-11 00:00:00+00:00,Vila Real de Santo António,0816,0.00,0.00,0.00,0.00,0.00,0.00,0.00,0.00,0.00,0.00,0.00,0.00,0.00,0.00
2026-09-12 00:00:00+00:00,Vila Real de Santo António,0816,1.84,1.48,0.00,5.26,0.50,1.62,2.80,0.06,0.05,0.00,0.17,0.02,0.05,0.09
2026-09-13 00:00:00+00:00,Vila Real de Santo António,0816,0.00,0.00,0.00,0.00,0.00,0.00,0.00,0.00,0.00,0.00,0.00,0.00,0.00,0.00
2026-09-14 00:00:00+00:00,Vila Real de Santo António,0816,0.00,0.00,0.00,0.00,0.00,0.00,0.00,0.00,0.00,0.00,0.00,0.00,0.00,0.00
2026-09-15 00:00:00+00:00,Vila Real de Santo António,0816,0.00,0.00,0.00,0.00,0.00,0.00,0.00,0.00,0.00,0.00,0.00,0.00,0.00,0.00
2026-09-16 00:00:00+00:00,Vila Real de Santo António,0816,0.00,0.00,0.00,0.00,0.00,0.00,0.00,0.00,0.00,0.00,0.00,0.00,0.00,0.00
2026-09-17 00:00:00+00:00,Vila Real de Santo António,0816,0.00,0.00,0.00,0.00,0.00,0.00,0.00,0.00,0.00,0.00,0.00,0.00,0.00,0.00
2026-09-18 00:00:00+00:00,Vila Real de Santo António,0816,0.00,0.00,0.00,0.00,0.00,0.00,0.00,0.00,0.00,0.00,0.00,0.00,0.00,0.00
2026-09-19 00:00:00+00:00,Vila Real de Santo António,0816,0.00,0.00,0.00,0.00,0.00,0.00,0.00,0.00,0.00,0.00,0.00,0.00,0.00,0.00
2026-09-20 00:00:00+00:00,Vila Real de Santo António,0816,1.84,1.48,0.00,5.26,0.50,1.62,2.80,0.03,0.02,0.00,0.09,0.01,0.03,0.05
2026-09-21 00:00:00+00:00,Vila Real de Santo António,0816,0.00,0.00,0.00,0.00,0.00,0.00,0.00,0.00,0.00,0.00,0.00,0.00,0.00,0.00
2026-09-22 00:00:00+00:00,Vila Real de Santo António,0816,0.00,0.00,0.00,0.00,0.00,0.00,0.00,0.00,0.00,0.00,0.00,0.00,0.00,0.00
2026-09-23 00:00:00+00:00,Vila Real de Santo António,0816,0.00,0.00,0.00,0.00,0.00,0.00,0.00,0.00,0.00,0.00,0.00,0.00,0.00,0.00
2026-09-24 00:00:00+00:00,Vila Real de Santo António,0816,0.00,0.00,0.00,0.00,0.00,0.00,0.00,0.00,0.00,0.00,0.00,0.00,0.00,0.00
2026-09-25 00:00:00+00:00,Vila Real de Santo António,0816,0.00,0.00,0.00,0.00,0.00,0.00,0.00,0.00,0.00,0.00,0.00,0.00,0.00,0.00
2026-09-26 00:00:00+00:00,Vila Real de Santo António,0816,0.00,0.00,0.00,0.00,0.00,0.00,0.00,0.00,0.00,0.00,0.00,0.00,0.00,0.00
2026-09-27 00:00:00+00:00,Vila Real de Santo António,0816,0.01,0.00,0.00,0.02,0.00,0.01,0.01,0.00,0.00,0.00,0.00,0.00,0.00,0.00
2026-09-28 00:00:00+00:00,Vila Real de Santo António,0816,0.41,0.35,0.00,1.38,0.10,0.34,0.61,0.10,0.08,0.00,0.33,0.02,0.08,0.15
2026-09-29 00:00:00+00:00,Vila Real de Santo António,0816,1.86,1.49,0.00,5.27,0.53,1.65,2.84,0.03,0.02,0.00,0.09,0.01,0.03,0.05
2026-09-10 00:00:00+00:00,Aguiar da Beira,0901,0.00,0.00,0.00,0.00,0.00,0.00,0.00,0.00,0.00,0.00,0.00,0.00,0.00,0.00
2026-09-11 00:00:00+00:00,Aguiar da Beira,0901,0.00,0.00,0.00,0.00,0.00,0.00,0.00,0.00,0.00,0.00,0.00,0.00,0.00,0.00
2026-09-12 00:00:00+00:00,Aguiar da Beira,0901,0.00,0.00,0.00,0.00,0.00,0.00,0.00,0.00,0.00,0.00,0.00,0.00,0.00,0.00
2026-09-13 00:00:00+00:00,Aguiar da Beira,0901,0.00,0.00,0.00,0.00,0.00,0.00,0.00,0.00,0.00,0.00,0.00,0.00,0.00,0.00
2026-09-14 00:00:00+00:00,Aguiar da Beira,0901,0.00,0.00,0.00,0.00,0.00,0.00,0.00,0.00,0.00,0.00,0.00,0.00,0.00,0.00
2026-09-15 00:00:00+00:00,Aguiar da Beira,0901,0.00,0.00,0.00,0.00,0.00,0.00,0.00,0.00,0.00,0.00,0.00,0.00,0.00,0.00
2026-09-16 00:00:00+00:00,Aguiar da Beira,0901,0.08,0.07,0.00,0.26,0.02,0.06,0.13,0.00,0.00,0.00,0.00,0.00,0.00,0.00
2026-09-17 00:00:00+00:00,Aguiar da Beira,0901,0.00,0.00,0.00,0.00,0.00,0.00,0.00,0.00,0.00,0.00,0.00,0.00,0.00,0.00
2026-09-18 00:00:00+00:00,Aguiar da Beira,0901,0.00,0.00,0.00,0.00,0.00,0.00,0.00,0.00,0.00,0.00,0.00,0.00,0.00,0.00
2026-09-19 00:00:00+00:00,Aguiar da Beira,0901,0.00,0.00,0.00,0.00,0.00,0.00,0.00,0.00,0.00,0.00,0.00,0.00,0.00,0.00
2026-09-20 00:00:00+00:00,Aguiar da Beira,0901,0.00,0.00,0.00,0.00,0.00,0.00,0.00,0.00,0.00,0.00,0.00,0.00,0.00,0.00
2026-09-21 00:00:00+00:00,Aguiar da Beira,0901,0.00,0.00,0.00,0.00,0.00,0.00,0.00,0.00,0.00,0.00,0.00,0.00,0.00,0.00
2026-09-22 00:00:00+00:00,Aguiar da Beira,0901,0.00,0.00,0.00,0.00,0.00,0.00,0.00,0.00,0.00,0.00,0.00,0.00,0.00,0.00
2026-09-23 00:00:00+00:00,Aguiar da Beira,0901,0.00,0.00,0.00,0.00,0.00,0.00,0.00,0.00,0.00,0.00,0.00,0.00,0.00,0.00
2026-09-24 00:00:00+00:00,Aguiar da Beira,0901,0.00,0.00,0.00,0.00,0.00,0.00,0.00,0.00,0.00,0.00,0.00,0.00,0.00,0.00
2026-09-25 00:00:00+00:00,Aguiar da Beira,0901,0.37,0.22,0.03,0.99,0.20,0.31,0.50,0.00,0.00,0.00,0.01,0.00,0.00,0.00
2026-09-26 00:00:00+00:00,Aguiar da Beira,0901,0.00,0.00,0.00,0.00,0.00,0.00,0.00,0.00,0.00,0.00,0.00,0.00,0.00,0.00
2026-09-27 00:00:00+00:00,Aguiar da Beira,0901,0.00,0.00,0.00,0.00,0.00,0.00,0.00,0.00,0.00,0.00,0.00,0.00,0.00,0.00
2026-09-28 00:00:00+00:00,Aguiar da Beira,0901,3.54,3.53,0.00,18.25,0.91,2.23,5.61,0.21,0.21,0.00,0.89,0.05,0.13,0.37
2026-09-29 00:00:00+00:00,Aguiar da Beira,0901,5.77,0.56,3.58,7.20,5.71,5.82,5.98,0.44,0.18,0.20,1.14,0.29,0.41,0.59
2026-09-10 00:00:00+00:00,Almeida,0902,0.00,0.00,0.00,0.00,0.00,0.00,0.00,0.00,0.00,0.00,0.00,0.00,0.00,0.00
2026-09-11 00:00:00+00:00,Almeida,0902,0.00,0.00,0.00,0.00,0.00,0.00,0.00,0.00,0.00,0.00,0.00,0.00,0.00,0.00
2026-09-12 00:00:00+00:00,Almeida,0902,0.00,0.00,0.00,0.00,0.00,0.00,0.00,0.00,0.00,0.00,0.00,0.00,0.00,0.00
2026-09-13 00:00:00+00:00,Almeida,0902,0.00,0.00,0.00,0.00,0.00,0.00,0.00,0.00,0.00,0.00,0.00,0.00,0.00,0.00
2026-09-14 00:00:00+00:00,Almeida,0902,0.00,0.00,0.00,0.00,0.00,0.00,0.00,0.00,0.00,0.00,0.00,0.00,0.00,0.00
2026-09-15 00:00:00+00:00,Almeida,0902,0.00,0.00,0.00,0.00,0.00,0.00,0.00,0.00,0.00,0.00,0.00,0.00,0.00,0.00
2026-09-16 00:00:00+00:00,Almeida,0902,0.00,0.00,0.00,0.00,0.00,0.00,0.00,0.00,0.00,0.00,0.00,0.00,0.00,0.00
2026-09-17 00:00:00+00:00,Almeida,0902,0.00,0.00,0.00,0.00,0.00,0.00,0.00,0.00,0.00,0.00,0.00,0.00,0.00,0.00
2026-09-18 00:00:00+00:00,Almeida,0902,0.00,0.00,0.00,0.00,0.00,0.00,0.00,0.00,0.00,0.00,0.00,0.00,0.00,0.00
2026-09-19 00:00:00+00:00,Almeida,0902,0.00,0.00,0.00,0.00,0.00,0.00,0.00,0.00,0.00,0.00,0.00,0.00,0.00,0.00
2026-09-20 00:00:00+00:00,Almeida,0902,0.00,0.00,0.00,0.00,0.00,0.00,0.00,0.00,0.00,0.00,0.00,0.00,0.00,0.00
2026-09-21 00:00:00+00:00,Almeida,0902,0.00,0.00,0.00,0.00,0.00,0.00,0.00,0.00,0.00,0.00,0.00,0.00,0.00,0.00
2026-09-22 00:00:00+00:00,Almeida,0902,0.00,0.00,0.00,0.00,0.00,0.00,0.00,0.00,0.00,0.00,0.00,0.00,0.00,0.00
2026-09-23 00:00:00+00:00,Almeida,0902,0.00,0.00,0.00,0.00,0.00,0.00,0.00,0.00,0.00,0.00,0.00,0.00,0.00,0.00
2026-09-24 00:00:00+00:00,Almeida,0902,0.00,0.00,0.00,0.00,0.00,0.00,0.00,0.00,0.00,0.00,0.00,0.00,0.00,0.00
2026-09-25 00:00:00+00:00,Almeida,0902,0.04,0.06,0.00,0.15,0.00,0.00,0.12,0.00,0.00,0.00,0.00,0.00,0.00,0.00
2026-09-26 00:00:00+00:00,Almeida,0902,0.00,0.00,0.00,0.00,0.00,0.00,0.00,0.00,0.00,0.00,0.00,0.00,0.00,0.00
2026-09-27 00:00:00+00:00,Almeida,0902,0.00,0.00,0.00,0.00,0.00,0.00,0.00,0.00,0.00,0.00,0.00,0.00,0.00,0.00
2026-09-28 00:00:00+00:00,Almeida,0902,10.40,2.47,6.20,16.61,8.42,10.51,12.02,1.21,0.64,0.14,2.87,0.68,1.27,1.62
2026-09-29 00:00:00+00:00,Almeida,0902,4.05,2.17,0.21,7.79,2.08,4.40,5.94,0.43,0.23,0.02,0.93,0.22,0.48,0.59
2026-09-10 00:00:00+00:00,Celorico da Beira,0903,0.00,0.00,0.00,0.00,0.00,0.00,0.00,0.00,0.00,0.00,0.00,0.00,0.00,0.00
2026-09-11 00:00:00+00:00,Celorico da Beira,0903,0.00,0.00,0.00,0.00,0.00,0.00,0.00,0.00,0.00,0.00,0.00,0.00,0.00,0.00
2026-09-12 00:00:00+00:00,Celorico da Beira,0903,0.00,0.00,0.00,0.00,0.00,0.00,0.00,0.00,0.00,0.00,0.00,0.00,0.00,0.00
2026-09-13 00:00:00+00:00,Celorico da Beira,0903,0.00,0.00,0.00,0.00,0.00,0.00,0.00,0.00,0.00,0.00,0.00,0.00,0.00,0.00
2026-09-14 00:00:00+00:00,Celorico da Beira,0903,0.00,0.00,0.00,0.00,0.00,0.00,0.00,0.00,0.00,0.00,0.00,0.00,0.00,0.00
2026-09-15 00:00:00+00:00,Celorico da Beira,0903,0.00,0.00,0.00,0.00,0.00,0.00,0.00,0.00,0.00,0.00,0.00,0.00,0.00,0.00
2026-09-16 00:00:00+00:00,Celorico da Beira,0903,0.05,0.07,0.00,0.19,0.00,0.00,0.13,0.00,0.00,0.00,0.00,0.00,0.00,0.00
2026-09-17 00:00:00+00:00,Celorico da Beira,0903,0.00,0.00,0.00,0.00,0.00,0.00,0.00,0.00,0.00,0.00,0.00,0.00,0.00,0.00
2026-09-18 00:00:00+00:00,Celorico da Beira,0903,0.00,0.00,0.00,0.00,0.00,0.00,0.00,0.00,0.00,0.00,0.00,0.00,0.00,0.00
2026-09-19 00:00:00+00:00,Celorico da Beira,0903,0.00,0.00,0.00,0.00,0.00,0.00,0.00,0.00,0.00,0.00,0.00,0.00,0.00,0.00
2026-09-20 00:00:00+00:00,Celorico da Beira,0903,0.00,0.00,0.00,0.00,0.00,0.00,0.00,0.00,0.00,0.00,0.00,0.00,0.00,0.00
2026-09-21 00:00:00+00:00,Celorico da Beira,0903,0.00,0.00,0.00,0.00,0.00,0.00,0.00,0.00,0.00,0.00,0.00,0.00,0.00,0.00
2026-09-22 00:00:00+00:00,Celorico da Beira,0903,0.00,0.00,0.00,0.00,0.00,0.00,0.00,0.00,0.00,0.00,0.00,0.00,0.00,0.00
2026-09-23 00:00:00+00:00,Celorico da Beira,0903,0.00,0.00,0.00,0.00,0.00,0.00,0.00,0.00,0.00,0.00,0.00,0.00,0.00,0.00
2026-09-24 00:00:00+00:00,Celorico da Beira,0903,0.00,0.00,0.00,0.00,0.00,0.00,0.00,0.00,0.00,0.00,0.00,0.00,0.00,0.00
2026-09-25 00:00:00+00:00,Celorico da Beira,0903,0.25,0.17,0.05,0.77,0.12,0.18,0.34,0.00,0.00,0.00,0.01,0.00,0.00,0.00
2026-09-26 00:00:00+00:00,Celorico da Beira,0903,0.00,0.00,0.00,0.00,0.00,0.00,0.00,0.00,0.00,0.00,0.00,0.00,0.00,0.00
2026-09-27 00:00:00+00:00,Celorico da Beira,0903,0.00,0.00,0.00,0.00,0.00,0.00,0.00,0.00,0.00,0.00,0.00,0.00,0.00,0.00
2026-09-28 00:00:00+00:00,Celorico da Beira,0903,17.53,4.71,6.08,26.79,14.18,18.48,20.64,2.68,1.20,0.90,5.68,1.67,2.39,3.46
2026-09-29 00:00:00+00:00,Celorico da Beira,0903,7.19,1.66,3.12,10.94,6.25,6.95,8.23,0.89,0.30,0.35,1.57,0.65,0.85,1.10
2026-09-10 00:00:00+00:00,Figueira de Castelo Rodrigo,0904,0.00,0.00,0.00,0.00,0.00,0.00,0.00,0.00,0.00,0.00,0.00,0.00,0.00,0.00
2026-09-11 00:00:00+00:00,Figueira de Castelo Rodrigo,0904,0.00,0.00,0.00,0.00,0.00,0.00,0.00,0.00,0.00,0.00,0.00,0.00,0.00,0.00
2026-09-12 00:00:00+00:00,Figueira de Castelo Rodrigo,0904,0.00,0.00,0.00,0.00,0.00,0.00,0.00,0.00,0.00,0.00,0.00,0.00,0.00,0.00
2026-09-13 00:00:00+00:00,Figueira de Castelo Rodrigo,0904,0.00,0.00,0.00,0.00,0.00,0.00,0.00,0.00,0.00,0.00,0.00,0.00,0.00,0.00
2026-09-14 00:00:00+00:00,Figueira de Castelo Rodrigo,0904,0.00,0.00,0.00,0.00,0.00,0.00,0.00,0.00,0.00,0.00,0.00,0.00,0.00,0.00
2026-09-15 00:00:00+00:00,Figueira de Castelo Rodrigo,0904,0.00,0.00,0.00,0.00,0.00,0.00,0.00,0.00,0.00,0.00,0.00,0.00,0.00,0.00
2026-09-16 00:00:00+00:00,Figueira de Castelo Rodrigo,0904,0.00,0.00,0.00,0.00,0.00,0.00,0.00,0.00,0.00,0.00,0.00,0.00,0.00,0.00
2026-09-17 00:00:00+00:00,Figueira de Castelo Rodrigo,0904,0.00,0.00,0.00,0.00,0.00,0.00,0.00,0.00,0.00,0.00,0.00,0.00,0.00,0.00
2026-09-18 00:00:00+00:00,Figueira de Castelo Rodrigo,0904,0.00,0.00,0.00,0.00,0.00,0.00,0.00,0.00,0.00,0.00,0.00,0.00,0.00,0.00
2026-09-19 00:00:00+00:00,Figueira de Castelo Rodrigo,0904,0.00,0.00,0.00,0.00,0.00,0.00,0.00,0.00,0.00,0.00,0.00,0.00,0.00,0.00
2026-09-20 00:00:00+00:00,Figueira de Castelo Rodrigo,0904,0.00,0.00,0.00,0.00,0.00,0.00,0.00,0.00,0.00,0.00,0.00,0.00,0.00,0.00
2026-09-21 00:00:00+00:00,Figueira de Castelo Rodrigo,0904,0.00,0.00,0.00,0.00,0.00,0.00,0.00,0.00,0.00,0.00,0.00,0.00,0.00,0.00
2026-09-22 00:00:00+00:00,Figueira de Castelo Rodrigo,0904,0.00,0.00,0.00,0.00,0.00,0.00,0.00,0.00,0.00,0.00,0.00,0.00,0.00,0.00
2026-09-23 00:00:00+00:00,Figueira de Castelo Rodrigo,0904,0.00,0.00,0.00,0.00,0.00,0.00,0.00,0.00,0.00,0.00,0.00,0.00,0.00,0.00
2026-09-24 00:00:00+00:00,Figueira de Castelo Rodrigo,0904,0.00,0.00,0.00,0.00,0.00,0.00,0.00,0.00,0.00,0.00,0.00,0.00,0.00,0.00
2026-09-25 00:00:00+00:00,Figueira de Castelo Rodrigo,0904,0.00,0.03,0.00,0.77,0.00,0.00,0.00,0.00,0.00,0.00,0.02,0.00,0.00,0.00
2026-09-26 00:00:00+00:00,Figueira de Castelo Rodrigo,0904,0.00,0.00,0.00,0.00,0.00,0.00,0.00,0.00,0.00,0.00,0.00,0.00,0.00,0.00
2026-09-27 00:00:00+00:00,Figueira de Castelo Rodrigo,0904,0.00,0.00,0.00,0.00,0.00,0.00,0.00,0.00,0.00,0.00,0.00,0.00,0.00,0.00
2026-09-28 00:00:00+00:00,Figueira de Castelo Rodrigo,0904,6.20,0.74,3.50,9.70,6.02,6.08,6.30,0.18,0.08,0.10,0.52,0.12,0.16,0.21
2026-09-29 00:00:00+00:00,Figueira de Castelo Rodrigo,0904,0.84,0.84,0.00,3.19,0.14,0.46,1.50,0.11,0.11,0.00,0.47,0.01,0.05,0.19
2026-09-10 00:00:00+00:00,Fornos de Algodres,0905,0.00,0.00,0.00,0.00,0.00,0.00,0.00,0.00,0.00,0.00,0.00,0.00,0.00,0.00
2026-09-11 00:00:00+00:00,Fornos de Algodres,0905,0.00,0.00,0.00,0.00,0.00,0.00,0.00,0.00,0.00,0.00,0.00,0.00,0.00,0.00
2026-09-12 00:00:00+00:00,Fornos de Algodres,0905,0.00,0.00,0.00,0.00,0.00,0.00,0.00,0.00,0.00,0.00,0.00,0.00,0.00,0.00
2026-09-13 00:00:00+00:00,Fornos de Algodres,0905,0.00,0.00,0.00,0.00,0.00,0.00,0.00,0.00,0.00,0.00,0.00,0.00,0.00,0.00
2026-09-14 00:00:00+00:00,Fornos de Algodres,0905,0.00,0.00,0.00,0.00,0.00,0.00,0.00,0.00,0.00,0.00,0.00,0.00,0.00,0.00
2026-09-15 00:00:00+00:00,Fornos de Algodres,0905,0.00,0.00,0.00,0.00,0.00,0.00,0.00,0.00,0.00,0.00,0.00,0.00,0.00,0.00
2026-09-16 00:00:00+00:00,Fornos de Algodres,0905,0.13,0.05,0.00,0.20,0.10,0.15,0.18,0.00,0.00,0.00,0.00,0.00,0.00,0.00
2026-09-17 00:00:00+00:00,Fornos de Algodres,0905,0.00,0.00,0.00,0.00,0.00,0.00,0.00,0.00,0.00,0.00,0.00,0.00,0.00,0.00
2026-09-18 00:00:00+00:00,Fornos de Algodres,0905,0.00,0.00,0.00,0.00,0.00,0.00,0.00,0.00,0.00,0.00,0.00,0.00,0.00,0.00
2026-09-19 00:00:00+00:00,Fornos de Algodres,0905,0.00,0.00,0.00,0.00,0.00,0.00,0.00,0.00,0.00,0.00,0.00,0.00,0.00,0.00
2026-09-20 00:00:00+00:00,Fornos de Algodres,0905,0.00,0.00,0.00,0.00,0.00,0.00,0.00,0.00,0.00,0.00,0.00,0.00,0.00,0.00
2026-09-21 00:00:00+00:00,Fornos de Algodres,0905,0.00,0.00,0.00,0.00,0.00,0.00,0.00,0.00,0.00,0.00,0.00,0.00,0.00,0.00
2026-09-22 00:00:00+00:00,Fornos de Algodres,0905,0.00,0.00,0.00,0.00,0.00,0.00,0.00,0.00,0.00,0.00,0.00,0.00,0.00,0.00
2026-09-23 00:00:00+00:00,Fornos de Algodres,0905,0.00,0.00,0.00,0.00,0.00,0.00,0.00,0.00,0.00,0.00,0.00,0.00,0.00,0.00
2026-09-24 00:00:00+00:00,Fornos de Algodres,0905,0.00,0.00,0.00,0.00,0.00,0.00,0.00,0.00,0.00,0.00,0.00,0.00,0.00,0.00
2026-09-25 00:00:00+00:00,Fornos de Algodres,0905,0.75,0.41,0.05,1.90,0.44,0.74,0.98,0.01,0.00,0.00,0.02,0.00,0.01,0.01
2026-09-26 00:00:00+00:00,Fornos de Algodres,0905,0.00,0.00,0.00,0.00,0.00,0.00,0.00,0.00,0.00,0.00,0.00,0.00,0.00,0.00
2026-09-27 00:00:00+00:00,Fornos de Algodres,0905,0.00,0.00,0.00,0.00,0.00,0.00,0.00,0.00,0.00,0.00,0.00,0.00,0.00,0.00
2026-09-28 00:00:00+00:00,Fornos de Algodres,0905,6.73,3.89,0.33,17.96,3.82,6.12,9.59,0.64,0.31,0.03,1.33,0.44,0.65,0.87
2026-09-29 00:00:00+00:00,Fornos de Algodres,0905,3.34,1.76,0.13,6.02,1.93,3.31,4.92,0.43,0.18,0.03,0.70,0.32,0.47,0.58
2026-09-10 00:00:00+00:00,Gouveia,0906,0.00,0.00,0.00,0.00,0.00,0.00,0.00,0.00,0.00,0.00,0.00,0.00,0.00,0.00
2026-09-11 00:00:00+00:00,Gouveia,0906,0.00,0.00,0.00,0.00,0.00,0.00,0.00,0.00,0.00,0.00,0.00,0.00,0.00,0.00
2026-09-12 00:00:00+00:00,Gouveia,0906,0.00,0.00,0.00,0.00,0.00,0.00,0.00,0.00,0.00,0.00,0.00,0.00,0.00,0.00
2026-09-13 00:00:00+00:00,Gouveia,0906,0.00,0.00,0.00,0.00,0.00,0.00,0.00,0.00,0.00,0.00,0.00,0.00,0.00,0.00
2026-09-14 00:00:00+00:00,Gouveia,0906,0.00,0.00,0.00,0.00,0.00,0.00,0.00,0.00,0.00,0.00,0.00,0.00,0.00,0.00
2026-09-15 00:00:00+00:00,Gouveia,0906,0.00,0.00,0.00,0.00,0.00,0.00,0.00,0.00,0.00,0.00,0.00,0.00,0.00,0.00
2026-09-16 00:00:00+00:00,Gouveia,0906,0.09,0.11,0.00,0.39,0.00,0.01,0.16,0.00,0.00,0.00,0.00,0.00,0.00,0.00
2026-09-17 00:00:00+00:00,Gouveia,0906,0.00,0.00,0.00,0.00,0.00,0.00,0.00,0.00,0.00,0.00,0.00,0.00,0.00,0.00
2026-09-18 00:00:00+00:00,Gouveia,0906,0.00,0.00,0.00,0.00,0.00,0.00,0.00,0.00,0.00,0.00,0.00,0.00,0.00,0.00
2026-09-19 00:00:00+00:00,Gouveia,0906,0.00,0.00,0.00,0.00,0.00,0.00,0.00,0.00,0.00,0.00,0.00,0.00,0.00,0.00
2026-09-20 00:00:00+00:00,Gouveia,0906,0.00,0.00,0.00,0.00,0.00,0.00,0.00,0.00,0.00,0.00,0.00,0.00,0.00,0.00
2026-09-21 00:00:00+00:00,Gouveia,0906,0.00,0.00,0.00,0.00,0.00,0.00,0.00,0.00,0.00,0.00,0.00,0.00,0.00,0.00
2026-09-22 00:00:00+00:00,Gouveia,0906,0.00,0.00,0.00,0.00,0.00,0.00,0.00,0.00,0.00,0.00,0.00,0.00,0.00,0.00
2026-09-23 00:00:00+00:00,Gouveia,0906,0.00,0.00,0.00,0.00,0.00,0.00,0.00,0.00,0.00,0.00,0.00,0.00,0.00,0.00
2026-09-24 00:00:00+00:00,Gouveia,0906,0.00,0.00,0.00,0.00,0.00,0.00,0.00,0.00,0.00,0.00,0.00,0.00,0.00,0.00
2026-09-25 00:00:00+00:00,Gouveia,0906,1.44,1.76,0.00,7.83,0.24,0.74,1.82,0.01,0.01,0.00,0.07,0.00,0.01,0.02
2026-09-26 00:00:00+00:00,Gouveia,0906,0.00,0.00,0.00,0.00,0.00,0.00,0.00,0.00,0.00,0.00,0.00,0.00,0.00,0.00
2026-09-27 00:00:00+00:00,Gouveia,0906,0.00,0.00,0.00,0.00,0.00,0.00,0.00,0.00,0.00,0.00,0.00,0.00,0.00,0.00
2026-09-28 00:00:00+00:00,Gouveia,0906,10.27,4.96,0.94,17.97,5.80,10.59,14.57,2.23,1.37,0.12,4.59,0.90,2.19,3.38
2026-09-29 00:00:00+00:00,Gouveia,0906,6.60,3.41,0.41,11.99,3.91,6.62,9.58,1.07,0.54,0.07,1.90,0.61,1.09,1.59
2026-09-10 00:00:00+00:00,Guarda,0907,0.00,0.00,0.00,0.00,0.00,0.00,0.00,0.00,0.00,0.00,0.00,0.00,0.00,0.00
2026-09-11 00:00:00+00:00,Guarda,0907,0.00,0.00,0.00,0.00,0.00,0.00,0.00,0.00,0.00,0.00,0.00,0.00,0.00,0.00
2026-09-12 00:00:00+00:00,Guarda,0907,0.00,0.00,0.00,0.00,0.00,0.00,0.00,0.00,0.00,0.00,0.00,0.00,0.00,0.00
2026-09-13 00:00:00+00:00,Guarda,0907,0.00,0.00,0.00,0.00,0.00,0.00,0.00,0.00,0.00,0.00,0.00,0.00,0.00,0.00
2026-09-14 00:00:00+00:00,Guarda,0907,0.00,0.00,0.00,0.00,0.00,0.00,0.00,0.00,0.00,0.00,0.00,0.00,0.00,0.00
2026-09-15 00:00:00+00:00,Guarda,0907,0.00,0.00,0.00,0.00,0.00,0.00,0.00,0.00,0.00,0.00,0.00,0.00,0.00,0.00
2026-09-16 00:00:00+00:00,Guarda,0907,0.00,0.00,0.00,0.00,0.00,0.00,0.00,0.00,0.00,0.00,0.00,0.00,0.00,0.00
2026-09-17 00:00:00+00:00,Guarda,0907,0.00,0.00,0.00,0.00,0.00,0.00,0.00,0.00,0.00,0.00,0.00,0.00,0.00,0.00
2026-09-18 00:00:00+00:00,Guarda,0907,0.00,0.00,0.00,0.00,0.00,0.00,0.00,0.00,0.00,0.00,0.00,0.00,0.00,0.00
2026-09-19 00:00:00+00:00,Guarda,0907,0.00,0.00,0.00,0.00,0.00,0.00,0.00,0.00,0.00,0.00,0.00,0.00,0.00,0.00
2026-09-20 00:00:00+00:00,Guarda,0907,0.00,0.00,0.00,0.00,0.00,0.00,0.00,0.00,0.00,0.00,0.00,0.00,0.00,0.00
2026-09-21 00:00:00+00:00,Guarda,0907,0.00,0.00,0.00,0.00,0.00,0.00,0.00,0.00,0.00,0.00,0.00,0.00,0.00,0.00
2026-09-22 00:00:00+00:00,Guarda,0907,0.00,0.00,0.00,0.00,0.00,0.00,0.00,0.00,0.00,0.00,0.00,0.00,0.00,0.00
2026-09-23 00:00:00+00:00,Guarda,0907,0.00,0.00,0.00,0.00,0.00,0.00,0.00,0.00,0.00,0.00,0.00,0.00,0.00,0.00
2026-09-24 00:00:00+00:00,Guarda,0907,0.00,0.00,0.00,0.00,0.00,0.00,0.00,0.00,0.00,0.00,0.00,0.00,0.00,0.00
2026-09-25 00:00:00+00:00,Guarda,0907,0.07,0.05,0.00,0.32,0.03,0.06,0.09,0.00,0.00,0.00,0.00,0.00,0.00,0.00
2026-09-26 00:00:00+00:00,Guarda,0907,0.00,0.00,0.00,0.00,0.00,0.00,0.00,0.00,0.00,0.00,0.00,0.00,0.00,0.00
2026-09-27 00:00:00+00:00,Guarda,0907,0.00,0.00,0.00,0.00,0.00,0.00,0.00,0.00,0.00,0.00,0.00,0.00,0.00,0.00
2026-09-28 00:00:00+00:00,Guarda,0907,21.90,5.94,6.31,30.00,18.06,22.54,27.12,4.37,1.57,0.27,6.60,3.24,4.46,5.75
2026-09-29 00:00:00+00:00,Guarda,0907,9.75,1.50,6.21,12.00,8.57,9.74,11.12,1.42,0.27,0.59,1.79,1.24,1.52,1.63
2026-09-10 00:00:00+00:00,Manteigas,0908,0.00,0.00,0.00,0.00,0.00,0.00,0.00,0.00,0.00,0.00,0.00,0.00,0.00,0.00
2026-09-11 00:00:00+00:00,Manteigas,0908,0.00,0.00,0.00,0.00,0.00,0.00,0.00,0.00,0.00,0.00,0.00,0.00,0.00,0.00
2026-09-12 00:00:00+00:00,Manteigas,0908,0.00,0.00,0.00,0.00,0.00,0.00,0.00,0.00,0.00,0.00,0.00,0.00,0.00,0.00
2026-09-13 00:00:00+00:00,Manteigas,0908,0.00,0.00,0.00,0.00,0.00,0.00,0.00,0.00,0.00,0.00,0.00,0.00,0.00,0.00
2026-09-14 00:00:00+00:00,Manteigas,0908,0.00,0.00,0.00,0.00,0.00,0.00,0.00,0.00,0.00,0.00,0.00,0.00,0.00,0.00
2026-09-15 00:00:00+00:00,Manteigas,0908,0.00,0.00,0.00,0.00,0.00,0.00,0.00,0.00,0.00,0.00,0.00,0.00,0.00,0.00
2026-09-16 00:00:00+00:00,Manteigas,0908,0.01,0.02,0.00,0.08,0.00,0.00,0.02,0.00,0.00,0.00,0.00,0.00,0.00,0.00
2026-09-17 00:00:00+00:00,Manteigas,0908,0.00,0.00,0.00,0.00,0.00,0.00,0.00,0.00,0.00,0.00,0.00,0.00,0.00,0.00
2026-09-18 00:00:00+00:00,Manteigas,0908,0.00,0.00,0.00,0.00,0.00,0.00,0.00,0.00,0.00,0.00,0.00,0.00,0.00,0.00
2026-09-19 00:00:00+00:00,Manteigas,0908,0.00,0.00,0.00,0.00,0.00,0.00,0.00,0.00,0.00,0.00,0.00,0.00,0.00,0.00
2026-09-20 00:00:00+00:00,Manteigas,0908,0.00,0.00,0.00,0.00,0.00,0.00,0.00,0.00,0.00,0.00,0.00,0.00,0.00,0.00
2026-09-21 00:00:00+00:00,Manteigas,0908,0.00,0.00,0.00,0.00,0.00,0.00,0.00,0.00,0.00,0.00,0.00,0.00,0.00,0.00
2026-09-22 00:00:00+00:00,Manteigas,0908,0.00,0.00,0.00,0.00,0.00,0.00,0.00,0.00,0.00,0.00,0.00,0.00,0.00,0.00
2026-09-23 00:00:00+00:00,Manteigas,0908,0.00,0.00,0.00,0.00,0.00,0.00,0.00,0.00,0.00,0.00,0.00,0.00,0.00,0.00
2026-09-24 00:00:00+00:00,Manteigas,0908,0.00,0.00,0.00,0.00,0.00,0.00,0.00,0.00,0.00,0.00,0.00,0.00,0.00,0.00
2026-09-25 00:00:00+00:00,Manteigas,0908,0.06,0.04,0.00,0.21,0.03,0.06,0.09,0.00,0.00,0.00,0.00,0.00,0.00,0.00
2026-09-26 00:00:00+00:00,Manteigas,0908,0.00,0.00,0.00,0.00,0.00,0.00,0.00,0.00,0.00,0.00,0.00,0.00,0.00,0.00
2026-09-27 00:00:00+00:00,Manteigas,0908,0.00,0.00,0.00,0.00,0.00,0.00,0.00,0.00,0.00,0.00,0.00,0.00,0.00,0.00
2026-09-28 00:00:00+00:00,Manteigas,0908,14.75,2.71,7.85,18.00,12.74,15.44,17.18,3.40,1.01,0.82,4.60,2.62,3.69,4.31
2026-09-29 00:00:00+00:00,Manteigas,0908,10.64,1.21,7.05,12.00,10.23,10.88,11.66,1.80,0.07,1.61,1.90,1.76,1.81,1.87
2026-09-10 00:00:00+00:00,Mêda,0909,0.00,0.00,0.00,0.00,0.00,0.00,0.00,0.00,0.00,0.00,0.00,0.00,0.00,0.00
2026-09-11 00:00:00+00:00,Mêda,0909,0.00,0.00,0.00,0.00,0.00,0.00,0.00,0.00,0.00,0.00,0.00,0.00,0.00,0.00
2026-09-12 00:00:00+00:00,Mêda,0909,0.00,0.00,0.00,0.00,0.00,0.00,0.00,0.00,0.00,0.00,0.00,0.00,0.00,0.00
2026-09-13 00:00:00+00:00,Mêda,0909,0.00,0.00,0.00,0.00,0.00,0.00,0.00,0.00,0.00,0.00,0.00,0.00,0.00,0.00
2026-09-14 00:00:00+00:00,Mêda,0909,0.00,0.00,0.00,0.00,0.00,0.00,0.00,0.00,0.00,0.00,0.00,0.00,0.00,0.00
2026-09-15 00:00:00+00:00,Mêda,0909,0.00,0.00,0.00,0.00,0.00,0.00,0.00,0.00,0.00,0.00,0.00,0.00,0.00,0.00
2026-09-16 00:00:00+00:00,Mêda,0909,0.00,0.00,0.00,0.00,0.00,0.00,0.00,0.00,0.00,0.00,0.00,0.00,0.00,0.00
2026-09-17 00:00:00+00:00,Mêda,0909,0.00,0.00,0.00,0.00,0.00,0.00,0.00,0.00,0.00,0.00,0.00,0.00,0.00,0.00
2026-09-18 00:00:00+00:00,Mêda,0909,0.00,0.00,0.00,0.00,0.00,0.00,0.00,0.00,0.00,0.00,0.00,0.00,0.00,0.00
2026-09-19 00:00:00+00:00,Mêda,0909,0.00,0.00,0.00,0.00,0.00,0.00,0.00,0.00,0.00,0.00,0.00,0.00,0.00,0.00
2026-09-20 00:00:00+00:00,Mêda,0909,0.00,0.00,0.00,0.00,0.00,0.00,0.00,0.00,0.00,0.00,0.00,0.00,0.00,0.00
2026-09-21 00:00:00+00:00,Mêda,0909,0.00,0.00,0.00,0.00,0.00,0.00,0.00,0.00,0.00,0.00,0.00,0.00,0.00,0.00
2026-09-22 00:00:00+00:00,Mêda,0909,0.00,0.00,0.00,0.00,0.00,0.00,0.00,0.00,0.00,0.00,0.00,0.00,0.00,0.00
2026-09-23 00:00:00+00:00,Mêda,0909,0.00,0.00,0.00,0.00,0.00,0.00,0.00,0.00,0.00,0.00,0.00,0.00,0.00,0.00
2026-09-24 00:00:00+00:00,Mêda,0909,0.00,0.00,0.00,0.00,0.00,0.00,0.00,0.00,0.00,0.00,0.00,0.00,0.00,0.00
2026-09-25 00:00:00+00:00,Mêda,0909,0.00,0.02,0.00,0.12,0.00,0.00,0.00,0.00,0.00,0.00,0.00,0.00,0.00,0.00
2026-09-26 00:00:00+00:00,Mêda,0909,0.00,0.00,0.00,0.00,0.00,0.00,0.00,0.00,0.00,0.00,0.00,0.00,0.00,0.00
2026-09-27 00:00:00+00:00,Mêda,0909,0.00,0.00,0.00,0.00,0.00,0.00,0.00,0.00,0.00,0.00,0.00,0.00,0.00,0.00
2026-09-28 00:00:00+00:00,Mêda,0909,11.66,3.26,6.09,18.62,8.82,11.22,14.17,0.61,0.19,0.24,0.98,0.47,0.62,0.78
2026-09-29 00:00:00+00:00,Mêda,0909,5.80,0.76,3.81,7.74,5.27,5.83,6.28,0.82,0.36,0.35,1.77,0.54,0.73,1.08
2026-09-10 00:00:00+00:00,Pinhel,0910,0.00,0.00,0.00,0.00,0.00,0.00,0.00,0.00,0.00,0.00,0.00,0.00,0.00,0.00
2026-09-11 00:00:00+00:00,Pinhel,0910,0.00,0.00,0.00,0.00,0.00,0.00,0.00,0.00,0.00,0.00,0.00,0.00,0.00,0.00
2026-09-12 00:00:00+00:00,Pinhel,0910,0.00,0.00,0.00,0.00,0.00,0.00,0.00,0.00,0.00,0.00,0.00,0.00,0.00,0.00
2026-09-13 00:00:00+00:00,Pinhel,0910,0.00,0.00,0.00,0.00,0.00,0.00,0.00,0.00,0.00,0.00,0.00,0.00,0.00,0.00
2026-09-14 00:00:00+00:00,Pinhel,0910,0.00,0.00,0.00,0.00,0.00,0.00,0.00,0.00,0.00,0.00,0.00,0.00,0.00,0.00
2026-09-15 00:00:00+00:00,Pinhel,0910,0.00,0.00,0.00,0.00,0.00,0.00,0.00,0.00,0.00,0.00,0.00,0.00,0.00,0.00
2026-09-16 00:00:00+00:00,Pinhel,0910,0.00,0.00,0.00,0.00,0.00,0.00,0.00,0.00,0.00,0.00,0.00,0.00,0.00,0.00
2026-09-17 00:00:00+00:00,Pinhel,0910,0.00,0.00,0.00,0.00,0.00,0.00,0.00,0.00,0.00,0.00,0.00,0.00,0.00,0.00
2026-09-18 00:00:00+00:00,Pinhel,0910,0.00,0.00,0.00,0.00,0.00,0.00,0.00,0.00,0.00,0.00,0.00,0.00,0.00,0.00
2026-09-19 00:00:00+00:00,Pinhel,0910,0.00,0.00,0.00,0.00,0.00,0.00,0.00,0.00,0.00,0.00,0.00,0.00,0.00,0.00
2026-09-20 00:00:00+00:00,Pinhel,0910,0.00,0.00,0.00,0.00,0.00,0.00,0.00,0.00,0.00,0.00,0.00,0.00,0.00,0.00
2026-09-21 00:00:00+00:00,Pinhel,0910,0.00,0.00,0.00,0.00,0.00,0.00,0.00,0.00,0.00,0.00,0.00,0.00,0.00,0.00
2026-09-22 00:00:00+00:00,Pinhel,0910,0.00,0.00,0.00,0.00,0.00,0.00,0.00,0.00,0.00,0.00,0.00,0.00,0.00,0.00
2026-09-23 00:00:00+00:00,Pinhel,0910,0.00,0.00,0.00,0.00,0.00,0.00,0.00,0.00,0.00,0.00,0.00,0.00,0.00,0.00
2026-09-24 00:00:00+00:00,Pinhel,0910,0.00,0.00,0.00,0.00,0.00,0.00,0.00,0.00,0.00,0.00,0.00,0.00,0.00,0.00
2026-09-25 00:00:00+00:00,Pinhel,0910,0.03,0.06,0.00,0.14,0.00,0.00,0.10,0.00,0.00,0.00,0.00,0.00,0.00,0.00
2026-09-26 00:00:00+00:00,Pinhel,0910,0.00,0.00,0.00,0.00,0.00,0.00,0.00,0.00,0.00,0.00,0.00,0.00,0.00,0.00
2026-09-27 00:00:00+00:00,Pinhel,0910,0.00,0.00,0.00,0.00,0.00,0.00,0.00,0.00,0.00,0.00,0.00,0.00,0.00,0.00
2026-09-28 00:00:00+00:00,Pinhel,0910,13.56,4.25,6.38,24.51,9.85,13.57,17.06,1.38,0.95,0.17,4.89,0.61,1.10,1.97
2026-09-29 00:00:00+00:00,Pinhel,0910,4.43,2.19,0.29,10.08,2.87,4.39,6.21,0.47,0.27,0.03,1.39,0.30,0.40,0.64
2026-09-10 00:00:00+00:00,Sabugal,0911,0.00,0.00,0.00,0.00,0.00,0.00,0.00,0.00,0.00,0.00,0.00,0.00,0.00,0.00
2026-09-11 00:00:00+00:00,Sabugal,0911,0.00,0.00,0.00,0.00,0.00,0.00,0.00,0.00,0.00,0.00,0.00,0.00,0.00,0.00
2026-09-12 00:00:00+00:00,Sabugal,0911,0.00,0.00,0.00,0.00,0.00,0.00,0.00,0.00,0.00,0.00,0.00,0.00,0.00,0.00
2026-09-13 00:00:00+00:00,Sabugal,0911,0.00,0.00,0.00,0.00,0.00,0.00,0.00,0.00,0.00,0.00,0.00,0.00,0.00,0.00
2026-09-14 00:00:00+00:00,Sabugal,0911,0.00,0.00,0.00,0.00,0.00,0.00,0.00,0.00,0.00,0.00,0.00,0.00,0.00,0.00
2026-09-15 00:00:00+00:00,Sabugal,0911,0.00,0.00,0.00,0.00,0.00,0.00,0.00,0.00,0.00,0.00,0.00,0.00,0.00,0.00
2026-09-16 00:00:00+00:00,Sabugal,0911,0.00,0.00,0.00,0.00,0.00,0.00,0.00,0.00,0.00,0.00,0.00,0.00,0.00,0.00
2026-09-17 00:00:00+00:00,Sabugal,0911,0.00,0.00,0.00,0.00,0.00,0.00,0.00,0.00,0.00,0.00,0.00,0.00,0.00,0.00
2026-09-18 00:00:00+00:00,Sabugal,0911,0.00,0.00,0.00,0.00,0.00,0.00,0.00,0.00,0.00,0.00,0.00,0.00,0.00,0.00
2026-09-19 00:00:00+00:00,Sabugal,0911,0.00,0.00,0.00,0.00,0.00,0.00,0.00,0.00,0.00,0.00,0.00,0.00,0.00,0.00
2026-09-20 00:00:00+00:00,Sabugal,0911,0.00,0.00,0.00,0.00,0.00,0.00,0.00,0.00,0.00,0.00,0.00,0.00,0.00,0.00
2026-09-21 00:00:00+00:00,Sabugal,0911,0.00,0.00,0.00,0.00,0.00,0.00,0.00,0.00,0.00,0.00,0.00,0.00,0.00,0.00
2026-09-22 00:00:00+00:00,Sabugal,0911,0.00,0.00,0.00,0.00,0.00,0.00,0.00,0.00,0.00,0.00,0.00,0.00,0.00,0.00
2026-09-23 00:00:00+00:00,Sabugal,0911,0.00,0.00,0.00,0.00,0.00,0.00,0.00,0.00,0.00,0.00,0.00,0.00,0.00,0.00
2026-09-24 00:00:00+00:00,Sabugal,0911,0.00,0.00,0.00,0.00,0.00,0.00,0.00,0.00,0.00,0.00,0.00,0.00,0.00,0.00
2026-09-25 00:00:00+00:00,Sabugal,0911,0.05,0.03,0.00,0.13,0.02,0.05,0.07,0.00,0.00,0.00,0.00,0.00,0.00,0.00
2026-09-26 00:00:00+00:00,Sabugal,0911,0.00,0.00,0.00,0.00,0.00,0.00,0.00,0.00,0.00,0.00,0.00,0.00,0.00,0.00
2026-09-27 00:00:00+00:00,Sabugal,0911,0.00,0.00,0.00,0.00,0.00,0.00,0.00,0.00,0.00,0.00,0.00,0.00,0.00,0.00
2026-09-28 00:00:00+00:00,Sabugal,0911,8.32,2.23,6.00,17.94,6.76,7.79,9.04,0.81,0.59,0.20,3.37,0.39,0.66,1.02
2026-09-29 00:00:00+00:00,Sabugal,0911,6.51,0.56,6.00,8.99,6.13,6.27,6.80,0.49,0.41,0.10,1.68,0.20,0.35,0.58
2026-09-10 00:00:00+00:00,Seia,0912,0.00,0.00,0.00,0.00,0.00,0.00,0.00,0.00,0.00,0.00,0.00,0.00,0.00,0.00
2026-09-11 00:00:00+00:00,Seia,0912,0.00,0.00,0.00,0.00,0.00,0.00,0.00,0.00,0.00,0.00,0.00,0.00,0.00,0.00
2026-09-12 00:00:00+00:00,Seia,0912,0.00,0.00,0.00,0.00,0.00,0.00,0.00,0.00,0.00,0.00,0.00,0.00,0.00,0.00
2026-09-13 00:00:00+00:00,Seia,0912,0.00,0.00,0.00,0.00,0.00,0.00,0.00,0.00,0.00,0.00,0.00,0.00,0.00,0.00
2026-09-14 00:00:00+00:00,Seia,0912,0.00,0.00,0.00,0.00,0.00,0.00,0.00,0.00,0.00,0.00,0.00,0.00,0.00,0.00
2026-09-15 00:00:00+00:00,Seia,0912,0.00,0.00,0.00,0.00,0.00,0.00,0.00,0.00,0.00,0.00,0.00,0.00,0.00,0.00
2026-09-16 00:00:00+00:00,Seia,0912,0.42,0.43,0.01,2.16,0.16,0.31,0.45,0.01,0.01,0.00,0.06,0.00,0.00,0.01
2026-09-17 00:00:00+00:00,Seia,0912,0.00,0.00,0.00,0.00,0.00,0.00,0.00,0.00,0.00,0.00,0.00,0.00,0.00,0.00
2026-09-18 00:00:00+00:00,Seia,0912,0.00,0.00,0.00,0.00,0.00,0.00,0.00,0.00,0.00,0.00,0.00,0.00,0.00,0.00
2026-09-19 00:00:00+00:00,Seia,0912,0.00,0.00,0.00,0.00,0.00,0.00,0.00,0.00,0.00,0.00,0.00,0.00,0.00,0.00
2026-09-20 00:00:00+00:00,Seia,0912,0.00,0.00,0.00,0.00,0.00,0.00,0.00,0.00,0.00,0.00,0.00,0.00,0.00,0.00
2026-09-21 00:00:00+00:00,Seia,0912,0.00,0.00,0.00,0.00,0.00,0.00,0.00,0.00,0.00,0.00,0.00,0.00,0.00,0.00
2026-09-22 00:00:00+00:00,Seia,0912,0.00,0.00,0.00,0.00,0.00,0.00,0.00,0.00,0.00,0.00,0.00,0.00,0.00,0.00
2026-09-23 00:00:00+00:00,Seia,0912,0.00,0.00,0.00,0.00,0.00,0.00,0.00,0.00,0.00,0.00,0.00,0.00,0.00,0.00
2026-09-24 00:00:00+00:00,Seia,0912,0.00,0.00,0.00,0.00,0.00,0.00,0.00,0.00,0.00,0.00,0.00,0.00,0.00,0.00
2026-09-25 00:00:00+00:00,Seia,0912,3.12,3.27,0.03,11.72,0.74,1.52,4.80,0.03,0.03,0.00,0.10,0.01,0.01,0.04
2026-09-26 00:00:00+00:00,Seia,0912,0.00,0.00,0.00,0.00,0.00,0.00,0.00,0.00,0.00,0.00,0.00,0.00,0.00,0.00
2026-09-27 00:00:00+00:00,Seia,0912,0.00,0.00,0.00,0.00,0.00,0.00,0.00,0.00,0.00,0.00,0.00,0.00,0.00,0.00
2026-09-28 00:00:00+00:00,Seia,0912,7.15,4.26,0.11,17.66,4.01,5.68,9.75,1.38,1.17,0.01,4.49,0.44,1.01,2.08
2026-09-29 00:00:00+00:00,Seia,0912,5.75,2.75,0.13,11.81,3.84,5.25,7.77,0.83,0.50,0.01,1.87,0.43,0.72,1.24
2026-09-10 00:00:00+00:00,Trancoso,0913,0.00,0.00,0.00,0.00,0.00,0.00,0.00,0.00,0.00,0.00,0.00,0.00,0.00,0.00
2026-09-11 00:00:00+00:00,Trancoso,0913,0.00,0.00,0.00,0.00,0.00,0.00,0.00,0.00,0.00,0.00,0.00,0.00,0.00,0.00
2026-09-12 00:00:00+00:00,Trancoso,0913,0.00,0.00,0.00,0.00,0.00,0.00,0.00,0.00,0.00,0.00,0.00,0.00,0.00,0.00
2026-09-13 00:00:00+00:00,Trancoso,0913,0.00,0.00,0.00,0.00,0.00,0.00,0.00,0.00,0.00,0.00,0.00,0.00,0.00,0.00
2026-09-14 00:00:00+00:00,Trancoso,0913,0.00,0.00,0.00,0.00,0.00,0.00,0.00,0.00,0.00,0.00,0.00,0.00,0.00,0.00
2026-09-15 00:00:00+00:00,Trancoso,0913,0.00,0.00,0.00,0.00,0.00,0.00,0.00,0.00,0.00,0.00,0.00,0.00,0.00,0.00
2026-09-16 00:00:00+00:00,Trancoso,0913,0.02,0.03,0.00,0.14,0.00,0.00,0.03,0.00,0.00,0.00,0.00,0.00,0.00,0.00
2026-09-17 00:00:00+00:00,Trancoso,0913,0.00,0.00,0.00,0.00,0.00,0.00,0.00,0.00,0.00,0.00,0.00,0.00,0.00,0.00
2026-09-18 00:00:00+00:00,Trancoso,0913,0.00,0.00,0.00,0.00,0.00,0.00,0.00,0.00,0.00,0.00,0.00,0.00,0.00,0.00
2026-09-19 00:00:00+00:00,Trancoso,0913,0.00,0.00,0.00,0.00,0.00,0.00,0.00,0.00,0.00,0.00,0.00,0.00,0.00,0.00
2026-09-20 00:00:00+00:00,Trancoso,0913,0.00,0.00,0.00,0.00,0.00,0.00,0.00,0.00,0.00,0.00,0.00,0.00,0.00,0.00
2026-09-21 00:00:00+00:00,Trancoso,0913,0.00,0.00,0.00,0.00,0.00,0.00,0.00,0.00,0.00,0.00,0.00,0.00,0.00,0.00
2026-09-22 00:00:00+00:00,Trancoso,0913,0.00,0.00,0.00,0.00,0.00,0.00,0.00,0.00,0.00,0.00,0.00,0.00,0.00,0.00
2026-09-23 00:00:00+00:00,Trancoso,0913,0.00,0.00,0.00,0.00,0.00,0.00,0.00,0.00,0.00,0.00,0.00,0.00,0.00,0.00
2026-09-24 00:00:00+00:00,Trancoso,0913,0.00,0.00,0.00,0.00,0.00,0.00,0.00,0.00,0.00,0.00,0.00,0.00,0.00,0.00
2026-09-25 00:00:00+00:00,Trancoso,0913,0.03,0.04,0.00,0.19,0.00,0.01,0.04,0.00,0.00,0.00,0.00,0.00,0.00,0.00
2026-09-26 00:00:00+00:00,Trancoso,0913,0.00,0.00,0.00,0.00,0.00,0.00,0.00,0.00,0.00,0.00,0.00,0.00,0.00,0.00
2026-09-27 00:00:00+00:00,Trancoso,0913,0.00,0.00,0.00,0.00,0.00,0.00,0.00,0.00,0.00,0.00,0.00,0.00,0.00,0.00
2026-09-28 00:00:00+00:00,Trancoso,0913,20.09,3.49,7.78,24.00,18.82,20.96,22.65,1.03,0.20,0.38,1.64,0.98,1.07,1.11
2026-09-29 00:00:00+00:00,Trancoso,0913,6.10,0.25,5.41,7.57,6.00,6.03,6.12,0.28,0.16,0.10,1.03,0.16,0.25,0.34
2026-09-10 00:00:00+00:00,Vila Nova de Foz Côa,0914,0.00,0.00,0.00,0.00,0.00,0.00,0.00,0.00,0.00,0.00,0.00,0.00,0.00,0.00
2026-09-11 00:00:00+00:00,Vila Nova de Foz Côa,0914,0.00,0.00,0.00,0.00,0.00,0.00,0.00,0.00,0.00,0.00,0.00,0.00,0.00,0.00
2026-09-12 00:00:00+00:00,Vila Nova de Foz Côa,0914,0.00,0.00,0.00,0.00,0.00,0.00,0.00,0.00,0.00,0.00,0.00,0.00,0.00,0.00
2026-09-13 00:00:00+00:00,Vila Nova de Foz Côa,0914,0.00,0.00,0.00,0.00,0.00,0.00,0.00,0.00,0.00,0.00,0.00,0.00,0.00,0.00
2026-09-14 00:00:00+00:00,Vila Nova de Foz Côa,0914,0.00,0.00,0.00,0.00,0.00,0.00,0.00,0.00,0.00,0.00,0.00,0.00,0.00,0.00
2026-09-15 00:00:00+00:00,Vila Nova de Foz Côa,0914,0.00,0.00,0.00,0.00,0.00,0.00,0.00,0.00,0.00,0.00,0.00,0.00,0.00,0.00
2026-09-16 00:00:00+00:00,Vila Nova de Foz Côa,0914,0.00,0.00,0.00,0.00,0.00,0.00,0.00,0.00,0.00,0.00,0.00,0.00,0.00,0.00
2026-09-17 00:00:00+00:00,Vila Nova de Foz Côa,0914,0.00,0.00,0.00,0.00,0.00,0.00,0.00,0.00,0.00,0.00,0.00,0.00,0.00,0.00
2026-09-18 00:00:00+00:00,Vila Nova de Foz Côa,0914,0.00,0.00,0.00,0.00,0.00,0.00,0.00,0.00,0.00,0.00,0.00,0.00,0.00,0.00
2026-09-19 00:00:00+00:00,Vila Nova de Foz Côa,0914,0.00,0.00,0.00,0.00,0.00,0.00,0.00,0.00,0.00,0.00,0.00,0.00,0.00,0.00
2026-09-20 00:00:00+00:00,Vila Nova de Foz Côa,0914,0.00,0.00,0.00,0.00,0.00,0.00,0.00,0.00,0.00,0.00,0.00,0.00,0.00,0.00
2026-09-21 00:00:00+00:00,Vila Nova de Foz Côa,0914,0.00,0.00,0.00,0.00,0.00,0.00,0.00,0.00,0.00,0.00,0.00,0.00,0.00,0.00
2026-09-22 00:00:00+00:00,Vila Nova de Foz Côa,0914,0.00,0.00,0.00,0.00,0.00,0.00,0.00,0.00,0.00,0.00,0.00,0.00,0.00,0.00
2026-09-23 00:00:00+00:00,Vila Nova de Foz Côa,0914,0.00,0.00,0.00,0.00,0.00,0.00,0.00,0.00,0.00,0.00,0.00,0.00,0.00,0.00
2026-09-24 00:00:00+00:00,Vila Nova de Foz Côa,0914,0.00,0.00,0.00,0.00,0.00,0.00,0.00,0.00,0.00,0.00,0.00,0.00,0.00,0.00
2026-09-25 00:00:00+00:00,Vila Nova de Foz Côa,0914,0.00,0.00,0.00,0.00,0.00,0.00,0.00,0.00,0.00,0.00,0.00,0.00,0.00,0.00
2026-09-26 00:00:00+00:00,Vila Nova de Foz Côa,0914,0.00,0.00,0.00,0.00,0.00,0.00,0.00,0.00,0.00,0.00,0.00,0.00,0.00,0.00
2026-09-27 00:00:00+00:00,Vila Nova de Foz Côa,0914,0.00,0.00,0.00,0.00,0.00,0.00,0.00,0.00,0.00,0.00,0.00,0.00,0.00,0.00
2026-09-28 00:00:00+00:00,Vila Nova de Foz Côa,0914,5.80,1.79,1.21,9.64,4.50,6.10,7.14,0.26,0.09,0.05,0.54,0.21,0.27,0.31
2026-09-29 00:00:00+00:00,Vila Nova de Foz Côa,0914,4.33,1.50,1.27,7.31,3.03,4.10,5.73,1.00,0.51,0.26,1.94,0.54,0.82,1.50
2026-09-10 00:00:00+00:00,Alcobaça,1001,0.96,1.64,0.00,5.93,0.06,0.12,0.57,0.05,0.08,0.00,0.30,0.00,0.01,0.03
2026-09-11 00:00:00+00:00,Alcobaça,1001,0.00,0.00,0.00,0.00,0.00,0.00,0.00,0.00,0.00,0.00,0.00,0.00,0.00,0.00
2026-09-12 00:00:00+00:00,Alcobaça,1001,1.03,1.63,0.00,5.93,0.08,0.20,0.96,0.04,0.05,0.00,0.20,0.00,0.01,0.03
2026-09-13 00:00:00+00:00,Alcobaça,1001,0.00,0.00,0.00,0.00,0.00,0.00,0.00,0.00,0.00,0.00,0.00,0.00,0.00,0.00
2026-09-14 00:00:00+00:00,Alcobaça,1001,0.00,0.00,0.00,0.00,0.00,0.00,0.00,0.00,0.00,0.00,0.00,0.00,0.00,0.00
2026-09-15 00:00:00+00:00,Alcobaça,1001,0.00,0.00,0.00,0.00,0.00,0.00,0.00,0.00,0.00,0.00,0.00,0.00,0.00,0.00
2026-09-16 00:00:00+00:00,Alcobaça,1001,0.01,0.01,0.00,0.04,0.00,0.01,0.01,0.00,0.00,0.00,0.00,0.00,0.00,0.00
2026-09-17 00:00:00+00:00,Alcobaça,1001,0.00,0.00,0.00,0.00,0.00,0.00,0.00,0.00,0.00,0.00,0.00,0.00,0.00,0.00
2026-09-18 00:00:00+00:00,Alcobaça,1001,0.96,1.64,0.00,5.93,0.06,0.12,0.57,0.02,0.03,0.00,0.10,0.00,0.00,0.01
2026-09-19 00:00:00+00:00,Alcobaça,1001,1.03,1.63,0.00,5.93,0.08,0.20,0.96,0.02,0.03,0.00,0.10,0.00,0.00,0.02
2026-09-20 00:00:00+00:00,Alcobaça,1001,0.00,0.00,0.00,0.00,0.00,0.00,0.00,0.00,0.00,0.00,0.00,0.00,0.00,0.00
2026-09-21 00:00:00+00:00,Alcobaça,1001,0.00,0.00,0.00,0.00,0.00,0.00,0.00,0.00,0.00,0.00,0.00,0.00,0.00,0.00
2026-09-22 00:00:00+00:00,Alcobaça,1001,0.00,0.00,0.00,0.00,0.00,0.00,0.00,0.00,0.00,0.00,0.00,0.00,0.00,0.00
2026-09-23 00:00:00+00:00,Alcobaça,1001,1.03,1.63,0.00,5.93,0.08,0.20,0.96,0.02,0.03,0.00,0.10,0.00,0.00,0.02
2026-09-24 00:00:00+00:00,Alcobaça,1001,1.27,1.80,0.00,5.97,0.14,0.34,1.30,0.07,0.11,0.00,0.40,0.01,0.02,0.08
2026-09-25 00:00:00+00:00,Alcobaça,1001,0.96,1.64,0.00,5.93,0.06,0.12,0.57,0.02,0.03,0.00,0.10,0.00,0.00,0.01
2026-09-26 00:00:00+00:00,Alcobaça,1001,1.04,1.63,0.00,5.93,0.08,0.20,0.97,0.02,0.03,0.00,0.10,0.00,0.00,0.02
2026-09-27 00:00:00+00:00,Alcobaça,1001,0.00,0.00,0.00,0.00,0.00,0.00,0.00,0.00,0.00,0.00,0.00,0.00,0.00,0.00
2026-09-28 00:00:00+00:00,Alcobaça,1001,6.43,2.05,1.23,11.92,5.65,5.98,6.40,0.58,0.69,0.07,2.67,0.21,0.23,0.43
2026-09-29 00:00:00+00:00,Alcobaça,1001,7.10,9.03,0.00,29.89,0.89,2.69,8.32,0.54,0.84,0.00,2.97,0.05,0.13,0.42
2026-09-10 00:00:00+00:00,Alvaiázere,1002,0.03,0.03,0.00,0.10,0.01,0.03,0.05,0.00,0.00,0.00,0.01,0.00,0.00,0.00
2026-09-11 00:00:00+00:00,Alvaiázere,1002,0.00,0.00,0.00,0.00,0.00,0.00,0.00,0.00,0.00,0.00,0.00,0.00,0.00,0.00
2026-09-12 00:00:00+00:00,Alvaiázere,1002,0.03,0.03,0.00,0.10,0.01,0.03,0.05,0.00,0.00,0.00,0.00,0.00,0.00,0.00
2026-09-13 00:00:00+00:00,Alvaiázere,1002,0.00,0.00,0.00,0.00,0.00,0.00,0.00,0.00,0.00,0.00,0.00,0.00,0.00,0.00
2026-09-14 00:00:00+00:00,Alvaiázere,1002,0.00,0.00,0.00,0.00,0.00,0.00,0.00,0.00,0.00,0.00,0.00,0.00,0.00,0.00
2026-09-15 00:00:00+00:00,Alvaiázere,1002,0.00,0.00,0.00,0.00,0.00,0.00,0.00,0.00,0.00,0.00,0.00,0.00,0.00,0.00
2026-09-16 00:00:00+00:00,Alvaiázere,1002,0.36,0.14,0.06,0.56,0.25,0.38,0.48,0.01,0.01,0.00,0.02,0.01,0.01,0.02
2026-09-17 00:00:00+00:00,Alvaiázere,1002,0.00,0.00,0.00,0.00,0.00,0.00,0.00,0.00,0.00,0.00,0.00,0.00,0.00,0.00
2026-09-18 00:00:00+00:00,Alvaiázere,1002,0.01,0.03,0.00,0.10,0.00,0.00,0.02,0.00,0.00,0.00,0.00,0.00,0.00,0.00
2026-09-19 00:00:00+00:00,Alvaiázere,1002,0.01,0.02,0.00,0.09,0.00,0.00,0.00,0.00,0.00,0.00,0.00,0.00,0.00,0.00
2026-09-20 00:00:00+00:00,Alvaiázere,1002,0.00,0.00,0.00,0.00,0.00,0.00,0.00,0.00,0.00,0.00,0.00,0.00,0.00,0.00
2026-09-21 00:00:00+00:00,Alvaiázere,1002,0.00,0.00,0.00,0.00,0.00,0.00,0.00,0.00,0.00,0.00,0.00,0.00,0.00,0.00
2026-09-22 00:00:00+00:00,Alvaiázere,1002,0.00,0.00,0.00,0.00,0.00,0.00,0.00,0.00,0.00,0.00,0.00,0.00,0.00,0.00
2026-09-23 00:00:00+00:00,Alvaiázere,1002,0.01,0.02,0.00,0.09,0.00,0.00,0.00,0.00,0.00,0.00,0.00,0.00,0.00,0.00
2026-09-24 00:00:00+00:00,Alvaiázere,1002,0.22,0.16,0.02,0.66,0.09,0.18,0.33,0.01,0.00,0.00,0.02,0.00,0.00,0.01
2026-09-25 00:00:00+00:00,Alvaiázere,1002,0.03,0.03,0.00,0.10,0.01,0.03,0.05,0.00,0.00,0.00,0.00,0.00,0.00,0.00
2026-09-26 00:00:00+00:00,Alvaiázere,1002,0.11,0.06,0.01,0.24,0.06,0.11,0.17,0.00,0.00,0.00,0.00,0.00,0.00,0.00
2026-09-27 00:00:00+00:00,Alvaiázere,1002,0.00,0.00,0.00,0.00,0.00,0.00,0.00,0.00,0.00,0.00,0.00,0.00,0.00,0.00
2026-09-28 00:00:00+00:00,Alvaiázere,1002,0.21,0.15,0.02,0.73,0.10,0.17,0.27,0.01,0.01,0.00,0.06,0.00,0.01,0.01
2026-09-29 00:00:00+00:00,Alvaiázere,1002,6.47,0.56,5.22,8.10,6.09,6.33,6.72,0.15,0.03,0.11,0.26,0.13,0.15,0.17
2026-09-10 00:00:00+00:00,Ansião,1003,0.02,0.02,0.00,0.10,0.00,0.01,0.03,0.00,0.00,0.00,0.00,0.00,0.00,0.00
2026-09-11 00:00:00+00:00,Ansião,1003,0.00,0.00,0.00,0.00,0.00,0.00,0.00,0.00,0.00,0.00,0.00,0.00,0.00,0.00
2026-09-12 00:00:00+00:00,Ansião,1003,0.01,0.02,0.00,0.06,0.00,0.01,0.02,0.00,0.00,0.00,0.00,0.00,0.00,0.00
2026-09-13 00:00:00+00:00,Ansião,1003,0.00,0.00,0.00,0.00,0.00,0.00,0.00,0.00,0.00,0.00,0.00,0.00,0.00,0.00
2026-09-14 00:00:00+00:00,Ansião,1003,0.00,0.00,0.00,0.00,0.00,0.00,0.00,0.00,0.00,0.00,0.00,0.00,0.00,0.00
2026-09-15 00:00:00+00:00,Ansião,1003,0.00,0.00,0.00,0.00,0.00,0.00,0.00,0.00,0.00,0.00,0.00,0.00,0.00,0.00
2026-09-16 00:00:00+00:00,Ansião,1003,1.37,1.54,0.00,5.18,0.08,0.65,2.46,0.03,0.03,0.00,0.09,0.00,0.02,0.05
2026-09-17 00:00:00+00:00,Ansião,1003,0.00,0.00,0.00,0.00,0.00,0.00,0.00,0.00,0.00,0.00,0.00,0.00,0.00,0.00
2026-09-18 00:00:00+00:00,Ansião,1003,0.00,0.01,0.00,0.05,0.00,0.00,0.00,0.00,0.00,0.00,0.00,0.00,0.00,0.00
2026-09-19 00:00:00+00:00,Ansião,1003,0.00,0.00,0.00,0.02,0.00,0.00,0.00,0.00,0.00,0.00,0.00,0.00,0.00,0.00
2026-09-20 00:00:00+00:00,Ansião,1003,0.00,0.00,0.00,0.00,0.00,0.00,0.00,0.00,0.00,0.00,0.00,0.00,0.00,0.00
2026-09-21 00:00:00+00:00,Ansião,1003,0.00,0.00,0.00,0.00,0.00,0.00,0.00,0.00,0.00,0.00,0.00,0.00,0.00,0.00
2026-09-22 00:00:00+00:00,Ansião,1003,0.00,0.00,0.00,0.00,0.00,0.00,0.00,0.00,0.00,0.00,0.00,0.00,0.00,0.00
2026-09-23 00:00:00+00:00,Ansião,1003,0.01,0.01,0.00,0.03,0.00,0.00,0.01,0.00,0.00,0.00,0.00,0.00,0.00,0.00
2026-09-24 00:00:00+00:00,Ansião,1003,0.17,0.19,0.00,0.77,0.02,0.08,0.28,0.00,0.00,0.00,0.02,0.00,0.00,0.01
2026-09-25 00:00:00+00:00,Ansião,1003,0.02,0.02,0.00,0.10,0.00,0.01,0.03,0.00,0.00,0.00,0.00,0.00,0.00,0.00
2026-09-26 00:00:00+00:00,Ansião,1003,0.25,0.33,0.00,1.39,0.01,0.10,0.40,0.00,0.01,0.00,0.03,0.00,0.00,0.01
2026-09-27 00:00:00+00:00,Ansião,1003,0.00,0.00,0.00,0.00,0.00,0.00,0.00,0.00,0.00,0.00,0.00,0.00,0.00,0.00
2026-09-28 00:00:00+00:00,Ansião,1003,0.12,0.10,0.00,0.41,0.02,0.11,0.21,0.00,0.00,0.00,0.02,0.00,0.00,0.01
2026-09-29 00:00:00+00:00,Ansião,1003,7.06,1.59,4.84,11.19,6.01,6.26,7.86,0.19,0.10,0.10,0.40,0.11,0.15,0.27
2026-09-10 00:00:00+00:00,Batalha,1004,0.66,0.15,0.44,1.14,0.56,0.62,0.73,0.03,0.01,0.02,0.06,0.03,0.03,0.04
2026-09-11 00:00:00+00:00,Batalha,1004,0.00,0.00,0.00,0.00,0.00,0.00,0.00,0.00,0.00,0.00,0.00,0.00,0.00,0.00
2026-09-12 00:00:00+00:00,Batalha,1004,0.71,0.15,0.52,1.17,0.61,0.66,0.76,0.02,0.00,0.02,0.04,0.02,0.02,0.03
2026-09-13 00:00:00+00:00,Batalha,1004,0.00,0.00,0.00,0.00,0.00,0.00,0.00,0.00,0.00,0.00,0.00,0.00,0.00,0.00
2026-09-14 00:00:00+00:00,Batalha,1004,0.00,0.00,0.00,0.00,0.00,0.00,0.00,0.00,0.00,0.00,0.00,0.00,0.00,0.00
2026-09-15 00:00:00+00:00,Batalha,1004,0.00,0.00,0.00,0.00,0.00,0.00,0.00,0.00,0.00,0.00,0.00,0.00,0.00,0.00
2026-09-16 00:00:00+00:00,Batalha,1004,0.10,0.04,0.04,0.17,0.07,0.11,0.14,0.00,0.00,0.00,0.00,0.00,0.00,0.00
2026-09-17 00:00:00+00:00,Batalha,1004,0.00,0.00,0.00,0.00,0.00,0.00,0.00,0.00,0.00,0.00,0.00,0.00,0.00,0.00
2026-09-18 00:00:00+00:00,Batalha,1004,0.66,0.15,0.44,1.14,0.55,0.61,0.73,0.01,0.00,0.01,0.02,0.01,0.01,0.01
2026-09-19 00:00:00+00:00,Batalha,1004,0.69,0.16,0.51,1.16,0.56,0.65,0.76,0.01,0.00,0.01,0.02,0.01,0.01,0.01
2026-09-20 00:00:00+00:00,Batalha,1004,0.00,0.00,0.00,0.00,0.00,0.00,0.00,0.00,0.00,0.00,0.00,0.00,0.00,0.00
2026-09-21 00:00:00+00:00,Batalha,1004,0.00,0.00,0.00,0.00,0.00,0.00,0.00,0.00,0.00,0.00,0.00,0.00,0.00,0.00
2026-09-22 00:00:00+00:00,Batalha,1004,0.00,0.00,0.00,0.00,0.00,0.00,0.00,0.00,0.00,0.00,0.00,0.00,0.00,0.00
2026-09-23 00:00:00+00:00,Batalha,1004,0.69,0.16,0.51,1.16,0.56,0.65,0.76,0.01,0.00,0.01,0.02,0.01,0.01,0.01
2026-09-24 00:00:00+00:00,Batalha,1004,3.54,0.85,1.80,5.20,3.01,3.59,4.15,0.10,0.02,0.06,0.13,0.08,0.10,0.11
2026-09-25 00:00:00+00:00,Batalha,1004,0.66,0.15,0.44,1.14,0.56,0.62,0.73,0.01,0.00,0.01,0.02,0.01,0.01,0.01
2026-09-26 00:00:00+00:00,Batalha,1004,0.76,0.13,0.58,1.19,0.67,0.72,0.80,0.01,0.00,0.01,0.02,0.01,0.01,0.01
2026-09-27 00:00:00+00:00,Batalha,1004,0.00,0.00,0.00,0.00,0.00,0.00,0.00,0.00,0.00,0.00,0.00,0.00,0.00,0.00
2026-09-28 00:00:00+00:00,Batalha,1004,5.63,0.74,3.96,6.82,5.06,5.76,6.24,0.44,0.08,0.29,0.66,0.38,0.43,0.49
2026-09-29 00:00:00+00:00,Batalha,1004,21.06,4.55,12.36,30.59,17.97,21.11,24.46,0.80,0.15,0.46,1.07,0.70,0.82,0.91
2026-09-10 00:00:00+00:00,Bombarral,1005,0.10,0.02,0.06,0.14,0.08,0.10,0.11,0.00,0.00,0.00,0.01,0.00,0.00,0.01
2026-09-11 00:00:00+00:00,Bombarral,1005,0.00,0.00,0.00,0.00,0.00,0.00,0.00,0.00,0.00,0.00,0.00,0.00,0.00,0.00
2026-09-12 00:00:00+00:00,Bombarral,1005,1.41,0.61,0.59,3.29,0.95,1.23,1.71,0.06,0.02,0.03,0.12,0.05,0.06,0.07
2026-09-13 00:00:00+00:00,Bombarral,1005,0.00,0.00,0.00,0.00,0.00,0.00,0.00,0.00,0.00,0.00,0.00,0.00,0.00,0.00
2026-09-14 00:00:00+00:00,Bombarral,1005,0.00,0.00,0.00,0.00,0.00,0.00,0.00,0.00,0.00,0.00,0.00,0.00,0.00,0.00
2026-09-15 00:00:00+00:00,Bombarral,1005,0.00,0.00,0.00,0.00,0.00,0.00,0.00,0.00,0.00,0.00,0.00,0.00,0.00,0.00
2026-09-16 00:00:00+00:00,Bombarral,1005,0.00,0.00,0.00,0.00,0.00,0.00,0.00,0.00,0.00,0.00,0.00,0.00,0.00,0.00
2026-09-17 00:00:00+00:00,Bombarral,1005,0.00,0.00,0.00,0.00,0.00,0.00,0.00,0.00,0.00,0.00,0.00,0.00,0.00,0.00
2026-09-18 00:00:00+00:00,Bombarral,1005,0.09,0.02,0.00,0.13,0.08,0.09,0.11,0.00,0.00,0.00,0.00,0.00,0.00,0.00
2026-09-19 00:00:00+00:00,Bombarral,1005,1.41,0.61,0.59,3.29,0.95,1.23,1.71,0.02,0.01,0.01,0.05,0.01,0.02,0.03
2026-09-20 00:00:00+00:00,Bombarral,1005,0.00,0.00,0.00,0.00,0.00,0.00,0.00,0.00,0.00,0.00,0.00,0.00,0.00,0.00
2026-09-21 00:00:00+00:00,Bombarral,1005,0.00,0.00,0.00,0.00,0.00,0.00,0.00,0.00,0.00,0.00,0.00,0.00,0.00,0.00
2026-09-22 00:00:00+00:00,Bombarral,1005,0.00,0.00,0.00,0.00,0.00,0.00,0.00,0.00,0.00,0.00,0.00,0.00,0.00,0.00
2026-09-23 00:00:00+00:00,Bombarral,1005,1.41,0.61,0.59,3.29,0.95,1.23,1.71,0.02,0.01,0.01,0.05,0.01,0.02,0.03
2026-09-24 00:00:00+00:00,Bombarral,1005,2.36,0.71,1.04,4.19,1.84,2.37,2.80,0.14,0.05,0.06,0.29,0.10,0.13,0.17
2026-09-25 00:00:00+00:00,Bombarral,1005,0.10,0.02,0.06,0.14,0.08,0.10,0.11,0.00,0.00,0.00,0.00,0.00,0.00,0.00
2026-09-26 00:00:00+00:00,Bombarral,1005,1.41,0.61,0.59,3.29,0.95,1.23,1.71,0.02,0.01,0.01,0.05,0.01,0.02,0.03
2026-09-27 00:00:00+00:00,Bombarral,1005,0.00,0.00,0.00,0.00,0.00,0.00,0.00,0.00,0.00,0.00,0.00,0.00,0.00,0.00
2026-09-28 00:00:00+00:00,Bombarral,1005,2.23,0.62,1.24,3.90,1.75,2.05,2.60,0.14,0.05,0.06,0.26,0.11,0.13,0.17
2026-09-29 00:00:00+00:00,Bombarral,1005,14.08,3.86,9.15,25.85,11.09,13.03,15.93,0.48,0.15,0.28,0.91,0.37,0.44,0.55
2026-09-10 00:00:00+00:00,Caldas da Rainha,1006,0.21,0.12,0.01,0.54,0.12,0.20,0.27,0.01,0.01,0.00,0.03,0.00,0.01,0.01
2026-09-11 00:00:00+00:00,Caldas da Rainha,1006,0.00,0.00,0.00,0.00,0.00,0.00,0.00,0.00,0.00,0.00,0.00,0.00,0.00,0.00
2026-09-12 00:00:00+00:00,Caldas da Rainha,1006,0.92,0.79,0.03,3.24,0.32,0.61,1.39,0.05,0.03,0.01,0.12,0.03,0.04,0.06
2026-09-13 00:00:00+00:00,Caldas da Rainha,1006,0.00,0.00,0.00,0.00,0.00,0.00,0.00,0.00,0.00,0.00,0.00,0.00,0.00,0.00
2026-09-14 00:00:00+00:00,Caldas da Rainha,1006,0.00,0.00,0.00,0.00,0.00,0.00,0.00,0.00,0.00,0.00,0.00,0.00,0.00,0.00
2026-09-15 00:00:00+00:00,Caldas da Rainha,1006,0.00,0.00,0.00,0.00,0.00,0.00,0.00,0.00,0.00,0.00,0.00,0.00,0.00,0.00
2026-09-16 00:00:00+00:00,Caldas da Rainha,1006,0.00,0.00,0.00,0.03,0.00,0.00,0.00,0.00,0.00,0.00,0.00,0.00,0.00,0.00
2026-09-17 00:00:00+00:00,Caldas da Rainha,1006,0.00,0.00,0.00,0.00,0.00,0.00,0.00,0.00,0.00,0.00,0.00,0.00,0.00,0.00
2026-09-18 00:00:00+00:00,Caldas da Rainha,1006,0.20,0.12,0.01,0.54,0.10,0.19,0.27,0.00,0.00,0.00,0.01,0.00,0.00,0.00
2026-09-19 00:00:00+00:00,Caldas da Rainha,1006,0.92,0.79,0.03,3.24,0.32,0.61,1.39,0.02,0.01,0.00,0.05,0.01,0.01,0.02
2026-09-20 00:00:00+00:00,Caldas da Rainha,1006,0.00,0.00,0.00,0.00,0.00,0.00,0.00,0.00,0.00,0.00,0.00,0.00,0.00,0.00
2026-09-21 00:00:00+00:00,Caldas da Rainha,1006,0.00,0.00,0.00,0.00,0.00,0.00,0.00,0.00,0.00,0.00,0.00,0.00,0.00,0.00
2026-09-22 00:00:00+00:00,Caldas da Rainha,1006,0.00,0.00,0.00,0.00,0.00,0.00,0.00,0.00,0.00,0.00,0.00,0.00,0.00,0.00
2026-09-23 00:00:00+00:00,Caldas da Rainha,1006,0.92,0.79,0.03,3.24,0.32,0.61,1.39,0.02,0.01,0.00,0.05,0.01,0.01,0.02
2026-09-24 00:00:00+00:00,Caldas da Rainha,1006,1.21,0.91,0.05,3.70,0.49,0.86,1.79,0.08,0.07,0.00,0.27,0.03,0.05,0.12
2026-09-25 00:00:00+00:00,Caldas da Rainha,1006,0.21,0.12,0.01,0.54,0.12,0.20,0.27,0.00,0.00,0.00,0.01,0.00,0.00,0.00
2026-09-26 00:00:00+00:00,Caldas da Rainha,1006,0.92,0.79,0.03,3.24,0.32,0.61,1.39,0.02,0.01,0.00,0.05,0.01,0.01,0.02
2026-09-27 00:00:00+00:00,Caldas da Rainha,1006,0.00,0.00,0.00,0.00,0.00,0.00,0.00,0.00,0.00,0.00,0.00,0.00,0.00,0.00
2026-09-28 00:00:00+00:00,Caldas da Rainha,1006,3.27,1.58,0.16,5.56,1.78,3.78,4.62,0.21,0.11,0.01,0.41,0.10,0.22,0.30
2026-09-29 00:00:00+00:00,Caldas da Rainha,1006,9.82,4.78,3.24,24.54,6.49,7.99,12.20,0.36,0.21,0.11,0.93,0.19,0.27,0.51
2026-09-10 00:00:00+00:00,Castanheira de Pêra,1007,0.00,0.00,0.00,0.00,0.00,0.00,0.00,0.00,0.00,0.00,0.00,0.00,0.00,0.00
2026-09-11 00:00:00+00:00,Castanheira de Pêra,1007,0.00,0.00,0.00,0.00,0.00,0.00,0.00,0.00,0.00,0.00,0.00,0.00,0.00,0.00
2026-09-12 00:00:00+00:00,Castanheira de Pêra,1007,0.00,0.00,0.00,0.00,0.00,0.00,0.00,0.00,0.00,0.00,0.00,0.00,0.00,0.00
2026-09-13 00:00:00+00:00,Castanheira de Pêra,1007,0.00,0.00,0.00,0.00,0.00,0.00,0.00,0.00,0.00,0.00,0.00,0.00,0.00,0.00
2026-09-14 00:00:00+00:00,Castanheira de Pêra,1007,0.00,0.00,0.00,0.00,0.00,0.00,0.00,0.00,0.00,0.00,0.00,0.00,0.00,0.00
2026-09-15 00:00:00+00:00,Castanheira de Pêra,1007,0.00,0.00,0.00,0.00,0.00,0.00,0.00,0.00,0.00,0.00,0.00,0.00,0.00,0.00
2026-09-16 00:00:00+00:00,Castanheira de Pêra,1007,2.26,0.89,1.13,4.37,1.49,2.00,2.97,0.11,0.04,0.05,0.19,0.07,0.10,0.14
2026-09-17 00:00:00+00:00,Castanheira de Pêra,1007,0.00,0.00,0.00,0.00,0.00,0.00,0.00,0.00,0.00,0.00,0.00,0.00,0.00,0.00
2026-09-18 00:00:00+00:00,Castanheira de Pêra,1007,0.00,0.00,0.00,0.00,0.00,0.00,0.00,0.00,0.00,0.00,0.00,0.00,0.00,0.00
2026-09-19 00:00:00+00:00,Castanheira de Pêra,1007,0.00,0.00,0.00,0.00,0.00,0.00,0.00,0.00,0.00,0.00,0.00,0.00,0.00,0.00
2026-09-20 00:00:00+00:00,Castanheira de Pêra,1007,0.00,0.00,0.00,0.00,0.00,0.00,0.00,0.00,0.00,0.00,0.00,0.00,0.00,0.00
2026-09-21 00:00:00+00:00,Castanheira de Pêra,1007,0.00,0.00,0.00,0.00,0.00,0.00,0.00,0.00,0.00,0.00,0.00,0.00,0.00,0.00
2026-09-22 00:00:00+00:00,Castanheira de Pêra,1007,0.00,0.00,0.00,0.00,0.00,0.00,0.00,0.00,0.00,0.00,0.00,0.00,0.00,0.00
2026-09-23 00:00:00+00:00,Castanheira de Pêra,1007,0.00,0.00,0.00,0.00,0.00,0.00,0.00,0.00,0.00,0.00,0.00,0.00,0.00,0.00
2026-09-24 00:00:00+00:00,Castanheira de Pêra,1007,0.16,0.06,0.04,0.24,0.09,0.17,0.21,0.00,0.00,0.00,0.00,0.00,0.00,0.00
2026-09-25 00:00:00+00:00,Castanheira de Pêra,1007,0.02,0.03,0.00,0.08,0.00,0.00,0.05,0.00,0.00,0.00,0.00,0.00,0.00,0.00
2026-09-26 00:00:00+00:00,Castanheira de Pêra,1007,0.40,0.09,0.17,0.52,0.33,0.43,0.46,0.01,0.00,0.00,0.01,0.01,0.01,0.01
2026-09-27 00:00:00+00:00,Castanheira de Pêra,1007,0.00,0.00,0.00,0.00,0.00,0.00,0.00,0.00,0.00,0.00,0.00,0.00,0.00,0.00
2026-09-28 00:00:00+00:00,Castanheira de Pêra,1007,0.41,0.09,0.24,0.65,0.35,0.41,0.47,0.01,0.00,0.01,0.02,0.01,0.01,0.02
2026-09-29 00:00:00+00:00,Castanheira de Pêra,1007,2.44,0.30,1.72,3.06,2.22,2.45,2.67,0.17,0.04,0.10,0.25,0.14,0.16,0.20
2026-09-10 00:00:00+00:00,Figueiró dos Vinhos,1008,0.01,0.01,0.00,0.05,0.00,0.00,0.02,0.00,0.00,0.00,0.00,0.00,0.00,0.00
2026-09-11 00:00:00+00:00,Figueiró dos Vinhos,1008,0.00,0.00,0.00,0.00,0.00,0.00,0.00,0.00,0.00,0.00,0.00,0.00,0.00,0.00
2026-09-12 00:00:00+00:00,Figueiró dos Vinhos,1008,0.01,0.01,0.00,0.05,0.00,0.00,0.00,0.00,0.00,0.00,0.00,0.00,0.00,0.00
2026-09-13 00:00:00+00:00,Figueiró dos Vinhos,1008,0.00,0.00,0.00,0.00,0.00,0.00,0.00,0.00,0.00,0.00,0.00,0.00,0.00,0.00
2026-09-14 00:00:00+00:00,Figueiró dos Vinhos,1008,0.00,0.00,0.00,0.00,0.00,0.00,0.00,0.00,0.00,0.00,0.00,0.00,0.00,0.00
2026-09-15 00:00:00+00:00,Figueiró dos Vinhos,1008,0.00,0.00,0.00,0.00,0.00,0.00,0.00,0.00,0.00,0.00,0.00,0.00,0.00,0.00
2026-09-16 00:00:00+00:00,Figueiró dos Vinhos,1008,0.75,0.47,0.09,3.10,0.53,0.63,0.81,0.03,0.02,0.00,0.12,0.02,0.03,0.04
2026-09-17 00:00:00+00:00,Figueiró dos Vinhos,1008,0.00,0.00,0.00,0.00,0.00,0.00,0.00,0.00,0.00,0.00,0.00,0.00,0.00,0.00
2026-09-18 00:00:00+00:00,Figueiró dos Vinhos,1008,0.00,0.00,0.00,0.00,0.00,0.00,0.00,0.00,0.00,0.00,0.00,0.00,0.00,0.00
2026-09-19 00:00:00+00:00,Figueiró dos Vinhos,1008,0.00,0.00,0.00,0.00,0.00,0.00,0.00,0.00,0.00,0.00,0.00,0.00,0.00,0.00
2026-09-20 00:00:00+00:00,Figueiró dos Vinhos,1008,0.00,0.00,0.00,0.00,0.00,0.00,0.00,0.00,0.00,0.00,0.00,0.00,0.00,0.00
2026-09-21 00:00:00+00:00,Figueiró dos Vinhos,1008,0.00,0.00,0.00,0.00,0.00,0.00,0.00,0.00,0.00,0.00,0.00,0.00,0.00,0.00
2026-09-22 00:00:00+00:00,Figueiró dos Vinhos,1008,0.00,0.00,0.00,0.00,0.00,0.00,0.00,0.00,0.00,0.00,0.00,0.00,0.00,0.00
2026-09-23 00:00:00+00:00,Figueiró dos Vinhos,1008,0.00,0.00,0.00,0.00,0.00,0.00,0.00,0.00,0.00,0.00,0.00,0.00,0.00,0.00
2026-09-24 00:00:00+00:00,Figueiró dos Vinhos,1008,0.17,0.06,0.02,0.31,0.13,0.18,0.21,0.00,0.00,0.00,0.01,0.00,0.00,0.00
2026-09-25 00:00:00+00:00,Figueiró dos Vinhos,1008,0.01,0.02,0.00,0.05,0.00,0.00,0.03,0.00,0.00,0.00,0.00,0.00,0.00,0.00
2026-09-26 00:00:00+00:00,Figueiró dos Vinhos,1008,0.29,0.17,0.02,0.72,0.16,0.22,0.42,0.01,0.00,0.00,0.01,0.00,0.00,0.01
2026-09-27 00:00:00+00:00,Figueiró dos Vinhos,1008,0.00,0.00,0.00,0.00,0.00,0.00,0.00,0.00,0.00,0.00,0.00,0.00,0.00,0.00
2026-09-28 00:00:00+00:00,Figueiró dos Vinhos,1008,0.19,0.07,0.03,0.35,0.15,0.20,0.23,0.01,0.00,0.00,0.01,0.00,0.01,0.01
2026-09-29 00:00:00+00:00,Figueiró dos Vinhos,1008,3.81,1.77,0.35,6.07,1.99,4.48,5.27,0.13,0.03,0.03,0.21,0.11,0.13,0.15
2026-09-10 00:00:00+00:00,Marinha Grande,1010,3.84,1.62,0.29,6.00,2.62,3.81,5.42,0.19,0.08,0.01,0.30,0.13,0.19,0.27
2026-09-11 00:00:00+00:00,Marinha Grande,1010,0.00,0.00,0.00,0.00,0.00,0.00,0.00,0.00,0.00,0.00,0.00,0.00,0.00,0.00
2026-09-12 00:00:00+00:00,Marinha Grande,1010,3.85,1.62,0.29,6.00,2.61,3.83,5.43,0.13,0.05,0.01,0.20,0.09,0.13,0.18
2026-09-13 00:00:00+00:00,Marinha Grande,1010,0.00,0.00,0.00,0.00,0.00,0.00,0.00,0.00,0.00,0.00,0.00,0.00,0.00,0.00
2026-09-14 00:00:00+00:00,Marinha Grande,1010,0.00,0.00,0.00,0.00,0.00,0.00,0.00,0.00,0.00,0.00,0.00,0.00,0.00,0.00
2026-09-15 00:00:00+00:00,Marinha Grande,1010,0.00,0.00,0.00,0.00,0.00,0.00,0.00,0.00,0.00,0.00,0.00,0.00,0.00,0.00
2026-09-16 00:00:00+00:00,Marinha Grande,1010,0.03,0.03,0.00,0.16,0.01,0.02,0.03,0.00,0.00,0.00,0.00,0.00,0.00,0.00
2026-09-17 00:00:00+00:00,Marinha Grande,1010,0.00,0.00,0.00,0.00,0.00,0.00,0.00,0.00,0.00,0.00,0.00,0.00,0.00,0.00
2026-09-18 00:00:00+00:00,Marinha Grande,1010,3.84,1.62,0.29,6.00,2.60,3.81,5.42,0.06,0.03,0.00,0.10,0.04,0.06,0.09
2026-09-19 00:00:00+00:00,Marinha Grande,1010,3.83,1.62,0.29,6.00,2.59,3.82,5.42,0.06,0.03,0.00,0.10,0.04,0.06,0.09
2026-09-20 00:00:00+00:00,Marinha Grande,1010,0.00,0.00,0.00,0.00,0.00,0.00,0.00,0.00,0.00,0.00,0.00,0.00,0.00,0.00
2026-09-21 00:00:00+00:00,Marinha Grande,1010,0.00,0.00,0.00,0.00,0.00,0.00,0.00,0.00,0.00,0.00,0.00,0.00,0.00,0.00
2026-09-22 00:00:00+00:00,Marinha Grande,1010,0.00,0.00,0.00,0.00,0.00,0.00,0.00,0.00,0.00,0.00,0.00,0.00,0.00,0.00
2026-09-23 00:00:00+00:00,Marinha Grande,1010,3.83,1.62,0.29,6.00,2.59,3.82,5.42,0.06,0.03,0.00,0.10,0.04,0.06,0.09
2026-09-24 00:00:00+00:00,Marinha Grande,1010,5.80,0.18,4.67,6.00,5.76,5.83,5.91,0.29,0.08,0.11,0.40,0.23,0.29,0.37
2026-09-25 00:00:00+00:00,Marinha Grande,1010,3.84,1.62,0.29,6.00,2.62,3.81,5.42,0.06,0.03,0.00,0.10,0.04,0.06,0.09
2026-09-26 00:00:00+00:00,Marinha Grande,1010,3.87,1.61,0.29,6.00,2.66,3.86,5.43,0.06,0.03,0.00,0.10,0.04,0.06,0.09
2026-09-27 00:00:00+00:00,Marinha Grande,1010,0.00,0.00,0.00,0.00,0.00,0.00,0.00,0.00,0.00,0.00,0.00,0.00,0.00,0.00
2026-09-28 00:00:00+00:00,Marinha Grande,1010,9.71,1.68,6.25,12.00,8.33,9.67,11.38,1.79,0.68,0.32,2.70,1.27,1.78,2.46
2026-09-29 00:00:00+00:00,Marinha Grande,1010,30.66,1.54,25.10,35.29,29.94,30.13,31.31,2.23,0.57,0.99,3.00,1.80,2.23,2.78
2026-09-10 00:00:00+00:00,Nazaré,1011,0.79,0.62,0.03,2.58,0.31,0.53,1.18,0.04,0.03,0.00,0.13,0.02,0.03,0.06
2026-09-11 00:00:00+00:00,Nazaré,1011,0.00,0.00,0.00,0.00,0.00,0.00,0.00,0.00,0.00,0.00,0.00,0.00,0.00,0.00
2026-09-12 00:00:00+00:00,Nazaré,1011,0.86,0.62,0.04,2.67,0.40,0.64,1.26,0.03,0.02,0.00,0.09,0.01,0.02,0.04
2026-09-13 00:00:00+00:00,Nazaré,1011,0.00,0.00,0.00,0.00,0.00,0.00,0.00,0.00,0.00,0.00,0.00,0.00,0.00,0.00
2026-09-14 00:00:00+00:00,Nazaré,1011,0.00,0.00,0.00,0.00,0.00,0.00,0.00,0.00,0.00,0.00,0.00,0.00,0.00,0.00
2026-09-15 00:00:00+00:00,Nazaré,1011,0.00,0.00,0.00,0.00,0.00,0.00,0.00,0.00,0.00,0.00,0.00,0.00,0.00,0.00
2026-09-16 00:00:00+00:00,Nazaré,1011,0.01,0.01,0.00,0.03,0.01,0.01,0.02,0.00,0.00,0.00,0.00,0.00,0.00,0.00
2026-09-17 00:00:00+00:00,Nazaré,1011,0.00,0.00,0.00,0.00,0.00,0.00,0.00,0.00,0.00,0.00,0.00,0.00,0.00,0.00
2026-09-18 00:00:00+00:00,Nazaré,1011,0.79,0.62,0.03,2.58,0.31,0.53,1.18,0.01,0.01,0.00,0.04,0.01,0.01,0.02
2026-09-19 00:00:00+00:00,Nazaré,1011,0.86,0.62,0.04,2.67,0.40,0.64,1.26,0.01,0.01,0.00,0.04,0.01,0.01,0.02
2026-09-20 00:00:00+00:00,Nazaré,1011,0.00,0.00,0.00,0.00,0.00,0.00,0.00,0.00,0.00,0.00,0.00,0.00,0.00,0.00
2026-09-21 00:00:00+00:00,Nazaré,1011,0.00,0.00,0.00,0.00,0.00,0.00,0.00,0.00,0.00,0.00,0.00,0.00,0.00,0.00
2026-09-22 00:00:00+00:00,Nazaré,1011,0.00,0.00,0.00,0.00,0.00,0.00,0.00,0.00,0.00,0.00,0.00,0.00,0.00,0.00
2026-09-23 00:00:00+00:00,Nazaré,1011,0.86,0.62,0.04,2.67,0.40,0.64,1.26,0.01,0.01,0.00,0.04,0.01,0.01,0.02
2026-09-24 00:00:00+00:00,Nazaré,1011,1.11,0.74,0.06,3.14,0.57,0.87,1.62,0.06,0.04,0.00,0.19,0.03,0.05,0.09
2026-09-25 00:00:00+00:00,Nazaré,1011,0.79,0.62,0.03,2.58,0.31,0.53,1.18,0.01,0.01,0.00,0.04,0.01,0.01,0.02
2026-09-26 00:00:00+00:00,Nazaré,1011,0.87,0.63,0.04,2.69,0.41,0.65,1.27,0.01,0.01,0.00,0.04,0.01,0.01,0.02
2026-09-27 00:00:00+00:00,Nazaré,1011,0.00,0.00,0.00,0.00,0.00,0.00,0.00,0.00,0.00,0.00,0.00,0.00,0.00,0.00
2026-09-28 00:00:00+00:00,Nazaré,1011,6.59,0.61,5.82,8.32,6.11,6.36,6.96,0.52,0.26,0.21,1.27,0.32,0.42,0.69
2026-09-29 00:00:00+00:00,Nazaré,1011,5.97,3.82,0.32,16.26,3.19,4.78,8.66,0.46,0.33,0.02,1.39,0.21,0.34,0.67
2026-09-10 00:00:00+00:00,Óbidos,1012,0.14,0.04,0.06,0.24,0.11,0.14,0.17,0.01,0.00,0.00,0.01,0.01,0.01,0.01
2026-09-11 00:00:00+00:00,Óbidos,1012,0.00,0.00,0.00,0.00,0.00,0.00,0.00,0.00,0.00,0.00,0.00,0.00,0.00,0.00
2026-09-12 00:00:00+00:00,Óbidos,1012,2.69,1.29,0.43,5.00,1.50,2.83,3.79,0.11,0.04,0.04,0.17,0.07,0.11,0.14
2026-09-13 00:00:00+00:00,Óbidos,1012,0.00,0.00,0.00,0.00,0.00,0.00,0.00,0.00,0.00,0.00,0.00,0.00,0.00,0.00
2026-09-14 00:00:00+00:00,Óbidos,1012,0.00,0.00,0.00,0.00,0.00,0.00,0.00,0.00,0.00,0.00,0.00,0.00,0.00,0.00
2026-09-15 00:00:00+00:00,Óbidos,1012,0.00,0.00,0.00,0.00,0.00,0.00,0.00,0.00,0.00,0.00,0.00,0.00,0.00,0.00
2026-09-16 00:00:00+00:00,Óbidos,1012,0.00,0.00,0.00,0.00,0.00,0.00,0.00,0.00,0.00,0.00,0.00,0.00,0.00,0.00
2026-09-17 00:00:00+00:00,Óbidos,1012,0.00,0.00,0.00,0.00,0.00,0.00,0.00,0.00,0.00,0.00,0.00,0.00,0.00,0.00
2026-09-18 00:00:00+00:00,Óbidos,1012,0.14,0.04,0.06,0.24,0.11,0.14,0.17,0.00,0.00,0.00,0.00,0.00,0.00,0.00
2026-09-19 00:00:00+00:00,Óbidos,1012,2.69,1.29,0.43,5.00,1.50,2.83,3.79,0.04,0.02,0.01,0.08,0.02,0.05,0.06
2026-09-20 00:00:00+00:00,Óbidos,1012,0.00,0.00,0.00,0.00,0.00,0.00,0.00,0.00,0.00,0.00,0.00,0.00,0.00,0.00
2026-09-21 00:00:00+00:00,Óbidos,1012,0.00,0.00,0.00,0.00,0.00,0.00,0.00,0.00,0.00,0.00,0.00,0.00,0.00,0.00
2026-09-22 00:00:00+00:00,Óbidos,1012,0.00,0.00,0.00,0.00,0.00,0.00,0.00,0.00,0.00,0.00,0.00,0.00,0.00,0.00
2026-09-23 00:00:00+00:00,Óbidos,1012,2.69,1.29,0.43,5.00,1.50,2.83,3.79,0.04,0.02,0.01,0.08,0.02,0.05,0.06
2026-09-24 00:00:00+00:00,Óbidos,1012,3.23,1.31,0.71,5.31,2.15,3.44,4.36,0.23,0.11,0.04,0.42,0.14,0.25,0.33
2026-09-25 00:00:00+00:00,Óbidos,1012,0.14,0.04,0.06,0.24,0.11,0.14,0.17,0.00,0.00,0.00,0.00,0.00,0.00,0.00
2026-09-26 00:00:00+00:00,Óbidos,1012,2.69,1.29,0.43,5.00,1.50,2.83,3.79,0.04,0.02,0.01,0.08,0.02,0.05,0.06
2026-09-27 00:00:00+00:00,Óbidos,1012,0.00,0.00,0.00,0.00,0.00,0.00,0.00,0.00,0.00,0.00,0.00,0.00,0.00,0.00
2026-09-28 00:00:00+00:00,Óbidos,1012,3.77,1.03,1.38,5.38,2.98,3.93,4.64,0.26,0.07,0.09,0.37,0.20,0.27,0.32
2026-09-29 00:00:00+00:00,Óbidos,1012,21.73,8.00,8.10,35.99,14.38,22.43,28.54,0.78,0.30,0.23,1.29,0.51,0.81,1.03
2026-09-10 00:00:00+00:00,Pedrógão Grande,1013,0.00,0.00,0.00,0.00,0.00,0.00,0.00,0.00,0.00,0.00,0.00,0.00,0.00,0.00
2026-09-11 00:00:00+00:00,Pedrógão Grande,1013,0.00,0.00,0.00,0.00,0.00,0.00,0.00,0.00,0.00,0.00,0.00,0.00,0.00,0.00
2026-09-12 00:00:00+00:00,Pedrógão Grande,1013,0.00,0.00,0.00,0.00,0.00,0.00,0.00,0.00,0.00,0.00,0.00,0.00,0.00,0.00
2026-09-13 00:00:00+00:00,Pedrógão Grande,1013,0.00,0.00,0.00,0.00,0.00,0.00,0.00,0.00,0.00,0.00,0.00,0.00,0.00,0.00
2026-09-14 00:00:00+00:00,Pedrógão Grande,1013,0.00,0.00,0.00,0.00,0.00,0.00,0.00,0.00,0.00,0.00,0.00,0.00,0.00,0.00
2026-09-15 00:00:00+00:00,Pedrógão Grande,1013,0.00,0.00,0.00,0.00,0.00,0.00,0.00,0.00,0.00,0.00,0.00,0.00,0.00,0.00
2026-09-16 00:00:00+00:00,Pedrógão Grande,1013,1.45,0.42,0.88,2.54,1.08,1.33,1.76,0.08,0.02,0.04,0.13,0.06,0.07,0.09
2026-09-17 00:00:00+00:00,Pedrógão Grande,1013,0.00,0.00,0.00,0.00,0.00,0.00,0.00,0.00,0.00,0.00,0.00,0.00,0.00,0.00
2026-09-18 00:00:00+00:00,Pedrógão Grande,1013,0.00,0.00,0.00,0.00,0.00,0.00,0.00,0.00,0.00,0.00,0.00,0.00,0.00,0.00
2026-09-19 00:00:00+00:00,Pedrógão Grande,1013,0.00,0.00,0.00,0.00,0.00,0.00,0.00,0.00,0.00,0.00,0.00,0.00,0.00,0.00
2026-09-20 00:00:00+00:00,Pedrógão Grande,1013,0.00,0.00,0.00,0.00,0.00,0.00,0.00,0.00,0.00,0.00,0.00,0.00,0.00,0.00
2026-09-21 00:00:00+00:00,Pedrógão Grande,1013,0.00,0.00,0.00,0.00,0.00,0.00,0.00,0.00,0.00,0.00,0.00,0.00,0.00,0.00
2026-09-22 00:00:00+00:00,Pedrógão Grande,1013,0.00,0.00,0.00,0.00,0.00,0.00,0.00,0.00,0.00,0.00,0.00,0.00,0.00,0.00
2026-09-23 00:00:00+00:00,Pedrógão Grande,1013,0.00,0.00,0.00,0.00,0.00,0.00,0.00,0.00,0.00,0.00,0.00,0.00,0.00,0.00
2026-09-24 00:00:00+00:00,Pedrógão Grande,1013,0.19,0.09,0.00,0.28,0.14,0.23,0.26,0.00,0.00,0.00,0.00,0.00,0.00,0.00
2026-09-25 00:00:00+00:00,Pedrógão Grande,1013,0.00,0.01,0.00,0.09,0.00,0.00,0.00,0.00,0.00,0.00,0.00,0.00,0.00,0.00
2026-09-26 00:00:00+00:00,Pedrógão Grande,1013,0.37,0.05,0.26,0.45,0.33,0.38,0.40,0.01,0.00,0.00,0.01,0.01,0.01,0.01
2026-09-27 00:00:00+00:00,Pedrógão Grande,1013,0.00,0.00,0.00,0.00,0.00,0.00,0.00,0.00,0.00,0.00,0.00,0.00,0.00,0.00
2026-09-28 00:00:00+00:00,Pedrógão Grande,1013,0.53,0.16,0.26,0.93,0.40,0.52,0.65,0.02,0.01,0.01,0.03,0.01,0.02,0.02
2026-09-29 00:00:00+00:00,Pedrógão Grande,1013,3.64,0.49,2.68,4.67,3.27,3.56,4.02,0.17,0.01,0.13,0.19,0.16,0.17,0.18
2026-09-10 00:00:00+00:00,Peniche,1014,0.03,0.02,0.00,0.06,0.01,0.02,0.04,0.00,0.00,0.00,0.00,0.00,0.00,0.00
2026-09-11 00:00:00+00:00,Peniche,1014,0.00,0.00,0.00,0.00,0.00,0.00,0.00,0.00,0.00,0.00,0.00,0.00,0.00,0.00
2026-09-12 00:00:00+00:00,Peniche,1014,5.30,0.52,4.14,6.00,4.95,5.41,5.72,0.18,0.02,0.14,0.20,0.17,0.18,0.19
2026-09-13 00:00:00+00:00,Peniche,1014,0.00,0.00,0.00,0.00,0.00,0.00,0.00,0.00,0.00,0.00,0.00,0.00,0.00,0.00
2026-09-14 00:00:00+00:00,Peniche,1014,0.00,0.00,0.00,0.00,0.00,0.00,0.00,0.00,0.00,0.00,0.00,0.00,0.00,0.00
2026-09-15 00:00:00+00:00,Peniche,1014,0.00,0.00,0.00,0.00,0.00,0.00,0.00,0.00,0.00,0.00,0.00,0.00,0.00,0.00
2026-09-16 00:00:00+00:00,Peniche,1014,0.00,0.00,0.00,0.00,0.00,0.00,0.00,0.00,0.00,0.00,0.00,0.00,0.00,0.00
2026-09-17 00:00:00+00:00,Peniche,1014,0.00,0.00,0.00,0.00,0.00,0.00,0.00,0.00,0.00,0.00,0.00,0.00,0.00,0.00
2026-09-18 00:00:00+00:00,Peniche,1014,0.03,0.02,0.00,0.06,0.01,0.02,0.04,0.00,0.00,0.00,0.00,0.00,0.00,0.00
2026-09-19 00:00:00+00:00,Peniche,1014,5.30,0.52,4.14,6.00,4.95,5.41,5.72,0.09,0.01,0.07,0.10,0.08,0.09,0.10
2026-09-20 00:00:00+00:00,Peniche,1014,0.00,0.00,0.00,0.00,0.00,0.00,0.00,0.00,0.00,0.00,0.00,0.00,0.00,0.00
2026-09-21 00:00:00+00:00,Peniche,1014,0.00,0.00,0.00,0.00,0.00,0.00,0.00,0.00,0.00,0.00,0.00,0.00,0.00,0.00
2026-09-22 00:00:00+00:00,Peniche,1014,0.00,0.00,0.00,0.00,0.00,0.00,0.00,0.00,0.00,0.00,0.00,0.00,0.00,0.00
2026-09-23 00:00:00+00:00,Peniche,1014,5.30,0.52,4.14,6.00,4.95,5.41,5.72,0.09,0.01,0.07,0.10,0.08,0.09,0.10
2026-09-24 00:00:00+00:00,Peniche,1014,5.62,0.29,4.91,6.00,5.43,5.64,5.86,0.45,0.04,0.36,0.50,0.42,0.46,0.48
2026-09-25 00:00:00+00:00,Peniche,1014,0.03,0.02,0.00,0.06,0.01,0.02,0.04,0.00,0.00,0.00,0.00,0.00,0.00,0.00
2026-09-26 00:00:00+00:00,Peniche,1014,5.30,0.52,4.14,6.00,4.95,5.41,5.72,0.09,0.01,0.07,0.10,0.08,0.09,0.10
2026-09-27 00:00:00+00:00,Peniche,1014,0.00,0.00,0.00,0.00,0.00,0.00,0.00,0.00,0.00,0.00,0.00,0.00,0.00,0.00
2026-09-28 00:00:00+00:00,Peniche,1014,5.45,0.43,4.35,6.00,5.19,5.54,5.80,0.37,0.03,0.29,0.40,0.35,0.37,0.39
2026-09-29 00:00:00+00:00,Peniche,1014,37.93,3.01,31.15,42.00,35.83,38.52,40.39,1.35,0.11,1.10,1.50,1.28,1.38,1.44
2026-09-10 00:00:00+00:00,Pombal,1015,0.38,0.25,0.01,1.40,0.21,0.34,0.48,0.02,0.01,0.00,0.07,0.01,0.02,0.02
2026-09-11 00:00:00+00:00,Pombal,1015,0.00,0.00,0.00,0.00,0.00,0.00,0.00,0.00,0.00,0.00,0.00,0.00,0.00,0.00
2026-09-12 00:00:00+00:00,Pombal,1015,0.32,0.23,0.01,1.30,0.17,0.28,0.40,0.01,0.01,0.00,0.04,0.01,0.01,0.01
2026-09-13 00:00:00+00:00,Pombal,1015,0.00,0.00,0.00,0.00,0.00,0.00,0.00,0.00,0.00,0.00,0.00,0.00,0.00,0.00
2026-09-14 00:00:00+00:00,Pombal,1015,0.00,0.00,0.00,0.00,0.00,0.00,0.00,0.00,0.00,0.00,0.00,0.00,0.00,0.00
2026-09-15 00:00:00+00:00,Pombal,1015,0.00,0.00,0.00,0.00,0.00,0.00,0.00,0.00,0.00,0.00,0.00,0.00,0.00,0.00
2026-09-16 00:00:00+00:00,Pombal,1015,1.47,1.12,0.27,5.55,0.68,1.05,1.92,0.03,0.02,0.00,0.09,0.01,0.02,0.04
2026-09-17 00:00:00+00:00,Pombal,1015,0.00,0.00,0.00,0.00,0.00,0.00,0.00,0.00,0.00,0.00,0.00,0.00,0.00,0.00
2026-09-18 00:00:00+00:00,Pombal,1015,0.30,0.23,0.00,1.27,0.15,0.27,0.38,0.01,0.00,0.00,0.02,0.00,0.00,0.01
2026-09-19 00:00:00+00:00,Pombal,1015,0.26,0.22,0.00,1.21,0.10,0.22,0.34,0.00,0.00,0.00,0.02,0.00,0.00,0.01
2026-09-20 00:00:00+00:00,Pombal,1015,0.00,0.00,0.00,0.00,0.00,0.00,0.00,0.00,0.00,0.00,0.00,0.00,0.00,0.00
2026-09-21 00:00:00+00:00,Pombal,1015,0.00,0.00,0.00,0.00,0.00,0.00,0.00,0.00,0.00,0.00,0.00,0.00,0.00,0.00
2026-09-22 00:00:00+00:00,Pombal,1015,0.00,0.00,0.00,0.00,0.00,0.00,0.00,0.00,0.00,0.00,0.00,0.00,0.00,0.00
2026-09-23 00:00:00+00:00,Pombal,1015,0.33,0.28,0.01,1.42,0.12,0.27,0.44,0.01,0.00,0.00,0.02,0.00,0.00,0.01
2026-09-24 00:00:00+00:00,Pombal,1015,4.13,2.44,0.09,9.69,2.01,4.06,5.99,0.09,0.05,0.00,0.18,0.04,0.09,0.13
2026-09-25 00:00:00+00:00,Pombal,1015,0.38,0.25,0.01,1.40,0.21,0.34,0.48,0.01,0.00,0.00,0.02,0.00,0.01,0.01
2026-09-26 00:00:00+00:00,Pombal,1015,0.80,0.35,0.06,1.97,0.53,0.82,1.02,0.01,0.01,0.00,0.04,0.01,0.01,0.02
2026-09-27 00:00:00+00:00,Pombal,1015,0.00,0.00,0.00,0.00,0.00,0.00,0.00,0.00,0.00,0.00,0.00,0.00,0.00,0.00
2026-09-28 00:00:00+00:00,Pombal,1015,2.98,1.80,0.12,6.33,1.30,2.93,4.62,0.20,0.14,0.01,0.67,0.08,0.18,0.28
2026-09-29 00:00:00+00:00,Pombal,1015,18.66,6.83,6.50,30.88,12.21,18.47,25.37,1.05,0.65,0.15,2.89,0.53,0.87,1.49
2026-09-10 00:00:00+00:00,Porto de Mós,1016,0.41,0.19,0.10,1.06,0.27,0.39,0.54,0.02,0.01,0.00,0.05,0.01,0.02,0.03
2026-09-11 00:00:00+00:00,Porto de Mós,1016,0.00,0.00,0.00,0.00,0.00,0.00,0.00,0.00,0.00,0.00,0.00,0.00,0.00,0.00
2026-09-12 00:00:00+00:00,Porto de Mós,1016,0.47,0.19,0.12,1.10,0.32,0.46,0.60,0.02,0.01,0.00,0.04,0.01,0.02,0.02
2026-09-13 00:00:00+00:00,Porto de Mós,1016,0.00,0.00,0.00,0.00,0.00,0.00,0.00,0.00,0.00,0.00,0.00,0.00,0.00,0.00
2026-09-14 00:00:00+00:00,Porto de Mós,1016,0.00,0.00,0.00,0.00,0.00,0.00,0.00,0.00,0.00,0.00,0.00,0.00,0.00,0.00
2026-09-15 00:00:00+00:00,Porto de Mós,1016,0.00,0.00,0.00,0.00,0.00,0.00,0.00,0.00,0.00,0.00,0.00,0.00,0.00,0.00
2026-09-16 00:00:00+00:00,Porto de Mós,1016,0.05,0.03,0.00,0.13,0.03,0.05,0.08,0.00,0.00,0.00,0.00,0.00,0.00,0.00
2026-09-17 00:00:00+00:00,Porto de Mós,1016,0.00,0.00,0.00,0.00,0.00,0.00,0.00,0.00,0.00,0.00,0.00,0.00,0.00,0.00
2026-09-18 00:00:00+00:00,Porto de Mós,1016,0.41,0.19,0.10,1.06,0.27,0.39,0.53,0.01,0.00,0.00,0.02,0.00,0.01,0.01
2026-09-19 00:00:00+00:00,Porto de Mós,1016,0.46,0.19,0.12,1.10,0.32,0.46,0.59,0.01,0.00,0.00,0.02,0.01,0.01,0.01
2026-09-20 00:00:00+00:00,Porto de Mós,1016,0.00,0.00,0.00,0.00,0.00,0.00,0.00,0.00,0.00,0.00,0.00,0.00,0.00,0.00
2026-09-21 00:00:00+00:00,Porto de Mós,1016,0.00,0.00,0.00,0.00,0.00,0.00,0.00,0.00,0.00,0.00,0.00,0.00,0.00,0.00
2026-09-22 00:00:00+00:00,Porto de Mós,1016,0.00,0.00,0.00,0.00,0.00,0.00,0.00,0.00,0.00,0.00,0.00,0.00,0.00,0.00
2026-09-23 00:00:00+00:00,Porto de Mós,1016,0.46,0.19,0.12,1.10,0.32,0.46,0.59,0.01,0.00,0.00,0.02,0.01,0.01,0.01
2026-09-24 00:00:00+00:00,Porto de Mós,1016,1.33,0.73,0.24,3.17,0.73,1.19,1.84,0.05,0.02,0.01,0.10,0.03,0.04,0.06
2026-09-25 00:00:00+00:00,Porto de Mós,1016,0.41,0.19,0.10,1.06,0.27,0.39,0.54,0.01,0.00,0.00,0.02,0.00,0.01,0.01
2026-09-26 00:00:00+00:00,Porto de Mós,1016,0.48,0.21,0.12,1.12,0.32,0.46,0.64,0.01,0.00,0.00,0.02,0.01,0.01,0.01
2026-09-27 00:00:00+00:00,Porto de Mós,1016,0.00,0.00,0.00,0.00,0.00,0.00,0.00,0.00,0.00,0.00,0.00,0.00,0.00,0.00
2026-09-28 00:00:00+00:00,Porto de Mós,1016,5.46,0.62,3.97,6.74,4.99,5.53,5.95,0.34,0.08,0.22,0.63,0.27,0.32,0.39
2026-09-29 00:00:00+00:00,Porto de Mós,1016,8.35,4.24,1.49,18.84,4.91,7.89,11.45,0.37,0.18,0.07,0.80,0.22,0.35,0.49
2026-09-10 00:00:00+00:00,Alenquer,1101,0.14,0.12,0.00,0.73,0.06,0.11,0.18,0.00,0.00,0.00,0.00,0.00,0.00,0.00
2026-09-11 00:00:00+00:00,Alenquer,1101,0.00,0.00,0.00,0.00,0.00,0.00,0.00,0.00,0.00,0.00,0.00,0.00,0.00,0.00
2026-09-12 00:00:00+00:00,Alenquer,1101,0.11,0.08,0.00,0.41,0.05,0.12,0.16,0.00,0.00,0.00,0.01,0.00,0.00,0.00
2026-09-13 00:00:00+00:00,Alenquer,1101,0.00,0.00,0.00,0.00,0.00,0.00,0.00,0.00,0.00,0.00,0.00,0.00,0.00,0.00
2026-09-14 00:00:00+00:00,Alenquer,1101,0.00,0.00,0.00,0.00,0.00,0.00,0.00,0.00,0.00,0.00,0.00,0.00,0.00,0.00
2026-09-15 00:00:00+00:00,Alenquer,1101,0.00,0.00,0.00,0.00,0.00,0.00,0.00,0.00,0.00,0.00,0.00,0.00,0.00,0.00
2026-09-16 00:00:00+00:00,Alenquer,1101,0.00,0.00,0.00,0.00,0.00,0.00,0.00,0.00,0.00,0.00,0.00,0.00,0.00,0.00
2026-09-17 00:00:00+00:00,Alenquer,1101,0.00,0.00,0.00,0.00,0.00,0.00,0.00,0.00,0.00,0.00,0.00,0.00,0.00,0.00
2026-09-18 00:00:00+00:00,Alenquer,1101,0.00,0.00,0.00,0.00,0.00,0.00,0.00,0.00,0.00,0.00,0.00,0.00,0.00,0.00
2026-09-19 00:00:00+00:00,Alenquer,1101,0.11,0.08,0.00,0.41,0.05,0.12,0.16,0.00,0.00,0.00,0.01,0.00,0.00,0.00
2026-09-20 00:00:00+00:00,Alenquer,1101,0.00,0.00,0.00,0.00,0.00,0.00,0.00,0.00,0.00,0.00,0.00,0.00,0.00,0.00
2026-09-21 00:00:00+00:00,Alenquer,1101,0.00,0.00,0.00,0.00,0.00,0.00,0.00,0.00,0.00,0.00,0.00,0.00,0.00,0.00
2026-09-22 00:00:00+00:00,Alenquer,1101,0.00,0.00,0.00,0.00,0.00,0.00,0.00,0.00,0.00,0.00,0.00,0.00,0.00,0.00
2026-09-23 00:00:00+00:00,Alenquer,1101,0.12,0.07,0.00,0.41,0.06,0.12,0.16,0.00,0.00,0.00,0.01,0.00,0.00,0.00
2026-09-24 00:00:00+00:00,Alenquer,1101,0.61,0.25,0.07,1.64,0.48,0.63,0.71,0.02,0.01,0.00,0.06,0.01,0.02,0.02
2026-09-25 00:00:00+00:00,Alenquer,1101,0.14,0.11,0.00,0.58,0.06,0.11,0.18,0.00,0.00,0.00,0.00,0.00,0.00,0.00
2026-09-26 00:00:00+00:00,Alenquer,1101,0.11,0.08,0.00,0.41,0.05,0.12,0.16,0.00,0.00,0.00,0.01,0.00,0.00,0.00
2026-09-27 00:00:00+00:00,Alenquer,1101,0.00,0.00,0.00,0.00,0.00,0.00,0.00,0.00,0.00,0.00,0.00,0.00,0.00,0.00
2026-09-28 00:00:00+00:00,Alenquer,1101,0.74,0.53,0.02,2.37,0.31,0.66,1.06,0.02,0.02,0.00,0.07,0.00,0.01,0.03
2026-09-29 00:00:00+00:00,Alenquer,1101,3.47,1.62,0.26,6.59,2.15,3.62,4.92,0.12,0.04,0.02,0.21,0.09,0.11,0.15
2026-09-10 00:00:00+00:00,Arruda dos Vinhos,1102,0.13,0.07,0.03,0.34,0.08,0.11,0.18,0.00,0.00,0.00,0.00,0.00,0.00,0.00
2026-09-11 00:00:00+00:00,Arruda dos Vinhos,1102,0.00,0.00,0.00,0.00,0.00,0.00,0.00,0.00,0.00,0.00,0.00,0.00,0.00,0.00
2026-09-12 00:00:00+00:00,Arruda dos Vinhos,1102,0.00,0.00,0.00,0.00,0.00,0.00,0.00,0.00,0.00,0.00,0.00,0.00,0.00,0.00
2026-09-13 00:00:00+00:00,Arruda dos Vinhos,1102,0.00,0.00,0.00,0.00,0.00,0.00,0.00,0.00,0.00,0.00,0.00,0.00,0.00,0.00
2026-09-14 00:00:00+00:00,Arruda dos Vinhos,1102,0.00,0.00,0.00,0.00,0.00,0.00,0.00,0.00,0.00,0.00,0.00,0.00,0.00,0.00
2026-09-15 00:00:00+00:00,Arruda dos Vinhos,1102,0.00,0.00,0.00,0.00,0.00,0.00,0.00,0.00,0.00,0.00,0.00,0.00,0.00,0.00
2026-09-16 00:00:00+00:00,Arruda dos Vinhos,1102,0.00,0.00,0.00,0.00,0.00,0.00,0.00,0.00,0.00,0.00,0.00,0.00,0.00,0.00
2026-09-17 00:00:00+00:00,Arruda dos Vinhos,1102,0.00,0.00,0.00,0.00,0.00,0.00,0.00,0.00,0.00,0.00,0.00,0.00,0.00,0.00
2026-09-18 00:00:00+00:00,Arruda dos Vinhos,1102,0.00,0.00,0.00,0.00,0.00,0.00,0.00,0.00,0.00,0.00,0.00,0.00,0.00,0.00
2026-09-19 00:00:00+00:00,Arruda dos Vinhos,1102,0.00,0.00,0.00,0.00,0.00,0.00,0.00,0.00,0.00,0.00,0.00,0.00,0.00,0.00
2026-09-20 00:00:00+00:00,Arruda dos Vinhos,1102,0.00,0.00,0.00,0.00,0.00,0.00,0.00,0.00,0.00,0.00,0.00,0.00,0.00,0.00
2026-09-21 00:00:00+00:00,Arruda dos Vinhos,1102,0.00,0.00,0.00,0.00,0.00,0.00,0.00,0.00,0.00,0.00,0.00,0.00,0.00,0.00
2026-09-22 00:00:00+00:00,Arruda dos Vinhos,1102,0.00,0.00,0.00,0.00,0.00,0.00,0.00,0.00,0.00,0.00,0.00,0.00,0.00,0.00
2026-09-23 00:00:00+00:00,Arruda dos Vinhos,1102,0.00,0.00,0.00,0.00,0.00,0.00,0.00,0.00,0.00,0.00,0.00,0.00,0.00,0.00
2026-09-24 00:00:00+00:00,Arruda dos Vinhos,1102,0.33,0.10,0.15,0.58,0.26,0.33,0.40,0.00,0.00,0.00,0.00,0.00,0.00,0.00
2026-09-25 00:00:00+00:00,Arruda dos Vinhos,1102,0.13,0.07,0.03,0.34,0.08,0.11,0.18,0.00,0.00,0.00,0.00,0.00,0.00,0.00
2026-09-26 00:00:00+00:00,Arruda dos Vinhos,1102,0.00,0.00,0.00,0.00,0.00,0.00,0.00,0.00,0.00,0.00,0.00,0.00,0.00,0.00
2026-09-27 00:00:00+00:00,Arruda dos Vinhos,1102,0.00,0.00,0.00,0.00,0.00,0.00,0.00,0.00,0.00,0.00,0.00,0.00,0.00,0.00
2026-09-28 00:00:00+00:00,Arruda dos Vinhos,1102,0.17,0.08,0.04,0.36,0.10,0.17,0.23,0.00,0.00,0.00,0.00,0.00,0.00,0.00
2026-09-29 00:00:00+00:00,Arruda dos Vinhos,1102,1.83,0.68,0.60,3.29,1.28,1.79,2.37,0.10,0.01,0.07,0.11,0.10,0.10,0.10
2026-09-10 00:00:00+00:00,Azambuja,1103,0.27,0.25,0.02,0.96,0.06,0.17,0.47,0.00,0.00,0.00,0.01,0.00,0.00,0.00
2026-09-11 00:00:00+00:00,Azambuja,1103,0.00,0.00,0.00,0.00,0.00,0.00,0.00,0.00,0.00,0.00,0.00,0.00,0.00,0.00
2026-09-12 00:00:00+00:00,Azambuja,1103,0.05,0.05,0.00,0.17,0.00,0.05,0.09,0.00,0.00,0.00,0.02,0.00,0.00,0.00
2026-09-13 00:00:00+00:00,Azambuja,1103,0.00,0.00,0.00,0.00,0.00,0.00,0.00,0.00,0.00,0.00,0.00,0.00,0.00,0.00
2026-09-14 00:00:00+00:00,Azambuja,1103,0.00,0.00,0.00,0.00,0.00,0.00,0.00,0.00,0.00,0.00,0.00,0.00,0.00,0.00
2026-09-15 00:00:00+00:00,Azambuja,1103,0.00,0.00,0.00,0.00,0.00,0.00,0.00,0.00,0.00,0.00,0.00,0.00,0.00,0.00
2026-09-16 00:00:00+00:00,Azambuja,1103,0.00,0.00,0.00,0.00,0.00,0.00,0.00,0.00,0.00,0.00,0.00,0.00,0.00,0.00
2026-09-17 00:00:00+00:00,Azambuja,1103,0.00,0.00,0.00,0.00,0.00,0.00,0.00,0.00,0.00,0.00,0.00,0.00,0.00,0.00
2026-09-18 00:00:00+00:00,Azambuja,1103,0.00,0.01,0.00,0.03,0.00,0.00,0.00,0.00,0.00,0.00,0.00,0.00,0.00,0.00
2026-09-19 00:00:00+00:00,Azambuja,1103,0.05,0.05,0.00,0.17,0.00,0.05,0.09,0.00,0.00,0.00,0.00,0.00,0.00,0.00
2026-09-20 00:00:00+00:00,Azambuja,1103,0.00,0.00,0.00,0.00,0.00,0.00,0.00,0.00,0.00,0.00,0.00,0.00,0.00,0.00
2026-09-21 00:00:00+00:00,Azambuja,1103,0.00,0.00,0.00,0.00,0.00,0.00,0.00,0.00,0.00,0.00,0.00,0.00,0.00,0.00
2026-09-22 00:00:00+00:00,Azambuja,1103,0.00,0.00,0.00,0.00,0.00,0.00,0.00,0.00,0.00,0.00,0.00,0.00,0.00,0.00
2026-09-23 00:00:00+00:00,Azambuja,1103,0.10,0.04,0.00,0.20,0.07,0.10,0.13,0.00,0.00,0.00,0.00,0.00,0.00,0.00
2026-09-24 00:00:00+00:00,Azambuja,1103,0.42,0.22,0.05,0.97,0.23,0.41,0.59,0.01,0.00,0.00,0.02,0.01,0.01,0.02
2026-09-25 00:00:00+00:00,Azambuja,1103,0.22,0.19,0.02,0.76,0.06,0.16,0.35,0.00,0.00,0.00,0.01,0.00,0.00,0.00
2026-09-26 00:00:00+00:00,Azambuja,1103,0.05,0.05,0.00,0.17,0.00,0.05,0.09,0.00,0.00,0.00,0.00,0.00,0.00,0.00
2026-09-27 00:00:00+00:00,Azambuja,1103,0.00,0.00,0.00,0.00,0.00,0.00,0.00,0.00,0.00,0.00,0.00,0.00,0.00,0.00
2026-09-28 00:00:00+00:00,Azambuja,1103,2.34,1.03,0.49,5.25,1.49,2.24,3.02,0.07,0.03,0.01,0.17,0.04,0.06,0.09
2026-09-29 00:00:00+00:00,Azambuja,1103,5.55,0.65,3.73,6.40,5.11,5.82,6.07,0.18,0.03,0.12,0.28,0.16,0.18,0.21
2026-09-10 00:00:00+00:00,Cadaval,1104,0.08,0.02,0.02,0.14,0.06,0.07,0.09,0.00,0.00,0.00,0.00,0.00,0.00,0.00
2026-09-11 00:00:00+00:00,Cadaval,1104,0.00,0.00,0.00,0.00,0.00,0.00,0.00,0.00,0.00,0.00,0.00,0.00,0.00,0.00
2026-09-12 00:00:00+00:00,Cadaval,1104,0.35,0.18,0.04,0.81,0.21,0.31,0.47,0.02,0.01,0.01,0.04,0.02,0.02,0.03
2026-09-13 00:00:00+00:00,Cadaval,1104,0.00,0.00,0.00,0.00,0.00,0.00,0.00,0.00,0.00,0.00,0.00,0.00,0.00,0.00
2026-09-14 00:00:00+00:00,Cadaval,1104,0.00,0.00,0.00,0.00,0.00,0.00,0.00,0.00,0.00,0.00,0.00,0.00,0.00,0.00
2026-09-15 00:00:00+00:00,Cadaval,1104,0.00,0.00,0.00,0.00,0.00,0.00,0.00,0.00,0.00,0.00,0.00,0.00,0.00,0.00
2026-09-16 00:00:00+00:00,Cadaval,1104,0.00,0.00,0.00,0.00,0.00,0.00,0.00,0.00,0.00,0.00,0.00,0.00,0.00,0.00
2026-09-17 00:00:00+00:00,Cadaval,1104,0.00,0.00,0.00,0.00,0.00,0.00,0.00,0.00,0.00,0.00,0.00,0.00,0.00,0.00
2026-09-18 00:00:00+00:00,Cadaval,1104,0.03,0.03,0.00,0.08,0.00,0.02,0.05,0.00,0.00,0.00,0.00,0.00,0.00,0.00
2026-09-19 00:00:00+00:00,Cadaval,1104,0.35,0.18,0.04,0.81,0.21,0.31,0.47,0.01,0.00,0.00,0.01,0.00,0.00,0.01
2026-09-20 00:00:00+00:00,Cadaval,1104,0.00,0.00,0.00,0.00,0.00,0.00,0.00,0.00,0.00,0.00,0.00,0.00,0.00,0.00
2026-09-21 00:00:00+00:00,Cadaval,1104,0.00,0.00,0.00,0.00,0.00,0.00,0.00,0.00,0.00,0.00,0.00,0.00,0.00,0.00
2026-09-22 00:00:00+00:00,Cadaval,1104,0.00,0.00,0.00,0.00,0.00,0.00,0.00,0.00,0.00,0.00,0.00,0.00,0.00,0.00
2026-09-23 00:00:00+00:00,Cadaval,1104,0.35,0.18,0.04,0.81,0.21,0.31,0.47,0.01,0.00,0.00,0.01,0.00,0.00,0.01
2026-09-24 00:00:00+00:00,Cadaval,1104,0.91,0.53,0.08,2.35,0.48,0.84,1.25,0.04,0.02,0.00,0.10,0.02,0.04,0.06
2026-09-25 00:00:00+00:00,Cadaval,1104,0.08,0.02,0.02,0.14,0.06,0.07,0.09,0.00,0.00,0.00,0.00,0.00,0.00,0.00
2026-09-26 00:00:00+00:00,Cadaval,1104,0.35,0.18,0.04,0.81,0.21,0.31,0.47,0.01,0.00,0.00,0.01,0.00,0.00,0.01
2026-09-27 00:00:00+00:00,Cadaval,1104,0.00,0.00,0.00,0.00,0.00,0.00,0.00,0.00,0.00,0.00,0.00,0.00,0.00,0.00
2026-09-28 00:00:00+00:00,Cadaval,1104,1.00,0.27,0.24,1.58,0.88,1.04,1.14,0.05,0.02,0.01,0.10,0.04,0.04,0.06
2026-09-29 00:00:00+00:00,Cadaval,1104,7.28,1.05,5.50,10.09,6.46,7.02,7.92,0.20,0.05,0.12,0.32,0.17,0.19,0.24
2026-09-10 00:00:00+00:00,Cascais,1105,0.00,0.00,0.00,0.01,0.00,0.00,0.01,0.00,0.00,0.00,0.00,0.00,0.00,0.00
2026-09-11 00:00:00+00:00,Cascais,1105,0.00,0.00,0.00,0.00,0.00,0.00,0.00,0.00,0.00,0.00,0.00,0.00,0.00,0.00
2026-09-12 00:00:00+00:00,Cascais,1105,0.00,0.00,0.00,0.00,0.00,0.00,0.00,0.00,0.00,0.00,0.00,0.00,0.00,0.00
2026-09-13 00:00:00+00:00,Cascais,1105,0.00,0.00,0.00,0.00,0.00,0.00,0.00,0.00,0.00,0.00,0.00,0.00,0.00,0.00
2026-09-14 00:00:00+00:00,Cascais,1105,0.00,0.00,0.00,0.00,0.00,0.00,0.00,0.00,0.00,0.00,0.00,0.00,0.00,0.00
2026-09-15 00:00:00+00:00,Cascais,1105,0.00,0.00,0.00,0.00,0.00,0.00,0.00,0.00,0.00,0.00,0.00,0.00,0.00,0.00
2026-09-16 00:00:00+00:00,Cascais,1105,0.00,0.00,0.00,0.00,0.00,0.00,0.00,0.00,0.00,0.00,0.00,0.00,0.00,0.00
2026-09-17 00:00:00+00:00,Cascais,1105,0.00,0.00,0.00,0.00,0.00,0.00,0.00,0.00,0.00,0.00,0.00,0.00,0.00,0.00
2026-09-18 00:00:00+00:00,Cascais,1105,0.00,0.00,0.00,0.00,0.00,0.00,0.00,0.00,0.00,0.00,0.00,0.00,0.00,0.00
2026-09-19 00:00:00+00:00,Cascais,1105,0.00,0.00,0.00,0.00,0.00,0.00,0.00,0.00,0.00,0.00,0.00,0.00,0.00,0.00
2026-09-20 00:00:00+00:00,Cascais,1105,0.00,0.00,0.00,0.00,0.00,0.00,0.00,0.00,0.00,0.00,0.00,0.00,0.00,0.00
2026-09-21 00:00:00+00:00,Cascais,1105,0.00,0.00,0.00,0.00,0.00,0.00,0.00,0.00,0.00,0.00,0.00,0.00,0.00,0.00
2026-09-22 00:00:00+00:00,Cascais,1105,0.00,0.00,0.00,0.00,0.00,0.00,0.00,0.00,0.00,0.00,0.00,0.00,0.00,0.00
2026-09-23 00:00:00+00:00,Cascais,1105,0.00,0.00,0.00,0.00,0.00,0.00,0.00,0.00,0.00,0.00,0.00,0.00,0.00,0.00
2026-09-24 00:00:00+00:00,Cascais,1105,0.01,0.01,0.00,0.03,0.01,0.01,0.02,0.00,0.00,0.00,0.00,0.00,0.00,0.00
2026-09-25 00:00:00+00:00,Cascais,1105,0.00,0.00,0.00,0.01,0.00,0.00,0.01,0.00,0.00,0.00,0.00,0.00,0.00,0.00
2026-09-26 00:00:00+00:00,Cascais,1105,0.00,0.00,0.00,0.00,0.00,0.00,0.00,0.00,0.00,0.00,0.00,0.00,0.00,0.00
2026-09-27 00:00:00+00:00,Cascais,1105,0.00,0.00,0.00,0.00,0.00,0.00,0.00,0.00,0.00,0.00,0.00,0.00,0.00,0.00
2026-09-28 00:00:00+00:00,Cascais,1105,0.11,0.09,0.00,0.39,0.03,0.09,0.16,0.00,0.00,0.00,0.00,0.00,0.00,0.00
2026-09-29 00:00:00+00:00,Cascais,1105,4.27,1.66,1.25,6.00,2.58,4.98,5.81,0.25,0.09,0.10,0.39,0.16,0.24,0.34
2026-09-10 00:00:00+00:00,Lisboa,1106,0.00,0.00,0.00,0.03,0.00,0.00,0.00,0.00,0.00,0.00,0.00,0.00,0.00,0.00
2026-09-11 00:00:00+00:00,Lisboa,1106,0.00,0.00,0.00,0.00,0.00,0.00,0.00,0.00,0.00,0.00,0.00,0.00,0.00,0.00
2026-09-12 00:00:00+00:00,Lisboa,1106,0.00,0.00,0.00,0.00,0.00,0.00,0.00,0.00,0.00,0.00,0.00,0.00,0.00,0.00
2026-09-13 00:00:00+00:00,Lisboa,1106,0.00,0.00,0.00,0.00,0.00,0.00,0.00,0.00,0.00,0.00,0.00,0.00,0.00,0.00
2026-09-14 00:00:00+00:00,Lisboa,1106,0.00,0.00,0.00,0.00,0.00,0.00,0.00,0.00,0.00,0.00,0.00,0.00,0.00,0.00
2026-09-15 00:00:00+00:00,Lisboa,1106,0.00,0.00,0.00,0.00,0.00,0.00,0.00,0.00,0.00,0.00,0.00,0.00,0.00,0.00
2026-09-16 00:00:00+00:00,Lisboa,1106,0.00,0.00,0.00,0.00,0.00,0.00,0.00,0.00,0.00,0.00,0.00,0.00,0.00,0.00
2026-09-17 00:00:00+00:00,Lisboa,1106,0.00,0.00,0.00,0.00,0.00,0.00,0.00,0.00,0.00,0.00,0.00,0.00,0.00,0.00
2026-09-18 00:00:00+00:00,Lisboa,1106,0.00,0.00,0.00,0.00,0.00,0.00,0.00,0.00,0.00,0.00,0.00,0.00,0.00,0.00
2026-09-19 00:00:00+00:00,Lisboa,1106,0.00,0.00,0.00,0.00,0.00,0.00,0.00,0.00,0.00,0.00,0.00,0.00,0.00,0.00
2026-09-20 00:00:00+00:00,Lisboa,1106,0.00,0.00,0.00,0.00,0.00,0.00,0.00,0.00,0.00,0.00,0.00,0.00,0.00,0.00
2026-09-21 00:00:00+00:00,Lisboa,1106,0.00,0.00,0.00,0.00,0.00,0.00,0.00,0.00,0.00,0.00,0.00,0.00,0.00,0.00
2026-09-22 00:00:00+00:00,Lisboa,1106,0.00,0.00,0.00,0.00,0.00,0.00,0.00,0.00,0.00,0.00,0.00,0.00,0.00,0.00
2026-09-23 00:00:00+00:00,Lisboa,1106,0.00,0.00,0.00,0.01,0.00,0.00,0.00,0.00,0.00,0.00,0.00,0.00,0.00,0.00
2026-09-24 00:00:00+00:00,Lisboa,1106,0.00,0.00,0.00,0.02,0.00,0.00,0.01,0.00,0.00,0.00,0.00,0.00,0.00,0.00
2026-09-25 00:00:00+00:00,Lisboa,1106,0.00,0.00,0.00,0.02,0.00,0.00,0.00,0.00,0.00,0.00,0.00,0.00,0.00,0.00
2026-09-26 00:00:00+00:00,Lisboa,1106,0.00,0.00,0.00,0.00,0.00,0.00,0.00,0.00,0.00,0.00,0.00,0.00,0.00,0.00
2026-09-27 00:00:00+00:00,Lisboa,1106,0.00,0.00,0.00,0.00,0.00,0.00,0.00,0.00,0.00,0.00,0.00,0.00,0.00,0.00
2026-09-28 00:00:00+00:00,Lisboa,1106,0.05,0.11,0.00,0.76,0.01,0.02,0.05,0.00,0.00,0.00,0.00,0.00,0.00,0.00
2026-09-29 00:00:00+00:00,Lisboa,1106,5.85,0.18,4.86,6.00,5.81,5.92,5.97,0.24,0.04,0.20,0.30,0.20,0.23,0.28
2026-09-10 00:00:00+00:00,Loures,1107,0.09,0.06,0.00,0.28,0.05,0.09,0.13,0.00,0.00,0.00,0.00,0.00,0.00,0.00
2026-09-11 00:00:00+00:00,Loures,1107,0.00,0.00,0.00,0.00,0.00,0.00,0.00,0.00,0.00,0.00,0.00,0.00,0.00,0.00
2026-09-12 00:00:00+00:00,Loures,1107,0.00,0.00,0.00,0.00,0.00,0.00,0.00,0.00,0.00,0.00,0.00,0.00,0.00,0.00
2026-09-13 00:00:00+00:00,Loures,1107,0.00,0.00,0.00,0.00,0.00,0.00,0.00,0.00,0.00,0.00,0.00,0.00,0.00,0.00
2026-09-14 00:00:00+00:00,Loures,1107,0.00,0.00,0.00,0.00,0.00,0.00,0.00,0.00,0.00,0.00,0.00,0.00,0.00,0.00
2026-09-15 00:00:00+00:00,Loures,1107,0.00,0.00,0.00,0.00,0.00,0.00,0.00,0.00,0.00,0.00,0.00,0.00,0.00,0.00
2026-09-16 00:00:00+00:00,Loures,1107,0.00,0.00,0.00,0.00,0.00,0.00,0.00,0.00,0.00,0.00,0.00,0.00,0.00,0.00
2026-09-17 00:00:00+00:00,Loures,1107,0.00,0.00,0.00,0.00,0.00,0.00,0.00,0.00,0.00,0.00,0.00,0.00,0.00,0.00
2026-09-18 00:00:00+00:00,Loures,1107,0.00,0.00,0.00,0.00,0.00,0.00,0.00,0.00,0.00,0.00,0.00,0.00,0.00,0.00
2026-09-19 00:00:00+00:00,Loures,1107,0.00,0.00,0.00,0.00,0.00,0.00,0.00,0.00,0.00,0.00,0.00,0.00,0.00,0.00
2026-09-20 00:00:00+00:00,Loures,1107,0.00,0.00,0.00,0.00,0.00,0.00,0.00,0.00,0.00,0.00,0.00,0.00,0.00,0.00
2026-09-21 00:00:00+00:00,Loures,1107,0.00,0.00,0.00,0.00,0.00,0.00,0.00,0.00,0.00,0.00,0.00,0.00,0.00,0.00
2026-09-22 00:00:00+00:00,Loures,1107,0.00,0.00,0.00,0.00,0.00,0.00,0.00,0.00,0.00,0.00,0.00,0.00,0.00,0.00
2026-09-23 00:00:00+00:00,Loures,1107,0.00,0.00,0.00,0.00,0.00,0.00,0.00,0.00,0.00,0.00,0.00,0.00,0.00,0.00
2026-09-24 00:00:00+00:00,Loures,1107,0.20,0.12,0.00,0.46,0.10,0.20,0.32,0.00,0.00,0.00,0.01,0.00,0.00,0.01
2026-09-25 00:00:00+00:00,Loures,1107,0.09,0.06,0.00,0.28,0.05,0.09,0.13,0.00,0.00,0.00,0.00,0.00,0.00,0.00
2026-09-26 00:00:00+00:00,Loures,1107,0.00,0.00,0.00,0.00,0.00,0.00,0.00,0.00,0.00,0.00,0.00,0.00,0.00,0.00
2026-09-27 00:00:00+00:00,Loures,1107,0.00,0.00,0.00,0.00,0.00,0.00,0.00,0.00,0.00,0.00,0.00,0.00,0.00,0.00
2026-09-28 00:00:00+00:00,Loures,1107,0.16,0.05,0.01,0.28,0.13,0.18,0.19,0.00,0.00,0.00,0.00,0.00,0.00,0.00
2026-09-29 00:00:00+00:00,Loures,1107,4.65,0.75,2.56,5.95,4.10,4.70,5.26,0.20,0.05,0.10,0.29,0.16,0.22,0.25
2026-09-10 00:00:00+00:00,Lourinhã,1108,0.03,0.03,0.00,0.10,0.00,0.04,0.06,0.00,0.00,0.00,0.00,0.00,0.00,0.00
2026-09-11 00:00:00+00:00,Lourinhã,1108,0.00,0.00,0.00,0.00,0.00,0.00,0.00,0.00,0.00,0.00,0.00,0.00,0.00,0.00
2026-09-12 00:00:00+00:00,Lourinhã,1108,2.00,1.08,0.26,4.74,1.07,1.82,2.75,0.07,0.04,0.01,0.16,0.04,0.06,0.10
2026-09-13 00:00:00+00:00,Lourinhã,1108,0.00,0.00,0.00,0.00,0.00,0.00,0.00,0.00,0.00,0.00,0.00,0.00,0.00,0.00
2026-09-14 00:00:00+00:00,Lourinhã,1108,0.00,0.00,0.00,0.00,0.00,0.00,0.00,0.00,0.00,0.00,0.00,0.00,0.00,0.00
2026-09-15 00:00:00+00:00,Lourinhã,1108,0.00,0.00,0.00,0.00,0.00,0.00,0.00,0.00,0.00,0.00,0.00,0.00,0.00,0.00
2026-09-16 00:00:00+00:00,Lourinhã,1108,0.00,0.00,0.00,0.00,0.00,0.00,0.00,0.00,0.00,0.00,0.00,0.00,0.00,0.00
2026-09-17 00:00:00+00:00,Lourinhã,1108,0.00,0.00,0.00,0.00,0.00,0.00,0.00,0.00,0.00,0.00,0.00,0.00,0.00,0.00
2026-09-18 00:00:00+00:00,Lourinhã,1108,0.03,0.03,0.00,0.10,0.00,0.04,0.06,0.00,0.00,0.00,0.00,0.00,0.00,0.00
2026-09-19 00:00:00+00:00,Lourinhã,1108,2.00,1.08,0.26,4.74,1.07,1.82,2.75,0.03,0.02,0.00,0.08,0.02,0.03,0.04
2026-09-20 00:00:00+00:00,Lourinhã,1108,0.00,0.00,0.00,0.00,0.00,0.00,0.00,0.00,0.00,0.00,0.00,0.00,0.00,0.00
2026-09-21 00:00:00+00:00,Lourinhã,1108,0.00,0.00,0.00,0.00,0.00,0.00,0.00,0.00,0.00,0.00,0.00,0.00,0.00,0.00
2026-09-22 00:00:00+00:00,Lourinhã,1108,0.00,0.00,0.00,0.00,0.00,0.00,0.00,0.00,0.00,0.00,0.00,0.00,0.00,0.00
2026-09-23 00:00:00+00:00,Lourinhã,1108,2.00,1.08,0.26,4.74,1.07,1.82,2.75,0.03,0.02,0.00,0.08,0.02,0.03,0.04
2026-09-24 00:00:00+00:00,Lourinhã,1108,4.37,0.72,2.49,5.51,3.82,4.48,4.97,0.24,0.07,0.11,0.42,0.19,0.22,0.28
2026-09-25 00:00:00+00:00,Lourinhã,1108,0.03,0.03,0.00,0.10,0.00,0.04,0.06,0.00,0.00,0.00,0.00,0.00,0.00,0.00
2026-09-26 00:00:00+00:00,Lourinhã,1108,2.00,1.08,0.26,4.74,1.07,1.82,2.75,0.03,0.02,0.00,0.08,0.02,0.03,0.04
2026-09-27 00:00:00+00:00,Lourinhã,1108,0.00,0.00,0.00,0.00,0.00,0.00,0.00,0.00,0.00,0.00,0.00,0.00,0.00,0.00
2026-09-28 00:00:00+00:00,Lourinhã,1108,2.28,1.14,0.30,4.86,1.28,2.22,3.17,0.15,0.08,0.02,0.33,0.07,0.14,0.21
2026-09-29 00:00:00+00:00,Lourinhã,1108,19.38,5.88,9.86,34.89,14.49,18.06,23.69,0.67,0.22,0.32,1.24,0.48,0.62,0.82
2026-09-10 00:00:00+00:00,Mafra,1109,0.04,0.03,0.00,0.11,0.00,0.05,0.07,0.00,0.00,0.00,0.00,0.00,0.00,0.00
2026-09-11 00:00:00+00:00,Mafra,1109,0.00,0.00,0.00,0.00,0.00,0.00,0.00,0.00,0.00,0.00,0.00,0.00,0.00,0.00
2026-09-12 00:00:00+00:00,Mafra,1109,0.07,0.04,0.00,0.14,0.04,0.07,0.10,0.00,0.00,0.00,0.00,0.00,0.00,0.00
2026-09-13 00:00:00+00:00,Mafra,1109,0.00,0.00,0.00,0.00,0.00,0.00,0.00,0.00,0.00,0.00,0.00,0.00,0.00,0.00
2026-09-14 00:00:00+00:00,Mafra,1109,0.00,0.00,0.00,0.00,0.00,0.00,0.00,0.00,0.00,0.00,0.00,0.00,0.00,0.00
2026-09-15 00:00:00+00:00,Mafra,1109,0.00,0.00,0.00,0.00,0.00,0.00,0.00,0.00,0.00,0.00,0.00,0.00,0.00,0.00
2026-09-16 00:00:00+00:00,Mafra,1109,0.00,0.00,0.00,0.00,0.00,0.00,0.00,0.00,0.00,0.00,0.00,0.00,0.00,0.00
2026-09-17 00:00:00+00:00,Mafra,1109,0.00,0.00,0.00,0.00,0.00,0.00,0.00,0.00,0.00,0.00,0.00,0.00,0.00,0.00
2026-09-18 00:00:00+00:00,Mafra,1109,0.00,0.00,0.00,0.00,0.00,0.00,0.00,0.00,0.00,0.00,0.00,0.00,0.00,0.00
2026-09-19 00:00:00+00:00,Mafra,1109,0.07,0.04,0.00,0.14,0.04,0.07,0.10,0.00,0.00,0.00,0.00,0.00,0.00,0.00
2026-09-20 00:00:00+00:00,Mafra,1109,0.00,0.00,0.00,0.00,0.00,0.00,0.00,0.00,0.00,0.00,0.00,0.00,0.00,0.00
2026-09-21 00:00:00+00:00,Mafra,1109,0.00,0.00,0.00,0.00,0.00,0.00,0.00,0.00,0.00,0.00,0.00,0.00,0.00,0.00
2026-09-22 00:00:00+00:00,Mafra,1109,0.00,0.00,0.00,0.00,0.00,0.00,0.00,0.00,0.00,0.00,0.00,0.00,0.00,0.00
2026-09-23 00:00:00+00:00,Mafra,1109,0.07,0.04,0.00,0.14,0.04,0.07,0.10,0.00,0.00,0.00,0.00,0.00,0.00,0.00
2026-09-24 00:00:00+00:00,Mafra,1109,1.46,1.29,0.10,5.47,0.51,0.93,1.93,0.05,0.04,0.00,0.18,0.02,0.03,0.06
2026-09-25 00:00:00+00:00,Mafra,1109,0.04,0.03,0.00,0.11,0.00,0.05,0.07,0.00,0.00,0.00,0.00,0.00,0.00,0.00
2026-09-26 00:00:00+00:00,Mafra,1109,0.07,0.04,0.00,0.14,0.04,0.07,0.10,0.00,0.00,0.00,0.00,0.00,0.00,0.00
2026-09-27 00:00:00+00:00,Mafra,1109,0.00,0.00,0.00,0.00,0.00,0.00,0.00,0.00,0.00,0.00,0.00,0.00,0.00,0.00
2026-09-28 00:00:00+00:00,Mafra,1109,0.19,0.07,0.02,0.27,0.14,0.20,0.24,0.00,0.00,0.00,0.01,0.00,0.00,0.01
2026-09-29 00:00:00+00:00,Mafra,1109,5.11,2.43,0.34,11.38,3.46,4.69,6.43,0.20,0.08,0.02,0.38,0.14,0.20,0.25
2026-09-10 00:00:00+00:00,Oeiras,1110,0.00,0.00,0.00,0.01,0.00,0.00,0.00,0.00,0.00,0.00,0.00,0.00,0.00,0.00
2026-09-11 00:00:00+00:00,Oeiras,1110,0.00,0.00,0.00,0.00,0.00,0.00,0.00,0.00,0.00,0.00,0.00,0.00,0.00,0.00
2026-09-12 00:00:00+00:00,Oeiras,1110,0.00,0.00,0.00,0.00,0.00,0.00,0.00,0.00,0.00,0.00,0.00,0.00,0.00,0.00
2026-09-13 00:00:00+00:00,Oeiras,1110,0.00,0.00,0.00,0.00,0.00,0.00,0.00,0.00,0.00,0.00,0.00,0.00,0.00,0.00
2026-09-14 00:00:00+00:00,Oeiras,1110,0.00,0.00,0.00,0.00,0.00,0.00,0.00,0.00,0.00,0.00,0.00,0.00,0.00,0.00
2026-09-15 00:00:00+00:00,Oeiras,1110,0.00,0.00,0.00,0.00,0.00,0.00,0.00,0.00,0.00,0.00,0.00,0.00,0.00,0.00
2026-09-16 00:00:00+00:00,Oeiras,1110,0.00,0.00,0.00,0.00,0.00,0.00,0.00,0.00,0.00,0.00,0.00,0.00,0.00,0.00
2026-09-17 00:00:00+00:00,Oeiras,1110,0.00,0.00,0.00,0.00,0.00,0.00,0.00,0.00,0.00,0.00,0.00,0.00,0.00,0.00
2026-09-18 00:00:00+00:00,Oeiras,1110,0.00,0.00,0.00,0.00,0.00,0.00,0.00,0.00,0.00,0.00,0.00,0.00,0.00,0.00
2026-09-19 00:00:00+00:00,Oeiras,1110,0.00,0.00,0.00,0.00,0.00,0.00,0.00,0.00,0.00,0.00,0.00,0.00,0.00,0.00
2026-09-20 00:00:00+00:00,Oeiras,1110,0.00,0.00,0.00,0.00,0.00,0.00,0.00,0.00,0.00,0.00,0.00,0.00,0.00,0.00
2026-09-21 00:00:00+00:00,Oeiras,1110,0.00,0.00,0.00,0.00,0.00,0.00,0.00,0.00,0.00,0.00,0.00,0.00,0.00,0.00
2026-09-22 00:00:00+00:00,Oeiras,1110,0.00,0.00,0.00,0.00,0.00,0.00,0.00,0.00,0.00,0.00,0.00,0.00,0.00,0.00
2026-09-23 00:00:00+00:00,Oeiras,1110,0.00,0.00,0.00,0.00,0.00,0.00,0.00,0.00,0.00,0.00,0.00,0.00,0.00,0.00
2026-09-24 00:00:00+00:00,Oeiras,1110,0.00,0.00,0.00,0.01,0.00,0.00,0.01,0.00,0.00,0.00,0.00,0.00,0.00,0.00
2026-09-25 00:00:00+00:00,Oeiras,1110,0.00,0.00,0.00,0.01,0.00,0.00,0.00,0.00,0.00,0.00,0.00,0.00,0.00,0.00
2026-09-26 00:00:00+00:00,Oeiras,1110,0.00,0.00,0.00,0.00,0.00,0.00,0.00,0.00,0.00,0.00,0.00,0.00,0.00,0.00
2026-09-27 00:00:00+00:00,Oeiras,1110,0.00,0.00,0.00,0.00,0.00,0.00,0.00,0.00,0.00,0.00,0.00,0.00,0.00,0.00
2026-09-28 00:00:00+00:00,Oeiras,1110,0.10,0.12,0.00,0.54,0.01,0.06,0.15,0.00,0.00,0.00,0.00,0.00,0.00,0.00
2026-09-29 00:00:00+00:00,Oeiras,1110,2.00,1.17,1.10,5.25,1.18,1.43,2.33,0.36,0.05,0.23,0.40,0.35,0.39,0.40
2026-09-10 00:00:00+00:00,Sintra,1111,0.03,0.02,0.00,0.07,0.01,0.02,0.04,0.00,0.00,0.00,0.00,0.00,0.00,0.00
2026-09-11 00:00:00+00:00,Sintra,1111,0.00,0.00,0.00,0.00,0.00,0.00,0.00,0.00,0.00,0.00,0.00,0.00,0.00,0.00
2026-09-12 00:00:00+00:00,Sintra,1111,0.01,0.02,0.00,0.09,0.00,0.00,0.00,0.00,0.00,0.00,0.00,0.00,0.00,0.00
2026-09-13 00:00:00+00:00,Sintra,1111,0.00,0.00,0.00,0.00,0.00,0.00,0.00,0.00,0.00,0.00,0.00,0.00,0.00,0.00
2026-09-14 00:00:00+00:00,Sintra,1111,0.00,0.00,0.00,0.00,0.00,0.00,0.00,0.00,0.00,0.00,0.00,0.00,0.00,0.00
2026-09-15 00:00:00+00:00,Sintra,1111,0.00,0.00,0.00,0.00,0.00,0.00,0.00,0.00,0.00,0.00,0.00,0.00,0.00,0.00
2026-09-16 00:00:00+00:00,Sintra,1111,0.00,0.00,0.00,0.00,0.00,0.00,0.00,0.00,0.00,0.00,0.00,0.00,0.00,0.00
2026-09-17 00:00:00+00:00,Sintra,1111,0.00,0.00,0.00,0.00,0.00,0.00,0.00,0.00,0.00,0.00,0.00,0.00,0.00,0.00
2026-09-18 00:00:00+00:00,Sintra,1111,0.00,0.00,0.00,0.00,0.00,0.00,0.00,0.00,0.00,0.00,0.00,0.00,0.00,0.00
2026-09-19 00:00:00+00:00,Sintra,1111,0.01,0.02,0.00,0.09,0.00,0.00,0.00,0.00,0.00,0.00,0.00,0.00,0.00,0.00
2026-09-20 00:00:00+00:00,Sintra,1111,0.00,0.00,0.00,0.00,0.00,0.00,0.00,0.00,0.00,0.00,0.00,0.00,0.00,0.00
2026-09-21 00:00:00+00:00,Sintra,1111,0.00,0.00,0.00,0.00,0.00,0.00,0.00,0.00,0.00,0.00,0.00,0.00,0.00,0.00
2026-09-22 00:00:00+00:00,Sintra,1111,0.00,0.00,0.00,0.00,0.00,0.00,0.00,0.00,0.00,0.00,0.00,0.00,0.00,0.00
2026-09-23 00:00:00+00:00,Sintra,1111,0.01,0.02,0.00,0.09,0.00,0.00,0.00,0.00,0.00,0.00,0.00,0.00,0.00,0.00
2026-09-24 00:00:00+00:00,Sintra,1111,0.16,0.20,0.00,1.05,0.04,0.09,0.22,0.01,0.01,0.00,0.04,0.00,0.00,0.01
2026-09-25 00:00:00+00:00,Sintra,1111,0.03,0.02,0.00,0.07,0.01,0.02,0.04,0.00,0.00,0.00,0.00,0.00,0.00,0.00
2026-09-26 00:00:00+00:00,Sintra,1111,0.01,0.02,0.00,0.09,0.00,0.00,0.00,0.00,0.00,0.00,0.00,0.00,0.00,0.00
2026-09-27 00:00:00+00:00,Sintra,1111,0.00,0.00,0.00,0.00,0.00,0.00,0.00,0.00,0.00,0.00,0.00,0.00,0.00,0.00
2026-09-28 00:00:00+00:00,Sintra,1111,0.16,0.07,0.00,0.27,0.11,0.18,0.22,0.00,0.00,0.00,0.01,0.00,0.00,0.00
2026-09-29 00:00:00+00:00,Sintra,1111,4.46,1.15,1.33,6.13,3.84,4.44,5.48,0.28,0.03,0.21,0.39,0.26,0.27,0.29
2026-09-10 00:00:00+00:00,Sobral de Monte Agraço,1112,0.02,0.02,0.00,0.06,0.01,0.02,0.03,0.00,0.00,0.00,0.00,0.00,0.00,0.00
2026-09-11 00:00:00+00:00,Sobral de Monte Agraço,1112,0.00,0.00,0.00,0.00,0.00,0.00,0.00,0.00,0.00,0.00,0.00,0.00,0.00,0.00
2026-09-12 00:00:00+00:00,Sobral de Monte Agraço,1112,0.00,0.00,0.00,0.02,0.00,0.00,0.00,0.00,0.00,0.00,0.00,0.00,0.00,0.00
2026-09-13 00:00:00+00:00,Sobral de Monte Agraço,1112,0.00,0.00,0.00,0.00,0.00,0.00,0.00,0.00,0.00,0.00,0.00,0.00,0.00,0.00
2026-09-14 00:00:00+00:00,Sobral de Monte Agraço,1112,0.00,0.00,0.00,0.00,0.00,0.00,0.00,0.00,0.00,0.00,0.00,0.00,0.00,0.00
2026-09-15 00:00:00+00:00,Sobral de Monte Agraço,1112,0.00,0.00,0.00,0.00,0.00,0.00,0.00,0.00,0.00,0.00,0.00,0.00,0.00,0.00
2026-09-16 00:00:00+00:00,Sobral de Monte Agraço,1112,0.00,0.00,0.00,0.00,0.00,0.00,0.00,0.00,0.00,0.00,0.00,0.00,0.00,0.00
2026-09-17 00:00:00+00:00,Sobral de Monte Agraço,1112,0.00,0.00,0.00,0.00,0.00,0.00,0.00,0.00,0.00,0.00,0.00,0.00,0.00,0.00
2026-09-18 00:00:00+00:00,Sobral de Monte Agraço,1112,0.00,0.00,0.00,0.00,0.00,0.00,0.00,0.00,0.00,0.00,0.00,0.00,0.00,0.00
2026-09-19 00:00:00+00:00,Sobral de Monte Agraço,1112,0.00,0.00,0.00,0.02,0.00,0.00,0.00,0.00,0.00,0.00,0.00,0.00,0.00,0.00
2026-09-20 00:00:00+00:00,Sobral de Monte Agraço,1112,0.00,0.00,0.00,0.00,0.00,0.00,0.00,0.00,0.00,0.00,0.00,0.00,0.00,0.00
2026-09-21 00:00:00+00:00,Sobral de Monte Agraço,1112,0.00,0.00,0.00,0.00,0.00,0.00,0.00,0.00,0.00,0.00,0.00,0.00,0.00,0.00
2026-09-22 00:00:00+00:00,Sobral de Monte Agraço,1112,0.00,0.00,0.00,0.00,0.00,0.00,0.00,0.00,0.00,0.00,0.00,0.00,0.00,0.00
2026-09-23 00:00:00+00:00,Sobral de Monte Agraço,1112,0.00,0.00,0.00,0.02,0.00,0.00,0.00,0.00,0.00,0.00,0.00,0.00,0.00,0.00
2026-09-24 00:00:00+00:00,Sobral de Monte Agraço,1112,0.14,0.10,0.02,0.43,0.07,0.11,0.17,0.00,0.00,0.00,0.01,0.00,0.00,0.00
2026-09-25 00:00:00+00:00,Sobral de Monte Agraço,1112,0.02,0.02,0.00,0.06,0.01,0.02,0.03,0.00,0.00,0.00,0.00,0.00,0.00,0.00
2026-09-26 00:00:00+00:00,Sobral de Monte Agraço,1112,0.00,0.00,0.00,0.02,0.00,0.00,0.00,0.00,0.00,0.00,0.00,0.00,0.00,0.00
2026-09-27 00:00:00+00:00,Sobral de Monte Agraço,1112,0.00,0.00,0.00,0.00,0.00,0.00,0.00,0.00,0.00,0.00,0.00,0.00,0.00,0.00
2026-09-28 00:00:00+00:00,Sobral de Monte Agraço,1112,0.03,0.02,0.00,0.10,0.01,0.03,0.05,0.00,0.00,0.00,0.00,0.00,0.00,0.00
2026-09-29 00:00:00+00:00,Sobral de Monte Agraço,1112,0.61,0.48,0.08,2.05,0.26,0.46,0.80,0.05,0.03,0.01,0.10,0.03,0.05,0.07
2026-09-10 00:00:00+00:00,Torres Vedras,1113,0.00,0.01,0.00,0.06,0.00,0.00,0.00,0.00,0.00,0.00,0.00,0.00,0.00,0.00
2026-09-11 00:00:00+00:00,Torres Vedras,1113,0.00,0.00,0.00,0.00,0.00,0.00,0.00,0.00,0.00,0.00,0.00,0.00,0.00,0.00
2026-09-12 00:00:00+00:00,Torres Vedras,1113,0.12,0.16,0.00,0.86,0.02,0.06,0.15,0.00,0.01,0.00,0.03,0.00,0.00,0.00
2026-09-13 00:00:00+00:00,Torres Vedras,1113,0.00,0.00,0.00,0.00,0.00,0.00,0.00,0.00,0.00,0.00,0.00,0.00,0.00,0.00
2026-09-14 00:00:00+00:00,Torres Vedras,1113,0.00,0.00,0.00,0.00,0.00,0.00,0.00,0.00,0.00,0.00,0.00,0.00,0.00,0.00
2026-09-15 00:00:00+00:00,Torres Vedras,1113,0.00,0.00,0.00,0.00,0.00,0.00,0.00,0.00,0.00,0.00,0.00,0.00,0.00,0.00
2026-09-16 00:00:00+00:00,Torres Vedras,1113,0.00,0.00,0.00,0.00,0.00,0.00,0.00,0.00,0.00,0.00,0.00,0.00,0.00,0.00
2026-09-17 00:00:00+00:00,Torres Vedras,1113,0.00,0.00,0.00,0.00,0.00,0.00,0.00,0.00,0.00,0.00,0.00,0.00,0.00,0.00
2026-09-18 00:00:00+00:00,Torres Vedras,1113,0.00,0.00,0.00,0.00,0.00,0.00,0.00,0.00,0.00,0.00,0.00,0.00,0.00,0.00
2026-09-19 00:00:00+00:00,Torres Vedras,1113,0.12,0.16,0.00,0.86,0.02,0.06,0.15,0.00,0.00,0.00,0.01,0.00,0.00,0.00
2026-09-20 00:00:00+00:00,Torres Vedras,1113,0.00,0.00,0.00,0.00,0.00,0.00,0.00,0.00,0.00,0.00,0.00,0.00,0.00,0.00
2026-09-21 00:00:00+00:00,Torres Vedras,1113,0.00,0.00,0.00,0.00,0.00,0.00,0.00,0.00,0.00,0.00,0.00,0.00,0.00,0.00
2026-09-22 00:00:00+00:00,Torres Vedras,1113,0.00,0.00,0.00,0.00,0.00,0.00,0.00,0.00,0.00,0.00,0.00,0.00,0.00,0.00
2026-09-23 00:00:00+00:00,Torres Vedras,1113,0.12,0.16,0.00,0.86,0.02,0.06,0.15,0.00,0.00,0.00,0.01,0.00,0.00,0.00
2026-09-24 00:00:00+00:00,Torres Vedras,1113,2.83,2.17,0.00,6.00,0.67,2.61,5.14,0.10,0.07,0.00,0.20,0.02,0.09,0.18
2026-09-25 00:00:00+00:00,Torres Vedras,1113,0.00,0.01,0.00,0.06,0.00,0.00,0.00,0.00,0.00,0.00,0.00,0.00,0.00,0.00
2026-09-26 00:00:00+00:00,Torres Vedras,1113,0.12,0.16,0.00,0.86,0.02,0.06,0.15,0.00,0.00,0.00,0.01,0.00,0.00,0.00
2026-09-27 00:00:00+00:00,Torres Vedras,1113,0.00,0.00,0.00,0.00,0.00,0.00,0.00,0.00,0.00,0.00,0.00,0.00,0.00,0.00
2026-09-28 00:00:00+00:00,Torres Vedras,1113,0.17,0.23,0.00,1.12,0.02,0.09,0.22,0.01,0.01,0.00,0.06,0.00,0.00,0.01
2026-09-29 00:00:00+00:00,Torres Vedras,1113,6.54,4.51,0.00,12.87,1.82,7.05,11.22,0.22,0.15,0.00,0.43,0.07,0.23,0.37
2026-09-10 00:00:00+00:00,Vila Franca de Xira,1114,0.81,0.48,0.06,2.14,0.39,0.73,1.16,0.01,0.01,0.00,0.03,0.00,0.01,0.01
2026-09-11 00:00:00+00:00,Vila Franca de Xira,1114,0.00,0.00,0.00,0.00,0.00,0.00,0.00,0.00,0.00,0.00,0.00,0.00,0.00,0.00
2026-09-12 00:00:00+00:00,Vila Franca de Xira,1114,0.00,0.00,0.00,0.00,0.00,0.00,0.00,0.00,0.00,0.00,0.00,0.00,0.00,0.00
2026-09-13 00:00:00+00:00,Vila Franca de Xira,1114,0.00,0.00,0.00,0.00,0.00,0.00,0.00,0.00,0.00,0.00,0.00,0.00,0.00,0.00
2026-09-14 00:00:00+00:00,Vila Franca de Xira,1114,0.00,0.00,0.00,0.00,0.00,0.00,0.00,0.00,0.00,0.00,0.00,0.00,0.00,0.00
2026-09-15 00:00:00+00:00,Vila Franca de Xira,1114,0.00,0.00,0.00,0.00,0.00,0.00,0.00,0.00,0.00,0.00,0.00,0.00,0.00,0.00
2026-09-16 00:00:00+00:00,Vila Franca de Xira,1114,0.00,0.00,0.00,0.00,0.00,0.00,0.00,0.00,0.00,0.00,0.00,0.00,0.00,0.00
2026-09-17 00:00:00+00:00,Vila Franca de Xira,1114,0.00,0.00,0.00,0.00,0.00,0.00,0.00,0.00,0.00,0.00,0.00,0.00,0.00,0.00
2026-09-18 00:00:00+00:00,Vila Franca de Xira,1114,0.00,0.00,0.00,0.00,0.00,0.00,0.00,0.00,0.00,0.00,0.00,0.00,0.00,0.00
2026-09-19 00:00:00+00:00,Vila Franca de Xira,1114,0.00,0.00,0.00,0.00,0.00,0.00,0.00,0.00,0.00,0.00,0.00,0.00,0.00,0.00
2026-09-20 00:00:00+00:00,Vila Franca de Xira,1114,0.00,0.00,0.00,0.00,0.00,0.00,0.00,0.00,0.00,0.00,0.00,0.00,0.00,0.00
2026-09-21 00:00:00+00:00,Vila Franca de Xira,1114,0.00,0.00,0.00,0.00,0.00,0.00,0.00,0.00,0.00,0.00,0.00,0.00,0.00,0.00
2026-09-22 00:00:00+00:00,Vila Franca de Xira,1114,0.00,0.00,0.00,0.00,0.00,0.00,0.00,0.00,0.00,0.00,0.00,0.00,0.00,0.00
2026-09-23 00:00:00+00:00,Vila Franca de Xira,1114,0.10,0.10,0.00,0.29,0.00,0.09,0.19,0.00,0.00,0.00,0.00,0.00,0.00,0.00
2026-09-24 00:00:00+00:00,Vila Franca de Xira,1114,0.84,0.37,0.05,1.90,0.56,0.82,1.08,0.02,0.01,0.00,0.05,0.01,0.01,0.02
2026-09-25 00:00:00+00:00,Vila Franca de Xira,1114,0.71,0.40,0.05,1.90,0.39,0.65,0.97,0.01,0.01,0.00,0.02,0.00,0.01,0.01
2026-09-26 00:00:00+00:00,Vila Franca de Xira,1114,0.00,0.00,0.00,0.00,0.00,0.00,0.00,0.00,0.00,0.00,0.00,0.00,0.00,0.00
2026-09-27 00:00:00+00:00,Vila Franca de Xira,1114,0.00,0.00,0.00,0.00,0.00,0.00,0.00,0.00,0.00,0.00,0.00,0.00,0.00,0.00
2026-09-28 00:00:00+00:00,Vila Franca de Xira,1114,0.43,0.27,0.07,1.67,0.26,0.37,0.52,0.00,0.01,0.00,0.04,0.00,0.00,0.01
2026-09-29 00:00:00+00:00,Vila Franca de Xira,1114,4.08,0.54,2.15,5.55,3.90,4.16,4.38,0.14,0.03,0.10,0.26,0.12,0.14,0.16
2026-09-10 00:00:00+00:00,Amadora,1115,0.01,0.01,0.00,0.02,0.01,0.01,0.01,0.00,0.00,0.00,0.00,0.00,0.00,0.00
2026-09-11 00:00:00+00:00,Amadora,1115,0.00,0.00,0.00,0.00,0.00,0.00,0.00,0.00,0.00,0.00,0.00,0.00,0.00,0.00
2026-09-12 00:00:00+00:00,Amadora,1115,0.00,0.00,0.00,0.00,0.00,0.00,0.00,0.00,0.00,0.00,0.00,0.00,0.00,0.00
2026-09-13 00:00:00+00:00,Amadora,1115,0.00,0.00,0.00,0.00,0.00,0.00,0.00,0.00,0.00,0.00,0.00,0.00,0.00,0.00
2026-09-14 00:00:00+00:00,Amadora,1115,0.00,0.00,0.00,0.00,0.00,0.00,0.00,0.00,0.00,0.00,0.00,0.00,0.00,0.00
2026-09-15 00:00:00+00:00,Amadora,1115,0.00,0.00,0.00,0.00,0.00,0.00,0.00,0.00,0.00,0.00,0.00,0.00,0.00,0.00
2026-09-16 00:00:00+00:00,Amadora,1115,0.00,0.00,0.00,0.00,0.00,0.00,0.00,0.00,0.00,0.00,0.00,0.00,0.00,0.00
2026-09-17 00:00:00+00:00,Amadora,1115,0.00,0.00,0.00,0.00,0.00,0.00,0.00,0.00,0.00,0.00,0.00,0.00,0.00,0.00
2026-09-18 00:00:00+00:00,Amadora,1115,0.00,0.00,0.00,0.00,0.00,0.00,0.00,0.00,0.00,0.00,0.00,0.00,0.00,0.00
2026-09-19 00:00:00+00:00,Amadora,1115,0.00,0.00,0.00,0.00,0.00,0.00,0.00,0.00,0.00,0.00,0.00,0.00,0.00,0.00
2026-09-20 00:00:00+00:00,Amadora,1115,0.00,0.00,0.00,0.00,0.00,0.00,0.00,0.00,0.00,0.00,0.00,0.00,0.00,0.00
2026-09-21 00:00:00+00:00,Amadora,1115,0.00,0.00,0.00,0.00,0.00,0.00,0.00,0.00,0.00,0.00,0.00,0.00,0.00,0.00
2026-09-22 00:00:00+00:00,Amadora,1115,0.00,0.00,0.00,0.00,0.00,0.00,0.00,0.00,0.00,0.00,0.00,0.00,0.00,0.00
2026-09-23 00:00:00+00:00,Amadora,1115,0.00,0.00,0.00,0.00,0.00,0.00,0.00,0.00,0.00,0.00,0.00,0.00,0.00,0.00
2026-09-24 00:00:00+00:00,Amadora,1115,0.02,0.01,0.00,0.05,0.01,0.01,0.02,0.00,0.00,0.00,0.00,0.00,0.00,0.00
2026-09-25 00:00:00+00:00,Amadora,1115,0.01,0.01,0.00,0.02,0.01,0.01,0.01,0.00,0.00,0.00,0.00,0.00,0.00,0.00
2026-09-26 00:00:00+00:00,Amadora,1115,0.00,0.00,0.00,0.00,0.00,0.00,0.00,0.00,0.00,0.00,0.00,0.00,0.00,0.00
2026-09-27 00:00:00+00:00,Amadora,1115,0.00,0.00,0.00,0.00,0.00,0.00,0.00,0.00,0.00,0.00,0.00,0.00,0.00,0.00
2026-09-28 00:00:00+00:00,Amadora,1115,0.13,0.03,0.07,0.18,0.12,0.14,0.15,0.00,0.00,0.00,0.00,0.00,0.00,0.00
2026-09-29 00:00:00+00:00,Amadora,1115,4.35,0.89,2.02,5.73,3.99,4.37,5.06,0.27,0.04,0.21,0.36,0.25,0.27,0.29
2026-09-10 00:00:00+00:00,Odivelas,1116,0.02,0.01,0.01,0.04,0.01,0.02,0.03,0.00,0.00,0.00,0.00,0.00,0.00,0.00
2026-09-11 00:00:00+00:00,Odivelas,1116,0.00,0.00,0.00,0.00,0.00,0.00,0.00,0.00,0.00,0.00,0.00,0.00,0.00,0.00
2026-09-12 00:00:00+00:00,Odivelas,1116,0.00,0.00,0.00,0.00,0.00,0.00,0.00,0.00,0.00,0.00,0.00,0.00,0.00,0.00
2026-09-13 00:00:00+00:00,Odivelas,1116,0.00,0.00,0.00,0.00,0.00,0.00,0.00,0.00,0.00,0.00,0.00,0.00,0.00,0.00
2026-09-14 00:00:00+00:00,Odivelas,1116,0.00,0.00,0.00,0.00,0.00,0.00,0.00,0.00,0.00,0.00,0.00,0.00,0.00,0.00
2026-09-15 00:00:00+00:00,Odivelas,1116,0.00,0.00,0.00,0.00,0.00,0.00,0.00,0.00,0.00,0.00,0.00,0.00,0.00,0.00
2026-09-16 00:00:00+00:00,Odivelas,1116,0.00,0.00,0.00,0.00,0.00,0.00,0.00,0.00,0.00,0.00,0.00,0.00,0.00,0.00
2026-09-17 00:00:00+00:00,Odivelas,1116,0.00,0.00,0.00,0.00,0.00,0.00,0.00,0.00,0.00,0.00,0.00,0.00,0.00,0.00
2026-09-18 00:00:00+00:00,Odivelas,1116,0.00,0.00,0.00,0.00,0.00,0.00,0.00,0.00,0.00,0.00,0.00,0.00,0.00,0.00
2026-09-19 00:00:00+00:00,Odivelas,1116,0.00,0.00,0.00,0.00,0.00,0.00,0.00,0.00,0.00,0.00,0.00,0.00,0.00,0.00
2026-09-20 00:00:00+00:00,Odivelas,1116,0.00,0.00,0.00,0.00,0.00,0.00,0.00,0.00,0.00,0.00,0.00,0.00,0.00,0.00
2026-09-21 00:00:00+00:00,Odivelas,1116,0.00,0.00,0.00,0.00,0.00,0.00,0.00,0.00,0.00,0.00,0.00,0.00,0.00,0.00
2026-09-22 00:00:00+00:00,Odivelas,1116,0.00,0.00,0.00,0.00,0.00,0.00,0.00,0.00,0.00,0.00,0.00,0.00,0.00,0.00
2026-09-23 00:00:00+00:00,Odivelas,1116,0.00,0.00,0.00,0.00,0.00,0.00,0.00,0.00,0.00,0.00,0.00,0.00,0.00,0.00
2026-09-24 00:00:00+00:00,Odivelas,1116,0.04,0.02,0.02,0.09,0.03,0.04,0.05,0.00,0.00,0.00,0.00,0.00,0.00,0.00
2026-09-25 00:00:00+00:00,Odivelas,1116,0.02,0.01,0.01,0.04,0.01,0.02,0.03,0.00,0.00,0.00,0.00,0.00,0.00,0.00
2026-09-26 00:00:00+00:00,Odivelas,1116,0.00,0.00,0.00,0.00,0.00,0.00,0.00,0.00,0.00,0.00,0.00,0.00,0.00,0.00
2026-09-27 00:00:00+00:00,Odivelas,1116,0.00,0.00,0.00,0.00,0.00,0.00,0.00,0.00,0.00,0.00,0.00,0.00,0.00,0.00
2026-09-28 00:00:00+00:00,Odivelas,1116,0.13,0.04,0.05,0.20,0.10,0.13,0.16,0.00,0.00,0.00,0.00,0.00,0.00,0.00
2026-09-29 00:00:00+00:00,Odivelas,1116,5.19,0.35,4.48,5.77,4.94,5.24,5.48,0.26,0.01,0.25,0.28,0.26,0.26,0.26
2026-09-10 00:00:00+00:00,Alter do Chão,1201,0.00,0.00,0.00,0.00,0.00,0.00,0.00,0.00,0.00,0.00,0.00,0.00,0.00,0.00
2026-09-11 00:00:00+00:00,Alter do Chão,1201,0.00,0.00,0.00,0.00,0.00,0.00,0.00,0.00,0.00,0.00,0.00,0.00,0.00,0.00
2026-09-12 00:00:00+00:00,Alter do Chão,1201,0.00,0.00,0.00,0.00,0.00,0.00,0.00,0.00,0.00,0.00,0.00,0.00,0.00,0.00
2026-09-13 00:00:00+00:00,Alter do Chão,1201,0.00,0.00,0.00,0.00,0.00,0.00,0.00,0.00,0.00,0.00,0.00,0.00,0.00,0.00
2026-09-14 00:00:00+00:00,Alter do Chão,1201,0.00,0.00,0.00,0.00,0.00,0.00,0.00,0.00,0.00,0.00,0.00,0.00,0.00,0.00
2026-09-15 00:00:00+00:00,Alter do Chão,1201,0.00,0.00,0.00,0.00,0.00,0.00,0.00,0.00,0.00,0.00,0.00,0.00,0.00,0.00
2026-09-16 00:00:00+00:00,Alter do Chão,1201,0.00,0.00,0.00,0.00,0.00,0.00,0.00,0.00,0.00,0.00,0.00,0.00,0.00,0.00
2026-09-17 00:00:00+00:00,Alter do Chão,1201,0.00,0.00,0.00,0.00,0.00,0.00,0.00,0.00,0.00,0.00,0.00,0.00,0.00,0.00
2026-09-18 00:00:00+00:00,Alter do Chão,1201,0.00,0.00,0.00,0.00,0.00,0.00,0.00,0.00,0.00,0.00,0.00,0.00,0.00,0.00
2026-09-19 00:00:00+00:00,Alter do Chão,1201,0.00,0.00,0.00,0.00,0.00,0.00,0.00,0.00,0.00,0.00,0.00,0.00,0.00,0.00
2026-09-20 00:00:00+00:00,Alter do Chão,1201,0.00,0.00,0.00,0.00,0.00,0.00,0.00,0.00,0.00,0.00,0.00,0.00,0.00,0.00
2026-09-21 00:00:00+00:00,Alter do Chão,1201,0.00,0.00,0.00,0.00,0.00,0.00,0.00,0.00,0.00,0.00,0.00,0.00,0.00,0.00
2026-09-22 00:00:00+00:00,Alter do Chão,1201,0.00,0.00,0.00,0.00,0.00,0.00,0.00,0.00,0.00,0.00,0.00,0.00,0.00,0.00
2026-09-23 00:00:00+00:00,Alter do Chão,1201,0.00,0.00,0.00,0.00,0.00,0.00,0.00,0.00,0.00,0.00,0.00,0.00,0.00,0.00
2026-09-24 00:00:00+00:00,Alter do Chão,1201,0.00,0.00,0.00,0.00,0.00,0.00,0.00,0.00,0.00,0.00,0.00,0.00,0.00,0.00
2026-09-25 00:00:00+00:00,Alter do Chão,1201,0.00,0.00,0.00,0.00,0.00,0.00,0.00,0.00,0.00,0.00,0.00,0.00,0.00,0.00
2026-09-26 00:00:00+00:00,Alter do Chão,1201,0.00,0.00,0.00,0.00,0.00,0.00,0.00,0.00,0.00,0.00,0.00,0.00,0.00,0.00
2026-09-27 00:00:00+00:00,Alter do Chão,1201,0.00,0.00,0.00,0.00,0.00,0.00,0.00,0.00,0.00,0.00,0.00,0.00,0.00,0.00
2026-09-28 00:00:00+00:00,Alter do Chão,1201,15.24,11.75,0.86,48.93,6.10,11.55,21.30,1.45,1.13,0.09,4.64,0.57,1.09,2.01
2026-09-29 00:00:00+00:00,Alter do Chão,1201,0.42,0.13,0.09,0.73,0.35,0.44,0.50,0.01,0.00,0.00,0.02,0.01,0.01,0.01
2026-09-10 00:00:00+00:00,Arronches,1202,0.00,0.00,0.00,0.00,0.00,0.00,0.00,0.00,0.00,0.00,0.00,0.00,0.00,0.00
2026-09-11 00:00:00+00:00,Arronches,1202,0.00,0.00,0.00,0.00,0.00,0.00,0.00,0.00,0.00,0.00,0.00,0.00,0.00,0.00
2026-09-12 00:00:00+00:00,Arronches,1202,0.00,0.00,0.00,0.00,0.00,0.00,0.00,0.00,0.00,0.00,0.00,0.00,0.00,0.00
2026-09-13 00:00:00+00:00,Arronches,1202,0.00,0.00,0.00,0.00,0.00,0.00,0.00,0.00,0.00,0.00,0.00,0.00,0.00,0.00
2026-09-14 00:00:00+00:00,Arronches,1202,0.00,0.00,0.00,0.00,0.00,0.00,0.00,0.00,0.00,0.00,0.00,0.00,0.00,0.00
2026-09-15 00:00:00+00:00,Arronches,1202,0.00,0.00,0.00,0.00,0.00,0.00,0.00,0.00,0.00,0.00,0.00,0.00,0.00,0.00
2026-09-16 00:00:00+00:00,Arronches,1202,0.00,0.00,0.00,0.00,0.00,0.00,0.00,0.00,0.00,0.00,0.00,0.00,0.00,0.00
2026-09-17 00:00:00+00:00,Arronches,1202,0.00,0.00,0.00,0.00,0.00,0.00,0.00,0.00,0.00,0.00,0.00,0.00,0.00,0.00
2026-09-18 00:00:00+00:00,Arronches,1202,0.00,0.00,0.00,0.00,0.00,0.00,0.00,0.00,0.00,0.00,0.00,0.00,0.00,0.00
2026-09-19 00:00:00+00:00,Arronches,1202,0.00,0.00,0.00,0.00,0.00,0.00,0.00,0.00,0.00,0.00,0.00,0.00,0.00,0.00
2026-09-20 00:00:00+00:00,Arronches,1202,0.00,0.00,0.00,0.00,0.00,0.00,0.00,0.00,0.00,0.00,0.00,0.00,0.00,0.00
2026-09-21 00:00:00+00:00,Arronches,1202,0.00,0.00,0.00,0.00,0.00,0.00,0.00,0.00,0.00,0.00,0.00,0.00,0.00,0.00
2026-09-22 00:00:00+00:00,Arronches,1202,0.00,0.00,0.00,0.00,0.00,0.00,0.00,0.00,0.00,0.00,0.00,0.00,0.00,0.00
2026-09-23 00:00:00+00:00,Arronches,1202,0.00,0.00,0.00,0.00,0.00,0.00,0.00,0.00,0.00,0.00,0.00,0.00,0.00,0.00
2026-09-24 00:00:00+00:00,Arronches,1202,0.00,0.00,0.00,0.00,0.00,0.00,0.00,0.00,0.00,0.00,0.00,0.00,0.00,0.00
2026-09-25 00:00:00+00:00,Arronches,1202,0.00,0.00,0.00,0.00,0.00,0.00,0.00,0.00,0.00,0.00,0.00,0.00,0.00,0.00
2026-09-26 00:00:00+00:00,Arronches,1202,0.00,0.00,0.00,0.00,0.00,0.00,0.00,0.00,0.00,0.00,0.00,0.00,0.00,0.00
2026-09-27 00:00:00+00:00,Arronches,1202,0.00,0.00,0.00,0.00,0.00,0.00,0.00,0.00,0.00,0.00,0.00,0.00,0.00,0.00
2026-09-28 00:00:00+00:00,Arronches,1202,32.52,11.37,9.39,54.61,24.12,33.01,41.49,3.16,1.08,0.81,5.13,2.41,3.23,4.00
2026-09-29 00:00:00+00:00,Arronches,1202,2.31,1.28,0.30,5.35,1.27,2.10,3.15,0.04,0.02,0.01,0.09,0.02,0.04,0.05
2026-09-10 00:00:00+00:00,Avis,1203,0.02,0.02,0.00,0.09,0.00,0.00,0.03,0.00,0.00,0.00,0.00,0.00,0.00,0.00
2026-09-11 00:00:00+00:00,Avis,1203,0.00,0.00,0.00,0.00,0.00,0.00,0.00,0.00,0.00,0.00,0.00,0.00,0.00,0.00
2026-09-12 00:00:00+00:00,Avis,1203,0.00,0.00,0.00,0.00,0.00,0.00,0.00,0.00,0.00,0.00,0.00,0.00,0.00,0.00
2026-09-13 00:00:00+00:00,Avis,1203,0.00,0.00,0.00,0.00,0.00,0.00,0.00,0.00,0.00,0.00,0.00,0.00,0.00,0.00
2026-09-14 00:00:00+00:00,Avis,1203,0.00,0.00,0.00,0.00,0.00,0.00,0.00,0.00,0.00,0.00,0.00,0.00,0.00,0.00
2026-09-15 00:00:00+00:00,Avis,1203,0.00,0.00,0.00,0.00,0.00,0.00,0.00,0.00,0.00,0.00,0.00,0.00,0.00,0.00
2026-09-16 00:00:00+00:00,Avis,1203,0.00,0.00,0.00,0.00,0.00,0.00,0.00,0.00,0.00,0.00,0.00,0.00,0.00,0.00
2026-09-17 00:00:00+00:00,Avis,1203,0.00,0.00,0.00,0.00,0.00,0.00,0.00,0.00,0.00,0.00,0.00,0.00,0.00,0.00
2026-09-18 00:00:00+00:00,Avis,1203,0.00,0.00,0.00,0.00,0.00,0.00,0.00,0.00,0.00,0.00,0.00,0.00,0.00,0.00
2026-09-19 00:00:00+00:00,Avis,1203,0.00,0.00,0.00,0.00,0.00,0.00,0.00,0.00,0.00,0.00,0.00,0.00,0.00,0.00
2026-09-20 00:00:00+00:00,Avis,1203,0.00,0.00,0.00,0.00,0.00,0.00,0.00,0.00,0.00,0.00,0.00,0.00,0.00,0.00
2026-09-21 00:00:00+00:00,Avis,1203,0.00,0.00,0.00,0.00,0.00,0.00,0.00,0.00,0.00,0.00,0.00,0.00,0.00,0.00
2026-09-22 00:00:00+00:00,Avis,1203,0.00,0.00,0.00,0.00,0.00,0.00,0.00,0.00,0.00,0.00,0.00,0.00,0.00,0.00
2026-09-23 00:00:00+00:00,Avis,1203,0.01,0.01,0.00,0.05,0.00,0.00,0.02,0.00,0.00,0.00,0.00,0.00,0.00,0.00
2026-09-24 00:00:00+00:00,Avis,1203,0.00,0.01,0.00,0.04,0.00,0.00,0.00,0.00,0.00,0.00,0.00,0.00,0.00,0.00
2026-09-25 00:00:00+00:00,Avis,1203,0.00,0.01,0.00,0.04,0.00,0.00,0.00,0.00,0.00,0.00,0.00,0.00,0.00,0.00
2026-09-26 00:00:00+00:00,Avis,1203,0.00,0.00,0.00,0.00,0.00,0.00,0.00,0.00,0.00,0.00,0.00,0.00,0.00,0.00
2026-09-27 00:00:00+00:00,Avis,1203,0.00,0.00,0.00,0.00,0.00,0.00,0.00,0.00,0.00,0.00,0.00,0.00,0.00,0.00
2026-09-28 00:00:00+00:00,Avis,1203,1.50,1.75,0.00,11.69,0.43,1.12,1.73,0.18,0.22,0.00,1.48,0.05,0.12,0.20
2026-09-29 00:00:00+00:00,Avis,1203,1.05,1.48,0.00,5.80,0.09,0.28,1.47,0.02,0.03,0.00,0.10,0.00,0.01,0.03
2026-09-10 00:00:00+00:00,Campo Maior,1204,0.00,0.00,0.00,0.00,0.00,0.00,0.00,0.00,0.00,0.00,0.00,0.00,0.00,0.00
2026-09-11 00:00:00+00:00,Campo Maior,1204,0.00,0.00,0.00,0.00,0.00,0.00,0.00,0.00,0.00,0.00,0.00,0.00,0.00,0.00
2026-09-12 00:00:00+00:00,Campo Maior,1204,0.00,0.00,0.00,0.00,0.00,0.00,0.00,0.00,0.00,0.00,0.00,0.00,0.00,0.00
2026-09-13 00:00:00+00:00,Campo Maior,1204,0.00,0.00,0.00,0.00,0.00,0.00,0.00,0.00,0.00,0.00,0.00,0.00,0.00,0.00
2026-09-14 00:00:00+00:00,Campo Maior,1204,0.00,0.00,0.00,0.00,0.00,0.00,0.00,0.00,0.00,0.00,0.00,0.00,0.00,0.00
2026-09-15 00:00:00+00:00,Campo Maior,1204,0.00,0.00,0.00,0.00,0.00,0.00,0.00,0.00,0.00,0.00,0.00,0.00,0.00,0.00
2026-09-16 00:00:00+00:00,Campo Maior,1204,0.00,0.00,0.00,0.00,0.00,0.00,0.00,0.00,0.00,0.00,0.00,0.00,0.00,0.00
2026-09-17 00:00:00+00:00,Campo Maior,1204,0.00,0.00,0.00,0.00,0.00,0.00,0.00,0.00,0.00,0.00,0.00,0.00,0.00,0.00
2026-09-18 00:00:00+00:00,Campo Maior,1204,0.00,0.00,0.00,0.00,0.00,0.00,0.00,0.00,0.00,0.00,0.00,0.00,0.00,0.00
2026-09-19 00:00:00+00:00,Campo Maior,1204,0.00,0.00,0.00,0.00,0.00,0.00,0.00,0.00,0.00,0.00,0.00,0.00,0.00,0.00
2026-09-20 00:00:00+00:00,Campo Maior,1204,0.00,0.00,0.00,0.00,0.00,0.00,0.00,0.00,0.00,0.00,0.00,0.00,0.00,0.00
2026-09-21 00:00:00+00:00,Campo Maior,1204,0.00,0.00,0.00,0.00,0.00,0.00,0.00,0.00,0.00,0.00,0.00,0.00,0.00,0.00
2026-09-22 00:00:00+00:00,Campo Maior,1204,0.00,0.00,0.00,0.00,0.00,0.00,0.00,0.00,0.00,0.00,0.00,0.00,0.00,0.00
2026-09-23 00:00:00+00:00,Campo Maior,1204,0.00,0.00,0.00,0.00,0.00,0.00,0.00,0.00,0.00,0.00,0.00,0.00,0.00,0.00
2026-09-24 00:00:00+00:00,Campo Maior,1204,0.00,0.00,0.00,0.00,0.00,0.00,0.00,0.00,0.00,0.00,0.00,0.00,0.00,0.00
2026-09-25 00:00:00+00:00,Campo Maior,1204,0.00,0.00,0.00,0.00,0.00,0.00,0.00,0.00,0.00,0.00,0.00,0.00,0.00,0.00
2026-09-26 00:00:00+00:00,Campo Maior,1204,0.00,0.00,0.00,0.00,0.00,0.00,0.00,0.00,0.00,0.00,0.00,0.00,0.00,0.00
2026-09-27 00:00:00+00:00,Campo Maior,1204,0.00,0.00,0.00,0.00,0.00,0.00,0.00,0.00,0.00,0.00,0.00,0.00,0.00,0.00
2026-09-28 00:00:00+00:00,Campo Maior,1204,11.60,3.82,6.33,21.17,8.29,10.75,14.44,1.04,0.41,0.44,2.04,0.68,0.96,1.36
2026-09-29 00:00:00+00:00,Campo Maior,1204,5.00,0.61,3.62,5.92,4.50,5.07,5.52,0.08,0.01,0.06,0.10,0.08,0.09,0.09
2026-09-10 00:00:00+00:00,Castelo de Vide,1205,0.00,0.00,0.00,0.00,0.00,0.00,0.00,0.00,0.00,0.00,0.00,0.00,0.00,0.00
2026-09-11 00:00:00+00:00,Castelo de Vide,1205,0.00,0.00,0.00,0.00,0.00,0.00,0.00,0.00,0.00,0.00,0.00,0.00,0.00,0.00
2026-09-12 00:00:00+00:00,Castelo de Vide,1205,0.00,0.00,0.00,0.00,0.00,0.00,0.00,0.00,0.00,0.00,0.00,0.00,0.00,0.00
2026-09-13 00:00:00+00:00,Castelo de Vide,1205,0.00,0.00,0.00,0.00,0.00,0.00,0.00,0.00,0.00,0.00,0.00,0.00,0.00,0.00
2026-09-14 00:00:00+00:00,Castelo de Vide,1205,0.00,0.00,0.00,0.00,0.00,0.00,0.00,0.00,0.00,0.00,0.00,0.00,0.00,0.00
2026-09-15 00:00:00+00:00,Castelo de Vide,1205,0.00,0.00,0.00,0.00,0.00,0.00,0.00,0.00,0.00,0.00,0.00,0.00,0.00,0.00
2026-09-16 00:00:00+00:00,Castelo de Vide,1205,0.00,0.00,0.00,0.00,0.00,0.00,0.00,0.00,0.00,0.00,0.00,0.00,0.00,0.00
2026-09-17 00:00:00+00:00,Castelo de Vide,1205,0.00,0.00,0.00,0.00,0.00,0.00,0.00,0.00,0.00,0.00,0.00,0.00,0.00,0.00
2026-09-18 00:00:00+00:00,Castelo de Vide,1205,0.00,0.00,0.00,0.00,0.00,0.00,0.00,0.00,0.00,0.00,0.00,0.00,0.00,0.00
2026-09-19 00:00:00+00:00,Castelo de Vide,1205,0.00,0.00,0.00,0.00,0.00,0.00,0.00,0.00,0.00,0.00,0.00,0.00,0.00,0.00
2026-09-20 00:00:00+00:00,Castelo de Vide,1205,0.00,0.00,0.00,0.00,0.00,0.00,0.00,0.00,0.00,0.00,0.00,0.00,0.00,0.00
2026-09-21 00:00:00+00:00,Castelo de Vide,1205,0.00,0.00,0.00,0.00,0.00,0.00,0.00,0.00,0.00,0.00,0.00,0.00,0.00,0.00
2026-09-22 00:00:00+00:00,Castelo de Vide,1205,0.00,0.00,0.00,0.00,0.00,0.00,0.00,0.00,0.00,0.00,0.00,0.00,0.00,0.00
2026-09-23 00:00:00+00:00,Castelo de Vide,1205,0.00,0.00,0.00,0.00,0.00,0.00,0.00,0.00,0.00,0.00,0.00,0.00,0.00,0.00
2026-09-24 00:00:00+00:00,Castelo de Vide,1205,0.00,0.00,0.00,0.00,0.00,0.00,0.00,0.00,0.00,0.00,0.00,0.00,0.00,0.00
2026-09-25 00:00:00+00:00,Castelo de Vide,1205,0.00,0.00,0.00,0.00,0.00,0.00,0.00,0.00,0.00,0.00,0.00,0.00,0.00,0.00
2026-09-26 00:00:00+00:00,Castelo de Vide,1205,0.00,0.00,0.00,0.00,0.00,0.00,0.00,0.00,0.00,0.00,0.00,0.00,0.00,0.00
2026-09-27 00:00:00+00:00,Castelo de Vide,1205,0.00,0.00,0.00,0.00,0.00,0.00,0.00,0.00,0.00,0.00,0.00,0.00,0.00,0.00
2026-09-28 00:00:00+00:00,Castelo de Vide,1205,45.25,6.02,32.11,57.24,40.56,44.88,50.09,3.88,0.79,2.24,5.31,3.25,3.93,4.53
2026-09-29 00:00:00+00:00,Castelo de Vide,1205,1.04,0.62,0.16,2.86,0.51,0.89,1.47,0.03,0.02,0.00,0.09,0.01,0.02,0.05
2026-09-10 00:00:00+00:00,Crato,1206,0.00,0.00,0.00,0.00,0.00,0.00,0.00,0.00,0.00,0.00,0.00,0.00,0.00,0.00
2026-09-11 00:00:00+00:00,Crato,1206,0.00,0.00,0.00,0.00,0.00,0.00,0.00,0.00,0.00,0.00,0.00,0.00,0.00,0.00
2026-09-12 00:00:00+00:00,Crato,1206,0.00,0.00,0.00,0.00,0.00,0.00,0.00,0.00,0.00,0.00,0.00,0.00,0.00,0.00
2026-09-13 00:00:00+00:00,Crato,1206,0.00,0.00,0.00,0.00,0.00,0.00,0.00,0.00,0.00,0.00,0.00,0.00,0.00,0.00
2026-09-14 00:00:00+00:00,Crato,1206,0.00,0.00,0.00,0.00,0.00,0.00,0.00,0.00,0.00,0.00,0.00,0.00,0.00,0.00
2026-09-15 00:00:00+00:00,Crato,1206,0.00,0.00,0.00,0.00,0.00,0.00,0.00,0.00,0.00,0.00,0.00,0.00,0.00,0.00
2026-09-16 00:00:00+00:00,Crato,1206,0.00,0.00,0.00,0.00,0.00,0.00,0.00,0.00,0.00,0.00,0.00,0.00,0.00,0.00
2026-09-17 00:00:00+00:00,Crato,1206,0.00,0.00,0.00,0.00,0.00,0.00,0.00,0.00,0.00,0.00,0.00,0.00,0.00,0.00
2026-09-18 00:00:00+00:00,Crato,1206,0.00,0.00,0.00,0.00,0.00,0.00,0.00,0.00,0.00,0.00,0.00,0.00,0.00,0.00
2026-09-19 00:00:00+00:00,Crato,1206,0.00,0.00,0.00,0.00,0.00,0.00,0.00,0.00,0.00,0.00,0.00,0.00,0.00,0.00
2026-09-20 00:00:00+00:00,Crato,1206,0.00,0.00,0.00,0.00,0.00,0.00,0.00,0.00,0.00,0.00,0.00,0.00,0.00,0.00
2026-09-21 00:00:00+00:00,Crato,1206,0.00,0.00,0.00,0.00,0.00,0.00,0.00,0.00,0.00,0.00,0.00,0.00,0.00,0.00
2026-09-22 00:00:00+00:00,Crato,1206,0.00,0.00,0.00,0.00,0.00,0.00,0.00,0.00,0.00,0.00,0.00,0.00,0.00,0.00
2026-09-23 00:00:00+00:00,Crato,1206,0.00,0.00,0.00,0.00,0.00,0.00,0.00,0.00,0.00,0.00,0.00,0.00,0.00,0.00
2026-09-24 00:00:00+00:00,Crato,1206,0.00,0.00,0.00,0.00,0.00,0.00,0.00,0.00,0.00,0.00,0.00,0.00,0.00,0.00
2026-09-25 00:00:00+00:00,Crato,1206,0.00,0.00,0.00,0.00,0.00,0.00,0.00,0.00,0.00,0.00,0.00,0.00,0.00,0.00
2026-09-26 00:00:00+00:00,Crato,1206,0.00,0.00,0.00,0.00,0.00,0.00,0.00,0.00,0.00,0.00,0.00,0.00,0.00,0.00
2026-09-27 00:00:00+00:00,Crato,1206,0.00,0.00,0.00,0.00,0.00,0.00,0.00,0.00,0.00,0.00,0.00,0.00,0.00,0.00
2026-09-28 00:00:00+00:00,Crato,1206,36.68,14.56,4.62,58.88,25.66,38.16,50.23,3.38,1.39,0.39,5.49,2.29,3.49,4.67
2026-09-29 00:00:00+00:00,Crato,1206,0.49,0.24,0.04,0.91,0.28,0.51,0.71,0.01,0.01,0.00,0.02,0.01,0.01,0.02
2026-09-10 00:00:00+00:00,Elvas,1207,0.00,0.00,0.00,0.00,0.00,0.00,0.00,0.00,0.00,0.00,0.00,0.00,0.00,0.00
2026-09-11 00:00:00+00:00,Elvas,1207,0.00,0.00,0.00,0.00,0.00,0.00,0.00,0.00,0.00,0.00,0.00,0.00,0.00,0.00
2026-09-12 00:00:00+00:00,Elvas,1207,0.00,0.00,0.00,0.00,0.00,0.00,0.00,0.00,0.00,0.00,0.00,0.00,0.00,0.00
2026-09-13 00:00:00+00:00,Elvas,1207,0.00,0.00,0.00,0.00,0.00,0.00,0.00,0.00,0.00,0.00,0.00,0.00,0.00,0.00
2026-09-14 00:00:00+00:00,Elvas,1207,0.00,0.00,0.00,0.00,0.00,0.00,0.00,0.00,0.00,0.00,0.00,0.00,0.00,0.00
2026-09-15 00:00:00+00:00,Elvas,1207,0.00,0.00,0.00,0.00,0.00,0.00,0.00,0.00,0.00,0.00,0.00,0.00,0.00,0.00
2026-09-16 00:00:00+00:00,Elvas,1207,0.00,0.00,0.00,0.00,0.00,0.00,0.00,0.00,0.00,0.00,0.00,0.00,0.00,0.00
2026-09-17 00:00:00+00:00,Elvas,1207,0.00,0.00,0.00,0.00,0.00,0.00,0.00,0.00,0.00,0.00,0.00,0.00,0.00,0.00
2026-09-18 00:00:00+00:00,Elvas,1207,0.00,0.00,0.00,0.00,0.00,0.00,0.00,0.00,0.00,0.00,0.00,0.00,0.00,0.00
2026-09-19 00:00:00+00:00,Elvas,1207,0.00,0.00,0.00,0.00,0.00,0.00,0.00,0.00,0.00,0.00,0.00,0.00,0.00,0.00
2026-09-20 00:00:00+00:00,Elvas,1207,0.00,0.00,0.00,0.00,0.00,0.00,0.00,0.00,0.00,0.00,0.00,0.00,0.00,0.00
2026-09-21 00:00:00+00:00,Elvas,1207,0.00,0.00,0.00,0.00,0.00,0.00,0.00,0.00,0.00,0.00,0.00,0.00,0.00,0.00
2026-09-22 00:00:00+00:00,Elvas,1207,0.00,0.00,0.00,0.00,0.00,0.00,0.00,0.00,0.00,0.00,0.00,0.00,0.00,0.00
2026-09-23 00:00:00+00:00,Elvas,1207,0.00,0.00,0.00,0.00,0.00,0.00,0.00,0.00,0.00,0.00,0.00,0.00,0.00,0.00
2026-09-24 00:00:00+00:00,Elvas,1207,0.00,0.00,0.00,0.00,0.00,0.00,0.00,0.00,0.00,0.00,0.00,0.00,0.00,0.00
2026-09-25 00:00:00+00:00,Elvas,1207,0.00,0.00,0.00,0.00,0.00,0.00,0.00,0.00,0.00,0.00,0.00,0.00,0.00,0.00
2026-09-26 00:00:00+00:00,Elvas,1207,0.00,0.00,0.00,0.00,0.00,0.00,0.00,0.00,0.00,0.00,0.00,0.00,0.00,0.00
2026-09-27 00:00:00+00:00,Elvas,1207,0.00,0.01,0.00,0.04,0.00,0.00,0.00,0.00,0.00,0.00,0.00,0.00,0.00,0.00
2026-09-28 00:00:00+00:00,Elvas,1207,12.89,7.69,6.00,34.20,6.46,9.37,18.22,1.42,1.18,0.40,4.89,0.47,0.88,2.11
2026-09-29 00:00:00+00:00,Elvas,1207,4.55,1.60,0.27,6.00,3.56,5.22,5.88,0.08,0.03,0.00,0.10,0.06,0.09,0.10
2026-09-10 00:00:00+00:00,Fronteira,1208,0.00,0.00,0.00,0.00,0.00,0.00,0.00,0.00,0.00,0.00,0.00,0.00,0.00,0.00
2026-09-11 00:00:00+00:00,Fronteira,1208,0.00,0.00,0.00,0.00,0.00,0.00,0.00,0.00,0.00,0.00,0.00,0.00,0.00,0.00
2026-09-12 00:00:00+00:00,Fronteira,1208,0.00,0.00,0.00,0.00,0.00,0.00,0.00,0.00,0.00,0.00,0.00,0.00,0.00,0.00
2026-09-13 00:00:00+00:00,Fronteira,1208,0.00,0.00,0.00,0.00,0.00,0.00,0.00,0.00,0.00,0.00,0.00,0.00,0.00,0.00
2026-09-14 00:00:00+00:00,Fronteira,1208,0.00,0.00,0.00,0.00,0.00,0.00,0.00,0.00,0.00,0.00,0.00,0.00,0.00,0.00
2026-09-15 00:00:00+00:00,Fronteira,1208,0.00,0.00,0.00,0.00,0.00,0.00,0.00,0.00,0.00,0.00,0.00,0.00,0.00,0.00
2026-09-16 00:00:00+00:00,Fronteira,1208,0.00,0.00,0.00,0.00,0.00,0.00,0.00,0.00,0.00,0.00,0.00,0.00,0.00,0.00
2026-09-17 00:00:00+00:00,Fronteira,1208,0.00,0.00,0.00,0.00,0.00,0.00,0.00,0.00,0.00,0.00,0.00,0.00,0.00,0.00
2026-09-18 00:00:00+00:00,Fronteira,1208,0.00,0.00,0.00,0.00,0.00,0.00,0.00,0.00,0.00,0.00,0.00,0.00,0.00,0.00
2026-09-19 00:00:00+00:00,Fronteira,1208,0.00,0.00,0.00,0.00,0.00,0.00,0.00,0.00,0.00,0.00,0.00,0.00,0.00,0.00
2026-09-20 00:00:00+00:00,Fronteira,1208,0.00,0.00,0.00,0.00,0.00,0.00,0.00,0.00,0.00,0.00,0.00,0.00,0.00,0.00
2026-09-21 00:00:00+00:00,Fronteira,1208,0.00,0.00,0.00,0.00,0.00,0.00,0.00,0.00,0.00,0.00,0.00,0.00,0.00,0.00
2026-09-22 00:00:00+00:00,Fronteira,1208,0.00,0.00,0.00,0.00,0.00,0.00,0.00,0.00,0.00,0.00,0.00,0.00,0.00,0.00
2026-09-23 00:00:00+00:00,Fronteira,1208,0.00,0.00,0.00,0.00,0.00,0.00,0.00,0.00,0.00,0.00,0.00,0.00,0.00,0.00
2026-09-24 00:00:00+00:00,Fronteira,1208,0.00,0.00,0.00,0.00,0.00,0.00,0.00,0.00,0.00,0.00,0.00,0.00,0.00,0.00
2026-09-25 00:00:00+00:00,Fronteira,1208,0.00,0.00,0.00,0.00,0.00,0.00,0.00,0.00,0.00,0.00,0.00,0.00,0.00,0.00
2026-09-26 00:00:00+00:00,Fronteira,1208,0.00,0.00,0.00,0.00,0.00,0.00,0.00,0.00,0.00,0.00,0.00,0.00,0.00,0.00
2026-09-27 00:00:00+00:00,Fronteira,1208,0.00,0.00,0.00,0.00,0.00,0.00,0.00,0.00,0.00,0.00,0.00,0.00,0.00,0.00
2026-09-28 00:00:00+00:00,Fronteira,1208,20.98,8.54,2.32,42.32,14.42,22.71,27.97,2.43,0.99,0.26,4.16,1.72,2.59,3.26
2026-09-29 00:00:00+00:00,Fronteira,1208,0.51,0.11,0.15,0.72,0.47,0.52,0.57,0.01,0.00,0.00,0.01,0.01,0.01,0.01
2026-09-10 00:00:00+00:00,Gavião,1209,0.00,0.00,0.00,0.00,0.00,0.00,0.00,0.00,0.00,0.00,0.00,0.00,0.00,0.00
2026-09-11 00:00:00+00:00,Gavião,1209,0.00,0.00,0.00,0.00,0.00,0.00,0.00,0.00,0.00,0.00,0.00,0.00,0.00,0.00
2026-09-12 00:00:00+00:00,Gavião,1209,0.00,0.00,0.00,0.00,0.00,0.00,0.00,0.00,0.00,0.00,0.00,0.00,0.00,0.00
2026-09-13 00:00:00+00:00,Gavião,1209,0.00,0.00,0.00,0.00,0.00,0.00,0.00,0.00,0.00,0.00,0.00,0.00,0.00,0.00
2026-09-14 00:00:00+00:00,Gavião,1209,0.00,0.00,0.00,0.00,0.00,0.00,0.00,0.00,0.00,0.00,0.00,0.00,0.00,0.00
2026-09-15 00:00:00+00:00,Gavião,1209,0.00,0.00,0.00,0.00,0.00,0.00,0.00,0.00,0.00,0.00,0.00,0.00,0.00,0.00
2026-09-16 00:00:00+00:00,Gavião,1209,0.01,0.01,0.00,0.05,0.00,0.00,0.00,0.00,0.00,0.00,0.00,0.00,0.00,0.00
2026-09-17 00:00:00+00:00,Gavião,1209,0.00,0.00,0.00,0.00,0.00,0.00,0.00,0.00,0.00,0.00,0.00,0.00,0.00,0.00
2026-09-18 00:00:00+00:00,Gavião,1209,0.00,0.00,0.00,0.00,0.00,0.00,0.00,0.00,0.00,0.00,0.00,0.00,0.00,0.00
2026-09-19 00:00:00+00:00,Gavião,1209,0.00,0.00,0.00,0.00,0.00,0.00,0.00,0.00,0.00,0.00,0.00,0.00,0.00,0.00
2026-09-20 00:00:00+00:00,Gavião,1209,0.00,0.00,0.00,0.00,0.00,0.00,0.00,0.00,0.00,0.00,0.00,0.00,0.00,0.00
2026-09-21 00:00:00+00:00,Gavião,1209,0.00,0.00,0.00,0.00,0.00,0.00,0.00,0.00,0.00,0.00,0.00,0.00,0.00,0.00
2026-09-22 00:00:00+00:00,Gavião,1209,0.00,0.00,0.00,0.00,0.00,0.00,0.00,0.00,0.00,0.00,0.00,0.00,0.00,0.00
2026-09-23 00:00:00+00:00,Gavião,1209,0.00,0.00,0.00,0.00,0.00,0.00,0.00,0.00,0.00,0.00,0.00,0.00,0.00,0.00
2026-09-24 00:00:00+00:00,Gavião,1209,0.00,0.00,0.00,0.01,0.00,0.00,0.00,0.00,0.00,0.00,0.00,0.00,0.00,0.00
2026-09-25 00:00:00+00:00,Gavião,1209,0.00,0.00,0.00,0.00,0.00,0.00,0.00,0.00,0.00,0.00,0.00,0.00,0.00,0.00
2026-09-26 00:00:00+00:00,Gavião,1209,0.00,0.00,0.00,0.00,0.00,0.00,0.00,0.00,0.00,0.00,0.00,0.00,0.00,0.00
2026-09-27 00:00:00+00:00,Gavião,1209,0.00,0.00,0.00,0.00,0.00,0.00,0.00,0.00,0.00,0.00,0.00,0.00,0.00,0.00
2026-09-28 00:00:00+00:00,Gavião,1209,3.16,3.22,0.01,14.40,0.84,1.93,4.45,0.26,0.28,0.00,1.23,0.06,0.14,0.37
2026-09-29 00:00:00+00:00,Gavião,1209,0.35,0.21,0.00,0.83,0.18,0.32,0.49,0.01,0.01,0.00,0.02,0.00,0.01,0.01
2026-09-10 00:00:00+00:00,Marvão,1210,0.00,0.00,0.00,0.00,0.00,0.00,0.00,0.00,0.00,0.00,0.00,0.00,0.00,0.00
2026-09-11 00:00:00+00:00,Marvão,1210,0.00,0.00,0.00,0.00,0.00,0.00,0.00,0.00,0.00,0.00,0.00,0.00,0.00,0.00
2026-09-12 00:00:00+00:00,Marvão,1210,0.00,0.00,0.00,0.00,0.00,0.00,0.00,0.00,0.00,0.00,0.00,0.00,0.00,0.00
2026-09-13 00:00:00+00:00,Marvão,1210,0.00,0.00,0.00,0.00,0.00,0.00,0.00,0.00,0.00,0.00,0.00,0.00,0.00,0.00
2026-09-14 00:00:00+00:00,Marvão,1210,0.00,0.00,0.00,0.00,0.00,0.00,0.00,0.00,0.00,0.00,0.00,0.00,0.00,0.00
2026-09-15 00:00:00+00:00,Marvão,1210,0.00,0.00,0.00,0.00,0.00,0.00,0.00,0.00,0.00,0.00,0.00,0.00,0.00,0.00
2026-09-16 00:00:00+00:00,Marvão,1210,0.00,0.00,0.00,0.00,0.00,0.00,0.00,0.00,0.00,0.00,0.00,0.00,0.00,0.00
2026-09-17 00:00:00+00:00,Marvão,1210,0.00,0.00,0.00,0.00,0.00,0.00,0.00,0.00,0.00,0.00,0.00,0.00,0.00,0.00
2026-09-18 00:00:00+00:00,Marvão,1210,0.00,0.00,0.00,0.00,0.00,0.00,0.00,0.00,0.00,0.00,0.00,0.00,0.00,0.00
2026-09-19 00:00:00+00:00,Marvão,1210,0.00,0.00,0.00,0.00,0.00,0.00,0.00,0.00,0.00,0.00,0.00,0.00,0.00,0.00
2026-09-20 00:00:00+00:00,Marvão,1210,0.00,0.00,0.00,0.00,0.00,0.00,0.00,0.00,0.00,0.00,0.00,0.00,0.00,0.00
2026-09-21 00:00:00+00:00,Marvão,1210,0.00,0.00,0.00,0.00,0.00,0.00,0.00,0.00,0.00,0.00,0.00,0.00,0.00,0.00
2026-09-22 00:00:00+00:00,Marvão,1210,0.00,0.00,0.00,0.00,0.00,0.00,0.00,0.00,0.00,0.00,0.00,0.00,0.00,0.00
2026-09-23 00:00:00+00:00,Marvão,1210,0.00,0.00,0.00,0.00,0.00,0.00,0.00,0.00,0.00,0.00,0.00,0.00,0.00,0.00
2026-09-24 00:00:00+00:00,Marvão,1210,0.00,0.00,0.00,0.00,0.00,0.00,0.00,0.00,0.00,0.00,0.00,0.00,0.00,0.00
2026-09-25 00:00:00+00:00,Marvão,1210,0.00,0.00,0.00,0.00,0.00,0.00,0.00,0.00,0.00,0.00,0.00,0.00,0.00,0.00
2026-09-26 00:00:00+00:00,Marvão,1210,0.00,0.00,0.00,0.00,0.00,0.00,0.00,0.00,0.00,0.00,0.00,0.00,0.00,0.00
2026-09-27 00:00:00+00:00,Marvão,1210,0.00,0.00,0.00,0.00,0.00,0.00,0.00,0.00,0.00,0.00,0.00,0.00,0.00,0.00
2026-09-28 00:00:00+00:00,Marvão,1210,54.73,3.93,45.71,59.76,51.69,55.81,58.09,5.01,0.47,3.85,5.58,4.66,5.15,5.40
2026-09-29 00:00:00+00:00,Marvão,1210,0.43,0.37,0.01,1.37,0.12,0.30,0.68,0.01,0.01,0.00,0.05,0.00,0.01,0.02
2026-09-10 00:00:00+00:00,Monforte,1211,0.00,0.00,0.00,0.00,0.00,0.00,0.00,0.00,0.00,0.00,0.00,0.00,0.00,0.00
2026-09-11 00:00:00+00:00,Monforte,1211,0.00,0.00,0.00,0.00,0.00,0.00,0.00,0.00,0.00,0.00,0.00,0.00,0.00,0.00
2026-09-12 00:00:00+00:00,Monforte,1211,0.00,0.00,0.00,0.00,0.00,0.00,0.00,0.00,0.00,0.00,0.00,0.00,0.00,0.00
2026-09-13 00:00:00+00:00,Monforte,1211,0.00,0.00,0.00,0.00,0.00,0.00,0.00,0.00,0.00,0.00,0.00,0.00,0.00,0.00
2026-09-14 00:00:00+00:00,Monforte,1211,0.00,0.00,0.00,0.00,0.00,0.00,0.00,0.00,0.00,0.00,0.00,0.00,0.00,0.00
2026-09-15 00:00:00+00:00,Monforte,1211,0.00,0.00,0.00,0.00,0.00,0.00,0.00,0.00,0.00,0.00,0.00,0.00,0.00,0.00
2026-09-16 00:00:00+00:00,Monforte,1211,0.00,0.00,0.00,0.00,0.00,0.00,0.00,0.00,0.00,0.00,0.00,0.00,0.00,0.00
2026-09-17 00:00:00+00:00,Monforte,1211,0.00,0.00,0.00,0.00,0.00,0.00,0.00,0.00,0.00,0.00,0.00,0.00,0.00,0.00
2026-09-18 00:00:00+00:00,Monforte,1211,0.00,0.00,0.00,0.00,0.00,0.00,0.00,0.00,0.00,0.00,0.00,0.00,0.00,0.00
2026-09-19 00:00:00+00:00,Monforte,1211,0.00,0.00,0.00,0.00,0.00,0.00,0.00,0.00,0.00,0.00,0.00,0.00,0.00,0.00
2026-09-20 00:00:00+00:00,Monforte,1211,0.00,0.00,0.00,0.00,0.00,0.00,0.00,0.00,0.00,0.00,0.00,0.00,0.00,0.00
2026-09-21 00:00:00+00:00,Monforte,1211,0.00,0.00,0.00,0.00,0.00,0.00,0.00,0.00,0.00,0.00,0.00,0.00,0.00,0.00
2026-09-22 00:00:00+00:00,Monforte,1211,0.00,0.00,0.00,0.00,0.00,0.00,0.00,0.00,0.00,0.00,0.00,0.00,0.00,0.00
2026-09-23 00:00:00+00:00,Monforte,1211,0.00,0.00,0.00,0.00,0.00,0.00,0.00,0.00,0.00,0.00,0.00,0.00,0.00,0.00
2026-09-24 00:00:00+00:00,Monforte,1211,0.00,0.00,0.00,0.00,0.00,0.00,0.00,0.00,0.00,0.00,0.00,0.00,0.00,0.00
2026-09-25 00:00:00+00:00,Monforte,1211,0.00,0.00,0.00,0.00,0.00,0.00,0.00,0.00,0.00,0.00,0.00,0.00,0.00,0.00
2026-09-26 00:00:00+00:00,Monforte,1211,0.00,0.00,0.00,0.00,0.00,0.00,0.00,0.00,0.00,0.00,0.00,0.00,0.00,0.00
2026-09-27 00:00:00+00:00,Monforte,1211,0.00,0.00,0.00,0.00,0.00,0.00,0.00,0.00,0.00,0.00,0.00,0.00,0.00,0.00
2026-09-28 00:00:00+00:00,Monforte,1211,34.45,6.43,23.79,52.33,30.54,32.37,37.71,3.95,0.49,2.62,4.98,3.66,3.89,4.29
2026-09-29 00:00:00+00:00,Monforte,1211,0.95,0.53,0.16,2.79,0.58,0.79,1.20,0.02,0.01,0.00,0.05,0.01,0.01,0.02
2026-09-10 00:00:00+00:00,Nisa,1212,0.00,0.00,0.00,0.00,0.00,0.00,0.00,0.00,0.00,0.00,0.00,0.00,0.00,0.00
2026-09-11 00:00:00+00:00,Nisa,1212,0.00,0.00,0.00,0.00,0.00,0.00,0.00,0.00,0.00,0.00,0.00,0.00,0.00,0.00
2026-09-12 00:00:00+00:00,Nisa,1212,0.00,0.00,0.00,0.00,0.00,0.00,0.00,0.00,0.00,0.00,0.00,0.00,0.00,0.00
2026-09-13 00:00:00+00:00,Nisa,1212,0.00,0.00,0.00,0.00,0.00,0.00,0.00,0.00,0.00,0.00,0.00,0.00,0.00,0.00
2026-09-14 00:00:00+00:00,Nisa,1212,0.00,0.00,0.00,0.00,0.00,0.00,0.00,0.00,0.00,0.00,0.00,0.00,0.00,0.00
2026-09-15 00:00:00+00:00,Nisa,1212,0.00,0.00,0.00,0.00,0.00,0.00,0.00,0.00,0.00,0.00,0.00,0.00,0.00,0.00
2026-09-16 00:00:00+00:00,Nisa,1212,0.00,0.02,0.00,0.07,0.00,0.00,0.00,0.00,0.00,0.00,0.00,0.00,0.00,0.00
2026-09-17 00:00:00+00:00,Nisa,1212,0.00,0.00,0.00,0.00,0.00,0.00,0.00,0.00,0.00,0.00,0.00,0.00,0.00,0.00
2026-09-18 00:00:00+00:00,Nisa,1212,0.00,0.00,0.00,0.00,0.00,0.00,0.00,0.00,0.00,0.00,0.00,0.00,0.00,0.00
2026-09-19 00:00:00+00:00,Nisa,1212,0.00,0.00,0.00,0.00,0.00,0.00,0.00,0.00,0.00,0.00,0.00,0.00,0.00,0.00
2026-09-20 00:00:00+00:00,Nisa,1212,0.00,0.00,0.00,0.00,0.00,0.00,0.00,0.00,0.00,0.00,0.00,0.00,0.00,0.00
2026-09-21 00:00:00+00:00,Nisa,1212,0.00,0.00,0.00,0.00,0.00,0.00,0.00,0.00,0.00,0.00,0.00,0.00,0.00,0.00
2026-09-22 00:00:00+00:00,Nisa,1212,0.00,0.00,0.00,0.00,0.00,0.00,0.00,0.00,0.00,0.00,0.00,0.00,0.00,0.00
2026-09-23 00:00:00+00:00,Nisa,1212,0.00,0.00,0.00,0.00,0.00,0.00,0.00,0.00,0.00,0.00,0.00,0.00,0.00,0.00
2026-09-24 00:00:00+00:00,Nisa,1212,0.00,0.00,0.00,0.00,0.00,0.00,0.00,0.00,0.00,0.00,0.00,0.00,0.00,0.00
2026-09-25 00:00:00+00:00,Nisa,1212,0.00,0.00,0.00,0.00,0.00,0.00,0.00,0.00,0.00,0.00,0.00,0.00,0.00,0.00
2026-09-26 00:00:00+00:00,Nisa,1212,0.00,0.00,0.00,0.00,0.00,0.00,0.00,0.00,0.00,0.00,0.00,0.00,0.00,0.00
2026-09-27 00:00:00+00:00,Nisa,1212,0.00,0.00,0.00,0.00,0.00,0.00,0.00,0.00,0.00,0.00,0.00,0.00,0.00,0.00
2026-09-28 00:00:00+00:00,Nisa,1212,21.71,10.25,2.41,44.97,13.03,21.14,30.82,1.47,0.80,0.18,4.10,0.81,1.38,1.93
2026-09-29 00:00:00+00:00,Nisa,1212,1.47,0.78,0.32,3.96,0.89,1.18,1.93,0.04,0.03,0.01,0.12,0.02,0.02,0.06
2026-09-10 00:00:00+00:00,Ponte de Sor,1213,0.06,0.08,0.00,0.30,0.00,0.02,0.10,0.00,0.00,0.00,0.00,0.00,0.00,0.00
2026-09-11 00:00:00+00:00,Ponte de Sor,1213,0.00,0.00,0.00,0.00,0.00,0.00,0.00,0.00,0.00,0.00,0.00,0.00,0.00,0.00
2026-09-12 00:00:00+00:00,Ponte de Sor,1213,0.00,0.00,0.00,0.00,0.00,0.00,0.00,0.00,0.00,0.00,0.00,0.00,0.00,0.00
2026-09-13 00:00:00+00:00,Ponte de Sor,1213,0.00,0.00,0.00,0.00,0.00,0.00,0.00,0.00,0.00,0.00,0.00,0.00,0.00,0.00
2026-09-14 00:00:00+00:00,Ponte de Sor,1213,0.00,0.00,0.00,0.00,0.00,0.00,0.00,0.00,0.00,0.00,0.00,0.00,0.00,0.00
2026-09-15 00:00:00+00:00,Ponte de Sor,1213,0.00,0.00,0.00,0.00,0.00,0.00,0.00,0.00,0.00,0.00,0.00,0.00,0.00,0.00
2026-09-16 00:00:00+00:00,Ponte de Sor,1213,0.00,0.00,0.00,0.00,0.00,0.00,0.00,0.00,0.00,0.00,0.00,0.00,0.00,0.00
2026-09-17 00:00:00+00:00,Ponte de Sor,1213,0.00,0.00,0.00,0.00,0.00,0.00,0.00,0.00,0.00,0.00,0.00,0.00,0.00,0.00
2026-09-18 00:00:00+00:00,Ponte de Sor,1213,0.00,0.00,0.00,0.00,0.00,0.00,0.00,0.00,0.00,0.00,0.00,0.00,0.00,0.00
2026-09-19 00:00:00+00:00,Ponte de Sor,1213,0.00,0.00,0.00,0.00,0.00,0.00,0.00,0.00,0.00,0.00,0.00,0.00,0.00,0.00
2026-09-20 00:00:00+00:00,Ponte de Sor,1213,0.00,0.00,0.00,0.00,0.00,0.00,0.00,0.00,0.00,0.00,0.00,0.00,0.00,0.00
2026-09-21 00:00:00+00:00,Ponte de Sor,1213,0.00,0.00,0.00,0.00,0.00,0.00,0.00,0.00,0.00,0.00,0.00,0.00,0.00,0.00
2026-09-22 00:00:00+00:00,Ponte de Sor,1213,0.00,0.00,0.00,0.00,0.00,0.00,0.00,0.00,0.00,0.00,0.00,0.00,0.00,0.00
2026-09-23 00:00:00+00:00,Ponte de Sor,1213,0.03,0.04,0.00,0.14,0.00,0.00,0.06,0.00,0.00,0.00,0.00,0.00,0.00,0.00
2026-09-24 00:00:00+00:00,Ponte de Sor,1213,0.03,0.05,0.00,0.16,0.00,0.00,0.07,0.00,0.00,0.00,0.00,0.00,0.00,0.00
2026-09-25 00:00:00+00:00,Ponte de Sor,1213,0.03,0.05,0.00,0.16,0.00,0.00,0.07,0.00,0.00,0.00,0.00,0.00,0.00,0.00
2026-09-26 00:00:00+00:00,Ponte de Sor,1213,0.00,0.00,0.00,0.00,0.00,0.00,0.00,0.00,0.00,0.00,0.00,0.00,0.00,0.00
2026-09-27 00:00:00+00:00,Ponte de Sor,1213,0.00,0.00,0.00,0.00,0.00,0.00,0.00,0.00,0.00,0.00,0.00,0.00,0.00,0.00
2026-09-28 00:00:00+00:00,Ponte de Sor,1213,2.01,1.16,0.13,8.48,1.24,1.93,2.34,0.16,0.12,0.00,0.75,0.06,0.16,0.21
2026-09-29 00:00:00+00:00,Ponte de Sor,1213,2.27,1.77,0.14,5.88,0.65,1.60,3.99,0.07,0.06,0.00,0.20,0.02,0.06,0.12
2026-09-10 00:00:00+00:00,Portalegre,1214,0.00,0.00,0.00,0.00,0.00,0.00,0.00,0.00,0.00,0.00,0.00,0.00,0.00,0.00
2026-09-11 00:00:00+00:00,Portalegre,1214,0.00,0.00,0.00,0.00,0.00,0.00,0.00,0.00,0.00,0.00,0.00,0.00,0.00,0.00
2026-09-12 00:00:00+00:00,Portalegre,1214,0.00,0.00,0.00,0.00,0.00,0.00,0.00,0.00,0.00,0.00,0.00,0.00,0.00,0.00
2026-09-13 00:00:00+00:00,Portalegre,1214,0.00,0.00,0.00,0.00,0.00,0.00,0.00,0.00,0.00,0.00,0.00,0.00,0.00,0.00
2026-09-14 00:00:00+00:00,Portalegre,1214,0.00,0.00,0.00,0.00,0.00,0.00,0.00,0.00,0.00,0.00,0.00,0.00,0.00,0.00
2026-09-15 00:00:00+00:00,Portalegre,1214,0.00,0.00,0.00,0.00,0.00,0.00,0.00,0.00,0.00,0.00,0.00,0.00,0.00,0.00
2026-09-16 00:00:00+00:00,Portalegre,1214,0.00,0.00,0.00,0.00,0.00,0.00,0.00,0.00,0.00,0.00,0.00,0.00,0.00,0.00
2026-09-17 00:00:00+00:00,Portalegre,1214,0.00,0.00,0.00,0.00,0.00,0.00,0.00,0.00,0.00,0.00,0.00,0.00,0.00,0.00
2026-09-18 00:00:00+00:00,Portalegre,1214,0.00,0.00,0.00,0.00,0.00,0.00,0.00,0.00,0.00,0.00,0.00,0.00,0.00,0.00
2026-09-19 00:00:00+00:00,Portalegre,1214,0.00,0.00,0.00,0.00,0.00,0.00,0.00,0.00,0.00,0.00,0.00,0.00,0.00,0.00
2026-09-20 00:00:00+00:00,Portalegre,1214,0.00,0.00,0.00,0.00,0.00,0.00,0.00,0.00,0.00,0.00,0.00,0.00,0.00,0.00
2026-09-21 00:00:00+00:00,Portalegre,1214,0.00,0.00,0.00,0.00,0.00,0.00,0.00,0.00,0.00,0.00,0.00,0.00,0.00,0.00
2026-09-22 00:00:00+00:00,Portalegre,1214,0.00,0.00,0.00,0.00,0.00,0.00,0.00,0.00,0.00,0.00,0.00,0.00,0.00,0.00
2026-09-23 00:00:00+00:00,Portalegre,1214,0.00,0.00,0.00,0.00,0.00,0.00,0.00,0.00,0.00,0.00,0.00,0.00,0.00,0.00
2026-09-24 00:00:00+00:00,Portalegre,1214,0.00,0.00,0.00,0.00,0.00,0.00,0.00,0.00,0.00,0.00,0.00,0.00,0.00,0.00
2026-09-25 00:00:00+00:00,Portalegre,1214,0.00,0.00,0.00,0.00,0.00,0.00,0.00,0.00,0.00,0.00,0.00,0.00,0.00,0.00
2026-09-26 00:00:00+00:00,Portalegre,1214,0.00,0.00,0.00,0.00,0.00,0.00,0.00,0.00,0.00,0.00,0.00,0.00,0.00,0.00
2026-09-27 00:00:00+00:00,Portalegre,1214,0.00,0.00,0.00,0.00,0.00,0.00,0.00,0.00,0.00,0.00,0.00,0.00,0.00,0.00
2026-09-28 00:00:00+00:00,Portalegre,1214,57.45,2.41,48.80,60.00,56.15,58.17,59.39,5.37,0.21,4.62,5.60,5.24,5.43,5.54
2026-09-29 00:00:00+00:00,Portalegre,1214,0.13,0.14,0.00,0.75,0.03,0.09,0.19,0.00,0.00,0.00,0.01,0.00,0.00,0.00
2026-09-10 00:00:00+00:00,Sousel,1215,0.00,0.00,0.00,0.02,0.00,0.00,0.00,0.00,0.00,0.00,0.00,0.00,0.00,0.00
2026-09-11 00:00:00+00:00,Sousel,1215,0.00,0.00,0.00,0.00,0.00,0.00,0.00,0.00,0.00,0.00,0.00,0.00,0.00,0.00
2026-09-12 00:00:00+00:00,Sousel,1215,0.00,0.00,0.00,0.00,0.00,0.00,0.00,0.00,0.00,0.00,0.00,0.00,0.00,0.00
2026-09-13 00:00:00+00:00,Sousel,1215,0.00,0.00,0.00,0.00,0.00,0.00,0.00,0.00,0.00,0.00,0.00,0.00,0.00,0.00
2026-09-14 00:00:00+00:00,Sousel,1215,0.00,0.00,0.00,0.00,0.00,0.00,0.00,0.00,0.00,0.00,0.00,0.00,0.00,0.00
2026-09-15 00:00:00+00:00,Sousel,1215,0.00,0.00,0.00,0.00,0.00,0.00,0.00,0.00,0.00,0.00,0.00,0.00,0.00,0.00
2026-09-16 00:00:00+00:00,Sousel,1215,0.00,0.00,0.00,0.00,0.00,0.00,0.00,0.00,0.00,0.00,0.00,0.00,0.00,0.00
2026-09-17 00:00:00+00:00,Sousel,1215,0.00,0.00,0.00,0.00,0.00,0.00,0.00,0.00,0.00,0.00,0.00,0.00,0.00,0.00
2026-09-18 00:00:00+00:00,Sousel,1215,0.00,0.00,0.00,0.00,0.00,0.00,0.00,0.00,0.00,0.00,0.00,0.00,0.00,0.00
2026-09-19 00:00:00+00:00,Sousel,1215,0.00,0.00,0.00,0.00,0.00,0.00,0.00,0.00,0.00,0.00,0.00,0.00,0.00,0.00
2026-09-20 00:00:00+00:00,Sousel,1215,0.00,0.00,0.00,0.00,0.00,0.00,0.00,0.00,0.00,0.00,0.00,0.00,0.00,0.00
2026-09-21 00:00:00+00:00,Sousel,1215,0.00,0.00,0.00,0.00,0.00,0.00,0.00,0.00,0.00,0.00,0.00,0.00,0.00,0.00
2026-09-22 00:00:00+00:00,Sousel,1215,0.00,0.00,0.00,0.00,0.00,0.00,0.00,0.00,0.00,0.00,0.00,0.00,0.00,0.00
2026-09-23 00:00:00+00:00,Sousel,1215,0.00,0.00,0.00,0.02,0.00,0.00,0.00,0.00,0.00,0.00,0.00,0.00,0.00,0.00
2026-09-24 00:00:00+00:00,Sousel,1215,0.00,0.00,0.00,0.00,0.00,0.00,0.00,0.00,0.00,0.00,0.00,0.00,0.00,0.00
2026-09-25 00:00:00+00:00,Sousel,1215,0.00,0.00,0.00,0.00,0.00,0.00,0.00,0.00,0.00,0.00,0.00,0.00,0.00,0.00
2026-09-26 00:00:00+00:00,Sousel,1215,0.00,0.00,0.00,0.00,0.00,0.00,0.00,0.00,0.00,0.00,0.00,0.00,0.00,0.00
2026-09-27 00:00:00+00:00,Sousel,1215,0.00,0.00,0.00,0.00,0.00,0.00,0.00,0.00,0.00,0.00,0.00,0.00,0.00,0.00
2026-09-28 00:00:00+00:00,Sousel,1215,16.32,9.11,2.29,33.01,8.23,14.93,24.55,2.15,1.27,0.28,4.63,1.04,1.90,3.28
2026-09-29 00:00:00+00:00,Sousel,1215,0.69,0.32,0.24,1.66,0.47,0.58,0.86,0.02,0.01,0.01,0.04,0.01,0.01,0.02
2026-09-10 00:00:00+00:00,Amarante,1301,0.00,0.00,0.00,0.00,0.00,0.00,0.00,0.00,0.00,0.00,0.00,0.00,0.00,0.00
2026-09-11 00:00:00+00:00,Amarante,1301,0.00,0.00,0.00,0.00,0.00,0.00,0.00,0.00,0.00,0.00,0.00,0.00,0.00,0.00
2026-09-12 00:00:00+00:00,Amarante,1301,0.00,0.00,0.00,0.00,0.00,0.00,0.00,0.00,0.00,0.00,0.00,0.00,0.00,0.00
2026-09-13 00:00:00+00:00,Amarante,1301,0.00,0.00,0.00,0.00,0.00,0.00,0.00,0.00,0.00,0.00,0.00,0.00,0.00,0.00
2026-09-14 00:00:00+00:00,Amarante,1301,0.00,0.00,0.00,0.00,0.00,0.00,0.00,0.00,0.00,0.00,0.00,0.00,0.00,0.00
2026-09-15 00:00:00+00:00,Amarante,1301,0.00,0.00,0.00,0.00,0.00,0.00,0.00,0.00,0.00,0.00,0.00,0.00,0.00,0.00
2026-09-16 00:00:00+00:00,Amarante,1301,0.01,0.05,0.00,0.26,0.00,0.00,0.00,0.00,0.00,0.00,0.00,0.00,0.00,0.00
2026-09-17 00:00:00+00:00,Amarante,1301,0.00,0.00,0.00,0.00,0.00,0.00,0.00,0.00,0.00,0.00,0.00,0.00,0.00,0.00
2026-09-18 00:00:00+00:00,Amarante,1301,0.00,0.00,0.00,0.00,0.00,0.00,0.00,0.00,0.00,0.00,0.00,0.00,0.00,0.00
2026-09-19 00:00:00+00:00,Amarante,1301,0.00,0.00,0.00,0.00,0.00,0.00,0.00,0.00,0.00,0.00,0.00,0.00,0.00,0.00
2026-09-20 00:00:00+00:00,Amarante,1301,0.00,0.00,0.00,0.00,0.00,0.00,0.00,0.00,0.00,0.00,0.00,0.00,0.00,0.00
2026-09-21 00:00:00+00:00,Amarante,1301,0.00,0.00,0.00,0.00,0.00,0.00,0.00,0.00,0.00,0.00,0.00,0.00,0.00,0.00
2026-09-22 00:00:00+00:00,Amarante,1301,0.00,0.00,0.00,0.00,0.00,0.00,0.00,0.00,0.00,0.00,0.00,0.00,0.00,0.00
2026-09-23 00:00:00+00:00,Amarante,1301,0.00,0.00,0.00,0.00,0.00,0.00,0.00,0.00,0.00,0.00,0.00,0.00,0.00,0.00
2026-09-24 00:00:00+00:00,Amarante,1301,0.00,0.00,0.00,0.00,0.00,0.00,0.00,0.00,0.00,0.00,0.00,0.00,0.00,0.00
2026-09-25 00:00:00+00:00,Amarante,1301,0.00,0.01,0.00,0.04,0.00,0.00,0.00,0.00,0.00,0.00,0.00,0.00,0.00,0.00
2026-09-26 00:00:00+00:00,Amarante,1301,0.00,0.00,0.00,0.00,0.00,0.00,0.00,0.00,0.00,0.00,0.00,0.00,0.00,0.00
2026-09-27 00:00:00+00:00,Amarante,1301,0.01,0.03,0.00,0.22,0.00,0.00,0.00,0.00,0.00,0.00,0.01,0.00,0.00,0.00
2026-09-28 00:00:00+00:00,Amarante,1301,1.39,0.56,0.34,2.41,0.79,1.54,1.88,0.11,0.05,0.03,0.20,0.06,0.11,0.16
2026-09-29 00:00:00+00:00,Amarante,1301,26.46,2.56,19.57,30.10,25.06,27.35,28.41,14.53,1.52,10.88,17.68,13.50,14.71,15.66
2026-09-10 00:00:00+00:00,Baião,1302,0.00,0.00,0.00,0.00,0.00,0.00,0.00,0.00,0.00,0.00,0.00,0.00,0.00,0.00
2026-09-11 00:00:00+00:00,Baião,1302,0.00,0.00,0.00,0.00,0.00,0.00,0.00,0.00,0.00,0.00,0.00,0.00,0.00,0.00
2026-09-12 00:00:00+00:00,Baião,1302,0.00,0.00,0.00,0.00,0.00,0.00,0.00,0.00,0.00,0.00,0.00,0.00,0.00,0.00
2026-09-13 00:00:00+00:00,Baião,1302,0.00,0.00,0.00,0.00,0.00,0.00,0.00,0.00,0.00,0.00,0.00,0.00,0.00,0.00
2026-09-14 00:00:00+00:00,Baião,1302,0.00,0.00,0.00,0.00,0.00,0.00,0.00,0.00,0.00,0.00,0.00,0.00,0.00,0.00
2026-09-15 00:00:00+00:00,Baião,1302,0.00,0.00,0.00,0.00,0.00,0.00,0.00,0.00,0.00,0.00,0.00,0.00,0.00,0.00
2026-09-16 00:00:00+00:00,Baião,1302,0.30,0.10,0.00,0.50,0.25,0.30,0.36,0.00,0.00,0.00,0.00,0.00,0.00,0.00
2026-09-17 00:00:00+00:00,Baião,1302,0.00,0.00,0.00,0.00,0.00,0.00,0.00,0.00,0.00,0.00,0.00,0.00,0.00,0.00
2026-09-18 00:00:00+00:00,Baião,1302,0.00,0.00,0.00,0.00,0.00,0.00,0.00,0.00,0.00,0.00,0.00,0.00,0.00,0.00
2026-09-19 00:00:00+00:00,Baião,1302,0.00,0.00,0.00,0.00,0.00,0.00,0.00,0.00,0.00,0.00,0.00,0.00,0.00,0.00
2026-09-20 00:00:00+00:00,Baião,1302,0.00,0.00,0.00,0.00,0.00,0.00,0.00,0.00,0.00,0.00,0.00,0.00,0.00,0.00
2026-09-21 00:00:00+00:00,Baião,1302,0.00,0.00,0.00,0.00,0.00,0.00,0.00,0.00,0.00,0.00,0.00,0.00,0.00,0.00
2026-09-22 00:00:00+00:00,Baião,1302,0.00,0.00,0.00,0.00,0.00,0.00,0.00,0.00,0.00,0.00,0.00,0.00,0.00,0.00
2026-09-23 00:00:00+00:00,Baião,1302,0.00,0.00,0.00,0.00,0.00,0.00,0.00,0.00,0.00,0.00,0.00,0.00,0.00,0.00
2026-09-24 00:00:00+00:00,Baião,1302,0.00,0.00,0.00,0.00,0.00,0.00,0.00,0.00,0.00,0.00,0.00,0.00,0.00,0.00
2026-09-25 00:00:00+00:00,Baião,1302,0.00,0.01,0.00,0.10,0.00,0.00,0.00,0.00,0.00,0.00,0.00,0.00,0.00,0.00
2026-09-26 00:00:00+00:00,Baião,1302,0.00,0.00,0.00,0.00,0.00,0.00,0.00,0.00,0.00,0.00,0.00,0.00,0.00,0.00
2026-09-27 00:00:00+00:00,Baião,1302,0.00,0.00,0.00,0.00,0.00,0.00,0.00,0.00,0.00,0.00,0.00,0.00,0.00,0.00
2026-09-28 00:00:00+00:00,Baião,1302,1.32,0.53,0.30,2.32,0.90,1.28,1.81,0.05,0.02,0.01,0.09,0.04,0.06,0.07
2026-09-29 00:00:00+00:00,Baião,1302,22.73,3.38,17.85,30.39,19.57,22.91,25.22,11.12,1.58,8.34,14.91,9.72,11.14,12.30
2026-09-10 00:00:00+00:00,Felgueiras,1303,0.00,0.00,0.00,0.00,0.00,0.00,0.00,0.00,0.00,0.00,0.00,0.00,0.00,0.00
2026-09-11 00:00:00+00:00,Felgueiras,1303,0.00,0.00,0.00,0.00,0.00,0.00,0.00,0.00,0.00,0.00,0.00,0.00,0.00,0.00
2026-09-12 00:00:00+00:00,Felgueiras,1303,0.00,0.00,0.00,0.00,0.00,0.00,0.00,0.00,0.00,0.00,0.00,0.00,0.00,0.00
2026-09-13 00:00:00+00:00,Felgueiras,1303,0.00,0.00,0.00,0.00,0.00,0.00,0.00,0.00,0.00,0.00,0.00,0.00,0.00,0.00
2026-09-14 00:00:00+00:00,Felgueiras,1303,0.00,0.00,0.00,0.00,0.00,0.00,0.00,0.00,0.00,0.00,0.00,0.00,0.00,0.00
2026-09-15 00:00:00+00:00,Felgueiras,1303,0.00,0.00,0.00,0.00,0.00,0.00,0.00,0.00,0.00,0.00,0.00,0.00,0.00,0.00
2026-09-16 00:00:00+00:00,Felgueiras,1303,0.00,0.00,0.00,0.00,0.00,0.00,0.00,0.00,0.00,0.00,0.00,0.00,0.00,0.00
2026-09-17 00:00:00+00:00,Felgueiras,1303,0.00,0.00,0.00,0.00,0.00,0.00,0.00,0.00,0.00,0.00,0.00,0.00,0.00,0.00
2026-09-18 00:00:00+00:00,Felgueiras,1303,0.00,0.00,0.00,0.00,0.00,0.00,0.00,0.00,0.00,0.00,0.00,0.00,0.00,0.00
2026-09-19 00:00:00+00:00,Felgueiras,1303,0.00,0.00,0.00,0.00,0.00,0.00,0.00,0.00,0.00,0.00,0.00,0.00,0.00,0.00
2026-09-20 00:00:00+00:00,Felgueiras,1303,0.00,0.00,0.00,0.00,0.00,0.00,0.00,0.00,0.00,0.00,0.00,0.00,0.00,0.00
2026-09-21 00:00:00+00:00,Felgueiras,1303,0.00,0.00,0.00,0.00,0.00,0.00,0.00,0.00,0.00,0.00,0.00,0.00,0.00,0.00
2026-09-22 00:00:00+00:00,Felgueiras,1303,0.00,0.00,0.00,0.00,0.00,0.00,0.00,0.00,0.00,0.00,0.00,0.00,0.00,0.00
2026-09-23 00:00:00+00:00,Felgueiras,1303,0.00,0.00,0.00,0.00,0.00,0.00,0.00,0.00,0.00,0.00,0.00,0.00,0.00,0.00
2026-09-24 00:00:00+00:00,Felgueiras,1303,0.00,0.00,0.00,0.00,0.00,0.00,0.00,0.00,0.00,0.00,0.00,0.00,0.00,0.00
2026-09-25 00:00:00+00:00,Felgueiras,1303,0.05,0.03,0.00,0.09,0.04,0.05,0.07,0.00,0.00,0.00,0.00,0.00,0.00,0.00
2026-09-26 00:00:00+00:00,Felgueiras,1303,0.00,0.00,0.00,0.00,0.00,0.00,0.00,0.00,0.00,0.00,0.00,0.00,0.00,0.00
2026-09-27 00:00:00+00:00,Felgueiras,1303,0.24,0.13,0.00,0.45,0.18,0.27,0.34,0.01,0.00,0.00,0.01,0.01,0.01,0.01
2026-09-28 00:00:00+00:00,Felgueiras,1303,2.33,0.68,0.94,4.11,1.84,2.28,2.79,0.23,0.07,0.09,0.41,0.18,0.22,0.27
2026-09-29 00:00:00+00:00,Felgueiras,1303,28.42,3.31,19.63,36.07,26.36,28.99,30.55,17.07,3.26,9.06,25.20,14.76,17.29,19.20
2026-09-10 00:00:00+00:00,Gondomar,1304,0.00,0.00,0.00,0.00,0.00,0.00,0.00,0.00,0.00,0.00,0.00,0.00,0.00,0.00
2026-09-11 00:00:00+00:00,Gondomar,1304,0.00,0.00,0.00,0.00,0.00,0.00,0.00,0.00,0.00,0.00,0.00,0.00,0.00,0.00
2026-09-12 00:00:00+00:00,Gondomar,1304,0.00,0.00,0.00,0.00,0.00,0.00,0.00,0.00,0.00,0.00,0.00,0.00,0.00,0.00
2026-09-13 00:00:00+00:00,Gondomar,1304,0.00,0.00,0.00,0.00,0.00,0.00,0.00,0.00,0.00,0.00,0.00,0.00,0.00,0.00
2026-09-14 00:00:00+00:00,Gondomar,1304,0.00,0.00,0.00,0.00,0.00,0.00,0.00,0.00,0.00,0.00,0.00,0.00,0.00,0.00
2026-09-15 00:00:00+00:00,Gondomar,1304,0.00,0.00,0.00,0.00,0.00,0.00,0.00,0.00,0.00,0.00,0.00,0.00,0.00,0.00
2026-09-16 00:00:00+00:00,Gondomar,1304,0.04,0.05,0.00,0.13,0.00,0.00,0.09,0.00,0.00,0.00,0.00,0.00,0.00,0.00
2026-09-17 00:00:00+00:00,Gondomar,1304,0.00,0.00,0.00,0.00,0.00,0.00,0.00,0.00,0.00,0.00,0.00,0.00,0.00,0.00
2026-09-18 00:00:00+00:00,Gondomar,1304,0.00,0.00,0.00,0.00,0.00,0.00,0.00,0.00,0.00,0.00,0.00,0.00,0.00,0.00
2026-09-19 00:00:00+00:00,Gondomar,1304,0.00,0.00,0.00,0.00,0.00,0.00,0.00,0.00,0.00,0.00,0.00,0.00,0.00,0.00
2026-09-20 00:00:00+00:00,Gondomar,1304,0.00,0.00,0.00,0.00,0.00,0.00,0.00,0.00,0.00,0.00,0.00,0.00,0.00,0.00
2026-09-21 00:00:00+00:00,Gondomar,1304,0.00,0.00,0.00,0.00,0.00,0.00,0.00,0.00,0.00,0.00,0.00,0.00,0.00,0.00
2026-09-22 00:00:00+00:00,Gondomar,1304,0.00,0.00,0.00,0.00,0.00,0.00,0.00,0.00,0.00,0.00,0.00,0.00,0.00,0.00
2026-09-23 00:00:00+00:00,Gondomar,1304,0.00,0.00,0.00,0.00,0.00,0.00,0.00,0.00,0.00,0.00,0.00,0.00,0.00,0.00
2026-09-24 00:00:00+00:00,Gondomar,1304,0.00,0.00,0.00,0.00,0.00,0.00,0.00,0.00,0.00,0.00,0.00,0.00,0.00,0.00
2026-09-25 00:00:00+00:00,Gondomar,1304,0.02,0.01,0.00,0.03,0.00,0.02,0.03,0.00,0.00,0.00,0.00,0.00,0.00,0.00
2026-09-26 00:00:00+00:00,Gondomar,1304,0.00,0.00,0.00,0.00,0.00,0.00,0.00,0.00,0.00,0.00,0.00,0.00,0.00,0.00
2026-09-27 00:00:00+00:00,Gondomar,1304,0.09,0.06,0.00,0.17,0.00,0.10,0.15,0.00,0.00,0.00,0.01,0.00,0.00,0.00
2026-09-28 00:00:00+00:00,Gondomar,1304,0.93,0.29,0.38,1.51,0.64,1.02,1.16,0.07,0.02,0.03,0.11,0.05,0.07,0.08
2026-09-29 00:00:00+00:00,Gondomar,1304,22.46,3.63,13.05,28.36,19.75,22.77,25.69,10.26,2.28,4.38,13.78,8.59,10.50,12.36
2026-09-10 00:00:00+00:00,Lousada,1305,0.00,0.00,0.00,0.00,0.00,0.00,0.00,0.00,0.00,0.00,0.00,0.00,0.00,0.00
2026-09-11 00:00:00+00:00,Lousada,1305,0.00,0.00,0.00,0.00,0.00,0.00,0.00,0.00,0.00,0.00,0.00,0.00,0.00,0.00
2026-09-12 00:00:00+00:00,Lousada,1305,0.00,0.00,0.00,0.00,0.00,0.00,0.00,0.00,0.00,0.00,0.00,0.00,0.00,0.00
2026-09-13 00:00:00+00:00,Lousada,1305,0.00,0.00,0.00,0.00,0.00,0.00,0.00,0.00,0.00,0.00,0.00,0.00,0.00,0.00
2026-09-14 00:00:00+00:00,Lousada,1305,0.00,0.00,0.00,0.00,0.00,0.00,0.00,0.00,0.00,0.00,0.00,0.00,0.00,0.00
2026-09-15 00:00:00+00:00,Lousada,1305,0.00,0.00,0.00,0.00,0.00,0.00,0.00,0.00,0.00,0.00,0.00,0.00,0.00,0.00
2026-09-16 00:00:00+00:00,Lousada,1305,0.00,0.00,0.00,0.00,0.00,0.00,0.00,0.00,0.00,0.00,0.00,0.00,0.00,0.00
2026-09-17 00:00:00+00:00,Lousada,1305,0.00,0.00,0.00,0.00,0.00,0.00,0.00,0.00,0.00,0.00,0.00,0.00,0.00,0.00
2026-09-18 00:00:00+00:00,Lousada,1305,0.00,0.00,0.00,0.00,0.00,0.00,0.00,0.00,0.00,0.00,0.00,0.00,0.00,0.00
2026-09-19 00:00:00+00:00,Lousada,1305,0.00,0.00,0.00,0.00,0.00,0.00,0.00,0.00,0.00,0.00,0.00,0.00,0.00,0.00
2026-09-20 00:00:00+00:00,Lousada,1305,0.00,0.00,0.00,0.00,0.00,0.00,0.00,0.00,0.00,0.00,0.00,0.00,0.00,0.00
2026-09-21 00:00:00+00:00,Lousada,1305,0.00,0.00,0.00,0.00,0.00,0.00,0.00,0.00,0.00,0.00,0.00,0.00,0.00,0.00
2026-09-22 00:00:00+00:00,Lousada,1305,0.00,0.00,0.00,0.00,0.00,0.00,0.00,0.00,0.00,0.00,0.00,0.00,0.00,0.00
2026-09-23 00:00:00+00:00,Lousada,1305,0.00,0.00,0.00,0.00,0.00,0.00,0.00,0.00,0.00,0.00,0.00,0.00,0.00,0.00
2026-09-24 00:00:00+00:00,Lousada,1305,0.00,0.00,0.00,0.00,0.00,0.00,0.00,0.00,0.00,0.00,0.00,0.00,0.00,0.00
2026-09-25 00:00:00+00:00,Lousada,1305,0.02,0.01,0.00,0.04,0.01,0.02,0.02,0.00,0.00,0.00,0.00,0.00,0.00,0.00
2026-09-26 00:00:00+00:00,Lousada,1305,0.00,0.00,0.00,0.00,0.00,0.00,0.00,0.00,0.00,0.00,0.00,0.00,0.00,0.00
2026-09-27 00:00:00+00:00,Lousada,1305,0.08,0.05,0.00,0.19,0.04,0.08,0.12,0.00,0.00,0.00,0.01,0.00,0.00,0.00
2026-09-28 00:00:00+00:00,Lousada,1305,0.58,0.32,0.06,1.37,0.32,0.53,0.81,0.06,0.03,0.01,0.14,0.03,0.05,0.08
2026-09-29 00:00:00+00:00,Lousada,1305,19.60,3.82,12.73,27.11,16.58,19.28,22.43,8.41,2.87,3.07,13.44,6.23,8.41,10.71
2026-09-10 00:00:00+00:00,Marco de Canaveses,1307,0.00,0.00,0.00,0.00,0.00,0.00,0.00,0.00,0.00,0.00,0.00,0.00,0.00,0.00
2026-09-11 00:00:00+00:00,Marco de Canaveses,1307,0.00,0.00,0.00,0.00,0.00,0.00,0.00,0.00,0.00,0.00,0.00,0.00,0.00,0.00
2026-09-12 00:00:00+00:00,Marco de Canaveses,1307,0.00,0.00,0.00,0.00,0.00,0.00,0.00,0.00,0.00,0.00,0.00,0.00,0.00,0.00
2026-09-13 00:00:00+00:00,Marco de Canaveses,1307,0.00,0.00,0.00,0.00,0.00,0.00,0.00,0.00,0.00,0.00,0.00,0.00,0.00,0.00
2026-09-14 00:00:00+00:00,Marco de Canaveses,1307,0.00,0.00,0.00,0.00,0.00,0.00,0.00,0.00,0.00,0.00,0.00,0.00,0.00,0.00
2026-09-15 00:00:00+00:00,Marco de Canaveses,1307,0.00,0.00,0.00,0.00,0.00,0.00,0.00,0.00,0.00,0.00,0.00,0.00,0.00,0.00
2026-09-16 00:00:00+00:00,Marco de Canaveses,1307,0.04,0.05,0.00,0.21,0.00,0.01,0.06,0.00,0.00,0.00,0.00,0.00,0.00,0.00
2026-09-17 00:00:00+00:00,Marco de Canaveses,1307,0.00,0.00,0.00,0.00,0.00,0.00,0.00,0.00,0.00,0.00,0.00,0.00,0.00,0.00
2026-09-18 00:00:00+00:00,Marco de Canaveses,1307,0.00,0.00,0.00,0.00,0.00,0.00,0.00,0.00,0.00,0.00,0.00,0.00,0.00,0.00
2026-09-19 00:00:00+00:00,Marco de Canaveses,1307,0.00,0.00,0.00,0.00,0.00,0.00,0.00,0.00,0.00,0.00,0.00,0.00,0.00,0.00
2026-09-20 00:00:00+00:00,Marco de Canaveses,1307,0.00,0.00,0.00,0.00,0.00,0.00,0.00,0.00,0.00,0.00,0.00,0.00,0.00,0.00
2026-09-21 00:00:00+00:00,Marco de Canaveses,1307,0.00,0.00,0.00,0.00,0.00,0.00,0.00,0.00,0.00,0.00,0.00,0.00,0.00,0.00
2026-09-22 00:00:00+00:00,Marco de Canaveses,1307,0.00,0.00,0.00,0.00,0.00,0.00,0.00,0.00,0.00,0.00,0.00,0.00,0.00,0.00
2026-09-23 00:00:00+00:00,Marco de Canaveses,1307,0.00,0.00,0.00,0.00,0.00,0.00,0.00,0.00,0.00,0.00,0.00,0.00,0.00,0.00
2026-09-24 00:00:00+00:00,Marco de Canaveses,1307,0.00,0.00,0.00,0.00,0.00,0.00,0.00,0.00,0.00,0.00,0.00,0.00,0.00,0.00
2026-09-25 00:00:00+00:00,Marco de Canaveses,1307,0.00,0.01,0.00,0.05,0.00,0.00,0.00,0.00,0.00,0.00,0.00,0.00,0.00,0.00
2026-09-26 00:00:00+00:00,Marco de Canaveses,1307,0.00,0.00,0.00,0.00,0.00,0.00,0.00,0.00,0.00,0.00,0.00,0.00,0.00,0.00
2026-09-27 00:00:00+00:00,Marco de Canaveses,1307,0.00,0.00,0.00,0.00,0.00,0.00,0.00,0.00,0.00,0.00,0.00,0.00,0.00,0.00
2026-09-28 00:00:00+00:00,Marco de Canaveses,1307,0.22,0.18,0.00,0.95,0.08,0.16,0.31,0.02,0.01,0.00,0.09,0.01,0.01,0.02
2026-09-29 00:00:00+00:00,Marco de Canaveses,1307,31.93,1.76,27.20,34.56,30.61,32.16,33.41,15.95,0.91,13.51,17.38,15.25,16.01,16.71
2026-09-10 00:00:00+00:00,Matosinhos,1308,0.00,0.00,0.00,0.00,0.00,0.00,0.00,0.00,0.00,0.00,0.00,0.00,0.00,0.00
2026-09-11 00:00:00+00:00,Matosinhos,1308,0.00,0.00,0.00,0.00,0.00,0.00,0.00,0.00,0.00,0.00,0.00,0.00,0.00,0.00
2026-09-12 00:00:00+00:00,Matosinhos,1308,0.00,0.00,0.00,0.00,0.00,0.00,0.00,0.00,0.00,0.00,0.00,0.00,0.00,0.00
2026-09-13 00:00:00+00:00,Matosinhos,1308,0.00,0.00,0.00,0.00,0.00,0.00,0.00,0.00,0.00,0.00,0.00,0.00,0.00,0.00
2026-09-14 00:00:00+00:00,Matosinhos,1308,0.00,0.00,0.00,0.00,0.00,0.00,0.00,0.00,0.00,0.00,0.00,0.00,0.00,0.00
2026-09-15 00:00:00+00:00,Matosinhos,1308,0.00,0.00,0.00,0.00,0.00,0.00,0.00,0.00,0.00,0.00,0.00,0.00,0.00,0.00
2026-09-16 00:00:00+00:00,Matosinhos,1308,0.00,0.00,0.00,0.00,0.00,0.00,0.00,0.00,0.00,0.00,0.00,0.00,0.00,0.00
2026-09-17 00:00:00+00:00,Matosinhos,1308,0.00,0.00,0.00,0.00,0.00,0.00,0.00,0.00,0.00,0.00,0.00,0.00,0.00,0.00
2026-09-18 00:00:00+00:00,Matosinhos,1308,0.00,0.00,0.00,0.00,0.00,0.00,0.00,0.00,0.00,0.00,0.00,0.00,0.00,0.00
2026-09-19 00:00:00+00:00,Matosinhos,1308,0.00,0.00,0.00,0.00,0.00,0.00,0.00,0.00,0.00,0.00,0.00,0.00,0.00,0.00
2026-09-20 00:00:00+00:00,Matosinhos,1308,0.00,0.00,0.00,0.00,0.00,0.00,0.00,0.00,0.00,0.00,0.00,0.00,0.00,0.00
2026-09-21 00:00:00+00:00,Matosinhos,1308,0.00,0.00,0.00,0.00,0.00,0.00,0.00,0.00,0.00,0.00,0.00,0.00,0.00,0.00
2026-09-22 00:00:00+00:00,Matosinhos,1308,0.00,0.00,0.00,0.00,0.00,0.00,0.00,0.00,0.00,0.00,0.00,0.00,0.00,0.00
2026-09-23 00:00:00+00:00,Matosinhos,1308,0.00,0.00,0.00,0.00,0.00,0.00,0.00,0.00,0.00,0.00,0.00,0.00,0.00,0.00
2026-09-24 00:00:00+00:00,Matosinhos,1308,0.00,0.00,0.00,0.00,0.00,0.00,0.00,0.00,0.00,0.00,0.00,0.00,0.00,0.00
2026-09-25 00:00:00+00:00,Matosinhos,1308,0.00,0.00,0.00,0.01,0.00,0.00,0.00,0.00,0.00,0.00,0.00,0.00,0.00,0.00
2026-09-26 00:00:00+00:00,Matosinhos,1308,0.00,0.00,0.00,0.00,0.00,0.00,0.00,0.00,0.00,0.00,0.00,0.00,0.00,0.00
2026-09-27 00:00:00+00:00,Matosinhos,1308,0.01,0.01,0.00,0.05,0.00,0.00,0.01,0.00,0.00,0.00,0.00,0.00,0.00,0.00
2026-09-28 00:00:00+00:00,Matosinhos,1308,3.26,2.24,0.00,6.00,0.84,3.34,5.52,0.22,0.15,0.00,0.40,0.06,0.22,0.37
2026-09-29 00:00:00+00:00,Matosinhos,1308,32.19,18.00,6.00,54.00,12.83,32.79,50.58,15.55,10.54,0.20,28.30,4.22,15.90,26.36
2026-09-10 00:00:00+00:00,Paços de Ferreira,1309,0.00,0.00,0.00,0.00,0.00,0.00,0.00,0.00,0.00,0.00,0.00,0.00,0.00,0.00
2026-09-11 00:00:00+00:00,Paços de Ferreira,1309,0.00,0.00,0.00,0.00,0.00,0.00,0.00,0.00,0.00,0.00,0.00,0.00,0.00,0.00
2026-09-12 00:00:00+00:00,Paços de Ferreira,1309,0.00,0.00,0.00,0.00,0.00,0.00,0.00,0.00,0.00,0.00,0.00,0.00,0.00,0.00
2026-09-13 00:00:00+00:00,Paços de Ferreira,1309,0.00,0.00,0.00,0.00,0.00,0.00,0.00,0.00,0.00,0.00,0.00,0.00,0.00,0.00
2026-09-14 00:00:00+00:00,Paços de Ferreira,1309,0.00,0.00,0.00,0.00,0.00,0.00,0.00,0.00,0.00,0.00,0.00,0.00,0.00,0.00
2026-09-15 00:00:00+00:00,Paços de Ferreira,1309,0.00,0.00,0.00,0.00,0.00,0.00,0.00,0.00,0.00,0.00,0.00,0.00,0.00,0.00
2026-09-16 00:00:00+00:00,Paços de Ferreira,1309,0.00,0.00,0.00,0.00,0.00,0.00,0.00,0.00,0.00,0.00,0.00,0.00,0.00,0.00
2026-09-17 00:00:00+00:00,Paços de Ferreira,1309,0.00,0.00,0.00,0.00,0.00,0.00,0.00,0.00,0.00,0.00,0.00,0.00,0.00,0.00
2026-09-18 00:00:00+00:00,Paços de Ferreira,1309,0.00,0.00,0.00,0.00,0.00,0.00,0.00,0.00,0.00,0.00,0.00,0.00,0.00,0.00
2026-09-19 00:00:00+00:00,Paços de Ferreira,1309,0.00,0.00,0.00,0.00,0.00,0.00,0.00,0.00,0.00,0.00,0.00,0.00,0.00,0.00
2026-09-20 00:00:00+00:00,Paços de Ferreira,1309,0.00,0.00,0.00,0.00,0.00,0.00,0.00,0.00,0.00,0.00,0.00,0.00,0.00,0.00
2026-09-21 00:00:00+00:00,Paços de Ferreira,1309,0.00,0.00,0.00,0.00,0.00,0.00,0.00,0.00,0.00,0.00,0.00,0.00,0.00,0.00
2026-09-22 00:00:00+00:00,Paços de Ferreira,1309,0.00,0.00,0.00,0.00,0.00,0.00,0.00,0.00,0.00,0.00,0.00,0.00,0.00,0.00
2026-09-23 00:00:00+00:00,Paços de Ferreira,1309,0.00,0.00,0.00,0.00,0.00,0.00,0.00,0.00,0.00,0.00,0.00,0.00,0.00,0.00
2026-09-24 00:00:00+00:00,Paços de Ferreira,1309,0.00,0.00,0.00,0.00,0.00,0.00,0.00,0.00,0.00,0.00,0.00,0.00,0.00,0.00
2026-09-25 00:00:00+00:00,Paços de Ferreira,1309,0.00,0.00,0.00,0.01,0.00,0.00,0.00,0.00,0.00,0.00,0.00,0.00,0.00,0.00
2026-09-26 00:00:00+00:00,Paços de Ferreira,1309,0.00,0.00,0.00,0.00,0.00,0.00,0.00,0.00,0.00,0.00,0.00,0.00,0.00,0.00
2026-09-27 00:00:00+00:00,Paços de Ferreira,1309,0.02,0.02,0.00,0.07,0.00,0.01,0.02,0.00,0.00,0.00,0.00,0.00,0.00,0.00
2026-09-28 00:00:00+00:00,Paços de Ferreira,1309,0.10,0.11,0.00,0.44,0.02,0.05,0.13,0.01,0.01,0.00,0.05,0.00,0.01,0.01
2026-09-29 00:00:00+00:00,Paços de Ferreira,1309,12.86,0.91,12.00,15.45,12.15,12.47,13.13,3.21,0.77,2.50,5.51,2.62,2.87,3.42
2026-09-10 00:00:00+00:00,Paredes,1310,0.00,0.00,0.00,0.00,0.00,0.00,0.00,0.00,0.00,0.00,0.00,0.00,0.00,0.00
2026-09-11 00:00:00+00:00,Paredes,1310,0.00,0.00,0.00,0.00,0.00,0.00,0.00,0.00,0.00,0.00,0.00,0.00,0.00,0.00
2026-09-12 00:00:00+00:00,Paredes,1310,0.00,0.00,0.00,0.00,0.00,0.00,0.00,0.00,0.00,0.00,0.00,0.00,0.00,0.00
2026-09-13 00:00:00+00:00,Paredes,1310,0.00,0.00,0.00,0.00,0.00,0.00,0.00,0.00,0.00,0.00,0.00,0.00,0.00,0.00
2026-09-14 00:00:00+00:00,Paredes,1310,0.00,0.00,0.00,0.00,0.00,0.00,0.00,0.00,0.00,0.00,0.00,0.00,0.00,0.00
2026-09-15 00:00:00+00:00,Paredes,1310,0.00,0.00,0.00,0.00,0.00,0.00,0.00,0.00,0.00,0.00,0.00,0.00,0.00,0.00
2026-09-16 00:00:00+00:00,Paredes,1310,0.01,0.02,0.00,0.08,0.00,0.00,0.00,0.00,0.00,0.00,0.00,0.00,0.00,0.00
2026-09-17 00:00:00+00:00,Paredes,1310,0.00,0.00,0.00,0.00,0.00,0.00,0.00,0.00,0.00,0.00,0.00,0.00,0.00,0.00
2026-09-18 00:00:00+00:00,Paredes,1310,0.00,0.00,0.00,0.00,0.00,0.00,0.00,0.00,0.00,0.00,0.00,0.00,0.00,0.00
2026-09-19 00:00:00+00:00,Paredes,1310,0.00,0.00,0.00,0.00,0.00,0.00,0.00,0.00,0.00,0.00,0.00,0.00,0.00,0.00
2026-09-20 00:00:00+00:00,Paredes,1310,0.00,0.00,0.00,0.00,0.00,0.00,0.00,0.00,0.00,0.00,0.00,0.00,0.00,0.00
2026-09-21 00:00:00+00:00,Paredes,1310,0.00,0.00,0.00,0.00,0.00,0.00,0.00,0.00,0.00,0.00,0.00,0.00,0.00,0.00
2026-09-22 00:00:00+00:00,Paredes,1310,0.00,0.00,0.00,0.00,0.00,0.00,0.00,0.00,0.00,0.00,0.00,0.00,0.00,0.00
2026-09-23 00:00:00+00:00,Paredes,1310,0.00,0.00,0.00,0.00,0.00,0.00,0.00,0.00,0.00,0.00,0.00,0.00,0.00,0.00
2026-09-24 00:00:00+00:00,Paredes,1310,0.00,0.00,0.00,0.00,0.00,0.00,0.00,0.00,0.00,0.00,0.00,0.00,0.00,0.00
2026-09-25 00:00:00+00:00,Paredes,1310,0.01,0.01,0.00,0.03,0.01,0.01,0.02,0.00,0.00,0.00,0.00,0.00,0.00,0.00
2026-09-26 00:00:00+00:00,Paredes,1310,0.00,0.00,0.00,0.00,0.00,0.00,0.00,0.00,0.00,0.00,0.00,0.00,0.00,0.00
2026-09-27 00:00:00+00:00,Paredes,1310,0.07,0.04,0.00,0.15,0.03,0.07,0.11,0.00,0.00,0.00,0.00,0.00,0.00,0.00
2026-09-28 00:00:00+00:00,Paredes,1310,0.42,0.25,0.02,0.94,0.21,0.40,0.61,0.03,0.02,0.00,0.07,0.02,0.03,0.05
2026-09-29 00:00:00+00:00,Paredes,1310,20.55,5.05,12.22,29.18,15.68,21.41,25.00,8.53,3.50,2.67,14.26,5.16,9.17,11.61
2026-09-10 00:00:00+00:00,Penafiel,1311,0.00,0.00,0.00,0.00,0.00,0.00,0.00,0.00,0.00,0.00,0.00,0.00,0.00,0.00
2026-09-11 00:00:00+00:00,Penafiel,1311,0.00,0.00,0.00,0.00,0.00,0.00,0.00,0.00,0.00,0.00,0.00,0.00,0.00,0.00
2026-09-12 00:00:00+00:00,Penafiel,1311,0.00,0.00,0.00,0.00,0.00,0.00,0.00,0.00,0.00,0.00,0.00,0.00,0.00,0.00
2026-09-13 00:00:00+00:00,Penafiel,1311,0.00,0.00,0.00,0.00,0.00,0.00,0.00,0.00,0.00,0.00,0.00,0.00,0.00,0.00
2026-09-14 00:00:00+00:00,Penafiel,1311,0.00,0.00,0.00,0.00,0.00,0.00,0.00,0.00,0.00,0.00,0.00,0.00,0.00,0.00
2026-09-15 00:00:00+00:00,Penafiel,1311,0.00,0.00,0.00,0.00,0.00,0.00,0.00,0.00,0.00,0.00,0.00,0.00,0.00,0.00
2026-09-16 00:00:00+00:00,Penafiel,1311,0.01,0.02,0.00,0.10,0.00,0.00,0.01,0.00,0.00,0.00,0.00,0.00,0.00,0.00
2026-09-17 00:00:00+00:00,Penafiel,1311,0.00,0.00,0.00,0.00,0.00,0.00,0.00,0.00,0.00,0.00,0.00,0.00,0.00,0.00
2026-09-18 00:00:00+00:00,Penafiel,1311,0.00,0.00,0.00,0.00,0.00,0.00,0.00,0.00,0.00,0.00,0.00,0.00,0.00,0.00
2026-09-19 00:00:00+00:00,Penafiel,1311,0.00,0.00,0.00,0.00,0.00,0.00,0.00,0.00,0.00,0.00,0.00,0.00,0.00,0.00
2026-09-20 00:00:00+00:00,Penafiel,1311,0.00,0.00,0.00,0.00,0.00,0.00,0.00,0.00,0.00,0.00,0.00,0.00,0.00,0.00
2026-09-21 00:00:00+00:00,Penafiel,1311,0.00,0.00,0.00,0.00,0.00,0.00,0.00,0.00,0.00,0.00,0.00,0.00,0.00,0.00
2026-09-22 00:00:00+00:00,Penafiel,1311,0.00,0.00,0.00,0.00,0.00,0.00,0.00,0.00,0.00,0.00,0.00,0.00,0.00,0.00
2026-09-23 00:00:00+00:00,Penafiel,1311,0.00,0.00,0.00,0.00,0.00,0.00,0.00,0.00,0.00,0.00,0.00,0.00,0.00,0.00
2026-09-24 00:00:00+00:00,Penafiel,1311,0.00,0.00,0.00,0.00,0.00,0.00,0.00,0.00,0.00,0.00,0.00,0.00,0.00,0.00
2026-09-25 00:00:00+00:00,Penafiel,1311,0.00,0.00,0.00,0.02,0.00,0.00,0.00,0.00,0.00,0.00,0.00,0.00,0.00,0.00
2026-09-26 00:00:00+00:00,Penafiel,1311,0.00,0.00,0.00,0.00,0.00,0.00,0.00,0.00,0.00,0.00,0.00,0.00,0.00,0.00
2026-09-27 00:00:00+00:00,Penafiel,1311,0.01,0.02,0.00,0.09,0.00,0.00,0.00,0.00,0.00,0.00,0.00,0.00,0.00,0.00
2026-09-28 00:00:00+00:00,Penafiel,1311,0.16,0.13,0.00,0.54,0.03,0.14,0.26,0.01,0.01,0.00,0.05,0.00,0.01,0.02
2026-09-29 00:00:00+00:00,Penafiel,1311,31.51,2.68,23.03,34.60,29.69,31.80,34.06,15.57,1.62,10.25,17.40,14.54,15.77,17.08
2026-09-10 00:00:00+00:00,Porto,1312,0.00,0.00,0.00,0.00,0.00,0.00,0.00,0.00,0.00,0.00,0.00,0.00,0.00,0.00
2026-09-11 00:00:00+00:00,Porto,1312,0.00,0.00,0.00,0.00,0.00,0.00,0.00,0.00,0.00,0.00,0.00,0.00,0.00,0.00
2026-09-12 00:00:00+00:00,Porto,1312,0.00,0.00,0.00,0.00,0.00,0.00,0.00,0.00,0.00,0.00,0.00,0.00,0.00,0.00
2026-09-13 00:00:00+00:00,Porto,1312,0.00,0.00,0.00,0.00,0.00,0.00,0.00,0.00,0.00,0.00,0.00,0.00,0.00,0.00
2026-09-14 00:00:00+00:00,Porto,1312,0.00,0.00,0.00,0.00,0.00,0.00,0.00,0.00,0.00,0.00,0.00,0.00,0.00,0.00
2026-09-15 00:00:00+00:00,Porto,1312,0.00,0.00,0.00,0.00,0.00,0.00,0.00,0.00,0.00,0.00,0.00,0.00,0.00,0.00
2026-09-16 00:00:00+00:00,Porto,1312,0.00,0.00,0.00,0.00,0.00,0.00,0.00,0.00,0.00,0.00,0.00,0.00,0.00,0.00
2026-09-17 00:00:00+00:00,Porto,1312,0.00,0.00,0.00,0.00,0.00,0.00,0.00,0.00,0.00,0.00,0.00,0.00,0.00,0.00
2026-09-18 00:00:00+00:00,Porto,1312,0.00,0.00,0.00,0.00,0.00,0.00,0.00,0.00,0.00,0.00,0.00,0.00,0.00,0.00
2026-09-19 00:00:00+00:00,Porto,1312,0.00,0.00,0.00,0.00,0.00,0.00,0.00,0.00,0.00,0.00,0.00,0.00,0.00,0.00
2026-09-20 00:00:00+00:00,Porto,1312,0.00,0.00,0.00,0.00,0.00,0.00,0.00,0.00,0.00,0.00,0.00,0.00,0.00,0.00
2026-09-21 00:00:00+00:00,Porto,1312,0.00,0.00,0.00,0.00,0.00,0.00,0.00,0.00,0.00,0.00,0.00,0.00,0.00,0.00
2026-09-22 00:00:00+00:00,Porto,1312,0.00,0.00,0.00,0.00,0.00,0.00,0.00,0.00,0.00,0.00,0.00,0.00,0.00,0.00
2026-09-23 00:00:00+00:00,Porto,1312,0.00,0.00,0.00,0.00,0.00,0.00,0.00,0.00,0.00,0.00,0.00,0.00,0.00,0.00
2026-09-24 00:00:00+00:00,Porto,1312,0.00,0.00,0.00,0.00,0.00,0.00,0.00,0.00,0.00,0.00,0.00,0.00,0.00,0.00
2026-09-25 00:00:00+00:00,Porto,1312,0.00,0.00,0.00,0.01,0.00,0.00,0.00,0.00,0.00,0.00,0.00,0.00,0.00,0.00
2026-09-26 00:00:00+00:00,Porto,1312,0.00,0.00,0.00,0.00,0.00,0.00,0.00,0.00,0.00,0.00,0.00,0.00,0.00,0.00
2026-09-27 00:00:00+00:00,Porto,1312,0.01,0.01,0.00,0.05,0.00,0.01,0.02,0.00,0.00,0.00,0.00,0.00,0.00,0.00
2026-09-28 00:00:00+00:00,Porto,1312,0.45,0.26,0.01,0.99,0.25,0.43,0.64,0.03,0.02,0.00,0.07,0.02,0.03,0.04
2026-09-29 00:00:00+00:00,Porto,1312,9.98,2.38,6.12,14.45,8.06,9.68,11.74,2.56,1.42,0.27,5.25,1.42,2.38,3.62
2026-09-10 00:00:00+00:00,Póvoa de Varzim,1313,0.00,0.00,0.00,0.00,0.00,0.00,0.00,0.00,0.00,0.00,0.00,0.00,0.00,0.00
2026-09-11 00:00:00+00:00,Póvoa de Varzim,1313,0.00,0.00,0.00,0.00,0.00,0.00,0.00,0.00,0.00,0.00,0.00,0.00,0.00,0.00
2026-09-12 00:00:00+00:00,Póvoa de Varzim,1313,0.00,0.00,0.00,0.00,0.00,0.00,0.00,0.00,0.00,0.00,0.00,0.00,0.00,0.00
2026-09-13 00:00:00+00:00,Póvoa de Varzim,1313,0.00,0.00,0.00,0.00,0.00,0.00,0.00,0.00,0.00,0.00,0.00,0.00,0.00,0.00
2026-09-14 00:00:00+00:00,Póvoa de Varzim,1313,0.00,0.00,0.00,0.00,0.00,0.00,0.00,0.00,0.00,0.00,0.00,0.00,0.00,0.00
2026-09-15 00:00:00+00:00,Póvoa de Varzim,1313,0.00,0.00,0.00,0.00,0.00,0.00,0.00,0.00,0.00,0.00,0.00,0.00,0.00,0.00
2026-09-16 00:00:00+00:00,Póvoa de Varzim,1313,0.00,0.00,0.00,0.00,0.00,0.00,0.00,0.00,0.00,0.00,0.00,0.00,0.00,0.00
2026-09-17 00:00:00+00:00,Póvoa de Varzim,1313,0.00,0.00,0.00,0.00,0.00,0.00,0.00,0.00,0.00,0.00,0.00,0.00,0.00,0.00
2026-09-18 00:00:00+00:00,Póvoa de Varzim,1313,0.00,0.00,0.00,0.00,0.00,0.00,0.00,0.00,0.00,0.00,0.00,0.00,0.00,0.00
2026-09-19 00:00:00+00:00,Póvoa de Varzim,1313,0.00,0.00,0.00,0.00,0.00,0.00,0.00,0.00,0.00,0.00,0.00,0.00,0.00,0.00
2026-09-20 00:00:00+00:00,Póvoa de Varzim,1313,0.00,0.00,0.00,0.00,0.00,0.00,0.00,0.00,0.00,0.00,0.00,0.00,0.00,0.00
2026-09-21 00:00:00+00:00,Póvoa de Varzim,1313,0.00,0.00,0.00,0.00,0.00,0.00,0.00,0.00,0.00,0.00,0.00,0.00,0.00,0.00
2026-09-22 00:00:00+00:00,Póvoa de Varzim,1313,0.00,0.00,0.00,0.00,0.00,0.00,0.00,0.00,0.00,0.00,0.00,0.00,0.00,0.00
2026-09-23 00:00:00+00:00,Póvoa de Varzim,1313,0.00,0.00,0.00,0.00,0.00,0.00,0.00,0.00,0.00,0.00,0.00,0.00,0.00,0.00
2026-09-24 00:00:00+00:00,Póvoa de Varzim,1313,0.00,0.00,0.00,0.00,0.00,0.00,0.00,0.00,0.00,0.00,0.00,0.00,0.00,0.00
2026-09-25 00:00:00+00:00,Póvoa de Varzim,1313,1.13,0.51,0.41,2.47,0.73,1.05,1.42,0.02,0.01,0.01,0.04,0.01,0.02,0.02
2026-09-26 00:00:00+00:00,Póvoa de Varzim,1313,0.00,0.00,0.00,0.00,0.00,0.00,0.00,0.00,0.00,0.00,0.00,0.00,0.00,0.00
2026-09-27 00:00:00+00:00,Póvoa de Varzim,1313,5.24,2.46,1.84,11.77,3.33,4.86,6.64,0.16,0.07,0.06,0.35,0.10,0.15,0.20
2026-09-28 00:00:00+00:00,Póvoa de Varzim,1313,1.86,0.82,0.33,3.26,1.21,1.88,2.46,0.17,0.07,0.03,0.32,0.11,0.17,0.21
2026-09-29 00:00:00+00:00,Póvoa de Varzim,1313,69.26,9.31,50.85,85.71,62.28,69.64,76.71,45.54,7.19,32.59,58.78,40.14,45.85,51.23
2026-09-10 00:00:00+00:00,Valongo,1315,0.00,0.00,0.00,0.00,0.00,0.00,0.00,0.00,0.00,0.00,0.00,0.00,0.00,0.00
2026-09-11 00:00:00+00:00,Valongo,1315,0.00,0.00,0.00,0.00,0.00,0.00,0.00,0.00,0.00,0.00,0.00,0.00,0.00,0.00
2026-09-12 00:00:00+00:00,Valongo,1315,0.00,0.00,0.00,0.00,0.00,0.00,0.00,0.00,0.00,0.00,0.00,0.00,0.00,0.00
2026-09-13 00:00:00+00:00,Valongo,1315,0.00,0.00,0.00,0.00,0.00,0.00,0.00,0.00,0.00,0.00,0.00,0.00,0.00,0.00
2026-09-14 00:00:00+00:00,Valongo,1315,0.00,0.00,0.00,0.00,0.00,0.00,0.00,0.00,0.00,0.00,0.00,0.00,0.00,0.00
2026-09-15 00:00:00+00:00,Valongo,1315,0.00,0.00,0.00,0.00,0.00,0.00,0.00,0.00,0.00,0.00,0.00,0.00,0.00,0.00
2026-09-16 00:00:00+00:00,Valongo,1315,0.00,0.00,0.00,0.00,0.00,0.00,0.00,0.00,0.00,0.00,0.00,0.00,0.00,0.00
2026-09-17 00:00:00+00:00,Valongo,1315,0.00,0.00,0.00,0.00,0.00,0.00,0.00,0.00,0.00,0.00,0.00,0.00,0.00,0.00
2026-09-18 00:00:00+00:00,Valongo,1315,0.00,0.00,0.00,0.00,0.00,0.00,0.00,0.00,0.00,0.00,0.00,0.00,0.00,0.00
2026-09-19 00:00:00+00:00,Valongo,1315,0.00,0.00,0.00,0.00,0.00,0.00,0.00,0.00,0.00,0.00,0.00,0.00,0.00,0.00
2026-09-20 00:00:00+00:00,Valongo,1315,0.00,0.00,0.00,0.00,0.00,0.00,0.00,0.00,0.00,0.00,0.00,0.00,0.00,0.00
2026-09-21 00:00:00+00:00,Valongo,1315,0.00,0.00,0.00,0.00,0.00,0.00,0.00,0.00,0.00,0.00,0.00,0.00,0.00,0.00
2026-09-22 00:00:00+00:00,Valongo,1315,0.00,0.00,0.00,0.00,0.00,0.00,0.00,0.00,0.00,0.00,0.00,0.00,0.00,0.00
2026-09-23 00:00:00+00:00,Valongo,1315,0.00,0.00,0.00,0.00,0.00,0.00,0.00,0.00,0.00,0.00,0.00,0.00,0.00,0.00
2026-09-24 00:00:00+00:00,Valongo,1315,0.00,0.00,0.00,0.00,0.00,0.00,0.00,0.00,0.00,0.00,0.00,0.00,0.00,0.00
2026-09-25 00:00:00+00:00,Valongo,1315,0.02,0.00,0.01,0.04,0.02,0.02,0.03,0.00,0.00,0.00,0.00,0.00,0.00,0.00
2026-09-26 00:00:00+00:00,Valongo,1315,0.00,0.00,0.00,0.00,0.00,0.00,0.00,0.00,0.00,0.00,0.00,0.00,0.00,0.00
2026-09-27 00:00:00+00:00,Valongo,1315,0.11,0.02,0.06,0.18,0.10,0.12,0.13,0.00,0.00,0.00,0.01,0.00,0.00,0.00
2026-09-28 00:00:00+00:00,Valongo,1315,1.30,0.42,0.42,2.23,1.01,1.25,1.60,0.10,0.03,0.03,0.15,0.08,0.09,0.12
2026-09-29 00:00:00+00:00,Valongo,1315,21.42,2.06,15.60,25.82,20.68,21.59,22.23,9.33,1.42,5.15,12.24,8.83,9.46,9.97
2026-09-10 00:00:00+00:00,Vila do Conde,1316,0.00,0.00,0.00,0.00,0.00,0.00,0.00,0.00,0.00,0.00,0.00,0.00,0.00,0.00
2026-09-11 00:00:00+00:00,Vila do Conde,1316,0.00,0.00,0.00,0.00,0.00,0.00,0.00,0.00,0.00,0.00,0.00,0.00,0.00,0.00
2026-09-12 00:00:00+00:00,Vila do Conde,1316,0.00,0.00,0.00,0.00,0.00,0.00,0.00,0.00,0.00,0.00,0.00,0.00,0.00,0.00
2026-09-13 00:00:00+00:00,Vila do Conde,1316,0.00,0.00,0.00,0.00,0.00,0.00,0.00,0.00,0.00,0.00,0.00,0.00,0.00,0.00
2026-09-14 00:00:00+00:00,Vila do Conde,1316,0.00,0.00,0.00,0.00,0.00,0.00,0.00,0.00,0.00,0.00,0.00,0.00,0.00,0.00
2026-09-15 00:00:00+00:00,Vila do Conde,1316,0.00,0.00,0.00,0.00,0.00,0.00,0.00,0.00,0.00,0.00,0.00,0.00,0.00,0.00
2026-09-16 00:00:00+00:00,Vila do Conde,1316,0.00,0.00,0.00,0.00,0.00,0.00,0.00,0.00,0.00,0.00,0.00,0.00,0.00,0.00
2026-09-17 00:00:00+00:00,Vila do Conde,1316,0.00,0.00,0.00,0.00,0.00,0.00,0.00,0.00,0.00,0.00,0.00,0.00,0.00,0.00
2026-09-18 00:00:00+00:00,Vila do Conde,1316,0.00,0.00,0.00,0.00,0.00,0.00,0.00,0.00,0.00,0.00,0.00,0.00,0.00,0.00
2026-09-19 00:00:00+00:00,Vila do Conde,1316,0.00,0.00,0.00,0.00,0.00,0.00,0.00,0.00,0.00,0.00,0.00,0.00,0.00,0.00
2026-09-20 00:00:00+00:00,Vila do Conde,1316,0.00,0.00,0.00,0.00,0.00,0.00,0.00,0.00,0.00,0.00,0.00,0.00,0.00,0.00
2026-09-21 00:00:00+00:00,Vila do Conde,1316,0.00,0.00,0.00,0.00,0.00,0.00,0.00,0.00,0.00,0.00,0.00,0.00,0.00,0.00
2026-09-22 00:00:00+00:00,Vila do Conde,1316,0.00,0.00,0.00,0.00,0.00,0.00,0.00,0.00,0.00,0.00,0.00,0.00,0.00,0.00
2026-09-23 00:00:00+00:00,Vila do Conde,1316,0.00,0.00,0.00,0.00,0.00,0.00,0.00,0.00,0.00,0.00,0.00,0.00,0.00,0.00
2026-09-24 00:00:00+00:00,Vila do Conde,1316,0.00,0.00,0.00,0.00,0.00,0.00,0.00,0.00,0.00,0.00,0.00,0.00,0.00,0.00
2026-09-25 00:00:00+00:00,Vila do Conde,1316,0.23,0.22,0.00,0.99,0.05,0.17,0.35,0.00,0.00,0.00,0.02,0.00,0.00,0.01
2026-09-26 00:00:00+00:00,Vila do Conde,1316,0.00,0.00,0.00,0.00,0.00,0.00,0.00,0.00,0.00,0.00,0.00,0.00,0.00,0.00
2026-09-27 00:00:00+00:00,Vila do Conde,1316,1.04,1.01,0.01,4.57,0.22,0.73,1.56,0.03,0.03,0.00,0.14,0.01,0.02,0.05
2026-09-28 00:00:00+00:00,Vila do Conde,1316,3.94,0.85,1.96,5.78,3.32,3.89,4.60,0.29,0.04,0.18,0.39,0.27,0.29,0.32
2026-09-29 00:00:00+00:00,Vila do Conde,1316,49.96,5.21,43.02,68.61,46.63,48.25,51.90,28.59,4.98,22.70,45.00,24.97,26.47,31.10
2026-09-10 00:00:00+00:00,Vila Nova de Gaia,1317,0.01,0.02,0.00,0.07,0.00,0.00,0.03,0.00,0.00,0.00,0.00,0.00,0.00,0.00
2026-09-11 00:00:00+00:00,Vila Nova de Gaia,1317,0.00,0.00,0.00,0.00,0.00,0.00,0.00,0.00,0.00,0.00,0.00,0.00,0.00,0.00
2026-09-12 00:00:00+00:00,Vila Nova de Gaia,1317,0.00,0.00,0.00,0.00,0.00,0.00,0.00,0.00,0.00,0.00,0.00,0.00,0.00,0.00
2026-09-13 00:00:00+00:00,Vila Nova de Gaia,1317,0.00,0.00,0.00,0.00,0.00,0.00,0.00,0.00,0.00,0.00,0.00,0.00,0.00,0.00
2026-09-14 00:00:00+00:00,Vila Nova de Gaia,1317,0.00,0.00,0.00,0.00,0.00,0.00,0.00,0.00,0.00,0.00,0.00,0.00,0.00,0.00
2026-09-15 00:00:00+00:00,Vila Nova de Gaia,1317,0.00,0.00,0.00,0.00,0.00,0.00,0.00,0.00,0.00,0.00,0.00,0.00,0.00,0.00
2026-09-16 00:00:00+00:00,Vila Nova de Gaia,1317,0.03,0.05,0.00,0.15,0.00,0.00,0.07,0.00,0.00,0.00,0.00,0.00,0.00,0.00
2026-09-17 00:00:00+00:00,Vila Nova de Gaia,1317,0.00,0.00,0.00,0.00,0.00,0.00,0.00,0.00,0.00,0.00,0.00,0.00,0.00,0.00
2026-09-18 00:00:00+00:00,Vila Nova de Gaia,1317,0.00,0.00,0.00,0.00,0.00,0.00,0.00,0.00,0.00,0.00,0.00,0.00,0.00,0.00
2026-09-19 00:00:00+00:00,Vila Nova de Gaia,1317,0.00,0.00,0.00,0.00,0.00,0.00,0.00,0.00,0.00,0.00,0.00,0.00,0.00,0.00
2026-09-20 00:00:00+00:00,Vila Nova de Gaia,1317,0.00,0.00,0.00,0.00,0.00,0.00,0.00,0.00,0.00,0.00,0.00,0.00,0.00,0.00
2026-09-21 00:00:00+00:00,Vila Nova de Gaia,1317,0.00,0.00,0.00,0.00,0.00,0.00,0.00,0.00,0.00,0.00,0.00,0.00,0.00,0.00
2026-09-22 00:00:00+00:00,Vila Nova de Gaia,1317,0.00,0.00,0.00,0.00,0.00,0.00,0.00,0.00,0.00,0.00,0.00,0.00,0.00,0.00
2026-09-23 00:00:00+00:00,Vila Nova de Gaia,1317,0.01,0.02,0.00,0.07,0.00,0.00,0.00,0.00,0.00,0.00,0.00,0.00,0.00,0.00
2026-09-24 00:00:00+00:00,Vila Nova de Gaia,1317,0.02,0.02,0.00,0.07,0.00,0.01,0.04,0.00,0.00,0.00,0.00,0.00,0.00,0.00
2026-09-25 00:00:00+00:00,Vila Nova de Gaia,1317,0.04,0.03,0.00,0.11,0.02,0.04,0.05,0.00,0.00,0.00,0.00,0.00,0.00,0.00
2026-09-26 00:00:00+00:00,Vila Nova de Gaia,1317,0.02,0.02,0.00,0.07,0.00,0.01,0.04,0.00,0.00,0.00,0.00,0.00,0.00,0.00
2026-09-27 00:00:00+00:00,Vila Nova de Gaia,1317,0.11,0.07,0.00,0.24,0.04,0.11,0.17,0.00,0.00,0.00,0.01,0.00,0.00,0.01
2026-09-28 00:00:00+00:00,Vila Nova de Gaia,1317,1.17,0.23,0.53,1.62,1.02,1.19,1.31,0.08,0.02,0.04,0.11,0.07,0.08,0.09
2026-09-29 00:00:00+00:00,Vila Nova de Gaia,1317,19.92,3.56,10.59,25.49,17.53,20.89,22.64,8.71,2.26,2.92,12.28,7.16,9.26,10.39
2026-09-10 00:00:00+00:00,Abrantes,1401,0.00,0.01,0.00,0.09,0.00,0.00,0.00,0.00,0.00,0.00,0.00,0.00,0.00,0.00
2026-09-11 00:00:00+00:00,Abrantes,1401,0.00,0.00,0.00,0.00,0.00,0.00,0.00,0.00,0.00,0.00,0.00,0.00,0.00,0.00
2026-09-12 00:00:00+00:00,Abrantes,1401,0.00,0.01,0.00,0.05,0.00,0.00,0.00,0.00,0.00,0.00,0.00,0.00,0.00,0.00
2026-09-13 00:00:00+00:00,Abrantes,1401,0.00,0.00,0.00,0.00,0.00,0.00,0.00,0.00,0.00,0.00,0.00,0.00,0.00,0.00
2026-09-14 00:00:00+00:00,Abrantes,1401,0.00,0.00,0.00,0.00,0.00,0.00,0.00,0.00,0.00,0.00,0.00,0.00,0.00,0.00
2026-09-15 00:00:00+00:00,Abrantes,1401,0.00,0.00,0.00,0.00,0.00,0.00,0.00,0.00,0.00,0.00,0.00,0.00,0.00,0.00
2026-09-16 00:00:00+00:00,Abrantes,1401,0.02,0.04,0.00,0.23,0.00,0.00,0.01,0.00,0.00,0.00,0.01,0.00,0.00,0.00
2026-09-17 00:00:00+00:00,Abrantes,1401,0.00,0.00,0.00,0.00,0.00,0.00,0.00,0.00,0.00,0.00,0.00,0.00,0.00,0.00
2026-09-18 00:00:00+00:00,Abrantes,1401,0.00,0.00,0.00,0.01,0.00,0.00,0.00,0.00,0.00,0.00,0.00,0.00,0.00,0.00
2026-09-19 00:00:00+00:00,Abrantes,1401,0.00,0.00,0.00,0.01,0.00,0.00,0.00,0.00,0.00,0.00,0.00,0.00,0.00,0.00
2026-09-20 00:00:00+00:00,Abrantes,1401,0.00,0.00,0.00,0.00,0.00,0.00,0.00,0.00,0.00,0.00,0.00,0.00,0.00,0.00
2026-09-21 00:00:00+00:00,Abrantes,1401,0.00,0.00,0.00,0.00,0.00,0.00,0.00,0.00,0.00,0.00,0.00,0.00,0.00,0.00
2026-09-22 00:00:00+00:00,Abrantes,1401,0.00,0.00,0.00,0.00,0.00,0.00,0.00,0.00,0.00,0.00,0.00,0.00,0.00,0.00
2026-09-23 00:00:00+00:00,Abrantes,1401,0.00,0.00,0.00,0.01,0.00,0.00,0.00,0.00,0.00,0.00,0.00,0.00,0.00,0.00
2026-09-24 00:00:00+00:00,Abrantes,1401,0.03,0.03,0.00,0.13,0.00,0.02,0.06,0.00,0.00,0.00,0.00,0.00,0.00,0.00
2026-09-25 00:00:00+00:00,Abrantes,1401,0.00,0.01,0.00,0.09,0.00,0.00,0.00,0.00,0.00,0.00,0.00,0.00,0.00,0.00
2026-09-26 00:00:00+00:00,Abrantes,1401,0.00,0.01,0.00,0.06,0.00,0.00,0.00,0.00,0.00,0.00,0.00,0.00,0.00,0.00
2026-09-27 00:00:00+00:00,Abrantes,1401,0.00,0.00,0.00,0.00,0.00,0.00,0.00,0.00,0.00,0.00,0.00,0.00,0.00,0.00
2026-09-28 00:00:00+00:00,Abrantes,1401,0.62,0.60,0.00,2.21,0.16,0.32,1.06,0.04,0.05,0.00,0.19,0.01,0.02,0.07
2026-09-29 00:00:00+00:00,Abrantes,1401,2.00,1.79,0.00,5.98,0.39,1.55,3.12,0.05,0.04,0.00,0.12,0.01,0.04,0.08
2026-09-10 00:00:00+00:00,Alcanena,1402,0.29,0.07,0.14,0.43,0.23,0.28,0.35,0.01,0.00,0.01,0.02,0.01,0.01,0.02
2026-09-11 00:00:00+00:00,Alcanena,1402,0.00,0.00,0.00,0.00,0.00,0.00,0.00,0.00,0.00,0.00,0.00,0.00,0.00,0.00
2026-09-12 00:00:00+00:00,Alcanena,1402,0.38,0.07,0.22,0.51,0.33,0.38,0.44,0.02,0.00,0.01,0.02,0.01,0.02,0.02
2026-09-13 00:00:00+00:00,Alcanena,1402,0.00,0.00,0.00,0.00,0.00,0.00,0.00,0.00,0.00,0.00,0.00,0.00,0.00,0.00
2026-09-14 00:00:00+00:00,Alcanena,1402,0.00,0.00,0.00,0.00,0.00,0.00,0.00,0.00,0.00,0.00,0.00,0.00,0.00,0.00
2026-09-15 00:00:00+00:00,Alcanena,1402,0.00,0.00,0.00,0.00,0.00,0.00,0.00,0.00,0.00,0.00,0.00,0.00,0.00,0.00
2026-09-16 00:00:00+00:00,Alcanena,1402,0.08,0.04,0.00,0.15,0.07,0.09,0.11,0.00,0.00,0.00,0.00,0.00,0.00,0.00
2026-09-17 00:00:00+00:00,Alcanena,1402,0.00,0.00,0.00,0.00,0.00,0.00,0.00,0.00,0.00,0.00,0.00,0.00,0.00,0.00
2026-09-18 00:00:00+00:00,Alcanena,1402,0.29,0.07,0.14,0.42,0.23,0.28,0.35,0.00,0.00,0.00,0.01,0.00,0.00,0.01
2026-09-19 00:00:00+00:00,Alcanena,1402,0.37,0.07,0.22,0.50,0.32,0.38,0.44,0.01,0.00,0.00,0.01,0.00,0.01,0.01
2026-09-20 00:00:00+00:00,Alcanena,1402,0.00,0.00,0.00,0.00,0.00,0.00,0.00,0.00,0.00,0.00,0.00,0.00,0.00,0.00
2026-09-21 00:00:00+00:00,Alcanena,1402,0.00,0.00,0.00,0.00,0.00,0.00,0.00,0.00,0.00,0.00,0.00,0.00,0.00,0.00
2026-09-22 00:00:00+00:00,Alcanena,1402,0.00,0.00,0.00,0.00,0.00,0.00,0.00,0.00,0.00,0.00,0.00,0.00,0.00,0.00
2026-09-23 00:00:00+00:00,Alcanena,1402,0.37,0.07,0.22,0.50,0.32,0.38,0.44,0.01,0.00,0.00,0.01,0.00,0.01,0.01
2026-09-24 00:00:00+00:00,Alcanena,1402,0.99,0.31,0.47,1.77,0.74,0.93,1.23,0.03,0.01,0.01,0.06,0.02,0.03,0.04
2026-09-25 00:00:00+00:00,Alcanena,1402,0.29,0.07,0.14,0.43,0.23,0.28,0.35,0.00,0.00,0.00,0.01,0.00,0.00,0.01
2026-09-26 00:00:00+00:00,Alcanena,1402,0.38,0.08,0.22,0.58,0.33,0.38,0.44,0.01,0.00,0.00,0.01,0.00,0.01,0.01
2026-09-27 00:00:00+00:00,Alcanena,1402,0.00,0.00,0.00,0.00,0.00,0.00,0.00,0.00,0.00,0.00,0.00,0.00,0.00,0.00
2026-09-28 00:00:00+00:00,Alcanena,1402,3.51,0.36,2.82,4.62,3.27,3.42,3.76,0.22,0.04,0.15,0.31,0.19,0.22,0.25
2026-09-29 00:00:00+00:00,Alcanena,1402,8.82,1.17,6.93,12.37,7.98,8.57,9.40,0.33,0.05,0.24,0.48,0.29,0.32,0.37
2026-09-10 00:00:00+00:00,Almeirim,1403,0.19,0.11,0.01,0.34,0.07,0.20,0.30,0.00,0.00,0.00,0.00,0.00,0.00,0.00
2026-09-11 00:00:00+00:00,Almeirim,1403,0.00,0.00,0.00,0.00,0.00,0.00,0.00,0.00,0.00,0.00,0.00,0.00,0.00,0.00
2026-09-12 00:00:00+00:00,Almeirim,1403,0.00,0.00,0.00,0.00,0.00,0.00,0.00,0.00,0.00,0.00,0.00,0.00,0.00,0.00
2026-09-13 00:00:00+00:00,Almeirim,1403,0.00,0.00,0.00,0.00,0.00,0.00,0.00,0.00,0.00,0.00,0.00,0.00,0.00,0.00
2026-09-14 00:00:00+00:00,Almeirim,1403,0.00,0.00,0.00,0.00,0.00,0.00,0.00,0.00,0.00,0.00,0.00,0.00,0.00,0.00
2026-09-15 00:00:00+00:00,Almeirim,1403,0.00,0.00,0.00,0.00,0.00,0.00,0.00,0.00,0.00,0.00,0.00,0.00,0.00,0.00
2026-09-16 00:00:00+00:00,Almeirim,1403,0.00,0.00,0.00,0.00,0.00,0.00,0.00,0.00,0.00,0.00,0.00,0.00,0.00,0.00
2026-09-17 00:00:00+00:00,Almeirim,1403,0.00,0.00,0.00,0.00,0.00,0.00,0.00,0.00,0.00,0.00,0.00,0.00,0.00,0.00
2026-09-18 00:00:00+00:00,Almeirim,1403,0.00,0.00,0.00,0.00,0.00,0.00,0.00,0.00,0.00,0.00,0.00,0.00,0.00,0.00
2026-09-19 00:00:00+00:00,Almeirim,1403,0.00,0.00,0.00,0.00,0.00,0.00,0.00,0.00,0.00,0.00,0.00,0.00,0.00,0.00
2026-09-20 00:00:00+00:00,Almeirim,1403,0.00,0.00,0.00,0.00,0.00,0.00,0.00,0.00,0.00,0.00,0.00,0.00,0.00,0.00
2026-09-21 00:00:00+00:00,Almeirim,1403,0.00,0.00,0.00,0.00,0.00,0.00,0.00,0.00,0.00,0.00,0.00,0.00,0.00,0.00
2026-09-22 00:00:00+00:00,Almeirim,1403,0.00,0.00,0.00,0.00,0.00,0.00,0.00,0.00,0.00,0.00,0.00,0.00,0.00,0.00
2026-09-23 00:00:00+00:00,Almeirim,1403,0.07,0.05,0.00,0.14,0.02,0.07,0.11,0.00,0.00,0.00,0.00,0.00,0.00,0.00
2026-09-24 00:00:00+00:00,Almeirim,1403,0.12,0.06,0.01,0.20,0.06,0.13,0.18,0.00,0.00,0.00,0.01,0.00,0.00,0.00
2026-09-25 00:00:00+00:00,Almeirim,1403,0.11,0.07,0.01,0.20,0.04,0.13,0.18,0.00,0.00,0.00,0.00,0.00,0.00,0.00
2026-09-26 00:00:00+00:00,Almeirim,1403,0.00,0.00,0.00,0.00,0.00,0.00,0.00,0.00,0.00,0.00,0.00,0.00,0.00,0.00
2026-09-27 00:00:00+00:00,Almeirim,1403,0.00,0.00,0.00,0.00,0.00,0.00,0.00,0.00,0.00,0.00,0.00,0.00,0.00,0.00
2026-09-28 00:00:00+00:00,Almeirim,1403,3.97,1.39,1.22,5.87,2.68,4.08,5.36,0.10,0.06,0.00,0.19,0.04,0.10,0.17
2026-09-29 00:00:00+00:00,Almeirim,1403,5.62,0.28,5.02,5.99,5.37,5.65,5.90,0.25,0.03,0.20,0.30,0.22,0.25,0.28
2026-09-10 00:00:00+00:00,Alpiarça,1404,0.14,0.04,0.06,0.23,0.11,0.14,0.17,0.00,0.00,0.00,0.00,0.00,0.00,0.00
2026-09-11 00:00:00+00:00,Alpiarça,1404,0.00,0.00,0.00,0.00,0.00,0.00,0.00,0.00,0.00,0.00,0.00,0.00,0.00,0.00
2026-09-12 00:00:00+00:00,Alpiarça,1404,0.02,0.03,0.00,0.08,0.00,0.00,0.04,0.00,0.00,0.00,0.00,0.00,0.00,0.00
2026-09-13 00:00:00+00:00,Alpiarça,1404,0.00,0.00,0.00,0.00,0.00,0.00,0.00,0.00,0.00,0.00,0.00,0.00,0.00,0.00
2026-09-14 00:00:00+00:00,Alpiarça,1404,0.00,0.00,0.00,0.00,0.00,0.00,0.00,0.00,0.00,0.00,0.00,0.00,0.00,0.00
2026-09-15 00:00:00+00:00,Alpiarça,1404,0.00,0.00,0.00,0.00,0.00,0.00,0.00,0.00,0.00,0.00,0.00,0.00,0.00,0.00
2026-09-16 00:00:00+00:00,Alpiarça,1404,0.00,0.00,0.00,0.00,0.00,0.00,0.00,0.00,0.00,0.00,0.00,0.00,0.00,0.00
2026-09-17 00:00:00+00:00,Alpiarça,1404,0.00,0.00,0.00,0.00,0.00,0.00,0.00,0.00,0.00,0.00,0.00,0.00,0.00,0.00
2026-09-18 00:00:00+00:00,Alpiarça,1404,0.02,0.03,0.00,0.08,0.00,0.00,0.04,0.00,0.00,0.00,0.00,0.00,0.00,0.00
2026-09-19 00:00:00+00:00,Alpiarça,1404,0.02,0.03,0.00,0.08,0.00,0.00,0.04,0.00,0.00,0.00,0.00,0.00,0.00,0.00
2026-09-20 00:00:00+00:00,Alpiarça,1404,0.00,0.00,0.00,0.00,0.00,0.00,0.00,0.00,0.00,0.00,0.00,0.00,0.00,0.00
2026-09-21 00:00:00+00:00,Alpiarça,1404,0.00,0.00,0.00,0.00,0.00,0.00,0.00,0.00,0.00,0.00,0.00,0.00,0.00,0.00
2026-09-22 00:00:00+00:00,Alpiarça,1404,0.00,0.00,0.00,0.00,0.00,0.00,0.00,0.00,0.00,0.00,0.00,0.00,0.00,0.00
2026-09-23 00:00:00+00:00,Alpiarça,1404,0.06,0.02,0.02,0.09,0.04,0.06,0.07,0.00,0.00,0.00,0.00,0.00,0.00,0.00
2026-09-24 00:00:00+00:00,Alpiarça,1404,0.16,0.05,0.07,0.30,0.12,0.15,0.20,0.00,0.00,0.00,0.00,0.00,0.00,0.00
2026-09-25 00:00:00+00:00,Alpiarça,1404,0.10,0.03,0.04,0.18,0.08,0.10,0.13,0.00,0.00,0.00,0.00,0.00,0.00,0.00
2026-09-26 00:00:00+00:00,Alpiarça,1404,0.02,0.03,0.00,0.08,0.00,0.00,0.04,0.00,0.00,0.00,0.00,0.00,0.00,0.00
2026-09-27 00:00:00+00:00,Alpiarça,1404,0.00,0.00,0.00,0.00,0.00,0.00,0.00,0.00,0.00,0.00,0.00,0.00,0.00,0.00
2026-09-28 00:00:00+00:00,Alpiarça,1404,4.36,0.47,3.26,5.30,4.02,4.34,4.71,0.12,0.02,0.07,0.17,0.10,0.12,0.14
2026-09-29 00:00:00+00:00,Alpiarça,1404,5.91,0.21,5.33,6.29,5.80,5.88,6.11,0.24,0.02,0.21,0.28,0.23,0.24,0.25
2026-09-10 00:00:00+00:00,Benavente,1405,3.52,1.48,0.94,6.00,2.26,3.35,4.84,0.06,0.03,0.01,0.10,0.03,0.05,0.08
2026-09-11 00:00:00+00:00,Benavente,1405,0.00,0.00,0.00,0.00,0.00,0.00,0.00,0.00,0.00,0.00,0.00,0.00,0.00,0.00
2026-09-12 00:00:00+00:00,Benavente,1405,0.00,0.00,0.00,0.00,0.00,0.00,0.00,0.00,0.00,0.00,0.00,0.00,0.00,0.00
2026-09-13 00:00:00+00:00,Benavente,1405,0.00,0.00,0.00,0.00,0.00,0.00,0.00,0.00,0.00,0.00,0.00,0.00,0.00,0.00
2026-09-14 00:00:00+00:00,Benavente,1405,0.00,0.00,0.00,0.00,0.00,0.00,0.00,0.00,0.00,0.00,0.00,0.00,0.00,0.00
2026-09-15 00:00:00+00:00,Benavente,1405,0.00,0.00,0.00,0.00,0.00,0.00,0.00,0.00,0.00,0.00,0.00,0.00,0.00,0.00
2026-09-16 00:00:00+00:00,Benavente,1405,0.00,0.00,0.00,0.00,0.00,0.00,0.00,0.00,0.00,0.00,0.00,0.00,0.00,0.00
2026-09-17 00:00:00+00:00,Benavente,1405,0.00,0.00,0.00,0.00,0.00,0.00,0.00,0.00,0.00,0.00,0.00,0.00,0.00,0.00
2026-09-18 00:00:00+00:00,Benavente,1405,0.00,0.00,0.00,0.00,0.00,0.00,0.00,0.00,0.00,0.00,0.00,0.00,0.00,0.00
2026-09-19 00:00:00+00:00,Benavente,1405,0.00,0.00,0.00,0.00,0.00,0.00,0.00,0.00,0.00,0.00,0.00,0.00,0.00,0.00
2026-09-20 00:00:00+00:00,Benavente,1405,0.00,0.00,0.00,0.00,0.00,0.00,0.00,0.00,0.00,0.00,0.00,0.00,0.00,0.00
2026-09-21 00:00:00+00:00,Benavente,1405,0.00,0.00,0.00,0.00,0.00,0.00,0.00,0.00,0.00,0.00,0.00,0.00,0.00,0.00
2026-09-22 00:00:00+00:00,Benavente,1405,0.00,0.00,0.00,0.00,0.00,0.00,0.00,0.00,0.00,0.00,0.00,0.00,0.00,0.00
2026-09-23 00:00:00+00:00,Benavente,1405,0.27,0.14,0.00,0.80,0.19,0.27,0.35,0.00,0.00,0.00,0.01,0.00,0.00,0.01
2026-09-24 00:00:00+00:00,Benavente,1405,3.27,1.54,0.88,6.00,1.93,2.93,4.56,0.11,0.05,0.02,0.20,0.06,0.10,0.15
2026-09-25 00:00:00+00:00,Benavente,1405,3.26,1.55,0.73,6.00,1.93,2.93,4.56,0.05,0.03,0.01,0.10,0.03,0.05,0.07
2026-09-26 00:00:00+00:00,Benavente,1405,0.00,0.00,0.00,0.00,0.00,0.00,0.00,0.00,0.00,0.00,0.00,0.00,0.00,0.00
2026-09-27 00:00:00+00:00,Benavente,1405,0.00,0.00,0.00,0.00,0.00,0.00,0.00,0.00,0.00,0.00,0.00,0.00,0.00,0.00
2026-09-28 00:00:00+00:00,Benavente,1405,0.34,0.37,0.00,2.01,0.10,0.22,0.41,0.01,0.01,0.00,0.05,0.00,0.00,0.01
2026-09-29 00:00:00+00:00,Benavente,1405,5.03,0.49,3.86,6.00,4.67,5.00,5.33,0.18,0.02,0.15,0.24,0.17,0.18,0.19
2026-09-10 00:00:00+00:00,Cartaxo,1406,0.08,0.09,0.00,0.43,0.02,0.06,0.11,0.00,0.00,0.00,0.01,0.00,0.00,0.00
2026-09-11 00:00:00+00:00,Cartaxo,1406,0.00,0.00,0.00,0.00,0.00,0.00,0.00,0.00,0.00,0.00,0.00,0.00,0.00,0.00
2026-09-12 00:00:00+00:00,Cartaxo,1406,0.01,0.02,0.00,0.08,0.00,0.00,0.02,0.00,0.00,0.00,0.00,0.00,0.00,0.00
2026-09-13 00:00:00+00:00,Cartaxo,1406,0.00,0.00,0.00,0.00,0.00,0.00,0.00,0.00,0.00,0.00,0.00,0.00,0.00,0.00
2026-09-14 00:00:00+00:00,Cartaxo,1406,0.00,0.00,0.00,0.00,0.00,0.00,0.00,0.00,0.00,0.00,0.00,0.00,0.00,0.00
2026-09-15 00:00:00+00:00,Cartaxo,1406,0.00,0.00,0.00,0.00,0.00,0.00,0.00,0.00,0.00,0.00,0.00,0.00,0.00,0.00
2026-09-16 00:00:00+00:00,Cartaxo,1406,0.00,0.00,0.00,0.00,0.00,0.00,0.00,0.00,0.00,0.00,0.00,0.00,0.00,0.00
2026-09-17 00:00:00+00:00,Cartaxo,1406,0.00,0.00,0.00,0.00,0.00,0.00,0.00,0.00,0.00,0.00,0.00,0.00,0.00,0.00
2026-09-18 00:00:00+00:00,Cartaxo,1406,0.00,0.00,0.00,0.00,0.00,0.00,0.00,0.00,0.00,0.00,0.00,0.00,0.00,0.00
2026-09-19 00:00:00+00:00,Cartaxo,1406,0.01,0.02,0.00,0.08,0.00,0.00,0.02,0.00,0.00,0.00,0.00,0.00,0.00,0.00
2026-09-20 00:00:00+00:00,Cartaxo,1406,0.00,0.00,0.00,0.00,0.00,0.00,0.00,0.00,0.00,0.00,0.00,0.00,0.00,0.00
2026-09-21 00:00:00+00:00,Cartaxo,1406,0.00,0.00,0.00,0.00,0.00,0.00,0.00,0.00,0.00,0.00,0.00,0.00,0.00,0.00
2026-09-22 00:00:00+00:00,Cartaxo,1406,0.00,0.00,0.00,0.00,0.00,0.00,0.00,0.00,0.00,0.00,0.00,0.00,0.00,0.00
2026-09-23 00:00:00+00:00,Cartaxo,1406,0.03,0.03,0.00,0.11,0.01,0.03,0.05,0.00,0.00,0.00,0.00,0.00,0.00,0.00
2026-09-24 00:00:00+00:00,Cartaxo,1406,0.11,0.10,0.00,0.41,0.02,0.09,0.19,0.00,0.00,0.00,0.01,0.00,0.00,0.01
2026-09-25 00:00:00+00:00,Cartaxo,1406,0.06,0.07,0.00,0.32,0.01,0.05,0.09,0.00,0.00,0.00,0.00,0.00,0.00,0.00
2026-09-26 00:00:00+00:00,Cartaxo,1406,0.01,0.02,0.00,0.08,0.00,0.00,0.02,0.00,0.00,0.00,0.00,0.00,0.00,0.00
2026-09-27 00:00:00+00:00,Cartaxo,1406,0.00,0.00,0.00,0.00,0.00,0.00,0.00,0.00,0.00,0.00,0.00,0.00,0.00,0.00
2026-09-28 00:00:00+00:00,Cartaxo,1406,5.08,0.77,2.90,5.99,4.55,5.28,5.78,0.16,0.03,0.09,0.20,0.14,0.17,0.19
2026-09-29 00:00:00+00:00,Cartaxo,1406,5.91,0.12,5.53,6.04,5.86,5.98,6.00,0.27,0.02,0.21,0.30,0.25,0.28,0.29
2026-09-10 00:00:00+00:00,Chamusca,1407,0.19,0.10,0.00,0.34,0.11,0.14,0.29,0.00,0.00,0.00,0.01,0.00,0.00,0.00
2026-09-11 00:00:00+00:00,Chamusca,1407,0.00,0.00,0.00,0.00,0.00,0.00,0.00,0.00,0.00,0.00,0.00,0.00,0.00,0.00
2026-09-12 00:00:00+00:00,Chamusca,1407,0.02,0.04,0.00,0.13,0.00,0.00,0.06,0.00,0.00,0.00,0.00,0.00,0.00,0.00
2026-09-13 00:00:00+00:00,Chamusca,1407,0.00,0.00,0.00,0.00,0.00,0.00,0.00,0.00,0.00,0.00,0.00,0.00,0.00,0.00
2026-09-14 00:00:00+00:00,Chamusca,1407,0.00,0.00,0.00,0.00,0.00,0.00,0.00,0.00,0.00,0.00,0.00,0.00,0.00,0.00
2026-09-15 00:00:00+00:00,Chamusca,1407,0.00,0.00,0.00,0.00,0.00,0.00,0.00,0.00,0.00,0.00,0.00,0.00,0.00,0.00
2026-09-16 00:00:00+00:00,Chamusca,1407,0.00,0.00,0.00,0.00,0.00,0.00,0.00,0.00,0.00,0.00,0.00,0.00,0.00,0.00
2026-09-17 00:00:00+00:00,Chamusca,1407,0.00,0.00,0.00,0.00,0.00,0.00,0.00,0.00,0.00,0.00,0.00,0.00,0.00,0.00
2026-09-18 00:00:00+00:00,Chamusca,1407,0.02,0.04,0.00,0.13,0.00,0.00,0.00,0.00,0.00,0.00,0.00,0.00,0.00,0.00
2026-09-19 00:00:00+00:00,Chamusca,1407,0.02,0.04,0.00,0.13,0.00,0.00,0.00,0.00,0.00,0.00,0.00,0.00,0.00,0.00
2026-09-20 00:00:00+00:00,Chamusca,1407,0.00,0.00,0.00,0.00,0.00,0.00,0.00,0.00,0.00,0.00,0.00,0.00,0.00,0.00
2026-09-21 00:00:00+00:00,Chamusca,1407,0.00,0.00,0.00,0.00,0.00,0.00,0.00,0.00,0.00,0.00,0.00,0.00,0.00,0.00
2026-09-22 00:00:00+00:00,Chamusca,1407,0.00,0.00,0.00,0.00,0.00,0.00,0.00,0.00,0.00,0.00,0.00,0.00,0.00,0.00
2026-09-23 00:00:00+00:00,Chamusca,1407,0.07,0.06,0.00,0.15,0.00,0.10,0.13,0.00,0.00,0.00,0.00,0.00,0.00,0.00
2026-09-24 00:00:00+00:00,Chamusca,1407,0.21,0.06,0.00,0.41,0.17,0.20,0.27,0.00,0.00,0.00,0.01,0.00,0.00,0.00
2026-09-25 00:00:00+00:00,Chamusca,1407,0.13,0.04,0.00,0.23,0.11,0.13,0.17,0.00,0.00,0.00,0.00,0.00,0.00,0.00
2026-09-26 00:00:00+00:00,Chamusca,1407,0.02,0.04,0.00,0.13,0.00,0.00,0.06,0.00,0.00,0.00,0.00,0.00,0.00,0.00
2026-09-27 00:00:00+00:00,Chamusca,1407,0.00,0.00,0.00,0.00,0.00,0.00,0.00,0.00,0.00,0.00,0.00,0.00,0.00,0.00
2026-09-28 00:00:00+00:00,Chamusca,1407,1.55,0.77,0.35,3.89,0.94,1.38,1.97,0.03,0.03,0.00,0.17,0.01,0.03,0.04
2026-09-29 00:00:00+00:00,Chamusca,1407,4.88,0.89,2.48,6.45,4.31,4.95,5.57,0.17,0.03,0.10,0.23,0.14,0.17,0.20
2026-09-10 00:00:00+00:00,Constância,1408,0.03,0.02,0.00,0.06,0.00,0.03,0.05,0.00,0.00,0.00,0.00,0.00,0.00,0.00
2026-09-11 00:00:00+00:00,Constância,1408,0.00,0.00,0.00,0.00,0.00,0.00,0.00,0.00,0.00,0.00,0.00,0.00,0.00,0.00
2026-09-12 00:00:00+00:00,Constância,1408,0.03,0.02,0.00,0.06,0.00,0.03,0.05,0.00,0.00,0.00,0.00,0.00,0.00,0.00
2026-09-13 00:00:00+00:00,Constância,1408,0.00,0.00,0.00,0.00,0.00,0.00,0.00,0.00,0.00,0.00,0.00,0.00,0.00,0.00
2026-09-14 00:00:00+00:00,Constância,1408,0.00,0.00,0.00,0.00,0.00,0.00,0.00,0.00,0.00,0.00,0.00,0.00,0.00,0.00
2026-09-15 00:00:00+00:00,Constância,1408,0.00,0.00,0.00,0.00,0.00,0.00,0.00,0.00,0.00,0.00,0.00,0.00,0.00,0.00
2026-09-16 00:00:00+00:00,Constância,1408,0.00,0.01,0.00,0.05,0.00,0.00,0.00,0.00,0.00,0.00,0.00,0.00,0.00,0.00
2026-09-17 00:00:00+00:00,Constância,1408,0.00,0.00,0.00,0.00,0.00,0.00,0.00,0.00,0.00,0.00,0.00,0.00,0.00,0.00
2026-09-18 00:00:00+00:00,Constância,1408,0.00,0.00,0.00,0.00,0.00,0.00,0.00,0.00,0.00,0.00,0.00,0.00,0.00,0.00
2026-09-19 00:00:00+00:00,Constância,1408,0.00,0.00,0.00,0.00,0.00,0.00,0.00,0.00,0.00,0.00,0.00,0.00,0.00,0.00
2026-09-20 00:00:00+00:00,Constância,1408,0.00,0.00,0.00,0.00,0.00,0.00,0.00,0.00,0.00,0.00,0.00,0.00,0.00,0.00
2026-09-21 00:00:00+00:00,Constância,1408,0.00,0.00,0.00,0.00,0.00,0.00,0.00,0.00,0.00,0.00,0.00,0.00,0.00,0.00
2026-09-22 00:00:00+00:00,Constância,1408,0.00,0.00,0.00,0.00,0.00,0.00,0.00,0.00,0.00,0.00,0.00,0.00,0.00,0.00
2026-09-23 00:00:00+00:00,Constância,1408,0.00,0.00,0.00,0.00,0.00,0.00,0.00,0.00,0.00,0.00,0.00,0.00,0.00,0.00
2026-09-24 00:00:00+00:00,Constância,1408,0.12,0.03,0.07,0.18,0.10,0.11,0.14,0.00,0.00,0.00,0.00,0.00,0.00,0.00
2026-09-25 00:00:00+00:00,Constância,1408,0.03,0.02,0.00,0.06,0.00,0.03,0.05,0.00,0.00,0.00,0.00,0.00,0.00,0.00
2026-09-26 00:00:00+00:00,Constância,1408,0.03,0.02,0.00,0.06,0.00,0.03,0.05,0.00,0.00,0.00,0.00,0.00,0.00,0.00
2026-09-27 00:00:00+00:00,Constância,1408,0.00,0.00,0.00,0.00,0.00,0.00,0.00,0.00,0.00,0.00,0.00,0.00,0.00,0.00
2026-09-28 00:00:00+00:00,Constância,1408,0.55,0.40,0.14,1.58,0.28,0.42,0.56,0.01,0.00,0.00,0.02,0.01,0.01,0.02
2026-09-29 00:00:00+00:00,Constância,1408,4.32,0.81,2.90,5.73,3.61,4.33,5.05,0.10,0.01,0.08,0.11,0.09,0.10,0.10
2026-09-10 00:00:00+00:00,Coruche,1409,0.52,0.78,0.00,4.33,0.14,0.24,0.42,0.01,0.01,0.00,0.07,0.00,0.00,0.01
2026-09-11 00:00:00+00:00,Coruche,1409,0.00,0.00,0.00,0.00,0.00,0.00,0.00,0.00,0.00,0.00,0.00,0.00,0.00,0.00
2026-09-12 00:00:00+00:00,Coruche,1409,0.00,0.00,0.00,0.00,0.00,0.00,0.00,0.00,0.00,0.00,0.00,0.00,0.00,0.00
2026-09-13 00:00:00+00:00,Coruche,1409,0.00,0.00,0.00,0.00,0.00,0.00,0.00,0.00,0.00,0.00,0.00,0.00,0.00,0.00
2026-09-14 00:00:00+00:00,Coruche,1409,0.00,0.00,0.00,0.00,0.00,0.00,0.00,0.00,0.00,0.00,0.00,0.00,0.00,0.00
2026-09-15 00:00:00+00:00,Coruche,1409,0.00,0.00,0.00,0.00,0.00,0.00,0.00,0.00,0.00,0.00,0.00,0.00,0.00,0.00
2026-09-16 00:00:00+00:00,Coruche,1409,0.00,0.00,0.00,0.00,0.00,0.00,0.00,0.00,0.00,0.00,0.00,0.00,0.00,0.00
2026-09-17 00:00:00+00:00,Coruche,1409,0.00,0.00,0.00,0.00,0.00,0.00,0.00,0.00,0.00,0.00,0.00,0.00,0.00,0.00
2026-09-18 00:00:00+00:00,Coruche,1409,0.00,0.00,0.00,0.00,0.00,0.00,0.00,0.00,0.00,0.00,0.00,0.00,0.00,0.00
2026-09-19 00:00:00+00:00,Coruche,1409,0.00,0.00,0.00,0.00,0.00,0.00,0.00,0.00,0.00,0.00,0.00,0.00,0.00,0.00
2026-09-20 00:00:00+00:00,Coruche,1409,0.00,0.00,0.00,0.00,0.00,0.00,0.00,0.00,0.00,0.00,0.00,0.00,0.00,0.00
2026-09-21 00:00:00+00:00,Coruche,1409,0.00,0.00,0.00,0.00,0.00,0.00,0.00,0.00,0.00,0.00,0.00,0.00,0.00,0.00
2026-09-22 00:00:00+00:00,Coruche,1409,0.00,0.00,0.00,0.00,0.00,0.00,0.00,0.00,0.00,0.00,0.00,0.00,0.00,0.00
2026-09-23 00:00:00+00:00,Coruche,1409,0.23,0.38,0.00,2.68,0.07,0.11,0.20,0.00,0.01,0.00,0.04,0.00,0.00,0.00
2026-09-24 00:00:00+00:00,Coruche,1409,0.29,0.46,0.00,3.35,0.07,0.12,0.21,0.01,0.02,0.00,0.13,0.00,0.00,0.01
2026-09-25 00:00:00+00:00,Coruche,1409,0.29,0.46,0.00,3.35,0.07,0.12,0.21,0.00,0.01,0.00,0.05,0.00,0.00,0.00
2026-09-26 00:00:00+00:00,Coruche,1409,0.00,0.00,0.00,0.00,0.00,0.00,0.00,0.00,0.00,0.00,0.00,0.00,0.00,0.00
2026-09-27 00:00:00+00:00,Coruche,1409,0.00,0.00,0.00,0.00,0.00,0.00,0.00,0.00,0.00,0.00,0.00,0.00,0.00,0.00
2026-09-28 00:00:00+00:00,Coruche,1409,0.63,0.59,0.00,3.66,0.15,0.50,0.90,0.04,0.06,0.00,0.45,0.00,0.01,0.04
2026-09-29 00:00:00+00:00,Coruche,1409,5.37,0.61,2.32,6.00,5.21,5.51,5.76,0.21,0.06,0.05,0.30,0.19,0.22,0.26
2026-09-10 00:00:00+00:00,Entroncamento,1410,0.10,0.01,0.07,0.12,0.09,0.10,0.11,0.00,0.00,0.00,0.01,0.00,0.00,0.01
2026-09-11 00:00:00+00:00,Entroncamento,1410,0.00,0.00,0.00,0.00,0.00,0.00,0.00,0.00,0.00,0.00,0.00,0.00,0.00,0.00
2026-09-12 00:00:00+00:00,Entroncamento,1410,0.10,0.01,0.07,0.12,0.09,0.10,0.11,0.00,0.00,0.00,0.00,0.00,0.00,0.00
2026-09-13 00:00:00+00:00,Entroncamento,1410,0.00,0.00,0.00,0.00,0.00,0.00,0.00,0.00,0.00,0.00,0.00,0.00,0.00,0.00
2026-09-14 00:00:00+00:00,Entroncamento,1410,0.00,0.00,0.00,0.00,0.00,0.00,0.00,0.00,0.00,0.00,0.00,0.00,0.00,0.00
2026-09-15 00:00:00+00:00,Entroncamento,1410,0.00,0.00,0.00,0.00,0.00,0.00,0.00,0.00,0.00,0.00,0.00,0.00,0.00,0.00
2026-09-16 00:00:00+00:00,Entroncamento,1410,0.07,0.02,0.00,0.09,0.07,0.08,0.08,0.00,0.00,0.00,0.00,0.00,0.00,0.00
2026-09-17 00:00:00+00:00,Entroncamento,1410,0.00,0.00,0.00,0.00,0.00,0.00,0.00,0.00,0.00,0.00,0.00,0.00,0.00,0.00
2026-09-18 00:00:00+00:00,Entroncamento,1410,0.10,0.01,0.07,0.12,0.09,0.10,0.11,0.00,0.00,0.00,0.00,0.00,0.00,0.00
2026-09-19 00:00:00+00:00,Entroncamento,1410,0.10,0.01,0.07,0.12,0.09,0.10,0.11,0.00,0.00,0.00,0.00,0.00,0.00,0.00
2026-09-20 00:00:00+00:00,Entroncamento,1410,0.00,0.00,0.00,0.00,0.00,0.00,0.00,0.00,0.00,0.00,0.00,0.00,0.00,0.00
2026-09-21 00:00:00+00:00,Entroncamento,1410,0.00,0.00,0.00,0.00,0.00,0.00,0.00,0.00,0.00,0.00,0.00,0.00,0.00,0.00
2026-09-22 00:00:00+00:00,Entroncamento,1410,0.00,0.00,0.00,0.00,0.00,0.00,0.00,0.00,0.00,0.00,0.00,0.00,0.00,0.00
2026-09-23 00:00:00+00:00,Entroncamento,1410,0.10,0.01,0.07,0.12,0.09,0.10,0.11,0.00,0.00,0.00,0.00,0.00,0.00,0.00
2026-09-24 00:00:00+00:00,Entroncamento,1410,0.29,0.04,0.22,0.35,0.26,0.29,0.32,0.01,0.00,0.01,0.01,0.01,0.01,0.01
2026-09-25 00:00:00+00:00,Entroncamento,1410,0.10,0.01,0.07,0.12,0.09,0.10,0.11,0.00,0.00,0.00,0.00,0.00,0.00,0.00
2026-09-26 00:00:00+00:00,Entroncamento,1410,0.10,0.01,0.07,0.12,0.09,0.10,0.11,0.00,0.00,0.00,0.00,0.00,0.00,0.00
2026-09-27 00:00:00+00:00,Entroncamento,1410,0.00,0.00,0.00,0.00,0.00,0.00,0.00,0.00,0.00,0.00,0.00,0.00,0.00,0.00
2026-09-28 00:00:00+00:00,Entroncamento,1410,1.00,0.18,0.69,1.32,0.89,0.99,1.11,0.07,0.01,0.05,0.09,0.06,0.07,0.08
2026-09-29 00:00:00+00:00,Entroncamento,1410,6.74,0.12,6.57,6.94,6.66,6.71,6.83,0.18,0.01,0.16,0.20,0.17,0.18,0.19
2026-09-10 00:00:00+00:00,Ferreira do Zêzere,1411,0.03,0.03,0.00,0.09,0.00,0.04,0.06,0.00,0.00,0.00,0.00,0.00,0.00,0.00
2026-09-11 00:00:00+00:00,Ferreira do Zêzere,1411,0.00,0.00,0.00,0.00,0.00,0.00,0.00,0.00,0.00,0.00,0.00,0.00,0.00,0.00
2026-09-12 00:00:00+00:00,Ferreira do Zêzere,1411,0.03,0.03,0.00,0.09,0.00,0.04,0.06,0.00,0.00,0.00,0.00,0.00,0.00,0.00
2026-09-13 00:00:00+00:00,Ferreira do Zêzere,1411,0.00,0.00,0.00,0.00,0.00,0.00,0.00,0.00,0.00,0.00,0.00,0.00,0.00,0.00
2026-09-14 00:00:00+00:00,Ferreira do Zêzere,1411,0.00,0.00,0.00,0.00,0.00,0.00,0.00,0.00,0.00,0.00,0.00,0.00,0.00,0.00
2026-09-15 00:00:00+00:00,Ferreira do Zêzere,1411,0.00,0.00,0.00,0.00,0.00,0.00,0.00,0.00,0.00,0.00,0.00,0.00,0.00,0.00
2026-09-16 00:00:00+00:00,Ferreira do Zêzere,1411,0.39,0.16,0.05,0.70,0.25,0.40,0.52,0.02,0.01,0.00,0.03,0.01,0.02,0.02
2026-09-17 00:00:00+00:00,Ferreira do Zêzere,1411,0.00,0.00,0.00,0.00,0.00,0.00,0.00,0.00,0.00,0.00,0.00,0.00,0.00,0.00
2026-09-18 00:00:00+00:00,Ferreira do Zêzere,1411,0.01,0.02,0.00,0.08,0.00,0.00,0.00,0.00,0.00,0.00,0.00,0.00,0.00,0.00
2026-09-19 00:00:00+00:00,Ferreira do Zêzere,1411,0.01,0.02,0.00,0.08,0.00,0.00,0.00,0.00,0.00,0.00,0.00,0.00,0.00,0.00
2026-09-20 00:00:00+00:00,Ferreira do Zêzere,1411,0.00,0.00,0.00,0.00,0.00,0.00,0.00,0.00,0.00,0.00,0.00,0.00,0.00,0.00
2026-09-21 00:00:00+00:00,Ferreira do Zêzere,1411,0.00,0.00,0.00,0.00,0.00,0.00,0.00,0.00,0.00,0.00,0.00,0.00,0.00,0.00
2026-09-22 00:00:00+00:00,Ferreira do Zêzere,1411,0.00,0.00,0.00,0.00,0.00,0.00,0.00,0.00,0.00,0.00,0.00,0.00,0.00,0.00
2026-09-23 00:00:00+00:00,Ferreira do Zêzere,1411,0.01,0.02,0.00,0.08,0.00,0.00,0.00,0.00,0.00,0.00,0.00,0.00,0.00,0.00
2026-09-24 00:00:00+00:00,Ferreira do Zêzere,1411,0.25,0.11,0.05,0.53,0.15,0.27,0.31,0.01,0.00,0.00,0.01,0.00,0.01,0.01
2026-09-25 00:00:00+00:00,Ferreira do Zêzere,1411,0.03,0.03,0.00,0.09,0.00,0.04,0.06,0.00,0.00,0.00,0.00,0.00,0.00,0.00
2026-09-26 00:00:00+00:00,Ferreira do Zêzere,1411,0.13,0.05,0.03,0.22,0.11,0.14,0.16,0.00,0.00,0.00,0.00,0.00,0.00,0.00
2026-09-27 00:00:00+00:00,Ferreira do Zêzere,1411,0.00,0.00,0.00,0.00,0.00,0.00,0.00,0.00,0.00,0.00,0.00,0.00,0.00,0.00
2026-09-28 00:00:00+00:00,Ferreira do Zêzere,1411,0.27,0.10,0.07,0.62,0.22,0.27,0.31,0.01,0.01,0.00,0.05,0.01,0.01,0.01
2026-09-29 00:00:00+00:00,Ferreira do Zêzere,1411,6.15,0.42,5.32,7.44,5.86,6.07,6.39,0.15,0.02,0.10,0.21,0.13,0.15,0.17
2026-09-10 00:00:00+00:00,Golegã,1412,0.13,0.02,0.09,0.19,0.12,0.13,0.14,0.00,0.00,0.00,0.01,0.00,0.01,0.01
2026-09-11 00:00:00+00:00,Golegã,1412,0.00,0.00,0.00,0.00,0.00,0.00,0.00,0.00,0.00,0.00,0.00,0.00,0.00,0.00
2026-09-12 00:00:00+00:00,Golegã,1412,0.13,0.01,0.09,0.15,0.12,0.13,0.14,0.00,0.00,0.00,0.01,0.00,0.00,0.00
2026-09-13 00:00:00+00:00,Golegã,1412,0.00,0.00,0.00,0.00,0.00,0.00,0.00,0.00,0.00,0.00,0.00,0.00,0.00,0.00
2026-09-14 00:00:00+00:00,Golegã,1412,0.00,0.00,0.00,0.00,0.00,0.00,0.00,0.00,0.00,0.00,0.00,0.00,0.00,0.00
2026-09-15 00:00:00+00:00,Golegã,1412,0.00,0.00,0.00,0.00,0.00,0.00,0.00,0.00,0.00,0.00,0.00,0.00,0.00,0.00
2026-09-16 00:00:00+00:00,Golegã,1412,0.00,0.00,0.00,0.00,0.00,0.00,0.00,0.00,0.00,0.00,0.00,0.00,0.00,0.00
2026-09-17 00:00:00+00:00,Golegã,1412,0.00,0.00,0.00,0.00,0.00,0.00,0.00,0.00,0.00,0.00,0.00,0.00,0.00,0.00
2026-09-18 00:00:00+00:00,Golegã,1412,0.13,0.01,0.09,0.15,0.12,0.13,0.14,0.00,0.00,0.00,0.00,0.00,0.00,0.00
2026-09-19 00:00:00+00:00,Golegã,1412,0.13,0.01,0.09,0.15,0.12,0.13,0.14,0.00,0.00,0.00,0.00,0.00,0.00,0.00
2026-09-20 00:00:00+00:00,Golegã,1412,0.00,0.00,0.00,0.00,0.00,0.00,0.00,0.00,0.00,0.00,0.00,0.00,0.00,0.00
2026-09-21 00:00:00+00:00,Golegã,1412,0.00,0.00,0.00,0.00,0.00,0.00,0.00,0.00,0.00,0.00,0.00,0.00,0.00,0.00
2026-09-22 00:00:00+00:00,Golegã,1412,0.00,0.00,0.00,0.00,0.00,0.00,0.00,0.00,0.00,0.00,0.00,0.00,0.00,0.00
2026-09-23 00:00:00+00:00,Golegã,1412,0.13,0.01,0.09,0.15,0.12,0.13,0.14,0.00,0.00,0.00,0.00,0.00,0.00,0.00
2026-09-24 00:00:00+00:00,Golegã,1412,0.34,0.04,0.25,0.42,0.32,0.34,0.37,0.01,0.00,0.00,0.01,0.01,0.01,0.01
2026-09-25 00:00:00+00:00,Golegã,1412,0.13,0.02,0.09,0.19,0.12,0.13,0.14,0.00,0.00,0.00,0.00,0.00,0.00,0.00
2026-09-26 00:00:00+00:00,Golegã,1412,0.13,0.01,0.09,0.15,0.12,0.13,0.14,0.00,0.00,0.00,0.00,0.00,0.00,0.00
2026-09-27 00:00:00+00:00,Golegã,1412,0.00,0.00,0.00,0.00,0.00,0.00,0.00,0.00,0.00,0.00,0.00,0.00,0.00,0.00
2026-09-28 00:00:00+00:00,Golegã,1412,2.38,0.71,0.91,3.64,1.78,2.42,2.95,0.11,0.03,0.03,0.14,0.09,0.11,0.13
2026-09-29 00:00:00+00:00,Golegã,1412,6.59,0.14,6.35,6.91,6.48,6.56,6.69,0.22,0.03,0.14,0.26,0.20,0.23,0.25
2026-09-10 00:00:00+00:00,Mação,1413,0.00,0.00,0.00,0.00,0.00,0.00,0.00,0.00,0.00,0.00,0.00,0.00,0.00,0.00
2026-09-11 00:00:00+00:00,Mação,1413,0.00,0.00,0.00,0.00,0.00,0.00,0.00,0.00,0.00,0.00,0.00,0.00,0.00,0.00
2026-09-12 00:00:00+00:00,Mação,1413,0.00,0.00,0.00,0.00,0.00,0.00,0.00,0.00,0.00,0.00,0.00,0.00,0.00,0.00
2026-09-13 00:00:00+00:00,Mação,1413,0.00,0.00,0.00,0.00,0.00,0.00,0.00,0.00,0.00,0.00,0.00,0.00,0.00,0.00
2026-09-14 00:00:00+00:00,Mação,1413,0.00,0.00,0.00,0.00,0.00,0.00,0.00,0.00,0.00,0.00,0.00,0.00,0.00,0.00
2026-09-15 00:00:00+00:00,Mação,1413,0.00,0.00,0.00,0.00,0.00,0.00,0.00,0.00,0.00,0.00,0.00,0.00,0.00,0.00
2026-09-16 00:00:00+00:00,Mação,1413,0.09,0.07,0.00,0.35,0.04,0.07,0.12,0.00,0.00,0.00,0.02,0.00,0.00,0.01
2026-09-17 00:00:00+00:00,Mação,1413,0.00,0.00,0.00,0.00,0.00,0.00,0.00,0.00,0.00,0.00,0.00,0.00,0.00,0.00
2026-09-18 00:00:00+00:00,Mação,1413,0.00,0.00,0.00,0.00,0.00,0.00,0.00,0.00,0.00,0.00,0.00,0.00,0.00,0.00
2026-09-19 00:00:00+00:00,Mação,1413,0.00,0.00,0.00,0.00,0.00,0.00,0.00,0.00,0.00,0.00,0.00,0.00,0.00,0.00
2026-09-20 00:00:00+00:00,Mação,1413,0.00,0.00,0.00,0.00,0.00,0.00,0.00,0.00,0.00,0.00,0.00,0.00,0.00,0.00
2026-09-21 00:00:00+00:00,Mação,1413,0.00,0.00,0.00,0.00,0.00,0.00,0.00,0.00,0.00,0.00,0.00,0.00,0.00,0.00
2026-09-22 00:00:00+00:00,Mação,1413,0.00,0.00,0.00,0.00,0.00,0.00,0.00,0.00,0.00,0.00,0.00,0.00,0.00,0.00
2026-09-23 00:00:00+00:00,Mação,1413,0.00,0.00,0.00,0.00,0.00,0.00,0.00,0.00,0.00,0.00,0.00,0.00,0.00,0.00
2026-09-24 00:00:00+00:00,Mação,1413,0.01,0.02,0.00,0.06,0.00,0.00,0.03,0.00,0.00,0.00,0.00,0.00,0.00,0.00
2026-09-25 00:00:00+00:00,Mação,1413,0.00,0.00,0.00,0.00,0.00,0.00,0.00,0.00,0.00,0.00,0.00,0.00,0.00,0.00
2026-09-26 00:00:00+00:00,Mação,1413,0.02,0.02,0.00,0.07,0.00,0.01,0.03,0.00,0.00,0.00,0.00,0.00,0.00,0.00
2026-09-27 00:00:00+00:00,Mação,1413,0.00,0.00,0.00,0.00,0.00,0.00,0.00,0.00,0.00,0.00,0.00,0.00,0.00,0.00
2026-09-28 00:00:00+00:00,Mação,1413,1.49,1.02,0.00,5.31,0.84,1.34,1.75,0.08,0.06,0.00,0.31,0.04,0.07,0.09
2026-09-29 00:00:00+00:00,Mação,1413,0.59,0.37,0.00,1.96,0.37,0.52,0.74,0.01,0.01,0.00,0.04,0.01,0.01,0.02
2026-09-10 00:00:00+00:00,Rio Maior,1414,0.03,0.03,0.00,0.14,0.01,0.02,0.04,0.00,0.00,0.00,0.01,0.00,0.00,0.00
2026-09-11 00:00:00+00:00,Rio Maior,1414,0.00,0.00,0.00,0.00,0.00,0.00,0.00,0.00,0.00,0.00,0.00,0.00,0.00,0.00
2026-09-12 00:00:00+00:00,Rio Maior,1414,0.05,0.05,0.00,0.22,0.01,0.03,0.06,0.01,0.01,0.00,0.03,0.01,0.01,0.02
2026-09-13 00:00:00+00:00,Rio Maior,1414,0.00,0.00,0.00,0.00,0.00,0.00,0.00,0.00,0.00,0.00,0.00,0.00,0.00,0.00
2026-09-14 00:00:00+00:00,Rio Maior,1414,0.00,0.00,0.00,0.00,0.00,0.00,0.00,0.00,0.00,0.00,0.00,0.00,0.00,0.00
2026-09-15 00:00:00+00:00,Rio Maior,1414,0.00,0.00,0.00,0.00,0.00,0.00,0.00,0.00,0.00,0.00,0.00,0.00,0.00,0.00
2026-09-16 00:00:00+00:00,Rio Maior,1414,0.00,0.00,0.00,0.02,0.00,0.00,0.00,0.00,0.00,0.00,0.00,0.00,0.00,0.00
2026-09-17 00:00:00+00:00,Rio Maior,1414,0.00,0.00,0.00,0.00,0.00,0.00,0.00,0.00,0.00,0.00,0.00,0.00,0.00,0.00
2026-09-18 00:00:00+00:00,Rio Maior,1414,0.02,0.03,0.00,0.14,0.00,0.01,0.03,0.00,0.00,0.00,0.00,0.00,0.00,0.00
2026-09-19 00:00:00+00:00,Rio Maior,1414,0.05,0.05,0.00,0.22,0.01,0.03,0.06,0.00,0.00,0.00,0.00,0.00,0.00,0.00
2026-09-20 00:00:00+00:00,Rio Maior,1414,0.00,0.00,0.00,0.00,0.00,0.00,0.00,0.00,0.00,0.00,0.00,0.00,0.00,0.00
2026-09-21 00:00:00+00:00,Rio Maior,1414,0.00,0.00,0.00,0.00,0.00,0.00,0.00,0.00,0.00,0.00,0.00,0.00,0.00,0.00
2026-09-22 00:00:00+00:00,Rio Maior,1414,0.00,0.00,0.00,0.00,0.00,0.00,0.00,0.00,0.00,0.00,0.00,0.00,0.00,0.00
2026-09-23 00:00:00+00:00,Rio Maior,1414,0.05,0.05,0.00,0.22,0.01,0.03,0.06,0.00,0.00,0.00,0.00,0.00,0.00,0.00
2026-09-24 00:00:00+00:00,Rio Maior,1414,0.09,0.09,0.00,0.40,0.03,0.07,0.12,0.00,0.00,0.00,0.02,0.00,0.00,0.01
2026-09-25 00:00:00+00:00,Rio Maior,1414,0.03,0.03,0.00,0.14,0.01,0.02,0.04,0.00,0.00,0.00,0.00,0.00,0.00,0.00
2026-09-26 00:00:00+00:00,Rio Maior,1414,0.05,0.05,0.00,0.22,0.01,0.03,0.06,0.00,0.00,0.00,0.00,0.00,0.00,0.00
2026-09-27 00:00:00+00:00,Rio Maior,1414,0.00,0.00,0.00,0.00,0.00,0.00,0.00,0.00,0.00,0.00,0.00,0.00,0.00,0.00
2026-09-28 00:00:00+00:00,Rio Maior,1414,0.83,1.03,0.00,4.72,0.13,0.42,1.04,0.04,0.04,0.00,0.21,0.01,0.02,0.05
2026-09-29 00:00:00+00:00,Rio Maior,1414,6.01,0.37,3.46,6.33,6.02,6.08,6.15,0.13,0.03,0.10,0.25,0.11,0.12,0.14
2026-09-10 00:00:00+00:00,Salvaterra de Magos,1415,0.56,0.31,0.09,1.40,0.33,0.48,0.75,0.01,0.00,0.00,0.02,0.00,0.01,0.01
2026-09-11 00:00:00+00:00,Salvaterra de Magos,1415,0.00,0.00,0.00,0.00,0.00,0.00,0.00,0.00,0.00,0.00,0.00,0.00,0.00,0.00
2026-09-12 00:00:00+00:00,Salvaterra de Magos,1415,0.00,0.00,0.00,0.00,0.00,0.00,0.00,0.00,0.00,0.00,0.00,0.00,0.00,0.00
2026-09-13 00:00:00+00:00,Salvaterra de Magos,1415,0.00,0.00,0.00,0.00,0.00,0.00,0.00,0.00,0.00,0.00,0.00,0.00,0.00,0.00
2026-09-14 00:00:00+00:00,Salvaterra de Magos,1415,0.00,0.00,0.00,0.00,0.00,0.00,0.00,0.00,0.00,0.00,0.00,0.00,0.00,0.00
2026-09-15 00:00:00+00:00,Salvaterra de Magos,1415,0.00,0.00,0.00,0.00,0.00,0.00,0.00,0.00,0.00,0.00,0.00,0.00,0.00,0.00
2026-09-16 00:00:00+00:00,Salvaterra de Magos,1415,0.00,0.00,0.00,0.00,0.00,0.00,0.00,0.00,0.00,0.00,0.00,0.00,0.00,0.00
2026-09-17 00:00:00+00:00,Salvaterra de Magos,1415,0.00,0.00,0.00,0.00,0.00,0.00,0.00,0.00,0.00,0.00,0.00,0.00,0.00,0.00
2026-09-18 00:00:00+00:00,Salvaterra de Magos,1415,0.00,0.00,0.00,0.00,0.00,0.00,0.00,0.00,0.00,0.00,0.00,0.00,0.00,0.00
2026-09-19 00:00:00+00:00,Salvaterra de Magos,1415,0.00,0.00,0.00,0.00,0.00,0.00,0.00,0.00,0.00,0.00,0.00,0.00,0.00,0.00
2026-09-20 00:00:00+00:00,Salvaterra de Magos,1415,0.00,0.00,0.00,0.00,0.00,0.00,0.00,0.00,0.00,0.00,0.00,0.00,0.00,0.00
2026-09-21 00:00:00+00:00,Salvaterra de Magos,1415,0.00,0.00,0.00,0.00,0.00,0.00,0.00,0.00,0.00,0.00,0.00,0.00,0.00,0.00
2026-09-22 00:00:00+00:00,Salvaterra de Magos,1415,0.00,0.00,0.00,0.00,0.00,0.00,0.00,0.00,0.00,0.00,0.00,0.00,0.00,0.00
2026-09-23 00:00:00+00:00,Salvaterra de Magos,1415,0.15,0.06,0.03,0.31,0.11,0.14,0.19,0.00,0.00,0.00,0.00,0.00,0.00,0.00
2026-09-24 00:00:00+00:00,Salvaterra de Magos,1415,0.43,0.25,0.08,1.10,0.23,0.34,0.59,0.01,0.01,0.00,0.04,0.01,0.01,0.02
2026-09-25 00:00:00+00:00,Salvaterra de Magos,1415,0.41,0.24,0.06,1.10,0.23,0.34,0.55,0.01,0.00,0.00,0.02,0.00,0.00,0.01
2026-09-26 00:00:00+00:00,Salvaterra de Magos,1415,0.00,0.00,0.00,0.00,0.00,0.00,0.00,0.00,0.00,0.00,0.00,0.00,0.00,0.00
2026-09-27 00:00:00+00:00,Salvaterra de Magos,1415,0.00,0.00,0.00,0.00,0.00,0.00,0.00,0.00,0.00,0.00,0.00,0.00,0.00,0.00
2026-09-28 00:00:00+00:00,Salvaterra de Magos,1415,2.44,1.28,0.48,5.34,1.38,2.25,3.34,0.07,0.04,0.01,0.17,0.04,0.06,0.10
2026-09-29 00:00:00+00:00,Salvaterra de Magos,1415,5.51,0.21,4.96,5.89,5.40,5.56,5.65,0.24,0.02,0.19,0.28,0.23,0.25,0.25
2026-09-10 00:00:00+00:00,Santarém,1416,0.10,0.07,0.00,0.28,0.04,0.10,0.15,0.00,0.00,0.00,0.01,0.00,0.00,0.01
2026-09-11 00:00:00+00:00,Santarém,1416,0.00,0.00,0.00,0.00,0.00,0.00,0.00,0.00,0.00,0.00,0.00,0.00,0.00,0.00
2026-09-12 00:00:00+00:00,Santarém,1416,0.13,0.10,0.00,0.37,0.03,0.11,0.20,0.01,0.01,0.00,0.02,0.00,0.00,0.01
2026-09-13 00:00:00+00:00,Santarém,1416,0.00,0.00,0.00,0.00,0.00,0.00,0.00,0.00,0.00,0.00,0.00,0.00,0.00,0.00
2026-09-14 00:00:00+00:00,Santarém,1416,0.00,0.00,0.00,0.00,0.00,0.00,0.00,0.00,0.00,0.00,0.00,0.00,0.00,0.00
2026-09-15 00:00:00+00:00,Santarém,1416,0.00,0.00,0.00,0.00,0.00,0.00,0.00,0.00,0.00,0.00,0.00,0.00,0.00,0.00
2026-09-16 00:00:00+00:00,Santarém,1416,0.00,0.01,0.00,0.09,0.00,0.00,0.00,0.00,0.00,0.00,0.00,0.00,0.00,0.00
2026-09-17 00:00:00+00:00,Santarém,1416,0.00,0.00,0.00,0.00,0.00,0.00,0.00,0.00,0.00,0.00,0.00,0.00,0.00,0.00
2026-09-18 00:00:00+00:00,Santarém,1416,0.08,0.07,0.00,0.28,0.02,0.07,0.14,0.00,0.00,0.00,0.00,0.00,0.00,0.00
2026-09-19 00:00:00+00:00,Santarém,1416,0.13,0.10,0.00,0.37,0.03,0.11,0.20,0.00,0.00,0.00,0.01,0.00,0.00,0.00
2026-09-20 00:00:00+00:00,Santarém,1416,0.00,0.00,0.00,0.00,0.00,0.00,0.00,0.00,0.00,0.00,0.00,0.00,0.00,0.00
2026-09-21 00:00:00+00:00,Santarém,1416,0.00,0.00,0.00,0.00,0.00,0.00,0.00,0.00,0.00,0.00,0.00,0.00,0.00,0.00
2026-09-22 00:00:00+00:00,Santarém,1416,0.00,0.00,0.00,0.00,0.00,0.00,0.00,0.00,0.00,0.00,0.00,0.00,0.00,0.00
2026-09-23 00:00:00+00:00,Santarém,1416,0.13,0.10,0.00,0.37,0.03,0.11,0.20,0.00,0.00,0.00,0.01,0.00,0.00,0.00
2026-09-24 00:00:00+00:00,Santarém,1416,0.28,0.20,0.00,0.84,0.10,0.27,0.42,0.01,0.01,0.00,0.03,0.00,0.01,0.02
2026-09-25 00:00:00+00:00,Santarém,1416,0.10,0.07,0.00,0.28,0.04,0.10,0.15,0.00,0.00,0.00,0.00,0.00,0.00,0.00
2026-09-26 00:00:00+00:00,Santarém,1416,0.13,0.10,0.00,0.37,0.03,0.11,0.20,0.00,0.00,0.00,0.01,0.00,0.00,0.00
2026-09-27 00:00:00+00:00,Santarém,1416,0.00,0.00,0.00,0.00,0.00,0.00,0.00,0.00,0.00,0.00,0.00,0.00,0.00,0.00
2026-09-28 00:00:00+00:00,Santarém,1416,3.92,1.23,1.19,6.00,3.15,3.72,4.91,0.16,0.04,0.05,0.25,0.14,0.16,0.18
2026-09-29 00:00:00+00:00,Santarém,1416,6.44,0.57,3.70,8.15,6.08,6.35,6.73,0.25,0.04,0.15,0.30,0.23,0.26,0.27
2026-09-10 00:00:00+00:00,Sardoal,1417,0.00,0.00,0.00,0.00,0.00,0.00,0.00,0.00,0.00,0.00,0.00,0.00,0.00,0.00
2026-09-11 00:00:00+00:00,Sardoal,1417,0.00,0.00,0.00,0.00,0.00,0.00,0.00,0.00,0.00,0.00,0.00,0.00,0.00,0.00
2026-09-12 00:00:00+00:00,Sardoal,1417,0.00,0.00,0.00,0.00,0.00,0.00,0.00,0.00,0.00,0.00,0.00,0.00,0.00,0.00
2026-09-13 00:00:00+00:00,Sardoal,1417,0.00,0.00,0.00,0.00,0.00,0.00,0.00,0.00,0.00,0.00,0.00,0.00,0.00,0.00
2026-09-14 00:00:00+00:00,Sardoal,1417,0.00,0.00,0.00,0.00,0.00,0.00,0.00,0.00,0.00,0.00,0.00,0.00,0.00,0.00
2026-09-15 00:00:00+00:00,Sardoal,1417,0.00,0.00,0.00,0.00,0.00,0.00,0.00,0.00,0.00,0.00,0.00,0.00,0.00,0.00
2026-09-16 00:00:00+00:00,Sardoal,1417,0.09,0.05,0.02,0.21,0.06,0.10,0.12,0.00,0.00,0.00,0.00,0.00,0.00,0.00
2026-09-17 00:00:00+00:00,Sardoal,1417,0.00,0.00,0.00,0.00,0.00,0.00,0.00,0.00,0.00,0.00,0.00,0.00,0.00,0.00
2026-09-18 00:00:00+00:00,Sardoal,1417,0.00,0.00,0.00,0.00,0.00,0.00,0.00,0.00,0.00,0.00,0.00,0.00,0.00,0.00
2026-09-19 00:00:00+00:00,Sardoal,1417,0.00,0.00,0.00,0.00,0.00,0.00,0.00,0.00,0.00,0.00,0.00,0.00,0.00,0.00
2026-09-20 00:00:00+00:00,Sardoal,1417,0.00,0.00,0.00,0.00,0.00,0.00,0.00,0.00,0.00,0.00,0.00,0.00,0.00,0.00
2026-09-21 00:00:00+00:00,Sardoal,1417,0.00,0.00,0.00,0.00,0.00,0.00,0.00,0.00,0.00,0.00,0.00,0.00,0.00,0.00
2026-09-22 00:00:00+00:00,Sardoal,1417,0.00,0.00,0.00,0.00,0.00,0.00,0.00,0.00,0.00,0.00,0.00,0.00,0.00,0.00
2026-09-23 00:00:00+00:00,Sardoal,1417,0.00,0.00,0.00,0.00,0.00,0.00,0.00,0.00,0.00,0.00,0.00,0.00,0.00,0.00
2026-09-24 00:00:00+00:00,Sardoal,1417,0.05,0.02,0.02,0.08,0.04,0.05,0.06,0.00,0.00,0.00,0.00,0.00,0.00,0.00
2026-09-25 00:00:00+00:00,Sardoal,1417,0.00,0.00,0.00,0.00,0.00,0.00,0.00,0.00,0.00,0.00,0.00,0.00,0.00,0.00
2026-09-26 00:00:00+00:00,Sardoal,1417,0.02,0.02,0.00,0.06,0.00,0.00,0.04,0.00,0.00,0.00,0.00,0.00,0.00,0.00
2026-09-27 00:00:00+00:00,Sardoal,1417,0.00,0.00,0.00,0.00,0.00,0.00,0.00,0.00,0.00,0.00,0.00,0.00,0.00,0.00
2026-09-28 00:00:00+00:00,Sardoal,1417,0.69,0.25,0.13,1.35,0.56,0.68,0.84,0.02,0.01,0.00,0.06,0.02,0.02,0.03
2026-09-29 00:00:00+00:00,Sardoal,1417,2.10,0.91,0.57,3.84,1.31,2.05,2.87,0.04,0.02,0.01,0.07,0.03,0.04,0.05
2026-09-10 00:00:00+00:00,Tomar,1418,0.02,0.02,0.00,0.12,0.00,0.01,0.02,0.00,0.00,0.00,0.01,0.00,0.00,0.00
2026-09-11 00:00:00+00:00,Tomar,1418,0.00,0.00,0.00,0.00,0.00,0.00,0.00,0.00,0.00,0.00,0.00,0.00,0.00,0.00
2026-09-12 00:00:00+00:00,Tomar,1418,0.02,0.02,0.00,0.12,0.00,0.01,0.02,0.00,0.00,0.00,0.00,0.00,0.00,0.00
2026-09-13 00:00:00+00:00,Tomar,1418,0.00,0.00,0.00,0.00,0.00,0.00,0.00,0.00,0.00,0.00,0.00,0.00,0.00,0.00
2026-09-14 00:00:00+00:00,Tomar,1418,0.00,0.00,0.00,0.00,0.00,0.00,0.00,0.00,0.00,0.00,0.00,0.00,0.00,0.00
2026-09-15 00:00:00+00:00,Tomar,1418,0.00,0.00,0.00,0.00,0.00,0.00,0.00,0.00,0.00,0.00,0.00,0.00,0.00,0.00
2026-09-16 00:00:00+00:00,Tomar,1418,0.04,0.06,0.00,0.32,0.01,0.02,0.06,0.00,0.00,0.00,0.01,0.00,0.00,0.00
2026-09-17 00:00:00+00:00,Tomar,1418,0.00,0.00,0.00,0.00,0.00,0.00,0.00,0.00,0.00,0.00,0.00,0.00,0.00,0.00
2026-09-18 00:00:00+00:00,Tomar,1418,0.02,0.02,0.00,0.12,0.00,0.01,0.02,0.00,0.00,0.00,0.00,0.00,0.00,0.00
2026-09-19 00:00:00+00:00,Tomar,1418,0.02,0.02,0.00,0.11,0.00,0.01,0.02,0.00,0.00,0.00,0.00,0.00,0.00,0.00
2026-09-20 00:00:00+00:00,Tomar,1418,0.00,0.00,0.00,0.00,0.00,0.00,0.00,0.00,0.00,0.00,0.00,0.00,0.00,0.00
2026-09-21 00:00:00+00:00,Tomar,1418,0.00,0.00,0.00,0.00,0.00,0.00,0.00,0.00,0.00,0.00,0.00,0.00,0.00,0.00
2026-09-22 00:00:00+00:00,Tomar,1418,0.00,0.00,0.00,0.00,0.00,0.00,0.00,0.00,0.00,0.00,0.00,0.00,0.00,0.00
2026-09-23 00:00:00+00:00,Tomar,1418,0.02,0.02,0.00,0.11,0.00,0.01,0.02,0.00,0.00,0.00,0.00,0.00,0.00,0.00
2026-09-24 00:00:00+00:00,Tomar,1418,0.08,0.12,0.00,0.72,0.01,0.04,0.09,0.00,0.00,0.00,0.02,0.00,0.00,0.00
2026-09-25 00:00:00+00:00,Tomar,1418,0.02,0.02,0.00,0.12,0.00,0.01,0.02,0.00,0.00,0.00,0.00,0.00,0.00,0.00
2026-09-26 00:00:00+00:00,Tomar,1418,0.03,0.04,0.00,0.21,0.01,0.02,0.04,0.00,0.00,0.00,0.00,0.00,0.00,0.00
2026-09-27 00:00:00+00:00,Tomar,1418,0.00,0.00,0.00,0.00,0.00,0.00,0.00,0.00,0.00,0.00,0.00,0.00,0.00,0.00
2026-09-28 00:00:00+00:00,Tomar,1418,0.14,0.17,0.00,0.89,0.03,0.08,0.18,0.01,0.01,0.00,0.07,0.00,0.00,0.01
2026-09-29 00:00:00+00:00,Tomar,1418,6.21,0.46,5.51,8.38,6.00,6.04,6.24,0.12,0.02,0.10,0.24,0.10,0.11,0.12
2026-09-10 00:00:00+00:00,Torres Novas,1419,0.16,0.07,0.02,0.34,0.11,0.16,0.21,0.01,0.00,0.00,0.02,0.01,0.01,0.01
2026-09-11 00:00:00+00:00,Torres Novas,1419,0.00,0.00,0.00,0.00,0.00,0.00,0.00,0.00,0.00,0.00,0.00,0.00,0.00,0.00
2026-09-12 00:00:00+00:00,Torres Novas,1419,0.18,0.09,0.02,0.43,0.11,0.16,0.22,0.01,0.00,0.00,0.02,0.00,0.01,0.01
2026-09-13 00:00:00+00:00,Torres Novas,1419,0.00,0.00,0.00,0.00,0.00,0.00,0.00,0.00,0.00,0.00,0.00,0.00,0.00,0.00
2026-09-14 00:00:00+00:00,Torres Novas,1419,0.00,0.00,0.00,0.00,0.00,0.00,0.00,0.00,0.00,0.00,0.00,0.00,0.00,0.00
2026-09-15 00:00:00+00:00,Torres Novas,1419,0.00,0.00,0.00,0.00,0.00,0.00,0.00,0.00,0.00,0.00,0.00,0.00,0.00,0.00
2026-09-16 00:00:00+00:00,Torres Novas,1419,0.09,0.04,0.00,0.15,0.07,0.10,0.11,0.00,0.00,0.00,0.00,0.00,0.00,0.00
2026-09-17 00:00:00+00:00,Torres Novas,1419,0.00,0.00,0.00,0.00,0.00,0.00,0.00,0.00,0.00,0.00,0.00,0.00,0.00,0.00
2026-09-18 00:00:00+00:00,Torres Novas,1419,0.16,0.07,0.02,0.34,0.11,0.16,0.21,0.00,0.00,0.00,0.01,0.00,0.00,0.00
2026-09-19 00:00:00+00:00,Torres Novas,1419,0.16,0.08,0.02,0.43,0.11,0.16,0.21,0.00,0.00,0.00,0.01,0.00,0.00,0.00
2026-09-20 00:00:00+00:00,Torres Novas,1419,0.00,0.00,0.00,0.00,0.00,0.00,0.00,0.00,0.00,0.00,0.00,0.00,0.00,0.00
2026-09-21 00:00:00+00:00,Torres Novas,1419,0.00,0.00,0.00,0.00,0.00,0.00,0.00,0.00,0.00,0.00,0.00,0.00,0.00,0.00
2026-09-22 00:00:00+00:00,Torres Novas,1419,0.00,0.00,0.00,0.00,0.00,0.00,0.00,0.00,0.00,0.00,0.00,0.00,0.00,0.00
2026-09-23 00:00:00+00:00,Torres Novas,1419,0.16,0.08,0.02,0.43,0.11,0.16,0.21,0.00,0.00,0.00,0.01,0.00,0.00,0.00
2026-09-24 00:00:00+00:00,Torres Novas,1419,0.57,0.28,0.08,1.35,0.38,0.52,0.72,0.02,0.01,0.00,0.04,0.01,0.02,0.02
2026-09-25 00:00:00+00:00,Torres Novas,1419,0.16,0.07,0.02,0.34,0.11,0.16,0.21,0.00,0.00,0.00,0.01,0.00,0.00,0.00
2026-09-26 00:00:00+00:00,Torres Novas,1419,0.19,0.09,0.04,0.43,0.13,0.17,0.26,0.00,0.00,0.00,0.01,0.00,0.00,0.00
2026-09-27 00:00:00+00:00,Torres Novas,1419,0.00,0.00,0.00,0.00,0.00,0.00,0.00,0.00,0.00,0.00,0.00,0.00,0.00,0.00
2026-09-28 00:00:00+00:00,Torres Novas,1419,1.66,0.82,0.20,3.45,0.94,1.68,2.36,0.11,0.05,0.02,0.24,0.07,0.11,0.15
2026-09-29 00:00:00+00:00,Torres Novas,1419,7.73,0.90,6.29,10.39,7.06,7.53,8.22,0.24,0.06,0.12,0.37,0.19,0.24,0.28
2026-09-10 00:00:00+00:00,Vila Nova da Barquinha,1420,0.05,0.02,0.02,0.09,0.03,0.04,0.06,0.00,0.00,0.00,0.00,0.00,0.00,0.00
2026-09-11 00:00:00+00:00,Vila Nova da Barquinha,1420,0.00,0.00,0.00,0.00,0.00,0.00,0.00,0.00,0.00,0.00,0.00,0.00,0.00,0.00
2026-09-12 00:00:00+00:00,Vila Nova da Barquinha,1420,0.05,0.02,0.02,0.09,0.03,0.04,0.06,0.00,0.00,0.00,0.00,0.00,0.00,0.00
2026-09-13 00:00:00+00:00,Vila Nova da Barquinha,1420,0.00,0.00,0.00,0.00,0.00,0.00,0.00,0.00,0.00,0.00,0.00,0.00,0.00,0.00
2026-09-14 00:00:00+00:00,Vila Nova da Barquinha,1420,0.00,0.00,0.00,0.00,0.00,0.00,0.00,0.00,0.00,0.00,0.00,0.00,0.00,0.00
2026-09-15 00:00:00+00:00,Vila Nova da Barquinha,1420,0.00,0.00,0.00,0.00,0.00,0.00,0.00,0.00,0.00,0.00,0.00,0.00,0.00,0.00
2026-09-16 00:00:00+00:00,Vila Nova da Barquinha,1420,0.03,0.02,0.00,0.07,0.00,0.03,0.05,0.00,0.00,0.00,0.00,0.00,0.00,0.00
2026-09-17 00:00:00+00:00,Vila Nova da Barquinha,1420,0.00,0.00,0.00,0.00,0.00,0.00,0.00,0.00,0.00,0.00,0.00,0.00,0.00,0.00
2026-09-18 00:00:00+00:00,Vila Nova da Barquinha,1420,0.03,0.03,0.00,0.09,0.00,0.04,0.06,0.00,0.00,0.00,0.00,0.00,0.00,0.00
2026-09-19 00:00:00+00:00,Vila Nova da Barquinha,1420,0.03,0.03,0.00,0.09,0.00,0.03,0.06,0.00,0.00,0.00,0.00,0.00,0.00,0.00
2026-09-20 00:00:00+00:00,Vila Nova da Barquinha,1420,0.00,0.00,0.00,0.00,0.00,0.00,0.00,0.00,0.00,0.00,0.00,0.00,0.00,0.00
2026-09-21 00:00:00+00:00,Vila Nova da Barquinha,1420,0.00,0.00,0.00,0.00,0.00,0.00,0.00,0.00,0.00,0.00,0.00,0.00,0.00,0.00
2026-09-22 00:00:00+00:00,Vila Nova da Barquinha,1420,0.00,0.00,0.00,0.00,0.00,0.00,0.00,0.00,0.00,0.00,0.00,0.00,0.00,0.00
2026-09-23 00:00:00+00:00,Vila Nova da Barquinha,1420,0.03,0.03,0.00,0.09,0.00,0.03,0.06,0.00,0.00,0.00,0.00,0.00,0.00,0.00
2026-09-24 00:00:00+00:00,Vila Nova da Barquinha,1420,0.14,0.05,0.05,0.26,0.11,0.13,0.18,0.00,0.00,0.00,0.01,0.00,0.00,0.01
2026-09-25 00:00:00+00:00,Vila Nova da Barquinha,1420,0.05,0.02,0.02,0.09,0.03,0.04,0.06,0.00,0.00,0.00,0.00,0.00,0.00,0.00
2026-09-26 00:00:00+00:00,Vila Nova da Barquinha,1420,0.05,0.02,0.02,0.09,0.03,0.04,0.06,0.00,0.00,0.00,0.00,0.00,0.00,0.00
2026-09-27 00:00:00+00:00,Vila Nova da Barquinha,1420,0.00,0.00,0.00,0.00,0.00,0.00,0.00,0.00,0.00,0.00,0.00,0.00,0.00,0.00
2026-09-28 00:00:00+00:00,Vila Nova da Barquinha,1420,0.41,0.20,0.10,0.90,0.27,0.36,0.57,0.02,0.02,0.00,0.06,0.01,0.02,0.04
2026-09-29 00:00:00+00:00,Vila Nova da Barquinha,1420,6.06,0.28,5.52,6.52,5.80,6.16,6.29,0.13,0.02,0.10,0.17,0.11,0.12,0.14
2026-09-10 00:00:00+00:00,Alcácer do Sal,1501,0.63,0.82,0.00,4.47,0.12,0.22,0.87,0.01,0.01,0.00,0.07,0.00,0.00,0.01
2026-09-11 00:00:00+00:00,Alcácer do Sal,1501,0.00,0.00,0.00,0.00,0.00,0.00,0.00,0.00,0.00,0.00,0.00,0.00,0.00,0.00
2026-09-12 00:00:00+00:00,Alcácer do Sal,1501,0.00,0.00,0.00,0.00,0.00,0.00,0.00,0.00,0.00,0.00,0.00,0.00,0.00,0.00
2026-09-13 00:00:00+00:00,Alcácer do Sal,1501,0.00,0.00,0.00,0.00,0.00,0.00,0.00,0.00,0.00,0.00,0.00,0.00,0.00,0.00
2026-09-14 00:00:00+00:00,Alcácer do Sal,1501,0.00,0.00,0.00,0.00,0.00,0.00,0.00,0.00,0.00,0.00,0.00,0.00,0.00,0.00
2026-09-15 00:00:00+00:00,Alcácer do Sal,1501,0.00,0.00,0.00,0.00,0.00,0.00,0.00,0.00,0.00,0.00,0.00,0.00,0.00,0.00
2026-09-16 00:00:00+00:00,Alcácer do Sal,1501,0.00,0.00,0.00,0.05,0.00,0.00,0.00,0.00,0.00,0.00,0.00,0.00,0.00,0.00
2026-09-17 00:00:00+00:00,Alcácer do Sal,1501,0.00,0.00,0.00,0.00,0.00,0.00,0.00,0.00,0.00,0.00,0.00,0.00,0.00,0.00
2026-09-18 00:00:00+00:00,Alcácer do Sal,1501,0.00,0.00,0.00,0.00,0.00,0.00,0.00,0.00,0.00,0.00,0.00,0.00,0.00,0.00
2026-09-19 00:00:00+00:00,Alcácer do Sal,1501,0.00,0.00,0.00,0.00,0.00,0.00,0.00,0.00,0.00,0.00,0.00,0.00,0.00,0.00
2026-09-20 00:00:00+00:00,Alcácer do Sal,1501,0.00,0.00,0.00,0.00,0.00,0.00,0.00,0.00,0.00,0.00,0.00,0.00,0.00,0.00
2026-09-21 00:00:00+00:00,Alcácer do Sal,1501,0.00,0.00,0.00,0.00,0.00,0.00,0.00,0.00,0.00,0.00,0.00,0.00,0.00,0.00
2026-09-22 00:00:00+00:00,Alcácer do Sal,1501,0.00,0.00,0.00,0.00,0.00,0.00,0.00,0.00,0.00,0.00,0.00,0.00,0.00,0.00
2026-09-23 00:00:00+00:00,Alcácer do Sal,1501,0.51,0.72,0.00,4.16,0.09,0.15,0.65,0.01,0.01,0.00,0.07,0.00,0.00,0.01
2026-09-24 00:00:00+00:00,Alcácer do Sal,1501,0.12,0.11,0.00,0.42,0.04,0.06,0.20,0.01,0.02,0.00,0.08,0.00,0.00,0.02
2026-09-25 00:00:00+00:00,Alcácer do Sal,1501,0.12,0.11,0.00,0.42,0.03,0.06,0.20,0.00,0.00,0.00,0.01,0.00,0.00,0.00
2026-09-26 00:00:00+00:00,Alcácer do Sal,1501,0.00,0.00,0.00,0.00,0.00,0.00,0.00,0.00,0.00,0.00,0.00,0.00,0.00,0.00
2026-09-27 00:00:00+00:00,Alcácer do Sal,1501,0.14,0.25,0.00,1.32,0.00,0.00,0.16,0.00,0.01,0.00,0.03,0.00,0.00,0.00
2026-09-28 00:00:00+00:00,Alcácer do Sal,1501,47.25,21.76,3.53,78.00,28.30,48.66,67.57,6.13,2.94,0.46,10.40,3.52,6.20,8.90
2026-09-29 00:00:00+00:00,Alcácer do Sal,1501,0.27,0.31,0.00,1.06,0.04,0.10,0.47,0.01,0.01,0.00,0.04,0.00,0.00,0.02
2026-09-10 00:00:00+00:00,Alcochete,1502,2.44,1.73,0.12,5.87,1.04,1.95,3.82,0.04,0.03,0.00,0.10,0.02,0.03,0.07
2026-09-11 00:00:00+00:00,Alcochete,1502,0.00,0.00,0.00,0.00,0.00,0.00,0.00,0.00,0.00,0.00,0.00,0.00,0.00,0.00
2026-09-12 00:00:00+00:00,Alcochete,1502,0.00,0.00,0.00,0.00,0.00,0.00,0.00,0.00,0.00,0.00,0.00,0.00,0.00,0.00
2026-09-13 00:00:00+00:00,Alcochete,1502,0.00,0.00,0.00,0.00,0.00,0.00,0.00,0.00,0.00,0.00,0.00,0.00,0.00,0.00
2026-09-14 00:00:00+00:00,Alcochete,1502,0.00,0.00,0.00,0.00,0.00,0.00,0.00,0.00,0.00,0.00,0.00,0.00,0.00,0.00
2026-09-15 00:00:00+00:00,Alcochete,1502,0.00,0.00,0.00,0.00,0.00,0.00,0.00,0.00,0.00,0.00,0.00,0.00,0.00,0.00
2026-09-16 00:00:00+00:00,Alcochete,1502,0.00,0.00,0.00,0.00,0.00,0.00,0.00,0.00,0.00,0.00,0.00,0.00,0.00,0.00
2026-09-17 00:00:00+00:00,Alcochete,1502,0.00,0.00,0.00,0.00,0.00,0.00,0.00,0.00,0.00,0.00,0.00,0.00,0.00,0.00
2026-09-18 00:00:00+00:00,Alcochete,1502,0.00,0.00,0.00,0.00,0.00,0.00,0.00,0.00,0.00,0.00,0.00,0.00,0.00,0.00
2026-09-19 00:00:00+00:00,Alcochete,1502,0.00,0.00,0.00,0.00,0.00,0.00,0.00,0.00,0.00,0.00,0.00,0.00,0.00,0.00
2026-09-20 00:00:00+00:00,Alcochete,1502,0.00,0.00,0.00,0.00,0.00,0.00,0.00,0.00,0.00,0.00,0.00,0.00,0.00,0.00
2026-09-21 00:00:00+00:00,Alcochete,1502,0.00,0.00,0.00,0.00,0.00,0.00,0.00,0.00,0.00,0.00,0.00,0.00,0.00,0.00
2026-09-22 00:00:00+00:00,Alcochete,1502,0.00,0.00,0.00,0.00,0.00,0.00,0.00,0.00,0.00,0.00,0.00,0.00,0.00,0.00
2026-09-23 00:00:00+00:00,Alcochete,1502,0.19,0.11,0.02,0.57,0.11,0.16,0.25,0.00,0.00,0.00,0.01,0.00,0.00,0.00
2026-09-24 00:00:00+00:00,Alcochete,1502,2.25,1.69,0.10,5.82,0.92,1.72,3.48,0.08,0.06,0.00,0.19,0.03,0.06,0.12
2026-09-25 00:00:00+00:00,Alcochete,1502,2.25,1.69,0.10,5.82,0.92,1.72,3.48,0.04,0.03,0.00,0.10,0.02,0.03,0.06
2026-09-26 00:00:00+00:00,Alcochete,1502,0.00,0.00,0.00,0.00,0.00,0.00,0.00,0.00,0.00,0.00,0.00,0.00,0.00,0.00
2026-09-27 00:00:00+00:00,Alcochete,1502,0.00,0.00,0.00,0.00,0.00,0.00,0.00,0.00,0.00,0.00,0.00,0.00,0.00,0.00
2026-09-28 00:00:00+00:00,Alcochete,1502,0.21,0.13,0.01,0.56,0.14,0.17,0.19,0.01,0.02,0.00,0.06,0.00,0.00,0.02
2026-09-29 00:00:00+00:00,Alcochete,1502,3.86,0.94,1.94,5.88,3.20,3.78,4.29,0.14,0.03,0.08,0.20,0.12,0.14,0.17
2026-09-10 00:00:00+00:00,Almada,1503,0.01,0.01,0.00,0.04,0.00,0.01,0.01,0.00,0.00,0.00,0.00,0.00,0.00,0.00
2026-09-11 00:00:00+00:00,Almada,1503,0.00,0.00,0.00,0.00,0.00,0.00,0.00,0.00,0.00,0.00,0.00,0.00,0.00,0.00
2026-09-12 00:00:00+00:00,Almada,1503,0.00,0.00,0.00,0.00,0.00,0.00,0.00,0.00,0.00,0.00,0.00,0.00,0.00,0.00
2026-09-13 00:00:00+00:00,Almada,1503,0.00,0.00,0.00,0.00,0.00,0.00,0.00,0.00,0.00,0.00,0.00,0.00,0.00,0.00
2026-09-14 00:00:00+00:00,Almada,1503,0.00,0.00,0.00,0.00,0.00,0.00,0.00,0.00,0.00,0.00,0.00,0.00,0.00,0.00
2026-09-15 00:00:00+00:00,Almada,1503,0.00,0.00,0.00,0.00,0.00,0.00,0.00,0.00,0.00,0.00,0.00,0.00,0.00,0.00
2026-09-16 00:00:00+00:00,Almada,1503,0.00,0.00,0.00,0.00,0.00,0.00,0.00,0.00,0.00,0.00,0.00,0.00,0.00,0.00
2026-09-17 00:00:00+00:00,Almada,1503,0.00,0.00,0.00,0.00,0.00,0.00,0.00,0.00,0.00,0.00,0.00,0.00,0.00,0.00
2026-09-18 00:00:00+00:00,Almada,1503,0.00,0.00,0.00,0.00,0.00,0.00,0.00,0.00,0.00,0.00,0.00,0.00,0.00,0.00
2026-09-19 00:00:00+00:00,Almada,1503,0.00,0.00,0.00,0.00,0.00,0.00,0.00,0.00,0.00,0.00,0.00,0.00,0.00,0.00
2026-09-20 00:00:00+00:00,Almada,1503,0.00,0.00,0.00,0.00,0.00,0.00,0.00,0.00,0.00,0.00,0.00,0.00,0.00,0.00
2026-09-21 00:00:00+00:00,Almada,1503,0.00,0.00,0.00,0.00,0.00,0.00,0.00,0.00,0.00,0.00,0.00,0.00,0.00,0.00
2026-09-22 00:00:00+00:00,Almada,1503,0.00,0.00,0.00,0.00,0.00,0.00,0.00,0.00,0.00,0.00,0.00,0.00,0.00,0.00
2026-09-23 00:00:00+00:00,Almada,1503,0.00,0.00,0.00,0.02,0.00,0.00,0.00,0.00,0.00,0.00,0.00,0.00,0.00,0.00
2026-09-24 00:00:00+00:00,Almada,1503,0.01,0.01,0.00,0.03,0.00,0.01,0.01,0.00,0.00,0.00,0.00,0.00,0.00,0.00
2026-09-25 00:00:00+00:00,Almada,1503,0.01,0.00,0.00,0.03,0.00,0.01,0.01,0.00,0.00,0.00,0.00,0.00,0.00,0.00
2026-09-26 00:00:00+00:00,Almada,1503,0.00,0.00,0.00,0.00,0.00,0.00,0.00,0.00,0.00,0.00,0.00,0.00,0.00,0.00
2026-09-27 00:00:00+00:00,Almada,1503,0.00,0.00,0.00,0.00,0.00,0.00,0.00,0.00,0.00,0.00,0.00,0.00,0.00,0.00
2026-09-28 00:00:00+00:00,Almada,1503,3.92,1.88,0.35,6.00,2.17,4.64,5.49,0.00,0.00,0.00,0.00,0.00,0.00,0.00
2026-09-29 00:00:00+00:00,Almada,1503,5.67,0.26,4.81,6.00,5.53,5.72,5.89,0.20,0.02,0.16,0.27,0.19,0.20,0.21
2026-09-10 00:00:00+00:00,Barreiro,1504,0.07,0.06,0.00,0.18,0.01,0.07,0.13,0.00,0.00,0.00,0.00,0.00,0.00,0.00
2026-09-11 00:00:00+00:00,Barreiro,1504,0.00,0.00,0.00,0.00,0.00,0.00,0.00,0.00,0.00,0.00,0.00,0.00,0.00,0.00
2026-09-12 00:00:00+00:00,Barreiro,1504,0.00,0.00,0.00,0.00,0.00,0.00,0.00,0.00,0.00,0.00,0.00,0.00,0.00,0.00
2026-09-13 00:00:00+00:00,Barreiro,1504,0.00,0.00,0.00,0.00,0.00,0.00,0.00,0.00,0.00,0.00,0.00,0.00,0.00,0.00
2026-09-14 00:00:00+00:00,Barreiro,1504,0.00,0.00,0.00,0.00,0.00,0.00,0.00,0.00,0.00,0.00,0.00,0.00,0.00,0.00
2026-09-15 00:00:00+00:00,Barreiro,1504,0.00,0.00,0.00,0.00,0.00,0.00,0.00,0.00,0.00,0.00,0.00,0.00,0.00,0.00
2026-09-16 00:00:00+00:00,Barreiro,1504,0.00,0.00,0.00,0.00,0.00,0.00,0.00,0.00,0.00,0.00,0.00,0.00,0.00,0.00
2026-09-17 00:00:00+00:00,Barreiro,1504,0.00,0.00,0.00,0.00,0.00,0.00,0.00,0.00,0.00,0.00,0.00,0.00,0.00,0.00
2026-09-18 00:00:00+00:00,Barreiro,1504,0.00,0.00,0.00,0.00,0.00,0.00,0.00,0.00,0.00,0.00,0.00,0.00,0.00,0.00
2026-09-19 00:00:00+00:00,Barreiro,1504,0.00,0.00,0.00,0.00,0.00,0.00,0.00,0.00,0.00,0.00,0.00,0.00,0.00,0.00
2026-09-20 00:00:00+00:00,Barreiro,1504,0.00,0.00,0.00,0.00,0.00,0.00,0.00,0.00,0.00,0.00,0.00,0.00,0.00,0.00
2026-09-21 00:00:00+00:00,Barreiro,1504,0.00,0.00,0.00,0.00,0.00,0.00,0.00,0.00,0.00,0.00,0.00,0.00,0.00,0.00
2026-09-22 00:00:00+00:00,Barreiro,1504,0.00,0.00,0.00,0.00,0.00,0.00,0.00,0.00,0.00,0.00,0.00,0.00,0.00,0.00
2026-09-23 00:00:00+00:00,Barreiro,1504,0.02,0.02,0.00,0.07,0.00,0.02,0.04,0.00,0.00,0.00,0.00,0.00,0.00,0.00
2026-09-24 00:00:00+00:00,Barreiro,1504,0.05,0.04,0.00,0.11,0.01,0.05,0.08,0.00,0.00,0.00,0.01,0.00,0.00,0.00
2026-09-25 00:00:00+00:00,Barreiro,1504,0.05,0.04,0.00,0.11,0.01,0.05,0.08,0.00,0.00,0.00,0.00,0.00,0.00,0.00
2026-09-26 00:00:00+00:00,Barreiro,1504,0.00,0.00,0.00,0.00,0.00,0.00,0.00,0.00,0.00,0.00,0.00,0.00,0.00,0.00
2026-09-27 00:00:00+00:00,Barreiro,1504,0.00,0.00,0.00,0.00,0.00,0.00,0.00,0.00,0.00,0.00,0.00,0.00,0.00,0.00
2026-09-28 00:00:00+00:00,Barreiro,1504,0.29,0.23,0.00,0.84,0.11,0.24,0.43,0.00,0.01,0.00,0.04,0.00,0.00,0.00
2026-09-29 00:00:00+00:00,Barreiro,1504,1.05,0.64,0.00,2.16,0.55,1.01,1.54,0.03,0.02,0.00,0.07,0.02,0.03,0.05
2026-09-10 00:00:00+00:00,Grândola,1505,0.34,0.16,0.04,0.89,0.21,0.33,0.44,0.01,0.00,0.00,0.02,0.00,0.00,0.01
2026-09-11 00:00:00+00:00,Grândola,1505,0.00,0.00,0.00,0.00,0.00,0.00,0.00,0.00,0.00,0.00,0.00,0.00,0.00,0.00
2026-09-12 00:00:00+00:00,Grândola,1505,0.00,0.00,0.00,0.00,0.00,0.00,0.00,0.00,0.00,0.00,0.00,0.00,0.00,0.00
2026-09-13 00:00:00+00:00,Grândola,1505,0.00,0.00,0.00,0.00,0.00,0.00,0.00,0.00,0.00,0.00,0.00,0.00,0.00,0.00
2026-09-14 00:00:00+00:00,Grândola,1505,0.00,0.00,0.00,0.00,0.00,0.00,0.00,0.00,0.00,0.00,0.00,0.00,0.00,0.00
2026-09-15 00:00:00+00:00,Grândola,1505,0.00,0.00,0.00,0.00,0.00,0.00,0.00,0.00,0.00,0.00,0.00,0.00,0.00,0.00
2026-09-16 00:00:00+00:00,Grândola,1505,0.05,0.05,0.00,0.14,0.00,0.05,0.09,0.00,0.00,0.00,0.00,0.00,0.00,0.00
2026-09-17 00:00:00+00:00,Grândola,1505,0.00,0.00,0.00,0.00,0.00,0.00,0.00,0.00,0.00,0.00,0.00,0.00,0.00,0.00
2026-09-18 00:00:00+00:00,Grândola,1505,0.00,0.00,0.00,0.00,0.00,0.00,0.00,0.00,0.00,0.00,0.00,0.00,0.00,0.00
2026-09-19 00:00:00+00:00,Grândola,1505,0.00,0.00,0.00,0.00,0.00,0.00,0.00,0.00,0.00,0.00,0.00,0.00,0.00,0.00
2026-09-20 00:00:00+00:00,Grândola,1505,0.00,0.00,0.00,0.00,0.00,0.00,0.00,0.00,0.00,0.00,0.00,0.00,0.00,0.00
2026-09-21 00:00:00+00:00,Grândola,1505,0.00,0.00,0.00,0.00,0.00,0.00,0.00,0.00,0.00,0.00,0.00,0.00,0.00,0.00
2026-09-22 00:00:00+00:00,Grândola,1505,0.00,0.00,0.00,0.00,0.00,0.00,0.00,0.00,0.00,0.00,0.00,0.00,0.00,0.00
2026-09-23 00:00:00+00:00,Grândola,1505,0.20,0.11,0.01,0.60,0.13,0.17,0.25,0.00,0.00,0.00,0.01,0.00,0.00,0.00
2026-09-24 00:00:00+00:00,Grândola,1505,0.10,0.06,0.00,0.28,0.07,0.08,0.13,0.01,0.00,0.00,0.02,0.00,0.01,0.01
2026-09-25 00:00:00+00:00,Grândola,1505,0.09,0.07,0.00,0.28,0.06,0.08,0.13,0.00,0.00,0.00,0.00,0.00,0.00,0.00
2026-09-26 00:00:00+00:00,Grândola,1505,0.00,0.00,0.00,0.00,0.00,0.00,0.00,0.00,0.00,0.00,0.00,0.00,0.00,0.00
2026-09-27 00:00:00+00:00,Grândola,1505,0.23,0.25,0.00,1.32,0.00,0.23,0.33,0.01,0.00,0.00,0.03,0.00,0.00,0.01
2026-09-28 00:00:00+00:00,Grândola,1505,27.52,15.58,0.23,65.87,15.49,25.95,37.70,3.61,2.06,0.03,8.67,1.99,3.39,4.97
2026-09-29 00:00:00+00:00,Grândola,1505,0.40,0.24,0.00,1.11,0.23,0.35,0.57,0.01,0.01,0.00,0.04,0.00,0.00,0.01
2026-09-10 00:00:00+00:00,Moita,1506,0.11,0.10,0.00,0.37,0.02,0.08,0.17,0.00,0.00,0.00,0.01,0.00,0.00,0.00
2026-09-11 00:00:00+00:00,Moita,1506,0.00,0.00,0.00,0.00,0.00,0.00,0.00,0.00,0.00,0.00,0.00,0.00,0.00,0.00
2026-09-12 00:00:00+00:00,Moita,1506,0.00,0.00,0.00,0.00,0.00,0.00,0.00,0.00,0.00,0.00,0.00,0.00,0.00,0.00
2026-09-13 00:00:00+00:00,Moita,1506,0.00,0.00,0.00,0.00,0.00,0.00,0.00,0.00,0.00,0.00,0.00,0.00,0.00,0.00
2026-09-14 00:00:00+00:00,Moita,1506,0.00,0.00,0.00,0.00,0.00,0.00,0.00,0.00,0.00,0.00,0.00,0.00,0.00,0.00
2026-09-15 00:00:00+00:00,Moita,1506,0.00,0.00,0.00,0.00,0.00,0.00,0.00,0.00,0.00,0.00,0.00,0.00,0.00,0.00
2026-09-16 00:00:00+00:00,Moita,1506,0.00,0.00,0.00,0.00,0.00,0.00,0.00,0.00,0.00,0.00,0.00,0.00,0.00,0.00
2026-09-17 00:00:00+00:00,Moita,1506,0.00,0.00,0.00,0.00,0.00,0.00,0.00,0.00,0.00,0.00,0.00,0.00,0.00,0.00
2026-09-18 00:00:00+00:00,Moita,1506,0.00,0.00,0.00,0.00,0.00,0.00,0.00,0.00,0.00,0.00,0.00,0.00,0.00,0.00
2026-09-19 00:00:00+00:00,Moita,1506,0.00,0.00,0.00,0.00,0.00,0.00,0.00,0.00,0.00,0.00,0.00,0.00,0.00,0.00
2026-09-20 00:00:00+00:00,Moita,1506,0.00,0.00,0.00,0.00,0.00,0.00,0.00,0.00,0.00,0.00,0.00,0.00,0.00,0.00
2026-09-21 00:00:00+00:00,Moita,1506,0.00,0.00,0.00,0.00,0.00,0.00,0.00,0.00,0.00,0.00,0.00,0.00,0.00,0.00
2026-09-22 00:00:00+00:00,Moita,1506,0.00,0.00,0.00,0.00,0.00,0.00,0.00,0.00,0.00,0.00,0.00,0.00,0.00,0.00
2026-09-23 00:00:00+00:00,Moita,1506,0.03,0.03,0.00,0.10,0.01,0.02,0.04,0.00,0.00,0.00,0.00,0.00,0.00,0.00
2026-09-24 00:00:00+00:00,Moita,1506,0.08,0.07,0.00,0.27,0.02,0.06,0.12,0.00,0.00,0.00,0.01,0.00,0.00,0.01
2026-09-25 00:00:00+00:00,Moita,1506,0.08,0.07,0.00,0.27,0.02,0.06,0.12,0.00,0.00,0.00,0.00,0.00,0.00,0.00
2026-09-26 00:00:00+00:00,Moita,1506,0.00,0.00,0.00,0.00,0.00,0.00,0.00,0.00,0.00,0.00,0.00,0.00,0.00,0.00
2026-09-27 00:00:00+00:00,Moita,1506,0.00,0.00,0.00,0.00,0.00,0.00,0.00,0.00,0.00,0.00,0.00,0.00,0.00,0.00
2026-09-28 00:00:00+00:00,Moita,1506,0.11,0.08,0.00,0.32,0.04,0.09,0.16,0.00,0.00,0.00,0.00,0.00,0.00,0.00
2026-09-29 00:00:00+00:00,Moita,1506,0.68,0.42,0.01,1.35,0.33,0.67,1.04,0.02,0.02,0.00,0.05,0.01,0.02,0.04
2026-09-10 00:00:00+00:00,Montijo,1507,4.47,1.84,0.00,6.00,4.34,5.24,5.66,0.07,0.03,0.00,0.10,0.07,0.09,0.09
2026-09-11 00:00:00+00:00,Montijo,1507,0.00,0.00,0.00,0.00,0.00,0.00,0.00,0.00,0.00,0.00,0.00,0.00,0.00,0.00
2026-09-12 00:00:00+00:00,Montijo,1507,0.00,0.00,0.00,0.00,0.00,0.00,0.00,0.00,0.00,0.00,0.00,0.00,0.00,0.00
2026-09-13 00:00:00+00:00,Montijo,1507,0.00,0.00,0.00,0.00,0.00,0.00,0.00,0.00,0.00,0.00,0.00,0.00,0.00,0.00
2026-09-14 00:00:00+00:00,Montijo,1507,0.00,0.00,0.00,0.00,0.00,0.00,0.00,0.00,0.00,0.00,0.00,0.00,0.00,0.00
2026-09-15 00:00:00+00:00,Montijo,1507,0.00,0.00,0.00,0.00,0.00,0.00,0.00,0.00,0.00,0.00,0.00,0.00,0.00,0.00
2026-09-16 00:00:00+00:00,Montijo,1507,0.00,0.00,0.00,0.00,0.00,0.00,0.00,0.00,0.00,0.00,0.00,0.00,0.00,0.00
2026-09-17 00:00:00+00:00,Montijo,1507,0.00,0.00,0.00,0.00,0.00,0.00,0.00,0.00,0.00,0.00,0.00,0.00,0.00,0.00
2026-09-18 00:00:00+00:00,Montijo,1507,0.00,0.00,0.00,0.00,0.00,0.00,0.00,0.00,0.00,0.00,0.00,0.00,0.00,0.00
2026-09-19 00:00:00+00:00,Montijo,1507,0.00,0.00,0.00,0.00,0.00,0.00,0.00,0.00,0.00,0.00,0.00,0.00,0.00,0.00
2026-09-20 00:00:00+00:00,Montijo,1507,0.00,0.00,0.00,0.00,0.00,0.00,0.00,0.00,0.00,0.00,0.00,0.00,0.00,0.00
2026-09-21 00:00:00+00:00,Montijo,1507,0.00,0.00,0.00,0.00,0.00,0.00,0.00,0.00,0.00,0.00,0.00,0.00,0.00,0.00
2026-09-22 00:00:00+00:00,Montijo,1507,0.00,0.00,0.00,0.00,0.00,0.00,0.00,0.00,0.00,0.00,0.00,0.00,0.00,0.00
2026-09-23 00:00:00+00:00,Montijo,1507,2.64,2.08,0.00,6.00,0.53,2.49,4.58,0.04,0.03,0.00,0.10,0.01,0.04,0.08
2026-09-24 00:00:00+00:00,Montijo,1507,1.83,1.77,0.00,5.86,0.39,1.00,3.14,0.10,0.05,0.00,0.20,0.09,0.10,0.14
2026-09-25 00:00:00+00:00,Montijo,1507,1.83,1.77,0.00,5.86,0.39,1.00,3.14,0.03,0.03,0.00,0.10,0.01,0.02,0.05
2026-09-26 00:00:00+00:00,Montijo,1507,0.00,0.00,0.00,0.00,0.00,0.00,0.00,0.00,0.00,0.00,0.00,0.00,0.00,0.00
2026-09-27 00:00:00+00:00,Montijo,1507,0.00,0.00,0.00,0.00,0.00,0.00,0.00,0.00,0.00,0.00,0.00,0.00,0.00,0.00
2026-09-28 00:00:00+00:00,Montijo,1507,0.46,0.45,0.00,2.39,0.12,0.33,0.69,0.05,0.06,0.00,0.24,0.00,0.02,0.07
2026-09-29 00:00:00+00:00,Montijo,1507,2.44,1.78,0.00,5.89,0.97,2.05,3.98,0.09,0.06,0.00,0.20,0.04,0.08,0.14
2026-09-10 00:00:00+00:00,Palmela,1508,2.79,2.19,0.00,6.00,0.44,2.72,5.02,0.05,0.04,0.00,0.10,0.01,0.05,0.08
2026-09-11 00:00:00+00:00,Palmela,1508,0.00,0.00,0.00,0.00,0.00,0.00,0.00,0.00,0.00,0.00,0.00,0.00,0.00,0.00
2026-09-12 00:00:00+00:00,Palmela,1508,0.00,0.00,0.00,0.00,0.00,0.00,0.00,0.00,0.00,0.00,0.00,0.00,0.00,0.00
2026-09-13 00:00:00+00:00,Palmela,1508,0.00,0.00,0.00,0.00,0.00,0.00,0.00,0.00,0.00,0.00,0.00,0.00,0.00,0.00
2026-09-14 00:00:00+00:00,Palmela,1508,0.00,0.00,0.00,0.00,0.00,0.00,0.00,0.00,0.00,0.00,0.00,0.00,0.00,0.00
2026-09-15 00:00:00+00:00,Palmela,1508,0.00,0.00,0.00,0.00,0.00,0.00,0.00,0.00,0.00,0.00,0.00,0.00,0.00,0.00
2026-09-16 00:00:00+00:00,Palmela,1508,0.00,0.00,0.00,0.00,0.00,0.00,0.00,0.00,0.00,0.00,0.00,0.00,0.00,0.00
2026-09-17 00:00:00+00:00,Palmela,1508,0.00,0.00,0.00,0.00,0.00,0.00,0.00,0.00,0.00,0.00,0.00,0.00,0.00,0.00
2026-09-18 00:00:00+00:00,Palmela,1508,0.00,0.00,0.00,0.00,0.00,0.00,0.00,0.00,0.00,0.00,0.00,0.00,0.00,0.00
2026-09-19 00:00:00+00:00,Palmela,1508,0.00,0.00,0.00,0.00,0.00,0.00,0.00,0.00,0.00,0.00,0.00,0.00,0.00,0.00
2026-09-20 00:00:00+00:00,Palmela,1508,0.00,0.00,0.00,0.00,0.00,0.00,0.00,0.00,0.00,0.00,0.00,0.00,0.00,0.00
2026-09-21 00:00:00+00:00,Palmela,1508,0.00,0.00,0.00,0.00,0.00,0.00,0.00,0.00,0.00,0.00,0.00,0.00,0.00,0.00
2026-09-22 00:00:00+00:00,Palmela,1508,0.00,0.00,0.00,0.00,0.00,0.00,0.00,0.00,0.00,0.00,0.00,0.00,0.00,0.00
2026-09-23 00:00:00+00:00,Palmela,1508,1.77,1.96,0.00,6.00,0.13,0.77,3.26,0.03,0.03,0.00,0.10,0.00,0.01,0.05
2026-09-24 00:00:00+00:00,Palmela,1508,1.03,1.45,0.00,5.89,0.14,0.43,1.13,0.06,0.05,0.00,0.20,0.01,0.06,0.10
2026-09-25 00:00:00+00:00,Palmela,1508,1.03,1.45,0.00,5.89,0.14,0.43,1.13,0.02,0.02,0.00,0.10,0.00,0.01,0.02
2026-09-26 00:00:00+00:00,Palmela,1508,0.00,0.00,0.00,0.00,0.00,0.00,0.00,0.00,0.00,0.00,0.00,0.00,0.00,0.00
2026-09-27 00:00:00+00:00,Palmela,1508,0.00,0.00,0.00,0.00,0.00,0.00,0.00,0.00,0.00,0.00,0.00,0.00,0.00,0.00
2026-09-28 00:00:00+00:00,Palmela,1508,0.82,1.04,0.00,6.11,0.23,0.50,0.86,0.10,0.14,0.00,0.81,0.02,0.05,0.10
2026-09-29 00:00:00+00:00,Palmela,1508,1.41,1.45,0.00,5.91,0.46,0.88,1.69,0.05,0.05,0.00,0.20,0.02,0.03,0.06
2026-09-10 00:00:00+00:00,Santiago do Cacém,1509,0.23,0.28,0.00,1.44,0.04,0.16,0.27,0.00,0.00,0.00,0.02,0.00,0.00,0.00
2026-09-11 00:00:00+00:00,Santiago do Cacém,1509,0.00,0.00,0.00,0.00,0.00,0.00,0.00,0.00,0.00,0.00,0.00,0.00,0.00,0.00
2026-09-12 00:00:00+00:00,Santiago do Cacém,1509,0.00,0.00,0.00,0.00,0.00,0.00,0.00,0.00,0.00,0.00,0.00,0.00,0.00,0.00
2026-09-13 00:00:00+00:00,Santiago do Cacém,1509,0.00,0.00,0.00,0.00,0.00,0.00,0.00,0.00,0.00,0.00,0.00,0.00,0.00,0.00
2026-09-14 00:00:00+00:00,Santiago do Cacém,1509,0.00,0.00,0.00,0.00,0.00,0.00,0.00,0.00,0.00,0.00,0.00,0.00,0.00,0.00
2026-09-15 00:00:00+00:00,Santiago do Cacém,1509,0.00,0.00,0.00,0.03,0.00,0.00,0.00,0.00,0.00,0.00,0.00,0.00,0.00,0.00
2026-09-16 00:00:00+00:00,Santiago do Cacém,1509,0.20,0.29,0.00,1.44,0.03,0.10,0.18,0.00,0.00,0.00,0.02,0.00,0.00,0.00
2026-09-17 00:00:00+00:00,Santiago do Cacém,1509,0.00,0.00,0.00,0.00,0.00,0.00,0.00,0.00,0.00,0.00,0.00,0.00,0.00,0.00
2026-09-18 00:00:00+00:00,Santiago do Cacém,1509,0.00,0.00,0.00,0.00,0.00,0.00,0.00,0.00,0.00,0.00,0.00,0.00,0.00,0.00
2026-09-19 00:00:00+00:00,Santiago do Cacém,1509,0.00,0.00,0.00,0.00,0.00,0.00,0.00,0.00,0.00,0.00,0.00,0.00,0.00,0.00
2026-09-20 00:00:00+00:00,Santiago do Cacém,1509,0.00,0.00,0.00,0.00,0.00,0.00,0.00,0.00,0.00,0.00,0.00,0.00,0.00,0.00
2026-09-21 00:00:00+00:00,Santiago do Cacém,1509,0.00,0.00,0.00,0.00,0.00,0.00,0.00,0.00,0.00,0.00,0.00,0.00,0.00,0.00
2026-09-22 00:00:00+00:00,Santiago do Cacém,1509,0.00,0.00,0.00,0.00,0.00,0.00,0.00,0.00,0.00,0.00,0.00,0.00,0.00,0.00
2026-09-23 00:00:00+00:00,Santiago do Cacém,1509,0.03,0.03,0.00,0.17,0.00,0.02,0.04,0.00,0.00,0.00,0.00,0.00,0.00,0.00
2026-09-24 00:00:00+00:00,Santiago do Cacém,1509,0.01,0.02,0.00,0.09,0.00,0.00,0.00,0.00,0.00,0.00,0.01,0.00,0.00,0.00
2026-09-25 00:00:00+00:00,Santiago do Cacém,1509,0.01,0.02,0.00,0.09,0.00,0.00,0.00,0.00,0.00,0.00,0.00,0.00,0.00,0.00
2026-09-26 00:00:00+00:00,Santiago do Cacém,1509,0.00,0.00,0.00,0.00,0.00,0.00,0.00,0.00,0.00,0.00,0.00,0.00,0.00,0.00
2026-09-27 00:00:00+00:00,Santiago do Cacém,1509,0.11,0.07,0.00,0.27,0.05,0.11,0.16,0.00,0.00,0.00,0.01,0.00,0.00,0.00
2026-09-28 00:00:00+00:00,Santiago do Cacém,1509,2.81,2.47,0.00,16.00,1.00,2.42,3.50,0.44,0.34,0.00,2.12,0.17,0.42,0.60
2026-09-29 00:00:00+00:00,Santiago do Cacém,1509,0.83,1.27,0.00,6.88,0.11,0.42,0.71,0.00,0.00,0.00,0.01,0.00,0.00,0.00
2026-09-10 00:00:00+00:00,Seixal,1510,0.07,0.04,0.01,0.18,0.03,0.05,0.09,0.00,0.00,0.00,0.00,0.00,0.00,0.00
2026-09-11 00:00:00+00:00,Seixal,1510,0.00,0.00,0.00,0.00,0.00,0.00,0.00,0.00,0.00,0.00,0.00,0.00,0.00,0.00
2026-09-12 00:00:00+00:00,Seixal,1510,0.00,0.00,0.00,0.00,0.00,0.00,0.00,0.00,0.00,0.00,0.00,0.00,0.00,0.00
2026-09-13 00:00:00+00:00,Seixal,1510,0.00,0.00,0.00,0.00,0.00,0.00,0.00,0.00,0.00,0.00,0.00,0.00,0.00,0.00
2026-09-14 00:00:00+00:00,Seixal,1510,0.00,0.00,0.00,0.00,0.00,0.00,0.00,0.00,0.00,0.00,0.00,0.00,0.00,0.00
2026-09-15 00:00:00+00:00,Seixal,1510,0.00,0.00,0.00,0.00,0.00,0.00,0.00,0.00,0.00,0.00,0.00,0.00,0.00,0.00
2026-09-16 00:00:00+00:00,Seixal,1510,0.00,0.00,0.00,0.00,0.00,0.00,0.00,0.00,0.00,0.00,0.00,0.00,0.00,0.00
2026-09-17 00:00:00+00:00,Seixal,1510,0.00,0.00,0.00,0.00,0.00,0.00,0.00,0.00,0.00,0.00,0.00,0.00,0.00,0.00
2026-09-18 00:00:00+00:00,Seixal,1510,0.00,0.00,0.00,0.00,0.00,0.00,0.00,0.00,0.00,0.00,0.00,0.00,0.00,0.00
2026-09-19 00:00:00+00:00,Seixal,1510,0.00,0.00,0.00,0.00,0.00,0.00,0.00,0.00,0.00,0.00,0.00,0.00,0.00,0.00
2026-09-20 00:00:00+00:00,Seixal,1510,0.00,0.00,0.00,0.00,0.00,0.00,0.00,0.00,0.00,0.00,0.00,0.00,0.00,0.00
2026-09-21 00:00:00+00:00,Seixal,1510,0.00,0.00,0.00,0.00,0.00,0.00,0.00,0.00,0.00,0.00,0.00,0.00,0.00,0.00
2026-09-22 00:00:00+00:00,Seixal,1510,0.00,0.00,0.00,0.00,0.00,0.00,0.00,0.00,0.00,0.00,0.00,0.00,0.00,0.00
2026-09-23 00:00:00+00:00,Seixal,1510,0.02,0.02,0.00,0.07,0.01,0.02,0.03,0.00,0.00,0.00,0.00,0.00,0.00,0.00
2026-09-24 00:00:00+00:00,Seixal,1510,0.04,0.03,0.00,0.11,0.02,0.03,0.06,0.00,0.00,0.00,0.01,0.00,0.00,0.00
2026-09-25 00:00:00+00:00,Seixal,1510,0.04,0.03,0.00,0.11,0.02,0.03,0.06,0.00,0.00,0.00,0.00,0.00,0.00,0.00
2026-09-26 00:00:00+00:00,Seixal,1510,0.00,0.00,0.00,0.00,0.00,0.00,0.00,0.00,0.00,0.00,0.00,0.00,0.00,0.00
2026-09-27 00:00:00+00:00,Seixal,1510,0.00,0.00,0.00,0.00,0.00,0.00,0.00,0.00,0.00,0.00,0.00,0.00,0.00,0.00
2026-09-28 00:00:00+00:00,Seixal,1510,2.13,1.32,0.29,5.47,1.13,1.79,3.08,0.00,0.01,0.00,0.06,0.00,0.00,0.00
2026-09-29 00:00:00+00:00,Seixal,1510,3.72,1.22,1.15,5.84,2.79,3.65,4.81,0.11,0.04,0.04,0.19,0.09,0.11,0.15
2026-09-10 00:00:00+00:00,Sesimbra,1511,0.20,0.07,0.04,0.34,0.15,0.21,0.25,0.01,0.00,0.00,0.01,0.00,0.01,0.01
2026-09-11 00:00:00+00:00,Sesimbra,1511,0.00,0.00,0.00,0.00,0.00,0.00,0.00,0.00,0.00,0.00,0.00,0.00,0.00,0.00
2026-09-12 00:00:00+00:00,Sesimbra,1511,0.00,0.00,0.00,0.00,0.00,0.00,0.00,0.00,0.00,0.00,0.00,0.00,0.00,0.00
2026-09-13 00:00:00+00:00,Sesimbra,1511,0.00,0.00,0.00,0.00,0.00,0.00,0.00,0.00,0.00,0.00,0.00,0.00,0.00,0.00
2026-09-14 00:00:00+00:00,Sesimbra,1511,0.00,0.00,0.00,0.00,0.00,0.00,0.00,0.00,0.00,0.00,0.00,0.00,0.00,0.00
2026-09-15 00:00:00+00:00,Sesimbra,1511,0.00,0.00,0.00,0.00,0.00,0.00,0.00,0.00,0.00,0.00,0.00,0.00,0.00,0.00
2026-09-16 00:00:00+00:00,Sesimbra,1511,0.00,0.00,0.00,0.00,0.00,0.00,0.00,0.00,0.00,0.00,0.00,0.00,0.00,0.00
2026-09-17 00:00:00+00:00,Sesimbra,1511,0.00,0.00,0.00,0.00,0.00,0.00,0.00,0.00,0.00,0.00,0.00,0.00,0.00,0.00
2026-09-18 00:00:00+00:00,Sesimbra,1511,0.00,0.00,0.00,0.00,0.00,0.00,0.00,0.00,0.00,0.00,0.00,0.00,0.00,0.00
2026-09-19 00:00:00+00:00,Sesimbra,1511,0.00,0.00,0.00,0.00,0.00,0.00,0.00,0.00,0.00,0.00,0.00,0.00,0.00,0.00
2026-09-20 00:00:00+00:00,Sesimbra,1511,0.00,0.00,0.00,0.00,0.00,0.00,0.00,0.00,0.00,0.00,0.00,0.00,0.00,0.00
2026-09-21 00:00:00+00:00,Sesimbra,1511,0.00,0.00,0.00,0.00,0.00,0.00,0.00,0.00,0.00,0.00,0.00,0.00,0.00,0.00
2026-09-22 00:00:00+00:00,Sesimbra,1511,0.00,0.00,0.00,0.00,0.00,0.00,0.00,0.00,0.00,0.00,0.00,0.00,0.00,0.00
2026-09-23 00:00:00+00:00,Sesimbra,1511,0.09,0.04,0.01,0.17,0.06,0.09,0.12,0.00,0.00,0.00,0.00,0.00,0.00,0.00
2026-09-24 00:00:00+00:00,Sesimbra,1511,0.11,0.04,0.02,0.18,0.09,0.12,0.14,0.01,0.00,0.00,0.01,0.01,0.01,0.01
2026-09-25 00:00:00+00:00,Sesimbra,1511,0.11,0.04,0.02,0.18,0.09,0.12,0.14,0.00,0.00,0.00,0.00,0.00,0.00,0.00
2026-09-26 00:00:00+00:00,Sesimbra,1511,0.00,0.00,0.00,0.00,0.00,0.00,0.00,0.00,0.00,0.00,0.00,0.00,0.00,0.00
2026-09-27 00:00:00+00:00,Sesimbra,1511,0.00,0.00,0.00,0.00,0.00,0.00,0.00,0.00,0.00,0.00,0.00,0.00,0.00,0.00
2026-09-28 00:00:00+00:00,Sesimbra,1511,2.51,0.63,0.85,4.47,2.07,2.54,2.86,0.09,0.07,0.00,0.23,0.00,0.10,0.15
2026-09-29 00:00:00+00:00,Sesimbra,1511,3.69,0.80,1.97,5.38,3.07,3.82,4.24,0.12,0.03,0.06,0.17,0.10,0.13,0.15
2026-09-10 00:00:00+00:00,Setúbal,1512,0.43,0.50,0.00,2.70,0.12,0.23,0.60,0.01,0.01,0.00,0.05,0.00,0.00,0.01
2026-09-11 00:00:00+00:00,Setúbal,1512,0.00,0.00,0.00,0.00,0.00,0.00,0.00,0.00,0.00,0.00,0.00,0.00,0.00,0.00
2026-09-12 00:00:00+00:00,Setúbal,1512,0.00,0.00,0.00,0.00,0.00,0.00,0.00,0.00,0.00,0.00,0.00,0.00,0.00,0.00
2026-09-13 00:00:00+00:00,Setúbal,1512,0.00,0.00,0.00,0.00,0.00,0.00,0.00,0.00,0.00,0.00,0.00,0.00,0.00,0.00
2026-09-14 00:00:00+00:00,Setúbal,1512,0.00,0.00,0.00,0.00,0.00,0.00,0.00,0.00,0.00,0.00,0.00,0.00,0.00,0.00
2026-09-15 00:00:00+00:00,Setúbal,1512,0.00,0.00,0.00,0.00,0.00,0.00,0.00,0.00,0.00,0.00,0.00,0.00,0.00,0.00
2026-09-16 00:00:00+00:00,Setúbal,1512,0.00,0.00,0.00,0.00,0.00,0.00,0.00,0.00,0.00,0.00,0.00,0.00,0.00,0.00
2026-09-17 00:00:00+00:00,Setúbal,1512,0.00,0.00,0.00,0.00,0.00,0.00,0.00,0.00,0.00,0.00,0.00,0.00,0.00,0.00
2026-09-18 00:00:00+00:00,Setúbal,1512,0.00,0.00,0.00,0.00,0.00,0.00,0.00,0.00,0.00,0.00,0.00,0.00,0.00,0.00
2026-09-19 00:00:00+00:00,Setúbal,1512,0.00,0.00,0.00,0.00,0.00,0.00,0.00,0.00,0.00,0.00,0.00,0.00,0.00,0.00
2026-09-20 00:00:00+00:00,Setúbal,1512,0.00,0.00,0.00,0.00,0.00,0.00,0.00,0.00,0.00,0.00,0.00,0.00,0.00,0.00
2026-09-21 00:00:00+00:00,Setúbal,1512,0.00,0.00,0.00,0.00,0.00,0.00,0.00,0.00,0.00,0.00,0.00,0.00,0.00,0.00
2026-09-22 00:00:00+00:00,Setúbal,1512,0.00,0.00,0.00,0.00,0.00,0.00,0.00,0.00,0.00,0.00,0.00,0.00,0.00,0.00
2026-09-23 00:00:00+00:00,Setúbal,1512,0.30,0.40,0.00,2.18,0.06,0.11,0.42,0.01,0.01,0.00,0.04,0.00,0.00,0.01
2026-09-24 00:00:00+00:00,Setúbal,1512,0.13,0.11,0.00,0.52,0.06,0.12,0.18,0.01,0.01,0.00,0.05,0.00,0.01,0.01
2026-09-25 00:00:00+00:00,Setúbal,1512,0.13,0.11,0.00,0.52,0.06,0.12,0.18,0.00,0.00,0.00,0.01,0.00,0.00,0.00
2026-09-26 00:00:00+00:00,Setúbal,1512,0.00,0.00,0.00,0.00,0.00,0.00,0.00,0.00,0.00,0.00,0.00,0.00,0.00,0.00
2026-09-27 00:00:00+00:00,Setúbal,1512,0.00,0.00,0.00,0.00,0.00,0.00,0.00,0.00,0.00,0.00,0.00,0.00,0.00,0.00
2026-09-28 00:00:00+00:00,Setúbal,1512,1.33,1.43,0.00,6.93,0.33,0.93,1.68,0.16,0.19,0.00,0.92,0.04,0.08,0.19
2026-09-29 00:00:00+00:00,Setúbal,1512,0.70,0.61,0.00,2.38,0.21,0.57,0.93,0.02,0.02,0.00,0.08,0.01,0.02,0.03
2026-09-10 00:00:00+00:00,Sines,1513,0.13,0.18,0.00,0.73,0.01,0.04,0.18,0.00,0.00,0.00,0.01,0.00,0.00,0.00
2026-09-11 00:00:00+00:00,Sines,1513,0.00,0.00,0.00,0.00,0.00,0.00,0.00,0.00,0.00,0.00,0.00,0.00,0.00,0.00
2026-09-12 00:00:00+00:00,Sines,1513,0.00,0.00,0.00,0.00,0.00,0.00,0.00,0.00,0.00,0.00,0.00,0.00,0.00,0.00
2026-09-13 00:00:00+00:00,Sines,1513,0.00,0.00,0.00,0.00,0.00,0.00,0.00,0.00,0.00,0.00,0.00,0.00,0.00,0.00
2026-09-14 00:00:00+00:00,Sines,1513,0.00,0.00,0.00,0.00,0.00,0.00,0.00,0.00,0.00,0.00,0.00,0.00,0.00,0.00
2026-09-15 00:00:00+00:00,Sines,1513,0.00,0.01,0.00,0.03,0.00,0.00,0.00,0.00,0.00,0.00,0.00,0.00,0.00,0.00
2026-09-16 00:00:00+00:00,Sines,1513,0.12,0.18,0.00,0.73,0.01,0.03,0.17,0.00,0.00,0.00,0.01,0.00,0.00,0.00
2026-09-17 00:00:00+00:00,Sines,1513,0.00,0.00,0.00,0.00,0.00,0.00,0.00,0.00,0.00,0.00,0.00,0.00,0.00,0.00
2026-09-18 00:00:00+00:00,Sines,1513,0.00,0.00,0.00,0.00,0.00,0.00,0.00,0.00,0.00,0.00,0.00,0.00,0.00,0.00
2026-09-19 00:00:00+00:00,Sines,1513,0.00,0.00,0.00,0.00,0.00,0.00,0.00,0.00,0.00,0.00,0.00,0.00,0.00,0.00
2026-09-20 00:00:00+00:00,Sines,1513,0.00,0.00,0.00,0.00,0.00,0.00,0.00,0.00,0.00,0.00,0.00,0.00,0.00,0.00
2026-09-21 00:00:00+00:00,Sines,1513,0.00,0.00,0.00,0.00,0.00,0.00,0.00,0.00,0.00,0.00,0.00,0.00,0.00,0.00
2026-09-22 00:00:00+00:00,Sines,1513,0.00,0.00,0.00,0.00,0.00,0.00,0.00,0.00,0.00,0.00,0.00,0.00,0.00,0.00
2026-09-23 00:00:00+00:00,Sines,1513,0.01,0.01,0.00,0.02,0.00,0.01,0.01,0.00,0.00,0.00,0.00,0.00,0.00,0.00
2026-09-24 00:00:00+00:00,Sines,1513,0.00,0.00,0.00,0.01,0.00,0.00,0.00,0.00,0.00,0.00,0.00,0.00,0.00,0.00
2026-09-25 00:00:00+00:00,Sines,1513,0.00,0.00,0.00,0.01,0.00,0.00,0.00,0.00,0.00,0.00,0.00,0.00,0.00,0.00
2026-09-26 00:00:00+00:00,Sines,1513,0.00,0.00,0.00,0.00,0.00,0.00,0.00,0.00,0.00,0.00,0.00,0.00,0.00,0.00
2026-09-27 00:00:00+00:00,Sines,1513,0.02,0.03,0.00,0.10,0.00,0.01,0.04,0.00,0.00,0.00,0.00,0.00,0.00,0.00
2026-09-28 00:00:00+00:00,Sines,1513,0.59,0.57,0.00,2.05,0.08,0.37,1.06,0.10,0.11,0.00,0.39,0.01,0.06,0.19
2026-09-29 00:00:00+00:00,Sines,1513,0.55,0.81,0.00,3.38,0.03,0.14,0.70,0.00,0.00,0.00,0.00,0.00,0.00,0.00
2026-09-10 00:00:00+00:00,Arcos de Valdevez,1601,0.00,0.00,0.00,0.00,0.00,0.00,0.00,0.00,0.00,0.00,0.00,0.00,0.00,0.00
2026-09-11 00:00:00+00:00,Arcos de Valdevez,1601,0.00,0.00,0.00,0.00,0.00,0.00,0.00,0.00,0.00,0.00,0.00,0.00,0.00,0.00
2026-09-12 00:00:00+00:00,Arcos de Valdevez,1601,0.00,0.00,0.00,0.00,0.00,0.00,0.00,0.00,0.00,0.00,0.00,0.00,0.00,0.00
2026-09-13 00:00:00+00:00,Arcos de Valdevez,1601,0.00,0.00,0.00,0.00,0.00,0.00,0.00,0.00,0.00,0.00,0.00,0.00,0.00,0.00
2026-09-14 00:00:00+00:00,Arcos de Valdevez,1601,0.00,0.00,0.00,0.00,0.00,0.00,0.00,0.00,0.00,0.00,0.00,0.00,0.00,0.00
2026-09-15 00:00:00+00:00,Arcos de Valdevez,1601,0.00,0.00,0.00,0.00,0.00,0.00,0.00,0.00,0.00,0.00,0.00,0.00,0.00,0.00
2026-09-16 00:00:00+00:00,Arcos de Valdevez,1601,1.06,1.43,0.00,5.93,0.07,0.43,1.46,0.05,0.07,0.00,0.30,0.00,0.02,0.07
2026-09-17 00:00:00+00:00,Arcos de Valdevez,1601,0.00,0.00,0.00,0.00,0.00,0.00,0.00,0.00,0.00,0.00,0.00,0.00,0.00,0.00
2026-09-18 00:00:00+00:00,Arcos de Valdevez,1601,0.00,0.00,0.00,0.00,0.00,0.00,0.00,0.00,0.00,0.00,0.00,0.00,0.00,0.00
2026-09-19 00:00:00+00:00,Arcos de Valdevez,1601,0.00,0.00,0.00,0.00,0.00,0.00,0.00,0.00,0.00,0.00,0.00,0.00,0.00,0.00
2026-09-20 00:00:00+00:00,Arcos de Valdevez,1601,0.00,0.00,0.00,0.00,0.00,0.00,0.00,0.00,0.00,0.00,0.00,0.00,0.00,0.00
2026-09-21 00:00:00+00:00,Arcos de Valdevez,1601,0.00,0.00,0.00,0.00,0.00,0.00,0.00,0.00,0.00,0.00,0.00,0.00,0.00,0.00
2026-09-22 00:00:00+00:00,Arcos de Valdevez,1601,0.00,0.00,0.00,0.00,0.00,0.00,0.00,0.00,0.00,0.00,0.00,0.00,0.00,0.00
2026-09-23 00:00:00+00:00,Arcos de Valdevez,1601,0.00,0.00,0.00,0.00,0.00,0.00,0.00,0.00,0.00,0.00,0.00,0.00,0.00,0.00
2026-09-24 00:00:00+00:00,Arcos de Valdevez,1601,0.00,0.00,0.00,0.00,0.00,0.00,0.00,0.00,0.00,0.00,0.00,0.00,0.00,0.00
2026-09-25 00:00:00+00:00,Arcos de Valdevez,1601,0.72,0.51,0.00,2.78,0.35,0.65,0.95,0.01,0.01,0.00,0.05,0.01,0.01,0.02
2026-09-26 00:00:00+00:00,Arcos de Valdevez,1601,0.00,0.00,0.00,0.00,0.00,0.00,0.00,0.00,0.00,0.00,0.00,0.00,0.00,0.00
2026-09-27 00:00:00+00:00,Arcos de Valdevez,1601,2.23,1.23,0.28,5.94,1.35,1.87,2.78,0.07,0.04,0.01,0.20,0.04,0.06,0.09
2026-09-28 00:00:00+00:00,Arcos de Valdevez,1601,3.71,2.74,0.00,11.05,1.52,3.10,5.73,0.24,0.20,0.00,0.91,0.11,0.17,0.31
2026-09-29 00:00:00+00:00,Arcos de Valdevez,1601,49.14,8.73,18.58,63.39,46.56,52.93,54.03,40.40,5.84,23.03,49.44,37.67,41.54,45.27
2026-09-10 00:00:00+00:00,Caminha,1602,0.00,0.00,0.00,0.00,0.00,0.00,0.00,0.00,0.00,0.00,0.00,0.00,0.00,0.00
2026-09-11 00:00:00+00:00,Caminha,1602,0.00,0.00,0.00,0.00,0.00,0.00,0.00,0.00,0.00,0.00,0.00,0.00,0.00,0.00
2026-09-12 00:00:00+00:00,Caminha,1602,0.00,0.00,0.00,0.00,0.00,0.00,0.00,0.00,0.00,0.00,0.00,0.00,0.00,0.00
2026-09-13 00:00:00+00:00,Caminha,1602,0.00,0.00,0.00,0.00,0.00,0.00,0.00,0.00,0.00,0.00,0.00,0.00,0.00,0.00
2026-09-14 00:00:00+00:00,Caminha,1602,0.00,0.00,0.00,0.00,0.00,0.00,0.00,0.00,0.00,0.00,0.00,0.00,0.00,0.00
2026-09-15 00:00:00+00:00,Caminha,1602,0.00,0.00,0.00,0.00,0.00,0.00,0.00,0.00,0.00,0.00,0.00,0.00,0.00,0.00
2026-09-16 00:00:00+00:00,Caminha,1602,0.03,0.01,0.00,0.05,0.02,0.04,0.04,0.00,0.00,0.00,0.00,0.00,0.00,0.00
2026-09-17 00:00:00+00:00,Caminha,1602,0.00,0.00,0.00,0.00,0.00,0.00,0.00,0.00,0.00,0.00,0.00,0.00,0.00,0.00
2026-09-18 00:00:00+00:00,Caminha,1602,0.00,0.00,0.00,0.00,0.00,0.00,0.00,0.00,0.00,0.00,0.00,0.00,0.00,0.00
2026-09-19 00:00:00+00:00,Caminha,1602,0.00,0.00,0.00,0.00,0.00,0.00,0.00,0.00,0.00,0.00,0.00,0.00,0.00,0.00
2026-09-20 00:00:00+00:00,Caminha,1602,0.00,0.00,0.00,0.00,0.00,0.00,0.00,0.00,0.00,0.00,0.00,0.00,0.00,0.00
2026-09-21 00:00:00+00:00,Caminha,1602,0.00,0.00,0.00,0.00,0.00,0.00,0.00,0.00,0.00,0.00,0.00,0.00,0.00,0.00
2026-09-22 00:00:00+00:00,Caminha,1602,0.00,0.00,0.00,0.00,0.00,0.00,0.00,0.00,0.00,0.00,0.00,0.00,0.00,0.00
2026-09-23 00:00:00+00:00,Caminha,1602,0.00,0.00,0.00,0.00,0.00,0.00,0.00,0.00,0.00,0.00,0.00,0.00,0.00,0.00
2026-09-24 00:00:00+00:00,Caminha,1602,0.00,0.00,0.00,0.00,0.00,0.00,0.00,0.00,0.00,0.00,0.00,0.00,0.00,0.00
2026-09-25 00:00:00+00:00,Caminha,1602,3.89,0.63,1.80,5.23,3.59,3.99,4.25,0.06,0.01,0.03,0.09,0.06,0.07,0.07
2026-09-26 00:00:00+00:00,Caminha,1602,0.00,0.00,0.00,0.00,0.00,0.00,0.00,0.00,0.00,0.00,0.00,0.00,0.00,0.00
2026-09-27 00:00:00+00:00,Caminha,1602,6.48,3.78,1.29,17.36,3.30,5.37,9.10,0.19,0.11,0.04,0.52,0.10,0.16,0.27
2026-09-28 00:00:00+00:00,Caminha,1602,0.67,0.24,0.11,1.10,0.50,0.74,0.83,0.06,0.02,0.01,0.09,0.04,0.06,0.07
2026-09-29 00:00:00+00:00,Caminha,1602,42.09,4.03,33.70,55.41,39.67,42.00,43.23,27.99,2.98,23.58,38.98,26.23,27.41,28.62
2026-09-10 00:00:00+00:00,Melgaço,1603,0.00,0.00,0.00,0.00,0.00,0.00,0.00,0.00,0.00,0.00,0.00,0.00,0.00,0.00
2026-09-11 00:00:00+00:00,Melgaço,1603,0.00,0.00,0.00,0.00,0.00,0.00,0.00,0.00,0.00,0.00,0.00,0.00,0.00,0.00
2026-09-12 00:00:00+00:00,Melgaço,1603,0.00,0.00,0.00,0.00,0.00,0.00,0.00,0.00,0.00,0.00,0.00,0.00,0.00,0.00
2026-09-13 00:00:00+00:00,Melgaço,1603,0.00,0.00,0.00,0.00,0.00,0.00,0.00,0.00,0.00,0.00,0.00,0.00,0.00,0.00
2026-09-14 00:00:00+00:00,Melgaço,1603,0.00,0.00,0.00,0.00,0.00,0.00,0.00,0.00,0.00,0.00,0.00,0.00,0.00,0.00
2026-09-15 00:00:00+00:00,Melgaço,1603,0.00,0.00,0.00,0.00,0.00,0.00,0.00,0.00,0.00,0.00,0.00,0.00,0.00,0.00
2026-09-16 00:00:00+00:00,Melgaço,1603,4.76,1.41,0.20,6.00,4.15,5.35,5.79,0.24,0.07,0.01,0.30,0.21,0.27,0.29
2026-09-17 00:00:00+00:00,Melgaço,1603,0.00,0.00,0.00,0.00,0.00,0.00,0.00,0.00,0.00,0.00,0.00,0.00,0.00,0.00
2026-09-18 00:00:00+00:00,Melgaço,1603,0.00,0.00,0.00,0.00,0.00,0.00,0.00,0.00,0.00,0.00,0.00,0.00,0.00,0.00
2026-09-19 00:00:00+00:00,Melgaço,1603,0.00,0.00,0.00,0.00,0.00,0.00,0.00,0.00,0.00,0.00,0.00,0.00,0.00,0.00
2026-09-20 00:00:00+00:00,Melgaço,1603,0.00,0.00,0.00,0.00,0.00,0.00,0.00,0.00,0.00,0.00,0.00,0.00,0.00,0.00
2026-09-21 00:00:00+00:00,Melgaço,1603,0.00,0.00,0.00,0.00,0.00,0.00,0.00,0.00,0.00,0.00,0.00,0.00,0.00,0.00
2026-09-22 00:00:00+00:00,Melgaço,1603,0.00,0.00,0.00,0.00,0.00,0.00,0.00,0.00,0.00,0.00,0.00,0.00,0.00,0.00
2026-09-23 00:00:00+00:00,Melgaço,1603,0.00,0.00,0.00,0.00,0.00,0.00,0.00,0.00,0.00,0.00,0.00,0.00,0.00,0.00
2026-09-24 00:00:00+00:00,Melgaço,1603,0.00,0.00,0.00,0.00,0.00,0.00,0.00,0.00,0.00,0.00,0.00,0.00,0.00,0.00
2026-09-25 00:00:00+00:00,Melgaço,1603,0.03,0.03,0.00,0.17,0.01,0.03,0.04,0.00,0.00,0.00,0.00,0.00,0.00,0.00
2026-09-26 00:00:00+00:00,Melgaço,1603,0.00,0.00,0.00,0.00,0.00,0.00,0.00,0.00,0.00,0.00,0.00,0.00,0.00,0.00
2026-09-27 00:00:00+00:00,Melgaço,1603,4.86,1.40,0.20,6.00,4.39,5.52,5.84,0.16,0.05,0.01,0.20,0.15,0.18,0.19
2026-09-28 00:00:00+00:00,Melgaço,1603,5.05,1.40,0.24,6.44,4.69,5.84,5.94,0.10,0.04,0.01,0.29,0.10,0.10,0.11
2026-09-29 00:00:00+00:00,Melgaço,1603,29.32,14.13,18.00,76.93,19.59,22.44,33.74,26.90,4.86,22.80,42.87,23.41,24.52,28.91
2026-09-10 00:00:00+00:00,Monção,1604,0.00,0.00,0.00,0.00,0.00,0.00,0.00,0.00,0.00,0.00,0.00,0.00,0.00,0.00
2026-09-11 00:00:00+00:00,Monção,1604,0.00,0.00,0.00,0.00,0.00,0.00,0.00,0.00,0.00,0.00,0.00,0.00,0.00,0.00
2026-09-12 00:00:00+00:00,Monção,1604,0.00,0.00,0.00,0.00,0.00,0.00,0.00,0.00,0.00,0.00,0.00,0.00,0.00,0.00
2026-09-13 00:00:00+00:00,Monção,1604,0.00,0.00,0.00,0.00,0.00,0.00,0.00,0.00,0.00,0.00,0.00,0.00,0.00,0.00
2026-09-14 00:00:00+00:00,Monção,1604,0.00,0.00,0.00,0.00,0.00,0.00,0.00,0.00,0.00,0.00,0.00,0.00,0.00,0.00
2026-09-15 00:00:00+00:00,Monção,1604,0.00,0.00,0.00,0.00,0.00,0.00,0.00,0.00,0.00,0.00,0.00,0.00,0.00,0.00
2026-09-16 00:00:00+00:00,Monção,1604,0.43,0.51,0.00,3.10,0.18,0.29,0.44,0.02,0.03,0.00,0.16,0.01,0.01,0.02
2026-09-17 00:00:00+00:00,Monção,1604,0.00,0.00,0.00,0.00,0.00,0.00,0.00,0.00,0.00,0.00,0.00,0.00,0.00,0.00
2026-09-18 00:00:00+00:00,Monção,1604,0.00,0.00,0.00,0.00,0.00,0.00,0.00,0.00,0.00,0.00,0.00,0.00,0.00,0.00
2026-09-19 00:00:00+00:00,Monção,1604,0.00,0.00,0.00,0.00,0.00,0.00,0.00,0.00,0.00,0.00,0.00,0.00,0.00,0.00
2026-09-20 00:00:00+00:00,Monção,1604,0.00,0.00,0.00,0.00,0.00,0.00,0.00,0.00,0.00,0.00,0.00,0.00,0.00,0.00
2026-09-21 00:00:00+00:00,Monção,1604,0.00,0.00,0.00,0.00,0.00,0.00,0.00,0.00,0.00,0.00,0.00,0.00,0.00,0.00
2026-09-22 00:00:00+00:00,Monção,1604,0.00,0.00,0.00,0.00,0.00,0.00,0.00,0.00,0.00,0.00,0.00,0.00,0.00,0.00
2026-09-23 00:00:00+00:00,Monção,1604,0.00,0.00,0.00,0.00,0.00,0.00,0.00,0.00,0.00,0.00,0.00,0.00,0.00,0.00
2026-09-24 00:00:00+00:00,Monção,1604,0.00,0.00,0.00,0.00,0.00,0.00,0.00,0.00,0.00,0.00,0.00,0.00,0.00,0.00
2026-09-25 00:00:00+00:00,Monção,1604,0.66,0.85,0.00,3.51,0.06,0.23,0.96,0.01,0.01,0.00,0.06,0.00,0.00,0.02
2026-09-26 00:00:00+00:00,Monção,1604,0.00,0.00,0.00,0.00,0.00,0.00,0.00,0.00,0.00,0.00,0.00,0.00,0.00,0.00
2026-09-27 00:00:00+00:00,Monção,1604,0.60,0.56,0.00,3.40,0.23,0.53,0.75,0.02,0.02,0.00,0.11,0.01,0.02,0.02
2026-09-28 00:00:00+00:00,Monção,1604,0.96,0.73,0.00,3.87,0.37,0.93,1.36,0.05,0.04,0.00,0.13,0.02,0.05,0.08
2026-09-29 00:00:00+00:00,Monção,1604,67.59,8.90,43.75,79.20,61.61,68.29,75.55,39.89,3.14,31.43,43.60,38.02,40.48,42.52
2026-09-10 00:00:00+00:00,Ponte da Barca,1606,0.00,0.00,0.00,0.00,0.00,0.00,0.00,0.00,0.00,0.00,0.00,0.00,0.00,0.00
2026-09-11 00:00:00+00:00,Ponte da Barca,1606,0.00,0.00,0.00,0.00,0.00,0.00,0.00,0.00,0.00,0.00,0.00,0.00,0.00,0.00
2026-09-12 00:00:00+00:00,Ponte da Barca,1606,0.00,0.00,0.00,0.00,0.00,0.00,0.00,0.00,0.00,0.00,0.00,0.00,0.00,0.00
2026-09-13 00:00:00+00:00,Ponte da Barca,1606,0.00,0.00,0.00,0.00,0.00,0.00,0.00,0.00,0.00,0.00,0.00,0.00,0.00,0.00
2026-09-14 00:00:00+00:00,Ponte da Barca,1606,0.00,0.00,0.00,0.00,0.00,0.00,0.00,0.00,0.00,0.00,0.00,0.00,0.00,0.00
2026-09-15 00:00:00+00:00,Ponte da Barca,1606,0.00,0.00,0.00,0.00,0.00,0.00,0.00,0.00,0.00,0.00,0.00,0.00,0.00,0.00
2026-09-16 00:00:00+00:00,Ponte da Barca,1606,0.30,0.34,0.00,1.38,0.03,0.14,0.48,0.01,0.02,0.00,0.07,0.00,0.01,0.02
2026-09-17 00:00:00+00:00,Ponte da Barca,1606,0.00,0.00,0.00,0.00,0.00,0.00,0.00,0.00,0.00,0.00,0.00,0.00,0.00,0.00
2026-09-18 00:00:00+00:00,Ponte da Barca,1606,0.00,0.00,0.00,0.00,0.00,0.00,0.00,0.00,0.00,0.00,0.00,0.00,0.00,0.00
2026-09-19 00:00:00+00:00,Ponte da Barca,1606,0.00,0.00,0.00,0.00,0.00,0.00,0.00,0.00,0.00,0.00,0.00,0.00,0.00,0.00
2026-09-20 00:00:00+00:00,Ponte da Barca,1606,0.00,0.00,0.00,0.00,0.00,0.00,0.00,0.00,0.00,0.00,0.00,0.00,0.00,0.00
2026-09-21 00:00:00+00:00,Ponte da Barca,1606,0.00,0.00,0.00,0.00,0.00,0.00,0.00,0.00,0.00,0.00,0.00,0.00,0.00,0.00
2026-09-22 00:00:00+00:00,Ponte da Barca,1606,0.00,0.00,0.00,0.00,0.00,0.00,0.00,0.00,0.00,0.00,0.00,0.00,0.00,0.00
2026-09-23 00:00:00+00:00,Ponte da Barca,1606,0.00,0.00,0.00,0.00,0.00,0.00,0.00,0.00,0.00,0.00,0.00,0.00,0.00,0.00
2026-09-24 00:00:00+00:00,Ponte da Barca,1606,0.00,0.00,0.00,0.00,0.00,0.00,0.00,0.00,0.00,0.00,0.00,0.00,0.00,0.00
2026-09-25 00:00:00+00:00,Ponte da Barca,1606,0.45,0.12,0.21,0.67,0.35,0.46,0.55,0.01,0.00,0.00,0.01,0.01,0.01,0.01
2026-09-26 00:00:00+00:00,Ponte da Barca,1606,0.00,0.00,0.00,0.00,0.00,0.00,0.00,0.00,0.00,0.00,0.00,0.00,0.00,0.00
2026-09-27 00:00:00+00:00,Ponte da Barca,1606,1.62,0.47,0.49,2.70,1.40,1.62,1.90,0.05,0.02,0.01,0.09,0.04,0.05,0.06
2026-09-28 00:00:00+00:00,Ponte da Barca,1606,13.81,7.56,0.68,35.56,8.91,13.12,18.25,1.13,0.64,0.06,2.99,0.70,1.05,1.50
2026-09-29 00:00:00+00:00,Ponte da Barca,1606,46.72,5.17,38.93,59.47,42.53,45.26,51.34,43.32,3.15,35.97,48.17,41.14,44.33,45.86
2026-09-10 00:00:00+00:00,Valença,1608,0.00,0.00,0.00,0.00,0.00,0.00,0.00,0.00,0.00,0.00,0.00,0.00,0.00,0.00
2026-09-11 00:00:00+00:00,Valença,1608,0.00,0.00,0.00,0.00,0.00,0.00,0.00,0.00,0.00,0.00,0.00,0.00,0.00,0.00
2026-09-12 00:00:00+00:00,Valença,1608,0.00,0.00,0.00,0.00,0.00,0.00,0.00,0.00,0.00,0.00,0.00,0.00,0.00,0.00
2026-09-13 00:00:00+00:00,Valença,1608,0.00,0.00,0.00,0.00,0.00,0.00,0.00,0.00,0.00,0.00,0.00,0.00,0.00,0.00
2026-09-14 00:00:00+00:00,Valença,1608,0.00,0.00,0.00,0.00,0.00,0.00,0.00,0.00,0.00,0.00,0.00,0.00,0.00,0.00
2026-09-15 00:00:00+00:00,Valença,1608,0.00,0.00,0.00,0.00,0.00,0.00,0.00,0.00,0.00,0.00,0.00,0.00,0.00,0.00
2026-09-16 00:00:00+00:00,Valença,1608,0.08,0.07,0.00,0.25,0.01,0.05,0.12,0.00,0.00,0.00,0.01,0.00,0.00,0.01
2026-09-17 00:00:00+00:00,Valença,1608,0.00,0.00,0.00,0.00,0.00,0.00,0.00,0.00,0.00,0.00,0.00,0.00,0.00,0.00
2026-09-18 00:00:00+00:00,Valença,1608,0.00,0.00,0.00,0.00,0.00,0.00,0.00,0.00,0.00,0.00,0.00,0.00,0.00,0.00
2026-09-19 00:00:00+00:00,Valença,1608,0.00,0.00,0.00,0.00,0.00,0.00,0.00,0.00,0.00,0.00,0.00,0.00,0.00,0.00
2026-09-20 00:00:00+00:00,Valença,1608,0.00,0.00,0.00,0.00,0.00,0.00,0.00,0.00,0.00,0.00,0.00,0.00,0.00,0.00
2026-09-21 00:00:00+00:00,Valença,1608,0.00,0.00,0.00,0.00,0.00,0.00,0.00,0.00,0.00,0.00,0.00,0.00,0.00,0.00
2026-09-22 00:00:00+00:00,Valença,1608,0.00,0.00,0.00,0.00,0.00,0.00,0.00,0.00,0.00,0.00,0.00,0.00,0.00,0.00
2026-09-23 00:00:00+00:00,Valença,1608,0.00,0.00,0.00,0.00,0.00,0.00,0.00,0.00,0.00,0.00,0.00,0.00,0.00,0.00
2026-09-24 00:00:00+00:00,Valença,1608,0.00,0.00,0.00,0.00,0.00,0.00,0.00,0.00,0.00,0.00,0.00,0.00,0.00,0.00
2026-09-25 00:00:00+00:00,Valença,1608,5.23,0.82,2.95,6.00,4.80,5.56,5.88,0.09,0.01,0.05,0.10,0.08,0.09,0.10
2026-09-26 00:00:00+00:00,Valença,1608,0.00,0.00,0.00,0.00,0.00,0.00,0.00,0.00,0.00,0.00,0.00,0.00,0.00,0.00
2026-09-27 00:00:00+00:00,Valença,1608,0.23,0.19,0.00,0.60,0.06,0.18,0.39,0.01,0.01,0.00,0.02,0.00,0.01,0.01
2026-09-28 00:00:00+00:00,Valença,1608,0.41,0.34,0.00,1.16,0.09,0.32,0.69,0.03,0.02,0.00,0.08,0.01,0.02,0.05
2026-09-29 00:00:00+00:00,Valença,1608,35.85,5.74,30.00,51.26,31.05,33.73,39.29,22.07,3.96,17.80,31.71,18.63,20.78,24.88
2026-09-10 00:00:00+00:00,Viana do Castelo,1609,0.00,0.00,0.00,0.00,0.00,0.00,0.00,0.00,0.00,0.00,0.00,0.00,0.00,0.00
2026-09-11 00:00:00+00:00,Viana do Castelo,1609,0.00,0.00,0.00,0.00,0.00,0.00,0.00,0.00,0.00,0.00,0.00,0.00,0.00,0.00
2026-09-12 00:00:00+00:00,Viana do Castelo,1609,0.00,0.00,0.00,0.00,0.00,0.00,0.00,0.00,0.00,0.00,0.00,0.00,0.00,0.00
2026-09-13 00:00:00+00:00,Viana do Castelo,1609,0.00,0.00,0.00,0.00,0.00,0.00,0.00,0.00,0.00,0.00,0.00,0.00,0.00,0.00
2026-09-14 00:00:00+00:00,Viana do Castelo,1609,0.00,0.00,0.00,0.00,0.00,0.00,0.00,0.00,0.00,0.00,0.00,0.00,0.00,0.00
2026-09-15 00:00:00+00:00,Viana do Castelo,1609,0.00,0.00,0.00,0.00,0.00,0.00,0.00,0.00,0.00,0.00,0.00,0.00,0.00,0.00
2026-09-16 00:00:00+00:00,Viana do Castelo,1609,0.00,0.01,0.00,0.03,0.00,0.00,0.00,0.00,0.00,0.00,0.00,0.00,0.00,0.00
2026-09-17 00:00:00+00:00,Viana do Castelo,1609,0.00,0.00,0.00,0.00,0.00,0.00,0.00,0.00,0.00,0.00,0.00,0.00,0.00,0.00
2026-09-18 00:00:00+00:00,Viana do Castelo,1609,0.00,0.00,0.00,0.00,0.00,0.00,0.00,0.00,0.00,0.00,0.00,0.00,0.00,0.00
2026-09-19 00:00:00+00:00,Viana do Castelo,1609,0.00,0.00,0.00,0.00,0.00,0.00,0.00,0.00,0.00,0.00,0.00,0.00,0.00,0.00
2026-09-20 00:00:00+00:00,Viana do Castelo,1609,0.00,0.00,0.00,0.00,0.00,0.00,0.00,0.00,0.00,0.00,0.00,0.00,0.00,0.00
2026-09-21 00:00:00+00:00,Viana do Castelo,1609,0.00,0.00,0.00,0.00,0.00,0.00,0.00,0.00,0.00,0.00,0.00,0.00,0.00,0.00
2026-09-22 00:00:00+00:00,Viana do Castelo,1609,0.00,0.00,0.00,0.00,0.00,0.00,0.00,0.00,0.00,0.00,0.00,0.00,0.00,0.00
2026-09-23 00:00:00+00:00,Viana do Castelo,1609,0.00,0.00,0.00,0.00,0.00,0.00,0.00,0.00,0.00,0.00,0.00,0.00,0.00,0.00
2026-09-24 00:00:00+00:00,Viana do Castelo,1609,0.00,0.00,0.00,0.00,0.00,0.00,0.00,0.00,0.00,0.00,0.00,0.00,0.00,0.00
2026-09-25 00:00:00+00:00,Viana do Castelo,1609,4.33,1.42,1.07,6.00,3.19,4.66,5.62,0.07,0.02,0.02,0.10,0.05,0.08,0.09
2026-09-26 00:00:00+00:00,Viana do Castelo,1609,0.00,0.00,0.00,0.00,0.00,0.00,0.00,0.00,0.00,0.00,0.00,0.00,0.00,0.00
2026-09-27 00:00:00+00:00,Viana do Castelo,1609,20.24,8.11,3.53,30.00,13.75,21.87,27.93,0.61,0.24,0.11,0.90,0.41,0.66,0.84
2026-09-28 00:00:00+00:00,Viana do Castelo,1609,0.39,0.44,0.00,2.06,0.05,0.17,0.68,0.03,0.04,0.00,0.18,0.00,0.01,0.06
2026-09-29 00:00:00+00:00,Viana do Castelo,1609,58.44,22.03,30.00,95.99,36.30,55.57,76.37,30.04,5.74,22.40,45.23,24.18,30.69,33.78
2026-09-10 00:00:00+00:00,Vila Nova de Cerveira,1610,0.00,0.00,0.00,0.00,0.00,0.00,0.00,0.00,0.00,0.00,0.00,0.00,0.00,0.00
2026-09-11 00:00:00+00:00,Vila Nova de Cerveira,1610,0.00,0.00,0.00,0.00,0.00,0.00,0.00,0.00,0.00,0.00,0.00,0.00,0.00,0.00
2026-09-12 00:00:00+00:00,Vila Nova de Cerveira,1610,0.00,0.00,0.00,0.00,0.00,0.00,0.00,0.00,0.00,0.00,0.00,0.00,0.00,0.00
2026-09-13 00:00:00+00:00,Vila Nova de Cerveira,1610,0.00,0.00,0.00,0.00,0.00,0.00,0.00,0.00,0.00,0.00,0.00,0.00,0.00,0.00
2026-09-14 00:00:00+00:00,Vila Nova de Cerveira,1610,0.00,0.00,0.00,0.00,0.00,0.00,0.00,0.00,0.00,0.00,0.00,0.00,0.00,0.00
2026-09-15 00:00:00+00:00,Vila Nova de Cerveira,1610,0.00,0.00,0.00,0.00,0.00,0.00,0.00,0.00,0.00,0.00,0.00,0.00,0.00,0.00
2026-09-16 00:00:00+00:00,Vila Nova de Cerveira,1610,0.02,0.02,0.00,0.05,0.01,0.02,0.04,0.00,0.00,0.00,0.00,0.00,0.00,0.00
2026-09-17 00:00:00+00:00,Vila Nova de Cerveira,1610,0.00,0.00,0.00,0.00,0.00,0.00,0.00,0.00,0.00,0.00,0.00,0.00,0.00,0.00
2026-09-18 00:00:00+00:00,Vila Nova de Cerveira,1610,0.00,0.00,0.00,0.00,0.00,0.00,0.00,0.00,0.00,0.00,0.00,0.00,0.00,0.00
2026-09-19 00:00:00+00:00,Vila Nova de Cerveira,1610,0.00,0.00,0.00,0.00,0.00,0.00,0.00,0.00,0.00,0.00,0.00,0.00,0.00,0.00
2026-09-20 00:00:00+00:00,Vila Nova de Cerveira,1610,0.00,0.00,0.00,0.00,0.00,0.00,0.00,0.00,0.00,0.00,0.00,0.00,0.00,0.00
2026-09-21 00:00:00+00:00,Vila Nova de Cerveira,1610,0.00,0.00,0.00,0.00,0.00,0.00,0.00,0.00,0.00,0.00,0.00,0.00,0.00,0.00
2026-09-22 00:00:00+00:00,Vila Nova de Cerveira,1610,0.00,0.00,0.00,0.00,0.00,0.00,0.00,0.00,0.00,0.00,0.00,0.00,0.00,0.00
2026-09-23 00:00:00+00:00,Vila Nova de Cerveira,1610,0.00,0.00,0.00,0.00,0.00,0.00,0.00,0.00,0.00,0.00,0.00,0.00,0.00,0.00
2026-09-24 00:00:00+00:00,Vila Nova de Cerveira,1610,0.00,0.00,0.00,0.00,0.00,0.00,0.00,0.00,0.00,0.00,0.00,0.00,0.00,0.00
2026-09-25 00:00:00+00:00,Vila Nova de Cerveira,1610,5.32,0.75,2.75,6.00,5.04,5.59,5.89,0.09,0.01,0.05,0.10,0.08,0.09,0.10
2026-09-26 00:00:00+00:00,Vila Nova de Cerveira,1610,0.00,0.00,0.00,0.00,0.00,0.00,0.00,0.00,0.00,0.00,0.00,0.00,0.00,0.00
2026-09-27 00:00:00+00:00,Vila Nova de Cerveira,1610,0.65,0.65,0.00,2.17,0.10,0.43,1.12,0.02,0.02,0.00,0.07,0.00,0.01,0.03
2026-09-28 00:00:00+00:00,Vila Nova de Cerveira,1610,0.40,0.33,0.00,1.12,0.10,0.34,0.65,0.03,0.03,0.00,0.09,0.01,0.03,0.05
2026-09-29 00:00:00+00:00,Vila Nova de Cerveira,1610,35.75,5.44,30.00,51.76,31.14,34.08,38.73,22.61,4.60,17.80,36.32,18.76,21.22,25.12
2026-09-10 00:00:00+00:00,Alijó,1701,0.00,0.00,0.00,0.00,0.00,0.00,0.00,0.00,0.00,0.00,0.00,0.00,0.00,0.00
2026-09-11 00:00:00+00:00,Alijó,1701,0.00,0.00,0.00,0.00,0.00,0.00,0.00,0.00,0.00,0.00,0.00,0.00,0.00,0.00
2026-09-12 00:00:00+00:00,Alijó,1701,0.00,0.00,0.00,0.00,0.00,0.00,0.00,0.00,0.00,0.00,0.00,0.00,0.00,0.00
2026-09-13 00:00:00+00:00,Alijó,1701,0.00,0.00,0.00,0.00,0.00,0.00,0.00,0.00,0.00,0.00,0.00,0.00,0.00,0.00
2026-09-14 00:00:00+00:00,Alijó,1701,0.00,0.00,0.00,0.00,0.00,0.00,0.00,0.00,0.00,0.00,0.00,0.00,0.00,0.00
2026-09-15 00:00:00+00:00,Alijó,1701,0.00,0.00,0.00,0.00,0.00,0.00,0.00,0.00,0.00,0.00,0.00,0.00,0.00,0.00
2026-09-16 00:00:00+00:00,Alijó,1701,0.00,0.00,0.00,0.00,0.00,0.00,0.00,0.00,0.00,0.00,0.00,0.00,0.00,0.00
2026-09-17 00:00:00+00:00,Alijó,1701,0.00,0.00,0.00,0.00,0.00,0.00,0.00,0.00,0.00,0.00,0.00,0.00,0.00,0.00
2026-09-18 00:00:00+00:00,Alijó,1701,0.00,0.00,0.00,0.00,0.00,0.00,0.00,0.00,0.00,0.00,0.00,0.00,0.00,0.00
2026-09-19 00:00:00+00:00,Alijó,1701,0.00,0.00,0.00,0.00,0.00,0.00,0.00,0.00,0.00,0.00,0.00,0.00,0.00,0.00
2026-09-20 00:00:00+00:00,Alijó,1701,0.00,0.00,0.00,0.00,0.00,0.00,0.00,0.00,0.00,0.00,0.00,0.00,0.00,0.00
2026-09-21 00:00:00+00:00,Alijó,1701,0.00,0.00,0.00,0.00,0.00,0.00,0.00,0.00,0.00,0.00,0.00,0.00,0.00,0.00
2026-09-22 00:00:00+00:00,Alijó,1701,0.00,0.00,0.00,0.00,0.00,0.00,0.00,0.00,0.00,0.00,0.00,0.00,0.00,0.00
2026-09-23 00:00:00+00:00,Alijó,1701,0.00,0.00,0.00,0.00,0.00,0.00,0.00,0.00,0.00,0.00,0.00,0.00,0.00,0.00
2026-09-24 00:00:00+00:00,Alijó,1701,0.00,0.00,0.00,0.00,0.00,0.00,0.00,0.00,0.00,0.00,0.00,0.00,0.00,0.00
2026-09-25 00:00:00+00:00,Alijó,1701,0.00,0.00,0.00,0.00,0.00,0.00,0.00,0.00,0.00,0.00,0.00,0.00,0.00,0.00
2026-09-26 00:00:00+00:00,Alijó,1701,0.00,0.00,0.00,0.00,0.00,0.00,0.00,0.00,0.00,0.00,0.00,0.00,0.00,0.00
2026-09-27 00:00:00+00:00,Alijó,1701,0.00,0.00,0.00,0.00,0.00,0.00,0.00,0.00,0.00,0.00,0.00,0.00,0.00,0.00
2026-09-28 00:00:00+00:00,Alijó,1701,5.12,2.63,0.02,10.66,3.43,4.92,7.04,0.22,0.11,0.00,0.45,0.15,0.22,0.31
2026-09-29 00:00:00+00:00,Alijó,1701,9.46,2.53,6.02,15.29,7.22,8.85,11.34,4.08,1.90,1.61,8.66,2.50,3.44,5.37
2026-09-10 00:00:00+00:00,Boticas,1702,0.00,0.00,0.00,0.00,0.00,0.00,0.00,0.00,0.00,0.00,0.00,0.00,0.00,0.00
2026-09-11 00:00:00+00:00,Boticas,1702,0.00,0.00,0.00,0.00,0.00,0.00,0.00,0.00,0.00,0.00,0.00,0.00,0.00,0.00
2026-09-12 00:00:00+00:00,Boticas,1702,0.00,0.00,0.00,0.00,0.00,0.00,0.00,0.00,0.00,0.00,0.00,0.00,0.00,0.00
2026-09-13 00:00:00+00:00,Boticas,1702,0.00,0.00,0.00,0.00,0.00,0.00,0.00,0.00,0.00,0.00,0.00,0.00,0.00,0.00
2026-09-14 00:00:00+00:00,Boticas,1702,0.00,0.00,0.00,0.00,0.00,0.00,0.00,0.00,0.00,0.00,0.00,0.00,0.00,0.00
2026-09-15 00:00:00+00:00,Boticas,1702,0.00,0.00,0.00,0.00,0.00,0.00,0.00,0.00,0.00,0.00,0.00,0.00,0.00,0.00
2026-09-16 00:00:00+00:00,Boticas,1702,0.05,0.02,0.00,0.08,0.04,0.06,0.07,0.00,0.00,0.00,0.00,0.00,0.00,0.00
2026-09-17 00:00:00+00:00,Boticas,1702,0.00,0.00,0.00,0.00,0.00,0.00,0.00,0.00,0.00,0.00,0.00,0.00,0.00,0.00
2026-09-18 00:00:00+00:00,Boticas,1702,0.00,0.00,0.00,0.00,0.00,0.00,0.00,0.00,0.00,0.00,0.00,0.00,0.00,0.00
2026-09-19 00:00:00+00:00,Boticas,1702,0.00,0.00,0.00,0.00,0.00,0.00,0.00,0.00,0.00,0.00,0.00,0.00,0.00,0.00
2026-09-20 00:00:00+00:00,Boticas,1702,0.00,0.00,0.00,0.00,0.00,0.00,0.00,0.00,0.00,0.00,0.00,0.00,0.00,0.00
2026-09-21 00:00:00+00:00,Boticas,1702,0.00,0.00,0.00,0.00,0.00,0.00,0.00,0.00,0.00,0.00,0.00,0.00,0.00,0.00
2026-09-22 00:00:00+00:00,Boticas,1702,0.00,0.00,0.00,0.00,0.00,0.00,0.00,0.00,0.00,0.00,0.00,0.00,0.00,0.00
2026-09-23 00:00:00+00:00,Boticas,1702,0.00,0.00,0.00,0.00,0.00,0.00,0.00,0.00,0.00,0.00,0.00,0.00,0.00,0.00
2026-09-24 00:00:00+00:00,Boticas,1702,0.00,0.00,0.00,0.00,0.00,0.00,0.00,0.00,0.00,0.00,0.00,0.00,0.00,0.00
2026-09-25 00:00:00+00:00,Boticas,1702,0.00,0.00,0.00,0.00,0.00,0.00,0.00,0.00,0.00,0.00,0.00,0.00,0.00,0.00
2026-09-26 00:00:00+00:00,Boticas,1702,0.00,0.00,0.00,0.00,0.00,0.00,0.00,0.00,0.00,0.00,0.00,0.00,0.00,0.00
2026-09-27 00:00:00+00:00,Boticas,1702,0.07,0.02,0.01,0.09,0.06,0.07,0.08,0.00,0.00,0.00,0.00,0.00,0.00,0.00
2026-09-28 00:00:00+00:00,Boticas,1702,3.40,0.89,0.73,5.08,2.83,3.51,4.04,0.15,0.04,0.03,0.21,0.13,0.16,0.17
2026-09-29 00:00:00+00:00,Boticas,1702,23.01,4.76,13.13,30.33,18.77,23.68,27.21,17.24,5.85,5.02,28.03,12.48,18.00,21.84
2026-09-10 00:00:00+00:00,Chaves,1703,0.00,0.00,0.00,0.00,0.00,0.00,0.00,0.00,0.00,0.00,0.00,0.00,0.00,0.00
2026-09-11 00:00:00+00:00,Chaves,1703,0.00,0.00,0.00,0.00,0.00,0.00,0.00,0.00,0.00,0.00,0.00,0.00,0.00,0.00
2026-09-12 00:00:00+00:00,Chaves,1703,0.00,0.00,0.00,0.00,0.00,0.00,0.00,0.00,0.00,0.00,0.00,0.00,0.00,0.00
2026-09-13 00:00:00+00:00,Chaves,1703,0.00,0.00,0.00,0.00,0.00,0.00,0.00,0.00,0.00,0.00,0.00,0.00,0.00,0.00
2026-09-14 00:00:00+00:00,Chaves,1703,0.00,0.00,0.00,0.00,0.00,0.00,0.00,0.00,0.00,0.00,0.00,0.00,0.00,0.00
2026-09-15 00:00:00+00:00,Chaves,1703,0.00,0.00,0.00,0.00,0.00,0.00,0.00,0.00,0.00,0.00,0.00,0.00,0.00,0.00
2026-09-16 00:00:00+00:00,Chaves,1703,0.01,0.01,0.00,0.07,0.00,0.00,0.01,0.00,0.00,0.00,0.00,0.00,0.00,0.00
2026-09-17 00:00:00+00:00,Chaves,1703,0.00,0.00,0.00,0.00,0.00,0.00,0.00,0.00,0.00,0.00,0.00,0.00,0.00,0.00
2026-09-18 00:00:00+00:00,Chaves,1703,0.00,0.00,0.00,0.00,0.00,0.00,0.00,0.00,0.00,0.00,0.00,0.00,0.00,0.00
2026-09-19 00:00:00+00:00,Chaves,1703,0.00,0.00,0.00,0.00,0.00,0.00,0.00,0.00,0.00,0.00,0.00,0.00,0.00,0.00
2026-09-20 00:00:00+00:00,Chaves,1703,0.00,0.00,0.00,0.00,0.00,0.00,0.00,0.00,0.00,0.00,0.00,0.00,0.00,0.00
2026-09-21 00:00:00+00:00,Chaves,1703,0.00,0.00,0.00,0.00,0.00,0.00,0.00,0.00,0.00,0.00,0.00,0.00,0.00,0.00
2026-09-22 00:00:00+00:00,Chaves,1703,0.00,0.00,0.00,0.00,0.00,0.00,0.00,0.00,0.00,0.00,0.00,0.00,0.00,0.00
2026-09-23 00:00:00+00:00,Chaves,1703,0.00,0.00,0.00,0.00,0.00,0.00,0.00,0.00,0.00,0.00,0.00,0.00,0.00,0.00
2026-09-24 00:00:00+00:00,Chaves,1703,0.00,0.00,0.00,0.00,0.00,0.00,0.00,0.00,0.00,0.00,0.00,0.00,0.00,0.00
2026-09-25 00:00:00+00:00,Chaves,1703,0.00,0.00,0.00,0.00,0.00,0.00,0.00,0.00,0.00,0.00,0.00,0.00,0.00,0.00
2026-09-26 00:00:00+00:00,Chaves,1703,0.00,0.00,0.00,0.00,0.00,0.00,0.00,0.00,0.00,0.00,0.00,0.00,0.00,0.00
2026-09-27 00:00:00+00:00,Chaves,1703,0.01,0.02,0.00,0.07,0.00,0.00,0.01,0.00,0.00,0.00,0.00,0.00,0.00,0.00
2026-09-28 00:00:00+00:00,Chaves,1703,2.18,2.83,0.00,12.61,0.37,1.16,2.36,0.14,0.21,0.00,0.93,0.02,0.06,0.13
2026-09-29 00:00:00+00:00,Chaves,1703,12.98,0.95,12.00,18.93,12.32,12.77,13.21,5.40,1.79,3.50,12.75,3.92,4.82,6.43
2026-09-10 00:00:00+00:00,Mesão Frio,1704,0.00,0.00,0.00,0.00,0.00,0.00,0.00,0.00,0.00,0.00,0.00,0.00,0.00,0.00
2026-09-11 00:00:00+00:00,Mesão Frio,1704,0.00,0.00,0.00,0.00,0.00,0.00,0.00,0.00,0.00,0.00,0.00,0.00,0.00,0.00
2026-09-12 00:00:00+00:00,Mesão Frio,1704,0.00,0.00,0.00,0.00,0.00,0.00,0.00,0.00,0.00,0.00,0.00,0.00,0.00,0.00
2026-09-13 00:00:00+00:00,Mesão Frio,1704,0.00,0.00,0.00,0.00,0.00,0.00,0.00,0.00,0.00,0.00,0.00,0.00,0.00,0.00
2026-09-14 00:00:00+00:00,Mesão Frio,1704,0.00,0.00,0.00,0.00,0.00,0.00,0.00,0.00,0.00,0.00,0.00,0.00,0.00,0.00
2026-09-15 00:00:00+00:00,Mesão Frio,1704,0.00,0.00,0.00,0.00,0.00,0.00,0.00,0.00,0.00,0.00,0.00,0.00,0.00,0.00
2026-09-16 00:00:00+00:00,Mesão Frio,1704,0.27,0.07,0.17,0.44,0.22,0.25,0.30,0.00,0.00,0.00,0.00,0.00,0.00,0.00
2026-09-17 00:00:00+00:00,Mesão Frio,1704,0.00,0.00,0.00,0.00,0.00,0.00,0.00,0.00,0.00,0.00,0.00,0.00,0.00,0.00
2026-09-18 00:00:00+00:00,Mesão Frio,1704,0.00,0.00,0.00,0.00,0.00,0.00,0.00,0.00,0.00,0.00,0.00,0.00,0.00,0.00
2026-09-19 00:00:00+00:00,Mesão Frio,1704,0.00,0.00,0.00,0.00,0.00,0.00,0.00,0.00,0.00,0.00,0.00,0.00,0.00,0.00
2026-09-20 00:00:00+00:00,Mesão Frio,1704,0.00,0.00,0.00,0.00,0.00,0.00,0.00,0.00,0.00,0.00,0.00,0.00,0.00,0.00
2026-09-21 00:00:00+00:00,Mesão Frio,1704,0.00,0.00,0.00,0.00,0.00,0.00,0.00,0.00,0.00,0.00,0.00,0.00,0.00,0.00
2026-09-22 00:00:00+00:00,Mesão Frio,1704,0.00,0.00,0.00,0.00,0.00,0.00,0.00,0.00,0.00,0.00,0.00,0.00,0.00,0.00
2026-09-23 00:00:00+00:00,Mesão Frio,1704,0.00,0.00,0.00,0.00,0.00,0.00,0.00,0.00,0.00,0.00,0.00,0.00,0.00,0.00
2026-09-24 00:00:00+00:00,Mesão Frio,1704,0.00,0.00,0.00,0.00,0.00,0.00,0.00,0.00,0.00,0.00,0.00,0.00,0.00,0.00
2026-09-25 00:00:00+00:00,Mesão Frio,1704,0.00,0.00,0.00,0.00,0.00,0.00,0.00,0.00,0.00,0.00,0.00,0.00,0.00,0.00
2026-09-26 00:00:00+00:00,Mesão Frio,1704,0.00,0.00,0.00,0.00,0.00,0.00,0.00,0.00,0.00,0.00,0.00,0.00,0.00,0.00
2026-09-27 00:00:00+00:00,Mesão Frio,1704,0.00,0.00,0.00,0.00,0.00,0.00,0.00,0.00,0.00,0.00,0.00,0.00,0.00,0.00
2026-09-28 00:00:00+00:00,Mesão Frio,1704,2.39,0.11,2.17,2.58,2.32,2.40,2.47,0.08,0.00,0.07,0.08,0.08,0.08,0.08
2026-09-29 00:00:00+00:00,Mesão Frio,1704,17.11,0.47,16.27,17.76,16.70,17.21,17.52,8.72,0.28,8.13,9.25,8.51,8.72,9.00
2026-09-10 00:00:00+00:00,Mondim de Basto,1705,0.00,0.00,0.00,0.00,0.00,0.00,0.00,0.00,0.00,0.00,0.00,0.00,0.00,0.00
2026-09-11 00:00:00+00:00,Mondim de Basto,1705,0.00,0.00,0.00,0.00,0.00,0.00,0.00,0.00,0.00,0.00,0.00,0.00,0.00,0.00
2026-09-12 00:00:00+00:00,Mondim de Basto,1705,0.00,0.00,0.00,0.00,0.00,0.00,0.00,0.00,0.00,0.00,0.00,0.00,0.00,0.00
2026-09-13 00:00:00+00:00,Mondim de Basto,1705,0.00,0.00,0.00,0.00,0.00,0.00,0.00,0.00,0.00,0.00,0.00,0.00,0.00,0.00
2026-09-14 00:00:00+00:00,Mondim de Basto,1705,0.00,0.00,0.00,0.00,0.00,0.00,0.00,0.00,0.00,0.00,0.00,0.00,0.00,0.00
2026-09-15 00:00:00+00:00,Mondim de Basto,1705,0.00,0.00,0.00,0.00,0.00,0.00,0.00,0.00,0.00,0.00,0.00,0.00,0.00,0.00
2026-09-16 00:00:00+00:00,Mondim de Basto,1705,0.00,0.00,0.00,0.00,0.00,0.00,0.00,0.00,0.00,0.00,0.00,0.00,0.00,0.00
2026-09-17 00:00:00+00:00,Mondim de Basto,1705,0.00,0.00,0.00,0.00,0.00,0.00,0.00,0.00,0.00,0.00,0.00,0.00,0.00,0.00
2026-09-18 00:00:00+00:00,Mondim de Basto,1705,0.00,0.00,0.00,0.00,0.00,0.00,0.00,0.00,0.00,0.00,0.00,0.00,0.00,0.00
2026-09-19 00:00:00+00:00,Mondim de Basto,1705,0.00,0.00,0.00,0.00,0.00,0.00,0.00,0.00,0.00,0.00,0.00,0.00,0.00,0.00
2026-09-20 00:00:00+00:00,Mondim de Basto,1705,0.00,0.00,0.00,0.00,0.00,0.00,0.00,0.00,0.00,0.00,0.00,0.00,0.00,0.00
2026-09-21 00:00:00+00:00,Mondim de Basto,1705,0.00,0.00,0.00,0.00,0.00,0.00,0.00,0.00,0.00,0.00,0.00,0.00,0.00,0.00
2026-09-22 00:00:00+00:00,Mondim de Basto,1705,0.00,0.00,0.00,0.00,0.00,0.00,0.00,0.00,0.00,0.00,0.00,0.00,0.00,0.00
2026-09-23 00:00:00+00:00,Mondim de Basto,1705,0.00,0.00,0.00,0.00,0.00,0.00,0.00,0.00,0.00,0.00,0.00,0.00,0.00,0.00
2026-09-24 00:00:00+00:00,Mondim de Basto,1705,0.00,0.00,0.00,0.00,0.00,0.00,0.00,0.00,0.00,0.00,0.00,0.00,0.00,0.00
2026-09-25 00:00:00+00:00,Mondim de Basto,1705,0.00,0.00,0.00,0.00,0.00,0.00,0.00,0.00,0.00,0.00,0.00,0.00,0.00,0.00
2026-09-26 00:00:00+00:00,Mondim de Basto,1705,0.00,0.00,0.00,0.00,0.00,0.00,0.00,0.00,0.00,0.00,0.00,0.00,0.00,0.00
2026-09-27 00:00:00+00:00,Mondim de Basto,1705,0.00,0.00,0.00,0.00,0.00,0.00,0.00,0.00,0.00,0.00,0.00,0.00,0.00,0.00
2026-09-28 00:00:00+00:00,Mondim de Basto,1705,1.28,0.65,0.06,2.35,0.76,1.34,1.83,0.09,0.04,0.00,0.16,0.06,0.10,0.13
2026-09-29 00:00:00+00:00,Mondim de Basto,1705,26.34,2.92,20.02,29.99,23.95,26.90,29.09,14.12,0.90,11.94,15.51,13.43,14.35,14.87
2026-09-10 00:00:00+00:00,Montalegre,1706,0.00,0.00,0.00,0.00,0.00,0.00,0.00,0.00,0.00,0.00,0.00,0.00,0.00,0.00
2026-09-11 00:00:00+00:00,Montalegre,1706,0.00,0.00,0.00,0.00,0.00,0.00,0.00,0.00,0.00,0.00,0.00,0.00,0.00,0.00
2026-09-12 00:00:00+00:00,Montalegre,1706,0.00,0.00,0.00,0.00,0.00,0.00,0.00,0.00,0.00,0.00,0.00,0.00,0.00,0.00
2026-09-13 00:00:00+00:00,Montalegre,1706,0.00,0.00,0.00,0.00,0.00,0.00,0.00,0.00,0.00,0.00,0.00,0.00,0.00,0.00
2026-09-14 00:00:00+00:00,Montalegre,1706,0.00,0.00,0.00,0.00,0.00,0.00,0.00,0.00,0.00,0.00,0.00,0.00,0.00,0.00
2026-09-15 00:00:00+00:00,Montalegre,1706,0.00,0.00,0.00,0.00,0.00,0.00,0.00,0.00,0.00,0.00,0.00,0.00,0.00,0.00
2026-09-16 00:00:00+00:00,Montalegre,1706,0.06,0.09,0.00,0.56,0.02,0.04,0.06,0.00,0.00,0.00,0.03,0.00,0.00,0.00
2026-09-17 00:00:00+00:00,Montalegre,1706,0.00,0.00,0.00,0.00,0.00,0.00,0.00,0.00,0.00,0.00,0.00,0.00,0.00,0.00
2026-09-18 00:00:00+00:00,Montalegre,1706,0.00,0.00,0.00,0.00,0.00,0.00,0.00,0.00,0.00,0.00,0.00,0.00,0.00,0.00
2026-09-19 00:00:00+00:00,Montalegre,1706,0.00,0.00,0.00,0.00,0.00,0.00,0.00,0.00,0.00,0.00,0.00,0.00,0.00,0.00
2026-09-20 00:00:00+00:00,Montalegre,1706,0.00,0.00,0.00,0.00,0.00,0.00,0.00,0.00,0.00,0.00,0.00,0.00,0.00,0.00
2026-09-21 00:00:00+00:00,Montalegre,1706,0.00,0.00,0.00,0.00,0.00,0.00,0.00,0.00,0.00,0.00,0.00,0.00,0.00,0.00
2026-09-22 00:00:00+00:00,Montalegre,1706,0.00,0.00,0.00,0.00,0.00,0.00,0.00,0.00,0.00,0.00,0.00,0.00,0.00,0.00
2026-09-23 00:00:00+00:00,Montalegre,1706,0.00,0.00,0.00,0.00,0.00,0.00,0.00,0.00,0.00,0.00,0.00,0.00,0.00,0.00
2026-09-24 00:00:00+00:00,Montalegre,1706,0.00,0.00,0.00,0.00,0.00,0.00,0.00,0.00,0.00,0.00,0.00,0.00,0.00,0.00
2026-09-25 00:00:00+00:00,Montalegre,1706,0.01,0.02,0.00,0.09,0.00,0.00,0.01,0.00,0.00,0.00,0.00,0.00,0.00,0.00
2026-09-26 00:00:00+00:00,Montalegre,1706,0.00,0.00,0.00,0.00,0.00,0.00,0.00,0.00,0.00,0.00,0.00,0.00,0.00,0.00
2026-09-27 00:00:00+00:00,Montalegre,1706,0.08,0.12,0.00,0.76,0.02,0.04,0.07,0.00,0.00,0.00,0.02,0.00,0.00,0.00
2026-09-28 00:00:00+00:00,Montalegre,1706,3.98,1.99,0.00,6.00,2.06,4.86,5.74,0.12,0.05,0.00,0.36,0.10,0.12,0.13
2026-09-29 00:00:00+00:00,Montalegre,1706,26.57,3.35,16.49,32.43,24.01,25.99,30.07,23.34,5.27,9.55,32.86,19.41,21.87,28.83
2026-09-10 00:00:00+00:00,Murça,1707,0.00,0.00,0.00,0.00,0.00,0.00,0.00,0.00,0.00,0.00,0.00,0.00,0.00,0.00
2026-09-11 00:00:00+00:00,Murça,1707,0.00,0.00,0.00,0.00,0.00,0.00,0.00,0.00,0.00,0.00,0.00,0.00,0.00,0.00
2026-09-12 00:00:00+00:00,Murça,1707,0.00,0.00,0.00,0.00,0.00,0.00,0.00,0.00,0.00,0.00,0.00,0.00,0.00,0.00
2026-09-13 00:00:00+00:00,Murça,1707,0.00,0.00,0.00,0.00,0.00,0.00,0.00,0.00,0.00,0.00,0.00,0.00,0.00,0.00
2026-09-14 00:00:00+00:00,Murça,1707,0.00,0.00,0.00,0.00,0.00,0.00,0.00,0.00,0.00,0.00,0.00,0.00,0.00,0.00
2026-09-15 00:00:00+00:00,Murça,1707,0.00,0.00,0.00,0.00,0.00,0.00,0.00,0.00,0.00,0.00,0.00,0.00,0.00,0.00
2026-09-16 00:00:00+00:00,Murça,1707,0.00,0.00,0.00,0.00,0.00,0.00,0.00,0.00,0.00,0.00,0.00,0.00,0.00,0.00
2026-09-17 00:00:00+00:00,Murça,1707,0.00,0.00,0.00,0.00,0.00,0.00,0.00,0.00,0.00,0.00,0.00,0.00,0.00,0.00
2026-09-18 00:00:00+00:00,Murça,1707,0.00,0.00,0.00,0.00,0.00,0.00,0.00,0.00,0.00,0.00,0.00,0.00,0.00,0.00
2026-09-19 00:00:00+00:00,Murça,1707,0.00,0.00,0.00,0.00,0.00,0.00,0.00,0.00,0.00,0.00,0.00,0.00,0.00,0.00
2026-09-20 00:00:00+00:00,Murça,1707,0.00,0.00,0.00,0.00,0.00,0.00,0.00,0.00,0.00,0.00,0.00,0.00,0.00,0.00
2026-09-21 00:00:00+00:00,Murça,1707,0.00,0.00,0.00,0.00,0.00,0.00,0.00,0.00,0.00,0.00,0.00,0.00,0.00,0.00
2026-09-22 00:00:00+00:00,Murça,1707,0.00,0.00,0.00,0.00,0.00,0.00,0.00,0.00,0.00,0.00,0.00,0.00,0.00,0.00
2026-09-23 00:00:00+00:00,Murça,1707,0.00,0.00,0.00,0.00,0.00,0.00,0.00,0.00,0.00,0.00,0.00,0.00,0.00,0.00
2026-09-24 00:00:00+00:00,Murça,1707,0.00,0.00,0.00,0.00,0.00,0.00,0.00,0.00,0.00,0.00,0.00,0.00,0.00,0.00
2026-09-25 00:00:00+00:00,Murça,1707,0.00,0.00,0.00,0.00,0.00,0.00,0.00,0.00,0.00,0.00,0.00,0.00,0.00,0.00
2026-09-26 00:00:00+00:00,Murça,1707,0.00,0.00,0.00,0.00,0.00,0.00,0.00,0.00,0.00,0.00,0.00,0.00,0.00,0.00
2026-09-27 00:00:00+00:00,Murça,1707,0.00,0.00,0.00,0.00,0.00,0.00,0.00,0.00,0.00,0.00,0.00,0.00,0.00,0.00
2026-09-28 00:00:00+00:00,Murça,1707,7.22,1.36,4.20,10.20,6.33,7.28,8.22,0.38,0.08,0.20,0.53,0.33,0.40,0.44
2026-09-29 00:00:00+00:00,Murça,1707,12.44,1.97,7.26,15.07,11.42,12.96,13.94,4.85,1.40,2.35,8.15,3.80,4.84,5.74
2026-09-10 00:00:00+00:00,Peso da Régua,1708,0.00,0.00,0.00,0.00,0.00,0.00,0.00,0.00,0.00,0.00,0.00,0.00,0.00,0.00
2026-09-11 00:00:00+00:00,Peso da Régua,1708,0.00,0.00,0.00,0.00,0.00,0.00,0.00,0.00,0.00,0.00,0.00,0.00,0.00,0.00
2026-09-12 00:00:00+00:00,Peso da Régua,1708,0.00,0.00,0.00,0.00,0.00,0.00,0.00,0.00,0.00,0.00,0.00,0.00,0.00,0.00
2026-09-13 00:00:00+00:00,Peso da Régua,1708,0.00,0.00,0.00,0.00,0.00,0.00,0.00,0.00,0.00,0.00,0.00,0.00,0.00,0.00
2026-09-14 00:00:00+00:00,Peso da Régua,1708,0.00,0.00,0.00,0.00,0.00,0.00,0.00,0.00,0.00,0.00,0.00,0.00,0.00,0.00
2026-09-15 00:00:00+00:00,Peso da Régua,1708,0.00,0.00,0.00,0.00,0.00,0.00,0.00,0.00,0.00,0.00,0.00,0.00,0.00,0.00
2026-09-16 00:00:00+00:00,Peso da Régua,1708,0.10,0.05,0.00,0.22,0.05,0.10,0.14,0.00,0.00,0.00,0.00,0.00,0.00,0.00
2026-09-17 00:00:00+00:00,Peso da Régua,1708,0.00,0.00,0.00,0.00,0.00,0.00,0.00,0.00,0.00,0.00,0.00,0.00,0.00,0.00
2026-09-18 00:00:00+00:00,Peso da Régua,1708,0.00,0.00,0.00,0.00,0.00,0.00,0.00,0.00,0.00,0.00,0.00,0.00,0.00,0.00
2026-09-19 00:00:00+00:00,Peso da Régua,1708,0.00,0.00,0.00,0.00,0.00,0.00,0.00,0.00,0.00,0.00,0.00,0.00,0.00,0.00
2026-09-20 00:00:00+00:00,Peso da Régua,1708,0.00,0.00,0.00,0.00,0.00,0.00,0.00,0.00,0.00,0.00,0.00,0.00,0.00,0.00
2026-09-21 00:00:00+00:00,Peso da Régua,1708,0.00,0.00,0.00,0.00,0.00,0.00,0.00,0.00,0.00,0.00,0.00,0.00,0.00,0.00
2026-09-22 00:00:00+00:00,Peso da Régua,1708,0.00,0.00,0.00,0.00,0.00,0.00,0.00,0.00,0.00,0.00,0.00,0.00,0.00,0.00
2026-09-23 00:00:00+00:00,Peso da Régua,1708,0.00,0.00,0.00,0.00,0.00,0.00,0.00,0.00,0.00,0.00,0.00,0.00,0.00,0.00
2026-09-24 00:00:00+00:00,Peso da Régua,1708,0.00,0.00,0.00,0.00,0.00,0.00,0.00,0.00,0.00,0.00,0.00,0.00,0.00,0.00
2026-09-25 00:00:00+00:00,Peso da Régua,1708,0.00,0.00,0.00,0.00,0.00,0.00,0.00,0.00,0.00,0.00,0.00,0.00,0.00,0.00
2026-09-26 00:00:00+00:00,Peso da Régua,1708,0.00,0.00,0.00,0.00,0.00,0.00,0.00,0.00,0.00,0.00,0.00,0.00,0.00,0.00
2026-09-27 00:00:00+00:00,Peso da Régua,1708,0.00,0.00,0.00,0.00,0.00,0.00,0.00,0.00,0.00,0.00,0.00,0.00,0.00,0.00
2026-09-28 00:00:00+00:00,Peso da Régua,1708,2.09,0.41,0.87,2.85,1.91,2.12,2.38,0.07,0.01,0.03,0.09,0.06,0.07,0.08
2026-09-29 00:00:00+00:00,Peso da Régua,1708,15.11,2.12,9.55,18.12,13.78,15.59,16.78,8.36,1.54,4.28,10.55,7.43,8.66,9.60
2026-09-10 00:00:00+00:00,Ribeira de Pena,1709,0.00,0.00,0.00,0.00,0.00,0.00,0.00,0.00,0.00,0.00,0.00,0.00,0.00,0.00
2026-09-11 00:00:00+00:00,Ribeira de Pena,1709,0.00,0.00,0.00,0.00,0.00,0.00,0.00,0.00,0.00,0.00,0.00,0.00,0.00,0.00
2026-09-12 00:00:00+00:00,Ribeira de Pena,1709,0.00,0.00,0.00,0.00,0.00,0.00,0.00,0.00,0.00,0.00,0.00,0.00,0.00,0.00
2026-09-13 00:00:00+00:00,Ribeira de Pena,1709,0.00,0.00,0.00,0.00,0.00,0.00,0.00,0.00,0.00,0.00,0.00,0.00,0.00,0.00
2026-09-14 00:00:00+00:00,Ribeira de Pena,1709,0.00,0.00,0.00,0.00,0.00,0.00,0.00,0.00,0.00,0.00,0.00,0.00,0.00,0.00
2026-09-15 00:00:00+00:00,Ribeira de Pena,1709,0.00,0.00,0.00,0.00,0.00,0.00,0.00,0.00,0.00,0.00,0.00,0.00,0.00,0.00
2026-09-16 00:00:00+00:00,Ribeira de Pena,1709,0.00,0.02,0.00,0.08,0.00,0.00,0.00,0.00,0.00,0.00,0.00,0.00,0.00,0.00
2026-09-17 00:00:00+00:00,Ribeira de Pena,1709,0.00,0.00,0.00,0.00,0.00,0.00,0.00,0.00,0.00,0.00,0.00,0.00,0.00,0.00
2026-09-18 00:00:00+00:00,Ribeira de Pena,1709,0.00,0.00,0.00,0.00,0.00,0.00,0.00,0.00,0.00,0.00,0.00,0.00,0.00,0.00
2026-09-19 00:00:00+00:00,Ribeira de Pena,1709,0.00,0.00,0.00,0.00,0.00,0.00,0.00,0.00,0.00,0.00,0.00,0.00,0.00,0.00
2026-09-20 00:00:00+00:00,Ribeira de Pena,1709,0.00,0.00,0.00,0.00,0.00,0.00,0.00,0.00,0.00,0.00,0.00,0.00,0.00,0.00
2026-09-21 00:00:00+00:00,Ribeira de Pena,1709,0.00,0.00,0.00,0.00,0.00,0.00,0.00,0.00,0.00,0.00,0.00,0.00,0.00,0.00
2026-09-22 00:00:00+00:00,Ribeira de Pena,1709,0.00,0.00,0.00,0.00,0.00,0.00,0.00,0.00,0.00,0.00,0.00,0.00,0.00,0.00
2026-09-23 00:00:00+00:00,Ribeira de Pena,1709,0.00,0.00,0.00,0.00,0.00,0.00,0.00,0.00,0.00,0.00,0.00,0.00,0.00,0.00
2026-09-24 00:00:00+00:00,Ribeira de Pena,1709,0.00,0.00,0.00,0.00,0.00,0.00,0.00,0.00,0.00,0.00,0.00,0.00,0.00,0.00
2026-09-25 00:00:00+00:00,Ribeira de Pena,1709,0.00,0.00,0.00,0.00,0.00,0.00,0.00,0.00,0.00,0.00,0.00,0.00,0.00,0.00
2026-09-26 00:00:00+00:00,Ribeira de Pena,1709,0.00,0.00,0.00,0.00,0.00,0.00,0.00,0.00,0.00,0.00,0.00,0.00,0.00,0.00
2026-09-27 00:00:00+00:00,Ribeira de Pena,1709,0.03,0.03,0.00,0.09,0.00,0.03,0.07,0.00,0.00,0.00,0.00,0.00,0.00,0.00
2026-09-28 00:00:00+00:00,Ribeira de Pena,1709,2.18,1.00,0.25,4.01,1.49,2.23,2.94,0.14,0.05,0.02,0.21,0.11,0.15,0.18
2026-09-29 00:00:00+00:00,Ribeira de Pena,1709,26.28,2.49,19.96,29.90,24.77,26.57,28.26,15.57,1.80,11.79,18.96,14.58,15.47,16.98
2026-09-10 00:00:00+00:00,Sabrosa,1710,0.00,0.00,0.00,0.00,0.00,0.00,0.00,0.00,0.00,0.00,0.00,0.00,0.00,0.00
2026-09-11 00:00:00+00:00,Sabrosa,1710,0.00,0.00,0.00,0.00,0.00,0.00,0.00,0.00,0.00,0.00,0.00,0.00,0.00,0.00
2026-09-12 00:00:00+00:00,Sabrosa,1710,0.00,0.00,0.00,0.00,0.00,0.00,0.00,0.00,0.00,0.00,0.00,0.00,0.00,0.00
2026-09-13 00:00:00+00:00,Sabrosa,1710,0.00,0.00,0.00,0.00,0.00,0.00,0.00,0.00,0.00,0.00,0.00,0.00,0.00,0.00
2026-09-14 00:00:00+00:00,Sabrosa,1710,0.00,0.00,0.00,0.00,0.00,0.00,0.00,0.00,0.00,0.00,0.00,0.00,0.00,0.00
2026-09-15 00:00:00+00:00,Sabrosa,1710,0.00,0.00,0.00,0.00,0.00,0.00,0.00,0.00,0.00,0.00,0.00,0.00,0.00,0.00
2026-09-16 00:00:00+00:00,Sabrosa,1710,0.00,0.00,0.00,0.04,0.00,0.00,0.00,0.00,0.00,0.00,0.00,0.00,0.00,0.00
2026-09-17 00:00:00+00:00,Sabrosa,1710,0.00,0.00,0.00,0.00,0.00,0.00,0.00,0.00,0.00,0.00,0.00,0.00,0.00,0.00
2026-09-18 00:00:00+00:00,Sabrosa,1710,0.00,0.00,0.00,0.00,0.00,0.00,0.00,0.00,0.00,0.00,0.00,0.00,0.00,0.00
2026-09-19 00:00:00+00:00,Sabrosa,1710,0.00,0.00,0.00,0.00,0.00,0.00,0.00,0.00,0.00,0.00,0.00,0.00,0.00,0.00
2026-09-20 00:00:00+00:00,Sabrosa,1710,0.00,0.00,0.00,0.00,0.00,0.00,0.00,0.00,0.00,0.00,0.00,0.00,0.00,0.00
2026-09-21 00:00:00+00:00,Sabrosa,1710,0.00,0.00,0.00,0.00,0.00,0.00,0.00,0.00,0.00,0.00,0.00,0.00,0.00,0.00
2026-09-22 00:00:00+00:00,Sabrosa,1710,0.00,0.00,0.00,0.00,0.00,0.00,0.00,0.00,0.00,0.00,0.00,0.00,0.00,0.00
2026-09-23 00:00:00+00:00,Sabrosa,1710,0.00,0.00,0.00,0.00,0.00,0.00,0.00,0.00,0.00,0.00,0.00,0.00,0.00,0.00
2026-09-24 00:00:00+00:00,Sabrosa,1710,0.00,0.00,0.00,0.00,0.00,0.00,0.00,0.00,0.00,0.00,0.00,0.00,0.00,0.00
2026-09-25 00:00:00+00:00,Sabrosa,1710,0.00,0.00,0.00,0.00,0.00,0.00,0.00,0.00,0.00,0.00,0.00,0.00,0.00,0.00
2026-09-26 00:00:00+00:00,Sabrosa,1710,0.00,0.00,0.00,0.00,0.00,0.00,0.00,0.00,0.00,0.00,0.00,0.00,0.00,0.00
2026-09-27 00:00:00+00:00,Sabrosa,1710,0.00,0.00,0.00,0.00,0.00,0.00,0.00,0.00,0.00,0.00,0.00,0.00,0.00,0.00
2026-09-28 00:00:00+00:00,Sabrosa,1710,1.36,1.14,0.00,3.78,0.40,1.02,2.09,0.06,0.05,0.00,0.17,0.01,0.04,0.09
2026-09-29 00:00:00+00:00,Sabrosa,1710,11.01,3.69,6.00,16.83,7.38,10.59,14.71,5.61,2.98,1.60,10.43,2.64,5.32,8.69
2026-09-10 00:00:00+00:00,Santa Marta de Penaguião,1711,0.00,0.00,0.00,0.00,0.00,0.00,0.00,0.00,0.00,0.00,0.00,0.00,0.00,0.00
2026-09-11 00:00:00+00:00,Santa Marta de Penaguião,1711,0.00,0.00,0.00,0.00,0.00,0.00,0.00,0.00,0.00,0.00,0.00,0.00,0.00,0.00
2026-09-12 00:00:00+00:00,Santa Marta de Penaguião,1711,0.00,0.00,0.00,0.00,0.00,0.00,0.00,0.00,0.00,0.00,0.00,0.00,0.00,0.00
2026-09-13 00:00:00+00:00,Santa Marta de Penaguião,1711,0.00,0.00,0.00,0.00,0.00,0.00,0.00,0.00,0.00,0.00,0.00,0.00,0.00,0.00
2026-09-14 00:00:00+00:00,Santa Marta de Penaguião,1711,0.00,0.00,0.00,0.00,0.00,0.00,0.00,0.00,0.00,0.00,0.00,0.00,0.00,0.00
2026-09-15 00:00:00+00:00,Santa Marta de Penaguião,1711,0.00,0.00,0.00,0.00,0.00,0.00,0.00,0.00,0.00,0.00,0.00,0.00,0.00,0.00
2026-09-16 00:00:00+00:00,Santa Marta de Penaguião,1711,0.03,0.03,0.00,0.11,0.00,0.01,0.05,0.00,0.00,0.00,0.00,0.00,0.00,0.00
2026-09-17 00:00:00+00:00,Santa Marta de Penaguião,1711,0.00,0.00,0.00,0.00,0.00,0.00,0.00,0.00,0.00,0.00,0.00,0.00,0.00,0.00
2026-09-18 00:00:00+00:00,Santa Marta de Penaguião,1711,0.00,0.00,0.00,0.00,0.00,0.00,0.00,0.00,0.00,0.00,0.00,0.00,0.00,0.00
2026-09-19 00:00:00+00:00,Santa Marta de Penaguião,1711,0.00,0.00,0.00,0.00,0.00,0.00,0.00,0.00,0.00,0.00,0.00,0.00,0.00,0.00
2026-09-20 00:00:00+00:00,Santa Marta de Penaguião,1711,0.00,0.00,0.00,0.00,0.00,0.00,0.00,0.00,0.00,0.00,0.00,0.00,0.00,0.00
2026-09-21 00:00:00+00:00,Santa Marta de Penaguião,1711,0.00,0.00,0.00,0.00,0.00,0.00,0.00,0.00,0.00,0.00,0.00,0.00,0.00,0.00
2026-09-22 00:00:00+00:00,Santa Marta de Penaguião,1711,0.00,0.00,0.00,0.00,0.00,0.00,0.00,0.00,0.00,0.00,0.00,0.00,0.00,0.00
2026-09-23 00:00:00+00:00,Santa Marta de Penaguião,1711,0.00,0.00,0.00,0.00,0.00,0.00,0.00,0.00,0.00,0.00,0.00,0.00,0.00,0.00
2026-09-24 00:00:00+00:00,Santa Marta de Penaguião,1711,0.00,0.00,0.00,0.00,0.00,0.00,0.00,0.00,0.00,0.00,0.00,0.00,0.00,0.00
2026-09-25 00:00:00+00:00,Santa Marta de Penaguião,1711,0.00,0.00,0.00,0.00,0.00,0.00,0.00,0.00,0.00,0.00,0.00,0.00,0.00,0.00
2026-09-26 00:00:00+00:00,Santa Marta de Penaguião,1711,0.00,0.00,0.00,0.00,0.00,0.00,0.00,0.00,0.00,0.00,0.00,0.00,0.00,0.00
2026-09-27 00:00:00+00:00,Santa Marta de Penaguião,1711,0.00,0.00,0.00,0.00,0.00,0.00,0.00,0.00,0.00,0.00,0.00,0.00,0.00,0.00
2026-09-28 00:00:00+00:00,Santa Marta de Penaguião,1711,2.08,0.12,1.81,2.32,1.99,2.07,2.18,0.07,0.01,0.06,0.09,0.07,0.07,0.08
2026-09-29 00:00:00+00:00,Santa Marta de Penaguião,1711,17.39,0.69,15.50,19.26,17.05,17.52,17.77,10.71,0.63,8.93,11.72,10.37,10.80,11.18
2026-09-10 00:00:00+00:00,Valpaços,1712,0.00,0.00,0.00,0.00,0.00,0.00,0.00,0.00,0.00,0.00,0.00,0.00,0.00,0.00
2026-09-11 00:00:00+00:00,Valpaços,1712,0.00,0.00,0.00,0.00,0.00,0.00,0.00,0.00,0.00,0.00,0.00,0.00,0.00,0.00
2026-09-12 00:00:00+00:00,Valpaços,1712,0.00,0.00,0.00,0.00,0.00,0.00,0.00,0.00,0.00,0.00,0.00,0.00,0.00,0.00
2026-09-13 00:00:00+00:00,Valpaços,1712,0.00,0.00,0.00,0.00,0.00,0.00,0.00,0.00,0.00,0.00,0.00,0.00,0.00,0.00
2026-09-14 00:00:00+00:00,Valpaços,1712,0.00,0.00,0.00,0.00,0.00,0.00,0.00,0.00,0.00,0.00,0.00,0.00,0.00,0.00
2026-09-15 00:00:00+00:00,Valpaços,1712,0.00,0.00,0.00,0.00,0.00,0.00,0.00,0.00,0.00,0.00,0.00,0.00,0.00,0.00
2026-09-16 00:00:00+00:00,Valpaços,1712,0.00,0.00,0.00,0.00,0.00,0.00,0.00,0.00,0.00,0.00,0.00,0.00,0.00,0.00
2026-09-17 00:00:00+00:00,Valpaços,1712,0.00,0.00,0.00,0.00,0.00,0.00,0.00,0.00,0.00,0.00,0.00,0.00,0.00,0.00
2026-09-18 00:00:00+00:00,Valpaços,1712,0.00,0.00,0.00,0.00,0.00,0.00,0.00,0.00,0.00,0.00,0.00,0.00,0.00,0.00
2026-09-19 00:00:00+00:00,Valpaços,1712,0.00,0.00,0.00,0.00,0.00,0.00,0.00,0.00,0.00,0.00,0.00,0.00,0.00,0.00
2026-09-20 00:00:00+00:00,Valpaços,1712,0.00,0.00,0.00,0.00,0.00,0.00,0.00,0.00,0.00,0.00,0.00,0.00,0.00,0.00
2026-09-21 00:00:00+00:00,Valpaços,1712,0.00,0.00,0.00,0.00,0.00,0.00,0.00,0.00,0.00,0.00,0.00,0.00,0.00,0.00
2026-09-22 00:00:00+00:00,Valpaços,1712,0.00,0.00,0.00,0.00,0.00,0.00,0.00,0.00,0.00,0.00,0.00,0.00,0.00,0.00
2026-09-23 00:00:00+00:00,Valpaços,1712,0.00,0.00,0.00,0.00,0.00,0.00,0.00,0.00,0.00,0.00,0.00,0.00,0.00,0.00
2026-09-24 00:00:00+00:00,Valpaços,1712,0.00,0.00,0.00,0.00,0.00,0.00,0.00,0.00,0.00,0.00,0.00,0.00,0.00,0.00
2026-09-25 00:00:00+00:00,Valpaços,1712,0.00,0.00,0.00,0.00,0.00,0.00,0.00,0.00,0.00,0.00,0.00,0.00,0.00,0.00
2026-09-26 00:00:00+00:00,Valpaços,1712,0.00,0.00,0.00,0.00,0.00,0.00,0.00,0.00,0.00,0.00,0.00,0.00,0.00,0.00
2026-09-27 00:00:00+00:00,Valpaços,1712,0.00,0.00,0.00,0.00,0.00,0.00,0.00,0.00,0.00,0.00,0.00,0.00,0.00,0.00
2026-09-28 00:00:00+00:00,Valpaços,1712,6.29,3.10,0.20,11.88,3.78,6.33,8.92,0.41,0.21,0.01,0.84,0.23,0.41,0.58
2026-09-29 00:00:00+00:00,Valpaços,1712,14.31,1.35,12.13,17.86,13.14,14.22,15.16,4.74,1.06,3.51,9.29,3.99,4.46,5.22
2026-09-10 00:00:00+00:00,Vila Pouca de Aguiar,1713,0.00,0.00,0.00,0.00,0.00,0.00,0.00,0.00,0.00,0.00,0.00,0.00,0.00,0.00
2026-09-11 00:00:00+00:00,Vila Pouca de Aguiar,1713,0.00,0.00,0.00,0.00,0.00,0.00,0.00,0.00,0.00,0.00,0.00,0.00,0.00,0.00
2026-09-12 00:00:00+00:00,Vila Pouca de Aguiar,1713,0.00,0.00,0.00,0.00,0.00,0.00,0.00,0.00,0.00,0.00,0.00,0.00,0.00,0.00
2026-09-13 00:00:00+00:00,Vila Pouca de Aguiar,1713,0.00,0.00,0.00,0.00,0.00,0.00,0.00,0.00,0.00,0.00,0.00,0.00,0.00,0.00
2026-09-14 00:00:00+00:00,Vila Pouca de Aguiar,1713,0.00,0.00,0.00,0.00,0.00,0.00,0.00,0.00,0.00,0.00,0.00,0.00,0.00,0.00
2026-09-15 00:00:00+00:00,Vila Pouca de Aguiar,1713,0.00,0.00,0.00,0.00,0.00,0.00,0.00,0.00,0.00,0.00,0.00,0.00,0.00,0.00
2026-09-16 00:00:00+00:00,Vila Pouca de Aguiar,1713,0.00,0.01,0.00,0.07,0.00,0.00,0.00,0.00,0.00,0.00,0.00,0.00,0.00,0.00
2026-09-17 00:00:00+00:00,Vila Pouca de Aguiar,1713,0.00,0.00,0.00,0.00,0.00,0.00,0.00,0.00,0.00,0.00,0.00,0.00,0.00,0.00
2026-09-18 00:00:00+00:00,Vila Pouca de Aguiar,1713,0.00,0.00,0.00,0.00,0.00,0.00,0.00,0.00,0.00,0.00,0.00,0.00,0.00,0.00
2026-09-19 00:00:00+00:00,Vila Pouca de Aguiar,1713,0.00,0.00,0.00,0.00,0.00,0.00,0.00,0.00,0.00,0.00,0.00,0.00,0.00,0.00
2026-09-20 00:00:00+00:00,Vila Pouca de Aguiar,1713,0.00,0.00,0.00,0.00,0.00,0.00,0.00,0.00,0.00,0.00,0.00,0.00,0.00,0.00
2026-09-21 00:00:00+00:00,Vila Pouca de Aguiar,1713,0.00,0.00,0.00,0.00,0.00,0.00,0.00,0.00,0.00,0.00,0.00,0.00,0.00,0.00
2026-09-22 00:00:00+00:00,Vila Pouca de Aguiar,1713,0.00,0.00,0.00,0.00,0.00,0.00,0.00,0.00,0.00,0.00,0.00,0.00,0.00,0.00
2026-09-23 00:00:00+00:00,Vila Pouca de Aguiar,1713,0.00,0.00,0.00,0.00,0.00,0.00,0.00,0.00,0.00,0.00,0.00,0.00,0.00,0.00
2026-09-24 00:00:00+00:00,Vila Pouca de Aguiar,1713,0.00,0.00,0.00,0.00,0.00,0.00,0.00,0.00,0.00,0.00,0.00,0.00,0.00,0.00
2026-09-25 00:00:00+00:00,Vila Pouca de Aguiar,1713,0.00,0.00,0.00,0.00,0.00,0.00,0.00,0.00,0.00,0.00,0.00,0.00,0.00,0.00
2026-09-26 00:00:00+00:00,Vila Pouca de Aguiar,1713,0.00,0.00,0.00,0.00,0.00,0.00,0.00,0.00,0.00,0.00,0.00,0.00,0.00,0.00
2026-09-27 00:00:00+00:00,Vila Pouca de Aguiar,1713,0.01,0.02,0.00,0.08,0.00,0.00,0.00,0.00,0.00,0.00,0.00,0.00,0.00,0.00
2026-09-28 00:00:00+00:00,Vila Pouca de Aguiar,1713,3.90,0.73,1.82,6.15,3.45,3.83,4.31,0.22,0.04,0.11,0.34,0.20,0.22,0.24
2026-09-29 00:00:00+00:00,Vila Pouca de Aguiar,1713,18.25,2.98,13.69,25.75,15.71,17.64,20.26,10.34,2.74,5.47,16.98,8.03,10.09,12.29
2026-09-10 00:00:00+00:00,Vila Real,1714,0.00,0.00,0.00,0.00,0.00,0.00,0.00,0.00,0.00,0.00,0.00,0.00,0.00,0.00
2026-09-11 00:00:00+00:00,Vila Real,1714,0.00,0.00,0.00,0.00,0.00,0.00,0.00,0.00,0.00,0.00,0.00,0.00,0.00,0.00
2026-09-12 00:00:00+00:00,Vila Real,1714,0.00,0.00,0.00,0.00,0.00,0.00,0.00,0.00,0.00,0.00,0.00,0.00,0.00,0.00
2026-09-13 00:00:00+00:00,Vila Real,1714,0.00,0.00,0.00,0.00,0.00,0.00,0.00,0.00,0.00,0.00,0.00,0.00,0.00,0.00
2026-09-14 00:00:00+00:00,Vila Real,1714,0.00,0.00,0.00,0.00,0.00,0.00,0.00,0.00,0.00,0.00,0.00,0.00,0.00,0.00
2026-09-15 00:00:00+00:00,Vila Real,1714,0.00,0.00,0.00,0.00,0.00,0.00,0.00,0.00,0.00,0.00,0.00,0.00,0.00,0.00
2026-09-16 00:00:00+00:00,Vila Real,1714,0.00,0.00,0.00,0.03,0.00,0.00,0.00,0.00,0.00,0.00,0.00,0.00,0.00,0.00
2026-09-17 00:00:00+00:00,Vila Real,1714,0.00,0.00,0.00,0.00,0.00,0.00,0.00,0.00,0.00,0.00,0.00,0.00,0.00,0.00
2026-09-18 00:00:00+00:00,Vila Real,1714,0.00,0.00,0.00,0.00,0.00,0.00,0.00,0.00,0.00,0.00,0.00,0.00,0.00,0.00
2026-09-19 00:00:00+00:00,Vila Real,1714,0.00,0.00,0.00,0.00,0.00,0.00,0.00,0.00,0.00,0.00,0.00,0.00,0.00,0.00
2026-09-20 00:00:00+00:00,Vila Real,1714,0.00,0.00,0.00,0.00,0.00,0.00,0.00,0.00,0.00,0.00,0.00,0.00,0.00,0.00
2026-09-21 00:00:00+00:00,Vila Real,1714,0.00,0.00,0.00,0.00,0.00,0.00,0.00,0.00,0.00,0.00,0.00,0.00,0.00,0.00
2026-09-22 00:00:00+00:00,Vila Real,1714,0.00,0.00,0.00,0.00,0.00,0.00,0.00,0.00,0.00,0.00,0.00,0.00,0.00,0.00
2026-09-23 00:00:00+00:00,Vila Real,1714,0.00,0.00,0.00,0.00,0.00,0.00,0.00,0.00,0.00,0.00,0.00,0.00,0.00,0.00
2026-09-24 00:00:00+00:00,Vila Real,1714,0.00,0.00,0.00,0.00,0.00,0.00,0.00,0.00,0.00,0.00,0.00,0.00,0.00,0.00
2026-09-25 00:00:00+00:00,Vila Real,1714,0.00,0.00,0.00,0.00,0.00,0.00,0.00,0.00,0.00,0.00,0.00,0.00,0.00,0.00
2026-09-26 00:00:00+00:00,Vila Real,1714,0.00,0.00,0.00,0.00,0.00,0.00,0.00,0.00,0.00,0.00,0.00,0.00,0.00,0.00
2026-09-27 00:00:00+00:00,Vila Real,1714,0.00,0.00,0.00,0.00,0.00,0.00,0.00,0.00,0.00,0.00,0.00,0.00,0.00,0.00
2026-09-28 00:00:00+00:00,Vila Real,1714,2.15,0.51,0.64,3.55,1.84,2.12,2.42,0.10,0.04,0.02,0.21,0.07,0.09,0.11
2026-09-29 00:00:00+00:00,Vila Real,1714,17.99,1.51,8.97,21.87,17.53,17.93,18.45,11.22,0.96,3.88,12.51,11.03,11.46,11.70
2026-09-10 00:00:00+00:00,Armamar,1801,0.00,0.00,0.00,0.00,0.00,0.00,0.00,0.00,0.00,0.00,0.00,0.00,0.00,0.00
2026-09-11 00:00:00+00:00,Armamar,1801,0.00,0.00,0.00,0.00,0.00,0.00,0.00,0.00,0.00,0.00,0.00,0.00,0.00,0.00
2026-09-12 00:00:00+00:00,Armamar,1801,0.00,0.00,0.00,0.00,0.00,0.00,0.00,0.00,0.00,0.00,0.00,0.00,0.00,0.00
2026-09-13 00:00:00+00:00,Armamar,1801,0.00,0.00,0.00,0.00,0.00,0.00,0.00,0.00,0.00,0.00,0.00,0.00,0.00,0.00
2026-09-14 00:00:00+00:00,Armamar,1801,0.00,0.00,0.00,0.00,0.00,0.00,0.00,0.00,0.00,0.00,0.00,0.00,0.00,0.00
2026-09-15 00:00:00+00:00,Armamar,1801,0.00,0.00,0.00,0.00,0.00,0.00,0.00,0.00,0.00,0.00,0.00,0.00,0.00,0.00
2026-09-16 00:00:00+00:00,Armamar,1801,0.11,0.05,0.03,0.26,0.08,0.10,0.15,0.00,0.00,0.00,0.00,0.00,0.00,0.00
2026-09-17 00:00:00+00:00,Armamar,1801,0.00,0.00,0.00,0.00,0.00,0.00,0.00,0.00,0.00,0.00,0.00,0.00,0.00,0.00
2026-09-18 00:00:00+00:00,Armamar,1801,0.00,0.00,0.00,0.00,0.00,0.00,0.00,0.00,0.00,0.00,0.00,0.00,0.00,0.00
2026-09-19 00:00:00+00:00,Armamar,1801,0.00,0.00,0.00,0.00,0.00,0.00,0.00,0.00,0.00,0.00,0.00,0.00,0.00,0.00
2026-09-20 00:00:00+00:00,Armamar,1801,0.00,0.00,0.00,0.00,0.00,0.00,0.00,0.00,0.00,0.00,0.00,0.00,0.00,0.00
2026-09-21 00:00:00+00:00,Armamar,1801,0.00,0.00,0.00,0.00,0.00,0.00,0.00,0.00,0.00,0.00,0.00,0.00,0.00,0.00
2026-09-22 00:00:00+00:00,Armamar,1801,0.00,0.00,0.00,0.00,0.00,0.00,0.00,0.00,0.00,0.00,0.00,0.00,0.00,0.00
2026-09-23 00:00:00+00:00,Armamar,1801,0.00,0.00,0.00,0.00,0.00,0.00,0.00,0.00,0.00,0.00,0.00,0.00,0.00,0.00
2026-09-24 00:00:00+00:00,Armamar,1801,0.00,0.00,0.00,0.00,0.00,0.00,0.00,0.00,0.00,0.00,0.00,0.00,0.00,0.00
2026-09-25 00:00:00+00:00,Armamar,1801,0.02,0.03,0.00,0.10,0.00,0.00,0.03,0.00,0.00,0.00,0.00,0.00,0.00,0.00
2026-09-26 00:00:00+00:00,Armamar,1801,0.00,0.00,0.00,0.00,0.00,0.00,0.00,0.00,0.00,0.00,0.00,0.00,0.00,0.00
2026-09-27 00:00:00+00:00,Armamar,1801,0.00,0.00,0.00,0.00,0.00,0.00,0.00,0.00,0.00,0.00,0.00,0.00,0.00,0.00
2026-09-28 00:00:00+00:00,Armamar,1801,3.62,1.36,0.75,5.87,2.65,3.71,4.77,0.09,0.03,0.02,0.13,0.07,0.10,0.11
2026-09-29 00:00:00+00:00,Armamar,1801,10.75,1.09,7.64,12.67,10.12,11.06,11.54,3.49,0.87,2.37,5.96,2.83,3.24,4.08
2026-09-10 00:00:00+00:00,Carregal do Sal,1802,0.00,0.00,0.00,0.00,0.00,0.00,0.00,0.00,0.00,0.00,0.00,0.00,0.00,0.00
2026-09-11 00:00:00+00:00,Carregal do Sal,1802,0.00,0.00,0.00,0.00,0.00,0.00,0.00,0.00,0.00,0.00,0.00,0.00,0.00,0.00
2026-09-12 00:00:00+00:00,Carregal do Sal,1802,0.00,0.00,0.00,0.00,0.00,0.00,0.00,0.00,0.00,0.00,0.00,0.00,0.00,0.00
2026-09-13 00:00:00+00:00,Carregal do Sal,1802,0.00,0.00,0.00,0.00,0.00,0.00,0.00,0.00,0.00,0.00,0.00,0.00,0.00,0.00
2026-09-14 00:00:00+00:00,Carregal do Sal,1802,0.00,0.00,0.00,0.00,0.00,0.00,0.00,0.00,0.00,0.00,0.00,0.00,0.00,0.00
2026-09-15 00:00:00+00:00,Carregal do Sal,1802,0.00,0.00,0.00,0.00,0.00,0.00,0.00,0.00,0.00,0.00,0.00,0.00,0.00,0.00
2026-09-16 00:00:00+00:00,Carregal do Sal,1802,0.83,0.43,0.16,1.93,0.48,0.80,1.13,0.03,0.02,0.00,0.08,0.01,0.03,0.05
2026-09-17 00:00:00+00:00,Carregal do Sal,1802,0.00,0.00,0.00,0.00,0.00,0.00,0.00,0.00,0.00,0.00,0.00,0.00,0.00,0.00
2026-09-18 00:00:00+00:00,Carregal do Sal,1802,0.00,0.00,0.00,0.00,0.00,0.00,0.00,0.00,0.00,0.00,0.00,0.00,0.00,0.00
2026-09-19 00:00:00+00:00,Carregal do Sal,1802,0.00,0.00,0.00,0.00,0.00,0.00,0.00,0.00,0.00,0.00,0.00,0.00,0.00,0.00
2026-09-20 00:00:00+00:00,Carregal do Sal,1802,0.00,0.00,0.00,0.00,0.00,0.00,0.00,0.00,0.00,0.00,0.00,0.00,0.00,0.00
2026-09-21 00:00:00+00:00,Carregal do Sal,1802,0.00,0.00,0.00,0.00,0.00,0.00,0.00,0.00,0.00,0.00,0.00,0.00,0.00,0.00
2026-09-22 00:00:00+00:00,Carregal do Sal,1802,0.00,0.00,0.00,0.00,0.00,0.00,0.00,0.00,0.00,0.00,0.00,0.00,0.00,0.00
2026-09-23 00:00:00+00:00,Carregal do Sal,1802,0.00,0.00,0.00,0.00,0.00,0.00,0.00,0.00,0.00,0.00,0.00,0.00,0.00,0.00
2026-09-24 00:00:00+00:00,Carregal do Sal,1802,0.00,0.00,0.00,0.00,0.00,0.00,0.00,0.00,0.00,0.00,0.00,0.00,0.00,0.00
2026-09-25 00:00:00+00:00,Carregal do Sal,1802,7.68,2.09,3.58,10.91,5.93,7.90,9.48,0.06,0.02,0.03,0.09,0.05,0.07,0.08
2026-09-26 00:00:00+00:00,Carregal do Sal,1802,0.07,0.08,0.00,0.24,0.00,0.06,0.14,0.00,0.00,0.00,0.00,0.00,0.00,0.00
2026-09-27 00:00:00+00:00,Carregal do Sal,1802,0.00,0.00,0.00,0.00,0.00,0.00,0.00,0.00,0.00,0.00,0.00,0.00,0.00,0.00
2026-09-28 00:00:00+00:00,Carregal do Sal,1802,2.09,1.08,0.89,4.94,1.26,1.69,2.56,0.10,0.05,0.03,0.20,0.06,0.08,0.12
2026-09-29 00:00:00+00:00,Carregal do Sal,1802,5.68,2.34,1.33,11.56,3.94,5.60,7.29,1.01,0.52,0.17,2.35,0.60,0.93,1.38
2026-09-10 00:00:00+00:00,Castro Daire,1803,0.00,0.00,0.00,0.00,0.00,0.00,0.00,0.00,0.00,0.00,0.00,0.00,0.00,0.00
2026-09-11 00:00:00+00:00,Castro Daire,1803,0.00,0.00,0.00,0.00,0.00,0.00,0.00,0.00,0.00,0.00,0.00,0.00,0.00,0.00
2026-09-12 00:00:00+00:00,Castro Daire,1803,0.00,0.00,0.00,0.00,0.00,0.00,0.00,0.00,0.00,0.00,0.00,0.00,0.00,0.00
2026-09-13 00:00:00+00:00,Castro Daire,1803,0.00,0.00,0.00,0.00,0.00,0.00,0.00,0.00,0.00,0.00,0.00,0.00,0.00,0.00
2026-09-14 00:00:00+00:00,Castro Daire,1803,0.00,0.00,0.00,0.00,0.00,0.00,0.00,0.00,0.00,0.00,0.00,0.00,0.00,0.00
2026-09-15 00:00:00+00:00,Castro Daire,1803,0.00,0.00,0.00,0.00,0.00,0.00,0.00,0.00,0.00,0.00,0.00,0.00,0.00,0.00
2026-09-16 00:00:00+00:00,Castro Daire,1803,1.97,1.17,0.39,5.91,1.12,1.64,2.47,0.02,0.01,0.00,0.05,0.01,0.01,0.02
2026-09-17 00:00:00+00:00,Castro Daire,1803,0.00,0.00,0.00,0.00,0.00,0.00,0.00,0.00,0.00,0.00,0.00,0.00,0.00,0.00
2026-09-18 00:00:00+00:00,Castro Daire,1803,0.00,0.00,0.00,0.00,0.00,0.00,0.00,0.00,0.00,0.00,0.00,0.00,0.00,0.00
2026-09-19 00:00:00+00:00,Castro Daire,1803,0.00,0.00,0.00,0.00,0.00,0.00,0.00,0.00,0.00,0.00,0.00,0.00,0.00,0.00
2026-09-20 00:00:00+00:00,Castro Daire,1803,0.00,0.00,0.00,0.00,0.00,0.00,0.00,0.00,0.00,0.00,0.00,0.00,0.00,0.00
2026-09-21 00:00:00+00:00,Castro Daire,1803,0.00,0.00,0.00,0.00,0.00,0.00,0.00,0.00,0.00,0.00,0.00,0.00,0.00,0.00
2026-09-22 00:00:00+00:00,Castro Daire,1803,0.00,0.00,0.00,0.00,0.00,0.00,0.00,0.00,0.00,0.00,0.00,0.00,0.00,0.00
2026-09-23 00:00:00+00:00,Castro Daire,1803,0.00,0.00,0.00,0.00,0.00,0.00,0.00,0.00,0.00,0.00,0.00,0.00,0.00,0.00
2026-09-24 00:00:00+00:00,Castro Daire,1803,0.00,0.00,0.00,0.00,0.00,0.00,0.00,0.00,0.00,0.00,0.00,0.00,0.00,0.00
2026-09-25 00:00:00+00:00,Castro Daire,1803,0.32,0.08,0.11,0.41,0.28,0.34,0.38,0.00,0.00,0.00,0.00,0.00,0.00,0.00
2026-09-26 00:00:00+00:00,Castro Daire,1803,0.00,0.00,0.00,0.00,0.00,0.00,0.00,0.00,0.00,0.00,0.00,0.00,0.00,0.00
2026-09-27 00:00:00+00:00,Castro Daire,1803,0.00,0.00,0.00,0.00,0.00,0.00,0.00,0.00,0.00,0.00,0.00,0.00,0.00,0.00
2026-09-28 00:00:00+00:00,Castro Daire,1803,3.40,1.05,0.86,5.51,2.71,3.43,4.16,0.15,0.04,0.04,0.24,0.13,0.15,0.18
2026-09-29 00:00:00+00:00,Castro Daire,1803,15.85,2.23,12.99,22.85,14.37,15.04,16.46,5.96,1.55,3.72,10.70,4.89,5.43,6.51
2026-09-10 00:00:00+00:00,Cinfães,1804,0.00,0.00,0.00,0.00,0.00,0.00,0.00,0.00,0.00,0.00,0.00,0.00,0.00,0.00
2026-09-11 00:00:00+00:00,Cinfães,1804,0.00,0.00,0.00,0.00,0.00,0.00,0.00,0.00,0.00,0.00,0.00,0.00,0.00,0.00
2026-09-12 00:00:00+00:00,Cinfães,1804,0.00,0.00,0.00,0.00,0.00,0.00,0.00,0.00,0.00,0.00,0.00,0.00,0.00,0.00
2026-09-13 00:00:00+00:00,Cinfães,1804,0.00,0.00,0.00,0.00,0.00,0.00,0.00,0.00,0.00,0.00,0.00,0.00,0.00,0.00
2026-09-14 00:00:00+00:00,Cinfães,1804,0.00,0.00,0.00,0.00,0.00,0.00,0.00,0.00,0.00,0.00,0.00,0.00,0.00,0.00
2026-09-15 00:00:00+00:00,Cinfães,1804,0.00,0.00,0.00,0.00,0.00,0.00,0.00,0.00,0.00,0.00,0.00,0.00,0.00,0.00
2026-09-16 00:00:00+00:00,Cinfães,1804,0.46,0.34,0.03,1.31,0.18,0.37,0.70,0.00,0.00,0.00,0.01,0.00,0.00,0.01
2026-09-17 00:00:00+00:00,Cinfães,1804,0.00,0.00,0.00,0.00,0.00,0.00,0.00,0.00,0.00,0.00,0.00,0.00,0.00,0.00
2026-09-18 00:00:00+00:00,Cinfães,1804,0.00,0.00,0.00,0.00,0.00,0.00,0.00,0.00,0.00,0.00,0.00,0.00,0.00,0.00
2026-09-19 00:00:00+00:00,Cinfães,1804,0.00,0.00,0.00,0.00,0.00,0.00,0.00,0.00,0.00,0.00,0.00,0.00,0.00,0.00
2026-09-20 00:00:00+00:00,Cinfães,1804,0.00,0.00,0.00,0.00,0.00,0.00,0.00,0.00,0.00,0.00,0.00,0.00,0.00,0.00
2026-09-21 00:00:00+00:00,Cinfães,1804,0.00,0.00,0.00,0.00,0.00,0.00,0.00,0.00,0.00,0.00,0.00,0.00,0.00,0.00
2026-09-22 00:00:00+00:00,Cinfães,1804,0.00,0.00,0.00,0.00,0.00,0.00,0.00,0.00,0.00,0.00,0.00,0.00,0.00,0.00
2026-09-23 00:00:00+00:00,Cinfães,1804,0.00,0.00,0.00,0.00,0.00,0.00,0.00,0.00,0.00,0.00,0.00,0.00,0.00,0.00
2026-09-24 00:00:00+00:00,Cinfães,1804,0.00,0.00,0.00,0.00,0.00,0.00,0.00,0.00,0.00,0.00,0.00,0.00,0.00,0.00
2026-09-25 00:00:00+00:00,Cinfães,1804,0.12,0.10,0.00,0.34,0.05,0.11,0.20,0.00,0.00,0.00,0.00,0.00,0.00,0.00
2026-09-26 00:00:00+00:00,Cinfães,1804,0.00,0.00,0.00,0.00,0.00,0.00,0.00,0.00,0.00,0.00,0.00,0.00,0.00,0.00
2026-09-27 00:00:00+00:00,Cinfães,1804,0.00,0.00,0.00,0.00,0.00,0.00,0.00,0.00,0.00,0.00,0.00,0.00,0.00,0.00
2026-09-28 00:00:00+00:00,Cinfães,1804,1.07,0.81,0.09,3.25,0.42,0.76,1.59,0.05,0.03,0.01,0.14,0.02,0.03,0.07
2026-09-29 00:00:00+00:00,Cinfães,1804,25.09,3.96,16.78,33.16,22.13,25.13,27.77,11.83,2.35,6.79,16.53,10.10,11.95,13.47
2026-09-10 00:00:00+00:00,Lamego,1805,0.00,0.00,0.00,0.00,0.00,0.00,0.00,0.00,0.00,0.00,0.00,0.00,0.00,0.00
2026-09-11 00:00:00+00:00,Lamego,1805,0.00,0.00,0.00,0.00,0.00,0.00,0.00,0.00,0.00,0.00,0.00,0.00,0.00,0.00
2026-09-12 00:00:00+00:00,Lamego,1805,0.00,0.00,0.00,0.00,0.00,0.00,0.00,0.00,0.00,0.00,0.00,0.00,0.00,0.00
2026-09-13 00:00:00+00:00,Lamego,1805,0.00,0.00,0.00,0.00,0.00,0.00,0.00,0.00,0.00,0.00,0.00,0.00,0.00,0.00
2026-09-14 00:00:00+00:00,Lamego,1805,0.00,0.00,0.00,0.00,0.00,0.00,0.00,0.00,0.00,0.00,0.00,0.00,0.00,0.00
2026-09-15 00:00:00+00:00,Lamego,1805,0.00,0.00,0.00,0.00,0.00,0.00,0.00,0.00,0.00,0.00,0.00,0.00,0.00,0.00
2026-09-16 00:00:00+00:00,Lamego,1805,0.46,0.21,0.14,1.01,0.29,0.41,0.61,0.00,0.00,0.00,0.01,0.00,0.00,0.01
2026-09-17 00:00:00+00:00,Lamego,1805,0.00,0.00,0.00,0.00,0.00,0.00,0.00,0.00,0.00,0.00,0.00,0.00,0.00,0.00
2026-09-18 00:00:00+00:00,Lamego,1805,0.00,0.00,0.00,0.00,0.00,0.00,0.00,0.00,0.00,0.00,0.00,0.00,0.00,0.00
2026-09-19 00:00:00+00:00,Lamego,1805,0.00,0.00,0.00,0.00,0.00,0.00,0.00,0.00,0.00,0.00,0.00,0.00,0.00,0.00
2026-09-20 00:00:00+00:00,Lamego,1805,0.00,0.00,0.00,0.00,0.00,0.00,0.00,0.00,0.00,0.00,0.00,0.00,0.00,0.00
2026-09-21 00:00:00+00:00,Lamego,1805,0.00,0.00,0.00,0.00,0.00,0.00,0.00,0.00,0.00,0.00,0.00,0.00,0.00,0.00
2026-09-22 00:00:00+00:00,Lamego,1805,0.00,0.00,0.00,0.00,0.00,0.00,0.00,0.00,0.00,0.00,0.00,0.00,0.00,0.00
2026-09-23 00:00:00+00:00,Lamego,1805,0.00,0.00,0.00,0.00,0.00,0.00,0.00,0.00,0.00,0.00,0.00,0.00,0.00,0.00
2026-09-24 00:00:00+00:00,Lamego,1805,0.00,0.00,0.00,0.00,0.00,0.00,0.00,0.00,0.00,0.00,0.00,0.00,0.00,0.00
2026-09-25 00:00:00+00:00,Lamego,1805,0.16,0.10,0.00,0.32,0.12,0.17,0.23,0.00,0.00,0.00,0.00,0.00,0.00,0.00
2026-09-26 00:00:00+00:00,Lamego,1805,0.00,0.00,0.00,0.00,0.00,0.00,0.00,0.00,0.00,0.00,0.00,0.00,0.00,0.00
2026-09-27 00:00:00+00:00,Lamego,1805,0.00,0.00,0.00,0.00,0.00,0.00,0.00,0.00,0.00,0.00,0.00,0.00,0.00,0.00
2026-09-28 00:00:00+00:00,Lamego,1805,3.73,0.67,2.55,5.03,3.17,3.73,4.15,0.12,0.03,0.08,0.18,0.10,0.12,0.15
2026-09-29 00:00:00+00:00,Lamego,1805,14.33,1.00,12.41,16.75,13.52,14.37,15.03,5.97,1.03,3.97,8.35,5.19,5.89,6.67
2026-09-10 00:00:00+00:00,Mangualde,1806,0.00,0.00,0.00,0.00,0.00,0.00,0.00,0.00,0.00,0.00,0.00,0.00,0.00,0.00
2026-09-11 00:00:00+00:00,Mangualde,1806,0.00,0.00,0.00,0.00,0.00,0.00,0.00,0.00,0.00,0.00,0.00,0.00,0.00,0.00
2026-09-12 00:00:00+00:00,Mangualde,1806,0.00,0.00,0.00,0.00,0.00,0.00,0.00,0.00,0.00,0.00,0.00,0.00,0.00,0.00
2026-09-13 00:00:00+00:00,Mangualde,1806,0.00,0.00,0.00,0.00,0.00,0.00,0.00,0.00,0.00,0.00,0.00,0.00,0.00,0.00
2026-09-14 00:00:00+00:00,Mangualde,1806,0.00,0.00,0.00,0.00,0.00,0.00,0.00,0.00,0.00,0.00,0.00,0.00,0.00,0.00
2026-09-15 00:00:00+00:00,Mangualde,1806,0.00,0.00,0.00,0.00,0.00,0.00,0.00,0.00,0.00,0.00,0.00,0.00,0.00,0.00
2026-09-16 00:00:00+00:00,Mangualde,1806,0.42,0.45,0.00,2.10,0.05,0.30,0.60,0.00,0.00,0.00,0.02,0.00,0.00,0.01
2026-09-17 00:00:00+00:00,Mangualde,1806,0.00,0.00,0.00,0.00,0.00,0.00,0.00,0.00,0.00,0.00,0.00,0.00,0.00,0.00
2026-09-18 00:00:00+00:00,Mangualde,1806,0.00,0.00,0.00,0.00,0.00,0.00,0.00,0.00,0.00,0.00,0.00,0.00,0.00,0.00
2026-09-19 00:00:00+00:00,Mangualde,1806,0.00,0.00,0.00,0.00,0.00,0.00,0.00,0.00,0.00,0.00,0.00,0.00,0.00,0.00
2026-09-20 00:00:00+00:00,Mangualde,1806,0.00,0.00,0.00,0.00,0.00,0.00,0.00,0.00,0.00,0.00,0.00,0.00,0.00,0.00
2026-09-21 00:00:00+00:00,Mangualde,1806,0.00,0.00,0.00,0.00,0.00,0.00,0.00,0.00,0.00,0.00,0.00,0.00,0.00,0.00
2026-09-22 00:00:00+00:00,Mangualde,1806,0.00,0.00,0.00,0.00,0.00,0.00,0.00,0.00,0.00,0.00,0.00,0.00,0.00,0.00
2026-09-23 00:00:00+00:00,Mangualde,1806,0.00,0.00,0.00,0.00,0.00,0.00,0.00,0.00,0.00,0.00,0.00,0.00,0.00,0.00
2026-09-24 00:00:00+00:00,Mangualde,1806,0.00,0.00,0.00,0.00,0.00,0.00,0.00,0.00,0.00,0.00,0.00,0.00,0.00,0.00
2026-09-25 00:00:00+00:00,Mangualde,1806,5.55,2.75,1.43,11.36,3.31,5.01,7.73,0.05,0.02,0.01,0.09,0.03,0.04,0.06
2026-09-26 00:00:00+00:00,Mangualde,1806,0.00,0.00,0.00,0.00,0.00,0.00,0.00,0.00,0.00,0.00,0.00,0.00,0.00,0.00
2026-09-27 00:00:00+00:00,Mangualde,1806,0.00,0.00,0.00,0.00,0.00,0.00,0.00,0.00,0.00,0.00,0.00,0.00,0.00,0.00
2026-09-28 00:00:00+00:00,Mangualde,1806,4.84,2.80,0.00,10.49,2.38,5.61,6.35,0.31,0.18,0.00,0.65,0.18,0.33,0.45
2026-09-29 00:00:00+00:00,Mangualde,1806,2.86,2.49,0.00,8.28,0.47,2.23,5.05,0.59,0.59,0.00,2.62,0.10,0.46,0.79
2026-09-10 00:00:00+00:00,Moimenta da Beira,1807,0.00,0.00,0.00,0.00,0.00,0.00,0.00,0.00,0.00,0.00,0.00,0.00,0.00,0.00
2026-09-11 00:00:00+00:00,Moimenta da Beira,1807,0.00,0.00,0.00,0.00,0.00,0.00,0.00,0.00,0.00,0.00,0.00,0.00,0.00,0.00
2026-09-12 00:00:00+00:00,Moimenta da Beira,1807,0.00,0.00,0.00,0.00,0.00,0.00,0.00,0.00,0.00,0.00,0.00,0.00,0.00,0.00
2026-09-13 00:00:00+00:00,Moimenta da Beira,1807,0.00,0.00,0.00,0.00,0.00,0.00,0.00,0.00,0.00,0.00,0.00,0.00,0.00,0.00
2026-09-14 00:00:00+00:00,Moimenta da Beira,1807,0.00,0.00,0.00,0.00,0.00,0.00,0.00,0.00,0.00,0.00,0.00,0.00,0.00,0.00
2026-09-15 00:00:00+00:00,Moimenta da Beira,1807,0.00,0.00,0.00,0.00,0.00,0.00,0.00,0.00,0.00,0.00,0.00,0.00,0.00,0.00
2026-09-16 00:00:00+00:00,Moimenta da Beira,1807,0.07,0.07,0.00,0.34,0.02,0.05,0.13,0.00,0.00,0.00,0.00,0.00,0.00,0.00
2026-09-17 00:00:00+00:00,Moimenta da Beira,1807,0.00,0.00,0.00,0.00,0.00,0.00,0.00,0.00,0.00,0.00,0.00,0.00,0.00,0.00
2026-09-18 00:00:00+00:00,Moimenta da Beira,1807,0.00,0.00,0.00,0.00,0.00,0.00,0.00,0.00,0.00,0.00,0.00,0.00,0.00,0.00
2026-09-19 00:00:00+00:00,Moimenta da Beira,1807,0.00,0.00,0.00,0.00,0.00,0.00,0.00,0.00,0.00,0.00,0.00,0.00,0.00,0.00
2026-09-20 00:00:00+00:00,Moimenta da Beira,1807,0.00,0.00,0.00,0.00,0.00,0.00,0.00,0.00,0.00,0.00,0.00,0.00,0.00,0.00
2026-09-21 00:00:00+00:00,Moimenta da Beira,1807,0.00,0.00,0.00,0.00,0.00,0.00,0.00,0.00,0.00,0.00,0.00,0.00,0.00,0.00
2026-09-22 00:00:00+00:00,Moimenta da Beira,1807,0.00,0.00,0.00,0.00,0.00,0.00,0.00,0.00,0.00,0.00,0.00,0.00,0.00,0.00
2026-09-23 00:00:00+00:00,Moimenta da Beira,1807,0.00,0.00,0.00,0.00,0.00,0.00,0.00,0.00,0.00,0.00,0.00,0.00,0.00,0.00
2026-09-24 00:00:00+00:00,Moimenta da Beira,1807,0.00,0.00,0.00,0.00,0.00,0.00,0.00,0.00,0.00,0.00,0.00,0.00,0.00,0.00
2026-09-25 00:00:00+00:00,Moimenta da Beira,1807,0.05,0.07,0.00,0.35,0.00,0.02,0.06,0.00,0.00,0.00,0.00,0.00,0.00,0.00
2026-09-26 00:00:00+00:00,Moimenta da Beira,1807,0.00,0.00,0.00,0.00,0.00,0.00,0.00,0.00,0.00,0.00,0.00,0.00,0.00,0.00
2026-09-27 00:00:00+00:00,Moimenta da Beira,1807,0.00,0.00,0.00,0.00,0.00,0.00,0.00,0.00,0.00,0.00,0.00,0.00,0.00,0.00
2026-09-28 00:00:00+00:00,Moimenta da Beira,1807,5.80,0.16,5.44,6.00,5.65,5.83,5.95,0.13,0.04,0.10,0.22,0.10,0.12,0.15
2026-09-29 00:00:00+00:00,Moimenta da Beira,1807,12.42,1.14,11.06,16.57,11.87,11.97,12.34,2.85,0.81,2.23,5.41,2.31,2.41,3.05
2026-09-10 00:00:00+00:00,Mortágua,1808,0.12,0.04,0.00,0.16,0.11,0.13,0.15,0.00,0.00,0.00,0.00,0.00,0.00,0.00
2026-09-11 00:00:00+00:00,Mortágua,1808,0.00,0.00,0.00,0.00,0.00,0.00,0.00,0.00,0.00,0.00,0.00,0.00,0.00,0.00
2026-09-12 00:00:00+00:00,Mortágua,1808,0.00,0.00,0.00,0.00,0.00,0.00,0.00,0.00,0.00,0.00,0.00,0.00,0.00,0.00
2026-09-13 00:00:00+00:00,Mortágua,1808,0.00,0.00,0.00,0.00,0.00,0.00,0.00,0.00,0.00,0.00,0.00,0.00,0.00,0.00
2026-09-14 00:00:00+00:00,Mortágua,1808,0.00,0.00,0.00,0.00,0.00,0.00,0.00,0.00,0.00,0.00,0.00,0.00,0.00,0.00
2026-09-15 00:00:00+00:00,Mortágua,1808,0.00,0.00,0.00,0.00,0.00,0.00,0.00,0.00,0.00,0.00,0.00,0.00,0.00,0.00
2026-09-16 00:00:00+00:00,Mortágua,1808,0.19,0.18,0.00,0.78,0.06,0.13,0.26,0.02,0.02,0.00,0.11,0.01,0.02,0.03
2026-09-17 00:00:00+00:00,Mortágua,1808,0.00,0.00,0.00,0.00,0.00,0.00,0.00,0.00,0.00,0.00,0.00,0.00,0.00,0.00
2026-09-18 00:00:00+00:00,Mortágua,1808,0.00,0.00,0.00,0.00,0.00,0.00,0.00,0.00,0.00,0.00,0.00,0.00,0.00,0.00
2026-09-19 00:00:00+00:00,Mortágua,1808,0.00,0.00,0.00,0.00,0.00,0.00,0.00,0.00,0.00,0.00,0.00,0.00,0.00,0.00
2026-09-20 00:00:00+00:00,Mortágua,1808,0.00,0.00,0.00,0.00,0.00,0.00,0.00,0.00,0.00,0.00,0.00,0.00,0.00,0.00
2026-09-21 00:00:00+00:00,Mortágua,1808,0.00,0.00,0.00,0.00,0.00,0.00,0.00,0.00,0.00,0.00,0.00,0.00,0.00,0.00
2026-09-22 00:00:00+00:00,Mortágua,1808,0.00,0.00,0.00,0.00,0.00,0.00,0.00,0.00,0.00,0.00,0.00,0.00,0.00,0.00
2026-09-23 00:00:00+00:00,Mortágua,1808,0.05,0.05,0.00,0.20,0.01,0.04,0.07,0.00,0.00,0.00,0.00,0.00,0.00,0.00
2026-09-24 00:00:00+00:00,Mortágua,1808,0.18,0.05,0.10,0.31,0.15,0.17,0.21,0.01,0.00,0.00,0.01,0.01,0.01,0.01
2026-09-25 00:00:00+00:00,Mortágua,1808,0.79,0.46,0.15,2.15,0.42,0.69,1.09,0.01,0.00,0.00,0.02,0.00,0.01,0.01
2026-09-26 00:00:00+00:00,Mortágua,1808,0.45,0.11,0.20,0.63,0.37,0.45,0.53,0.01,0.00,0.00,0.01,0.01,0.01,0.01
2026-09-27 00:00:00+00:00,Mortágua,1808,0.00,0.00,0.00,0.00,0.00,0.00,0.00,0.00,0.00,0.00,0.00,0.00,0.00,0.00
2026-09-28 00:00:00+00:00,Mortágua,1808,0.89,0.99,0.00,4.35,0.19,0.44,1.29,0.05,0.05,0.00,0.22,0.01,0.02,0.06
2026-09-29 00:00:00+00:00,Mortágua,1808,22.24,4.18,9.51,32.44,21.41,22.40,23.77,4.22,0.88,1.28,7.14,4.17,4.39,4.50
2026-09-10 00:00:00+00:00,Nelas,1809,0.00,0.00,0.00,0.00,0.00,0.00,0.00,0.00,0.00,0.00,0.00,0.00,0.00,0.00
2026-09-11 00:00:00+00:00,Nelas,1809,0.00,0.00,0.00,0.00,0.00,0.00,0.00,0.00,0.00,0.00,0.00,0.00,0.00,0.00
2026-09-12 00:00:00+00:00,Nelas,1809,0.00,0.00,0.00,0.00,0.00,0.00,0.00,0.00,0.00,0.00,0.00,0.00,0.00,0.00
2026-09-13 00:00:00+00:00,Nelas,1809,0.00,0.00,0.00,0.00,0.00,0.00,0.00,0.00,0.00,0.00,0.00,0.00,0.00,0.00
2026-09-14 00:00:00+00:00,Nelas,1809,0.00,0.00,0.00,0.00,0.00,0.00,0.00,0.00,0.00,0.00,0.00,0.00,0.00,0.00
2026-09-15 00:00:00+00:00,Nelas,1809,0.00,0.00,0.00,0.00,0.00,0.00,0.00,0.00,0.00,0.00,0.00,0.00,0.00,0.00
2026-09-16 00:00:00+00:00,Nelas,1809,0.15,0.15,0.00,0.83,0.04,0.12,0.21,0.00,0.00,0.00,0.01,0.00,0.00,0.00
2026-09-17 00:00:00+00:00,Nelas,1809,0.00,0.00,0.00,0.00,0.00,0.00,0.00,0.00,0.00,0.00,0.00,0.00,0.00,0.00
2026-09-18 00:00:00+00:00,Nelas,1809,0.00,0.00,0.00,0.00,0.00,0.00,0.00,0.00,0.00,0.00,0.00,0.00,0.00,0.00
2026-09-19 00:00:00+00:00,Nelas,1809,0.00,0.00,0.00,0.00,0.00,0.00,0.00,0.00,0.00,0.00,0.00,0.00,0.00,0.00
2026-09-20 00:00:00+00:00,Nelas,1809,0.00,0.00,0.00,0.00,0.00,0.00,0.00,0.00,0.00,0.00,0.00,0.00,0.00,0.00
2026-09-21 00:00:00+00:00,Nelas,1809,0.00,0.00,0.00,0.00,0.00,0.00,0.00,0.00,0.00,0.00,0.00,0.00,0.00,0.00
2026-09-22 00:00:00+00:00,Nelas,1809,0.00,0.00,0.00,0.00,0.00,0.00,0.00,0.00,0.00,0.00,0.00,0.00,0.00,0.00
2026-09-23 00:00:00+00:00,Nelas,1809,0.00,0.00,0.00,0.00,0.00,0.00,0.00,0.00,0.00,0.00,0.00,0.00,0.00,0.00
2026-09-24 00:00:00+00:00,Nelas,1809,0.00,0.00,0.00,0.00,0.00,0.00,0.00,0.00,0.00,0.00,0.00,0.00,0.00,0.00
2026-09-25 00:00:00+00:00,Nelas,1809,11.46,0.52,9.55,12.00,11.20,11.59,11.88,0.10,0.00,0.08,0.10,0.09,0.10,0.10
2026-09-26 00:00:00+00:00,Nelas,1809,0.00,0.00,0.00,0.00,0.00,0.00,0.00,0.00,0.00,0.00,0.00,0.00,0.00,0.00
2026-09-27 00:00:00+00:00,Nelas,1809,0.00,0.00,0.00,0.00,0.00,0.00,0.00,0.00,0.00,0.00,0.00,0.00,0.00,0.00
2026-09-28 00:00:00+00:00,Nelas,1809,5.43,0.80,1.55,6.00,5.35,5.70,5.88,0.21,0.04,0.07,0.39,0.20,0.20,0.21
2026-09-29 00:00:00+00:00,Nelas,1809,5.74,0.79,1.86,7.19,5.67,5.97,6.04,0.31,0.22,0.10,1.29,0.15,0.24,0.39
2026-09-10 00:00:00+00:00,Oliveira de Frades,1810,0.04,0.04,0.00,0.12,0.00,0.04,0.07,0.00,0.00,0.00,0.00,0.00,0.00,0.00
2026-09-11 00:00:00+00:00,Oliveira de Frades,1810,0.00,0.00,0.00,0.00,0.00,0.00,0.00,0.00,0.00,0.00,0.00,0.00,0.00,0.00
2026-09-12 00:00:00+00:00,Oliveira de Frades,1810,0.00,0.00,0.00,0.00,0.00,0.00,0.00,0.00,0.00,0.00,0.00,0.00,0.00,0.00
2026-09-13 00:00:00+00:00,Oliveira de Frades,1810,0.00,0.00,0.00,0.00,0.00,0.00,0.00,0.00,0.00,0.00,0.00,0.00,0.00,0.00
2026-09-14 00:00:00+00:00,Oliveira de Frades,1810,0.00,0.00,0.00,0.00,0.00,0.00,0.00,0.00,0.00,0.00,0.00,0.00,0.00,0.00
2026-09-15 00:00:00+00:00,Oliveira de Frades,1810,0.00,0.00,0.00,0.00,0.00,0.00,0.00,0.00,0.00,0.00,0.00,0.00,0.00,0.00
2026-09-16 00:00:00+00:00,Oliveira de Frades,1810,0.40,0.12,0.05,0.64,0.33,0.40,0.49,0.01,0.01,0.01,0.04,0.01,0.01,0.01
2026-09-17 00:00:00+00:00,Oliveira de Frades,1810,0.00,0.00,0.00,0.00,0.00,0.00,0.00,0.00,0.00,0.00,0.00,0.00,0.00,0.00
2026-09-18 00:00:00+00:00,Oliveira de Frades,1810,0.00,0.00,0.00,0.00,0.00,0.00,0.00,0.00,0.00,0.00,0.00,0.00,0.00,0.00
2026-09-19 00:00:00+00:00,Oliveira de Frades,1810,0.00,0.00,0.00,0.00,0.00,0.00,0.00,0.00,0.00,0.00,0.00,0.00,0.00,0.00
2026-09-20 00:00:00+00:00,Oliveira de Frades,1810,0.00,0.00,0.00,0.00,0.00,0.00,0.00,0.00,0.00,0.00,0.00,0.00,0.00,0.00
2026-09-21 00:00:00+00:00,Oliveira de Frades,1810,0.00,0.00,0.00,0.00,0.00,0.00,0.00,0.00,0.00,0.00,0.00,0.00,0.00,0.00
2026-09-22 00:00:00+00:00,Oliveira de Frades,1810,0.00,0.00,0.00,0.00,0.00,0.00,0.00,0.00,0.00,0.00,0.00,0.00,0.00,0.00
2026-09-23 00:00:00+00:00,Oliveira de Frades,1810,0.03,0.06,0.00,0.23,0.00,0.00,0.06,0.00,0.00,0.00,0.00,0.00,0.00,0.00
2026-09-24 00:00:00+00:00,Oliveira de Frades,1810,0.16,0.06,0.06,0.28,0.12,0.16,0.21,0.01,0.00,0.00,0.01,0.01,0.01,0.01
2026-09-25 00:00:00+00:00,Oliveira de Frades,1810,1.05,0.42,0.33,2.36,0.81,0.98,1.13,0.01,0.00,0.00,0.02,0.01,0.01,0.01
2026-09-26 00:00:00+00:00,Oliveira de Frades,1810,0.21,0.11,0.06,0.44,0.12,0.16,0.33,0.00,0.00,0.00,0.01,0.00,0.00,0.01
2026-09-27 00:00:00+00:00,Oliveira de Frades,1810,0.00,0.00,0.00,0.00,0.00,0.00,0.00,0.00,0.00,0.00,0.00,0.00,0.00,0.00
2026-09-28 00:00:00+00:00,Oliveira de Frades,1810,4.53,0.78,2.31,5.91,4.07,4.56,5.11,0.23,0.04,0.12,0.30,0.20,0.23,0.25
2026-09-29 00:00:00+00:00,Oliveira de Frades,1810,22.79,0.37,21.85,23.82,22.55,22.76,23.02,8.55,0.62,6.27,9.53,8.08,8.70,9.01
2026-09-10 00:00:00+00:00,Penalva do Castelo,1811,0.00,0.00,0.00,0.00,0.00,0.00,0.00,0.00,0.00,0.00,0.00,0.00,0.00,0.00
2026-09-11 00:00:00+00:00,Penalva do Castelo,1811,0.00,0.00,0.00,0.00,0.00,0.00,0.00,0.00,0.00,0.00,0.00,0.00,0.00,0.00
2026-09-12 00:00:00+00:00,Penalva do Castelo,1811,0.00,0.00,0.00,0.00,0.00,0.00,0.00,0.00,0.00,0.00,0.00,0.00,0.00,0.00
2026-09-13 00:00:00+00:00,Penalva do Castelo,1811,0.00,0.00,0.00,0.00,0.00,0.00,0.00,0.00,0.00,0.00,0.00,0.00,0.00,0.00
2026-09-14 00:00:00+00:00,Penalva do Castelo,1811,0.00,0.00,0.00,0.00,0.00,0.00,0.00,0.00,0.00,0.00,0.00,0.00,0.00,0.00
2026-09-15 00:00:00+00:00,Penalva do Castelo,1811,0.00,0.00,0.00,0.00,0.00,0.00,0.00,0.00,0.00,0.00,0.00,0.00,0.00,0.00
2026-09-16 00:00:00+00:00,Penalva do Castelo,1811,0.16,0.18,0.00,1.21,0.05,0.11,0.20,0.00,0.00,0.00,0.01,0.00,0.00,0.00
2026-09-17 00:00:00+00:00,Penalva do Castelo,1811,0.00,0.00,0.00,0.00,0.00,0.00,0.00,0.00,0.00,0.00,0.00,0.00,0.00,0.00
2026-09-18 00:00:00+00:00,Penalva do Castelo,1811,0.00,0.00,0.00,0.00,0.00,0.00,0.00,0.00,0.00,0.00,0.00,0.00,0.00,0.00
2026-09-19 00:00:00+00:00,Penalva do Castelo,1811,0.00,0.00,0.00,0.00,0.00,0.00,0.00,0.00,0.00,0.00,0.00,0.00,0.00,0.00
2026-09-20 00:00:00+00:00,Penalva do Castelo,1811,0.00,0.00,0.00,0.00,0.00,0.00,0.00,0.00,0.00,0.00,0.00,0.00,0.00,0.00
2026-09-21 00:00:00+00:00,Penalva do Castelo,1811,0.00,0.00,0.00,0.00,0.00,0.00,0.00,0.00,0.00,0.00,0.00,0.00,0.00,0.00
2026-09-22 00:00:00+00:00,Penalva do Castelo,1811,0.00,0.00,0.00,0.00,0.00,0.00,0.00,0.00,0.00,0.00,0.00,0.00,0.00,0.00
2026-09-23 00:00:00+00:00,Penalva do Castelo,1811,0.00,0.00,0.00,0.00,0.00,0.00,0.00,0.00,0.00,0.00,0.00,0.00,0.00,0.00
2026-09-24 00:00:00+00:00,Penalva do Castelo,1811,0.00,0.00,0.00,0.00,0.00,0.00,0.00,0.00,0.00,0.00,0.00,0.00,0.00,0.00
2026-09-25 00:00:00+00:00,Penalva do Castelo,1811,1.84,0.60,0.84,3.49,1.39,1.72,2.19,0.02,0.01,0.01,0.03,0.01,0.01,0.02
2026-09-26 00:00:00+00:00,Penalva do Castelo,1811,0.00,0.00,0.00,0.00,0.00,0.00,0.00,0.00,0.00,0.00,0.00,0.00,0.00,0.00
2026-09-27 00:00:00+00:00,Penalva do Castelo,1811,0.00,0.00,0.00,0.00,0.00,0.00,0.00,0.00,0.00,0.00,0.00,0.00,0.00,0.00
2026-09-28 00:00:00+00:00,Penalva do Castelo,1811,8.08,2.76,1.54,11.30,5.91,8.91,10.58,0.52,0.15,0.11,0.70,0.41,0.56,0.65
2026-09-29 00:00:00+00:00,Penalva do Castelo,1811,1.36,1.17,0.00,4.33,0.33,1.01,2.19,0.28,0.26,0.00,1.43,0.07,0.21,0.43
2026-09-10 00:00:00+00:00,Penedono,1812,0.00,0.00,0.00,0.00,0.00,0.00,0.00,0.00,0.00,0.00,0.00,0.00,0.00,0.00
2026-09-11 00:00:00+00:00,Penedono,1812,0.00,0.00,0.00,0.00,0.00,0.00,0.00,0.00,0.00,0.00,0.00,0.00,0.00,0.00
2026-09-12 00:00:00+00:00,Penedono,1812,0.00,0.00,0.00,0.00,0.00,0.00,0.00,0.00,0.00,0.00,0.00,0.00,0.00,0.00
2026-09-13 00:00:00+00:00,Penedono,1812,0.00,0.00,0.00,0.00,0.00,0.00,0.00,0.00,0.00,0.00,0.00,0.00,0.00,0.00
2026-09-14 00:00:00+00:00,Penedono,1812,0.00,0.00,0.00,0.00,0.00,0.00,0.00,0.00,0.00,0.00,0.00,0.00,0.00,0.00
2026-09-15 00:00:00+00:00,Penedono,1812,0.00,0.00,0.00,0.00,0.00,0.00,0.00,0.00,0.00,0.00,0.00,0.00,0.00,0.00
2026-09-16 00:00:00+00:00,Penedono,1812,0.00,0.00,0.00,0.00,0.00,0.00,0.00,0.00,0.00,0.00,0.00,0.00,0.00,0.00
2026-09-17 00:00:00+00:00,Penedono,1812,0.00,0.00,0.00,0.00,0.00,0.00,0.00,0.00,0.00,0.00,0.00,0.00,0.00,0.00
2026-09-18 00:00:00+00:00,Penedono,1812,0.00,0.00,0.00,0.00,0.00,0.00,0.00,0.00,0.00,0.00,0.00,0.00,0.00,0.00
2026-09-19 00:00:00+00:00,Penedono,1812,0.00,0.00,0.00,0.00,0.00,0.00,0.00,0.00,0.00,0.00,0.00,0.00,0.00,0.00
2026-09-20 00:00:00+00:00,Penedono,1812,0.00,0.00,0.00,0.00,0.00,0.00,0.00,0.00,0.00,0.00,0.00,0.00,0.00,0.00
2026-09-21 00:00:00+00:00,Penedono,1812,0.00,0.00,0.00,0.00,0.00,0.00,0.00,0.00,0.00,0.00,0.00,0.00,0.00,0.00
2026-09-22 00:00:00+00:00,Penedono,1812,0.00,0.00,0.00,0.00,0.00,0.00,0.00,0.00,0.00,0.00,0.00,0.00,0.00,0.00
2026-09-23 00:00:00+00:00,Penedono,1812,0.00,0.00,0.00,0.00,0.00,0.00,0.00,0.00,0.00,0.00,0.00,0.00,0.00,0.00
2026-09-24 00:00:00+00:00,Penedono,1812,0.00,0.00,0.00,0.00,0.00,0.00,0.00,0.00,0.00,0.00,0.00,0.00,0.00,0.00
2026-09-25 00:00:00+00:00,Penedono,1812,0.06,0.05,0.00,0.12,0.00,0.08,0.11,0.00,0.00,0.00,0.00,0.00,0.00,0.00
2026-09-26 00:00:00+00:00,Penedono,1812,0.00,0.00,0.00,0.00,0.00,0.00,0.00,0.00,0.00,0.00,0.00,0.00,0.00,0.00
2026-09-27 00:00:00+00:00,Penedono,1812,0.00,0.00,0.00,0.00,0.00,0.00,0.00,0.00,0.00,0.00,0.00,0.00,0.00,0.00
2026-09-28 00:00:00+00:00,Penedono,1812,7.53,1.75,4.82,11.66,6.21,6.97,8.85,0.32,0.13,0.16,0.60,0.22,0.26,0.44
2026-09-29 00:00:00+00:00,Penedono,1812,7.98,0.68,6.72,9.55,7.45,7.95,8.42,1.65,0.36,0.83,2.11,1.40,1.75,1.95
2026-09-10 00:00:00+00:00,Resende,1813,0.00,0.00,0.00,0.00,0.00,0.00,0.00,0.00,0.00,0.00,0.00,0.00,0.00,0.00
2026-09-11 00:00:00+00:00,Resende,1813,0.00,0.00,0.00,0.00,0.00,0.00,0.00,0.00,0.00,0.00,0.00,0.00,0.00,0.00
2026-09-12 00:00:00+00:00,Resende,1813,0.00,0.00,0.00,0.00,0.00,0.00,0.00,0.00,0.00,0.00,0.00,0.00,0.00,0.00
2026-09-13 00:00:00+00:00,Resende,1813,0.00,0.00,0.00,0.00,0.00,0.00,0.00,0.00,0.00,0.00,0.00,0.00,0.00,0.00
2026-09-14 00:00:00+00:00,Resende,1813,0.00,0.00,0.00,0.00,0.00,0.00,0.00,0.00,0.00,0.00,0.00,0.00,0.00,0.00
2026-09-15 00:00:00+00:00,Resende,1813,0.00,0.00,0.00,0.00,0.00,0.00,0.00,0.00,0.00,0.00,0.00,0.00,0.00,0.00
2026-09-16 00:00:00+00:00,Resende,1813,0.65,0.17,0.32,1.08,0.53,0.62,0.77,0.01,0.00,0.00,0.01,0.00,0.01,0.01
2026-09-17 00:00:00+00:00,Resende,1813,0.00,0.00,0.00,0.00,0.00,0.00,0.00,0.00,0.00,0.00,0.00,0.00,0.00,0.00
2026-09-18 00:00:00+00:00,Resende,1813,0.00,0.00,0.00,0.00,0.00,0.00,0.00,0.00,0.00,0.00,0.00,0.00,0.00,0.00
2026-09-19 00:00:00+00:00,Resende,1813,0.00,0.00,0.00,0.00,0.00,0.00,0.00,0.00,0.00,0.00,0.00,0.00,0.00,0.00
2026-09-20 00:00:00+00:00,Resende,1813,0.00,0.00,0.00,0.00,0.00,0.00,0.00,0.00,0.00,0.00,0.00,0.00,0.00,0.00
2026-09-21 00:00:00+00:00,Resende,1813,0.00,0.00,0.00,0.00,0.00,0.00,0.00,0.00,0.00,0.00,0.00,0.00,0.00,0.00
2026-09-22 00:00:00+00:00,Resende,1813,0.00,0.00,0.00,0.00,0.00,0.00,0.00,0.00,0.00,0.00,0.00,0.00,0.00,0.00
2026-09-23 00:00:00+00:00,Resende,1813,0.00,0.00,0.00,0.00,0.00,0.00,0.00,0.00,0.00,0.00,0.00,0.00,0.00,0.00
2026-09-24 00:00:00+00:00,Resende,1813,0.00,0.00,0.00,0.00,0.00,0.00,0.00,0.00,0.00,0.00,0.00,0.00,0.00,0.00
2026-09-25 00:00:00+00:00,Resende,1813,0.18,0.11,0.00,0.32,0.00,0.22,0.26,0.00,0.00,0.00,0.00,0.00,0.00,0.00
2026-09-26 00:00:00+00:00,Resende,1813,0.00,0.00,0.00,0.00,0.00,0.00,0.00,0.00,0.00,0.00,0.00,0.00,0.00,0.00
2026-09-27 00:00:00+00:00,Resende,1813,0.00,0.00,0.00,0.00,0.00,0.00,0.00,0.00,0.00,0.00,0.00,0.00,0.00,0.00
2026-09-28 00:00:00+00:00,Resende,1813,2.48,0.54,1.27,3.51,2.09,2.55,2.89,0.09,0.02,0.05,0.14,0.08,0.09,0.11
2026-09-29 00:00:00+00:00,Resende,1813,18.49,1.99,15.83,23.80,16.95,18.04,19.46,8.16,1.12,6.38,11.15,7.33,7.93,8.68
2026-09-10 00:00:00+00:00,Santa Comba Dão,1814,0.01,0.03,0.00,0.13,0.00,0.00,0.00,0.00,0.00,0.00,0.00,0.00,0.00,0.00
2026-09-11 00:00:00+00:00,Santa Comba Dão,1814,0.00,0.00,0.00,0.00,0.00,0.00,0.00,0.00,0.00,0.00,0.00,0.00,0.00,0.00
2026-09-12 00:00:00+00:00,Santa Comba Dão,1814,0.00,0.00,0.00,0.00,0.00,0.00,0.00,0.00,0.00,0.00,0.00,0.00,0.00,0.00
2026-09-13 00:00:00+00:00,Santa Comba Dão,1814,0.00,0.00,0.00,0.00,0.00,0.00,0.00,0.00,0.00,0.00,0.00,0.00,0.00,0.00
2026-09-14 00:00:00+00:00,Santa Comba Dão,1814,0.00,0.00,0.00,0.00,0.00,0.00,0.00,0.00,0.00,0.00,0.00,0.00,0.00,0.00
2026-09-15 00:00:00+00:00,Santa Comba Dão,1814,0.00,0.00,0.00,0.00,0.00,0.00,0.00,0.00,0.00,0.00,0.00,0.00,0.00,0.00
2026-09-16 00:00:00+00:00,Santa Comba Dão,1814,0.90,0.41,0.18,2.03,0.62,0.87,1.12,0.06,0.02,0.01,0.10,0.04,0.06,0.07
2026-09-17 00:00:00+00:00,Santa Comba Dão,1814,0.00,0.00,0.00,0.00,0.00,0.00,0.00,0.00,0.00,0.00,0.00,0.00,0.00,0.00
2026-09-18 00:00:00+00:00,Santa Comba Dão,1814,0.00,0.00,0.00,0.00,0.00,0.00,0.00,0.00,0.00,0.00,0.00,0.00,0.00,0.00
2026-09-19 00:00:00+00:00,Santa Comba Dão,1814,0.00,0.00,0.00,0.00,0.00,0.00,0.00,0.00,0.00,0.00,0.00,0.00,0.00,0.00
2026-09-20 00:00:00+00:00,Santa Comba Dão,1814,0.00,0.00,0.00,0.00,0.00,0.00,0.00,0.00,0.00,0.00,0.00,0.00,0.00,0.00
2026-09-21 00:00:00+00:00,Santa Comba Dão,1814,0.00,0.00,0.00,0.00,0.00,0.00,0.00,0.00,0.00,0.00,0.00,0.00,0.00,0.00
2026-09-22 00:00:00+00:00,Santa Comba Dão,1814,0.00,0.00,0.00,0.00,0.00,0.00,0.00,0.00,0.00,0.00,0.00,0.00,0.00,0.00
2026-09-23 00:00:00+00:00,Santa Comba Dão,1814,0.00,0.00,0.00,0.00,0.00,0.00,0.00,0.00,0.00,0.00,0.00,0.00,0.00,0.00
2026-09-24 00:00:00+00:00,Santa Comba Dão,1814,0.07,0.07,0.00,0.15,0.00,0.12,0.13,0.00,0.00,0.00,0.01,0.00,0.01,0.01
2026-09-25 00:00:00+00:00,Santa Comba Dão,1814,2.55,1.03,0.89,5.83,1.76,2.39,3.17,0.02,0.01,0.01,0.05,0.02,0.02,0.03
2026-09-26 00:00:00+00:00,Santa Comba Dão,1814,0.39,0.12,0.14,0.58,0.28,0.41,0.49,0.01,0.00,0.00,0.01,0.01,0.01,0.01
2026-09-27 00:00:00+00:00,Santa Comba Dão,1814,0.00,0.00,0.00,0.00,0.00,0.00,0.00,0.00,0.00,0.00,0.00,0.00,0.00,0.00
2026-09-28 00:00:00+00:00,Santa Comba Dão,1814,0.69,0.32,0.23,1.73,0.43,0.64,0.87,0.03,0.01,0.01,0.07,0.02,0.03,0.04
2026-09-29 00:00:00+00:00,Santa Comba Dão,1814,14.07,3.57,7.66,21.06,11.17,13.72,16.95,2.61,0.81,1.19,4.11,1.91,2.58,3.24
2026-09-10 00:00:00+00:00,São João da Pesqueira,1815,0.00,0.00,0.00,0.00,0.00,0.00,0.00,0.00,0.00,0.00,0.00,0.00,0.00,0.00
2026-09-11 00:00:00+00:00,São João da Pesqueira,1815,0.00,0.00,0.00,0.00,0.00,0.00,0.00,0.00,0.00,0.00,0.00,0.00,0.00,0.00
2026-09-12 00:00:00+00:00,São João da Pesqueira,1815,0.00,0.00,0.00,0.00,0.00,0.00,0.00,0.00,0.00,0.00,0.00,0.00,0.00,0.00
2026-09-13 00:00:00+00:00,São João da Pesqueira,1815,0.00,0.00,0.00,0.00,0.00,0.00,0.00,0.00,0.00,0.00,0.00,0.00,0.00,0.00
2026-09-14 00:00:00+00:00,São João da Pesqueira,1815,0.00,0.00,0.00,0.00,0.00,0.00,0.00,0.00,0.00,0.00,0.00,0.00,0.00,0.00
2026-09-15 00:00:00+00:00,São João da Pesqueira,1815,0.00,0.00,0.00,0.00,0.00,0.00,0.00,0.00,0.00,0.00,0.00,0.00,0.00,0.00
2026-09-16 00:00:00+00:00,São João da Pesqueira,1815,0.01,0.03,0.00,0.11,0.00,0.00,0.00,0.00,0.00,0.00,0.00,0.00,0.00,0.00
2026-09-17 00:00:00+00:00,São João da Pesqueira,1815,0.00,0.00,0.00,0.00,0.00,0.00,0.00,0.00,0.00,0.00,0.00,0.00,0.00,0.00
2026-09-18 00:00:00+00:00,São João da Pesqueira,1815,0.00,0.00,0.00,0.00,0.00,0.00,0.00,0.00,0.00,0.00,0.00,0.00,0.00,0.00
2026-09-19 00:00:00+00:00,São João da Pesqueira,1815,0.00,0.00,0.00,0.00,0.00,0.00,0.00,0.00,0.00,0.00,0.00,0.00,0.00,0.00
2026-09-20 00:00:00+00:00,São João da Pesqueira,1815,0.00,0.00,0.00,0.00,0.00,0.00,0.00,0.00,0.00,0.00,0.00,0.00,0.00,0.00
2026-09-21 00:00:00+00:00,São João da Pesqueira,1815,0.00,0.00,0.00,0.00,0.00,0.00,0.00,0.00,0.00,0.00,0.00,0.00,0.00,0.00
2026-09-22 00:00:00+00:00,São João da Pesqueira,1815,0.00,0.00,0.00,0.00,0.00,0.00,0.00,0.00,0.00,0.00,0.00,0.00,0.00,0.00
2026-09-23 00:00:00+00:00,São João da Pesqueira,1815,0.00,0.00,0.00,0.00,0.00,0.00,0.00,0.00,0.00,0.00,0.00,0.00,0.00,0.00
2026-09-24 00:00:00+00:00,São João da Pesqueira,1815,0.00,0.00,0.00,0.00,0.00,0.00,0.00,0.00,0.00,0.00,0.00,0.00,0.00,0.00
2026-09-25 00:00:00+00:00,São João da Pesqueira,1815,0.00,0.01,0.00,0.06,0.00,0.00,0.00,0.00,0.00,0.00,0.00,0.00,0.00,0.00
2026-09-26 00:00:00+00:00,São João da Pesqueira,1815,0.00,0.00,0.00,0.00,0.00,0.00,0.00,0.00,0.00,0.00,0.00,0.00,0.00,0.00
2026-09-27 00:00:00+00:00,São João da Pesqueira,1815,0.00,0.00,0.00,0.00,0.00,0.00,0.00,0.00,0.00,0.00,0.00,0.00,0.00,0.00
2026-09-28 00:00:00+00:00,São João da Pesqueira,1815,4.11,2.41,0.00,9.06,2.08,4.42,5.88,0.15,0.10,0.00,0.38,0.08,0.14,0.23
2026-09-29 00:00:00+00:00,São João da Pesqueira,1815,7.30,1.11,6.00,11.07,6.60,6.89,7.64,2.01,0.15,1.60,2.28,1.94,2.06,2.10
2026-09-10 00:00:00+00:00,São Pedro do Sul,1816,0.00,0.00,0.00,0.00,0.00,0.00,0.00,0.00,0.00,0.00,0.00,0.00,0.00,0.00
2026-09-11 00:00:00+00:00,São Pedro do Sul,1816,0.00,0.00,0.00,0.00,0.00,0.00,0.00,0.00,0.00,0.00,0.00,0.00,0.00,0.00
2026-09-12 00:00:00+00:00,São Pedro do Sul,1816,0.00,0.00,0.00,0.00,0.00,0.00,0.00,0.00,0.00,0.00,0.00,0.00,0.00,0.00
2026-09-13 00:00:00+00:00,São Pedro do Sul,1816,0.00,0.00,0.00,0.00,0.00,0.00,0.00,0.00,0.00,0.00,0.00,0.00,0.00,0.00
2026-09-14 00:00:00+00:00,São Pedro do Sul,1816,0.00,0.00,0.00,0.00,0.00,0.00,0.00,0.00,0.00,0.00,0.00,0.00,0.00,0.00
2026-09-15 00:00:00+00:00,São Pedro do Sul,1816,0.00,0.00,0.00,0.00,0.00,0.00,0.00,0.00,0.00,0.00,0.00,0.00,0.00,0.00
2026-09-16 00:00:00+00:00,São Pedro do Sul,1816,1.94,1.36,0.14,5.68,0.80,1.52,2.78,0.02,0.01,0.00,0.05,0.01,0.02,0.03
2026-09-17 00:00:00+00:00,São Pedro do Sul,1816,0.00,0.00,0.00,0.00,0.00,0.00,0.00,0.00,0.00,0.00,0.00,0.00,0.00,0.00
2026-09-18 00:00:00+00:00,São Pedro do Sul,1816,0.00,0.00,0.00,0.00,0.00,0.00,0.00,0.00,0.00,0.00,0.00,0.00,0.00,0.00
2026-09-19 00:00:00+00:00,São Pedro do Sul,1816,0.00,0.00,0.00,0.00,0.00,0.00,0.00,0.00,0.00,0.00,0.00,0.00,0.00,0.00
2026-09-20 00:00:00+00:00,São Pedro do Sul,1816,0.00,0.00,0.00,0.00,0.00,0.00,0.00,0.00,0.00,0.00,0.00,0.00,0.00,0.00
2026-09-21 00:00:00+00:00,São Pedro do Sul,1816,0.00,0.00,0.00,0.00,0.00,0.00,0.00,0.00,0.00,0.00,0.00,0.00,0.00,0.00
2026-09-22 00:00:00+00:00,São Pedro do Sul,1816,0.00,0.00,0.00,0.00,0.00,0.00,0.00,0.00,0.00,0.00,0.00,0.00,0.00,0.00
2026-09-23 00:00:00+00:00,São Pedro do Sul,1816,0.00,0.00,0.00,0.00,0.00,0.00,0.00,0.00,0.00,0.00,0.00,0.00,0.00,0.00
2026-09-24 00:00:00+00:00,São Pedro do Sul,1816,0.02,0.03,0.00,0.11,0.00,0.00,0.02,0.00,0.00,0.00,0.01,0.00,0.00,0.00
2026-09-25 00:00:00+00:00,São Pedro do Sul,1816,0.40,0.17,0.05,0.91,0.28,0.39,0.50,0.00,0.00,0.00,0.01,0.00,0.00,0.00
2026-09-26 00:00:00+00:00,São Pedro do Sul,1816,0.02,0.03,0.00,0.11,0.00,0.00,0.02,0.00,0.00,0.00,0.00,0.00,0.00,0.00
2026-09-27 00:00:00+00:00,São Pedro do Sul,1816,0.00,0.00,0.00,0.00,0.00,0.00,0.00,0.00,0.00,0.00,0.00,0.00,0.00,0.00
2026-09-28 00:00:00+00:00,São Pedro do Sul,1816,2.72,1.07,0.31,5.48,1.98,2.58,3.33,0.13,0.05,0.02,0.27,0.10,0.13,0.17
2026-09-29 00:00:00+00:00,São Pedro do Sul,1816,19.28,2.58,15.02,23.57,16.88,19.63,21.74,7.93,1.40,5.43,11.20,6.69,8.13,8.91
2026-09-10 00:00:00+00:00,Sátão,1817,0.00,0.00,0.00,0.00,0.00,0.00,0.00,0.00,0.00,0.00,0.00,0.00,0.00,0.00
2026-09-11 00:00:00+00:00,Sátão,1817,0.00,0.00,0.00,0.00,0.00,0.00,0.00,0.00,0.00,0.00,0.00,0.00,0.00,0.00
2026-09-12 00:00:00+00:00,Sátão,1817,0.00,0.00,0.00,0.00,0.00,0.00,0.00,0.00,0.00,0.00,0.00,0.00,0.00,0.00
2026-09-13 00:00:00+00:00,Sátão,1817,0.00,0.00,0.00,0.00,0.00,0.00,0.00,0.00,0.00,0.00,0.00,0.00,0.00,0.00
2026-09-14 00:00:00+00:00,Sátão,1817,0.00,0.00,0.00,0.00,0.00,0.00,0.00,0.00,0.00,0.00,0.00,0.00,0.00,0.00
2026-09-15 00:00:00+00:00,Sátão,1817,0.00,0.00,0.00,0.00,0.00,0.00,0.00,0.00,0.00,0.00,0.00,0.00,0.00,0.00
2026-09-16 00:00:00+00:00,Sátão,1817,0.23,0.23,0.00,1.79,0.13,0.18,0.24,0.00,0.00,0.00,0.01,0.00,0.00,0.00
2026-09-17 00:00:00+00:00,Sátão,1817,0.00,0.00,0.00,0.00,0.00,0.00,0.00,0.00,0.00,0.00,0.00,0.00,0.00,0.00
2026-09-18 00:00:00+00:00,Sátão,1817,0.00,0.00,0.00,0.00,0.00,0.00,0.00,0.00,0.00,0.00,0.00,0.00,0.00,0.00
2026-09-19 00:00:00+00:00,Sátão,1817,0.00,0.00,0.00,0.00,0.00,0.00,0.00,0.00,0.00,0.00,0.00,0.00,0.00,0.00
2026-09-20 00:00:00+00:00,Sátão,1817,0.00,0.00,0.00,0.00,0.00,0.00,0.00,0.00,0.00,0.00,0.00,0.00,0.00,0.00
2026-09-21 00:00:00+00:00,Sátão,1817,0.00,0.00,0.00,0.00,0.00,0.00,0.00,0.00,0.00,0.00,0.00,0.00,0.00,0.00
2026-09-22 00:00:00+00:00,Sátão,1817,0.00,0.00,0.00,0.00,0.00,0.00,0.00,0.00,0.00,0.00,0.00,0.00,0.00,0.00
2026-09-23 00:00:00+00:00,Sátão,1817,0.00,0.00,0.00,0.00,0.00,0.00,0.00,0.00,0.00,0.00,0.00,0.00,0.00,0.00
2026-09-24 00:00:00+00:00,Sátão,1817,0.00,0.00,0.00,0.00,0.00,0.00,0.00,0.00,0.00,0.00,0.00,0.00,0.00,0.00
2026-09-25 00:00:00+00:00,Sátão,1817,0.73,0.26,0.22,1.42,0.53,0.70,0.91,0.01,0.00,0.00,0.01,0.00,0.01,0.01
2026-09-26 00:00:00+00:00,Sátão,1817,0.00,0.00,0.00,0.00,0.00,0.00,0.00,0.00,0.00,0.00,0.00,0.00,0.00,0.00
2026-09-27 00:00:00+00:00,Sátão,1817,0.00,0.00,0.00,0.00,0.00,0.00,0.00,0.00,0.00,0.00,0.00,0.00,0.00,0.00
2026-09-28 00:00:00+00:00,Sátão,1817,7.83,2.11,2.76,10.50,5.94,8.35,9.72,0.44,0.14,0.14,0.62,0.30,0.49,0.56
2026-09-29 00:00:00+00:00,Sátão,1817,7.19,3.13,1.87,16.66,5.34,5.92,8.29,1.46,1.22,0.34,5.45,0.64,0.90,1.77
2026-09-10 00:00:00+00:00,Sernancelhe,1818,0.00,0.00,0.00,0.00,0.00,0.00,0.00,0.00,0.00,0.00,0.00,0.00,0.00,0.00
2026-09-11 00:00:00+00:00,Sernancelhe,1818,0.00,0.00,0.00,0.00,0.00,0.00,0.00,0.00,0.00,0.00,0.00,0.00,0.00,0.00
2026-09-12 00:00:00+00:00,Sernancelhe,1818,0.00,0.00,0.00,0.00,0.00,0.00,0.00,0.00,0.00,0.00,0.00,0.00,0.00,0.00
2026-09-13 00:00:00+00:00,Sernancelhe,1818,0.00,0.00,0.00,0.00,0.00,0.00,0.00,0.00,0.00,0.00,0.00,0.00,0.00,0.00
2026-09-14 00:00:00+00:00,Sernancelhe,1818,0.00,0.00,0.00,0.00,0.00,0.00,0.00,0.00,0.00,0.00,0.00,0.00,0.00,0.00
2026-09-15 00:00:00+00:00,Sernancelhe,1818,0.00,0.00,0.00,0.00,0.00,0.00,0.00,0.00,0.00,0.00,0.00,0.00,0.00,0.00
2026-09-16 00:00:00+00:00,Sernancelhe,1818,0.10,0.04,0.00,0.16,0.08,0.10,0.12,0.00,0.00,0.00,0.00,0.00,0.00,0.00
2026-09-17 00:00:00+00:00,Sernancelhe,1818,0.00,0.00,0.00,0.00,0.00,0.00,0.00,0.00,0.00,0.00,0.00,0.00,0.00,0.00
2026-09-18 00:00:00+00:00,Sernancelhe,1818,0.00,0.00,0.00,0.00,0.00,0.00,0.00,0.00,0.00,0.00,0.00,0.00,0.00,0.00
2026-09-19 00:00:00+00:00,Sernancelhe,1818,0.00,0.00,0.00,0.00,0.00,0.00,0.00,0.00,0.00,0.00,0.00,0.00,0.00,0.00
2026-09-20 00:00:00+00:00,Sernancelhe,1818,0.00,0.00,0.00,0.00,0.00,0.00,0.00,0.00,0.00,0.00,0.00,0.00,0.00,0.00
2026-09-21 00:00:00+00:00,Sernancelhe,1818,0.00,0.00,0.00,0.00,0.00,0.00,0.00,0.00,0.00,0.00,0.00,0.00,0.00,0.00
2026-09-22 00:00:00+00:00,Sernancelhe,1818,0.00,0.00,0.00,0.00,0.00,0.00,0.00,0.00,0.00,0.00,0.00,0.00,0.00,0.00
2026-09-23 00:00:00+00:00,Sernancelhe,1818,0.00,0.00,0.00,0.00,0.00,0.00,0.00,0.00,0.00,0.00,0.00,0.00,0.00,0.00
2026-09-24 00:00:00+00:00,Sernancelhe,1818,0.00,0.00,0.00,0.00,0.00,0.00,0.00,0.00,0.00,0.00,0.00,0.00,0.00,0.00
2026-09-25 00:00:00+00:00,Sernancelhe,1818,0.10,0.05,0.01,0.36,0.06,0.09,0.12,0.00,0.00,0.00,0.00,0.00,0.00,0.00
2026-09-26 00:00:00+00:00,Sernancelhe,1818,0.00,0.00,0.00,0.00,0.00,0.00,0.00,0.00,0.00,0.00,0.00,0.00,0.00,0.00
2026-09-27 00:00:00+00:00,Sernancelhe,1818,0.00,0.00,0.00,0.00,0.00,0.00,0.00,0.00,0.00,0.00,0.00,0.00,0.00,0.00
2026-09-28 00:00:00+00:00,Sernancelhe,1818,5.78,2.07,2.00,14.97,4.70,5.78,6.33,0.22,0.12,0.10,0.74,0.15,0.17,0.24
2026-09-29 00:00:00+00:00,Sernancelhe,1818,8.92,1.81,5.95,13.07,7.29,8.99,10.53,1.56,0.72,0.33,3.74,0.91,1.66,2.14
2026-09-10 00:00:00+00:00,Tabuaço,1819,0.00,0.00,0.00,0.00,0.00,0.00,0.00,0.00,0.00,0.00,0.00,0.00,0.00,0.00
2026-09-11 00:00:00+00:00,Tabuaço,1819,0.00,0.00,0.00,0.00,0.00,0.00,0.00,0.00,0.00,0.00,0.00,0.00,0.00,0.00
2026-09-12 00:00:00+00:00,Tabuaço,1819,0.00,0.00,0.00,0.00,0.00,0.00,0.00,0.00,0.00,0.00,0.00,0.00,0.00,0.00
2026-09-13 00:00:00+00:00,Tabuaço,1819,0.00,0.00,0.00,0.00,0.00,0.00,0.00,0.00,0.00,0.00,0.00,0.00,0.00,0.00
2026-09-14 00:00:00+00:00,Tabuaço,1819,0.00,0.00,0.00,0.00,0.00,0.00,0.00,0.00,0.00,0.00,0.00,0.00,0.00,0.00
2026-09-15 00:00:00+00:00,Tabuaço,1819,0.00,0.00,0.00,0.00,0.00,0.00,0.00,0.00,0.00,0.00,0.00,0.00,0.00,0.00
2026-09-16 00:00:00+00:00,Tabuaço,1819,0.04,0.02,0.00,0.07,0.02,0.04,0.06,0.00,0.00,0.00,0.00,0.00,0.00,0.00
2026-09-17 00:00:00+00:00,Tabuaço,1819,0.00,0.00,0.00,0.00,0.00,0.00,0.00,0.00,0.00,0.00,0.00,0.00,0.00,0.00
2026-09-18 00:00:00+00:00,Tabuaço,1819,0.00,0.00,0.00,0.00,0.00,0.00,0.00,0.00,0.00,0.00,0.00,0.00,0.00,0.00
2026-09-19 00:00:00+00:00,Tabuaço,1819,0.00,0.00,0.00,0.00,0.00,0.00,0.00,0.00,0.00,0.00,0.00,0.00,0.00,0.00
2026-09-20 00:00:00+00:00,Tabuaço,1819,0.00,0.00,0.00,0.00,0.00,0.00,0.00,0.00,0.00,0.00,0.00,0.00,0.00,0.00
2026-09-21 00:00:00+00:00,Tabuaço,1819,0.00,0.00,0.00,0.00,0.00,0.00,0.00,0.00,0.00,0.00,0.00,0.00,0.00,0.00
2026-09-22 00:00:00+00:00,Tabuaço,1819,0.00,0.00,0.00,0.00,0.00,0.00,0.00,0.00,0.00,0.00,0.00,0.00,0.00,0.00
2026-09-23 00:00:00+00:00,Tabuaço,1819,0.00,0.00,0.00,0.00,0.00,0.00,0.00,0.00,0.00,0.00,0.00,0.00,0.00,0.00
2026-09-24 00:00:00+00:00,Tabuaço,1819,0.00,0.00,0.00,0.00,0.00,0.00,0.00,0.00,0.00,0.00,0.00,0.00,0.00,0.00
2026-09-25 00:00:00+00:00,Tabuaço,1819,0.00,0.00,0.00,0.02,0.00,0.00,0.00,0.00,0.00,0.00,0.00,0.00,0.00,0.00
2026-09-26 00:00:00+00:00,Tabuaço,1819,0.00,0.00,0.00,0.00,0.00,0.00,0.00,0.00,0.00,0.00,0.00,0.00,0.00,0.00
2026-09-27 00:00:00+00:00,Tabuaço,1819,0.00,0.00,0.00,0.00,0.00,0.00,0.00,0.00,0.00,0.00,0.00,0.00,0.00,0.00
2026-09-28 00:00:00+00:00,Tabuaço,1819,2.55,1.96,0.00,5.79,0.63,2.09,4.49,0.06,0.04,0.00,0.12,0.02,0.06,0.10
2026-09-29 00:00:00+00:00,Tabuaço,1819,8.46,1.79,6.00,11.55,6.93,8.12,10.16,2.16,0.27,1.60,2.64,1.97,2.26,2.35
2026-09-10 00:00:00+00:00,Tarouca,1820,0.00,0.00,0.00,0.00,0.00,0.00,0.00,0.00,0.00,0.00,0.00,0.00,0.00,0.00
2026-09-11 00:00:00+00:00,Tarouca,1820,0.00,0.00,0.00,0.00,0.00,0.00,0.00,0.00,0.00,0.00,0.00,0.00,0.00,0.00
2026-09-12 00:00:00+00:00,Tarouca,1820,0.00,0.00,0.00,0.00,0.00,0.00,0.00,0.00,0.00,0.00,0.00,0.00,0.00,0.00
2026-09-13 00:00:00+00:00,Tarouca,1820,0.00,0.00,0.00,0.00,0.00,0.00,0.00,0.00,0.00,0.00,0.00,0.00,0.00,0.00
2026-09-14 00:00:00+00:00,Tarouca,1820,0.00,0.00,0.00,0.00,0.00,0.00,0.00,0.00,0.00,0.00,0.00,0.00,0.00,0.00
2026-09-15 00:00:00+00:00,Tarouca,1820,0.00,0.00,0.00,0.00,0.00,0.00,0.00,0.00,0.00,0.00,0.00,0.00,0.00,0.00
2026-09-16 00:00:00+00:00,Tarouca,1820,0.40,0.20,0.06,0.86,0.26,0.35,0.55,0.00,0.00,0.00,0.01,0.00,0.00,0.00
2026-09-17 00:00:00+00:00,Tarouca,1820,0.00,0.00,0.00,0.00,0.00,0.00,0.00,0.00,0.00,0.00,0.00,0.00,0.00,0.00
2026-09-18 00:00:00+00:00,Tarouca,1820,0.00,0.00,0.00,0.00,0.00,0.00,0.00,0.00,0.00,0.00,0.00,0.00,0.00,0.00
2026-09-19 00:00:00+00:00,Tarouca,1820,0.00,0.00,0.00,0.00,0.00,0.00,0.00,0.00,0.00,0.00,0.00,0.00,0.00,0.00
2026-09-20 00:00:00+00:00,Tarouca,1820,0.00,0.00,0.00,0.00,0.00,0.00,0.00,0.00,0.00,0.00,0.00,0.00,0.00,0.00
2026-09-21 00:00:00+00:00,Tarouca,1820,0.00,0.00,0.00,0.00,0.00,0.00,0.00,0.00,0.00,0.00,0.00,0.00,0.00,0.00
2026-09-22 00:00:00+00:00,Tarouca,1820,0.00,0.00,0.00,0.00,0.00,0.00,0.00,0.00,0.00,0.00,0.00,0.00,0.00,0.00
2026-09-23 00:00:00+00:00,Tarouca,1820,0.00,0.00,0.00,0.00,0.00,0.00,0.00,0.00,0.00,0.00,0.00,0.00,0.00,0.00
2026-09-24 00:00:00+00:00,Tarouca,1820,0.00,0.00,0.00,0.00,0.00,0.00,0.00,0.00,0.00,0.00,0.00,0.00,0.00,0.00
2026-09-25 00:00:00+00:00,Tarouca,1820,0.14,0.07,0.02,0.30,0.09,0.12,0.20,0.00,0.00,0.00,0.00,0.00,0.00,0.00
2026-09-26 00:00:00+00:00,Tarouca,1820,0.00,0.00,0.00,0.00,0.00,0.00,0.00,0.00,0.00,0.00,0.00,0.00,0.00,0.00
2026-09-27 00:00:00+00:00,Tarouca,1820,0.00,0.00,0.00,0.00,0.00,0.00,0.00,0.00,0.00,0.00,0.00,0.00,0.00,0.00
2026-09-28 00:00:00+00:00,Tarouca,1820,5.14,0.31,4.42,5.78,4.94,5.14,5.37,0.15,0.02,0.11,0.19,0.14,0.16,0.17
2026-09-29 00:00:00+00:00,Tarouca,1820,12.70,0.78,11.49,14.18,11.98,12.66,13.21,3.79,0.59,2.46,4.87,3.40,3.76,4.24
2026-09-10 00:00:00+00:00,Tondela,1821,0.02,0.05,0.00,0.17,0.00,0.00,0.00,0.00,0.00,0.00,0.00,0.00,0.00,0.00
2026-09-11 00:00:00+00:00,Tondela,1821,0.00,0.00,0.00,0.00,0.00,0.00,0.00,0.00,0.00,0.00,0.00,0.00,0.00,0.00
2026-09-12 00:00:00+00:00,Tondela,1821,0.00,0.00,0.00,0.00,0.00,0.00,0.00,0.00,0.00,0.00,0.00,0.00,0.00,0.00
2026-09-13 00:00:00+00:00,Tondela,1821,0.00,0.00,0.00,0.00,0.00,0.00,0.00,0.00,0.00,0.00,0.00,0.00,0.00,0.00
2026-09-14 00:00:00+00:00,Tondela,1821,0.00,0.00,0.00,0.00,0.00,0.00,0.00,0.00,0.00,0.00,0.00,0.00,0.00,0.00
2026-09-15 00:00:00+00:00,Tondela,1821,0.00,0.00,0.00,0.00,0.00,0.00,0.00,0.00,0.00,0.00,0.00,0.00,0.00,0.00
2026-09-16 00:00:00+00:00,Tondela,1821,0.68,0.31,0.07,1.66,0.40,0.67,0.93,0.03,0.01,0.00,0.05,0.02,0.03,0.04
2026-09-17 00:00:00+00:00,Tondela,1821,0.00,0.00,0.00,0.00,0.00,0.00,0.00,0.00,0.00,0.00,0.00,0.00,0.00,0.00
2026-09-18 00:00:00+00:00,Tondela,1821,0.00,0.00,0.00,0.00,0.00,0.00,0.00,0.00,0.00,0.00,0.00,0.00,0.00,0.00
2026-09-19 00:00:00+00:00,Tondela,1821,0.00,0.00,0.00,0.00,0.00,0.00,0.00,0.00,0.00,0.00,0.00,0.00,0.00,0.00
2026-09-20 00:00:00+00:00,Tondela,1821,0.00,0.00,0.00,0.00,0.00,0.00,0.00,0.00,0.00,0.00,0.00,0.00,0.00,0.00
2026-09-21 00:00:00+00:00,Tondela,1821,0.00,0.00,0.00,0.00,0.00,0.00,0.00,0.00,0.00,0.00,0.00,0.00,0.00,0.00
2026-09-22 00:00:00+00:00,Tondela,1821,0.00,0.00,0.00,0.00,0.00,0.00,0.00,0.00,0.00,0.00,0.00,0.00,0.00,0.00
2026-09-23 00:00:00+00:00,Tondela,1821,0.03,0.05,0.00,0.17,0.00,0.00,0.00,0.00,0.00,0.00,0.00,0.00,0.00,0.00
2026-09-24 00:00:00+00:00,Tondela,1821,0.07,0.10,0.00,0.28,0.00,0.00,0.17,0.00,0.00,0.00,0.01,0.00,0.00,0.01
2026-09-25 00:00:00+00:00,Tondela,1821,3.66,2.03,0.97,9.99,2.19,3.04,4.87,0.03,0.02,0.01,0.08,0.02,0.03,0.04
2026-09-26 00:00:00+00:00,Tondela,1821,0.19,0.16,0.00,0.45,0.08,0.14,0.39,0.00,0.00,0.00,0.01,0.00,0.00,0.01
2026-09-27 00:00:00+00:00,Tondela,1821,0.00,0.00,0.00,0.00,0.00,0.00,0.00,0.00,0.00,0.00,0.00,0.00,0.00,0.00
2026-09-28 00:00:00+00:00,Tondela,1821,3.13,1.27,0.38,5.88,2.23,3.29,3.95,0.15,0.06,0.02,0.29,0.10,0.15,0.19
2026-09-29 00:00:00+00:00,Tondela,1821,18.33,4.75,6.61,25.49,14.91,19.64,22.05,5.09,1.86,1.09,9.44,3.88,4.92,6.36
2026-09-10 00:00:00+00:00,Vila Nova de Paiva,1822,0.00,0.00,0.00,0.00,0.00,0.00,0.00,0.00,0.00,0.00,0.00,0.00,0.00,0.00
2026-09-11 00:00:00+00:00,Vila Nova de Paiva,1822,0.00,0.00,0.00,0.00,0.00,0.00,0.00,0.00,0.00,0.00,0.00,0.00,0.00,0.00
2026-09-12 00:00:00+00:00,Vila Nova de Paiva,1822,0.00,0.00,0.00,0.00,0.00,0.00,0.00,0.00,0.00,0.00,0.00,0.00,0.00,0.00
2026-09-13 00:00:00+00:00,Vila Nova de Paiva,1822,0.00,0.00,0.00,0.00,0.00,0.00,0.00,0.00,0.00,0.00,0.00,0.00,0.00,0.00
2026-09-14 00:00:00+00:00,Vila Nova de Paiva,1822,0.00,0.00,0.00,0.00,0.00,0.00,0.00,0.00,0.00,0.00,0.00,0.00,0.00,0.00
2026-09-15 00:00:00+00:00,Vila Nova de Paiva,1822,0.00,0.00,0.00,0.00,0.00,0.00,0.00,0.00,0.00,0.00,0.00,0.00,0.00,0.00
2026-09-16 00:00:00+00:00,Vila Nova de Paiva,1822,0.33,0.32,0.00,1.44,0.08,0.23,0.48,0.00,0.00,0.00,0.01,0.00,0.00,0.00
2026-09-17 00:00:00+00:00,Vila Nova de Paiva,1822,0.00,0.00,0.00,0.00,0.00,0.00,0.00,0.00,0.00,0.00,0.00,0.00,0.00,0.00
2026-09-18 00:00:00+00:00,Vila Nova de Paiva,1822,0.00,0.00,0.00,0.00,0.00,0.00,0.00,0.00,0.00,0.00,0.00,0.00,0.00,0.00
2026-09-19 00:00:00+00:00,Vila Nova de Paiva,1822,0.00,0.00,0.00,0.00,0.00,0.00,0.00,0.00,0.00,0.00,0.00,0.00,0.00,0.00
2026-09-20 00:00:00+00:00,Vila Nova de Paiva,1822,0.00,0.00,0.00,0.00,0.00,0.00,0.00,0.00,0.00,0.00,0.00,0.00,0.00,0.00
2026-09-21 00:00:00+00:00,Vila Nova de Paiva,1822,0.00,0.00,0.00,0.00,0.00,0.00,0.00,0.00,0.00,0.00,0.00,0.00,0.00,0.00
2026-09-22 00:00:00+00:00,Vila Nova de Paiva,1822,0.00,0.00,0.00,0.00,0.00,0.00,0.00,0.00,0.00,0.00,0.00,0.00,0.00,0.00
2026-09-23 00:00:00+00:00,Vila Nova de Paiva,1822,0.00,0.00,0.00,0.00,0.00,0.00,0.00,0.00,0.00,0.00,0.00,0.00,0.00,0.00
2026-09-24 00:00:00+00:00,Vila Nova de Paiva,1822,0.00,0.00,0.00,0.00,0.00,0.00,0.00,0.00,0.00,0.00,0.00,0.00,0.00,0.00
2026-09-25 00:00:00+00:00,Vila Nova de Paiva,1822,0.36,0.10,0.08,0.59,0.31,0.38,0.41,0.00,0.00,0.00,0.00,0.00,0.00,0.00
2026-09-26 00:00:00+00:00,Vila Nova de Paiva,1822,0.00,0.00,0.00,0.00,0.00,0.00,0.00,0.00,0.00,0.00,0.00,0.00,0.00,0.00
2026-09-27 00:00:00+00:00,Vila Nova de Paiva,1822,0.00,0.00,0.00,0.00,0.00,0.00,0.00,0.00,0.00,0.00,0.00,0.00,0.00,0.00
2026-09-28 00:00:00+00:00,Vila Nova de Paiva,1822,5.98,1.14,4.76,10.46,5.56,5.63,5.71,0.24,0.09,0.17,0.60,0.20,0.21,0.22
2026-09-29 00:00:00+00:00,Vila Nova de Paiva,1822,14.52,2.58,5.34,17.00,14.24,15.01,16.17,4.54,1.14,0.42,5.60,4.50,4.77,5.24
2026-09-10 00:00:00+00:00,Viseu,1823,0.00,0.00,0.00,0.00,0.00,0.00,0.00,0.00,0.00,0.00,0.00,0.00,0.00,0.00
2026-09-11 00:00:00+00:00,Viseu,1823,0.00,0.00,0.00,0.00,0.00,0.00,0.00,0.00,0.00,0.00,0.00,0.00,0.00,0.00
2026-09-12 00:00:00+00:00,Viseu,1823,0.00,0.00,0.00,0.00,0.00,0.00,0.00,0.00,0.00,0.00,0.00,0.00,0.00,0.00
2026-09-13 00:00:00+00:00,Viseu,1823,0.00,0.00,0.00,0.00,0.00,0.00,0.00,0.00,0.00,0.00,0.00,0.00,0.00,0.00
2026-09-14 00:00:00+00:00,Viseu,1823,0.00,0.00,0.00,0.00,0.00,0.00,0.00,0.00,0.00,0.00,0.00,0.00,0.00,0.00
2026-09-15 00:00:00+00:00,Viseu,1823,0.00,0.00,0.00,0.00,0.00,0.00,0.00,0.00,0.00,0.00,0.00,0.00,0.00,0.00
2026-09-16 00:00:00+00:00,Viseu,1823,3.52,2.13,0.32,11.67,1.90,3.24,4.48,0.03,0.02,0.00,0.10,0.02,0.03,0.04
2026-09-17 00:00:00+00:00,Viseu,1823,0.00,0.00,0.00,0.00,0.00,0.00,0.00,0.00,0.00,0.00,0.00,0.00,0.00,0.00
2026-09-18 00:00:00+00:00,Viseu,1823,0.00,0.00,0.00,0.00,0.00,0.00,0.00,0.00,0.00,0.00,0.00,0.00,0.00,0.00
2026-09-19 00:00:00+00:00,Viseu,1823,0.00,0.00,0.00,0.00,0.00,0.00,0.00,0.00,0.00,0.00,0.00,0.00,0.00,0.00
2026-09-20 00:00:00+00:00,Viseu,1823,0.00,0.00,0.00,0.00,0.00,0.00,0.00,0.00,0.00,0.00,0.00,0.00,0.00,0.00
2026-09-21 00:00:00+00:00,Viseu,1823,0.00,0.00,0.00,0.00,0.00,0.00,0.00,0.00,0.00,0.00,0.00,0.00,0.00,0.00
2026-09-22 00:00:00+00:00,Viseu,1823,0.00,0.00,0.00,0.00,0.00,0.00,0.00,0.00,0.00,0.00,0.00,0.00,0.00,0.00
2026-09-23 00:00:00+00:00,Viseu,1823,0.00,0.00,0.00,0.00,0.00,0.00,0.00,0.00,0.00,0.00,0.00,0.00,0.00,0.00
2026-09-24 00:00:00+00:00,Viseu,1823,0.00,0.00,0.00,0.00,0.00,0.00,0.00,0.00,0.00,0.00,0.00,0.00,0.00,0.00
2026-09-25 00:00:00+00:00,Viseu,1823,1.58,2.43,0.00,10.45,0.11,0.36,2.00,0.01,0.02,0.00,0.09,0.00,0.00,0.02
2026-09-26 00:00:00+00:00,Viseu,1823,0.00,0.00,0.00,0.00,0.00,0.00,0.00,0.00,0.00,0.00,0.00,0.00,0.00,0.00
2026-09-27 00:00:00+00:00,Viseu,1823,0.00,0.00,0.00,0.00,0.00,0.00,0.00,0.00,0.00,0.00,0.00,0.00,0.00,0.00
2026-09-28 00:00:00+00:00,Viseu,1823,2.75,2.18,0.00,9.09,0.78,2.43,4.21,0.14,0.12,0.00,0.57,0.04,0.13,0.21
2026-09-29 00:00:00+00:00,Viseu,1823,12.77,3.68,2.47,23.51,10.25,12.52,15.17,4.77,1.64,0.77,8.97,3.58,5.36,5.92
2026-09-10 00:00:00+00:00,Vouzela,1824,0.01,0.01,0.00,0.07,0.00,0.00,0.00,0.00,0.00,0.00,0.00,0.00,0.00,0.00
2026-09-11 00:00:00+00:00,Vouzela,1824,0.00,0.00,0.00,0.00,0.00,0.00,0.00,0.00,0.00,0.00,0.00,0.00,0.00,0.00
2026-09-12 00:00:00+00:00,Vouzela,1824,0.00,0.00,0.00,0.00,0.00,0.00,0.00,0.00,0.00,0.00,0.00,0.00,0.00,0.00
2026-09-13 00:00:00+00:00,Vouzela,1824,0.00,0.00,0.00,0.00,0.00,0.00,0.00,0.00,0.00,0.00,0.00,0.00,0.00,0.00
2026-09-14 00:00:00+00:00,Vouzela,1824,0.00,0.00,0.00,0.00,0.00,0.00,0.00,0.00,0.00,0.00,0.00,0.00,0.00,0.00
2026-09-15 00:00:00+00:00,Vouzela,1824,0.00,0.00,0.00,0.00,0.00,0.00,0.00,0.00,0.00,0.00,0.00,0.00,0.00,0.00
2026-09-16 00:00:00+00:00,Vouzela,1824,0.49,0.78,0.00,3.70,0.07,0.19,0.35,0.02,0.01,0.01,0.04,0.01,0.02,0.03
2026-09-17 00:00:00+00:00,Vouzela,1824,0.00,0.00,0.00,0.00,0.00,0.00,0.00,0.00,0.00,0.00,0.00,0.00,0.00,0.00
2026-09-18 00:00:00+00:00,Vouzela,1824,0.00,0.00,0.00,0.00,0.00,0.00,0.00,0.00,0.00,0.00,0.00,0.00,0.00,0.00
2026-09-19 00:00:00+00:00,Vouzela,1824,0.00,0.00,0.00,0.00,0.00,0.00,0.00,0.00,0.00,0.00,0.00,0.00,0.00,0.00
2026-09-20 00:00:00+00:00,Vouzela,1824,0.00,0.00,0.00,0.00,0.00,0.00,0.00,0.00,0.00,0.00,0.00,0.00,0.00,0.00
2026-09-21 00:00:00+00:00,Vouzela,1824,0.00,0.00,0.00,0.00,0.00,0.00,0.00,0.00,0.00,0.00,0.00,0.00,0.00,0.00
2026-09-22 00:00:00+00:00,Vouzela,1824,0.00,0.00,0.00,0.00,0.00,0.00,0.00,0.00,0.00,0.00,0.00,0.00,0.00,0.00
2026-09-23 00:00:00+00:00,Vouzela,1824,0.00,0.02,0.00,0.08,0.00,0.00,0.00,0.00,0.00,0.00,0.00,0.00,0.00,0.00
2026-09-24 00:00:00+00:00,Vouzela,1824,0.09,0.08,0.00,0.25,0.00,0.08,0.16,0.00,0.00,0.00,0.01,0.00,0.00,0.01
2026-09-25 00:00:00+00:00,Vouzela,1824,1.29,0.43,0.32,2.19,1.02,1.32,1.59,0.01,0.00,0.00,0.02,0.01,0.01,0.01
2026-09-26 00:00:00+00:00,Vouzela,1824,0.12,0.13,0.00,0.40,0.00,0.08,0.27,0.00,0.00,0.00,0.01,0.00,0.00,0.00
2026-09-27 00:00:00+00:00,Vouzela,1824,0.00,0.00,0.00,0.00,0.00,0.00,0.00,0.00,0.00,0.00,0.00,0.00,0.00,0.00
2026-09-28 00:00:00+00:00,Vouzela,1824,5.29,0.87,1.89,6.00,5.05,5.61,5.89,0.26,0.04,0.10,0.30,0.25,0.28,0.29
2026-09-29 00:00:00+00:00,Vouzela,1824,22.66,1.90,15.60,24.00,22.85,23.32,23.76,8.89,0.76,6.36,9.60,8.56,9.15,9.47
2026-09-10 00:00:00+00:00,Paredes de Coura,1605,0.00,0.00,0.00,0.00,0.00,0.00,0.00,0.00,0.00,0.00,0.00,0.00,0.00,0.00
2026-09-11 00:00:00+00:00,Paredes de Coura,1605,0.00,0.00,0.00,0.00,0.00,0.00,0.00,0.00,0.00,0.00,0.00,0.00,0.00,0.00
2026-09-12 00:00:00+00:00,Paredes de Coura,1605,0.00,0.00,0.00,0.00,0.00,0.00,0.00,0.00,0.00,0.00,0.00,0.00,0.00,0.00
2026-09-13 00:00:00+00:00,Paredes de Coura,1605,0.00,0.00,0.00,0.00,0.00,0.00,0.00,0.00,0.00,0.00,0.00,0.00,0.00,0.00
2026-09-14 00:00:00+00:00,Paredes de Coura,1605,0.00,0.00,0.00,0.00,0.00,0.00,0.00,0.00,0.00,0.00,0.00,0.00,0.00,0.00
2026-09-15 00:00:00+00:00,Paredes de Coura,1605,0.00,0.00,0.00,0.00,0.00,0.00,0.00,0.00,0.00,0.00,0.00,0.00,0.00,0.00
2026-09-16 00:00:00+00:00,Paredes de Coura,1605,0.09,0.05,0.02,0.28,0.05,0.08,0.12,0.00,0.00,0.00,0.01,0.00,0.00,0.01
2026-09-17 00:00:00+00:00,Paredes de Coura,1605,0.00,0.00,0.00,0.00,0.00,0.00,0.00,0.00,0.00,0.00,0.00,0.00,0.00,0.00
2026-09-18 00:00:00+00:00,Paredes de Coura,1605,0.00,0.00,0.00,0.00,0.00,0.00,0.00,0.00,0.00,0.00,0.00,0.00,0.00,0.00
2026-09-19 00:00:00+00:00,Paredes de Coura,1605,0.00,0.00,0.00,0.00,0.00,0.00,0.00,0.00,0.00,0.00,0.00,0.00,0.00,0.00
2026-09-20 00:00:00+00:00,Paredes de Coura,1605,0.00,0.00,0.00,0.00,0.00,0.00,0.00,0.00,0.00,0.00,0.00,0.00,0.00,0.00
2026-09-21 00:00:00+00:00,Paredes de Coura,1605,0.00,0.00,0.00,0.00,0.00,0.00,0.00,0.00,0.00,0.00,0.00,0.00,0.00,0.00
2026-09-22 00:00:00+00:00,Paredes de Coura,1605,0.00,0.00,0.00,0.00,0.00,0.00,0.00,0.00,0.00,0.00,0.00,0.00,0.00,0.00
2026-09-23 00:00:00+00:00,Paredes de Coura,1605,0.00,0.00,0.00,0.00,0.00,0.00,0.00,0.00,0.00,0.00,0.00,0.00,0.00,0.00
2026-09-24 00:00:00+00:00,Paredes de Coura,1605,0.00,0.00,0.00,0.00,0.00,0.00,0.00,0.00,0.00,0.00,0.00,0.00,0.00,0.00
2026-09-25 00:00:00+00:00,Paredes de Coura,1605,3.65,1.14,1.25,5.76,2.75,3.61,4.58,0.06,0.02,0.02,0.10,0.05,0.06,0.08
2026-09-26 00:00:00+00:00,Paredes de Coura,1605,0.00,0.00,0.00,0.00,0.00,0.00,0.00,0.00,0.00,0.00,0.00,0.00,0.00,0.00
2026-09-27 00:00:00+00:00,Paredes de Coura,1605,0.82,0.30,0.14,1.42,0.60,0.87,1.04,0.03,0.01,0.00,0.04,0.02,0.03,0.03
2026-09-28 00:00:00+00:00,Paredes de Coura,1605,1.16,0.37,0.21,1.78,0.93,1.23,1.44,0.09,0.03,0.02,0.14,0.07,0.10,0.11
2026-09-29 00:00:00+00:00,Paredes de Coura,1605,46.64,6.34,32.38,57.01,41.77,47.55,52.10,33.58,6.68,19.88,45.31,28.01,33.79,39.35
2026-09-10 00:00:00+00:00,Ponte de Lima,1607,0.00,0.00,0.00,0.00,0.00,0.00,0.00,0.00,0.00,0.00,0.00,0.00,0.00,0.00
2026-09-11 00:00:00+00:00,Ponte de Lima,1607,0.00,0.00,0.00,0.00,0.00,0.00,0.00,0.00,0.00,0.00,0.00,0.00,0.00,0.00
2026-09-12 00:00:00+00:00,Ponte de Lima,1607,0.00,0.00,0.00,0.00,0.00,0.00,0.00,0.00,0.00,0.00,0.00,0.00,0.00,0.00
2026-09-13 00:00:00+00:00,Ponte de Lima,1607,0.00,0.00,0.00,0.00,0.00,0.00,0.00,0.00,0.00,0.00,0.00,0.00,0.00,0.00
2026-09-14 00:00:00+00:00,Ponte de Lima,1607,0.00,0.00,0.00,0.00,0.00,0.00,0.00,0.00,0.00,0.00,0.00,0.00,0.00,0.00
2026-09-15 00:00:00+00:00,Ponte de Lima,1607,0.00,0.00,0.00,0.00,0.00,0.00,0.00,0.00,0.00,0.00,0.00,0.00,0.00,0.00
2026-09-16 00:00:00+00:00,Ponte de Lima,1607,0.01,0.01,0.00,0.06,0.00,0.00,0.02,0.00,0.00,0.00,0.00,0.00,0.00,0.00
2026-09-17 00:00:00+00:00,Ponte de Lima,1607,0.00,0.00,0.00,0.00,0.00,0.00,0.00,0.00,0.00,0.00,0.00,0.00,0.00,0.00
2026-09-18 00:00:00+00:00,Ponte de Lima,1607,0.00,0.00,0.00,0.00,0.00,0.00,0.00,0.00,0.00,0.00,0.00,0.00,0.00,0.00
2026-09-19 00:00:00+00:00,Ponte de Lima,1607,0.00,0.00,0.00,0.00,0.00,0.00,0.00,0.00,0.00,0.00,0.00,0.00,0.00,0.00
2026-09-20 00:00:00+00:00,Ponte de Lima,1607,0.00,0.00,0.00,0.00,0.00,0.00,0.00,0.00,0.00,0.00,0.00,0.00,0.00,0.00
2026-09-21 00:00:00+00:00,Ponte de Lima,1607,0.00,0.00,0.00,0.00,0.00,0.00,0.00,0.00,0.00,0.00,0.00,0.00,0.00,0.00
2026-09-22 00:00:00+00:00,Ponte de Lima,1607,0.00,0.00,0.00,0.00,0.00,0.00,0.00,0.00,0.00,0.00,0.00,0.00,0.00,0.00
2026-09-23 00:00:00+00:00,Ponte de Lima,1607,0.00,0.00,0.00,0.00,0.00,0.00,0.00,0.00,0.00,0.00,0.00,0.00,0.00,0.00
2026-09-24 00:00:00+00:00,Ponte de Lima,1607,0.00,0.00,0.00,0.00,0.00,0.00,0.00,0.00,0.00,0.00,0.00,0.00,0.00,0.00
2026-09-25 00:00:00+00:00,Ponte de Lima,1607,0.55,0.55,0.00,2.52,0.11,0.35,0.84,0.01,0.01,0.00,0.04,0.00,0.01,0.01
2026-09-26 00:00:00+00:00,Ponte de Lima,1607,0.00,0.00,0.00,0.00,0.00,0.00,0.00,0.00,0.00,0.00,0.00,0.00,0.00,0.00
2026-09-27 00:00:00+00:00,Ponte de Lima,1607,1.51,1.88,0.00,10.17,0.28,0.80,2.09,0.05,0.06,0.00,0.31,0.01,0.02,0.06
2026-09-28 00:00:00+00:00,Ponte de Lima,1607,1.32,1.16,0.00,5.89,0.53,0.96,1.71,0.11,0.10,0.00,0.46,0.04,0.08,0.15
2026-09-29 00:00:00+00:00,Ponte de Lima,1607,65.41,4.62,53.13,72.00,61.90,66.03,69.38,48.16,3.71,37.67,53.20,45.20,48.62,51.44
2026-09-10 00:00:00+00:00,Maia,1306,0.00,0.00,0.00,0.00,0.00,0.00,0.00,0.00,0.00,0.00,0.00,0.00,0.00,0.00
2026-09-11 00:00:00+00:00,Maia,1306,0.00,0.00,0.00,0.00,0.00,0.00,0.00,0.00,0.00,0.00,0.00,0.00,0.00,0.00
2026-09-12 00:00:00+00:00,Maia,1306,0.00,0.00,0.00,0.00,0.00,0.00,0.00,0.00,0.00,0.00,0.00,0.00,0.00,0.00
2026-09-13 00:00:00+00:00,Maia,1306,0.00,0.00,0.00,0.00,0.00,0.00,0.00,0.00,0.00,0.00,0.00,0.00,0.00,0.00
2026-09-14 00:00:00+00:00,Maia,1306,0.00,0.00,0.00,0.00,0.00,0.00,0.00,0.00,0.00,0.00,0.00,0.00,0.00,0.00
2026-09-15 00:00:00+00:00,Maia,1306,0.00,0.00,0.00,0.00,0.00,0.00,0.00,0.00,0.00,0.00,0.00,0.00,0.00,0.00
2026-09-16 00:00:00+00:00,Maia,1306,0.00,0.00,0.00,0.00,0.00,0.00,0.00,0.00,0.00,0.00,0.00,0.00,0.00,0.00
2026-09-17 00:00:00+00:00,Maia,1306,0.00,0.00,0.00,0.00,0.00,0.00,0.00,0.00,0.00,0.00,0.00,0.00,0.00,0.00
2026-09-18 00:00:00+00:00,Maia,1306,0.00,0.00,0.00,0.00,0.00,0.00,0.00,0.00,0.00,0.00,0.00,0.00,0.00,0.00
2026-09-19 00:00:00+00:00,Maia,1306,0.00,0.00,0.00,0.00,0.00,0.00,0.00,0.00,0.00,0.00,0.00,0.00,0.00,0.00
2026-09-20 00:00:00+00:00,Maia,1306,0.00,0.00,0.00,0.00,0.00,0.00,0.00,0.00,0.00,0.00,0.00,0.00,0.00,0.00
2026-09-21 00:00:00+00:00,Maia,1306,0.00,0.00,0.00,0.00,0.00,0.00,0.00,0.00,0.00,0.00,0.00,0.00,0.00,0.00
2026-09-22 00:00:00+00:00,Maia,1306,0.00,0.00,0.00,0.00,0.00,0.00,0.00,0.00,0.00,0.00,0.00,0.00,0.00,0.00
2026-09-23 00:00:00+00:00,Maia,1306,0.00,0.00,0.00,0.00,0.00,0.00,0.00,0.00,0.00,0.00,0.00,0.00,0.00,0.00
2026-09-24 00:00:00+00:00,Maia,1306,0.00,0.00,0.00,0.00,0.00,0.00,0.00,0.00,0.00,0.00,0.00,0.00,0.00,0.00
2026-09-25 00:00:00+00:00,Maia,1306,0.01,0.01,0.00,0.05,0.00,0.01,0.02,0.00,0.00,0.00,0.00,0.00,0.00,0.00
2026-09-26 00:00:00+00:00,Maia,1306,0.00,0.00,0.00,0.00,0.00,0.00,0.00,0.00,0.00,0.00,0.00,0.00,0.00,0.00
2026-09-27 00:00:00+00:00,Maia,1306,0.06,0.06,0.00,0.22,0.02,0.05,0.10,0.00,0.00,0.00,0.01,0.00,0.00,0.00
2026-09-28 00:00:00+00:00,Maia,1306,3.43,1.50,0.59,5.99,2.25,3.33,4.62,0.23,0.10,0.04,0.40,0.16,0.23,0.31
2026-09-29 00:00:00+00:00,Maia,1306,34.50,11.62,11.03,53.92,26.44,33.50,43.29,17.09,6.77,3.17,28.26,12.55,16.46,22.14
2026-09-10 00:00:00+00:00,Santo Tirso,1314,0.00,0.00,0.00,0.00,0.00,0.00,0.00,0.00,0.00,0.00,0.00,0.00,0.00,0.00
2026-09-11 00:00:00+00:00,Santo Tirso,1314,0.00,0.00,0.00,0.00,0.00,0.00,0.00,0.00,0.00,0.00,0.00,0.00,0.00,0.00
2026-09-12 00:00:00+00:00,Santo Tirso,1314,0.00,0.00,0.00,0.00,0.00,0.00,0.00,0.00,0.00,0.00,0.00,0.00,0.00,0.00
2026-09-13 00:00:00+00:00,Santo Tirso,1314,0.00,0.00,0.00,0.00,0.00,0.00,0.00,0.00,0.00,0.00,0.00,0.00,0.00,0.00
2026-09-14 00:00:00+00:00,Santo Tirso,1314,0.00,0.00,0.00,0.00,0.00,0.00,0.00,0.00,0.00,0.00,0.00,0.00,0.00,0.00
2026-09-15 00:00:00+00:00,Santo Tirso,1314,0.00,0.00,0.00,0.00,0.00,0.00,0.00,0.00,0.00,0.00,0.00,0.00,0.00,0.00
2026-09-16 00:00:00+00:00,Santo Tirso,1314,0.00,0.00,0.00,0.00,0.00,0.00,0.00,0.00,0.00,0.00,0.00,0.00,0.00,0.00
2026-09-17 00:00:00+00:00,Santo Tirso,1314,0.00,0.00,0.00,0.00,0.00,0.00,0.00,0.00,0.00,0.00,0.00,0.00,0.00,0.00
2026-09-18 00:00:00+00:00,Santo Tirso,1314,0.00,0.00,0.00,0.00,0.00,0.00,0.00,0.00,0.00,0.00,0.00,0.00,0.00,0.00
2026-09-19 00:00:00+00:00,Santo Tirso,1314,0.00,0.00,0.00,0.00,0.00,0.00,0.00,0.00,0.00,0.00,0.00,0.00,0.00,0.00
2026-09-20 00:00:00+00:00,Santo Tirso,1314,0.00,0.00,0.00,0.00,0.00,0.00,0.00,0.00,0.00,0.00,0.00,0.00,0.00,0.00
2026-09-21 00:00:00+00:00,Santo Tirso,1314,0.00,0.00,0.00,0.00,0.00,0.00,0.00,0.00,0.00,0.00,0.00,0.00,0.00,0.00
2026-09-22 00:00:00+00:00,Santo Tirso,1314,0.00,0.00,0.00,0.00,0.00,0.00,0.00,0.00,0.00,0.00,0.00,0.00,0.00,0.00
2026-09-23 00:00:00+00:00,Santo Tirso,1314,0.00,0.00,0.00,0.00,0.00,0.00,0.00,0.00,0.00,0.00,0.00,0.00,0.00,0.00
2026-09-24 00:00:00+00:00,Santo Tirso,1314,0.00,0.00,0.00,0.00,0.00,0.00,0.00,0.00,0.00,0.00,0.00,0.00,0.00,0.00
2026-09-25 00:00:00+00:00,Santo Tirso,1314,0.05,0.03,0.00,0.16,0.02,0.03,0.06,0.00,0.00,0.00,0.00,0.00,0.00,0.00
2026-09-26 00:00:00+00:00,Santo Tirso,1314,0.00,0.00,0.00,0.00,0.00,0.00,0.00,0.00,0.00,0.00,0.00,0.00,0.00,0.00
2026-09-27 00:00:00+00:00,Santo Tirso,1314,0.19,0.14,0.02,0.67,0.09,0.15,0.25,0.01,0.00,0.00,0.02,0.00,0.00,0.01
2026-09-28 00:00:00+00:00,Santo Tirso,1314,1.11,0.61,0.12,2.63,0.60,1.03,1.58,0.11,0.06,0.01,0.27,0.06,0.10,0.15
2026-09-29 00:00:00+00:00,Santo Tirso,1314,20.97,5.21,13.03,35.37,16.80,20.05,24.05,9.76,4.31,3.32,21.78,6.53,9.07,11.90
2026-09-10 00:00:00+00:00,Trofa,1318,0.00,0.00,0.00,0.00,0.00,0.00,0.00,0.00,0.00,0.00,0.00,0.00,0.00,0.00
2026-09-11 00:00:00+00:00,Trofa,1318,0.00,0.00,0.00,0.00,0.00,0.00,0.00,0.00,0.00,0.00,0.00,0.00,0.00,0.00
2026-09-12 00:00:00+00:00,Trofa,1318,0.00,0.00,0.00,0.00,0.00,0.00,0.00,0.00,0.00,0.00,0.00,0.00,0.00,0.00
2026-09-13 00:00:00+00:00,Trofa,1318,0.00,0.00,0.00,0.00,0.00,0.00,0.00,0.00,0.00,0.00,0.00,0.00,0.00,0.00
2026-09-14 00:00:00+00:00,Trofa,1318,0.00,0.00,0.00,0.00,0.00,0.00,0.00,0.00,0.00,0.00,0.00,0.00,0.00,0.00
2026-09-15 00:00:00+00:00,Trofa,1318,0.00,0.00,0.00,0.00,0.00,0.00,0.00,0.00,0.00,0.00,0.00,0.00,0.00,0.00
2026-09-16 00:00:00+00:00,Trofa,1318,0.00,0.00,0.00,0.00,0.00,0.00,0.00,0.00,0.00,0.00,0.00,0.00,0.00,0.00
2026-09-17 00:00:00+00:00,Trofa,1318,0.00,0.00,0.00,0.00,0.00,0.00,0.00,0.00,0.00,0.00,0.00,0.00,0.00,0.00
2026-09-18 00:00:00+00:00,Trofa,1318,0.00,0.00,0.00,0.00,0.00,0.00,0.00,0.00,0.00,0.00,0.00,0.00,0.00,0.00
2026-09-19 00:00:00+00:00,Trofa,1318,0.00,0.00,0.00,0.00,0.00,0.00,0.00,0.00,0.00,0.00,0.00,0.00,0.00,0.00
2026-09-20 00:00:00+00:00,Trofa,1318,0.00,0.00,0.00,0.00,0.00,0.00,0.00,0.00,0.00,0.00,0.00,0.00,0.00,0.00
2026-09-21 00:00:00+00:00,Trofa,1318,0.00,0.00,0.00,0.00,0.00,0.00,0.00,0.00,0.00,0.00,0.00,0.00,0.00,0.00
2026-09-22 00:00:00+00:00,Trofa,1318,0.00,0.00,0.00,0.00,0.00,0.00,0.00,0.00,0.00,0.00,0.00,0.00,0.00,0.00
2026-09-23 00:00:00+00:00,Trofa,1318,0.00,0.00,0.00,0.00,0.00,0.00,0.00,0.00,0.00,0.00,0.00,0.00,0.00,0.00
2026-09-24 00:00:00+00:00,Trofa,1318,0.00,0.00,0.00,0.00,0.00,0.00,0.00,0.00,0.00,0.00,0.00,0.00,0.00,0.00
2026-09-25 00:00:00+00:00,Trofa,1318,0.09,0.03,0.03,0.15,0.06,0.08,0.11,0.00,0.00,0.00,0.00,0.00,0.00,0.00
2026-09-26 00:00:00+00:00,Trofa,1318,0.00,0.00,0.00,0.00,0.00,0.00,0.00,0.00,0.00,0.00,0.00,0.00,0.00,0.00
2026-09-27 00:00:00+00:00,Trofa,1318,0.36,0.14,0.14,0.64,0.25,0.34,0.46,0.01,0.00,0.00,0.02,0.01,0.01,0.01
2026-09-28 00:00:00+00:00,Trofa,1318,3.03,0.62,1.70,4.13,2.61,3.13,3.49,0.23,0.04,0.14,0.29,0.21,0.23,0.26
2026-09-29 00:00:00+00:00,Trofa,1318,35.31,4.66,24.93,43.29,31.94,35.56,39.02,18.83,2.96,11.94,23.78,16.77,19.00,21.21
2026-09-10 00:00:00+00:00,Leiria,1009,0.61,0.60,0.00,2.84,0.20,0.39,0.84,0.03,0.03,0.00,0.14,0.01,0.02,0.04
2026-09-11 00:00:00+00:00,Leiria,1009,0.00,0.00,0.00,0.00,0.00,0.00,0.00,0.00,0.00,0.00,0.00,0.00,0.00,0.00
2026-09-12 00:00:00+00:00,Leiria,1009,0.60,0.59,0.00,2.79,0.20,0.39,0.82,0.02,0.02,0.00,0.09,0.01,0.01,0.03
2026-09-13 00:00:00+00:00,Leiria,1009,0.00,0.00,0.00,0.00,0.00,0.00,0.00,0.00,0.00,0.00,0.00,0.00,0.00,0.00
2026-09-14 00:00:00+00:00,Leiria,1009,0.00,0.00,0.00,0.00,0.00,0.00,0.00,0.00,0.00,0.00,0.00,0.00,0.00,0.00
2026-09-15 00:00:00+00:00,Leiria,1009,0.00,0.00,0.00,0.00,0.00,0.00,0.00,0.00,0.00,0.00,0.00,0.00,0.00,0.00
2026-09-16 00:00:00+00:00,Leiria,1009,0.13,0.13,0.00,0.63,0.03,0.08,0.20,0.00,0.00,0.00,0.01,0.00,0.00,0.00
2026-09-17 00:00:00+00:00,Leiria,1009,0.00,0.00,0.00,0.00,0.00,0.00,0.00,0.00,0.00,0.00,0.00,0.00,0.00,0.00
2026-09-18 00:00:00+00:00,Leiria,1009,0.59,0.58,0.00,2.78,0.20,0.38,0.81,0.01,0.01,0.00,0.05,0.00,0.01,0.01
2026-09-19 00:00:00+00:00,Leiria,1009,0.58,0.58,0.00,2.72,0.20,0.38,0.79,0.01,0.01,0.00,0.05,0.00,0.01,0.01
2026-09-20 00:00:00+00:00,Leiria,1009,0.00,0.00,0.00,0.00,0.00,0.00,0.00,0.00,0.00,0.00,0.00,0.00,0.00,0.00
2026-09-21 00:00:00+00:00,Leiria,1009,0.00,0.00,0.00,0.00,0.00,0.00,0.00,0.00,0.00,0.00,0.00,0.00,0.00,0.00
2026-09-22 00:00:00+00:00,Leiria,1009,0.00,0.00,0.00,0.00,0.00,0.00,0.00,0.00,0.00,0.00,0.00,0.00,0.00,0.00
2026-09-23 00:00:00+00:00,Leiria,1009,0.60,0.59,0.00,2.77,0.20,0.38,0.83,0.01,0.01,0.00,0.05,0.00,0.01,0.01
2026-09-24 00:00:00+00:00,Leiria,1009,5.44,0.70,2.39,6.50,5.21,5.74,5.89,0.12,0.03,0.08,0.24,0.10,0.11,0.13
2026-09-25 00:00:00+00:00,Leiria,1009,0.61,0.60,0.00,2.84,0.20,0.39,0.84,0.01,0.01,0.00,0.05,0.00,0.01,0.01
2026-09-26 00:00:00+00:00,Leiria,1009,0.66,0.62,0.00,2.92,0.23,0.45,0.93,0.01,0.01,0.00,0.05,0.00,0.01,0.02
2026-09-27 00:00:00+00:00,Leiria,1009,0.00,0.00,0.00,0.00,0.00,0.00,0.00,0.00,0.00,0.00,0.00,0.00,0.00,0.00
2026-09-28 00:00:00+00:00,Leiria,1009,6.06,0.74,3.74,8.49,5.71,6.01,6.36,0.42,0.24,0.20,1.32,0.27,0.33,0.51
2026-09-29 00:00:00+00:00,Leiria,1009,31.02,4.17,13.25,36.00,28.72,31.75,34.48,1.08,0.27,0.70,1.97,0.92,0.95,1.18
2026-09-10 00:00:00+00:00,Ourém,1421,0.27,0.12,0.04,0.55,0.16,0.27,0.36,0.01,0.01,0.00,0.03,0.01,0.01,0.02
2026-09-11 00:00:00+00:00,Ourém,1421,0.00,0.00,0.00,0.00,0.00,0.00,0.00,0.00,0.00,0.00,0.00,0.00,0.00,0.00
2026-09-12 00:00:00+00:00,Ourém,1421,0.27,0.13,0.04,0.60,0.16,0.27,0.36,0.01,0.00,0.00,0.02,0.01,0.01,0.01
2026-09-13 00:00:00+00:00,Ourém,1421,0.00,0.00,0.00,0.00,0.00,0.00,0.00,0.00,0.00,0.00,0.00,0.00,0.00,0.00
2026-09-14 00:00:00+00:00,Ourém,1421,0.00,0.00,0.00,0.00,0.00,0.00,0.00,0.00,0.00,0.00,0.00,0.00,0.00,0.00
2026-09-15 00:00:00+00:00,Ourém,1421,0.00,0.00,0.00,0.00,0.00,0.00,0.00,0.00,0.00,0.00,0.00,0.00,0.00,0.00
2026-09-16 00:00:00+00:00,Ourém,1421,0.35,0.18,0.10,0.76,0.19,0.30,0.51,0.01,0.00,0.00,0.02,0.00,0.01,0.01
2026-09-17 00:00:00+00:00,Ourém,1421,0.00,0.00,0.00,0.00,0.00,0.00,0.00,0.00,0.00,0.00,0.00,0.00,0.00,0.00
2026-09-18 00:00:00+00:00,Ourém,1421,0.26,0.12,0.04,0.54,0.16,0.27,0.35,0.00,0.00,0.00,0.01,0.00,0.00,0.01
2026-09-19 00:00:00+00:00,Ourém,1421,0.25,0.12,0.03,0.53,0.15,0.26,0.34,0.00,0.00,0.00,0.01,0.00,0.00,0.01
2026-09-20 00:00:00+00:00,Ourém,1421,0.00,0.00,0.00,0.00,0.00,0.00,0.00,0.00,0.00,0.00,0.00,0.00,0.00,0.00
2026-09-21 00:00:00+00:00,Ourém,1421,0.00,0.00,0.00,0.00,0.00,0.00,0.00,0.00,0.00,0.00,0.00,0.00,0.00,0.00
2026-09-22 00:00:00+00:00,Ourém,1421,0.00,0.00,0.00,0.00,0.00,0.00,0.00,0.00,0.00,0.00,0.00,0.00,0.00,0.00
2026-09-23 00:00:00+00:00,Ourém,1421,0.25,0.12,0.03,0.53,0.15,0.26,0.34,0.00,0.00,0.00,0.01,0.00,0.00,0.01
2026-09-24 00:00:00+00:00,Ourém,1421,1.88,1.07,0.21,4.94,1.04,1.63,2.54,0.04,0.02,0.01,0.10,0.03,0.04,0.06
2026-09-25 00:00:00+00:00,Ourém,1421,0.27,0.12,0.04,0.55,0.16,0.27,0.36,0.00,0.00,0.00,0.01,0.00,0.00,0.01
2026-09-26 00:00:00+00:00,Ourém,1421,0.39,0.12,0.09,0.68,0.29,0.40,0.48,0.01,0.00,0.00,0.01,0.00,0.01,0.01
2026-09-27 00:00:00+00:00,Ourém,1421,0.00,0.00,0.00,0.00,0.00,0.00,0.00,0.00,0.00,0.00,0.00,0.00,0.00,0.00
2026-09-28 00:00:00+00:00,Ourém,1421,2.47,1.27,0.33,5.17,1.33,2.40,3.51,0.18,0.08,0.02,0.37,0.10,0.18,0.25
2026-09-29 00:00:00+00:00,Ourém,1421,13.72,4.94,6.80,28.81,9.84,12.44,16.50,0.47,0.18,0.16,0.89,0.32,0.45,0.60
