#YY  MM DD hh mm WDIR WSPD GST  WVHT   DPD   APD MWD   PRES  ATMP  WTMP  DEWP  VIS PTDY  TIDE
#yr  mo dy hr mn degT m/s  m/s     m   sec   sec degT   hPa  degC  degC  degC  nmi  hPa    ft
2026 09 30 04 50  80  2.0  3.0   2.0    11   7.8 290 1017.7  15.8    MM  13.4   MM   MM    MM
2026 09 30 04 40  80  2.0  3.0   2.0    MM   7.8 290 1017.9  15.7  16.4  13.3   MM   MM    MM
2026 09 30 04 30  70  2.0  3.0    MM    MM    MM  MM 1017.9  15.8  16.4  13.4   MM   MM    MM
2026 09 30 04 20  70  2.0  3.0   1.9    12   7.8 298 1017.9  15.7  16.4  13.1   MM   MM    MM
2026 09 30 04 10  60  2.0  3.0   1.9    MM   7.8 298 1018.0  15.7  16.4  13.2   MM   MM    MM
2026 09 30 04 00  70  2.0  4.0    MM    MM    MM  MM 1017.9  15.7  16.4  13.3   MM +1.3    MM
2026 09 30 03 50  60  3.0  4.0   2.0    MM   7.8 285 1017.2  15.7  16.4  13.2   MM   MM    MM
2026 09 30 03 40  50  2.0  3.0   2.0    MM   7.8 285 1017.7  15.7  16.4  13.2   MM   MM    MM
2026 09 30 03 30  50  2.0  3.0    MM    MM    MM  MM 1017.5  15.8  16.4  13.3   MM   MM    MM
2026 09 30 03 20  40  2.0  3.0   2.1    12   7.5 297 1017.2  15.7  16.4  13.2   MM   MM    MM
2026 09 30 03 10  40  3.0  4.0    MM    MM    MM  MM 1017.5  15.7  16.4  13.2   MM   MM    MM
2026 09 30 03 00  40  3.0  4.0    MM    MM    MM  MM 1017.0  15.7  16.4  13.2   MM +0.3    MM
2026 09 30 02 50  40  3.0  4.0   2.0    12   7.9 293 1017.2  15.7  16.4  13.1   MM   MM    MM
2026 09 30 02 40  30  3.0  4.0    MM    MM    MM  MM 1017.1  15.7  16.4  13.0   MM   MM    MM
2026 09 30 02 30  20  3.0  4.0    MM    MM    MM  MM 1017.1  15.7  16.4  13.0   MM   MM    MM
2026 09 30 02 20  30  3.0  4.0   2.1     9   7.7 274 1017.1  15.8  16.4  13.3   MM   MM    MM
2026 09 30 02 10  20  3.0  4.0   2.1    MM   7.7 274 1017.2  15.7  16.5  13.0   MM   MM    MM
2026 09 30 02 00  20  3.0  4.0    MM    MM    MM  MM 1017.1  15.7  16.5  13.2   MM +0.8    MM
2026 09 30 01 50  20  3.0  4.0   2.2    10   8.0 283 1016.9  15.7  16.5  13.4   MM   MM    MM
2026 09 30 01 40  20  3.0  4.0   2.2    MM   8.0 283 1017.0  15.7  16.5  13.4   MM   MM    MM
2026 09 30 01 30  10  3.0  4.0    MM    MM    MM  MM 1016.9  15.7  16.5  13.4   MM   MM    MM
2026 09 30 01 20  20  3.0  4.0   2.4    11   8.0 288 1017.0  15.7  16.5  13.4   MM   MM    MM
2026 09 30 01 10  30  3.0  4.0   2.4    MM   8.0 288 1016.8  15.7  16.5  13.4   MM   MM    MM
2026 09 30 01 00  30  3.0  3.0    MM    MM    MM  MM 1016.6  15.8  16.5  13.5   MM +0.0    MM
2026 09 30 00 50  30  3.0  4.0   2.4    12   8.1 294 1016.3  15.8  16.5  13.5   MM   MM    MM
2026 09 30 00 40  30  3.0  4.0    MM    MM    MM  MM 1016.6  15.8  16.5  13.4   MM   MM    MM
2026 09 30 00 30  20  2.0  3.0    MM    MM    MM  MM 1016.4  15.9  16.5  13.5   MM   MM    MM
2026 09 30 00 20  20  2.0  3.0   2.6    13   8.1 295 1016.6  15.8    MM  13.4   MM   MM    MM
2026 09 30 00 10  20  2.0  3.0   2.6    MM   8.1 295 1016.5  15.8  16.5  13.5   MM   MM    MM
2026 09 30 00 00 360  3.0  4.0    MM    MM    MM  MM 1016.7  15.7  16.5  13.4   MM +0.4    MM
2026 09 29 23 50 360  3.0  4.0   2.6    11   8.0 286 1016.7  15.8    MM  13.5   MM   MM    MM
2026 09 29 23 40  10  3.0  4.0   2.6    MM   8.0 286 1016.6  15.8  16.5  13.4   MM   MM    MM
2026 09 29 23 20  10  2.0  3.0   2.5     8   8.1 278 1016.5  15.7  16.5  13.3   MM   MM    MM
2026 09 29 23 10  20  2.0  3.0   2.5    MM   8.1 278 1016.3  15.8  16.5  13.5   MM   MM    MM
2026 09 29 23 00  20  2.0  3.0    MM    MM    MM  MM 1016.4  15.7  16.6  13.3   MM +0.4    MM
2026 09 29 22 50 360  2.0  3.0   2.7    11   8.3 295 1016.5  15.7  16.5  13.4   MM   MM    MM
2026 09 29 22 40 350  2.0  3.0   2.7    MM   8.3 295 1016.6  15.7  16.6  13.4   MM   MM    MM
2026 09 29 22 30 360  2.0  4.0    MM    MM    MM  MM 1016.5  15.8  16.4  13.6   MM   MM    MM
2026 09 29 22 20 340  2.0  3.0   2.5    10   8.1 299 1016.5  15.8    MM  13.5   MM   MM    MM
2026 09 29 22 10 350  2.0  3.0   2.5    MM   8.1 299 1016.4  15.8  16.5  13.4   MM   MM    MM
2026 09 29 22 00 350  2.0  3.0    MM    MM    MM  MM 1016.5  15.9  16.4  13.5   MM +0.3    MM
2026 09 29 21 50 350  1.0  2.0   2.6    MM   8.2 295 1016.4  15.9    MM  13.5   MM   MM    MM
2026 09 29 21 40  MM   MM   MM   2.6    13    MM  MM     MM    MM  16.5    MM   MM   MM    MM
2026 09 29 21 30 350  1.0  2.0    MM    MM    MM  MM 1016.3  15.8  16.4  13.4   MM   MM    MM
2026 09 29 21 20 340  1.0  3.0   2.6    13   8.1 306 1016.3  15.8  16.4  13.4   MM   MM    MM
2026 09 29 21 10 330  2.0  4.0   2.6    MM   8.1 306 1016.3  15.7  16.5  13.4   MM   MM    MM
2026 09 29 21 00 330  3.0  4.0    MM    MM    MM  MM 1016.4  15.7  16.4  13.3   MM +0.6    MM
2026 09 29 20 50 330  2.0  4.0   2.8    11   8.3 300 1016.4  15.8  16.5  13.3   MM   MM    MM
2026 09 29 20 40 330  2.0  3.0   2.8    MM   8.3 300 1016.2  15.7  16.4  13.0   MM   MM    MM
2026 09 29 20 30 330  2.0  3.0    MM    MM    MM  MM 1016.2  15.7  16.4  13.1   MM   MM    MM
2026 09 29 20 20 330  2.0  3.0   2.7    12   8.0 297 1015.7  15.8  16.4  13.7   MM   MM    MM
2026 09 29 20 10 330  2.0  3.0    MM    MM    MM  MM 1016.0  15.7  16.4  13.6   MM   MM    MM
2026 09 29 20 00 330  1.0  3.0    MM    MM    MM  MM 1016.0  15.8  16.3  13.8   MM +1.0    MM
2026 09 29 19 50 320  2.0  3.0   2.9    MM   8.2 296 1016.1  15.7    MM  13.8   MM   MM    MM
2026 09 29 19 40  MM   MM   MM   2.9    12    MM  MM     MM    MM  16.4    MM   MM   MM    MM
2026 09 29 19 30 320  2.0  3.0    MM    MM    MM  MM 1016.1  15.7  16.3  13.8   MM   MM    MM
2026 09 29 19 20 340  1.0  2.0   3.0    11   8.5 293 1016.1  15.6    MM  13.8   MM   MM    MM
2026 09 29 19 10 320  2.0  3.0   3.0    MM   8.5 293 1016.1  15.5  16.3  13.8   MM   MM    MM
2026 09 29 19 00 340  2.0  4.0    MM    MM    MM  MM 1016.1  15.4  16.2  13.8   MM +1.1    MM
2026 09 29 18 50 340  2.0  4.0   3.0    13   8.8 312 1016.0  15.4  16.2  13.8   MM   MM    MM
2026 09 29 18 40 330  3.0  4.0   3.0    MM   8.8 312 1016.1  15.4  16.2  13.7   MM   MM    MM
2026 09 29 18 30 330  3.0  4.0    MM    MM    MM  MM 1016.0  15.3  16.2  13.6   MM   MM    MM
2026 09 29 18 20 340  3.0  4.0   3.2    12   8.8 300 1016.0  15.3  16.2  13.5   MM   MM    MM
2026 09 29 18 10 330  3.0  4.0   3.2    MM   8.8 300 1016.0  15.3  16.2  13.5   MM   MM    MM
2026 09 29 18 00 340  3.0  4.0    MM    MM    MM  MM 1015.7  15.3  16.2  13.6   MM +1.2    MM
2026 09 29 17 50 330  3.0  4.0   2.7    13   8.1 290 1015.6  15.3  16.2  13.7   MM   MM    MM
2026 09 29 17 40 320  3.0  4.0   2.7    MM   8.1 290 1015.5  15.3  16.2  13.7   MM   MM    MM
2026 09 29 17 30 320  3.0  4.0    MM    MM    MM  MM 1015.4  15.3  16.2  13.8   MM   MM    MM
2026 09 29 17 20 330  2.0  4.0   2.7    12   8.3 296 1015.0  15.3  16.2  13.8   MM   MM    MM
2026 09 29 17 10 330  3.0  4.0   2.7    MM   8.3 296 1015.0  15.3  16.2  13.9   MM   MM    MM
2026 09 29 17 00 330  2.0  3.0    MM    MM    MM  MM 1015.0  15.3  16.2  13.9   MM +1.1    MM
2026 09 29 16 50 350  2.0  3.0   2.6    13   8.0 301 1015.1  15.2  16.2  14.0   MM   MM    MM
2026 09 29 16 40 340  3.0  4.0   2.6    MM   8.0 301 1014.9  15.0  16.2  14.0   MM   MM    MM
2026 09 29 16 30 340  4.0  5.0    MM    MM    MM  MM 1015.1  15.0  16.2  14.1   MM   MM    MM
2026 09 29 16 20 330  5.0  6.0   2.8    12   8.0 290 1015.1  15.0  16.2  14.1   MM   MM    MM
2026 09 29 16 10 320  4.0  5.0   2.8    MM   8.0 290 1015.3  14.9  16.2  14.0   MM   MM    MM
2026 09 29 16 00 330  5.0  7.0    MM    MM    MM  MM 1015.1  15.0  16.2  14.0   MM +1.4    MM
2026 09 29 15 50 320  5.0  7.0   2.4    11   7.4 290 1015.0  15.4  16.2  14.0   MM   MM    MM
2026 09 29 15 40 310  4.0  5.0    MM    MM    MM  MM 1014.9  15.5  16.2  13.8   MM   MM    MM
2026 09 29 15 30 310  4.0  5.0    MM    MM    MM  MM 1014.8  15.4  16.2  13.7   MM   MM    MM
2026 09 29 15 20 310  3.0  4.0   2.5    11   7.5 300 1014.7  15.4  16.2  13.8   MM   MM    MM
2026 09 29 15 10 320  4.0  4.0   2.5    MM   7.5 300 1014.7  15.4  16.2  13.7   MM   MM    MM
2026 09 29 15 00 320  4.0  5.0    MM    MM    MM  MM 1014.5  15.3  16.2  13.7   MM +1.0    MM
2026 09 29 14 50 320  4.0  5.0   2.4    11   7.4 286 1014.3  15.3  16.2  13.9   MM   MM    MM
2026 09 29 14 40 320  4.0  5.0   2.4    MM   7.4 286 1014.2  15.4  16.2  14.0   MM   MM    MM
2026 09 29 14 30 320  4.0  5.0    MM    MM    MM  MM 1014.2  15.4  16.2  13.9   MM   MM    MM
2026 09 29 14 20 320  5.0  6.0   2.5    12   7.4 291 1014.2  15.4  16.2  14.0   MM   MM    MM
2026 09 29 14 10 320  4.0  5.0   2.5    MM   7.4 291 1014.2  15.3  16.2  14.1   MM   MM    MM
2026 09 29 14 00 320  4.0  5.0    MM    MM    MM  MM 1014.0  15.3  16.2  14.1   MM +1.2    MM
2026 09 29 13 50 320  3.0  4.0   2.4    11   7.2 291 1013.8  15.2    MM  14.0   MM   MM    MM
2026 09 29 13 40 320  3.0  5.0   2.4    MM   7.2 291 1013.7  15.2  16.2  14.2   MM   MM    MM
2026 09 29 13 30 320  4.0  5.0    MM    MM    MM  MM 1013.7  15.1  16.2  14.1   MM   MM    MM
2026 09 29 13 20 310  5.0  6.0   2.4    12   7.4 285 1013.6  15.0  16.2  14.1   MM   MM    MM
2026 09 29 13 10 320  5.0  6.0   2.4    MM   7.4 285 1013.6  15.1  16.2  14.3   MM   MM    MM
2026 09 29 13 00 320  4.0  6.0    MM    MM    MM  MM 1013.6  15.1  16.2  14.3   MM +1.0    MM
2026 09 29 12 50 330  4.0  5.0   2.6    12   7.6 298 1013.4  15.1    MM  14.4   MM   MM    MM
2026 09 29 12 40 320  3.0  5.0   2.6    MM   7.6 298 1013.3  15.1  16.2  14.1   MM   MM    MM
2026 09 29 12 30 330  3.0  4.0    MM    MM    MM  MM 1013.1  15.1  16.2  14.1   MM   MM    MM
2026 09 29 12 20 330  4.0  5.0   2.8    12   7.8 296 1013.3  15.0  16.2  14.2   MM   MM    MM
2026 09 29 12 10 330  4.0  5.0   2.8    MM   7.8 296 1013.5  14.9  16.2  14.1   MM   MM    MM
2026 09 29 12 00 340  3.0  5.0    MM    MM    MM  MM 1013.5  14.8  16.2  14.3   MM +1.1    MM
2026 09 29 11 50 340  3.0  4.0   2.8    12   7.5 292 1013.4  14.7  16.2  14.3   MM   MM    MM
2026 09 29 11 40 340  3.0  4.0    MM    MM    MM  MM 1013.3  14.6  16.2  14.3   MM   MM    MM
2026 09 29 11 30 360  3.0  4.0    MM    MM    MM  MM 1012.7  14.6  16.2  14.3   MM   MM    MM
2026 09 29 11 20  20  3.0  4.0   2.5     9   7.0 288 1012.6  14.7  16.2  14.5   MM   MM    MM
2026 09 29 11 10  20  3.0  4.0   2.5    MM   7.0 288 1012.4  14.6  16.2  14.4   MM   MM    MM
2026 09 29 11 00  10  4.0  5.0    MM    MM    MM  MM 1012.7  14.6  16.2  14.4   MM +0.3    MM
2026 09 29 10 50 350  5.0  6.0   2.8    13   7.6 282 1013.1  14.7  16.2  14.5   MM   MM    MM
2026 09 29 10 40 350  5.0  6.0   2.8    MM   7.6 282 1013.2  14.7  16.2  14.5   MM   MM    MM
2026 09 29 10 30 350  6.0  7.0    MM    MM    MM  MM 1013.2  14.8  16.2  14.6   MM   MM    MM
2026 09 29 10 20 360  5.0  6.0   2.8     8   7.1 277 1012.9  14.8  16.2  14.6   MM   MM    MM
2026 09 29 10 10 360  5.0  6.0   2.8    MM   7.1 277 1012.7  14.9  16.2  14.7   MM   MM    MM
2026 09 29 10 00 360  5.0  6.0    MM    MM    MM  MM 1012.5  14.9  16.2  14.7   MM +0.4    MM
2026 09 29 09 50 350  5.0  7.0   3.0    10   7.6 289 1012.7  15.0  16.2  14.8   MM   MM    MM
2026 09 29 09 40 350  5.0  6.0    MM    MM    MM  MM 1012.7  15.2  16.2  15.0   MM   MM    MM
2026 09 29 09 30 340  5.0  6.0    MM    MM    MM  MM 1012.7  15.3  16.2  15.1   MM   MM    MM
2026 09 29 09 20 340  5.0  6.0   2.9    11   7.3 281 1012.6  15.4  16.2  15.2   MM   MM    MM
2026 09 29 09 10 330  5.0  6.0    MM    MM    MM  MM 1012.5  15.5  16.2  15.3   MM   MM    MM
2026 09 29 09 00 300  7.0 10.0    MM    MM    MM  MM 1012.5  16.0  16.2  15.8   MM +0.5    MM
2026 09 29 08 50 250  8.0 10.0   2.9    11   7.3 291 1012.1  16.4  16.2  16.2   MM   MM    MM
2026 09 29 08 40 250  7.0  8.0    MM    MM    MM  MM 1012.5  16.4  16.2  16.2   MM   MM    MM
2026 09 29 08 30 250  7.0  9.0    MM    MM    MM  MM 1012.5  16.4  16.2  16.2   MM   MM    MM
2026 09 29 08 20 250  8.0 10.0   3.3    10   7.5 284 1012.6  16.5  16.2  16.3   MM   MM    MM
2026 09 29 08 10 250  8.0 11.0    MM    MM    MM  MM 1012.6  16.5  16.2  16.2   MM   MM    MM
2026 09 29 08 00 240  8.0 10.0    MM    MM    MM  MM 1012.5  16.5  16.2  16.3   MM +0.3    MM
2026 09 29 07 50 240  8.0 10.0   3.4    14   7.7 295 1012.5  16.5    MM  16.2   MM   MM    MM
2026 09 29 07 40 240  8.0 10.0   3.4    MM   7.7 295 1012.5  16.4  16.2  16.2   MM   MM    MM
2026 09 29 07 30 240  8.0 10.0    MM    MM    MM  MM 1012.4  16.5  16.2  16.2   MM   MM    MM
2026 09 29 07 20 240  9.0 11.0   3.2    11   7.4 300 1012.0  16.5  16.2  16.2   MM   MM    MM
2026 09 29 07 10 240  8.0 10.0    MM    MM    MM  MM 1012.3  16.6  16.2  16.3   MM   MM    MM
2026 09 29 07 00 240  8.0 10.0    MM    MM    MM  MM 1012.3  16.6  16.2  16.2   MM +0.3    MM
2026 09 29 06 50 240  9.0 11.0   3.1    14   7.3 289 1011.9  16.6  16.2  16.2   MM   MM    MM
2026 09 29 06 40 250  8.0 11.0    MM    MM    MM  MM 1012.2  16.6  16.2  16.3   MM   MM    MM
2026 09 29 06 30 240  8.0 10.0    MM    MM    MM  MM 1012.2  16.6  16.2  16.3   MM   MM    MM
2026 09 29 06 20 240  8.0 10.0   3.0    11   7.6 277 1012.1  16.5  16.2  16.2   MM   MM    MM
2026 09 29 06 10 240  9.0 10.0   3.0    MM   7.6 277 1011.9  16.5  16.2  16.2   MM   MM    MM
2026 09 29 06 00 240  9.0 11.0    MM    MM    MM  MM 1011.9  16.5  16.2  16.2   MM +0.3    MM
2026 09 29 05 50 240  9.0 11.0   2.9    MM   7.3 289 1011.7  16.6  16.2  16.2   MM   MM    MM
2026 09 29 05 40 240  9.0 11.0   2.9    MM   7.3 289 1012.1  16.7  16.2  16.1   MM   MM    MM
2026 09 29 05 30 240  9.0 11.0    MM    MM    MM  MM 1012.1  16.8  16.2  16.1   MM   MM    MM
2026 09 29 05 20 240  9.0 10.0   3.3    13   7.8 286 1012.1  16.8  16.2  16.1   MM   MM    MM
2026 09 29 05 10 240  8.0 11.0   3.3    MM   7.8 286 1012.0  16.7  16.2  16.0   MM   MM    MM
2026 09 29 05 00 240  8.0 10.0    MM    MM    MM  MM 1012.0  16.7  16.2  16.0   MM +0.3    MM
2026 09 29 04 50 240  8.0 10.0   3.1    14   7.4 276 1012.0  16.7  16.2  16.0   MM   MM    MM
2026 09 29 04 40 240  8.0 11.0   3.1    MM   7.4 276 1012.1  16.7  16.2  16.1   MM   MM    MM
2026 09 29 04 30 240  8.0 10.0    MM    MM    MM  MM 1012.1  16.6  16.2  16.0   MM   MM    MM
2026 09 29 04 20 250  9.0 11.0   3.4    15   7.6 311 1012.1  16.6  16.2  16.1   MM   MM    MM
2026 09 29 04 10 240  9.0 11.0   3.4    MM   7.6 311 1012.0  16.5  16.2  16.2   MM   MM    MM
2026 09 29 04 00 240  9.0 12.0    MM    MM    MM  MM 1011.9  16.5  16.2  16.3   MM -0.0    MM
2026 09 29 03 50 230 10.0 12.0   3.1    11   7.3 288 1011.5  16.6  16.2  16.4   MM   MM    MM
2026 09 29 03 40 230  9.0 11.0    MM    MM    MM  MM 1011.8  16.5  16.2  16.3   MM   MM    MM
2026 09 29 03 30 230  9.0 11.0    MM    MM    MM  MM 1011.9  16.5  16.2  16.3   MM   MM    MM
2026 09 29 03 20 230  9.0 10.0   2.9     8   7.0 282 1011.9  16.5  16.2  16.3   MM   MM    MM
2026 09 29 03 10 220  9.0 10.0   2.9    MM   7.0 282 1011.8  16.5  16.2  16.2   MM   MM    MM
2026 09 29 03 00 220  8.0 10.0    MM    MM    MM  MM 1011.7  16.5  16.2  16.2   MM -0.7    MM
2026 09 29 02 50 230  8.0 10.0   3.3    14   7.4 295 1011.6  16.4  16.2  16.1   MM   MM    MM
2026 09 29 02 40 220  9.0 10.0    MM    MM    MM  MM 1011.6  16.5  16.2  16.1   MM   MM    MM
2026 09 29 02 30 230  9.0 11.0    MM    MM    MM  MM 1011.7  16.6  16.2  16.0   MM   MM    MM
2026 09 29 02 20 230  8.0 10.0   3.1     8   7.0 282 1011.7  16.7  16.2  16.0   MM   MM    MM
2026 09 29 02 10 230  8.0 10.0   3.1    MM   7.0 282 1011.8  16.7  16.2  16.0   MM   MM    MM
2026 09 29 02 00 230  8.0 11.0    MM    MM    MM  MM 1011.9  16.7  16.2  16.0   MM -1.0    MM
2026 09 29 01 50 230  9.0 10.0   3.2    12   7.2 282 1011.8  16.7  16.2  16.0   MM   MM    MM
2026 09 29 01 40 230  9.0 11.0    MM    MM    MM  MM 1011.9  16.6  16.2  15.8   MM   MM    MM
2026 09 29 01 30 230  9.0 10.0    MM    MM    MM  MM 1012.0  16.6  16.2  15.9   MM   MM    MM
2026 09 29 01 20 230  9.0 13.0   2.9    14   6.9 280 1011.7  16.6  16.2  16.0   MM   MM    MM
2026 09 29 01 10 230  9.0 12.0    MM    MM    MM  MM 1012.1  16.5  16.2  15.9   MM   MM    MM
2026 09 29 01 00 230  9.0 11.0    MM    MM    MM  MM 1012.0  16.5  16.2  15.9   MM -1.1    MM
2026 09 29 00 50 230  9.0 12.0   3.1     8   7.0 291 1011.7  16.5  16.2  15.9   MM   MM    MM
2026 09 29 00 40 230  9.0 12.0    MM    MM    MM  MM 1012.2  16.6  16.2  15.9   MM   MM    MM
2026 09 29 00 30 230  9.0 11.0    MM    MM    MM  MM 1012.3  16.7  16.2  15.8   MM   MM    MM
2026 09 29 00 20 230 10.0 11.0   3.4     8   6.9 274 1012.3  16.6  16.2  15.8   MM   MM    MM
2026 09 29 00 10 230 10.0 12.0   3.4    MM   6.9 274 1012.4  16.6  16.2  15.8   MM   MM    MM
2026 09 29 00 00 230 10.0 12.0    MM    MM    MM  MM 1012.4  16.6  16.2  15.8   MM -1.0    MM
2026 09 28 23 50 220 10.0 13.0   3.2    MM   6.7 279 1012.0  16.6  16.2  15.8   MM   MM    MM
2026 09 28 23 40 230 10.0 13.0    MM    MM    MM  MM 1012.4  16.6  16.2  15.8   MM   MM    MM
2026 09 28 23 20 230 10.0 13.0   3.3     8   6.8 276 1012.4  16.5  16.2  15.9   MM   MM    MM
2026 09 28 23 10 230 10.0 13.0   3.3    MM   6.8 276 1012.7  16.5  16.2  15.9   MM   MM    MM
2026 09 28 23 00 230 10.0 12.0    MM    MM    MM  MM 1012.9  16.5  16.2  15.9   MM -0.9    MM
2026 09 28 22 50 230 10.0 12.0   3.2     7   6.4 271 1013.0  16.7  16.2  15.9   MM   MM    MM
2026 09 28 22 40 230 11.0 14.0   3.2    MM   6.4 271 1013.0  16.8  16.2  15.9   MM   MM    MM
2026 09 28 22 30 230 11.0 13.0    MM    MM    MM  MM 1013.0  16.8  16.2  15.9   MM   MM    MM
2026 09 28 22 20 240 11.0 13.0   3.2    13   6.6 271 1013.1  16.7  16.2  15.9   MM   MM    MM
2026 09 28 22 10 230 11.0 14.0   3.2    MM   6.6 271 1013.1  16.6  16.2  15.9   MM   MM    MM
2026 09 28 22 00 230 11.0 14.0    MM    MM    MM  MM 1013.2  16.5  16.2  15.8   MM -1.1    MM
2026 09 28 21 50 230 12.0 14.0   3.1    12   6.3 302 1013.1  16.5  16.2  15.8   MM   MM    MM
2026 09 28 21 40 220 12.0 14.0   3.1    MM   6.3 302 1013.1  16.4  16.2  15.8   MM   MM    MM
2026 09 28 21 30 220 12.0 14.0    MM    MM    MM  MM 1013.3  16.2  16.2  15.7   MM   MM    MM
2026 09 28 21 20 220 12.0 16.0   3.1    11   6.5 293 1013.3  16.2  16.2  15.7   MM   MM    MM
2026 09 28 21 10 220 12.0 15.0   3.1    MM   6.5 293 1013.3  16.2  16.2  15.7   MM   MM    MM
2026 09 28 21 00 220 12.0 14.0    MM    MM    MM  MM 1013.3  16.3  16.2  15.7   MM -1.3    MM
2026 09 28 20 50 210 12.0 15.0   2.8    13   6.2 296 1013.3  16.3    MM  15.6   MM   MM    MM
2026 09 28 20 40 220 12.0 14.0   2.8    MM   6.2 296 1013.5  16.3  16.2  15.6   MM   MM    MM
2026 09 28 20 30 220 11.0 14.0    MM    MM    MM  MM 1013.6  16.2  16.2  15.6   MM   MM    MM
2026 09 28 20 20 220 11.0 13.0   3.0    13   6.7 283 1013.8  16.1  16.2  15.5   MM   MM    MM
2026 09 28 20 10 220 11.0 14.0   3.0    MM   6.7 283 1013.8  16.2  16.2  15.5   MM   MM    MM
2026 09 28 20 00 220 12.0 14.0    MM    MM    MM  MM 1013.8  16.2  16.2  15.5   MM -1.8    MM
2026 09 28 19 50 210 13.0 15.0   3.0    13   6.6 282 1013.6  16.1  16.2  15.4   MM   MM    MM
2026 09 28 19 40 210 12.0 15.0    MM    MM    MM  MM 1014.0  16.0  16.2  15.3   MM   MM    MM
2026 09 28 19 30 210 12.0 14.0    MM    MM    MM  MM 1014.1  15.9  16.2  15.3   MM   MM    MM
2026 09 28 19 20 210 12.0 14.0   2.6    MM   6.3 281 1014.3    MM    MM    MM   MM   MM    MM
2026 09 28 19 10 210 12.0 15.0   2.6    MM   6.3 281 1014.3  15.8  16.2  15.1   MM   MM    MM
2026 09 28 19 00 210 12.0 15.0    MM    MM    MM  MM 1014.3  15.8  16.2  15.1   MM -1.2    MM
2026 09 28 18 50 210 12.0 15.0   3.0    13   6.5 284 1014.4  15.8  16.2  15.0   MM   MM    MM
2026 09 28 18 40 210 12.0 15.0   3.0    MM   6.5 284 1014.5  15.8  16.2  15.0   MM   MM    MM
2026 09 28 18 30 210 12.0 14.0    MM    MM    MM  MM 1014.8  15.7  16.2  14.9   MM   MM    MM
2026 09 28 18 20 210 13.0 17.0   2.8    14   6.4 268 1014.5  15.7  16.2  14.8   MM   MM    MM
2026 09 28 18 10 220 12.0 15.0    MM    MM    MM  MM 1014.9  15.8  16.2  14.8   MM   MM    MM
2026 09 28 18 00 210 12.0 14.0    MM    MM    MM  MM 1014.8  15.8  16.2  14.7   MM -1.2    MM
2026 09 28 17 50 220 12.0 14.0   2.6    13   6.5 273 1015.0  15.8  16.2  14.6   MM   MM    MM
2026 09 28 17 40 220 11.0 13.0   2.6    MM   6.5 273 1015.1  15.7  16.2  14.6   MM   MM    MM
2026 09 28 17 30 220 12.0 15.0    MM    MM    MM  MM 1015.2  15.9  16.2  14.5   MM   MM    MM
2026 09 28 17 20 220 11.0 14.0   2.5    13   6.5 301 1015.5  15.8  16.2  14.5   MM   MM    MM
2026 09 28 17 10 230 11.0 13.0   2.5    MM   6.5 301 1015.6  16.0  16.2  14.5   MM   MM    MM
2026 09 28 17 00 230 11.0 14.0    MM    MM    MM  MM 1015.5  16.1  16.2  14.6   MM -1.0    MM
2026 09 28 16 50 230 11.0 14.0   2.3    14   6.6 280 1015.6  16.1    MM  14.5   MM   MM    MM
2026 09 28 16 40 220 11.0 13.0   2.3    MM   6.6 280 1015.6  16.2  16.2  14.7   MM   MM    MM
2026 09 28 16 30 220 10.0 13.0    MM    MM    MM  MM 1015.6  16.2  16.2  14.7   MM   MM    MM
2026 09 28 16 20 220 10.0 13.0   2.5    11   6.8 276 1015.5  16.1  16.2  14.5   MM   MM    MM
2026 09 28 16 10 220 10.0 13.0   2.5    MM   6.8 276 1015.3  15.9  16.2  14.3   MM   MM    MM
2026 09 28 16 00 220 10.0 12.0    MM    MM    MM  MM 1015.5  16.2  16.2  14.4   MM -1.3    MM
2026 09 28 15 50 220 10.0 12.0   2.4    14   7.1 275 1015.5  16.2  16.2  14.3   MM   MM    MM
2026 09 28 15 40 220 10.0 11.0   2.4    MM   7.1 275 1015.6  16.2  16.2  14.3   MM   MM    MM
2026 09 28 15 30 220  9.0 12.0    MM    MM    MM  MM 1015.3  16.2  16.2  14.2   MM   MM    MM
2026 09 28 15 20 220  9.0 11.0   2.3    12   6.8 270 1015.7  16.2  16.2  14.2   MM   MM    MM
2026 09 28 15 10 220  9.0 11.0   2.3    MM   6.8 270 1015.9  16.2  16.2  14.2   MM   MM    MM
2026 09 28 15 00 220  9.0 11.0    MM    MM    MM  MM 1015.9  16.2  16.2  14.1   MM -1.0    MM
2026 09 28 14 50 220  8.0 10.0   2.2    14   7.0 291 1016.1  16.2  16.2  14.1   MM   MM    MM
2026 09 28 14 40 220  8.0 11.0   2.2    MM   7.0 291 1016.3  16.2  16.2  14.1   MM   MM    MM
2026 09 28 14 30 220  8.0 10.0    MM    MM    MM  MM 1016.3  16.2  16.2  14.1   MM   MM    MM
2026 09 28 14 20 230  8.0 10.0   2.4    13   7.5 274 1016.5  16.2  16.2  14.0   MM   MM    MM
2026 09 28 14 10 230  8.0 11.0   2.4    MM   7.5 274 1016.6  16.2  16.2  14.0   MM   MM    MM
2026 09 28 14 00 230  8.0 10.0    MM    MM    MM  MM 1016.5  16.2  16.2  14.1   MM -0.8    MM
2026 09 28 13 50 230  8.0  9.0   2.3    13   7.0 284 1016.7  16.2    MM  14.0   MM   MM    MM
2026 09 28 13 40 230  8.0 10.0   2.3    MM   7.0 284 1016.9  16.2  16.2  14.0   MM   MM    MM
2026 09 28 13 30 230  8.0 10.0    MM    MM    MM  MM 1017.0  16.2  16.2  14.0   MM   MM    MM
2026 09 28 13 20 230  8.0 10.0   2.6    14   7.9 288 1016.8  16.1  16.2  14.0   MM   MM    MM
2026 09 28 13 10 230  8.0 10.0    MM    MM    MM  MM 1016.8  16.1  16.2  14.1   MM   MM    MM
2026 09 28 13 00 230  8.0 10.0   2.6    MM   7.9 288 1016.7  16.1  16.2  14.0   MM -1.2    MM
2026 09 28 12 50 230  8.0  9.0   2.4    13   7.6 284 1016.6  16.1  16.2  13.8   MM   MM    MM
2026 09 28 12 40 240  8.0 10.0   2.4    MM   7.6 284 1016.6  16.1  16.2  13.9   MM   MM    MM
2026 09 28 12 30 240  8.0 10.0    MM    MM    MM  MM 1016.9  16.0  16.2  14.1   MM   MM    MM
2026 09 28 12 20 230  8.0 10.0   2.6    12   7.9 290 1016.7  16.0  16.2  14.1   MM   MM    MM
2026 09 28 12 10 230  9.0 11.0   2.6    MM   7.9 290 1016.6  16.0  16.2  14.2   MM   MM    MM
2026 09 28 12 00 240  8.0 10.0    MM    MM    MM  MM 1016.8  16.0  16.2  14.3   MM -1.7    MM
2026 09 28 11 50 240  9.0 11.0   2.5    11   7.8 285 1017.1  16.0  16.2  14.2   MM   MM    MM
2026 09 28 11 40 230  8.0 10.0    MM    MM    MM  MM 1017.1  16.0  16.2  14.2   MM   MM    MM
2026 09 28 11 30 230  8.0  9.0    MM    MM    MM  MM 1017.0  16.0  16.2  14.2   MM   MM    MM
2026 09 28 11 20 230  8.0 10.0   2.7    14   8.6 277 1017.2  16.0  16.2  14.0   MM   MM    MM
2026 09 28 11 10 230  8.0 10.0   2.7    MM   8.6 277 1017.1  16.0  16.2  14.0   MM   MM    MM
2026 09 28 11 00 230  8.0 10.0    MM    MM    MM  MM 1017.3  16.0  16.2  14.0   MM -1.5    MM
2026 09 28 10 50 230  7.0  9.0   2.6    13   8.3 287 1017.4  16.0  16.2  14.0   MM   MM    MM
2026 09 28 10 40 230  8.0 10.0   2.6    MM   8.3 287 1017.5  15.9  16.2  13.8   MM   MM    MM
2026 09 28 10 30 240  7.0  9.0    MM    MM    MM  MM 1017.8  15.9  16.2  14.0   MM   MM    MM
2026 09 28 10 20 230  7.0  9.0   3.0    12   9.5 295 1017.7  15.9  16.2  14.0   MM   MM    MM
2026 09 28 10 10 230  7.0  8.0   3.0    MM   9.5 295 1017.8  15.8  16.2  14.0   MM   MM    MM
2026 09 28 10 00 230  7.0  8.0    MM    MM    MM  MM 1017.9  15.8  16.2  14.1   MM -1.6    MM
2026 09 28 09 50 230  7.0  8.0   2.9    13   9.0 300 1017.8  15.7  16.2  13.7   MM   MM    MM
2026 09 28 09 40 230  7.0  8.0    MM    MM    MM  MM 1018.0  15.5  16.2  13.7   MM   MM    MM
2026 09 28 09 30 230  7.0  8.0    MM    MM    MM  MM 1018.2  15.4  16.2  14.0   MM   MM    MM
2026 09 28 09 20 240  8.0 10.0   2.8    12   9.3 299 1018.3  15.5  16.2  14.0   MM   MM    MM
2026 09 28 09 10 230  7.0  9.0    MM    MM    MM  MM 1018.3  15.8  16.2  14.0   MM   MM    MM
2026 09 28 09 00 230  7.0  8.0    MM    MM    MM  MM 1018.5  15.8  16.2  14.1   MM -1.2    MM
2026 09 28 08 50 230  7.0  9.0   3.0    14   9.3 293 1018.5  15.7  16.2  14.2   MM   MM    MM
2026 09 28 08 40 230  6.0  8.0    MM    MM    MM  MM 1018.7  15.7  16.2  14.2   MM   MM    MM
2026 09 28 08 30 230  7.0  8.0    MM    MM    MM  MM 1018.7  15.7  16.2  14.2   MM   MM    MM
2026 09 28 08 20 230  7.0  8.0   3.1    13   9.7 297 1018.8  15.8  16.2  14.0   MM   MM    MM
2026 09 28 08 10 230  6.0  8.0    MM    MM    MM  MM 1018.6  15.8  16.2  14.2   MM   MM    MM
2026 09 28 08 00 230  6.0  8.0    MM    MM    MM  MM 1018.8  15.8  16.2  14.2   MM -1.1    MM
2026 09 28 07 50 230  7.0  9.0   3.1    13  10.0 294 1018.5  15.8  16.2  14.1   MM   MM    MM
2026 09 28 07 40 240  7.0  8.0    MM    MM    MM  MM 1019.0  15.8  16.2  13.9   MM   MM    MM
2026 09 28 07 30 240  7.0  8.0    MM    MM    MM  MM 1019.1  15.7  16.2  13.6   MM   MM    MM
2026 09 28 07 20 240  7.0  8.0   2.9    14   9.6 290 1019.2  15.7  16.3  13.5   MM   MM    MM
2026 09 28 07 10 240  6.0  8.0   2.9    MM   9.6 290 1019.3  15.6  16.2  13.8   MM   MM    MM
2026 09 28 07 00 250  8.0 10.0    MM    MM    MM  MM 1019.5  15.6  16.2  13.9   MM +0.0    MM
2026 09 28 06 50 240  7.0  9.0   2.9    14   9.6 296 1019.3  15.8    MM  13.7   MM   MM    MM
2026 09 28 06 40 240  6.0  7.0   2.9    MM   9.6 296 1019.2  15.8  16.2  13.8   MM   MM    MM
2026 09 28 06 30 250  5.0  6.0    MM    MM    MM  MM 1019.4  15.8  16.2  13.8   MM   MM    MM
2026 09 28 06 20 240  6.0  7.0   2.8    15   9.8 286 1019.2  15.7  16.2  13.8   MM   MM    MM
2026 09 28 06 10 250  6.0  7.0    MM    MM    MM  MM 1019.7  15.6  16.2  13.9   MM   MM    MM
2026 09 28 06 00 250  6.0  8.0    MM    MM    MM  MM 1019.6  15.5  16.2  14.0   MM +0.0    MM
2026 09 28 05 50 250  6.0  7.0    MM    MM    MM  MM 1019.9  15.4  16.2  14.1   MM   MM    MM
2026 09 28 05 40 260  6.0  8.0    MM    MM    MM  MM 1020.0  15.3  16.2  14.0   MM   MM    MM
2026 09 28 05 30 260  6.0  8.0    MM    MM    MM  MM 1020.1  15.1  16.2  14.0   MM   MM    MM
2026 09 28 05 20 260  5.0  7.0   2.9    15   9.8 294 1020.0  14.9  16.2  14.0   MM   MM    MM
2026 09 28 05 10 260  5.0  7.0   2.9    MM   9.8 294 1020.0  14.7  16.3  13.9   MM   MM    MM
2026 09 28 05 00 260  6.0  7.0    MM    MM    MM  MM 1019.9  14.6  16.3  13.8   MM -0.4    MM
2026 09 28 04 50 270  6.0  8.0   3.0    15  10.3 297 1020.0  14.8  16.3  13.8   MM   MM    MM
2026 09 28 04 40 270  7.0  8.0   3.0    MM  10.3 297 1020.0  15.1  16.3  13.7   MM   MM    MM
2026 09 28 04 30 270  7.0  9.0    MM    MM    MM  MM 1020.0  15.4  16.3  13.7   MM   MM    MM
2026 09 28 04 20 260  7.0  8.0   2.6    16   9.7 275 1020.0  15.6  16.3  13.5   MM   MM    MM
2026 09 28 04 10 270  7.0  8.0   2.6    MM   9.7 275 1019.9  15.5  16.3  13.7   MM   MM    MM
2026 09 28 04 00 260  6.0  7.0    MM    MM    MM  MM 1019.8  15.7  16.3  13.8   MM -0.5    MM
2026 09 28 03 50 250  5.0  7.0   2.5    16   9.8 305 1019.7  15.7  16.3  13.8   MM   MM    MM
2026 09 28 03 40 250  6.0  7.0   2.5    MM   9.8 305 1019.7  15.7  16.3  13.8   MM   MM    MM
2026 09 28 03 30 240  6.0  7.0    MM    MM    MM  MM 1019.6  15.7  16.3  13.9   MM   MM    MM
2026 09 28 03 20 250  6.0  7.0   2.3    16   9.1 298 1019.8    MM  16.3    MM   MM   MM    MM
2026 09 28 03 10 250  5.0  6.0    MM    MM    MM  MM 1019.7  15.8  16.3  13.7   MM   MM    MM
2026 09 28 03 00 250  5.0  7.0    MM    MM    MM  MM 1019.6  15.8  16.3  13.6   MM -0.9    MM
2026 09 28 02 50 250  5.0  6.0   2.1    15   8.9 301 1019.8  15.9  16.3  13.5   MM   MM    MM
2026 09 28 02 40 250  5.0  6.0   2.1    MM   8.9 301 1019.9  15.7  16.3  13.7   MM   MM    MM
2026 09 28 02 30 250  5.0  6.0    MM    MM    MM  MM 1020.0  15.7  16.3  14.2   MM   MM    MM
2026 09 28 02 20 250  6.0  7.0   2.0    12   8.5 298 1020.2  15.7  16.3  14.3   MM   MM    MM
2026 09 28 02 10 240  6.0  8.0   2.0    MM   8.5 298 1020.4  15.7  16.3  14.2   MM   MM    MM
2026 09 28 02 00 240  6.0  7.0    MM    MM    MM  MM 1020.3  15.8  16.3  14.2   MM -0.6    MM
2026 09 28 01 50 240  6.0  7.0   2.0    13   8.9 293 1020.4  15.7  16.3  14.1   MM   MM    MM
2026 09 28 01 40 240  6.0  7.0    MM    MM    MM  MM 1020.3  15.7  16.3  14.1   MM   MM    MM
2026 09 28 01 30 230  6.0  7.0    MM    MM    MM  MM 1020.2  15.7  16.3  14.1   MM   MM    MM
2026 09 28 01 20 210  5.0  7.0    MM    MM    MM  MM 1020.1  15.6  16.3  14.0   MM   MM    MM
2026 09 28 01 10  MM   MM   MM    MM    MM    MM  MM 1020.1    MM  16.3    MM   MM   MM    MM
2026 09 28 01 00 220  6.0  7.0    MM    MM    MM  MM 1020.3    MM  16.3    MM   MM -0.9    MM
2026 09 28 00 50 220  6.0  7.0   1.9    MM   8.8 293 1020.5  15.6    MM  13.5   MM   MM    MM
2026 09 28 00 40  MM   MM   MM   1.9    13    MM  MM     MM    MM  16.3    MM   MM   MM    MM
2026 09 28 00 30 230  5.0  7.0    MM    MM    MM  MM 1020.7  15.5  16.4  13.3   MM   MM    MM
2026 09 28 00 20 230  5.0  6.0   1.9    13   8.9 279 1020.7  15.5  16.4  13.1   MM   MM    MM
2026 09 28 00 10 230  5.0  6.0    MM    MM    MM  MM 1020.6  15.6  16.4  13.0   MM   MM    MM
2026 09 28 00 00 240  5.0  6.0    MM    MM    MM  MM 1020.6  15.6  16.4  13.0   MM -1.1    MM
2026 09 27 23 50 230  4.0  5.0   1.8    11   8.9 289 1020.6  15.6  16.4  12.9   MM   MM    MM
2026 09 27 23 40 230  5.0  6.0    MM    MM    MM  MM 1020.7  15.6  16.4  13.0   MM   MM    MM
2026 09 27 23 20 240  5.0  6.0   1.9    12   8.9 276 1020.8  15.6  16.4  13.0   MM   MM    MM
2026 09 27 23 10 250  5.0  6.0   1.9    MM   8.9 276 1021.0  15.6  16.4  12.9   MM   MM    MM
2026 09 27 23 00 240  5.0  6.0    MM    MM    MM  MM 1020.9  15.6  16.4  12.8   MM -1.0    MM
2026 09 27 22 50 240  5.0  6.0   1.8    14   8.7 292 1020.9  15.6  16.4  12.8   MM   MM    MM
2026 09 27 22 40 240  5.0  6.0   1.8    MM   8.7 292 1020.9  15.6  16.4  12.8   MM   MM    MM
2026 09 27 22 30 250  4.0  6.0    MM    MM    MM  MM 1021.1  15.6  16.4  12.7   MM   MM    MM
2026 09 27 22 20 250  4.0  6.0   1.8    13   8.3 284 1021.1  15.6  16.4  12.7   MM   MM    MM
2026 09 27 22 10 250  4.0  6.0    MM    MM    MM  MM 1021.3  15.6  16.4  12.6   MM   MM    MM
2026 09 27 22 00 240  4.0  5.0    MM    MM    MM  MM 1021.2  15.5  16.4  12.5   MM -1.0    MM
2026 09 27 21 50 240  4.0  5.0   1.8    13   8.6 295 1021.2    MM  16.4    MM   MM   MM    MM
2026 09 27 21 40 240  4.0  5.0    MM    MM    MM  MM 1021.3  15.4  16.4  12.4   MM   MM    MM
2026 09 27 21 30 250  4.0  5.0    MM    MM    MM  MM 1021.5  15.4  16.4  12.3   MM   MM    MM
2026 09 27 21 20 250  4.0  6.0   1.6    MM   8.4 292 1021.5    MM  16.4    MM   MM   MM    MM
2026 09 27 21 10 260  4.0  6.0   1.6    MM   8.4 292 1021.6  15.3  16.4  12.2   MM   MM    MM
2026 09 27 21 00 250  4.0  6.0    MM    MM    MM  MM 1021.7  15.4  16.4  12.3   MM -0.5    MM
2026 09 27 20 50 250  4.0  6.0   1.7    MM   8.5 299 1021.8    MM    MM    MM   MM   MM    MM
2026 09 27 20 40 250  4.0  5.0   1.7    MM   8.5 299 1021.8  15.3  16.3  12.1   MM   MM    MM
2026 09 27 20 30 250  4.0  5.0    MM    MM    MM  MM 1021.8  15.3  16.3  12.2   MM   MM    MM
2026 09 27 20 20 250  4.0  6.0   1.6    14   8.3 288 1021.9  15.3  16.3  12.2   MM   MM    MM
2026 09 27 20 10 260  4.0  5.0   1.6    MM   8.3 288 1021.8  15.4  16.3  12.3   MM   MM    MM
2026 09 27 20 00 260  4.0  4.0    MM    MM    MM  MM 1021.9  15.3  16.3  12.2   MM +0.0    MM
2026 09 27 19 50 250  4.0  5.0   1.6    14   8.2 293 1021.9    MM  16.3    MM   MM   MM    MM
2026 09 27 19 40 250  3.0  4.0    MM    MM    MM  MM 1021.9  15.4  16.3  12.3   MM   MM    MM
2026 09 27 19 30 270  3.0  5.0    MM    MM    MM  MM 1022.0  15.3  16.2  12.0   MM   MM    MM
2026 09 27 19 20 280  4.0  5.0   1.7    12   8.2 297 1022.2    MM  16.2    MM   MM   MM    MM
2026 09 27 19 10 270  4.0  5.0    MM    MM    MM  MM 1022.2  15.2  16.2  12.0   MM   MM    MM
2026 09 27 19 00 270  4.0  5.0    MM    MM    MM  MM 1022.3  15.2  16.2  12.1   MM +0.0    MM
2026 09 27 18 50 280  4.0  5.0   1.5     8   7.8 258 1022.4  15.2  16.2  12.2   MM   MM    MM
2026 09 27 18 40 270  4.0  5.0    MM    MM    MM  MM 1022.4  15.2  16.2  12.3   MM   MM    MM
2026 09 27 18 30 280  4.0  5.0    MM    MM    MM  MM 1022.4  15.2  16.2  12.3   MM   MM    MM
2026 09 27 18 20 280  4.0  5.0   1.7    MM   8.0 253 1022.4    MM  16.2    MM   MM   MM    MM
2026 09 27 18 10 280  4.0  5.0   1.7    MM   8.0 253 1022.4  15.1  16.2  12.5   MM   MM    MM
2026 09 27 18 00 280  4.0  5.0    MM    MM    MM  MM 1022.3  15.1  16.2  12.4   MM +0.3    MM
2026 09 27 17 50 280  4.0  5.0   1.6     8   7.9 252 1022.3  15.2  16.2  12.6   MM   MM    MM
2026 09 27 17 40 270  4.0  5.0    MM    MM    MM  MM 1022.3  15.1  16.2  12.4   MM   MM    MM
2026 09 27 17 30 270  3.0  4.0    MM    MM    MM  MM 1022.2  15.1  16.2  12.5   MM   MM    MM
2026 09 27 17 20 280  3.0  4.0   1.6     8   7.8 251 1022.1  15.1  16.2  12.5   MM   MM    MM
2026 09 27 17 10 280  3.0  4.0   1.6    MM   7.8 251 1022.1  15.1  16.2  12.4   MM   MM    MM
2026 09 27 17 00 290  3.0  4.0    MM    MM    MM  MM 1022.0  15.1  16.2  12.4   MM +0.4    MM
2026 09 27 16 50 290  3.0  4.0   1.5     8   7.7 249 1022.0  15.1    MM  12.4   MM   MM    MM
2026 09 27 16 40 290  3.0  4.0   1.5    MM   7.7 249 1022.0  15.2  16.1  12.6   MM   MM    MM
2026 09 27 16 30 290  3.0  4.0    MM    MM    MM  MM 1022.0  15.1  16.1  12.5   MM   MM    MM
2026 09 27 16 20 290  3.0  4.0   1.6     8   7.6 246 1022.1  15.1  16.1  12.5   MM   MM    MM
2026 09 27 16 10 290  3.0  4.0   1.6    MM   7.6 246 1022.1  15.0  16.1  12.5   MM   MM    MM
2026 09 27 16 00 290  3.0  4.0    MM    MM    MM  MM 1022.2  15.0  16.1  12.5   MM +0.6    MM
2026 09 27 15 50 290  3.0  4.0   1.5     9   7.3 250 1022.2  15.0  16.1  12.6   MM   MM    MM
2026 09 27 15 40 290  3.0  4.0    MM    MM    MM  MM 1022.3  15.0  16.1  12.4   MM   MM    MM
2026 09 27 15 30 300  3.0  4.0    MM    MM    MM  MM 1022.2  15.0  16.1  12.6   MM   MM    MM
2026 09 27 15 20 300  3.0  4.0   1.5     9   7.5 257 1022.2  14.9  16.1  12.5   MM   MM    MM
2026 09 27 15 10 310  3.0  3.0   1.5    MM   7.5 257 1022.1  14.9  16.1  12.3   MM   MM    MM
2026 09 27 15 00 320  3.0  3.0    MM    MM    MM  MM 1022.0  14.9  16.1  12.5   MM -0.0    MM
2026 09 27 14 50 320  3.0  3.0   1.6     9   7.6 265 1021.8  14.9  16.1  12.4   MM   MM    MM
2026 09 27 14 40 320  2.0  3.0   1.6    MM   7.6 265 1021.9  14.9  16.1  12.4   MM   MM    MM
2026 09 27 14 30 330  2.0  3.0    MM    MM    MM  MM 1021.7  14.9  16.1  12.3   MM   MM    MM
2026 09 27 14 20 330  2.0  3.0   1.4     8   7.5 203 1021.6  14.9  16.1  12.2   MM   MM    MM
2026 09 27 14 10 330  1.0  2.0   1.4    MM   7.5 203 1021.6  14.9  16.1  12.1   MM   MM    MM
2026 09 27 14 00 320  1.0  2.0    MM    MM    MM  MM 1021.6  14.9  16.1  12.0   MM +0.0    MM
2026 09 27 13 50 320  2.0  2.0   1.5     8   7.4 242 1021.7  14.9    MM  12.0   MM   MM    MM
2026 09 27 13 40 310  2.0  3.0   1.5    MM   7.4 242 1021.8  14.9  16.1  12.0   MM   MM    MM
2026 09 27 13 30 310  2.0  3.0    MM    MM    MM  MM 1021.8  14.9  16.1  11.9   MM   MM    MM
2026 09 27 13 20 320  2.0  3.0   1.5     9   7.2 251 1021.7  14.9  16.1  11.8   MM   MM    MM
2026 09 27 13 10 340  1.0  2.0   1.5    MM   7.2 251 1021.6  14.9  16.1  11.8   MM   MM    MM
2026 09 27 13 00 320  1.0  2.0    MM    MM    MM  MM 1021.6  14.9  16.1  11.8   MM +0.0    MM
2026 09 27 12 50 310  2.0  2.0   1.4     8   6.9 224 1021.7    MM  16.1    MM   MM   MM    MM
2026 09 27 12 40 310  2.0  2.0    MM    MM    MM  MM 1021.8  14.9  16.1  11.7   MM   MM    MM
2026 09 27 12 30 310  2.0  3.0    MM    MM    MM  MM 1021.8  15.0  16.1  11.8   MM   MM    MM
2026 09 27 12 20 310  2.0  3.0   1.4     8   6.9 225 1021.8  14.9  16.1  11.6   MM   MM    MM
2026 09 27 12 10 310  2.0  3.0   1.4    MM   6.9 225 1021.8  14.9  16.1  11.7   MM   MM    MM
2026 09 27 12 00 310  2.0  3.0    MM    MM    MM  MM 1021.7  14.9  16.1  11.7   MM +0.0    MM
2026 09 27 11 50 310  2.0  2.0   1.5     8   7.2 232 1021.7  14.9  16.1  11.7   MM   MM    MM
2026 09 27 11 40 300  1.0  2.0   1.5    MM   7.2 232 1021.9  14.9  16.1  11.6   MM   MM    MM
2026 09 27 11 30  MM  0.0  1.0    MM    MM    MM  MM 1021.8  14.8  16.1  11.5   MM   MM    MM
2026 09 27 11 20  MM  0.0  1.0   1.5     8   6.9 229 1021.8  14.8  16.1  11.4   MM   MM    MM
2026 09 27 11 10  MM  0.0  1.0   1.5    MM   6.9 229 1021.7  14.9  16.1  11.5   MM   MM    MM
2026 09 27 11 00 310  1.0  1.0    MM    MM    MM  MM 1021.7  14.9  16.1  11.5   MM -0.4    MM
2026 09 27 10 50  MM  0.0  1.0   1.6     9   7.0 253 1021.8  14.9  16.1  11.4   MM   MM    MM
2026 09 27 10 40  MM  0.0  1.0   1.6    MM   7.0 253 1021.7  14.9  16.1  11.4   MM   MM    MM
2026 09 27 10 30 340  1.0  1.0    MM    MM    MM  MM 1021.8  14.9  16.1  11.3   MM   MM    MM
2026 09 27 10 20 360  1.0  1.0   1.7    MM   6.9 244 1021.8    MM  16.2    MM   MM   MM    MM
2026 09 27 10 10  MM  0.0  1.0   1.7    MM   6.9 244 1021.8  14.9  16.2  11.3   MM   MM    MM
2026 09 27 10 00  MM  0.0  1.0    MM    MM    MM  MM 1021.9  15.0  16.2  11.4   MM +0.0    MM
2026 09 27 09 50  10  1.0  2.0   1.9    17   7.3 286 1021.8  15.0  16.1  11.5   MM   MM    MM
2026 09 27 09 40  20  1.0  2.0    MM    MM    MM  MM 1021.8  15.0  16.2  11.4   MM   MM    MM
2026 09 27 09 30  40  1.0  2.0    MM    MM    MM  MM 1021.7  15.0  16.1  11.4   MM   MM    MM
2026 09 27 09 20  30  1.0  2.0   1.8     8   7.2 225 1021.7  15.0  16.1  11.4   MM   MM    MM
2026 09 27 09 10  30  1.0  2.0    MM    MM    MM  MM 1021.7  15.1  16.1  11.5   MM   MM    MM
2026 09 27 09 00  20  1.0  2.0    MM    MM    MM  MM 1021.7  15.1  16.1  11.5   MM +0.0    MM
2026 09 27 08 50 360  1.0  2.0   1.8     8   7.1 236 1021.9  15.1  16.2  11.3   MM   MM    MM
2026 09 27 08 40 360  1.0  2.0    MM    MM    MM  MM 1022.0  15.1  16.1  11.5   MM   MM    MM
2026 09 27 08 30  10  1.0  2.0    MM    MM    MM  MM 1021.9  15.1  16.1  11.4   MM   MM    MM
2026 09 27 08 20  20  1.0  2.0   1.7     8   6.8 228 1022.0  15.1  16.1  11.5   MM   MM    MM
2026 09 27 08 10  10  1.0  2.0    MM    MM    MM  MM 1022.1  15.1  16.2  11.4   MM   MM    MM
2026 09 27 08 00  20  1.0  2.0    MM    MM    MM  MM 1022.1  15.1  16.2  11.4   MM +0.5    MM
2026 09 27 07 50  30  1.0  2.0   1.7     9   6.6 236 1022.1  15.2  16.1  11.5   MM   MM    MM
2026 09 27 07 40  30  1.0  1.0    MM    MM    MM  MM 1022.1  15.1  16.2  11.4   MM   MM    MM
2026 09 27 07 30  50  1.0  1.0    MM    MM    MM  MM 1022.1  15.2  16.1  11.4   MM   MM    MM
2026 09 27 07 20  40  1.0  2.0   1.6     8   6.6 248 1022.1  15.2  16.2  11.4   MM   MM    MM
2026 09 27 07 10  40  1.0  2.0    MM    MM    MM  MM 1022.1  15.2  16.2  11.3   MM   MM    MM
2026 09 27 07 00  50  1.0  2.0    MM    MM    MM  MM 1021.9  15.2  16.2  11.3   MM +0.4    MM
2026 09 27 06 50  60  1.0  2.0   1.6     8   6.6 235 1021.9    MM    MM    MM   MM   MM    MM
2026 09 27 06 40  70  1.0  3.0    MM    MM    MM  MM 1021.9  15.3  16.2  11.5   MM   MM    MM
2026 09 27 06 30  80  1.0  2.0    MM    MM    MM  MM 1021.8  15.3  16.2  11.3   MM   MM    MM
2026 09 27 06 20  80  1.0  2.0   1.6     8   6.4 241 1021.7  15.3  16.2  11.1   MM   MM    MM
2026 09 27 06 10  80  2.0  3.0   1.6    MM   6.4 241 1021.7  15.3  16.2  11.3   MM   MM    MM
2026 09 27 06 00  70  1.0  2.0    MM    MM    MM  MM 1021.8  15.3  16.2  11.2   MM +0.8    MM
2026 09 27 05 50  60  2.0  2.0   1.7    MM   6.4 246 1021.8    MM  16.2    MM   MM   MM    MM
2026 09 27 05 40  70  1.0  2.0   1.7    MM   6.4 246 1021.7  15.4  16.2  11.3   MM   MM    MM
2026 09 27 05 30  70  2.0  2.0    MM    MM    MM  MM 1021.8  15.4  16.2  11.2   MM   MM    MM
2026 09 27 05 20  90  2.0  3.0   1.6     8   6.4 247 1021.7  15.4  16.2  11.3   MM   MM    MM
2026 09 27 05 10  90  2.0  3.0   1.6    MM   6.4 247 1021.6  15.4  16.2  11.5   MM   MM    MM
2026 09 27 05 00  90  2.0  3.0    MM    MM    MM  MM 1021.6  15.4  16.2  11.5   MM +1.0    MM
2026 09 27 04 50  90  3.0  3.0   1.6     9   6.4 236 1021.5  15.4  16.2  11.6   MM   MM    MM
2026 09 27 04 40 100  2.0  3.0   1.6    MM   6.4 236 1021.5  15.5  16.2  11.7   MM   MM    MM
2026 09 27 04 30  90  2.0  3.0    MM    MM    MM  MM 1021.5  15.5  16.2  11.5   MM   MM    MM
2026 09 27 04 20 100  2.0  2.0   1.4     7   6.2 252 1021.5  15.5  16.2  11.5   MM   MM    MM
2026 09 27 04 10 100  2.0  2.0   1.4    MM   6.2 252 1021.5  15.5  16.2  11.7   MM   MM    MM
2026 09 27 04 00 100  2.0  3.0    MM    MM    MM  MM 1021.5  15.5  16.2  11.5   MM +1.1    MM
2026 09 27 03 50 110  2.0  3.0   1.4     6   6.0 237 1021.4  15.5  16.2  11.4   MM   MM    MM
2026 09 27 03 40 100  2.0  3.0   1.4    MM   6.0 237 1021.2  15.6  16.2  11.7   MM   MM    MM
2026 09 27 03 30 110  3.0  4.0    MM    MM    MM  MM 1021.1  15.6  16.2  11.7   MM   MM    MM
2026 09 27 03 20 110  3.0  4.0   1.4     6   5.9 247 1021.0  15.6  16.2  11.7   MM   MM    MM
2026 09 27 03 10 110  3.0  4.0    MM    MM    MM  MM 1021.0  15.6  16.2  11.6   MM   MM    MM
2026 09 27 03 00 110  3.0  4.0    MM    MM    MM  MM 1020.9  15.6  16.2  11.7   MM +0.8    MM
2026 09 27 02 50 110  3.0  4.0   1.3     6   5.7 239 1020.7  15.6  16.2  11.6   MM   MM    MM
2026 09 27 02 40 110  3.0  4.0    MM    MM    MM  MM 1020.7  15.6  16.2  11.7   MM   MM    MM
2026 09 27 02 30 110  3.0  4.0    MM    MM    MM  MM 1020.7  15.6  16.2  11.8   MM   MM    MM
2026 09 27 02 20 110  3.0  4.0   1.4     6   5.8 260 1020.6  15.7  16.2  11.9   MM   MM    MM
2026 09 27 02 10 110  3.0  4.0   1.4    MM   5.8 260 1020.6  15.7  16.2  12.0   MM   MM    MM
2026 09 27 02 00 120  3.0  4.0    MM    MM    MM  MM 1020.6  15.7  16.2  12.1   MM +0.5    MM
2026 09 27 01 50 120  3.0  4.0   1.4     7   5.7 285 1020.7  15.7  16.2  12.0   MM   MM    MM
2026 09 27 01 40 120  4.0  5.0    MM    MM    MM  MM 1020.6  15.7  16.2  12.0   MM   MM    MM
2026 09 27 01 30 120  4.0  5.0    MM    MM    MM  MM 1020.6  15.8  16.2  12.1   MM   MM    MM
2026 09 27 01 20 130  4.0  4.0   1.4     8   5.7 339 1020.6  15.9  16.2  12.2   MM   MM    MM
2026 09 27 01 10 130  4.0  5.0   1.4    MM   5.7 339 1020.5  15.9  16.2  12.0   MM   MM    MM
2026 09 27 01 00 130  4.0  5.0    MM    MM    MM  MM 1020.5  16.0  16.2  12.2   MM +0.3    MM
2026 09 27 00 50 120  4.0  5.0   1.3     8   5.5 345 1020.5    MM  16.2    MM   MM   MM    MM
2026 09 27 00 40 130  4.0  4.0    MM    MM    MM  MM 1020.4  16.0  16.2  12.1   MM   MM    MM
2026 09 27 00 30 130  4.0  5.0    MM    MM    MM  MM 1020.3  16.0  16.2  12.1   MM   MM    MM
2026 09 27 00 20 130  4.0  5.0   1.3     6   5.5 285 1020.2  15.9  16.2  12.1   MM   MM    MM
2026 09 27 00 10 130  4.0  5.0   1.3    MM   5.5 285 1020.1  15.9  16.2  12.0   MM   MM    MM
2026 09 27 00 00 140  5.0  6.0    MM    MM    MM  MM 1020.2  15.9  16.2  12.1   MM +0.0    MM
2026 09 26 23 50 130  5.0  6.0   1.3     8   5.3 359 1020.1  15.9  16.2  12.2   MM   MM    MM
2026 09 26 23 40 140  5.0  6.0   1.3    MM   5.3 359 1020.1  15.9  16.2  12.3   MM   MM    MM
2026 09 26 23 20 130  5.0  6.0   1.3     8   5.4 344 1020.1  15.8  16.2  12.1   MM   MM    MM
2026 09 26 23 10 130  5.0  7.0   1.3    MM   5.4 344 1020.1  15.8  16.2  12.2   MM   MM    MM
2026 09 26 23 00 130  5.0  6.0    MM    MM    MM  MM 1020.1  15.8  16.2  12.1   MM +0.0    MM
2026 09 26 22 50 140  5.0  6.0   1.2     8   5.4 319 1020.1  15.8  16.2  12.1   MM   MM    MM
2026 09 26 22 40 130  5.0  6.0   1.2    MM   5.4 319 1020.2  15.8  16.2  12.0   MM   MM    MM
2026 09 26 22 30 140  5.0  6.0    MM    MM    MM  MM 1020.1  15.8  16.2  11.9   MM   MM    MM
2026 09 26 22 20 140  5.0  6.0   1.3     8   5.5 315 1020.1  15.8  16.2  11.9   MM   MM    MM
2026 09 26 22 10 140  5.0  7.0   1.3    MM   5.5 315 1020.1  15.8  16.2  12.0   MM   MM    MM
2026 09 26 22 00 140  5.0  6.0    MM    MM    MM  MM 1020.1  15.7  16.2  12.1   MM +0.0    MM
2026 09 26 21 50 140  5.0  7.0   1.3     8   5.4 328 1020.1  15.8  16.2  12.2   MM   MM    MM
2026 09 26 21 40 140  5.0  7.0   1.3    MM   5.4 328 1020.1  15.7  16.2  12.2   MM   MM    MM
2026 09 26 21 30 140  6.0  7.0    MM    MM    MM  MM 1020.1  15.7  16.2  12.2   MM   MM    MM
2026 09 26 21 20 140  6.0  7.0   1.3     8   5.4 314 1020.1  15.7  16.2  12.0   MM   MM    MM
2026 09 26 21 10 140  6.0  8.0   1.3    MM   5.4 314 1020.1  15.7  16.2  12.0   MM   MM    MM
2026 09 26 21 00 140  6.0  7.0    MM    MM    MM  MM 1020.0  15.7  16.2  12.2   MM +0.0    MM
2026 09 26 20 50 150  6.0  7.0   1.3     8   5.6 327 1020.1  15.7  16.2  12.1   MM   MM    MM
2026 09 26 20 40 140  6.0  7.0   1.3    MM   5.6 327 1020.2  15.7  16.2  12.0   MM   MM    MM
2026 09 26 20 30 150  6.0  7.0    MM    MM    MM  MM 1020.2  15.7  16.2  12.1   MM   MM    MM
2026 09 26 20 20 150  6.0  7.0   1.2     8   5.2 341 1020.2  15.7  16.2  12.1   MM   MM    MM
2026 09 26 20 10 140  6.0  8.0    MM    MM    MM  MM 1020.2  15.7  16.2  11.9   MM   MM    MM
2026 09 26 20 00 140  6.0  7.0    MM    MM    MM  MM 1020.2  15.7  16.2  12.1   MM +0.0    MM
2026 09 26 19 50 140  6.0  8.0   1.3     8   5.4 320 1020.2  15.7  16.2  12.0   MM   MM    MM
2026 09 26 19 40 140  6.0  8.0   1.3    MM   5.4 320 1020.3  15.7  16.2  12.1   MM   MM    MM
2026 09 26 19 30 150  7.0  8.0    MM    MM    MM  MM 1020.2  15.7  16.2  12.1   MM   MM    MM
2026 09 26 19 20 150  7.0  8.0   1.3     8   5.5 318 1020.1    MM  16.2    MM   MM   MM    MM
2026 09 26 19 10 150  7.0  9.0    MM    MM    MM  MM 1020.1  15.7  16.2  12.2   MM   MM    MM
2026 09 26 19 00 150  7.0  8.0    MM    MM    MM  MM 1020.1  15.7  16.2  12.1   MM +0.0    MM
2026 09 26 18 50 150  6.0  7.0   1.3     8   5.4 330 1020.1    MM  16.2    MM   MM   MM    MM
2026 09 26 18 40 150  7.0  8.0    MM    MM    MM  MM 1020.1  15.7  16.2  12.2   MM   MM    MM
2026 09 26 18 30 150  7.0  8.0    MM    MM    MM  MM 1020.1  15.7  16.1  12.3   MM   MM    MM
2026 09 26 18 20 150  6.0  8.0   1.3     8   5.4 328 1020.1  15.7  16.1  12.3   MM   MM    MM
2026 09 26 18 10 160  6.0  9.0   1.3    MM   5.4 328 1020.1  15.6  16.1  12.4   MM   MM    MM
2026 09 26 18 00 150  7.0  8.0    MM    MM    MM  MM 1020.1  15.6  16.1  12.3   MM +0.0    MM
2026 09 26 17 50 150  7.0  8.0   1.3     8   5.7 328 1020.1  15.6  16.1  12.4   MM   MM    MM
2026 09 26 17 40 150  7.0  8.0    MM    MM    MM  MM 1020.0  15.6  16.1  12.4   MM   MM    MM
2026 09 26 17 30 160  7.0  8.0    MM    MM    MM  MM 1020.1  15.6  16.1  12.4   MM   MM    MM
2026 09 26 17 20 160  7.0  8.0   1.3     8   6.0 330 1020.0  15.6  16.1  12.4   MM   MM    MM
2026 09 26 17 10 160  6.0  8.0   1.3    MM   6.0 330 1020.0  15.6  16.1  12.3   MM   MM    MM
2026 09 26 17 00 160  6.0  7.0    MM    MM    MM  MM 1019.9  15.6  16.1  12.4   MM +0.0    MM
2026 09 26 16 50 170  5.0  7.0   1.3     8   5.8 307 1019.9  15.6  16.1  12.4   MM   MM    MM
2026 09 26 16 40 170  6.0  7.0   1.3    MM   5.8 307 1020.0  15.5  16.1  12.2   MM   MM    MM
2026 09 26 16 30 160  5.0  6.0    MM    MM    MM  MM 1020.0  15.5  16.1  12.6   MM   MM    MM
2026 09 26 16 20 160  5.0  6.0   1.3     8   6.0 314 1020.0  15.4  16.1  12.3   MM   MM    MM
2026 09 26 16 10 160  5.0  6.0   1.3    MM   6.0 314 1020.1  15.5  16.1  12.6   MM   MM    MM
2026 09 26 16 00 160  5.0  7.0    MM    MM    MM  MM 1020.1  15.4  16.1  12.0   MM +0.0    MM
2026 09 26 15 50 160  5.0  6.0   1.3     8   5.9 319 1020.1  15.5  16.1  12.0   MM   MM    MM
2026 09 26 15 40 170  5.0  6.0   1.3    MM   5.9 319 1020.2  15.5  16.1  11.6   MM   MM    MM
2026 09 26 15 30 180  5.0  6.0    MM    MM    MM  MM 1020.1  15.5  16.1  11.4   MM   MM    MM
2026 09 26 15 20 170  5.0  6.0   1.3     7   6.0 321 1020.0  15.5  16.1  11.5   MM   MM    MM
2026 09 26 15 10 170  5.0  6.0   1.3    MM   6.0 321 1020.0  15.4  16.1  11.4   MM   MM    MM
2026 09 26 15 00 170  5.0  7.0    MM    MM    MM  MM 1020.1  15.5  16.1  11.6   MM +0.0    MM
2026 09 26 14 50 170  6.0  7.0   1.3     8   6.0 312 1020.0  15.4  16.1  11.5   MM   MM    MM
2026 09 26 14 40 170  6.0  7.0   1.3    MM   6.0 312 1020.1  15.4  16.1  11.8   MM   MM    MM
2026 09 26 14 30 170  6.0  7.0    MM    MM    MM  MM 1020.0  15.3  16.1  11.8   MM   MM    MM
2026 09 26 14 20 170  6.0  7.0   1.2     9   6.0 304 1020.0  15.3  16.1  11.8   MM   MM    MM
2026 09 26 14 10 180  6.0  7.0   1.2    MM   6.0 304 1019.9  15.3  16.1  11.7   MM   MM    MM
2026 09 26 14 00 170  6.0  7.0    MM    MM    MM  MM 1020.0  15.3  16.1  11.9   MM -0.3    MM
2026 09 26 13 50 170  5.0  7.0   1.3     8   6.2 305 1020.0  15.4  16.1  12.1   MM   MM    MM
2026 09 26 13 40 170  5.0  6.0   1.3    MM   6.2 305 1020.0  15.3  16.1  11.8   MM   MM    MM
2026 09 26 13 30 160  5.0  6.0    MM    MM    MM  MM 1019.9  15.4  16.2  12.0   MM   MM    MM
2026 09 26 13 20 170  5.0  7.0   1.3     8   6.1 297 1019.9  15.4  16.2  11.9   MM   MM    MM
2026 09 26 13 10 170  5.0  6.0   1.3    MM   6.1 297 1019.9  15.3  16.2  11.9   MM   MM    MM
2026 09 26 13 00 170  5.0  6.0    MM    MM    MM  MM 1019.9  15.3  16.2  11.9   MM -0.9    MM
2026 09 26 12 50 170  5.0  6.0   1.4     8   6.4 309 1019.9    MM  16.2    MM   MM   MM    MM
2026 09 26 12 40 170  5.0  6.0    MM    MM    MM  MM 1019.9  15.3  16.2  11.8   MM   MM    MM
2026 09 26 12 30 160  5.0  6.0    MM    MM    MM  MM 1019.9  15.3  16.2  11.9   MM   MM    MM
2026 09 26 12 20 170  5.0  6.0   1.2     8   6.3 300 1019.9    MM  16.2    MM   MM   MM    MM
2026 09 26 12 10 170  5.0  6.0    MM    MM    MM  MM 1019.9  15.3  16.2  12.0   MM   MM    MM
2026 09 26 12 00 170  5.0  6.0    MM    MM    MM  MM 1019.9  15.3  16.2  11.9   MM -1.2    MM
2026 09 26 11 50 180  5.0  6.0   1.3     8   6.4 309 1020.0  15.4  16.2  11.6   MM   MM    MM
2026 09 26 11 40 180  5.0  6.0   1.3    MM   6.4 309 1020.0  15.3  16.2  11.7   MM   MM    MM
2026 09 26 11 30 180  4.0  6.0    MM    MM    MM  MM 1020.0  15.3  16.2  11.9   MM   MM    MM
2026 09 26 11 20 180  5.0  6.0   1.3     8   6.5 301 1020.0  15.3  16.2  11.8   MM   MM    MM
2026 09 26 11 10 180  5.0  6.0   1.3    MM   6.5 301 1020.1  15.4  16.2  12.0   MM   MM    MM
2026 09 26 11 00 170  5.0  6.0    MM    MM    MM  MM 1020.2  15.4  16.2  12.0   MM -1.2    MM
2026 09 26 10 50 150  5.0  6.0   1.3     8   6.1 295 1020.3  15.2  16.2  12.3   MM   MM    MM
2026 09 26 10 40 150  5.0  6.0   1.3    MM   6.1 295 1020.4  15.2  16.2  12.1   MM   MM    MM
2026 09 26 10 30 150  5.0  6.0    MM    MM    MM  MM 1020.5  15.2  16.2  12.1   MM   MM    MM
2026 09 26 10 20 150  5.0  6.0   1.3     8   6.2 289 1020.6  15.1    MM  11.9   MM   MM    MM
2026 09 26 10 10 160  5.0  6.0    MM    MM    MM  MM 1020.7  15.1  16.2  11.8   MM   MM    MM
2026 09 26 10 00 150  5.0  6.0    MM    MM    MM  MM 1020.7  15.2  16.2  12.0   MM -0.9    MM
2026 09 26 09 50 150  5.0  6.0   1.3     8   6.2 308 1020.7  15.1  16.2  11.8   MM   MM    MM
2026 09 26 09 40 150  5.0  6.0   1.3    MM   6.2 308 1020.8  15.1  16.2  11.9   MM   MM    MM
2026 09 26 09 30 150  5.0  6.0    MM    MM    MM  MM 1020.9  15.1  16.2  11.8   MM   MM    MM
2026 09 26 09 20 150  5.0  6.0   1.4     8   6.4 291 1021.0  15.1  16.2  11.9   MM   MM    MM
2026 09 26 09 10 160  5.0  6.0   1.4    MM   6.4 291 1021.0  15.1  16.2  11.8   MM   MM    MM
2026 09 26 09 00 150  4.0  6.0    MM    MM    MM  MM 1021.0  15.1  16.2  11.9   MM -0.9    MM
2026 09 26 08 50 150  5.0  6.0   1.5     7   6.1 320 1021.2  15.1  16.2  11.8   MM   MM    MM
2026 09 26 08 40 160  4.0  5.0    MM    MM    MM  MM 1021.2  15.1  16.2  11.8   MM   MM    MM
2026 09 26 08 30 160  4.0  6.0    MM    MM    MM  MM 1021.2  15.1  16.2  11.7   MM   MM    MM
2026 09 26 08 20 160  4.0  6.0   1.4     8   6.5 298 1021.2  15.0    MM  11.6   MM   MM    MM
2026 09 26 08 10 160  4.0  5.0    MM    MM    MM  MM 1021.3  15.0  16.2  11.6   MM   MM    MM
2026 09 26 08 00 160  4.0  5.0   1.4    MM   6.5 298 1021.4  15.0  16.2  11.5   MM -0.8    MM
2026 09 26 07 50 160  3.0  5.0   1.4     9   6.5 285 1021.4  15.0    MM  11.5   MM   MM    MM
2026 09 26 07 40 170  3.0  4.0   1.4    MM   6.5 285 1021.5  15.0  16.2  11.4   MM   MM    MM
2026 09 26 07 30 180  3.0  4.0    MM    MM    MM  MM 1021.6  15.0  16.2  11.3   MM   MM    MM
2026 09 26 07 20 170  3.0  4.0   1.5     9   6.2 295 1021.7  14.9  16.2  11.1   MM   MM    MM
2026 09 26 07 10 180  3.0  4.0   1.5    MM   6.2 295 1021.7  14.9    MM  11.2   MM   MM    MM
2026 09 26 07 00 180  3.0  3.0    MM    MM    MM  MM 1021.7  14.9  16.2  11.0   MM -0.5    MM
2026 09 26 06 50 180  3.0  4.0   1.5     8   6.5 303 1021.8  14.9  16.2  11.1   MM   MM    MM
2026 09 26 06 40 190  2.0  3.0   1.5    MM   6.5 303 1021.8  14.9  16.2  11.0   MM   MM    MM
2026 09 26 06 30 190  3.0  4.0    MM    MM    MM  MM 1021.9  14.9  16.2  11.0   MM   MM    MM
2026 09 26 06 20 190  2.0  3.0   1.7     9   6.4 303 1021.9    MM  16.2    MM   MM   MM    MM
2026 09 26 06 10 210  3.0  4.0    MM    MM    MM  MM 1021.9  14.9  16.2  10.9   MM   MM    MM
2026 09 26 06 00 220  2.0  3.0    MM    MM    MM  MM 1022.0  14.9  16.2  10.6   MM +0.0    MM
2026 09 26 05 50 220  3.0  4.0   1.6     8   6.2 294 1022.0  15.0  16.2  10.7   MM   MM    MM
2026 09 26 05 40 230  3.0  4.0   1.6    MM   6.2 294 1022.1  15.0  16.2  10.6   MM   MM    MM
2026 09 26 05 30 230  2.0  4.0    MM    MM    MM  MM 1022.1  15.0  16.2  10.3   MM   MM    MM
2026 09 26 05 20 230  3.0  4.0   1.6     9   6.3 291 1022.0  15.0  16.2  10.0   MM   MM    MM
2026 09 26 05 10 220  3.0  4.0   1.6    MM   6.3 291 1022.1  15.0  16.2  10.3   MM   MM    MM
2026 09 26 05 00 230  3.0  4.0    MM    MM    MM  MM 1022.2  15.0  16.2  10.5   MM +0.3    MM
2026 09 26 04 50 240  4.0  5.0   1.5     9   6.4 304 1022.2  15.0  16.2  10.6   MM   MM    MM
2026 09 26 04 40 230  2.0  3.0    MM    MM    MM  MM 1022.2  15.0  16.2  10.8   MM   MM    MM
2026 09 26 04 30 240  2.0  4.0    MM    MM    MM  MM 1022.3  15.0  16.2  10.6   MM   MM    MM
2026 09 26 04 20 240  3.0  4.0   1.6     9   6.1 297 1022.3  15.0  16.2  10.5   MM   MM    MM
2026 09 26 04 10 240  3.0  4.0   1.6    MM   6.1 297 1022.3  15.0  16.2  10.4   MM   MM    MM
2026 09 26 04 00 230  3.0  3.0    MM    MM    MM  MM 1022.2  15.0  16.2  10.4   MM +0.0    MM
2026 09 26 03 50 230  3.0  4.0   1.6     9   6.1 292 1022.1  15.0  16.2  10.3   MM   MM    MM
2026 09 26 03 40 240  3.0  4.0    MM    MM    MM  MM 1022.1  15.0  16.2  10.2   MM   MM    MM
2026 09 26 03 30 240  3.0  4.0    MM    MM    MM  MM 1022.1  15.0  16.2  10.2   MM   MM    MM
2026 09 26 03 20 230  3.0  4.0   1.6     9   6.3 300 1022.1  14.9  16.2  10.2   MM   MM    MM
2026 09 26 03 10 240  3.0  4.0   1.6    MM   6.3 300 1022.0  15.0  16.2  10.4   MM   MM    MM
2026 09 26 03 00 230  4.0  5.0    MM    MM    MM  MM 1022.0  15.0  16.3  10.5   MM +0.0    MM
2026 09 26 02 50 240  4.0  5.0   1.6     9   6.2 293 1022.0  15.0  16.3  10.5   MM   MM    MM
2026 09 26 02 40 240  4.0  5.0   1.6    MM   6.2 293 1021.8  15.0  16.3  10.4   MM   MM    MM
2026 09 26 02 30 230  4.0  5.0    MM    MM    MM  MM 1021.8  15.0  16.3  10.5   MM   MM    MM
2026 09 26 02 20 240  4.0  5.0   1.5     9   6.1 294 1021.8  15.1  16.3  10.6   MM   MM    MM
2026 09 26 02 10 240  4.0  5.0   1.5    MM   6.1 294 1022.0  15.1  16.3  10.6   MM   MM    MM
2026 09 26 02 00 250  4.0  5.0    MM    MM    MM  MM 1021.9  15.1  16.3  10.7   MM +0.0    MM
2026 09 26 01 50 250  4.0  5.0   1.7     8   6.2 293 1021.9  15.1  16.3  10.6   MM   MM    MM
2026 09 26 01 40 250  4.0  5.0   1.7    MM   6.2 293 1021.9  15.3  16.3  10.6   MM   MM    MM
2026 09 26 01 30 250  4.0  5.0    MM    MM    MM  MM 1021.9  15.3  16.3  10.2   MM   MM    MM
2026 09 26 01 20 250  4.0  6.0   1.6     9   6.3 294 1021.9  15.4  16.3  10.3   MM   MM    MM
2026 09 26 01 10 260  4.0  5.0   1.6    MM   6.3 294 1022.0  15.3  16.3  10.3   MM   MM    MM
2026 09 26 01 00 250  4.0  5.0    MM    MM    MM  MM 1022.0  15.4  16.3  10.4   MM +0.0    MM
2026 09 26 00 50 260  4.0  6.0   1.7     8   6.4 293 1022.0  15.3  16.3  10.1   MM   MM    MM
2026 09 26 00 40 260  4.0  5.0   1.7    MM   6.4 293 1022.1  15.3  16.3  10.3   MM   MM    MM
2026 09 26 00 30 250  4.0  6.0    MM    MM    MM  MM 1022.0  15.4  16.3  10.4   MM   MM    MM
2026 09 26 00 20 260  5.0  6.0   1.7     9   6.3 303 1022.0  15.3  16.3  10.2   MM   MM    MM
2026 09 26 00 10 260  4.0  5.0   1.7    MM   6.3 303 1022.1  15.3  16.3  10.1   MM   MM    MM
2026 09 26 00 00 260  4.0  5.0    MM    MM    MM  MM 1022.0    MM  16.3    MM   MM +0.6    MM
2026 09 25 23 50 270  4.0  5.0   1.8     9   6.2 295 1022.0  15.4  16.3  10.4   MM   MM    MM
2026 09 25 23 40 270  4.0  5.0   1.8    MM   6.2 295 1022.0  15.2  16.3  10.2   MM   MM    MM
2026 09 25 23 20 270  5.0  6.0   1.9     9   6.5 298 1022.0  15.2  16.3  10.0   MM   MM    MM
2026 09 25 23 10 270  4.0  6.0   1.9    MM   6.5 298 1021.9  15.1  16.3   9.9   MM   MM    MM
2026 09 25 23 00 270  5.0  6.0    MM    MM    MM  MM 1021.9  15.2  16.3   9.9   MM +0.9    MM
2026 09 25 22 50 280  4.0  5.0   1.8     9   6.2 297 1021.9  15.2  16.3   9.7   MM   MM    MM
2026 09 25 22 40 280  4.0  5.0    MM    MM    MM  MM 1021.8  15.2  16.3   9.7   MM   MM    MM
2026 09 25 22 30 280  5.0  6.0    MM    MM    MM  MM 1021.8  15.2  16.3   9.4   MM   MM    MM
2026 09 25 22 20 280  4.0  5.0   1.8     9   6.1 295 1021.8  15.1  16.3   9.7   MM   MM    MM
2026 09 25 22 10 270  5.0  6.0   1.8    MM   6.1 295 1021.8  15.1  16.3   9.9   MM   MM    MM
2026 09 25 22 00 280  5.0  6.0    MM    MM    MM  MM 1021.8  15.1  16.3  10.1   MM +1.5    MM
2026 09 25 21 50 280  5.0  6.0   1.8     9   6.4 295 1021.6  15.1  16.3  10.1   MM   MM    MM
2026 09 25 21 40 280  5.0  6.0   1.8    MM   6.4 295 1021.6  15.1  16.3  10.0   MM   MM    MM
2026 09 25 21 30 290  5.0  6.0    MM    MM    MM  MM 1021.5  15.1  16.3  10.2   MM   MM    MM
2026 09 25 21 20 290  5.0  7.0   1.9     9   6.2 299 1021.6  15.1  16.3  10.1   MM   MM    MM
2026 09 25 21 10 290  5.0  7.0   1.9    MM   6.2 299 1021.5  15.1  16.3  10.5   MM   MM    MM
2026 09 25 21 00 290  6.0  7.0    MM    MM    MM  MM 1021.4  15.0  16.3  10.3   MM +1.6    MM
2026 09 25 20 50 290  6.0  7.0   1.9     9   6.1 286 1021.3  15.1  16.3  10.6   MM   MM    MM
2026 09 25 20 40 300  5.0  7.0   1.9    MM   6.1 286 1021.2  15.1  16.3  10.4   MM   MM    MM
2026 09 25 20 30 300  5.0  7.0    MM    MM    MM  MM 1021.2  15.1  16.2  10.6   MM   MM    MM
2026 09 25 20 20 300  5.0  7.0   1.9     9   6.1 297 1021.1  15.0  16.2  10.4   MM   MM    MM
2026 09 25 20 10 310  6.0  7.0   1.9    MM   6.1 297 1021.1  15.0  16.2  10.4   MM   MM    MM
2026 09 25 20 00 300  6.0  8.0    MM    MM    MM  MM 1021.0  15.0  16.2  10.5   MM +1.9    MM
2026 09 25 19 50 310  6.0  7.0   1.8     9   5.9 301 1020.9  15.0  16.2  10.6   MM   MM    MM
2026 09 25 19 40 290  5.0  7.0    MM    MM    MM  MM 1020.8  15.1  16.3  10.5   MM   MM    MM
2026 09 25 19 30 290  6.0  7.0    MM    MM    MM  MM 1020.7  15.0  16.2  10.3   MM   MM    MM
2026 09 25 19 20 300  6.0  7.0   1.8    10   6.0 298 1020.7  15.0  16.2  10.0   MM   MM    MM
2026 09 25 19 10 310  6.0  8.0   1.8    MM   6.0 298 1020.5  15.0  16.2   9.9   MM   MM    MM
2026 09 25 19 00 300  6.0  7.0    MM    MM    MM  MM 1020.4  15.0  16.2  10.6   MM +1.8    MM
2026 09 25 18 50 300  6.0  7.0   1.9     9   5.8 294 1020.3  15.0  16.2  10.2   MM   MM    MM
2026 09 25 18 40 300  6.0  7.0    MM    MM    MM  MM 1020.2    MM    MM    MM   MM   MM    MM
2026 09 25 18 30 300  6.0  8.0    MM    MM    MM  MM 1020.2  14.9  16.2  10.5   MM   MM    MM
2026 09 25 18 20 300  6.0  8.0   1.9    10   5.9 299 1020.0  15.0  16.2  10.7   MM   MM    MM
2026 09 25 18 10 300  6.0  7.0   1.9    MM   5.9 299 1019.9  15.0  16.2  10.6   MM   MM    MM
2026 09 25 18 00 310  6.0  7.0    MM    MM    MM  MM 1019.9  15.0  16.2  10.6   MM +2.1    MM
2026 09 25 17 50 310  7.0  8.0   2.0    10   5.8 300 1019.7  15.0  16.2  10.3   MM   MM    MM
2026 09 25 17 40 310  7.0  9.0    MM    MM    MM  MM 1019.6  14.9  16.2  10.0   MM   MM    MM
2026 09 25 17 30 310  7.0  8.0   2.0    MM   5.8 300 1019.6  15.0  16.2  10.2   MM   MM    MM
2026 09 25 17 20 310  7.0 10.0   1.9     9   5.7 295 1019.5  14.9  16.2  10.0   MM   MM    MM
2026 09 25 17 10 310  7.0  9.0   1.9    MM   5.7 295 1019.3  14.9  16.2   9.9   MM   MM    MM
2026 09 25 17 00 310  8.0  9.0    MM    MM    MM  MM 1019.2  14.9  16.2  10.3   MM +2.1    MM
2026 09 25 16 50 300  8.0 10.0   2.0     6   5.6 331 1019.1  14.9  16.2  10.3   MM   MM    MM
2026 09 25 16 40 300  7.0 10.0   2.0    MM   5.6 331 1019.0  14.8  16.2  10.7   MM   MM    MM
2026 09 25 16 30 310  7.0  9.0    MM    MM    MM  MM 1018.8  14.8  16.2  10.4   MM   MM    MM
2026 09 25 16 20 310  8.0  9.0   2.0     6   5.7 322 1018.7  14.9  16.2  10.2   MM   MM    MM
2026 09 25 16 10 310  8.0  9.0   2.0    MM   5.7 322 1018.7  14.9  16.2  10.4   MM   MM    MM
2026 09 25 16 00 320  8.0 10.0    MM    MM    MM  MM 1018.6  14.9  16.2  10.4   MM +2.4    MM
2026 09 25 15 50 310  8.0 10.0   2.0     6   5.5 319 1018.5  14.8  16.2  10.5   MM   MM    MM
2026 09 25 15 40 310  9.0 11.0   2.0    MM   5.5 319 1018.3  14.8  16.2  10.3   MM   MM    MM
2026 09 25 15 30 310  8.0 11.0    MM    MM    MM  MM 1018.2  14.8  16.2  10.5   MM   MM    MM
2026 09 25 15 20 310  9.0 11.0   2.0     6   5.6 309 1018.1  14.8  16.2  10.4   MM   MM    MM
2026 09 25 15 10 310  9.0 11.0   2.0    MM   5.6 309 1018.0  14.8  16.2  10.4   MM   MM    MM
2026 09 25 15 00 310  9.0 11.0    MM    MM    MM  MM 1017.7  14.9  16.2  10.7   MM +2.1    MM
2026 09 25 14 50 320  9.0 11.0   2.0    10   5.4 295 1017.7  14.9  16.2  10.9   MM   MM    MM
2026 09 25 14 40 320  9.0 11.0   2.0    MM   5.4 295 1017.5  14.9  16.2  10.8   MM   MM    MM
2026 09 25 14 30 320  9.0 11.0    MM    MM    MM  MM 1017.4  14.9  16.2  10.7   MM   MM    MM
2026 09 25 14 20 320  9.0 12.0   2.0    MM   5.5 287 1017.4    MM  16.2    MM   MM   MM    MM
2026 09 25 14 10 320  9.0 11.0   2.0    MM   5.5 287 1017.2  14.9  16.2  11.0   MM   MM    MM
2026 09 25 14 00 310  9.0 10.0    MM    MM    MM  MM 1017.1  14.9  16.2  10.7   MM +1.9    MM
2026 09 25 13 50 320  8.0 10.0   2.0    10   5.6 294 1017.0  14.8  16.2  11.4   MM   MM    MM
2026 09 25 13 40 320  9.0 11.0   2.0    MM   5.6 294 1016.8  14.8  16.2  11.2   MM   MM    MM
2026 09 25 13 30 320 10.0 12.0    MM    MM    MM  MM 1016.5  14.8  16.2  10.9   MM   MM    MM
2026 09 25 13 20 320  9.0 11.0   2.0     6   5.5 331 1016.4  14.9  16.2  11.0   MM   MM    MM
2026 09 25 13 10 310  9.0 11.0   2.0    MM   5.5 331 1016.2  14.9  16.2  11.2   MM   MM    MM
2026 09 25 13 00 320  9.0 11.0    MM    MM    MM  MM 1016.3  14.8  16.2  11.3   MM +1.7    MM
2026 09 25 12 50 320 10.0 12.0   2.1    10   5.6 306 1016.2  14.7  16.2  10.8   MM   MM    MM
2026 09 25 12 40 320  9.0 11.0   2.1    MM   5.6 306 1016.0  14.9  16.2  11.0   MM   MM    MM
2026 09 25 12 30 320  9.0 11.0    MM    MM    MM  MM 1016.0  14.9  16.3  10.8   MM   MM    MM
2026 09 25 12 20 320 10.0 12.0   2.3    10   5.8 293 1015.9  14.9  16.2  10.7   MM   MM    MM
2026 09 25 12 10 320 10.0 11.0   2.3    MM   5.8 293 1015.8  14.9  16.3  11.0   MM   MM    MM
2026 09 25 12 00 330 10.0 12.0    MM    MM    MM  MM 1015.7  14.8  16.3  11.2   MM +1.8    MM
2026 09 25 11 50 320  9.0 11.0   2.3     6   5.8 325 1015.6  14.5  16.3  11.2   MM   MM    MM
2026 09 25 11 40 320 10.0 13.0   2.3    MM   5.8 325 1015.5  14.8  16.3  11.1   MM   MM    MM
2026 09 25 11 30 320  9.0 11.0    MM    MM    MM  MM 1015.5  14.9  16.3  11.5   MM   MM    MM
2026 09 25 11 20 320  9.0 11.0   2.4     9   6.0 295 1015.4  14.8  16.3  11.3   MM   MM    MM
2026 09 25 11 10 320 10.0 12.0   2.4    MM   6.0 295 1015.3  14.8  16.3  11.3   MM   MM    MM
2026 09 25 11 00 320  9.0 12.0    MM    MM    MM  MM 1015.2  14.8  16.3  11.2   MM +1.8    MM
2026 09 25 10 50 330 10.0 11.0   2.4    10   6.0 293 1015.2  14.8  16.3  11.0   MM   MM    MM
2026 09 25 10 40 330 10.0 12.0   2.4    MM   6.0 293 1015.0  14.8  16.3  10.9   MM   MM    MM
2026 09 25 10 30 330 10.0 12.0    MM    MM    MM  MM 1014.9  14.8  16.3  11.1   MM   MM    MM
2026 09 25 10 20 320 10.0 12.0   2.4    10   6.0 291 1014.8  14.8  16.3  11.3   MM   MM    MM
2026 09 25 10 10 320 10.0 13.0   2.4    MM   6.0 291 1014.7  14.7  16.3  11.1   MM   MM    MM
2026 09 25 10 00 320 10.0 12.0    MM    MM    MM  MM 1014.5  14.7  16.3  11.2   MM +1.4    MM
2026 09 25 09 50 330  9.0 11.0   2.5     9   5.9 300 1014.4  14.4  16.3  11.0   MM   MM    MM
2026 09 25 09 40 330  9.0 12.0   2.5    MM   5.9 300 1014.2  14.0  16.3  10.7   MM   MM    MM
2026 09 25 09 30 330 11.0 14.0    MM    MM    MM  MM 1014.1  13.5  16.3  11.0   MM   MM    MM
2026 09 25 09 20 330 11.0 16.0   2.7    10   6.2 295 1014.1  14.4  16.3  11.7   MM   MM    MM
2026 09 25 09 10 320 10.0 13.0    MM    MM    MM  MM 1013.9  14.6  16.3  11.7   MM   MM    MM
2026 09 25 09 00 330 10.0 12.0    MM    MM    MM  MM 1013.8  14.6  16.3  11.7   MM +1.0    MM
2026 09 25 08 50 320 10.0 12.0   2.5     9   6.1 300 1013.8  14.6  16.3  11.6   MM   MM    MM
2026 09 25 08 40 320 10.0 12.0   2.5    MM   6.1 300 1013.8  14.6  16.3  11.7   MM   MM    MM
2026 09 25 08 30 330 10.0 13.0    MM    MM    MM  MM 1013.6  14.7  16.3  11.3   MM   MM    MM
2026 09 25 08 20 330 10.0 12.0   2.5    10   6.1 296 1013.6  14.6  16.3  11.6   MM   MM    MM
2026 09 25 08 10 320 11.0 13.0    MM    MM    MM  MM 1013.5  14.4  16.3  11.8   MM   MM    MM
2026 09 25 08 00 320 11.0 12.0    MM    MM    MM  MM 1013.5  14.5  16.3  11.8   MM +0.8    MM
2026 09 25 07 50 320 11.0 13.0   2.5     9   6.1 291 1013.3    MM  16.3    MM   MM   MM    MM
2026 09 25 07 40 320 11.0 13.0    MM    MM    MM  MM 1013.3  14.4  16.3  11.8   MM   MM    MM
2026 09 25 07 30 330 11.0 14.0    MM    MM    MM  MM 1013.2  14.4  16.3  11.5   MM   MM    MM
2026 09 25 07 20 320 11.0 13.0   2.5    10   6.4 301 1013.2  14.3    MM  11.4   MM   MM    MM
2026 09 25 07 10 320 11.0 13.0   2.5    MM   6.4 301 1013.2  14.4  16.3  11.5   MM   MM    MM
2026 09 25 07 00 320 11.0 13.0    MM    MM    MM  MM 1013.1  14.3  16.3  11.5   MM +0.9    MM
2026 09 25 06 50 320 10.0 12.0   2.3     8   5.9 258 1013.1  14.1    MM  11.6   MM   MM    MM
2026 09 25 06 40 330 10.0 12.0   2.3    MM   5.9 258 1013.1  13.8  16.3  11.8   MM   MM    MM
2026 09 25 06 30 340  9.0 13.0    MM    MM    MM  MM 1013.0  13.7  16.3  12.0   MM   MM    MM
2026 09 25 06 20 340  9.0 12.0   2.5    10   6.2 298 1013.0  13.8  16.3  11.9   MM   MM    MM
2026 09 25 06 10 330 10.0 12.0   2.5    MM   6.2 298 1013.0  13.9  16.3  11.6   MM   MM    MM
2026 09 25 06 00 330 10.0 13.0    MM    MM    MM  MM 1012.9  13.8  16.3  11.6   MM +1.0    MM
2026 09 25 05 50 340  9.0 12.0   2.4    10   6.3 301 1012.9  13.5  16.3  11.9   MM   MM    MM
2026 09 25 05 40 340 10.0 13.0    MM    MM    MM  MM 1012.8  13.3  16.3  11.6   MM   MM    MM
2026 09 25 05 30 330 10.0 13.0    MM    MM    MM  MM 1012.8  13.3  16.3  11.8   MM   MM    MM
2026 09 25 05 20 330 10.0 12.0   2.6    10   6.6 303 1012.7  13.1  16.3  11.4   MM   MM    MM
2026 09 25 05 10 330 10.0 13.0   2.6    MM   6.6 303 1012.8  13.2  16.3  11.5   MM   MM    MM
2026 09 25 05 00 330 10.0 13.0    MM    MM    MM  MM 1012.6  13.3  16.3  11.5   MM +1.0    MM
2026 09 25 04 50 340  9.0 11.0   2.3     9   6.7 199 1012.4  13.5  16.3  11.4   MM   MM    MM
2026 09 25 04 40 340  9.0 10.0   2.3    MM   6.7 199 1012.4  13.2  16.3  11.6   MM   MM    MM
2026 09 25 04 30 340  8.0 10.0    MM    MM    MM  MM 1012.4  12.8  16.3  11.4   MM   MM    MM
2026 09 25 04 20 340  9.0 11.0   2.3    10   6.8 287 1012.4  13.1  16.3  11.7   MM   MM    MM
2026 09 25 04 10 330  8.0 10.0   2.3    MM   6.8 287 1012.3  13.2  16.3  11.5   MM   MM    MM
2026 09 25 04 00 330  7.0 10.0    MM    MM    MM  MM 1012.2  13.2  16.3  11.6   MM +0.7    MM
2026 09 25 03 50 330  8.0  9.0   2.1     9   6.6 176 1012.1  13.2  16.3  11.3   MM   MM    MM
2026 09 25 03 40 340  7.0 10.0    MM    MM    MM  MM 1012.0  13.3  16.3  11.1   MM   MM    MM
2026 09 25 03 30 340  8.0 10.0    MM    MM    MM  MM 1012.0  13.3  16.3  11.2   MM   MM    MM
2026 09 25 03 20 340  6.0  9.0   2.4    10   7.1 308 1011.9  13.0  16.3  11.4   MM   MM    MM
2026 09 25 03 10 330  5.0  7.0   2.4    MM   7.1 308 1011.9  12.8  16.3  11.6   MM   MM    MM
2026 09 25 03 00 340  6.0  7.0    MM    MM    MM  MM 1011.8  13.0  16.3  11.4   MM +0.6    MM
2026 09 25 02 50 350  6.0  8.0   2.3    10   6.8 304 1011.8  13.0  16.3  11.3   MM   MM    MM
2026 09 25 02 40 350  5.0  6.0   2.3    MM   6.8 304 1011.7  12.9  16.3  11.5   MM   MM    MM
2026 09 25 02 30 360  4.0  6.0    MM    MM    MM  MM 1011.7  12.7  16.3  11.3   MM   MM    MM
2026 09 25 02 20  10  4.0  6.0   2.3     9   7.1 196 1011.7  12.6  16.3  11.2   MM   MM    MM
2026 09 25 02 10  10  5.0  6.0   2.3    MM   7.1 196 1011.6  12.8  16.3  11.1   MM   MM    MM
2026 09 25 02 00  10  4.0  6.0    MM    MM    MM  MM 1011.5  12.9  16.3  11.1   MM +0.0    MM
2026 09 25 01 50  20  5.0  7.0   2.1     9   6.9 216 1011.5  13.0  16.3  11.3   MM   MM    MM
2026 09 25 01 40 360  5.0  7.0   2.1    MM   6.9 216 1011.5  13.1  16.3  11.3   MM   MM    MM
2026 09 25 01 30  10  4.0  5.0    MM    MM    MM  MM 1011.4  12.9  16.3  11.0   MM   MM    MM
2026 09 25 01 20  10  5.0  6.0   2.2     9   6.9 180 1011.4  12.9  16.3  11.1   MM   MM    MM
2026 09 25 01 10  10  5.0  6.0   2.2    MM   6.9 180 1011.4  12.9  16.3  11.0   MM   MM    MM
2026 09 25 01 00  20  5.0  6.0    MM    MM    MM  MM 1011.4  13.0  16.3  11.1   MM +0.0    MM
2026 09 25 00 50  20  5.0  7.0   2.3     9   7.1 267 1011.4  13.1  16.3  11.2   MM   MM    MM
2026 09 25 00 40  20  5.0  6.0   2.3    MM   7.1 267 1011.3  13.3  16.3  11.3   MM   MM    MM
2026 09 25 00 30  20  5.0  6.0    MM    MM    MM  MM 1011.2  13.3  16.3  10.9   MM   MM    MM
2026 09 25 00 20  20  5.0  6.0   2.2    10   7.0 298 1011.2  13.4  16.3  10.7   MM   MM    MM
2026 09 25 00 10  20  5.0  6.0   2.2    MM   7.0 298 1011.2  13.4  16.3  10.7   MM   MM    MM
2026 09 25 00 00  20  5.0  6.0    MM    MM    MM  MM 1011.2  13.5  16.3  10.8   MM +0.0    MM
2026 09 24 23 50  30  6.0  7.0   2.1    10   6.9 289 1011.2  13.5  16.3  11.0   MM   MM    MM
2026 09 24 23 40  30  5.0  6.0   2.1    MM   6.9 289 1011.2  13.5  16.3  11.1   MM   MM    MM
2026 09 24 23 20  30  5.0  7.0   2.2    10   7.0 288 1011.2  13.5  16.3  11.1   MM   MM    MM
2026 09 24 23 10  30  6.0  7.0   2.2    MM   7.0 288 1011.3  13.4  16.4  11.1   MM   MM    MM
2026 09 24 23 00  30  6.0  8.0    MM    MM    MM  MM 1011.2  13.4  16.4  11.2   MM -0.3    MM
2026 09 24 22 50  30  6.0  7.0   2.1    11   6.8 303 1011.2  13.5  16.4  11.3   MM   MM    MM
2026 09 24 22 40  30  6.0  7.0   2.1    MM   6.8 303 1011.2  13.5  16.4  11.1   MM   MM    MM
2026 09 24 22 30  40  6.0  8.0    MM    MM    MM  MM 1011.3  13.4  16.4  11.2   MM   MM    MM
2026 09 24 22 20  40  6.0  7.0   2.3    11   7.0 299 1011.2    MM  16.4    MM   MM   MM    MM
2026 09 24 22 10  30  6.0  7.0    MM    MM    MM  MM 1011.4  13.5  16.4  11.5   MM   MM    MM
2026 09 24 22 00  40  6.0  7.0    MM    MM    MM  MM 1011.3  13.4  16.4  11.3   MM -0.8    MM
2026 09 24 21 50  30  6.0  7.0   2.1    10   6.6 302 1011.2  13.4  16.4  11.5   MM   MM    MM
2026 09 24 21 40  40  6.0  7.0   2.1    MM   6.6 302 1011.2  13.3  16.4  11.5   MM   MM    MM
2026 09 24 21 30  40  4.0  5.0    MM    MM    MM  MM 1011.3  13.1  16.4  11.6   MM   MM    MM
2026 09 24 21 20  40  5.0  7.0   2.0    10   6.6 301 1011.4  13.1  16.4  11.3   MM   MM    MM
2026 09 24 21 10  40  5.0  6.0   2.0    MM   6.6 301 1011.3  13.2  16.4  11.5   MM   MM    MM
2026 09 24 21 00  50  5.0  6.0    MM    MM    MM  MM 1011.3  13.2  16.4  11.5   MM -0.9    MM
2026 09 24 20 50  50  5.0  6.0   2.2    10   6.5 298 1011.3  13.2  16.4  11.3   MM   MM    MM
2026 09 24 20 40  60  5.0  7.0    MM    MM    MM  MM 1011.4  13.2  16.4  11.3   MM   MM    MM
2026 09 24 20 30  70  5.0  6.0    MM    MM    MM  MM 1011.5  13.1  16.4  11.4   MM   MM    MM
2026 09 24 20 20  80  5.0  7.0   2.2    10   6.4 303 1011.6  13.0  16.4  11.5   MM   MM    MM
2026 09 24 20 10  60  6.0  7.0    MM    MM    MM  MM 1011.6  13.1  16.4  11.5   MM   MM    MM
2026 09 24 20 00  50  6.0  7.0    MM    MM    MM  MM 1011.7  13.1  16.4  11.5   MM -0.7    MM
2026 09 24 19 50  50  5.0  6.0   2.3    11   6.7 304 1011.8  13.1  16.4  11.6   MM   MM    MM
2026 09 24 19 40  50  5.0  6.0   2.3    MM   6.7 304 1011.8  13.0  16.4  11.4   MM   MM    MM
2026 09 24 19 30  60  6.0  7.0    MM    MM    MM  MM 1011.8  13.0  16.4  11.3   MM   MM    MM
2026 09 24 19 20  60  5.0  6.0   2.4    11   6.9 307 1012.0  12.9  16.4  11.2   MM   MM    MM
2026 09 24 19 10  70  5.0  7.0   2.4    MM   6.9 307 1011.9  12.9  16.4  11.1   MM   MM    MM
2026 09 24 19 00  70  5.0  6.0    MM    MM    MM  MM 1012.1  12.9  16.4  11.0   MM -0.7    MM
2026 09 24 18 50  70  5.0  6.0   2.3    10   6.7 300 1012.1    MM  16.4    MM   MM   MM    MM
2026 09 24 18 40  70  5.0  6.0    MM    MM    MM  MM 1012.1  13.0  16.4  11.2   MM   MM    MM
2026 09 24 18 30  70  5.0  7.0    MM    MM    MM  MM 1012.2  12.9  16.4  11.2   MM   MM    MM
2026 09 24 18 20  70  6.0  7.0   2.4    11   7.0 300 1012.2  12.8  16.4  11.1   MM   MM    MM
2026 09 24 18 10  80  6.0  8.0   2.4    MM   7.0 300 1012.2  12.8  16.4  11.3   MM   MM    MM
2026 09 24 18 00  70  6.0  8.0    MM    MM    MM  MM 1012.2  12.9  16.4  11.5   MM -0.6    MM
2026 09 24 17 50  70  6.0  7.0   2.3    11   6.8 293 1012.3  12.9  16.4  11.5   MM   MM    MM
2026 09 24 17 40  70  6.0  7.0   2.3    MM   6.8 293 1012.3  12.8  16.4  11.3   MM   MM    MM
2026 09 24 17 30  70  6.0  7.0    MM    MM    MM  MM 1012.3  12.8  16.4  11.2   MM   MM    MM
2026 09 24 17 20  80  7.0  9.0   2.5    11   7.2 294 1012.3  12.8  16.3  10.9   MM   MM    MM
2026 09 24 17 10  80  8.0  9.0   2.5    MM   7.2 294 1012.3  12.8  16.4  10.8   MM   MM    MM
2026 09 24 17 00  90  8.0 10.0    MM    MM    MM  MM 1012.3  12.9  16.4  10.7   MM -0.8    MM
2026 09 24 16 50  80  8.0 10.0   2.3    11   7.0 296 1012.5  13.0  16.4  11.0   MM   MM    MM
2026 09 24 16 40  80  7.0  9.0    MM    MM    MM  MM 1012.6  13.1  16.4  11.3   MM   MM    MM
2026 09 24 16 30  80  6.0  8.0    MM    MM    MM  MM 1012.6  13.1  16.4  11.6   MM   MM    MM
2026 09 24 16 20  90  6.0  7.0   2.4    11   7.4 302 1012.7  13.1  16.4  11.4   MM   MM    MM
2026 09 24 16 10  80  5.0  7.0   2.4    MM   7.4 302 1012.8  13.0  16.4  11.3   MM   MM    MM
2026 09 24 16 00  80  6.0  8.0    MM    MM    MM  MM 1012.8  13.0  16.4  11.2   MM -0.9    MM
2026 09 24 15 50  80  6.0  7.0   2.3    11   7.6 308 1012.8  13.0  16.4  11.3   MM   MM    MM
2026 09 24 15 40  80  6.0  8.0    MM    MM    MM  MM 1012.9  12.9  16.4  11.3   MM   MM    MM
2026 09 24 15 30  80  7.0  9.0   2.3    MM   7.6 308 1012.8  12.9  16.4  11.2   MM   MM    MM
2026 09 24 15 20  80  7.0  9.0   2.2    11   7.4 301 1012.8  13.1  16.4  11.6   MM   MM    MM
2026 09 24 15 10  80  5.0  7.0   2.2    MM   7.4 301 1012.8  12.9  16.4  11.4   MM   MM    MM
2026 09 24 15 00  90  6.0  7.0    MM    MM    MM  MM 1012.8  12.9  16.4  11.2   MM -1.5    MM
2026 09 24 14 50  90  6.0  8.0   2.2    11   7.3 284 1012.8  12.9  16.4  11.0   MM   MM    MM
2026 09 24 14 40  90  7.0  9.0   2.2    MM   7.3 284 1012.9  13.0  16.4  11.0   MM   MM    MM
2026 09 24 14 30  90  7.0  9.0    MM    MM    MM  MM 1012.9  13.2  16.4  11.5   MM   MM    MM
2026 09 24 14 20 100  6.0  8.0   2.2    10   7.2 291 1013.0  13.1  16.4  11.1   MM   MM    MM
2026 09 24 14 10 100  6.0  8.0   2.2    MM   7.2 291 1013.1  13.1  16.4  10.9   MM   MM    MM
2026 09 24 14 00 100  7.0  9.0    MM    MM    MM  MM 1013.1  13.2  16.4  11.3   MM -2.1    MM
2026 09 24 13 50 110  6.0  9.0   2.1    11   6.9 292 1013.3  13.2  16.4  11.1   MM   MM    MM
2026 09 24 13 40 110  7.0  8.0    MM    MM    MM  MM 1013.4  13.3  16.4  11.1   MM   MM    MM
2026 09 24 13 30 110  6.0  8.0    MM    MM    MM  MM 1013.5  13.5  16.4  11.7   MM   MM    MM
2026 09 24 13 20 110  6.0  9.0   2.4    11   7.4 303 1013.6    MM    MM    MM   MM   MM    MM
2026 09 24 13 10 110  7.0  9.0    MM    MM    MM  MM 1013.7  13.7  16.4  11.3   MM   MM    MM
2026 09 24 13 00 120  7.0  9.0    MM    MM    MM  MM 1013.7  13.8  16.4  11.7   MM -1.9    MM
2026 09 24 12 50 120  7.0  9.0   2.3    11   7.9 307 1013.8  13.7  16.4  11.8   MM   MM    MM
2026 09 24 12 40 120  6.0  8.0    MM    MM    MM  MM 1013.9  13.7  16.4  12.1   MM   MM    MM
2026 09 24 12 30 110  6.0  8.0    MM    MM    MM  MM 1014.1  13.7  16.4  11.7   MM   MM    MM
2026 09 24 12 20 130  5.0  8.0   2.5    11   8.2 300 1014.1  13.8  16.4  12.4   MM   MM    MM
2026 09 24 12 10 140  5.0  7.0   2.5    MM   8.2 300 1014.3  13.8  16.4  12.3   MM   MM    MM
2026 09 24 12 00 140  6.0  8.0    MM    MM    MM  MM 1014.4  13.8  16.4  12.2   MM -2.1    MM
2026 09 24 11 50 140  7.0  8.0   2.4    11   8.1 298 1014.5  13.7  16.4  12.2   MM   MM    MM
2026 09 24 11 40 150  6.0  8.0   2.4    MM   8.1 298 1014.6  13.7  16.4  12.5   MM   MM    MM
2026 09 24 11 30 150  6.0  8.0    MM    MM    MM  MM 1014.7  13.6  16.4  12.2   MM   MM    MM
2026 09 24 11 20 150  6.0  8.0   2.2    11   8.0 294 1014.8  13.6  16.4  12.0   MM   MM    MM
2026 09 24 11 10 150  6.0  7.0   2.2    MM   8.0 294 1014.9  13.5  16.4  12.0   MM   MM    MM
2026 09 24 11 00 140  8.0 10.0    MM    MM    MM  MM 1015.2  13.7  16.4  12.5   MM -1.6    MM
2026 09 24 10 50 140  6.0  9.0   2.2    11   8.1 288 1015.3  13.9  16.4  12.4   MM   MM    MM
2026 09 24 10 40 140  5.0  6.0   2.2    MM   8.1 288 1015.3  14.1  16.4  11.8   MM   MM    MM
2026 09 24 10 30 140  5.0  7.0    MM    MM    MM  MM 1015.4  14.2  16.4  11.4   MM   MM    MM
2026 09 24 10 20 140  6.0  7.0   2.4    11   8.6 303 1015.5  14.2  16.4  11.1   MM   MM    MM
2026 09 24 10 10 130  5.0  8.0   2.4    MM   8.6 303 1015.6  14.4  16.4  11.9   MM   MM    MM
2026 09 24 10 00 130  4.0  6.0    MM    MM    MM  MM 1015.6  14.5  16.4  11.5   MM -1.9    MM
2026 09 24 09 50 140  4.0  6.0   2.2    11   8.2 296 1015.8    MM  16.4    MM   MM   MM    MM
2026 09 24 09 40 140  5.0  7.0    MM    MM    MM  MM 1015.9  14.7  16.4  10.8   MM   MM    MM
2026 09 24 09 30 150  6.0  7.0    MM    MM    MM  MM 1016.1  14.9  16.4  10.9   MM   MM    MM
2026 09 24 09 20 150  6.0  7.0   2.1    10   8.3 303 1016.2  15.1  16.4  11.7   MM   MM    MM
2026 09 24 09 10 150  6.0  8.0    MM    MM    MM  MM 1016.3  15.3  16.4  12.2   MM   MM    MM
2026 09 24 09 00 160  5.0  6.0    MM    MM    MM  MM 1016.3  15.4  16.4  12.3   MM -1.7    MM
2026 09 24 08 50 160  5.0  7.0   2.6    11   8.9 300 1016.4  15.4  16.5  12.4   MM   MM    MM
2026 09 24 08 40 150  4.0  6.0    MM    MM    MM  MM 1016.5  15.4  16.4  12.3   MM   MM    MM
2026 09 24 08 30 150  4.0  6.0    MM    MM    MM  MM 1016.5  15.5  16.4  12.2   MM   MM    MM
2026 09 24 08 20 150  5.0  6.0   2.3    11   8.3 301 1016.5  15.6  16.4  12.5   MM   MM    MM
2026 09 24 08 10 140  5.0  6.0    MM    MM    MM  MM 1016.7  15.8  16.5  12.3   MM   MM    MM
2026 09 24 08 00 140  5.0  6.0    MM    MM    MM  MM 1016.8  15.8  16.5  12.3   MM -1.7    MM
2026 09 24 07 50 140  4.0  6.0   2.2    11   8.3 304 1016.9  15.8  16.5  12.3   MM   MM    MM
2026 09 24 07 40 130  4.0  6.0    MM    MM    MM  MM 1017.0  15.7  16.5  12.4   MM   MM    MM
2026 09 24 07 30 140  4.0  6.0    MM    MM    MM  MM 1017.2  15.7  16.5  12.4   MM   MM    MM
2026 09 24 07 20 140  4.0  6.0   2.4    11   8.5 297 1017.3    MM  16.5    MM   MM   MM    MM
2026 09 24 07 10 140  4.0  6.0    MM    MM    MM  MM 1017.4  15.7  16.5  12.2   MM   MM    MM
2026 09 24 07 00 140  5.0  6.0    MM    MM    MM  MM 1017.5  15.7  16.5  12.3   MM -1.4    MM
2026 09 24 06 50 140  5.0  7.0   2.3    11   8.4 298 1017.7    MM  16.5    MM   MM   MM    MM
2026 09 24 06 40 140  5.0  6.0    MM    MM    MM  MM 1017.7  15.8  16.5  12.4   MM   MM    MM
2026 09 24 06 30 140  5.0  7.0    MM    MM    MM  MM 1017.8  15.8  16.5  12.3   MM   MM    MM
2026 09 24 06 20 140  5.0  7.0   2.2    11   8.3 297 1017.9  15.8  16.5  12.4   MM   MM    MM
2026 09 24 06 10 160  4.0  6.0   2.2    MM   8.3 297 1018.0  15.3  16.5  12.5   MM   MM    MM
2026 09 24 06 00 180  4.0  5.0    MM    MM    MM  MM 1018.1  15.4  16.5  12.9   MM -0.9    MM
2026 09 24 05 50 140  5.0  6.0   2.4    10   8.3 297 1018.1    MM  16.5    MM   MM   MM    MM
2026 09 24 05 40 120  5.0  7.0    MM    MM    MM  MM 1018.1  15.6  16.5  12.4   MM   MM    MM
2026 09 24 05 30 140  4.0  6.0    MM    MM    MM  MM 1018.2  15.8  16.5  12.7   MM   MM    MM
2026 09 24 05 20 140  4.0  6.0   2.3    11   8.2 290 1018.2  15.8  16.5  12.8   MM   MM    MM
2026 09 24 05 10 150  4.0  5.0   2.3    MM   8.2 290 1018.4  15.7  16.5  12.8   MM   MM    MM
2026 09 24 05 00 150  4.0  5.0    MM    MM    MM  MM 1018.5  15.7  16.5  12.9   MM -0.8    MM
2026 09 24 04 50 140  4.0  5.0   2.4    11   8.0 309 1018.6  15.6  16.5  12.9   MM   MM    MM
2026 09 24 04 40 140  4.0  5.0    MM    MM    MM  MM 1018.6  15.5  16.5  12.9   MM   MM    MM
2026 09 24 04 30 150  3.0  5.0    MM    MM    MM  MM 1018.7  15.4  16.5  12.9   MM   MM    MM
2026 09 24 04 20 150  3.0  5.0   2.4    11   8.1 285 1018.8  15.4  16.5  13.0   MM   MM    MM
2026 09 24 04 10 140  4.0  5.0   2.4    MM   8.1 285 1018.8  15.5  16.6  12.9   MM   MM    MM
2026 09 24 04 00 140  4.0  6.0    MM    MM    MM  MM 1018.9  15.5  16.6  12.8   MM -0.9    MM
2026 09 24 03 50 140  4.0  6.0   2.4    11   7.8 292 1018.9  15.6  16.6  12.8   MM   MM    MM
2026 09 24 03 40 150  4.0  6.0    MM    MM    MM  MM 1018.9  15.5  16.6  12.8   MM   MM    MM
2026 09 24 03 30 150  5.0  6.0    MM    MM    MM  MM 1019.0  15.5  16.6  13.0   MM   MM    MM
2026 09 24 03 20 150  5.0  6.0   2.6    11   8.3 296 1018.9  15.6  16.6  13.0   MM   MM    MM
2026 09 24 03 10 150  4.0  6.0   2.6    MM   8.3 296 1018.9  15.8  16.6  12.7   MM   MM    MM
2026 09 24 03 00 150  3.0  4.0    MM    MM    MM  MM 1019.0  15.7  16.6  12.3   MM -1.3    MM
2026 09 24 02 50 150  3.0  4.0   2.6    11   8.5 295 1019.0  15.7  16.5  12.4   MM   MM    MM
2026 09 24 02 40 150  3.0  4.0   2.6    MM   8.5 295 1018.9  15.7  16.5  12.3   MM   MM    MM
2026 09 24 02 30 150  3.0  4.0    MM    MM    MM  MM 1018.9  15.7  16.6  12.4   MM   MM    MM
2026 09 24 02 20 170  3.0  4.0   2.3    11   8.0 288 1019.0  15.7  16.6  12.2   MM   MM    MM
2026 09 24 02 10 160  3.0  4.0   2.3    MM   8.0 288 1019.2  15.7  16.6  12.3   MM   MM    MM
2026 09 24 02 00 170  3.0  3.0    MM    MM    MM  MM 1019.3  15.7  16.6  12.1   MM -1.5    MM
2026 09 24 01 50 180  3.0  4.0   2.5    10   8.2 296 1019.4  15.7  16.6  12.1   MM   MM    MM
2026 09 24 01 40 180  3.0  4.0    MM    MM    MM  MM 1019.6  15.7  16.6  12.2   MM   MM    MM
2026 09 24 01 30 190  3.0  4.0    MM    MM    MM  MM 1019.7  15.7  16.6  12.2   MM   MM    MM
2026 09 24 01 20 190  3.0  4.0   2.4    11   8.0 298 1019.8  15.7  16.6  12.1   MM   MM    MM
2026 09 24 01 10 180  3.0  4.0   2.4    MM   8.0 298 1019.8  15.7  16.6  12.1   MM   MM    MM
2026 09 24 01 00 190  3.0  4.0    MM    MM    MM  MM 1019.8  15.8  16.6  12.3   MM -0.9    MM
2026 09 24 00 50 180  2.0  3.0   2.4    11   8.1 293 1019.9  15.8  16.6  12.1   MM   MM    MM
2026 09 24 00 40 180  3.0  4.0   2.4    MM   8.1 293 1019.9  15.8  16.6  12.0   MM   MM    MM
2026 09 24 00 30 200  3.0  4.0    MM    MM    MM  MM 1020.0  15.9  16.6  12.0   MM   MM    MM
2026 09 24 00 20 200  3.0  4.0   2.4    11   8.0 291 1020.0  16.0  16.6  12.0   MM   MM    MM
2026 09 24 00 10 190  3.0  4.0   2.4    MM   8.0 291 1020.2  16.0  16.6  12.0   MM   MM    MM
2026 09 24 00 00 210  3.0  4.0    MM    MM    MM  MM 1020.2  16.0  16.6  12.1   MM -0.6    MM
2026 09 23 23 50 210  3.0  4.0   2.5    11   8.4 294 1020.3  15.9  16.6  12.0   MM   MM    MM
2026 09 23 23 40 210  4.0  5.0   2.5    MM   8.4 294 1020.4  15.9  16.6  12.0   MM   MM    MM
2026 09 23 23 30 210  4.0  5.0    MM    MM    MM  MM 1020.5  15.9  16.6  11.9   MM   MM    MM
2026 09 23 23 20 210  4.0  5.0   2.6    11   8.5 298 1020.6  15.9  16.6  11.9   MM   MM    MM
2026 09 23 23 10 200  5.0  6.0    MM    MM    MM  MM 1020.6  15.9  16.6  12.0   MM   MM    MM
2026 09 23 23 00 210  5.0  6.0    MM    MM    MM  MM 1020.8  16.0  16.6  11.8   MM -0.4    MM
2026 09 23 22 50 200  5.0  6.0   2.7    11   8.8 294 1020.8  16.0  16.6  11.9   MM   MM    MM
2026 09 23 22 40 200  5.0  5.0   2.7    MM   8.8 294 1020.7  15.9  16.6  12.0   MM   MM    MM
2026 09 23 22 30 200  5.0  6.0    MM    MM    MM  MM 1020.7  15.9  16.6  12.0   MM   MM    MM
2026 09 23 22 20 200  4.0  5.0   2.5    11   8.4 291 1020.6  15.9  16.6  12.0   MM   MM    MM
2026 09 23 22 10 190  4.0  6.0   2.5    MM   8.4 291 1020.6  15.9  16.6  11.9   MM   MM    MM
2026 09 23 22 00 190  4.0  5.0    MM    MM    MM  MM 1020.6  15.9  16.6  11.8   MM -0.5    MM
2026 09 23 21 50 190  4.0  5.0   2.4    11   8.4 287 1020.6  15.8    MM  11.9   MM   MM    MM
2026 09 23 21 40 190  4.0  5.0   2.4    MM   8.4 287 1020.8  15.9  16.6  11.9   MM   MM    MM
2026 09 23 21 30 190  4.0  5.0    MM    MM    MM  MM 1020.8  15.8  16.6  11.7   MM   MM    MM
2026 09 23 21 20 190  3.0  4.0   2.8    11   8.8 300 1020.8    MM  16.6    MM   MM   MM    MM
2026 09 23 21 10 190  3.0  4.0    MM    MM    MM  MM 1020.8  15.8  16.6  11.8   MM   MM    MM
2026 09 23 21 00 190  4.0  5.0    MM    MM    MM  MM 1020.9  15.8  16.5  11.6   MM +0.0    MM
2026 09 23 20 50 200  3.0  4.0   2.4    11   8.3 298 1020.9  15.7  16.6  11.4   MM   MM    MM
2026 09 23 20 40 200  3.0  4.0   2.4    MM   8.3 298 1021.0  15.7  16.5  11.2   MM   MM    MM
2026 09 23 20 30 200  3.0  4.0    MM    MM    MM  MM 1021.0  15.8  16.5  11.6   MM   MM    MM
2026 09 23 20 20 190  3.0  4.0   2.9    11   8.9 293 1021.0  15.8  16.5  11.6   MM   MM    MM
2026 09 23 20 10 200  3.0  4.0   2.9    MM   8.9 293 1021.1  15.8  16.5  11.2   MM   MM    MM
2026 09 23 20 00 200  4.0  5.0    MM    MM    MM  MM 1021.1  15.7  16.5  10.9   MM +0.3    MM
2026 09 23 19 50 200  4.0  5.0   3.3    11   9.3 301 1021.2  15.7  16.5  11.2   MM   MM    MM
2026 09 23 19 40 210  4.0  5.0    MM    MM    MM  MM 1021.2  15.7  16.5  11.2   MM   MM    MM
2026 09 23 19 30 210  4.0  5.0   3.3    MM   9.3 301 1021.1  15.7  16.5  11.0   MM   MM    MM
2026 09 23 19 20 210  4.0  5.0   2.8    11   8.9 296 1021.2    MM  16.5    MM   MM   MM    MM
2026 09 23 19 10 210  3.0  5.0    MM    MM    MM  MM 1021.3  15.7  16.5  11.2   MM   MM    MM
2026 09 23 19 00 220  3.0  4.0    MM    MM    MM  MM 1021.2  15.7  16.4  10.9   MM +0.3    MM
2026 09 23 18 50 200  3.0  4.0   2.9    12   9.0 300 1021.2  15.7  16.4  11.0   MM   MM    MM
2026 09 23 18 40 200  4.0  4.0   2.9    MM   9.0 300 1021.1  15.7  16.4  10.9   MM   MM    MM
2026 09 23 18 30 210  4.0  5.0    MM    MM    MM  MM 1021.3  15.7  16.4  11.0   MM   MM    MM
2026 09 23 18 20 210  4.0  4.0   2.8    11   9.0 300 1021.3  15.7  16.4  11.0   MM   MM    MM
2026 09 23 18 10 220  3.0  4.0   2.8    MM   9.0 300 1021.2  15.7  16.4  10.9   MM   MM    MM
2026 09 23 18 00 210  3.0  4.0    MM    MM    MM  MM 1021.1  15.7  16.4  10.7   MM +0.6    MM
2026 09 23 17 50 210  4.0  4.0   3.1    12   9.0 297 1021.1    MM  16.4    MM   MM   MM    MM
2026 09 23 17 40 210  4.0  5.0    MM    MM    MM  MM 1021.0  15.7  16.4  10.9   MM   MM    MM
2026 09 23 17 30 220  4.0  5.0    MM    MM    MM  MM 1021.1  15.7  16.4  11.0   MM   MM    MM
2026 09 23 17 20 220  4.0  5.0   3.0    11   8.9 301 1021.1  15.7  16.4  11.2   MM   MM    MM
2026 09 23 17 10 210  4.0  5.0   3.0    MM   8.9 301 1021.0  15.7  16.4  11.1   MM   MM    MM
2026 09 23 17 00 210  2.0  4.0    MM    MM    MM  MM 1020.9  15.7  16.4  11.2   MM +0.6    MM
2026 09 23 16 50 200  2.0  3.0   2.6    11   8.7 301 1020.9  15.7  16.4  11.4   MM   MM    MM
2026 09 23 16 40 220  2.0  2.0   2.6    MM   8.7 301 1020.9  15.6  16.4  11.5   MM   MM    MM
2026 09 23 16 30 230  2.0  3.0    MM    MM    MM  MM 1020.9  15.5  16.4  11.3   MM   MM    MM
2026 09 23 16 20 230  2.0  4.0   2.9    11   8.7 296 1021.0    MM  16.4    MM   MM   MM    MM
2026 09 23 16 10 240  2.0  4.0    MM    MM    MM  MM 1020.9  15.4  16.4  11.2   MM   MM    MM
2026 09 23 16 00 240  3.0  4.0    MM    MM    MM  MM 1020.9  15.5  16.4  11.3   MM +0.5    MM
2026 09 23 15 50 240  3.0  4.0   2.8    11   8.5 291 1021.0  15.4  16.4  11.4   MM   MM    MM
2026 09 23 15 40 240  3.0  4.0    MM    MM    MM  MM 1020.8  15.3  16.4  11.3   MM   MM    MM
2026 09 23 15 30 240  3.0  4.0    MM    MM    MM  MM 1020.7  15.3  16.4  11.3   MM   MM    MM
2026 09 23 15 20 240  3.0  4.0   3.0    11   8.9 295 1020.7  15.2  16.4  11.1   MM   MM    MM
2026 09 23 15 10 240  3.0  4.0   3.0    MM   8.9 295 1020.5  15.2  16.4  11.0   MM   MM    MM
2026 09 23 15 00 250  3.0  4.0    MM    MM    MM  MM 1020.6  15.2  16.4  11.2   MM +0.0    MM
2026 09 23 14 50 260  3.0  4.0   2.8    MM   8.6 298 1020.6    MM  16.4    MM   MM   MM    MM
2026 09 23 14 40 250  4.0  5.0   2.8    MM   8.6 298 1020.6  15.2  16.4  11.2   MM   MM    MM
2026 09 23 14 30 240  4.0  5.0    MM    MM    MM  MM 1020.5  15.1  16.3  11.1   MM   MM    MM
2026 09 23 14 20 240  3.0  5.0   2.7    11   8.6 305 1020.5  15.1  16.4  11.3   MM   MM    MM
2026 09 23 14 10 240  3.0  4.0   2.7    MM   8.6 305 1020.4  15.1  16.4  11.4   MM   MM    MM
2026 09 23 14 00 240  3.0  5.0    MM    MM    MM  MM 1020.3  15.0  16.4  11.3   MM +0.0    MM
2026 09 23 13 50 240  3.0  4.0   2.8    11   8.7 295 1020.3  15.1    MM  11.2   MM   MM    MM
2026 09 23 13 40 230  3.0  4.0   2.8    MM   8.7 295 1020.4  15.0  16.4  11.4   MM   MM    MM
2026 09 23 13 30 240  3.0  4.0    MM    MM    MM  MM 1020.4  15.0  16.4  11.4   MM   MM    MM
2026 09 23 13 20 240  3.0  4.0   2.7    11   8.3 285 1020.5  15.0    MM  11.4   MM   MM    MM
2026 09 23 13 10 240  3.0  4.0   2.7    MM   8.3 285 1020.4  15.0  16.4  11.4   MM   MM    MM
2026 09 23 13 00 240  3.0  5.0    MM    MM    MM  MM 1020.4  15.0  16.4  11.3   MM +0.0    MM
2026 09 23 12 50 240  4.0  5.0   2.3    11   8.0 293 1020.4  15.0    MM  11.3   MM   MM    MM
2026 09 23 12 40 240  4.0  5.0   2.3    MM   8.0 293 1020.5  15.0  16.4  11.4   MM   MM    MM
2026 09 23 12 30 240  4.0  5.0    MM    MM    MM  MM 1020.4  14.9  16.4  11.4   MM   MM    MM
2026 09 23 12 20 240  4.0  5.0   2.6    11   8.2 288 1020.4  15.0  16.4  11.6   MM   MM    MM
2026 09 23 12 10 230  4.0  5.0   2.6    MM   8.2 288 1020.3  14.9  16.4  11.3   MM   MM    MM
2026 09 23 12 00 230  4.0  5.0    MM    MM    MM  MM 1020.3  14.9  16.4  11.3   MM +0.0    MM
2026 09 23 11 50 240  3.0  5.0   2.8    11   8.4 282 1020.3  14.9  16.4  11.3   MM   MM    MM
2026 09 23 11 40 230  4.0  5.0   2.8    MM   8.4 282 1020.2  14.9  16.4  11.2   MM   MM    MM
2026 09 23 11 30 220  4.0  5.0    MM    MM    MM  MM 1020.2  14.8  16.4  11.5   MM   MM    MM
2026 09 23 11 20 220  3.0  4.0   2.5    11   8.0 286 1020.4  14.9  16.4  11.6   MM   MM    MM
2026 09 23 11 10 230  4.0  5.0   2.5    MM   8.0 286 1020.4  14.8  16.4  11.3   MM   MM    MM
2026 09 23 11 00 220  4.0  5.0    MM    MM    MM  MM 1020.5  14.8  16.4  11.4   MM +0.0    MM
2026 09 23 10 50 220  4.0  5.0   2.6    11   8.1 288 1020.5  14.8  16.4  11.4   MM   MM    MM
2026 09 23 10 40 220  4.0  5.0    MM    MM    MM  MM 1020.6  14.8  16.4  11.4   MM   MM    MM
2026 09 23 10 30 230  4.0  5.0    MM    MM    MM  MM 1020.5  14.8  16.4  11.6   MM   MM    MM
2026 09 23 10 20 220  4.0  5.0   2.5    11   7.9 290 1020.4  14.9  16.4  11.7   MM   MM    MM
2026 09 23 10 10 240  4.0  5.0    MM    MM    MM  MM 1020.5  15.0  16.4  10.9   MM   MM    MM
2026 09 23 10 00 240  4.0  5.0    MM    MM    MM  MM 1020.4  15.0  16.4  10.8   MM +0.0    MM
2026 09 23 09 50 250  5.0  6.0   2.3    11   7.6 286 1020.5  15.0    MM  10.9   MM   MM    MM
2026 09 23 09 40 260  5.0  6.0    MM    MM    MM  MM 1020.5  15.1  16.4  10.4   MM   MM    MM
2026 09 23 09 30 260  5.0  5.0    MM    MM    MM  MM 1020.5  15.1  16.4  10.7   MM   MM    MM
2026 09 23 09 20 260  4.0  5.0   2.6    10   7.9 284 1020.4  15.0  16.4  11.3   MM   MM    MM
2026 09 23 09 10 270  5.0  6.0    MM    MM    MM  MM 1020.4  15.1  16.4  11.3   MM   MM    MM
2026 09 23 09 00 260  5.0  7.0    MM    MM    MM  MM 1020.4  15.0  16.4  11.3   MM +0.0    MM
2026 09 23 08 50 260  5.0  7.0   2.6    12   7.8 285 1020.4  15.1  16.4  11.3   MM   MM    MM
2026 09 23 08 40 260  4.0  5.0   2.6    MM   7.8 285 1020.5  15.3  16.4  10.5   MM   MM    MM
2026 09 23 08 30 270  4.0  6.0    MM    MM    MM  MM 1020.4  15.3  16.4  10.3   MM   MM    MM
2026 09 23 08 20 260  4.0  5.0   2.6    12   7.8 283 1020.4  15.3  16.4  10.5   MM   MM    MM
2026 09 23 08 10 250  4.0  5.0    MM    MM    MM  MM 1020.3  15.3    MM  10.3   MM   MM    MM
2026 09 23 08 00 250  4.0  6.0    MM    MM    MM  MM 1020.3  15.3  16.4  10.5   MM +0.0    MM
2026 09 23 07 50 260  4.0  5.0   2.6    11   7.6 293 1020.2  15.3  16.4  10.6   MM   MM    MM
2026 09 23 07 40 270  3.0  6.0   2.6    MM   7.6 293 1020.2  15.2  16.4  10.8   MM   MM    MM
2026 09 23 07 30 270  3.0  4.0    MM    MM    MM  MM 1020.2  15.3  16.4  11.0   MM   MM    MM
2026 09 23 07 20 250  3.0  4.0   2.6    11   7.8 289 1020.2  15.3  16.4  11.0   MM   MM    MM
2026 09 23 07 10 260  3.0  4.0   2.6    MM   7.8 289 1020.3  15.2  16.4  10.9   MM   MM    MM
2026 09 23 07 00 250  3.0  4.0    MM    MM    MM  MM 1020.3  15.2  16.4  10.7   MM +0.4    MM
2026 09 23 06 50 270  3.0  4.0   2.5    11   7.8 287 1020.3    MM  16.4    MM   MM   MM    MM
2026 09 23 06 40 260  3.0  4.0    MM    MM    MM  MM 1020.4  15.2  16.4  10.7   MM   MM    MM
2026 09 23 06 30 270  3.0  4.0    MM    MM    MM  MM 1020.4  15.3  16.4  10.7   MM   MM    MM
2026 09 23 06 20 270  3.0  4.0   2.8    11   7.8 292 1020.3  15.3  16.4  10.6   MM   MM    MM
2026 09 23 06 10 280  2.0  4.0   2.8    MM   7.8 292 1020.4  15.2  16.4  10.6   MM   MM    MM
2026 09 23 06 00 270  3.0  4.0    MM    MM    MM  MM 1020.2  15.3  16.4  10.7   MM +0.8    MM
2026 09 23 05 50 270  3.0  4.0   2.4    11   7.7 286 1020.3  15.3  16.4  10.9   MM   MM    MM
2026 09 23 05 40 270  3.0  4.0   2.4    MM   7.7 286 1020.2  15.3  16.4  10.9   MM   MM    MM
2026 09 23 05 30 260  3.0  5.0    MM    MM    MM  MM 1020.2  15.3  16.4  11.2   MM   MM    MM
2026 09 23 05 20 270  4.0  5.0   2.6    11   7.8 280 1020.3  15.3  16.4  11.1   MM   MM    MM
2026 09 23 05 10 270  4.0  5.0   2.6    MM   7.8 280 1020.2  15.3  16.4  10.7   MM   MM    MM
2026 09 23 05 00 270  4.0  5.0    MM    MM    MM  MM 1020.2  15.3  16.4  10.8   MM +0.9    MM
2026 09 23 04 50 280  4.0  5.0   2.6    11   8.0 287 1020.1  15.3  16.4  10.7   MM   MM    MM
2026 09 23 04 40 270  4.0  5.0   2.6    MM   8.0 287 1020.1  15.4  16.4  10.7   MM   MM    MM
2026 09 23 04 30 280  4.0  5.0    MM    MM    MM  MM 1020.1  15.3  16.4  10.5   MM   MM    MM
2026 09 23 04 20 290  4.0  5.0   2.7    12   8.1 278 1020.0  15.4  16.4  10.7   MM   MM    MM
2026 09 23 04 10 280  4.0  5.0   2.7    MM   8.1 278 1020.0  15.4  16.4  10.5   MM   MM    MM
2026 09 23 04 00 280  4.0  6.0    MM    MM    MM  MM 1019.8  15.4  16.4  10.7   MM +0.8    MM
2026 09 23 03 50 290  4.0  5.0   2.6    12   7.9 288 1019.8  15.4  16.4  10.7   MM   MM    MM
2026 09 23 03 40 290  4.0  6.0   2.6    MM   7.9 288 1019.8  15.4  16.4  10.7   MM   MM    MM
2026 09 23 03 30 290  5.0  6.0    MM    MM    MM  MM 1019.7  15.4  16.4  10.7   MM   MM    MM
2026 09 23 03 20 290  4.0  6.0   2.6    11   7.8 293 1019.7  15.4  16.4  11.2   MM   MM    MM
2026 09 23 03 10 300  4.0  6.0   2.6    MM   7.8 293 1019.6  15.4  16.4  10.9   MM   MM    MM
2026 09 23 03 00 290  5.0  6.0    MM    MM    MM  MM 1019.5  15.4  16.4  11.0   MM +0.4    MM
2026 09 23 02 50 290  5.0  6.0   2.5    12   7.7 293 1019.5  15.5    MM  10.9   MM   MM    MM
2026 09 23 02 40 290  5.0  7.0   2.5    MM   7.7 293 1019.3  15.5  16.4  10.7   MM   MM    MM
2026 09 23 02 30 290  5.0  7.0    MM    MM    MM  MM 1019.3  15.6  16.5  10.9   MM   MM    MM
2026 09 23 02 20 290  5.0  7.0   2.6    11   8.0 286 1019.3  15.6  16.5  11.0   MM   MM    MM
2026 09 23 02 10 290  5.0  7.0   2.6    MM   8.0 286 1019.3  15.7  16.5  11.4   MM   MM    MM
2026 09 23 02 00 290  6.0  7.0    MM    MM    MM  MM 1019.3  15.8    MM  11.2   MM +0.5    MM
2026 09 23 01 50 290  6.0  7.0   2.2    11   7.4 289 1019.2  15.8  16.5  10.8   MM   MM    MM
2026 09 23 01 40 290  6.0  7.0   2.2    MM   7.4 289 1019.2  15.8  16.5  11.2   MM   MM    MM
2026 09 23 01 30 290  6.0  7.0    MM    MM    MM  MM 1019.2  15.8  16.5  11.0   MM   MM    MM
2026 09 23 01 20 290  6.0  7.0   2.3    11   7.4 288 1019.2  15.9  16.5  11.1   MM   MM    MM
2026 09 23 01 10 290  5.0  7.0   2.3    MM   7.4 288 1019.1  15.9  16.5  11.4   MM   MM    MM
2026 09 23 01 00 290  6.0  7.0    MM    MM    MM  MM 1019.1  15.9  16.5  11.9   MM +0.5    MM
2026 09 23 00 50 290  5.0  7.0   2.2    11   7.4 294 1019.0  16.0    MM  12.3   MM   MM    MM
2026 09 23 00 40 290  6.0  7.0    MM    MM    MM  MM 1019.0  15.9  16.5  11.7   MM   MM    MM
2026 09 23 00 30 280  5.0  7.0    MM    MM    MM  MM 1018.9  15.9  16.5  12.0   MM   MM    MM
2026 09 23 00 20 290  5.0  7.0   2.1    11   7.3 292 1019.0  16.0  16.5  12.2   MM   MM    MM
2026 09 23 00 10 290  6.0  7.0   2.1    MM   7.3 292 1019.0  15.9  16.5  11.8   MM   MM    MM
2026 09 23 00 00 290  6.0  7.0    MM    MM    MM  MM 1019.0  16.0  16.5  12.0   MM +0.7    MM
2026 09 22 23 50 290  5.0  6.0   2.3    MM   7.4 284 1018.9    MM  16.5    MM   MM   MM    MM
2026 09 22 23 40 290  6.0  7.0    MM    MM    MM  MM 1018.9  16.0  16.5  11.6   MM   MM    MM
2026 09 22 23 30 290  6.0  7.0   2.3    MM   7.4 284 1018.9  16.0  16.5  11.3   MM   MM    MM
2026 09 22 23 20 290  6.0  8.0   2.1    MM   6.9 304 1018.6  16.0    MM  11.6   MM   MM    MM
2026 09 22 23 10 290  6.0  7.0    MM    MM    MM  MM 1018.9  15.9  16.5  11.8   MM   MM    MM
2026 09 22 23 00 290  6.0  7.0    MM    MM    MM  MM 1018.8  15.9    MM  11.8   MM +0.7    MM
2026 09 22 22 50 290  6.0  7.0   2.0    12   6.7 283 1018.7  16.0  16.5  12.2   MM   MM    MM
2026 09 22 22 40 300  6.0  8.0    MM    MM    MM  MM 1018.7  15.9  16.5  11.6   MM   MM    MM
2026 09 22 22 30 300  7.0  8.0    MM    MM    MM  MM 1018.7  16.0  16.5  11.2   MM   MM    MM
2026 09 22 22 20 300  6.0  8.0   2.2    11   7.1 295 1018.6  16.0  16.5  11.8   MM   MM    MM
2026 09 22 22 10 290  6.0  7.0   2.2    MM   7.1 295 1018.6  16.0  16.5  12.3   MM   MM    MM
2026 09 22 22 00 290  6.0  7.0    MM    MM    MM  MM 1018.7  16.0  16.5  12.3   MM +1.0    MM
2026 09 22 21 50 300  6.0  7.0   2.1    12   6.8 288 1018.6  16.0  16.5  12.4   MM   MM    MM
2026 09 22 21 40 300  6.0  7.0   2.1    MM   6.8 288 1018.6  16.0  16.5  12.2   MM   MM    MM
2026 09 22 21 30 290  6.0  8.0    MM    MM    MM  MM 1018.5  16.0  16.4  12.0   MM   MM    MM
2026 09 22 21 20 290  7.0  8.0   2.2    11   6.7 287 1018.5  16.0  16.5  12.2   MM   MM    MM
2026 09 22 21 10 290  6.0  8.0   2.2    MM   6.7 287 1018.5  16.0  16.4  12.2   MM   MM    MM
2026 09 22 21 00 290  7.0  8.0    MM    MM    MM  MM 1018.5  16.0  16.4  12.3   MM +1.4    MM
2026 09 22 20 50 290  7.0  8.0   2.1    12   6.5 284 1018.5  16.0  16.4  12.5   MM   MM    MM
2026 09 22 20 40 290  7.0  9.0   2.1    MM   6.5 284 1018.5  16.0  16.4  12.4   MM   MM    MM
2026 09 22 20 30 290  7.0  8.0    MM    MM    MM  MM 1018.4  16.0  16.4  12.5   MM   MM    MM
2026 09 22 20 20 290  7.0  9.0   2.2    12   6.7 294 1018.3  15.9  16.4  12.4   MM   MM    MM
2026 09 22 20 10 290  7.0  9.0    MM    MM    MM  MM 1018.2  16.0  16.4  12.5   MM   MM    MM
2026 09 22 20 00 300  8.0  9.0   2.2    MM   6.7 294 1018.1  16.0  16.4  12.4   MM +1.5    MM
2026 09 22 19 50 300  7.0  9.0   2.1    11   6.4 278 1018.0  16.1  16.4  12.4   MM   MM    MM
2026 09 22 19 40 300  7.0  9.0   2.1    MM   6.4 278 1018.0  16.1  16.4  12.7   MM   MM    MM
2026 09 22 19 30 290  7.0  9.0    MM    MM    MM  MM 1018.0  16.1  16.4  13.2   MM   MM    MM
2026 09 22 19 20 290  7.0  8.0   2.3    11   6.5 281 1017.7  16.1  16.4  13.6   MM   MM    MM
2026 09 22 19 10 290  7.0  9.0    MM    MM    MM  MM 1017.7  16.1  16.4  13.5   MM   MM    MM
2026 09 22 19 00 290  7.0  9.0    MM    MM    MM  MM 1017.6  16.1  16.4  13.5   MM +1.5    MM
2026 09 22 18 50 290  6.0  8.0   2.2    11   6.4 280 1017.6  16.2  16.4  13.5   MM   MM    MM
2026 09 22 18 40 290  6.0  8.0    MM    MM    MM  MM 1017.5  16.1  16.4  13.7   MM   MM    MM
2026 09 22 18 30 280  7.0  8.0    MM    MM    MM  MM 1017.3  15.9  16.4  14.4   MM   MM    MM
2026 09 22 18 20 270  7.0  8.0   2.4    11   6.9 292 1017.1  15.9    MM  14.6   MM   MM    MM
2026 09 22 18 10 270  7.0  9.0   2.4    MM   6.9 292 1017.0  15.9  16.4  14.6   MM   MM    MM
2026 09 22 18 00 270  7.0  9.0    MM    MM    MM  MM 1017.0  15.9  16.4  14.7   MM +0.4    MM
2026 09 22 17 50 270  7.0  9.0   2.4    11   6.8 286 1017.0  15.8  16.4  14.6   MM   MM    MM
2026 09 22 17 40 270  7.0  9.0   2.4    MM   6.8 286 1016.9  15.7  16.4  14.4   MM   MM    MM
2026 09 22 17 30 270  7.0  9.0    MM    MM    MM  MM 1016.8  15.6  16.4  14.2   MM   MM    MM
2026 09 22 17 20 270  7.0  9.0   2.4    11   6.8 275 1016.7  15.5  16.4  14.0   MM   MM    MM
2026 09 22 17 10 270  6.0  7.0   2.4    MM   6.8 275 1016.7  15.0  16.4  13.5   MM   MM    MM
2026 09 22 17 00 270  5.0  7.0    MM    MM    MM  MM 1016.5  14.6  16.4  13.3   MM -0.3    MM
2026 09 22 16 50 270  5.0  6.0   2.5    11   6.7 283 1016.4  14.1    MM  13.3   MM   MM    MM
2026 09 22 16 40 260  5.0  7.0   2.5    MM   6.7 283 1016.4  13.8  16.4  13.1   MM   MM    MM
2026 09 22 16 30 270  7.0 13.0    MM    MM    MM  MM 1016.7  13.9  16.4  13.0   MM   MM    MM
2026 09 22 16 20 210 10.0 13.0   2.4    MM   6.7 285 1016.6    MM  16.4    MM   MM   MM    MM
2026 09 22 16 10 200 10.0 13.0   2.4    MM   6.7 285 1016.2  16.4  16.4  15.2   MM   MM    MM
2026 09 22 16 00 200 10.0 13.0    MM    MM    MM  MM 1016.1  16.4  16.4  15.3   MM -1.3    MM
2026 09 22 15 50 200 10.0 12.0   2.6    11   7.0 292 1016.3  16.3  16.4  15.1   MM   MM    MM
2026 09 22 15 40 200  9.0 11.0   2.6    MM   7.0 292 1016.4  16.3  16.4  15.0   MM   MM    MM
2026 09 22 15 30 200  9.0 11.0    MM    MM    MM  MM 1016.5  16.3  16.4  14.9   MM   MM    MM
2026 09 22 15 20 200  9.0 10.0   2.7    12   7.4 277 1016.5  16.3  16.4  14.9   MM   MM    MM
2026 09 22 15 10 200  9.0 10.0   2.7    MM   7.4 277 1016.6  16.3  16.4  14.8   MM   MM    MM
2026 09 22 15 00 200  9.0 11.0    MM    MM    MM  MM 1016.6  16.3  16.4  14.8   MM -1.4    MM
2026 09 22 14 50 200  8.0 10.0   2.4    11   6.9 288 1016.7  16.3  16.4  14.7   MM   MM    MM
2026 09 22 14 40 200  9.0 11.0   2.4    MM   6.9 288 1016.8  16.2  16.4  14.5   MM   MM    MM
2026 09 22 14 30 210  8.0 10.0    MM    MM    MM  MM 1016.8  16.2  16.4  14.6   MM   MM    MM
2026 09 22 14 20 210  8.0 11.0   2.5    11   7.4 279 1017.0  16.2  16.4  14.5   MM   MM    MM
2026 09 22 14 10 210  8.0 10.0   2.5    MM   7.4 279 1016.9  16.1  16.4  14.3   MM   MM    MM
2026 09 22 14 00 210  8.0 10.0    MM    MM    MM  MM 1016.9  16.1  16.4  14.3   MM -1.6    MM
2026 09 22 13 50 210  8.0 10.0   2.4    MM   7.3 286 1017.1    MM  16.5    MM   MM   MM    MM
2026 09 22 13 40 210  8.0 11.0   2.4    MM   7.3 286 1017.1  16.1  16.5  14.3   MM   MM    MM
2026 09 22 13 30 210  9.0 10.0    MM    MM    MM  MM 1017.1  16.1  16.5  14.2   MM   MM    MM
2026 09 22 13 20 210  8.0 11.0   2.5    12   7.5 279 1017.3  16.1  16.5  14.2   MM   MM    MM
2026 09 22 13 10 210  8.0 10.0   2.5    MM   7.5 279 1017.4  16.1  16.5  14.1   MM   MM    MM
2026 09 22 13 00 210  8.0 10.0    MM    MM    MM  MM 1017.4  16.1  16.5  14.0   MM -1.4    MM
2026 09 22 12 50 210  8.0 10.0   2.7    11   7.9 289 1017.5  16.1  16.5  13.9   MM   MM    MM
2026 09 22 12 40 210  8.0  9.0    MM    MM    MM  MM 1017.7  16.1  16.5  13.9   MM   MM    MM
2026 09 22 12 30 210  7.0  9.0    MM    MM    MM  MM 1017.8  16.0  16.5  13.9   MM   MM    MM
2026 09 22 12 20 210  7.0  8.0   2.4    12   7.8 284 1017.8  16.0  16.5  14.0   MM   MM    MM
2026 09 22 12 10 210  7.0  9.0   2.4    MM   7.8 284 1017.8  16.0  16.5  13.9   MM   MM    MM
2026 09 22 12 00 210  7.0  9.0    MM    MM    MM  MM 1017.9  16.0  16.5  13.8   MM -1.3    MM
2026 09 22 11 50 210  8.0  9.0   2.4    11   7.8 284 1018.0  16.0    MM  13.8   MM   MM    MM
2026 09 22 11 40 220  7.0  9.0   2.4    MM   7.8 284 1018.1  16.0  16.5  13.9   MM   MM    MM
2026 09 22 11 30 220  8.0  9.0    MM    MM    MM  MM 1018.2  16.0  16.5  13.9   MM   MM    MM
2026 09 22 11 20 210  8.0  9.0   2.5    12   8.0 281 1018.3  16.0  16.5  13.8   MM   MM    MM
2026 09 22 11 10 210  7.0  9.0   2.5    MM   8.0 281 1018.4  16.0  16.5  14.0   MM   MM    MM
2026 09 22 11 00 210  7.0  8.0    MM    MM    MM  MM 1018.5  16.0  16.5  14.0   MM -1.0    MM
2026 09 22 10 50 210  7.0  8.0   2.4    12   8.2 286 1018.5    MM  16.5    MM   MM   MM    MM
2026 09 22 10 40 210  7.0  8.0    MM    MM    MM  MM 1018.6  15.9  16.5  13.6   MM   MM    MM
2026 09 22 10 30 210  7.0  8.0    MM    MM    MM  MM 1018.7  15.9  16.5  13.8   MM   MM    MM
2026 09 22 10 20 210  7.0  8.0   2.1    12   7.9 294 1018.7  15.9  16.5  13.9   MM   MM    MM
2026 09 22 10 10 210  6.0  8.0   2.1    MM   7.9 294 1018.8  16.0  16.5  13.9   MM   MM    MM
2026 09 22 10 00 210  6.0  8.0    MM    MM    MM  MM 1018.8  15.9  16.5  13.9   MM -1.0    MM
2026 09 22 09 50 210  6.0  7.0   2.5    12   8.4 280 1018.9  16.0  16.5  14.0   MM   MM    MM
2026 09 22 09 40 210  6.0  7.0    MM    MM    MM  MM 1019.0  15.9  16.5  13.8   MM   MM    MM
2026 09 22 09 30 210  6.0  7.0    MM    MM    MM  MM 1019.1  16.0  16.5  14.0   MM   MM    MM
2026 09 22 09 20 220  6.0  8.0   2.4    MM   8.5 288 1018.8  16.0    MM  13.9   MM   MM    MM
2026 09 22 09 10 210  6.0  7.0    MM    MM    MM  MM 1019.3  15.9  16.5  13.8   MM   MM    MM
2026 09 22 09 00 210  6.0  7.0    MM    MM    MM  MM 1019.3  15.9  16.5  13.8   MM -0.7    MM
2026 09 22 08 50 210  6.0  7.0   2.2    11   8.0 292 1019.3  16.0  16.5  14.0   MM   MM    MM
2026 09 22 08 40 210  6.0  7.0    MM    MM    MM  MM 1019.4  16.0  16.5  14.0   MM   MM    MM
2026 09 22 08 30 220  6.0  7.0    MM    MM    MM  MM 1019.5  16.0  16.5  14.0   MM   MM    MM
2026 09 22 08 20 220  6.0  7.0   2.5    12   8.5 277 1019.6  16.0  16.5  14.1   MM   MM    MM
2026 09 22 08 10 220  6.0  7.0    MM    MM    MM  MM 1019.5  15.9  16.5  14.0   MM   MM    MM
2026 09 22 08 00 220  6.0  7.0    MM    MM    MM  MM 1019.5  16.0  16.5  14.2   MM -0.7    MM
2026 09 22 07 50 220  5.0  6.0   2.6    12   8.8 278 1019.6    MM  16.5    MM   MM   MM    MM
2026 09 22 07 40 220  5.0  6.0    MM    MM    MM  MM 1019.5  15.9  16.5  14.1   MM   MM    MM
2026 09 22 07 30 220  5.0  6.0    MM    MM    MM  MM 1019.4  16.0  16.5  14.2   MM   MM    MM
2026 09 22 07 20 220  5.0  6.0   2.3    11   8.3 288 1019.6  16.0  16.5  14.2   MM   MM    MM
2026 09 22 07 10 210  5.0  6.0   2.3    MM   8.3 288 1019.6  16.0  16.5  14.2   MM   MM    MM
2026 09 22 07 00 210  4.0  5.0    MM    MM    MM  MM 1019.7  15.9  16.6  14.1   MM +0.0    MM
2026 09 22 06 50 220  3.0  4.0   2.5    12   8.6 281 1019.7  15.9  16.6  13.9   MM   MM    MM
2026 09 22 06 40 220  4.0  4.0   2.5    MM   8.6 281 1019.7  15.8  16.6  13.6   MM   MM    MM
2026 09 22 06 30 230  4.0  4.0    MM    MM    MM  MM 1019.8  15.9  16.6  13.6   MM   MM    MM
2026 09 22 06 20 230  4.0  5.0   2.6    12   8.7 287 1019.8  15.8    MM  13.0   MM   MM    MM
2026 09 22 06 10 220  5.0  6.0   2.6    MM   8.7 287 1019.9  15.7  16.6  13.2   MM   MM    MM
2026 09 22 06 00 240  4.0  5.0    MM    MM    MM  MM 1019.9  16.1  16.6  13.8   MM +0.5    MM
2026 09 22 05 50 250  4.0  5.0   2.2    12   8.2 283 1020.0  16.1  16.6  13.6   MM   MM    MM
2026 09 22 05 40 250  4.0  5.0    MM    MM    MM  MM 1019.9  16.1  16.6  13.6   MM   MM    MM
2026 09 22 05 30 250  4.0  5.0    MM    MM    MM  MM 1020.0  16.1  16.6  13.8   MM   MM    MM
2026 09 22 05 20 250  4.0  5.0   2.3    12   8.1 288 1020.0  16.1  16.6  13.9   MM   MM    MM
2026 09 22 05 10 250  4.0  5.0   2.3    MM   8.1 288 1020.1  16.1  16.6  14.0   MM   MM    MM
2026 09 22 05 00 250  4.0  5.0    MM    MM    MM  MM 1020.1  16.1  16.6  14.1   MM +0.7    MM
2026 09 22 04 50 250  4.0  5.0   2.6    12   8.7 299 1020.0  16.1  16.6  14.2   MM   MM    MM
2026 09 22 04 40 250  4.0  5.0   2.6    MM   8.7 299 1020.0  16.1  16.6  14.2   MM   MM    MM
2026 09 22 04 30 250  4.0  5.0    MM    MM    MM  MM 1019.9  16.1  16.6  14.2   MM   MM    MM
2026 09 22 04 20 250  4.0  5.0   2.4    12   8.1 279 1019.9  16.1  16.6  14.1   MM   MM    MM
2026 09 22 04 10 250  3.0  5.0   2.4    MM   8.1 279 1019.8  16.1  16.6  14.0   MM   MM    MM
2026 09 22 04 00 260  3.0  4.0    MM    MM    MM  MM 1019.7  16.1  16.6  13.9   MM +0.3    MM
2026 09 22 03 50 260  3.0  5.0   2.3    11   7.9 297 1019.6  16.1  16.6  13.9   MM   MM    MM
2026 09 22 03 40 270  3.0  4.0   2.3    MM   7.9 297 1019.6  16.2  16.6  14.0   MM   MM    MM
2026 09 22 03 30 270  4.0  6.0    MM    MM    MM  MM 1019.6  16.2  16.6  13.8   MM   MM    MM
2026 09 22 03 20 270  4.0  6.0   2.3    11   7.9 282 1019.6  16.2  16.6  13.9   MM   MM    MM
2026 09 22 03 10 270  4.0  6.0   2.3    MM   7.9 282 1019.7  16.2  16.6  13.9   MM   MM    MM
2026 09 22 03 00 280  5.0  6.0    MM    MM    MM  MM 1019.5  16.2  16.6  13.8   MM +0.0    MM
2026 09 22 02 50 280  5.0  6.0   2.5    11   8.0 283 1019.5  16.2  16.6  14.0   MM   MM    MM
2026 09 22 02 40 280  5.0  6.0    MM    MM    MM  MM 1019.5  16.2  16.6  14.0   MM   MM    MM
2026 09 22 02 30 280  5.0  6.0    MM    MM    MM  MM 1019.6  16.3  16.6  14.2   MM   MM    MM
2026 09 22 02 20 280  5.0  6.0   2.3    13   8.2 286 1019.5  16.3  16.6  14.1   MM   MM    MM
2026 09 22 02 10 280  5.0  7.0   2.3    MM   8.2 286 1019.5  16.3  16.6  14.2   MM   MM    MM
2026 09 22 02 00 280  5.0  7.0    MM    MM    MM  MM 1019.4  16.3  16.6  14.2   MM +0.0    MM
2026 09 22 01 50 280  5.0  7.0   2.6    12   9.0 287 1019.4  16.3  16.6  14.1   MM   MM    MM
2026 09 22 01 40 280  5.0  7.0   2.6    MM   9.0 287 1019.4  16.3  16.6  14.2   MM   MM    MM
2026 09 22 01 30 280  5.0  7.0    MM    MM    MM  MM 1019.5  16.3  16.6  14.2   MM   MM    MM
2026 09 22 01 20 280  5.0  6.0   2.8    13   9.0 290 1019.4  16.4  16.6  14.4   MM   MM    MM
2026 09 22 01 10 280  5.0  7.0   2.8    MM   9.0 290 1019.3  16.4  16.7  14.3   MM   MM    MM
2026 09 22 01 00 290  5.0  7.0    MM    MM    MM  MM 1019.4  16.4  16.7  14.3   MM +0.0    MM
2026 09 22 00 50 290  5.0  6.0   2.7    12   8.9 291 1019.3  16.4  16.7  14.5   MM   MM    MM
2026 09 22 00 40 290  5.0  6.0   2.7    MM   8.9 291 1019.2  16.4  16.6  14.4   MM   MM    MM
2026 09 22 00 30 290  5.0  7.0    MM    MM    MM  MM 1019.3  16.4  16.6  14.3   MM   MM    MM
2026 09 22 00 20 290  5.0  6.0   2.8    13   9.1 289 1019.3  16.4  16.6  14.4   MM   MM    MM
2026 09 22 00 10 300  5.0  7.0   2.8    MM   9.1 289 1019.3  16.4  16.7  14.2   MM   MM    MM
2026 09 22 00 00 290  5.0  7.0    MM    MM    MM  MM 1019.3  16.4  16.7  14.2   MM +0.0    MM
2026 09 21 23 50 290  5.0  7.0   2.8    13   8.9 286 1019.4  16.4  16.6  14.3   MM   MM    MM
2026 09 21 23 40 290  6.0  7.0   2.8    MM   8.9 286 1019.3  16.4  16.6  14.3   MM   MM    MM
2026 09 21 23 30 290  6.0  7.0    MM    MM    MM  MM 1019.2  16.4  16.6  14.4   MM   MM    MM
2026 09 21 22 50 280  5.0  7.0   2.9    13   9.0 286 1019.3  16.4  16.6  14.5   MM   MM    MM
2026 09 21 22 40 280  5.0  7.0   2.9    MM   9.0 286 1019.4  16.5  16.6  14.4   MM   MM    MM
2026 09 21 22 30 270  6.0  7.0    MM    MM    MM  MM 1019.4  16.5  16.6  14.0   MM   MM    MM
2026 09 21 22 20 270  5.0  7.0   2.9    14   8.9 288 1019.3  16.4  16.6  15.1   MM   MM    MM
2026 09 21 22 10 260  5.0  7.0    MM    MM    MM  MM 1019.4  16.5  16.6  15.3   MM   MM    MM
2026 09 21 22 00 260  5.0  7.0    MM    MM    MM  MM 1019.4  16.5  16.6  15.3   MM +0.0    MM
2026 09 21 21 50 260  5.0  7.0   3.2    13    MM  MM 1019.5  16.5  16.6  15.2   MM   MM    MM
2026 09 21 21 40 250  6.0  7.0    MM    MM    MM  MM 1019.5  16.4  16.6  15.1   MM   MM    MM
2026 09 21 21 30 260  6.0  7.0    MM    MM    MM  MM 1019.4  16.4  16.6  15.1   MM   MM    MM
2026 09 21 21 20 260  6.0  7.0   2.8    12   9.1 283 1019.4  16.4  16.6  15.1   MM   MM    MM
2026 09 21 21 10 260  6.0  8.0   2.8    MM   9.1 283 1019.4  16.4  16.6  14.9   MM   MM    MM
2026 09 21 21 00 250  6.0  7.0    MM    MM    MM  MM 1019.5  16.4  16.6  15.1   MM +0.3    MM
2026 09 21 20 50 250  6.0  7.0   2.7    13   8.6 279 1019.5  16.4  16.6  15.1   MM   MM    MM
2026 09 21 20 40 260  6.0  7.0   2.7    MM   8.6 279 1019.4  16.4  16.6  15.1   MM   MM    MM
2026 09 21 20 30 260  6.0  8.0    MM    MM    MM  MM 1019.5  16.4  16.6  15.1   MM   MM    MM
2026 09 21 20 20 260  6.0  7.0   3.5    13   9.8 288 1019.5  16.3  16.6  15.0   MM   MM    MM
2026 09 21 20 10 260  6.0  8.0    MM    MM    MM  MM 1019.4  16.3  16.5  15.0   MM   MM    MM
2026 09 21 20 00 260  6.0  8.0    MM    MM    MM  MM 1019.4  16.3  16.5  15.0   MM +0.5    MM
2026 09 21 19 50 260  6.0  7.0   2.9    13   9.2 286 1019.4  16.3  16.5  15.0   MM   MM    MM
2026 09 21 19 40 260  6.0  7.0   2.9    MM   9.2 286 1019.5  16.2  16.5  14.9   MM   MM    MM
2026 09 21 19 30 260  6.0  8.0    MM    MM    MM  MM 1019.4  16.2  16.5  14.9   MM   MM    MM
2026 09 21 19 20 260  6.0  7.0   3.2    13   9.7 287 1019.4  16.2  16.5  14.8   MM   MM    MM
2026 09 21 19 10 260  6.0  8.0   3.2    MM   9.7 287 1019.3  16.2  16.5  14.8   MM   MM    MM
2026 09 21 19 00 260  5.0  7.0    MM    MM    MM  MM 1019.3  16.1  16.5  14.7   MM +0.7    MM
2026 09 21 18 50 260  5.0  6.0   2.9    14   9.4 293 1019.2    MM  16.5    MM   MM   MM    MM
2026 09 21 18 40 260  5.0  7.0    MM    MM    MM  MM 1019.3  16.1  16.5  14.7   MM   MM    MM
2026 09 21 18 30 260  5.0  7.0    MM    MM    MM  MM 1019.2  16.1  16.5  14.6   MM   MM    MM
2026 09 21 18 20 260  5.0  7.0   3.1    13   9.6 287 1019.2  16.1  16.5  14.5   MM   MM    MM
2026 09 21 18 10 260  5.0  7.0   3.1    MM   9.6 287 1019.2  16.0  16.5  14.5   MM   MM    MM
2026 09 21 18 00 260  6.0  7.0    MM    MM    MM  MM 1019.2  16.0  16.5  14.4   MM +1.1    MM
2026 09 21 17 50 270  6.0  7.0   3.1    12   9.6 288 1019.2  16.0  16.4  14.4   MM   MM    MM
2026 09 21 17 40 270  5.0  7.0   3.1    MM   9.6 288 1019.2  15.9  16.4  14.2   MM   MM    MM
2026 09 21 17 30 270  5.0  7.0    MM    MM    MM  MM 1019.1  15.9  16.4  14.3   MM   MM    MM
2026 09 21 17 20 260  6.0  8.0   3.2    14   9.9 289 1019.1  15.8  16.4  14.2   MM   MM    MM
2026 09 21 17 10 270  6.0  7.0   3.2    MM   9.9 289 1019.0  15.7  16.4  14.0   MM   MM    MM
2026 09 21 17 00 270  6.0  7.0    MM    MM    MM  MM 1018.9  15.7  16.4  14.0   MM +0.9    MM
2026 09 21 16 50 270  6.0  7.0   3.3    14   9.9 286 1019.0  15.7  16.4  13.9   MM   MM    MM
2026 09 21 16 40 270  6.0  7.0    MM    MM    MM  MM 1018.9  15.7  16.4  13.8   MM   MM    MM
2026 09 21 16 30 270  6.0  8.0    MM    MM    MM  MM 1018.9  15.7  16.4  14.0   MM   MM    MM
2026 09 21 16 20 270  6.0  8.0   2.7    13   9.4 285 1018.8  15.6  16.4  13.8   MM   MM    MM
2026 09 21 16 10 270  5.0  7.0   2.7    MM   9.4 285 1018.7  15.6  16.4  14.0   MM   MM    MM
2026 09 21 16 00 280  5.0  7.0    MM    MM    MM  MM 1018.7  15.6  16.4  14.0   MM +0.9    MM
2026 09 21 15 50 280  5.0  7.0   3.1    12   9.9 281 1018.7  15.6  16.4  14.0   MM   MM    MM
2026 09 21 15 40 280  5.0  7.0   3.1    MM   9.9 281 1018.5  15.5  16.4  13.9   MM   MM    MM
2026 09 21 15 30 280  5.0  7.0    MM    MM    MM  MM 1018.4  15.4  16.5  13.7   MM   MM    MM
2026 09 21 15 20 280  6.0  7.0   3.0    13   9.7 293 1018.3    MM  16.5    MM   MM   MM    MM
2026 09 21 15 10 280  5.0  7.0    MM    MM    MM  MM 1018.2  15.3  16.5  13.7   MM   MM    MM
2026 09 21 15 00 280  5.0  7.0    MM    MM    MM  MM 1018.1  15.3  16.5  13.9   MM +0.7    MM
2026 09 21 14 50 280  6.0  8.0   3.2    12  10.2 290 1018.1  15.3  16.5  13.9   MM   MM    MM
2026 09 21 14 40 270  6.0  8.0    MM    MM    MM  MM 1018.1  15.5  16.5  14.1   MM   MM    MM
2026 09 21 14 30 270  5.0  7.0    MM    MM    MM  MM 1018.1  15.4  16.5  14.0   MM   MM    MM
2026 09 21 14 20 280  5.0  7.0   3.2    13  10.3 292 1018.1  15.3  16.5  14.0   MM   MM    MM
2026 09 21 14 10 270  6.0  7.0    MM    MM    MM  MM 1018.0  15.3  16.5  14.1   MM   MM    MM
2026 09 21 14 00 280  5.0  7.0    MM    MM    MM  MM 1018.0  15.5  16.5  14.4   MM +0.5    MM
2026 09 21 13 50 280  6.0  8.0   3.4    13  11.0 292 1018.0    MM  16.5    MM   MM   MM    MM
2026 09 21 13 40 290  6.0  7.0    MM    MM    MM  MM 1017.9  15.4  16.6  14.6   MM   MM    MM
2026 09 21 13 30 290  6.0  7.0    MM    MM    MM  MM 1017.9  15.4  16.6  14.7   MM   MM    MM
2026 09 21 13 20 290  6.0  7.0   2.8    14  10.5 298 1017.8  15.3  16.6  14.7   MM   MM    MM
2026 09 21 13 10 300  5.0  7.0   2.8    MM  10.5 298 1017.8  15.2  16.5  14.7   MM   MM    MM
2026 09 21 13 00 300  4.0  6.0    MM    MM    MM  MM 1017.7  15.3  16.5  14.8   MM -0.0    MM
2026 09 21 12 50 310  5.0  6.0   2.7    14  10.2 306 1017.6  15.3    MM  14.8   MM   MM    MM
2026 09 21 12 40 300  6.0  8.0   2.7    MM  10.2 306 1017.6  15.3  16.5  14.7   MM   MM    MM
2026 09 21 12 30 310  5.0  7.0    MM    MM    MM  MM 1017.5  15.4  16.5  14.8   MM   MM    MM
2026 09 21 12 20 310  6.0  7.0   2.6    15  10.3 309 1017.5  15.4  16.5  14.8   MM   MM    MM
2026 09 21 12 10 300  6.0  7.0   2.6    MM  10.3 309 1017.4  15.6  16.5  15.0   MM   MM    MM
2026 09 21 12 00 280  6.0  7.0    MM    MM    MM  MM 1017.4  15.8  16.5  15.2   MM -0.5    MM
2026 09 21 11 50 240  5.0  6.0   2.2    13   9.7 281 1017.3  16.2  16.5  15.6   MM   MM    MM
2026 09 21 11 40 240  5.0  7.0   2.2    MM   9.7 281 1017.3  16.2  16.5  15.6   MM   MM    MM
2026 09 21 11 30 240  5.0  6.0    MM    MM    MM  MM 1017.3  16.2  16.5  15.6   MM   MM    MM
2026 09 21 11 20 240  5.0  6.0   2.7    14  10.5 286 1017.3  16.1  16.5  15.5   MM   MM    MM
2026 09 21 11 10 250  6.0  7.0   2.7    MM  10.5 286 1017.4  16.1  16.5  15.5   MM   MM    MM
2026 09 21 11 00 240  5.0  6.0    MM    MM    MM  MM 1017.4  16.1  16.6  15.5   MM -0.3    MM
2026 09 21 10 50 230  5.0  6.0   2.1    15   9.6 306 1017.3  16.1  16.6  15.5   MM   MM    MM
2026 09 21 10 40 230  4.0  5.0   2.1    MM   9.6 306 1017.3  16.2  16.6  15.6   MM   MM    MM
2026 09 21 10 30 230  4.0  5.0    MM    MM    MM  MM 1017.3  16.1  16.6  15.5   MM   MM    MM
2026 09 21 10 20 230  5.0  6.0   2.6    15  10.9 299 1017.4  16.1  16.6  15.5   MM   MM    MM
2026 09 21 10 10 230  5.0  6.0   2.6    MM  10.9 299 1017.4  16.1  16.6  15.5   MM   MM    MM
2026 09 21 10 00 240  5.0  6.0    MM    MM    MM  MM 1017.6  16.2  16.6  15.6   MM -0.3    MM
2026 09 21 09 50 240  5.0  6.0   2.0    15   9.6 305 1017.7  16.2  16.6  15.6   MM   MM    MM
2026 09 21 09 40 240  5.0  6.0   2.0    MM   9.6 305 1017.8  16.1  16.6  15.5   MM   MM    MM
2026 09 21 09 30 240  5.0  7.0    MM    MM    MM  MM 1017.9  16.2  16.6  15.6   MM   MM    MM
2026 09 21 09 20 240  5.0  6.0   1.6    16   8.4 310 1017.8  16.1  16.6  15.5   MM   MM    MM
2026 09 21 09 10 240  5.0  6.0    MM    MM    MM  MM 1017.8  16.2  16.6  15.5   MM   MM    MM
2026 09 21 09 00 240  5.0  6.0    MM    MM    MM  MM 1017.8  16.2  16.7  15.5   MM +0.0    MM
2026 09 21 08 50 230  4.0  6.0   1.9    16   9.4 305 1017.8  16.2  16.7  15.5   MM   MM    MM
2026 09 21 08 40 230  4.0  5.0    MM    MM    MM  MM 1017.8  16.2  16.7  15.4   MM   MM    MM
2026 09 21 08 30 240  4.0  5.0    MM    MM    MM  MM 1017.7  16.2  16.7  15.4   MM   MM    MM
2026 09 21 08 20 240  4.0  5.0   1.6    15   8.3 282 1017.7  16.2  16.7  15.3   MM   MM    MM
2026 09 21 08 10 240  4.0  5.0   1.6    MM   8.3 282 1017.7  16.2  16.7  15.2   MM   MM    MM
2026 09 21 08 00 250  4.0  5.0    MM    MM    MM  MM 1017.7  16.2  16.7  15.3   MM -0.4    MM
2026 09 21 07 50 250  4.0  5.0   1.6    16   8.5 269 1017.8  16.2  16.7  15.3   MM   MM    MM
2026 09 21 07 40 240  4.0  5.0   1.6    MM   8.5 269 1017.8  16.2  16.7  15.3   MM   MM    MM
2026 09 21 07 30 240  4.0  4.0    MM    MM    MM  MM 1017.8  16.1  16.7  15.3   MM   MM    MM
2026 09 21 07 20 230  4.0  5.0   1.4    16   7.7 298 1017.8  16.1  16.7  15.4   MM   MM    MM
2026 09 21 07 10 240  4.0  4.0    MM    MM    MM  MM 1017.9  16.2  16.7  15.6   MM   MM    MM
2026 09 21 07 00 230  4.0  4.0    MM    MM    MM  MM 1017.9  16.2    MM  15.6   MM +0.0    MM
2026 09 21 06 50 230  4.0  4.0   1.3    16   7.2 219 1018.0    MM  16.7    MM   MM   MM    MM
2026 09 21 06 40 230  3.0  4.0    MM    MM    MM  MM 1017.9    MM    MM    MM   MM   MM    MM
2026 09 21 06 30 230  3.0  4.0    MM    MM    MM  MM 1017.9  16.2  16.7  15.5   MM   MM    MM
2026 09 21 06 20 230  3.0  4.0   1.4    17   7.2 199 1017.9  16.2  16.7  15.5   MM   MM    MM
2026 09 21 06 10 230  3.0  4.0   1.4    MM   7.2 199 1018.0  16.3  16.7  15.6   MM   MM    MM
2026 09 21 06 00 230  3.0  4.0    MM    MM    MM  MM 1018.0  16.3  16.7  15.5   MM +0.5    MM
2026 09 21 05 50 240  3.0  4.0   1.3    17   7.1 246 1018.0  16.2    MM  15.4   MM   MM    MM
2026 09 21 05 40 230  3.0  4.0   1.3    MM   7.1 246 1018.0  16.2  16.8  15.5   MM   MM    MM
2026 09 21 05 30 230  3.0  4.0    MM    MM    MM  MM 1018.0  16.3  16.8  15.6   MM   MM    MM
2026 09 21 05 20 230  3.0  4.0   1.3     8   6.7 268 1018.0  16.2  16.8  15.5   MM   MM    MM
2026 09 21 05 10 240  4.0  5.0   1.3    MM   6.7 268 1018.0  16.2  16.8  15.5   MM   MM    MM
2026 09 21 05 00 240  4.0  4.0    MM    MM    MM  MM 1018.0  16.3  16.8  15.6   MM +0.7    MM
2026 09 21 04 50 240  3.0  4.0   1.3     8   6.7 264 1018.0  16.3  16.8  15.5   MM   MM    MM
2026 09 21 04 40 240  3.0  4.0   1.3    MM   6.7 264 1018.0  16.3  16.8  15.4   MM   MM    MM
2026 09 21 04 30 250  3.0  4.0    MM    MM    MM  MM 1018.0  16.2  16.8  15.3   MM   MM    MM
2026 09 21 04 20 240  3.0  4.0   1.3     8   6.5 262 1017.9  16.2  16.8  15.3   MM   MM    MM
2026 09 21 04 10 250  3.0  4.0   1.3    MM   6.5 262 1017.9  16.2  16.8  15.4   MM   MM    MM
2026 09 21 04 00 250  3.0  3.0    MM    MM    MM  MM 1017.7  16.2  16.8  15.4   MM -0.0    MM
2026 09 21 03 50 250  3.0  3.0   1.2     8   6.2 276 1017.7  16.2  16.8  15.3   MM   MM    MM
2026 09 21 03 40 250  3.0  3.0   1.2    MM   6.2 276 1017.7  16.2  16.8  15.4   MM   MM    MM
2026 09 21 03 30 260  3.0  3.0    MM    MM    MM  MM 1017.6  16.2  16.8  15.3   MM   MM    MM
2026 09 21 03 20 270  3.0  4.0   1.3     8   6.5 274 1017.5  16.2  16.8  15.3   MM   MM    MM
2026 09 21 03 10 270  3.0  4.0   1.3    MM   6.5 274 1017.6  16.2  16.8  15.3   MM   MM    MM
2026 09 21 03 00 270  3.0  4.0    MM    MM    MM  MM 1017.6  16.3  16.8  15.4   MM -0.5    MM
2026 09 21 02 50 260  3.0  4.0   1.4     8   6.6 266 1017.7  16.4  16.8  15.5   MM   MM    MM
2026 09 21 02 40 270  3.0  4.0   1.4    MM   6.6 266 1017.7  16.4  16.8  15.5   MM   MM    MM
2026 09 21 02 30 270  3.0  4.0    MM    MM    MM  MM 1017.7  16.4  16.8  15.4   MM   MM    MM
2026 09 21 02 20 270  3.0  4.0   1.1     8   6.5 262 1017.6  16.3  16.8  15.3   MM   MM    MM
2026 09 21 02 10 270  3.0  4.0   1.1    MM   6.5 262 1017.5  16.4  16.8  15.4   MM   MM    MM
2026 09 21 02 00 260  3.0  3.0    MM    MM    MM  MM 1017.5  16.4  16.8  15.4   MM -0.9    MM
2026 09 21 01 50 260  3.0  3.0   1.3     8   6.7 267 1017.5  16.5  16.9  15.5   MM   MM    MM
2026 09 21 01 40 260  3.0  4.0   1.3    MM   6.7 267 1017.5  16.5  16.9  15.5   MM   MM    MM
2026 09 21 01 30 270  3.0  4.0    MM    MM    MM  MM 1017.5  16.6  16.9  15.5   MM   MM    MM
2026 09 21 01 20 270  3.0  4.0   1.2    17   6.9 217 1017.6  16.7  17.0  15.7   MM   MM    MM
2026 09 21 01 10 270  4.0  4.0   1.2    MM   6.9 217 1017.7  16.7  17.0  15.6   MM   MM    MM
2026 09 21 01 00 270  4.0  4.0    MM    MM    MM  MM 1017.8  16.8  17.0  15.7   MM -1.0    MM
2026 09 21 00 50 260  3.0  4.0   1.2    17   6.9 269 1017.8  16.8    MM  15.8   MM   MM    MM
2026 09 21 00 40 260  3.0  4.0   1.2    MM   6.9 269 1017.8  16.8  17.0  15.8   MM   MM    MM
2026 09 21 00 30 260  2.0  3.0    MM    MM    MM  MM 1017.8  16.8  17.0  15.7   MM   MM    MM
2026 09 21 00 20 260  2.0  2.0   1.3    17   6.9 257 1017.9  16.9  17.0  15.7   MM   MM    MM
2026 09 21 00 10 260  2.0  2.0   1.3    MM   6.9 257 1018.0  17.0  17.0  15.8   MM   MM    MM
2026 09 21 00 00 270  2.0  3.0    MM    MM    MM  MM 1018.0  16.9  17.0  15.8   MM -1.0    MM
2026 09 20 23 50 260  3.0  3.0   1.3    17   6.9 206 1018.0  16.8  16.9  15.8   MM   MM    MM
2026 09 20 23 40 260  3.0  3.0    MM    MM    MM  MM 1018.1  16.8  17.0  15.7   MM   MM    MM
2026 09 20 23 10 260  2.0  3.0   1.2    MM   6.8 237 1018.3  16.8  17.0  15.7   MM   MM    MM
2026 09 20 23 00 270  2.0  3.0    MM    MM    MM  MM 1018.3  16.6  16.9  15.5   MM -0.7    MM
2026 09 20 22 50 260  3.0  3.0   1.2    17   6.9 189 1018.4  16.6  16.8  15.7   MM   MM    MM
2026 09 20 22 40 270  3.0  4.0   1.2    MM   6.9 189 1018.5  16.6  16.7  15.7   MM   MM    MM
2026 09 20 22 30 260  3.0  4.0    MM    MM    MM  MM 1018.5  16.5  16.8  15.6   MM   MM    MM
2026 09 20 22 20 260  3.0  3.0   1.2     9   6.5 259 1018.6  16.5  16.5  15.6   MM   MM    MM
2026 09 20 22 10 270  3.0  4.0    MM    MM    MM  MM 1018.7  16.5  16.6  15.5   MM   MM    MM
2026 09 20 22 00 260  3.0  4.0   1.2    MM   6.5 259 1018.8  16.5  16.6  15.5   MM -0.3    MM
2026 09 20 21 50 260  3.0  4.0   1.2    17   6.7 252 1018.9  16.5  16.6  15.5   MM   MM    MM
2026 09 20 21 40 270  3.0  4.0    MM    MM    MM  MM 1018.9  16.5  16.7  15.4   MM   MM    MM
2026 09 20 21 30 260  3.0  4.0   1.2    MM   6.7 252 1018.9  16.5  16.7  15.4   MM   MM    MM
2026 09 20 21 20 260  3.0  4.0   1.3    17   6.7 210 1018.9  16.6  16.8  15.5   MM   MM    MM
2026 09 20 21 10 260  3.0  3.0   1.3    MM   6.7 210 1019.0  16.5  16.8  15.4   MM   MM    MM
2026 09 20 21 00 270  3.0  4.0    MM    MM    MM  MM 1019.1  16.5  16.8  15.4   MM -0.3    MM
2026 09 20 20 50 270  3.0  4.0   1.3     8   6.5 266 1019.1  16.4  16.8  15.4   MM   MM    MM
2026 09 20 20 40 250  3.0  4.0    MM    MM    MM  MM 1019.1  16.4  16.8  15.4   MM   MM    MM
2026 09 20 20 30 250  3.0  4.0    MM    MM    MM  MM 1019.1  16.4  16.7  15.5   MM   MM    MM
2026 09 20 20 20 250  3.0  4.0   1.3     8   6.3 259 1019.1  16.5  16.8  15.7   MM   MM    MM
2026 09 20 20 10 240  3.0  3.0    MM    MM    MM  MM 1019.1  16.5  16.7  15.7   MM   MM    MM
2026 09 20 20 00 240  2.0  3.0    MM    MM    MM  MM 1019.1  16.5  16.7  15.7   MM +0.0    MM
2026 09 20 19 50 230  2.0  3.0   1.5     8   6.6 270 1019.1  16.5  16.7  15.7   MM   MM    MM
2026 09 20 19 40 240  2.0  3.0   1.5    MM   6.6 270 1019.1  16.4  16.5  15.6   MM   MM    MM
2026 09 20 19 30 250  2.0  3.0    MM    MM    MM  MM 1019.1  16.4  16.6  15.7   MM   MM    MM
2026 09 20 19 20 250  2.0  2.0   1.4     8   6.2 271 1019.1    MM  16.5    MM   MM   MM    MM
2026 09 20 19 10 240  2.0  2.0    MM    MM    MM  MM 1019.2  16.4  16.5  15.7   MM   MM    MM
2026 09 20 19 00 240  2.0  2.0    MM    MM    MM  MM 1019.1  16.3  16.5  15.6   MM +0.0    MM
2026 09 20 18 50 230  2.0  2.0   1.5     8   6.1 271 1019.3  16.3  16.4  15.7   MM   MM    MM
2026 09 20 18 40 220  2.0  3.0   1.5    MM   6.1 271 1019.3  16.3  16.4  15.6   MM   MM    MM
2026 09 20 18 30 230  2.0  3.0    MM    MM    MM  MM 1019.3  16.2  16.4  15.5   MM   MM    MM
2026 09 20 18 20 230  2.0  3.0   1.4     8   6.4 264 1019.3  16.2  16.4  15.5   MM   MM    MM
2026 09 20 18 10 240  3.0  4.0   1.4    MM   6.4 264 1019.4  16.0  16.4  15.3   MM   MM    MM
2026 09 20 18 00 230  3.0  4.0    MM    MM    MM  MM 1019.3  16.0  16.4  15.3   MM +0.7    MM
2026 09 20 17 50 240  3.0  4.0   1.4     9   6.3 253 1019.4    MM  16.4    MM   MM   MM    MM
2026 09 20 17 40 240  3.0  4.0    MM    MM    MM  MM 1019.4  16.0  16.3  15.4   MM   MM    MM
2026 09 20 17 30 240  3.0  4.0    MM    MM    MM  MM 1019.3  16.1  16.3  15.6   MM   MM    MM
2026 09 20 17 20 260  3.0  4.0   1.4     8   6.1 270 1019.3  16.0  16.3  15.5   MM   MM    MM
2026 09 20 17 10 260  4.0  5.0   1.4    MM   6.1 270 1019.3  16.0  16.3  15.5   MM   MM    MM
2026 09 20 17 00 260  4.0  5.0    MM    MM    MM  MM 1019.2  16.1  16.3  15.6   MM +0.6    MM
2026 09 20 16 50 260  4.0  5.0   1.3     9   5.8 264 1019.1  16.1  16.3  15.7   MM   MM    MM
2026 09 20 16 40 250  4.0  5.0   1.3    MM   5.8 264 1019.1  16.1  16.3  15.7   MM   MM    MM
2026 09 20 16 30 240  4.0  5.0    MM    MM    MM  MM 1019.1  16.1  16.3  15.8   MM   MM    MM
2026 09 20 16 20 240  4.0  5.0   1.4     8   5.8 269 1019.1  16.2  16.3  15.9   MM   MM    MM
2026 09 20 16 10 230  4.0  5.0   1.4    MM   5.8 269 1019.1  16.2  16.3  16.0   MM   MM    MM
2026 09 20 16 00 220  4.0  5.0    MM    MM    MM  MM 1019.1  16.2  16.3  16.0   MM +0.4    MM
2026 09 20 15 50 220  4.0  5.0   1.3     8   5.8 267 1019.1  16.2  16.3  16.0   MM   MM    MM
2026 09 20 15 40 210  4.0  5.0   1.3    MM   5.8 267 1019.0  16.2  16.3  16.0   MM   MM    MM
2026 09 20 15 30 210  4.0  5.0    MM    MM    MM  MM 1018.9  16.2  16.3  16.0   MM   MM    MM
2026 09 20 15 20 200  4.0  5.0   1.4    14   5.7 338 1018.7  16.2  16.3  16.0   MM   MM    MM
2026 09 20 15 10 200  5.0  6.0   1.4    MM   5.7 338 1018.6  16.2  16.3  16.0   MM   MM    MM
2026 09 20 15 00 210  6.0  7.0    MM    MM    MM  MM 1018.7  16.2  16.3  16.0   MM +0.0    MM
2026 09 20 14 50 200  6.0  7.0   1.4    17   5.8 233 1018.8  16.2  16.3  16.0   MM   MM    MM
2026 09 20 14 40 200  6.0  7.0   1.4    MM   5.8 233 1018.7  16.2  16.3  16.0   MM   MM    MM
2026 09 20 14 30 200  6.0  7.0    MM    MM    MM  MM 1018.7  16.2  16.3  16.0   MM   MM    MM
2026 09 20 14 20 190  6.0  8.0   1.3    MM   5.6 170 1018.7  16.2    MM  16.0   MM   MM    MM
2026 09 20 14 10  MM   MM   MM   1.3    17    MM  MM     MM    MM  16.3    MM   MM   MM    MM
2026 09 20 14 00 190  6.0  7.0    MM    MM    MM  MM 1018.6  16.2  16.3  16.0   MM +0.0    MM
2026 09 20 13 50 190  6.0  7.0   1.3     8   5.5 292 1018.6  16.2  16.3  16.0   MM   MM    MM
2026 09 20 13 40 190  6.0  7.0   1.3    MM   5.5 292 1018.6  16.2  16.3  15.9   MM   MM    MM
2026 09 20 13 30 190  6.0  7.0    MM    MM    MM  MM 1018.6  16.2  16.3  15.9   MM   MM    MM
2026 09 20 13 20 190  6.0  7.0   1.4    14   5.6 140 1018.6  16.3  16.3  15.9   MM   MM    MM
2026 09 20 13 10 190  5.0  6.0   1.4    MM   5.6 140 1018.6  16.3  16.3  15.9   MM   MM    MM
2026 09 20 13 00 190  6.0  7.0    MM    MM    MM  MM 1018.7  16.4  16.3  15.9   MM -0.3    MM
2026 09 20 12 50 190  6.0  7.0   1.2    MM   5.4 172 1018.6    MM  16.3    MM   MM   MM    MM
2026 09 20 12 40 180  6.0  7.0   1.2    MM   5.4 172 1018.6  16.4  16.3  15.8   MM   MM    MM
2026 09 20 12 30 180  6.0  8.0    MM    MM    MM  MM 1018.5  16.4  16.3  15.8   MM   MM    MM
2026 09 20 12 20 180  6.0  7.0   1.3    14   5.5 190 1018.6  16.4  16.3  15.9   MM   MM    MM
2026 09 20 12 10 190  6.0  7.0   1.3    MM   5.5 190 1018.7  16.3  16.3  15.8   MM   MM    MM
2026 09 20 12 00 190  6.0  7.0    MM    MM    MM  MM 1018.8  16.3  16.3  15.8   MM -0.4    MM
2026 09 20 11 50 180  6.0  7.0   1.2     9   5.3 250 1018.7  16.3  16.3  15.8   MM   MM    MM
2026 09 20 11 40 180  6.0  7.0    MM    MM    MM  MM 1018.7  16.3  16.3  15.8   MM   MM    MM
2026 09 20 11 30 180  6.0  7.0    MM    MM    MM  MM 1018.6  16.3  16.3  15.8   MM   MM    MM
2026 09 20 11 20 180  7.0  8.0   1.1    17   5.4 214 1018.5  16.2  16.3  15.7   MM   MM    MM
2026 09 20 11 10 190  6.0  7.0   1.1    MM   5.4 214 1018.6  16.2  16.3  15.7   MM   MM    MM
2026 09 20 11 00 190  6.0  7.0    MM    MM    MM  MM 1018.8  16.2  16.3  15.6   MM -0.5    MM
2026 09 20 10 50 190  6.0  8.0   1.1    17   5.1 335 1018.9  16.3  16.3  15.7   MM   MM    MM
2026 09 20 10 40 190  6.0  8.0   1.1    MM   5.1 335 1018.8  16.3  16.3  15.6   MM   MM    MM
2026 09 20 10 30 190  6.0  8.0    MM    MM    MM  MM 1018.9  16.3  16.3  15.6   MM   MM    MM
2026 09 20 10 20 190  6.0  7.0   1.1    14   4.8 147 1019.0  16.3  16.3  15.6   MM   MM    MM
2026 09 20 10 10 190  7.0  8.0   1.1    MM   4.8 147 1019.0  16.3  16.3  15.5   MM   MM    MM
2026 09 20 10 00 190  7.0  8.0    MM    MM    MM  MM 1019.0  16.2  16.3  15.4   MM -0.3    MM
2026 09 20 09 50 190  7.0  8.0   1.1    17   5.2 131 1019.1  16.2  16.3  15.4   MM   MM    MM
2026 09 20 09 40 180  7.0  9.0   1.1    MM   5.2 131 1019.0  16.2  16.3  15.4   MM   MM    MM
2026 09 20 09 30 180  7.0  8.0    MM    MM    MM  MM 1019.0  16.2  16.3  15.3   MM   MM    MM
2026 09 20 09 20 190  7.0  8.0   1.1    15   5.1 220 1019.1  16.2  16.4  15.3   MM   MM    MM
2026 09 20 09 10 190  7.0  9.0    MM    MM    MM  MM 1019.2  16.2  16.3  15.2   MM   MM    MM
2026 09 20 09 00 180  7.0  9.0    MM    MM    MM  MM 1019.1  16.1  16.3  15.1   MM -0.4    MM
2026 09 20 08 50 180  7.0  8.0   1.1    17   5.6 122 1019.2  16.1  16.3  15.2   MM   MM    MM
2026 09 20 08 40 180  7.0  8.0    MM    MM    MM  MM 1019.3  16.1  16.3  15.2   MM   MM    MM
2026 09 20 08 30 180  7.0  8.0    MM    MM    MM  MM 1019.3  16.1  16.3  15.2   MM   MM    MM
2026 09 20 08 20 180  7.0  8.0   1.0    14   5.1 246 1019.3  16.1  16.3  15.3   MM   MM    MM
2026 09 20 08 10 180  7.0  8.0    MM    MM    MM  MM 1019.3  16.1  16.3  15.2   MM   MM    MM
2026 09 20 08 00 180  7.0  8.0    MM    MM    MM  MM 1019.3  16.1  16.3  15.2   MM -0.5    MM
2026 09 20 07 50 180  7.0  8.0   1.0    15   5.2 190 1019.3  16.1  16.3  15.2   MM   MM    MM
2026 09 20 07 40 180  7.0  8.0   1.0    MM   5.2 190 1019.3  16.0  16.3  15.1   MM   MM    MM
2026 09 20 07 30 180  6.0  8.0    MM    MM    MM  MM 1019.3  16.0  16.4  15.1   MM   MM    MM
2026 09 20 07 20 180  7.0  8.0   1.0    15   4.9 212 1019.3  16.0  16.3  15.1   MM   MM    MM
2026 09 20 07 10 180  6.0  7.0   1.0    MM   4.9 212 1019.3  16.0  16.4  15.0   MM   MM    MM
2026 09 20 07 00 180  6.0  7.0    MM    MM    MM  MM 1019.3  16.0  16.4  15.0   MM -0.4    MM
2026 09 20 06 50 180  6.0  8.0   0.9    15   5.0 129 1019.4    MM  16.4    MM   MM   MM    MM
2026 09 20 06 40 180  6.0  7.0    MM    MM    MM  MM 1019.4  16.0  16.4  15.0   MM   MM    MM
2026 09 20 06 30 190  6.0  8.0    MM    MM    MM  MM 1019.4  15.9  16.4  14.8   MM   MM    MM
2026 09 20 06 20 190  6.0  7.0   0.9    MM   5.0 236 1019.4    MM  16.4    MM   MM   MM    MM
2026 09 20 06 10 190  6.0  7.0   0.9    MM   5.0 236 1019.5  15.9  16.4  14.8   MM   MM    MM
2026 09 20 06 00 190  6.0  7.0    MM    MM    MM  MM 1019.6  15.9  16.4  14.7   MM -0.3    MM
2026 09 20 05 50 190  6.0  8.0   1.0    15   5.8 196 1019.6  15.9  16.4  14.7   MM   MM    MM
2026 09 20 05 40 190  6.0  7.0    MM    MM    MM  MM 1019.8  15.9  16.4  14.7   MM   MM    MM
2026 09 20 05 30 190  6.0  7.0    MM    MM    MM  MM 1019.8  15.9  16.4  14.6   MM   MM    MM
2026 09 20 05 20 190  6.0  7.0   0.9    14   5.0 186 1019.9  15.9  16.4  14.6   MM   MM    MM
2026 09 20 05 10 190  6.0  7.0    MM    MM    MM  MM 1019.9  15.9  16.4  14.5   MM   MM    MM
2026 09 20 05 00 190  6.0  7.0    MM    MM    MM  MM 1019.8  15.9  16.4  14.5   MM +0.0    MM
2026 09 20 04 50 190  6.0  7.0   0.8    19   4.9 217 1019.8  15.9  16.4  14.5   MM   MM    MM
2026 09 20 04 40 190  6.0  7.0    MM    MM    MM  MM 1019.8  15.9  16.4  14.3   MM   MM    MM
2026 09 20 04 30 190  6.0  7.0    MM    MM    MM  MM 1019.8  15.9  16.4  14.4   MM   MM    MM
2026 09 20 04 20 200  6.0  7.0   0.9    19   6.1 263 1019.7  15.9  16.4  14.3   MM   MM    MM
2026 09 20 04 10 200  6.0  7.0   0.9    MM   6.1 263 1019.7  15.8  16.4  14.1   MM   MM    MM
2026 09 20 04 00 200  6.0  7.0    MM    MM    MM  MM 1019.7  15.8  16.4  14.1   MM +0.0    MM
2026 09 20 03 50 200  6.0  7.0   0.7    19   5.6 263 1019.7  15.8  16.4  14.2   MM   MM    MM
2026 09 20 03 40 190  6.0  6.0   0.7    MM   5.6 263 1019.6  15.8  16.4  14.1   MM   MM    MM
2026 09 20 03 30 200  6.0  7.0    MM    MM    MM  MM 1019.6  15.8  16.4  14.2   MM   MM    MM
2026 09 20 03 20 200  6.0  7.0   0.8    14   5.8 152 1019.6  15.7  16.4  14.2   MM   MM    MM
2026 09 20 03 10 190  6.0  7.0   0.8    MM   5.8 152 1019.6  15.6  16.4  14.3   MM   MM    MM
2026 09 20 03 00 170  5.0  6.0    MM    MM    MM  MM 1019.7  15.2  16.4  14.3   MM -0.4    MM
2026 09 20 02 50 170  4.0  5.0   0.8    15   6.0 203 1019.7  15.1  16.4  14.2   MM   MM    MM
2026 09 20 02 40 170  5.0  6.0   0.8    MM   6.0 203 1019.7  15.0  16.4  14.0   MM   MM    MM
2026 09 20 02 30 170  5.0  5.0    MM    MM    MM  MM 1019.7  14.9  16.4  13.9   MM   MM    MM
2026 09 20 02 20 170  5.0  6.0   0.7    15   5.6 233 1019.7  14.8  16.4  13.8   MM   MM    MM
2026 09 20 02 10 170  5.0  6.0   0.7    MM   5.6 233 1019.8  14.7  16.4  13.9   MM   MM    MM
2026 09 20 02 00 170  5.0  5.0    MM    MM    MM  MM 1019.8  14.6  16.4  13.9   MM -0.8    MM
2026 09 20 01 50 170  4.0  5.0   0.8    15   6.2 199 1019.9  14.6    MM  13.9   MM   MM    MM
2026 09 20 01 40 170  5.0  6.0   0.8    MM   6.2 199 1019.9  14.5  16.4  13.8   MM   MM    MM
2026 09 20 01 30 170  5.0  6.0    MM    MM    MM  MM 1019.9  14.4  16.5  13.8   MM   MM    MM
2026 09 20 01 20 170  5.0  6.0   0.8    15   5.8 155 1019.8  14.2  16.5  13.5   MM   MM    MM
2026 09 20 01 10 210  5.0  6.0    MM    MM    MM  MM 1019.9  14.4  16.5  13.6   MM   MM    MM
2026 09 20 01 00 210  6.0  7.0    MM    MM    MM  MM 1019.9  14.5  16.5  13.7   MM -0.9    MM
2026 09 20 00 50 200  6.0  7.0   0.7    15   5.8 181 1020.0  14.6  16.5  13.7   MM   MM    MM
2026 09 20 00 40 200  5.0  6.0   0.7    MM   5.8 181 1019.9  14.6  16.5  13.8   MM   MM    MM
2026 09 20 00 30 220  6.0  7.0    MM    MM    MM  MM 1020.0  14.6    MM  13.7   MM   MM    MM
2026 09 20 00 20 220  6.0  8.0   0.9    MM   7.0 143 1020.1  15.0    MM  13.7   MM   MM    MM
2026 09 20 00 10  MM   MM   MM   0.9    19    MM  MM     MM    MM  16.5    MM   MM   MM    MM
2026 09 20 00 00 200  5.0  7.0    MM    MM    MM  MM 1020.2  15.3  16.5  13.5   MM -1.2    MM
2026 09 19 23 50 200  5.0  7.0   0.9    15   7.3 194 1020.3  15.5  16.5  13.4   MM   MM    MM
2026 09 19 23 40 200  5.0  6.0    MM    MM    MM  MM 1020.4  15.6  16.5  13.2   MM   MM    MM
2026 09 19 23 30 190  5.0  6.0    MM    MM    MM  MM 1020.4  15.6  16.5  13.5   MM   MM    MM
2026 09 19 23 20 190  5.0  6.0   0.8    15   6.1 164 1020.5    MM  16.5    MM   MM   MM    MM
2026 09 19 23 10 190  5.0  6.0    MM    MM    MM  MM 1020.6  15.6  16.5  13.5   MM   MM    MM
2026 09 19 23 00 190  5.0  6.0    MM    MM    MM  MM 1020.7  15.6  16.5  13.4   MM -0.9    MM
2026 09 19 22 50 190  5.0  6.0   0.8    14   6.6 213 1020.7  15.6  16.5  13.2   MM   MM    MM
2026 09 19 22 40 200  4.0  6.0   0.8    MM   6.6 213 1020.7  15.6  16.5  13.2   MM   MM    MM
2026 09 19 22 30 190  5.0  5.0    MM    MM    MM  MM 1020.7  15.5  16.5  13.4   MM   MM    MM
2026 09 19 22 20 180  5.0  6.0   0.8    15   6.2 172 1020.7  15.4  16.5  13.4   MM   MM    MM
2026 09 19 22 10 170  5.0  6.0   0.8    MM   6.2 172 1020.7  15.4  16.5  13.4   MM   MM    MM
2026 09 19 22 00 180  5.0  6.0    MM    MM    MM  MM 1020.8  15.3  16.5  13.4   MM -1.0    MM
2026 09 19 21 50 180  5.0  6.0   0.8    15   6.5 197 1020.8  15.3  16.5  13.4   MM   MM    MM
2026 09 19 21 40 180  5.0  6.0   0.8    MM   6.5 197 1020.9  15.2  16.5  13.3   MM   MM    MM
2026 09 19 21 30 180  5.0  6.0    MM    MM    MM  MM 1021.1  15.2  16.5  13.4   MM   MM    MM
2026 09 19 21 20 180  5.0  6.0   0.8    15   6.7 200 1021.2  15.1  16.4  13.3   MM   MM    MM
2026 09 19 21 10 170  5.0  6.0    MM    MM    MM  MM 1021.3  15.1  16.4  13.1   MM   MM    MM
2026 09 19 21 00 170  5.0  5.0   0.8    MM   6.7 200 1021.4  15.0  16.4  12.9   MM -0.3    MM
2026 09 19 20 50 170  5.0  6.0   0.8    15   7.1 205 1021.4    MM  16.5    MM   MM   MM    MM
2026 09 19 20 40 170  5.0  6.0    MM    MM    MM  MM 1021.3  15.0  16.4  13.0   MM   MM    MM
2026 09 19 20 30 170  5.0  6.0    MM    MM    MM  MM 1021.4  14.9  16.4  12.9   MM   MM    MM
2026 09 19 20 20 160  5.0  5.0   0.8    19   8.0 267 1021.3  14.9  16.4  12.9   MM   MM    MM
2026 09 19 20 10 160  4.0  5.0   0.8    MM   8.0 267 1021.5  14.9  16.4  13.0   MM   MM    MM
2026 09 19 20 00 170  5.0  6.0    MM    MM    MM  MM 1021.6  14.9  16.4  12.9   MM -0.4    MM
2026 09 19 19 50 170  5.0  5.0   0.8    19   8.7 219 1021.6  14.9  16.4  12.7   MM   MM    MM
2026 09 19 19 40 160  5.0  5.0   0.8    MM   8.7 219 1021.7  14.8  16.4  12.7   MM   MM    MM
2026 09 19 19 30 160  5.0  6.0    MM    MM    MM  MM 1021.7  14.8  16.4  12.8   MM   MM    MM
2026 09 19 19 20 160  5.0  6.0   0.8    15   8.2 183 1021.8    MM  16.3    MM   MM   MM    MM
2026 09 19 19 10 160  4.0  5.0    MM    MM    MM  MM 1021.8  14.7  16.3  13.0   MM   MM    MM
2026 09 19 19 00 160  4.0  5.0    MM    MM    MM  MM 1021.7  14.7  16.3  13.0   MM +0.0    MM
2026 09 19 18 50 160  5.0  5.0   0.7    19   7.4  25 1021.8  14.7  16.3  12.8   MM   MM    MM
2026 09 19 18 40 170  5.0  5.0   0.7    MM   7.4  25 1021.8  14.8  16.3  12.7   MM   MM    MM
2026 09 19 18 30 170  4.0  5.0    MM    MM    MM  MM 1021.9  14.9  16.3  12.6   MM   MM    MM
2026 09 19 18 20 170  4.0  5.0   0.8    19   7.7 216 1022.0  15.0    MM  12.3   MM   MM    MM
2026 09 19 18 10 150  3.0  4.0    MM    MM    MM  MM 1021.8  14.9  16.3  12.3   MM   MM    MM
2026 09 19 18 00 150  3.0  4.0   0.8    MM   7.7 216 1021.7  14.8  16.3  12.6   MM -0.5    MM
2026 09 19 17 50 160  4.0  4.0   0.7    15   7.9 239 1021.7  14.6  16.3  12.5   MM   MM    MM
2026 09 19 17 40 150  4.0  5.0   0.7    MM   7.9 239 1021.7  14.5  16.3  12.6   MM   MM    MM
2026 09 19 17 30 170  4.0  5.0    MM    MM    MM  MM 1021.8  14.5  16.2  12.6   MM   MM    MM
2026 09 19 17 20 160  4.0  5.0   0.8    15   8.4 138 1021.8  14.7  16.2  12.5   MM   MM    MM
2026 09 19 17 10 150  3.0  4.0   0.8    MM   8.4 138 1021.8  14.6  16.2  12.5   MM   MM    MM
2026 09 19 17 00 150  3.0  4.0    MM    MM    MM  MM 1021.8  14.6  16.2  12.5   MM +0.0    MM
2026 09 19 16 50 150  3.0  4.0   0.8    15   8.4 218 1022.0  14.6  16.2  12.4   MM   MM    MM
2026 09 19 16 40 140  3.0  4.0   0.8    MM   8.4 218 1021.9  14.5  16.2  12.4   MM   MM    MM
2026 09 19 16 30 140  3.0  4.0    MM    MM    MM  MM 1021.8  14.3  16.2  12.4   MM   MM    MM
2026 09 19 16 20 150  2.0  3.0   0.8    15   8.3 174 1022.0  14.3  16.2  12.4   MM   MM    MM
2026 09 19 16 10 140  2.0  3.0   0.8    MM   8.3 174 1022.1  14.3  16.2  12.1   MM   MM    MM
2026 09 19 16 00 140  2.0  3.0    MM    MM    MM  MM 1022.1  14.3  16.2  12.0   MM +0.0    MM
2026 09 19 15 50 180  1.0  2.0   0.8    15   8.1 231 1022.1  14.1  16.2  12.0   MM   MM    MM
2026 09 19 15 40 200  2.0  3.0   0.8    MM   8.1 231 1022.2  13.8  16.2  12.1   MM   MM    MM
2026 09 19 15 30 220  3.0  4.0    MM    MM    MM  MM 1022.2  13.8  16.2  12.4   MM   MM    MM
2026 09 19 15 20 230  3.0  5.0   0.8    15   7.8 194 1022.2  13.9  16.2  12.6   MM   MM    MM
2026 09 19 15 10 260  3.0  4.0   0.8    MM   7.8 194 1022.2  13.9  16.2  12.6   MM   MM    MM
2026 09 19 15 00 260  4.0  4.0    MM    MM    MM  MM 1022.2  14.0  16.2  12.6   MM +0.0    MM
2026 09 19 14 50 250  3.0  4.0   0.8    15   7.7 123 1022.2  13.9  16.2  12.5   MM   MM    MM
2026 09 19 14 40 260  4.0  5.0   0.8    MM   7.7 123 1022.2  14.0  16.2  12.7   MM   MM    MM
2026 09 19 14 30 260  4.0  5.0    MM    MM    MM  MM 1022.1  14.4  16.2  12.5   MM   MM    MM
2026 09 19 14 20 230  2.0  3.0   0.8    19   7.3 267 1022.1  14.5  16.2  11.6   MM   MM    MM
2026 09 19 14 10 220  3.0  4.0   0.8    MM   7.3 267 1022.1  14.7  16.2  11.6   MM   MM    MM
2026 09 19 14 00 200  2.0  3.0    MM    MM    MM  MM 1022.0  14.7  16.2  11.3   MM -0.3    MM
2026 09 19 13 50 170  1.0  3.0   0.8    12   7.2 166 1022.0  14.8  16.2  11.3   MM   MM    MM
2026 09 19 13 40 170  2.0  3.0   0.8    MM   7.2 166 1022.1  14.7  16.2  11.2   MM   MM    MM
2026 09 19 13 30 200  2.0  3.0    MM    MM    MM  MM 1022.2  14.9  16.2  11.4   MM   MM    MM
2026 09 19 13 20 190  3.0  3.0   0.9    15   7.4 196 1022.2  14.9  16.2  11.4   MM   MM    MM
2026 09 19 13 10 210  2.0  3.0   0.9    MM   7.4 196 1022.2  14.9  16.2  11.1   MM   MM    MM
2026 09 19 13 00 200  3.0  4.0    MM    MM    MM  MM 1022.1  14.9  16.2  11.1   MM -0.4    MM
2026 09 19 12 50 210  2.0  3.0   1.0    19   7.7 171 1022.2  14.9  16.2  11.0   MM   MM    MM
2026 09 19 12 40 230  3.0  5.0   1.0    MM   7.7 171 1022.1  14.9  16.3  11.1   MM   MM    MM
2026 09 19 12 30 240  3.0  5.0    MM    MM    MM  MM 1022.1  15.0  16.3  11.1   MM   MM    MM
2026 09 19 12 20 230  3.0  6.0   0.9    19   7.0 110 1022.2  14.9  16.3  11.0   MM   MM    MM
2026 09 19 12 10 210  3.0  4.0    MM    MM    MM  MM 1022.2  14.9  16.3  11.4   MM   MM    MM
2026 09 19 12 00 190  3.0  4.0   0.9    MM   7.0 110 1022.2  15.0  16.3  11.7   MM -0.8    MM
2026 09 19 11 50 200  3.0  4.0   0.9    15   7.2 179 1022.3  14.8  16.3  11.7   MM   MM    MM
2026 09 19 11 40 200  4.0  5.0   0.9    MM   7.2 179 1022.3  14.8  16.3  12.1   MM   MM    MM
2026 09 19 11 30 210  4.0  4.0    MM    MM    MM  MM 1022.3  14.8  16.3  12.3   MM   MM    MM
2026 09 19 11 20 200  4.0  5.0   0.9    15   6.7 210 1022.3  14.9  16.3  12.3   MM   MM    MM
2026 09 19 11 10 180  3.0  3.0   0.9    MM   6.7 210 1022.3  15.0  16.3  11.9   MM   MM    MM
2026 09 19 11 00 180  2.0  3.0    MM    MM    MM  MM 1022.3  14.9  16.3  11.7   MM -0.9    MM
2026 09 19 10 50 180  2.0  3.0   0.9    16   6.7 142 1022.4  14.9  16.3  11.8   MM   MM    MM
2026 09 19 10 40 160  2.0  2.0   0.9    MM   6.7 142 1022.5  14.8  16.3  11.8   MM   MM    MM
2026 09 19 10 30 180  2.0  3.0    MM    MM    MM  MM 1022.4  14.8  16.3  11.9   MM   MM    MM
2026 09 19 10 20 170  2.0  2.0   0.9    19   6.6 189 1022.5  14.7  16.3  12.0   MM   MM    MM
2026 09 19 10 10 180  2.0  3.0   0.9    MM   6.6 189 1022.6  14.7  16.3  12.2   MM   MM    MM
2026 09 19 10 00 170  2.0  2.0    MM    MM    MM  MM 1022.6  14.6  16.3  12.3   MM -0.8    MM
2026 09 19 09 50 170  2.0  3.0   1.1    16   7.0 171 1022.6  14.5  16.3  12.3   MM   MM    MM
2026 09 19 09 40 150  2.0  3.0    MM    MM    MM  MM 1022.6  14.5  16.3  12.4   MM   MM    MM
2026 09 19 09 30 180  2.0  3.0    MM    MM    MM  MM 1022.7  14.4  16.3  12.4   MM   MM    MM
2026 09 19 09 20 200  2.0  4.0   1.0    15   6.9 186 1022.8  14.4  16.3  12.6   MM   MM    MM
2026 09 19 09 10 210  3.0  4.0    MM    MM    MM  MM 1022.8  14.4  16.3  12.8   MM   MM    MM
2026 09 19 09 00 220  3.0  4.0    MM    MM    MM  MM 1023.0  14.3  16.3  12.7   MM -0.3    MM
2026 09 19 08 50 220  4.0  4.0   1.0    15   6.5 183 1023.0  14.3  16.3  12.8   MM   MM    MM
2026 09 19 08 40 220  4.0  5.0    MM    MM    MM  MM 1023.1  14.6  16.3  12.7   MM   MM    MM
2026 09 19 08 30 170  2.0  3.0    MM    MM    MM  MM 1023.1  14.9  16.3  11.5   MM   MM    MM
2026 09 19 08 20 170  1.0  2.0   1.0    15   6.1 253 1023.2  14.8  16.3  11.3   MM   MM    MM
2026 09 19 08 10 170  1.0  2.0    MM    MM    MM  MM 1023.2  14.9  16.3  11.3   MM   MM    MM
2026 09 19 08 00 150  1.0  2.0    MM    MM    MM  MM 1023.3  14.9  16.3  11.3   MM -0.7    MM
2026 09 19 07 50 100  1.0  2.0   1.0     6   6.0 353 1023.3  14.8  16.3  11.1   MM   MM    MM
2026 09 19 07 40  80  1.0  3.0    MM    MM    MM  MM 1023.3  14.8  16.3  11.4   MM   MM    MM
2026 09 19 07 30 140  2.0  3.0    MM    MM    MM  MM 1023.3  14.9  16.3  11.6   MM   MM    MM
2026 09 19 07 20 120  1.0  2.0   1.0     6   6.0 359 1023.3  14.9  16.3  11.0   MM   MM    MM
2026 09 19 07 10 110  1.0  3.0   1.0    MM   6.0 359 1023.2  14.8  16.3  11.0   MM   MM    MM
2026 09 19 07 00 120  1.0  2.0    MM    MM    MM  MM 1023.3  14.8  16.3  11.3   MM -0.5    MM
2026 09 19 06 50 120  1.0  2.0   1.1     6   6.2 350 1023.2  14.8  16.3  11.4   MM   MM    MM
2026 09 19 06 40 100  1.0  2.0    MM    MM    MM  MM 1023.2  14.7  16.3  11.4   MM   MM    MM
2026 09 19 06 30 130  2.0  3.0    MM    MM    MM  MM 1023.3  14.7  16.3  11.5   MM   MM    MM
2026 09 19 06 20 150  2.0  3.0   1.2     6   6.5 351 1023.3  14.6  16.3  11.7   MM   MM    MM
2026 09 19 06 10 140  3.0  4.0   1.2    MM   6.5 351 1023.3  14.5  16.3  12.0   MM   MM    MM
2026 09 19 06 00  MM  0.0  1.0    MM    MM    MM  MM 1023.4  14.6  16.3  11.8   MM -0.3    MM
2026 09 19 05 50  MM  0.0  1.0   1.2     7   6.7 344 1023.4  14.6    MM  11.8   MM   MM    MM
2026 09 19 05 40  MM  0.0  1.0   1.2    MM   6.7 344 1023.5  14.6  16.3  11.9   MM   MM    MM
2026 09 19 05 30  MM  0.0  1.0    MM    MM    MM  MM 1023.6  14.6  16.3  11.8   MM   MM    MM
2026 09 19 05 20 310  1.0  2.0   1.3     6   6.8 351 1023.7  14.5  16.3  11.8   MM   MM    MM
2026 09 19 05 10 300  1.0  2.0    MM    MM    MM  MM 1023.8  14.5  16.3  11.7   MM   MM    MM
2026 09 19 05 00 300  2.0  2.0    MM    MM    MM  MM 1023.9  14.5  16.3  11.7   MM +0.4    MM
2026 09 19 04 50 300  2.0  3.0   1.2    16   6.9 165 1023.9  14.5  16.3  11.9   MM   MM    MM
2026 09 19 04 40 290  3.0  3.0    MM    MM    MM  MM 1023.8  14.5  16.3  11.9   MM   MM    MM
2026 09 19 04 30 280  3.0  4.0    MM    MM    MM  MM 1023.8  14.6  16.3  12.0   MM   MM    MM
2026 09 19 04 20 260  2.0  4.0   1.1    16   6.6 157 1023.8  14.6  16.3  12.0   MM   MM    MM
2026 09 19 04 10 270  1.0  3.0   1.1    MM   6.6 157 1023.7  14.6  16.3  11.9   MM   MM    MM
2026 09 19 04 00 320  1.0  2.0    MM    MM    MM  MM 1023.7  14.6  16.3  11.6   MM +0.0    MM
2026 09 19 03 50 320  1.0  2.0   1.2     7   6.4 348 1023.6  14.6  16.3  11.6   MM   MM    MM
2026 09 19 03 40 260  1.0  3.0   1.2    MM   6.4 348 1023.7  14.7  16.3  11.8   MM   MM    MM
2026 09 19 03 30 250  3.0  4.0    MM    MM    MM  MM 1023.6  14.6  16.3  12.2   MM   MM    MM
2026 09 19 03 20 250  2.0  5.0   1.1     7   6.6 342 1023.6  14.9  16.4  12.0   MM   MM    MM
2026 09 19 03 10 280  1.0  2.0   1.1    MM   6.6 342 1023.6  14.9  16.4  11.8   MM   MM    MM
2026 09 19 03 00  MM  0.0  2.0    MM    MM    MM  MM 1023.6  14.9  16.3  11.6   MM -0.3    MM
2026 09 19 02 50 290  1.0  2.0   1.3    16   6.8 196 1023.6  14.8  16.4  11.6   MM   MM    MM
2026 09 19 02 40 290  2.0  4.0    MM    MM    MM  MM 1023.6  14.7  16.3  11.7   MM   MM    MM
2026 09 19 02 30 280  1.0  3.0    MM    MM    MM  MM 1023.6  14.9  16.4  11.9   MM   MM    MM
2026 09 19 02 20 310  1.0  1.0   1.2     7   6.8 345 1023.6  14.8  16.4  11.9   MM   MM    MM
2026 09 19 02 10 290  2.0  3.0   1.2    MM   6.8 345 1023.5  14.6  16.4  11.8   MM   MM    MM
2026 09 19 02 00 260  1.0  2.0    MM    MM    MM  MM 1023.5  14.7  16.4  11.9   MM -0.5    MM
2026 09 19 01 50 230  2.0  3.0   1.2     7   6.5 351 1023.5  14.8  16.4  11.9   MM   MM    MM
2026 09 19 01 40 230  1.0  2.0   1.2    MM   6.5 351 1023.6  14.9  16.4  11.8   MM   MM    MM
2026 09 19 01 30 210  1.0  3.0    MM    MM    MM  MM 1023.6  14.9  16.4  11.8   MM   MM    MM
2026 09 19 01 20 240  1.0  3.0   1.2     7   6.6 347 1023.5  15.0  16.4  11.9   MM   MM    MM
2026 09 19 01 10 250  1.0  2.0   1.2    MM   6.6 347 1023.6  15.1  16.5  12.2   MM   MM    MM
2026 09 19 01 00 260  1.0  2.0    MM    MM    MM  MM 1023.6  15.0  16.4  12.2   MM -0.6    MM
2026 09 19 00 50 270  1.0  2.0   1.2     7   6.6 351 1023.6  15.0  16.5  12.3   MM   MM    MM
2026 09 19 00 40 280  1.0  2.0    MM    MM    MM  MM 1023.6  15.1  16.5  12.3   MM   MM    MM
2026 09 19 00 30  MM  0.0  1.0    MM    MM    MM  MM 1023.7  15.3  16.5  12.4   MM   MM    MM
2026 09 19 00 20  MM  0.0  1.0   1.2     8   6.7 343 1023.8  15.4  16.5  12.4   MM   MM    MM
2026 09 19 00 10  MM  0.0  1.0   1.2    MM   6.7 343 1023.8  15.6  16.5  12.5   MM   MM    MM
2026 09 19 00 00  MM  0.0  0.0    MM    MM    MM  MM 1023.9  15.6  16.5  12.5   MM -0.7    MM
2026 09 18 23 50  MM  0.0  1.0   1.2     7   6.5 350 1023.9  15.3  16.5  12.3   MM   MM    MM
2026 09 18 23 40  MM  0.0  2.0   1.2    MM   6.5 350 1024.0  15.3  16.4  12.4   MM   MM    MM
2026 09 18 23 20 330  1.0  1.0   1.3     7   6.5 358 1023.8  15.2  16.4  12.5   MM   MM    MM
2026 09 18 23 10 340  1.0  2.0   1.3    MM   6.5 358 1024.0  15.0  16.4  12.5   MM   MM    MM
2026 09 18 23 00 330  1.0  2.0    MM    MM    MM  MM 1024.0  14.8  16.4  12.4   MM -0.9    MM
2026 09 18 22 50 310  2.0  3.0   1.2     7   6.2 352 1024.1  14.6  16.4  12.3   MM   MM    MM
2026 09 18 22 40 320  2.0  3.0   1.2    MM   6.2 352 1024.2  14.6  16.4  12.5   MM   MM    MM
2026 09 18 22 30 320  3.0  3.0    MM    MM    MM  MM 1024.2  14.7  16.4  12.6   MM   MM    MM
2026 09 18 22 20 320  3.0  3.0   1.2     9   6.4 325 1024.3  14.6  16.4  12.4   MM   MM    MM
2026 09 18 22 10 320  3.0  4.0   1.2    MM   6.4 325 1024.3  14.6  16.4  12.6   MM   MM    MM
2026 09 18 22 00 310  3.0  4.0    MM    MM    MM  MM 1024.2  14.6  16.4  12.5   MM -0.7    MM
2026 09 18 21 50 310  3.0  3.0   1.3     8   6.6 325 1024.5  14.8  16.4  12.6   MM   MM    MM
2026 09 18 21 40 300  2.0  3.0   1.3    MM   6.6 325 1024.5  14.8  16.4  12.5   MM   MM    MM
2026 09 18 21 30 310  2.0  3.0    MM    MM    MM  MM 1024.6  14.8  16.4  12.6   MM   MM    MM
2026 09 18 21 20 300  2.0  3.0   1.4     9   6.5 318 1024.5  14.6  16.4  12.7   MM   MM    MM
2026 09 18 21 10 320  2.0  3.0   1.4    MM   6.5 318 1024.6  14.5  16.4  12.7   MM   MM    MM
2026 09 18 21 00 330  3.0  3.0    MM    MM    MM  MM 1024.6  14.4  16.3  12.8   MM -0.4    MM
2026 09 18 20 50 320  3.0  4.0   1.3     7   6.2   9 1024.6  14.4  16.3  12.9   MM   MM    MM
2026 09 18 20 40 320  4.0  5.0   1.3    MM   6.2   9 1024.6  14.3  16.3  12.8   MM   MM    MM
2026 09 18 20 30 320  4.0  5.0    MM    MM    MM  MM 1024.7  14.4  16.3  12.7   MM   MM    MM
2026 09 18 20 20 320  3.0  5.0   1.3     8   6.2 323 1024.8  14.5  16.3  12.6   MM   MM    MM
2026 09 18 20 10 320  3.0  4.0   1.3    MM   6.2 323 1024.8  14.5  16.3  12.6   MM   MM    MM
2026 09 18 20 00 310  3.0  3.0    MM    MM    MM  MM 1024.8  14.5  16.3  12.6   MM +0.0    MM
2026 09 18 19 50 310  3.0  4.0   1.4     7   6.0 357 1025.0  14.4  16.3  12.6   MM   MM    MM
2026 09 18 19 40 320  3.0  5.0   1.4    MM   6.0 357 1025.0  14.6  16.3  12.7   MM   MM    MM
2026 09 18 19 30 300  2.0  3.0    MM    MM    MM  MM 1025.1  14.7  16.3  12.7   MM   MM    MM
2026 09 18 19 20 300  3.0  3.0   1.4     8   6.1 352 1025.0    MM  16.2    MM   MM   MM    MM
2026 09 18 19 10 320  2.0  4.0    MM    MM    MM  MM 1024.9  15.0  16.2  12.1   MM   MM    MM
2026 09 18 19 00 330  3.0  4.0    MM    MM    MM  MM 1024.9  14.8  16.2  11.8   MM +0.3    MM
2026 09 18 18 50 320  2.0  2.0   1.4     7   6.0   7 1025.0  14.8  16.2  12.3   MM   MM    MM
2026 09 18 18 40 320  2.0  3.0   1.4    MM   6.0   7 1025.0  14.8  16.2  12.2   MM   MM    MM
2026 09 18 18 30 330  1.0  2.0    MM    MM    MM  MM 1024.9  14.8  16.2  12.0   MM   MM    MM
2026 09 18 18 20 360  2.0  3.0   1.4     7   6.1   1 1024.9  14.7  16.2  12.0   MM   MM    MM
2026 09 18 18 10 350  2.0  3.0   1.4    MM   6.1   1 1025.0  14.6  16.2  12.2   MM   MM    MM
2026 09 18 18 00 360  2.0  3.0    MM    MM    MM  MM 1025.0  14.6  16.2  12.2   MM +0.5    MM
2026 09 18 17 50 360  2.0  3.0   1.4     8   6.0   7 1024.9  14.4  16.2  12.2   MM   MM    MM
2026 09 18 17 40  10  2.0  3.0    MM    MM    MM  MM 1024.9  14.2  16.2  12.3   MM   MM    MM
2026 09 18 17 30 360  3.0  3.0    MM    MM    MM  MM 1024.8  14.0  16.2  12.3   MM   MM    MM
2026 09 18 17 20 340  3.0  4.0   1.4     7   6.0   7 1024.7  14.0  16.2  12.4   MM   MM    MM
2026 09 18 17 10 330  4.0  5.0   1.4    MM   6.0   7 1024.7  14.0  16.2  12.3   MM   MM    MM
2026 09 18 17 00 330  5.0  6.0    MM    MM    MM  MM 1024.7  14.1  16.2  12.4   MM +0.3    MM
2026 09 18 16 50 330  5.0  6.0   1.4     7   5.7   0 1024.6  14.4  16.2  12.8   MM   MM    MM
2026 09 18 16 40 340  3.0  6.0   1.4    MM   5.7   0 1024.6  14.7  16.2  12.1   MM   MM    MM
2026 09 18 16 30 350  3.0  4.0    MM    MM    MM  MM 1024.6  14.6  16.2  12.1   MM   MM    MM
2026 09 18 16 20 340  3.0  4.0   1.5     7   5.9   0 1024.6  14.7  16.2  12.0   MM   MM    MM
2026 09 18 16 10 360  4.0  5.0   1.5    MM   5.9   0 1024.6  14.7  16.2  12.1   MM   MM    MM
2026 09 18 16 00 330  3.0  4.0    MM    MM    MM  MM 1024.5  14.7  16.2  12.0   MM +0.4    MM
2026 09 18 15 50 340  3.0  5.0   1.6     7   5.9 358 1024.6  14.7  16.2  12.1   MM   MM    MM
2026 09 18 15 40 350  3.0  5.0   1.6    MM   5.9 358 1024.5  14.7  16.2  12.0   MM   MM    MM
2026 09 18 15 30 350  5.0  6.0    MM    MM    MM  MM 1024.5  14.7  16.2  12.2   MM   MM    MM
2026 09 18 15 20 340  3.0  4.0   1.5     7   5.8  12 1024.5  14.7  16.2  12.3   MM   MM    MM
2026 09 18 15 10 320  3.0  4.0   1.5    MM   5.8  12 1024.5  14.7  16.2  12.3   MM   MM    MM
2026 09 18 15 00 320  2.0  5.0    MM    MM    MM  MM 1024.5  14.7  16.2  12.1   MM +0.5    MM
2026 09 18 14 50 340  3.0  4.0   1.6     7   5.7   7 1024.6  14.7  16.2  12.1   MM   MM    MM
2026 09 18 14 40 340  3.0  5.0    MM    MM    MM  MM 1024.5  14.7  16.2  12.0   MM   MM    MM
2026 09 18 14 30 350  4.0  6.0    MM    MM    MM  MM 1024.5  14.8  16.2  12.2   MM   MM    MM
2026 09 18 14 20 350  5.0  6.0   1.5     7   5.7 357 1024.5  14.8  16.2  12.3   MM   MM    MM
2026 09 18 14 10 340  5.0  7.0   1.5    MM   5.7 357 1024.4  14.8  16.2  12.5   MM   MM    MM
2026 09 18 14 00 330  4.0  6.0    MM    MM    MM  MM 1024.4  14.8  16.2  12.5   MM +0.3    MM
2026 09 18 13 50 330  4.0  7.0   1.5     7   5.6   3 1024.3  14.8  16.2  12.5   MM   MM    MM
2026 09 18 13 40 340  4.0  6.0   1.5    MM   5.6   3 1024.3  15.0  16.2  12.8   MM   MM    MM
2026 09 18 13 30 340  3.0  4.0    MM    MM    MM  MM 1024.3  14.9  16.2  12.3   MM   MM    MM
2026 09 18 13 20 340  4.0  5.0   1.5     7   5.7 356 1024.3  14.9  16.2  12.3   MM   MM    MM
2026 09 18 13 10 360  4.0  6.0   1.5    MM   5.7 356 1024.4  14.8  16.2  12.2   MM   MM    MM
2026 09 18 13 00  10  4.0  6.0    MM    MM    MM  MM 1024.2  14.8  16.2  12.2   MM +0.0    MM
2026 09 18 12 50 360  4.0  6.0   1.6     7   5.9   0 1024.2  14.8  16.2  12.3   MM   MM    MM
2026 09 18 12 40  10  5.0  7.0   1.6    MM   5.9   0 1024.2  14.8  16.2  12.4   MM   MM    MM
2026 09 18 12 30 350  4.0  6.0    MM    MM    MM  MM 1024.1  14.8  16.2  12.3   MM   MM    MM
2026 09 18 12 20 340  4.0  6.0   1.6     7   5.9   5 1024.1  14.9  16.2  12.5   MM   MM    MM
2026 09 18 12 10 350  5.0  6.0   1.6    MM   5.9   5 1024.0  14.8  16.2  12.3   MM   MM    MM
2026 09 18 12 00 350  5.0  8.0    MM    MM    MM  MM 1024.0  14.8  16.2  12.2   MM -0.4    MM
2026 09 18 11 50 340  5.0  8.0   1.6    MM   5.7   8 1024.0  14.9    MM  12.5   MM   MM    MM
2026 09 18 11 40  MM   MM   MM   1.6     7    MM  MM     MM    MM  16.2    MM   MM   MM    MM
2026 09 18 11 30 360  4.0  6.0    MM    MM    MM  MM 1024.1  14.8  16.2  12.3   MM   MM    MM
2026 09 18 11 20 340  6.0  7.0   1.6     7   5.8   2 1024.0  14.9  16.2  12.6   MM   MM    MM
2026 09 18 11 10 340  5.0  7.0   1.6    MM   5.8   2 1024.0  14.9  16.2  12.7   MM   MM    MM
2026 09 18 11 00 330  4.0  6.0    MM    MM    MM  MM 1024.1  14.9  16.2  12.7   MM -0.3    MM
2026 09 18 10 50 350  5.0  7.0   1.7     7   5.7   6 1024.1  14.9  16.2  12.6   MM   MM    MM
2026 09 18 10 40 350  5.0  7.0    MM    MM    MM  MM 1024.1  14.9  16.2  12.7   MM   MM    MM
2026 09 18 10 30 350  5.0  7.0    MM    MM    MM  MM 1024.2  14.9  16.2  12.6   MM   MM    MM
2026 09 18 10 20 340  6.0  8.0   1.6     7   5.7 357 1024.3  14.8  16.2  12.3   MM   MM    MM
2026 09 18 10 10 340  7.0  8.0   1.6    MM   5.7 357 1024.3  14.8  16.2  12.4   MM   MM    MM
2026 09 18 10 00 340  6.0  8.0    MM    MM    MM  MM 1024.2  14.7  16.2  12.3   MM +0.0    MM
2026 09 18 09 50 350  6.0  8.0   1.6     7   5.6 358 1024.2  14.7  16.2  12.4   MM   MM    MM
2026 09 18 09 40 340  7.0  9.0   1.6    MM   5.6 358 1024.2  14.7  16.2  12.4   MM   MM    MM
2026 09 18 09 30 340  7.0  9.0    MM    MM    MM  MM 1024.3  14.9  16.2  12.7   MM   MM    MM
2026 09 18 09 20 350  6.0  8.0   1.7     8   5.7   9 1024.4  14.9  16.2  12.6   MM   MM    MM
2026 09 18 09 10 340  6.0  8.0    MM    MM    MM  MM 1024.4  15.0  16.2  12.8   MM   MM    MM
2026 09 18 09 00 330  7.0  8.0    MM    MM    MM  MM 1024.4  15.0  16.2  12.8   MM +0.0    MM
2026 09 18 08 50 340  6.0  7.0   1.8     8   5.8  21 1024.3  14.9  16.2  12.7   MM   MM    MM
2026 09 18 08 40 340  7.0  9.0    MM    MM    MM  MM 1024.3  14.9  16.2  12.6   MM   MM    MM
2026 09 18 08 30 330  6.0  9.0    MM    MM    MM  MM 1024.3  14.9  16.2  12.8   MM   MM    MM
2026 09 18 08 20 340  6.0  8.0   1.7     8   5.7  10 1024.3  15.0  16.2  12.9   MM   MM    MM
2026 09 18 08 10 350  6.0  7.0    MM    MM    MM  MM 1024.3  14.9    MM  12.6   MM   MM    MM
2026 09 18 08 00 350  6.0  8.0    MM    MM    MM  MM 1024.3  14.8  16.2  12.6   MM +0.0    MM
2026 09 18 07 50 340  6.0  8.0   1.6     7   5.5 346 1024.3  14.8    MM  12.7   MM   MM    MM
2026 09 18 07 40 350  6.0  8.0   1.6    MM   5.5 346 1024.3  14.7  16.2  12.6   MM   MM    MM
2026 09 18 07 30 340  6.0  7.0    MM    MM    MM  MM 1024.3  14.7  16.2  12.7   MM   MM    MM
2026 09 18 07 20 340  6.0  8.0   1.8     8   5.9   3 1024.3  14.7    MM  12.8   MM   MM    MM
2026 09 18 07 10 340  6.0  8.0   1.8    MM   5.9   3 1024.2  14.7  16.2  12.8   MM   MM    MM
2026 09 18 07 00 340  7.0  8.0    MM    MM    MM  MM 1024.3  14.6  16.2  12.6   MM +0.0    MM
2026 09 18 06 50 350  7.0  9.0   1.6     8   5.6  14 1024.2    MM  16.2    MM   MM   MM    MM
2026 09 18 06 40 350  7.0  9.0    MM    MM    MM  MM 1024.0  14.6  16.2  12.7   MM   MM    MM
2026 09 18 06 30 340  7.0 10.0    MM    MM    MM  MM 1024.1  14.6  16.2  12.6   MM   MM    MM
2026 09 18 06 20 340  7.0  9.0   1.8     8   5.7  10 1024.2  14.7  16.2  12.8   MM   MM    MM
2026 09 18 06 10 340  7.0  9.0   1.8    MM   5.7  10 1024.2  14.8  16.2  12.9   MM   MM    MM
2026 09 18 06 00 360  7.0  9.0    MM    MM    MM  MM 1024.2  14.8  16.2  12.9   MM +0.3    MM
2026 09 18 05 50 350  7.0  9.0   2.0     8   6.0   1 1024.2    MM  16.2    MM   MM   MM    MM
2026 09 18 05 40 340  7.0  9.0    MM    MM    MM  MM 1024.2  14.8  16.2  12.6   MM   MM    MM
2026 09 18 05 30 350  7.0  8.0    MM    MM    MM  MM 1024.3  14.8  16.2  12.7   MM   MM    MM
2026 09 18 05 20 350  8.0 10.0   2.0     8   5.9  16 1024.3  14.8  16.2  12.7   MM   MM    MM
2026 09 18 05 10 350  8.0 10.0   2.0    MM   5.9  16 1024.2  15.0  16.2  12.9   MM   MM    MM
2026 09 18 05 00 360  8.0 10.0    MM    MM    MM  MM 1024.2  15.1  16.2  13.1   MM +0.0    MM
2026 09 18 04 50 340  7.0  9.0   1.9     8   5.8   6 1024.2  15.0  16.2  13.1   MM   MM    MM
2026 09 18 04 40 340  7.0 10.0    MM    MM    MM  MM 1024.2  14.9  16.2  13.1   MM   MM    MM
2026 09 18 04 30 350  7.0  9.0    MM    MM    MM  MM 1024.3  14.7  16.2  13.5   MM   MM    MM
2026 09 18 04 20 360  7.0  9.0   2.0     8   5.9  17 1024.2  15.0  16.2  13.2   MM   MM    MM
2026 09 18 04 10 340  8.0 10.0   2.0    MM   5.9  17 1024.3  15.2  16.2  13.1   MM   MM    MM
2026 09 18 04 00 350  8.0 10.0    MM    MM    MM  MM 1024.2  15.2  16.2  13.2   MM +0.0    MM
2026 09 18 03 50 360  7.0  9.0   2.0     8   5.8   9 1024.2  15.3  16.2  13.2   MM   MM    MM
2026 09 18 03 40 350  7.0  9.0   2.0    MM   5.8   9 1024.2  15.2  16.2  13.1   MM   MM    MM
2026 09 18 03 30 360  6.0  8.0    MM    MM    MM  MM 1024.2  15.0  16.2  13.4   MM   MM    MM
2026 09 18 03 20 350  7.0  9.0   2.0     8   5.9  18 1024.2    MM  16.2    MM   MM   MM    MM
2026 09 18 03 10 350  7.0  9.0    MM    MM    MM  MM 1024.0  15.3  16.3  13.3   MM   MM    MM
2026 09 18 03 00 360  6.0  8.0    MM    MM    MM  MM 1023.9  15.3  16.3  13.1   MM +0.0    MM
2026 09 18 02 50 350  7.0  8.0   2.1     8   5.9  15 1024.1  15.3  16.2  13.3   MM   MM    MM
2026 09 18 02 40 360  7.0  9.0   2.1    MM   5.9  15 1024.0  15.3  16.3  13.3   MM   MM    MM
2026 09 18 02 30 350  7.0  9.0    MM    MM    MM  MM 1024.0  15.2  16.3  13.3   MM   MM    MM
2026 09 18 02 20 360  6.0  8.0   2.1     8   5.9   3 1024.0    MM  16.3    MM   MM   MM    MM
2026 09 18 02 10 360  7.0  9.0    MM    MM    MM  MM 1024.1  15.3  16.2  13.2   MM   MM    MM
2026 09 18 02 00 360  7.0  9.0    MM    MM    MM  MM 1024.1  15.3  16.3  13.3   MM +0.0    MM
2026 09 18 01 50 360  7.0  9.0   1.9     8   5.7  11 1024.1  15.3  16.3  13.2   MM   MM    MM
2026 09 18 01 40 350  7.0  9.0   1.9    MM   5.7  11 1024.2  15.3  16.3  13.1   MM   MM    MM
2026 09 18 01 30 360  7.0  9.0    MM    MM    MM  MM 1024.2  15.4  16.3  13.3   MM   MM    MM
2026 09 18 01 20 360  7.0 10.0   2.1     8   5.8  14 1024.1  15.4  16.3  13.2   MM   MM    MM
2026 09 18 01 10 360  8.0  9.0   2.1    MM   5.8  14 1024.2  15.4  16.3  13.3   MM   MM    MM
2026 09 18 01 00 350  7.0  9.0    MM    MM    MM  MM 1024.2  15.4  16.3  13.5   MM +0.0    MM
2026 09 18 00 50 350  8.0 10.0   2.0     8   5.7   5 1024.2  15.4    MM  13.5   MM   MM    MM
2026 09 18 00 40 350  8.0  9.0   2.0    MM   5.7   5 1024.2  15.5  16.3  13.5   MM   MM    MM
2026 09 18 00 30 350  7.0  9.0    MM    MM    MM  MM 1024.2  15.5  16.3  13.4   MM   MM    MM
2026 09 18 00 20 350  7.0  9.0   2.1     8   5.8   2 1024.3  15.4  16.3  13.1   MM   MM    MM
2026 09 18 00 10 360  8.0 10.0   2.1    MM   5.8   2 1024.2  15.4  16.3  13.0   MM   MM    MM
2026 09 18 00 00 360  8.0 10.0    MM    MM    MM  MM 1024.0  15.5  16.3  13.3   MM +0.0    MM
2026 09 17 23 50 360  7.0  9.0   2.0    MM   5.8   7 1024.1    MM  16.3    MM   MM   MM    MM
2026 09 17 23 40 360  7.0 10.0   2.0    MM   5.8   7 1024.1  15.5  16.3  13.1   MM   MM    MM
2026 09 17 23 20 350  8.0 10.0   2.2     8   5.8 358 1024.1  15.5  16.3  13.3   MM   MM    MM
2026 09 17 23 10 350  9.0 11.0   2.2    MM   5.8 358 1024.2  15.5  16.3  13.3   MM   MM    MM
2026 09 17 23 00 350  9.0 10.0    MM    MM    MM  MM 1024.2  15.5  16.3  13.3   MM +0.0    MM
2026 09 17 22 50 360  8.0 10.0   2.3     8   5.9  10 1024.2  15.6  16.3  13.3   MM   MM    MM
2026 09 17 22 40 360  8.0  9.0    MM    MM    MM  MM 1024.1  15.6  16.3  13.5   MM   MM    MM
2026 09 17 22 30  10  7.0  9.0    MM    MM    MM  MM 1024.2  15.6  16.3  13.4   MM   MM    MM
2026 09 17 22 20  10  8.0  9.0   2.3     8   6.0   4 1024.2  15.6  16.3  13.3   MM   MM    MM
2026 09 17 22 10  10  8.0 10.0   2.3    MM   6.0   4 1024.4  15.6  16.3  13.2   MM   MM    MM
2026 09 17 22 00 360  8.0 10.0    MM    MM    MM  MM 1024.4  15.6  16.3  13.2   MM -0.0    MM
2026 09 17 21 50 360  9.0 11.0   2.2     7   5.7 359 1024.3  15.6  16.3  13.4   MM   MM    MM
2026 09 17 21 40 350  8.0 11.0   2.2    MM   5.7 359 1024.2  15.6  16.3  13.5   MM   MM    MM
2026 09 17 21 30 350  8.0 10.0    MM    MM    MM  MM 1024.2  15.5  16.3  13.5   MM   MM    MM
2026 09 17 21 20 360  8.0  9.0   2.2     8   5.7  10 1024.3  15.6    MM  13.3   MM   MM    MM
2026 09 17 21 10 360  8.0 11.0    MM    MM    MM  MM 1024.2  15.4  16.3  13.1   MM   MM    MM
2026 09 17 21 00 350  8.0 10.0    MM    MM    MM  MM 1024.3  15.3  16.3  13.2   MM +0.0    MM
2026 09 17 20 50 350  9.0 11.0   2.2     7   5.7 357 1024.2  15.3  16.3  13.2   MM   MM    MM
2026 09 17 20 40 350  8.0 10.0   2.2    MM   5.7 357 1024.2  15.3  16.3  13.4   MM   MM    MM
2026 09 17 20 30 350  8.0 10.0    MM    MM    MM  MM 1024.4  15.2  16.3  13.4   MM   MM    MM
2026 09 17 20 20 360  9.0 11.0   2.3     8   5.8   4 1024.4  15.3  16.3  13.4   MM   MM    MM
2026 09 17 20 10 350  9.0 11.0   2.3    MM   5.8   4 1024.3  15.2  16.3  13.4   MM   MM    MM
2026 09 17 20 00 350  9.0 11.0    MM    MM    MM  MM 1024.2  15.2  16.3  13.5   MM +0.0    MM
2026 09 17 19 50 350  9.0 11.0   2.3     8   5.7  10 1024.2  15.1  16.3  13.5   MM   MM    MM
2026 09 17 19 40 350  9.0 11.0   2.3    MM   5.7  10 1024.2  15.3  16.3  13.6   MM   MM    MM
2026 09 17 19 30 360  9.0 11.0    MM    MM    MM  MM 1024.2  15.3  16.3  13.4   MM   MM    MM
2026 09 17 19 20 360  9.0 11.0   2.2     7   5.8 350 1024.2    MM  16.3    MM   MM   MM    MM
2026 09 17 19 10 360  9.0 11.0    MM    MM    MM  MM 1024.3  15.1  16.3  13.7   MM   MM    MM
2026 09 17 19 00 350  9.0 10.0    MM    MM    MM  MM 1024.4  15.0  16.3  13.6   MM +0.5    MM
2026 09 17 18 50 360  9.0 11.0   2.5     8   6.1  12 1024.4  15.1  16.3  13.6   MM   MM    MM
2026 09 17 18 40 360  9.0 11.0   2.5    MM   6.1  12 1024.4  15.0  16.3  13.6   MM   MM    MM
2026 09 17 18 30 350  9.0 11.0    MM    MM    MM  MM 1024.5  15.1  16.2  13.9   MM   MM    MM
2026 09 17 18 20 350  9.0 11.0   2.3     8   5.8   6 1024.5  15.3  16.2  13.8   MM   MM    MM
2026 09 17 18 10 350  9.0 11.0   2.3    MM   5.8   6 1024.4  15.6  16.3  13.7   MM   MM    MM
2026 09 17 18 00 360  9.0 11.0    MM    MM    MM  MM 1024.3  15.7  16.3  13.0   MM +0.6    MM
2026 09 17 17 50 360  9.0 12.0   2.4     8   6.0   2 1024.2  15.8  16.3  12.7   MM   MM    MM
2026 09 17 17 40 360  9.0 11.0   2.4    MM   6.0   2 1024.2  15.7  16.2  12.3   MM   MM    MM
2026 09 17 17 30 360 10.0 12.0    MM    MM    MM  MM 1024.4  15.6  16.2  12.2   MM   MM    MM
2026 09 17 17 20 360  9.0 10.0   2.3     8   5.9   0 1024.5  15.7  16.3  12.4   MM   MM    MM
2026 09 17 17 10 360  9.0 11.0   2.3    MM   5.9   0 1024.2  15.7  16.3  12.3   MM   MM    MM
2026 09 17 17 00 360 10.0 12.0    MM    MM    MM  MM 1024.1  15.6  16.2  12.4   MM +0.5    MM
2026 09 17 16 50  10  9.0 11.0   1.9     8   5.5  13 1024.1  15.7  16.2  12.8   MM   MM    MM
2026 09 17 16 40  10  9.0 11.0   1.9    MM   5.5  13 1024.0  15.7  16.2  12.3   MM   MM    MM
2026 09 17 16 30  10 10.0 12.0    MM    MM    MM  MM 1024.0  15.7  16.2  12.3   MM   MM    MM
2026 09 17 16 20 360  9.0 12.0   2.2     8   5.5   4 1024.0    MM  16.2    MM   MM   MM    MM
2026 09 17 16 10  10  9.0 11.0    MM    MM    MM  MM 1024.1  15.6  16.3  12.3   MM   MM    MM
2026 09 17 16 00  10  9.0 11.0    MM    MM    MM  MM 1024.0  15.6  16.3  12.6   MM +0.3    MM
2026 09 17 15 50  10  9.0 11.0   2.1     8   5.5 357 1024.0  15.5  16.3  12.4   MM   MM    MM
2026 09 17 15 40 360  9.0 12.0   2.1    MM   5.5 357 1024.0  15.5  16.3  12.4   MM   MM    MM
2026 09 17 15 30  10 10.0 12.0    MM    MM    MM  MM 1024.0  15.4  16.3  12.1   MM   MM    MM
2026 09 17 15 20  10 10.0 12.0   2.3     8   5.6   6 1023.9  15.5  16.3  12.3   MM   MM    MM
2026 09 17 15 10  10 10.0 12.0   2.3    MM   5.6   6 1023.8  15.6  16.3  12.5   MM   MM    MM
2026 09 17 15 00  10 10.0 12.0    MM    MM    MM  MM 1023.7  15.5  16.3  13.1   MM +0.0    MM
2026 09 17 14 50 360  9.0 13.0   2.2     8   5.7 355 1023.6  15.6  16.3  13.2   MM   MM    MM
2026 09 17 14 40 360  9.0 11.0   2.2    MM   5.7 355 1023.6  15.6  16.3  13.0   MM   MM    MM
2026 09 17 14 30 360  9.0 11.0    MM    MM    MM  MM 1023.5  15.6  16.3  12.7   MM   MM    MM
2026 09 17 14 20 360  9.0 10.0   2.1     8   5.4 350 1023.6  15.6  16.3  12.6   MM   MM    MM
2026 09 17 14 10  10 10.0 13.0   2.1    MM   5.4 350 1023.6  15.5  16.3  12.2   MM   MM    MM
2026 09 17 14 00  10 10.0 13.0    MM    MM    MM  MM 1023.6  15.5  16.3  12.5   MM -0.4    MM
2026 09 17 13 50 360  9.0 13.0   2.1     8   5.6 356 1023.6    MM  16.3    MM   MM   MM    MM
2026 09 17 13 40 360  9.0 12.0    MM    MM    MM  MM 1023.7  15.4  16.3  12.3   MM   MM    MM
2026 09 17 13 30 360  9.0 13.0    MM    MM    MM  MM 1023.6  15.3  16.3  12.4   MM   MM    MM
2026 09 17 13 20 360  9.0 11.0   2.1     7   5.5   4 1023.7  15.2  16.3  12.1   MM   MM    MM
2026 09 17 13 10  10 10.0 12.0   2.1    MM   5.5   4 1023.7  15.1  16.3  11.9   MM   MM    MM
2026 09 17 13 00 360 11.0 14.0    MM    MM    MM  MM 1023.8  15.2  16.3  12.3   MM -0.6    MM
2026 09 17 12 50 360  9.0 11.0   2.0     8   5.6 355 1023.7  15.2  16.3  12.6   MM   MM    MM
2026 09 17 12 40 360  9.0 12.0    MM    MM    MM  MM 1023.6  15.1  16.3  12.3   MM   MM    MM
2026 09 17 12 30 360 10.0 13.0    MM    MM    MM  MM 1023.7  15.1  16.3  12.1   MM   MM    MM
2026 09 17 12 20 360 10.0 12.0   2.0     7   5.5 349 1023.6  15.0    MM  12.1   MM   MM    MM
2026 09 17 12 10 360  9.0 12.0   2.0    MM   5.5 349 1023.7  15.1  16.3  12.7   MM   MM    MM
2026 09 17 12 00 360  9.0 11.0    MM    MM    MM  MM 1023.8  15.2  16.3  12.6   MM -0.6    MM
2026 09 17 11 50 360  9.0 12.0   2.0     7   5.5 356 1023.8  15.1  16.3  12.7   MM   MM    MM
2026 09 17 11 40 350  9.0 12.0   2.0    MM   5.5 356 1023.9  15.0  16.3  12.4   MM   MM    MM
2026 09 17 11 30 360  9.0 11.0    MM    MM    MM  MM 1024.0  15.0  16.3  12.8   MM   MM    MM
2026 09 17 11 20 360 10.0 12.0   2.1     8   5.5   3 1023.9  14.8  16.3  12.9   MM   MM    MM
2026 09 17 11 10 360  9.0 12.0   2.1    MM   5.5   3 1024.0  14.9  16.3  12.8   MM   MM    MM
2026 09 17 11 00 350 10.0 12.0    MM    MM    MM  MM 1024.0  15.1  16.3  12.4   MM -0.7    MM
2026 09 17 10 50 360  9.0 12.0   1.9     8   5.4 353 1024.1  15.1  16.3  12.5   MM   MM    MM
2026 09 17 10 40 350  9.0 12.0    MM    MM    MM  MM 1024.1  15.1  16.3  12.8   MM   MM    MM
2026 09 17 10 30  10  9.0 11.0    MM    MM    MM  MM 1024.1  15.1  16.3  12.5   MM   MM    MM
2026 09 17 10 20 360 10.0 11.0   1.9     8   5.3 354 1024.2  15.0  16.3  12.6   MM   MM    MM
2026 09 17 10 10 360  9.0 11.0   1.9    MM   5.3 354 1024.3  15.0  16.3  12.9   MM   MM    MM
2026 09 17 10 00 360 10.0 11.0    MM    MM    MM  MM 1024.2  14.8  16.3  12.8   MM -0.7    MM
2026 09 17 09 50  10  9.0 11.0   2.0     8   5.4 357 1024.4  14.8  16.3  13.3   MM   MM    MM
2026 09 17 09 40  10  9.0 11.0    MM    MM    MM  MM 1024.4  14.6  16.3  13.3   MM   MM    MM
2026 09 17 09 30 360  9.0 12.0    MM    MM    MM  MM 1024.5  15.1  16.3  13.1   MM   MM    MM
2026 09 17 09 20 360  9.0 11.0   2.0     7   5.5 349 1024.4  15.1  16.3  13.0   MM   MM    MM
2026 09 17 09 10 350 10.0 12.0   2.0    MM   5.5 349 1024.5  15.0  16.3  12.9   MM   MM    MM
2026 09 17 09 00 360  9.0 11.0    MM    MM    MM  MM 1024.5  15.2  16.3  13.2   MM -0.6    MM
2026 09 17 08 50 350  9.0 11.0   2.1     7   5.4   0 1024.6  15.2    MM  12.9   MM   MM    MM
2026 09 17 08 40 350  9.0 12.0   2.1    MM   5.4   0 1024.6  15.2  16.3  12.9   MM   MM    MM
2026 09 17 08 30 350 10.0 12.0    MM    MM    MM  MM 1024.6  15.3  16.3  12.9   MM   MM    MM
2026 09 17 08 20 350  9.0 12.0   2.0     8   5.4 347 1024.6  15.4  16.3  12.9   MM   MM    MM
2026 09 17 08 10 350  9.0 12.0    MM    MM    MM  MM 1024.6  15.4  16.3  12.9   MM   MM    MM
2026 09 17 08 00 360  9.0 11.0    MM    MM    MM  MM 1024.7  15.4  16.3  12.9   MM -0.4    MM
2026 09 17 07 50 360  8.0 10.0   2.3     7   5.4 352 1024.7  15.3  16.3  12.8   MM   MM    MM
2026 09 17 07 40 360  9.0 11.0    MM    MM    MM  MM 1024.9  15.2  16.3  12.5   MM   MM    MM
2026 09 17 07 30 360 10.0 12.0   2.3    MM   5.4 352 1025.0  15.1  16.3  12.4   MM   MM    MM
2026 09 17 07 20 360  9.0 11.0   2.0     7   5.3 347 1024.9  15.4  16.3  13.0   MM   MM    MM
2026 09 17 07 10 350  9.0 11.0    MM    MM    MM  MM 1025.0  15.4  16.3  13.0   MM   MM    MM
2026 09 17 07 00 350  9.0 11.0    MM    MM    MM  MM 1025.0  15.4  16.3  12.9   MM +0.0    MM
2026 09 17 06 50 360  9.0 11.0   2.1     7   5.3   2 1024.9    MM  16.3    MM   MM   MM    MM
2026 09 17 06 40 360 10.0 11.0    MM    MM    MM  MM 1025.0  15.4  16.3  13.3   MM   MM    MM
2026 09 17 06 30 360  9.0 11.0    MM    MM    MM  MM 1024.9  15.4  16.3  13.3   MM   MM    MM
2026 09 17 06 20 350 10.0 12.0   2.1     7   5.3 358 1025.0  15.4  16.3  13.2   MM   MM    MM
2026 09 17 06 10 350 10.0 12.0   2.1    MM   5.3 358 1025.0  15.3  16.3  13.2   MM   MM    MM
2026 09 17 06 00 360  9.0 11.0    MM    MM    MM  MM 1025.1  15.3  16.3  13.2   MM +0.0    MM
2026 09 17 05 50 360 10.0 12.0   2.1     7   5.3 348 1025.2  15.3  16.3  13.3   MM   MM    MM
2026 09 17 05 40 360 10.0 11.0   2.1    MM   5.3 348 1025.1  15.1  16.3  13.6   MM   MM    MM
2026 09 17 05 30 360  9.0 12.0    MM    MM    MM  MM 1025.1  15.0  16.3  13.7   MM   MM    MM
2026 09 17 05 20 360  9.0 12.0   2.2     7   5.3 339 1025.1  15.3    MM  13.8   MM   MM    MM
2026 09 17 05 10 360 10.0 13.0   2.2    MM   5.3 339 1025.1  15.4  16.3  13.5   MM   MM    MM
2026 09 17 05 00 360 10.0 13.0    MM    MM    MM  MM 1025.1  15.3  16.3  13.3   MM -0.3    MM
2026 09 17 04 50 360 11.0 13.0   2.1     7   5.3 343 1025.1  15.4    MM  13.5   MM   MM    MM
2026 09 17 04 40 360 11.0 13.0   2.1    MM   5.3 343 1025.2  15.4  16.3  13.5   MM   MM    MM
2026 09 17 04 30  10 10.0 12.0    MM    MM    MM  MM 1025.1  15.4  16.3  13.5   MM   MM    MM
2026 09 17 04 20 360 10.0 13.0   2.0     7   5.2 346 1025.2  15.5  16.3  13.7   MM   MM    MM
2026 09 17 04 10 360 10.0 13.0   2.0    MM   5.2 346 1025.2  15.4  16.3  13.4   MM   MM    MM
2026 09 17 04 00 360 10.0 12.0    MM    MM    MM  MM 1025.2  15.5  16.3  13.7   MM +0.0    MM
2026 09 17 03 50 360 10.0 12.0   2.1     7   5.4 331 1025.1  15.4    MM  13.7   MM   MM    MM
2026 09 17 03 40 360 10.0 12.0   2.1    MM   5.4 331 1025.1  15.3  16.3  13.7   MM   MM    MM
2026 09 17 03 30 360 10.0 11.0    MM    MM    MM  MM 1025.2  15.3  16.3  13.9   MM   MM    MM
2026 09 17 03 20 360 10.0 13.0   1.9     7   5.3 345 1025.2  15.0  16.3  14.0   MM   MM    MM
2026 09 17 03 10 360 10.0 13.0   1.9    MM   5.3 345 1025.1  15.1  16.3  14.1   MM   MM    MM
2026 09 17 03 00 360 10.0 12.0    MM    MM    MM  MM 1025.2  15.3  16.3  14.0   MM -0.3    MM
2026 09 17 02 50 360 10.0 13.0   1.8     7   5.2 335 1025.1  15.1  16.3  13.9   MM   MM    MM
2026 09 17 02 40 360 10.0 13.0   1.8    MM   5.2 335 1025.2  15.4  16.3  13.9   MM   MM    MM
2026 09 17 02 30 360 10.0 12.0    MM    MM    MM  MM 1025.2  15.5  16.3  14.0   MM   MM    MM
2026 09 17 02 20 360 10.0 12.0   2.0     7   5.3 338 1025.2  15.5  16.3  13.9   MM   MM    MM
2026 09 17 02 10 360 10.0 13.0   2.0    MM   5.3 338 1025.2  15.4  16.3  13.9   MM   MM    MM
2026 09 17 02 00 360  9.0 12.0    MM    MM    MM  MM 1025.3  15.4  16.3  14.3   MM -0.6    MM
2026 09 17 01 50 360 10.0 12.0   1.9     7   5.4 332 1025.3  15.6  16.3  14.0   MM   MM    MM
2026 09 17 01 40 360 10.0 13.0   1.9    MM   5.4 332 1025.3  15.6  16.3  14.0   MM   MM    MM
2026 09 17 01 30 360  9.0 11.0    MM    MM    MM  MM 1025.3  15.7  16.3  14.1   MM   MM    MM
2026 09 17 01 20 360  9.0 12.0   1.9     8   5.3 332 1025.3  15.8  16.3  14.1   MM   MM    MM
2026 09 17 01 10 360 10.0 12.0   1.9    MM   5.3 332 1025.3  15.8    MM  13.9   MM   MM    MM
2026 09 17 01 00 360 10.0 12.0    MM    MM    MM  MM 1025.3  15.6  16.3  13.8   MM -1.1    MM
2026 09 17 00 50 360 10.0 13.0   1.8     7   5.1 330 1025.3  15.6  16.3  14.2   MM   MM    MM
2026 09 17 00 40 360  9.0 12.0   1.8    MM   5.1 330 1025.3  15.9  16.3  14.0   MM   MM    MM
2026 09 17 00 30 360  9.0 12.0    MM    MM    MM  MM 1025.2  15.8  16.3  13.7   MM   MM    MM
2026 09 17 00 20 360 10.0 12.0   1.8     7   5.2 338 1025.3  15.8  16.3  13.6   MM   MM    MM
2026 09 17 00 10 360 10.0 12.0   1.8    MM   5.2 338 1025.5  15.8  16.3  13.7   MM   MM    MM
2026 09 17 00 00 360  9.0 11.0    MM    MM    MM  MM 1025.6  16.0  16.3  13.8   MM -1.3    MM
2026 09 16 23 50 360  9.0 12.0   1.7     8   5.3 328 1025.7  15.9  16.3  13.5   MM   MM    MM
2026 09 16 23 40 360 10.0 12.0    MM    MM    MM  MM 1025.6  15.9  16.3  13.5   MM   MM    MM
2026 09 16 23 10 360  8.0 10.0   1.7    MM   5.3 340 1025.8  15.9  16.3  13.6   MM   MM    MM
2026 09 16 23 00 360  9.0 10.0    MM    MM    MM  MM 1025.9  15.9  16.3  13.5   MM -1.5    MM
2026 09 16 22 50 360  9.0 11.0   1.7     7   5.2 347 1026.1  15.9  16.3  13.5   MM   MM    MM
2026 09 16 22 40 360  8.0 10.0    MM    MM    MM  MM 1026.2  15.9  16.3  13.5   MM   MM    MM
2026 09 16 22 30  10  9.0 11.0    MM    MM    MM  MM 1026.4  15.8  16.3  13.2   MM   MM    MM
2026 09 16 22 20 360  9.0 11.0   1.8     7   5.4 334 1026.4  15.8  16.3  13.2   MM   MM    MM
2026 09 16 22 10 360  9.0 11.0   1.8    MM   5.4 334 1026.5  15.8  16.3  13.2   MM   MM    MM
2026 09 16 22 00 360  8.0 11.0    MM    MM    MM  MM 1026.5  15.8  16.3  13.3   MM -1.0    MM
2026 09 16 21 50 360  8.0 10.0   1.7     8   5.3 336 1026.7  15.8  16.3  13.3   MM   MM    MM
2026 09 16 21 40 360  9.0 11.0   1.7    MM   5.3 336 1026.7  15.8  16.3  13.4   MM   MM    MM
2026 09 16 21 30 350  9.0 11.0    MM    MM    MM  MM 1026.7  15.9  16.3  13.9   MM   MM    MM
2026 09 16 21 20 360  8.0  9.0   1.7     8   5.3 331 1026.8  15.9  16.3  13.7   MM   MM    MM
2026 09 16 21 10 360  8.0 10.0   1.7    MM   5.3 331 1026.9  15.8  16.3  13.4   MM   MM    MM
2026 09 16 21 00 360  8.0 10.0    MM    MM    MM  MM 1026.9  15.7  16.3  13.3   MM -0.5    MM
2026 09 16 20 50 360  8.0 10.0   1.8     8   5.3 324 1027.0  15.5  16.3  12.9   MM   MM    MM
2026 09 16 20 40 360  9.0 10.0   1.8    MM   5.3 324 1027.1  15.5  16.3  13.1   MM   MM    MM
2026 09 16 20 30 350  8.0 10.0    MM    MM    MM  MM 1027.2  15.5  16.3  13.3   MM   MM    MM
2026 09 16 20 20 350  8.0 10.0   1.7     8   5.3 332 1027.2    MM  16.3    MM   MM   MM    MM
2026 09 16 20 10 350  8.0 10.0    MM    MM    MM  MM 1027.2  15.4  16.3  12.9   MM   MM    MM
2026 09 16 20 00 360  8.0 10.0    MM    MM    MM  MM 1027.4  15.4  16.3  13.1   MM +0.0    MM
2026 09 16 19 50 360  9.0 11.0   1.8     7   5.3 351 1027.5  15.3  16.3  12.9   MM   MM    MM
2026 09 16 19 40 360  8.0 11.0   1.8    MM   5.3 351 1027.5  15.4  16.3  13.0   MM   MM    MM
2026 09 16 19 30 350  8.0 10.0    MM    MM    MM  MM 1027.5  15.3  16.3  13.0   MM   MM    MM
2026 09 16 19 20 360  8.0 10.0   1.7     7   5.3 347 1027.6  15.2  16.3  12.8   MM   MM    MM
2026 09 16 19 10 360  9.0 11.0    MM    MM    MM  MM 1027.5  15.2  16.3  12.8   MM   MM    MM
2026 09 16 19 00 350  8.0 11.0    MM    MM    MM  MM 1027.5  15.3  16.3  13.0   MM +0.3    MM
2026 09 16 18 50 360  8.0 11.0   1.7    MM   5.3 351 1027.6    MM  16.3    MM   MM   MM    MM
2026 09 16 18 40 360  8.0 10.0   1.7    MM   5.3 351 1027.6  15.2  16.3  12.8   MM   MM    MM
2026 09 16 18 30 360  9.0 11.0    MM    MM    MM  MM 1027.6  15.2  16.3  12.7   MM   MM    MM
2026 09 16 18 20 350  9.0 11.0   1.9     8   5.3 330 1027.5  15.3  16.3  12.9   MM   MM    MM
2026 09 16 18 10 350  9.0 11.0   1.9    MM   5.3 330 1027.5  15.2  16.3  12.7   MM   MM    MM
2026 09 16 18 00 360  9.0 11.0    MM    MM    MM  MM 1027.4  15.3  16.3  12.9   MM +0.4    MM
2026 09 16 17 50 360  9.0 10.0   1.7     8   5.2 335 1027.4  15.4  16.3  13.1   MM   MM    MM
2026 09 16 17 40 350  8.0 10.0   1.7    MM   5.2 335 1027.4  15.4  16.3  13.0   MM   MM    MM
2026 09 16 17 30 350  8.0 10.0    MM    MM    MM  MM 1027.4  15.4  16.3  12.8   MM   MM    MM
2026 09 16 17 20  10  9.0 10.0   1.8     8   5.4 322 1027.3  15.4  16.3  12.7   MM   MM    MM
2026 09 16 17 10  10  9.0 11.0   1.8    MM   5.4 322 1027.3  15.4  16.3  12.8   MM   MM    MM
2026 09 16 17 00 360  9.0 11.0    MM    MM    MM  MM 1027.2  15.4  16.3  12.7   MM +0.9    MM
2026 09 16 16 50 350  8.0 11.0   1.8    MM   5.2 335 1027.2    MM  16.3    MM   MM   MM    MM
2026 09 16 16 40 360  9.0 12.0   1.8    MM   5.2 335 1027.2  15.3  16.3  12.6   MM   MM    MM
2026 09 16 16 30 360  9.0 12.0    MM    MM    MM  MM 1027.1  15.4  16.3  12.8   MM   MM    MM
2026 09 16 16 20  10  8.0 10.0   1.9     7   5.4 341 1027.1  15.5  16.3  13.1   MM   MM    MM
2026 09 16 16 10  10  8.0 10.0   1.9    MM   5.4 341 1027.0  15.5  16.3  13.0   MM   MM    MM
2026 09 16 16 00 360  8.0  9.0    MM    MM    MM  MM 1027.1  15.6  16.3  13.3   MM +1.0    MM
2026 09 16 15 50 360  8.0 10.0   1.9     7   5.5 340 1027.1  15.6  16.3  13.2   MM   MM    MM
2026 09 16 15 40 360  8.0 10.0    MM    MM    MM  MM 1027.1  15.5  16.3  12.8   MM   MM    MM
2026 09 16 15 30 360  8.0 10.0    MM    MM    MM  MM 1027.0  15.6  16.3  13.1   MM   MM    MM
2026 09 16 15 20 360  8.0 10.0   1.9     8   5.4 311 1026.9  15.6  16.3  12.9   MM   MM    MM
2026 09 16 15 10  10  8.0 10.0   1.9    MM   5.4 311 1027.0  15.6  16.3  13.1   MM   MM    MM
2026 09 16 15 00 350  8.0 10.0    MM    MM    MM  MM 1026.9  15.5  16.3  13.7   MM +1.2    MM
2026 09 16 14 50 350  8.0 10.0   1.9     7   5.5 330 1026.7  15.7  16.3  13.6   MM   MM    MM
2026 09 16 14 40 360  8.0 11.0    MM    MM    MM  MM 1026.7  15.7  16.3  13.2   MM   MM    MM
2026 09 16 14 30 360  7.0  9.0    MM    MM    MM  MM 1026.6  15.7  16.3  13.2   MM   MM    MM
2026 09 16 14 20 360  8.0 10.0   2.1     6   5.6 340 1026.5  15.7  16.3  13.1   MM   MM    MM
2026 09 16 14 10 350  8.0 10.0   2.1    MM   5.6 340 1026.4  15.7  16.3  13.3   MM   MM    MM
2026 09 16 14 00 360  8.0 10.0    MM    MM    MM  MM 1026.4  15.7  16.3  13.0   MM +1.0    MM
2026 09 16 13 50 360  8.0 10.0   2.0     8   5.4 330 1026.4  15.6    MM  13.1   MM   MM    MM
2026 09 16 13 40 360  8.0 10.0   2.0    MM   5.4 330 1026.4  15.6  16.3  13.4   MM   MM    MM
2026 09 16 13 30 360  8.0 10.0    MM    MM    MM  MM 1026.2  15.6  16.3  13.4   MM   MM    MM
2026 09 16 13 20 350  8.0  9.0   1.9     8   5.4 325 1026.1  15.5  16.3  13.4   MM   MM    MM
2026 09 16 13 10 350  8.0 10.0   1.9    MM   5.4 325 1026.1  15.5  16.3  13.2   MM   MM    MM
2026 09 16 13 00 360  8.0 10.0    MM    MM    MM  MM 1026.1  15.6  16.3  13.1   MM +0.7    MM
2026 09 16 12 50 360  8.0 10.0   1.9     7   5.4 332 1026.0    MM  16.3    MM   MM   MM    MM
2026 09 16 12 40 360  8.0 10.0    MM    MM    MM  MM 1026.0  15.5  16.3  13.1   MM   MM    MM
2026 09 16 12 30 360  7.0 10.0    MM    MM    MM  MM 1025.9  15.6  16.3  13.3   MM   MM    MM
2026 09 16 12 20 360  7.0  8.0   1.8     7   5.4 321 1025.8  15.5  16.3  13.1   MM   MM    MM
2026 09 16 12 10 360  8.0 10.0   1.8    MM   5.4 321 1025.8  15.5  16.3  13.0   MM   MM    MM
2026 09 16 12 00  10  8.0 10.0    MM    MM    MM  MM 1025.7  15.4  16.3  12.8   MM -0.0    MM
2026 09 16 11 50 360  8.0 11.0   1.8     7   5.3 332 1025.7    MM  16.3    MM   MM   MM    MM
2026 09 16 11 40 360  8.0 11.0    MM    MM    MM  MM 1025.6  15.4  16.3  12.9   MM   MM    MM
2026 09 16 11 30 360  8.0 10.0    MM    MM    MM  MM 1025.5  15.4  16.3  12.8   MM   MM    MM
2026 09 16 11 20 350  8.0 10.0   1.7     7   5.3 344 1025.5  15.5    MM  12.9   MM   MM    MM
2026 09 16 11 10 360  8.0 10.0    MM    MM    MM  MM 1025.4  15.4  16.3  13.0   MM   MM    MM
2026 09 16 11 00 360  8.0 10.0    MM    MM    MM  MM 1025.4  15.5  16.3  13.4   MM +0.0    MM
2026 09 16 10 50 360  8.0  9.0   1.7     7   5.4 331 1025.3  15.5  16.3  13.4   MM   MM    MM
2026 09 16 10 40 350  8.0  9.0   1.7    MM   5.4 331 1025.4  15.6  16.3  13.2   MM   MM    MM
2026 09 16 10 30 350  8.0  9.0    MM    MM    MM  MM 1025.4  15.6  16.3  13.1   MM   MM    MM
2026 09 16 10 20 350  8.0  9.0   1.9     7   5.4 328 1025.4  15.6  16.3  13.0   MM   MM    MM
2026 09 16 10 10 350  8.0 10.0   1.9    MM   5.4 328 1025.3  15.6  16.3  13.0   MM   MM    MM
2026 09 16 10 00 350  9.0 11.0    MM    MM    MM  MM 1025.4  15.6  16.3  13.0   MM +0.0    MM
2026 09 16 09 50 360  8.0 10.0   1.7     7   5.2 333 1025.4  15.6  16.3  13.0   MM   MM    MM
2026 09 16 09 40 360  8.0 11.0   1.7    MM   5.2 333 1025.5  15.6  16.3  12.9   MM   MM    MM
2026 09 16 09 30 350  9.0 11.0    MM    MM    MM  MM 1025.5  15.6  16.3  12.8   MM   MM    MM
2026 09 16 09 20 360  9.0 11.0   1.8     8   5.3 331 1025.5  15.5    MM  12.7   MM   MM    MM
2026 09 16 09 10 360  8.0 10.0   1.8    MM   5.3 331 1025.6  15.6  16.3  12.6   MM   MM    MM
2026 09 16 09 00 350  9.0 10.0    MM    MM    MM  MM 1025.5  15.6  16.3  13.0   MM +0.0    MM
2026 09 16 08 50 350  9.0 11.0   1.7     7   5.3 327 1025.5  15.6  16.3  13.2   MM   MM    MM
2026 09 16 08 40 350  9.0 11.0   1.7    MM   5.3 327 1025.4  15.7  16.3  13.0   MM   MM    MM
2026 09 16 08 30 340  9.0 10.0    MM    MM    MM  MM 1025.4  15.7  16.3  13.0   MM   MM    MM
2026 09 16 08 20 350  8.0 10.0   1.9     7   5.5 323 1025.5  15.8  16.3  13.2   MM   MM    MM
2026 09 16 08 10 350  8.0 10.0    MM    MM    MM  MM 1025.5  15.7  16.3  13.1   MM   MM    MM
2026 09 16 08 00 350  9.0 10.0    MM    MM    MM  MM 1025.6  15.7  16.3  13.2   MM +0.3    MM
2026 09 16 07 50 350  7.0 10.0   1.9     7   5.4 330 1025.6  15.7  16.3  13.1   MM   MM    MM
2026 09 16 07 40 360  7.0  9.0    MM    MM    MM  MM 1025.6  15.7  16.4  12.8   MM   MM    MM
2026 09 16 07 30 360  8.0  9.0    MM    MM    MM  MM 1025.6  15.7  16.4  12.7   MM   MM    MM
2026 09 16 07 20 360  8.0  9.0   2.0     7   5.3 338 1025.6  15.6  16.4  12.8   MM   MM    MM
2026 09 16 07 10 360  8.0 10.0   2.0    MM   5.3 338 1025.6  15.6  16.4  12.6   MM   MM    MM
2026 09 16 07 00 360  9.0 11.0    MM    MM    MM  MM 1025.4  15.6  16.4  12.4   MM +0.7    MM
2026 09 16 06 50 350  9.0 11.0   1.9     7   5.5 342 1025.5  15.6  16.4  12.7   MM   MM    MM
2026 09 16 06 40 350  9.0 11.0   1.9    MM   5.5 342 1025.5  15.6  16.4  12.8   MM   MM    MM
2026 09 16 06 30 350  9.0 11.0    MM    MM    MM  MM 1025.5  15.7  16.4  13.1   MM   MM    MM
2026 09 16 06 20 360  9.0 11.0   1.8     7   5.3 343 1025.4    MM  16.4    MM   MM   MM    MM
2026 09 16 06 10  10  8.0  9.0    MM    MM    MM  MM 1025.5  15.9  16.4  12.8   MM   MM    MM
2026 09 16 06 00  10  8.0 10.0    MM    MM    MM  MM 1025.4  15.9  16.4  12.8   MM +1.2    MM
2026 09 16 05 50 360 10.0 12.0   1.9    MM   5.2 332 1025.4    MM  16.4    MM   MM   MM    MM
2026 09 16 05 40 350  9.0 11.0   1.9    MM   5.2 332 1025.3  15.9  16.4  13.0   MM   MM    MM
2026 09 16 05 30 350  9.0 11.0    MM    MM    MM  MM 1025.2  16.0  16.4  13.3   MM   MM    MM
2026 09 16 05 20 350  9.0 11.0   1.8     7   5.2 333 1025.1    MM  16.4    MM   MM   MM    MM
2026 09 16 05 10 350  8.0 11.0    MM    MM    MM  MM 1025.2  16.0  16.4  13.3   MM   MM    MM
2026 09 16 05 00 350  9.0 10.0    MM    MM    MM  MM 1025.2  16.0  16.4  13.0   MM +1.2    MM
2026 09 16 04 50 350  8.0 11.0   1.8     6   5.3 345 1025.1  16.0    MM  13.0   MM   MM    MM
2026 09 16 04 40 350  9.0 11.0   1.8    MM   5.3 345 1025.1  15.9  16.4  12.8   MM   MM    MM
2026 09 16 04 30 360  9.0 11.0    MM    MM    MM  MM 1025.1  15.9  16.4  12.9   MM   MM    MM
2026 09 16 04 20 350 10.0 12.0   1.8     7   5.3 328 1025.0  15.9  16.4  12.5   MM   MM    MM
2026 09 16 04 10 350  9.0 12.0   1.8    MM   5.3 328 1024.8  15.9  16.4  12.5   MM   MM    MM
2026 09 16 04 00 350 10.0 12.0    MM    MM    MM  MM 1024.8  15.9  16.4  12.6   MM +0.8    MM
2026 09 16 03 50 350 10.0 12.0   1.8     7   5.2 334 1024.6  15.9  16.4  12.6   MM   MM    MM
2026 09 16 03 40 360  9.0 12.0    MM    MM    MM  MM 1024.5  15.9  16.4  12.7   MM   MM    MM
2026 09 16 03 30 350  9.0 12.0    MM    MM    MM  MM 1024.4  16.0  16.4  12.8   MM   MM    MM
2026 09 16 03 20 350  9.0 11.0   1.8     6   5.2 337 1024.3  16.0  16.4  12.7   MM   MM    MM
2026 09 16 03 10 350 10.0 12.0   1.8    MM   5.2 337 1024.2  16.0  16.4  12.9   MM   MM    MM
2026 09 16 03 00 340 10.0 11.0    MM    MM    MM  MM 1024.2  16.1  16.4  13.1   MM +0.5    MM
2026 09 16 02 50 340 10.0 11.0   1.8     6   5.1 341 1024.1  16.1  16.4  13.5   MM   MM    MM
2026 09 16 02 40 340  9.0 10.0   1.8    MM   5.1 341 1024.0  16.2  16.4  13.3   MM   MM    MM
2026 09 16 02 30 350  9.0 10.0    MM    MM    MM  MM 1023.9  16.1  16.4  13.3   MM   MM    MM
2026 09 16 02 20 360  8.0 10.0   1.9    MM   5.2 328 1024.0    MM  16.4    MM   MM   MM    MM
2026 09 16 02 10 350  9.0 11.0   1.9    MM   5.2 328 1024.0  16.0  16.4  12.9   MM   MM    MM
2026 09 16 02 00 350  9.0 11.0    MM    MM    MM  MM 1023.9  16.0  16.4  13.0   MM +0.0    MM
2026 09 16 01 50 350  9.0 12.0   1.8     8   5.1 320 1023.9  16.0  16.4  12.8   MM   MM    MM
2026 09 16 01 40 350 10.0 13.0   1.8    MM   5.1 320 1023.8  16.1  16.4  12.6   MM   MM    MM
2026 09 16 01 30 350 10.0 12.0    MM    MM    MM  MM 1023.6  16.0  16.4  12.5   MM   MM    MM
2026 09 16 01 20 350 10.0 12.0    MM    MM    MM  MM 1023.7  16.0  16.4  12.6   MM   MM    MM
2026 09 16 01 10 350 10.0 12.0    MM    MM    MM  MM 1023.9  16.0  16.4  12.7   MM   MM    MM
2026 09 16 01 00 340 10.0 13.0    MM    MM    MM  MM 1023.9  16.0  16.4  12.9   MM +0.3    MM
2026 09 16 00 50 350 10.0 12.0   1.7     7   5.1 314 1023.8    MM  16.4    MM   MM   MM    MM
2026 09 16 00 40 350 10.0 12.0    MM    MM    MM  MM 1023.8  16.1  16.4  13.2   MM   MM    MM
2026 09 16 00 30 350  9.0 12.0    MM    MM    MM  MM 1023.7  16.1  16.4  13.6   MM   MM    MM
2026 09 16 00 20 350  9.0 12.0   1.7     7   5.4 317 1023.7  16.1  16.4  13.7   MM   MM    MM
2026 09 16 00 10 350  9.0 11.0   1.7    MM   5.4 317 1023.8  16.0  16.4  14.2   MM   MM    MM
2026 09 16 00 00 340  8.0  9.0    MM    MM    MM  MM 1023.7  16.1  16.4  14.4   MM +0.0    MM
2026 09 15 23 50 340  7.0  8.0   1.6     7   5.1 338 1023.6  16.0  16.4  14.4   MM   MM    MM
2026 09 15 23 40 340  7.0  9.0   1.6    MM   5.1 338 1023.7  15.9  16.4  14.3   MM   MM    MM
2026 09 15 23 20 340  8.0  9.0   1.6     7   5.2 330 1023.8  15.8  16.4  14.1   MM   MM    MM
2026 09 15 23 10 340  7.0  8.0   1.6    MM   5.2 330 1023.7  15.8    MM  13.9   MM   MM    MM
2026 09 15 23 00 350  8.0 10.0    MM    MM    MM  MM 1023.7  15.7  16.4  13.8   MM -0.0    MM
2026 09 15 22 50 350  9.0 11.0   1.6     8   5.2 321 1023.7  15.7    MM  14.1   MM   MM    MM
2026 09 15 22 40 350  8.0 11.0   1.6    MM   5.2 321 1023.7  15.7  16.4  14.2   MM   MM    MM
2026 09 15 22 30 350  8.0 11.0    MM    MM    MM  MM 1023.7  15.8  16.4  14.3   MM   MM    MM
2026 09 15 22 20 330  8.0  9.0   1.5     7   5.1 325 1023.7  16.0  16.4  14.4   MM   MM    MM
2026 09 15 22 10 340  8.0  9.0   1.5    MM   5.1 325 1023.7  16.0  16.4  14.2   MM   MM    MM
2026 09 15 22 00 340  8.0  9.0    MM    MM    MM  MM 1023.7  16.1  16.4  14.2   MM -0.3    MM
2026 09 15 21 50 340  8.0  9.0   1.5     7   5.0 325 1023.5  16.1  16.4  14.1   MM   MM    MM
2026 09 15 21 40 340  7.0  9.0   1.5    MM   5.0 325 1023.6  16.0  16.4  14.4   MM   MM    MM
2026 09 15 21 30 340  7.0  9.0    MM    MM    MM  MM 1023.5  15.8  16.4  14.3   MM   MM    MM
2026 09 15 21 20 340  7.0  9.0   1.6     7   5.1 335 1023.6  15.8  16.4  14.2   MM   MM    MM
2026 09 15 21 10 340  7.0  9.0   1.6    MM   5.1 335 1023.5  15.8  16.4  13.8   MM   MM    MM
2026 09 15 21 00 340  7.0  8.0    MM    MM    MM  MM 1023.5  15.7  16.4  14.0   MM +0.0    MM
2026 09 15 20 50 340  8.0 11.0   1.6     7   5.2 331 1023.5    MM  16.4    MM   MM   MM    MM
2026 09 15 20 40 340  9.0 12.0    MM    MM    MM  MM 1023.5  15.6  16.4  14.2   MM   MM    MM
2026 09 15 20 30 340  8.0 10.0    MM    MM    MM  MM 1023.7  15.8  16.4  14.3   MM   MM    MM
2026 09 15 20 20 340  8.0  9.0   1.6     8   5.1 312 1023.7  15.7    MM  14.4   MM   MM    MM
2026 09 15 20 10 340  8.0  9.0    MM    MM    MM  MM 1023.8  15.8  16.4  14.4   MM   MM    MM
2026 09 15 20 00 340  8.0 10.0   1.6    MM   5.1 312 1024.0  15.8  16.4  14.4   MM +0.5    MM
2026 09 15 19 50 340  8.0  9.0   1.6     7   5.1 332 1024.0  15.8    MM  14.4   MM   MM    MM
2026 09 15 19 40 340  8.0  9.0   1.6    MM   5.1 332 1024.0  15.8  16.4  14.3   MM   MM    MM
2026 09 15 19 30 340  8.0 10.0    MM    MM    MM  MM 1024.0  15.8  16.4  14.3   MM   MM    MM
2026 09 15 19 20 340  8.0  9.0   1.6     7   5.3 326 1024.0  15.8  16.4  14.2   MM   MM    MM
2026 09 15 19 10 340  8.0 10.0   1.6    MM   5.3 326 1024.0  15.8  16.4  14.1   MM   MM    MM
2026 09 15 19 00 340  8.0 10.0    MM    MM    MM  MM 1024.0  15.8  16.4  14.3   MM +0.5    MM
2026 09 15 18 50 340  7.0  9.0   1.6     7   5.0 324 1023.9  15.7  16.4  14.4   MM   MM    MM
2026 09 15 18 40 350  7.0  9.0    MM    MM    MM  MM 1023.9  15.5  16.4  14.4   MM   MM    MM
2026 09 15 18 30 350  7.0  9.0    MM    MM    MM  MM 1023.8  15.3  16.4  14.3   MM   MM    MM
2026 09 15 18 20 340  8.0 10.0   1.6    MM   5.0 330 1023.8  15.7    MM  14.1   MM   MM    MM
2026 09 15 18 10  MM   MM   MM   1.6     8    MM  MM     MM    MM  16.4    MM   MM   MM    MM
2026 09 15 18 00 350  8.0 10.0    MM    MM    MM  MM 1023.6  15.8  16.4  14.1   MM +0.9    MM
2026 09 15 17 50 340  8.0  9.0   1.5     7   5.1 328 1023.6  15.7  16.4  13.9   MM   MM    MM
2026 09 15 17 40 340  8.0 10.0   1.5    MM   5.1 328 1023.5  15.7  16.4  13.8   MM   MM    MM
2026 09 15 17 30 340  8.0 10.0    MM    MM    MM  MM 1023.5  15.8  16.4  14.2   MM   MM    MM
2026 09 15 17 20 340  8.0 10.0   1.4     7   5.0 325 1023.5  15.7  16.3  14.1   MM   MM    MM
2026 09 15 17 10 340  8.0 10.0   1.4    MM   5.0 325 1023.5  15.6  16.3  14.2   MM   MM    MM
2026 09 15 17 00 340  7.0  9.0    MM    MM    MM  MM 1023.5  15.6  16.4  14.4   MM +0.8    MM
2026 09 15 16 50 340  7.0  8.0   1.5     7   5.0 326 1023.4  15.5  16.3  14.5   MM   MM    MM
2026 09 15 16 40 340  8.0  9.0   1.5    MM   5.0 326 1023.5  15.6  16.3  14.4   MM   MM    MM
2026 09 15 16 30 340  8.0  9.0    MM    MM    MM  MM 1023.4  15.6  16.3  14.4   MM   MM    MM
2026 09 15 16 20 340  8.0 10.0   1.5     8   5.2 317 1023.4  15.5  16.3  14.4   MM   MM    MM
2026 09 15 16 10 340  8.0  9.0    MM    MM    MM  MM 1023.4  15.3  16.3  14.2   MM   MM    MM
2026 09 15 16 00 340  8.0  9.0    MM    MM    MM  MM 1023.4  15.2  16.3  14.4   MM +1.0    MM
2026 09 15 15 50 340  7.0  9.0   1.5     7   5.2 321 1023.5  15.5  16.3  14.3   MM   MM    MM
2026 09 15 15 40 340  8.0  9.0   1.5    MM   5.2 321 1023.4  15.7  16.3  14.3   MM   MM    MM
2026 09 15 15 30 340  7.0  9.0    MM    MM    MM  MM 1023.2  15.6  16.3  14.2   MM   MM    MM
2026 09 15 15 20 330  7.0  9.0   1.5     8   5.4 330 1023.1  15.4  16.3  14.0   MM   MM    MM
2026 09 15 15 10 340  8.0 10.0   1.5    MM   5.4 330 1023.0  15.5  16.3  14.2   MM   MM    MM
2026 09 15 15 00 340  7.0  9.0    MM    MM    MM  MM 1023.0  15.7  16.3  14.2   MM +0.3    MM
2026 09 15 14 50 340  7.0  9.0   1.4     8   5.2 324 1022.8  15.9  16.3  14.1   MM   MM    MM
2026 09 15 14 40 340  7.0  8.0   1.4    MM   5.2 324 1022.7  15.8  16.3  14.2   MM   MM    MM
2026 09 15 14 30 340  7.0  8.0    MM    MM    MM  MM 1022.6  15.8  16.3  14.6   MM   MM    MM
2026 09 15 14 20 340  7.0  9.0   1.5     8   5.2 330 1022.7  15.7  16.3  14.5   MM   MM    MM
2026 09 15 14 10 340  7.0  9.0   1.5    MM   5.2 330 1022.7  15.7  16.3  14.5   MM   MM    MM
2026 09 15 14 00 340  7.0  9.0    MM    MM    MM  MM 1022.6  15.7  16.3  14.3   MM +0.0    MM
2026 09 15 13 50 340  8.0 10.0   1.4     8   5.2 339 1022.5    MM  16.3    MM   MM   MM    MM
2026 09 15 13 40 340  8.0 10.0    MM    MM    MM  MM 1022.5  15.6  16.3  14.2   MM   MM    MM
2026 09 15 13 30 350  7.0  8.0    MM    MM    MM  MM 1022.6  15.6  16.3  14.3   MM   MM    MM
2026 09 15 13 20 340  8.0  9.0   1.4     8   5.2 326 1022.5  15.4  16.3  14.2   MM   MM    MM
2026 09 15 13 10 340  7.0  9.0   1.4    MM   5.2 326 1022.6  15.4  16.3  14.3   MM   MM    MM
2026 09 15 13 00 340  7.0  8.0    MM    MM    MM  MM 1022.5  15.3  16.4  14.2   MM +0.0    MM
2026 09 15 12 50 340  6.0  8.0   1.5     8   5.3 330 1022.4  15.3  16.4  14.2   MM   MM    MM
2026 09 15 12 40 340  7.0  8.0   1.5    MM   5.3 330 1022.4  15.4  16.4  14.2   MM   MM    MM
2026 09 15 12 30 340  7.0  8.0    MM    MM    MM  MM 1022.4  15.4  16.4  14.1   MM   MM    MM
2026 09 15 12 20 350  7.0  9.0   1.5     8   5.3 336 1022.4    MM  16.4    MM   MM   MM    MM
2026 09 15 12 10 350  6.0  7.0    MM    MM    MM  MM 1022.5  15.3  16.4  14.4   MM   MM    MM
2026 09 15 12 00 350  7.0  8.0    MM    MM    MM  MM 1022.5  15.0  16.4  14.1   MM +0.0    MM
2026 09 15 11 50 360  8.0 10.0   1.4     8   5.2 325 1022.4  14.8  16.4  14.1   MM   MM    MM
2026 09 15 11 40 360  8.0 10.0   1.4    MM   5.2 325 1022.4  15.1  16.4  14.4   MM   MM    MM
2026 09 15 11 30 340  7.0  9.0    MM    MM    MM  MM 1022.3  15.2  16.4  14.3   MM   MM    MM
2026 09 15 11 20 340  7.0  8.0   1.4     8   5.2 331 1022.4  15.2  16.4  14.3   MM   MM    MM
2026 09 15 11 10 340  8.0 10.0   1.4    MM   5.2 331 1022.4  15.1  16.4  14.2   MM   MM    MM
2026 09 15 11 00 340  8.0 10.0    MM    MM    MM  MM 1022.4  14.9  16.4  14.2   MM -0.4    MM
2026 09 15 10 50 350  8.0 10.0   1.4     8   5.2 335 1022.5  15.2  16.4  14.2   MM   MM    MM
2026 09 15 10 40 350  8.0 10.0    MM    MM    MM  MM 1022.6  15.1  16.4  14.1   MM   MM    MM
2026 09 15 10 30 330  9.0 10.0    MM    MM    MM  MM 1022.4  15.3  16.4  14.3   MM   MM    MM
2026 09 15 10 20 340  8.0 10.0   1.4     8   5.4 340 1022.4  15.7  16.4  13.9   MM   MM    MM
2026 09 15 10 10 340  8.0 10.0   1.4    MM   5.4 340 1022.4  15.6  16.4  14.0   MM   MM    MM
2026 09 15 10 00 350  8.0 10.0    MM    MM    MM  MM 1022.5  15.5  16.4  14.3   MM -0.4    MM
2026 09 15 09 50 350  8.0 10.0   1.4     8   5.6 334 1022.5    MM  16.4    MM   MM   MM    MM
2026 09 15 09 40 340  7.0  9.0    MM    MM    MM  MM 1022.5  15.1  16.4  14.4   MM   MM    MM
2026 09 15 09 30 350  8.0  9.0    MM    MM    MM  MM 1022.6  15.0  16.4  14.5   MM   MM    MM
2026 09 15 09 20 340  8.0 10.0   1.3     8   5.4 328 1022.6  15.4  16.4  14.6   MM   MM    MM
2026 09 15 09 10 340  7.0  9.0    MM    MM    MM  MM 1022.5  15.6  16.4  14.5   MM   MM    MM
2026 09 15 09 00 340  7.0  8.0    MM    MM    MM  MM 1022.5  15.6  16.4  14.3   MM -0.9    MM
2026 09 15 08 50 330  6.0  7.0   1.4     8   5.6 339 1022.5  15.4    MM  13.9   MM   MM    MM
2026 09 15 08 40 330  6.0  8.0    MM    MM    MM  MM 1022.6  15.1  16.4  14.0   MM   MM    MM
2026 09 15 08 30 340  6.0  8.0    MM    MM    MM  MM 1022.6  15.0  16.4  14.3   MM   MM    MM
2026 09 15 08 20 340  7.0  8.0   1.4     8   5.7 328 1022.8  15.2    MM  14.3   MM   MM    MM
2026 09 15 08 10 330  6.0  7.0    MM    MM    MM  MM 1022.8  15.5  16.4  14.6   MM   MM    MM
2026 09 15 08 00 330  7.0  8.0    MM    MM    MM  MM 1022.8  15.3  16.4  14.4   MM -0.7    MM
2026 09 15 07 50 330  6.0  8.0   1.5     7   5.7 328 1022.9  15.4  16.4  14.2   MM   MM    MM
2026 09 15 07 40 340  6.0  7.0   1.5    MM   5.7 328 1022.9  15.4  16.4  14.1   MM   MM    MM
2026 09 15 07 30 340  6.0  8.0    MM    MM    MM  MM 1023.0  15.2  16.4  14.0   MM   MM    MM
2026 09 15 07 20 350  6.0  8.0   1.5     7   5.6 327 1022.8    MM  16.4    MM   MM   MM    MM
2026 09 15 07 10 330  6.0  8.0    MM    MM    MM  MM 1022.7  15.8  16.4  14.3   MM   MM    MM
2026 09 15 07 00 320  5.0  7.0    MM    MM    MM  MM 1022.8  15.8  16.4  14.1   MM +0.0    MM
2026 09 15 06 50 330  6.0  7.0   1.4     8   5.5 355 1022.9  15.7  16.4  14.0   MM   MM    MM
2026 09 15 06 40 330  7.0  9.0    MM    MM    MM  MM 1022.9  15.5  16.4  13.7   MM   MM    MM
2026 09 15 06 30 330  6.0  8.0   1.4    MM   5.5 355 1023.1  15.6  16.4  14.2   MM   MM    MM
2026 09 15 06 20 330  6.0  8.0   1.5    MM   5.7 332 1023.1    MM  16.4    MM   MM   MM    MM
2026 09 15 06 10 330  6.0  8.0   1.5    MM   5.7 332 1023.3  15.5  16.4  14.2   MM   MM    MM
2026 09 15 06 00 330  7.0  8.0    MM    MM    MM  MM 1023.4  15.4  16.4  14.2   MM +0.3    MM
2026 09 15 05 50 350  6.0  8.0   1.6     8   5.8 342 1023.4    MM  16.4    MM   MM   MM    MM
2026 09 15 05 40 350  6.0  8.0    MM    MM    MM  MM 1023.5  15.4  16.4  14.5   MM   MM    MM
2026 09 15 05 30 330  7.0  9.0    MM    MM    MM  MM 1023.5  15.7  16.4  14.3   MM   MM    MM
2026 09 15 05 20 320  6.0  8.0   1.5     8   5.6 336 1023.6  15.8    MM  14.1   MM   MM    MM
2026 09 15 05 10 330  6.0  7.0   1.5    MM   5.6 336 1023.5  15.8  16.4  14.1   MM   MM    MM
2026 09 15 05 00 330  6.0  8.0    MM    MM    MM  MM 1023.5  15.7  16.4  14.2   MM +0.3    MM
2026 09 15 04 50 340  6.0  8.0   1.6     7   5.7 332 1023.4    MM  16.4    MM   MM   MM    MM
2026 09 15 04 40 330  7.0 10.0    MM    MM    MM  MM 1023.6  15.6  16.4  14.0   MM   MM    MM
2026 09 15 04 30 330  5.0  7.0    MM    MM    MM  MM 1023.4  15.8  16.4  13.8   MM   MM    MM
2026 09 15 04 20 330  6.0  8.0   1.5     7   5.7 328 1023.3  15.7  16.4  13.7   MM   MM    MM
2026 09 15 04 10 330  5.0  7.0   1.5    MM   5.7 328 1023.1  15.5  16.4  14.2   MM   MM    MM
2026 09 15 04 00 340  4.0  5.0    MM    MM    MM  MM 1022.9  15.3  16.4  14.3   MM -0.3    MM
2026 09 15 03 50 340  6.0  7.0   1.6     7   5.7 342 1023.0  15.3  16.4  14.3   MM   MM    MM
2026 09 15 03 40 330  6.0  7.0   1.6    MM   5.7 342 1022.9  15.7  16.4  14.2   MM   MM    MM
2026 09 15 03 30 330  5.0  7.0    MM    MM    MM  MM 1023.0  15.6  16.4  13.9   MM   MM    MM
2026 09 15 03 20 330  7.0  8.0   1.5     8   5.5 329 1023.1  15.4  16.4  14.0   MM   MM    MM
2026 09 15 03 10 320  6.0  8.0   1.5    MM   5.5 329 1023.2  15.2  16.4  14.1   MM   MM    MM
2026 09 15 03 00 320  7.0  8.0    MM    MM    MM  MM 1023.2  15.1  16.4  14.2   MM +0.0    MM
2026 09 15 02 50 330  8.0  9.0   1.6     7   5.6 326 1023.1  15.5  16.4  14.3   MM   MM    MM
2026 09 15 02 40 330  7.0  8.0   1.6    MM   5.6 326 1023.1  15.6  16.4  14.2   MM   MM    MM
2026 09 15 02 30 330  7.0  8.0    MM    MM    MM  MM 1023.1  15.4  16.4  14.3   MM   MM    MM
2026 09 15 02 20 340  6.0  8.0   1.6     7   5.4 331 1023.1  15.2  16.4  14.2   MM   MM    MM
2026 09 15 02 10 340  8.0  9.0   1.6    MM   5.4 331 1023.2  15.2  16.4  14.3   MM   MM    MM
2026 09 15 02 00 340  6.0  8.0    MM    MM    MM  MM 1023.1  15.7  16.4  14.2   MM +0.0    MM
2026 09 15 01 50 340  6.0  9.0   1.4    MM   5.5 328 1023.2    MM  16.4    MM   MM   MM    MM
2026 09 15 01 40 340  7.0  8.0   1.4    MM   5.5 328 1023.2  15.6  16.4  14.1   MM   MM    MM
2026 09 15 01 30 330  6.0  8.0    MM    MM    MM  MM 1023.1  15.3  16.4  14.2   MM   MM    MM
2026 09 15 01 20 340  7.0  9.0   1.5     8   5.5 346 1023.1  15.4  16.4  14.3   MM   MM    MM
2026 09 15 01 10 340  6.0  7.0   1.5    MM   5.5 346 1023.2  15.5  16.4  14.3   MM   MM    MM
2026 09 15 01 00 330  7.0  8.0    MM    MM    MM  MM 1023.2  15.5  16.4  14.3   MM +0.0    MM
2026 09 15 00 50 330  7.0  9.0   1.3     8   5.8 345 1023.2  15.2  16.4  14.3   MM   MM    MM
2026 09 15 00 40 330  6.0  9.0   1.3    MM   5.8 345 1023.2  15.3  16.4  14.5   MM   MM    MM
2026 09 15 00 30 330  7.0  8.0    MM    MM    MM  MM 1023.2  15.5  16.5  14.6   MM   MM    MM
2026 09 15 00 20 330  7.0  9.0   1.5     8   5.8 346 1023.3  15.6  16.4  14.5   MM   MM    MM
2026 09 15 00 10 340  6.0  8.0    MM    MM    MM  MM 1023.3  15.6  16.4  14.4   MM   MM    MM
2026 09 15 00 00 330  6.0  7.0    MM    MM    MM  MM 1023.2  15.6  16.4  14.5   MM +0.0    MM
2026 09 14 23 50 320  6.0  7.0   1.4     8   5.8 345 1023.2    MM  16.5    MM   MM   MM    MM
2026 09 14 23 40 320  6.0  7.0    MM    MM    MM  MM 1023.1  15.7  16.5  14.6   MM   MM    MM
2026 09 14 23 10 330  6.0  7.0   1.3    MM   5.6 344 1023.1  15.6  16.4  14.5   MM   MM    MM
2026 09 14 23 00 330  6.0  7.0    MM    MM    MM  MM 1023.2  15.5  16.4  14.5   MM -0.5    MM
2026 09 14 22 50 320  5.0  7.0   1.3     7   5.5 342 1023.2  15.4  16.4  14.5   MM   MM    MM
2026 09 14 22 40 330  6.0  8.0   1.3    MM   5.5 342 1023.1  15.6  16.4  14.7   MM   MM    MM
2026 09 14 22 30 330  6.0  7.0    MM    MM    MM  MM 1023.1  15.7  16.5  14.4   MM   MM    MM
2026 09 14 22 20 330  5.0  6.0   1.3     8   5.8 339 1023.1  15.7  16.4  14.4   MM   MM    MM
2026 09 14 22 10 330  6.0  7.0   1.3    MM   5.8 339 1023.1  15.7  16.4  14.3   MM   MM    MM
2026 09 14 22 00 340  6.0  7.0    MM    MM    MM  MM 1023.2  15.7  16.4  14.2   MM -0.6    MM
2026 09 14 21 50 330  6.0  8.0   1.4     8   5.8 343 1023.3  15.3  16.4  14.3   MM   MM    MM
2026 09 14 21 40 340  6.0  8.0   1.4    MM   5.8 343 1023.4  15.7  16.4  14.5   MM   MM    MM
2026 09 14 21 30 340  6.0  7.0    MM    MM    MM  MM 1023.4  15.7  16.4  14.4   MM   MM    MM
2026 09 14 21 20 340  7.0  8.0   1.2     8   5.7 333 1023.4  15.7  16.4  14.4   MM   MM    MM
2026 09 14 21 10 330  6.0  8.0   1.2    MM   5.7 333 1023.4  15.6  16.4  14.3   MM   MM    MM
2026 09 14 21 00 330  6.0  8.0    MM    MM    MM  MM 1023.5  15.5  16.4  14.4   MM -0.3    MM
2026 09 14 20 50 330  6.0  7.0   1.3     8   5.8 338 1023.5  15.7  16.4  14.5   MM   MM    MM
2026 09 14 20 40 330  6.0  7.0   1.3    MM   5.8 338 1023.5  15.6  16.4  14.3   MM   MM    MM
2026 09 14 20 30 340  5.0  7.0    MM    MM    MM  MM 1023.6  15.4  16.4  14.3   MM   MM    MM
2026 09 14 20 20 350  4.0  5.0   1.3     8   5.8 349 1023.6  15.1  16.4  14.3   MM   MM    MM
2026 09 14 20 10 360  6.0  8.0    MM    MM    MM  MM 1023.6  14.9  16.4  14.3   MM   MM    MM
2026 09 14 20 00 340  7.0  8.0    MM    MM    MM  MM 1023.7  15.1  16.4  14.4   MM +0.0    MM
2026 09 14 19 50 340  4.0  5.0   1.3     8   5.6 328 1023.7  15.1  16.4  14.4   MM   MM    MM
2026 09 14 19 40 330  5.0  6.0    MM    MM    MM  MM 1023.8  15.0  16.4  14.4   MM   MM    MM
2026 09 14 19 30 330  5.0  7.0    MM    MM    MM  MM 1023.8  15.2  16.4  14.5   MM   MM    MM
2026 09 14 19 20 320  6.0  6.0   1.3     8   5.9 329 1023.9  15.4  16.4  14.4   MM   MM    MM
2026 09 14 19 10 320  6.0  7.0   1.3    MM   5.9 329 1023.9  15.4  16.4  14.3   MM   MM    MM
2026 09 14 19 00 320  6.0  7.0    MM    MM    MM  MM 1023.9  15.2  16.4  14.3   MM +0.4    MM
2026 09 14 18 50 320  6.0  7.0   1.3     8   5.7 343 1024.0    MM  16.4    MM   MM   MM    MM
2026 09 14 18 40 320  5.0  6.0    MM    MM    MM  MM 1024.0  15.6  16.3  14.2   MM   MM    MM
2026 09 14 18 30 320  5.0  6.0    MM    MM    MM  MM 1024.0  15.6  16.3  14.1   MM   MM    MM
2026 09 14 18 20 320  5.0  6.0   1.3     8   5.7 326 1023.9  15.5  16.3  14.1   MM   MM    MM
2026 09 14 18 10 330  5.0  6.0   1.3    MM   5.7 326 1023.8  15.6  16.3  14.2   MM   MM    MM
2026 09 14 18 00 330  5.0  6.0    MM    MM    MM  MM 1023.7  15.6  16.3  14.1   MM +0.5    MM
2026 09 14 17 50 340  4.0  5.0   1.4     8   5.7 334 1023.7  15.5  16.3  14.1   MM   MM    MM
2026 09 14 17 40 340  5.0  6.0   1.4    MM   5.7 334 1023.7  15.4  16.3  14.1   MM   MM    MM
2026 09 14 17 30 340  4.0  6.0    MM    MM    MM  MM 1023.8  15.5  16.3  14.2   MM   MM    MM
2026 09 14 17 20 340  4.0  4.0   1.4     8   5.7 323 1023.9  15.3  16.3  14.0   MM   MM    MM
2026 09 14 17 10 350  4.0  5.0   1.4    MM   5.7 323 1023.9  15.3  16.3  13.9   MM   MM    MM
2026 09 14 17 00 350  4.0  5.0    MM    MM    MM  MM 1023.7  15.2  16.3  14.0   MM +1.0    MM
2026 09 14 16 50 340  5.0  6.0   1.3     8   5.8 346 1023.7  15.0    MM  13.8   MM   MM    MM
2026 09 14 16 40 340  5.0  7.0   1.3    MM   5.8 346 1023.7  15.2  16.3  13.8   MM   MM    MM
2026 09 14 16 30 330  5.0  6.0    MM    MM    MM  MM 1023.7  15.4  16.3  14.0   MM   MM    MM
2026 09 14 16 20 330  5.0  6.0   1.4     8   5.9 338 1023.6  15.5  16.3  14.1   MM   MM    MM
2026 09 14 16 10 340  5.0  6.0   1.4    MM   5.9 338 1023.7  15.4  16.3  13.9   MM   MM    MM
2026 09 14 16 00 330  5.0  7.0    MM    MM    MM  MM 1023.6  15.3  16.3  13.8   MM +0.8    MM
2026 09 14 15 50 330  5.0  7.0   1.6     8   5.8 315 1023.5  15.2  16.3  13.9   MM   MM    MM
2026 09 14 15 40 330  5.0  6.0   1.6    MM   5.8 315 1023.5  15.0  16.3  13.9   MM   MM    MM
2026 09 14 15 30 320  5.0  6.0    MM    MM    MM  MM 1023.4  14.8  16.3  13.9   MM   MM    MM
2026 09 14 15 20 320  6.0  7.0   1.6     8   5.8 329 1023.4  14.8  16.3  14.0   MM   MM    MM
2026 09 14 15 10 320  6.0  8.0   1.6    MM   5.8 329 1023.3  15.0  16.3  14.0   MM   MM    MM
2026 09 14 15 00 310  6.0  7.0    MM    MM    MM  MM 1023.2  15.0  16.3  14.0   MM +0.5    MM
2026 09 14 14 50 310  6.0  7.0   1.5     7   5.7 327 1023.1  15.1    MM  14.0   MM   MM    MM
2026 09 14 14 40 310  5.0  7.0   1.5    MM   5.7 327 1023.0  15.1  16.3  13.8   MM   MM    MM
2026 09 14 14 30 310  5.0  7.0    MM    MM    MM  MM 1023.0  14.8  16.3  13.2   MM   MM    MM
2026 09 14 14 20 310  7.0  8.0   1.7     8   5.7 331 1022.9  14.9  16.3  13.8   MM   MM    MM
2026 09 14 14 10 310  8.0  9.0   1.7    MM   5.7 331 1022.8  15.1  16.3  13.9   MM   MM    MM
2026 09 14 14 00 310  7.0  8.0    MM    MM    MM  MM 1022.8  15.3  16.3  14.0   MM +0.0    MM
2026 09 14 13 50 310  7.0  8.0   1.8     7   6.1 330 1022.8  15.4  16.3  13.9   MM   MM    MM
2026 09 14 13 40 300  6.0  8.0   1.8    MM   6.1 330 1022.8  15.4  16.3  13.7   MM   MM    MM
2026 09 14 13 30 300  6.0  7.0    MM    MM    MM  MM 1022.7  15.6  16.3  13.3   MM   MM    MM
2026 09 14 13 20 300  5.0  7.0   1.8     7   5.9 319 1022.7  15.5  16.3  12.9   MM   MM    MM
2026 09 14 13 10 300  5.0  6.0    MM    MM    MM  MM 1022.7  15.5  16.3  12.9   MM   MM    MM
2026 09 14 13 00 310  5.0  6.0    MM    MM    MM  MM 1022.7  15.5  16.3  12.8   MM +0.0    MM
2026 09 14 12 50 310  5.0  6.0   1.9     8   5.9 332 1022.7    MM  16.3    MM   MM   MM    MM
2026 09 14 12 40 310  5.0  6.0    MM    MM    MM  MM 1022.7  15.5  16.3  12.8   MM   MM    MM
2026 09 14 12 30 310  5.0  6.0    MM    MM    MM  MM 1022.6  15.5  16.3  12.8   MM   MM    MM
2026 09 14 12 20 310  5.0  6.0   1.8     8   5.9 339 1022.6    MM  16.3    MM   MM   MM    MM
2026 09 14 12 10 310  6.0  8.0    MM    MM    MM  MM 1022.8  15.2  16.3  13.3   MM   MM    MM
2026 09 14 12 00 320  5.0  7.0    MM    MM    MM  MM 1022.7  15.0  16.3  13.1   MM +0.4    MM
2026 09 14 11 50 340  3.0  4.0   1.8     8   5.9 335 1022.7  14.6  16.3  13.2   MM   MM    MM
2026 09 14 11 40 340  4.0  4.0   1.8    MM   5.9 335 1022.8  14.3  16.3  13.0   MM   MM    MM
2026 09 14 11 30 320  4.0  5.0    MM    MM    MM  MM 1022.8  14.2  16.3  13.0   MM   MM    MM
2026 09 14 11 20 310  5.0  6.0   1.8     8   5.8 331 1022.7  13.8  16.3  12.9   MM   MM    MM
2026 09 14 11 10 310  7.0  9.0   1.8    MM   5.8 331 1022.8  13.9  16.3  13.0   MM   MM    MM
2026 09 14 11 00 320  7.0  9.0    MM    MM    MM  MM 1022.7  14.5  16.3  13.2   MM +0.0    MM
2026 09 14 10 50 330  6.0  7.0   1.6     7   5.6 326 1022.7  14.7  16.3  13.1   MM   MM    MM
2026 09 14 10 40 340  7.0  8.0   1.6    MM   5.6 326 1022.8  14.7  16.3  13.2   MM   MM    MM
2026 09 14 10 30 320  7.0  9.0    MM    MM    MM  MM 1022.8  15.0  16.3  13.2   MM   MM    MM
2026 09 14 10 20 330  7.0  9.0   1.7     8   5.7 335 1022.6  14.9  16.3  13.2   MM   MM    MM
2026 09 14 10 10 330  7.0  8.0   1.7    MM   5.7 335 1022.7  15.2  16.3  13.4   MM   MM    MM
2026 09 14 10 00 320  7.0  8.0    MM    MM    MM  MM 1022.6  15.3  16.3  13.4   MM -0.0    MM
2026 09 14 09 50 320  7.0  8.0   1.7     7   5.8 323 1022.6  15.3  16.3  13.0   MM   MM    MM
2026 09 14 09 40 320  6.0  8.0    MM    MM    MM  MM 1022.5  15.4  16.3  12.9   MM   MM    MM
2026 09 14 09 30 320  6.0  8.0    MM    MM    MM  MM 1022.4  15.2  16.3  12.6   MM   MM    MM
2026 09 14 09 20 330  8.0 10.0   1.5     8   5.5 325 1022.5  14.9  16.3  12.6   MM   MM    MM
2026 09 14 09 10 330  8.0  9.0   1.5    MM   5.5 325 1022.3  14.4  16.3  12.9   MM   MM    MM
2026 09 14 09 00 330  8.0 10.0    MM    MM    MM  MM 1022.4  14.4  16.3  13.2   MM +0.0    MM
2026 09 14 08 50 320  6.0  9.0   1.7     8   5.8 324 1022.4  14.9  16.3  13.5   MM   MM    MM
2026 09 14 08 40 320  4.0  5.0   1.7    MM   5.8 324 1022.4  14.8  16.3  13.5   MM   MM    MM
2026 09 14 08 30 330  5.0  6.0    MM    MM    MM  MM 1022.5  14.7  16.3  13.5   MM   MM    MM
2026 09 14 08 20 330  5.0  7.0   1.5     8   5.8 325 1022.6  14.8  16.3  13.6   MM   MM    MM
2026 09 14 08 10 320  6.0  7.0    MM    MM    MM  MM 1022.6  15.0  16.3  13.7   MM   MM    MM
2026 09 14 08 00 300  5.0  6.0    MM    MM    MM  MM 1022.6  14.9  16.3  13.6   MM +0.0    MM
2026 09 14 07 50 300  5.0  6.0   1.6     8   5.8 328 1022.5  14.8  16.3  13.6   MM   MM    MM
2026 09 14 07 40 290  5.0  7.0    MM    MM    MM  MM 1022.4  14.6  16.3  13.4   MM   MM    MM
2026 09 14 07 30 290  6.0  7.0    MM    MM    MM  MM 1022.3  14.8  16.3  13.6   MM   MM    MM
2026 09 14 07 20 300  6.0  7.0   1.6     8   5.7 316 1022.4  14.8  16.3  13.6   MM   MM    MM
2026 09 14 07 10 300  5.0  6.0    MM    MM    MM  MM 1022.4  14.6  16.3  13.6   MM   MM    MM
2026 09 14 07 00 310  5.0  6.0    MM    MM    MM  MM 1022.4  14.5  16.3  13.5   MM +0.4    MM
2026 09 14 06 50 310  5.0  6.0   1.7    MM   5.8 323 1022.4  14.4  16.3  13.3   MM   MM    MM
2026 09 14 06 40  MM   MM   MM   1.7     8   5.8 323     MM    MM    MM    MM   MM   MM    MM
2026 09 14 06 30 310  7.0  8.0    MM    MM    MM  MM 1022.4  15.1  16.3  13.3   MM   MM    MM
2026 09 14 06 20 300  6.0  8.0   1.7     8   5.8 322 1022.4  15.2  16.3  13.2   MM   MM    MM
2026 09 14 06 10 310  6.0  8.0   1.7    MM   5.8 322 1022.4  15.5  16.3  12.8   MM   MM    MM
2026 09 14 06 00 320  5.0  6.0    MM    MM    MM  MM 1022.5  15.5  16.3  12.5   MM +0.8    MM
2026 09 14 05 50 330  4.0  6.0   1.7     8   5.5 335 1022.6  15.5  16.3  12.6   MM   MM    MM
2026 09 14 05 40 320  5.0  7.0   1.7    MM   5.5 335 1022.6  15.5  16.3  12.4   MM   MM    MM
2026 09 14 05 30 330  6.0  8.0    MM    MM    MM  MM 1022.6  15.5  16.3  12.5   MM   MM    MM
2026 09 14 05 20 320  6.0  8.0   1.6     7   5.6 324 1022.6  15.5  16.3  12.4   MM   MM    MM
2026 09 14 05 10 320  7.0  9.0   1.6    MM   5.6 324 1022.6  15.3  16.3  11.7   MM   MM    MM
2026 09 14 05 00 320  8.0 10.0    MM    MM    MM  MM 1022.5  15.4  16.3  11.8   MM +1.4    MM
2026 09 14 04 50 320  7.0  9.0   1.6     8   5.5 320 1022.4  15.4  16.3  11.9   MM   MM    MM
2026 09 14 04 40 320  8.0  9.0    MM    MM    MM  MM 1022.3  15.4  16.3  12.0   MM   MM    MM
2026 09 14 04 30 300  6.0  8.0    MM    MM    MM  MM 1022.3  15.5  16.3  11.8   MM   MM    MM
2026 09 14 04 20 310  7.0  9.0   1.7     8   5.7 314 1022.3  15.4  16.3  11.6   MM   MM    MM
2026 09 14 04 10 310  8.0  9.0   1.7    MM   5.7 314 1022.1  15.5  16.3  11.9   MM   MM    MM
2026 09 14 04 00 310  7.0  8.0    MM    MM    MM  MM 1022.0  15.6  16.3  11.8   MM +1.2    MM
2026 09 14 03 50 300  7.0  9.0   1.7     8   5.8 331 1021.8  15.6  16.3  11.9   MM   MM    MM
2026 09 14 03 40 300  7.0  9.0   1.7    MM   5.8 331 1021.8  15.6  16.3  12.3   MM   MM    MM
2026 09 14 03 30 300  6.0  8.0    MM    MM    MM  MM 1021.7  15.6  16.3  12.7   MM   MM    MM
2026 09 14 03 20 300  6.0  8.0   1.6     8   5.8 319 1021.7  15.5  16.3  12.6   MM   MM    MM
2026 09 14 03 10 300  7.0  8.0   1.6    MM   5.8 319 1021.7  15.5  16.3  12.9   MM   MM    MM
2026 09 14 03 00 310  6.0  8.0    MM    MM    MM  MM 1021.6  15.4  16.3  13.1   MM +0.7    MM
2026 09 14 02 50 300  6.0  8.0   1.7     8   5.8 317 1021.5  15.4  16.3  13.0   MM   MM    MM
2026 09 14 02 40 310  7.0 10.0   1.7    MM   5.8 317 1021.4  15.4  16.3  12.9   MM   MM    MM
2026 09 14 02 30 310  8.0  9.0    MM    MM    MM  MM 1021.2  15.4  16.3  13.1   MM   MM    MM
2026 09 14 02 20 310  7.0  8.0   1.6     7   5.4 322 1021.2  15.6  16.3  12.9   MM   MM    MM
2026 09 14 02 10 310  7.0 10.0   1.6    MM   5.4 322 1021.2  15.7  16.3  12.5   MM   MM    MM
2026 09 14 02 00 320  8.0  9.0    MM    MM    MM  MM 1021.0  15.6  16.3  12.4   MM +0.0    MM
2026 09 14 01 50 310  8.0  9.0   1.7     8   5.8 317 1021.0  15.6  16.3  12.6   MM   MM    MM
2026 09 14 01 40 310  7.0  8.0   1.7    MM   5.8 317 1021.0  15.6  16.3  12.9   MM   MM    MM
2026 09 14 01 30 310  7.0  9.0    MM    MM    MM  MM 1020.9  15.5  16.3  12.9   MM   MM    MM
2026 09 14 01 20 310  7.0  9.0   1.7     8   5.8 316 1020.9  15.5  16.3  13.3   MM   MM    MM
2026 09 14 01 10 320  7.0  9.0   1.7    MM   5.8 316 1020.9  15.4  16.3  13.3   MM   MM    MM
2026 09 14 01 00 320  7.0  9.0    MM    MM    MM  MM 1020.9  15.4  16.3  13.4   MM -0.3    MM
2026 09 14 00 50 300  7.0  9.0   1.8     8   6.0 322 1020.8  15.3    MM  13.7   MM   MM    MM
2026 09 14 00 40 290  7.0  8.0   1.8    MM   6.0 322 1020.7  15.3  16.3  13.5   MM   MM    MM
2026 09 14 00 30 290  7.0  8.0    MM    MM    MM  MM 1020.7  15.2  16.3  13.4   MM   MM    MM
2026 09 14 00 20 290  6.0  8.0   1.8     8   6.0 314 1020.8  15.2  16.3  13.2   MM   MM    MM
2026 09 14 00 10 280  5.0  7.0   1.8    MM   6.0 314 1020.9  15.0  16.3  13.2   MM   MM    MM
2026 09 14 00 00 280  6.0  8.0    MM    MM    MM  MM 1021.0  14.9  16.3  13.3   MM +0.0    MM
2026 09 13 23 50 290  7.0  8.0   1.8     8   6.1 311 1021.0  15.1  16.3  13.2   MM   MM    MM
2026 09 13 23 40 300  7.0  8.0    MM    MM    MM  MM 1021.0  15.2  16.3  13.1   MM   MM    MM
2026 09 13 23 20 300  6.0  7.0   1.8     7   5.9 319 1021.0  15.2  16.3  13.1   MM   MM    MM
2026 09 13 23 10 300  6.0  7.0   1.8    MM   5.9 319 1021.1  15.0  16.3  12.9   MM   MM    MM
2026 09 13 23 00 300  6.0  8.0    MM    MM    MM  MM 1021.1  15.0  16.3  12.9   MM +0.3    MM
2026 09 13 22 50 300  6.0  8.0   1.8     8   5.8 313 1021.1  15.0  16.3  12.9   MM   MM    MM
2026 09 13 22 40 300  7.0  8.0    MM    MM    MM  MM 1021.2  15.0  16.3  13.0   MM   MM    MM
2026 09 13 22 30 310  7.0  9.0    MM    MM    MM  MM 1021.2  15.1  16.3  13.0   MM   MM    MM
2026 09 13 22 20 300  7.0  9.0   1.8     8   5.7 311 1021.2  15.0  16.3  12.8   MM   MM    MM
2026 09 13 22 10 310  7.0  8.0    MM    MM    MM  MM 1021.2  14.8  16.3  13.0   MM   MM    MM
2026 09 13 22 00 310  7.0  9.0    MM    MM    MM  MM 1021.2  15.0  16.3  13.1   MM +0.8    MM
2026 09 13 21 50 320  8.0 10.0   1.7     8   5.7 314 1021.2    MM  16.3    MM   MM   MM    MM
2026 09 13 21 40 300  7.0  9.0    MM    MM    MM  MM 1021.2  15.4  16.3  12.8   MM   MM    MM
2026 09 13 21 30 300  7.0  7.0    MM    MM    MM  MM 1021.2  15.5  16.3  12.5   MM   MM    MM
2026 09 13 21 20 310  7.0  8.0   1.7     8   5.7 312 1021.1  15.6  16.3  12.5   MM   MM    MM
2026 09 13 21 10 310  7.0  8.0   1.7    MM   5.7 312 1021.2  15.6  16.3  12.7   MM   MM    MM
2026 09 13 21 00 320  6.0  8.0    MM    MM    MM  MM 1021.1  15.6  16.3  12.3   MM +1.1    MM
2026 09 13 20 50 320  7.0  9.0   1.9     8   5.7 325 1021.1  15.6  16.3  12.1   MM   MM    MM
2026 09 13 20 40 310  8.0 10.0   1.9    MM   5.7 325 1021.0  15.6  16.3  12.6   MM   MM    MM
2026 09 13 20 30 310  7.0  9.0    MM    MM    MM  MM 1021.0  15.7  16.3  12.6   MM   MM    MM
2026 09 13 20 20 310  7.0  9.0   1.8    MM   5.7 319 1020.9    MM  16.3    MM   MM   MM    MM
2026 09 13 20 10 310  7.0  8.0   1.8    MM   5.7 319 1020.9  15.8  16.3  12.7   MM   MM    MM
2026 09 13 20 00 310  7.0  8.0    MM    MM    MM  MM 1021.0  15.8  16.3  12.6   MM +1.3    MM
2026 09 13 19 50 310  7.0  8.0   1.9     8   5.8 313 1020.9    MM  16.4    MM   MM   MM    MM
2026 09 13 19 40 310  7.0  9.0    MM    MM    MM  MM 1020.8  15.7  16.3  12.6   MM   MM    MM
2026 09 13 19 30 310  7.0  9.0    MM    MM    MM  MM 1020.7  15.7  16.3  12.7   MM   MM    MM
2026 09 13 19 20 310  7.0  8.0   1.9     8   5.7 319 1020.5    MM  16.3    MM   MM   MM    MM
2026 09 13 19 10 310  7.0  9.0    MM    MM    MM  MM 1020.5  15.7  16.3  12.7   MM   MM    MM
2026 09 13 19 00 310  8.0  9.0    MM    MM    MM  MM 1020.4  15.6  16.3  12.5   MM +0.8    MM
2026 09 13 18 50 310  7.0  8.0   1.9     8   5.9 307 1020.3  15.7  16.3  12.7   MM   MM    MM
2026 09 13 18 40 310  7.0  8.0   1.9    MM   5.9 307 1020.3  15.6  16.3  12.6   MM   MM    MM
2026 09 13 18 30 310  7.0  9.0    MM    MM    MM  MM 1020.1  15.6  16.3  12.6   MM   MM    MM
2026 09 13 18 20 310  7.0  8.0   2.0     8   5.7 321 1020.0  15.6  16.3  12.6   MM   MM    MM
2026 09 13 18 10 310  7.0  8.0   2.0    MM   5.7 321 1019.9  15.6  16.3  12.5   MM   MM    MM
2026 09 13 18 00 320  7.0  9.0    MM    MM    MM  MM 1020.0  15.6  16.3  12.4   MM +1.0    MM
2026 09 13 17 50 320  7.0  9.0   2.0     7   5.8 323 1019.9  15.6  16.3  12.7   MM   MM    MM
2026 09 13 17 40 320  7.0  9.0   2.0    MM   5.8 323 1020.0  15.6  16.3  12.5   MM   MM    MM
2026 09 13 17 30 310  7.0  9.0    MM    MM    MM  MM 1019.9  15.6  16.3  12.7   MM   MM    MM
2026 09 13 17 20 320  7.0  9.0   2.0     8   5.9 312 1019.9  15.6  16.3  12.8   MM   MM    MM
2026 09 13 17 10 320  7.0  9.0    MM    MM    MM  MM 1019.8  15.6  16.3  12.7   MM   MM    MM
2026 09 13 17 00 320  7.0  9.0    MM    MM    MM  MM 1019.8  15.6  16.3  12.8   MM +0.9    MM
2026 09 13 16 50 320  7.0  9.0   2.1     8   5.9 312 1019.8  15.7  16.3  12.7   MM   MM    MM
2026 09 13 16 40 330  8.0  9.0   2.1    MM   5.9 312 1019.8  15.7  16.3  12.7   MM   MM    MM
2026 09 13 16 30 330  8.0  9.0    MM    MM    MM  MM 1019.8  15.7  16.3  12.8   MM   MM    MM
2026 09 13 16 20 330  7.0  9.0   2.0     8   5.8 317 1019.7  15.7  16.3  13.1   MM   MM    MM
2026 09 13 16 10 320  8.0  9.0   2.0    MM   5.8 317 1019.7  15.6  16.3  13.0   MM   MM    MM
2026 09 13 16 00 320  8.0  9.0    MM    MM    MM  MM 1019.7  15.7  16.3  13.0   MM +0.9    MM
2026 09 13 15 50 320  7.0  9.0   2.0     7   5.7 320 1019.6  15.6  16.3  13.0   MM   MM    MM
2026 09 13 15 40 320  8.0 10.0    MM    MM    MM  MM 1019.6  15.6  16.3  13.1   MM   MM    MM
2026 09 13 15 30 320  8.0 10.0    MM    MM    MM  MM 1019.4  15.5  16.3  12.8   MM   MM    MM
2026 09 13 15 20 320  8.0 10.0   2.0     8   5.8 313 1019.3  15.6    MM  13.2   MM   MM    MM
2026 09 13 15 10 320  8.0 10.0   2.0    MM   5.8 313 1019.2  15.6  16.3  13.2   MM   MM    MM
2026 09 13 15 00 320  9.0 10.0    MM    MM    MM  MM 1019.1  15.6  16.3  13.0   MM +0.6    MM
2026 09 13 14 50 320  9.0 10.0   2.0     9   5.9 314 1019.1  15.6  16.3  13.1   MM   MM    MM
2026 09 13 14 40 320  8.0 10.0   2.0    MM   5.9 314 1019.1  15.6  16.3  13.1   MM   MM    MM
2026 09 13 14 30 320  8.0 10.0    MM    MM    MM  MM 1019.1  15.6  16.3  13.3   MM   MM    MM
2026 09 13 14 20 320  8.0 10.0   1.9     8   5.9 308 1018.9  15.6  16.3  13.2   MM   MM    MM
2026 09 13 14 10 320  8.0 10.0   1.9    MM   5.9 308 1018.9  15.6  16.3  13.2   MM   MM    MM
2026 09 13 14 00 320  8.0  9.0    MM    MM    MM  MM 1018.7  15.6  16.3  13.1   MM +0.5    MM
2026 09 13 13 50 320  8.0  9.0   2.0    MM   6.0 312 1018.8    MM  16.3    MM   MM   MM    MM
2026 09 13 13 40 320  8.0  9.0   2.0    MM   6.0 312 1018.8  15.6  16.3  13.1   MM   MM    MM
2026 09 13 13 30 320  8.0 10.0    MM    MM    MM  MM 1018.8  15.6  16.3  13.3   MM   MM    MM
2026 09 13 13 20 320  8.0 10.0   2.1     8   6.1 319 1018.7  15.7  16.3  13.3   MM   MM    MM
2026 09 13 13 10 320  8.0 10.0   2.1    MM   6.1 319 1018.6  15.7  16.3  13.4   MM   MM    MM
2026 09 13 13 00 320  7.0  9.0    MM    MM    MM  MM 1018.7  15.7  16.3  13.4   MM +0.6    MM
2026 09 13 12 50 320  7.0  9.0   2.1     8   6.0 313 1018.7  15.7    MM  13.5   MM   MM    MM
2026 09 13 12 40 320  7.0 10.0   2.1    MM   6.0 313 1018.6  15.6  16.3  13.5   MM   MM    MM
2026 09 13 12 30 320  7.0  9.0    MM    MM    MM  MM 1018.6  15.5  16.3  13.4   MM   MM    MM
2026 09 13 12 20 320  7.0  9.0   2.2     8   6.2 293 1018.6    MM  16.3    MM   MM   MM    MM
2026 09 13 12 10 330  7.0  8.0    MM    MM    MM  MM 1018.5  15.5  16.3  13.6   MM   MM    MM
2026 09 13 12 00 320  7.0  9.0    MM    MM    MM  MM 1018.4  15.4  16.3  13.5   MM +0.7    MM
2026 09 13 11 50 330  7.0  9.0   2.1    MM   6.0 303 1018.4  15.4    MM  13.5   MM   MM    MM
2026 09 13 11 40  MM   MM   MM   2.1     8    MM  MM     MM    MM  16.3    MM   MM   MM    MM
2026 09 13 11 30 330  6.0  8.0    MM    MM    MM  MM 1018.4  15.5  16.3  13.8   MM   MM    MM
2026 09 13 11 20 340  6.0  7.0   2.1     8   6.2 311 1018.5  15.5  16.3  13.8   MM   MM    MM
2026 09 13 11 10 330  7.0  8.0   2.1    MM   6.2 311 1018.4  15.5  16.3  13.7   MM   MM    MM
2026 09 13 11 00 330  7.0  9.0    MM    MM    MM  MM 1018.3  15.5  16.3  13.8   MM +1.0    MM
2026 09 13 10 50 320  7.0  9.0   2.0    MM   6.0 308 1018.1    MM  16.3    MM   MM   MM    MM
2026 09 13 10 40 330  8.0 10.0   2.0    MM   6.0 308 1018.1  15.5  16.3  13.8   MM   MM    MM
2026 09 13 10 30 330  8.0 10.0    MM    MM    MM  MM 1018.0  15.5  16.3  13.8   MM   MM    MM
2026 09 13 10 20 320  8.0 10.0   2.2     8   6.3 311 1018.0    MM  16.3    MM   MM   MM    MM
2026 09 13 10 10 330  8.0 10.0    MM    MM    MM  MM 1018.0  15.6  16.3  14.0   MM   MM    MM
2026 09 13 10 00 330  8.0 10.0    MM    MM    MM  MM 1018.0  15.6  16.3  14.0   MM +0.7    MM
2026 09 13 09 50 330  8.0 10.0   2.1     9   6.0 305 1017.9  15.6  16.3  14.0   MM   MM    MM
2026 09 13 09 40 330  8.0 11.0   2.1    MM   6.0 305 1017.9  15.6  16.3  13.9   MM   MM    MM
2026 09 13 09 30 330  9.0 11.0    MM    MM    MM  MM 1017.9  15.6  16.3  14.0   MM   MM    MM
2026 09 13 09 20 320  8.0 10.0   2.0     9   6.0 311 1017.9  15.6  16.3  14.0   MM   MM    MM
2026 09 13 09 10 330  8.0 10.0    MM    MM    MM  MM 1017.8  15.7  16.3  14.2   MM   MM    MM
2026 09 13 09 00 320  9.0 10.0    MM    MM    MM  MM 1017.7  15.7  16.3  14.2   MM +0.8    MM
2026 09 13 08 50 330  9.0 11.0   2.1     8   6.0 307 1017.6  15.7  16.3  14.1   MM   MM    MM
2026 09 13 08 40 330  9.0 11.0    MM    MM    MM  MM 1017.5  15.7  16.3  14.1   MM   MM    MM
2026 09 13 08 30 330  9.0 11.0    MM    MM    MM  MM 1017.5  15.7  16.4  14.2   MM   MM    MM
2026 09 13 08 20 330  9.0 11.0   2.0     9   5.9 309 1017.3  15.7  16.4  14.2   MM   MM    MM
2026 09 13 08 10 330  9.0 11.0   2.0    MM   5.9 309 1017.3  15.8  16.4  14.3   MM   MM    MM
2026 09 13 08 00 330  9.0 10.0    MM    MM    MM  MM 1017.1  15.8  16.4  14.3   MM +0.4    MM
2026 09 13 07 50 330  8.0 10.0   2.0    10   6.0 310 1017.1  15.8  16.4  14.4   MM   MM    MM
2026 09 13 07 40 320  8.0 10.0   2.0    MM   6.0 310 1017.1  15.8  16.4  14.3   MM   MM    MM
2026 09 13 07 30 330  8.0 10.0    MM    MM    MM  MM 1017.1  15.9  16.3  14.4   MM   MM    MM
2026 09 13 07 20 340  8.0  9.0   2.1     8   6.1 308 1017.1    MM  16.3    MM   MM   MM    MM
2026 09 13 07 10 340  7.0  9.0    MM    MM    MM  MM 1017.1  15.9  16.3  14.4   MM   MM    MM
2026 09 13 07 00 340  8.0  9.0    MM    MM    MM  MM 1017.3  15.9  16.3  14.4   MM +1.2    MM
2026 09 13 06 50 330  8.0  9.0   2.0     8   5.9 315 1017.2  16.0    MM  14.5   MM   MM    MM
2026 09 13 06 40 340  8.0 10.0   2.0    MM   5.9 315 1017.2  16.0  16.3  14.4   MM   MM    MM
2026 09 13 06 30 340  8.0  9.0    MM    MM    MM  MM 1017.1  16.0  16.3  14.4   MM   MM    MM
2026 09 13 06 20 340  8.0  9.0   2.1     9   6.2 323 1017.0  16.0  16.3  14.3   MM   MM    MM
2026 09 13 06 10 330  8.0 10.0   2.1    MM   6.2 323 1016.9  16.0  16.3  14.4   MM   MM    MM
2026 09 13 06 00 340  7.0  9.0    MM    MM    MM  MM 1016.9  16.1  16.3  14.5   MM +1.0    MM
2026 09 13 05 50 340  8.0 10.0   2.3     9   6.2 315 1017.0    MM  16.3    MM   MM   MM    MM
2026 09 13 05 40 340  8.0  9.0    MM    MM    MM  MM 1016.9  16.1  16.3  14.6   MM   MM    MM
2026 09 13 05 30 340  8.0  9.0    MM    MM    MM  MM 1016.9  16.1  16.3  14.6   MM   MM    MM
2026 09 13 05 20 340  8.0 10.0   2.2    MM   6.0 311 1016.9  16.2    MM  14.6   MM   MM    MM
2026 09 13 05 10  MM   MM   MM   2.2     8    MM  MM     MM    MM  16.4    MM   MM   MM    MM
2026 09 13 05 00 340  8.0 10.0    MM    MM    MM  MM 1016.9  16.2  16.4  14.9   MM +1.4    MM
2026 09 13 04 50 340  7.0  9.0   2.1     8   6.0 312 1016.8  16.2  16.4  14.9   MM   MM    MM
2026 09 13 04 40 350  8.0 10.0   2.1    MM   6.0 312 1016.7  16.2  16.4  14.7   MM   MM    MM
2026 09 13 04 30 340  8.0 10.0    MM    MM    MM  MM 1016.6  16.3  16.4  14.7   MM   MM    MM
2026 09 13 04 20 340  8.0  9.0   2.1    MM   5.8 309 1016.5    MM  16.4    MM   MM   MM    MM
2026 09 13 04 10 340  8.0  9.0   2.1    MM   5.8 309 1016.3  16.3  16.4  14.7   MM   MM    MM
2026 09 13 04 00 340  8.0 11.0    MM    MM    MM  MM 1016.2  16.3  16.4  14.4   MM +1.3    MM
2026 09 13 03 50 340  8.0 10.0   2.2     9   6.0 312 1016.1    MM  16.4    MM   MM   MM    MM
2026 09 13 03 40 340  7.0  9.0    MM    MM    MM  MM 1016.1  16.2  16.4  14.7   MM   MM    MM
2026 09 13 03 30 350  7.0  9.0    MM    MM    MM  MM 1016.0  16.2  16.4  14.8   MM   MM    MM
2026 09 13 03 20 350  7.0  9.0   2.0     9   6.0 307 1015.9  16.2  16.4  14.8   MM   MM    MM
2026 09 13 03 10 350  7.0  9.0   2.0    MM   6.0 307 1015.9  16.2  16.4  14.7   MM   MM    MM
2026 09 13 03 00 350  7.0  9.0    MM    MM    MM  MM 1015.9  16.3  16.4  14.8   MM +1.3    MM
2026 09 13 02 50 350  8.0  9.0   2.2     9   6.1 311 1015.8  16.3  16.4  14.5   MM   MM    MM
2026 09 13 02 40 350  8.0  9.0    MM    MM    MM  MM 1015.7  16.4  16.4  14.5   MM   MM    MM
2026 09 13 02 30 350  8.0 10.0    MM    MM    MM  MM 1015.6  16.4  16.4  14.4   MM   MM    MM
2026 09 13 02 20 360  7.0  9.0   2.1     9   6.0 314 1015.6  16.4  16.4  14.7   MM   MM    MM
2026 09 13 02 10 350  8.0  9.0   2.1    MM   6.0 314 1015.5  16.4  16.4  14.7   MM   MM    MM
2026 09 13 02 00 350  8.0 10.0    MM    MM    MM  MM 1015.4  16.5  16.4  14.6   MM +0.9    MM
2026 09 13 01 50 350  8.0 10.0   2.1     8   6.0 310 1015.2  16.3    MM  14.5   MM   MM    MM
2026 09 13 01 40 350  8.0  9.0   2.1    MM   6.0 310 1015.2  16.4  16.4  14.9   MM   MM    MM
2026 09 13 01 30 350  8.0 10.0    MM    MM    MM  MM 1015.1  16.3  16.4  15.0   MM   MM    MM
2026 09 13 01 20 350  8.0  9.0   2.3     9   6.3 307 1015.0  16.3  16.4  15.1   MM   MM    MM
2026 09 13 01 10 340  7.0  9.0   2.3    MM   6.3 307 1015.0  16.3  16.4  15.1   MM   MM    MM
2026 09 13 01 00 350  8.0  9.0    MM    MM    MM  MM 1014.9  16.3  16.4  15.0   MM +0.0    MM
2026 09 13 00 50 350  8.0  9.0   2.4     9   6.4 310 1014.9    MM  16.4    MM   MM   MM    MM
2026 09 13 00 40 350  8.0  9.0    MM    MM    MM  MM 1014.7  16.4  16.4  15.0   MM   MM    MM
2026 09 13 00 30 340  8.0 10.0    MM    MM    MM  MM 1014.7  16.4  16.4  14.9   MM   MM    MM
2026 09 13 00 20 340  8.0 10.0   2.2     8   6.2 300 1014.6  16.4  16.4  15.0   MM   MM    MM
2026 09 13 00 10 340  8.0 10.0    MM    MM    MM  MM 1014.7  16.4  16.4  14.9   MM   MM    MM
2026 09 13 00 00 340  7.0  9.0    MM    MM    MM  MM 1014.6  16.4  16.4  14.9   MM +0.0    MM
2026 09 12 23 50 340  8.0 10.0   2.3     9   6.3 294 1014.6  16.5  16.4  14.7   MM   MM    MM
2026 09 12 23 40 340  8.0 10.0   2.3    MM   6.3 294 1014.6  16.4  16.4  14.8   MM   MM    MM
2026 09 12 23 30 340  8.0 10.0    MM    MM    MM  MM 1014.6  16.3  16.4  14.9   MM   MM    MM
2026 09 12 23 20 350  7.0 10.0   2.4    MM   6.5 303 1014.6    MM  16.4    MM   MM   MM    MM
2026 09 12 23 10 340  8.0 10.0   2.4    MM   6.5 303 1014.7  16.3  16.4  14.8   MM   MM    MM
2026 09 12 23 00 340  7.0 10.0    MM    MM    MM  MM 1014.7  16.3  16.4  15.0   MM -0.0    MM
2026 09 12 22 50 340  7.0  9.0   2.5     8   6.6 309 1014.6  16.3  16.4  15.0   MM   MM    MM
2026 09 12 22 40 340  7.0  8.0   2.5    MM   6.6 309 1014.5  16.3  16.4  14.9   MM   MM    MM
2026 09 12 22 30 340  6.0  8.0    MM    MM    MM  MM 1014.5  16.2  16.4  14.8   MM   MM    MM
2026 09 12 22 20 340  7.0  8.0   2.3    10   6.4 310 1014.6  16.2  16.4  14.7   MM   MM    MM
2026 09 12 22 10 340  7.0  9.0   2.3    MM   6.4 310 1014.5  16.2  16.4  14.7   MM   MM    MM
2026 09 12 22 00 340  7.0  9.0    MM    MM    MM  MM 1014.6  16.2  16.4  14.6   MM +0.0    MM
2026 09 12 21 50 340  7.0  9.0   2.5    MM   6.5 304 1014.6    MM  16.4    MM   MM   MM    MM
2026 09 12 21 40 340  7.0  9.0   2.5    MM   6.5 304 1014.6  16.1  16.4  14.6   MM   MM    MM
2026 09 12 21 30 340  7.0  9.0    MM    MM    MM  MM 1014.6  16.1  16.4  14.5   MM   MM    MM
2026 09 12 21 20 340  7.0  9.0   2.3    10   6.5 303 1014.5  16.1  16.4  14.5   MM   MM    MM
2026 09 12 21 10 330  8.0 10.0   2.3    MM   6.5 303 1014.4  16.0  16.4  14.4   MM   MM    MM
2026 09 12 21 00 330  8.0 10.0    MM    MM    MM  MM 1014.4  16.0  16.4  14.4   MM +0.0    MM
2026 09 12 20 50 330  8.0  9.0   2.5     8   6.5 308 1014.5  16.0  16.4  14.4   MM   MM    MM
2026 09 12 20 40 330  8.0 10.0    MM    MM    MM  MM 1014.5  16.0  16.4  14.3   MM   MM    MM
2026 09 12 20 30 330  9.0 10.0    MM    MM    MM  MM 1014.6  15.9  16.3  14.1   MM   MM    MM
2026 09 12 20 20 340  8.0 10.0   2.3    10   6.2 309 1014.7  15.9  16.3  14.1   MM   MM    MM
2026 09 12 20 10 340  8.0 10.0   2.3    MM   6.2 309 1014.7  15.9  16.3  14.1   MM   MM    MM
2026 09 12 20 00 340  8.0 10.0    MM    MM    MM  MM 1014.8  15.8  16.3  14.0   MM +0.6    MM
2026 09 12 19 50 340  9.0 11.0   2.3     9   6.1 309 1014.8  15.8  16.3  14.1   MM   MM    MM
2026 09 12 19 40 340  8.0 10.0   2.3    MM   6.1 309 1014.7  15.8  16.3  14.1   MM   MM    MM
2026 09 12 19 30 330  9.0 11.0    MM    MM    MM  MM 1014.6  15.7  16.3  14.0   MM   MM    MM
2026 09 12 19 20 330  9.0 12.0   2.4     9   6.2 307 1014.5  15.7  16.3  14.0   MM   MM    MM
2026 09 12 19 10 340  9.0 11.0   2.4    MM   6.2 307 1014.6  15.7  16.3  14.1   MM   MM    MM
2026 09 12 19 00 330  9.0 11.0    MM    MM    MM  MM 1014.5  15.8  16.3  14.1   MM +0.4    MM
2026 09 12 18 50 340  9.0 11.0   2.2     9   6.3 314 1014.4  15.7  16.3  13.9   MM   MM    MM
2026 09 12 18 40 340  9.0 11.0    MM    MM    MM  MM 1014.6  15.7  16.3  14.0   MM   MM    MM
2026 09 12 18 30 340  9.0 11.0   2.2    MM   6.3 314 1014.4  15.7  16.3  14.0   MM   MM    MM
2026 09 12 18 20 350  9.0 11.0   2.3     9   6.5 303 1014.4  15.7  16.3  14.0   MM   MM    MM
2026 09 12 18 10 350  8.0 10.0   2.3    MM   6.5 303 1014.4  15.8  16.3  14.0   MM   MM    MM
2026 09 12 18 00 350  9.0 11.0    MM    MM    MM  MM 1014.3  15.8  16.3  13.9   MM +0.8    MM
2026 09 12 17 50  10  6.0 11.0   2.2     9   6.3 316 1014.3    MM  16.3    MM   MM   MM    MM
2026 09 12 17 40  10  6.0  8.0    MM    MM    MM  MM 1014.2  15.2  16.3  13.5   MM   MM    MM
2026 09 12 17 30 360  8.0 11.0    MM    MM    MM  MM 1014.2  15.0  16.3  13.4   MM   MM    MM
2026 09 12 17 20 360  9.0 11.0   2.1    10   6.4 309 1014.1  14.8  16.3  13.4   MM   MM    MM
2026 09 12 17 10 360  9.0 11.0   2.1    MM   6.4 309 1014.1  15.0  16.3  13.2   MM   MM    MM
2026 09 12 17 00 360  9.0 11.0    MM    MM    MM  MM 1014.2  15.1  16.3  13.1   MM +0.9    MM
2026 09 12 16 50 350  8.0 11.0   2.2    10   6.3 321 1014.2  15.1  16.3  13.4   MM   MM    MM
2026 09 12 16 40 350  9.0 11.0   2.2    MM   6.3 321 1014.3  15.6  16.3  13.5   MM   MM    MM
2026 09 12 16 30 350  8.0 10.0    MM    MM    MM  MM 1014.2  15.7  16.3  13.4   MM   MM    MM
2026 09 12 16 20 350  8.0 10.0   2.1    10   6.1 337 1014.2  15.7  16.3  13.6   MM   MM    MM
2026 09 12 16 10 350  8.0 10.0   2.1    MM   6.1 337 1014.1  15.7  16.3  13.5   MM   MM    MM
2026 09 12 16 00 360  8.0 10.0    MM    MM    MM  MM 1014.1  15.7  16.3  13.4   MM +1.0    MM
2026 09 12 15 50 360  8.0 10.0   2.2    10   6.3 320 1014.1  15.7  16.3  13.4   MM   MM    MM
2026 09 12 15 40 360  8.0  9.0   2.2    MM   6.3 320 1013.9  15.7  16.3  13.3   MM   MM    MM
2026 09 12 15 30 360  9.0 11.0    MM    MM    MM  MM 1013.8  15.6  16.3  13.4   MM   MM    MM
2026 09 12 15 20 350  9.0 11.0   2.0     9   6.1 320 1013.7  15.7  16.3  13.6   MM   MM    MM
2026 09 12 15 10 350 10.0 12.0   2.0    MM   6.1 320 1013.6  15.6  16.3  13.3   MM   MM    MM
2026 09 12 15 00 350  9.0 12.0    MM    MM    MM  MM 1013.6  15.6  16.3  13.4   MM +0.7    MM
2026 09 12 14 50 340  8.0 10.0   2.1    MM   6.2 324 1013.6    MM  16.3    MM   MM   MM    MM
2026 09 12 14 40 340  9.0 10.0   2.1    MM   6.2 324 1013.6  15.2  16.3  13.6   MM   MM    MM
2026 09 12 14 30 350  9.0 10.0    MM    MM    MM  MM 1013.5  15.1  16.3  13.5   MM   MM    MM
2026 09 12 14 20 350  9.0 11.0   2.0    15   5.9 209 1013.4  15.1  16.3  13.4   MM   MM    MM
2026 09 12 14 10 350  9.0 11.0    MM    MM    MM  MM 1013.4  15.0  16.3  13.3   MM   MM    MM
2026 09 12 14 00 350  9.0 11.0   2.0    MM   5.9 209 1013.3  14.9  16.3  13.2   MM +0.0    MM
2026 09 12 13 50 350  9.0 10.0   2.0     9   5.9 309 1013.3  14.9  16.3  12.6   MM   MM    MM
2026 09 12 13 40 360  9.0 11.0   2.0    MM   5.9 309 1013.3  14.7  16.3  12.6   MM   MM    MM
2026 09 12 13 30 360  9.0 11.0    MM    MM    MM  MM 1013.3  14.8  16.3  13.2   MM   MM    MM
2026 09 12 13 20 360  9.0 10.0   2.2    10   6.2 309 1013.2  14.4  16.3  13.0   MM   MM    MM
2026 09 12 13 10 360 10.0 13.0   2.2    MM   6.2 309 1013.2  15.1  16.3  13.2   MM   MM    MM
2026 09 12 13 00 350 10.0 11.0    MM    MM    MM  MM 1013.1  15.2  16.3  13.0   MM +0.0    MM
2026 09 12 12 50 360  9.0 11.0   2.0     8   5.9 304 1013.1  15.2    MM  12.7   MM   MM    MM
2026 09 12 12 40 360  7.0 10.0   2.0    MM   5.9 304 1013.1  15.1  16.3  12.8   MM   MM    MM
2026 09 12 12 30  10  7.0  8.0    MM    MM    MM  MM 1013.1  14.6  16.3  12.3   MM   MM    MM
2026 09 12 12 20  10  8.0 10.0   2.1    10   6.1 304 1013.1  14.0  16.3  12.1   MM   MM    MM
2026 09 12 12 10  20  9.0 12.0    MM    MM    MM  MM 1013.1  14.3  16.3  12.3   MM   MM    MM
2026 09 12 12 00 360  9.0 11.0   2.1    MM   6.1 304 1013.0  15.1  16.3  12.6   MM +0.0    MM
2026 09 12 11 50 360  9.0 11.0   2.0     9   6.1 303 1012.9  15.1  16.3  12.2   MM   MM    MM
2026 09 12 11 40 360  9.0 10.0   2.0    MM   6.1 303 1013.0  15.0  16.3  12.5   MM   MM    MM
2026 09 12 11 30 360  9.0 11.0    MM    MM    MM  MM 1012.9  14.8  16.3  12.5   MM   MM    MM
2026 09 12 11 20 360  9.0 11.0   1.9    10   6.3 307 1013.0  14.8  16.3  12.3   MM   MM    MM
2026 09 12 11 10 360  9.0 11.0   1.9    MM   6.3 307 1013.0  14.9  16.3  12.2   MM   MM    MM
2026 09 12 11 00  10  8.0 10.0    MM    MM    MM  MM 1013.0  14.9  16.3  12.1   MM +0.0    MM
2026 09 12 10 50 360  8.0 11.0   1.9    10   6.3 291 1013.0  14.9  16.3  12.0   MM   MM    MM
2026 09 12 10 40 360  8.0  9.0    MM    MM    MM  MM 1013.1  14.7  16.3  12.2   MM   MM    MM
2026 09 12 10 30 350  7.0  8.0    MM    MM    MM  MM 1013.1  14.5  16.3  12.4   MM   MM    MM
2026 09 12 10 20 350  8.0 10.0   1.8     9   6.3 268 1013.1  14.6  16.3  12.2   MM   MM    MM
2026 09 12 10 10  20  7.0  9.0   1.8    MM   6.3 268 1013.1  14.8  16.3  12.1   MM   MM    MM
2026 09 12 10 00  20  8.0  9.0    MM    MM    MM  MM 1013.1  14.7  16.3  11.9   MM +0.0    MM
2026 09 12 09 50  20  7.0  9.0   2.0    10   6.9 302 1013.1  14.7  16.3  12.0   MM   MM    MM
2026 09 12 09 40  20  7.0  8.0    MM    MM    MM  MM 1013.1  14.5  16.3  11.9   MM   MM    MM
2026 09 12 09 30  10  6.0  7.0    MM    MM    MM  MM 1013.1  14.3  16.3  12.1   MM   MM    MM
2026 09 12 09 20  10  6.0  7.0   2.0     9   6.8 309 1013.1  14.1  16.3  11.9   MM   MM    MM
2026 09 12 09 10  20  6.0  8.0    MM    MM    MM  MM 1013.0  14.4  16.3  12.0   MM   MM    MM
2026 09 12 09 00  30  6.0  8.0    MM    MM    MM  MM 1013.0  14.4  16.3  11.9   MM +0.3    MM
2026 09 12 08 50  10  5.0  7.0   1.7    10   6.7 313 1013.0  14.1  16.3  12.4   MM   MM    MM
2026 09 12 08 40 360  5.0  7.0    MM    MM    MM  MM 1013.0  13.8  16.3  12.3   MM   MM    MM
2026 09 12 08 30 360  4.0  4.0    MM    MM    MM  MM 1013.1  13.5  16.3  12.2   MM   MM    MM
2026 09 12 08 20 360  4.0  5.0   1.9    10   6.9 292 1013.1  13.4  16.3  11.7   MM   MM    MM
2026 09 12 08 10  10  6.0  8.0   1.9    MM   6.9 292 1013.1  13.5  16.3  11.8   MM   MM    MM
2026 09 12 08 00  10  5.0  7.0    MM    MM    MM  MM 1013.0  13.9  16.3  11.9   MM +0.4    MM
2026 09 12 07 50  20  4.0  5.0   2.0    15   7.1 222 1013.0  13.4  16.3  11.8   MM   MM    MM
2026 09 12 07 40  10  4.0  5.0    MM    MM    MM  MM 1013.0  13.3  16.3  12.1   MM   MM    MM
2026 09 12 07 30  30  4.0  5.0    MM    MM    MM  MM 1013.0  13.2  16.3  12.1   MM   MM    MM
2026 09 12 07 20  30  5.0  6.0   1.7    MM   6.8 301 1013.0    MM  16.3    MM   MM   MM    MM
2026 09 12 07 10  20  4.0  5.0    MM    MM    MM  MM 1013.0  12.9  16.3  11.8   MM   MM    MM
2026 09 12 07 00  30  4.0  6.0    MM    MM    MM  MM 1012.8  13.0  16.3  12.0   MM +0.4    MM
2026 09 12 06 50  40  5.0  7.0   1.9     9   6.9 303 1012.8  12.9    MM  11.8   MM   MM    MM
2026 09 12 06 40  40  5.0  7.0   1.9    MM   6.9 303 1012.8  13.1  16.3  12.2   MM   MM    MM
2026 09 12 06 30  50  4.0  6.0    MM    MM    MM  MM 1012.8  13.3  16.3  12.2   MM   MM    MM
2026 09 12 06 20  30  5.0  7.0   1.8    10   6.7 299 1012.8  13.5    MM  12.0   MM   MM    MM
2026 09 12 06 10  30  4.0  5.0    MM    MM    MM  MM 1012.8  13.7  16.3  12.0   MM   MM    MM
2026 09 12 06 00  30  4.0  6.0   1.8    MM   6.7 299 1012.8  13.5    MM  11.7   MM +0.0    MM
2026 09 12 05 50  20  4.0  5.0   1.9    10   7.3 276 1012.7  13.8  16.3  12.0   MM   MM    MM
2026 09 12 05 40 360  3.0  5.0    MM    MM    MM  MM 1012.7  13.6  16.3  11.6   MM   MM    MM
2026 09 12 05 30 350  4.0  6.0    MM    MM    MM  MM 1012.8  13.2  16.3  11.6   MM   MM    MM
2026 09 12 05 20  10  5.0  6.0   1.9     9   7.0 295 1012.6    MM  16.3    MM   MM   MM    MM
2026 09 12 05 10  20  5.0  6.0    MM    MM    MM  MM 1012.5  13.7  16.3  12.3   MM   MM    MM
2026 09 12 05 00 350  5.0  6.0    MM    MM    MM  MM 1012.6  13.7  16.3  11.9   MM -0.5    MM
2026 09 12 04 50 340  5.0  7.0   1.7    MM   6.8 156 1012.5    MM  16.3    MM   MM   MM    MM
2026 09 12 04 40 360  4.0  7.0   1.7    MM   6.8 156 1012.5  13.8  16.3  11.9   MM   MM    MM
2026 09 12 04 30  20  3.0  5.0    MM    MM    MM  MM 1012.5  13.6  16.3  11.8   MM   MM    MM
2026 09 12 04 20  10  3.0  5.0   1.9    10   7.4 290 1012.5  13.6  16.3  11.9   MM   MM    MM
2026 09 12 04 10  20  4.0  5.0   1.9    MM   7.4 290 1012.5  13.6  16.3  11.8   MM   MM    MM
2026 09 12 04 00  20  3.0  4.0    MM    MM    MM  MM 1012.4  13.6  16.3  11.9   MM -0.7    MM
2026 09 12 03 50  30  3.0  4.0   1.8    11   7.1 300 1012.4  13.6  16.3  12.0   MM   MM    MM
2026 09 12 03 40  30  2.0  4.0    MM    MM    MM  MM 1012.3  13.6  16.3  11.9   MM   MM    MM
2026 09 12 03 30  30  2.0  3.0    MM    MM    MM  MM 1012.4  13.5  16.3  11.8   MM   MM    MM
2026 09 12 03 20  40  2.0  3.0   1.7    16   7.3 210 1012.3  13.5  16.3  11.9   MM   MM    MM
2026 09 12 03 10  30  2.0  4.0   1.7    MM   7.3 210 1012.4  13.5  16.3  12.0   MM   MM    MM
2026 09 12 03 00  40  4.0  5.0    MM    MM    MM  MM 1012.5  13.7  16.3  12.3   MM -1.3    MM
2026 09 12 02 50 340  4.0  5.0   1.8    10   7.2 292 1012.6  13.9  16.3  12.0   MM   MM    MM
2026 09 12 02 40 330  4.0  5.0   1.8    MM   7.2 292 1012.7  13.7  16.3  11.8   MM   MM    MM
2026 09 12 02 30 320  4.0  5.0    MM    MM    MM  MM 1012.7  13.6  16.3  11.9   MM   MM    MM
2026 09 12 02 20 330  5.0  7.0   1.7    15   7.0 211 1012.7  13.6  16.3  11.9   MM   MM    MM
2026 09 12 02 10 330  3.0  5.0    MM    MM    MM  MM 1012.9  13.5  16.3  12.0   MM   MM    MM
2026 09 12 02 00 340  3.0  4.0    MM    MM    MM  MM 1013.1  13.3  16.3  11.9   MM -1.5    MM
2026 09 12 01 50 330  5.0  6.0   1.7     9   6.9 303 1013.1  13.3  16.3  11.7   MM   MM    MM
2026 09 12 01 40 330  6.0  8.0   1.7    MM   6.9 303 1013.1  13.3  16.3  12.0   MM   MM    MM
2026 09 12 01 30 350  6.0  7.0    MM    MM    MM  MM 1013.2  13.4  16.3  12.4   MM   MM    MM
2026 09 12 01 20 350  7.0  9.0   1.8    10   7.0 299 1013.2  13.6  16.3  12.5   MM   MM    MM
2026 09 12 01 10 350  6.0  8.0   1.8    MM   7.0 299 1013.1  13.9  16.3  12.6   MM   MM    MM
2026 09 12 01 00 240  4.0  6.0    MM    MM    MM  MM 1013.1  14.1  16.3  12.4   MM -2.2    MM
2026 09 12 00 50 230  3.0  6.0   1.7    10   6.6 310 1013.1  14.7  16.3  12.0   MM   MM    MM
2026 09 12 00 40 230  2.0  4.0    MM    MM    MM  MM 1013.3  14.7  16.3  11.8   MM   MM    MM
2026 09 12 00 30 250  3.0  4.0    MM    MM    MM  MM 1013.5  14.7    MM  11.9   MM   MM    MM
2026 09 12 00 20 260  3.0  4.0   1.8     9   6.8 303 1013.6  14.7  16.3  11.9   MM   MM    MM
2026 09 12 00 10 270  3.0  4.0   1.8    MM   6.8 303 1013.7  14.7  16.3  11.8   MM   MM    MM
2026 09 12 00 00 270  3.0  4.0    MM    MM    MM  MM 1013.9  14.7  16.3  11.4   MM -1.9    MM
2026 09 11 23 50 280  3.0  5.0   1.8     9   6.7 306 1013.9  14.7  16.3  11.1   MM   MM    MM
2026 09 11 23 40 290  4.0  5.0    MM    MM    MM  MM 1014.1  14.6  16.3  10.6   MM   MM    MM
2026 09 11 23 20 290  5.0  6.0   1.8     9   6.5 313 1014.4  14.7  16.3  11.1   MM   MM    MM
2026 09 11 23 10 280  5.0  6.0   1.8    MM   6.5 313 1014.4  14.7  16.3  12.1   MM   MM    MM
2026 09 11 23 00 280  5.0  7.0    MM    MM    MM  MM 1014.6  14.6  16.3  12.0   MM -2.0    MM
2026 09 11 22 50 280  6.0  7.0   1.8    16   6.6 215 1014.8  14.5  16.3  12.0   MM   MM    MM
2026 09 11 22 40 290  5.0  6.0    MM    MM    MM  MM 1014.9  14.5  16.3  12.0   MM   MM    MM
2026 09 11 22 30 290  5.0  6.0    MM    MM    MM  MM 1015.0  14.2  16.3  11.9   MM   MM    MM
2026 09 11 22 20 300  3.0  4.0   1.8    16   6.7 250 1015.1  13.6  16.3  11.9   MM   MM    MM
2026 09 11 22 10 300  4.0  5.0   1.8    MM   6.7 250 1015.2  13.3  16.3  12.0   MM   MM    MM
2026 09 11 22 00 310  4.0  5.0    MM    MM    MM  MM 1015.2  13.3  16.3  11.9   MM -2.1    MM
2026 09 11 21 50 330  3.0  5.0   1.8     8   6.3 309 1015.4  13.6    MM  11.8   MM   MM    MM
2026 09 11 21 40 350  4.0  5.0   1.8    MM   6.3 309 1015.4  13.4  16.3  11.7   MM   MM    MM
2026 09 11 21 30 340  5.0  7.0    MM    MM    MM  MM 1015.5  13.2  16.3  11.8   MM   MM    MM
2026 09 11 21 20 330  6.0  8.0   1.9    16   6.3 212 1015.6  13.3    MM  11.8   MM   MM    MM
2026 09 11 21 10 320  6.0  8.0    MM    MM    MM  MM 1015.7  14.0  16.3  12.0   MM   MM    MM
2026 09 11 21 00 310  5.0  6.0    MM    MM    MM  MM 1015.9  14.6  16.3  12.2   MM -2.1    MM
2026 09 11 20 50 300  4.0  6.0   1.8     8   6.2 305 1016.0  14.6  16.3  12.2   MM   MM    MM
2026 09 11 20 40 300  5.0  7.0    MM    MM    MM  MM 1016.1  14.6  16.4  12.3   MM   MM    MM
2026 09 11 20 30 280  5.0  6.0    MM    MM    MM  MM 1016.2  14.6  16.4  12.3   MM   MM    MM
2026 09 11 20 20 280  4.0  6.0   1.7     9   6.3 301 1016.4  14.5  16.4  12.3   MM   MM    MM
2026 09 11 20 10 280  6.0  8.0   1.7    MM   6.3 301 1016.6  14.7  16.4  12.3   MM   MM    MM
2026 09 11 20 00 270  6.0  7.0    MM    MM    MM  MM 1016.6  15.2  16.4  12.5   MM   MM    MM
2026 09 11 19 50 270  6.0  7.0   1.9    16   6.3 211 1016.7  15.2  16.4  12.2   MM   MM    MM
2026 09 11 19 40 270  5.0  7.0   1.9    MM   6.3 211 1016.9  15.1  16.4  12.2   MM   MM    MM
2026 09 11 19 30 250  4.0  5.0    MM    MM    MM  MM 1016.9  14.7  16.4  12.3   MM   MM    MM
2026 09 11 19 20 250  3.0  4.0   1.8     8   6.3 309 1017.0  14.6    MM  12.0   MM   MM    MM
2026 09 11 19 10 250  3.0  4.0    MM    MM    MM  MM 1017.2  14.4  16.4  11.8   MM   MM    MM
2026 09 11 19 00 250  3.0  3.0   1.8    MM   6.3 309 1017.3  14.2  16.4  11.6   MM -1.1    MM
2026 09 11 18 50 240  3.0  4.0   1.8     8   6.0 310 1017.4  14.1  16.4  11.3   MM   MM    MM
2026 09 11 18 40 250  3.0  4.0    MM    MM    MM  MM 1017.4  14.1  16.4  11.3   MM   MM    MM
2026 09 11 18 30 250  4.0  6.0    MM    MM    MM  MM 1017.6  14.1  16.4  11.1   MM   MM    MM
2026 09 11 18 20 270  5.0  6.0   1.9     8   6.2 314 1017.6  14.1  16.4  11.1   MM   MM    MM
2026 09 11 18 10 290  7.0  9.0    MM    MM    MM  MM 1017.8  13.9  16.4  11.6   MM   MM    MM
2026 09 11 18 00 290  5.0  8.0    MM    MM    MM  MM 1018.0  14.2  16.4  11.8   MM -1.1    MM
2026 09 11 17 50 260  4.0  5.0   1.8     9   5.7 313 1017.8  14.0  16.4  11.6   MM   MM    MM
2026 09 11 17 40 270  6.0  8.0   1.8    MM   5.7 313 1017.9  13.9  16.4  11.7   MM   MM    MM
2026 09 11 17 30 270  8.0  9.0    MM    MM    MM  MM 1018.0  14.0  16.4  12.2   MM   MM    MM
2026 09 11 17 20 270  7.0 10.0   1.9    16   6.1 210 1018.0  14.8  16.4  11.6   MM   MM    MM
2026 09 11 17 10 290  6.0  7.0    MM    MM    MM  MM 1018.0  14.8  16.4  11.4   MM   MM    MM
2026 09 11 16 50 300  9.0 11.0    MM    MM    MM  MM 1018.0  14.7  16.4  11.9   MM   MM    MM
2026 09 11 16 40 290 10.0 11.0    MM    MM    MM  MM 1017.7  14.9    MM  11.7   MM   MM    MM
2026 09 11 16 10 280  5.0  6.0    MM    MM    MM  MM 1018.4  15.2  16.4  11.8   MM   MM    MM
2026 09 11 16 00 280  5.0  6.0    MM    MM    MM  MM 1018.5  15.2  16.4  11.8   MM -1.0    MM
2026 09 11 15 50 300  5.0  7.0    MM    MM    MM  MM 1018.6    MM  16.4    MM   MM   MM    MM
2026 09 11 15 40 300  6.0  9.0    MM    MM    MM  MM 1018.7  14.9  16.4  11.0   MM   MM    MM
2026 09 11 15 30 290  9.0 10.0    MM    MM    MM  MM 1018.8  14.9  16.4  11.5   MM   MM    MM
2026 09 11 15 20 280  7.0 10.0    MM    MM    MM  MM 1018.8  15.1  16.4  11.9   MM   MM    MM
2026 09 11 15 10 290  6.0  7.0    MM    MM    MM  MM 1018.8  15.1  16.4  11.5   MM   MM    MM
2026 09 11 15 00 300  5.0  7.0    MM    MM    MM  MM 1018.9  15.1  16.4  11.5   MM -1.0    MM
2026 09 11 14 50 310  5.0  7.0   2.0     8   6.0 316 1019.0    MM  16.4    MM   MM   MM    MM
2026 09 11 14 40 300  6.0  7.0    MM    MM    MM  MM 1019.1  15.2  16.4  11.6   MM   MM    MM
2026 09 11 14 30 290  6.0  9.0    MM    MM    MM  MM 1019.1  15.2  16.4  11.4   MM   MM    MM
2026 09 11 14 20 290  8.0 10.0   1.9     8   6.2 313 1019.0  15.1  16.4  11.8   MM   MM    MM
2026 09 11 14 10 300  9.0 10.0   1.9    MM   6.2 313 1019.1  15.2  16.4  12.2   MM   MM    MM
2026 09 11 14 00 300  7.0 10.0    MM    MM    MM  MM 1019.1  15.6  16.4  11.1   MM -1.3    MM
2026 09 11 13 50 290  7.0  8.0   1.9     8   6.0 315 1019.1  15.6  16.4  10.9   MM   MM    MM
2026 09 11 13 40 300  7.0  9.0    MM    MM    MM  MM 1019.2  15.6  16.4  11.3   MM   MM    MM
2026 09 11 13 30 310  8.0  9.0    MM    MM    MM  MM 1019.3  15.5  16.4  11.6   MM   MM    MM
2026 09 11 13 20 300  8.0 10.0   2.0    MM   6.4 295 1019.3    MM  16.4    MM   MM   MM    MM
2026 09 11 13 10 300  8.0 10.0    MM    MM    MM  MM 1019.4  15.4  16.4  12.2   MM   MM    MM
2026 09 11 13 00 300  7.0 10.0    MM    MM    MM  MM 1019.6  15.3  16.4  12.4   MM -1.2    MM
2026 09 11 12 50 300  7.0  8.0   1.9    10   6.3 302 1019.6  15.3  16.4  12.1   MM   MM    MM
2026 09 11 12 40 300  7.0  9.0   1.9    MM   6.3 302 1019.6  15.3  16.4  12.0   MM   MM    MM
2026 09 11 12 30 300  8.0  9.0    MM    MM    MM  MM 1019.7  15.3  16.4  12.5   MM   MM    MM
2026 09 11 12 20 300  8.0 10.0   1.8    10   6.5 310 1019.7  15.4  16.4  12.3   MM   MM    MM
2026 09 11 12 10 300  7.0  9.0   1.8    MM   6.5 310 1019.8  15.5  16.4  12.6   MM   MM    MM
2026 09 11 12 00 300  7.0  9.0    MM    MM    MM  MM 1019.9  15.4  16.4  12.2   MM -1.4    MM
2026 09 11 11 50 300  7.0 10.0   1.7    MM   6.5 285 1020.0    MM  16.4    MM   MM   MM    MM
2026 09 11 11 40 300  8.0  9.0   1.7    MM   6.5 285 1020.0  15.3  16.4  12.8   MM   MM    MM
2026 09 11 11 30 300  8.0 10.0    MM    MM    MM  MM 1020.0  15.3  16.4  12.9   MM   MM    MM
2026 09 11 11 20 300  5.0  6.0   1.8     9   6.6 306 1020.1  15.1  16.4  12.9   MM   MM    MM
2026 09 11 11 10 310  5.0  6.0   1.8    MM   6.6 306 1020.2  15.0  16.4  12.8   MM   MM    MM
2026 09 11 11 00 320  6.0  7.0    MM    MM    MM  MM 1020.3  15.0  16.4  12.8   MM -1.2    MM
2026 09 11 10 50 310  5.0  6.0   1.9     9   6.6 309 1020.4  14.9  16.4  12.7   MM   MM    MM
2026 09 11 10 40 310  5.0  6.0   1.9    MM   6.6 309 1020.5  14.9  16.4  12.7   MM   MM    MM
2026 09 11 10 30 320  5.0  7.0    MM    MM    MM  MM 1020.5  14.8  16.4  12.5   MM   MM    MM
2026 09 11 10 20 320  6.0  8.0   1.8     9   6.3 309 1020.6  14.8  16.4  12.6   MM   MM    MM
2026 09 11 10 10 320  4.0  6.0   1.8    MM   6.3 309 1020.7  14.5  16.4  12.6   MM   MM    MM
2026 09 11 10 00 310  5.0  6.0    MM    MM    MM  MM 1020.8  14.4  16.4  12.6   MM -1.0    MM
2026 09 11 09 50 310  4.0  6.0   1.9    11   6.3 276 1020.9  14.4  16.4  12.7   MM   MM    MM
2026 09 11 09 40 310  5.0  7.0   1.9    MM   6.3 276 1021.0  14.3  16.4  12.4   MM   MM    MM
2026 09 11 09 30 330  6.0  8.0    MM    MM    MM  MM 1021.2  14.0  16.4  12.7   MM   MM    MM
2026 09 11 09 20 340  7.0 10.0   1.7     9   6.3 317 1021.3  13.7  16.4  12.7   MM   MM    MM
2026 09 11 09 10 330  8.0 12.0   1.7    MM   6.3 317 1021.3  14.6  16.4  12.7   MM   MM    MM
2026 09 11 09 00 320  6.0  7.0    MM    MM    MM  MM 1021.2  15.0  16.4  12.2   MM -1.0    MM
2026 09 11 08 50 300  5.0  6.0   1.7    13   6.2 282 1021.3  14.9  16.4  12.4   MM   MM    MM
2026 09 11 08 40 290  5.0  6.0   1.7    MM   6.2 282 1021.4  14.8  16.4  12.0   MM   MM    MM
2026 09 11 08 30 300  6.0  7.0    MM    MM    MM  MM 1021.4  14.9  16.4  12.3   MM   MM    MM
2026 09 11 08 20 300  8.0  9.0   1.7     8   6.0 323 1021.5  14.8  16.4  12.4   MM   MM    MM
2026 09 11 08 10 310  9.0 10.0   1.7    MM   6.0 323 1021.5  14.9  16.4  12.8   MM   MM    MM
2026 09 11 08 00 320  8.0 10.0    MM    MM    MM  MM 1021.5  15.3  16.4  12.4   MM -0.9    MM
2026 09 11 07 50 310  7.0  8.0   1.8     9   6.2 304 1021.5  15.3  16.4  12.0   MM   MM    MM
2026 09 11 07 40 320  6.0  7.0    MM    MM    MM  MM 1021.5  15.4  16.4  11.9   MM   MM    MM
2026 09 11 07 30 320  7.0  8.0    MM    MM    MM  MM 1021.5  15.4  16.4  12.0   MM   MM    MM
2026 09 11 07 20 320  7.0  9.0   1.9    10   6.2 306 1021.5  15.5  16.4  12.1   MM   MM    MM
2026 09 11 07 10 320  7.0  8.0   1.9    MM   6.2 306 1021.5  15.6  16.4  11.8   MM   MM    MM
2026 09 11 07 00 320  6.0  7.0    MM    MM    MM  MM 1021.6  15.6  16.4  11.7   MM -0.6    MM
2026 09 11 06 50 320  6.0  8.0   1.9    13   6.2 303 1021.7    MM  16.4    MM   MM   MM    MM
2026 09 11 06 40 310  7.0  9.0    MM    MM    MM  MM 1021.8  15.5  16.4  12.1   MM   MM    MM
2026 09 11 06 30 320  7.0  9.0    MM    MM    MM  MM 1022.0  15.6  16.4  12.2   MM   MM    MM
2026 09 11 06 20 320  6.0  8.0   1.8    13   5.7 265 1022.0  15.7  16.4  11.7   MM   MM    MM
2026 09 11 06 10 320  7.0  8.0    MM    MM    MM  MM 1022.1  15.7  16.4  11.9   MM   MM    MM
2026 09 11 06 00 320  7.0  8.0    MM    MM    MM  MM 1022.2  15.6  16.4  11.8   MM +0.0    MM
2026 09 11 05 50 320  8.0 10.0   2.0    13   6.4 300 1022.3  15.6  16.4  12.1   MM   MM    MM
2026 09 11 05 40 320  7.0  9.0    MM    MM    MM  MM 1022.3  15.7  16.4  12.0   MM   MM    MM
2026 09 11 05 30 320  7.0 10.0    MM    MM    MM  MM 1022.4  15.7  16.4  12.1   MM   MM    MM
2026 09 11 05 20 330  7.0  9.0   1.8    14   5.8 259 1022.6  15.7  16.4  12.0   MM   MM    MM
2026 09 11 05 10 330  8.0 10.0    MM    MM    MM  MM 1022.5  15.8  16.4  11.7   MM   MM    MM
2026 09 11 05 00 320  8.0 10.0    MM    MM    MM  MM 1022.4  15.8  16.4  11.7   MM -0.0    MM
2026 09 11 04 50 320  8.0  9.0   1.9     9   5.9 313 1022.6  15.8  16.4  11.8   MM   MM    MM
2026 09 11 04 40 320  7.0 10.0    MM    MM    MM  MM 1022.6  15.8  16.4  11.7   MM   MM    MM
2026 09 11 04 30 320  7.0 10.0    MM    MM    MM  MM 1022.6  15.8  16.4  11.6   MM   MM    MM
2026 09 11 04 20 320  7.0  9.0   1.9    13   5.9 293 1022.4  15.9  16.4  11.6   MM   MM    MM
2026 09 11 04 10 320  7.0  9.0    MM    MM    MM  MM 1022.4  15.8  16.4  11.5   MM   MM    MM
2026 09 11 04 00 320  7.0  9.0    MM    MM    MM  MM 1022.3  15.8  16.4  11.9   MM -0.5    MM
2026 09 11 03 50 330  7.0  9.0   1.8     9   5.8 315 1022.2  15.8    MM  11.5   MM   MM    MM
2026 09 11 03 40 330  7.0  9.0   1.8    MM   5.8 315 1022.1  15.9  16.5  11.9   MM   MM    MM
2026 09 11 03 30 330  7.0  9.0    MM    MM    MM  MM 1022.1  15.8  16.5  12.2   MM   MM    MM
2026 09 11 03 20 340  8.0  9.0   2.0     9   6.0 318 1022.1  15.7  16.5  12.8   MM   MM    MM
2026 09 11 03 10 330  7.0  9.0   2.0    MM   6.0 318 1022.2  15.7  16.5  13.2   MM   MM    MM
2026 09 11 03 00 340  7.0  9.0    MM    MM    MM  MM 1022.2  15.7  16.5  13.2   MM   MM    MM
2026 09 11 02 50 340  8.0  9.0   2.0    14   6.0 290 1022.3  15.7  16.5  13.1   MM   MM    MM
2026 09 11 02 40 340  8.0  9.0   2.0    MM   6.0 290 1022.3  15.7  16.5  13.1   MM   MM    MM
2026 09 11 02 30 340  8.0  9.0    MM    MM    MM  MM 1022.5  15.7  16.5  13.2   MM   MM    MM
2026 09 11 02 20 340  9.0 10.0   1.8    14   5.7 305 1022.5  15.7  16.5  13.2   MM   MM    MM
2026 09 11 02 10 340  9.0 10.0   1.8    MM   5.7 305 1022.6  15.7  16.5  13.3   MM   MM    MM
2026 09 11 02 00 340  9.0 11.0    MM    MM    MM  MM 1022.6    MM  16.5    MM   MM -1.1    MM
2026 09 11 01 50 340  9.0 10.0    MM    MM    MM  MM 1022.7  15.8  16.5  13.4   MM   MM    MM
2026 09 11 01 40 330  8.0 10.0    MM    MM    MM  MM 1022.7  15.8  16.5  13.2   MM   MM    MM
2026 09 11 01 30 330  8.0 10.0    MM    MM    MM  MM 1022.7  15.8  16.5  13.5   MM   MM    MM
2026 09 11 01 20 330  8.0  9.0    MM    MM    MM  MM 1022.7    MM  16.5    MM   MM   MM    MM
2026 09 11 01 10 330  8.0  9.0    MM    MM    MM  MM 1022.8  16.1  16.5  12.0   MM   MM    MM
2026 09 11 01 00 330  7.0  9.0    MM    MM    MM  MM 1022.7  15.9  16.5  12.3   MM -1.4    MM
2026 09 11 00 50 340  7.0  8.0    MM    MM    MM  MM 1022.8  15.8  16.5  13.1   MM   MM    MM
2026 09 11 00 40 340  7.0  8.0    MM    MM    MM  MM 1022.9  15.7  16.5  13.4   MM   MM    MM
2026 09 10 23 00 330  6.0  8.0    MM    MM    MM  MM 1023.7  15.9  16.5  12.9   MM   MM    MM
2026 09 10 22 50 330  7.0  8.0    MM    MM    MM  MM 1023.8  15.9  16.5  12.7   MM   MM    MM
2026 09 10 22 40 330  7.0  8.0    MM    MM    MM  MM 1023.6  15.9  16.5  12.5   MM   MM    MM
2026 09 10 22 30 340  6.0  8.0    MM    MM    MM  MM 1023.8  16.0    MM  12.4   MM   MM    MM
2026 09 10 22 10 340  6.0  8.0    MM    MM    MM  MM 1023.9  16.1    MM  12.2   MM   MM    MM
2026 09 10 22 00 340  5.0  6.0    MM    MM    MM  MM 1024.2  16.1    MM  12.1   MM   MM    MM
2026 09 10 21 50 340  5.0  7.0   1.8    14   6.2 295 1024.2    MM  16.5    MM   MM   MM    MM
2026 09 10 21 40 340  6.0  7.0    MM    MM    MM  MM 1024.5  16.1  16.5  11.9   MM   MM    MM
2026 09 10 21 30 350  6.0  7.0    MM    MM    MM  MM 1024.5  16.1  16.5  11.5   MM   MM    MM
2026 09 10 21 20 350  7.0  8.0    MM    MM    MM  MM 1024.6    MM  16.5    MM   MM   MM    MM
2026 09 10 21 10 360  6.0  8.0    MM    MM    MM  MM 1024.6  16.1  16.5  11.3   MM   MM    MM
2026 09 10 20 30 350  7.0  9.0    MM    MM    MM  MM 1025.0    MM    MM    MM   MM   MM    MM
2026 09 10 18 00 350  8.0  9.0    MM    MM    MM  MM 1025.1    MM    MM    MM   MM   MM    MM
2026 09 10 17 50 360  8.0  9.0    MM    MM    MM  MM 1025.1    MM  16.4    MM   MM   MM    MM
2026 09 10 17 30 350  7.0  9.0    MM    MM    MM  MM 1024.9  15.8    MM  12.8   MM   MM    MM
2026 09 10 17 10 350  7.0  9.0    MM    MM    MM  MM 1024.7  15.7    MM  12.7   MM   MM    MM
2026 09 10 17 00 360  7.0  8.0    MM    MM    MM  MM 1025.0    MM  16.4    MM   MM +0.4    MM
2026 09 10 15 30 360  9.0 11.0    MM    MM    MM  MM 1024.6  15.8    MM  13.0   MM   MM    MM
2026 09 10 14 50 350  7.0  9.0   1.6    11   5.3 291 1024.9    MM    MM    MM   MM   MM    MM
2026 09 10 14 40 350  6.0  8.0    MM    MM    MM  MM 1024.8  15.6  16.4  13.8   MM   MM    MM
2026 09 10 14 30 350  7.0  8.0    MM    MM    MM  MM 1024.7  15.4  16.4  13.8   MM   MM    MM
2026 09 10 14 20 350  8.0 10.0   1.7    11   5.3 289 1024.8  15.2  16.4  13.8   MM   MM    MM
2026 09 10 14 10 340  8.0 10.0   1.7    MM   5.3 289 1024.7  15.2  16.4  14.1   MM   MM    MM
2026 09 10 14 00 350  9.0 11.0    MM    MM    MM  MM 1024.6  15.2  16.4  13.9   MM -0.0    MM
2026 09 10 13 50 340 10.0 11.0   1.5    11   5.1 285 1024.5  15.1  16.4  14.0   MM   MM    MM
2026 09 10 13 40 350 10.0 12.0   1.5    MM   5.1 285 1024.6  15.1  16.4  14.3   MM   MM    MM
2026 09 10 13 30 350  9.0 11.0    MM    MM    MM  MM 1024.6  15.6  16.4  14.3   MM   MM    MM
2026 09 10 13 20 360  9.0 11.0   1.4     5   5.0 340 1024.6  15.6  16.4  14.0   MM   MM    MM
2026 09 10 13 10 360  9.0 11.0   1.4    MM   5.0 340 1024.5  15.5  16.4  14.1   MM   MM    MM
2026 09 10 13 00 360  9.0 10.0    MM    MM    MM  MM 1024.4  15.5  16.4  14.4   MM -0.6    MM
2026 09 10 12 50 360  9.0 10.0   1.6    12   5.7 217 1024.5  15.4  16.4  14.4   MM   MM    MM
2026 09 10 12 40 360  9.0 11.0    MM    MM    MM  MM 1024.5  15.4  16.4  14.5   MM   MM    MM
2026 09 10 12 30 360  9.0 11.0    MM    MM    MM  MM 1024.4  15.4  16.4  14.6   MM   MM    MM
2026 09 10 12 20  10  9.0 11.0   1.6    11   5.6 265 1024.3  15.3  16.4  14.8   MM   MM    MM
2026 09 10 12 10 350  9.0 12.0   1.6    MM   5.6 265 1024.3  15.5  16.4  15.1   MM   MM    MM
2026 09 10 12 00 330  7.0  9.0    MM    MM    MM  MM 1024.3  15.9  16.4  15.2   MM -1.0    MM
2026 09 10 11 50 330  6.0  8.0   1.5    11   5.3 258 1024.4  16.0  16.4  15.2   MM   MM    MM
2026 09 10 11 40 340  6.0  8.0   1.5    MM   5.3 258 1024.5  16.0  16.4  15.2   MM   MM    MM
2026 09 10 11 30 340  6.0  8.0    MM    MM    MM  MM 1024.5  16.0  16.4  15.2   MM   MM    MM
2026 09 10 11 20 350  7.0  9.0   1.5    11   5.6 326 1024.5  16.0  16.4  15.0   MM   MM    MM
2026 09 10 11 10 340  7.0  8.0   1.5    MM   5.6 326 1024.6  16.0  16.4  15.0   MM   MM    MM
2026 09 10 11 00 340  7.0 10.0    MM    MM    MM  MM 1024.6  15.9  16.4  15.0   MM -1.0    MM
2026 09 10 10 50 340  8.0  9.0   1.6    11   5.6 268 1024.6  15.8  16.4  14.9   MM   MM    MM
2026 09 10 10 40 340  8.0  9.0    MM    MM    MM  MM 1024.7  15.8  16.4  15.2   MM   MM    MM
2026 09 10 10 30 340  7.0  9.0    MM    MM    MM  MM 1024.7  15.8  16.4  15.1   MM   MM    MM
2026 09 10 10 20 330  8.0  9.0   1.6    10   5.7 287 1024.9  15.8  16.4  15.0   MM   MM    MM
2026 09 10 10 10 340  7.0  9.0   1.6    MM   5.7 287 1025.0  15.8  16.4  15.0   MM   MM    MM
2026 09 10 10 00 340  8.0 10.0    MM    MM    MM  MM 1025.1  15.7  16.4  14.8   MM -1.1    MM
2026 09 10 09 50 340  8.0 10.0   1.6    10   5.6 298 1025.2  15.7  16.4  14.9   MM   MM    MM
2026 09 10 09 40 340  7.0  8.0   1.6    MM   5.6 298 1025.1  15.7  16.4  15.0   MM   MM    MM
2026 09 10 09 30 330  8.0 10.0    MM    MM    MM  MM 1025.1  15.6  16.4  14.8   MM   MM    MM
2026 09 10 09 20 340  8.0 10.0   1.6    11   6.0 290 1025.1  15.8  16.4  14.7   MM   MM    MM
2026 09 10 09 10 330  8.0  9.0   1.6    MM   6.0 290 1025.2  15.8  16.4  14.4   MM   MM    MM
2026 09 10 09 00 330  8.0  9.0    MM    MM    MM  MM 1025.3  15.8  16.4  14.4   MM -1.1    MM
2026 09 10 08 50 330  7.0  9.0   1.7    10   6.3 288 1025.4  15.9  16.4  14.5   MM   MM    MM
2026 09 10 08 40 340  7.0  9.0   1.7    MM   6.3 288 1025.4  16.0  16.4  14.6   MM   MM    MM
2026 09 10 08 30 340  7.0  9.0    MM    MM    MM  MM 1025.4  16.0  16.4  14.6   MM   MM    MM
2026 09 10 08 20 340  7.0  9.0   1.7    11   6.2 283 1025.5  16.0  16.4  14.6   MM   MM    MM
2026 09 10 08 10 330  7.0  9.0    MM    MM    MM  MM 1025.6  16.0  16.4  14.7   MM   MM    MM
2026 09 10 08 00 330  7.0  8.0    MM    MM    MM  MM 1025.6  16.1  16.4  14.9   MM -1.1    MM
2026 09 10 07 50 330  7.0  8.0   1.6    11   6.4 281 1025.7  16.1  16.4  14.9   MM   MM    MM
2026 09 10 07 40 330  7.0  8.0    MM    MM    MM  MM 1025.8  16.1  16.4  14.9   MM   MM    MM
2026 09 10 07 30 330  7.0  8.0    MM    MM    MM  MM 1025.8  16.1  16.4  15.0   MM   MM    MM
2026 09 10 07 20 330  7.0  9.0   1.6    11   6.3 272 1025.9  16.1  16.4  15.0   MM   MM    MM
2026 09 10 07 10 330  7.0  8.0    MM    MM    MM  MM 1026.0  16.1  16.4  15.0   MM   MM    MM
2026 09 10 07 00 330  6.0  8.0    MM    MM    MM  MM 1026.1  16.1  16.4  15.0   MM -0.4    MM
2026 09 10 06 50 330  7.0  8.0   1.7     9   6.4 284 1026.2  16.1  16.4  14.9   MM   MM    MM
2026 09 10 06 40 330  7.0  9.0    MM    MM    MM  MM 1026.1  16.0  16.5  14.9   MM   MM    MM
2026 09 10 06 30 330  7.0  9.0    MM    MM    MM  MM 1026.3  16.0  16.5  15.1   MM   MM    MM
2026 09 10 06 20 320  7.0  8.0   1.7    11   6.6 280 1026.3  15.9  16.5  15.1   MM   MM    MM
2026 09 10 06 10 320  6.0  8.0    MM    MM    MM  MM 1026.4  15.9  16.5  15.1   MM   MM    MM
2026 09 10 06 00 320  7.0  8.0    MM    MM    MM  MM 1026.4  15.9  16.5  15.2   MM +0.0    MM
2026 09 10 05 50 330  7.0  8.0   1.6    11   6.4 262 1026.5  15.9  16.5  15.2   MM   MM    MM
2026 09 10 05 40 320  6.0  8.0    MM    MM    MM  MM 1026.6  15.9  16.5  15.4   MM   MM    MM
2026 09 10 05 30 330  6.0  8.0    MM    MM    MM  MM 1026.6  16.0  16.5  15.5   MM   MM    MM
2026 09 10 05 20 320  6.0  8.0   1.8    11   6.9 264 1026.7  16.0  16.5  15.5   MM   MM    MM
2026 09 10 05 10 330  6.0  8.0   1.8    MM   6.9 264 1026.7  16.0  16.5  15.5   MM   MM    MM
2026 09 10 05 00 330  6.0  8.0    MM    MM    MM  MM 1026.6  15.9  16.5  15.3   MM +0.3    MM
2026 09 10 04 50 330  6.0  8.0   1.7    11   6.7 269 1026.6  15.9  16.5  15.3   MM   MM    MM
2026 09 10 04 40 340  7.0  8.0    MM    MM    MM  MM 1026.6  16.0  16.5  15.4   MM   MM    MM
2026 09 10 04 30 330  7.0  9.0    MM    MM    MM  MM 1026.6  16.1  16.5  15.4   MM   MM    MM
2026 09 10 04 20 340  6.0  8.0   1.7    10   6.8 307 1026.6  16.2  16.5  15.5   MM   MM    MM
2026 09 10 04 10 340  7.0  8.0   1.7    MM   6.8 307 1026.6  16.2  16.5  15.5   MM   MM    MM
2026 09 10 04 00 340  7.0  8.0    MM    MM    MM  MM 1026.5  16.2  16.5  15.5   MM -0.7    MM
2026 09 10 03 50 330  8.0 10.0   1.7    11   7.1 265 1026.4  16.3  16.5  15.5   MM   MM    MM
2026 09 10 03 40 340  7.0  8.0   1.7    MM   7.1 265 1026.5  16.2  16.5  15.4   MM   MM    MM
2026 09 10 03 30 340  6.0  8.0    MM    MM    MM  MM 1026.4  16.2  16.5  15.4   MM   MM    MM
2026 09 10 03 20 330  7.0  8.0   1.5    11   6.7 313 1026.4    MM  16.5    MM   MM   MM    MM
2026 09 10 03 10 330  6.0  7.0    MM    MM    MM  MM 1026.4  16.1  16.5  15.6   MM   MM    MM
2026 09 10 03 00 330  5.0  6.0    MM    MM    MM  MM 1026.3  16.1  16.5  15.6   MM -1.5    MM
2026 09 10 02 50 330  5.0  6.0   1.8    12   7.2 304 1026.3  16.1  16.5  15.5   MM   MM    MM
2026 09 10 02 40 340  5.0  6.0   1.8    MM   7.2 304 1026.2  16.1  16.5  15.5   MM   MM    MM
2026 09 10 02 30 340  6.0  7.0    MM    MM    MM  MM 1026.3  16.0  16.5  15.4   MM   MM    MM
2026 09 10 02 20 340  7.0  8.0   1.6    MM   7.0 292 1026.4    MM  16.5    MM   MM   MM    MM
2026 09 10 02 10 350  6.0  7.0    MM    MM    MM  MM 1026.4  16.1  16.5  15.4   MM   MM    MM
2026 09 10 02 00 350  6.0  8.0    MM    MM    MM  MM 1026.4  16.0  16.5  15.3   MM -1.8    MM
2026 09 10 01 50 350  6.0  7.0   1.3    11   6.0 294 1026.6  16.0  16.5  15.4   MM   MM    MM
2026 09 10 01 40 350  6.0  8.0    MM    MM    MM  MM 1026.6  15.9  16.5  15.3   MM   MM    MM
2026 09 10 01 30 340  6.0  7.0    MM    MM    MM  MM 1026.7  15.9  16.5  15.2   MM   MM    MM
2026 09 10 01 20 340  6.0  7.0   1.7    12   7.1 284 1026.9  15.9  16.5  15.2   MM   MM    MM
2026 09 10 01 10 340  6.0  8.0   1.7    MM   7.1 284 1027.0  15.8  16.5  15.2   MM   MM    MM
2026 09 10 01 00 340  6.0  8.0    MM    MM    MM  MM 1027.1  15.9  16.5  15.3   MM -1.2    MM
2026 09 10 00 50 350  5.0  6.0   1.6    12   6.6 290 1027.2  15.9  16.5  15.3   MM   MM    MM
2026 09 10 00 40 350  5.0  7.0   1.6    MM   6.6 290 1027.4  15.8  16.5  15.2   MM   MM    MM
2026 09 10 00 30 350  6.0  7.0    MM    MM    MM  MM 1027.5  15.8    MM  15.2   MM   MM    MM
2026 09 10 00 10 350  6.0  7.0    MM    MM    MM  MM 1027.6  15.9  16.5  15.2   MM   MM    MM
2026 09 10 00 00 350  6.0  8.0    MM    MM    MM  MM 1027.7  15.8  16.5  15.2   MM -1.2    MM
2026 09 09 23 50 350  7.0  8.0   1.5    12   6.3 269 1027.8  15.7    MM  15.2   MM   MM    MM
2026 09 09 23 40 350  7.0  8.0   1.5    MM   6.3 269 1028.0  15.7  16.5  15.2   MM   MM    MM
2026 09 09 23 30 350  7.0  8.0    MM    MM    MM  MM 1028.0  15.8  16.5  15.2   MM   MM    MM
2026 09 09 23 20 360  7.0  8.0   1.4    12   6.2 274 1028.1  15.7  16.5  15.0   MM   MM    MM
2026 09 09 23 10 350  6.0  8.0    MM    MM    MM  MM 1028.1  15.6  16.5  15.1   MM   MM    MM
2026 09 09 23 00 350  6.0  8.0    MM    MM    MM  MM 1028.3  15.6  16.5  15.2   MM -1.0    MM
2026 09 09 22 50 360  6.0  7.0    MM    MM    MM  MM 1028.2  15.6  16.5  15.1   MM   MM    MM
2026 09 09 22 40 360  7.0  8.0    MM    MM    MM  MM 1028.3  15.6  16.5  15.0   MM   MM    MM
2026 09 09 22 30 350  6.0  8.0    MM    MM    MM  MM 1028.3  15.6  16.5  14.9   MM   MM    MM
2026 09 09 22 20 350  6.0  7.0    MM    MM    MM  MM 1028.4  15.6    MM  14.9   MM   MM    MM
2026 09 09 22 10 360  6.0  7.0    MM    MM    MM  MM 1028.4  15.6  16.5  15.0   MM   MM    MM
2026 09 09 22 00 350  6.0  7.0    MM    MM    MM  MM 1028.3  15.5  16.5  15.0   MM -0.9    MM
2026 09 09 21 50 350  6.0  7.0    MM    MM    MM  MM 1028.5  15.4  16.5  14.8   MM   MM    MM
2026 09 09 21 40 350  5.0  6.0    MM    MM    MM  MM 1028.8  15.4  16.5  14.8   MM   MM    MM
2026 09 09 21 30 350  5.0  6.0    MM    MM    MM  MM 1028.8  15.5  16.5  14.7   MM   MM    MM
2026 09 09 21 20 350  5.0  6.0    MM    MM    MM  MM 1028.9    MM    MM    MM   MM   MM    MM
2026 09 09 21 10 350  6.0  6.0    MM    MM    MM  MM 1028.9  15.6  16.4  14.5   MM   MM    MM
2026 09 09 21 00 340  6.0  7.0    MM    MM    MM  MM 1029.0  15.6    MM  14.4   MM -0.3    MM
2026 09 09 20 00 350  6.0  7.0    MM    MM    MM  MM 1029.3    MM    MM    MM   MM   MM    MM
2026 09 09 19 00 340  6.0  8.0    MM    MM    MM  MM 1029.0  15.6    MM  13.9   MM +0.0    MM
2026 09 09 18 00  10  6.0  7.0    MM    MM    MM  MM 1029.3    MM  16.4    MM   MM -0.6    MM
2026 09 09 16 00  10  6.0  7.0    MM    MM    MM  MM 1029.4  15.8    MM  14.1   MM -0.3    MM
2026 09 09 15 50  10  7.0  9.0   1.9    11   6.4 297 1029.5  15.7  16.4  14.0   MM   MM    MM
2026 09 09 15 40 360  6.0  9.0   1.9    MM   6.4 297 1029.5  15.8  16.4  14.1   MM   MM    MM
2026 09 09 15 30 360  6.0  8.0    MM    MM    MM  MM 1029.6  15.8  16.4  14.0   MM   MM    MM
2026 09 09 15 20 360  8.0 10.0   1.9    11   6.6 295 1029.7  15.8  16.4  13.9   MM   MM    MM
2026 09 09 15 10 340  8.0 10.0   1.9    MM   6.6 295 1029.8  15.8  16.4  13.9   MM   MM    MM
2026 09 09 15 00 340  7.0 10.0    MM    MM    MM  MM 1029.9  15.9  16.4  14.1   MM -0.0    MM
2026 09 09 14 50 350  8.0  9.0   2.0    11   6.6 307 1029.8    MM  16.4    MM   MM   MM    MM
2026 09 09 14 40 350  8.0 10.0    MM    MM    MM  MM 1029.8  15.9  16.4  14.1   MM   MM    MM
2026 09 09 14 30 350  7.0  9.0    MM    MM    MM  MM 1029.8  15.9  16.4  14.2   MM   MM    MM
2026 09 09 14 20 350  7.0  9.0   1.8    11   6.3 294 1029.7  16.1  16.4  14.6   MM   MM    MM
2026 09 09 14 10 350  7.0  8.0   1.8    MM   6.3 294 1029.6  16.1  16.4  14.3   MM   MM    MM
2026 09 09 14 00 350  7.0  8.0    MM    MM    MM  MM 1029.5  16.1  16.4  14.3   MM -0.4    MM
2026 09 09 13 50 350  8.0 10.0   1.7    11   6.2 289 1029.5    MM  16.4    MM   MM   MM    MM
2026 09 09 13 40 350  8.0  9.0    MM    MM    MM  MM 1029.4  16.1  16.4  14.0   MM   MM    MM
2026 09 09 13 30 340  8.0 10.0    MM    MM    MM  MM 1029.3  16.1  16.4  14.1   MM   MM    MM
2026 09 09 13 20 350  7.0  8.0   2.1    11   6.9 285 1029.4  16.2  16.4  14.2   MM   MM    MM
2026 09 09 13 10 350  7.0 10.0   2.1    MM   6.9 285 1029.6  16.1  16.4  13.9   MM   MM    MM
2026 09 09 13 00 360  7.0  9.0    MM    MM    MM  MM 1029.6  16.1  16.4  14.1   MM -0.4    MM
2026 09 09 12 50 350  7.0  9.0   1.8    12   6.3 289 1029.7  16.2  16.4  14.5   MM   MM    MM
2026 09 09 12 40 350  8.0 10.0   1.8    MM   6.3 289 1029.7  16.1  16.4  14.2   MM   MM    MM
2026 09 09 12 30 350  8.0 10.0    MM    MM    MM  MM 1029.7  15.9  16.4  14.4   MM   MM    MM
2026 09 09 12 20 350  7.0  8.0   1.6    12   6.2 280 1029.8  15.7  16.4  14.4   MM   MM    MM
2026 09 09 12 10 350  6.0  8.0   1.6    MM   6.2 280 1029.7  15.5  16.4  14.5   MM   MM    MM
2026 09 09 12 00 360  7.0  9.0    MM    MM    MM  MM 1029.7  15.2    MM  14.5   MM +0.0    MM
2026 09 09 11 50 360  8.0 10.0   1.7    12   6.6 284 1029.7  15.2  16.4  14.6   MM   MM    MM
2026 09 09 11 40 350  7.0  8.0   1.7    MM   6.6 284 1029.6  15.3  16.4  14.7   MM   MM    MM
2026 09 09 11 30 360  6.0  8.0    MM    MM    MM  MM 1029.6  15.1  16.4  14.7   MM   MM    MM
2026 09 09 11 20 360  6.0  8.0   1.6    12   6.2 293 1029.7  15.0  16.4  14.4   MM   MM    MM
2026 09 09 11 10 360  6.0  7.0   1.6    MM   6.2 293 1029.8  15.1  16.4  14.3   MM   MM    MM
2026 09 09 11 00 360  7.0  8.0    MM    MM    MM  MM 1029.8  15.1  16.4  14.4   MM +0.0    MM
2026 09 09 10 50 350  7.0  8.0   1.6    13   6.3 280 1029.9  15.1  16.4  14.3   MM   MM    MM
2026 09 09 10 40 350  7.0  8.0   1.6    MM   6.3 280 1029.9  15.1  16.4  14.4   MM   MM    MM
2026 09 09 10 30 350  7.0  9.0    MM    MM    MM  MM 1029.9  15.2  16.4  14.4   MM   MM    MM
2026 09 09 10 20 350  7.0  9.0   1.6    13   6.4 240 1029.9  15.2  16.4  14.3   MM   MM    MM
2026 09 09 10 10 350  6.0  8.0   1.6    MM   6.4 240 1030.0  15.0  16.4  14.4   MM   MM    MM
2026 09 09 10 00 350  7.0  8.0    MM    MM    MM  MM 1030.1  15.4  16.4  14.4   MM +0.3    MM
2026 09 09 09 50 350  7.0  9.0   1.5    13   5.9 269 1030.0  15.6  16.4  14.0   MM   MM    MM
2026 09 09 09 40 350  7.0  9.0   1.5    MM   5.9 269 1029.9  15.7  16.4  13.9   MM   MM    MM
2026 09 09 09 30 360  6.0  9.0    MM    MM    MM  MM 1030.0  15.8  16.4  13.8   MM   MM    MM
2026 09 09 09 20 360  6.0  8.0   1.8    12   6.6 288 1030.0  15.9  16.4  14.0   MM   MM    MM
2026 09 09 09 10 350  7.0  8.0    MM    MM    MM  MM 1029.9  15.9  16.4  14.0   MM   MM    MM
2026 09 09 09 00 350  7.0  9.0    MM    MM    MM  MM 1029.9  16.1  16.4  14.4   MM -0.0    MM
2026 09 09 08 50 350  6.0  8.0   1.6    13   6.2 298 1029.7  16.0  16.4  14.1   MM   MM    MM
2026 09 09 08 40 350  6.0  7.0    MM    MM    MM  MM 1029.9  16.0  16.4  14.4   MM   MM    MM
2026 09 09 08 30 360  6.0  8.0    MM    MM    MM  MM 1029.9  16.1  16.4  14.2   MM   MM    MM
2026 09 09 08 20  10  5.0  6.0   1.7    13   6.1 288 1029.9  16.2  16.4  14.0   MM   MM    MM
2026 09 09 08 10  10  6.0  7.0    MM    MM    MM  MM 1029.9  16.1  16.4  13.7   MM   MM    MM
2026 09 09 08 00  20  6.0  8.0    MM    MM    MM  MM 1030.0  16.1  16.4  13.6   MM +0.0    MM
2026 09 09 07 50  10  7.0 10.0   1.8    13   6.2 283 1030.0  16.1  16.4  13.5   MM   MM    MM
2026 09 09 07 40  10  7.0 10.0   1.8    MM   6.2 283 1029.9  16.1  16.4  13.7   MM   MM    MM
2026 09 09 07 30  10  7.0  9.0    MM    MM    MM  MM 1030.0  16.1  16.4  13.9   MM   MM    MM
2026 09 09 07 20  10  7.0  8.0   1.7    13   5.9 263 1029.8  16.1  16.4  14.2   MM   MM    MM
2026 09 09 07 10  20  7.0  9.0   1.7    MM   5.9 263 1029.8  16.1  16.4  14.1   MM   MM    MM
2026 09 09 07 00  30  7.0  9.0    MM    MM    MM  MM 1029.7  16.1  16.4  13.9   MM -0.3    MM
2026 09 09 06 50  20  8.0  9.0   1.8    13   6.2 286 1029.6  16.1  16.4  13.9   MM   MM    MM
2026 09 09 06 40  20  8.0 10.0   1.8    MM   6.2 286 1029.9  16.1  16.4  14.0   MM   MM    MM
2026 09 09 06 30  30  8.0 10.0    MM    MM    MM  MM 1029.8  16.1  16.4  14.0   MM   MM    MM
2026 09 09 06 20  20  7.0  9.0   1.6    13   5.8 296 1030.0  16.1  16.4  14.4   MM   MM    MM
2026 09 09 06 10  10  7.0  9.0   1.6    MM   5.8 296 1030.1  16.1  16.4  14.7   MM   MM    MM
2026 09 09 06 00  10  7.0  9.0    MM    MM    MM  MM 1030.0  16.2    MM  14.6   MM +0.5    MM
2026 09 09 05 50  10  7.0  9.0   1.7    13   6.1 273 1030.0  16.2  16.4  14.4   MM   MM    MM
2026 09 09 05 40  10  7.0  8.0   1.7    MM   6.1 273 1030.0  16.1  16.4  14.3   MM   MM    MM
2026 09 09 05 30  10  7.0  9.0    MM    MM    MM  MM 1029.9  16.1  16.4  14.2   MM   MM    MM
2026 09 09 05 20  10  8.0 10.0   1.8    13   6.0 266 1029.8  16.1  16.4  14.2   MM   MM    MM
2026 09 09 05 10  10  8.0 10.0   1.8    MM   6.0 266 1029.7  16.0  16.4  14.1   MM   MM    MM
2026 09 09 05 00  10  8.0 11.0    MM    MM    MM  MM 1029.8  15.9  16.4  14.0   MM -0.0    MM
2026 09 09 04 50 360  8.0 10.0   1.7    13   6.1 306 1029.7  15.9  16.4  14.0   MM   MM    MM
2026 09 09 04 40  10  8.0 10.0   1.7    MM   6.1 306 1029.7  15.9  16.4  14.0   MM   MM    MM
2026 09 09 04 30  10  7.0  8.0    MM    MM    MM  MM 1029.7  16.0  16.4  14.2   MM   MM    MM
2026 09 09 04 20 360  8.0 10.0   1.7    14   6.1 284 1029.8  15.9  16.4  14.0   MM   MM    MM
2026 09 09 04 10  10  9.0 10.0   1.7    MM   6.1 284 1029.9  15.9  16.4  14.0   MM   MM    MM
2026 09 09 04 00 360  9.0 11.0    MM    MM    MM  MM 1029.9  15.8  16.4  13.9   MM -0.0    MM
2026 09 09 03 50 360  8.0 10.0   1.8    13   6.2 263 1029.9  15.6  16.5  13.9   MM   MM    MM
2026 09 09 03 40 360  9.0 11.0   1.8    MM   6.2 263 1029.7  15.5  16.5  13.9   MM   MM    MM
2026 09 09 03 30 360  8.0 10.0    MM    MM    MM  MM 1029.6  15.4  16.5  14.0   MM   MM    MM
2026 09 09 03 20 360  8.0 10.0   1.7    14   6.4 281 1029.5  15.2  16.5  14.2   MM   MM    MM
2026 09 09 03 10  10  8.0 10.0    MM    MM    MM  MM 1029.5  15.4  16.5  14.3   MM   MM    MM
2026 09 09 03 00  10  8.0 10.0    MM    MM    MM  MM 1029.5  15.4  16.5  14.0   MM -0.3    MM
2026 09 09 02 50 360  8.0 10.0   1.7    13   6.1 274 1029.6  15.4  16.5  14.0   MM   MM    MM
2026 09 09 02 40 360  8.0 10.0   1.7    MM   6.1 274 1029.6  15.4  16.5  14.2   MM   MM    MM
2026 09 09 02 30 360  8.0 10.0    MM    MM    MM  MM 1029.5  15.4  16.5  14.2   MM   MM    MM
2026 09 09 02 20 360  8.0 10.0   1.5    14   5.7 214 1029.5  15.4  16.5  14.2   MM   MM    MM
2026 09 09 02 10 360  8.0 10.0   1.5    MM   5.7 214 1029.6  15.3  16.5  14.3   MM   MM    MM
2026 09 09 02 00 350  9.0 11.0    MM    MM    MM  MM 1029.8  15.2    MM  14.4   MM +0.0    MM
2026 09 09 01 50 350  7.0  9.0   1.7    14   6.4 314 1029.8  15.2  16.5  14.5   MM   MM    MM
2026 09 09 01 40 360  8.0 10.0   1.7    MM   6.4 314 1029.8  15.0  16.5  14.5   MM   MM    MM
2026 09 09 01 30 360  8.0  9.0    MM    MM    MM  MM 1029.9  15.2  16.5  14.5   MM   MM    MM
2026 09 09 01 20 350  7.0  9.0   1.7    14   6.5 280 1029.8  15.6  16.5  14.2   MM   MM    MM
2026 09 09 01 10 360  7.0  9.0   1.7    MM   6.5 280 1029.8  15.8  16.5  14.3   MM   MM    MM
2026 09 09 01 00 360  7.0  8.0    MM    MM    MM  MM 1029.8  15.9  16.5  14.5   MM -0.3    MM
2026 09 09 00 50 360  8.0  9.0   1.6    14   6.0 228 1029.8  15.9  16.5  14.4   MM   MM    MM
2026 09 09 00 40 350  7.0  8.0    MM    MM    MM  MM 1029.8  16.0  16.5  14.5   MM   MM    MM
2026 09 09 00 30 360  7.0  8.0    MM    MM    MM  MM 1029.8  16.0  16.5  14.4   MM   MM    MM
2026 09 09 00 20 360  8.0  9.0   1.7    14   6.0 251 1030.0  16.0  16.5  14.4   MM   MM    MM
2026 09 09 00 10 360  7.0  9.0   1.7    MM   6.0 251 1029.9  16.0  16.5  14.4   MM   MM    MM
2026 09 09 00 00 360  7.0  8.0    MM    MM    MM  MM 1029.8  16.1  16.5  14.5   MM +0.0    MM
2026 09 08 23 50 360  8.0  9.0   1.8    14   6.1 256 1029.8  16.1  16.5  14.5   MM   MM    MM
2026 09 08 23 40 360  7.0  9.0   1.8    MM   6.1 256 1029.7  16.1  16.5  14.6   MM   MM    MM
2026 09 08 23 30 360  8.0  9.0    MM    MM    MM  MM 1029.7  16.1  16.5  14.4   MM   MM    MM
2026 09 08 23 20 360  7.0  9.0   1.6    14   5.8 297 1029.7  16.2  16.5  14.5   MM   MM    MM
2026 09 08 23 10 360  8.0  9.0   1.6    MM   5.8 297 1029.8  16.2  16.5  14.5   MM   MM    MM
2026 09 08 23 00 360  8.0 10.0    MM    MM    MM  MM 1030.0  16.2  16.5  14.5   MM +0.3    MM
2026 09 08 22 50 360  7.0  9.0   1.7    14   6.4 248 1030.0  16.3  16.5  14.6   MM   MM    MM
2026 09 08 22 40 360  7.0  8.0   1.7    MM   6.4 248 1030.0  16.3  16.5  14.6   MM   MM    MM
2026 09 08 22 30 360  8.0  9.0    MM    MM    MM  MM 1030.0  16.3  16.5  14.6   MM   MM    MM
2026 09 08 22 20  10  7.0  8.0   1.6    14   6.3 357 1030.1  16.3  16.5  14.5   MM   MM    MM
2026 09 08 22 10 360  6.0  8.0    MM    MM    MM  MM 1030.0  16.4  16.5  14.7   MM   MM    MM
2026 09 08 22 00 360  7.0  8.0    MM    MM    MM  MM 1030.1  16.4  16.5  14.5   MM +0.7    MM
2026 09 08 21 50  10  5.0  7.0   1.6    14   6.1 227 1030.1  16.5  16.5  14.1   MM   MM    MM
2026 09 08 21 40  20  5.0  6.0   1.6    MM   6.1 227 1030.1  16.5  16.5  14.1   MM   MM    MM
2026 09 08 21 30  20  5.0  6.0    MM    MM    MM  MM 1030.0  16.4  16.5  14.1   MM   MM    MM
2026 09 08 21 20  20  5.0  7.0   1.6    15   6.3 188 1030.0  16.4  16.5  14.2   MM   MM    MM
2026 09 08 21 10  10  5.0  7.0   1.6    MM   6.3 188 1030.0  16.4  16.5  14.3   MM   MM    MM
2026 09 08 21 00  10  6.0  6.0    MM    MM    MM  MM 1030.0  16.4  16.4  14.1   MM +1.1    MM
2026 09 08 20 50  10  6.0  7.0   1.6    15   6.1 226 1029.9  16.4    MM  14.0   MM   MM    MM
2026 09 08 20 40  20  6.0  8.0   1.6    MM   6.1 226 1029.7  16.4  16.4  13.8   MM   MM    MM
2026 09 08 20 30  10  6.0  7.0    MM    MM    MM  MM 1029.8  16.4  16.4  13.9   MM   MM    MM
2026 09 08 20 20  10  7.0  8.0   1.5    12   5.9 211 1029.8  16.4  16.4  13.7   MM   MM    MM
2026 09 08 20 10  20  7.0  8.0   1.5    MM   5.9 211 1029.7  16.4  16.4  13.8   MM   MM    MM
2026 09 08 20 00  10  7.0  8.0    MM    MM    MM  MM 1029.7  16.4  16.4  13.8   MM +1.0    MM
2026 09 08 19 50  10  6.0  8.0   1.7    15   6.4 156 1029.7  16.4  16.4  13.9   MM   MM    MM
2026 09 08 19 40  10  7.0  8.0    MM    MM    MM  MM 1029.7  16.3  16.4  14.1   MM   MM    MM
2026 09 08 19 30  10  6.0  8.0    MM    MM    MM  MM 1029.7  16.3  16.4  14.4   MM   MM    MM
2026 09 08 19 20  10  7.0  7.0   1.5    15   6.1 223 1029.5  16.2  16.4  14.3   MM   MM    MM
2026 09 08 19 10 360  6.0  8.0   1.5    MM   6.1 223 1029.5  16.3  16.4  14.3   MM   MM    MM
2026 09 08 19 00  10  6.0  7.0    MM    MM    MM  MM 1029.3  16.3  16.4  14.3   MM +0.5    MM
2026 09 08 18 50  20  6.0  7.0   1.6    15   6.1 243 1029.3  16.3  16.4  14.2   MM   MM    MM
2026 09 08 18 40  20  6.0  8.0    MM    MM    MM  MM 1029.2  16.4  16.4  14.2   MM   MM    MM
2026 09 08 18 30  20  6.0  8.0    MM    MM    MM  MM 1029.2  16.4  16.4  14.1   MM   MM    MM
2026 09 08 18 20  20  7.0  8.0   1.6    14   6.1 236 1029.0  16.4  16.4  13.9   MM   MM    MM
2026 09 08 18 10  10  7.0  8.0   1.6    MM   6.1 236 1029.0  16.4  16.3  13.8   MM   MM    MM
2026 09 08 18 00  10  6.0  8.0    MM    MM    MM  MM 1028.9  16.3  16.3  13.8   MM +1.1    MM
2026 09 08 17 50  10  7.0  9.0   1.7    13   6.1 172 1029.0  16.3  16.3  13.8   MM   MM    MM
2026 09 08 17 40  10  7.0  9.0   1.7    MM   6.1 172 1029.0  16.3  16.3  13.8   MM   MM    MM
2026 09 08 17 30  10  8.0 10.0    MM    MM    MM  MM 1028.8  16.3  16.3  13.7   MM   MM    MM
2026 09 08 17 20  10  8.0 10.0   1.7    15   5.8 279 1028.8  16.3  16.3  13.6   MM   MM    MM
2026 09 08 17 10  10  8.0 11.0    MM    MM    MM  MM 1028.7  16.3  16.3  13.6   MM   MM    MM
2026 09 08 17 00  10  8.0 10.0    MM    MM    MM  MM 1028.7  16.2  16.3  13.6   MM +1.4    MM
2026 09 08 16 50  10  8.0 10.0   1.7    15   6.1 184 1028.6  16.2  16.3  13.5   MM   MM    MM
2026 09 08 16 40  10  8.0 10.0    MM    MM    MM  MM 1028.5  16.1  16.3  13.4   MM   MM    MM
2026 09 08 16 30 360  8.0 10.0    MM    MM    MM  MM 1028.6  16.2  16.3  13.6   MM   MM    MM
2026 09 08 16 20 360  8.0  9.0   1.6    15   5.6 256 1028.6  16.2  16.3  13.7   MM   MM    MM
2026 09 08 16 10 350  9.0 11.0   1.6    MM   5.6 256 1028.8  16.1  16.3  13.7   MM   MM    MM
2026 09 08 16 00 350  9.0 11.0    MM    MM    MM  MM 1028.9  16.1  16.3  13.9   MM +1.6    MM
2026 09 08 15 50 360  9.0 10.0   1.6    12   5.6 267 1028.6  16.1  16.3  14.1   MM   MM    MM
2026 09 08 15 40 360  8.0  9.0   1.6    MM   5.6 267 1028.3  16.1  16.3  14.1   MM   MM    MM
2026 09 08 15 30  10  8.0  9.0    MM    MM    MM  MM 1028.2  16.1  16.3  14.1   MM   MM    MM
2026 09 08 15 20  10  8.0  9.0   1.6    15   5.6 184 1028.1  16.1  16.3  14.1   MM   MM    MM
2026 09 08 15 10  10  7.0  8.0    MM    MM    MM  MM 1027.9  16.2  16.3  14.2   MM   MM    MM
2026 09 08 15 00  20  7.0  9.0    MM    MM    MM  MM 1027.8  16.2  16.3  14.0   MM +1.0    MM
2026 09 08 14 50  10  8.0  9.0   1.6    15   5.8 287 1027.8  16.2  16.3  14.1   MM   MM    MM
2026 09 08 14 40  10  8.0  9.0   1.6    MM   5.8 287 1027.7  16.1  16.3  14.1   MM   MM    MM
2026 09 08 14 30  10  7.0  9.0    MM    MM    MM  MM 1027.4  16.1  16.3  14.1   MM   MM    MM
2026 09 08 14 20  10  7.0  9.0   1.6    15   5.7 145 1027.5  16.0  16.3  14.2   MM   MM    MM
2026 09 08 14 10  10  6.0  8.0   1.6    MM   5.7 145 1027.3  15.9  16.3  14.3   MM   MM    MM
2026 09 08 14 00 360  7.0  8.0    MM    MM    MM  MM 1027.3  15.8  16.3  14.2   MM +1.1    MM
2026 09 08 13 50  10  7.0  9.0   1.6    13   5.8 150 1027.1  15.6    MM  14.1   MM   MM    MM
2026 09 08 13 40  10  8.0  9.0   1.6    MM   5.8 150 1027.2  15.6  16.3  14.1   MM   MM    MM
2026 09 08 13 30  10  7.0  9.0    MM    MM    MM  MM 1027.2  15.3  16.3  14.1   MM   MM    MM
2026 09 08 13 20  10  9.0 11.0   1.5    13   5.4 156 1027.2  15.2  16.3  14.1   MM   MM    MM
2026 09 08 13 10 360  9.0 11.0   1.5    MM   5.4 156 1027.2  15.6  16.3  14.3   MM   MM    MM
2026 09 08 13 00  10  8.0 10.0    MM    MM    MM  MM 1027.4  16.4  16.3  13.3   MM +1.5    MM
2026 09 08 12 50  20  7.0  9.0   1.6    14   5.5 151 1027.4  16.5  16.3  13.1   MM   MM    MM
2026 09 08 12 40  20  8.0  9.0   1.6    MM   5.5 151 1027.2  16.5  16.3  12.8   MM   MM    MM
2026 09 08 12 30  20  8.0  9.0    MM    MM    MM  MM 1027.0  16.5  16.3  12.9   MM   MM    MM
2026 09 08 12 20  10  8.0 10.0   1.6    14   5.7 149 1027.0  16.4  16.3  13.2   MM   MM    MM
2026 09 08 12 10  10  9.0 11.0   1.6    MM   5.7 149 1026.9  16.4  16.4  13.4   MM   MM    MM
2026 09 08 12 00  10  9.0 11.0    MM    MM    MM  MM 1026.9  16.4  16.4  13.3   MM +1.3    MM
2026 09 08 11 50  10  8.0 10.0   1.5    13   5.7 211 1026.7  16.4  16.4  13.6   MM   MM    MM
2026 09 08 11 40  10  8.0 10.0    MM    MM    MM  MM 1026.7  16.4  16.4  13.6   MM   MM    MM
2026 09 08 11 30  10  8.0  9.0    MM    MM    MM  MM 1026.5  16.4  16.4  13.7   MM   MM    MM
2026 09 08 11 20  10  8.0  9.0   1.6    13   5.6 151 1026.5  16.3  16.4  14.0   MM   MM    MM
2026 09 08 11 10  10  7.0  9.0   1.6    MM   5.6 151 1026.4  16.4  16.4  14.2   MM   MM    MM
2026 09 08 11 00  10  8.0  9.0    MM    MM    MM  MM 1026.3  16.4  16.4  13.8   MM +0.6    MM
2026 09 08 10 50 360  7.0  9.0   1.6    13   5.5 166 1026.3  16.4  16.4  13.7   MM   MM    MM
2026 09 08 10 40 360  6.0  8.0   1.6    MM   5.5 166 1026.1  16.5  16.4  13.5   MM   MM    MM
2026 09 08 10 30  10  7.0  9.0    MM    MM    MM  MM 1026.1  16.5  16.4  12.8   MM   MM    MM
2026 09 08 10 20  20  7.0  8.0   1.6    14   5.6 131 1026.0  16.5  16.4  12.6   MM   MM    MM
2026 09 08 10 10  20  8.0  9.0   1.6    MM   5.6 131 1025.9  16.5  16.4  12.5   MM   MM    MM
2026 09 08 10 00  20  7.0  9.0    MM    MM    MM  MM 1025.9  16.5  16.4  12.7   MM +0.5    MM
2026 09 08 09 50  10  8.0 10.0   1.8    14   5.9 154 1025.8  16.5  16.4  12.7   MM   MM    MM
2026 09 08 09 40  10  8.0 10.0   1.8    MM   5.9 154 1025.7  16.5  16.4  12.9   MM   MM    MM
2026 09 08 09 30  10  7.0  8.0    MM    MM    MM  MM 1025.6  16.4  16.4  13.3   MM   MM    MM
2026 09 08 09 20  10  7.0  9.0   1.7    14   5.6 198 1025.6  16.4  16.4  13.0   MM   MM    MM
2026 09 08 09 10  10  8.0  9.0    MM    MM    MM  MM 1025.5  16.4  16.4  13.1   MM   MM    MM
2026 09 08 09 00  10  8.0 10.0    MM    MM    MM  MM 1025.5  16.3  16.4  13.7   MM +0.4    MM
2026 09 08 08 50  10  7.0  9.0   1.6    13   5.5 233 1025.5  16.2  16.4  14.2   MM   MM    MM
2026 09 08 08 40 360  7.0  9.0   1.6    MM   5.5 233 1025.5  16.2  16.4  14.2   MM   MM    MM
2026 09 08 08 30 360  7.0  9.0    MM    MM    MM  MM 1025.5  16.4  16.4  13.9   MM   MM    MM
2026 09 08 08 20  10  7.0  9.0   1.7    13   5.5 142 1025.6  16.4  16.4  13.5   MM   MM    MM
2026 09 08 08 10  10  8.0  9.0    MM    MM    MM  MM 1025.5  16.5  16.4  13.2   MM   MM    MM
2026 09 08 08 00  10  9.0 12.0    MM    MM    MM  MM 1025.6  16.5  16.4  13.0   MM +0.7    MM
2026 09 08 07 50 360  9.0 13.0   1.6    14   5.5 161 1025.6  16.5  16.4  12.9   MM   MM    MM
2026 09 08 07 40 360  9.0 11.0   1.6    MM   5.5 161 1025.5  16.5  16.4  13.1   MM   MM    MM
2026 09 08 07 30 360  9.0 10.0    MM    MM    MM  MM 1025.5  16.4  16.4  13.4   MM   MM    MM
2026 09 08 07 20 360  8.0 10.0   1.7    15   6.0 212 1025.5  16.4  16.4  13.5   MM   MM    MM
2026 09 08 07 10 360  8.0 10.0   1.7    MM   6.0 212 1025.5  16.4  16.4  13.4   MM   MM    MM
2026 09 08 07 00 360  9.0 11.0    MM    MM    MM  MM 1025.4  16.4  16.4  13.6   MM +0.7    MM
2026 09 08 06 50 360  9.0 11.0   1.4    13   5.6 181 1025.3  16.3  16.4  13.9   MM   MM    MM
2026 09 08 06 40 350  8.0 11.0    MM    MM    MM  MM 1025.3  16.1  16.4  14.5   MM   MM    MM
2026 09 08 06 30 350  7.0 10.0    MM    MM    MM  MM 1025.3  16.1  16.4  14.5   MM   MM    MM
2026 09 08 06 20 350  8.0 10.0   1.5    15   6.1 187 1025.2  16.1  16.4  14.4   MM   MM    MM
2026 09 08 06 10 360  8.0 10.0   1.5    MM   6.1 187 1025.1  16.0  16.4  14.2   MM   MM    MM
2026 09 08 06 00  10  7.0  8.0    MM    MM    MM  MM 1025.1  15.6  16.4  13.8   MM +1.0    MM
2026 09 08 05 50  20  8.0 10.0   1.5    15   6.2 203 1025.0  15.3  16.4  13.7   MM   MM    MM
2026 09 08 05 40 360  9.0 11.0   1.5    MM   6.2 203 1025.1  15.3  16.4  14.1   MM   MM    MM
2026 09 08 05 30 350  9.0 11.0    MM    MM    MM  MM 1025.0  15.7  16.4  14.2   MM   MM    MM
2026 09 08 05 20 340  7.0  8.0   1.4    15   6.2 172 1025.0  16.1  16.4  14.3   MM   MM    MM
2026 09 08 05 10 340  7.0  9.0   1.4    MM   6.2 172 1025.0  16.0  16.4  14.3   MM   MM    MM
2026 09 08 05 00 340  7.0  9.0    MM    MM    MM  MM 1024.9  16.1  16.4  14.4   MM +1.1    MM
2026 09 08 04 50 330  7.0  8.0   1.4    15   6.5 166 1024.9  15.9  16.4  14.5   MM   MM    MM
2026 09 08 04 40 330  6.0  7.0   1.4    MM   6.5 166 1024.8  15.9  16.4  14.5   MM   MM    MM
2026 09 08 04 30 340  7.0  8.0    MM    MM    MM  MM 1024.8  15.8  16.4  14.3   MM   MM    MM
2026 09 08 04 20 340  7.0  9.0   1.4    15   6.4 214 1024.7  15.8  16.5  14.4   MM   MM    MM
2026 09 08 04 10 350  7.0  9.0   1.4    MM   6.4 214 1024.7  15.7  16.5  14.5   MM   MM    MM
2026 09 08 04 00 340  6.0  8.0    MM    MM    MM  MM 1024.6  15.6    MM  14.5   MM +0.9    MM
2026 09 08 03 50 340  6.0  8.0   1.3    14   6.5 183 1024.5  15.4  16.5  14.3   MM   MM    MM
2026 09 08 03 40 330  6.0  8.0   1.3    MM   6.5 183 1024.4  15.4  16.5  14.3   MM   MM    MM
2026 09 08 03 30 340  6.0  7.0    MM    MM    MM  MM 1024.2  15.7  16.5  14.4   MM   MM    MM
2026 09 08 03 20 350  6.0  7.0   1.3    15   6.2 128 1024.2  15.7  16.5  14.2   MM   MM    MM
2026 09 08 03 10 340  6.0  7.0   1.3    MM   6.2 128 1024.1  15.6  16.5  14.4   MM   MM    MM
2026 09 08 03 00 340  6.0  7.0    MM    MM    MM  MM 1024.0  15.5  16.5  14.5   MM +0.6    MM
2026 09 08 02 50 340  6.0  7.0   1.4     9   6.5 286 1024.0  15.4  16.5  14.5   MM   MM    MM
2026 09 08 02 40 330  6.0  7.0   1.4    MM   6.5 286 1023.9  15.3  16.5  14.5   MM   MM    MM
2026 09 08 02 30 330  6.0  7.0    MM    MM    MM  MM 1023.9  15.3  16.5  14.5   MM   MM    MM
2026 09 08 02 20 340  6.0  7.0   1.4    15   6.4 203 1023.8  15.5  16.5  14.5   MM   MM    MM
2026 09 08 02 10 340  5.0  6.0   1.4    MM   6.4 203 1023.8  15.6  16.5  14.3   MM   MM    MM
2026 09 08 02 00 340  5.0  6.0    MM    MM    MM  MM 1023.8  15.7  16.5  14.5   MM +0.0    MM
2026 09 08 01 50 340  6.0  7.0   1.5    15   6.6 213 1023.8  15.6  16.5  14.3   MM   MM    MM
2026 09 08 01 40 340  5.0  7.0   1.5    MM   6.6 213 1023.8  15.7  16.5  14.4   MM   MM    MM
2026 09 08 01 30 330  6.0  7.0    MM    MM    MM  MM 1023.8  15.7  16.5  14.3   MM   MM    MM
2026 09 08 01 20 340  6.0  8.0   1.5    10   6.7 269 1023.8  15.8  16.5  14.3   MM   MM    MM
2026 09 08 01 10 340  6.0  8.0   1.5    MM   6.7 269 1023.8  15.8  16.5  14.2   MM   MM    MM
2026 09 08 01 00 340  7.0  8.0    MM    MM    MM  MM 1023.7  15.9  16.5  14.5   MM +0.3    MM
2026 09 08 00 50 350  6.0  8.0   1.4    15   7.0 211 1023.6  15.9  16.5  14.3   MM   MM    MM
2026 09 08 00 40 340  5.0  7.0    MM    MM    MM  MM 1023.6  16.1  16.5  14.4   MM   MM    MM
2026 09 08 00 30 340  5.0  6.0    MM    MM    MM  MM 1023.7  16.0  16.5  14.2   MM   MM    MM
2026 09 08 00 20 330  5.0  7.0   1.4    10   6.7 281 1023.6  16.0  16.5  14.3   MM   MM    MM
2026 09 08 00 10 330  5.0  6.0    MM    MM    MM  MM 1023.5  16.1  16.5  14.3   MM   MM    MM
2026 09 08 00 00 340  5.0  6.0    MM    MM    MM  MM 1023.5  16.1  16.5  14.1   MM +0.4    MM
2026 09 07 23 50 340  5.0  6.0   1.4    14   7.1 193 1023.6  16.1  16.5  13.9   MM   MM    MM
2026 09 07 23 40 340  5.0  6.0   1.4    MM   7.1 193 1023.6  16.1  16.5  14.0   MM   MM    MM
2026 09 07 23 20 340  5.0  6.0   1.5    15   7.0 195 1023.6  16.0  16.5  13.8   MM   MM    MM
2026 09 07 23 10 340  5.0  7.0   1.5    MM   7.0 195 1023.5  16.0  16.5  13.8   MM   MM    MM
2026 09 07 23 00 340  5.0  6.0    MM    MM    MM  MM 1023.5  15.9  16.5  13.8   MM +0.6    MM
2026 09 07 22 50 350  5.0  7.0   1.4    14   6.9 158 1023.5  15.8  16.5  13.8   MM   MM    MM
2026 09 07 22 40 340  5.0  6.0   1.4    MM   6.9 158 1023.6  15.9  16.5  14.1   MM   MM    MM
2026 09 07 22 30 330  5.0  6.0    MM    MM    MM  MM 1023.5  15.9  16.5  14.0   MM   MM    MM
2026 09 07 22 20 340  5.0  6.0   1.4    15   6.8 183 1023.5  15.9  16.5  13.8   MM   MM    MM
2026 09 07 22 10 330  5.0  6.0   1.4    MM   6.8 183 1023.5  15.9  16.5  13.9   MM   MM    MM
2026 09 07 22 00 340  5.0  6.0    MM    MM    MM  MM 1023.5  15.9  16.5  13.8   MM +0.5    MM
2026 09 07 21 50 330  4.0  5.0   1.6    14   7.1 183 1023.4  15.8  16.5  14.0   MM   MM    MM
2026 09 07 21 40 330  4.0  6.0   1.6    MM   7.1 183 1023.3  15.7  16.5  14.0   MM   MM    MM
2026 09 07 21 30 340  5.0  6.0    MM    MM    MM  MM 1023.2  15.6  16.5  13.9   MM   MM    MM
2026 09 07 21 20 330  5.0  7.0   1.4    14   6.4 191 1023.1  15.5  16.5  13.7   MM   MM    MM
2026 09 07 21 10 330  5.0  7.0   1.4    MM   6.4 191 1023.1  15.5  16.5  13.7   MM   MM    MM
2026 09 07 21 00 340  7.0  8.0    MM    MM    MM  MM 1023.1  15.4  16.5  14.1   MM +0.4    MM
2026 09 07 20 50 340  7.0  8.0   1.6    14   7.4 157 1023.1  15.5  16.5  14.2   MM   MM    MM
2026 09 07 20 40 330  6.0  9.0   1.6    MM   7.4 157 1023.0  15.8  16.5  13.9   MM   MM    MM
2026 09 07 20 30 330  5.0  6.0    MM    MM    MM  MM 1023.0  15.7  16.5  13.8   MM   MM    MM
2026 09 07 20 20 340  4.0  6.0   1.5    14   6.9 178 1022.8  15.6  16.4  13.9   MM   MM    MM
2026 09 07 20 10 350  5.0  7.0   1.5    MM   6.9 178 1022.9  15.4  16.4  13.9   MM   MM    MM
2026 09 07 20 00 340  5.0  7.0    MM    MM    MM  MM 1023.0  15.5  16.4  14.1   MM +0.8    MM
2026 09 07 19 50 350  5.0  6.0   1.5    11   6.9 118 1023.0  15.4  16.4  14.1   MM   MM    MM
2026 09 07 19 40 350  5.0  6.0   1.5    MM   6.9 118 1022.9  15.4  16.4  14.3   MM   MM    MM
2026 09 07 19 30 340  5.0  6.0    MM    MM    MM  MM 1022.8  15.3  16.4  14.2   MM   MM    MM
2026 09 07 19 20 330  4.0  6.0   1.5    14   6.9 201 1022.8  15.2  16.4  14.2   MM   MM    MM
2026 09 07 19 10 340  5.0  7.0   1.5    MM   6.9 201 1022.8  15.2  16.4  14.3   MM   MM    MM
2026 09 07 19 00 350  4.0  5.0    MM    MM    MM  MM 1022.8  15.3  16.4  14.3   MM +1.0    MM
2026 09 07 18 50 350  5.0  6.0   1.6    15   7.0 125 1022.9  15.3  16.4  14.3   MM   MM    MM
2026 09 07 18 40 330  5.0  6.0    MM    MM    MM  MM 1022.9  15.4  16.4  14.3   MM   MM    MM
2026 09 07 18 30 330  5.0  6.0    MM    MM    MM  MM 1022.9  15.2  16.4  14.1   MM   MM    MM
2026 09 07 18 20 340  5.0  7.0   1.6    15   7.3 158 1022.8  15.2  16.3  14.3   MM   MM    MM
2026 09 07 18 10 330  4.0  7.0   1.6    MM   7.3 158 1022.8  15.1  16.3  14.3   MM   MM    MM
2026 09 07 18 00 330  4.0  5.0    MM    MM    MM  MM 1022.7  14.8  16.3  14.2   MM +1.1    MM
2026 09 07 17 50 350  5.0  7.0   1.6    15   7.1 166 1022.6  14.9  16.3  14.3   MM   MM    MM
2026 09 07 17 40 330  5.0  7.0   1.6    MM   7.1 166 1022.5  15.1  16.3  14.3   MM   MM    MM
2026 09 07 17 30 310  5.0  7.0    MM    MM    MM  MM 1022.4  15.1  16.3  14.3   MM   MM    MM
2026 09 07 17 20 310  5.0  6.0   1.4    16   6.8 177 1022.3  15.1  16.3  14.3   MM   MM    MM
2026 09 07 17 10 310  4.0  6.0   1.4    MM   6.8 177 1022.3  14.8  16.3  14.2   MM   MM    MM
2026 09 07 17 00 320  6.0  7.0    MM    MM    MM  MM 1022.2  15.0  16.3  14.2   MM +0.7    MM
2026 09 07 16 50 330  6.0  7.0   1.6    15   7.0  52 1022.2  15.2  16.3  14.2   MM   MM    MM
2026 09 07 16 40 320  5.0  7.0   1.6    MM   7.0  52 1022.1  15.3  16.3  14.2   MM   MM    MM
2026 09 07 16 30 320  5.0  6.0    MM    MM    MM  MM 1022.0  15.3  16.3  14.1   MM   MM    MM
2026 09 07 16 20 320  5.0  6.0   1.5    14   7.0 185 1021.9  15.3  16.3  14.1   MM   MM    MM
2026 09 07 16 10 320  5.0  7.0   1.5    MM   7.0 185 1021.9  15.3  16.3  14.1   MM   MM    MM
2026 09 07 16 00 330  5.0  7.0    MM    MM    MM  MM 1021.8  15.2  16.3  14.1   MM +0.5    MM
2026 09 07 15 50 320  5.0  7.0   1.6    15   7.2 153 1021.7  15.1  16.3  14.1   MM   MM    MM
2026 09 07 15 40 310  5.0  6.0   1.6    MM   7.2 153 1021.7  15.0  16.3  14.2   MM   MM    MM
2026 09 07 15 30 310  5.0  6.0    MM    MM    MM  MM 1021.7  15.0  16.3  14.2   MM   MM    MM
2026 09 07 15 20 310  5.0  6.0   1.5    15   6.7 162 1021.7  14.9  16.3  14.2   MM   MM    MM
2026 09 07 15 10 320  5.0  7.0   1.5    MM   6.7 162 1021.7  14.8  16.3  14.1   MM   MM    MM
2026 09 07 15 00 300  5.0  7.0    MM    MM    MM  MM 1021.6  14.9  16.3  14.3   MM +0.3    MM
2026 09 07 14 50 300  6.0  7.0   1.5    15   6.5 160 1021.5  14.7  16.3  14.1   MM   MM    MM
2026 09 07 14 40 300  6.0  7.0   1.5    MM   6.5 160 1021.5  14.7  16.3  14.2   MM   MM    MM
2026 09 07 14 30 310  7.0  8.0    MM    MM    MM  MM 1021.4  14.7  16.3  14.2   MM   MM    MM
2026 09 07 14 20 310  6.0  8.0   1.5    15   6.7 186 1021.4  14.6  16.3  14.2   MM   MM    MM
2026 09 07 14 10 300  6.0  8.0   1.5    MM   6.7 186 1021.5  14.5  16.3  14.1   MM   MM    MM
2026 09 07 14 00 290  6.0  8.0    MM    MM    MM  MM 1021.5  14.5  16.3  14.1   MM +0.6    MM
2026 09 07 13 50 280  7.0  8.0   1.6    14   7.0 189 1021.4  14.5  16.3  14.0   MM   MM    MM
2026 09 07 13 40 290  6.0  7.0   1.6    MM   7.0 189 1021.4  14.5  16.3  13.8   MM   MM    MM
2026 09 07 13 30 280  6.0  8.0    MM    MM    MM  MM 1021.3  14.4  16.3  13.7   MM   MM    MM
2026 09 07 13 20 290  6.0  7.0   1.6    16   7.1 153 1021.4  14.6  16.3  14.0   MM   MM    MM
2026 09 07 13 10 290  5.0  6.0   1.6    MM   7.1 153 1021.4  14.4  16.3  13.8   MM   MM    MM
2026 09 07 13 00 280  6.0  8.0    MM    MM    MM  MM 1021.4  14.3  16.3  13.7   MM +0.5    MM
2026 09 07 12 50 280  6.0  7.0   1.6    16   7.1 196 1021.4  14.4  16.3  13.6   MM   MM    MM
2026 09 07 12 40 280  6.0  7.0   1.6    MM   7.1 196 1021.3  14.5  16.3  13.6   MM   MM    MM
2026 09 07 12 30 280  6.0  7.0    MM    MM    MM  MM 1021.4  14.6  16.3  13.7   MM   MM    MM
2026 09 07 12 20 270  6.0  7.0   1.5    10   7.0 281 1021.4  14.6  16.3  13.5   MM   MM    MM
2026 09 07 12 10 280  7.0  8.0   1.5    MM   7.0 281 1021.4  14.8  16.3  13.6   MM   MM    MM
2026 09 07 12 00 280  6.0  8.0    MM    MM    MM  MM 1021.3  15.1  16.3  13.5   MM +0.3    MM
2026 09 07 11 50 280  5.0  6.0   1.6    15   7.2 173 1021.2  15.0  16.3  13.2   MM   MM    MM
2026 09 07 11 40 290  6.0  7.0   1.6    MM   7.2 173 1021.2  14.9  16.3  13.3   MM   MM    MM
2026 09 07 11 30 290  6.0  8.0    MM    MM    MM  MM 1021.1  15.2  16.3  13.4   MM   MM    MM
2026 09 07 11 20 290  5.0  6.0   1.5    15   6.9 224 1021.1  15.5  16.3  13.0   MM   MM    MM
2026 09 07 11 10 290  6.0  7.0   1.5    MM   6.9 224 1021.0  15.5  16.3  13.2   MM   MM    MM
2026 09 07 11 00 300  6.0  7.0    MM    MM    MM  MM 1020.9  15.5  16.3  13.3   MM +0.0    MM
2026 09 07 10 50 300  6.0  7.0   1.5    13   6.9 197 1020.9  15.5  16.3  13.3   MM   MM    MM
2026 09 07 10 40 300  6.0  6.0    MM    MM    MM  MM 1020.9  15.5  16.3  13.2   MM   MM    MM
2026 09 07 10 30 300  5.0  7.0    MM    MM    MM  MM 1021.0  15.5  16.3  13.3   MM   MM    MM
2026 09 07 10 20 300  6.0  7.0   1.5    16   7.6 176 1020.9  15.6  16.3  13.3   MM   MM    MM
2026 09 07 10 10 290  5.0  7.0    MM    MM    MM  MM 1020.9  15.6  16.3  13.4   MM   MM    MM
2026 09 07 10 00 290  6.0  8.0    MM    MM    MM  MM 1020.9  15.6  16.3  13.3   MM +0.0    MM
2026 09 07 09 50 280  6.0  7.0   1.5    15   7.4 187 1020.9  15.6  16.3  13.3   MM   MM    MM
2026 09 07 09 40 290  6.0  7.0   1.5    MM   7.4 187 1021.0  15.6  16.3  13.1   MM   MM    MM
2026 09 07 09 30 290  5.0  7.0    MM    MM    MM  MM 1021.0  15.7  16.3  13.0   MM   MM    MM
2026 09 07 09 20 300  5.0  6.0   1.5    12   7.2 221 1021.0  15.8  16.3  12.9   MM   MM    MM
2026 09 07 09 10 300  4.0  6.0    MM    MM    MM  MM 1021.0  15.8  16.3  12.7   MM   MM    MM
2026 09 07 09 00 300  5.0  6.0    MM    MM    MM  MM 1021.0  15.7  16.3  12.6   MM +0.3    MM
2026 09 07 08 50 300  5.0  6.0   1.5    15   7.5 177 1020.9  15.6  16.3  12.6   MM   MM    MM
2026 09 07 08 40 290  5.0  6.0   1.5    MM   7.5 177 1020.9  15.5  16.3  13.4   MM   MM    MM
2026 09 07 08 30 280  5.0  6.0    MM    MM    MM  MM 1021.0  15.4  16.3  13.4   MM   MM    MM
2026 09 07 08 20 290  5.0  6.0   1.6    11   7.5 236 1020.9  15.5  16.3  13.3   MM   MM    MM
2026 09 07 08 10 290  5.0  7.0   1.6    MM   7.5 236 1020.9  15.6  16.3  13.2   MM   MM    MM
2026 09 07 08 00 300  5.0  6.0    MM    MM    MM  MM 1021.0  15.6  16.3  12.9   MM +0.0    MM
2026 09 07 07 50 300  5.0  5.0   1.6    11   7.3 259 1020.9  15.6  16.3  12.9   MM   MM    MM
2026 09 07 07 40 310  5.0  6.0   1.6    MM   7.3 259 1020.9  15.6  16.3  12.8   MM   MM    MM
2026 09 07 07 30 320  6.0  7.0    MM    MM    MM  MM 1020.8  15.5  16.3  12.7   MM   MM    MM
2026 09 07 07 20 300  4.0  6.0   1.6    11   7.4 243 1020.9  15.5  16.3  12.9   MM   MM    MM
2026 09 07 07 10 300  5.0  7.0   1.6    MM   7.4 243 1021.0  15.3  16.3  12.7   MM   MM    MM
2026 09 07 07 00 310  5.0  7.0    MM    MM    MM  MM 1020.9  15.2  16.3  13.2   MM +0.0    MM
2026 09 07 06 50 300  5.0  5.0   1.5    11   7.3 231 1020.9  15.2  16.3  13.2   MM   MM    MM
2026 09 07 06 40 310  5.0  6.0   1.5    MM   7.3 231 1020.8  15.2  16.3  13.3   MM   MM    MM
2026 09 07 06 30 310  5.0  6.0    MM    MM    MM  MM 1020.8  15.1  16.3  13.4   MM   MM    MM
2026 09 07 06 20 320  6.0  7.0   1.5    16   7.5 207 1020.8  14.9  16.3  13.5   MM   MM    MM
2026 09 07 06 10 310  6.0  8.0   1.5    MM   7.5 207 1020.7  15.2  16.3  13.6   MM   MM    MM
2026 09 07 06 00 310  6.0  8.0    MM    MM    MM  MM 1020.7  15.2  16.3  13.7   MM +0.4    MM
2026 09 07 05 50 320  5.0  7.0   1.5    15   7.7 178 1020.8  15.3  16.3  13.8   MM   MM    MM
2026 09 07 05 40 300  4.0  5.0   1.5    MM   7.7 178 1020.7  15.6  16.3  13.3   MM   MM    MM
2026 09 07 05 30 300  5.0  7.0    MM    MM    MM  MM 1020.7  15.5  16.3  13.0   MM   MM    MM
2026 09 07 05 20 310  5.0  7.0   1.5    12   7.8 237 1020.8  15.5  16.3  13.4   MM   MM    MM
2026 09 07 05 10 300  4.0  6.0   1.5    MM   7.8 237 1020.8  15.5  16.3  13.5   MM   MM    MM
2026 09 07 05 00 300  4.0  6.0    MM    MM    MM  MM 1020.9  15.4  16.3  13.4   MM +0.6    MM
2026 09 07 04 50 300  5.0  6.0   1.5    11   7.6 277 1020.7  15.4  16.3  13.4   MM   MM    MM
2026 09 07 04 40 300  6.0  7.0    MM    MM    MM  MM 1020.7  15.3  16.3  13.6   MM   MM    MM
2026 09 07 04 30 290  5.0  6.0    MM    MM    MM  MM 1020.7  15.1  16.3  13.7   MM   MM    MM
2026 09 07 04 20 290  5.0  6.0   1.5    16   7.5 199 1020.7  15.2  16.4  13.7   MM   MM    MM
2026 09 07 04 10 290  5.0  7.0   1.5    MM   7.5 199 1020.7  15.1  16.4  13.7   MM   MM    MM
2026 09 07 04 00 300  5.0  6.0    MM    MM    MM  MM 1020.7  14.9  16.4  13.9   MM +0.4    MM
2026 09 07 03 50 290  5.0  7.0   1.5    16   7.5 215 1020.6  15.1  16.4  13.9   MM   MM    MM
2026 09 07 03 40 270  4.0  6.0   1.5    MM   7.5 215 1020.6  15.3  16.4  13.6   MM   MM    MM
2026 09 07 03 30 280  5.0  6.0    MM    MM    MM  MM 1020.5  15.2  16.4  13.5   MM   MM    MM
2026 09 07 03 20 280  5.0  7.0   1.6    14   7.9 173 1020.5  15.2  16.4  13.5   MM   MM    MM
2026 09 07 03 10 280  5.0  6.0   1.6    MM   7.9 173 1020.4  15.2  16.4  13.4   MM   MM    MM
2026 09 07 03 00 280  6.0  7.0    MM    MM    MM  MM 1020.3  15.2  16.4  13.6   MM +0.0    MM
2026 09 07 02 50 290  6.0  7.0   1.4    16   7.6 197 1020.3  15.4  16.4  13.7   MM   MM    MM
2026 09 07 02 40 290  4.0  6.0   1.4    MM   7.6 197 1020.2  15.5  16.4  13.3   MM   MM    MM
2026 09 07 02 30 290  5.0  6.0    MM    MM    MM  MM 1020.3  15.3  16.4  13.5   MM   MM    MM
2026 09 07 02 20 280  5.0  7.0   1.5    16   7.8 229 1020.4  15.2  16.4  13.6   MM   MM    MM
2026 09 07 02 10 290  5.0  7.0   1.5    MM   7.8 229 1020.3  15.4  16.4  13.6   MM   MM    MM
2026 09 07 02 00 300  5.0  6.0    MM    MM    MM  MM 1020.4  15.5  16.4  13.4   MM -0.3    MM
2026 09 07 01 50 300  5.0  7.0   1.5    11   7.9 275 1020.3  15.5  16.4  13.2   MM   MM    MM
2026 09 07 01 40 300  5.0  7.0   1.5    MM   7.9 275 1020.2  15.5  16.4  13.5   MM   MM    MM
2026 09 07 01 30 300  5.0  6.0    MM    MM    MM  MM 1020.2  15.4  16.4  13.7   MM   MM    MM
2026 09 07 01 20 300  5.0  6.0   1.5    11   7.6 282 1020.3  15.5  16.4  13.8   MM   MM    MM
2026 09 07 01 10 290  5.0  6.0    MM    MM    MM  MM 1020.2  15.5  16.4  13.7   MM   MM    MM
2026 09 07 01 00 310  4.0  5.0    MM    MM    MM  MM 1020.3  15.4  16.4  13.8   MM +0.0    MM
2026 09 07 00 50 310  4.0  5.0   1.6    15   7.6 131 1020.2  15.4  16.4  13.9   MM   MM    MM
2026 09 07 00 40 310  5.0  6.0   1.6    MM   7.6 131 1020.4  15.4  16.4  13.9   MM   MM    MM
2026 09 07 00 30 310  4.0  5.0    MM    MM    MM  MM 1020.3  15.4  16.4  13.9   MM   MM    MM
2026 09 07 00 20 320  5.0  6.0   1.5    11   7.7 288 1020.3  15.5  16.4  13.8   MM   MM    MM
2026 09 07 00 10 310  5.0  6.0   1.5    MM   7.7 288 1020.3  15.5  16.4  13.9   MM   MM    MM
2026 09 07 00 00 310  4.0  5.0    MM    MM    MM  MM 1020.4  15.5  16.4  13.9   MM +0.0    MM
2026 09 06 23 50 300  4.0  5.0   1.6    16   8.2 158 1020.5  15.4  16.4  13.8   MM   MM    MM
2026 09 06 23 40 300  3.0  4.0    MM    MM    MM  MM 1020.5  15.2  16.4  13.6   MM   MM    MM
2026 09 06 23 20 290  5.0  6.0   1.6    11   8.1 274 1020.6  15.1  16.4  13.8   MM   MM    MM
2026 09 06 23 10 290  5.0  6.0   1.6    MM   8.1 274 1020.7  15.3  16.4  13.9   MM   MM    MM
2026 09 06 23 00 300  5.0  6.0    MM    MM    MM  MM 1020.6  15.4  16.4  13.8   MM +0.0    MM
2026 09 06 22 50 300  4.0  5.0   1.5    11   8.3 283 1020.5  15.4  16.5  13.7   MM   MM    MM
2026 09 06 22 40 300  5.0  6.0   1.5    MM   8.3 283 1020.6  15.4  16.4  13.8   MM   MM    MM
2026 09 06 22 30 300  4.0  6.0    MM    MM    MM  MM 1020.5  15.5  16.4  13.8   MM   MM    MM
2026 09 06 22 20 300  3.0  4.0   1.6    14   8.6 135 1020.5  15.4  16.4  13.7   MM   MM    MM
2026 09 06 22 10 290  4.0  5.0   1.6    MM   8.6 135 1020.5  15.4  16.4  13.8   MM   MM    MM
2026 09 06 22 00 270  3.0  5.0    MM    MM    MM  MM 1020.6  15.4  16.4  13.6   MM +0.0    MM
2026 09 06 21 50 270  3.0  4.0   1.5    14   7.9 204 1020.6  15.4  16.4  13.5   MM   MM    MM
2026 09 06 21 40 280  3.0  4.0   1.5    MM   7.9 204 1020.5  15.5  16.4  13.5   MM   MM    MM
2026 09 06 21 30 280  3.0  4.0    MM    MM    MM  MM 1020.5  15.5  16.4  13.4   MM   MM    MM
2026 09 06 21 20 280  3.0  4.0   1.4    15   7.8 158 1020.5  15.6  16.4  13.3   MM   MM    MM
2026 09 06 21 10 290  3.0  4.0   1.4    MM   7.8 158 1020.4  15.6  16.4  13.3   MM   MM    MM
2026 09 06 21 00 280  3.0  4.0    MM    MM    MM  MM 1020.4  15.7  16.4  13.2   MM +0.3    MM
2026 09 06 20 50 300  3.0  4.0   1.6    14   8.0 182 1020.4  15.7  16.4  13.2   MM   MM    MM
2026 09 06 20 40 290  3.0  4.0    MM    MM    MM  MM 1020.5  15.7  16.4  13.4   MM   MM    MM
2026 09 06 20 30 300  4.0  5.0    MM    MM    MM  MM 1020.4  15.7  16.4  13.3   MM   MM    MM
2026 09 06 20 20 290  4.0  5.0   1.6    15   7.9 190 1020.4  15.7  16.4  13.3   MM   MM    MM
2026 09 06 20 10 300  4.0  5.0   1.6    MM   7.9 190 1020.4  15.7  16.3  13.3   MM   MM    MM
2026 09 06 20 00 300  4.0  5.0    MM    MM    MM  MM 1020.4  15.7  16.4  13.4   MM +0.5    MM
2026 09 06 19 50 290  3.0  4.0   1.5    11   8.2 297 1020.3  15.8  16.4  13.4   MM   MM    MM
2026 09 06 19 40 290  3.0  4.0   1.5    MM   8.2 297 1020.3  15.7  16.4  13.1   MM   MM    MM
2026 09 06 19 30 290  2.0  3.0    MM    MM    MM  MM 1020.3  15.7  16.4  13.0   MM   MM    MM
2026 09 06 19 20 300  2.0  3.0   1.5    11   8.1 254 1020.4  15.8  16.4  13.1   MM   MM    MM
2026 09 06 19 10 300  2.0  3.0   1.5    MM   8.1 254 1020.4  15.8  16.4  13.0   MM   MM    MM
2026 09 06 19 00 300  2.0  3.0    MM    MM    MM  MM 1020.4  15.7  16.4  12.8   MM +0.5    MM
2026 09 06 18 50 300  2.0  3.0   1.5    15   8.2 188 1020.4  15.7  16.4  12.8   MM   MM    MM
2026 09 06 18 40 310  2.0  3.0   1.5    MM   8.2 188 1020.5  15.7  16.4  12.7   MM   MM    MM
2026 09 06 18 30 310  2.0  4.0    MM    MM    MM  MM 1020.3  15.7  16.4  12.7   MM   MM    MM
2026 09 06 18 20 310  3.0  5.0   1.4    16   8.1 198 1020.3  15.7  16.4  12.7   MM   MM    MM
2026 09 06 18 10 300  2.0  3.0   1.4    MM   8.1 198 1020.2  15.7  16.4  12.7   MM   MM    MM
2026 09 06 18 00 310  2.0  3.0    MM    MM    MM  MM 1020.1  15.8  16.4  12.7   MM +0.3    MM
2026 09 06 17 50 320  1.0  3.0   1.4    15   7.9 178 1020.0  15.8  16.4  12.6   MM   MM    MM
2026 09 06 17 40 310  1.0  2.0   1.4    MM   7.9 178 1020.0  15.7  16.4  12.5   MM   MM    MM
2026 09 06 17 30 330  1.0  2.0    MM    MM    MM  MM 1020.0  15.7  16.4  12.5   MM   MM    MM
2026 09 06 17 20 350  1.0  2.0   1.4    16   8.2 109 1020.0  15.7  16.4  12.5   MM   MM    MM
2026 09 06 17 10 350  2.0  4.0   1.4    MM   8.2 109 1020.0  15.6  16.4  12.5   MM   MM    MM
2026 09 06 17 00 310  3.0  5.0    MM    MM    MM  MM 1019.9  15.6  16.4  12.4   MM +0.3    MM
2026 09 06 16 50 310  4.0  5.0   1.4    16   8.0 221 1019.9  15.6  16.4  12.5   MM   MM    MM
2026 09 06 16 40 320  4.0  5.0    MM    MM    MM  MM 1020.0  15.7  16.4  12.6   MM   MM    MM
2026 09 06 16 30 330  3.0  5.0    MM    MM    MM  MM 1020.0  15.7  16.4  12.7   MM   MM    MM
2026 09 06 16 20 330  4.0  5.0   1.5    12   8.6 271 1020.0  15.7  16.3  12.8   MM   MM    MM
2026 09 06 16 10 330  4.0  5.0   1.5    MM   8.6 271 1020.0  15.7  16.3  12.9   MM   MM    MM
2026 09 06 16 00 330  4.0  5.0    MM    MM    MM  MM 1019.9  15.7  16.4  13.0   MM +0.6    MM
2026 09 06 15 50 330  4.0  5.0   1.5    13   8.1 315 1019.9  15.7  16.4  13.0   MM   MM    MM
2026 09 06 15 40 330  4.0  5.0    MM    MM    MM  MM 1019.8  15.7  16.4  12.9   MM   MM    MM
2026 09 06 15 30 320  4.0  5.0    MM    MM    MM  MM 1019.9  15.8    MM  13.0   MM   MM    MM
2026 09 06 15 20 310  2.0  3.0   1.4    15   8.2 195 1019.9  15.8  16.4  12.8   MM   MM    MM
2026 09 06 15 10 290  1.0  2.0   1.4    MM   8.2 195 1019.9  15.8  16.4  12.6   MM   MM    MM
2026 09 06 15 00 300  1.0  2.0    MM    MM    MM  MM 1019.8  15.8  16.4  12.6   MM +0.8    MM
2026 09 06 14 50 300  2.0  3.0   1.3    16   7.9 228 1019.8  15.8  16.4  12.5   MM   MM    MM
2026 09 06 14 40 300  1.0  2.0    MM    MM    MM  MM 1019.8  15.8  16.4  12.5   MM   MM    MM
2026 09 06 14 30 350  2.0  2.0    MM    MM    MM  MM 1019.8  15.8  16.4  12.5   MM   MM    MM
2026 09 06 14 20 340  2.0  4.0   1.4    12   7.9 217 1019.8  15.7  16.4  12.5   MM   MM    MM
2026 09 06 14 10 330  4.0  5.0   1.4    MM   7.9 217 1019.6  15.7  16.4  12.7   MM   MM    MM
2026 09 06 14 00 320  3.0  4.0    MM    MM    MM  MM 1019.6  15.8  16.4  12.8   MM +0.5    MM
2026 09 06 13 50 340  3.0  4.0   1.3    16   7.9  69 1019.5    MM  16.4    MM   MM   MM    MM
2026 09 06 13 40 330  2.0  3.0    MM    MM    MM  MM 1019.4  15.9  16.5  13.0   MM   MM    MM
2026 09 06 13 30 350  1.0  2.0    MM    MM    MM  MM 1019.4  15.9  16.5  12.9   MM   MM    MM
2026 09 06 13 20  10  2.0  3.0   1.4    15   8.0 194 1019.4  15.9  16.4  12.8   MM   MM    MM
2026 09 06 13 10 330  2.0  3.0   1.4    MM   8.0 194 1019.4  15.9  16.5  12.9   MM   MM    MM
2026 09 06 13 00 340  2.0  4.0    MM    MM    MM  MM 1019.3  15.9  16.5  12.8   MM -0.0    MM
2026 09 06 12 50 350  2.0  4.0   1.4    16   8.0 179 1019.3  15.9  16.5  12.7   MM   MM    MM
2026 09 06 12 40 340  2.0  4.0    MM    MM    MM  MM 1019.1  15.8  16.5  12.5   MM   MM    MM
2026 09 06 12 30 330  2.0  4.0    MM    MM    MM  MM 1019.1  15.8  16.5  12.5   MM   MM    MM
2026 09 06 12 20 310  2.0  5.0   1.4    16   8.0 172 1019.1  15.8  16.5  12.5   MM   MM    MM
2026 09 06 12 10 300  2.0  4.0   1.4    MM   8.0 172 1019.0  15.9  16.5  12.7   MM   MM    MM
2026 09 06 12 00 330  3.0  4.0    MM    MM    MM  MM 1019.0  15.9  16.5  12.8   MM -0.3    MM
2026 09 06 11 50 320  2.0  5.0   1.3     8   7.5 313 1019.0  15.9  16.5  12.8   MM   MM    MM
2026 09 06 11 40 320  2.0  4.0    MM    MM    MM  MM 1019.1  16.0  16.5  13.0   MM   MM    MM
2026 09 06 11 30 320  1.0  2.0    MM    MM    MM  MM 1019.0  16.0  16.5  12.7   MM   MM    MM
2026 09 06 11 20 340  2.0  3.0   1.4    16   7.8 187 1019.1  16.0  16.5  12.8   MM   MM    MM
2026 09 06 11 10 330  2.0  3.0   1.4    MM   7.8 187 1019.0  16.0  16.5  13.0   MM   MM    MM
2026 09 06 11 00 330  1.0  2.0    MM    MM    MM  MM 1019.1  16.0  16.5  12.7   MM +0.0    MM
2026 09 06 10 50 290  2.0  3.0   1.4     8   7.4 318 1019.1  16.0  16.5  12.6   MM   MM    MM
2026 09 06 10 40  MM  0.0  2.0   1.4    MM   7.4 318 1019.1  16.1  16.5  12.7   MM   MM    MM
2026 09 06 10 30 290  1.0  2.0    MM    MM    MM  MM 1019.1  16.0  16.5  12.6   MM   MM    MM
2026 09 06 10 20 310  2.0  3.0   1.4    16   7.5 132 1019.0  16.1  16.5  12.7   MM   MM    MM
2026 09 06 10 10 330  2.0  3.0   1.4    MM   7.5 132 1019.1  16.1  16.5  12.6   MM   MM    MM
2026 09 06 10 00 280  2.0  3.0    MM    MM    MM  MM 1019.1  16.1  16.5  12.7   MM +0.0    MM
2026 09 06 09 50 310  2.0  4.0   1.5    16   7.6 167 1019.2  16.1  16.5  12.6   MM   MM    MM
2026 09 06 09 40 290  2.0  3.0   1.5    MM   7.6 167 1019.2  16.2  16.5  12.7   MM   MM    MM
2026 09 06 09 30 320  2.0  4.0    MM    MM    MM  MM 1019.1  16.2  16.6  13.0   MM   MM    MM
2026 09 06 09 20 320  2.0  4.0   1.4    16   7.4 199 1019.2  16.2  16.5  12.9   MM   MM    MM
2026 09 06 09 10 320  3.0  4.0    MM    MM    MM  MM 1019.3  16.2  16.5  13.5   MM   MM    MM
2026 09 06 09 00 330  3.0  4.0    MM    MM    MM  MM 1019.3  16.1  16.6  13.9   MM +0.3    MM
2026 09 06 08 50 320  3.0  3.0   1.5    16   7.3 232 1019.2  16.0  16.6  14.0   MM   MM    MM
2026 09 06 08 40 320  3.0  4.0    MM    MM    MM  MM 1019.1  16.0  16.6  14.3   MM   MM    MM
2026 09 06 08 30 320  2.0  3.0    MM    MM    MM  MM 1019.1  15.9  16.6  14.3   MM   MM    MM
2026 09 06 08 20 320  2.0  3.0   1.6     7   7.2 316 1019.2  16.0  16.6  14.5   MM   MM    MM
2026 09 06 08 10 320  3.0  4.0   1.6    MM   7.2 316 1019.2  16.0  16.6  14.5   MM   MM    MM
2026 09 06 08 00 330  2.0  3.0    MM    MM    MM  MM 1019.2  16.0  16.6  14.6   MM +0.4    MM
2026 09 06 07 50 330  2.0  3.0   1.4     7   7.0 318 1019.2  16.0  16.6  14.5   MM   MM    MM
2026 09 06 07 40 340  2.0  3.0   1.4    MM   7.0 318 1019.1  16.0  16.6  14.5   MM   MM    MM
2026 09 06 07 30 340  2.0  3.0    MM    MM    MM  MM 1019.2  16.0  16.6  14.5   MM   MM    MM
2026 09 06 07 20 340  2.0  3.0   1.5    16   7.2 232 1019.2  16.0  16.6  14.5   MM   MM    MM
2026 09 06 07 10 330  2.0  3.0   1.5    MM   7.2 232 1019.1  16.0  16.6  14.5   MM   MM    MM
2026 09 06 07 00 340  2.0  2.0    MM    MM    MM  MM 1019.1  16.0  16.6  14.6   MM +0.5    MM
2026 09 06 06 50 340  2.0  2.0   1.5    13   7.3 185 1019.1  16.1  16.6  14.6   MM   MM    MM
2026 09 06 06 40 330  1.0  2.0   1.5    MM   7.3 185 1019.1  16.0  16.5  14.5   MM   MM    MM
2026 09 06 06 30 340  1.0  2.0    MM    MM    MM  MM 1019.1  16.0  16.6  14.5   MM   MM    MM
2026 09 06 06 20 320  1.0  2.0   1.4    16   7.2 166 1019.1  16.0  16.5  14.6   MM   MM    MM
2026 09 06 06 10 310  1.0  2.0   1.4    MM   7.2 166 1019.1  16.0  16.5  14.6   MM   MM    MM
2026 09 06 06 00 330  1.0  2.0    MM    MM    MM  MM 1019.0  16.0  16.4  14.6   MM +0.8    MM
2026 09 06 05 50 320  1.0  1.0   1.4    16   7.3 219 1019.0  16.0  16.5  14.6   MM   MM    MM
2026 09 06 05 40 320  1.0  1.0   1.4    MM   7.3 219 1018.9  16.1  16.4  14.7   MM   MM    MM
2026 09 06 05 30  MM  0.0  1.0    MM    MM    MM  MM 1018.9  16.1  16.4  14.7   MM   MM    MM
2026 09 06 05 20  MM  0.0  1.0   1.4     8   7.2 310 1018.8  16.0  16.4  14.5   MM   MM    MM
2026 09 06 05 10  MM  0.0  1.0   1.4    MM   7.2 310 1018.8  16.0  16.4  14.5   MM   MM    MM
2026 09 06 05 00  MM  0.0  1.0    MM    MM    MM  MM 1018.8  16.0  16.5  14.5   MM +0.6    MM
2026 09 06 04 50  MM  0.0  1.0   1.4    11   7.1 246 1018.8  15.9  16.4  14.3   MM   MM    MM
2026 09 06 04 40  60  1.0  1.0   1.4    MM   7.1 246 1018.9  16.0  16.4  14.6   MM   MM    MM
2026 09 06 04 30  50  1.0  1.0    MM    MM    MM  MM 1018.8  16.0  16.4  14.6   MM   MM    MM
2026 09 06 04 20  20  1.0  1.0   1.3     8   7.1 306 1018.6  15.9  16.4  14.5   MM   MM    MM
2026 09 06 04 10 360  1.0  2.0   1.3    MM   7.1 306 1018.6  16.0  16.5  14.6   MM   MM    MM
2026 09 06 04 00 360  1.0  2.0    MM    MM    MM  MM 1018.6  15.9  16.5  14.5   MM +0.4    MM
2026 09 06 03 50 360  1.0  2.0   1.4    16   7.2 209 1018.4  15.9  16.6  14.5   MM   MM    MM
2026 09 06 03 40 350  1.0  2.0   1.4    MM   7.2 209 1018.3  15.9  16.4  14.5   MM   MM    MM
2026 09 06 03 30 330  1.0  2.0    MM    MM    MM  MM 1018.3  15.9  16.5  14.4   MM   MM    MM
2026 09 06 03 20 320  1.0  1.0   1.5     8   7.1 305 1018.2  16.0  16.7  14.5   MM   MM    MM
2026 09 06 03 10  MM  0.0  1.0   1.5    MM   7.1 305 1018.2  16.0  16.6  14.5   MM   MM    MM
2026 09 06 03 00 330  1.0  1.0    MM    MM    MM  MM 1018.2  16.0  16.5  14.5   MM +0.0    MM
2026 09 06 02 50  MM  0.0  1.0   1.5     8   7.4 311 1018.1  16.1  16.4  14.6   MM   MM    MM
2026 09 06 02 40  MM  0.0  1.0   1.5    MM   7.4 311 1018.0  16.1  16.5  14.5   MM   MM    MM
2026 09 06 02 30  MM  0.0  1.0    MM    MM    MM  MM 1018.1  16.1  16.4  14.5   MM   MM    MM
2026 09 06 02 20  MM  0.0  1.0   1.5    16   7.3 201 1018.1  16.1  16.4  14.5   MM   MM    MM
2026 09 06 02 10  MM  0.0  1.0   1.5    MM   7.3 201 1018.2  16.1  16.4  14.4   MM   MM    MM
2026 09 06 02 00 340  1.0  1.0    MM    MM    MM  MM 1018.2  16.2  16.5  14.5   MM +0.0    MM
2026 09 06 01 50  MM  0.0  1.0   1.3     8   7.0 310 1018.2  16.3  16.4  14.5   MM   MM    MM
2026 09 06 01 40  MM  0.0  1.0   1.3    MM   7.0 310 1018.1  16.3  16.4  14.4   MM   MM    MM
2026 09 06 01 30  MM  0.0  1.0    MM    MM    MM  MM 1018.2  16.3  16.4  14.4   MM   MM    MM
2026 09 06 01 20  MM  0.0  1.0   1.4     8   7.2 309 1018.2  16.3  16.5  14.4   MM   MM    MM
2026 09 06 01 10  MM  0.0  1.0   1.4    MM   7.2 309 1018.2  16.3  16.4  14.4   MM   MM    MM
2026 09 06 01 00  MM  0.0  1.0    MM    MM    MM  MM 1018.2  16.3  16.5  14.4   MM -0.3    MM
2026 09 06 00 50 330  1.0  1.0   1.5    17   7.6 189 1018.2  16.3  16.5  14.5   MM   MM    MM
2026 09 06 00 40 330  1.0  2.0   1.5    MM   7.6 189 1018.2  16.3  16.5  14.5   MM   MM    MM
2026 09 06 00 30  MM  0.0  1.0    MM    MM    MM  MM 1018.1  16.3  16.5  14.5   MM   MM    MM
2026 09 06 00 20 330  1.0  1.0   1.4     8   7.1 309 1018.1  16.3  16.5  14.6   MM   MM    MM
2026 09 06 00 10 320  1.0  1.0   1.4    MM   7.1 309 1018.1  16.3  16.4  14.6   MM   MM    MM
2026 09 06 00 00  MM  0.0  1.0    MM    MM    MM  MM 1018.2  16.3  16.5  14.5   MM -0.3    MM
2026 09 05 23 50 310  1.0  2.0   1.4     8   7.2 320 1018.2  16.3  16.4  14.5   MM   MM    MM
2026 09 05 23 40 310  1.0  1.0   1.4    MM   7.2 320 1018.2  16.2  16.5  14.4   MM   MM    MM
2026 09 05 23 30 340  1.0  2.0    MM    MM    MM  MM 1018.2  16.2  16.4  14.4   MM   MM    MM
2026 09 05 23 20 350  1.0  1.0   1.6    17   7.6 182 1018.2  16.3  16.5  14.5   MM   MM    MM
2026 09 05 23 10 340  1.0  2.0   1.6    MM   7.6 182 1018.3  16.3  16.6  14.5   MM   MM    MM
2026 09 05 23 00 330  1.0  1.0    MM    MM    MM  MM 1018.2  16.3  16.5  14.5   MM -0.4    MM
2026 09 05 22 50 350  1.0  1.0   1.5    17   7.4 180 1018.4  16.3  16.5  14.5   MM   MM    MM
2026 09 05 22 40 340  1.0  1.0   1.5    MM   7.4 180 1018.4  16.4  16.5  14.5   MM   MM    MM
2026 09 05 22 30  MM  0.0  1.0    MM    MM    MM  MM 1018.5  16.4  16.5  14.6   MM   MM    MM
2026 09 05 22 20  MM  0.0  1.0   1.4    17   7.3 155 1018.5  16.4  16.4  14.7   MM   MM    MM
2026 09 05 22 10  MM  0.0  1.0   1.4    MM   7.3 155 1018.5  16.5  16.5  14.8   MM   MM    MM
2026 09 05 22 00 310  1.0  1.0    MM    MM    MM  MM 1018.5  16.2  16.4  14.6   MM +0.0    MM
2026 09 05 21 50 310  1.0  1.0   1.6     8   7.2 317 1018.6  16.1  16.4  14.5   MM   MM    MM
2026 09 05 21 40 310  1.0  2.0   1.6    MM   7.2 317 1018.5  16.1  16.4  14.6   MM   MM    MM
2026 09 05 21 30 300  1.0  2.0    MM    MM    MM  MM 1018.5  16.0  16.4  14.5   MM   MM    MM
2026 09 05 21 20 320  1.0  2.0   1.6     8   7.1 315 1018.5  16.1  16.4  14.5   MM   MM    MM
2026 09 05 21 10 330  1.0  2.0   1.6    MM   7.1 315 1018.5  16.0  16.4  14.4   MM   MM    MM
2026 09 05 21 00 320  2.0  2.0    MM    MM    MM  MM 1018.5  15.9  16.4  14.4   MM +0.0    MM
2026 09 05 20 50 320  2.0  3.0   1.5     8   7.0 311 1018.5  15.9  16.4  14.4   MM   MM    MM
2026 09 05 20 40 310  2.0  3.0   1.5    MM   7.0 311 1018.4  15.8  16.4  14.4   MM   MM    MM
2026 09 05 20 30 330  2.0  2.0    MM    MM    MM  MM 1018.5  15.8  16.4  14.5   MM   MM    MM
2026 09 05 20 20 320  2.0  3.0   1.5     9   7.0 311 1018.5  15.7  16.4  14.5   MM   MM    MM
2026 09 05 20 10 330  3.0  4.0   1.5    MM   7.0 311 1018.6  15.6  16.4  14.4   MM   MM    MM
2026 09 05 20 00 330  3.0  4.0    MM    MM    MM  MM 1018.6  15.6  16.3  14.4   MM +0.9    MM
2026 09 05 19 50 320  3.0  4.0   1.6     8   7.0 313 1018.6  15.5    MM  14.3   MM   MM    MM
2026 09 05 19 40 320  3.0  4.0   1.6    MM   7.0 313 1018.6  15.4  16.3  14.3   MM   MM    MM
2026 09 05 19 30 320  3.0  3.0    MM    MM    MM  MM 1018.6  15.4  16.3  14.3   MM   MM    MM
2026 09 05 19 20 320  3.0  3.0   1.6     8   6.9 309 1018.6  15.4  16.3  14.3   MM   MM    MM
2026 09 05 19 10 320  3.0  4.0   1.6    MM   6.9 309 1018.6  15.4  16.3  14.4   MM   MM    MM
2026 09 05 19 00 320  3.0  4.0    MM    MM    MM  MM 1018.6  15.4  16.3  14.3   MM +0.9    MM
2026 09 05 18 50 320  3.0  5.0   1.7     9   7.1 302 1018.6  15.4  16.3  14.3   MM   MM    MM
2026 09 05 18 40 320  3.0  4.0   1.7    MM   7.1 302 1018.6    MM    MM    MM   MM   MM    MM
2026 09 05 18 30 310  3.0  4.0    MM    MM    MM  MM 1018.4  15.4  16.3  14.2   MM   MM    MM
2026 09 05 18 20 310  3.0  4.0   1.6     8   6.8 314 1018.4  15.3  16.3  14.1   MM   MM    MM
2026 09 05 18 10 310  3.0  4.0   1.6    MM   6.8 314 1018.3  15.4  16.3  14.3   MM   MM    MM
2026 09 05 18 00 310  3.0  4.0    MM    MM    MM  MM 1018.3  15.3  16.3  14.2   MM +0.8    MM
2026 09 05 17 50 290  3.0  4.0   1.6     8   6.8 295 1018.2  15.3  16.3  14.2   MM   MM    MM
2026 09 05 17 40 290  3.0  4.0   1.6    MM   6.8 295 1018.2  15.3  16.3  14.2   MM   MM    MM
2026 09 05 17 30 290  4.0  4.0    MM    MM    MM  MM 1018.0  15.2  16.3  14.0   MM   MM    MM
2026 09 05 17 20 300  4.0  5.0   1.6     8   6.6 306 1018.0  15.2  16.3  14.1   MM   MM    MM
2026 09 05 17 10 300  4.0  5.0   1.6    MM   6.6 306 1017.9  15.2  16.3  14.1   MM   MM    MM
2026 09 05 17 00 300  4.0  5.0    MM    MM    MM  MM 1017.9  15.2  16.3  14.1   MM +0.0    MM
2026 09 05 16 50 300  5.0  6.0   1.7     8   6.7 306 1017.8  15.2  16.2  14.0   MM   MM    MM
2026 09 05 16 40 310  4.0  5.0   1.7    MM   6.7 306 1017.8  15.2  16.2  14.0   MM   MM    MM
2026 09 05 16 30 310  4.0  5.0    MM    MM    MM  MM 1017.9  15.2  16.2  13.9   MM   MM    MM
2026 09 05 16 20 310  4.0  5.0   1.6     8   6.7 298 1017.8  15.3  16.2  13.9   MM   MM    MM
2026 09 05 16 10 300  4.0  5.0   1.6    MM   6.7 298 1017.7  15.3  16.2  13.9   MM   MM    MM
2026 09 05 16 00 310  4.0  5.0    MM    MM    MM  MM 1017.7  15.3  16.2  13.9   MM +0.0    MM
2026 09 05 15 50 310  4.0  5.0   1.7     9   6.8 296 1017.7  15.4  16.2  14.0   MM   MM    MM
2026 09 05 15 40 310  4.0  5.0   1.7    MM   6.8 296 1017.6  15.3  16.2  13.8   MM   MM    MM
2026 09 05 15 30 300  4.0  5.0    MM    MM    MM  MM 1017.7  15.3  16.2  13.8   MM   MM    MM
2026 09 05 15 20 310  5.0  6.0   1.7     9   6.8 293 1017.6  15.3  16.2  13.9   MM   MM    MM
2026 09 05 15 10 310  6.0  7.0   1.7    MM   6.8 293 1017.7  15.2  16.2  13.8   MM   MM    MM
2026 09 05 15 00 310  5.0  6.0    MM    MM    MM  MM 1017.5  15.2  16.2  14.1   MM +0.0    MM
2026 09 05 14 50 290  5.0  6.0   1.7     9   6.4 300 1017.4  15.2  16.2  14.0   MM   MM    MM
2026 09 05 14 40 290  5.0  7.0   1.7    MM   6.4 300 1017.5  15.2  16.2  14.0   MM   MM    MM
2026 09 05 14 30 300  5.0  6.0    MM    MM    MM  MM 1017.5  15.3  16.2  14.1   MM   MM    MM
2026 09 05 14 20 310  5.0  6.0   1.8     8   6.5 312 1017.6  15.2  16.2  13.9   MM   MM    MM
2026 09 05 14 10 310  5.0  6.0   1.8    MM   6.5 312 1017.6  15.3  16.2  13.9   MM   MM    MM
2026 09 05 14 00 310  5.0  7.0    MM    MM    MM  MM 1017.6  15.5  16.2  14.0   MM +0.0    MM
2026 09 05 13 50 310  5.0  6.0   1.8     8   6.5 297 1017.5    MM  16.2    MM   MM   MM    MM
2026 09 05 13 40 320  5.0  6.0    MM    MM    MM  MM 1017.4  15.7  16.2  13.8   MM   MM    MM
2026 09 05 13 30 320  5.0  6.0    MM    MM    MM  MM 1017.4  15.7  16.2  13.7   MM   MM    MM
2026 09 05 13 20 320  5.0  6.0   1.7     8   6.2 310 1017.4  15.7  16.2  13.7   MM   MM    MM
2026 09 05 13 10 320  5.0  6.0   1.7    MM   6.2 310 1017.4  15.7  16.2  13.8   MM   MM    MM
2026 09 05 13 00 320  5.0  7.0    MM    MM    MM  MM 1017.5  15.7  16.2  13.8   MM +0.0    MM
2026 09 05 12 50 310  5.0  6.0   1.8     9   6.2 293 1017.5  15.7    MM  13.9   MM   MM    MM
2026 09 05 12 40 320  5.0  6.0    MM    MM    MM  MM 1017.4  15.7  16.2  13.8   MM   MM    MM
2026 09 05 12 30 320  5.0  6.0    MM    MM    MM  MM 1017.5  15.7  16.2  13.9   MM   MM    MM
2026 09 05 12 20 320  5.0  6.0   1.8     9   6.4 300 1017.5  15.8  16.2  13.9   MM   MM    MM
2026 09 05 12 10 320  5.0  7.0   1.8    MM   6.4 300 1017.6  15.8  16.2  13.9   MM   MM    MM
2026 09 05 12 00 330  6.0  6.0    MM    MM    MM  MM 1017.5  15.8  16.2  13.9   MM +0.0    MM
2026 09 05 11 50 330  5.0  6.0   1.7     9   6.6 308 1017.5  15.9  16.2  14.0   MM   MM    MM
2026 09 05 11 40 330  5.0  6.0   1.7    MM   6.6 308 1017.4  15.9  16.2  14.0   MM   MM    MM
2026 09 05 11 30 330  4.0  6.0    MM    MM    MM  MM 1017.5  15.9  16.2  14.1   MM   MM    MM
2026 09 05 11 20 330  5.0  6.0   1.8     9   6.7 306 1017.5  15.8  16.2  14.0   MM   MM    MM
2026 09 05 11 10 330  3.0  6.0   1.8    MM   6.7 306 1017.5  15.6  16.2  14.1   MM   MM    MM
2026 09 05 11 00 340  2.0  2.0    MM    MM    MM  MM 1017.5  15.4  16.2  14.0   MM +0.0    MM
2026 09 05 10 50 350  2.0  3.0   1.6     9   6.5 314 1017.6  15.3  16.2  13.8   MM   MM    MM
2026 09 05 10 40 340  2.0  4.0   1.6    MM   6.5 314 1017.5  15.3  16.2  13.9   MM   MM    MM
2026 09 05 10 30 330  4.0  5.0    MM    MM    MM  MM 1017.5  15.5  16.2  14.1   MM   MM    MM
2026 09 05 10 20 320  4.0  6.0   1.7     8   6.6 313 1017.5  15.6  16.2  14.1   MM   MM    MM
2026 09 05 10 10 310  4.0  5.0   1.7    MM   6.6 313 1017.5  15.6  16.2  14.2   MM   MM    MM
2026 09 05 10 00 320  4.0  5.0    MM    MM    MM  MM 1017.5  15.6  16.2  14.2   MM +0.0    MM
2026 09 05 09 50 320  5.0  5.0   1.6     9   6.4 313 1017.6  15.7  16.2  14.4   MM   MM    MM
2026 09 05 09 40 310  5.0  6.0   1.6    MM   6.4 313 1017.6  15.7  16.2  14.5   MM   MM    MM
2026 09 05 09 30 310  5.0  6.0    MM    MM    MM  MM 1017.6  15.7  16.2  14.6   MM   MM    MM
2026 09 05 09 20 320  5.0  6.0   1.7     9   6.4 301 1017.7  15.8  16.2  14.6   MM   MM    MM
2026 09 05 09 10 320  5.0  6.0    MM    MM    MM  MM 1017.7  15.8  16.2  14.6   MM   MM    MM
2026 09 05 09 00 320  5.0  6.0    MM    MM    MM  MM 1017.6  15.8  16.2  14.7   MM +0.0    MM
2026 09 05 08 50 320  5.0  5.0   1.8     8   6.7 300 1017.6  15.8  16.3  14.7   MM   MM    MM
2026 09 05 08 40 330  5.0  6.0    MM    MM    MM  MM 1017.7  15.9  16.3  14.9   MM   MM    MM
2026 09 05 08 30 330  5.0  6.0    MM    MM    MM  MM 1017.7  15.9  16.3  14.9   MM   MM    MM
2026 09 05 08 20 330  5.0  6.0   1.8     8   6.5 311 1017.5  15.9  16.3  14.9   MM   MM    MM
2026 09 05 08 10 350  5.0  6.0    MM    MM    MM  MM 1017.7  15.9  16.3  14.9   MM   MM    MM
2026 09 05 08 00 350  4.0  5.0    MM    MM    MM  MM 1017.7  16.0  16.3  15.0   MM +0.5    MM
2026 09 05 07 50 350  4.0  5.0   1.8     9   6.8 305 1017.6  16.0  16.3  14.9   MM   MM    MM
2026 09 05 07 40 350  5.0  6.0    MM    MM    MM  MM 1017.5  15.9  16.3  14.8   MM   MM    MM
2026 09 05 07 30 340  5.0  6.0    MM    MM    MM  MM 1017.5  16.0  16.3  14.9   MM   MM    MM
2026 09 05 07 20 350  5.0  7.0   1.8     9   6.8 307 1017.6  16.0  16.3  14.9   MM   MM    MM
2026 09 05 07 10 350  5.0  7.0   1.8    MM   6.8 307 1017.5  16.0  16.2  15.0   MM   MM    MM
2026 09 05 07 00 340  4.0  5.0    MM    MM    MM  MM 1017.5  15.9    MM  14.9   MM +0.6    MM
2026 09 05 06 50 330  5.0  5.0   1.9    10   6.9 319 1017.2  15.9    MM  14.9   MM   MM    MM
2026 09 05 06 40 330  4.0  5.0   1.9    MM   6.9 319 1017.4  15.9  16.2  14.8   MM   MM    MM
2026 09 05 06 30 330  4.0  5.0    MM    MM    MM  MM 1017.4  15.8  16.2  14.8   MM   MM    MM
2026 09 05 06 20 330  4.0  5.0   1.7     8   6.6 308 1017.5  15.8  16.2  14.8   MM   MM    MM
2026 09 05 06 10 330  4.0  5.0   1.7    MM   6.6 308 1017.4  15.8  16.2  14.6   MM   MM    MM
2026 09 05 06 00 340  4.0  5.0    MM    MM    MM  MM 1017.4  15.8  16.2  14.6   MM +0.9    MM
2026 09 05 05 50 340  4.0  5.0   1.8     9   6.7 318 1017.4  15.8  16.2  14.7   MM   MM    MM
2026 09 05 05 40 340  3.0  5.0   1.8    MM   6.7 318 1017.4    MM    MM    MM   MM   MM    MM
2026 09 05 05 30 350  3.0  4.0    MM    MM    MM  MM 1017.3  15.5  16.2  14.6   MM   MM    MM
2026 09 05 05 20 360  3.0  4.0   1.8     9   6.6 307 1017.3  15.4  16.2  14.5   MM   MM    MM
2026 09 05 05 10 360  4.0  5.0   1.8    MM   6.6 307 1017.3  15.3  16.2  14.3   MM   MM    MM
2026 09 05 05 00 350  5.0  6.0    MM    MM    MM  MM 1017.3  15.3  16.2  14.4   MM +1.0    MM
2026 09 05 04 50 350  5.0  6.0   1.9     9   6.8 318 1017.1  15.6  16.2  14.6   MM   MM    MM
2026 09 05 04 40 340  5.0  6.0   1.9    MM   6.8 318 1017.1  15.7  16.2  14.6   MM   MM    MM
2026 09 05 04 30 340  4.0  5.0    MM    MM    MM  MM 1017.1  15.8  16.2  14.7   MM   MM    MM
2026 09 05 04 20 340  4.0  5.0   2.0     9   7.1 307 1017.0  15.8  16.2  14.8   MM   MM    MM
2026 09 05 04 10 330  4.0  5.0   2.0    MM   7.1 307 1016.9  15.8  16.2  14.7   MM   MM    MM
2026 09 05 04 00 330  5.0  6.0    MM    MM    MM  MM 1016.8  15.8  16.2  14.6   MM +0.8    MM
2026 09 05 03 50 330  5.0  7.0   1.9     8   6.6 307 1016.8  15.8  16.2  14.6   MM   MM    MM
2026 09 05 03 40 330  6.0  7.0   1.9    MM   6.6 307 1016.7  15.8  16.2  14.5   MM   MM    MM
2026 09 05 03 30 340  5.0  7.0    MM    MM    MM  MM 1016.7  15.8  16.2  14.5   MM   MM    MM
2026 09 05 03 20 340  5.0  7.0   1.8     9   6.7 315 1016.6  15.8  16.2  14.6   MM   MM    MM
2026 09 05 03 10 330  5.0  6.0   1.8    MM   6.7 315 1016.5  15.8  16.2  14.6   MM   MM    MM
2026 09 05 03 00 320  5.0  5.0    MM    MM    MM  MM 1016.5  15.8  16.2  14.7   MM -0.0    MM
2026 09 05 02 50 320  5.0  6.0   1.9    10   6.8 294 1016.5  15.8  16.2  14.7   MM   MM    MM
2026 09 05 02 40 320  5.0  6.0    MM    MM    MM  MM 1016.5  15.8  16.2  14.5   MM   MM    MM
2026 09 05 02 30 320  5.0  6.0    MM    MM    MM  MM 1016.4  15.8  16.2  14.4   MM   MM    MM
2026 09 05 02 20 320  5.0  6.0   2.2     9   7.0 301 1016.3  15.7  16.2  14.4   MM   MM    MM
2026 09 05 02 10 320  6.0  7.0   2.2    MM   7.0 301 1016.2  15.8  16.2  14.6   MM   MM    MM
2026 09 05 02 00 320  5.0  6.0    MM    MM    MM  MM 1016.3  15.9  16.2  14.5   MM -0.3    MM
2026 09 05 01 50 320  5.0  6.0   2.2     9   6.8 300 1016.3  15.8  16.2  14.4   MM   MM    MM
2026 09 05 01 40 300  5.0  6.0   2.2    MM   6.8 300 1016.2  15.9  16.2  14.7   MM   MM    MM
2026 09 05 01 30 310  5.0  6.0    MM    MM    MM  MM 1016.2  15.9  16.3  14.5   MM   MM    MM
2026 09 05 01 20 310  5.0  6.0   2.0     8   6.7 312 1016.2  15.8  16.3  14.4   MM   MM    MM
2026 09 05 01 10 310  5.0  6.0   2.0    MM   6.7 312 1016.2  15.9  16.3  14.5   MM   MM    MM
2026 09 05 01 00 310  5.0  6.0    MM    MM    MM  MM 1016.1  15.9  16.3  14.5   MM -0.3    MM
2026 09 05 00 50 320  5.0  6.0   1.9    10   6.5 307 1016.2  15.8  16.3  14.4   MM   MM    MM
2026 09 05 00 40 320  5.0  6.0    MM    MM    MM  MM 1016.3  15.8  16.3  14.3   MM   MM    MM
2026 09 05 00 30 320  5.0  6.0    MM    MM    MM  MM 1016.4  15.8  16.3  14.3   MM   MM    MM
2026 09 05 00 20 320  5.0  6.0   2.1    10   6.9 297 1016.4  15.7  16.3  14.2   MM   MM    MM
2026 09 05 00 10 320  5.0  7.0   2.1    MM   6.9 297 1016.4  15.7  16.3  14.3   MM   MM    MM
2026 09 05 00 00 330  6.0  8.0    MM    MM    MM  MM 1016.4  15.7  16.3  14.3   MM +0.4    MM
2026 09 04 23 50 320  6.0  7.0   2.2    10   6.8 293 1016.4  15.9  16.3  14.2   MM   MM    MM
2026 09 04 23 40 310  5.0  6.0   2.2    MM   6.8 293 1016.4  15.9  16.3  14.3   MM   MM    MM
2026 09 04 23 20 310  5.0  7.0   2.2     9   6.8 291 1016.4  15.5  16.3  14.2   MM   MM    MM
2026 09 04 23 10 310  5.0  6.0   2.2    MM   6.8 291 1016.4  15.4  16.3  14.2   MM   MM    MM
2026 09 04 23 00 310  5.0  6.0    MM    MM    MM  MM 1016.5  15.2  16.3  14.1   MM +0.4    MM
2026 09 04 22 50 310  6.0  8.0   1.9     8   6.0 317 1016.5  15.2  16.3  14.1   MM   MM    MM
2026 09 04 22 40 310  5.0  8.0    MM    MM    MM  MM 1016.5  15.6  16.3  14.1   MM   MM    MM
2026 09 04 22 30 320  5.0  7.0    MM    MM    MM  MM 1016.6  15.4  16.3  14.0   MM   MM    MM
2026 09 04 22 20 320  5.0  7.0   2.2     9   6.5 304 1016.6  15.5  16.3  13.9   MM   MM    MM
2026 09 04 22 10 320  6.0  8.0   2.2    MM   6.5 304 1016.5  15.7  16.3  14.0   MM   MM    MM
2026 09 04 22 00 320  6.0  7.0    MM    MM    MM  MM 1016.4  15.9  16.3  14.0   MM -0.0    MM
2026 09 04 21 50 320  5.0  7.0   2.1     8   6.3 323 1016.3  15.9  16.3  14.1   MM   MM    MM
2026 09 04 21 40 310  5.0  6.0    MM    MM    MM  MM 1016.4  15.9  16.3  14.1   MM   MM    MM
2026 09 04 21 30 310  5.0  6.0    MM    MM    MM  MM 1016.3  15.8  16.3  13.8   MM   MM    MM
2026 09 04 21 20 300  6.0  7.0   2.1     8   6.1 305 1016.4  15.8  16.3  14.0   MM   MM    MM
2026 09 04 21 10 310  6.0  7.0   2.1    MM   6.1 305 1016.2  16.0  16.3  13.9   MM   MM    MM
2026 09 04 21 00 320  5.0  6.0    MM    MM    MM  MM 1016.2  16.0  16.3  14.0   MM +0.0    MM
2026 09 04 20 50 310  4.0  5.0   2.2     9   6.4 308 1016.1  16.0  16.3  14.0   MM   MM    MM
2026 09 04 20 40 310  5.0  5.0   2.2    MM   6.4 308 1016.0  15.9  16.3  13.8   MM   MM    MM
2026 09 04 20 30 310  5.0  6.0    MM    MM    MM  MM 1016.0  15.9  16.3  13.7   MM   MM    MM
2026 09 04 20 20 320  5.0  6.0   2.3     8   6.5 311 1016.0  16.0  16.3  13.6   MM   MM    MM
2026 09 04 20 10 320  5.0  6.0   2.3    MM   6.5 311 1016.0  15.9  16.3  13.6   MM   MM    MM
2026 09 04 20 00 310  5.0  6.0    MM    MM    MM  MM 1016.1  15.8  16.3  13.7   MM +0.3    MM
2026 09 04 19 50 320  6.0  7.0   2.1     8   6.1 307 1016.1  15.7  16.3  13.5   MM   MM    MM
2026 09 04 19 40 340  5.0  8.0   2.1    MM   6.1 307 1016.1  15.6  16.3  13.6   MM   MM    MM
2026 09 04 19 30 330  6.0  8.0    MM    MM    MM  MM 1016.1  15.9  16.3  13.8   MM   MM    MM
2026 09 04 19 20 330  6.0  7.0   2.1     8   6.2 308 1016.1  16.0  16.2  13.8   MM   MM    MM
2026 09 04 19 10 330  5.0  6.0   2.1    MM   6.2 308 1016.2  16.0  16.2  13.9   MM   MM    MM
2026 09 04 19 00 320  5.0  6.0    MM    MM    MM  MM 1016.3  15.8  16.2  13.9   MM +0.7    MM
2026 09 04 18 50 320  6.0  7.0   2.2     9   6.1 296 1016.3  15.8  16.2  13.6   MM   MM    MM
2026 09 04 18 40 320  5.0  7.0   2.2    MM   6.1 296 1016.2  15.9  16.2  13.7   MM   MM    MM
2026 09 04 18 30 320  6.0  7.0    MM    MM    MM  MM 1016.2  15.8  16.2  13.4   MM   MM    MM
2026 09 04 18 20 320  6.0  7.0   2.3     9   6.2 305 1016.0  15.8  16.2  13.5   MM   MM    MM
2026 09 04 18 10 320  7.0  8.0   2.3    MM   6.2 305 1016.0  15.7  16.2  13.5   MM   MM    MM
2026 09 04 18 00 330  6.0  8.0    MM    MM    MM  MM 1016.0  15.8    MM  13.7   MM +0.9    MM
2026 09 04 17 50 330  7.0  8.0   2.3     8   6.2 315 1015.9  15.8    MM  13.7   MM   MM    MM
2026 09 04 17 40 320  6.0  7.0   2.3    MM   6.2 315 1015.8  15.8  16.2  13.7   MM   MM    MM
2026 09 04 17 30 330  7.0  8.0    MM    MM    MM  MM 1015.8  15.9  16.2  13.8   MM   MM    MM
2026 09 04 17 20 330  6.0  8.0   2.2     9   6.2 288 1015.8  16.0  16.2  13.7   MM   MM    MM
2026 09 04 17 10 330  7.0  8.0   2.2    MM   6.2 288 1015.8  15.9  16.2  13.5   MM   MM    MM
2026 09 04 17 00 330  6.0  8.0    MM    MM    MM  MM 1015.8  15.9  16.2  13.8   MM +1.0    MM
2026 09 04 16 50 330  7.0  8.0   2.5     8   6.5 299 1015.8  15.9  16.2  13.8   MM   MM    MM
2026 09 04 16 40 340  7.0  8.0    MM    MM    MM  MM 1015.8  15.8  16.2  13.9   MM   MM    MM
2026 09 04 16 30 330  7.0  8.0    MM    MM    MM  MM 1015.8  15.9  16.2  14.0   MM   MM    MM
2026 09 04 16 20 340  7.0  9.0   2.2     9   6.1 309 1015.8  15.9  16.2  13.7   MM   MM    MM
2026 09 04 16 10 340  8.0  9.0   2.2    MM   6.1 309 1015.8  15.9  16.2  13.7   MM   MM    MM
2026 09 04 16 00 330  8.0  9.0    MM    MM    MM  MM 1015.6  15.9  16.2  13.7   MM +1.0    MM
2026 09 04 15 50 330  8.0 10.0   2.3     9   6.2 296 1015.6  15.9  16.2  13.6   MM   MM    MM
2026 09 04 15 40 330  8.0 11.0   2.3    MM   6.2 296 1015.5  16.0  16.2  13.7   MM   MM    MM
2026 09 04 15 30 330  7.0  9.0    MM    MM    MM  MM 1015.4  15.9  16.2  13.6   MM   MM    MM
2026 09 04 15 20 330  8.0 10.0   2.1     9   6.1 294 1015.3  15.9  16.2  13.6   MM   MM    MM
2026 09 04 15 10 330  8.0 10.0   2.1    MM   6.1 294 1015.2  15.9  16.2  13.6   MM   MM    MM
2026 09 04 15 00 330  8.0 10.0    MM    MM    MM  MM 1015.1  15.9  16.2  13.6   MM +0.7    MM
2026 09 04 14 50 330  8.0 11.0   2.2     9   6.2 287 1015.2  15.8  16.2  13.6   MM   MM    MM
2026 09 04 14 40 330  8.0 11.0   2.2    MM   6.2 287 1015.2  15.6  16.2  13.6   MM   MM    MM
2026 09 04 14 30 330  8.0 10.0    MM    MM    MM  MM 1015.0  15.7  16.2  13.6   MM   MM    MM
2026 09 04 14 20 330  8.0 11.0   2.4     9   6.2 299 1015.0  15.8  16.2  13.7   MM   MM    MM
2026 09 04 14 10 330  9.0 11.0   2.4    MM   6.2 299 1014.9  15.8  16.2  13.7   MM   MM    MM
2026 09 04 14 00 340  8.0 10.0    MM    MM    MM  MM 1014.9  15.8  16.2  13.7   MM +0.6    MM
2026 09 04 13 50 330  9.0 10.0   2.2     9   6.2 293 1014.7  15.9  16.2  13.7   MM   MM    MM
2026 09 04 13 40 330  9.0 11.0   2.2    MM   6.2 293 1014.7  15.9  16.2  13.7   MM   MM    MM
2026 09 04 13 30 330  9.0 10.0    MM    MM    MM  MM 1014.4  15.9  16.2  13.9   MM   MM    MM
2026 09 04 13 20 330  8.0 10.0   2.2     9   6.2 311 1014.3  15.9  16.2  13.8   MM   MM    MM
2026 09 04 13 10 330  8.0 10.0   2.2    MM   6.2 311 1014.4  15.8  16.2  14.1   MM   MM    MM
2026 09 04 13 00 330  8.0 10.0    MM    MM    MM  MM 1014.6  15.6  16.2  13.9   MM +0.3    MM
2026 09 04 12 50 330  8.0 11.0   2.4    10   6.5 304 1014.6  15.8  16.2  13.9   MM   MM    MM
2026 09 04 12 40 330  9.0 11.0   2.4    MM   6.5 304 1014.7  15.8  16.2  14.0   MM   MM    MM
2026 09 04 12 30 330  8.0 10.0    MM    MM    MM  MM 1014.6  15.9  16.2  14.0   MM   MM    MM
2026 09 04 12 20 330  8.0 10.0   2.3    10   6.6 302 1014.5  15.9  16.2  14.1   MM   MM    MM
2026 09 04 12 10 330  9.0 11.0   2.3    MM   6.6 302 1014.4  15.9  16.2  14.0   MM   MM    MM
2026 09 04 12 00 330  8.0 11.0    MM    MM    MM  MM 1014.3  15.9  16.2  14.2   MM +0.0    MM
2026 09 04 11 50 320  8.0  9.0   2.4    10   6.5 302 1014.4  15.9    MM  14.1   MM   MM    MM
2026 09 04 11 40 320  8.0 10.0   2.4    MM   6.5 302 1014.4  16.0  16.2  14.0   MM   MM    MM
2026 09 04 11 30 330  9.0 11.0    MM    MM    MM  MM 1014.4  16.0  16.2  14.1   MM   MM    MM
2026 09 04 11 20 330  8.0 10.0   2.2    10   6.1 288 1014.3  16.0  16.2  14.0   MM   MM    MM
2026 09 04 11 10 330  8.0 10.0   2.2    MM   6.1 288 1014.3  16.0  16.2  13.8   MM   MM    MM
2026 09 04 11 00 330  8.0 10.0    MM    MM    MM  MM 1014.2  16.0  16.2  14.0   MM +0.0    MM
2026 09 04 10 50 330  9.0 11.0   2.4    11   6.4 300 1014.2  16.0  16.2  14.1   MM   MM    MM
2026 09 04 10 40 340  8.0 10.0   2.4    MM   6.4 300 1014.2  16.0  16.2  14.2   MM   MM    MM
2026 09 04 10 30 330  9.0 10.0    MM    MM    MM  MM 1014.2  16.0  16.2  14.2   MM   MM    MM
2026 09 04 10 20 330  8.0 10.0   2.4     9   6.3 314 1014.2  16.0  16.2  14.3   MM   MM    MM
2026 09 04 10 10 340  8.0 10.0   2.4    MM   6.3 314 1014.3  16.0  16.2  14.2   MM   MM    MM
2026 09 04 10 00 340  9.0 11.0    MM    MM    MM  MM 1014.4  16.0  16.2  14.2   MM +0.0    MM
2026 09 04 09 50 340  8.0 10.0   2.3    11   6.4 296 1014.5  16.1  16.3  14.5   MM   MM    MM
2026 09 04 09 40 340  9.0 11.0    MM    MM    MM  MM 1014.4  16.0  16.3  14.3   MM   MM    MM
2026 09 04 09 30 330  9.0 11.0    MM    MM    MM  MM 1014.4  16.0  16.3  14.3   MM   MM    MM
2026 09 04 09 20 330  9.0 10.0   2.5    10   6.4 309 1014.4  16.1  16.3  14.3   MM   MM    MM
2026 09 04 09 10 340  9.0 11.0    MM    MM    MM  MM 1014.3  16.1  16.3  14.2   MM   MM    MM
2026 09 04 09 00 340  9.0 11.0    MM    MM    MM  MM 1014.4  16.1  16.3  14.3   MM +0.0    MM
2026 09 04 08 50 330  9.0 11.0   2.3    10   6.1 321 1014.4  16.1  16.3  14.4   MM   MM    MM
2026 09 04 08 40 330  8.0 10.0   2.3    MM   6.1 321 1014.4  16.1  16.3  14.4   MM   MM    MM
2026 09 04 08 30 330  9.0 11.0    MM    MM    MM  MM 1014.3  16.1  16.3  14.3   MM   MM    MM
2026 09 04 08 20 330  9.0 11.0   2.4    10   6.2 302 1014.3  16.1  16.3  14.3   MM   MM    MM
2026 09 04 08 10 340  9.0 11.0    MM    MM    MM  MM 1014.3  16.1  16.3  14.2   MM   MM    MM
2026 09 04 08 00 330  8.0 10.0    MM    MM    MM  MM 1014.4  16.1  16.3  14.3   MM +0.3    MM
2026 09 04 07 50 330  9.0 11.0   2.5     9   6.1 305 1014.4  16.1  16.3  14.3   MM   MM    MM
2026 09 04 07 40 330  9.0 10.0    MM    MM    MM  MM 1014.3  16.1  16.3  14.2   MM   MM    MM
2026 09 04 07 30 330  9.0 11.0    MM    MM    MM  MM 1014.2  16.2  16.3  14.1   MM   MM    MM
2026 09 04 07 20 330  9.0 10.0   2.4    10   6.0 305 1014.1  16.2  16.3  14.1   MM   MM    MM
2026 09 04 07 10 330  8.0 10.0   2.4    MM   6.0 305 1014.1  16.1  16.3  14.1   MM   MM    MM
2026 09 04 07 00 330  8.0 10.0    MM    MM    MM  MM 1014.1  16.1  16.3  14.1   MM +0.5    MM
2026 09 04 06 50 340  9.0 11.0   2.5     9   6.2 309 1014.1  16.1  16.3  14.1   MM   MM    MM
2026 09 04 06 40 340  9.0 11.0   2.5    MM   6.2 309 1014.1  16.1  16.3  14.2   MM   MM    MM
2026 09 04 06 30 340  8.0 10.0    MM    MM    MM  MM 1014.2  16.0  16.3  14.4   MM   MM    MM
2026 09 04 06 20 330  8.0 10.0   2.5    10   6.2 310 1014.1  16.0  16.3  14.4   MM   MM    MM
2026 09 04 06 10 330  8.0 10.0   2.5    MM   6.2 310 1013.9  16.0  16.3  14.4   MM   MM    MM
2026 09 04 06 00 340  8.0 10.0    MM    MM    MM  MM 1014.3  16.0  16.3  14.4   MM +1.2    MM
2026 09 04 05 50 340  8.0 10.0   2.5     9   6.1 323 1014.3  16.0  16.3  14.4   MM   MM    MM
2026 09 04 05 40 340  8.0  9.0   2.5    MM   6.1 323 1014.2  16.0    MM  14.5   MM   MM    MM
2026 09 04 05 30 330  9.0 11.0    MM    MM    MM  MM 1014.1  16.0  16.3  14.5   MM   MM    MM
2026 09 04 05 20 330  8.0 10.0   2.8     9   6.6 310 1014.0  16.0  16.3  14.6   MM   MM    MM
2026 09 04 05 10 330  8.0  9.0   2.8    MM   6.6 310 1014.0  16.0  16.3  14.8   MM   MM    MM
2026 09 04 05 00 330  8.0 10.0    MM    MM    MM  MM 1014.0  16.1  16.3  14.8   MM +1.2    MM
2026 09 04 04 50 340  8.0 10.0   2.9     9   6.6 310 1014.0  16.1  16.3  14.6   MM   MM    MM
2026 09 04 04 40 340  9.0 11.0   2.9    MM   6.6 310 1013.9  16.0  16.3  14.5   MM   MM    MM
2026 09 04 04 30 340  9.0 10.0    MM    MM    MM  MM 1013.9  16.0  16.3  14.6   MM   MM    MM
2026 09 04 04 20 340  8.0 10.0   2.7     9   6.5 310 1013.8  16.1  16.3  14.7   MM   MM    MM
2026 09 04 04 10 340  9.0 10.0   2.7    MM   6.5 310 1013.7  16.1  16.3  14.6   MM   MM    MM
2026 09 04 04 00 340  8.0 10.0    MM    MM    MM  MM 1013.6  16.0  16.3  14.7   MM +1.0    MM
2026 09 04 03 50 340  8.0 10.0   2.8    10   6.3 310 1013.5  16.0  16.3  14.7   MM   MM    MM
2026 09 04 03 40 340  8.0  9.0   2.8    MM   6.3 310 1013.3  16.0  16.3  14.8   MM   MM    MM
2026 09 04 03 30 340  8.0 10.0    MM    MM    MM  MM 1013.3  16.0  16.3  14.8   MM   MM    MM
2026 09 04 03 20 340  8.0 10.0   2.9     9   6.6 308 1013.1  16.0  16.3  14.8   MM   MM    MM
2026 09 04 03 10 340  9.0 11.0   2.9    MM   6.6 308 1013.1  16.1  16.3  14.9   MM   MM    MM
2026 09 04 03 00 340  9.0 11.0    MM    MM    MM  MM 1013.1  16.1  16.3  14.9   MM +1.0    MM
2026 09 04 02 50 340  8.0 11.0   3.0    10   6.9 305 1013.1  16.1  16.3  14.9   MM   MM    MM
2026 09 04 02 40 340  9.0 11.0   3.0    MM   6.9 305 1013.0  16.2  16.3  15.0   MM   MM    MM
2026 09 04 02 30 350  9.0 11.0    MM    MM    MM  MM 1013.0  16.3  16.3  14.9   MM   MM    MM
2026 09 04 02 20 350  9.0 12.0   3.0    10   6.6 300 1012.9  16.3  16.3  14.9   MM   MM    MM
2026 09 04 02 10 340 10.0 12.0   3.0    MM   6.6 300 1012.9  16.2  16.3  14.9   MM   MM    MM
2026 09 04 02 00 340 10.0 12.0    MM    MM    MM  MM 1012.9  16.2  16.3  14.9   MM +1.0    MM
2026 09 04 01 50 340  9.0 11.0   2.9     9   6.7 307 1012.9  16.2  16.3  15.0   MM   MM    MM
2026 09 04 01 40 340  9.0 12.0   2.9    MM   6.7 307 1012.9  16.3  16.3  15.0   MM   MM    MM
2026 09 04 01 30 340  9.0 12.0    MM    MM    MM  MM 1012.8  16.3  16.3  14.9   MM   MM    MM
2026 09 04 01 20 340  9.0 12.0   3.5    10   7.3 300 1012.8  16.3  16.3  14.9   MM   MM    MM
2026 09 04 01 10 340  9.0 11.0   3.5    MM   7.3 300 1012.8  16.3  16.3  14.8   MM   MM    MM
2026 09 04 01 00 340  9.0 11.0    MM    MM    MM  MM 1012.6  16.3  16.3  14.8   MM +1.3    MM
2026 09 04 00 50 340  8.0 11.0   3.3    10   7.0 310 1012.6  16.3  16.3  14.8   MM   MM    MM
2026 09 04 00 40 340  8.0 11.0   3.3    MM   7.0 310 1012.5  16.3  16.3  14.6   MM   MM    MM
2026 09 04 00 30 350  9.0 11.0    MM    MM    MM  MM 1012.3  16.3  16.3  14.6   MM   MM    MM
2026 09 04 00 20 350  9.0 12.0   3.0    10   6.9 307 1012.2  16.3  16.3  14.6   MM   MM    MM
2026 09 04 00 10 340 10.0 13.0   3.0    MM   6.9 307 1012.3  16.3  16.3  14.6   MM   MM    MM
2026 09 04 00 00 340  9.0 11.0    MM    MM    MM  MM 1012.2  16.3  16.3  14.6   MM +1.1    MM
2026 09 03 23 50 340 10.0 12.0   3.3    10   7.2 307 1012.2  16.3    MM  14.5   MM   MM    MM
2026 09 03 23 40 340 10.0 12.0   3.3    MM   7.2 307 1012.2  16.2  16.3  14.4   MM   MM    MM
2026 09 03 23 10 340 10.0 11.0   3.2    MM   6.9 308 1012.0  16.2  16.3  14.5   MM   MM    MM
2026 09 03 23 00 340  9.0 11.0    MM    MM    MM  MM 1011.9  16.2  16.3  14.7   MM +1.4    MM
2026 09 03 22 50 340  9.0 12.0   3.2    10   7.2 313 1011.8  16.2  16.3  14.6   MM   MM    MM
2026 09 03 22 40 340  9.0 11.0   3.2    MM   7.2 313 1011.8  16.2  16.3  14.7   MM   MM    MM
2026 09 03 22 30 340  9.0 11.0    MM    MM    MM  MM 1011.7  16.1  16.3  14.5   MM   MM    MM
2026 09 03 22 20 340  8.0 11.0   3.6    10   7.4 316 1011.7  16.0  16.3  14.5   MM   MM    MM
2026 09 03 22 10 350  8.0 10.0   3.6    MM   7.4 316 1011.7  15.6  16.3  14.3   MM   MM    MM
2026 09 03 22 00 350 10.0 13.0    MM    MM    MM  MM 1011.7  16.0  16.3  14.3   MM +1.5    MM
2026 09 03 21 50 350 10.0 12.0   3.2    11   7.0 312 1011.5  16.1  16.3  14.4   MM   MM    MM
2026 09 03 21 40 340  9.0 12.0   3.2    MM   7.0 312 1011.4  16.0  16.3  14.4   MM   MM    MM
2026 09 03 21 30 340  9.0 12.0    MM    MM    MM  MM 1011.3  16.0  16.3  14.4   MM   MM    MM
2026 09 03 21 20 340 10.0 12.0   3.3    11   7.0 315 1011.2  16.0  16.3  14.3   MM   MM    MM
2026 09 03 21 10 340 10.0 13.0   3.3    MM   7.0 315 1011.1  16.0  16.3  14.5   MM   MM    MM
2026 09 03 21 00 340 10.0 12.0    MM    MM    MM  MM 1011.1  15.9  16.3  14.5   MM +1.9    MM
2026 09 03 20 50 330 10.0 13.0   3.3    11   6.9 316 1010.9  15.9  16.3  14.4   MM   MM    MM
2026 09 03 20 40 340 10.0 12.0    MM    MM    MM  MM 1010.9  16.0  16.3  14.4   MM   MM    MM
2026 09 03 20 30 340 10.0 12.0    MM    MM    MM  MM 1010.8  16.1  16.3  14.4   MM   MM    MM
2026 09 03 20 20 340 10.0 13.0   3.3    11   6.8 313 1010.7  16.1  16.3  14.4   MM   MM    MM
2026 09 03 20 10 340 10.0 12.0   3.3    MM   6.8 313 1010.6  16.1  16.3  14.5   MM   MM    MM
2026 09 03 20 00 340 10.0 13.0    MM    MM    MM  MM 1010.6  16.1  16.3  14.4   MM +2.1    MM
2026 09 03 19 50 340 11.0 14.0   3.6    11   7.0 320 1010.5  16.0  16.3  14.2   MM   MM    MM
2026 09 03 19 40 340 11.0 14.0    MM    MM    MM  MM 1010.4  16.0  16.2  14.2   MM   MM    MM
2026 09 03 19 30 340 11.0 14.0    MM    MM    MM  MM 1010.3  16.0  16.2  14.3   MM   MM    MM
2026 09 03 19 20 340 11.0 14.0   3.5    11   7.0 317 1010.1  16.0  16.2  14.2   MM   MM    MM
2026 09 03 19 10 340 11.0 14.0   3.5    MM   7.0 317 1010.0  15.9  16.2  14.2   MM   MM    MM
2026 09 03 19 00 340 11.0 14.0    MM    MM    MM  MM 1009.9  15.9  16.2  14.2   MM +1.9    MM
2026 09 03 18 50 340 11.0 14.0   3.7    10   6.9 328 1009.8  16.0  16.2  14.2   MM   MM    MM
2026 09 03 18 40 330 11.0 15.0    MM    MM    MM  MM 1009.7  16.0  16.2  14.5   MM   MM    MM
2026 09 03 18 30 330 11.0 15.0    MM    MM    MM  MM 1009.6  16.0  16.2  14.4   MM   MM    MM
2026 09 03 18 20 330 11.0 14.0   3.5    11   6.8 319 1009.5  16.0  16.2  14.3   MM   MM    MM
2026 09 03 18 10 340 11.0 14.0   3.5    MM   6.8 319 1009.4  16.1  16.2  14.4   MM   MM    MM
2026 09 03 18 00 330 12.0 14.0    MM    MM    MM  MM 1009.3  16.0  16.2  14.3   MM +1.9    MM
2026 09 03 17 50 330 12.0 15.0   3.7    10   7.0 325 1009.1  16.0  16.3  14.3   MM   MM    MM
2026 09 03 17 40 340 12.0 14.0    MM    MM    MM  MM 1009.0  16.1  16.2  14.1   MM   MM    MM
2026 09 03 17 30 340 11.0 15.0    MM    MM    MM  MM 1008.7  16.0  16.3  14.3   MM   MM    MM
2026 09 03 17 20 330 12.0 16.0   3.7    11   7.0 324 1008.6  16.1  16.3  14.1   MM   MM    MM
2026 09 03 17 10 330 13.0 15.0   3.7    MM   7.0 324 1008.5  16.0  16.2  13.9   MM   MM    MM
2026 09 03 17 00 330 13.0 17.0    MM    MM    MM  MM 1008.4  16.0  16.3  14.0   MM +1.8    MM
2026 09 03 16 50 330 13.0 16.0   4.0    11   7.0 324 1008.4  15.9  16.3  13.9   MM   MM    MM
2026 09 03 16 40 330 13.0 17.0   4.0    MM   7.0 324 1008.4  15.9  16.3  14.0   MM   MM    MM
2026 09 03 16 30 330 12.0 15.0    MM    MM    MM  MM 1008.2  15.6  16.3  14.0   MM   MM    MM
2026 09 03 16 20 330 12.0 16.0   3.9    10   7.0 323 1008.2  15.3  16.3  13.9   MM   MM    MM
2026 09 03 16 10 330 13.0 17.0   3.9    MM   7.0 323 1008.1  15.7  16.3  14.0   MM   MM    MM
2026 09 03 16 00 330 11.0 14.0    MM    MM    MM  MM 1008.0  15.9  16.3  14.1   MM +1.7    MM
2026 09 03 15 50 330 12.0 15.0   4.1    11   7.3 320 1007.9  15.9  16.3  13.9   MM   MM    MM
2026 09 03 15 40 330 12.0 15.0   4.1    MM   7.3 320 1007.8  15.9  16.3  14.0   MM   MM    MM
2026 09 03 15 30 330 13.0 16.0    MM    MM    MM  MM 1007.6  15.7  16.3  13.9   MM   MM    MM
2026 09 03 15 20 330 13.0 17.0   4.3    10   7.3 310 1007.5  15.6  16.3  13.8   MM   MM    MM
2026 09 03 15 10 320 13.0 15.0   4.3    MM   7.3 310 1007.4  15.4  16.3  13.9   MM   MM    MM
2026 09 03 15 00 330 13.0 16.0    MM    MM    MM  MM 1007.2  15.3  16.3  13.8   MM +1.4    MM
2026 09 03 14 50 320 14.0 17.0   4.2    11   7.2 320 1007.2  15.7  16.3  13.8   MM   MM    MM
2026 09 03 14 40 320 13.0 16.0   4.2    MM   7.2 320 1007.0  15.7  16.3  13.6   MM   MM    MM
2026 09 03 14 30 320 13.0 15.0    MM    MM    MM  MM 1006.8  15.4  16.3  13.5   MM   MM    MM
2026 09 03 14 20 320 12.0 15.0   4.4    11   7.3 317 1006.8  15.3  16.3  13.4   MM   MM    MM
2026 09 03 14 10 310 12.0 17.0   4.4    MM   7.3 317 1006.8  15.2  16.3  13.5   MM   MM    MM
2026 09 03 14 00 320 13.0 16.0    MM    MM    MM  MM 1006.6  15.6  16.3  13.4   MM +1.5    MM
2026 09 03 13 50 320 12.0 16.0   4.5    11   7.6 315 1006.5  15.6    MM  13.6   MM   MM    MM
2026 09 03 13 40 320 12.0 16.0   4.5    MM   7.6 315 1006.4  15.6  16.3  13.6   MM   MM    MM
2026 09 03 13 30 310 13.0 17.0    MM    MM    MM  MM 1006.3  15.3  16.4  13.5   MM   MM    MM
2026 09 03 13 20 320 11.0 15.0   4.5    11   7.6 313 1006.3  15.7    MM  13.6   MM   MM    MM
2026 09 03 13 10 320 12.0 15.0   4.5    MM   7.6 313 1006.3  15.8  16.4  13.5   MM   MM    MM
2026 09 03 13 00 320 13.0 16.0    MM    MM    MM  MM 1006.2  15.7  16.4  13.3   MM +1.4    MM
2026 09 03 12 50 320 13.0 17.0   4.5    12   7.5 317 1006.1  15.8  16.4  13.6   MM   MM    MM
2026 09 03 12 40 310 13.0 16.0   4.5    MM   7.5 317 1006.0  15.8  16.4  13.6   MM   MM    MM
2026 09 03 12 30 310 13.0 17.0    MM    MM    MM  MM 1006.0  16.0  16.4  13.4   MM   MM    MM
2026 09 03 12 20 320 13.0 16.0   4.7    12   7.6 319 1005.9  15.8  16.4  13.5   MM   MM    MM
2026 09 03 12 10 310 12.0 15.0   4.7    MM   7.6 319 1006.0  15.6  16.4  13.9   MM   MM    MM
2026 09 03 12 00 320 14.0 17.0    MM    MM    MM  MM 1005.9  15.7  16.4  13.5   MM +1.1    MM
2026 09 03 11 50 320 13.0 18.0   5.0    11   7.9 311 1005.7  15.9  16.4  13.5   MM   MM    MM
2026 09 03 11 40 310 12.0 17.0   5.0    MM   7.9 311 1005.5  15.2  16.4  13.4   MM   MM    MM
2026 09 03 11 30 300 13.0 16.0    MM    MM    MM  MM 1005.5  15.1  16.4  13.4   MM   MM    MM
2026 09 03 11 20 310 13.0 16.0   5.0    11   7.9 310 1005.4  15.5  16.4  13.5   MM   MM    MM
2026 09 03 11 10 310 14.0 17.0   5.0    MM   7.9 310 1005.2  15.6  16.4  13.5   MM   MM    MM
2026 09 03 11 00 310 14.0 17.0    MM    MM    MM  MM 1005.2  15.6  16.4  13.4   MM -0.0    MM
2026 09 03 10 50 310 14.0 18.0   5.1    11   7.9 310 1005.0  15.5  16.4  13.4   MM   MM    MM
2026 09 03 10 40 310 14.0 18.0    MM    MM    MM  MM 1005.0  15.4  16.4  13.4   MM   MM    MM
2026 09 03 10 30 300 13.0 15.0    MM    MM    MM  MM 1004.9  15.5  16.4  13.8   MM   MM    MM
2026 09 03 10 20 300 13.0 17.0   5.0    11   7.7 314 1004.9  15.4  16.4  13.7   MM   MM    MM
2026 09 03 10 10 300 13.0 17.0    MM    MM    MM  MM 1004.9  15.4  16.4  13.7   MM   MM    MM
2026 09 03 10 00 300 13.0 19.0    MM    MM    MM  MM 1004.8  15.0  16.4  13.6   MM -0.3    MM
2026 09 03 09 50 300 13.0 18.0   4.7    11   7.7 306 1004.8  14.5  16.4  13.4   MM   MM    MM
2026 09 03 09 40 290 14.0 18.0   4.7    MM   7.7 306 1005.0  15.4  16.4  13.3   MM   MM    MM
2026 09 03 09 30 290 14.0 19.0    MM    MM    MM  MM 1004.8  15.5  16.4  13.2   MM   MM    MM
2026 09 03 09 20 290 14.0 17.0   4.7    11   7.7 319 1004.9  15.3  16.4  13.2   MM   MM    MM
2026 09 03 09 10 290 14.0 18.0    MM    MM    MM  MM 1004.9  15.2  16.4  13.1   MM   MM    MM
2026 09 03 09 00 290 14.0 18.0    MM    MM    MM  MM 1004.9  15.7  16.4  13.1   MM -1.0    MM
2026 09 03 08 50 290 14.0 18.0   4.4    11   7.6 307 1005.0  15.7  16.4  12.9   MM   MM    MM
2026 09 03 08 40 290 13.0 17.0    MM    MM    MM  MM 1004.9  15.8  16.4  13.1   MM   MM    MM
2026 09 03 08 30 290 13.0 17.0    MM    MM    MM  MM 1005.0  15.8  16.4  13.0   MM   MM    MM
2026 09 03 08 20 290 13.0 16.0   4.7    11   7.8 313 1005.1  15.7  16.4  13.1   MM   MM    MM
2026 09 03 08 10 290 13.0 17.0   4.7    MM   7.8 313 1005.1  15.7  16.4  12.9   MM   MM    MM
2026 09 03 08 00 290 13.0 16.0    MM    MM    MM  MM 1005.2  15.7  16.4  13.0   MM -0.7    MM
2026 09 03 07 50 290 13.0 16.0   4.2    10   7.6 308 1005.1  15.8  16.4  13.1   MM   MM    MM
2026 09 03 07 40 290 13.0 17.0    MM    MM    MM  MM 1005.1  15.8  16.4  12.6   MM   MM    MM
2026 09 03 07 30 290 12.0 15.0    MM    MM    MM  MM 1005.1  15.8  16.4  13.3   MM   MM    MM
2026 09 03 07 20 290 12.0 15.0   4.1    11   7.5 302 1005.1  15.7  16.4  13.2   MM   MM    MM
2026 09 03 07 10 280 12.0 14.0   4.1    MM   7.5 302 1005.1  15.6    MM  13.3   MM   MM    MM
2026 09 03 07 00 290 12.0 15.0    MM    MM    MM  MM 1005.1    MM  16.4    MM   MM +0.0    MM
2026 09 03 06 50 290 12.0 14.0   4.3    11   7.7 311 1005.2    MM  16.5    MM   MM   MM    MM
2026 09 03 06 40 290 12.0 15.0    MM    MM    MM  MM 1005.3    MM    MM    MM   MM   MM    MM
2026 09 03 06 30 290 12.0 15.0    MM    MM    MM  MM 1005.5  15.2  16.5  12.9   MM   MM    MM
2026 09 03 06 20 280 11.0 15.0   3.9    11   7.2 306 1005.5  15.1  16.5  12.9   MM   MM    MM
2026 09 03 06 10 280 11.0 14.0    MM    MM    MM  MM 1005.6  14.8  16.5  12.9   MM   MM    MM
2026 09 03 06 00 280 11.0 15.0    MM    MM    MM  MM 1005.7  14.7  16.5  12.7   MM +0.5    MM
2026 09 03 05 50 280 12.0 15.0   4.2    12   7.6 305 1005.7  14.7  16.5  12.6   MM   MM    MM
2026 09 03 05 40 280 11.0 14.0   4.2    MM   7.6 305 1005.8  14.4  16.5  12.5   MM   MM    MM
2026 09 03 05 30 280 11.0 14.0    MM    MM    MM  MM 1005.7  14.1  16.5  12.5   MM   MM    MM
2026 09 03 05 20 290 11.0 14.0   4.3    11   7.7 306 1005.7  14.0  16.5  12.4   MM   MM    MM
2026 09 03 05 10 290 12.0 15.0   4.3    MM   7.7 306 1005.8  14.3  16.5  12.4   MM   MM    MM
2026 09 03 05 00 290 12.0 15.0    MM    MM    MM  MM 1005.8  14.2  16.5  12.6   MM +0.8    MM
2026 09 03 04 50 290 13.0 15.0   4.2    12   7.5 313 1005.8  13.9  16.5  12.6   MM   MM    MM
2026 09 03 04 40 300 14.0 18.0    MM    MM    MM  MM 1005.7  14.7  16.5  13.0   MM   MM    MM
2026 09 03 04 30 280 13.0 16.0    MM    MM    MM  MM 1005.4  16.0  16.5  13.3   MM   MM    MM
2026 09 03 04 20 280 14.0 17.0   4.4    11   7.7 308 1005.4  15.9  16.5  13.0   MM   MM    MM
2026 09 03 04 10 270 14.0 17.0   4.4    MM   7.7 308 1005.4  15.9  16.5  13.0   MM   MM    MM
2026 09 03 04 00 270 13.0 16.0    MM    MM    MM  MM 1005.2  16.0  16.5  13.1   MM +0.0    MM
2026 09 03 03 50 280 13.0 17.0   4.5    11   7.8 306 1005.2  16.0  16.6  13.0   MM   MM    MM
2026 09 03 03 40 270 13.0 16.0   4.5    MM   7.8 306 1005.1  15.9  16.6  13.1   MM   MM    MM
2026 09 03 03 30 280 12.0 15.0    MM    MM    MM  MM 1005.1  16.0  16.6  13.2   MM   MM    MM
2026 09 03 03 20 280 13.0 16.0   4.4    11   7.7 301 1005.1  16.1  16.6  13.1   MM   MM    MM
2026 09 03 03 10 280 13.0 15.0   4.4    MM   7.7 301 1005.1  16.1  16.6  13.3   MM   MM    MM
2026 09 03 03 00 280 13.0 16.0    MM    MM    MM  MM 1005.2  16.1  16.6  13.3   MM +0.3    MM
2026 09 03 02 50 280 13.0 16.0   3.9    11   7.3 307 1005.2  16.1  16.6  13.3   MM   MM    MM
2026 09 03 02 40 280 12.0 16.0   3.9    MM   7.3 307 1005.1  16.1  16.6  13.4   MM   MM    MM
2026 09 03 02 30 280 13.0 16.0    MM    MM    MM  MM 1005.0  16.0  16.6  13.2   MM   MM    MM
2026 09 03 02 20 280 12.0 16.0   4.0    12   7.4 319 1005.1  16.0  16.6  13.4   MM   MM    MM
2026 09 03 02 10 280 12.0 16.0   4.0    MM   7.4 319 1005.0  16.0  16.6  13.5   MM   MM    MM
2026 09 03 02 00 280 13.0 15.0    MM    MM    MM  MM 1004.9  16.0  16.6  13.4   MM +0.0    MM
2026 09 03 01 50 280 12.0 14.0   4.3    12   7.6 312 1005.1  15.8  16.7  13.4   MM   MM    MM
2026 09 03 01 40 280 13.0 16.0   4.3    MM   7.6 312 1005.0  15.8  16.7  13.0   MM   MM    MM
2026 09 03 01 30 280 12.0 15.0    MM    MM    MM  MM 1005.0  16.1  16.7  13.7   MM   MM    MM
2026 09 03 01 20 280 12.0 15.0   4.0    11   7.5 306 1005.2  16.1  16.7  13.5   MM   MM    MM
2026 09 03 01 10 280 12.0 15.0   4.0    MM   7.5 306 1005.1  16.2    MM  13.7   MM   MM    MM
2026 09 03 01 00 280 12.0 14.0    MM    MM    MM  MM 1005.1  16.2  16.7  13.5   MM +0.5    MM
2026 09 03 00 50 280 12.0 14.0   4.1    11   7.8 302 1005.1  16.3  16.7  13.5   MM   MM    MM
2026 09 03 00 40 280 12.0 15.0   4.1    MM   7.8 302 1005.1  16.3  16.7  13.5   MM   MM    MM
2026 09 03 00 30 280 12.0 14.0    MM    MM    MM  MM 1005.0  16.3    MM  13.6   MM   MM    MM
2026 09 03 00 20 280 12.0 15.0   3.9    11   7.7 314 1005.0  16.2  16.7  13.6   MM   MM    MM
2026 09 03 00 10 280 12.0 15.0   3.9    MM   7.7 314 1004.9  16.2  16.7  13.6   MM   MM    MM
2026 09 03 00 00 280 11.0 14.0    MM    MM    MM  MM 1005.0  16.2    MM  13.9   MM +0.5    MM
2026 09 02 23 50 280 11.0 14.0   4.0    11   7.6 298 1005.0  16.2  16.7  13.8   MM   MM    MM
2026 09 02 23 40 280 11.0 14.0   4.0    MM   7.6 298 1005.0  16.3  16.7  13.8   MM   MM    MM
2026 09 02 23 20 280 11.0 14.0   3.9    11   7.6 302 1004.9  16.0  16.7  13.9   MM   MM    MM
2026 09 02 23 10 280 12.0 14.0   3.9    MM   7.6 302 1004.9  16.0  16.7  13.9   MM   MM    MM
2026 09 02 23 00 280 11.0 14.0    MM    MM    MM  MM 1004.8  16.0  16.7  13.7   MM +0.5    MM
2026 09 02 22 50 280 12.0 14.0   4.0    11   7.4 293 1004.8  15.9  16.7  13.3   MM   MM    MM
2026 09 02 22 40 280 12.0 15.0   4.0    MM   7.4 293 1004.9  15.8  16.7  13.3   MM   MM    MM
2026 09 02 22 30 280 12.0 14.0    MM    MM    MM  MM 1004.9  16.1  16.7  13.7   MM   MM    MM
2026 09 02 22 20 280 11.0 14.0   4.2    11   7.8 300 1004.9  16.0  16.7  14.0   MM   MM    MM
2026 09 02 22 10 280 11.0 15.0   4.2    MM   7.8 300 1004.8  16.0  16.7  14.1   MM   MM    MM
2026 09 02 22 00 290 13.0 15.0    MM    MM    MM  MM 1004.7  15.9  16.7  13.8   MM +0.4    MM
2026 09 02 21 50 280 12.0 16.0   3.8    11   7.3 308 1004.5  15.7  16.7  13.7   MM   MM    MM
2026 09 02 21 40 280 13.0 16.0    MM    MM    MM  MM 1004.5  16.0  16.7  13.7   MM   MM    MM
2026 09 02 21 30 280 11.0 14.0    MM    MM    MM  MM 1004.6  16.0  16.7  13.9   MM   MM    MM
2026 09 02 21 20 270 12.0 15.0   3.7    11   7.2 295 1004.6  16.0  16.7  13.8   MM   MM    MM
2026 09 02 21 10 280 12.0 15.0   3.7    MM   7.2 295 1004.5  16.2    MM  14.0   MM   MM    MM
2026 09 02 21 00 270 11.0 14.0    MM    MM    MM  MM 1004.4  16.0  16.6  14.0   MM +0.0    MM
2026 09 02 20 50 270 11.0 13.0   3.6    11   7.2 295 1004.5  15.9  16.6  14.0   MM   MM    MM
2026 09 02 20 40 270 12.0 15.0   3.6    MM   7.2 295 1004.5  15.9  16.6  13.7   MM   MM    MM
2026 09 02 20 30 270 12.0 15.0    MM    MM    MM  MM 1004.5  15.8  16.6  13.5   MM   MM    MM
2026 09 02 20 20 270 12.0 15.0   3.2    10   6.8 302 1004.4  15.7  16.6  13.7   MM   MM    MM
2026 09 02 20 10 280 11.0 14.0   3.2    MM   6.8 302 1004.4  15.5  16.6  13.3   MM   MM    MM
2026 09 02 20 00 280 12.0 15.0    MM    MM    MM  MM 1004.3  15.1  16.6  13.6   MM +0.6    MM
2026 09 02 19 50 290 12.0 15.0   3.4    10   6.9 291 1004.2  15.2  16.6  13.7   MM   MM    MM
2026 09 02 19 40 270 10.0 15.0   3.4    MM   6.9 291 1004.2  16.0  16.6  13.9   MM   MM    MM
2026 09 02 19 30 270 10.0 12.0    MM    MM    MM  MM 1004.2  15.6  16.7  13.7   MM   MM    MM
2026 09 02 19 20 270 10.0 13.0   3.3    10   6.7 293 1004.2  15.5  16.6  13.5   MM   MM    MM
2026 09 02 19 10 280  9.0 12.0   3.3    MM   6.7 293 1004.2  15.2  16.6  13.3   MM   MM    MM
2026 09 02 19 00 290 10.0 12.0    MM    MM    MM  MM 1004.2  14.9  16.6  13.0   MM +0.6    MM
2026 09 02 18 50 290 11.0 13.0   3.3    10   6.7 293 1004.4  14.7  16.6  13.2   MM   MM    MM
2026 09 02 18 40 290 12.0 15.0   3.3    MM   6.7 293 1004.4  15.2  16.6  13.2   MM   MM    MM
2026 09 02 18 30 280 10.0 13.0    MM    MM    MM  MM 1004.1  15.9  16.6  13.5   MM   MM    MM
2026 09 02 18 20 290 10.0 12.0   3.0     9   6.4 296 1004.1  15.9  16.6  12.8   MM   MM    MM
2026 09 02 18 10 290 11.0 15.0   3.0    MM   6.4 296 1004.1  15.4  16.6  12.7   MM   MM    MM
2026 09 02 18 00 300 12.0 15.0    MM    MM    MM  MM 1004.1  14.9  16.6  13.2   MM +1.1    MM
2026 09 02 17 50 290 11.0 15.0   3.0    10   6.7 294 1004.0  15.9  16.6  13.4   MM   MM    MM
2026 09 02 17 40 280 10.0 14.0    MM    MM    MM  MM 1003.8    MM    MM    MM   MM   MM    MM
2026 09 02 17 30 280 10.0 12.0    MM    MM    MM  MM 1003.8  15.6  16.6  13.2   MM   MM    MM
2026 09 02 17 20 290 10.0 12.0   3.1    10   6.5 289 1003.8  15.4  16.6  12.8   MM   MM    MM
2026 09 02 17 10 290 11.0 13.0   3.1    MM   6.5 289 1003.7  15.5  16.6  13.4   MM   MM    MM
2026 09 02 17 00 290 10.0 12.0    MM    MM    MM  MM 1003.6  15.9  16.6  13.0   MM +0.7    MM
2026 09 02 16 50 280  9.0 12.0   3.1     9   6.6 299 1003.6  15.8  16.6  13.4   MM   MM    MM
2026 09 02 16 40 280 10.0 12.0    MM    MM    MM  MM 1003.7  15.6  16.6  13.3   MM   MM    MM
2026 09 02 16 30 290 10.0 12.0    MM    MM    MM  MM 1003.8  15.7  16.6  13.0   MM   MM    MM
2026 09 02 16 20 290 11.0 13.0   3.3     9   6.7 292 1003.7  15.6  16.6  12.6   MM   MM    MM
2026 09 02 16 10 290 11.0 13.0   3.3    MM   6.7 292 1003.6  15.5  16.6  12.5   MM   MM    MM
2026 09 02 16 00 290 10.0 13.0    MM    MM    MM  MM 1003.6  15.4  16.6  12.6   MM +0.9    MM
2026 09 02 15 50 290 11.0 15.0   3.3     9   6.8 304 1003.5  14.8  16.6  12.7   MM   MM    MM
2026 09 02 15 40 290 12.0 16.0    MM    MM    MM  MM 1003.4  15.5  16.6  12.7   MM   MM    MM
2026 09 02 15 30 290 11.0 13.0    MM    MM    MM  MM 1003.3  15.7  16.6  12.3   MM   MM    MM
2026 09 02 15 20 290 11.0 13.0   3.3    10   6.8 297 1003.2  15.7  16.6  12.5   MM   MM    MM
2026 09 02 15 10 290 10.0 12.0   3.3    MM   6.8 297 1003.2  15.7  16.6  12.5   MM   MM    MM
2026 09 02 15 00 290  9.0 12.0    MM    MM    MM  MM 1003.1  15.1  16.6  13.1   MM +0.0    MM
2026 09 02 14 50 290  9.0 11.0   3.1     9   6.7 292 1003.1  14.4  16.6  13.1   MM   MM    MM
2026 09 02 14 40 310 10.0 13.0   3.1    MM   6.7 292 1003.2  14.1  16.6  13.0   MM   MM    MM
2026 09 02 14 30 310 11.0 14.0    MM    MM    MM  MM 1003.1  14.6  16.6  12.7   MM   MM    MM
2026 09 02 14 20 290 11.0 14.0   3.1     9   6.7 295 1003.0  15.3  16.6  12.6   MM   MM    MM
2026 09 02 14 10 290 11.0 14.0   3.1    MM   6.7 295 1002.9  15.3  16.6  12.5   MM   MM    MM
2026 09 02 14 00 290 11.0 13.0    MM    MM    MM  MM 1002.9  15.4  16.6  12.4   MM +0.0    MM
2026 09 02 13 50 290 11.0 13.0   2.7     9   6.5 291 1002.9  15.4    MM  12.5   MM   MM    MM
2026 09 02 13 40 290 11.0 14.0   2.7    MM   6.5 291 1002.9  15.4  16.6  12.5   MM   MM    MM
2026 09 02 13 30 290 11.0 13.0    MM    MM    MM  MM 1002.9  15.4  16.6  12.6   MM   MM    MM
2026 09 02 13 20 290 11.0 13.0   2.5    10   6.3 302 1002.9  15.5    MM  12.8   MM   MM    MM
2026 09 02 13 10 290 11.0 13.0   2.5    MM   6.3 302 1002.9  15.4  16.6  12.8   MM   MM    MM
2026 09 02 13 00 290 10.0 12.0    MM    MM    MM  MM 1002.7  15.7    MM  12.3   MM -0.5    MM
2026 09 02 12 50 290 10.0 12.0   2.6     9   6.6 302 1002.8  15.8  16.7  12.4   MM   MM    MM
2026 09 02 12 40 290 10.0 13.0   2.6    MM   6.6 302 1002.9  15.8  16.7  12.3   MM   MM    MM
2026 09 02 12 30 290  9.0 12.0    MM    MM    MM  MM 1003.0  15.5  16.7  12.5   MM   MM    MM
2026 09 02 12 20 290  9.0 14.0   2.4     9   6.5 300 1003.0  15.7  16.7  12.5   MM   MM    MM
2026 09 02 12 10 290  9.0 11.0   2.4    MM   6.5 300 1003.0  15.7  16.7  12.0   MM   MM    MM
2026 09 02 12 00 290 10.0 12.0    MM    MM    MM  MM 1003.0  15.7  16.7  11.8   MM -0.4    MM
2026 09 02 11 50 290 10.0 12.0   2.3    10   6.3 300 1002.9  15.8  16.7  12.0   MM   MM    MM
2026 09 02 11 40 280  8.0 11.0    MM    MM    MM  MM 1003.0  15.6  16.7  12.6   MM   MM    MM
2026 09 02 11 30 290  8.0  9.0    MM    MM    MM  MM 1003.0  15.6  16.7  12.3   MM   MM    MM
2026 09 02 11 20 290  9.0 11.0   2.2    10   6.2 299 1003.0  15.6  16.7  12.0   MM   MM    MM
2026 09 02 11 10 290  9.0 11.0   2.2    MM   6.2 299 1003.1  15.7  16.7  11.6   MM   MM    MM
2026 09 02 11 00 290  9.0 11.0    MM    MM    MM  MM 1003.1  15.8  16.7  12.1   MM +0.0    MM
2026 09 02 10 50 290  9.0 11.0   2.2     9   6.1 298 1003.1  15.7  16.8  12.1   MM   MM    MM
2026 09 02 10 40 290  8.0 10.0   2.2    MM   6.1 298 1003.2  15.6  16.8  12.3   MM   MM    MM
2026 09 02 10 30 290  9.0 12.0    MM    MM    MM  MM 1003.1  15.6  16.8  12.1   MM   MM    MM
2026 09 02 10 20 290  8.0 10.0   2.3     8   6.2 297 1003.2  15.8  16.8  11.9   MM   MM    MM
2026 09 02 10 10 290  8.0 10.0    MM    MM    MM  MM 1003.2  15.8  16.8  11.6   MM   MM    MM
2026 09 02 10 00 290  8.0 10.0    MM    MM    MM  MM 1003.2  15.9  16.8  11.7   MM +0.0    MM
2026 09 02 09 50 290  8.0 10.0   2.2     9   6.0 295 1003.3  15.8  16.8  11.8   MM   MM    MM
2026 09 02 09 40 290 10.0 13.0    MM    MM    MM  MM 1003.3  15.9  16.8  11.7   MM   MM    MM
2026 09 02 09 30 290 10.0 13.0    MM    MM    MM  MM 1003.2  15.9  16.8  11.8   MM   MM    MM
2026 09 02 09 20 300  9.0 10.0   2.1     9   6.0 304 1003.3  15.9  16.8  11.9   MM   MM    MM
2026 09 02 09 10 300  8.0 10.0   2.1    MM   6.0 304 1003.4  15.8  16.8  11.9   MM   MM    MM
2026 09 02 09 00 300  9.0 10.0    MM    MM    MM  MM 1003.4  15.9  16.8  11.8   MM +0.3    MM
2026 09 02 08 50 300  9.0 11.0   2.1     8   5.9 296 1003.4  15.9  16.8  11.9   MM   MM    MM
2026 09 02 08 40 310  9.0 10.0    MM    MM    MM  MM 1003.3  15.9  16.8  11.5   MM   MM    MM
2026 09 02 08 30 300  9.0 11.0    MM    MM    MM  MM 1003.4  15.9  16.8  12.1   MM   MM    MM
2026 09 02 08 20 310 10.0 12.0   2.1     9   6.1 298 1003.4  15.9  16.9  11.9   MM   MM    MM
2026 09 02 08 10 310 10.0 12.0   2.1    MM   6.1 298 1003.3  15.9  16.8  12.4   MM   MM    MM
2026 09 02 08 00 310 10.0 12.0    MM    MM    MM  MM 1003.2  15.9  16.8  12.4   MM +0.4    MM
2026 09 02 07 50 310 10.0 13.0   2.0     9   5.9 299 1003.3  15.9  16.9  13.0   MM   MM    MM
2026 09 02 07 40 310 10.0 12.0    MM    MM    MM  MM 1003.2  16.0  16.9  13.4   MM   MM    MM
2026 09 02 07 30 310  9.0 11.0    MM    MM    MM  MM 1003.1  16.1  16.9  13.4   MM   MM    MM
2026 09 02 07 20 310  9.0 11.0   2.0     9   5.8 297 1003.1  16.1  16.9  13.2   MM   MM    MM
2026 09 02 07 10 310  9.0 11.0    MM    MM    MM  MM 1003.0  16.1    MM  13.5   MM   MM    MM
2026 09 02 07 00 310  8.0 10.0    MM    MM    MM  MM 1003.0  16.1    MM  13.6   MM +0.6    MM
2026 09 02 06 50 310  9.0 11.0   1.9     8   5.7 292 1003.0  16.2  16.8  13.5   MM   MM    MM
2026 09 02 06 40 310  9.0 11.0   1.9    MM   5.7 292 1003.0  16.1  16.8  13.6   MM   MM    MM
2026 09 02 06 30 310  8.0 10.0    MM    MM    MM  MM 1003.0  15.8  16.8  13.8   MM   MM    MM
2026 09 02 06 20 310  9.0 12.0   1.9     8   5.9 291 1003.1  16.0  16.8  14.0   MM   MM    MM
2026 09 02 06 10 310  7.0  9.0   1.9    MM   5.9 291 1003.0  16.3  16.8  14.4   MM   MM    MM
2026 09 02 06 00 310  7.0  8.0    MM    MM    MM  MM 1003.0  16.3  16.8  14.2   MM +0.9    MM
2026 09 02 05 50 310  7.0  9.0   1.9     8   5.8 295 1003.0  16.3  16.8  14.3   MM   MM    MM
2026 09 02 05 40 310  7.0  8.0    MM    MM    MM  MM 1002.9  16.2  16.8  14.2   MM   MM    MM
2026 09 02 05 30 310  7.0  8.0    MM    MM    MM  MM 1002.9  16.1  16.8  14.2   MM   MM    MM
2026 09 02 05 20 310  6.0  8.0   1.9     8   5.8 293 1002.8  16.0  16.8  14.6   MM   MM    MM
2026 09 02 05 10 320  6.0  8.0   1.9    MM   5.8 293 1002.8  15.9  16.8  14.6   MM   MM    MM
2026 09 02 05 00 310  7.0  8.0    MM    MM    MM  MM 1002.8  15.8  16.8  14.3   MM +0.9    MM
2026 09 02 04 50 310  6.0  8.0   1.9     8   5.7 291 1002.8  15.6  16.8  14.0   MM   MM    MM
2026 09 02 04 40 320  6.0  8.0   1.9    MM   5.7 291 1002.8  15.4  16.8  14.0   MM   MM    MM
2026 09 02 04 30 320  8.0 10.0    MM    MM    MM  MM 1002.8  15.1  16.8  14.1   MM   MM    MM
2026 09 02 04 20 310  9.0 12.0   1.9     8   5.5 295 1002.7  15.0  16.8  14.4   MM   MM    MM
2026 09 02 04 10 310  7.0  9.0   1.9    MM   5.5 295 1002.6  15.2  16.8  14.7   MM   MM    MM
2026 09 02 04 00 310  7.0  9.0    MM    MM    MM  MM 1002.5  15.1  16.8  14.6   MM -0.0    MM
2026 09 02 03 50 310  8.0 10.0   1.9     6   5.4 239 1002.3  15.1  16.8  14.6   MM   MM    MM
2026 09 02 03 40 310  9.0 11.0   1.9    MM   5.4 239 1002.2  15.0  16.8  14.6   MM   MM    MM
2026 09 02 03 30 290  7.0 10.0    MM    MM    MM  MM 1002.2  15.1  16.8  14.8   MM   MM    MM
2026 09 02 03 20 290  8.0  9.0   2.0     6   5.4 243 1002.2  15.2  16.9  14.9   MM   MM    MM
2026 09 02 03 10 260  7.0  8.0   2.0    MM   5.4 243 1002.2  15.6  16.9  15.3   MM   MM    MM
2026 09 02 03 00 260  8.0  9.0    MM    MM    MM  MM 1002.2  15.7  16.9  15.4   MM -0.9    MM
2026 09 02 02 50 260  7.0  9.0   2.1     5   5.4 229 1002.2  15.7  16.8  15.4   MM   MM    MM
2026 09 02 02 40 270  7.0  8.0   2.1    MM   5.4 229 1002.2  15.6  16.8  15.3   MM   MM    MM
2026 09 02 02 30 270  8.0  9.0    MM    MM    MM  MM 1002.2  15.6  16.8  15.3   MM   MM    MM
2026 09 02 02 20 260  9.0 11.0   2.0     6   5.3 232 1002.1  15.9    MM  15.6   MM   MM    MM
2026 09 02 02 10 230  9.0 11.0   2.0    MM   5.3 232 1001.9  16.1  16.8  15.8   MM   MM    MM
2026 09 02 02 00 220 10.0 12.0    MM    MM    MM  MM 1002.0  16.1  16.8  15.8   MM -2.2    MM
2026 09 02 01 50 190 11.0 14.0   2.0     6   5.1 234 1001.9  16.0  16.8  15.7   MM   MM    MM
2026 09 02 01 40 190 11.0 14.0   2.0    MM   5.1 234 1002.0  15.9  16.8  15.6   MM   MM    MM
2026 09 02 01 30 190 12.0 14.0    MM    MM    MM  MM 1002.0  15.9  16.9  15.6   MM   MM    MM
2026 09 02 01 20 190 12.0 14.0   2.0     5   5.2 234 1002.2  15.8  16.9  15.5   MM   MM    MM
2026 09 02 01 10 190 12.0 15.0   2.0    MM   5.2 234 1002.3  15.7  16.9  15.3   MM   MM    MM
2026 09 02 01 00 190 11.0 14.0    MM    MM    MM  MM 1002.4  15.7  16.8  15.3   MM -2.7    MM
2026 09 02 00 50 190 12.0 14.0   1.9     5   5.1 237 1002.5  15.6  16.8  15.2   MM   MM    MM
2026 09 02 00 40 190 11.0 13.0   1.9    MM   5.1 237 1002.5  15.6  16.8  15.3   MM   MM    MM
2026 09 02 00 30 190 11.0 13.0    MM    MM    MM  MM 1002.7  15.4  16.8  15.0   MM   MM    MM
2026 09 02 00 20 190 11.0 14.0   1.8     8   5.1 295 1002.8  15.5  16.8  15.0   MM   MM    MM
2026 09 02 00 10 190 11.0 14.0   1.8    MM   5.1 295 1003.0  15.5  16.8  15.0   MM   MM    MM
2026 09 02 00 00 190 11.0 13.0    MM    MM    MM  MM 1003.0  15.5  16.8  14.9   MM -2.6    MM
2026 09 01 23 50 190 10.0 13.0   1.9     8   5.1 295 1003.2  15.4  16.8  14.7   MM   MM    MM
2026 09 01 23 40 190 11.0 13.0    MM    MM    MM  MM 1003.4  15.4  16.9  14.7   MM   MM    MM
2026 09 01 23 30 190 11.0 13.0    MM    MM    MM  MM 1003.6  15.4  16.9  14.7   MM   MM    MM
2026 09 01 23 20 190 11.0 13.0   1.7     8   5.2 284 1003.6  15.3  16.9  14.6   MM   MM    MM
2026 09 01 23 10 190 11.0 13.0   1.7    MM   5.2 284 1003.8  15.2  16.9  14.5   MM   MM    MM
2026 09 01 23 00 190 10.0 12.0    MM    MM    MM  MM 1004.1  15.2  16.9  14.4   MM -2.4    MM
2026 09 01 22 50 200 10.0 12.0   1.6    14   5.0 234 1004.3  15.2  16.9  14.3   MM   MM    MM
2026 09 01 22 40 200 11.0 13.0   1.6    MM   5.0 234 1004.4  15.2  16.9  14.2   MM   MM    MM
2026 09 01 22 30 200 10.0 12.0    MM    MM    MM  MM 1004.6  15.1  16.9  13.9   MM   MM    MM
2026 09 01 22 20 200 10.0 12.0   1.7    14   5.3 172 1004.7  15.1  16.9  14.0   MM   MM    MM
2026 09 01 22 10 200 10.0 12.0   1.7    MM   5.3 172 1004.9  15.0  17.0  13.6   MM   MM    MM
2026 09 01 22 00 210 10.0 12.0    MM    MM    MM  MM 1005.1  15.1  16.9  13.7   MM -1.9    MM
2026 09 01 21 50 220 10.0 12.0   1.7    15   5.5 227 1005.3  15.3  17.0  14.1   MM   MM    MM
2026 09 01 21 40 220 10.0 12.0    MM    MM    MM  MM 1005.3  15.4  17.0  14.1   MM   MM    MM
2026 09 01 21 30 220 10.0 12.0    MM    MM    MM  MM 1005.4  15.6  17.0  14.3   MM   MM    MM
2026 09 01 21 20 210 10.0 12.0   1.5    14   5.3 173 1005.5  15.9  17.0  14.4   MM   MM    MM
2026 09 01 21 10 210  9.0 12.0   1.5    MM   5.3 173 1005.5  16.0  17.0  14.1   MM   MM    MM
2026 09 01 21 00 220 10.0 12.0    MM    MM    MM  MM 1005.7  16.1  17.0  13.8   MM -1.7    MM
2026 09 01 20 50 220 10.0 11.0   1.7    14   5.7 110 1005.8  16.2  17.0  14.0   MM   MM    MM
2026 09 01 20 40 220  9.0 11.0    MM    MM    MM  MM 1005.9  16.1  17.0  14.0   MM   MM    MM
2026 09 01 20 30 220  9.0 11.0    MM    MM    MM  MM 1006.0  16.2  17.0  14.0   MM   MM    MM
2026 09 01 20 20 220  9.0 11.0   1.4     9   5.7 299 1006.2  16.3  17.0  14.0   MM   MM    MM
2026 09 01 20 10 220  8.0 10.0   1.4    MM   5.7 299 1006.4  16.3  17.0  13.8   MM   MM    MM
2026 09 01 20 00 220  8.0  9.0    MM    MM    MM  MM 1006.5  16.4  17.0  13.9   MM -1.3    MM
2026 09 01 19 50 230  8.0 11.0   1.5     8   5.9 292 1006.7  16.4  17.0  14.0   MM   MM    MM
2026 09 01 19 40 230  8.0  9.0   1.5    MM   5.9 292 1006.9  16.5  17.0  14.0   MM   MM    MM
2026 09 01 19 30 230  8.0 10.0    MM    MM    MM  MM 1006.9  16.5  17.0  14.1   MM   MM    MM
2026 09 01 19 20 220  7.0  9.0   1.5    14   6.3 167 1006.9  16.5  17.0  14.0   MM   MM    MM
2026 09 01 19 10 220  7.0  8.0    MM    MM    MM  MM 1007.0  16.4  17.0  14.1   MM   MM    MM
2026 09 01 19 00 230  7.0  8.0    MM    MM    MM  MM 1007.1  16.4  17.0  14.5   MM -1.4    MM
2026 09 01 18 50 230  6.0  7.0   1.6     8   6.4 291 1007.1  16.3  17.0  14.6   MM   MM    MM
2026 09 01 18 40 230  6.0  8.0    MM    MM    MM  MM 1007.2  16.3  17.0  14.6   MM   MM    MM
2026 09 01 18 30 220  6.0  8.0    MM    MM    MM  MM 1007.3  16.4  17.0  15.0   MM   MM    MM
2026 09 01 18 20 220  6.0  8.0   1.6     8   6.4 289 1007.4  16.4  17.0  14.9   MM   MM    MM
2026 09 01 18 10 210  6.0  8.0    MM    MM    MM  MM 1007.4  16.4  17.0  14.8   MM   MM    MM
2026 09 01 18 00 220  7.0  8.0   1.6    MM   6.4 289 1007.4  16.4  17.0  14.9   MM -1.1    MM
2026 09 01 17 50 210  7.0  8.0   1.6    MM   6.5 292 1007.4    MM  17.0    MM   MM   MM    MM
2026 09 01 17 40 210  6.0  7.0   1.6    MM   6.5 292 1007.4  16.4  17.0  14.9   MM   MM    MM
2026 09 01 17 30 210  6.0  7.0    MM    MM    MM  MM 1007.5  16.4  17.0  14.9   MM   MM    MM
2026 09 01 17 20 210  6.0  7.0   1.6     8   6.7 295 1007.6  16.4  17.0  14.8   MM   MM    MM
2026 09 01 17 10 210  6.0  7.0   1.6    MM   6.7 295 1007.8  16.4  17.0  14.7   MM   MM    MM
2026 09 01 17 00 220  5.0  6.0    MM    MM    MM  MM 1007.8  16.4  17.0  14.7   MM -0.5    MM
2026 09 01 16 50 230  5.0  6.0   1.5     9   6.6 292 1008.1  16.5  17.0  14.8   MM   MM    MM
2026 09 01 16 40 230  5.0  6.0   1.5    MM   6.6 292 1008.1  16.4  17.0  14.7   MM   MM    MM
2026 09 01 16 30 230  5.0  6.0    MM    MM    MM  MM 1008.2  16.4  17.0  14.8   MM   MM    MM
2026 09 01 16 20 230  5.0  6.0   1.5     8   6.7 294 1008.2  16.4  17.0  14.8   MM   MM    MM
2026 09 01 16 10 220  5.0  6.0   1.5    MM   6.7 294 1008.3  16.3  17.0  14.9   MM   MM    MM
2026 09 01 16 00 220  5.0  6.0    MM    MM    MM  MM 1008.4  16.3  17.0  15.1   MM -0.0    MM
2026 09 01 15 50 220  5.0  6.0   1.6     8   6.9 287 1008.7  16.4  17.0  15.2   MM   MM    MM
2026 09 01 15 40 230  5.0  6.0    MM    MM    MM  MM 1008.6  16.3  17.0  15.1   MM   MM    MM
2026 09 01 15 30 230  5.0  6.0    MM    MM    MM  MM 1008.6  16.3  17.0  15.0   MM   MM    MM
2026 09 01 15 20 240  5.0  6.0   1.5     9   6.9 289 1008.6  16.4  17.0  14.9   MM   MM    MM
2026 09 01 15 10 230  5.0  6.0   1.5    MM   6.9 289 1008.5  16.4  17.0  14.9   MM   MM    MM
2026 09 01 15 00 230  4.0  5.0    MM    MM    MM  MM 1008.5  16.4  17.0  14.9   MM -0.4    MM
2026 09 01 14 50 220  3.0  3.0   1.5     8   6.9 294 1008.2  16.3  17.0  14.7   MM   MM    MM
2026 09 01 14 40 240  3.0  3.0   1.5    MM   6.9 294 1008.3  16.2  17.1  14.8   MM   MM    MM
2026 09 01 14 30 240  3.0  4.0    MM    MM    MM  MM 1008.4  16.2  17.1  15.0   MM   MM    MM
2026 09 01 14 20 230  3.0  4.0   1.6     8   7.0 292 1008.3  16.2  17.1  15.0   MM   MM    MM
2026 09 01 14 10 240  3.0  4.0   1.6    MM   7.0 292 1008.3  16.2  17.1  15.0   MM   MM    MM
2026 09 01 14 00 240  3.0  4.0    MM    MM    MM  MM 1008.3  16.2  17.1  14.9   MM -0.9    MM
2026 09 01 13 50 240  3.0  4.0   1.7     8   7.2 293 1008.3  16.2    MM  14.9   MM   MM    MM
2026 09 01 13 40 240  3.0  4.0   1.7    MM   7.2 293 1008.4  16.1  17.1  14.9   MM   MM    MM
2026 09 01 13 30 240  3.0  4.0    MM    MM    MM  MM 1008.5  15.9  17.1  14.8   MM   MM    MM
2026 09 01 13 20 240  3.0  4.0   1.7     9   7.2 297 1008.6  15.7  17.1  14.7   MM   MM    MM
2026 09 01 13 10 240  3.0  4.0    MM    MM    MM  MM 1008.6  15.7  17.1  14.6   MM   MM    MM
2026 09 01 13 00 240  3.0  4.0    MM    MM    MM  MM 1008.6  15.6  17.1  14.5   MM -0.6    MM
2026 09 01 12 50 240  2.0  3.0   1.8     9   7.2 298 1008.5    MM  17.1    MM   MM   MM    MM
2026 09 01 12 40 220  2.0  2.0    MM    MM    MM  MM 1008.5  15.4  17.1  14.3   MM   MM    MM
2026 09 01 12 30 210  2.0  2.0    MM    MM    MM  MM 1008.6  15.4  17.1  14.3   MM   MM    MM
2026 09 01 12 20 230  2.0  2.0   1.7     9   7.3 295 1008.6  15.4  17.1  14.3   MM   MM    MM
2026 09 01 12 10 220  1.0  2.0   1.7    MM   7.3 295 1008.8  15.3  17.1  14.4   MM   MM    MM
2026 09 01 12 00 230  2.0  3.0    MM    MM    MM  MM 1008.8  15.3  17.1  14.5   MM -0.6    MM
2026 09 01 11 50 260  3.0  4.0   1.5     8   6.8 296 1009.0  15.3  17.1  14.6   MM   MM    MM
2026 09 01 11 40 260  4.0  5.0    MM    MM    MM  MM 1009.0  15.5  17.1  14.8   MM   MM    MM
2026 09 01 11 30 260  4.0  5.0    MM    MM    MM  MM 1009.2  15.5  17.1  14.8   MM   MM    MM
2026 09 01 11 20 270  3.0  4.0   1.5     9   6.8 303 1009.3  15.4  17.1  14.8   MM   MM    MM
2026 09 01 11 10 270  4.0  5.0    MM    MM    MM  MM 1009.3  15.5  17.1  15.0   MM   MM    MM
2026 09 01 11 00 280  3.0  4.0    MM    MM    MM  MM 1009.2  15.6  17.1  15.0   MM -0.6    MM
2026 09 01 10 50 280  4.0  5.0   1.6     8   7.0 302 1009.2  15.8  17.1  15.1   MM   MM    MM
2026 09 01 10 40 290  4.0  5.0    MM    MM    MM  MM 1009.2  16.0  17.1  15.2   MM   MM    MM
2026 09 01 10 30 280  4.0  6.0    MM    MM    MM  MM 1009.3  16.1  17.1  15.3   MM   MM    MM
2026 09 01 10 20 280  5.0  6.0   1.6     9   7.0 299 1009.3  16.1  17.1  15.3   MM   MM    MM
2026 09 01 10 10 270  5.0  6.0   1.6    MM   7.0 299 1009.3  16.4  17.2  15.5   MM   MM    MM
2026 09 01 10 00 270  5.0  6.0    MM    MM    MM  MM 1009.2  16.6  17.2  15.5   MM -0.8    MM
2026 09 01 09 50 260  5.0  6.0   1.5     9   6.7 311 1009.3  16.6  17.2  15.6   MM   MM    MM
2026 09 01 09 40 230  5.0  5.0    MM    MM    MM  MM 1009.4  16.8  17.2  16.1   MM   MM    MM
2026 09 01 09 30 230  5.0  6.0    MM    MM    MM  MM 1009.5  16.8  17.1  16.1   MM   MM    MM
2026 09 01 09 20 200  5.0  6.0   1.6     8   7.0 298 1009.6  16.9  17.2  16.3   MM   MM    MM
2026 09 01 09 10 190  5.0  6.0    MM    MM    MM  MM 1009.5  16.9  17.1  16.2   MM   MM    MM
2026 09 01 09 00 180  5.0  6.0    MM    MM    MM  MM 1009.4  16.9  17.1  16.2   MM -1.3    MM
2026 09 01 08 50 190  5.0  6.0   1.4     9   6.9 299 1009.6  16.9  17.1  16.2   MM   MM    MM
2026 09 01 08 40 190  5.0  6.0   1.4    MM   6.9 299 1009.8  16.9  17.1  16.3   MM   MM    MM
2026 09 01 08 30 180  5.0  6.0    MM    MM    MM  MM 1009.8  16.9  17.1  16.2   MM   MM    MM
2026 09 01 08 20 180  6.0  7.0   1.5     9   6.7 283 1009.8  16.9  17.1  16.2   MM   MM    MM
2026 09 01 08 10 170  6.0  7.0    MM    MM    MM  MM 1009.8  16.8  17.1  16.1   MM   MM    MM
2026 09 01 08 00 180  5.0  7.0    MM    MM    MM  MM 1009.7  16.8  17.1  16.2   MM -1.2    MM
2026 09 01 07 50 180  5.0  6.0   1.5     9   7.0 307 1009.9  16.8  17.1  16.2   MM   MM    MM
2026 09 01 07 40 170  6.0  7.0    MM    MM    MM  MM 1009.7  16.7  17.1  16.1   MM   MM    MM
2026 09 01 07 30 160  6.0  7.0    MM    MM    MM  MM 1009.7  16.7  17.1  16.0   MM   MM    MM
2026 09 01 07 20 170  5.0  6.0   1.5     9   7.1 301 1009.9  16.7  17.1  16.0   MM   MM    MM
2026 09 01 07 10 160  5.0  7.0   1.5    MM   7.1 301 1010.0  16.6  17.1  15.9   MM   MM    MM
2026 09 01 07 00 150  5.0  6.0    MM    MM    MM  MM 1010.0    MM  17.1    MM   MM -0.7    MM
2026 09 01 06 50 160  4.0  6.0   1.5    MM   7.2 299 1010.3    MM  17.1    MM   MM   MM    MM
2026 09 01 06 40 150  4.0  5.0   1.5    MM   7.2 299 1010.5  16.2  17.1  15.6   MM   MM    MM
2026 09 01 06 30 150  4.0  5.0    MM    MM    MM  MM 1010.5  16.2  17.1  15.5   MM   MM    MM
2026 09 01 06 20 150  4.0  5.0   1.5     9   6.8 303 1010.5  16.1  17.1  15.4   MM   MM    MM
2026 09 01 06 10 150  3.0  4.0   1.5    MM   6.8 303 1010.6  16.0  17.1  15.4   MM   MM    MM
2026 09 01 06 00 150  4.0  5.0    MM    MM    MM  MM 1010.6  16.0    MM  15.4   MM +0.0    MM
2026 09 01 05 50 150  4.0  5.0   1.4     9   6.6 291 1010.8  16.1  17.1  15.5   MM   MM    MM
2026 09 01 05 40 150  3.0  4.0   1.4    MM   6.6 291 1010.9  16.0  17.1  15.4   MM   MM    MM
2026 09 01 05 30 170  2.0  3.0    MM    MM    MM  MM 1010.9  15.9  17.1  15.3   MM   MM    MM
2026 09 01 05 20 190  2.0  3.0   1.6    10   6.8 307 1011.0  15.8  17.1  15.1   MM   MM    MM
2026 09 01 05 10 220  3.0  3.0   1.6    MM   6.8 307 1011.0  15.8  17.1  15.2   MM   MM    MM
2026 09 01 05 00 210  4.0  5.0    MM    MM    MM  MM 1011.0  16.0  17.1  15.3   MM -0.0    MM
2026 09 01 04 50 200  4.0  5.0   1.4    15   6.5 166 1010.9  16.4  17.1  15.4   MM   MM    MM
2026 09 01 04 40 150  4.0  5.0   1.4    MM   6.5 166 1010.9  16.8  17.1  15.7   MM   MM    MM
2026 09 01 04 30 150  4.0  5.0    MM    MM    MM  MM 1010.8  16.8  17.1  15.8   MM   MM    MM
2026 09 01 04 20 150  4.0  5.0   1.6    10   6.8 291 1010.8  16.7  17.1  15.7   MM   MM    MM
2026 09 01 04 10 150  4.0  5.0   1.6    MM   6.8 291 1010.7  16.7  17.1  15.8   MM   MM    MM
2026 09 01 04 00 140  4.0  5.0    MM    MM    MM  MM 1010.7  16.7  17.1  15.8   MM -0.3    MM
2026 09 01 03 50 140  3.0  4.0   1.5     9   6.6 309 1010.6  16.6  17.1  15.7   MM   MM    MM
2026 09 01 03 40 140  3.0  4.0   1.5    MM   6.6 309 1010.5  16.6  17.1  15.7   MM   MM    MM
2026 09 01 03 30 150  3.0  4.0    MM    MM    MM  MM 1010.6  16.5  17.1  15.5   MM   MM    MM
2026 09 01 03 20 170  4.0  4.0   1.5     9   6.6 293 1010.5  16.4  17.1  15.3   MM   MM    MM
2026 09 01 03 10 180  4.0  6.0   1.5    MM   6.6 293 1010.6  16.5  17.1  15.5   MM   MM    MM
2026 09 01 03 00 180  5.0  6.0    MM    MM    MM  MM 1010.6  16.6  17.1  15.6   MM -0.5    MM
2026 09 01 02 50 180  5.0  6.0   1.5    15   6.7 187 1010.6  16.8  17.1  15.7   MM   MM    MM
2026 09 01 02 40 170  4.0  5.0   1.5    MM   6.7 187 1010.6  17.0  17.1  15.8   MM   MM    MM
2026 09 01 02 30 170  4.0  6.0    MM    MM    MM  MM 1010.6  17.0  17.1  15.7   MM   MM    MM
2026 09 01 02 20 180  4.0  5.0   1.5    15   6.5 181 1010.6  17.0  17.2  15.8   MM   MM    MM
2026 09 01 02 10 180  4.0  5.0   1.5    MM   6.5 181 1010.6  17.0  17.2  15.9   MM   MM    MM
2026 09 01 02 00 180  4.0  5.0    MM    MM    MM  MM 1010.7  17.0  17.2  15.9   MM -0.7    MM
2026 09 01 01 50 180  4.0  5.0   1.6    10   6.9 297 1010.8  17.1  17.2  16.0   MM   MM    MM
2026 09 01 01 40 190  4.0  5.0   1.6    MM   6.9 297 1010.8  17.1  17.2  15.9   MM   MM    MM
2026 09 01 01 30 180  4.0  5.0    MM    MM    MM  MM 1010.8  17.1  17.2  15.9   MM   MM    MM
2026 09 01 01 20 190  4.0  5.0   1.7    15   7.1 182 1010.9  17.1  17.2  15.8   MM   MM    MM
2026 09 01 01 10 180  4.0  5.0   1.7    MM   7.1 182 1010.9  17.1  17.2  16.0   MM   MM    MM
2026 09 01 01 00 170  4.0  5.0    MM    MM    MM  MM 1010.9  17.1  17.2  16.0   MM -0.7    MM
2026 09 01 00 50 170  4.0  5.0   1.6    10   6.9 294 1011.0  17.1  17.2  15.9   MM   MM    MM
2026 09 01 00 40 160  4.0  5.0   1.6    MM   6.9 294 1010.9    MM    MM    MM   MM   MM    MM
2026 09 01 00 30 160  4.0  5.0    MM    MM    MM  MM 1011.0  17.2  17.2  15.9   MM   MM    MM
2026 09 01 00 20 160  4.0  5.0   1.7     9   7.3 297 1011.0  17.2  17.2  15.9   MM   MM    MM
2026 09 01 00 10 170  4.0  5.0   1.7    MM   7.3 297 1011.1  17.1  17.2  15.7   MM   MM    MM
2026 09 01 00 00 170  4.0  5.0    MM    MM    MM  MM 1011.1  17.1  17.2  15.8   MM -1.0    MM
2026 08 31 23 50 170  4.0  5.0   1.6    10   7.0 304 1011.1  17.2  17.2  15.9   MM   MM    MM
2026 08 31 23 40 170  4.0  6.0   1.6    MM   7.0 304 1011.2  17.2  17.2  15.8   MM   MM    MM
2026 08 31 22 40 180  5.0  6.0   1.6    MM   7.2 299 1011.5  17.2  17.2  15.7   MM   MM    MM
2026 08 31 22 30 170  5.0  6.0    MM    MM    MM  MM 1011.5  17.1  17.2  15.7   MM   MM    MM
2026 08 31 22 20 170  5.0  6.0   1.6     9   7.4 306 1011.5  17.1  17.2  15.7   MM   MM    MM
2026 08 31 22 10 170  5.0  6.0   1.6    MM   7.4 306 1011.6  17.1  17.2  15.7   MM   MM    MM
2026 08 31 22 00 180  5.0  6.0    MM    MM    MM  MM 1011.6  17.1  17.2  15.7   MM -1.2    MM
2026 08 31 21 50 170  5.0  6.0   1.6    10   7.5 300 1011.6  17.1  17.2  15.5   MM   MM    MM
2026 08 31 21 40 170  5.0  6.0   1.6    MM   7.5 300 1011.8  17.1  17.1  15.4   MM   MM    MM
2026 08 31 21 30 170  5.0  6.0    MM    MM    MM  MM 1011.9  17.1  17.2  15.4   MM   MM    MM
2026 08 31 21 20 170  5.0  6.0   1.6    10   7.2 304 1011.9  17.1  17.1  15.3   MM   MM    MM
2026 08 31 21 10 180  5.0  6.0    MM    MM    MM  MM 1011.9  17.1  17.1  15.3   MM   MM    MM
2026 08 31 21 00 180  4.0  6.0    MM    MM    MM  MM 1012.0  17.0  17.1  15.5   MM -1.1    MM
2026 08 31 20 50 180  5.0  6.0   1.7    10   7.8 297 1012.0  17.0  17.1  15.6   MM   MM    MM
2026 08 31 20 40 180  5.0  6.0   1.7    MM   7.8 297 1012.2  17.0  17.1  15.6   MM   MM    MM
2026 08 31 20 30 180  5.0  6.0    MM    MM    MM  MM 1012.3  17.1  17.1  15.7   MM   MM    MM
2026 08 31 20 20 180  5.0  6.0   1.7    10   7.6 301 1012.3  17.1  17.1  15.6   MM   MM    MM
2026 08 31 20 10 180  5.0  6.0   1.7    MM   7.6 301 1012.3  17.0  17.1  15.6   MM   MM    MM
2026 08 31 20 00 180  5.0  6.0    MM    MM    MM  MM 1012.4  16.9  17.0  15.6   MM -0.8    MM
2026 08 31 19 50 180  5.0  6.0   1.6    10   7.1 301 1012.5  16.9  17.0  15.6   MM   MM    MM
2026 08 31 19 40 180  4.0  5.0   1.6    MM   7.1 301 1012.6  16.9  17.0  15.6   MM   MM    MM
2026 08 31 19 30 180  4.0  5.0    MM    MM    MM  MM 1012.7  16.9  17.0  15.5   MM   MM    MM
2026 08 31 19 20 190  4.0  5.0   1.5    15   7.3 189 1012.8  16.9  17.0  15.5   MM   MM    MM
2026 08 31 19 10 190  5.0  5.0   1.5    MM   7.3 189 1012.9  16.9  17.0  15.4   MM   MM    MM
2026 08 31 19 00 190  5.0  5.0    MM    MM    MM  MM 1012.9  16.8  17.0  15.3   MM -0.7    MM
2026 08 31 18 50 190  5.0  5.0   1.6    10   7.5 306 1013.1  16.8  17.0  15.3   MM   MM    MM
2026 08 31 18 40 200  5.0  6.0   1.6    MM   7.5 306 1013.1  16.8  16.9  15.3   MM   MM    MM
2026 08 31 18 30 190  4.0  5.0    MM    MM    MM  MM 1013.0  16.8  16.9  15.3   MM   MM    MM
2026 08 31 18 20 200  4.0  6.0   1.7     8   7.4 309 1013.1  16.8  16.9  15.2   MM   MM    MM
2026 08 31 18 10 200  4.0  5.0   1.7    MM   7.4 309 1013.1  16.8  16.9  15.2   MM   MM    MM
2026 08 31 18 00 200  4.0  5.0    MM    MM    MM  MM 1013.2  16.7    MM  15.2   MM -0.4    MM
2026 08 31 17 50 200  4.0  5.0   1.6     9   7.2 307 1013.2  16.8  16.9  15.2   MM   MM    MM
2026 08 31 17 40 200  4.0  5.0   1.6    MM   7.2 307 1013.2  16.8  16.9  15.2   MM   MM    MM
2026 08 31 17 30 210  4.0  5.0    MM    MM    MM  MM 1013.1  16.8  16.9  15.3   MM   MM    MM
2026 08 31 17 20 210  4.0  5.0   1.8     9   7.5 307 1013.2  16.8  16.8  15.2   MM   MM    MM
2026 08 31 17 10 210  4.0  5.0   1.8    MM   7.5 307 1013.3  16.7  16.8  15.2   MM   MM    MM
2026 08 31 17 00 200  4.0  4.0    MM    MM    MM  MM 1013.4  16.7  16.8  15.3   MM +0.0    MM
2026 08 31 16 50 200  4.0  5.0   1.7     9   7.3 308 1013.4  16.6  16.8  15.3   MM   MM    MM
2026 08 31 16 40 200  4.0  4.0   1.7    MM   7.3 308 1013.5  16.6  16.8  15.4   MM   MM    MM
2026 08 31 16 30 200  4.0  5.0    MM    MM    MM  MM 1013.5  16.5  16.8  15.3   MM   MM    MM
2026 08 31 16 20 210  3.0  5.0   1.7     9   7.5 316 1013.5  16.3    MM  15.4   MM   MM    MM
2026 08 31 16 10 220  4.0  5.0   1.7    MM   7.5 316 1013.6  16.1  16.8  15.2   MM   MM    MM
2026 08 31 16 00 210  4.0  6.0    MM    MM    MM  MM 1013.6  16.5  16.8  15.4   MM -0.0    MM
2026 08 31 15 50 200  4.0  4.0   1.9     8   7.9 314 1013.6  16.7  16.9  15.6   MM   MM    MM
2026 08 31 15 40 200  4.0  4.0   1.9    MM   7.9 314 1013.7  16.7  16.9  15.6   MM   MM    MM
2026 08 31 15 30 200  4.0  5.0    MM    MM    MM  MM 1013.6  16.7  16.9  15.7   MM   MM    MM
2026 08 31 15 20 200  4.0  5.0   1.9     9   7.8 300 1013.6  16.7  16.9  15.7   MM   MM    MM
2026 08 31 15 10 190  4.0  5.0   1.9    MM   7.8 300 1013.6  16.7  16.9  15.7   MM   MM    MM
2026 08 31 15 00 180  4.0  5.0    MM    MM    MM  MM 1013.5  16.7  16.9  15.7   MM -0.7    MM
2026 08 31 14 50 180  4.0  5.0   1.7     9   7.6 316 1013.5  16.6  16.9  15.5   MM   MM    MM
2026 08 31 14 40 180  4.0  5.0    MM    MM    MM  MM 1013.5  16.6  16.9  15.5   MM   MM    MM
2026 08 31 14 30 180  4.0  5.0    MM    MM    MM  MM 1013.5  16.6  16.9  15.6   MM   MM    MM
2026 08 31 14 20 180  4.0  5.0   1.8    16   7.9 203 1013.5  16.6  16.9  15.5   MM   MM    MM
2026 08 31 14 10 190  5.0  5.0   1.8    MM   7.9 203 1013.5  16.6  16.9  15.5   MM   MM    MM
2026 08 31 14 00 190  4.0  5.0    MM    MM    MM  MM 1013.5  16.6  16.9  15.5   MM -1.2    MM
2026 08 31 13 50 190  4.0  5.0   1.7     9   7.8 309 1013.4  16.6  16.9  15.5   MM   MM    MM
2026 08 31 13 40 180  4.0  5.0    MM    MM    MM  MM 1013.5  16.6  16.9  15.5   MM   MM    MM
2026 08 31 13 30 180  4.0  5.0    MM    MM    MM  MM 1013.5  16.6  16.9  15.4   MM   MM    MM
2026 08 31 13 20 190  4.0  5.0   1.7     9   7.7 312 1013.6  16.6  16.9  15.5   MM   MM    MM
2026 08 31 13 10 190  4.0  5.0   1.7    MM   7.7 312 1013.6  16.6  16.9  15.4   MM   MM    MM
2026 08 31 13 00 190  4.0  5.0    MM    MM    MM  MM 1013.7  16.6  17.0  15.4   MM -1.4    MM
2026 08 31 12 50 190  4.0  5.0   1.7     9   7.7 319 1013.8  16.6  17.0  15.5   MM   MM    MM
2026 08 31 12 40 190  4.0  5.0    MM    MM    MM  MM 1013.9  16.6  17.0  15.4   MM   MM    MM
2026 08 31 12 30 190  4.0  5.0    MM    MM    MM  MM 1014.0  16.6  17.0  15.4   MM   MM    MM
2026 08 31 12 20 200  4.0  5.0   1.6    10   7.9 297 1014.1  16.6  17.0  15.4   MM   MM    MM
2026 08 31 12 10 190  4.0  5.0   1.6    MM   7.9 297 1014.2  16.7  17.0  15.4   MM   MM    MM
2026 08 31 12 00 190  4.0  5.0    MM    MM    MM  MM 1014.3  16.6  17.0  15.3   MM -1.5    MM
2026 08 31 11 50 190  4.0  5.0   1.8    10   8.3 315 1014.4  16.6  17.0  15.4   MM   MM    MM
2026 08 31 11 40 190  4.0  4.0    MM    MM    MM  MM 1014.4  16.6  17.0  15.5   MM   MM    MM
2026 08 31 11 30 200  4.0  5.0    MM    MM    MM  MM 1014.4  16.6  17.0  15.5   MM   MM    MM
2026 08 31 11 20 190  4.0  5.0   1.8    10   8.3 322 1014.5  16.6  17.0  15.5   MM   MM    MM
2026 08 31 11 10 200  4.0  5.0   1.8    MM   8.3 322 1014.6  16.6  17.0  15.5   MM   MM    MM
2026 08 31 11 00 200  4.0  5.0    MM    MM    MM  MM 1014.7  16.6  17.0  15.5   MM -1.9    MM
2026 08 31 10 50 200  4.0  5.0   2.0    10   8.7 315 1014.7  16.6  17.0  15.5   MM   MM    MM
2026 08 31 10 40 200  4.0  5.0   2.0    MM   8.7 315 1014.8  16.6  17.0  15.6   MM   MM    MM
2026 08 31 10 30 200  4.0  5.0    MM    MM    MM  MM 1014.9  16.6  17.0  15.6   MM   MM    MM
2026 08 31 10 20 190  4.0  4.0   1.7     9   8.1 321 1015.0  16.6  17.0  15.6   MM   MM    MM
2026 08 31 10 10 200  4.0  4.0   1.7    MM   8.1 321 1015.1  16.6  17.0  15.5   MM   MM    MM
2026 08 31 10 00 200  4.0  5.0    MM    MM    MM  MM 1015.2  16.6  17.0  15.4   MM -2.0    MM
2026 08 31 09 50 190  4.0  5.0   1.6     9   8.1 307 1015.3  16.5  17.0  15.2   MM   MM    MM
2026 08 31 09 40 180  4.0  4.0   1.6    MM   8.1 307 1015.4  16.5  17.0  15.3   MM   MM    MM
2026 08 31 09 30 180  3.0  4.0    MM    MM    MM  MM 1015.4  16.5  17.0  15.3   MM   MM    MM
2026 08 31 09 20 190  3.0  4.0   1.8    10   8.4 332 1015.6  16.5  17.0  15.3   MM   MM    MM
2026 08 31 09 10 200  3.0  4.0   1.8    MM   8.4 332 1015.6  16.5  17.0  15.3   MM   MM    MM
2026 08 31 09 00 210  3.0  4.0    MM    MM    MM  MM 1015.8  16.5  17.0  15.3   MM -2.1    MM
2026 08 31 08 50 210  4.0  5.0   1.9    10   8.5 332 1016.0  16.6  17.0  15.2   MM   MM    MM
2026 08 31 08 40 220  4.0  5.0    MM    MM    MM  MM 1016.2  16.6  17.0  15.2   MM   MM    MM
2026 08 31 08 30 210  4.0  5.0    MM    MM    MM  MM 1016.3  16.8  17.0  14.9   MM   MM    MM
2026 08 31 08 20 200  4.0  5.0   1.8    10   8.2 322 1016.5  16.8  17.0  15.0   MM   MM    MM
2026 08 31 08 10 200  3.0  4.0   1.8    MM   8.2 322 1016.5  16.8  17.0  15.1   MM   MM    MM
2026 08 31 08 00 200  4.0  5.0    MM    MM    MM  MM 1016.6  16.8  17.0  15.0   MM -1.7    MM
2026 08 31 07 50 200  4.0  5.0   1.8    10   8.0 317 1016.7  16.8  17.0  15.0   MM   MM    MM
2026 08 31 07 40 200  4.0  4.0   1.8    MM   8.0 317 1016.7  16.8  17.0  15.1   MM   MM    MM
2026 08 31 07 30 190  4.0  5.0    MM    MM    MM  MM 1016.8  16.8  17.0  15.0   MM   MM    MM
2026 08 31 07 20 190  4.0  5.0   1.9    10   8.2 329 1016.9  16.8  17.0  15.1   MM   MM    MM
2026 08 31 07 10 180  4.0  5.0   1.9    MM   8.2 329 1017.0    MM  17.0    MM   MM   MM    MM
2026 08 31 07 00 180  4.0  5.0    MM    MM    MM  MM 1017.2    MM  16.9    MM   MM -1.3    MM
2026 08 31 06 50 190  4.0  5.0   1.8    MM   7.9 321 1017.4    MM  16.9    MM   MM   MM    MM
2026 08 31 06 40 190  4.0  5.0    MM    MM    MM  MM 1017.5  16.8  16.9  14.9   MM   MM    MM
2026 08 31 06 30 190  4.0  4.0    MM    MM    MM  MM 1017.6  16.8  16.9  15.0   MM   MM    MM
2026 08 31 06 20 180  3.0  4.0   1.7     8   7.6 327 1017.6  16.8  17.0  15.0   MM   MM    MM
2026 08 31 06 10 190  3.0  4.0   1.7    MM   7.6 327 1017.7  16.8  17.0  15.0   MM   MM    MM
2026 08 31 06 00 190  3.0  4.0    MM    MM    MM  MM 1017.8  16.8  17.0  15.1   MM -0.9    MM
2026 08 31 05 50 180  3.0  4.0   1.8     8   8.0 330 1017.9  16.8  17.0  15.1   MM   MM    MM
2026 08 31 05 40 190  3.0  4.0   1.8    MM   8.0 330 1018.1  16.8  17.1  15.1   MM   MM    MM
2026 08 31 05 30 190  3.0  4.0    MM    MM    MM  MM 1018.1  16.8  17.1  14.9   MM   MM    MM
2026 08 31 05 20 190  3.0  4.0   1.7    16   7.4 164 1018.2  16.8  17.1  14.9   MM   MM    MM
2026 08 31 05 10 190  3.0  4.0   1.7    MM   7.4 164 1018.3  16.8  17.1  14.9   MM   MM    MM
2026 08 31 05 00 180  3.0  3.0    MM    MM    MM  MM 1018.3  16.8  17.1  14.9   MM -0.8    MM
2026 08 31 04 50 180  3.0  4.0   1.6     8   7.6 327 1018.3  16.8  17.1  14.9   MM   MM    MM
2026 08 31 04 40 180  3.0  4.0    MM    MM    MM  MM 1018.4  16.8  17.1  14.9   MM   MM    MM
2026 08 31 04 30 180  3.0  3.0    MM    MM    MM  MM 1018.5  16.8  17.1  14.9   MM   MM    MM
2026 08 31 04 20 190  2.0  3.0   1.5     8   7.1 326 1018.5  16.8  17.1  14.9   MM   MM    MM
2026 08 31 04 10 180  3.0  4.0   1.5    MM   7.1 326 1018.5  16.8  17.2  15.0   MM   MM    MM
2026 08 31 04 00 200  3.0  3.0    MM    MM    MM  MM 1018.5  16.7  17.2  14.9   MM -1.0    MM
2026 08 31 03 50 200  3.0  3.0   1.7     8   7.2 324 1018.5  16.7  17.2  14.9   MM   MM    MM
2026 08 31 03 40 200  3.0  4.0   1.7    MM   7.2 324 1018.5  16.8  17.2  15.0   MM   MM    MM
2026 08 31 03 30 200  3.0  4.0    MM    MM    MM  MM 1018.6  16.7  17.2  14.9   MM   MM    MM
2026 08 31 03 20 200  3.0  3.0   1.4    16   7.0 160 1018.7  16.8  17.2  15.1   MM   MM    MM
2026 08 31 03 10 200  3.0  4.0   1.4    MM   7.0 160 1018.7  16.7  17.2  14.9   MM   MM    MM
2026 08 31 03 00 200  3.0  3.0    MM    MM    MM  MM 1018.7  16.8  17.3  15.0   MM -1.2    MM
2026 08 31 02 50 190  3.0  4.0   1.4    16   7.0 241 1018.8  16.8  17.3  14.9   MM   MM    MM
2026 08 31 02 40 190  3.0  4.0   1.4    MM   7.0 241 1018.9  16.8  17.3  14.7   MM   MM    MM
2026 08 31 02 30 190  3.0  3.0    MM    MM    MM  MM 1019.0  16.8  17.2  14.8   MM   MM    MM
2026 08 31 02 20 190  2.0  3.0   1.4     8   6.6 322 1019.0  16.8  17.2  14.7   MM   MM    MM
2026 08 31 02 10 190  2.0  3.0   1.4    MM   6.6 322 1019.1  16.8  17.2  14.7   MM   MM    MM
2026 08 31 02 00 200  2.0  2.0    MM    MM    MM  MM 1019.1  16.8  17.0  14.7   MM -1.3    MM
2026 08 31 01 50 200  2.0  2.0   1.5    16   6.8 240 1019.1  16.8  17.2  14.6   MM   MM    MM
2026 08 31 01 40 200  2.0  2.0    MM    MM    MM  MM 1019.1  16.8  17.2  14.7   MM   MM    MM
2026 08 31 01 30 200  2.0  2.0    MM    MM    MM  MM 1019.2  16.8  17.3  14.9   MM   MM    MM
2026 08 31 01 20 210  2.0  2.0   1.4    16   6.6 172 1019.3  16.8  17.2  15.0   MM   MM    MM
2026 08 31 01 10 210  2.0  2.0   1.4    MM   6.6 172 1019.3  16.8  17.3  15.1   MM   MM    MM
2026 08 31 01 00 210  2.0  2.0    MM    MM    MM  MM 1019.4  16.8    MM  14.9   MM -1.7    MM
2026 08 31 00 50 210  2.0  2.0   1.3    17   6.7 205 1019.5  16.8  17.3  14.9   MM   MM    MM
2026 08 31 00 40 220  2.0  3.0   1.3    MM   6.7 205 1019.6  16.8  17.3  14.9   MM   MM    MM
2026 08 31 00 30 220  2.0  3.0    MM    MM    MM  MM 1019.7  16.8  17.3  15.0   MM   MM    MM
2026 08 31 00 20 220  2.0  3.0   1.3     7   6.5 318 1019.8  16.8  17.3  15.1   MM   MM    MM
2026 08 31 00 10 230  2.0  3.0   1.3    MM   6.5 318 1019.9  16.8  17.3  15.1   MM   MM    MM
2026 08 31 00 00 220  2.0  3.0    MM    MM    MM  MM 1019.9  16.8  17.3  15.1   MM -1.3    MM
2026 08 30 23 50 220  2.0  3.0   1.3     7   6.4 312 1020.0  16.9  17.3  15.2   MM   MM    MM
2026 08 30 23 40 220  2.0  3.0   1.3    MM   6.4 312 1020.0  16.9  17.3  14.9   MM   MM    MM
2026 08 30 23 20 210  2.0  3.0   1.1     7   6.1 318 1020.2  16.9  17.2  15.0   MM   MM    MM
2026 08 30 23 10 210  2.0  3.0   1.1    MM   6.1 318 1020.3  17.0  17.3  15.1   MM   MM    MM
2026 08 30 23 00 220  2.0  3.0    MM    MM    MM  MM 1020.4  17.0  17.2  14.8   MM -1.4    MM
2026 08 30 22 50 240  2.0  3.0   1.3    17   6.8 206 1020.6  17.0  17.2  14.8   MM   MM    MM
2026 08 30 22 40 240  2.0  3.0   1.3    MM   6.8 206 1020.7  17.0  17.3  14.8   MM   MM    MM
2026 08 30 22 30 240  2.0  3.0    MM    MM    MM  MM 1020.7  17.0  17.3  14.9   MM   MM    MM
2026 08 30 22 20 230  2.0  3.0   1.3    17   6.7 201 1020.9  17.1  17.1  14.8   MM   MM    MM
2026 08 30 22 10 240  2.0  2.0   1.3    MM   6.7 201 1021.0  17.1  17.2  14.8   MM   MM    MM
2026 08 30 22 00 250  2.0  2.0    MM    MM    MM  MM 1021.2  17.2  17.2  14.9   MM -0.9    MM
2026 08 30 21 50 250  2.0  2.0   1.2    16   6.5 204 1021.2  17.1  17.1  14.8   MM   MM    MM
2026 08 30 21 40 250  2.0  2.0   1.2    MM   6.5 204 1021.3  17.1  17.1  14.9   MM   MM    MM
2026 08 30 21 30 260  2.0  2.0    MM    MM    MM  MM 1021.4  17.2  17.1  15.1   MM   MM    MM
2026 08 30 21 20 260  1.0  2.0   1.2    17   6.6 199 1021.4  17.2  17.1  15.1   MM   MM    MM
2026 08 30 21 10 270  1.0  2.0   1.2    MM   6.6 199 1021.4  17.0  17.0  15.0   MM   MM    MM
2026 08 30 21 00 280  2.0  2.0    MM    MM    MM  MM 1021.3  16.9  17.0  15.2   MM -0.8    MM
2026 08 30 20 50 270  2.0  3.0   1.2    17   6.7 225 1021.4  16.8  17.0  15.1   MM   MM    MM
2026 08 30 20 40 270  2.0  3.0   1.2    MM   6.7 225 1021.4  16.8  16.9  15.2   MM   MM    MM
2026 08 30 20 30 270  2.0  3.0    MM    MM    MM  MM 1021.5  16.7  16.9  15.2   MM   MM    MM
2026 08 30 20 20 270  2.0  3.0   1.2    17   6.4 221 1021.6  16.8  16.9  15.3   MM   MM    MM
2026 08 30 20 10 270  2.0  3.0   1.2    MM   6.4 221 1021.6  16.7  16.9  15.2   MM   MM    MM
2026 08 30 20 00 280  2.0  3.0    MM    MM    MM  MM 1021.7  16.7  16.9  15.2   MM +0.0    MM
2026 08 30 19 50 270  2.0  3.0   1.1    16   6.1 190 1021.8  16.7  16.9  15.3   MM   MM    MM
2026 08 30 19 40 290  3.0  3.0   1.1    MM   6.1 190 1021.8  16.6  16.9  15.3   MM   MM    MM
2026 08 30 19 30 290  3.0  3.0    MM    MM    MM  MM 1021.9  16.6  16.8  15.3   MM   MM    MM
2026 08 30 19 20 290  3.0  3.0   1.2    17   6.5 193 1022.0  16.6  16.8  15.3   MM   MM    MM
2026 08 30 19 10 290  3.0  3.0   1.2    MM   6.5 193 1022.0  16.6  16.8  15.3   MM   MM    MM
2026 08 30 19 00 290  3.0  4.0    MM    MM    MM  MM 1022.1    MM  16.8    MM   MM -0.0    MM
2026 08 30 18 50 280  3.0  3.0   1.2    17   6.3 179 1022.1  16.6  16.8  15.3   MM   MM    MM
2026 08 30 18 40 280  2.0  3.0   1.2    MM   6.3 179 1022.0  16.6  16.8  15.3   MM   MM    MM
2026 08 30 18 30 290  2.0  3.0    MM    MM    MM  MM 1022.0  16.5  16.8  15.1   MM   MM    MM
2026 08 30 18 20 290  3.0  3.0   1.2     7   5.9 314 1022.0  16.5  16.8  15.1   MM   MM    MM
2026 08 30 18 10 280  3.0  3.0   1.2    MM   5.9 314 1022.1  16.5  16.8  15.1   MM   MM    MM
2026 08 30 18 00 280  3.0  3.0    MM    MM    MM  MM 1022.1  16.5  16.8  15.1   MM +0.0    MM
2026 08 30 17 50 290  3.0  3.0   1.2     7   6.0 319 1022.2  16.5  16.8  15.1   MM   MM    MM
2026 08 30 17 40 290  3.0  3.0   1.2    MM   6.0 319 1022.1  16.5  16.8  15.1   MM   MM    MM
2026 08 30 17 30 290  2.0  3.0    MM    MM    MM  MM 1022.0  16.5  16.8  15.1   MM   MM    MM
2026 08 30 17 20 290  2.0  3.0   1.3    17   6.1 141 1021.9  16.5  16.8  15.1   MM   MM    MM
2026 08 30 17 10 290  2.0  3.0   1.3    MM   6.1 141 1021.9  16.4  16.8  15.0   MM   MM    MM
2026 08 30 17 00 290  2.0  3.0    MM    MM    MM  MM 1022.0  16.5  16.8  15.1   MM +0.0    MM
2026 08 30 16 50 280  2.0  3.0   1.3    17   6.4 227 1022.0  16.5  16.8  15.1   MM   MM    MM
2026 08 30 16 40 290  2.0  2.0   1.3    MM   6.4 227 1022.2  16.4  16.8  14.9   MM   MM    MM
2026 08 30 16 30 290  2.0  2.0    MM    MM    MM  MM 1022.2  16.4  16.8  15.0   MM   MM    MM
2026 08 30 16 20 300  2.0  2.0   1.2     8   5.8 325 1022.2  16.4  16.8  15.0   MM   MM    MM
2026 08 30 16 10 300  2.0  2.0   1.2    MM   5.8 325 1022.2  16.4  16.8  15.0   MM   MM    MM
2026 08 30 16 00 310  2.0  3.0    MM    MM    MM  MM 1022.3  16.4  16.8  15.0   MM +0.6    MM
2026 08 30 15 50 310  3.0  3.0   1.2    17   5.9 220 1022.3  16.4  16.8  15.0   MM   MM    MM
2026 08 30 15 40 320  3.0  3.0   1.2    MM   5.9 220 1022.3  16.4  16.8  15.1   MM   MM    MM
2026 08 30 15 30 310  2.0  3.0    MM    MM    MM  MM 1022.3  16.4  16.8  15.1   MM   MM    MM
2026 08 30 15 20 320  2.0  3.0   1.2     8   5.8 320 1022.2  16.4  16.8  15.1   MM   MM    MM
2026 08 30 15 10 320  3.0  4.0   1.2    MM   5.8 320 1022.1  16.4  16.8  15.0   MM   MM    MM
2026 08 30 15 00 320  3.0  4.0    MM    MM    MM  MM 1022.1  16.4  16.8  15.1   MM -0.0    MM
2026 08 30 14 50 320  3.0  4.0   1.3    17   5.8 190 1022.1  16.4  16.8  15.1   MM   MM    MM
2026 08 30 14 40 320  3.0  4.0   1.3    MM   5.8 190 1022.0  16.3  16.8  15.0   MM   MM    MM
2026 08 30 14 30 320  3.0  4.0    MM    MM    MM  MM 1021.9  16.4  16.8  15.1   MM   MM    MM
2026 08 30 14 20 320  4.0  4.0   1.2     7   5.7 319 1021.9  16.3  16.8  14.9   MM   MM    MM
2026 08 30 14 10 320  3.0  4.0   1.2    MM   5.7 319 1021.8  16.3  16.8  15.0   MM   MM    MM
2026 08 30 14 00 320  4.0  5.0    MM    MM    MM  MM 1021.9  16.3  16.8  14.9   MM +0.0    MM
2026 08 30 13 50 330  4.0  5.0   1.3    MM   5.8 166 1021.9    MM  16.8    MM   MM   MM    MM
2026 08 30 13 40 320  4.0  5.0   1.3    MM   5.8 166 1021.9  16.3  16.8  14.9   MM   MM    MM
2026 08 30 13 30 330  4.0  5.0    MM    MM    MM  MM 1021.8  16.3  16.8  15.1   MM   MM    MM
2026 08 30 13 20 330  4.0  5.0   1.3    17   6.0 300 1021.8  16.3  16.8  15.1   MM   MM    MM
2026 08 30 13 10 330  5.0  5.0   1.3    MM   6.0 300 1021.7  16.3  16.8  15.1   MM   MM    MM
2026 08 30 13 00 320  5.0  5.0    MM    MM    MM  MM 1021.7  16.3  16.8  15.0   MM -0.4    MM
2026 08 30 12 50 320  5.0  6.0   1.3    MM   5.6 336 1021.7    MM  16.8    MM   MM   MM    MM
2026 08 30 12 40 320  5.0  6.0   1.3    MM   5.6 336 1021.7  16.4  16.8  15.3   MM   MM    MM
2026 08 30 12 30 320  5.0  6.0    MM    MM    MM  MM 1021.9  16.4  16.8  15.3   MM   MM    MM
2026 08 30 12 20 320  5.0  6.0   1.3     8   5.6 321 1021.8  16.4  16.8  15.4   MM   MM    MM
2026 08 30 12 10 320  5.0  6.0   1.3    MM   5.6 321 1021.9  16.3  16.8  15.3   MM   MM    MM
2026 08 30 12 00 320  5.0  6.0    MM    MM    MM  MM 1021.9  16.4  16.8  15.4   MM -0.6    MM
2026 08 30 11 50 310  5.0  6.0   1.4    17   5.8 235 1021.8  16.4  16.8  15.4   MM   MM    MM
2026 08 30 11 40 310  6.0  7.0    MM    MM    MM  MM 1022.0  16.4  16.8  15.4   MM   MM    MM
2026 08 30 11 30 310  5.0  6.0    MM    MM    MM  MM 1022.0  16.3  16.8  15.5   MM   MM    MM
2026 08 30 11 20 300  5.0  6.0   1.4     7   5.9 315 1022.0  16.4  16.8  15.6   MM   MM    MM
2026 08 30 11 10 300  5.0  6.0   1.4    MM   5.9 315 1022.1  16.3  16.8  15.4   MM   MM    MM
2026 08 30 11 00 310  5.0  6.0    MM    MM    MM  MM 1022.1  16.4  16.8  15.4   MM -0.8    MM
2026 08 30 10 50 310  5.0  6.0   1.4     7   5.6 317 1022.0  16.4  16.8  15.3   MM   MM    MM
2026 08 30 10 40 320  5.0  6.0    MM    MM    MM  MM 1022.1  16.3  16.8  15.2   MM   MM    MM
2026 08 30 10 30 310  6.0  7.0    MM    MM    MM  MM 1022.1  16.2  16.8  15.2   MM   MM    MM
2026 08 30 10 20 310  6.0  7.0   1.4     7   5.6 318 1022.1  16.2  16.8  15.5   MM   MM    MM
2026 08 30 10 10 300  5.0  7.0   1.4    MM   5.6 318 1022.1  16.2  16.8  15.6   MM   MM    MM
2026 08 30 10 00 300  5.0  6.0    MM    MM    MM  MM 1022.1  16.1  16.8  15.7   MM -1.0    MM
2026 08 30 09 50 300  5.0  6.0   1.4     8   5.4 325 1022.2  16.0  16.8  15.7   MM   MM    MM
2026 08 30 09 40 280  6.0  9.0   1.4    MM   5.4 325 1022.3  15.9  16.8  15.6   MM   MM    MM
2026 08 30 09 30 260  7.0  8.0    MM    MM    MM  MM 1022.3  15.9  16.8  15.7   MM   MM    MM
2026 08 30 09 20 250  7.0  8.0   1.5     8   5.5 321 1022.4  15.7  16.8  15.5   MM   MM    MM
2026 08 30 09 10 260  7.0  8.0    MM    MM    MM  MM 1022.5  15.6  16.8  15.3   MM   MM    MM
2026 08 30 09 00 250  7.0  8.0    MM    MM    MM  MM 1022.6  15.6  16.8  15.3   MM -1.0    MM
2026 08 30 08 50 250  7.0  8.0   1.3     8   5.2 319 1022.6  15.5  16.8  15.2   MM   MM    MM
2026 08 30 08 40 250  7.0  8.0   1.3    MM   5.2 319 1022.6  15.4  16.8  15.1   MM   MM    MM
2026 08 30 08 30 260  7.0  8.0    MM    MM    MM  MM 1022.7  15.5  16.8  15.2   MM   MM    MM
2026 08 30 08 20 250  7.0  8.0   1.5     8   5.7 328 1022.8  15.4  16.8  15.0   MM   MM    MM
2026 08 30 08 10 260  7.0  8.0   1.5    MM   5.7 328 1022.8  15.4  16.8  14.9   MM   MM    MM
2026 08 30 08 00 260  7.0  8.0    MM    MM    MM  MM 1022.8  15.4  16.8  14.8   MM -0.9    MM
2026 08 30 07 50 260  7.0  8.0   1.4     8   5.6 329 1022.9  15.5  16.8  14.7   MM   MM    MM
2026 08 30 07 40 260  7.0  8.0   1.4    MM   5.6 329 1023.0  15.7  16.8  14.6   MM   MM    MM
2026 08 30 07 30 260  7.0  8.0    MM    MM    MM  MM 1023.0  15.7  16.8  14.5   MM   MM    MM
2026 08 30 07 20 260  6.0  7.0   1.4    19   5.6 187 1022.9  15.4  16.8  14.5   MM   MM    MM
2026 08 30 07 10 270  7.0  8.0   1.4    MM   5.6 187 1023.1  15.4  16.8  14.6   MM   MM    MM
2026 08 30 07 00 270  7.0  8.0    MM    MM    MM  MM 1023.1  15.4  16.8  14.6   MM -0.6    MM
2026 08 30 06 50 270  5.0  7.0   1.4     7   5.6 322 1023.1  15.3  16.9  14.7   MM   MM    MM
2026 08 30 06 40 270  6.0  7.0    MM    MM    MM  MM 1023.2  15.4  16.9  14.6   MM   MM    MM
2026 08 30 06 30 280  6.0  8.0    MM    MM    MM  MM 1023.4  15.7  16.9  14.5   MM   MM    MM
2026 08 30 06 20 280  6.0  7.0   1.4     8   5.4 325 1023.4  15.8  16.9  14.4   MM   MM    MM
2026 08 30 06 10 290  6.0  7.0   1.4    MM   5.4 325 1023.5  15.9  16.9  14.5   MM   MM    MM
2026 08 30 06 00 290  6.0  8.0    MM    MM    MM  MM 1023.6  16.0  16.9  14.6   MM +0.0    MM
2026 08 30 05 50 290  6.0  8.0   1.4     7   5.5 320 1023.6  16.3  16.9  14.6   MM   MM    MM
2026 08 30 05 40 280  6.0  7.0   1.4    MM   5.5 320 1023.6  16.4  16.9  14.4   MM   MM    MM
2026 08 30 05 30 280  5.0  7.0    MM    MM    MM  MM 1023.6  16.4  16.9  14.3   MM   MM    MM
2026 08 30 05 20 280  5.0  6.0   1.5     7   5.8 321 1023.6  16.4  16.9  14.2   MM   MM    MM
2026 08 30 05 10 290  5.0  6.0   1.5    MM   5.8 321 1023.7  16.4  16.9  14.0   MM   MM    MM
2026 08 30 05 00 290  5.0  7.0    MM    MM    MM  MM 1023.7  16.4  16.9  14.0   MM +0.0    MM
2026 08 30 04 50 290  5.0  6.0   1.5     7   5.5 328 1023.7  16.4  16.9  13.8   MM   MM    MM
2026 08 30 04 40 290  6.0  7.0   1.5    MM   5.5 328 1023.6  16.4  16.9  13.8   MM   MM    MM
2026 08 30 04 30 290  7.0  8.0    MM    MM    MM  MM 1023.6  16.4  16.9  13.9   MM   MM    MM
2026 08 30 04 20 300  6.0  8.0   1.5     7   5.8 314 1023.5  16.4    MM  13.9   MM   MM    MM
2026 08 30 04 10 290  6.0  7.0    MM    MM    MM  MM 1023.6  16.3  16.9  14.0   MM   MM    MM
2026 08 30 04 00 300  6.0  7.0    MM    MM    MM  MM 1023.6  16.3  16.9  13.8   MM +0.0    MM
2026 08 30 03 50 300  6.0  7.0   1.6     8   5.8 308 1023.6  16.3  16.9  13.6   MM   MM    MM
2026 08 30 03 40 300  6.0  7.0   1.6    MM   5.8 308 1023.6  16.3  16.9  13.5   MM   MM    MM
2026 08 30 03 30 300  6.0  7.0    MM    MM    MM  MM 1023.6  16.2  16.9  13.3   MM   MM    MM
2026 08 30 03 20 300  6.0  7.0   1.3     8   5.5 319 1023.7  16.3  16.9  13.7   MM   MM    MM
2026 08 30 03 10 300  6.0  7.0   1.3    MM   5.5 319 1023.7  16.3  16.9  13.5   MM   MM    MM
2026 08 30 03 00 300  7.0  8.0    MM    MM    MM  MM 1023.7  16.3  16.9  13.4   MM +0.0    MM
2026 08 30 02 50 300  6.0  8.0   1.6     8   5.9 314 1023.6    MM  16.9    MM   MM   MM    MM
2026 08 30 02 40 300  5.0  6.0    MM    MM    MM  MM 1023.6  16.4  16.9  13.2   MM   MM    MM
2026 08 30 02 30 300  6.0  7.0    MM    MM    MM  MM 1023.7  16.5  16.9  13.3   MM   MM    MM
2026 08 30 02 20 290  6.0  7.0   1.4    17   5.7 254 1023.7  16.5  16.9  13.2   MM   MM    MM
2026 08 30 02 10 300  5.0  7.0   1.4    MM   5.7 254 1023.7  16.5  16.9  13.3   MM   MM    MM
2026 08 30 02 00 300  6.0  7.0    MM    MM    MM  MM 1023.7  16.4  17.0  13.2   MM -0.5    MM
2026 08 30 01 50 300  6.0  7.0   1.6     8   5.9 319 1023.8  16.4  17.0  13.2   MM   MM    MM
2026 08 30 01 40 300  6.0  8.0   1.6    MM   5.9 319 1023.8  16.4  17.0  13.1   MM   MM    MM
2026 08 30 01 30 300  6.0  8.0    MM    MM    MM  MM 1023.8  16.5  17.0  13.4   MM   MM    MM
2026 08 30 01 20 300  7.0  8.0   1.5     8   5.7 313 1023.8  16.4  17.0  13.2   MM   MM    MM
2026 08 30 01 10 290  6.0  8.0   1.5    MM   5.7 313 1023.8  16.5  17.0  13.3   MM   MM    MM
2026 08 30 01 00 290  6.0  7.0    MM    MM    MM  MM 1023.8  16.5  17.0  13.4   MM -0.4    MM
2026 08 30 00 50 300  6.0  7.0   1.5     8   5.7 316 1023.8  16.4  17.0  13.3   MM   MM    MM
2026 08 30 00 40 290  6.0  7.0   1.5    MM   5.7 316 1023.7  16.5  17.0  13.4   MM   MM    MM
2026 08 30 00 30 300  6.0  8.0    MM    MM    MM  MM 1023.8  16.4  17.0  13.1   MM   MM    MM
2026 08 30 00 20 290  6.0  8.0   1.4     7   5.6 310 1024.0  16.4  17.0  13.1   MM   MM    MM
2026 08 30 00 10 290  6.0  7.0   1.4    MM   5.6 310 1023.9  16.4  17.0  13.0   MM   MM    MM
2026 08 30 00 00 290  6.0  7.0    MM    MM    MM  MM 1023.9  16.5  17.0  13.1   MM -0.4    MM
2026 08 29 23 50 290  6.0  7.0   1.5     8   5.6 312 1024.0    MM  17.0    MM   MM   MM    MM
2026 08 29 23 40 290  6.0  8.0    MM    MM    MM  MM 1024.0  16.4  17.0  13.0   MM   MM    MM
2026 08 29 23 20 300  6.0  7.0   1.4     8   5.4 324 1024.1  16.3  17.0  12.8   MM   MM    MM
2026 08 29 23 10 300  7.0  8.0   1.4    MM   5.4 324 1024.2  16.3  16.9  12.9   MM   MM    MM
2026 08 29 23 00 290  7.0  8.0    MM    MM    MM  MM 1024.2  16.3  17.0  13.0   MM +0.0    MM
2026 08 29 22 50 290  7.0  8.0   1.6     8   5.6 315 1024.2  16.3  16.9  12.8   MM   MM    MM
2026 08 29 22 40 290  6.0  8.0   1.6    MM   5.6 315 1024.2  16.3  16.9  12.8   MM   MM    MM
2026 08 29 22 30 300  6.0  8.0    MM    MM    MM  MM 1024.2  16.3  16.9  12.9   MM   MM    MM
2026 08 29 22 20 300  6.0  7.0   1.5     8   5.6 312 1024.3  16.3  16.9  12.9   MM   MM    MM
2026 08 29 22 10 300  6.0  8.0   1.5    MM   5.6 312 1024.2  16.3  16.9  12.7   MM   MM    MM
2026 08 29 22 00 300  6.0  7.0    MM    MM    MM  MM 1024.2  16.2  16.9  12.6   MM +0.0    MM
2026 08 29 21 50 300  6.0  7.0   1.5     8   5.8 301 1024.2  16.2  16.8  12.7   MM   MM    MM
2026 08 29 21 40 300  6.0  7.0   1.5    MM   5.8 301 1024.2  16.2  16.9  12.9   MM   MM    MM
2026 08 29 21 30 300  6.0  7.0    MM    MM    MM  MM 1024.2  16.2  16.8  13.1   MM   MM    MM
2026 08 29 21 20 300  6.0  7.0   1.4     8   5.6 311 1024.1  16.2  16.8  13.2   MM   MM    MM
2026 08 29 21 10 300  6.0  7.0   1.4    MM   5.6 311 1024.1  16.1  16.8  13.0   MM   MM    MM
2026 08 29 21 00 310  6.0  7.0    MM    MM    MM  MM 1024.2  16.2  16.8  13.3   MM +0.0    MM
2026 08 29 20 50 310  6.0  8.0   1.6     8   5.9 314 1024.2  16.2  16.8  13.2   MM   MM    MM
2026 08 29 20 40 310  6.0  7.0   1.6    MM   5.9 314 1024.3  16.1  16.8  13.2   MM   MM    MM
2026 08 29 20 30 320  6.0  7.0    MM    MM    MM  MM 1024.3  16.2  16.8  13.4   MM   MM    MM
2026 08 29 20 20 310  6.0  7.0   1.5     8   5.5 313 1024.3  16.2  16.8  13.5   MM   MM    MM
2026 08 29 20 10 320  6.0  8.0   1.5    MM   5.5 313 1024.3  16.2  16.7  13.5   MM   MM    MM
2026 08 29 20 00 310  6.0  8.0    MM    MM    MM  MM 1024.4  16.2  16.7  13.5   MM +0.3    MM
2026 08 29 19 50 320  6.0  8.0   1.5     7   5.4 322 1024.4  16.2  16.7  13.5   MM   MM    MM
2026 08 29 19 40 320  6.0  7.0   1.5    MM   5.4 322 1024.4  16.1  16.7  13.5   MM   MM    MM
2026 08 29 19 30 320  7.0  8.0    MM    MM    MM  MM 1024.4  16.2  16.7  13.6   MM   MM    MM
2026 08 29 19 20 320  6.0  8.0   1.5     8   5.4 306 1024.4  16.2  16.7  13.8   MM   MM    MM
2026 08 29 19 10 320  6.0  7.0   1.5    MM   5.4 306 1024.3  16.2  16.7  13.9   MM   MM    MM
2026 08 29 19 00 320  6.0  8.0    MM    MM    MM  MM 1024.5  16.3  16.7  13.6   MM +0.4    MM
2026 08 29 18 50 320  7.0  8.0   1.5     7   5.4 320 1024.3  16.2    MM  13.5   MM   MM    MM
2026 08 29 18 40 320  7.0  9.0   1.5    MM   5.4 320 1024.4  16.2  16.7  13.9   MM   MM    MM
2026 08 29 18 30 310  6.0  8.0    MM    MM    MM  MM 1024.5  16.2  16.7  14.0   MM   MM    MM
2026 08 29 18 20 310  7.0  8.0   1.4     8   5.3 320 1024.4  16.1  16.7  13.7   MM   MM    MM
2026 08 29 18 10 310  7.0  8.0   1.4    MM   5.3 320 1024.3  16.1  16.7  13.8   MM   MM    MM
2026 08 29 18 00 310  7.0  8.0    MM    MM    MM  MM 1024.2  16.1  16.7  13.7   MM +0.6    MM
2026 08 29 17 50 310  6.0  8.0   1.5     8   5.5 318 1024.2  16.1  16.7  13.8   MM   MM    MM
2026 08 29 17 40 310  6.0  8.0   1.5    MM   5.5 318 1024.2  16.1  16.7  13.8   MM   MM    MM
2026 08 29 17 30 310  6.0  8.0    MM    MM    MM  MM 1024.2  16.1  16.7  13.7   MM   MM    MM
2026 08 29 17 20 310  7.0  8.0   1.5     7   5.4 316 1024.2  16.0  16.7  13.5   MM   MM    MM
2026 08 29 17 10 310  7.0  8.0   1.5    MM   5.4 316 1024.1  16.1  16.6  13.5   MM   MM    MM
2026 08 29 17 00 310  7.0  8.0    MM    MM    MM  MM 1024.1  16.1  16.6  13.6   MM +0.7    MM
2026 08 29 16 50 310  6.0  8.0   1.5     8   5.4 310 1024.1  16.1  16.6  13.7   MM   MM    MM
2026 08 29 16 40 320  6.0  7.0   1.5    MM   5.4 310 1024.1  16.1  16.6  13.7   MM   MM    MM
2026 08 29 16 30 320  6.0  8.0    MM    MM    MM  MM 1024.2  16.1  16.6  13.7   MM   MM    MM
2026 08 29 16 20 320  6.0  8.0   1.6     8   5.4 309 1024.2  16.1    MM  13.7   MM   MM    MM
2026 08 29 16 10 320  6.0  8.0   1.6    MM   5.4 309 1024.1  16.1  16.6  13.9   MM   MM    MM
2026 08 29 16 00 320  6.0  8.0    MM    MM    MM  MM 1024.0  16.1  16.6  13.8   MM +1.0    MM
2026 08 29 15 50 320  7.0  8.0   1.5     7   5.3 309 1023.9  16.1  16.6  13.8   MM   MM    MM
2026 08 29 15 40 310  7.0  8.0   1.5    MM   5.3 309 1023.7  16.0  16.6  13.8   MM   MM    MM
2026 08 29 15 30 310  6.0  7.0    MM    MM    MM  MM 1023.7  16.0  16.6  13.9   MM   MM    MM
2026 08 29 15 20 310  6.0  7.0   1.5     7   5.4 315 1023.7  16.0  16.6  13.8   MM   MM    MM
2026 08 29 15 10 310  6.0  7.0   1.5    MM   5.4 315 1023.6  16.0  16.6  13.7   MM   MM    MM
2026 08 29 15 00 320  6.0  7.0    MM    MM    MM  MM 1023.6  16.0  16.6  13.7   MM +0.7    MM
2026 08 29 14 50 320  6.0  7.0   1.5     6   5.4 321 1023.6  16.0  16.7  13.7   MM   MM    MM
2026 08 29 14 40 320  6.0  7.0    MM    MM    MM  MM 1023.6  16.0  16.7  13.9   MM   MM    MM
2026 08 29 14 30 320  7.0  8.0    MM    MM    MM  MM 1023.6  16.0  16.7  13.8   MM   MM    MM
2026 08 29 14 20 320  6.0  8.0   1.6     7   5.4 303 1023.6  15.9  16.7  13.7   MM   MM    MM
2026 08 29 14 10 320  7.0  8.0   1.6    MM   5.4 303 1023.5  15.9  16.7  13.6   MM   MM    MM
2026 08 29 14 00 320  7.0  8.0    MM    MM    MM  MM 1023.4  15.9  16.7  13.6   MM +0.5    MM
2026 08 29 13 50 320  7.0  8.0   1.5     6   5.4 317 1023.3  15.9    MM  13.7   MM   MM    MM
2026 08 29 13 40 320  7.0  8.0   1.5    MM   5.4 317 1023.2  15.9  16.7  13.7   MM   MM    MM
2026 08 29 13 30 320  7.0  8.0    MM    MM    MM  MM 1023.1  15.9  16.7  13.7   MM   MM    MM
2026 08 29 13 20 320  6.0  7.0   1.6     7   5.3 310 1023.1  16.0  16.7  13.8   MM   MM    MM
2026 08 29 13 10 320  7.0  8.0   1.6    MM   5.3 310 1023.1  16.0  16.7  13.8   MM   MM    MM
2026 08 29 13 00 330  7.0  8.0    MM    MM    MM  MM 1023.0  16.0  16.7  13.8   MM +0.0    MM
2026 08 29 12 50 330  6.0  8.0   1.6     7   5.6 302 1022.9  16.0    MM  13.8   MM   MM    MM
2026 08 29 12 40 330  6.0  7.0   1.6    MM   5.6 302 1023.0  16.0  16.7  13.8   MM   MM    MM
2026 08 29 12 30 330  6.0  8.0    MM    MM    MM  MM 1022.9  16.0  16.7  13.7   MM   MM    MM
2026 08 29 12 20 330  6.0  8.0   1.6     7   5.6 306 1022.8  16.0  16.7  13.9   MM   MM    MM
2026 08 29 12 10 330  7.0  8.0   1.6    MM   5.6 306 1022.8  16.0  16.7  13.8   MM   MM    MM
2026 08 29 12 00 330  6.0  7.0    MM    MM    MM  MM 1022.9  16.0  16.7  13.9   MM +0.0    MM
2026 08 29 11 50 330  6.0  8.0   1.6     7   5.5 297 1022.9  16.0  16.7  14.0   MM   MM    MM
2026 08 29 11 40 330  6.0  8.0   1.6    MM   5.5 297 1022.9  16.1  16.7  13.9   MM   MM    MM
2026 08 29 11 30 330  7.0  8.0    MM    MM    MM  MM 1022.8  16.0  16.7  13.6   MM   MM    MM
2026 08 29 11 20 330  7.0  8.0   1.5     8   5.5 296 1022.8  16.0  16.8  13.8   MM   MM    MM
2026 08 29 11 10 330  7.0  9.0   1.5    MM   5.5 296 1022.8  16.0  16.7  13.6   MM   MM    MM
2026 08 29 11 00 330  8.0  9.0    MM    MM    MM  MM 1022.8  16.0  16.8  13.6   MM +0.0    MM
2026 08 29 10 50 320  7.0  8.0   1.5     8   5.4 309 1022.8  16.0  16.8  13.8   MM   MM    MM
2026 08 29 10 40 330  7.0  8.0   1.5    MM   5.4 309 1022.8  16.0  16.7  13.8   MM   MM    MM
2026 08 29 10 30 330  7.0  8.0    MM    MM    MM  MM 1022.8  16.1  16.8  13.8   MM   MM    MM
2026 08 29 10 20 330  7.0  8.0   1.5     7   5.3 294 1022.8  16.1  16.8  13.7   MM   MM    MM
2026 08 29 10 10 320  8.0  9.0   1.5    MM   5.3 294 1022.8  16.1  16.8  13.8   MM   MM    MM
2026 08 29 10 00 320  8.0  9.0    MM    MM    MM  MM 1022.8  16.1  16.8  13.8   MM +0.0    MM
2026 08 29 09 50 320  7.0  9.0   1.5     8   5.4 302 1022.8  16.1  16.8  13.9   MM   MM    MM
2026 08 29 09 40 320  7.0  8.0   1.5    MM   5.4 302 1022.7  16.1  16.7  14.0   MM   MM    MM
2026 08 29 09 30 320  7.0  8.0    MM    MM    MM  MM 1022.7  16.1  16.7  13.9   MM   MM    MM
2026 08 29 09 20 320  7.0  9.0   1.5     8   5.5 295 1022.8  16.1  16.7  13.9   MM   MM    MM
2026 08 29 09 10 320  7.0  9.0    MM    MM    MM  MM 1022.7  16.0  16.7  13.7   MM   MM    MM
2026 08 29 09 00 320  7.0  9.0    MM    MM    MM  MM 1022.7  16.0  16.7  13.7   MM +0.0    MM
2026 08 29 08 50 330  7.0  9.0   1.5     8   5.4 300 1022.7  16.0  16.7  13.6   MM   MM    MM
2026 08 29 08 40 330  7.0  8.0    MM    MM    MM  MM 1022.8  16.1  16.7  13.7   MM   MM    MM
2026 08 29 08 30 330  7.0  9.0    MM    MM    MM  MM 1022.8  16.1  16.7  13.4   MM   MM    MM
2026 08 29 08 20 330  7.0  9.0   1.5     7   5.5 310 1022.8  16.1  16.8  13.6   MM   MM    MM
2026 08 29 08 10 330  7.0  8.0    MM    MM    MM  MM 1022.7  16.1  16.8  13.6   MM   MM    MM
2026 08 29 08 00 320  8.0  9.0    MM    MM    MM  MM 1022.8  16.1  16.8  13.4   MM +0.4    MM
2026 08 29 07 50 330  7.0  9.0   1.5     8   5.4 297 1022.8  16.1  16.8  13.4   MM   MM    MM
2026 08 29 07 40 330  7.0  9.0    MM    MM    MM  MM 1022.7  16.1    MM  13.6   MM   MM    MM
2026 08 29 07 30 330  7.0  9.0    MM    MM    MM  MM 1022.6  16.1  16.8  13.4   MM   MM    MM
2026 08 29 07 20 330  8.0  9.0   1.4     8   5.4 298 1022.6  16.1    MM  13.4   MM   MM    MM
2026 08 29 07 10 320  8.0  9.0   1.4    MM   5.4 298 1022.6  16.2    MM  13.7   MM   MM    MM
2026 08 29 07 00 330  7.0  9.0    MM    MM    MM  MM 1022.6  16.2    MM  13.6   MM +0.7    MM
2026 08 29 06 50 330  7.0  8.0   1.3     8   5.3 300 1022.7  16.2  16.7  13.6   MM   MM    MM
2026 08 29 06 40 330  7.0  9.0   1.3    MM   5.3 300 1022.6  16.2  16.7  13.7   MM   MM    MM
2026 08 29 06 30 330  7.0  9.0    MM    MM    MM  MM 1022.7  16.2  16.7  13.6   MM   MM    MM
2026 08 29 06 20 330  7.0  9.0   1.4     8   5.4 304 1022.7  16.2  16.7  13.9   MM   MM    MM
2026 08 29 06 10 330  6.0  7.0   1.4    MM   5.4 304 1022.6  16.3  16.7  14.0   MM   MM    MM
2026 08 29 06 00 320  7.0  8.0    MM    MM    MM  MM 1022.6  16.2  16.7  13.8   MM +0.8    MM
2026 08 29 05 50 330  7.0  8.0   1.4     8   5.3 297 1022.6  16.2  16.8  13.9   MM   MM    MM
2026 08 29 05 40 330  7.0  8.0   1.4    MM   5.3 297 1022.5  16.2  16.8  13.8   MM   MM    MM
2026 08 29 05 30 330  7.0  9.0    MM    MM    MM  MM 1022.5  16.2  16.8  13.9   MM   MM    MM
2026 08 29 05 20 330  7.0  9.0   1.4     8   5.3 302 1022.4  16.2  16.8  13.8   MM   MM    MM
2026 08 29 05 10 330  7.0  9.0   1.4    MM   5.3 302 1022.5  16.3  16.8  13.9   MM   MM    MM
2026 08 29 05 00 330  7.0  8.0    MM    MM    MM  MM 1022.3  16.3  16.8  14.0   MM +0.6    MM
2026 08 29 04 50 340  7.0  9.0   1.4     8   5.1 302 1022.3  16.3  16.8  13.9   MM   MM    MM
2026 08 29 04 40 330  7.0  8.0   1.4    MM   5.1 302 1022.3  16.3  16.8  14.0   MM   MM    MM
2026 08 29 04 30 330  7.0  8.0    MM    MM    MM  MM 1022.2  16.4  16.8  14.0   MM   MM    MM
2026 08 29 04 20 330  7.0  8.0   1.4    13   5.3 174 1022.1  16.4  16.8  13.8   MM   MM    MM
2026 08 29 04 10 330  6.0  8.0   1.4    MM   5.3 174 1022.1  16.3  16.7  14.0   MM   MM    MM
2026 08 29 04 00 330  6.0  8.0    MM    MM    MM  MM 1022.1  16.3  16.8  14.0   MM +0.6    MM
2026 08 29 03 50 330  6.0  8.0   1.4     8   5.3 297 1021.8  16.4  16.8  14.1   MM   MM    MM
2026 08 29 03 40 340  7.0  8.0   1.4    MM   5.3 297 1021.8  16.4  16.7  14.1   MM   MM    MM
2026 08 29 03 30 330  6.0  8.0    MM    MM    MM  MM 1021.7  16.4  16.8  14.5   MM   MM    MM
2026 08 29 03 20 330  6.0  7.0   1.3     6   5.0 307 1021.8  16.4  16.8  14.3   MM   MM    MM
2026 08 29 03 10 330  7.0  8.0   1.3    MM   5.0 307 1021.8  16.4  16.8  14.0   MM   MM    MM
2026 08 29 03 00 330  7.0  8.0    MM    MM    MM  MM 1021.7  16.5  16.8  13.9   MM +0.4    MM
2026 08 29 02 50 330  7.0  8.0   1.4    11   5.2 193 1021.8  16.5  16.8  14.2   MM   MM    MM
2026 08 29 02 40 330  7.0  8.0   1.4    MM   5.2 193 1021.7  16.5  16.8  14.1   MM   MM    MM
2026 08 29 02 30 330  7.0  8.0    MM    MM    MM  MM 1021.7  16.5  16.8  14.3   MM   MM    MM
2026 08 29 02 20 330  7.0  9.0   1.4    12   5.0 139 1021.8  16.6  16.8  14.4   MM   MM    MM
2026 08 29 02 10 330  7.0  9.0   1.4    MM   5.0 139 1021.8  16.6  16.8  14.5   MM   MM    MM
2026 08 29 02 00 330  8.0  9.0    MM    MM    MM  MM 1021.7  16.6  16.8  14.5   MM +0.3    MM
2026 08 29 01 50 330  8.0  9.0   1.3     5   4.8 318 1021.7  16.6  16.8  14.7   MM   MM    MM
2026 08 29 01 40 330  7.0  9.0   1.3    MM   4.8 318 1021.7  16.7  16.8  15.0   MM   MM    MM
2026 08 29 01 30 330  7.0  8.0    MM    MM    MM  MM 1021.5  16.7  16.8  14.9   MM   MM    MM
2026 08 29 01 20 330  7.0  8.0   1.3    12   4.9 157 1021.5  16.6  16.8  14.9   MM   MM    MM
2026 08 29 01 10 340  7.0  8.0    MM    MM    MM  MM 1021.5  16.6  16.8  14.9   MM   MM    MM
2026 08 29 01 00 340  7.0  9.0    MM    MM    MM  MM 1021.5  16.6  16.8  14.8   MM +0.0    MM
2026 08 29 00 50 340  8.0  9.0   1.3    13   5.1 354 1021.5  16.6  16.8  14.9   MM   MM    MM
2026 08 29 00 40 340  7.0  9.0   1.3    MM   5.1 354 1021.5  16.6  16.9  14.8   MM   MM    MM
2026 08 29 00 30 330  7.0  9.0    MM    MM    MM  MM 1021.5  16.6  16.9  15.1   MM   MM    MM
2026 08 29 00 20 330  7.0  8.0   1.3    12   5.2 142 1021.4  16.7  16.9  15.2   MM   MM    MM
2026 08 29 00 10 320  7.0  9.0   1.3    MM   5.2 142 1021.4  16.7  16.9  15.1   MM   MM    MM
2026 08 29 00 00 320  7.0  9.0    MM    MM    MM  MM 1021.4  16.6  16.9  15.0   MM +0.0    MM
2026 08 28 23 50 330  7.0  8.0   1.3    13   5.1 169 1021.4    MM  16.9    MM   MM   MM    MM
2026 08 28 23 40 320  7.0  8.0    MM    MM    MM  MM 1021.5  16.6  16.9  15.0   MM   MM    MM
2026 08 28 23 30 320  7.0  8.0    MM    MM    MM  MM 1021.5  16.6  16.9  14.9   MM   MM    MM
2026 08 28 23 20 320  7.0  8.0   1.2    12   5.1 183 1021.5  16.6    MM  15.0   MM   MM    MM
2026 08 28 23 10 320  7.0  8.0   1.2    MM   5.1 183 1021.5  16.6  16.9  15.1   MM   MM    MM
2026 08 28 23 00 320  7.0  8.0    MM    MM    MM  MM 1021.6  16.6  16.9  15.1   MM +0.0    MM
2026 08 28 22 50 320  7.0  9.0   1.3    13   5.1 160 1021.6  16.5  16.9  14.9   MM   MM    MM
2026 08 28 22 40 320  7.0  8.0   1.3    MM   5.1 160 1021.6  16.6  16.9  14.9   MM   MM    MM
2026 08 28 22 30 320  7.0  8.0    MM    MM    MM  MM 1021.5  16.6  16.9  15.0   MM   MM    MM
2026 08 28 22 20 320  7.0  8.0   1.2    13   5.3 182 1021.5  16.5  16.9  14.9   MM   MM    MM
2026 08 28 22 10 310  7.0  8.0   1.2    MM   5.3 182 1021.4  16.6  16.9  15.2   MM   MM    MM
2026 08 28 22 00 320  6.0  8.0    MM    MM    MM  MM 1021.4  16.6  16.9  14.9   MM +0.0    MM
2026 08 28 21 50 320  7.0  8.0   1.2    13   5.2 168 1021.4  16.6  16.9  14.9   MM   MM    MM
2026 08 28 21 40 320  7.0  8.0   1.2    MM   5.2 168 1021.3  16.6  16.9  15.0   MM   MM    MM
2026 08 28 21 30 320  7.0  8.0    MM    MM    MM  MM 1021.3  16.6  16.9  15.0   MM   MM    MM
2026 08 28 21 20 320  7.0  8.0   1.2    14   5.1 208 1021.4  16.6  16.9  15.0   MM   MM    MM
2026 08 28 21 10 310  7.0  8.0   1.2    MM   5.1 208 1021.5  16.6  16.9  15.1   MM   MM    MM
2026 08 28 21 00 320  7.0  8.0    MM    MM    MM  MM 1021.4  16.6  16.8  15.2   MM +0.0    MM
2026 08 28 20 50 320  7.0  8.0   1.2    14   5.4 227 1021.5  16.6  16.8  15.2   MM   MM    MM
2026 08 28 20 40 320  7.0  9.0   1.2    MM   5.4 227 1021.6  16.6  16.8  15.2   MM   MM    MM
2026 08 28 20 30 330  6.0  7.0    MM    MM    MM  MM 1021.5  16.6  16.8  15.1   MM   MM    MM
2026 08 28 20 20 330  6.0  7.0   1.2    13   5.2 192 1021.6  16.6  16.8  15.1   MM   MM    MM
2026 08 28 20 10 320  7.0  8.0   1.2    MM   5.2 192 1021.5  16.5  16.8  15.0   MM   MM    MM
2026 08 28 20 00 320  7.0  8.0    MM    MM    MM  MM 1021.5  16.5  16.8  15.1   MM +0.5    MM
2026 08 28 19 50 320  6.0  7.0   1.0    14   5.2 187 1021.5  16.5  16.8  15.1   MM   MM    MM
2026 08 28 19 40 330  6.0  7.0   1.0    MM   5.2 187 1021.5  16.5  16.8  15.1   MM   MM    MM
2026 08 28 19 30 330  6.0  7.0    MM    MM    MM  MM 1021.5  16.5  16.8  15.1   MM   MM    MM
2026 08 28 19 20 330  6.0  8.0   1.1    13   5.5 156 1021.6  16.5  16.8  15.1   MM   MM    MM
2026 08 28 19 10 320  7.0  8.0   1.1    MM   5.5 156 1021.6  16.4  16.8  15.0   MM   MM    MM
2026 08 28 19 00 320  7.0  8.0    MM    MM    MM  MM 1021.6  16.4  16.8  15.0   MM +0.5    MM
2026 08 28 18 50 320  6.0  8.0   1.0    14   6.0 245 1021.5  16.4  16.8  15.1   MM   MM    MM
2026 08 28 18 40 320  6.0  7.0   1.0    MM   6.0 245 1021.5  16.2  16.8  15.2   MM   MM    MM
2026 08 28 18 30 320  4.0  4.0    MM    MM    MM  MM 1021.5  16.1  16.8  15.6   MM   MM    MM
2026 08 28 18 20 320  4.0  5.0   1.1    14   5.8 142 1021.4  16.0    MM  15.5   MM   MM    MM
2026 08 28 18 10 330  4.0  5.0   1.1    MM   5.8 142 1021.4  15.8  16.8  15.3   MM   MM    MM
2026 08 28 18 00 340  5.0  5.0    MM    MM    MM  MM 1021.2  15.7  16.8  15.2   MM +0.5    MM
2026 08 28 17 50 340  5.0  6.0   1.1    13   5.9 156 1021.3  15.6  16.8  15.1   MM   MM    MM
2026 08 28 17 40 350  6.0  8.0   1.1    MM   5.9 156 1021.3  15.5  16.8  15.0   MM   MM    MM
2026 08 28 17 30 340  8.0 10.0    MM    MM    MM  MM 1021.1  15.5  16.7  15.0   MM   MM    MM
2026 08 28 17 20 330  8.0 12.0   1.0    13   6.4 177 1021.0  15.4  16.7  15.0   MM   MM    MM
2026 08 28 17 10 320  7.0  8.0   1.0    MM   6.4 177 1021.0  15.7  16.7  15.4   MM   MM    MM
2026 08 28 17 00 320  5.0  7.0    MM    MM    MM  MM 1021.0  15.9  16.7  15.6   MM +0.7    MM
2026 08 28 16 50 320  5.0  6.0   1.0    13   6.7 140 1021.0  16.0  16.7  15.7   MM   MM    MM
2026 08 28 16 40 300  4.0  6.0    MM    MM    MM  MM 1021.0  16.3  16.7  15.8   MM   MM    MM
2026 08 28 16 30 300  2.0  4.0    MM    MM    MM  MM 1021.0  16.5  16.7  15.7   MM   MM    MM
2026 08 28 16 20 300  2.0  3.0   0.9    14   6.2 191 1021.0  16.6  16.7  15.7   MM   MM    MM
2026 08 28 16 10 310  2.0  3.0   0.9    MM   6.2 191 1021.0  16.5  16.7  15.6   MM   MM    MM
2026 08 28 16 00 310  2.0  3.0    MM    MM    MM  MM 1021.1  16.5  16.7  15.6   MM +1.1    MM
2026 08 28 15 50 310  2.0  3.0   1.1    14   7.0 166 1021.0  16.5  16.7  15.6   MM   MM    MM
2026 08 28 15 40 310  3.0  3.0    MM    MM    MM  MM 1020.9  16.5  16.7  15.6   MM   MM    MM
2026 08 28 15 30 310  3.0  4.0    MM    MM    MM  MM 1020.9  16.5  16.7  15.6   MM   MM    MM
2026 08 28 15 20 310  3.0  4.0   1.1    14   7.2 160 1020.8  16.4  16.7  15.5   MM   MM    MM
2026 08 28 15 10 310  3.0  4.0   1.1    MM   7.2 160 1020.8  16.4  16.7  15.5   MM   MM    MM
2026 08 28 15 00 310  3.0  4.0    MM    MM    MM  MM 1020.8  16.4  16.7  15.5   MM +0.8    MM
2026 08 28 14 50 310  3.0  3.0   1.1    14   7.1 175 1020.7  16.5  16.7  15.6   MM   MM    MM
2026 08 28 14 40 310  3.0  4.0    MM    MM    MM  MM 1020.6  16.4  16.7  15.4   MM   MM    MM
2026 08 28 14 30 310  3.0  4.0    MM    MM    MM  MM 1020.5  16.4  16.7  15.4   MM   MM    MM
2026 08 28 14 20 310  3.0  4.0   0.9    13   6.8 159 1020.4  16.3  16.7  15.2   MM   MM    MM
2026 08 28 14 10 300  3.0  4.0   0.9    MM   6.8 159 1020.4  16.3  16.7  15.3   MM   MM    MM
2026 08 28 14 00 310  3.0  4.0    MM    MM    MM  MM 1020.3  16.3  16.7  15.3   MM +0.4    MM
2026 08 28 13 50 300  3.0  4.0   1.1    14   7.1 163 1020.3    MM  16.7    MM   MM   MM    MM
2026 08 28 13 40 300  3.0  4.0    MM    MM    MM  MM 1020.2  16.2  16.7  15.3   MM   MM    MM
2026 08 28 13 30 300  3.0  4.0    MM    MM    MM  MM 1020.2  16.2  16.7  15.3   MM   MM    MM
2026 08 28 13 20 310  3.0  4.0   1.0    14   6.6 151 1020.1  16.2  16.7  15.3   MM   MM    MM
2026 08 28 13 10 320  3.0  4.0    MM    MM    MM  MM 1020.1  16.1  16.7  15.2   MM   MM    MM
2026 08 28 13 00 320  3.0  4.0    MM    MM    MM  MM 1020.0  16.2  16.7  15.3   MM +0.0    MM
2026 08 28 12 50 310  3.0  4.0   1.1    13   6.3 167 1020.0  16.1  16.7  15.2   MM   MM    MM
2026 08 28 12 40 310  3.0  4.0   1.1    MM   6.3 167 1020.1  16.1    MM  15.2   MM   MM    MM
2026 08 28 12 30 320  3.0  4.0    MM    MM    MM  MM 1020.0  16.1  16.7  15.2   MM   MM    MM
2026 08 28 12 20 310  3.0  4.0   1.1    14   6.3 206 1020.0  16.1  16.7  15.2   MM   MM    MM
2026 08 28 12 10 310  3.0  4.0   1.1    MM   6.3 206 1019.9  16.2  16.8  15.3   MM   MM    MM
2026 08 28 12 00 320  3.0  4.0    MM    MM    MM  MM 1020.0  16.2  16.8  15.3   MM +0.0    MM
2026 08 28 11 50 320  3.0  3.0   1.0    14   5.9 154 1019.9  16.1  16.8  15.2   MM   MM    MM
2026 08 28 11 40 310  3.0  4.0   1.0    MM   5.9 154 1019.8  16.2  16.8  15.3   MM   MM    MM
2026 08 28 11 30 310  4.0  4.0    MM    MM    MM  MM 1019.9  16.2  16.8  15.3   MM   MM    MM
2026 08 28 11 20 310  4.0  4.0   1.1    14   6.0 112 1019.9  16.2  16.8  15.3   MM   MM    MM
2026 08 28 11 10 310  3.0  4.0    MM    MM    MM  MM 1019.9  16.2  16.8  15.3   MM   MM    MM
2026 08 28 11 00 310  4.0  4.0    MM    MM    MM  MM 1019.9  16.2  16.8  15.3   MM +0.0    MM
2026 08 28 10 50 320  4.0  5.0   1.1    15   6.3 141 1020.0  16.2  16.8  15.3   MM   MM    MM
2026 08 28 10 40 320  4.0  5.0   1.1    MM   6.3 141 1020.0  16.3  16.8  15.4   MM   MM    MM
2026 08 28 10 30 310  4.0  5.0    MM    MM    MM  MM 1020.1  16.3  16.8  15.3   MM   MM    MM
2026 08 28 10 20 300  4.0  5.0   1.2    14   6.4 187 1020.0  16.3  16.8  15.2   MM   MM    MM
2026 08 28 10 10 300  4.0  5.0   1.2    MM   6.4 187 1020.1  16.3  16.8  15.1   MM   MM    MM
2026 08 28 10 00 300  4.0  5.0    MM    MM    MM  MM 1020.1  16.3  16.8  15.1   MM +0.0    MM
2026 08 28 09 50 290  4.0  4.0   1.1    14   6.1 346 1020.1  16.3  16.8  15.1   MM   MM    MM
2026 08 28 09 40 290  4.0  5.0    MM    MM    MM  MM 1020.0  16.4  16.8  15.1   MM   MM    MM
2026 08 28 09 30 290  4.0  5.0    MM    MM    MM  MM 1020.0  16.4  16.8  15.0   MM   MM    MM
2026 08 28 09 20 280  3.0  4.0   1.1    13   5.8 156 1020.0  16.5  16.9  15.1   MM   MM    MM
2026 08 28 09 10 290  4.0  4.0    MM    MM    MM  MM 1020.0  16.4  16.9  14.9   MM   MM    MM
2026 08 28 09 00 290  4.0  4.0    MM    MM    MM  MM 1020.0  16.4  16.9  15.1   MM +0.0    MM
2026 08 28 08 50 290  4.0  5.0   1.2    14   6.1 170 1020.0  16.3  16.9  15.2   MM   MM    MM
2026 08 28 08 40 280  3.0  4.0   1.2    MM   6.1 170 1020.0  16.3  16.9  15.7   MM   MM    MM
2026 08 28 08 30 280  4.0  5.0    MM    MM    MM  MM 1020.1  16.3  16.9  15.6   MM   MM    MM
2026 08 28 08 20 290  3.0  4.0   1.2    14   5.9 194 1020.0  16.3  16.9  15.6   MM   MM    MM
2026 08 28 08 10 270  4.0  4.0    MM    MM    MM  MM 1020.0  16.2  16.9  15.6   MM   MM    MM
2026 08 28 08 00 270  4.0  5.0    MM    MM    MM  MM 1020.1  16.4  16.9  15.7   MM +0.0    MM
2026 08 28 07 50 280  4.0  4.0   1.2    14   6.1 190 1020.1  16.5  16.9  15.6   MM   MM    MM
2026 08 28 07 40 280  4.0  4.0   1.2    MM   6.1 190 1020.2  16.5  17.0  15.6   MM   MM    MM
2026 08 28 07 30 290  4.0  5.0    MM    MM    MM  MM 1020.1  16.5  17.0  15.6   MM   MM    MM
2026 08 28 07 20 300  4.0  5.0   1.1    15   5.5 162 1020.0  16.6  17.0  15.6   MM   MM    MM
2026 08 28 07 10 300  4.0  5.0   1.1    MM   5.5 162 1020.1  16.5  17.0  15.5   MM   MM    MM
2026 08 28 07 00 300  3.0  4.0    MM    MM    MM  MM 1020.1  16.4  17.0  15.5   MM +0.5    MM
2026 08 28 06 50 290  5.0  7.0   1.2    14   5.6 207 1020.0  16.2  17.0  15.3   MM   MM    MM
2026 08 28 06 40 290  5.0  7.0   1.2    MM   5.6 207 1020.1  16.5  17.0  15.8   MM   MM    MM
2026 08 28 06 30 290  4.0  5.0    MM    MM    MM  MM 1020.1  16.5  17.0  15.8   MM   MM    MM
2026 08 28 06 20 300  5.0  5.0   1.2    14   5.9 206 1020.2  16.5  17.0  15.8   MM   MM    MM
2026 08 28 06 10 300  5.0  6.0   1.2    MM   5.9 206 1020.1  16.5  17.0  15.8   MM   MM    MM
2026 08 28 06 00 300  4.0  5.0    MM    MM    MM  MM 1020.1  16.5  17.0  15.9   MM +0.5    MM
2026 08 28 05 50 300  4.0  4.0   1.2    15   5.7 214 1020.1  16.4  17.0  15.8   MM   MM    MM
2026 08 28 05 40 300  4.0  5.0   1.2    MM   5.7 214 1020.0  16.4  17.0  15.8   MM   MM    MM
2026 08 28 05 30 300  5.0  6.0    MM    MM    MM  MM 1020.0  16.5  17.0  15.8   MM   MM    MM
2026 08 28 05 20 290  5.0  6.0   1.2    15   5.9 195 1019.9  16.6  17.0  16.0   MM   MM    MM
2026 08 28 05 10 280  4.0  5.0   1.2    MM   5.9 195 1019.9  16.6  17.0  16.0   MM   MM    MM
2026 08 28 05 00 280  4.0  5.0    MM    MM    MM  MM 1019.9  16.5  17.0  16.0   MM -0.0    MM
2026 08 28 04 50 280  4.0  5.0   1.2    15   5.8 198 1019.8  16.3  17.0  15.8   MM   MM    MM
2026 08 28 04 40 280  4.0  5.0   1.2    MM   5.8 198 1019.7  16.1  17.0  15.8   MM   MM    MM
2026 08 28 04 30 270  4.0  6.0    MM    MM    MM  MM 1019.7  16.1  17.0  15.9   MM   MM    MM
2026 08 28 04 20 240  4.0  6.0   1.2    15   5.8 174 1019.6  16.0  17.0  15.8   MM   MM    MM
2026 08 28 04 10 230  4.0  5.0   1.2    MM   5.8 174 1019.6  15.9  17.0  15.7   MM   MM    MM
2026 08 28 04 00 220  4.0  4.0    MM    MM    MM  MM 1019.6  15.8  17.0  15.5   MM +0.0    MM
2026 08 28 03 50 230  4.0  5.0   1.2    15   5.8 178 1019.5  15.8  17.0  15.5   MM   MM    MM
2026 08 28 03 40 220  4.0  5.0   1.2    MM   5.8 178 1019.4  15.8  17.0  15.4   MM   MM    MM
2026 08 28 03 30 220  4.0  5.0    MM    MM    MM  MM 1019.4  15.8  17.0  15.3   MM   MM    MM
2026 08 28 03 20 210  4.0  5.0   1.2    15   5.8 163 1019.4  15.8  17.0  15.2   MM   MM    MM
2026 08 28 03 10 220  4.0  5.0   1.2    MM   5.8 163 1019.5  15.7  17.0  15.0   MM   MM    MM
2026 08 28 03 00 220  4.0  5.0    MM    MM    MM  MM 1019.5  15.6  17.0  14.8   MM +0.0    MM
2026 08 28 02 50 230  5.0  6.0   1.2    15   5.8 184 1019.6  15.6  17.0  14.8   MM   MM    MM
2026 08 28 02 40 240  5.0  6.0   1.2    MM   5.8 184 1019.6  16.0  17.0  15.0   MM   MM    MM
2026 08 28 02 30 240  5.0  6.0    MM    MM    MM  MM 1019.6  16.2  17.0  15.0   MM   MM    MM
2026 08 28 02 20 240  5.0  6.0   1.3     7   5.7 297 1019.6  16.3  17.0  15.1   MM   MM    MM
2026 08 28 02 10 240  4.0  5.0   1.3    MM   5.7 297 1019.6  16.3  17.0  14.9   MM   MM    MM
2026 08 28 02 00 250  4.0  6.0    MM    MM    MM  MM 1019.6  16.0  17.0  14.5   MM -0.4    MM
2026 08 28 01 50 250  6.0  7.0   1.3    15   6.0 213 1019.7  15.9  17.0  14.9   MM   MM    MM
2026 08 28 01 40 250  5.0  7.0    MM    MM    MM  MM 1019.7  16.6  17.0  15.0   MM   MM    MM
2026 08 28 01 30 240  5.0  6.0    MM    MM    MM  MM 1019.7  16.7  17.0  14.9   MM   MM    MM
2026 08 28 01 20 240  5.0  6.0   1.2    14   5.9 168 1019.7  16.8  17.0  15.0   MM   MM    MM
2026 08 28 01 10 240  4.0  5.0   1.2    MM   5.9 168 1019.8  16.8  17.0  14.9   MM   MM    MM
2026 08 28 01 00 250  4.0  5.0    MM    MM    MM  MM 1019.8  16.8  17.0  14.8   MM -0.4    MM
2026 08 28 00 50 240  4.0  5.0   1.3    14   6.0 190 1019.7  16.8  17.0  14.8   MM   MM    MM
2026 08 28 00 40 240  4.0  5.0   1.3    MM   6.0 190 1019.8  16.9  17.0  14.7   MM   MM    MM
2026 08 28 00 30 250  4.0  5.0    MM    MM    MM  MM 1019.8  16.9  17.0  14.7   MM   MM    MM
2026 08 28 00 20 250  5.0  5.0   1.3     7   5.8 308 1019.8  16.8  17.0  14.5   MM   MM    MM
2026 08 28 00 10 250  4.0  5.0   1.3    MM   5.8 308 1019.8  16.8  17.0  14.5   MM   MM    MM
2026 08 28 00 00 250  4.0  5.0    MM    MM    MM  MM 1019.9  16.8  17.0  14.4   MM +0.0    MM
2026 08 27 23 50 250  4.0  5.0   1.5     7   6.2 293 1019.9  16.8  17.0  14.4   MM   MM    MM
2026 08 27 23 40 250  4.0  5.0   1.5    MM   6.2 293 1019.9  16.7  17.0  14.3   MM   MM    MM
2026 08 27 23 20 250  4.0  5.0   1.3     7   5.8 296 1020.0  16.7  17.0  14.5   MM   MM    MM
2026 08 27 23 10 250  4.0  5.0   1.3    MM   5.8 296 1020.0  16.7  17.0  14.5   MM   MM    MM
2026 08 27 23 00 250  4.0  5.0    MM    MM    MM  MM 1020.1  16.7  17.0  14.4   MM +0.3    MM
2026 08 27 22 50 260  4.0  5.0   1.4     7   5.9 295 1020.1  16.7  17.0  14.3   MM   MM    MM
2026 08 27 22 40 260  5.0  5.0   1.4    MM   5.9 295 1020.2  16.6  16.9  14.2   MM   MM    MM
2026 08 27 22 30 270  4.0  5.0    MM    MM    MM  MM 1020.1  16.6  16.9  14.3   MM   MM    MM
2026 08 27 22 20 260  4.0  5.0   1.5     7   5.9 301 1020.2  16.6  16.9  14.2   MM   MM    MM
2026 08 27 22 10 270  4.0  5.0   1.5    MM   5.9 301 1020.1  16.6  16.9  14.2   MM   MM    MM
2026 08 27 22 00 270  5.0  6.0    MM    MM    MM  MM 1020.2  16.5  16.9  14.1   MM +0.7    MM
2026 08 27 21 50 260  5.0  6.0   1.6     8   6.0 296 1020.1  16.5  16.9  14.2   MM   MM    MM
2026 08 27 21 40 260  5.0  5.0   1.6    MM   6.0 296 1020.0  16.5  16.9  14.2   MM   MM    MM
2026 08 27 21 30 270  5.0  6.0    MM    MM    MM  MM 1020.0  16.4  16.9  14.2   MM   MM    MM
2026 08 27 21 20 260  5.0  6.0   1.4     7   5.8 290 1020.0  16.4  16.9  14.2   MM   MM    MM
2026 08 27 21 10 260  4.0  5.0   1.4    MM   5.8 290 1019.9  16.4  16.9  14.2   MM   MM    MM
2026 08 27 21 00 260  3.0  4.0    MM    MM    MM  MM 1019.9  16.4  16.9  14.1   MM +1.0    MM
2026 08 27 20 50 260  4.0  5.0   1.5     8   5.7 301 1019.9  16.4  16.9  14.2   MM   MM    MM
2026 08 27 20 40 270  5.0  5.0   1.5    MM   5.7 301 1019.9  16.3  16.8  14.1   MM   MM    MM
2026 08 27 20 30 280  5.0  6.0    MM    MM    MM  MM 1019.9  16.3  16.8  14.1   MM   MM    MM
2026 08 27 20 20 280  4.0  5.0   1.6     8   6.1 299 1019.8  16.3  16.8  14.0   MM   MM    MM
2026 08 27 20 10 290  4.0  5.0   1.6    MM   6.1 299 1019.8  16.3  16.8  14.0   MM   MM    MM
2026 08 27 20 00 290  5.0  6.0    MM    MM    MM  MM 1019.8  16.3  16.8  14.0   MM +1.2    MM
2026 08 27 19 50 290  5.0  6.0   1.5     7   5.9 305 1019.8  16.3  16.8  14.1   MM   MM    MM
2026 08 27 19 40 280  4.0  5.0   1.5    MM   5.9 305 1019.7  16.2  16.8  14.0   MM   MM    MM
2026 08 27 19 30 280  4.0  5.0    MM    MM    MM  MM 1019.7  16.2  16.7  14.0   MM   MM    MM
2026 08 27 19 20 300  5.0  6.0   1.4     8   6.1 297 1019.6  16.2  16.7  14.0   MM   MM    MM
2026 08 27 19 10 290  5.0  6.0   1.4    MM   6.1 297 1019.6  16.2  16.7  14.1   MM   MM    MM
2026 08 27 19 00 300  5.0  6.0    MM    MM    MM  MM 1019.5  16.2  16.7  14.1   MM +1.2    MM
2026 08 27 18 50 310  5.0  6.0   1.5     8   5.7 292 1019.4  16.2  16.7  14.1   MM   MM    MM
2026 08 27 18 40 310  6.0  7.0    MM    MM    MM  MM 1019.3  16.1  16.7  13.9   MM   MM    MM
2026 08 27 18 30 310  6.0  7.0    MM    MM    MM  MM 1019.2  16.1  16.7  13.8   MM   MM    MM
2026 08 27 18 20 310  6.0  7.0   1.5     8   6.1 299 1019.2  16.2  16.7  14.0   MM   MM    MM
2026 08 27 18 10 310  6.0  7.0   1.5    MM   6.1 299 1019.2  16.1  16.7  13.9   MM   MM    MM
2026 08 27 18 00 310  5.0  7.0    MM    MM    MM  MM 1019.1  16.1  16.7  13.9   MM +1.1    MM
2026 08 27 17 50 310  5.0  6.0   1.4     7   5.7 302 1019.0  16.1  16.7  13.9   MM   MM    MM
2026 08 27 17 40 310  5.0  6.0   1.4    MM   5.7 302 1018.9  16.1  16.7  14.1   MM   MM    MM
2026 08 27 17 30 310  5.0  7.0    MM    MM    MM  MM 1018.8  16.1  16.7  14.1   MM   MM    MM
2026 08 27 17 20 310  6.0  7.0   1.6     8   6.0 293 1018.7  16.1  16.7  14.2   MM   MM    MM
2026 08 27 17 10 310  6.0  7.0   1.6    MM   6.0 293 1018.6  16.2  16.7  14.5   MM   MM    MM
2026 08 27 17 00 310  6.0  7.0    MM    MM    MM  MM 1018.6  16.2  16.7  14.5   MM +1.3    MM
2026 08 27 16 50 310  6.0  7.0   1.4     8   5.7 302 1018.6  16.2  16.7  14.6   MM   MM    MM
2026 08 27 16 40 300  6.0  7.0    MM    MM    MM  MM 1018.6  16.2  16.7  14.8   MM   MM    MM
2026 08 27 16 30 300  5.0  6.0    MM    MM    MM  MM 1018.5  16.3  16.7  14.8   MM   MM    MM
2026 08 27 16 20 300  5.0  6.0   1.5     8   5.7 295 1018.5  16.3  16.7  14.7   MM   MM    MM
2026 08 27 16 10 310  5.0  6.0   1.5    MM   5.7 295 1018.5  16.2  16.7  14.4   MM   MM    MM
2026 08 27 16 00 310  5.0  6.0    MM    MM    MM  MM 1018.4  16.2  16.7  14.4   MM +1.6    MM
2026 08 27 15 50 300  5.0  7.0   1.5     8   6.0 294 1018.3  16.2  16.7  14.5   MM   MM    MM
2026 08 27 15 40 310  5.0  7.0   1.5    MM   6.0 294 1018.2  16.2  16.7  14.5   MM   MM    MM
2026 08 27 15 30 310  5.0  7.0    MM    MM    MM  MM 1018.2  16.1  16.7  14.4   MM   MM    MM
2026 08 27 15 20 300  5.0  6.0   1.5    15   5.8 219 1018.0  16.1  16.7  14.9   MM   MM    MM
2026 08 27 15 10 300  5.0  6.0   1.5    MM   5.8 219 1018.0  15.9  16.7  14.8   MM   MM    MM
2026 08 27 15 00 310  5.0  5.0    MM    MM    MM  MM 1017.8  15.8  16.7  14.9   MM +1.4    MM
2026 08 27 14 50 320  5.0  5.0   1.5     8   5.7 291 1017.7  15.7  16.7  14.8   MM   MM    MM
2026 08 27 14 40 320  6.0  7.0   1.5    MM   5.7 291 1017.5  15.6  16.7  14.6   MM   MM    MM
2026 08 27 14 30 320  7.0  8.0    MM    MM    MM  MM 1017.4  15.6  16.7  14.8   MM   MM    MM
2026 08 27 14 20 310  7.0  9.0   1.5    15   6.3 231 1017.4  15.7  16.7  14.9   MM   MM    MM
2026 08 27 14 10 300  7.0  9.0   1.5    MM   6.3 231 1017.4  16.2  16.7  15.2   MM   MM    MM
2026 08 27 14 00 300  6.0  7.0    MM    MM    MM  MM 1017.3  16.3  16.7  15.2   MM +1.1    MM
2026 08 27 13 50 300  6.0  7.0   1.5     8   6.0 295 1017.2  16.2  16.7  15.2   MM   MM    MM
2026 08 27 13 40 300  6.0  7.0   1.5    MM   6.0 295 1017.1  16.2  16.7  15.1   MM   MM    MM
2026 08 27 13 30 300  6.0  7.0    MM    MM    MM  MM 1017.0  16.1  16.7  14.9   MM   MM    MM
2026 08 27 13 20 300  6.0  8.0   1.4     8   5.8 280 1016.9  16.2  16.7  14.9   MM   MM    MM
2026 08 27 13 10 300  6.0  8.0   1.4    MM   5.8 280 1016.8  16.2  16.7  15.0   MM   MM    MM
2026 08 27 13 00 300  6.0  8.0    MM    MM    MM  MM 1016.8  16.3  16.7  15.1   MM +0.8    MM
2026 08 27 12 50 300  5.0  7.0   1.6     8   6.0 286 1016.7  16.2  16.7  15.1   MM   MM    MM
2026 08 27 12 40 300  5.0  6.0   1.6    MM   6.0 286 1016.7  16.2  16.7  15.3   MM   MM    MM
2026 08 27 12 30 300  5.0  6.0    MM    MM    MM  MM 1016.6  16.2  16.7  15.3   MM   MM    MM
2026 08 27 12 20 300  5.0  6.0   1.7     8   6.2 290 1016.6  16.2  16.7  15.3   MM   MM    MM
2026 08 27 12 10 300  5.0  7.0   1.7    MM   6.2 290 1016.5  16.2  16.7  15.2   MM   MM    MM
2026 08 27 12 00 310  6.0  7.0    MM    MM    MM  MM 1016.5  16.2  16.7  15.2   MM +0.8    MM
2026 08 27 11 50 310  6.0  8.0   1.7     8   6.2 290 1016.5  16.1  16.7  15.1   MM   MM    MM
2026 08 27 11 40 310  6.0  8.0   1.7    MM   6.2 290 1016.4  16.0  16.7  15.0   MM   MM    MM
2026 08 27 11 30 310  6.0  7.0    MM    MM    MM  MM 1016.4  16.0  16.7  14.9   MM   MM    MM
2026 08 27 11 20 300  6.0  7.0   1.7     8   5.8 295 1016.3  15.9  16.7  14.8   MM   MM    MM
2026 08 27 11 10 300  6.0  7.0   1.7    MM   5.8 295 1016.1  15.8  16.7  14.9   MM   MM    MM
2026 08 27 11 00 310  7.0  9.0    MM    MM    MM  MM 1016.2  15.9  16.7  15.0   MM +0.7    MM
2026 08 27 10 50 310  7.0  9.0   1.6     8   6.0 292 1016.1  16.0  16.7  15.0   MM   MM    MM
2026 08 27 10 40 310  7.0  9.0   1.6    MM   6.0 292 1016.1  16.1  16.7  15.0   MM   MM    MM
2026 08 27 10 30 300  6.0  7.0    MM    MM    MM  MM 1016.0  16.1  16.7  15.1   MM   MM    MM
2026 08 27 10 20 300  6.0  8.0   1.8     8   6.1 289 1015.9  15.9  16.7  15.0   MM   MM    MM
2026 08 27 10 10 310  6.0  8.0   1.8    MM   6.1 289 1016.0  15.8  16.7  15.1   MM   MM    MM
2026 08 27 10 00 300  7.0  8.0    MM    MM    MM  MM 1016.0  15.9  16.7  15.2   MM +0.6    MM
2026 08 27 09 50 300  6.0  8.0   1.7     8   6.1 296 1015.9  16.1  16.7  15.1   MM   MM    MM
2026 08 27 09 40 300  7.0  8.0    MM    MM    MM  MM 1016.0  16.1  16.7  15.1   MM   MM    MM
2026 08 27 09 30 290  7.0  9.0    MM    MM    MM  MM 1015.9  16.2  16.7  15.4   MM   MM    MM
2026 08 27 09 20 290  7.0  8.0   1.7     8   6.2 293 1015.8  16.1  16.7  15.3   MM   MM    MM
2026 08 27 09 10 300  7.0  9.0    MM    MM    MM  MM 1015.8  16.3  16.7  15.2   MM   MM    MM
2026 08 27 09 00 290  7.0  8.0    MM    MM    MM  MM 1015.8  16.2  16.7  15.2   MM +0.5    MM
2026 08 27 08 50 290  7.0  8.0   1.7     8   6.3 283 1015.7  16.2  16.7  15.4   MM   MM    MM
2026 08 27 08 40 300  7.0  9.0    MM    MM    MM  MM 1015.7  16.2  16.7  15.4   MM   MM    MM
2026 08 27 08 30 290  7.0  8.0    MM    MM    MM  MM 1015.6  16.3  16.7  15.5   MM   MM    MM
2026 08 27 08 20 280  6.0  6.0   1.7     8   6.0 285 1015.6  16.2  16.7  15.3   MM   MM    MM
2026 08 27 08 10 290  6.0  8.0   1.7    MM   6.0 285 1015.6  16.1  16.7  15.2   MM   MM    MM
2026 08 27 08 00 290  6.0  8.0    MM    MM    MM  MM 1015.5  16.1  16.7  15.2   MM +0.5    MM
2026 08 27 07 50 290  7.0  8.0   1.8     8   6.4 288 1015.5  16.3  16.7  15.3   MM   MM    MM
2026 08 27 07 40 300  6.0  8.0    MM    MM    MM  MM 1015.5  16.2  16.8  15.4   MM   MM    MM
2026 08 27 07 30 300  6.0  7.0    MM    MM    MM  MM 1015.5  16.4  16.8  15.5   MM   MM    MM
2026 08 27 07 20 290  6.0  8.0   1.7     8   6.2 297 1015.5  16.4  16.8  15.4   MM   MM    MM
2026 08 27 07 10 290  6.0  8.0   1.7    MM   6.2 297 1015.3  16.3  16.8  15.3   MM   MM    MM
2026 08 27 07 00 280  6.0  8.0    MM    MM    MM  MM 1015.3  16.3  16.8  15.3   MM +0.8    MM
2026 08 27 06 50 280  6.0  7.0   1.6     8   6.0 299 1015.2  16.3  16.8  15.4   MM   MM    MM
2026 08 27 06 40 280  6.0  7.0   1.6    MM   6.0 299 1015.2  16.2  16.8  15.3   MM   MM    MM
2026 08 27 06 30 280  6.0  7.0    MM    MM    MM  MM 1015.2  16.3  16.8  15.4   MM   MM    MM
2026 08 27 06 20 290  6.0  7.0   1.5     8   5.7 298 1015.2  16.3  16.8  15.3   MM   MM    MM
2026 08 27 06 10 290  6.0  7.0    MM    MM    MM  MM 1015.2  16.3  16.8  15.3   MM   MM    MM
2026 08 27 06 00 290  6.0  7.0    MM    MM    MM  MM 1015.2  16.4  16.8  15.3   MM +1.4    MM
2026 08 27 05 50 290  6.0  8.0   1.5     8   5.8 293 1015.2  16.4  16.8  15.2   MM   MM    MM
2026 08 27 05 40 290  6.0  8.0   1.5    MM   5.8 293 1015.1  16.4  16.8  15.2   MM   MM    MM
2026 08 27 05 30 290  6.0  7.0    MM    MM    MM  MM 1015.1  16.4  16.8  15.3   MM   MM    MM
2026 08 27 05 20 290  6.0  8.0   1.6    14   5.8 164 1015.1  16.4  16.8  15.3   MM   MM    MM
2026 08 27 05 10 290  6.0  7.0   1.6    MM   5.8 164 1015.0  16.4  16.8  15.3   MM   MM    MM
2026 08 27 05 00 290  6.0  8.0    MM    MM    MM  MM 1015.0  16.4  16.8  15.3   MM +1.6    MM
2026 08 27 04 50 290  7.0  8.0   1.6     8   5.8 293 1014.9  16.4  16.8  15.2   MM   MM    MM
2026 08 27 04 40 290  7.0  8.0   1.6    MM   5.8 293 1014.8  16.4  16.8  15.2   MM   MM    MM
2026 08 27 04 30 290  7.0  8.0    MM    MM    MM  MM 1014.7  16.5  16.8  15.2   MM   MM    MM
2026 08 27 04 20 290  6.0  7.0   1.6     8   5.9 305 1014.5  16.5  16.8  15.2   MM   MM    MM
2026 08 27 04 10 300  7.0  8.0   1.6    MM   5.9 305 1014.5  16.6  16.8  15.1   MM   MM    MM
2026 08 27 04 00 300  7.0  8.0    MM    MM    MM  MM 1014.4  16.5  16.8  14.9   MM +1.0    MM
2026 08 27 03 50 300  7.0  8.0   1.6    15   5.7 173 1014.3  16.4  16.7  15.2   MM   MM    MM
2026 08 27 03 40 290  6.0  8.0   1.6    MM   5.7 173 1014.2  16.4  16.8  15.2   MM   MM    MM
2026 08 27 03 30 300  7.0  9.0    MM    MM    MM  MM 1014.1  16.4  16.8  15.2   MM   MM    MM
2026 08 27 03 20 300  8.0  9.0   1.6    14   5.5 224 1014.0  16.4  16.8  15.2   MM   MM    MM
2026 08 27 03 10 300  8.0  9.0   1.6    MM   5.5 224 1013.9  16.4  16.8  15.2   MM   MM    MM
2026 08 27 03 00 300  7.0  9.0    MM    MM    MM  MM 1013.8  16.4  16.8  15.3   MM +0.9    MM
2026 08 27 02 50 300  7.0  9.0   1.5    14   5.3 182 1013.7  16.4  16.8  15.4   MM   MM    MM
2026 08 27 02 40 300  7.0  9.0   1.5    MM   5.3 182 1013.7  16.4  16.8  15.4   MM   MM    MM
2026 08 27 02 30 290  7.0  8.0    MM    MM    MM  MM 1013.7  16.5  16.8  15.5   MM   MM    MM
2026 08 27 02 20 290  7.0  8.0   1.6    14   5.6 174 1013.7  16.4  16.9  15.4   MM   MM    MM
2026 08 27 02 10 290  8.0  9.0   1.6    MM   5.6 174 1013.5  16.5  16.8  15.4   MM   MM    MM
2026 08 27 02 00 290  8.0  9.0    MM    MM    MM  MM 1013.5  16.6    MM  15.4   MM +0.7    MM
2026 08 27 01 50 290  7.0  9.0   1.6     6   5.5 223 1013.3  16.6  16.8  15.4   MM   MM    MM
2026 08 27 01 40 290  7.0  9.0   1.6    MM   5.5 223 1013.5  16.6  16.8  15.3   MM   MM    MM
2026 08 27 01 30 290  7.0  9.0    MM    MM    MM  MM 1013.4  16.5  16.8  15.2   MM   MM    MM
2026 08 27 01 20 280  7.0  9.0   1.6    15   5.5 156 1013.4  16.5  16.8  15.3   MM   MM    MM
2026 08 27 01 10 280  7.0  9.0   1.6    MM   5.5 156 1013.4  16.5  16.8  15.2   MM   MM    MM
2026 08 27 01 00 290  7.0  9.0    MM    MM    MM  MM 1013.4  16.5  16.8  15.3   MM +1.0    MM
2026 08 27 00 50 280  7.0  8.0   1.6     7   5.4 222 1013.4  16.5  16.8  15.3   MM   MM    MM
2026 08 27 00 40 280  7.0  9.0    MM    MM    MM  MM 1013.4  16.5  16.8  15.3   MM   MM    MM
2026 08 27 00 30 290  8.0  9.0    MM    MM    MM  MM 1013.3  16.5  16.8  15.3   MM   MM    MM
2026 08 27 00 20 290  8.0  9.0   1.6    15   5.5 189 1013.2  16.5  16.8  15.4   MM   MM    MM
2026 08 27 00 10 290  8.0  9.0   1.6    MM   5.5 189 1013.1  16.5  16.8  15.4   MM   MM    MM
2026 08 27 00 00 290  8.0  9.0    MM    MM    MM  MM 1013.0  16.5  16.9  15.4   MM +0.8    MM
2026 08 26 23 50 290  7.0  9.0   1.6     7   5.4 264 1012.9  16.5  16.8  15.4   MM   MM    MM
2026 08 26 23 40 290  8.0  9.0   1.6    MM   5.4 264 1012.9  16.5  16.8  15.4   MM   MM    MM
2026 08 26 23 30 290  8.0  9.0    MM    MM    MM  MM 1012.8  16.5  16.8  15.3   MM   MM    MM
2026 08 26 23 20 290  7.0  8.0   1.7     6   5.3 222 1012.8  16.5  16.9  15.4   MM   MM    MM
2026 08 26 23 10 290  7.0  8.0    MM    MM    MM  MM 1012.8  16.5  16.9  15.4   MM   MM    MM
2026 08 26 23 00 290  7.0  8.0    MM    MM    MM  MM 1012.7  16.5  16.8  15.4   MM +1.0    MM
2026 08 26 22 50 290  6.0  8.0    MM    MM    MM  MM 1012.8    MM  16.8    MM   MM   MM    MM
2026 08 26 22 20 300  6.0  8.0    MM    MM    MM  MM 1012.4  16.6    MM  15.4   MM   MM    MM
2026 08 26 22 10 300  7.0  8.0    MM    MM    MM  MM 1012.6  16.6  16.8  15.4   MM   MM    MM
2026 08 26 22 00 300  7.0  8.0    MM    MM    MM  MM 1012.5  16.6  16.8  15.3   MM +1.4    MM
2026 08 26 21 50 300  6.0  7.0   1.8     5   5.4 316 1012.5  16.5  16.8  15.5   MM   MM    MM
2026 08 26 21 40 290  6.0  8.0    MM    MM    MM  MM 1012.4  16.5  16.8  15.5   MM   MM    MM
2026 08 26 21 30 290  7.0  8.0    MM    MM    MM  MM 1012.3  16.5  16.8  15.4   MM   MM    MM
2026 08 26 21 20 290  7.0  9.0   1.8     6   5.2 238 1012.2  16.5  16.8  15.5   MM   MM    MM
2026 08 26 21 10 300  8.0 10.0   1.8    MM   5.2 238 1012.2  16.4  16.8  15.3   MM   MM    MM
2026 08 26 21 00 300  8.0 11.0    MM    MM    MM  MM 1012.2  16.5  16.7  15.4   MM +1.2    MM
2026 08 26 20 50 300  8.0 10.0   1.7     6   5.2 200 1012.2  16.5  16.7  15.4   MM   MM    MM
2026 08 26 20 40 300  8.0 11.0    MM    MM    MM  MM 1012.0  16.5  16.7  15.5   MM   MM    MM
2026 08 26 20 30 310  9.0 11.0    MM    MM    MM  MM 1011.9  16.4  16.7  15.3   MM   MM    MM
2026 08 26 20 20 310  9.0 11.0   1.5    15   5.1 255 1011.8  16.4  16.7  15.3   MM   MM    MM
2026 08 26 20 10 300  9.0 12.0   1.5    MM   5.1 255 1011.7  16.4  16.8  15.4   MM   MM    MM
2026 08 26 20 00 310  9.0 11.0    MM    MM    MM  MM 1011.7  16.4  16.8  15.4   MM +1.2    MM
2026 08 26 19 50 300  8.0 11.0   1.5     8   5.5 301 1011.6  16.3  16.8  15.4   MM   MM    MM
2026 08 26 19 40 300  8.0 10.0    MM    MM    MM  MM 1011.6  16.3  16.8  15.4   MM   MM    MM
2026 08 26 19 30 300  8.0 10.0    MM    MM    MM  MM 1011.5    MM  16.8    MM   MM   MM    MM
2026 08 26 19 20 310  8.0 10.0   1.4    15   5.8 191 1011.2  16.5  16.8  15.5   MM   MM    MM
2026 08 26 19 10 310  7.0  9.0   1.4    MM   5.8 191 1011.2  16.5  16.8  15.5   MM   MM    MM
2026 08 26 19 00 300  7.0  9.0    MM    MM    MM  MM 1011.1    MM  16.8    MM   MM +0.7    MM
2026 08 26 18 50 290  6.0  8.0   1.4     6   6.1 190 1011.1  16.5    MM  15.5   MM   MM    MM
2026 08 26 18 40 300  7.0  9.0   1.4    MM   6.1 190 1011.0  16.5  16.8  15.5   MM   MM    MM
2026 08 26 18 30 300  7.0  9.0    MM    MM    MM  MM 1010.9  16.4  16.8  15.4   MM   MM    MM
2026 08 26 18 20 300  7.0  9.0    MM    MM    MM  MM 1010.9  16.4  16.8  15.5   MM   MM    MM
2026 08 26 18 10 290  6.0  8.0    MM    MM    MM  MM 1010.9  16.4  16.8  15.4   MM   MM    MM
2026 08 26 18 00  MM   MM   MM    MM    MM    MM  MM 1010.9    MM  16.8    MM   MM +0.8    MM
2026 08 26 17 50 280  6.0  8.0   1.4    13   6.6 200 1010.6  16.4  16.8  15.7   MM   MM    MM
2026 08 26 17 40 280  5.0  6.0    MM    MM    MM  MM 1010.7  16.5  16.8  15.7   MM   MM    MM
2026 08 26 17 30 280  5.0  6.0    MM    MM    MM  MM 1010.7  16.5  16.8  15.7   MM   MM    MM
2026 08 26 17 20 290  4.0  6.0   1.3    15   6.2 190 1010.6  16.6  16.8  15.8   MM   MM    MM
2026 08 26 17 10 290  3.0  4.0   1.3    MM   6.2 190 1010.6  16.6  16.7  15.8   MM   MM    MM
2026 08 26 17 00 300  4.0  5.0    MM    MM    MM  MM 1010.6  16.6  16.7  15.7   MM +0.6    MM
2026 08 26 16 50 300  4.0  6.0   1.4    15   6.3 167 1010.6  16.5  16.7  15.6   MM   MM    MM
2026 08 26 16 40 290  4.0  6.0   1.4    MM   6.3 167 1010.6  16.4  16.7  15.7   MM   MM    MM
2026 08 26 16 30 290  5.0  6.0    MM    MM    MM  MM 1010.5  16.5  16.7  16.0   MM   MM    MM
2026 08 26 16 20 280  3.0  5.0   1.3    15   6.0 168 1010.5  16.6  16.7  16.2   MM   MM    MM
2026 08 26 16 10 280  3.0  4.0   1.3    MM   6.0 168 1010.4  16.7  16.7  16.3   MM   MM    MM
2026 08 26 16 00 280  2.0  3.0    MM    MM    MM  MM 1010.4  16.8  16.7  16.3   MM +0.9    MM
2026 08 26 15 50 230  1.0  2.0   1.3    14   5.8 140 1010.4  16.8  16.7  16.4   MM   MM    MM
2026 08 26 15 40 210  1.0  2.0   1.3    MM   5.8 140 1010.3  16.7  16.7  16.3   MM   MM    MM
2026 08 26 15 30 230  2.0  3.0    MM    MM    MM  MM 1010.2  16.7  16.7  16.3   MM   MM    MM
2026 08 26 15 20 240  3.0  3.0   1.3    15   6.0 218 1010.3  16.8  16.7  16.4   MM   MM    MM
2026 08 26 15 10 240  2.0  3.0   1.3    MM   6.0 218 1010.2  16.9  16.7  16.4   MM   MM    MM
2026 08 26 15 00 220  3.0  3.0    MM    MM    MM  MM 1010.1  16.8  16.7  16.3   MM +0.4    MM
2026 08 26 14 50 240  1.0  2.0   1.2    16   6.2 157 1010.1  16.6  16.7  16.2   MM   MM    MM
2026 08 26 14 40 200  3.0  3.0    MM    MM    MM  MM 1010.0  16.7  16.7  16.3   MM   MM    MM
2026 08 26 14 30 200  3.0  4.0    MM    MM    MM  MM 1010.0  16.7  16.7  16.3   MM   MM    MM
2026 08 26 14 20 210  3.0  3.0   1.2    16   6.0 199 1009.9  16.7  16.7  16.3   MM   MM    MM
2026 08 26 14 10 200  3.0  3.0   1.2    MM   6.0 199 1009.8  16.7  16.6  16.3   MM   MM    MM
2026 08 26 14 00 200  3.0  3.0    MM    MM    MM  MM 1009.9  16.6  16.6  16.1   MM +0.3    MM
2026 08 26 13 50 200  2.0  3.0   1.3    15   6.0 185 1010.0  16.6  16.6  16.0   MM   MM    MM
2026 08 26 13 40 200  3.0  3.0    MM    MM    MM  MM 1010.0  16.6  16.6  15.9   MM   MM    MM
2026 08 26 13 30 190  3.0  4.0    MM    MM    MM  MM 1009.9  16.5  16.6  15.8   MM   MM    MM
2026 08 26 13 20 190  4.0  4.0   1.3    16   6.1 188 1009.8  16.5  16.6  15.8   MM   MM    MM
2026 08 26 13 10 190  4.0  5.0   1.3    MM   6.1 188 1009.7  16.6  16.6  16.0   MM   MM    MM
2026 08 26 13 00 190  4.0  6.0    MM    MM    MM  MM 1009.6  16.6  16.6  15.9   MM -0.5    MM
2026 08 26 12 50 190  5.0  6.0   1.4    13   6.0 206 1009.7  16.6    MM  16.0   MM   MM    MM
2026 08 26 12 40 180  5.0  6.0   1.4    MM   6.0 206 1009.7  16.7  16.6  16.2   MM   MM    MM
2026 08 26 12 30 180  5.0  6.0    MM    MM    MM  MM 1009.6  16.7  16.6  16.2   MM   MM    MM
2026 08 26 12 20 170  4.0  5.0   1.3    13   6.0 228 1009.7  16.7  16.6  16.2   MM   MM    MM
2026 08 26 12 10 170  4.0  6.0   1.3    MM   6.0 228 1009.7  16.7  16.6  16.3   MM   MM    MM
2026 08 26 12 00 160  4.0  5.0    MM    MM    MM  MM 1009.7  16.6  16.6  16.3   MM -0.3    MM
2026 08 26 11 50 160  4.0  5.0   1.3    16   6.3 181 1009.7    MM  16.6    MM   MM   MM    MM
2026 08 26 11 40 160  5.0  6.0    MM    MM    MM  MM 1009.6  16.5  16.6  16.2   MM   MM    MM
2026 08 26 11 30 160  5.0  6.0    MM    MM    MM  MM 1009.5  16.5  16.6  16.2   MM   MM    MM
2026 08 26 11 20 160  5.0  6.0   1.3    13   5.9 249 1009.5  16.6  16.6  16.3   MM   MM    MM
2026 08 26 11 10 170  5.0  5.0   1.3    MM   5.9 249 1009.6  16.6  16.6  16.3   MM   MM    MM
2026 08 26 11 00 170  5.0  6.0    MM    MM    MM  MM 1009.6  16.6  16.6  16.3   MM -1.0    MM
2026 08 26 10 50 180  4.0  5.0   1.4    13   6.4 221 1009.8  16.6  16.6  16.3   MM   MM    MM
2026 08 26 10 40 180  5.0  6.0   1.4    MM   6.4 221 1010.0  16.7  16.6  16.4   MM   MM    MM
2026 08 26 10 30 180  5.0  6.0    MM    MM    MM  MM 1010.0  16.7  16.6  16.4   MM   MM    MM
2026 08 26 10 20 180  5.0  6.0   1.3    14   5.9 138 1010.0  16.7  16.6  16.4   MM   MM    MM
2026 08 26 10 10 180  4.0  5.0   1.3    MM   5.9 138 1010.0  16.8  16.6  16.6   MM   MM    MM
2026 08 26 10 00 180  4.0  5.0    MM    MM    MM  MM 1010.1  16.8  16.6  16.6   MM -0.9    MM
2026 08 26 09 50 190  4.0  6.0   1.3     8   5.7 308 1010.0  16.8  16.6  16.6   MM   MM    MM
2026 08 26 09 40 190  4.0  5.0    MM    MM    MM  MM 1010.1  16.8  16.6  16.5   MM   MM    MM
2026 08 26 09 30 210  4.0  5.0    MM    MM    MM  MM 1010.1  16.7  16.6  16.3   MM   MM    MM
2026 08 26 09 20 210  5.0  5.0   1.5    15   6.3 176 1010.1  16.6  16.6  16.2   MM   MM    MM
2026 08 26 09 10 200  5.0  6.0    MM    MM    MM  MM 1010.1  16.6  16.6  16.2   MM   MM    MM
2026 08 26 09 00 190  5.0  6.0    MM    MM    MM  MM 1010.1  16.8  16.6  16.5   MM -1.5    MM
2026 08 26 08 50 180  7.0  9.0   1.3    15   5.6  75 1010.0  16.8  16.6  16.5   MM   MM    MM
2026 08 26 08 40 160  8.0  9.0    MM    MM    MM  MM 1009.9  16.9  16.6  16.6   MM   MM    MM
2026 08 26 08 30 150  7.0  9.0    MM    MM    MM  MM 1010.1  16.9  16.6  16.6   MM   MM    MM
2026 08 26 08 20 140  6.0  9.0   1.4     8   5.9 303 1010.2  16.9  16.6  16.7   MM   MM    MM
2026 08 26 08 10 130  3.0  5.0    MM    MM    MM  MM 1010.4  16.7  16.6  16.5   MM   MM    MM
2026 08 26 08 00 140  3.0  5.0    MM    MM    MM  MM 1010.6  16.7  16.6  16.5   MM -1.3    MM
2026 08 26 07 50 130  5.0  6.0   1.4    MM   5.9 169 1010.7    MM  16.6    MM   MM   MM    MM
2026 08 26 07 40 110  4.0  6.0   1.4    MM   5.9 169 1010.6  16.7  16.6  16.5   MM   MM    MM
2026 08 26 07 30 100  4.0  5.0    MM    MM    MM  MM 1010.7  16.6  16.6  16.4   MM   MM    MM
2026 08 26 07 20 100  3.0  4.0   1.5    14   6.1 238 1010.8  16.6    MM  16.4   MM   MM    MM
2026 08 26 07 10 110  3.0  4.0    MM    MM    MM  MM 1010.9  16.7  16.6  16.5   MM   MM    MM
2026 08 26 07 00 120  4.0  5.0    MM    MM    MM  MM 1011.0  16.7    MM  16.5   MM -0.9    MM
2026 08 26 06 50 120  4.0  5.0   1.4    14   5.7 199 1011.1    MM  16.6    MM   MM   MM    MM
2026 08 26 06 40 110  5.0  6.0    MM    MM    MM  MM 1011.1  16.8  16.6  16.6   MM   MM    MM
2026 08 26 06 30 110  5.0  6.0    MM    MM    MM  MM 1011.1  16.8  16.6  16.6   MM   MM    MM
2026 08 26 06 20 110  5.0  6.0   1.4    16   5.7 225 1011.2  16.8    MM  16.6   MM   MM    MM
2026 08 26 06 10 110  4.0  6.0    MM    MM    MM  MM 1011.2  16.8  16.6  16.6   MM   MM    MM
2026 08 26 06 00 110  5.0  6.0   1.4    MM   5.7 225 1011.4  16.8  16.6  16.6   MM -0.5    MM
2026 08 26 05 50 120  5.0  5.0   1.4    13   6.0 244 1011.6  16.8    MM  16.6   MM   MM    MM
2026 08 26 05 40 120  5.0  6.0   1.4    MM   6.0 244 1011.6  16.9  16.6  16.7   MM   MM    MM
2026 08 26 05 30 120  5.0  6.0    MM    MM    MM  MM 1011.6  16.9  16.6  16.7   MM   MM    MM
2026 08 26 05 20 130  5.0  6.0   1.4    14   6.0 149 1011.8  16.9  16.6  16.6   MM   MM    MM
2026 08 26 05 10 140  6.0  7.0   1.4    MM   6.0 149 1011.8  17.0  16.6  16.7   MM   MM    MM
2026 08 26 05 00 140  6.0  8.0    MM    MM    MM  MM 1011.9  16.9  16.6  16.6   MM -0.7    MM
2026 08 26 04 50 130  6.0  7.0   1.3    14   5.4 232 1012.0  16.9  16.6  16.7   MM   MM    MM
2026 08 26 04 40 130  6.0  7.0   1.3    MM   5.4 232 1011.9  16.8  16.6  16.6   MM   MM    MM
2026 08 26 04 30 130  6.0  7.0    MM    MM    MM  MM 1011.8  16.8  16.6  16.6   MM   MM    MM
2026 08 26 04 20 130  6.0  7.0   1.4    14   5.9 212 1011.8  16.8  16.6  16.6   MM   MM    MM
2026 08 26 04 10 120  6.0  8.0   1.4    MM   5.9 212 1011.8  16.6  16.6  16.4   MM   MM    MM
2026 08 26 04 00 120  6.0  8.0    MM    MM    MM  MM 1011.8  16.5  16.6  16.3   MM -0.8    MM
2026 08 26 03 50 120  7.0  9.0   1.2    14   5.5 209 1011.8  16.4  16.6  16.2   MM   MM    MM
2026 08 26 03 40 110  7.0  9.0   1.2    MM   5.5 209 1011.8  16.4  16.6  16.2   MM   MM    MM
2026 08 26 03 30 100  8.0 10.0    MM    MM    MM  MM 1011.8  16.3  16.6  16.1   MM   MM    MM
2026 08 26 03 20  90  7.0  9.0   1.3    14   6.0 199 1011.8  16.2  16.7  16.0   MM   MM    MM
2026 08 26 03 10  90  7.0  9.0   1.3    MM   6.0 199 1011.9  16.1  16.7  15.9   MM   MM    MM
2026 08 26 03 00 100  7.0  8.0    MM    MM    MM  MM 1011.9  16.1  16.7  15.9   MM -1.1    MM
2026 08 26 02 50 100  7.0  9.0   1.2    14   5.8 218 1012.0  16.2  16.7  16.0   MM   MM    MM
2026 08 26 02 40 110  7.0  8.0   1.2    MM   5.8 218 1012.1  16.2  16.7  15.9   MM   MM    MM
2026 08 26 02 30 100  7.0  8.0    MM    MM    MM  MM 1012.3  16.4  16.7  16.0   MM   MM    MM
2026 08 26 02 20 100  7.0  8.0   1.2    14   6.0 221 1012.4  16.6  16.7  16.0   MM   MM    MM
2026 08 26 02 10 100  7.0  9.0   1.2    MM   6.0 221 1012.5  16.7  16.7  16.0   MM   MM    MM
2026 08 26 02 00 100  6.0  8.0    MM    MM    MM  MM 1012.5  16.7  16.7  16.0   MM -0.9    MM
2026 08 26 01 50 100  6.0  7.0   1.2    14   6.0 234 1012.5  16.6  16.7  15.8   MM   MM    MM
2026 08 26 01 40 100  6.0  7.0   1.2    MM   6.0 234 1012.7  16.6  16.7  15.8   MM   MM    MM
2026 08 26 01 30 110  6.0  7.0    MM    MM    MM  MM 1012.7  16.5  16.7  15.7   MM   MM    MM
2026 08 26 01 20 110  6.0  8.0   1.1    14   5.4 137 1012.7  16.6  16.7  15.9   MM   MM    MM
2026 08 26 01 10 110  6.0  7.0   1.1    MM   5.4 137 1012.7  16.6  16.7  15.8   MM   MM    MM
2026 08 26 01 00 110  6.0  7.0    MM    MM    MM  MM 1012.8  16.5  16.7  15.8   MM -1.1    MM
2026 08 26 00 50 110  6.0  7.0   1.3    15   6.1 179 1012.8    MM  16.7    MM   MM   MM    MM
2026 08 26 00 40 110  6.0  8.0    MM    MM    MM  MM 1012.9  16.4  16.8  15.7   MM   MM    MM
2026 08 26 00 30 120  6.0  8.0    MM    MM    MM  MM 1013.0  16.2  16.8  15.7   MM   MM    MM
2026 08 26 00 20 120  7.0  8.0   1.2    15   5.7 188 1013.1  16.4  16.8  15.7   MM   MM    MM
2026 08 26 00 10 120  6.0  8.0   1.2    MM   5.7 188 1013.1  16.4  16.8  15.7   MM   MM    MM
2026 08 26 00 00 120  6.0  7.0    MM    MM    MM  MM 1013.1  16.4  16.8  15.6   MM -1.0    MM
2026 08 25 23 50 130  6.0  8.0   1.2    14   6.0 196 1013.3  16.4  16.8  15.6   MM   MM    MM
2026 08 25 23 40 120  6.0  7.0    MM    MM    MM  MM 1013.4  16.4  16.8  15.6   MM   MM    MM
2026 08 25 23 20 120  7.0  8.0   1.3    15   6.2 202 1013.4  16.3  16.8  15.6   MM   MM    MM
2026 08 25 23 10 120  7.0  8.0   1.3    MM   6.2 202 1013.5  16.4  16.8  15.6   MM   MM    MM
2026 08 25 23 00 120  6.0  7.0    MM    MM    MM  MM 1013.6  16.5  16.9  15.6   MM -1.0    MM
2026 08 25 22 50 120  6.0  7.0   1.2    15   6.1 217 1013.7  16.4  16.9  15.5   MM   MM    MM
2026 08 25 22 40 120  6.0  7.0   1.2    MM   6.1 217 1013.7  16.4  16.9  15.6   MM   MM    MM
2026 08 25 22 30 120  6.0  7.0    MM    MM    MM  MM 1013.7  16.4  16.9  15.6   MM   MM    MM
2026 08 25 22 20 120  6.0  7.0   1.3    15   6.4 186 1013.8  16.4  16.9  15.5   MM   MM    MM
2026 08 25 22 10 120  6.0  7.0   1.3    MM   6.4 186 1013.9  16.3  16.9  15.5   MM   MM    MM
2026 08 25 22 00 120  6.0  7.0    MM    MM    MM  MM 1013.8  16.2  17.0  15.4   MM -0.9    MM
2026 08 25 21 50 120  6.0  7.0   1.1     9   6.2 302 1013.8  16.2  16.9  15.4   MM   MM    MM
2026 08 25 21 40 120  6.0  7.0   1.1    MM   6.2 302 1013.8  16.3  16.9  15.4   MM   MM    MM
2026 08 25 21 30 110  6.0  7.0    MM    MM    MM  MM 1013.9  16.3  16.9  15.4   MM   MM    MM
2026 08 25 21 20 110  6.0  7.0   1.3    15   6.5 229 1013.9  16.2  16.9  15.2   MM   MM    MM
2026 08 25 21 10 120  5.0  7.0   1.3    MM   6.5 229 1014.0  16.0  16.9  15.1   MM   MM    MM
2026 08 25 21 00 120  6.0  8.0    MM    MM    MM  MM 1014.1  15.9  16.9  15.2   MM -1.0    MM
2026 08 25 20 50 110  5.0  6.0   1.3    15   6.6 208 1014.2  16.0  16.9  15.3   MM   MM    MM
2026 08 25 20 40 110  5.0  6.0   1.3    MM   6.6 208 1014.3  16.0  16.9  15.2   MM   MM    MM
2026 08 25 20 30 110  5.0  6.0    MM    MM    MM  MM 1014.4  15.9  16.9  15.1   MM   MM    MM
2026 08 25 20 20 110  5.0  6.0   1.1    15   6.1 219 1014.4  15.9  16.9  15.2   MM   MM    MM
2026 08 25 20 10 120  5.0  6.0   1.1    MM   6.1 219 1014.4  15.8  16.9  15.1   MM   MM    MM
2026 08 25 20 00 130  5.0  6.0    MM    MM    MM  MM 1014.5  15.8  16.9  15.2   MM +0.0    MM
2026 08 25 19 50 130  5.0  6.0   1.2    15   6.3 177 1014.6  15.8  16.9  15.2   MM   MM    MM
2026 08 25 19 40 140  5.0  6.0    MM    MM    MM  MM 1014.6  15.9  16.9  15.1   MM   MM    MM
2026 08 25 19 30 130  5.0  6.0    MM    MM    MM  MM 1014.6  15.8  16.9  15.1   MM   MM    MM
2026 08 25 19 20 120  5.0  7.0   1.2    15   6.9 202 1014.7  16.0  16.9  15.2   MM   MM    MM
2026 08 25 19 10 110  5.0  7.0   1.2    MM   6.9 202 1014.7  15.9  16.8  15.0   MM   MM    MM
2026 08 25 19 00 110  5.0  6.0    MM    MM    MM  MM 1014.7  15.9  16.8  15.0   MM +0.0    MM
2026 08 25 18 50 120  5.0  6.0   1.2    15   6.9 223 1014.7    MM  16.8    MM   MM   MM    MM
2026 08 25 18 40 120  5.0  6.0    MM    MM    MM  MM 1014.7  15.8  16.8  14.9   MM   MM    MM
2026 08 25 18 30 120  5.0  6.0    MM    MM    MM  MM 1014.8  15.8  16.8  14.9   MM   MM    MM
2026 08 25 18 20 120  4.0  6.0   1.3    MM   7.6 220 1014.8    MM  16.8    MM   MM   MM    MM
2026 08 25 18 10 120  5.0  5.0   1.3    MM   7.6 220 1015.0  15.7  16.7  14.8   MM   MM    MM
2026 08 25 18 00 120  5.0  6.0    MM    MM    MM  MM 1015.1  15.6  16.7  14.8   MM -0.3    MM
2026 08 25 17 50 120  5.0  7.0   1.2    15   6.8 207 1015.0  15.5  16.7  14.7   MM   MM    MM
2026 08 25 17 40 110  5.0  6.0   1.2    MM   6.8 207 1014.8  15.5  16.8  14.9   MM   MM    MM
2026 08 25 17 30 120  5.0  6.0    MM    MM    MM  MM 1014.4  15.6  16.8  14.9   MM   MM    MM
2026 08 25 17 20 120  5.0  6.0   1.1    15   6.7 204 1014.6  15.7  16.8  14.9   MM   MM    MM
2026 08 25 17 10 100  5.0  6.0   1.1    MM   6.7 204 1014.5  15.7  16.8  14.8   MM   MM    MM
2026 08 25 17 00  90  5.0  6.0    MM    MM    MM  MM 1014.4  15.6  16.8  14.7   MM -1.2    MM
2026 08 25 16 50  90  5.0  7.0   1.1     7   6.8 255 1014.5  15.5  16.7  14.8   MM   MM    MM
2026 08 25 16 40 100  6.0  7.0   1.1    MM   6.8 255 1014.6  15.6  16.7  15.0   MM   MM    MM
2026 08 25 16 30  90  5.0  6.0    MM    MM    MM  MM 1014.6  15.7  16.8  15.0   MM   MM    MM
2026 08 25 16 20  80  4.0  5.0   1.2    MM   7.3 210 1014.4  15.7    MM  14.9   MM   MM    MM
2026 08 25 16 10  MM   MM   MM   1.2    15    MM  MM     MM    MM  16.8    MM   MM   MM    MM
2026 08 25 16 00 100  4.0  4.0    MM    MM    MM  MM 1014.8  15.7  16.8  15.0   MM -0.7    MM
2026 08 25 15 50 120  4.0  4.0   1.1    15   7.0 162 1015.1  15.6  16.8  14.9   MM   MM    MM
2026 08 25 15 40 120  3.0  4.0   1.1    MM   7.0 162 1015.1  15.6  16.7  14.9   MM   MM    MM
2026 08 25 15 30 120  3.0  4.0    MM    MM    MM  MM 1015.1  15.5  16.8  14.8   MM   MM    MM
2026 08 25 15 20 120  3.0  4.0   1.2    15   7.1 201 1015.2  15.4  16.9  14.8   MM   MM    MM
2026 08 25 15 10 150  3.0  5.0   1.2    MM   7.1 201 1015.2  15.3  16.9  14.9   MM   MM    MM
2026 08 25 15 00 120  3.0  4.0    MM    MM    MM  MM 1015.3  15.2  16.9  15.0   MM +0.0    MM
2026 08 25 14 50 110  3.0  4.0   1.2    15   7.2 195 1015.3  15.1  16.9  14.9   MM   MM    MM
2026 08 25 14 40 110  3.0  4.0   1.2    MM   7.2 195 1015.5  15.0  16.9  14.8   MM   MM    MM
2026 08 25 14 30 110  3.0  4.0    MM    MM    MM  MM 1015.5  14.9  16.9  14.7   MM   MM    MM
2026 08 25 14 20 110  2.0  3.0   1.2    15   7.2 198 1015.6  14.8  16.8  14.6   MM   MM    MM
2026 08 25 14 10 120  2.0  3.0   1.2    MM   7.2 198 1015.5  14.8  16.8  14.6   MM   MM    MM
2026 08 25 14 00 130  2.0  3.0    MM    MM    MM  MM 1015.5  14.8  16.8  14.6   MM -0.4    MM
2026 08 25 13 50 140  3.0  4.0   1.2    15   7.4 197 1015.6  14.8  16.8  14.5   MM   MM    MM
2026 08 25 13 40 130  3.0  3.0   1.2    MM   7.4 197 1015.6  14.7  16.8  14.4   MM   MM    MM
2026 08 25 13 30 130  2.0  3.0    MM    MM    MM  MM 1015.6  14.6  16.9  14.4   MM   MM    MM
2026 08 25 13 20 130  3.0  4.0   1.2    15   7.6 200 1015.7  14.6  16.9  14.4   MM   MM    MM
2026 08 25 13 10 120  2.0  4.0   1.2    MM   7.6 200 1015.6  14.6  16.9  14.3   MM   MM    MM
2026 08 25 13 00 130  2.0  2.0    MM    MM    MM  MM 1015.5  14.6  16.9  14.3   MM -0.6    MM
2026 08 25 12 50 100  2.0  2.0   1.1    16   7.9 192 1015.5  14.7  16.9  14.5   MM   MM    MM
2026 08 25 12 40 110  2.0  3.0   1.1    MM   7.9 192 1015.6  14.7  16.9  14.5   MM   MM    MM
2026 08 25 12 30 120  1.0  2.0    MM    MM    MM  MM 1015.6  14.7  16.9  14.4   MM   MM    MM
2026 08 25 12 20 150  1.0  2.0   0.9    15   7.3 203 1015.5  14.7  16.9  14.5   MM   MM    MM
2026 08 25 12 10 130  2.0  2.0   0.9    MM   7.3 203 1015.8  14.7  16.9  14.5   MM   MM    MM
2026 08 25 12 00 110  2.0  2.0    MM    MM    MM  MM 1015.5  14.7  16.8  14.5   MM -1.2    MM
2026 08 25 11 50 170  1.0  3.0   1.0    16   7.3 199 1015.6  14.8  16.9  14.5   MM   MM    MM
2026 08 25 11 40 140  1.0  2.0   1.0    MM   7.3 199 1015.6  14.7  16.9  14.4   MM   MM    MM
2026 08 25 11 30 190  2.0  3.0    MM    MM    MM  MM 1015.8  14.7  16.9  14.3   MM   MM    MM
2026 08 25 11 20 180  2.0  3.0   1.0    15   7.0  90 1015.8  14.6  16.8  14.3   MM   MM    MM
2026 08 25 11 10 140  2.0  4.0   1.0    MM   7.0  90 1015.9  14.7  16.8  14.5   MM   MM    MM
2026 08 25 11 00 170  2.0  3.0    MM    MM    MM  MM 1016.0  14.6  16.8  14.4   MM -1.0    MM
2026 08 25 10 50 180  3.0  4.0   0.9    16   6.9 148 1016.0  14.5    MM  14.3   MM   MM    MM
2026 08 25 10 40 170  3.0  4.0   0.9    MM   6.9 148 1016.0  14.4  16.8  14.2   MM   MM    MM
2026 08 25 10 30 140  3.0  4.0    MM    MM    MM  MM 1016.0  14.5  16.8  14.3   MM   MM    MM
2026 08 25 10 20 160  2.0  4.0   0.9    16   7.1 206 1016.0  14.5  16.7  14.3   MM   MM    MM
2026 08 25 10 10 130  2.0  4.0   0.9    MM   7.1 206 1016.0  14.4  16.7  14.2   MM   MM    MM
2026 08 25 10 00 150  3.0  4.0    MM    MM    MM  MM 1016.0  14.4  16.9  14.2   MM -1.4    MM
2026 08 25 09 50 170  3.0  4.0   1.0    15   7.5 181 1016.2  14.6  16.9  14.4   MM   MM    MM
2026 08 25 09 40 160  2.0  3.0    MM    MM    MM  MM 1016.3  14.6  16.9  14.4   MM   MM    MM
2026 08 25 09 30 150  3.0  3.0    MM    MM    MM  MM 1016.4  14.6  16.9  14.4   MM   MM    MM
2026 08 25 09 20 150  3.0  3.0   0.9    15   6.8 195 1016.5  14.7  16.9  14.5   MM   MM    MM
2026 08 25 09 10 160  2.0  4.0   0.9    MM   6.8 195 1016.7  14.7  16.9  14.5   MM   MM    MM
2026 08 25 09 00 180  2.0  4.0    MM    MM    MM  MM 1016.7  14.6  16.9  14.3   MM -0.6    MM
2026 08 25 08 50 170  2.0  3.0   1.0    15   7.4 165 1016.8  14.8  16.9  14.6   MM   MM    MM
2026 08 25 08 40 170  1.0  2.0    MM    MM    MM  MM 1016.9  14.7  16.9  14.5   MM   MM    MM
2026 08 25 08 30 160  1.0  2.0    MM    MM    MM  MM 1016.8  14.6  17.0  14.4   MM   MM    MM
2026 08 25 08 20 160  1.0  1.0   1.0    16   6.8 176 1016.9  14.6  17.0  14.4   MM   MM    MM
2026 08 25 08 10 180  1.0  3.0    MM    MM    MM  MM 1016.9  14.5  17.0  14.3   MM   MM    MM
2026 08 25 08 00 180  2.0  3.0    MM    MM    MM  MM 1016.9  14.5  17.0  14.3   MM -0.7    MM
2026 08 25 07 50 200  3.0  4.0   0.9    MM   6.6 177 1017.2    MM  17.0    MM   MM   MM    MM
2026 08 25 07 40 190  2.0  3.0    MM    MM    MM  MM 1017.3  14.5  16.9  14.3   MM   MM    MM
2026 08 25 07 30 180  2.0  3.0   0.9    MM   6.6 177 1017.2  14.5  16.9  14.3   MM   MM    MM
2026 08 25 07 20 190  3.0  4.0   1.0    15   6.9 165 1017.3  14.5  16.9  14.3   MM   MM    MM
2026 08 25 07 10 200  4.0  4.0   1.0    MM   6.9 165 1017.5  14.5  16.9  14.3   MM   MM    MM
2026 08 25 07 00 200  3.0  4.0    MM    MM    MM  MM 1017.5  14.5  16.9  14.3   MM -0.3    MM
2026 08 25 06 50 200  3.0  4.0   1.0    15   6.7 196 1017.4  14.5  16.9  14.3   MM   MM    MM
2026 08 25 06 40 190  2.0  3.0   1.0    MM   6.7 196 1017.4  14.5  17.0  14.3   MM   MM    MM
2026 08 25 06 30 190  2.0  3.0    MM    MM    MM  MM 1017.3  14.5  17.1  14.3   MM   MM    MM
2026 08 25 06 20 180  2.0  3.0   0.9    15   6.7 170 1017.4    MM  17.1    MM   MM   MM    MM
2026 08 25 06 10 190  2.0  3.0    MM    MM    MM  MM 1017.4  14.5  17.1  14.3   MM   MM    MM
2026 08 25 06 00 190  1.0  2.0    MM    MM    MM  MM 1017.3  14.5  17.0  14.3   MM -0.5    MM
2026 08 25 05 50 180  2.0  3.0   0.9    15   6.7 206 1017.3    MM  17.0    MM   MM   MM    MM
2026 08 25 05 40 170  2.0  2.0    MM    MM    MM  MM 1017.3  14.6  17.0  14.4   MM   MM    MM
2026 08 25 05 30 160  3.0  4.0    MM    MM    MM  MM 1017.3  14.5  17.0  14.3   MM   MM    MM
2026 08 25 05 20 150  2.0  3.0   1.0    16   6.8 164 1017.4  14.7  16.8  14.5   MM   MM    MM
2026 08 25 05 10 140  1.0  2.0   1.0    MM   6.8 164 1017.5  14.7  16.8  14.5   MM   MM    MM
2026 08 25 05 00 150  1.0  2.0    MM    MM    MM  MM 1017.6  14.7  16.9  14.5   MM -0.4    MM
2026 08 25 04 50 170  1.0  2.0   0.9    15   6.5 191 1017.6  14.7  16.9  14.5   MM   MM    MM
2026 08 25 04 40 170  1.0  2.0    MM    MM    MM  MM 1017.7  14.7  16.8  14.5   MM   MM    MM
2026 08 25 04 30 170  1.0  2.0    MM    MM    MM  MM 1017.8  14.7  16.9  14.5   MM   MM    MM
2026 08 25 04 20 160  2.0  2.0   1.0    16   7.0 147 1017.7  14.6  16.9  14.4   MM   MM    MM
2026 08 25 04 10 160  2.0  2.0   1.0    MM   7.0 147 1017.7  14.6  17.2  14.4   MM   MM    MM
2026 08 25 04 00 160  2.0  2.0    MM    MM    MM  MM 1017.7  14.6  17.0  14.4   MM -0.4    MM
2026 08 25 03 50 150  2.0  2.0   0.9    16   6.4 187 1017.7  14.6  16.8  14.4   MM   MM    MM
2026 08 25 03 40 160  2.0  2.0   0.9    MM   6.4 187 1017.8  14.6  16.6  14.4   MM   MM    MM
2026 08 25 03 30 150  2.0  2.0    MM    MM    MM  MM 1017.8  14.7  16.7  14.5   MM   MM    MM
2026 08 25 03 20 150  1.0  2.0   0.8    MM   6.7 203 1017.8  14.7    MM  14.5   MM   MM    MM
2026 08 25 03 10  MM   MM   MM   0.8    15    MM  MM     MM    MM  16.8    MM   MM   MM    MM
2026 08 25 03 00 210  1.0  2.0    MM    MM    MM  MM 1017.7  14.9  16.9  14.6   MM -0.8    MM
2026 08 25 02 50 200  1.0  1.0   1.0    15   6.8 188 1017.8  15.0  16.9  14.7   MM   MM    MM
2026 08 25 02 40 170  1.0  1.0   1.0    MM   6.8 188 1017.8  15.1  16.9  14.7   MM   MM    MM
2026 08 25 02 30 200  1.0  2.0    MM    MM    MM  MM 1017.9  15.2  17.0  14.8   MM   MM    MM
2026 08 25 02 20 220  1.0  1.0   0.9    15   6.7 165 1018.0  15.3  16.9  14.9   MM   MM    MM
2026 08 25 02 10 210  1.0  2.0   0.9    MM   6.7 165 1018.0  15.2  17.0  14.7   MM   MM    MM
2026 08 25 02 00 200  1.0  2.0    MM    MM    MM  MM 1018.0  15.5  17.0  14.9   MM -0.7    MM
2026 08 25 01 50 220  1.0  1.0   0.9     6   6.0 267 1018.0  15.6  16.9  15.0   MM   MM    MM
2026 08 25 01 40  MM  0.0  1.0   0.9    MM   6.0 267 1018.2  15.7  17.0  15.1   MM   MM    MM
2026 08 25 01 30  MM  0.0  1.0    MM    MM    MM  MM 1018.1  15.9  17.3  15.1   MM   MM    MM
2026 08 25 01 20  MM  0.0  1.0   1.0    15   6.8 262 1018.2  15.9  17.2  15.1   MM   MM    MM
2026 08 25 01 10  MM  0.0  1.0   1.0    MM   6.8 262 1018.1  16.0  17.4  15.3   MM   MM    MM
2026 08 25 01 00  MM  0.0  1.0    MM    MM    MM  MM 1018.2  15.8  17.1  15.1   MM -1.0    MM
2026 08 25 00 50  MM  0.0  1.0   0.9    16   6.6 137 1018.3  16.1  17.1  15.2   MM   MM    MM
2026 08 25 00 40  MM  0.0  1.0   0.9    MM   6.6 137 1018.3  16.4  17.4  15.4   MM   MM    MM
2026 08 25 00 30  MM  0.0  1.0    MM    MM    MM  MM 1018.4  16.4  17.0  15.5   MM   MM    MM
2026 08 25 00 20  MM  0.0  0.0   0.9    16   6.7 276 1018.4  16.2  17.0  15.5   MM   MM    MM
2026 08 25 00 10  MM  0.0  1.0   0.9    MM   6.7 276 1018.4  15.6  16.9  15.1   MM   MM    MM
2026 08 25 00 00 180  1.0  2.0    MM    MM    MM  MM 1018.5  15.5  17.1  15.0   MM -0.9    MM
2026 08 24 23 50 200  1.0  2.0   0.9    16   6.4 188 1018.5    MM  17.0    MM   MM   MM    MM
2026 08 24 23 40 210  1.0  2.0    MM    MM    MM  MM 1018.5  15.5  17.0  14.9   MM   MM    MM
2026 08 24 23 30 200  1.0  2.0    MM    MM    MM  MM 1018.5  15.4  17.2  14.8   MM   MM    MM
2026 08 24 23 20 220  1.0  2.0   0.9    16   6.4 101 1018.4  15.3    MM  14.9   MM   MM    MM
2026 08 24 23 10 220  1.0  2.0   0.9    MM   6.4 101 1018.6  15.2  17.0  14.8   MM   MM    MM
2026 08 24 23 00 230  2.0  3.0    MM    MM    MM  MM 1018.8  15.1  17.1  14.8   MM -0.9    MM
2026 08 24 22 50 230  2.0  3.0   0.9    16   6.3 226 1019.0  15.0  17.1  14.7   MM   MM    MM
2026 08 24 22 40 230  2.0  3.0   0.9    MM   6.3 226 1019.2  15.0  17.0  14.7   MM   MM    MM
2026 08 24 22 30 220  2.0  3.0    MM    MM    MM  MM 1019.1  15.1  16.9  14.7   MM   MM    MM
2026 08 24 22 20 220  2.0  3.0   0.9    16   6.0 160 1019.2  15.0  17.1  14.6   MM   MM    MM
2026 08 24 22 10 220  2.0  3.0   0.9    MM   6.0 160 1019.2  15.0  17.1  14.6   MM   MM    MM
2026 08 24 22 00 210  2.0  3.0    MM    MM    MM  MM 1019.2  15.0  17.1  14.6   MM -0.6    MM
2026 08 24 21 50 210  2.0  3.0   0.9    15   6.2 234 1019.3  15.0  17.1  14.7   MM   MM    MM
2026 08 24 21 40 220  2.0  3.0   0.9    MM   6.2 234 1019.3  15.0  17.0  14.6   MM   MM    MM
2026 08 24 21 30 220  2.0  3.0    MM    MM    MM  MM 1019.3  15.0  17.1  14.5   MM   MM    MM
2026 08 24 21 20 240  2.0  3.0   1.0    15   6.3 219 1019.3  15.1  17.1  14.5   MM   MM    MM
2026 08 24 21 10 220  2.0  3.0   1.0    MM   6.3 219 1019.4  15.2  17.0  14.6   MM   MM    MM
2026 08 24 21 00 210  3.0  4.0    MM    MM    MM  MM 1019.5  15.1  16.9  14.5   MM -0.4    MM
2026 08 24 20 50 220  2.0  4.0   0.9    16   6.4 199 1019.5  15.0  16.9  14.5   MM   MM    MM
2026 08 24 20 40 210  3.0  4.0    MM    MM    MM  MM 1019.5  14.9  16.9  14.5   MM   MM    MM
2026 08 24 20 30 210  2.0  3.0    MM    MM    MM  MM 1019.6  14.8  16.9  14.5   MM   MM    MM
2026 08 24 20 20 210  3.0  4.0   0.9    16   6.1 189 1019.6  14.8  16.9  14.4   MM   MM    MM
2026 08 24 20 10 200  3.0  4.0    MM    MM    MM  MM 1019.7  15.0  16.9  14.6   MM   MM    MM
2026 08 24 20 00 200  3.0  4.0   0.9    MM   6.1 189 1019.7  14.9    MM  14.5   MM -0.4    MM
2026 08 24 19 50 200  3.0  4.0   1.0    16   6.3 183 1019.4  14.9  16.8  14.5   MM   MM    MM
2026 08 24 19 40 200  3.0  4.0    MM    MM    MM  MM 1019.9  14.9  16.8  14.6   MM   MM    MM
2026 08 24 19 30 190  3.0  4.0    MM    MM    MM  MM 1019.9  14.8  16.8  14.6   MM   MM    MM
2026 08 24 19 20 190  3.0  4.0   1.0    16   6.5 170 1019.9  14.7  16.7  14.5   MM   MM    MM
2026 08 24 19 10 200  3.0  4.0    MM    MM    MM  MM 1019.8  14.7  16.7  14.5   MM   MM    MM
2026 08 24 19 00 190  3.0  4.0    MM    MM    MM  MM 1019.8  14.8    MM  14.6   MM -0.4    MM
2026 08 24 18 50 190  3.0  4.0   1.0     7   6.3 279 1019.9  14.9    MM  14.6   MM   MM    MM
2026 08 24 18 40 180  3.0  4.0    MM    MM    MM  MM 1019.9  14.8  16.7  14.5   MM   MM    MM
2026 08 24 18 30 180  3.0  5.0   1.0    MM   6.3 279 1019.9  14.8  16.7  14.5   MM   MM    MM
2026 08 24 18 20 180  3.0  4.0   0.9    16   6.4 195 1019.9  14.8    MM  14.5   MM   MM    MM
2026 08 24 18 10 180  4.0  5.0   0.9    MM   6.4 195 1019.8  14.8  16.6  14.5   MM   MM    MM
2026 08 24 18 00 180  3.0  4.0    MM    MM    MM  MM 1019.9  14.8    MM  14.6   MM -0.7    MM
2026 08 24 17 50 180  3.0  4.0   0.9    16   6.3 178 1019.9  14.8  16.6  14.6   MM   MM    MM
2026 08 24 17 40 170  3.0  4.0    MM    MM    MM  MM 1020.1  14.9  16.6  14.6   MM   MM    MM
2026 08 24 17 30 170  3.0  4.0    MM    MM    MM  MM 1020.0  14.9  16.5  14.6   MM   MM    MM
2026 08 24 17 20 170  3.0  4.0   0.8    15   6.1 217 1020.2  14.8  16.5  14.6   MM   MM    MM
2026 08 24 17 10 170  3.0  4.0   0.8    MM   6.1 217 1020.0  14.8  16.5  14.6   MM   MM    MM
2026 08 24 17 00 180  3.0  4.0    MM    MM    MM  MM 1020.1  14.7  16.5  14.5   MM -0.3    MM
2026 08 24 16 50 180  3.0  4.0   0.9    16   6.7 153 1020.2  14.6  16.5  14.4   MM   MM    MM
2026 08 24 16 40 180  3.0  4.0   0.9    MM   6.7 153 1020.2  14.6  16.5  14.4   MM   MM    MM
2026 08 24 16 30 170  3.0  4.0    MM    MM    MM  MM 1020.3  14.5  16.5  14.3   MM   MM    MM
2026 08 24 16 20 170  3.0  4.0   0.7    15   6.1 169 1020.2  14.5  16.4  14.3   MM   MM    MM
2026 08 24 16 10 160  3.0  4.0   0.7    MM   6.1 169 1020.2  14.6  16.4  14.4   MM   MM    MM
2026 08 24 16 00 160  3.0  4.0    MM    MM    MM  MM 1020.2  14.6  16.4  14.4   MM +0.0    MM
2026 08 24 15 50 160  3.0  4.0   0.8    16   6.3 146 1020.3  14.7  16.4  14.5   MM   MM    MM
2026 08 24 15 40 160  3.0  4.0   0.8    MM   6.3 146 1020.4  14.7  16.4  14.5   MM   MM    MM
2026 08 24 15 30 170  3.0  4.0    MM    MM    MM  MM 1020.5  14.8  16.4  14.6   MM   MM    MM
2026 08 24 15 20 180  3.0  4.0   0.8    15   6.0 167 1020.5  14.8  16.4  14.6   MM   MM    MM
2026 08 24 15 10 190  3.0  4.0   0.8    MM   6.0 167 1020.5  14.8  16.4  14.6   MM   MM    MM
2026 08 24 15 00 200  3.0  4.0    MM    MM    MM  MM 1020.6  14.8  16.4  14.6   MM +0.0    MM
2026 08 24 14 50 200  3.0  4.0   0.8    16   6.2 181 1020.6  14.7  16.4  14.5   MM   MM    MM
2026 08 24 14 40 210  3.0  4.0    MM    MM    MM  MM 1020.5  14.8  16.4  14.6   MM   MM    MM
2026 08 24 14 30 210  3.0  4.0    MM    MM    MM  MM 1020.5  14.9  16.4  14.7   MM   MM    MM
2026 08 24 14 20 210  3.0  4.0   0.8    15   6.0 166 1020.5  14.8  16.4  14.6   MM   MM    MM
2026 08 24 14 10 210  3.0  4.0   0.8    MM   6.0 166 1020.5  14.8  16.5  14.6   MM   MM    MM
2026 08 24 14 00 200  3.0  4.0    MM    MM    MM  MM 1020.4  14.8  16.5  14.6   MM +0.0    MM
2026 08 24 13 50 190  3.0  4.0   0.8    15   6.3 183 1020.3  14.9  16.5  14.7   MM   MM    MM
2026 08 24 13 40 190  3.0  4.0    MM    MM    MM  MM 1020.2  14.9  16.5  14.7   MM   MM    MM
2026 08 24 13 30 190  3.0  4.0    MM    MM    MM  MM 1020.1  14.9  16.5  14.7   MM   MM    MM
2026 08 24 13 20 190  4.0  4.0   0.7    15   6.4 142 1020.2  14.9  16.5  14.7   MM   MM    MM
2026 08 24 13 10 190  3.0  4.0   0.7    MM   6.4 142 1020.3  14.8  16.5  14.6   MM   MM    MM
2026 08 24 13 00 190  3.0  4.0    MM    MM    MM  MM 1020.3  14.9  16.5  14.7   MM -0.8    MM
2026 08 24 12 50 190  3.0  4.0   0.7    14   6.4 154 1020.3  14.9  16.6  14.7   MM   MM    MM
2026 08 24 12 40 190  3.0  3.0   0.7    MM   6.4 154 1020.3  14.9  16.6  14.7   MM   MM    MM
2026 08 24 12 30 190  3.0  4.0    MM    MM    MM  MM 1020.3  14.8  16.6  14.6   MM   MM    MM
2026 08 24 12 20 190  3.0  4.0   0.8    16   6.5 173 1020.3  14.8  16.6  14.6   MM   MM    MM
2026 08 24 12 10 200  3.0  3.0    MM    MM    MM  MM 1020.3  14.9  16.6  14.7   MM   MM    MM
2026 08 24 12 00 190  3.0  4.0    MM    MM    MM  MM 1020.4  14.9  16.5  14.7   MM -0.8    MM
2026 08 24 11 50 200  3.0  4.0   0.8    16   6.5 180 1020.5  14.9    MM  14.7   MM   MM    MM
2026 08 24 11 40 190  3.0  4.0   0.8    MM   6.5 180 1020.4  14.9    MM  14.7   MM   MM    MM
2026 08 24 11 30 190  3.0  3.0    MM    MM    MM  MM 1020.4  14.9  16.6  14.7   MM   MM    MM
2026 08 24 11 20 190  2.0  3.0   0.7    16   6.0 200 1020.4  14.9  16.6  14.7   MM   MM    MM
2026 08 24 11 10 190  2.0  3.0   0.7    MM   6.0 200 1020.5  14.9  16.6  14.7   MM   MM    MM
2026 08 24 11 00 190  2.0  3.0    MM    MM    MM  MM 1020.6  15.0  16.6  14.8   MM -1.0    MM
2026 08 24 10 50 190  2.0  3.0   0.7    15   5.9 266 1020.6  14.9  16.6  14.7   MM   MM    MM
2026 08 24 10 40 180  2.0  3.0   0.7    MM   5.9 266 1020.7  15.0  16.6  14.8   MM   MM    MM
2026 08 24 10 30 190  2.0  3.0    MM    MM    MM  MM 1020.8  15.0  16.6  14.8   MM   MM    MM
2026 08 24 10 20 210  2.0  2.0   0.7    15   5.8 223 1020.9  15.0  16.6  14.8   MM   MM    MM
2026 08 24 10 10 210  1.0  2.0   0.7    MM   5.8 223 1021.0  15.0  16.6  14.8   MM   MM    MM
2026 08 24 10 00 200  1.0  2.0    MM    MM    MM  MM 1021.0  15.0  16.6  14.8   MM -0.7    MM
2026 08 24 09 50 210  1.0  2.0   0.7    16   5.5 199 1021.0  14.9  16.6  14.7   MM   MM    MM
2026 08 24 09 40 200  2.0  3.0    MM    MM    MM  MM 1021.0  14.9  16.6  14.7   MM   MM    MM
2026 08 24 09 30 220  2.0  2.0    MM    MM    MM  MM 1021.1  15.0  16.6  14.8   MM   MM    MM
2026 08 24 09 20 210  1.0  2.0   0.7    16   5.4 139 1021.2  15.0  16.6  14.8   MM   MM    MM
2026 08 24 09 10 190  2.0  2.0    MM    MM    MM  MM 1021.2  14.9  16.6  14.7   MM   MM    MM
2026 08 24 09 00 210  2.0  2.0    MM    MM    MM  MM 1021.3  14.9  16.7  14.7   MM -0.7    MM
2026 08 24 08 50 210  2.0  3.0   0.7    16   5.4 223 1021.3  14.9  16.7  14.7   MM   MM    MM
2026 08 24 08 40 210  2.0  3.0    MM    MM    MM  MM 1021.4  15.0  16.7  14.8   MM   MM    MM
2026 08 24 08 30 210  2.0  3.0    MM    MM    MM  MM 1021.5  14.9  16.7  14.7   MM   MM    MM
2026 08 24 08 20 220  2.0  2.0   0.7    16   5.5 219 1021.5  14.9  16.7  14.7   MM   MM    MM
2026 08 24 08 10 210  2.0  3.0    MM    MM    MM  MM 1021.5  14.9  16.7  14.7   MM   MM    MM
2026 08 24 08 00 210  3.0  3.0    MM    MM    MM  MM 1021.6  14.9  16.7  14.7   MM -0.7    MM
2026 08 24 07 50 210  3.0  3.0   0.7    16   5.6  86 1021.6  14.9  16.7  14.7   MM   MM    MM
2026 08 24 07 40 200  3.0  3.0    MM    MM    MM  MM 1021.6  14.9  16.7  14.7   MM   MM    MM
2026 08 24 07 30 200  3.0  4.0    MM    MM    MM  MM 1021.7  14.9  16.7  14.7   MM   MM    MM
2026 08 24 07 20 200  3.0  3.0   0.7    16   5.8 187 1021.7  14.9  16.7  14.7   MM   MM    MM
2026 08 24 07 10 200  3.0  3.0   0.7    MM   5.8 187 1021.7    MM    MM    MM   MM   MM    MM
2026 08 24 07 00 190  2.0  3.0    MM    MM    MM  MM 1021.7  14.8  16.7  14.6   MM -0.5    MM
2026 08 24 06 50 210  2.0  3.0   0.7    16   5.9 124 1021.8  14.9  16.7  14.7   MM   MM    MM
2026 08 24 06 40 210  2.0  3.0    MM    MM    MM  MM 1021.9  14.8  16.7  14.6   MM   MM    MM
2026 08 24 06 30 220  3.0  4.0    MM    MM    MM  MM 1021.9  14.9  16.7  14.7   MM   MM    MM
2026 08 24 06 20 210  3.0  4.0   0.7    MM   5.8 108 1021.9    MM  16.6    MM   MM   MM    MM
2026 08 24 06 10 220  3.0  4.0   0.7    MM   5.8 108 1022.0  15.0  16.7  14.8   MM   MM    MM
2026 08 24 06 00 200  3.0  4.0    MM    MM    MM  MM 1022.0  15.0  16.8  14.8   MM +0.0    MM
2026 08 24 05 50 190  3.0  4.0   0.6    16   5.5 267 1021.7  15.0  16.8  14.8   MM   MM    MM
2026 08 24 05 40 190  3.0  4.0    MM    MM    MM  MM 1022.0  15.0  16.8  14.8   MM   MM    MM
2026 08 24 05 30 200  3.0  4.0    MM    MM    MM  MM 1022.0  15.0  16.8  14.8   MM   MM    MM
2026 08 24 05 20 200  3.0  4.0   0.7    16   5.8 228 1022.1    MM  16.8    MM   MM   MM    MM
2026 08 24 05 10 200  3.0  4.0    MM    MM    MM  MM 1022.1  14.9  16.8  14.7   MM   MM    MM
2026 08 24 05 00 210  3.0  4.0    MM    MM    MM  MM 1022.2  15.0  16.8  14.8   MM -0.0    MM
2026 08 24 04 50 210  3.0  4.0   0.7    16   5.8 166 1022.2  15.0  16.8  14.8   MM   MM    MM
2026 08 24 04 40 220  3.0  4.0    MM    MM    MM  MM 1022.3  14.9  16.8  14.7   MM   MM    MM
2026 08 24 04 30 210  3.0  4.0    MM    MM    MM  MM 1022.2  14.9  16.8  14.7   MM   MM    MM
2026 08 24 04 20 200  3.0  5.0   0.8    15   6.4 168 1022.1  14.9  16.8  14.7   MM   MM    MM
2026 08 24 04 10 210  3.0  4.0   0.8    MM   6.4 168 1022.1  14.9  16.9  14.7   MM   MM    MM
2026 08 24 04 00 210  3.0  5.0    MM    MM    MM  MM 1022.2  14.8  16.9  14.6   MM -0.6    MM
2026 08 24 03 50 220  4.0  5.0   0.7    16   6.1 120 1022.3  14.9  16.9  14.7   MM   MM    MM
2026 08 24 03 40 220  3.0  4.0    MM    MM    MM  MM 1022.1  15.0  16.9  14.8   MM   MM    MM
2026 08 24 03 30 210  3.0  4.0    MM    MM    MM  MM 1022.1  15.0  16.9  14.8   MM   MM    MM
2026 08 24 03 20 200  3.0  4.0   0.7    15   6.4 265 1022.0  15.2  16.9  15.0   MM   MM    MM
2026 08 24 03 10 210  3.0  4.0   0.7    MM   6.4 265 1022.0  15.1  16.9  14.8   MM   MM    MM
2026 08 24 03 00 210  4.0  5.0    MM    MM    MM  MM 1022.1  15.4  16.8  15.0   MM -1.2    MM
2026 08 24 02 50 220  4.0  5.0   0.7    16   6.0 169 1022.2  15.5  16.9  15.0   MM   MM    MM
2026 08 24 02 40 210  3.0  5.0    MM    MM    MM  MM 1022.2  15.6  16.9  15.1   MM   MM    MM
2026 08 24 02 30 200  4.0  5.0    MM    MM    MM  MM 1022.2  15.7  16.9  15.1   MM   MM    MM
2026 08 24 02 20 210  4.0  5.0   0.7    15   6.1 178 1022.3  15.8  16.9  15.2   MM   MM    MM
2026 08 24 02 10 210  4.0  5.0   0.7    MM   6.1 178 1022.4  15.9  16.9  15.2   MM   MM    MM
2026 08 24 02 00 220  4.0  6.0    MM    MM    MM  MM 1022.5  16.0  16.9  15.3   MM -1.2    MM
2026 08 24 01 50 210  4.0  4.0   0.8    16   6.5 189 1022.6  16.2  17.0  15.4   MM   MM    MM
2026 08 24 01 40 230  4.0  5.0   0.8    MM   6.5 189 1022.5  16.1  17.0  15.4   MM   MM    MM
2026 08 24 01 30 220  4.0  5.0    MM    MM    MM  MM 1022.7  15.9  17.0  15.4   MM   MM    MM
2026 08 24 01 20 220  4.0  5.0   0.7    16   6.3 149 1022.7  16.0  17.1  15.5   MM   MM    MM
2026 08 24 01 10 220  3.0  5.0   0.7    MM   6.3 149 1022.7  16.0  17.1  15.5   MM   MM    MM
2026 08 24 01 00 230  3.0  4.0    MM    MM    MM  MM 1022.8  15.9  17.1  15.6   MM -0.9    MM
2026 08 24 00 50 230  4.0  4.0   0.8    16   6.8 171 1022.9    MM  17.1    MM   MM   MM    MM
2026 08 24 00 40 230  4.0  4.0    MM    MM    MM  MM 1023.0  16.0  17.1  15.5   MM   MM    MM
2026 08 24 00 30 230  4.0  5.0    MM    MM    MM  MM 1023.0  16.4  17.1  15.7   MM   MM    MM
2026 08 24 00 20 240  3.0  4.0   0.7    16   6.2 224 1023.1  16.5  17.1  15.7   MM   MM    MM
2026 08 24 00 10 230  3.0  4.0   0.7    MM   6.2 224 1023.2  16.5  17.0  15.7   MM   MM    MM
2026 08 24 00 00 230  3.0  3.0    MM    MM    MM  MM 1023.3  16.6  17.1  15.8   MM +0.0    MM
2026 08 23 23 50 230  3.0  4.0   0.8    15   6.3 174 1023.4  16.6  17.1  15.8   MM   MM    MM
2026 08 23 23 40 230  3.0  4.0   0.8    MM   6.3 174 1023.6  16.6  17.1  15.8   MM   MM    MM
2026 08 23 23 20 240  3.0  3.0   0.7    16   6.0 224 1023.6  16.5  17.0  15.8   MM   MM    MM
2026 08 23 23 10 240  3.0  3.0   0.7    MM   6.0 224 1023.7  16.5  17.0  15.8   MM   MM    MM
2026 08 23 23 00 230  3.0  3.0    MM    MM    MM  MM 1023.7  16.6  17.0  15.8   MM +0.0    MM
2026 08 23 22 50 230  4.0  4.0   0.8    16   6.1 131 1023.7  16.5  16.9  15.7   MM   MM    MM
2026 08 23 22 40 240  4.0  4.0   0.8    MM   6.1 131 1023.7  16.6  17.0  15.8   MM   MM    MM
2026 08 23 22 30 240  4.0  4.0    MM    MM    MM  MM 1023.7  16.6  16.9  15.8   MM   MM    MM
2026 08 23 22 20 240  4.0  4.0   0.8    16   5.9 179 1023.7  16.5  16.8  15.7   MM   MM    MM
2026 08 23 22 10 250  4.0  4.0   0.8    MM   5.9 179 1023.7  16.5  16.8  15.8   MM   MM    MM
2026 08 23 22 00 240  4.0  4.0    MM    MM    MM  MM 1023.7  16.4  16.8  15.8   MM -0.0    MM
2026 08 23 21 50 250  4.0  4.0   0.8     6   5.7 339 1023.6  16.5  16.8  15.9   MM   MM    MM
2026 08 23 21 40 240  4.0  4.0    MM    MM    MM  MM 1023.6  16.6  16.7  15.9   MM   MM    MM
2026 08 23 21 30 230  3.0  4.0    MM    MM    MM  MM 1023.5  16.6  16.4  15.9   MM   MM    MM
2026 08 23 21 20 240  3.0  4.0   0.8    16   5.9 264 1023.5  16.5  16.5  15.8   MM   MM    MM
2026 08 23 21 10 230  3.0  4.0   0.8    MM   5.9 264 1023.5  16.5  16.7  15.8   MM   MM    MM
2026 08 23 21 00 230  3.0  4.0    MM    MM    MM  MM 1023.5  16.6  16.7  15.8   MM +0.0    MM
2026 08 23 20 50 240  3.0  4.0   0.8    16   5.8 196 1023.5  16.5  16.7  15.7   MM   MM    MM
2026 08 23 20 40 240  3.0  3.0   0.8    MM   5.8 196 1023.5  16.6  16.6  15.7   MM   MM    MM
2026 08 23 20 30 230  2.0  3.0    MM    MM    MM  MM 1023.4  16.6  16.5  15.8   MM   MM    MM
2026 08 23 20 20 240  2.0  3.0   0.8     6   5.8 352 1023.5  16.5  16.5  15.7   MM   MM    MM
2026 08 23 20 10 240  2.0  3.0   0.8    MM   5.8 352 1023.4  16.5  16.5  15.8   MM   MM    MM
2026 08 23 20 00 230  2.0  3.0    MM    MM    MM  MM 1023.4  16.5  16.5  15.8   MM +0.0    MM
2026 08 23 19 50 230  2.0  3.0   0.9    16   6.1 180 1023.5  16.4  16.5  15.7   MM   MM    MM
2026 08 23 19 40 250  3.0  3.0    MM    MM    MM  MM 1023.7  16.4  16.5  15.8   MM   MM    MM
2026 08 23 19 30 240  3.0  4.0    MM    MM    MM  MM 1023.7  16.5  16.4  15.8   MM   MM    MM
2026 08 23 19 20 250  3.0  4.0   0.9    15   5.8 309 1023.7  16.6  16.3  15.9   MM   MM    MM
2026 08 23 19 10 250  3.0  4.0   0.9    MM   5.8 309 1023.7  16.8  16.3  15.9   MM   MM    MM
2026 08 23 19 00 250  2.0  3.0    MM    MM    MM  MM 1023.8  16.7  16.3  15.8   MM +0.3    MM
2026 08 23 18 50 240  2.0  3.0   0.8    15   5.7 198 1023.5  16.7  16.3  15.9   MM   MM    MM
2026 08 23 18 40 250  2.0  2.0    MM    MM    MM  MM 1023.7  16.6  16.3  15.9   MM   MM    MM
2026 08 23 18 30 250  2.0  2.0    MM    MM    MM  MM 1023.7  16.5  16.2  15.9   MM   MM    MM
2026 08 23 18 20 260  2.0  2.0   0.9    MM   5.9 210 1023.6    MM  16.2    MM   MM   MM    MM
2026 08 23 18 10 260  2.0  2.0   0.9    MM   5.9 210 1023.6  16.5  16.2  15.9   MM   MM    MM
2026 08 23 18 00 260  2.0  3.0    MM    MM    MM  MM 1023.7  16.4  16.2  15.8   MM +0.4    MM
2026 08 23 17 50 260  2.0  3.0   0.8    16   5.3 147 1023.7  16.3    MM  15.7   MM   MM    MM
2026 08 23 17 40 280  2.0  3.0   0.8    MM   5.3 147 1023.6  16.2  16.2  15.6   MM   MM    MM
2026 08 23 17 30 300  2.0  3.0    MM    MM    MM  MM 1023.7  16.2  16.2  15.6   MM   MM    MM
2026 08 23 17 20 310  2.0  3.0   0.9     7   5.7 333 1023.6  16.2  16.1  15.7   MM   MM    MM
2026 08 23 17 10 300  2.0  3.0   0.9    MM   5.7 333 1023.6  16.2  16.1  15.8   MM   MM    MM
2026 08 23 17 00 300  3.0  3.0    MM    MM    MM  MM 1023.6  16.2  16.1  15.8   MM +0.8    MM
2026 08 23 16 50 290  3.0  3.0   0.9     6   5.7   0 1023.7  16.1  16.1  15.7   MM   MM    MM
2026 08 23 16 40 290  2.0  3.0   0.9    MM   5.7   0 1023.6  16.1  16.1  15.7   MM   MM    MM
2026 08 23 16 30 290  3.0  4.0    MM    MM    MM  MM 1023.7  16.1  16.1  15.7   MM   MM    MM
2026 08 23 16 20 280  3.0  4.0   0.9     7   5.5 344 1023.6  16.1  16.1  15.7   MM   MM    MM
2026 08 23 16 10 270  2.0  3.0   0.9    MM   5.5 344 1023.5  16.1  16.1  15.8   MM   MM    MM
2026 08 23 16 00 260  2.0  3.0    MM    MM    MM  MM 1023.4  16.1  16.1  15.8   MM +0.9    MM
2026 08 23 15 50 270  2.0  3.0   0.9     6   5.6 346 1023.4  16.1  16.1  15.8   MM   MM    MM
2026 08 23 15 40 280  1.0  2.0   0.9    MM   5.6 346 1023.4  16.0  16.0  15.7   MM   MM    MM
2026 08 23 15 30 280  2.0  2.0    MM    MM    MM  MM 1023.4  15.9  16.0  15.6   MM   MM    MM
2026 08 23 15 20 290  2.0  2.0   1.0     7   5.8 318 1023.3  15.9  16.0  15.6   MM   MM    MM
2026 08 23 15 10 290  2.0  3.0   1.0    MM   5.8 318 1023.2  15.8  16.0  15.5   MM   MM    MM
2026 08 23 15 00 290  2.0  3.0    MM    MM    MM  MM 1023.1  15.8  16.0  15.5   MM +0.6    MM
2026 08 23 14 50 290  3.0  3.0   1.0    16   6.0 218 1023.0  15.8  16.0  15.5   MM   MM    MM
2026 08 23 14 40 290  3.0  3.0    MM    MM    MM  MM 1023.0  15.9  16.0  15.7   MM   MM    MM
2026 08 23 14 30 300  3.0  3.0    MM    MM    MM  MM 1023.0  15.9  16.0  15.7   MM   MM    MM
2026 08 23 14 20 300  3.0  4.0   1.0     7   5.8 353 1022.8  15.9  16.0  15.7   MM   MM    MM
2026 08 23 14 10 300  3.0  4.0    MM    MM    MM  MM 1022.8  15.9  16.0  15.7   MM   MM    MM
2026 08 23 14 00 290  3.0  4.0    MM    MM    MM  MM 1022.8  15.9  16.0  15.7   MM +0.4    MM
2026 08 23 13 50 280  3.0  4.0   0.9     6   5.7 354 1022.8  15.9  16.0  15.7   MM   MM    MM
2026 08 23 13 40 280  4.0  4.0   0.9    MM   5.7 354 1022.6  15.9  16.0  15.7   MM   MM    MM
2026 08 23 13 30 280  3.0  4.0    MM    MM    MM  MM 1022.5  15.9  16.0  15.7   MM   MM    MM
2026 08 23 13 20 280  3.0  4.0   0.9     7   5.5 351 1022.6  15.9  16.0  15.7   MM   MM    MM
2026 08 23 13 10 280  4.0  4.0   0.9    MM   5.5 351 1022.6  15.9  16.0  15.7   MM   MM    MM
2026 08 23 13 00 270  4.0  5.0    MM    MM    MM  MM 1022.5  15.9  16.0  15.7   MM +0.0    MM
2026 08 23 12 50 270  4.0  4.0   1.0    16   5.8 112 1022.6  15.9    MM  15.7   MM   MM    MM
2026 08 23 12 40 260  3.0  4.0   1.0    MM   5.8 112 1022.6  15.9  16.0  15.7   MM   MM    MM
2026 08 23 12 30 270  3.0  4.0    MM    MM    MM  MM 1022.6  15.9  16.0  15.7   MM   MM    MM
2026 08 23 12 20 270  4.0  4.0   1.0     6   5.7 348 1022.5  15.9  16.0  15.7   MM   MM    MM
2026 08 23 12 10 260  4.0  4.0   1.0    MM   5.7 348 1022.4  15.9  16.0  15.7   MM   MM    MM
2026 08 23 12 00 260  4.0  4.0    MM    MM    MM  MM 1022.4  15.9  16.0  15.7   MM +0.0    MM
2026 08 23 11 50 270  4.0  4.0   1.0     7   5.7 336 1022.4  15.9  16.0  15.7   MM   MM    MM
2026 08 23 11 40 270  4.0  5.0   1.0    MM   5.7 336 1022.4  15.9  16.0  15.7   MM   MM    MM
2026 08 23 11 30 270  4.0  5.0    MM    MM    MM  MM 1022.5  15.9  16.0  15.7   MM   MM    MM
2026 08 23 11 20 270  4.0  5.0   1.1     6   5.7 349 1022.4  15.9  16.0  15.7   MM   MM    MM
2026 08 23 11 10 260  4.0  5.0   1.1    MM   5.7 349 1022.4  15.9  16.0  15.7   MM   MM    MM
2026 08 23 11 00 260  3.0  4.0    MM    MM    MM  MM 1022.3  15.9  16.0  15.7   MM +0.0    MM
2026 08 23 10 50 270  3.0  4.0   1.0     6   5.5 333 1022.3  15.9  16.0  15.7   MM   MM    MM
2026 08 23 10 40 270  3.0  4.0    MM    MM    MM  MM 1022.3  15.9  16.0  15.7   MM   MM    MM
2026 08 23 10 30 270  3.0  4.0    MM    MM    MM  MM 1022.3  15.9  16.0  15.7   MM   MM    MM
2026 08 23 10 20 260  3.0  4.0   1.1     7   5.7 358 1022.2  15.8  16.0  15.6   MM   MM    MM
2026 08 23 10 10 260  3.0  4.0   1.1    MM   5.7 358 1022.3  15.7  16.0  15.5   MM   MM    MM
2026 08 23 10 00 260  2.0  3.0    MM    MM    MM  MM 1022.3  15.6  16.0  15.4   MM +0.0    MM
2026 08 23 09 50 270  2.0  2.0   1.0     6   5.5 358 1022.3  15.5  16.0  15.3   MM   MM    MM
2026 08 23 09 40 280  2.0  2.0   1.0    MM   5.5 358 1022.3  15.4  16.0  15.2   MM   MM    MM
2026 08 23 09 30 280  2.0  2.0    MM    MM    MM  MM 1022.4  15.4  16.0  15.2   MM   MM    MM
2026 08 23 09 20 290  2.0  3.0   1.1     7   5.7 320 1022.4  15.3  16.0  15.1   MM   MM    MM
2026 08 23 09 10 290  3.0  4.0   1.1    MM   5.7 320 1022.6  15.3  16.0  15.1   MM   MM    MM
2026 08 23 09 00 290  3.0  4.0    MM    MM    MM  MM 1022.5  15.4  16.0  15.2   MM +0.0    MM
2026 08 23 08 50 280  4.0  4.0   1.1     7   5.4 348 1022.5  15.4  16.0  15.2   MM   MM    MM
2026 08 23 08 40 280  4.0  4.0    MM    MM    MM  MM 1022.6  15.6  16.0  15.4   MM   MM    MM
2026 08 23 08 30 270  4.0  5.0    MM    MM    MM  MM 1022.5  15.8  16.0  15.5   MM   MM    MM
2026 08 23 08 20 280  3.0  4.0   1.2     7   5.7 352 1022.6  15.9  16.0  15.5   MM   MM    MM
2026 08 23 08 10 290  3.0  3.0    MM    MM    MM  MM 1022.6  15.9  16.0  15.5   MM   MM    MM
2026 08 23 08 00 290  3.0  4.0    MM    MM    MM  MM 1022.6  15.9  16.0  15.4   MM -0.0    MM
2026 08 23 07 50 290  3.0  4.0   1.2     6   5.6 348 1022.5  15.9  16.0  15.5   MM   MM    MM
2026 08 23 07 40 290  4.0  4.0    MM    MM    MM  MM 1022.6  15.9  16.0  15.6   MM   MM    MM
2026 08 23 07 30 280  4.0  4.0    MM    MM    MM  MM 1022.6  15.9  16.0  15.6   MM   MM    MM
2026 08 23 07 20 290  4.0  4.0   1.3     7   5.5   2 1022.5    MM  16.0    MM   MM   MM    MM
2026 08 23 07 10 280  4.0  4.0    MM    MM    MM  MM 1022.5  16.0  16.0  15.8   MM   MM    MM
2026 08 23 07 00 280  4.0  5.0    MM    MM    MM  MM 1022.5  16.0  16.0  15.8   MM +0.0    MM
2026 08 23 06 50 290  4.0  5.0   1.3     7   5.5 351 1022.4    MM  16.0    MM   MM   MM    MM
2026 08 23 06 40 290  4.0  5.0    MM    MM    MM  MM 1022.4  16.0  16.0  15.7   MM   MM    MM
2026 08 23 06 30 290  4.0  5.0    MM    MM    MM  MM 1022.3  16.0  16.0  15.7   MM   MM    MM
2026 08 23 06 20 300  4.0  5.0   1.4     7   5.7 357 1022.3  16.0  16.0  15.7   MM   MM    MM
2026 08 23 06 10 290  4.0  5.0   1.4    MM   5.7 357 1022.3  16.0  16.0  15.7   MM   MM    MM
2026 08 23 06 00 300  4.0  5.0    MM    MM    MM  MM 1022.5  16.1  16.0  15.8   MM +0.0    MM
2026 08 23 05 50 300  5.0  6.0   1.4     7   5.7 355 1022.4  16.1    MM  15.7   MM   MM    MM
2026 08 23 05 40 300  5.0  6.0   1.4    MM   5.7 355 1022.4  16.0  16.0  15.6   MM   MM    MM
2026 08 23 05 30 290  5.0  6.0    MM    MM    MM  MM 1022.5  16.1  16.0  15.7   MM   MM    MM
2026 08 23 05 20 290  5.0  6.0   1.4     8   5.6 357 1022.6  16.1  16.0  15.6   MM   MM    MM
2026 08 23 05 10 290  4.0  5.0   1.4    MM   5.6 357 1022.6  16.1  16.0  15.6   MM   MM    MM
2026 08 23 05 00 300  4.0  5.0    MM    MM    MM  MM 1022.7  16.1  16.0  15.6   MM +0.6    MM
2026 08 23 04 50 290  4.0  5.0   1.4     7   5.7 357 1022.7  16.1  16.0  15.5   MM   MM    MM
2026 08 23 04 40 300  4.0  5.0   1.4    MM   5.7 357 1022.6  16.1    MM  15.5   MM   MM    MM
2026 08 23 04 30 300  4.0  5.0    MM    MM    MM  MM 1022.5  16.1  16.0  15.5   MM   MM    MM
2026 08 23 04 20 300  4.0  5.0   1.4     8   5.7   4 1022.3  16.1  16.0  15.5   MM   MM    MM
2026 08 23 04 10 300  5.0  5.0   1.4    MM   5.7   4 1022.3  16.1  16.0  15.5   MM   MM    MM
2026 08 23 04 00 300  5.0  6.0    MM    MM    MM  MM 1022.3  16.1  16.0  15.5   MM +0.4    MM
2026 08 23 03 50 300  5.0  6.0   1.4     8   5.5  11 1022.3  16.1  16.0  15.5   MM   MM    MM
2026 08 23 03 40 300  5.0  6.0   1.4    MM   5.5  11 1022.2  16.0  16.0  15.4   MM   MM    MM
2026 08 23 03 30 310  4.0  5.0    MM    MM    MM  MM 1022.2  16.1  16.0  15.5   MM   MM    MM
2026 08 23 03 20 300  4.0  6.0   1.5     7   5.5 357 1022.3  16.1  16.0  15.5   MM   MM    MM
2026 08 23 03 10 300  5.0  6.0   1.5    MM   5.5 357 1022.3  16.1  16.0  15.5   MM   MM    MM
2026 08 23 03 00 310  5.0  6.0    MM    MM    MM  MM 1022.3  16.1  16.0  15.5   MM +0.7    MM
2026 08 23 02 50 310  5.0  6.0   1.6     7   5.7   1 1022.3  16.1  16.0  15.4   MM   MM    MM
2026 08 23 02 40 300  5.0  6.0    MM    MM    MM  MM 1022.3  16.2  16.0  15.3   MM   MM    MM
2026 08 23 02 30 310  6.0  7.0    MM    MM    MM  MM 1022.3  16.2  16.0  15.2   MM   MM    MM
2026 08 23 02 20 310  6.0  7.0   1.6     6   5.5 343 1022.2  16.3  16.0  15.1   MM   MM    MM
2026 08 23 02 10 320  6.0  8.0   1.6    MM   5.5 343 1022.2  16.6  16.0  14.8   MM   MM    MM
2026 08 23 02 00 330  7.0  9.0    MM    MM    MM  MM 1022.2  16.6  16.0  14.7   MM +0.8    MM
2026 08 23 01 50 320  6.0  8.0   1.6     7   5.3   0 1022.1  16.4  16.0  14.8   MM   MM    MM
2026 08 23 01 40 320  6.0  7.0   1.6    MM   5.3   0 1022.1  16.4  16.0  14.9   MM   MM    MM
2026 08 23 01 30 320  6.0  7.0    MM    MM    MM  MM 1022.1  16.4  16.0  14.9   MM   MM    MM
2026 08 23 01 20 320  6.0  8.0   1.5     6   5.1   0 1022.0  16.4  16.0  14.8   MM   MM    MM
2026 08 23 01 10 320  6.0  7.0   1.5    MM   5.1   0 1021.9  16.4  16.0  14.8   MM   MM    MM
2026 08 23 01 00 320  6.0  8.0    MM    MM    MM  MM 1021.9  16.4  16.0  14.8   MM +0.8    MM
2026 08 23 00 50 320  6.0  7.0   1.6     7   5.3 356 1021.9  16.3  16.0  14.8   MM   MM    MM
2026 08 23 00 40 330  6.0  8.0   1.6    MM   5.3 356 1021.8  16.4  16.0  14.9   MM   MM    MM
2026 08 23 00 30 320  7.0  8.0    MM    MM    MM  MM 1021.9  16.4    MM  14.7   MM   MM    MM
2026 08 23 00 20 330  7.0  9.0   1.7     6   5.3 349 1021.8  16.4  16.0  14.6   MM   MM    MM
2026 08 23 00 10 320  7.0  9.0   1.7    MM   5.3 349 1021.7  16.3  16.0  14.8   MM   MM    MM
2026 08 23 00 00 320  7.0  9.0    MM    MM    MM  MM 1021.7  16.3  16.0  14.7   MM +0.9    MM
2026 08 22 23 50 320  7.0  9.0   1.7     7   5.3 350 1021.7    MM  16.0    MM   MM   MM    MM
2026 08 22 23 40 330  8.0  9.0    MM    MM    MM  MM 1021.7  16.3  16.0  14.8   MM   MM    MM
2026 08 22 23 20 320  8.0  9.0   1.7     8   5.3 349 1021.6  16.3  16.0  14.9   MM   MM    MM
2026 08 22 23 10 320  8.0  9.0   1.7    MM   5.3 349 1021.5  16.3  16.0  15.0   MM   MM    MM
2026 08 22 23 00 320  8.0  9.0    MM    MM    MM  MM 1021.5  16.3  16.0  15.0   MM +0.8    MM
2026 08 22 22 50 320  8.0  9.0   1.8     7   5.5 355 1021.4  16.3  16.0  15.0   MM   MM    MM
2026 08 22 22 40 320  8.0  9.0    MM    MM    MM  MM 1021.2  16.3  16.0  15.0   MM   MM    MM
2026 08 22 22 30 320  8.0 10.0    MM    MM    MM  MM 1021.3  16.3  16.0  15.0   MM   MM    MM
2026 08 22 22 20 320  8.0 10.0   1.7     8   5.2 345 1021.2  16.3  16.0  15.1   MM   MM    MM
2026 08 22 22 10 310  8.0 10.0   1.7    MM   5.2 345 1021.3  16.3  16.0  15.0   MM   MM    MM
2026 08 22 22 00 320  8.0 11.0    MM    MM    MM  MM 1021.2  16.3  16.0  15.0   MM +0.4    MM
2026 08 22 21 50 320  8.0 10.0   1.9     8   5.4 358 1021.2  16.3  16.0  15.0   MM   MM    MM
2026 08 22 21 40 320  8.0  9.0    MM    MM    MM  MM 1021.1  16.3  16.0  15.0   MM   MM    MM
2026 08 22 21 30 320  8.0  9.0    MM    MM    MM  MM 1021.1  16.3  16.0  15.0   MM   MM    MM
2026 08 22 21 20 320  8.0 10.0   1.7     7   5.3 356 1021.0    MM  16.0    MM   MM   MM    MM
2026 08 22 21 10 320  8.0 11.0    MM    MM    MM  MM 1021.0  16.2  16.0  14.9   MM   MM    MM
2026 08 22 21 00 310  9.0 10.0    MM    MM    MM  MM 1020.9  16.2  16.0  15.0   MM +0.3    MM
2026 08 22 20 50 320  9.0 10.0   1.7     8   5.3 354 1020.8  16.2  16.0  15.0   MM   MM    MM
2026 08 22 20 40 320  9.0 10.0   1.7    MM   5.3 354 1020.8  16.2  16.0  15.1   MM   MM    MM
2026 08 22 20 30 320  8.0 10.0    MM    MM    MM  MM 1020.8  16.2  16.0  15.2   MM   MM    MM
2026 08 22 20 20 320  8.0 10.0   1.8     8   5.3 350 1020.8  16.1  16.0  15.1   MM   MM    MM
2026 08 22 20 10 320  8.0 10.0    MM    MM    MM  MM 1020.7  16.1  16.0  15.2   MM   MM    MM
2026 08 22 20 00 320  8.0 10.0   1.8    MM   5.3 350 1020.7  16.1  16.0  15.2   MM +0.0    MM
2026 08 22 19 50 320  8.0 10.0   2.0     7   5.5 359 1020.7  16.0  16.0  15.2   MM   MM    MM
2026 08 22 19 40 320  9.0 10.0   2.0    MM   5.5 359 1020.6  15.9  16.0  15.2   MM   MM    MM
2026 08 22 19 30 320  9.0 11.0    MM    MM    MM  MM 1020.7  15.9  16.0  15.1   MM   MM    MM
2026 08 22 19 20 320  8.0 10.0   2.0     8   5.4 358 1020.7  15.8  16.0  15.1   MM   MM    MM
2026 08 22 19 10 320  9.0 11.0   2.0    MM   5.4 358 1020.8  15.6  16.0  15.2   MM   MM    MM
2026 08 22 19 00 330  9.0 11.0    MM    MM    MM  MM 1020.7  15.7    MM  15.3   MM +0.7    MM
2026 08 22 18 50 330  9.0 11.0   2.0     7   5.6 349 1020.7  15.8  16.0  15.3   MM   MM    MM
2026 08 22 18 40 330 10.0 12.0   2.0    MM   5.6 349 1020.7  15.8  16.0  15.2   MM   MM    MM
2026 08 22 18 30 330 10.0 12.0    MM    MM    MM  MM 1020.7  15.7  16.0  15.2   MM   MM    MM
2026 08 22 18 20 330  9.0 11.0   2.1     8   5.5   0 1020.7  15.7  16.0  15.2   MM   MM    MM
2026 08 22 18 10 320 10.0 12.0   2.1    MM   5.5   0 1020.6  15.7  16.0  15.2   MM   MM    MM
2026 08 22 18 00 320 10.0 13.0    MM    MM    MM  MM 1020.6  15.6  16.0  15.1   MM +0.7    MM
2026 08 22 17 50 320 10.0 12.0   1.9     8   5.5   7 1020.6  15.6  16.0  15.2   MM   MM    MM
2026 08 22 17 40 330 10.0 12.0   1.9    MM   5.5   7 1020.5  15.6  16.0  15.1   MM   MM    MM
2026 08 22 17 30 320  9.0 12.0    MM    MM    MM  MM 1020.5  15.6  16.0  15.1   MM   MM    MM
2026 08 22 17 20 320 10.0 12.0   2.0     8   5.5   6 1020.5  15.4  16.0  14.9   MM   MM    MM
2026 08 22 17 10 320 10.0 12.0    MM    MM    MM  MM 1020.5  15.3    MM  14.9   MM   MM    MM
2026 08 22 17 00 320  9.0 11.0    MM    MM    MM  MM 1020.4  15.3  16.0  14.9   MM +0.9    MM
2026 08 22 16 50 320  9.0 11.0   2.0     8   5.7 359 1020.4  15.3    MM  14.9   MM   MM    MM
2026 08 22 16 40 320  9.0 11.0   2.0    MM   5.7 359 1020.4  15.2  16.0  15.0   MM   MM    MM
2026 08 22 16 30 320  9.0 11.0    MM    MM    MM  MM 1020.4  15.2  16.0  15.0   MM   MM    MM
2026 08 22 16 20 320  9.0 11.0   1.9     7   5.5 353 1020.3  15.3  15.9  15.0   MM   MM    MM
2026 08 22 16 10 320  9.0 12.0   1.9    MM   5.5 353 1020.2  15.3  15.9  14.9   MM   MM    MM
2026 08 22 16 00 320 10.0 12.0    MM    MM    MM  MM 1020.1  15.2  15.9  14.9   MM +1.0    MM
2026 08 22 15 50 320  9.0 11.0   1.9     8   5.5 355 1020.0  15.2  15.9  14.9   MM   MM    MM
2026 08 22 15 40 320  9.0 11.0    MM    MM    MM  MM 1020.0  15.4  15.9  14.9   MM   MM    MM
2026 08 22 15 30 320  9.0 11.0    MM    MM    MM  MM 1020.0  15.2  15.9  14.8   MM   MM    MM
2026 08 22 15 20 330  9.0 11.0   2.0     8   5.5 352 1020.0  15.1  15.9  14.8   MM   MM    MM
2026 08 22 15 10 320  8.0 11.0   2.0    MM   5.5 352 1020.0  15.2  15.9  15.0   MM   MM    MM
2026 08 22 15 00 320  9.0 10.0    MM    MM    MM  MM 1019.9  15.2  15.9  14.9   MM +0.9    MM
2026 08 22 14 50 320  9.0 11.0   2.0     7   5.7 355 1019.9  15.1  15.9  14.8   MM   MM    MM
2026 08 22 14 40 320  9.0 11.0    MM    MM    MM  MM 1019.8  15.1  15.9  14.8   MM   MM    MM
2026 08 22 14 30 320  9.0 11.0    MM    MM    MM  MM 1019.7  15.1  15.9  14.8   MM   MM    MM
2026 08 22 14 20 320  9.0 11.0   2.0     7   5.6 355 1019.7  15.3  15.9  15.0   MM   MM    MM
2026 08 22 14 10 320  9.0 10.0   2.0    MM   5.6 355 1019.6  15.4  15.9  14.9   MM   MM    MM
2026 08 22 14 00 320  8.0 11.0    MM    MM    MM  MM 1019.5  15.2  15.9  14.9   MM +0.6    MM
2026 08 22 13 50 320  8.0 10.0    MM    MM    MM  MM 1019.4    MM    MM    MM   MM   MM    MM
2026 08 22 13 40 330  9.0 10.0    MM    MM    MM  MM 1019.3  15.2  16.0  14.9   MM   MM    MM
2026 08 22 13 30 320  8.0 11.0    MM    MM    MM  MM 1019.3  15.2  16.0  15.0   MM   MM    MM
2026 08 22 13 20 330  8.0 10.0   2.0     7   5.7 353 1019.2  15.2  16.0  14.9   MM   MM    MM
2026 08 22 13 10 330  9.0 11.0   2.0    MM   5.7 353 1019.1  15.2  16.0  14.9   MM   MM    MM
2026 08 22 13 00 320  9.0 11.0    MM    MM    MM  MM 1019.1  15.2  16.0  15.0   MM +0.0    MM
2026 08 22 12 50 330  8.0 10.0   1.9     7   5.4 356 1019.0  15.3  16.0  15.1   MM   MM    MM
2026 08 22 12 40 320  9.0 11.0   1.9    MM   5.4 356 1019.0  15.4  16.0  15.0   MM   MM    MM
2026 08 22 12 30 320  9.0 11.0    MM    MM    MM  MM 1018.9  15.3  16.0  14.9   MM   MM    MM
2026 08 22 12 20 330  9.0 11.0   2.0     7   5.6 349 1019.0  15.4  16.0  15.0   MM   MM    MM
2026 08 22 12 10 330  9.0 10.0   2.0    MM   5.6 349 1019.0  15.2  16.0  14.9   MM   MM    MM
2026 08 22 12 00 330  8.0 11.0    MM    MM    MM  MM 1019.0  15.3  16.0  15.0   MM +0.0    MM
2026 08 22 11 50 330  9.0 11.0   2.1     7   5.5 354 1019.0  15.3  16.0  15.0   MM   MM    MM
2026 08 22 11 40 330 10.0 12.0    MM    MM    MM  MM 1019.0  15.2  16.0  14.9   MM   MM    MM
2026 08 22 11 30 330  9.0 12.0    MM    MM    MM  MM 1019.0  15.2  16.0  15.0   MM   MM    MM
2026 08 22 11 20 330  9.0 11.0   2.0     7   5.5 353 1019.0  15.3  16.0  15.1   MM   MM    MM
2026 08 22 11 10 330  9.0 11.0   2.0    MM   5.5 353 1018.9  15.4  16.0  15.1   MM   MM    MM
2026 08 22 11 00 330 10.0 12.0    MM    MM    MM  MM 1018.9  15.3  16.0  15.0   MM +0.0    MM
2026 08 22 10 50 330 10.0 12.0   1.9     7   5.3 354 1018.8  15.4  16.0  15.1   MM   MM    MM
2026 08 22 10 40 330  9.0 12.0    MM    MM    MM  MM 1018.7  15.5  16.0  15.2   MM   MM    MM
2026 08 22 10 30 330 10.0 12.0    MM    MM    MM  MM 1018.7  15.4  16.0  15.1   MM   MM    MM
2026 08 22 10 20 330 10.0 12.0   2.0    MM   5.4 357 1018.8    MM  16.0    MM   MM   MM    MM
2026 08 22 10 10 330 10.0 12.0   2.0    MM   5.4 357 1018.8  15.4  16.0  15.2   MM   MM    MM
2026 08 22 10 00 330 10.0 12.0    MM    MM    MM  MM 1018.8  15.4  16.0  15.1   MM +0.0    MM
2026 08 22 09 50 330 10.0 12.0   2.0     7   5.5   1 1018.7  15.3  16.0  15.0   MM   MM    MM
2026 08 22 09 40 340  9.0 12.0   2.0    MM   5.5   1 1018.7  15.3  16.0  15.1   MM   MM    MM
2026 08 22 09 30 330  9.0 11.0    MM    MM    MM  MM 1018.8  15.3  16.0  15.1   MM   MM    MM
2026 08 22 09 20 330  9.0 11.0   2.0     7   5.4   2 1018.8  15.4  16.0  15.1   MM   MM    MM
2026 08 22 09 10 330 10.0 12.0    MM    MM    MM  MM 1018.9  15.3  16.0  15.1   MM   MM    MM
2026 08 22 09 00 330 10.0 11.0    MM    MM    MM  MM 1018.9  15.3  16.0  15.0   MM +0.0    MM
2026 08 22 08 50 330  9.0 11.0   2.0     7   5.3 355 1018.9  15.4  16.0  15.2   MM   MM    MM
2026 08 22 08 40 330 10.0 12.0    MM    MM    MM  MM 1018.8  15.4  16.0  15.1   MM   MM    MM
2026 08 22 08 30 330  9.0 10.0    MM    MM    MM  MM 1018.9  15.4  16.0  15.1   MM   MM    MM
2026 08 22 08 20 340  9.0 11.0   1.9     7   5.3   7 1018.9  15.5  16.0  15.2   MM   MM    MM
2026 08 22 08 10 340  9.0 11.0    MM    MM    MM  MM 1018.9  15.4  16.0  15.1   MM   MM    MM
2026 08 22 08 00 340  9.0 10.0    MM    MM    MM  MM 1019.1  15.5  16.0  15.2   MM +0.0    MM
2026 08 22 07 50 330  9.0 12.0   1.9     7   5.2 345 1019.0  15.4  16.0  15.1   MM   MM    MM
2026 08 22 07 40 330  8.0 11.0    MM    MM    MM  MM 1018.9  15.5    MM  15.3   MM   MM    MM
2026 08 22 07 30 330  9.0 11.0    MM    MM    MM  MM 1018.9  15.5  16.0  15.1   MM   MM    MM
2026 08 22 07 20 340 10.0 12.0   1.8    MM   5.3 346 1018.9    MM  16.0    MM   MM   MM    MM
2026 08 22 07 10 330 10.0 12.0   1.8    MM   5.3 346 1018.8  15.4  16.0  15.1   MM   MM    MM
2026 08 22 07 00 330  9.0 11.0    MM    MM    MM  MM 1018.8  15.4  16.0  15.1   MM +0.0    MM
2026 08 22 06 50 330  9.0 11.0   2.0     7   5.4   1 1018.8  15.4    MM  15.2   MM   MM    MM
2026 08 22 06 40 330  9.0 12.0   2.0    MM   5.4   1 1018.8  15.5  16.0  15.2   MM   MM    MM
2026 08 22 06 30 330  9.0 11.0    MM    MM    MM  MM 1018.9  15.4  16.0  15.2   MM   MM    MM
2026 08 22 06 20 330  9.0 11.0   2.0     6   5.3 347 1018.9  15.5  16.0  15.2   MM   MM    MM
2026 08 22 06 10 330  8.0 10.0   2.0    MM   5.3 347 1019.0  15.5  16.0  15.3   MM   MM    MM
2026 08 22 06 00 330  9.0 10.0    MM    MM    MM  MM 1019.0  15.4  16.0  15.2   MM +0.3    MM
2026 08 22 05 50 340  9.0 11.0   1.9    MM   5.3   3 1019.0    MM  16.0    MM   MM   MM    MM
2026 08 22 05 40 330 10.0 12.0   1.9    MM   5.3   3 1019.0  15.4  16.0  15.1   MM   MM    MM
2026 08 22 05 30 340  9.0 11.0    MM    MM    MM  MM 1019.0  15.5  16.0  15.2   MM   MM    MM
2026 08 22 05 20 330  9.0 11.0   1.8     8   5.1  12 1019.0  15.5  16.0  15.2   MM   MM    MM
2026 08 22 05 10 330  9.0 11.0   1.8    MM   5.1  12 1018.9  15.6  16.0  15.3   MM   MM    MM
2026 08 22 05 00 330  9.0 12.0    MM    MM    MM  MM 1018.9  15.6  16.0  15.2   MM -0.0    MM
2026 08 22 04 50 330  9.0 12.0   2.0     8   5.5   2 1018.9  15.6  16.0  15.2   MM   MM    MM
2026 08 22 04 40 330  9.0 12.0   2.0    MM   5.5   2 1018.8  15.5  16.0  15.2   MM   MM    MM
2026 08 22 04 30 340 10.0 12.0    MM    MM    MM  MM 1018.8  15.5  16.0  15.1   MM   MM    MM
2026 08 22 04 20 340  9.0 11.0   1.8    MM   5.4   0 1018.9    MM  16.0    MM   MM   MM    MM
2026 08 22 04 10 340  9.0 12.0   1.8    MM   5.4   0 1018.8  15.6  16.0  15.2   MM   MM    MM
2026 08 22 04 00 340  9.0 12.0    MM    MM    MM  MM 1018.7  15.5  16.0  15.1   MM +0.0    MM
2026 08 22 03 50 330 10.0 12.0   1.9     7   5.6 347 1018.7  15.5  16.0  15.2   MM   MM    MM
2026 08 22 03 40 340  9.0 11.0    MM    MM    MM  MM 1018.7  15.5  16.0  15.2   MM   MM    MM
2026 08 22 03 30 330  9.0 11.0    MM    MM    MM  MM 1018.6  15.5  16.0  15.3   MM   MM    MM
2026 08 22 03 20 330  8.0 11.0   1.9     7   5.5 353 1018.6  15.6  16.0  15.4   MM   MM    MM
2026 08 22 03 10 330  9.0 10.0   1.9    MM   5.5 353 1018.7  15.6  16.0  15.3   MM   MM    MM
2026 08 22 03 00 330  9.0 11.0    MM    MM    MM  MM 1018.7  15.5  16.0  15.1   MM -0.3    MM
2026 08 22 02 50 330  9.0 11.0   1.9     7   5.6 343 1018.5    MM  16.0    MM   MM   MM    MM
2026 08 22 02 40 330  9.0 11.0    MM    MM    MM  MM 1018.5  15.5  16.0  15.2   MM   MM    MM
2026 08 22 02 30 330  8.0  9.0    MM    MM    MM  MM 1018.7  15.5  16.0  15.2   MM   MM    MM
2026 08 22 02 20 340  8.0 10.0   1.8     8   5.5 350 1018.7  15.5  16.0  15.2   MM   MM    MM
2026 08 22 02 10 340  8.0 10.0   1.8    MM   5.5 350 1018.8  15.4  16.0  15.0   MM   MM    MM
2026 08 22 02 00 340  8.0 10.0    MM    MM    MM  MM 1018.9  15.4  16.0  15.1   MM -0.5    MM
2026 08 22 01 50 340  8.0 10.0   1.8     7   5.6 359 1019.1  15.4  16.0  15.0   MM   MM    MM
2026 08 22 01 40 340  8.0 10.0   1.8    MM   5.6 359 1019.0  15.5  16.0  15.2   MM   MM    MM
2026 08 22 01 30 340  8.0 10.0    MM    MM    MM  MM 1018.9  15.5  16.0  15.2   MM   MM    MM
2026 08 22 01 20 330  8.0 10.0   1.8     7   5.4 350 1018.8  15.5  16.0  15.2   MM   MM    MM
2026 08 22 01 10 330  8.0 11.0    MM    MM    MM  MM 1018.7  15.5  16.0  15.2   MM   MM    MM
2026 08 22 01 00 340  8.0 10.0    MM    MM    MM  MM 1018.8  15.5  16.0  15.2   MM -0.7    MM
2026 08 22 00 50 330  8.0 10.0   2.0     7   5.8 347 1018.8  15.5  16.0  15.2   MM   MM    MM
2026 08 22 00 40 340  8.0 10.0   2.0    MM   5.8 347 1018.8  15.5  16.0  15.1   MM   MM    MM
2026 08 22 00 30 330  9.0 11.0    MM    MM    MM  MM 1018.9  15.6  16.0  15.3   MM   MM    MM
2026 08 22 00 20 340  8.0 10.0   1.8     7   5.5 358 1019.1  15.6  16.0  15.2   MM   MM    MM
2026 08 22 00 10 330  8.0 10.0   1.8    MM   5.5 358 1018.9  15.5  16.0  15.2   MM   MM    MM
2026 08 22 00 00 340  8.0 10.0    MM    MM    MM  MM 1019.0  15.5  16.0  15.2   MM -0.6    MM
2026 08 21 23 50 330  9.0 11.0   1.9     7   5.7   3 1019.1  15.5  16.0  15.2   MM   MM    MM
2026 08 21 23 40 340  8.0  9.0   1.9    MM   5.7   3 1019.1  15.6  16.0  15.2   MM   MM    MM
2026 08 21 23 10 330  8.0  9.0   1.8    MM   5.6   2 1019.3  15.7  16.0  15.2   MM   MM    MM
2026 08 21 23 00 330  8.0 10.0    MM    MM    MM  MM 1019.4  15.7  16.0  15.3   MM -0.3    MM
2026 08 21 22 50 340  7.0  8.0   1.9     7   5.6 354 1019.5  15.8  16.0  15.3   MM   MM    MM
2026 08 21 22 40 340  8.0  9.0   1.9    MM   5.6 354 1019.6  15.7  16.0  15.2   MM   MM    MM
2026 08 21 22 30 340  8.0 10.0    MM    MM    MM  MM 1019.5  15.8  16.0  15.3   MM   MM    MM
2026 08 21 22 20 350  8.0 10.0   1.9     7   5.6 348 1019.6  15.8  16.0  15.2   MM   MM    MM
2026 08 21 22 10 340  8.0 10.0   1.9    MM   5.6 348 1019.5  15.9  16.0  15.3   MM   MM    MM
2026 08 21 22 00 350  8.0 10.0    MM    MM    MM  MM 1019.4  15.8  16.0  15.2   MM -0.5    MM
2026 08 21 21 50 340  8.0  9.0   2.0     7   5.9   3 1019.6  15.8  16.0  15.3   MM   MM    MM
2026 08 21 21 40 350  7.0  9.0   2.0    MM   5.9   3 1019.6  15.8  16.0  15.2   MM   MM    MM
2026 08 21 21 30 350  8.0  9.0    MM    MM    MM  MM 1019.6  15.8  16.0  15.3   MM   MM    MM
2026 08 21 21 20 340  8.0 10.0   2.0     8   5.6 357 1019.6  15.8  16.0  15.2   MM   MM    MM
2026 08 21 21 10 340  8.0 10.0   2.0    MM   5.6 357 1019.5  15.8  16.0  15.2   MM   MM    MM
2026 08 21 21 00 340  8.0 10.0    MM    MM    MM  MM 1019.5  15.8  16.0  15.2   MM -0.7    MM
2026 08 21 20 50 340  7.0  9.0   2.1     8   5.8   1 1019.7  15.8  16.0  15.3   MM   MM    MM
2026 08 21 20 40 340  7.0 10.0   2.1    MM   5.8   1 1019.8  15.7  16.0  15.2   MM   MM    MM
2026 08 21 20 30 340  8.0 10.0    MM    MM    MM  MM 1019.8  15.7  16.0  15.3   MM   MM    MM
2026 08 21 20 20 350  8.0 10.0   2.0     7   5.6 352 1019.8  15.6  16.0  15.2   MM   MM    MM
2026 08 21 20 10 340  8.0 10.0   2.0    MM   5.6 352 1019.7  15.5  16.0  15.1   MM   MM    MM
2026 08 21 20 00 350  8.0 10.0    MM    MM    MM  MM 1019.8  15.6  16.0  15.2   MM -0.4    MM
2026 08 21 19 50 350  9.0 10.0   2.1     8   5.8   6 1019.9  15.6  16.0  15.1   MM   MM    MM
2026 08 21 19 40 340  9.0 11.0   2.1    MM   5.8   6 1019.8  15.5  16.0  15.0   MM   MM    MM
2026 08 21 19 30 350  9.0 11.0    MM    MM    MM  MM 1019.9  15.6  16.0  15.0   MM   MM    MM
2026 08 21 19 20 340  9.0 11.0   2.0     8   5.7 359 1019.9  15.5  16.0  14.9   MM   MM    MM
2026 08 21 19 10 350  8.0 10.0   2.0    MM   5.7 359 1019.9  15.5  16.0  15.0   MM   MM    MM
2026 08 21 19 00 340  8.0 10.0    MM    MM    MM  MM 1019.9  15.6    MM  15.0   MM +0.0    MM
2026 08 21 18 50 340  8.0 10.0   2.1     7   5.8   8 1020.0  15.5  15.9  14.9   MM   MM    MM
2026 08 21 18 40 340  9.0 10.0    MM    MM    MM  MM 1020.0  15.4  15.9  14.9   MM   MM    MM
2026 08 21 18 30 340  8.0 10.0    MM    MM    MM  MM 1020.1  15.4  15.9  14.9   MM   MM    MM
2026 08 21 18 20 340  8.0 10.0   2.0     7   5.6   4 1020.2  15.3  15.9  14.9   MM   MM    MM
2026 08 21 18 10 340  8.0 10.0    MM    MM    MM  MM 1020.3  15.3  15.9  14.9   MM   MM    MM
2026 08 21 18 00 340  8.0 10.0    MM    MM    MM  MM 1020.3  15.3  15.9  14.9   MM +0.0    MM
2026 08 21 17 50 340  8.0 10.0   2.0     7   5.7   3 1020.3  15.1    MM  14.8   MM   MM    MM
2026 08 21 17 40 340  8.0 10.0   2.0    MM   5.7   3 1020.2  15.2  15.9  14.9   MM   MM    MM
2026 08 21 17 30 350  8.0  9.0    MM    MM    MM  MM 1020.2  15.2  15.9  14.9   MM   MM    MM
2026 08 21 17 20 350  8.0 10.0   2.0     7   5.8 352 1020.1  15.2  15.9  14.9   MM   MM    MM
2026 08 21 17 10 350  8.0 10.0   2.0    MM   5.8 352 1020.1  15.3  15.9  14.9   MM   MM    MM
2026 08 21 17 00 350  9.0 11.0    MM    MM    MM  MM 1020.2  15.2  15.9  14.9   MM +0.5    MM
2026 08 21 16 50 340  8.0  9.0   2.1     7   5.7   6 1020.1  15.2  15.9  14.9   MM   MM    MM
2026 08 21 16 40 340  8.0  9.0   2.1    MM   5.7   6 1020.1  15.2  15.9  14.9   MM   MM    MM
2026 08 21 16 30 350  8.0  9.0    MM    MM    MM  MM 1020.1  15.4  15.9  15.0   MM   MM    MM
2026 08 21 16 20 350  9.0 10.0   2.1     8   5.4 355 1020.1  15.3  15.9  14.9   MM   MM    MM
2026 08 21 16 10 350  9.0 11.0   2.1    MM   5.4 355 1020.1  15.3  15.9  14.9   MM   MM    MM
2026 08 21 16 00 350  9.0 11.0    MM    MM    MM  MM 1020.0  15.3  15.9  14.9   MM +0.0    MM
2026 08 21 15 50 350  9.0 12.0   2.1     7   5.7   0 1019.9  15.2  15.9  14.8   MM   MM    MM
2026 08 21 15 40 350  9.0 11.0    MM    MM    MM  MM 1020.0  15.2  15.9  14.9   MM   MM    MM
2026 08 21 15 30 340 10.0 12.0    MM    MM    MM  MM 1019.9  15.2  15.9  14.9   MM   MM    MM
2026 08 21 15 20 340  9.0 11.0   2.0     7   5.6 357 1019.9  15.3  15.9  15.0   MM   MM    MM
2026 08 21 15 10 350  9.0 11.0   2.0    MM   5.6 357 1019.9  15.2  15.9  14.9   MM   MM    MM
2026 08 21 15 00 340  9.0 11.0    MM    MM    MM  MM 1020.0  15.2  15.9  14.9   MM -0.0    MM
2026 08 21 14 50 340  9.0 11.0   2.0     8   5.6   4 1020.0  15.3  15.9  15.0   MM   MM    MM
2026 08 21 14 40 340 10.0 12.0    MM    MM    MM  MM 1019.9  15.2  15.9  14.8   MM   MM    MM
2026 08 21 14 30 340 10.0 12.0    MM    MM    MM  MM 1019.9  15.2  15.9  14.9   MM   MM    MM
2026 08 21 14 20 340  9.0 11.0   2.0     7   5.5 357 1019.8  15.3  15.9  15.0   MM   MM    MM
2026 08 21 14 10 340  9.0 11.0   2.0    MM   5.5 357 1019.7  15.2  15.9  14.9   MM   MM    MM
2026 08 21 14 00 340  9.0 11.0    MM    MM    MM  MM 1019.7  15.3  15.9  15.0   MM -0.3    MM
2026 08 21 13 50 350  9.0 11.0   1.9     7   5.6   4 1019.6  15.3  15.9  14.9   MM   MM    MM
2026 08 21 13 40 340  9.0 11.0    MM    MM    MM  MM 1019.6  15.2  15.9  14.9   MM   MM    MM
2026 08 21 13 30 340  9.0 11.0    MM    MM    MM  MM 1019.5  15.3  15.9  15.0   MM   MM    MM
2026 08 21 13 20 340  9.0 11.0   2.0     8   5.7   3 1019.6  15.3  15.9  15.0   MM   MM    MM
2026 08 21 13 10 340  9.0 12.0   2.0    MM   5.7   3 1019.6  15.2  15.9  14.9   MM   MM    MM
2026 08 21 13 00 340  9.0 11.0    MM    MM    MM  MM 1019.7  15.3  15.9  15.0   MM -0.4    MM
2026 08 21 12 50 340  9.0 11.0   1.9     7   5.5 357 1019.7  15.2    MM  14.9   MM   MM    MM
2026 08 21 12 40 340  8.0 10.0   1.9    MM   5.5 357 1019.8  15.3  15.9  15.0   MM   MM    MM
2026 08 21 12 30 340  8.0 11.0    MM    MM    MM  MM 1019.9  15.3  15.9  15.1   MM   MM    MM
2026 08 21 12 20 350  8.0 10.0   1.9     7   5.7  12 1019.8  15.4  15.9  15.1   MM   MM    MM
2026 08 21 12 10 340  9.0 11.0   1.9    MM   5.7  12 1019.8  15.3  15.9  15.0   MM   MM    MM
2026 08 21 12 00 350  8.0 10.0    MM    MM    MM  MM 1019.9  15.5  15.9  15.2   MM -0.6    MM
2026 08 21 11 50 350  8.0 10.0   2.0     7   5.6   1 1019.9  15.4  15.9  15.1   MM   MM    MM
2026 08 21 11 40 350  8.0 10.0    MM    MM    MM  MM 1019.9  15.4  15.9  15.1   MM   MM    MM
2026 08 21 11 30 350  9.0 11.0    MM    MM    MM  MM 1019.9  15.4  15.9  15.0   MM   MM    MM
2026 08 21 11 20 340  9.0 11.0   2.1     7   5.7   9 1019.9  15.3  15.9  15.0   MM   MM    MM
2026 08 21 11 10 340  9.0 11.0   2.1    MM   5.7   9 1019.9  15.3  15.9  15.0   MM   MM    MM
2026 08 21 11 00 350  8.0 11.0    MM    MM    MM  MM 1020.0  15.3  15.9  15.0   MM -0.8    MM
2026 08 21 10 50 340  9.0 11.0   2.1     7   5.7 355 1019.9  15.2  15.9  15.0   MM   MM    MM
2026 08 21 10 40 340  9.0 11.0    MM    MM    MM  MM 1020.0  15.2  15.9  15.0   MM   MM    MM
2026 08 21 10 30 340  9.0 11.0    MM    MM    MM  MM 1019.9  15.1  15.9  14.9   MM   MM    MM
2026 08 21 10 20 340  8.0 11.0   1.9     7   5.6 336 1020.0  15.2  15.9  15.0   MM   MM    MM
2026 08 21 10 10 340  9.0 11.0   1.9    MM   5.6 336 1020.1  15.2  15.9  15.0   MM   MM    MM
2026 08 21 10 00 340  9.0 11.0    MM    MM    MM  MM 1020.2  15.2  15.9  15.0   MM -0.6    MM
2026 08 21 09 50 340  9.0 11.0   2.0     7   5.5 349 1020.2  15.2  15.9  15.0   MM   MM    MM
2026 08 21 09 40 350  8.0 11.0    MM    MM    MM  MM 1020.5  15.3  15.9  15.1   MM   MM    MM
2026 08 21 09 30 340  9.0 11.0    MM    MM    MM  MM 1020.4  15.2  15.9  15.0   MM   MM    MM
2026 08 21 09 20 340  9.0 11.0   2.0     8   5.7 351 1020.4  15.2  15.9  15.0   MM   MM    MM
2026 08 21 09 10 330  9.0 10.0    MM    MM    MM  MM 1020.5  15.3  15.9  15.1   MM   MM    MM
2026 08 21 09 00 340  8.0 11.0    MM    MM    MM  MM 1020.5  15.4  15.9  15.2   MM +0.0    MM
2026 08 21 08 50 340  8.0 10.0   2.2     7   5.8 359 1020.5  15.4  15.9  15.2   MM   MM    MM
2026 08 21 08 40 340  9.0 11.0   2.2    MM   5.8 359 1020.5  15.4  15.9  15.2   MM   MM    MM
2026 08 21 08 30 340  8.0 10.0    MM    MM    MM  MM 1020.6  15.4  15.9  15.2   MM   MM    MM
2026 08 21 08 20 340  7.0 10.0   2.0     7   5.5 353 1020.7  15.4  15.9  15.2   MM   MM    MM
2026 08 21 08 10 340  7.0  9.0   2.0    MM   5.5 353 1020.8  15.5  15.9  15.3   MM   MM    MM
2026 08 21 08 00 340  8.0 11.0    MM    MM    MM  MM 1020.7  15.4  15.9  15.2   MM +0.0    MM
2026 08 21 07 50 340  7.0  9.0   2.1     7   5.7 352 1020.8  15.5    MM  15.3   MM   MM    MM
2026 08 21 07 40 340  7.0  9.0    MM    MM    MM  MM 1020.8  15.5  15.9  15.3   MM   MM    MM
2026 08 21 07 30 340  8.0 10.0    MM    MM    MM  MM 1020.7  15.4  16.0  15.2   MM   MM    MM
2026 08 21 07 20 330  9.0 10.0   2.0     7   5.6   1 1020.7  15.4  15.9  15.2   MM   MM    MM
2026 08 21 07 10 340  8.0 11.0    MM    MM    MM  MM 1020.7  15.5  15.9  15.3   MM   MM    MM
2026 08 21 07 00 340  9.0 10.0    MM    MM    MM  MM 1020.8  15.5    MM  15.3   MM +0.0    MM
2026 08 21 06 50 350  8.0 10.0   2.0     8   5.4 351 1020.7  15.5  15.9  15.3   MM   MM    MM
2026 08 21 06 40 340  8.0 10.0    MM    MM    MM  MM 1020.7  15.5  15.9  15.3   MM   MM    MM
2026 08 21 06 30 340  9.0 11.0    MM    MM    MM  MM 1020.7  15.6  16.0  15.4   MM   MM    MM
2026 08 21 06 20 350 10.0 12.0   2.0     8   5.4   7 1020.7  15.5  16.0  15.3   MM   MM    MM
2026 08 21 06 10 340  9.0 12.0   2.0    MM   5.4   7 1020.6  15.4  16.0  15.2   MM   MM    MM
2026 08 21 06 00 340  9.0 12.0    MM    MM    MM  MM 1020.6  15.5    MM  15.3   MM +0.3    MM
2026 08 21 05 50 340 10.0 12.0   2.1     7   5.6   0 1020.6    MM  16.0    MM   MM   MM    MM
2026 08 21 05 40 340 10.0 11.0    MM    MM    MM  MM 1020.8  15.3  16.0  15.1   MM   MM    MM
2026 08 21 05 30 340 10.0 12.0    MM    MM    MM  MM 1020.7  15.3  16.0  15.1   MM   MM    MM
2026 08 21 05 20 340  9.0 11.0   2.0     7   5.4   0 1020.7  15.3  16.0  15.1   MM   MM    MM
2026 08 21 05 10 340  9.0 12.0   2.0    MM   5.4   0 1020.9  15.3  16.0  15.1   MM   MM    MM
2026 08 21 05 00 340  9.0 10.0    MM    MM    MM  MM 1020.8  15.3  16.0  15.1   MM -0.0    MM
2026 08 21 04 50 340  9.0 11.0   1.9     7   5.5 346 1020.8  15.3  16.0  15.1   MM   MM    MM
2026 08 21 04 40 340  9.0 11.0    MM    MM    MM  MM 1020.8  15.3  16.0  15.1   MM   MM    MM
2026 08 21 04 30 340  9.0 11.0    MM    MM    MM  MM 1020.7  15.4  15.9  15.2   MM   MM    MM
2026 08 21 04 20 340  9.0 11.0   2.0     6   5.5 350 1020.6  15.4  16.0  15.2   MM   MM    MM
2026 08 21 04 10 340 10.0 11.0   2.0    MM   5.5 350 1020.4  15.4  16.0  15.2   MM   MM    MM
2026 08 21 04 00 340  9.0 11.0    MM    MM    MM  MM 1020.5  15.4  15.9  15.2   MM -0.5    MM
2026 08 21 03 50 340  9.0 12.0   2.0     7   5.5   6 1020.5  15.4  15.9  15.2   MM   MM    MM
2026 08 21 03 40 340 10.0 12.0   2.0    MM   5.5   6 1020.5  15.4  15.9  15.2   MM   MM    MM
2026 08 21 03 30 340  9.0 12.0    MM    MM    MM  MM 1020.6  15.4  15.9  15.2   MM   MM    MM
2026 08 21 03 20 340  9.0 12.0   1.8     7   5.4 351 1020.5  15.4  16.0  15.2   MM   MM    MM
2026 08 21 03 10 340  9.0 11.0    MM    MM    MM  MM 1020.5  15.5  16.0  15.3   MM   MM    MM
2026 08 21 03 00 340 10.0 12.0    MM    MM    MM  MM 1020.4  15.4  16.0  15.2   MM -0.7    MM
2026 08 21 02 50 340  9.0 11.0   1.9     7   5.5   6 1020.5  15.5  16.0  15.3   MM   MM    MM
2026 08 21 02 40 340  9.0 11.0   1.9    MM   5.5   6 1020.6  15.5  16.0  15.3   MM   MM    MM
2026 08 21 02 30 340  9.0 11.0    MM    MM    MM  MM 1020.7  15.5  16.0  15.3   MM   MM    MM
2026 08 21 02 20 340  8.0 11.0   1.9     7   5.5   4 1020.7  15.5  16.0  15.3   MM   MM    MM
2026 08 21 02 10 340 10.0 11.0   1.9    MM   5.5   4 1020.9  15.5  16.0  15.3   MM   MM    MM
2026 08 21 02 00 330  9.0 11.0    MM    MM    MM  MM 1020.9  15.5  16.0  15.3   MM -0.5    MM
2026 08 21 01 50 340  9.0 11.0   1.9     7   5.4   7 1021.0  15.5  16.0  15.3   MM   MM    MM
2026 08 21 01 40 330  9.0 11.0   1.9    MM   5.4   7 1021.1  15.6  16.0  15.4   MM   MM    MM
2026 08 21 01 30 340  9.0 11.0    MM    MM    MM  MM 1021.0  15.6  16.0  15.4   MM   MM    MM
2026 08 21 01 20 340  9.0 12.0   1.8     7   5.5   3 1021.0  15.6  16.0  15.4   MM   MM    MM
2026 08 21 01 10 340  9.0 11.0   1.8    MM   5.5   3 1021.1  15.6  16.0  15.4   MM   MM    MM
2026 08 21 01 00 330  9.0 11.0    MM    MM    MM  MM 1021.1  15.6  16.0  15.4   MM -1.1    MM
2026 08 21 00 50 340 10.0 12.0   1.9     6   5.4   7 1021.1  15.6  16.0  15.4   MM   MM    MM
2026 08 21 00 40 340  9.0 11.0    MM    MM    MM  MM 1021.1  15.6  16.0  15.4   MM   MM    MM
2026 08 21 00 30 340  9.0 10.0    MM    MM    MM  MM 1021.1  15.6  16.0  15.4   MM   MM    MM
2026 08 21 00 20 340  9.0 11.0   2.0     7   5.5 357 1021.2  15.6  16.0  15.4   MM   MM    MM
2026 08 21 00 10 340 10.0 12.0   2.0    MM   5.5 357 1021.2  15.6  16.0  15.4   MM   MM    MM
2026 08 21 00 00 340  9.0 12.0    MM    MM    MM  MM 1021.1  15.6  16.0  15.4   MM -1.2    MM
2026 08 20 23 50 340  9.0 11.0   2.0     7   5.5   6 1021.2  15.6  16.0  15.4   MM   MM    MM
2026 08 20 23 40 340 10.0 12.0   2.0    MM   5.5   6 1021.2  15.6  16.0  15.4   MM   MM    MM
2026 08 20 23 20 340 10.0 12.0   1.8     7   5.4  10 1021.2  15.5  16.0  15.3   MM   MM    MM
2026 08 20 23 10 340  9.0 12.0   1.8    MM   5.4  10 1021.2  15.7  16.0  15.5   MM   MM    MM
2026 08 20 23 00 340  9.0 12.0    MM    MM    MM  MM 1021.5  15.6  16.0  15.4   MM -0.6    MM
2026 08 20 22 50 340  9.0 11.0   1.9    MM   5.7  19 1021.5    MM  15.9    MM   MM   MM    MM
2026 08 20 22 40 350  9.0 12.0   1.9    MM   5.7  19 1021.6  15.7  16.0  15.5   MM   MM    MM
2026 08 20 22 30 340  9.0 10.0    MM    MM    MM  MM 1021.8  15.7  16.0  15.5   MM   MM    MM
2026 08 20 22 20 340  9.0 11.0   2.0     7   5.7  13 1022.0  15.7  16.0  15.4   MM   MM    MM
2026 08 20 22 10 340  9.0 11.0   2.0    MM   5.7  13 1022.1  15.7  15.9  15.5   MM   MM    MM
2026 08 20 22 00 340  8.0 10.0    MM    MM    MM  MM 1022.1  15.7  15.9  15.5   MM +0.0    MM
2026 08 20 21 50 340  8.0 10.0   1.9     7   5.6  11 1022.2    MM  15.9    MM   MM   MM    MM
2026 08 20 21 40 340  8.0 10.0    MM    MM    MM  MM 1022.2  15.7  15.9  15.5   MM   MM    MM
2026 08 20 21 30 340  8.0 10.0    MM    MM    MM  MM 1022.2  15.7  15.9  15.5   MM   MM    MM
2026 08 20 21 20 340  8.0 10.0   1.8     6   5.6   5 1022.3  15.7  15.9  15.5   MM   MM    MM
2026 08 20 21 10 340  9.0 10.0   1.8    MM   5.6   5 1022.2  15.7  15.9  15.5   MM   MM    MM
2026 08 20 21 00 340  9.0 11.0    MM    MM    MM  MM 1022.2  15.7  15.9  15.5   MM -0.4    MM
2026 08 20 20 50 340 10.0 12.0   1.8     7   5.5 356 1022.1  15.7  15.9  15.5   MM   MM    MM
2026 08 20 20 40 340  9.0 12.0   1.8    MM   5.5 356 1022.1  15.6  15.9  15.4   MM   MM    MM
2026 08 20 20 30 340  9.0 11.0    MM    MM    MM  MM 1022.1  15.6  15.9  15.4   MM   MM    MM
2026 08 20 20 20 340  8.0 11.0   1.7    15   5.4 136 1022.2  15.6  15.9  15.4   MM   MM    MM
2026 08 20 20 10 340  9.0 11.0   1.7    MM   5.4 136 1022.2  15.6  15.9  15.4   MM   MM    MM
2026 08 20 20 00 340  9.0 11.0    MM    MM    MM  MM 1022.1  15.5  15.9  15.3   MM -0.8    MM
2026 08 20 19 50 340  9.0 11.0   1.8    11   5.6 271 1022.1  15.5  15.9  15.3   MM   MM    MM
2026 08 20 19 40 340  9.0 12.0   1.8    MM   5.6 271 1022.1  15.5  15.9  15.3   MM   MM    MM
2026 08 20 19 30 340  9.0 11.0    MM    MM    MM  MM 1022.0  15.5  15.9  15.3   MM   MM    MM
2026 08 20 19 20 340  9.0 11.0   1.8    11   5.6 275 1022.1  15.4  15.9  15.2   MM   MM    MM
2026 08 20 19 10 340  8.0 10.0   1.8    MM   5.6 275 1022.2  15.4  15.9  15.2   MM   MM    MM
2026 08 20 19 00 340  9.0 11.0    MM    MM    MM  MM 1022.3  15.4    MM  15.2   MM -0.3    MM
2026 08 20 18 50 340  9.0 11.0   1.7    11   5.8 278 1022.4  15.3  15.9  15.1   MM   MM    MM
2026 08 20 18 40 340  8.0  9.0   1.7    MM   5.8 278 1022.5  15.3  15.9  15.1   MM   MM    MM
2026 08 20 18 30 340  8.0  9.0    MM    MM    MM  MM 1022.5  15.4  15.9  15.2   MM   MM    MM
2026 08 20 18 20 340  8.0  9.0   1.7     7   5.7   4 1022.6  15.3  15.9  15.1   MM   MM    MM
2026 08 20 18 10 340  7.0  8.0   1.7    MM   5.7   4 1022.6  15.4  15.9  15.2   MM   MM    MM
2026 08 20 18 00 340  7.0  8.0    MM    MM    MM  MM 1022.7  15.4  15.9  15.2   MM +0.6    MM
2026 08 20 17 50 340  7.0  9.0   1.8    15   5.8 228 1022.6    MM  15.9    MM   MM   MM    MM
2026 08 20 17 40 340  6.0  8.0    MM    MM    MM  MM 1022.7  15.4  15.9  15.2   MM   MM    MM
2026 08 20 17 30 340  7.0  8.0    MM    MM    MM  MM 1022.7  15.3  15.9  15.1   MM   MM    MM
2026 08 20 17 20 340  7.0  8.0   1.6     7   5.5 350 1022.7  15.3  15.9  15.1   MM   MM    MM
2026 08 20 17 10 340  6.0  8.0   1.6    MM   5.5 350 1022.8  15.3  15.9  15.1   MM   MM    MM
2026 08 20 17 00 340  6.0  8.0    MM    MM    MM  MM 1022.8  15.3  15.9  15.1   MM +1.4    MM
2026 08 20 16 50 340  7.0  8.0   1.8     7   5.8 358 1022.7  15.3  15.9  15.1   MM   MM    MM
2026 08 20 16 40 340  7.0  9.0    MM    MM    MM  MM 1022.7  15.3  15.9  15.1   MM   MM    MM
2026 08 20 16 30 350  7.0  8.0    MM    MM    MM  MM 1022.6  15.2  15.9  15.0   MM   MM    MM
2026 08 20 16 20 350  7.0  9.0   1.7     7   5.8 355 1022.7  15.2  15.9  15.0   MM   MM    MM
2026 08 20 16 10 340  7.0  8.0   1.7    MM   5.8 355 1022.6  15.3  15.9  15.1   MM   MM    MM
2026 08 20 16 00 340  7.0  8.0    MM    MM    MM  MM 1022.6  15.2  15.9  15.0   MM +1.4    MM
2026 08 20 15 50 340  7.0  8.0   1.8     7   5.7 358 1022.6  15.2  15.9  15.0   MM   MM    MM
2026 08 20 15 40 340  7.0  8.0    MM    MM    MM  MM 1022.5  15.2  15.9  15.0   MM   MM    MM
2026 08 20 15 30 340  7.0  8.0    MM    MM    MM  MM 1022.4    MM  15.9    MM   MM   MM    MM
2026 08 20 15 10 340  7.0  8.0    MM    MM    MM  MM 1022.2  15.1  15.9  14.9   MM   MM    MM
2026 08 20 15 00 340  7.0  8.0    MM    MM    MM  MM 1022.1  15.1  15.9  14.9   MM +0.8    MM
2026 08 20 14 50 340  7.0  9.0   1.9     7   5.6  13 1022.1  15.1  15.9  14.9   MM   MM    MM
2026 08 20 14 40 340  8.0  9.0    MM    MM    MM  MM 1022.0  15.1  15.9  14.9   MM   MM    MM
2026 08 20 14 30 330  8.0 10.0    MM    MM    MM  MM 1021.8  15.2  15.9  15.0   MM   MM    MM
2026 08 20 14 20 330  8.0  9.0   1.8     6   5.7   2 1021.7  15.2  15.9  15.0   MM   MM    MM
2026 08 20 14 10 340  8.0 10.0   1.8    MM   5.7   2 1021.5  15.1  15.9  14.9   MM   MM    MM
2026 08 20 14 00 340  8.0 10.0    MM    MM    MM  MM 1021.5  15.1  15.9  14.9   MM -0.0    MM
2026 08 20 13 50 340  8.0 10.0   1.8    11   5.5 272 1021.5  15.1  15.9  14.9   MM   MM    MM
2026 08 20 13 40 340  8.0 10.0    MM    MM    MM  MM 1021.4  15.1  15.9  14.9   MM   MM    MM
2026 08 20 13 30 340  9.0 11.0    MM    MM    MM  MM 1021.2  15.1  15.9  14.9   MM   MM    MM
2026 08 20 13 20 340  9.0 10.0   1.9     6   5.7  10 1021.2  15.1  15.9  14.9   MM   MM    MM
2026 08 20 13 10 340  9.0 11.0    MM    MM    MM  MM 1021.2  15.0  15.9  14.8   MM   MM    MM
2026 08 20 13 00 340  9.0 11.0    MM    MM    MM  MM 1021.1  15.0  15.9  14.8   MM -0.6    MM
2026 08 20 12 50 340  9.0 11.0   1.9     6   5.5 351 1021.1  15.1    MM  14.9   MM   MM    MM
2026 08 20 12 40 340  9.0 11.0   1.9    MM   5.5 351 1021.1  15.2  15.9  15.0   MM   MM    MM
2026 08 20 12 30 340 10.0 11.0    MM    MM    MM  MM 1021.1  15.3  15.9  15.1   MM   MM    MM
2026 08 20 12 20 340  9.0 11.0   1.9    11   5.7 279 1021.1  15.3  15.9  15.1   MM   MM    MM
2026 08 20 12 10 340  9.0 11.0   1.9    MM   5.7 279 1021.2  15.2  15.9  15.0   MM   MM    MM
2026 08 20 12 00 340  9.0 11.0    MM    MM    MM  MM 1021.2  15.3  15.9  15.1   MM -0.9    MM
2026 08 20 11 50 350  8.0 10.0   1.8     7   5.7  21 1021.3  15.3  15.9  15.0   MM   MM    MM
2026 08 20 11 40 340  9.0 11.0    MM    MM    MM  MM 1021.2  15.3  15.9  14.9   MM   MM    MM
2026 08 20 11 30 340  9.0 11.0    MM    MM    MM  MM 1021.2  15.4  15.9  14.9   MM   MM    MM
2026 08 20 11 20 350  9.0 11.0   1.9    11   5.6 269 1021.1  15.5  15.9  14.8   MM   MM    MM
2026 08 20 11 10 340  9.0 11.0    MM    MM    MM  MM 1021.2  15.5  15.9  14.6   MM   MM    MM
2026 08 20 11 00 340  8.0 10.0   1.9    MM   5.6 269 1021.3  15.5  15.9  14.6   MM -0.9    MM
2026 08 20 10 50 340  8.0 11.0   1.9    11   5.8 281 1021.4  15.5  15.9  14.7   MM   MM    MM
2026 08 20 10 40 340  8.0 10.0   1.9    MM   5.8 281 1021.5  15.4  15.9  14.6   MM   MM    MM
2026 08 20 10 30 350  9.0 10.0    MM    MM    MM  MM 1021.6  15.4  15.9  14.5   MM   MM    MM
2026 08 20 10 20 350  8.0 10.0   1.8     6   5.8   9 1021.5  15.4  15.9  14.5   MM   MM    MM
2026 08 20 10 10 350  8.0 10.0   1.8    MM   5.8   9 1021.6  15.4  15.9  14.5   MM   MM    MM
2026 08 20 10 00 340  8.0 10.0    MM    MM    MM  MM 1021.7  15.4  15.9  14.4   MM -0.7    MM
2026 08 20 09 50 350  8.0 10.0   1.8     6   5.6  16 1021.5  15.4  15.9  14.4   MM   MM    MM
2026 08 20 09 40 350  8.0 11.0    MM    MM    MM  MM 1021.6  15.4  15.9  14.3   MM   MM    MM
2026 08 20 09 30 340  8.0  9.0    MM    MM    MM  MM 1021.7  15.4  15.9  14.3   MM   MM    MM
2026 08 20 09 20 350  8.0 10.0   1.8     6   5.5   3 1021.7  15.4  15.9  14.3   MM   MM    MM
2026 08 20 09 10 350  7.0  9.0    MM    MM    MM  MM 1021.9  15.4  15.9  14.1   MM   MM    MM
2026 08 20 09 00 350  7.0  9.0   1.8    MM   5.5   3 1022.1  15.4  15.9  14.1   MM -0.3    MM
2026 08 20 08 50 340  7.0  9.0   1.8     6   5.6 359 1022.1  15.4  15.9  14.0   MM   MM    MM
2026 08 20 08 40 350  8.0 10.0   1.8    MM   5.6 359 1022.0  15.4  15.9  14.0   MM   MM    MM
2026 08 20 08 30 350  7.0 10.0    MM    MM    MM  MM 1022.1  15.4  15.9  14.1   MM   MM    MM
2026 08 20 08 20 350  8.0  9.0   1.8    10   5.6 280 1022.2  15.4  15.9  13.9   MM   MM    MM
2026 08 20 08 10 350  8.0 10.0    MM    MM    MM  MM 1022.2  15.4  15.9  13.9   MM   MM    MM
2026 08 20 08 00 350  8.0 10.0    MM    MM    MM  MM 1022.2  15.5  15.9  13.9   MM -0.3    MM
2026 08 20 07 50 350  8.0 10.0   1.7    11   5.6 291 1022.2  15.4  15.9  13.7   MM   MM    MM
2026 08 20 07 40 350  8.0 10.0    MM    MM    MM  MM 1022.2  15.5  15.9  13.9   MM   MM    MM
2026 08 20 07 30 340  8.0  9.0    MM    MM    MM  MM 1022.2  15.6  15.9  13.9   MM   MM    MM
2026 08 20 07 20 350  8.0 10.0   1.8    11   5.6 283 1022.2  15.6  15.9  13.8   MM   MM    MM
2026 08 20 07 10 350  8.0 10.0   1.8    MM   5.6 283 1022.3  15.6  15.9  13.8   MM   MM    MM
2026 08 20 07 00 350  8.0 10.0    MM    MM    MM  MM 1022.4  15.5    MM  13.7   MM +0.4    MM
2026 08 20 06 50 360  8.0 10.0   1.8    10   5.7 281 1022.3  15.5    MM  13.6   MM   MM    MM
2026 08 20 06 40 350  8.0 10.0   1.8    MM   5.7 281 1022.3  15.6  16.0  13.9   MM   MM    MM
2026 08 20 06 30 350  9.0 10.0    MM    MM    MM  MM 1022.3  15.6  16.0  13.8   MM   MM    MM
2026 08 20 06 20 350  9.0 11.0   1.9    11   5.9 264 1022.4  15.6  16.0  13.8   MM   MM    MM
2026 08 20 06 10 350  8.0 10.0   1.9    MM   5.9 264 1022.3  15.7  16.0  13.8   MM   MM    MM
2026 08 20 06 00 340  9.0 10.0    MM    MM    MM  MM 1022.5  15.7  16.0  14.1   MM +0.5    MM
2026 08 20 05 50 350  8.0 10.0   1.9    11   5.9 278 1022.4  15.8  16.0  14.2   MM   MM    MM
2026 08 20 05 40 350  8.0 10.0   1.9    MM   5.9 278 1022.4  15.7  16.0  13.8   MM   MM    MM
2026 08 20 05 30 350  8.0  9.0    MM    MM    MM  MM 1022.5  15.7  16.0  13.8   MM   MM    MM
2026 08 20 05 20 350  8.0 10.0   1.6    10   5.2 271 1022.6  15.6  16.0  13.7   MM   MM    MM
2026 08 20 05 10 340  8.0 10.0   1.6    MM   5.2 271 1022.6  15.6  16.0  13.7   MM   MM    MM
2026 08 20 05 00 350  8.0 10.0    MM    MM    MM  MM 1022.5  15.6  16.0  13.9   MM -0.0    MM
2026 08 20 04 50 350  9.0 11.0   1.7    11   5.6 292 1022.4  15.5  16.0  13.6   MM   MM    MM
2026 08 20 04 40 350  9.0 11.0   1.7    MM   5.6 292 1022.3  15.4  16.0  13.7   MM   MM    MM
2026 08 20 04 30 350  9.0 11.0    MM    MM    MM  MM 1022.2  15.5  16.0  13.7   MM   MM    MM
2026 08 20 04 20 350  9.0 11.0   1.7    11   5.8 286 1022.1  15.6  16.0  14.0   MM   MM    MM
2026 08 20 04 10 350  9.0 10.0   1.7    MM   5.8 286 1022.0  15.7  16.0  14.1   MM   MM    MM
2026 08 20 04 00 350  9.0 11.0    MM    MM    MM  MM 1022.0  15.6  16.0  13.9   MM -1.0    MM
2026 08 20 03 50 350  9.0 10.0   1.6    11   5.8 284 1022.0  15.6  16.0  14.0   MM   MM    MM
2026 08 20 03 40 360  9.0 11.0   1.6    MM   5.8 284 1022.0  15.7  16.0  14.1   MM   MM    MM
2026 08 20 03 30 350  8.0 10.0    MM    MM    MM  MM 1022.1  15.6  16.0  13.8   MM   MM    MM
2026 08 20 03 20 350  8.0 10.0   1.7    11   5.8 282 1022.1  15.6  16.0  14.0   MM   MM    MM
2026 08 20 03 10 350  9.0 11.0   1.7    MM   5.8 282 1021.9  15.6  16.0  14.0   MM   MM    MM
2026 08 20 03 00 340  9.0 11.0    MM    MM    MM  MM 1021.9  15.6  16.0  14.0   MM -1.0    MM
2026 08 20 02 50 350  9.0 11.0   1.5    12   5.6 154 1022.1  15.4  16.0  14.2   MM   MM    MM
2026 08 20 02 40 350  8.0 11.0   1.5    MM   5.6 154 1022.1  15.4  16.0  14.3   MM   MM    MM
2026 08 20 02 30 350  8.0 10.0    MM    MM    MM  MM 1022.1  15.5  16.0  14.4   MM   MM    MM
2026 08 20 02 20 350  8.0  9.0   1.6    11   5.8 277 1022.3  15.4  16.0  14.3   MM   MM    MM
2026 08 20 02 10 350  8.0 10.0   1.6    MM   5.8 277 1022.3  15.3  16.0  14.5   MM   MM    MM
2026 08 20 02 00 350  8.0  9.0    MM    MM    MM  MM 1022.4  15.6  16.0  14.5   MM -0.6    MM
2026 08 20 01 50 360  7.0  8.0   1.6    10   5.7 267 1022.5  15.6  16.0  14.4   MM   MM    MM
2026 08 20 01 40 360  8.0  9.0   1.6    MM   5.7 267 1022.6  15.4  16.0  14.4   MM   MM    MM
2026 08 20 01 30 360  8.0 10.0    MM    MM    MM  MM 1022.5  15.3  16.0  14.6   MM   MM    MM
2026 08 20 01 20 350  7.0 10.0   1.6    11   5.9 294 1022.6  15.5  16.0  14.6   MM   MM    MM
2026 08 20 01 10 340  7.0  9.0   1.6    MM   5.9 294 1022.7  15.5  16.0  14.4   MM   MM    MM
2026 08 20 01 00 350  7.0  9.0    MM    MM    MM  MM 1022.8  15.5  16.0  14.5   MM -0.6    MM
2026 08 20 00 50 360  7.0  8.0   1.6    11   6.0 263 1022.8  15.5  16.0  14.5   MM   MM    MM
2026 08 20 00 40 360  6.0  8.0   1.6    MM   6.0 263 1022.8  15.5  16.0  14.6   MM   MM    MM
2026 08 20 00 30 360  7.0  9.0    MM    MM    MM  MM 1022.8  15.4  16.0  14.5   MM   MM    MM
2026 08 20 00 20 350  7.0  9.0   1.7    15   6.0 213 1022.8  15.6  16.0  14.6   MM   MM    MM
2026 08 20 00 10 350  7.0  9.0   1.7    MM   6.0 213 1022.8  15.6  16.0  14.5   MM   MM    MM
2026 08 20 00 00 350  7.0  8.0    MM    MM    MM  MM 1022.9  15.6  16.0  14.5   MM -1.0    MM
2026 08 19 23 50 350  7.0  8.0   1.6    10   6.1 283 1022.9  15.6  16.0  14.5   MM   MM    MM
2026 08 19 23 40 360  7.0  8.0    MM    MM    MM  MM 1022.8  15.5  16.0  14.5   MM   MM    MM
2026 08 19 23 20 350  6.0  8.0   1.7    11   6.1 277 1022.8  15.6  16.0  14.7   MM   MM    MM
2026 08 19 23 10 350  6.0  8.0   1.7    MM   6.1 277 1023.0  15.5  16.0  14.5   MM   MM    MM
2026 08 19 23 00 350  7.0  9.0    MM    MM    MM  MM 1023.0  15.5  16.0  14.7   MM -0.8    MM
2026 08 19 22 50 350  8.0  9.0   1.7    11   6.1 283 1022.9  15.4  16.0  14.7   MM   MM    MM
2026 08 19 22 40 350  7.0  9.0   1.7    MM   6.1 283 1022.9  15.6  16.0  14.7   MM   MM    MM
2026 08 19 22 30 350  8.0  9.0    MM    MM    MM  MM 1023.1  15.6  16.0  14.5   MM   MM    MM
2026 08 19 22 20 350  7.0  9.0   1.7    10   6.2 283 1023.2  15.5  16.0  14.6   MM   MM    MM
2026 08 19 22 10 350  8.0  9.0   1.7    MM   6.2 283 1023.3  15.4  16.0  14.6   MM   MM    MM
2026 08 19 22 00 350  7.0  8.0    MM    MM    MM  MM 1023.6  15.6  16.0  14.6   MM -0.5    MM
2026 08 19 21 50 350  6.0  8.0   1.7    10   6.2 281 1023.7  15.7    MM  14.6   MM   MM    MM
2026 08 19 21 40 360  6.0  8.0   1.7    MM   6.2 281 1023.7  15.7  16.0  14.5   MM   MM    MM
2026 08 19 21 30 360  6.0  8.0    MM    MM    MM  MM 1023.7  15.7  16.0  14.5   MM   MM    MM
2026 08 19 21 20 360  7.0  8.0   1.6    11   5.8 275 1023.7  15.7  16.0  14.4   MM   MM    MM
2026 08 19 21 10 350  7.0  9.0    MM    MM    MM  MM 1023.8  15.7  16.0  14.6   MM   MM    MM
2026 08 19 21 00 350  7.0  8.0    MM    MM    MM  MM 1023.9  15.6  16.0  14.5   MM +0.3    MM
2026 08 19 20 50 350  6.0  8.0   1.7    11   6.0 277 1024.0  15.6  16.0  14.6   MM   MM    MM
2026 08 19 20 40 360  6.0  8.0    MM    MM    MM  MM 1024.0  15.6  16.0  14.7   MM   MM    MM
2026 08 19 20 30 350  7.0  8.0    MM    MM    MM  MM 1024.0  15.6  16.0  14.7   MM   MM    MM
2026 08 19 20 20 360  7.0  8.0   1.7    11   6.2 273 1024.0  15.7  16.0  14.7   MM   MM    MM
2026 08 19 20 10 360  7.0  9.0    MM    MM    MM  MM 1023.9  15.7  16.0  14.7   MM   MM    MM
2026 08 19 20 00 360  7.0  9.0   1.7    MM   6.2 273 1023.9  15.7  16.0  14.6   MM +0.0    MM
2026 08 19 19 50 360  7.0  9.0   1.8    10   6.2 276 1024.0    MM  15.9    MM   MM   MM    MM
2026 08 19 19 40 360  8.0  9.0    MM    MM    MM  MM 1024.0  15.7  16.0  14.5   MM   MM    MM
2026 08 19 19 30 360  8.0  9.0    MM    MM    MM  MM 1024.0  15.7  15.9  14.6   MM   MM    MM
2026 08 19 19 20 350  7.0  9.0   1.6    MM   5.9 283 1024.0    MM  15.9    MM   MM   MM    MM
2026 08 19 19 10 350  7.0  9.0   1.6    MM   5.9 283 1024.0  15.7  15.9  14.7   MM   MM    MM
2026 08 19 19 00 350  7.0  9.0    MM    MM    MM  MM 1024.1  15.7  15.9  14.9   MM +0.5    MM
2026 08 19 18 50 350  8.0  9.0   1.7    11   6.3 282 1024.0  15.6  15.9  14.8   MM   MM    MM
2026 08 19 18 40 350  8.0 10.0    MM    MM    MM  MM 1023.9  15.6  15.9  14.8   MM   MM    MM
2026 08 19 18 30 350  8.0  9.0    MM    MM    MM  MM 1024.0  15.5  15.9  14.8   MM   MM    MM
2026 08 19 18 20 340  8.0  9.0   1.6    12   6.0 267 1023.9  15.5  15.9  14.8   MM   MM    MM
2026 08 19 18 10 350  8.0 10.0   1.6    MM   6.0 267 1023.7  15.5  15.9  14.8   MM   MM    MM
2026 08 19 18 00 350  8.0 10.0    MM    MM    MM  MM 1023.7  15.5  15.9  14.8   MM +0.0    MM
2026 08 19 17 50 350  8.0  9.0   1.6    11   6.0 283 1023.7  15.4  15.9  14.9   MM   MM    MM
2026 08 19 17 40 350  7.0  9.0   1.6    MM   6.0 283 1023.6  15.5  15.9  15.0   MM   MM    MM
2026 08 19 17 30 350  8.0  9.0    MM    MM    MM  MM 1023.7  15.4  15.9  14.9   MM   MM    MM
2026 08 19 17 20 350  8.0  9.0   1.7    11   6.2 275 1023.7  15.5  15.9  14.9   MM   MM    MM
2026 08 19 17 10 340  8.0  9.0   1.7    MM   6.2 275 1023.7  15.5  15.9  14.9   MM   MM    MM
2026 08 19 17 00 340  8.0 10.0    MM    MM    MM  MM 1023.8  15.6  15.9  14.9   MM +0.5    MM
2026 08 19 16 50 340  8.0  9.0   1.6    11   5.7 276 1023.8  15.5    MM  14.8   MM   MM    MM
2026 08 19 16 40 350  7.0  9.0   1.6    MM   5.7 276 1023.8  15.5  15.9  15.0   MM   MM    MM
2026 08 19 16 30 340  8.0 10.0    MM    MM    MM  MM 1023.8  15.4  15.9  14.9   MM   MM    MM
2026 08 19 16 20 340  8.0 10.0   1.7    11   5.8 287 1023.7  15.5  15.9  14.9   MM   MM    MM
2026 08 19 16 10 340  7.0  9.0   1.7    MM   5.8 287 1023.7  15.6  15.9  15.0   MM   MM    MM
2026 08 19 16 00 340  8.0 10.0    MM    MM    MM  MM 1023.7  15.5  15.9  14.8   MM -0.0    MM
2026 08 19 15 50 340  9.0 10.0   1.6    10   5.6 278 1023.6  15.5  15.9  14.7   MM   MM    MM
2026 08 19 15 40 340  9.0 10.0   1.6    MM   5.6 278 1023.6  15.6  15.9  14.8   MM   MM    MM
2026 08 19 15 30 340  8.0 10.0    MM    MM    MM  MM 1023.5  15.7  15.9  14.8   MM   MM    MM
2026 08 19 15 20 340  8.0 10.0   1.5    11   5.7 272 1023.6  15.7  15.9  14.8   MM   MM    MM
2026 08 19 15 10 340  8.0  9.0   1.5    MM   5.7 272 1023.6  15.7  15.9  14.7   MM   MM    MM
2026 08 19 15 00 350  8.0 10.0    MM    MM    MM  MM 1023.6  15.6  15.9  14.5   MM -0.5    MM
2026 08 19 14 50 340  8.0 10.0   1.6    11   6.3 287 1023.5  15.6  15.9  14.6   MM   MM    MM
2026 08 19 14 40 340  9.0 10.0   1.6    MM   6.3 287 1023.4  15.6  15.9  14.7   MM   MM    MM
2026 08 19 14 30 340  9.0 10.0    MM    MM    MM  MM 1023.5  15.6  15.9  14.7   MM   MM    MM
2026 08 19 14 20 340  8.0 10.0   1.5    13   5.9 236 1023.5  15.6  15.9  14.7   MM   MM    MM
2026 08 19 14 10 340  8.0  9.0   1.5    MM   5.9 236 1023.4  15.6  15.9  14.6   MM   MM    MM
2026 08 19 14 00 340  8.0  9.0    MM    MM    MM  MM 1023.5  15.5  15.9  14.5   MM -0.6    MM
2026 08 19 13 50 340  8.0  9.0   1.6    11   6.2 278 1023.4  15.5    MM  14.5   MM   MM    MM
2026 08 19 13 40 340  8.0  9.0   1.6    MM   6.2 278 1023.4  15.5  15.9  14.6   MM   MM    MM
2026 08 19 13 30 340  8.0  9.0    MM    MM    MM  MM 1023.4  15.5  15.9  14.6   MM   MM    MM
2026 08 19 13 20 340  7.0  8.0   1.5    11   6.1 290 1023.5  15.5  15.9  14.7   MM   MM    MM
2026 08 19 13 10 340  7.0  8.0   1.5    MM   6.1 290 1023.7  15.5  15.9  14.6   MM   MM    MM
2026 08 19 13 00 340  7.0  8.0    MM    MM    MM  MM 1023.7  15.5  15.9  14.6   MM +0.0    MM
2026 08 19 12 50 340  7.0  8.0   1.5    11   6.3 288 1023.8  15.4    MM  14.5   MM   MM    MM
2026 08 19 12 40 340  6.0  7.0   1.5    MM   6.3 288 1023.9  15.5  15.9  14.5   MM   MM    MM
2026 08 19 12 30 340  6.0  7.0    MM    MM    MM  MM 1023.9  15.4  15.9  14.4   MM   MM    MM
2026 08 19 12 20 340  6.0  7.0   1.5    12   6.1 276 1023.9  15.4  15.9  14.3   MM   MM    MM
2026 08 19 12 10 340  5.0  7.0   1.5    MM   6.1 276 1024.1  15.4  15.9  14.3   MM   MM    MM
2026 08 19 12 00 350  6.0  7.0    MM    MM    MM  MM 1024.1  15.4  15.9  14.3   MM -0.5    MM
2026 08 19 11 50 340  6.0  7.0   1.4    14   5.9 227 1024.1  15.4  15.9  14.3   MM   MM    MM
2026 08 19 11 40 340  6.0  7.0   1.4    MM   5.9 227 1024.0  15.3  15.9  14.2   MM   MM    MM
2026 08 19 11 30 340  6.0  8.0    MM    MM    MM  MM 1024.0  15.3  15.9  14.2   MM   MM    MM
2026 08 19 11 20 340  6.0  7.0   1.5    11   6.3 279 1024.0    MM  15.9    MM   MM   MM    MM
2026 08 19 11 10 340  6.0  7.0    MM    MM    MM  MM 1024.1  15.3  15.9  14.2   MM   MM    MM
2026 08 19 11 00 340  6.0  7.0    MM    MM    MM  MM 1024.0  15.3  15.9  14.2   MM -0.9    MM
2026 08 19 10 50 340  6.0  7.0   1.4    11   6.0 270 1024.0  15.3  15.9  14.2   MM   MM    MM
2026 08 19 10 40 350  6.0  7.0    MM    MM    MM  MM 1024.0  15.2  15.9  14.1   MM   MM    MM
2026 08 19 10 30 340  7.0  8.0    MM    MM    MM  MM 1024.1  15.3  15.9  14.2   MM   MM    MM
2026 08 19 10 20 340  6.0  7.0   1.4    13   6.3 242 1023.9  15.3  15.9  14.2   MM   MM    MM
2026 08 19 10 10 330  6.0  7.0   1.4    MM   6.3 242 1023.8  15.2  15.9  14.1   MM   MM    MM
2026 08 19 10 00 330  5.0  7.0    MM    MM    MM  MM 1023.8  15.2  15.9  14.1   MM -1.0    MM
2026 08 19 09 50 330  6.0  7.0   1.4    11   6.4 264 1023.7  15.2  15.9  14.1   MM   MM    MM
2026 08 19 09 40 330  6.0  7.0   1.4    MM   6.4 264 1023.9  15.2  15.9  14.2   MM   MM    MM
2026 08 19 09 30 340  6.0  7.0    MM    MM    MM  MM 1024.0  15.2  15.9  14.4   MM   MM    MM
2026 08 19 09 20 330  6.0  7.0   1.3    11   6.0 275 1024.2  15.3  15.9  14.6   MM   MM    MM
2026 08 19 09 10 330  6.0  7.0   1.3    MM   6.0 275 1024.3  15.3  15.9  14.6   MM   MM    MM
2026 08 19 09 00 340  5.0  7.0    MM    MM    MM  MM 1024.6  15.2  15.9  14.7   MM +0.0    MM
2026 08 19 08 50 340  5.0  7.0   1.5    11   6.8 268 1024.7  15.1  15.9  14.8   MM   MM    MM
2026 08 19 08 40 330  5.0  7.0   1.5    MM   6.8 268 1024.7  15.3  15.9  15.0   MM   MM    MM
2026 08 19 08 30 330  5.0  6.0    MM    MM    MM  MM 1024.7  15.4  15.9  15.0   MM   MM    MM
2026 08 19 08 20 340  5.0  6.0   1.4    13   6.5 270 1024.9  15.4  15.9  15.0   MM   MM    MM
2026 08 19 08 10 350  5.0  6.0    MM    MM    MM  MM 1024.9  15.4  15.9  15.0   MM   MM    MM
2026 08 19 08 00 330  5.0  6.0    MM    MM    MM  MM 1025.0  15.4  15.9  15.0   MM +0.0    MM
2026 08 19 07 50 340  5.0  6.0   1.4    12   6.1 282 1024.8    MM  15.9    MM   MM   MM    MM
2026 08 19 07 40 350  5.0  6.0    MM    MM    MM  MM 1024.9  15.4  15.9  15.1   MM   MM    MM
2026 08 19 07 30 340  5.0  6.0    MM    MM    MM  MM 1024.8  15.4  15.9  15.1   MM   MM    MM
2026 08 19 07 20 350  5.0  6.0   1.5    11   6.7 277 1024.8    MM  15.9    MM   MM   MM    MM
2026 08 19 07 10 350  5.0  6.0    MM    MM    MM  MM 1024.9  15.5  15.9  15.3   MM   MM    MM
2026 08 19 07 00 350  4.0  6.0    MM    MM    MM  MM 1024.7  15.6  15.9  15.4   MM +0.0    MM
2026 08 19 06 50 340  5.0  6.0   1.5    11   6.9 272 1024.6  15.7  15.9  15.5   MM   MM    MM
2026 08 19 06 40 340  4.0  6.0   1.5    MM   6.9 272 1024.5  15.8  15.9  15.6   MM   MM    MM
2026 08 19 06 30 340  4.0  5.0    MM    MM    MM  MM 1024.7  15.8  15.9  15.5   MM   MM    MM
2026 08 19 06 20 330  4.0  5.0   1.4    12   6.9 266 1024.7  15.8  15.9  15.5   MM   MM    MM
2026 08 19 06 10 340  3.0  4.0   1.4    MM   6.9 266 1024.9  15.7  15.9  15.5   MM   MM    MM
2026 08 19 06 00 330  4.0  5.0    MM    MM    MM  MM 1024.9  15.7  15.9  15.5   MM +0.0    MM
2026 08 19 05 50 330  5.0  5.0   1.3    13   6.0 264 1024.7  15.7  15.9  15.5   MM   MM    MM
2026 08 19 05 40 340  5.0  7.0   1.3    MM   6.0 264 1024.8  15.7  15.9  15.5   MM   MM    MM
2026 08 19 05 30 340  6.0  7.0    MM    MM    MM  MM 1025.0  15.7  15.9  15.5   MM   MM    MM
2026 08 19 05 20 330  5.0  7.0   1.3    11   6.1 254 1025.1  15.7  15.9  15.5   MM   MM    MM
2026 08 19 05 10 330  5.0  6.0   1.3    MM   6.1 254 1025.1  15.7  15.9  15.5   MM   MM    MM
2026 08 19 05 00 330  5.0  6.0    MM    MM    MM  MM 1025.1  15.7  15.9  15.5   MM -0.0    MM
2026 08 19 04 50 330  6.0  7.0   1.4    11   6.4 282 1024.9  15.7  15.9  15.5   MM   MM    MM
2026 08 19 04 40 340  5.0  7.0   1.4    MM   6.4 282 1024.6  15.7  15.9  15.5   MM   MM    MM
2026 08 19 04 30 340  4.0  5.0    MM    MM    MM  MM 1025.1  15.7  15.9  15.5   MM   MM    MM
2026 08 19 04 20 340  4.0  5.0   1.4    12   6.4 240 1025.0  15.7  15.9  15.5   MM   MM    MM
2026 08 19 04 10 330  5.0  6.0    MM    MM    MM  MM 1024.9  15.7  15.9  15.5   MM   MM    MM
2026 08 19 04 00 300  5.0  6.0    MM    MM    MM  MM 1024.7  15.7  15.9  15.5   MM -0.3    MM
2026 08 19 03 50 310  5.0  7.0   1.4    11   6.2 288 1024.3  15.7  15.9  15.5   MM   MM    MM
2026 08 19 03 40 310  5.0  7.0    MM    MM    MM  MM 1024.7  15.7  15.9  15.5   MM   MM    MM
2026 08 19 03 30 320  5.0  7.0    MM    MM    MM  MM 1024.5  15.7  15.9  15.5   MM   MM    MM
2026 08 19 03 20 320  4.0  5.0   1.4    11   6.3 274 1024.9  15.8  15.9  15.6   MM   MM    MM
2026 08 19 03 10 310  4.0  6.0   1.4    MM   6.3 274 1024.9  15.8  15.9  15.6   MM   MM    MM
2026 08 19 03 00 310  5.0  6.0    MM    MM    MM  MM 1024.7  15.8  15.9  15.6   MM -0.7    MM
2026 08 19 02 50 310  5.0  7.0   1.3    11   6.3 284 1024.7  15.8  15.9  15.6   MM   MM    MM
2026 08 19 02 40 320  5.0  7.0   1.3    MM   6.3 284 1024.5  15.8  15.9  15.6   MM   MM    MM
2026 08 19 02 30 320  5.0  6.0    MM    MM    MM  MM 1025.0  15.8  15.9  15.6   MM   MM    MM
2026 08 19 02 20 320  5.0  6.0   1.3    11   5.9 264 1025.0  15.8  15.9  15.6   MM   MM    MM
2026 08 19 02 10 320  6.0  7.0   1.3    MM   5.9 264 1024.8  15.8  15.9  15.6   MM   MM    MM
2026 08 19 02 00 320  7.0  8.0    MM    MM    MM  MM 1024.8  15.8  15.9  15.6   MM -0.8    MM
2026 08 19 01 50 320  6.0  7.0   1.4    11   6.3 284 1025.1  15.8  15.9  15.6   MM   MM    MM
2026 08 19 01 40 310  6.0  7.0   1.4    MM   6.3 284 1025.0  15.8  15.9  15.6   MM   MM    MM
2026 08 19 01 30 310  6.0  8.0    MM    MM    MM  MM 1025.1  15.8  15.9  15.6   MM   MM    MM
2026 08 19 01 20 310  6.0  7.0   1.4    11   6.6 285 1025.0  15.8  16.0  15.6   MM   MM    MM
2026 08 19 01 10 310  7.0  8.0   1.4    MM   6.6 285 1025.0  15.8  16.0  15.6   MM   MM    MM
2026 08 19 01 00 310  7.0  8.0    MM    MM    MM  MM 1024.9  15.9  16.0  15.7   MM -1.1    MM
2026 08 19 00 50 300  7.0  9.0   1.6    11   6.9 274 1025.0  15.9  16.0  15.7   MM   MM    MM
2026 08 19 00 40 310  6.0  8.0    MM    MM    MM  MM 1025.0  15.9  16.0  15.7   MM   MM    MM
2026 08 19 00 30 300  6.0  7.0    MM    MM    MM  MM 1025.2  15.8  16.0  15.6   MM   MM    MM
2026 08 19 00 20 300  6.0  7.0   1.6    11   6.8 288 1025.2  15.8  16.0  15.6   MM   MM    MM
2026 08 19 00 10 290  6.0  7.0   1.6    MM   6.8 288 1025.2  15.8  15.9  15.6   MM   MM    MM
2026 08 19 00 00 290  5.0  7.0    MM    MM    MM  MM 1025.3  15.8  15.9  15.6   MM -1.0    MM
2026 08 18 23 50 290  5.0  7.0   1.5    11   6.6 289 1025.4  15.8  15.9  15.6   MM   MM    MM
2026 08 18 23 40 290  5.0  7.0    MM    MM    MM  MM 1025.5  15.8  15.9  15.6   MM   MM    MM
2026 08 18 23 20 290  6.0  7.0   1.4    11   6.5 274 1025.6  15.8  15.9  15.6   MM   MM    MM
2026 08 18 23 10 290  6.0  7.0   1.4    MM   6.5 274 1025.7  15.7  15.9  15.5   MM   MM    MM
2026 08 18 23 00 290  6.0  8.0    MM    MM    MM  MM 1025.7  15.7  15.9  15.5   MM -0.9    MM
2026 08 18 22 50 290  6.0  8.0   1.4    11   6.2 263 1025.6  15.7  15.9  15.5   MM   MM    MM
2026 08 18 22 40 290  6.0  7.0    MM    MM    MM  MM 1025.9  15.6  15.9  15.4   MM   MM    MM
2026 08 18 22 30 290  6.0  8.0    MM    MM    MM  MM 1025.9  15.6  15.9  15.4   MM   MM    MM
2026 08 18 22 20 280  6.0  8.0   1.3    14   6.2 204 1025.8  15.6  15.9  15.4   MM   MM    MM
2026 08 18 22 10 290  6.0  7.0   1.3    MM   6.2 204 1026.1  15.6  15.9  15.4   MM   MM    MM
2026 08 18 22 00 280  6.0  7.0    MM    MM    MM  MM 1026.1  15.6  15.9  15.4   MM -0.4    MM
2026 08 18 21 50 290  6.0  7.0   1.5    11   6.5 277 1026.1  15.5  15.9  15.3   MM   MM    MM
2026 08 18 21 40 290  6.0  7.0   1.5    MM   6.5 277 1026.2  15.4  15.9  15.2   MM   MM    MM
2026 08 18 21 30 280  6.0  7.0    MM    MM    MM  MM 1026.2  15.3  15.9  15.1   MM   MM    MM
2026 08 18 21 20 290  6.0  7.0   1.4    12   6.8 267 1026.2  15.2  15.9  15.0   MM   MM    MM
2026 08 18 21 10 290  6.0  7.0   1.4    MM   6.8 267 1026.2  15.1  15.9  14.9   MM   MM    MM
2026 08 18 21 00 290  6.0  6.0    MM    MM    MM  MM 1026.3  15.1  15.9  14.9   MM +0.0    MM
2026 08 18 20 50 290  5.0  6.0   1.4    12   6.2 269 1026.3  15.0  15.9  14.8   MM   MM    MM
2026 08 18 20 40 280  5.0  6.0   1.4    MM   6.2 269 1026.3  14.9  15.9  14.7   MM   MM    MM
2026 08 18 20 30 280  5.0  6.0    MM    MM    MM  MM 1026.3  14.8  15.9  14.6   MM   MM    MM
2026 08 18 20 20 280  5.0  6.0   1.3    12   6.3 266 1026.4  14.7  15.9  14.5   MM   MM    MM
2026 08 18 20 10 280  5.0  6.0   1.3    MM   6.3 266 1026.5  14.7  15.9  14.5   MM   MM    MM
2026 08 18 20 00 280  5.0  6.0    MM    MM    MM  MM 1026.4  14.6  15.9  14.4   MM -0.0    MM
2026 08 18 19 50 290  5.0  7.0   1.3    12   6.0 253 1026.5  14.5  15.9  14.3   MM   MM    MM
2026 08 18 19 40 300  5.0  7.0    MM    MM    MM  MM 1026.5  14.5  15.9  14.3   MM   MM    MM
2026 08 18 19 30 300  5.0  7.0    MM    MM    MM  MM 1026.6  14.4  15.9  14.2   MM   MM    MM
2026 08 18 19 20 300  6.0  7.0   1.4    12   6.3 279 1026.4  14.3  15.9  14.1   MM   MM    MM
2026 08 18 19 10 310  5.0  7.0   1.4    MM   6.3 279 1026.5  14.4    MM  14.2   MM   MM    MM
2026 08 18 19 00 310  6.0  7.0    MM    MM    MM  MM 1026.5  14.4  15.9  14.2   MM +0.0    MM
2026 08 18 18 50 310  6.0  7.0   1.2    13   5.7 251 1026.6    MM  15.9    MM   MM   MM    MM
2026 08 18 18 40 310  5.0  6.0    MM    MM    MM  MM 1026.4  14.2  15.9  14.0   MM   MM    MM
2026 08 18 18 30 310  5.0  6.0    MM    MM    MM  MM 1026.5  14.2  15.9  14.0   MM   MM    MM
2026 08 18 18 20 310  5.0  6.0   1.3    15   5.7 165 1026.7  14.1  15.9  13.9   MM   MM    MM
2026 08 18 18 10 310  6.0  7.0   1.3    MM   5.7 165 1026.6  14.1  15.9  13.9   MM   MM    MM
2026 08 18 18 00 310  6.0  7.0    MM    MM    MM  MM 1026.5  14.1  15.8  13.9   MM +0.0    MM
2026 08 18 17 50 310  5.0  7.0   1.2    15   5.4 190 1026.6  13.9  15.8  13.7   MM   MM    MM
2026 08 18 17 40 300  5.0  6.0    MM    MM    MM  MM 1026.6  13.9  15.9  13.7   MM   MM    MM
2026 08 18 17 30 300  4.0  6.0    MM    MM    MM  MM 1026.7  13.9  15.9  13.7   MM   MM    MM
2026 08 18 17 20 310  5.0  6.0    MM    MM    MM  MM 1026.7    MM    MM    MM   MM   MM    MM
2026 08 18 17 10 320  5.0  6.0    MM    MM    MM  MM 1026.7  13.8  15.8  13.6   MM   MM    MM
2026 08 18 17 00  MM   MM   MM    MM    MM    MM  MM 1026.7    MM  15.8    MM   MM +0.9    MM
2026 08 18 16 50 310  6.0  7.0    MM    MM    MM  MM 1026.7  13.8    MM  13.6   MM   MM    MM
2026 08 18 16 40 320  5.0  6.0    MM    MM    MM  MM 1026.7  13.9  15.8  13.7   MM   MM    MM
2026 08 18 16 30 310  5.0  7.0    MM    MM    MM  MM 1026.7  13.9  15.8  13.7   MM   MM    MM
2026 08 18 16 20 320  6.0  7.0   1.3    14   5.5 243 1026.6    MM  15.8    MM   MM   MM    MM
2026 08 18 16 10 310  6.0  7.0    MM    MM    MM  MM 1026.6  13.8  15.8  13.6   MM   MM    MM
2026 08 18 16 00 310  5.0  6.0    MM    MM    MM  MM 1026.6  13.8  15.8  13.6   MM +0.7    MM
2026 08 18 15 50 320  6.0  7.0   1.2    14   5.1 216 1026.6  13.7  15.8  13.5   MM   MM    MM
2026 08 18 15 40 320  6.0  6.0   1.2    MM   5.1 216 1026.6  13.8  15.8  13.6   MM   MM    MM
2026 08 18 15 30 310  6.0  7.0    MM    MM    MM  MM 1026.5  13.8  15.8  13.6   MM   MM    MM
2026 08 18 15 20 320  6.0  7.0   1.4    13   5.7 231 1026.4  13.8  15.8  13.6   MM   MM    MM
2026 08 18 15 10 320  6.0  7.0   1.4    MM   5.7 231 1026.4  13.8  15.9  13.6   MM   MM    MM
2026 08 18 15 00 310  6.0  7.0    MM    MM    MM  MM 1026.3  13.8  15.9  13.6   MM +0.6    MM
2026 08 18 14 50 310  6.0  7.0   1.3    15   5.4 297 1026.2  13.9  15.9  13.7   MM   MM    MM
2026 08 18 14 40 310  6.0  7.0    MM    MM    MM  MM 1026.3  13.8  15.9  13.6   MM   MM    MM
2026 08 18 14 30 320  6.0  8.0    MM    MM    MM  MM 1026.2  13.8  15.9  13.6   MM   MM    MM
2026 08 18 14 20 320  7.0  8.0   1.3    15   5.4 169 1026.1  13.7  15.9  13.5   MM   MM    MM
2026 08 18 14 10 320  7.0  8.0   1.3    MM   5.4 169 1026.0  13.7  15.9  13.5   MM   MM    MM
2026 08 18 14 00 320  7.0  8.0    MM    MM    MM  MM 1025.9  13.7  15.9  13.5   MM +0.0    MM
2026 08 18 13 50 320  7.0  8.0   1.3    14   5.7 225 1025.9  13.7  15.9  13.5   MM   MM    MM
2026 08 18 13 40 320  7.0  9.0    MM    MM    MM  MM 1025.8  13.8  15.9  13.6   MM   MM    MM
2026 08 18 13 30 320  7.0  8.0    MM    MM    MM  MM 1025.7  13.7  15.9  13.5   MM   MM    MM
2026 08 18 13 20 320  6.0  8.0   1.4    15   5.8 196 1025.7  13.7  15.9  13.5   MM   MM    MM
2026 08 18 13 10 320  7.0  8.0   1.4    MM   5.8 196 1025.8  13.7  15.9  13.5   MM   MM    MM
2026 08 18 13 00 320  7.0  8.0    MM    MM    MM  MM 1025.8  13.7  15.9  13.5   MM -0.0    MM
2026 08 18 12 50 310  6.0  8.0   1.3    15   5.5 191 1025.8  13.8    MM  13.6   MM   MM    MM
2026 08 18 12 40 320  7.0  8.0   1.3    MM   5.5 191 1025.8  13.7  15.9  13.5   MM   MM    MM
2026 08 18 12 30 320  6.0  7.0    MM    MM    MM  MM 1025.8  13.7  15.9  13.5   MM   MM    MM
2026 08 18 12 20 320  6.0  8.0   1.3    15   5.6 186 1025.7  13.7  15.9  13.5   MM   MM    MM
2026 08 18 12 10 320  6.0  7.0   1.3    MM   5.6 186 1025.8  13.8  15.9  13.6   MM   MM    MM
2026 08 18 12 00 320  6.0  7.0    MM    MM    MM  MM 1025.8  13.8  15.9  13.6   MM -0.6    MM
2026 08 18 11 50 320  6.0  7.0   1.3    15   5.9 203 1025.8  13.9  15.9  13.7   MM   MM    MM
2026 08 18 11 40 320  6.0  7.0   1.3    MM   5.9 203 1025.7  13.8  15.9  13.6   MM   MM    MM
2026 08 18 11 30 320  6.0  7.0    MM    MM    MM  MM 1025.7  14.0  15.9  13.8   MM   MM    MM
2026 08 18 11 20 320  6.0  7.0   1.2    15   5.6 244 1025.8  13.8  15.9  13.6   MM   MM    MM
2026 08 18 11 10 320  5.0  7.0   1.2    MM   5.6 244 1025.7  13.9  15.9  13.7   MM   MM    MM
2026 08 18 11 00 330  5.0  6.0    MM    MM    MM  MM 1025.7  13.9    MM  13.6   MM -0.4    MM
2026 08 18 10 50 320  5.0  6.0   1.3    15   5.7 225 1025.7  14.0  15.9  13.6   MM   MM    MM
2026 08 18 10 40 320  5.0  7.0    MM    MM    MM  MM 1025.8  13.8  15.9  13.3   MM   MM    MM
2026 08 18 10 30 320  5.0  7.0    MM    MM    MM  MM 1025.9  13.9  15.9  13.3   MM   MM    MM
2026 08 18 10 20 320  5.0  6.0   1.4    14   5.7 220 1025.9  14.0  15.9  13.3   MM   MM    MM
2026 08 18 10 10 320  5.0  8.0   1.4    MM   5.7 220 1026.0  13.9  15.9  13.2   MM   MM    MM
2026 08 18 10 00 330  6.0  8.0    MM    MM    MM  MM 1026.0  14.0  15.9  13.4   MM +0.0    MM
2026 08 18 09 50 340  6.0  7.0   1.3    14   5.6 237 1026.1  13.8  15.9  13.3   MM   MM    MM
2026 08 18 09 40 320  6.0  8.0   1.3    MM   5.6 237 1026.1  13.9  15.9  13.3   MM   MM    MM
2026 08 18 09 30 320  6.0  8.0    MM    MM    MM  MM 1026.1  14.1  15.9  13.6   MM   MM    MM
2026 08 18 09 20 330  6.0  7.0   1.3    15   5.7 197 1026.2  14.1  15.9  13.5   MM   MM    MM
2026 08 18 09 10 330  6.0  8.0   1.3    MM   5.7 197 1026.1  13.9  15.9  13.2   MM   MM    MM
2026 08 18 09 00 330  6.0  7.0    MM    MM    MM  MM 1026.3  14.0  15.9  13.3   MM +0.0    MM
2026 08 18 08 50 340  6.0  7.0   1.3    15   5.5 193 1026.4  14.2  15.9  13.4   MM   MM    MM
2026 08 18 08 40 330  6.0  7.0   1.3    MM   5.5 193 1026.2  14.2  15.9  13.4   MM   MM    MM
2026 08 18 08 30 330  6.0  8.0    MM    MM    MM  MM 1026.2  14.3  15.9  13.4   MM   MM    MM
2026 08 18 08 20 340  6.0  8.0   1.3     6   5.4   8 1026.2  14.4  15.9  13.5   MM   MM    MM
2026 08 18 08 10 330  6.0  8.0    MM    MM    MM  MM 1026.2  14.3  15.9  13.4   MM   MM    MM
2026 08 18 08 00 340  6.0  8.0    MM    MM    MM  MM 1026.1  14.4  15.9  13.5   MM +0.0    MM
2026 08 18 07 50 340  6.0  8.0   1.3    15   5.5 193 1026.1  14.4  15.9  13.5   MM   MM    MM
2026 08 18 07 40 330  6.0  7.0    MM    MM    MM  MM 1026.2  14.5  15.9  13.6   MM   MM    MM
2026 08 18 07 30 330  6.0  8.0    MM    MM    MM  MM 1026.2  14.5  15.9  13.5   MM   MM    MM
2026 08 18 07 20 330  6.0  8.0   1.4    15   5.7 199 1026.3  14.6  15.9  13.6   MM   MM    MM
2026 08 18 07 10 330  6.0  7.0   1.4    MM   5.7 199 1026.2  14.4  15.9  13.4   MM   MM    MM
2026 08 18 07 00 330  6.0  7.0    MM    MM    MM  MM 1026.2    MM  15.9    MM   MM +0.8    MM
2026 08 18 06 50 330  6.0  8.0   1.3    15   5.4 196 1026.3  14.3  15.9  13.4   MM   MM    MM
2026 08 18 06 40 330  6.0  7.0    MM    MM    MM  MM 1026.3  14.5  15.9  13.7   MM   MM    MM
2026 08 18 06 30 330  6.0  7.0    MM    MM    MM  MM 1026.2  14.4  15.9  13.6   MM   MM    MM
2026 08 18 06 20 340  6.0  8.0   1.2    15   5.1 124 1026.3  14.3  15.9  13.6   MM   MM    MM
2026 08 18 06 10 330  6.0  7.0   1.2    MM   5.1 124 1026.4  14.0  15.9  13.3   MM   MM    MM
2026 08 18 06 00 340  6.0  7.0    MM    MM    MM  MM 1026.3  14.1  15.9  13.6   MM +1.1    MM
2026 08 18 05 50 330  6.0  8.0   1.3    15   5.1 179 1026.1  14.0  15.9  13.6   MM   MM    MM
2026 08 18 05 40 330  6.0  7.0    MM    MM    MM  MM 1026.2  14.0  15.9  13.6   MM   MM    MM
2026 08 18 05 30 340  5.0  7.0    MM    MM    MM  MM 1026.2  14.1  15.9  13.7   MM   MM    MM
2026 08 18 05 20 340  6.0  7.0   1.2    15   5.0 192 1026.1  14.2  15.9  13.7   MM   MM    MM
2026 08 18 05 10 340  7.0  8.0   1.2    MM   5.0 192 1026.1  14.3  15.9  13.7   MM   MM    MM
2026 08 18 05 00 350  6.0  7.0    MM    MM    MM  MM 1025.8  14.3  15.9  13.6   MM +0.5    MM
2026 08 18 04 50 340  6.0  8.0   1.3    MM   5.3 205 1025.8    MM  15.9    MM   MM   MM    MM
2026 08 18 04 40 350  6.0  8.0   1.3    MM   5.3 205 1025.7  14.5  15.9  13.8   MM   MM    MM
2026 08 18 04 30 340  6.0  8.0    MM    MM    MM  MM 1025.7  14.5  15.9  13.8   MM   MM    MM
2026 08 18 04 20 340  7.0  8.0   1.2    MM   4.9 216 1025.5    MM  15.9    MM   MM   MM    MM
2026 08 18 04 10 350  7.0  9.0   1.2    MM   4.9 216 1025.4  14.6  15.9  13.8   MM   MM    MM
2026 08 18 04 00 350  7.0  9.0    MM    MM    MM  MM 1025.4  14.5  15.9  13.7   MM +0.4    MM
2026 08 18 03 50 340  7.0  9.0   1.2    15   5.1 208 1025.3  14.7  15.9  13.9   MM   MM    MM
2026 08 18 03 40 350  7.0  8.0   1.2    MM   5.1 208 1025.3  14.7  15.9  13.8   MM   MM    MM
2026 08 18 03 30 350  7.0  9.0    MM    MM    MM  MM 1025.2  14.7  15.9  13.8   MM   MM    MM
2026 08 18 03 20 350  7.0  8.0   1.3    15   5.3 225 1025.2  14.7  15.9  13.9   MM   MM    MM
2026 08 18 03 10 330  7.0  9.0   1.3    MM   5.3 225 1025.2  14.6  15.9  13.8   MM   MM    MM
2026 08 18 03 00 340  8.0  9.0    MM    MM    MM  MM 1025.2  14.8  15.9  13.9   MM -0.0    MM
2026 08 18 02 50 350  7.0  9.0   1.2    15   4.9 160 1025.2  14.8  15.9  13.8   MM   MM    MM
2026 08 18 02 40 340  8.0  9.0   1.2    MM   4.9 160 1025.2  14.7  15.9  13.7   MM   MM    MM
2026 08 18 02 30 340  7.0  9.0    MM    MM    MM  MM 1025.2  14.8  15.9  13.8   MM   MM    MM
2026 08 18 02 20 340  7.0  9.0   1.2    16   5.2 175 1025.2  15.0  15.9  14.0   MM   MM    MM
2026 08 18 02 10 340  7.0  9.0   1.2    MM   5.2 175 1025.3  14.9  15.9  13.7   MM   MM    MM
2026 08 18 02 00 340  7.0  9.0    MM    MM    MM  MM 1025.3  14.8  15.9  13.6   MM -0.0    MM
2026 08 18 01 50 340  8.0  9.0   1.1    15   5.2 220 1025.3  15.0  15.9  13.8   MM   MM    MM
2026 08 18 01 40 340  7.0  9.0   1.1    MM   5.2 220 1025.3  14.9  16.0  13.6   MM   MM    MM
2026 08 18 01 30 340  7.0 11.0    MM    MM    MM  MM 1025.3  15.0  16.0  13.8   MM   MM    MM
2026 08 18 01 20 340  7.0  9.0   1.1    16   5.0 109 1025.2  15.0  16.0  13.8   MM   MM    MM
2026 08 18 01 10 340  8.0 10.0   1.1    MM   5.0 109 1025.1  14.9  16.0  13.7   MM   MM    MM
2026 08 18 01 00 350  8.0  9.0    MM    MM    MM  MM 1025.1  15.0  16.0  13.9   MM -0.9    MM
2026 08 18 00 50 350  7.0  9.0   1.1    16   5.2 117 1025.0  15.1  16.0  14.1   MM   MM    MM
2026 08 18 00 40 340  7.0  9.0   1.1    MM   5.2 117 1025.1  15.0  16.0  13.9   MM   MM    MM
2026 08 18 00 30 340  7.0  9.0    MM    MM    MM  MM 1025.2  15.2  16.0  14.1   MM   MM    MM
2026 08 18 00 20 340  8.0  9.0   1.1    15   5.1 246 1025.2  15.1  16.0  13.9   MM   MM    MM
2026 08 18 00 10 330  7.0  8.0   1.1    MM   5.1 246 1025.2  15.1  16.0  13.9   MM   MM    MM
2026 08 18 00 00 340  7.0  9.0    MM    MM    MM  MM 1025.3  15.2  16.0  14.1   MM -0.6    MM
2026 08 17 23 50 350  8.0 10.0   1.2    16   5.9 243 1025.0  15.1  16.0  13.9   MM   MM    MM
2026 08 17 23 40 340  7.0  9.0    MM    MM    MM  MM 1025.3  15.1  16.0  13.9   MM   MM    MM
2026 08 17 23 20 340  7.0  8.0   1.2    15   6.0 171 1025.4  15.1  16.0  14.0   MM   MM    MM
2026 08 17 23 10 340  6.0  8.0   1.2    MM   6.0 171 1025.5  15.1  16.0  14.0   MM   MM    MM
2026 08 17 23 00 340  7.0  8.0    MM    MM    MM  MM 1025.6  15.1  16.0  14.1   MM -0.7    MM
2026 08 17 22 50 340  6.0  7.0   1.1    15   5.5 123 1025.7  15.1  16.0  14.0   MM   MM    MM
2026 08 17 22 40 340  6.0  8.0    MM    MM    MM  MM 1025.8  15.1  16.0  14.1   MM   MM    MM
2026 08 17 22 30 340  6.0  7.0    MM    MM    MM  MM 1025.8  15.0  16.0  14.1   MM   MM    MM
2026 08 17 22 20 330  6.0  8.0   1.2    16   5.7 214 1025.8  15.0  16.0  14.1   MM   MM    MM
2026 08 17 22 10 340  6.0  7.0   1.2    MM   5.7 214 1025.8  15.1  16.0  14.1   MM   MM    MM
2026 08 17 22 00 340  6.0  8.0    MM    MM    MM  MM 1025.8  15.1  16.0  14.0   MM -0.4    MM
2026 08 17 21 50 340  7.0  8.0   1.1    16   5.4 244 1025.8  14.9  16.0  14.0   MM   MM    MM
2026 08 17 21 40 340  7.0  8.0    MM    MM    MM  MM 1025.9  14.9  16.0  14.1   MM   MM    MM
2026 08 17 21 30 330  6.0  8.0    MM    MM    MM  MM 1026.0  14.9  16.0  14.0   MM   MM    MM
2026 08 17 21 20 340  7.0  8.0   1.1    16   5.2 202 1025.9  14.9    MM  14.0   MM   MM    MM
2026 08 17 21 10 340  7.0  8.0   1.1    MM   5.2 202 1025.9  14.9    MM  14.0   MM   MM    MM
2026 08 17 21 00 340  7.0  8.0    MM    MM    MM  MM 1025.9  15.0  15.9  14.0   MM -0.5    MM
2026 08 17 20 50 340  7.0  8.0   1.1    16   6.0 223 1025.9  14.8  15.9  13.9   MM   MM    MM
2026 08 17 20 40 330  7.0  8.0   1.1    MM   6.0 223 1026.0  14.8  15.9  14.0   MM   MM    MM
2026 08 17 20 30 330  7.0  8.0    MM    MM    MM  MM 1026.0  14.7  15.9  14.0   MM   MM    MM
2026 08 17 20 20 340  7.0  8.0   1.1    15   5.6 214 1026.1  14.8  15.9  14.1   MM   MM    MM
2026 08 17 20 10 340  6.0  7.0   1.1    MM   5.6 214 1026.1  14.9  15.9  14.1   MM   MM    MM
2026 08 17 20 00 340  6.0  7.0    MM    MM    MM  MM 1026.2  14.8  15.9  14.0   MM +0.0    MM
2026 08 17 19 50 340  6.0  8.0   1.1    MM   5.8 207 1026.1    MM  15.9    MM   MM   MM    MM
2026 08 17 19 40 340  6.0  7.0   1.1    MM   5.8 207 1026.2  15.1  15.9  13.9   MM   MM    MM
2026 08 17 19 30 340  6.0  8.0    MM    MM    MM  MM 1026.3  15.1  15.9  13.9   MM   MM    MM
2026 08 17 19 20 350  6.0  7.0   1.0    15   5.7 210 1026.2    MM  15.9    MM   MM   MM    MM
2026 08 17 19 10 340  6.0  7.0    MM    MM    MM  MM 1026.2  15.3  15.9  14.0   MM   MM    MM
2026 08 17 19 00 340  6.0  7.0    MM    MM    MM  MM 1026.3  15.2  15.9  13.9   MM +0.0    MM
2026 08 17 18 50 350  6.0  7.0   1.1    16   5.8 198 1026.4  15.1  15.9  13.9   MM   MM    MM
2026 08 17 18 40 350  6.0  7.0   1.1    MM   5.8 198 1026.4  15.3  15.9  13.9   MM   MM    MM
2026 08 17 18 30 350  5.0  6.0    MM    MM    MM  MM 1026.4  15.3  15.9  13.8   MM   MM    MM
2026 08 17 18 20 350  5.0  6.0   1.1    15   6.1 183 1026.5  15.3  15.9  13.8   MM   MM    MM
2026 08 17 18 10 350  5.0  6.0   1.1    MM   6.1 183 1026.5  15.2  15.9  13.7   MM   MM    MM
2026 08 17 18 00 340  5.0  6.0    MM    MM    MM  MM 1026.4  15.2    MM  13.8   MM +0.7    MM
2026 08 17 17 50 340  6.0  7.0   1.1    MM   6.2 249 1026.5    MM  15.9    MM   MM   MM    MM
2026 08 17 17 40 350  5.0  7.0   1.1    MM   6.2 249 1026.5  15.2  15.9  13.8   MM   MM    MM
2026 08 17 17 30 350  4.0  5.0    MM    MM    MM  MM 1026.5  15.1  15.9  13.7   MM   MM    MM
2026 08 17 17 20 350  3.0  4.0   1.2    16   6.4 216 1026.4  15.1  15.9  13.6   MM   MM    MM
2026 08 17 17 10 350  4.0  6.0   1.2    MM   6.4 216 1026.4  15.0  15.9  13.5   MM   MM    MM
2026 08 17 17 00 350  5.0  6.0    MM    MM    MM  MM 1026.4  15.0  15.9  13.7   MM +0.9    MM
2026 08 17 16 50 350  5.0  6.0   1.1    16   5.5 214 1026.3  15.1  15.9  13.9   MM   MM    MM
2026 08 17 16 40 350  5.0  6.0    MM    MM    MM  MM 1026.2  15.1  15.9  13.8   MM   MM    MM
2026 08 17 16 30 360  4.0  5.0    MM    MM    MM  MM 1026.1  15.0  15.9  13.6   MM   MM    MM
2026 08 17 16 20 350  5.0  7.0   1.2    15   6.5 213 1026.2  15.0  15.9  13.7   MM   MM    MM
2026 08 17 16 10 350  5.0  6.0   1.2    MM   6.5 213 1026.2  15.1  15.9  13.8   MM   MM    MM
2026 08 17 16 00 360  5.0  6.0    MM    MM    MM  MM 1026.2  15.1  15.9  13.7   MM +0.8    MM
2026 08 17 15 50 360  6.0  7.0   1.1    15   5.9 176 1026.1  15.1  15.8  13.6   MM   MM    MM
2026 08 17 15 40 350  5.0  7.0    MM    MM    MM  MM 1026.0  15.1  15.8  13.8   MM   MM    MM
2026 08 17 15 30 360  5.0  7.0    MM    MM    MM  MM 1026.0  15.1  15.9  13.6   MM   MM    MM
2026 08 17 15 20 360  7.0  8.0   1.0    15   5.5 175 1025.8  15.0  15.9  13.6   MM   MM    MM
2026 08 17 15 10 350  5.0  7.0   1.0    MM   5.5 175 1025.8  15.0  15.9  13.8   MM   MM    MM
2026 08 17 15 00 340  6.0  8.0    MM    MM    MM  MM 1025.8  14.8  15.9  13.5   MM -0.0    MM
2026 08 17 14 50 350  6.0  7.0   1.0    16   6.5 177 1025.8  14.9  15.9  13.8   MM   MM    MM
2026 08 17 14 40 350  6.0  7.0    MM    MM    MM  MM 1025.5  15.0  15.9  13.9   MM   MM    MM
2026 08 17 14 30 360  5.0  6.0   1.0    MM   6.5 177 1025.5  15.1  15.9  13.7   MM   MM    MM
2026 08 17 14 20 350  4.0  6.0   1.2    16   6.9 195 1025.5  15.0  15.9  13.5   MM   MM    MM
2026 08 17 14 10 350  5.0  7.0   1.2    MM   6.9 195 1025.5  14.9  15.9  13.2   MM   MM    MM
2026 08 17 14 00 340  6.0  9.0    MM    MM    MM  MM 1025.5  15.0  15.9  13.2   MM -0.3    MM
2026 08 17 13 50 350  6.0  8.0   1.0    16   6.3 197 1025.4  15.2  15.9  13.4   MM   MM    MM
2026 08 17 13 40 350  5.0  7.0   1.0    MM   6.3 197 1025.4  15.3  15.9  13.5   MM   MM    MM
2026 08 17 13 30 360  5.0  7.0    MM    MM    MM  MM 1025.3  15.3  15.9  13.5   MM   MM    MM
2026 08 17 13 20 350  5.0  7.0   1.0    15   6.3 210 1025.3  15.2  15.9  13.5   MM   MM    MM
2026 08 17 13 10 350  5.0  6.0   1.0    MM   6.3 210 1025.3  15.2  15.9  13.6   MM   MM    MM
2026 08 17 13 00 340  5.0  6.0    MM    MM    MM  MM 1025.3  15.1  15.9  13.4   MM -0.6    MM
2026 08 17 12 50 330  5.0  6.0   1.0    15   6.1 170 1025.4  15.1    MM  13.4   MM   MM    MM
2026 08 17 12 40 330  5.0  6.0   1.0    MM   6.1 170 1025.5  15.0  15.9  13.4   MM   MM    MM
2026 08 17 12 30 330  5.0  7.0    MM    MM    MM  MM 1025.6  14.9  15.9  13.3   MM   MM    MM
2026 08 17 12 20 340  5.0  6.0   1.1    16   6.8 223 1025.6  14.8  15.9  13.1   MM   MM    MM
2026 08 17 12 10 340  5.0  7.0    MM    MM    MM  MM 1025.7  14.7  15.9  13.1   MM   MM    MM
2026 08 17 12 00 330  6.0  7.0    MM    MM    MM  MM 1025.7  14.4  15.9  13.2   MM -0.5    MM
2026 08 17 11 50 340  5.0  6.0   1.2    16   7.1 225 1025.8  14.4  15.9  13.5   MM   MM    MM
2026 08 17 11 40 340  6.0  7.0    MM    MM    MM  MM 1025.8  14.5  15.9  13.2   MM   MM    MM
2026 08 17 11 30 330  5.0  7.0    MM    MM    MM  MM 1025.8  14.4  15.9  13.4   MM   MM    MM
2026 08 17 11 20 320  6.0  7.0   1.0    16   6.2 206 1025.9  14.2  15.9  13.4   MM   MM    MM
2026 08 17 11 10 330  5.0  7.0   1.0    MM   6.2 206 1025.9  14.1  15.9  13.5   MM   MM    MM
2026 08 17 11 00 340  6.0  8.0    MM    MM    MM  MM 1025.8  14.3  15.9  13.5   MM -0.7    MM
2026 08 17 10 50 340  5.0  7.0   1.2    16   7.3 200 1025.8  14.6  15.9  13.3   MM   MM    MM
2026 08 17 10 40 340  5.0  6.0    MM    MM    MM  MM 1025.9  14.6  15.9  13.3   MM   MM    MM
2026 08 17 10 30 340  5.0  6.0    MM    MM    MM  MM 1025.9  14.5  15.9  13.5   MM   MM    MM
2026 08 17 10 20 340  6.0  8.0   1.0    15   6.6 228 1025.9  14.6  15.9  13.5   MM   MM    MM
2026 08 17 10 10 330  4.0  5.0   1.0    MM   6.6 228 1026.0  14.5  15.9  13.4   MM   MM    MM
2026 08 17 10 00 330  4.0  5.0    MM    MM    MM  MM 1025.9  14.3  15.9  13.4   MM -0.4    MM
2026 08 17 09 50 330  4.0  6.0   1.0    16   6.6 163 1026.0  14.3  15.9  13.4   MM   MM    MM
2026 08 17 09 40 330  4.0  6.0    MM    MM    MM  MM 1026.0  14.2  16.0  13.3   MM   MM    MM
2026 08 17 09 30 330  5.0  6.0    MM    MM    MM  MM 1026.1  14.1  15.9  13.2   MM   MM    MM
2026 08 17 09 20 340  5.0  7.0   1.0    16   6.3 242 1026.1  14.0  16.0  13.2   MM   MM    MM
2026 08 17 09 10 330  6.0  7.0   1.0    MM   6.3 242 1026.1  14.3  16.0  13.1   MM   MM    MM
2026 08 17 09 00 320  6.0  7.0    MM    MM    MM  MM 1026.2  14.4  16.0  13.1   MM -0.3    MM
2026 08 17 08 50 320  6.0  7.0   1.0    16   6.1 211 1026.4  14.6  16.0  13.0   MM   MM    MM
2026 08 17 08 40 320  6.0  8.0   1.0    MM   6.1 211 1026.4  14.7  16.0  12.9   MM   MM    MM
2026 08 17 08 30 320  6.0  7.0    MM    MM    MM  MM 1026.4  14.6  16.0  12.9   MM   MM    MM
2026 08 17 08 20 330  6.0  7.0   1.1    16   6.8 189 1026.4  14.7  16.0  13.0   MM   MM    MM
2026 08 17 08 10 330  4.0  6.0    MM    MM    MM  MM 1026.4  14.6  16.0  12.8   MM   MM    MM
2026 08 17 08 00 320  5.0  6.0    MM    MM    MM  MM 1026.5  14.5  16.0  12.7   MM +0.0    MM
2026 08 17 07 50 330  6.0  7.0   1.1    16   6.9 209 1026.6    MM  16.0    MM   MM   MM    MM
2026 08 17 07 40 330  6.0  8.0    MM    MM    MM  MM 1026.6  14.6  16.0  13.0   MM   MM    MM
2026 08 17 07 30 340  5.0  7.0    MM    MM    MM  MM 1026.4  14.6  16.0  13.0   MM   MM    MM
2026 08 17 07 20 340  4.0  5.0   1.1    16   6.9 192 1026.5  14.5  16.0  12.7   MM   MM    MM
2026 08 17 07 10 320  5.0  7.0   1.1    MM   6.9 192 1026.5  14.6  16.0  12.8   MM   MM    MM
2026 08 17 07 00 310  5.0  6.0    MM    MM    MM  MM 1026.4  14.6    MM  12.8   MM +0.0    MM
2026 08 17 06 50 330  5.0  7.0   1.0    16   6.1 196 1026.4  14.6  16.0  12.9   MM   MM    MM
2026 08 17 06 40 330  5.0  6.0    MM    MM    MM  MM 1026.4  14.6  16.0  13.0   MM   MM    MM
2026 08 17 06 30 330  5.0  6.0    MM    MM    MM  MM 1026.4  14.5  16.0  12.9   MM   MM    MM
2026 08 17 06 20 340  5.0  7.0   1.0    16   5.8 198 1026.5  14.5    MM  12.8   MM   MM    MM
2026 08 17 06 10 320  5.0  6.0   1.0    MM   5.8 198 1026.5  14.6  16.0  12.8   MM   MM    MM
2026 08 17 06 00 320  5.0  7.0    MM    MM    MM  MM 1026.5  14.6  16.0  12.8   MM +0.0    MM
2026 08 17 05 50 340  4.0  6.0   1.1    16   6.4 230 1026.6    MM  16.0    MM   MM   MM    MM
2026 08 17 05 40 330  4.0  6.0    MM    MM    MM  MM 1026.6  14.6  16.0  12.8   MM   MM    MM
2026 08 17 05 30 330  5.0  8.0    MM    MM    MM  MM 1026.6  14.6  16.0  12.7   MM   MM    MM
2026 08 17 05 20 330  4.0  7.0   1.1    16   6.6 208 1026.7  14.7  16.0  12.7   MM   MM    MM
2026 08 17 05 10 320  5.0  6.0   1.1    MM   6.6 208 1026.7  14.7  16.0  12.6   MM   MM    MM
2026 08 17 05 00 320  5.0  7.0    MM    MM    MM  MM 1026.7  14.7  16.0  12.6   MM +0.5    MM
2026 08 17 04 50 330  5.0  7.0   1.1    16   6.6 220 1026.7  14.8  16.0  12.6   MM   MM    MM
2026 08 17 04 40 330  6.0  7.0    MM    MM    MM  MM 1026.5  14.9  16.0  12.8   MM   MM    MM
2026 08 17 04 30 330  5.0  8.0    MM    MM    MM  MM 1026.5  14.9  16.0  12.9   MM   MM    MM
2026 08 17 04 20 330  5.0  6.0   1.0    16   6.8 208 1026.4  14.9  16.0  12.7   MM   MM    MM
2026 08 17 04 10 330  6.0  8.0   1.0    MM   6.8 208 1026.4  14.9  16.0  12.7   MM   MM    MM
2026 08 17 04 00 320  5.0  7.0    MM    MM    MM  MM 1026.4  14.9  16.0  12.7   MM +0.5    MM
2026 08 17 03 50 330  5.0  6.0   1.2    16   7.2 206 1026.3  14.9    MM  12.7   MM   MM    MM
2026 08 17 03 40 340  6.0  7.0   1.2    MM   7.2 206 1026.2  14.9  16.0  12.7   MM   MM    MM
2026 08 17 03 30 320  4.0  6.0    MM    MM    MM  MM 1026.2  14.9  16.0  12.9   MM   MM    MM
2026 08 17 03 20 320  5.0  7.0   1.1    16   7.0 227 1026.1  14.9  16.0  12.8   MM   MM    MM
2026 08 17 03 10 350  4.0  5.0   1.1    MM   7.0 227 1026.2  14.9  16.0  12.6   MM   MM    MM
2026 08 17 03 00 310  4.0  6.0    MM    MM    MM  MM 1026.2  14.9  16.0  12.5   MM -0.0    MM
2026 08 17 02 50 320  4.0  6.0   1.0    16   6.8 202 1026.3  14.9  16.0  12.7   MM   MM    MM
2026 08 17 02 40 330  3.0  6.0    MM    MM    MM  MM 1026.2  14.9  16.0  12.5   MM   MM    MM
2026 08 17 02 30 330  4.0  6.0    MM    MM    MM  MM 1026.2  14.9  16.0  12.3   MM   MM    MM
2026 08 17 02 20 330  4.0  6.0   1.1    16   7.2 150 1026.1  15.0  16.0  12.6   MM   MM    MM
2026 08 17 02 10 330  4.0  6.0   1.1    MM   7.2 150 1026.1  14.9  16.0  12.5   MM   MM    MM
2026 08 17 02 00 330  4.0  6.0    MM    MM    MM  MM 1026.1  14.8  16.0  12.4   MM -0.4    MM
2026 08 17 01 50 320  4.0  5.0   1.1    16   7.4 203 1026.1  14.8  16.0  12.9   MM   MM    MM
2026 08 17 01 40 320  4.0  5.0   1.1    MM   7.4 203 1026.1  14.7  16.0  12.9   MM   MM    MM
2026 08 17 01 30 330  4.0  6.0    MM    MM    MM  MM 1026.1  14.8  16.0  13.0   MM   MM    MM
2026 08 17 01 20 340  4.0  5.0   1.1    15   7.9 209 1026.0  14.8  16.0  12.9   MM   MM    MM
2026 08 17 01 10 340  4.0  6.0   1.1    MM   7.9 209 1025.8  14.8  16.0  13.1   MM   MM    MM
2026 08 17 01 00 340  5.0  6.0    MM    MM    MM  MM 1025.9  14.9  16.0  13.1   MM -1.1    MM
2026 08 17 00 50 340  4.0  5.0   1.1    16   8.0  63 1026.0    MM  16.0    MM   MM   MM    MM
2026 08 17 00 40 330  4.0  6.0    MM    MM    MM  MM 1026.0  15.0  16.0  12.9   MM   MM    MM
2026 08 17 00 30 330  4.0  6.0    MM    MM    MM  MM 1026.1  15.1  16.0  12.9   MM   MM    MM
2026 08 17 00 20 320  4.0  5.0   1.1    16   8.5 221 1026.1  15.0    MM  12.8   MM   MM    MM
2026 08 17 00 10 320  4.0  5.0   1.1    MM   8.5 221 1026.2  14.9  16.0  12.8   MM   MM    MM
2026 08 17 00 00 320  4.0  5.0    MM    MM    MM  MM 1026.1  15.0  16.0  13.0   MM -0.9    MM
2026 08 16 23 50 330  4.0  4.0   1.1    16   8.9 218 1026.2  15.0  16.0  12.8   MM   MM    MM
2026 08 16 23 40 340  4.0  5.0   1.1    MM   8.9 218 1026.2  15.0  16.0  12.7   MM   MM    MM
2026 08 16 23 30 330  3.0  4.0    MM    MM    MM  MM 1026.3  15.0  16.0  12.6   MM   MM    MM
2026 08 16 23 20 330  3.0  4.0   0.9    15   7.8 173 1026.4  15.0  16.0  12.4   MM   MM    MM
2026 08 16 23 10 330  3.0  4.0   0.9    MM   7.8 173 1026.5  15.0  16.0  12.4   MM   MM    MM
2026 08 16 23 00 330  3.0  4.0    MM    MM    MM  MM 1026.6  15.0  16.0  12.3   MM -0.4    MM
2026 08 16 22 50 320  3.0  4.0   1.1    16   8.5 189 1026.6  15.0  16.0  12.3   MM   MM    MM
2026 08 16 22 40 330  4.0  5.0   1.1    MM   8.5 189 1026.7  14.9  16.0  12.4   MM   MM    MM
2026 08 16 22 30 330  5.0  6.0    MM    MM    MM  MM 1026.8  14.9  16.0  12.6   MM   MM    MM
2026 08 16 22 20 330  4.0  5.0   1.1    16   7.8 124 1026.9  14.8  16.0  12.5   MM   MM    MM
2026 08 16 22 10 330  3.0  4.0   1.1    MM   7.8 124 1027.0  14.9  16.0  12.6   MM   MM    MM
2026 08 16 22 00 330  4.0  4.0    MM    MM    MM  MM 1027.0  14.9  16.0  12.3   MM +0.0    MM
2026 08 16 21 50 330  4.0  5.0   1.2    16   8.9 228 1027.0  14.9    MM  12.4   MM   MM    MM
2026 08 16 21 40 330  4.0  6.0   1.2    MM   8.9 228 1027.0  14.9  16.0  12.5   MM   MM    MM
2026 08 16 21 30 330  4.0  5.0    MM    MM    MM  MM 1027.0  14.8  16.0  12.5   MM   MM    MM
2026 08 16 21 20 330  4.0  5.0   1.0    16   7.8 208 1027.0  14.8  16.0  12.6   MM   MM    MM
2026 08 16 21 10 320  3.0  5.0   1.0    MM   7.8 208 1027.1  14.8  16.0  12.6   MM   MM    MM
2026 08 16 21 00 320  3.0  4.0    MM    MM    MM  MM 1027.1  14.8  16.0  12.5   MM +0.0    MM
2026 08 16 20 50 320  3.0  4.0   1.1    16   8.3 210 1027.0  14.9  16.0  12.5   MM   MM    MM
2026 08 16 20 40 320  3.0  3.0    MM    MM    MM  MM 1027.1  14.9  16.0  12.3   MM   MM    MM
2026 08 16 20 30 320  4.0  4.0    MM    MM    MM  MM 1027.0  14.8  16.0  12.3   MM   MM    MM
2026 08 16 20 20 320  3.0  5.0   1.0    16   7.6 191 1027.0  14.8  16.0  12.3   MM   MM    MM
2026 08 16 20 10 330  4.0  4.0   1.0    MM   7.6 191 1027.0  14.8  16.0  12.4   MM   MM    MM
2026 08 16 20 00 330  3.0  4.0    MM    MM    MM  MM 1027.0  14.9  16.0  12.5   MM +0.0    MM
2026 08 16 19 50 350  3.0  4.0   1.0    14   7.7 230 1027.0  14.9  16.0  12.4   MM   MM    MM
2026 08 16 19 40 360  3.0  4.0   1.0    MM   7.7 230 1027.0  14.9  16.0  12.3   MM   MM    MM
2026 08 16 19 30 350  4.0  4.0    MM    MM    MM  MM 1027.0  14.8  16.0  12.3   MM   MM    MM
2026 08 16 19 20 350  4.0  4.0   1.0    13   7.7 227 1027.0    MM  16.0    MM   MM   MM    MM
2026 08 16 19 10 350  4.0  5.0    MM    MM    MM  MM 1027.0  14.9  16.0  12.5   MM   MM    MM
2026 08 16 19 00 350  4.0  5.0    MM    MM    MM  MM 1027.0  14.9  16.0  12.5   MM +0.0    MM
2026 08 16 18 50 340  4.0  5.0   1.1    16   8.3 239 1027.0    MM  15.9    MM   MM   MM    MM
2026 08 16 18 40 340  3.0  5.0    MM    MM    MM  MM 1027.0  14.9  15.9  12.7   MM   MM    MM
2026 08 16 18 30 320  3.0  5.0    MM    MM    MM  MM 1027.0  14.9  15.9  12.7   MM   MM    MM
2026 08 16 18 20 330  3.0  4.0   1.1    MM   8.1 174 1027.0  14.9  15.9  12.6   MM   MM    MM
2026 08 16 18 10  MM   MM   MM   1.1    17   8.1 174     MM    MM    MM    MM   MM   MM    MM
2026 08 16 18 00 310  3.0  5.0    MM    MM    MM  MM 1027.0  14.8  15.9  12.5   MM +0.0    MM
2026 08 16 17 50 310  3.0  5.0   1.1    17   7.9 157 1027.0  14.7  15.9  12.4   MM   MM    MM
2026 08 16 17 40 320  4.0  5.0   1.1    MM   7.9 157 1027.0  14.8  15.9  12.6   MM   MM    MM
2026 08 16 17 30 330  4.0  5.0    MM    MM    MM  MM 1026.8  14.8  15.9  12.6   MM   MM    MM
2026 08 16 17 20 320  4.0  5.0   1.1    17   8.1 190 1026.8  14.8  15.9  12.7   MM   MM    MM
2026 08 16 17 10 320  3.0  4.0   1.1    MM   8.1 190 1027.0  14.8  15.9  12.5   MM   MM    MM
2026 08 16 17 00 320  3.0  3.0    MM    MM    MM  MM 1026.8  14.8  15.9  12.5   MM +0.5    MM
2026 08 16 16 50 330  3.0  4.0   1.2    16   8.2 193 1026.9  14.8  15.9  12.4   MM   MM    MM
2026 08 16 16 40 340  4.0  5.0   1.2    MM   8.2 193 1026.8  14.7  15.9  12.4   MM   MM    MM
2026 08 16 16 30 350  3.0  5.0    MM    MM    MM  MM 1026.8  14.7  15.9  12.4   MM   MM    MM
2026 08 16 16 20 350  3.0  4.0   1.0    14   7.5 193 1026.8    MM  15.9    MM   MM   MM    MM
2026 08 16 16 10 330  3.0  4.0    MM    MM    MM  MM 1026.8  14.6  15.9  12.4   MM   MM    MM
2026 08 16 16 00 340  2.0  3.0    MM    MM    MM  MM 1026.8  14.6  15.9  12.2   MM +1.1    MM
2026 08 16 15 50 340  2.0  3.0   1.1    17   7.9 208 1026.8  14.6  15.9  12.2   MM   MM    MM
2026 08 16 15 40 320  4.0  5.0    MM    MM    MM  MM 1026.7  14.5  15.9  12.2   MM   MM    MM
2026 08 16 15 30 330  3.0  5.0    MM    MM    MM  MM 1026.7  14.5  15.9  12.4   MM   MM    MM
2026 08 16 15 20 330  2.0  4.0   1.1    14   7.7 214 1026.7  14.5  15.9  12.3   MM   MM    MM
2026 08 16 15 10 360  2.0  4.0   1.1    MM   7.7 214 1026.7  14.4  15.9  12.1   MM   MM    MM
2026 08 16 15 00 350  2.0  3.0    MM    MM    MM  MM 1026.7  14.4  15.9  12.1   MM +1.4    MM
2026 08 16 14 50 360  3.0  5.0   1.2    16   8.0 180 1026.7  14.3  15.9  12.1   MM   MM    MM
2026 08 16 14 40  10  3.0  4.0    MM    MM    MM  MM 1026.6  14.3  15.9  12.1   MM   MM    MM
2026 08 16 14 30 350  3.0  5.0    MM    MM    MM  MM 1026.5  14.4  15.9  12.3   MM   MM    MM
2026 08 16 14 20  10  2.0  4.0   1.1    13   7.9 175 1026.4  14.3  15.9  12.0   MM   MM    MM
2026 08 16 14 10 350  2.0  3.0   1.1    MM   7.9 175 1026.5  14.4  15.9  12.1   MM   MM    MM
2026 08 16 14 00 340  3.0  5.0    MM    MM    MM  MM 1026.4  14.4  16.0  12.1   MM +1.1    MM
2026 08 16 13 50 350  3.0  4.0   1.0    16   7.4 211 1026.3    MM  16.0    MM   MM   MM    MM
2026 08 16 13 40 340  3.0  4.0    MM    MM    MM  MM 1026.1  14.4  16.0  12.2   MM   MM    MM
2026 08 16 13 30 350  3.0  4.0    MM    MM    MM  MM 1026.1  14.4  16.0  12.2   MM   MM    MM
2026 08 16 13 20 330  2.0  4.0   1.2    17   8.0 230 1026.0  14.4  16.0  12.1   MM   MM    MM
2026 08 16 13 10 330  3.0  4.0   1.2    MM   8.0 230 1025.8  14.3  16.0  12.1   MM   MM    MM
2026 08 16 13 00 350  3.0  4.0    MM    MM    MM  MM 1025.7  14.3  16.0  12.1   MM +0.7    MM
2026 08 16 12 50 340  3.0  5.0   1.2    17   8.4 201 1025.6  14.3  16.0  12.1   MM   MM    MM
2026 08 16 12 40 330  3.0  5.0    MM    MM    MM  MM 1025.5  14.4  16.0  12.3   MM   MM    MM
2026 08 16 12 30 310  2.0  3.0    MM    MM    MM  MM 1025.4  14.3  16.0  12.2   MM   MM    MM
2026 08 16 12 20 310  3.0  5.0   1.2    17   8.1 200 1025.5  14.3  16.0  12.1   MM   MM    MM
2026 08 16 12 10 320  3.0  4.0   1.2    MM   8.1 200 1025.4  14.3  16.0  12.1   MM   MM    MM
2026 08 16 12 00 360  2.0  4.0    MM    MM    MM  MM 1025.3  14.3  16.0  12.2   MM +0.0    MM
2026 08 16 11 50 320  3.0  5.0   1.1    17   8.3 202 1025.3  14.2  16.0  12.0   MM   MM    MM
2026 08 16 11 40 310  3.0  5.0    MM    MM    MM  MM 1025.3  14.2  16.0  12.0   MM   MM    MM
2026 08 16 11 30 320  2.0  5.0    MM    MM    MM  MM 1025.3  14.1  16.0  11.9   MM   MM    MM
2026 08 16 11 20 320  3.0  5.0   1.1    17   8.4 208 1025.3  14.1  16.0  11.9   MM   MM    MM
2026 08 16 11 10 340  3.0  4.0   1.1    MM   8.4 208 1025.2  14.2  16.0  12.2   MM   MM    MM
2026 08 16 11 00 340  3.0  5.0    MM    MM    MM  MM 1025.3  14.2  16.0  12.1   MM +0.0    MM
2026 08 16 10 50  10  3.0  5.0   1.1    17   7.9 214 1025.2  14.1  16.0  11.9   MM   MM    MM
2026 08 16 10 40 340  4.0  5.0    MM    MM    MM  MM 1025.1  14.3  16.0  12.3   MM   MM    MM
2026 08 16 10 30 330  3.0  6.0    MM    MM    MM  MM 1025.1  14.3  16.0  12.2   MM   MM    MM
2026 08 16 10 20 340  3.0  5.0   1.0    17   7.5 162 1024.9  14.5  16.0  12.5   MM   MM    MM
2026 08 16 10 10 340  4.0  5.0   1.0    MM   7.5 162 1025.0  14.5  16.0  12.5   MM   MM    MM
2026 08 16 10 00 340  4.0  5.0    MM    MM    MM  MM 1025.0  14.6  16.0  12.7   MM +0.0    MM
2026 08 16 09 50 330  3.0  5.0   1.1    14   8.2 195 1024.9  14.6  16.0  12.6   MM   MM    MM
2026 08 16 09 40 310  3.0  4.0    MM    MM    MM  MM 1025.0  14.7  16.0  12.7   MM   MM    MM
2026 08 16 09 30 330  3.0  5.0    MM    MM    MM  MM 1025.1  14.6  16.0  12.4   MM   MM    MM
2026 08 16 09 20 340  3.0  5.0   1.1    17   8.1 198 1025.1  14.6  16.0  12.4   MM   MM    MM
2026 08 16 09 10 330  3.0  5.0   1.1    MM   8.1 198 1025.1  14.6  16.0  12.4   MM   MM    MM
2026 08 16 09 00 320  2.0  3.0    MM    MM    MM  MM 1025.1  14.6  16.0  12.3   MM +0.0    MM
2026 08 16 08 50 340  3.0  4.0   1.0    17   7.4 244 1025.0  14.5    MM  12.2   MM   MM    MM
2026 08 16 08 40 320  3.0  4.0   1.0    MM   7.4 244 1025.0  14.6  16.0  12.3   MM   MM    MM
2026 08 16 08 30 340  2.0  4.0    MM    MM    MM  MM 1025.0  14.6  16.0  12.4   MM   MM    MM
2026 08 16 08 20 350  3.0  5.0   1.0    14   7.6 214 1025.0  14.6  16.0  12.4   MM   MM    MM
2026 08 16 08 10 350  3.0  4.0    MM    MM    MM  MM 1025.0  14.6  16.0  12.5   MM   MM    MM
2026 08 16 08 00 330  2.0  5.0    MM    MM    MM  MM 1025.0  14.6  16.0  12.4   MM +0.3    MM
2026 08 16 07 50 320  3.0  5.0   1.2    17   7.9 205 1024.9  14.6  16.0  12.5   MM   MM    MM
2026 08 16 07 40 360  2.0  4.0    MM    MM    MM  MM 1024.9  14.7  16.0  12.5   MM   MM    MM
2026 08 16 07 30 330  3.0  4.0    MM    MM    MM  MM 1024.9  14.6  16.0  12.4   MM   MM    MM
2026 08 16 07 20 320  2.0  4.0   1.1    17   7.9 179 1025.0  14.7  16.0  12.5   MM   MM    MM
2026 08 16 07 10 320  2.0  3.0   1.1    MM   7.9 179 1025.1  14.6  16.0  12.5   MM   MM    MM
2026 08 16 07 00 320  2.0  3.0    MM    MM    MM  MM 1024.9  14.6  16.0  12.5   MM +0.8    MM
2026 08 16 06 50 340  2.0  4.0   1.1    17   7.6 223 1025.0  14.5    MM  12.4   MM   MM    MM
2026 08 16 06 40 340  2.0  3.0   1.1    MM   7.6 223 1025.0  14.5  16.0  12.3   MM   MM    MM
2026 08 16 06 30 330  3.0  4.0    MM    MM    MM  MM 1025.0  14.5  16.0  12.4   MM   MM    MM
2026 08 16 06 20 340  3.0  4.0   1.1    17   8.2 199 1024.6  14.6  16.0  12.6   MM   MM    MM
2026 08 16 06 10 330  4.0  5.0    MM    MM    MM  MM 1024.9  14.6  16.0  12.6   MM   MM    MM
2026 08 16 06 00 350  3.0  5.0    MM    MM    MM  MM 1024.8  14.6  16.0  12.4   MM +1.4    MM
2026 08 16 05 50 340  3.0  5.0   1.2    17   8.3 195 1024.8  14.6  16.0  12.4   MM   MM    MM
2026 08 16 05 40 350  3.0  4.0   1.2    MM   8.3 195 1024.7  14.7  16.0  12.5   MM   MM    MM
2026 08 16 05 30 340  4.0  5.0    MM    MM    MM  MM 1024.8  14.7  16.0  12.5   MM   MM    MM
2026 08 16 05 20 340  4.0  5.0   1.1    17   7.7 223 1024.8  14.7  16.0  12.5   MM   MM    MM
2026 08 16 05 10 350  3.0  4.0   1.1    MM   7.7 223 1024.7  14.8  16.0  12.7   MM   MM    MM
2026 08 16 05 00 360  3.0  5.0    MM    MM    MM  MM 1024.7  14.8  16.1  12.7   MM +1.2    MM
2026 08 16 04 50 340  3.0  5.0   1.1    17   7.7 207 1024.6  14.8  16.1  12.7   MM   MM    MM
2026 08 16 04 40 340  2.0  3.0   1.1    MM   7.7 207 1024.5  14.8  16.1  12.6   MM   MM    MM
2026 08 16 04 30 330  3.0  4.0    MM    MM    MM  MM 1024.5  14.8  16.1  12.7   MM   MM    MM
2026 08 16 04 20 320  3.0  4.0   1.2    17   7.7  29 1024.4  14.7  16.1  12.5   MM   MM    MM
2026 08 16 04 10 330  3.0  4.0   1.2    MM   7.7  29 1024.2  14.7  16.0  12.7   MM   MM    MM
2026 08 16 04 00 360  3.0  4.0    MM    MM    MM  MM 1024.2  14.7  16.0  12.5   MM +0.8    MM
2026 08 16 03 50 360  3.0  4.0   1.2    16   7.6 211 1024.0  14.6  16.0  12.4   MM   MM    MM
2026 08 16 03 40 340  3.0  5.0   1.2    MM   7.6 211 1023.8  14.6  16.0  12.5   MM   MM    MM
2026 08 16 03 30 330  3.0  4.0    MM    MM    MM  MM 1023.7  14.7  16.0  12.7   MM   MM    MM
2026 08 16 03 20 320  4.0  5.0   1.1    14   7.3 229 1023.7  14.6  16.0  12.6   MM   MM    MM
2026 08 16 03 10 330  3.0  4.0   1.1    MM   7.3 229 1023.5  14.5  16.0  12.6   MM   MM    MM
2026 08 16 03 00 320  3.0  4.0    MM    MM    MM  MM 1023.5  14.4  16.0  12.6   MM +0.0    MM
2026 08 16 02 50 310  3.0  5.0   1.2    17   7.6  24 1023.4  14.5  16.0  13.0   MM   MM    MM
2026 08 16 02 40 310  4.0  5.0   1.2    MM   7.6  24 1023.4  14.4  16.0  13.1   MM   MM    MM
2026 08 16 02 30 310  4.0  5.0    MM    MM    MM  MM 1023.3  14.5  16.1  13.1   MM   MM    MM
2026 08 16 02 20 310  4.0  5.0   1.2    17   7.5 265 1023.4  14.5  16.1  13.1   MM   MM    MM
2026 08 16 02 10 310  4.0  4.0   1.2    MM   7.5 265 1023.4  14.5  16.1  13.1   MM   MM    MM
2026 08 16 02 00 310  4.0  5.0    MM    MM    MM  MM 1023.5  14.5  16.1  13.1   MM +0.0    MM
2026 08 16 01 50 320  2.0  4.0   1.1    17   7.0  56 1023.6  14.6  16.1  13.3   MM   MM    MM
2026 08 16 01 40 340  3.0  4.0   1.1    MM   7.0  56 1023.6  14.6  16.1  13.2   MM   MM    MM
2026 08 16 01 30 340  3.0  4.0    MM    MM    MM  MM 1023.6  14.7  16.1  13.3   MM   MM    MM
2026 08 16 01 20 360  2.0  3.0   1.2    17   7.5 206 1023.4  14.6  16.1  13.3   MM   MM    MM
2026 08 16 01 10  10  3.0  4.0   1.2    MM   7.5 206 1023.4  14.6  16.1  13.4   MM   MM    MM
2026 08 16 01 00 360  3.0  4.0    MM    MM    MM  MM 1023.4  14.5    MM  13.3   MM +0.0    MM
2026 08 16 00 50 360  3.0  3.0   1.2    17   7.3 128 1023.5  14.5  16.1  13.3   MM   MM    MM
2026 08 16 00 40 350  3.0  3.0   1.2    MM   7.3 128 1023.5  14.4  16.1  13.3   MM   MM    MM
2026 08 16 00 30 340  3.0  3.0    MM    MM    MM  MM 1023.6  14.4  16.1  13.4   MM   MM    MM
2026 08 16 00 20 340  3.0  3.0   1.1    17   7.2 131 1023.5  14.5  16.1  13.4   MM   MM    MM
2026 08 16 00 10 320  2.0  3.0   1.1    MM   7.2 131 1023.5  14.4  16.1  13.0   MM   MM    MM
2026 08 16 00 00 320  3.0  4.0    MM    MM    MM  MM 1023.4  14.4  16.1  13.0   MM +0.0    MM
