#YY  MM DD hh mm WDIR WSPD GST  WVHT   DPD   APD MWD   PRES  ATMP  WTMP  DEWP  VIS PTDY  TIDE
#yr  mo dy hr mn degT m/s  m/s     m   sec   sec degT   hPa  degC  degC  degC  nmi  hPa    ft
2026 09 30 03 40 220  3.0  4.0   0.1    MM    MM  58 1006.9  17.1  16.2  14.1   MM   MM    MM
2026 09 30 03 20 220  4.0  4.0   0.1    MM    MM  56 1006.9  16.8  16.3  14.3   MM   MM    MM
2026 09 30 03 00 220  3.0  4.0   0.1    MM    MM  21 1007.0  17.0  16.3  14.3   MM -0.4    MM
2026 09 30 02 40 240  2.0  3.0   0.1    MM    MM  30 1007.2  17.0  16.3  14.4   MM   MM    MM
2026 09 30 02 20 220  2.0  3.0   0.2    MM    MM  19 1007.1  17.2  16.3  14.5   MM   MM    MM
2026 09 30 02 00 260  1.0  2.0   0.2    MM    MM   6 1007.3  17.0  16.2  14.5   MM -0.2    MM
2026 09 30 01 40 360  1.0  1.0   0.2    MM    MM 339 1007.3  17.1  16.2  14.6   MM   MM    MM
2026 09 30 01 20 210  1.0  3.0   0.2    MM    MM  17 1007.2  17.3  16.2  14.7   MM   MM    MM
2026 09 30 01 00 210  3.0  4.0   0.2    MM    MM  36 1007.2  17.9  16.2  14.4   MM -0.7    MM
2026 09 30 00 40 210  4.0  5.0   0.2    MM    MM 331 1007.4  18.4  16.2  14.5   MM   MM    MM
2026 09 30 00 20 200  3.0  4.0   0.2    MM    MM 331 1007.4  17.7  16.2  14.7   MM   MM    MM
2026 09 30 00 00 200  3.0  3.0   0.2    MM    MM 325 1007.4  17.9  16.2  14.7   MM -0.7    MM
2026 09 29 23 40 190  4.0  5.0   0.2    MM    MM 342 1007.4  18.5  16.2  14.3   MM   MM    MM
2026 09 29 23 20 180  2.0  3.0   0.2    MM    MM 343 1007.3  18.5  16.2  14.6   MM   MM    MM
2026 09 29 23 00 200  4.0  5.0   0.2    MM    MM  24 1007.5  19.4  16.2  14.1   MM -1.0    MM
2026 09 29 22 40  MM   MM   MM   0.2    MM    MM  56 1007.6  18.4  16.2  14.9   MM   MM    MM
2026 09 29 22 20 200  2.0  4.0   0.2    MM    MM  67 1007.8  19.0  16.2  14.8   MM   MM    MM
2026 09 29 22 00 200  2.0  2.0   0.2    MM    MM  84 1007.9  18.6  16.2  15.0   MM -1.5    MM
2026 09 29 21 40 190  1.0  2.0   0.2    MM    MM  87 1008.1  18.1  16.2  15.1   MM   MM    MM
2026 09 29 21 20 200  2.0  3.0   0.3    MM    MM  93 1007.9  18.7  16.2  15.1   MM   MM    MM
2026 09 29 21 00 210  4.0  5.0   0.3    MM    MM  97 1008.0  19.5  16.2  15.0   MM -2.2    MM
2026 09 29 20 40 210  5.0  7.0   0.3    MM    MM 108 1008.2  20.0  16.2  14.9   MM   MM    MM
2026 09 29 20 20 200  5.0  6.0   0.3    MM    MM 111 1008.4  19.6  16.3  15.2   MM   MM    MM
2026 09 29 20 00 190  7.0  9.0   0.3    MM    MM 102 1008.5  20.1  16.3  15.1   MM -2.7    MM
2026 09 29 19 40 180  3.0  4.0   0.3    MM    MM 103 1008.8  19.2  16.3  15.3   MM   MM    MM
2026 09 29 19 20 200  2.0  3.0   0.3    MM    MM 105 1009.1  19.0  16.2  15.4   MM   MM    MM
2026 09 29 19 00 180  3.0  5.0   0.3    MM    MM 108 1009.4  18.9  16.3  15.4   MM -2.7    MM
2026 09 29 18 40 190  5.0  6.0   0.2    MM    MM 101 1009.7  19.3  16.3  15.4   MM   MM    MM
2026 09 29 18 20 190  4.0  5.0   0.2    MM    MM  64 1009.9  19.3  16.2  15.5   MM   MM    MM
2026 09 29 18 00 150  2.0  2.0   0.2    MM    MM  98 1010.2  18.3  16.2  15.4   MM -2.8    MM
2026 09 29 17 40 150  3.0  3.0   0.2    MM    MM 112 1010.6  18.3  16.2  15.3   MM   MM    MM
2026 09 29 17 20 180  2.0  4.0   0.2    MM    MM 109 1011.0  18.0  16.2  15.3   MM   MM    MM
2026 09 29 17 00 200  4.0  7.0   0.2    MM    MM 114 1011.2  18.6  16.1  15.2   MM -2.3    MM
2026 09 29 16 40 200  3.0  4.0   0.2    MM    MM 114 1011.4  18.0  16.1  15.3   MM   MM    MM
2026 09 29 16 20 190  3.0  5.0   0.1    MM    MM  28 1011.6  17.8  16.1  15.2   MM   MM    MM
2026 09 29 16 00 160  2.0  2.0   0.1    MM    MM   3 1012.0  16.9  16.1  14.7   MM -1.9    MM
2026 09 29 15 40 140  1.0  2.0   0.1    MM    MM   9 1012.5  15.9  16.1  13.8   MM   MM    MM
2026 09 29 15 20 160  1.0  1.0   0.1    MM    MM 342 1012.7  15.7  16.1  13.4   MM   MM    MM
2026 09 29 15 00 210  1.0  2.0   0.1    MM    MM 341 1013.0  15.0  16.0  12.9   MM -1.3    MM
2026 09 29 14 40 240  1.0  1.0   0.1    MM    MM 321 1013.2  14.6  16.0  12.6   MM   MM    MM
2026 09 29 14 20 270  2.0  2.0   0.1    MM    MM 299 1013.4  14.1  16.0  12.3   MM   MM    MM
2026 09 29 14 00 260  2.0  2.0   0.1    MM    MM 314 1013.5  14.0  16.0  12.2   MM -1.4    MM
2026 09 29 13 40 280  1.0  2.0   0.1    MM    MM 311 1013.6  13.5  16.0  11.8   MM   MM    MM
2026 09 29 13 20 270  1.0  2.0   0.1    MM    MM 295 1013.8  13.3  16.0  11.6   MM   MM    MM
2026 09 29 13 00 280  1.0  2.0   0.1    MM    MM 284 1013.9  13.2  16.0  11.5   MM -0.7    MM
2026 09 29 12 40 290  2.0  2.0   0.1    MM    MM 265 1014.2  12.8  16.0  11.2   MM   MM    MM
2026 09 29 12 20 300  2.0  2.0   0.0    MM    MM 299 1014.2  13.1  16.0  11.4   MM   MM    MM
2026 09 29 12 00 270  1.0  2.0   0.0    MM    MM 298 1014.3  13.0  16.1  11.3   MM -0.5    MM
2026 09 29 11 40 260  2.0  2.0   0.0    MM    MM 315 1014.4  12.9  16.0  11.1   MM   MM    MM
2026 09 29 11 20 270  1.0  2.0   0.0    MM    MM 278 1014.7  12.9  16.1  11.1   MM   MM    MM
2026 09 29 11 00 280  2.0  3.0   0.0    MM    MM 256 1014.9  12.7  16.1  10.8   MM -0.8    MM
2026 09 29 10 40 290  2.0  2.0   0.0    MM    MM 258 1014.7  12.8  16.1  11.1   MM   MM    MM
2026 09 29 10 20 280  2.0  3.0   0.1    MM    MM 253 1014.6  13.0  16.1  11.3   MM   MM    MM
2026 09 29 10 00 290  2.0  3.0   0.1    MM    MM 219 1014.6  13.0  16.1  11.3   MM -1.1    MM
2026 09 29 09 40 300  1.0  1.0   0.1    MM    MM 267 1014.7  13.3  16.1  12.1   MM   MM    MM
2026 09 29 09 20 310  1.0  1.0   0.1    MM    MM 350 1014.7  13.5  16.1  12.3   MM   MM    MM
2026 09 29 09 00 120  1.0  1.0   0.1    MM    MM 332 1014.8  13.1  16.1  12.0   MM -1.0    MM
2026 09 29 08 40 290  1.0  2.0   0.1    MM    MM 281 1015.2  12.8  16.1  11.9   MM   MM    MM
2026 09 29 08 20 310  2.0  2.0   0.1    MM    MM 216 1015.4  12.8  16.1  12.1   MM   MM    MM
2026 09 29 08 00  MM   MM   MM   0.1    MM    MM 198 1015.6  12.7  16.1  12.0   MM -0.4    MM
2026 09 29 07 40 310  3.0  3.0   0.1    MM    MM 271 1015.6  13.0  16.1  12.1   MM   MM    MM
2026 09 29 07 20 210  1.0  2.0   0.1    MM    MM 156 1015.3  13.9  16.1  13.1   MM   MM    MM
2026 09 29 07 00 320  1.0  2.0   0.1    MM    MM 146 1015.7  13.9  16.1  13.0   MM -0.6    MM
2026 09 29 06 40  30  3.0  3.0   0.1    MM    MM 134 1015.7  14.2  16.1  13.5   MM   MM    MM
2026 09 29 06 20  30  3.0  4.0   0.1    MM    MM 154 1015.5  14.1  16.1  13.3   MM   MM    MM
2026 09 29 06 00  20  3.0  3.0   0.1    MM    MM 124 1015.8  14.5  16.1  13.6   MM -0.6    MM
2026 09 29 05 40  40  3.0  3.0   0.2    MM    MM 101 1016.0  14.3  16.1  13.6   MM   MM    MM
2026 09 29 05 20  80  3.0  4.0   0.2    MM    MM  81 1015.9  14.0  16.1  13.5   MM   MM    MM
2026 09 29 05 00  90  3.0  4.0   0.2    MM    MM  81 1016.1  13.9  16.1  13.5   MM -0.4    MM
2026 09 29 04 40  70  3.0  4.0   0.2    MM    MM 113 1016.3  13.8  16.1  13.3   MM   MM    MM
2026 09 29 04 00  30  3.0  4.0   0.2    MM    MM 118 1016.3  13.9  16.2  13.5   MM -0.5    MM
2026 09 29 03 40  50  3.0  4.0   0.2    MM    MM 114 1016.2  14.0  16.2  13.6   MM   MM    MM
2026 09 29 03 20  60  3.0  4.0   0.2    MM    MM 106 1016.3  14.2  16.2  13.7   MM   MM    MM
2026 09 29 03 00  50  4.0  5.0   0.2    MM    MM 116 1016.4  14.4  16.2  13.9   MM +0.0    MM
2026 09 29 02 40  40  4.0  5.0   0.2    MM    MM 108 1016.5  14.6  16.2  14.0   MM   MM    MM
2026 09 29 02 20  50  4.0  5.0   0.2    MM    MM 103 1016.6  15.4  16.3  14.5   MM   MM    MM
2026 09 29 02 00  50  5.0  6.0   0.2    MM    MM  97 1016.4  15.2  16.3  14.5   MM -0.6    MM
2026 09 29 01 40  60  5.0  6.0   0.2    MM    MM  96 1016.5  15.7  16.3  14.7   MM   MM    MM
2026 09 29 01 20  60  5.0  6.0   0.2    MM    MM 104 1016.6  15.8  16.3  14.7   MM   MM    MM
2026 09 29 01 00  40  5.0  6.0   0.2    MM    MM 116 1016.7  15.8  16.3  14.7   MM -0.3    MM
2026 09 29 00 40  40  4.0  6.0   0.2    MM    MM  99 1016.7  15.9  16.3  14.7   MM   MM    MM
2026 09 29 00 20  50  4.0  5.0   0.2    MM    MM  57 1016.5  15.9  16.3  14.7   MM   MM    MM
2026 09 29 00 00  60  4.0  5.0   0.2    MM    MM  48 1016.5  15.9  16.3  14.6   MM -1.4    MM
2026 09 28 23 40  50  4.0  5.0   0.3    MM    MM  70 1017.0  16.0  16.3  14.7   MM   MM    MM
2026 09 28 23 20  60  4.0  5.0   0.3    MM    MM  81 1016.9  16.0  16.3  14.7   MM   MM    MM
2026 09 28 23 00  60  4.0  5.0   0.3    MM    MM  87 1017.0  16.0  16.4  14.7   MM -1.5    MM
2026 09 28 22 40  70  4.0  5.0   0.3    MM    MM  97 1017.2  16.1  16.4  14.8   MM   MM    MM
2026 09 28 22 20  60  5.0  6.0   0.2    MM    MM 107 1017.1  16.1  16.4  14.8   MM   MM    MM
2026 09 28 22 00  70  5.0  7.0   0.2    MM    MM 114 1017.1  16.1  16.4  14.8   MM -1.8    MM
2026 09 28 21 40  70  4.0  5.0   0.2    MM    MM 113 1017.7  16.2  16.4  14.6   MM   MM    MM
2026 09 28 21 20  70  4.0  4.0   0.2    MM    MM 107 1017.8  16.2  16.4  14.5   MM   MM    MM
2026 09 28 21 00  80  4.0  5.0   0.2    MM    MM 102 1018.0  16.3  16.4  14.5   MM -1.3    MM
2026 09 28 20 40  80  4.0  4.0   0.1    MM    MM  97 1018.2  16.4  16.5  14.3   MM   MM    MM
2026 09 28 20 20  90  3.0  4.0   0.1    MM    MM  87 1018.2  16.5  16.5  14.3   MM   MM    MM
2026 09 28 20 00  70  3.0  4.0   0.1    MM    MM  88 1018.5  16.7  16.5  14.4   MM -1.1    MM
2026 09 28 19 40  60  3.0  3.0   0.1    MM    MM  91 1018.8  16.8  16.6  14.4   MM   MM    MM
2026 09 28 19 20  60  3.0  3.0   0.1    MM    MM  83 1018.9  16.8  16.6  14.4   MM   MM    MM
2026 09 28 19 00  70  3.0  4.0   0.0    MM    MM  84 1018.9  16.8  16.1  14.4   MM -1.2    MM
2026 09 28 18 40  70  3.0  3.0   0.0    MM    MM 187 1019.0  16.9  16.2  14.5   MM   MM    MM
2026 09 28 18 20  70  2.0  3.0   0.0    MM    MM 188 1019.1  17.0  16.1  14.4   MM   MM    MM
2026 09 28 18 00  70  3.0  3.0   0.0    MM    MM  58 1019.3  17.0  16.1  14.5   MM -0.7    MM
2026 09 28 17 40  60  2.0  3.0   0.0    MM    MM 283 1019.5  17.0  16.1  14.4   MM   MM    MM
2026 09 28 17 20  60  2.0  2.0   0.0    MM    MM 205 1019.5  17.2  16.1  14.4   MM   MM    MM
2026 09 28 17 00  60  1.0  2.0   0.0    MM    MM 125 1019.6  17.2  16.0  14.2   MM -0.4    MM
2026 09 28 16 40 100  1.0  1.0   0.0    MM    MM 107 1019.7  17.9  16.0  14.3   MM   MM    MM
2026 09 28 16 20 160  1.0  1.0   0.1    MM    MM 106 1019.9  17.7  15.9  14.4   MM   MM    MM
2026 09 28 16 00 190  1.0  1.0   0.1    MM    MM 108 1020.0  16.6  15.9  14.1   MM +0.0    MM
2026 09 28 15 40 200  1.0  1.0   0.1    MM    MM 109 1019.9  16.3  15.9  13.9   MM   MM    MM
2026 09 28 15 20 210  1.0  1.0   0.1    MM    MM  99 1019.9  16.1  15.9  13.6   MM   MM    MM
2026 09 28 15 00 260  1.0  2.0   0.1    MM    MM  95 1020.0  15.2  15.9  13.2   MM -0.3    MM
2026 09 28 14 40 230  2.0  3.0   0.1    MM    MM  98 1019.9  14.7  15.9  12.8   MM   MM    MM
2026 09 28 14 20 210  2.0  2.0   0.1    MM    MM  98 1020.0  14.2  15.8  12.4   MM   MM    MM
2026 09 28 14 00 230  2.0  2.0   0.1    MM    MM  87 1020.0  13.9  15.8  12.1   MM +0.0    MM
2026 09 28 13 40 240  2.0  2.0   0.1    MM    MM  73 1019.9  13.4  15.8  11.8   MM   MM    MM
2026 09 28 13 20 250  2.0  3.0   0.1    MM    MM  75 1019.9  13.3  15.8  11.8   MM   MM    MM
2026 09 28 13 00 260  2.0  2.0   0.1    MM    MM  57 1020.0  13.0  15.8  11.7   MM +0.5    MM
2026 09 28 12 40 270  2.0  3.0   0.1    MM    MM  78 1020.1  12.9  15.8  11.5   MM   MM    MM
2026 09 28 12 20 230  2.0  2.0   0.1    MM    MM  86 1020.2  13.2  15.8  12.0   MM   MM    MM
2026 09 28 12 00 230  2.0  3.0   0.1    MM    MM  76 1020.2  13.0  15.8  11.9   MM +0.9    MM
2026 09 28 11 40 230  2.0  3.0   0.0    MM    MM  59 1020.1  13.0  15.8  11.9   MM   MM    MM
2026 09 28 11 20 250  2.0  2.0   0.0    MM    MM  44 1020.0  12.8  15.8  11.6   MM   MM    MM
2026 09 28 11 00 260  2.0  2.0   0.0    MM    MM  35 1019.8  12.9  15.8  11.7   MM +0.5    MM
2026 09 28 10 40 280  2.0  3.0   0.0    MM    MM  12 1019.7  13.1  15.8  12.0   MM   MM    MM
2026 09 28 10 20 290  2.0  3.0   0.0    MM    MM  41 1019.7  13.0  15.8  11.8   MM   MM    MM
2026 09 28 10 00 250  2.0  3.0   0.0    MM    MM 333 1019.5  13.7  15.8  12.5   MM +0.0    MM
2026 09 28 09 40 230  2.0  2.0   0.0    MM    MM 331 1019.6  13.9  15.8  12.7   MM   MM    MM
2026 09 28 09 20 250  2.0  2.0   0.0    MM    MM 320 1019.5  13.4  15.8  12.3   MM   MM    MM
2026 09 28 09 00 270  1.0  2.0   0.0    MM    MM 319 1019.4  13.4  15.8  12.2   MM +0.3    MM
2026 09 28 08 40 270  2.0  2.0   0.0    MM    MM 305 1019.3  13.5  15.8  12.3   MM   MM    MM
2026 09 28 08 20 260  2.0  2.0   0.0    MM    MM 310 1019.3  13.5  15.9  12.3   MM   MM    MM
2026 09 28 08 00 280  2.0  3.0   0.0    MM    MM 288 1019.4  13.6  15.9  12.4   MM +0.4    MM
2026 09 28 07 40 280  3.0  3.0   0.0    MM    MM 291 1019.3  13.9  15.9  12.6   MM   MM    MM
2026 09 28 07 20 280  3.0  4.0   0.0    MM    MM 303 1019.3  14.4  15.9  13.0   MM   MM    MM
2026 09 28 07 00 290  2.0  3.0   0.0    MM    MM 314 1019.3  14.3  15.9  13.1   MM +0.5    MM
2026 09 28 06 40 290  2.0  3.0   0.0    MM    MM 333 1019.2  14.5  16.0  13.2   MM   MM    MM
2026 09 28 06 20 290  2.0  2.0   0.0    MM    MM 351 1019.1  14.7  16.0  13.1   MM   MM    MM
2026 09 28 06 00 300  2.0  2.0   0.0    MM    MM 346 1019.1  14.7  16.0  13.2   MM +0.3    MM
2026 09 28 05 40 290  2.0  2.0   0.0    MM    MM   3 1019.0  14.8  16.0  13.3   MM   MM    MM
2026 09 28 05 20 280  1.0  2.0   0.0    MM    MM   5 1018.9  15.2  16.0  13.5   MM   MM    MM
2026 09 28 05 00 290  1.0  2.0   0.0    MM    MM  23 1018.9  15.3  16.0  13.5   MM +0.4    MM
2026 09 28 04 40 300  1.0  2.0   0.0    MM    MM  23 1018.9  15.6  16.0  13.9   MM   MM    MM
2026 09 28 04 00 290  1.0  1.0   0.0    MM    MM  46 1018.8  16.4  16.1  13.9   MM +0.3    MM
2026 09 28 03 40  MM  0.0  0.0   0.0    MM    MM  52 1018.8  16.4  16.1  13.8   MM   MM    MM
2026 09 28 03 20  40  1.0  1.0   0.1    MM    MM  51 1018.8  16.3  16.1  13.7   MM   MM    MM
2026 09 28 03 00  30  1.0  2.0   0.1    MM    MM  59 1018.7  16.2  16.0  13.7   MM +0.7    MM
2026 09 28 02 40  20  2.0  2.0   0.1    MM    MM  72 1018.7  16.2  16.1  13.7   MM   MM    MM
2026 09 28 02 20  20  2.0  2.0   0.1    MM    MM  79 1018.6  16.3  16.1  13.8   MM   MM    MM
2026 09 28 02 00  30  2.0  2.0   0.1    MM    MM  79 1018.5  16.2  16.1  14.1   MM +0.5    MM
2026 09 28 01 40  30  2.0  2.0   0.1    MM    MM  78 1018.5  16.3  16.1  14.2   MM   MM    MM
2026 09 28 01 20  30  1.0  2.0   0.1    MM    MM  66 1018.5  16.4  16.1  14.2   MM   MM    MM
2026 09 28 01 00  20  2.0  2.0   0.1    MM    MM  81 1018.5  16.3  16.1  14.2   MM +0.4    MM
2026 09 28 00 40  30  2.0  2.0   0.1    MM    MM 100 1018.2  16.3  16.1  14.3   MM   MM    MM
2026 09 28 00 20  20  2.0  2.0   0.1    MM    MM 100 1018.1  16.4  16.1  14.6   MM   MM    MM
2026 09 28 00 00  20  1.0  2.0   0.1    MM    MM  93 1018.1  16.4  16.1  14.6   MM +0.0    MM
2026 09 27 23 40  50  1.0  1.0   0.1    MM    MM  95 1018.0  16.4  16.1  14.5   MM   MM    MM
2026 09 27 23 20  70  1.0  1.0   0.1    MM    MM  98 1017.9  16.4  16.1  14.1   MM   MM    MM
2026 09 27 23 00  70  2.0  2.0   0.1    MM    MM 103 1018.0  16.3  16.1  13.9   MM +0.0    MM
2026 09 27 22 40  90  2.0  3.0   0.1    MM    MM 104 1018.0  16.2  16.2  13.6   MM   MM    MM
2026 09 27 22 20  70  2.0  3.0   0.1    MM    MM 105 1018.1  16.3  16.1  13.7   MM   MM    MM
2026 09 27 22 00  80  2.0  2.0   0.1    MM    MM  95 1018.0  16.4  16.0  13.9   MM -0.4    MM
2026 09 27 21 40  90  2.0  3.0   0.1    MM    MM 122 1018.0  16.6  16.0  14.1   MM   MM    MM
2026 09 27 21 20  90  1.0  2.0   0.0    MM    MM  21 1018.1  17.0  16.0  14.2   MM   MM    MM
2026 09 27 21 00 100  2.0  3.0   0.1    MM    MM 328 1018.0  17.2  16.0  14.7   MM -1.3    MM
2026 09 27 20 40  80  1.0  1.0   0.1    MM    MM 308 1018.0  17.6  16.0  14.3   MM   MM    MM
2026 09 27 20 20  70  1.0  1.0   0.1    MM    MM 320 1018.0  17.8  16.0  14.1   MM   MM    MM
2026 09 27 20 00  MM  0.0  1.0   0.1    MM    MM 314 1018.1  17.7  16.0  14.2   MM -1.6    MM
2026 09 27 19 40 310  1.0  1.0   0.1    MM    MM 325 1018.3  17.4  16.0  13.8   MM   MM    MM
2026 09 27 19 20  MM  0.0  1.0   0.1    MM    MM 328 1018.4  17.6  16.0  12.7   MM   MM    MM
2026 09 27 19 00  MM  0.0  1.0   0.1    MM    MM 334 1018.5  17.3  16.0  13.4   MM -1.3    MM
2026 09 27 18 40 160  1.0  2.0   0.1    MM    MM 353 1018.7  16.8  15.9  13.3   MM   MM    MM
2026 09 27 18 20 160  2.0  2.0   0.1    MM    MM 356 1019.0  16.8  15.9  13.1   MM   MM    MM
2026 09 27 18 00 190  2.0  3.0   0.1    MM    MM  26 1019.3  16.8  15.9  12.8   MM -0.6    MM
2026 09 27 17 40 190  3.0  3.0   0.1    MM    MM  43 1019.4  16.3  15.9  12.6   MM   MM    MM
2026 09 27 17 20 180  3.0  4.0   0.1    MM    MM  59 1019.4  16.1  15.9  12.0   MM   MM    MM
2026 09 27 17 00 180  3.0  3.0   0.1    MM    MM  83 1019.6  15.9  15.9  11.6   MM -0.3    MM
2026 09 27 16 40 180  3.0  4.0   0.1    MM    MM 101 1019.7  15.6  15.8  11.1   MM   MM    MM
2026 09 27 16 20 180  3.0  4.0   0.2    MM    MM 110 1019.8  15.5  15.8  10.7   MM   MM    MM
2026 09 27 16 00 200  4.0  4.0   0.2    MM    MM 113 1019.8  15.2  15.8  10.0   MM -0.4    MM
2026 09 27 15 40 210  4.0  5.0   0.2    MM    MM 115 1019.7  14.6  15.8   9.5   MM   MM    MM
2026 09 27 15 20 210  5.0  7.0   0.2    MM    MM 115 1019.8  14.1  15.8   8.4   MM   MM    MM
2026 09 27 15 00 220  5.0  7.0   0.2    MM    MM 100 1019.9  13.8  15.8   8.5   MM -0.3    MM
2026 09 27 14 40 230  4.0  6.0   0.2    MM    MM  96 1019.9  13.3  15.7   9.2   MM   MM    MM
2026 09 27 14 20 230  4.0  5.0   0.2    MM    MM  78 1019.9  12.8  15.7   9.2   MM   MM    MM
2026 09 27 14 00 230  4.0  5.0   0.2    MM    MM  44 1019.9  12.3  15.7   9.0   MM +0.0    MM
2026 09 27 13 40 260  3.0  4.0   0.2    MM    MM 357 1020.1  11.7  15.7   9.1   MM   MM    MM
2026 09 27 13 20 240  4.0  5.0   0.2    MM    MM 352 1020.2  11.8  15.7   9.1   MM   MM    MM
2026 09 27 13 00 250  3.0  4.0   0.2    MM    MM 360 1020.2  11.5  15.7   9.1   MM +0.3    MM
2026 09 27 12 40  MM   MM   MM   0.2    MM    MM   7 1020.3  11.7  15.7   9.2   MM   MM    MM
2026 09 27 12 20 240  4.0  4.0   0.2    MM    MM  23 1020.2  11.7  15.8   9.1   MM   MM    MM
2026 09 27 12 00 230  4.0  4.0   0.2    MM    MM  26 1020.2  11.7  15.7   9.2   MM +0.3    MM
2026 09 27 11 40 240  4.0  5.0   0.2    MM    MM  60 1020.3  11.7  15.7   9.2   MM   MM    MM
2026 09 27 11 20 220  4.0  5.0   0.2    MM    MM   7 1020.2  11.5  15.8   9.1   MM   MM    MM
2026 09 27 11 00 230  4.0  5.0   0.2    MM    MM 354 1020.1  12.0  15.8   9.4   MM -0.0    MM
2026 09 27 10 40 240  3.0  4.0   0.2    MM    MM 331 1020.1  11.7  15.8   9.3   MM   MM    MM
2026 09 27 10 20 270  3.0  4.0   0.2    MM    MM 312 1020.1  11.2  15.8   9.4   MM   MM    MM
2026 09 27 10 00 260  4.0  5.0   0.2    MM    MM 303 1019.9  11.3  15.8   9.3   MM -0.4    MM
2026 09 27 09 40 270  3.0  4.0   0.2    MM    MM 293 1020.0  11.4  15.8   9.5   MM   MM    MM
2026 09 27 09 20 260  3.0  4.0   0.2    MM    MM 303 1019.9  12.2  15.8  10.0   MM   MM    MM
2026 09 27 09 00 260  3.0  4.0   0.2    MM    MM 305 1019.9  12.3  15.8  10.1   MM -0.6    MM
2026 09 27 08 40 250  3.0  4.0   0.2    MM    MM 307 1020.0  12.8  15.9  10.4   MM   MM    MM
2026 09 27 08 20 260  3.0  4.0   0.2    MM    MM 298 1020.0  12.9  15.9  10.4   MM   MM    MM
2026 09 27 08 00 270  2.0  3.0   0.2    MM    MM 293 1020.0  12.8  15.9  10.2   MM -0.3    MM
2026 09 27 07 40 260  3.0  4.0   0.2    MM    MM 299 1020.2  13.1  15.9  10.4   MM   MM    MM
2026 09 27 07 20 250  3.0  4.0   0.2    MM    MM 281 1020.2  13.1  15.9  10.5   MM   MM    MM
2026 09 27 07 00 280  3.0  3.0   0.2    MM    MM 313 1020.3  13.5  15.9  11.1   MM +0.0    MM
2026 09 27 06 40 250  2.0  2.0   0.2    MM    MM 303 1020.3  14.1  15.9  11.1   MM   MM    MM
2026 09 27 06 20 270  2.0  3.0   0.3    MM    MM 272 1020.5  13.6  15.9  11.2   MM   MM    MM
2026 09 27 06 00 280  3.0  4.0   0.3    MM    MM 270 1020.5  13.8  15.9  11.2   MM +0.3    MM
2026 09 27 05 40 280  3.0  3.0   0.3    MM    MM 277 1020.4  13.9  15.9  11.1   MM   MM    MM
2026 09 27 05 20 280  2.0  3.0   0.3    MM    MM 279 1020.3  14.1  15.9  11.3   MM   MM    MM
2026 09 27 05 00 310  2.0  3.0   0.3    MM    MM 267 1020.3  13.7  15.9  11.1   MM +0.0    MM
2026 09 27 04 40 290  3.0  4.0   0.3    MM    MM 347 1020.3  14.2  15.9  11.7   MM   MM    MM
2026 09 27 04 00 210  3.0  4.0   0.3    MM    MM 358 1020.3  16.2  15.9  12.1   MM +0.5    MM
2026 09 27 03 40 210  3.0  5.0   0.4    MM    MM 348 1020.3  16.3  15.9  12.5   MM   MM    MM
2026 09 27 03 20 210  4.0  5.0   0.4    MM    MM 352 1020.3  16.4  15.9  12.7   MM   MM    MM
2026 09 27 03 00 210  3.0  4.0   0.4    MM    MM 356 1020.2  16.3  15.9  13.0   MM +0.5    MM
2026 09 27 02 40 210  3.0  5.0   0.4    MM    MM 359 1020.4  16.5  15.9  13.1   MM   MM    MM
2026 09 27 02 20 240  2.0  3.0   0.4    MM    MM   9 1020.4  16.4  15.9  13.7   MM   MM    MM
2026 09 27 02 00 220  2.0  4.0   0.4    MM    MM 355 1020.2  16.8  15.9  13.8   MM +0.6    MM
2026 09 27 01 40 210  2.0  4.0   0.4    MM    MM  29 1020.2  16.7  16.0  14.1   MM   MM    MM
2026 09 27 01 20 210  1.0  2.0   0.5    MM    MM  71 1020.0  15.9  16.0  14.7   MM   MM    MM
2026 09 27 01 00  70  2.0  3.0   0.5    MM    MM 109 1019.8  16.3  16.0  14.6   MM -0.3    MM
2026 09 27 00 40  40  3.0  4.0   0.4    MM    MM 119 1019.7  16.3  16.0  14.6   MM   MM    MM
2026 09 27 00 20  50  4.0  6.0   0.5    MM    MM 125 1019.6  16.3  16.0  14.5   MM   MM    MM
2026 09 27 00 00  40  5.0  6.0   0.5    MM    MM 121 1019.7  16.2  16.0  14.5   MM -1.3    MM
2026 09 26 23 40  50  6.0  7.0   0.5    MM    MM 126 1019.6  16.2  16.0  14.3   MM   MM    MM
2026 09 26 23 20  50  6.0  7.0   0.5    MM    MM 119 1019.7  16.2  16.0  14.3   MM   MM    MM
2026 09 26 23 00  60  6.0  8.0   0.5    MM    MM 121 1019.7  16.2  16.0  14.3   MM -1.9    MM
2026 09 26 22 40  60  6.0  7.0   0.5    MM    MM 116 1019.9  16.2  16.0  14.3   MM   MM    MM
2026 09 26 22 20  60  6.0  7.0   0.5    MM    MM 113 1019.9  16.3  16.0  14.3   MM   MM    MM
2026 09 26 22 00  60  6.0  7.0   0.5    MM    MM 110 1020.2  16.3  16.0  14.2   MM -2.4    MM
2026 09 26 21 40  70  6.0  8.0   0.4    MM    MM 102 1020.3  16.4  16.0  14.0   MM   MM    MM
2026 09 26 21 20  70  6.0  7.0   0.4    MM    MM  93 1020.7  16.5  16.0  13.9   MM   MM    MM
2026 09 26 21 00  60  6.0  7.0   0.4    MM    MM  91 1021.0  16.4  16.1  14.1   MM -2.4    MM
2026 09 26 20 40  60  6.0  8.0   0.4    MM    MM  90 1021.1  16.3  16.1  14.1   MM   MM    MM
2026 09 26 20 20  60  6.0  8.0   0.4    MM    MM  88 1021.4  16.2  16.1  14.2   MM   MM    MM
2026 09 26 20 00  60  6.0  7.0   0.3    MM    MM  89 1021.6  15.6  16.1  14.5   MM -2.4    MM
2026 09 26 19 40  60  6.0  7.0   0.3    MM    MM  92 1021.8  15.1  16.1  14.4   MM   MM    MM
2026 09 26 19 20  60  6.0  8.0   0.3    MM    MM  88 1022.2  15.1  16.1  14.2   MM   MM    MM
2026 09 26 19 00  60  6.0  7.0   0.3    MM    MM  90 1022.6  15.5  16.0  14.4   MM -1.9    MM
2026 09 26 18 40  60  6.0  7.0   0.3    MM    MM  92 1022.8  15.3  16.1  14.1   MM   MM    MM
2026 09 26 18 20  60  6.0  7.0   0.2    MM    MM  92 1023.1  15.1  16.1  13.9   MM   MM    MM
2026 09 26 18 00  70  5.0  7.0   0.2    MM    MM  93 1023.4  14.8  16.1  13.9   MM -1.4    MM
2026 09 26 17 40  60  5.0  6.0   0.2    MM    MM  92 1023.6  15.2  16.1  13.9   MM   MM    MM
2026 09 26 17 20  60  5.0  5.0   0.2    MM    MM  92 1023.8  14.9  16.1  13.5   MM   MM    MM
2026 09 26 17 00  60  5.0  6.0   0.1    MM    MM  99 1024.0  14.8  16.1  13.5   MM -0.6    MM
2026 09 26 16 40  60  4.0  5.0   0.1    MM    MM 105 1024.2  14.3  16.1  13.3   MM   MM    MM
2026 09 26 16 20  70  3.0  4.0   0.1    MM    MM  85 1024.3  14.6  16.0  12.9   MM   MM    MM
2026 09 26 16 00  70  3.0  4.0   0.1    MM    MM 355 1024.5  14.8  15.9  12.8   MM -0.2    MM
2026 09 26 15 40  70  1.0  2.0   0.1    MM    MM 328 1024.6  15.7  15.9  12.8   MM   MM    MM
2026 09 26 15 20  MM  0.0  1.0   0.1    MM    MM 327 1024.8  17.7  15.9  13.4   MM   MM    MM
2026 09 26 15 00  MM  0.0  1.0   0.1    MM    MM 328 1024.8  17.0  15.9  13.1   MM +0.3    MM
2026 09 26 14 40  MM  0.0  1.0   0.1    MM    MM 100 1024.7  15.7  15.8  12.6   MM   MM    MM
2026 09 26 14 20  MM   MM   MM   0.1    MM    MM 303 1024.6  14.3  15.8  12.1   MM   MM    MM
2026 09 26 14 00 270  1.0  1.0   0.1    MM    MM 285 1024.6  13.2  15.8  11.5   MM +0.4    MM
2026 09 26 13 40 280  1.0  2.0   0.1    MM    MM 288 1024.8  12.7  15.8  11.1   MM   MM    MM
2026 09 26 13 20 310  1.0  2.0   0.1    MM    MM 290 1024.6  12.2  15.8  10.8   MM   MM    MM
2026 09 26 13 00 320  1.0  1.0   0.1    MM    MM 305 1024.7  11.8  15.8  10.5   MM +0.5    MM
2026 09 26 12 40 300  1.0  2.0   0.1    MM    MM 296 1024.6  11.1  15.8  10.3   MM   MM    MM
2026 09 26 12 20 300  2.0  4.0   0.1    MM    MM 289 1024.5  10.3  15.8   9.6   MM   MM    MM
2026 09 26 12 00 280  3.0  3.0   0.1    MM    MM 303 1024.5  11.1  15.8  10.2   MM +0.6    MM
2026 09 26 11 40 290  2.0  3.0   0.1    MM    MM 292 1024.3  11.1  15.8  10.4   MM   MM    MM
2026 09 26 11 20 280  3.0  3.0   0.1    MM    MM 307 1024.2  11.6  15.8  10.9   MM   MM    MM
2026 09 26 11 00 270  2.0  2.0   0.1    MM    MM 314 1024.3  11.8  15.8  10.9   MM -0.0    MM
2026 09 26 10 40 280  2.0  2.0   0.1    MM    MM 296 1024.3  11.9  15.8  10.9   MM   MM    MM
2026 09 26 10 20 290  2.0  3.0   0.1    MM    MM 290 1024.2  12.0  15.9  11.1   MM   MM    MM
2026 09 26 10 00 280  2.0  3.0   0.1    MM    MM 289 1024.2  12.3  15.9  11.3   MM -0.4    MM
2026 09 26 09 40 290  2.0  2.0   0.1    MM    MM 287 1024.1  12.5  15.9  11.5   MM   MM    MM
2026 09 26 09 20 310  2.0  2.0   0.1    MM    MM 290 1023.9  13.0  15.9  11.9   MM   MM    MM
2026 09 26 09 00 300  2.0  3.0   0.1    MM    MM 293 1023.9  13.2  15.9  12.1   MM -1.0    MM
2026 09 26 08 40 290  2.0  3.0   0.1    MM    MM 315 1023.9  13.6  15.9  12.3   MM   MM    MM
2026 09 26 08 20 150  1.0  2.0   0.1    MM    MM 332 1024.1  14.6  16.0  13.0   MM   MM    MM
2026 09 26 08 00 160  2.0  2.0   0.1    MM    MM 345 1024.2  14.5  15.9  12.8   MM -0.9    MM
2026 09 26 07 40 160  2.0  3.0   0.1    MM    MM 360 1024.3  14.6  15.9  12.8   MM   MM    MM
2026 09 26 07 20 150  2.0  3.0   0.1    MM    MM   7 1024.4  14.8  15.9  12.4   MM   MM    MM
2026 09 26 07 00 110  2.0  3.0   0.1    MM    MM  20 1024.6  15.3  15.9  12.4   MM -0.6    MM
2026 09 26 06 40  90  3.0  3.0   0.2    MM    MM  23 1024.7  15.4  15.9  12.5   MM   MM    MM
2026 09 26 06 20 100  3.0  3.0   0.2    MM    MM  45 1024.7  15.5  15.9  12.5   MM   MM    MM
2026 09 26 06 00  90  3.0  4.0   0.2    MM    MM  48 1024.9  15.6  15.9  12.7   MM -0.7    MM
2026 09 26 05 40  80  3.0  4.0   0.2    MM    MM  53 1024.9  15.7  15.9  13.0   MM   MM    MM
2026 09 26 05 20  80  3.0  4.0   0.2    MM    MM  34 1025.0  15.6  15.9  13.0   MM   MM    MM
2026 09 26 05 00  80  3.0  3.0   0.2    MM    MM  41 1025.1  15.7  16.0  13.2   MM -0.4    MM
2026 09 26 04 40  90  3.0  3.0   0.2    MM    MM  39 1025.1  15.8  16.0  13.4   MM   MM    MM
2026 09 26 04 00  70  2.0  3.0   0.2    MM    MM  42 1025.2  15.9  16.0  13.9   MM +0.0    MM
2026 09 26 03 40  90  3.0  4.0   0.2    MM    MM  52 1025.2  15.8  16.0  14.0   MM   MM    MM
2026 09 26 03 20  80  3.0  4.0   0.3    MM    MM  68 1025.4  15.8  16.0  14.1   MM   MM    MM
2026 09 26 03 00  90  3.0  4.0   0.3    MM    MM  81 1025.6  15.8  16.0  14.3   MM +0.7    MM
2026 09 26 02 40  90  4.0  5.0   0.3    MM    MM  83 1025.5  15.9  16.0  14.2   MM   MM    MM
2026 09 26 02 20  80  4.0  5.0   0.3    MM    MM  80 1025.5  15.9  16.0  14.2   MM   MM    MM
2026 09 26 02 00  80  4.0  5.0   0.3    MM    MM  89 1025.5  15.9  16.0  14.3   MM +0.4    MM
2026 09 26 01 40  70  5.0  6.0   0.3    MM    MM  97 1025.4  15.9  16.0  14.3   MM   MM    MM
2026 09 26 01 20  70  5.0  6.0   0.2    MM    MM 106 1025.3  15.9  16.0  14.3   MM   MM    MM
2026 09 26 01 00  50  5.0  6.0   0.2    MM    MM 122 1025.2  16.0  16.0  14.3   MM +0.2    MM
2026 09 26 00 40  40  5.0  5.0   0.2    MM    MM 116 1025.2  16.1  16.0  14.4   MM   MM    MM
2026 09 26 00 20  50  4.0  5.0   0.2    MM    MM 107 1025.0  16.2  16.1  14.3   MM   MM    MM
2026 09 26 00 00  50  4.0  5.0   0.2    MM    MM 105 1024.9  16.2  16.1  14.3   MM -0.2    MM
2026 09 25 23 40  50  5.0  6.0   0.2    MM    MM 103 1025.0  16.3  16.2  14.2   MM   MM    MM
2026 09 25 23 20  40  4.0  5.0   0.2    MM    MM  70 1025.0  16.5  16.2  14.3   MM   MM    MM
2026 09 25 23 00  50  5.0  5.0   0.2    MM    MM  82 1025.1  16.5  16.2  14.3   MM +0.0    MM
2026 09 25 22 40  40  4.0  6.0   0.2    MM    MM  61 1025.0  16.9  16.2  14.6   MM   MM    MM
2026 09 25 22 20  90  3.0  4.0   0.3    MM    MM  71 1025.0  17.1  16.2  14.5   MM   MM    MM
2026 09 25 22 00 100  4.0  4.0   0.3    MM    MM  77 1025.0  17.1  16.3  14.5   MM -0.7    MM
2026 09 25 21 40 110  4.0  5.0   0.3    MM    MM  81 1025.0  17.2  16.3  14.5   MM   MM    MM
2026 09 25 21 20 110  5.0  5.0   0.3    MM    MM  89 1025.0  17.3  16.4  14.4   MM   MM    MM
2026 09 25 21 00 110  5.0  6.0   0.2    MM    MM 101 1025.1  17.4  16.5  14.5   MM -1.3    MM
2026 09 25 20 40 100  5.0  6.0   0.2    MM    MM  88 1025.1  17.2  16.4  14.4   MM   MM    MM
2026 09 25 20 20 110  5.0  5.0   0.1    MM    MM  71 1025.2  17.1  16.1  14.8   MM   MM    MM
2026 09 25 20 00 100  3.0  4.0   0.1    MM    MM   3 1025.2  17.8  16.1  15.1   MM -1.5    MM
2026 09 25 19 40  80  2.0  2.0   0.1    MM    MM 341 1025.4  18.2  16.1  15.2   MM   MM    MM
2026 09 25 19 20  50  2.0  2.0   0.1    MM    MM 333 1025.6  18.0  16.0  15.4   MM   MM    MM
2026 09 25 19 00  70  1.0  2.0   0.1    MM    MM 331 1025.7  17.8  16.0  15.1   MM -1.4    MM
2026 09 25 18 40  50  1.0  1.0   0.1    MM    MM 331 1026.1  17.7  16.0  15.0   MM   MM    MM
2026 09 25 18 20  80  1.0  2.0   0.1    MM    MM 339 1026.3  17.5  16.0  14.8   MM   MM    MM
2026 09 25 18 00 110  1.0  2.0   0.1    MM    MM 334 1026.4  17.5  15.9  14.6   MM -1.0    MM
2026 09 25 17 40 140  1.0  2.0   0.1    MM    MM 328 1026.5  17.4  15.9  14.5   MM   MM    MM
2026 09 25 17 20 170  2.0  2.0   0.1    MM    MM 336 1026.6  17.0  15.9  14.1   MM   MM    MM
2026 09 25 17 00 170  2.0  3.0   0.1    MM    MM 355 1026.7  16.5  15.9  13.7   MM -0.6    MM
2026 09 25 16 40 170  2.0  3.0   0.1    MM    MM 356 1027.0  16.4  15.8  13.5   MM   MM    MM
2026 09 25 16 20 170  3.0  3.0   0.1    MM    MM   6 1027.1  16.0  15.8  13.1   MM   MM    MM
2026 09 25 16 00 180  3.0  3.0   0.2    MM    MM 358 1027.1  15.7  15.7  12.9   MM +0.0    MM
2026 09 25 15 40 190  3.0  4.0   0.1    MM    MM   9 1027.2  15.4  15.7  12.6   MM   MM    MM
2026 09 25 15 20 190  3.0  3.0   0.2    MM    MM 357 1027.4  15.2  15.7  12.4   MM   MM    MM
2026 09 25 15 00 200  3.0  3.0   0.2    MM    MM  21 1027.4  14.7  15.7  12.0   MM +0.6    MM
2026 09 25 14 40 210  3.0  4.0   0.2    MM    MM  10 1027.5  14.2  15.6  11.6   MM   MM    MM
2026 09 25 14 20  MM   MM   MM   0.2    MM    MM 347 1027.4  14.0  15.6  11.5   MM   MM    MM
2026 09 25 14 00 220  3.0  4.0   0.2    MM    MM 358 1027.3  13.6  15.6  11.1   MM +0.8    MM
2026 09 25 13 40 220  4.0  5.0   0.2    MM    MM   5 1027.2  13.3  15.6  11.0   MM   MM    MM
2026 09 25 13 20 220  5.0  6.0   0.2    MM    MM 342 1027.2  13.1  15.6  10.8   MM   MM    MM
2026 09 25 13 00 230  4.0  5.0   0.2    MM    MM 329 1027.2  13.1  15.6  11.0   MM +1.0    MM
2026 09 25 12 40 220  5.0  5.0   0.2    MM    MM 352 1027.2  12.9  15.6  10.8   MM   MM    MM
2026 09 25 12 20 220  4.0  5.0   0.2    MM    MM 328 1027.0  12.9  15.7  10.8   MM   MM    MM
2026 09 25 12 00 220  4.0  5.0   0.2    MM    MM 329 1026.8  12.6  15.7  10.6   MM +0.7    MM
2026 09 25 11 40 220  4.0  4.0   0.2    MM    MM 341 1026.8  13.0  15.7  10.8   MM   MM    MM
2026 09 25 11 20 210  4.0  5.0   0.2    MM    MM 356 1026.6  12.9  15.6  10.8   MM   MM    MM
2026 09 25 11 00 210  3.0  4.0   0.2    MM    MM 347 1026.4  13.0  15.7  10.9   MM +0.5    MM
2026 09 25 10 40 220  5.0  6.0   0.2    MM    MM 346 1026.3  13.4  15.7  11.0   MM   MM    MM
2026 09 25 10 20 220  4.0  6.0   0.2    MM    MM 338 1026.3  13.8  15.7  11.4   MM   MM    MM
2026 09 25 10 00 230  4.0  5.0   0.2    MM    MM 317 1026.3  13.8  15.7  11.5   MM +0.4    MM
2026 09 25 09 40 230  5.0  5.0   0.2    MM    MM 309 1026.1  13.9  15.7  11.4   MM   MM    MM
2026 09 25 09 20 240  4.0  5.0   0.2    MM    MM 311 1026.1  13.8  15.7  11.5   MM   MM    MM
2026 09 25 09 00 250  3.0  4.0   0.2    MM    MM 304 1026.1  13.6  15.7  11.6   MM +0.3    MM
2026 09 25 08 40 240  3.0  4.0   0.2    MM    MM 316 1026.0  13.9  15.7  11.6   MM   MM    MM
2026 09 25 08 20 240  3.0  3.0   0.2    MM    MM 319 1025.9  14.0  15.7  11.8   MM   MM    MM
2026 09 25 08 00 250  3.0  3.0   0.2    MM    MM 309 1025.9  14.1  15.7  11.8   MM -0.2    MM
2026 09 25 07 40 250  3.0  3.0   0.2    MM    MM 314 1025.9  14.2  15.7  12.2   MM   MM    MM
2026 09 25 07 20 230  4.0  4.0   0.2    MM    MM 316 1025.9  14.6  15.7  12.1   MM   MM    MM
2026 09 25 07 00 230  3.0  3.0   0.2    MM    MM 299 1025.8  14.5  15.7  12.4   MM -0.5    MM
2026 09 25 06 40 260  3.0  3.0   0.2    MM    MM 305 1025.8  14.5  15.7  12.6   MM   MM    MM
2026 09 25 06 20 220  3.0  3.0   0.3    MM    MM 314 1025.7  14.9  15.7  12.3   MM   MM    MM
2026 09 25 06 00 280  2.0  3.0   0.2    MM    MM 294 1025.8  14.3  15.7  12.9   MM -0.5    MM
2026 09 25 05 40 270  2.0  2.0   0.3    MM    MM 297 1026.0  14.4  15.7  13.1   MM   MM    MM
2026 09 25 05 20 270  2.0  2.0   0.3    MM    MM 301 1026.1  14.6  15.7  13.1   MM   MM    MM
2026 09 25 05 00 250  2.0  3.0   0.3    MM    MM 313 1026.1  14.8  15.7  13.3   MM +0.0    MM
2026 09 25 04 40 220  2.0  3.0   0.3    MM    MM 315 1026.2  14.8  15.7  13.3   MM   MM    MM
2026 09 25 04 00 230  1.0  1.0   0.3    MM    MM 330 1026.4  14.5  15.7  13.0   MM +0.8    MM
2026 09 25 03 40 320  1.0  2.0   0.3    MM    MM 299 1026.3  14.4  15.7  12.9   MM   MM    MM
2026 09 25 03 20 320  1.0  1.0   0.3    MM    MM 218 1026.3  14.5  15.7  12.9   MM   MM    MM
2026 09 25 03 00 330  1.0  2.0   0.3    MM    MM 175 1026.3  14.8  15.7  13.1   MM +0.8    MM
2026 09 25 02 40  10  3.0  4.0   0.3    MM    MM 152 1026.3  15.0  15.7  13.4   MM   MM    MM
2026 09 25 02 20  20  3.0  4.0   0.3    MM    MM 150 1026.2  14.9  15.7  13.3   MM   MM    MM
2026 09 25 02 00 360  3.0  4.0   0.3    MM    MM 158 1026.0  14.8  15.7  13.1   MM -0.0    MM
2026 09 25 01 40 350  3.0  3.0   0.3    MM    MM 151 1025.8  14.9  15.7  13.3   MM   MM    MM
2026 09 25 01 20 350  3.0  3.0   0.3    MM    MM 113 1025.7  15.3  15.7  13.6   MM   MM    MM
2026 09 25 01 00  20  1.0  2.0   0.3    MM    MM  91 1025.5  15.6  15.7  13.5   MM -0.6    MM
2026 09 25 00 40 110  1.0  2.0   0.3    MM    MM  84 1025.5  15.6  15.7  13.4   MM   MM    MM
2026 09 25 00 20 110  3.0  4.0   0.3    MM    MM  89 1025.5  15.7  15.7  13.5   MM   MM    MM
2026 09 25 00 00 100  5.0  5.0   0.3    MM    MM  94 1025.5  15.6  15.8  13.5   MM -1.2    MM
2026 09 24 23 40  90  5.0  6.0   0.3    MM    MM  95 1025.7  15.6  15.8  13.5   MM   MM    MM
2026 09 24 23 20  90  5.0  7.0   0.3    MM    MM  98 1025.7  15.6  15.8  13.3   MM   MM    MM
2026 09 24 23 00  90  5.0  6.0   0.3    MM    MM 102 1026.0  15.7  15.8  13.1   MM -1.2    MM
2026 09 24 22 40  80  4.0  5.0   0.3    MM    MM 105 1026.2  15.7  15.8  13.2   MM   MM    MM
2026 09 24 22 20  90  4.0  5.0   0.3    MM    MM 107 1026.1  15.6  15.8  13.3   MM   MM    MM
2026 09 24 22 00  90  5.0  6.0   0.3    MM    MM 110 1026.1  15.4  15.8  13.4   MM -1.6    MM
2026 09 24 21 40  90  5.0  6.0   0.3    MM    MM 118 1026.3  15.4  15.8  13.4   MM   MM    MM
2026 09 24 21 20  90  5.0  6.0   0.3    MM    MM 126 1026.6  15.5  15.8  13.2   MM   MM    MM
2026 09 24 21 00  90  5.0  6.0   0.3    MM    MM 124 1026.7  15.6  15.8  13.2   MM -1.4    MM
2026 09 24 20 40  90  5.0  6.0   0.3    MM    MM 125 1026.9  15.6  15.8  12.9   MM   MM    MM
2026 09 24 20 20  90  5.0  6.0   0.3    MM    MM 111 1027.0  15.4  15.9  13.1   MM   MM    MM
2026 09 24 20 00  90  5.0  7.0   0.3    MM    MM 117 1027.2  15.0  15.8  12.9   MM -1.8    MM
2026 09 24 19 40  90  5.0  6.0   0.3    MM    MM 122 1027.2  14.8  15.9  12.8   MM   MM    MM
2026 09 24 19 20  90  5.0  6.0   0.3    MM    MM 119 1027.5  14.7  15.9  12.6   MM   MM    MM
2026 09 24 19 00  80  5.0  6.0   0.3    MM    MM 184 1027.7  14.6  15.9  12.5   MM   MM    MM
2026 09 24 18 40  70  4.0  5.0   0.3    MM    MM 322 1027.7  14.7  15.8  12.5   MM   MM    MM
2026 09 24 18 20 100  3.0  4.0   0.3    MM    MM 325 1027.9  15.6  15.8  12.7   MM   MM    MM
2026 09 24 18 00 200  3.0  3.0   0.3    MM    MM 360 1028.1  16.1  15.7  12.4   MM   MM    MM
2026 09 24 17 40 200  4.0  5.0   0.4    MM    MM  41 1028.3  15.7  15.7  12.2   MM   MM    MM
2026 09 24 17 20 200  4.0  6.0   0.4    MM    MM  29 1028.6  15.4  15.6  12.2   MM   MM    MM
2026 09 24 17 00 210  5.0  6.0   0.4    MM    MM  14 1028.9  15.0  15.6  12.0   MM   MM    MM
2026 09 24 13 00  MM  0.0  1.0   0.3    MM    MM 155 1030.3  13.1  15.4  10.9   MM +0.6    MM
2026 09 24 12 40 320  1.0  2.0   0.3    MM    MM 196 1030.4  11.5  15.4  10.3   MM   MM    MM
2026 09 24 12 20 300  2.0  3.0   0.3    MM    MM 201 1030.3  10.7  15.4   9.9   MM   MM    MM
2026 09 24 12 00 290  3.0  3.0   0.3    MM    MM 198 1030.2   9.9  15.4   9.2   MM +0.4    MM
2026 09 24 11 40 300  2.0  3.0   0.3    MM    MM 192 1030.0  10.1  15.4   9.4   MM   MM    MM
2026 09 24 11 20 320  3.0  4.0   0.3    MM    MM 196 1030.0  10.2  15.3   9.4   MM   MM    MM
2026 09 24 11 00 330  3.0  3.0   0.3    MM    MM 190 1029.7  11.0  15.4   9.9   MM +0.0    MM
2026 09 24 10 40 330  2.0  3.0   0.3    MM    MM 183 1029.6  10.9  15.3   9.9   MM   MM    MM
2026 09 24 10 20 310  2.0  3.0   0.3    MM    MM 204 1029.7  10.9  15.3   9.7   MM   MM    MM
2026 09 24 10 00 310  2.0  3.0   0.3    MM    MM 202 1029.7  10.9  15.3   9.7   MM -0.3    MM
2026 09 24 09 40 330  2.0  3.0   0.3    MM    MM 203 1029.6  10.7  15.3   9.4   MM   MM    MM
2026 09 24 09 20 310  3.0  4.0   0.3    MM    MM 219 1029.7  10.4  15.4   9.0   MM   MM    MM
2026 09 24 09 00 280  3.0  3.0   0.3    MM    MM 249 1029.8  10.5  15.3   9.1   MM -0.6    MM
2026 09 24 08 40 290  3.0  4.0   0.3    MM    MM 238 1029.8  10.3  15.3   8.9   MM   MM    MM
2026 09 24 08 20 280  4.0  5.0   0.3    MM    MM 236 1029.9  10.4  15.3   9.0   MM   MM    MM
2026 09 24 08 00 280  3.0  4.0   0.3    MM    MM 230 1029.8  11.4  15.3   9.9   MM -0.5    MM
2026 09 24 07 40 290  2.0  2.0   0.3    MM    MM 216 1029.7  12.0  15.4  10.1   MM   MM    MM
2026 09 24 07 20 240  1.0  2.0   0.3    MM    MM 213 1029.9  12.7  15.4  10.0   MM   MM    MM
2026 09 24 07 00 220  2.0  3.0   0.3    MM    MM 315 1030.0  12.9  15.4  10.1   MM +0.0    MM
2026 09 24 06 40 220  3.0  3.0   0.3    MM    MM 330 1030.0  13.0  15.3  10.0   MM   MM    MM
2026 09 24 06 20 220  3.0  4.0   0.4    MM    MM 291 1030.2  13.2  15.4  10.2   MM   MM    MM
2026 09 24 06 00 240  2.0  3.0   0.4    MM    MM 290 1030.4  13.2  15.4  10.3   MM +0.3    MM
2026 09 24 05 40 240  2.0  4.0   0.4    MM    MM 330 1030.4  12.9  15.4  10.2   MM   MM    MM
2026 09 24 05 20 200  4.0  7.0   0.5    MM    MM  13 1030.5  14.5  15.4  10.9   MM   MM    MM
2026 09 24 05 00 200  6.0  8.0   0.5    MM    MM  33 1030.3  14.6  15.4  11.1   MM +0.5    MM
2026 09 24 04 40 190  5.0  7.0   0.5    MM    MM  16 1030.2  14.7  15.4  11.2   MM   MM    MM
2026 09 24 04 00 200  4.0  5.0   0.5    MM    MM  21 1030.2  14.8  15.4  11.6   MM +0.4    MM
2026 09 24 03 40 190  4.0  5.0   0.5    MM    MM  29 1030.2  14.7  15.3  11.3   MM   MM    MM
2026 09 24 03 20 190  3.0  5.0   0.5    MM    MM  42 1030.2  14.8  15.4  11.7   MM   MM    MM
2026 09 24 03 00 180  4.0  5.0   0.6    MM    MM  52 1030.1  14.4  15.4  11.5   MM +0.7    MM
2026 09 24 02 40 170  5.0  7.0   0.6    MM    MM  60 1029.9  14.9  15.4  11.8   MM   MM    MM
2026 09 24 02 20 160  5.0  7.0   0.6    MM    MM  73 1029.6  14.8  15.4  11.9   MM   MM    MM
2026 09 24 02 00 170  2.0  4.0   0.6    MM    MM 111 1029.8  14.9  15.4  11.9   MM -0.0    MM
2026 09 24 01 40  40  2.0  3.0   0.6    MM    MM 124 1029.8  14.9  15.4  11.7   MM   MM    MM
2026 09 24 01 20 100  3.0  4.0   0.6    MM    MM  97 1029.8  14.4  15.4  11.8   MM   MM    MM
2026 09 24 01 00 110  4.0  6.0   0.6    MM    MM 114 1029.7  15.2  15.4  12.0   MM -0.4    MM
2026 09 24 00 40  90  4.0  6.0   0.7    MM    MM 116 1029.8  15.2  15.5  12.5   MM   MM    MM
2026 09 24 00 20  80  6.0  7.0   0.7    MM    MM 116 1029.7  15.2  15.5  12.7   MM   MM    MM
2026 09 24 00 00  80  7.0  9.0   0.8    MM    MM 117 1029.5  15.2  15.5  12.7   MM -0.9    MM
2026 09 23 23 40  90  7.0 10.0   0.8    MM    MM 113 1029.6  15.1  15.5  12.7   MM   MM    MM
2026 09 23 23 20  90  8.0 10.0   0.8    MM    MM 122 1029.8  15.1  15.5  12.5   MM   MM    MM
2026 09 23 23 00  80  8.0 10.0   0.8    MM    MM 120 1029.9  15.0  15.6  12.4   MM -1.0    MM
2026 09 23 22 40  90  8.0 10.0   0.7    MM    MM 119 1029.9  15.0  15.6  12.4   MM   MM    MM
2026 09 23 22 20  80  8.0 10.0   0.7    MM    MM 119 1030.0  15.0  15.6  12.4   MM   MM    MM
2026 09 23 22 00  80  7.0  9.0   0.7    MM    MM 118 1030.1  15.0  15.6  12.6   MM -1.7    MM
2026 09 23 21 40  80  7.0  9.0   0.7    MM    MM 121 1030.3  15.0  15.7  12.5   MM   MM    MM
2026 09 23 21 20  80  7.0  9.0   0.7    MM    MM 123 1030.3  15.0  15.7  12.4   MM   MM    MM
2026 09 23 21 00  80  8.0 10.0   0.6    MM    MM 119 1030.4  15.0  15.8  12.4   MM -2.1    MM
2026 09 23 20 40  90  8.0 10.0   0.6    MM    MM 115 1030.4  15.1  15.8  12.3   MM   MM    MM
2026 09 23 20 20  90  7.0  9.0   0.5    MM    MM 115 1030.7  15.0  15.8  12.4   MM   MM    MM
2026 09 23 20 00  80  7.0  8.0   0.5    MM    MM 120 1030.9  14.9  15.8  12.4   MM -2.0    MM
2026 09 23 19 40  70  6.0  8.0   0.5    MM    MM 120 1031.2  14.9  15.8  12.3   MM   MM    MM
2026 09 23 19 20  80  6.0  8.0   0.4    MM    MM 117 1031.5  14.8  15.8  12.3   MM   MM    MM
2026 09 23 19 00  80  6.0  7.0   0.4    MM    MM 117 1031.8  14.7  15.8  12.2   MM -1.7    MM
2026 09 23 18 40  80  6.0  7.0   0.4    MM    MM 113 1032.0  14.6  15.8  12.1   MM   MM    MM
2026 09 23 18 20  80  5.0  7.0   0.3    MM    MM 117 1032.3  14.5  15.8  11.9   MM   MM    MM
2026 09 23 18 00  80  5.0  7.0   0.3    MM    MM 111 1032.5  14.4  15.8  11.8   MM -1.1    MM
2026 09 23 17 40  80  5.0  6.0   0.3    MM    MM 115 1032.7  14.3  15.9  11.6   MM   MM    MM
2026 09 23 17 20  80  5.0  6.0   0.2    MM    MM 109 1032.9  14.1  15.8  11.2   MM   MM    MM
2026 09 23 17 00  70  5.0  6.0   0.2    MM    MM 119 1032.9  14.0  15.9  10.7   MM -0.5    MM
2026 09 23 16 40  60  4.0  5.0   0.2    MM    MM 123 1033.2  13.6  15.8  10.9   MM   MM    MM
2026 09 23 16 20  60  3.0  4.0   0.2    MM    MM 123 1033.3  13.0  15.8  10.4   MM   MM    MM
2026 09 23 16 00  60  2.0  3.0   0.2    MM    MM 143 1033.4  12.1  15.7   9.9   MM +0.3    MM
2026 09 23 15 40  70  1.0  2.0   0.2    MM    MM 169 1033.5  11.7  15.7   9.5   MM   MM    MM
2026 09 23 15 20  60  1.0  2.0   0.2    MM    MM 184 1033.6  11.7  15.7   9.4   MM   MM    MM
2026 09 23 15 00  MM  0.0  1.0   0.2    MM    MM 161 1033.6  12.7  15.7   9.7   MM +0.8    MM
2026 09 23 14 40  MM  0.0  1.0   0.2    MM    MM 191 1033.5  12.1  15.6   9.5   MM   MM    MM
2026 09 23 14 20 200  1.0  1.0   0.2    MM    MM 238 1033.5  10.6  15.6   9.0   MM   MM    MM
2026 09 23 14 00 240  1.0  2.0   0.3    MM    MM 261 1033.4   9.7  15.6   8.6   MM +1.0    MM
2026 09 23 13 40 250  2.0  2.0   0.3    MM    MM 242 1033.3   9.3  15.6   8.2   MM   MM    MM
2026 09 23 13 20 260  2.0  2.0   0.3    MM    MM 254 1033.2   8.6  15.6   7.7   MM   MM    MM
2026 09 23 13 00 270  2.0  2.0   0.3    MM    MM 256 1033.1   8.2  15.6   7.5   MM +1.1    MM
2026 09 23 12 40 250  2.0  3.0   0.3    MM    MM 289 1033.1   8.1  15.6   7.2   MM   MM    MM
2026 09 23 12 20 260  1.0  2.0   0.3    MM    MM 236 1032.9  10.5  15.6   8.6   MM   MM    MM
2026 09 23 12 00 250  1.0  2.0   0.3    MM    MM  89 1032.8  11.3  15.6   9.2   MM +1.0    MM
2026 09 23 11 40 180  3.0  4.0   0.3    MM    MM  73 1032.7  11.7  15.6   8.6   MM   MM    MM
2026 09 23 11 20 140  3.0  4.0   0.3    MM    MM  75 1032.5  12.0  15.6   8.8   MM   MM    MM
2026 09 23 11 00 140  4.0  5.0   0.3    MM    MM  71 1032.4  12.5  15.6   9.0   MM +0.8    MM
2026 09 23 10 40 140  4.0  5.0   0.3    MM    MM  75 1032.3  12.7  15.6   9.2   MM   MM    MM
2026 09 23 10 20 130  4.0  5.0   0.3    MM    MM  85 1032.2  12.7  15.6   9.2   MM   MM    MM
2026 09 23 10 00 130  4.0  5.0   0.3    MM    MM  81 1032.0  12.8  15.6   9.1   MM +0.5    MM
2026 09 23 09 40 140  3.0  4.0   0.3    MM    MM  89 1032.0  12.5  15.6   8.9   MM   MM    MM
2026 09 23 09 20 110  3.0  4.0   0.3    MM    MM 101 1031.9  12.6  15.7   9.2   MM   MM    MM
2026 09 23 09 00 110  2.0  3.0   0.3    MM    MM 127 1031.8  12.6  15.7   9.6   MM +0.5    MM
2026 09 23 08 40 130  1.0  2.0   0.3    MM    MM 193 1031.9  12.3  15.7  10.2   MM   MM    MM
2026 09 23 08 20 270  1.0  3.0   0.3    MM    MM 128 1031.7  12.2  15.7  10.2   MM   MM    MM
2026 09 23 08 00 130  2.0  3.0   0.4    MM    MM 114 1031.7  13.6  15.7   9.7   MM +0.8    MM
2026 09 23 07 40 100  3.0  3.0   0.4    MM    MM 119 1031.7  13.7  15.7  10.7   MM   MM    MM
2026 09 23 07 20  90  3.0  4.0   0.4    MM    MM 117 1031.6  13.7  15.7  11.0   MM   MM    MM
2026 09 23 07 00 100  4.0  4.0   0.4    MM    MM 110 1031.5  13.5  15.7  10.9   MM +0.6    MM
2026 09 23 06 40  90  4.0  4.0   0.4    MM    MM 109 1031.5  13.4  15.7  10.8   MM   MM    MM
2026 09 23 06 20 100  3.0  4.0   0.4    MM    MM 107 1031.5  13.4  15.7  10.8   MM   MM    MM
2026 09 23 06 00 100  4.0  4.0   0.4    MM    MM 105 1031.3  13.4  15.7  10.7   MM +0.6    MM
2026 09 23 05 40 100  4.0  5.0   0.4    MM    MM 105 1031.1  13.3  15.7  10.7   MM   MM    MM
2026 09 23 05 20 100  4.0  5.0   0.4    MM    MM 110 1031.1  13.1  15.7  10.2   MM   MM    MM
2026 09 23 05 00  90  4.0  5.0   0.4    MM    MM 111 1030.9  12.9  15.7   9.9   MM +0.5    MM
2026 09 23 04 40  80  3.0  4.0   0.4    MM    MM 117 1031.0  12.8  15.7   9.9   MM   MM    MM
2026 09 23 04 00 120  3.0  4.0   0.4    MM    MM  92 1031.0  12.6  15.7   9.4   MM +0.9    MM
2026 09 23 03 40 130  4.0  6.0   0.5    MM    MM  85 1030.8  12.6  15.7   9.4   MM   MM    MM
2026 09 23 03 20 130  3.0  5.0   0.5    MM    MM  88 1030.9  12.5  15.7   9.5   MM   MM    MM
2026 09 23 03 00 140  4.0  6.0   0.5    MM    MM  87 1030.8  12.5  15.8   9.6   MM +0.8    MM
2026 09 23 02 40 130  6.0  7.0   0.6    MM    MM  91 1030.7  12.6  15.7   9.8   MM   MM    MM
2026 09 23 02 20 130  6.0  8.0   0.6    MM    MM  89 1030.6  12.8  15.7  10.0   MM   MM    MM
2026 09 23 02 00 130  7.0  8.0   0.7    MM    MM  93 1030.4  13.1  15.8  10.1   MM +0.3    MM
2026 09 23 01 40 130  8.0  9.0   0.7    MM    MM  91 1030.1  13.3  15.7  10.3   MM   MM    MM
2026 09 23 01 20 130  8.0  9.0   0.7    MM    MM  89 1030.0  13.4  15.8  10.4   MM   MM    MM
2026 09 23 01 00 130  8.0 10.0   0.8    MM    MM  96 1030.0  13.5  15.8  10.5   MM +0.0    MM
2026 09 23 00 40 120  8.0 10.0   0.8    MM    MM 102 1030.0  13.5  15.8  10.6   MM   MM    MM
2026 09 23 00 20 110  8.0 10.0   0.8    MM    MM 101 1029.8  13.6  15.8  10.6   MM   MM    MM
2026 09 23 00 00 110  8.0 11.0   0.8    MM    MM 104 1030.0  13.6  15.8  10.5   MM -0.5    MM
2026 09 22 23 40 110  8.0 11.0   0.8    MM    MM 108 1030.0  13.7  15.8  10.3   MM   MM    MM
2026 09 22 23 20 110  8.0 11.0   0.9    MM    MM 109 1030.0  13.7  15.8  10.2   MM   MM    MM
2026 09 22 23 00 110  9.0 11.0   0.8    MM    MM 109 1030.1  13.7  15.8  10.4   MM -0.5    MM
2026 09 22 22 40 110  8.0 11.0   0.8    MM    MM 112 1030.2  13.7  15.8  10.0   MM   MM    MM
2026 09 22 22 20 110  9.0 11.0   0.8    MM    MM 113 1030.1  13.7  15.8  10.1   MM   MM    MM
2026 09 22 22 00 110  9.0 11.0   0.7    MM    MM 113 1030.2  13.7  15.9   9.9   MM -1.0    MM
2026 09 22 21 40 100  9.0 11.0   0.8    MM    MM 113 1030.2  13.7  15.9   9.9   MM   MM    MM
2026 09 22 21 20 100  9.0 11.0   0.8    MM    MM 114 1030.3  13.7  15.9   9.8   MM   MM    MM
2026 09 22 21 00 110  9.0 12.0   0.8    MM    MM 111 1030.4  13.7  15.9   9.8   MM -1.2    MM
2026 09 22 20 40 110 10.0 12.0   0.8    MM    MM 110 1030.5  13.6  15.9   9.8   MM   MM    MM
2026 09 22 20 20 100  9.0 12.0   0.9    MM    MM 112 1030.5  13.6  15.9   9.6   MM   MM    MM
2026 09 22 20 00 100  9.0 12.0   0.9    MM    MM 119 1030.6  13.5  15.9   9.3   MM -1.2    MM
2026 09 22 19 40 100  9.0 11.0   0.8    MM    MM 111 1030.9  13.5  15.9   9.0   MM   MM    MM
2026 09 22 19 20 100  9.0 11.0   0.9    MM    MM 110 1031.0  13.5  15.9   9.1   MM   MM    MM
2026 09 22 19 00  MM   MM   MM   0.8    MM    MM 114 1031.2  13.5  15.9   9.1   MM -0.9    MM
2026 09 22 18 40 100  8.0 10.0   0.7    MM    MM 109 1031.4  13.5  15.9   9.0   MM   MM    MM
2026 09 22 18 20 100  8.0 10.0   0.7    MM    MM 107 1031.5  13.4  15.9   8.6   MM   MM    MM
2026 09 22 18 00  90  8.0 10.0   0.6    MM    MM 109 1031.6  13.6  15.9   8.7   MM -0.3    MM
2026 09 22 17 40  90  8.0  9.0   0.5    MM    MM 106 1031.7  13.3  15.9   8.9   MM   MM    MM
2026 09 22 17 20  90  7.0  9.0   0.5    MM    MM 105 1031.8  13.3  15.9   8.7   MM   MM    MM
2026 09 22 17 00  90  6.0  8.0   0.3    MM    MM 106 1031.8  13.2  16.0   8.7   MM +0.2    MM
2026 09 22 16 40  70  3.0  6.0   0.3    MM    MM 243 1032.0  12.4  15.9   9.0   MM   MM    MM
2026 09 22 16 20 360  2.0  3.0   0.3    MM    MM 275 1032.1  11.6  15.9   8.6   MM   MM    MM
2026 09 22 16 00 310  1.0  2.0   0.3    MM    MM 298 1032.2  11.4  15.9   8.4   MM +0.8    MM
2026 09 22 15 40 270  1.0  2.0   0.3    MM    MM 303 1032.1  11.1  15.8   8.3   MM   MM    MM
2026 09 22 15 20 300  1.0  1.0   0.3    MM    MM 314 1032.1  10.7  15.8   8.1   MM   MM    MM
2026 09 22 15 00  MM  0.0  1.0   0.3    MM    MM 328 1031.9  10.4  15.8   8.1   MM +1.1    MM
2026 09 22 14 40 210  1.0  2.0   0.3    MM    MM 339 1031.8   9.6  15.8   7.8   MM   MM    MM
2026 09 22 14 20 200  1.0  2.0   0.3    MM    MM 338 1031.7   9.2  15.8   7.6   MM   MM    MM
2026 09 22 14 00 270  1.0  2.0   0.3    MM    MM 297 1031.5   8.6  15.8   7.2   MM +1.5    MM
2026 09 22 13 40 280  1.0  2.0   0.4    MM    MM 285 1031.5   7.9  15.8   6.9   MM   MM    MM
2026 09 22 13 20 270  2.0  3.0   0.4    MM    MM 290 1031.4   7.3  15.8   6.6   MM   MM    MM
2026 09 22 13 00  MM   MM   MM   0.4    MM    MM 282 1031.4   6.9  15.8   6.4   MM +1.7    MM
2026 09 22 12 40 280  2.0  3.0   0.3    MM    MM 278 1031.2   6.6  15.8   6.0   MM   MM    MM
2026 09 22 12 20 270  2.0  3.0   0.4    MM    MM 294 1030.9   7.1  15.7   6.5   MM   MM    MM
2026 09 22 12 00 260  2.0  3.0   0.3    MM    MM 283 1030.8   7.6  15.8   7.1   MM +1.3    MM
2026 09 22 11 40 250  2.0  4.0   0.3    MM    MM 269 1030.6   7.7  15.8   7.3   MM   MM    MM
2026 09 22 11 20 290  3.0  4.0   0.3    MM    MM 243 1030.4   7.4  15.8   6.8   MM   MM    MM
2026 09 22 11 00 310  3.0  4.0   0.4    MM    MM 222 1030.1   7.6  15.8   7.1   MM +0.8    MM
2026 09 22 10 40 310  3.0  4.0   0.4    MM    MM 226 1030.0   7.7  15.8   7.2   MM   MM    MM
2026 09 22 10 20 330  4.0  5.0   0.4    MM    MM 199 1029.8   7.5  15.8   6.9   MM   MM    MM
2026 09 22 10 00 330  3.0  4.0   0.4    MM    MM 199 1029.7   7.9  15.8   7.2   MM +0.6    MM
2026 09 22 09 40 330  3.0  4.0   0.4    MM    MM 192 1029.6   8.0  15.8   7.3   MM   MM    MM
2026 09 22 09 20 330  3.0  4.0   0.4    MM    MM 210 1029.6   7.9  15.8   7.2   MM   MM    MM
2026 09 22 09 00 300  3.0  3.0   0.4    MM    MM 232 1029.5   8.0  15.8   7.1   MM +0.5    MM
2026 09 22 08 40 320  3.0  3.0   0.4    MM    MM 203 1029.3   8.8  15.8   7.6   MM   MM    MM
2026 09 22 08 20 320  2.0  3.0   0.4    MM    MM 206 1029.3   8.8  15.8   7.6   MM   MM    MM
2026 09 22 08 00 310  3.0  3.0   0.4    MM    MM 225 1029.3   8.2  15.8   7.0   MM +0.6    MM
2026 09 22 07 40 290  3.0  4.0   0.4    MM    MM 238 1029.2   7.8  15.8   7.0   MM   MM    MM
2026 09 22 07 20 290  3.0  4.0   0.4    MM    MM 247 1029.2   7.8  15.8   6.9   MM   MM    MM
2026 09 22 07 00 290  3.0  4.0   0.4    MM    MM 262 1029.0   8.4  15.8   7.1   MM +0.6    MM
2026 09 22 06 40 290  3.0  4.0   0.4    MM    MM 326 1029.0   9.0  15.8   7.7   MM   MM    MM
2026 09 22 06 20 170  2.0  3.0   0.4    MM    MM  86 1029.0  11.3  15.8   8.5   MM   MM    MM
2026 09 22 06 00 170  2.0  3.0   0.4    MM    MM  93 1028.9  11.2  15.8   8.4   MM +0.7    MM
2026 09 22 05 40 160  2.0  3.0   0.4    MM    MM  67 1028.9  11.2  15.8   8.3   MM   MM    MM
2026 09 22 05 20 160  3.0  4.0   0.4    MM    MM  79 1028.8  11.1  15.8   8.1   MM   MM    MM
2026 09 22 05 00 160  2.0  4.0   0.4    MM    MM  80 1028.7  11.2  15.8   8.1   MM +0.8    MM
2026 09 22 04 40 140  4.0  5.0   0.4    MM    MM  81 1028.6  11.8  15.8   8.5   MM   MM    MM
2026 09 22 04 00 130  3.0  5.0   0.4    MM    MM  82 1028.4  11.8  15.8   8.4   MM +0.7    MM
2026 09 22 03 40 140  3.0  4.0   0.5    MM    MM  70 1028.3  11.6  15.8   8.3   MM   MM    MM
2026 09 22 03 20 150  3.0  5.0   0.5    MM    MM  73 1028.3  11.8  15.9   8.3   MM   MM    MM
2026 09 22 03 00 140  4.0  5.0   0.5    MM    MM  82 1028.2  12.3  15.8   8.5   MM +0.9    MM
2026 09 22 02 40 130  4.0  6.0   0.5    MM    MM  91 1028.1  12.5  15.9   8.6   MM   MM    MM
2026 09 22 02 20 120  5.0  8.0   0.5    MM    MM  92 1028.0  12.6  15.8   8.4   MM   MM    MM
2026 09 22 02 00 110  6.0  8.0   0.5    MM    MM 100 1027.9  12.7  15.9   8.0   MM +0.8    MM
2026 09 22 01 40 110  6.0  8.0   0.5    MM    MM  98 1027.9  12.7  15.9   7.6   MM   MM    MM
2026 09 22 01 20 110  6.0  8.0   0.5    MM    MM  89 1027.8  12.7  15.9   7.1   MM   MM    MM
2026 09 22 01 00 110  6.0  8.0   0.5    MM    MM  97 1027.7  12.7  15.9   6.6   MM +0.6    MM
2026 09 22 00 40 110  6.0  8.0   0.5    MM    MM 100 1027.5  12.7  15.9   6.2   MM   MM    MM
2026 09 22 00 20 100  6.0  8.0   0.5    MM    MM 100 1027.4  12.7  15.9   6.9   MM   MM    MM
2026 09 22 00 00  90  6.0  8.0   0.5    MM    MM 101 1027.4  12.7  15.9   7.1   MM -0.0    MM
2026 09 21 23 40  90  6.0  8.0   0.5    MM    MM 102 1027.4  12.8  15.9   6.9   MM   MM    MM
2026 09 21 23 20  90  6.0  7.0   0.5    MM    MM  97 1027.3  12.7  15.9   7.2   MM   MM    MM
2026 09 21 23 00  90  6.0  7.0   0.5    MM    MM  99 1027.1  12.7  15.9   7.7   MM -0.5    MM
2026 09 21 22 40 100  5.0  7.0   0.5    MM    MM  95 1027.0  12.7  15.9   7.9   MM   MM    MM
2026 09 21 22 20  90  5.0  7.0   0.5    MM    MM  98 1027.1  12.8  15.9   7.3   MM   MM    MM
2026 09 21 22 00 100  5.0  7.0   0.5    MM    MM 102 1027.1  12.8  15.9   7.5   MM -0.7    MM
2026 09 21 21 40  90  5.0  7.0   0.6    MM    MM 102 1027.2  12.9  15.9   7.9   MM   MM    MM
2026 09 21 21 20 100  6.0  8.0   0.6    MM    MM 101 1027.3  13.0  15.9   8.3   MM   MM    MM
2026 09 21 21 00 100  6.0  8.0   0.6    MM    MM 103 1027.3  12.9  15.9   8.3   MM -0.8    MM
2026 09 21 20 40 100  6.0  8.0   0.6    MM    MM 102 1027.4  13.0  15.9   9.0   MM   MM    MM
2026 09 21 20 20 100  6.0  8.0   0.6    MM    MM 102 1027.4  12.9  15.9   8.7   MM   MM    MM
2026 09 21 20 00 100  6.0  8.0   0.6    MM    MM  93 1027.6  12.9  15.9   8.7   MM -0.9    MM
2026 09 21 19 40 100  6.0  8.0   0.6    MM    MM  97 1027.6  12.8  16.0   8.9   MM   MM    MM
2026 09 21 19 20 100  6.0  8.0   0.6    MM    MM  97 1027.8  12.7  15.9   8.9   MM   MM    MM
2026 09 21 19 00  90  6.0  8.0   0.6    MM    MM  94 1027.8  12.7  15.9   8.9   MM -0.8    MM
2026 09 21 18 40  90  6.0  8.0   0.6    MM    MM  94 1027.8  12.8  16.0   8.9   MM   MM    MM
2026 09 21 18 20  90  6.0  8.0   0.6    MM    MM  94 1028.1    MM  16.0    MM   MM   MM    MM
2026 09 21 18 00 100  6.0  8.0   0.6    MM    MM  90 1028.1  12.9  15.9   9.0   MM -0.6    MM
2026 09 21 17 40 100  6.0  8.0   0.6    MM    MM  87 1028.3  12.9  15.9   9.2   MM   MM    MM
2026 09 21 17 20 100  6.0  8.0   0.6    MM    MM  88 1028.4  12.9  15.9   8.9   MM   MM    MM
2026 09 21 17 00 100  6.0  8.0   0.7    MM    MM  87 1028.5  13.0  16.0   8.9   MM +0.0    MM
2026 09 21 16 40 100  6.0  8.0   0.7    MM    MM  88 1028.4  13.0  15.9   9.1   MM   MM    MM
2026 09 21 16 20 100  6.0  8.0   0.7    MM    MM  85 1028.4  13.0  15.9   9.2   MM   MM    MM
2026 09 21 16 00 100  4.0  6.0   0.7    MM    MM  68 1028.6  12.9  15.9   8.8   MM +0.5    MM
2026 09 21 15 40 110  2.0  4.0   0.7    MM    MM  60 1028.7  12.6  15.9   8.7   MM   MM    MM
2026 09 21 15 20 150  3.0  4.0   0.6    MM    MM  63 1028.9  12.6  15.8   8.8   MM   MM    MM
2026 09 21 15 00 140  3.0  4.0   0.7    MM    MM  59 1028.8  12.2  15.8   8.5   MM +1.3    MM
2026 09 21 14 40  MM   MM   MM   0.6    MM    MM  52 1028.6  12.1  15.8   8.6   MM   MM    MM
2026 09 21 14 20 160  4.0  6.0   0.6    MM    MM  61 1028.7  11.8  15.8   8.6   MM   MM    MM
2026 09 21 14 00 140  3.0  4.0   0.7    MM    MM  82 1028.6  12.2  15.8   8.8   MM +1.6    MM
2026 09 21 13 40 140  4.0  5.0   0.6    MM    MM  75 1028.4  12.2  15.8   8.9   MM   MM    MM
2026 09 21 13 20 140  4.0  5.0   0.7    MM    MM  63 1028.3  12.4  15.8   9.1   MM   MM    MM
2026 09 21 13 00 140  5.0  7.0   0.7    MM    MM  76 1028.1  12.8  15.8   9.1   MM +1.7    MM
2026 09 21 12 40 130  5.0  7.0   0.7    MM    MM  78 1027.8  12.9  15.8   8.9   MM   MM    MM
2026 09 21 12 20 130  6.0  8.0   0.8    MM    MM  81 1027.6  12.9  15.8   8.9   MM   MM    MM
2026 09 21 12 00 120  6.0  9.0   0.7    MM    MM  89 1027.5  13.1  15.8   8.9   MM +1.2    MM
2026 09 21 11 40 120  7.0  9.0   0.8    MM    MM  91 1027.4  13.2  15.8   8.5   MM   MM    MM
2026 09 21 11 20 120  7.0  9.0   0.8    MM    MM  87 1027.2  13.2  15.8   9.0   MM   MM    MM
2026 09 21 11 00 110  6.0  9.0   0.8    MM    MM  90 1027.0  13.4  15.8   9.3   MM +0.7    MM
2026 09 21 10 40 120  7.0  9.0   0.8    MM    MM  89 1026.9  13.4  15.8   9.2   MM   MM    MM
2026 09 21 10 20 120  6.0  8.0   0.8    MM    MM  84 1026.7  13.2  15.8   9.4   MM   MM    MM
2026 09 21 10 00 120  7.0  9.0   0.8    MM    MM  81 1026.4  13.2  15.8   9.5   MM +0.0    MM
2026 09 21 09 40 120  7.0  9.0   0.7    MM    MM  80 1026.4  13.3  15.8   9.5   MM   MM    MM
2026 09 21 09 20 120  7.0  8.0   0.8    MM    MM  77 1026.2  13.2  15.8   9.6   MM   MM    MM
2026 09 21 09 00 120  5.0  7.0   0.8    MM    MM  82 1026.3  13.3  15.8   9.6   MM +0.0    MM
2026 09 21 08 40 120  5.0  7.0   0.8    MM    MM  87 1026.3  13.2  15.8   9.6   MM   MM    MM
2026 09 21 08 20 120  5.0  7.0   0.8    MM    MM  74 1026.2  13.0  15.8   9.5   MM   MM    MM
2026 09 21 08 00 120  4.0  7.0   0.9    MM    MM  70 1026.3  13.1  15.8   9.8   MM +0.4    MM
2026 09 21 07 40 120  3.0  5.0   0.8    MM    MM  60 1026.3  12.7  15.8   9.5   MM   MM    MM
2026 09 21 07 20 130  2.0  3.0   0.7    MM    MM 345 1026.5  12.2  15.8   9.3   MM   MM    MM
2026 09 21 07 00 230  1.0  2.0   0.8    MM    MM 354 1026.4  11.5  15.8   8.9   MM +0.2    MM
2026 09 21 06 40 210  1.0  4.0   0.7    MM    MM  43 1026.4  12.3  15.8   9.3   MM   MM    MM
2026 09 21 06 20 140  4.0  8.0   0.6    MM    MM  81 1026.3  13.2  15.9   9.3   MM   MM    MM
2026 09 21 06 00  30  4.0  6.0   0.5    MM    MM 157 1026.2  11.8  15.8   9.0   MM -0.0    MM
2026 09 21 05 40  30  5.0  6.0   0.5    MM    MM 155 1026.1  11.1  15.8   8.4   MM   MM    MM
2026 09 21 05 20  20  4.0  6.0   0.5    MM    MM 169 1026.0  10.7  15.8   7.9   MM   MM    MM
2026 09 21 05 00 360  4.0  5.0   0.5    MM    MM 197 1025.9  10.4  15.8   7.7   MM +0.3    MM
2026 09 21 04 40 350  4.0  5.0   0.5    MM    MM 191 1026.0  10.1  15.8   7.3   MM   MM    MM
2026 09 21 04 00 360  3.0  5.0   0.5    MM    MM 232 1026.2  10.7  15.9   7.4   MM +0.7    MM
2026 09 21 03 40 360  3.0  4.0   0.5    MM    MM 172 1026.3  10.8  15.9   7.4   MM   MM    MM
2026 09 21 03 20 360  3.0  5.0   0.5    MM    MM 172 1026.3  11.2  15.9   7.5   MM   MM    MM
2026 09 21 03 00  10  5.0  6.0   0.5    MM    MM 167 1026.1  11.3  15.9   7.3   MM +0.8    MM
2026 09 21 02 40  10  5.0  6.0   0.5    MM    MM 174 1025.9  11.3  15.9   7.3   MM   MM    MM
2026 09 21 02 20  10  5.0  7.0   0.6    MM    MM 174 1025.8  11.6  15.9   7.2   MM   MM    MM
2026 09 21 02 00  10  5.0  7.0   0.6    MM    MM 152 1025.6  11.6  15.9   7.4   MM +0.6    MM
2026 09 21 01 40  20  4.0  6.0   0.6    MM    MM 158 1025.6  11.8  15.9   7.2   MM   MM    MM
2026 09 21 01 20  10  5.0  6.0   0.7    MM    MM 182 1025.6  11.8  15.9   7.0   MM   MM    MM
2026 09 21 01 00 360  4.0  5.0   0.7    MM    MM 161 1025.5  11.9  15.9   7.3   MM +1.0    MM
2026 09 21 00 40  10  4.0  5.0   0.7    MM    MM  92 1025.4  12.2  15.9   7.3   MM   MM    MM
2026 09 21 00 20  70  4.0  6.0   0.7    MM    MM  83 1025.4  12.7  15.9   7.2   MM   MM    MM
2026 09 21 00 00  90  5.0  7.0   0.8    MM    MM  95 1025.2  12.7  15.9   6.8   MM +0.7    MM
2026 09 20 23 40  80  5.0  8.0   0.8    MM    MM  89 1025.1  12.7  15.9   7.7   MM   MM    MM
2026 09 20 23 20  90  6.0  8.0   0.8    MM    MM  79 1025.0  12.6  15.9   8.3   MM   MM    MM
2026 09 20 23 00 100  6.0  8.0   0.8    MM    MM  76 1025.0  12.6  15.9   8.4   MM +0.6    MM
2026 09 20 22 40 100  6.0  8.0   0.9    MM    MM  79 1024.8  12.4  15.9   8.7   MM   MM    MM
2026 09 20 22 20 100  6.0  8.0   0.9    MM    MM  79 1024.7  12.4  15.9   8.6   MM   MM    MM
2026 09 20 22 00  90  7.0  9.0   1.0    MM    MM  80 1024.5  12.5  15.9   8.9   MM +0.0    MM
2026 09 20 21 40 100  6.0  8.0   1.0    MM    MM  77 1024.6  12.5  15.9   9.0   MM   MM    MM
2026 09 20 21 20 100  7.0  9.0   1.0    MM    MM  76 1024.5  12.6  16.0   8.8   MM   MM    MM
2026 09 20 21 00 110  7.0  9.0   1.0    MM    MM  74 1024.5  12.6  16.0   8.9   MM +0.0    MM
2026 09 20 20 40 100  7.0  9.0   1.0    MM    MM  79 1024.3  12.6  16.0   8.8   MM   MM    MM
2026 09 20 20 20 100  7.0  9.0   1.0    MM    MM  82 1024.3  12.4  16.0   8.8   MM   MM    MM
2026 09 20 20 00 100  7.0  9.0   1.0    MM    MM  85 1024.4  12.4  16.0   8.7   MM +0.0    MM
2026 09 20 19 40 100  7.0 10.0   1.0    MM    MM  86 1024.4  12.4  16.0   8.8   MM   MM    MM
2026 09 20 19 20  90  7.0  9.0   1.0    MM    MM  92 1024.4  12.4  16.0   8.8   MM   MM    MM
2026 09 20 19 00  90  7.0 10.0   1.1    MM    MM  96 1024.5  12.5  16.0   9.0   MM +0.0    MM
2026 09 20 18 40  80  8.0 10.0   1.0    MM    MM 108 1024.5  12.5  15.9   8.7   MM   MM    MM
2026 09 20 18 20  80  9.0 11.0   1.2    MM    MM 103 1024.4  12.7  16.0   9.2   MM   MM    MM
2026 09 20 18 00  80  8.0 10.0   1.1    MM    MM 102 1024.7  12.9  15.9   9.2   MM +1.3    MM
2026 09 20 17 40  90  8.0 10.0   1.1    MM    MM 102 1024.8  12.9  15.9   9.3   MM   MM    MM
2026 09 20 17 20  90 10.0 12.0   1.1    MM    MM 104 1024.5  13.1  15.9   9.8   MM   MM    MM
2026 09 20 17 00  80  8.0 10.0   1.1    MM    MM 102 1024.5  13.3  15.9   9.8   MM +1.6    MM
2026 09 20 16 40  90  9.0 11.0   1.2    MM    MM 104 1024.3  13.3  15.9   9.9   MM   MM    MM
2026 09 20 16 20  90  8.0 10.0   1.2    MM    MM 100 1024.4  13.4  15.9  10.0   MM   MM    MM
2026 09 20 16 00  90  8.0 10.0   1.1    MM    MM 104 1024.3  13.5  15.8  10.0   MM +1.9    MM
2026 09 20 15 40  80  8.0 11.0   1.2    MM    MM 104 1023.8  13.7  15.9   9.9   MM   MM    MM
2026 09 20 15 20  80  9.0 11.0   1.1    MM    MM 109 1023.5  13.7  15.9  10.0   MM   MM    MM
2026 09 20 15 00  80  9.0 12.0   1.1    MM    MM 106 1023.3  13.8  15.9  10.0   MM +2.1    MM
2026 09 20 14 40  80 10.0 12.0   1.1    MM    MM 112 1023.1  13.7  15.8  10.1   MM   MM    MM
2026 09 20 14 20  80  9.0 11.0   1.1    MM    MM 115 1022.9  13.7  15.9  10.2   MM   MM    MM
2026 09 20 14 00  70 10.0 12.0   1.1    MM    MM 114 1022.9  13.7  15.9  10.3   MM +2.7    MM
2026 09 20 13 40  70 10.0 13.0   1.1    MM    MM 111 1022.8  13.5  15.9  10.3   MM   MM    MM
2026 09 20 13 20  80 10.0 13.0   1.0    MM    MM 117 1022.7  13.5  15.9  10.3   MM   MM    MM
2026 09 20 13 00  80 10.0 12.0   1.0    MM    MM 112 1022.4  13.7  15.9  10.7   MM +3.2    MM
2026 09 20 12 40  70  9.0 12.0   0.9    MM    MM 122 1021.9  13.9  15.9  11.0   MM   MM    MM
2026 09 20 12 20  70 10.0 13.0   0.9    MM    MM 128 1021.5  13.9  15.9  10.9   MM   MM    MM
2026 09 20 12 00  60 10.0 12.0   0.8    MM    MM 130 1021.3  14.1  16.0  11.4   MM +2.5    MM
2026 09 20 11 40  70  9.0 12.0   0.7    MM    MM 124 1020.9  14.4  16.0  11.8   MM   MM    MM
2026 09 20 11 20  70  9.0 12.0   0.6    MM    MM 129 1020.6  14.6  16.0  12.1   MM   MM    MM
2026 09 20 11 00  50  8.0 10.0   0.4    MM    MM 139 1020.2  14.7  16.0  12.4   MM +1.3    MM
2026 09 20 10 40  40  6.0  8.0   0.4    MM    MM 146 1019.8  14.6  16.0  12.4   MM   MM    MM
2026 09 20 10 20  30  7.0  8.0   0.3    MM    MM 148 1019.4  14.5  16.0  12.5   MM   MM    MM
2026 09 20 10 00  20  6.0  7.0   0.2    MM    MM 163 1019.3  14.4  16.0  12.4   MM +0.9    MM
2026 09 20 09 40  10  4.0  6.0   0.2    MM    MM 173 1019.2  14.4  16.1  12.4   MM   MM    MM
2026 09 20 09 20 360  3.0  4.0   0.2    MM    MM 172 1019.0  14.1  16.1  12.2   MM   MM    MM
2026 09 20 09 00  20  2.0  4.0   0.2    MM    MM 177 1018.8  14.0  16.1  12.2   MM +0.7    MM
2026 09 20 08 40 350  2.0  4.0   0.2    MM    MM 263 1018.6  14.0  16.1  12.0   MM   MM    MM
2026 09 20 08 20 280  1.0  2.0   0.2    MM    MM 299 1018.6  13.7  16.1  12.2   MM   MM    MM
2026 09 20 08 00 280  1.0  2.0   0.2    MM    MM 282 1018.9  13.7  16.1  12.2   MM +1.0    MM
2026 09 20 07 40 310  2.0  2.0   0.2    MM    MM 253 1018.8  13.8  16.1  12.4   MM   MM    MM
2026 09 20 07 20 280  2.0  3.0   0.2    MM    MM 271 1018.6  13.6  16.1  12.2   MM   MM    MM
2026 09 20 07 00 270  2.0  3.0   0.2    MM    MM 231 1018.4  13.8  16.1  12.3   MM +0.5    MM
2026 09 20 06 40 350  2.0  3.0   0.2    MM    MM 201 1018.2  14.0  16.1  12.3   MM   MM    MM
2026 09 20 06 20 350  3.0  3.0   0.2    MM    MM 205 1018.2  14.0  16.1  12.4   MM   MM    MM
2026 09 20 06 00 340  2.0  3.0   0.2    MM    MM 210 1018.1  13.7  16.1  12.3   MM -0.0    MM
2026 09 20 05 40 320  4.0  4.0   0.2    MM    MM 214 1018.2  13.4  16.1  12.2   MM   MM    MM
2026 09 20 05 20 330  3.0  3.0   0.2    MM    MM 229 1018.0  13.6  16.1  12.3   MM   MM    MM
2026 09 20 05 00 320  2.0  3.0   0.2    MM    MM 216 1017.9  13.5  16.1  12.2   MM +0.0    MM
2026 09 20 04 40 330  3.0  4.0   0.2    MM    MM 244 1017.8  13.3  16.1  12.1   MM   MM    MM
2026 09 20 04 00 310  2.0  3.0   0.2    MM    MM 257 1017.9  13.8  16.1  12.3   MM +0.7    MM
2026 09 20 03 40 340  1.0  2.0   0.2    MM    MM 274 1017.8  14.0  16.0  12.5   MM   MM    MM
2026 09 20 03 20 350  2.0  2.0   0.2    MM    MM 281 1017.9  14.2  16.1  12.6   MM   MM    MM
2026 09 20 03 00 340  2.0  2.0   0.2    MM    MM 295 1018.1  14.2  16.1  12.6   MM +0.9    MM
2026 09 20 02 40 310  2.0  2.0   0.2    MM    MM 314 1018.0  14.2  16.1  12.6   MM   MM    MM
2026 09 20 02 20 360  1.0  2.0   0.2    MM    MM 297 1017.8  14.4  16.1  12.7   MM   MM    MM
2026 09 20 02 00 360  2.0  3.0   0.2    MM    MM 309 1017.7  14.4  16.1  12.7   MM +0.7    MM
2026 09 20 01 40 360  3.0  3.0   0.2    MM    MM 345 1017.6  14.3  16.1  12.7   MM   MM    MM
2026 09 20 01 20  10  2.0  3.0   0.3    MM    MM  25 1017.4  15.1  16.1  13.0   MM   MM    MM
2026 09 20 01 00  60  2.0  2.0   0.3    MM    MM  32 1017.2  15.2  16.1  12.9   MM +0.0    MM
2026 09 20 00 40 120  2.0  3.0   0.3    MM    MM  39 1017.1  15.2  16.1  12.8   MM   MM    MM
2026 09 20 00 20 110  2.0  3.0   0.3    MM    MM  49 1017.2  15.3  16.1  12.8   MM   MM    MM
2026 09 20 00 00  80  3.0  4.0   0.3    MM    MM  54 1017.2  15.4  16.2  13.0   MM +0.2    MM
2026 09 19 23 40 110  3.0  4.0   0.3    MM    MM  58 1016.9  15.4  16.2  13.0   MM   MM    MM
2026 09 19 23 20 100  4.0  4.0   0.3    MM    MM  67 1016.9  15.4  16.2  12.7   MM   MM    MM
2026 09 19 23 00  90  4.0  5.0   0.4    MM    MM  77 1017.0  15.4  16.3  12.7   MM +0.0    MM
2026 09 19 22 00  90  5.0  6.0   0.4    MM    MM  89 1017.2  15.2  16.3  12.6   MM -0.8    MM
2026 09 19 21 40  80  5.0  7.0   0.4    MM    MM  93 1017.1  15.2  16.3  12.5   MM   MM    MM
2026 09 19 21 20  90  5.0  6.0   0.3    MM    MM  90 1017.1  15.2  16.3  12.5   MM   MM    MM
2026 09 19 21 00  90  5.0  6.0   0.3    MM    MM  93 1017.0  15.3  16.3  12.2   MM -1.0    MM
2026 09 19 20 40  80  5.0  6.0   0.3    MM    MM  97 1017.0  14.6  16.4  12.3   MM   MM    MM
2026 09 19 20 20  70  5.0  6.0   0.3    MM    MM 102 1016.9  15.2  16.4  12.3   MM   MM    MM
2026 09 19 20 00  70  5.0  6.0   0.3    MM    MM 103 1017.0  15.1  16.4  12.1   MM -1.4    MM
2026 09 19 19 40  80  5.0  6.0   0.3    MM    MM 106 1017.3  14.9  16.4  11.9   MM   MM    MM
2026 09 19 19 20  70  4.0  5.0   0.2    MM    MM 109 1017.7  14.9  16.3  11.8   MM   MM    MM
2026 09 19 19 00  60  4.0  5.0   0.2    MM    MM 109 1018.0  14.9  16.3  11.5   MM -1.3    MM
2026 09 19 18 40  70  3.0  4.0   0.2    MM    MM 113 1017.9  14.9  16.3  11.4   MM   MM    MM
2026 09 19 18 20  60  3.0  4.0   0.2    MM    MM 103 1018.0  14.8  16.3  11.1   MM   MM    MM
2026 09 19 18 00  60  3.0  4.0   0.2    MM    MM 103 1018.0  14.6  16.3  11.2   MM -1.5    MM
2026 09 19 17 40  70  2.0  3.0   0.2    MM    MM  99 1018.4  14.6  16.2  10.9   MM   MM    MM
2026 09 19 17 20  80  3.0  3.0   0.2    MM    MM 106 1018.5  14.5  16.2  10.9   MM   MM    MM
2026 09 19 17 00  60  3.0  4.0   0.2    MM    MM 114 1018.4  14.3  16.1  10.7   MM -1.2    MM
2026 09 19 16 40  50  2.0  3.0   0.2    MM    MM 105 1018.7  14.2  16.1  10.6   MM   MM    MM
2026 09 19 16 20  70  1.0  2.0   0.2    MM    MM  90 1019.0  14.3  16.1  10.1   MM   MM    MM
2026 09 19 16 00 110  1.0  2.0   0.2    MM    MM  88 1019.2  14.4  16.1  10.2   MM -0.7    MM
2026 09 19 15 40  90  1.0  2.0   0.2    MM    MM  91 1019.2  13.8  16.1  10.1   MM   MM    MM
2026 09 19 15 20  90  1.0  2.0   0.2    MM    MM  92 1019.3  13.5  16.1  10.0   MM   MM    MM
2026 09 19 15 00 120  1.0  2.0   0.2    MM    MM  71 1019.5  13.3  16.0  10.0   MM -0.5    MM
2026 09 19 14 40 140  2.0  3.0   0.2    MM    MM  63 1019.5  13.2  16.0  10.1   MM   MM    MM
2026 09 19 14 20 150  2.0  3.0   0.2    MM    MM  72 1019.6  13.1  16.0   9.9   MM   MM    MM
2026 09 19 14 00 110  2.0  3.0   0.2    MM    MM  88 1019.6  12.8  16.0  10.0   MM -0.9    MM
2026 09 19 13 40  70  3.0  4.0   0.2    MM    MM 110 1019.6  12.7  16.0  10.7   MM   MM    MM
2026 09 19 13 20  50  3.0  3.0   0.2    MM    MM 139 1019.9  12.2  16.0  10.4   MM   MM    MM
2026 09 19 13 00 330  2.0  2.0   0.2    MM    MM 163 1020.0  11.3  16.0   9.8   MM -0.4    MM
2026 09 19 12 40 340  3.0  4.0   0.2    MM    MM 179 1020.1  10.6  16.0   9.2   MM   MM    MM
2026 09 19 12 20 330  3.0  4.0   0.2    MM    MM 191 1020.1  10.9  16.0   9.4   MM   MM    MM
2026 09 19 12 00 300  2.0  3.0   0.2    MM    MM 131 1020.0  11.2  16.0   9.8   MM -0.5    MM
2026 09 19 11 40 280  2.0  3.0   0.2    MM    MM 108 1020.2  11.2  16.0   9.8   MM   MM    MM
2026 09 19 11 20 270  1.0  2.0   0.2    MM    MM 120 1020.2  11.6  16.0  10.1   MM   MM    MM
2026 09 19 11 00 260  1.0  2.0   0.2    MM    MM 112 1020.5  11.8  16.0  10.1   MM -0.9    MM
2026 09 19 10 40 270  1.0  2.0   0.2    MM    MM  82 1020.6  12.0  16.0  10.1   MM   MM    MM
2026 09 19 10 20 120  2.0  3.0   0.3    MM    MM 113 1020.6  12.9  16.0  10.4   MM   MM    MM
2026 09 19 10 00  20  2.0  2.0   0.3    MM    MM 112 1020.4  12.6  16.0  10.0   MM -1.5    MM
2026 09 19 09 40 330  2.0  2.0   0.3    MM    MM 106 1020.4  12.5  16.0  10.3   MM   MM    MM
2026 09 19 09 20 260  1.0  1.0   0.3    MM    MM 113 1020.4  12.6  16.0   9.7   MM   MM    MM
2026 09 19 09 00  MM  0.0  1.0   0.3    MM    MM 123 1020.5  12.5  16.0   9.9   MM -1.5    MM
2026 09 19 08 40 350  1.0  2.0   0.3    MM    MM 136 1020.8  12.5  16.0  10.1   MM   MM    MM
2026 09 19 08 20 310  1.0  2.0   0.3    MM    MM 117 1021.0  12.7  16.0  10.1   MM   MM    MM
2026 09 19 08 00 240  1.0  2.0   0.3    MM    MM 128 1021.4  12.7  16.0   9.8   MM -1.4    MM
2026 09 19 07 40 330  1.0  2.0   0.3    MM    MM 149 1021.5  12.6  16.0   9.6   MM   MM    MM
2026 09 19 07 20 340  2.0  3.0   0.4    MM    MM 133 1021.7  12.6  16.0   9.8   MM   MM    MM
2026 09 19 07 00 300  2.0  2.0   0.4    MM    MM 123 1021.9  12.7  16.0   9.9   MM -1.0    MM
2026 09 19 06 40 240  1.0  3.0   0.4    MM    MM 100 1021.9  13.0  16.0   9.8   MM   MM    MM
2026 09 19 06 20 160  1.0  2.0   0.4    MM    MM 100 1021.8  13.1  16.0   9.4   MM   MM    MM
2026 09 19 06 00 180  2.0  3.0   0.4    MM    MM  76 1022.0  13.1  16.0   9.5   MM -1.6    MM
2026 09 19 05 40 140  2.0  3.0   0.4    MM    MM  71 1022.1  13.1  16.0   9.5   MM   MM    MM
2026 09 19 05 20 140  2.0  3.0   0.4    MM    MM  76 1022.5  13.1  16.0   9.5   MM   MM    MM
2026 09 19 05 00 140  2.0  3.0   0.4    MM    MM  77 1022.7  13.0  16.0   9.6   MM -1.5    MM
2026 09 19 04 40 140  3.0  4.0   0.4    MM    MM  69 1023.0  13.0  16.0   9.6   MM   MM    MM
2026 09 19 04 00 120  4.0  5.0   0.5    MM    MM  69 1022.9  12.9  16.0   9.5   MM -1.1    MM
2026 09 19 03 40 130  4.0  5.0   0.5    MM    MM  71 1023.1  13.1  16.0   9.7   MM   MM    MM
2026 09 19 03 20 130  4.0  6.0   0.6    MM    MM  67 1023.2  13.1  16.0   9.8   MM   MM    MM
2026 09 19 03 00 130  5.0  6.0   0.6    MM    MM  63 1023.6  13.3  16.0   9.9   MM -0.7    MM
2026 09 19 02 40 140  6.0  7.0   0.6    MM    MM  73 1024.0  13.4  16.0  10.0   MM   MM    MM
2026 09 19 02 20 130  6.0  8.0   0.6    MM    MM  78 1024.0  13.5  16.0  10.1   MM   MM    MM
2026 09 19 02 00 130  6.0  8.0   0.6    MM    MM  78 1024.2  13.6  16.0  10.2   MM -0.4    MM
2026 09 19 01 40 130  7.0  9.0   0.6    MM    MM  79 1024.1  13.7  15.9  10.3   MM   MM    MM
2026 09 19 01 20 130  7.0  8.0   0.7    MM    MM  78 1024.3  13.9  15.9  10.6   MM   MM    MM
2026 09 19 01 00 130  7.0 10.0   0.7    MM    MM  79 1024.0  14.0  15.9  10.7   MM -1.0    MM
2026 09 19 00 40 130  7.0  9.0   0.7    MM    MM  83 1023.9  14.1  15.9  10.9   MM   MM    MM
2026 09 19 00 20 120  7.0  9.0   0.8    MM    MM  87 1023.9  14.2  15.9  11.2   MM   MM    MM
2026 09 19 00 00 120  7.0  9.0   0.8    MM    MM  88 1024.3  14.2  15.9  11.2   MM -1.5    MM
2026 09 18 23 40 120  8.0 11.0   0.8    MM    MM  91 1024.3  14.3  15.9  11.3   MM   MM    MM
2026 09 18 23 20 120  8.0 11.0   0.8    MM    MM  94 1024.4  14.3  15.9  11.3   MM   MM    MM
2026 09 18 23 00 120  9.0 11.0   0.8    MM    MM  92 1024.6  14.3  15.9  11.2   MM -1.3    MM
2026 09 18 22 40 110  9.0 11.0   0.7    MM    MM  99 1024.7  14.3  15.8  11.3   MM   MM    MM
2026 09 18 22 20 120  8.0 10.0   0.7    MM    MM 100 1024.9  14.3  15.8  11.4   MM   MM    MM
2026 09 18 22 00 110  8.0 10.0   0.7    MM    MM 100 1025.1  14.3  15.8  11.4   MM -1.6    MM
2026 09 18 21 40 110  9.0 10.0   0.7    MM    MM 100 1025.1  14.4  15.8  11.5   MM   MM    MM
2026 09 18 21 20 110  8.0 10.0   0.7    MM    MM  96 1025.5  14.4  15.8  11.5   MM   MM    MM
2026 09 18 21 00 110  8.0 10.0   0.7    MM    MM  95 1025.8  14.3  15.7  11.2   MM -1.5    MM
2026 09 18 20 40 110  9.0 11.0   0.7    MM    MM  96 1025.5  14.4  15.7  11.2   MM   MM    MM
2026 09 18 20 20 110  8.0 10.0   0.7    MM    MM  96 1025.7  14.5  15.8  11.4   MM   MM    MM
2026 09 18 20 00 120  8.0 10.0   0.7    MM    MM  90 1025.8  14.4  15.8  11.2   MM -2.0    MM
2026 09 18 19 40 110  8.0 10.0   0.7    MM    MM  95 1026.2    MM  15.7    MM   MM   MM    MM
2026 09 18 19 20 110  8.0 10.0   0.7    MM    MM  93 1026.4  14.5  15.7  11.0   MM   MM    MM
2026 09 18 19 00 110  7.0  9.0   0.7    MM    MM  91 1026.7  14.5  15.7  11.3   MM -1.5    MM
2026 09 18 18 40 110  8.0 10.0   0.6    MM    MM  95 1026.8  14.5  15.7  11.2   MM   MM    MM
2026 09 18 18 20 110  7.0  9.0   0.6    MM    MM  92 1027.1  14.6  15.7  11.3   MM   MM    MM
2026 09 18 18 00 110  7.0  8.0   0.6    MM    MM  92 1027.3  14.6  15.7  11.1   MM -1.2    MM
2026 09 18 17 40 110  7.0  8.0   0.6    MM    MM  91 1027.5  14.6  15.7  11.2   MM   MM    MM
2026 09 18 17 20 110  7.0  8.0   0.6    MM    MM  89 1027.7  14.6  15.7  10.9   MM   MM    MM
2026 09 18 17 00 110  7.0  8.0   0.6    MM    MM  93 1027.9  14.5  15.7  11.0   MM -0.5    MM
2026 09 18 16 40 110  7.0  8.0   0.6    MM    MM  92 1028.1  14.5  15.7  10.8   MM   MM    MM
2026 09 18 16 20 100  6.0  8.0   0.6    MM    MM  93 1028.1  14.5  15.7  10.7   MM   MM    MM
2026 09 18 16 00 100  6.0  8.0   0.6    MM    MM  89 1028.2  14.5  15.6  10.6   MM -0.4    MM
2026 09 18 15 40 100  5.0  7.0   0.5    MM    MM  86 1028.4  14.5  15.6  10.6   MM   MM    MM
2026 09 18 15 20 110  5.0  6.0   0.5    MM    MM  84 1028.4  14.4  15.6  10.3   MM   MM    MM
2026 09 18 15 00 120  5.0  7.0   0.5    MM    MM  79 1028.5  14.3  15.6  10.3   MM +0.2    MM
2026 09 18 14 40 110  4.0  6.0   0.5    MM    MM  79 1028.5  14.2  15.6  10.5   MM   MM    MM
2026 09 18 14 20 120  4.0  5.0   0.5    MM    MM  78 1028.4  14.2  15.6  10.6   MM   MM    MM
2026 09 18 14 00 120  4.0  5.0   0.5    MM    MM  75 1028.4  14.2  15.6  10.6   MM +0.8    MM
2026 09 18 13 40 120  4.0  5.0   0.5    MM    MM  78 1028.5  14.0  15.6  10.8   MM   MM    MM
2026 09 18 13 20 110  4.0  5.0   0.5    MM    MM  79 1028.5  13.9  15.5  10.7   MM   MM    MM
2026 09 18 13 00 110  4.0  5.0   0.5    MM    MM  75 1028.5  13.9  15.5  10.8   MM +0.6    MM
2026 09 18 12 40 110  3.0  4.0   0.4    MM    MM  69 1028.5  13.9  15.5  10.9   MM   MM    MM
2026 09 18 12 20 120  3.0  4.0   0.5    MM    MM  63 1028.3  13.8  15.5  10.9   MM   MM    MM
2026 09 18 12 00 130  3.0  4.0   0.5    MM    MM  66 1028.3  13.9  15.6  11.1   MM +1.0    MM
2026 09 18 11 40 120  4.0  7.0   0.5    MM    MM  71 1028.1  14.5  15.6  10.9   MM   MM    MM
2026 09 18 11 20 110  5.0  6.0   0.5    MM    MM  72 1027.8  14.6  15.6  11.1   MM   MM    MM
2026 09 18 11 00 110  6.0  7.0   0.5    MM    MM  73 1027.6  14.6  15.5  10.8   MM +0.6    MM
2026 09 18 10 40 110  5.0  6.0   0.5    MM    MM  67 1027.6  14.5  15.5  11.0   MM   MM    MM
2026 09 18 10 20 120  4.0  5.0   0.5    MM    MM  72 1027.9  14.5  15.4  11.1   MM   MM    MM
2026 09 18 10 00 130  4.0  6.0   0.5    MM    MM  80 1027.9  14.4  15.3  10.9   MM +0.9    MM
2026 09 18 09 40 150  3.0  6.0   0.4    MM    MM  92 1027.8  14.4  15.0  10.9   MM   MM    MM
2026 09 18 09 20 150  3.0  4.0   0.4    MM    MM  90 1027.5  14.5  15.0  11.1   MM   MM    MM
2026 09 18 09 00 130  4.0  5.0   0.4    MM    MM  96 1027.3  14.9  14.9  10.9   MM +0.4    MM
2026 09 18 08 40 110  6.0  7.0   0.4    MM    MM  98 1027.1  15.4  15.0   9.6   MM   MM    MM
2026 09 18 08 20 110  6.0  7.0   0.4    MM    MM  99 1027.0  15.4  15.1  10.1   MM   MM    MM
2026 09 18 08 00 110  6.0  7.0   0.4    MM    MM  96 1027.0  15.5  15.3  10.1   MM +0.4    MM
2026 09 18 07 40 100  6.0  7.0   0.3    MM    MM  99 1027.1  15.5  15.4  10.4   MM   MM    MM
2026 09 18 07 20 110  5.0  7.0   0.3    MM    MM 102 1027.1  15.6  15.4  10.5   MM   MM    MM
2026 09 18 07 00  90  5.0  6.0   0.2    MM    MM 110 1027.0  15.6  15.3  10.7   MM +0.6    MM
2026 09 18 06 40  90  5.0  7.0   0.1    MM    MM 104 1027.0  15.4  15.3  10.6   MM   MM    MM
2026 09 18 06 20  30  3.0  4.0   0.1    MM    MM 115 1026.9  14.0  15.4  11.9   MM   MM    MM
2026 09 18 06 00  30  3.0  4.0   0.0    MM    MM 113 1026.8  14.0  15.4  12.0   MM +0.5    MM
2026 09 18 05 40  20  2.0  3.0   0.1    MM    MM 115 1026.9  13.9  15.3  12.2   MM   MM    MM
2026 09 18 05 20 340  1.0  2.0   0.1    MM    MM 117 1026.7  13.8  15.3  12.4   MM   MM    MM
2026 09 18 05 00  10  2.0  4.0   0.1    MM    MM 120 1026.7  13.9  15.3  12.4   MM +1.0    MM
2026 09 18 04 40 290  2.0  2.0   0.1    MM    MM 119 1026.2  14.0  15.3  12.6   MM   MM    MM
2026 09 18 04 00 230  2.0  3.0   0.1    MM    MM 115 1026.4  14.6  15.3  12.8   MM +1.2    MM
2026 09 18 03 40 190  1.0  1.0   0.1    MM    MM 116 1026.2  14.7  15.3  12.6   MM   MM    MM
2026 09 18 03 20 270  1.0  2.0   0.1    MM    MM 108 1026.2  14.7  15.2  12.5   MM   MM    MM
2026 09 18 03 00 210  2.0  3.0   0.1    MM    MM 106 1026.3  14.6  15.1  12.8   MM +1.8    MM
2026 09 18 02 40 280  1.0  1.0   0.1    MM    MM 106 1026.2  14.5  15.1  12.6   MM   MM    MM
2026 09 18 02 20 320  2.0  3.0   0.1    MM    MM 105 1025.9  14.7  15.1  12.7   MM   MM    MM
2026 09 18 02 00 340  4.0  6.0   0.1    MM    MM 105 1025.7  14.8  15.0  12.6   MM +1.7    MM
2026 09 18 01 40 330  4.0  5.0   0.1    MM    MM 110 1025.5  15.1  15.1  12.9   MM   MM    MM
2026 09 18 01 20 340  3.0  4.0   0.1    MM    MM  82 1025.3  15.3  15.2  12.9   MM   MM    MM
2026 09 18 01 00 360  3.0  4.0   0.1    MM    MM  28 1025.2  15.5  15.2  13.0   MM +1.6    MM
2026 09 18 00 40 350  4.0  6.0   0.1    MM    MM  68 1025.0  15.9  15.2  13.0   MM   MM    MM
2026 09 18 00 20 350  4.0  5.0   0.0    MM    MM  88 1024.6  16.3  15.3  13.0   MM   MM    MM
2026 09 18 00 00 350  4.0  4.0   0.1    MM    MM  86 1024.5  16.9  15.3  13.2   MM +0.8    MM
2026 09 17 23 40 350  4.0  6.0   0.1    MM    MM  94 1024.3  17.6  15.1  13.3   MM   MM    MM
2026 09 17 23 20 360  4.0  5.0   0.0    MM    MM 107 1024.3  18.0  15.2  13.7   MM   MM    MM
2026 09 17 23 00  10  1.0  3.0   0.0    MM    MM  99 1024.0  19.3  15.0  14.0   MM -0.0    MM
2026 09 17 22 40 360  1.0  3.0   0.0    MM    MM 100 1023.9  17.8  14.8  13.8   MM   MM    MM
2026 09 17 22 20 190  2.0  2.0   0.0    MM    MM  94 1023.7  17.2  14.8  13.8   MM   MM    MM
2026 09 17 22 00 180  2.0  3.0   0.0    MM    MM 101 1023.7  17.2  14.9  13.8   MM -0.7    MM
2026 09 17 21 40 180  2.0  3.0   0.0    MM    MM  86 1023.8  17.4  15.0  13.7   MM   MM    MM
2026 09 17 21 20 260  2.0  3.0   0.0    MM    MM 108 1023.7  18.9  15.1  13.6   MM   MM    MM
2026 09 17 21 00 320  2.0  4.0   0.0    MM    MM 109 1023.7  19.5  14.8  12.9   MM -0.9    MM
2026 09 17 20 40 340  3.0  3.0   0.0    MM    MM 108 1023.7  19.1  14.6  13.0   MM   MM    MM
2026 09 17 20 20 350  2.0  3.0   0.0    MM    MM 105 1023.8  19.1  14.6  13.0   MM   MM    MM
2026 09 17 20 00 350  4.0  5.0   0.0    MM    MM 116 1023.9  18.6  14.7  12.8   MM -1.1    MM
2026 09 17 19 40  10  3.0  4.0   0.0    MM    MM 112 1024.0  18.3  14.7  12.8   MM   MM    MM
2026 09 17 19 20 340  3.0  4.0   0.0    MM    MM 116 1024.3  18.0  14.6  12.9   MM   MM    MM
2026 09 17 19 00 340  4.0  5.0   0.0    MM    MM 146 1024.4  18.0  14.7  12.7   MM -1.0    MM
2026 09 17 18 40 350  4.0  6.0   0.1    MM    MM 140 1024.5  18.3  14.6  12.7   MM   MM    MM
2026 09 17 18 20 320  4.0  5.0   0.0    MM    MM 169 1024.6  18.4  14.6  12.7   MM   MM    MM
2026 09 17 18 00 320  3.0  5.0   0.0    MM    MM 196 1024.6  18.0  14.6  12.9   MM -0.4    MM
2026 09 17 17 40 320  3.0  4.0   0.0    MM    MM 217 1024.8  17.9  14.6  13.3   MM   MM    MM
2026 09 17 17 20 240  1.0  2.0   0.0    MM    MM 235 1024.8  17.3  14.5  13.6   MM   MM    MM
2026 09 17 17 00 170  1.0  3.0   0.1    MM    MM 225 1025.0  16.3  14.5  13.9   MM +0.4    MM
2026 09 17 16 40 160  2.0  2.0   0.1    MM    MM 249 1025.3  15.8  14.5  13.7   MM   MM    MM
2026 09 17 16 20 200  2.0  3.0   0.1    MM    MM 245 1025.3  15.9  14.5  13.7   MM   MM    MM
2026 09 17 16 00 200  2.0  3.0   0.1    MM    MM 229 1025.3  15.5  14.5  13.4   MM +0.9    MM
2026 09 17 15 40 200  3.0  4.0   0.1    MM    MM 278 1025.3  15.1  14.4  13.2   MM   MM    MM
2026 09 17 15 20 200  3.0  4.0   0.1    MM    MM 220 1025.2  14.8  14.4  13.0   MM   MM    MM
2026 09 17 15 00 190  3.0  4.0   0.1    MM    MM 231 1025.0  14.7  14.4  13.1   MM +1.1    MM
2026 09 17 14 40 190  2.0  3.0   0.1    MM    MM 223 1024.8  14.8  14.4  13.0   MM   MM    MM
2026 09 17 14 20 200  2.0  3.0   0.1    MM    MM 148 1024.8  14.4  14.4  12.7   MM   MM    MM
2026 09 17 14 00 210  3.0  4.0   0.1    MM    MM 103 1024.6  14.1  14.3  12.5   MM +0.6    MM
2026 09 17 13 40 220  3.0  4.0   0.1    MM    MM 107 1024.7  13.9  14.3  12.4   MM   MM    MM
2026 09 17 13 20 210  4.0  4.0   0.1    MM    MM 122 1024.6  13.7  14.3  12.2   MM   MM    MM
2026 09 17 13 00 210  3.0  4.0   0.1    MM    MM  94 1024.5  13.6  14.3  12.3   MM -0.0    MM
2026 09 17 12 40 240  3.0  3.0   0.1    MM    MM  81 1024.5  13.8  14.3  12.4   MM   MM    MM
2026 09 17 12 20 240  2.0  3.0   0.1    MM    MM  84 1024.4  13.9  14.3  12.4   MM   MM    MM
2026 09 17 12 00 210  4.0  5.0   0.1    MM    MM  92 1023.9  13.9  14.3  12.4   MM -0.6    MM
2026 09 17 11 40 220  4.0  5.0   0.1    MM    MM  70 1023.8  13.9  14.3  12.3   MM   MM    MM
2026 09 17 11 20 240  3.0  3.0   0.1    MM    MM  71 1024.0  13.9  14.3  12.3   MM   MM    MM
2026 09 17 11 00 220  3.0  4.0   0.1    MM    MM  72 1024.0  14.0  14.3  12.3   MM -0.8    MM
2026 09 17 10 40 230  4.0  5.0   0.1    MM    MM  57 1024.0  13.9  14.4  12.2   MM   MM    MM
2026 09 17 10 20 230  4.0  4.0   0.1    MM    MM  56 1024.1  13.7  14.4  12.2   MM   MM    MM
2026 09 17 10 00 240  3.0  3.0   0.1    MM    MM  59 1024.3  13.7  14.4  12.1   MM -0.4    MM
2026 09 17 09 40 220  3.0  3.0   0.2    MM    MM  60 1024.3  13.7  14.4  12.2   MM   MM    MM
2026 09 17 09 20 230  3.0  4.0   0.2    MM    MM  81 1024.5  13.9  14.5  12.2   MM   MM    MM
2026 09 17 09 00 220  3.0  4.0   0.2    MM    MM  92 1024.5  14.3  14.5  12.4   MM -0.6    MM
2026 09 17 08 40 210  3.0  4.0   0.2    MM    MM  24 1024.5  14.1  14.5  12.3   MM   MM    MM
2026 09 17 08 20 220  3.0  4.0   0.1    MM    MM 342 1024.7  14.1  14.5  12.2   MM   MM    MM
2026 09 17 08 00 230  4.0  5.0   0.1    MM    MM 340 1024.8  14.0  14.5  12.3   MM -0.8    MM
2026 09 17 07 40 240  3.0  3.0   0.1    MM    MM 351 1024.8  14.2  14.6  12.3   MM   MM    MM
2026 09 17 07 20 220  2.0  3.0   0.1    MM    MM   1 1024.7  14.3  14.6  12.3   MM   MM    MM
2026 09 17 07 00 350  1.0  2.0   0.1    MM    MM 341 1024.7  13.8  14.7  12.4   MM -1.2    MM
2026 09 17 06 40 310  2.0  3.0   0.1    MM    MM 347 1025.0  13.8  14.7  12.5   MM   MM    MM
2026 09 17 06 20 230  4.0  5.0   0.1    MM    MM 358 1025.2  13.8  14.8  12.5   MM   MM    MM
2026 09 17 06 00 190  1.0  2.0   0.1    MM    MM  22 1025.1  14.4  14.8  12.5   MM -1.0    MM
2026 09 17 05 40 190  1.0  2.0   0.2    MM    MM  18 1025.3  14.3  14.7  12.8   MM   MM    MM
2026 09 17 05 20 260  1.0  1.0   0.2    MM    MM  24 1025.8  14.3  14.7  12.7   MM   MM    MM
2026 09 17 05 00  10  1.0  1.0   0.2    MM    MM  28 1025.6  14.7  14.7  12.9   MM -0.6    MM
2026 09 17 04 40 340  1.0  1.0   0.2    MM    MM  35 1025.7  14.4  14.7  12.8   MM   MM    MM
2026 09 17 04 00  30  2.0  3.0   0.2    MM    MM  86 1025.9  14.6  14.3  13.1   MM +0.0    MM
2026 09 17 03 40  30  2.0  3.0   0.2    MM    MM  81 1025.9  14.6  14.3  13.3   MM   MM    MM
2026 09 17 03 20  50  3.0  4.0   0.2    MM    MM  79 1026.0  14.6  14.3  13.3   MM   MM    MM
2026 09 17 03 00  40  2.0  3.0   0.3    MM    MM  74 1026.2  14.7  14.3  13.4   MM -0.3    MM
2026 09 17 02 40  50  2.0  3.0   0.3    MM    MM  65 1026.5  14.7  14.3  13.2   MM   MM    MM
2026 09 17 02 20  30  2.0  4.0   0.3    MM    MM  91 1026.5  14.7  14.3  13.1   MM   MM    MM
2026 09 17 02 00  30  4.0  5.0   0.3    MM    MM  86 1026.2  14.6  14.3  13.0   MM -0.3    MM
2026 09 17 01 40  40  4.0  4.0   0.3    MM    MM  68 1026.0  14.6  14.3  13.1   MM   MM    MM
2026 09 17 01 20  60  3.0  4.0   0.3    MM    MM  64 1025.8  14.7  14.3  13.2   MM   MM    MM
2026 09 17 01 00  60  3.0  5.0   0.3    MM    MM  67 1026.1  14.7  14.3  13.1   MM -0.5    MM
2026 09 17 00 40  50  4.0  5.0   0.3    MM    MM  48 1026.3  14.5  14.3  13.0   MM   MM    MM
2026 09 17 00 20  40  3.0  4.0   0.4    MM    MM  39 1026.6  14.5  14.3  12.9   MM   MM    MM
2026 09 17 00 00  40  3.0  4.0   0.4    MM    MM  40 1026.5  14.6  14.4  12.9   MM -0.7    MM
2026 09 16 23 40  70  4.0  5.0   0.4    MM    MM  59 1026.2  14.7  14.4  12.8   MM   MM    MM
2026 09 16 23 20  80  4.0  5.0   0.5    MM    MM  65 1026.3  14.7  14.4  12.8   MM   MM    MM
2026 09 16 23 00  80  5.0  6.0   0.4    MM    MM  73 1026.5  14.7  14.4  12.7   MM -1.2    MM
2026 09 16 22 40  90  6.0  7.0   0.5    MM    MM  77 1026.3  14.7  14.5  12.6   MM   MM    MM
2026 09 16 22 20  90  6.0  7.0   0.5    MM    MM  81 1026.4  14.7  14.5  12.5   MM   MM    MM
2026 09 16 22 00  90  5.0  7.0   0.4    MM    MM  78 1026.6  14.7  14.5  12.4   MM -1.3    MM
2026 09 16 21 40  90  6.0  8.0   0.4    MM    MM  80 1026.8  14.7  14.6  12.4   MM   MM    MM
2026 09 16 21 20  80  6.0  7.0   0.4    MM    MM  82 1027.1  14.7  14.6  12.5   MM   MM    MM
2026 09 16 21 00  90  5.0  7.0   0.4    MM    MM  77 1027.2  14.8  14.7  12.6   MM -1.1    MM
2026 09 16 20 40  90  6.0  7.0   0.3    MM    MM  71 1027.2  14.9  14.7  12.6   MM   MM    MM
2026 09 16 20 20  90  6.0  7.0   0.3    MM    MM  65 1027.4  15.0  14.7  12.7   MM   MM    MM
2026 09 16 20 00  90  5.0  6.0   0.2    MM    MM  53 1027.6  15.3  14.6  12.8   MM -1.0    MM
2026 09 16 19 40 100  3.0  4.0   0.2    MM    MM  46 1027.6  15.4  14.6  12.8   MM   MM    MM
2026 09 16 19 20 110  4.0  4.0   0.2    MM    MM  35 1027.8  15.3  14.5  12.5   MM   MM    MM
2026 09 16 19 00  90  3.0  3.0   0.1    MM    MM  33 1027.8  15.4  14.5  12.5   MM -1.1    MM
2026 09 16 18 40 120  3.0  4.0   0.1    MM    MM  43 1027.9  15.3  14.4  12.1   MM   MM    MM
2026 09 16 18 20 110  4.0  5.0   0.1    MM    MM  23 1028.1  15.1  14.3  12.0   MM   MM    MM
2026 09 16 18 00 110  3.0  4.0   0.1    MM    MM   8 1028.4  15.0  14.3  12.1   MM -0.4    MM
2026 09 16 17 40 110  3.0  3.0   0.1    MM    MM 353 1028.4  15.2  14.3  11.7   MM   MM    MM
2026 09 16 17 20 100  3.0  3.0   0.1    MM    MM 353 1028.7  15.1  14.3  11.7   MM   MM    MM
2026 09 16 17 00 100  2.0  2.0   0.1    MM    MM 357 1028.6  15.0  14.2  11.7   MM +0.0    MM
2026 09 16 16 40 130  2.0  2.0   0.1    MM    MM 359 1028.6  14.6  14.2  11.8   MM   MM    MM
2026 09 16 16 20 170  2.0  3.0   0.1    MM    MM 353 1028.9  14.1  14.2  11.7   MM   MM    MM
2026 09 16 16 00 180  2.0  3.0   0.1    MM    MM   2 1028.9  14.0  14.2  11.4   MM +1.1    MM
2026 09 16 15 40 190  2.0  2.0   0.1    MM    MM  26 1028.8  13.7  14.1  11.1   MM   MM    MM
2026 09 16 15 20 190  3.0  4.0   0.1    MM    MM  58 1028.9  13.3  14.1  11.0   MM   MM    MM
2026 09 16 15 00 180  3.0  4.0   0.1    MM    MM  80 1028.8  12.9  14.1  10.7   MM +1.7    MM
2026 09 16 14 40 190  1.0  3.0   0.2    MM    MM  85 1028.4  12.7  14.1  10.3   MM   MM    MM
2026 09 16 14 20 210  3.0  4.0   0.2    MM    MM  99 1028.5  12.0  14.0   9.9   MM   MM    MM
2026 09 16 14 00 200  4.0  5.0   0.2    MM    MM 100 1028.5  11.6  14.0   9.7   MM +2.5    MM
2026 09 16 13 40 210  3.0  4.0   0.2    MM    MM  97 1028.2  11.6  14.0   9.7   MM   MM    MM
2026 09 16 13 20 230  4.0  5.0   0.2    MM    MM  94 1028.1  11.4  14.0   9.6   MM   MM    MM
2026 09 16 13 00 220  5.0  6.0   0.2    MM    MM  92 1027.9  11.3  14.0   9.6   MM +2.5    MM
2026 09 16 12 40 210  4.0  4.0   0.1    MM    MM  70 1027.7  11.0  14.0   9.3   MM   MM    MM
2026 09 16 12 20 200  3.0  4.0   0.1    MM    MM  50 1027.4  10.7  14.0   9.1   MM   MM    MM
2026 09 16 12 00 230  2.0  3.0   0.1    MM    MM  34 1027.1  11.0  14.0   9.5   MM +2.4    MM
2026 09 16 11 40 250  3.0  3.0   0.1    MM    MM 351 1026.6  11.2  14.0   9.6   MM   MM    MM
2026 09 16 11 20 220  3.0  4.0   0.1    MM    MM  60 1026.3  11.1  14.0   9.4   MM   MM    MM
2026 09 16 11 00 250  3.0  4.0   0.1    MM    MM  22 1026.0  11.5  14.0   9.8   MM +1.9    MM
2026 09 16 10 40 230  2.0  2.0   0.1    MM    MM  78 1025.9  11.4  14.0   9.8   MM   MM    MM
2026 09 16 10 20 270  1.0  3.0   0.1    MM    MM  65 1025.6  11.2  14.0   9.8   MM   MM    MM
2026 09 16 10 00 270  3.0  3.0   0.1    MM    MM  87 1025.3  11.2  14.1   9.7   MM +1.9    MM
2026 09 16 09 40 270  3.0  4.0   0.2    MM    MM  87 1024.9  11.3  14.1   9.7   MM   MM    MM
2026 09 16 09 20 260  3.0  4.0   0.2    MM    MM  99 1024.6  11.5  14.1  10.0   MM   MM    MM
2026 09 16 09 00 250  3.0  4.0   0.2    MM    MM 104 1024.7  11.6  14.0   9.9   MM +2.2    MM
2026 09 16 08 40 230  3.0  5.0   0.2    MM    MM 113 1024.6  11.9  14.0  10.0   MM   MM    MM
2026 09 16 08 20 220  5.0  7.0   0.2    MM    MM 109 1024.3  11.9  14.0  10.0   MM   MM    MM
2026 09 16 08 00 220  5.0  7.0   0.2    MM    MM 103 1024.1  11.8  14.0  10.1   MM +2.2    MM
2026 09 16 07 40 220  6.0  7.0   0.2    MM    MM 100 1023.8  11.7  14.0   9.9   MM   MM    MM
2026 09 16 07 20 220  5.0  6.0   0.2    MM    MM 103 1023.6  11.9  13.9  10.0   MM   MM    MM
2026 09 16 07 00 210  6.0  7.0   0.2    MM    MM 111 1023.5  12.0  13.8  10.2   MM +1.9    MM
2026 09 16 06 40 220  6.0  7.0   0.2    MM    MM 104 1023.1  12.0  13.8  10.2   MM   MM    MM
2026 09 16 06 20 220  5.0  5.0   0.1    MM    MM 101 1022.7  12.5  13.9  10.4   MM   MM    MM
2026 09 16 06 00 230  4.0  4.0   0.1    MM    MM 104 1022.5  12.6  13.9  10.4   MM +1.4    MM
2026 09 16 05 40 220  3.0  4.0   0.1    MM    MM  74 1022.2  12.6  13.9  10.6   MM   MM    MM
2026 09 16 05 20 260  2.0  3.0   0.1    MM    MM  54 1022.1  12.5  13.8  10.6   MM   MM    MM
2026 09 16 05 00 260  3.0  4.0   0.1    MM    MM  50 1021.9  12.9  13.8  10.6   MM +1.5    MM
2026 09 16 04 40 240  3.0  4.0   0.1    MM    MM  79 1021.7  13.3  13.8  10.8   MM   MM    MM
2026 09 16 04 00 240  3.0  3.0   0.1    MM    MM  96 1021.5  13.4  13.8  10.8   MM +2.4    MM
2026 09 16 03 40 230  3.0  4.0   0.1    MM    MM  81 1021.3  13.5  13.8  10.9   MM   MM    MM
2026 09 16 03 20 270  2.0  3.0   0.1    MM    MM  72 1021.1  14.4  13.8  10.8   MM   MM    MM
2026 09 16 03 00 240  3.0  5.0   0.1    MM    MM 103 1021.1  14.3  13.8  11.1   MM +3.5    MM
2026 09 16 02 40 220  4.0  4.0   0.1    MM    MM 104 1020.9  14.0  13.8  10.8   MM   MM    MM
2026 09 16 02 20 230  4.0  5.0   0.1    MM    MM 107 1020.7  14.3  13.7  10.9   MM   MM    MM
2026 09 16 02 00 230  4.0  5.0   0.1    MM    MM 100 1020.3  14.6  13.7  10.8   MM +3.8    MM
2026 09 16 01 40 240  4.0  5.0   0.1    MM    MM  89 1020.0  15.1  13.6  10.8   MM   MM    MM
2026 09 16 01 20 250  4.0  6.0   0.1    MM    MM 101 1019.6  15.4  13.6  10.6   MM   MM    MM
2026 09 16 01 00 240  4.0  5.0   0.2    MM    MM 126 1019.2  15.4  13.6  10.5   MM +4.0    MM
2026 09 16 00 40 250  4.0  6.0   0.2    MM    MM 140 1018.6  15.7  13.5  10.6   MM   MM    MM
2026 09 16 00 20 250  5.0  7.0   0.2    MM    MM 142 1018.1  15.9  13.5  10.5   MM   MM    MM
2026 09 16 00 00 260  6.0 10.0   0.2    MM    MM 123 1017.6  16.1  13.4  10.4   MM +3.8    MM
2026 09 15 23 40 260  8.0 12.0   0.3    MM    MM 128 1017.0  16.3  13.5  10.4   MM   MM    MM
2026 09 15 23 20 260 10.0 13.0   0.3    MM    MM 110 1016.6  16.4  13.6  10.4   MM   MM    MM
2026 09 15 23 00 260 10.0 14.0   0.4    MM    MM 102 1016.5  16.5  13.8  10.5   MM +3.8    MM
2026 09 15 22 40 260 11.0 16.0   0.4    MM    MM 106 1016.1  16.7  13.9  10.7   MM   MM    MM
2026 09 15 22 20 250 12.0 18.0   0.5    MM    MM 106 1015.6  16.9  14.0  10.7   MM   MM    MM
2026 09 15 22 00 250 10.0 15.0   0.5    MM    MM 110 1015.2  17.0  14.0  11.4   MM +3.6    MM
2026 09 15 21 40 250 10.0 14.0   0.5    MM    MM 107 1014.6  17.2  13.8  11.5   MM   MM    MM
2026 09 15 21 20 250 11.0 15.0   0.5    MM    MM 113 1013.9  17.5  13.8  11.4   MM   MM    MM
2026 09 15 21 00 250 12.0 16.0   0.5    MM    MM 104 1013.8  17.2  14.0  11.3   MM +3.5    MM
2026 09 15 20 40 260 11.0 14.0   0.5    MM    MM 106 1013.4  17.4  14.0  11.6   MM   MM    MM
2026 09 15 20 20 250 10.0 15.0   0.5    MM    MM 107 1013.2  17.4  14.1  11.8   MM   MM    MM
2026 09 15 20 00 250 12.0 16.0   0.5    MM    MM 116 1012.8  17.4  14.1  11.6   MM +3.3    MM
2026 09 15 19 40 240 13.0 17.0   0.5    MM    MM 117 1012.4  17.4  14.2  11.6   MM   MM    MM
2026 09 15 19 20 240 13.0 17.0   0.6    MM    MM 105 1012.0  17.7  14.2  11.4   MM   MM    MM
2026 09 15 19 00 240 12.0 17.0   0.6    MM    MM 112 1011.6  17.6  14.2  11.6   MM   MM    MM
2026 09 15 18 40 250 12.0 17.0   0.7    MM    MM 107 1011.2  17.6  14.3  11.5   MM   MM    MM
2026 09 15 18 20 240 13.0 16.0   0.6    MM    MM 108 1010.8  17.6  14.4  11.4   MM   MM    MM
2026 09 15 18 00 240 13.0 17.0   0.6    MM    MM  96 1010.3  17.7  14.5  11.3   MM   MM    MM
2026 09 15 17 40 240 11.0 15.0   0.5    MM    MM  85 1010.1  17.7  14.6  11.3   MM   MM    MM
2026 09 15 17 20 250 12.0 16.0   0.5    MM    MM  82 1009.8  17.9  14.6  11.0   MM   MM    MM
2026 09 15 17 00 240 12.0 16.0   0.6    MM    MM  85 1009.4  17.6  14.6  11.3   MM   MM    MM
2026 09 15 11 20 210  5.0  7.0   0.4    MM    MM  36 1006.8  15.5  14.8  13.5   MM   MM    MM
2026 09 15 11 00 220  5.0  7.0   0.4    MM    MM  34 1006.6  15.4  14.8  13.4   MM -0.7    MM
2026 09 15 10 40 210  6.0  7.0   0.4    MM    MM  57 1006.7  15.3  14.8  13.3   MM   MM    MM
2026 09 15 10 20 200  7.0  8.0   0.4    MM    MM  81 1006.7  15.2  14.8  13.2   MM   MM    MM
2026 09 15 10 00 200  7.0 10.0   0.5    MM    MM 101 1006.6  15.2  14.8  13.2   MM -1.8    MM
2026 09 15 09 40 210  7.0  9.0   0.5    MM    MM 112 1006.5  15.3  14.8  13.1   MM   MM    MM
2026 09 15 09 20 210  7.0  9.0   0.5    MM    MM 118 1006.7  15.3  14.9  13.0   MM   MM    MM
2026 09 15 09 00 210  7.0  9.0   0.5    MM    MM 122 1006.4  15.2  14.8  12.9   MM -3.0    MM
2026 09 15 08 40 210  7.0 11.0   0.5    MM    MM 117 1006.8  15.1  14.8  12.8   MM   MM    MM
2026 09 15 08 20 210  8.0 11.0   0.6    MM    MM 113 1007.2  15.1  14.8  12.7   MM   MM    MM
2026 09 15 08 00 210  9.0 12.0   0.6    MM    MM 115 1007.4  15.1  14.8  12.6   MM -2.8    MM
2026 09 15 07 40 210  9.0 11.0   0.6    MM    MM 131 1007.5  14.9  14.8  12.6   MM   MM    MM
2026 09 15 07 20 210  9.0 12.0   0.6    MM    MM 137 1007.8  14.9  14.8  12.5   MM   MM    MM
2026 09 15 07 00 210  9.0 11.0   0.6    MM    MM 142 1008.3  14.8  14.8  12.5   MM -3.5    MM
2026 09 15 06 40 210  8.0 10.0   0.5    MM    MM 142 1008.7  14.7  14.8  12.5   MM   MM    MM
2026 09 15 06 20 210  9.0 11.0   0.5    MM    MM 149 1009.1  14.7  14.7  12.4   MM   MM    MM
2026 09 15 06 00 210  9.0 11.0   0.5    MM    MM 176 1009.4  14.7  14.7  12.3   MM -1.8    MM
2026 09 15 05 40 210  8.0 10.0   0.5    MM    MM 167 1009.7  14.6  14.7  12.2   MM   MM    MM
2026 09 15 05 20 200  8.0 10.0   0.5    MM    MM 158 1010.0  14.6  14.7  12.2   MM   MM    MM
2026 09 15 05 00 200  9.0 11.0   0.5    MM    MM 119 1010.1  14.8  14.7  12.2   MM -1.9    MM
2026 09 15 04 40 200  9.0 13.0   0.4    MM    MM  55 1010.6  14.8  14.7  12.4   MM   MM    MM
2026 09 15 04 00 160  2.0  3.0   0.4    MM    MM  91 1011.8  13.7  14.9  12.6   MM -1.2    MM
2026 09 15 03 40 120  2.0  3.0   0.4    MM    MM  96 1011.9  13.8  14.8  12.6   MM   MM    MM
2026 09 15 03 20  90  3.0  5.0   0.3    MM    MM 105 1011.3  13.7  14.9  12.6   MM   MM    MM
2026 09 15 03 00 140  5.0  6.0   0.3    MM    MM 110 1011.1  13.9  14.9  12.6   MM -3.1    MM
2026 09 15 02 40 130  3.0  4.0   0.3    MM    MM 138 1011.6  14.6  14.9  12.4   MM   MM    MM
2026 09 15 02 20 160  4.0  7.0   0.3    MM    MM 133 1012.0  15.2  14.9  12.4   MM   MM    MM
2026 09 15 02 00 160  5.0  7.0   0.3    MM    MM 113 1012.0  15.9  14.9  12.1   MM -3.0    MM
2026 09 15 01 40 150  5.0 10.0   0.3    MM    MM  88 1012.3  16.5  14.9  11.4   MM   MM    MM
2026 09 15 01 20 150  5.0  9.0   0.3    MM    MM  70 1012.6  16.4  14.8  11.3   MM   MM    MM
2026 09 15 01 00 130  5.0  8.0   0.3    MM    MM  71 1013.0  16.4  14.7  11.0   MM -2.9    MM
2026 09 15 00 40 110  3.0  4.0   0.2    MM    MM  62 1013.2  15.9  14.6  11.8   MM   MM    MM
2026 09 15 00 20 110  2.0  3.0   0.3    MM    MM  68 1013.6  16.0  14.5  11.4   MM   MM    MM
2026 09 15 00 00 150  4.0  7.0   0.3    MM    MM  67 1014.2  16.7  14.3  10.1   MM -3.4    MM
2026 09 14 23 40 130  3.0  4.0   0.3    MM    MM  79 1014.2  16.0  14.0  11.3   MM   MM    MM
2026 09 14 23 20 130  4.0  4.0   0.3    MM    MM  87 1014.5  16.0  13.9  11.1   MM   MM    MM
2026 09 14 23 00 150  4.0  4.0   0.3    MM    MM  89 1015.0  16.2  13.9  10.8   MM -3.5    MM
2026 09 14 22 40 170  4.0  5.0   0.3    MM    MM  85 1015.3  16.4  13.9  10.5   MM   MM    MM
2026 09 14 22 20 160  4.0  5.0   0.2    MM    MM  88 1015.5  16.2  13.8  10.7   MM   MM    MM
2026 09 14 22 00 160  3.0  4.0   0.2    MM    MM  86 1015.9  16.0  13.8  10.9   MM -4.0    MM
2026 09 14 21 40 170  4.0  6.0   0.2    MM    MM  71 1016.5  16.4  13.8  10.4   MM   MM    MM
2026 09 14 21 20 170  2.0  4.0   0.1    MM    MM  68 1017.1  16.1  14.0  10.7   MM   MM    MM
2026 09 14 21 00  70  2.0  3.0   0.2    MM    MM  69 1017.6  14.8  14.0  12.7   MM -3.1    MM
2026 09 14 20 40  60  2.0  3.0   0.2    MM    MM  78 1018.0  14.9  14.0  12.3   MM   MM    MM
2026 09 14 20 20  40  3.0  3.0   0.2    MM    MM  85 1018.3    MM  13.9    MM   MM   MM    MM
2026 09 14 20 00  60  2.0  3.0   0.2    MM    MM  92 1018.5  14.9  13.9  12.0   MM -3.6    MM
2026 09 14 19 40  80  4.0  4.0   0.2    MM    MM  92 1018.5  14.8  13.8  11.9   MM   MM    MM
2026 09 14 19 20  90  4.0  5.0   0.2    MM    MM 102 1018.9  14.8  13.7  11.8   MM   MM    MM
2026 09 14 19 00  90  3.0  4.0   0.1    MM    MM 106 1019.8  14.7  13.5  11.5   MM -3.1    MM
2026 09 14 18 40  90  4.0  5.0   0.1    MM    MM 100 1020.3  14.4  13.3  11.4   MM   MM    MM
2026 09 14 18 20 110  4.0  6.0   0.1    MM    MM  98 1020.8  15.4  13.0  10.0   MM   MM    MM
2026 09 14 18 00 210  2.0  3.0   0.1    MM    MM  95 1020.8  16.0  12.8  10.1   MM -1.8    MM
2026 09 14 17 40 190  2.0  2.0   0.1    MM    MM 101 1021.0  15.7  12.8  10.1   MM   MM    MM
2026 09 14 17 20 190  2.0  3.0   0.1    MM    MM  98 1021.6  15.5  12.9   9.9   MM   MM    MM
2026 09 14 17 00 180  1.0  2.0   0.1    MM    MM 114 1022.1  15.4  12.8  10.0   MM -1.1    MM
2026 09 14 16 40 160  1.0  1.0   0.1    MM    MM 118 1022.3  15.0  12.9  10.4   MM   MM    MM
2026 09 14 16 20 200  1.0  2.0   0.1    MM    MM 114 1022.6  14.7  12.9  10.4   MM   MM    MM
2026 09 14 16 00 220  1.0  2.0   0.1    MM    MM 197 1022.9  13.9  13.0  10.4   MM   MM    MM
2026 09 14 15 40 200  1.0  2.0   0.1    MM    MM 221 1022.7  13.3  13.0   9.8   MM   MM    MM
2026 09 14 15 20 190  2.0  3.0   0.1    MM    MM 286 1023.0  12.4  12.9   9.3   MM   MM    MM
2026 09 14 15 00 190  2.0  3.0   0.1    MM    MM 301 1022.6  12.0  12.9   8.7   MM   MM    MM
2026 09 14 14 40 210  2.0  3.0   0.1    MM    MM 326 1022.7  11.9  12.8   8.4   MM   MM    MM
2026 09 14 14 20 220  3.0  3.0   0.2    MM    MM  13 1022.8  11.4  12.8   8.0   MM   MM    MM
2026 09 14 14 00 220  4.0  5.0   0.2    MM    MM  24 1023.2  10.4  12.7   7.6   MM   MM    MM
2026 09 11 23 00 200  5.0  6.0   0.3    MM    MM  74 1005.6  19.8  16.8  14.2   MM -2.0    MM
2026 09 11 22 40 190  5.0  6.0   0.3    MM    MM  75 1005.7  20.0  17.0  14.3   MM   MM    MM
2026 09 11 22 20 190  5.0  8.0   0.3    MM    MM  84 1005.9  20.2  16.9  14.4   MM   MM    MM
2026 09 11 22 00 190  6.0  7.0   0.3    MM    MM  87 1006.1  20.4  17.0  14.4   MM -2.3    MM
2026 09 11 21 40 190  5.0  6.0   0.3    MM    MM  84 1006.4  20.5  17.3  14.6   MM   MM    MM
2026 09 11 21 20 190  4.0  5.0   0.3    MM    MM  89 1006.5  20.7  16.9  14.8   MM   MM    MM
2026 09 11 21 00 190  5.0  7.0   0.3    MM    MM  93 1006.9  21.2  17.2  14.6   MM -2.1    MM
2026 09 11 20 40 190  6.0  7.0   0.3    MM    MM  92 1007.2  21.3  16.9  14.5   MM   MM    MM
2026 09 11 20 20 200  6.0  8.0   0.3    MM    MM  99 1007.5  21.9  17.1  14.8   MM   MM    MM
2026 09 11 20 00 190  5.0  6.0   0.3    MM    MM 100 1007.6  21.3  17.1  14.9   MM -2.0    MM
2026 09 11 19 40 190  6.0  7.0   0.3    MM    MM  94 1007.9  21.5  17.4  14.7   MM   MM    MM
2026 09 11 19 20 200  6.0  8.0   0.4    MM    MM  96 1008.1  22.2  17.3  14.9   MM   MM    MM
2026 09 11 19 00 190  7.0  8.0   0.3    MM    MM  95 1008.3  21.7  17.7  14.9   MM -1.9    MM
2026 09 11 18 40 190  7.0  8.0   0.3    MM    MM  97 1008.4  22.0  17.8  15.4   MM   MM    MM
2026 09 11 18 20 200  5.0  7.0   0.3    MM    MM  90 1008.8  21.7  18.0  15.3   MM   MM    MM
2026 09 11 18 00 200  6.0  7.0   0.3    MM    MM  85 1009.0  21.6  18.1  15.5   MM -1.7    MM
2026 09 11 17 40 190  6.0  7.0   0.3    MM    MM  87 1009.1  21.2  18.0  15.4   MM   MM    MM
2026 09 11 17 20 200  6.0  7.0   0.3    MM    MM  87 1009.4  21.4  18.1  15.5   MM   MM    MM
2026 09 11 17 00 200  6.0  7.0   0.3    MM    MM  89 1009.6  21.0  18.0  15.3   MM -1.6    MM
2026 09 11 16 40 200  6.0  7.0   0.3    MM    MM  90 1009.9  20.4  18.0  15.4   MM   MM    MM
2026 09 11 16 20 190  6.0  7.0   0.3    MM    MM  92 1010.1  19.9  18.0  15.3   MM   MM    MM
2026 09 11 16 00 190  7.0  8.0   0.3    MM    MM  93 1010.3  19.7  18.0  15.4   MM -1.4    MM
2026 09 11 15 40 190  7.0  8.0   0.3    MM    MM  96 1010.4  19.3  18.0  15.1   MM   MM    MM
2026 09 11 15 20 190  6.0  8.0   0.3    MM    MM  95 1010.6  18.9  18.1  14.8   MM   MM    MM
2026 09 11 15 00 200  6.0  8.0   0.4    MM    MM  93 1010.7  18.7  18.1  14.8   MM -0.9    MM
2026 09 11 14 40 200  6.0  8.0   0.4    MM    MM  97 1010.9  18.4  18.1  14.5   MM   MM    MM
2026 09 11 14 20 200  6.0  8.0   0.4    MM    MM  95 1011.1  18.1  18.1  14.1   MM   MM    MM
2026 09 11 14 00 200  7.0  9.0   0.4    MM    MM  92 1011.2  18.2  18.1  14.1   MM -0.7    MM
2026 09 11 13 40 200  7.0  8.0   0.4    MM    MM  96 1011.4  18.0  18.2  13.9   MM   MM    MM
2026 09 11 13 20 200  7.0  9.0   0.3    MM    MM 103 1011.5  17.9  18.2  13.9   MM   MM    MM
2026 09 11 13 00 200  8.0  9.0   0.4    MM    MM 101 1011.7  18.2  18.2  13.6   MM -0.7    MM
2026 09 11 12 40 200  7.0  9.0   0.3    MM    MM  99 1011.7  17.8  18.3  13.5   MM   MM    MM
2026 09 11 12 20 210  6.0  7.0   0.3    MM    MM  92 1011.7  17.8  18.3  13.5   MM   MM    MM
2026 09 11 12 00 230  3.0  5.0   0.3    MM    MM  84 1011.7  17.1  18.3  13.4   MM -0.8    MM
2026 09 11 11 40 210  5.0  6.0   0.3    MM    MM  90 1011.7  17.0  18.4  12.9   MM   MM    MM
2026 09 11 11 20 220  4.0  5.0   0.3    MM    MM  84 1011.8  16.5  18.4  13.0   MM   MM    MM
2026 09 11 11 00 210  5.0  7.0   0.3    MM    MM  87 1011.9  16.8  18.4  13.2   MM -0.9    MM
2026 09 11 10 40 210  5.0  6.0   0.2    MM    MM  83 1012.0  16.5  18.5  12.8   MM   MM    MM
2026 09 11 10 20 220  4.0  5.0   0.2    MM    MM  81 1012.2  16.0  18.5  12.4   MM   MM    MM
2026 09 11 10 00 220  4.0  6.0   0.2    MM    MM  76 1012.4  15.9  18.5  12.2   MM -0.5    MM
2026 09 11 09 40 230  4.0  6.0   0.2    MM    MM  72 1012.4  15.8  18.6  12.1   MM   MM    MM
2026 09 11 09 20 230  4.0  5.0   0.2    MM    MM  68 1012.5  15.8  18.6  12.1   MM   MM    MM
2026 09 11 09 00 240  4.0  4.0   0.2    MM    MM  69 1012.5  15.9  18.5  12.4   MM -0.6    MM
2026 09 11 08 40 230  4.0  5.0   0.2    MM    MM  65 1012.6  16.1  18.5  12.6   MM   MM    MM
2026 09 11 08 20 220  4.0  5.0   0.2    MM    MM  65 1012.6  16.0  18.6  12.6   MM   MM    MM
2026 09 11 08 00 220  4.0  5.0   0.2    MM    MM  76 1012.7  16.2  18.6  12.8   MM -0.5    MM
2026 09 11 07 40 220  4.0  5.0   0.2    MM    MM  75 1012.8  16.1  18.6  12.6   MM   MM    MM
2026 09 11 07 20 210  4.0  6.0   0.2    MM    MM  59 1012.8  16.0  18.6  12.3   MM   MM    MM
2026 09 11 07 00 220  4.0  5.0   0.2    MM    MM  54 1012.9  15.6  18.7  11.9   MM -0.5    MM
2026 09 11 06 40 230  5.0  6.0   0.2    MM    MM  48 1013.0  16.1  18.7  12.0   MM   MM    MM
2026 09 11 06 20 240  4.0  5.0   0.2    MM    MM 327 1013.2  16.3  18.8  12.2   MM   MM    MM
2026 09 11 06 00 240  4.0  4.0   0.2    MM    MM 328 1013.0  16.4  18.8  12.4   MM -0.5    MM
2026 09 11 05 40 240  3.0  4.0   0.2    MM    MM 319 1013.0  16.5  18.8  12.6   MM   MM    MM
2026 09 11 05 20 260  3.0  4.0   0.2    MM    MM 320 1013.2  16.3  18.9  13.1   MM   MM    MM
2026 09 11 05 00 260  2.0  3.0   0.2    MM    MM 314 1013.2  16.4  18.9  13.4   MM +0.0    MM
2026 09 11 04 40 260  2.0  3.0   0.2    MM    MM 314 1013.2  16.2  18.9  13.7   MM   MM    MM
2026 09 11 04 00 270  2.0  3.0   0.2    MM    MM 318 1013.4  15.7  18.9  14.5   MM +0.0    MM
2026 09 11 03 40 270  2.0  3.0   0.2    MM    MM 317 1013.4  15.6  18.9  14.2   MM   MM    MM
2026 09 11 03 20 290  2.0  3.0   0.2    MM    MM 317 1013.5  15.8  18.9  14.2   MM   MM    MM
2026 09 11 03 00 300  2.0  3.0   0.2    MM    MM 324 1013.5  15.4  18.9  13.8   MM +0.0    MM
2026 09 11 02 40 290  2.0  2.0   0.2    MM    MM 318 1013.4  16.4  18.9  14.8   MM   MM    MM
2026 09 11 02 20  40  2.0  3.0   0.2    MM    MM 325 1013.3  16.8  19.0  15.2   MM   MM    MM
2026 09 11 02 00  30  3.0  4.0   0.2    MM    MM 318 1013.3  16.7  19.0  15.1   MM -0.2    MM
2026 09 11 01 40  20  3.0  4.0   0.2    MM    MM 318 1013.5  16.8  19.1  15.2   MM   MM    MM
2026 09 11 01 20  30  4.0  4.0   0.2    MM    MM 321 1013.2  16.9  19.1  15.1   MM   MM    MM
2026 09 11 01 00  30  3.0  4.0   0.2    MM    MM 334 1013.2  17.1  19.1  15.2   MM -0.7    MM
2026 09 11 00 40  30  3.0  4.0   0.2    MM    MM 330 1013.3  17.0  19.1  15.1   MM   MM    MM
2026 09 11 00 20  30  4.0  5.0   0.2    MM    MM 313 1013.4  17.1  19.2  15.0   MM   MM    MM
2026 09 11 00 00  20  4.0  5.0   0.2    MM    MM 314 1013.3  17.5  19.2  15.5   MM -0.9    MM
2026 09 10 23 40  30  4.0  5.0   0.2    MM    MM 328 1013.5  17.6  19.3  15.4   MM   MM    MM
2026 09 10 23 20  30  4.0  5.0   0.1    MM    MM 338 1013.5  17.8  19.3  15.2   MM   MM    MM
2026 09 10 23 00 120  2.0  3.0   0.1    MM    MM 343 1013.6  20.3  19.3  16.2   MM -1.1    MM
2026 09 10 22 40 130  2.0  3.0   0.1    MM    MM 347 1013.6  20.3  19.2  16.0   MM   MM    MM
2026 09 10 22 20 120  2.0  3.0   0.1    MM    MM 344 1013.8  20.3  19.2  15.6   MM   MM    MM
2026 09 10 22 00 120  2.0  3.0   0.1    MM    MM 345 1013.9  20.3  19.1  15.4   MM -1.4    MM
2026 09 10 21 40 120  3.0  3.0   0.1    MM    MM 352 1014.1  20.1  19.1  14.8   MM   MM    MM
2026 09 10 21 20 130  3.0  4.0   0.1    MM    MM 350 1014.1  20.0  19.1  14.4   MM   MM    MM
2026 09 10 21 00 140  3.0  4.0   0.1    MM    MM 356 1014.2  19.8  19.1  14.1   MM -1.5    MM
2026 09 10 20 40 120  3.0  4.0   0.1    MM    MM 358 1014.3  19.7  19.0  13.6   MM   MM    MM
2026 09 10 20 20 150  3.0  4.0   0.1    MM    MM 359 1014.4  19.6  18.9  13.7   MM   MM    MM
2026 09 10 20 00 140  2.0  4.0   0.1    MM    MM   3 1014.6  19.5  18.8  13.4   MM -1.6    MM
2026 09 10 19 40 140  3.0  4.0   0.1    MM    MM   3 1014.9  19.1  18.8  13.3   MM   MM    MM
2026 09 10 19 20 140  3.0  4.0   0.1    MM    MM   1 1015.1  18.9  18.8  13.3   MM   MM    MM
2026 09 10 19 00 130  3.0  4.0   0.1    MM    MM   1 1015.3  18.7  18.7  13.0   MM -1.1    MM
2026 09 10 18 40 140  3.0  4.0   0.1    MM    MM   3 1015.4  18.5  18.6  13.1   MM   MM    MM
2026 09 10 18 20 140  3.0  3.0   0.1    MM    MM   8 1015.5  18.2  18.4  13.1   MM   MM    MM
2026 09 10 18 00 150  3.0  4.0   0.1    MM    MM  14 1015.7  18.0  18.1  13.2   MM -0.7    MM
2026 09 10 17 40 150  3.0  4.0   0.1    MM    MM  11 1015.8  17.6  17.7  13.4   MM   MM    MM
2026 09 10 17 20 150  4.0  5.0   0.1    MM    MM   1 1016.0  17.3  17.7  13.5   MM   MM    MM
2026 09 10 17 00 150  3.0  4.0   0.1    MM    MM 357 1016.2  17.3  16.8  13.4   MM +0.6    MM
2026 09 10 16 40 140  3.0  4.0   0.1    MM    MM 355 1016.2  16.9  15.4  13.4   MM   MM    MM
2026 09 10 16 20 140  3.0  4.0   0.1    MM    MM 341 1016.3  16.6  14.5  13.2   MM   MM    MM
2026 09 10 16 00 150  3.0  4.0   0.1    MM    MM 337 1016.4  16.4  14.4  12.9   MM +1.5    MM
2026 09 10 15 40 150  2.0  3.0   0.1    MM    MM 342 1016.5  16.2  14.6  12.9   MM   MM    MM
2026 09 10 15 20 170  3.0  4.0   0.1    MM    MM 339 1016.5  15.8  14.4  13.0   MM   MM    MM
2026 09 10 15 00 170  3.0  3.0   0.1    MM    MM 336 1016.4  15.7  14.3  12.8   MM +1.9    MM
2026 09 10 14 40 170  3.0  3.0   0.1    MM    MM 335 1016.2  15.4  14.3  12.9   MM   MM    MM
2026 09 10 14 20 190  3.0  3.0   0.1    MM    MM 332 1015.9  15.0  14.2  12.8   MM   MM    MM
2026 09 10 14 00 180  2.0  3.0   0.1    MM    MM 323 1015.6  15.1  14.3  12.7   MM +1.9    MM
2026 09 10 13 40 230  1.0  2.0   0.1    MM    MM 316 1015.3  14.8  14.5  12.6   MM   MM    MM
2026 09 10 13 20 230  2.0  2.0   0.1    MM    MM 315 1015.2  14.6  14.8  12.5   MM   MM    MM
2026 09 10 13 00 260  2.0  2.0   0.1    MM    MM 310 1014.8  14.5  14.8  12.4   MM +1.6    MM
2026 09 10 12 40 290  2.0  2.0   0.1    MM    MM 303 1014.7  14.2  14.9  12.2   MM   MM    MM
2026 09 10 12 20 280  3.0  3.0   0.1    MM    MM 307 1014.7  14.4  14.2  12.3   MM   MM    MM
2026 09 10 12 00 240  3.0  3.0   0.1    MM    MM 309 1014.4  14.5  14.5  12.3   MM +1.7    MM
2026 09 10 11 40 250  2.0  3.0   0.1    MM    MM 315 1014.1  14.7  15.0  12.4   MM   MM    MM
2026 09 10 11 20 260  2.0  3.0   0.1    MM    MM 307 1013.9  14.8    MM  12.5   MM   MM    MM
2026 09 10 11 00 260  2.0  3.0   0.1    MM    MM 313 1013.7  14.8    MM  12.5   MM +1.4    MM
2026 09 10 10 40 260  2.0  3.0   0.1    MM    MM 313 1013.7  14.9    MM  12.5   MM   MM    MM
2026 09 10 10 20 260  3.0  3.0   0.1    MM    MM 306 1013.6  15.2    MM  12.7   MM   MM    MM
2026 09 10 10 00 260  3.0  4.0   0.1    MM    MM 310 1013.3  15.3    MM  13.0   MM +1.1    MM
2026 09 10 09 40 280  3.0  4.0   0.2    MM    MM 300 1012.9  15.6    MM  13.1   MM   MM    MM
2026 09 10 09 20 260  2.0  3.0   0.1    MM    MM 321 1012.7  15.6    MM  13.2   MM   MM    MM
2026 09 10 09 00 240  2.0  3.0   0.2    MM    MM 323 1012.7  15.3    MM  13.1   MM +0.5    MM
2026 09 10 08 40 250  2.0  2.0   0.2    MM    MM  30 1012.6  15.2    MM  13.0   MM   MM    MM
2026 09 10 08 20 260  2.0  3.0   0.2    MM    MM  33 1012.7  15.4    MM  13.1   MM   MM    MM
2026 09 10 08 00 250  4.0  5.0   0.2    MM    MM  26 1012.4  15.9    MM  13.5   MM +0.5    MM
2026 09 10 07 40 260  4.0  5.0   0.1    MM    MM  11 1012.3  16.3    MM  13.6   MM   MM    MM
2026 09 10 07 20 240  5.0  6.0   0.1    MM    MM  38 1012.2  16.7    MM  13.8   MM   MM    MM
2026 09 10 07 00 230  5.0  6.0   0.1    MM    MM  53 1012.2  16.9    MM  13.9   MM +0.6    MM
2026 09 10 06 40 240  5.0  6.0   0.1    MM    MM  69 1012.1  16.8    MM  13.9   MM   MM    MM
2026 09 10 06 20 250  5.0  6.0   0.1    MM    MM  33 1012.0  16.7    MM  13.9   MM   MM    MM
2026 09 10 06 00 250  5.0  6.0   0.1    MM    MM 343 1012.2  16.9    MM  14.0   MM +0.9    MM
2026 09 10 05 40 250  5.0  6.0   0.1    MM    MM 301 1012.0  16.8    MM  13.7   MM   MM    MM
2026 09 10 05 20 250  4.0  5.0   0.1    MM    MM 276 1012.0  16.6    MM  13.5   MM   MM    MM
2026 09 10 05 00 260  4.0  5.0   0.1    MM    MM 296 1011.9  15.5    MM  12.4   MM +1.0    MM
2026 09 10 04 40 270  4.0  5.0   0.1    MM    MM  19 1011.8  14.0    MM  10.7   MM   MM    MM
2026 09 10 04 00 280  5.0  8.0   0.2    MM    MM  48 1011.6  16.0   7.2  11.6   MM +1.1    MM
2026 09 10 03 40 280  6.0  8.0   0.2    MM    MM  65 1011.5  16.3   7.3  11.7   MM   MM    MM
2026 09 10 03 20 270  6.0 10.0   0.2    MM    MM  62 1011.3  16.4   7.3  11.6   MM   MM    MM
2026 09 10 03 00 260  6.0  9.0   0.2    MM    MM  61 1011.3  16.3   7.2  11.5   MM +1.1    MM
2026 09 10 02 40 260  6.0  8.0   0.2    MM    MM  52 1011.0  16.2   7.0  11.3   MM   MM    MM
2026 09 10 02 20 250  5.0  7.0   0.2    MM    MM  54 1011.0  16.1   6.8  11.2   MM   MM    MM
2026 09 10 02 00 250  5.0  7.0   0.2    MM    MM  72 1010.9  16.3   6.4  11.3   MM +0.8    MM
2026 09 10 01 40 250  5.0  7.0   0.2    MM    MM  60 1010.8  16.2   6.4  11.1   MM   MM    MM
2026 09 10 01 20 260  4.0  6.0   0.2    MM    MM  61 1010.7  16.0   6.5  10.9   MM   MM    MM
2026 09 10 01 00 250  5.0  8.0   0.2    MM    MM  66 1010.5  16.8   6.5  11.2   MM +0.4    MM
2026 09 10 00 40 250  6.0  9.0   0.2    MM    MM  74 1010.4  17.4   6.6  11.4   MM   MM    MM
2026 09 10 00 20 250  6.0 10.0   0.3    MM    MM  81 1010.2  17.1   6.1  11.4   MM   MM    MM
2026 09 10 00 00 260  7.0 10.0   0.3    MM    MM  86 1010.2  17.4   6.1  11.3   MM +0.5    MM
2026 09 09 23 40 260  7.0  9.0   0.3    MM    MM  89 1010.1  17.3   6.1  11.0   MM   MM    MM
2026 09 09 23 20 260  7.0  9.0   0.3    MM    MM  91 1010.1  17.3   6.2  10.9   MM   MM    MM
2026 09 09 23 00 260  8.0 11.0   0.3    MM    MM 100 1010.1  17.7   6.1  11.0   MM +0.6    MM
2026 09 09 22 40 260  9.0 12.0   0.4    MM    MM 104 1010.1  17.9   6.2  10.9   MM   MM    MM
2026 09 09 22 20 250  9.0 14.0   0.4    MM    MM  96 1010.2  18.2   6.4  11.2   MM   MM    MM
2026 09 09 22 00 250 11.0 14.0   0.4    MM    MM 110 1010.1  18.7   6.5  11.3   MM +1.0    MM
2026 09 09 21 40 250 10.0 14.0   0.4    MM    MM 107 1010.0  18.3   6.7  11.1   MM   MM    MM
2026 09 09 21 20 250 11.0 15.0   0.5    MM    MM 101 1009.9  18.4   7.0  11.0   MM   MM    MM
2026 09 09 21 00 250  9.0 15.0   0.5    MM    MM 100 1009.7  17.7   7.4  11.1   MM +1.1    MM
2026 09 09 20 40 250 13.0 18.0   0.5    MM    MM 103 1009.4  18.7   8.1  11.3   MM   MM    MM
2026 09 09 20 20 250 11.0 16.0   0.5    MM    MM 112 1009.5  18.2   8.5  11.6   MM   MM    MM
2026 09 09 20 00 250 12.0 15.0   0.5    MM    MM 110 1009.5  18.2   9.7  11.8   MM +1.5    MM
2026 09 09 19 40 240 11.0 16.0   0.5    MM    MM 116 1009.6  18.5  10.6  12.4   MM   MM    MM
2026 09 09 19 20 250 13.0 16.0   0.5    MM    MM 104 1009.4  18.6  12.0  12.5   MM   MM    MM
2026 09 09 19 00 250 13.0 17.0   0.5    MM    MM 102 1009.1  19.0  13.1  12.6   MM +1.2    MM
2026 09 09 18 40 250 11.0 16.0   0.5    MM    MM 106 1009.0  19.2  14.5  12.9   MM   MM    MM
2026 09 09 18 20 250 12.0 16.0   0.5    MM    MM 102 1008.8  19.5  15.7  13.1   MM   MM    MM
2026 09 09 18 00 240 13.0 18.0   0.5    MM    MM 114 1008.6  20.2  16.2  13.6   MM -0.0    MM
2026 09 09 17 40 240 11.0 16.0   0.5    MM    MM 115 1008.4  20.7  16.3  13.3   MM   MM    MM
2026 09 09 17 20 240 11.0 15.0   0.5    MM    MM 115 1008.1  20.8  16.4  13.2   MM   MM    MM
2026 09 09 17 00 250 12.0 16.0   0.5    MM    MM 106 1008.0  21.0  16.6  12.8   MM -1.2    MM
2026 09 09 16 40 240 10.0 14.0   0.4    MM    MM 107 1007.7  21.2  16.7  13.1   MM   MM    MM
2026 09 09 16 20 240 10.0 14.0   0.4    MM    MM 115 1008.1  21.1  16.6  13.4   MM   MM    MM
2026 09 09 16 00 240  9.0 14.0   0.4    MM    MM 127 1007.9  20.7  16.8  13.5   MM -1.4    MM
2026 09 09 15 40 240  9.0 14.0   0.4    MM    MM 138 1008.6  20.6  17.1  13.7   MM   MM    MM
2026 09 09 15 20 240  9.0 12.0   0.3    MM    MM 130 1008.8  20.4  16.7  13.9   MM   MM    MM
2026 09 09 15 00 240  9.0 13.0   0.3    MM    MM 123 1008.7  20.4  16.5  13.8   MM +0.0    MM
2026 09 09 14 40 250  7.0 10.0   0.3    MM    MM 107 1009.0  20.0  16.4  14.3   MM   MM    MM
2026 09 09 14 20 240  7.0 11.0   0.3    MM    MM 108 1009.0  19.9  16.3  14.3   MM   MM    MM
2026 09 09 14 00 240  7.0  9.0   0.2    MM    MM  78 1009.1  19.9  16.9  14.3   MM -0.0    MM
2026 09 09 13 40 240  6.0  9.0   0.2    MM    MM  81 1009.2  19.3  16.6  14.5   MM   MM    MM
2026 09 09 13 20 230  7.0  8.0   0.3    MM    MM  81 1009.3  18.7  16.6  14.4   MM   MM    MM
2026 09 09 13 00 230  7.0  9.0   0.3    MM    MM  76 1009.4  18.4  16.5  14.4   MM -0.0    MM
2026 09 09 12 40 220  7.0  8.0   0.3    MM    MM  77 1009.1  17.6  16.6  14.6   MM   MM    MM
2026 09 09 12 20 220  6.0  8.0   0.3    MM    MM  68 1008.8  17.5  16.7  14.7   MM   MM    MM
2026 09 09 12 00 230  6.0  7.0   0.2    MM    MM  65 1008.7  17.5  16.6  14.8   MM -0.6    MM
2026 09 09 11 40 230  6.0  7.0   0.2    MM    MM  70 1008.7  17.6  16.4  14.8   MM   MM    MM
2026 09 09 11 20 220  6.0  7.0   0.2    MM    MM  87 1008.9  17.8  16.4  14.9   MM   MM    MM
2026 09 09 11 00 230  5.0  6.0   0.1    MM    MM  91 1009.0  18.2  16.4  15.1   MM +0.0    MM
2026 09 09 10 40 240  5.0  6.0   0.2    MM    MM  86 1009.1  18.9  16.4  15.5   MM   MM    MM
2026 09 09 10 20 240  5.0  6.0   0.2    MM    MM  95 1009.1  19.1  16.5  15.6   MM   MM    MM
2026 09 09 10 00 250  6.0  8.0   0.2    MM    MM 101 1009.2  19.7  16.6  15.6   MM +0.4    MM
2026 09 09 09 40 250  5.0  7.0   0.2    MM    MM 109 1009.3  19.7  16.7  15.4   MM   MM    MM
2026 09 09 09 20 260  6.0  9.0   0.2    MM    MM 113 1009.2  20.5  16.8  15.2   MM   MM    MM
2026 09 09 09 00 250  7.0 10.0   0.2    MM    MM  95 1009.2  20.9  17.0  15.3   MM +0.4    MM
2026 09 09 08 40 250  5.0  7.0   0.2    MM    MM  99 1009.2  20.4  17.1  15.8   MM   MM    MM
2026 09 09 08 20 250  6.0  9.0   0.2    MM    MM  87 1009.2  21.1  17.1  16.0   MM   MM    MM
2026 09 09 08 00 260  5.0  8.0   0.2    MM    MM  83 1009.1  20.6  17.2  17.6   MM -0.2    MM
2026 09 09 07 40 250  6.0  7.0   0.2    MM    MM  90 1008.9  20.0  17.2  18.1   MM   MM    MM
2026 09 09 07 20 230  6.0  7.0   0.2    MM    MM  94 1008.8  19.7  17.3  17.9   MM   MM    MM
2026 09 09 07 00 220  6.0  7.0   0.2    MM    MM  89 1008.8  19.4  17.3  17.7   MM -0.8    MM
2026 09 09 06 40 220  6.0  7.0   0.3    MM    MM  84 1008.9  19.7  17.3  17.8   MM   MM    MM
2026 09 09 06 20 220  5.0  7.0   0.3    MM    MM  90 1009.0  19.1  17.3  17.3   MM   MM    MM
2026 09 09 06 00 200  6.0  8.0   0.3    MM    MM  99 1008.8  19.1  17.4  17.4   MM -1.1    MM
2026 09 09 05 40 210  6.0  7.0   0.3    MM    MM  97 1009.0  19.1  17.4  17.3   MM   MM    MM
2026 09 09 05 20 210  5.0  6.0   0.3    MM    MM  94 1009.2  19.0  17.5  17.2   MM   MM    MM
2026 09 09 05 00 210  6.0  7.0   0.3    MM    MM  83 1009.3  19.0  17.7  17.1   MM -0.9    MM
2026 09 09 04 40 210  5.0  6.0   0.3    MM    MM  79 1009.5  18.9  17.9  17.0   MM   MM    MM
2026 09 09 04 00 210  5.0  6.0   0.3    MM    MM  85 1009.6  19.3  18.1  17.0   MM -0.6    MM
2026 09 09 03 40 210  6.0  7.0   0.3    MM    MM  87 1009.7  19.6  18.2  17.1   MM   MM    MM
2026 09 09 03 20 210  5.0  6.0   0.3    MM    MM  87 1009.7  19.7  18.3  17.3   MM   MM    MM
2026 09 09 03 00 210  5.0  6.0   0.3    MM    MM  84 1010.0  19.6  18.3  17.2   MM   MM    MM
2026 09 09 02 40 210  5.0  6.0   0.3    MM    MM  87 1010.1  19.5  18.4  17.2   MM   MM    MM
2026 09 09 02 20 210  6.0  7.0   0.3    MM    MM  89 1010.1  19.6  18.4  17.2   MM   MM    MM
2026 09 09 02 00 210  6.0  8.0   0.3    MM    MM  86 1010.2  20.0  18.5  17.5   MM   MM    MM
2026 09 09 01 40 210  5.0  7.0   0.3    MM    MM  88 1010.1  20.0  18.5  17.6   MM   MM    MM
2026 09 09 01 20 210  6.0  7.0   0.3    MM    MM  86 1010.2  20.2  18.5  17.7   MM   MM    MM
2026 09 09 01 00 210  5.0  7.0   0.3    MM    MM  85 1010.2  20.0  18.6  17.6   MM   MM    MM
2026 09 08 20 00 200  6.0  7.0   0.4    MM    MM  89 1011.7  20.6  19.2  17.7   MM -2.1    MM
2026 09 08 19 40 200  4.0  5.0   0.4    MM    MM  88 1012.1  20.5  19.2  17.8   MM   MM    MM
2026 09 08 19 20 200  5.0  7.0   0.4    MM    MM  88 1012.2  20.6  19.2  17.7   MM   MM    MM
2026 09 08 19 00 200  5.0  7.0   0.4    MM    MM  90 1012.4  20.1  19.3  17.4   MM -2.4    MM
2026 09 08 18 40 200  7.0  8.0   0.5    MM    MM  93 1012.8  20.1  19.3  17.2   MM   MM    MM
2026 09 08 18 20 200  8.0 10.0   0.5    MM    MM  98 1012.9  19.9  19.4  17.1   MM   MM    MM
2026 09 08 18 00 200  9.0 10.0   0.5    MM    MM  97 1013.0  19.8  19.4  17.0   MM -2.4    MM
2026 09 08 17 40 200  8.0 10.0   0.4    MM    MM  97 1013.4  19.7  19.4  17.1   MM   MM    MM
2026 09 08 17 20 200  7.0 10.0   0.4    MM    MM  98 1013.7  19.8  19.5  17.1   MM   MM    MM
2026 09 08 17 00 200  7.0  9.0   0.4    MM    MM  96 1013.9  19.6  19.5  17.0   MM -2.9    MM
2026 09 08 16 40 200  6.0  8.0   0.5    MM    MM  91 1014.2  19.4  19.5  16.7   MM   MM    MM
2026 09 08 16 20 210  6.0  8.0   0.5    MM    MM  96 1014.6  19.2  19.4  16.6   MM   MM    MM
2026 09 08 16 00 200  7.0  9.0   0.6    MM    MM 102 1014.8  19.2  19.4  16.7   MM -3.0    MM
2026 09 08 15 40 190  9.0 12.0   0.6    MM    MM 105 1014.8  18.9  19.4  16.4   MM   MM    MM
2026 09 08 15 20 180  9.0 11.0   0.5    MM    MM 107 1015.0  18.6  19.4  16.2   MM   MM    MM
2026 09 08 15 00 190  8.0 10.0   0.5    MM    MM 111 1015.4  18.1  19.4  16.3   MM -2.1    MM
2026 09 08 14 40 190  9.0 12.0   0.4    MM    MM 110 1016.0  17.8  19.4  16.0   MM   MM    MM
2026 09 08 14 20 200  7.0  9.0   0.4    MM    MM 100 1016.6  17.7  19.4  16.1   MM   MM    MM
2026 09 08 14 00  MM   MM   MM   0.4    MM    MM 103 1016.8  18.0  19.4  16.2   MM -0.8    MM
2026 09 08 13 40 200  8.0 10.0   0.4    MM    MM  99 1017.2  18.1  19.4  16.1   MM   MM    MM
2026 09 08 13 20 200  6.0  7.0   0.3    MM    MM  91 1017.3  18.2  19.4  16.1   MM   MM    MM
2026 09 08 13 00 230  4.0  5.0   0.4    MM    MM  81 1017.8  18.3  19.4  15.9   MM +1.3    MM
2026 09 08 12 40 220  6.0  7.0   0.4    MM    MM  96 1017.9  18.8  19.4  16.0   MM   MM    MM
2026 09 08 12 20 210  7.0  9.0   0.4    MM    MM 102 1017.7  19.2  19.4  16.2   MM   MM    MM
2026 09 08 12 00 200  8.0 10.0   0.3    MM    MM 105 1017.5  19.9  19.4  16.3   MM +1.2    MM
2026 09 08 11 40 200  7.0  9.0   0.3    MM    MM 104 1017.4  20.1  19.4  16.2   MM   MM    MM
2026 09 08 11 20 210  7.0 10.0   0.3    MM    MM 101 1017.4  20.4  19.3  16.0   MM   MM    MM
2026 09 08 11 00 220  5.0  7.0   0.3    MM    MM 101 1017.6  20.4  19.3  16.4   MM +1.1    MM
2026 09 08 10 40 210  5.0  7.0   0.3    MM    MM 103 1017.2  20.4  19.4  16.8   MM   MM    MM
2026 09 08 10 20 190  4.0  6.0   0.2    MM    MM 105 1016.6  20.7  19.4  16.4   MM   MM    MM
2026 09 08 10 00 190  4.0  5.0   0.2    MM    MM  92 1016.5  20.7  19.4  16.5   MM +0.0    MM
2026 09 08 09 40 170  3.0  5.0   0.2    MM    MM  53 1016.1  20.6  19.4  16.7   MM   MM    MM
2026 09 08 09 20 180  3.0  4.0   0.2    MM    MM  65 1016.5  20.6  19.4  17.2   MM   MM    MM
2026 09 08 09 00 170  3.0  4.0   0.2    MM    MM  72 1016.4  20.8  19.4  17.2   MM -1.3    MM
2026 09 08 08 40 180  2.0  3.0   0.2    MM    MM  66 1016.5  20.5  19.4  17.5   MM   MM    MM
2026 09 08 08 20 190  2.0  2.0   0.2    MM    MM  72 1016.3  20.4  19.4  17.8   MM   MM    MM
2026 09 08 08 00 200  3.0  4.0   0.3    MM    MM  91 1016.5  20.6  19.4  17.7   MM -1.8    MM
2026 09 08 07 40 200  5.0  6.0   0.3    MM    MM 103 1016.4  20.7  19.4  17.6   MM   MM    MM
2026 09 08 07 20 190  6.0  7.0   0.3    MM    MM 109 1016.3  20.8  19.4  17.7   MM   MM    MM
2026 09 08 07 00 190  6.0  8.0   0.3    MM    MM 109 1016.6  20.8  19.4  17.7   MM -1.8    MM
2026 09 08 06 40 200  6.0  7.0   0.3    MM    MM  97 1017.2  20.9  19.4  17.8   MM   MM    MM
2026 09 08 06 20 190  5.0  7.0   0.2    MM    MM  81 1017.4  20.8  19.4  17.9   MM   MM    MM
2026 09 08 06 00 190  3.0  4.0   0.2    MM    MM  85 1017.7  20.3  19.4  17.8   MM -0.6    MM
2026 09 08 05 40 190  4.0  5.0   0.2    MM    MM  90 1017.9  20.5  19.4  17.6   MM   MM    MM
2026 09 08 05 20 190  5.0  7.0   0.2    MM    MM  59 1018.2  20.6  19.4  17.5   MM   MM    MM
2026 09 08 05 00 170  3.0  4.0   0.1    MM    MM 340 1018.3  20.4  19.4  17.9   MM +0.3    MM
2026 09 08 04 40 160  2.0  3.0   0.1    MM    MM 334 1018.4  20.4  19.4  18.0   MM   MM    MM
2026 09 08 04 00 170  2.0  2.0   0.1    MM    MM 340 1018.4  20.3  19.5  18.0   MM +1.1    MM
2026 09 08 03 40 180  1.0  1.0   0.2    MM    MM   0 1018.4  20.4  19.5  18.0   MM   MM    MM
2026 09 08 03 20 190  2.0  2.0   0.2    MM    MM  12 1018.4  20.4  19.5  18.1   MM   MM    MM
2026 09 08 03 00 170  2.0  3.0   0.2    MM    MM  19 1018.3  20.7  19.5  18.1   MM +0.4    MM
2026 09 08 02 40 170  2.0  2.0   0.2    MM    MM  25 1018.4  20.6  19.5  18.2   MM   MM    MM
2026 09 08 02 20 220  2.0  3.0   0.2    MM    MM  16 1018.4  20.6  19.5  18.3   MM   MM    MM
2026 09 08 02 00 190  3.0  3.0   0.2    MM    MM   2 1018.0  21.0  19.5  18.0   MM -0.0    MM
2026 09 08 01 40 190  3.0  4.0   0.2    MM    MM   2 1017.8  21.3  19.5  17.9   MM   MM    MM
2026 09 08 01 20 200  3.0  3.0   0.2    MM    MM  21 1017.6  21.0  19.6  18.2   MM   MM    MM
2026 09 08 01 00 140  1.0  1.0   0.2    MM    MM  26 1017.3  20.5  19.5  18.2   MM -0.4    MM
2026 09 08 00 40  60  1.0  2.0   0.1    MM    MM  12 1017.5  20.4  19.6  18.3   MM   MM    MM
2026 09 08 00 20 110  1.0  2.0   0.1    MM    MM   9 1017.6  21.1  19.6  18.3   MM   MM    MM
2026 09 08 00 00  50  2.0  2.0   0.1    MM    MM  27 1017.8  20.6  19.6  18.3   MM -0.3    MM
2026 09 07 23 40  30  2.0  3.0   0.1    MM    MM  43 1017.7  20.1  19.6  18.4   MM   MM    MM
2026 09 07 23 20  70  3.0  4.0   0.1    MM    MM  60 1017.5  20.1  19.6  18.3   MM   MM    MM
2026 09 07 23 00  50  3.0  4.0   0.1    MM    MM  56 1017.9  20.5  19.6  18.4   MM -0.8    MM
2026 09 07 22 40  50  3.0  4.0   0.2    MM    MM  60 1018.0  20.7  19.7  18.4   MM   MM    MM
2026 09 07 22 20  40  4.0  5.0   0.2    MM    MM  82 1017.9  20.6  19.7  18.3   MM   MM    MM
2026 09 07 22 00  50  4.0  5.0   0.2    MM    MM  98 1017.7  20.4  19.7  18.4   MM -1.4    MM
2026 09 07 21 40  40  3.0  4.0   0.2    MM    MM  99 1017.9  20.4  19.7  18.3   MM   MM    MM
2026 09 07 21 20  50  3.0  4.0   0.2    MM    MM  96 1018.1  20.3  19.7  18.4   MM   MM    MM
2026 09 07 21 00  70  4.0  5.0   0.2    MM    MM  95 1018.1  20.5  19.7  18.1   MM -1.5    MM
2026 09 07 20 40  60  3.0  4.0   0.2    MM    MM  99 1018.1  20.4  19.8  18.1   MM   MM    MM
2026 09 07 20 20  70  4.0  5.0   0.2    MM    MM 100 1018.4  20.4  19.7  17.9   MM   MM    MM
2026 09 07 20 00  80  4.0  5.0   0.2    MM    MM  96 1018.7  20.5  19.8  17.8   MM -1.1    MM
2026 09 07 19 40 100  5.0  6.0   0.2    MM    MM  87 1018.8  20.7  19.7  17.6   MM   MM    MM
2026 09 07 19 20 100  5.0  6.0   0.1    MM    MM  82 1019.0  20.9  19.5  17.9   MM   MM    MM
2026 09 07 19 00 100  3.0  6.0   0.1    MM    MM 330 1019.1  23.6  19.4  18.9   MM -1.2    MM
2026 09 07 18 40  MM  0.0  1.0   0.1    MM    MM 164 1019.3  24.7  19.3  19.4   MM   MM    MM
2026 09 07 18 20  MM  0.0  1.0   0.1    MM    MM 105 1019.5  23.3  19.3  17.7   MM   MM    MM
2026 09 07 18 00  MM  0.0  1.0   0.1    MM    MM  96 1019.6  23.9  19.3  17.8   MM -0.9    MM
2026 09 07 17 40 230  1.0  1.0   0.1    MM    MM 107 1019.8  22.4  19.3  18.2   MM   MM    MM
2026 09 07 17 20 190  2.0  2.0   0.1    MM    MM 116 1019.9  21.6  19.2  18.0   MM   MM    MM
2026 09 07 17 00 180  3.0  4.0   0.1    MM    MM 110 1019.8  21.3  19.1  17.8   MM -0.7    MM
2026 09 07 16 40 180  3.0  3.0   0.2    MM    MM 111 1019.9  20.9  19.1  17.7   MM   MM    MM
2026 09 07 16 20 190  2.0  3.0   0.2    MM    MM 112 1020.3  20.6  19.1  17.7   MM   MM    MM
2026 09 07 16 00 180  3.0  3.0   0.2    MM    MM 112 1020.3  20.4  19.0  17.7   MM +0.2    MM
2026 09 07 15 40 200  4.0  4.0   0.2    MM    MM 101 1020.5  20.3  19.0  17.4   MM   MM    MM
2026 09 07 15 20 210  3.0  3.0   0.3    MM    MM  90 1020.5  20.1  19.0  17.7   MM   MM    MM
2026 09 07 15 00 220  4.0  4.0   0.2    MM    MM 101 1020.5  20.0  19.0  17.4   MM +0.7    MM
2026 09 07 14 40 210  5.0  6.0   0.3    MM    MM  98 1020.5  19.8  18.9  17.2   MM   MM    MM
2026 09 07 14 20 210  5.0  7.0   0.3    MM    MM 100 1020.4  19.4  18.9  17.1   MM   MM    MM
2026 09 07 14 00 220  5.0  7.0   0.2    MM    MM  91 1020.4  19.2  18.9  16.9   MM +0.8    MM
2026 09 07 13 40 230  4.0  5.0   0.2    MM    MM  89 1020.4  19.0  18.9  16.7   MM   MM    MM
2026 09 07 13 20 240  4.0  4.0   0.2    MM    MM  91 1020.3  19.0  18.9  16.8   MM   MM    MM
2026 09 07 13 00 230  3.0  4.0   0.2    MM    MM  88 1020.1  18.9  18.9  16.8   MM +0.3    MM
2026 09 07 12 40 220  3.0  5.0   0.2    MM    MM  93 1019.9  18.8  18.9  16.8   MM   MM    MM
2026 09 07 12 20 220  5.0  6.0   0.2    MM    MM  98 1019.8  18.6  18.9  16.6   MM   MM    MM
2026 09 07 12 00 220  5.0  6.0   0.2    MM    MM  96 1019.7  18.5  18.9  16.5   MM +0.3    MM
2026 09 07 11 40 230  4.0  5.0   0.2    MM    MM 101 1020.0  18.7  18.9  16.6   MM   MM    MM
2026 09 07 11 20 230  4.0  5.0   0.2    MM    MM  96 1019.8  18.7  18.9  16.7   MM   MM    MM
2026 09 07 11 00 230  4.0  5.0   0.2    MM    MM  82 1019.7  18.8  18.9  16.7   MM -0.0    MM
2026 09 07 10 40 230  5.0  6.0   0.1    MM    MM  65 1019.7  18.8  18.9  16.7   MM   MM    MM
2026 09 07 10 20 240  4.0  5.0   0.1    MM    MM 325 1019.8  18.9  18.9  16.8   MM   MM    MM
2026 09 07 10 00 250  4.0  5.0   0.1    MM    MM 347 1019.8  18.8  18.9  16.8   MM +0.8    MM
2026 09 07 09 40 250  3.0  4.0   0.1    MM    MM   6 1019.8  18.8  18.9  16.7   MM   MM    MM
2026 09 07 09 20 250  3.0  4.0   0.1    MM    MM  69 1019.5  18.8  18.9  16.8   MM   MM    MM
2026 09 07 09 00 240  3.0  4.0   0.2    MM    MM  71 1019.5  18.5  18.9  16.7   MM -0.0    MM
2026 09 07 08 40 230  4.0  5.0   0.2    MM    MM  44 1019.6  18.6  18.9  16.6   MM   MM    MM
2026 09 07 08 20 240  4.0  5.0   0.1    MM    MM 309 1019.9  18.5  19.0  16.6   MM   MM    MM
2026 09 07 08 00 250  4.0  5.0   0.1    MM    MM 299 1019.8  18.0  18.9  16.3   MM +0.3    MM
2026 09 07 07 40 270  3.0  4.0   0.1    MM    MM 307 1019.6  18.0  19.0  16.4   MM   MM    MM
2026 09 07 07 20 260  2.0  3.0   0.1    MM    MM 309 1019.0  17.7  19.0  16.2   MM   MM    MM
2026 09 07 07 00 260  2.0  3.0   0.1    MM    MM 316 1019.0  18.3  19.0  16.5   MM -0.3    MM
2026 09 07 06 40 230  3.0  3.0   0.1    MM    MM 317 1019.1  18.4  19.0  16.5   MM   MM    MM
2026 09 07 06 20 270  2.0  2.0   0.1    MM    MM 303 1019.5  17.7  19.0  16.2   MM   MM    MM
2026 09 07 06 00 290  3.0  3.0   0.2    MM    MM 293 1019.4  17.7  19.0  16.1   MM +1.3    MM
2026 09 07 05 40 280  2.0  3.0   0.2    MM    MM 316 1019.5  18.2  19.0  16.5   MM   MM    MM
2026 09 07 05 20 310  1.0  2.0   0.2    MM    MM 324 1019.5  18.7  19.0  17.0   MM   MM    MM
2026 09 07 05 00  MM  0.0  1.0   0.2    MM    MM 334 1019.5    MM  19.0    MM   MM +1.2    MM
2026 09 07 04 40  50  1.0  1.0   0.2    MM    MM 326 1019.7  19.4  19.0  17.0   MM   MM    MM
2026 09 07 04 00  40  2.0  2.0   0.2    MM    MM   2 1019.3  19.4  19.0  17.2   MM +1.1    MM
2026 09 07 03 40  30  1.0  2.0   0.2    MM    MM   1 1019.0  19.4  19.0  17.4   MM   MM    MM
2026 09 07 03 20  70  2.0  3.0   0.2    MM    MM 360 1018.7  19.7  19.0  17.0   MM   MM    MM
2026 09 07 03 00  60  2.0  2.0   0.3    MM    MM   7 1018.2  19.7  19.0  17.0   MM -0.3    MM
2026 09 07 02 40  50  2.0  3.0   0.3    MM    MM  15 1018.1  19.6  19.0  17.2   MM   MM    MM
2026 09 07 02 20  50  3.0  4.0   0.3    MM    MM  32 1018.3  19.7  19.0  17.3   MM   MM    MM
2026 09 07 02 00  50  3.0  3.0   0.3    MM    MM  36 1018.3  19.7  19.0  17.4   MM +0.0    MM
2026 09 07 01 40  50  3.0  4.0   0.3    MM    MM  60 1018.4  19.7  19.0  17.4   MM   MM    MM
2026 09 07 01 20  60  4.0  6.0   0.3    MM    MM  69 1018.2  19.5  19.1  17.5   MM   MM    MM
2026 09 07 01 00  50  4.0  5.0   0.3    MM    MM  81 1018.2  19.5  19.1  17.5   MM -0.5    MM
2026 09 07 00 40  60  5.0  6.0   0.3    MM    MM 100 1018.2  19.5  19.1  17.5   MM   MM    MM
2026 09 07 00 20  60  5.0  7.0   0.3    MM    MM  93 1018.3  19.7  19.2  17.2   MM   MM    MM
2026 09 07 00 00  50  5.0  6.0   0.3    MM    MM  94 1018.5  19.7  19.2  17.3   MM -0.3    MM
2026 09 06 23 40  50  5.0  6.0   0.3    MM    MM  97 1018.6  19.8  19.2  17.3   MM   MM    MM
2026 09 06 23 20  50  5.0  6.0   0.3    MM    MM  96 1018.4  19.9  19.2  17.3   MM   MM    MM
2026 09 06 23 00  50  5.0  6.0   0.3    MM    MM  97 1018.4  20.0  19.2  17.2   MM -0.6    MM
2026 09 06 22 40  60  5.0  6.0   0.3    MM    MM  95 1018.3  20.0  19.3  17.1   MM   MM    MM
2026 09 06 22 20  50  5.0  6.0   0.3    MM    MM 103 1018.6  20.0  19.3  17.1   MM   MM    MM
2026 09 06 22 00  40  5.0  6.0   0.3    MM    MM 100 1018.7  20.0  19.3  17.1   MM -1.0    MM
2026 09 06 21 40  50  5.0  6.0   0.3    MM    MM  92 1018.7  20.0  19.3  17.0   MM   MM    MM
2026 09 06 21 20  50  5.0  6.0   0.3    MM    MM  91 1018.8  20.0  19.3  16.8   MM   MM    MM
2026 09 06 21 00  60  4.0  6.0   0.3    MM    MM  85 1018.8  19.9  19.3  16.9   MM -1.3    MM
2026 09 06 20 40  50  5.0  6.0   0.3    MM    MM  91 1018.8  19.9  19.3  16.8   MM   MM    MM
2026 09 06 20 20  50  4.0  5.0   0.2    MM    MM  97 1018.9  19.8  19.3  17.0   MM   MM    MM
2026 09 06 20 00  50  4.0  5.0   0.2    MM    MM 100 1019.0  19.6  19.2  17.0   MM -1.3    MM
2026 09 06 19 40  50  4.0  5.0   0.3    MM    MM  97 1019.1  19.6  19.3  17.0   MM   MM    MM
2026 09 06 19 20  60  4.0  6.0   0.2    MM    MM  93 1019.2  19.5  19.2  17.1   MM   MM    MM
2026 09 06 19 00  60  4.0  6.0   0.2    MM    MM  93 1019.7  19.3  19.3  17.0   MM -0.7    MM
2026 09 06 18 40  70  5.0  6.0   0.2    MM    MM  87 1019.9  19.2  19.4  16.6   MM   MM    MM
2026 09 06 18 20  70  5.0  6.0   0.2    MM    MM  87 1020.1  19.2  19.2  16.5   MM   MM    MM
2026 09 06 18 00  70  4.0  5.0   0.1    MM    MM  94 1020.1  19.3  19.2  16.4   MM -0.4    MM
2026 09 06 17 40  60  3.0  4.0   0.1    MM    MM  80 1020.1  19.3  19.1  16.1   MM   MM    MM
2026 09 06 17 20  50  3.0  3.0   0.1    MM    MM  95 1020.1  19.2  19.1  16.0   MM   MM    MM
2026 09 06 17 00  50  2.0  3.0   0.1    MM    MM  67 1020.3  19.1  19.0  15.9   MM -0.5    MM
2026 09 06 16 40  40  2.0  3.0   0.1    MM    MM   4 1020.3  19.1  19.0  15.9   MM   MM    MM
2026 09 06 16 20  40  1.0  2.0   0.1    MM    MM   3 1020.3  18.9  19.0  15.6   MM   MM    MM
2026 09 06 16 00  60  2.0  2.0   0.1    MM    MM   4 1020.3  18.7  18.9  15.8   MM +0.0    MM
2026 09 06 15 40  70  1.0  2.0   0.1    MM    MM   4 1020.5  18.9  18.9  15.9   MM   MM    MM
2026 09 06 15 20 100  1.0  1.0   0.1    MM    MM 347 1020.5  19.2  18.9  15.9   MM   MM    MM
2026 09 06 15 00 130  1.0  1.0   0.1    MM    MM 337 1020.5  18.9  18.9  15.8   MM +0.4    MM
2026 09 06 14 40 100  1.0  2.0   0.1    MM    MM 359 1020.6  19.1  18.9  16.1   MM   MM    MM
2026 09 06 14 20  70  1.0  1.0   0.1    MM    MM 356 1020.6  19.7  18.9  16.4   MM   MM    MM
2026 09 06 14 00 280  1.0  1.0   0.1    MM    MM 331 1020.7  17.9  18.9  15.6   MM +1.0    MM
2026 09 06 13 40 290  1.0  1.0   0.1    MM    MM 333 1020.7  17.3  18.9  15.3   MM   MM    MM
2026 09 06 13 20 280  1.0  2.0   0.1    MM    MM 322 1020.8  17.0  18.9  15.3   MM   MM    MM
2026 09 06 13 00 310  1.0  1.0   0.1    MM    MM 284 1020.4  16.7  18.9  15.1   MM +0.8    MM
2026 09 06 12 40 300  2.0  2.0   0.1    MM    MM 244 1020.3  16.1  18.9  14.8   MM   MM    MM
2026 09 06 12 20 290  1.0  2.0   0.1    MM    MM 244 1020.3  16.0  18.9  14.7   MM   MM    MM
2026 09 06 12 00 310  2.0  2.0   0.1    MM    MM 225 1020.1  15.5  18.9  14.5   MM +0.6    MM
2026 09 06 11 40 320  2.0  3.0   0.1    MM    MM 236 1019.9  15.2  18.9  14.2   MM   MM    MM
2026 09 06 11 20 340  2.0  2.0   0.1    MM    MM 224 1019.9  15.5  18.9  14.5   MM   MM    MM
2026 09 06 11 00 300  2.0  3.0   0.1    MM    MM 249 1019.8  15.3  18.9  14.3   MM +0.4    MM
2026 09 06 10 40 310  2.0  2.0   0.1    MM    MM 251 1019.6  16.0  18.9  15.1   MM   MM    MM
2026 09 06 10 20 310  2.0  2.0   0.1    MM    MM 263 1019.6  15.8  18.9  14.9   MM   MM    MM
2026 09 06 10 00 290  1.0  2.0   0.1    MM    MM 274 1019.6  16.0  18.9  15.0   MM +0.0    MM
2026 09 06 09 40 300  1.0  2.0   0.1    MM    MM 249 1019.6  15.7  18.9  14.7   MM   MM    MM
2026 09 06 09 20 300  2.0  3.0   0.1    MM    MM 257 1019.7  15.6  18.9  14.6   MM   MM    MM
2026 09 06 09 00 290  2.0  2.0   0.1    MM    MM 270 1019.5  15.7  18.9  14.6   MM +0.5    MM
2026 09 06 08 40 280  2.0  3.0   0.1    MM    MM 284 1019.7  15.8  18.8  14.7   MM   MM    MM
2026 09 06 08 20 280  2.0  3.0   0.1    MM    MM 293 1019.5  16.3  18.9  15.1   MM   MM    MM
2026 09 06 08 00  MM  0.0  1.0   0.1    MM    MM 254 1019.4  17.4  18.9  16.2   MM +0.6    MM
2026 09 06 07 40  40  2.0  2.0   0.1    MM    MM 259 1019.5  17.1  18.9  16.0   MM   MM    MM
2026 09 06 07 20 330  1.0  2.0   0.1    MM    MM 276 1019.5  16.7  18.9  15.6   MM   MM    MM
2026 09 06 07 00 290  2.0  3.0   0.1    MM    MM 199 1019.6  17.3  18.9  16.0   MM +1.0    MM
2026 09 06 06 40  30  2.0  2.0   0.1    MM    MM 197 1019.5  17.7  18.9  16.2   MM   MM    MM
2026 09 06 06 20  10  2.0  2.0   0.1    MM    MM 248 1019.3  17.7  18.9  16.1   MM   MM    MM
2026 09 06 06 00 330  1.0  2.0   0.1    MM    MM 314 1019.1  17.7  18.9  15.7   MM +0.7    MM
2026 09 06 05 40  60  1.0  1.0   0.1    MM    MM 239 1018.9  17.3  18.8  16.5   MM   MM    MM
2026 09 06 05 20  40  1.0  1.0   0.1    MM    MM 289 1018.9  17.8  18.9  15.8   MM   MM    MM
2026 09 06 05 00 340  1.0  2.0   0.1    MM    MM  97 1018.8  17.6  18.8  15.6   MM +0.7    MM
2026 09 06 04 40  70  1.0  2.0   0.1    MM    MM  50 1018.7  18.7  18.9  15.9   MM   MM    MM
2026 09 06 04 00  80  2.0  2.0   0.2    MM    MM  49 1018.6  18.8  18.9  16.1   MM +0.6    MM
2026 09 06 03 40  90  1.0  2.0   0.2    MM    MM  57 1018.6  18.9  18.9  15.9   MM   MM    MM
2026 09 06 03 20 100  2.0  3.0   0.2    MM    MM  62 1018.5  18.9  18.9  16.1   MM   MM    MM
2026 09 06 03 00  90  2.0  3.0   0.2    MM    MM  59 1018.4  19.0  18.9  16.2   MM   MM    MM
2026 09 06 02 40  90  2.0  3.0   0.2    MM    MM  65 1018.3  19.0  18.9  16.6   MM   MM    MM
2026 09 06 02 20  90  2.0  3.0   0.2    MM    MM  77 1018.4  19.1  18.9  16.6   MM   MM    MM
2026 09 06 02 00 100  3.0  4.0   0.2    MM    MM  85 1018.1  19.2  19.0  16.6   MM   MM    MM
2026 09 06 01 40  90  4.0  5.0   0.3    MM    MM  84 1018.1  19.2  19.0  16.6   MM   MM    MM
2026 09 06 01 20  90  4.0  5.0   0.3    MM    MM  84 1018.0  19.0  19.0  16.9   MM   MM    MM
2026 09 06 01 00  90  4.0  5.0   0.3    MM    MM  89 1017.9  19.0  19.0  17.1   MM   MM    MM
2026 09 05 19 00  70  4.0  5.0   0.2    MM    MM  99 1018.4  19.2  19.1  17.1   MM -0.8    MM
2026 09 05 18 40  60  4.0  5.0   0.2    MM    MM  99 1018.5  19.0  19.2  17.1   MM   MM    MM
2026 09 05 18 20  60  5.0  6.0   0.2    MM    MM 100 1018.7  18.9  19.2  17.0   MM   MM    MM
2026 09 05 18 00  60  5.0  6.0   0.2    MM    MM 100 1018.6  18.8  19.1  16.9   MM -0.6    MM
2026 09 05 17 40  60  4.0  5.0   0.2    MM    MM 106 1018.8  18.8  19.2  17.0   MM   MM    MM
2026 09 05 17 20  50  4.0  5.0   0.2    MM    MM 109 1019.1  18.7  19.1  16.9   MM   MM    MM
2026 09 05 17 00  40  3.0  4.0   0.2    MM    MM 107 1019.3  18.8  18.8  16.7   MM +0.5    MM
2026 09 05 16 40  60  3.0  3.0   0.2    MM    MM 103 1019.1  18.8  18.8  16.8   MM   MM    MM
2026 09 05 16 20  40  2.0  2.0   0.2    MM    MM 111 1019.3  18.7  18.8  16.6   MM   MM    MM
2026 09 05 16 00  50  1.0  2.0   0.2    MM    MM 110 1019.2  18.9  18.8  16.7   MM +0.9    MM
2026 09 05 15 40  60  1.0  1.0   0.2    MM    MM 110 1019.2  19.4  18.8  16.9   MM   MM    MM
2026 09 05 15 20  MM  0.0  1.0   0.2    MM    MM 106 1019.1  19.2  18.8  16.9   MM   MM    MM
2026 09 05 15 00 210  1.0  1.0   0.2    MM    MM 115 1019.2  18.8  18.7  16.8   MM +1.5    MM
2026 09 05 14 40 240  1.0  2.0   0.2    MM    MM 105 1019.2  18.1  18.7  16.4   MM   MM    MM
2026 09 05 14 20 230  1.0  2.0   0.2    MM    MM 102 1019.1  18.5  18.7  16.5   MM   MM    MM
2026 09 05 14 00  70  2.0  3.0   0.2    MM    MM 102 1018.8  18.4  18.7  16.4   MM +1.5    MM
2026 09 05 13 40  60  2.0  3.0   0.2    MM    MM 105 1018.5  18.1  18.6  16.3   MM   MM    MM
2026 09 05 13 20  50  3.0  4.0   0.2    MM    MM 103 1018.4  17.9  18.6  16.3   MM   MM    MM
2026 09 05 13 00  60  3.0  4.0   0.2    MM    MM  99 1018.3  17.6  18.6  16.1   MM   MM    MM
2026 09 05 12 40  60  4.0  4.0   0.2    MM    MM 103 1017.9  17.2  18.6  15.9   MM   MM    MM
2026 09 05 12 20  50  3.0  4.0   0.2    MM    MM 111 1017.7  16.7  18.6  15.5   MM   MM    MM
2026 09 05 12 00  90  2.0  3.0   0.3    MM    MM  94 1017.7  17.7  18.7  16.0   MM   MM    MM
2026 09 05 11 40 120  2.0  3.0   0.3    MM    MM  95 1017.4  17.4  18.7  15.9   MM   MM    MM
2026 09 05 11 20 120  2.0  2.0   0.3    MM    MM  98 1017.4  17.3  18.7  15.9   MM   MM    MM
2026 09 05 11 00  90  3.0  4.0   0.3    MM    MM 108 1017.3  17.5  18.7  15.8   MM   MM    MM
2026 09 05 07 00  80  4.0  6.0   0.4    MM    MM 117 1016.9  18.2  18.8  16.8   MM +0.3    MM
2026 09 05 06 40  70  5.0  6.0   0.4    MM    MM 119 1016.8  18.0  18.8  16.7   MM   MM    MM
2026 09 05 06 20  60  5.0  5.0   0.4    MM    MM 119 1016.9  17.9  18.8  16.7   MM   MM    MM
2026 09 05 06 00  80  4.0  5.0   0.4    MM    MM 116 1016.9  18.5  18.8  16.5   MM +0.6    MM
2026 09 05 05 40  80  4.0  5.0   0.4    MM    MM 115 1016.9  18.5  18.8  16.3   MM   MM    MM
2026 09 05 05 20  70  4.0  5.0   0.4    MM    MM 114 1016.9  18.4  18.8  16.5   MM   MM    MM
2026 09 05 05 00  70  4.0  5.0   0.4    MM    MM 106 1016.8  18.4  18.8  16.5   MM +0.6    MM
2026 09 05 04 40  80  4.0  5.0   0.4    MM    MM 100 1016.7  18.4  18.8  16.3   MM   MM    MM
2026 09 05 04 00  70  4.0  5.0   0.5    MM    MM 100 1016.6  18.4  18.7  16.7   MM +0.9    MM
2026 09 05 03 40  80  5.0  6.0   0.5    MM    MM 105 1016.4  18.4  18.7  16.7   MM   MM    MM
2026 09 05 03 20  80  5.0  7.0   0.6    MM    MM  94 1016.4  18.5  18.7  16.7   MM   MM    MM
2026 09 05 03 00  90  5.0  7.0   0.6    MM    MM  98 1016.3  18.5  18.7  16.6   MM +0.7    MM
2026 09 05 02 40  90  5.0  7.0   0.5    MM    MM 103 1016.4  18.5  18.7  16.7   MM   MM    MM
2026 09 05 02 20  90  5.0  6.0   0.6    MM    MM 100 1016.4  18.5  18.7  16.7   MM   MM    MM
2026 09 05 02 00  90  5.0  6.0   0.6    MM    MM  96 1016.2  18.3  18.8  16.7   MM +0.6    MM
2026 09 05 01 40 100  5.0  6.0   0.6    MM    MM  95 1016.0  18.4  18.8  16.8   MM   MM    MM
2026 09 05 01 20  90  4.0  5.0   0.6    MM    MM  95 1015.9  18.4  18.8  16.8   MM   MM    MM
2026 09 05 01 00 100  5.0  6.0   0.6    MM    MM 100 1015.7  18.4  18.8  16.8   MM +0.5    MM
2026 09 05 00 40  90  4.0  6.0   0.5    MM    MM 101 1015.6  18.4  18.9  16.9   MM   MM    MM
2026 09 05 00 20  90  4.0  6.0   0.6    MM    MM  98 1015.6  18.4  18.9  16.9   MM   MM    MM
2026 09 05 00 00 100  4.0  6.0   0.5    MM    MM  97 1015.6  18.3  18.9  16.8   MM +0.5    MM
2026 09 04 23 40  90  4.0  6.0   0.5    MM    MM  98 1015.7  18.3  18.9  16.8   MM   MM    MM
2026 09 04 23 20  90  5.0  6.0   0.5    MM    MM  92 1015.5  18.3  18.9  16.8   MM   MM    MM
2026 09 04 23 00 100  5.0  6.0   0.5    MM    MM  92 1015.6  18.2  18.7  16.8   MM +0.7    MM
2026 09 04 22 40  90  5.0  7.0   0.6    MM    MM  92 1015.5  18.2  18.7  16.8   MM   MM    MM
2026 09 04 22 20 100  6.0  8.0   0.5    MM    MM  92 1015.4  18.2  18.7  16.7   MM   MM    MM
2026 09 04 22 00  90  7.0  9.0   0.5    MM    MM  95 1015.2  18.3  18.7  16.9   MM +0.4    MM
2026 09 04 21 40  90  7.0  9.0   0.5    MM    MM  97 1015.1  18.5  18.6  16.9   MM   MM    MM
2026 09 04 21 20  80  6.0  8.0   0.5    MM    MM 101 1015.1  18.5  18.6  17.1   MM   MM    MM
2026 09 04 21 00  90  6.0  8.0   0.5    MM    MM 110 1015.2  18.5  18.6  17.1   MM +0.8    MM
2026 09 04 20 40  90  6.0  7.0   0.5    MM    MM 113 1015.2  18.5  18.7  17.1   MM   MM    MM
2026 09 04 20 20  90  7.0  8.0   0.5    MM    MM 113 1015.0  18.6  18.7  17.1   MM   MM    MM
2026 09 04 20 00  90  6.0  8.0   0.5    MM    MM 117 1015.0  18.3  18.7  17.1   MM +0.7    MM
2026 09 04 19 40 100  7.0  8.0   0.5    MM    MM 113 1014.8  18.3  18.8  17.1   MM   MM    MM
2026 09 04 19 20 100  7.0  8.0   0.5    MM    MM 111 1014.9  18.3  18.8  17.0   MM   MM    MM
2026 09 04 19 00  90  6.0  8.0   0.6    MM    MM 115 1014.8  18.3  18.9  17.0   MM +0.4    MM
2026 09 04 18 40 100  7.0  9.0   0.7    MM    MM 119 1014.7  18.3  18.9  17.0   MM   MM    MM
2026 09 04 18 20 110  7.0  9.0   0.7    MM    MM 116 1014.6  18.3  18.9  16.9   MM   MM    MM
2026 09 04 18 00 120  8.0 11.0   0.7    MM    MM 107 1014.4  18.4  18.8  16.9   MM +0.0    MM
2026 09 04 17 40 110  9.0 11.0   0.7    MM    MM 108 1014.2  18.4  18.8  16.9   MM   MM    MM
2026 09 04 17 20 110  8.0 10.0   0.8    MM    MM 105 1014.3  18.3  18.9  16.8   MM   MM    MM
2026 09 04 17 00 120  9.0 11.0   0.7    MM    MM 111 1014.3  18.3  18.9  16.7   MM +0.0    MM
2026 09 04 16 40 120  9.0 11.0   0.7    MM    MM 103 1014.4  18.3  18.9  16.6   MM   MM    MM
2026 09 04 16 20 110  8.0 11.0   0.7    MM    MM 103 1014.5  18.3  18.9  16.6   MM   MM    MM
2026 09 04 16 00 110  8.0 10.0   0.7    MM    MM 105 1014.5  18.3  19.0  16.7   MM +0.7    MM
2026 09 04 15 40 110  8.0 10.0   0.6    MM    MM 112 1014.3  18.3  19.0  16.7   MM   MM    MM
2026 09 04 15 20 110  8.0  9.0   0.5    MM    MM 108 1014.4  18.4  18.9  16.9   MM   MM    MM
2026 09 04 15 00 110  8.0  9.0   0.5    MM    MM 110 1014.3  18.4  18.9  16.9   MM +0.7    MM
2026 09 04 14 40 110  7.0  9.0   0.5    MM    MM 105 1014.3  18.4  18.9  17.0   MM   MM    MM
2026 09 04 14 20 110  7.0  9.0   0.5    MM    MM 102 1014.3  18.4  18.9  17.0   MM   MM    MM
2026 09 04 14 00 110  6.0  8.0   0.5    MM    MM 107 1014.1  18.5  18.9  16.9   MM +1.4    MM
2026 09 04 13 40 110  5.0  7.0   0.5    MM    MM 103 1014.0  18.4  18.9  16.7   MM   MM    MM
2026 09 04 13 20 120  5.0  7.0   0.4    MM    MM  96 1013.9  18.5  18.8  16.7   MM   MM    MM
2026 09 04 13 00 120  5.0  6.0   0.4    MM    MM 100 1013.7  18.3  18.8  16.7   MM +0.9    MM
2026 09 04 12 40 110  5.0  7.0   0.4    MM    MM  92 1013.2  18.2  18.8  16.7   MM   MM    MM
2026 09 04 12 20 110  6.0  8.0   0.4    MM    MM  96 1013.1  18.3  18.8  16.7   MM   MM    MM
2026 09 04 12 00 110  5.0  7.0   0.3    MM    MM 101 1013.6  18.1  18.8  16.7   MM +0.2    MM
2026 09 04 11 40  80  5.0  7.0   0.3    MM    MM 107 1013.6  17.9  18.8  16.7   MM   MM    MM
2026 09 04 11 20  70  4.0  6.0   0.3    MM    MM  96 1013.3  18.1  18.8  16.6   MM   MM    MM
2026 09 04 11 00  90  6.0  9.0   0.3    MM    MM 111 1012.7  17.9  18.8  16.5   MM -0.6    MM
2026 09 04 10 40  60  4.0  5.0   0.3    MM    MM 111 1013.3  18.0  18.8  16.4   MM   MM    MM
2026 09 04 10 20  80  3.0  4.0   0.4    MM    MM 106 1013.2  18.0  18.8  16.3   MM   MM    MM
2026 09 04 10 00  90  4.0  5.0   0.4    MM    MM  99 1012.9  18.0  18.8  16.3   MM -2.2    MM
2026 09 04 09 40 100  3.0  4.0   0.4    MM    MM  92 1013.0  17.9  18.8  16.2   MM   MM    MM
2026 09 04 09 20 100  2.0  4.0   0.4    MM    MM  80 1013.5  17.8  18.8  16.0   MM   MM    MM
2026 09 04 09 00 150  4.0  5.0   0.5    MM    MM  68 1013.4  17.9  18.8  16.1   MM -1.1    MM
2026 09 04 08 40 140  6.0  8.0   0.5    MM    MM  87 1012.7  18.0  18.8  16.3   MM   MM    MM
2026 09 04 08 20 120  6.0  8.0   0.4    MM    MM  81 1012.9  18.1  18.8  16.7   MM   MM    MM
2026 09 04 08 00 110  7.0  9.0   0.4    MM    MM  87 1013.3  18.1  18.8  16.2   MM -0.8    MM
2026 09 04 07 40 110  7.0  8.0   0.4    MM    MM  94 1013.9  18.2  18.8  16.1   MM   MM    MM
2026 09 04 07 20 100  5.0  6.0   0.4    MM    MM  98 1014.5  18.2  18.8  16.5   MM   MM    MM
2026 09 04 07 00  90  4.0  6.0   0.4    MM    MM 100 1015.1  18.2  18.8  16.6   MM +0.6    MM
2026 09 04 06 40  90  5.0  7.0   0.4    MM    MM  97 1014.9  18.3  18.8  16.8   MM   MM    MM
2026 09 04 06 20 100  7.0  8.0   0.4    MM    MM 102 1014.2  18.4  18.8  16.8   MM   MM    MM
2026 09 04 06 00  90  5.0  7.0   0.4    MM    MM  96 1014.5  18.5  18.8  16.7   MM -0.0    MM
2026 09 04 05 40 100  5.0  7.0   0.4    MM    MM  91 1014.2  18.5  18.8  16.7   MM   MM    MM
2026 09 04 05 20 100  4.0  5.0   0.4    MM    MM  76 1014.2  18.6  18.8  16.5   MM   MM    MM
2026 09 04 05 00 100  5.0  6.0   0.4    MM    MM  76 1014.1  18.6  18.8  16.3   MM -0.4    MM
2026 09 04 04 40 100  4.0  5.0   0.4    MM    MM  81 1014.2  18.7  18.8  16.1   MM   MM    MM
2026 09 04 04 00  90  4.0  5.0   0.4    MM    MM  92 1014.4  18.7  18.9  16.2   MM +0.7    MM
2026 09 04 03 40  80  3.0  5.0   0.4    MM    MM  95 1014.3  18.6  18.9  16.3   MM   MM    MM
2026 09 04 03 20  90  5.0  6.0   0.4    MM    MM  85 1014.0  18.6  18.9  15.9   MM   MM    MM
2026 09 04 03 00 100  4.0  6.0   0.4    MM    MM  75 1014.4  18.6  18.9  15.9   MM +0.6    MM
2026 09 04 02 40 110  4.0  5.0   0.5    MM    MM  61 1014.7  18.7  18.9  16.0   MM   MM    MM
2026 09 04 02 20 120  5.0  7.0   0.5    MM    MM  80 1014.5  18.7  18.9  16.2   MM   MM    MM
2026 09 04 02 00 110  5.0  6.0   0.5    MM    MM  80 1014.5  18.6  19.0  16.4   MM +0.8    MM
2026 09 04 01 40 110  6.0  7.0   0.6    MM    MM  82 1014.4  18.6  19.0  16.3   MM   MM    MM
2026 09 04 01 20 110  6.0  7.0   0.6    MM    MM  84 1014.3  18.6  19.0  16.4   MM   MM    MM
2026 09 04 01 00 100  6.0  8.0   0.6    MM    MM  84 1013.8  18.6  19.0  16.4   MM +0.0    MM
2026 09 04 00 40 100  7.0  9.0   0.7    MM    MM  93 1013.6  18.6  19.0  16.4   MM   MM    MM
2026 09 04 00 20 100  7.0  9.0   0.7    MM    MM  85 1013.7  18.6  19.1  16.4   MM   MM    MM
2026 09 04 00 00 100  7.0  8.0   0.7    MM    MM  86 1013.7  18.6  19.1  16.4   MM +0.4    MM
2026 09 03 23 40 100  7.0  9.0   0.7    MM    MM  82 1014.0    MM  19.1    MM   MM   MM    MM
2026 09 03 23 20 100  6.0  8.0   0.7    MM    MM  86 1013.9  18.6  19.2  16.6   MM   MM    MM
2026 09 03 23 00 100  7.0  9.0   0.7    MM    MM  87 1013.8  18.6  19.2  16.6   MM +0.3    MM
2026 09 03 22 40  90  7.0  9.0   0.7    MM    MM  83 1013.7  18.6  19.2  16.6   MM   MM    MM
2026 09 03 22 20  90  7.0  9.0   0.7    MM    MM  83 1013.7  18.7  19.3  16.6   MM   MM    MM
2026 09 03 22 00  90  7.0  9.0   0.7    MM    MM  81 1013.6  18.7  19.3  16.6   MM +0.0    MM
2026 09 03 21 40  90  8.0  9.0   0.7    MM    MM  76 1013.6  18.8  19.3  16.5   MM   MM    MM
2026 09 03 21 20 100  8.0 10.0   0.6    MM    MM  78 1013.4  18.9  19.4  16.7   MM   MM    MM
2026 09 03 21 00 100  8.0  9.0   0.6    MM    MM  74 1013.4  18.9  19.5  16.6   MM -1.0    MM
2026 09 03 20 40 100  8.0  9.0   0.6    MM    MM  84 1013.4  19.0  19.6  16.8   MM   MM    MM
2026 09 03 20 20  MM   MM   MM   0.5    MM    MM  81 1013.5  19.0  19.6  16.8   MM   MM    MM
2026 09 03 20 00 100  7.0  9.0   0.4    MM    MM  87 1013.5  19.1  19.7  16.8   MM -1.0    MM
2026 09 03 19 40  90  7.0  9.0   0.4    MM    MM  82 1013.5  19.0  19.7  17.2   MM   MM    MM
2026 09 03 19 20  90  6.0  8.0   0.3    MM    MM  77 1013.5  19.3  19.7  17.2   MM   MM    MM
2026 09 03 19 00  80  6.0  7.0   0.3    MM    MM  84 1013.6  19.1  19.8  17.3   MM -1.0    MM
2026 09 03 18 40  70  5.0  6.0   0.2    MM    MM  77 1013.8  19.0  19.7  17.3   MM   MM    MM
2026 09 03 18 20  80  5.0  6.0   0.2    MM    MM  70 1014.1  18.8  19.8  17.2   MM   MM    MM
2026 09 03 18 00  70  5.0  6.0   0.2    MM    MM  54 1014.4  18.8  19.8  17.1   MM -0.2    MM
2026 09 03 17 40  70  5.0  6.0   0.1    MM    MM  45 1014.5  18.8  19.7  17.1   MM   MM    MM
2026 09 03 17 20  70  4.0  5.0   0.1    MM    MM  10 1014.5  18.9  19.7  17.0   MM   MM    MM
2026 09 03 17 00  60  3.0  4.0   0.1    MM    MM 351 1014.5  18.9  19.5  16.8   MM -0.3    MM
2026 09 03 16 40  60  2.0  3.0   0.0    MM    MM  35 1014.7  18.9  19.5  16.6   MM   MM    MM
2026 09 03 16 20  60  2.0  3.0   0.0    MM    MM  22 1014.6  18.7  19.5  16.6   MM   MM    MM
2026 09 03 16 00  50  3.0  3.0   0.0    MM    MM  22 1014.6  18.4  19.4  16.6   MM +0.0    MM
2026 09 03 15 40  40  2.0  3.0   0.0    MM    MM   4 1014.6  18.1  19.4  16.3   MM   MM    MM
2026 09 03 15 20  30  2.0  2.0   0.0    MM    MM 358 1014.5  17.9  19.4  15.9   MM   MM    MM
2026 09 03 15 00 360  1.0  2.0   0.0    MM    MM 347 1014.6  18.1  19.4  15.6   MM +0.4    MM
2026 09 03 14 40  MM  0.0  1.0   0.0    MM    MM 333 1014.7  18.3  19.3  15.4   MM   MM    MM
2026 09 03 14 20  MM   MM   MM   0.0    MM    MM 333 1014.9  17.4  19.3  15.0   MM   MM    MM
2026 09 03 14 00 200  2.0  3.0   0.0    MM    MM 334 1014.8  17.2  19.3  15.2   MM +1.2    MM
2026 09 03 13 40 170  2.0  3.0   0.0    MM    MM 324 1014.7  17.8  19.2  15.4   MM   MM    MM
2026 09 03 13 20  20  1.0  2.0   0.0    MM    MM 312 1014.6  17.7  19.2  15.3   MM   MM    MM
2026 09 03 13 00 340  1.0  1.0   0.0    MM    MM 309 1014.5  16.6  19.2  14.8   MM +0.9    MM
2026 09 03 12 40 280  1.0  2.0   0.0    MM    MM 280 1014.4  16.0  19.2  14.4   MM   MM    MM
2026 09 03 12 20 300  2.0  3.0   0.0    MM    MM 290 1014.3  15.4  19.1  14.0   MM   MM    MM
2026 09 03 12 00 280  2.0  2.0   0.0    MM    MM 294 1014.2  15.8  19.1  14.3   MM +0.6    MM
2026 09 03 11 40 290  2.0  3.0   0.0    MM    MM 299 1014.0  15.8  19.1  14.5   MM   MM    MM
2026 09 03 11 20 260  2.0  2.0   0.0    MM    MM 305 1013.7  15.9  19.1  14.4   MM   MM    MM
2026 09 03 11 00 320  2.0  2.0   0.0    MM    MM 298 1013.7  15.5  19.1  14.2   MM +0.0    MM
2026 09 03 10 40 280  2.0  2.0   0.0    MM    MM 296 1013.8  15.7  19.0  14.5   MM   MM    MM
2026 09 03 10 20 270  2.0  2.0   0.0    MM    MM 299 1013.7  15.8  19.0  14.6   MM   MM    MM
2026 09 03 10 00 270  1.0  2.0   0.0    MM    MM 294 1013.7  16.0  19.0  14.6   MM +0.0    MM
2026 09 03 09 40 310  1.0  2.0   0.0    MM    MM 293 1013.6  15.9  19.0  14.6   MM   MM    MM
2026 09 03 09 20 290  1.0  1.0   0.0    MM    MM 296 1013.7  16.0  19.1  14.6   MM   MM    MM
2026 09 03 09 00 310  2.0  2.0   0.1    MM    MM 296 1013.6  16.0  19.1  14.7   MM +0.0    MM
2026 09 03 08 40 270  2.0  2.0   0.1    MM    MM 301 1013.7  16.5  19.1  15.0   MM   MM    MM
2026 09 03 08 20 270  2.0  2.0   0.1    MM    MM 295 1013.8  16.1  19.2  14.9   MM   MM    MM
2026 09 03 08 00 300  2.0  3.0   0.1    MM    MM 285 1013.7  16.0  19.2  14.8   MM +0.5    MM
2026 09 03 07 40 280  2.0  3.0   0.1    MM    MM 290 1013.8  16.2  19.2  15.0   MM   MM    MM
2026 09 03 07 20 280  2.0  3.0   0.1    MM    MM 294 1013.7  16.2  19.2  15.0   MM   MM    MM
2026 09 03 07 00 280  3.0  3.0   0.1    MM    MM 294 1013.6  16.4  19.3  15.0   MM +0.5    MM
2026 09 03 06 40 300  2.0  3.0   0.1    MM    MM 301 1013.7  16.6  19.3  15.3   MM   MM    MM
2026 09 03 06 20 270  3.0  4.0   0.1    MM    MM 296 1013.6  16.8  19.3  15.5   MM   MM    MM
2026 09 03 06 00 280  3.0  3.0   0.1    MM    MM 310 1013.4  16.7  19.3  15.4   MM +0.5    MM
2026 09 03 05 40 280  2.0  3.0   0.1    MM    MM 313 1013.3  16.9  19.3  15.5   MM   MM    MM
2026 09 03 05 20 280  2.0  3.0   0.1    MM    MM 325 1013.3  17.1  19.3  15.8   MM   MM    MM
2026 09 03 05 00 280  2.0  2.0   0.1    MM    MM 340 1013.2  17.5  19.3  16.2   MM +0.5    MM
2026 09 03 04 40 280  1.0  2.0   0.1    MM    MM 348 1013.3  17.7  19.3  16.3   MM   MM    MM
2026 09 03 04 00 290  2.0  2.0   0.1    MM    MM 357 1013.1  17.7  19.3  16.4   MM +0.7    MM
2026 09 03 03 40 270  1.0  2.0   0.1    MM    MM   2 1013.1  18.2  19.3  16.8   MM   MM    MM
2026 09 03 03 20 350  1.0  1.0   0.1    MM    MM 359 1013.1  18.6  19.3  17.1   MM   MM    MM
2026 09 03 03 00 320  1.0  1.0   0.1    MM    MM   5 1013.0  18.7  19.3  17.1   MM +0.9    MM
2026 09 03 02 40 350  1.0  1.0   0.1    MM    MM  12 1013.0  18.9  19.2  17.4   MM   MM    MM
2026 09 03 02 20  30  1.0  2.0   0.1    MM    MM  22 1012.9  19.0  19.2  17.6   MM   MM    MM
2026 09 03 02 00  30  2.0  2.0   0.1    MM    MM  13 1012.7  19.1  19.2  17.7   MM +0.8    MM
2026 09 03 01 40  30  2.0  3.0   0.1    MM    MM  21 1012.6  19.2  19.2  17.7   MM   MM    MM
2026 09 03 01 20  20  2.0  3.0   0.1    MM    MM  17 1012.5  19.5  19.2  17.6   MM   MM    MM
2026 09 03 01 00 100  2.0  3.0   0.1    MM    MM  38 1012.4  19.7  19.2  17.6   MM +0.4    MM
2026 09 03 00 40  90  3.0  3.0   0.1    MM    MM  40 1012.3  19.9  19.2  17.5   MM   MM    MM
2026 09 03 00 20  70  2.0  2.0   0.1    MM    MM 358 1012.1  20.6  19.2  17.3   MM   MM    MM
2026 09 03 00 00 350  2.0  2.0   0.1    MM    MM 310 1012.1  21.9  19.2  16.7   MM +0.3    MM
2026 09 02 23 40 350  2.0  3.0   0.1    MM    MM 256 1012.0  22.2  19.2  16.4   MM   MM    MM
2026 09 02 23 20 350  3.0  3.0   0.1    MM    MM 184 1012.0  22.6  19.2  16.4   MM   MM    MM
2026 09 02 23 00 360  4.0  5.0   0.1    MM    MM 226 1011.9  23.0  19.2  16.4   MM +0.0    MM
2026 09 02 22 40 340  3.0  4.0   0.1    MM    MM 240 1011.9  23.5  19.2  16.1   MM   MM    MM
2026 09 02 22 20 330  3.0  4.0   0.1    MM    MM 238 1011.9  23.3  19.2  16.5   MM   MM    MM
2026 09 02 22 00 290  3.0  4.0   0.0    MM    MM 219 1011.9  23.5  19.2  16.3   MM +0.0    MM
2026 09 02 21 40 290  3.0  5.0   0.1    MM    MM 132 1012.0  23.4  19.1  16.5   MM   MM    MM
2026 09 02 21 20 270  3.0  4.0   0.1    MM    MM 121 1011.9  22.9  19.1  16.7   MM   MM    MM
2026 09 02 21 00 270  3.0  5.0   0.1    MM    MM 110 1011.9  23.0  19.2  16.5   MM +0.0    MM
2026 09 02 20 40 290  4.0  6.0   0.1    MM    MM 113 1011.9  23.4  19.1  16.2   MM   MM    MM
2026 09 02 20 20 280  4.0  6.0   0.1    MM    MM 108 1011.8  23.4  19.1  16.1   MM   MM    MM
2026 09 02 20 00 300  5.0  7.0   0.1    MM    MM 114 1012.0  23.6  19.1  15.9   MM +0.0    MM
2026 09 02 19 40 280  4.0  7.0   0.1    MM    MM 123 1012.0  23.4  19.0  16.1   MM   MM    MM
2026 09 02 19 20 280  5.0  8.0   0.1    MM    MM 125 1012.0  23.4  19.0  16.0   MM   MM    MM
2026 09 02 19 00 270  5.0  7.0   0.1    MM    MM 121 1011.9  23.3  19.1  16.1   MM -0.3    MM
2026 09 02 18 40 270  4.0  7.0   0.1    MM    MM 122 1011.8  23.3  19.1  16.2   MM   MM    MM
2026 09 02 18 20 280  4.0  6.0   0.1    MM    MM 127 1011.8  22.9  19.1  16.4   MM   MM    MM
2026 09 02 18 00  MM   MM   MM   0.1    MM    MM 120 1011.8  23.0  19.1  16.3   MM -0.6    MM
2026 09 02 17 40 270  4.0  6.0   0.1    MM    MM 133 1011.7  22.9  19.1  16.3   MM   MM    MM
2026 09 02 17 20 280  5.0  7.0   0.1    MM    MM 134 1011.8  23.0  19.0  16.1   MM   MM    MM
2026 09 02 17 00 280  5.0  8.0   0.1    MM    MM  98 1011.8  22.7  18.9  16.4   MM -0.5    MM
2026 09 02 16 40 160  1.0  2.0   0.1    MM    MM  93 1012.1  20.9  18.8  17.4   MM   MM    MM
2026 09 02 16 20 140  1.0  2.0   0.1    MM    MM  95 1012.1  20.2  18.9  17.7   MM   MM    MM
2026 09 02 16 00 140  1.0  2.0   0.1    MM    MM  97 1012.1  20.0  18.8  17.3   MM +0.0    MM
2026 09 02 15 40 180  2.0  3.0   0.1    MM    MM  98 1012.4  19.5  18.8  16.9   MM   MM    MM
2026 09 02 15 20 200  3.0  4.0   0.1    MM    MM 102 1012.5  19.3  18.8  16.7   MM   MM    MM
2026 09 02 15 00 190  3.0  4.0   0.1    MM    MM 100 1012.5  19.1  18.7  16.5   MM -0.0    MM
2026 09 02 14 40 210  3.0  3.0   0.1    MM    MM  95 1012.3  19.1  18.7  16.4   MM   MM    MM
2026 09 02 14 20 210  2.0  3.0   0.1    MM    MM  90 1012.3  18.9  18.7  16.1   MM   MM    MM
2026 09 02 14 00 220  1.0  2.0   0.1    MM    MM  83 1012.2  18.9  18.7  15.8   MM +0.0    MM
2026 09 02 13 40 260  2.0  2.0   0.1    MM    MM  78 1012.3  18.6  18.6  15.9   MM   MM    MM
2026 09 02 13 20 240  3.0  3.0   0.1    MM    MM  86 1012.1  18.5  18.6  15.8   MM   MM    MM
2026 09 02 13 00 200  3.0  3.0   0.1    MM    MM  83 1012.2  18.6  18.6  15.8   MM +0.3    MM
2026 09 02 12 00 210  5.0  6.0   0.2    MM    MM 101 1012.4  18.3  18.6  15.6   MM +0.9    MM
2026 09 02 11 40 210  4.0  6.0   0.1    MM    MM 103 1012.3  18.3  18.6  15.8   MM   MM    MM
2026 09 02 11 20 220  5.0  7.0   0.1    MM    MM  98 1012.4  18.2  18.6  15.7   MM   MM    MM
2026 09 02 11 00 230  4.0  4.0   0.1    MM    MM  94 1012.1  18.0  18.6  15.4   MM +0.7    MM
2026 09 02 10 40 230  4.0  5.0   0.1    MM    MM  87 1012.0  18.1  18.6  15.7   MM   MM    MM
2026 09 02 10 20 240  3.0  4.0   0.1    MM    MM  90 1012.1  18.4  18.6  15.6   MM   MM    MM
2026 09 02 10 00 250  3.0  4.0   0.1    MM    MM  96 1011.9  18.1  18.6  15.4   MM -0.0    MM
2026 09 02 09 40 230  4.0  5.0   0.1    MM    MM 102 1011.8  18.5  18.6  15.6   MM   MM    MM
2026 09 02 09 20 230  4.0  5.0   0.1    MM    MM 102 1011.6  18.7  18.6  15.7   MM   MM    MM
2026 09 02 09 00 200  3.0  4.0   0.1    MM    MM 108 1011.5  18.5  18.6  15.6   MM +0.0    MM
2026 09 02 08 40 230  3.0  5.0   0.1    MM    MM 108 1011.5  18.8  18.6  15.8   MM   MM    MM
2026 09 02 08 20 210  4.0  5.0   0.1    MM    MM 113 1011.4  18.7  18.6  16.0   MM   MM    MM
2026 09 02 08 00 220  3.0  4.0   0.1    MM    MM 108 1011.4  18.6  18.6  15.8   MM +0.0    MM
2026 09 02 07 40 260  2.0  2.0   0.1    MM    MM 108 1011.1  18.8  18.6  15.7   MM   MM    MM
2026 09 02 07 20 270  2.0  3.0   0.1    MM    MM 116 1011.5  19.1  18.6  15.8   MM   MM    MM
2026 09 02 07 00 210  3.0  3.0   0.1    MM    MM 126 1011.7  18.9  18.6  15.9   MM +0.8    MM
2026 09 02 06 40 200  2.0  3.0   0.1    MM    MM 119 1011.6  18.8  18.6  16.0   MM   MM    MM
2026 09 02 06 20 270  1.0  2.0   0.1    MM    MM 113 1011.5  18.7  18.6  15.8   MM   MM    MM
2026 09 02 06 00 240  2.0  3.0   0.1    MM    MM 110 1011.4  18.9  18.6  15.3   MM +0.6    MM
2026 09 02 05 40 200  1.0  3.0   0.1    MM    MM 114 1011.6  18.9  18.6  15.5   MM   MM    MM
2026 09 02 05 20 240  1.0  2.0   0.2    MM    MM 115 1011.4  18.6  18.6  15.5   MM   MM    MM
2026 09 02 05 00 290  2.0  2.0   0.2    MM    MM 112 1011.3  19.1  18.6  16.0   MM +0.7    MM
2026 09 02 04 40 250  3.0  4.0   0.2    MM    MM 105 1011.2    MM  18.6    MM   MM   MM    MM
2026 09 02 04 00 240  3.0  4.0   0.2    MM    MM 132 1011.0  19.5  18.6  15.9   MM +0.7    MM
2026 09 02 03 40 240  4.0  5.0   0.2    MM    MM 136 1011.0  19.9  18.6  16.1   MM   MM    MM
2026 09 02 03 20 250  4.0  5.0   0.1    MM    MM 117 1010.9  20.4  18.6  16.0   MM   MM    MM
2026 09 02 03 00 250  4.0  4.0   0.1    MM    MM  82 1010.8  20.2  18.6  16.2   MM +0.8    MM
2026 09 02 02 40  MM  0.0  1.0   0.1    MM    MM  24 1010.6  19.5  18.6  17.0   MM   MM    MM
2026 09 02 02 20 200  3.0  3.0   0.1    MM    MM 349 1010.6  19.9  18.6  17.0   MM   MM    MM
2026 09 02 02 00 220  2.0  3.0   0.1    MM    MM 349 1010.5  20.8  18.6  16.5   MM +0.7    MM
2026 09 02 01 40 230  2.0  3.0   0.1    MM    MM 330 1010.5  21.1  18.6  16.3   MM   MM    MM
2026 09 02 01 20 230  1.0  2.0   0.1    MM    MM 312 1010.5  21.4  18.6  16.4   MM   MM    MM
2026 09 02 01 00 260  2.0  5.0   0.1    MM    MM 309 1010.3  22.1  18.7  16.1   MM +0.6    MM
2026 09 02 00 40 260  1.0  4.0   0.1    MM    MM 302 1010.0  22.0  18.7  16.5   MM   MM    MM
2026 09 02 00 20 270  2.0  3.0   0.1    MM    MM 319 1009.9  22.4  18.7  16.2   MM   MM    MM
2026 09 02 00 00 270  3.0  5.0   0.1    MM    MM  87 1010.0  22.9  18.7  15.8   MM +0.4    MM
2026 09 01 23 40 270  4.0  5.0   0.1    MM    MM  95 1010.0  23.1  18.7  15.8   MM   MM    MM
2026 09 01 23 20 270  5.0  8.0   0.1    MM    MM 104 1009.9  24.0  18.7  15.0   MM   MM    MM
2026 09 01 23 00 270  6.0  9.0   0.2    MM    MM  98 1009.8  24.4  18.7  14.7   MM -0.0    MM
2026 09 01 22 40 270  6.0  9.0   0.2    MM    MM 105 1009.9  24.2  18.8  15.1   MM   MM    MM
2026 09 01 22 20 270  7.0 10.0   0.2    MM    MM 106 1009.8  24.8  18.8  14.9   MM   MM    MM
2026 09 01 22 00 280  7.0 10.0   0.2    MM    MM 106 1009.7  25.6  18.9  14.7   MM -0.7    MM
2026 09 01 21 40 290  7.0 12.0   0.2    MM    MM  95 1009.5  25.6  19.0  14.6   MM   MM    MM
2026 09 01 21 20 290  7.0  9.0   0.2    MM    MM 103 1009.6  26.1  19.0  13.9   MM   MM    MM
2026 09 01 21 00 290  6.0  8.0   0.2    MM    MM  96 1009.6  25.8  19.2  14.2   MM -1.2    MM
2026 09 01 20 40 290  7.0  9.0   0.2    MM    MM  83 1009.8  26.3  19.2  13.7   MM   MM    MM
2026 09 01 20 20 280  5.0  6.0   0.2    MM    MM  88 1009.8  25.7  19.2  15.4   MM   MM    MM
2026 09 01 20 00 280  5.0  7.0   0.2    MM    MM  87 1009.9  26.9  19.1  14.9   MM -1.5    MM
2026 09 01 19 40 270  7.0  9.0   0.2    MM    MM  52 1010.1  26.3  18.9  16.0   MM   MM    MM
2026 09 01 19 20 280  4.0  6.0   0.2    MM    MM  67 1010.2  26.1  18.8  16.0   MM   MM    MM
2026 09 01 19 00 250  4.0  8.0   0.2    MM    MM  97 1010.4  25.5  18.9  16.2   MM -1.2    MM
2026 09 01 18 40 240  6.0  8.0   0.2    MM    MM  80 1010.7  25.7  18.9  15.7   MM   MM    MM
2026 09 01 18 20 240  5.0  7.0   0.2    MM    MM  20 1010.6  25.4  18.9  16.0   MM   MM    MM
2026 09 01 18 00 240  3.0  5.0   0.2    MM    MM 325 1010.8  24.7  18.9  17.3   MM -0.7    MM
2026 09 01 17 40 230  4.0  6.0   0.2    MM    MM 329 1010.9  24.6  18.8  17.5   MM   MM    MM
2026 09 01 17 20 220  4.0  6.0   0.2    MM    MM 341 1011.2  24.0  18.6  18.1   MM   MM    MM
2026 09 01 17 00 230  3.0  4.0   0.2    MM    MM 323 1011.5  23.3  18.7  18.6   MM -0.5    MM
2026 09 01 16 40 230  4.0  4.0   0.2    MM    MM 314 1011.5  23.2  18.5  18.8   MM   MM    MM
2026 09 01 16 20 200  3.0  4.0   0.2    MM    MM 336 1011.5  22.2  18.4  18.9   MM   MM    MM
2026 09 01 16 00 190  2.0  3.0   0.2    MM    MM 336 1011.6  20.6  18.4  18.6   MM -0.2    MM
2026 09 01 15 40 180  2.0  3.0   0.2    MM    MM 340 1011.6  20.5  18.4  18.6   MM   MM    MM
2026 09 01 15 20 190  3.0  3.0   0.2    MM    MM 355 1011.5  20.3  18.4  18.4   MM   MM    MM
2026 09 01 15 00 190  4.0  4.0   0.2    MM    MM 359 1011.5  20.4  18.4  18.4   MM +0.0    MM
2026 09 01 14 40 180  4.0  5.0   0.2    MM    MM 354 1011.4  20.1  18.3  18.3   MM   MM    MM
2026 09 01 14 20  MM   MM   MM   0.2    MM    MM 344 1011.9  20.5  18.3  18.5   MM   MM    MM
2026 09 01 14 00 200  3.0  5.0   0.2    MM    MM 341 1012.0  19.5  18.3  18.0   MM +0.6    MM
2026 09 01 13 40 200  3.0  3.0   0.2    MM    MM 337 1012.0  19.1  18.2  17.8   MM   MM    MM
2026 09 01 13 20 200  3.0  4.0   0.2    MM    MM 342 1011.9  19.1  18.2  17.8   MM   MM    MM
2026 09 01 13 00 210  3.0  4.0   0.2    MM    MM 332 1011.8  19.0  18.2  17.7   MM +0.5    MM
2026 09 01 12 40 210  4.0  5.0   0.2    MM    MM 334 1011.8  18.8  18.2  17.6   MM   MM    MM
2026 09 01 12 20 210  3.0  3.0   0.2    MM    MM 324 1011.7  18.6  18.2  17.5   MM   MM    MM
2026 09 01 12 00 220  3.0  3.0   0.2    MM    MM 325 1011.6  18.6  18.2  17.5   MM -0.0    MM
2026 09 01 11 40 220  3.0  4.0   0.2    MM    MM 323 1011.5  18.8  18.3  17.5   MM   MM    MM
2026 09 01 11 20 190  3.0  4.0   0.2    MM    MM 324 1011.3  18.8  18.2  17.5   MM   MM    MM
2026 09 01 11 00 200  3.0  3.0   0.2    MM    MM 334 1011.4  18.8  18.3  17.7   MM +0.0    MM
2026 09 01 10 40 190  2.0  2.0   0.3    MM    MM 314 1011.4  18.9  18.3  17.8   MM   MM    MM
2026 09 01 10 20 210  3.0  4.0   0.2    MM    MM 327 1011.4  19.0  18.3  17.9   MM   MM    MM
2026 09 01 10 00 200  3.0  3.0   0.2    MM    MM 330 1011.3  18.9  18.3  18.0   MM +0.2    MM
2026 09 01 09 40 190  3.0  3.0   0.2    MM    MM 298 1011.3  18.6  18.3  18.0   MM   MM    MM
2026 09 01 09 20  MM  0.0  1.0   0.2    MM    MM 285 1011.5  18.1  18.4  17.5   MM   MM    MM
2026 09 01 09 00 280  1.0  1.0   0.3    MM    MM 284 1011.5  18.2  18.4  17.7   MM -0.0    MM
2026 09 01 08 40 240  1.0  1.0   0.3    MM    MM 290 1011.3  18.2  18.3  17.8   MM   MM    MM
2026 09 01 08 20 250  2.0  2.0   0.3    MM    MM 296 1011.3  18.3  18.3  17.9   MM   MM    MM
2026 09 01 08 00 240  2.0  2.0   0.3    MM    MM 289 1011.2  18.4  18.4  18.0   MM +0.0    MM
2026 09 01 07 40 250  2.0  4.0   0.3    MM    MM 297 1011.3  18.2  18.4  17.7   MM   MM    MM
2026 09 01 07 20 270  1.0  2.0   0.3    MM    MM 291 1011.2  18.2  18.4  17.6   MM   MM    MM
2026 09 01 07 00 280  1.0  2.0   0.3    MM    MM 286 1011.0  18.2  18.4  17.7   MM -0.2    MM
2026 09 01 06 40 300  2.0  2.0   0.3    MM    MM 287 1011.2  18.2  18.4  17.7   MM   MM    MM
2026 09 01 06 20 310  1.0  1.0   0.3    MM    MM 304 1011.4  18.2  18.4  17.6   MM   MM    MM
2026 09 01 06 00 120  1.0  1.0   0.3    MM    MM 309 1011.3  18.2  18.4  17.6   MM +0.2    MM
2026 09 01 05 40 250  1.0  1.0   0.3    MM    MM 295 1011.4  18.2  18.4  17.7   MM   MM    MM
2026 09 01 05 20 290  1.0  2.0   0.3    MM    MM 303 1011.6  18.0  18.4  17.3   MM   MM    MM
2026 09 01 05 00  MM  0.0  1.0   0.3    MM    MM 314 1011.4  18.1  18.4  17.3   MM +0.3    MM
2026 09 01 04 40  MM  0.0  1.0   0.3    MM    MM 332 1011.3  18.1  18.4  17.5   MM   MM    MM
2026 09 01 04 00  MM  0.0  1.0   0.3    MM    MM 340 1011.3  18.2  18.4  17.6   MM +0.5    MM
2026 09 01 03 40 260  1.0  1.0   0.3    MM    MM 349 1011.2  18.4  18.4  17.8   MM   MM    MM
2026 09 01 03 20 280  1.0  1.0   0.3    MM    MM   1 1011.1  18.3  18.4  17.7   MM   MM    MM
2026 09 01 03 00 250  1.0  1.0   0.3    MM    MM  10 1011.1  18.3  18.4  17.7   MM +0.7    MM
2026 09 01 02 40 240  1.0  1.0   0.4    MM    MM  23 1011.1  18.4  18.4  17.8   MM   MM    MM
2026 09 01 02 20 180  1.0  1.0   0.3    MM    MM  48 1011.0  18.6  18.4  17.9   MM   MM    MM
2026 09 01 02 00  MM  0.0  1.0   0.3    MM    MM  52 1011.1  18.6  18.5  17.9   MM +0.8    MM
2026 09 01 01 40 110  1.0  1.0   0.3    MM    MM  54 1011.0  18.6  18.5  17.9   MM   MM    MM
2026 09 01 01 20 110  1.0  2.0   0.3    MM    MM  48 1010.8  18.7  18.5  18.0   MM   MM    MM
2026 09 01 01 00 130  1.0  2.0   0.3    MM    MM  59 1010.7  18.7  18.5  17.9   MM +0.8    MM
2026 09 01 00 40 140  1.0  1.0   0.3    MM    MM  53 1010.5  18.8  18.4  17.9   MM   MM    MM
2026 09 01 00 20  MM  0.0  2.0   0.3    MM    MM  68 1010.4  19.1  18.4  18.0   MM   MM    MM
2026 09 01 00 00  40  1.0  1.0   0.3    MM    MM  66 1010.4  19.2  18.4  18.1   MM +0.9    MM
2026 08 31 23 40  90  1.0  2.0   0.3    MM    MM  77 1010.3  19.0  18.4  18.0   MM   MM    MM
2026 08 31 22 00  40  5.0  6.0   0.3    MM    MM 112 1010.0  18.7  18.4  18.0   MM -0.0    MM
2026 08 31 21 40  50  5.0  6.0   0.3    MM    MM 113 1009.8  18.8  18.3  18.0   MM   MM    MM
2026 08 31 21 20  40  5.0  7.0   0.3    MM    MM 111 1009.6  18.8  18.4  18.0   MM   MM    MM
2026 08 31 21 00  50  4.0  5.0   0.3    MM    MM  99 1009.5  18.8  18.3  18.0   MM -0.5    MM
2026 08 31 20 40  50  4.0  4.0   0.3    MM    MM  95 1009.3  18.9  18.3  18.1   MM   MM    MM
2026 08 31 20 20  50  4.0  5.0   0.3    MM    MM 106 1009.5  18.9  18.3  18.1   MM   MM    MM
2026 08 31 20 00  40  3.0  4.0   0.3    MM    MM  99 1009.5  18.9  18.3  18.1   MM -0.5    MM
2026 08 31 19 40  60  4.0  5.0   0.3    MM    MM  99 1009.6  18.9  18.3  18.1   MM   MM    MM
2026 08 31 19 20  50  4.0  5.0   0.3    MM    MM 107 1009.8  18.9  18.3  18.1   MM   MM    MM
2026 08 31 19 00  50  5.0  6.0   0.3    MM    MM 112 1009.9  18.9  18.3  18.1   MM -0.6    MM
2026 08 31 18 40  40  4.0  4.0   0.3    MM    MM 115 1010.1  18.9  18.3  18.0   MM   MM    MM
2026 08 31 18 20  40  4.0  4.0   0.3    MM    MM 111 1009.9  18.9  18.3  18.0   MM   MM    MM
2026 08 31 18 00  40  3.0  4.0   0.3    MM    MM 114 1010.1  19.0  18.2  18.0   MM +0.0    MM
2026 08 31 17 40  40  3.0  4.0   0.3    MM    MM 109 1009.9  18.9  18.2  18.0   MM   MM    MM
2026 08 31 17 20  30  3.0  3.0   0.3    MM    MM 102 1010.0  18.9  18.2  17.9   MM   MM    MM
2026 08 31 17 00  30  2.0  3.0   0.3    MM    MM  92 1010.1  19.0  18.1  17.9   MM -0.4    MM
2026 08 31 16 40  60  2.0  3.0   0.3    MM    MM  92 1010.2  18.9  18.1  17.9   MM   MM    MM
2026 08 31 16 20  50  2.0  3.0   0.3    MM    MM  99 1010.4  19.0  18.1  17.9   MM   MM    MM
2026 08 31 16 00  30  3.0  4.0   0.3    MM    MM  86 1010.5  18.9  18.0  17.9   MM -0.3    MM
2026 08 31 15 40  90  3.0  4.0   0.3    MM    MM  96 1010.1  18.8  18.0  17.9   MM   MM    MM
2026 08 31 15 20  50  3.0  4.0   0.3    MM    MM  85 1010.4  18.7  18.0  17.8   MM   MM    MM
2026 08 31 15 00  90  3.0  4.0   0.3    MM    MM  87 1010.2  18.7  18.0  17.8   MM +0.0    MM
2026 08 31 14 40  80  3.0  4.0   0.3    MM    MM 102 1010.2  18.7  18.0  17.8   MM   MM    MM
2026 08 31 14 20  90  2.0  3.0   0.4    MM    MM  96 1010.4  18.6  18.0  17.7   MM   MM    MM
2026 08 31 14 00  80  2.0  3.0   0.3    MM    MM  84 1010.4  18.7  18.0  17.8   MM +0.4    MM
2026 08 31 13 40 100  3.0  4.0   0.4    MM    MM  88 1010.4  18.6  18.0  17.8   MM   MM    MM
2026 08 31 13 20 100  3.0  4.0   0.4    MM    MM 101 1010.5  18.6  18.0  17.8   MM   MM    MM
2026 08 31 13 00  70  2.0  3.0   0.3    MM    MM  93 1010.8  18.6  18.0  17.7   MM +0.4    MM
2026 08 31 12 40  90  3.0  4.0   0.4    MM    MM  98 1010.5  18.6  18.0  17.7   MM   MM    MM
2026 08 31 12 20 100  3.0  4.0   0.4    MM    MM 102 1010.4  18.6  18.0  17.7   MM   MM    MM
2026 08 31 12 00  80  3.0  4.0   0.4    MM    MM 121 1010.4  18.5  18.0  17.7   MM -1.2    MM
2026 08 31 11 40  20  2.0  3.0   0.4    MM    MM 133 1010.4  18.5  18.0  17.7   MM   MM    MM
2026 08 31 11 20  30  2.0  3.0   0.4    MM    MM 106 1010.4  18.6  18.0  17.8   MM   MM    MM
2026 08 31 11 00 100  1.0  2.0   0.4    MM    MM  90 1010.1  18.6  18.0  17.9   MM -1.7    MM
2026 08 31 10 40 120  2.0  3.0   0.4    MM    MM  78 1009.8  18.5  18.0  17.8   MM   MM    MM
2026 08 31 10 20 110  3.0  3.0   0.4    MM    MM  88 1010.1  18.5  18.0  17.8   MM   MM    MM
2026 08 31 10 00  90  3.0  3.0   0.4    MM    MM  84 1010.3  18.6  18.0  17.8   MM -1.8    MM
2026 08 31 09 40 100  3.0  3.0   0.4    MM    MM  83 1010.8  18.7  18.0  17.8   MM   MM    MM
2026 08 31 09 20 100  3.0  4.0   0.4    MM    MM  89 1011.2  18.6  18.0  17.9   MM   MM    MM
2026 08 31 09 00 100  2.0  3.0   0.4    MM    MM  85 1011.6  18.5  18.0  17.8   MM -1.4    MM
2026 08 31 08 40  90  2.0  3.0   0.4    MM    MM  92 1011.8  18.5  18.0  17.7   MM   MM    MM
2026 08 31 08 20  80  3.0  3.0   0.4    MM    MM  87 1011.8  18.6  18.0  17.7   MM   MM    MM
2026 08 31 08 00 100  3.0  4.0   0.4    MM    MM  77 1011.7  18.7  18.0  17.9   MM -1.9    MM
2026 08 31 07 40 100  3.0  4.0   0.4    MM    MM  76 1011.8  18.7  18.0  17.9   MM   MM    MM
2026 08 31 07 20 110  3.0  4.0   0.4    MM    MM  71 1012.2  18.7  18.0  17.9   MM   MM    MM
2026 08 31 07 00 110  4.0  5.0   0.4    MM    MM  70 1012.2  18.7  18.0  17.9   MM -1.1    MM
2026 08 31 06 40 100  4.0  5.0   0.4    MM    MM  75 1012.4  18.6  18.0  17.8   MM   MM    MM
2026 08 31 06 20 100  3.0  4.0   0.4    MM    MM  73 1012.8  18.6  18.0  17.8   MM   MM    MM
2026 08 31 06 00 100  3.0  5.0   0.4    MM    MM  67 1013.0  18.6  18.0  17.8   MM -0.6    MM
2026 08 31 05 40 100  4.0  5.0   0.4    MM    MM  75 1013.3  18.6  18.0  17.7   MM   MM    MM
2026 08 31 05 20  40  2.0  3.0   0.4    MM    MM  77 1013.7  18.5  18.0  17.6   MM   MM    MM
2026 08 31 05 00  60  3.0  4.0   0.4    MM    MM 111 1013.7  18.4  18.0  17.6   MM -0.0    MM
2026 08 31 04 40  30  3.0  5.0   0.4    MM    MM 100 1013.6  18.2  18.0  17.5   MM   MM    MM
2026 08 31 04 00  60  4.0  5.0   0.4    MM    MM  98 1013.3  18.1  18.0  17.4   MM +0.0    MM
2026 08 31 03 40  60  4.0  5.0   0.4    MM    MM  81 1013.3  18.1  18.0  17.3   MM   MM    MM
2026 08 31 03 20  60  4.0  6.0   0.4    MM    MM  88 1013.3  18.1  18.0  17.3   MM   MM    MM
2026 08 31 03 00  60  4.0  5.0   0.3    MM    MM  86 1013.5  18.1  18.0  17.2   MM +0.2    MM
2026 08 31 02 40  60  4.0  5.0   0.3    MM    MM  77 1013.7  18.0  18.0  17.2   MM   MM    MM
2026 08 31 02 20  60  4.0  5.0   0.3    MM    MM  76 1013.6  18.0  18.0  17.2   MM   MM    MM
2026 08 31 02 00  70  4.0  5.0   0.3    MM    MM  78 1013.6  18.0  18.0  17.1   MM -0.0    MM
2026 08 31 01 40  70  4.0  5.0   0.3    MM    MM  78 1013.4  18.0  18.0  17.1   MM   MM    MM
2026 08 31 01 20  70  4.0  5.0   0.3    MM    MM  81 1013.4  18.0  18.0  17.1   MM   MM    MM
2026 08 31 01 00  70  4.0  5.0   0.3    MM    MM  87 1013.4  18.0  18.0  17.1   MM +0.0    MM
2026 08 31 00 40  90  4.0  5.0   0.4    MM    MM  95 1013.5  18.0  17.9  17.1   MM   MM    MM
2026 08 31 00 20  80  4.0  5.0   0.4    MM    MM  96 1013.5  18.0  17.9  17.0   MM   MM    MM
2026 08 31 00 00  90  5.0  6.0   0.4    MM    MM  98 1013.3  18.0  17.9  17.0   MM +0.0    MM
2026 08 30 23 40  80  5.0  7.0   0.5    MM    MM 101 1013.5  18.0  17.9  17.0   MM   MM    MM
2026 08 30 23 20  90  6.0  8.0   0.5    MM    MM 109 1013.4  17.9  18.0  16.9   MM   MM    MM
2026 08 30 23 00  90  6.0  8.0   0.5    MM    MM 108 1013.6  17.9  18.0  16.9   MM -0.2    MM
2026 08 30 22 40  90  6.0  8.0   0.5    MM    MM 101 1013.9  17.9  18.0  16.9   MM   MM    MM
2026 08 30 22 20 100  7.0  9.0   0.5    MM    MM 100 1013.3  17.8  18.0  16.8   MM   MM    MM
2026 08 30 22 00  90  7.0  8.0   0.5    MM    MM 104 1013.4  17.8  18.0  16.8   MM -0.6    MM
2026 08 30 21 40  90  7.0  8.0   0.5    MM    MM 100 1013.4  17.6  18.0  16.8   MM   MM    MM
2026 08 30 21 20  90  7.0  8.0   0.5    MM    MM 105 1013.7  17.7  18.0  16.9   MM   MM    MM
2026 08 30 21 00  90  7.0  9.0   0.5    MM    MM 106 1013.4  17.7  18.0  17.0   MM -0.5    MM
2026 08 30 20 40  80  7.0  9.0   0.5    MM    MM  98 1013.5  17.7  18.0  16.9   MM   MM    MM
2026 08 30 20 20  90  7.0  8.0   0.5    MM    MM  93 1013.7  17.9  18.0  17.0   MM   MM    MM
2026 08 30 20 00  90  7.0  8.0   0.4    MM    MM  97 1013.8  17.9  18.0  16.9   MM -0.5    MM
2026 08 30 19 40  80  7.0  8.0   0.4    MM    MM  91 1013.9  18.0  18.0  16.9   MM   MM    MM
2026 08 30 19 20  80  6.0  7.0   0.3    MM    MM  89 1014.1  18.1  18.0  17.0   MM   MM    MM
2026 08 30 19 00  70  6.0  7.0   0.3    MM    MM  91 1013.9  18.1  18.0  17.1   MM -0.2    MM
2026 08 30 18 40  70  5.0  6.0   0.3    MM    MM  86 1014.2  18.3  18.0  17.2   MM   MM    MM
2026 08 30 18 20  60  4.0  5.0   0.4    MM    MM  87 1014.2  18.3  18.0  17.2   MM   MM    MM
2026 08 30 18 00  70  5.0  7.0   0.4    MM    MM  96 1014.0  18.2  18.0  17.2   MM +0.3    MM
2026 08 30 17 40  80  5.0  7.0   0.4    MM    MM  87 1014.0  18.4  18.0  17.2   MM   MM    MM
2026 08 30 17 20  90  6.0  7.0   0.4    MM    MM  87 1013.9  18.3  17.9  17.2   MM   MM    MM
2026 08 30 17 00  90  6.0  7.0   0.4    MM    MM  94 1014.2  18.2  18.0  17.1   MM +0.5    MM
2026 08 30 16 40  80  6.0  7.0   0.4    MM    MM  90 1014.4  18.2  17.9  17.2   MM   MM    MM
2026 08 30 16 20  90  7.0  8.0   0.4    MM    MM  94 1014.1  18.2  17.9  17.2   MM   MM    MM
2026 08 30 16 00  80  6.0  7.0   0.4    MM    MM  92 1014.2  18.1  17.9  17.2   MM +0.4    MM
2026 08 30 15 40  80  5.0  6.0   0.3    MM    MM  83 1014.0  17.9  17.9  17.2   MM   MM    MM
2026 08 30 15 20 100  5.0  6.0   0.3    MM    MM  87 1013.8  18.1  17.9  17.2   MM   MM    MM
2026 08 30 15 00 100  6.0  7.0   0.3    MM    MM  83 1013.7  18.0  17.9  17.1   MM +0.3    MM
2026 08 30 14 40  90  4.0  5.0   0.3    MM    MM  78 1013.4  18.2  18.0  17.1   MM   MM    MM
2026 08 30 14 20  90  5.0  6.0   0.3    MM    MM  71 1013.7  18.0  18.0  17.1   MM   MM    MM
2026 08 30 14 00 100  5.0  6.0   0.3    MM    MM  71 1013.7  18.1  17.9  17.0   MM +0.8    MM
2026 08 30 13 40  90  5.0  7.0   0.2    MM    MM  74 1013.3  18.1  18.0  17.0   MM   MM    MM
2026 08 30 13 20  80  4.0  5.0   0.2    MM    MM  75 1013.5  18.1  18.0  17.0   MM   MM    MM
2026 08 30 13 00  60  4.0  5.0   0.2    MM    MM  83 1013.7  18.1  18.1  17.2   MM +0.8    MM
2026 08 30 12 40  50  5.0  6.0   0.2    MM    MM  86 1013.7  17.7  18.2  16.9   MM   MM    MM
2026 08 30 12 20  60  6.0  7.0   0.2    MM    MM  85 1013.6  17.7  18.3  16.8   MM   MM    MM
2026 08 30 12 00  60  5.0  6.0   0.2    MM    MM  89 1013.4  18.0  18.4  17.0   MM +0.2    MM
2026 08 30 11 40  50  4.0  6.0   0.1    MM    MM  90 1013.1  17.9  18.5  17.0   MM   MM    MM
2026 08 30 11 20  50  4.0  5.0   0.1    MM    MM  84 1013.0  18.2  18.5  17.1   MM   MM    MM
2026 08 30 11 00  60  3.0  4.0   0.1    MM    MM  83 1012.9  18.5  18.7  17.0   MM +0.0    MM
2026 08 30 10 00  80  3.0  3.0   0.1    MM    MM 102 1013.0  18.4  18.9  17.0   MM -0.5    MM
2026 08 30 09 40  70  3.0  3.0   0.1    MM    MM  98 1013.1  18.5  18.9  17.1   MM   MM    MM
2026 08 30 09 20  60  4.0  5.0   0.1    MM    MM 106 1013.1  18.5  18.9  17.1   MM   MM    MM
2026 08 30 09 00  70  3.0  4.0   0.1    MM    MM 109 1013.2  18.7  18.9  16.9   MM -0.8    MM
2026 08 30 08 40  60  2.0  3.0   0.1    MM    MM 114 1013.3  18.6  18.9  16.8   MM   MM    MM
2026 08 30 08 20  70  3.0  4.0   0.1    MM    MM 114 1013.1  18.4  18.8  16.8   MM   MM    MM
2026 08 30 08 00  70  3.0  4.0   0.1    MM    MM 122 1013.0  18.3  18.8  16.9   MM -1.0    MM
2026 08 30 07 40  70  3.0  3.0   0.1    MM    MM 128 1013.1  18.3  18.8  16.8   MM   MM    MM
2026 08 30 07 20  50  2.0  2.0   0.1    MM    MM 146 1013.3  18.2  18.7  16.3   MM   MM    MM
2026 08 30 07 00  10  1.0  1.0   0.1    MM    MM 168 1013.5  18.3  18.7  16.2   MM -0.3    MM
2026 08 30 06 40 350  1.0  1.0   0.1    MM    MM 217 1013.7  18.3  18.7  16.2   MM   MM    MM
2026 08 30 06 20 320  1.0  2.0   0.1    MM    MM 299 1014.0  18.3  18.7  16.3   MM   MM    MM
2026 08 30 06 00 290  1.0  2.0   0.1    MM    MM 314 1014.0  18.5  18.7  16.4   MM +0.0    MM
2026 08 30 05 40 250  2.0  2.0   0.1    MM    MM 339 1014.0  18.7  18.7  16.5   MM   MM    MM
2026 08 30 05 20 260  2.0  2.0   0.1    MM    MM 358 1014.2  18.6  18.6  16.6   MM   MM    MM
2026 08 30 05 00 240  2.0  3.0   0.1    MM    MM   7 1014.0  18.7  18.6  16.5   MM +0.3    MM
2026 08 30 04 40 250  2.0  3.0   0.1    MM    MM 333 1014.0  18.8  18.6  16.5   MM   MM    MM
2026 08 30 04 00 230  2.0  2.0   0.2    MM    MM  62 1013.8  18.9  18.6  16.8   MM +0.0    MM
2026 08 30 03 40 220  2.0  3.0   0.2    MM    MM 104 1013.9  19.0  18.6  17.0   MM   MM    MM
2026 08 30 03 20 200  4.0  5.0   0.2    MM    MM 120 1013.8  19.1  18.6  16.9   MM   MM    MM
2026 08 30 03 00 200  4.0  6.0   0.2    MM    MM 125 1013.9  19.2  18.6  17.0   MM +0.9    MM
2026 08 30 02 40 210  4.0  5.0   0.2    MM    MM 109 1013.8  19.4  18.6  17.3   MM   MM    MM
2026 08 30 02 20 220  5.0  7.0   0.2    MM    MM  99 1013.8  19.6  18.6  17.2   MM   MM    MM
2026 08 30 02 00 220  5.0  7.0   0.1    MM    MM 106 1013.7  19.7  18.6  17.4   MM +0.4    MM
2026 08 30 01 40 210  5.0  6.0   0.1    MM    MM  73 1013.5  19.9  18.7  17.7   MM   MM    MM
2026 08 30 01 20 200  2.0  3.0   0.1    MM    MM 106 1013.5  19.5  18.7  17.8   MM   MM    MM
2026 08 30 01 00 120  2.0  3.0   0.1    MM    MM 109 1013.6  18.6  18.7  17.5   MM +0.2    MM
2026 08 30 00 40  70  2.0  3.0   0.1    MM    MM 121 1013.5  18.9  18.7  17.7   MM   MM    MM
2026 08 30 00 20  40  2.0  3.0   0.1    MM    MM 114 1013.3  19.2  18.7  17.7   MM   MM    MM
2026 08 30 00 00  30  1.0  1.0   0.1    MM    MM 106 1013.0  19.6  18.7  17.9   MM -0.6    MM
2026 08 29 23 40 200  2.0  2.0   0.1    MM    MM  93 1013.0  19.8  18.7  18.0   MM   MM    MM
2026 08 29 23 20 170  2.0  3.0   0.1    MM    MM  95 1013.0  18.7  18.7  17.5   MM   MM    MM
2026 08 29 23 00 140  1.0  1.0   0.1    MM    MM  93 1013.2  18.9  18.7  17.4   MM -0.8    MM
2026 08 29 22 40 100  1.0  1.0   0.1    MM    MM  98 1013.2  18.9  18.7  17.5   MM   MM    MM
2026 08 29 22 20  80  2.0  2.0   0.1    MM    MM  96 1013.3  18.8  18.7  17.4   MM   MM    MM
2026 08 29 22 00  60  1.0  2.0   0.1    MM    MM  91 1013.4  18.9  18.7  17.3   MM -1.3    MM
2026 08 29 21 40  50  1.0  2.0   0.1    MM    MM  93 1013.4  18.9  18.7  17.2   MM   MM    MM
2026 08 29 21 20  10  1.0  1.0   0.1    MM    MM  92 1013.5  19.0  18.7  17.1   MM   MM    MM
2026 08 29 21 00  70  1.0  1.0   0.1    MM    MM  94 1013.6  18.7  18.7  16.9   MM -0.9    MM
2026 08 29 20 40  MM  0.0  1.0   0.1    MM    MM 103 1013.8  18.8  18.7  17.0   MM   MM    MM
2026 08 29 20 20 130  1.0  1.0   0.1    MM    MM 106 1013.8  18.6  18.7  16.9   MM   MM    MM
2026 08 29 20 00 180  1.0  2.0   0.1    MM    MM  98 1014.1  18.4  18.7  16.8   MM -1.0    MM
2026 08 29 19 40 140  1.0  2.0   0.1    MM    MM  97 1014.2  18.3  18.7  16.7   MM   MM    MM
2026 08 29 19 20 130  1.0  2.0   0.1    MM    MM 108 1014.4  18.2  18.7  16.6   MM   MM    MM
2026 08 29 19 00  70  2.0  2.0   0.1    MM    MM 113 1014.6  18.0  18.7  16.5   MM -0.8    MM
2026 08 29 18 40  40  3.0  4.0   0.1    MM    MM 126 1014.7  18.1  18.7  16.5   MM   MM    MM
2026 08 29 18 20  40  3.0  3.0   0.1    MM    MM 123 1014.6  18.2  18.7  16.5   MM   MM    MM
2026 08 29 18 00  60  2.0  3.0   0.1    MM    MM 126 1014.6  18.1  18.7  16.4   MM -1.4    MM
2026 08 29 17 40  70  3.0  4.0   0.1    MM    MM 121 1014.7  17.8  18.6  16.2   MM   MM    MM
2026 08 29 17 20  80  4.0  4.0   0.1    MM    MM 127 1014.8  17.7  18.6  16.2   MM   MM    MM
2026 08 29 17 00  70  3.0  4.0   0.1    MM    MM  93 1015.0  17.5  18.6  16.0   MM -0.8    MM
2026 08 29 16 40  70  3.0  4.0   0.1    MM    MM 111 1015.2  17.4  18.7  15.8   MM   MM    MM
2026 08 29 16 20  60  3.0  4.0   0.1    MM    MM 112 1015.3  17.1  18.7  15.7   MM   MM    MM
2026 08 29 16 00  60  2.0  3.0   0.1    MM    MM 111 1015.5  17.1  18.6  15.3   MM -0.6    MM
2026 08 29 15 40  70  2.0  2.0   0.1    MM    MM  96 1015.6  16.9  18.6  15.3   MM   MM    MM
2026 08 29 15 20  90  2.0  2.0   0.1    MM    MM  95 1015.7  16.9  18.6  15.3   MM   MM    MM
2026 08 29 15 00  90  2.0  3.0   0.1    MM    MM  93 1015.9  16.8  18.6  15.2   MM -0.2    MM
2026 08 29 14 40  80  2.0  3.0   0.1    MM    MM  94 1015.9  16.7  18.6  14.9   MM   MM    MM
2026 08 29 14 20  MM  0.0  1.0   0.1    MM    MM  84 1016.2  17.9  18.6  15.1   MM   MM    MM
2026 08 29 14 00 150  1.0  1.0   0.1    MM    MM  83 1015.9  17.4  18.5  14.6   MM   MM    MM
2026 08 29 13 40  MM  0.0  1.0   0.1    MM    MM 248 1016.0  17.3  18.5  14.3   MM   MM    MM
2026 08 29 13 20 260  1.0  1.0   0.1    MM    MM  68 1016.3  15.6  18.5  13.8   MM   MM    MM
2026 08 29 13 00 300  1.0  1.0   0.1    MM    MM  72 1016.1  14.9  18.5  13.6   MM   MM    MM
2026 08 29 12 40 300  2.0  3.0   0.1    MM    MM  67 1016.4  14.6  18.5  13.4   MM   MM    MM
2026 08 29 12 20 280  1.0  2.0   0.1    MM    MM  61 1016.2  14.8  18.5  13.4   MM   MM    MM
2026 08 29 12 00 310  2.0  2.0   0.1    MM    MM  49 1016.1  14.8  18.5  13.5   MM +0.0    MM
2026 08 29 11 40 270  1.0  2.0   0.1    MM    MM  47 1016.1  14.8  18.5  13.4   MM   MM    MM
2026 08 29 11 20 320  1.0  2.0   0.1    MM    MM  63 1015.8  14.4  18.5  13.2   MM   MM    MM
2026 08 29 09 00 280  2.0  3.0   0.1    MM    MM  77 1016.3  14.7  18.6  13.6   MM -0.5    MM
2026 08 29 08 40 270  1.0  1.0   0.1    MM    MM  82 1016.2  15.0  18.6  13.8   MM   MM    MM
2026 08 29 08 20 310  1.0  2.0   0.1    MM    MM 107 1016.3  14.9  18.6  13.7   MM   MM    MM
2026 08 29 08 00 300  2.0  2.0   0.1    MM    MM 137 1016.3  14.8  18.6  13.7   MM -0.8    MM
2026 08 29 07 40 290  2.0  3.0   0.1    MM    MM 213 1016.4  14.8  18.6  13.8   MM   MM    MM
2026 08 29 07 20 290  2.0  3.0   0.1    MM    MM 148 1016.6  15.0  18.6  13.9   MM   MM    MM
2026 08 29 07 00 300  2.0  2.0   0.1    MM    MM  99 1016.6  15.3  18.7  14.0   MM -0.4    MM
2026 08 29 06 40 320  2.0  2.0   0.1    MM    MM  84 1016.5  15.7  18.6  14.1   MM   MM    MM
2026 08 29 06 20 330  1.0  1.0   0.1    MM    MM  62 1016.7  15.9  18.7  14.2   MM   MM    MM
2026 08 29 06 00 300  1.0  2.0   0.1    MM    MM  78 1016.8  15.9  18.7  14.1   MM -0.4    MM
2026 08 29 05 40 300  2.0  2.0   0.1    MM    MM  80 1016.8  15.9  18.7  14.2   MM   MM    MM
2026 08 29 05 20 330  2.0  2.0   0.2    MM    MM  69 1017.1  16.0  18.7  14.3   MM   MM    MM
2026 08 29 05 00 320  1.0  2.0   0.1    MM    MM 345 1017.1  15.9  18.7  14.0   MM +0.0    MM
2026 08 29 04 40 330  1.0  2.0   0.2    MM    MM 300 1017.0  16.0  18.7  14.1   MM   MM    MM
2026 08 29 04 00 340  2.0  3.0   0.2    MM    MM 226 1017.0  16.1  18.7  14.4   MM +0.0    MM
2026 08 29 03 40 350  3.0  4.0   0.2    MM    MM 243 1017.1  16.3  18.7  14.7   MM   MM    MM
2026 08 29 03 20 360  3.0  4.0   0.2    MM    MM 250 1017.2  16.2  18.7  14.6   MM   MM    MM
2026 08 29 03 00 360  3.0  4.0   0.2    MM    MM 279 1017.3  16.6  18.7  14.9   MM -0.0    MM
2026 08 29 02 40 360  3.0  4.0   0.2    MM    MM 310 1017.2  16.9  18.7  15.2   MM   MM    MM
2026 08 29 02 20 350  3.0  3.0   0.2    MM    MM  44 1017.3  17.5  18.7  15.6   MM   MM    MM
2026 08 29 02 00  30  2.0  3.0   0.2    MM    MM  42 1017.2  18.1  18.7  16.0   MM -0.4    MM
2026 08 29 01 40  50  2.0  3.0   0.2    MM    MM  41 1017.2  18.2  18.7  15.8   MM   MM    MM
2026 08 29 01 20  50  3.0  3.0   0.2    MM    MM  42 1017.2  18.1  18.8  15.7   MM   MM    MM
2026 08 29 01 00  70  3.0  4.0   0.2    MM    MM  49 1017.1  18.1  18.8  15.7   MM -0.6    MM
2026 08 29 00 40  60  4.0  4.0   0.2    MM    MM  45 1017.1  18.2  18.8  15.7   MM   MM    MM
2026 08 29 00 20  60  3.0  4.0   0.2    MM    MM  45 1017.3  18.3  18.8  15.5   MM   MM    MM
2026 08 29 00 00  60  3.0  4.0   0.2    MM    MM  50 1017.4  18.4  18.8  15.7   MM -0.6    MM
2026 08 28 23 40  60  3.0  4.0   0.2    MM    MM  47 1017.5  18.6  18.8  15.7   MM   MM    MM
2026 08 28 23 20  70  3.0  4.0   0.3    MM    MM  57 1017.6  18.6  18.9  15.7   MM   MM    MM
2026 08 28 23 00  70  4.0  4.0   0.3    MM    MM  62 1017.6  18.6  18.9  15.8   MM -0.8    MM
2026 08 28 22 40  80  4.0  5.0   0.3    MM    MM  68 1017.6  18.4  18.9  15.4   MM   MM    MM
2026 08 28 22 20  90  5.0  6.0   0.3    MM    MM  68 1017.7  18.3  18.9  15.2   MM   MM    MM
2026 08 28 22 00  90  5.0  6.0   0.3    MM    MM  68 1017.8  18.2  19.0  15.3   MM -1.3    MM
2026 08 28 21 40  90  5.0  6.0   0.3    MM    MM  76 1017.8  18.2  19.0  15.2   MM   MM    MM
2026 08 28 21 20  90  5.0  6.0   0.3    MM    MM  76 1017.9  18.1  19.0  15.3   MM   MM    MM
2026 08 28 21 00  90  5.0  6.0   0.3    MM    MM  72 1018.0  18.1  19.1  15.1   MM -1.4    MM
2026 08 28 20 40  MM   MM   MM   0.3    MM    MM  70 1018.1  18.0  19.0  15.4   MM   MM    MM
2026 08 28 20 20  90  5.0  6.0   0.3    MM    MM  68 1018.2  18.0  19.0  15.4   MM   MM    MM
2026 08 28 20 00  90  5.0  5.0   0.3    MM    MM  68 1018.4  17.9  19.1  15.3   MM -1.5    MM
2026 08 28 19 40  90  5.0  6.0   0.2    MM    MM  67 1018.6  17.8  19.1  15.3   MM   MM    MM
2026 08 28 19 20  90  5.0  6.0   0.2    MM    MM  71 1018.8  17.8  19.1  15.2   MM   MM    MM
2026 08 28 19 00  90  4.0  5.0   0.2    MM    MM  67 1019.0  17.9  19.1  15.1   MM -1.2    MM
2026 08 28 18 40  90  4.0  5.0   0.2    MM    MM  73 1019.1  17.9  19.1  14.4   MM   MM    MM
2026 08 28 18 20  90  4.0  5.0   0.2    MM    MM  63 1019.3  17.9  19.1  14.5   MM   MM    MM
2026 08 28 18 00  90  3.0  4.0   0.1    MM    MM  50 1019.4  17.9  19.2  14.7   MM -0.7    MM
2026 08 28 17 40  90  3.0  4.0   0.1    MM    MM  67 1019.5  17.7  19.0  14.5   MM   MM    MM
2026 08 28 17 20  80  4.0  4.0   0.1    MM    MM  73 1019.7  17.6  19.0  14.5   MM   MM    MM
2026 08 28 17 00  70  3.0  4.0   0.1    MM    MM  36 1019.8  17.5  18.8  14.4   MM -0.3    MM
2026 08 28 16 40  60  3.0  4.0   0.1    MM    MM 338 1019.9  17.4  18.7  14.5   MM   MM    MM
2026 08 28 16 20  50  2.0  3.0   0.1    MM    MM 261 1020.1  17.4  18.7  14.0   MM   MM    MM
2026 08 28 16 00 100  1.0  2.0   0.1    MM    MM 330 1020.2  17.7  18.7  14.0   MM +0.0    MM
2026 08 28 15 40 100  1.0  2.0   0.1    MM    MM 331 1020.2  17.5  18.7  14.1   MM   MM    MM
2026 08 28 15 20 120  1.0  1.0   0.1    MM    MM 324 1020.0  18.0  18.6  14.4   MM   MM    MM
2026 08 28 15 00  MM  0.0  1.0   0.1    MM    MM 334 1020.1  18.3  18.6  14.8   MM +0.0    MM
2026 08 28 14 40 240  1.0  1.0   0.1    MM    MM 325 1020.1  16.6  18.6  14.0   MM   MM    MM
2026 08 28 14 20 250  1.0  2.0   0.1    MM    MM 325 1020.1  16.1  18.6  13.8   MM   MM    MM
2026 08 28 14 00 230  1.0  2.0   0.1    MM    MM 323 1020.2  16.0  18.6  14.0   MM +0.8    MM
2026 08 28 13 40 230  1.0  2.0   0.1    MM    MM 316 1020.1  15.6  18.6  13.8   MM   MM    MM
2026 08 28 13 20 250  1.0  2.0   0.1    MM    MM 308 1020.2  15.3  18.6  13.7   MM   MM    MM
2026 08 28 13 00 260  1.0  2.0   0.1    MM    MM 315 1020.2  15.1  18.6  13.6   MM +0.9    MM
2026 08 28 12 40 270  1.0  2.0   0.1    MM    MM 305 1020.0  14.8  18.6  13.5   MM   MM    MM
2026 08 28 12 20 300  3.0  3.0   0.1    MM    MM 292 1020.0  13.9  18.6  12.9   MM   MM    MM
2026 08 28 12 00 280  3.0  4.0   0.1    MM    MM 307 1019.9  13.8  18.6  12.9   MM +0.7    MM
2026 08 28 11 40 250  2.0  3.0   0.1    MM    MM 313 1019.8  14.6  18.6  13.6   MM   MM    MM
2026 08 28 11 20 250  2.0  3.0   0.1    MM    MM 327 1019.6  15.2  18.6  14.1   MM   MM    MM
2026 08 28 11 00  40  1.0  2.0   0.1    MM    MM 308 1019.4  15.7  18.6  14.3   MM +0.7    MM
2026 08 28 10 40 360  2.0  2.0   0.1    MM    MM 298 1019.4  15.7  18.6  14.3   MM   MM    MM
2026 08 28 10 20  10  2.0  3.0   0.1    MM    MM 309 1019.2  15.5  18.6  14.3   MM   MM    MM
2026 08 28 10 00 320  1.0  2.0   0.1    MM    MM 306 1019.3    MM  18.6    MM   MM +0.5    MM
2026 08 28 09 40 300  1.0  2.0   0.1    MM    MM 303 1019.3  15.2  18.6  14.1   MM   MM    MM
2026 08 28 09 20 310  1.0  2.0   0.1    MM    MM 296 1019.3  14.6  18.6  13.8   MM   MM    MM
2026 08 28 09 00 300  3.0  4.0   0.1    MM    MM 293 1019.3  14.4  18.6  13.6   MM +0.5    MM
2026 08 28 08 40 270  3.0  4.0   0.1    MM    MM 297 1019.1  14.8  18.6  13.8   MM   MM    MM
2026 08 28 08 20 270  2.0  2.0   0.1    MM    MM 305 1018.9  15.7  18.6  14.4   MM   MM    MM
2026 08 28 08 00 270  2.0  2.0   0.1    MM    MM 305 1018.7  16.1  18.6  14.7   MM +0.5    MM
2026 08 28 07 40 180  1.0  1.0   0.1    MM    MM 301 1018.6  16.7  18.6  14.9   MM   MM    MM
2026 08 28 07 20 270  1.0  1.0   0.1    MM    MM 300 1018.8  16.6  18.6  15.1   MM   MM    MM
2026 08 28 07 00 230  1.0  3.0   0.1    MM    MM 304 1018.8  17.0  18.6  15.1   MM +0.8    MM
2026 08 28 06 40 210  1.0  2.0   0.1    MM    MM 307 1018.8  17.0  18.6  15.1   MM   MM    MM
2026 08 28 06 20 230  1.0  2.0   0.1    MM    MM 311 1018.8  17.2  18.6  14.9   MM   MM    MM
2026 08 28 06 00 200  1.0  2.0   0.1    MM    MM 318 1018.8  17.1  18.6  14.4   MM +1.1    MM
2026 08 28 05 40 160  2.0  3.0   0.1    MM    MM 322 1018.6  17.0  18.6  14.8   MM   MM    MM
2026 08 28 05 20 180  1.0  3.0   0.1    MM    MM 312 1018.4  17.0  18.6  15.3   MM   MM    MM
2026 08 28 05 00  40  1.0  2.0   0.1    MM    MM 306 1018.2  17.0  18.6  15.3   MM +1.0    MM
2026 08 28 04 40  30  2.0  2.0   0.1    MM    MM 301 1018.1  17.1  18.7  15.3   MM   MM    MM
2026 08 28 04 00  10  3.0  3.0   0.1    MM    MM 308 1018.0  17.0  18.7  14.8   MM +1.2    MM
2026 08 28 03 40  30  2.0  4.0   0.1    MM    MM 310 1017.9  16.9  18.7  14.7   MM   MM    MM
2026 08 28 03 20 290  2.0  3.0   0.1    MM    MM 310 1017.6  17.0  18.8  14.7   MM   MM    MM
2026 08 28 03 00 290  3.0  3.0   0.1    MM    MM 314 1017.6  17.3  18.8  15.1   MM +0.9    MM
2026 08 28 02 40 260  3.0  3.0   0.1    MM    MM 322 1017.6  18.0  18.8  15.5   MM   MM    MM
2026 08 28 02 20 200  2.0  3.0   0.1    MM    MM 338 1017.4  18.2  18.8  15.4   MM   MM    MM
2026 08 28 02 00 190  1.0  2.0   0.2    MM    MM 339 1017.3  18.2  18.8  15.2   MM +0.4    MM
2026 08 28 01 40 170  1.0  2.0   0.2    MM    MM 342 1017.2  18.2  18.8  14.9   MM   MM    MM
2026 08 28 01 20 170  2.0  3.0   0.2    MM    MM 346 1017.0  18.1  18.9  15.0   MM   MM    MM
2026 08 28 01 00 160  3.0  4.0   0.2    MM    MM 353 1016.8  18.0  18.9  15.0   MM +0.0    MM
2026 08 28 00 40 140  3.0  3.0   0.2    MM    MM 350 1016.9  18.1  18.9  15.0   MM   MM    MM
2026 08 28 00 20 120  3.0  4.0   0.2    MM    MM 343 1016.9  18.1  18.9  14.9   MM   MM    MM
2026 08 28 00 00 120  3.0  4.0   0.2    MM    MM 250 1016.8  18.1  19.0  15.0   MM +0.4    MM
2026 08 27 23 40 100  3.0  4.0   0.3    MM    MM 194 1016.8  18.3  19.0  14.5   MM   MM    MM
2026 08 27 23 20  60  3.0  4.0   0.3    MM    MM 188 1017.0  18.5  19.0  14.8   MM   MM    MM
2026 08 27 23 00  40  4.0  5.0   0.3    MM    MM 201 1016.9  18.8  19.0  15.0   MM +0.7    MM
2026 08 27 22 40  20  4.0  6.0   0.3    MM    MM 213 1016.9  19.1  19.0  14.9   MM   MM    MM
2026 08 27 22 20  10  4.0  6.0   0.3    MM    MM 207 1016.8  19.3  19.0  15.0   MM   MM    MM
2026 08 27 22 00  30  5.0  6.0   0.3    MM    MM 191 1016.7  19.1  18.9  15.8   MM +0.5    MM
2026 08 27 21 40  60  7.0  9.0   0.2    MM    MM 216 1016.5  18.8  19.0  15.6   MM   MM    MM
2026 08 27 21 20  60  3.0  6.0   0.2    MM    MM 262 1016.5  19.6  19.1  15.3   MM   MM    MM
2026 08 27 21 00  60  4.0  6.0   0.2    MM    MM 261 1016.4  19.5  19.0  15.5   MM +0.0    MM
2026 08 27 20 40  30  4.0  5.0   0.1    MM    MM 296 1016.4  20.2  19.0  14.8   MM   MM    MM
2026 08 27 20 20  90  2.0  3.0   0.1    MM    MM 316 1016.4  19.9  18.9  15.7   MM   MM    MM
2026 08 27 20 00 140  1.0  2.0   0.2    MM    MM 319 1016.3  20.6  18.8  15.9   MM +0.0    MM
2026 08 27 19 40 190  2.0  3.0   0.2    MM    MM 326 1016.2  20.3  18.8  15.2   MM   MM    MM
2026 08 27 19 20 180  2.0  3.0   0.2    MM    MM 333 1016.2  19.5  18.8  15.3   MM   MM    MM
2026 08 27 19 00 180  3.0  4.0   0.2    MM    MM 340 1016.2  19.4  18.7  15.0   MM -0.5    MM
2026 08 27 18 40 170  3.0  3.0   0.2    MM    MM 345 1016.2  19.1  18.7  15.1   MM   MM    MM
2026 08 27 18 20 160  3.0  3.0   0.2    MM    MM 347 1016.3  18.9  18.6  14.6   MM   MM    MM
2026 08 27 18 00 160  3.0  4.0   0.2    MM    MM 350 1016.3  18.7  18.5  14.7   MM +0.0    MM
2026 08 27 17 40 170  3.0  4.0   0.2    MM    MM 350 1016.3  18.4  18.3  14.9   MM   MM    MM
2026 08 27 17 20 180  4.0  4.0   0.2    MM    MM 358 1016.4  18.2  18.4  14.3   MM   MM    MM
2026 08 27 17 00 170  4.0  4.0   0.2    MM    MM   3 1016.3  17.8  18.5  14.4   MM +0.3    MM
2026 08 27 16 40 170  3.0  4.0   0.2    MM    MM   3 1016.4  17.6  18.2  14.4   MM   MM    MM
2026 08 27 16 20 180  3.0  4.0   0.2    MM    MM   7 1016.5  17.4  18.0  14.2   MM   MM    MM
2026 08 27 16 00 180  3.0  3.0   0.2    MM    MM  12 1016.6  17.3  18.0  14.3   MM +0.7    MM
2026 08 27 15 40 180  2.0  2.0   0.2    MM    MM  14 1016.5  17.4  18.0  14.1   MM   MM    MM
2026 08 27 15 20 140  1.0  2.0   0.2    MM    MM 359 1016.4  17.5  18.1  14.4   MM   MM    MM
2026 08 27 15 00 100  1.0  2.0   0.2    MM    MM   0 1016.1  17.4  18.1  14.5   MM +0.8    MM
2026 08 27 14 40 100  1.0  2.0   0.2    MM    MM 354 1016.0  17.4  18.1  14.3   MM   MM    MM
2026 08 27 14 20  80  1.0  2.0   0.2    MM    MM 316 1016.0  17.1  18.1  14.3   MM   MM    MM
2026 08 27 14 00  40  2.0  3.0   0.2    MM    MM 257 1016.0  16.8  18.1  14.3   MM +1.5    MM
2026 08 27 13 40  30  2.0  3.0   0.2    MM    MM 226 1016.1  16.6  18.0  14.3   MM   MM    MM
2026 08 27 13 20  40  3.0  4.0   0.2    MM    MM 228 1016.1  16.5  18.0  14.3   MM   MM    MM
2026 08 27 13 00  20  3.0  4.0   0.2    MM    MM 253 1015.9  16.5  18.0  14.4   MM +2.0    MM
2026 08 27 12 40 340  2.0  2.0   0.1    MM    MM 261 1015.7  16.5  18.0  14.3   MM   MM    MM
2026 08 27 12 20 330  2.0  2.0   0.1    MM    MM 259 1015.5  16.4  17.9  14.4   MM   MM    MM
2026 08 27 12 00 300  2.0  2.0   0.1    MM    MM 244 1015.3  16.1  17.9  14.2   MM +2.1    MM
2026 08 27 11 40 320  3.0  3.0   0.1    MM    MM 235 1015.1  16.0  17.8  14.2   MM   MM    MM
2026 08 27 11 20 310  2.0  3.0   0.2    MM    MM 233 1014.7  16.1  17.8  14.3   MM   MM    MM
2026 08 27 11 00 310  2.0  3.0   0.2    MM    MM 228 1014.5  16.1  17.8  14.3   MM +2.2    MM
2026 08 27 10 40 330  3.0  3.0   0.2    MM    MM 207 1014.3  16.1  17.7  14.3   MM   MM    MM
2026 08 27 10 20 340  3.0  4.0   0.2    MM    MM 203 1014.1  16.3  17.7  14.4   MM   MM    MM
2026 08 27 10 00 320  3.0  4.0   0.2    MM    MM 219 1013.9  16.3  17.6  14.6   MM +1.8    MM
2026 08 27 09 40 320  2.0  3.0   0.2    MM    MM 233 1013.6  16.2  17.6  14.5   MM   MM    MM
2026 08 27 09 20 320  2.0  3.0   0.2    MM    MM 234 1013.4  16.5  17.6  14.5   MM   MM    MM
2026 08 27 09 00 350  2.0  3.0   0.2    MM    MM 215 1013.2  16.6  17.6  14.7   MM +1.1    MM
2026 08 27 08 40 340  2.0  3.0   0.1    MM    MM 209 1013.0  16.8  17.6  14.9   MM   MM    MM
2026 08 27 08 20 340  2.0  3.0   0.1    MM    MM 226 1012.6  17.0  17.6  15.2   MM   MM    MM
2026 08 27 08 00 360  2.0  3.0   0.2    MM    MM 193 1012.3  17.1  17.6  15.2   MM +0.4    MM
2026 08 27 07 40 350  4.0  5.0   0.1    MM    MM 192 1012.2  17.2  17.7  15.4   MM   MM    MM
2026 08 27 07 20 330  4.0  6.0   0.1    MM    MM 200 1012.2  17.3  17.7  15.4   MM   MM    MM
2026 08 27 07 00 330  5.0  7.0   0.1    MM    MM 189 1012.1  17.2  17.7  15.4   MM +0.5    MM
2026 08 27 06 40 320  5.0  6.0   0.1    MM    MM 237 1012.2  17.1  17.6  15.3   MM   MM    MM
2026 08 27 06 20 310  4.0  5.0   0.1    MM    MM 271 1012.1  17.1  17.6  15.4   MM   MM    MM
2026 08 27 06 00 300  3.0  4.0   0.1    MM    MM 290 1012.1  17.0  17.6  15.6   MM +0.8    MM
2026 08 27 05 40 270  3.0  4.0   0.1    MM    MM 284 1012.0  17.4  17.6  15.9   MM   MM    MM
2026 08 27 05 20 310  2.0  3.0   0.1    MM    MM 293 1012.0  17.6  17.6  15.9   MM   MM    MM
2026 08 27 05 00 330  3.0  3.0   0.1    MM    MM 290 1011.9    MM  17.7    MM   MM +1.0    MM
2026 08 27 04 40 310  2.0  3.0   0.1    MM    MM 316 1011.9  18.0  17.7  16.2   MM   MM    MM
2026 08 27 04 00 270  2.0  3.0   0.1    MM    MM 304 1011.6  18.1  17.7  16.4   MM +1.4    MM
2026 08 27 03 40 290  2.0  3.0   0.1    MM    MM 319 1011.6  18.3  17.7  16.5   MM   MM    MM
2026 08 27 03 20 180  1.0  4.0   0.1    MM    MM 340 1011.6  18.5  17.7  16.5   MM   MM    MM
2026 08 27 03 00 250  1.0  3.0   0.1    MM    MM 302 1011.3  18.4  17.7  16.6   MM +1.3    MM
2026 08 27 02 40 270  3.0  4.0   0.1    MM    MM 201 1011.1  18.5  17.7  16.6   MM   MM    MM
2026 08 27 02 20 300  4.0  6.0   0.1    MM    MM 111 1010.9  18.5  17.7  16.8   MM   MM    MM
2026 08 27 02 00 320  5.0  7.0   0.1    MM    MM 123 1010.9  18.4  17.7  16.8   MM +1.1    MM
2026 08 27 01 40 310  4.0  6.0   0.1    MM    MM 247 1010.9  18.7  17.7  16.6   MM   MM    MM
2026 08 27 01 20 290  3.0  4.0   0.1    MM    MM 175 1010.6  18.6  17.7  16.7   MM   MM    MM
2026 08 27 01 00 310  4.0  6.0   0.1    MM    MM 104 1010.2  18.9  17.7  16.7   MM +0.7    MM
2026 08 27 00 40 300  6.0 10.0   0.1    MM    MM 106 1010.3  19.4  17.7  16.7   MM   MM    MM
2026 08 27 00 20 280  5.0  7.0   0.1    MM    MM 115 1010.0  19.8  17.7  16.8   MM   MM    MM
2026 08 27 00 00 280  6.0  7.0   0.1    MM    MM 109 1010.0  20.3  17.7  16.9   MM +0.8    MM
2026 08 26 23 40 280  5.0  7.0   0.1    MM    MM 152 1009.9  20.4  17.7  17.1   MM   MM    MM
2026 08 26 23 20 280  4.0  5.0   0.1    MM    MM 290 1009.7  20.2  17.7  17.1   MM   MM    MM
2026 08 26 23 00 270  3.0  3.0   0.1    MM    MM 325 1009.8  20.2  17.7  17.2   MM +1.0    MM
2026 08 26 22 40 270  2.0  2.0   0.1    MM    MM 275 1009.7  20.0  17.7  17.0   MM   MM    MM
2026 08 26 22 20 280  3.0  4.0   0.1    MM    MM 110 1009.6  19.8  17.7  16.9   MM   MM    MM
2026 08 26 22 00 290  4.0  6.0   0.1    MM    MM  85 1009.5  19.9  17.7  16.9   MM +1.2    MM
2026 08 26 21 40 290  5.0  7.0   0.1    MM    MM  88 1009.4  20.1  17.8  16.9   MM   MM    MM
2026 08 26 21 20 290  4.0  6.0   0.1    MM    MM  79 1009.2  20.1  17.8  16.9   MM   MM    MM
2026 08 26 21 00 300  4.0  6.0   0.1    MM    MM  84 1009.1  20.0  17.8  16.8   MM +1.1    MM
2026 08 26 20 40 300  5.0  7.0   0.1    MM    MM  89 1009.0  20.0  17.8  16.7   MM   MM    MM
2026 08 26 20 20 300  6.0  8.0   0.1    MM    MM  84 1009.0  20.0  17.8  16.7   MM   MM    MM
2026 08 26 20 00 300  5.0  8.0   0.1    MM    MM  83 1008.8  19.7  17.8  16.6   MM +1.0    MM
2026 08 26 19 40 310  6.0  9.0   0.2    MM    MM  68 1008.7  19.9  17.8  16.6   MM   MM    MM
2026 08 26 19 20 300  6.0 10.0   0.1    MM    MM  78 1008.4  20.1  17.9  16.7   MM   MM    MM
2026 08 26 19 00 310  7.0  8.0   0.1    MM    MM  71 1008.3  20.2  18.0  16.7   MM +0.8    MM
2026 08 26 18 40 290  6.0  8.0   0.1    MM    MM  67 1008.2  20.2  18.0  16.8   MM   MM    MM
2026 08 26 18 20 310  6.0  7.0   0.1    MM    MM  70 1008.2  20.0  18.1  17.0   MM   MM    MM
2026 08 26 18 00 290  6.0  9.0   0.2    MM    MM  76 1008.1  19.9  18.0  16.9   MM +0.8    MM
2026 08 26 17 40 310  6.0  8.0   0.2    MM    MM  66 1008.1  19.6  18.0  16.9   MM   MM    MM
2026 08 26 17 20 310  6.0  8.0   0.1    MM    MM  71 1008.0  19.7  18.0  17.0   MM   MM    MM
2026 08 26 17 00 290  6.0  9.0   0.2    MM    MM  77 1007.9  19.4  18.0  16.9   MM +0.9    MM
2026 08 26 16 40 290  5.0  7.0   0.2    MM    MM  63 1007.7  19.1  18.0  16.9   MM   MM    MM
2026 08 26 16 20 290  5.0  8.0   0.2    MM    MM  61 1007.6  19.1  18.1  17.0   MM   MM    MM
2026 08 26 16 00 280  5.0  6.0   0.1    MM    MM  27 1007.6  18.8  18.1  17.0   MM +0.6    MM
2026 08 26 15 40 280  4.0  5.0   0.1    MM    MM   4 1007.4  18.5  18.1  16.9   MM   MM    MM
2026 08 26 15 20 280  3.0  6.0   0.2    MM    MM   7 1007.5  17.9  18.1  16.7   MM   MM    MM
2026 08 26 15 00 290  5.0  6.0   0.2    MM    MM  18 1007.3  18.1  18.1  16.7   MM +0.5    MM
2026 08 26 14 40 270  5.0  6.0   0.2    MM    MM  27 1007.1  18.4  18.1  16.8   MM   MM    MM
2026 08 26 14 20 270  5.0  6.0   0.2    MM    MM  24 1007.1  18.4  18.0  16.9   MM   MM    MM
2026 08 26 14 00 270  6.0  7.0   0.2    MM    MM  16 1007.0  18.8  18.2  17.0   MM +0.0    MM
2026 08 26 13 40 250  4.0  5.0   0.2    MM    MM  15 1007.1  18.8  18.1  17.1   MM   MM    MM
2026 08 26 13 20 250  4.0  5.0   0.2    MM    MM  27 1007.0  18.7  18.0  17.0   MM   MM    MM
2026 08 26 13 00 250  4.0  5.0   0.2    MM    MM  29 1007.0  18.4  18.0  16.9   MM +0.0    MM
2026 08 26 12 40 240  3.0  4.0   0.2    MM    MM  35 1007.0  18.3  18.0  17.0   MM   MM    MM
2026 08 26 12 20 230  4.0  5.0   0.2    MM    MM  33 1006.9  18.4  18.0  17.0   MM   MM    MM
2026 08 26 12 00 240  4.0  5.0   0.2    MM    MM  31 1006.8  18.1  18.0  16.9   MM +0.0    MM
2026 08 26 11 40 250  4.0  6.0   0.2    MM    MM  38 1006.8  18.1  18.0  16.8   MM   MM    MM
2026 08 26 11 20 250  5.0  7.0   0.2    MM    MM  21 1006.8  18.1  18.0  16.8   MM   MM    MM
2026 08 26 11 00 230  4.0  5.0   0.2    MM    MM  41 1006.9  18.1  18.0  16.8   MM -0.4    MM
2026 08 26 10 40 210  4.0  6.0   0.2    MM    MM  18 1006.8  18.2  18.0  16.8   MM   MM    MM
2026 08 26 10 20 220  4.0  5.0   0.2    MM    MM  16 1006.8  18.3  18.0  16.9   MM   MM    MM
2026 08 26 10 00 210  4.0  5.0   0.2    MM    MM   3 1006.8  18.3  18.0  16.9   MM -0.9    MM
2026 08 26 09 40 220  4.0  6.0   0.2    MM    MM 320 1006.8  18.4  18.0  17.0   MM   MM    MM
2026 08 26 09 20 220  4.0  4.0   0.2    MM    MM 312 1006.9  18.4  18.0  17.2   MM   MM    MM
2026 08 26 09 00 220  4.0  5.0   0.2    MM    MM 317 1006.8  18.4  18.0  17.2   MM -1.2    MM
2026 08 26 08 40 210  5.0  6.0   0.2    MM    MM 341 1006.9  18.6  18.0  17.3   MM   MM    MM
2026 08 26 08 20 220  4.0  5.0   0.2    MM    MM 303 1007.2  18.6  18.0  17.4   MM   MM    MM
2026 08 26 08 00 210  3.0  4.0   0.2    MM    MM 277 1007.3  18.6  18.0  17.4   MM -1.1    MM
2026 08 26 07 40 220  2.0  2.0   0.2    MM    MM 271 1007.6  18.7  17.9  17.5   MM   MM    MM
2026 08 26 07 20 200  3.0  3.0   0.2    MM    MM 284 1007.6  18.7  18.0  17.6   MM   MM    MM
2026 08 26 07 00 210  3.0  3.0   0.2    MM    MM 315 1007.7  18.8  17.9  17.7   MM -1.5    MM
2026 08 26 06 40 220  3.0  4.0   0.2    MM    MM 303 1007.8  19.0  17.9  17.7   MM   MM    MM
2026 08 26 06 20 230  3.0  4.0   0.2    MM    MM 270 1007.9  19.0  17.9  17.8   MM   MM    MM
2026 08 26 06 00 240  2.0  2.0   0.2    MM    MM 226 1008.0  18.8  17.8  17.8   MM -1.8    MM
2026 08 26 05 40 250  1.0  2.0   0.1    MM    MM 243 1008.0  18.7  17.7  17.8   MM   MM    MM
2026 08 26 05 20 260  1.0  1.0   0.2    MM    MM 267 1008.2  18.7  17.7  17.8   MM   MM    MM
2026 08 26 05 00 280  1.0  1.0   0.2    MM    MM 276 1008.4  18.7  17.7  17.7   MM -2.2    MM
2026 08 26 04 40 290  1.0  1.0   0.2    MM    MM 314 1008.8  18.7  17.6  17.7   MM   MM    MM
2026 08 26 04 00 280  1.0  1.0   0.2    MM    MM  41 1009.3  18.6  17.6  17.6   MM -1.4    MM
2026 08 26 03 40 300  1.0  1.0   0.2    MM    MM  34 1009.6  18.4  17.6  17.4   MM   MM    MM
2026 08 26 03 20 130  1.0  1.0   0.2    MM    MM  36 1009.6  18.4  17.6  17.4   MM   MM    MM
2026 08 26 03 00 120  1.0  2.0   0.2    MM    MM  58 1009.8  18.6  17.6  17.5   MM -1.0    MM
2026 08 26 02 40  80  1.0  2.0   0.2    MM    MM  34 1010.0  18.5  17.6  17.5   MM   MM    MM
2026 08 26 02 20 170  2.0  3.0   0.1    MM    MM  17 1010.3  18.3  17.7  17.4   MM   MM    MM
2026 08 26 02 00 180  3.0  4.0   0.1    MM    MM  10 1010.7  18.3  17.7  17.4   MM -0.3    MM
2026 08 26 01 40 190  4.0  5.0   0.1    MM    MM  35 1010.6  18.5  17.7  17.6   MM   MM    MM
2026 08 26 01 20 360  1.0  1.0   0.1    MM    MM  40 1010.4  18.6  17.7  17.6   MM   MM    MM
2026 08 26 01 00 350  2.0  2.0   0.1    MM    MM  23 1010.6  19.1  17.7  17.8   MM -1.0    MM
2026 08 26 00 40 230  4.0  6.0   0.1    MM    MM  89 1011.2  19.2  17.7  17.9   MM   MM    MM
2026 08 26 00 20 360  3.0  6.0   0.2    MM    MM  94 1011.1  18.0  17.7  16.9   MM   MM    MM
2026 08 26 00 00  30  2.0  3.0   0.2    MM    MM  75 1010.7  18.1  17.7  16.7   MM -1.1    MM
2026 08 25 23 40  10  2.0  3.0   0.2    MM    MM  74 1010.8  18.3  17.7  16.9   MM   MM    MM
2026 08 25 23 20 350  2.0  3.0   0.2    MM    MM  81 1011.0  18.6  17.7  16.6   MM   MM    MM
2026 08 25 23 00  40  3.0  4.0   0.2    MM    MM  89 1011.0  18.5  17.7  16.4   MM -1.8    MM
2026 08 25 22 40  20  4.0  6.0   0.2    MM    MM  98 1011.2  18.4  17.7  16.5   MM   MM    MM
2026 08 25 22 20  50  3.0  4.0   0.2    MM    MM  91 1011.5  18.1  17.7  16.4   MM   MM    MM
2026 08 25 22 00  60  4.0  6.0   0.2    MM    MM 100 1011.6  18.3  17.8  16.3   MM -2.3    MM
2026 08 25 21 40  50  4.0  6.0   0.2    MM    MM 104 1011.4  18.5  17.8  16.2   MM   MM    MM
2026 08 25 21 20 360  4.0  6.0   0.2    MM    MM 111 1012.2  18.6  17.8  16.1   MM   MM    MM
2026 08 25 21 00  50  5.0  6.0   0.2    MM    MM 100 1011.8  18.2  17.9  16.4   MM -2.6    MM
2026 08 25 20 40  50  5.0  6.0   0.2    MM    MM 108 1012.0  18.2  17.9  16.3   MM   MM    MM
2026 08 25 20 20  40  4.0  5.0   0.2    MM    MM 110 1012.5  18.2  18.0  16.3   MM   MM    MM
2026 08 25 20 00  50  4.0  5.0   0.2    MM    MM 111 1012.7  18.1  18.0  16.3   MM -2.3    MM
2026 08 25 19 40  50  4.0  5.0   0.2    MM    MM 114 1013.0  18.1  18.1  16.1   MM   MM    MM
2026 08 25 19 20  50  4.0  5.0   0.2    MM    MM 124 1013.6  18.0  18.1  16.0   MM   MM    MM
2026 08 25 19 00  40  4.0  5.0   0.1    MM    MM 124 1013.9  17.9  18.1  16.0   MM -1.8    MM
2026 08 25 18 40  60  3.0  4.0   0.1    MM    MM 121 1014.0  17.9  18.2  15.9   MM   MM    MM
2026 08 25 18 20  50  4.0  5.0   0.1    MM    MM 135 1014.1  17.8  18.2  15.7   MM   MM    MM
2026 08 25 18 00  50  4.0  5.0   0.1    MM    MM 137 1014.4  17.8  18.3  15.7   MM -1.9    MM
2026 08 25 17 40  60  4.0  5.0   0.1    MM    MM 147 1014.7  17.8  18.3  15.5   MM   MM    MM
2026 08 25 17 20  60  3.0  4.0   0.1    MM    MM 158 1014.8  17.7  18.2  15.5   MM   MM    MM
2026 08 25 17 00  60  3.0  4.0   0.1    MM    MM 162 1015.0  17.7  18.1  15.3   MM -1.7    MM
2026 08 25 16 40  70  3.0  4.0   0.1    MM    MM 220 1015.4  17.6  18.1  15.1   MM   MM    MM
2026 08 25 16 20  80  2.0  3.0   0.1    MM    MM 271 1015.7  17.7  18.1  15.0   MM   MM    MM
2026 08 25 16 00  90  2.0  3.0   0.1    MM    MM 334 1015.6  17.9  18.1  14.8   MM -1.4    MM
2026 08 25 15 40 120  2.0  2.0   0.1    MM    MM  12 1015.9  18.4  18.1  14.6   MM   MM    MM
2026 08 25 15 20 180  1.0  1.0   0.1    MM    MM 288 1016.2  18.1  18.1  14.2   MM   MM    MM
2026 08 25 15 00 250  2.0  2.0   0.1    MM    MM 304 1016.3  17.4  18.1  13.8   MM -0.8    MM
2026 08 25 14 40 230  2.0  2.0   0.1    MM    MM  18 1016.5  17.1  18.1  13.6   MM   MM    MM
2026 08 25 14 20 200  2.0  3.0   0.1    MM    MM  61 1016.6  17.0  18.1  13.2   MM   MM    MM
2026 08 25 14 00 220  2.0  3.0   0.1    MM    MM  79 1016.7  16.7  18.1  13.2   MM -0.2    MM
2026 08 25 13 40 210  3.0  3.0   0.1    MM    MM 173 1016.8  16.2  18.1  13.0   MM   MM    MM
2026 08 25 13 20 210  3.0  4.0   0.1    MM    MM  70 1016.9  16.1  18.1  12.7   MM   MM    MM
2026 08 25 13 00 230  3.0  3.0   0.1    MM    MM  70 1017.0  15.8  18.1  12.5   MM +0.3    MM
2026 08 25 12 40 230  3.0  3.0   0.1    MM    MM  68 1017.0  15.7  18.1  12.6   MM   MM    MM
2026 08 25 12 20 240  3.0  4.0   0.1    MM    MM  58 1017.0  15.6  18.1  12.6   MM   MM    MM
2026 08 25 12 00 240  3.0  4.0   0.1    MM    MM  55 1017.1  14.9  18.1  12.5   MM +0.6    MM
2026 08 25 11 40 240  3.0  3.0   0.1    MM    MM  62 1017.3  15.7  18.1  12.6   MM   MM    MM
2026 08 25 11 20 240  3.0  4.0   0.1    MM    MM  55 1017.0  15.9  18.1  12.6   MM   MM    MM
2026 08 25 11 00 230  3.0  5.0   0.1    MM    MM  26 1016.9  16.1  18.1  12.7   MM -0.0    MM
2026 08 25 10 40 240  3.0  4.0   0.1    MM    MM  28 1016.8  16.0  18.1  12.7   MM   MM    MM
2026 08 25 10 20 230  3.0  4.0   0.1    MM    MM  60 1016.6  16.1  18.1  12.7   MM   MM    MM
2026 08 25 10 00 250  3.0  3.0   0.1    MM    MM  52 1016.7  15.7  18.1  12.9   MM -0.8    MM
2026 08 25 09 40 260  3.0  5.0   0.1    MM    MM  38 1016.6  16.0  18.1  12.9   MM   MM    MM
2026 08 25 09 20 240  3.0  4.0   0.1    MM    MM 357 1016.5  16.2  18.0  12.9   MM   MM    MM
2026 08 25 09 00 240  2.0  3.0   0.1    MM    MM 351 1016.5  16.0  18.0  12.8   MM -1.2    MM
2026 08 25 08 40 270  2.0  3.0   0.1    MM    MM   3 1016.9  15.7  18.0  13.0   MM   MM    MM
2026 08 25 08 20 250  2.0  3.0   0.1    MM    MM  36 1017.0  15.6  18.0  12.9   MM   MM    MM
2026 08 25 08 00 270  2.0  3.0   0.1    MM    MM  19 1017.1  15.3  18.0  12.8   MM -0.6    MM
2026 08 25 07 40 270  3.0  3.0   0.1    MM    MM  19 1017.5  15.1  18.0  12.5   MM   MM    MM
2026 08 25 07 20 270  3.0  4.0   0.1    MM    MM  36 1017.6  15.1  18.0  12.7   MM   MM    MM
2026 08 25 07 00 260  3.0  3.0   0.1    MM    MM  84 1017.5  15.5  17.9  12.6   MM +0.0    MM
2026 08 25 06 40 250  3.0  3.0   0.2    MM    MM 112 1017.6  15.3  17.9  12.5   MM   MM    MM
2026 08 25 06 20 230  4.0  5.0   0.2    MM    MM 124 1017.6  15.6  17.8  12.6   MM   MM    MM
2026 08 25 06 00 220  5.0  6.0   0.1    MM    MM 298 1017.7  15.7  17.8  12.9   MM +0.2    MM
2026 08 25 05 40 270  2.0  3.0   0.1    MM    MM 281 1017.7  15.0  17.8  12.8   MM   MM    MM
2026 08 25 05 20 260  2.0  3.0   0.1    MM    MM 275 1017.8  15.2  17.8  12.8   MM   MM    MM
2026 08 25 05 00 270  3.0  3.0   0.1    MM    MM 280 1017.7  15.0  17.7  12.7   MM +0.0    MM
2026 08 25 04 40 280  3.0  4.0   0.1    MM    MM 271 1017.7  15.0  17.8  12.9   MM   MM    MM
2026 08 25 04 00 290  1.0  2.0   0.1    MM    MM 277 1017.5  15.8  17.8  12.7   MM +0.0    MM
2026 08 25 03 40 290  2.0  3.0   0.1    MM    MM 273 1017.6  15.6  17.8  13.0   MM   MM    MM
2026 08 25 03 20 290  1.0  2.0   0.1    MM    MM 251 1017.6  16.0  17.8  13.3   MM   MM    MM
2026 08 25 03 00  MM  0.0  1.0   0.1    MM    MM 249 1017.5  16.5  17.7  14.0   MM -0.2    MM
2026 08 25 02 40  MM  0.0  1.0   0.1    MM    MM 229 1017.6  16.4  17.7  13.9   MM   MM    MM
2026 08 25 02 20  MM  0.0  1.0   0.1    MM    MM 238 1017.6  16.5  17.7  13.7   MM   MM    MM
2026 08 25 02 00 300  1.0  2.0   0.1    MM    MM 232 1017.7  16.9  17.8  14.0   MM +0.0    MM
2026 08 25 01 40  MM  0.0  1.0   0.1    MM    MM 223 1017.6  17.2  17.8  12.6   MM   MM    MM
2026 08 25 01 20  MM  0.0  1.0   0.1    MM    MM 198 1017.6  17.4  17.8  12.8   MM   MM    MM
2026 08 25 01 00 310  1.0  1.0   0.1    MM    MM 196 1017.6  17.6  17.8  12.6   MM +0.4    MM
2026 08 25 00 40 320  1.0  2.0   0.1    MM    MM 197 1017.6  17.8  17.9  12.7   MM   MM    MM
2026 08 25 00 20 360  1.0  2.0   0.1    MM    MM 185 1017.8  18.2  17.9  12.6   MM   MM    MM
2026 08 25 00 00  10  2.0  3.0   0.1    MM    MM 180 1017.7  18.4  17.9  12.7   MM +0.5    MM
2026 08 24 23 40 360  2.0  3.0   0.1    MM    MM 178 1017.6  18.7  17.9  12.8   MM   MM    MM
2026 08 24 23 20 360  3.0  4.0   0.1    MM    MM 174 1017.5  19.0  17.9  12.9   MM   MM    MM
2026 08 24 23 00  MM   MM   MM   0.1    MM    MM 178 1017.6  19.4  18.0  12.6   MM +0.4    MM
2026 08 24 22 40 350  3.0  5.0   0.1    MM    MM 183 1017.5  19.7  18.0  12.4   MM   MM    MM
2026 08 24 22 20 340  3.0  4.0   0.1    MM    MM 179 1017.4  19.8  18.0  12.3   MM   MM    MM
2026 08 24 22 00 350  4.0  6.0   0.1    MM    MM 183 1017.3  20.0  18.0  12.1   MM -0.3    MM
2026 08 24 21 40 350  4.0  5.0   0.1    MM    MM 187 1017.3  20.2  18.0  11.8   MM   MM    MM
2026 08 24 21 20 340  4.0  6.0   0.1    MM    MM 182 1017.3  20.2  18.1  11.8   MM   MM    MM
2026 08 24 21 00  MM   MM   MM   0.1    MM    MM 191 1017.2  20.3  18.0  11.6   MM -0.6    MM
2026 08 24 20 40 320  4.0  5.0   0.1    MM    MM 194 1017.2  20.2  18.0  12.2   MM   MM    MM
2026 08 24 20 20 330  3.0  4.0   0.1    MM    MM 202 1017.3  20.4  18.0  11.1   MM   MM    MM
2026 08 24 20 00 330  3.0  4.0   0.1    MM    MM 203 1017.3  20.1  18.1  11.7   MM -0.9    MM
2026 08 24 19 40 310  3.0  5.0   0.1    MM    MM 206 1017.3  19.9  18.0  11.9   MM   MM    MM
2026 08 24 19 20 330  2.0  4.0   0.1    MM    MM 202 1017.4  19.9  18.0  11.5   MM   MM    MM
2026 08 24 19 00 330  2.0  4.0   0.1    MM    MM 198 1017.5  19.8  17.9  11.4   MM -0.9    MM
2026 08 24 18 40 330  2.0  3.0   0.1    MM    MM 199 1017.6  19.6  18.0  11.3   MM   MM    MM
2026 08 24 18 20 330  2.0  5.0   0.1    MM    MM 187 1017.7  19.3  18.0  11.6   MM   MM    MM
2026 08 24 18 00 330  3.0  5.0   0.1    MM    MM 206 1017.8  19.1  17.9  12.0   MM -0.7    MM
2026 08 24 17 40 320  2.0  4.0   0.1    MM    MM 202 1018.0  19.1  17.9  11.8   MM   MM    MM
2026 08 24 17 20 310  4.0  6.0   0.1    MM    MM 202 1018.0  18.8  17.9  12.1   MM   MM    MM
2026 08 24 17 00 320  4.0  6.0   0.1    MM    MM 197 1018.2  18.6  17.9  12.3   MM +0.3    MM
2026 08 24 16 40 320  4.0  6.0   0.1    MM    MM 176 1018.3  18.5  17.9  12.2   MM   MM    MM
2026 08 24 16 20 320  4.0  6.0   0.1    MM    MM 202 1018.3  18.2  17.9  12.0   MM   MM    MM
2026 08 24 16 00  MM   MM   MM   0.1    MM    MM 230 1018.5  18.0  17.8  12.3   MM +1.1    MM
2026 08 24 15 40 310  4.0  8.0   0.1    MM    MM 246 1018.4  17.7  17.8  12.4   MM   MM    MM
2026 08 24 15 20 300  4.0  6.0   0.1    MM    MM 190 1018.5  17.4  17.8  12.6   MM   MM    MM
2026 08 24 15 00 330  4.0  7.0   0.1    MM    MM 164 1018.5  17.3  17.8  12.8   MM +1.7    MM
2026 08 24 14 40 320  3.0  5.0   0.1    MM    MM 152 1018.4  17.1  17.7  13.0   MM   MM    MM
2026 08 24 14 20 320  4.0  6.0   0.1    MM    MM 102 1018.2  16.7  17.7  13.0   MM   MM    MM
2026 08 24 14 00 320  4.0  6.0   0.1    MM    MM  89 1017.9  16.5  17.7  13.2   MM +1.5    MM
2026 08 24 13 40 300  4.0  7.0   0.1    MM    MM  94 1017.9  16.2  17.7  13.3   MM   MM    MM
2026 08 24 13 20 310  4.0  6.0   0.1    MM    MM 112 1017.7  15.9  17.7  13.4   MM   MM    MM
2026 08 24 13 00 310  4.0  5.0   0.1    MM    MM 156 1017.4  15.2  17.8  12.9   MM +1.1    MM
2026 08 24 12 40 300  4.0  5.0   0.1    MM    MM 101 1017.3  14.6  17.8  12.4   MM   MM    MM
2026 08 24 12 20 300  4.0  5.0   0.1    MM    MM  92 1017.1  13.9  17.8  12.0   MM   MM    MM
2026 08 24 12 00 300  4.0  5.0   0.1    MM    MM  93 1016.8  13.8  17.8  11.9   MM +0.7    MM
2026 08 24 11 40 310  4.0  5.0   0.1    MM    MM  90 1016.7  13.7  17.9  11.9   MM   MM    MM
2026 08 24 11 20 300  5.0  5.0   0.1    MM    MM  78 1016.6  13.6  17.9  11.8   MM   MM    MM
2026 08 24 11 00 300  5.0  6.0   0.1    MM    MM  88 1016.4  13.6  18.0  11.9   MM +0.3    MM
2026 08 24 10 40 300  5.0  6.0   0.1    MM    MM  96 1016.4  13.6  18.0  11.8   MM   MM    MM
2026 08 24 10 20 290  5.0  6.0   0.1    MM    MM  98 1016.4  13.4  18.0  11.5   MM   MM    MM
2026 08 24 10 00 300  6.0  7.0   0.1    MM    MM  87 1016.3  13.6  18.1  11.4   MM +0.0    MM
2026 08 24 09 40 300  6.0  8.0   0.1    MM    MM  81 1016.2  13.5  18.1  11.4   MM   MM    MM
2026 08 24 09 20 300  5.0  6.0   0.1    MM    MM  75 1016.2    MM  18.2    MM   MM   MM    MM
2026 08 24 09 00 300  5.0  6.0   0.1    MM    MM  81 1016.1  13.3  18.2  11.1   MM +0.0    MM
2026 08 24 08 00 300  6.0  7.0   0.1    MM    MM  60 1016.1  13.3  18.3  10.8   MM -0.5    MM
2026 08 24 07 40 290  5.0  6.0   0.1    MM    MM  41 1016.1  13.5  18.3  10.9   MM   MM    MM
2026 08 24 07 20 290  5.0  6.0   0.1    MM    MM  50 1016.2  13.1  18.3  10.6   MM   MM    MM
2026 08 24 07 00 290  5.0  6.0   0.1    MM    MM  42 1016.1  13.1  18.3  10.6   MM -0.8    MM
2026 08 24 06 40 290  4.0  5.0   0.1    MM    MM  44 1016.1  13.3  18.3  10.6   MM   MM    MM
2026 08 24 06 20 270  4.0  4.0   0.1    MM    MM  71 1016.3  13.1  18.3  10.9   MM   MM    MM
2026 08 24 06 00 280  4.0  5.0   0.1    MM    MM  82 1016.3  12.9  18.3  10.8   MM -0.9    MM
2026 08 24 05 40 270  5.0  6.0   0.1    MM    MM  81 1016.5  13.0  18.3  10.8   MM   MM    MM
2026 08 24 05 20 280  4.0  5.0   0.1    MM    MM 298 1016.4  13.0  18.3  10.6   MM   MM    MM
2026 08 24 05 00 260  4.0  5.0   0.1    MM    MM   2 1016.7  13.0  18.3  10.7   MM -0.5    MM
2026 08 24 04 40 260  3.0  4.0   0.1    MM    MM  26 1016.6  13.4  18.3  10.9   MM   MM    MM
2026 08 24 04 00 280  2.0  3.0   0.1    MM    MM   8 1016.9  13.8  18.2  10.8   MM +0.0    MM
2026 08 24 03 40 280  3.0  3.0   0.1    MM    MM 302 1017.0  13.7  18.1  10.7   MM   MM    MM
2026 08 24 03 20 310  3.0  4.0   0.1    MM    MM 266 1017.1  14.0  18.1  10.9   MM   MM    MM
2026 08 24 03 00 300  3.0  4.0   0.1    MM    MM 277 1017.2  14.2  18.1  11.1   MM +0.4    MM
2026 08 24 02 40 300  3.0  4.0   0.1    MM    MM 253 1017.2  14.4  18.1  10.9   MM   MM    MM
2026 08 24 02 20 300  3.0  4.0   0.2    MM    MM 263 1017.2  14.7  18.1  11.3   MM   MM    MM
2026 08 24 02 00 290  3.0  4.0   0.1    MM    MM 247 1017.2  15.0  18.1  11.2   MM -0.0    MM
2026 08 24 01 40 290  3.0  4.0   0.1    MM    MM 236 1017.2  15.2  18.1  11.3   MM   MM    MM
2026 08 24 01 20 290  3.0  4.0   0.2    MM    MM 191 1017.0  15.6  18.1  11.5   MM   MM    MM
2026 08 24 01 00 290  4.0  4.0   0.2    MM    MM 175 1017.0  15.9  18.1  11.2   MM -0.3    MM
2026 08 24 00 40 300  4.0  5.0   0.2    MM    MM 112 1016.9  16.3  18.1  11.2   MM   MM    MM
2026 08 24 00 20 310  4.0  5.0   0.2    MM    MM 107 1016.8  16.7  18.0  11.0   MM   MM    MM
2026 08 24 00 00 320  4.0  5.0   0.2    MM    MM 105 1016.8  16.9  17.7  10.4   MM -0.6    MM
2026 08 23 23 40 360  3.0  5.0   0.1    MM    MM 109 1016.7  16.9  17.5  10.5   MM   MM    MM
2026 08 23 23 20 350  4.0  5.0   0.2    MM    MM 106 1016.8  16.7  17.7  10.2   MM   MM    MM
2026 08 23 23 00 360  5.0  7.0   0.1    MM    MM 101 1017.0  16.7  17.5  10.1   MM -0.4    MM
2026 08 23 22 40 350  4.0  6.0   0.2    MM    MM 102 1017.2  16.6  17.5  10.2   MM   MM    MM
2026 08 23 22 20 340  3.0  5.0   0.2    MM    MM 112 1017.1  16.6  17.5  10.5   MM   MM    MM
2026 08 23 22 00 360  4.0  6.0   0.2    MM    MM 114 1017.3  16.5  17.6  10.2   MM -0.3    MM
2026 08 23 21 40 350  5.0  7.0   0.2    MM    MM 119 1017.2  16.4  17.6  10.2   MM   MM    MM
2026 08 23 21 20 340  6.0  8.0   0.2    MM    MM 121 1017.2  16.3  17.6  10.6   MM   MM    MM
2026 08 23 21 00 340  5.0  7.0   0.2    MM    MM 122 1017.4  16.3  17.5  10.7   MM +0.0    MM
2026 08 23 20 40 360  6.0  9.0   0.2    MM    MM 119 1017.4  16.2  17.5  10.6   MM   MM    MM
2026 08 23 20 20 350  6.0  8.0   0.3    MM    MM 127 1017.3  16.2  17.5  10.7   MM   MM    MM
2026 08 23 20 00 340  7.0  9.0   0.2    MM    MM 126 1017.4  16.1  17.6  10.5   MM +0.3    MM
2026 08 23 19 40 340  6.0  8.0   0.3    MM    MM 125 1017.4  16.0  17.6  10.6   MM   MM    MM
2026 08 23 19 20 340  5.0  7.0   0.3    MM    MM 125 1017.6  15.9  17.6  11.0   MM   MM    MM
2026 08 23 19 00 360  5.0  8.0   0.3    MM    MM 121 1017.6  15.9  17.6  10.7   MM +0.4    MM
2026 08 23 18 40  10  6.0  8.0   0.3    MM    MM 125 1017.5  15.9  17.6  10.7   MM   MM    MM
2026 08 23 18 20  10  6.0  9.0   0.3    MM    MM 124 1017.5  16.0  17.6  10.2   MM   MM    MM
2026 08 23 18 00 360  5.0  7.0   0.3    MM    MM 127 1017.6  16.0  17.7  10.4   MM -0.0    MM
2026 08 23 17 40 350  7.0  9.0   0.3    MM    MM 130 1017.4  16.1  17.7  10.4   MM   MM    MM
2026 08 23 17 20  10  5.0  8.0   0.3    MM    MM 124 1017.3  16.3  17.7  10.3   MM   MM    MM
2026 08 23 17 00  10  5.0  8.0   0.3    MM    MM 128 1017.1  16.2  17.7  10.6   MM +0.0    MM
2026 08 23 16 40  20  7.0 11.0   0.3    MM    MM 126 1017.0  16.3  17.7  10.5   MM   MM    MM
2026 08 23 16 20  10  7.0 10.0   0.3    MM    MM 130 1017.1  16.0  17.8  10.6   MM   MM    MM
2026 08 23 16 00  20  5.0  9.0   0.3    MM    MM 122 1017.1  15.9  17.8  10.7   MM +0.0    MM
2026 08 23 15 40 360  7.0  9.0   0.3    MM    MM 124 1017.2  16.0  17.8  10.9   MM   MM    MM
2026 08 23 15 20 360  6.0  9.0   0.3    MM    MM 121 1017.2  15.7  17.8  10.7   MM   MM    MM
2026 08 23 15 00  10  6.0  8.0   0.3    MM    MM 122 1017.4  15.4  17.8  11.0   MM +0.0    MM
2026 08 23 14 40  10  7.0 10.0   0.3    MM    MM 115 1017.4  15.5  17.8  11.0   MM   MM    MM
2026 08 23 14 20  20  6.0 10.0   0.3    MM    MM 122 1017.3  15.4  17.8  11.4   MM   MM    MM
2026 08 23 14 00 360  5.0  8.0   0.2    MM    MM 123 1017.2  15.1  17.8  11.5   MM +0.5    MM
2026 08 23 13 40 350  6.0  7.0   0.2    MM    MM 128 1017.4  14.8  17.7  11.5   MM   MM    MM
2026 08 23 13 20 360  5.0  8.0   0.2    MM    MM 121 1017.3  15.1  17.8  11.5   MM   MM    MM
2026 08 23 13 00 360  5.0  8.0   0.3    MM    MM 125 1017.2  15.1  17.8  11.6   MM +0.8    MM
2026 08 23 12 40 350  4.0  7.0   0.3    MM    MM 122 1017.2  15.1  17.8  11.9   MM   MM    MM
2026 08 23 12 20 340  5.0  6.0   0.3    MM    MM 128 1017.2  14.9  17.8  12.1   MM   MM    MM
2026 08 23 12 00 350  4.0  5.0   0.3    MM    MM 130 1017.2  14.8  17.8  12.2   MM +1.3    MM
2026 08 23 11 40 340  5.0  6.0   0.3    MM    MM 141 1017.2  14.8  17.9  12.4   MM   MM    MM
2026 08 23 11 20 340  6.0  7.0   0.3    MM    MM 142 1016.9  14.8  17.9  12.4   MM   MM    MM
2026 08 23 11 00 340  5.0  6.0   0.2    MM    MM 135 1016.7  14.7  17.9  12.3   MM +1.1    MM
2026 08 23 10 40 340  5.0  6.0   0.2    MM    MM 133 1016.6  14.6  17.9  12.3   MM   MM    MM
2026 08 23 10 20 340  4.0  5.0   0.2    MM    MM 131 1016.5  14.6  17.9  12.3   MM   MM    MM
2026 08 23 10 00 340  5.0  6.0   0.2    MM    MM 134 1016.4  14.8  17.9  12.3   MM +0.9    MM
2026 08 23 09 40 340  6.0  8.0   0.2    MM    MM 131 1016.2  15.0  17.9  12.5   MM   MM    MM
2026 08 23 09 20 340  6.0  7.0   0.2    MM    MM 129 1016.1  15.2  17.9  12.6   MM   MM    MM
2026 08 23 09 00 340  6.0  7.0   0.2    MM    MM 119 1015.9  15.2  18.0  12.7   MM -0.0    MM
2026 08 23 08 40 340  5.0  7.0   0.2    MM    MM 109 1015.8  15.4  18.0  12.8   MM   MM    MM
2026 08 23 08 20 340  6.0  8.0   0.2    MM    MM 105 1015.7  15.6  18.0  12.9   MM   MM    MM
2026 08 23 08 00 340  6.0  8.0   0.2    MM    MM 100 1015.6  15.6  18.0  12.9   MM +0.0    MM
2026 08 23 07 00 340  7.0 10.0   0.2    MM    MM  57 1015.5  16.0  18.0  13.0   MM +0.0    MM
2026 08 23 06 40 340  6.0  8.0   0.2    MM    MM  45 1015.6  16.1  18.0  13.0   MM   MM    MM
2026 08 23 06 20 330  6.0  8.0   0.1    MM    MM  56 1015.5  16.2  18.0  13.2   MM   MM    MM
2026 08 23 06 00 350  5.0  7.0   0.1    MM    MM  66 1015.7  16.2  18.1  13.1   MM +0.0    MM
2026 08 23 05 40 350  5.0  6.0   0.1    MM    MM  69 1015.7  16.3  18.1  13.1   MM   MM    MM
2026 08 23 05 20 350  4.0  6.0   0.1    MM    MM  83 1015.8  16.4  18.1  13.0   MM   MM    MM
2026 08 23 05 00 350  5.0  6.0   0.1    MM    MM  78 1015.6  16.4  18.0  12.8   MM +0.0    MM
2026 08 23 04 40 350  4.0  6.0   0.1    MM    MM  98 1015.6  16.4  18.0  12.5   MM   MM    MM
2026 08 23 04 00 340  4.0  5.0   0.1    MM    MM 103 1015.6  16.4  18.0  12.9   MM +0.6    MM
2026 08 23 03 40 340  3.0  4.0   0.1    MM    MM 107 1015.6  16.5  17.7  13.2   MM   MM    MM
2026 08 23 03 20 340  3.0  3.0   0.1    MM    MM 121 1015.7  16.6  17.5  13.3   MM   MM    MM
2026 08 23 03 00 340  2.0  3.0   0.1    MM    MM 126 1015.8  16.9  17.3  13.3   MM +1.1    MM
2026 08 23 02 40 350  2.0  3.0   0.1    MM    MM 124 1015.9  17.3  17.6  13.4   MM   MM    MM
2026 08 23 02 20 360  4.0  5.0   0.1    MM    MM  97 1015.8  17.6  17.6  13.6   MM   MM    MM
2026 08 23 02 00 350  5.0  8.0   0.1    MM    MM  59 1015.8  17.8  17.9  13.9   MM +1.1    MM
2026 08 23 01 40 340  6.0 10.0   0.1    MM    MM 275 1015.7  17.9  18.0  14.2   MM   MM    MM
2026 08 23 01 20 310  3.0  4.0   0.1    MM    MM 332 1015.2  17.7  18.0  14.6   MM   MM    MM
2026 08 23 01 00 310  4.0  5.0   0.1    MM    MM 340 1015.0  18.0  17.8  14.6   MM +0.4    MM
2026 08 23 00 40 310  4.0  6.0   0.1    MM    MM 347 1014.9  18.4  17.8  14.4   MM   MM    MM
2026 08 23 00 20 310  4.0  5.0   0.1    MM    MM  21 1014.7  18.7  17.5  14.5   MM   MM    MM
2026 08 23 00 00 300  4.0  6.0   0.1    MM    MM  23 1014.7  19.0  17.6  14.6   MM +0.3    MM
2026 08 22 23 40 300  3.0  5.0   0.1    MM    MM   7 1014.7  19.3  17.7  14.7   MM   MM    MM
2026 08 22 23 20 300  5.0  6.0   0.1    MM    MM   4 1014.8  19.2  17.7  14.6   MM   MM    MM
2026 08 22 23 00 300  5.0  7.0   0.2    MM    MM   7 1014.7  19.4  17.8  14.7   MM +0.5    MM
2026 08 22 22 40 300  6.0  8.0   0.2    MM    MM  19 1014.6  19.6  17.8  14.3   MM   MM    MM
2026 08 22 22 20 300  6.0  8.0   0.2    MM    MM  49 1014.6  19.9  17.5  14.3   MM   MM    MM
2026 08 22 22 00 330  6.0  8.0   0.2    MM    MM  79 1014.5  20.1  17.3  13.9   MM +0.3    MM
2026 08 22 21 40 320  6.0  7.0   0.2    MM    MM  89 1014.5  20.2  17.2  13.9   MM   MM    MM
2026 08 22 21 20 320  6.0  8.0   0.2    MM    MM 108 1014.4  20.4  17.1  13.6   MM   MM    MM
2026 08 22 21 00 330  5.0  8.0   0.2    MM    MM 118 1014.4  20.3  16.9  13.8   MM +0.5    MM
2026 08 22 20 40 310  4.0  7.0   0.2    MM    MM  99 1014.2  20.2  16.9  13.7   MM   MM    MM
2026 08 22 20 20 310  6.0  8.0   0.2    MM    MM 102 1014.2  20.0  16.9  14.4   MM   MM    MM
2026 08 22 20 00 320  5.0  7.0   0.2    MM    MM 118 1014.3  20.0  16.9  14.6   MM +0.6    MM
2026 08 22 19 40 320  6.0  9.0   0.2    MM    MM 146 1014.2  19.9  17.0  14.6   MM   MM    MM
2026 08 22 19 20 320  7.0 10.0   0.2    MM    MM 142 1014.3  19.8  17.2  14.9   MM   MM    MM
2026 08 22 19 00 320  6.0  8.0   0.2    MM    MM 170 1014.2  20.0  17.2  14.9   MM +0.8    MM
2026 08 22 18 40 320  6.0  9.0   0.2    MM    MM 158 1014.1  20.1  17.2  14.8   MM   MM    MM
2026 08 22 18 20 290  6.0  8.0   0.2    MM    MM 154 1013.9  20.1  17.3  14.8   MM   MM    MM
2026 08 22 18 00 300  5.0  9.0   0.2    MM    MM 167 1013.9  20.2  17.3  14.9   MM +0.7    MM
2026 08 22 17 40 320  4.0  7.0   0.2    MM    MM 176 1013.8  20.0  17.3  15.3   MM   MM    MM
2026 08 22 17 20 320  5.0  7.0   0.2    MM    MM 166 1013.8  19.9  17.2  15.2   MM   MM    MM
2026 08 22 17 00 310  5.0  8.0   0.1    MM    MM 170 1013.7  19.8  17.3  15.3   MM +0.8    MM
2026 08 22 16 40 320  5.0  6.0   0.1    MM    MM 160 1013.6  19.7  17.3  15.2   MM   MM    MM
2026 08 22 16 20 310  5.0  7.0   0.1    MM    MM 115 1013.5  19.5  17.3  15.3   MM   MM    MM
2026 08 22 16 00 310  6.0  9.0   0.1    MM    MM 171 1013.5  19.3  17.3  15.2   MM +0.6    MM
2026 08 22 15 40 330  4.0  6.0   0.1    MM    MM 208 1013.4  19.2  17.2  15.4   MM   MM    MM
2026 08 22 15 20 300  4.0  6.0   0.1    MM    MM 221 1013.3  18.7  17.2  15.4   MM   MM    MM
2026 08 22 15 00 310  4.0  6.0   0.1    MM    MM 224 1013.2  18.4  17.2  15.4   MM +0.6    MM
2026 08 22 14 40 320  3.0  5.0   0.1    MM    MM 195 1013.2  18.0  17.2  15.4   MM   MM    MM
2026 08 22 14 20 310  5.0  7.0   0.1    MM    MM 102 1013.0  18.0  17.2  15.3   MM   MM    MM
2026 08 22 14 00 310  6.0  8.0   0.1    MM    MM  95 1012.9  17.9  17.3  15.3   MM +0.9    MM
2026 08 22 13 40 300  6.0  7.0   0.1    MM    MM  56 1012.8  17.8  17.3  15.4   MM   MM    MM
2026 08 22 13 20 300  5.0  8.0   0.1    MM    MM  18 1012.9  17.5  17.4  15.3   MM   MM    MM
2026 08 22 13 00 280  3.0  5.0   0.1    MM    MM  23 1012.9  16.8  17.5  15.1   MM +1.3    MM
2026 08 22 12 40 260  3.0  4.0   0.1    MM    MM  22 1012.8  16.2  17.5  14.7   MM   MM    MM
2026 08 22 12 20 270  4.0  5.0   0.1    MM    MM  35 1012.7  16.1  17.6  14.7   MM   MM    MM
2026 08 22 12 00 240  3.0  4.0   0.2    MM    MM  39 1012.6  15.8  17.6  14.5   MM +0.9    MM
2026 08 22 11 40 240  3.0  3.0   0.2    MM    MM  63 1012.4  15.8  17.3  14.4   MM   MM    MM
2026 08 22 11 20 190  2.0  3.0   0.2    MM    MM  58 1012.0  15.7  17.0  14.2   MM   MM    MM
2026 08 22 11 00 250  3.0  3.0   0.2    MM    MM  50 1012.0  15.5  17.0  14.0   MM +0.3    MM
2026 08 22 10 40 250  3.0  3.0   0.2    MM    MM  56 1011.9  15.6  17.0  14.0   MM   MM    MM
2026 08 22 10 20 230  3.0  4.0   0.2    MM    MM  75 1011.7  16.0  17.0  14.4   MM   MM    MM
2026 08 22 10 00 230  3.0  4.0   0.2    MM    MM  83 1011.6  15.8  17.0  14.3   MM -0.3    MM
2026 08 22 09 40  MM   MM   MM   0.2    MM    MM  88 1011.7    MM  17.0    MM   MM   MM    MM
2026 08 22 09 20 220  4.0  4.0   0.2    MM    MM  87 1011.7  15.8  17.0  14.2   MM   MM    MM
2026 08 22 09 00 220  3.0  4.0   0.2    MM    MM  81 1011.7  16.1  17.0  14.4   MM -0.6    MM
2026 08 22 08 40 210  3.0  4.0   0.2    MM    MM  82 1011.6  16.0  17.0  14.3   MM   MM    MM
2026 08 22 08 20 230  4.0  5.0   0.2    MM    MM  76 1011.6  15.9  17.1  14.3   MM   MM    MM
2026 08 22 08 00 210  3.0  4.0   0.2    MM    MM  56 1011.7  15.6  17.1  14.1   MM -1.0    MM
2026 08 22 07 40 230  3.0  4.0   0.2    MM    MM 336 1012.0  15.4  17.1  14.0   MM   MM    MM
2026 08 22 07 20 290  3.0  4.0   0.2    MM    MM 157 1012.0  15.5  17.0  14.1   MM   MM    MM
2026 08 22 07 00 220  3.0  4.0   0.2    MM    MM  32 1011.9  15.7  17.0  14.3   MM -1.0    MM
2026 08 22 06 40 250  4.0  5.0   0.2    MM    MM  62 1012.0  15.6  17.0  14.4   MM   MM    MM
2026 08 22 06 20 230  4.0  5.0   0.2    MM    MM   1 1012.2  15.6  17.1  14.4   MM   MM    MM
2026 08 22 06 00 220  3.0  4.0   0.2    MM    MM 336 1012.3  15.8  17.1  14.5   MM -0.8    MM
2026 08 22 05 40 260  4.0  4.0   0.2    MM    MM 357 1012.3  16.0  17.1  14.6   MM   MM    MM
2026 08 22 05 20 240  3.0  4.0   0.2    MM    MM  67 1012.5  16.0  17.1  14.7   MM   MM    MM
2026 08 22 05 00 220  3.0  4.0   0.2    MM    MM  83 1012.7  16.1  17.1  14.8   MM -0.4    MM
2026 08 22 04 40 220  3.0  5.0   0.2    MM    MM  84 1012.9  16.1  17.2  14.9   MM   MM    MM
2026 08 22 04 00 240  3.0  4.0   0.1    MM    MM  51 1012.9  16.5  17.2  15.1   MM +0.0    MM
2026 08 22 03 40 250  3.0  4.0   0.1    MM    MM  46 1013.1  16.6  17.2  15.4   MM   MM    MM
2026 08 22 03 20 270  3.0  4.0   0.1    MM    MM  40 1013.2  16.5  17.2  15.3   MM   MM    MM
2026 08 22 03 00 280  3.0  4.0   0.1    MM    MM  18 1013.1  16.6  17.2  15.1   MM +0.4    MM
2026 08 22 02 40 280  3.0  4.0   0.1    MM    MM 210 1013.0  17.0  17.2  15.4   MM   MM    MM
2026 08 22 02 20 290  3.0  4.0   0.1    MM    MM 199 1013.1  17.0  17.3  15.4   MM   MM    MM
2026 08 22 02 00 290  3.0  3.0   0.1    MM    MM 251 1013.1  17.1  17.3  15.5   MM +0.4    MM
2026 08 22 01 40 280  3.0  3.0   0.1    MM    MM 206 1013.0  17.4  17.3  15.7   MM   MM    MM
2026 08 22 01 20 290  3.0  3.0   0.1    MM    MM 293 1013.0  17.6  17.3  15.8   MM   MM    MM
2026 08 22 01 00 300  3.0  4.0   0.1    MM    MM 323 1012.9  17.9  17.3  15.7   MM +0.2    MM
2026 08 22 00 40 290  3.0  3.0   0.1    MM    MM 329 1012.8  18.0  17.3  15.8   MM   MM    MM
2026 08 22 00 20 290  4.0  5.0   0.1    MM    MM 327 1012.9  18.1  17.2  15.8   MM   MM    MM
2026 08 22 00 00 280  3.0  4.0   0.1    MM    MM 331 1012.7  18.2  17.2  15.9   MM +0.4    MM
2026 08 21 23 40 270  3.0  4.0   0.1    MM    MM 334 1012.7  18.2  17.2  15.9   MM   MM    MM
2026 08 21 23 20 300  3.0  4.0   0.1    MM    MM 339 1012.7  18.3  17.3  16.0   MM   MM    MM
2026 08 21 23 00 290  3.0  5.0   0.1    MM    MM 339 1012.7  18.3  17.3  16.0   MM +0.6    MM
2026 08 21 22 40 300  3.0  4.0   0.1    MM    MM   6 1012.7  18.3  17.2  16.0   MM   MM    MM
2026 08 21 22 20 320  4.0  5.0   0.1    MM    MM 349 1012.7  18.5  17.2  16.0   MM   MM    MM
2026 08 21 22 00 310  3.0  5.0   0.1    MM    MM  40 1012.6  18.5  17.1  16.1   MM +0.7    MM
2026 08 21 21 40 320  5.0  7.0   0.1    MM    MM  57 1012.5  18.4  17.2  16.1   MM   MM    MM
2026 08 21 21 20 320  5.0  7.0   0.1    MM    MM  65 1012.3  18.8  17.2  16.4   MM   MM    MM
2026 08 21 21 00 340  5.0  7.0   0.1    MM    MM  34 1012.3  19.3  17.2  16.8   MM +0.3    MM
2026 08 21 20 40 310  6.0  8.0   0.1    MM    MM  36 1012.1  20.0  17.4  17.1   MM   MM    MM
2026 08 21 20 20 300  5.0  7.0   0.1    MM    MM  34 1012.0  20.5  17.4  17.3   MM   MM    MM
2026 08 21 20 00 290  5.0  8.0   0.1    MM    MM  27 1012.1  20.7  17.4  17.4   MM +0.0    MM
2026 08 21 19 40  MM   MM   MM   0.1    MM    MM  29 1012.0  20.5  17.5  17.4   MM   MM    MM
2026 08 21 19 20 290  4.0  6.0   0.1    MM    MM  39 1011.9  20.6  17.6  17.6   MM   MM    MM
2026 08 21 19 00 290  5.0  7.0   0.1    MM    MM  11 1012.0  20.8  17.7  17.7   MM +0.0    MM
2026 08 21 18 40 310  4.0  6.0   0.1    MM    MM 322 1012.1  21.0  17.8  17.9   MM   MM    MM
2026 08 21 18 20 300  4.0  5.0   0.1    MM    MM 310 1011.9  20.9  17.9  17.9   MM   MM    MM
2026 08 21 18 00 290  2.0  3.0   0.1    MM    MM 287 1012.0  20.8  18.4  17.9   MM +0.0    MM
2026 08 21 17 40 300  3.0  5.0   0.1    MM    MM 328 1012.0  20.7  18.4  17.8   MM   MM    MM
2026 08 21 17 20 300  4.0  5.0   0.1    MM    MM 342 1012.0  20.8  18.0  17.9   MM   MM    MM
2026 08 21 17 00 230  2.0  2.0   0.1    MM    MM 346 1012.0  20.8  18.0  18.3   MM -0.2    MM
2026 08 21 16 40 250  2.0  3.0   0.1    MM    MM 327 1012.0  20.7  18.0  18.2   MM   MM    MM
2026 08 21 16 20 240  3.0  4.0   0.1    MM    MM 262 1012.1  20.5  17.4  18.0   MM   MM    MM
2026 08 21 16 00 210  3.0  3.0   0.2    MM    MM 289 1012.1  19.7  17.4  17.5   MM -0.7    MM
2026 08 21 15 40 210  3.0  4.0   0.2    MM    MM 276 1012.0  19.2  17.3  17.3   MM   MM    MM
2026 08 21 15 20 210  3.0  4.0   0.2    MM    MM 256 1012.0  19.0  17.4  17.0   MM   MM    MM
2026 08 21 15 00 210  3.0  4.0   0.2    MM    MM 249 1012.1  18.9  17.3  16.8   MM -0.8    MM
2026 08 21 14 40 230  2.0  2.0   0.2    MM    MM 265 1012.2  18.6  17.3  16.7   MM   MM    MM
2026 08 21 14 20 220  3.0  4.0   0.2    MM    MM 261 1012.1  18.4  17.2  16.4   MM   MM    MM
2026 08 21 14 00 230  3.0  4.0   0.2    MM    MM 252 1012.2  18.4  17.1  16.3   MM -0.4    MM
2026 08 21 13 40 220  4.0  5.0   0.2    MM    MM 246 1012.4  18.2  17.0  16.3   MM   MM    MM
2026 08 21 13 20 210  4.0  5.0   0.3    MM    MM 243 1012.7  18.2  17.0  16.3   MM   MM    MM
2026 08 21 13 00 210  4.0  5.0   0.2    MM    MM 238 1012.8  18.3  17.1  16.1   MM -0.0    MM
2026 08 21 12 40 200  4.0  4.0   0.2    MM    MM 238 1012.8  18.0  17.1  16.2   MM   MM    MM
2026 08 21 12 20 200  4.0  5.0   0.3    MM    MM 238 1012.8  18.0  17.1  16.1   MM   MM    MM
2026 08 21 12 00 200  5.0  6.0   0.3    MM    MM 235 1012.8  18.0  17.1  16.1   MM -0.0    MM
2026 08 21 11 40 190  5.0  6.0   0.3    MM    MM 224 1012.7  18.0  17.0  16.0   MM   MM    MM
2026 08 21 11 20 200  4.0  5.0   0.2    MM    MM 217 1012.7  18.0  17.1  16.1   MM   MM    MM
2026 08 21 11 00 180  4.0  5.0   0.2    MM    MM 202 1012.6  17.7  17.1  16.0   MM -0.3    MM
2026 08 21 10 40 180  5.0  6.0   0.2    MM    MM 180 1012.6  17.5  17.2  15.9   MM   MM    MM
2026 08 21 10 20 170  4.0  6.0   0.2    MM    MM 189 1012.6  16.9  17.2  15.6   MM   MM    MM
2026 08 21 10 00 270  2.0  3.0   0.2    MM    MM 184 1012.8  16.8  17.2  15.4   MM -0.4    MM
2026 08 21 09 40 240  5.0  7.0   0.2    MM    MM 171 1012.6  17.8  17.2  15.5   MM   MM    MM
2026 08 21 09 20 210  5.0  7.0   0.1    MM    MM 156 1012.3  18.2  17.2  15.7   MM   MM    MM
2026 08 21 09 00 200  2.0  3.0   0.1    MM    MM 151 1012.7  18.0  17.0  15.9   MM -1.3    MM
2026 08 21 08 40 180  3.0  4.0   0.1    MM    MM 152 1012.4  18.2  17.1  15.9   MM   MM    MM
2026 08 21 08 20 180  3.0  4.0   0.1    MM    MM 150 1012.6  18.2  17.0  16.0   MM   MM    MM
2026 08 21 08 00 160  3.0  4.0   0.1    MM    MM 137 1012.8  18.2  17.1  15.9   MM -1.0    MM
2026 08 21 07 40 170  3.0  3.0   0.1    MM    MM 122 1012.9  18.4  17.1  16.2   MM   MM    MM
2026 08 21 07 20 180  4.0  4.0   0.1    MM    MM 103 1012.9  18.5  17.0  16.4   MM   MM    MM
2026 08 21 07 00 180  5.0  7.0   0.1    MM    MM 140 1013.2  17.9  17.8  16.1   MM -1.2    MM
2026 08 21 06 40 230  3.0  4.0   0.2    MM    MM 181 1014.1  17.1  18.7  15.6   MM   MM    MM
2026 08 21 06 20 310  5.0  7.0   0.2    MM    MM 183 1014.4  17.4  18.7  15.8   MM   MM    MM
2026 08 21 06 00 310  4.0  8.0   0.2    MM    MM 126 1014.0  18.4  18.8  16.3   MM -0.5    MM
2026 08 21 05 40 120  2.0  3.0   0.2    MM    MM 119 1013.5  19.0  18.8  16.4   MM   MM    MM
2026 08 21 05 20 110  3.0  4.0   0.2    MM    MM 105 1013.6  19.1  18.9  16.0   MM   MM    MM
2026 08 21 05 00  90  3.0  4.0   0.2    MM    MM 132 1013.8  18.6  18.9  16.7   MM -0.8    MM
2026 08 21 04 40  50  3.0  3.0   0.2    MM    MM  99 1014.1  18.4  18.9  16.3   MM   MM    MM
2026 08 21 04 00  60  2.0  3.0   0.2    MM    MM 115 1014.4  18.8  18.9  16.3   MM +0.0    MM
2026 08 21 03 40  60  3.0  4.0   0.2    MM    MM  85 1014.5  18.9  18.9  16.3   MM   MM    MM
2026 08 21 03 20  80  4.0  5.0   0.2    MM    MM 100 1014.4  18.5  19.0  16.5   MM   MM    MM
2026 08 21 03 00  50  5.0  5.0   0.2    MM    MM  47 1014.5  18.5  19.0  16.0   MM +0.3    MM
2026 08 21 02 40  20  3.0  4.0   0.2    MM    MM  26 1014.8  18.6  19.0  16.4   MM   MM    MM
2026 08 21 02 20  50  3.0  4.0   0.2    MM    MM  29 1014.7  18.7  18.9  16.4   MM   MM    MM
2026 08 21 02 00  20  2.0  4.0   0.2    MM    MM  11 1014.7  19.2  18.9  16.6   MM -0.3    MM
2026 08 21 01 40 110  1.0  2.0   0.2    MM    MM 354 1014.5  19.5  18.9  16.3   MM   MM    MM
2026 08 21 01 20 160  1.0  2.0   0.2    MM    MM 335 1014.4  19.6  18.8  15.8   MM   MM    MM
2026 08 21 01 00 160  1.0  2.0   0.2    MM    MM 326 1014.3  19.9  18.8  15.3   MM -1.0    MM
2026 08 21 00 40 140  1.0  2.0   0.2    MM    MM 329 1014.3  19.9  18.8  15.0   MM   MM    MM
2026 08 21 00 20  90  1.0  1.0   0.2    MM    MM 331 1014.2  19.9  18.9  15.0   MM   MM    MM
2026 08 21 00 00 120  2.0  3.0   0.2    MM    MM 327 1014.2  19.7  18.9  15.6   MM -1.2    MM
2026 08 20 23 40 110  2.0  2.0   0.2    MM    MM 335 1014.5  19.6  18.9  15.9   MM   MM    MM
2026 08 20 23 20 110  3.0  4.0   0.2    MM    MM   3 1014.8  19.6  18.9  15.4   MM   MM    MM
2026 08 20 23 00 110  4.0  5.0   0.2    MM    MM   8 1014.9  19.7  18.9  15.5   MM -0.9    MM
2026 08 20 22 40 110  4.0  5.0   0.2    MM    MM 360 1015.0  19.5  19.0  15.6   MM   MM    MM
2026 08 20 22 20 100  4.0  4.0   0.2    MM    MM 356 1015.3  19.4  19.0  16.0   MM   MM    MM
2026 08 20 22 00 100  3.0  4.0   0.2    MM    MM   2 1015.3  19.6  19.1  15.3   MM -0.5    MM
2026 08 20 21 40  90  4.0  5.0   0.2    MM    MM   3 1015.5  19.4  19.1  16.1   MM   MM    MM
2026 08 20 21 20  90  4.0  5.0   0.2    MM    MM  11 1015.6  19.3  19.1  15.9   MM   MM    MM
2026 08 20 21 00  90  5.0  5.0   0.2    MM    MM  12 1015.4  19.3  19.2  15.5   MM -0.7    MM
2026 08 20 20 40  90  4.0  5.0   0.1    MM    MM 346 1015.6  19.2  19.2  15.0   MM   MM    MM
2026 08 20 20 20  90  4.0  5.0   0.1    MM    MM 280 1015.8  18.6  19.2  15.2   MM   MM    MM
2026 08 20 20 00  70  3.0  4.0   0.1    MM    MM 311 1015.9  19.5  19.2  14.8   MM -0.4    MM
2026 08 20 19 40  60  3.0  4.0   0.1    MM    MM 287 1015.8  19.7  19.3  13.9   MM   MM    MM
2026 08 20 19 20  40  3.0  4.0   0.1    MM    MM 253 1015.9  20.0  19.2  12.9   MM   MM    MM
2026 08 20 19 00  20  3.0  4.0   0.1    MM    MM 246 1015.8  19.7  19.1  14.0   MM -0.7    MM
2026 08 20 18 40  30  3.0  3.0   0.0    MM    MM 278 1016.0  19.8  19.1  14.7   MM   MM    MM
2026 08 20 18 20  50  2.0  3.0   0.0    MM    MM 353 1016.0  20.0  19.3  14.2   MM   MM    MM
2026 08 20 18 00  60  1.0  2.0   0.0    MM    MM  13 1016.1  20.0  19.4  13.4   MM -0.2    MM
2026 08 20 17 40  90  1.0  2.0   0.1    MM    MM  54 1016.2  20.0  19.5  13.2   MM   MM    MM
2026 08 20 17 20 130  1.0  2.0   0.1    MM    MM  77 1016.2  19.9  19.5  13.5   MM   MM    MM
2026 08 20 17 00 140  2.0  3.0   0.1    MM    MM  91 1016.2  19.2  19.6  13.5   MM +0.0    MM
2026 08 20 16 40 150  2.0  3.0   0.1    MM    MM 100 1016.3  19.0  19.5  13.3   MM   MM    MM
2026 08 20 16 20 190  3.0  3.0   0.1    MM    MM  92 1016.5  18.5  19.5  13.1   MM   MM    MM
2026 08 20 16 00 190  2.0  3.0   0.1    MM    MM  89 1016.5  18.1  19.7  13.0   MM +0.3    MM
2026 08 20 15 40 210  2.0  4.0   0.2    MM    MM  82 1016.5  17.5  19.7  12.5   MM   MM    MM
2026 08 20 15 20 220  4.0  4.0   0.2    MM    MM  92 1016.3  17.1  19.1  12.3   MM   MM    MM
2026 08 20 15 00 210  4.0  5.0   0.2    MM    MM  97 1016.4  16.6  19.0  12.3   MM +0.5    MM
2026 08 20 14 40 210  4.0  5.0   0.2    MM    MM  98 1016.4  16.1  18.8  11.8   MM   MM    MM
2026 08 20 14 20 210  5.0  6.0   0.2    MM    MM  94 1016.4  15.8  18.8  11.8   MM   MM    MM
2026 08 20 14 00 210  5.0  6.0   0.2    MM    MM  97 1016.4  15.6  18.7  11.8   MM +1.1    MM
2026 08 20 13 40 190  5.0  5.0   0.2    MM    MM  94 1016.4  15.1  18.7  11.5   MM   MM    MM
2026 08 20 13 20 200  4.0  5.0   0.2    MM    MM  91 1016.4  15.2  18.5  11.4   MM   MM    MM
2026 08 20 13 00 210  5.0  6.0   0.2    MM    MM  94 1016.2  15.0  18.4  11.2   MM +1.3    MM
2026 08 20 12 40 210  5.0  6.0   0.2    MM    MM  95 1016.2  14.8  18.5  10.9   MM   MM    MM
2026 08 20 12 20 220  5.0  7.0   0.2    MM    MM  92 1016.1  14.8  18.5  10.7   MM   MM    MM
2026 08 20 12 00 230  6.0  8.0   0.2    MM    MM  90 1015.8  15.1  18.6  10.9   MM +1.2    MM
2026 08 20 11 40 230  7.0  9.0   0.2    MM    MM  89 1015.5  15.2  18.7  10.8   MM   MM    MM
2026 08 20 11 20 240  7.0  9.0   0.3    MM    MM  98 1015.6  15.3  18.8  11.2   MM   MM    MM
2026 08 20 11 00 230  7.0  8.0   0.2    MM    MM  97 1015.3  15.4  18.9  11.3   MM +0.5    MM
2026 08 20 10 40 250  5.0  8.0   0.2    MM    MM  91 1015.2  15.3  18.9  11.3   MM   MM    MM
2026 08 20 10 20 240  6.0  7.0   0.2    MM    MM  94 1015.0  15.7  19.0  11.6   MM   MM    MM
2026 08 20 10 00 250  4.0  7.0   0.2    MM    MM  88 1014.9  15.1  19.0  11.6   MM -0.0    MM
2026 08 20 09 40 240  5.0  6.0   0.2    MM    MM  95 1014.7  15.2  19.0  11.4   MM   MM    MM
2026 08 20 09 20 230  6.0  7.0   0.2    MM    MM  97 1014.7  15.3  19.0  11.3   MM   MM    MM
2026 08 20 09 00 230  6.0  7.0   0.2    MM    MM  97 1014.6  15.3  19.0  11.4   MM -0.3    MM
2026 08 20 08 40 230  6.0  7.0   0.2    MM    MM  94 1014.6  15.3  19.0  11.7   MM   MM    MM
2026 08 20 08 20 230  6.0  7.0   0.1    MM    MM  82 1014.6  15.0  19.0  11.5   MM   MM    MM
2026 08 20 08 00 230  4.0  6.0   0.1    MM    MM  41 1014.8  14.9  19.1  11.4   MM +0.0    MM
2026 08 20 07 40 250  4.0  5.0   0.1    MM    MM  34 1014.9  14.4  19.1  11.3   MM   MM    MM
2026 08 20 07 20 270  3.0  4.0   0.1    MM    MM  21 1014.9  14.5  19.1  11.4   MM   MM    MM
2026 08 20 07 00 260  4.0  4.0   0.2    MM    MM  11 1014.9  14.7  19.1  11.9   MM +0.5    MM
2026 08 20 06 40 260  4.0  4.0   0.2    MM    MM 327 1014.9  15.6  19.1  12.0   MM   MM    MM
2026 08 20 06 20 240  4.0  5.0   0.1    MM    MM 323 1014.9  15.2  19.2  12.7   MM   MM    MM
2026 08 20 06 00 230  4.0  4.0   0.1    MM    MM 321 1014.9    MM  19.1    MM   MM +0.4    MM
2026 08 20 05 40 210  3.0  4.0   0.2    MM    MM 316 1014.8  16.1  19.1  13.8   MM   MM    MM
2026 08 20 05 20 240  2.0  3.0   0.2    MM    MM 314 1014.7  15.8  19.1  14.4   MM   MM    MM
2026 08 20 05 00 290  2.0  3.0   0.2    MM    MM 316 1014.6  16.0  19.1  14.4   MM +0.4    MM
2026 08 20 04 40 250  1.0  2.0   0.2    MM    MM 329 1014.5  17.2  19.1  15.3   MM   MM    MM
2026 08 20 04 00 150  1.0  2.0   0.2    MM    MM 331 1014.4  18.3  19.1  15.1   MM +0.5    MM
2026 08 20 03 40 170  1.0  2.0   0.2    MM    MM 335 1014.5  18.4  19.1  14.9   MM   MM    MM
2026 08 20 03 20 150  2.0  2.0   0.1    MM    MM 334 1014.5  18.6  19.1  14.8   MM   MM    MM
2026 08 20 03 00 140  2.0  2.0   0.1    MM    MM 342 1014.5  18.6  19.0  15.1   MM +0.6    MM
2026 08 20 02 40 120  2.0  3.0   0.1    MM    MM 348 1014.4    MM  19.0    MM   MM   MM    MM
2026 08 20 02 20 120  3.0  3.0   0.1    MM    MM 347 1014.4  18.6  18.9  15.4   MM   MM    MM
2026 08 20 02 00 110  3.0  3.0   0.1    MM    MM 341 1014.2  18.6  18.8  15.8   MM +0.4    MM
2026 08 20 01 40 100  3.0  3.0   0.1    MM    MM 344 1014.0  18.7  18.8  15.9   MM   MM    MM
2026 08 20 01 20 110  2.0  3.0   0.1    MM    MM 345 1013.8  18.9  18.8  16.0   MM   MM    MM
2026 08 20 01 00  80  2.0  3.0   0.1    MM    MM 350 1013.9  19.0  18.6  15.0   MM +0.3    MM
2026 08 20 00 40  30  1.0  1.0   0.1    MM    MM 341 1013.8  19.9  18.5  13.1   MM   MM    MM
2026 08 20 00 20 340  1.0  1.0   0.1    MM    MM 349 1013.8  20.8  18.5  11.3   MM   MM    MM
2026 08 20 00 00 300  1.0  2.0   0.1    MM    MM 345 1013.9  20.7  18.5  11.9   MM +0.0    MM
2026 08 19 23 40 300  2.0  2.0   0.1    MM    MM 329 1013.9  20.6  18.6  12.3   MM   MM    MM
2026 08 19 23 20 290  3.0  3.0   0.1    MM    MM 327 1013.9  20.9  18.6  11.6   MM   MM    MM
2026 08 19 23 00 300  3.0  4.0   0.1    MM    MM 304 1013.8  21.2  18.5  10.9   MM -0.0    MM
2026 08 19 22 40 310  3.0  4.0   0.1    MM    MM 295 1013.8  21.1  18.5  10.8   MM   MM    MM
2026 08 19 22 20 290  4.0  6.0   0.1    MM    MM 284 1013.8  21.2  18.5  10.7   MM   MM    MM
2026 08 19 22 00 330  3.0  5.0   0.1    MM    MM 270 1013.6  21.2  18.5   9.8   MM -0.3    MM
2026 08 19 21 40 300  5.0  6.0   0.1    MM    MM 270 1013.8  21.1  18.5  10.3   MM   MM    MM
2026 08 19 21 20 320  4.0  7.0   0.1    MM    MM 203 1013.7  21.1  18.4  10.1   MM   MM    MM
2026 08 19 21 00 310  5.0  7.0   0.1    MM    MM 168 1013.7  21.0  18.4   9.9   MM +0.0    MM
2026 08 19 20 40 290  5.0  8.0   0.1    MM    MM 161 1013.8  21.0  18.6   9.7   MM   MM    MM
2026 08 19 20 20 300  4.0  7.0   0.1    MM    MM 144 1014.0  21.0  18.6   9.5   MM   MM    MM
2026 08 19 20 00 290  5.0  9.0   0.1    MM    MM 145 1014.0  21.0  18.5   9.9   MM +0.5    MM
2026 08 19 19 40 310  5.0  7.0   0.1    MM    MM 207 1014.0  20.9  18.6   9.6   MM   MM    MM
2026 08 19 19 20 330  4.0  7.0   0.1    MM    MM 153 1013.9  20.8  18.5   9.2   MM   MM    MM
2026 08 19 19 00 310  5.0  7.0   0.1    MM    MM 146 1013.9  20.7  18.6  10.2   MM +0.5    MM
2026 08 19 18 40 310  6.0 10.0   0.2    MM    MM 151 1013.9  20.7  18.7   9.5   MM   MM    MM
2026 08 19 18 20 320  6.0  9.0   0.2    MM    MM 143 1013.8  20.7  18.7   9.3   MM   MM    MM
2026 08 19 18 00 320  6.0  9.0   0.1    MM    MM 135 1013.7  20.7  18.6   9.7   MM +0.3    MM
2026 08 19 17 40 310  6.0  9.0   0.1    MM    MM 123 1013.7  20.7  19.0   9.2   MM   MM    MM
2026 08 19 17 20 300  5.0  7.0   0.2    MM    MM 116 1013.6  20.6  18.3  10.8   MM   MM    MM
2026 08 19 17 00 280  5.0 10.0   0.1    MM    MM  89 1013.5  20.4  18.1  11.8   MM +0.0    MM
2026 08 19 16 40 270  2.0  5.0   0.1    MM    MM  78 1013.5  19.6  18.2  13.7   MM   MM    MM
2026 08 19 16 20 170  3.0  5.0   0.2    MM    MM  90 1013.5  18.6  18.3  15.1   MM   MM    MM
2026 08 19 16 00 170  4.0  5.0   0.1    MM    MM  84 1013.4  18.3  18.4  15.3   MM +0.3    MM
2026 08 19 15 40 180  4.0  4.0   0.1    MM    MM  89 1013.4  18.1  18.7  14.9   MM   MM    MM
2026 08 19 15 20 180  3.0  5.0   0.1    MM    MM  92 1013.4  17.6  18.7  14.3   MM   MM    MM
2026 08 19 15 00 180  3.0  3.0   0.1    MM    MM  86 1013.4  17.3  18.8  13.9   MM +0.4    MM
2026 08 19 14 40 180  3.0  4.0   0.1    MM    MM  77 1013.3  17.1  19.0  13.6   MM   MM    MM
2026 08 19 14 20 200  2.0  2.0   0.1    MM    MM  77 1013.3  16.6  18.8  13.1   MM   MM    MM
2026 08 19 14 00 240  3.0  3.0   0.2    MM    MM  82 1013.3  16.0  18.7  12.8   MM +0.9    MM
2026 08 19 13 40 240  3.0  3.0   0.2    MM    MM  77 1013.4  15.3  18.6  12.4   MM   MM    MM
2026 08 19 13 20 230  3.0  4.0   0.2    MM    MM  85 1013.3    MM  18.5    MM   MM   MM    MM
2026 08 19 13 00 220  4.0  5.0   0.2    MM    MM  86 1013.2  14.2  18.5  11.8   MM +1.1    MM
2026 08 19 12 40 220  4.0  6.0   0.2    MM    MM  95 1013.0  14.0  18.4  11.7   MM   MM    MM
2026 08 19 12 20 210  5.0  6.0   0.2    MM    MM  92 1013.0  14.0  18.2  11.7   MM   MM    MM
2026 08 19 12 00 210  5.0  6.0   0.2    MM    MM  97 1013.0  14.2  18.0  11.9   MM +1.5    MM
2026 08 19 11 40 210  6.0  7.0   0.2    MM    MM  97 1013.0  14.1  17.8  11.8   MM   MM    MM
2026 08 19 11 20 210  6.0  7.0   0.2    MM    MM 100 1012.7  14.3  17.8  11.8   MM   MM    MM
2026 08 19 11 00 210  6.0  7.0   0.2    MM    MM 101 1012.4  14.4  17.8  12.0   MM +1.1    MM
2026 08 19 10 00 220  3.0  4.0   0.1    MM    MM  84 1012.1  15.1  17.7  12.2   MM +0.8    MM
2026 08 19 09 40 250  3.0  4.0   0.1    MM    MM  86 1011.9  15.1  17.8  12.3   MM   MM    MM
2026 08 19 09 20 240  3.0  4.0   0.1    MM    MM  69 1011.7  14.8  17.8  12.3   MM   MM    MM
2026 08 19 09 00 270  4.0  5.0   0.1    MM    MM  62 1011.6  14.5  17.9  12.1   MM +0.2    MM
2026 08 19 08 40 260  4.0  5.0   0.1    MM    MM  77 1011.5  14.4  18.0  11.9   MM   MM    MM
2026 08 19 08 20 260  4.0  5.0   0.1    MM    MM  71 1011.5  15.1  18.1  12.3   MM   MM    MM
2026 08 19 08 00 260  5.0  6.0   0.1    MM    MM  63 1011.3  14.9  18.3  12.1   MM +0.0    MM
2026 08 19 07 40 280  3.0  4.0   0.1    MM    MM  58 1011.2  14.8  18.4  12.1   MM   MM    MM
2026 08 19 07 20 280  3.0  4.0   0.1    MM    MM  55 1011.2  14.9  18.4  12.1   MM   MM    MM
2026 08 19 07 00 290  4.0  4.0   0.1    MM    MM  51 1011.3  14.9  18.3  12.0   MM +0.0    MM
2026 08 19 06 40 280  4.0  4.0   0.1    MM    MM  55 1011.3  14.8  18.2  11.6   MM   MM    MM
2026 08 19 06 20 280  4.0  5.0   0.2    MM    MM  52 1011.4  15.0  18.1  11.8   MM   MM    MM
2026 08 19 06 00 290  4.0  5.0   0.2    MM    MM  54 1011.3  15.0  18.0  11.6   MM +0.0    MM
2026 08 19 05 40 280  4.0  5.0   0.2    MM    MM  61 1011.4  15.3  17.9  11.9   MM   MM    MM
2026 08 19 05 20 280  4.0  4.0   0.2    MM    MM  64 1011.4  15.6  17.9  12.3   MM   MM    MM
2026 08 19 05 00 280  4.0  4.0   0.2    MM    MM  70 1011.5  15.7  17.9  12.4   MM +0.5    MM
2026 08 19 04 40 270  4.0  5.0   0.2    MM    MM  73 1011.5  16.0  17.9  12.4   MM   MM    MM
2026 08 19 04 00 260  4.0  5.0   0.2    MM    MM  81 1011.4  16.6  18.0  12.3   MM +0.8    MM
2026 08 19 03 40 270  3.0  5.0   0.2    MM    MM  81 1011.4  16.9  18.1  12.6   MM   MM    MM
2026 08 19 03 20 250  4.0  5.0   0.2    MM    MM  93 1011.4  17.4  18.2  12.6   MM   MM    MM
2026 08 19 03 00 250  4.0  5.0   0.1    MM    MM  98 1011.4  17.7  18.2  13.1   MM +1.0    MM
2026 08 19 02 40 250  3.0  5.0   0.1    MM    MM 103 1011.3  18.0  18.2  13.3   MM   MM    MM
2026 08 19 02 20 220  3.0  4.0   0.1    MM    MM  73 1011.1  18.2  18.3  13.2   MM   MM    MM
2026 08 19 02 00 210  3.0  4.0   0.0    MM    MM  17 1011.0  18.6  18.3  14.0   MM +0.5    MM
2026 08 19 01 40 200  3.0  4.0   0.0    MM    MM 322 1010.8  18.8  18.3  13.9   MM   MM    MM
2026 08 19 01 20 210  2.0  2.0   0.0    MM    MM 352 1010.7  18.9  18.4  14.4   MM   MM    MM
2026 08 19 01 00 240  2.0  3.0   0.0    MM    MM 338 1010.6  19.4  18.5  13.7   MM +0.0    MM
2026 08 19 00 40 250  3.0  4.0   0.1    MM    MM  26 1010.5  20.0  18.5  12.9   MM   MM    MM
2026 08 19 00 20 260  2.0  2.0   0.1    MM    MM 127 1010.5  20.2  18.7  13.2   MM   MM    MM
2026 08 19 00 00 280  2.0  5.0   0.1    MM    MM 146 1010.4  20.3  18.7  12.4   MM +0.0    MM
2026 08 18 23 40 280  4.0  5.0   0.1    MM    MM 144 1010.5  20.4  18.8  12.1   MM   MM    MM
2026 08 18 23 20 280  5.0  6.0   0.2    MM    MM 140 1010.6  20.5  18.9  12.1   MM   MM    MM
2026 08 18 23 00 290  5.0  6.0   0.2    MM    MM 150 1010.5  20.6  18.9  11.8   MM -0.4    MM
2026 08 18 22 40 270  6.0  8.0   0.2    MM    MM 156 1010.5  20.6  18.9  11.5   MM   MM    MM
2026 08 18 22 20 280  6.0  8.0   0.2    MM    MM 162 1010.5  20.7  18.8  11.3   MM   MM    MM
2026 08 18 22 00 280  6.0  7.0   0.2    MM    MM 162 1010.5  20.5  18.6  11.7   MM -0.6    MM
2026 08 18 21 40 280  5.0  8.0   0.2    MM    MM 151 1010.4  20.7  18.5  11.0   MM   MM    MM
2026 08 18 21 20 280  6.0  8.0   0.2    MM    MM 153 1010.4  20.7  18.5  11.0   MM   MM    MM
2026 08 18 21 00 290  7.0  9.0   0.2    MM    MM 149 1010.4  20.9  18.5  10.5   MM -0.9    MM
2026 08 18 20 40 300  5.0  8.0   0.2    MM    MM 158 1010.6  20.9  18.6  10.4   MM   MM    MM
2026 08 18 20 20 290  5.0  7.0   0.1    MM    MM 171 1010.8  20.9  18.5  10.9   MM   MM    MM
2026 08 18 20 00 290  4.0  6.0   0.1    MM    MM 181 1010.9  21.0  18.3  10.0   MM -0.8    MM
2026 08 18 19 40 280  5.0  7.0   0.1    MM    MM 221 1011.1  20.8  18.1  10.4   MM   MM    MM
2026 08 18 19 20 290  4.0  7.0   0.1    MM    MM 281 1011.1  20.6  17.8  10.6   MM   MM    MM
2026 08 18 19 00 290  3.0  5.0   0.1    MM    MM 277 1011.1  20.7  17.4   9.9   MM -0.5    MM
2026 08 18 18 40 290  3.0  6.0   0.1    MM    MM 270 1011.2  20.3  17.3  10.5   MM   MM    MM
2026 08 18 18 20  MM   MM   MM   0.1    MM    MM 262 1011.2  20.3  17.1   9.9   MM   MM    MM
2026 08 18 18 00 350  2.0  4.0   0.1    MM    MM 220 1011.3  20.1  17.0  10.2   MM +0.0    MM
2026 08 18 17 40 350  2.0  4.0   0.1    MM    MM 190 1011.6  19.8  17.0   9.7   MM   MM    MM
2026 08 18 17 20 330  4.0  7.0   0.1    MM    MM 183 1011.6  19.5  17.0  10.0   MM   MM    MM
2026 08 18 17 00 330  4.0  6.0   0.1    MM    MM 173 1011.7  19.5  17.0   9.8   MM +1.1    MM
2026 08 18 16 40 340  4.0  6.0   0.1    MM    MM 135 1011.6  19.5  17.0   9.8   MM   MM    MM
2026 08 18 16 20 310  5.0  8.0   0.1    MM    MM 140 1011.7  19.3  17.1  10.2   MM   MM    MM
2026 08 18 16 00 300  6.0  8.0   0.1    MM    MM 124 1011.6  19.1  17.1  10.5   MM +1.2    MM
2026 08 18 15 40 320  5.0  8.0   0.2    MM    MM 110 1011.4  19.0  17.3  11.1   MM   MM    MM
2026 08 18 15 20 330  6.0  9.0   0.2    MM    MM  99 1011.2  18.9  17.5  11.7   MM   MM    MM
2026 08 18 15 00 310  7.0 10.0   0.2    MM    MM  84 1011.2  18.8  17.8  12.4   MM +1.0    MM
2026 08 18 14 40 310  7.0  9.0   0.2    MM    MM  57 1011.0  18.8  18.0  13.4   MM   MM    MM
2026 08 18 14 20 300  7.0  9.0   0.2    MM    MM  48 1010.9  18.9  18.5  14.6   MM   MM    MM
2026 08 18 14 00 300  6.0 11.0   0.2    MM    MM  48 1010.6  19.0  18.6  15.6   MM +1.0    MM
2026 08 18 13 40 280  6.0  8.0   0.3    MM    MM  51 1010.7  19.2  18.9  16.3   MM   MM    MM
2026 08 18 13 20 270  6.0 10.0   0.2    MM    MM  39 1010.6  19.1  19.1  16.6   MM   MM    MM
2026 08 18 13 00 270  6.0  7.0   0.2    MM    MM  44 1010.4  19.1  19.1  16.7   MM +1.4    MM
2026 08 18 12 40 250  5.0  7.0   0.3    MM    MM  48 1010.4  18.7  19.2  16.6   MM   MM    MM
2026 08 18 12 20 250  6.0  7.0   0.3    MM    MM  48 1010.3  18.4  19.1  16.4   MM   MM    MM
2026 08 18 12 00 250  5.0  7.0   0.3    MM    MM  53 1010.2  18.1  19.3  16.2   MM +0.6    MM
2026 08 18 11 40  MM   MM   MM   0.3    MM    MM  60 1010.0  17.9  19.1  16.0   MM   MM    MM
2026 08 18 11 20 240  6.0  8.0   0.3    MM    MM  64 1009.7  18.0  19.2  16.1   MM   MM    MM
2026 08 18 11 00 230  7.0  8.0   0.3    MM    MM  66 1009.6  17.9  19.2  16.1   MM +0.4    MM
2026 08 18 10 40 230  7.0  8.0   0.3    MM    MM  72 1009.5  18.1  19.0  16.2   MM   MM    MM
2026 08 18 10 20 230  6.0  8.0   0.3    MM    MM  66 1009.3  18.1  19.1  16.2   MM   MM    MM
2026 08 18 10 00 250  7.0  8.0   0.3    MM    MM  61 1009.0  18.3  19.4  16.3   MM -0.8    MM
2026 08 18 09 40 240  7.0  8.0   0.3    MM    MM  63 1009.2  18.1  19.5  16.3   MM   MM    MM
2026 08 18 09 20 230  7.0  9.0   0.3    MM    MM  67 1009.4  18.2  19.5  16.3   MM   MM    MM
2026 08 18 09 00 230  6.0  7.0   0.3    MM    MM  74 1009.6  18.3  19.3  16.4   MM -0.3    MM
2026 08 18 08 40 220  5.0  6.0   0.3    MM    MM  81 1009.6  18.3  19.4  16.3   MM   MM    MM
2026 08 18 08 20 210  5.0  7.0   0.3    MM    MM  91 1009.3  18.3  19.4  16.4   MM   MM    MM
2026 08 18 08 00 220  6.0  8.0   0.3    MM    MM  86 1009.1  18.5  19.5  16.5   MM -1.4    MM
2026 08 18 07 40 230  6.0  8.0   0.3    MM    MM  82 1009.2  18.8  19.5  16.4   MM   MM    MM
2026 08 18 07 20 230  7.0  9.0   0.3    MM    MM  87 1009.6  18.7  19.5  16.4   MM   MM    MM
2026 08 18 07 00 230  7.0  9.0   0.3    MM    MM 104 1009.7  18.6  19.6  16.2   MM -0.6    MM
2026 08 18 06 40 220  8.0 10.0   0.3    MM    MM 110 1010.0  18.5  19.6  16.2   MM   MM    MM
2026 08 18 06 20 210  8.0 10.0   0.2    MM    MM 114 1009.8  18.8  19.6  16.1   MM   MM    MM
2026 08 18 06 00 200  7.0  8.0   0.1    MM    MM 134 1009.9  18.8  19.7  16.2   MM -1.0    MM
2026 08 18 05 40 270  2.0  3.0   0.2    MM    MM 126 1009.9  19.1  19.7  15.9   MM   MM    MM
2026 08 18 05 20 270  6.0 10.0   0.2    MM    MM 127 1010.3  19.6  19.7  15.9   MM   MM    MM
2026 08 18 05 00 260  5.0  8.0   0.1    MM    MM 104 1010.5  20.1  19.7  15.3   MM -1.0    MM
2026 08 18 04 40 270  5.0  8.0   0.1    MM    MM  82 1010.5  19.3  19.7  15.4   MM   MM    MM
2026 08 18 04 00 230  3.0  3.0   0.1    MM    MM  65 1010.3  20.0  19.7  16.2   MM -1.0    MM
2026 08 18 03 40 220  3.0  4.0   0.1    MM    MM  77 1010.3  19.8  19.7  17.0   MM   MM    MM
2026 08 18 03 20 200  3.0  3.0   0.1    MM    MM 356 1010.5  19.9  19.7  17.0   MM   MM    MM
2026 08 18 03 00 190  3.0  4.0   0.0    MM    MM 360 1010.8  20.0  19.7  16.8   MM -0.6    MM
2026 08 18 02 40 190  2.0  2.0   0.0    MM    MM   3 1011.1  20.0  19.7  17.3   MM   MM    MM
2026 08 18 02 20 170  2.0  3.0   0.1    MM    MM   3 1011.3  20.1  19.7  17.3   MM   MM    MM
2026 08 18 02 00 180  2.0  2.0   0.1    MM    MM 356 1011.5  20.2  19.7  17.4   MM -0.8    MM
2026 08 18 01 40 200  2.0  2.0   0.1    MM    MM 356 1011.4  20.4  19.7  17.5   MM   MM    MM
2026 08 18 01 20 200  2.0  2.0   0.1    MM    MM   6 1011.4  20.4  19.7  17.5   MM   MM    MM
2026 08 18 01 00 190  2.0  2.0   0.1    MM    MM 352 1011.3  20.9  19.7  16.9   MM -1.5    MM
2026 08 18 00 40 190  2.0  2.0   0.1    MM    MM 357 1011.4  21.0  19.7  17.1   MM   MM    MM
2026 08 18 00 20 190  1.0  2.0   0.1    MM    MM  11 1011.4  21.6  19.7  17.0   MM   MM    MM
2026 08 18 00 00 190  2.0  2.0   0.1    MM    MM  80 1011.5  22.1  19.6  16.6   MM -2.0    MM
2026 08 17 23 40 220  2.0  3.0   0.1    MM    MM  80 1011.7  22.4  19.6  16.4   MM   MM    MM
2026 08 17 23 20 230  2.0  3.0   0.1    MM    MM 110 1012.0  22.7  19.6  16.2   MM   MM    MM
2026 08 17 23 00 260  3.0  6.0   0.2    MM    MM 110 1012.3  23.3  19.6  14.4   MM -1.8    MM
2026 08 17 22 40 260  4.0  6.0   0.2    MM    MM 106 1012.6  23.5  19.6  13.6   MM   MM    MM
2026 08 17 22 20 260  4.0  6.0   0.2    MM    MM 108 1012.7  23.3  19.6  13.8   MM   MM    MM
2026 08 17 22 00 260  5.0  7.0   0.2    MM    MM 116 1012.8  23.1  19.6  13.9   MM -1.5    MM
2026 08 17 21 40 250  4.0  6.0   0.2    MM    MM 125 1013.1  23.1  19.7  13.8   MM   MM    MM
2026 08 17 21 20 280  5.0  8.0   0.1    MM    MM 115 1013.1  23.2  19.7  13.3   MM   MM    MM
2026 08 17 21 00 270  5.0  8.0   0.1    MM    MM 120 1013.5  23.1  19.7  13.4   MM -0.8    MM
2026 08 17 20 40 270  4.0  5.0   0.2    MM    MM 116 1013.6  23.1  19.7  13.4   MM   MM    MM
2026 08 17 20 20 280  5.0  7.0   0.1    MM    MM 111 1013.8  22.9  19.6  12.8   MM   MM    MM
2026 08 17 20 00 270  5.0  7.0   0.2    MM    MM  88 1014.1  22.7  19.6  13.2   MM -0.5    MM
2026 08 17 19 40 280  5.0  7.0   0.2    MM    MM 103 1014.2  22.6  19.5  13.2   MM   MM    MM
2026 08 17 19 20 280  6.0  8.0   0.2    MM    MM 106 1014.3  22.5  19.5  13.6   MM   MM    MM
2026 08 17 19 00 280  6.0  8.0   0.2    MM    MM 107 1014.3  22.5  19.5  14.4   MM -0.7    MM
2026 08 17 18 40 290  7.0  9.0   0.2    MM    MM 103 1014.2  22.5  19.5  14.8   MM   MM    MM
2026 08 17 18 20 270  7.0 10.0   0.2    MM    MM 120 1014.3  22.6  19.5  14.7   MM   MM    MM
2026 08 17 18 00 280  7.0  9.0   0.1    MM    MM 105 1014.3  22.4  19.5  15.6   MM -1.1    MM
2026 08 17 17 40 280  3.0  6.0   0.1    MM    MM 119 1014.4  22.0  19.5  16.2   MM   MM    MM
2026 08 17 17 20 100  1.0  2.0   0.1    MM    MM 117 1014.4  21.3  19.4  16.0   MM   MM    MM
2026 08 17 17 00  90  1.0  2.0   0.1    MM    MM 114 1014.6  20.9  19.4  16.4   MM -0.6    MM
2026 08 17 16 40  50  2.0  5.0   0.2    MM    MM 119 1014.9  20.4  19.4  16.5   MM   MM    MM
2026 08 17 16 20 170  3.0  4.0   0.2    MM    MM 132 1014.9  19.9  19.4  17.2   MM   MM    MM
2026 08 17 16 00 170  4.0  5.0   0.2    MM    MM 128 1015.0  19.6  19.4  17.2   MM -0.3    MM
2026 08 17 15 40 180  4.0  5.0   0.2    MM    MM 118 1015.2  19.3  19.3  17.0   MM   MM    MM
2026 08 17 15 20 190  4.0  5.0   0.2    MM    MM 119 1015.3  19.0  19.3  16.5   MM   MM    MM
2026 08 17 15 00 190  4.0  5.0   0.2    MM    MM 109 1015.4  18.7  19.3  16.4   MM +0.4    MM
2026 08 17 14 40 200  4.0  4.0   0.2    MM    MM 111 1015.3  18.5  19.3  16.2   MM   MM    MM
2026 08 17 14 20 200  3.0  4.0   0.2    MM    MM 104 1015.3  18.2  19.2  16.0   MM   MM    MM
2026 08 17 14 00 210  4.0  4.0   0.2    MM    MM  98 1015.2  18.2  19.2  15.8   MM +0.0    MM
2026 08 17 13 40 200  3.0  4.0   0.2    MM    MM  89 1015.2  17.7  19.2  15.4   MM   MM    MM
2026 08 17 13 20 210  2.0  3.0   0.2    MM    MM  75 1015.3  17.5  19.1  15.1   MM   MM    MM
2026 08 17 13 00 220  2.0  3.0   0.2    MM    MM  70 1015.3  17.0  19.1  14.8   MM +0.5    MM
2026 08 17 12 40 240  3.0  4.0   0.2    MM    MM  72 1015.3  16.6  19.1  14.7   MM   MM    MM
2026 08 17 12 20 230  4.0  5.0   0.2    MM    MM  77 1015.2  16.5  19.1  14.8   MM   MM    MM
2026 08 17 12 00 220  4.0  5.0   0.2    MM    MM  80 1015.1  16.5  19.1  14.9   MM +0.5    MM
2026 08 17 11 40 210  4.0  5.0   0.2    MM    MM  82 1015.0  16.5  19.0  15.0   MM   MM    MM
2026 08 17 11 20 220  4.0  5.0   0.2    MM    MM  85 1015.0  16.6  19.0  15.1   MM   MM    MM
2026 08 17 11 00 220  4.0  5.0   0.2    MM    MM  82 1015.1  16.6  19.0  15.0   MM +0.5    MM
2026 08 17 10 40 230  4.0  4.0   0.2    MM    MM  76 1015.0  16.5  19.0  15.0   MM   MM    MM
2026 08 17 10 20 230  4.0  4.0   0.2    MM    MM  80 1014.9  16.7  19.0  15.2   MM   MM    MM
2026 08 17 10 00 230  4.0  5.0   0.2    MM    MM  80 1014.8  16.8  18.9  15.1   MM +0.2    MM
2026 08 17 09 40 220  4.0  5.0   0.2    MM    MM  86 1014.7  17.1  18.9  15.3   MM   MM    MM
2026 08 17 09 20 220  3.0  4.0   0.1    MM    MM  90 1014.7  17.4  18.9  15.5   MM   MM    MM
2026 08 17 09 00 220  4.0  4.0   0.1    MM    MM  98 1014.6  17.6  18.9  15.5   MM +0.4    MM
2026 08 17 08 40 210  4.0  5.0   0.1    MM    MM 105 1014.7  17.6  18.9  15.5   MM   MM    MM
2026 08 17 08 20 220  3.0  4.0   0.1    MM    MM 111 1014.5  17.5  18.9  15.5   MM   MM    MM
2026 08 17 08 00 210  3.0  4.0   0.1    MM    MM 109 1014.5  17.5  18.9  15.4   MM +0.5    MM
2026 08 17 07 40 220  3.0  4.0   0.1    MM    MM 109 1014.6  17.6  18.9  15.5   MM   MM    MM
2026 08 17 07 20 220  2.0  3.0   0.1    MM    MM 116 1014.5  18.0  18.9  15.4   MM   MM    MM
2026 08 17 07 00 260  1.0  2.0   0.1    MM    MM 109 1014.5  17.8  18.9  15.3   MM +0.8    MM
2026 08 17 06 40 250  2.0  3.0   0.1    MM    MM 102 1014.5  17.8  18.9  15.4   MM   MM    MM
2026 08 17 06 20 210  2.0  2.0   0.1    MM    MM  83 1014.3  17.8  18.9  15.4   MM   MM    MM
2026 08 17 06 00 260  2.0  3.0   0.1    MM    MM  67 1014.2  18.1  18.9  15.8   MM +0.4    MM
2026 08 17 05 40 250  3.0  4.0   0.1    MM    MM 178 1014.2  18.4  19.0  15.8   MM   MM    MM
2026 08 17 05 20 260  3.0  4.0   0.1    MM    MM 176 1014.1  18.6  19.0  15.7   MM   MM    MM
2026 08 17 05 00 240  2.0  2.0   0.1    MM    MM 232 1014.1  18.7  19.1  15.8   MM -0.0    MM
2026 08 17 04 40 270  2.0  2.0   0.1    MM    MM 117 1013.9  18.6  19.1  15.8   MM   MM    MM
2026 08 17 04 00 270  3.0  4.0   0.1    MM    MM 255 1013.8  19.0  19.1  16.0   MM +0.0    MM
2026 08 17 03 40 260  3.0  5.0   0.0    MM    MM 134 1013.9  19.2  19.1  16.1   MM   MM    MM
2026 08 17 03 20 260  3.0  4.0   0.0    MM    MM 123 1013.8  19.3  19.1  16.2   MM   MM    MM
2026 08 17 03 00 270  2.0  4.0   0.1    MM    MM 122 1013.8  19.5  19.2  16.2   MM +0.0    MM
2026 08 17 02 40  MM   MM   MM   0.1    MM    MM 118 1013.9  19.7  19.2  16.4   MM   MM    MM
2026 08 17 02 20 280  1.0  2.0   0.1    MM    MM 124 1013.9  19.7  19.1  16.8   MM   MM    MM
2026 08 17 02 00 280  2.0  2.0   0.1    MM    MM 115 1014.0  19.9  19.2  16.7   MM -0.0    MM
2026 08 17 01 40 290  1.0  2.0   0.1    MM    MM 115 1013.9  20.1  19.2  16.6   MM   MM    MM
2026 08 17 01 20 300  2.0  3.0   0.1    MM    MM 121 1013.9  20.5  19.2  16.9   MM   MM    MM
2026 08 17 01 00 290  2.0  4.0   0.1    MM    MM  56 1014.0  20.8  19.2  17.1   MM +0.2    MM
2026 08 17 00 40 280  3.0  5.0   0.1    MM    MM  42 1013.9  21.1  19.2  17.2   MM   MM    MM
2026 08 17 00 20 280  4.0  5.0   0.1    MM    MM 124 1013.8  21.4  19.2  17.2   MM   MM    MM
2026 08 17 00 00 290  3.0  4.0   0.1    MM    MM 121 1013.7  21.7  19.2  17.2   MM +0.0    MM
2026 08 16 23 40 290  3.0  4.0   0.1    MM    MM 121 1013.8  21.9  19.3  16.9   MM   MM    MM
2026 08 16 23 20 300  3.0  5.0   0.1    MM    MM 123 1013.9  22.0  19.3  16.9   MM   MM    MM
2026 08 16 23 00 300  3.0  5.0   0.1    MM    MM 122 1013.9  21.9  19.2  16.9   MM +0.4    MM
2026 08 16 22 40 300  3.0  4.0   0.2    MM    MM 136 1014.0  22.0  19.3  16.9   MM   MM    MM
2026 08 16 22 20 320  4.0  6.0   0.2    MM    MM 128 1013.9  21.9  19.2  16.5   MM   MM    MM
2026 08 16 22 00 320  5.0  7.0   0.2    MM    MM 111 1013.7  21.8  19.3  16.3   MM +0.4    MM
2026 08 16 21 40 320  6.0  9.0   0.2    MM    MM 139 1013.6  21.7  19.3  16.4   MM   MM    MM
2026 08 16 21 20 340  5.0  7.0   0.2    MM    MM 125 1013.5  21.5  19.3  16.5   MM   MM    MM
2026 08 16 21 00 310  5.0  8.0   0.2    MM    MM 114 1013.5  21.5  19.3  16.3   MM +0.3    MM
2026 08 16 20 40 330  6.0 10.0   0.2    MM    MM 121 1013.6  21.5  19.4  16.5   MM   MM    MM
2026 08 16 20 20 320  5.0  9.0   0.2    MM    MM 121 1013.6  21.4  19.4  16.7   MM   MM    MM
2026 08 16 20 00 320  6.0  8.0   0.2    MM    MM  84 1013.6  21.3  19.4  16.6   MM -0.0    MM
2026 08 16 19 40 330  5.0  8.0   0.2    MM    MM  53 1013.5  21.3  19.3  16.7   MM   MM    MM
2026 08 16 19 20 310  5.0  8.0   0.2    MM    MM  37 1013.4  21.2  19.4  16.8   MM   MM    MM
2026 08 16 19 00 330  5.0  8.0   0.1    MM    MM  55 1013.4  20.9  19.4  17.0   MM +0.3    MM
2026 08 16 18 40 340  5.0  8.0   0.1    MM    MM  44 1013.3  20.7  19.3  17.1   MM   MM    MM
2026 08 16 18 20 320  5.0  9.0   0.1    MM    MM  62 1013.2  20.5  19.3  17.2   MM   MM    MM
2026 08 16 18 00 310  5.0  8.0   0.1    MM    MM  72 1013.2  20.2  19.3  17.2   MM +0.6    MM
2026 08 16 17 40 320  6.0  8.0   0.1    MM    MM  71 1013.2  20.1  19.3  17.1   MM   MM    MM
2026 08 16 17 20 320  6.0  9.0   0.1    MM    MM  63 1013.3  20.1  19.3  17.3   MM   MM    MM
2026 08 16 17 00 310  5.0  8.0   0.1    MM    MM  46 1013.4  19.8  19.2  17.4   MM +1.4    MM
2026 08 16 16 40 320  5.0  6.0   0.1    MM    MM  52 1013.4  19.5  19.2  17.4   MM   MM    MM
2026 08 16 16 20 310  5.0  8.0   0.1    MM    MM  55 1013.2  19.7  19.2  17.5   MM   MM    MM
2026 08 16 16 00 300  6.0  7.0   0.1    MM    MM  61 1013.0  19.6  19.1  17.6   MM +1.6    MM
2026 08 16 15 40 280  3.0  5.0   0.1    MM    MM  70 1012.6  19.5  19.1  17.7   MM   MM    MM
2026 08 16 15 20 270  4.0  5.0   0.1    MM    MM  65 1012.6  19.0  19.0  17.5   MM   MM    MM
2026 08 16 15 00 270  4.0  5.0   0.1    MM    MM  65 1012.6  19.0  19.0  17.4   MM +1.5    MM
2026 08 16 14 40 270  4.0  6.0   0.2    MM    MM  73 1012.4  18.8  19.0  17.3   MM   MM    MM
2026 08 16 14 20 270  5.0  7.0   0.2    MM    MM  82 1012.2  18.8  19.0  17.4   MM   MM    MM
2026 08 16 14 00 280  5.0  7.0   0.2    MM    MM  80 1012.0  18.1  19.0  17.5   MM +1.2    MM
2026 08 16 13 40 280  5.0  7.0   0.1    MM    MM 101 1011.6  18.9  19.0  17.4   MM   MM    MM
2026 08 16 13 20 300  4.0  6.0   0.2    MM    MM  87 1011.6  18.8  19.0  17.4   MM   MM    MM
2026 08 16 13 00 290  5.0  7.0   0.2    MM    MM 113 1011.4  18.9  19.0  17.5   MM +1.1    MM
2026 08 16 12 40 290  5.0  7.0   0.2    MM    MM 134 1011.3  19.1  19.0  17.7   MM   MM    MM
2026 08 16 12 20 290  4.0  7.0   0.2    MM    MM 127 1011.2  19.3  19.0  17.8   MM   MM    MM
2026 08 16 12 00 280  5.0  6.0   0.2    MM    MM 165 1011.1  19.4  19.0  17.9   MM +0.6    MM
2026 08 16 11 40 280  4.0  7.0   0.2    MM    MM 176 1011.0  19.6  19.1  18.2   MM   MM    MM
2026 08 16 11 20 280  5.0  7.0   0.2    MM    MM 174 1011.0  19.9  19.1  18.4   MM   MM    MM
2026 08 16 11 00 290  6.0  8.0   0.2    MM    MM 157 1010.8  20.4  19.1  18.9   MM -0.0    MM
2026 08 16 10 40 280  4.0  5.0   0.2    MM    MM 141 1010.6  20.4  19.1  19.2   MM   MM    MM
2026 08 16 10 20 280  2.0  3.0   0.2    MM    MM 135 1010.5  19.9  19.1  19.0   MM   MM    MM
2026 08 16 10 00 250  2.0  3.0   0.2    MM    MM 133 1010.3  19.8  19.1  18.9   MM -1.2    MM
2026 08 16 09 40 230  2.0  2.0   0.2    MM    MM 120 1010.4  19.5  19.1  18.6   MM   MM    MM
2026 08 16 09 20 290  1.0  2.0   0.2    MM    MM 127 1010.5  19.3  19.1  18.3   MM   MM    MM
2026 08 16 09 00 250  2.0  3.0   0.2    MM    MM 133 1010.6  19.3  19.1  18.3   MM -1.7    MM
2026 08 16 08 40 240  2.0  3.0   0.2    MM    MM 128 1010.5  19.0  19.1  18.0   MM   MM    MM
2026 08 16 08 20 210  2.0  2.0   0.3    MM    MM 131 1010.6  18.7  19.1  17.7   MM   MM    MM
2026 08 16 08 00 230  1.0  1.0   0.3    MM    MM 127 1010.8  18.6  19.1  17.6   MM -1.7    MM
2026 08 16 07 40 220  1.0  2.0   0.3    MM    MM 135 1010.9  18.4  19.1  17.5   MM   MM    MM
2026 08 16 07 20 220  1.0  1.0   0.3    MM    MM 135 1011.2  18.3  19.0  17.3   MM   MM    MM
2026 08 16 07 00 200  1.0  1.0   0.3    MM    MM 131 1011.4  18.3  19.0  17.3   MM -1.8    MM
2026 08 16 06 40 250  1.0  1.0   0.3    MM    MM 135 1011.8  18.2  19.0  17.2   MM   MM    MM
2026 08 16 06 20  MM  0.0  1.0   0.3    MM    MM 130 1012.1  18.2  19.1  17.1   MM   MM    MM
2026 08 16 06 00 170  1.0  1.0   0.3    MM    MM 134 1012.3  18.1  19.1  17.0   MM -1.6    MM
2026 08 16 05 40  MM  0.0  1.0   0.3    MM    MM 131 1012.3  18.1  19.1  17.0   MM   MM    MM
2026 08 16 05 20  MM  0.0  1.0   0.3    MM    MM 123 1012.5  18.0  19.0  16.9   MM   MM    MM
2026 08 16 05 00 120  1.0  2.0   0.3    MM    MM 122 1012.5  18.0  19.0  16.8   MM -1.7    MM
2026 08 16 04 40 120  1.0  2.0   0.3    MM    MM 120 1012.7  18.0  19.0  16.9   MM   MM    MM
2026 08 16 04 00  MM  0.0  1.0   0.4    MM    MM 125 1013.3  18.3  19.0  17.2   MM -0.5    MM
2026 08 16 03 40 200  1.0  2.0   0.4    MM    MM 120 1013.5  18.3  19.0  17.1   MM   MM    MM
2026 08 16 03 20 200  1.0  2.0   0.4    MM    MM 126 1013.7  18.3  19.0  17.0   MM   MM    MM
2026 08 16 03 00 350  2.0  3.0   0.4    MM    MM 137 1013.9  18.3  19.0  17.0   MM +0.0    MM
2026 08 16 02 40  10  3.0  4.0   0.4    MM    MM 132 1014.1  18.3  19.0  17.0   MM   MM    MM
2026 08 16 02 20  20  3.0  4.0   0.4    MM    MM 126 1014.1  18.3  19.0  17.0   MM   MM    MM
2026 08 16 02 00 330  4.0  5.0   0.5    MM    MM 121 1014.2  18.7  19.0  17.2   MM -0.9    MM
2026 08 16 01 40  50  5.0  6.0   0.5    MM    MM 105 1013.8  19.0  19.0  17.4   MM   MM    MM
2026 08 16 01 20  40  5.0  6.0   0.5    MM    MM 110 1013.8  19.0  19.0  17.4   MM   MM    MM
2026 08 16 01 00  30  5.0  6.0   0.5    MM    MM 107 1013.8  19.3  19.0  17.4   MM -2.1    MM
2026 08 16 00 40  50  4.0  5.0   0.5    MM    MM 104 1013.7  19.3  19.1  17.4   MM   MM    MM
2026 08 16 00 20  40  3.0  5.0   0.5    MM    MM  96 1013.9  19.5  19.1  17.5   MM   MM    MM
2026 08 16 00 00 110  5.0  7.0   0.6    MM    MM  88 1014.0  19.5  19.1  17.3   MM -2.8    MM
