time,zname,zid,mean_maxt2m,std_maxt2m,min_maxt2m,max_maxt2m,percentile_25_maxt2m,median_maxt2m,percentile_75_maxt2m,mean_meant2m,std_meant2m,min_meant2m,max_meant2m,percentile_25_meant2m,median_meant2m,percentile_75_meant2m,mean_mint2m,std_mint2m,min_mint2m,max_mint2m,percentile_25_mint2m,median_mint2m,percentile_75_mint2m
2026-09-10 00:00:00+00:00,Águeda,0101,26.98,0.85,25.30,28.67,26.24,26.82,27.76,18.92,0.06,18.76,19.09,18.88,18.93,18.95,11.98,0.41,11.33,13.27,11.67,11.85,12.23
2026-09-11 00:00:00+00:00,Águeda,0101,29.27,0.94,26.44,30.80,28.69,29.41,30.03,21.07,0.49,19.92,22.16,20.73,21.05,21.43,13.59,0.39,12.88,14.48,13.24,13.63,13.92
2026-09-12 00:00:00+00:00,Águeda,0101,33.48,1.12,31.04,35.71,32.56,33.29,34.47,24.06,0.52,22.62,25.07,23.75,24.09,24.45,15.74,0.61,14.80,17.77,15.30,15.64,16.05
2026-09-13 00:00:00+00:00,Águeda,0101,35.31,0.93,33.76,37.18,34.45,35.17,36.10,25.41,0.44,24.18,26.35,25.17,25.48,25.72,16.49,0.60,15.66,18.65,16.06,16.33,16.75
2026-09-14 00:00:00+00:00,Águeda,0101,33.80,0.70,31.97,35.07,33.26,33.78,34.41,23.76,0.58,22.59,25.51,23.41,23.61,24.05,14.92,0.73,12.94,17.57,14.52,14.80,15.30
2026-09-15 00:00:00+00:00,Águeda,0101,25.77,0.52,24.15,26.59,25.49,25.92,26.11,19.82,0.20,19.21,20.35,19.71,19.78,19.94,16.06,0.73,13.60,17.36,15.54,16.12,16.66
2026-09-16 00:00:00+00:00,Águeda,0101,26.32,0.76,24.15,28.16,25.84,26.43,26.85,19.55,0.23,19.10,20.39,19.39,19.52,19.68,14.31,0.32,13.62,15.40,14.14,14.26,14.46
2026-09-17 00:00:00+00:00,Águeda,0101,26.22,0.82,24.64,27.81,25.49,26.17,26.97,19.29,0.47,18.11,20.26,18.93,19.28,19.65,12.62,0.41,11.54,13.84,12.36,12.62,12.85
2026-09-18 00:00:00+00:00,Águeda,0101,27.88,0.87,25.76,29.51,27.20,27.83,28.64,18.84,0.28,18.28,19.67,18.63,18.80,19.02,10.35,0.50,8.94,11.54,10.02,10.32,10.74
2026-09-19 00:00:00+00:00,Águeda,0101,32.22,0.95,30.58,34.12,31.35,32.14,33.04,21.76,0.33,20.83,22.67,21.58,21.81,21.92,12.55,0.46,11.18,14.42,12.34,12.43,12.67
2026-09-20 00:00:00+00:00,Águeda,0101,34.27,0.79,32.19,35.47,33.73,34.42,34.91,23.99,0.20,23.44,24.43,23.84,24.04,24.16,14.92,0.59,12.84,16.99,14.64,14.85,15.18
2026-09-21 00:00:00+00:00,Águeda,0101,35.28,0.84,33.17,36.76,34.67,35.38,35.95,24.74,0.30,24.01,25.69,24.57,24.75,24.89,16.15,0.63,13.45,18.05,16.00,16.26,16.44
2026-09-22 00:00:00+00:00,Águeda,0101,35.08,1.05,32.32,36.82,34.29,35.05,36.02,24.02,0.75,22.30,26.21,23.63,23.87,24.39,14.23,0.95,11.73,17.82,13.69,14.05,14.65
2026-09-23 00:00:00+00:00,Águeda,0101,32.15,1.55,27.16,34.57,31.29,32.58,33.33,21.74,1.29,19.12,25.21,20.78,21.61,22.49,13.59,0.98,11.77,17.21,12.90,13.35,14.10
2026-09-24 00:00:00+00:00,Águeda,0101,28.74,1.95,23.39,31.25,27.40,29.27,30.38,19.34,0.63,17.75,20.89,18.93,19.38,19.78,13.05,0.88,11.54,16.41,12.41,12.87,13.48
2026-09-25 00:00:00+00:00,Águeda,0101,25.74,1.01,22.89,27.14,25.02,26.03,26.57,18.47,0.24,17.86,18.87,18.29,18.52,18.67,13.23,0.12,12.99,13.69,13.15,13.20,13.27
2026-09-26 00:00:00+00:00,Águeda,0101,28.31,1.22,24.92,30.05,27.47,28.67,29.35,19.27,0.42,18.22,20.15,18.99,19.33,19.58,12.19,0.31,11.51,12.82,11.96,12.25,12.44
2026-09-27 00:00:00+00:00,Águeda,0101,27.07,0.70,25.34,28.09,26.50,27.20,27.68,19.82,0.21,19.29,20.18,19.65,19.88,19.99,15.48,0.05,15.35,15.70,15.46,15.47,15.49
2026-09-28 00:00:00+00:00,Águeda,0101,24.98,0.85,22.77,26.46,24.39,25.14,25.60,19.13,0.33,18.10,19.59,18.92,19.19,19.40,13.56,0.38,12.52,14.71,13.30,13.54,13.78
2026-09-29 00:00:00+00:00,Águeda,0101,26.93,1.05,24.06,28.48,26.25,27.17,27.75,22.43,0.78,19.87,23.76,21.96,22.59,22.96,17.13,0.32,16.14,17.76,16.93,17.18,17.34
2026-09-10 00:00:00+00:00,Albergaria-a-Velha,0102,25.30,0.51,24.27,26.00,24.94,25.41,25.74,18.75,0.04,18.67,18.86,18.72,18.74,18.77,13.02,0.59,11.92,14.03,12.51,13.02,13.49
2026-09-11 00:00:00+00:00,Albergaria-a-Velha,0102,27.02,1.16,24.99,28.87,26.08,27.08,28.04,20.36,0.56,19.47,21.39,19.87,20.34,20.85,14.18,0.32,13.54,14.74,13.94,14.17,14.43
2026-09-12 00:00:00+00:00,Albergaria-a-Velha,0102,31.12,0.82,29.50,32.28,30.53,31.29,31.84,23.05,0.62,22.02,24.20,22.52,23.04,23.58,15.87,0.09,15.63,16.11,15.80,15.86,15.94
2026-09-13 00:00:00+00:00,Albergaria-a-Velha,0102,33.56,0.45,32.57,34.14,33.28,33.68,33.93,24.39,0.43,23.65,25.29,24.07,24.40,24.71,16.06,0.13,15.67,16.43,16.02,16.07,16.13
2026-09-14 00:00:00+00:00,Albergaria-a-Velha,0102,32.08,0.69,30.70,33.07,31.59,32.21,32.68,23.05,0.62,22.07,24.31,22.53,22.99,23.57,15.60,0.22,15.23,16.13,15.46,15.53,15.69
2026-09-15 00:00:00+00:00,Albergaria-a-Velha,0102,24.70,0.88,23.24,26.36,23.97,24.68,25.45,19.68,0.11,19.44,19.84,19.59,19.71,19.79,16.69,0.82,14.81,17.88,16.03,16.78,17.42
2026-09-16 00:00:00+00:00,Albergaria-a-Velha,0102,24.62,0.98,22.87,26.32,23.84,24.69,25.47,19.14,0.14,18.88,19.39,19.04,19.15,19.24,15.03,0.63,13.95,16.13,14.48,15.03,15.56
2026-09-17 00:00:00+00:00,Albergaria-a-Velha,0102,24.83,0.35,24.02,25.36,24.64,24.97,25.10,18.84,0.07,18.69,19.07,18.80,18.83,18.87,13.56,0.65,12.52,14.74,12.99,13.51,14.10
2026-09-18 00:00:00+00:00,Albergaria-a-Velha,0102,25.91,0.81,24.29,27.09,25.32,26.06,26.62,18.52,0.30,18.08,19.13,18.27,18.49,18.76,11.53,0.49,10.87,12.54,11.11,11.42,11.86
2026-09-19 00:00:00+00:00,Albergaria-a-Velha,0102,30.39,0.50,29.24,31.06,30.11,30.57,30.77,21.06,0.41,20.34,21.88,20.73,21.05,21.40,12.73,0.10,12.51,12.95,12.66,12.70,12.79
2026-09-20 00:00:00+00:00,Albergaria-a-Velha,0102,33.63,0.26,32.97,34.20,33.49,33.67,33.77,23.37,0.14,23.07,23.66,23.29,23.37,23.47,15.29,0.18,14.85,15.64,15.19,15.28,15.39
2026-09-21 00:00:00+00:00,Albergaria-a-Velha,0102,34.51,0.26,33.89,35.09,34.37,34.54,34.65,24.19,0.30,23.69,24.86,23.97,24.17,24.41,16.59,0.32,15.93,17.19,16.37,16.55,16.84
2026-09-22 00:00:00+00:00,Albergaria-a-Velha,0102,32.47,1.11,30.25,34.01,31.67,32.70,33.45,22.95,0.94,21.43,24.71,22.17,22.89,23.73,14.92,0.18,14.49,15.33,14.81,14.87,15.03
2026-09-23 00:00:00+00:00,Albergaria-a-Velha,0102,28.31,2.35,24.09,32.30,26.44,28.42,30.32,20.34,1.56,17.90,23.26,18.99,20.24,21.62,14.18,0.25,13.63,14.79,14.01,14.15,14.31
2026-09-24 00:00:00+00:00,Albergaria-a-Velha,0102,24.38,2.00,21.21,28.56,22.72,24.26,26.03,18.17,0.66,17.17,19.52,17.62,18.12,18.74,13.60,0.15,13.16,14.01,13.52,13.59,13.70
2026-09-25 00:00:00+00:00,Albergaria-a-Velha,0102,23.47,1.14,21.67,25.84,22.50,23.38,24.41,17.92,0.17,17.65,18.23,17.79,17.92,18.06,13.49,0.37,12.65,14.05,13.21,13.53,13.80
2026-09-26 00:00:00+00:00,Albergaria-a-Velha,0102,25.42,1.22,23.37,27.73,24.41,25.41,26.45,18.40,0.35,17.82,19.02,18.10,18.40,18.71,12.77,0.29,12.13,13.26,12.56,12.78,12.99
2026-09-27 00:00:00+00:00,Albergaria-a-Velha,0102,25.35,0.46,24.51,26.13,25.01,25.40,25.72,19.29,0.12,19.06,19.50,19.20,19.31,19.39,15.61,0.20,15.14,15.91,15.46,15.64,15.76
2026-09-28 00:00:00+00:00,Albergaria-a-Velha,0102,24.43,0.35,23.62,25.01,24.18,24.48,24.71,19.25,0.32,18.60,19.72,18.98,19.27,19.56,14.49,0.57,13.51,15.51,14.00,14.47,14.95
2026-09-29 00:00:00+00:00,Albergaria-a-Velha,0102,26.90,0.72,25.44,27.83,26.31,26.97,27.60,22.08,0.30,21.44,22.56,21.84,22.10,22.35,17.00,0.13,16.74,17.21,16.90,17.01,17.12
2026-09-10 00:00:00+00:00,Anadia,0103,28.68,0.29,27.62,28.90,28.63,28.81,28.88,18.93,0.04,18.81,19.08,18.91,18.92,18.95,11.46,0.04,11.34,11.60,11.42,11.46,11.49
2026-09-11 00:00:00+00:00,Anadia,0103,30.53,0.32,29.30,30.88,30.52,30.67,30.70,20.72,0.10,20.43,21.04,20.70,20.71,20.75,12.87,0.06,12.80,13.03,12.82,12.85,12.90
2026-09-12 00:00:00+00:00,Anadia,0103,35.76,0.30,34.71,36.00,35.67,35.88,35.97,23.93,0.14,23.49,24.29,23.90,23.91,23.97,14.75,0.10,14.37,15.13,14.71,14.73,14.78
2026-09-13 00:00:00+00:00,Anadia,0103,37.27,0.14,36.76,37.40,37.20,37.32,37.38,25.41,0.12,24.94,25.70,25.40,25.41,25.46,15.63,0.13,15.33,16.10,15.54,15.60,15.69
2026-09-14 00:00:00+00:00,Anadia,0103,34.84,0.21,34.16,35.05,34.81,34.93,34.97,23.38,0.17,22.87,23.78,23.30,23.45,23.48,14.29,0.48,13.06,15.00,13.94,14.36,14.69
2026-09-15 00:00:00+00:00,Anadia,0103,26.01,0.33,24.73,26.30,25.98,26.14,26.20,20.29,0.30,19.49,20.70,20.10,20.35,20.53,16.83,0.55,14.92,17.40,16.76,17.00,17.18
2026-09-16 00:00:00+00:00,Anadia,0103,26.94,0.43,25.75,27.59,26.72,27.11,27.25,19.65,0.22,19.01,20.01,19.52,19.74,19.82,14.08,0.41,12.51,14.60,13.88,14.20,14.34
2026-09-17 00:00:00+00:00,Anadia,0103,27.83,0.32,27.10,28.30,27.59,27.87,28.09,20.23,0.32,19.42,20.70,19.99,20.26,20.49,12.70,0.36,11.59,13.20,12.50,12.74,12.97
2026-09-18 00:00:00+00:00,Anadia,0103,29.26,0.35,28.26,29.70,29.13,29.36,29.52,18.55,0.18,17.94,18.84,18.46,18.62,18.67,9.83,0.40,8.71,10.40,9.57,9.89,10.15
2026-09-19 00:00:00+00:00,Anadia,0103,34.15,0.39,33.04,34.70,33.88,34.21,34.47,21.77,0.17,21.17,22.14,21.70,21.84,21.88,12.11,0.40,10.78,13.01,11.94,12.26,12.37
2026-09-20 00:00:00+00:00,Anadia,0103,35.58,0.13,35.13,35.94,35.53,35.60,35.65,24.16,0.10,23.83,24.64,24.12,24.18,24.20,14.39,0.34,12.84,15.40,14.23,14.50,14.60
2026-09-21 00:00:00+00:00,Anadia,0103,36.80,0.29,35.89,37.20,36.58,36.86,37.04,24.92,0.23,24.17,25.20,24.79,25.00,25.10,16.10,0.51,14.61,16.80,15.79,16.18,16.50
2026-09-22 00:00:00+00:00,Anadia,0103,36.76,0.36,35.63,37.20,36.65,36.85,37.01,23.68,0.20,23.13,23.91,23.59,23.76,23.82,13.34,0.55,11.61,14.10,13.00,13.42,13.78
2026-09-23 00:00:00+00:00,Anadia,0103,33.48,0.64,31.41,34.19,33.42,33.76,33.85,20.61,0.29,20.00,21.51,20.46,20.60,20.70,12.48,0.42,10.88,13.00,12.30,12.62,12.77
2026-09-24 00:00:00+00:00,Anadia,0103,31.14,0.71,28.44,31.60,31.14,31.45,31.55,19.38,0.16,18.79,19.71,19.36,19.40,19.44,11.87,0.35,10.36,12.30,11.70,11.95,12.12
2026-09-25 00:00:00+00:00,Anadia,0103,26.66,0.28,25.57,26.97,26.66,26.79,26.80,18.66,0.10,18.27,18.78,18.66,18.70,18.71,13.09,0.10,12.63,13.26,13.10,13.10,13.12
2026-09-26 00:00:00+00:00,Anadia,0103,29.60,0.24,28.68,29.97,29.58,29.69,29.71,19.40,0.10,19.01,19.61,19.38,19.40,19.44,11.48,0.07,11.40,11.77,11.42,11.46,11.51
2026-09-27 00:00:00+00:00,Anadia,0103,28.07,0.19,27.37,28.22,28.06,28.16,28.19,19.99,0.05,19.82,20.10,19.99,20.00,20.02,15.46,0.10,15.04,15.53,15.47,15.50,15.50
2026-09-28 00:00:00+00:00,Anadia,0103,26.45,0.35,25.60,27.00,26.16,26.49,26.75,19.53,0.18,19.19,19.80,19.39,19.55,19.67,13.46,0.37,12.37,14.00,13.19,13.51,13.76
2026-09-29 00:00:00+00:00,Anadia,0103,28.52,0.27,27.78,28.90,28.34,28.56,28.73,23.76,0.31,23.03,24.20,23.51,23.82,24.01,17.69,0.27,17.02,18.10,17.48,17.71,17.90
2026-09-10 00:00:00+00:00,Arouca,0104,27.27,0.29,26.24,27.60,27.10,27.35,27.52,18.39,0.09,17.85,18.54,18.39,18.40,18.42,11.17,0.17,10.56,11.77,11.10,11.12,11.19
2026-09-11 00:00:00+00:00,Arouca,0104,30.31,0.16,29.74,30.50,30.21,30.34,30.45,20.52,0.24,20.30,21.52,20.35,20.45,20.59,12.21,0.30,11.90,13.34,11.97,12.12,12.35
2026-09-12 00:00:00+00:00,Arouca,0104,33.63,0.48,31.67,34.10,33.43,33.77,33.99,22.87,0.25,22.60,23.92,22.67,22.82,22.97,14.10,0.46,13.60,15.88,13.71,13.96,14.39
2026-09-13 00:00:00+00:00,Arouca,0104,34.86,0.33,33.53,35.20,34.70,34.95,35.12,22.64,0.50,22.10,24.62,22.23,22.51,22.89,13.09,0.77,12.30,16.01,12.47,12.84,13.48
2026-09-14 00:00:00+00:00,Arouca,0104,34.00,0.26,33.09,34.30,33.83,34.06,34.22,22.22,0.55,21.70,24.40,21.82,22.04,22.35,13.76,0.68,13.10,16.39,13.24,13.54,14.07
2026-09-15 00:00:00+00:00,Arouca,0104,28.25,0.22,27.43,28.50,28.15,28.30,28.42,18.70,0.32,18.40,19.82,18.46,18.59,18.79,11.68,0.55,11.10,13.48,11.22,11.52,11.99
2026-09-16 00:00:00+00:00,Arouca,0104,28.14,0.44,26.52,28.60,27.92,28.27,28.49,19.27,0.10,18.73,19.45,19.26,19.30,19.30,13.32,0.10,12.94,13.67,13.29,13.31,13.33
2026-09-17 00:00:00+00:00,Arouca,0104,26.54,0.55,24.57,27.10,26.29,26.70,26.97,19.55,0.48,17.72,20.00,19.42,19.71,19.90,12.45,0.32,11.16,12.70,12.40,12.59,12.66
2026-09-18 00:00:00+00:00,Arouca,0104,28.67,0.51,26.77,29.20,28.41,28.81,29.08,18.17,0.17,17.96,18.86,18.05,18.14,18.23,9.87,0.33,9.50,10.92,9.58,9.78,10.09
2026-09-19 00:00:00+00:00,Arouca,0104,31.78,0.39,30.36,32.20,31.57,31.88,32.10,20.22,0.36,19.80,21.55,19.91,20.14,20.44,11.33,0.58,10.70,13.37,10.83,11.17,11.70
2026-09-20 00:00:00+00:00,Arouca,0104,34.06,0.56,32.01,34.60,33.89,34.23,34.48,22.37,0.25,22.10,23.41,22.16,22.30,22.52,13.00,0.71,12.30,15.85,12.44,12.77,13.33
2026-09-21 00:00:00+00:00,Arouca,0104,34.90,0.52,32.98,35.40,34.75,35.06,35.29,22.51,0.46,22.00,24.27,22.13,22.41,22.76,13.57,0.73,12.80,16.17,12.95,13.35,13.98
2026-09-22 00:00:00+00:00,Arouca,0104,35.48,0.40,33.96,35.90,35.28,35.59,35.80,22.69,0.56,22.10,24.83,22.25,22.55,22.95,12.87,0.88,12.00,16.15,12.18,12.59,13.28
2026-09-23 00:00:00+00:00,Arouca,0104,35.09,0.35,33.88,35.50,34.87,35.17,35.38,22.03,0.60,21.50,24.40,21.62,21.81,22.23,13.11,0.78,12.40,16.23,12.55,12.85,13.33
2026-09-24 00:00:00+00:00,Arouca,0104,32.72,0.38,31.12,33.10,32.55,32.83,33.01,20.38,0.21,19.95,21.42,20.30,20.31,20.42,12.20,0.77,11.50,15.01,11.64,11.95,12.41
2026-09-25 00:00:00+00:00,Arouca,0104,28.20,0.22,27.26,28.40,28.15,28.26,28.36,18.41,0.08,18.23,18.81,18.38,18.40,18.42,11.76,0.15,11.60,12.27,11.63,11.71,11.85
2026-09-26 00:00:00+00:00,Arouca,0104,29.18,0.09,28.89,29.55,29.16,29.20,29.20,18.98,0.20,18.80,19.91,18.83,18.90,19.05,10.92,0.33,10.60,12.28,10.66,10.82,11.08
2026-09-27 00:00:00+00:00,Arouca,0104,26.70,0.10,26.33,26.80,26.66,26.74,26.78,19.20,0.11,19.10,19.68,19.12,19.16,19.25,14.39,0.19,14.20,15.07,14.24,14.33,14.50
2026-09-28 00:00:00+00:00,Arouca,0104,25.00,0.46,23.49,25.50,24.78,25.11,25.38,18.21,0.13,17.67,18.32,18.18,18.27,18.29,12.73,0.13,12.60,13.24,12.63,12.69,12.78
2026-09-29 00:00:00+00:00,Arouca,0104,26.67,0.73,24.11,27.40,26.36,26.89,27.23,21.78,0.57,19.61,22.30,21.60,21.98,22.20,17.13,0.38,15.60,17.50,16.93,17.25,17.43
2026-09-10 00:00:00+00:00,Aveiro,0105,24.31,0.41,24.00,25.81,24.05,24.14,24.31,18.70,0.01,18.65,18.77,18.70,18.70,18.70,14.00,0.38,12.53,14.30,13.99,14.14,14.24
2026-09-11 00:00:00+00:00,Aveiro,0105,24.96,0.57,24.50,27.00,24.58,24.73,24.99,19.43,0.15,19.30,19.93,19.32,19.37,19.45,14.72,0.24,13.81,14.90,14.72,14.81,14.86
2026-09-12 00:00:00+00:00,Aveiro,0105,29.52,0.67,29.00,32.02,29.10,29.27,29.54,21.98,0.21,21.80,22.69,21.83,21.89,22.00,15.93,0.22,15.01,16.10,15.93,16.02,16.07
2026-09-13 00:00:00+00:00,Aveiro,0105,32.64,0.56,32.20,34.78,32.28,32.42,32.62,23.63,0.17,23.50,24.22,23.52,23.56,23.65,16.02,0.12,15.39,16.10,16.01,16.06,16.08
2026-09-14 00:00:00+00:00,Aveiro,0105,30.72,0.53,30.30,32.58,30.37,30.50,30.74,22.05,0.18,21.90,22.67,21.93,21.97,22.07,16.08,0.39,14.68,16.40,16.06,16.22,16.33
2026-09-15 00:00:00+00:00,Aveiro,0105,23.20,0.36,22.90,24.39,22.96,23.05,23.24,19.82,0.04,19.79,19.98,19.80,19.80,19.82,17.93,0.19,17.33,18.10,17.89,18.00,18.06
2026-09-16 00:00:00+00:00,Aveiro,0105,22.83,0.52,22.40,24.57,22.48,22.62,22.87,18.87,0.09,18.80,19.18,18.81,18.84,18.88,16.16,0.30,15.15,16.40,16.13,16.27,16.35
2026-09-17 00:00:00+00:00,Aveiro,0105,24.06,0.47,23.70,25.75,23.76,23.88,24.07,18.77,0.11,18.70,19.20,18.71,18.72,18.77,14.71,0.45,13.11,15.10,14.68,14.88,15.02
2026-09-18 00:00:00+00:00,Aveiro,0105,24.30,0.63,23.80,26.56,23.89,24.05,24.33,18.06,0.07,18.00,18.31,18.01,18.03,18.07,12.51,0.48,10.79,12.90,12.49,12.69,12.82
2026-09-19 00:00:00+00:00,Aveiro,0105,29.31,0.65,28.80,31.70,28.90,29.05,29.32,20.34,0.18,20.20,20.95,20.22,20.27,20.36,12.91,0.23,12.00,13.10,12.90,12.99,13.06
2026-09-20 00:00:00+00:00,Aveiro,0105,33.72,0.29,33.50,34.82,33.54,33.61,33.72,23.10,0.14,23.00,23.60,23.02,23.05,23.11,15.61,0.23,14.78,15.80,15.60,15.69,15.76
2026-09-21 00:00:00+00:00,Aveiro,0105,34.59,0.27,34.40,35.61,34.43,34.49,34.60,23.70,0.13,23.60,24.16,23.61,23.64,23.70,17.17,0.26,16.23,17.40,17.15,17.26,17.35
2026-09-22 00:00:00+00:00,Aveiro,0105,30.26,0.94,29.50,33.56,29.65,29.90,30.30,21.38,0.34,21.10,22.47,21.15,21.25,21.43,15.27,0.40,13.81,15.60,15.26,15.42,15.53
2026-09-23 00:00:00+00:00,Aveiro,0105,24.02,1.25,23.00,28.29,23.20,23.52,24.13,17.80,0.46,17.40,19.21,17.48,17.62,17.89,14.14,0.21,13.35,14.30,14.14,14.23,14.27
2026-09-24 00:00:00+00:00,Aveiro,0105,21.25,0.87,20.60,24.51,20.71,20.89,21.24,17.16,0.21,17.00,17.90,17.03,17.07,17.17,13.71,0.25,12.76,13.90,13.70,13.81,13.86
2026-09-25 00:00:00+00:00,Aveiro,0105,21.67,0.49,21.30,23.49,21.36,21.48,21.68,17.65,0.07,17.60,17.91,17.61,17.62,17.65,14.03,0.21,13.16,14.20,14.02,14.10,14.16
2026-09-26 00:00:00+00:00,Aveiro,0105,23.42,0.67,22.90,25.97,23.00,23.16,23.42,17.82,0.15,17.70,18.35,17.72,17.75,17.82,13.22,0.24,12.26,13.40,13.22,13.31,13.36
2026-09-27 00:00:00+00:00,Aveiro,0105,24.55,0.34,24.30,25.87,24.34,24.41,24.54,19.07,0.09,19.00,19.41,19.01,19.03,19.07,15.89,0.13,15.33,16.00,15.89,15.94,15.98
2026-09-28 00:00:00+00:00,Aveiro,0105,24.74,0.20,24.60,25.54,24.63,24.65,24.75,19.73,0.07,19.50,19.80,19.71,19.75,19.78,15.49,0.38,14.15,15.80,15.47,15.63,15.74
2026-09-29 00:00:00+00:00,Aveiro,0105,27.89,0.05,27.77,28.11,27.87,27.89,27.90,22.38,0.13,22.29,22.88,22.31,22.32,22.38,17.13,0.05,17.08,17.34,17.10,17.11,17.14
2026-09-10 00:00:00+00:00,Castelo de Paiva,0106,26.95,0.35,26.30,27.54,26.65,26.93,27.26,18.48,0.07,18.40,18.69,18.43,18.47,18.51,11.89,0.54,11.14,13.23,11.42,11.89,12.34
2026-09-11 00:00:00+00:00,Castelo de Paiva,0106,30.16,0.18,29.83,30.46,29.99,30.14,30.31,20.55,0.12,20.33,20.76,20.44,20.57,20.65,12.47,0.31,11.95,13.06,12.19,12.49,12.74
2026-09-12 00:00:00+00:00,Castelo de Paiva,0106,33.24,0.49,32.19,34.02,32.84,33.21,33.67,23.26,0.39,22.65,24.13,22.91,23.27,23.59,14.88,0.78,13.70,16.60,14.19,14.92,15.54
2026-09-13 00:00:00+00:00,Castelo de Paiva,0106,34.59,0.33,33.94,35.14,34.30,34.56,34.88,23.03,0.51,22.19,24.05,22.58,23.07,23.48,13.94,0.93,12.44,15.78,13.11,14.00,14.75
2026-09-14 00:00:00+00:00,Castelo de Paiva,0106,33.48,0.47,32.57,34.23,33.08,33.48,33.89,22.24,0.26,21.77,22.71,22.01,22.28,22.45,14.28,0.66,13.21,15.58,13.70,14.33,14.86
2026-09-15 00:00:00+00:00,Castelo de Paiva,0106,27.58,0.55,26.45,28.43,27.12,27.59,28.05,18.74,0.16,18.44,19.00,18.60,18.78,18.89,12.25,0.62,11.21,13.30,11.70,12.29,12.79
2026-09-16 00:00:00+00:00,Castelo de Paiva,0106,27.87,0.38,27.17,28.52,27.54,27.85,28.20,19.44,0.10,19.30,19.66,19.35,19.43,19.52,13.49,0.12,13.31,13.83,13.38,13.49,13.58
2026-09-17 00:00:00+00:00,Castelo de Paiva,0106,26.22,0.47,25.33,27.01,25.81,26.18,26.63,19.43,0.29,18.93,19.93,19.17,19.39,19.69,12.56,0.06,12.43,12.67,12.51,12.54,12.60
2026-09-18 00:00:00+00:00,Castelo de Paiva,0106,28.25,0.52,27.20,29.11,27.79,28.22,28.71,18.48,0.30,18.04,19.18,18.22,18.49,18.74,10.73,0.77,9.58,12.52,10.04,10.74,11.37
2026-09-19 00:00:00+00:00,Castelo de Paiva,0106,31.34,0.50,30.28,32.12,30.92,31.31,31.78,20.84,0.63,19.88,22.27,20.28,20.87,21.36,12.50,1.10,10.83,14.91,11.52,12.53,13.43
2026-09-20 00:00:00+00:00,Castelo de Paiva,0106,33.71,0.51,32.59,34.51,33.35,33.73,34.16,22.81,0.42,22.15,23.68,22.43,22.82,23.17,13.61,0.74,12.42,15.06,12.96,13.66,14.25
2026-09-21 00:00:00+00:00,Castelo de Paiva,0106,34.65,0.41,33.79,35.32,34.33,34.62,35.01,23.02,0.58,22.09,24.26,22.50,23.05,23.52,14.62,1.07,12.95,16.88,13.66,14.66,15.54
2026-09-22 00:00:00+00:00,Castelo de Paiva,0106,35.18,0.39,34.38,35.83,34.85,35.16,35.52,23.22,0.65,22.20,24.68,22.64,23.25,23.73,13.75,1.02,12.15,15.93,12.84,13.81,14.61
2026-09-23 00:00:00+00:00,Castelo de Paiva,0106,34.52,0.54,33.35,35.41,34.04,34.48,34.99,22.12,0.37,21.57,22.99,21.82,22.06,22.37,13.59,0.69,12.51,15.11,12.98,13.58,14.07
2026-09-24 00:00:00+00:00,Castelo de Paiva,0106,31.96,0.66,30.50,33.02,31.39,31.92,32.54,20.30,0.11,19.97,20.51,20.27,20.30,20.36,12.59,0.61,11.60,13.84,12.05,12.62,13.06
2026-09-25 00:00:00+00:00,Castelo de Paiva,0106,27.60,0.48,26.72,28.35,27.21,27.60,28.02,18.22,0.12,17.95,18.39,18.12,18.23,18.33,12.13,0.34,11.64,12.93,11.83,12.13,12.38
2026-09-26 00:00:00+00:00,Castelo de Paiva,0106,28.96,0.16,28.56,29.19,28.82,28.96,29.10,19.18,0.23,18.83,19.68,18.97,19.19,19.37,11.39,0.46,10.66,12.31,10.97,11.41,11.79
2026-09-27 00:00:00+00:00,Castelo de Paiva,0106,26.35,0.28,25.74,26.77,26.09,26.35,26.60,19.31,0.12,19.12,19.55,19.20,19.31,19.41,14.81,0.37,14.24,15.60,14.47,14.81,15.13
2026-09-28 00:00:00+00:00,Castelo de Paiva,0106,24.69,0.43,23.94,25.42,24.31,24.65,25.07,18.21,0.05,18.11,18.29,18.17,18.22,18.26,13.09,0.29,12.63,13.67,12.83,13.09,13.33
2026-09-29 00:00:00+00:00,Castelo de Paiva,0106,26.09,0.74,24.59,27.28,25.46,26.02,26.75,21.39,0.51,20.37,22.22,20.95,21.34,21.85,16.53,0.58,15.27,17.43,16.03,16.51,17.06
2026-09-10 00:00:00+00:00,Espinho,0107,25.39,0.07,25.25,25.49,25.33,25.38,25.44,18.61,0.01,18.59,18.64,18.60,18.61,18.62,13.19,0.10,13.02,13.37,13.11,13.18,13.27
2026-09-11 00:00:00+00:00,Espinho,0107,28.59,0.04,28.52,28.67,28.54,28.58,28.62,20.84,0.03,20.78,20.90,20.82,20.84,20.86,13.79,0.05,13.71,13.90,13.75,13.79,13.83
2026-09-12 00:00:00+00:00,Espinho,0107,32.75,0.06,32.62,32.85,32.70,32.76,32.80,24.29,0.11,24.09,24.47,24.20,24.30,24.37,16.66,0.12,16.48,16.89,16.55,16.65,16.76
2026-09-13 00:00:00+00:00,Espinho,0107,33.56,0.06,33.44,33.65,33.51,33.56,33.61,24.73,0.10,24.56,24.90,24.65,24.72,24.81,17.68,0.26,17.28,18.15,17.45,17.65,17.88
2026-09-14 00:00:00+00:00,Espinho,0107,31.00,0.17,30.74,31.35,30.87,30.96,31.08,22.57,0.03,22.53,22.61,22.53,22.57,22.59,16.39,0.14,16.16,16.65,16.26,16.41,16.51
2026-09-15 00:00:00+00:00,Espinho,0107,25.02,0.13,24.80,25.30,24.92,25.01,25.10,19.52,0.02,19.48,19.56,19.51,19.52,19.53,15.78,0.12,15.58,16.01,15.68,15.77,15.87
2026-09-16 00:00:00+00:00,Espinho,0107,26.92,0.08,26.78,27.05,26.85,26.93,26.99,20.08,0.07,19.94,20.19,20.02,20.06,20.14,15.03,0.08,14.87,15.17,14.96,15.05,15.10
2026-09-17 00:00:00+00:00,Espinho,0107,25.27,0.04,25.23,25.37,25.25,25.26,25.28,18.97,0.03,18.92,19.02,18.96,18.98,18.98,12.86,0.04,12.78,12.92,12.84,12.87,12.89
2026-09-18 00:00:00+00:00,Espinho,0107,26.98,0.05,26.87,27.07,26.95,26.98,27.01,19.36,0.09,19.22,19.50,19.29,19.33,19.44,12.60,0.15,12.29,12.84,12.49,12.61,12.73
2026-09-19 00:00:00+00:00,Espinho,0107,30.58,0.07,30.52,30.74,30.54,30.55,30.58,22.23,0.14,22.05,22.46,22.13,22.20,22.36,15.72,0.32,15.15,16.23,15.44,15.78,15.99
2026-09-20 00:00:00+00:00,Espinho,0107,34.31,0.09,34.15,34.45,34.24,34.30,34.37,24.61,0.15,24.35,24.86,24.48,24.61,24.73,16.34,0.21,15.97,16.69,16.17,16.36,16.52
2026-09-21 00:00:00+00:00,Espinho,0107,34.68,0.05,34.58,34.74,34.67,34.70,34.72,24.96,0.15,24.74,25.22,24.84,24.91,25.10,18.15,0.27,17.70,18.61,17.94,18.17,18.39
2026-09-22 00:00:00+00:00,Espinho,0107,34.43,0.07,34.28,34.55,34.38,34.43,34.48,24.12,0.11,23.97,24.29,24.02,24.08,24.23,15.94,0.21,15.61,16.26,15.73,16.00,16.10
2026-09-23 00:00:00+00:00,Espinho,0107,29.14,0.26,28.69,29.61,28.95,29.11,29.29,20.39,0.10,20.23,20.60,20.31,20.37,20.45,13.75,0.03,13.68,13.79,13.73,13.76,13.77
2026-09-24 00:00:00+00:00,Espinho,0107,25.27,0.31,24.65,25.78,25.01,25.24,25.56,18.35,0.09,18.16,18.50,18.27,18.34,18.44,13.39,0.06,13.28,13.47,13.34,13.41,13.43
2026-09-25 00:00:00+00:00,Espinho,0107,24.23,0.16,23.93,24.49,24.11,24.22,24.38,17.76,0.03,17.71,17.82,17.74,17.76,17.79,12.89,0.03,12.84,12.96,12.87,12.89,12.91
2026-09-26 00:00:00+00:00,Espinho,0107,28.22,0.07,28.07,28.32,28.18,28.22,28.27,19.45,0.05,19.36,19.51,19.42,19.45,19.48,13.12,0.10,12.95,13.30,13.04,13.11,13.20
2026-09-27 00:00:00+00:00,Espinho,0107,25.33,0.06,25.22,25.42,25.28,25.33,25.38,19.66,0.02,19.61,19.70,19.64,19.66,19.68,16.11,0.09,15.96,16.27,16.04,16.10,16.18
2026-09-28 00:00:00+00:00,Espinho,0107,23.21,0.11,23.02,23.40,23.12,23.21,23.31,18.91,0.04,18.83,18.97,18.87,18.91,18.94,15.18,0.15,14.90,15.43,15.09,15.17,15.30
2026-09-29 00:00:00+00:00,Espinho,0107,25.31,0.11,25.19,25.52,25.22,25.25,25.39,20.89,0.09,20.78,21.08,20.82,20.89,20.96,15.95,0.09,15.84,16.12,15.88,15.92,16.04
2026-09-10 00:00:00+00:00,Estarreja,0108,24.92,0.29,24.36,25.64,24.69,24.93,25.13,18.68,0.02,18.63,18.72,18.66,18.68,18.69,13.33,0.32,12.55,13.94,13.11,13.30,13.59
2026-09-11 00:00:00+00:00,Estarreja,0108,26.38,0.66,25.15,27.99,25.87,26.41,26.84,20.00,0.24,19.53,20.54,19.80,20.00,20.17,14.28,0.23,13.70,14.69,14.12,14.28,14.48
2026-09-12 00:00:00+00:00,Estarreja,0108,30.64,0.52,29.65,31.85,30.22,30.67,31.01,22.66,0.29,22.11,23.29,22.43,22.68,22.88,15.84,0.07,15.66,15.97,15.80,15.84,15.90
2026-09-13 00:00:00+00:00,Estarreja,0108,33.22,0.27,32.67,33.79,33.00,33.25,33.42,23.98,0.13,23.70,24.28,23.88,23.99,24.08,15.93,0.09,15.69,16.06,15.87,15.93,16.02
2026-09-14 00:00:00+00:00,Estarreja,0108,31.52,0.33,30.82,32.24,31.28,31.52,31.78,22.52,0.18,22.14,22.96,22.40,22.51,22.66,15.66,0.18,15.19,16.03,15.53,15.65,15.80
2026-09-15 00:00:00+00:00,Estarreja,0108,24.21,0.46,23.36,25.44,23.83,24.19,24.52,19.68,0.07,19.45,19.78,19.64,19.69,19.73,16.96,0.49,15.52,17.74,16.65,17.00,17.36
2026-09-16 00:00:00+00:00,Estarreja,0108,24.15,0.61,23.03,25.70,23.67,24.16,24.54,19.08,0.11,18.90,19.35,18.99,19.08,19.16,15.40,0.32,14.66,16.03,15.18,15.41,15.67
2026-09-17 00:00:00+00:00,Estarreja,0108,24.63,0.25,24.11,25.19,24.43,24.64,24.80,18.85,0.05,18.76,18.98,18.81,18.84,18.88,13.91,0.35,13.09,14.60,13.66,13.88,14.17
2026-09-18 00:00:00+00:00,Estarreja,0108,25.42,0.49,24.45,26.60,25.03,25.44,25.77,18.35,0.13,18.11,18.63,18.25,18.36,18.44,11.89,0.26,11.28,12.44,11.69,11.88,12.09
2026-09-19 00:00:00+00:00,Estarreja,0108,30.03,0.30,29.36,30.66,29.81,30.06,30.25,20.76,0.18,20.40,21.10,20.62,20.78,20.89,12.84,0.08,12.63,13.01,12.77,12.85,12.90
2026-09-20 00:00:00+00:00,Estarreja,0108,33.77,0.04,33.68,33.87,33.73,33.76,33.79,23.25,0.07,23.10,23.37,23.20,23.27,23.31,15.26,0.18,14.68,15.55,15.19,15.30,15.39
2026-09-21 00:00:00+00:00,Estarreja,0108,34.60,0.03,34.54,34.66,34.58,34.60,34.61,23.93,0.09,23.72,24.09,23.86,23.95,24.01,16.73,0.21,16.07,17.09,16.61,16.76,16.88
2026-09-22 00:00:00+00:00,Estarreja,0108,31.84,0.68,30.47,33.42,31.33,31.92,32.32,22.34,0.40,21.54,23.17,22.01,22.35,22.62,14.91,0.17,14.44,15.24,14.81,14.91,15.03
2026-09-23 00:00:00+00:00,Estarreja,0108,26.83,1.22,24.45,29.87,25.85,26.82,27.67,19.32,0.64,18.09,20.80,18.81,19.30,19.79,14.01,0.08,13.79,14.16,13.97,14.01,14.07
2026-09-24 00:00:00+00:00,Estarreja,0108,23.38,1.14,21.47,26.50,22.45,23.36,24.09,17.83,0.35,17.25,18.80,17.54,17.82,18.04,13.51,0.12,13.15,13.71,13.45,13.51,13.60
2026-09-25 00:00:00+00:00,Estarreja,0108,22.89,0.65,21.81,24.68,22.36,22.88,23.30,17.80,0.07,17.67,17.99,17.74,17.79,17.85,13.58,0.25,12.91,13.99,13.40,13.59,13.78
2026-09-26 00:00:00+00:00,Estarreja,0108,24.88,0.76,23.57,26.83,24.27,24.87,25.43,18.23,0.21,17.87,18.77,18.05,18.23,18.38,12.90,0.18,12.42,13.21,12.78,12.90,13.04
2026-09-27 00:00:00+00:00,Estarreja,0108,25.02,0.24,24.57,25.62,24.83,25.02,25.18,19.21,0.07,19.08,19.35,19.15,19.21,19.26,15.69,0.11,15.39,15.88,15.61,15.69,15.78
2026-09-28 00:00:00+00:00,Estarreja,0108,24.55,0.08,24.30,24.70,24.50,24.56,24.63,19.38,0.16,18.94,19.66,19.27,19.39,19.51,14.84,0.29,14.12,15.41,14.64,14.83,15.06
2026-09-29 00:00:00+00:00,Estarreja,0108,27.23,0.28,26.48,27.72,27.03,27.23,27.47,22.14,0.11,21.83,22.34,22.08,22.15,22.24,16.98,0.07,16.80,17.12,16.94,16.99,17.04
2026-09-10 00:00:00+00:00,Santa Maria da Feira,0109,26.11,0.35,25.47,26.87,25.83,26.07,26.37,18.53,0.03,18.46,18.60,18.50,18.53,18.55,12.40,0.35,11.68,13.13,12.14,12.41,12.65
2026-09-11 00:00:00+00:00,Santa Maria da Feira,0109,29.25,0.39,28.41,30.01,28.92,29.27,29.58,20.72,0.06,20.58,20.87,20.68,20.72,20.77,13.18,0.30,12.52,13.70,12.96,13.21,13.44
2026-09-12 00:00:00+00:00,Santa Maria da Feira,0109,32.84,0.21,32.22,33.33,32.74,32.84,32.95,23.68,0.26,23.20,24.28,23.48,23.66,23.86,15.70,0.46,14.71,16.62,15.39,15.72,16.02
2026-09-13 00:00:00+00:00,Santa Maria da Feira,0109,34.03,0.22,33.61,34.56,33.87,34.00,34.17,23.93,0.37,23.08,24.66,23.67,23.98,24.18,15.73,0.85,14.01,17.52,15.13,15.74,16.33
2026-09-14 00:00:00+00:00,Santa Maria da Feira,0109,32.35,0.54,31.09,33.40,31.97,32.34,32.76,22.58,0.10,22.28,22.77,22.52,22.60,22.64,15.34,0.47,14.31,16.33,15.03,15.36,15.69
2026-09-15 00:00:00+00:00,Santa Maria da Feira,0109,26.32,0.58,25.17,27.51,25.83,26.25,26.77,19.22,0.17,18.82,19.50,19.09,19.25,19.36,14.16,0.80,12.47,15.57,13.54,14.23,14.84
2026-09-16 00:00:00+00:00,Santa Maria da Feira,0109,27.12,0.34,26.26,27.81,26.88,27.14,27.34,19.65,0.17,19.40,20.05,19.50,19.61,19.77,14.23,0.32,13.62,14.90,13.96,14.25,14.48
2026-09-17 00:00:00+00:00,Santa Maria da Feira,0109,25.60,0.23,25.27,26.20,25.40,25.55,25.74,19.08,0.11,18.93,19.41,18.99,19.05,19.13,12.60,0.09,12.44,12.81,12.53,12.58,12.67
2026-09-18 00:00:00+00:00,Santa Maria da Feira,0109,27.47,0.33,26.89,28.25,27.22,27.44,27.70,18.83,0.21,18.44,19.32,18.68,18.80,18.97,11.47,0.49,10.47,12.54,11.13,11.45,11.79
2026-09-19 00:00:00+00:00,Santa Maria da Feira,0109,30.94,0.19,30.56,31.42,30.80,30.89,31.05,21.42,0.36,20.69,22.22,21.17,21.39,21.67,13.80,0.81,12.23,15.66,13.17,13.76,14.38
2026-09-20 00:00:00+00:00,Santa Maria da Feira,0109,33.84,0.13,33.65,34.21,33.75,33.81,33.91,23.60,0.41,22.81,24.55,23.30,23.58,23.88,14.94,0.60,13.66,16.26,14.56,14.95,15.34
2026-09-21 00:00:00+00:00,Santa Maria da Feira,0109,34.54,0.06,34.43,34.73,34.50,34.54,34.58,23.96,0.43,23.02,24.84,23.67,23.97,24.25,16.25,0.83,14.54,18.04,15.70,16.27,16.84
2026-09-22 00:00:00+00:00,Santa Maria da Feira,0109,34.63,0.26,33.94,35.18,34.46,34.66,34.79,23.64,0.26,23.09,24.22,23.46,23.62,23.84,14.80,0.54,13.58,15.95,14.48,14.85,15.18
2026-09-23 00:00:00+00:00,Santa Maria da Feira,0109,31.80,1.16,29.47,34.09,30.81,31.76,32.76,21.38,0.37,20.51,21.92,21.05,21.44,21.74,13.76,0.13,13.38,14.06,13.70,13.77,13.84
2026-09-24 00:00:00+00:00,Santa Maria da Feira,0109,28.51,1.45,25.63,31.44,27.35,28.43,29.67,19.28,0.40,18.45,20.05,18.97,19.29,19.60,13.07,0.22,12.49,13.39,12.94,13.12,13.24
2026-09-25 00:00:00+00:00,Santa Maria da Feira,0109,25.87,0.76,24.41,27.42,25.26,25.82,26.45,18.02,0.12,17.78,18.25,17.94,18.02,18.11,12.48,0.21,12.03,12.84,12.33,12.50,12.66
2026-09-26 00:00:00+00:00,Santa Maria da Feira,0109,28.46,0.29,27.56,28.96,28.28,28.49,28.70,19.25,0.12,19.00,19.49,19.15,19.24,19.35,12.22,0.41,11.37,13.05,11.92,12.25,12.52
2026-09-27 00:00:00+00:00,Santa Maria da Feira,0109,25.86,0.25,25.37,26.39,25.67,25.85,26.05,19.46,0.09,19.28,19.65,19.40,19.46,19.52,15.38,0.32,14.73,16.05,15.14,15.39,15.61
2026-09-28 00:00:00+00:00,Santa Maria da Feira,0109,23.88,0.34,23.13,24.59,23.65,23.91,24.11,18.54,0.15,18.26,18.84,18.41,18.52,18.67,14.03,0.46,13.17,15.10,13.70,14.00,14.34
2026-09-29 00:00:00+00:00,Santa Maria da Feira,0109,25.68,0.28,25.14,26.30,25.45,25.69,25.90,21.14,0.20,20.77,21.59,20.97,21.14,21.29,16.31,0.25,15.81,16.85,16.10,16.33,16.52
2026-09-10 00:00:00+00:00,Ílhavo,0110,24.13,0.10,24.00,24.42,24.04,24.10,24.19,18.67,0.03,18.55,18.70,18.67,18.68,18.69,14.02,0.26,13.04,14.30,13.88,14.10,14.22
2026-09-11 00:00:00+00:00,Ílhavo,0110,24.70,0.15,24.50,25.14,24.57,24.65,24.79,19.34,0.03,19.30,19.42,19.32,19.33,19.36,14.75,0.14,14.24,14.90,14.67,14.79,14.86
2026-09-12 00:00:00+00:00,Ílhavo,0110,29.30,0.26,29.00,30.16,29.09,29.23,29.44,21.86,0.04,21.80,21.97,21.82,21.85,21.88,15.89,0.20,15.11,16.10,15.79,15.95,16.04
2026-09-13 00:00:00+00:00,Ílhavo,0110,32.52,0.29,32.20,33.57,32.29,32.44,32.69,23.52,0.02,23.47,23.61,23.51,23.52,23.52,15.93,0.18,15.23,16.10,15.88,15.99,16.06
2026-09-14 00:00:00+00:00,Ílhavo,0110,30.49,0.14,30.30,30.87,30.37,30.45,30.57,21.93,0.03,21.89,22.04,21.91,21.93,21.93,16.10,0.28,15.09,16.40,15.94,16.17,16.31
2026-09-15 00:00:00+00:00,Ílhavo,0110,23.02,0.09,22.90,23.24,22.94,23.00,23.07,19.82,0.02,19.80,19.89,19.81,19.81,19.83,18.04,0.04,17.93,18.10,18.02,18.05,18.08
2026-09-16 00:00:00+00:00,Ílhavo,0110,22.57,0.13,22.40,22.89,22.46,22.53,22.64,18.84,0.03,18.80,18.93,18.81,18.83,18.85,16.31,0.06,16.12,16.40,16.28,16.33,16.36
2026-09-17 00:00:00+00:00,Ílhavo,0110,23.89,0.15,23.70,24.37,23.76,23.84,23.98,18.71,0.02,18.67,18.77,18.70,18.71,18.71,14.76,0.31,13.65,15.10,14.58,14.85,15.00
2026-09-18 00:00:00+00:00,Ílhavo,0110,24.04,0.18,23.80,24.55,23.88,23.98,24.14,18.02,0.01,18.00,18.06,18.01,18.02,18.03,12.61,0.26,11.71,12.90,12.46,12.68,12.81
2026-09-19 00:00:00+00:00,Ílhavo,0110,29.11,0.26,28.80,29.97,28.90,29.04,29.26,20.23,0.03,20.20,20.35,20.22,20.23,20.24,12.87,0.22,12.03,13.10,12.76,12.92,13.03
2026-09-20 00:00:00+00:00,Ílhavo,0110,33.69,0.17,33.50,34.32,33.55,33.64,33.79,23.03,0.02,23.00,23.12,23.01,23.03,23.04,15.60,0.19,14.91,15.80,15.50,15.65,15.74
2026-09-21 00:00:00+00:00,Ílhavo,0110,34.54,0.13,34.40,34.99,34.44,34.51,34.61,23.61,0.02,23.54,23.69,23.60,23.61,23.61,17.17,0.21,16.39,17.40,17.05,17.23,17.33
2026-09-22 00:00:00+00:00,Ílhavo,0110,29.96,0.39,29.51,31.23,29.64,29.85,30.18,21.22,0.08,21.10,21.42,21.14,21.19,21.27,15.29,0.29,14.23,15.60,15.11,15.36,15.51
2026-09-23 00:00:00+00:00,Ílhavo,0110,23.45,0.33,23.01,24.30,23.16,23.35,23.65,17.56,0.12,17.40,17.84,17.46,17.53,17.63,14.21,0.07,14.00,14.30,14.17,14.23,14.27
2026-09-24 00:00:00+00:00,Ílhavo,0110,20.85,0.19,20.60,21.33,20.69,20.79,20.96,17.04,0.03,17.00,17.16,17.02,17.04,17.06,13.78,0.10,13.44,13.90,13.71,13.81,13.86
2026-09-25 00:00:00+00:00,Ílhavo,0110,21.46,0.13,21.30,21.82,21.35,21.42,21.54,17.59,0.02,17.52,17.63,17.59,17.60,17.60,14.00,0.19,13.26,14.20,13.91,14.06,14.15
2026-09-26 00:00:00+00:00,Ílhavo,0110,23.21,0.26,22.90,24.10,22.99,23.13,23.35,17.73,0.02,17.70,17.81,17.71,17.73,17.75,13.22,0.17,12.57,13.40,13.13,13.27,13.35
2026-09-27 00:00:00+00:00,Ílhavo,0110,24.43,0.11,24.30,24.77,24.34,24.40,24.50,19.03,0.02,19.00,19.10,19.01,19.02,19.04,15.87,0.13,15.37,16.00,15.81,15.90,15.96
2026-09-28 00:00:00+00:00,Ílhavo,0110,24.73,0.13,24.60,25.19,24.64,24.70,24.80,19.74,0.05,19.56,19.80,19.71,19.76,19.78,15.56,0.21,14.80,15.80,15.43,15.61,15.73
2026-09-29 00:00:00+00:00,Ílhavo,0110,27.94,0.05,27.90,28.14,27.91,27.92,27.95,22.35,0.04,22.30,22.47,22.31,22.33,22.37,17.13,0.03,17.10,17.23,17.11,17.12,17.15
2026-09-10 00:00:00+00:00,Mealhada,0111,29.04,0.18,28.77,29.48,28.89,28.98,29.19,19.44,0.40,18.93,20.33,19.08,19.32,19.77,12.27,0.69,11.46,13.75,11.67,12.06,12.80
2026-09-11 00:00:00+00:00,Mealhada,0111,31.18,0.37,30.61,31.96,30.84,31.11,31.50,21.20,0.36,20.73,22.00,20.88,21.13,21.52,13.26,0.35,12.84,14.00,12.95,13.16,13.53
2026-09-12 00:00:00+00:00,Mealhada,0111,36.23,0.26,35.87,36.84,36.01,36.15,36.45,24.74,0.62,23.95,26.09,24.18,24.59,25.23,15.49,0.60,14.75,16.78,14.96,15.30,15.98
2026-09-13 00:00:00+00:00,Mealhada,0111,37.54,0.15,37.34,37.90,37.40,37.51,37.68,26.43,0.81,25.45,28.22,25.72,26.17,27.04,17.58,1.61,15.64,20.98,16.16,17.08,18.78
2026-09-14 00:00:00+00:00,Mealhada,0111,34.85,0.26,34.06,35.65,34.79,34.91,34.98,23.50,0.81,22.50,25.48,22.79,23.37,24.04,13.32,1.00,11.90,15.58,12.36,13.32,14.10
2026-09-15 00:00:00+00:00,Mealhada,0111,25.79,0.22,25.07,26.57,25.71,25.84,25.90,19.69,0.48,18.20,20.29,19.57,19.79,20.06,16.32,0.39,15.16,16.94,16.20,16.45,16.59
2026-09-16 00:00:00+00:00,Mealhada,0111,25.93,0.33,24.89,26.66,25.89,26.00,26.09,18.91,0.29,17.97,19.44,18.86,18.99,19.04,12.50,0.80,11.30,14.13,11.71,12.52,13.19
2026-09-17 00:00:00+00:00,Mealhada,0111,27.27,0.40,25.99,27.82,27.19,27.36,27.57,19.48,0.35,18.38,20.12,19.41,19.56,19.69,11.87,0.37,11.50,13.37,11.62,11.73,12.02
2026-09-18 00:00:00+00:00,Mealhada,0111,28.67,0.29,27.96,29.58,28.59,28.64,28.79,18.24,0.33,17.80,19.31,17.94,18.22,18.46,8.97,0.90,7.70,10.89,8.11,8.94,9.59
2026-09-19 00:00:00+00:00,Mealhada,0111,33.68,0.22,33.14,34.39,33.61,33.69,33.77,21.90,0.73,21.00,23.65,21.25,21.77,22.39,12.22,2.20,9.50,18.04,10.31,11.87,13.64
2026-09-20 00:00:00+00:00,Mealhada,0111,35.72,0.43,34.38,36.20,35.62,35.81,36.04,24.50,0.82,23.50,26.48,23.76,24.38,25.04,14.69,2.62,11.40,21.57,12.42,14.42,16.34
2026-09-21 00:00:00+00:00,Mealhada,0111,36.35,0.43,35.09,36.85,36.17,36.41,36.73,25.01,0.44,24.50,26.17,24.63,24.88,25.29,15.79,1.59,13.70,19.65,14.34,15.62,16.83
2026-09-22 00:00:00+00:00,Mealhada,0111,36.31,0.17,35.76,36.68,36.24,36.36,36.41,23.60,0.77,22.60,25.30,22.90,23.47,24.11,12.61,1.95,10.00,17.32,10.81,12.41,13.88
2026-09-23 00:00:00+00:00,Mealhada,0111,33.49,0.25,32.23,34.22,33.43,33.55,33.60,20.63,0.58,19.90,21.94,20.11,20.55,21.03,11.15,1.05,9.60,12.92,10.10,11.13,12.00
2026-09-24 00:00:00+00:00,Mealhada,0111,31.70,0.26,31.29,32.53,31.53,31.60,31.83,20.04,0.46,19.41,21.03,19.62,19.97,20.46,11.05,1.42,9.10,14.50,9.71,10.97,11.98
2026-09-25 00:00:00+00:00,Mealhada,0111,27.34,0.41,26.74,28.17,26.97,27.27,27.70,18.92,0.17,18.68,19.33,18.77,18.89,19.07,13.63,0.41,13.11,14.56,13.26,13.52,13.97
2026-09-26 00:00:00+00:00,Mealhada,0111,30.60,0.70,29.69,32.15,29.97,30.43,31.18,19.98,0.42,19.42,20.86,19.59,19.89,20.34,12.02,0.42,11.45,12.85,11.63,11.94,12.39
2026-09-27 00:00:00+00:00,Mealhada,0111,28.37,0.15,28.13,28.73,28.23,28.33,28.50,20.30,0.22,20.01,20.79,20.10,20.26,20.50,15.63,0.12,15.47,15.94,15.53,15.60,15.72
2026-09-28 00:00:00+00:00,Mealhada,0111,25.45,0.49,23.91,26.33,25.32,25.55,25.78,19.10,0.21,18.90,19.81,18.95,19.01,19.20,12.57,0.82,11.40,14.38,11.79,12.58,13.19
2026-09-29 00:00:00+00:00,Mealhada,0111,28.04,0.35,27.06,28.53,27.83,28.09,28.37,23.27,0.43,21.98,23.81,23.12,23.30,23.65,17.03,0.25,16.54,17.85,16.90,16.98,17.14
2026-09-10 00:00:00+00:00,Murtosa,0112,24.54,0.19,24.22,24.92,24.37,24.53,24.70,18.68,0.02,18.64,18.70,18.66,18.67,18.70,13.69,0.22,13.25,14.02,13.49,13.71,13.88
2026-09-11 00:00:00+00:00,Murtosa,0112,25.57,0.44,24.88,26.49,25.17,25.54,25.94,19.67,0.16,19.42,20.00,19.53,19.65,19.80,14.51,0.15,14.20,14.73,14.38,14.52,14.65
2026-09-12 00:00:00+00:00,Murtosa,0112,30.04,0.38,29.44,30.81,29.71,30.02,30.36,22.29,0.20,21.96,22.73,22.11,22.26,22.45,15.88,0.04,15.81,15.98,15.84,15.87,15.91
2026-09-13 00:00:00+00:00,Murtosa,0112,32.91,0.21,32.56,33.31,32.72,32.90,33.10,23.77,0.09,23.60,23.96,23.70,23.76,23.84,15.98,0.03,15.93,16.05,15.96,15.98,16.00
2026-09-14 00:00:00+00:00,Murtosa,0112,30.98,0.23,30.58,31.38,30.79,30.98,31.17,22.20,0.11,22.00,22.41,22.11,22.21,22.29,15.88,0.14,15.59,16.10,15.76,15.88,16.01
2026-09-15 00:00:00+00:00,Murtosa,0112,23.59,0.28,23.13,24.15,23.33,23.56,23.83,19.76,0.02,19.70,19.80,19.74,19.76,19.78,17.52,0.27,16.93,17.92,17.31,17.55,17.76
2026-09-16 00:00:00+00:00,Murtosa,0112,23.41,0.42,22.75,24.28,23.02,23.36,23.76,18.98,0.09,18.86,19.16,18.91,18.96,19.05,15.85,0.21,15.43,16.20,15.67,15.86,16.04
2026-09-17 00:00:00+00:00,Murtosa,0112,24.29,0.20,23.96,24.68,24.11,24.29,24.45,18.78,0.04,18.72,18.86,18.75,18.78,18.82,14.29,0.27,13.71,14.71,14.06,14.30,14.52
2026-09-18 00:00:00+00:00,Murtosa,0112,24.76,0.36,24.17,25.47,24.44,24.75,25.05,18.19,0.09,18.05,18.39,18.11,18.18,18.27,12.25,0.19,11.87,12.56,12.09,12.25,12.42
2026-09-19 00:00:00+00:00,Murtosa,0112,29.61,0.25,29.18,30.09,29.38,29.62,29.81,20.53,0.14,20.30,20.83,20.40,20.52,20.63,12.93,0.03,12.89,13.01,12.91,12.92,12.94
2026-09-20 00:00:00+00:00,Murtosa,0112,33.78,0.07,33.67,33.93,33.73,33.78,33.83,23.20,0.08,23.07,23.36,23.12,23.19,23.27,15.47,0.10,15.16,15.60,15.41,15.47,15.55
2026-09-21 00:00:00+00:00,Murtosa,0112,34.61,0.04,34.53,34.70,34.57,34.61,34.64,23.80,0.08,23.66,23.98,23.73,23.81,23.86,17.01,0.11,16.71,17.17,16.93,17.01,17.10
2026-09-22 00:00:00+00:00,Murtosa,0112,30.99,0.53,30.13,32.04,30.52,30.97,31.41,21.79,0.28,21.34,22.37,21.54,21.78,22.02,15.09,0.13,14.79,15.29,14.99,15.09,15.21
2026-09-23 00:00:00+00:00,Murtosa,0112,25.13,0.82,23.79,26.74,24.38,25.09,25.80,18.40,0.41,17.74,19.19,18.04,18.35,18.74,14.08,0.07,13.93,14.18,14.03,14.09,14.14
2026-09-24 00:00:00+00:00,Murtosa,0112,22.11,0.67,21.08,23.48,21.49,22.03,22.65,17.43,0.21,17.11,17.84,17.24,17.40,17.59,13.62,0.09,13.38,13.75,13.55,13.62,13.70
2026-09-25 00:00:00+00:00,Murtosa,0112,22.18,0.38,21.59,22.98,21.83,22.14,22.49,17.69,0.05,17.62,17.78,17.66,17.69,17.73,13.78,0.16,13.46,14.01,13.66,13.80,13.93
2026-09-26 00:00:00+00:00,Murtosa,0112,24.12,0.51,23.35,25.21,23.65,24.06,24.52,18.01,0.15,17.79,18.33,17.87,17.99,18.12,13.07,0.10,12.88,13.23,12.99,13.08,13.15
2026-09-27 00:00:00+00:00,Murtosa,0112,24.74,0.16,24.49,25.05,24.60,24.73,24.87,19.13,0.06,19.05,19.25,19.08,19.13,19.18,15.80,0.06,15.69,15.89,15.75,15.80,15.85
2026-09-28 00:00:00+00:00,Murtosa,0112,24.64,0.04,24.54,24.69,24.62,24.65,24.66,19.56,0.10,19.33,19.72,19.48,19.57,19.65,15.19,0.20,14.79,15.52,15.03,15.20,15.37
2026-09-29 00:00:00+00:00,Murtosa,0112,27.58,0.18,27.19,27.84,27.43,27.63,27.73,22.24,0.06,22.06,22.33,22.20,22.25,22.29,17.03,0.05,16.89,17.10,17.00,17.04,17.07
2026-09-10 00:00:00+00:00,Oliveira de Azeméis,0113,26.22,0.43,25.38,27.11,25.90,26.17,26.54,18.59,0.08,18.44,18.72,18.52,18.61,18.64,12.02,0.37,11.39,12.87,11.72,11.98,12.27
2026-09-11 00:00:00+00:00,Oliveira de Azeméis,0113,28.98,0.69,27.36,30.12,28.51,28.99,29.54,20.74,0.15,20.36,21.22,20.64,20.71,20.83,13.17,0.43,12.31,13.97,12.84,13.22,13.51
2026-09-12 00:00:00+00:00,Oliveira de Azeméis,0113,32.56,0.52,31.42,33.57,32.19,32.55,32.93,23.41,0.18,23.00,23.92,23.28,23.41,23.51,15.22,0.40,14.26,15.76,14.92,15.32,15.56
2026-09-13 00:00:00+00:00,Oliveira de Azeméis,0113,34.16,0.27,33.62,34.78,33.99,34.14,34.32,23.91,0.45,22.82,24.77,23.63,24.04,24.20,14.92,0.68,13.32,15.81,14.40,15.09,15.49
2026-09-14 00:00:00+00:00,Oliveira de Azeméis,0113,32.94,0.43,32.00,33.78,32.60,32.96,33.28,22.97,0.35,22.24,23.95,22.78,22.92,23.18,14.93,0.41,13.84,15.43,14.72,15.07,15.23
2026-09-15 00:00:00+00:00,Oliveira de Azeméis,0113,26.53,0.77,24.90,27.89,25.98,26.48,27.16,19.21,0.22,18.71,19.58,19.07,19.25,19.39,14.06,1.14,11.95,16.25,13.08,14.12,14.96
2026-09-16 00:00:00+00:00,Oliveira de Azeméis,0113,26.66,0.74,25.03,28.01,26.12,26.65,27.22,19.35,0.05,19.17,19.45,19.33,19.35,19.38,14.06,0.36,13.49,14.91,13.73,14.05,14.33
2026-09-17 00:00:00+00:00,Oliveira de Azeméis,0113,25.57,0.36,24.97,26.47,25.29,25.51,25.78,19.09,0.17,18.82,19.58,18.97,19.05,19.16,12.75,0.23,12.44,13.45,12.57,12.66,12.88
2026-09-18 00:00:00+00:00,Oliveira de Azeméis,0113,27.37,0.57,26.12,28.54,26.98,27.32,27.75,18.64,0.14,18.28,19.02,18.56,18.65,18.73,10.86,0.36,10.04,11.54,10.59,10.93,11.14
2026-09-19 00:00:00+00:00,Oliveira de Azeméis,0113,31.01,0.28,30.44,31.70,30.82,30.98,31.15,21.05,0.25,20.37,21.61,20.96,21.12,21.19,12.51,0.33,11.55,13.14,12.32,12.61,12.74
2026-09-20 00:00:00+00:00,Oliveira de Azeméis,0113,33.62,0.19,33.09,34.08,33.50,33.65,33.74,23.08,0.23,22.50,23.37,22.93,23.17,23.27,14.36,0.49,13.12,15.10,14.07,14.52,14.72
2026-09-21 00:00:00+00:00,Oliveira de Azeméis,0113,34.47,0.17,34.00,34.91,34.36,34.48,34.56,23.75,0.42,22.71,24.47,23.49,23.87,24.08,15.39,0.67,13.80,16.49,14.91,15.58,15.92
2026-09-22 00:00:00+00:00,Oliveira de Azeméis,0113,34.23,0.60,32.79,35.36,33.82,34.25,34.65,23.46,0.33,22.79,24.44,23.25,23.44,23.65,14.24,0.47,12.95,14.87,14.01,14.39,14.59
2026-09-23 00:00:00+00:00,Oliveira de Azeméis,0113,32.12,1.48,28.64,34.57,31.07,32.19,33.36,21.83,0.58,20.29,23.16,21.47,21.94,22.19,13.88,0.34,13.03,14.54,13.71,13.92,14.09
2026-09-24 00:00:00+00:00,Oliveira de Azeméis,0113,29.07,1.80,25.13,32.12,27.77,29.12,30.59,19.49,0.46,18.39,20.17,19.17,19.54,19.89,13.06,0.36,12.13,13.73,12.88,13.15,13.35
2026-09-25 00:00:00+00:00,Oliveira de Azeméis,0113,26.14,1.02,23.89,27.84,25.40,26.16,27.00,18.17,0.11,17.92,18.33,18.09,18.18,18.25,12.45,0.35,11.84,13.23,12.16,12.45,12.71
2026-09-26 00:00:00+00:00,Oliveira de Azeméis,0113,27.92,0.79,25.94,29.02,27.37,28.03,28.58,18.93,0.13,18.53,19.07,18.89,18.98,19.02,11.87,0.42,11.03,12.63,11.55,11.94,12.19
2026-09-27 00:00:00+00:00,Oliveira de Azeméis,0113,26.08,0.30,25.37,26.59,25.86,26.10,26.33,19.33,0.04,19.21,19.40,19.30,19.34,19.36,15.02,0.27,14.49,15.52,14.80,15.05,15.23
2026-09-28 00:00:00+00:00,Oliveira de Azeméis,0113,24.30,0.20,23.77,24.90,24.18,24.27,24.37,18.60,0.23,18.30,19.16,18.39,18.56,18.77,13.59,0.37,12.90,14.42,13.28,13.60,13.87
2026-09-29 00:00:00+00:00,Oliveira de Azeméis,0113,26.20,0.26,25.55,26.80,26.02,26.18,26.37,21.62,0.17,21.31,22.02,21.49,21.62,21.72,16.85,0.09,16.59,17.12,16.79,16.84,16.89
2026-09-10 00:00:00+00:00,Oliveira do Bairro,0114,26.94,0.88,24.99,28.47,26.23,26.92,27.65,18.77,0.12,18.44,18.92,18.71,18.79,18.86,11.90,0.39,11.12,12.97,11.62,11.81,12.12
2026-09-11 00:00:00+00:00,Oliveira do Bairro,0114,28.43,1.10,25.91,30.29,27.55,28.41,29.33,20.25,0.29,19.62,20.69,20.02,20.28,20.48,13.34,0.28,12.95,14.13,13.12,13.28,13.52
2026-09-12 00:00:00+00:00,Oliveira do Bairro,0114,33.61,1.10,30.86,35.46,32.75,33.62,34.50,23.19,0.43,22.26,23.87,22.84,23.24,23.54,14.75,0.30,13.76,15.31,14.62,14.80,14.92
2026-09-13 00:00:00+00:00,Oliveira do Bairro,0114,35.96,0.72,33.95,37.06,35.51,36.07,36.55,24.66,0.44,23.81,25.35,24.31,24.71,25.02,15.43,0.34,14.24,15.82,15.26,15.57,15.67
2026-09-14 00:00:00+00:00,Oliveira do Bairro,0114,33.52,0.70,31.68,34.65,33.02,33.52,34.09,22.91,0.31,22.25,23.39,22.68,22.93,23.15,14.33,0.34,13.36,15.03,14.14,14.41,14.53
2026-09-15 00:00:00+00:00,Oliveira do Bairro,0114,25.02,0.52,23.78,25.94,24.59,25.07,25.44,20.10,0.10,19.92,20.34,20.02,20.07,20.15,17.17,0.17,16.90,17.67,17.03,17.11,17.29
2026-09-16 00:00:00+00:00,Oliveira do Bairro,0114,25.51,0.75,23.69,26.81,24.92,25.55,26.10,19.35,0.15,19.03,19.66,19.23,19.34,19.46,14.68,0.35,14.22,15.66,14.36,14.61,14.91
2026-09-17 00:00:00+00:00,Oliveira do Bairro,0114,26.62,0.62,24.98,27.69,26.16,26.64,27.11,19.56,0.33,18.92,20.19,19.29,19.55,19.81,12.70,0.33,11.79,13.51,12.50,12.77,12.88
2026-09-18 00:00:00+00:00,Oliveira do Bairro,0114,27.66,0.84,25.47,29.05,27.05,27.68,28.31,18.37,0.12,18.13,18.59,18.27,18.35,18.47,10.22,0.35,9.66,11.35,10.00,10.13,10.41
2026-09-19 00:00:00+00:00,Oliveira do Bairro,0114,32.77,0.74,30.69,33.99,32.29,32.80,33.35,21.26,0.31,20.57,21.76,21.03,21.30,21.50,11.94,0.35,10.82,12.34,11.75,12.05,12.21
2026-09-20 00:00:00+00:00,Oliveira do Bairro,0114,35.25,0.26,34.47,35.60,35.09,35.32,35.46,23.84,0.21,23.33,24.16,23.68,23.88,24.02,14.55,0.23,13.81,15.02,14.44,14.58,14.68
2026-09-21 00:00:00+00:00,Oliveira do Bairro,0114,36.11,0.34,35.22,36.74,35.90,36.13,36.37,24.42,0.30,23.80,24.94,24.20,24.44,24.66,16.06,0.29,15.16,16.50,15.91,16.15,16.26
2026-09-22 00:00:00+00:00,Oliveira do Bairro,0114,35.01,0.95,32.23,36.53,34.44,35.07,35.73,22.99,0.42,21.93,23.68,22.67,23.06,23.32,13.42,0.38,12.34,14.19,13.20,13.52,13.66
2026-09-23 00:00:00+00:00,Oliveira do Bairro,0114,30.42,1.63,26.21,33.09,29.22,30.47,31.75,19.81,0.49,18.52,20.58,19.45,19.88,20.21,12.99,0.23,12.67,13.70,12.79,12.95,13.15
2026-09-24 00:00:00+00:00,Oliveira do Bairro,0114,27.09,2.10,22.64,30.72,25.27,27.07,28.85,18.48,0.50,17.44,19.30,18.07,18.53,18.90,12.34,0.26,11.94,13.13,12.15,12.29,12.49
2026-09-25 00:00:00+00:00,Oliveira do Bairro,0114,24.78,1.00,22.51,26.46,23.96,24.77,25.61,18.17,0.27,17.63,18.62,17.95,18.18,18.39,12.96,0.29,11.99,13.44,12.82,13.06,13.13
2026-09-26 00:00:00+00:00,Oliveira do Bairro,0114,27.58,1.09,24.78,29.35,26.75,27.61,28.46,18.76,0.35,18.02,19.33,18.47,18.80,19.06,11.81,0.28,11.27,12.54,11.61,11.75,11.99
2026-09-27 00:00:00+00:00,Oliveira do Bairro,0114,26.78,0.67,25.20,27.92,26.27,26.74,27.32,19.65,0.19,19.22,19.96,19.50,19.65,19.81,15.27,0.22,14.53,15.53,15.16,15.35,15.44
2026-09-28 00:00:00+00:00,Oliveira do Bairro,0114,25.93,0.26,25.29,26.42,25.75,25.97,26.10,19.47,0.07,19.29,19.58,19.43,19.49,19.52,13.73,0.26,13.30,14.56,13.57,13.67,13.86
2026-09-29 00:00:00+00:00,Oliveira do Bairro,0114,28.26,0.12,28.02,28.52,28.17,28.27,28.35,23.21,0.26,22.65,23.72,23.02,23.18,23.41,17.47,0.11,17.27,17.74,17.40,17.45,17.54
2026-09-10 00:00:00+00:00,Ovar,0115,25.46,0.21,24.95,26.00,25.31,25.48,25.60,18.59,0.03,18.54,18.65,18.57,18.58,18.62,12.80,0.20,12.25,13.24,12.68,12.82,12.92
2026-09-11 00:00:00+00:00,Ovar,0115,27.91,0.56,26.54,28.83,27.51,28.02,28.40,20.49,0.18,20.02,20.78,20.38,20.53,20.63,13.77,0.17,13.29,14.19,13.66,13.76,13.88
2026-09-12 00:00:00+00:00,Ovar,0115,31.91,0.46,30.85,32.67,31.56,31.97,32.29,23.40,0.31,22.75,24.06,23.20,23.37,23.61,15.93,0.20,15.52,16.49,15.81,15.88,16.03
2026-09-13 00:00:00+00:00,Ovar,0115,33.68,0.13,33.32,34.02,33.58,33.69,33.76,24.19,0.14,23.94,24.58,24.10,24.15,24.25,16.21,0.40,15.46,17.31,15.96,16.11,16.41
2026-09-14 00:00:00+00:00,Ovar,0115,31.79,0.27,31.30,32.53,31.60,31.74,31.96,22.61,0.08,22.40,22.80,22.58,22.62,22.65,15.51,0.24,15.05,16.17,15.36,15.48,15.57
2026-09-15 00:00:00+00:00,Ovar,0115,25.12,0.41,24.20,26.21,24.84,25.18,25.40,19.51,0.09,19.27,19.70,19.45,19.50,19.57,15.77,0.50,14.38,16.88,15.43,15.71,16.10
2026-09-16 00:00:00+00:00,Ovar,0115,25.75,0.65,24.33,26.78,25.27,25.85,26.27,19.47,0.18,19.17,19.95,19.34,19.44,19.58,14.84,0.22,14.28,15.40,14.70,14.81,14.96
2026-09-17 00:00:00+00:00,Ovar,0115,25.14,0.18,24.69,25.52,25.02,25.20,25.27,18.94,0.06,18.83,19.10,18.90,18.93,18.98,13.06,0.25,12.68,13.70,12.83,13.00,13.22
2026-09-18 00:00:00+00:00,Ovar,0115,26.50,0.42,25.51,27.18,26.20,26.61,26.85,18.72,0.19,18.40,19.23,18.59,18.69,18.82,11.66,0.25,11.10,12.40,11.49,11.65,11.78
2026-09-19 00:00:00+00:00,Ovar,0115,30.57,0.19,30.10,30.94,30.46,30.63,30.70,21.30,0.29,20.84,22.04,21.09,21.21,21.47,13.49,0.64,12.75,15.17,12.99,13.24,13.82
2026-09-20 00:00:00+00:00,Ovar,0115,33.91,0.10,33.64,34.23,33.85,33.90,33.97,23.62,0.28,23.24,24.35,23.39,23.53,23.80,15.14,0.32,14.49,16.04,14.94,15.09,15.25
2026-09-21 00:00:00+00:00,Ovar,0115,34.62,0.05,34.42,34.72,34.60,34.63,34.65,24.19,0.20,23.83,24.79,24.03,24.13,24.30,16.67,0.41,15.80,17.77,16.41,16.62,16.83
2026-09-22 00:00:00+00:00,Ovar,0115,33.48,0.61,32.08,34.42,33.05,33.59,33.97,23.23,0.38,22.40,23.96,22.97,23.24,23.48,14.80,0.29,14.35,15.60,14.62,14.73,14.87
2026-09-23 00:00:00+00:00,Ovar,0115,29.21,0.98,26.85,31.40,28.57,29.44,29.91,20.37,0.46,19.25,21.45,20.08,20.47,20.70,13.77,0.07,13.65,13.93,13.72,13.76,13.81
2026-09-24 00:00:00+00:00,Ovar,0115,25.77,0.95,23.57,28.30,25.20,25.84,26.38,18.53,0.29,17.87,19.28,18.37,18.55,18.71,13.21,0.09,13.03,13.40,13.14,13.21,13.29
2026-09-25 00:00:00+00:00,Ovar,0115,24.34,0.56,23.03,25.74,23.98,24.44,24.72,17.90,0.06,17.79,18.07,17.86,17.89,17.93,12.98,0.20,12.54,13.45,12.83,12.91,13.12
2026-09-26 00:00:00+00:00,Ovar,0115,27.00,0.75,25.25,28.17,26.45,27.11,27.64,18.89,0.26,18.34,19.36,18.70,18.91,19.08,12.66,0.17,12.15,12.98,12.56,12.70,12.78
2026-09-27 00:00:00+00:00,Ovar,0115,25.46,0.16,25.07,25.90,25.36,25.47,25.55,19.42,0.09,19.26,19.61,19.35,19.41,19.48,15.62,0.14,15.26,15.97,15.54,15.64,15.69
2026-09-28 00:00:00+00:00,Ovar,0115,24.08,0.29,23.39,24.53,23.89,24.17,24.29,18.97,0.16,18.61,19.32,18.84,18.95,19.08,14.44,0.23,13.84,15.02,14.29,14.46,14.59
2026-09-29 00:00:00+00:00,Ovar,0115,26.30,0.43,25.44,27.17,25.97,26.34,26.60,21.61,0.29,20.99,22.06,21.39,21.68,21.83,16.58,0.22,16.08,16.89,16.44,16.63,16.74
2026-09-10 00:00:00+00:00,São João da Madeira,0116,26.36,0.05,26.26,26.42,26.33,26.36,26.40,18.52,0.01,18.51,18.53,18.51,18.52,18.52,11.97,0.04,11.93,12.02,11.93,11.94,12.01
2026-09-11 00:00:00+00:00,São João da Madeira,0116,29.33,0.08,29.16,29.44,29.31,29.34,29.38,20.72,0.02,20.69,20.75,20.72,20.73,20.73,13.00,0.04,12.93,13.06,12.96,13.01,13.02
2026-09-12 00:00:00+00:00,São João da Madeira,0116,32.80,0.05,32.74,32.89,32.76,32.80,32.83,23.43,0.02,23.40,23.46,23.42,23.42,23.44,15.19,0.05,15.14,15.25,15.14,15.17,15.25
2026-09-13 00:00:00+00:00,São João da Madeira,0116,34.18,0.03,34.13,34.22,34.15,34.19,34.20,23.73,0.04,23.66,23.77,23.70,23.75,23.76,14.88,0.09,14.79,14.98,14.80,14.84,14.98
2026-09-14 00:00:00+00:00,São João da Madeira,0116,32.90,0.07,32.79,32.96,32.84,32.94,32.96,22.79,0.04,22.73,22.87,22.77,22.77,22.81,14.97,0.06,14.88,15.05,14.92,14.97,15.02
2026-09-15 00:00:00+00:00,São João da Madeira,0116,26.81,0.09,26.63,26.91,26.76,26.83,26.88,19.15,0.03,19.10,19.18,19.13,19.15,19.16,13.67,0.11,13.51,13.83,13.58,13.70,13.74
2026-09-16 00:00:00+00:00,São João da Madeira,0116,27.05,0.09,26.89,27.18,27.01,27.07,27.10,19.41,0.02,19.38,19.44,19.40,19.41,19.42,13.96,0.05,13.91,14.05,13.92,13.94,13.98
2026-09-17 00:00:00+00:00,São João da Madeira,0116,25.65,0.04,25.60,25.73,25.61,25.64,25.68,19.09,0.02,19.07,19.13,19.07,19.09,19.11,12.56,0.01,12.54,12.58,12.55,12.56,12.57
2026-09-18 00:00:00+00:00,São João da Madeira,0116,27.56,0.07,27.44,27.66,27.52,27.55,27.60,18.62,0.01,18.61,18.64,18.61,18.62,18.63,10.94,0.05,10.88,11.00,10.89,10.91,11.00
2026-09-19 00:00:00+00:00,São João da Madeira,0116,31.02,0.03,30.99,31.08,31.00,31.01,31.05,21.06,0.03,21.04,21.11,21.04,21.05,21.08,12.81,0.08,12.73,12.94,12.74,12.77,12.89
2026-09-20 00:00:00+00:00,São João da Madeira,0116,33.61,0.04,33.55,33.66,33.59,33.62,33.64,23.13,0.04,23.09,23.19,23.10,23.11,23.17,14.43,0.07,14.34,14.52,14.37,14.42,14.50
2026-09-21 00:00:00+00:00,São João da Madeira,0116,34.43,0.03,34.39,34.47,34.42,34.44,34.45,23.64,0.04,23.57,23.69,23.61,23.66,23.67,15.45,0.09,15.34,15.56,15.36,15.42,15.55
2026-09-22 00:00:00+00:00,São João da Madeira,0116,34.51,0.07,34.42,34.62,34.45,34.51,34.55,23.47,0.03,23.44,23.50,23.45,23.48,23.50,14.31,0.07,14.21,14.40,14.25,14.31,14.37
2026-09-23 00:00:00+00:00,São João da Madeira,0116,32.62,0.18,32.25,32.83,32.54,32.64,32.76,21.86,0.07,21.72,21.95,21.82,21.87,21.91,13.86,0.05,13.78,13.93,13.83,13.86,13.90
2026-09-24 00:00:00+00:00,São João da Madeira,0116,29.62,0.18,29.37,29.85,29.47,29.63,29.77,19.62,0.04,19.56,19.68,19.58,19.63,19.66,13.02,0.05,12.94,13.10,12.99,13.02,13.06
2026-09-25 00:00:00+00:00,São João da Madeira,0116,26.46,0.10,26.32,26.59,26.38,26.47,26.55,18.16,0.01,18.14,18.17,18.14,18.17,18.17,12.32,0.03,12.27,12.36,12.29,12.32,12.34
2026-09-26 00:00:00+00:00,São João da Madeira,0116,28.40,0.07,28.30,28.51,28.35,28.40,28.44,19.08,0.02,19.05,19.11,19.07,19.08,19.09,11.82,0.05,11.77,11.88,11.78,11.80,11.87
2026-09-27 00:00:00+00:00,São João da Madeira,0116,26.13,0.03,26.09,26.16,26.10,26.14,26.16,19.36,0.01,19.35,19.38,19.35,19.36,19.37,15.03,0.04,15.00,15.08,15.00,15.00,15.07
2026-09-28 00:00:00+00:00,São João da Madeira,0116,24.18,0.03,24.13,24.21,24.15,24.19,24.21,18.46,0.02,18.44,18.49,18.45,18.47,18.47,13.57,0.05,13.52,13.63,13.53,13.55,13.62
2026-09-29 00:00:00+00:00,São João da Madeira,0116,25.95,0.04,25.91,26.02,25.93,25.96,25.97,21.38,0.02,21.35,21.41,21.37,21.39,21.40,16.68,0.03,16.63,16.72,16.66,16.68,16.70
2026-09-10 00:00:00+00:00,Sever do Vouga,0117,25.96,0.11,25.72,26.21,25.88,25.97,26.02,18.93,0.09,18.71,19.08,18.87,18.95,18.99,11.78,0.14,11.52,12.28,11.69,11.77,11.86
2026-09-11 00:00:00+00:00,Sever do Vouga,0117,29.18,0.15,28.66,29.45,29.11,29.21,29.28,21.84,0.28,21.25,22.28,21.61,21.88,22.06,13.84,0.30,13.17,14.46,13.63,13.86,14.04
2026-09-12 00:00:00+00:00,Sever do Vouga,0117,32.37,0.09,32.20,32.61,32.31,32.35,32.43,24.69,0.33,23.97,25.22,24.43,24.74,24.97,16.45,0.51,15.42,17.61,16.10,16.41,16.81
2026-09-13 00:00:00+00:00,Sever do Vouga,0117,34.01,0.10,33.82,34.25,33.94,34.02,34.08,25.80,0.44,24.73,26.48,25.48,25.89,26.14,16.76,0.76,15.23,18.37,16.24,16.68,17.34
2026-09-14 00:00:00+00:00,Sever do Vouga,0117,33.12,0.09,32.90,33.39,33.06,33.10,33.18,24.99,0.47,24.04,25.76,24.63,25.01,25.39,16.25,0.58,15.33,17.66,15.77,16.13,16.68
2026-09-15 00:00:00+00:00,Sever do Vouga,0117,26.43,0.22,25.79,26.94,26.30,26.43,26.55,19.42,0.12,19.16,19.66,19.33,19.41,19.53,14.98,0.60,13.68,15.93,14.50,15.21,15.47
2026-09-16 00:00:00+00:00,Sever do Vouga,0117,26.38,0.18,25.86,26.82,26.29,26.39,26.49,19.44,0.05,19.35,19.54,19.40,19.43,19.48,13.68,0.17,13.41,14.16,13.56,13.65,13.79
2026-09-17 00:00:00+00:00,Sever do Vouga,0117,24.81,0.21,24.38,25.25,24.64,24.82,24.96,18.58,0.12,18.30,18.84,18.51,18.56,18.65,12.11,0.23,11.61,12.58,11.95,12.09,12.30
2026-09-18 00:00:00+00:00,Sever do Vouga,0117,27.07,0.11,26.92,27.42,27.00,27.05,27.13,19.50,0.25,19.03,19.99,19.30,19.50,19.70,10.95,0.17,10.64,11.40,10.85,10.90,11.04
2026-09-19 00:00:00+00:00,Sever do Vouga,0117,30.66,0.15,30.34,30.95,30.55,30.67,30.78,22.37,0.34,21.64,22.96,22.10,22.38,22.66,13.34,0.47,12.49,14.47,12.97,13.25,13.68
2026-09-20 00:00:00+00:00,Sever do Vouga,0117,32.48,0.32,31.89,33.22,32.23,32.49,32.75,23.78,0.31,23.17,24.37,23.57,23.75,24.02,15.79,0.57,14.65,17.08,15.42,15.72,16.20
2026-09-21 00:00:00+00:00,Sever do Vouga,0117,33.38,0.34,32.72,34.12,33.13,33.40,33.67,25.32,0.38,24.41,25.97,25.02,25.36,25.63,16.74,0.61,15.51,18.14,16.35,16.68,17.14
2026-09-22 00:00:00+00:00,Sever do Vouga,0117,34.04,0.11,33.83,34.33,33.98,34.03,34.10,25.64,0.57,24.52,26.61,25.16,25.66,26.10,16.02,0.76,14.77,17.93,15.43,15.90,16.57
2026-09-23 00:00:00+00:00,Sever do Vouga,0117,32.88,0.42,31.48,33.43,32.68,33.04,33.17,24.50,0.73,22.76,25.76,23.96,24.54,25.11,15.63,0.69,14.56,17.29,15.04,15.49,16.10
2026-09-24 00:00:00+00:00,Sever do Vouga,0117,29.45,0.94,27.05,31.42,28.90,29.47,30.07,19.99,0.35,19.11,20.60,19.76,20.00,20.23,14.77,0.66,13.67,16.44,14.25,14.68,15.19
2026-09-25 00:00:00+00:00,Sever do Vouga,0117,26.38,0.55,24.98,27.54,26.02,26.41,26.74,18.41,0.12,18.21,18.69,18.32,18.40,18.49,12.70,0.29,12.12,13.16,12.45,12.75,12.97
2026-09-26 00:00:00+00:00,Sever do Vouga,0117,28.34,0.45,27.14,29.11,28.06,28.40,28.68,19.33,0.22,18.97,19.88,19.15,19.30,19.46,12.22,0.26,11.66,12.61,12.01,12.27,12.44
2026-09-27 00:00:00+00:00,Sever do Vouga,0117,26.47,0.21,26.10,26.96,26.31,26.45,26.58,19.59,0.15,19.37,19.94,19.47,19.54,19.70,15.16,0.19,14.75,15.42,14.99,15.19,15.32
2026-09-28 00:00:00+00:00,Sever do Vouga,0117,23.00,0.42,22.15,23.81,22.67,23.01,23.35,18.38,0.18,18.03,18.85,18.25,18.37,18.52,13.38,0.13,13.11,13.72,13.29,13.38,13.44
2026-09-29 00:00:00+00:00,Sever do Vouga,0117,24.66,0.48,23.85,25.71,24.25,24.63,25.06,20.84,0.41,19.89,21.65,20.54,20.86,21.17,16.56,0.16,16.16,16.85,16.45,16.58,16.68
2026-09-10 00:00:00+00:00,Vagos,0118,24.84,0.36,24.25,25.92,24.61,24.71,25.00,18.27,0.24,17.84,18.68,18.06,18.27,18.48,11.14,1.35,9.23,13.77,9.97,10.80,12.30
2026-09-11 00:00:00+00:00,Vagos,0118,25.78,0.50,24.88,27.20,25.49,25.63,26.02,19.41,0.14,19.14,19.78,19.31,19.39,19.49,13.26,0.67,12.36,14.60,12.67,13.06,13.84
2026-09-12 00:00:00+00:00,Vagos,0118,31.63,0.94,29.59,33.28,30.91,31.92,32.33,21.95,0.21,21.56,22.51,21.80,21.92,22.07,13.56,1.15,11.83,15.75,12.55,13.35,14.57
2026-09-13 00:00:00+00:00,Vagos,0118,35.49,1.29,32.85,37.02,34.38,35.88,36.67,23.29,0.31,22.67,23.83,23.02,23.35,23.53,13.76,1.16,11.87,15.87,12.76,13.60,14.77
2026-09-14 00:00:00+00:00,Vagos,0118,31.45,0.53,30.66,33.08,31.08,31.23,31.71,21.72,0.34,21.01,22.32,21.47,21.78,21.98,13.29,1.28,11.29,15.81,12.24,13.01,14.37
2026-09-15 00:00:00+00:00,Vagos,0118,23.49,0.29,23.09,24.31,23.28,23.38,23.68,20.02,0.09,19.85,20.18,19.95,20.04,20.10,17.88,0.20,17.26,18.23,17.76,17.93,18.00
2026-09-16 00:00:00+00:00,Vagos,0118,23.36,0.47,22.72,24.74,23.02,23.17,23.61,19.05,0.07,18.87,19.18,19.00,19.08,19.10,15.99,0.38,14.62,16.59,15.78,16.11,16.22
2026-09-17 00:00:00+00:00,Vagos,0118,25.14,0.51,24.07,26.39,24.78,25.16,25.42,18.57,0.24,18.07,19.03,18.39,18.61,18.74,11.72,1.37,9.60,14.42,10.58,11.41,12.85
2026-09-18 00:00:00+00:00,Vagos,0118,25.35,0.61,24.26,27.13,24.98,25.16,25.66,18.00,0.08,17.83,18.15,17.94,18.01,18.05,10.13,1.05,8.79,12.31,9.19,9.82,11.03
2026-09-19 00:00:00+00:00,Vagos,0118,31.37,0.86,29.42,32.67,30.69,31.66,32.03,20.10,0.32,19.41,20.68,19.85,20.16,20.33,10.43,1.22,8.33,12.72,9.40,10.27,11.48
2026-09-20 00:00:00+00:00,Vagos,0118,35.37,0.71,33.88,36.33,34.78,35.58,35.97,22.99,0.24,22.48,23.52,22.82,23.03,23.16,13.58,0.99,11.89,15.45,12.74,13.44,14.42
2026-09-21 00:00:00+00:00,Vagos,0118,35.75,0.49,34.69,36.36,35.36,35.91,36.16,23.34,0.31,22.69,23.85,23.10,23.40,23.60,14.94,1.07,13.18,16.99,14.05,14.76,15.85
2026-09-22 00:00:00+00:00,Vagos,0118,33.33,1.30,30.41,35.14,32.33,33.78,34.43,21.65,0.30,21.19,22.54,21.44,21.53,21.84,12.27,1.39,10.11,14.99,11.12,11.95,13.45
2026-09-23 00:00:00+00:00,Vagos,0118,25.61,1.15,23.87,29.04,24.82,25.15,26.19,18.22,0.36,17.70,19.30,17.96,18.08,18.43,13.61,0.24,13.09,14.13,13.45,13.58,13.80
2026-09-24 00:00:00+00:00,Vagos,0118,22.08,0.73,21.07,24.40,21.58,21.79,22.43,17.04,0.25,16.56,17.65,16.85,17.05,17.21,12.77,0.42,11.89,13.65,12.48,12.66,13.12
2026-09-25 00:00:00+00:00,Vagos,0118,22.36,0.43,21.61,23.63,22.11,22.23,22.56,17.34,0.21,16.94,17.68,17.15,17.36,17.52,11.81,1.07,10.22,13.87,10.87,11.61,12.76
2026-09-26 00:00:00+00:00,Vagos,0118,25.65,0.99,23.50,27.35,24.91,25.98,26.41,17.77,0.17,17.45,18.21,17.65,17.76,17.87,11.29,0.92,9.99,13.07,10.49,11.05,12.08
2026-09-27 00:00:00+00:00,Vagos,0118,25.35,0.38,24.55,26.24,25.07,25.41,25.56,19.19,0.08,19.06,19.43,19.14,19.16,19.22,14.38,0.73,13.28,15.78,13.73,14.26,15.03
2026-09-28 00:00:00+00:00,Vagos,0118,26.02,0.57,24.87,26.91,25.54,26.15,26.48,19.26,0.21,18.93,19.69,19.09,19.23,19.44,13.50,0.88,12.30,15.31,12.74,13.24,14.24
2026-09-29 00:00:00+00:00,Vagos,0118,28.51,0.30,27.95,29.04,28.27,28.51,28.75,22.69,0.14,22.40,23.01,22.59,22.70,22.78,17.40,0.11,17.16,17.58,17.30,17.41,17.49
2026-09-10 00:00:00+00:00,Vale de Cambra,0119,26.70,0.40,25.75,27.43,26.38,26.72,27.06,18.62,0.15,18.42,19.07,18.49,18.59,18.70,11.38,0.15,11.15,11.87,11.26,11.35,11.48
2026-09-11 00:00:00+00:00,Vale de Cambra,0119,29.83,0.31,29.07,30.38,29.60,29.83,30.10,21.07,0.44,20.42,22.25,20.70,21.00,21.34,12.66,0.39,12.02,13.79,12.33,12.61,12.95
2026-09-12 00:00:00+00:00,Vale de Cambra,0119,33.13,0.41,32.33,33.90,32.77,33.13,33.48,23.63,0.57,22.76,25.18,23.18,23.57,24.00,14.76,0.60,13.80,16.61,14.26,14.66,15.17
2026-09-13 00:00:00+00:00,Vale de Cambra,0119,34.48,0.30,33.84,35.05,34.24,34.47,34.74,23.92,0.95,22.39,26.32,23.16,23.81,24.60,14.09,0.92,12.60,16.80,13.31,13.95,14.72
2026-09-14 00:00:00+00:00,Vale de Cambra,0119,33.59,0.29,32.93,34.15,33.37,33.58,33.84,23.37,0.90,21.96,25.68,22.61,23.31,23.98,14.52,0.74,13.35,16.86,13.89,14.44,15.06
2026-09-15 00:00:00+00:00,Vale de Cambra,0119,27.51,0.46,26.55,28.33,27.15,27.52,27.90,18.95,0.21,18.51,19.33,18.76,18.97,19.15,12.54,0.74,11.34,14.22,11.90,12.46,13.10
2026-09-16 00:00:00+00:00,Vale de Cambra,0119,27.45,0.50,26.51,28.39,27.03,27.46,27.90,19.35,0.04,19.30,19.53,19.32,19.33,19.37,13.46,0.10,13.33,13.90,13.39,13.44,13.51
2026-09-17 00:00:00+00:00,Vale de Cambra,0119,25.80,0.60,24.41,26.86,25.35,25.80,26.28,19.18,0.34,18.53,19.83,18.90,19.17,19.46,12.40,0.18,11.79,12.64,12.30,12.43,12.54
2026-09-18 00:00:00+00:00,Vale de Cambra,0119,28.01,0.51,26.97,28.97,27.58,28.02,28.46,18.75,0.43,18.11,19.97,18.41,18.69,19.02,10.23,0.33,9.64,11.16,9.95,10.23,10.46
2026-09-19 00:00:00+00:00,Vale de Cambra,0119,31.27,0.40,30.36,32.01,30.95,31.27,31.61,21.11,0.68,20.02,22.93,20.58,21.00,21.56,11.93,0.58,10.94,13.72,11.46,11.89,12.34
2026-09-20 00:00:00+00:00,Vale de Cambra,0119,33.38,0.60,31.91,34.37,32.97,33.42,33.84,22.74,0.33,22.21,23.71,22.47,22.71,22.98,13.79,0.76,12.56,16.11,13.14,13.69,14.34
2026-09-21 00:00:00+00:00,Vale de Cambra,0119,34.23,0.58,32.74,35.18,33.86,34.28,34.69,23.67,0.86,22.27,25.88,22.99,23.56,24.29,14.47,0.84,13.10,16.95,13.76,14.40,15.07
2026-09-22 00:00:00+00:00,Vale de Cambra,0119,34.85,0.46,33.87,35.70,34.47,34.86,35.26,23.94,0.99,22.40,26.57,23.13,23.85,24.57,13.82,0.95,12.32,16.83,13.02,13.72,14.54
2026-09-23 00:00:00+00:00,Vale de Cambra,0119,34.17,0.59,32.52,35.25,33.72,34.14,34.65,23.10,0.97,21.75,25.73,22.28,22.91,23.76,13.88,0.83,12.65,16.60,13.22,13.76,14.41
2026-09-24 00:00:00+00:00,Vale de Cambra,0119,31.93,0.72,29.43,32.92,31.52,32.08,32.47,20.27,0.17,19.68,20.65,20.19,20.28,20.36,12.95,0.80,11.74,15.53,12.31,12.83,13.51
2026-09-25 00:00:00+00:00,Vale de Cambra,0119,27.77,0.40,26.34,28.30,27.57,27.86,28.07,18.39,0.05,18.24,18.53,18.36,18.39,18.42,11.92,0.17,11.65,12.44,11.77,11.88,12.03
2026-09-26 00:00:00+00:00,Vale de Cambra,0119,28.97,0.22,28.07,29.18,28.87,29.04,29.12,19.03,0.12,18.85,19.45,18.94,19.01,19.09,11.20,0.29,10.70,11.89,10.96,11.17,11.41
2026-09-27 00:00:00+00:00,Vale de Cambra,0119,26.60,0.11,26.19,26.76,26.54,26.62,26.69,19.26,0.08,19.13,19.49,19.20,19.25,19.32,14.54,0.17,14.26,14.99,14.40,14.52,14.65
2026-09-28 00:00:00+00:00,Vale de Cambra,0119,24.12,0.71,22.18,25.25,23.66,24.21,24.66,18.25,0.08,18.02,18.48,18.21,18.26,18.29,12.94,0.16,12.66,13.40,12.80,12.93,13.06
2026-09-29 00:00:00+00:00,Vale de Cambra,0119,25.82,0.77,23.88,27.09,25.31,25.86,26.41,21.50,0.41,20.20,22.14,21.29,21.53,21.81,16.98,0.22,16.37,17.39,16.82,16.98,17.16
2026-09-10 00:00:00+00:00,Aljustrel,0201,33.22,0.41,32.43,34.07,32.91,33.15,33.56,22.41,0.16,21.93,22.78,22.33,22.42,22.47,11.96,0.62,11.00,13.17,11.41,11.90,12.53
2026-09-11 00:00:00+00:00,Aljustrel,0201,35.66,0.34,35.00,36.38,35.40,35.59,35.93,23.75,0.49,23.13,25.00,23.32,23.63,24.10,12.56,0.87,11.23,14.53,11.79,12.47,13.28
2026-09-12 00:00:00+00:00,Aljustrel,0201,37.53,0.40,36.85,38.37,37.19,37.44,37.84,25.51,0.54,24.82,26.94,25.03,25.36,25.88,14.26,1.21,12.46,17.11,13.20,14.13,15.26
2026-09-13 00:00:00+00:00,Aljustrel,0201,38.06,0.37,37.33,38.80,37.77,38.01,38.38,26.10,0.50,25.50,27.53,25.68,25.95,26.40,15.39,1.35,13.46,18.87,14.22,15.17,16.41
2026-09-14 00:00:00+00:00,Aljustrel,0201,37.59,0.29,37.16,38.27,37.33,37.49,37.81,25.70,0.47,25.10,26.76,25.26,25.60,26.11,15.58,1.10,13.94,18.22,14.63,15.48,16.47
2026-09-15 00:00:00+00:00,Aljustrel,0201,35.34,0.34,34.68,36.14,35.12,35.23,35.59,24.41,0.34,23.91,25.15,24.10,24.31,24.73,15.03,1.06,13.44,17.28,14.09,14.91,15.97
2026-09-16 00:00:00+00:00,Aljustrel,0201,29.42,0.24,28.61,29.89,29.31,29.44,29.57,22.09,0.27,21.46,22.62,21.90,22.06,22.30,16.52,0.20,16.06,17.02,16.40,16.47,16.63
2026-09-17 00:00:00+00:00,Aljustrel,0201,32.28,0.53,31.44,33.28,31.81,32.23,32.74,22.10,0.20,21.60,22.62,22.00,22.08,22.18,12.38,0.84,11.12,14.19,11.63,12.27,13.08
2026-09-18 00:00:00+00:00,Aljustrel,0201,32.28,0.50,31.34,33.26,31.84,32.20,32.70,21.46,0.34,20.97,22.31,21.16,21.37,21.72,11.53,0.74,10.41,13.28,10.88,11.43,12.11
2026-09-19 00:00:00+00:00,Aljustrel,0201,34.42,0.40,33.80,35.19,34.06,34.35,34.76,23.37,0.46,22.79,24.55,22.96,23.26,23.72,12.65,1.18,10.85,15.31,11.61,12.49,13.66
2026-09-20 00:00:00+00:00,Aljustrel,0201,35.07,0.33,34.49,35.64,34.76,35.06,35.36,24.74,0.42,24.20,25.79,24.37,24.66,25.05,15.50,1.07,13.93,18.06,14.55,15.38,16.41
2026-09-21 00:00:00+00:00,Aljustrel,0201,35.38,0.33,34.83,35.94,35.06,35.37,35.68,24.90,0.35,24.44,25.84,24.59,24.82,25.15,15.46,0.99,14.02,17.88,14.59,15.34,16.28
2026-09-22 00:00:00+00:00,Aljustrel,0201,36.49,0.45,35.84,37.45,36.09,36.39,36.87,24.32,0.47,23.72,25.39,23.88,24.23,24.75,14.17,1.14,12.36,16.56,13.15,14.06,15.20
2026-09-23 00:00:00+00:00,Aljustrel,0201,37.23,0.26,36.48,37.70,37.04,37.26,37.43,24.19,0.70,23.25,25.73,23.55,24.07,24.82,13.94,1.39,11.86,17.10,12.71,13.75,15.12
2026-09-24 00:00:00+00:00,Aljustrel,0201,37.10,0.43,36.37,37.97,36.72,37.03,37.46,24.62,0.67,23.74,26.11,24.00,24.50,25.20,13.50,1.44,11.28,16.46,12.22,13.32,14.82
2026-09-25 00:00:00+00:00,Aljustrel,0201,35.11,0.12,34.72,35.41,35.04,35.09,35.18,24.16,0.64,23.33,25.54,23.57,24.05,24.74,14.47,1.40,12.38,17.75,13.23,14.30,15.60
2026-09-26 00:00:00+00:00,Aljustrel,0201,36.94,0.14,36.68,37.31,36.84,36.89,37.03,23.66,0.72,22.66,25.26,23.00,23.55,24.28,12.33,1.00,10.74,14.37,11.44,12.24,13.23
2026-09-27 00:00:00+00:00,Aljustrel,0201,31.66,0.54,30.36,32.53,31.26,31.65,32.13,23.43,0.20,23.12,24.02,23.30,23.37,23.51,16.77,0.57,15.88,17.94,16.26,16.71,17.27
2026-09-28 00:00:00+00:00,Aljustrel,0201,30.96,0.47,30.19,31.80,30.53,30.94,31.37,21.66,0.09,21.46,21.89,21.61,21.67,21.70,15.87,0.78,14.70,17.68,15.18,15.79,16.53
2026-09-29 00:00:00+00:00,Aljustrel,0201,31.18,0.67,29.91,32.37,30.61,31.14,31.77,23.77,0.34,23.12,24.34,23.45,23.76,24.07,17.87,0.57,16.90,18.87,17.36,17.85,18.40
2026-09-10 00:00:00+00:00,Almodôvar,0202,31.85,0.83,30.06,33.00,31.24,31.97,32.57,22.11,0.74,20.83,23.20,21.55,22.04,22.79,13.36,0.98,10.98,14.35,12.71,13.84,14.10
2026-09-11 00:00:00+00:00,Almodôvar,0202,34.50,1.03,32.33,36.00,33.70,34.67,35.35,24.10,0.78,22.44,25.17,23.48,24.41,24.77,14.29,1.40,11.79,17.54,13.47,13.84,15.33
2026-09-12 00:00:00+00:00,Almodôvar,0202,36.28,0.85,34.18,37.30,35.65,36.56,36.98,25.84,0.62,24.67,26.60,25.31,26.02,26.38,16.35,1.41,13.88,19.88,15.56,15.94,17.31
2026-09-13 00:00:00+00:00,Almodôvar,0202,36.19,1.01,33.86,37.50,35.43,36.46,37.00,26.08,0.47,25.31,26.80,25.64,26.00,26.54,16.77,1.22,14.96,19.72,15.93,16.29,17.68
2026-09-14 00:00:00+00:00,Almodôvar,0202,36.88,0.88,34.75,38.10,36.21,37.19,37.61,26.46,0.61,25.29,27.25,25.91,26.60,27.04,17.16,1.21,15.07,20.08,16.47,16.79,18.00
2026-09-15 00:00:00+00:00,Almodôvar,0202,35.45,0.63,34.34,36.50,34.86,35.30,36.03,25.43,0.98,23.35,26.54,24.63,25.81,26.28,16.82,1.19,14.46,18.50,15.98,16.77,17.93
2026-09-16 00:00:00+00:00,Almodôvar,0202,29.04,0.92,27.34,30.50,28.23,28.89,29.92,21.02,0.69,19.84,22.10,20.37,20.89,21.72,16.18,0.88,14.64,17.50,15.47,16.04,17.01
2026-09-17 00:00:00+00:00,Almodôvar,0202,30.59,0.93,28.34,31.60,29.96,30.96,31.35,21.77,0.73,20.62,22.90,21.21,21.68,22.47,13.97,1.30,10.90,15.82,13.11,14.52,14.83
2026-09-18 00:00:00+00:00,Almodôvar,0202,31.23,1.01,28.78,32.41,30.52,31.63,32.06,21.76,0.64,20.52,22.60,21.25,21.79,22.36,12.94,1.32,10.49,15.95,12.19,12.58,13.92
2026-09-19 00:00:00+00:00,Almodôvar,0202,33.07,0.94,31.22,34.50,32.34,33.05,33.90,23.60,0.55,22.52,24.47,23.16,23.70,24.12,15.06,1.27,12.77,18.02,14.33,14.73,15.93
2026-09-20 00:00:00+00:00,Almodôvar,0202,33.11,1.11,30.54,34.60,32.31,33.37,34.04,24.69,0.67,23.53,25.80,24.07,24.50,25.32,16.97,0.90,14.97,18.56,16.43,17.10,17.60
2026-09-21 00:00:00+00:00,Almodôvar,0202,33.75,0.91,31.64,34.90,33.07,34.04,34.47,24.81,0.61,23.97,25.80,24.24,24.68,25.42,16.82,0.87,15.06,18.60,16.30,16.74,17.43
2026-09-22 00:00:00+00:00,Almodôvar,0202,35.25,0.75,33.28,36.20,34.69,35.47,35.87,25.19,0.59,24.09,25.96,24.67,25.33,25.74,16.72,0.80,15.24,18.61,16.26,16.55,17.26
2026-09-23 00:00:00+00:00,Almodôvar,0202,35.64,1.70,32.23,38.20,34.38,35.50,37.16,25.59,0.78,24.03,26.64,24.93,25.87,26.29,17.09,1.62,14.19,21.17,16.18,16.65,18.16
2026-09-24 00:00:00+00:00,Almodôvar,0202,36.12,0.86,34.17,37.10,35.52,36.44,36.82,26.07,0.84,24.33,27.32,25.38,26.40,26.79,17.28,1.70,14.58,21.98,16.27,16.70,18.29
2026-09-25 00:00:00+00:00,Almodôvar,0202,35.95,0.38,35.15,36.50,35.64,36.05,36.26,25.78,0.87,23.94,26.76,25.08,26.10,26.53,16.84,1.50,13.90,20.36,15.94,16.65,17.82
2026-09-26 00:00:00+00:00,Almodôvar,0202,36.70,0.78,34.98,37.70,36.11,36.93,37.31,25.28,0.84,23.45,26.66,24.68,25.60,25.84,15.05,1.88,11.44,19.29,14.00,14.59,16.37
2026-09-27 00:00:00+00:00,Almodôvar,0202,29.24,0.76,27.84,30.93,28.67,29.28,29.66,22.94,0.37,21.89,23.40,22.71,23.06,23.22,17.77,0.36,16.92,18.46,17.54,17.84,18.07
2026-09-28 00:00:00+00:00,Almodôvar,0202,29.51,0.93,27.21,30.55,28.82,29.86,30.28,21.14,0.31,20.07,21.58,21.02,21.27,21.30,16.88,0.34,16.11,17.48,16.65,16.95,17.17
2026-09-29 00:00:00+00:00,Almodôvar,0202,28.18,0.91,26.29,29.60,27.56,28.03,29.03,22.26,0.70,20.10,23.00,21.88,22.55,22.75,19.15,0.64,17.23,20.25,18.85,19.28,19.51
2026-09-10 00:00:00+00:00,Alvito,0203,33.47,0.08,33.33,33.80,33.42,33.44,33.49,23.21,0.05,23.08,23.34,23.19,23.21,23.23,13.71,0.38,12.60,14.30,13.44,13.72,14.04
2026-09-11 00:00:00+00:00,Alvito,0203,35.65,0.16,35.40,36.19,35.53,35.66,35.72,25.48,0.07,25.24,25.64,25.44,25.49,25.52,14.78,0.34,13.70,15.30,14.58,14.78,15.07
2026-09-12 00:00:00+00:00,Alvito,0203,37.58,0.09,37.45,37.96,37.52,37.56,37.61,27.33,0.15,27.01,27.60,27.21,27.32,27.46,16.32,0.29,15.25,16.80,16.22,16.33,16.53
2026-09-13 00:00:00+00:00,Alvito,0203,38.02,0.14,37.80,38.50,37.90,38.02,38.08,27.16,0.10,26.95,27.47,27.09,27.16,27.21,16.93,0.28,15.79,17.52,16.86,16.98,17.09
2026-09-14 00:00:00+00:00,Alvito,0203,37.08,0.18,36.80,37.62,36.92,37.08,37.20,26.53,0.11,26.39,26.78,26.43,26.51,26.62,17.11,0.40,15.70,17.79,16.94,17.11,17.39
2026-09-15 00:00:00+00:00,Alvito,0203,34.34,0.09,34.16,34.57,34.29,34.33,34.41,24.73,0.15,24.50,25.03,24.59,24.71,24.85,17.12,0.45,15.59,17.80,16.91,17.12,17.49
2026-09-16 00:00:00+00:00,Alvito,0203,30.02,0.06,29.90,30.15,29.97,30.03,30.08,21.86,0.16,21.60,22.28,21.73,21.87,21.98,16.79,0.02,16.74,16.87,16.78,16.79,16.80
2026-09-17 00:00:00+00:00,Alvito,0203,32.00,0.05,31.80,32.12,31.99,32.01,32.02,23.13,0.08,22.94,23.43,23.08,23.11,23.17,15.12,0.30,14.40,15.60,14.86,15.13,15.39
2026-09-18 00:00:00+00:00,Alvito,0203,31.48,0.18,31.20,32.11,31.33,31.48,31.56,22.42,0.04,22.33,22.54,22.39,22.41,22.45,12.75,0.12,12.25,12.96,12.72,12.80,12.82
2026-09-19 00:00:00+00:00,Alvito,0203,33.94,0.15,33.70,34.47,33.82,33.95,34.01,24.42,0.05,24.33,24.54,24.40,24.41,24.46,13.34,0.24,12.97,14.11,13.15,13.24,13.48
2026-09-20 00:00:00+00:00,Alvito,0203,34.48,0.23,34.10,35.17,34.28,34.48,34.63,25.62,0.03,25.58,25.73,25.60,25.61,25.64,16.30,0.18,15.67,16.87,16.25,16.30,16.37
2026-09-21 00:00:00+00:00,Alvito,0203,35.00,0.06,34.90,35.24,34.96,35.00,35.03,25.32,0.13,24.81,25.50,25.28,25.35,25.41,15.34,0.26,14.62,16.16,15.25,15.29,15.42
2026-09-22 00:00:00+00:00,Alvito,0203,36.61,0.13,36.35,37.05,36.53,36.60,36.67,24.87,0.07,24.79,25.10,24.81,24.84,24.92,14.17,0.28,13.29,14.96,14.07,14.14,14.28
2026-09-23 00:00:00+00:00,Alvito,0203,38.45,0.11,38.14,38.74,38.39,38.48,38.51,25.54,0.05,25.38,25.65,25.52,25.55,25.57,14.71,0.35,13.29,15.37,14.61,14.80,14.91
2026-09-24 00:00:00+00:00,Alvito,0203,37.32,0.16,36.89,37.50,37.22,37.37,37.45,26.02,0.08,25.79,26.15,25.98,26.04,26.07,15.07,0.42,13.57,15.79,14.92,15.07,15.36
2026-09-25 00:00:00+00:00,Alvito,0203,34.77,0.07,34.68,34.92,34.71,34.75,34.81,25.46,0.07,25.26,25.61,25.42,25.48,25.50,17.84,0.16,17.35,18.10,17.77,17.85,17.95
2026-09-26 00:00:00+00:00,Alvito,0203,36.27,0.08,36.19,36.50,36.21,36.24,36.34,25.21,0.07,24.97,25.32,25.17,25.23,25.26,13.71,0.10,13.54,14.05,13.66,13.68,13.72
2026-09-27 00:00:00+00:00,Alvito,0203,32.74,0.24,32.10,33.00,32.58,32.83,32.94,24.29,0.03,24.16,24.32,24.27,24.30,24.30,17.56,0.07,17.49,17.78,17.51,17.53,17.59
2026-09-28 00:00:00+00:00,Alvito,0203,29.54,0.12,29.40,29.89,29.44,29.50,29.63,21.74,0.04,21.70,21.84,21.71,21.73,21.76,16.63,0.13,16.46,17.11,16.55,16.57,16.67
2026-09-29 00:00:00+00:00,Alvito,0203,29.94,0.10,29.80,30.28,29.85,29.91,30.00,23.19,0.12,23.00,23.50,23.09,23.20,23.28,19.22,0.08,19.02,19.51,19.18,19.20,19.25
2026-09-10 00:00:00+00:00,Barrancos,0204,32.96,0.03,32.91,33.04,32.93,32.96,32.99,22.79,0.05,22.71,22.92,22.75,22.79,22.83,12.84,0.08,12.71,13.04,12.77,12.83,12.91
2026-09-11 00:00:00+00:00,Barrancos,0204,35.82,0.01,35.80,35.85,35.81,35.82,35.83,25.17,0.04,25.11,25.25,25.14,25.17,25.20,13.74,0.08,13.61,13.90,13.68,13.74,13.81
2026-09-12 00:00:00+00:00,Barrancos,0204,37.76,0.02,37.69,37.80,37.74,37.76,37.78,27.55,0.03,27.50,27.60,27.53,27.56,27.58,15.70,0.05,15.61,15.80,15.66,15.70,15.75
2026-09-13 00:00:00+00:00,Barrancos,0204,39.13,0.09,38.93,39.29,39.05,39.14,39.21,28.58,0.07,28.45,28.69,28.53,28.59,28.64,17.37,0.03,17.31,17.42,17.34,17.37,17.39
2026-09-14 00:00:00+00:00,Barrancos,0204,38.01,0.01,38.00,38.03,38.01,38.01,38.02,28.58,0.07,28.45,28.69,28.52,28.58,28.63,18.20,0.05,18.10,18.29,18.15,18.20,18.24
2026-09-15 00:00:00+00:00,Barrancos,0204,36.38,0.07,36.25,36.49,36.33,36.38,36.44,26.38,0.01,26.36,26.40,26.37,26.38,26.39,16.63,0.07,16.51,16.79,16.57,16.62,16.69
2026-09-16 00:00:00+00:00,Barrancos,0204,31.02,0.02,31.00,31.08,31.01,31.02,31.03,23.41,0.05,23.32,23.49,23.37,23.41,23.45,17.62,0.04,17.53,17.69,17.59,17.63,17.66
2026-09-17 00:00:00+00:00,Barrancos,0204,31.78,0.01,31.76,31.80,31.78,31.79,31.79,22.76,0.04,22.71,22.85,22.73,22.76,22.79,13.41,0.17,13.13,13.82,13.26,13.39,13.55
2026-09-18 00:00:00+00:00,Barrancos,0204,31.73,0.01,31.70,31.76,31.72,31.73,31.74,22.26,0.03,22.21,22.33,22.24,22.26,22.29,11.69,0.10,11.52,11.90,11.60,11.69,11.77
2026-09-19 00:00:00+00:00,Barrancos,0204,34.98,0.07,34.82,35.09,34.93,34.99,35.04,25.51,0.05,25.41,25.59,25.47,25.52,25.56,15.07,0.02,15.02,15.10,15.06,15.07,15.09
2026-09-20 00:00:00+00:00,Barrancos,0204,36.01,0.10,35.78,36.18,35.93,36.02,36.10,26.52,0.05,26.41,26.59,26.48,26.52,26.56,18.23,0.09,18.02,18.38,18.15,18.24,18.31
2026-09-21 00:00:00+00:00,Barrancos,0204,35.50,0.06,35.37,35.59,35.45,35.51,35.55,26.85,0.08,26.67,26.99,26.78,26.86,26.92,18.11,0.11,17.86,18.28,18.02,18.12,18.20
2026-09-22 00:00:00+00:00,Barrancos,0204,36.37,0.04,36.31,36.47,36.34,36.37,36.40,26.37,0.01,26.35,26.40,26.36,26.37,26.39,17.05,0.08,16.85,17.19,16.99,17.06,17.12
2026-09-23 00:00:00+00:00,Barrancos,0204,37.50,0.05,37.41,37.61,37.45,37.49,37.54,25.96,0.03,25.91,26.03,25.93,25.95,25.98,14.39,0.10,14.22,14.59,14.31,14.39,14.48
2026-09-24 00:00:00+00:00,Barrancos,0204,36.79,0.05,36.71,36.90,36.75,36.78,36.83,25.99,0.05,25.91,26.09,25.95,25.99,26.03,15.79,0.01,15.75,15.81,15.79,15.80,15.80
2026-09-25 00:00:00+00:00,Barrancos,0204,36.84,0.03,36.77,36.90,36.81,36.84,36.87,25.95,0.03,25.90,26.01,25.93,25.95,25.97,15.62,0.12,15.42,15.86,15.51,15.61,15.71
2026-09-26 00:00:00+00:00,Barrancos,0204,37.02,0.01,37.00,37.04,37.01,37.02,37.03,25.24,0.02,25.20,25.28,25.22,25.24,25.25,13.68,0.04,13.61,13.80,13.65,13.68,13.72
2026-09-27 00:00:00+00:00,Barrancos,0204,32.87,0.07,32.69,32.99,32.81,32.87,32.93,24.59,0.01,24.57,24.61,24.59,24.60,24.60,16.62,0.12,16.42,16.87,16.52,16.62,16.72
2026-09-28 00:00:00+00:00,Barrancos,0204,29.80,0.00,29.75,29.80,29.80,29.80,29.80,23.36,0.08,23.20,23.49,23.29,23.36,23.43,18.72,0.10,18.50,18.88,18.64,18.73,18.81
2026-09-29 00:00:00+00:00,Barrancos,0204,30.42,0.04,30.34,30.49,30.38,30.42,30.46,23.90,0.06,23.78,23.99,23.85,23.90,23.95,18.36,0.03,18.31,18.41,18.34,18.36,18.38
2026-09-10 00:00:00+00:00,Beja,0205,32.69,0.11,32.50,33.16,32.59,32.70,32.77,22.78,0.09,22.54,23.06,22.72,22.76,22.83,13.40,0.12,12.81,13.54,13.38,13.43,13.47
2026-09-11 00:00:00+00:00,Beja,0205,35.23,0.15,35.00,35.62,35.09,35.23,35.34,25.20,0.19,24.41,25.45,25.18,25.27,25.30,14.92,0.33,13.71,15.30,14.74,14.98,15.18
2026-09-12 00:00:00+00:00,Beja,0205,36.97,0.32,36.60,38.26,36.73,36.92,37.11,27.18,0.24,26.23,27.40,27.09,27.28,27.35,17.73,0.66,15.89,18.60,17.29,17.83,18.30
2026-09-13 00:00:00+00:00,Beja,0205,37.69,0.09,37.40,38.06,37.63,37.67,37.75,27.82,0.36,26.66,28.20,27.61,27.93,28.10,19.66,0.94,17.08,20.90,19.03,19.79,20.47
2026-09-14 00:00:00+00:00,Beja,0205,37.21,0.30,36.90,38.47,36.99,37.14,37.33,27.10,0.22,26.40,27.87,27.01,27.10,27.16,18.86,0.69,17.04,19.80,18.37,18.95,19.46
2026-09-15 00:00:00+00:00,Beja,0205,34.85,0.37,34.50,36.13,34.55,34.72,35.04,25.41,0.23,24.93,26.29,25.29,25.33,25.49,17.70,0.39,16.51,18.20,17.47,17.76,18.03
2026-09-16 00:00:00+00:00,Beja,0205,29.95,0.20,29.62,30.78,29.83,29.88,30.01,21.97,0.19,21.74,22.78,21.84,21.90,22.01,17.13,0.09,16.72,17.28,17.11,17.16,17.19
2026-09-17 00:00:00+00:00,Beja,0205,31.22,0.23,30.90,31.96,31.02,31.20,31.39,22.63,0.09,22.28,23.00,22.61,22.63,22.67,14.45,0.27,13.54,14.70,14.30,14.57,14.67
2026-09-18 00:00:00+00:00,Beja,0205,31.19,0.42,30.70,32.68,30.85,31.09,31.44,22.49,0.15,21.96,23.01,22.46,22.50,22.53,13.58,0.41,12.48,14.10,13.33,13.67,13.94
2026-09-19 00:00:00+00:00,Beja,0205,33.72,0.39,33.30,35.34,33.42,33.63,33.89,24.84,0.21,24.01,25.12,24.80,24.93,24.97,16.02,0.57,14.35,16.80,15.63,16.06,16.51
2026-09-20 00:00:00+00:00,Beja,0205,34.58,0.18,34.40,35.42,34.46,34.54,34.62,26.03,0.19,25.30,26.22,25.99,26.10,26.15,18.74,0.62,16.98,19.60,18.29,18.79,19.28
2026-09-21 00:00:00+00:00,Beja,0205,34.72,0.19,34.50,35.54,34.57,34.68,34.80,26.11,0.20,25.40,26.48,26.02,26.17,26.24,18.61,0.62,16.84,19.50,18.18,18.63,19.15
2026-09-22 00:00:00+00:00,Beja,0205,35.67,0.27,35.30,36.48,35.44,35.65,35.87,25.73,0.20,25.03,26.38,25.65,25.77,25.80,17.31,0.48,15.74,18.00,17.07,17.33,17.70
2026-09-23 00:00:00+00:00,Beja,0205,37.29,0.13,37.10,37.92,37.19,37.28,37.38,26.09,0.20,25.21,26.30,26.04,26.14,26.23,17.85,0.81,15.93,19.00,17.25,17.91,18.58
2026-09-24 00:00:00+00:00,Beja,0205,36.25,0.27,35.90,37.09,36.01,36.21,36.46,26.54,0.20,25.59,26.70,26.52,26.61,26.65,17.32,0.54,15.60,18.10,17.00,17.34,17.77
2026-09-25 00:00:00+00:00,Beja,0205,35.26,0.42,34.90,36.90,34.96,35.11,35.42,25.94,0.19,25.08,26.35,25.91,25.99,26.01,18.31,0.79,16.07,19.20,17.82,18.54,18.98
2026-09-26 00:00:00+00:00,Beja,0205,36.92,0.18,36.71,37.68,36.80,36.85,36.98,25.69,0.22,24.71,25.90,25.66,25.74,25.83,14.92,0.31,13.79,15.30,14.76,14.96,15.17
2026-09-27 00:00:00+00:00,Beja,0205,30.80,0.33,29.61,31.42,30.69,30.90,30.98,24.08,0.16,23.50,24.25,24.01,24.16,24.20,18.25,0.17,17.57,18.54,18.20,18.31,18.36
2026-09-28 00:00:00+00:00,Beja,0205,30.00,0.10,29.70,30.35,29.96,30.00,30.02,21.98,0.12,21.55,22.41,21.95,22.00,22.03,18.18,0.35,16.99,18.60,18.01,18.23,18.46
2026-09-29 00:00:00+00:00,Beja,0205,30.23,0.32,29.00,30.54,30.12,30.36,30.47,23.18,0.08,22.91,23.36,23.15,23.20,23.23,19.04,0.09,18.61,19.23,19.01,19.06,19.09
2026-09-10 00:00:00+00:00,Castro Verde,0206,32.66,0.24,31.91,33.00,32.55,32.69,32.86,22.71,0.37,21.63,23.20,22.48,22.77,23.03,13.49,0.50,12.04,14.10,13.14,13.56,13.94
2026-09-11 00:00:00+00:00,Castro Verde,0206,35.45,0.32,34.58,36.00,35.24,35.45,35.69,24.45,0.38,23.18,24.90,24.24,24.59,24.77,13.68,0.29,12.71,14.36,13.56,13.67,13.85
2026-09-12 00:00:00+00:00,Castro Verde,0206,37.04,0.18,36.46,37.30,36.97,37.08,37.18,26.24,0.36,24.97,26.66,26.04,26.37,26.53,15.78,0.36,14.49,16.51,15.64,15.83,15.99
2026-09-13 00:00:00+00:00,Castro Verde,0206,37.28,0.15,36.84,37.55,37.22,37.31,37.37,26.55,0.28,25.61,27.00,26.39,26.66,26.76,16.32,0.42,15.38,17.62,16.02,16.19,16.56
2026-09-14 00:00:00+00:00,Castro Verde,0206,37.50,0.18,37.01,37.80,37.38,37.52,37.62,26.78,0.39,25.52,27.20,26.55,26.90,27.12,16.74,0.31,15.74,17.55,16.60,16.70,16.91
2026-09-15 00:00:00+00:00,Castro Verde,0206,35.81,0.46,34.57,36.50,35.46,35.85,36.21,25.71,0.56,24.07,26.40,25.32,25.81,26.19,17.45,0.78,15.19,18.50,16.92,17.56,18.11
2026-09-16 00:00:00+00:00,Castro Verde,0206,29.81,0.53,28.23,30.50,29.47,29.89,30.27,21.76,0.28,21.00,22.13,21.59,21.79,22.02,16.95,0.41,15.79,17.50,16.66,17.00,17.30
2026-09-17 00:00:00+00:00,Castro Verde,0206,31.41,0.10,31.12,31.72,31.37,31.41,31.46,22.41,0.36,21.33,22.90,22.19,22.48,22.71,14.04,0.57,12.29,14.70,13.68,14.16,14.53
2026-09-18 00:00:00+00:00,Castro Verde,0206,31.96,0.19,31.53,32.30,31.81,31.96,32.11,22.18,0.37,21.01,22.60,21.95,22.28,22.51,12.42,0.25,11.56,12.93,12.32,12.44,12.58
2026-09-19 00:00:00+00:00,Castro Verde,0206,34.08,0.26,33.45,34.50,33.92,34.10,34.28,23.97,0.31,22.92,24.44,23.80,24.07,24.20,14.49,0.38,13.14,15.13,14.34,14.61,14.72
2026-09-20 00:00:00+00:00,Castro Verde,0206,34.37,0.14,33.93,34.68,34.32,34.40,34.46,25.37,0.34,24.34,25.80,25.16,25.46,25.65,16.92,0.38,15.66,17.60,16.73,17.06,17.15
2026-09-21 00:00:00+00:00,Castro Verde,0206,34.73,0.10,34.45,35.05,34.70,34.72,34.78,25.44,0.31,24.49,25.80,25.25,25.53,25.70,16.67,0.33,15.61,17.45,16.51,16.71,16.85
2026-09-22 00:00:00+00:00,Castro Verde,0206,35.96,0.16,35.49,36.20,35.91,35.99,36.08,25.47,0.39,24.24,25.90,25.23,25.58,25.80,16.26,0.37,14.90,16.71,16.11,16.41,16.51
2026-09-23 00:00:00+00:00,Castro Verde,0206,37.35,0.52,35.95,38.20,37.04,37.38,37.73,25.82,0.50,24.24,26.40,25.52,25.95,26.23,16.27,0.45,14.63,16.78,16.10,16.48,16.56
2026-09-24 00:00:00+00:00,Castro Verde,0206,36.78,0.18,36.38,37.10,36.61,36.78,36.92,26.23,0.52,24.58,26.80,25.90,26.39,26.65,16.24,0.48,14.42,16.80,16.05,16.46,16.54
2026-09-25 00:00:00+00:00,Castro Verde,0206,35.95,0.42,34.78,36.50,35.63,36.05,36.31,25.96,0.61,24.10,26.70,25.55,26.09,26.48,16.37,0.46,14.66,17.00,16.16,16.57,16.66
2026-09-26 00:00:00+00:00,Castro Verde,0206,37.26,0.28,36.59,37.70,37.03,37.29,37.48,25.23,0.47,23.76,25.74,24.94,25.39,25.62,14.25,0.42,12.83,14.95,14.04,14.40,14.51
2026-09-27 00:00:00+00:00,Castro Verde,0206,29.69,0.38,29.21,30.82,29.34,29.60,29.94,23.32,0.10,23.02,23.59,23.26,23.34,23.38,17.87,0.27,16.97,18.22,17.72,17.96,18.08
2026-09-28 00:00:00+00:00,Castro Verde,0206,30.23,0.12,29.95,30.50,30.16,30.21,30.31,21.39,0.09,21.30,21.69,21.32,21.36,21.43,17.02,0.30,16.02,17.57,16.87,17.12,17.21
2026-09-29 00:00:00+00:00,Castro Verde,0206,29.51,0.20,28.90,30.32,29.39,29.48,29.59,22.96,0.09,22.82,23.37,22.90,22.93,22.99,19.07,0.21,18.30,19.35,18.96,19.13,19.25
2026-09-10 00:00:00+00:00,Cuba,0207,33.43,0.34,32.81,33.95,33.14,33.43,33.76,23.16,0.16,22.85,23.39,23.02,23.17,23.32,12.90,0.39,12.06,13.39,12.59,13.00,13.24
2026-09-11 00:00:00+00:00,Cuba,0207,35.86,0.34,35.27,36.43,35.55,35.82,36.16,25.51,0.11,25.32,25.69,25.41,25.51,25.62,14.17,0.53,13.16,14.98,13.73,14.26,14.66
2026-09-12 00:00:00+00:00,Cuba,0207,37.57,0.36,36.92,38.14,37.26,37.56,37.91,27.10,0.12,26.85,27.30,27.00,27.13,27.20,16.17,0.89,14.75,17.77,15.33,16.21,16.92
2026-09-13 00:00:00+00:00,Cuba,0207,38.24,0.28,37.78,38.73,37.98,38.20,38.48,27.42,0.30,27.02,27.95,27.12,27.41,27.68,17.23,1.31,15.28,19.64,15.95,17.18,18.31
2026-09-14 00:00:00+00:00,Cuba,0207,37.43,0.23,37.06,37.84,37.23,37.41,37.62,26.86,0.06,26.70,27.01,26.82,26.86,26.90,16.83,1.10,15.08,18.80,15.78,16.88,17.76
2026-09-15 00:00:00+00:00,Cuba,0207,34.56,0.05,34.46,34.67,34.52,34.55,34.58,25.11,0.07,24.92,25.26,25.06,25.10,25.16,16.38,0.83,14.84,17.69,15.66,16.51,17.15
2026-09-16 00:00:00+00:00,Cuba,0207,30.09,0.08,29.92,30.20,30.02,30.11,30.16,22.16,0.16,21.91,22.46,22.02,22.15,22.29,16.87,0.12,16.71,17.10,16.75,16.86,16.97
2026-09-17 00:00:00+00:00,Cuba,0207,31.79,0.29,31.23,32.18,31.55,31.82,32.08,23.17,0.24,22.76,23.56,22.95,23.14,23.40,14.49,0.19,14.01,14.75,14.37,14.56,14.65
2026-09-18 00:00:00+00:00,Cuba,0207,31.72,0.40,31.03,32.41,31.36,31.67,32.08,22.51,0.04,22.45,22.59,22.48,22.51,22.54,12.79,0.50,12.00,13.67,12.31,12.81,13.21
2026-09-19 00:00:00+00:00,Cuba,0207,34.14,0.33,33.58,34.72,33.85,34.10,34.44,24.61,0.11,24.47,24.85,24.51,24.59,24.70,14.08,0.94,12.80,15.85,13.14,14.04,14.89
2026-09-20 00:00:00+00:00,Cuba,0207,34.94,0.28,34.54,35.50,34.69,34.89,35.17,25.77,0.13,25.60,26.03,25.64,25.76,25.88,16.77,0.97,15.40,18.60,15.82,16.67,17.59
2026-09-21 00:00:00+00:00,Cuba,0207,35.03,0.20,34.68,35.36,34.87,35.02,35.22,25.25,0.42,24.57,25.97,24.86,25.29,25.61,16.01,1.22,14.32,18.30,14.81,15.90,17.05
2026-09-22 00:00:00+00:00,Cuba,0207,36.54,0.46,35.70,37.24,36.14,36.54,36.99,25.11,0.25,24.74,25.57,24.85,25.11,25.33,14.70,1.23,12.87,16.92,13.51,14.63,15.74
2026-09-23 00:00:00+00:00,Cuba,0207,38.26,0.42,37.48,38.86,37.91,38.29,38.67,25.69,0.19,25.42,26.06,25.50,25.68,25.85,14.93,1.51,12.63,17.66,13.47,14.92,16.20
2026-09-24 00:00:00+00:00,Cuba,0207,36.78,0.37,36.17,37.44,36.46,36.75,37.15,26.26,0.15,26.05,26.55,26.11,26.25,26.38,14.82,1.22,12.90,17.01,13.67,14.88,15.86
2026-09-25 00:00:00+00:00,Cuba,0207,34.95,0.06,34.77,35.05,34.93,34.96,34.98,25.70,0.11,25.51,25.91,25.61,25.69,25.79,18.12,0.32,17.64,18.78,17.81,18.07,18.38
2026-09-26 00:00:00+00:00,Cuba,0207,36.53,0.15,36.22,36.75,36.40,36.56,36.67,25.41,0.16,25.19,25.73,25.25,25.41,25.55,14.25,0.40,13.65,14.96,13.86,14.27,14.59
2026-09-27 00:00:00+00:00,Cuba,0207,31.94,0.48,31.18,32.86,31.52,31.88,32.38,24.27,0.05,24.20,24.36,24.23,24.27,24.32,17.90,0.20,17.53,18.25,17.71,17.90,18.07
2026-09-28 00:00:00+00:00,Cuba,0207,29.77,0.15,29.45,29.97,29.64,29.80,29.90,21.88,0.07,21.72,21.98,21.83,21.89,21.94,17.31,0.53,16.50,18.21,16.79,17.34,17.76
2026-09-29 00:00:00+00:00,Cuba,0207,30.07,0.18,29.82,30.38,29.88,30.06,30.23,23.42,0.11,23.26,23.66,23.32,23.40,23.51,19.34,0.16,19.11,19.65,19.19,19.30,19.48
2026-09-10 00:00:00+00:00,Ferreira do Alentejo,0208,33.42,0.26,32.82,34.02,33.25,33.41,33.60,22.77,0.19,22.41,23.15,22.63,22.77,22.92,12.61,0.72,11.07,13.77,12.06,12.81,13.24
2026-09-11 00:00:00+00:00,Ferreira do Alentejo,0208,35.77,0.23,35.29,36.33,35.62,35.73,35.94,24.43,0.65,23.24,25.40,23.87,24.52,25.01,13.45,1.03,11.32,14.89,12.62,13.69,14.38
2026-09-12 00:00:00+00:00,Ferreira do Alentejo,0208,37.59,0.29,36.96,38.30,37.40,37.54,37.79,26.21,0.71,24.93,27.22,25.60,26.30,26.85,15.11,1.33,12.55,17.59,14.02,15.28,16.15
2026-09-13 00:00:00+00:00,Ferreira do Alentejo,0208,38.17,0.22,37.77,38.74,38.00,38.10,38.33,26.57,0.64,25.58,27.85,25.98,26.53,27.06,16.22,1.47,13.55,19.41,15.03,16.31,17.26
2026-09-14 00:00:00+00:00,Ferreira do Alentejo,0208,37.29,0.33,36.58,38.18,37.09,37.19,37.50,25.98,0.52,25.09,26.90,25.52,26.00,26.40,16.18,1.17,14.01,18.63,15.22,16.28,17.03
2026-09-15 00:00:00+00:00,Ferreira do Alentejo,0208,34.73,0.52,33.67,36.02,34.40,34.61,35.07,24.50,0.35,23.88,25.18,24.18,24.48,24.79,15.82,1.13,13.52,17.60,14.89,16.04,16.83
2026-09-16 00:00:00+00:00,Ferreira do Alentejo,0208,29.81,0.15,29.46,30.09,29.70,29.81,29.94,22.15,0.18,21.84,22.59,22.00,22.09,22.29,16.74,0.16,16.41,17.06,16.62,16.77,16.85
2026-09-17 00:00:00+00:00,Ferreira do Alentejo,0208,32.29,0.48,31.32,33.23,31.93,32.25,32.69,22.54,0.27,22.05,23.03,22.32,22.56,22.75,13.42,1.07,11.22,15.09,12.59,13.67,14.36
2026-09-18 00:00:00+00:00,Ferreira do Alentejo,0208,31.95,0.53,31.10,33.17,31.51,31.79,32.36,21.86,0.40,21.12,22.45,21.53,21.92,22.22,12.21,0.80,10.50,13.57,11.60,12.43,12.82
2026-09-19 00:00:00+00:00,Ferreira do Alentejo,0208,34.31,0.38,33.63,35.14,34.00,34.25,34.63,23.81,0.55,22.84,24.75,23.34,23.86,24.27,13.07,1.19,10.91,15.66,12.12,13.11,13.92
2026-09-20 00:00:00+00:00,Ferreira do Alentejo,0208,34.98,0.31,34.46,35.62,34.69,34.93,35.25,25.17,0.47,24.26,25.97,24.79,25.26,25.55,15.92,1.11,13.98,18.42,15.03,15.94,16.71
2026-09-21 00:00:00+00:00,Ferreira do Alentejo,0208,35.31,0.32,34.73,35.92,35.05,35.27,35.59,25.15,0.36,24.52,25.94,24.85,25.17,25.40,15.67,0.97,14.06,18.17,14.95,15.50,16.29
2026-09-22 00:00:00+00:00,Ferreira do Alentejo,0208,36.36,0.37,35.68,37.35,36.13,36.26,36.57,24.50,0.51,23.68,25.50,24.06,24.51,24.91,14.33,1.05,12.42,16.80,13.53,14.29,15.06
2026-09-23 00:00:00+00:00,Ferreira do Alentejo,0208,37.71,0.21,37.37,38.33,37.57,37.63,37.84,24.59,0.79,23.25,25.95,23.90,24.65,25.27,14.34,1.38,11.93,17.47,13.21,14.36,15.33
2026-09-24 00:00:00+00:00,Ferreira do Alentejo,0208,37.02,0.36,36.28,37.90,36.81,36.97,37.23,24.98,0.79,23.71,26.38,24.26,25.00,25.66,13.91,1.43,11.34,16.82,12.69,13.99,14.97
2026-09-25 00:00:00+00:00,Ferreira do Alentejo,0208,34.92,0.17,34.52,35.34,34.81,34.93,35.02,24.52,0.72,23.30,25.76,23.85,24.56,25.15,15.62,1.68,12.48,18.43,14.17,15.79,17.08
2026-09-26 00:00:00+00:00,Ferreira do Alentejo,0208,36.65,0.25,36.18,37.25,36.47,36.67,36.80,24.11,0.84,22.67,25.56,23.37,24.17,24.83,12.74,1.05,10.80,14.70,11.85,12.82,13.55
2026-09-27 00:00:00+00:00,Ferreira do Alentejo,0208,32.19,0.38,31.21,32.77,31.92,32.30,32.50,23.83,0.28,23.32,24.25,23.59,23.87,24.08,17.05,0.60,15.92,18.12,16.55,17.12,17.51
2026-09-28 00:00:00+00:00,Ferreira do Alentejo,0208,30.58,0.57,29.63,31.75,30.09,30.48,31.04,21.76,0.07,21.68,21.94,21.71,21.74,21.81,16.18,0.83,14.74,17.96,15.51,16.19,16.79
2026-09-29 00:00:00+00:00,Ferreira do Alentejo,0208,30.97,0.60,30.05,32.31,30.46,30.80,31.43,23.66,0.31,23.21,24.32,23.37,23.59,23.91,18.35,0.63,16.96,19.17,17.89,18.52,18.90
2026-09-10 00:00:00+00:00,Mértola,0209,32.85,0.17,32.46,33.56,32.78,32.80,32.89,23.05,0.06,22.78,23.18,23.03,23.06,23.09,13.92,0.37,13.40,15.07,13.56,13.95,14.23
2026-09-11 00:00:00+00:00,Mértola,0209,35.28,0.35,34.04,35.94,35.04,35.38,35.55,25.16,0.15,24.80,25.48,25.07,25.21,25.27,14.89,0.50,13.67,16.13,14.61,14.70,15.26
2026-09-12 00:00:00+00:00,Mértola,0209,37.47,0.57,36.04,38.50,37.04,37.26,37.98,26.73,0.22,26.26,27.10,26.54,26.66,26.95,16.65,0.35,15.85,17.60,16.39,16.56,16.93
2026-09-13 00:00:00+00:00,Mértola,0209,37.18,0.56,35.78,38.00,36.69,37.26,37.66,26.95,0.19,26.49,27.49,26.78,26.92,27.13,17.90,0.56,15.99,18.79,17.75,18.01,18.21
2026-09-14 00:00:00+00:00,Mértola,0209,37.66,0.61,36.20,38.70,37.17,37.58,38.19,27.52,0.27,27.03,28.00,27.29,27.45,27.75,17.72,0.42,16.66,18.61,17.45,17.60,18.01
2026-09-15 00:00:00+00:00,Mértola,0209,35.99,0.25,34.97,36.46,35.87,36.02,36.17,26.34,0.19,25.66,26.79,26.29,26.36,26.40,17.52,0.69,16.50,18.68,16.85,17.48,18.22
2026-09-16 00:00:00+00:00,Mértola,0209,30.43,0.30,29.65,30.90,30.21,30.38,30.72,22.42,0.33,21.61,22.90,22.12,22.38,22.76,17.37,0.12,16.96,17.90,17.30,17.36,17.42
2026-09-17 00:00:00+00:00,Mértola,0209,31.51,0.34,30.17,32.10,31.32,31.45,31.76,22.63,0.07,22.32,22.87,22.58,22.63,22.68,14.37,0.47,13.60,15.38,13.94,14.41,14.80
2026-09-18 00:00:00+00:00,Mértola,0209,32.17,0.40,31.18,32.90,31.89,32.06,32.50,22.80,0.18,22.39,23.10,22.64,22.76,22.96,13.21,0.63,12.40,14.56,12.70,13.01,13.69
2026-09-19 00:00:00+00:00,Mértola,0209,34.49,0.65,33.20,35.60,33.98,34.33,35.09,24.81,0.27,24.21,25.20,24.63,24.83,25.04,15.52,0.46,14.66,16.55,15.18,15.33,15.85
2026-09-20 00:00:00+00:00,Mértola,0209,34.56,0.64,33.11,35.60,34.02,34.50,35.14,25.77,0.34,24.93,26.30,25.51,25.74,26.09,17.80,0.22,17.13,18.46,17.72,17.82,17.90
2026-09-21 00:00:00+00:00,Mértola,0209,34.79,0.57,33.54,35.70,34.33,34.77,35.30,25.99,0.36,25.26,26.60,25.68,25.90,26.34,17.79,0.36,16.74,18.40,17.61,17.90,18.09
2026-09-22 00:00:00+00:00,Mértola,0209,36.19,0.28,34.91,36.85,36.03,36.15,36.42,26.13,0.21,25.66,26.50,25.95,26.09,26.32,17.05,0.19,16.52,17.40,16.94,17.10,17.20
2026-09-23 00:00:00+00:00,Mértola,0209,37.25,0.41,35.31,38.11,37.11,37.33,37.50,26.22,0.28,25.81,27.07,26.00,26.08,26.39,16.82,0.78,15.70,18.66,16.15,16.75,17.35
2026-09-24 00:00:00+00:00,Mértola,0209,36.91,0.24,35.85,37.55,36.78,36.91,37.07,26.84,0.29,26.40,27.77,26.67,26.70,26.93,17.13,0.30,16.55,18.38,16.92,17.00,17.34
2026-09-25 00:00:00+00:00,Mértola,0209,36.45,0.34,35.70,37.10,36.23,36.34,36.74,26.48,0.22,25.97,27.08,26.36,26.40,26.63,16.85,0.71,15.80,18.41,16.23,16.84,17.33
2026-09-26 00:00:00+00:00,Mértola,0209,37.35,0.27,36.61,37.80,37.15,37.34,37.57,25.85,0.17,25.46,26.22,25.71,25.78,25.99,15.37,0.81,14.40,17.15,14.74,15.05,16.01
2026-09-27 00:00:00+00:00,Mértola,0209,29.13,0.46,28.24,30.33,28.76,29.21,29.49,23.51,0.35,22.77,24.00,23.23,23.52,23.84,18.54,0.20,18.06,18.98,18.38,18.58,18.65
2026-09-28 00:00:00+00:00,Mértola,0209,29.52,0.37,28.66,30.44,29.25,29.64,29.72,21.87,0.44,21.04,22.50,21.44,21.89,22.32,17.85,0.24,17.22,18.54,17.70,17.91,18.00
2026-09-29 00:00:00+00:00,Mértola,0209,28.85,0.34,28.03,29.80,28.59,28.88,29.05,22.68,0.26,21.85,23.04,22.52,22.79,22.88,19.07,0.07,18.72,19.29,19.01,19.05,19.10
2026-09-10 00:00:00+00:00,Moura,0210,33.00,0.09,32.90,33.37,32.94,32.97,33.03,22.84,0.10,22.70,23.14,22.75,22.82,22.90,12.89,0.14,12.70,13.27,12.76,12.88,13.01
2026-09-11 00:00:00+00:00,Moura,0210,35.84,0.07,35.65,36.18,35.80,35.82,35.85,25.21,0.09,25.10,25.52,25.14,25.20,25.26,13.85,0.20,13.60,14.42,13.68,13.82,13.99
2026-09-12 00:00:00+00:00,Moura,0210,37.74,0.05,37.57,37.80,37.72,37.75,37.78,27.53,0.07,27.31,27.60,27.48,27.54,27.58,15.82,0.18,15.60,16.45,15.67,15.79,15.93
2026-09-13 00:00:00+00:00,Moura,0210,39.02,0.22,38.35,39.30,38.86,39.05,39.21,28.49,0.18,27.95,28.70,28.37,28.53,28.64,17.46,0.14,17.30,17.99,17.35,17.44,17.56
2026-09-14 00:00:00+00:00,Moura,0210,38.01,0.05,37.84,38.31,37.99,38.01,38.02,28.44,0.23,27.66,28.70,28.33,28.49,28.63,18.10,0.17,17.54,18.30,18.00,18.14,18.23
2026-09-15 00:00:00+00:00,Moura,0210,36.28,0.20,35.55,36.50,36.19,36.34,36.44,26.33,0.09,25.93,26.50,26.31,26.36,26.40,16.70,0.15,16.50,17.18,16.57,16.69,16.80
2026-09-16 00:00:00+00:00,Moura,0210,31.00,0.09,30.64,31.43,30.96,31.00,31.01,23.32,0.17,22.68,23.50,23.24,23.36,23.45,17.58,0.10,17.24,17.70,17.53,17.60,17.66
2026-09-17 00:00:00+00:00,Moura,0210,31.78,0.02,31.67,31.81,31.77,31.79,31.80,22.79,0.08,22.70,23.07,22.73,22.77,22.82,13.57,0.37,13.10,14.75,13.26,13.52,13.77
2026-09-18 00:00:00+00:00,Moura,0210,31.77,0.05,31.70,31.98,31.72,31.76,31.80,22.33,0.10,22.20,22.56,22.24,22.31,22.39,11.85,0.28,11.50,12.73,11.61,11.81,12.03
2026-09-19 00:00:00+00:00,Moura,0210,34.92,0.15,34.42,35.10,34.86,34.95,35.04,25.46,0.12,25.05,25.60,25.40,25.48,25.56,15.08,0.04,14.90,15.19,15.07,15.09,15.10
2026-09-20 00:00:00+00:00,Moura,0210,35.90,0.24,35.19,36.20,35.75,35.93,36.10,26.47,0.10,26.13,26.60,26.42,26.49,26.56,18.14,0.21,17.46,18.40,18.04,18.18,18.31
2026-09-21 00:00:00+00:00,Moura,0210,35.46,0.11,35.13,35.60,35.39,35.47,35.55,26.75,0.21,26.06,27.00,26.64,26.79,26.92,17.99,0.26,17.13,18.30,17.89,18.05,18.19
2026-09-22 00:00:00+00:00,Moura,0210,36.39,0.09,36.28,36.84,36.34,36.36,36.43,26.33,0.09,25.96,26.47,26.30,26.36,26.39,16.98,0.20,16.23,17.20,16.92,17.03,17.12
2026-09-23 00:00:00+00:00,Moura,0210,37.56,0.15,37.40,38.04,37.45,37.51,37.63,25.97,0.06,25.90,26.29,25.93,25.96,26.00,14.57,0.30,14.20,15.65,14.31,14.53,14.77
2026-09-24 00:00:00+00:00,Moura,0210,36.83,0.11,36.70,37.34,36.75,36.79,36.88,26.05,0.11,25.90,26.34,25.95,26.03,26.12,15.83,0.08,15.58,16.20,15.80,15.80,15.86
2026-09-25 00:00:00+00:00,Moura,0210,36.78,0.14,36.15,36.97,36.73,36.82,36.89,25.97,0.05,25.90,26.18,25.93,25.97,26.01,15.79,0.33,15.40,16.94,15.52,15.74,15.97
2026-09-26 00:00:00+00:00,Moura,0210,37.04,0.03,36.99,37.22,37.01,37.03,37.05,25.28,0.06,25.20,25.48,25.22,25.27,25.33,13.79,0.16,13.60,14.26,13.65,13.76,13.91
2026-09-27 00:00:00+00:00,Moura,0210,32.71,0.30,31.60,33.04,32.54,32.81,32.97,24.57,0.07,24.33,24.80,24.53,24.59,24.60,16.81,0.32,16.40,17.73,16.53,16.76,17.03
2026-09-28 00:00:00+00:00,Moura,0210,29.80,0.03,29.71,29.91,29.79,29.80,29.81,23.26,0.21,22.54,23.50,23.15,23.29,23.43,18.61,0.24,17.86,18.90,18.48,18.65,18.80
2026-09-29 00:00:00+00:00,Moura,0210,30.37,0.12,29.87,30.50,30.28,30.40,30.47,23.84,0.13,23.46,24.00,23.76,23.86,23.95,18.46,0.13,18.30,18.87,18.34,18.43,18.54
2026-09-10 00:00:00+00:00,Odemira,0211,28.62,1.84,25.83,33.88,27.27,27.80,30.05,19.85,0.82,18.50,22.38,19.27,19.62,20.44,11.37,0.91,8.10,13.57,11.10,11.42,11.83
2026-09-11 00:00:00+00:00,Odemira,0211,31.20,1.82,28.01,36.21,29.86,30.35,32.59,21.39,0.84,19.40,23.14,20.81,21.32,22.15,12.39,1.33,8.70,17.32,11.83,12.27,12.92
2026-09-12 00:00:00+00:00,Odemira,0211,33.11,1.86,30.18,38.18,31.68,32.20,34.53,22.84,1.09,20.20,24.83,22.04,22.76,23.78,13.76,1.28,10.10,18.32,13.13,13.76,14.27
2026-09-13 00:00:00+00:00,Odemira,0211,34.99,1.23,31.31,38.65,34.57,34.85,35.59,23.71,0.96,21.60,25.53,23.06,23.55,24.49,14.75,1.16,10.60,17.60,14.22,14.92,15.45
2026-09-14 00:00:00+00:00,Odemira,0211,34.04,1.68,30.88,38.12,32.78,33.19,35.31,23.67,0.90,21.40,25.35,23.04,23.62,24.38,15.51,1.09,11.90,18.60,15.00,15.42,16.16
2026-09-15 00:00:00+00:00,Odemira,0211,31.28,1.75,27.58,35.95,29.94,30.51,32.68,21.78,1.04,19.70,24.00,20.97,21.62,22.73,13.61,1.05,9.60,16.02,13.26,13.87,14.31
2026-09-16 00:00:00+00:00,Odemira,0211,24.73,1.81,19.66,29.45,23.59,24.12,26.08,19.02,1.09,16.05,22.50,18.37,18.72,19.69,14.39,0.68,12.75,16.34,13.96,14.31,14.67
2026-09-17 00:00:00+00:00,Odemira,0211,28.64,1.53,25.58,33.13,27.56,27.97,29.76,19.42,0.92,17.60,21.99,18.80,19.23,20.09,11.30,1.05,8.00,14.64,10.97,11.40,11.66
2026-09-18 00:00:00+00:00,Odemira,0211,28.72,1.64,25.80,33.10,27.50,27.91,29.93,19.19,0.98,16.60,21.04,18.55,19.17,20.07,11.20,1.37,6.90,15.76,10.70,11.11,11.84
2026-09-19 00:00:00+00:00,Odemira,0211,31.65,1.10,28.00,35.06,31.28,31.52,32.20,21.49,0.66,19.60,22.76,21.05,21.47,22.02,12.64,1.00,9.50,15.27,12.07,12.76,13.25
2026-09-20 00:00:00+00:00,Odemira,0211,33.70,1.31,28.48,35.57,33.35,34.05,34.53,23.12,0.55,21.70,24.19,22.76,23.09,23.55,15.34,0.95,12.00,18.60,14.92,15.30,15.91
2026-09-21 00:00:00+00:00,Odemira,0211,34.36,1.20,29.34,36.30,34.10,34.63,35.07,23.29,0.48,22.15,24.47,22.97,23.21,23.65,15.17,0.72,12.60,17.10,14.83,15.22,15.65
2026-09-22 00:00:00+00:00,Odemira,0211,32.58,1.59,29.95,37.28,31.39,31.91,33.73,22.55,0.81,20.70,24.07,21.97,22.46,23.25,14.83,0.94,12.20,17.02,14.28,14.97,15.43
2026-09-23 00:00:00+00:00,Odemira,0211,32.65,1.58,30.29,37.52,31.48,31.93,33.76,22.39,1.01,20.00,24.52,21.65,22.35,23.19,13.97,1.65,9.70,19.97,12.98,13.95,14.67
2026-09-24 00:00:00+00:00,Odemira,0211,34.03,1.37,30.57,37.82,33.15,33.60,34.96,22.55,1.03,20.10,24.30,21.72,22.51,23.45,13.69,1.62,9.80,19.52,12.63,13.60,14.60
2026-09-25 00:00:00+00:00,Odemira,0211,30.90,2.32,27.81,36.19,28.97,30.06,32.84,21.68,1.35,18.30,23.89,20.71,21.66,22.87,13.74,1.42,9.40,18.38,13.04,13.79,14.39
2026-09-26 00:00:00+00:00,Odemira,0211,34.60,1.16,30.54,37.25,33.97,34.37,35.33,22.32,0.92,20.10,24.53,21.62,22.33,23.02,12.91,1.51,9.10,18.31,12.03,12.61,13.71
2026-09-27 00:00:00+00:00,Odemira,0211,30.09,1.09,25.56,32.44,29.92,30.32,30.59,22.22,0.51,20.40,23.26,21.96,22.16,22.57,16.58,0.33,15.23,17.51,16.39,16.62,16.84
2026-09-28 00:00:00+00:00,Odemira,0211,29.48,0.99,25.46,31.73,29.08,29.66,30.05,20.96,0.40,19.21,21.67,20.80,21.00,21.23,15.33,0.57,13.30,16.80,15.07,15.38,15.72
2026-09-29 00:00:00+00:00,Odemira,0211,29.84,0.98,27.58,32.29,29.16,30.12,30.55,23.35,0.31,22.71,24.31,23.17,23.39,23.53,17.83,1.18,14.80,20.22,17.15,17.70,18.65
2026-09-10 00:00:00+00:00,Ourique,0212,31.94,0.52,30.04,33.80,31.70,31.95,32.09,21.26,0.46,20.57,22.36,20.82,21.13,21.64,11.54,0.48,10.90,13.02,11.11,11.51,11.83
2026-09-11 00:00:00+00:00,Ourique,0212,34.65,0.50,32.58,36.13,34.42,34.72,34.93,22.79,0.39,21.97,23.95,22.43,22.69,23.09,12.26,0.44,11.31,13.33,11.85,12.27,12.56
2026-09-12 00:00:00+00:00,Ourique,0212,36.66,0.53,34.47,38.10,36.40,36.71,37.03,24.76,0.33,23.52,25.82,24.63,24.70,24.89,14.11,0.52,12.54,15.42,13.84,14.07,14.40
2026-09-13 00:00:00+00:00,Ourique,0212,36.90,0.44,35.75,38.58,36.68,36.82,36.98,25.50,0.27,24.36,26.23,25.39,25.55,25.60,15.06,0.44,13.54,15.94,14.91,15.06,15.30
2026-09-14 00:00:00+00:00,Ourique,0212,37.37,0.58,35.20,38.20,37.03,37.36,37.88,25.37,0.34,24.22,26.44,25.18,25.39,25.48,15.36,0.43,14.04,16.38,15.07,15.34,15.62
2026-09-15 00:00:00+00:00,Ourique,0212,34.62,0.47,32.63,35.87,34.42,34.71,34.80,23.68,0.45,22.54,25.23,23.32,23.54,23.94,14.74,0.60,13.48,16.86,14.41,14.57,15.02
2026-09-16 00:00:00+00:00,Ourique,0212,28.04,0.52,26.18,29.40,27.80,27.97,28.34,20.65,0.57,19.83,22.44,20.20,20.44,20.97,15.28,0.56,14.60,16.38,14.66,15.22,15.78
2026-09-17 00:00:00+00:00,Ourique,0212,31.31,0.48,29.79,33.05,31.06,31.24,31.54,20.99,0.43,20.16,21.98,20.60,20.83,21.34,11.63,0.61,10.80,13.44,11.08,11.60,12.02
2026-09-18 00:00:00+00:00,Ourique,0212,31.85,0.52,29.85,33.02,31.55,31.86,32.29,20.73,0.32,19.80,21.77,20.50,20.62,20.95,11.05,0.44,10.40,12.07,10.64,11.12,11.36
2026-09-19 00:00:00+00:00,Ourique,0212,33.28,0.47,32.37,35.00,33.00,33.09,33.45,22.68,0.27,21.96,23.57,22.50,22.58,22.80,12.86,0.58,10.95,14.20,12.71,12.86,13.13
2026-09-20 00:00:00+00:00,Ourique,0212,33.93,0.52,32.88,35.53,33.56,33.76,34.15,24.13,0.24,23.53,24.98,23.99,24.04,24.24,15.26,0.45,14.01,16.50,14.96,15.22,15.51
2026-09-21 00:00:00+00:00,Ourique,0212,34.57,0.38,33.72,35.85,34.33,34.40,34.71,24.22,0.26,23.70,25.04,24.00,24.14,24.42,15.27,0.40,14.09,16.30,15.04,15.23,15.49
2026-09-22 00:00:00+00:00,Ourique,0212,35.54,0.47,33.77,37.19,35.33,35.53,35.75,24.08,0.34,23.06,25.15,23.92,24.09,24.21,14.99,0.72,12.50,16.14,14.75,15.22,15.35
2026-09-23 00:00:00+00:00,Ourique,0212,35.65,0.58,33.87,37.46,35.32,35.49,35.99,24.02,0.46,22.86,25.45,23.84,24.00,24.20,14.32,0.72,11.98,15.99,14.11,14.32,14.67
2026-09-24 00:00:00+00:00,Ourique,0212,36.57,0.41,34.96,37.75,36.35,36.60,36.86,24.35,0.46,23.09,25.85,24.16,24.31,24.53,14.37,0.90,11.41,16.06,14.08,14.56,14.83
2026-09-25 00:00:00+00:00,Ourique,0212,35.33,0.87,32.46,36.40,34.70,35.46,36.12,23.91,0.51,22.42,25.58,23.65,23.90,24.09,14.20,0.62,12.47,15.90,13.85,14.14,14.54
2026-09-26 00:00:00+00:00,Ourique,0212,36.84,0.42,35.29,37.40,36.58,36.89,37.17,23.52,0.43,22.65,24.89,23.39,23.46,23.71,12.19,0.66,10.87,13.86,11.54,12.27,12.63
2026-09-27 00:00:00+00:00,Ourique,0212,30.78,0.48,29.74,32.39,30.51,30.74,30.97,23.06,0.13,22.57,23.25,22.99,23.09,23.16,16.89,0.31,15.93,17.67,16.78,16.92,17.02
2026-09-28 00:00:00+00:00,Ourique,0212,30.45,0.31,29.86,31.67,30.23,30.38,30.56,21.45,0.10,21.20,21.66,21.36,21.44,21.55,15.96,0.39,14.75,16.77,15.78,16.10,16.14
2026-09-29 00:00:00+00:00,Ourique,0212,29.03,1.22,27.71,32.22,27.84,28.75,29.88,23.04,0.42,22.62,24.28,22.71,22.85,23.31,19.20,0.97,16.98,20.30,18.38,19.39,20.18
2026-09-10 00:00:00+00:00,Serpa,0213,32.91,0.12,32.77,33.31,32.80,32.88,32.98,23.04,0.04,22.91,23.15,23.01,23.05,23.08,13.39,0.11,13.04,13.67,13.32,13.41,13.45
2026-09-11 00:00:00+00:00,Serpa,0213,35.63,0.10,35.37,35.92,35.58,35.63,35.69,25.32,0.04,25.25,25.51,25.29,25.30,25.33,14.58,0.14,14.08,14.88,14.52,14.62,14.67
2026-09-12 00:00:00+00:00,Serpa,0213,37.91,0.34,37.17,38.50,37.68,37.85,38.19,27.18,0.10,27.00,27.43,27.09,27.17,27.27,16.50,0.25,16.03,17.42,16.34,16.44,16.55
2026-09-13 00:00:00+00:00,Serpa,0213,38.06,0.20,37.70,38.73,37.93,37.99,38.18,27.54,0.29,27.17,28.21,27.24,27.52,27.81,18.13,0.28,17.64,19.27,18.00,18.06,18.18
2026-09-14 00:00:00+00:00,Serpa,0213,38.14,0.32,37.40,38.70,37.93,38.08,38.40,27.79,0.20,27.23,28.17,27.67,27.86,27.94,17.72,0.22,17.28,18.52,17.55,17.72,17.83
2026-09-15 00:00:00+00:00,Serpa,0213,35.85,0.33,34.95,36.30,35.68,35.92,36.09,26.14,0.22,25.55,26.40,26.00,26.22,26.31,16.89,0.25,16.50,17.54,16.68,16.89,17.04
2026-09-16 00:00:00+00:00,Serpa,0213,30.72,0.17,30.18,30.90,30.62,30.80,30.85,22.75,0.20,22.18,23.11,22.63,22.83,22.88,17.31,0.09,17.07,17.54,17.25,17.30,17.36
2026-09-17 00:00:00+00:00,Serpa,0213,31.80,0.16,31.39,32.10,31.70,31.78,31.90,22.77,0.08,22.68,23.06,22.70,22.76,22.82,14.02,0.27,13.60,14.67,13.81,14.00,14.17
2026-09-18 00:00:00+00:00,Serpa,0213,32.24,0.41,31.36,32.90,31.91,32.19,32.61,22.81,0.19,22.45,23.10,22.62,22.80,23.00,12.67,0.24,12.15,13.41,12.50,12.64,12.77
2026-09-19 00:00:00+00:00,Serpa,0213,34.92,0.44,33.91,35.60,34.62,34.91,35.29,25.12,0.09,24.89,25.33,25.06,25.14,25.18,15.22,0.14,14.74,15.81,15.14,15.20,15.26
2026-09-20 00:00:00+00:00,Serpa,0213,35.30,0.20,34.74,35.66,35.18,35.34,35.46,26.20,0.07,26.01,26.36,26.16,26.21,26.26,17.90,0.15,17.25,18.49,17.83,17.89,17.96
2026-09-21 00:00:00+00:00,Serpa,0213,35.34,0.21,34.83,35.70,35.21,35.34,35.50,26.37,0.18,25.76,26.60,26.27,26.42,26.49,17.91,0.25,16.75,18.36,17.82,18.00,18.10
2026-09-22 00:00:00+00:00,Serpa,0213,36.38,0.13,35.94,36.60,36.30,36.39,36.46,26.21,0.20,25.70,26.50,26.09,26.23,26.37,16.95,0.27,15.81,17.20,16.83,17.02,17.16
2026-09-23 00:00:00+00:00,Serpa,0213,37.57,0.17,37.08,38.11,37.49,37.57,37.68,26.02,0.03,25.94,26.13,26.00,26.01,26.04,15.89,0.39,14.99,17.29,15.71,15.84,15.99
2026-09-24 00:00:00+00:00,Serpa,0213,36.93,0.15,36.45,37.20,36.85,36.92,37.05,26.53,0.13,26.18,26.70,26.43,26.56,26.65,16.59,0.35,15.43,17.09,16.33,16.73,16.90
2026-09-25 00:00:00+00:00,Serpa,0213,36.55,0.41,35.45,37.10,36.30,36.62,36.87,26.21,0.13,25.96,26.40,26.10,26.22,26.34,16.49,0.56,15.80,18.13,16.08,16.31,16.84
2026-09-26 00:00:00+00:00,Serpa,0213,37.38,0.27,36.89,37.80,37.15,37.36,37.63,25.62,0.10,25.35,25.74,25.56,25.66,25.70,14.49,0.16,13.95,14.86,14.41,14.50,14.59
2026-09-27 00:00:00+00:00,Serpa,0213,30.49,0.81,29.50,32.17,29.67,30.39,31.20,24.12,0.15,23.93,24.49,23.99,24.08,24.24,18.19,0.34,17.21,18.60,17.95,18.26,18.50
2026-09-28 00:00:00+00:00,Serpa,0213,29.74,0.09,29.52,29.94,29.68,29.71,29.81,22.48,0.16,22.12,22.98,22.40,22.47,22.53,18.06,0.12,17.62,18.41,18.00,18.03,18.11
2026-09-29 00:00:00+00:00,Serpa,0213,29.49,0.46,28.88,30.21,29.01,29.47,29.95,23.15,0.21,22.89,23.65,22.94,23.13,23.33,18.94,0.09,18.62,19.06,18.91,18.98,19.00
2026-09-10 00:00:00+00:00,Vidigueira,0214,33.30,0.29,32.56,33.91,33.11,33.29,33.47,23.12,0.14,22.73,23.38,23.04,23.13,23.22,13.01,0.29,12.16,13.48,12.87,13.11,13.20
2026-09-11 00:00:00+00:00,Vidigueira,0214,35.81,0.29,35.06,36.38,35.63,35.86,35.98,25.50,0.09,25.31,25.68,25.44,25.51,25.56,14.33,0.41,13.27,15.23,14.13,14.37,14.59
2026-09-12 00:00:00+00:00,Vidigueira,0214,37.46,0.30,36.67,38.08,37.30,37.51,37.61,27.19,0.13,26.87,27.42,27.10,27.22,27.27,16.45,0.76,14.87,18.43,16.05,16.33,16.88
2026-09-13 00:00:00+00:00,Vidigueira,0214,38.21,0.23,37.64,38.68,38.06,38.22,38.37,27.65,0.27,27.06,28.16,27.46,27.70,27.82,17.77,1.12,15.44,20.64,17.13,17.70,18.41
2026-09-14 00:00:00+00:00,Vidigueira,0214,37.55,0.23,36.95,38.00,37.42,37.58,37.71,27.11,0.22,26.85,27.91,26.96,27.07,27.19,17.23,0.95,15.22,19.59,16.66,17.27,17.77
2026-09-15 00:00:00+00:00,Vidigueira,0214,34.81,0.26,34.53,35.75,34.63,34.69,34.92,25.40,0.22,25.10,26.09,25.24,25.33,25.51,16.75,0.67,15.00,18.10,16.36,16.92,17.14
2026-09-16 00:00:00+00:00,Vidigueira,0214,30.27,0.23,29.84,30.94,30.15,30.22,30.35,22.30,0.21,21.84,22.93,22.18,22.30,22.39,16.98,0.13,16.72,17.29,16.89,17.00,17.07
2026-09-17 00:00:00+00:00,Vidigueira,0214,31.68,0.25,30.97,32.15,31.54,31.73,31.82,23.09,0.20,22.63,23.53,22.96,23.07,23.20,14.56,0.14,14.08,14.78,14.49,14.62,14.65
2026-09-18 00:00:00+00:00,Vidigueira,0214,31.67,0.33,30.78,32.35,31.47,31.72,31.83,22.54,0.02,22.48,22.58,22.52,22.54,22.55,12.93,0.42,12.08,14.01,12.65,12.89,13.18
2026-09-19 00:00:00+00:00,Vidigueira,0214,34.12,0.28,33.37,34.67,33.95,34.16,34.31,24.77,0.14,24.51,25.17,24.66,24.79,24.86,14.64,0.81,12.91,16.62,14.12,14.71,15.10
2026-09-20 00:00:00+00:00,Vidigueira,0214,34.94,0.22,34.44,35.44,34.80,34.94,35.08,25.91,0.15,25.62,26.23,25.80,25.94,26.01,17.22,0.85,15.50,19.40,16.69,17.23,17.72
2026-09-21 00:00:00+00:00,Vidigueira,0214,34.98,0.17,34.54,35.33,34.89,35.00,35.10,25.54,0.40,24.64,26.24,25.26,25.61,25.82,16.64,1.06,14.45,19.27,15.95,16.67,17.26
2026-09-22 00:00:00+00:00,Vidigueira,0214,36.44,0.39,35.39,37.18,36.21,36.52,36.67,25.44,0.30,24.78,26.10,25.21,25.51,25.64,15.47,1.07,13.04,17.80,14.76,15.66,16.19
2026-09-23 00:00:00+00:00,Vidigueira,0214,38.09,0.36,37.18,38.81,37.88,38.10,38.30,25.87,0.19,25.45,26.26,25.73,25.92,26.01,15.50,1.27,12.83,18.73,14.80,15.34,16.25
2026-09-24 00:00:00+00:00,Vidigueira,0214,36.70,0.30,35.96,37.14,36.50,36.75,36.96,26.37,0.12,26.12,26.67,26.30,26.36,26.45,15.33,1.06,13.05,17.88,14.67,15.38,15.96
2026-09-25 00:00:00+00:00,Vidigueira,0214,35.37,0.36,34.94,36.46,35.10,35.27,35.54,25.88,0.09,25.66,26.02,25.83,25.90,25.95,17.92,0.52,16.53,19.10,17.65,17.90,18.23
2026-09-26 00:00:00+00:00,Vidigueira,0214,36.76,0.13,36.42,37.03,36.69,36.78,36.84,25.49,0.14,25.22,25.87,25.39,25.47,25.59,14.43,0.32,13.83,15.24,14.18,14.37,14.64
2026-09-27 00:00:00+00:00,Vidigueira,0214,31.73,0.37,30.94,32.52,31.45,31.77,32.03,24.34,0.09,24.20,24.58,24.27,24.32,24.38,18.01,0.17,17.44,18.37,17.91,18.01,18.12
2026-09-28 00:00:00+00:00,Vidigueira,0214,29.87,0.07,29.65,30.00,29.84,29.88,29.92,22.11,0.19,21.86,22.82,21.99,22.04,22.17,17.65,0.38,16.76,18.53,17.42,17.66,17.90
2026-09-29 00:00:00+00:00,Vidigueira,0214,30.14,0.13,29.84,30.47,30.07,30.16,30.21,23.42,0.10,23.21,23.63,23.35,23.42,23.49,19.20,0.17,18.78,19.61,19.10,19.16,19.31
2026-09-10 00:00:00+00:00,Amares,0301,27.64,0.17,27.32,27.97,27.50,27.61,27.77,18.97,0.06,18.87,19.09,18.92,18.96,19.02,11.61,0.07,11.51,11.83,11.56,11.58,11.64
2026-09-11 00:00:00+00:00,Amares,0301,32.18,0.40,31.33,32.85,31.88,32.21,32.49,21.87,0.05,21.77,21.99,21.83,21.87,21.91,13.15,0.29,12.81,13.97,12.92,13.05,13.30
2026-09-12 00:00:00+00:00,Amares,0301,34.86,0.35,34.05,35.37,34.62,34.93,35.13,24.34,0.04,24.26,24.40,24.31,24.34,24.37,15.39,0.44,14.65,16.33,15.04,15.35,15.70
2026-09-13 00:00:00+00:00,Amares,0301,36.09,0.25,35.52,36.48,35.90,36.14,36.29,24.41,0.05,24.33,24.61,24.38,24.40,24.42,14.85,0.45,14.15,15.92,14.51,14.78,15.14
2026-09-14 00:00:00+00:00,Amares,0301,34.04,0.82,32.41,35.20,33.30,34.29,34.65,24.02,0.41,22.99,24.64,23.79,24.09,24.35,15.58,0.48,14.57,16.41,15.27,15.52,16.00
2026-09-15 00:00:00+00:00,Amares,0301,30.00,0.56,28.92,30.80,29.47,30.13,30.42,21.34,0.68,19.97,22.20,20.69,21.59,21.81,15.06,0.84,13.39,16.40,14.26,15.43,15.64
2026-09-16 00:00:00+00:00,Amares,0301,27.17,0.43,26.37,27.80,26.78,27.27,27.51,21.16,0.59,20.02,22.00,20.61,21.31,21.59,15.84,0.55,14.80,16.63,15.30,16.03,16.32
2026-09-17 00:00:00+00:00,Amares,0301,26.35,0.42,25.57,27.00,25.97,26.41,26.68,19.65,0.36,18.96,20.10,19.31,19.76,19.95,11.68,0.57,10.90,13.66,11.33,11.58,11.81
2026-09-18 00:00:00+00:00,Amares,0301,28.01,0.52,27.32,28.87,27.50,27.95,28.53,20.58,0.20,20.34,21.06,20.40,20.50,20.71,13.34,0.41,12.47,14.10,12.93,13.41,13.72
2026-09-19 00:00:00+00:00,Amares,0301,31.95,0.67,31.03,33.08,31.29,31.94,32.62,23.13,0.66,22.12,24.06,22.47,23.18,23.75,15.30,1.64,12.74,17.61,13.58,15.38,16.85
2026-09-20 00:00:00+00:00,Amares,0301,34.72,0.61,33.92,35.67,34.13,34.66,35.35,25.10,0.75,23.94,26.16,24.33,25.14,25.81,16.52,1.96,13.47,19.20,14.50,16.70,18.38
2026-09-21 00:00:00+00:00,Amares,0301,35.08,0.43,34.52,35.92,34.66,35.04,35.49,25.58,1.04,24.03,27.04,24.48,25.64,26.56,17.44,2.29,13.88,20.59,15.06,17.67,19.62
2026-09-22 00:00:00+00:00,Amares,0301,35.82,0.58,34.64,36.60,35.28,36.04,36.23,25.96,0.73,24.24,27.00,25.56,26.14,26.51,16.41,1.84,13.67,19.99,15.05,15.76,18.18
2026-09-23 00:00:00+00:00,Amares,0301,35.14,0.72,33.86,36.30,34.52,35.20,35.71,23.94,0.67,22.42,24.99,23.53,24.00,24.49,14.77,1.54,12.18,17.68,13.74,14.27,16.23
2026-09-24 00:00:00+00:00,Amares,0301,29.29,0.35,28.70,30.36,29.09,29.23,29.39,19.16,0.38,18.80,20.23,18.87,19.02,19.34,14.10,1.49,12.02,17.06,12.98,13.54,15.52
2026-09-25 00:00:00+00:00,Amares,0301,28.27,0.14,28.04,28.57,28.15,28.23,28.37,19.33,0.23,18.91,19.77,19.13,19.32,19.51,13.08,0.43,12.17,13.76,12.75,13.12,13.43
2026-09-26 00:00:00+00:00,Amares,0301,30.28,0.17,29.89,30.58,30.14,30.28,30.42,20.43,0.14,20.30,20.83,20.33,20.38,20.49,13.02,0.35,12.52,13.84,12.75,12.94,13.24
2026-09-27 00:00:00+00:00,Amares,0301,27.15,0.13,26.85,27.38,27.03,27.15,27.25,20.16,0.07,20.00,20.29,20.10,20.16,20.23,15.30,0.03,15.23,15.38,15.28,15.30,15.31
2026-09-28 00:00:00+00:00,Amares,0301,23.80,0.74,22.28,24.70,23.11,24.17,24.29,19.42,0.17,19.13,19.70,19.29,19.44,19.55,15.40,0.09,15.22,15.52,15.32,15.43,15.47
2026-09-29 00:00:00+00:00,Amares,0301,25.15,0.89,23.32,26.10,24.31,25.62,25.83,21.21,0.54,20.22,22.10,20.76,21.25,21.64,15.33,0.42,14.50,15.90,14.93,15.48,15.62
2026-09-10 00:00:00+00:00,Barcelos,0302,26.05,1.23,22.76,27.96,25.26,26.18,27.03,18.58,0.35,17.60,19.09,18.38,18.65,18.84,12.02,0.28,11.52,12.71,11.79,12.02,12.20
2026-09-11 00:00:00+00:00,Barcelos,0302,30.42,1.46,26.62,32.84,29.42,30.52,31.58,21.42,0.31,20.67,21.99,21.21,21.40,21.66,13.41,0.35,12.82,14.28,13.12,13.39,13.67
2026-09-12 00:00:00+00:00,Barcelos,0302,34.03,0.77,32.12,35.37,33.49,34.04,34.66,24.28,0.14,23.84,24.52,24.22,24.34,24.38,16.39,0.94,14.66,18.68,15.68,16.36,17.04
2026-09-13 00:00:00+00:00,Barcelos,0302,35.01,0.88,32.77,36.47,34.38,35.04,35.73,24.46,0.09,24.29,24.77,24.40,24.44,24.50,16.14,1.07,14.16,18.62,15.29,16.14,16.97
2026-09-14 00:00:00+00:00,Barcelos,0302,31.33,1.67,25.45,33.85,30.73,31.93,32.29,22.77,0.70,20.17,24.06,22.50,23.01,23.17,16.01,0.33,14.93,17.00,15.84,16.09,16.24
2026-09-15 00:00:00+00:00,Barcelos,0302,28.15,1.71,21.52,29.90,27.46,28.80,29.34,21.09,0.67,18.75,22.00,20.73,21.25,21.58,16.70,0.52,15.02,17.50,16.40,16.71,17.12
2026-09-16 00:00:00+00:00,Barcelos,0302,27.25,0.65,25.22,28.30,26.80,27.23,27.76,21.40,0.55,19.97,22.30,21.00,21.38,21.84,16.58,0.62,14.63,17.50,16.25,16.61,17.07
2026-09-17 00:00:00+00:00,Barcelos,0302,26.15,1.01,22.41,27.60,25.69,26.23,26.87,19.83,0.62,18.05,20.80,19.40,19.87,20.32,13.29,0.68,11.22,14.20,12.92,13.41,13.82
2026-09-18 00:00:00+00:00,Barcelos,0302,27.12,1.57,21.15,28.70,26.56,27.72,28.21,20.37,0.73,17.89,21.40,20.02,20.49,20.92,14.09,0.74,11.36,15.10,13.70,14.21,14.64
2026-09-19 00:00:00+00:00,Barcelos,0302,31.21,1.53,25.02,33.19,30.71,31.76,32.30,22.20,0.82,18.87,23.30,21.95,22.48,22.78,14.39,0.34,12.74,15.98,14.28,14.33,14.54
2026-09-20 00:00:00+00:00,Barcelos,0302,34.86,0.68,32.46,35.70,34.47,35.06,35.35,24.45,0.50,22.24,25.13,24.34,24.58,24.79,15.92,0.34,14.26,17.37,15.73,15.89,16.05
2026-09-21 00:00:00+00:00,Barcelos,0302,34.97,0.67,32.71,36.04,34.59,35.20,35.49,24.59,0.52,22.41,25.54,24.44,24.73,24.94,16.70,0.51,14.68,18.96,16.33,16.62,16.99
2026-09-22 00:00:00+00:00,Barcelos,0302,34.43,2.11,26.26,36.60,33.75,35.24,35.84,23.92,1.22,19.08,25.50,23.54,24.45,24.73,15.79,0.38,14.71,17.49,15.60,15.71,15.94
2026-09-23 00:00:00+00:00,Barcelos,0302,30.35,2.18,22.11,33.91,29.58,31.04,31.60,21.11,1.23,17.11,23.43,20.59,21.38,21.87,13.75,0.47,12.06,15.22,13.56,13.80,13.98
2026-09-24 00:00:00+00:00,Barcelos,0302,26.33,2.02,21.03,29.25,24.96,26.53,28.06,18.03,0.68,16.10,18.93,17.64,18.19,18.61,13.13,0.43,11.65,14.50,12.97,13.20,13.34
2026-09-25 00:00:00+00:00,Barcelos,0302,26.21,1.44,22.52,28.55,25.23,26.29,27.42,18.37,0.79,16.40,19.76,17.85,18.39,18.98,12.60,0.74,10.74,13.77,12.16,12.73,13.17
2026-09-26 00:00:00+00:00,Barcelos,0302,28.88,1.16,25.66,30.57,28.16,29.04,29.81,19.77,0.40,18.55,20.30,19.54,19.84,20.10,13.23,0.39,12.53,14.13,12.92,13.22,13.51
2026-09-27 00:00:00+00:00,Barcelos,0302,26.29,0.66,24.59,27.38,25.86,26.32,26.83,19.79,0.35,18.80,20.29,19.59,19.86,20.05,15.48,0.17,15.28,16.02,15.35,15.41,15.58
2026-09-28 00:00:00+00:00,Barcelos,0302,24.65,1.05,23.44,29.43,24.09,24.21,24.76,19.88,0.30,19.03,20.30,19.68,19.94,20.13,16.15,0.26,15.37,16.59,16.00,16.22,16.36
2026-09-29 00:00:00+00:00,Barcelos,0302,25.96,0.44,24.62,27.19,25.81,26.03,26.20,21.49,0.32,20.50,22.07,21.28,21.57,21.76,15.88,0.35,14.67,16.72,15.65,15.95,16.10
2026-09-10 00:00:00+00:00,Braga,0303,27.92,0.08,27.54,28.00,27.89,27.94,27.98,19.08,0.02,18.97,19.12,19.07,19.09,19.09,11.66,0.16,11.50,12.15,11.52,11.60,11.76
2026-09-11 00:00:00+00:00,Braga,0303,32.66,0.21,32.09,32.90,32.52,32.71,32.85,21.93,0.06,21.75,22.00,21.89,21.95,21.98,12.93,0.13,12.80,13.28,12.82,12.89,13.02
2026-09-12 00:00:00+00:00,Braga,0303,35.24,0.15,34.87,35.40,35.14,35.27,35.37,24.43,0.04,24.38,24.60,24.40,24.41,24.44,14.94,0.31,14.60,15.75,14.66,14.85,15.15
2026-09-13 00:00:00+00:00,Braga,0303,36.40,0.09,36.04,36.50,36.34,36.42,36.48,24.45,0.06,24.40,24.67,24.40,24.43,24.48,14.48,0.36,14.10,15.45,14.17,14.37,14.73
2026-09-14 00:00:00+00:00,Braga,0303,33.91,0.16,33.19,34.25,33.89,33.93,34.00,24.43,0.74,23.10,25.70,23.90,24.39,25.06,15.63,0.52,14.60,16.40,15.29,15.74,16.04
2026-09-15 00:00:00+00:00,Braga,0303,29.11,0.49,28.40,29.98,28.66,29.02,29.56,21.05,0.35,20.50,21.70,20.75,21.01,21.37,15.88,0.58,15.10,17.20,15.51,15.71,16.14
2026-09-16 00:00:00+00:00,Braga,0303,26.47,0.43,25.70,27.15,26.11,26.50,26.82,20.87,0.24,20.50,21.30,20.67,20.85,21.09,15.55,0.12,15.29,16.01,15.50,15.52,15.58
2026-09-17 00:00:00+00:00,Braga,0303,25.62,0.48,24.80,26.40,25.21,25.64,26.04,19.53,0.07,19.40,19.73,19.49,19.52,19.57,12.66,1.05,10.40,14.20,12.06,12.84,13.48
2026-09-18 00:00:00+00:00,Braga,0303,28.03,0.39,27.40,28.80,27.73,27.97,28.27,20.51,0.32,19.80,21.00,20.41,20.55,20.74,12.82,1.02,10.40,14.20,12.49,13.07,13.49
2026-09-19 00:00:00+00:00,Braga,0303,32.62,0.43,32.10,33.60,32.31,32.49,32.82,23.55,0.88,21.90,25.00,22.93,23.58,24.29,15.30,1.83,11.60,18.10,14.09,15.47,16.76
2026-09-20 00:00:00+00:00,Braga,0303,35.03,0.31,34.60,35.70,34.79,34.94,35.22,25.27,0.95,23.40,26.80,24.65,25.31,26.04,17.01,2.02,13.10,20.20,15.65,17.14,18.63
2026-09-21 00:00:00+00:00,Braga,0303,35.25,0.58,34.40,36.50,34.81,35.17,35.51,25.79,1.18,23.50,27.70,25.01,25.84,26.76,18.17,2.55,13.20,22.20,16.46,18.35,20.23
2026-09-22 00:00:00+00:00,Braga,0303,35.45,0.54,34.60,36.50,35.02,35.38,35.86,25.90,1.10,23.70,27.70,25.30,25.94,26.79,18.03,2.53,13.30,22.20,16.03,18.09,20.16
2026-09-23 00:00:00+00:00,Braga,0303,33.64,0.55,32.71,34.94,33.16,33.55,34.15,24.00,0.95,22.20,25.60,23.38,24.02,24.79,15.66,1.87,12.10,18.70,14.32,15.73,17.19
2026-09-24 00:00:00+00:00,Braga,0303,29.46,0.27,29.09,30.29,29.30,29.34,29.55,18.98,0.21,18.80,19.58,18.82,18.90,19.06,14.91,1.65,11.80,17.60,13.66,14.95,16.27
2026-09-25 00:00:00+00:00,Braga,0303,28.46,0.13,27.92,28.60,28.41,28.49,28.57,19.61,0.16,19.24,19.80,19.50,19.65,19.76,13.75,0.09,13.49,14.04,13.71,13.77,13.79
2026-09-26 00:00:00+00:00,Braga,0303,30.57,0.07,30.28,30.75,30.56,30.59,30.60,20.33,0.05,20.23,20.48,20.30,20.31,20.34,12.64,0.13,12.50,12.96,12.53,12.61,12.73
2026-09-27 00:00:00+00:00,Braga,0303,27.33,0.07,27.06,27.40,27.30,27.34,27.38,20.29,0.02,20.19,20.36,20.28,20.29,20.30,15.41,0.12,15.30,15.78,15.31,15.36,15.48
2026-09-28 00:00:00+00:00,Braga,0303,23.97,0.30,23.50,24.60,23.74,23.94,24.14,19.58,0.20,19.20,19.90,19.45,19.61,19.73,16.18,0.48,15.40,17.00,15.75,16.20,16.58
2026-09-29 00:00:00+00:00,Braga,0303,25.67,0.23,25.40,26.20,25.51,25.59,25.77,21.09,0.11,20.90,21.30,20.99,21.07,21.18,15.22,0.38,14.60,16.00,14.91,15.21,15.44
2026-09-10 00:00:00+00:00,Cabeceiras de Basto,0304,28.92,0.37,27.80,29.30,28.65,29.05,29.25,19.31,0.11,18.87,19.40,19.30,19.35,19.39,10.84,0.26,10.60,12.00,10.63,10.77,10.93
2026-09-11 00:00:00+00:00,Cabeceiras de Basto,0304,32.44,0.46,31.02,32.90,32.11,32.61,32.84,21.61,0.14,21.50,22.28,21.51,21.57,21.65,13.15,0.47,12.70,15.01,12.75,12.99,13.44
2026-09-12 00:00:00+00:00,Cabeceiras de Basto,0304,34.72,0.49,33.15,35.20,34.40,34.89,35.14,23.45,0.19,23.30,24.34,23.32,23.38,23.49,15.37,0.40,15.00,17.10,15.04,15.25,15.58
2026-09-13 00:00:00+00:00,Cabeceiras de Basto,0304,36.13,0.39,34.85,36.50,35.90,36.26,36.45,23.74,0.26,23.50,24.90,23.53,23.66,23.86,14.00,0.71,13.30,16.78,13.39,13.77,14.45
2026-09-14 00:00:00+00:00,Cabeceiras de Basto,0304,35.82,0.54,34.35,36.40,35.39,35.97,36.31,23.31,0.20,23.10,24.09,23.13,23.25,23.44,13.58,0.74,12.80,16.12,12.92,13.38,14.12
2026-09-15 00:00:00+00:00,Cabeceiras de Basto,0304,30.12,0.17,29.59,30.30,29.99,30.17,30.27,20.74,0.04,20.69,20.88,20.71,20.73,20.77,11.60,0.72,10.80,13.78,10.94,11.40,12.17
2026-09-16 00:00:00+00:00,Cabeceiras de Basto,0304,28.51,0.87,26.06,29.40,27.89,28.79,29.28,20.22,0.40,18.98,20.60,19.97,20.37,20.56,13.40,0.18,13.20,14.06,13.24,13.36,13.49
2026-09-17 00:00:00+00:00,Cabeceiras de Basto,0304,26.97,0.71,24.97,27.70,26.46,27.21,27.60,18.86,0.28,17.86,19.10,18.71,18.97,19.08,10.83,0.18,10.51,11.56,10.72,10.78,10.87
2026-09-18 00:00:00+00:00,Cabeceiras de Basto,0304,29.39,0.59,27.73,30.00,28.95,29.59,29.92,19.14,0.10,18.84,19.50,19.10,19.12,19.16,11.31,0.32,11.00,12.65,11.05,11.22,11.46
2026-09-19 00:00:00+00:00,Cabeceiras de Basto,0304,32.81,0.39,31.51,33.20,32.58,32.92,33.14,21.17,0.27,20.90,22.22,20.95,21.10,21.28,12.03,0.69,11.30,14.44,11.42,11.82,12.52
2026-09-20 00:00:00+00:00,Cabeceiras de Basto,0304,35.14,0.55,33.55,35.70,34.72,35.33,35.62,22.80,0.38,22.40,24.19,22.46,22.69,23.03,13.42,0.89,12.50,16.59,12.64,13.14,14.02
2026-09-21 00:00:00+00:00,Cabeceiras de Basto,0304,36.29,0.39,35.07,36.70,36.03,36.42,36.64,23.52,0.42,23.10,25.09,23.16,23.40,23.77,13.02,1.06,11.90,16.66,12.08,12.70,13.78
2026-09-22 00:00:00+00:00,Cabeceiras de Basto,0304,36.71,0.37,35.57,37.10,36.45,36.82,37.04,23.76,0.54,23.20,25.70,23.28,23.60,24.14,14.13,0.99,13.10,17.60,13.25,13.85,14.83
2026-09-23 00:00:00+00:00,Cabeceiras de Basto,0304,37.13,0.52,35.69,37.70,36.75,37.29,37.61,23.22,0.42,22.80,24.78,22.85,23.08,23.50,13.06,1.13,11.90,16.98,12.06,12.71,13.85
2026-09-24 00:00:00+00:00,Cabeceiras de Basto,0304,33.53,0.35,32.50,33.90,33.26,33.65,33.84,21.12,0.16,20.98,21.90,21.00,21.06,21.19,12.30,0.46,11.80,13.80,11.89,12.18,12.66
2026-09-25 00:00:00+00:00,Cabeceiras de Basto,0304,29.96,0.33,28.91,30.30,29.73,30.07,30.25,18.03,0.22,17.80,18.80,17.83,17.96,18.18,9.06,0.54,8.50,11.07,8.59,8.90,9.41
2026-09-26 00:00:00+00:00,Cabeceiras de Basto,0304,31.84,0.46,30.53,32.30,31.51,32.00,32.24,20.25,0.27,20.00,21.38,20.03,20.15,20.40,11.44,0.77,10.70,14.28,10.78,11.17,11.94
2026-09-27 00:00:00+00:00,Cabeceiras de Basto,0304,28.11,0.29,27.15,28.40,27.91,28.22,28.36,20.43,0.10,20.03,20.50,20.41,20.46,20.49,14.91,0.15,14.74,15.60,14.81,14.85,14.94
2026-09-28 00:00:00+00:00,Cabeceiras de Basto,0304,25.68,0.49,24.35,26.20,25.30,25.84,26.12,18.83,0.09,18.43,18.90,18.79,18.86,18.89,13.51,0.29,13.20,14.53,13.25,13.43,13.70
2026-09-29 00:00:00+00:00,Cabeceiras de Basto,0304,25.73,0.27,24.82,26.00,25.57,25.81,25.96,19.92,0.11,19.44,20.04,19.87,19.98,20.00,15.65,0.15,15.10,15.80,15.55,15.70,15.78
2026-09-10 00:00:00+00:00,Celorico de Basto,0305,28.65,0.48,27.68,29.29,28.26,28.71,29.10,19.21,0.15,18.90,19.40,19.09,19.23,19.34,11.06,0.36,10.61,11.91,10.73,10.98,11.36
2026-09-11 00:00:00+00:00,Celorico de Basto,0305,32.33,0.41,31.52,32.89,31.99,32.37,32.72,21.52,0.03,21.38,21.57,21.51,21.52,21.53,12.98,0.16,12.71,13.24,12.82,13.00,13.14
2026-09-12 00:00:00+00:00,Celorico de Basto,0305,34.64,0.40,33.73,35.19,34.32,34.68,35.01,23.54,0.18,23.30,24.02,23.37,23.51,23.69,15.35,0.24,15.01,15.80,15.13,15.33,15.57
2026-09-13 00:00:00+00:00,Celorico de Basto,0305,36.03,0.33,35.27,36.49,35.76,36.08,36.35,23.78,0.19,23.51,24.19,23.60,23.77,23.96,14.14,0.56,13.32,15.18,13.59,14.09,14.65
2026-09-14 00:00:00+00:00,Celorico de Basto,0305,35.57,0.59,34.37,36.38,35.09,35.64,36.11,23.29,0.11,23.11,23.54,23.20,23.31,23.36,13.83,0.67,12.83,15.00,13.19,13.82,14.45
2026-09-15 00:00:00+00:00,Celorico de Basto,0305,29.76,0.45,28.61,30.29,29.43,29.87,30.15,20.71,0.06,20.49,20.84,20.70,20.72,20.75,12.23,0.96,10.83,14.31,11.33,12.20,13.05
2026-09-16 00:00:00+00:00,Celorico de Basto,0305,28.62,0.51,27.63,29.38,28.18,28.68,29.10,20.46,0.10,20.22,20.59,20.37,20.51,20.55,13.59,0.25,13.21,14.15,13.36,13.60,13.79
2026-09-17 00:00:00+00:00,Celorico de Basto,0305,27.01,0.46,26.12,27.68,26.62,27.08,27.44,19.12,0.10,18.92,19.46,19.08,19.10,19.15,11.18,0.33,10.71,12.04,10.88,11.17,11.43
2026-09-18 00:00:00+00:00,Celorico de Basto,0305,29.37,0.42,28.53,29.98,29.00,29.41,29.77,19.25,0.09,19.10,19.49,19.16,19.26,19.31,11.35,0.20,11.01,11.64,11.15,11.38,11.53
2026-09-19 00:00:00+00:00,Celorico de Basto,0305,32.68,0.37,31.83,33.19,32.37,32.74,33.01,21.38,0.31,20.91,22.10,21.08,21.37,21.64,12.37,0.70,11.33,13.81,11.72,12.37,13.00
2026-09-20 00:00:00+00:00,Celorico de Basto,0305,35.06,0.45,34.10,35.68,34.67,35.12,35.48,22.97,0.36,22.41,23.73,22.63,22.99,23.31,13.55,0.66,12.53,14.72,12.93,13.58,14.17
2026-09-21 00:00:00+00:00,Celorico de Basto,0305,36.08,0.44,35.18,36.69,35.70,36.13,36.49,23.58,0.29,23.11,24.14,23.31,23.61,23.85,13.46,1.02,11.94,15.41,12.50,13.46,14.37
2026-09-22 00:00:00+00:00,Celorico de Basto,0305,36.52,0.41,35.71,37.09,36.17,36.59,36.91,23.80,0.36,23.22,24.42,23.46,23.83,24.14,14.21,0.68,13.13,15.30,13.55,14.23,14.84
2026-09-23 00:00:00+00:00,Celorico de Basto,0305,36.77,0.64,35.52,37.68,36.23,36.84,37.37,23.09,0.16,22.81,23.44,22.94,23.11,23.20,13.04,0.71,11.93,14.23,12.36,13.07,13.71
2026-09-24 00:00:00+00:00,Celorico de Basto,0305,33.09,0.64,31.66,33.89,32.59,33.21,33.68,20.81,0.19,20.29,21.00,20.69,20.87,20.97,12.63,0.54,11.82,13.62,12.12,12.64,13.12
2026-09-25 00:00:00+00:00,Celorico de Basto,0305,29.60,0.57,28.29,30.29,29.17,29.73,30.13,18.08,0.19,17.81,18.50,17.91,18.08,18.25,9.83,1.02,8.52,12.27,8.87,9.65,10.64
2026-09-26 00:00:00+00:00,Celorico de Basto,0305,31.66,0.49,30.61,32.29,31.29,31.76,32.11,20.10,0.05,20.00,20.21,20.05,20.12,20.14,11.37,0.47,10.72,12.39,10.93,11.32,11.77
2026-09-27 00:00:00+00:00,Celorico de Basto,0305,27.92,0.38,27.08,28.39,27.64,28.01,28.27,20.39,0.10,20.12,20.50,20.32,20.42,20.47,15.06,0.19,14.80,15.51,14.87,15.03,15.22
2026-09-28 00:00:00+00:00,Celorico de Basto,0305,25.53,0.48,24.49,26.18,25.15,25.60,25.96,18.85,0.06,18.61,18.93,18.83,18.89,18.90,13.66,0.29,13.21,14.33,13.39,13.67,13.89
2026-09-29 00:00:00+00:00,Celorico de Basto,0305,25.61,0.28,25.07,25.99,25.36,25.66,25.87,20.16,0.15,20.00,20.66,20.05,20.13,20.24,15.68,0.09,15.45,15.80,15.62,15.70,15.76
2026-09-10 00:00:00+00:00,Esposende,0306,23.60,0.76,22.48,25.08,22.88,23.57,24.29,17.88,0.25,17.52,18.34,17.64,17.85,18.11,12.30,0.06,12.22,12.49,12.26,12.28,12.31
2026-09-11 00:00:00+00:00,Esposende,0306,27.55,0.84,26.30,29.21,26.75,27.54,28.33,20.86,0.16,20.62,21.18,20.70,20.85,21.01,14.10,0.17,13.74,14.38,13.94,14.09,14.26
2026-09-12 00:00:00+00:00,Esposende,0306,32.56,0.40,31.95,33.36,32.18,32.57,32.93,24.00,0.14,23.81,24.29,23.87,23.98,24.13,18.14,0.49,17.17,18.85,17.70,18.16,18.61
2026-09-13 00:00:00+00:00,Esposende,0306,33.29,0.47,32.56,34.23,32.83,33.30,33.72,24.46,0.07,24.39,24.62,24.40,24.44,24.51,18.12,0.46,17.14,18.84,17.72,18.10,18.56
2026-09-14 00:00:00+00:00,Esposende,0306,25.53,1.10,24.20,28.29,24.49,25.33,26.59,20.32,0.63,19.60,21.64,19.74,20.14,20.83,15.86,0.55,15.40,17.32,15.46,15.58,16.07
2026-09-15 00:00:00+00:00,Esposende,0306,21.88,1.66,20.00,25.28,20.37,21.41,23.26,18.82,0.53,18.20,20.04,18.33,18.68,19.29,16.12,0.14,15.86,16.68,16.08,16.11,16.18
2026-09-16 00:00:00+00:00,Esposende,0306,25.39,0.64,24.70,26.73,24.83,25.19,25.83,20.05,0.40,19.60,20.86,19.69,19.94,20.38,16.36,0.15,16.20,16.76,16.22,16.30,16.48
2026-09-17 00:00:00+00:00,Esposende,0306,22.64,1.02,21.50,24.66,21.72,22.34,23.45,18.10,0.43,17.60,19.11,17.70,17.98,18.48,13.16,0.13,12.86,13.55,13.10,13.20,13.22
2026-09-18 00:00:00+00:00,Esposende,0306,21.34,1.32,19.80,24.24,20.12,21.01,22.48,17.93,0.53,17.30,19.27,17.43,17.81,18.40,14.09,0.09,14.00,14.39,14.01,14.06,14.14
2026-09-19 00:00:00+00:00,Esposende,0306,25.58,1.85,23.60,29.43,23.96,24.94,26.82,19.15,0.96,18.10,21.12,18.29,18.83,19.82,14.25,0.81,13.60,16.38,13.68,13.84,14.58
2026-09-20 00:00:00+00:00,Esposende,0306,32.54,0.55,31.90,33.76,32.03,32.40,33.02,22.56,0.86,21.70,24.51,21.84,22.21,22.99,16.34,0.51,15.93,17.74,16.01,16.04,16.54
2026-09-21 00:00:00+00:00,Esposende,0306,32.72,0.42,32.20,33.91,32.32,32.64,33.12,22.66,0.73,21.90,24.22,22.03,22.38,23.07,17.53,0.70,16.80,19.49,17.10,17.12,17.81
2026-09-22 00:00:00+00:00,Esposende,0306,26.58,1.88,24.40,30.50,24.84,26.10,28.20,19.36,1.20,18.00,21.86,18.26,19.03,20.34,15.09,0.17,14.90,15.50,14.94,15.04,15.23
2026-09-23 00:00:00+00:00,Esposende,0306,22.76,2.26,20.30,27.51,20.76,22.01,24.42,17.10,0.65,16.30,18.94,16.49,17.01,17.64,12.46,0.29,11.58,13.15,12.41,12.51,12.61
2026-09-24 00:00:00+00:00,Esposende,0306,22.36,1.19,20.62,24.73,21.22,22.30,23.44,16.65,0.49,15.95,17.58,16.18,16.60,17.08,11.91,0.23,11.23,12.56,11.87,11.92,12.02
2026-09-25 00:00:00+00:00,Esposende,0306,23.39,0.79,22.20,24.97,22.64,23.41,24.12,16.88,0.44,16.25,17.74,16.47,16.86,17.28,11.26,0.46,10.64,12.14,10.81,11.20,11.68
2026-09-26 00:00:00+00:00,Esposende,0306,26.51,0.77,25.38,27.98,25.77,26.46,27.19,18.90,0.31,18.44,19.47,18.60,18.88,19.17,13.93,0.18,13.55,14.18,13.77,13.94,14.10
2026-09-27 00:00:00+00:00,Esposende,0306,25.00,0.37,24.44,25.73,24.65,25.01,25.34,19.08,0.25,18.72,19.54,18.84,19.05,19.30,15.43,0.12,15.30,15.72,15.32,15.39,15.51
2026-09-28 00:00:00+00:00,Esposende,0306,28.53,2.16,23.52,30.60,27.50,29.49,30.27,19.77,0.33,18.90,20.05,19.64,19.97,19.99,16.36,0.44,15.25,16.70,16.18,16.57,16.66
2026-09-29 00:00:00+00:00,Esposende,0306,26.73,0.91,24.48,27.50,26.33,27.18,27.39,21.82,0.47,20.65,22.20,21.61,22.05,22.15,16.56,0.37,15.73,16.90,16.39,16.72,16.85
2026-09-10 00:00:00+00:00,Fafe,0307,28.40,0.31,27.93,29.17,28.17,28.27,28.61,19.20,0.08,19.00,19.37,19.15,19.18,19.24,11.66,0.49,10.71,12.56,11.25,11.71,12.06
2026-09-11 00:00:00+00:00,Fafe,0307,32.21,0.20,31.84,32.77,32.09,32.15,32.29,21.66,0.08,21.49,21.83,21.59,21.66,21.73,13.32,0.20,12.82,13.62,13.19,13.35,13.51
2026-09-12 00:00:00+00:00,Fafe,0307,34.71,0.15,34.29,35.08,34.62,34.70,34.81,24.07,0.38,23.38,24.84,23.75,24.06,24.39,15.83,0.33,15.12,16.45,15.60,15.87,16.09
2026-09-13 00:00:00+00:00,Fafe,0307,36.16,0.14,35.77,36.53,36.07,36.14,36.25,24.27,0.34,23.59,24.95,23.99,24.27,24.55,15.05,0.69,13.54,16.27,14.52,15.13,15.62
2026-09-14 00:00:00+00:00,Fafe,0307,34.96,0.46,34.22,36.14,34.64,34.80,35.25,23.56,0.18,23.18,23.96,23.43,23.56,23.69,14.82,0.71,13.13,15.97,14.32,14.94,15.41
2026-09-15 00:00:00+00:00,Fafe,0307,29.34,0.42,28.59,30.18,29.00,29.30,29.69,20.84,0.08,20.66,21.02,20.77,20.83,20.90,13.90,1.23,11.23,15.95,12.89,14.07,14.92
2026-09-16 00:00:00+00:00,Fafe,0307,27.99,0.42,27.13,29.10,27.76,27.93,28.19,20.50,0.09,20.14,20.62,20.48,20.52,20.55,14.10,0.34,13.34,14.88,13.89,14.15,14.28
2026-09-17 00:00:00+00:00,Fafe,0307,26.60,0.31,26.07,27.46,26.43,26.51,26.75,19.47,0.30,18.93,20.18,19.23,19.46,19.68,11.99,0.61,10.84,13.27,11.47,12.02,12.43
2026-09-18 00:00:00+00:00,Fafe,0307,29.16,0.26,28.52,29.79,29.00,29.17,29.34,19.63,0.23,19.16,20.11,19.47,19.64,19.83,11.78,0.29,11.15,12.49,11.63,11.74,11.94
2026-09-19 00:00:00+00:00,Fafe,0307,32.70,0.14,32.35,33.07,32.61,32.68,32.78,22.17,0.51,21.07,22.96,21.78,22.24,22.64,13.70,0.89,11.66,15.03,13.03,13.84,14.49
2026-09-20 00:00:00+00:00,Fafe,0307,34.96,0.18,34.62,35.52,34.85,34.90,35.04,23.77,0.51,22.61,24.67,23.41,23.85,24.19,14.79,0.78,12.89,16.16,14.27,14.89,15.41
2026-09-21 00:00:00+00:00,Fafe,0307,35.89,0.24,35.47,36.54,35.74,35.83,36.04,24.31,0.44,23.30,25.16,24.02,24.35,24.64,15.21,1.17,12.42,17.06,14.40,15.43,16.21
2026-09-22 00:00:00+00:00,Fafe,0307,36.39,0.21,35.93,36.94,36.26,36.36,36.50,24.56,0.46,23.44,25.45,24.27,24.60,24.90,15.25,0.69,13.51,16.67,14.88,15.33,15.66
2026-09-23 00:00:00+00:00,Fafe,0307,36.07,0.55,34.97,37.43,35.75,35.91,36.46,23.38,0.19,22.94,23.82,23.24,23.35,23.51,14.03,0.64,12.32,15.11,13.70,14.14,14.50
2026-09-24 00:00:00+00:00,Fafe,0307,32.21,0.70,31.07,33.70,31.59,32.03,32.79,20.55,0.26,20.14,21.10,20.32,20.49,20.78,13.31,0.52,12.05,14.21,12.94,13.39,13.74
2026-09-25 00:00:00+00:00,Fafe,0307,29.05,0.49,28.47,30.15,28.61,28.88,29.45,18.54,0.34,17.89,19.18,18.25,18.54,18.82,11.64,1.53,8.82,14.48,10.29,11.75,12.86
2026-09-26 00:00:00+00:00,Fafe,0307,31.30,0.34,30.78,32.15,31.05,31.16,31.53,20.38,0.15,20.07,20.70,20.26,20.39,20.51,12.31,0.61,10.94,13.26,11.88,12.39,12.83
2026-09-27 00:00:00+00:00,Fafe,0307,27.62,0.29,27.23,28.30,27.39,27.51,27.85,20.39,0.05,20.23,20.52,20.35,20.39,20.42,15.46,0.33,14.87,16.16,15.18,15.46,15.71
2026-09-28 00:00:00+00:00,Fafe,0307,24.88,0.42,24.14,25.96,24.60,24.75,25.15,19.01,0.09,18.83,19.24,18.93,19.00,19.08,14.49,0.51,13.37,15.34,14.11,14.56,14.94
2026-09-29 00:00:00+00:00,Fafe,0307,25.55,0.12,25.33,25.90,25.47,25.51,25.62,20.64,0.35,20.04,21.34,20.35,20.66,20.92,15.62,0.12,15.33,15.93,15.55,15.64,15.69
2026-09-10 00:00:00+00:00,Guimarães,0308,28.21,0.16,27.37,28.40,28.12,28.24,28.34,19.21,0.09,18.61,19.30,19.16,19.22,19.27,12.47,0.22,11.76,12.70,12.35,12.55,12.65
2026-09-11 00:00:00+00:00,Guimarães,0308,32.30,0.13,31.52,32.61,32.26,32.33,32.37,21.83,0.09,21.16,21.92,21.82,21.85,21.88,13.55,0.16,12.86,13.70,13.49,13.59,13.66
2026-09-12 00:00:00+00:00,Guimarães,0308,34.98,0.15,34.13,35.20,34.94,35.02,35.07,24.80,0.18,23.89,25.00,24.70,24.84,24.94,16.30,0.31,15.11,16.60,16.16,16.41,16.53
2026-09-13 00:00:00+00:00,Guimarães,0308,36.50,0.18,35.59,36.70,36.41,36.52,36.64,24.90,0.18,23.97,25.10,24.79,24.94,25.04,16.10,0.39,14.68,16.50,15.90,16.22,16.41
2026-09-14 00:00:00+00:00,Guimarães,0308,34.53,0.30,33.81,34.90,34.27,34.61,34.80,23.92,0.40,22.83,25.32,23.70,23.77,24.05,15.98,0.19,14.92,16.20,15.88,16.02,16.12
2026-09-15 00:00:00+00:00,Guimarães,0308,28.67,0.21,27.69,29.36,28.60,28.63,28.76,20.98,0.12,20.32,21.10,20.95,21.01,21.06,15.90,0.31,14.83,16.30,15.68,15.95,16.17
2026-09-16 00:00:00+00:00,Guimarães,0308,27.66,0.61,25.96,28.30,27.26,27.89,28.16,20.62,0.05,20.40,20.76,20.60,20.61,20.65,14.40,0.47,13.90,15.48,14.01,14.20,14.77
2026-09-17 00:00:00+00:00,Guimarães,0308,26.29,0.40,25.06,26.70,26.07,26.44,26.61,20.05,0.28,19.39,20.40,19.81,20.13,20.30,13.27,0.33,11.87,13.80,13.12,13.36,13.50
2026-09-18 00:00:00+00:00,Guimarães,0308,29.20,0.62,27.61,29.90,28.75,29.43,29.73,20.05,0.27,19.18,20.84,19.90,19.95,20.18,12.06,0.57,10.98,13.78,11.62,11.82,12.43
2026-09-19 00:00:00+00:00,Guimarães,0308,32.80,0.24,31.99,33.10,32.62,32.85,33.01,23.15,0.41,21.82,24.58,22.96,23.01,23.25,15.31,0.53,13.54,17.34,15.08,15.19,15.40
2026-09-20 00:00:00+00:00,Guimarães,0308,34.95,0.13,34.19,35.10,34.90,34.97,35.04,24.63,0.51,23.59,26.35,24.30,24.41,24.82,16.09,0.90,14.46,19.29,15.50,15.69,16.40
2026-09-21 00:00:00+00:00,Guimarães,0308,35.71,0.36,34.64,36.10,35.46,35.83,36.00,25.08,0.60,23.73,27.15,24.70,24.83,25.29,17.23,1.05,15.34,21.07,16.60,16.76,17.52
2026-09-22 00:00:00+00:00,Guimarães,0308,36.27,0.49,34.86,36.80,35.93,36.43,36.67,25.26,0.56,23.92,27.16,24.90,25.04,25.51,16.32,1.33,14.63,20.96,15.35,15.72,16.82
2026-09-23 00:00:00+00:00,Guimarães,0308,35.42,0.83,33.17,36.30,34.92,35.71,36.09,23.63,0.42,22.42,25.13,23.40,23.48,23.80,14.99,0.76,13.57,17.82,14.50,14.67,15.22
2026-09-24 00:00:00+00:00,Guimarães,0308,31.30,0.44,29.69,31.70,31.12,31.48,31.62,20.16,0.27,19.13,20.40,20.06,20.27,20.35,14.29,0.68,12.86,16.82,13.90,14.00,14.46
2026-09-25 00:00:00+00:00,Guimarães,0308,28.55,0.14,27.58,28.70,28.48,28.57,28.64,19.22,0.13,18.47,19.56,19.19,19.25,19.28,14.41,0.46,12.36,14.90,14.16,14.52,14.76
2026-09-26 00:00:00+00:00,Guimarães,0308,31.08,0.19,30.30,31.30,30.96,31.13,31.24,20.66,0.13,19.99,20.80,20.58,20.68,20.76,13.21,0.17,12.49,13.40,13.12,13.25,13.35
2026-09-27 00:00:00+00:00,Guimarães,0308,27.38,0.11,26.60,27.50,27.33,27.40,27.46,20.48,0.11,19.89,20.60,20.42,20.50,20.56,16.07,0.21,15.43,16.30,15.96,16.14,16.25
2026-09-28 00:00:00+00:00,Guimarães,0308,24.46,0.30,23.66,24.80,24.24,24.56,24.72,19.21,0.20,18.52,19.79,19.10,19.14,19.30,15.42,0.42,14.21,16.73,15.19,15.25,15.59
2026-09-29 00:00:00+00:00,Guimarães,0308,25.53,0.07,25.12,25.60,25.51,25.54,25.57,21.28,0.17,20.78,21.50,21.14,21.32,21.44,15.73,0.33,14.79,16.10,15.50,15.85,16.01
2026-09-10 00:00:00+00:00,Póvoa de Lanhoso,0309,27.82,0.12,27.55,28.14,27.75,27.81,27.90,19.06,0.05,18.96,19.17,19.02,19.05,19.09,11.84,0.13,11.62,12.19,11.74,11.83,11.89
2026-09-11 00:00:00+00:00,Póvoa de Lanhoso,0309,31.97,0.23,31.49,32.50,31.79,31.96,32.13,21.86,0.05,21.77,22.02,21.82,21.86,21.88,13.53,0.28,13.03,14.22,13.32,13.50,13.71
2026-09-12 00:00:00+00:00,Póvoa de Lanhoso,0309,34.58,0.26,34.02,35.11,34.37,34.59,34.78,24.36,0.09,24.08,24.58,24.32,24.35,24.41,15.87,0.33,15.12,16.53,15.67,15.93,16.10
2026-09-13 00:00:00+00:00,Póvoa de Lanhoso,0309,35.98,0.18,35.58,36.31,35.84,35.99,36.14,24.53,0.07,24.37,24.71,24.47,24.53,24.57,15.41,0.34,14.62,16.17,15.18,15.48,15.65
2026-09-14 00:00:00+00:00,Póvoa de Lanhoso,0309,33.94,0.22,33.17,34.44,33.81,33.98,34.08,24.08,0.08,23.85,24.34,24.03,24.08,24.13,15.65,0.13,15.28,16.03,15.60,15.64,15.72
2026-09-15 00:00:00+00:00,Póvoa de Lanhoso,0309,29.47,0.16,29.10,29.97,29.39,29.46,29.53,21.02,0.13,20.58,21.44,20.93,21.00,21.08,15.01,0.35,14.19,15.62,14.74,15.03,15.31
2026-09-16 00:00:00+00:00,Póvoa de Lanhoso,0309,26.90,0.12,26.63,27.27,26.84,26.89,26.96,20.69,0.20,20.22,21.21,20.55,20.69,20.82,15.24,0.28,14.57,15.85,15.07,15.24,15.43
2026-09-17 00:00:00+00:00,Póvoa de Lanhoso,0309,26.00,0.10,25.78,26.33,25.95,25.99,26.05,19.45,0.13,19.14,19.68,19.34,19.46,19.56,12.05,0.25,11.59,12.71,11.89,12.02,12.20
2026-09-18 00:00:00+00:00,Póvoa de Lanhoso,0309,28.13,0.24,27.54,28.67,27.96,28.15,28.29,20.27,0.15,19.86,20.49,20.18,20.30,20.38,12.86,0.20,12.35,13.27,12.72,12.91,12.99
2026-09-19 00:00:00+00:00,Póvoa de Lanhoso,0309,32.19,0.27,31.39,32.56,32.03,32.26,32.40,23.14,0.21,22.51,23.67,23.04,23.16,23.24,15.26,0.44,14.30,16.69,15.02,15.16,15.44
2026-09-20 00:00:00+00:00,Póvoa de Lanhoso,0309,34.65,0.19,34.14,34.99,34.52,34.68,34.82,24.99,0.27,24.28,25.72,24.85,25.00,25.10,16.70,0.47,15.75,18.25,16.43,16.59,16.89
2026-09-21 00:00:00+00:00,Póvoa de Lanhoso,0309,35.22,0.19,34.72,35.63,35.11,35.25,35.34,25.53,0.30,24.87,26.46,25.35,25.49,25.66,17.64,0.58,16.27,19.45,17.30,17.56,17.88
2026-09-22 00:00:00+00:00,Póvoa de Lanhoso,0309,35.72,0.15,35.19,36.05,35.65,35.72,35.80,25.80,0.23,25.22,26.47,25.66,25.77,25.92,17.07,0.36,16.14,18.40,16.89,17.05,17.22
2026-09-23 00:00:00+00:00,Póvoa de Lanhoso,0309,34.74,0.22,34.37,35.48,34.60,34.68,34.84,23.98,0.15,23.71,24.50,23.87,23.93,24.08,15.34,0.32,14.50,16.42,15.17,15.29,15.53
2026-09-24 00:00:00+00:00,Póvoa de Lanhoso,0309,30.50,0.62,29.41,31.89,30.00,30.48,30.96,19.92,0.46,19.09,20.92,19.58,19.90,20.25,14.43,0.30,13.80,15.65,14.28,14.41,14.54
2026-09-25 00:00:00+00:00,Póvoa de Lanhoso,0309,28.41,0.12,28.22,28.84,28.34,28.38,28.43,19.08,0.20,18.59,19.48,18.97,19.08,19.21,12.82,0.54,11.41,13.77,12.48,12.90,13.27
2026-09-26 00:00:00+00:00,Póvoa de Lanhoso,0309,30.52,0.17,30.14,30.92,30.40,30.51,30.63,20.57,0.13,20.36,20.94,20.49,20.55,20.65,13.16,0.24,12.74,13.87,13.01,13.09,13.31
2026-09-27 00:00:00+00:00,Póvoa de Lanhoso,0309,27.21,0.07,27.02,27.46,27.16,27.21,27.25,20.24,0.05,20.12,20.36,20.21,20.25,20.28,15.49,0.11,15.31,15.80,15.41,15.48,15.54
2026-09-28 00:00:00+00:00,Póvoa de Lanhoso,0309,23.84,0.24,23.03,24.36,23.71,23.89,23.99,19.31,0.09,19.09,19.47,19.26,19.32,19.39,15.44,0.18,14.87,15.78,15.36,15.44,15.54
2026-09-29 00:00:00+00:00,Póvoa de Lanhoso,0309,25.16,0.25,24.22,25.51,25.03,25.22,25.34,20.91,0.17,20.49,21.28,20.78,20.93,21.04,15.22,0.10,14.86,15.42,15.17,15.24,15.29
2026-09-10 00:00:00+00:00,Terras de Bouro,0310,27.30,0.23,26.74,27.67,27.13,27.33,27.49,19.01,0.27,18.47,19.55,18.81,18.99,19.21,12.06,0.44,11.37,13.00,11.67,11.99,12.40
2026-09-11 00:00:00+00:00,Terras de Bouro,0310,30.81,0.36,30.10,31.84,30.57,30.73,31.03,22.20,0.36,21.62,22.93,21.89,22.16,22.50,14.92,0.95,13.10,16.58,14.13,14.90,15.71
2026-09-12 00:00:00+00:00,Terras de Bouro,0310,33.38,0.47,32.61,34.70,33.04,33.24,33.71,24.45,0.30,23.90,25.12,24.24,24.39,24.66,17.18,0.74,15.70,18.57,16.57,17.14,17.79
2026-09-13 00:00:00+00:00,Terras de Bouro,0310,35.10,0.30,34.43,35.94,34.91,35.06,35.29,24.94,0.47,24.21,25.90,24.51,24.88,25.33,17.05,1.06,15.04,19.03,16.16,16.97,17.92
2026-09-14 00:00:00+00:00,Terras de Bouro,0310,33.01,0.36,32.20,33.98,32.79,33.02,33.31,24.36,0.20,23.76,24.71,24.24,24.37,24.51,16.57,0.51,15.84,17.99,16.20,16.38,16.83
2026-09-15 00:00:00+00:00,Terras de Bouro,0310,29.16,0.25,28.74,29.97,28.94,29.12,29.33,20.46,0.31,19.80,21.23,20.26,20.46,20.68,14.15,0.46,13.20,15.09,13.86,14.16,14.46
2026-09-16 00:00:00+00:00,Terras de Bouro,0310,25.58,0.75,24.21,27.16,24.86,25.76,26.30,19.40,0.68,18.09,21.13,18.76,19.63,20.00,14.61,0.27,13.97,15.71,14.42,14.68,14.80
2026-09-17 00:00:00+00:00,Terras de Bouro,0310,24.87,0.69,23.56,26.37,24.21,25.06,25.52,18.50,0.46,17.54,19.60,18.05,18.62,18.93,11.61,0.19,11.15,12.11,11.50,11.59,11.70
2026-09-18 00:00:00+00:00,Terras de Bouro,0310,27.13,0.25,26.56,27.61,26.90,27.18,27.33,19.97,0.31,19.29,20.41,19.71,19.96,20.27,12.95,0.26,12.60,13.68,12.76,12.87,13.07
2026-09-19 00:00:00+00:00,Terras de Bouro,0310,31.34,0.28,30.88,32.01,31.10,31.27,31.55,23.22,0.50,22.31,24.10,22.84,23.13,23.64,16.25,0.72,15.00,17.70,15.74,16.03,16.77
2026-09-20 00:00:00+00:00,Terras de Bouro,0310,33.48,0.46,32.54,34.15,33.02,33.59,33.91,25.36,0.46,24.55,26.20,25.02,25.26,25.73,18.28,0.50,17.21,19.30,17.96,18.22,18.62
2026-09-21 00:00:00+00:00,Terras de Bouro,0310,34.72,0.24,34.27,35.32,34.52,34.65,34.88,26.21,0.44,25.40,27.10,25.92,26.11,26.52,19.13,0.75,17.77,20.70,18.64,18.93,19.62
2026-09-22 00:00:00+00:00,Terras de Bouro,0310,35.06,0.32,34.50,35.74,34.80,35.02,35.29,26.57,0.28,25.83,27.10,26.40,26.55,26.78,19.06,0.59,17.12,20.40,18.65,18.95,19.45
2026-09-23 00:00:00+00:00,Terras de Bouro,0310,34.46,0.55,33.70,35.68,33.98,34.33,34.88,24.93,0.41,24.21,26.03,24.64,24.81,25.11,17.64,0.87,15.44,19.97,16.99,17.38,18.07
2026-09-24 00:00:00+00:00,Terras de Bouro,0310,30.95,1.01,28.69,32.42,30.28,31.11,31.80,21.14,0.98,19.00,22.70,20.39,21.21,21.97,15.47,0.86,14.26,17.40,14.71,15.29,16.09
2026-09-25 00:00:00+00:00,Terras de Bouro,0310,28.07,0.17,27.64,28.30,27.95,28.10,28.22,18.96,0.20,18.53,19.36,18.83,18.97,19.09,11.89,0.35,10.90,12.68,11.66,11.96,12.14
2026-09-26 00:00:00+00:00,Terras de Bouro,0310,29.69,0.19,29.18,30.10,29.56,29.72,29.82,21.36,0.53,20.42,22.32,20.92,21.32,21.79,14.91,0.84,13.20,16.39,14.21,14.89,15.67
2026-09-27 00:00:00+00:00,Terras de Bouro,0310,26.82,0.25,26.13,27.25,26.65,26.86,27.02,20.08,0.25,19.50,20.55,19.91,20.06,20.25,15.45,0.38,14.68,16.22,15.16,15.41,15.72
2026-09-28 00:00:00+00:00,Terras de Bouro,0310,22.94,0.41,22.10,23.66,22.66,22.94,23.27,18.86,0.26,18.29,19.44,18.62,18.93,19.11,15.09,0.17,14.61,15.38,15.00,15.15,15.22
2026-09-29 00:00:00+00:00,Terras de Bouro,0310,24.21,0.58,23.10,25.39,23.79,24.19,24.65,19.97,0.37,19.18,21.26,19.61,20.10,20.26,14.60,0.15,14.28,15.28,14.48,14.58,14.72
2026-09-10 00:00:00+00:00,Vieira do Minho,0311,27.84,0.23,27.57,28.64,27.69,27.74,27.95,19.34,0.15,19.00,19.60,19.22,19.33,19.47,12.31,0.50,11.22,13.09,11.93,12.29,12.76
2026-09-11 00:00:00+00:00,Vieira do Minho,0311,31.16,0.39,30.69,32.17,30.79,31.10,31.45,22.41,0.37,21.76,22.99,22.08,22.40,22.76,15.29,0.95,13.58,16.69,14.43,15.31,16.19
2026-09-12 00:00:00+00:00,Vieira do Minho,0311,33.58,0.41,33.08,34.51,33.19,33.49,33.94,24.59,0.38,23.75,25.19,24.33,24.58,24.94,17.42,0.84,15.81,18.69,16.65,17.46,18.21
2026-09-13 00:00:00+00:00,Vieira do Minho,0311,35.35,0.25,35.07,35.99,35.12,35.29,35.55,25.17,0.53,24.07,25.99,24.74,25.17,25.66,17.33,1.24,14.75,19.19,16.30,17.40,18.50
2026-09-14 00:00:00+00:00,Vieira do Minho,0311,33.88,0.39,33.33,35.17,33.60,33.74,34.07,24.29,0.30,23.57,24.79,24.11,24.26,24.54,16.59,0.96,14.45,18.19,15.89,16.44,17.43
2026-09-15 00:00:00+00:00,Vieira do Minho,0311,29.62,0.12,29.37,29.84,29.51,29.63,29.73,20.91,0.10,20.70,21.10,20.83,20.89,20.99,14.47,0.53,12.64,15.19,14.25,14.55,14.84
2026-09-16 00:00:00+00:00,Vieira do Minho,0311,25.75,0.93,24.31,27.72,24.91,25.86,26.57,19.30,0.71,18.20,20.56,18.61,19.36,19.93,14.50,0.28,13.82,15.24,14.35,14.48,14.63
2026-09-17 00:00:00+00:00,Vieira do Minho,0311,24.92,0.78,23.70,26.41,24.19,25.02,25.61,18.51,0.43,17.89,19.30,18.09,18.52,18.87,11.83,0.20,11.23,12.19,11.73,11.81,11.96
2026-09-18 00:00:00+00:00,Vieira do Minho,0311,27.58,0.51,26.90,28.90,27.12,27.56,27.95,19.80,0.19,19.39,20.33,19.68,19.77,19.89,13.01,0.48,11.81,13.79,12.76,12.96,13.40
2026-09-19 00:00:00+00:00,Vieira do Minho,0311,32.06,0.20,31.53,32.60,31.97,32.05,32.13,22.74,0.34,21.71,23.53,22.54,22.85,22.96,15.31,0.75,13.06,16.36,14.86,15.54,15.90
2026-09-20 00:00:00+00:00,Vieira do Minho,0311,33.67,0.58,32.80,34.77,33.12,33.72,34.19,24.77,0.43,23.44,25.55,24.50,24.92,25.08,17.48,1.09,14.61,19.08,16.83,17.63,18.35
2026-09-21 00:00:00+00:00,Vieira do Minho,0311,35.34,0.22,34.81,35.98,35.23,35.35,35.43,25.63,0.51,24.16,26.29,25.32,25.79,26.02,17.87,1.12,14.53,19.29,17.23,18.25,18.71
2026-09-22 00:00:00+00:00,Vieira do Minho,0311,35.77,0.20,35.31,36.41,35.66,35.76,35.85,26.21,0.64,24.50,27.19,25.85,26.23,26.73,18.33,1.23,15.34,20.28,17.49,18.28,19.39
2026-09-23 00:00:00+00:00,Vieira do Minho,0311,35.47,0.43,34.46,36.49,35.15,35.60,35.75,24.96,0.72,23.65,26.19,24.35,24.84,25.61,17.51,1.66,14.26,20.28,16.16,17.19,18.98
2026-09-24 00:00:00+00:00,Vieira do Minho,0311,32.16,0.50,30.38,33.07,31.98,32.34,32.46,21.81,0.69,20.10,22.79,21.24,21.87,22.43,14.37,0.46,12.97,15.33,14.11,14.51,14.66
2026-09-25 00:00:00+00:00,Vieira do Minho,0311,28.56,0.29,28.26,29.55,28.33,28.44,28.71,19.00,0.28,18.27,19.40,18.86,19.02,19.24,11.80,0.58,9.89,12.49,11.49,12.00,12.22
2026-09-26 00:00:00+00:00,Vieira do Minho,0311,30.23,0.40,29.80,31.44,29.90,30.12,30.44,21.55,0.56,20.51,22.39,21.03,21.56,22.09,14.83,1.17,12.22,16.49,13.92,14.93,15.92
2026-09-27 00:00:00+00:00,Vieira do Minho,0311,27.31,0.16,27.05,27.88,27.22,27.28,27.37,20.40,0.11,20.14,20.60,20.32,20.40,20.49,15.77,0.32,15.14,16.29,15.51,15.75,16.06
2026-09-28 00:00:00+00:00,Vieira do Minho,0311,23.87,0.36,23.20,25.05,23.68,23.75,24.05,18.83,0.19,18.58,19.27,18.66,18.81,18.96,14.98,0.28,14.04,15.38,14.84,15.09,15.16
2026-09-29 00:00:00+00:00,Vieira do Minho,0311,25.20,0.24,24.43,25.56,25.08,25.29,25.38,19.94,0.39,19.40,20.76,19.57,19.93,20.24,14.99,0.16,14.80,15.43,14.85,14.95,15.10
2026-09-10 00:00:00+00:00,Vila Nova de Famalicão,0312,26.92,0.79,25.07,28.27,26.28,27.08,27.57,18.79,0.18,18.43,19.23,18.65,18.75,18.93,12.36,0.27,11.88,13.28,12.18,12.30,12.49
2026-09-11 00:00:00+00:00,Vila Nova de Famalicão,0312,31.07,0.87,28.96,32.29,30.39,31.24,31.84,21.39,0.23,20.93,21.83,21.18,21.36,21.59,13.32,0.23,12.73,14.07,13.19,13.27,13.45
2026-09-12 00:00:00+00:00,Vila Nova de Famalicão,0312,34.10,0.57,32.86,34.99,33.65,34.16,34.61,24.36,0.21,23.68,24.88,24.25,24.38,24.48,16.04,0.36,15.28,17.18,15.80,15.94,16.24
2026-09-13 00:00:00+00:00,Vila Nova de Famalicão,0312,35.30,0.75,33.59,36.56,34.71,35.42,35.94,24.50,0.23,23.76,25.12,24.40,24.49,24.63,15.95,0.66,14.69,18.14,15.53,15.76,16.24
2026-09-14 00:00:00+00:00,Vila Nova de Famalicão,0312,32.80,1.02,30.47,34.67,32.00,32.95,33.61,23.31,0.48,22.61,24.47,22.90,23.26,23.69,15.80,0.28,14.80,16.69,15.66,15.83,15.93
2026-09-15 00:00:00+00:00,Vila Nova de Famalicão,0312,27.78,0.76,25.59,28.81,27.37,27.94,28.42,20.65,0.27,20.02,21.21,20.44,20.73,20.86,15.93,0.32,14.92,16.62,15.76,15.90,16.17
2026-09-16 00:00:00+00:00,Vila Nova de Famalicão,0312,27.07,0.26,26.54,28.03,26.92,27.01,27.13,20.76,0.20,20.38,21.36,20.61,20.72,20.89,15.32,0.52,14.11,16.39,14.97,15.37,15.71
2026-09-17 00:00:00+00:00,Vila Nova de Famalicão,0312,25.77,0.27,25.05,26.52,25.63,25.80,25.91,19.59,0.23,19.13,20.23,19.41,19.63,19.72,12.81,0.33,11.64,13.39,12.64,12.90,13.06
2026-09-18 00:00:00+00:00,Vila Nova de Famalicão,0312,27.80,0.67,26.45,29.58,27.28,27.85,28.20,19.96,0.32,19.12,20.59,19.72,19.93,20.20,12.67,0.63,11.06,13.90,12.22,12.77,13.16
2026-09-19 00:00:00+00:00,Vila Nova de Famalicão,0312,31.75,0.57,30.59,32.93,31.28,31.83,32.21,22.65,0.40,21.70,23.70,22.36,22.57,22.93,14.96,0.44,13.44,16.17,14.73,14.92,15.19
2026-09-20 00:00:00+00:00,Vila Nova de Famalicão,0312,34.59,0.25,34.02,35.05,34.37,34.64,34.81,24.60,0.33,23.60,25.44,24.40,24.59,24.80,16.13,0.54,14.50,17.53,15.79,16.17,16.45
2026-09-21 00:00:00+00:00,Vila Nova de Famalicão,0312,35.07,0.26,34.62,35.91,34.88,35.07,35.18,24.89,0.41,23.70,26.00,24.66,24.85,25.13,17.27,0.63,15.39,18.90,16.92,17.26,17.63
2026-09-22 00:00:00+00:00,Vila Nova de Famalicão,0312,35.15,0.55,34.03,36.55,34.75,35.24,35.46,24.64,0.54,23.83,26.03,24.16,24.56,25.02,16.24,0.74,14.72,18.49,15.79,15.99,16.62
2026-09-23 00:00:00+00:00,Vila Nova de Famalicão,0312,32.57,1.59,29.07,35.85,31.38,32.66,33.76,22.31,0.93,20.28,24.07,21.50,22.38,23.08,14.37,0.62,13.49,16.12,13.86,14.24,14.79
2026-09-24 00:00:00+00:00,Vila Nova de Famalicão,0312,28.82,1.74,24.32,31.52,27.52,29.11,30.24,19.12,0.57,17.91,20.29,18.69,19.12,19.55,13.74,0.54,12.78,15.31,13.30,13.58,14.10
2026-09-25 00:00:00+00:00,Vila Nova de Famalicão,0312,26.90,1.11,24.12,28.56,26.05,27.20,27.82,18.57,0.41,17.82,19.25,18.23,18.58,18.94,13.28,0.49,12.42,14.67,12.92,13.14,13.60
2026-09-26 00:00:00+00:00,Vila Nova de Famalicão,0312,29.87,0.69,28.35,31.17,29.29,29.97,30.42,20.05,0.28,19.60,20.71,19.81,20.03,20.26,12.94,0.20,12.33,13.53,12.83,12.91,13.07
2026-09-27 00:00:00+00:00,Vila Nova de Famalicão,0312,26.52,0.51,25.45,27.40,26.11,26.57,26.95,20.03,0.20,19.67,20.52,19.87,19.99,20.18,15.79,0.21,15.27,16.49,15.66,15.74,15.92
2026-09-28 00:00:00+00:00,Vila Nova de Famalicão,0312,24.10,0.20,23.53,24.62,24.01,24.11,24.20,19.30,0.27,18.50,19.80,19.10,19.34,19.52,15.55,0.43,14.19,16.23,15.24,15.65,15.89
2026-09-29 00:00:00+00:00,Vila Nova de Famalicão,0312,25.50,0.17,25.04,25.92,25.38,25.51,25.61,21.12,0.14,20.72,21.45,21.04,21.13,21.21,15.57,0.14,15.21,15.94,15.48,15.56,15.67
2026-09-10 00:00:00+00:00,Vila Verde,0313,27.28,0.40,26.70,27.99,26.93,27.19,27.66,18.85,0.15,18.59,19.10,18.72,18.82,18.99,11.53,0.03,11.41,11.59,11.51,11.53,11.55
2026-09-11 00:00:00+00:00,Vila Verde,0313,31.96,0.52,31.05,32.89,31.51,31.81,32.45,21.71,0.17,21.42,22.00,21.57,21.68,21.87,12.90,0.14,12.65,13.45,12.82,12.86,12.93
2026-09-12 00:00:00+00:00,Vila Verde,0313,34.93,0.32,34.03,35.39,34.76,34.97,35.18,24.34,0.07,24.09,24.47,24.31,24.38,24.39,15.69,0.63,14.62,16.80,15.09,15.83,16.19
2026-09-13 00:00:00+00:00,Vila Verde,0313,36.09,0.25,35.40,36.49,35.95,36.09,36.30,24.28,0.09,24.11,24.40,24.20,24.29,24.37,14.89,0.42,14.12,15.54,14.51,15.02,15.27
2026-09-14 00:00:00+00:00,Vila Verde,0313,33.45,0.68,32.25,35.15,32.88,33.43,33.99,23.59,0.45,22.90,24.68,23.29,23.46,23.91,15.12,0.53,14.50,16.48,14.71,14.88,15.47
2026-09-15 00:00:00+00:00,Vila Verde,0313,29.25,0.82,27.40,30.77,28.86,29.30,29.90,20.80,0.77,19.10,22.17,20.23,20.88,21.50,14.85,1.10,12.71,16.98,13.97,14.79,15.85
2026-09-16 00:00:00+00:00,Vila Verde,0313,26.47,0.79,24.60,27.77,26.08,26.57,27.07,20.45,0.83,18.50,21.96,20.01,20.54,21.16,15.02,1.13,12.31,16.70,14.56,15.16,15.77
2026-09-17 00:00:00+00:00,Vila Verde,0313,25.78,0.60,24.40,26.97,25.46,25.86,26.27,19.03,0.75,17.20,20.08,18.74,19.14,19.57,11.57,0.97,9.70,13.90,11.12,11.46,11.85
2026-09-18 00:00:00+00:00,Vila Verde,0313,27.72,0.73,26.20,28.90,27.33,27.58,28.39,20.16,0.53,19.00,21.10,19.92,20.21,20.44,12.74,0.80,10.85,14.20,12.21,12.78,13.31
2026-09-19 00:00:00+00:00,Vila Verde,0313,31.75,0.86,30.20,33.43,31.10,31.54,32.59,22.67,0.55,22.06,24.09,22.28,22.49,22.89,14.60,1.41,12.04,17.67,13.34,14.69,15.35
2026-09-20 00:00:00+00:00,Vila Verde,0313,34.42,0.85,32.60,35.70,33.94,34.23,35.22,24.80,0.65,23.62,26.19,24.22,24.82,25.26,15.96,1.69,13.40,19.27,14.37,16.13,17.21
2026-09-21 00:00:00+00:00,Vila Verde,0313,34.74,0.80,33.00,36.31,34.38,34.60,35.46,25.05,0.87,23.75,27.08,24.32,24.97,25.40,16.84,2.02,13.73,20.66,14.90,17.12,18.37
2026-09-22 00:00:00+00:00,Vila Verde,0313,35.32,0.68,33.90,36.57,34.82,35.34,35.94,25.39,0.83,23.95,27.07,24.59,25.50,25.97,16.49,1.87,13.50,20.30,14.90,16.47,18.12
2026-09-23 00:00:00+00:00,Vila Verde,0313,34.04,1.00,32.00,36.25,33.49,34.02,34.79,23.47,0.75,22.30,25.07,22.73,23.55,23.98,14.77,1.66,12.00,17.92,13.32,14.77,16.23
2026-09-24 00:00:00+00:00,Vila Verde,0313,28.08,0.85,26.14,29.29,27.45,28.22,28.76,18.64,0.27,18.04,19.45,18.46,18.69,18.79,13.94,1.37,11.90,17.32,12.81,13.86,14.87
2026-09-25 00:00:00+00:00,Vila Verde,0313,27.99,0.31,27.60,28.59,27.71,27.88,28.26,19.08,0.40,18.52,19.79,18.73,18.98,19.47,12.71,0.67,11.70,13.79,12.09,12.57,13.37
2026-09-26 00:00:00+00:00,Vila Verde,0313,30.06,0.30,29.52,30.59,29.83,29.99,30.34,20.38,0.08,20.25,20.58,20.30,20.38,20.44,13.12,0.38,12.51,13.72,12.76,13.20,13.47
2026-09-27 00:00:00+00:00,Vila Verde,0313,27.03,0.21,26.51,27.40,26.90,27.00,27.23,20.08,0.14,19.72,20.30,19.99,20.07,20.21,15.23,0.10,14.89,15.33,15.18,15.27,15.30
2026-09-28 00:00:00+00:00,Vila Verde,0313,23.42,0.71,22.14,24.67,22.77,23.46,24.09,19.17,0.21,18.70,19.69,19.07,19.21,19.30,15.30,0.14,15.00,15.70,15.23,15.30,15.38
2026-09-29 00:00:00+00:00,Vila Verde,0313,24.70,0.95,22.90,26.10,23.91,24.74,25.65,20.62,0.58,19.30,22.06,20.30,20.69,20.99,14.77,0.73,13.00,15.88,14.43,14.83,15.39
2026-09-10 00:00:00+00:00,Vizela,0314,28.02,0.27,27.46,28.37,27.78,28.12,28.24,19.05,0.19,18.64,19.29,18.89,19.13,19.21,12.43,0.20,12.01,12.68,12.26,12.51,12.59
2026-09-11 00:00:00+00:00,Vizela,0314,32.06,0.23,31.58,32.38,31.85,32.15,32.25,21.62,0.21,21.19,21.88,21.45,21.71,21.80,13.39,0.23,12.88,13.68,13.19,13.49,13.58
2026-09-12 00:00:00+00:00,Vizela,0314,34.72,0.27,34.16,35.08,34.46,34.83,34.94,24.58,0.31,23.92,24.97,24.31,24.71,24.83,16.18,0.31,15.51,16.57,15.91,16.31,16.44
2026-09-13 00:00:00+00:00,Vizela,0314,36.27,0.30,35.65,36.67,35.99,36.39,36.51,24.67,0.32,23.99,25.07,24.40,24.80,24.93,15.89,0.45,14.92,16.46,15.51,16.08,16.26
2026-09-14 00:00:00+00:00,Vizela,0314,34.50,0.26,33.98,34.87,34.27,34.60,34.71,23.38,0.25,22.83,23.69,23.17,23.49,23.60,15.69,0.37,14.90,16.17,15.38,15.84,15.98
2026-09-15 00:00:00+00:00,Vizela,0314,28.29,0.25,27.76,28.59,28.08,28.39,28.50,20.79,0.22,20.32,21.08,20.60,20.88,20.98,15.74,0.38,14.95,16.26,15.40,15.89,16.05
2026-09-16 00:00:00+00:00,Vizela,0314,27.94,0.23,27.47,28.27,27.73,28.02,28.12,20.52,0.07,20.37,20.60,20.46,20.55,20.58,14.08,0.08,13.93,14.22,14.01,14.06,14.16
2026-09-17 00:00:00+00:00,Vizela,0314,26.41,0.19,26.02,26.68,26.24,26.48,26.57,20.03,0.24,19.53,20.37,19.82,20.13,20.23,12.91,0.49,11.85,13.55,12.49,13.10,13.30
2026-09-18 00:00:00+00:00,Vizela,0314,29.37,0.34,28.69,29.85,29.06,29.49,29.64,19.63,0.22,19.13,19.89,19.45,19.73,19.81,11.38,0.22,10.85,11.60,11.23,11.49,11.56
2026-09-19 00:00:00+00:00,Vizela,0314,32.67,0.29,32.06,33.07,32.40,32.78,32.91,22.56,0.35,21.80,22.98,22.27,22.70,22.85,14.56,0.49,13.47,15.17,14.15,14.77,14.97
2026-09-20 00:00:00+00:00,Vizela,0314,34.74,0.27,34.17,35.08,34.50,34.84,34.96,24.03,0.23,23.51,24.29,23.85,24.14,24.22,15.10,0.35,14.32,15.49,14.83,15.26,15.39
2026-09-21 00:00:00+00:00,Vizela,0314,35.72,0.25,35.20,36.07,35.49,35.82,35.93,24.34,0.31,23.65,24.69,24.10,24.48,24.59,16.11,0.41,15.18,16.59,15.79,16.30,16.46
2026-09-22 00:00:00+00:00,Vizela,0314,36.37,0.28,35.79,36.76,36.11,36.47,36.59,24.56,0.28,23.93,24.89,24.34,24.69,24.80,15.08,0.25,14.50,15.32,14.90,15.20,15.27
2026-09-23 00:00:00+00:00,Vizela,0314,35.74,0.33,35.10,36.24,35.42,35.85,36.00,23.07,0.26,22.51,23.38,22.85,23.17,23.28,14.17,0.28,13.56,14.49,13.95,14.29,14.40
2026-09-24 00:00:00+00:00,Vizela,0314,31.45,0.15,31.17,31.68,31.31,31.49,31.57,20.16,0.17,19.81,20.38,20.02,20.23,20.30,13.52,0.31,12.84,13.89,13.27,13.66,13.78
2026-09-25 00:00:00+00:00,Vizela,0314,28.30,0.28,27.71,28.67,28.05,28.41,28.54,18.98,0.23,18.51,19.28,18.78,19.07,19.17,14.14,0.53,13.03,14.85,13.66,14.34,14.56
2026-09-26 00:00:00+00:00,Vizela,0314,30.92,0.26,30.38,31.27,30.68,31.02,31.14,20.49,0.22,20.03,20.78,20.30,20.58,20.68,13.05,0.26,12.50,13.38,12.83,13.15,13.25
2026-09-27 00:00:00+00:00,Vizela,0314,27.17,0.24,26.66,27.48,26.96,27.26,27.37,20.33,0.19,19.92,20.58,20.17,20.41,20.49,15.96,0.24,15.45,16.28,15.76,16.06,16.16
2026-09-28 00:00:00+00:00,Vizela,0314,24.50,0.20,24.08,24.77,24.32,24.57,24.66,18.87,0.19,18.46,19.09,18.72,18.96,19.03,14.80,0.32,14.09,15.18,14.54,14.94,15.07
2026-09-29 00:00:00+00:00,Vizela,0314,25.40,0.15,25.07,25.59,25.27,25.46,25.52,21.22,0.19,20.81,21.48,21.04,21.29,21.37,15.85,0.16,15.51,16.08,15.70,15.91,15.98
2026-09-10 00:00:00+00:00,Alfândega da Fé,0401,26.99,0.35,25.93,27.86,26.80,27.07,27.20,18.91,0.47,17.81,19.75,18.54,18.96,19.30,10.88,0.66,9.64,12.11,10.32,10.83,11.46
2026-09-11 00:00:00+00:00,Alfândega da Fé,0401,31.73,0.30,30.88,32.26,31.53,31.78,31.95,22.88,0.48,21.88,23.78,22.51,22.85,23.28,14.26,0.69,12.38,15.11,13.77,14.49,14.85
2026-09-12 00:00:00+00:00,Alfândega da Fé,0401,31.92,0.57,30.04,32.67,31.62,32.09,32.36,23.56,0.51,22.52,24.51,23.14,23.51,24.01,16.02,0.92,14.37,17.78,15.18,15.87,16.85
2026-09-13 00:00:00+00:00,Alfândega da Fé,0401,34.51,0.40,33.34,35.26,34.28,34.57,34.79,24.75,0.45,23.86,25.58,24.39,24.75,25.13,15.37,0.77,13.48,16.44,14.80,15.61,15.99
2026-09-14 00:00:00+00:00,Alfândega da Fé,0401,35.93,0.22,35.33,36.46,35.78,35.95,36.06,25.64,0.41,24.72,26.31,25.33,25.75,25.95,15.47,0.89,13.48,17.51,14.86,15.72,16.08
2026-09-15 00:00:00+00:00,Alfândega da Fé,0401,33.62,0.13,33.14,33.94,33.58,33.63,33.68,24.46,0.36,23.73,25.17,24.18,24.48,24.75,16.80,0.98,14.38,18.51,16.10,17.06,17.53
2026-09-16 00:00:00+00:00,Alfândega da Fé,0401,27.70,0.68,25.43,28.80,27.36,27.92,28.20,20.35,0.46,19.15,21.10,19.99,20.42,20.72,14.00,0.54,12.78,15.06,13.57,14.00,14.44
2026-09-17 00:00:00+00:00,Alfândega da Fé,0401,25.36,0.55,23.53,26.22,25.09,25.53,25.78,17.74,0.51,16.61,18.58,17.32,17.80,18.16,10.49,0.94,8.22,11.96,9.80,10.52,11.32
2026-09-18 00:00:00+00:00,Alfândega da Fé,0401,27.48,0.42,26.18,28.17,27.21,27.58,27.82,19.31,0.45,18.46,20.17,18.93,19.29,19.70,11.73,0.78,10.46,13.27,11.05,11.62,12.39
2026-09-19 00:00:00+00:00,Alfândega da Fé,0401,31.02,0.25,30.33,31.55,30.84,31.06,31.22,21.84,0.45,21.13,22.75,21.44,21.77,22.22,13.50,0.82,12.24,15.08,12.75,13.38,14.23
2026-09-20 00:00:00+00:00,Alfândega da Fé,0401,33.27,0.49,31.60,34.04,33.04,33.43,33.63,24.16,0.43,23.24,24.91,23.81,24.22,24.51,15.27,0.82,13.36,16.86,14.73,15.52,15.86
2026-09-21 00:00:00+00:00,Alfândega da Fé,0401,34.21,0.31,33.22,34.76,34.03,34.29,34.43,24.80,0.46,23.87,25.59,24.45,24.86,25.17,15.74,0.94,13.55,16.94,15.05,16.04,16.50
2026-09-22 00:00:00+00:00,Alfândega da Fé,0401,34.45,0.43,33.03,35.20,34.22,34.57,34.77,25.25,0.43,24.41,26.01,24.91,25.25,25.62,16.40,0.87,14.09,17.72,15.83,16.55,17.13
2026-09-23 00:00:00+00:00,Alfândega da Fé,0401,35.01,0.31,34.09,35.58,34.82,35.06,35.22,25.08,0.48,24.08,25.88,24.71,25.21,25.44,15.24,0.82,13.37,16.70,14.68,15.49,15.89
2026-09-24 00:00:00+00:00,Alfândega da Fé,0401,34.87,0.27,34.16,35.50,34.71,34.87,34.99,24.62,0.50,23.46,25.53,24.26,24.76,24.99,14.95,1.04,12.55,17.10,14.24,15.27,15.70
2026-09-25 00:00:00+00:00,Alfândega da Fé,0401,32.18,0.25,31.38,32.66,32.04,32.24,32.36,22.82,0.54,21.64,23.70,22.41,22.97,23.25,14.65,1.32,11.59,17.80,13.76,15.01,15.47
2026-09-26 00:00:00+00:00,Alfândega da Fé,0401,30.19,0.24,29.62,30.77,30.02,30.19,30.31,21.42,0.44,20.50,22.29,21.08,21.50,21.74,12.20,0.85,10.24,13.26,11.58,12.46,12.91
2026-09-27 00:00:00+00:00,Alfândega da Fé,0401,28.70,0.31,28.03,29.32,28.44,28.73,28.94,21.90,0.35,21.02,22.48,21.63,22.00,22.17,16.20,0.73,14.51,17.99,15.73,16.37,16.66
2026-09-28 00:00:00+00:00,Alfândega da Fé,0401,26.55,0.14,26.34,26.95,26.45,26.50,26.62,20.29,0.36,19.67,21.06,19.99,20.23,20.60,15.54,0.68,13.88,16.68,15.03,15.72,16.06
2026-09-29 00:00:00+00:00,Alfândega da Fé,0401,24.10,0.61,22.36,25.03,23.66,24.24,24.60,20.37,0.61,18.81,21.30,19.89,20.47,20.87,17.24,0.65,15.78,18.31,16.70,17.30,17.81
2026-09-10 00:00:00+00:00,Bragança,0402,26.16,0.29,25.44,26.75,25.91,26.12,26.36,17.14,0.29,16.50,17.68,16.89,17.24,17.40,8.53,0.41,7.90,9.65,8.26,8.35,8.91
2026-09-11 00:00:00+00:00,Bragança,0402,30.02,0.72,29.33,31.60,29.52,29.62,30.38,20.79,0.24,20.40,21.66,20.59,20.75,21.01,10.98,0.41,10.40,13.30,10.81,10.88,10.97
2026-09-12 00:00:00+00:00,Bragança,0402,31.18,0.44,30.60,32.10,30.82,31.08,31.39,22.57,0.19,22.20,23.36,22.44,22.60,22.66,15.33,0.26,14.86,16.45,15.19,15.34,15.46
2026-09-13 00:00:00+00:00,Bragança,0402,33.26,0.56,32.80,34.50,32.88,32.94,33.54,23.47,0.28,22.90,24.65,23.27,23.52,23.61,13.05,0.69,12.00,16.64,12.66,12.97,13.26
2026-09-14 00:00:00+00:00,Bragança,0402,34.93,0.79,33.75,36.60,34.28,34.73,35.36,24.24,0.20,23.90,25.25,24.11,24.25,24.29,13.05,0.98,12.00,18.93,12.67,12.78,12.95
2026-09-15 00:00:00+00:00,Bragança,0402,33.73,0.65,30.35,34.70,33.54,33.81,34.10,23.04,0.52,22.30,24.10,22.58,22.97,23.32,13.88,0.99,12.60,16.18,13.05,13.51,14.68
2026-09-16 00:00:00+00:00,Bragança,0402,26.77,0.72,25.80,28.30,26.21,26.59,27.10,18.79,0.26,18.23,19.30,18.55,18.78,18.97,11.92,0.38,11.20,13.16,11.62,11.93,12.20
2026-09-17 00:00:00+00:00,Bragança,0402,24.58,0.53,23.83,25.80,24.23,24.30,24.77,15.87,0.16,15.50,16.21,15.74,15.93,15.98,6.82,0.66,5.80,9.88,6.34,6.78,7.15
2026-09-18 00:00:00+00:00,Bragança,0402,25.94,0.59,25.04,27.20,25.50,25.68,26.24,17.75,0.26,17.30,18.37,17.53,17.71,17.99,9.35,0.78,8.30,11.11,8.71,9.08,10.00
2026-09-19 00:00:00+00:00,Bragança,0402,29.46,0.65,28.16,30.70,28.89,29.37,29.85,20.67,0.15,20.40,20.92,20.54,20.68,20.78,13.08,0.16,12.70,13.38,12.99,13.12,13.19
2026-09-20 00:00:00+00:00,Bragança,0402,32.65,0.69,31.90,34.20,32.13,32.42,32.95,22.76,0.26,22.20,23.66,22.60,22.78,22.93,12.90,0.38,12.40,14.91,12.65,12.84,13.04
2026-09-21 00:00:00+00:00,Bragança,0402,33.67,0.41,33.10,34.50,33.35,33.59,33.88,23.91,0.25,23.50,24.86,23.69,23.87,24.10,13.26,0.61,12.80,17.12,12.99,13.05,13.18
2026-09-22 00:00:00+00:00,Bragança,0402,33.74,0.57,32.90,34.90,33.28,33.65,34.02,23.93,0.47,23.10,25.71,23.53,23.88,24.34,14.25,1.35,12.70,19.63,13.10,13.74,15.51
2026-09-23 00:00:00+00:00,Bragança,0402,33.85,0.66,33.13,35.30,33.37,33.57,34.18,23.59,0.33,23.00,24.93,23.32,23.58,23.86,13.31,0.80,12.50,17.89,12.81,13.14,13.46
2026-09-24 00:00:00+00:00,Bragança,0402,34.29,0.82,32.76,36.00,33.59,34.13,34.71,23.11,0.26,22.60,24.15,22.90,23.16,23.30,12.45,1.05,11.10,18.52,11.94,12.24,12.50
2026-09-25 00:00:00+00:00,Bragança,0402,31.50,0.61,29.59,32.50,30.93,31.59,31.97,21.03,0.36,20.20,21.52,20.72,21.15,21.33,10.86,0.65,10.00,14.62,10.45,10.80,10.98
2026-09-26 00:00:00+00:00,Bragança,0402,29.94,0.47,28.56,30.90,29.59,29.86,30.18,20.31,0.27,19.80,20.90,20.09,20.30,20.54,10.52,0.83,9.00,13.19,9.91,10.49,11.17
2026-09-27 00:00:00+00:00,Bragança,0402,26.72,0.38,25.08,27.30,26.42,26.78,27.00,20.24,0.10,20.00,20.40,20.17,20.27,20.32,13.71,0.45,13.10,16.28,13.46,13.61,13.78
2026-09-28 00:00:00+00:00,Bragança,0402,25.74,0.72,23.31,27.20,25.34,25.59,26.07,18.69,0.31,17.84,19.30,18.46,18.63,18.86,12.68,0.35,12.20,14.62,12.46,12.65,12.74
2026-09-29 00:00:00+00:00,Bragança,0402,22.16,0.39,20.77,22.98,22.00,22.02,22.37,18.17,0.28,17.44,18.85,17.99,18.08,18.31,15.25,0.17,14.80,15.60,15.14,15.30,15.39
2026-09-10 00:00:00+00:00,Carrazeda de Ansiães,0403,26.04,0.42,25.60,28.39,25.71,25.94,26.25,17.01,0.45,16.50,19.09,16.63,16.91,17.30,9.24,0.39,8.80,10.92,8.91,9.15,9.47
2026-09-11 00:00:00+00:00,Carrazeda de Ansiães,0403,30.16,0.41,29.70,32.25,29.81,30.06,30.40,19.48,0.59,18.80,21.66,18.98,19.31,19.86,10.53,0.64,9.80,12.73,9.99,10.35,10.92
2026-09-12 00:00:00+00:00,Carrazeda de Ansiães,0403,30.88,0.45,30.40,33.31,30.51,30.76,31.12,20.96,0.49,20.40,22.81,20.54,20.83,21.29,12.72,0.55,12.10,14.66,12.26,12.57,13.03
2026-09-13 00:00:00+00:00,Carrazeda de Ansiães,0403,32.80,0.46,32.30,35.15,32.43,32.69,33.07,21.49,0.51,20.90,23.16,21.05,21.35,21.82,12.16,0.50,11.60,13.82,11.74,12.02,12.46
2026-09-14 00:00:00+00:00,Carrazeda de Ansiães,0403,34.50,0.37,34.10,36.46,34.20,34.42,34.71,22.03,0.55,21.40,23.92,21.56,21.87,22.38,10.13,0.81,9.20,12.71,9.44,9.91,10.64
2026-09-15 00:00:00+00:00,Carrazeda de Ansiães,0403,32.14,0.21,31.90,32.93,31.96,32.09,32.29,21.29,0.43,20.80,22.81,20.92,21.17,21.55,9.34,1.01,8.20,12.87,8.49,9.06,9.93
2026-09-16 00:00:00+00:00,Carrazeda de Ansiães,0403,26.48,0.44,26.00,28.85,26.12,26.38,26.73,18.96,0.42,18.50,21.12,18.62,18.87,19.22,12.93,0.30,12.60,14.36,12.69,12.86,13.10
2026-09-17 00:00:00+00:00,Carrazeda de Ansiães,0403,24.44,0.42,24.00,26.77,24.10,24.34,24.65,16.65,0.42,16.20,18.91,16.31,16.56,16.90,10.05,0.35,9.70,11.87,9.78,9.95,10.23
2026-09-18 00:00:00+00:00,Carrazeda de Ansiães,0403,26.01,0.47,25.50,28.47,25.63,25.90,26.28,16.78,0.50,16.20,18.88,16.35,16.66,17.10,8.13,0.65,7.40,10.52,7.59,7.95,8.53
2026-09-19 00:00:00+00:00,Carrazeda de Ansiães,0403,29.97,0.35,29.60,31.87,29.69,29.88,30.16,19.57,0.41,19.10,21.08,19.22,19.45,19.83,11.36,0.34,11.00,12.73,11.10,11.26,11.54
2026-09-20 00:00:00+00:00,Carrazeda de Ansiães,0403,32.04,0.41,31.60,34.25,31.71,31.95,32.27,20.48,0.59,19.80,22.48,19.97,20.31,20.88,11.81,0.55,11.20,13.66,11.36,11.66,12.14
2026-09-21 00:00:00+00:00,Carrazeda de Ansiães,0403,32.08,0.52,31.50,34.72,31.65,31.96,32.39,21.81,0.45,21.30,23.32,21.43,21.68,22.09,12.36,0.52,11.80,14.24,11.94,12.21,12.65
2026-09-22 00:00:00+00:00,Carrazeda de Ansiães,0403,33.50,0.38,33.10,35.61,33.20,33.41,33.70,23.16,0.32,22.80,24.29,22.89,23.08,23.34,12.78,0.56,12.20,14.91,12.35,12.61,13.06
2026-09-23 00:00:00+00:00,Carrazeda de Ansiães,0403,33.82,0.39,33.40,35.95,33.50,33.72,34.03,21.05,0.65,20.30,23.26,20.49,20.86,21.45,10.56,0.76,9.70,13.00,9.92,10.35,11.05
2026-09-24 00:00:00+00:00,Carrazeda de Ansiães,0403,33.28,0.34,32.90,34.96,33.00,33.20,33.48,20.29,0.62,19.60,22.40,19.77,20.12,20.66,9.94,0.83,9.00,12.59,9.24,9.71,10.46
2026-09-25 00:00:00+00:00,Carrazeda de Ansiães,0403,31.07,0.24,30.80,32.22,30.87,31.02,31.22,18.44,0.58,17.80,20.48,17.96,18.28,18.79,6.55,1.04,5.40,10.21,5.69,6.25,7.11
2026-09-26 00:00:00+00:00,Carrazeda de Ansiães,0403,29.32,0.31,29.00,31.09,29.08,29.24,29.46,17.67,0.59,17.00,19.92,17.17,17.50,18.05,7.38,0.79,6.50,10.13,6.72,7.15,7.85
2026-09-27 00:00:00+00:00,Carrazeda de Ansiães,0403,27.61,0.28,27.30,29.02,27.38,27.55,27.78,18.96,0.49,18.40,20.95,18.54,18.82,19.27,12.05,0.68,11.30,14.63,11.49,11.86,12.46
2026-09-28 00:00:00+00:00,Carrazeda de Ansiães,0403,24.72,0.37,24.30,26.65,24.40,24.63,24.93,17.36,0.49,16.80,19.37,16.94,17.23,17.68,11.10,0.70,10.30,13.68,10.51,10.90,11.55
2026-09-29 00:00:00+00:00,Carrazeda de Ansiães,0403,23.14,0.41,22.70,25.30,22.81,23.05,23.37,18.94,0.39,18.50,20.79,18.62,18.85,19.18,15.94,0.30,15.60,17.23,15.69,15.87,16.13
2026-09-10 00:00:00+00:00,Freixo de Espada à Cinta,0404,26.68,0.23,25.96,26.95,26.61,26.76,26.83,18.66,0.29,17.84,19.08,18.56,18.73,18.86,10.72,0.38,9.69,11.29,10.59,10.81,10.99
2026-09-11 00:00:00+00:00,Freixo de Espada à Cinta,0404,31.44,0.18,30.89,31.64,31.39,31.51,31.57,22.89,0.15,22.61,23.26,22.78,22.88,22.98,14.72,0.18,14.30,15.17,14.60,14.74,14.85
2026-09-12 00:00:00+00:00,Freixo de Espada à Cinta,0404,31.56,0.50,30.09,32.09,31.35,31.78,31.91,23.49,0.35,22.56,24.11,23.36,23.55,23.73,16.00,0.58,14.44,16.88,15.75,16.16,16.41
2026-09-13 00:00:00+00:00,Freixo de Espada à Cinta,0404,33.95,0.18,33.35,34.16,33.91,34.01,34.08,24.75,0.11,24.51,25.06,24.67,24.74,24.82,15.57,0.24,15.12,16.20,15.40,15.57,15.71
2026-09-14 00:00:00+00:00,Freixo de Espada à Cinta,0404,35.45,0.06,35.31,35.54,35.41,35.46,35.51,25.61,0.23,25.30,26.26,25.44,25.51,25.76,15.91,0.52,15.29,17.46,15.55,15.73,16.18
2026-09-15 00:00:00+00:00,Freixo de Espada à Cinta,0404,33.58,0.15,33.15,33.89,33.53,33.60,33.67,24.41,0.09,24.20,24.60,24.35,24.43,24.47,16.85,0.27,16.38,17.58,16.65,16.80,17.01
2026-09-16 00:00:00+00:00,Freixo de Espada à Cinta,0404,27.09,0.55,25.47,27.78,26.91,27.27,27.47,20.17,0.34,19.19,20.63,20.03,20.28,20.40,13.91,0.18,13.40,14.08,13.82,14.00,14.03
2026-09-17 00:00:00+00:00,Freixo de Espada à Cinta,0404,24.89,0.45,23.56,25.46,24.74,25.04,25.20,17.55,0.33,16.66,18.05,17.43,17.62,17.78,10.84,0.33,10.08,11.42,10.70,10.89,11.08
2026-09-18 00:00:00+00:00,Freixo de Espada à Cinta,0404,27.14,0.32,26.21,27.50,27.03,27.27,27.36,19.16,0.25,18.49,19.61,19.07,19.20,19.33,11.70,0.31,10.91,12.27,11.58,11.74,11.91
2026-09-19 00:00:00+00:00,Freixo de Espada à Cinta,0404,30.64,0.09,30.33,30.74,30.62,30.68,30.71,21.70,0.20,21.16,22.07,21.62,21.73,21.84,13.46,0.41,12.34,14.16,13.33,13.54,13.75
2026-09-20 00:00:00+00:00,Freixo de Espada à Cinta,0404,32.75,0.37,31.62,33.15,32.64,32.89,33.00,24.21,0.11,23.97,24.51,24.15,24.21,24.27,15.96,0.31,15.38,16.84,15.73,15.95,16.15
2026-09-21 00:00:00+00:00,Freixo de Espada à Cinta,0404,33.62,0.16,33.22,33.92,33.51,33.65,33.74,24.83,0.12,24.52,25.14,24.76,24.84,24.90,16.23,0.21,15.73,16.68,16.09,16.26,16.38
2026-09-22 00:00:00+00:00,Freixo de Espada à Cinta,0404,33.92,0.28,33.04,34.26,33.85,33.99,34.11,25.28,0.13,25.06,25.64,25.18,25.27,25.37,17.08,0.35,16.50,18.08,16.84,17.04,17.30
2026-09-23 00:00:00+00:00,Freixo de Espada à Cinta,0404,34.51,0.12,34.09,34.64,34.48,34.55,34.58,25.20,0.09,25.00,25.38,25.13,25.21,25.27,15.98,0.20,15.67,16.69,15.83,15.94,16.07
2026-09-24 00:00:00+00:00,Freixo de Espada à Cinta,0404,34.39,0.07,34.15,34.50,34.35,34.40,34.44,24.69,0.29,24.28,25.50,24.48,24.61,24.89,15.70,0.45,15.06,17.07,15.38,15.59,15.92
2026-09-25 00:00:00+00:00,Freixo de Espada à Cinta,0404,31.95,0.18,31.39,32.13,31.87,32.04,32.07,22.86,0.22,22.54,23.46,22.70,22.80,23.01,15.14,0.87,14.21,17.72,14.52,14.75,15.62
2026-09-26 00:00:00+00:00,Freixo de Espada à Cinta,0404,29.82,0.10,29.55,30.06,29.76,29.82,29.89,21.36,0.10,21.16,21.59,21.28,21.35,21.43,12.86,0.09,12.69,13.16,12.79,12.85,12.92
2026-09-27 00:00:00+00:00,Freixo de Espada à Cinta,0404,28.49,0.10,28.18,28.58,28.47,28.53,28.55,21.91,0.13,21.70,22.25,21.82,21.90,21.99,16.77,0.38,16.29,17.97,16.50,16.66,16.96
2026-09-28 00:00:00+00:00,Freixo de Espada à Cinta,0404,26.19,0.12,25.97,26.39,26.07,26.17,26.31,20.03,0.15,19.67,20.40,19.92,20.02,20.13,15.46,0.27,14.91,16.06,15.26,15.48,15.65
2026-09-29 00:00:00+00:00,Freixo de Espada à Cinta,0404,23.75,0.46,22.41,24.26,23.57,23.92,24.07,20.16,0.47,18.87,20.86,19.97,20.30,20.49,17.04,0.46,15.83,17.89,16.87,17.11,17.37
2026-09-10 00:00:00+00:00,Macedo de Cavaleiros,0405,27.04,0.62,26.03,29.08,26.65,26.79,27.39,18.08,0.63,17.40,19.94,17.58,17.85,18.51,9.61,0.38,8.99,10.72,9.30,9.48,9.84
2026-09-11 00:00:00+00:00,Macedo de Cavaleiros,0405,31.48,0.41,30.33,32.72,31.26,31.52,31.61,21.56,0.37,21.00,22.43,21.23,21.53,21.84,11.79,0.84,10.40,14.40,11.16,11.86,12.34
2026-09-12 00:00:00+00:00,Macedo de Cavaleiros,0405,31.99,0.55,30.27,33.47,31.73,32.04,32.24,22.81,0.21,22.46,23.35,22.61,22.77,22.98,14.78,0.24,13.99,15.46,14.66,14.84,14.90
2026-09-13 00:00:00+00:00,Macedo de Cavaleiros,0405,34.41,0.42,33.46,35.70,34.16,34.43,34.57,23.71,0.20,23.43,24.46,23.57,23.65,23.79,13.10,0.73,12.00,15.59,12.62,12.97,13.52
2026-09-14 00:00:00+00:00,Macedo de Cavaleiros,0405,36.27,0.42,35.02,37.39,36.01,36.37,36.53,24.53,0.34,24.20,25.96,24.33,24.41,24.59,13.20,0.98,11.87,16.72,12.50,12.91,13.70
2026-09-15 00:00:00+00:00,Macedo de Cavaleiros,0405,33.94,0.53,32.18,34.70,33.70,33.99,34.33,23.71,0.42,22.64,24.35,23.37,23.84,24.08,14.99,1.09,12.15,17.24,14.20,15.15,15.79
2026-09-16 00:00:00+00:00,Macedo de Cavaleiros,0405,28.08,0.75,25.76,30.18,27.72,28.16,28.39,19.63,0.54,18.96,21.36,19.21,19.39,19.90,12.43,0.77,11.20,14.07,11.79,12.43,13.04
2026-09-17 00:00:00+00:00,Macedo de Cavaleiros,0405,25.59,0.60,23.78,27.27,25.26,25.67,25.84,16.68,0.66,15.90,18.58,16.16,16.46,17.10,7.48,0.95,5.80,9.57,6.70,7.62,8.26
2026-09-18 00:00:00+00:00,Macedo de Cavaleiros,0405,27.28,0.57,26.19,29.14,26.96,27.18,27.52,18.47,0.34,18.05,19.50,18.20,18.35,18.66,10.39,0.39,9.34,10.86,10.09,10.51,10.73
2026-09-19 00:00:00+00:00,Macedo de Cavaleiros,0405,30.79,0.49,29.55,32.41,30.56,30.69,30.97,21.01,0.13,20.80,21.50,20.91,20.97,21.08,12.35,0.47,10.76,12.92,12.13,12.53,12.70
2026-09-20 00:00:00+00:00,Macedo de Cavaleiros,0405,33.75,0.55,31.90,35.04,33.44,33.90,34.12,23.03,0.25,22.70,23.97,22.89,22.99,23.11,13.00,0.80,11.59,16.18,12.51,12.76,13.20
2026-09-21 00:00:00+00:00,Macedo de Cavaleiros,0405,34.44,0.40,33.37,35.69,34.23,34.45,34.61,23.75,0.26,23.16,24.63,23.61,23.70,23.87,13.33,0.79,11.33,16.02,12.93,13.16,13.66
2026-09-22 00:00:00+00:00,Macedo de Cavaleiros,0405,34.75,0.50,33.25,36.16,34.49,34.81,34.96,24.39,0.26,23.61,24.96,24.25,24.44,24.52,15.18,1.24,11.21,16.40,14.41,15.62,16.18
2026-09-23 00:00:00+00:00,Macedo de Cavaleiros,0405,35.04,0.37,34.06,36.01,34.81,35.13,35.27,23.98,0.32,23.34,25.12,23.82,23.91,24.05,13.23,0.81,11.55,16.06,12.67,12.99,13.64
2026-09-24 00:00:00+00:00,Macedo de Cavaleiros,0405,35.48,0.47,34.16,36.56,35.18,35.62,35.84,23.43,0.47,22.59,25.18,23.19,23.32,23.52,12.27,1.10,10.27,16.22,11.49,11.96,12.80
2026-09-25 00:00:00+00:00,Macedo de Cavaleiros,0405,32.27,0.40,31.08,33.42,32.04,32.36,32.48,21.45,0.49,20.68,23.14,21.12,21.40,21.60,11.49,1.35,8.91,16.76,10.82,11.12,11.74
2026-09-26 00:00:00+00:00,Macedo de Cavaleiros,0405,30.66,0.35,29.75,31.66,30.44,30.75,30.87,20.32,0.26,20.00,21.34,20.17,20.25,20.39,9.92,0.73,8.65,12.43,9.38,9.73,10.33
2026-09-27 00:00:00+00:00,Macedo de Cavaleiros,0405,27.77,0.61,26.61,29.70,27.31,27.62,28.04,20.72,0.37,20.20,21.94,20.43,20.65,20.96,14.10,0.78,13.10,17.28,13.63,13.91,14.36
2026-09-28 00:00:00+00:00,Macedo de Cavaleiros,0405,26.81,0.45,25.18,27.75,26.68,26.95,27.10,19.44,0.28,18.65,20.17,19.30,19.40,19.62,13.41,0.62,12.40,15.51,12.95,13.44,13.74
2026-09-29 00:00:00+00:00,Macedo de Cavaleiros,0405,23.39,0.78,22.28,25.85,22.89,23.05,23.81,19.35,0.76,18.38,21.71,18.74,19.02,19.77,16.03,0.60,15.40,17.70,15.54,15.81,16.43
2026-09-10 00:00:00+00:00,Miranda do Douro,0406,27.28,0.22,26.59,27.50,27.14,27.35,27.46,17.45,0.06,17.40,17.63,17.41,17.42,17.48,9.31,0.05,9.10,9.47,9.29,9.30,9.33
2026-09-11 00:00:00+00:00,Miranda do Douro,0406,31.21,0.08,30.85,31.30,31.15,31.23,31.28,20.56,0.29,20.30,21.49,20.34,20.45,20.68,9.71,0.76,9.00,12.13,9.12,9.44,10.07
2026-09-12 00:00:00+00:00,Miranda do Douro,0406,31.16,0.08,30.84,31.22,31.16,31.20,31.20,21.63,0.21,21.40,22.23,21.44,21.56,21.78,13.34,0.31,13.00,14.17,13.07,13.25,13.59
2026-09-13 00:00:00+00:00,Miranda do Douro,0406,34.17,0.12,33.83,34.30,34.09,34.21,34.28,22.86,0.27,22.60,23.73,22.64,22.76,23.00,12.75,0.41,12.40,14.07,12.46,12.59,12.88
2026-09-14 00:00:00+00:00,Miranda do Douro,0406,36.06,0.13,35.71,36.20,35.97,36.10,36.17,23.88,0.31,23.60,24.90,23.64,23.76,24.00,11.29,0.85,10.50,14.03,10.63,10.99,11.69
2026-09-15 00:00:00+00:00,Miranda do Douro,0406,33.43,0.04,33.39,33.59,33.41,33.42,33.45,22.91,0.23,22.70,23.70,22.73,22.82,23.00,12.12,0.87,11.30,14.98,11.44,11.81,12.56
2026-09-16 00:00:00+00:00,Miranda do Douro,0406,26.03,0.11,25.90,26.42,25.93,26.00,26.09,19.28,0.02,19.16,19.31,19.27,19.29,19.30,12.94,0.07,12.64,13.04,12.91,12.97,12.99
2026-09-17 00:00:00+00:00,Miranda do Douro,0406,23.84,0.12,23.70,24.20,23.73,23.81,23.92,15.83,0.13,15.70,16.21,15.72,15.78,15.89,7.33,0.30,7.10,8.32,7.13,7.20,7.42
2026-09-18 00:00:00+00:00,Miranda do Douro,0406,26.41,0.02,26.31,26.48,26.40,26.40,26.42,17.88,0.09,17.80,18.16,17.81,17.84,17.92,9.90,0.14,9.74,10.37,9.81,9.82,9.96
2026-09-19 00:00:00+00:00,Miranda do Douro,0406,31.01,0.17,30.53,31.20,30.89,31.07,31.16,20.50,0.11,20.40,20.83,20.42,20.47,20.56,12.52,0.03,12.46,12.69,12.50,12.51,12.53
2026-09-20 00:00:00+00:00,Miranda do Douro,0406,32.43,0.05,32.27,32.63,32.40,32.41,32.45,22.10,0.31,21.80,23.10,21.85,21.98,22.26,11.16,0.81,10.40,13.76,10.52,10.87,11.56
2026-09-21 00:00:00+00:00,Miranda do Douro,0406,33.77,0.04,33.61,33.82,33.77,33.79,33.80,23.06,0.27,22.80,23.91,22.84,22.97,23.22,11.76,0.69,11.10,13.99,11.21,11.51,12.11
2026-09-22 00:00:00+00:00,Miranda do Douro,0406,33.79,0.04,33.60,33.88,33.79,33.80,33.81,23.12,0.33,22.80,24.19,22.86,23.00,23.30,12.74,0.66,12.10,14.89,12.21,12.50,13.07
2026-09-23 00:00:00+00:00,Miranda do Douro,0406,34.63,0.07,34.40,34.70,34.59,34.65,34.69,22.77,0.39,22.40,24.04,22.46,22.63,22.97,11.67,0.71,11.00,13.94,11.11,11.41,12.02
2026-09-24 00:00:00+00:00,Miranda do Douro,0406,35.00,0.10,34.70,35.10,34.95,35.03,35.08,22.97,0.31,22.70,24.02,22.74,22.84,23.08,10.29,0.94,9.40,13.31,9.55,9.95,10.74
2026-09-25 00:00:00+00:00,Miranda do Douro,0406,32.10,0.09,31.83,32.20,32.05,32.14,32.18,21.05,0.30,20.80,22.04,20.84,20.92,21.15,9.72,1.04,8.80,13.16,8.94,9.31,10.12
2026-09-26 00:00:00+00:00,Miranda do Douro,0406,30.82,0.18,30.28,31.00,30.71,30.88,30.97,19.74,0.26,19.50,20.56,19.54,19.65,19.87,9.93,0.37,9.60,11.10,9.65,9.79,10.06
2026-09-27 00:00:00+00:00,Miranda do Douro,0406,28.25,0.13,27.79,28.40,28.17,28.29,28.37,20.13,0.27,19.90,21.00,19.94,20.03,20.23,12.08,0.83,11.30,14.74,11.43,11.78,12.48
2026-09-28 00:00:00+00:00,Miranda do Douro,0406,26.87,0.11,26.51,27.00,26.78,26.90,26.97,18.42,0.23,18.20,19.15,18.24,18.33,18.52,12.49,0.45,12.10,13.94,12.16,12.32,12.65
2026-09-29 00:00:00+00:00,Miranda do Douro,0406,22.44,0.04,22.40,22.54,22.41,22.43,22.47,17.98,0.18,17.80,18.51,17.83,17.92,18.09,13.34,0.51,12.80,14.87,12.90,13.17,13.70
2026-09-10 00:00:00+00:00,Mirandela,0407,28.86,0.80,26.56,29.80,28.34,29.05,29.55,19.77,0.65,17.60,20.50,19.42,19.91,20.32,10.54,0.28,9.61,10.80,10.41,10.65,10.74
2026-09-11 00:00:00+00:00,Mirandela,0407,32.48,0.65,30.63,33.20,32.14,32.66,33.02,22.11,0.46,20.12,22.50,21.95,22.30,22.42,12.44,0.25,11.10,13.10,12.41,12.49,12.51
2026-09-12 00:00:00+00:00,Mirandela,0407,33.29,0.62,31.38,34.00,32.93,33.44,33.82,23.13,0.35,21.51,23.40,23.05,23.27,23.35,13.92,0.32,13.17,15.03,13.68,13.85,14.06
2026-09-13 00:00:00+00:00,Mirandela,0407,35.46,0.67,33.36,36.20,35.09,35.63,36.01,23.30,0.26,22.00,23.88,23.29,23.31,23.41,12.56,0.46,12.00,14.16,12.16,12.47,12.83
2026-09-14 00:00:00+00:00,Mirandela,0407,37.10,0.71,35.00,37.90,36.71,37.31,37.71,24.05,0.30,22.57,24.64,24.05,24.10,24.17,11.86,0.68,10.79,14.74,11.37,11.70,12.07
2026-09-15 00:00:00+00:00,Mirandela,0407,33.77,0.53,32.02,34.30,33.50,33.97,34.19,22.96,0.31,21.72,23.59,22.84,23.08,23.11,11.87,0.68,10.23,13.96,11.36,11.69,12.21
2026-09-16 00:00:00+00:00,Mirandela,0407,29.84,0.99,27.11,31.00,29.20,30.08,30.70,21.16,0.65,19.34,21.90,20.82,21.32,21.71,14.07,0.29,13.21,14.40,13.90,14.14,14.31
2026-09-17 00:00:00+00:00,Mirandela,0407,27.02,0.76,24.95,27.90,26.55,27.20,27.67,18.46,0.56,16.83,19.10,18.16,18.58,18.93,8.74,0.48,8.19,10.10,8.41,8.47,8.98
2026-09-18 00:00:00+00:00,Mirandela,0407,28.89,0.80,26.60,29.80,28.42,29.09,29.57,19.29,0.50,17.37,19.80,19.06,19.44,19.68,9.25,0.30,8.63,10.32,9.00,9.20,9.40
2026-09-19 00:00:00+00:00,Mirandela,0407,32.17,0.73,30.06,33.00,31.75,32.35,32.79,21.16,0.29,19.98,21.47,21.02,21.30,21.37,10.78,0.53,10.10,12.17,10.29,10.68,11.24
2026-09-20 00:00:00+00:00,Mirandela,0407,34.78,0.72,32.58,35.60,34.35,34.97,35.40,22.83,0.35,21.10,23.35,22.80,22.96,23.00,11.61,0.55,10.90,13.15,11.10,11.52,12.07
2026-09-21 00:00:00+00:00,Mirandela,0407,35.41,0.74,32.78,36.20,35.02,35.62,36.01,23.03,0.22,22.21,23.75,22.91,22.97,23.12,11.42,0.81,10.40,13.73,10.68,11.26,12.11
2026-09-22 00:00:00+00:00,Mirandela,0407,35.96,0.64,33.99,36.70,35.57,36.12,36.51,23.55,0.22,23.30,24.30,23.36,23.52,23.67,11.32,1.20,9.80,14.95,10.22,11.13,12.28
2026-09-23 00:00:00+00:00,Mirandela,0407,35.83,0.52,34.25,36.40,35.55,35.96,36.26,23.15,0.31,21.65,23.91,23.10,23.13,23.29,11.55,0.65,10.80,14.16,11.02,11.43,11.83
2026-09-24 00:00:00+00:00,Mirandela,0407,36.21,0.80,33.81,37.10,35.75,36.44,36.88,22.36,0.34,20.86,23.23,22.30,22.34,22.53,10.37,0.89,9.30,13.73,9.61,10.24,10.86
2026-09-25 00:00:00+00:00,Mirandela,0407,33.13,0.68,31.12,33.90,32.75,33.31,33.70,20.48,0.33,18.99,21.41,20.43,20.51,20.61,8.70,0.77,7.35,11.32,8.11,8.51,9.05
2026-09-26 00:00:00+00:00,Mirandela,0407,31.46,0.57,29.71,32.10,31.12,31.61,31.94,19.94,0.34,18.26,20.51,19.99,20.01,20.09,8.67,0.60,7.91,10.83,8.19,8.55,8.89
2026-09-27 00:00:00+00:00,Mirandela,0407,29.49,0.72,27.15,30.30,29.13,29.66,30.09,21.01,0.36,19.45,21.34,20.87,21.17,21.26,13.45,0.36,12.55,14.65,13.19,13.37,13.58
2026-09-28 00:00:00+00:00,Mirandela,0407,27.42,0.73,25.26,28.20,27.04,27.64,28.01,19.92,0.51,17.94,20.40,19.73,20.11,20.30,13.62,0.35,11.81,14.32,13.67,13.70,13.72
2026-09-29 00:00:00+00:00,Mirandela,0407,25.69,0.79,23.29,26.60,25.22,25.85,26.37,21.52,0.76,19.38,22.40,21.10,21.71,22.17,17.62,0.44,16.31,18.10,17.40,17.73,17.98
2026-09-10 00:00:00+00:00,Mogadouro,0408,26.07,0.30,25.70,27.01,25.82,25.99,26.27,17.78,0.29,17.60,19.27,17.64,17.68,17.77,9.62,0.37,9.39,11.51,9.44,9.49,9.59
2026-09-11 00:00:00+00:00,Mogadouro,0408,30.92,0.20,30.70,31.85,30.78,30.88,31.00,22.40,0.37,21.33,23.42,22.22,22.51,22.60,14.53,0.89,11.69,15.40,14.11,14.94,15.19
2026-09-12 00:00:00+00:00,Mogadouro,0408,30.23,0.51,29.60,32.20,29.82,30.14,30.56,22.49,0.33,22.06,24.16,22.33,22.38,22.47,14.37,0.52,13.91,17.07,14.11,14.22,14.35
2026-09-13 00:00:00+00:00,Mogadouro,0408,33.44,0.28,33.10,34.56,33.21,33.38,33.62,24.50,0.30,23.54,25.24,24.36,24.61,24.69,15.79,0.65,13.91,16.50,15.42,16.00,16.30
2026-09-14 00:00:00+00:00,Mogadouro,0408,35.41,0.16,35.20,35.79,35.26,35.37,35.53,26.01,0.43,24.71,26.50,25.81,26.12,26.36,16.82,1.10,13.51,18.10,16.25,17.09,17.72
2026-09-15 00:00:00+00:00,Mogadouro,0408,33.22,0.17,33.00,33.77,33.08,33.20,33.35,24.33,0.24,23.49,24.83,24.23,24.42,24.49,17.12,0.82,14.23,17.90,16.83,17.42,17.71
2026-09-16 00:00:00+00:00,Mogadouro,0408,25.62,0.57,24.90,27.92,25.17,25.53,25.94,19.18,0.31,18.90,20.72,18.99,19.11,19.22,13.27,0.26,12.55,14.35,13.13,13.28,13.32
2026-09-17 00:00:00+00:00,Mogadouro,0408,23.66,0.46,23.10,25.56,23.31,23.61,23.90,16.55,0.33,16.17,18.17,16.41,16.44,16.55,9.68,0.61,8.17,11.51,9.33,9.85,10.00
2026-09-18 00:00:00+00:00,Mogadouro,0408,26.25,0.31,25.90,27.65,26.02,26.19,26.36,18.42,0.26,18.12,19.76,18.30,18.33,18.41,10.80,0.35,10.27,12.56,10.67,10.71,10.78
2026-09-19 00:00:00+00:00,Mogadouro,0408,30.38,0.15,30.20,30.97,30.25,30.34,30.46,21.09,0.23,20.76,22.27,21.00,21.02,21.08,12.35,0.39,12.00,14.39,12.11,12.27,12.41
2026-09-20 00:00:00+00:00,Mogadouro,0408,31.77,0.44,31.20,33.35,31.40,31.71,32.09,24.02,0.35,22.89,24.65,23.85,24.17,24.27,16.26,0.95,13.23,17.30,15.85,16.53,17.01
2026-09-21 00:00:00+00:00,Mogadouro,0408,33.30,0.24,33.00,34.20,33.10,33.26,33.48,24.68,0.30,23.73,25.30,24.53,24.79,24.88,16.12,0.80,13.54,16.90,15.75,16.48,16.71
2026-09-22 00:00:00+00:00,Mogadouro,0408,33.16,0.36,32.70,34.48,32.86,33.10,33.41,24.94,0.30,23.92,25.75,24.83,25.04,25.10,16.23,0.56,14.28,17.74,16.05,16.41,16.50
2026-09-23 00:00:00+00:00,Mogadouro,0408,34.16,0.21,33.90,34.95,33.99,34.13,34.31,25.13,0.41,23.75,25.56,24.96,25.32,25.42,16.17,0.85,13.50,17.10,15.77,16.41,16.84
2026-09-24 00:00:00+00:00,Mogadouro,0408,34.28,0.21,34.00,34.85,34.09,34.24,34.44,25.23,0.48,23.82,25.80,24.97,25.34,25.62,16.36,1.18,12.74,17.70,15.81,16.67,17.31
2026-09-25 00:00:00+00:00,Mogadouro,0408,31.48,0.21,31.20,32.19,31.29,31.44,31.64,23.20,0.44,21.86,23.70,22.98,23.32,23.55,16.88,1.51,12.52,18.70,15.92,17.25,18.14
2026-09-26 00:00:00+00:00,Mogadouro,0408,29.75,0.21,29.50,30.38,29.58,29.70,29.86,21.40,0.32,20.41,21.76,21.24,21.54,21.63,12.67,0.60,10.97,13.30,12.30,12.94,13.13
2026-09-27 00:00:00+00:00,Mogadouro,0408,28.13,0.14,27.76,28.80,28.08,28.10,28.14,22.01,0.37,20.87,22.40,21.83,22.15,22.29,17.36,1.01,14.23,18.50,16.88,17.63,18.17
2026-09-28 00:00:00+00:00,Mogadouro,0408,26.45,0.07,26.28,26.66,26.40,26.42,26.49,19.73,0.26,18.98,20.64,19.62,19.78,19.81,15.65,0.64,13.73,16.30,15.32,15.92,16.13
2026-09-29 00:00:00+00:00,Mogadouro,0408,22.41,0.42,22.00,24.45,22.15,22.34,22.49,18.78,0.42,18.41,20.91,18.57,18.64,18.75,15.64,0.51,14.47,17.93,15.49,15.54,15.67
2026-09-10 00:00:00+00:00,Torre de Moncorvo,0409,26.95,0.17,26.21,27.30,26.90,26.95,27.00,19.10,0.38,17.54,19.90,18.99,19.09,19.22,11.34,0.43,9.80,12.30,11.17,11.31,11.47
2026-09-11 00:00:00+00:00,Torre de Moncorvo,0409,31.69,0.30,30.53,32.40,31.59,31.64,31.76,23.15,0.57,20.42,23.90,23.09,23.29,23.40,14.86,0.68,11.60,15.50,14.87,15.04,15.22
2026-09-12 00:00:00+00:00,Torre de Moncorvo,0409,32.13,0.29,31.16,32.80,32.01,32.10,32.22,23.99,0.48,21.74,24.60,23.87,24.12,24.23,16.81,0.70,13.83,18.00,16.61,16.92,17.09
2026-09-13 00:00:00+00:00,Torre de Moncorvo,0409,34.31,0.44,33.19,35.50,34.07,34.16,34.40,24.97,0.55,22.40,25.70,24.93,25.10,25.20,15.70,0.57,13.10,16.60,15.66,15.77,15.91
2026-09-14 00:00:00+00:00,Torre de Moncorvo,0409,35.56,0.29,34.76,36.30,35.41,35.49,35.62,25.49,0.57,22.94,26.50,25.38,25.51,25.74,15.61,0.83,11.52,16.30,15.65,15.90,16.00
2026-09-15 00:00:00+00:00,Torre de Moncorvo,0409,33.72,0.28,32.53,34.10,33.63,33.77,33.89,24.54,0.52,22.16,25.30,24.51,24.64,24.74,16.83,1.22,11.36,18.90,16.67,16.92,17.26
2026-09-16 00:00:00+00:00,Torre de Moncorvo,0409,27.83,0.34,26.81,28.60,27.69,27.79,27.95,20.62,0.30,19.36,21.20,20.52,20.64,20.72,14.14,0.42,13.27,15.30,13.93,14.01,14.21
2026-09-17 00:00:00+00:00,Torre de Moncorvo,0409,25.49,0.27,24.67,26.10,25.38,25.47,25.59,18.07,0.29,16.98,18.70,17.94,18.06,18.16,11.43,0.31,10.37,12.10,11.28,11.44,11.54
2026-09-18 00:00:00+00:00,Torre de Moncorvo,0409,27.53,0.30,26.36,28.20,27.43,27.50,27.61,19.56,0.46,17.49,20.30,19.45,19.63,19.73,12.24,0.70,9.21,13.50,12.08,12.29,12.47
2026-09-19 00:00:00+00:00,Torre de Moncorvo,0409,30.81,0.29,30.17,31.60,30.65,30.72,30.86,22.07,0.43,20.23,22.90,21.97,22.08,22.21,14.18,0.54,12.16,15.30,13.98,14.18,14.37
2026-09-20 00:00:00+00:00,Torre de Moncorvo,0409,33.23,0.31,32.33,34.00,33.08,33.15,33.31,24.37,0.60,21.48,25.00,24.35,24.54,24.64,15.95,0.70,12.82,16.80,15.76,16.15,16.35
2026-09-21 00:00:00+00:00,Torre de Moncorvo,0409,33.98,0.37,32.54,34.80,33.85,33.93,34.09,25.05,0.51,22.66,25.70,25.01,25.18,25.27,16.48,0.64,13.43,17.00,16.44,16.69,16.86
2026-09-22 00:00:00+00:00,Torre de Moncorvo,0409,34.37,0.28,33.70,35.10,34.21,34.27,34.43,25.57,0.39,23.80,26.10,25.50,25.67,25.75,17.59,0.83,14.00,18.70,17.41,17.75,18.11
2026-09-23 00:00:00+00:00,Torre de Moncorvo,0409,34.75,0.38,34.05,35.80,34.54,34.62,34.82,25.25,0.64,22.12,26.00,25.26,25.41,25.50,15.80,0.81,11.85,16.50,15.87,16.06,16.20
2026-09-24 00:00:00+00:00,Torre de Moncorvo,0409,34.51,0.25,33.59,35.10,34.41,34.47,34.58,24.55,0.66,21.40,25.40,24.54,24.68,24.85,15.50,0.87,11.30,16.20,15.54,15.80,15.93
2026-09-25 00:00:00+00:00,Torre de Moncorvo,0409,32.08,0.21,31.34,32.60,32.00,32.04,32.13,22.79,0.70,19.61,23.90,22.72,22.86,23.07,14.46,1.25,8.64,16.10,14.40,14.63,15.10
2026-09-26 00:00:00+00:00,Torre de Moncorvo,0409,29.74,0.29,29.20,30.50,29.56,29.70,29.80,21.38,0.62,18.65,22.50,21.28,21.40,21.58,12.85,0.83,8.75,13.40,12.92,13.13,13.28
2026-09-27 00:00:00+00:00,Torre de Moncorvo,0409,28.62,0.32,27.89,29.50,28.45,28.53,28.68,21.91,0.47,19.71,22.60,21.89,21.97,22.09,16.53,0.72,13.13,17.20,16.51,16.78,16.91
2026-09-28 00:00:00+00:00,Torre de Moncorvo,0409,26.12,0.27,25.06,26.70,26.02,26.09,26.25,20.37,0.50,18.14,21.20,20.27,20.44,20.57,15.65,0.75,12.29,16.90,15.57,15.72,15.93
2026-09-29 00:00:00+00:00,Torre de Moncorvo,0409,24.35,0.34,23.44,25.20,24.17,24.27,24.43,20.81,0.35,19.41,21.40,20.67,20.89,20.98,17.83,0.37,16.44,18.40,17.64,17.93,18.04
2026-09-10 00:00:00+00:00,Vila Flor,0410,26.96,0.59,25.75,28.36,26.54,27.10,27.32,18.53,0.84,16.73,19.68,17.81,18.82,19.24,10.55,0.78,9.01,12.04,9.93,10.70,11.10
2026-09-11 00:00:00+00:00,Vila Flor,0410,31.36,0.68,29.89,32.32,30.78,31.61,31.94,21.68,1.24,19.14,23.69,20.71,21.95,22.65,12.76,1.30,10.16,14.96,11.71,13.00,13.79
2026-09-12 00:00:00+00:00,Vila Flor,0410,31.94,0.62,30.58,32.99,31.42,32.16,32.43,22.76,1.02,20.68,24.44,21.98,22.98,23.55,14.93,1.37,12.41,17.67,13.81,14.94,16.00
2026-09-13 00:00:00+00:00,Vila Flor,0410,34.15,0.77,32.51,35.23,33.49,34.43,34.79,23.47,1.15,21.20,25.49,22.54,23.69,24.39,13.96,1.18,11.88,16.33,13.01,13.92,14.91
2026-09-14 00:00:00+00:00,Vila Flor,0410,35.56,0.62,34.26,36.78,35.05,35.76,36.01,24.11,1.21,21.72,26.20,23.13,24.30,25.07,12.98,1.73,9.66,16.08,11.58,13.17,14.37
2026-09-15 00:00:00+00:00,Vila Flor,0410,33.10,0.51,32.03,33.79,32.68,33.26,33.54,23.17,1.08,21.06,25.08,22.28,23.37,24.03,13.53,2.52,8.78,18.28,11.46,13.75,15.54
2026-09-16 00:00:00+00:00,Vila Flor,0410,27.78,0.75,26.19,29.35,27.17,28.01,28.30,20.15,0.67,18.69,21.05,19.58,20.39,20.71,13.86,0.56,12.75,14.96,13.44,13.96,14.24
2026-09-17 00:00:00+00:00,Vila Flor,0410,25.44,0.60,24.16,26.65,24.96,25.63,25.86,17.67,0.59,16.38,18.53,17.17,17.88,18.14,10.51,0.60,9.40,11.92,10.00,10.33,10.94
2026-09-18 00:00:00+00:00,Vila Flor,0410,27.28,0.73,25.70,28.56,26.68,27.54,27.85,18.56,1.00,16.48,20.10,17.79,18.89,19.34,10.37,1.41,7.76,13.14,9.25,10.40,11.47
2026-09-19 00:00:00+00:00,Vila Flor,0410,30.86,0.53,29.74,31.90,30.43,31.03,31.26,21.09,0.88,19.34,22.67,20.38,21.24,21.78,12.72,1.02,11.17,14.99,11.83,12.49,13.51
2026-09-20 00:00:00+00:00,Vila Flor,0410,33.17,0.66,31.77,34.42,32.63,33.38,33.66,22.71,1.27,20.15,24.82,21.70,22.94,23.72,13.54,1.17,11.48,15.77,12.58,13.47,14.54
2026-09-21 00:00:00+00:00,Vila Flor,0410,33.65,0.89,31.74,35.07,32.90,33.96,34.38,23.57,1.05,21.56,25.51,22.71,23.71,24.40,14.11,1.31,12.05,16.85,12.95,13.85,15.19
2026-09-22 00:00:00+00:00,Vila Flor,0410,34.43,0.56,33.25,35.58,33.99,34.61,34.83,24.40,0.79,22.98,25.95,23.76,24.37,25.03,14.61,1.41,12.46,17.47,13.30,14.34,15.79
2026-09-23 00:00:00+00:00,Vila Flor,0410,34.78,0.56,33.56,35.63,34.30,34.98,35.24,23.40,1.38,20.67,25.78,22.29,23.65,24.50,13.04,1.55,10.11,15.86,11.78,13.05,14.35
2026-09-24 00:00:00+00:00,Vila Flor,0410,34.45,0.68,33.06,35.85,33.90,34.66,34.92,22.71,1.41,19.95,25.14,21.56,22.96,23.85,12.49,1.67,9.44,15.63,11.12,12.45,13.89
2026-09-25 00:00:00+00:00,Vila Flor,0410,31.97,0.51,30.92,32.94,31.54,32.13,32.36,20.95,1.46,18.13,23.57,19.75,21.20,22.13,10.78,2.58,5.97,15.58,8.65,10.95,12.88
2026-09-26 00:00:00+00:00,Vila Flor,0410,30.02,0.46,29.11,31.10,29.67,30.12,30.32,19.92,1.30,17.34,22.17,18.87,20.13,20.95,10.07,1.67,6.91,13.16,8.71,10.10,11.44
2026-09-27 00:00:00+00:00,Vila Flor,0410,28.54,0.53,27.43,29.36,28.09,28.75,28.97,20.74,1.02,18.68,22.40,19.95,20.95,21.55,14.25,1.32,11.65,16.50,13.18,14.43,15.33
2026-09-28 00:00:00+00:00,Vila Flor,0410,25.94,0.69,24.48,27.18,25.35,26.15,26.46,19.29,1.07,17.08,20.97,18.46,19.61,20.13,13.78,1.56,10.71,16.54,12.53,14.06,15.01
2026-09-29 00:00:00+00:00,Vila Flor,0410,24.24,0.63,22.87,25.35,23.72,24.47,24.73,20.28,0.74,18.70,21.31,19.65,20.55,20.88,17.14,0.66,15.77,18.26,16.63,17.34,17.61
2026-09-10 00:00:00+00:00,Vimioso,0411,26.73,0.24,26.32,27.45,26.57,26.65,26.86,17.47,0.07,17.26,17.63,17.42,17.45,17.52,9.17,0.15,8.66,9.40,9.08,9.20,9.28
2026-09-11 00:00:00+00:00,Vimioso,0411,31.01,0.21,30.27,31.41,30.89,31.07,31.14,21.01,0.29,20.36,21.81,20.82,21.00,21.17,10.89,0.69,9.16,12.95,10.56,10.94,11.17
2026-09-12 00:00:00+00:00,Vimioso,0411,31.33,0.20,30.81,31.89,31.22,31.28,31.45,22.26,0.29,21.46,22.59,22.09,22.34,22.49,14.39,0.47,13.09,15.10,14.11,14.48,14.76
2026-09-13 00:00:00+00:00,Vimioso,0411,33.96,0.16,33.43,34.31,33.87,33.97,34.06,23.41,0.29,22.66,24.05,23.24,23.47,23.58,13.05,0.37,12.39,14.46,12.84,12.98,13.13
2026-09-14 00:00:00+00:00,Vimioso,0411,35.86,0.20,35.18,36.35,35.75,35.88,35.98,24.33,0.31,23.66,25.28,24.14,24.31,24.46,12.64,0.78,10.67,15.00,12.27,12.70,12.91
2026-09-15 00:00:00+00:00,Vimioso,0411,33.80,0.25,33.41,34.46,33.60,33.76,33.98,23.44,0.35,22.75,24.11,23.13,23.43,23.74,14.14,1.14,11.49,16.28,13.29,14.25,15.09
2026-09-16 00:00:00+00:00,Vimioso,0411,26.81,0.48,25.94,27.95,26.44,26.76,27.15,19.18,0.06,18.94,19.30,19.14,19.19,19.21,12.35,0.36,11.51,12.98,12.08,12.40,12.63
2026-09-17 00:00:00+00:00,Vimioso,0411,24.56,0.41,23.74,25.51,24.24,24.53,24.86,16.02,0.11,15.73,16.30,15.96,16.02,16.08,7.21,0.38,6.26,8.38,7.00,7.22,7.32
2026-09-18 00:00:00+00:00,Vimioso,0411,26.53,0.18,26.10,27.02,26.40,26.49,26.63,18.01,0.11,17.82,18.25,17.91,18.00,18.10,10.12,0.29,9.46,10.65,9.86,10.08,10.37
2026-09-19 00:00:00+00:00,Vimioso,0411,30.50,0.24,29.78,31.15,30.38,30.51,30.61,20.74,0.13,20.42,20.96,20.64,20.76,20.85,12.69,0.11,12.45,12.97,12.60,12.68,12.77
2026-09-20 00:00:00+00:00,Vimioso,0411,32.90,0.35,32.42,33.86,32.61,32.80,33.12,22.69,0.31,21.87,23.46,22.51,22.76,22.85,12.59,0.78,10.57,14.71,12.16,12.74,12.94
2026-09-21 00:00:00+00:00,Vimioso,0411,33.90,0.15,33.65,34.34,33.80,33.84,33.98,23.62,0.27,22.86,24.22,23.48,23.71,23.78,12.99,0.68,11.25,14.79,12.63,13.10,13.31
2026-09-22 00:00:00+00:00,Vimioso,0411,34.03,0.22,33.67,34.67,33.85,33.95,34.15,23.93,0.43,22.88,24.66,23.63,23.99,24.28,14.48,0.99,12.25,16.07,13.72,14.54,15.32
2026-09-23 00:00:00+00:00,Vimioso,0411,34.57,0.18,34.03,35.08,34.47,34.57,34.66,23.58,0.44,22.48,24.53,23.28,23.64,23.89,12.88,0.66,11.15,14.74,12.54,12.99,13.13
2026-09-24 00:00:00+00:00,Vimioso,0411,35.01,0.22,34.49,35.69,34.87,34.97,35.08,23.37,0.33,22.75,24.43,23.14,23.32,23.53,11.81,0.86,9.60,14.37,11.41,11.90,12.12
2026-09-25 00:00:00+00:00,Vimioso,0411,32.01,0.12,31.71,32.34,31.93,32.00,32.08,21.41,0.32,20.85,22.43,21.18,21.37,21.58,11.20,1.03,8.99,14.45,10.57,11.12,11.66
2026-09-26 00:00:00+00:00,Vimioso,0411,30.50,0.16,30.11,30.96,30.39,30.48,30.59,20.18,0.24,19.55,20.85,20.06,20.22,20.29,10.21,0.33,9.43,11.41,10.01,10.20,10.32
2026-09-27 00:00:00+00:00,Vimioso,0411,27.63,0.30,27.05,28.36,27.38,27.62,27.85,20.44,0.25,19.95,21.31,20.30,20.39,20.55,13.45,0.78,11.47,15.70,13.06,13.55,13.78
2026-09-28 00:00:00+00:00,Vimioso,0411,26.63,0.19,26.01,26.99,26.52,26.66,26.74,18.91,0.29,18.25,19.47,18.69,18.93,19.16,12.97,0.42,12.18,14.43,12.73,12.85,13.13
2026-09-29 00:00:00+00:00,Vimioso,0411,22.57,0.11,22.33,22.83,22.47,22.56,22.65,18.40,0.22,17.85,18.72,18.24,18.42,18.59,14.73,0.63,12.93,15.49,14.35,14.94,15.24
2026-09-10 00:00:00+00:00,Vinhais,0412,25.77,0.35,25.40,26.99,25.50,25.65,25.95,17.76,0.17,17.40,18.45,17.68,17.71,17.80,9.56,0.16,8.72,9.79,9.52,9.61,9.65
2026-09-11 00:00:00+00:00,Vinhais,0412,29.63,0.33,29.30,30.74,29.38,29.49,29.77,21.55,0.12,21.01,21.70,21.50,21.57,21.63,12.95,0.37,11.39,13.40,12.78,13.01,13.23
2026-09-12 00:00:00+00:00,Vinhais,0412,30.87,0.27,30.60,31.81,30.67,30.77,31.01,23.20,0.14,22.76,23.40,23.10,23.22,23.32,16.07,0.36,14.93,16.50,15.84,16.15,16.36
2026-09-13 00:00:00+00:00,Vinhais,0412,33.04,0.26,32.80,33.92,32.85,32.94,33.15,24.36,0.26,23.65,24.70,24.17,24.40,24.58,15.86,0.74,13.56,16.80,15.44,16.00,16.47
2026-09-14 00:00:00+00:00,Vinhais,0412,34.13,0.41,33.70,35.41,33.82,34.00,34.31,24.98,0.24,24.29,25.30,24.80,25.02,25.19,17.60,1.25,13.80,19.20,16.89,17.83,18.63
2026-09-15 00:00:00+00:00,Vinhais,0412,30.97,0.65,30.20,33.38,30.47,30.84,31.22,22.41,0.17,22.19,23.16,22.31,22.34,22.43,15.54,0.56,13.83,16.30,15.15,15.63,16.02
2026-09-16 00:00:00+00:00,Vinhais,0412,26.68,0.26,26.44,27.69,26.51,26.55,26.75,18.46,0.26,18.20,19.37,18.27,18.37,18.56,13.07,0.17,12.25,13.35,13.02,13.12,13.16
2026-09-17 00:00:00+00:00,Vinhais,0412,24.09,0.30,23.80,25.13,23.88,23.98,24.20,16.26,0.14,16.04,16.89,16.19,16.21,16.29,9.36,0.50,7.43,10.00,9.09,9.44,9.76
2026-09-18 00:00:00+00:00,Vinhais,0412,25.42,0.41,25.00,26.80,25.11,25.27,25.62,18.31,0.09,17.94,18.51,18.26,18.33,18.37,10.73,0.33,9.69,11.20,10.48,10.76,11.02
2026-09-19 00:00:00+00:00,Vinhais,0412,28.61,0.46,28.10,30.03,28.25,28.47,28.82,20.81,0.07,20.53,20.90,20.78,20.83,20.87,13.09,0.31,11.88,13.40,12.94,13.21,13.33
2026-09-20 00:00:00+00:00,Vinhais,0412,32.19,0.30,31.90,33.19,31.97,32.07,32.31,23.42,0.21,22.81,23.70,23.27,23.46,23.60,14.36,0.51,12.82,15.00,14.04,14.47,14.78
2026-09-21 00:00:00+00:00,Vinhais,0412,33.49,0.21,33.30,34.22,33.34,33.41,33.59,24.53,0.30,23.48,24.90,24.31,24.60,24.78,16.12,0.92,13.56,17.30,15.55,16.31,16.89
2026-09-22 00:00:00+00:00,Vinhais,0412,33.57,0.28,33.30,34.55,33.35,33.46,33.71,25.27,0.40,24.14,25.80,24.99,25.33,25.61,18.26,1.24,14.81,19.90,17.46,18.48,19.30
2026-09-23 00:00:00+00:00,Vinhais,0412,33.42,0.32,33.10,34.44,33.18,33.30,33.58,24.58,0.32,23.64,25.00,24.36,24.63,24.85,16.77,1.04,13.94,18.10,16.14,16.98,17.63
2026-09-24 00:00:00+00:00,Vinhais,0412,33.17,0.44,32.70,34.54,32.84,33.04,33.34,23.82,0.29,22.88,24.20,23.61,23.88,24.07,17.06,1.37,13.08,18.80,16.23,17.32,18.18
2026-09-25 00:00:00+00:00,Vinhais,0412,30.03,0.47,29.50,31.54,29.68,29.92,30.21,20.98,0.14,20.45,21.20,20.92,21.04,21.09,13.65,0.88,11.16,14.80,13.07,13.83,14.39
2026-09-26 00:00:00+00:00,Vinhais,0412,28.96,0.40,28.50,30.14,28.64,28.86,29.17,20.58,0.10,20.25,20.70,20.51,20.60,20.66,12.55,0.62,10.80,13.30,12.22,12.69,13.05
2026-09-27 00:00:00+00:00,Vinhais,0412,25.59,0.51,25.00,27.11,25.19,25.47,25.82,20.31,0.05,20.17,20.52,20.29,20.30,20.32,15.74,0.52,14.02,16.40,15.46,15.84,16.17
2026-09-28 00:00:00+00:00,Vinhais,0412,23.91,0.60,23.20,25.70,23.44,23.77,24.16,18.09,0.26,17.80,18.90,17.89,18.02,18.20,14.30,0.31,13.08,14.70,14.12,14.34,14.54
2026-09-29 00:00:00+00:00,Vinhais,0412,21.36,0.58,20.70,23.36,20.89,21.18,21.71,17.84,0.42,17.40,19.40,17.51,17.70,18.08,15.56,0.21,15.27,16.46,15.41,15.47,15.64
2026-09-10 00:00:00+00:00,Belmonte,0501,29.60,0.45,27.67,30.09,29.48,29.74,29.88,20.59,0.36,19.27,21.27,20.43,20.68,20.79,12.64,0.24,11.78,12.90,12.55,12.72,12.82
2026-09-11 00:00:00+00:00,Belmonte,0501,33.03,0.40,31.46,33.59,32.88,33.07,33.30,23.00,0.18,22.39,23.38,22.91,23.05,23.10,13.37,0.17,12.99,14.04,13.29,13.33,13.42
2026-09-12 00:00:00+00:00,Belmonte,0501,34.05,0.43,32.27,34.59,33.92,34.15,34.32,25.56,0.28,24.47,25.90,25.43,25.64,25.75,17.13,0.19,16.56,17.55,17.04,17.16,17.22
2026-09-13 00:00:00+00:00,Belmonte,0501,35.24,0.34,33.84,35.69,35.12,35.29,35.46,24.65,0.31,24.40,25.56,24.45,24.48,24.79,14.62,0.42,14.01,15.57,14.30,14.53,14.91
2026-09-14 00:00:00+00:00,Belmonte,0501,36.46,0.41,34.81,36.99,36.32,36.53,36.72,25.39,0.16,25.23,25.85,25.28,25.31,25.46,14.64,0.48,13.91,16.17,14.26,14.62,15.00
2026-09-15 00:00:00+00:00,Belmonte,0501,35.57,0.56,33.39,36.39,35.34,35.63,35.96,24.42,0.20,23.60,24.67,24.34,24.50,24.55,13.74,0.45,13.11,14.79,13.39,13.67,14.03
2026-09-16 00:00:00+00:00,Belmonte,0501,27.45,0.37,25.95,27.89,27.31,27.57,27.70,22.11,0.43,20.36,22.69,21.94,22.18,22.40,17.70,0.50,15.97,18.49,17.41,17.71,18.10
2026-09-17 00:00:00+00:00,Belmonte,0501,25.92,0.43,24.15,26.46,25.79,26.08,26.21,19.32,0.40,17.72,19.82,19.14,19.44,19.59,13.78,0.46,11.99,14.42,13.58,13.90,14.10
2026-09-18 00:00:00+00:00,Belmonte,0501,29.01,0.43,27.27,29.59,28.88,29.06,29.29,21.86,0.41,20.24,22.31,21.70,21.99,22.16,16.73,0.55,14.59,17.39,16.47,16.88,17.13
2026-09-19 00:00:00+00:00,Belmonte,0501,31.65,0.46,29.82,32.29,31.49,31.71,31.96,22.23,0.23,21.44,22.64,22.11,22.30,22.38,13.90,0.17,13.33,14.18,13.82,13.94,14.00
2026-09-20 00:00:00+00:00,Belmonte,0501,33.21,0.41,31.60,33.79,33.05,33.25,33.49,22.85,0.20,22.69,23.44,22.72,22.75,22.93,13.56,0.30,13.20,14.88,13.35,13.50,13.68
2026-09-21 00:00:00+00:00,Belmonte,0501,34.22,0.40,32.62,34.79,34.07,34.25,34.49,23.67,0.13,23.55,24.05,23.58,23.60,23.72,13.19,0.33,12.80,14.60,12.97,13.12,13.31
2026-09-22 00:00:00+00:00,Belmonte,0501,35.92,0.42,34.21,36.49,35.79,35.97,36.20,24.80,0.19,24.59,25.37,24.68,24.71,24.89,14.72,0.29,14.30,15.78,14.51,14.67,14.90
2026-09-23 00:00:00+00:00,Belmonte,0501,36.52,0.44,34.86,37.19,36.28,36.52,36.85,25.33,0.16,25.06,25.77,25.22,25.29,25.40,13.86,0.56,13.01,15.22,13.42,13.77,14.32
2026-09-24 00:00:00+00:00,Belmonte,0501,35.69,0.49,33.70,36.39,35.51,35.75,36.03,24.15,0.14,23.90,24.55,24.06,24.10,24.22,13.36,0.54,12.51,14.82,12.91,13.31,13.80
2026-09-25 00:00:00+00:00,Belmonte,0501,34.75,0.54,32.55,35.49,34.55,34.82,35.13,22.34,0.25,21.87,23.03,22.20,22.25,22.47,11.64,0.65,10.61,13.04,11.12,11.58,12.13
2026-09-26 00:00:00+00:00,Belmonte,0501,33.10,0.41,31.47,33.69,32.95,33.14,33.37,22.14,0.21,21.62,22.68,22.03,22.10,22.26,12.54,0.27,12.11,13.34,12.33,12.52,12.74
2026-09-27 00:00:00+00:00,Belmonte,0501,30.07,0.42,28.37,30.69,29.91,30.09,30.35,21.57,0.18,21.05,22.04,21.48,21.58,21.67,15.64,0.20,15.46,16.25,15.50,15.53,15.74
2026-09-28 00:00:00+00:00,Belmonte,0501,26.39,0.46,24.68,27.09,26.15,26.42,26.71,19.03,0.22,18.20,19.39,18.93,19.10,19.17,12.40,0.14,12.20,12.74,12.29,12.36,12.49
2026-09-29 00:00:00+00:00,Belmonte,0501,23.05,0.37,21.70,23.79,22.89,23.13,23.24,19.26,0.29,18.09,19.68,19.17,19.37,19.45,16.60,0.26,15.54,16.90,16.51,16.68,16.78
2026-09-10 00:00:00+00:00,Castelo Branco,0502,30.96,0.34,29.57,31.94,30.80,31.07,31.10,22.99,0.44,21.36,23.55,22.77,23.17,23.29,15.93,0.72,13.97,16.95,15.68,16.20,16.44
2026-09-11 00:00:00+00:00,Castelo Branco,0502,33.81,0.27,32.78,34.67,33.68,33.87,33.91,25.45,0.52,23.89,26.39,25.22,25.72,25.77,17.75,1.04,14.86,18.70,17.44,18.17,18.45
2026-09-12 00:00:00+00:00,Castelo Branco,0502,35.35,0.31,34.30,36.33,35.20,35.39,35.48,27.60,0.40,26.51,28.61,27.43,27.76,27.80,19.32,0.63,17.93,21.70,18.98,19.39,19.50
2026-09-13 00:00:00+00:00,Castelo Branco,0502,36.13,0.29,35.84,37.27,35.93,36.04,36.19,28.25,0.50,26.99,29.39,28.06,28.45,28.49,20.95,1.20,17.09,23.00,20.70,21.39,21.68
2026-09-14 00:00:00+00:00,Castelo Branco,0502,37.53,0.32,36.35,37.90,37.40,37.61,37.78,28.45,0.66,26.67,29.59,28.22,28.78,28.85,20.32,1.40,15.87,22.36,19.95,21.01,21.13
2026-09-15 00:00:00+00:00,Castelo Branco,0502,35.16,1.10,31.50,36.72,34.64,35.60,36.00,26.35,0.81,23.71,27.40,25.71,26.70,26.99,18.00,0.84,15.53,20.28,17.63,18.33,18.47
2026-09-16 00:00:00+00:00,Castelo Branco,0502,29.72,0.60,28.01,31.35,29.48,29.89,30.00,23.05,0.48,21.19,23.90,22.84,23.28,23.35,16.64,0.23,15.71,17.60,16.59,16.61,16.69
2026-09-17 00:00:00+00:00,Castelo Branco,0502,28.17,0.52,26.47,29.47,27.93,28.29,28.44,20.91,0.49,19.22,22.08,20.71,21.11,21.19,14.58,0.51,12.87,15.99,14.26,14.73,14.94
2026-09-18 00:00:00+00:00,Castelo Branco,0502,30.31,0.24,29.53,31.26,30.20,30.29,30.36,23.20,0.36,21.72,24.03,23.03,23.32,23.44,16.93,0.70,14.80,17.90,16.49,16.96,17.55
2026-09-19 00:00:00+00:00,Castelo Branco,0502,32.57,0.24,32.26,33.47,32.41,32.47,32.64,24.85,0.51,23.43,25.78,24.63,25.12,25.17,18.03,1.06,14.85,19.46,17.71,18.57,18.69
2026-09-20 00:00:00+00:00,Castelo Branco,0502,33.37,0.20,33.11,34.02,33.22,33.28,33.44,26.27,0.69,24.39,27.35,26.04,26.60,26.66,19.49,1.46,14.90,21.43,19.11,20.19,20.37
2026-09-21 00:00:00+00:00,Castelo Branco,0502,34.43,0.27,34.20,35.41,34.24,34.34,34.46,26.68,0.61,25.05,27.84,26.46,26.98,27.06,19.13,1.41,14.69,21.27,18.76,19.77,20.02
2026-09-22 00:00:00+00:00,Castelo Branco,0502,36.89,0.21,36.05,37.53,36.80,36.92,36.99,28.06,0.66,26.27,28.87,27.84,28.39,28.50,19.42,1.24,15.37,21.88,19.08,19.97,20.06
2026-09-23 00:00:00+00:00,Castelo Branco,0502,36.80,0.19,36.22,37.46,36.70,36.73,36.89,28.55,0.70,26.59,29.65,28.28,28.89,29.00,20.50,1.44,16.03,23.41,20.12,21.11,21.30
2026-09-24 00:00:00+00:00,Castelo Branco,0502,36.44,0.49,34.74,37.00,36.18,36.56,36.83,27.12,0.63,25.36,28.03,26.88,27.43,27.52,19.74,1.45,15.33,22.18,19.34,20.34,20.63
2026-09-25 00:00:00+00:00,Castelo Branco,0502,33.92,0.51,31.98,35.33,33.82,34.07,34.14,25.44,0.74,23.34,26.40,24.90,25.80,26.03,18.08,1.46,13.67,19.60,17.51,18.59,19.16
2026-09-26 00:00:00+00:00,Castelo Branco,0502,34.18,0.29,32.99,34.84,34.02,34.31,34.38,25.42,0.67,23.58,26.10,25.15,25.66,25.90,16.83,0.76,14.60,17.60,16.55,17.13,17.38
2026-09-27 00:00:00+00:00,Castelo Branco,0502,31.17,0.31,29.69,31.83,31.08,31.30,31.36,24.37,0.65,22.39,25.55,24.03,24.68,24.82,19.28,0.86,16.88,20.52,18.91,19.62,19.91
2026-09-28 00:00:00+00:00,Castelo Branco,0502,26.97,0.33,25.95,27.46,26.79,27.14,27.22,20.84,0.29,19.81,21.38,20.72,20.93,21.05,15.31,0.51,13.91,16.16,15.13,15.52,15.64
2026-09-29 00:00:00+00:00,Castelo Branco,0502,26.75,0.61,25.10,27.40,26.53,27.04,27.18,20.98,0.29,20.19,21.67,20.85,21.07,21.11,17.07,0.29,16.78,18.21,16.90,16.96,17.14
2026-09-10 00:00:00+00:00,Covilhã,0503,29.33,0.99,24.98,30.70,28.71,29.69,30.10,20.89,0.87,17.28,22.30,20.35,20.91,21.65,12.88,0.53,10.17,14.02,12.74,12.96,13.14
2026-09-11 00:00:00+00:00,Covilhã,0503,32.48,0.90,28.00,33.63,31.91,32.77,33.17,23.19,0.55,20.57,24.27,22.90,23.22,23.62,13.46,0.76,12.30,15.27,12.85,13.32,14.07
2026-09-12 00:00:00+00:00,Covilhã,0503,33.75,0.92,28.88,35.09,33.25,34.06,34.43,25.64,0.62,22.23,26.73,25.51,25.81,25.98,17.81,0.50,16.75,19.68,17.53,17.80,17.90
2026-09-13 00:00:00+00:00,Covilhã,0503,35.06,0.82,30.44,36.69,34.84,35.31,35.47,25.80,0.81,23.13,26.96,25.40,26.07,26.35,16.59,1.45,14.00,20.93,15.95,16.32,17.20
2026-09-14 00:00:00+00:00,Covilhã,0503,36.10,0.98,30.55,37.08,35.70,36.34,36.82,25.81,0.46,23.91,26.71,25.50,25.92,26.16,15.95,0.88,13.90,18.46,15.68,15.92,16.41
2026-09-15 00:00:00+00:00,Covilhã,0503,33.85,2.14,28.24,36.40,32.34,34.52,35.74,23.92,1.13,20.86,25.46,23.34,24.43,24.78,14.75,0.73,13.10,16.13,14.25,15.03,15.28
2026-09-16 00:00:00+00:00,Covilhã,0503,27.58,0.82,22.93,28.51,27.37,27.74,28.13,21.47,1.07,17.25,22.70,20.69,21.80,22.39,16.45,1.25,12.83,18.50,15.44,16.70,17.50
2026-09-17 00:00:00+00:00,Covilhã,0503,26.08,0.89,21.35,27.33,25.75,26.25,26.74,19.23,0.98,14.80,20.50,18.60,19.50,19.98,13.50,1.34,9.29,15.40,12.50,13.79,14.55
2026-09-18 00:00:00+00:00,Covilhã,0503,28.81,0.88,23.68,30.39,28.64,29.04,29.21,21.67,1.04,17.42,22.92,20.89,22.02,22.54,15.90,1.76,11.75,18.00,14.61,16.46,17.37
2026-09-19 00:00:00+00:00,Covilhã,0503,31.52,0.92,25.96,32.77,31.49,31.78,31.96,22.53,0.63,19.12,23.64,22.36,22.64,22.94,14.37,0.51,12.83,16.48,14.05,14.35,14.54
2026-09-20 00:00:00+00:00,Covilhã,0503,32.90,0.81,27.90,33.80,32.80,33.10,33.34,23.56,0.68,20.62,24.52,23.23,23.80,24.00,14.25,1.12,13.20,17.92,13.34,13.81,14.80
2026-09-21 00:00:00+00:00,Covilhã,0503,33.89,0.83,28.90,35.01,33.74,34.12,34.30,24.13,0.51,21.80,25.00,23.85,24.27,24.48,13.93,1.25,12.60,17.84,12.89,13.55,14.62
2026-09-22 00:00:00+00:00,Covilhã,0503,35.64,0.85,30.67,36.88,35.43,35.89,36.10,25.41,0.51,23.41,26.23,25.12,25.57,25.79,15.64,0.86,14.30,19.32,15.29,15.44,15.81
2026-09-23 00:00:00+00:00,Covilhã,0503,35.93,0.82,31.30,37.20,35.69,36.11,36.30,25.68,0.49,23.60,26.76,25.32,25.76,26.05,15.65,1.14,13.00,19.32,15.47,15.70,16.01
2026-09-24 00:00:00+00:00,Covilhã,0503,34.79,1.23,29.55,36.40,33.88,35.15,35.83,24.53,0.42,22.80,25.51,24.29,24.60,24.80,14.89,0.92,12.50,17.58,14.69,15.07,15.31
2026-09-25 00:00:00+00:00,Covilhã,0503,33.59,1.65,28.88,35.50,32.55,34.21,34.95,22.87,0.58,21.57,24.00,22.34,22.95,23.40,13.72,1.17,10.60,16.26,13.61,13.82,14.45
2026-09-26 00:00:00+00:00,Covilhã,0503,32.48,0.92,28.08,34.04,31.89,32.80,33.05,22.73,0.43,21.24,23.71,22.52,22.82,23.00,13.82,1.11,12.10,16.47,12.82,13.77,14.61
2026-09-27 00:00:00+00:00,Covilhã,0503,29.25,1.18,24.28,31.41,28.50,29.68,30.00,21.76,0.64,19.14,22.97,21.38,21.81,22.30,16.13,0.53,14.40,17.13,15.70,16.21,16.61
2026-09-28 00:00:00+00:00,Covilhã,0503,25.68,1.03,19.77,27.10,25.32,25.82,26.38,19.20,0.63,15.82,20.42,18.99,19.26,19.63,12.95,0.47,12.20,13.87,12.64,12.83,13.43
2026-09-29 00:00:00+00:00,Covilhã,0503,23.83,1.09,17.97,25.20,23.35,24.23,24.52,19.62,0.75,15.19,20.66,19.47,19.86,20.06,16.70,0.54,13.37,17.52,16.67,16.83,16.98
2026-09-10 00:00:00+00:00,Fundão,0504,30.23,0.71,27.34,31.00,29.91,30.45,30.75,21.84,0.68,19.53,22.60,21.43,22.07,22.37,13.81,0.50,12.22,14.99,13.56,13.92,14.20
2026-09-11 00:00:00+00:00,Fundão,0504,33.26,0.54,31.22,33.90,32.96,33.41,33.67,24.02,0.44,22.80,24.86,23.71,24.16,24.40,14.63,0.61,12.92,16.50,14.34,14.79,14.91
2026-09-12 00:00:00+00:00,Fundão,0504,34.69,0.56,32.76,35.40,34.32,34.82,35.14,26.47,0.43,25.11,27.03,26.20,26.57,26.83,17.97,0.47,16.80,19.66,17.80,17.90,18.05
2026-09-13 00:00:00+00:00,Fundão,0504,36.19,0.61,34.78,37.10,35.71,36.23,36.73,26.75,0.51,24.91,27.53,26.61,26.95,27.10,17.28,1.07,15.11,20.89,16.74,17.02,17.59
2026-09-14 00:00:00+00:00,Fundão,0504,36.77,0.47,34.89,37.30,36.49,36.93,37.12,26.61,0.35,25.49,27.64,26.44,26.67,26.85,16.30,0.81,15.19,18.97,15.73,15.92,16.60
2026-09-15 00:00:00+00:00,Fundão,0504,34.32,1.41,28.49,35.57,34.70,34.88,34.99,24.97,0.95,21.41,26.00,24.72,25.34,25.61,15.89,0.57,14.40,17.31,15.44,16.06,16.34
2026-09-16 00:00:00+00:00,Fundão,0504,28.24,0.48,26.27,29.03,27.96,28.41,28.61,21.98,0.69,18.97,22.63,21.86,22.27,22.41,16.62,0.63,14.10,17.35,16.65,16.84,16.98
2026-09-17 00:00:00+00:00,Fundão,0504,26.93,0.63,24.37,27.60,26.59,27.15,27.41,19.74,0.56,17.38,20.36,19.53,19.99,20.13,13.60,0.66,10.74,14.83,13.54,13.85,13.90
2026-09-18 00:00:00+00:00,Fundão,0504,29.90,0.63,28.15,30.80,29.40,30.00,30.44,22.45,0.68,20.09,23.20,22.11,22.70,22.97,16.18,0.94,12.65,17.50,16.04,16.53,16.76
2026-09-19 00:00:00+00:00,Fundão,0504,32.38,0.50,30.98,33.10,32.04,32.42,32.80,23.40,0.44,22.03,24.18,23.13,23.50,23.77,14.94,0.62,13.67,17.06,14.63,14.80,15.14
2026-09-20 00:00:00+00:00,Fundão,0504,33.29,0.30,32.19,33.70,33.09,33.34,33.55,24.26,0.38,23.04,25.38,24.11,24.35,24.43,15.15,1.00,13.58,18.43,14.58,14.83,15.51
2026-09-21 00:00:00+00:00,Fundão,0504,34.59,0.50,32.86,35.30,34.26,34.63,35.03,24.91,0.37,23.74,25.92,24.77,25.02,25.15,14.90,1.03,13.10,18.31,14.33,14.62,15.27
2026-09-22 00:00:00+00:00,Fundão,0504,36.46,0.55,34.60,37.20,36.09,36.58,36.92,26.15,0.38,24.85,27.21,26.01,26.26,26.37,15.89,1.00,14.92,19.92,15.26,15.42,16.09
2026-09-23 00:00:00+00:00,Fundão,0504,36.68,0.52,34.90,37.40,36.32,36.75,37.12,26.59,0.42,25.34,27.69,26.33,26.66,26.92,16.36,0.97,14.60,20.00,15.86,15.99,16.64
2026-09-24 00:00:00+00:00,Fundão,0504,35.36,0.59,32.80,35.99,35.26,35.60,35.73,25.33,0.40,24.22,26.38,25.07,25.42,25.64,15.54,0.72,14.08,17.97,15.16,15.29,15.84
2026-09-25 00:00:00+00:00,Fundão,0504,34.25,1.19,29.27,35.20,34.25,34.63,34.98,23.70,0.55,21.77,24.84,23.38,23.90,24.13,14.01,0.69,12.60,16.50,13.55,13.71,14.35
2026-09-26 00:00:00+00:00,Fundão,0504,33.56,0.67,31.24,34.40,33.13,33.75,34.10,23.51,0.42,22.23,24.63,23.26,23.61,23.84,14.49,0.69,12.89,16.37,14.15,14.57,14.78
2026-09-27 00:00:00+00:00,Fundão,0504,30.70,0.99,27.05,31.90,30.13,30.95,31.47,22.67,0.54,20.72,23.73,22.33,22.86,23.11,16.94,0.48,15.38,18.42,16.66,17.07,17.27
2026-09-28 00:00:00+00:00,Fundão,0504,26.18,0.30,25.10,26.60,25.99,26.28,26.41,20.07,0.48,18.78,20.70,19.71,20.19,20.47,13.75,0.40,12.58,14.62,13.63,13.88,14.03
2026-09-29 00:00:00+00:00,Fundão,0504,24.94,0.53,23.19,25.92,24.69,25.07,25.36,20.14,0.32,19.12,20.55,19.97,20.24,20.39,16.74,0.12,16.15,17.02,16.71,16.78,16.80
2026-09-10 00:00:00+00:00,Idanha-a-Nova,0505,30.97,0.52,29.23,31.50,30.63,31.19,31.39,22.86,0.68,20.50,23.50,22.47,23.17,23.37,15.70,0.96,12.47,16.60,15.14,16.16,16.43
2026-09-11 00:00:00+00:00,Idanha-a-Nova,0505,33.75,0.46,32.13,34.20,33.47,33.93,34.11,25.81,0.75,23.74,26.60,25.32,26.10,26.44,17.55,0.85,14.99,18.40,17.05,18.03,18.18
2026-09-12 00:00:00+00:00,Idanha-a-Nova,0505,35.36,0.54,33.58,35.90,35.00,35.58,35.79,27.66,0.75,25.14,28.40,27.20,27.98,28.26,18.11,0.47,16.22,19.31,17.96,18.20,18.32
2026-09-13 00:00:00+00:00,Idanha-a-Nova,0505,36.04,0.37,34.59,36.40,35.87,36.18,36.32,28.37,0.82,25.84,29.20,27.84,28.71,29.04,20.46,1.18,16.95,21.50,19.76,21.12,21.34
2026-09-14 00:00:00+00:00,Idanha-a-Nova,0505,37.23,0.41,35.77,37.75,37.01,37.42,37.53,28.69,0.80,26.56,29.50,28.15,29.01,29.34,21.00,1.41,16.98,22.40,20.07,21.57,22.14
2026-09-15 00:00:00+00:00,Idanha-a-Nova,0505,36.20,0.67,34.66,37.00,35.70,36.35,36.80,26.87,0.68,25.15,27.60,26.40,27.10,27.44,19.44,1.12,16.42,20.70,18.61,19.78,20.42
2026-09-16 00:00:00+00:00,Idanha-a-Nova,0505,30.09,0.84,27.67,31.00,29.51,30.39,30.80,23.37,0.68,21.26,24.10,22.90,23.60,23.94,17.23,0.47,15.72,17.80,16.84,17.35,17.66
2026-09-17 00:00:00+00:00,Idanha-a-Nova,0505,28.68,0.84,26.31,29.60,28.08,28.97,29.39,20.88,0.63,18.76,21.50,20.47,21.16,21.38,13.61,0.40,11.97,14.76,13.50,13.70,13.78
2026-09-18 00:00:00+00:00,Idanha-a-Nova,0505,30.15,0.46,28.44,30.60,29.90,30.33,30.50,23.05,0.59,20.78,23.60,22.72,23.32,23.49,14.86,0.65,13.15,17.39,14.52,14.63,15.13
2026-09-19 00:00:00+00:00,Idanha-a-Nova,0505,32.69,0.57,30.65,33.30,32.33,32.88,33.16,25.11,0.86,22.50,26.00,24.52,25.46,25.82,18.26,1.27,14.74,19.50,17.43,18.84,19.28
2026-09-20 00:00:00+00:00,Idanha-a-Nova,0505,33.62,0.43,32.15,34.10,33.30,33.74,33.98,26.66,0.90,24.32,27.60,26.05,26.99,27.41,20.01,1.49,15.72,21.50,19.03,20.60,21.21
2026-09-21 00:00:00+00:00,Idanha-a-Nova,0505,34.32,0.29,33.09,34.60,34.23,34.40,34.53,27.16,0.88,24.87,28.10,26.56,27.48,27.90,20.06,1.59,15.50,21.70,19.02,20.65,21.37
2026-09-22 00:00:00+00:00,Idanha-a-Nova,0505,36.63,0.40,35.07,37.00,36.45,36.81,36.92,28.16,0.85,25.67,29.00,27.58,28.53,28.84,19.58,1.19,16.26,20.70,18.81,20.15,20.52
2026-09-23 00:00:00+00:00,Idanha-a-Nova,0505,36.88,0.40,35.43,37.30,36.63,37.02,37.20,28.66,0.85,26.24,29.50,28.08,29.03,29.34,20.44,1.27,16.74,21.60,19.64,21.07,21.41
2026-09-24 00:00:00+00:00,Idanha-a-Nova,0505,36.13,0.44,34.65,36.79,35.86,36.35,36.44,27.33,0.76,25.25,28.10,26.83,27.64,27.95,19.69,1.21,16.13,20.80,18.94,20.30,20.62
2026-09-25 00:00:00+00:00,Idanha-a-Nova,0505,34.92,0.55,33.37,35.60,34.43,35.04,35.42,25.83,0.75,23.85,26.60,25.34,26.11,26.44,17.65,0.95,14.69,19.13,17.10,18.18,18.33
2026-09-26 00:00:00+00:00,Idanha-a-Nova,0505,34.41,0.56,32.65,35.00,34.02,34.62,34.87,25.18,0.70,23.04,25.87,24.76,25.57,25.70,16.57,0.76,14.34,17.36,16.14,16.99,17.12
2026-09-27 00:00:00+00:00,Idanha-a-Nova,0505,31.41,0.54,29.72,32.00,31.03,31.58,31.86,24.90,0.85,22.73,25.80,24.32,25.20,25.61,19.74,1.01,17.10,20.80,19.09,20.09,20.58
2026-09-28 00:00:00+00:00,Idanha-a-Nova,0505,27.06,0.52,25.44,27.60,26.71,27.27,27.48,20.56,0.39,19.18,20.98,20.33,20.76,20.84,15.18,0.56,13.59,15.70,14.81,15.47,15.61
2026-09-29 00:00:00+00:00,Idanha-a-Nova,0505,26.76,0.84,24.39,27.60,26.19,27.12,27.43,20.99,0.49,19.42,21.50,20.66,21.18,21.39,17.14,0.33,16.00,17.50,16.92,17.26,17.42
2026-09-10 00:00:00+00:00,Oleiros,0506,29.71,1.12,27.02,31.95,28.97,29.74,30.50,21.33,0.99,19.27,23.54,20.61,21.29,22.08,14.70,0.86,13.39,17.03,14.02,14.49,15.26
2026-09-11 00:00:00+00:00,Oleiros,0506,32.91,0.85,31.01,34.68,32.32,32.91,33.51,24.08,0.83,22.66,26.12,23.40,23.98,24.69,16.32,0.84,14.84,18.70,15.62,16.08,16.88
2026-09-12 00:00:00+00:00,Oleiros,0506,34.90,0.92,32.59,36.38,34.25,34.97,35.65,27.04,0.63,25.89,28.68,26.59,26.93,27.46,19.84,0.63,18.57,21.94,19.47,19.70,20.07
2026-09-13 00:00:00+00:00,Oleiros,0506,36.34,0.69,34.68,37.42,35.82,36.34,36.95,28.04,0.57,27.13,29.50,27.61,27.99,28.41,21.28,0.69,19.28,23.22,20.90,21.30,21.56
2026-09-14 00:00:00+00:00,Oleiros,0506,36.58,0.66,34.80,37.58,36.17,36.67,37.10,27.47,0.76,26.33,29.65,26.85,27.27,27.96,19.53,0.94,17.73,22.51,18.97,19.27,20.00
2026-09-15 00:00:00+00:00,Oleiros,0506,30.29,1.32,27.87,33.32,29.10,30.36,31.45,22.74,1.20,20.34,25.12,21.66,22.75,23.73,15.93,1.04,14.30,18.77,15.10,15.75,16.63
2026-09-16 00:00:00+00:00,Oleiros,0506,28.73,1.19,26.08,31.43,27.91,28.65,29.56,21.11,1.13,18.69,23.68,20.30,21.03,21.97,15.44,0.79,13.91,17.41,14.81,15.39,16.00
2026-09-17 00:00:00+00:00,Oleiros,0506,27.11,1.20,24.13,29.53,26.31,27.18,28.03,19.62,1.08,17.20,22.11,18.91,19.56,20.36,13.22,1.18,10.53,16.09,12.46,13.19,13.98
2026-09-18 00:00:00+00:00,Oleiros,0506,29.91,0.75,28.03,31.32,29.42,29.95,30.48,21.58,0.97,19.94,24.03,20.77,21.49,22.28,14.05,1.23,11.60,16.88,12.96,14.01,15.01
2026-09-19 00:00:00+00:00,Oleiros,0506,32.85,0.60,31.47,34.05,32.35,32.96,33.36,24.03,0.63,22.89,25.67,23.56,23.96,24.44,17.27,0.69,15.73,19.58,16.90,17.14,17.54
2026-09-20 00:00:00+00:00,Oleiros,0506,33.65,0.62,32.18,35.29,33.19,33.74,34.07,25.85,0.62,24.81,27.39,25.32,25.87,26.26,19.07,0.84,17.15,21.63,18.59,18.93,19.46
2026-09-21 00:00:00+00:00,Oleiros,0506,34.65,0.71,32.74,36.01,34.17,34.76,35.22,25.97,0.58,24.95,27.48,25.51,25.93,26.32,18.56,0.59,16.87,20.25,18.27,18.59,18.84
2026-09-22 00:00:00+00:00,Oleiros,0506,36.31,0.71,34.46,37.55,35.85,36.38,36.87,27.18,0.60,26.28,28.91,26.69,27.02,27.56,19.62,0.79,17.76,22.11,19.21,19.59,19.98
2026-09-23 00:00:00+00:00,Oleiros,0506,36.26,0.62,34.76,37.45,35.85,36.22,36.78,27.10,0.94,25.07,29.66,26.39,26.90,27.71,19.97,1.19,16.75,23.62,19.32,19.79,20.49
2026-09-24 00:00:00+00:00,Oleiros,0506,34.58,0.90,32.48,36.20,33.97,34.62,35.31,25.67,0.92,23.99,28.03,24.88,25.54,26.33,18.37,1.28,15.53,22.32,17.59,18.01,19.05
2026-09-25 00:00:00+00:00,Oleiros,0506,30.97,1.09,28.58,32.96,30.04,31.04,31.95,22.87,0.93,20.91,24.71,22.05,22.86,23.62,16.16,0.57,14.88,17.62,15.77,16.02,16.58
2026-09-26 00:00:00+00:00,Oleiros,0506,32.90,0.74,31.01,34.15,32.41,33.00,33.47,23.86,0.76,22.52,25.72,23.21,23.77,24.45,15.99,0.42,14.58,16.92,15.84,16.05,16.24
2026-09-27 00:00:00+00:00,Oleiros,0506,29.30,1.06,26.66,31.18,28.57,29.41,30.12,22.47,0.95,20.51,24.56,21.75,22.42,23.21,17.22,1.01,15.20,19.50,16.46,17.15,17.99
2026-09-28 00:00:00+00:00,Oleiros,0506,26.22,0.43,24.99,26.77,25.92,26.29,26.61,20.09,0.60,18.65,21.39,19.69,20.10,20.55,14.77,0.55,13.80,16.21,14.34,14.73,15.11
2026-09-29 00:00:00+00:00,Oleiros,0506,26.03,0.71,24.18,27.48,25.47,26.18,26.61,20.89,0.73,18.89,22.36,20.36,21.00,21.48,17.64,0.66,15.97,19.12,17.14,17.72,18.20
2026-09-10 00:00:00+00:00,Penamacor,0507,28.79,0.69,27.71,30.23,28.17,28.83,29.34,19.70,1.16,17.67,21.86,18.74,19.88,20.63,11.15,1.67,8.04,13.95,9.82,11.48,12.53
2026-09-11 00:00:00+00:00,Penamacor,0507,31.67,0.82,30.25,33.19,30.98,31.80,32.34,22.84,0.77,21.54,24.30,22.18,22.89,23.50,14.31,0.57,13.55,15.72,13.79,14.13,14.77
2026-09-12 00:00:00+00:00,Penamacor,0507,33.10,0.74,31.92,34.60,32.46,33.16,33.68,24.19,1.31,21.80,26.44,23.14,24.43,25.24,15.54,1.42,12.84,17.82,14.45,15.85,16.68
2026-09-13 00:00:00+00:00,Penamacor,0507,34.25,0.78,32.94,35.87,33.59,34.33,34.85,24.72,1.16,22.68,26.79,23.76,24.85,25.68,15.14,1.55,12.33,17.97,13.90,15.29,16.43
2026-09-14 00:00:00+00:00,Penamacor,0507,35.41,0.65,34.32,36.73,34.86,35.48,35.94,25.50,0.79,24.15,27.00,24.84,25.55,26.20,15.98,0.98,14.38,18.29,15.21,15.93,16.71
2026-09-15 00:00:00+00:00,Penamacor,0507,34.18,0.39,33.59,34.93,33.81,34.22,34.54,24.42,0.48,23.71,25.46,23.99,24.39,24.84,16.29,0.52,14.69,17.60,15.97,16.36,16.53
2026-09-16 00:00:00+00:00,Penamacor,0507,26.81,0.88,25.33,28.47,26.05,26.91,27.56,20.56,0.95,18.86,22.17,19.78,20.76,21.35,15.28,0.95,13.48,16.68,14.53,15.50,16.07
2026-09-17 00:00:00+00:00,Penamacor,0507,25.52,0.79,24.31,27.08,24.82,25.56,26.19,18.11,0.99,16.36,19.85,17.29,18.28,18.90,11.67,1.18,9.49,13.61,10.74,11.86,12.64
2026-09-18 00:00:00+00:00,Penamacor,0507,28.06,0.77,26.82,29.71,27.39,28.11,28.66,20.09,1.31,17.70,22.39,19.02,20.35,21.15,12.95,1.89,9.38,16.01,11.52,13.22,14.49
2026-09-19 00:00:00+00:00,Penamacor,0507,30.05,1.11,28.07,32.09,29.14,30.22,30.95,21.39,1.21,19.19,23.48,20.40,21.64,22.39,13.01,1.50,10.22,15.61,11.78,13.32,14.23
2026-09-20 00:00:00+00:00,Penamacor,0507,31.79,0.76,30.44,33.13,31.16,31.92,32.42,23.23,0.78,21.94,24.79,22.57,23.23,23.89,14.68,0.99,13.17,17.10,13.90,14.55,15.41
2026-09-21 00:00:00+00:00,Penamacor,0507,32.93,0.71,31.73,34.32,32.33,32.99,33.49,23.74,0.85,22.26,25.33,23.03,23.78,24.48,14.53,1.00,13.07,17.02,13.70,14.35,15.24
2026-09-22 00:00:00+00:00,Penamacor,0507,34.74,0.78,33.43,36.31,34.09,34.82,35.36,24.49,1.10,22.49,26.41,23.59,24.68,25.43,14.89,1.16,12.72,17.15,13.98,15.04,15.84
2026-09-23 00:00:00+00:00,Penamacor,0507,35.11,0.74,33.84,36.51,34.49,35.21,35.72,25.08,1.01,23.27,26.90,24.24,25.22,25.93,15.55,1.00,13.97,17.82,14.68,15.50,16.35
2026-09-24 00:00:00+00:00,Penamacor,0507,34.24,0.66,33.12,35.47,33.67,34.34,34.79,24.21,0.80,22.85,25.73,23.54,24.24,24.90,15.05,0.94,13.57,17.21,14.26,15.01,15.79
2026-09-25 00:00:00+00:00,Penamacor,0507,32.96,0.77,31.63,34.31,32.30,33.09,33.61,22.99,0.57,22.21,24.20,22.47,22.92,23.47,14.10,0.62,12.77,15.66,13.60,13.93,14.54
2026-09-26 00:00:00+00:00,Penamacor,0507,32.09,0.71,30.92,33.56,31.47,32.18,32.68,22.09,0.90,20.55,23.74,21.33,22.17,22.87,13.09,1.00,11.29,14.93,12.29,13.16,13.95
2026-09-27 00:00:00+00:00,Penamacor,0507,29.18,0.68,28.11,30.68,28.58,29.23,29.72,21.70,0.73,20.53,23.14,21.06,21.70,22.36,15.77,0.99,14.06,17.64,14.94,15.81,16.66
2026-09-28 00:00:00+00:00,Penamacor,0507,24.94,0.69,23.73,26.19,24.36,25.07,25.52,18.74,0.61,17.72,20.04,18.22,18.79,19.23,12.76,0.64,11.65,13.99,12.23,12.80,13.32
2026-09-29 00:00:00+00:00,Penamacor,0507,23.49,0.72,22.49,25.05,22.82,23.41,24.12,18.92,0.62,17.92,20.14,18.39,18.98,19.44,15.70,0.59,14.63,16.68,15.21,15.79,16.20
2026-09-10 00:00:00+00:00,Proença-a-Nova,0508,32.05,0.18,31.34,32.77,32.02,32.09,32.10,23.62,0.20,22.89,23.80,23.56,23.69,23.76,17.02,0.47,14.43,17.40,16.92,17.17,17.32
2026-09-11 00:00:00+00:00,Proença-a-Nova,0508,34.77,0.16,34.18,35.44,34.74,34.79,34.81,26.20,0.22,25.32,26.40,26.14,26.27,26.36,18.72,0.46,16.20,19.10,18.62,18.86,19.02
2026-09-12 00:00:00+00:00,Proença-a-Nova,0508,36.44,0.20,35.87,37.53,36.39,36.40,36.46,28.70,0.23,27.60,28.90,28.63,28.77,28.86,21.88,0.65,18.29,22.40,21.71,22.09,22.29
2026-09-13 00:00:00+00:00,Proença-a-Nova,0508,37.41,0.14,36.90,38.07,37.38,37.40,37.43,29.49,0.24,28.31,29.70,29.43,29.58,29.66,23.14,0.58,19.92,23.60,23.01,23.33,23.50
2026-09-14 00:00:00+00:00,Proença-a-Nova,0508,37.64,0.12,37.45,38.37,37.60,37.61,37.64,29.71,0.31,28.32,30.00,29.61,29.82,29.93,22.53,0.66,19.12,23.10,22.37,22.75,22.97
2026-09-15 00:00:00+00:00,Proença-a-Nova,0508,32.01,0.11,31.55,32.44,31.98,32.00,32.05,25.28,0.24,24.30,25.50,25.21,25.37,25.45,18.85,0.39,17.04,19.20,18.73,18.98,19.12
2026-09-16 00:00:00+00:00,Proença-a-Nova,0508,31.56,0.22,30.57,31.88,31.54,31.65,31.69,23.81,0.21,23.00,24.00,23.74,23.88,23.96,17.48,0.24,16.42,17.70,17.41,17.56,17.65
2026-09-17 00:00:00+00:00,Proença-a-Nova,0508,29.64,0.21,28.81,30.33,29.61,29.69,29.70,22.22,0.21,21.33,22.40,22.16,22.29,22.36,16.17,0.36,14.67,16.50,16.06,16.29,16.43
2026-09-18 00:00:00+00:00,Proença-a-Nova,0508,31.39,0.15,30.90,32.05,31.36,31.40,31.42,24.12,0.30,22.85,24.40,24.03,24.23,24.34,16.96,0.54,13.99,17.40,16.84,17.13,17.30
2026-09-19 00:00:00+00:00,Proença-a-Nova,0508,33.57,0.18,33.30,34.65,33.50,33.51,33.57,25.70,0.22,24.70,25.90,25.63,25.78,25.86,19.57,0.64,16.10,20.10,19.40,19.77,19.98
2026-09-20 00:00:00+00:00,Proença-a-Nova,0508,34.09,0.17,33.93,35.10,34.01,34.03,34.08,27.41,0.22,26.44,27.60,27.35,27.48,27.56,21.62,0.56,18.73,22.10,21.47,21.81,21.99
2026-09-21 00:00:00+00:00,Proença-a-Nova,0508,35.54,0.14,35.21,36.35,35.50,35.51,35.55,27.50,0.23,26.44,27.70,27.43,27.58,27.66,20.21,0.49,17.47,20.60,20.08,20.37,20.51
2026-09-22 00:00:00+00:00,Proença-a-Nova,0508,37.61,0.14,37.24,38.33,37.58,37.60,37.63,28.94,0.29,27.50,29.20,28.86,29.04,29.14,22.09,0.72,18.21,22.70,21.91,22.33,22.56
2026-09-23 00:00:00+00:00,Proença-a-Nova,0508,37.55,0.20,37.18,38.73,37.49,37.50,37.55,29.75,0.39,27.95,30.10,29.62,29.88,30.02,23.65,0.87,19.10,24.40,23.43,23.94,24.23
2026-09-24 00:00:00+00:00,Proença-a-Nova,0508,36.33,0.16,35.93,37.25,36.28,36.30,36.33,28.11,0.32,26.57,28.40,28.00,28.22,28.33,22.39,0.81,18.28,23.10,22.17,22.65,22.94
2026-09-25 00:00:00+00:00,Proença-a-Nova,0508,32.52,0.11,32.20,33.10,32.49,32.51,32.54,24.81,0.22,23.76,25.00,24.75,24.89,24.96,17.65,0.34,15.64,17.90,17.60,17.76,17.85
2026-09-26 00:00:00+00:00,Proença-a-Nova,0508,34.23,0.13,33.93,34.97,34.20,34.21,34.23,25.78,0.25,24.57,26.00,25.71,25.87,25.95,16.89,0.44,14.22,17.20,16.83,17.02,17.13
2026-09-27 00:00:00+00:00,Proença-a-Nova,0508,31.30,0.16,30.84,32.11,31.26,31.30,31.32,24.64,0.18,23.96,24.80,24.58,24.70,24.76,19.54,0.32,17.78,19.80,19.46,19.64,19.74
2026-09-28 00:00:00+00:00,Proença-a-Nova,0508,26.78,0.13,26.70,27.53,26.72,26.74,26.78,21.44,0.09,21.03,21.58,21.43,21.48,21.50,16.25,0.17,15.65,16.40,16.20,16.31,16.37
2026-09-29 00:00:00+00:00,Proença-a-Nova,0508,26.75,0.25,26.60,28.26,26.63,26.67,26.73,21.75,0.14,21.48,22.58,21.70,21.71,21.76,18.33,0.11,18.03,18.92,18.30,18.31,18.34
2026-09-10 00:00:00+00:00,Sertã,0509,31.06,0.55,29.92,32.00,30.60,31.05,31.56,21.67,0.97,19.91,23.57,20.85,21.55,22.48,14.69,1.09,13.12,17.05,13.77,14.47,15.54
2026-09-11 00:00:00+00:00,Sertã,0509,33.80,0.57,32.72,34.73,33.31,33.80,34.33,24.06,1.09,22.09,26.15,23.17,23.94,24.98,15.98,1.33,13.82,18.72,14.83,15.77,17.03
2026-09-12 00:00:00+00:00,Sertã,0509,36.73,0.38,35.98,37.87,36.42,36.69,36.99,27.41,0.57,26.58,28.70,26.91,27.26,27.86,19.25,1.22,16.47,21.96,18.33,18.95,20.11
2026-09-13 00:00:00+00:00,Sertã,0509,37.84,0.36,37.24,38.69,37.53,37.79,38.14,28.54,0.41,27.57,29.52,28.26,28.41,28.83,21.21,0.93,18.33,23.24,20.70,21.04,21.81
2026-09-14 00:00:00+00:00,Sertã,0509,37.59,0.17,37.14,38.09,37.49,37.59,37.68,27.62,0.91,26.22,29.68,26.84,27.33,28.33,19.26,1.40,16.93,22.54,18.09,18.78,20.30
2026-09-15 00:00:00+00:00,Sertã,0509,29.68,1.17,27.66,31.83,28.61,29.47,30.73,22.13,1.49,19.84,25.14,20.83,21.79,23.39,16.41,1.07,14.62,18.80,15.52,16.15,17.21
2026-09-16 00:00:00+00:00,Sertã,0509,29.96,0.78,28.55,31.50,29.30,29.83,30.64,21.67,1.00,19.96,23.72,20.80,21.45,22.51,15.80,0.75,14.66,17.44,15.14,15.63,16.39
2026-09-17 00:00:00+00:00,Sertã,0509,28.96,0.42,27.85,29.70,28.68,28.97,29.31,20.60,0.73,19.40,22.16,19.98,20.41,21.20,14.09,0.85,12.69,16.13,13.39,13.81,14.71
2026-09-18 00:00:00+00:00,Sertã,0509,31.11,0.24,30.50,31.66,30.97,31.13,31.30,21.65,1.13,20.00,24.06,20.67,21.38,22.56,13.49,1.53,11.43,16.90,12.13,13.05,14.72
2026-09-19 00:00:00+00:00,Sertã,0509,34.29,0.44,33.56,35.20,33.92,34.28,34.67,24.58,0.47,23.69,25.69,24.27,24.44,24.91,16.48,1.39,13.73,19.60,15.27,16.10,17.54
2026-09-20 00:00:00+00:00,Sertã,0509,35.12,0.53,34.09,35.98,34.66,35.26,35.62,26.58,0.33,25.94,27.42,26.36,26.49,26.78,19.36,0.93,17.34,21.66,18.67,19.11,19.97
2026-09-21 00:00:00+00:00,Sertã,0509,36.08,0.31,35.50,36.62,35.80,36.15,36.36,26.46,0.42,25.77,27.50,26.16,26.31,26.75,18.72,0.64,16.74,20.26,18.28,18.59,19.14
2026-09-22 00:00:00+00:00,Sertã,0509,37.53,0.22,36.96,38.20,37.41,37.54,37.67,27.30,0.70,26.17,28.93,26.76,27.06,27.81,18.99,1.33,16.15,22.14,17.94,18.55,19.94
2026-09-23 00:00:00+00:00,Sertã,0509,37.17,0.35,36.33,37.95,36.94,37.20,37.44,26.77,1.36,24.87,29.69,25.55,26.39,27.90,18.91,2.10,16.05,23.66,17.04,18.24,20.54
2026-09-24 00:00:00+00:00,Sertã,0509,35.18,0.68,33.94,36.24,34.57,35.19,35.83,25.51,1.23,23.93,28.06,24.41,25.25,26.54,17.46,2.25,14.70,22.37,15.41,16.89,19.21
2026-09-25 00:00:00+00:00,Sertã,0509,30.93,0.84,29.46,32.40,30.18,30.83,31.70,22.04,1.45,19.30,24.72,20.85,21.92,23.28,15.48,1.10,13.49,17.63,14.60,15.35,16.40
2026-09-26 00:00:00+00:00,Sertã,0509,33.84,0.34,33.08,34.66,33.56,33.87,34.12,23.68,1.03,22.00,25.74,22.81,23.54,24.55,14.86,1.01,13.32,16.91,14.03,14.73,15.65
2026-09-27 00:00:00+00:00,Sertã,0509,30.28,0.55,29.21,31.23,29.80,30.25,30.77,22.85,0.88,21.35,24.58,22.09,22.71,23.59,17.79,0.77,16.46,19.53,17.13,17.57,18.39
2026-09-28 00:00:00+00:00,Sertã,0509,27.18,0.34,26.73,28.17,26.88,27.11,27.43,20.87,0.29,20.20,21.42,20.65,20.86,21.11,15.42,0.35,14.64,16.24,15.20,15.34,15.65
2026-09-29 00:00:00+00:00,Sertã,0509,27.68,0.53,26.71,29.07,27.23,27.71,28.13,22.33,0.32,21.72,23.14,22.05,22.41,22.59,18.99,0.33,18.34,19.79,18.72,19.08,19.27
2026-09-10 00:00:00+00:00,Vila de Rei,0510,32.20,0.41,31.37,33.23,31.92,32.16,32.47,21.89,0.37,21.23,22.79,21.60,21.84,22.15,13.65,0.65,12.53,15.58,13.20,13.49,13.98
2026-09-11 00:00:00+00:00,Vila de Rei,0510,35.04,0.40,34.09,35.93,34.78,35.03,35.34,24.16,0.45,23.41,25.28,23.78,24.10,24.46,15.17,0.64,14.18,17.16,14.76,14.96,15.45
2026-09-12 00:00:00+00:00,Vila de Rei,0510,38.01,0.45,36.99,38.83,37.64,38.04,38.38,26.84,0.40,26.20,27.95,26.53,26.75,27.07,16.60,1.23,14.60,19.84,15.62,16.39,17.41
2026-09-13 00:00:00+00:00,Vila de Rei,0510,38.61,0.31,37.84,39.19,38.39,38.64,38.85,27.63,0.46,26.77,28.81,27.29,27.57,27.93,18.26,1.27,15.84,21.41,17.26,18.14,19.11
2026-09-14 00:00:00+00:00,Vila de Rei,0510,38.43,0.29,37.89,38.96,38.18,38.42,38.68,27.13,0.57,26.18,28.62,26.69,27.00,27.51,17.22,1.20,15.20,20.38,16.30,17.04,17.99
2026-09-15 00:00:00+00:00,Vila de Rei,0510,30.61,0.64,29.35,31.95,30.11,30.68,31.16,22.61,0.60,21.53,23.98,22.13,22.60,23.08,16.58,0.32,15.94,17.66,16.41,16.51,16.68
2026-09-16 00:00:00+00:00,Vila de Rei,0510,30.92,0.50,29.88,32.14,30.57,30.90,31.26,22.27,0.46,21.36,23.07,21.92,22.28,22.66,16.16,0.21,15.69,16.76,16.03,16.14,16.26
2026-09-17 00:00:00+00:00,Vila de Rei,0510,30.23,0.38,29.41,30.93,29.92,30.21,30.56,21.07,0.36,20.38,21.73,20.79,21.08,21.38,13.23,0.69,11.94,14.97,12.70,13.11,13.68
2026-09-18 00:00:00+00:00,Vila de Rei,0510,32.06,0.30,31.43,32.62,31.81,32.04,32.32,21.82,0.43,21.13,23.02,21.53,21.69,22.07,12.83,0.72,11.70,15.05,12.39,12.58,13.18
2026-09-19 00:00:00+00:00,Vila de Rei,0510,35.20,0.40,34.19,35.82,34.92,35.24,35.53,24.24,0.29,23.83,25.07,24.01,24.16,24.42,14.04,1.32,11.71,17.42,12.98,13.83,14.94
2026-09-20 00:00:00+00:00,Vila de Rei,0510,35.85,0.41,34.78,36.58,35.61,35.91,36.17,26.12,0.28,25.69,26.87,25.89,26.08,26.32,17.24,1.11,15.15,19.95,16.39,17.16,18.04
2026-09-21 00:00:00+00:00,Vila de Rei,0510,36.71,0.28,36.00,37.20,36.50,36.72,36.94,25.86,0.38,25.22,26.84,25.57,25.79,26.12,16.28,1.08,14.22,18.77,15.40,16.21,17.12
2026-09-22 00:00:00+00:00,Vila de Rei,0510,38.50,0.33,37.88,39.09,38.22,38.48,38.78,26.43,0.60,25.32,27.94,25.97,26.34,26.84,16.14,1.46,13.46,19.79,15.01,15.99,17.20
2026-09-23 00:00:00+00:00,Vila de Rei,0510,38.57,0.47,37.55,39.55,38.17,38.55,38.95,26.48,0.66,25.65,28.30,25.94,26.26,26.91,16.68,1.48,14.42,20.75,15.51,16.37,17.53
2026-09-24 00:00:00+00:00,Vila de Rei,0510,36.50,0.49,35.45,37.74,36.19,36.49,36.81,25.10,0.62,24.29,26.80,24.61,24.96,25.48,15.78,1.35,13.86,19.58,14.71,15.44,16.54
2026-09-25 00:00:00+00:00,Vila de Rei,0510,31.86,0.51,30.82,33.11,31.48,31.88,32.23,21.97,0.66,20.91,23.55,21.39,21.88,22.43,14.72,0.54,13.78,16.37,14.39,14.53,14.96
2026-09-26 00:00:00+00:00,Vila de Rei,0510,35.02,0.35,34.33,35.71,34.72,35.01,35.32,23.55,0.42,22.98,24.77,23.23,23.42,23.78,13.41,0.70,12.05,15.41,12.95,13.29,13.81
2026-09-27 00:00:00+00:00,Vila de Rei,0510,31.32,0.44,30.46,32.51,31.03,31.28,31.58,23.18,0.29,22.60,23.91,22.99,23.16,23.34,17.50,0.35,16.65,18.55,17.38,17.47,17.63
2026-09-28 00:00:00+00:00,Vila de Rei,0510,28.10,0.38,27.23,28.94,27.81,28.13,28.39,21.43,0.15,21.05,21.70,21.33,21.43,21.55,15.33,0.16,15.12,15.82,15.20,15.27,15.41
2026-09-29 00:00:00+00:00,Vila de Rei,0510,29.05,0.60,27.61,30.23,28.62,29.11,29.52,23.18,0.39,22.27,23.98,22.90,23.20,23.48,19.73,0.40,18.83,20.66,19.44,19.73,20.01
2026-09-10 00:00:00+00:00,Vila Velha de Ródão,0511,31.75,0.41,31.12,33.12,31.38,31.73,32.04,23.29,0.15,22.64,23.67,23.22,23.26,23.36,16.21,0.52,13.43,17.13,16.09,16.29,16.41
2026-09-11 00:00:00+00:00,Vila Velha de Ródão,0511,34.51,0.37,33.92,35.74,34.18,34.50,34.77,25.80,0.19,24.99,26.26,25.72,25.75,25.90,18.07,0.52,15.22,18.84,17.98,18.19,18.32
2026-09-12 00:00:00+00:00,Vila Velha de Ródão,0511,36.23,0.48,35.45,37.97,35.83,36.23,36.49,28.11,0.28,27.19,28.75,27.90,28.04,28.30,20.25,0.80,16.93,22.01,19.75,20.11,20.74
2026-09-13 00:00:00+00:00,Vila Velha de Ródão,0511,36.97,0.52,36.00,38.35,36.51,37.01,37.38,28.83,0.31,27.87,29.54,28.60,28.77,29.04,21.85,0.66,18.71,23.26,21.57,21.77,22.20
2026-09-14 00:00:00+00:00,Vila Velha de Ródão,0511,37.78,0.15,37.63,38.66,37.72,37.74,37.78,29.04,0.32,27.81,29.80,28.83,28.95,29.24,21.23,0.69,17.83,22.71,20.99,21.12,21.59
2026-09-15 00:00:00+00:00,Vila Velha de Ródão,0511,33.50,1.13,32.10,35.81,32.41,33.29,34.51,25.68,0.61,23.92,26.92,25.30,25.57,26.17,18.26,0.36,16.34,18.98,18.18,18.27,18.40
2026-09-16 00:00:00+00:00,Vila Velha de Ródão,0511,30.88,0.56,29.93,32.07,30.36,30.85,31.41,23.45,0.16,23.25,23.87,23.32,23.39,23.56,16.89,0.27,16.02,17.54,16.68,16.82,17.08
2026-09-17 00:00:00+00:00,Vila Velha de Ródão,0511,29.20,0.51,28.33,30.64,28.74,29.19,29.61,21.71,0.33,21.17,22.27,21.39,21.70,22.00,15.33,0.39,14.12,16.26,15.02,15.24,15.60
2026-09-18 00:00:00+00:00,Vila Velha de Ródão,0511,31.06,0.43,30.33,32.34,30.68,31.05,31.37,23.55,0.28,22.38,24.21,23.41,23.47,23.70,16.53,0.75,12.83,17.56,16.32,16.72,16.97
2026-09-19 00:00:00+00:00,Vila Velha de Ródão,0511,33.32,0.50,32.48,35.10,32.91,33.33,33.60,25.27,0.22,24.33,25.77,25.14,25.21,25.40,18.50,0.68,14.80,19.75,18.41,18.56,18.76
2026-09-20 00:00:00+00:00,Vila Velha de Ródão,0511,33.94,0.40,33.27,35.50,33.62,33.94,34.14,26.86,0.25,26.09,27.46,26.66,26.80,27.04,20.45,0.59,17.66,21.77,20.21,20.32,20.78
2026-09-21 00:00:00+00:00,Vila Velha de Ródão,0511,35.15,0.50,34.28,36.70,34.73,35.15,35.51,27.06,0.22,26.05,27.57,26.97,27.01,27.17,19.50,0.56,16.43,20.35,19.43,19.62,19.76
2026-09-22 00:00:00+00:00,Vila Velha de Ródão,0511,37.44,0.31,36.98,38.64,37.19,37.41,37.62,28.44,0.29,26.97,29.03,28.37,28.43,28.56,20.49,0.81,16.75,22.27,20.05,20.34,20.99
2026-09-23 00:00:00+00:00,Vila Velha de Ródão,0511,37.44,0.44,36.76,39.22,37.10,37.42,37.62,29.05,0.37,27.28,29.86,28.92,28.98,29.23,21.76,0.95,17.40,23.87,21.27,21.57,22.32
2026-09-24 00:00:00+00:00,Vila Velha de Ródão,0511,36.64,0.19,36.33,37.64,36.52,36.62,36.74,27.51,0.31,25.99,28.20,27.41,27.48,27.65,20.78,0.84,16.75,22.61,20.46,20.65,21.20
2026-09-25 00:00:00+00:00,Vila Velha de Ródão,0511,33.19,0.42,32.56,34.00,32.83,33.13,33.54,25.02,0.50,23.35,25.98,24.77,24.94,25.41,17.83,0.77,14.82,19.23,17.50,17.77,18.40
2026-09-26 00:00:00+00:00,Vila Velha de Ródão,0511,34.42,0.16,34.23,35.26,34.33,34.39,34.43,25.56,0.29,24.09,25.94,25.49,25.63,25.72,16.59,0.68,13.15,17.41,16.47,16.77,16.98
2026-09-27 00:00:00+00:00,Vila Velha de Ródão,0511,31.41,0.18,31.26,32.45,31.32,31.35,31.40,24.51,0.17,23.70,24.78,24.46,24.54,24.61,19.24,0.44,17.09,19.87,19.12,19.35,19.51
2026-09-28 00:00:00+00:00,Vila Velha de Ródão,0511,27.09,0.16,26.76,27.81,26.99,27.11,27.18,21.27,0.16,21.04,21.65,21.11,21.25,21.42,15.86,0.19,15.43,16.29,15.68,15.83,16.01
2026-09-29 00:00:00+00:00,Vila Velha de Ródão,0511,27.20,0.31,26.72,28.83,27.05,27.18,27.25,21.62,0.33,21.10,22.92,21.36,21.59,21.78,17.89,0.48,16.99,19.17,17.48,17.91,18.28
2026-09-10 00:00:00+00:00,Arganil,0601,27.77,1.11,26.12,30.41,26.87,27.60,28.56,19.30,0.39,18.71,20.43,19.01,19.27,19.48,12.73,0.42,11.12,13.30,12.51,12.77,13.05
2026-09-11 00:00:00+00:00,Arganil,0601,31.41,0.68,30.41,33.24,30.87,31.29,31.89,22.33,0.17,21.53,22.75,22.28,22.38,22.41,14.50,0.79,12.49,15.69,13.90,14.59,15.16
2026-09-12 00:00:00+00:00,Arganil,0601,33.68,1.46,31.82,36.94,32.52,33.18,34.80,25.71,0.19,25.17,26.44,25.60,25.69,25.74,18.49,1.32,14.93,20.38,17.50,18.73,19.57
2026-09-13 00:00:00+00:00,Arganil,0601,35.61,1.22,34.12,38.50,34.63,35.17,36.56,26.92,0.27,25.94,27.68,26.73,26.95,27.09,20.06,1.32,15.93,22.08,19.19,20.14,21.12
2026-09-14 00:00:00+00:00,Arganil,0601,36.45,1.06,33.76,37.90,35.83,36.76,37.11,25.24,0.96,23.70,27.48,24.45,25.31,25.89,16.22,2.03,12.90,20.30,14.58,16.32,17.59
2026-09-15 00:00:00+00:00,Arganil,0601,28.47,0.91,26.74,29.90,27.74,28.50,29.25,19.50,0.68,18.60,20.87,19.00,19.27,20.04,12.15,1.32,9.70,14.35,11.13,12.53,13.17
2026-09-16 00:00:00+00:00,Arganil,0601,28.36,1.59,24.69,30.90,27.35,28.33,29.59,19.80,0.91,17.55,21.10,19.27,19.89,20.49,13.57,0.30,13.10,14.34,13.37,13.53,13.82
2026-09-17 00:00:00+00:00,Arganil,0601,26.60,1.56,22.59,28.70,25.84,26.99,27.67,18.10,0.72,16.15,19.12,17.75,18.38,18.60,10.53,1.03,9.40,12.74,9.70,10.15,11.11
2026-09-18 00:00:00+00:00,Arganil,0601,29.86,1.15,26.97,31.50,29.21,30.07,30.65,19.41,0.29,18.90,20.01,19.18,19.44,19.62,10.13,1.29,7.90,12.35,9.09,10.28,11.17
2026-09-19 00:00:00+00:00,Arganil,0601,33.02,0.94,30.66,34.30,32.46,33.25,33.69,22.24,1.02,20.70,25.01,21.49,22.23,22.75,13.78,2.97,8.80,20.07,11.37,14.08,15.84
2026-09-20 00:00:00+00:00,Arganil,0601,33.88,1.04,31.17,35.10,33.34,34.19,34.66,24.43,0.95,23.10,27.08,23.77,24.31,24.79,15.99,2.56,11.80,21.78,13.98,16.09,17.71
2026-09-21 00:00:00+00:00,Arganil,0601,35.06,1.39,31.48,36.50,34.22,35.72,36.11,24.47,0.88,23.20,26.90,23.84,24.40,24.86,15.68,2.53,11.40,20.66,13.66,15.91,17.43
2026-09-22 00:00:00+00:00,Arganil,0601,36.22,1.11,33.37,37.70,35.70,36.46,37.00,25.11,1.10,23.30,27.57,24.22,25.18,25.86,15.78,3.18,10.60,22.34,13.23,15.95,17.93
2026-09-23 00:00:00+00:00,Arganil,0601,36.33,1.12,33.86,38.20,35.62,36.22,37.21,24.61,0.96,23.10,26.55,23.84,24.65,25.28,15.84,2.93,11.20,22.25,13.55,15.86,17.77
2026-09-24 00:00:00+00:00,Arganil,0601,32.62,0.55,31.91,34.15,32.20,32.47,33.01,23.74,0.57,22.28,24.34,23.38,23.97,24.20,14.43,2.19,10.90,18.89,12.67,14.54,15.92
2026-09-25 00:00:00+00:00,Arganil,0601,28.59,0.47,27.81,29.92,28.21,28.60,28.93,20.93,0.46,19.88,21.76,20.61,21.08,21.27,15.22,0.57,13.98,15.99,14.86,15.32,15.68
2026-09-26 00:00:00+00:00,Arganil,0601,31.35,0.83,30.41,33.55,30.75,31.03,31.95,22.28,0.32,21.47,22.64,22.07,22.39,22.54,15.68,1.12,13.29,17.09,14.95,15.98,16.54
2026-09-27 00:00:00+00:00,Arganil,0601,27.08,0.99,25.81,29.40,26.32,26.79,27.77,20.49,0.37,20.01,21.46,20.21,20.39,20.74,15.10,0.26,14.71,15.63,14.89,15.07,15.32
2026-09-28 00:00:00+00:00,Arganil,0601,25.99,0.63,24.44,26.76,25.56,26.27,26.49,19.23,0.50,18.13,20.16,18.93,19.32,19.54,13.59,0.46,13.00,14.86,13.27,13.49,13.75
2026-09-29 00:00:00+00:00,Arganil,0601,26.19,1.18,23.27,27.80,25.50,26.48,27.06,21.64,1.57,17.69,23.80,20.75,21.96,22.78,18.66,1.62,14.89,21.20,17.71,18.75,19.85
2026-09-10 00:00:00+00:00,Cantanhede,0602,27.27,1.37,24.81,29.46,26.10,27.26,28.60,18.89,0.60,17.93,20.29,18.41,18.82,19.30,11.34,1.12,9.40,13.85,10.47,11.27,12.11
2026-09-11 00:00:00+00:00,Cantanhede,0602,29.00,1.77,25.80,31.93,27.47,28.94,30.65,20.42,0.71,19.25,21.91,19.82,20.35,20.96,13.07,0.37,12.42,13.97,12.82,13.01,13.30
2026-09-12 00:00:00+00:00,Cantanhede,0602,34.56,1.27,32.48,36.79,33.41,34.46,35.79,23.52,1.17,21.70,26.12,22.50,23.37,24.36,14.19,1.28,12.00,16.77,13.07,14.18,15.14
2026-09-13 00:00:00+00:00,Cantanhede,0602,37.15,0.29,36.26,37.83,36.96,37.06,37.36,24.99,1.43,22.83,28.38,23.74,24.80,26.00,15.80,2.33,12.17,21.58,13.98,15.48,17.27
2026-09-14 00:00:00+00:00,Cantanhede,0602,33.66,0.99,31.28,36.42,32.97,34.01,34.23,22.62,0.65,21.24,25.59,22.31,22.65,22.84,13.14,0.69,11.58,16.51,12.88,13.16,13.33
2026-09-15 00:00:00+00:00,Cantanhede,0602,24.43,0.65,23.30,27.05,24.06,24.27,24.59,19.90,0.14,19.70,20.30,19.77,19.89,20.02,16.98,0.37,16.48,18.04,16.70,16.81,17.19
2026-09-16 00:00:00+00:00,Cantanhede,0602,25.19,0.82,23.12,26.99,24.63,25.53,25.70,19.03,0.16,18.80,19.76,18.92,19.03,19.12,14.04,1.06,11.87,16.33,13.11,13.76,14.90
2026-09-17 00:00:00+00:00,Cantanhede,0602,26.72,0.57,25.35,27.97,26.31,26.94,27.06,19.15,0.37,18.22,20.23,18.96,19.21,19.33,11.38,0.64,9.91,14.50,11.13,11.32,11.65
2026-09-18 00:00:00+00:00,Cantanhede,0602,27.71,0.94,25.32,30.06,27.12,28.06,28.25,18.03,0.33,17.60,19.88,17.83,17.98,18.14,8.94,0.56,8.17,11.73,8.53,8.89,9.20
2026-09-19 00:00:00+00:00,Cantanhede,0602,32.83,0.47,32.15,34.87,32.55,32.70,32.92,21.00,0.67,19.67,24.46,20.76,20.93,21.18,10.65,1.09,8.76,16.63,10.12,10.48,10.91
2026-09-20 00:00:00+00:00,Cantanhede,0602,35.87,0.17,35.63,36.34,35.73,35.80,36.02,23.82,0.57,22.71,26.84,23.63,23.78,23.94,13.89,0.99,12.24,19.46,13.59,13.77,14.00
2026-09-21 00:00:00+00:00,Cantanhede,0602,35.90,0.31,35.40,36.79,35.63,35.92,36.14,23.94,0.58,22.88,26.73,23.69,23.85,24.11,15.03,0.86,13.49,19.86,14.72,14.93,15.19
2026-09-22 00:00:00+00:00,Cantanhede,0602,35.32,0.45,34.59,36.94,35.03,35.26,35.47,22.90,0.66,21.46,26.00,22.61,22.94,23.10,11.88,0.94,10.44,17.37,11.44,11.70,12.07
2026-09-23 00:00:00+00:00,Cantanhede,0602,30.11,2.05,25.21,34.55,28.71,30.80,31.24,19.67,0.70,18.06,22.22,19.26,19.81,19.98,13.11,0.51,10.33,13.62,13.08,13.25,13.36
2026-09-24 00:00:00+00:00,Cantanhede,0602,27.08,3.24,21.74,32.42,24.11,26.98,30.38,18.64,1.18,16.71,20.92,17.62,18.57,19.60,11.64,0.65,9.79,13.47,11.06,11.57,12.21
2026-09-25 00:00:00+00:00,Cantanhede,0602,25.27,1.68,22.34,28.11,23.78,25.22,26.79,18.10,0.63,17.03,19.22,17.56,18.07,18.68,12.34,1.12,10.37,14.51,11.39,12.33,13.25
2026-09-26 00:00:00+00:00,Cantanhede,0602,28.86,1.50,26.57,32.14,27.54,28.64,29.99,19.02,0.88,17.57,20.82,18.28,18.92,19.69,11.39,0.70,10.11,12.75,10.85,11.37,11.90
2026-09-27 00:00:00+00:00,Cantanhede,0602,27.14,0.93,25.56,28.69,26.30,27.13,28.06,19.84,0.41,19.17,20.71,19.49,19.80,20.15,14.71,0.71,13.39,15.86,14.11,14.74,15.41
2026-09-28 00:00:00+00:00,Cantanhede,0602,25.87,0.33,25.50,26.77,25.57,25.77,26.09,19.19,0.18,18.97,20.31,19.11,19.15,19.21,12.76,0.42,11.87,15.26,12.52,12.66,12.90
2026-09-29 00:00:00+00:00,Cantanhede,0602,28.10,0.33,27.70,28.92,27.80,28.03,28.34,23.04,0.18,22.75,23.80,22.93,23.02,23.11,17.18,0.33,16.70,18.47,16.91,17.15,17.44
2026-09-10 00:00:00+00:00,Coimbra,0603,29.35,0.41,28.20,30.00,29.18,29.46,29.64,20.31,0.32,19.50,21.00,20.07,20.27,20.55,13.96,0.35,12.31,14.50,13.82,14.00,14.20
2026-09-11 00:00:00+00:00,Coimbra,0603,31.88,0.43,30.80,32.65,31.66,31.94,32.18,21.97,0.37,21.28,22.80,21.69,21.90,22.24,14.01,0.23,13.28,14.60,13.86,13.95,14.15
2026-09-12 00:00:00+00:00,Coimbra,0603,36.74,0.47,35.60,37.70,36.49,36.80,37.05,26.19,0.31,24.83,26.80,26.08,26.15,26.38,17.03,0.44,15.56,17.80,16.75,17.10,17.36
2026-09-13 00:00:00+00:00,Coimbra,0603,37.75,0.47,36.50,38.60,37.59,37.84,38.05,28.34,0.37,26.49,28.80,28.23,28.40,28.59,21.45,0.81,17.65,22.60,21.18,21.50,22.02
2026-09-14 00:00:00+00:00,Coimbra,0603,36.28,0.84,34.00,37.59,35.78,36.45,36.97,25.88,0.57,23.23,26.93,25.64,26.09,26.22,16.83,0.97,13.77,18.76,16.54,16.91,17.41
2026-09-15 00:00:00+00:00,Coimbra,0603,26.91,0.70,24.86,28.10,26.47,27.07,27.43,20.10,0.58,18.10,21.10,19.96,20.16,20.39,16.75,0.57,14.92,17.90,16.67,16.83,16.99
2026-09-16 00:00:00+00:00,Coimbra,0603,26.95,0.72,24.80,28.22,26.59,27.03,27.48,19.73,0.58,17.90,20.70,19.55,19.81,20.09,15.03,0.65,13.01,16.10,14.84,15.21,15.38
2026-09-17 00:00:00+00:00,Coimbra,0603,27.80,0.61,25.90,28.60,27.48,27.91,28.25,20.14,0.57,18.30,21.00,19.95,20.23,20.52,14.59,1.12,11.60,16.20,14.35,14.88,15.30
2026-09-18 00:00:00+00:00,Coimbra,0603,29.96,0.76,27.90,31.40,29.55,30.09,30.48,20.00,0.63,18.11,21.10,19.81,20.07,20.38,12.03,0.79,9.00,13.20,11.68,12.32,12.49
2026-09-19 00:00:00+00:00,Coimbra,0603,34.70,0.64,33.10,36.00,34.34,34.78,35.13,24.74,0.81,21.58,25.90,24.41,25.00,25.23,17.35,1.17,11.49,19.00,17.08,17.50,18.05
2026-09-20 00:00:00+00:00,Coimbra,0603,36.16,0.64,34.30,37.20,35.82,36.24,36.63,27.06,0.62,24.35,27.70,26.75,27.29,27.49,20.13,1.08,14.81,22.00,19.93,20.35,20.80
2026-09-21 00:00:00+00:00,Coimbra,0603,36.64,0.67,35.00,37.90,36.18,36.70,37.12,26.92,0.63,24.36,27.90,26.65,27.01,27.37,20.31,1.03,15.77,21.30,19.81,20.72,21.07
2026-09-22 00:00:00+00:00,Coimbra,0603,36.83,0.52,35.59,37.70,36.42,36.90,37.27,26.24,0.68,23.53,27.15,26.01,26.42,26.70,17.82,1.12,12.59,19.69,17.46,18.12,18.61
2026-09-23 00:00:00+00:00,Coimbra,0603,34.49,0.76,31.79,35.70,33.92,34.65,35.09,22.55,0.66,20.32,25.04,22.26,22.40,23.01,13.56,0.71,11.82,17.63,13.14,13.35,13.94
2026-09-24 00:00:00+00:00,Coimbra,0603,32.39,0.70,30.90,33.50,31.89,32.52,32.94,21.04,0.39,20.18,21.90,20.72,20.95,21.34,14.05,0.71,11.52,16.58,13.63,14.10,14.43
2026-09-25 00:00:00+00:00,Coimbra,0603,28.11,0.44,27.10,29.00,27.85,28.13,28.40,19.27,0.33,18.70,20.00,19.02,19.24,19.53,14.54,0.37,13.70,15.40,14.25,14.48,14.80
2026-09-26 00:00:00+00:00,Coimbra,0603,32.14,0.49,30.73,33.01,31.74,32.18,32.52,20.90,0.26,20.07,21.50,20.72,20.83,21.10,12.95,0.33,12.11,13.79,12.72,12.96,13.11
2026-09-27 00:00:00+00:00,Coimbra,0603,28.64,0.32,27.80,29.20,28.49,28.71,28.85,20.73,0.28,20.20,21.30,20.54,20.71,20.95,15.90,0.25,15.50,16.50,15.71,15.84,16.07
2026-09-28 00:00:00+00:00,Coimbra,0603,25.67,0.55,23.80,26.55,25.48,25.71,26.03,20.37,0.53,18.90,21.20,20.25,20.51,20.66,15.47,0.76,12.98,16.50,15.19,15.79,15.92
2026-09-29 00:00:00+00:00,Coimbra,0603,27.83,0.26,26.77,28.32,27.74,27.87,27.97,23.33,0.39,21.90,23.70,23.30,23.43,23.57,18.64,0.77,16.50,19.90,18.42,18.78,19.13
2026-09-10 00:00:00+00:00,Condeixa-a-Nova,0604,28.82,0.20,28.31,29.34,28.72,28.80,28.94,19.95,0.06,19.83,20.11,19.91,19.93,19.97,14.00,0.20,13.58,14.37,13.84,14.02,14.16
2026-09-11 00:00:00+00:00,Condeixa-a-Nova,0604,31.37,0.19,30.90,31.87,31.26,31.33,31.48,21.60,0.09,21.43,21.84,21.54,21.58,21.67,13.83,0.03,13.74,13.90,13.81,13.83,13.84
2026-09-12 00:00:00+00:00,Condeixa-a-Nova,0604,36.12,0.15,35.70,36.49,36.03,36.11,36.22,26.05,0.14,25.55,26.27,26.00,26.09,26.13,17.29,0.18,16.66,17.64,17.22,17.33,17.40
2026-09-13 00:00:00+00:00,Condeixa-a-Nova,0604,37.17,0.21,36.61,37.67,37.05,37.18,37.30,28.10,0.16,27.48,28.29,28.05,28.16,28.22,21.83,0.38,20.80,22.55,21.53,21.85,22.15
2026-09-14 00:00:00+00:00,Condeixa-a-Nova,0604,36.28,0.45,35.60,37.80,35.95,36.12,36.53,25.77,0.24,24.93,26.10,25.62,25.80,25.97,16.52,0.35,14.97,16.89,16.41,16.60,16.77
2026-09-15 00:00:00+00:00,Condeixa-a-Nova,0604,26.78,0.36,26.11,27.92,26.54,26.67,26.97,19.94,0.10,19.55,20.06,19.91,19.97,19.99,16.19,0.60,13.95,16.81,15.94,16.38,16.62
2026-09-16 00:00:00+00:00,Condeixa-a-Nova,0604,27.21,0.59,26.46,29.32,26.78,27.01,27.49,19.85,0.22,19.53,20.63,19.70,19.78,19.95,15.03,0.19,14.34,15.21,14.95,15.10,15.16
2026-09-17 00:00:00+00:00,Condeixa-a-Nova,0604,27.74,0.26,27.27,28.59,27.57,27.66,27.88,20.06,0.07,19.94,20.26,20.02,20.05,20.10,14.53,0.28,13.57,14.86,14.39,14.60,14.75
2026-09-18 00:00:00+00:00,Condeixa-a-Nova,0604,29.80,0.29,29.21,30.67,29.61,29.72,29.98,19.86,0.07,19.58,20.02,19.83,19.87,19.90,11.89,0.47,10.18,12.49,11.68,11.99,12.24
2026-09-19 00:00:00+00:00,Condeixa-a-Nova,0604,34.41,0.10,34.08,34.60,34.35,34.40,34.49,24.45,0.44,22.81,25.01,24.22,24.55,24.81,17.18,1.13,13.38,18.91,16.64,17.35,18.07
2026-09-20 00:00:00+00:00,Condeixa-a-Nova,0604,36.04,0.30,35.48,37.08,35.84,35.99,36.18,26.81,0.41,25.30,27.31,26.61,26.89,27.13,19.63,1.09,15.68,21.15,19.14,19.81,20.46
2026-09-21 00:00:00+00:00,Condeixa-a-Nova,0604,36.28,0.27,35.69,37.05,36.10,36.25,36.44,26.52,0.36,25.18,26.95,26.33,26.60,26.81,19.73,1.05,15.85,21.08,19.28,19.93,20.52
2026-09-22 00:00:00+00:00,Condeixa-a-Nova,0604,36.55,0.30,35.99,37.48,36.35,36.46,36.72,26.06,0.30,24.89,26.41,25.91,26.11,26.30,17.27,0.77,14.17,18.14,16.98,17.43,17.83
2026-09-23 00:00:00+00:00,Condeixa-a-Nova,0604,34.19,0.53,33.35,35.82,33.81,34.02,34.50,22.54,0.21,22.12,23.07,22.36,22.50,22.71,13.33,0.19,12.63,13.76,13.21,13.31,13.45
2026-09-24 00:00:00+00:00,Condeixa-a-Nova,0604,31.45,0.31,30.74,32.31,31.25,31.39,31.64,20.86,0.24,20.49,21.69,20.68,20.79,20.99,13.89,0.29,12.64,14.26,13.79,13.96,14.08
2026-09-25 00:00:00+00:00,Condeixa-a-Nova,0604,27.61,0.20,27.19,28.16,27.49,27.56,27.75,18.91,0.08,18.73,19.13,18.85,18.89,18.96,14.06,0.08,13.84,14.25,14.02,14.08,14.11
2026-09-26 00:00:00+00:00,Condeixa-a-Nova,0604,31.65,0.20,31.26,32.25,31.51,31.61,31.78,20.78,0.10,20.54,21.10,20.72,20.76,20.83,12.97,0.06,12.78,13.07,12.94,12.99,13.02
2026-09-27 00:00:00+00:00,Condeixa-a-Nova,0604,28.23,0.15,27.87,28.61,28.15,28.20,28.33,20.45,0.11,20.23,20.74,20.38,20.44,20.52,15.67,0.09,15.52,15.96,15.61,15.64,15.71
2026-09-28 00:00:00+00:00,Condeixa-a-Nova,0604,25.79,0.35,25.24,26.86,25.53,25.72,26.01,20.39,0.09,20.09,20.53,20.32,20.40,20.47,15.44,0.33,14.30,15.89,15.27,15.49,15.70
2026-09-29 00:00:00+00:00,Condeixa-a-Nova,0604,28.08,0.23,27.82,29.00,27.93,28.00,28.17,23.41,0.09,23.29,23.78,23.35,23.37,23.44,19.10,0.28,18.79,20.10,18.89,19.01,19.23
2026-09-10 00:00:00+00:00,Figueira da Foz,0605,27.16,0.19,26.18,27.65,27.11,27.15,27.22,18.84,0.08,18.46,19.07,18.81,18.83,18.87,11.17,0.17,10.54,11.65,11.04,11.14,11.26
2026-09-11 00:00:00+00:00,Figueira da Foz,0605,29.12,0.27,27.66,29.76,29.10,29.13,29.21,20.17,0.09,19.82,20.48,20.12,20.16,20.21,13.44,0.11,12.92,13.54,13.45,13.49,13.50
2026-09-12 00:00:00+00:00,Figueira da Foz,0605,33.33,0.30,33.00,34.22,33.08,33.23,33.50,22.17,0.32,21.80,23.07,21.89,22.10,22.41,12.92,0.33,12.50,13.81,12.62,12.86,13.17
2026-09-13 00:00:00+00:00,Figueira da Foz,0605,35.94,0.32,35.60,36.76,35.68,35.85,36.12,22.83,0.54,22.20,24.28,22.36,22.70,23.24,14.61,0.43,14.01,15.95,14.25,14.55,14.85
2026-09-14 00:00:00+00:00,Figueira da Foz,0605,31.97,0.55,31.30,33.40,31.48,31.84,32.40,21.50,0.49,20.90,22.68,21.06,21.39,21.92,13.19,0.24,12.84,13.94,12.98,13.15,13.35
2026-09-15 00:00:00+00:00,Figueira da Foz,0605,23.90,0.32,23.50,24.71,23.61,23.84,24.16,20.07,0.03,19.96,20.10,20.05,20.08,20.09,16.07,0.30,15.80,17.18,15.84,15.96,16.16
2026-09-16 00:00:00+00:00,Figueira da Foz,0605,24.09,0.33,23.70,25.00,23.80,23.99,24.34,19.45,0.08,19.21,19.53,19.43,19.48,19.50,16.32,0.45,14.91,16.80,16.06,16.45,16.70
2026-09-17 00:00:00+00:00,Figueira da Foz,0605,26.01,0.20,25.80,26.59,25.84,25.93,26.15,19.35,0.10,18.87,19.54,19.32,19.39,19.40,13.57,0.54,11.56,14.00,13.46,13.79,13.94
2026-09-18 00:00:00+00:00,Figueira da Foz,0605,26.94,0.30,26.60,27.85,26.69,26.85,27.12,19.21,0.23,18.41,19.40,19.14,19.31,19.38,10.93,0.37,9.70,11.20,10.83,11.11,11.17
2026-09-19 00:00:00+00:00,Figueira da Foz,0605,32.15,0.31,31.80,32.89,31.89,32.05,32.41,21.05,0.21,20.74,21.71,20.87,20.99,21.17,11.51,0.29,10.68,12.52,11.28,11.46,11.66
2026-09-20 00:00:00+00:00,Figueira da Foz,0605,36.45,0.15,36.05,36.60,36.37,36.50,36.57,24.08,0.16,23.65,24.59,23.95,24.05,24.17,13.83,0.42,13.30,14.95,13.45,13.77,14.15
2026-09-21 00:00:00+00:00,Figueira da Foz,0605,35.35,0.24,35.10,35.99,35.15,35.28,35.49,22.86,0.46,22.30,23.97,22.44,22.74,23.23,14.79,0.39,14.30,15.80,14.44,14.73,15.10
2026-09-22 00:00:00+00:00,Figueira da Foz,0605,33.91,0.45,33.40,35.05,33.52,33.79,34.22,22.55,0.28,22.20,23.33,22.31,22.51,22.75,12.23,0.33,11.80,13.23,11.92,12.20,12.46
2026-09-23 00:00:00+00:00,Figueira da Foz,0605,25.40,1.47,23.70,29.26,24.11,25.01,26.55,18.30,0.52,17.70,19.60,17.85,18.17,18.71,14.30,0.28,13.56,14.60,14.15,14.38,14.54
2026-09-24 00:00:00+00:00,Figueira da Foz,0605,24.52,0.52,23.89,26.09,24.08,24.43,24.84,17.70,0.24,17.40,18.38,17.49,17.66,17.86,13.60,0.33,12.57,13.90,13.49,13.72,13.85
2026-09-25 00:00:00+00:00,Figueira da Foz,0605,24.40,0.27,23.76,25.26,24.18,24.35,24.54,17.87,0.08,17.56,18.11,17.82,17.86,17.92,11.87,0.16,11.40,12.35,11.75,11.85,11.96
2026-09-26 00:00:00+00:00,Figueira da Foz,0605,28.00,0.25,27.56,28.76,27.78,27.94,28.14,18.82,0.13,18.34,19.22,18.73,18.79,18.89,11.71,0.13,10.99,11.95,11.70,11.72,11.77
2026-09-27 00:00:00+00:00,Figueira da Foz,0605,26.33,0.19,26.10,26.90,26.17,26.29,26.44,19.91,0.07,19.56,20.06,19.90,19.91,19.93,14.81,0.12,14.17,15.04,14.80,14.82,14.86
2026-09-28 00:00:00+00:00,Figueira da Foz,0605,25.16,0.27,24.90,26.06,24.95,25.07,25.28,18.75,0.20,18.50,19.21,18.56,18.70,18.91,13.62,0.13,13.07,14.01,13.60,13.62,13.68
2026-09-29 00:00:00+00:00,Figueira da Foz,0605,28.13,0.05,28.07,28.42,28.10,28.10,28.12,22.79,0.07,22.70,22.98,22.72,22.78,22.85,18.05,0.14,17.62,18.37,18.03,18.10,18.12
2026-09-10 00:00:00+00:00,Góis,0606,28.97,1.30,26.16,30.90,28.28,29.23,29.94,19.90,0.54,18.73,20.65,19.60,20.05,20.29,13.11,0.17,12.75,13.58,12.97,13.13,13.24
2026-09-11 00:00:00+00:00,Góis,0606,32.29,0.88,30.44,33.73,31.80,32.45,32.93,22.69,0.17,22.40,23.05,22.57,22.71,22.80,14.47,0.56,13.66,15.67,14.01,14.38,14.84
2026-09-12 00:00:00+00:00,Góis,0606,35.17,1.51,31.87,37.27,34.38,35.50,36.32,26.27,0.28,25.71,26.69,26.09,26.34,26.50,18.39,0.89,17.06,20.36,17.69,18.23,18.96
2026-09-13 00:00:00+00:00,Góis,0606,36.96,1.31,34.15,38.93,36.21,37.22,37.97,27.59,0.25,27.10,28.05,27.41,27.64,27.79,20.38,0.80,19.12,22.06,19.74,20.37,20.86
2026-09-14 00:00:00+00:00,Góis,0606,36.44,0.96,33.81,37.67,36.05,36.78,37.14,26.30,0.23,25.85,27.24,26.15,26.25,26.40,18.09,0.68,16.81,20.25,17.68,17.95,18.34
2026-09-15 00:00:00+00:00,Góis,0606,27.85,0.37,26.78,28.59,27.70,27.92,28.10,20.06,0.30,19.08,20.86,19.96,20.05,20.18,14.23,0.39,13.26,15.24,14.00,14.32,14.43
2026-09-16 00:00:00+00:00,Góis,0606,27.80,1.07,24.76,29.49,27.38,28.08,28.57,19.65,0.75,17.60,20.93,19.34,19.80,20.20,14.29,0.43,13.43,15.25,14.04,14.36,14.56
2026-09-17 00:00:00+00:00,Góis,0606,26.62,1.43,22.67,28.65,26.06,27.04,27.62,18.70,0.97,16.20,20.22,18.31,18.93,19.42,12.40,1.24,9.58,14.48,11.78,12.75,13.26
2026-09-18 00:00:00+00:00,Góis,0606,29.81,1.01,27.02,31.34,29.42,30.13,30.49,19.97,0.26,19.46,20.58,19.82,20.02,20.11,11.37,0.28,10.78,12.33,11.21,11.31,11.48
2026-09-19 00:00:00+00:00,Góis,0606,33.44,1.05,30.71,35.26,33.04,33.67,34.18,23.63,0.53,22.53,24.85,23.35,23.60,23.95,16.41,0.81,14.86,19.25,15.85,16.29,16.69
2026-09-20 00:00:00+00:00,Góis,0606,34.46,1.25,31.23,36.44,33.94,34.69,35.41,25.80,0.56,24.63,26.94,25.50,25.84,26.18,18.52,0.62,17.23,21.10,18.13,18.42,18.70
2026-09-21 00:00:00+00:00,Góis,0606,35.45,1.45,31.56,37.52,34.80,35.87,36.47,25.73,0.49,24.70,26.77,25.46,25.74,26.04,18.37,0.54,17.22,20.17,18.02,18.29,18.56
2026-09-22 00:00:00+00:00,Góis,0606,36.22,1.01,33.42,37.76,35.82,36.50,36.94,26.32,0.25,25.82,27.32,26.17,26.28,26.43,18.49,1.18,16.44,22.25,17.72,18.18,18.94
2026-09-23 00:00:00+00:00,Góis,0606,35.79,0.65,33.90,36.92,35.53,35.95,36.19,25.24,0.44,24.43,26.53,24.95,25.15,25.41,17.55,1.53,15.20,22.15,16.46,17.15,18.22
2026-09-24 00:00:00+00:00,Góis,0606,33.41,0.72,31.93,34.59,32.99,33.57,33.92,23.50,0.40,22.81,24.29,23.13,23.45,23.77,16.02,0.93,14.45,18.83,15.37,15.80,16.41
2026-09-25 00:00:00+00:00,Góis,0606,29.01,0.54,27.83,29.84,28.73,29.16,29.39,20.65,0.33,20.17,21.30,20.34,20.59,20.90,14.76,0.60,13.84,15.98,14.27,14.64,15.17
2026-09-26 00:00:00+00:00,Góis,0606,32.44,0.98,30.43,33.97,31.87,32.62,33.16,22.16,0.23,21.75,22.60,21.94,22.13,22.35,14.75,1.09,13.26,17.06,13.90,14.53,15.42
2026-09-27 00:00:00+00:00,Góis,0606,28.20,1.09,25.85,29.72,27.62,28.47,29.01,21.01,0.46,20.02,21.66,20.73,21.16,21.35,15.41,0.33,14.72,16.30,15.24,15.49,15.57
2026-09-28 00:00:00+00:00,Góis,0606,26.29,0.71,24.47,27.33,25.98,26.46,26.80,19.77,0.65,18.16,20.82,19.50,19.94,20.21,14.29,0.29,13.65,14.80,14.15,14.37,14.47
2026-09-29 00:00:00+00:00,Góis,0606,26.59,1.24,23.33,28.53,26.09,26.86,27.53,21.73,1.45,17.77,24.02,21.15,22.14,22.74,18.67,1.40,14.95,21.19,18.07,19.00,19.61
2026-09-10 00:00:00+00:00,Lousã,0607,31.10,0.16,30.66,31.30,30.99,31.12,31.24,20.73,0.06,20.56,20.80,20.70,20.75,20.78,12.86,0.05,12.80,13.07,12.82,12.84,12.89
2026-09-11 00:00:00+00:00,Lousã,0607,33.89,0.16,33.45,34.10,33.78,33.92,34.04,23.10,0.08,22.89,23.20,23.06,23.12,23.17,13.64,0.03,13.60,13.74,13.61,13.63,13.66
2026-09-12 00:00:00+00:00,Lousã,0607,37.47,0.12,37.14,37.60,37.39,37.50,37.56,26.74,0.05,26.57,26.80,26.71,26.75,26.78,17.13,0.04,17.08,17.28,17.10,17.11,17.14
2026-09-13 00:00:00+00:00,Lousã,0607,39.12,0.14,38.73,39.30,39.03,39.15,39.25,27.90,0.03,27.79,28.01,27.89,27.90,27.91,19.07,0.14,18.90,19.49,18.95,19.03,19.13
2026-09-14 00:00:00+00:00,Lousã,0607,37.79,0.21,37.15,38.08,37.72,37.87,37.94,26.53,0.37,25.53,27.62,26.36,26.50,26.65,17.95,0.69,16.08,19.94,17.66,17.91,18.18
2026-09-15 00:00:00+00:00,Lousã,0607,28.69,0.43,27.26,29.20,28.60,28.77,28.99,20.32,0.41,18.97,20.80,20.16,20.40,20.61,15.39,0.66,13.32,16.20,15.06,15.51,15.91
2026-09-16 00:00:00+00:00,Lousã,0607,29.61,0.76,27.03,30.40,29.53,29.85,30.09,21.03,0.63,18.89,21.70,20.93,21.19,21.44,15.37,0.52,13.71,16.00,15.14,15.46,15.75
2026-09-17 00:00:00+00:00,Lousã,0607,28.81,0.65,26.60,29.50,28.71,28.97,29.24,20.33,0.56,18.40,20.90,20.25,20.48,20.69,14.74,0.61,12.84,15.50,14.45,14.87,15.22
2026-09-18 00:00:00+00:00,Lousã,0607,31.52,0.47,29.99,32.10,31.33,31.59,31.86,20.67,0.24,20.09,21.00,20.49,20.72,20.88,11.34,0.30,10.43,12.16,11.22,11.31,11.45
2026-09-19 00:00:00+00:00,Lousã,0607,35.43,0.76,32.88,36.30,35.18,35.59,35.96,24.63,0.34,23.41,25.19,24.51,24.75,24.81,15.80,1.28,13.82,20.13,15.08,15.28,16.11
2026-09-20 00:00:00+00:00,Lousã,0607,36.53,0.85,33.62,37.30,36.41,36.87,37.06,26.83,0.28,25.78,27.25,26.74,26.95,27.00,18.33,1.09,16.13,21.89,17.81,17.99,18.64
2026-09-21 00:00:00+00:00,Lousã,0607,37.74,0.46,36.25,38.30,37.57,37.84,38.09,26.65,0.27,25.66,27.05,26.56,26.75,26.80,18.42,0.81,16.30,20.81,18.11,18.27,18.70
2026-09-22 00:00:00+00:00,Lousã,0607,37.89,0.56,35.98,38.50,37.80,38.02,38.27,26.54,0.40,25.43,27.70,26.37,26.51,26.67,17.61,1.10,15.16,21.10,17.13,17.33,17.94
2026-09-23 00:00:00+00:00,Lousã,0607,37.09,0.47,35.63,37.70,36.89,37.15,37.43,25.08,0.48,24.06,26.61,24.86,25.01,25.23,15.87,1.35,13.89,20.53,15.13,15.35,16.22
2026-09-24 00:00:00+00:00,Lousã,0607,34.71,0.15,34.30,34.90,34.62,34.74,34.84,23.01,0.08,22.69,23.10,22.97,23.03,23.07,15.17,0.93,13.62,18.32,14.71,14.84,15.42
2026-09-25 00:00:00+00:00,Lousã,0607,29.94,0.13,29.62,30.10,29.86,29.96,30.05,20.25,0.05,20.10,20.30,20.22,20.26,20.28,13.77,0.05,13.70,13.95,13.72,13.76,13.81
2026-09-26 00:00:00+00:00,Lousã,0607,34.12,0.14,33.74,34.30,34.03,34.15,34.25,21.85,0.04,21.71,21.90,21.84,21.87,21.88,13.14,0.05,13.10,13.28,13.11,13.12,13.17
2026-09-27 00:00:00+00:00,Lousã,0607,29.86,0.11,29.56,30.00,29.78,29.88,29.96,21.72,0.06,21.54,21.80,21.68,21.73,21.78,15.53,0.03,15.50,15.64,15.51,15.52,15.54
2026-09-28 00:00:00+00:00,Lousã,0607,27.49,0.22,26.86,27.80,27.35,27.51,27.66,20.95,0.26,20.24,21.30,20.77,20.99,21.17,14.68,0.12,14.25,14.93,14.65,14.70,14.73
2026-09-29 00:00:00+00:00,Lousã,0607,28.63,0.81,25.85,29.40,28.53,28.95,29.13,24.20,0.83,21.37,25.10,24.07,24.41,24.76,21.48,1.04,18.04,22.70,21.19,21.67,22.22
2026-09-10 00:00:00+00:00,Mira,0608,24.62,0.15,24.50,25.30,24.52,24.56,24.67,17.85,0.06,17.80,18.11,17.81,17.83,17.87,9.24,0.14,9.10,9.78,9.13,9.20,9.30
2026-09-11 00:00:00+00:00,Mira,0608,25.56,0.19,25.40,26.45,25.43,25.48,25.62,19.16,0.07,19.10,19.46,19.11,19.13,19.18,12.35,0.06,12.30,12.56,12.31,12.34,12.38
2026-09-12 00:00:00+00:00,Mira,0608,32.37,0.11,32.21,32.89,32.30,32.32,32.40,21.58,0.10,21.50,22.04,21.52,21.55,21.62,11.84,0.14,11.70,12.43,11.73,11.79,11.91
2026-09-13 00:00:00+00:00,Mira,0608,37.05,0.05,36.76,37.10,37.04,37.07,37.09,22.70,0.11,22.60,23.23,22.62,22.65,22.74,11.90,0.22,11.70,12.86,11.74,11.82,12.00
2026-09-14 00:00:00+00:00,Mira,0608,31.04,0.30,30.80,32.38,30.84,30.92,31.12,21.06,0.19,20.90,21.90,20.93,21.00,21.14,11.33,0.25,11.10,12.34,11.14,11.23,11.44
2026-09-15 00:00:00+00:00,Mira,0608,23.14,0.16,23.00,23.82,23.02,23.08,23.19,20.17,0.03,20.02,20.20,20.16,20.18,20.20,18.18,0.15,17.54,18.30,18.14,18.24,18.28
2026-09-16 00:00:00+00:00,Mira,0608,22.91,0.26,22.70,24.08,22.73,22.80,22.98,19.10,0.01,19.07,19.11,19.10,19.10,19.10,16.50,0.27,15.27,16.70,16.45,16.60,16.67
2026-09-17 00:00:00+00:00,Mira,0608,25.22,0.17,25.10,25.98,25.12,25.15,25.27,18.11,0.13,18.00,18.65,18.02,18.06,18.16,9.63,0.24,9.40,10.60,9.45,9.54,9.76
2026-09-18 00:00:00+00:00,Mira,0608,25.05,0.32,24.80,26.44,24.84,24.92,25.14,17.84,0.04,17.80,17.96,17.81,17.82,17.86,8.78,0.07,8.70,9.04,8.72,8.76,8.83
2026-09-19 00:00:00+00:00,Mira,0608,32.06,0.09,31.90,32.45,32.00,32.02,32.09,19.47,0.20,19.30,20.30,19.33,19.40,19.54,8.40,0.32,8.10,9.68,8.16,8.27,8.52
2026-09-20 00:00:00+00:00,Mira,0608,36.33,0.07,36.07,36.40,36.30,36.36,36.39,22.54,0.16,22.40,23.23,22.42,22.48,22.59,11.95,0.27,11.70,13.06,11.75,11.84,12.05
2026-09-21 00:00:00+00:00,Mira,0608,36.35,0.06,36.09,36.40,36.33,36.37,36.39,22.73,0.15,22.60,23.37,22.62,22.68,22.79,13.23,0.25,13.00,14.24,13.04,13.13,13.33
2026-09-22 00:00:00+00:00,Mira,0608,34.53,0.09,34.27,34.90,34.50,34.51,34.56,21.26,0.20,21.10,22.14,21.13,21.18,21.33,10.15,0.26,9.90,11.15,9.95,10.05,10.27
2026-09-23 00:00:00+00:00,Mira,0608,24.70,0.64,24.20,27.50,24.28,24.45,24.87,17.87,0.22,17.70,18.82,17.73,17.79,17.93,13.57,0.04,13.39,13.60,13.57,13.59,13.60
2026-09-24 00:00:00+00:00,Mira,0608,21.42,0.27,21.20,22.68,21.24,21.32,21.50,16.59,0.10,16.50,17.07,16.52,16.55,16.62,12.47,0.07,12.12,12.55,12.47,12.50,12.50
2026-09-25 00:00:00+00:00,Mira,0608,22.14,0.17,22.00,22.92,22.02,22.07,22.19,16.95,0.06,16.90,17.23,16.91,16.93,16.97,10.22,0.13,10.10,10.74,10.13,10.18,10.29
2026-09-26 00:00:00+00:00,Mira,0608,26.47,0.11,26.30,26.98,26.40,26.42,26.50,17.47,0.08,17.40,17.83,17.41,17.44,17.50,9.99,0.09,9.90,10.37,9.92,9.96,10.04
2026-09-27 00:00:00+00:00,Mira,0608,25.46,0.09,25.40,25.87,25.41,25.43,25.49,19.13,0.04,19.10,19.30,19.10,19.12,19.14,13.29,0.09,13.20,13.64,13.22,13.26,13.33
2026-09-28 00:00:00+00:00,Mira,0608,26.89,0.13,26.34,27.00,26.84,26.94,26.98,18.94,0.04,18.90,19.08,18.91,18.92,18.96,12.29,0.09,12.20,12.59,12.22,12.27,12.35
2026-09-29 00:00:00+00:00,Mira,0608,29.01,0.11,28.52,29.10,28.97,29.05,29.09,22.72,0.03,22.70,22.87,22.70,22.71,22.73,17.57,0.04,17.38,17.60,17.57,17.59,17.60
2026-09-10 00:00:00+00:00,Miranda do Corvo,0609,30.16,0.44,29.21,31.10,29.82,30.16,30.51,20.48,0.15,20.15,20.75,20.36,20.50,20.61,13.41,0.30,12.90,14.13,13.16,13.35,13.64
2026-09-11 00:00:00+00:00,Miranda do Corvo,0609,32.83,0.49,31.79,33.88,32.45,32.84,33.23,22.53,0.28,21.90,23.10,22.34,22.52,22.75,13.82,0.12,13.64,14.24,13.75,13.79,13.87
2026-09-12 00:00:00+00:00,Miranda do Corvo,0609,37.05,0.23,36.48,37.51,36.91,37.07,37.20,26.52,0.12,26.24,26.75,26.44,26.53,26.62,17.24,0.08,17.11,17.51,17.17,17.22,17.28
2026-09-13 00:00:00+00:00,Miranda do Corvo,0609,38.38,0.36,37.54,39.14,38.11,38.37,38.65,28.14,0.13,27.94,28.58,28.03,28.12,28.21,20.33,0.62,19.11,21.60,19.81,20.32,20.81
2026-09-14 00:00:00+00:00,Miranda do Corvo,0609,37.92,0.63,36.96,38.98,37.38,37.84,38.47,25.36,0.96,23.74,26.87,24.46,25.41,26.30,15.76,1.84,12.67,18.61,14.05,15.85,17.56
2026-09-15 00:00:00+00:00,Miranda do Corvo,0609,28.28,0.44,27.48,28.88,27.87,28.37,28.67,19.82,0.37,19.21,20.53,19.48,19.84,20.16,14.35,1.42,11.95,16.97,13.04,14.57,15.58
2026-09-16 00:00:00+00:00,Miranda do Corvo,0609,29.47,1.03,27.70,31.06,28.59,29.52,30.35,20.81,0.41,19.81,21.38,20.46,20.88,21.15,14.64,0.54,13.72,15.62,14.13,14.72,15.13
2026-09-17 00:00:00+00:00,Miranda do Corvo,0609,28.67,0.37,27.65,29.19,28.35,28.74,28.97,20.36,0.18,19.60,20.59,20.30,20.39,20.48,13.99,0.71,12.82,15.38,13.32,14.06,14.65
2026-09-18 00:00:00+00:00,Miranda do Corvo,0609,30.99,0.26,30.36,31.68,30.75,31.06,31.18,19.96,0.46,19.21,20.79,19.54,19.97,20.40,10.53,1.20,8.54,12.58,9.42,10.58,11.57
2026-09-19 00:00:00+00:00,Miranda do Corvo,0609,34.84,0.27,34.32,35.75,34.62,34.81,35.01,23.35,1.37,21.05,25.36,22.08,23.48,24.72,14.12,2.50,9.99,18.16,11.81,14.23,16.32
2026-09-20 00:00:00+00:00,Miranda do Corvo,0609,37.03,0.69,35.35,38.17,36.49,36.98,37.64,25.74,1.18,23.74,27.43,24.64,25.89,26.93,16.33,2.81,11.61,20.47,13.73,16.45,18.85
2026-09-21 00:00:00+00:00,Miranda do Corvo,0609,37.39,0.21,36.84,37.93,37.20,37.44,37.55,25.65,1.14,23.74,27.41,24.59,25.76,26.76,16.49,2.79,11.80,20.77,13.91,16.63,18.95
2026-09-22 00:00:00+00:00,Miranda do Corvo,0609,37.66,0.33,36.84,38.09,37.38,37.75,37.94,25.32,1.17,23.34,27.02,24.23,25.35,26.47,15.04,2.75,10.41,19.24,12.51,15.29,17.69
2026-09-23 00:00:00+00:00,Miranda do Corvo,0609,36.27,0.52,35.17,37.20,35.83,36.46,36.73,23.58,0.70,22.62,25.27,22.97,23.44,23.99,13.44,1.74,10.67,17.28,11.97,13.40,14.86
2026-09-24 00:00:00+00:00,Miranda do Corvo,0609,33.54,0.58,32.19,34.69,33.11,33.58,34.02,22.18,0.45,21.22,22.95,21.82,22.25,22.56,13.41,1.46,11.05,16.25,12.08,13.40,14.71
2026-09-25 00:00:00+00:00,Miranda do Corvo,0609,29.00,0.44,28.04,29.91,28.66,29.03,29.37,19.74,0.25,19.18,20.22,19.58,19.74,19.94,14.10,0.23,13.78,14.87,13.92,14.04,14.21
2026-09-26 00:00:00+00:00,Miranda do Corvo,0609,33.16,0.47,32.14,34.12,32.81,33.18,33.54,21.44,0.21,20.98,21.83,21.29,21.48,21.61,13.13,0.05,13.04,13.28,13.10,13.12,13.15
2026-09-27 00:00:00+00:00,Miranda do Corvo,0609,29.21,0.30,28.54,29.86,28.98,29.22,29.46,21.24,0.24,20.69,21.71,21.06,21.25,21.43,15.76,0.11,15.54,16.13,15.68,15.77,15.82
2026-09-28 00:00:00+00:00,Miranda do Corvo,0609,27.01,0.35,26.25,27.53,26.72,27.16,27.32,20.34,0.38,19.71,21.08,20.00,20.38,20.70,14.42,0.74,13.23,15.95,13.76,14.51,14.99
2026-09-29 00:00:00+00:00,Miranda do Corvo,0609,28.86,0.73,27.19,29.97,28.31,28.90,29.48,23.96,0.36,22.78,24.52,23.73,24.07,24.25,20.54,0.60,19.18,21.83,20.05,20.73,21.01
2026-09-10 00:00:00+00:00,Montemor-o-Velho,0610,28.23,0.61,26.89,29.22,27.74,28.24,28.81,19.45,0.38,18.75,20.11,19.13,19.41,19.80,12.48,0.84,11.03,14.08,11.79,12.39,13.22
2026-09-11 00:00:00+00:00,Montemor-o-Velho,0610,30.45,0.78,28.61,31.70,29.82,30.44,31.19,20.95,0.46,20.11,21.72,20.56,20.91,21.38,13.61,0.17,13.11,13.89,13.51,13.59,13.75
2026-09-12 00:00:00+00:00,Montemor-o-Velho,0610,35.13,0.93,33.04,36.54,34.44,35.21,35.99,24.18,1.14,21.84,26.01,23.30,24.13,25.18,15.01,1.21,12.55,17.21,14.05,14.96,16.07
2026-09-13 00:00:00+00:00,Montemor-o-Velho,0610,36.92,0.50,35.63,37.59,36.63,37.04,37.31,25.64,1.59,22.26,28.18,24.47,25.65,27.00,18.05,2.11,14.17,21.98,16.34,17.82,19.91
2026-09-14 00:00:00+00:00,Montemor-o-Velho,0610,34.23,1.16,31.37,36.19,33.55,34.29,35.06,23.52,1.15,20.96,25.89,22.83,23.34,24.32,14.56,0.96,12.94,16.74,13.87,14.29,15.18
2026-09-15 00:00:00+00:00,Montemor-o-Velho,0610,25.31,0.80,23.55,26.85,24.76,25.18,25.94,20.00,0.08,19.79,20.14,19.95,20.02,20.06,16.48,0.28,15.81,16.91,16.32,16.59,16.68
2026-09-16 00:00:00+00:00,Montemor-o-Velho,0610,25.62,0.75,23.74,26.83,25.16,25.68,26.18,19.43,0.19,18.98,19.73,19.29,19.49,19.56,15.02,0.76,13.48,16.76,14.52,14.97,15.40
2026-09-17 00:00:00+00:00,Montemor-o-Velho,0610,26.98,0.47,25.83,27.80,26.68,27.01,27.35,19.63,0.24,19.14,20.16,19.46,19.59,19.79,13.36,0.80,11.65,14.75,12.71,13.57,13.94
2026-09-18 00:00:00+00:00,Montemor-o-Velho,0610,28.51,0.79,26.65,29.90,27.98,28.48,29.12,19.13,0.47,18.03,19.91,18.77,19.26,19.44,10.70,0.78,8.87,12.22,10.10,10.89,11.20
2026-09-19 00:00:00+00:00,Montemor-o-Velho,0610,33.40,0.67,31.84,34.67,32.97,33.31,33.90,22.45,1.00,20.84,24.78,21.72,22.16,23.08,13.51,1.75,11.12,17.95,12.18,13.05,14.58
2026-09-20 00:00:00+00:00,Montemor-o-Velho,0610,36.14,0.19,35.79,36.59,36.01,36.11,36.25,25.15,0.84,23.93,27.11,24.50,24.93,25.68,16.23,1.71,13.37,20.41,14.99,15.72,17.27
2026-09-21 00:00:00+00:00,Montemor-o-Velho,0610,35.91,0.30,35.12,36.50,35.78,35.90,36.15,24.69,1.05,22.35,26.80,24.08,24.53,25.43,16.94,1.50,14.36,20.52,15.84,16.51,17.86
2026-09-22 00:00:00+00:00,Montemor-o-Velho,0610,35.43,0.76,33.45,36.68,35.07,35.50,36.00,24.09,0.97,22.24,26.25,23.40,23.87,24.74,14.21,1.55,11.86,17.84,13.03,13.79,15.19
2026-09-23 00:00:00+00:00,Montemor-o-Velho,0610,30.64,2.50,23.87,34.24,29.39,31.03,32.55,20.36,1.07,17.76,22.33,19.73,20.31,21.13,13.64,0.36,13.22,14.58,13.37,13.49,13.82
2026-09-24 00:00:00+00:00,Montemor-o-Velho,0610,28.29,2.16,23.98,31.82,26.54,28.27,30.23,19.31,0.91,17.43,20.74,18.58,19.31,20.13,13.07,0.64,11.48,14.02,12.53,13.24,13.64
2026-09-25 00:00:00+00:00,Montemor-o-Velho,0610,26.30,1.03,24.14,27.89,25.47,26.35,27.28,18.46,0.35,17.81,19.03,18.18,18.46,18.79,13.07,0.72,11.72,14.28,12.48,13.04,13.73
2026-09-26 00:00:00+00:00,Montemor-o-Velho,0610,29.91,1.13,27.74,31.80,28.99,29.85,30.93,19.77,0.58,18.72,20.72,19.28,19.74,20.31,12.22,0.36,11.34,12.92,11.94,12.17,12.53
2026-09-27 00:00:00+00:00,Montemor-o-Velho,0610,27.54,0.64,26.13,28.50,27.04,27.59,28.13,20.21,0.20,19.76,20.55,20.05,20.20,20.40,15.24,0.29,14.50,15.72,15.01,15.22,15.51
2026-09-28 00:00:00+00:00,Montemor-o-Velho,0610,25.52,0.20,24.92,25.82,25.47,25.61,25.64,19.50,0.44,18.52,20.43,19.25,19.41,19.80,14.05,0.66,12.85,15.66,13.61,13.94,14.43
2026-09-29 00:00:00+00:00,Montemor-o-Velho,0610,28.00,0.07,27.81,28.15,27.95,27.99,28.05,23.10,0.17,22.71,23.42,23.00,23.09,23.23,18.02,0.40,17.06,18.83,17.73,18.11,18.29
2026-09-10 00:00:00+00:00,Oliveira do Hospital,0611,29.44,0.83,27.86,30.85,28.73,29.37,30.18,19.78,0.28,19.30,20.51,19.53,19.72,20.03,11.89,0.41,11.17,13.58,11.67,11.83,12.07
2026-09-11 00:00:00+00:00,Oliveira do Hospital,0611,32.63,0.70,31.31,33.86,32.02,32.52,33.26,22.44,0.17,21.98,22.94,22.34,22.39,22.56,13.16,0.46,12.34,14.29,12.82,13.15,13.48
2026-09-12 00:00:00+00:00,Oliveira do Hospital,0611,34.43,0.76,32.72,35.84,33.83,34.45,35.02,25.57,0.28,24.73,26.31,25.39,25.50,25.81,17.20,0.60,16.09,19.29,16.82,17.16,17.50
2026-09-13 00:00:00+00:00,Oliveira do Hospital,0611,36.19,0.70,34.46,37.36,35.62,36.19,36.76,26.48,0.28,25.59,26.96,26.31,26.45,26.74,18.58,0.30,17.58,19.50,18.38,18.55,18.80
2026-09-14 00:00:00+00:00,Oliveira do Hospital,0611,37.35,0.35,36.17,37.83,37.15,37.41,37.63,24.69,0.48,23.76,26.25,24.46,24.59,24.77,14.95,0.95,13.03,18.17,14.46,14.76,15.28
2026-09-15 00:00:00+00:00,Oliveira do Hospital,0611,29.60,0.14,29.12,29.85,29.53,29.62,29.71,19.96,0.50,18.65,20.77,19.70,20.09,20.37,12.79,1.10,9.85,14.10,12.25,13.07,13.68
2026-09-16 00:00:00+00:00,Oliveira do Hospital,0611,29.68,0.44,28.37,30.80,29.44,29.74,29.85,21.32,0.35,20.42,21.84,21.04,21.40,21.65,14.37,0.49,13.16,15.18,14.06,14.51,14.77
2026-09-17 00:00:00+00:00,Oliveira do Hospital,0611,27.93,0.49,26.43,28.63,27.66,28.06,28.31,19.69,0.63,18.51,20.50,19.09,19.88,20.25,12.34,1.16,9.52,13.64,11.56,12.94,13.26
2026-09-18 00:00:00+00:00,Oliveira do Hospital,0611,30.91,0.47,29.43,31.50,30.65,31.01,31.28,19.99,0.48,18.94,21.18,19.72,20.08,20.16,10.02,1.01,8.01,14.31,9.64,9.86,10.33
2026-09-19 00:00:00+00:00,Oliveira do Hospital,0611,34.14,0.46,32.62,34.80,33.88,34.18,34.50,22.77,0.82,20.80,24.11,22.25,23.04,23.25,12.95,1.51,9.04,16.98,12.53,13.11,13.39
2026-09-20 00:00:00+00:00,Oliveira do Hospital,0611,35.77,0.73,34.20,36.80,35.11,35.85,36.44,24.91,0.74,23.18,26.06,24.35,25.20,25.43,15.26,1.28,12.00,18.50,14.79,15.43,15.63
2026-09-21 00:00:00+00:00,Oliveira do Hospital,0611,36.46,0.53,34.98,37.20,36.13,36.49,36.92,24.79,0.67,23.28,26.25,24.36,24.95,25.09,15.36,1.41,11.61,18.42,14.78,15.76,15.96
2026-09-22 00:00:00+00:00,Oliveira do Hospital,0611,37.70,0.49,36.39,38.32,37.40,37.72,38.17,24.48,0.61,23.38,26.74,24.18,24.36,24.56,13.55,1.21,10.80,18.38,13.09,13.41,13.97
2026-09-23 00:00:00+00:00,Oliveira do Hospital,0611,37.56,0.33,36.43,38.12,37.43,37.65,37.79,23.94,0.63,23.15,26.34,23.52,23.76,24.12,13.30,1.31,11.37,18.23,12.38,12.95,13.87
2026-09-24 00:00:00+00:00,Oliveira do Hospital,0611,33.13,0.59,32.17,34.37,32.63,32.89,33.63,23.85,0.12,23.48,24.09,23.76,23.82,23.93,12.47,0.65,11.03,14.39,12.07,12.36,12.90
2026-09-25 00:00:00+00:00,Oliveira do Hospital,0611,29.76,0.32,28.86,30.20,29.63,29.86,29.98,20.08,0.82,18.62,21.34,19.32,20.27,20.80,13.56,1.02,11.73,15.07,12.63,13.76,14.50
2026-09-26 00:00:00+00:00,Oliveira do Hospital,0611,31.68,0.62,30.59,32.97,31.18,31.44,32.23,22.17,0.08,22.00,22.38,22.11,22.16,22.23,14.17,0.92,12.53,15.75,13.32,14.28,14.97
2026-09-27 00:00:00+00:00,Oliveira do Hospital,0611,27.77,0.65,26.83,29.07,27.22,27.55,28.35,20.62,0.13,20.39,20.89,20.51,20.57,20.74,15.47,0.19,15.15,15.79,15.32,15.43,15.64
2026-09-28 00:00:00+00:00,Oliveira do Hospital,0611,26.81,0.49,25.61,27.60,26.47,26.76,27.24,19.84,0.36,19.16,20.40,19.49,19.85,20.17,13.77,0.36,13.03,14.30,13.50,13.83,14.07
2026-09-29 00:00:00+00:00,Oliveira do Hospital,0611,27.77,0.81,25.89,29.10,27.18,27.71,28.47,23.57,0.72,21.80,24.70,23.06,23.59,24.18,19.36,0.57,18.02,21.09,19.09,19.30,19.40
2026-09-10 00:00:00+00:00,Pampilhosa da Serra,0612,27.10,0.91,26.10,29.90,26.35,26.85,27.63,19.26,0.49,18.70,20.58,18.84,19.13,19.58,13.37,0.13,13.12,13.87,13.29,13.31,13.42
2026-09-11 00:00:00+00:00,Pampilhosa da Serra,0612,31.05,0.59,30.40,32.82,30.56,30.89,31.40,22.62,0.20,22.40,23.15,22.45,22.55,22.76,15.41,0.24,14.62,15.70,15.27,15.47,15.60
2026-09-12 00:00:00+00:00,Pampilhosa da Serra,0612,32.81,1.02,31.80,36.22,32.03,32.47,33.24,25.92,0.26,25.68,26.77,25.72,25.82,26.01,19.82,0.48,18.39,20.40,19.52,19.91,20.21
2026-09-13 00:00:00+00:00,Pampilhosa da Serra,0612,34.89,0.82,34.10,37.65,34.28,34.60,35.19,27.22,0.26,26.82,28.11,27.07,27.11,27.32,21.46,0.51,19.57,22.10,21.15,21.53,21.87
2026-09-14 00:00:00+00:00,Pampilhosa da Serra,0612,34.81,0.85,33.70,37.32,34.14,34.67,35.30,26.53,0.17,25.97,26.81,26.41,26.54,26.64,19.24,0.73,17.34,20.40,18.73,19.27,19.83
2026-09-15 00:00:00+00:00,Pampilhosa da Serra,0612,27.62,0.72,26.70,30.33,27.07,27.52,28.03,20.86,0.38,20.16,22.35,20.67,20.86,20.96,14.29,0.19,13.32,14.89,14.23,14.29,14.40
2026-09-16 00:00:00+00:00,Pampilhosa da Serra,0612,26.04,1.03,24.60,28.88,25.21,25.89,26.65,18.57,0.76,17.50,20.40,17.92,18.49,19.12,13.85,0.37,13.40,14.83,13.51,13.76,14.10
2026-09-17 00:00:00+00:00,Pampilhosa da Serra,0612,24.20,1.31,22.50,27.99,23.16,23.98,24.92,17.19,0.87,16.10,19.66,16.50,17.04,17.71,10.58,0.95,9.50,13.22,9.78,10.33,11.13
2026-09-18 00:00:00+00:00,Pampilhosa da Serra,0612,28.07,0.89,26.90,30.61,27.37,27.90,28.56,19.81,0.28,19.45,20.75,19.56,19.73,20.01,12.19,0.38,11.33,13.55,11.95,12.25,12.36
2026-09-19 00:00:00+00:00,Pampilhosa da Serra,0612,31.61,0.86,30.60,34.26,30.98,31.39,31.98,22.96,0.28,22.38,23.75,22.79,22.86,23.10,17.40,0.79,15.25,18.70,16.87,17.39,18.03
2026-09-20 00:00:00+00:00,Pampilhosa da Serra,0612,32.33,1.04,31.10,35.67,31.56,32.08,32.75,24.96,0.36,24.45,25.98,24.75,24.81,25.14,18.96,0.64,17.08,20.00,18.56,18.96,19.44
2026-09-21 00:00:00+00:00,Pampilhosa da Serra,0612,32.88,1.18,31.40,36.31,31.98,32.64,33.46,25.05,0.29,24.55,25.86,24.87,24.92,25.18,18.89,0.68,16.91,20.00,18.45,18.88,19.40
2026-09-22 00:00:00+00:00,Pampilhosa da Serra,0612,34.49,0.90,33.30,37.10,33.78,34.34,34.99,26.54,0.21,25.92,26.90,26.40,26.55,26.70,20.49,1.28,17.18,22.50,19.60,20.53,21.53
2026-09-23 00:00:00+00:00,Pampilhosa da Serra,0612,34.71,0.62,33.80,36.36,34.20,34.65,35.13,26.10,0.40,24.82,26.60,25.93,26.22,26.37,20.28,1.46,16.10,22.40,19.36,20.42,21.46
2026-09-24 00:00:00+00:00,Pampilhosa da Serra,0612,32.51,0.56,31.90,34.10,32.04,32.33,32.82,24.28,0.16,23.73,24.72,24.24,24.30,24.34,17.68,0.89,15.00,19.00,17.13,17.76,18.38
2026-09-25 00:00:00+00:00,Pampilhosa da Serra,0612,28.56,0.66,27.80,30.87,28.00,28.41,29.01,21.38,0.25,20.64,22.37,21.29,21.33,21.46,15.70,0.29,14.63,16.00,15.57,15.77,15.92
2026-09-26 00:00:00+00:00,Pampilhosa da Serra,0612,31.07,0.65,30.40,33.07,30.55,30.87,31.40,22.64,0.12,22.28,23.01,22.60,22.61,22.69,16.44,0.63,14.25,17.10,16.16,16.63,16.94
2026-09-27 00:00:00+00:00,Pampilhosa da Serra,0612,26.72,0.84,25.80,29.19,26.03,26.47,27.20,20.48,0.44,20.00,21.69,20.11,20.35,20.73,15.16,0.43,14.70,16.49,14.80,15.02,15.39
2026-09-28 00:00:00+00:00,Pampilhosa da Serra,0612,25.10,0.57,24.40,26.85,24.65,24.97,25.39,18.73,0.53,18.10,20.19,18.31,18.60,19.03,13.87,0.26,13.55,14.67,13.70,13.75,13.99
2026-09-29 00:00:00+00:00,Pampilhosa da Serra,0612,24.43,1.06,23.20,27.82,23.67,24.16,24.89,19.13,1.21,17.60,22.69,18.20,18.87,19.66,16.19,1.10,14.80,19.43,15.36,15.97,16.68
2026-09-10 00:00:00+00:00,Penacova,0613,29.36,0.32,28.70,29.97,29.12,29.40,29.62,19.88,0.44,19.02,20.71,19.56,19.90,20.22,12.39,1.02,10.23,14.14,11.76,12.47,13.19
2026-09-11 00:00:00+00:00,Penacova,0613,32.05,0.29,31.21,32.66,31.83,32.05,32.28,21.84,0.37,21.06,22.47,21.55,21.87,22.16,13.23,0.65,11.76,14.30,12.86,13.31,13.73
2026-09-12 00:00:00+00:00,Penacova,0613,36.43,0.45,35.60,37.27,36.12,36.45,36.80,25.64,0.49,24.70,26.54,25.25,25.67,26.06,15.86,0.95,13.57,17.35,15.32,16.00,16.62
2026-09-13 00:00:00+00:00,Penacova,0613,37.70,0.35,37.02,38.25,37.46,37.73,38.00,27.02,0.89,25.18,28.59,26.41,27.07,27.75,18.11,1.94,13.85,21.15,17.00,18.27,19.71
2026-09-14 00:00:00+00:00,Penacova,0613,35.65,0.85,34.00,36.90,34.90,35.86,36.34,25.58,0.86,23.75,27.64,25.03,25.51,26.18,16.20,1.52,13.59,19.98,15.14,15.69,17.44
2026-09-15 00:00:00+00:00,Penacova,0613,26.48,0.64,25.20,27.62,25.93,26.72,26.94,18.90,0.37,18.10,20.33,18.75,18.96,19.00,14.40,0.89,12.89,16.68,13.52,14.46,15.15
2026-09-16 00:00:00+00:00,Penacova,0613,26.79,1.16,24.80,29.29,25.99,26.67,27.43,19.13,0.73,17.90,20.72,18.63,19.00,19.58,14.08,0.41,13.34,15.27,13.76,13.97,14.34
2026-09-17 00:00:00+00:00,Penacova,0613,26.84,0.50,25.90,27.98,26.48,26.78,27.18,18.95,0.42,18.03,20.27,18.64,18.93,19.21,12.59,0.59,11.60,14.98,12.30,12.61,12.77
2026-09-18 00:00:00+00:00,Penacova,0613,29.33,0.67,27.90,30.57,28.81,29.61,29.81,19.38,0.41,18.62,20.47,19.07,19.42,19.67,10.83,0.83,8.96,12.45,10.34,10.93,11.41
2026-09-19 00:00:00+00:00,Penacova,0613,33.34,0.40,32.35,35.02,33.17,33.29,33.43,23.68,0.77,22.14,25.23,23.19,23.59,24.27,16.72,2.04,11.91,20.83,15.60,17.33,17.98
2026-09-20 00:00:00+00:00,Penacova,0613,34.60,0.51,33.06,36.28,34.37,34.68,34.88,26.08,0.78,24.27,27.32,25.65,26.32,26.59,19.21,2.23,13.88,22.46,17.92,20.09,20.74
2026-09-21 00:00:00+00:00,Penacova,0613,35.91,0.40,35.00,37.17,35.71,36.03,36.07,25.89,0.76,24.12,27.32,25.51,26.04,26.40,18.45,1.83,14.07,21.16,17.40,19.13,19.76
2026-09-22 00:00:00+00:00,Penacova,0613,36.38,0.38,35.57,37.20,36.09,36.30,36.62,25.67,0.87,24.04,27.75,25.09,25.45,26.34,16.93,2.06,12.13,21.48,15.71,17.23,18.30
2026-09-23 00:00:00+00:00,Penacova,0613,34.59,0.69,33.30,35.83,33.96,34.85,35.14,23.46,1.21,21.66,26.56,22.36,23.30,24.21,14.85,2.17,12.33,20.99,13.04,14.17,16.13
2026-09-24 00:00:00+00:00,Penacova,0613,32.80,0.38,31.72,33.47,32.58,32.84,33.08,21.56,0.51,20.10,22.60,21.25,21.58,21.92,14.75,1.41,12.12,18.65,13.87,14.52,15.44
2026-09-25 00:00:00+00:00,Penacova,0613,28.40,0.32,27.34,28.95,28.23,28.46,28.63,19.56,0.21,18.95,19.99,19.44,19.59,19.70,14.27,0.25,13.57,14.99,14.12,14.20,14.39
2026-09-26 00:00:00+00:00,Penacova,0613,32.20,0.48,30.54,32.98,31.97,32.25,32.56,21.06,0.31,19.98,21.59,20.92,21.13,21.27,13.07,0.31,12.04,13.84,12.93,13.11,13.22
2026-09-27 00:00:00+00:00,Penacova,0613,28.75,0.19,28.26,29.12,28.62,28.77,28.89,20.88,0.18,20.30,21.20,20.79,20.89,21.02,15.78,0.16,15.52,16.21,15.67,15.76,15.89
2026-09-28 00:00:00+00:00,Penacova,0613,25.54,0.84,23.81,26.61,24.83,25.90,26.23,19.59,0.40,18.90,20.67,19.32,19.61,19.89,14.27,0.50,13.21,15.76,13.93,14.19,14.62
2026-09-29 00:00:00+00:00,Penacova,0613,26.85,0.49,25.29,27.53,26.64,27.05,27.17,22.12,0.43,20.78,23.23,21.93,22.20,22.36,17.51,0.56,16.50,19.05,17.15,17.54,17.82
2026-09-10 00:00:00+00:00,Penela,0614,29.76,0.27,28.98,30.13,29.56,29.86,29.98,19.90,0.22,19.41,20.27,19.76,19.94,20.07,13.31,0.25,12.91,13.99,13.14,13.27,13.48
2026-09-11 00:00:00+00:00,Penela,0614,32.26,0.25,31.54,32.78,32.10,32.32,32.40,21.91,0.18,21.61,22.38,21.77,21.89,22.04,13.68,0.11,13.41,13.86,13.62,13.71,13.77
2026-09-12 00:00:00+00:00,Penela,0614,36.71,0.14,36.27,36.90,36.63,36.77,36.81,26.61,0.27,26.16,27.18,26.38,26.59,26.78,18.05,0.59,17.31,19.37,17.56,17.93,18.39
2026-09-13 00:00:00+00:00,Penela,0614,38.08,0.27,37.32,38.49,37.88,38.17,38.26,28.39,0.24,28.12,28.98,28.20,28.30,28.52,21.39,0.42,20.45,22.37,21.13,21.36,21.63
2026-09-14 00:00:00+00:00,Penela,0614,38.35,0.61,36.81,39.00,37.95,38.56,38.87,24.61,0.96,23.70,27.77,23.87,24.36,25.08,14.35,1.83,12.60,20.35,12.93,13.86,15.28
2026-09-15 00:00:00+00:00,Penela,0614,28.33,0.56,26.76,28.90,27.99,28.51,28.80,19.33,0.15,19.20,19.87,19.23,19.28,19.36,13.01,1.02,11.90,15.59,12.13,12.65,13.73
2026-09-16 00:00:00+00:00,Penela,0614,30.10,0.94,27.78,31.10,29.53,30.43,30.90,20.88,0.54,19.17,21.40,20.62,21.05,21.31,14.03,0.29,13.70,14.86,13.77,13.94,14.22
2026-09-17 00:00:00+00:00,Penela,0614,28.89,0.28,28.03,29.20,28.69,28.99,29.14,20.26,0.42,18.76,20.60,20.18,20.38,20.54,13.11,0.32,12.80,14.33,12.87,13.02,13.20
2026-09-18 00:00:00+00:00,Penela,0614,30.98,0.23,30.13,31.20,30.86,31.05,31.16,19.40,0.17,19.20,19.84,19.25,19.36,19.51,9.51,0.95,8.50,12.10,8.70,9.21,10.08
2026-09-19 00:00:00+00:00,Penela,0614,34.59,0.11,34.50,34.98,34.52,34.56,34.59,22.13,1.08,21.00,25.28,21.23,21.82,22.74,11.86,1.81,9.90,16.33,10.30,11.26,13.01
2026-09-20 00:00:00+00:00,Penela,0614,37.42,0.79,34.90,38.20,37.04,37.65,38.05,24.69,0.95,23.70,27.39,23.90,24.41,25.22,14.20,2.66,11.50,22.18,12.03,13.48,15.72
2026-09-21 00:00:00+00:00,Penela,0614,37.21,0.42,35.85,37.60,37.01,37.33,37.54,24.60,0.85,23.70,27.00,23.88,24.34,25.09,14.36,2.61,11.70,22.18,12.22,13.64,15.85
2026-09-22 00:00:00+00:00,Penela,0614,37.78,0.30,36.89,38.10,37.58,37.89,38.04,24.45,1.19,23.30,28.34,23.52,24.11,25.04,12.98,2.71,10.30,21.55,10.81,12.21,14.31
2026-09-23 00:00:00+00:00,Penela,0614,36.49,0.43,34.79,36.87,36.43,36.68,36.77,23.15,0.75,22.60,25.88,22.70,22.89,23.16,12.36,1.98,10.60,19.22,10.92,11.87,12.93
2026-09-24 00:00:00+00:00,Penela,0614,33.07,0.50,31.78,33.78,32.70,33.22,33.44,22.71,0.82,21.04,24.27,22.04,22.68,23.32,12.07,1.02,11.00,15.09,11.23,11.81,12.68
2026-09-25 00:00:00+00:00,Penela,0614,28.74,0.37,27.81,29.29,28.42,28.86,29.04,19.11,0.23,18.61,19.61,18.97,19.13,19.26,13.67,0.30,13.01,14.16,13.47,13.71,13.88
2026-09-26 00:00:00+00:00,Penela,0614,32.76,0.33,31.86,33.19,32.52,32.88,33.03,21.43,0.24,20.87,21.79,21.24,21.48,21.64,13.22,0.11,13.01,13.40,13.12,13.22,13.32
2026-09-27 00:00:00+00:00,Penela,0614,28.97,0.23,28.37,29.29,28.78,29.05,29.14,20.96,0.14,20.54,21.22,20.87,21.00,21.04,16.30,0.37,15.72,17.09,15.99,16.23,16.54
2026-09-28 00:00:00+00:00,Penela,0614,27.28,0.30,26.13,27.87,27.21,27.37,27.40,19.95,0.24,19.70,20.67,19.75,19.88,20.09,13.90,0.69,13.20,15.92,13.33,13.70,14.28
2026-09-29 00:00:00+00:00,Penela,0614,29.36,0.61,27.57,30.00,29.00,29.53,29.87,23.83,0.69,21.40,24.40,23.66,24.02,24.31,20.43,0.70,18.19,21.10,20.10,20.66,20.99
2026-09-10 00:00:00+00:00,Soure,0615,28.49,0.61,27.17,29.59,28.07,28.57,28.84,19.52,0.29,18.83,19.95,19.31,19.58,19.76,12.76,0.71,11.09,13.99,12.25,12.96,13.34
2026-09-11 00:00:00+00:00,Soure,0615,30.79,0.73,29.17,32.01,30.25,30.91,31.30,21.11,0.43,20.14,21.73,20.78,21.19,21.49,13.64,0.09,13.49,13.84,13.56,13.64,13.71
2026-09-12 00:00:00+00:00,Soure,0615,35.30,0.91,33.12,36.58,34.69,35.53,36.02,24.64,1.23,21.93,26.47,23.71,24.88,25.66,15.71,1.43,12.65,18.15,14.61,15.93,16.81
2026-09-13 00:00:00+00:00,Soure,0615,37.03,0.55,35.69,38.09,36.70,37.12,37.37,26.18,1.63,22.40,28.30,24.96,26.58,27.62,18.90,2.05,14.32,21.76,17.33,19.28,20.81
2026-09-14 00:00:00+00:00,Soure,0615,35.01,1.46,31.52,37.54,34.04,35.26,36.05,24.34,1.31,21.10,26.40,23.47,24.71,25.44,15.56,1.08,13.04,18.03,14.86,15.80,16.33
2026-09-15 00:00:00+00:00,Soure,0615,25.98,0.95,23.65,27.69,25.36,26.20,26.67,19.92,0.15,19.51,20.09,19.86,19.97,20.02,15.92,0.42,14.28,16.65,15.86,16.01,16.14
2026-09-16 00:00:00+00:00,Soure,0615,26.35,1.16,23.85,28.93,25.59,26.46,27.07,19.72,0.15,19.50,20.36,19.60,19.69,19.78,15.31,0.53,14.39,16.69,14.96,15.20,15.60
2026-09-17 00:00:00+00:00,Soure,0615,27.29,0.63,25.89,28.49,26.87,27.36,27.70,19.71,0.18,19.29,20.06,19.57,19.72,19.86,13.95,0.25,13.34,14.68,13.80,13.93,14.09
2026-09-18 00:00:00+00:00,Soure,0615,29.08,0.96,26.75,30.63,28.47,29.29,29.74,19.59,0.14,19.28,19.89,19.49,19.62,19.70,11.37,0.22,10.52,12.13,11.22,11.34,11.50
2026-09-19 00:00:00+00:00,Soure,0615,33.80,0.71,31.93,34.71,33.39,34.01,34.36,23.17,0.91,20.93,24.65,22.56,23.45,23.89,14.67,1.37,11.38,17.65,13.87,15.01,15.63
2026-09-20 00:00:00+00:00,Soure,0615,36.23,0.16,35.70,36.71,36.14,36.19,36.32,25.75,0.71,24.00,27.00,25.28,25.96,26.29,17.37,1.55,13.52,20.14,16.40,17.87,18.54
2026-09-21 00:00:00+00:00,Soure,0615,36.06,0.36,35.16,36.83,35.83,36.14,36.29,25.16,1.03,22.48,26.69,24.50,25.52,25.99,17.81,1.33,14.50,20.29,16.95,18.21,18.76
2026-09-22 00:00:00+00:00,Soure,0615,35.79,0.93,33.55,37.35,35.15,35.97,36.44,24.89,1.05,22.34,26.74,24.18,25.20,25.74,15.58,1.48,12.00,18.50,14.62,16.06,16.71
2026-09-23 00:00:00+00:00,Soure,0615,31.69,2.93,24.23,35.83,29.79,32.44,33.80,21.37,1.53,17.90,24.24,20.39,21.59,22.39,14.17,0.48,13.37,16.47,13.88,14.12,14.29
2026-09-24 00:00:00+00:00,Soure,0615,29.24,2.26,24.15,32.63,27.51,29.69,31.01,20.05,1.29,17.51,22.86,19.10,20.09,20.76,13.75,0.12,13.05,14.23,13.72,13.77,13.80
2026-09-25 00:00:00+00:00,Soure,0615,26.75,1.09,24.24,28.54,25.99,26.94,27.49,18.57,0.30,17.84,18.95,18.34,18.66,18.82,13.18,0.58,11.78,14.08,12.79,13.33,13.65
2026-09-26 00:00:00+00:00,Soure,0615,30.55,1.23,27.83,32.51,29.64,30.76,31.45,20.18,0.66,18.76,21.34,19.68,20.27,20.65,12.52,0.38,11.73,13.15,12.22,12.58,12.82
2026-09-27 00:00:00+00:00,Soure,0615,27.75,0.67,26.19,28.84,27.30,27.88,28.20,20.37,0.23,19.92,20.84,20.21,20.38,20.50,15.53,0.39,14.83,16.53,15.26,15.52,15.72
2026-09-28 00:00:00+00:00,Soure,0615,25.88,0.54,24.96,27.28,25.53,25.75,26.20,19.80,0.48,18.58,20.42,19.48,19.96,20.23,14.70,0.44,13.65,15.57,14.41,14.82,15.03
2026-09-29 00:00:00+00:00,Soure,0615,28.11,0.12,27.93,28.73,28.04,28.09,28.13,23.08,0.17,22.43,23.41,22.98,23.11,23.21,18.74,0.33,18.13,19.77,18.48,18.72,18.96
2026-09-10 00:00:00+00:00,Tábua,0616,29.12,0.52,28.22,30.63,28.78,28.91,29.41,19.43,0.24,19.00,20.03,19.28,19.38,19.60,11.22,0.47,10.17,12.30,10.92,11.27,11.52
2026-09-11 00:00:00+00:00,Tábua,0616,32.22,0.50,31.63,33.65,31.85,31.98,32.52,21.85,0.38,21.05,22.54,21.58,21.88,22.13,12.65,0.47,11.72,13.88,12.37,12.61,12.93
2026-09-12 00:00:00+00:00,Tábua,0616,35.17,0.33,34.33,35.67,34.93,35.26,35.44,25.30,0.26,24.73,25.83,25.11,25.34,25.48,15.67,0.94,13.52,17.48,15.00,15.91,16.36
2026-09-13 00:00:00+00:00,Tábua,0616,36.74,0.25,36.09,37.22,36.58,36.81,36.94,26.11,0.41,25.14,26.80,25.81,26.19,26.41,16.92,1.37,13.75,18.96,15.91,17.22,18.07
2026-09-14 00:00:00+00:00,Tábua,0616,37.11,0.50,35.78,37.89,36.79,37.23,37.46,24.27,0.38,23.71,25.53,24.01,24.18,24.53,14.18,0.71,12.92,16.39,13.70,14.09,14.65
2026-09-15 00:00:00+00:00,Tábua,0616,28.92,0.70,27.07,29.89,28.43,29.14,29.47,19.11,0.36,18.61,20.19,18.88,18.99,19.31,11.75,1.03,9.72,13.52,10.92,12.04,12.56
2026-09-16 00:00:00+00:00,Tábua,0616,29.96,0.42,28.79,30.89,29.73,29.87,30.21,21.03,0.28,20.17,21.70,20.87,21.02,21.16,14.10,0.57,13.11,15.12,13.59,14.15,14.62
2026-09-17 00:00:00+00:00,Tábua,0616,28.10,0.25,27.51,28.69,27.91,28.06,28.24,19.22,0.44,18.60,20.27,18.84,19.19,19.54,11.44,1.11,9.41,13.17,10.44,11.60,12.42
2026-09-18 00:00:00+00:00,Tábua,0616,30.83,0.39,29.91,31.49,30.56,30.90,31.10,19.50,0.40,18.91,20.67,19.21,19.43,19.71,9.08,0.64,7.91,10.74,8.69,9.04,9.51
2026-09-19 00:00:00+00:00,Tábua,0616,33.91,0.32,33.10,34.55,33.67,34.00,34.15,22.00,0.72,20.71,23.77,21.49,22.02,22.42,11.55,1.39,8.83,14.81,10.65,11.65,12.49
2026-09-20 00:00:00+00:00,Tábua,0616,35.31,0.39,34.66,36.50,35.05,35.14,35.47,24.22,0.64,23.11,25.78,23.79,24.20,24.62,14.01,1.17,11.83,16.92,13.29,13.91,14.81
2026-09-21 00:00:00+00:00,Tábua,0616,36.33,0.21,35.93,36.97,36.17,36.34,36.45,24.20,0.59,23.21,25.85,23.81,24.12,24.56,13.90,1.30,11.43,16.91,13.07,13.92,14.76
2026-09-22 00:00:00+00:00,Tábua,0616,37.55,0.25,36.89,38.17,37.36,37.56,37.67,24.14,0.44,23.31,25.48,23.88,24.12,24.41,12.47,0.91,10.63,14.95,11.92,12.40,13.13
2026-09-23 00:00:00+00:00,Tábua,0616,37.16,0.72,35.23,38.19,36.66,37.41,37.66,23.60,0.36,23.08,25.01,23.36,23.52,23.77,12.80,0.79,11.23,15.24,12.37,12.78,13.22
2026-09-24 00:00:00+00:00,Tábua,0616,32.96,0.20,32.58,33.61,32.85,32.94,33.03,23.29,0.32,22.25,23.79,23.05,23.34,23.54,12.07,0.53,10.92,13.83,11.76,12.12,12.38
2026-09-25 00:00:00+00:00,Tábua,0616,28.99,0.34,28.56,29.83,28.73,28.83,29.21,20.15,0.30,19.34,20.74,19.94,20.14,20.36,14.10,0.52,12.68,15.07,13.78,14.16,14.47
2026-09-26 00:00:00+00:00,Tábua,0616,31.75,0.20,31.30,32.36,31.62,31.75,31.87,21.94,0.16,21.35,22.17,21.83,21.97,22.08,14.30,0.45,13.35,15.42,13.96,14.22,14.59
2026-09-27 00:00:00+00:00,Tábua,0616,27.82,0.26,27.20,28.35,27.63,27.84,28.00,20.67,0.08,20.48,20.93,20.62,20.67,20.71,15.44,0.11,15.16,15.65,15.38,15.46,15.52
2026-09-28 00:00:00+00:00,Tábua,0616,26.57,0.19,26.16,27.28,26.46,26.55,26.61,19.58,0.18,19.40,20.19,19.46,19.51,19.64,13.37,0.23,13.00,14.05,13.22,13.32,13.51
2026-09-29 00:00:00+00:00,Tábua,0616,27.54,0.25,26.95,28.47,27.36,27.52,27.68,23.36,0.32,22.54,24.19,23.15,23.38,23.58,19.88,0.67,18.27,21.18,19.30,19.75,20.38
2026-09-10 00:00:00+00:00,Vila Nova de Poiares,0617,30.40,0.37,29.81,31.19,30.08,30.33,30.66,20.54,0.15,20.08,20.77,20.47,20.57,20.65,13.08,0.31,12.45,13.93,12.86,12.97,13.25
2026-09-11 00:00:00+00:00,Vila Nova de Poiares,0617,33.14,0.40,32.44,33.99,32.80,33.08,33.42,22.71,0.21,22.32,23.15,22.52,22.69,22.87,13.72,0.16,13.38,14.16,13.63,13.67,13.80
2026-09-12 00:00:00+00:00,Vila Nova de Poiares,0617,37.15,0.21,36.50,37.55,37.04,37.16,37.29,26.49,0.16,26.05,26.77,26.41,26.50,26.60,17.00,0.15,16.47,17.26,16.93,17.05,17.09
2026-09-13 00:00:00+00:00,Vila Nova de Poiares,0617,38.57,0.29,37.96,39.21,38.32,38.54,38.79,27.90,0.23,27.27,28.45,27.78,27.90,28.04,19.49,0.54,18.47,20.90,19.12,19.34,19.79
2026-09-14 00:00:00+00:00,Vila Nova de Poiares,0617,37.01,0.10,36.76,37.47,36.96,37.00,37.05,27.67,0.37,26.64,28.10,27.46,27.78,27.98,20.04,0.64,18.30,20.80,19.68,20.23,20.58
2026-09-15 00:00:00+00:00,Vila Nova de Poiares,0617,26.97,0.24,26.70,27.93,26.78,26.89,27.11,18.78,0.37,18.40,19.90,18.51,18.66,18.91,13.14,0.76,12.40,15.63,12.62,12.90,13.36
2026-09-16 00:00:00+00:00,Vila Nova de Poiares,0617,26.54,0.45,26.00,28.18,26.18,26.46,26.80,18.54,0.47,18.00,19.85,18.18,18.42,18.76,13.48,0.44,13.00,14.78,13.15,13.34,13.64
2026-09-17 00:00:00+00:00,Vila Nova de Poiares,0617,26.27,0.50,25.70,27.60,25.88,26.13,26.49,18.16,0.52,17.60,19.71,17.78,17.99,18.35,12.63,0.54,12.10,14.31,12.25,12.45,12.81
2026-09-18 00:00:00+00:00,Vila Nova de Poiares,0617,29.72,0.29,29.40,30.73,29.50,29.63,29.87,20.00,0.12,19.88,20.43,19.91,19.95,20.06,12.29,0.16,11.73,12.50,12.19,12.28,12.42
2026-09-19 00:00:00+00:00,Vila Nova de Poiares,0617,32.53,0.67,31.80,34.39,32.03,32.31,32.77,25.22,0.14,24.65,25.40,25.13,25.24,25.34,20.73,1.03,18.27,22.00,20.23,20.99,21.58
2026-09-20 00:00:00+00:00,Vila Nova de Poiares,0617,33.24,0.77,32.40,35.48,32.67,32.99,33.54,27.26,0.11,26.75,27.40,27.20,27.28,27.36,22.40,0.79,20.53,23.40,21.91,22.58,23.07
2026-09-21 00:00:00+00:00,Vila Nova de Poiares,0617,36.04,0.32,35.70,36.98,35.80,35.94,36.17,27.08,0.10,26.58,27.20,27.04,27.09,27.16,21.18,0.46,19.95,21.80,20.84,21.24,21.58
2026-09-22 00:00:00+00:00,Vila Nova de Poiares,0617,35.69,0.43,35.20,36.85,35.36,35.57,35.88,27.79,0.34,26.93,28.20,27.57,27.87,28.07,21.48,0.92,19.17,22.60,20.98,21.65,22.24
2026-09-23 00:00:00+00:00,Vila Nova de Poiares,0617,35.30,0.21,35.10,36.35,35.17,35.23,35.35,26.59,0.69,24.36,27.30,26.31,26.77,27.11,20.91,1.51,16.46,22.60,20.25,21.25,22.08
2026-09-24 00:00:00+00:00,Vila Nova de Poiares,0617,33.98,0.41,33.23,34.80,33.65,33.93,34.27,22.44,0.35,21.67,23.03,22.19,22.46,22.73,18.61,0.95,15.92,19.70,18.16,18.82,19.36
2026-09-25 00:00:00+00:00,Vila Nova de Poiares,0617,29.30,0.34,28.68,30.01,29.04,29.28,29.56,19.99,0.15,19.70,20.27,19.87,19.99,20.12,14.10,0.24,13.74,14.78,13.93,14.08,14.20
2026-09-26 00:00:00+00:00,Vila Nova de Poiares,0617,33.45,0.37,32.80,34.21,33.13,33.39,33.71,21.58,0.16,21.27,21.87,21.46,21.58,21.72,13.18,0.06,13.11,13.39,13.15,13.17,13.20
2026-09-27 00:00:00+00:00,Vila Nova de Poiares,0617,29.40,0.24,29.02,29.93,29.18,29.36,29.57,21.41,0.17,21.11,21.76,21.26,21.38,21.53,15.69,0.14,15.52,16.08,15.58,15.66,15.76
2026-09-28 00:00:00+00:00,Vila Nova de Poiares,0617,26.70,0.12,26.33,27.21,26.65,26.70,26.73,20.14,0.15,20.00,20.63,20.03,20.07,20.21,14.99,0.10,14.73,15.45,14.95,14.98,15.00
2026-09-29 00:00:00+00:00,Vila Nova de Poiares,0617,25.44,0.65,24.70,27.09,24.94,25.24,25.71,20.95,0.67,20.20,22.71,20.44,20.76,21.23,17.43,0.64,16.70,19.66,16.93,17.23,17.75
2026-09-10 00:00:00+00:00,Alandroal,0701,33.73,0.42,32.84,34.30,33.34,33.79,34.11,23.66,0.22,23.02,24.65,23.58,23.69,23.75,13.94,0.58,13.15,16.85,13.70,13.72,13.96
2026-09-11 00:00:00+00:00,Alandroal,0701,36.38,0.60,35.15,37.20,35.83,36.48,36.94,25.83,0.34,25.05,26.30,25.54,25.88,26.15,14.67,0.33,13.89,15.10,14.39,14.74,14.96
2026-09-12 00:00:00+00:00,Alandroal,0701,37.23,0.32,36.55,37.60,36.95,37.32,37.52,27.24,0.45,26.24,27.80,26.86,27.34,27.66,16.55,0.55,15.20,17.30,16.11,16.63,17.04
2026-09-13 00:00:00+00:00,Alandroal,0701,37.87,0.47,36.90,38.40,37.50,38.00,38.30,28.16,0.48,27.16,28.80,27.77,28.24,28.60,18.09,0.88,16.08,19.29,17.39,18.24,18.89
2026-09-14 00:00:00+00:00,Alandroal,0701,38.58,0.57,37.49,39.39,38.07,38.66,39.11,28.12,0.15,27.72,28.66,28.03,28.13,28.21,17.70,0.35,17.12,19.35,17.55,17.64,17.71
2026-09-15 00:00:00+00:00,Alandroal,0701,36.02,0.81,34.39,37.19,35.24,36.07,36.79,26.74,0.43,25.75,27.40,26.40,26.76,27.14,18.04,0.31,17.33,18.50,17.80,18.07,18.32
2026-09-16 00:00:00+00:00,Alandroal,0701,32.15,0.47,31.11,32.89,31.76,32.14,32.57,23.16,0.27,22.36,23.75,22.99,23.21,23.38,17.05,0.20,16.63,17.30,16.89,17.08,17.23
2026-09-17 00:00:00+00:00,Alandroal,0701,31.41,0.35,30.56,31.80,31.10,31.51,31.74,23.43,0.22,22.76,23.93,23.31,23.47,23.61,16.84,0.51,15.39,17.84,16.52,16.89,17.26
2026-09-18 00:00:00+00:00,Alandroal,0701,32.08,0.53,31.02,32.80,31.60,32.17,32.57,22.74,0.41,21.74,23.30,22.39,22.80,23.12,13.01,0.37,12.23,13.50,12.72,13.10,13.35
2026-09-19 00:00:00+00:00,Alandroal,0701,33.78,0.29,33.15,34.14,33.53,33.87,34.05,24.93,0.51,23.84,25.60,24.48,25.02,25.41,14.96,0.62,13.61,15.80,14.45,15.06,15.54
2026-09-20 00:00:00+00:00,Alandroal,0701,34.35,0.40,33.42,34.85,34.00,34.45,34.72,25.95,0.43,25.01,26.50,25.57,26.03,26.35,16.64,0.28,15.72,17.24,16.49,16.73,16.85
2026-09-21 00:00:00+00:00,Alandroal,0701,34.43,0.34,33.61,34.83,34.13,34.54,34.75,25.72,0.36,24.91,26.20,25.39,25.78,26.07,16.61,0.14,16.23,16.86,16.52,16.62,16.72
2026-09-22 00:00:00+00:00,Alandroal,0701,37.42,0.39,36.60,38.00,37.06,37.45,37.77,26.72,0.29,26.23,27.20,26.44,26.73,26.99,16.04,0.64,14.58,16.90,15.52,16.15,16.63
2026-09-23 00:00:00+00:00,Alandroal,0701,38.48,0.49,37.48,39.10,38.10,38.59,38.91,26.94,0.19,26.59,27.30,26.77,26.93,27.10,15.96,0.43,14.70,16.60,15.67,16.00,16.32
2026-09-24 00:00:00+00:00,Alandroal,0701,37.92,0.56,36.75,38.70,37.40,38.00,38.44,26.83,0.23,26.40,27.20,26.61,26.83,27.04,15.88,0.53,14.90,16.69,15.39,15.91,16.37
2026-09-25 00:00:00+00:00,Alandroal,0701,36.85,0.80,35.12,37.99,36.14,36.91,37.60,26.45,0.30,25.74,26.90,26.22,26.48,26.72,17.41,0.48,16.52,18.10,16.99,17.49,17.84
2026-09-26 00:00:00+00:00,Alandroal,0701,37.34,0.45,36.34,38.00,36.94,37.36,37.76,25.45,0.40,24.44,26.00,25.15,25.51,25.81,14.28,0.73,12.74,15.29,13.60,14.38,14.96
2026-09-27 00:00:00+00:00,Alandroal,0701,33.02,0.49,31.86,33.70,32.61,33.08,33.48,25.02,0.26,24.39,25.40,24.82,25.04,25.26,18.61,0.68,17.34,19.59,18.02,18.70,19.24
2026-09-28 00:00:00+00:00,Alandroal,0701,29.79,0.40,28.75,30.30,29.50,29.85,30.16,22.51,0.37,21.61,23.00,22.20,22.56,22.86,17.21,0.13,16.90,17.69,17.14,17.22,17.27
2026-09-29 00:00:00+00:00,Alandroal,0701,30.01,0.47,28.98,30.60,29.59,30.12,30.46,23.31,0.41,22.41,23.80,22.99,23.40,23.68,18.61,0.48,16.90,19.10,18.37,18.76,18.99
2026-09-10 00:00:00+00:00,Arraiolos,0702,33.17,0.17,32.56,33.46,33.09,33.23,33.28,22.95,0.29,22.09,23.64,22.79,22.97,23.09,13.21,0.48,11.57,14.32,13.04,13.25,13.42
2026-09-11 00:00:00+00:00,Arraiolos,0702,35.77,0.31,34.81,36.79,35.65,35.80,35.91,24.98,0.32,24.31,25.74,24.77,24.92,25.20,14.08,0.55,12.63,15.37,13.78,14.03,14.40
2026-09-12 00:00:00+00:00,Arraiolos,0702,37.87,0.61,36.53,39.90,37.44,37.76,38.25,26.86,0.24,25.97,27.29,26.75,26.90,27.01,15.59,0.20,14.92,15.96,15.51,15.60,15.72
2026-09-13 00:00:00+00:00,Arraiolos,0702,38.08,0.42,36.85,39.32,37.88,38.05,38.33,27.33,0.10,27.00,27.67,27.30,27.35,27.38,16.70,0.21,15.98,17.06,16.60,16.77,16.83
2026-09-14 00:00:00+00:00,Arraiolos,0702,37.60,0.14,37.21,37.96,37.53,37.60,37.68,26.98,0.26,26.33,27.53,26.82,26.98,27.14,16.28,0.38,15.37,16.98,15.96,16.29,16.57
2026-09-15 00:00:00+00:00,Arraiolos,0702,33.00,0.56,31.75,33.96,32.58,33.11,33.48,24.39,0.68,22.82,25.69,23.88,24.48,24.95,16.91,0.66,15.16,18.38,16.49,17.00,17.38
2026-09-16 00:00:00+00:00,Arraiolos,0702,30.50,0.19,30.06,30.82,30.35,30.52,30.66,22.03,0.18,21.50,22.32,21.93,22.10,22.16,16.38,0.36,15.17,16.85,16.21,16.53,16.64
2026-09-17 00:00:00+00:00,Arraiolos,0702,31.32,0.31,30.31,31.94,31.21,31.34,31.50,22.68,0.31,21.62,23.25,22.57,22.77,22.85,15.38,0.69,12.75,16.54,15.15,15.59,15.76
2026-09-18 00:00:00+00:00,Arraiolos,0702,31.77,0.43,30.81,33.11,31.45,31.67,32.07,21.99,0.24,21.28,22.43,21.87,22.05,22.13,12.68,0.49,10.85,13.68,12.51,12.75,12.92
2026-09-19 00:00:00+00:00,Arraiolos,0702,34.29,0.59,33.08,36.38,33.87,34.14,34.66,24.17,0.18,23.48,24.45,24.09,24.22,24.29,13.79,0.28,13.22,14.49,13.59,13.74,13.97
2026-09-20 00:00:00+00:00,Arraiolos,0702,34.68,0.58,33.19,36.45,34.32,34.59,35.05,25.62,0.25,24.71,26.20,25.58,25.66,25.76,16.32,0.28,15.36,17.00,16.18,16.33,16.52
2026-09-21 00:00:00+00:00,Arraiolos,0702,35.18,0.59,33.55,36.84,34.83,35.10,35.58,25.28,0.25,24.62,26.12,25.15,25.24,25.43,15.89,0.36,15.16,17.06,15.65,15.92,16.13
2026-09-22 00:00:00+00:00,Arraiolos,0702,37.00,0.34,36.37,38.02,36.73,36.92,37.24,25.58,0.28,24.71,26.03,25.44,25.63,25.75,14.93,0.21,14.30,15.48,14.82,14.94,15.05
2026-09-23 00:00:00+00:00,Arraiolos,0702,38.48,0.26,37.49,39.03,38.43,38.54,38.61,25.97,0.33,25.14,26.65,25.78,25.95,26.19,14.84,0.36,13.66,15.45,14.68,14.91,15.09
2026-09-24 00:00:00+00:00,Arraiolos,0702,37.02,0.22,36.36,37.43,36.90,37.08,37.14,25.54,0.31,24.84,26.13,25.30,25.55,25.80,14.19,0.33,13.30,14.80,13.92,14.23,14.42
2026-09-25 00:00:00+00:00,Arraiolos,0702,34.09,0.43,33.25,35.06,33.76,34.11,34.38,24.27,0.73,22.84,25.73,23.64,24.30,24.87,15.22,0.80,13.35,16.76,14.59,15.28,15.87
2026-09-26 00:00:00+00:00,Arraiolos,0702,35.89,0.14,35.48,36.16,35.80,35.89,35.99,23.98,0.35,23.32,24.75,23.71,23.95,24.21,12.36,0.28,11.61,12.99,12.19,12.32,12.55
2026-09-27 00:00:00+00:00,Arraiolos,0702,32.24,0.22,31.39,32.67,32.21,32.29,32.36,24.07,0.18,23.56,24.47,23.95,24.08,24.18,17.29,0.13,16.88,17.53,17.21,17.32,17.38
2026-09-28 00:00:00+00:00,Arraiolos,0702,29.29,0.25,28.32,29.64,29.25,29.38,29.43,21.75,0.14,21.24,22.10,21.71,21.74,21.82,15.80,0.33,15.04,16.71,15.62,15.77,15.95
2026-09-29 00:00:00+00:00,Arraiolos,0702,29.99,0.33,28.78,30.69,29.93,30.06,30.17,23.23,0.23,22.51,23.78,23.10,23.23,23.40,19.07,0.28,18.40,19.80,18.86,19.06,19.27
2026-09-10 00:00:00+00:00,Borba,0703,32.31,0.12,32.20,32.79,32.23,32.27,32.35,22.45,0.13,22.30,22.88,22.35,22.41,22.52,12.27,0.21,12.01,12.91,12.11,12.22,12.40
2026-09-11 00:00:00+00:00,Borba,0703,34.45,0.16,34.30,35.09,34.34,34.40,34.51,24.43,0.13,24.30,24.90,24.34,24.39,24.49,13.26,0.15,13.10,13.76,13.15,13.21,13.32
2026-09-12 00:00:00+00:00,Borba,0703,36.11,0.11,36.00,36.57,36.03,36.07,36.15,25.57,0.16,25.40,26.15,25.45,25.51,25.62,15.30,0.10,15.20,15.61,15.23,15.26,15.33
2026-09-13 00:00:00+00:00,Borba,0703,36.43,0.14,36.30,36.97,36.33,36.37,36.47,26.98,0.08,26.90,27.31,26.92,26.94,27.00,16.13,0.14,16.00,16.63,16.04,16.08,16.18
2026-09-14 00:00:00+00:00,Borba,0703,37.00,0.11,36.90,37.46,36.93,36.97,37.03,27.63,0.03,27.60,27.72,27.61,27.62,27.65,17.00,0.07,16.90,17.21,16.94,16.99,17.04
2026-09-15 00:00:00+00:00,Borba,0703,33.54,0.15,33.40,34.17,33.43,33.48,33.61,25.20,0.10,25.10,25.58,25.13,25.17,25.24,17.51,0.03,17.49,17.63,17.50,17.50,17.52
2026-09-16 00:00:00+00:00,Borba,0703,30.60,0.09,30.50,30.98,30.53,30.57,30.64,21.83,0.11,21.70,22.22,21.74,21.80,21.88,16.61,0.02,16.59,16.74,16.60,16.60,16.62
2026-09-17 00:00:00+00:00,Borba,0703,29.94,0.15,29.80,30.53,29.84,29.89,29.99,22.23,0.11,22.10,22.65,22.14,22.19,22.28,14.36,0.22,14.11,15.15,14.19,14.30,14.48
2026-09-18 00:00:00+00:00,Borba,0703,30.44,0.14,30.30,30.98,30.34,30.39,30.48,20.97,0.16,20.80,21.57,20.86,20.92,21.04,11.83,0.13,11.70,12.25,11.74,11.78,11.87
2026-09-19 00:00:00+00:00,Borba,0703,32.71,0.11,32.60,33.14,32.63,32.67,32.75,23.16,0.15,23.00,23.72,23.05,23.10,23.21,13.33,0.13,13.20,13.76,13.24,13.28,13.37
2026-09-20 00:00:00+00:00,Borba,0703,32.67,0.17,32.50,33.31,32.55,32.61,32.74,24.35,0.15,24.20,24.89,24.25,24.30,24.41,14.92,0.18,14.70,15.50,14.78,14.86,15.01
2026-09-21 00:00:00+00:00,Borba,0703,32.97,0.16,32.80,33.57,32.85,32.91,33.02,24.33,0.12,24.20,24.77,24.24,24.29,24.38,16.22,0.02,16.19,16.30,16.21,16.22,16.24
2026-09-22 00:00:00+00:00,Borba,0703,36.11,0.10,36.00,36.51,36.03,36.07,36.15,26.04,0.03,26.00,26.15,26.01,26.03,26.05,14.43,0.13,14.30,14.85,14.34,14.38,14.47
2026-09-23 00:00:00+00:00,Borba,0703,37.12,0.13,37.00,37.62,37.03,37.07,37.15,26.78,0.02,26.68,26.80,26.78,26.79,26.80,15.51,0.02,15.47,15.57,15.50,15.50,15.52
2026-09-24 00:00:00+00:00,Borba,0703,36.05,0.15,35.90,36.63,35.94,36.00,36.10,26.23,0.03,26.20,26.34,26.21,26.22,26.23,14.75,0.05,14.70,14.93,14.72,14.74,14.77
2026-09-25 00:00:00+00:00,Borba,0703,34.17,0.18,34.00,34.87,34.04,34.11,34.25,25.36,0.07,25.30,25.62,25.32,25.34,25.39,16.17,0.08,16.10,16.50,16.12,16.14,16.19
2026-09-26 00:00:00+00:00,Borba,0703,35.80,0.10,35.70,36.20,35.73,35.77,35.85,23.75,0.14,23.60,24.27,23.65,23.70,23.81,11.72,0.21,11.50,12.51,11.57,11.65,11.80
2026-09-27 00:00:00+00:00,Borba,0703,31.07,0.16,30.90,31.68,30.95,31.01,31.14,23.99,0.08,23.90,24.29,23.93,23.96,24.02,16.81,0.12,16.70,17.31,16.73,16.77,16.85
2026-09-28 00:00:00+00:00,Borba,0703,27.97,0.16,27.80,28.58,27.85,27.92,28.05,21.03,0.12,20.90,21.47,20.94,20.98,21.08,16.99,0.03,16.89,17.04,16.98,17.00,17.00
2026-09-29 00:00:00+00:00,Borba,0703,28.35,0.15,28.20,28.97,28.24,28.30,28.40,22.27,0.08,22.20,22.64,22.21,22.24,22.29,18.20,0.04,18.10,18.37,18.18,18.20,18.21
2026-09-10 00:00:00+00:00,Estremoz,0704,32.49,0.30,32.20,33.30,32.25,32.35,32.66,22.61,0.29,22.30,23.41,22.37,22.51,22.77,12.53,0.47,12.00,13.83,12.14,12.39,12.80
2026-09-11 00:00:00+00:00,Estremoz,0704,34.70,0.42,34.30,35.74,34.37,34.53,34.94,24.60,0.30,24.30,25.50,24.36,24.49,24.74,13.54,0.42,13.10,14.79,13.20,13.41,13.76
2026-09-12 00:00:00+00:00,Estremoz,0704,36.40,0.40,36.00,37.58,36.07,36.24,36.66,25.86,0.44,25.40,27.01,25.49,25.70,26.10,15.43,0.18,15.20,15.87,15.26,15.40,15.57
2026-09-13 00:00:00+00:00,Estremoz,0704,36.73,0.44,36.30,37.74,36.37,36.55,36.99,27.07,0.15,26.90,27.41,26.94,27.02,27.18,16.33,0.28,16.00,16.97,16.08,16.27,16.55
2026-09-14 00:00:00+00:00,Estremoz,0704,37.15,0.23,36.90,37.69,36.95,37.06,37.31,27.53,0.13,27.12,27.74,27.52,27.60,27.60,16.90,0.20,16.30,17.49,16.90,16.93,16.99
2026-09-15 00:00:00+00:00,Estremoz,0704,33.52,0.18,33.16,34.09,33.41,33.44,33.61,25.14,0.14,24.53,25.56,25.10,25.11,25.19,17.49,0.12,17.03,17.95,17.46,17.50,17.52
2026-09-16 00:00:00+00:00,Estremoz,0704,30.61,0.09,30.50,30.82,30.54,30.60,30.70,21.91,0.18,21.70,22.32,21.76,21.86,22.04,16.63,0.05,16.52,16.79,16.60,16.61,16.65
2026-09-17 00:00:00+00:00,Estremoz,0704,30.22,0.47,29.80,31.55,29.87,30.00,30.44,22.37,0.27,22.10,23.09,22.16,22.27,22.52,14.68,0.51,14.10,16.02,14.24,14.53,15.04
2026-09-18 00:00:00+00:00,Estremoz,0704,30.69,0.37,30.30,31.76,30.37,30.55,30.95,21.23,0.40,20.80,22.25,20.89,21.08,21.47,12.07,0.37,11.70,13.18,11.77,11.93,12.25
2026-09-19 00:00:00+00:00,Estremoz,0704,32.97,0.37,32.60,34.01,32.66,32.82,33.21,23.38,0.36,23.00,24.30,23.08,23.25,23.59,13.49,0.26,13.20,14.25,13.27,13.44,13.66
2026-09-20 00:00:00+00:00,Estremoz,0704,33.03,0.52,32.50,34.39,32.60,32.84,33.37,24.60,0.38,24.20,25.49,24.28,24.47,24.84,15.21,0.43,14.70,16.30,14.83,15.09,15.51
2026-09-21 00:00:00+00:00,Estremoz,0704,33.38,0.57,32.80,34.96,32.91,33.17,33.74,24.52,0.29,24.20,25.27,24.27,24.43,24.72,16.12,0.18,15.53,16.45,16.15,16.20,16.21
2026-09-22 00:00:00+00:00,Estremoz,0704,36.28,0.26,36.00,37.07,36.06,36.19,36.47,26.00,0.08,25.75,26.22,26.00,26.01,26.03,14.59,0.24,14.30,15.24,14.38,14.54,14.76
2026-09-23 00:00:00+00:00,Estremoz,0704,37.39,0.41,37.00,38.41,37.07,37.22,37.62,26.67,0.20,26.07,26.91,26.65,26.76,26.80,15.46,0.14,15.06,15.94,15.44,15.50,15.51
2026-09-24 00:00:00+00:00,Estremoz,0704,36.27,0.37,35.90,37.27,35.97,36.12,36.48,26.15,0.09,25.78,26.28,26.13,26.19,26.20,14.69,0.17,14.20,15.20,14.70,14.72,14.77
2026-09-25 00:00:00+00:00,Estremoz,0704,34.20,0.25,33.96,35.05,34.03,34.07,34.30,25.25,0.18,24.31,25.58,25.24,25.30,25.32,16.13,0.17,15.35,16.56,16.10,16.12,16.21
2026-09-26 00:00:00+00:00,Estremoz,0704,35.83,0.14,35.70,36.25,35.73,35.78,35.88,23.85,0.25,23.60,24.61,23.66,23.76,23.92,11.93,0.38,11.50,12.86,11.61,11.83,12.16
2026-09-27 00:00:00+00:00,Estremoz,0704,31.29,0.38,30.90,32.21,30.98,31.14,31.52,24.03,0.13,23.90,24.43,23.93,23.99,24.07,16.93,0.22,16.70,17.50,16.75,16.84,17.05
2026-09-28 00:00:00+00:00,Estremoz,0704,28.22,0.43,27.80,29.36,27.88,28.04,28.45,21.17,0.25,20.90,21.77,20.96,21.07,21.33,16.77,0.26,16.08,17.00,16.65,16.89,16.97
2026-09-29 00:00:00+00:00,Estremoz,0704,28.66,0.48,28.20,29.81,28.28,28.46,28.93,22.44,0.26,22.20,23.05,22.23,22.32,22.60,18.35,0.19,18.12,18.91,18.20,18.27,18.47
2026-09-10 00:00:00+00:00,Évora,0705,33.44,0.22,32.62,34.20,33.31,33.42,33.51,23.52,0.30,21.56,23.90,23.46,23.60,23.69,14.07,0.66,10.33,15.00,13.85,14.23,14.46
2026-09-11 00:00:00+00:00,Évora,0705,35.88,0.27,35.03,37.06,35.73,35.84,35.95,25.76,0.28,23.96,26.23,25.71,25.79,25.85,15.24,0.75,11.63,16.90,14.98,15.28,15.48
2026-09-12 00:00:00+00:00,Évora,0705,37.31,0.23,36.72,38.18,37.13,37.30,37.49,27.32,0.24,26.24,27.90,27.23,27.28,27.45,16.02,0.38,14.45,17.15,15.92,15.98,16.25
2026-09-13 00:00:00+00:00,Évora,0705,37.92,0.19,37.04,38.78,37.82,37.89,37.97,27.44,0.24,26.82,28.66,27.32,27.37,27.52,16.93,0.51,15.15,19.04,16.66,16.99,17.16
2026-09-14 00:00:00+00:00,Évora,0705,37.67,0.31,36.82,39.21,37.53,37.60,37.76,26.90,0.29,26.12,28.18,26.73,26.88,26.98,15.96,0.47,14.95,17.75,15.68,15.97,16.13
2026-09-15 00:00:00+00:00,Évora,0705,34.13,0.66,31.27,36.90,33.96,34.05,34.26,25.60,0.59,22.10,27.21,25.45,25.75,25.85,17.89,0.81,14.21,18.80,17.71,18.06,18.39
2026-09-16 00:00:00+00:00,Évora,0705,30.58,0.38,29.91,32.66,30.41,30.50,30.62,22.27,0.31,21.23,23.39,22.04,22.33,22.40,16.75,0.36,14.47,17.25,16.68,16.85,16.94
2026-09-17 00:00:00+00:00,Évora,0705,31.86,0.18,31.03,32.88,31.80,31.87,31.95,23.21,0.33,20.97,23.65,23.17,23.29,23.35,15.76,0.74,11.16,17.36,15.69,15.88,16.00
2026-09-18 00:00:00+00:00,Évora,0705,31.46,0.30,30.73,32.66,31.31,31.37,31.48,22.48,0.27,20.76,23.20,22.44,22.49,22.57,13.53,0.71,9.45,15.00,13.31,13.58,13.78
2026-09-19 00:00:00+00:00,Évora,0705,33.79,0.21,33.23,34.77,33.66,33.76,33.83,24.52,0.22,23.63,25.48,24.43,24.47,24.58,14.38,0.45,12.74,15.63,14.26,14.52,14.61
2026-09-20 00:00:00+00:00,Évora,0705,34.29,0.26,33.72,35.56,34.13,34.23,34.30,25.63,0.14,25.41,26.41,25.58,25.60,25.62,16.05,0.41,14.90,16.95,15.87,16.19,16.32
2026-09-21 00:00:00+00:00,Évora,0705,34.74,0.14,34.04,35.38,34.67,34.71,34.78,25.18,0.20,24.52,26.10,25.13,25.17,25.20,15.15,0.44,14.20,16.67,14.91,15.21,15.35
2026-09-22 00:00:00+00:00,Évora,0705,36.70,0.25,36.02,37.86,36.54,36.65,36.79,25.62,0.35,24.34,27.03,25.52,25.69,25.74,15.20,0.57,12.76,16.71,15.04,15.34,15.56
2026-09-23 00:00:00+00:00,Évora,0705,38.57,0.13,38.04,39.19,38.47,38.57,38.64,25.88,0.29,24.83,27.15,25.72,25.81,26.01,15.16,0.58,12.47,16.42,15.10,15.30,15.38
2026-09-24 00:00:00+00:00,Évora,0705,37.47,0.28,36.04,38.57,37.39,37.46,37.54,25.99,0.31,24.63,27.10,25.89,26.01,26.07,14.03,0.52,12.75,16.44,13.76,13.89,14.12
2026-09-25 00:00:00+00:00,Évora,0705,35.13,0.61,32.86,37.75,34.89,35.06,35.21,25.71,0.54,22.29,26.80,25.66,25.82,25.92,16.92,0.69,12.34,18.08,16.87,16.97,17.26
2026-09-26 00:00:00+00:00,Évora,0705,36.26,0.31,35.81,37.85,36.12,36.17,36.24,24.93,0.36,23.25,25.90,24.74,24.86,25.17,13.33,0.65,10.99,15.11,12.89,13.13,13.72
2026-09-27 00:00:00+00:00,Évora,0705,32.43,0.28,31.91,33.58,32.22,32.33,32.62,24.52,0.23,23.24,25.32,24.47,24.51,24.57,17.69,0.39,16.54,19.41,17.46,17.56,17.82
2026-09-28 00:00:00+00:00,Évora,0705,29.52,0.21,29.10,30.23,29.38,29.54,29.64,21.80,0.23,21.51,22.90,21.68,21.75,21.79,15.85,0.40,14.73,17.21,15.64,15.82,16.02
2026-09-29 00:00:00+00:00,Évora,0705,30.10,0.27,29.62,30.90,29.92,29.98,30.20,23.13,0.16,23.00,23.74,23.02,23.06,23.18,18.84,0.19,18.60,19.68,18.71,18.76,18.93
2026-09-10 00:00:00+00:00,Montemor-o-Novo,0706,32.96,0.21,32.60,33.62,32.80,32.99,33.11,22.14,0.40,21.50,23.44,21.88,22.12,22.31,12.08,1.06,10.20,14.75,11.18,12.26,12.91
2026-09-11 00:00:00+00:00,Montemor-o-Novo,0706,35.55,0.34,35.00,36.55,35.26,35.57,35.76,24.24,0.45,23.59,26.06,23.99,24.10,24.28,12.91,0.93,11.50,16.52,12.30,12.93,13.24
2026-09-12 00:00:00+00:00,Montemor-o-Novo,0706,37.87,0.45,37.40,39.62,37.51,37.73,38.06,26.30,0.42,25.39,27.77,26.10,26.26,26.45,14.77,0.43,14.04,16.46,14.51,14.62,14.90
2026-09-13 00:00:00+00:00,Montemor-o-Novo,0706,38.13,0.28,37.80,39.16,37.91,38.07,38.29,26.67,0.40,25.68,27.62,26.42,26.79,26.90,15.72,0.35,14.45,16.61,15.59,15.67,15.88
2026-09-14 00:00:00+00:00,Montemor-o-Novo,0706,37.01,0.33,35.80,37.89,36.88,37.02,37.17,26.03,0.34,25.18,26.91,25.80,26.10,26.23,15.61,0.42,15.00,16.67,15.28,15.56,15.88
2026-09-15 00:00:00+00:00,Montemor-o-Novo,0706,31.61,0.67,30.35,33.91,31.26,31.41,31.72,22.74,0.74,21.95,25.62,22.29,22.50,22.85,15.08,0.74,14.10,17.80,14.63,14.96,15.22
2026-09-16 00:00:00+00:00,Montemor-o-Novo,0706,29.83,0.38,28.45,30.46,29.74,29.92,30.04,21.50,0.18,21.20,22.01,21.36,21.49,21.63,15.63,0.72,14.40,16.93,14.99,15.69,16.22
2026-09-17 00:00:00+00:00,Montemor-o-Novo,0706,31.34,0.31,31.00,32.70,31.12,31.22,31.52,21.60,0.48,20.90,23.13,21.29,21.50,21.84,13.13,1.21,11.00,16.47,12.16,13.34,13.96
2026-09-18 00:00:00+00:00,Montemor-o-Novo,0706,31.65,0.59,30.90,33.13,31.17,31.45,32.16,21.32,0.39,20.70,22.68,21.07,21.29,21.48,11.42,1.21,9.30,14.63,10.40,11.62,12.32
2026-09-19 00:00:00+00:00,Montemor-o-Novo,0706,34.32,0.76,33.40,36.17,33.62,34.11,35.06,23.77,0.25,23.14,24.71,23.64,23.70,23.84,12.92,0.52,11.44,14.74,12.61,12.92,13.08
2026-09-20 00:00:00+00:00,Montemor-o-Novo,0706,34.96,0.65,34.20,36.40,34.34,34.79,35.60,25.64,0.12,25.08,26.10,25.60,25.66,25.70,16.07,0.67,14.40,17.00,15.53,16.15,16.69
2026-09-21 00:00:00+00:00,Montemor-o-Novo,0706,35.43,0.63,34.70,36.86,34.82,35.27,36.04,24.99,0.25,24.60,25.91,24.80,25.00,25.14,15.73,0.42,14.39,16.79,15.52,15.76,16.08
2026-09-22 00:00:00+00:00,Montemor-o-Novo,0706,36.32,0.63,34.47,37.97,36.09,36.33,36.60,24.31,0.56,22.99,25.70,24.07,24.34,24.61,13.99,0.39,12.83,15.06,13.79,13.96,14.18
2026-09-23 00:00:00+00:00,Montemor-o-Novo,0706,38.24,0.21,37.57,38.92,38.15,38.22,38.34,24.63,0.69,22.92,26.17,24.29,24.81,25.02,13.51,0.54,12.78,15.70,13.19,13.33,13.64
2026-09-24 00:00:00+00:00,Montemor-o-Novo,0706,36.46,0.33,36.00,37.60,36.24,36.37,36.63,24.46,0.54,23.31,25.78,24.14,24.60,24.72,13.06,0.44,12.21,14.45,12.87,12.99,13.28
2026-09-25 00:00:00+00:00,Montemor-o-Novo,0706,33.32,0.43,32.80,34.84,33.05,33.21,33.40,22.73,0.83,21.28,25.66,22.28,22.49,22.87,13.61,1.05,12.20,17.27,12.91,13.31,14.17
2026-09-26 00:00:00+00:00,Montemor-o-Novo,0706,35.73,0.19,35.10,36.11,35.66,35.78,35.82,23.44,0.51,22.30,25.42,23.24,23.31,23.51,11.86,0.69,10.90,14.47,11.38,11.71,12.19
2026-09-27 00:00:00+00:00,Montemor-o-Novo,0706,32.38,0.31,31.90,33.20,32.11,32.40,32.56,23.60,0.29,23.20,24.62,23.39,23.52,23.73,16.87,0.30,16.50,18.14,16.70,16.81,16.94
2026-09-28 00:00:00+00:00,Montemor-o-Novo,0706,29.53,0.27,29.16,30.32,29.28,29.47,29.75,21.62,0.09,21.50,22.00,21.56,21.61,21.66,15.19,0.32,14.70,16.05,14.94,15.16,15.38
2026-09-29 00:00:00+00:00,Montemor-o-Novo,0706,30.07,0.29,29.60,30.75,29.82,30.09,30.30,23.40,0.12,23.03,23.73,23.37,23.40,23.45,19.30,0.21,18.74,19.79,19.19,19.25,19.45
2026-09-10 00:00:00+00:00,Mora,0707,33.55,0.13,33.23,33.70,33.45,33.59,33.66,22.80,0.07,22.56,23.09,22.77,22.79,22.80,13.38,0.11,12.94,13.51,13.28,13.41,13.49
2026-09-11 00:00:00+00:00,Mora,0707,36.96,0.41,35.91,37.40,36.70,37.10,37.31,24.47,0.10,24.33,24.76,24.40,24.42,24.51,13.43,0.15,13.25,13.90,13.32,13.37,13.48
2026-09-12 00:00:00+00:00,Mora,0707,40.21,0.66,38.58,40.90,39.77,40.43,40.76,27.07,0.11,26.80,27.20,26.98,27.10,27.17,15.71,0.16,15.26,15.90,15.59,15.75,15.86
2026-09-13 00:00:00+00:00,Mora,0707,39.50,0.39,38.49,39.90,39.25,39.63,39.82,27.78,0.18,27.40,28.00,27.65,27.83,27.95,17.09,0.16,16.71,17.30,16.94,17.11,17.24
2026-09-14 00:00:00+00:00,Mora,0707,37.90,0.08,37.68,38.19,37.87,37.90,37.92,27.33,0.13,26.98,27.50,27.22,27.36,27.45,17.17,0.28,16.57,17.50,16.91,17.23,17.42
2026-09-15 00:00:00+00:00,Mora,0707,32.08,0.18,31.65,32.67,31.98,32.00,32.13,23.36,0.15,23.06,23.82,23.28,23.30,23.40,16.25,0.09,15.90,16.52,16.22,16.25,16.29
2026-09-16 00:00:00+00:00,Mora,0707,30.39,0.15,30.22,31.01,30.30,30.32,30.43,22.03,0.09,21.84,22.41,21.99,22.00,22.05,16.43,0.11,16.07,16.88,16.38,16.40,16.45
2026-09-17 00:00:00+00:00,Mora,0707,31.33,0.06,31.09,31.40,31.31,31.35,31.38,22.88,0.10,22.47,23.04,22.83,22.91,22.96,16.93,0.39,15.68,17.40,16.65,17.03,17.27
2026-09-18 00:00:00+00:00,Mora,0707,33.35,0.34,32.52,33.70,33.10,33.49,33.65,22.22,0.07,21.94,22.30,22.18,22.25,22.28,13.41,0.35,12.55,13.80,13.14,13.51,13.72
2026-09-19 00:00:00+00:00,Mora,0707,36.69,0.69,34.92,37.40,36.25,36.92,37.27,24.52,0.16,24.10,24.70,24.41,24.57,24.66,13.56,0.11,13.19,13.70,13.49,13.57,13.65
2026-09-20 00:00:00+00:00,Mora,0707,36.70,0.50,35.41,37.20,36.37,36.90,37.12,26.28,0.21,25.78,26.50,26.15,26.35,26.46,17.12,0.24,16.63,17.40,16.94,17.17,17.33
2026-09-21 00:00:00+00:00,Mora,0707,37.10,0.41,36.06,37.50,36.80,37.26,37.44,26.29,0.29,25.64,26.60,26.07,26.38,26.54,17.24,0.51,16.00,17.80,16.88,17.38,17.68
2026-09-22 00:00:00+00:00,Mora,0707,38.24,0.25,37.62,38.50,38.04,38.34,38.46,25.81,0.09,25.45,25.90,25.76,25.84,25.88,15.30,0.27,14.47,15.60,15.10,15.37,15.54
2026-09-23 00:00:00+00:00,Mora,0707,39.13,0.16,38.70,39.30,39.02,39.19,39.27,26.22,0.09,25.83,26.42,26.18,26.25,26.28,14.91,0.16,14.42,15.10,14.78,14.95,15.07
2026-09-24 00:00:00+00:00,Mora,0707,37.23,0.06,37.01,37.30,37.19,37.25,37.28,25.17,0.05,24.95,25.34,25.14,25.17,25.19,15.04,0.30,14.45,15.40,14.77,15.11,15.32
2026-09-25 00:00:00+00:00,Mora,0707,33.29,0.11,33.15,33.60,33.20,33.23,33.34,22.95,0.14,22.60,23.41,22.88,22.90,22.99,13.97,0.15,13.73,14.50,13.89,13.90,14.02
2026-09-26 00:00:00+00:00,Mora,0707,35.43,0.13,35.30,35.74,35.33,35.39,35.51,23.26,0.08,23.13,23.56,23.20,23.22,23.28,12.24,0.16,11.65,12.40,12.16,12.28,12.37
2026-09-27 00:00:00+00:00,Mora,0707,32.75,0.13,32.37,32.90,32.65,32.79,32.87,23.95,0.04,23.83,24.00,23.92,23.95,23.98,17.59,0.19,17.03,17.80,17.46,17.64,17.76
2026-09-28 00:00:00+00:00,Mora,0707,29.67,0.13,29.28,29.80,29.60,29.71,29.77,22.18,0.11,21.92,22.30,22.10,22.22,22.27,15.97,0.11,15.69,16.10,15.87,15.99,16.07
2026-09-29 00:00:00+00:00,Mora,0707,30.79,0.20,30.25,31.00,30.66,30.86,30.96,23.85,0.14,23.46,24.00,23.76,23.90,23.97,19.91,0.19,19.42,20.10,19.78,19.97,20.06
2026-09-10 00:00:00+00:00,Mourão,0708,33.34,0.38,32.90,34.10,32.93,33.32,33.68,23.09,0.32,22.70,23.68,22.74,23.09,23.38,13.10,0.32,12.70,13.64,12.75,13.11,13.39
2026-09-11 00:00:00+00:00,Mourão,0708,36.19,0.36,35.80,36.95,35.82,36.16,36.49,25.49,0.33,25.10,26.14,25.13,25.47,25.78,14.12,0.44,13.60,14.93,13.65,14.13,14.52
2026-09-12 00:00:00+00:00,Mourão,0708,37.69,0.08,37.56,37.80,37.61,37.67,37.78,27.60,0.03,27.54,27.71,27.57,27.59,27.60,16.12,0.45,15.60,17.03,15.64,16.09,16.51
2026-09-13 00:00:00+00:00,Mourão,0708,38.89,0.32,38.40,39.30,38.59,38.85,39.25,28.59,0.07,28.42,28.70,28.54,28.58,28.67,17.83,0.49,17.30,18.91,17.33,17.78,18.24
2026-09-14 00:00:00+00:00,Mourão,0708,38.36,0.34,38.00,39.12,38.02,38.30,38.64,28.43,0.20,28.15,28.70,28.24,28.38,28.66,17.97,0.25,17.60,18.30,17.72,17.93,18.26
2026-09-15 00:00:00+00:00,Mourão,0708,36.49,0.11,36.24,36.88,36.42,36.47,36.50,26.60,0.22,26.40,27.15,26.40,26.53,26.76,17.15,0.56,16.50,18.24,16.55,17.13,17.64
2026-09-16 00:00:00+00:00,Mourão,0708,31.50,0.47,31.00,32.54,31.03,31.43,31.90,23.39,0.08,23.22,23.50,23.33,23.36,23.47,17.49,0.16,17.27,17.70,17.34,17.46,17.67
2026-09-17 00:00:00+00:00,Mourão,0708,31.78,0.01,31.74,31.80,31.77,31.78,31.79,23.03,0.28,22.70,23.57,22.73,23.03,23.29,14.61,1.28,13.11,17.05,13.23,14.60,15.75
2026-09-18 00:00:00+00:00,Mourão,0708,31.99,0.27,31.70,32.59,31.72,31.96,32.22,22.53,0.29,22.20,23.13,22.23,22.52,22.79,12.21,0.59,11.50,13.29,11.57,12.22,12.75
2026-09-19 00:00:00+00:00,Mourão,0708,34.69,0.33,34.14,35.10,34.38,34.66,35.05,25.48,0.08,25.34,25.60,25.41,25.45,25.57,15.20,0.13,15.09,15.58,15.10,15.14,15.29
2026-09-20 00:00:00+00:00,Mourão,0708,35.61,0.47,34.85,36.20,35.18,35.57,36.13,26.47,0.09,26.34,26.60,26.38,26.43,26.57,17.77,0.50,16.96,18.40,17.30,17.73,18.33
2026-09-21 00:00:00+00:00,Mourão,0708,35.27,0.26,34.84,35.60,35.03,35.25,35.56,26.59,0.31,26.15,27.00,26.28,26.54,26.95,17.62,0.53,16.81,18.30,17.11,17.57,18.22
2026-09-22 00:00:00+00:00,Mourão,0708,36.82,0.46,36.30,37.74,36.34,36.79,37.22,26.55,0.17,26.39,26.99,26.40,26.48,26.67,16.89,0.22,16.56,17.20,16.68,16.81,17.15
2026-09-23 00:00:00+00:00,Mourão,0708,37.97,0.48,37.40,38.89,37.45,37.96,38.40,26.31,0.36,25.90,27.07,25.93,26.27,26.62,14.97,0.66,14.20,16.27,14.27,14.96,15.55
2026-09-24 00:00:00+00:00,Mourão,0708,37.32,0.55,36.70,38.42,36.74,37.29,37.80,26.31,0.36,25.90,27.02,25.93,26.29,26.62,15.93,0.17,15.78,16.42,15.80,15.86,16.03
2026-09-25 00:00:00+00:00,Mourão,0708,37.08,0.22,36.89,37.69,36.90,36.99,37.23,26.18,0.26,25.90,26.73,25.92,26.15,26.40,16.33,0.78,15.40,17.79,15.48,16.31,17.03
2026-09-26 00:00:00+00:00,Mourão,0708,37.25,0.24,37.00,37.80,37.01,37.21,37.44,25.42,0.20,25.20,25.85,25.21,25.39,25.58,14.08,0.43,13.60,15.00,13.63,14.03,14.44
2026-09-27 00:00:00+00:00,Mourão,0708,33.12,0.15,32.97,33.51,32.99,33.05,33.22,24.82,0.20,24.60,25.26,24.61,24.79,24.99,17.45,0.90,16.40,19.19,16.49,17.42,18.26
2026-09-28 00:00:00+00:00,Mourão,0708,29.92,0.12,29.80,30.19,29.80,29.90,30.01,23.21,0.22,22.92,23.50,23.00,23.17,23.46,18.24,0.53,17.36,18.90,17.74,18.20,18.83
2026-09-29 00:00:00+00:00,Mourão,0708,30.45,0.03,30.37,30.51,30.42,30.45,30.49,23.85,0.11,23.70,24.00,23.74,23.81,23.97,18.57,0.23,18.30,19.00,18.32,18.58,18.79
2026-09-10 00:00:00+00:00,Portel,0709,33.73,0.18,33.28,34.00,33.63,33.74,33.88,23.38,0.09,23.10,23.58,23.34,23.40,23.43,12.77,0.50,11.90,13.62,12.31,12.92,13.17
2026-09-11 00:00:00+00:00,Portel,0709,36.28,0.14,35.97,36.52,36.18,36.27,36.39,25.69,0.08,25.47,25.92,25.66,25.70,25.72,13.92,0.52,13.00,14.74,13.43,14.10,14.34
2026-09-12 00:00:00+00:00,Portel,0709,37.80,0.22,37.45,38.20,37.60,37.72,38.02,27.10,0.20,26.80,27.47,26.91,27.11,27.27,15.53,0.57,14.60,16.44,14.97,15.64,16.07
2026-09-13 00:00:00+00:00,Portel,0709,38.48,0.17,38.10,38.80,38.35,38.42,38.63,27.45,0.36,27.00,28.28,27.10,27.40,27.74,16.46,0.89,15.10,17.88,15.57,16.56,17.29
2026-09-14 00:00:00+00:00,Portel,0709,37.92,0.15,37.68,38.46,37.82,37.87,37.99,27.16,0.29,26.83,28.05,26.90,27.05,27.35,16.02,0.78,14.90,17.65,15.29,16.01,16.67
2026-09-15 00:00:00+00:00,Portel,0709,34.95,0.36,34.46,35.93,34.68,34.78,35.21,25.54,0.37,25.05,26.38,25.17,25.48,25.84,16.15,0.93,14.60,17.57,15.26,16.39,17.00
2026-09-16 00:00:00+00:00,Portel,0709,30.60,0.36,30.18,31.58,30.26,30.51,30.87,22.56,0.15,22.37,23.07,22.45,22.49,22.64,16.88,0.15,16.70,17.33,16.74,16.86,16.98
2026-09-17 00:00:00+00:00,Portel,0709,31.99,0.14,31.75,32.20,31.86,31.97,32.13,23.39,0.14,23.02,23.60,23.30,23.41,23.51,14.72,0.55,13.90,16.08,14.23,14.73,15.09
2026-09-18 00:00:00+00:00,Portel,0709,32.12,0.20,31.71,32.50,31.97,32.07,32.29,22.61,0.06,22.50,22.84,22.58,22.59,22.62,12.51,0.35,11.90,13.18,12.19,12.62,12.77
2026-09-19 00:00:00+00:00,Portel,0709,34.42,0.21,34.03,34.80,34.26,34.35,34.60,24.70,0.20,24.49,25.24,24.52,24.64,24.84,13.76,0.72,12.70,14.94,13.04,13.82,14.38
2026-09-20 00:00:00+00:00,Portel,0709,35.15,0.25,34.58,35.60,34.97,35.08,35.36,25.79,0.18,25.60,26.28,25.63,25.75,25.92,16.10,0.59,15.30,17.54,15.56,16.07,16.55
2026-09-21 00:00:00+00:00,Portel,0709,35.14,0.15,34.84,35.40,35.02,35.10,35.28,25.12,0.46,24.50,26.27,24.69,25.10,25.47,15.29,0.82,14.20,17.25,14.51,15.23,15.92
2026-09-22 00:00:00+00:00,Portel,0709,37.04,0.17,36.64,37.30,36.92,37.04,37.18,25.34,0.48,24.70,26.25,24.86,25.31,25.75,14.31,1.09,12.70,16.42,13.23,14.40,15.22
2026-09-23 00:00:00+00:00,Portel,0709,38.63,0.22,37.98,38.90,38.50,38.69,38.80,25.78,0.29,25.40,26.47,25.49,25.75,26.03,13.99,0.98,12.40,15.44,13.01,14.20,14.92
2026-09-24 00:00:00+00:00,Portel,0709,37.41,0.20,36.96,38.00,37.27,37.39,37.52,26.26,0.16,26.01,26.69,26.12,26.26,26.36,14.01,0.91,12.70,15.61,13.14,14.01,14.82
2026-09-25 00:00:00+00:00,Portel,0709,35.71,0.54,34.81,36.85,35.25,35.65,36.17,25.92,0.20,25.54,26.40,25.78,25.91,26.07,17.32,0.20,16.48,17.79,17.23,17.33,17.44
2026-09-26 00:00:00+00:00,Portel,0709,36.69,0.29,36.20,37.32,36.42,36.68,36.95,25.24,0.14,24.93,25.56,25.13,25.23,25.36,13.86,0.28,13.25,14.47,13.62,13.89,14.09
2026-09-27 00:00:00+00:00,Portel,0709,32.53,0.19,32.04,33.08,32.42,32.51,32.66,24.58,0.15,24.34,24.98,24.46,24.56,24.68,17.90,0.24,17.44,18.65,17.71,17.88,18.01
2026-09-28 00:00:00+00:00,Portel,0709,29.74,0.12,29.47,29.99,29.64,29.77,29.84,22.15,0.29,21.73,22.93,21.90,22.11,22.38,16.80,0.46,16.04,18.03,16.42,16.74,17.13
2026-09-29 00:00:00+00:00,Portel,0709,30.00,0.14,29.80,30.30,29.86,29.99,30.12,23.55,0.08,23.28,23.70,23.49,23.53,23.61,19.30,0.26,18.70,19.70,19.10,19.27,19.55
2026-09-10 00:00:00+00:00,Redondo,0710,33.52,0.42,32.47,34.27,33.21,33.53,33.87,23.43,0.27,22.59,23.79,23.25,23.50,23.65,13.58,0.30,12.49,14.05,13.44,13.70,13.76
2026-09-11 00:00:00+00:00,Redondo,0710,36.08,0.59,34.66,37.16,35.64,36.06,36.56,25.64,0.40,24.59,26.28,25.35,25.68,25.96,14.65,0.40,13.48,15.11,14.40,14.79,14.99
2026-09-12 00:00:00+00:00,Redondo,0710,37.17,0.29,36.28,37.59,37.01,37.22,37.41,27.08,0.46,25.78,27.78,26.77,27.17,27.46,16.27,0.47,15.44,17.26,15.90,16.19,16.65
2026-09-13 00:00:00+00:00,Redondo,0710,37.79,0.40,36.62,38.38,37.53,37.85,38.12,27.85,0.43,27.08,28.76,27.48,27.75,28.20,17.64,0.74,16.32,19.23,17.03,17.49,18.24
2026-09-14 00:00:00+00:00,Redondo,0710,38.16,0.55,37.13,39.35,37.71,38.04,38.62,27.64,0.27,27.13,28.27,27.44,27.62,27.83,16.95,0.33,16.30,17.67,16.70,16.96,17.16
2026-09-15 00:00:00+00:00,Redondo,0710,35.15,0.92,33.68,37.12,34.37,34.92,35.91,26.18,0.55,25.28,27.35,25.72,26.08,26.63,18.03,0.23,17.55,18.47,17.83,18.05,18.20
2026-09-16 00:00:00+00:00,Redondo,0710,31.48,0.59,30.68,32.84,30.98,31.29,31.94,22.69,0.38,21.93,23.47,22.38,22.63,23.01,16.95,0.17,16.64,17.29,16.82,16.94,17.09
2026-09-17 00:00:00+00:00,Redondo,0710,31.41,0.40,30.14,31.84,31.19,31.57,31.74,23.20,0.30,22.36,23.68,22.99,23.25,23.46,16.17,0.67,14.62,17.54,15.68,16.10,16.72
2026-09-18 00:00:00+00:00,Redondo,0710,31.76,0.51,30.61,32.76,31.40,31.69,32.19,22.45,0.49,21.18,23.27,22.10,22.49,22.85,13.07,0.36,12.01,13.48,12.83,13.19,13.37
2026-09-19 00:00:00+00:00,Redondo,0710,33.73,0.28,32.86,34.09,33.57,33.79,33.95,24.61,0.53,23.35,25.57,24.22,24.60,25.05,14.64,0.56,13.50,15.75,14.21,14.59,15.09
2026-09-20 00:00:00+00:00,Redondo,0710,34.17,0.43,32.89,34.79,33.92,34.24,34.52,25.70,0.45,24.54,26.47,25.38,25.72,26.07,16.24,0.40,15.12,16.88,15.97,16.29,16.56
2026-09-21 00:00:00+00:00,Redondo,0710,34.41,0.36,33.19,34.80,34.23,34.54,34.69,25.41,0.40,24.48,26.17,25.12,25.37,25.74,16.11,0.30,15.52,16.77,15.88,16.11,16.29
2026-09-22 00:00:00+00:00,Redondo,0710,37.07,0.42,36.23,37.96,36.73,36.97,37.41,26.32,0.35,25.81,27.16,26.05,26.19,26.57,15.68,0.56,14.59,16.85,15.24,15.61,16.13
2026-09-23 00:00:00+00:00,Redondo,0710,38.44,0.41,37.30,39.08,38.18,38.52,38.77,26.60,0.28,26.06,27.26,26.38,26.59,26.76,15.71,0.34,15.26,16.55,15.45,15.57,15.94
2026-09-24 00:00:00+00:00,Redondo,0710,37.60,0.58,36.24,38.66,37.16,37.58,38.08,26.51,0.29,26.07,27.17,26.28,26.42,26.74,15.18,0.61,14.22,16.63,14.74,14.98,15.64
2026-09-25 00:00:00+00:00,Redondo,0710,36.01,0.94,34.35,37.93,35.21,35.82,36.81,26.06,0.40,25.42,26.87,25.70,26.00,26.40,17.11,0.48,16.26,18.06,16.66,17.05,17.51
2026-09-26 00:00:00+00:00,Redondo,0710,36.82,0.54,35.90,37.96,36.36,36.69,37.28,25.03,0.51,23.91,25.97,24.62,25.00,25.45,13.63,0.82,11.97,15.24,12.96,13.51,14.32
2026-09-27 00:00:00+00:00,Redondo,0710,32.59,0.57,31.26,33.66,32.17,32.54,33.07,24.73,0.33,24.07,25.38,24.46,24.68,25.00,18.16,0.67,16.96,19.55,17.60,18.01,18.72
2026-09-28 00:00:00+00:00,Redondo,0710,29.51,0.50,28.17,30.28,29.18,29.58,29.91,22.12,0.44,21.16,22.97,21.79,22.06,22.50,16.73,0.28,16.12,17.28,16.51,16.76,16.91
2026-09-29 00:00:00+00:00,Redondo,0710,29.87,0.46,28.56,30.58,29.58,29.94,30.24,23.20,0.32,22.39,23.78,22.97,23.19,23.47,18.77,0.19,18.27,19.09,18.64,18.78,18.93
2026-09-10 00:00:00+00:00,Reguengos de Monsaraz,0711,34.03,0.27,33.28,34.30,33.88,34.13,34.25,23.64,0.18,23.09,23.80,23.55,23.71,23.78,13.58,0.15,13.11,13.70,13.51,13.65,13.70
2026-09-11 00:00:00+00:00,Reguengos de Monsaraz,0711,36.85,0.33,36.04,37.20,36.61,36.97,37.13,26.08,0.22,25.46,26.30,25.95,26.16,26.26,14.87,0.25,14.15,15.10,14.73,14.97,15.07
2026-09-12 00:00:00+00:00,Reguengos de Monsaraz,0711,37.59,0.02,37.54,37.67,37.57,37.58,37.60,27.66,0.12,27.42,27.80,27.55,27.70,27.77,16.91,0.36,16.07,17.30,16.62,17.05,17.23
2026-09-13 00:00:00+00:00,Reguengos de Monsaraz,0711,38.41,0.08,38.28,38.80,38.37,38.39,38.40,28.56,0.21,28.03,28.80,28.38,28.64,28.75,18.71,0.53,17.63,19.30,18.24,18.91,19.19
2026-09-14 00:00:00+00:00,Reguengos de Monsaraz,0711,38.98,0.39,38.12,39.40,38.65,39.12,39.32,28.13,0.17,27.62,28.30,28.02,28.19,28.27,17.53,0.19,16.86,17.81,17.44,17.61,17.67
2026-09-15 00:00:00+00:00,Reguengos de Monsaraz,0711,36.68,0.46,35.72,37.20,36.24,36.84,37.09,26.99,0.37,26.23,27.40,26.66,27.13,27.32,18.09,0.42,17.02,18.50,17.78,18.26,18.44
2026-09-16 00:00:00+00:00,Reguengos de Monsaraz,0711,32.33,0.53,31.14,32.90,31.87,32.53,32.80,23.30,0.17,22.90,23.50,23.16,23.36,23.46,17.25,0.06,17.05,17.42,17.22,17.27,17.29
2026-09-17 00:00:00+00:00,Reguengos de Monsaraz,0711,31.79,0.01,31.77,31.84,31.78,31.80,31.80,23.53,0.18,23.02,23.70,23.44,23.60,23.67,16.79,0.83,14.49,17.60,16.29,17.11,17.48
2026-09-18 00:00:00+00:00,Reguengos de Monsaraz,0711,32.51,0.27,31.87,32.80,32.29,32.60,32.74,23.06,0.22,22.49,23.30,22.90,23.14,23.25,13.23,0.30,12.27,13.50,13.09,13.35,13.46
2026-09-19 00:00:00+00:00,Reguengos de Monsaraz,0711,34.17,0.11,34.08,34.63,34.10,34.11,34.19,25.42,0.16,25.03,25.60,25.29,25.46,25.56,15.45,0.31,14.77,15.80,15.15,15.57,15.73
2026-09-20 00:00:00+00:00,Reguengos de Monsaraz,0711,34.88,0.16,34.73,35.52,34.80,34.80,34.90,26.37,0.12,26.05,26.50,26.28,26.40,26.47,16.93,0.18,16.54,17.66,16.87,16.90,16.94
2026-09-21 00:00:00+00:00,Reguengos de Monsaraz,0711,34.87,0.10,34.79,35.24,34.80,34.82,34.90,26.10,0.13,25.63,26.44,26.04,26.15,26.18,16.72,0.20,16.03,17.44,16.65,16.77,16.80
2026-09-22 00:00:00+00:00,Reguengos de Monsaraz,0711,37.63,0.36,36.69,38.00,37.39,37.77,37.94,26.84,0.33,26.16,27.20,26.53,26.97,27.13,16.58,0.30,15.67,16.90,16.39,16.67,16.83
2026-09-23 00:00:00+00:00,Reguengos de Monsaraz,0711,38.83,0.29,37.97,39.10,38.70,38.94,39.06,26.93,0.35,26.14,27.30,26.64,27.06,27.24,16.09,0.49,14.94,16.60,15.70,16.28,16.52
2026-09-24 00:00:00+00:00,Reguengos de Monsaraz,0711,38.30,0.41,37.16,38.70,38.08,38.46,38.64,26.94,0.26,26.26,27.20,26.76,27.04,27.16,16.22,0.42,15.23,16.70,15.82,16.37,16.60
2026-09-25 00:00:00+00:00,Reguengos de Monsaraz,0711,37.52,0.43,36.64,38.00,37.13,37.68,37.90,26.65,0.23,26.09,26.90,26.47,26.74,26.85,17.71,0.42,16.36,18.10,17.53,17.87,18.04
2026-09-26 00:00:00+00:00,Reguengos de Monsaraz,0711,37.69,0.28,37.09,38.00,37.46,37.79,37.94,25.79,0.19,25.37,26.00,25.64,25.86,25.96,14.89,0.38,13.99,15.30,14.59,15.03,15.22
2026-09-27 00:00:00+00:00,Reguengos de Monsaraz,0711,33.42,0.27,32.76,33.70,33.21,33.51,33.65,25.19,0.20,24.68,25.40,25.04,25.27,25.36,19.04,0.58,17.41,19.60,18.72,19.26,19.51
2026-09-28 00:00:00+00:00,Reguengos de Monsaraz,0711,30.15,0.13,29.85,30.30,30.05,30.20,30.27,22.89,0.11,22.55,23.09,22.83,22.94,22.97,17.35,0.20,16.97,18.14,17.27,17.30,17.35
2026-09-29 00:00:00+00:00,Reguengos de Monsaraz,0711,30.47,0.11,30.23,30.60,30.37,30.50,30.57,23.72,0.07,23.54,23.80,23.67,23.73,23.78,19.01,0.10,18.63,19.10,18.98,19.05,19.08
2026-09-10 00:00:00+00:00,Vendas Novas,0712,32.98,0.02,32.90,33.03,32.97,32.98,32.99,22.03,0.07,21.90,22.18,21.96,22.04,22.10,12.73,0.24,11.97,13.25,12.59,12.75,12.88
2026-09-11 00:00:00+00:00,Vendas Novas,0712,36.03,0.23,35.53,36.39,35.84,36.03,36.25,23.96,0.06,23.85,24.11,23.91,23.93,23.99,13.08,0.13,12.74,13.53,13.00,13.09,13.15
2026-09-12 00:00:00+00:00,Vendas Novas,0712,38.07,0.08,37.83,38.22,38.03,38.09,38.13,25.84,0.11,25.68,26.16,25.78,25.79,25.87,14.50,0.04,14.38,14.61,14.49,14.50,14.52
2026-09-13 00:00:00+00:00,Vendas Novas,0712,38.29,0.10,38.05,38.49,38.22,38.26,38.38,26.07,0.15,25.84,26.51,25.98,26.00,26.12,15.55,0.11,15.20,15.70,15.49,15.57,15.65
2026-09-14 00:00:00+00:00,Vendas Novas,0712,36.90,0.15,36.41,37.19,36.82,36.88,37.00,25.61,0.11,25.39,25.92,25.57,25.58,25.63,16.41,0.30,15.68,16.70,16.19,16.54,16.68
2026-09-15 00:00:00+00:00,Vendas Novas,0712,31.15,0.13,30.70,31.39,31.09,31.18,31.25,22.22,0.12,22.08,22.50,22.11,22.16,22.29,15.06,0.16,14.75,15.29,14.91,15.06,15.21
2026-09-16 00:00:00+00:00,Vendas Novas,0712,28.78,0.39,28.37,29.64,28.43,28.64,29.10,21.33,0.09,21.20,21.47,21.25,21.33,21.42,16.54,0.30,15.64,16.94,16.39,16.68,16.73
2026-09-17 00:00:00+00:00,Vendas Novas,0712,31.23,0.06,31.09,31.44,31.19,31.21,31.26,21.29,0.12,21.10,21.49,21.17,21.29,21.41,14.02,0.37,12.93,14.56,13.80,14.15,14.31
2026-09-18 00:00:00+00:00,Vendas Novas,0712,32.41,0.24,31.68,32.70,32.29,32.48,32.59,21.22,0.06,21.10,21.37,21.16,21.24,21.27,12.48,0.37,11.31,13.08,12.34,12.62,12.69
2026-09-19 00:00:00+00:00,Vendas Novas,0712,35.44,0.40,34.39,35.99,35.17,35.48,35.80,23.69,0.07,23.48,23.80,23.65,23.68,23.75,12.50,0.09,12.22,12.77,12.47,12.50,12.53
2026-09-20 00:00:00+00:00,Vendas Novas,0712,35.85,0.26,35.04,36.10,35.74,35.94,36.05,25.65,0.05,25.49,25.70,25.63,25.65,25.69,15.18,0.25,14.95,16.01,15.02,15.07,15.26
2026-09-21 00:00:00+00:00,Vendas Novas,0712,36.22,0.21,35.50,36.41,36.14,36.30,36.37,25.26,0.12,24.98,25.40,25.16,25.29,25.37,15.70,0.15,15.29,15.90,15.60,15.71,15.83
2026-09-22 00:00:00+00:00,Vendas Novas,0712,35.64,0.32,34.72,36.23,35.51,35.58,35.89,23.33,0.34,22.90,24.10,23.01,23.22,23.60,13.46,0.13,13.30,13.84,13.36,13.43,13.53
2026-09-23 00:00:00+00:00,Vendas Novas,0712,38.14,0.15,37.53,38.39,38.09,38.14,38.21,23.35,0.44,22.84,24.36,22.93,23.22,23.69,13.38,0.08,13.20,13.50,13.32,13.38,13.46
2026-09-24 00:00:00+00:00,Vendas Novas,0712,36.37,0.06,36.14,36.52,36.36,36.37,36.41,23.62,0.25,23.36,24.28,23.42,23.53,23.75,12.42,0.23,12.11,12.91,12.21,12.37,12.58
2026-09-25 00:00:00+00:00,Vendas Novas,0712,32.96,0.14,32.80,33.22,32.82,32.93,33.10,21.99,0.20,21.72,22.49,21.83,21.91,22.10,13.95,0.27,13.37,14.33,13.70,14.03,14.20
2026-09-26 00:00:00+00:00,Vendas Novas,0712,35.28,0.20,34.95,35.68,35.10,35.22,35.46,23.22,0.07,22.98,23.35,23.21,23.22,23.26,12.57,0.37,11.78,13.08,12.23,12.70,12.90
2026-09-27 00:00:00+00:00,Vendas Novas,0712,32.77,0.17,32.37,33.00,32.62,32.81,32.92,23.61,0.05,23.50,23.78,23.58,23.61,23.62,16.78,0.04,16.70,16.96,16.76,16.78,16.79
2026-09-28 00:00:00+00:00,Vendas Novas,0712,29.85,0.08,29.57,29.95,29.83,29.88,29.90,21.74,0.06,21.62,21.80,21.70,21.76,21.80,15.78,0.28,15.21,16.10,15.51,15.85,16.05
2026-09-29 00:00:00+00:00,Vendas Novas,0712,30.45,0.25,30.00,30.89,30.24,30.40,30.68,23.32,0.04,23.24,23.42,23.29,23.31,23.36,19.46,0.06,19.32,19.62,19.42,19.46,19.49
2026-09-10 00:00:00+00:00,Viana do Alentejo,0713,33.45,0.12,33.25,33.93,33.40,33.41,33.48,23.16,0.13,22.76,23.44,23.09,23.20,23.23,13.82,0.43,12.18,14.30,13.55,13.95,14.18
2026-09-11 00:00:00+00:00,Viana do Alentejo,0713,35.66,0.20,35.40,36.39,35.49,35.64,35.75,25.35,0.30,24.27,25.71,25.22,25.49,25.53,14.87,0.47,13.28,15.64,14.58,15.04,15.25
2026-09-12 00:00:00+00:00,Viana do Alentejo,0713,37.61,0.12,37.50,38.10,37.52,37.56,37.66,27.23,0.36,25.98,27.60,27.02,27.35,27.52,16.12,0.54,14.74,16.80,15.73,16.21,16.61
2026-09-13 00:00:00+00:00,Viana do Alentejo,0713,38.02,0.19,37.80,38.68,37.87,37.97,38.12,27.03,0.28,26.05,27.43,26.91,27.12,27.21,16.65,0.44,15.35,17.20,16.36,16.72,17.06
2026-09-14 00:00:00+00:00,Viana do Alentejo,0713,36.93,0.34,35.58,37.80,36.81,36.90,37.11,26.34,0.27,25.23,26.86,26.27,26.41,26.46,16.73,0.71,15.17,17.80,16.09,16.63,17.44
2026-09-15 00:00:00+00:00,Viana do Alentejo,0713,33.86,0.54,32.34,34.64,33.49,34.07,34.29,24.52,0.33,23.50,25.22,24.42,24.55,24.69,17.10,0.64,14.99,17.80,16.68,17.31,17.62
2026-09-16 00:00:00+00:00,Viana do Alentejo,0713,30.11,0.15,29.90,30.58,29.97,30.13,30.22,21.83,0.17,21.60,22.42,21.69,21.83,21.89,16.69,0.14,16.21,16.95,16.63,16.74,16.78
2026-09-17 00:00:00+00:00,Viana do Alentejo,0713,32.08,0.19,31.81,33.10,32.00,32.01,32.10,22.99,0.23,22.38,23.54,22.84,23.05,23.10,15.16,0.45,13.99,15.77,14.85,15.33,15.55
2026-09-18 00:00:00+00:00,Viana do Alentejo,0713,31.42,0.21,31.20,32.35,31.28,31.38,31.49,22.31,0.16,21.87,22.58,22.21,22.38,22.41,12.88,0.23,12.05,13.70,12.80,12.88,12.95
2026-09-19 00:00:00+00:00,Viana do Alentejo,0713,33.96,0.27,33.70,34.99,33.75,33.85,34.11,24.29,0.20,23.52,24.51,24.21,24.39,24.41,13.25,0.29,12.27,14.14,13.11,13.20,13.38
2026-09-20 00:00:00+00:00,Viana do Alentejo,0713,34.48,0.34,34.10,35.59,34.21,34.39,34.68,25.58,0.02,25.48,25.60,25.57,25.59,25.60,16.01,0.29,15.13,16.40,15.82,15.99,16.28
2026-09-21 00:00:00+00:00,Viana do Alentejo,0713,35.06,0.22,34.82,36.04,34.91,34.97,35.15,25.29,0.17,24.61,25.50,25.21,25.29,25.42,15.17,0.19,14.33,15.38,15.13,15.24,15.28
2026-09-22 00:00:00+00:00,Viana do Alentejo,0713,36.39,0.45,34.58,37.21,36.21,36.57,36.61,24.75,0.30,23.45,25.32,24.71,24.81,24.89,14.17,0.28,12.93,14.77,14.10,14.17,14.30
2026-09-23 00:00:00+00:00,Viana do Alentejo,0713,38.41,0.18,37.80,38.85,38.31,38.46,38.50,25.31,0.45,23.41,25.80,25.17,25.54,25.60,14.56,0.50,12.73,15.19,14.33,14.77,14.95
2026-09-24 00:00:00+00:00,Viana do Alentejo,0713,37.27,0.28,36.34,37.50,37.10,37.41,37.48,25.66,0.50,23.93,26.10,25.37,25.88,26.06,14.62,0.84,12.62,15.80,13.94,14.59,15.44
2026-09-25 00:00:00+00:00,Viana do Alentejo,0713,34.61,0.16,34.09,34.90,34.50,34.69,34.71,25.13,0.48,23.77,25.67,24.81,25.37,25.50,17.21,0.84,15.25,18.10,16.55,17.52,17.94
2026-09-26 00:00:00+00:00,Viana do Alentejo,0713,36.14,0.07,35.96,36.23,36.09,36.17,36.20,24.91,0.43,23.50,25.30,24.64,25.11,25.25,13.39,0.39,12.13,13.82,13.16,13.59,13.68
2026-09-27 00:00:00+00:00,Viana do Alentejo,0713,32.90,0.13,32.57,33.46,32.81,32.92,32.98,24.28,0.07,24.02,24.44,24.24,24.30,24.32,17.46,0.14,16.97,17.78,17.41,17.50,17.53
2026-09-28 00:00:00+00:00,Viana do Alentejo,0713,29.55,0.23,29.34,30.56,29.41,29.45,29.61,21.69,0.02,21.64,21.73,21.68,21.70,21.70,16.18,0.34,15.47,16.60,15.87,16.24,16.51
2026-09-29 00:00:00+00:00,Viana do Alentejo,0713,30.05,0.22,29.80,30.74,29.84,30.00,30.24,23.19,0.17,23.00,23.76,23.05,23.15,23.30,19.16,0.11,18.90,19.62,19.10,19.15,19.20
2026-09-10 00:00:00+00:00,Vila Viçosa,0714,32.87,0.26,32.38,33.34,32.66,32.87,33.08,23.56,0.75,22.54,25.11,22.94,23.28,24.17,14.51,1.62,12.43,17.90,13.12,13.93,15.85
2026-09-11 00:00:00+00:00,Vila Viçosa,0714,35.15,0.30,34.53,35.69,34.91,35.18,35.40,25.11,0.34,24.51,25.74,24.85,25.09,25.37,13.87,0.24,13.35,14.20,13.69,13.91,14.09
2026-09-12 00:00:00+00:00,Vila Viçosa,0714,36.52,0.15,36.17,36.92,36.41,36.55,36.64,26.22,0.26,25.65,26.67,26.02,26.26,26.44,15.40,0.22,14.90,15.98,15.26,15.41,15.53
2026-09-13 00:00:00+00:00,Vila Viçosa,0714,36.81,0.16,36.48,37.42,36.74,36.82,36.88,27.18,0.12,27.01,27.67,27.10,27.15,27.23,16.31,0.30,15.72,17.23,16.12,16.30,16.48
2026-09-14 00:00:00+00:00,Vila Viçosa,0714,37.47,0.20,37.06,37.94,37.32,37.49,37.63,28.12,0.38,27.66,28.91,27.78,27.99,28.43,18.10,0.88,17.06,19.90,17.31,17.81,18.84
2026-09-15 00:00:00+00:00,Vila Viçosa,0714,34.49,0.50,33.63,35.47,34.09,34.46,34.89,26.02,0.51,25.27,27.07,25.60,25.90,26.42,17.46,0.13,17.23,17.80,17.36,17.48,17.54
2026-09-16 00:00:00+00:00,Vila Viçosa,0714,31.41,0.51,30.66,32.46,30.98,31.28,31.80,22.81,0.64,21.91,24.14,22.27,22.58,23.33,16.66,0.05,16.60,16.87,16.62,16.64,16.67
2026-09-17 00:00:00+00:00,Vila Viçosa,0714,30.60,0.30,30.02,31.13,30.36,30.60,30.84,23.11,0.56,22.30,24.26,22.65,22.93,23.55,16.16,1.15,14.52,18.52,15.22,15.77,17.09
2026-09-18 00:00:00+00:00,Vila Viçosa,0714,31.00,0.24,30.50,31.48,30.82,31.03,31.20,21.86,0.45,21.07,22.71,21.51,21.82,22.21,12.17,0.13,11.88,12.63,12.11,12.17,12.23
2026-09-19 00:00:00+00:00,Vila Viçosa,0714,33.13,0.17,32.76,33.48,33.01,33.15,33.28,23.83,0.28,23.24,24.27,23.62,23.86,24.08,13.64,0.17,13.37,14.26,13.52,13.61,13.74
2026-09-20 00:00:00+00:00,Vila Viçosa,0714,33.45,0.35,32.77,34.04,33.17,33.45,33.73,25.01,0.28,24.44,25.46,24.79,25.02,25.25,16.16,0.72,15.04,17.56,15.57,15.97,16.77
2026-09-21 00:00:00+00:00,Vila Viçosa,0714,33.60,0.26,33.05,34.03,33.40,33.63,33.82,24.96,0.29,24.41,25.46,24.73,24.96,25.19,16.53,0.22,16.22,16.96,16.33,16.48,16.73
2026-09-22 00:00:00+00:00,Vila Viçosa,0714,36.68,0.29,36.17,37.24,36.45,36.65,36.91,26.24,0.10,26.06,26.39,26.17,26.25,26.33,14.68,0.20,14.30,15.32,14.54,14.66,14.81
2026-09-23 00:00:00+00:00,Vila Viçosa,0714,37.44,0.15,37.15,38.05,37.37,37.42,37.49,26.69,0.07,26.53,26.78,26.64,26.71,26.75,15.20,0.37,14.35,15.61,14.91,15.35,15.50
2026-09-24 00:00:00+00:00,Vila Viçosa,0714,36.79,0.35,36.13,37.42,36.51,36.78,37.06,26.44,0.12,26.25,26.67,26.34,26.42,26.53,14.91,0.09,14.75,15.21,14.85,14.90,14.97
2026-09-25 00:00:00+00:00,Vila Viçosa,0714,35.37,0.67,34.28,36.72,34.82,35.24,35.87,25.97,0.39,25.41,26.79,25.64,25.87,26.28,16.46,0.12,16.20,16.89,16.40,16.49,16.52
2026-09-26 00:00:00+00:00,Vila Viçosa,0714,36.53,0.42,35.87,37.39,36.18,36.44,36.85,24.67,0.52,23.84,25.69,24.25,24.57,25.08,12.74,0.45,11.85,13.45,12.40,12.76,13.12
2026-09-27 00:00:00+00:00,Vila Viçosa,0714,32.04,0.52,31.17,33.07,31.62,31.95,32.44,24.56,0.33,24.04,25.22,24.28,24.49,24.82,17.29,0.19,16.87,17.86,17.15,17.32,17.43
2026-09-28 00:00:00+00:00,Vila Viçosa,0714,29.00,0.58,28.07,30.16,28.53,28.88,29.45,21.78,0.42,21.10,22.60,21.45,21.70,22.11,17.28,0.29,16.91,17.91,17.03,17.17,17.52
2026-09-29 00:00:00+00:00,Vila Viçosa,0714,28.97,0.26,28.42,29.48,28.77,28.99,29.19,22.44,0.12,22.29,22.96,22.36,22.40,22.50,17.67,0.57,16.45,18.53,17.18,17.86,18.16
2026-09-10 00:00:00+00:00,Albufeira,0801,28.83,0.08,28.48,29.06,28.80,28.81,28.84,21.84,0.04,21.80,22.04,21.81,21.82,21.85,16.28,0.16,15.75,16.52,16.23,16.37,16.39
2026-09-11 00:00:00+00:00,Albufeira,0801,28.63,0.29,28.40,29.49,28.42,28.47,28.75,24.00,0.03,23.89,24.15,23.98,24.00,24.00,18.30,0.15,17.81,18.54,18.24,18.37,18.39
2026-09-12 00:00:00+00:00,Albufeira,0801,29.35,0.43,29.00,30.56,29.04,29.12,29.55,24.98,0.03,24.88,25.07,24.97,24.99,25.00,19.99,0.23,19.27,20.20,19.88,20.09,20.17
2026-09-13 00:00:00+00:00,Albufeira,0801,28.41,0.50,28.00,29.80,28.04,28.15,28.64,24.74,0.06,24.67,24.93,24.70,24.71,24.76,20.04,0.19,19.43,20.20,19.95,20.13,20.17
2026-09-14 00:00:00+00:00,Albufeira,0801,29.32,0.51,28.90,30.73,28.94,29.05,29.55,25.20,0.04,25.13,25.35,25.18,25.20,25.20,20.22,0.20,19.59,20.40,20.12,20.31,20.37
2026-09-15 00:00:00+00:00,Albufeira,0801,35.08,0.05,34.89,35.22,35.07,35.09,35.10,25.81,0.09,25.48,25.90,25.78,25.85,25.88,18.48,0.17,17.92,18.77,18.41,18.56,18.59
2026-09-16 00:00:00+00:00,Albufeira,0801,28.39,0.13,27.93,28.50,28.33,28.44,28.48,21.68,0.40,20.95,23.12,21.42,21.61,21.85,17.39,0.09,17.10,17.92,17.38,17.40,17.41
2026-09-17 00:00:00+00:00,Albufeira,0801,26.18,0.22,26.00,26.80,26.02,26.08,26.27,21.05,0.07,21.00,21.41,21.00,21.02,21.09,16.83,0.12,16.39,17.26,16.82,16.88,16.90
2026-09-18 00:00:00+00:00,Albufeira,0801,25.93,0.28,25.70,26.72,25.72,25.78,26.07,21.52,0.04,21.47,21.79,21.50,21.50,21.53,16.35,0.11,15.97,16.76,16.33,16.39,16.40
2026-09-19 00:00:00+00:00,Albufeira,0801,28.64,0.28,28.40,29.40,28.43,28.50,28.79,24.13,0.09,23.81,24.33,24.11,24.17,24.19,18.96,0.28,18.09,19.20,18.83,19.07,19.16
2026-09-20 00:00:00+00:00,Albufeira,0801,28.24,0.28,28.00,29.00,28.02,28.09,28.39,24.66,0.07,24.43,24.90,24.65,24.69,24.70,20.42,0.23,19.70,20.70,20.33,20.54,20.58
2026-09-21 00:00:00+00:00,Albufeira,0801,29.50,0.23,29.30,30.12,29.32,29.37,29.61,24.57,0.05,24.40,24.71,24.56,24.59,24.60,19.60,0.14,19.12,19.91,19.56,19.67,19.69
2026-09-22 00:00:00+00:00,Albufeira,0801,28.97,0.35,28.70,30.00,28.72,28.79,29.11,24.11,0.04,24.06,24.27,24.09,24.10,24.12,19.86,0.27,19.09,20.10,19.72,19.98,20.07
2026-09-23 00:00:00+00:00,Albufeira,0801,28.39,0.36,28.10,29.39,28.13,28.20,28.55,24.85,0.04,24.71,24.90,24.82,24.86,24.88,21.63,0.39,20.56,22.00,21.40,21.79,21.95
2026-09-24 00:00:00+00:00,Albufeira,0801,31.19,0.24,31.00,31.87,31.02,31.06,31.28,26.08,0.11,25.75,26.20,26.01,26.12,26.18,21.23,0.37,20.18,21.60,20.99,21.37,21.54
2026-09-25 00:00:00+00:00,Albufeira,0801,35.02,0.10,34.61,35.10,34.95,35.07,35.10,26.55,0.16,26.13,26.70,26.44,26.63,26.68,21.06,0.36,20.09,21.40,20.83,21.24,21.36
2026-09-26 00:00:00+00:00,Albufeira,0801,32.10,0.24,31.90,32.79,31.92,31.97,32.21,26.09,0.04,25.94,26.28,26.08,26.10,26.10,21.10,0.26,20.31,21.30,21.01,21.24,21.28
2026-09-27 00:00:00+00:00,Albufeira,0801,26.93,0.05,26.84,27.10,26.90,26.90,26.94,23.32,0.10,23.04,23.40,23.28,23.37,23.39,20.87,0.28,20.06,21.10,20.76,21.01,21.08
2026-09-28 00:00:00+00:00,Albufeira,0801,27.12,0.03,27.03,27.24,27.10,27.10,27.12,21.96,0.07,21.73,22.16,21.94,21.99,22.00,19.34,0.21,18.70,19.50,19.26,19.44,19.48
2026-09-29 00:00:00+00:00,Albufeira,0801,25.39,0.12,25.30,25.72,25.30,25.33,25.45,22.12,0.03,22.03,22.27,22.10,22.12,22.13,20.52,0.12,20.10,20.61,20.48,20.58,20.60
2026-09-10 00:00:00+00:00,Alcoutim,0802,32.74,0.60,31.30,33.60,32.25,32.72,33.32,23.11,0.12,22.46,23.44,23.08,23.10,23.16,15.15,0.93,14.20,17.85,14.31,14.91,15.74
2026-09-11 00:00:00+00:00,Alcoutim,0802,33.98,0.96,31.60,35.10,33.29,34.14,34.87,25.27,0.16,24.96,25.50,25.14,25.27,25.43,16.41,0.65,15.70,18.11,15.83,16.23,16.86
2026-09-12 00:00:00+00:00,Alcoutim,0802,35.91,1.18,32.92,37.30,35.08,36.14,37.00,26.19,0.37,25.21,26.60,25.93,26.28,26.52,17.61,0.32,17.20,18.40,17.31,17.55,17.85
2026-09-13 00:00:00+00:00,Alcoutim,0802,35.49,0.96,32.94,36.60,34.81,35.68,36.37,26.47,0.43,25.41,27.00,26.16,26.54,26.88,18.79,0.10,18.53,19.13,18.74,18.79,18.82
2026-09-14 00:00:00+00:00,Alcoutim,0802,35.93,1.05,33.15,37.10,35.20,36.18,36.88,27.06,0.54,25.72,27.70,26.67,27.16,27.56,18.70,0.14,18.41,19.22,18.60,18.66,18.79
2026-09-15 00:00:00+00:00,Alcoutim,0802,35.10,1.03,31.96,36.20,34.46,35.37,36.01,26.39,0.35,25.44,26.80,26.15,26.46,26.71,18.37,0.22,17.54,18.70,18.21,18.35,18.57
2026-09-16 00:00:00+00:00,Alcoutim,0802,30.20,0.38,29.26,31.35,29.90,30.09,30.44,22.50,0.57,21.12,24.01,22.01,22.37,22.91,17.83,0.53,16.45,19.26,17.41,17.71,18.16
2026-09-17 00:00:00+00:00,Alcoutim,0802,30.27,1.27,27.05,31.80,29.34,30.46,31.45,22.46,0.10,22.00,22.60,22.39,22.46,22.55,15.59,0.72,14.80,17.47,14.95,15.41,16.08
2026-09-18 00:00:00+00:00,Alcoutim,0802,31.09,0.81,29.12,32.10,30.51,31.20,31.85,22.73,0.07,22.29,22.80,22.72,22.74,22.77,14.96,0.56,14.40,16.71,14.48,14.78,15.30
2026-09-19 00:00:00+00:00,Alcoutim,0802,33.17,0.44,31.93,33.70,32.86,33.27,33.56,24.79,0.14,24.35,25.00,24.68,24.78,24.91,16.71,0.22,16.38,17.35,16.52,16.65,16.87
2026-09-20 00:00:00+00:00,Alcoutim,0802,33.12,0.55,31.56,33.80,32.72,33.23,33.62,25.20,0.13,24.49,25.50,25.15,25.20,25.28,18.39,0.52,17.80,19.74,17.91,18.28,18.76
2026-09-21 00:00:00+00:00,Alcoutim,0802,33.55,0.39,32.27,34.00,33.29,33.62,33.88,25.39,0.17,24.90,25.60,25.27,25.43,25.54,18.26,0.49,17.70,19.48,17.80,18.16,18.62
2026-09-22 00:00:00+00:00,Alcoutim,0802,35.21,1.41,31.74,36.90,34.17,35.44,36.53,25.79,0.52,24.49,26.40,25.42,25.88,26.27,17.34,0.25,17.00,17.84,17.10,17.34,17.55
2026-09-23 00:00:00+00:00,Alcoutim,0802,35.63,1.87,30.93,37.90,34.26,35.90,37.38,26.23,0.75,24.33,27.10,25.68,26.36,26.93,18.22,0.33,17.44,19.55,17.97,18.32,18.41
2026-09-24 00:00:00+00:00,Alcoutim,0802,36.13,1.18,33.33,37.60,35.25,36.27,37.25,26.94,0.72,25.23,27.80,26.38,27.06,27.63,17.79,0.24,17.54,19.52,17.67,17.72,17.81
2026-09-25 00:00:00+00:00,Alcoutim,0802,35.63,0.66,33.47,36.40,35.15,35.75,36.24,26.47,0.53,25.20,27.10,26.06,26.56,26.97,18.01,0.36,17.25,19.12,17.71,18.11,18.30
2026-09-26 00:00:00+00:00,Alcoutim,0802,36.50,0.56,34.93,37.20,36.09,36.59,37.03,26.32,0.12,26.19,26.70,26.22,26.28,26.40,17.66,0.72,16.90,19.75,17.03,17.43,18.13
2026-09-27 00:00:00+00:00,Alcoutim,0802,28.01,0.31,27.02,28.32,27.81,28.13,28.27,22.91,0.09,22.48,23.21,22.88,22.90,22.95,18.94,0.10,18.27,19.11,18.92,18.95,18.98
2026-09-28 00:00:00+00:00,Alcoutim,0802,28.42,0.44,27.25,28.90,28.13,28.54,28.81,21.68,0.50,20.76,23.04,21.23,21.55,22.04,18.40,0.65,17.33,20.33,17.83,18.24,18.82
2026-09-29 00:00:00+00:00,Alcoutim,0802,27.90,0.50,26.60,28.50,27.54,27.99,28.36,22.24,0.23,21.27,22.78,22.10,22.18,22.40,19.18,0.25,18.26,19.81,19.00,19.13,19.34
2026-09-10 00:00:00+00:00,Aljezur,0803,26.99,0.23,26.25,27.73,26.89,26.91,27.12,18.56,0.58,18.00,20.12,18.09,18.35,18.80,10.88,1.09,9.80,14.49,9.99,10.57,11.41
2026-09-11 00:00:00+00:00,Aljezur,0803,29.98,0.36,28.71,30.40,29.72,30.05,30.31,20.22,0.66,19.50,21.98,19.64,20.05,20.62,11.56,1.41,10.00,15.35,10.31,11.23,12.45
2026-09-12 00:00:00+00:00,Aljezur,0803,31.78,0.28,30.89,32.10,31.60,31.84,32.04,21.15,0.65,20.40,22.71,20.55,21.00,21.62,11.65,1.51,9.90,15.71,10.26,11.34,12.72
2026-09-13 00:00:00+00:00,Aljezur,0803,32.73,0.61,30.85,33.86,32.36,32.98,33.17,22.85,0.33,22.50,23.83,22.56,22.76,23.03,14.11,0.94,13.10,16.86,13.29,13.86,14.66
2026-09-14 00:00:00+00:00,Aljezur,0803,33.51,0.75,31.23,34.30,33.10,33.71,34.15,22.16,0.49,21.60,23.39,21.71,22.05,22.52,13.44,1.26,12.00,16.73,12.28,13.14,14.34
2026-09-15 00:00:00+00:00,Aljezur,0803,29.35,0.42,28.78,30.85,29.04,29.15,29.58,20.11,0.69,19.30,21.58,19.47,19.96,20.62,11.98,1.25,10.70,15.91,10.94,11.61,12.65
2026-09-16 00:00:00+00:00,Aljezur,0803,23.62,0.46,21.04,24.04,23.59,23.79,23.87,18.93,0.38,17.03,19.46,18.87,19.05,19.09,12.51,0.93,11.60,15.41,11.75,12.18,12.94
2026-09-17 00:00:00+00:00,Aljezur,0803,26.96,0.19,26.11,27.24,26.92,27.02,27.08,17.90,0.54,17.30,19.29,17.42,17.75,18.25,10.64,1.17,9.40,14.04,9.63,10.34,11.31
2026-09-18 00:00:00+00:00,Aljezur,0803,26.87,0.17,26.34,27.23,26.76,26.93,26.99,17.71,0.71,16.90,19.36,17.06,17.54,18.19,9.98,1.42,8.40,13.75,8.72,9.68,10.86
2026-09-19 00:00:00+00:00,Aljezur,0803,31.55,0.66,29.31,32.30,31.09,31.69,32.15,20.06,0.55,19.50,21.66,19.59,19.89,20.37,10.24,1.32,8.70,13.34,9.00,9.94,11.24
2026-09-20 00:00:00+00:00,Aljezur,0803,31.89,0.75,29.91,33.13,31.31,32.17,32.52,23.08,0.22,22.22,23.80,23.01,23.09,23.10,14.57,0.95,13.60,17.66,13.78,14.28,15.09
2026-09-21 00:00:00+00:00,Aljezur,0803,34.04,1.10,31.00,35.20,33.28,34.42,34.99,23.10,0.16,22.47,23.60,23.06,23.09,23.12,15.01,0.73,14.30,17.45,14.42,14.78,15.36
2026-09-22 00:00:00+00:00,Aljezur,0803,31.78,0.56,30.30,32.40,31.44,31.92,32.28,20.90,0.61,20.20,22.38,20.34,20.76,21.35,12.81,1.14,11.50,15.60,11.76,12.55,13.66
2026-09-23 00:00:00+00:00,Aljezur,0803,32.29,0.78,29.94,33.10,31.85,32.50,32.95,20.85,0.73,20.00,23.04,20.18,20.71,21.39,11.88,1.60,10.00,16.87,10.40,11.59,13.05
2026-09-24 00:00:00+00:00,Aljezur,0803,33.03,0.33,31.67,33.40,32.79,33.10,33.32,20.52,0.87,19.50,22.66,19.70,20.33,21.16,10.72,1.71,8.70,16.15,9.13,10.41,11.99
2026-09-25 00:00:00+00:00,Aljezur,0803,29.33,0.58,28.80,31.14,28.89,29.07,29.71,19.73,1.09,18.50,22.21,18.75,19.47,20.47,11.65,1.63,9.80,15.77,10.17,11.31,12.79
2026-09-26 00:00:00+00:00,Aljezur,0803,33.35,0.27,32.34,33.82,33.16,33.44,33.57,22.52,0.51,22.00,23.82,22.09,22.31,22.85,12.66,1.48,11.10,16.90,11.38,12.26,13.48
2026-09-27 00:00:00+00:00,Aljezur,0803,29.38,0.66,27.01,30.10,28.91,29.56,29.95,21.40,0.22,20.76,22.09,21.30,21.32,21.50,14.62,0.94,13.60,17.22,13.80,14.36,15.28
2026-09-28 00:00:00+00:00,Aljezur,0803,30.01,0.84,27.15,31.00,29.39,30.16,30.79,21.08,0.24,19.84,21.56,21.02,21.14,21.19,13.66,0.81,12.80,15.91,12.96,13.43,14.20
2026-09-29 00:00:00+00:00,Aljezur,0803,28.84,0.47,27.54,29.80,28.63,29.06,29.10,23.82,0.19,23.24,24.00,23.73,23.90,23.98,20.23,0.34,18.69,20.73,20.29,20.35,20.38
2026-09-10 00:00:00+00:00,Castro Marim,0804,31.80,0.16,31.32,32.35,31.74,31.82,31.85,23.47,0.10,23.17,23.60,23.41,23.50,23.55,17.91,0.70,15.78,18.71,17.51,18.16,18.50
2026-09-11 00:00:00+00:00,Castro Marim,0804,31.52,0.50,30.87,33.30,31.20,31.30,31.73,24.98,0.05,24.90,25.18,24.94,24.96,25.00,18.17,0.40,16.89,19.15,18.00,18.24,18.37
2026-09-12 00:00:00+00:00,Castro Marim,0804,32.82,0.65,32.15,35.08,32.33,32.53,33.12,25.17,0.22,24.84,25.92,25.03,25.09,25.26,18.28,0.14,17.85,18.74,18.21,18.29,18.35
2026-09-13 00:00:00+00:00,Castro Marim,0804,33.09,0.46,32.47,34.78,32.77,32.91,33.28,25.38,0.22,25.07,26.17,25.25,25.30,25.47,18.73,0.16,18.30,19.16,18.65,18.76,18.84
2026-09-14 00:00:00+00:00,Castro Marim,0804,33.05,0.62,32.44,35.17,32.56,32.77,33.35,25.67,0.29,25.31,26.69,25.48,25.54,25.81,18.88,0.10,18.60,19.17,18.83,18.87,18.94
2026-09-15 00:00:00+00:00,Castro Marim,0804,31.91,0.91,30.86,34.47,31.14,31.64,32.50,25.44,0.26,25.13,26.19,25.22,25.36,25.60,18.24,0.05,18.10,18.46,18.22,18.24,18.25
2026-09-16 00:00:00+00:00,Castro Marim,0804,31.37,0.40,30.38,32.10,31.10,31.42,31.67,24.06,0.37,22.84,24.50,23.87,24.20,24.34,19.31,0.34,18.18,19.77,19.15,19.46,19.54
2026-09-17 00:00:00+00:00,Castro Marim,0804,26.94,0.72,26.10,29.40,26.39,26.67,27.30,22.28,0.05,22.20,22.41,22.25,22.28,22.32,17.54,0.43,16.11,18.37,17.36,17.65,17.77
2026-09-18 00:00:00+00:00,Castro Marim,0804,29.06,0.42,28.68,30.53,28.74,28.88,29.25,22.79,0.05,22.67,22.94,22.75,22.80,22.82,16.74,0.48,15.37,17.71,16.42,16.88,17.09
2026-09-19 00:00:00+00:00,Castro Marim,0804,32.22,0.16,31.83,32.82,32.14,32.22,32.28,24.57,0.04,24.48,24.70,24.55,24.57,24.58,17.18,0.08,16.90,17.34,17.14,17.18,17.24
2026-09-20 00:00:00+00:00,Castro Marim,0804,31.90,0.23,31.45,32.70,31.75,31.84,32.00,25.34,0.08,25.14,25.47,25.28,25.36,25.40,19.75,0.31,18.75,20.48,19.62,19.82,19.90
2026-09-21 00:00:00+00:00,Castro Marim,0804,32.95,0.21,32.34,33.30,32.84,32.99,33.08,25.05,0.06,24.91,25.26,25.01,25.05,25.07,19.50,0.26,18.59,20.00,19.39,19.57,19.64
2026-09-22 00:00:00+00:00,Castro Marim,0804,31.65,0.74,30.87,34.26,31.10,31.32,31.99,24.46,0.28,24.10,25.44,24.27,24.33,24.59,17.81,0.11,17.51,18.24,17.75,17.81,17.84
2026-09-23 00:00:00+00:00,Castro Marim,0804,30.84,1.05,29.67,34.39,30.06,30.42,31.35,24.31,0.45,23.79,25.77,23.98,24.14,24.54,17.60,0.22,17.30,18.17,17.43,17.53,17.74
2026-09-24 00:00:00+00:00,Castro Marim,0804,33.28,0.58,32.33,35.34,32.95,33.09,33.52,25.19,0.37,24.70,26.49,24.96,25.03,25.35,17.61,0.11,17.40,17.86,17.53,17.60,17.69
2026-09-25 00:00:00+00:00,Castro Marim,0804,34.33,0.39,33.26,35.11,34.10,34.40,34.59,25.18,0.27,24.68,26.13,25.03,25.11,25.28,17.38,0.32,16.07,18.00,17.31,17.39,17.55
2026-09-26 00:00:00+00:00,Castro Marim,0804,35.33,0.21,34.77,36.09,35.21,35.34,35.43,26.61,0.05,26.42,26.73,26.59,26.61,26.63,19.51,0.37,18.23,20.23,19.36,19.55,19.71
2026-09-27 00:00:00+00:00,Castro Marim,0804,27.13,0.18,26.84,27.75,27.00,27.07,27.22,22.88,0.07,22.70,23.20,22.85,22.88,22.90,19.08,0.12,18.80,19.66,19.03,19.08,19.10
2026-09-28 00:00:00+00:00,Castro Marim,0804,27.16,0.33,26.50,28.10,26.94,27.10,27.37,23.04,0.37,21.95,23.40,22.82,23.16,23.34,20.38,0.53,18.81,21.00,20.06,20.55,20.79
2026-09-29 00:00:00+00:00,Castro Marim,0804,26.63,0.26,26.30,27.54,26.45,26.55,26.75,22.77,0.15,22.33,22.90,22.68,22.82,22.89,19.77,0.13,19.33,20.06,19.72,19.79,19.85
2026-09-10 00:00:00+00:00,Faro,0805,27.33,0.71,26.30,28.55,26.61,27.36,28.01,23.02,0.28,22.70,23.67,22.77,22.94,23.25,17.89,0.33,17.03,18.66,17.70,17.81,18.09
2026-09-11 00:00:00+00:00,Faro,0805,29.62,0.44,29.00,30.36,29.18,29.63,30.04,24.82,0.03,24.74,24.89,24.80,24.81,24.84,19.56,0.31,18.95,20.00,19.28,19.54,19.87
2026-09-12 00:00:00+00:00,Faro,0805,30.12,0.52,29.40,31.26,29.60,30.13,30.59,25.40,0.02,25.35,25.49,25.39,25.39,25.40,20.22,0.13,19.89,20.40,20.13,20.23,20.35
2026-09-13 00:00:00+00:00,Faro,0805,29.86,0.28,29.60,30.90,29.65,29.73,29.98,25.58,0.15,25.31,25.80,25.47,25.58,25.73,21.08,0.16,20.56,21.27,20.99,21.16,21.19
2026-09-14 00:00:00+00:00,Faro,0805,30.99,0.37,30.50,31.96,30.63,30.98,31.28,25.66,0.11,25.50,25.88,25.55,25.66,25.76,20.78,0.16,20.42,21.00,20.65,20.78,20.93
2026-09-15 00:00:00+00:00,Faro,0805,36.04,0.29,35.58,36.83,35.81,35.92,36.20,26.32,0.18,26.10,26.77,26.17,26.27,26.45,20.03,0.41,19.03,20.60,19.70,20.02,20.44
2026-09-16 00:00:00+00:00,Faro,0805,29.39,0.84,28.30,31.22,28.67,29.24,30.10,24.40,0.48,23.38,25.54,24.03,24.24,24.74,20.37,0.43,19.11,21.35,20.20,20.29,20.63
2026-09-17 00:00:00+00:00,Faro,0805,25.91,0.21,25.43,26.52,25.78,25.96,26.00,22.83,0.12,22.39,22.99,22.79,22.89,22.90,18.97,0.37,18.09,19.50,18.64,18.96,19.35
2026-09-18 00:00:00+00:00,Faro,0805,27.32,0.30,26.90,27.86,27.02,27.32,27.61,22.99,0.16,22.63,23.38,22.90,22.95,23.09,18.44,0.34,17.61,18.90,18.20,18.46,18.77
2026-09-19 00:00:00+00:00,Faro,0805,30.42,0.09,30.30,30.64,30.33,30.41,30.49,25.18,0.16,24.76,25.40,25.07,25.19,25.34,19.66,0.18,19.09,19.87,19.57,19.75,19.79
2026-09-20 00:00:00+00:00,Faro,0805,30.40,0.22,29.92,30.70,30.23,30.40,30.60,25.82,0.27,25.24,26.20,25.57,25.80,26.09,21.99,0.38,21.01,22.50,21.73,22.01,22.36
2026-09-21 00:00:00+00:00,Faro,0805,30.36,0.17,29.93,30.70,30.27,30.42,30.49,25.28,0.16,24.96,25.50,25.13,25.27,25.44,21.23,0.28,20.46,21.60,21.04,21.24,21.50
2026-09-22 00:00:00+00:00,Faro,0805,29.22,0.32,28.90,30.38,28.97,29.11,29.36,24.55,0.11,24.40,24.78,24.45,24.55,24.65,19.68,0.29,19.32,20.45,19.44,19.57,19.87
2026-09-23 00:00:00+00:00,Faro,0805,28.89,0.36,28.40,29.76,28.53,28.88,29.18,24.49,0.09,24.40,24.85,24.42,24.47,24.53,20.00,0.31,19.41,20.40,19.73,20.05,20.26
2026-09-24 00:00:00+00:00,Faro,0805,31.28,0.23,31.00,32.03,31.07,31.24,31.42,25.38,0.08,25.30,25.70,25.32,25.36,25.40,19.27,0.52,18.14,19.90,18.84,19.41,19.70
2026-09-25 00:00:00+00:00,Faro,0805,32.83,0.39,31.93,33.43,32.54,32.97,33.16,25.11,0.14,24.90,25.45,24.96,25.12,25.24,19.12,0.23,18.80,19.66,18.90,19.13,19.27
2026-09-26 00:00:00+00:00,Faro,0805,33.06,0.25,32.70,33.56,32.80,33.07,33.30,27.27,0.33,26.90,28.06,27.00,27.18,27.52,21.65,0.52,21.03,22.93,21.19,21.48,22.03
2026-09-27 00:00:00+00:00,Faro,0805,26.32,0.20,25.83,26.70,26.18,26.39,26.49,23.62,0.20,23.19,23.90,23.44,23.61,23.82,21.45,0.41,20.41,22.00,21.15,21.45,21.85
2026-09-28 00:00:00+00:00,Faro,0805,26.79,0.20,26.50,27.18,26.59,26.80,26.95,23.03,0.18,22.36,23.20,22.96,23.10,23.16,20.35,0.27,19.50,20.70,20.18,20.37,20.61
2026-09-29 00:00:00+00:00,Faro,0805,26.16,0.05,26.10,26.29,26.12,26.16,26.21,22.95,0.16,22.33,23.19,22.91,23.00,23.04,20.70,0.18,19.95,20.89,20.63,20.79,20.80
2026-09-10 00:00:00+00:00,Lagoa,0806,29.37,0.15,29.03,29.77,29.27,29.38,29.44,22.77,0.30,22.10,23.20,22.58,22.82,23.02,16.54,0.50,15.56,17.60,16.16,16.42,16.91
2026-09-11 00:00:00+00:00,Lagoa,0806,28.01,0.26,27.50,28.43,27.80,28.05,28.23,23.36,0.10,23.09,23.64,23.32,23.36,23.43,18.49,0.55,17.40,19.70,18.09,18.35,18.88
2026-09-12 00:00:00+00:00,Lagoa,0806,30.25,0.16,29.72,30.62,30.16,30.27,30.33,23.57,0.24,23.34,24.35,23.39,23.43,23.67,17.70,0.37,16.94,18.92,17.50,17.63,17.85
2026-09-13 00:00:00+00:00,Lagoa,0806,28.68,0.27,28.10,29.33,28.50,28.74,28.85,23.91,0.15,23.79,24.36,23.80,23.84,23.98,18.21,0.29,17.59,19.17,18.07,18.17,18.35
2026-09-14 00:00:00+00:00,Lagoa,0806,29.84,0.17,29.50,30.31,29.74,29.85,29.94,23.69,0.27,23.45,24.54,23.50,23.56,23.81,18.18,0.34,17.45,19.26,18.01,18.13,18.34
2026-09-15 00:00:00+00:00,Lagoa,0806,35.49,0.18,35.05,35.78,35.37,35.56,35.63,24.41,0.20,24.09,25.14,24.31,24.36,24.47,18.16,0.35,17.33,18.90,17.94,18.08,18.39
2026-09-16 00:00:00+00:00,Lagoa,0806,26.83,0.20,26.38,27.59,26.73,26.78,26.85,21.89,0.21,21.37,22.20,21.74,21.89,22.06,18.11,0.38,17.43,18.80,17.78,18.07,18.42
2026-09-17 00:00:00+00:00,Lagoa,0806,27.44,0.24,26.68,27.77,27.35,27.53,27.59,21.18,0.16,20.89,21.50,21.05,21.15,21.31,17.00,0.51,15.98,18.10,16.62,16.87,17.37
2026-09-18 00:00:00+00:00,Lagoa,0806,25.61,0.20,25.20,25.93,25.45,25.65,25.77,21.26,0.11,20.96,21.50,21.19,21.23,21.32,16.43,0.48,15.46,17.50,16.10,16.31,16.77
2026-09-19 00:00:00+00:00,Lagoa,0806,29.28,0.12,28.89,29.53,29.23,29.30,29.35,23.15,0.14,22.83,23.64,23.08,23.12,23.19,16.54,0.38,15.73,17.80,16.36,16.49,16.72
2026-09-20 00:00:00+00:00,Lagoa,0806,27.94,0.22,27.50,28.28,27.77,27.99,28.12,24.07,0.08,23.87,24.36,24.03,24.06,24.10,19.06,0.25,18.38,19.72,18.95,19.06,19.22
2026-09-21 00:00:00+00:00,Lagoa,0806,29.64,0.20,29.20,30.07,29.52,29.69,29.76,24.07,0.07,23.89,24.31,24.03,24.06,24.09,19.12,0.27,18.41,19.70,18.96,19.07,19.28
2026-09-22 00:00:00+00:00,Lagoa,0806,28.78,0.18,28.40,29.11,28.64,28.82,28.92,23.24,0.14,23.06,23.70,23.16,23.19,23.29,17.97,0.31,17.29,18.96,17.82,17.93,18.11
2026-09-23 00:00:00+00:00,Lagoa,0806,28.67,0.13,28.40,29.03,28.59,28.69,28.75,23.16,0.30,22.83,24.11,22.96,23.00,23.28,18.07,0.59,17.00,20.03,17.74,17.94,18.23
2026-09-24 00:00:00+00:00,Lagoa,0806,31.29,0.13,31.00,31.59,31.22,31.32,31.37,24.39,0.26,23.97,25.30,24.24,24.33,24.47,17.04,0.70,15.85,19.36,16.63,16.87,17.25
2026-09-25 00:00:00+00:00,Lagoa,0806,35.97,0.28,35.30,36.33,35.80,36.09,36.21,26.28,0.24,25.71,26.80,26.12,26.22,26.45,19.52,0.48,18.25,20.50,19.30,19.49,19.76
2026-09-26 00:00:00+00:00,Lagoa,0806,31.83,0.20,31.40,32.17,31.68,31.87,32.00,25.81,0.18,25.37,26.20,25.70,25.77,25.92,21.34,0.19,20.90,21.60,21.17,21.36,21.52
2026-09-27 00:00:00+00:00,Lagoa,0806,26.14,0.37,25.40,26.73,25.86,26.21,26.44,23.11,0.10,22.83,23.30,23.05,23.10,23.17,20.21,0.32,19.36,20.90,20.04,20.16,20.40
2026-09-28 00:00:00+00:00,Lagoa,0806,26.62,0.25,26.10,27.00,26.43,26.67,26.83,22.20,0.12,21.95,22.40,22.10,22.20,22.30,18.83,0.27,18.12,19.40,18.67,18.78,19.00
2026-09-29 00:00:00+00:00,Lagoa,0806,24.49,0.30,24.00,25.11,24.25,24.48,24.68,22.75,0.10,22.40,22.86,22.71,22.80,22.81,21.27,0.25,20.77,21.70,21.10,21.26,21.47
2026-09-10 00:00:00+00:00,Lagos,0807,29.14,1.01,27.40,31.25,28.27,29.03,29.95,21.21,0.80,19.39,22.45,20.55,21.30,21.90,13.42,0.57,11.87,14.87,13.08,13.39,13.85
2026-09-11 00:00:00+00:00,Lagos,0807,29.22,0.13,29.00,29.61,29.13,29.20,29.31,22.20,0.39,21.02,22.70,21.94,22.34,22.51,14.77,0.56,13.11,16.06,14.41,14.77,15.16
2026-09-12 00:00:00+00:00,Lagos,0807,31.24,0.11,31.02,31.56,31.16,31.23,31.30,22.90,0.30,21.93,23.21,22.71,23.02,23.13,15.26,0.53,13.40,16.08,15.05,15.40,15.60
2026-09-13 00:00:00+00:00,Lagos,0807,30.85,0.39,30.19,31.98,30.56,30.77,31.09,23.67,0.14,23.19,23.95,23.61,23.71,23.74,16.36,0.40,15.06,17.26,16.18,16.38,16.63
2026-09-14 00:00:00+00:00,Lagos,0807,31.44,0.41,30.78,32.71,31.15,31.32,31.66,23.26,0.16,22.67,23.58,23.21,23.30,23.35,16.10,0.43,14.66,17.15,15.87,16.11,16.39
2026-09-15 00:00:00+00:00,Lagos,0807,33.42,1.77,30.08,36.68,31.89,33.29,34.93,22.82,0.69,21.21,23.77,22.28,22.92,23.45,15.31,0.69,13.19,16.59,14.99,15.44,15.80
2026-09-16 00:00:00+00:00,Lagos,0807,25.17,0.89,23.19,26.81,24.41,25.09,25.92,20.39,0.74,18.77,21.69,19.75,20.39,21.02,15.72,0.83,13.50,16.90,15.13,15.93,16.42
2026-09-17 00:00:00+00:00,Lagos,0807,27.51,0.48,26.63,28.57,27.10,27.43,27.89,19.82,0.45,18.61,20.48,19.49,19.94,20.22,13.55,0.54,11.91,14.72,13.23,13.53,13.93
2026-09-18 00:00:00+00:00,Lagos,0807,26.57,0.12,26.30,26.94,26.49,26.57,26.63,19.89,0.43,18.63,20.48,19.60,20.04,20.23,13.09,0.54,11.48,14.36,12.77,13.08,13.46
2026-09-19 00:00:00+00:00,Lagos,0807,30.08,0.18,29.74,30.72,29.96,30.02,30.18,21.94,0.49,20.65,22.58,21.59,22.06,22.34,13.74,0.60,11.77,14.61,13.38,13.94,14.15
2026-09-20 00:00:00+00:00,Lagos,0807,29.54,0.42,28.93,30.77,29.22,29.37,29.82,23.55,0.23,22.86,23.88,23.41,23.61,23.74,16.98,0.52,15.42,18.07,16.71,17.05,17.34
2026-09-21 00:00:00+00:00,Lagos,0807,31.31,0.41,30.48,32.73,31.06,31.24,31.49,23.55,0.20,23.00,23.82,23.41,23.59,23.72,16.91,0.42,15.69,17.82,16.68,16.92,17.21
2026-09-22 00:00:00+00:00,Lagos,0807,30.11,0.33,29.61,31.10,29.86,29.99,30.33,22.55,0.28,21.62,22.86,22.37,22.67,22.76,15.69,0.49,14.06,16.37,15.46,15.84,16.03
2026-09-23 00:00:00+00:00,Lagos,0807,30.03,0.47,29.42,31.46,29.66,29.88,30.32,22.45,0.20,21.70,22.80,22.37,22.50,22.58,15.24,0.45,13.72,16.06,14.97,15.35,15.55
2026-09-24 00:00:00+00:00,Lagos,0807,32.34,0.12,32.01,32.64,32.26,32.31,32.42,22.92,0.41,21.60,23.46,22.67,23.11,23.22,14.08,0.46,12.63,14.92,13.81,14.18,14.40
2026-09-25 00:00:00+00:00,Lagos,0807,33.88,1.78,30.62,37.10,32.39,33.80,35.40,23.59,0.88,21.28,24.84,22.89,23.79,24.37,15.36,0.61,13.43,16.65,15.02,15.39,15.80
2026-09-26 00:00:00+00:00,Lagos,0807,32.91,0.14,32.62,33.41,32.82,32.87,32.95,24.16,0.31,23.25,24.68,23.97,24.25,24.38,17.92,1.61,14.22,21.05,16.67,18.03,19.16
2026-09-27 00:00:00+00:00,Lagos,0807,27.98,0.23,27.53,28.69,27.81,27.93,28.11,22.18,0.30,21.43,22.63,21.97,22.24,22.43,17.30,0.56,15.62,18.22,16.96,17.42,17.70
2026-09-28 00:00:00+00:00,Lagos,0807,28.15,0.25,27.74,28.96,27.97,28.07,28.30,21.55,0.29,20.70,22.02,21.35,21.59,21.78,16.26,0.61,14.56,17.23,15.86,16.44,16.74
2026-09-29 00:00:00+00:00,Lagos,0807,26.18,0.71,25.24,27.94,25.56,25.95,26.77,23.13,0.15,22.95,23.59,23.00,23.08,23.24,20.42,0.12,20.13,20.74,20.32,20.40,20.52
2026-09-10 00:00:00+00:00,Loulé,0808,29.23,1.05,26.31,32.10,28.71,29.59,29.92,21.97,0.37,21.49,22.78,21.68,21.87,22.20,15.37,1.12,13.73,17.70,14.33,15.02,16.32
2026-09-11 00:00:00+00:00,Loulé,0808,31.18,1.39,28.55,34.11,29.80,31.46,32.53,24.60,0.31,23.71,25.15,24.37,24.71,24.87,18.02,0.78,15.65,20.00,17.62,17.80,18.42
2026-09-12 00:00:00+00:00,Loulé,0808,32.71,1.96,29.22,36.16,30.85,33.08,34.66,25.71,0.45,24.88,26.39,25.34,25.63,26.22,19.77,0.50,17.43,20.40,19.58,19.90,20.12
2026-09-13 00:00:00+00:00,Loulé,0808,32.28,1.96,28.27,35.68,30.31,32.61,34.26,25.45,0.27,24.74,26.41,25.30,25.52,25.60,19.91,0.56,17.83,21.20,19.65,19.94,20.11
2026-09-14 00:00:00+00:00,Loulé,0808,33.24,1.96,29.18,36.34,31.25,33.60,35.24,26.10,0.56,25.16,27.20,25.55,26.04,26.73,20.09,0.47,18.06,21.00,19.89,20.21,20.36
2026-09-15 00:00:00+00:00,Loulé,0808,35.04,0.33,34.59,35.83,34.78,34.92,35.22,26.08,0.29,24.94,26.52,25.91,26.12,26.35,17.48,1.34,15.90,20.59,16.32,17.13,18.47
2026-09-16 00:00:00+00:00,Loulé,0808,28.40,0.27,27.60,29.39,28.24,28.37,28.54,21.21,1.45,19.50,24.06,19.97,20.72,22.39,16.70,1.61,14.70,20.20,15.26,16.35,17.77
2026-09-17 00:00:00+00:00,Loulé,0808,27.51,0.90,26.00,30.31,26.67,27.75,28.20,21.55,0.49,21.04,22.90,21.20,21.32,21.74,16.64,1.08,14.43,19.49,15.90,16.19,17.18
2026-09-18 00:00:00+00:00,Loulé,0808,27.98,0.87,25.86,30.77,27.16,28.22,28.62,21.90,0.38,21.29,22.90,21.63,21.73,22.06,16.46,0.88,14.16,18.89,16.00,16.20,16.79
2026-09-19 00:00:00+00:00,Loulé,0808,30.62,0.68,28.58,32.78,30.22,30.78,31.11,24.05,0.50,23.26,25.40,23.66,23.85,24.30,18.35,0.66,16.02,19.80,18.04,18.27,18.78
2026-09-20 00:00:00+00:00,Loulé,0808,30.19,0.59,28.19,32.57,29.99,30.33,30.43,24.29,0.79,23.30,26.20,23.60,24.13,24.76,19.57,1.18,17.64,22.49,18.61,19.09,20.43
2026-09-21 00:00:00+00:00,Loulé,0808,31.06,0.64,29.44,33.13,30.49,31.20,31.51,24.43,0.43,23.90,25.50,24.08,24.32,24.67,19.28,0.89,17.50,21.60,18.69,18.91,19.77
2026-09-22 00:00:00+00:00,Loulé,0808,32.06,1.94,28.86,35.57,30.15,32.35,34.03,24.92,0.48,24.11,25.91,24.45,24.87,25.44,18.89,0.43,17.40,19.94,18.67,18.79,19.27
2026-09-23 00:00:00+00:00,Loulé,0808,30.88,1.46,28.28,35.54,29.53,31.24,32.01,25.50,0.69,24.40,26.61,24.86,25.41,26.28,20.75,0.60,18.29,21.74,20.37,20.67,21.26
2026-09-24 00:00:00+00:00,Loulé,0808,33.03,1.17,31.00,36.10,31.94,33.30,34.08,26.36,0.62,25.30,27.30,25.87,26.22,27.06,20.96,1.02,18.40,22.70,20.10,20.69,21.93
2026-09-25 00:00:00+00:00,Loulé,0808,34.71,0.65,33.15,35.85,34.41,34.87,35.23,26.09,0.46,24.90,26.74,25.85,26.14,26.52,19.95,0.60,17.82,21.15,19.54,19.97,20.48
2026-09-26 00:00:00+00:00,Loulé,0808,34.07,0.97,32.03,36.35,33.11,34.28,34.98,26.56,0.31,25.33,27.02,26.39,26.67,26.79,19.92,0.84,16.95,21.23,19.47,19.68,20.73
2026-09-27 00:00:00+00:00,Loulé,0808,27.38,0.48,26.48,28.46,26.94,27.51,27.80,22.57,0.66,21.70,23.90,21.94,22.52,23.13,18.98,1.49,17.20,21.99,17.56,18.63,20.33
2026-09-28 00:00:00+00:00,Loulé,0808,27.13,0.29,26.50,28.36,27.01,27.09,27.24,21.13,1.02,19.80,23.20,20.17,21.06,21.97,17.98,1.31,16.40,20.70,16.75,17.66,19.13
2026-09-29 00:00:00+00:00,Loulé,0808,26.14,0.28,25.37,27.69,26.04,26.13,26.20,21.23,1.04,19.70,23.00,20.17,21.35,22.10,18.72,1.36,16.80,20.80,17.31,18.81,20.03
2026-09-10 00:00:00+00:00,Monchique,0809,26.15,0.79,25.10,28.61,25.45,25.99,26.78,18.99,0.50,18.23,20.65,18.62,18.80,19.29,13.47,0.79,10.40,14.13,13.35,13.81,14.01
2026-09-11 00:00:00+00:00,Monchique,0809,28.06,0.70,27.20,30.05,27.46,27.92,28.51,22.28,0.60,19.95,22.70,22.20,22.56,22.65,17.09,1.73,11.08,18.90,16.50,17.57,18.38
2026-09-12 00:00:00+00:00,Monchique,0809,30.45,0.52,29.80,31.87,30.00,30.35,30.79,23.60,0.72,20.90,24.20,23.49,23.89,24.04,17.93,1.93,11.13,19.90,17.44,18.46,19.34
2026-09-13 00:00:00+00:00,Monchique,0809,31.05,0.55,30.45,32.88,30.59,30.86,31.36,23.88,0.32,22.71,24.31,23.82,24.03,24.07,17.01,0.88,13.72,17.80,16.87,17.33,17.59
2026-09-14 00:00:00+00:00,Monchique,0809,31.51,0.64,30.90,33.84,31.03,31.29,31.78,23.95,0.54,21.97,24.40,23.84,24.19,24.29,17.87,1.37,12.92,19.20,17.62,18.28,18.83
2026-09-15 00:00:00+00:00,Monchique,0809,28.92,1.13,27.50,32.67,27.97,28.68,29.65,22.55,0.69,19.83,23.36,22.46,22.85,22.92,14.62,0.80,11.37,15.70,14.53,14.95,15.03
2026-09-16 00:00:00+00:00,Monchique,0809,20.04,1.67,17.80,24.05,18.53,19.69,21.39,16.34,1.18,14.80,19.48,15.30,16.10,17.21,13.34,0.56,11.96,15.09,12.96,13.14,13.66
2026-09-17 00:00:00+00:00,Monchique,0809,25.69,0.66,24.80,27.22,25.10,25.59,26.23,19.24,0.41,17.63,19.97,19.17,19.30,19.46,14.50,1.17,10.20,15.60,14.21,14.92,15.31
2026-09-18 00:00:00+00:00,Monchique,0809,26.15,0.37,25.70,27.51,25.85,26.08,26.39,20.24,0.73,17.43,20.80,20.15,20.56,20.68,15.50,1.73,9.48,17.30,14.91,15.96,16.78
2026-09-19 00:00:00+00:00,Monchique,0809,28.06,1.15,26.70,31.68,27.12,27.81,28.64,20.60,0.37,19.73,21.61,20.34,20.48,20.80,14.92,1.38,9.69,16.10,14.76,15.44,15.80
2026-09-20 00:00:00+00:00,Monchique,0809,28.36,1.10,27.10,31.99,27.47,28.10,28.87,21.89,0.51,21.20,23.10,21.42,21.79,22.29,16.36,0.55,14.08,17.17,16.32,16.57,16.62
2026-09-21 00:00:00+00:00,Monchique,0809,29.42,1.46,27.80,34.34,28.30,29.06,30.03,22.24,0.40,21.70,23.21,21.88,22.16,22.57,16.40,0.43,14.66,17.12,16.34,16.56,16.61
2026-09-22 00:00:00+00:00,Monchique,0809,29.92,0.60,29.30,32.00,29.46,29.72,30.17,23.09,0.64,20.66,23.60,22.99,23.37,23.47,16.70,1.15,12.33,17.70,16.57,17.13,17.45
2026-09-23 00:00:00+00:00,Monchique,0809,30.46,0.56,29.82,32.65,30.05,30.25,30.64,24.22,1.04,20.63,25.30,23.98,24.52,24.99,19.50,2.40,11.42,22.10,18.74,20.09,21.34
2026-09-24 00:00:00+00:00,Monchique,0809,30.93,0.74,30.00,33.04,30.29,30.78,31.38,23.87,0.98,20.18,24.70,23.74,24.24,24.49,18.92,2.59,10.23,21.70,18.14,19.57,20.89
2026-09-25 00:00:00+00:00,Monchique,0809,29.86,0.98,28.80,33.18,29.13,29.44,30.50,23.31,1.01,19.28,24.41,23.17,23.76,23.89,17.97,1.94,11.06,19.90,17.52,18.55,19.36
2026-09-26 00:00:00+00:00,Monchique,0809,31.71,0.63,30.90,33.34,31.16,31.60,32.12,24.49,0.57,22.37,25.00,24.37,24.72,24.87,18.23,1.70,12.12,19.70,17.73,18.86,19.45
2026-09-27 00:00:00+00:00,Monchique,0809,25.59,1.25,24.10,29.46,24.57,25.32,26.22,20.49,0.50,19.80,21.74,20.03,20.42,20.89,16.77,0.65,14.15,17.75,16.69,16.99,17.10
2026-09-28 00:00:00+00:00,Monchique,0809,25.61,1.41,24.00,30.20,24.49,25.29,26.21,19.33,0.71,18.40,21.01,18.71,19.19,19.84,15.08,0.51,13.22,16.30,14.96,15.05,15.36
2026-09-29 00:00:00+00:00,Monchique,0809,27.47,0.96,25.51,29.19,26.69,27.47,28.31,23.29,0.30,22.79,23.94,23.02,23.25,23.52,19.98,0.34,18.94,20.50,19.78,20.07,20.25
2026-09-10 00:00:00+00:00,Olhão,0810,28.45,0.22,27.80,29.09,28.39,28.40,28.55,23.63,0.08,23.38,23.70,23.60,23.66,23.69,18.54,0.16,18.09,18.70,18.44,18.60,18.68
2026-09-11 00:00:00+00:00,Olhão,0810,30.26,0.07,29.91,30.33,30.26,30.28,30.29,24.88,0.02,24.82,24.90,24.87,24.89,24.90,19.20,0.06,19.07,19.42,19.17,19.20,19.21
2026-09-12 00:00:00+00:00,Olhão,0810,30.74,0.13,30.33,31.10,30.69,30.70,30.80,25.34,0.08,25.02,25.40,25.31,25.39,25.40,20.07,0.18,19.44,20.23,19.97,20.17,20.20
2026-09-13 00:00:00+00:00,Olhão,0810,29.84,0.18,29.70,30.38,29.71,29.75,29.94,25.28,0.06,25.06,25.45,25.27,25.30,25.31,21.09,0.25,20.25,21.30,20.96,21.22,21.28
2026-09-14 00:00:00+00:00,Olhão,0810,31.35,0.11,31.08,31.64,31.30,31.31,31.40,25.81,0.10,25.44,25.90,25.77,25.85,25.89,20.59,0.16,20.04,20.76,20.50,20.67,20.70
2026-09-15 00:00:00+00:00,Olhão,0810,36.51,0.44,35.02,36.90,36.28,36.71,36.85,26.67,0.13,26.26,26.80,26.59,26.71,26.78,19.59,0.18,19.01,19.93,19.50,19.68,19.70
2026-09-16 00:00:00+00:00,Olhão,0810,31.09,0.21,30.35,31.30,30.98,31.15,31.26,25.41,0.19,24.83,25.60,25.31,25.47,25.57,21.17,0.23,20.56,21.40,21.04,21.25,21.37
2026-09-17 00:00:00+00:00,Olhão,0810,25.49,0.10,25.40,25.82,25.42,25.46,25.54,22.93,0.08,22.70,23.00,22.89,22.97,22.99,18.60,0.06,18.44,18.85,18.59,18.60,18.61
2026-09-18 00:00:00+00:00,Olhão,0810,27.81,0.08,27.54,28.04,27.79,27.80,27.85,23.29,0.11,22.96,23.40,23.22,23.33,23.38,18.11,0.28,17.17,18.43,17.96,18.26,18.30
2026-09-19 00:00:00+00:00,Olhão,0810,30.53,0.05,30.45,30.70,30.50,30.51,30.56,25.04,0.09,24.73,25.17,24.99,25.09,25.10,19.69,0.25,18.85,19.90,19.56,19.82,19.88
2026-09-20 00:00:00+00:00,Olhão,0810,29.98,0.07,29.90,30.15,29.91,29.95,30.02,25.48,0.07,25.29,25.70,25.45,25.50,25.50,21.65,0.23,20.92,21.96,21.53,21.77,21.80
2026-09-21 00:00:00+00:00,Olhão,0810,30.03,0.13,29.90,30.41,29.92,29.98,30.11,25.07,0.06,24.88,25.21,25.05,25.10,25.10,21.00,0.15,20.55,21.22,20.93,21.08,21.10
2026-09-22 00:00:00+00:00,Olhão,0810,29.23,0.16,29.08,29.70,29.11,29.14,29.31,24.71,0.10,24.36,24.80,24.67,24.75,24.79,20.21,0.31,19.21,20.50,20.05,20.34,20.46
2026-09-23 00:00:00+00:00,Olhão,0810,29.25,0.11,28.98,29.56,29.20,29.21,29.31,24.47,0.04,24.30,24.55,24.47,24.49,24.50,19.33,0.17,18.70,19.69,19.28,19.39,19.41
2026-09-24 00:00:00+00:00,Olhão,0810,31.38,0.11,31.24,31.71,31.30,31.32,31.44,25.32,0.11,24.87,25.40,25.29,25.37,25.39,18.15,0.15,17.79,18.66,18.10,18.12,18.19
2026-09-25 00:00:00+00:00,Olhão,0810,31.93,0.14,31.50,32.32,31.90,31.91,31.98,25.23,0.08,24.90,25.30,25.20,25.26,25.29,19.46,0.27,18.53,19.70,19.33,19.57,19.67
2026-09-26 00:00:00+00:00,Olhão,0810,33.39,0.04,33.20,33.48,33.39,33.40,33.40,27.93,0.16,27.52,28.10,27.81,27.99,28.07,22.72,0.27,22.01,23.00,22.50,22.81,22.95
2026-09-27 00:00:00+00:00,Olhão,0810,25.89,0.08,25.80,26.13,25.81,25.86,25.93,23.35,0.09,23.06,23.54,23.31,23.39,23.40,21.03,0.27,20.14,21.40,20.89,21.16,21.20
2026-09-28 00:00:00+00:00,Olhão,0810,27.11,0.08,26.84,27.20,27.05,27.14,27.19,23.06,0.06,22.87,23.11,23.05,23.09,23.10,20.20,0.04,20.02,20.33,20.20,20.20,20.21
2026-09-29 00:00:00+00:00,Olhão,0810,26.24,0.07,26.00,26.30,26.21,26.27,26.29,23.13,0.07,22.90,23.20,23.10,23.16,23.19,20.83,0.08,20.57,20.90,20.80,20.86,20.89
2026-09-10 00:00:00+00:00,Portimão,0811,29.82,1.46,25.64,31.50,29.12,30.12,31.03,21.76,1.02,18.85,23.20,21.15,22.24,22.43,13.57,1.00,12.30,17.57,12.93,13.39,13.89
2026-09-11 00:00:00+00:00,Portimão,0811,28.95,0.61,27.46,29.80,28.54,29.01,29.48,22.60,0.23,22.14,23.49,22.46,22.54,22.65,15.35,1.49,13.20,19.67,14.10,15.17,16.29
2026-09-12 00:00:00+00:00,Portimão,0811,31.09,0.44,29.99,31.70,30.78,31.14,31.47,23.30,0.21,23.05,24.05,23.14,23.23,23.37,16.12,1.11,14.70,19.33,15.18,15.93,16.76
2026-09-13 00:00:00+00:00,Portimão,0811,30.51,0.58,28.11,31.10,30.44,30.67,30.84,23.78,0.08,23.66,24.05,23.72,23.75,23.80,16.66,0.54,15.90,18.39,16.24,16.55,17.02
2026-09-14 00:00:00+00:00,Portimão,0811,31.10,0.39,29.51,31.59,31.04,31.20,31.34,23.45,0.25,23.20,24.26,23.26,23.38,23.56,16.52,0.89,15.30,18.81,15.76,16.41,17.13
2026-09-15 00:00:00+00:00,Portimão,0811,34.79,2.21,28.31,36.90,33.58,35.72,36.51,23.59,0.35,22.65,24.40,23.37,23.70,23.77,15.66,0.80,14.70,18.88,15.19,15.36,15.81
2026-09-16 00:00:00+00:00,Portimão,0811,25.25,2.08,18.75,26.90,24.26,26.31,26.80,20.52,1.63,15.50,22.20,19.70,21.33,21.70,16.14,1.10,13.24,18.79,15.56,16.42,16.64
2026-09-17 00:00:00+00:00,Portimão,0811,27.75,0.86,25.17,28.70,27.37,27.96,28.45,20.23,0.41,19.36,21.49,20.00,20.23,20.36,13.97,1.13,12.40,18.07,13.13,13.79,14.61
2026-09-18 00:00:00+00:00,Portimão,0811,26.52,0.40,25.21,27.10,26.28,26.54,26.85,20.41,0.29,19.93,21.49,20.21,20.35,20.55,13.65,1.43,11.60,17.47,12.42,13.49,14.54
2026-09-19 00:00:00+00:00,Portimão,0811,29.59,0.76,27.13,30.40,29.30,29.76,30.19,22.20,0.60,20.51,23.20,21.88,22.45,22.54,14.49,0.72,13.50,16.78,13.94,14.31,14.97
2026-09-20 00:00:00+00:00,Portimão,0811,28.82,0.53,27.41,29.50,28.49,28.95,29.24,23.40,0.61,21.49,24.10,23.12,23.71,23.80,17.15,0.56,16.45,19.39,16.82,16.95,17.26
2026-09-21 00:00:00+00:00,Portimão,0811,30.71,0.85,28.26,31.80,30.22,30.86,31.42,23.49,0.50,21.93,24.10,23.25,23.73,23.81,17.03,0.65,16.40,19.68,16.65,16.78,17.11
2026-09-22 00:00:00+00:00,Portimão,0811,29.72,0.33,28.41,30.11,29.59,29.80,29.95,22.91,0.18,22.64,23.48,22.76,22.86,23.01,16.27,0.62,15.40,18.19,15.78,16.11,16.69
2026-09-23 00:00:00+00:00,Portimão,0811,29.66,0.34,28.41,30.34,29.60,29.73,29.83,22.86,0.64,22.20,24.95,22.36,22.70,23.11,16.14,1.72,14.00,21.26,14.68,15.92,16.97
2026-09-24 00:00:00+00:00,Portimão,0811,32.01,0.61,30.29,32.80,31.63,32.09,32.53,23.50,0.38,23.00,24.50,23.18,23.41,23.77,14.99,1.94,12.60,20.77,13.34,14.73,15.89
2026-09-25 00:00:00+00:00,Portimão,0811,35.36,2.03,29.49,37.30,34.19,36.25,36.95,24.56,0.61,23.34,26.79,24.28,24.42,24.70,16.07,1.57,13.80,20.47,14.73,15.86,17.07
2026-09-26 00:00:00+00:00,Portimão,0811,32.74,0.62,31.16,33.60,32.30,32.81,33.28,24.54,0.43,24.00,26.19,24.25,24.45,24.74,20.25,1.02,17.50,21.60,19.46,20.29,21.23
2026-09-27 00:00:00+00:00,Portimão,0811,27.51,1.10,24.59,29.00,26.73,27.67,28.46,22.17,0.68,20.10,23.30,21.82,22.45,22.55,17.68,0.79,16.85,20.88,17.22,17.39,17.82
2026-09-28 00:00:00+00:00,Portimão,0811,27.52,1.02,24.51,28.80,27.01,27.64,28.39,21.43,0.84,18.79,22.40,21.04,21.86,22.00,16.66,0.79,15.16,19.39,16.30,16.55,16.83
2026-09-29 00:00:00+00:00,Portimão,0811,25.45,0.43,24.01,26.61,25.32,25.51,25.60,22.98,0.07,22.80,23.25,22.95,22.99,23.00,20.37,0.32,20.00,21.69,20.19,20.28,20.41
2026-09-10 00:00:00+00:00,São Brás de Alportel,0812,29.46,0.56,28.30,30.54,28.99,29.54,29.92,22.49,0.41,21.69,23.38,22.15,22.49,22.78,16.06,0.92,14.48,17.99,15.32,15.93,16.80
2026-09-11 00:00:00+00:00,São Brás de Alportel,0812,31.48,0.67,30.27,32.50,30.87,31.57,32.08,24.85,0.04,24.78,24.94,24.82,24.84,24.88,18.29,0.40,17.74,19.06,17.93,18.21,18.65
2026-09-12 00:00:00+00:00,São Brás de Alportel,0812,32.93,1.05,31.05,34.56,31.97,33.09,33.82,25.74,0.24,25.31,26.20,25.54,25.73,25.93,19.75,0.19,19.10,20.10,19.66,19.80,19.88
2026-09-13 00:00:00+00:00,São Brás de Alportel,0812,32.47,1.09,30.42,34.16,31.49,32.65,33.39,25.51,0.08,25.29,25.66,25.46,25.52,25.57,20.10,0.29,19.53,20.71,19.89,20.03,20.29
2026-09-14 00:00:00+00:00,São Brás de Alportel,0812,33.50,1.01,31.71,35.14,32.56,33.65,34.34,26.20,0.27,25.73,26.71,25.95,26.21,26.43,20.16,0.16,19.66,20.47,20.08,20.19,20.25
2026-09-15 00:00:00+00:00,São Brás de Alportel,0812,35.10,0.33,34.61,35.85,34.81,35.01,35.33,26.30,0.04,26.20,26.43,26.27,26.29,26.32,17.77,0.83,16.24,19.26,17.12,17.64,18.51
2026-09-16 00:00:00+00:00,São Brás de Alportel,0812,29.31,0.50,28.41,30.58,28.92,29.32,29.64,22.18,1.22,19.95,24.72,21.17,22.08,23.13,17.67,1.35,15.21,20.40,16.59,17.56,18.73
2026-09-17 00:00:00+00:00,São Brás de Alportel,0812,27.27,0.65,25.89,28.18,26.75,27.40,27.84,21.96,0.38,21.26,22.70,21.66,21.94,22.26,17.12,0.67,16.04,18.37,16.55,16.99,17.70
2026-09-18 00:00:00+00:00,São Brás de Alportel,0812,28.39,0.34,27.74,29.15,28.09,28.41,28.65,22.30,0.33,21.72,23.00,22.04,22.27,22.55,16.74,0.50,16.00,17.77,16.29,16.60,17.12
2026-09-19 00:00:00+00:00,São Brás de Alportel,0812,31.01,0.23,30.61,31.59,30.81,31.03,31.17,24.29,0.31,23.72,24.87,24.05,24.25,24.56,18.51,0.36,17.83,19.27,18.23,18.43,18.77
2026-09-20 00:00:00+00:00,São Brás de Alportel,0812,30.50,0.17,30.18,31.11,30.40,30.45,30.56,24.50,0.50,23.53,25.36,24.12,24.48,24.93,19.84,0.73,18.75,21.23,19.23,19.69,20.48
2026-09-21 00:00:00+00:00,São Brás de Alportel,0812,31.17,0.37,30.40,31.84,30.87,31.25,31.49,24.57,0.26,24.04,25.02,24.37,24.57,24.79,19.60,0.56,18.79,20.67,19.13,19.48,20.10
2026-09-22 00:00:00+00:00,São Brás de Alportel,0812,32.04,1.19,29.79,33.92,31.00,32.25,33.03,25.00,0.23,24.63,25.42,24.80,25.01,25.19,18.94,0.31,18.32,19.65,18.73,18.88,19.16
2026-09-23 00:00:00+00:00,São Brás de Alportel,0812,31.02,0.80,29.59,32.27,30.31,31.15,31.73,25.41,0.46,24.56,26.24,25.02,25.45,25.79,20.21,0.50,19.31,21.35,19.81,20.14,20.59
2026-09-24 00:00:00+00:00,São Brás de Alportel,0812,33.06,0.70,31.74,34.05,32.42,33.17,33.69,26.18,0.45,25.32,27.03,25.80,26.19,26.55,20.23,0.90,18.45,22.16,19.55,20.15,20.95
2026-09-25 00:00:00+00:00,São Brás de Alportel,0812,33.95,0.72,32.29,35.13,33.41,34.04,34.54,25.86,0.34,25.22,26.48,25.58,25.87,26.14,19.59,0.38,19.01,20.51,19.27,19.52,19.88
2026-09-26 00:00:00+00:00,São Brás de Alportel,0812,34.32,0.46,33.48,34.97,33.90,34.39,34.72,26.98,0.20,26.76,27.56,26.82,26.91,27.10,20.41,0.66,19.56,21.98,19.84,20.26,20.92
2026-09-27 00:00:00+00:00,São Brás de Alportel,0812,27.09,0.41,26.18,27.72,26.77,27.16,27.42,22.58,0.38,21.87,23.26,22.29,22.53,22.92,19.02,0.87,17.51,20.63,18.32,18.85,19.78
2026-09-28 00:00:00+00:00,São Brás de Alportel,0812,27.10,0.08,26.96,27.36,27.04,27.09,27.13,21.47,0.72,20.10,22.81,20.89,21.43,22.07,18.38,0.87,16.74,19.97,17.66,18.33,19.11
2026-09-29 00:00:00+00:00,São Brás de Alportel,0812,26.26,0.08,26.18,26.57,26.20,26.22,26.27,21.48,0.73,20.05,22.84,20.93,21.48,22.07,18.87,0.87,17.19,20.49,18.17,18.81,19.59
2026-09-10 00:00:00+00:00,Silves,0813,29.34,0.81,27.43,31.81,28.90,29.11,29.71,21.32,0.57,19.85,22.68,20.84,21.40,21.81,14.29,1.34,11.18,16.34,13.34,14.41,15.40
2026-09-11 00:00:00+00:00,Silves,0813,30.08,1.69,28.15,34.59,28.62,29.42,31.28,23.15,0.44,22.42,23.98,22.77,23.08,23.55,16.27,1.55,12.09,18.34,15.38,16.75,17.39
2026-09-12 00:00:00+00:00,Silves,0813,31.87,1.89,29.13,36.76,30.54,31.18,33.21,24.31,0.45,23.34,25.22,23.98,24.36,24.67,17.41,1.34,14.12,20.05,16.72,17.45,18.22
2026-09-13 00:00:00+00:00,Silves,0813,31.41,2.21,28.13,36.60,29.62,30.85,33.05,24.58,0.43,23.80,25.51,24.24,24.60,24.88,17.68,1.19,15.13,20.08,16.96,17.58,18.50
2026-09-14 00:00:00+00:00,Silves,0813,32.22,2.21,29.03,37.72,30.49,31.57,33.81,24.66,0.53,23.48,25.67,24.27,24.76,25.08,17.91,1.15,15.27,20.27,17.25,17.82,18.67
2026-09-15 00:00:00+00:00,Silves,0813,34.02,0.95,31.03,35.50,33.51,34.29,34.72,24.26,0.74,23.00,25.83,23.61,24.12,24.87,16.50,1.10,14.55,18.52,15.62,16.46,17.37
2026-09-16 00:00:00+00:00,Silves,0813,26.29,1.38,22.07,28.40,25.48,26.58,27.36,20.09,0.85,17.78,21.75,19.61,20.12,20.72,16.05,0.96,14.21,17.88,15.16,16.04,16.96
2026-09-17 00:00:00+00:00,Silves,0813,27.80,1.20,26.10,31.24,26.99,27.40,28.46,20.62,0.32,19.79,21.15,20.40,20.64,20.92,14.79,1.44,11.15,16.85,13.90,15.03,15.92
2026-09-18 00:00:00+00:00,Silves,0813,27.57,1.66,25.75,32.06,26.23,26.95,28.66,20.93,0.32,20.39,21.50,20.65,20.88,21.22,14.58,1.37,10.77,16.36,13.86,15.03,15.56
2026-09-19 00:00:00+00:00,Silves,0813,29.96,1.10,28.37,32.86,29.18,29.52,30.73,22.81,0.65,21.41,24.14,22.34,22.73,23.29,15.93,1.46,12.96,19.03,15.02,15.74,16.89
2026-09-20 00:00:00+00:00,Silves,0813,29.72,1.44,28.06,33.33,28.51,29.22,30.72,23.80,0.47,22.49,24.67,23.51,23.84,24.08,17.88,1.35,15.14,20.48,16.91,17.84,18.82
2026-09-21 00:00:00+00:00,Silves,0813,30.94,1.23,29.37,34.15,30.02,30.45,31.75,23.86,0.40,22.75,24.57,23.61,23.90,24.14,17.65,1.15,15.21,19.63,16.83,17.69,18.56
2026-09-22 00:00:00+00:00,Silves,0813,30.94,1.79,28.76,35.42,29.47,30.33,32.29,23.72,0.35,22.98,24.54,23.45,23.77,24.00,17.48,1.11,15.37,19.94,16.76,17.30,18.16
2026-09-23 00:00:00+00:00,Silves,0813,30.74,1.82,28.19,35.16,29.25,30.22,32.06,24.10,0.45,22.84,25.03,23.93,24.08,24.43,18.28,1.61,14.48,21.76,17.33,18.26,19.20
2026-09-24 00:00:00+00:00,Silves,0813,32.70,1.44,31.05,36.63,31.58,32.08,33.66,24.76,0.60,23.70,26.11,24.28,24.59,25.26,17.86,1.50,14.81,21.34,16.83,17.72,18.80
2026-09-25 00:00:00+00:00,Silves,0813,34.56,0.82,31.91,36.10,34.17,34.78,35.08,25.10,0.79,23.74,26.62,24.42,25.10,25.72,18.00,1.64,14.15,21.20,17.08,18.01,19.03
2026-09-26 00:00:00+00:00,Silves,0813,33.41,1.36,31.91,37.07,32.30,32.86,34.33,25.03,0.66,23.53,26.08,24.59,25.07,25.55,18.20,2.53,11.83,21.24,16.52,18.95,20.36
2026-09-27 00:00:00+00:00,Silves,0813,27.60,1.05,25.95,30.68,26.85,27.14,28.15,22.58,0.45,21.20,23.36,22.34,22.65,22.88,18.67,1.11,16.99,20.98,17.74,18.48,19.51
2026-09-28 00:00:00+00:00,Silves,0813,27.63,0.90,25.96,30.32,27.04,27.23,28.07,21.34,0.44,20.12,22.12,21.11,21.31,21.71,17.39,0.99,15.78,19.41,16.50,17.27,18.16
2026-09-29 00:00:00+00:00,Silves,0813,26.20,0.90,24.58,27.83,25.38,26.04,26.99,22.51,0.25,21.76,22.95,22.30,22.56,22.72,20.24,0.38,19.26,21.17,19.95,20.20,20.57
2026-09-10 00:00:00+00:00,Tavira,0814,30.48,0.86,28.79,33.29,29.98,30.29,30.94,23.22,0.66,21.54,24.00,22.83,23.41,23.76,16.84,1.49,14.24,18.44,15.24,17.49,18.18
2026-09-11 00:00:00+00:00,Tavira,0814,31.41,1.34,29.90,34.83,30.23,30.96,32.60,24.89,0.16,24.70,25.43,24.78,24.85,24.95,18.27,0.89,15.87,19.20,17.64,18.58,19.04
2026-09-12 00:00:00+00:00,Tavira,0814,32.87,1.72,30.89,36.98,31.32,32.25,34.58,25.23,0.73,24.20,26.53,24.61,25.11,26.01,18.76,0.54,17.38,20.23,18.40,18.60,19.11
2026-09-13 00:00:00+00:00,Tavira,0814,32.37,1.77,30.07,36.33,30.74,31.90,34.14,25.27,0.61,24.40,26.86,24.77,25.19,25.70,19.31,0.42,18.80,20.59,18.96,19.20,19.59
2026-09-14 00:00:00+00:00,Tavira,0814,33.24,1.65,31.44,36.86,31.76,32.62,34.98,25.73,0.88,24.50,27.57,24.98,25.57,26.64,19.43,0.38,18.68,20.36,19.13,19.31,19.70
2026-09-15 00:00:00+00:00,Tavira,0814,33.91,1.12,31.98,36.02,32.75,34.05,34.85,26.02,0.34,25.46,26.73,25.68,26.03,26.34,18.00,0.63,15.98,19.23,17.95,18.17,18.25
2026-09-16 00:00:00+00:00,Tavira,0814,30.37,0.88,28.25,31.30,29.76,30.67,31.15,23.56,1.76,19.59,25.50,21.97,24.18,25.10,18.89,1.76,14.80,20.99,17.35,19.54,20.44
2026-09-17 00:00:00+00:00,Tavira,0814,27.02,1.67,25.10,31.43,25.56,26.50,28.33,22.26,0.36,21.14,22.81,22.18,22.38,22.49,17.50,1.22,14.96,18.90,16.19,17.92,18.60
2026-09-18 00:00:00+00:00,Tavira,0814,28.92,0.82,27.95,31.81,28.32,28.65,29.21,22.49,0.28,21.63,23.10,22.46,22.56,22.63,15.95,0.54,14.53,17.57,15.59,15.96,16.19
2026-09-19 00:00:00+00:00,Tavira,0814,31.39,0.66,30.61,33.50,30.83,31.23,31.73,24.35,0.23,23.63,24.90,24.25,24.38,24.47,17.74,0.46,16.60,19.16,17.49,17.62,18.00
2026-09-20 00:00:00+00:00,Tavira,0814,30.82,0.85,29.80,33.55,30.15,30.63,31.27,24.83,0.45,23.35,25.37,24.77,25.02,25.09,19.54,0.74,17.91,21.20,18.84,19.81,19.93
2026-09-21 00:00:00+00:00,Tavira,0814,31.48,0.84,30.21,33.81,30.69,31.42,32.02,24.70,0.25,23.94,25.50,24.57,24.72,24.84,19.48,0.71,17.81,20.74,18.78,19.76,20.00
2026-09-22 00:00:00+00:00,Tavira,0814,31.76,2.05,29.40,36.53,29.92,31.00,33.84,24.58,0.78,23.50,26.27,23.92,24.45,25.38,18.09,0.48,17.13,19.58,17.75,17.96,18.40
2026-09-23 00:00:00+00:00,Tavira,0814,31.32,1.96,29.36,37.34,29.70,30.55,32.49,24.88,1.02,23.70,26.95,24.00,24.54,25.97,18.60,1.13,17.20,21.61,17.63,18.46,19.22
2026-09-24 00:00:00+00:00,Tavira,0814,33.16,1.46,31.51,37.24,31.88,32.65,34.23,25.34,1.26,23.60,27.65,24.26,25.09,26.69,18.27,1.50,16.50,22.56,17.15,17.90,18.94
2026-09-25 00:00:00+00:00,Tavira,0814,32.66,2.05,29.50,36.22,30.90,32.47,34.84,25.27,0.92,24.00,26.99,24.47,25.07,26.25,18.12,1.07,16.70,20.72,17.15,18.07,18.81
2026-09-26 00:00:00+00:00,Tavira,0814,34.34,1.04,33.00,36.99,33.42,34.15,35.11,26.91,0.29,26.24,27.71,26.72,26.93,27.10,20.36,1.28,17.11,22.40,19.40,20.64,21.53
2026-09-27 00:00:00+00:00,Tavira,0814,26.76,0.80,25.70,28.24,26.01,26.60,27.62,22.61,0.27,21.74,23.18,22.53,22.67,22.76,18.83,0.58,17.26,20.47,18.62,18.87,19.04
2026-09-28 00:00:00+00:00,Tavira,0814,27.01,0.63,26.10,28.77,26.53,26.96,27.35,22.17,0.99,19.86,23.13,21.28,22.62,23.02,19.32,1.32,16.46,20.70,18.04,19.86,20.46
2026-09-29 00:00:00+00:00,Tavira,0814,26.25,0.68,25.30,28.32,25.74,26.17,26.57,22.23,0.87,19.78,23.08,21.80,22.61,22.92,19.65,1.10,16.88,20.80,18.89,20.04,20.58
2026-09-10 00:00:00+00:00,Vila do Bispo,0815,26.66,0.61,26.00,28.23,26.10,26.50,27.11,20.60,0.16,20.22,21.09,20.55,20.60,20.63,16.11,0.94,14.13,17.20,15.27,16.28,17.02
2026-09-11 00:00:00+00:00,Vila do Bispo,0815,29.07,0.07,29.00,29.27,29.01,29.05,29.11,22.62,0.25,21.95,22.90,22.45,22.67,22.86,16.85,0.75,15.14,17.70,16.23,17.00,17.56
2026-09-12 00:00:00+00:00,Vila do Bispo,0815,30.92,0.11,30.80,31.17,30.82,30.90,31.01,23.19,0.19,22.67,23.40,23.07,23.24,23.37,16.42,0.52,15.12,17.00,16.04,16.54,16.91
2026-09-13 00:00:00+00:00,Vila do Bispo,0815,30.03,0.37,29.60,30.92,29.68,29.96,30.33,24.24,0.23,23.75,24.50,24.04,24.28,24.46,18.00,0.61,16.65,18.70,17.48,18.11,18.59
2026-09-14 00:00:00+00:00,Vila do Bispo,0815,30.27,0.49,29.70,31.37,29.80,30.18,30.68,23.84,0.23,23.32,24.10,23.65,23.89,24.06,18.01,0.69,16.49,18.80,17.42,18.15,18.67
2026-09-15 00:00:00+00:00,Vila do Bispo,0815,28.31,1.37,26.80,31.72,27.03,27.95,29.32,21.66,0.28,21.40,22.51,21.44,21.55,21.79,17.58,0.89,15.61,18.60,16.82,17.74,18.43
2026-09-16 00:00:00+00:00,Vila do Bispo,0815,23.76,0.35,23.40,24.75,23.45,23.67,23.97,19.55,0.18,19.40,20.14,19.42,19.47,19.61,16.56,0.48,15.32,17.10,16.22,16.66,17.01
2026-09-17 00:00:00+00:00,Vila do Bispo,0815,25.84,0.47,25.30,26.91,25.38,25.72,26.22,19.72,0.12,19.34,19.94,19.68,19.77,19.80,15.41,0.69,13.84,16.20,14.84,15.55,16.07
2026-09-18 00:00:00+00:00,Vila do Bispo,0815,26.08,0.16,25.90,26.41,25.93,26.06,26.22,19.88,0.15,19.42,20.05,19.81,19.94,19.99,15.23,0.76,13.52,16.10,14.59,15.38,15.96
2026-09-19 00:00:00+00:00,Vila do Bispo,0815,29.78,0.16,29.60,30.21,29.63,29.75,29.90,22.26,0.23,21.63,22.50,22.11,22.31,22.46,14.34,0.35,13.33,14.70,14.13,14.43,14.65
2026-09-20 00:00:00+00:00,Vila do Bispo,0815,29.49,0.20,29.30,30.06,29.33,29.43,29.60,24.21,0.25,23.69,24.50,23.98,24.25,24.45,19.02,0.76,17.38,19.90,18.35,19.16,19.76
2026-09-21 00:00:00+00:00,Vila do Bispo,0815,29.75,0.64,29.00,31.17,29.13,29.63,30.29,23.85,0.13,23.55,24.00,23.74,23.87,23.97,18.52,0.59,17.23,19.20,18.02,18.63,19.09
2026-09-22 00:00:00+00:00,Vila do Bispo,0815,29.74,0.22,29.50,30.32,29.54,29.70,29.89,22.88,0.20,22.36,23.10,22.75,22.93,23.07,16.56,0.40,15.53,17.00,16.28,16.66,16.93
2026-09-23 00:00:00+00:00,Vila do Bispo,0815,28.96,0.49,28.40,30.07,28.50,28.87,29.37,23.03,0.24,22.43,23.30,22.83,23.08,23.26,16.33,0.43,15.20,16.80,16.02,16.44,16.73
2026-09-24 00:00:00+00:00,Vila do Bispo,0815,32.61,0.09,32.36,32.70,32.55,32.63,32.69,23.11,0.20,22.53,23.30,23.02,23.18,23.27,15.17,0.41,14.09,15.60,14.88,15.27,15.54
2026-09-25 00:00:00+00:00,Vila do Bispo,0815,29.34,1.15,28.10,32.35,28.28,29.02,30.16,22.91,0.22,22.36,23.56,22.84,22.90,22.96,17.30,0.71,15.60,18.10,16.73,17.45,17.97
2026-09-26 00:00:00+00:00,Vila do Bispo,0815,32.61,0.09,32.50,32.81,32.52,32.59,32.68,24.28,0.14,23.86,24.40,24.21,24.33,24.38,18.57,0.62,16.80,19.20,18.19,18.73,19.11
2026-09-27 00:00:00+00:00,Vila do Bispo,0815,27.65,0.14,27.50,28.05,27.52,27.61,27.73,22.37,0.12,22.06,22.50,22.30,22.40,22.48,18.17,0.39,17.15,18.60,17.89,18.26,18.53
2026-09-28 00:00:00+00:00,Vila do Bispo,0815,28.01,0.13,27.90,28.39,27.91,27.96,28.06,21.83,0.14,21.50,22.00,21.72,21.86,21.97,16.71,0.29,15.89,17.00,16.54,16.78,16.96
2026-09-29 00:00:00+00:00,Vila do Bispo,0815,26.85,0.36,25.98,27.64,26.64,26.86,27.10,23.06,0.06,23.00,23.24,23.01,23.04,23.09,21.06,0.21,20.64,21.30,20.87,21.09,21.26
2026-09-10 00:00:00+00:00,Vila Real de Santo António,0816,31.40,0.59,30.21,32.30,30.99,31.39,31.80,23.61,0.14,23.40,23.93,23.55,23.61,23.70,18.46,0.19,18.20,18.80,18.32,18.39,18.56
2026-09-11 00:00:00+00:00,Vila Real de Santo António,0816,30.71,0.26,30.05,31.16,30.57,30.80,30.87,24.92,0.10,24.74,25.10,24.86,24.91,24.96,19.01,0.31,18.44,19.60,18.79,18.97,19.14
2026-09-12 00:00:00+00:00,Vila Real de Santo António,0816,32.03,0.32,31.26,32.40,31.83,32.10,32.33,24.73,0.16,24.31,25.02,24.65,24.80,24.84,18.56,0.21,18.35,19.00,18.43,18.46,18.59
2026-09-13 00:00:00+00:00,Vila Real de Santo António,0816,32.36,0.80,30.72,33.60,31.83,32.36,32.77,24.97,0.18,24.51,25.24,24.87,25.04,25.11,19.00,0.23,18.63,19.50,18.87,18.90,19.01
2026-09-14 00:00:00+00:00,Vila Real de Santo António,0816,32.34,0.29,31.65,32.70,32.16,32.39,32.58,25.19,0.22,24.64,25.47,25.07,25.26,25.40,19.12,0.13,18.82,19.40,19.04,19.10,19.12
2026-09-15 00:00:00+00:00,Vila Real de Santo António,0816,31.54,0.47,30.80,32.32,31.12,31.65,31.85,25.33,0.14,25.10,25.57,25.22,25.37,25.42,18.32,0.14,18.15,18.60,18.25,18.26,18.35
2026-09-16 00:00:00+00:00,Vila Real de Santo António,0816,31.27,0.18,30.90,31.77,31.28,31.31,31.36,24.50,0.39,23.90,25.32,24.33,24.50,24.74,19.91,0.26,19.56,20.55,19.70,19.82,20.05
2026-09-17 00:00:00+00:00,Vila Real de Santo António,0816,26.30,0.49,25.31,27.10,25.99,26.27,26.45,22.34,0.06,22.23,22.48,22.30,22.32,22.37,18.39,0.25,17.83,18.79,18.22,18.39,18.61
2026-09-18 00:00:00+00:00,Vila Real de Santo António,0816,28.65,0.12,28.36,28.80,28.57,28.67,28.76,22.79,0.13,22.55,23.00,22.70,22.77,22.85,16.89,0.66,15.66,18.00,16.46,16.81,17.22
2026-09-19 00:00:00+00:00,Vila Real de Santo António,0816,31.71,0.36,30.87,32.24,31.48,31.78,32.06,24.44,0.08,24.25,24.57,24.40,24.46,24.50,17.38,0.06,17.18,17.50,17.34,17.38,17.42
2026-09-20 00:00:00+00:00,Vila Real de Santo António,0816,31.50,0.73,30.08,32.70,31.01,31.45,31.84,25.31,0.13,25.05,25.50,25.22,25.30,25.40,20.18,0.30,19.87,20.80,19.98,20.03,20.24
2026-09-21 00:00:00+00:00,Vila Real de Santo António,0816,32.23,0.62,30.78,33.19,31.82,32.33,32.81,24.84,0.11,24.56,25.04,24.77,24.87,24.91,19.93,0.14,19.69,20.20,19.84,19.92,19.98
2026-09-22 00:00:00+00:00,Vila Real de Santo António,0816,30.71,0.37,29.80,31.10,30.48,30.80,31.08,24.01,0.16,23.61,24.24,23.93,24.07,24.12,17.98,0.26,17.60,18.50,17.84,17.88,18.04
2026-09-23 00:00:00+00:00,Vila Real de Santo António,0816,29.77,0.19,29.50,30.20,29.62,29.76,29.91,23.85,0.10,23.70,24.06,23.77,23.84,23.92,17.47,0.08,17.28,17.60,17.42,17.47,17.53
2026-09-24 00:00:00+00:00,Vila Real de Santo António,0816,32.28,0.26,31.81,32.87,32.06,32.26,32.45,24.55,0.30,23.79,24.94,24.38,24.65,24.80,17.43,0.36,16.68,18.00,17.20,17.42,17.56
2026-09-25 00:00:00+00:00,Vila Real de Santo António,0816,32.67,1.03,30.07,34.63,32.06,33.00,33.42,24.58,0.19,24.12,25.01,24.49,24.60,24.68,16.53,0.59,15.30,17.25,16.50,16.74,16.91
2026-09-26 00:00:00+00:00,Vila Real de Santo António,0816,34.55,0.54,33.27,35.39,34.21,34.67,35.07,26.76,0.13,26.60,27.05,26.64,26.75,26.85,20.53,0.39,19.63,21.50,20.29,20.47,20.73
2026-09-27 00:00:00+00:00,Vila Real de Santo António,0816,26.80,0.45,25.89,27.50,26.50,26.79,27.02,22.94,0.24,22.58,23.40,22.80,22.87,23.00,19.27,0.37,18.72,20.00,19.05,19.12,19.35
2026-09-28 00:00:00+00:00,Vila Real de Santo António,0816,27.09,0.53,26.27,28.10,26.77,26.94,27.20,23.25,0.10,23.11,23.40,23.16,23.22,23.35,20.65,0.05,20.54,20.89,20.62,20.66,20.67
2026-09-29 00:00:00+00:00,Vila Real de Santo António,0816,26.31,0.42,25.48,27.00,26.04,26.29,26.48,22.90,0.03,22.84,22.98,22.89,22.90,22.92,20.19,0.19,19.81,20.69,20.07,20.11,20.30
2026-09-10 00:00:00+00:00,Aguiar da Beira,0901,26.25,0.57,25.70,27.94,25.82,26.02,26.49,18.11,0.19,17.67,18.76,18.00,18.04,18.16,10.50,0.17,10.28,11.08,10.40,10.42,10.56
2026-09-11 00:00:00+00:00,Aguiar da Beira,0901,31.07,0.25,30.15,31.67,31.00,31.03,31.18,22.27,0.03,22.14,22.39,22.26,22.28,22.29,14.58,0.26,13.82,15.66,14.47,14.58,14.63
2026-09-12 00:00:00+00:00,Aguiar da Beira,0901,30.80,0.43,29.80,32.04,30.52,30.66,30.99,23.38,0.18,22.96,24.00,23.30,23.31,23.43,16.20,0.06,16.03,16.47,16.18,16.19,16.21
2026-09-13 00:00:00+00:00,Aguiar da Beira,0901,32.97,0.51,32.42,34.48,32.59,32.77,33.19,24.50,0.27,24.29,25.43,24.32,24.37,24.58,16.63,0.29,16.39,17.64,16.42,16.50,16.73
2026-09-14 00:00:00+00:00,Aguiar da Beira,0901,34.52,0.20,34.30,35.05,34.35,34.45,34.67,25.24,0.16,25.10,25.71,25.11,25.17,25.33,17.51,0.42,17.10,19.36,17.24,17.32,17.64
2026-09-15 00:00:00+00:00,Aguiar da Beira,0901,30.20,0.19,29.71,31.06,30.11,30.16,30.24,21.90,0.21,21.33,22.76,21.84,21.90,21.95,14.61,0.29,13.90,15.90,14.51,14.55,14.66
2026-09-16 00:00:00+00:00,Aguiar da Beira,0901,25.63,0.35,24.68,26.59,25.42,25.53,25.81,19.14,0.09,18.88,19.46,19.10,19.11,19.16,13.46,0.21,12.81,14.26,13.39,13.48,13.51
2026-09-17 00:00:00+00:00,Aguiar da Beira,0901,23.33,0.34,22.38,24.23,23.12,23.23,23.50,16.73,0.18,16.06,17.29,16.69,16.71,16.77,10.70,0.11,10.26,10.90,10.66,10.72,10.77
2026-09-18 00:00:00+00:00,Aguiar da Beira,0901,25.95,0.36,25.13,27.06,25.72,25.84,26.10,18.39,0.17,18.03,18.99,18.30,18.32,18.44,11.22,0.15,11.03,11.71,11.10,11.15,11.32
2026-09-19 00:00:00+00:00,Aguiar da Beira,0901,30.51,0.12,30.39,30.96,30.42,30.46,30.56,21.68,0.13,21.11,22.04,21.65,21.69,21.71,13.87,0.16,13.64,14.47,13.79,13.80,13.90
2026-09-20 00:00:00+00:00,Aguiar da Beira,0901,31.19,0.38,30.34,32.38,30.93,31.07,31.37,23.94,0.11,23.69,24.38,23.89,23.90,23.96,17.34,0.12,16.76,17.66,17.29,17.38,17.40
2026-09-21 00:00:00+00:00,Aguiar da Beira,0901,31.91,0.47,30.62,33.30,31.62,31.77,32.14,24.31,0.15,24.15,24.86,24.21,24.24,24.35,17.53,0.11,16.99,17.77,17.48,17.57,17.59
2026-09-22 00:00:00+00:00,Aguiar da Beira,0901,33.26,0.44,32.50,34.56,32.95,33.11,33.46,24.96,0.12,24.70,25.39,24.90,24.92,25.00,18.16,0.24,17.33,18.40,18.06,18.24,18.34
2026-09-23 00:00:00+00:00,Aguiar da Beira,0901,34.96,0.38,33.47,35.96,34.87,34.93,35.11,25.28,0.11,25.15,25.68,25.20,25.23,25.33,17.45,0.33,17.06,18.77,17.23,17.30,17.56
2026-09-24 00:00:00+00:00,Aguiar da Beira,0901,33.17,0.26,32.56,33.62,32.97,33.22,33.38,24.39,0.30,23.87,25.03,24.16,24.36,24.62,16.26,0.52,15.70,18.29,15.85,16.09,16.53
2026-09-25 00:00:00+00:00,Aguiar da Beira,0901,30.51,0.26,29.83,31.12,30.34,30.55,30.68,21.39,0.37,20.61,22.14,21.08,21.37,21.70,14.90,0.75,13.39,16.37,14.33,14.87,15.54
2026-09-26 00:00:00+00:00,Aguiar da Beira,0901,29.40,0.40,28.58,30.16,29.08,29.44,29.73,21.22,0.09,21.01,21.44,21.17,21.21,21.27,14.46,0.37,13.44,15.04,14.21,14.55,14.74
2026-09-27 00:00:00+00:00,Aguiar da Beira,0901,27.34,0.27,26.93,28.15,27.16,27.27,27.47,20.95,0.11,20.72,21.18,20.86,20.95,21.03,15.86,0.07,15.70,15.98,15.81,15.87,15.92
2026-09-28 00:00:00+00:00,Aguiar da Beira,0901,23.83,0.12,23.70,24.36,23.74,23.81,23.88,17.59,0.10,17.50,17.95,17.52,17.54,17.62,12.94,0.14,12.80,13.35,12.83,12.89,13.01
2026-09-29 00:00:00+00:00,Aguiar da Beira,0901,23.61,0.17,23.43,24.25,23.50,23.53,23.63,19.04,0.19,18.49,19.75,18.98,19.00,19.04,15.32,0.08,15.15,15.67,15.29,15.30,15.32
2026-09-10 00:00:00+00:00,Almeida,0902,26.40,0.25,25.91,27.14,26.27,26.31,26.52,18.00,0.06,17.83,18.20,17.97,18.00,18.04,9.94,0.17,9.36,10.35,9.82,9.97,10.05
2026-09-11 00:00:00+00:00,Almeida,0902,30.64,0.32,29.96,31.18,30.41,30.59,30.93,21.99,0.10,21.74,22.13,21.91,22.00,22.08,13.81,0.37,13.06,14.51,13.54,13.94,14.07
2026-09-12 00:00:00+00:00,Almeida,0902,31.29,0.24,30.62,31.67,31.15,31.32,31.46,22.85,0.08,22.55,23.01,22.78,22.87,22.91,15.31,0.28,14.33,15.62,15.16,15.44,15.50
2026-09-13 00:00:00+00:00,Almeida,0902,32.97,0.16,32.52,33.20,32.86,32.99,33.09,23.91,0.13,23.55,24.26,23.81,23.92,23.99,14.60,0.48,13.68,15.75,14.30,14.62,14.89
2026-09-14 00:00:00+00:00,Almeida,0902,34.27,0.28,33.51,34.70,34.08,34.26,34.53,25.01,0.09,24.67,25.15,24.97,25.04,25.07,15.48,0.89,13.73,17.25,14.80,15.75,16.08
2026-09-15 00:00:00+00:00,Almeida,0902,32.72,0.54,31.50,33.74,32.35,32.66,33.14,23.44,0.24,22.93,23.88,23.26,23.42,23.64,15.90,0.21,15.47,16.28,15.74,15.89,16.10
2026-09-16 00:00:00+00:00,Almeida,0902,25.63,0.44,24.71,26.37,25.30,25.56,26.03,19.32,0.34,18.60,19.88,19.07,19.27,19.62,14.12,0.16,13.80,14.39,13.99,14.10,14.25
2026-09-17 00:00:00+00:00,Almeida,0902,23.72,0.38,22.73,24.37,23.47,23.73,24.01,16.56,0.17,16.10,16.80,16.44,16.58,16.70,10.08,0.07,9.88,10.25,10.04,10.06,10.14
2026-09-18 00:00:00+00:00,Almeida,0902,26.48,0.32,25.68,27.06,26.26,26.47,26.73,18.44,0.07,18.17,18.56,18.39,18.46,18.49,11.10,0.19,10.73,11.48,10.94,11.15,11.24
2026-09-19 00:00:00+00:00,Almeida,0902,29.30,0.57,28.18,30.18,28.80,29.27,29.84,20.71,0.25,19.99,21.01,20.51,20.78,20.95,12.38,0.25,11.50,12.68,12.24,12.47,12.56
2026-09-20 00:00:00+00:00,Almeida,0902,31.33,0.65,30.17,32.45,30.78,31.24,31.93,23.05,0.23,22.46,23.32,22.86,23.12,23.27,14.71,0.50,13.70,15.87,14.40,14.73,15.02
2026-09-21 00:00:00+00:00,Almeida,0902,31.74,0.27,31.07,32.20,31.55,31.72,31.98,23.51,0.18,22.94,23.70,23.38,23.60,23.65,14.85,0.39,14.09,15.84,14.61,14.84,15.08
2026-09-22 00:00:00+00:00,Almeida,0902,32.96,0.13,32.55,33.31,32.90,32.98,33.02,24.14,0.20,23.46,24.36,24.03,24.23,24.27,15.63,0.36,14.65,16.54,15.38,15.65,15.83
2026-09-23 00:00:00+00:00,Almeida,0902,33.76,0.16,33.24,34.00,33.67,33.79,33.89,24.57,0.14,24.07,24.76,24.51,24.62,24.67,15.83,0.34,15.26,16.75,15.57,15.81,16.02
2026-09-24 00:00:00+00:00,Almeida,0902,33.16,0.44,32.02,33.87,32.86,33.12,33.56,23.69,0.09,23.35,23.83,23.66,23.73,23.75,14.80,0.64,13.51,16.10,14.35,14.92,15.22
2026-09-25 00:00:00+00:00,Almeida,0902,31.74,0.52,30.48,32.64,31.39,31.67,32.17,22.18,0.18,21.70,22.48,22.05,22.19,22.32,14.29,0.17,14.02,14.80,14.18,14.26,14.38
2026-09-26 00:00:00+00:00,Almeida,0902,30.43,0.23,29.81,30.86,30.29,30.43,30.58,20.98,0.05,20.89,21.11,20.93,20.97,21.01,12.96,0.27,12.53,13.71,12.76,12.93,13.10
2026-09-27 00:00:00+00:00,Almeida,0902,28.06,0.45,26.98,28.85,27.74,27.99,28.43,21.07,0.20,20.69,21.39,20.91,21.04,21.25,15.43,0.22,14.80,15.71,15.28,15.48,15.64
2026-09-28 00:00:00+00:00,Almeida,0902,24.58,0.74,23.28,25.85,23.96,24.47,25.27,18.09,0.31,17.53,18.59,17.85,18.05,18.38,13.16,0.32,12.39,13.53,12.89,13.25,13.46
2026-09-29 00:00:00+00:00,Almeida,0902,22.49,0.51,21.26,23.28,22.12,22.43,22.95,18.58,0.61,17.40,19.57,18.08,18.53,19.14,15.16,0.31,14.55,15.62,14.92,15.16,15.46
2026-09-10 00:00:00+00:00,Celorico da Beira,0903,25.94,0.81,24.13,27.88,25.44,25.87,26.41,17.91,0.36,17.26,18.85,17.65,17.81,18.15,10.96,0.23,10.61,11.57,10.75,10.95,11.10
2026-09-11 00:00:00+00:00,Celorico da Beira,0903,30.08,0.53,28.90,31.41,29.75,30.04,30.43,22.00,0.20,21.61,22.59,21.86,22.01,22.11,15.15,0.23,14.52,15.68,14.95,15.16,15.32
2026-09-12 00:00:00+00:00,Celorico da Beira,0903,30.29,0.62,29.14,31.90,29.85,30.13,30.69,23.39,0.35,22.94,24.38,23.10,23.29,23.62,16.40,0.30,16.07,17.26,16.16,16.30,16.59
2026-09-13 00:00:00+00:00,Celorico da Beira,0903,32.69,0.57,31.57,34.22,32.34,32.59,33.05,24.88,0.33,24.33,25.89,24.61,24.86,25.05,17.46,0.47,16.67,18.78,17.09,17.52,17.69
2026-09-14 00:00:00+00:00,Celorico da Beira,0903,33.76,0.73,32.09,34.88,33.24,33.88,34.35,25.60,0.17,25.11,26.25,25.48,25.60,25.68,19.00,0.26,18.21,19.60,18.78,19.00,19.18
2026-09-15 00:00:00+00:00,Celorico da Beira,0903,30.10,0.46,29.28,31.11,29.75,29.92,30.46,22.24,0.27,21.67,22.84,22.05,22.20,22.43,15.16,0.32,14.78,15.98,14.88,15.05,15.38
2026-09-16 00:00:00+00:00,Celorico da Beira,0903,24.73,0.60,23.44,26.16,24.37,24.67,25.13,18.56,0.43,17.49,19.41,18.29,18.64,18.85,13.65,0.23,13.27,14.26,13.50,13.54,13.78
2026-09-17 00:00:00+00:00,Celorico da Beira,0903,22.40,0.64,20.93,23.82,22.01,22.35,22.84,16.11,0.46,15.15,17.23,15.83,16.04,16.41,10.16,0.42,9.25,11.15,9.89,10.14,10.43
2026-09-18 00:00:00+00:00,Celorico da Beira,0903,25.29,0.48,24.21,26.38,25.01,25.22,25.62,18.36,0.34,17.83,19.24,18.08,18.25,18.59,11.84,0.31,11.48,12.53,11.56,11.72,12.09
2026-09-19 00:00:00+00:00,Celorico da Beira,0903,28.93,0.89,26.82,30.17,28.34,29.13,29.68,21.13,0.35,20.56,22.15,20.89,21.05,21.34,13.64,0.48,12.81,15.00,13.31,13.57,13.91
2026-09-20 00:00:00+00:00,Celorico da Beira,0903,30.23,0.56,28.94,31.46,29.90,30.22,30.61,23.58,0.32,22.78,24.65,23.35,23.54,23.75,17.52,0.22,16.26,18.20,17.47,17.52,17.59
2026-09-21 00:00:00+00:00,Celorico da Beira,0903,31.02,0.59,29.90,32.49,30.60,30.88,31.44,24.22,0.28,23.60,25.21,24.03,24.14,24.36,17.59,0.26,16.43,18.67,17.47,17.55,17.65
2026-09-22 00:00:00+00:00,Celorico da Beira,0903,32.65,0.66,31.27,34.28,32.25,32.54,33.07,24.95,0.24,24.61,25.79,24.78,24.86,25.07,17.94,0.18,17.25,18.48,17.88,17.92,17.99
2026-09-23 00:00:00+00:00,Celorico da Beira,0903,33.47,0.69,32.00,35.12,33.04,33.39,33.95,25.31,0.24,24.89,26.19,25.14,25.21,25.41,18.38,0.25,17.32,19.31,18.27,18.37,18.51
2026-09-24 00:00:00+00:00,Celorico da Beira,0903,31.58,0.82,30.19,33.15,30.92,31.42,32.24,24.10,0.38,23.41,24.86,23.81,24.01,24.42,17.84,0.22,17.32,18.48,17.68,17.81,17.95
2026-09-25 00:00:00+00:00,Celorico da Beira,0903,29.67,0.49,28.58,30.54,29.39,29.63,30.04,21.48,0.25,21.10,22.02,21.29,21.39,21.68,15.70,0.25,15.20,16.21,15.49,15.73,15.87
2026-09-26 00:00:00+00:00,Celorico da Beira,0903,28.88,0.16,28.52,29.26,28.77,28.85,29.02,21.12,0.10,20.88,21.30,21.07,21.15,21.19,14.96,0.08,14.84,15.32,14.91,14.94,15.00
2026-09-27 00:00:00+00:00,Celorico da Beira,0903,26.22,0.48,25.38,27.07,25.82,26.16,26.62,20.62,0.27,19.97,21.09,20.44,20.58,20.85,15.63,0.19,15.07,15.93,15.54,15.66,15.78
2026-09-28 00:00:00+00:00,Celorico da Beira,0903,23.11,0.59,21.94,24.23,22.64,23.11,23.56,17.43,0.22,16.96,18.03,17.29,17.45,17.56,13.50,0.10,13.12,13.81,13.44,13.49,13.55
2026-09-29 00:00:00+00:00,Celorico da Beira,0903,21.90,1.09,19.38,23.55,21.11,22.12,22.83,17.84,0.76,16.11,19.49,17.34,17.95,18.36,14.83,0.45,13.82,15.90,14.53,14.89,15.12
2026-09-10 00:00:00+00:00,Figueira de Castelo Rodrigo,0904,26.37,0.10,26.27,26.76,26.30,26.32,26.40,18.10,0.15,17.98,18.73,18.00,18.03,18.14,9.91,0.25,9.70,10.84,9.72,9.79,10.04
2026-09-11 00:00:00+00:00,Figueira de Castelo Rodrigo,0904,31.20,0.06,30.98,31.48,31.18,31.19,31.20,22.19,0.13,22.10,22.78,22.10,22.13,22.22,13.32,0.34,13.00,14.43,13.04,13.16,13.54
2026-09-12 00:00:00+00:00,Figueira de Castelo Rodrigo,0904,31.66,0.07,31.26,31.89,31.65,31.67,31.69,22.84,0.17,22.70,23.57,22.71,22.76,22.90,15.54,0.17,15.40,16.26,15.41,15.46,15.62
2026-09-13 00:00:00+00:00,Figueira de Castelo Rodrigo,0904,33.30,0.16,33.15,33.93,33.20,33.22,33.35,23.85,0.18,23.70,24.57,23.72,23.78,23.95,13.99,0.40,13.60,15.18,13.66,13.80,14.28
2026-09-14 00:00:00+00:00,Figueira de Castelo Rodrigo,0904,34.80,0.14,34.69,35.33,34.70,34.74,34.86,25.06,0.07,25.00,25.32,25.01,25.04,25.11,14.11,0.51,13.60,15.65,13.69,13.89,14.49
2026-09-15 00:00:00+00:00,Figueira de Castelo Rodrigo,0904,33.61,0.20,32.78,33.80,33.53,33.68,33.76,23.86,0.10,23.46,24.21,23.85,23.88,23.90,16.24,0.08,15.92,16.44,16.23,16.28,16.29
2026-09-16 00:00:00+00:00,Figueira de Castelo Rodrigo,0904,26.48,0.19,26.12,27.32,26.39,26.40,26.50,19.91,0.09,19.63,20.32,19.88,19.90,19.91,14.33,0.08,14.09,14.40,14.29,14.36,14.39
2026-09-17 00:00:00+00:00,Figueira de Castelo Rodrigo,0904,24.43,0.15,23.98,25.08,24.38,24.40,24.43,16.90,0.17,16.73,17.64,16.80,16.82,16.94,10.17,0.21,10.00,10.96,10.02,10.07,10.26
2026-09-18 00:00:00+00:00,Figueira de Castelo Rodrigo,0904,27.05,0.09,26.59,27.29,27.04,27.07,27.09,18.57,0.13,18.45,19.17,18.50,18.51,18.59,10.87,0.20,10.70,11.69,10.72,10.77,10.96
2026-09-19 00:00:00+00:00,Figueira de Castelo Rodrigo,0904,30.26,0.10,30.16,30.62,30.20,30.21,30.30,21.10,0.14,21.00,21.69,21.01,21.04,21.15,12.61,0.25,12.40,13.55,12.42,12.49,12.75
2026-09-20 00:00:00+00:00,Figueira de Castelo Rodrigo,0904,32.47,0.11,31.98,32.90,32.45,32.48,32.50,23.41,0.14,23.30,24.02,23.31,23.35,23.46,14.07,0.48,13.60,15.49,13.67,13.85,14.41
2026-09-21 00:00:00+00:00,Figueira de Castelo Rodrigo,0904,32.35,0.25,32.05,33.42,32.20,32.22,32.40,23.77,0.21,23.60,24.59,23.62,23.67,23.86,14.45,0.47,14.00,15.88,14.06,14.23,14.78
2026-09-22 00:00:00+00:00,Figueira de Castelo Rodrigo,0904,33.15,0.21,33.00,33.96,33.01,33.05,33.22,24.36,0.20,24.20,25.15,24.22,24.27,24.46,15.57,0.41,15.20,16.99,15.25,15.38,15.84
2026-09-23 00:00:00+00:00,Figueira de Castelo Rodrigo,0904,34.07,0.11,33.96,34.49,34.00,34.02,34.11,24.67,0.09,24.60,25.02,24.61,24.64,24.73,15.42,0.22,15.20,16.36,15.24,15.33,15.56
2026-09-24 00:00:00+00:00,Figueira de Castelo Rodrigo,0904,33.93,0.09,33.72,34.30,33.89,33.90,33.95,23.80,0.12,23.70,24.29,23.71,23.75,23.87,13.88,0.48,13.40,15.22,13.48,13.66,14.23
2026-09-25 00:00:00+00:00,Figueira de Castelo Rodrigo,0904,32.52,0.18,31.98,32.70,32.38,32.59,32.66,22.45,0.06,22.20,22.57,22.44,22.47,22.49,14.06,0.07,13.93,14.44,14.01,14.03,14.07
2026-09-26 00:00:00+00:00,Figueira de Castelo Rodrigo,0904,30.69,0.23,29.96,30.90,30.54,30.79,30.87,20.93,0.05,20.90,21.17,20.90,20.92,20.95,12.58,0.09,12.50,13.11,12.52,12.55,12.62
2026-09-27 00:00:00+00:00,Figueira de Castelo Rodrigo,0904,28.78,0.12,28.33,28.90,28.69,28.82,28.87,21.42,0.06,21.30,21.70,21.39,21.40,21.42,15.77,0.11,15.70,16.30,15.70,15.73,15.79
2026-09-28 00:00:00+00:00,Figueira de Castelo Rodrigo,0904,25.82,0.10,25.35,25.99,25.80,25.86,25.88,18.72,0.23,18.40,19.75,18.60,18.61,18.75,13.71,0.29,13.50,14.94,13.51,13.58,13.79
2026-09-29 00:00:00+00:00,Figueira de Castelo Rodrigo,0904,23.40,0.15,23.27,24.00,23.30,23.32,23.44,19.64,0.15,19.31,20.35,19.58,19.60,19.65,15.80,0.30,15.58,17.11,15.61,15.65,15.88
2026-09-10 00:00:00+00:00,Fornos de Algodres,0905,27.69,0.79,25.91,28.87,27.08,27.85,28.31,18.71,0.43,17.69,19.38,18.38,18.77,19.06,11.37,0.44,10.58,12.16,10.98,11.43,11.73
2026-09-11 00:00:00+00:00,Fornos de Algodres,0905,31.40,0.49,30.19,32.17,31.02,31.46,31.78,22.58,0.30,22.14,23.25,22.31,22.52,22.80,15.09,0.31,14.54,15.90,14.89,15.02,15.25
2026-09-12 00:00:00+00:00,Fornos de Algodres,0905,31.71,0.70,29.87,32.68,31.23,31.86,32.27,24.18,0.56,22.99,25.15,23.76,24.25,24.62,17.00,0.53,16.20,18.11,16.51,16.95,17.43
2026-09-13 00:00:00+00:00,Fornos de Algodres,0905,34.10,0.65,32.48,34.99,33.63,34.23,34.62,25.67,0.66,24.32,26.84,25.15,25.74,26.18,18.37,0.95,16.65,20.18,17.53,18.42,19.11
2026-09-14 00:00:00+00:00,Fornos de Algodres,0905,34.86,0.19,34.46,35.19,34.73,34.83,35.01,26.15,0.47,25.47,27.21,25.72,26.10,26.49,18.90,0.49,18.04,20.15,18.55,18.76,19.18
2026-09-15 00:00:00+00:00,Fornos de Algodres,0905,29.60,0.53,28.83,31.01,29.18,29.47,29.93,21.77,0.26,21.42,22.72,21.61,21.66,21.86,14.92,0.26,14.41,15.86,14.74,14.89,15.06
2026-09-16 00:00:00+00:00,Fornos de Algodres,0905,26.13,0.51,24.73,26.80,25.76,26.23,26.52,19.43,0.30,18.89,19.98,19.17,19.43,19.65,13.61,0.20,13.22,14.22,13.49,13.57,13.71
2026-09-17 00:00:00+00:00,Fornos de Algodres,0905,23.78,0.48,22.43,24.40,23.43,23.89,24.16,17.17,0.45,16.08,17.88,16.83,17.24,17.51,11.06,0.42,10.26,11.86,10.70,11.06,11.40
2026-09-18 00:00:00+00:00,Fornos de Algodres,0905,26.35,0.39,25.17,26.85,26.11,26.46,26.67,19.08,0.47,18.06,19.86,18.72,19.13,19.46,12.18,0.48,11.35,13.04,11.76,12.19,12.58
2026-09-19 00:00:00+00:00,Fornos de Algodres,0905,30.38,0.20,29.93,30.69,30.24,30.40,30.55,22.09,0.46,21.13,22.95,21.74,22.10,22.45,14.81,0.64,13.68,16.03,14.28,14.83,15.31
2026-09-20 00:00:00+00:00,Fornos de Algodres,0905,31.51,0.38,30.38,32.05,31.28,31.60,31.85,24.61,0.54,23.70,25.73,24.16,24.54,25.03,18.12,0.58,17.50,19.56,17.60,17.96,18.47
2026-09-21 00:00:00+00:00,Fornos de Algodres,0905,32.42,0.56,30.69,33.09,32.09,32.57,32.88,25.12,0.55,24.17,26.23,24.67,25.09,25.54,18.54,0.77,17.62,20.34,17.83,18.40,19.04
2026-09-22 00:00:00+00:00,Fornos de Algodres,0905,34.18,0.64,32.55,35.08,33.73,34.31,34.69,25.66,0.50,24.72,26.64,25.25,25.66,26.03,18.10,0.27,17.76,18.90,17.91,18.01,18.21
2026-09-23 00:00:00+00:00,Fornos de Algodres,0905,35.12,0.54,33.52,35.81,34.75,35.23,35.57,26.06,0.55,25.16,27.21,25.60,26.04,26.46,19.13,0.84,18.07,21.20,18.42,18.87,19.66
2026-09-24 00:00:00+00:00,Fornos de Algodres,0905,32.22,0.59,30.91,33.43,31.75,32.21,32.63,24.15,0.38,23.47,25.01,23.85,24.11,24.40,17.98,0.57,17.06,19.44,17.56,17.82,18.33
2026-09-25 00:00:00+00:00,Fornos de Algodres,0905,30.02,0.30,29.43,30.67,29.79,29.99,30.24,21.39,0.30,20.85,22.11,21.19,21.32,21.58,15.29,0.39,14.64,16.33,15.00,15.23,15.53
2026-09-26 00:00:00+00:00,Fornos de Algodres,0905,29.25,0.25,28.60,29.72,29.09,29.28,29.44,21.32,0.07,21.20,21.49,21.25,21.31,21.36,14.88,0.10,14.70,15.26,14.81,14.86,14.92
2026-09-27 00:00:00+00:00,Fornos de Algodres,0905,26.62,0.35,25.67,27.19,26.37,26.67,26.89,20.64,0.28,20.01,21.16,20.43,20.66,20.85,15.60,0.21,15.10,15.97,15.44,15.62,15.76
2026-09-28 00:00:00+00:00,Fornos de Algodres,0905,23.62,0.24,23.10,24.33,23.44,23.58,23.77,18.01,0.29,17.53,18.57,17.77,18.01,18.23,13.70,0.36,13.15,14.53,13.37,13.63,13.95
2026-09-29 00:00:00+00:00,Fornos de Algodres,0905,23.87,0.36,23.17,24.49,23.60,23.82,24.16,19.55,0.54,18.50,20.47,19.08,19.57,19.97,15.86,0.44,15.16,16.75,15.47,15.84,16.21
2026-09-10 00:00:00+00:00,Gouveia,0906,26.34,1.80,23.01,28.90,24.91,26.43,28.08,17.93,1.09,15.81,19.55,17.11,18.07,18.95,10.81,0.89,9.11,12.21,10.10,10.93,11.62
2026-09-11 00:00:00+00:00,Gouveia,0906,29.54,1.92,25.91,32.10,27.98,29.80,31.36,21.44,1.05,19.51,23.16,20.58,21.55,22.34,14.42,0.46,13.56,15.74,14.16,14.23,14.62
2026-09-12 00:00:00+00:00,Gouveia,0906,30.29,1.89,26.72,33.22,28.77,30.47,32.05,23.22,1.28,20.81,25.06,22.17,23.38,24.41,17.02,0.38,16.50,17.97,16.70,16.96,17.27
2026-09-13 00:00:00+00:00,Gouveia,0906,32.29,2.10,28.42,35.34,30.58,32.48,34.29,24.56,1.32,22.31,26.72,23.43,24.63,25.79,18.04,0.76,16.45,19.98,17.40,17.93,18.47
2026-09-14 00:00:00+00:00,Gouveia,0906,32.45,2.29,28.02,35.81,30.63,32.83,34.61,24.98,1.06,23.21,27.07,24.10,25.04,25.73,18.43,0.54,17.20,19.94,18.13,18.40,18.70
2026-09-15 00:00:00+00:00,Gouveia,0906,28.77,0.71,27.11,30.89,28.43,28.96,29.19,21.76,0.46,20.52,22.93,21.52,21.81,22.10,14.98,0.65,13.23,16.09,14.75,14.99,15.37
2026-09-16 00:00:00+00:00,Gouveia,0906,24.59,1.93,20.92,27.79,23.08,24.81,26.40,18.17,1.48,15.21,20.41,17.04,18.44,19.51,12.76,0.84,10.91,14.06,12.21,13.08,13.38
2026-09-17 00:00:00+00:00,Gouveia,0906,22.60,1.70,19.32,25.68,21.30,22.78,24.13,15.96,1.61,12.82,18.55,14.69,16.16,17.44,10.07,1.38,7.31,12.31,9.01,10.29,11.32
2026-09-18 00:00:00+00:00,Gouveia,0906,25.04,1.84,21.42,28.51,23.63,25.29,26.63,18.15,1.31,15.51,20.05,17.16,18.39,19.34,12.08,0.58,10.81,13.32,11.70,12.27,12.48
2026-09-19 00:00:00+00:00,Gouveia,0906,28.02,2.36,23.52,32.05,26.15,28.30,30.21,20.64,1.59,17.71,22.87,19.33,20.80,22.18,14.00,1.06,12.30,15.89,13.06,13.98,15.00
2026-09-20 00:00:00+00:00,Gouveia,0906,29.76,2.16,25.62,33.61,28.09,30.04,31.70,22.71,1.84,19.51,25.59,21.13,22.86,24.43,16.25,1.49,14.10,19.34,14.88,16.26,17.30
2026-09-21 00:00:00+00:00,Gouveia,0906,30.75,2.16,26.62,34.44,29.06,31.03,32.72,23.55,1.53,20.91,26.09,22.22,23.68,24.94,16.66,1.56,14.60,20.08,15.15,16.58,17.70
2026-09-22 00:00:00+00:00,Gouveia,0906,32.49,2.14,28.42,35.83,30.77,32.72,34.52,24.59,1.10,22.71,26.52,23.65,24.65,25.57,17.30,0.50,16.35,18.74,16.99,17.09,17.51
2026-09-23 00:00:00+00:00,Gouveia,0906,33.20,2.16,29.12,36.41,31.44,33.41,35.26,24.78,1.18,22.81,27.06,23.79,24.84,25.63,17.63,1.19,15.88,20.88,16.64,17.23,18.25
2026-09-24 00:00:00+00:00,Gouveia,0906,29.77,1.47,27.11,32.97,28.60,29.96,30.78,22.99,0.44,22.20,23.82,22.64,23.05,23.34,17.78,0.93,14.88,19.19,17.39,17.87,18.44
2026-09-25 00:00:00+00:00,Gouveia,0906,28.63,0.83,26.91,30.44,28.01,28.86,29.30,21.01,0.44,19.50,21.63,20.92,21.20,21.27,15.94,1.16,13.03,17.89,15.21,15.88,16.83
2026-09-26 00:00:00+00:00,Gouveia,0906,28.35,1.29,26.11,31.53,27.35,28.45,29.17,21.26,0.28,20.80,22.00,21.07,21.25,21.41,16.00,0.97,13.71,17.69,15.35,15.92,16.78
2026-09-27 00:00:00+00:00,Gouveia,0906,24.56,1.42,22.01,27.68,23.43,24.73,25.51,19.31,0.65,18.11,20.51,18.79,19.41,19.85,14.61,0.46,13.80,15.51,14.24,14.67,14.98
2026-09-28 00:00:00+00:00,Gouveia,0906,21.33,2.14,17.02,24.74,19.68,21.81,23.21,16.88,1.27,14.41,18.74,15.85,17.07,18.07,13.07,0.63,12.10,14.41,12.52,13.10,13.47
2026-09-29 00:00:00+00:00,Gouveia,0906,20.87,2.87,15.62,25.08,18.51,21.16,23.69,17.51,2.31,13.32,21.12,15.61,17.73,19.75,14.72,1.51,11.91,17.43,13.53,14.86,16.11
2026-09-10 00:00:00+00:00,Guarda,0907,25.20,1.40,23.50,30.00,24.09,24.99,25.88,17.75,0.76,17.00,20.74,17.26,17.57,17.85,10.90,0.56,9.16,12.85,10.68,10.89,11.02
2026-09-11 00:00:00+00:00,Guarda,0907,29.58,0.98,28.50,33.49,28.88,29.44,29.86,21.77,0.29,21.42,23.06,21.59,21.71,21.80,14.93,0.56,13.32,15.60,14.59,15.09,15.38
2026-09-12 00:00:00+00:00,Guarda,0907,30.04,1.19,28.70,34.49,29.15,29.80,30.48,23.25,0.61,22.43,25.83,22.96,23.02,23.26,16.00,0.51,14.07,17.19,15.86,16.01,16.13
2026-09-13 00:00:00+00:00,Guarda,0907,32.17,0.86,31.20,35.61,31.54,32.04,32.42,24.58,0.29,23.41,24.90,24.44,24.65,24.82,16.78,0.99,13.92,17.90,16.22,17.05,17.58
2026-09-14 00:00:00+00:00,Guarda,0907,32.88,1.06,31.60,36.89,32.06,32.73,33.34,25.25,0.18,24.57,25.54,25.19,25.30,25.39,18.40,1.38,14.00,20.00,17.66,18.76,19.51
2026-09-15 00:00:00+00:00,Guarda,0907,30.70,1.45,29.20,36.25,29.64,30.33,31.26,22.63,0.53,22.10,24.56,22.24,22.48,22.86,15.03,0.46,13.17,15.96,14.95,15.10,15.25
2026-09-16 00:00:00+00:00,Guarda,0907,24.15,0.96,23.00,27.72,23.41,24.04,24.53,18.25,1.09,17.10,22.59,17.49,18.07,18.52,13.90,1.03,13.10,18.37,13.32,13.62,13.84
2026-09-17 00:00:00+00:00,Guarda,0907,21.92,1.25,20.40,26.21,20.92,21.74,22.47,15.82,0.97,14.80,19.61,15.16,15.63,16.06,9.89,1.05,8.90,14.11,9.23,9.65,9.94
2026-09-18 00:00:00+00:00,Guarda,0907,25.09,1.16,23.80,29.49,24.23,24.88,25.50,18.35,0.92,17.60,22.21,17.83,18.08,18.35,12.07,1.30,10.55,17.29,11.43,11.53,12.11
2026-09-19 00:00:00+00:00,Guarda,0907,27.65,1.20,26.20,32.18,26.74,27.53,28.06,20.65,0.40,19.81,22.35,20.44,20.54,20.71,12.77,0.45,11.23,13.98,12.61,12.69,12.99
2026-09-20 00:00:00+00:00,Guarda,0907,29.66,1.02,28.50,33.69,28.92,29.52,30.01,22.94,0.24,21.96,23.42,22.81,23.02,23.10,16.82,1.26,13.25,18.30,16.09,17.17,17.86
2026-09-21 00:00:00+00:00,Guarda,0907,30.63,1.03,29.50,34.69,29.89,30.46,30.95,23.69,0.24,22.80,24.02,23.57,23.77,23.89,16.62,1.25,12.86,18.00,15.95,17.01,17.61
2026-09-22 00:00:00+00:00,Guarda,0907,32.08,1.13,30.80,36.39,31.25,31.90,32.46,24.57,0.29,23.28,24.82,24.51,24.66,24.76,17.44,1.16,14.36,18.80,16.75,17.75,18.39
2026-09-23 00:00:00+00:00,Guarda,0907,32.77,1.11,31.50,37.08,31.96,32.63,33.14,24.95,0.23,23.92,25.28,24.89,25.04,25.09,17.37,1.28,13.10,18.70,16.76,17.77,18.35
2026-09-24 00:00:00+00:00,Guarda,0907,31.26,1.32,29.80,36.27,30.27,30.99,31.79,23.78,0.16,23.22,24.42,23.73,23.80,23.83,16.95,1.22,12.62,18.20,16.39,17.33,17.88
2026-09-25 00:00:00+00:00,Guarda,0907,29.77,1.48,28.20,35.37,28.68,29.47,30.31,21.39,0.30,21.00,22.20,21.12,21.35,21.59,15.11,1.08,10.73,16.10,14.80,15.44,15.85
2026-09-26 00:00:00+00:00,Guarda,0907,29.36,1.09,28.30,33.59,28.59,29.02,29.70,21.05,0.29,20.80,22.09,20.88,20.95,21.07,14.46,0.74,12.18,15.32,14.06,14.74,15.04
2026-09-27 00:00:00+00:00,Guarda,0907,26.28,1.11,25.10,30.58,25.47,26.01,26.72,20.58,0.23,19.90,21.57,20.43,20.54,20.65,15.50,0.22,14.63,15.79,15.42,15.57,15.67
2026-09-28 00:00:00+00:00,Guarda,0907,22.71,1.03,21.60,26.96,21.96,22.48,23.11,17.28,0.45,16.80,19.15,16.96,17.19,17.44,13.36,0.45,12.22,13.90,13.10,13.47,13.73
2026-09-29 00:00:00+00:00,Guarda,0907,20.18,1.03,18.70,23.13,19.28,20.14,20.87,16.72,0.82,15.60,19.43,16.03,16.68,17.20,14.28,0.67,13.50,16.84,13.77,14.19,14.51
2026-09-10 00:00:00+00:00,Manteigas,0908,24.96,1.65,23.00,29.14,23.47,24.45,26.29,17.27,1.24,15.80,20.17,16.14,16.91,18.28,10.17,0.91,9.10,12.40,9.35,9.89,10.89
2026-09-11 00:00:00+00:00,Manteigas,0908,28.00,1.78,25.90,32.56,26.40,27.44,29.39,20.58,0.90,19.50,22.67,19.76,20.30,21.32,13.93,0.26,13.08,14.20,13.78,14.00,14.14
2026-09-12 00:00:00+00:00,Manteigas,0908,28.87,1.84,26.70,33.53,27.21,28.29,30.34,22.23,1.21,20.80,25.23,21.14,21.85,23.19,16.74,0.21,16.50,17.41,16.56,16.70,16.88
2026-09-13 00:00:00+00:00,Manteigas,0908,30.45,1.72,28.40,34.74,28.89,29.90,31.84,23.16,0.71,22.30,24.99,22.52,23.00,23.77,16.80,0.62,14.64,17.40,16.54,17.01,17.30
2026-09-14 00:00:00+00:00,Manteigas,0908,30.56,2.14,28.00,35.83,28.62,29.88,32.30,23.93,0.60,23.20,25.30,23.38,23.76,24.44,17.74,0.96,14.74,18.80,17.12,17.99,18.58
2026-09-15 00:00:00+00:00,Manteigas,0908,29.44,2.05,27.10,35.02,27.60,28.82,30.90,22.69,0.55,22.10,24.21,22.20,22.54,23.05,15.48,0.58,13.63,16.10,15.24,15.63,15.96
2026-09-16 00:00:00+00:00,Manteigas,0908,22.94,1.68,20.90,26.93,21.41,22.44,24.35,17.24,1.72,15.20,21.66,15.68,16.70,18.61,12.79,1.65,10.90,17.36,11.32,12.30,13.97
2026-09-17 00:00:00+00:00,Manteigas,0908,21.34,1.69,19.30,25.40,19.80,20.83,22.73,14.80,1.67,12.80,18.81,13.28,14.29,16.19,9.28,1.66,7.30,13.30,7.76,8.78,10.63
2026-09-18 00:00:00+00:00,Manteigas,0908,23.68,1.90,21.40,28.49,21.95,23.07,25.26,17.41,1.61,15.50,21.39,15.95,16.92,18.70,12.48,1.47,10.80,16.42,11.16,12.05,13.57
2026-09-19 00:00:00+00:00,Manteigas,0908,25.98,2.06,23.50,31.13,24.11,25.33,27.70,19.14,1.19,17.70,21.85,18.06,18.79,20.14,12.85,0.44,12.30,13.82,12.44,12.73,13.23
2026-09-20 00:00:00+00:00,Manteigas,0908,27.91,1.92,25.60,32.71,26.17,27.30,29.51,20.67,0.94,19.50,22.68,19.80,20.45,21.46,14.08,0.17,13.48,14.73,14.03,14.10,14.14
2026-09-21 00:00:00+00:00,Manteigas,0908,28.91,1.92,26.60,33.71,27.17,28.29,30.49,21.85,0.76,20.90,23.40,21.14,21.67,22.48,14.33,0.33,13.20,14.74,14.17,14.46,14.59
2026-09-22 00:00:00+00:00,Manteigas,0908,30.67,1.89,28.40,35.42,28.96,30.07,32.24,23.44,0.60,22.70,24.86,22.89,23.28,23.94,16.51,0.54,14.79,17.10,16.19,16.64,16.97
2026-09-23 00:00:00+00:00,Manteigas,0908,31.31,1.85,29.10,36.08,29.64,30.73,32.80,23.63,0.68,22.80,25.13,23.00,23.42,24.20,16.03,0.61,13.74,16.60,15.82,16.20,16.49
2026-09-24 00:00:00+00:00,Manteigas,0908,29.53,2.13,27.10,35.13,27.62,28.86,31.14,22.81,0.52,22.20,24.04,22.34,22.66,23.25,17.62,1.39,13.56,19.20,16.67,18.02,18.84
2026-09-25 00:00:00+00:00,Manteigas,0908,29.08,1.93,26.90,34.27,27.35,28.48,30.50,21.57,0.34,21.20,22.68,21.28,21.48,21.80,16.28,1.49,11.76,17.90,15.34,16.71,17.56
2026-09-26 00:00:00+00:00,Manteigas,0908,28.07,1.72,26.10,32.65,26.52,27.53,29.37,21.24,0.38,20.80,22.30,20.90,21.14,21.51,16.27,1.26,12.88,17.70,15.36,16.67,17.40
2026-09-27 00:00:00+00:00,Manteigas,0908,24.27,1.98,22.00,29.51,22.48,23.65,25.77,19.15,0.90,18.10,21.20,18.33,18.87,19.91,14.41,0.52,13.80,15.78,13.94,14.27,14.85
2026-09-28 00:00:00+00:00,Manteigas,0908,19.78,2.34,17.00,25.74,17.67,19.04,21.66,15.84,1.19,14.40,18.62,14.75,15.47,16.83,12.27,0.14,12.10,12.61,12.15,12.26,12.36
2026-09-29 00:00:00+00:00,Manteigas,0908,18.01,1.96,15.60,22.35,16.21,17.50,19.67,15.22,1.56,13.30,18.77,13.79,14.81,16.53,13.38,1.21,11.90,16.27,12.27,13.03,14.39
2026-09-10 00:00:00+00:00,Mêda,0909,26.59,0.32,26.02,27.37,26.32,26.59,26.84,18.15,0.22,17.73,18.58,17.97,18.15,18.36,10.52,0.05,10.35,10.70,10.49,10.52,10.54
2026-09-11 00:00:00+00:00,Mêda,0909,30.97,0.34,30.26,31.66,30.70,31.00,31.26,22.17,0.05,22.05,22.31,22.13,22.17,22.19,14.57,0.44,13.82,15.52,14.20,14.51,14.92
2026-09-12 00:00:00+00:00,Mêda,0909,31.11,0.53,30.01,32.12,30.69,31.17,31.57,23.06,0.06,22.93,23.23,23.02,23.06,23.11,15.80,0.18,15.28,16.07,15.70,15.84,15.95
2026-09-13 00:00:00+00:00,Mêda,0909,33.43,0.43,32.63,34.40,33.08,33.44,33.79,24.18,0.08,23.93,24.26,24.15,24.20,24.24,15.71,0.38,15.02,16.45,15.39,15.69,16.04
2026-09-14 00:00:00+00:00,Mêda,0909,35.24,0.15,34.96,35.72,35.13,35.20,35.35,25.25,0.23,24.79,25.66,25.07,25.28,25.45,17.01,1.02,15.09,19.11,16.19,16.91,17.88
2026-09-15 00:00:00+00:00,Mêda,0909,32.04,0.39,31.32,33.02,31.71,32.06,32.34,23.01,0.17,22.62,23.53,22.88,22.99,23.13,15.45,0.35,14.57,15.96,15.18,15.50,15.77
2026-09-16 00:00:00+00:00,Mêda,0909,26.19,0.67,24.92,27.43,25.66,26.19,26.79,19.55,0.31,18.98,20.17,19.29,19.56,19.81,14.08,0.11,13.86,14.29,14.00,14.08,14.17
2026-09-17 00:00:00+00:00,Mêda,0909,23.96,0.69,22.64,25.24,23.41,23.98,24.57,16.89,0.40,16.16,17.63,16.56,16.87,17.26,10.66,0.26,10.21,11.24,10.44,10.64,10.89
2026-09-18 00:00:00+00:00,Mêda,0909,26.38,0.51,25.33,27.33,25.96,26.43,26.83,18.42,0.17,18.07,18.83,18.28,18.44,18.55,11.19,0.10,10.93,11.36,11.14,11.21,11.26
2026-09-19 00:00:00+00:00,Mêda,0909,30.67,0.21,30.28,31.25,30.50,30.64,30.80,21.24,0.08,21.05,21.42,21.18,21.26,21.30,13.26,0.13,12.84,13.53,13.20,13.26,13.36
2026-09-20 00:00:00+00:00,Mêda,0909,31.85,0.64,30.60,33.07,31.35,31.89,32.41,23.56,0.08,23.31,23.66,23.53,23.58,23.61,16.23,0.58,15.21,17.41,15.72,16.18,16.72
2026-09-21 00:00:00+00:00,Mêda,0909,32.26,0.72,30.88,33.69,31.68,32.26,32.90,24.11,0.05,23.94,24.22,24.09,24.12,24.14,16.43,0.50,15.56,17.47,15.98,16.39,16.86
2026-09-22 00:00:00+00:00,Mêda,0909,33.52,0.47,32.68,34.56,33.13,33.49,33.93,24.74,0.05,24.65,24.88,24.70,24.74,24.77,17.03,0.39,16.21,17.81,16.70,17.00,17.38
2026-09-23 00:00:00+00:00,Mêda,0909,34.30,0.41,33.50,35.23,33.97,34.31,34.63,24.86,0.18,24.41,25.09,24.75,24.90,25.02,16.96,0.83,15.32,18.56,16.29,16.94,17.68
2026-09-24 00:00:00+00:00,Mêda,0909,33.79,0.24,33.45,34.32,33.57,33.73,34.02,24.17,0.33,23.54,24.88,23.89,24.16,24.44,16.47,0.83,14.84,18.18,15.80,16.38,17.17
2026-09-25 00:00:00+00:00,Mêda,0909,31.36,0.28,30.79,31.89,31.10,31.39,31.62,21.76,0.24,21.13,22.14,21.59,21.80,21.96,14.27,0.93,12.42,15.99,13.45,14.36,15.01
2026-09-26 00:00:00+00:00,Mêda,0909,29.63,0.38,28.77,30.46,29.33,29.70,29.94,20.94,0.14,20.59,21.16,20.84,20.97,21.06,13.39,0.74,11.99,14.79,12.75,13.41,14.03
2026-09-27 00:00:00+00:00,Mêda,0909,27.97,0.33,27.33,28.60,27.69,28.02,28.26,21.19,0.04,21.12,21.33,21.16,21.18,21.21,15.78,0.11,15.46,15.96,15.72,15.81,15.86
2026-09-28 00:00:00+00:00,Mêda,0909,25.10,0.31,24.57,25.76,24.83,25.10,25.34,18.29,0.36,17.63,19.24,17.99,18.30,18.55,13.68,0.18,13.35,14.28,13.57,13.67,13.77
2026-09-29 00:00:00+00:00,Mêda,0909,23.83,0.20,23.45,24.35,23.66,23.78,23.98,19.25,0.37,18.57,20.11,18.93,19.27,19.57,15.85,0.38,15.23,16.84,15.53,15.83,16.14
2026-09-10 00:00:00+00:00,Pinhel,0910,26.01,0.32,24.56,26.56,25.84,26.08,26.24,17.86,0.14,17.39,18.29,17.76,17.87,17.98,10.26,0.24,9.75,10.78,10.10,10.30,10.44
2026-09-11 00:00:00+00:00,Pinhel,0910,30.51,0.44,29.19,31.20,30.16,30.53,30.91,22.03,0.11,21.68,22.31,21.96,22.06,22.10,14.32,0.61,13.09,15.49,13.89,14.36,14.79
2026-09-12 00:00:00+00:00,Pinhel,0910,30.77,0.53,29.46,31.65,30.34,30.77,31.24,22.92,0.08,22.72,23.10,22.88,22.94,22.98,15.76,0.17,15.42,16.11,15.63,15.76,15.90
2026-09-13 00:00:00+00:00,Pinhel,0910,32.83,0.31,31.81,33.55,32.58,32.85,33.10,24.15,0.20,23.73,24.71,24.02,24.16,24.29,15.42,0.85,13.72,17.26,14.83,15.49,16.10
2026-09-14 00:00:00+00:00,Pinhel,0910,34.40,0.49,32.53,35.08,34.11,34.57,34.74,25.28,0.15,25.01,25.67,25.17,25.25,25.37,16.65,1.45,13.79,19.19,15.56,16.75,17.84
2026-09-15 00:00:00+00:00,Pinhel,0910,32.10,0.85,30.01,33.70,31.40,32.07,32.80,23.17,0.36,22.36,23.85,22.87,23.15,23.47,15.83,0.25,15.18,16.26,15.66,15.88,16.01
2026-09-16 00:00:00+00:00,Pinhel,0910,25.42,0.62,23.77,26.64,24.89,25.43,25.99,19.17,0.46,17.79,19.88,18.80,19.18,19.57,14.10,0.18,13.45,14.38,13.97,14.15,14.24
2026-09-17 00:00:00+00:00,Pinhel,0910,23.26,0.69,21.36,24.47,22.69,23.26,23.89,16.36,0.33,15.38,17.13,16.11,16.37,16.65,10.06,0.16,9.42,10.60,9.99,10.05,10.14
2026-09-18 00:00:00+00:00,Pinhel,0910,26.04,0.59,24.55,27.04,25.55,26.03,26.55,18.31,0.14,17.94,18.66,18.19,18.31,18.43,11.19,0.22,10.74,11.55,11.03,11.19,11.38
2026-09-19 00:00:00+00:00,Pinhel,0910,29.66,0.65,27.31,30.50,29.27,29.87,30.15,20.96,0.14,20.59,21.30,20.87,20.97,21.05,12.91,0.26,12.44,13.48,12.70,12.90,13.09
2026-09-20 00:00:00+00:00,Pinhel,0910,31.21,0.75,29.29,32.43,30.57,31.21,31.89,23.37,0.13,23.04,23.62,23.28,23.36,23.49,15.73,0.98,13.74,17.52,15.04,15.80,16.52
2026-09-21 00:00:00+00:00,Pinhel,0910,31.47,0.51,30.18,32.68,31.05,31.47,31.92,23.85,0.13,23.62,24.11,23.73,23.85,23.97,15.89,0.86,14.13,17.42,15.31,15.94,16.58
2026-09-22 00:00:00+00:00,Pinhel,0910,32.74,0.31,31.58,33.55,32.53,32.77,32.97,24.49,0.13,24.22,24.72,24.39,24.50,24.60,16.67,0.68,15.29,18.08,16.20,16.69,17.20
2026-09-23 00:00:00+00:00,Pinhel,0910,33.61,0.35,32.32,34.31,33.36,33.66,33.91,24.86,0.13,24.61,25.10,24.78,24.86,24.97,16.87,0.84,15.29,18.54,16.22,16.86,17.54
2026-09-24 00:00:00+00:00,Pinhel,0910,33.10,0.66,30.74,34.00,32.69,33.32,33.63,24.04,0.24,23.72,24.74,23.86,23.98,24.17,15.93,1.19,13.55,18.16,15.06,16.01,16.85
2026-09-25 00:00:00+00:00,Pinhel,0910,31.34,0.77,29.09,32.62,30.78,31.39,31.97,22.07,0.25,21.26,22.47,21.91,22.09,22.24,14.83,0.52,13.96,16.01,14.40,14.79,15.22
2026-09-26 00:00:00+00:00,Pinhel,0910,29.83,0.54,28.80,30.83,29.40,29.84,30.24,21.00,0.06,20.91,21.16,20.96,20.99,21.04,13.61,0.63,12.56,14.85,13.07,13.59,14.12
2026-09-27 00:00:00+00:00,Pinhel,0910,27.74,0.67,25.81,28.83,27.24,27.80,28.31,21.11,0.19,20.55,21.39,20.97,21.15,21.27,15.71,0.08,15.47,15.91,15.66,15.71,15.78
2026-09-28 00:00:00+00:00,Pinhel,0910,24.61,0.77,22.38,25.83,24.02,24.71,25.28,17.98,0.39,17.10,18.85,17.63,17.96,18.34,13.47,0.12,13.20,14.05,13.40,13.45,13.51
2026-09-29 00:00:00+00:00,Pinhel,0910,22.72,0.74,19.97,23.67,22.28,22.98,23.28,18.61,0.69,16.49,19.67,18.09,18.70,19.21,15.19,0.39,14.03,16.19,14.90,15.24,15.52
2026-09-10 00:00:00+00:00,Sabugal,0911,27.64,0.55,25.75,29.71,27.43,27.66,27.71,18.13,0.68,17.60,20.72,17.74,17.89,18.11,9.13,1.16,7.90,12.69,8.25,8.80,9.46
2026-09-11 00:00:00+00:00,Sabugal,0911,30.56,0.61,29.82,33.06,30.24,30.33,30.49,21.81,0.34,21.50,23.07,21.59,21.72,21.85,13.79,0.19,13.31,14.62,13.65,13.75,13.89
2026-09-12 00:00:00+00:00,Sabugal,0911,31.96,0.53,30.45,34.13,31.75,31.90,31.96,22.55,0.89,21.70,25.61,21.94,22.30,22.66,13.94,1.13,12.70,17.19,13.05,13.62,14.37
2026-09-13 00:00:00+00:00,Sabugal,0911,33.17,0.51,32.40,35.28,32.92,32.98,33.11,23.29,0.58,22.60,24.88,22.82,23.17,23.57,13.39,0.92,12.20,15.94,12.58,13.22,14.01
2026-09-14 00:00:00+00:00,Sabugal,0911,34.44,0.49,33.32,36.50,34.26,34.31,34.41,24.52,0.35,24.10,25.48,24.24,24.47,24.71,15.04,0.61,14.30,17.54,14.57,14.96,15.31
2026-09-15 00:00:00+00:00,Sabugal,0911,33.42,0.58,31.28,35.59,33.18,33.49,33.59,23.67,0.23,22.85,24.47,23.59,23.69,23.74,16.03,0.67,13.89,16.60,15.90,16.29,16.49
2026-09-16 00:00:00+00:00,Sabugal,0911,25.52,0.49,24.54,27.54,25.30,25.36,25.51,19.24,0.71,18.45,22.15,18.86,18.97,19.16,14.09,0.93,13.40,17.67,13.56,13.76,13.97
2026-09-17 00:00:00+00:00,Sabugal,0911,24.25,0.49,22.51,26.05,24.07,24.28,24.33,16.72,0.67,15.98,19.41,16.36,16.47,16.66,10.15,0.97,9.40,13.88,9.59,9.83,10.06
2026-09-18 00:00:00+00:00,Sabugal,0911,26.90,0.53,25.50,29.06,26.70,26.80,26.88,18.38,0.95,17.60,21.94,17.80,18.08,18.34,10.76,1.73,9.20,16.80,9.61,10.23,10.90
2026-09-19 00:00:00+00:00,Sabugal,0911,28.57,0.78,27.98,31.69,28.12,28.28,28.55,19.88,0.74,19.10,22.29,19.33,19.69,20.08,11.18,0.96,10.10,13.94,10.43,10.96,11.58
2026-09-20 00:00:00+00:00,Sabugal,0911,30.75,0.60,30.00,33.23,30.43,30.53,30.69,22.28,0.28,21.90,23.01,22.03,22.24,22.47,13.79,0.56,13.10,16.10,13.35,13.72,14.06
2026-09-21 00:00:00+00:00,Sabugal,0911,31.93,0.56,30.93,34.24,31.70,31.73,31.85,22.71,0.41,22.20,23.74,22.37,22.64,22.95,13.66,0.55,13.00,15.98,13.24,13.57,13.93
2026-09-22 00:00:00+00:00,Sabugal,0911,33.59,0.57,32.40,35.96,33.37,33.42,33.54,23.17,0.65,22.40,24.90,22.63,23.02,23.48,13.74,0.89,12.60,16.59,12.96,13.59,14.40
2026-09-23 00:00:00+00:00,Sabugal,0911,34.07,0.59,33.08,36.52,33.81,33.85,33.99,23.85,0.55,23.20,25.40,23.40,23.73,24.11,14.54,0.54,13.90,16.82,14.13,14.46,14.80
2026-09-24 00:00:00+00:00,Sabugal,0911,33.25,0.58,31.79,35.72,33.04,33.11,33.22,23.22,0.35,22.80,24.23,22.93,23.15,23.38,14.11,0.52,13.45,16.31,13.71,14.04,14.36
2026-09-25 00:00:00+00:00,Sabugal,0911,31.83,0.70,30.25,34.79,31.57,31.62,31.76,22.18,0.13,21.62,22.57,22.14,22.20,22.24,13.59,0.44,11.81,14.85,13.51,13.62,13.83
2026-09-26 00:00:00+00:00,Sabugal,0911,31.02,0.51,29.67,33.12,30.83,30.91,31.00,20.91,0.40,20.50,22.26,20.62,20.81,20.97,11.99,0.60,11.20,13.81,11.46,11.89,12.43
2026-09-27 00:00:00+00:00,Sabugal,0911,28.16,0.47,26.78,30.09,28.00,28.10,28.17,20.74,0.24,20.50,21.66,20.57,20.67,20.80,14.56,0.45,14.00,15.77,14.18,14.48,14.80
2026-09-28 00:00:00+00:00,Sabugal,0911,23.97,0.56,23.10,26.38,23.71,23.77,23.91,17.87,0.30,17.45,19.09,17.72,17.77,17.87,12.05,0.34,11.60,13.10,11.75,12.00,12.30
2026-09-29 00:00:00+00:00,Sabugal,0911,22.36,0.34,20.79,23.22,22.27,22.46,22.50,18.01,0.33,17.12,19.35,17.90,17.93,18.04,14.88,0.43,14.45,16.65,14.64,14.73,14.85
2026-09-10 00:00:00+00:00,Seia,0912,27.45,1.68,23.17,30.25,26.53,27.89,28.43,18.84,1.08,15.92,20.48,18.26,19.21,19.59,11.49,0.93,9.19,13.58,10.94,11.68,12.12
2026-09-11 00:00:00+00:00,Seia,0912,30.57,1.74,26.08,33.31,29.60,31.08,31.62,21.78,0.81,19.59,22.92,21.34,22.06,22.40,13.69,0.28,12.80,14.34,13.49,13.70,13.89
2026-09-12 00:00:00+00:00,Seia,0912,31.80,1.94,26.88,35.07,30.64,32.34,33.08,24.17,1.29,20.92,26.26,23.37,24.52,25.11,17.40,0.52,16.53,19.30,17.07,17.31,17.63
2026-09-13 00:00:00+00:00,Seia,0912,33.58,2.02,28.58,36.81,32.34,34.06,34.92,25.12,1.13,22.39,26.92,24.40,25.36,25.99,17.81,0.49,16.71,19.28,17.40,17.81,18.19
2026-09-14 00:00:00+00:00,Seia,0912,34.59,2.33,28.25,37.75,33.37,35.37,36.29,24.80,0.57,23.27,26.21,24.58,24.82,25.12,16.72,0.93,14.43,18.72,16.07,16.61,17.45
2026-09-15 00:00:00+00:00,Seia,0912,29.58,0.83,27.25,32.08,29.33,29.57,29.89,21.24,0.80,19.97,23.20,20.51,21.13,21.94,14.07,0.85,12.57,16.03,13.50,13.88,14.71
2026-09-16 00:00:00+00:00,Seia,0912,26.80,2.15,21.11,29.78,25.66,27.53,28.43,19.69,1.52,15.38,21.68,18.98,20.27,20.71,13.73,0.90,11.04,15.12,13.39,14.03,14.34
2026-09-17 00:00:00+00:00,Seia,0912,25.04,2.11,19.50,28.43,23.91,25.74,26.48,17.77,1.75,12.99,20.45,16.88,18.34,18.93,11.43,1.41,7.47,13.58,10.83,11.76,12.40
2026-09-18 00:00:00+00:00,Seia,0912,27.76,2.35,21.62,31.43,26.49,28.55,29.44,19.28,1.22,15.66,21.11,18.79,19.79,20.07,11.85,0.92,9.70,14.37,11.25,11.72,12.36
2026-09-19 00:00:00+00:00,Seia,0912,30.76,2.71,23.75,34.73,29.24,31.61,32.81,21.68,1.44,17.85,24.03,20.96,22.10,22.70,13.82,0.84,12.36,16.90,13.40,13.62,13.99
2026-09-20 00:00:00+00:00,Seia,0912,32.45,2.59,25.84,36.72,31.02,33.19,34.28,23.53,1.54,19.64,25.89,22.70,23.91,24.72,15.50,0.95,14.13,18.44,14.83,15.35,15.88
2026-09-21 00:00:00+00:00,Seia,0912,33.26,2.48,26.83,37.13,31.88,34.05,35.09,23.95,1.14,21.01,25.90,23.35,24.21,24.78,15.65,0.91,14.17,18.37,14.97,15.41,16.11
2026-09-22 00:00:00+00:00,Seia,0912,34.76,2.32,28.63,38.25,33.53,35.54,36.44,24.59,0.73,22.78,26.69,24.28,24.61,24.91,15.72,0.97,13.13,18.37,15.09,15.72,16.47
2026-09-23 00:00:00+00:00,Seia,0912,35.03,2.13,29.32,37.78,33.91,35.72,36.64,24.38,0.64,22.88,26.29,24.03,24.34,24.75,15.50,1.05,12.11,18.18,14.91,15.62,16.22
2026-09-24 00:00:00+00:00,Seia,0912,31.56,1.75,27.26,34.33,30.41,32.03,32.83,23.50,0.52,22.24,24.29,23.15,23.62,23.92,15.11,1.61,11.99,19.06,14.02,14.80,16.01
2026-09-25 00:00:00+00:00,Seia,0912,29.68,1.04,27.03,32.23,29.14,29.84,30.19,20.92,0.98,18.65,22.51,20.33,21.23,21.61,14.86,1.43,11.77,17.80,14.20,14.86,15.70
2026-09-26 00:00:00+00:00,Seia,0912,30.06,1.64,26.23,32.92,28.97,30.48,31.16,21.83,0.44,20.83,22.58,21.53,21.92,22.17,15.12,1.16,12.57,17.61,14.61,15.15,15.75
2026-09-27 00:00:00+00:00,Seia,0912,26.25,1.69,22.15,29.03,25.13,26.72,27.42,20.06,0.75,18.17,21.15,19.57,20.29,20.66,15.10,0.51,13.84,15.80,14.77,15.26,15.50
2026-09-28 00:00:00+00:00,Seia,0912,23.86,2.43,17.26,27.52,22.55,24.67,25.59,18.23,1.37,14.54,20.35,17.50,18.69,19.18,13.24,0.50,12.13,14.26,12.89,13.33,13.59
2026-09-29 00:00:00+00:00,Seia,0912,23.66,3.09,15.87,28.96,21.89,24.61,25.88,19.93,2.61,13.52,24.58,18.36,20.56,21.82,16.66,1.83,12.06,19.36,15.58,17.22,18.13
2026-09-10 00:00:00+00:00,Trancoso,0913,25.88,0.17,25.70,26.57,25.76,25.83,25.94,17.65,0.13,17.50,18.07,17.55,17.62,17.70,10.57,0.06,10.33,10.74,10.55,10.58,10.60
2026-09-11 00:00:00+00:00,Trancoso,0913,30.09,0.26,29.80,31.04,29.89,30.01,30.19,22.11,0.03,22.03,22.23,22.10,22.11,22.12,15.69,0.33,14.53,16.10,15.51,15.75,15.97
2026-09-12 00:00:00+00:00,Trancoso,0913,29.79,0.33,29.40,31.01,29.53,29.72,29.96,22.91,0.09,22.80,23.31,22.84,22.89,22.94,16.14,0.09,15.71,16.31,16.11,16.17,16.20
2026-09-13 00:00:00+00:00,Trancoso,0913,32.46,0.23,32.20,33.44,32.28,32.40,32.55,24.26,0.07,24.20,24.64,24.23,24.25,24.27,16.55,0.13,16.14,17.02,16.49,16.58,16.60
2026-09-14 00:00:00+00:00,Trancoso,0913,35.12,0.15,34.65,35.30,35.04,35.16,35.23,25.74,0.14,25.23,25.90,25.67,25.77,25.85,19.43,0.56,17.61,20.10,19.11,19.57,19.89
2026-09-15 00:00:00+00:00,Trancoso,0913,31.26,0.18,30.48,31.58,31.20,31.32,31.37,22.89,0.19,22.23,23.10,22.84,22.94,23.02,16.04,0.30,15.08,16.40,15.92,16.10,16.27
2026-09-16 00:00:00+00:00,Trancoso,0913,24.67,0.34,24.30,26.03,24.42,24.57,24.83,18.89,0.10,18.72,19.27,18.81,18.85,18.93,14.34,0.21,13.67,14.60,14.24,14.38,14.51
2026-09-17 00:00:00+00:00,Trancoso,0913,22.38,0.35,22.00,23.77,22.12,22.27,22.54,16.02,0.20,15.80,16.73,15.87,15.96,16.09,10.21,0.13,10.07,10.69,10.12,10.15,10.24
2026-09-18 00:00:00+00:00,Trancoso,0913,25.13,0.29,24.80,26.22,24.91,25.05,25.28,18.02,0.09,17.90,18.33,17.94,18.00,18.07,11.43,0.10,11.00,11.57,11.39,11.46,11.49
2026-09-19 00:00:00+00:00,Trancoso,0913,30.36,0.14,29.84,30.74,30.32,30.39,30.42,21.02,0.12,20.90,21.46,20.94,20.98,21.05,13.57,0.09,13.26,13.91,13.53,13.59,13.61
2026-09-20 00:00:00+00:00,Trancoso,0913,30.35,0.33,30.00,31.70,30.11,30.25,30.50,23.63,0.06,23.49,23.89,23.60,23.61,23.64,17.56,0.23,16.74,17.80,17.46,17.62,17.73
2026-09-21 00:00:00+00:00,Trancoso,0913,30.59,0.43,30.10,32.30,30.26,30.49,30.79,24.12,0.04,24.01,24.36,24.10,24.11,24.13,17.60,0.20,16.89,17.80,17.51,17.67,17.75
2026-09-22 00:00:00+00:00,Trancoso,0913,32.49,0.27,32.20,33.57,32.29,32.41,32.59,24.66,0.06,24.60,24.94,24.62,24.64,24.68,17.90,0.14,17.45,18.19,17.84,17.94,17.99
2026-09-23 00:00:00+00:00,Trancoso,0913,33.32,0.38,32.90,34.68,33.04,33.21,33.45,25.11,0.04,25.03,25.32,25.10,25.10,25.12,18.80,0.42,17.37,19.30,18.58,18.89,19.14
2026-09-24 00:00:00+00:00,Trancoso,0913,33.42,0.11,32.96,33.68,33.40,33.47,33.49,24.93,0.16,24.28,25.10,24.86,24.98,25.06,18.45,0.53,16.80,19.10,18.14,18.57,18.89
2026-09-25 00:00:00+00:00,Trancoso,0913,30.72,0.09,30.48,31.09,30.69,30.70,30.75,22.09,0.12,21.47,22.20,22.06,22.12,22.17,16.18,0.36,14.42,16.50,16.08,16.29,16.43
2026-09-26 00:00:00+00:00,Trancoso,0913,28.68,0.20,28.50,29.62,28.54,28.62,28.75,21.18,0.03,21.05,21.23,21.16,21.19,21.20,14.91,0.23,13.87,15.10,14.84,15.00,15.06
2026-09-27 00:00:00+00:00,Trancoso,0913,27.25,0.12,27.02,27.88,27.19,27.21,27.27,21.16,0.03,21.04,21.20,21.15,21.17,21.19,15.96,0.03,15.84,16.00,15.94,15.97,15.99
2026-09-28 00:00:00+00:00,Trancoso,0913,24.48,0.14,24.01,24.68,24.41,24.53,24.58,17.56,0.07,17.49,17.82,17.51,17.53,17.59,13.42,0.08,13.05,13.50,13.40,13.45,13.47
2026-09-29 00:00:00+00:00,Trancoso,0913,23.59,0.15,22.96,23.78,23.56,23.65,23.68,18.43,0.16,18.13,19.01,18.31,18.37,18.52,15.15,0.08,14.96,15.44,15.10,15.12,15.19
2026-09-10 00:00:00+00:00,Vila Nova de Foz Côa,0914,26.88,0.18,26.50,27.48,26.75,26.90,26.94,18.54,0.25,17.68,19.16,18.41,18.52,18.70,10.67,0.28,9.84,11.42,10.51,10.61,10.85
2026-09-11 00:00:00+00:00,Vila Nova de Foz Côa,0914,31.38,0.16,30.73,31.73,31.30,31.41,31.49,22.23,0.53,20.51,23.20,21.95,22.34,22.59,13.86,0.65,11.73,14.99,13.54,14.11,14.27
2026-09-12 00:00:00+00:00,Vila Nova de Foz Côa,0914,31.86,0.18,31.35,32.31,31.76,31.90,31.98,23.17,0.42,21.81,24.07,22.97,23.20,23.46,15.65,0.64,13.76,16.92,15.24,15.83,16.09
2026-09-13 00:00:00+00:00,Vila Nova de Foz Côa,0914,33.95,0.20,33.40,34.47,33.81,34.00,34.09,24.06,0.51,22.44,25.01,23.80,24.20,24.41,14.87,0.50,13.15,15.73,14.71,15.03,15.18
2026-09-14 00:00:00+00:00,Vila Nova de Foz Côa,0914,35.36,0.14,34.95,35.77,35.26,35.40,35.45,24.78,0.52,23.03,25.48,24.52,25.01,25.16,14.78,0.87,11.76,16.21,14.45,15.11,15.32
2026-09-15 00:00:00+00:00,Vila Nova de Foz Côa,0914,33.06,0.36,32.41,33.80,32.73,33.07,33.39,23.50,0.57,22.08,24.57,23.01,23.59,23.96,15.02,1.24,11.31,16.84,14.26,15.55,15.99
2026-09-16 00:00:00+00:00,Vila Nova de Foz Côa,0914,27.33,0.30,26.40,27.92,27.17,27.40,27.52,20.15,0.21,19.52,20.68,20.02,20.14,20.29,13.97,0.16,13.36,14.19,13.90,14.01,14.07
2026-09-17 00:00:00+00:00,Vila Nova de Foz Côa,0914,25.11,0.28,24.20,25.57,24.97,25.18,25.30,17.61,0.23,16.97,18.14,17.47,17.64,17.75,11.01,0.20,10.53,11.51,10.86,11.04,11.14
2026-09-18 00:00:00+00:00,Vila Nova de Foz Côa,0914,27.18,0.19,26.59,27.59,27.08,27.21,27.30,18.79,0.37,17.59,19.62,18.57,18.80,19.06,11.14,0.58,9.27,12.32,10.84,11.24,11.52
2026-09-19 00:00:00+00:00,Vila Nova de Foz Côa,0914,30.73,0.16,30.38,31.27,30.63,30.73,30.79,21.37,0.34,20.27,22.12,21.21,21.40,21.60,13.20,0.44,12.02,14.27,12.93,13.23,13.49
2026-09-20 00:00:00+00:00,Vila Nova de Foz Côa,0914,32.86,0.22,32.11,33.29,32.74,32.91,33.01,23.43,0.57,21.56,24.41,23.14,23.59,23.82,15.05,0.64,12.94,16.13,14.79,15.26,15.46
2026-09-21 00:00:00+00:00,Vila Nova de Foz Côa,0914,33.36,0.32,32.40,34.03,33.17,33.42,33.57,24.12,0.48,22.67,25.09,23.85,24.19,24.45,15.44,0.63,13.43,16.55,15.19,15.62,15.83
2026-09-22 00:00:00+00:00,Vila Nova de Foz Côa,0914,34.12,0.25,33.45,34.70,33.95,34.20,34.28,24.82,0.36,23.78,25.62,24.62,24.84,25.07,16.30,0.79,13.96,17.86,15.87,16.55,16.77
2026-09-23 00:00:00+00:00,Vila Nova de Foz Côa,0914,34.63,0.19,34.25,35.28,34.49,34.63,34.69,24.39,0.63,22.26,25.27,24.11,24.67,24.83,15.07,0.90,12.10,16.49,14.68,15.41,15.69
2026-09-24 00:00:00+00:00,Vila Nova de Foz Côa,0914,34.20,0.14,33.71,34.53,34.13,34.21,34.30,23.60,0.66,21.44,24.55,23.24,23.89,24.07,14.58,0.86,11.58,15.77,14.27,14.92,15.16
2026-09-25 00:00:00+00:00,Vila Nova de Foz Côa,0914,31.87,0.16,31.40,32.23,31.74,31.87,32.00,21.67,0.75,19.53,22.79,21.11,21.95,22.28,12.76,1.38,8.60,14.40,11.93,13.35,13.90
2026-09-26 00:00:00+00:00,Vila Nova de Foz Côa,0914,29.94,0.17,29.60,30.50,29.81,29.93,30.04,20.61,0.55,18.72,21.40,20.36,20.84,21.00,11.91,0.92,8.89,13.03,11.48,12.25,12.62
2026-09-27 00:00:00+00:00,Vila Nova de Foz Côa,0914,28.43,0.11,27.98,28.65,28.38,28.45,28.51,21.23,0.43,19.79,21.92,21.01,21.34,21.54,15.54,0.69,13.27,16.65,15.19,15.81,16.03
2026-09-28 00:00:00+00:00,Vila Nova de Foz Côa,0914,25.74,0.18,25.19,26.12,25.64,25.76,25.87,19.24,0.49,18.12,20.43,18.83,19.20,19.61,14.22,0.67,12.31,15.69,13.74,14.26,14.71
2026-09-29 00:00:00+00:00,Vila Nova de Foz Côa,0914,24.06,0.18,23.63,24.47,23.92,24.12,24.20,20.11,0.31,19.45,20.90,19.88,20.05,20.32,16.87,0.42,15.97,17.94,16.55,16.79,17.14
2026-09-10 00:00:00+00:00,Alcobaça,1001,27.60,2.03,21.67,28.85,27.97,28.68,28.75,19.60,0.91,17.13,20.98,19.70,19.98,20.02,13.16,0.87,11.51,16.34,12.98,13.12,13.40
2026-09-11 00:00:00+00:00,Alcobaça,1001,28.84,2.34,21.99,30.84,29.31,30.01,30.09,20.48,0.97,17.93,22.46,20.53,20.80,20.89,13.15,0.58,12.60,14.83,12.67,12.94,13.50
2026-09-12 00:00:00+00:00,Alcobaça,1001,32.65,2.88,24.12,36.72,33.13,33.87,33.96,21.92,1.35,18.05,24.32,22.07,22.40,22.51,13.15,0.33,12.90,14.58,12.95,13.08,13.16
2026-09-13 00:00:00+00:00,Alcobaça,1001,36.32,0.36,36.00,37.68,36.05,36.20,36.46,22.74,0.45,22.30,24.29,22.37,22.62,22.97,12.96,0.42,12.50,13.87,12.58,12.82,13.32
2026-09-14 00:00:00+00:00,Alcobaça,1001,34.53,0.40,33.94,36.24,34.40,34.42,34.57,22.44,0.29,22.20,23.64,22.24,22.37,22.50,12.92,0.53,12.40,14.19,12.48,12.71,13.30
2026-09-15 00:00:00+00:00,Alcobaça,1001,24.42,0.89,21.83,25.04,24.61,24.87,24.90,20.58,0.54,19.02,20.91,20.67,20.87,20.89,18.15,0.27,17.41,18.40,17.99,18.26,18.37
2026-09-16 00:00:00+00:00,Alcobaça,1001,23.75,1.51,19.26,25.27,24.05,24.45,24.50,19.28,0.71,17.23,20.25,19.39,19.59,19.61,14.28,0.55,13.80,16.57,13.88,14.12,14.51
2026-09-17 00:00:00+00:00,Alcobaça,1001,25.14,2.06,18.98,27.12,25.56,26.13,26.20,17.57,0.71,15.72,19.31,17.56,17.71,17.83,10.94,0.37,10.60,12.14,10.65,10.80,11.13
2026-09-18 00:00:00+00:00,Alcobaça,1001,25.97,2.29,19.09,27.30,26.42,27.18,27.25,17.61,0.85,15.53,20.05,17.56,17.72,17.92,10.24,1.09,9.20,13.60,9.34,9.86,10.90
2026-09-19 00:00:00+00:00,Alcobaça,1001,31.29,2.88,22.63,34.56,31.86,32.62,32.70,19.86,1.37,15.86,22.00,20.06,20.40,20.48,9.99,0.33,9.61,11.34,9.82,9.87,10.05
2026-09-20 00:00:00+00:00,Alcobaça,1001,35.19,0.71,33.03,36.25,35.28,35.48,35.50,22.50,0.31,22.20,23.58,22.25,22.42,22.65,12.68,0.47,12.20,13.79,12.28,12.50,13.02
2026-09-21 00:00:00+00:00,Alcobaça,1001,35.45,0.21,35.30,36.42,35.32,35.38,35.48,22.43,0.33,22.10,23.39,22.15,22.33,22.61,12.53,0.70,11.90,14.20,12.00,12.23,12.82
2026-09-22 00:00:00+00:00,Alcobaça,1001,33.43,0.67,32.90,36.39,32.99,33.27,33.58,21.54,0.39,21.20,23.15,21.26,21.46,21.66,11.42,0.50,10.90,12.49,10.98,11.24,11.82
2026-09-23 00:00:00+00:00,Alcobaça,1001,27.43,2.90,19.11,31.80,27.82,28.59,28.75,18.96,1.32,15.54,22.20,18.94,19.22,19.47,12.66,0.40,12.30,14.34,12.37,12.57,12.80
2026-09-24 00:00:00+00:00,Alcobaça,1001,27.20,3.37,17.52,31.91,27.72,28.65,28.76,18.32,1.20,15.14,21.07,18.34,18.61,18.80,11.92,0.34,11.70,13.43,11.73,11.77,11.95
2026-09-25 00:00:00+00:00,Alcobaça,1001,26.03,2.27,19.48,28.39,26.47,27.12,27.20,19.03,0.89,16.53,19.98,19.19,19.46,19.50,13.74,0.30,13.17,14.98,13.61,13.70,13.80
2026-09-26 00:00:00+00:00,Alcobaça,1001,30.41,3.28,20.73,33.31,31.00,32.05,32.17,20.15,1.44,16.15,22.72,20.31,20.69,20.78,12.70,0.73,11.21,15.21,12.58,12.71,12.92
2026-09-27 00:00:00+00:00,Alcobaça,1001,27.38,1.61,22.66,28.50,27.69,28.21,28.28,20.85,1.05,17.93,22.51,20.97,21.28,21.33,15.55,0.77,14.02,18.29,15.41,15.52,15.77
2026-09-28 00:00:00+00:00,Alcobaça,1001,28.25,2.14,21.98,29.70,28.52,29.28,29.56,19.79,0.54,18.22,20.63,19.86,20.00,20.04,14.26,0.19,14.00,15.00,14.20,14.21,14.31
2026-09-29 00:00:00+00:00,Alcobaça,1001,28.93,0.65,27.22,29.50,28.52,29.22,29.43,23.54,0.45,22.22,23.90,23.37,23.74,23.86,18.11,0.62,16.24,19.56,18.18,18.22,18.35
2026-09-10 00:00:00+00:00,Alvaiázere,1002,30.20,0.18,30.00,30.76,30.09,30.12,30.27,19.66,0.24,19.41,20.42,19.47,19.55,19.80,12.96,0.05,12.90,13.10,12.92,12.95,12.99
2026-09-11 00:00:00+00:00,Alvaiázere,1002,32.57,0.24,32.30,33.33,32.41,32.46,32.67,21.80,0.21,21.61,22.44,21.64,21.71,21.90,13.59,0.17,13.41,14.11,13.45,13.51,13.69
2026-09-12 00:00:00+00:00,Alvaiázere,1002,36.98,0.15,36.78,37.50,36.89,36.91,37.03,26.89,0.25,26.18,27.18,26.74,26.97,27.09,18.62,0.70,16.48,19.36,18.21,18.90,19.17
2026-09-13 00:00:00+00:00,Alvaiázere,1002,38.49,0.05,38.42,38.72,38.47,38.48,38.49,28.57,0.37,27.43,28.97,28.35,28.72,28.87,21.41,0.93,18.50,22.35,20.87,21.79,22.13
2026-09-14 00:00:00+00:00,Alvaiázere,1002,37.11,0.19,36.91,37.70,36.96,37.05,37.21,27.33,0.34,26.40,27.84,27.09,27.38,27.61,19.39,0.81,17.05,20.49,18.88,19.57,20.04
2026-09-15 00:00:00+00:00,Alvaiázere,1002,27.13,0.36,26.73,28.09,26.83,27.00,27.36,19.58,0.34,19.22,20.62,19.31,19.43,19.79,15.51,0.24,14.94,16.33,15.38,15.43,15.60
2026-09-16 00:00:00+00:00,Alvaiázere,1002,28.07,0.30,27.73,28.85,27.82,27.99,28.27,19.55,0.34,19.13,20.51,19.28,19.45,19.78,14.78,0.20,14.54,15.45,14.62,14.69,14.89
2026-09-17 00:00:00+00:00,Alvaiázere,1002,28.58,0.21,28.36,29.23,28.42,28.48,28.70,19.05,0.24,18.73,19.68,18.85,18.98,19.21,13.07,0.17,12.44,13.21,13.00,13.15,13.19
2026-09-18 00:00:00+00:00,Alvaiázere,1002,30.86,0.13,30.64,31.25,30.79,30.81,30.93,19.86,0.18,19.69,20.36,19.72,19.78,19.96,12.02,0.08,11.61,12.17,11.99,12.02,12.07
2026-09-19 00:00:00+00:00,Alvaiázere,1002,35.00,0.07,34.85,35.21,34.96,34.98,35.03,24.90,0.30,24.05,25.35,24.69,24.96,25.13,15.64,0.65,13.56,16.43,15.28,15.85,16.15
2026-09-20 00:00:00+00:00,Alvaiázere,1002,35.23,0.27,34.84,35.96,35.01,35.17,35.42,27.04,0.29,26.21,27.45,26.84,27.09,27.27,20.91,1.07,17.79,22.36,20.25,21.15,21.77
2026-09-21 00:00:00+00:00,Alvaiázere,1002,36.06,0.17,35.82,36.53,35.92,36.02,36.17,26.66,0.29,25.82,27.06,26.48,26.72,26.89,20.86,1.14,17.52,22.36,20.16,21.15,21.77
2026-09-22 00:00:00+00:00,Alvaiázere,1002,37.34,0.16,37.16,37.90,37.22,37.28,37.42,27.70,0.53,26.19,28.42,27.35,27.81,28.12,20.12,1.22,16.56,21.74,19.37,20.43,21.10
2026-09-23 00:00:00+00:00,Alvaiázere,1002,36.80,0.17,36.25,37.23,36.73,36.82,36.86,25.52,0.26,24.82,25.94,25.37,25.55,25.72,18.22,0.82,15.91,19.37,17.67,18.37,18.88
2026-09-24 00:00:00+00:00,Alvaiázere,1002,33.77,0.18,33.47,34.38,33.70,33.75,33.78,23.98,0.22,23.37,24.27,23.85,24.02,24.15,14.82,0.24,14.05,15.16,14.69,14.88,15.00
2026-09-25 00:00:00+00:00,Alvaiázere,1002,29.35,0.15,29.11,29.86,29.27,29.29,29.39,18.92,0.29,18.61,19.78,18.69,18.80,19.10,13.22,0.19,13.01,13.80,13.07,13.14,13.34
2026-09-26 00:00:00+00:00,Alvaiázere,1002,33.30,0.20,33.11,34.06,33.18,33.20,33.36,21.86,0.11,21.73,22.24,21.79,21.80,21.88,13.33,0.07,13.12,13.40,13.29,13.35,13.39
2026-09-27 00:00:00+00:00,Alvaiázere,1002,29.38,0.14,29.21,29.82,29.29,29.31,29.43,21.20,0.22,21.00,21.93,21.03,21.09,21.31,17.05,0.04,16.96,17.23,17.03,17.04,17.07
2026-09-28 00:00:00+00:00,Alvaiázere,1002,27.88,0.09,27.68,28.25,27.83,27.86,27.90,20.72,0.08,20.53,21.00,20.67,20.69,20.75,15.71,0.16,15.34,15.97,15.58,15.74,15.84
2026-09-29 00:00:00+00:00,Alvaiázere,1002,27.93,0.34,27.53,29.01,27.66,27.80,28.11,21.88,0.40,21.35,23.03,21.55,21.77,22.13,18.61,0.36,18.14,19.64,18.32,18.51,18.83
2026-09-10 00:00:00+00:00,Ansião,1003,29.97,0.16,29.53,30.10,29.85,30.05,30.09,19.48,0.10,19.40,19.84,19.41,19.44,19.52,12.97,0.10,12.90,13.35,12.91,12.93,13.00
2026-09-11 00:00:00+00:00,Ansião,1003,32.30,0.13,31.90,32.41,32.22,32.36,32.40,21.62,0.05,21.54,21.82,21.60,21.61,21.63,13.46,0.06,13.40,13.66,13.41,13.44,13.49
2026-09-12 00:00:00+00:00,Ansião,1003,36.80,0.11,36.45,36.90,36.73,36.86,36.89,26.99,0.23,26.36,27.20,26.83,27.11,27.18,19.03,0.41,17.88,19.40,18.76,19.22,19.36
2026-09-13 00:00:00+00:00,Ansião,1003,38.37,0.15,37.92,38.50,38.28,38.44,38.49,28.80,0.22,28.21,29.00,28.66,28.90,28.98,22.09,0.32,21.27,22.40,21.84,22.23,22.36
2026-09-14 00:00:00+00:00,Ansião,1003,37.11,0.31,36.85,38.32,36.91,36.95,37.17,27.11,0.84,24.61,27.90,26.56,27.42,27.82,19.14,1.57,14.36,20.60,18.21,19.71,20.45
2026-09-15 00:00:00+00:00,Ansião,1003,27.01,0.37,26.70,28.31,26.73,26.87,27.13,19.29,0.09,19.20,19.52,19.21,19.26,19.35,15.03,0.51,13.05,15.40,14.91,15.27,15.38
2026-09-16 00:00:00+00:00,Ansião,1003,28.10,0.52,27.70,30.06,27.73,27.87,28.25,19.49,0.43,19.10,20.87,19.14,19.33,19.73,14.53,0.12,14.03,14.63,14.51,14.59,14.60
2026-09-17 00:00:00+00:00,Ansião,1003,28.44,0.11,28.23,28.88,28.40,28.40,28.45,19.07,0.40,18.70,20.25,18.73,18.91,19.29,13.24,0.07,13.12,13.48,13.20,13.20,13.25
2026-09-18 00:00:00+00:00,Ansião,1003,30.75,0.10,30.40,30.97,30.73,30.79,30.80,19.66,0.06,19.40,19.71,19.65,19.68,19.70,11.67,0.62,9.52,12.20,11.40,11.90,12.15
2026-09-19 00:00:00+00:00,Ansião,1003,34.88,0.12,34.59,35.00,34.80,34.93,34.99,24.70,0.78,22.14,25.40,24.27,24.96,25.33,15.61,1.03,11.89,16.50,15.22,15.99,16.41
2026-09-20 00:00:00+00:00,Ansião,1003,35.38,0.64,34.80,37.41,34.86,35.14,35.73,26.90,0.66,24.70,27.50,26.54,27.13,27.44,20.68,1.99,14.23,22.50,19.57,21.39,22.32
2026-09-21 00:00:00+00:00,Ansião,1003,36.11,0.35,35.80,37.21,35.83,35.98,36.30,26.57,0.59,24.61,27.10,26.24,26.77,27.05,20.73,1.95,14.39,22.50,19.64,21.42,22.33
2026-09-22 00:00:00+00:00,Ansião,1003,37.25,0.13,37.03,37.77,37.20,37.21,37.28,27.54,1.02,24.45,28.50,26.90,27.91,28.40,19.87,2.19,13.00,21.90,18.61,20.66,21.70
2026-09-23 00:00:00+00:00,Ansião,1003,36.58,0.35,35.49,36.90,36.37,36.73,36.87,25.22,0.81,23.11,26.00,24.64,25.52,25.93,17.79,1.83,12.37,19.50,16.70,18.47,19.33
2026-09-24 00:00:00+00:00,Ansião,1003,33.50,0.35,32.48,33.80,33.28,33.68,33.78,23.87,0.51,22.42,24.30,23.60,24.11,24.27,14.55,0.74,12.09,15.20,14.16,14.83,15.14
2026-09-25 00:00:00+00:00,Ansião,1003,29.10,0.24,28.46,29.30,28.93,29.22,29.29,18.68,0.09,18.60,19.03,18.61,18.65,18.73,13.13,0.15,13.00,13.68,13.01,13.07,13.20
2026-09-26 00:00:00+00:00,Ansião,1003,33.03,0.21,32.43,33.20,32.90,33.13,33.19,21.68,0.15,21.28,21.80,21.60,21.76,21.80,13.34,0.08,13.12,13.40,13.30,13.38,13.40
2026-09-27 00:00:00+00:00,Ansião,1003,29.18,0.14,28.79,29.30,29.08,29.25,29.29,20.97,0.05,20.81,21.02,20.95,20.99,21.00,16.92,0.22,16.26,17.10,16.80,17.02,17.09
2026-09-28 00:00:00+00:00,Ansião,1003,27.67,0.24,27.06,27.90,27.49,27.77,27.88,20.54,0.18,19.95,20.70,20.44,20.60,20.69,15.55,0.50,13.90,16.00,15.27,15.73,15.96
2026-09-29 00:00:00+00:00,Ansião,1003,27.89,0.44,27.50,29.35,27.54,27.72,28.11,21.92,0.66,21.30,23.84,21.36,21.68,22.34,18.62,0.56,18.10,20.42,18.15,18.41,18.93
2026-09-10 00:00:00+00:00,Batalha,1004,27.63,0.72,26.56,29.29,27.07,27.45,28.12,19.24,0.42,18.61,20.20,18.93,19.14,19.52,12.66,0.27,12.24,13.28,12.45,12.59,12.82
2026-09-11 00:00:00+00:00,Batalha,1004,29.11,0.93,27.75,31.34,28.38,28.87,29.74,20.32,0.55,19.54,21.65,19.90,20.16,20.69,12.92,0.33,12.36,13.70,12.69,12.82,13.13
2026-09-12 00:00:00+00:00,Batalha,1004,33.99,0.73,32.61,35.67,33.48,33.92,34.47,22.53,0.55,21.67,23.82,22.08,22.41,22.92,13.40,0.24,13.07,13.89,13.20,13.33,13.60
2026-09-13 00:00:00+00:00,Batalha,1004,37.32,0.23,36.76,37.88,37.18,37.31,37.47,24.03,0.37,23.23,24.86,23.74,24.00,24.30,14.11,0.24,13.50,14.53,13.94,14.12,14.30
2026-09-14 00:00:00+00:00,Batalha,1004,34.61,0.70,33.58,36.29,34.08,34.40,35.10,23.04,0.45,22.48,24.11,22.64,22.90,23.37,13.61,0.20,13.22,14.06,13.44,13.58,13.76
2026-09-15 00:00:00+00:00,Batalha,1004,24.70,0.69,23.81,26.37,24.15,24.51,25.17,20.53,0.19,20.28,21.00,20.39,20.48,20.64,17.98,0.22,17.47,18.33,17.81,18.05,18.16
2026-09-16 00:00:00+00:00,Batalha,1004,24.56,0.75,23.46,26.35,23.92,24.36,25.08,19.46,0.32,19.01,20.22,19.20,19.37,19.66,14.25,0.39,13.67,15.20,13.97,14.11,14.49
2026-09-17 00:00:00+00:00,Batalha,1004,25.96,0.67,24.84,27.53,25.43,25.83,26.40,17.85,0.44,17.28,18.91,17.49,17.73,18.14,10.52,0.38,9.79,11.37,10.27,10.46,10.78
2026-09-18 00:00:00+00:00,Batalha,1004,26.78,0.77,25.50,28.60,26.15,26.62,27.31,17.96,0.53,17.28,19.25,17.53,17.81,18.31,10.31,0.40,9.72,11.32,10.03,10.15,10.55
2026-09-19 00:00:00+00:00,Batalha,1004,32.63,0.51,31.46,33.65,32.33,32.68,32.98,20.56,0.49,19.73,21.70,20.16,20.48,20.91,10.50,0.21,10.15,10.92,10.30,10.48,10.67
2026-09-20 00:00:00+00:00,Batalha,1004,35.74,0.14,35.40,36.01,35.66,35.78,35.84,23.38,0.33,22.82,24.13,23.10,23.33,23.64,13.47,0.25,13.02,14.01,13.23,13.44,13.68
2026-09-21 00:00:00+00:00,Batalha,1004,35.85,0.17,35.58,36.28,35.72,35.81,35.97,23.49,0.22,22.91,23.94,23.34,23.49,23.67,14.00,0.23,13.42,14.42,13.82,14.01,14.19
2026-09-22 00:00:00+00:00,Batalha,1004,34.48,0.65,33.64,36.10,33.91,34.29,34.95,22.33,0.45,21.72,23.37,21.92,22.21,22.69,12.27,0.20,11.81,12.66,12.10,12.26,12.44
2026-09-23 00:00:00+00:00,Batalha,1004,28.52,1.50,26.41,32.11,27.26,28.14,29.55,19.49,0.89,18.33,21.62,18.76,19.25,20.09,12.89,0.28,12.51,13.53,12.65,12.81,13.08
2026-09-24 00:00:00+00:00,Batalha,1004,27.72,1.35,25.74,30.94,26.65,27.41,28.63,18.74,0.79,17.71,20.66,18.09,18.53,19.30,12.06,0.24,11.74,12.63,11.86,11.99,12.22
2026-09-25 00:00:00+00:00,Batalha,1004,26.05,0.88,24.78,28.16,25.36,25.82,26.65,18.81,0.36,18.30,19.69,18.55,18.72,19.05,12.96,0.35,12.27,13.72,12.70,12.93,13.16
2026-09-26 00:00:00+00:00,Batalha,1004,30.90,0.74,29.52,32.63,30.32,30.77,31.39,20.21,0.50,19.47,21.39,19.83,20.08,20.54,12.25,0.25,11.84,12.80,12.06,12.20,12.42
2026-09-27 00:00:00+00:00,Batalha,1004,27.46,0.56,26.62,28.80,27.04,27.32,27.84,20.62,0.44,20.00,21.68,20.29,20.50,20.91,15.47,0.41,14.92,16.44,15.16,15.34,15.74
2026-09-28 00:00:00+00:00,Batalha,1004,28.00,0.22,27.44,28.47,27.88,27.98,28.12,20.03,0.21,19.71,20.55,19.87,19.98,20.17,14.30,0.16,14.08,14.67,14.18,14.25,14.40
2026-09-29 00:00:00+00:00,Batalha,1004,28.88,0.14,28.65,29.24,28.77,28.85,28.96,23.73,0.07,23.62,23.92,23.68,23.73,23.77,19.28,0.20,18.67,19.67,19.20,19.32,19.41
2026-09-10 00:00:00+00:00,Bombarral,1005,27.55,0.54,26.48,28.52,27.12,27.53,28.00,20.39,0.25,19.86,20.86,20.20,20.38,20.60,16.10,0.18,15.71,16.39,15.99,16.14,16.24
2026-09-11 00:00:00+00:00,Bombarral,1005,29.60,0.61,28.25,30.64,29.11,29.58,30.11,21.77,0.32,21.07,22.35,21.51,21.75,22.03,15.35,0.18,15.05,15.69,15.20,15.31,15.51
2026-09-12 00:00:00+00:00,Bombarral,1005,33.93,1.02,32.05,35.99,33.11,33.88,34.72,23.43,0.40,22.58,24.17,23.12,23.41,23.74,15.04,0.15,14.80,15.33,14.92,15.01,15.18
2026-09-13 00:00:00+00:00,Bombarral,1005,35.52,0.80,34.03,37.15,34.90,35.48,36.08,24.04,0.25,23.42,24.42,23.85,24.07,24.26,14.69,0.20,14.30,15.13,14.54,14.64,14.87
2026-09-14 00:00:00+00:00,Bombarral,1005,33.72,0.93,31.99,35.62,32.99,33.67,34.38,23.14,0.30,22.47,23.65,22.92,23.14,23.38,14.39,0.17,14.08,14.80,14.24,14.36,14.52
2026-09-15 00:00:00+00:00,Bombarral,1005,24.70,0.19,24.28,24.99,24.55,24.69,24.87,20.62,0.14,20.32,20.85,20.51,20.61,20.75,17.54,0.10,17.32,17.71,17.45,17.53,17.62
2026-09-16 00:00:00+00:00,Bombarral,1005,23.84,0.50,22.98,24.85,23.43,23.81,24.20,19.51,0.27,19.04,20.05,19.30,19.48,19.72,16.31,0.16,15.95,16.61,16.19,16.31,16.45
2026-09-17 00:00:00+00:00,Bombarral,1005,25.64,0.58,24.55,26.75,25.16,25.60,26.11,18.78,0.26,18.24,19.26,18.57,18.76,18.99,12.86,0.21,12.52,13.28,12.69,12.80,13.04
2026-09-18 00:00:00+00:00,Bombarral,1005,25.81,0.59,24.68,26.89,25.33,25.81,26.28,19.30,0.34,18.59,19.94,19.03,19.27,19.56,13.85,0.21,13.39,14.24,13.68,13.88,14.02
2026-09-19 00:00:00+00:00,Bombarral,1005,32.09,0.87,30.51,33.86,31.39,32.02,32.75,21.13,0.40,20.24,21.86,20.81,21.11,21.45,11.79,0.15,11.50,12.15,11.67,11.79,11.90
2026-09-20 00:00:00+00:00,Bombarral,1005,34.50,0.59,33.42,35.72,34.03,34.47,34.92,23.21,0.25,22.63,23.61,23.02,23.21,23.43,14.07,0.20,13.73,14.56,13.92,14.04,14.24
2026-09-21 00:00:00+00:00,Bombarral,1005,34.45,0.69,33.18,35.87,33.91,34.40,34.92,23.31,0.16,22.90,23.56,23.19,23.33,23.45,14.10,0.32,13.43,14.75,13.90,14.03,14.33
2026-09-22 00:00:00+00:00,Bombarral,1005,34.44,0.74,33.14,35.98,33.87,34.37,34.99,22.77,0.28,22.11,23.23,22.56,22.78,23.02,13.20,0.22,12.83,13.69,13.02,13.16,13.37
2026-09-23 00:00:00+00:00,Bombarral,1005,30.03,0.87,28.05,31.61,29.31,30.04,30.70,21.58,0.43,20.57,22.28,21.23,21.61,21.97,14.75,0.16,14.42,15.12,14.62,14.76,14.84
2026-09-24 00:00:00+00:00,Bombarral,1005,29.36,1.02,27.30,31.33,28.57,29.25,30.19,20.53,0.36,19.66,21.11,20.22,20.55,20.86,13.92,0.16,13.66,14.25,13.78,13.91,14.07
2026-09-25 00:00:00+00:00,Bombarral,1005,27.10,0.59,25.84,28.16,26.62,27.07,27.60,19.42,0.25,18.89,19.87,19.23,19.40,19.64,14.75,0.12,14.47,14.97,14.66,14.76,14.86
2026-09-26 00:00:00+00:00,Bombarral,1005,30.84,0.92,29.01,32.64,30.13,30.81,31.58,21.70,0.44,20.78,22.52,21.36,21.67,22.05,15.23,0.18,14.81,15.60,15.11,15.27,15.38
2026-09-27 00:00:00+00:00,Bombarral,1005,27.76,0.33,27.05,28.35,27.51,27.74,28.01,21.70,0.33,21.01,22.33,21.44,21.66,21.95,17.75,0.26,17.17,18.23,17.54,17.73,17.95
2026-09-28 00:00:00+00:00,Bombarral,1005,27.82,0.24,27.33,28.25,27.64,27.83,28.01,20.67,0.10,20.41,20.90,20.61,20.69,20.74,15.09,0.08,14.90,15.26,15.04,15.10,15.14
2026-09-29 00:00:00+00:00,Bombarral,1005,27.24,0.25,26.72,27.68,27.08,27.23,27.43,22.72,0.14,22.44,22.97,22.62,22.71,22.82,19.78,0.12,19.57,20.05,19.68,19.75,19.85
2026-09-10 00:00:00+00:00,Caldas da Rainha,1006,28.42,0.35,27.49,28.83,28.15,28.55,28.71,20.48,0.39,19.82,21.18,20.15,20.38,20.86,15.17,0.98,13.58,17.01,14.37,14.92,16.07
2026-09-11 00:00:00+00:00,Caldas da Rainha,1006,30.21,0.50,29.23,30.95,29.80,30.21,30.70,21.74,0.57,20.79,22.77,21.25,21.58,22.28,14.28,0.56,13.15,15.18,13.82,14.28,14.78
2026-09-12 00:00:00+00:00,Caldas da Rainha,1006,35.11,1.20,33.33,37.32,34.11,34.82,36.23,23.46,0.67,22.36,24.67,22.87,23.27,24.11,14.16,0.44,13.32,14.89,13.79,14.16,14.55
2026-09-13 00:00:00+00:00,Caldas da Rainha,1006,36.87,0.58,35.81,37.96,36.38,36.72,37.40,23.75,0.49,22.81,24.53,23.35,23.66,24.22,13.70,0.32,12.95,14.35,13.45,13.76,13.96
2026-09-14 00:00:00+00:00,Caldas da Rainha,1006,35.30,0.68,34.04,36.56,34.73,35.14,35.92,23.19,0.38,22.55,23.82,22.89,23.10,23.56,13.59,0.32,12.84,14.21,13.34,13.62,13.85
2026-09-15 00:00:00+00:00,Caldas da Rainha,1006,24.89,0.11,24.57,25.01,24.81,24.93,24.99,20.81,0.08,20.59,20.91,20.74,20.84,20.88,17.90,0.12,17.70,18.21,17.80,17.88,17.99
2026-09-16 00:00:00+00:00,Caldas da Rainha,1006,24.68,0.42,23.80,25.39,24.33,24.66,25.05,19.86,0.28,19.42,20.38,19.63,19.80,20.12,15.69,0.75,14.39,17.05,15.10,15.51,16.37
2026-09-17 00:00:00+00:00,Caldas da Rainha,1006,26.41,0.53,25.42,27.29,25.97,26.37,26.89,18.68,0.50,17.85,19.58,18.27,18.55,19.17,11.83,0.39,11.00,12.57,11.52,11.85,12.17
2026-09-18 00:00:00+00:00,Caldas da Rainha,1006,26.84,0.37,25.82,27.24,26.57,26.98,27.16,19.14,0.72,17.99,20.46,18.54,18.93,19.84,12.36,1.13,10.24,14.33,11.44,12.21,13.38
2026-09-19 00:00:00+00:00,Caldas da Rainha,1006,33.27,0.95,31.70,35.03,32.48,33.11,34.11,21.25,0.59,20.29,22.28,20.75,21.10,21.83,10.97,0.40,10.19,11.70,10.64,10.98,11.33
2026-09-20 00:00:00+00:00,Caldas da Rainha,1006,35.66,0.42,34.72,36.46,35.31,35.62,35.98,23.18,0.34,22.55,23.74,22.91,23.09,23.52,13.25,0.25,12.61,13.81,13.07,13.31,13.44
2026-09-21 00:00:00+00:00,Caldas da Rainha,1006,35.75,0.46,34.78,36.65,35.39,35.67,36.14,23.07,0.31,22.46,23.55,22.82,23.02,23.36,12.94,0.24,12.32,13.55,12.81,12.96,13.10
2026-09-22 00:00:00+00:00,Caldas da Rainha,1006,35.07,1.00,33.63,36.94,34.22,34.76,36.06,22.57,0.50,21.67,23.41,22.18,22.46,23.05,12.18,0.34,11.38,12.88,11.91,12.24,12.46
2026-09-23 00:00:00+00:00,Caldas da Rainha,1006,30.31,1.18,28.30,32.31,29.33,30.04,31.48,21.10,0.92,19.53,22.68,20.34,20.86,21.98,13.83,0.52,12.81,14.71,13.39,13.83,14.30
2026-09-24 00:00:00+00:00,Caldas da Rainha,1006,30.16,1.32,28.04,32.54,29.07,29.88,31.48,20.14,0.77,18.81,21.48,19.50,19.94,20.88,12.99,0.46,12.10,13.77,12.60,12.99,13.39
2026-09-25 00:00:00+00:00,Caldas da Rainha,1006,27.60,0.61,26.53,28.61,27.12,27.53,28.20,19.65,0.26,19.19,20.09,19.44,19.61,19.90,14.50,0.40,13.86,15.26,14.16,14.38,14.87
2026-09-26 00:00:00+00:00,Caldas da Rainha,1006,32.20,0.85,30.57,33.65,31.48,32.21,32.93,21.77,0.74,20.56,23.15,21.13,21.56,22.48,14.34,0.76,13.05,15.74,13.73,14.20,15.03
2026-09-27 00:00:00+00:00,Caldas da Rainha,1006,28.17,0.28,27.52,28.53,27.94,28.22,28.41,21.88,0.48,21.10,22.77,21.48,21.76,22.37,17.26,0.84,15.92,18.84,16.55,17.01,18.06
2026-09-28 00:00:00+00:00,Caldas da Rainha,1006,28.49,0.26,27.93,29.23,28.32,28.42,28.61,20.41,0.20,19.99,20.74,20.24,20.37,20.60,14.77,0.22,14.38,15.13,14.59,14.74,14.98
2026-09-29 00:00:00+00:00,Caldas da Rainha,1006,28.26,0.39,27.63,29.09,27.94,28.25,28.56,23.25,0.18,22.95,23.68,23.10,23.23,23.39,19.15,0.38,18.45,19.78,18.84,19.09,19.50
2026-09-10 00:00:00+00:00,Castanheira de Pêra,1007,30.21,0.21,29.95,30.76,30.03,30.15,30.33,20.32,0.15,20.02,20.61,20.19,20.33,20.43,13.12,0.09,12.92,13.26,13.05,13.14,13.20
2026-09-11 00:00:00+00:00,Castanheira de Pêra,1007,32.97,0.26,32.58,33.59,32.75,32.94,33.17,22.61,0.21,22.20,22.98,22.43,22.63,22.78,13.89,0.07,13.73,14.04,13.85,13.89,13.95
2026-09-12 00:00:00+00:00,Castanheira de Pêra,1007,36.78,0.15,36.55,37.17,36.66,36.75,36.88,26.59,0.03,26.53,26.67,26.56,26.58,26.60,17.66,0.24,17.26,18.18,17.48,17.63,17.83
2026-09-13 00:00:00+00:00,Castanheira de Pêra,1007,38.30,0.19,38.03,38.81,38.16,38.25,38.41,28.00,0.11,27.84,28.26,27.90,27.99,28.07,20.12,0.43,19.31,20.93,19.75,20.12,20.46
2026-09-14 00:00:00+00:00,Castanheira de Pêra,1007,37.87,0.22,37.45,38.33,37.72,37.86,38.03,25.52,0.36,24.78,26.27,25.27,25.49,25.81,16.10,0.71,14.66,17.53,15.59,16.02,16.67
2026-09-15 00:00:00+00:00,Castanheira de Pêra,1007,28.36,0.08,28.21,28.54,28.29,28.36,28.43,19.78,0.17,19.50,20.20,19.64,19.75,19.93,14.02,0.46,13.16,15.09,13.70,13.93,14.42
2026-09-16 00:00:00+00:00,Castanheira de Pêra,1007,29.57,0.25,29.07,30.16,29.40,29.54,29.74,20.74,0.11,20.52,20.98,20.66,20.73,20.83,14.53,0.24,14.17,15.16,14.34,14.46,14.70
2026-09-17 00:00:00+00:00,Castanheira de Pêra,1007,28.53,0.16,28.14,28.83,28.44,28.56,28.65,20.07,0.11,19.82,20.29,19.99,20.07,20.16,13.55,0.28,13.21,14.36,13.32,13.47,13.73
2026-09-18 00:00:00+00:00,Castanheira de Pêra,1007,30.96,0.10,30.78,31.26,30.90,30.95,31.02,19.93,0.21,19.59,20.47,19.75,19.87,20.11,10.46,0.37,9.67,11.16,10.20,10.44,10.73
2026-09-19 00:00:00+00:00,Castanheira de Pêra,1007,34.68,0.14,34.52,35.16,34.59,34.63,34.73,23.22,0.48,22.32,24.28,22.90,23.12,23.61,13.93,0.85,12.29,15.45,13.30,13.83,14.58
2026-09-20 00:00:00+00:00,Castanheira de Pêra,1007,36.66,0.30,36.07,37.30,36.45,36.63,36.87,25.60,0.41,24.84,26.52,25.33,25.51,25.93,16.32,0.88,14.42,17.94,15.71,16.27,16.97
2026-09-21 00:00:00+00:00,Castanheira de Pêra,1007,37.11,0.15,36.86,37.44,36.98,37.10,37.22,25.48,0.39,24.77,26.35,25.22,25.39,25.81,16.38,0.87,14.54,18.02,15.77,16.30,17.07
2026-09-22 00:00:00+00:00,Castanheira de Pêra,1007,37.59,0.11,37.32,37.80,37.51,37.59,37.67,25.44,0.41,24.58,26.28,25.16,25.41,25.77,15.37,0.98,13.32,17.18,14.68,15.31,16.08
2026-09-23 00:00:00+00:00,Castanheira de Pêra,1007,36.54,0.09,36.39,36.84,36.48,36.53,36.59,24.08,0.34,23.42,24.80,23.83,24.04,24.33,14.27,0.73,12.72,15.59,13.76,14.24,14.74
2026-09-24 00:00:00+00:00,Castanheira de Pêra,1007,33.89,0.23,33.62,34.47,33.69,33.81,34.07,23.02,0.11,22.86,23.33,22.95,23.00,23.06,13.71,0.62,12.54,14.86,13.24,13.64,14.16
2026-09-25 00:00:00+00:00,Castanheira de Pêra,1007,29.31,0.17,29.11,29.73,29.15,29.29,29.45,19.97,0.20,19.52,20.24,19.81,20.01,20.15,13.99,0.08,13.77,14.16,13.93,13.99,14.05
2026-09-26 00:00:00+00:00,Castanheira de Pêra,1007,33.31,0.21,33.07,33.86,33.13,33.26,33.44,21.81,0.04,21.71,21.89,21.77,21.81,21.84,13.49,0.09,13.30,13.69,13.42,13.48,13.55
2026-09-27 00:00:00+00:00,Castanheira de Pêra,1007,29.24,0.14,29.07,29.62,29.13,29.20,29.31,21.37,0.09,21.22,21.61,21.29,21.35,21.43,15.91,0.23,15.57,16.40,15.71,15.88,16.08
2026-09-28 00:00:00+00:00,Castanheira de Pêra,1007,27.15,0.07,26.97,27.28,27.10,27.16,27.21,20.25,0.16,20.02,20.72,20.14,20.19,20.35,14.26,0.16,13.87,14.57,14.16,14.28,14.38
2026-09-29 00:00:00+00:00,Castanheira de Pêra,1007,28.67,0.26,28.14,29.23,28.48,28.66,28.88,23.62,0.18,23.29,23.94,23.46,23.62,23.77,20.42,0.24,19.99,21.05,20.25,20.41,20.58
2026-09-10 00:00:00+00:00,Figueiró dos Vinhos,1008,30.15,0.15,29.97,30.69,30.04,30.11,30.21,19.87,0.30,19.42,20.59,19.64,19.79,20.04,13.07,0.08,12.91,13.22,13.01,13.07,13.14
2026-09-11 00:00:00+00:00,Figueiró dos Vinhos,1008,32.64,0.24,32.39,33.46,32.46,32.56,32.72,22.05,0.32,21.61,22.89,21.81,21.96,22.21,13.68,0.12,13.41,13.95,13.58,13.70,13.78
2026-09-12 00:00:00+00:00,Figueiró dos Vinhos,1008,36.89,0.10,36.70,37.20,36.82,36.87,36.93,26.85,0.17,26.57,27.18,26.66,26.90,26.98,18.44,0.56,17.25,19.36,18.06,18.60,18.85
2026-09-13 00:00:00+00:00,Figueiró dos Vinhos,1008,38.38,0.10,38.18,38.77,38.30,38.37,38.44,28.48,0.28,27.94,28.98,28.26,28.55,28.69,21.26,0.71,19.49,22.35,20.83,21.46,21.77
2026-09-14 00:00:00+00:00,Figueiró dos Vinhos,1008,37.77,0.54,36.95,38.90,37.31,37.56,38.28,26.02,1.11,23.85,27.76,24.99,26.41,27.02,16.97,2.07,12.89,20.34,15.05,17.72,18.74
2026-09-15 00:00:00+00:00,Figueiró dos Vinhos,1008,27.86,0.57,26.77,28.83,27.39,27.74,28.47,19.51,0.19,19.22,20.05,19.36,19.46,19.63,14.20,0.99,12.09,15.53,13.29,14.46,15.12
2026-09-16 00:00:00+00:00,Figueiró dos Vinhos,1008,29.19,0.88,27.79,30.95,28.43,28.87,30.00,20.29,0.59,19.18,21.33,19.80,20.11,20.93,14.41,0.29,13.76,14.95,14.18,14.48,14.65
2026-09-17 00:00:00+00:00,Figueiró dos Vinhos,1008,28.70,0.18,28.41,29.15,28.55,28.65,28.83,19.70,0.51,18.77,20.55,19.28,19.55,20.25,13.20,0.16,12.87,14.01,13.13,13.19,13.22
2026-09-18 00:00:00+00:00,Figueiró dos Vinhos,1008,30.96,0.12,30.80,31.24,30.85,30.94,31.06,19.71,0.21,19.25,20.15,19.56,19.70,19.86,10.77,1.03,8.67,12.10,9.82,11.11,11.72
2026-09-19 00:00:00+00:00,Figueiró dos Vinhos,1008,34.78,0.14,34.52,35.04,34.65,34.79,34.88,23.55,1.14,21.19,25.27,22.51,23.95,24.58,13.94,1.66,10.24,16.33,12.43,14.59,15.35
2026-09-20 00:00:00+00:00,Figueiró dos Vinhos,1008,36.30,0.91,34.91,38.08,35.50,35.96,37.15,25.89,0.97,23.87,27.39,25.00,26.24,26.73,17.58,2.84,11.93,22.16,14.97,18.66,20.01
2026-09-21 00:00:00+00:00,Figueiró dos Vinhos,1008,36.68,0.53,35.86,37.56,36.23,36.46,37.25,25.68,0.86,23.86,27.00,24.90,25.99,26.42,17.62,2.76,12.12,22.16,15.06,18.68,19.97
2026-09-22 00:00:00+00:00,Figueiró dos Vinhos,1008,37.57,0.23,37.22,38.05,37.38,37.48,37.78,26.11,1.35,23.49,28.33,24.85,26.61,27.27,16.65,2.99,10.74,21.53,13.88,17.78,19.18
2026-09-23 00:00:00+00:00,Figueiró dos Vinhos,1008,36.72,0.08,36.56,36.99,36.67,36.71,36.76,24.46,0.92,22.70,25.88,23.60,24.75,25.31,15.40,2.37,10.89,19.21,13.16,16.24,17.47
2026-09-24 00:00:00+00:00,Figueiró dos Vinhos,1008,33.76,0.16,33.45,34.31,33.64,33.73,33.80,23.62,0.49,22.64,24.26,23.19,23.86,23.99,13.64,1.12,11.20,15.09,12.61,14.00,14.68
2026-09-25 00:00:00+00:00,Figueiró dos Vinhos,1008,29.27,0.13,29.03,29.62,29.16,29.27,29.36,19.22,0.38,18.62,20.11,18.92,19.14,19.48,13.48,0.27,13.02,13.95,13.28,13.43,13.74
2026-09-26 00:00:00+00:00,Figueiró dos Vinhos,1008,33.23,0.14,33.05,33.75,33.13,33.18,33.28,21.80,0.11,21.57,22.12,21.72,21.78,21.85,13.37,0.06,13.21,13.56,13.36,13.38,13.40
2026-09-27 00:00:00+00:00,Figueiró dos Vinhos,1008,29.29,0.10,29.13,29.59,29.21,29.29,29.36,21.20,0.13,21.00,21.55,21.09,21.17,21.29,16.64,0.44,15.64,17.08,16.33,16.86,16.97
2026-09-28 00:00:00+00:00,Figueiró dos Vinhos,1008,27.53,0.19,27.22,27.87,27.34,27.52,27.69,20.33,0.28,19.75,20.75,20.07,20.40,20.58,14.75,0.76,13.30,15.92,14.04,15.02,15.45
2026-09-29 00:00:00+00:00,Figueiró dos Vinhos,1008,28.57,0.64,27.57,29.89,28.04,28.30,29.17,22.89,0.87,21.41,24.33,22.15,22.54,23.84,19.61,0.87,18.20,21.03,18.87,19.26,20.54
2026-09-10 00:00:00+00:00,Marinha Grande,1010,23.61,1.47,21.60,26.68,22.18,23.66,24.79,17.68,0.41,17.10,18.46,17.28,17.71,18.02,11.77,0.18,11.50,12.09,11.59,11.78,11.92
2026-09-11 00:00:00+00:00,Marinha Grande,1010,24.30,1.76,21.90,27.94,22.59,24.36,25.71,18.53,0.45,17.90,19.36,18.09,18.56,18.93,13.64,0.67,12.04,14.50,13.18,13.68,14.29
2026-09-12 00:00:00+00:00,Marinha Grande,1010,27.84,2.87,24.00,34.11,25.02,27.85,30.03,19.59,1.17,18.00,22.02,18.43,19.63,20.52,13.09,0.06,12.93,13.24,13.08,13.10,13.11
2026-09-13 00:00:00+00:00,Marinha Grande,1010,37.26,0.12,36.91,37.39,37.22,37.29,37.34,23.83,0.13,23.42,24.05,23.78,23.84,23.91,13.87,0.15,13.69,14.32,13.73,13.84,13.98
2026-09-14 00:00:00+00:00,Marinha Grande,1010,33.57,0.19,33.23,33.99,33.44,33.55,33.70,22.49,0.08,22.32,22.63,22.44,22.51,22.55,13.91,0.23,13.36,14.20,13.75,13.93,14.12
2026-09-15 00:00:00+00:00,Marinha Grande,1010,22.59,0.56,21.80,23.64,22.03,22.60,23.06,19.51,0.38,19.00,20.34,19.15,19.52,19.81,17.76,0.29,17.40,18.52,17.49,17.70,17.93
2026-09-16 00:00:00+00:00,Marinha Grande,1010,21.02,1.34,19.20,23.80,19.70,21.07,22.09,17.95,0.55,17.20,19.12,17.41,17.97,18.39,14.41,0.40,13.40,14.90,14.16,14.47,14.78
2026-09-17 00:00:00+00:00,Marinha Grande,1010,21.48,1.92,18.90,25.59,19.60,21.55,23.00,16.36,0.47,15.70,17.25,15.89,16.38,16.76,10.96,0.62,9.36,11.70,10.61,11.06,11.52
2026-09-18 00:00:00+00:00,Marinha Grande,1010,21.80,2.07,19.00,26.17,19.77,21.88,23.45,16.24,0.53,15.50,17.24,15.71,16.26,16.67,11.39,0.86,9.38,12.50,10.80,11.44,12.21
2026-09-19 00:00:00+00:00,Marinha Grande,1010,26.56,3.05,22.50,33.26,23.57,26.53,28.88,17.53,1.28,15.80,20.20,16.27,17.56,18.56,9.90,0.22,9.60,10.43,9.69,9.89,10.09
2026-09-20 00:00:00+00:00,Marinha Grande,1010,34.14,0.86,33.00,36.04,33.29,34.10,34.80,23.15,0.12,22.91,23.48,23.06,23.12,23.23,13.59,0.19,13.06,13.80,13.47,13.65,13.75
2026-09-21 00:00:00+00:00,Marinha Grande,1010,35.71,0.03,35.61,35.75,35.70,35.71,35.73,23.47,0.11,23.10,23.65,23.42,23.50,23.54,14.34,0.15,13.93,14.70,14.21,14.30,14.46
2026-09-22 00:00:00+00:00,Marinha Grande,1010,33.80,0.10,33.62,34.06,33.72,33.79,33.88,21.87,0.14,21.63,22.22,21.76,21.85,21.96,12.38,0.12,12.04,12.52,12.28,12.42,12.48
2026-09-23 00:00:00+00:00,Marinha Grande,1010,22.07,2.25,19.00,26.68,19.88,22.16,23.86,16.63,0.81,15.50,18.21,15.84,16.66,17.32,12.75,0.14,12.35,12.90,12.68,12.79,12.87
2026-09-24 00:00:00+00:00,Marinha Grande,1010,20.83,2.52,17.40,26.12,18.39,20.92,22.80,16.14,0.75,15.10,17.61,15.41,16.17,16.77,11.73,0.06,11.62,11.93,11.70,11.71,11.74
2026-09-25 00:00:00+00:00,Marinha Grande,1010,21.57,1.59,19.40,24.87,20.03,21.62,22.82,17.20,0.50,16.50,18.23,16.70,17.21,17.60,12.98,0.43,11.91,13.50,12.68,13.04,13.38
2026-09-26 00:00:00+00:00,Marinha Grande,1010,24.41,2.84,20.60,30.62,21.65,24.49,26.56,17.48,1.02,16.10,19.64,16.50,17.52,18.27,11.44,0.16,11.20,11.74,11.28,11.45,11.59
2026-09-27 00:00:00+00:00,Marinha Grande,1010,24.25,1.21,22.60,26.81,23.07,24.29,25.19,18.72,0.59,17.90,19.92,18.14,18.73,19.19,14.34,0.24,14.00,14.78,14.11,14.36,14.55
2026-09-28 00:00:00+00:00,Marinha Grande,1010,24.22,1.74,21.90,28.09,22.55,24.20,25.49,18.85,0.49,18.20,19.92,18.38,18.86,19.21,14.03,0.02,14.00,14.09,14.01,14.02,14.04
2026-09-29 00:00:00+00:00,Marinha Grande,1010,27.78,0.43,27.20,28.73,27.37,27.78,28.11,22.88,0.52,22.20,24.09,22.37,22.85,23.24,17.59,1.07,16.20,20.08,16.54,17.53,18.37
2026-09-10 00:00:00+00:00,Nazaré,1011,27.79,0.78,25.56,28.76,27.30,28.11,28.40,19.60,0.33,18.68,19.98,19.38,19.72,19.86,12.96,0.20,12.46,13.29,12.83,13.02,13.10
2026-09-11 00:00:00+00:00,Nazaré,1011,29.00,0.88,26.48,30.06,28.45,29.36,29.69,20.44,0.32,19.53,20.80,20.22,20.56,20.70,12.94,0.20,12.62,13.52,12.80,12.91,13.06
2026-09-12 00:00:00+00:00,Nazaré,1011,32.71,1.01,29.75,33.86,32.08,33.12,33.50,21.90,0.45,20.59,22.40,21.62,22.07,22.26,13.02,0.05,12.91,13.13,12.99,13.03,13.06
2026-09-13 00:00:00+00:00,Nazaré,1011,36.13,0.06,36.01,36.27,36.09,36.13,36.17,22.51,0.10,22.32,22.76,22.44,22.51,22.58,12.83,0.18,12.52,13.28,12.70,12.80,12.95
2026-09-14 00:00:00+00:00,Nazaré,1011,34.43,0.03,34.36,34.51,34.41,34.42,34.44,22.31,0.05,22.21,22.40,22.27,22.31,22.34,12.77,0.22,12.42,13.38,12.61,12.72,12.92
2026-09-15 00:00:00+00:00,Nazaré,1011,24.49,0.33,23.53,24.88,24.28,24.62,24.75,20.63,0.21,20.04,20.89,20.50,20.71,20.79,18.22,0.11,17.90,18.39,18.15,18.25,18.30
2026-09-16 00:00:00+00:00,Nazaré,1011,23.83,0.55,22.23,24.47,23.48,24.05,24.26,19.29,0.25,18.56,19.59,19.13,19.39,19.49,14.06,0.13,13.82,14.41,13.97,14.05,14.14
2026-09-17 00:00:00+00:00,Nazaré,1011,25.27,0.76,23.07,26.16,24.79,25.58,25.86,17.50,0.21,16.91,17.77,17.37,17.58,17.67,10.80,0.11,10.61,11.12,10.73,10.79,10.86
2026-09-18 00:00:00+00:00,Nazaré,1011,26.19,0.87,23.67,27.25,25.64,26.55,26.87,17.51,0.23,16.86,17.83,17.36,17.59,17.68,9.84,0.37,9.24,10.88,9.59,9.78,10.07
2026-09-19 00:00:00+00:00,Nazaré,1011,31.44,1.04,28.39,32.65,30.78,31.87,32.25,19.87,0.47,18.51,20.38,19.59,20.05,20.24,9.89,0.04,9.81,10.01,9.86,9.88,9.91
2026-09-20 00:00:00+00:00,Nazaré,1011,35.20,0.25,34.46,35.49,35.05,35.30,35.39,22.34,0.07,22.21,22.50,22.30,22.35,22.39,12.55,0.20,12.22,13.10,12.41,12.51,12.68
2026-09-21 00:00:00+00:00,Nazaré,1011,35.34,0.02,35.30,35.39,35.33,35.34,35.36,22.26,0.08,22.11,22.45,22.21,22.26,22.31,12.40,0.31,11.93,13.22,12.18,12.31,12.62
2026-09-22 00:00:00+00:00,Nazaré,1011,33.12,0.10,32.92,33.33,33.05,33.13,33.20,21.36,0.07,21.21,21.52,21.30,21.37,21.42,11.27,0.21,10.92,11.83,11.12,11.23,11.41
2026-09-23 00:00:00+00:00,Nazaré,1011,27.45,1.01,24.54,28.56,26.83,27.83,28.23,18.84,0.39,17.73,19.34,18.58,18.98,19.15,12.50,0.09,12.32,12.72,12.44,12.51,12.56
2026-09-24 00:00:00+00:00,Nazaré,1011,27.26,1.20,23.80,28.65,26.51,27.73,28.21,18.24,0.37,17.18,18.69,18.00,18.38,18.53,11.79,0.04,11.71,11.91,11.76,11.79,11.82
2026-09-25 00:00:00+00:00,Nazaré,1011,26.15,0.84,23.74,27.16,25.62,26.49,26.82,19.08,0.33,18.13,19.48,18.86,19.21,19.34,13.65,0.06,13.51,13.76,13.61,13.67,13.69
2026-09-26 00:00:00+00:00,Nazaré,1011,30.64,1.23,27.09,32.14,29.86,31.15,31.60,20.13,0.49,18.72,20.68,19.82,20.31,20.51,12.56,0.18,12.09,12.84,12.43,12.62,12.69
2026-09-27 00:00:00+00:00,Nazaré,1011,27.52,0.61,25.76,28.27,27.13,27.77,28.00,20.85,0.38,19.78,21.28,20.61,20.99,21.14,15.39,0.17,14.93,15.68,15.27,15.44,15.50
2026-09-28 00:00:00+00:00,Nazaré,1011,28.55,0.84,26.12,29.65,28.00,28.87,29.18,19.80,0.19,19.26,20.00,19.68,19.86,19.94,14.21,0.03,14.15,14.28,14.19,14.21,14.22
2026-09-29 00:00:00+00:00,Nazaré,1011,29.10,0.26,28.37,29.48,28.93,29.18,29.28,23.64,0.18,23.12,23.89,23.52,23.70,23.76,18.07,0.17,17.54,18.30,17.98,18.13,18.20
2026-09-10 00:00:00+00:00,Óbidos,1012,27.53,0.64,26.20,28.66,27.02,27.49,28.09,20.23,0.32,19.73,20.93,19.96,20.18,20.51,15.56,0.33,14.81,16.41,15.32,15.54,15.72
2026-09-11 00:00:00+00:00,Óbidos,1012,29.38,0.75,27.88,30.73,28.77,29.30,30.01,21.51,0.41,20.89,22.43,21.16,21.44,21.84,14.88,0.18,14.42,15.26,14.73,14.89,15.01
2026-09-12 00:00:00+00:00,Óbidos,1012,33.79,1.21,31.55,36.37,32.82,33.63,34.71,23.16,0.49,22.36,24.27,22.74,23.09,23.56,14.66,0.14,14.26,14.91,14.55,14.67,14.76
2026-09-13 00:00:00+00:00,Óbidos,1012,35.75,0.87,33.93,37.43,35.07,35.73,36.46,23.80,0.28,23.25,24.40,23.58,23.75,24.02,14.29,0.13,13.98,14.51,14.20,14.31,14.41
2026-09-14 00:00:00+00:00,Óbidos,1012,33.97,1.02,31.82,35.94,33.16,33.94,34.80,23.02,0.34,22.28,23.69,22.78,23.00,23.30,14.03,0.09,13.79,14.28,13.98,14.03,14.09
2026-09-15 00:00:00+00:00,Óbidos,1012,24.63,0.23,24.18,24.99,24.44,24.60,24.85,20.60,0.16,20.25,20.88,20.47,20.59,20.75,17.66,0.10,17.40,17.81,17.61,17.69,17.74
2026-09-16 00:00:00+00:00,Óbidos,1012,23.91,0.56,22.86,25.04,23.46,23.84,24.36,19.50,0.31,18.93,20.15,19.25,19.45,19.74,15.94,0.26,15.46,16.63,15.76,15.90,16.10
2026-09-17 00:00:00+00:00,Óbidos,1012,25.57,0.69,24.27,26.93,25.00,25.49,26.14,18.56,0.32,18.10,19.31,18.28,18.49,18.82,12.40,0.14,12.03,12.68,12.30,12.41,12.51
2026-09-18 00:00:00+00:00,Óbidos,1012,25.84,0.69,24.38,27.04,25.29,25.80,26.45,19.00,0.43,18.41,20.03,18.62,18.88,19.34,13.14,0.32,12.32,13.82,12.89,13.14,13.37
2026-09-19 00:00:00+00:00,Óbidos,1012,32.02,1.03,30.09,34.21,31.18,31.89,32.81,20.89,0.50,20.01,21.95,20.49,20.83,21.31,11.41,0.12,11.06,11.70,11.33,11.42,11.50
2026-09-20 00:00:00+00:00,Óbidos,1012,34.72,0.63,33.43,35.97,34.22,34.67,35.22,23.08,0.27,22.47,23.63,22.88,23.06,23.30,13.71,0.08,13.49,13.95,13.66,13.70,13.76
2026-09-21 00:00:00+00:00,Óbidos,1012,34.70,0.74,33.14,36.14,34.13,34.68,35.30,23.13,0.17,22.78,23.49,22.99,23.10,23.26,13.64,0.21,13.18,13.96,13.46,13.69,13.81
2026-09-22 00:00:00+00:00,Óbidos,1012,34.34,0.86,32.79,36.23,33.65,34.19,34.98,22.55,0.32,21.93,23.24,22.31,22.51,22.80,12.76,0.11,12.47,13.04,12.68,12.77,12.84
2026-09-23 00:00:00+00:00,Óbidos,1012,29.48,1.09,27.51,31.72,28.59,29.33,30.41,21.06,0.54,20.30,22.28,20.59,20.95,21.50,14.31,0.15,13.92,14.67,14.19,14.32,14.42
2026-09-24 00:00:00+00:00,Óbidos,1012,28.98,1.25,26.75,31.64,27.97,28.79,29.96,20.09,0.46,19.44,21.13,19.69,19.99,20.46,13.50,0.14,13.12,13.79,13.39,13.52,13.62
2026-09-25 00:00:00+00:00,Óbidos,1012,26.85,0.73,25.51,28.27,26.26,26.75,27.47,19.34,0.30,18.76,19.93,19.10,19.30,19.60,14.55,0.17,14.29,15.00,14.42,14.51,14.66
2026-09-26 00:00:00+00:00,Óbidos,1012,30.73,1.13,28.51,32.96,29.83,30.61,31.63,21.41,0.55,20.54,22.65,20.94,21.32,21.86,14.72,0.26,14.14,15.35,14.54,14.70,14.87
2026-09-27 00:00:00+00:00,Óbidos,1012,27.66,0.41,26.86,28.42,27.32,27.61,28.01,21.54,0.41,20.83,22.44,21.21,21.47,21.86,17.35,0.37,16.79,18.31,17.06,17.25,17.60
2026-09-28 00:00:00+00:00,Óbidos,1012,27.87,0.31,27.19,28.36,27.62,27.88,28.16,20.47,0.11,20.29,20.69,20.37,20.45,20.56,14.93,0.07,14.75,15.08,14.87,14.91,14.98
2026-09-29 00:00:00+00:00,Óbidos,1012,27.60,0.24,26.99,28.03,27.44,27.62,27.78,22.89,0.14,22.53,23.13,22.79,22.91,23.00,19.44,0.13,19.11,19.65,19.34,19.45,19.55
2026-09-10 00:00:00+00:00,Pedrógão Grande,1013,30.06,0.13,29.71,30.33,29.97,30.06,30.14,20.21,0.18,19.82,20.57,20.08,20.23,20.33,13.33,0.14,13.10,13.67,13.23,13.29,13.44
2026-09-11 00:00:00+00:00,Pedrógão Grande,1013,32.75,0.11,32.48,33.05,32.69,32.75,32.82,22.49,0.24,21.99,22.94,22.29,22.49,22.68,14.15,0.24,13.71,14.67,13.99,14.12,14.33
2026-09-12 00:00:00+00:00,Pedrógão Grande,1013,36.60,0.18,36.06,36.86,36.49,36.62,36.74,26.72,0.10,26.52,26.87,26.63,26.74,26.80,18.24,0.18,17.66,18.56,18.13,18.29,18.37
2026-09-13 00:00:00+00:00,Pedrógão Grande,1013,38.03,0.17,37.58,38.28,37.91,38.04,38.17,28.21,0.14,27.90,28.52,28.10,28.23,28.32,20.84,0.27,20.04,21.44,20.68,20.88,21.00
2026-09-14 00:00:00+00:00,Pedrógão Grande,1013,37.60,0.14,37.23,38.04,37.53,37.59,37.67,26.05,0.29,25.35,26.68,25.81,26.04,26.27,17.02,0.48,15.72,17.98,16.66,17.03,17.40
2026-09-15 00:00:00+00:00,Pedrógão Grande,1013,28.15,0.12,27.78,28.33,28.09,28.18,28.24,19.90,0.19,19.52,20.38,19.77,19.89,20.04,14.40,0.28,13.63,15.03,14.19,14.39,14.62
2026-09-16 00:00:00+00:00,Pedrógão Grande,1013,29.13,0.15,28.80,29.66,29.03,29.12,29.22,20.45,0.10,20.13,20.64,20.39,20.46,20.52,14.57,0.12,14.27,14.84,14.50,14.55,14.65
2026-09-17 00:00:00+00:00,Pedrógão Grande,1013,28.40,0.20,27.83,28.71,28.27,28.45,28.55,19.78,0.09,19.57,20.00,19.73,19.79,19.85,13.31,0.05,13.20,13.55,13.28,13.31,13.33
2026-09-18 00:00:00+00:00,Pedrógão Grande,1013,30.81,0.11,30.48,30.98,30.75,30.83,30.89,20.00,0.14,19.65,20.35,19.91,20.00,20.10,11.07,0.32,10.22,11.68,10.82,11.09,11.31
2026-09-19 00:00:00+00:00,Pedrógão Grande,1013,34.53,0.13,34.18,34.76,34.44,34.53,34.64,23.59,0.26,22.88,24.17,23.41,23.56,23.78,14.60,0.43,13.14,15.23,14.36,14.71,14.92
2026-09-20 00:00:00+00:00,Pedrógão Grande,1013,36.07,0.24,35.65,36.80,35.88,36.02,36.25,25.89,0.21,25.32,26.37,25.75,25.86,26.04,17.57,0.61,15.92,18.86,17.10,17.60,17.99
2026-09-21 00:00:00+00:00,Pedrógão Grande,1013,36.59,0.15,36.30,36.96,36.47,36.56,36.70,25.73,0.19,25.19,26.13,25.62,25.72,25.87,17.50,0.57,15.98,18.74,17.08,17.52,17.86
2026-09-22 00:00:00+00:00,Pedrógão Grande,1013,37.38,0.12,37.02,37.65,37.30,37.42,37.47,26.04,0.32,25.28,26.75,25.77,26.02,26.29,16.72,0.65,14.88,18.02,16.26,16.78,17.21
2026-09-23 00:00:00+00:00,Pedrógão Grande,1013,36.52,0.14,36.19,36.84,36.41,36.55,36.62,24.59,0.29,23.89,25.21,24.37,24.57,24.80,15.54,0.60,13.96,16.71,15.10,15.56,16.01
2026-09-24 00:00:00+00:00,Pedrógão Grande,1013,33.83,0.15,33.62,34.25,33.70,33.80,33.95,23.62,0.26,23.06,24.16,23.40,23.64,23.82,14.32,0.41,13.10,15.02,14.07,14.34,14.63
2026-09-25 00:00:00+00:00,Pedrógão Grande,1013,29.40,0.17,29.11,29.82,29.26,29.35,29.53,19.97,0.38,19.19,20.64,19.69,19.98,20.28,14.08,0.30,13.49,14.61,13.85,14.09,14.32
2026-09-26 00:00:00+00:00,Pedrógão Grande,1013,33.15,0.09,32.97,33.38,33.08,33.13,33.22,22.07,0.19,21.77,22.53,21.91,22.03,22.23,13.77,0.22,13.42,14.24,13.59,13.73,13.93
2026-09-27 00:00:00+00:00,Pedrógão Grande,1013,29.24,0.13,28.93,29.51,29.14,29.24,29.32,21.42,0.14,21.16,21.80,21.31,21.38,21.52,16.49,0.28,15.81,16.94,16.28,16.53,16.72
2026-09-28 00:00:00+00:00,Pedrógão Grande,1013,27.15,0.18,26.80,27.47,27.00,27.15,27.30,20.28,0.10,20.14,20.56,20.20,20.25,20.34,14.65,0.21,14.29,15.13,14.47,14.63,14.81
2026-09-29 00:00:00+00:00,Pedrógão Grande,1013,28.25,0.20,27.80,28.87,28.14,28.22,28.37,22.92,0.21,22.54,23.39,22.74,22.88,23.09,19.64,0.22,19.24,20.18,19.45,19.59,19.80
2026-09-10 00:00:00+00:00,Peniche,1014,25.64,0.48,24.61,26.58,25.30,25.61,26.03,19.47,0.17,19.09,19.79,19.32,19.46,19.62,15.49,0.11,15.24,15.70,15.40,15.48,15.59
2026-09-11 00:00:00+00:00,Peniche,1014,27.16,0.57,25.92,28.25,26.76,27.14,27.63,20.55,0.22,20.06,20.96,20.37,20.54,20.74,15.19,0.11,14.90,15.36,15.13,15.18,15.28
2026-09-12 00:00:00+00:00,Peniche,1014,30.57,0.79,28.88,32.05,30.01,30.56,31.21,21.93,0.30,21.27,22.47,21.71,21.92,22.18,14.79,0.06,14.65,14.92,14.77,14.78,14.83
2026-09-13 00:00:00+00:00,Peniche,1014,33.29,0.62,31.96,34.57,32.84,33.24,33.81,22.92,0.27,22.28,23.41,22.74,22.91,23.15,14.32,0.06,14.11,14.50,14.28,14.33,14.37
2026-09-14 00:00:00+00:00,Peniche,1014,31.06,0.73,29.51,32.57,30.52,31.00,31.67,21.94,0.32,21.22,22.55,21.72,21.92,22.20,13.86,0.10,13.58,14.01,13.79,13.87,13.94
2026-09-15 00:00:00+00:00,Peniche,1014,23.98,0.16,23.63,24.28,23.85,23.97,24.11,20.10,0.13,19.82,20.36,20.01,20.10,20.21,17.36,0.09,17.18,17.57,17.30,17.36,17.42
2026-09-16 00:00:00+00:00,Peniche,1014,22.49,0.32,21.82,23.13,22.26,22.48,22.75,18.71,0.18,18.32,19.07,18.58,18.71,18.86,15.73,0.05,15.64,15.87,15.69,15.73,15.76
2026-09-17 00:00:00+00:00,Peniche,1014,23.72,0.44,22.79,24.57,23.40,23.71,24.08,17.85,0.16,17.49,18.14,17.71,17.84,17.99,12.53,0.04,12.42,12.67,12.50,12.52,12.56
2026-09-18 00:00:00+00:00,Peniche,1014,23.77,0.54,22.62,24.83,23.38,23.76,24.22,18.07,0.21,17.61,18.44,17.90,18.06,18.25,13.31,0.13,12.97,13.54,13.23,13.29,13.43
2026-09-19 00:00:00+00:00,Peniche,1014,29.25,0.67,27.81,30.53,28.77,29.25,29.81,19.55,0.34,18.79,20.17,19.31,19.54,19.83,11.30,0.06,11.13,11.42,11.25,11.30,11.34
2026-09-20 00:00:00+00:00,Peniche,1014,33.00,0.42,32.13,33.87,32.70,32.97,33.35,22.17,0.27,21.55,22.69,21.98,22.15,22.40,13.47,0.13,13.11,13.71,13.38,13.48,13.57
2026-09-21 00:00:00+00:00,Peniche,1014,32.63,0.51,31.56,33.70,32.25,32.58,33.05,22.56,0.18,22.13,22.88,22.44,22.55,22.71,13.84,0.06,13.67,14.13,13.82,13.85,13.87
2026-09-22 00:00:00+00:00,Peniche,1014,32.11,0.54,30.96,33.14,31.73,32.10,32.55,21.58,0.29,20.93,22.11,21.40,21.57,21.83,12.66,0.09,12.41,12.83,12.61,12.67,12.74
2026-09-23 00:00:00+00:00,Peniche,1014,26.45,0.78,24.70,27.86,25.89,26.42,27.09,19.79,0.31,19.07,20.34,19.55,19.78,20.07,14.23,0.05,14.12,14.38,14.19,14.22,14.26
2026-09-24 00:00:00+00:00,Peniche,1014,25.70,0.79,23.98,27.17,25.13,25.67,26.35,19.02,0.26,18.42,19.48,18.80,19.00,19.24,13.64,0.06,13.49,13.79,13.61,13.63,13.68
2026-09-25 00:00:00+00:00,Peniche,1014,24.87,0.48,23.84,25.77,24.50,24.84,25.26,18.51,0.20,18.07,18.90,18.36,18.50,18.67,14.29,0.05,14.17,14.39,14.24,14.29,14.33
2026-09-26 00:00:00+00:00,Peniche,1014,27.53,0.80,25.82,29.08,26.98,27.52,28.18,20.07,0.32,19.38,20.65,19.84,20.06,20.34,14.53,0.07,14.43,14.71,14.48,14.52,14.58
2026-09-27 00:00:00+00:00,Peniche,1014,26.50,0.28,25.91,27.03,26.28,26.49,26.73,20.50,0.24,19.99,20.96,20.31,20.49,20.70,16.76,0.12,16.54,17.00,16.66,16.77,16.86
2026-09-28 00:00:00+00:00,Peniche,1014,26.89,0.25,26.38,27.38,26.71,26.89,27.09,20.18,0.08,19.98,20.32,20.11,20.18,20.25,14.77,0.05,14.63,14.86,14.73,14.77,14.82
2026-09-29 00:00:00+00:00,Peniche,1014,26.87,0.22,26.45,27.35,26.72,26.88,27.03,22.44,0.13,22.18,22.73,22.36,22.45,22.54,19.53,0.06,19.36,19.63,19.49,19.53,19.58
2026-09-10 00:00:00+00:00,Pombal,1015,28.19,0.97,26.33,30.05,27.34,28.07,29.01,19.16,0.30,18.57,19.75,18.89,19.18,19.45,12.43,0.44,11.39,13.29,12.10,12.49,12.83
2026-09-11 00:00:00+00:00,Pombal,1015,30.15,1.19,27.82,32.35,29.11,30.03,31.22,20.68,0.58,19.66,21.62,20.16,20.63,21.24,13.24,0.27,12.29,13.67,13.11,13.33,13.44
2026-09-12 00:00:00+00:00,Pombal,1015,34.88,1.15,32.22,36.85,33.98,34.88,35.89,24.12,1.47,21.82,27.10,22.78,23.89,25.41,15.43,1.69,13.10,19.24,13.87,15.04,16.76
2026-09-13 00:00:00+00:00,Pombal,1015,37.44,0.59,36.08,38.46,36.99,37.48,37.89,25.84,1.57,23.06,28.90,24.45,25.66,27.24,17.65,2.17,14.66,22.22,15.62,17.20,19.51
2026-09-14 00:00:00+00:00,Pombal,1015,34.96,1.31,32.21,36.91,33.89,34.99,36.18,24.39,1.53,21.69,27.67,23.09,24.27,25.55,15.80,1.71,13.43,20.19,14.26,15.45,16.91
2026-09-15 00:00:00+00:00,Pombal,1015,25.46,0.97,23.86,26.90,24.54,25.47,26.43,19.89,0.22,19.25,20.28,19.76,19.95,20.04,16.39,0.66,15.33,18.12,15.88,16.31,16.88
2026-09-16 00:00:00+00:00,Pombal,1015,25.84,1.26,23.51,27.81,24.67,25.81,27.06,19.45,0.16,18.98,19.86,19.35,19.47,19.55,14.80,0.48,13.68,16.13,14.56,14.67,15.03
2026-09-17 00:00:00+00:00,Pombal,1015,26.85,0.91,24.79,28.38,26.08,26.82,27.69,18.78,0.45,17.59,19.79,18.47,18.86,19.09,12.54,0.84,9.99,13.90,11.99,12.76,13.18
2026-09-18 00:00:00+00:00,Pombal,1015,28.38,1.35,25.64,30.74,27.19,28.33,29.62,18.94,0.54,17.61,19.69,18.53,19.03,19.39,11.04,0.46,9.70,12.08,10.77,11.06,11.33
2026-09-19 00:00:00+00:00,Pombal,1015,33.45,0.95,30.96,34.95,32.76,33.55,34.25,22.44,1.30,20.16,25.20,21.26,22.32,23.57,13.29,1.47,10.78,16.27,11.88,13.19,14.58
2026-09-20 00:00:00+00:00,Pombal,1015,35.87,0.29,34.94,36.42,35.75,35.94,36.03,25.24,0.96,23.49,27.34,24.35,25.13,26.07,16.74,2.12,13.75,22.00,14.76,16.41,18.35
2026-09-21 00:00:00+00:00,Pombal,1015,35.94,0.21,35.36,36.41,35.80,35.98,36.09,24.90,1.01,22.97,26.95,24.04,24.86,25.77,17.34,1.81,14.94,22.02,15.69,17.03,18.65
2026-09-22 00:00:00+00:00,Pombal,1015,35.55,0.98,33.94,37.19,34.59,35.49,36.46,24.63,1.53,22.27,28.22,23.19,24.39,25.80,15.49,2.26,12.49,21.34,13.40,15.07,17.00
2026-09-23 00:00:00+00:00,Pombal,1015,30.91,3.21,25.42,36.72,28.08,30.82,33.78,21.29,2.07,18.33,25.74,19.38,21.04,22.90,14.83,1.39,12.78,19.03,13.85,14.36,15.46
2026-09-24 00:00:00+00:00,Pombal,1015,28.88,2.55,24.76,33.67,26.72,28.67,31.09,20.15,1.81,17.74,24.15,18.50,19.78,21.53,13.44,0.66,11.95,15.04,12.94,13.46,13.82
2026-09-25 00:00:00+00:00,Pombal,1015,26.55,1.38,24.21,29.22,25.35,26.43,27.71,18.46,0.27,17.92,18.93,18.25,18.49,18.70,12.77,0.35,12.06,13.63,12.45,12.77,13.09
2026-09-26 00:00:00+00:00,Pombal,1015,30.77,1.41,27.99,33.14,29.62,30.86,31.93,20.25,0.81,18.88,21.76,19.57,20.17,20.91,12.42,0.47,11.79,13.38,11.98,12.34,12.81
2026-09-27 00:00:00+00:00,Pombal,1015,27.68,0.85,26.15,29.25,26.98,27.62,28.39,20.39,0.36,19.70,21.07,20.07,20.35,20.69,15.66,0.62,14.85,17.04,15.10,15.52,16.11
2026-09-28 00:00:00+00:00,Pombal,1015,26.80,0.76,25.19,27.91,26.14,26.93,27.53,19.92,0.47,18.83,20.66,19.57,20.00,20.29,14.67,0.52,13.79,15.88,14.24,14.62,15.04
2026-09-29 00:00:00+00:00,Pombal,1015,28.21,0.20,27.60,28.68,28.11,28.19,28.36,22.95,0.47,21.48,23.91,22.82,23.02,23.23,18.93,0.36,18.20,19.90,18.66,18.94,19.16
2026-09-10 00:00:00+00:00,Porto de Mós,1016,28.43,0.45,27.12,29.38,28.15,28.53,28.71,19.87,0.29,19.15,20.53,19.67,19.91,20.08,13.27,0.35,12.66,14.14,13.01,13.21,13.48
2026-09-11 00:00:00+00:00,Porto de Mós,1016,29.92,0.59,28.32,31.34,29.55,29.98,30.27,20.89,0.38,20.05,21.89,20.63,20.87,21.15,13.13,0.30,12.67,13.98,12.88,13.06,13.34
2026-09-12 00:00:00+00:00,Porto de Mós,1016,34.14,0.65,32.52,35.81,33.71,34.10,34.57,22.70,0.45,21.75,23.87,22.38,22.64,23.00,13.38,0.28,12.95,14.14,13.14,13.33,13.58
2026-09-13 00:00:00+00:00,Porto de Mós,1016,36.74,0.43,36.07,37.74,36.37,36.70,37.08,23.30,0.57,22.39,24.60,22.81,23.23,23.75,13.40,0.45,12.61,14.32,13.01,13.36,13.78
2026-09-14 00:00:00+00:00,Porto de Mós,1016,34.92,0.48,34.23,36.20,34.52,34.79,35.22,22.85,0.43,22.25,23.95,22.47,22.76,23.16,13.17,0.37,12.50,14.01,12.86,13.16,13.47
2026-09-15 00:00:00+00:00,Porto de Mós,1016,25.02,0.40,24.19,26.29,24.77,24.95,25.24,20.78,0.13,20.44,21.06,20.70,20.82,20.87,18.06,0.20,17.52,18.36,17.92,18.11,18.22
2026-09-16 00:00:00+00:00,Porto de Mós,1016,24.69,0.48,23.63,26.18,24.38,24.61,24.96,19.65,0.21,19.14,20.21,19.51,19.63,19.78,14.41,0.37,13.87,15.45,14.08,14.33,14.67
2026-09-17 00:00:00+00:00,Porto de Mós,1016,26.22,0.47,25.00,27.44,25.94,26.21,26.50,18.02,0.35,17.41,18.97,17.75,17.96,18.25,10.94,0.28,10.51,11.77,10.69,10.88,11.13
2026-09-18 00:00:00+00:00,Porto de Mós,1016,27.15,0.48,25.79,28.47,26.89,27.18,27.39,18.16,0.45,17.41,19.37,17.80,18.08,18.46,10.31,0.55,9.36,11.82,9.89,10.22,10.70
2026-09-19 00:00:00+00:00,Porto de Mós,1016,32.67,0.46,31.32,33.74,32.41,32.68,32.97,20.67,0.41,19.78,21.75,20.37,20.61,20.94,10.33,0.30,9.85,11.16,10.07,10.29,10.55
2026-09-20 00:00:00+00:00,Porto de Mós,1016,35.61,0.15,35.26,35.96,35.50,35.59,35.71,22.93,0.43,22.26,23.96,22.56,22.87,23.24,13.02,0.42,12.30,14.00,12.66,12.98,13.35
2026-09-21 00:00:00+00:00,Porto de Mós,1016,35.66,0.23,35.33,36.22,35.47,35.64,35.82,22.85,0.42,22.17,23.77,22.49,22.80,23.19,12.91,0.47,12.04,13.78,12.48,12.94,13.31
2026-09-22 00:00:00+00:00,Porto de Mós,1016,34.08,0.73,33.00,35.86,33.47,33.97,34.60,22.01,0.49,21.27,23.20,21.59,21.91,22.36,11.76,0.42,11.01,12.74,11.41,11.75,12.10
2026-09-23 00:00:00+00:00,Porto de Mós,1016,29.18,1.07,26.93,31.98,28.42,29.02,29.85,19.84,0.69,18.63,21.70,19.29,19.71,20.31,12.90,0.34,12.37,13.86,12.61,12.84,13.14
2026-09-24 00:00:00+00:00,Porto de Mós,1016,28.78,0.95,26.42,31.19,28.16,28.77,29.40,19.08,0.59,17.99,20.64,18.62,18.98,19.47,12.11,0.26,11.74,12.84,11.88,12.06,12.29
2026-09-25 00:00:00+00:00,Porto de Mós,1016,26.99,0.59,25.42,28.40,26.61,27.06,27.38,19.33,0.24,18.69,19.86,19.17,19.38,19.51,13.65,0.24,13.05,14.13,13.49,13.66,13.82
2026-09-26 00:00:00+00:00,Porto de Mós,1016,31.71,0.57,29.93,32.86,31.34,31.82,32.12,20.74,0.40,19.77,21.75,20.47,20.73,21.02,12.80,0.30,12.25,13.50,12.58,12.76,12.99
2026-09-27 00:00:00+00:00,Porto de Mós,1016,28.05,0.36,27.02,28.84,27.82,28.12,28.27,21.22,0.32,20.43,21.96,20.99,21.24,21.44,15.85,0.37,15.21,16.86,15.54,15.78,16.11
2026-09-28 00:00:00+00:00,Porto de Mós,1016,28.78,0.37,27.88,29.50,28.50,28.78,29.07,20.11,0.18,19.74,20.61,19.98,20.09,20.23,14.39,0.15,14.18,14.85,14.26,14.36,14.49
2026-09-29 00:00:00+00:00,Porto de Mós,1016,29.09,0.13,28.84,29.41,29.00,29.07,29.18,23.68,0.08,23.46,23.85,23.63,23.68,23.72,18.69,0.29,18.20,19.32,18.44,18.66,18.93
2026-09-10 00:00:00+00:00,Alenquer,1101,28.89,0.36,27.79,30.04,28.69,28.82,29.06,21.19,0.24,20.52,21.67,21.01,21.23,21.40,16.65,0.18,16.28,17.06,16.51,16.60,16.79
2026-09-11 00:00:00+00:00,Alenquer,1101,32.20,0.58,30.25,33.26,31.82,32.26,32.71,23.05,0.47,21.99,24.00,22.70,23.03,23.43,16.47,0.54,15.62,17.76,16.01,16.32,16.87
2026-09-12 00:00:00+00:00,Alenquer,1101,35.85,0.49,33.91,37.13,35.67,35.91,36.05,24.97,0.58,23.62,26.16,24.54,24.97,25.42,16.20,0.64,15.03,17.63,15.69,16.08,16.71
2026-09-13 00:00:00+00:00,Alenquer,1101,36.45,0.44,35.10,37.68,36.19,36.48,36.66,25.76,0.57,24.43,26.96,25.30,25.72,26.21,16.59,0.80,15.32,18.31,15.90,16.45,17.24
2026-09-14 00:00:00+00:00,Alenquer,1101,34.99,0.59,33.23,36.37,34.57,35.10,35.38,24.69,0.60,23.33,25.87,24.22,24.68,25.16,16.28,0.79,14.99,17.93,15.59,16.13,16.93
2026-09-15 00:00:00+00:00,Alenquer,1101,25.28,0.30,24.70,26.21,25.09,25.21,25.47,21.04,0.11,20.71,21.34,20.96,21.04,21.12,17.40,0.11,17.17,17.67,17.34,17.38,17.45
2026-09-16 00:00:00+00:00,Alenquer,1101,23.95,0.52,23.19,25.49,23.59,23.75,24.23,19.75,0.21,19.36,20.33,19.59,19.71,19.90,16.81,0.15,16.45,17.13,16.70,16.82,16.93
2026-09-17 00:00:00+00:00,Alenquer,1101,26.57,0.42,25.67,27.83,26.31,26.46,26.79,19.67,0.39,18.87,20.40,19.36,19.72,20.00,14.72,0.91,13.28,16.78,13.96,14.46,15.46
2026-09-18 00:00:00+00:00,Alenquer,1101,27.37,0.44,25.96,28.55,27.10,27.37,27.65,20.42,0.45,19.42,21.21,20.07,20.45,20.78,14.94,0.32,14.35,15.56,14.68,14.89,15.20
2026-09-19 00:00:00+00:00,Alenquer,1101,33.53,0.34,32.06,34.44,33.44,33.51,33.69,22.79,0.55,21.40,23.87,22.39,22.79,23.23,13.42,0.86,11.81,15.28,12.73,13.29,14.09
2026-09-20 00:00:00+00:00,Alenquer,1101,34.44,0.45,33.50,35.60,34.13,34.43,34.67,24.51,0.42,23.43,25.24,24.18,24.53,24.89,16.11,0.68,14.86,17.47,15.51,16.03,16.69
2026-09-21 00:00:00+00:00,Alenquer,1101,34.77,0.36,34.01,35.87,34.53,34.68,34.90,24.47,0.28,23.68,24.96,24.26,24.48,24.72,16.17,0.53,14.77,17.05,15.78,16.23,16.60
2026-09-22 00:00:00+00:00,Alenquer,1101,35.58,0.35,34.40,36.67,35.38,35.51,35.77,24.50,0.69,23.07,26.02,23.97,24.44,25.04,15.18,0.70,13.97,16.57,14.55,15.10,15.77
2026-09-23 00:00:00+00:00,Alenquer,1101,33.96,0.88,31.01,35.41,33.37,34.04,34.70,24.35,1.27,22.07,27.24,23.38,24.18,25.32,16.63,1.26,14.24,19.62,15.68,16.40,17.57
2026-09-24 00:00:00+00:00,Alenquer,1101,32.10,0.65,29.74,33.43,31.73,32.23,32.56,22.79,1.04,20.93,25.04,21.99,22.66,23.60,15.53,1.15,13.40,18.27,14.65,15.24,16.42
2026-09-25 00:00:00+00:00,Alenquer,1101,28.92,0.36,27.60,29.95,28.76,28.86,29.13,20.26,0.32,19.52,20.91,20.01,20.28,20.53,15.26,0.32,14.72,16.02,15.02,15.16,15.49
2026-09-26 00:00:00+00:00,Alenquer,1101,33.30,0.41,31.30,33.90,33.18,33.42,33.54,23.38,0.68,21.93,24.92,22.90,23.28,23.90,16.66,0.79,15.50,18.58,16.00,16.41,17.26
2026-09-27 00:00:00+00:00,Alenquer,1101,28.73,0.26,28.01,29.49,28.58,28.72,28.88,22.73,0.39,21.75,23.43,22.43,22.76,23.04,18.74,0.49,17.85,19.87,18.39,18.67,19.12
2026-09-28 00:00:00+00:00,Alenquer,1101,28.43,0.22,27.88,28.96,28.29,28.44,28.54,21.67,0.28,21.06,22.24,21.45,21.61,21.89,15.88,0.48,14.94,16.88,15.52,15.83,16.25
2026-09-29 00:00:00+00:00,Alenquer,1101,27.10,0.25,26.70,27.77,26.89,27.08,27.26,22.67,0.08,22.52,22.87,22.62,22.66,22.72,20.28,0.24,19.88,20.92,20.09,20.21,20.41
2026-09-10 00:00:00+00:00,Arruda dos Vinhos,1102,28.50,0.11,28.40,28.80,28.42,28.46,28.56,21.55,0.08,21.22,21.62,21.53,21.59,21.60,17.06,0.06,16.78,17.10,17.04,17.08,17.09
2026-09-11 00:00:00+00:00,Arruda dos Vinhos,1102,32.98,0.17,32.34,33.10,32.96,33.05,33.08,23.95,0.20,23.15,24.10,23.91,24.03,24.08,17.70,0.24,16.77,17.90,17.61,17.80,17.87
2026-09-12 00:00:00+00:00,Arruda dos Vinhos,1102,36.00,0.13,35.58,36.10,35.95,36.06,36.09,26.09,0.26,25.07,26.30,26.02,26.20,26.27,17.57,0.29,16.38,17.80,17.51,17.68,17.77
2026-09-13 00:00:00+00:00,Arruda dos Vinhos,1102,36.65,0.18,36.13,36.80,36.58,36.74,36.78,26.91,0.24,25.98,27.10,26.84,27.01,27.07,18.26,0.32,16.93,18.50,18.17,18.38,18.46
2026-09-14 00:00:00+00:00,Arruda dos Vinhos,1102,35.56,0.28,34.78,35.80,35.45,35.69,35.77,25.81,0.24,24.83,26.00,25.76,25.91,25.97,17.89,0.30,16.59,18.10,17.81,18.02,18.07
2026-09-15 00:00:00+00:00,Arruda dos Vinhos,1102,24.77,0.19,24.60,25.38,24.62,24.69,24.87,21.05,0.06,21.00,21.27,21.00,21.02,21.07,17.66,0.05,17.44,17.70,17.65,17.68,17.69
2026-09-16 00:00:00+00:00,Arruda dos Vinhos,1102,23.24,0.15,23.10,23.69,23.12,23.18,23.32,19.63,0.05,19.60,19.80,19.60,19.61,19.64,17.00,0.04,16.82,17.10,16.99,17.00,17.01
2026-09-17 00:00:00+00:00,Arruda dos Vinhos,1102,25.96,0.17,25.80,26.44,25.82,25.89,26.04,20.22,0.13,19.64,20.34,20.19,20.28,20.30,16.69,0.40,15.08,17.00,16.61,16.84,16.95
2026-09-18 00:00:00+00:00,Arruda dos Vinhos,1102,27.40,0.05,27.23,27.56,27.39,27.40,27.41,21.17,0.18,20.44,21.30,21.13,21.25,21.28,15.56,0.08,15.19,15.66,15.55,15.59,15.60
2026-09-19 00:00:00+00:00,Arruda dos Vinhos,1102,33.45,0.08,33.13,33.56,33.44,33.49,33.50,23.82,0.23,22.92,24.00,23.77,23.91,23.97,15.21,0.38,13.63,15.50,15.11,15.35,15.46
2026-09-20 00:00:00+00:00,Arruda dos Vinhos,1102,33.53,0.15,33.40,34.12,33.42,33.47,33.58,25.20,0.14,24.59,25.30,25.15,25.26,25.28,17.44,0.23,16.44,17.60,17.40,17.55,17.58
2026-09-21 00:00:00+00:00,Arruda dos Vinhos,1102,34.25,0.06,34.20,34.51,34.21,34.23,34.27,24.94,0.08,24.61,25.00,24.92,24.98,24.99,17.07,0.08,16.71,17.18,17.06,17.09,17.10
2026-09-22 00:00:00+00:00,Arruda dos Vinhos,1102,35.26,0.09,34.90,35.43,35.25,35.30,35.30,25.94,0.32,24.73,26.20,25.84,26.08,26.16,16.55,0.24,15.49,16.76,16.54,16.65,16.69
2026-09-23 00:00:00+00:00,Arruda dos Vinhos,1102,35.26,0.29,34.21,35.50,35.19,35.39,35.47,27.07,0.64,24.66,27.60,26.87,27.35,27.52,19.45,0.67,16.89,20.00,19.24,19.74,19.92
2026-09-24 00:00:00+00:00,Arruda dos Vinhos,1102,32.55,0.11,32.08,32.70,32.53,32.59,32.60,24.93,0.47,23.04,25.30,24.84,25.12,25.25,18.13,0.58,15.83,18.60,17.98,18.37,18.53
2026-09-25 00:00:00+00:00,Arruda dos Vinhos,1102,28.72,0.14,28.60,29.17,28.62,28.66,28.80,20.75,0.10,20.29,20.88,20.73,20.79,20.80,15.98,0.15,15.39,16.10,15.96,16.04,16.08
2026-09-26 00:00:00+00:00,Arruda dos Vinhos,1102,33.61,0.13,33.12,33.70,33.54,33.67,33.69,24.83,0.33,23.59,25.10,24.73,24.97,25.06,18.51,0.36,17.07,18.80,18.42,18.65,18.75
2026-09-27 00:00:00+00:00,Arruda dos Vinhos,1102,28.23,0.15,28.10,28.63,28.12,28.17,28.31,23.40,0.15,22.77,23.50,23.36,23.46,23.49,19.81,0.24,18.87,20.00,19.77,19.91,19.97
2026-09-28 00:00:00+00:00,Arruda dos Vinhos,1102,27.92,0.14,27.80,28.43,27.82,27.86,27.98,22.22,0.10,21.83,22.30,22.19,22.26,22.29,16.85,0.20,15.98,17.00,16.79,16.93,16.98
2026-09-29 00:00:00+00:00,Arruda dos Vinhos,1102,27.05,0.06,26.85,27.10,27.04,27.08,27.10,22.52,0.02,22.50,22.61,22.50,22.51,22.53,19.92,0.14,19.80,20.44,19.82,19.85,19.97
2026-09-10 00:00:00+00:00,Azambuja,1103,30.33,0.81,29.01,32.35,29.65,30.23,30.91,21.52,0.19,21.18,21.84,21.36,21.53,21.67,16.30,0.31,15.56,16.91,16.09,16.31,16.55
2026-09-11 00:00:00+00:00,Azambuja,1103,33.16,0.94,31.20,35.01,32.47,33.21,33.88,23.27,0.28,22.79,23.81,23.01,23.32,23.47,15.70,0.45,15.21,16.94,15.31,15.55,15.98
2026-09-12 00:00:00+00:00,Azambuja,1103,37.51,0.69,36.10,39.37,37.06,37.44,37.95,25.38,0.34,24.72,25.91,25.08,25.49,25.65,16.07,0.52,14.95,16.93,15.61,16.26,16.44
2026-09-13 00:00:00+00:00,Azambuja,1103,37.97,0.63,36.67,39.63,37.58,37.96,38.36,25.96,0.58,24.67,26.85,25.49,26.22,26.44,16.43,0.95,14.24,17.66,15.62,16.93,17.14
2026-09-14 00:00:00+00:00,Azambuja,1103,36.72,0.72,35.39,38.74,36.26,36.67,37.16,25.07,0.53,23.94,25.81,24.64,25.27,25.50,16.09,0.91,14.17,17.52,15.28,16.43,16.79
2026-09-15 00:00:00+00:00,Azambuja,1103,26.40,0.68,25.14,27.77,25.85,26.36,26.94,21.31,0.18,20.95,21.61,21.16,21.31,21.46,17.25,0.25,16.57,17.72,17.07,17.26,17.43
2026-09-16 00:00:00+00:00,Azambuja,1103,25.86,0.70,24.14,27.47,25.42,25.80,26.35,20.50,0.24,19.94,21.07,20.35,20.48,20.67,16.96,0.06,16.82,17.18,16.93,16.96,17.00
2026-09-17 00:00:00+00:00,Azambuja,1103,28.20,0.70,26.79,29.97,27.62,28.09,28.71,20.22,0.32,19.64,20.75,19.97,20.25,20.49,14.13,0.86,12.51,15.84,13.41,14.27,14.80
2026-09-18 00:00:00+00:00,Azambuja,1103,28.84,0.82,27.42,30.54,28.17,28.78,29.48,20.87,0.24,20.39,21.26,20.65,20.90,21.05,14.41,0.32,13.94,15.30,14.20,14.29,14.60
2026-09-19 00:00:00+00:00,Azambuja,1103,34.68,0.50,33.55,35.78,34.38,34.74,35.03,23.26,0.43,22.38,24.11,22.91,23.37,23.61,13.42,0.76,11.74,14.55,12.77,13.79,13.98
2026-09-20 00:00:00+00:00,Azambuja,1103,35.75,0.64,34.15,36.83,35.35,35.89,36.26,25.07,0.56,23.87,26.30,24.66,25.14,25.48,16.19,1.04,13.71,18.01,15.36,16.70,16.95
2026-09-21 00:00:00+00:00,Azambuja,1103,36.09,0.57,34.68,37.13,35.76,36.20,36.52,24.71,0.47,23.66,25.59,24.38,24.84,25.08,15.41,0.98,13.16,16.73,14.65,15.90,16.17
2026-09-22 00:00:00+00:00,Azambuja,1103,36.91,0.65,35.49,38.54,36.54,36.92,37.33,24.65,0.53,23.53,25.34,24.20,24.89,25.08,15.22,1.03,12.79,16.85,14.38,15.76,16.00
2026-09-23 00:00:00+00:00,Azambuja,1103,35.15,1.22,32.63,37.46,34.22,35.25,36.08,24.40,0.82,22.85,25.89,23.65,24.64,25.04,16.36,0.77,14.79,17.97,15.67,16.57,16.88
2026-09-24 00:00:00+00:00,Azambuja,1103,33.86,0.82,32.49,35.85,33.17,33.75,34.47,22.85,0.72,21.61,24.29,22.19,22.91,23.43,14.90,0.77,13.79,16.79,14.28,14.76,15.47
2026-09-25 00:00:00+00:00,Azambuja,1103,30.20,0.78,28.79,31.91,29.57,30.15,30.83,20.59,0.25,20.14,21.00,20.37,20.64,20.78,14.96,0.23,14.46,15.57,14.81,14.97,15.10
2026-09-26 00:00:00+00:00,Azambuja,1103,34.02,0.38,33.35,34.96,33.71,33.96,34.30,23.35,0.28,23.00,24.21,23.13,23.24,23.52,15.68,0.57,14.74,17.37,15.32,15.60,15.85
2026-09-27 00:00:00+00:00,Azambuja,1103,29.69,0.58,28.67,30.95,29.22,29.66,30.14,23.07,0.19,22.70,23.44,22.91,23.11,23.22,18.71,0.16,18.37,19.27,18.60,18.66,18.77
2026-09-28 00:00:00+00:00,Azambuja,1103,28.83,0.28,28.32,29.52,28.59,28.80,29.03,21.54,0.34,20.80,22.04,21.24,21.71,21.81,15.96,0.36,15.20,16.54,15.64,16.12,16.21
2026-09-29 00:00:00+00:00,Azambuja,1103,27.90,0.28,27.29,28.54,27.70,27.87,28.09,22.89,0.09,22.66,23.00,22.84,22.91,22.97,19.96,0.10,19.81,20.14,19.87,19.95,20.05
2026-09-10 00:00:00+00:00,Cadaval,1104,28.57,0.43,27.08,29.18,28.33,28.71,28.87,20.93,0.22,20.23,21.19,20.80,20.98,21.10,16.56,0.17,16.22,16.98,16.45,16.53,16.66
2026-09-11 00:00:00+00:00,Cadaval,1104,30.90,0.45,29.26,31.68,30.71,30.96,31.19,22.48,0.27,21.59,22.79,22.34,22.56,22.70,15.50,0.24,15.14,15.97,15.26,15.47,15.72
2026-09-12 00:00:00+00:00,Cadaval,1104,35.83,1.07,32.94,37.30,35.12,36.07,36.72,24.30,0.36,23.18,24.73,24.10,24.39,24.59,15.21,0.23,14.83,15.65,15.00,15.24,15.40
2026-09-13 00:00:00+00:00,Cadaval,1104,36.75,0.89,34.50,37.95,36.12,36.93,37.52,24.65,0.22,23.96,25.11,24.53,24.63,24.79,14.87,0.47,14.01,15.73,14.46,14.93,15.27
2026-09-14 00:00:00+00:00,Cadaval,1104,35.18,1.03,32.54,36.55,34.46,35.39,36.07,23.78,0.25,22.91,24.22,23.69,23.83,23.93,14.67,0.39,13.98,15.45,14.32,14.71,14.97
2026-09-15 00:00:00+00:00,Cadaval,1104,25.10,0.16,24.59,25.46,25.01,25.09,25.22,20.88,0.09,20.52,21.03,20.85,20.90,20.94,17.56,0.12,17.31,17.77,17.46,17.55,17.67
2026-09-16 00:00:00+00:00,Cadaval,1104,24.63,0.59,23.12,25.40,24.20,24.76,25.14,19.96,0.31,19.15,20.38,19.75,20.03,20.21,16.73,0.17,16.30,17.04,16.62,16.74,16.85
2026-09-17 00:00:00+00:00,Cadaval,1104,26.70,0.54,25.07,27.37,26.35,26.84,27.15,19.35,0.24,18.58,19.66,19.21,19.41,19.55,13.06,0.41,12.36,13.84,12.67,13.09,13.41
2026-09-18 00:00:00+00:00,Cadaval,1104,26.90,0.50,25.26,27.59,26.60,27.07,27.26,20.05,0.32,19.06,20.46,19.85,20.12,20.31,14.29,0.13,13.98,14.59,14.21,14.28,14.36
2026-09-19 00:00:00+00:00,Cadaval,1104,33.66,0.92,31.25,35.00,33.03,33.81,34.42,22.01,0.34,20.89,22.47,21.85,22.10,22.27,12.07,0.29,11.56,12.69,11.81,12.09,12.30
2026-09-20 00:00:00+00:00,Cadaval,1104,35.34,0.72,33.67,36.43,34.79,35.40,35.97,23.76,0.21,23.03,24.18,23.69,23.78,23.88,14.36,0.49,13.44,15.29,13.92,14.42,14.76
2026-09-21 00:00:00+00:00,Cadaval,1104,35.46,0.80,33.53,36.62,34.86,35.58,36.16,23.71,0.16,23.30,24.09,23.59,23.68,23.83,14.17,0.72,12.94,15.50,13.52,14.15,14.82
2026-09-22 00:00:00+00:00,Cadaval,1104,35.78,0.81,33.71,36.93,35.20,35.93,36.48,23.41,0.23,22.62,23.85,23.32,23.43,23.56,13.45,0.50,12.53,14.36,13.00,13.51,13.87
2026-09-23 00:00:00+00:00,Cadaval,1104,32.03,0.70,29.63,33.16,31.70,32.19,32.47,22.63,0.35,21.47,23.29,22.45,22.68,22.86,15.06,0.25,14.64,15.66,14.85,15.07,15.26
2026-09-24 00:00:00+00:00,Cadaval,1104,31.45,0.94,28.59,32.60,30.85,31.71,32.22,21.42,0.29,20.43,21.95,21.27,21.46,21.61,14.11,0.25,13.71,14.65,13.87,14.14,14.32
2026-09-25 00:00:00+00:00,Cadaval,1104,28.34,0.44,26.74,28.97,28.13,28.45,28.65,19.92,0.20,19.21,20.17,19.82,19.98,20.07,15.02,0.11,14.70,15.24,14.96,15.02,15.09
2026-09-26 00:00:00+00:00,Cadaval,1104,32.62,0.81,30.12,33.63,32.11,32.81,33.26,22.63,0.38,21.42,23.13,22.42,22.72,22.93,15.67,0.12,15.40,16.02,15.59,15.66,15.73
2026-09-27 00:00:00+00:00,Cadaval,1104,28.45,0.26,27.60,28.87,28.36,28.51,28.61,22.38,0.31,21.45,22.77,22.21,22.45,22.62,18.37,0.27,17.64,18.82,18.20,18.40,18.57
2026-09-28 00:00:00+00:00,Cadaval,1104,28.26,0.16,27.67,28.48,28.19,28.31,28.37,20.94,0.15,20.72,21.29,20.81,20.93,21.06,15.27,0.10,15.12,15.53,15.18,15.26,15.36
2026-09-29 00:00:00+00:00,Cadaval,1104,27.39,0.27,26.72,27.67,27.20,27.49,27.62,22.83,0.14,22.49,23.00,22.73,22.86,22.95,19.95,0.16,19.73,20.31,19.80,19.91,20.08
2026-09-10 00:00:00+00:00,Cascais,1105,23.97,3.06,20.25,28.37,20.89,23.11,27.39,19.77,0.80,18.21,20.93,19.10,19.60,20.67,17.46,0.32,17.03,18.10,17.19,17.34,17.72
2026-09-11 00:00:00+00:00,Cascais,1105,27.13,3.40,22.58,32.26,23.87,26.11,30.88,21.22,1.29,19.13,23.11,20.02,20.85,22.65,17.36,0.42,16.74,18.20,16.99,17.22,17.70
2026-09-12 00:00:00+00:00,Cascais,1105,30.39,1.96,27.90,33.30,28.56,29.88,32.57,22.77,1.74,20.11,25.37,21.38,22.39,24.62,16.80,1.26,14.51,18.63,15.66,17.01,17.92
2026-09-13 00:00:00+00:00,Cascais,1105,30.58,2.17,27.71,33.87,28.62,30.02,32.98,25.10,1.29,22.91,27.05,23.95,25.17,26.31,18.79,1.40,16.11,21.12,17.64,19.13,19.92
2026-09-14 00:00:00+00:00,Cascais,1105,28.42,2.79,24.01,32.46,26.17,28.02,31.37,23.47,1.70,20.71,26.05,22.01,23.34,25.16,18.52,1.44,16.50,21.07,17.32,18.10,19.93
2026-09-15 00:00:00+00:00,Cascais,1105,23.43,1.72,20.86,25.98,21.74,23.01,25.39,20.45,0.69,19.09,21.41,19.90,20.29,21.21,17.67,0.13,17.28,17.88,17.62,17.66,17.76
2026-09-16 00:00:00+00:00,Cascais,1105,21.39,1.83,18.43,24.08,19.64,20.92,23.46,18.83,0.64,17.42,19.77,18.38,18.71,19.53,17.14,0.25,16.22,17.50,17.09,17.17,17.27
2026-09-17 00:00:00+00:00,Cascais,1105,22.59,3.13,17.96,27.11,19.55,21.69,26.07,18.40,1.06,16.37,19.95,17.50,18.15,19.59,15.64,0.30,14.91,16.20,15.41,15.60,15.86
2026-09-18 00:00:00+00:00,Cascais,1105,23.15,1.81,20.39,25.80,21.37,22.74,25.22,18.61,1.04,16.66,20.07,17.70,18.37,19.78,15.74,0.33,15.02,16.40,15.49,15.66,15.99
2026-09-19 00:00:00+00:00,Cascais,1105,29.07,1.03,27.39,30.61,28.12,28.79,30.22,21.42,1.42,19.30,23.58,20.28,21.09,22.95,15.13,0.97,13.60,16.74,14.28,15.06,16.04
2026-09-20 00:00:00+00:00,Cascais,1105,30.47,1.53,28.06,32.71,29.03,30.04,32.17,24.71,0.95,23.10,26.08,23.88,24.72,25.67,19.00,1.11,17.21,20.81,18.01,18.96,20.05
2026-09-21 00:00:00+00:00,Cascais,1105,29.70,2.39,26.01,33.01,27.79,29.22,32.27,24.43,1.00,22.90,25.96,23.62,24.24,25.48,19.45,0.24,19.10,19.95,19.25,19.43,19.60
2026-09-22 00:00:00+00:00,Cascais,1105,29.42,1.18,27.80,31.14,28.35,29.17,30.73,23.40,1.54,21.01,25.83,22.09,23.19,24.92,18.09,1.66,15.71,21.04,16.67,17.69,19.69
2026-09-23 00:00:00+00:00,Cascais,1105,29.92,1.59,26.50,32.16,28.82,29.52,31.64,21.86,2.15,19.30,25.25,19.77,21.22,24.21,17.51,1.40,15.09,20.00,16.47,17.00,18.93
2026-09-24 00:00:00+00:00,Cascais,1105,26.48,4.26,20.31,32.76,22.80,25.46,31.11,21.01,2.64,17.41,25.13,18.69,20.30,23.87,16.68,1.27,15.19,19.00,15.50,16.19,17.97
2026-09-25 00:00:00+00:00,Cascais,1105,26.50,3.12,19.71,30.97,24.48,25.61,29.79,19.59,1.00,17.34,20.96,18.94,19.34,20.67,15.42,0.13,15.12,15.67,15.32,15.46,15.50
2026-09-26 00:00:00+00:00,Cascais,1105,26.60,3.20,22.31,31.44,23.72,25.75,30.10,20.99,1.45,19.06,23.12,19.57,20.57,22.61,17.19,0.21,16.45,17.47,17.14,17.24,17.32
2026-09-27 00:00:00+00:00,Cascais,1105,26.65,1.45,24.03,28.80,25.40,26.28,28.29,21.84,1.11,20.41,23.44,20.74,21.51,23.09,18.43,0.67,17.25,19.49,17.90,18.22,19.16
2026-09-28 00:00:00+00:00,Cascais,1105,25.25,1.46,23.01,27.25,24.05,24.97,26.83,20.98,0.56,20.00,21.71,20.49,21.02,21.54,17.63,0.56,16.60,18.45,17.14,17.74,18.09
2026-09-29 00:00:00+00:00,Cascais,1105,22.30,0.34,21.80,22.95,21.98,22.28,22.63,20.67,0.18,20.30,20.94,20.52,20.70,20.82,19.78,0.11,19.54,20.05,19.71,19.78,19.84
2026-09-10 00:00:00+00:00,Lisboa,1106,30.65,0.76,29.82,32.38,30.09,30.28,31.09,22.49,0.38,21.90,23.00,22.12,22.53,22.88,17.56,0.32,16.81,18.29,17.33,17.52,17.67
2026-09-11 00:00:00+00:00,Lisboa,1106,33.47,0.36,32.61,34.39,33.17,33.44,33.74,24.54,0.28,23.69,25.09,24.30,24.48,24.77,17.55,0.57,16.28,18.68,17.28,17.60,17.91
2026-09-12 00:00:00+00:00,Lisboa,1106,34.78,0.73,33.51,36.18,34.27,34.59,35.45,26.12,0.49,24.96,26.79,25.72,26.31,26.43,18.36,0.74,17.12,19.78,17.91,18.38,18.80
2026-09-13 00:00:00+00:00,Lisboa,1106,34.78,1.10,33.31,36.48,33.74,34.63,35.86,26.83,0.69,25.51,28.08,26.19,27.10,27.26,19.48,0.93,17.62,20.88,18.79,19.76,20.12
2026-09-14 00:00:00+00:00,Lisboa,1106,32.85,1.24,30.91,34.88,31.72,32.75,34.04,26.11,0.99,24.22,27.39,25.12,26.40,26.90,19.42,0.77,17.82,20.58,18.82,19.73,19.88
2026-09-15 00:00:00+00:00,Lisboa,1106,28.39,0.77,27.01,29.59,27.65,28.43,28.98,22.79,0.31,22.21,23.49,22.55,22.72,22.95,18.27,0.61,17.23,19.68,18.02,18.12,18.51
2026-09-16 00:00:00+00:00,Lisboa,1106,25.98,0.56,25.11,26.99,25.43,26.02,26.44,20.96,0.24,20.60,21.30,20.72,20.99,21.20,18.01,0.26,17.50,18.50,17.87,18.01,18.16
2026-09-17 00:00:00+00:00,Lisboa,1106,28.73,0.30,28.21,29.39,28.54,28.65,28.92,21.73,0.37,21.10,22.30,21.38,21.77,22.09,17.67,0.42,16.43,18.59,17.39,17.63,17.85
2026-09-18 00:00:00+00:00,Lisboa,1106,29.24,0.46,28.12,30.19,28.92,29.18,29.47,22.31,0.29,21.55,22.70,22.02,22.38,22.57,17.02,0.57,15.96,18.19,16.55,17.10,17.31
2026-09-19 00:00:00+00:00,Lisboa,1106,32.01,0.94,30.49,33.39,31.16,31.99,32.88,24.14,0.34,23.30,24.69,23.99,24.13,24.42,16.48,0.83,15.02,18.18,15.90,16.51,16.92
2026-09-20 00:00:00+00:00,Lisboa,1106,33.83,0.42,33.21,34.69,33.45,33.75,34.15,26.17,0.34,25.60,26.60,25.78,26.33,26.43,19.67,0.64,18.41,20.99,19.17,19.71,19.96
2026-09-21 00:00:00+00:00,Lisboa,1106,34.47,0.53,33.51,35.58,34.20,34.30,34.79,25.70,0.41,25.00,26.20,25.26,25.80,26.07,18.96,0.65,17.81,20.48,18.57,18.77,19.34
2026-09-22 00:00:00+00:00,Lisboa,1106,32.73,1.71,30.12,35.09,31.18,32.63,34.43,25.45,0.99,23.61,27.08,24.52,25.63,26.20,18.89,0.93,17.12,20.77,18.43,18.91,19.36
2026-09-23 00:00:00+00:00,Lisboa,1106,34.72,1.44,32.50,36.99,33.42,34.54,36.09,25.93,1.25,23.62,28.08,24.75,26.21,26.80,19.18,0.98,17.42,20.87,18.36,19.28,19.88
2026-09-24 00:00:00+00:00,Lisboa,1106,34.44,0.31,33.59,35.19,34.26,34.38,34.56,25.48,0.70,24.06,26.69,24.84,25.74,25.91,18.16,0.87,16.42,19.28,17.47,18.55,18.72
2026-09-25 00:00:00+00:00,Lisboa,1106,31.94,0.87,31.02,33.88,31.26,31.62,32.49,22.48,0.47,21.61,23.10,22.04,22.53,22.96,16.28,0.87,14.62,17.88,15.80,16.37,16.80
2026-09-26 00:00:00+00:00,Lisboa,1106,31.74,0.57,31.12,33.67,31.46,31.55,31.66,24.68,0.40,23.72,25.88,24.44,24.61,24.83,18.78,0.48,17.50,20.18,18.46,18.69,18.90
2026-09-27 00:00:00+00:00,Lisboa,1106,30.77,0.51,30.20,31.79,30.27,30.74,31.15,24.76,0.23,24.40,25.10,24.54,24.76,24.98,20.43,0.49,19.31,21.09,20.07,20.67,20.70
2026-09-28 00:00:00+00:00,Lisboa,1106,28.52,0.34,27.91,29.29,28.35,28.45,28.68,22.22,0.16,21.86,22.50,22.11,22.20,22.36,17.82,0.47,17.11,18.89,17.46,17.78,18.04
2026-09-29 00:00:00+00:00,Lisboa,1106,26.82,0.45,25.50,28.18,26.51,26.85,27.10,22.57,0.13,22.13,22.89,22.45,22.59,22.68,20.43,0.19,20.00,20.70,20.35,20.43,20.58
2026-09-10 00:00:00+00:00,Loures,1107,29.81,0.44,28.69,30.34,29.52,29.98,30.19,21.91,0.16,21.53,22.18,21.79,21.96,22.03,17.39,0.16,17.06,17.60,17.25,17.44,17.52
2026-09-11 00:00:00+00:00,Loures,1107,33.31,0.30,32.37,33.85,33.08,33.39,33.56,24.19,0.22,23.60,24.62,24.01,24.26,24.34,17.55,0.14,17.22,17.80,17.46,17.56,17.66
2026-09-12 00:00:00+00:00,Loures,1107,35.35,0.21,34.79,35.81,35.22,35.36,35.48,26.16,0.25,25.46,26.53,25.98,26.18,26.37,17.91,0.24,17.33,18.51,17.70,18.00,18.11
2026-09-13 00:00:00+00:00,Loures,1107,35.60,0.26,35.15,36.40,35.46,35.53,35.65,26.98,0.20,26.46,27.45,26.82,27.02,27.10,19.05,0.41,18.13,19.89,18.77,19.13,19.31
2026-09-14 00:00:00+00:00,Loures,1107,34.08,0.36,33.52,35.20,33.91,33.99,34.12,26.35,0.37,25.57,26.92,25.98,26.44,26.68,19.00,0.49,17.84,19.66,18.64,19.25,19.39
2026-09-15 00:00:00+00:00,Loures,1107,26.93,0.63,25.13,27.78,26.60,27.17,27.35,22.10,0.34,21.19,22.54,21.90,22.25,22.34,17.93,0.12,17.67,18.08,17.85,17.98,18.03
2026-09-16 00:00:00+00:00,Loures,1107,24.87,0.48,23.50,25.33,24.59,25.10,25.23,20.44,0.26,19.74,20.71,20.28,20.56,20.64,17.69,0.25,17.06,18.00,17.52,17.78,17.88
2026-09-17 00:00:00+00:00,Loures,1107,27.80,0.57,26.24,28.51,27.45,28.04,28.26,20.95,0.29,20.24,21.28,20.74,21.09,21.18,17.09,0.35,16.30,17.57,16.78,17.20,17.40
2026-09-18 00:00:00+00:00,Loures,1107,28.25,0.33,27.49,28.86,28.02,28.36,28.50,21.68,0.27,21.04,22.12,21.43,21.80,21.89,16.34,0.30,15.63,16.82,16.15,16.48,16.55
2026-09-19 00:00:00+00:00,Loures,1107,32.68,0.23,32.21,33.29,32.53,32.68,32.80,23.92,0.20,23.34,24.29,23.78,23.99,24.05,15.77,0.33,14.93,16.38,15.52,15.89,16.02
2026-09-20 00:00:00+00:00,Loures,1107,33.76,0.09,33.57,33.99,33.68,33.76,33.82,25.65,0.22,25.14,26.10,25.50,25.70,25.80,18.55,0.44,17.47,19.28,18.29,18.66,18.85
2026-09-21 00:00:00+00:00,Loures,1107,34.26,0.07,33.97,34.45,34.22,34.27,34.30,25.22,0.14,24.93,25.53,25.10,25.23,25.31,17.96,0.31,17.16,18.45,17.81,18.06,18.18
2026-09-22 00:00:00+00:00,Loures,1107,34.23,0.34,33.48,35.07,33.99,34.21,34.48,25.91,0.24,25.22,26.44,25.74,25.94,26.10,18.16,0.62,16.64,18.96,17.71,18.46,18.66
2026-09-23 00:00:00+00:00,Loures,1107,35.32,0.48,34.06,36.48,35.01,35.28,35.74,26.58,0.37,25.35,27.28,26.38,26.63,26.87,18.70,0.31,17.91,19.49,18.52,18.70,18.90
2026-09-24 00:00:00+00:00,Loures,1107,33.70,0.53,32.53,34.33,33.24,33.85,34.19,25.45,0.48,24.25,26.18,25.03,25.57,25.89,17.94,0.26,17.19,18.53,17.81,17.99,18.08
2026-09-25 00:00:00+00:00,Loures,1107,30.90,0.74,29.01,31.70,30.40,31.18,31.52,21.60,0.32,20.80,22.12,21.40,21.71,21.81,16.20,0.17,15.84,16.54,16.03,16.25,16.32
2026-09-26 00:00:00+00:00,Loures,1107,32.24,0.41,31.59,33.35,32.00,32.16,32.40,24.60,0.21,23.89,25.13,24.51,24.63,24.70,18.77,0.35,18.05,19.47,18.45,18.82,19.06
2026-09-27 00:00:00+00:00,Loures,1107,29.73,0.54,28.45,30.36,29.34,29.91,30.21,24.09,0.39,23.34,24.61,23.73,24.20,24.45,20.11,0.34,19.38,20.68,19.81,20.14,20.41
2026-09-28 00:00:00+00:00,Loures,1107,28.26,0.10,28.01,28.80,28.20,28.26,28.32,22.18,0.06,21.95,22.31,22.15,22.20,22.21,17.32,0.22,16.78,17.66,17.18,17.39,17.46
2026-09-29 00:00:00+00:00,Loures,1107,27.14,0.41,26.41,28.19,26.86,27.06,27.39,22.56,0.13,22.30,22.90,22.49,22.54,22.64,20.40,0.13,20.01,20.60,20.37,20.44,20.50
2026-09-10 00:00:00+00:00,Lourinhã,1108,24.75,1.27,22.01,26.83,23.79,24.78,25.83,19.17,0.56,17.97,20.11,18.76,19.20,19.64,15.71,0.20,15.27,16.18,15.58,15.71,15.85
2026-09-11 00:00:00+00:00,Lourinhã,1108,26.10,1.69,22.44,28.96,24.84,26.18,27.53,20.15,0.76,18.51,21.43,19.60,20.19,20.79,15.40,0.12,15.13,15.72,15.33,15.39,15.46
2026-09-12 00:00:00+00:00,Lourinhã,1108,29.10,2.11,24.65,32.62,27.50,29.15,30.90,21.37,0.97,19.26,22.97,20.66,21.41,22.19,14.83,0.21,14.30,15.26,14.71,14.86,14.98
2026-09-13 00:00:00+00:00,Lourinhã,1108,32.05,1.45,29.05,34.64,30.95,32.10,33.27,22.29,0.92,20.26,23.80,21.62,22.37,23.07,14.09,0.51,12.86,15.03,13.76,14.17,14.50
2026-09-14 00:00:00+00:00,Lourinhã,1108,29.59,1.76,25.94,32.67,28.27,29.67,31.08,21.20,0.98,19.07,22.73,20.50,21.29,22.05,13.56,0.58,12.19,14.60,13.17,13.64,14.05
2026-09-15 00:00:00+00:00,Lourinhã,1108,23.68,0.48,22.62,24.49,23.34,23.71,24.10,19.85,0.36,19.05,20.44,19.59,19.87,20.17,17.16,0.14,16.88,17.45,17.06,17.17,17.28
2026-09-16 00:00:00+00:00,Lourinhã,1108,21.89,0.76,20.33,23.27,21.33,21.90,22.53,18.36,0.47,17.38,19.18,18.02,18.37,18.75,15.75,0.26,15.19,16.24,15.57,15.77,15.96
2026-09-17 00:00:00+00:00,Lourinhã,1108,22.93,1.17,20.44,24.86,22.06,22.96,23.93,17.55,0.55,16.36,18.47,17.16,17.58,18.02,12.51,0.33,11.71,13.20,12.31,12.58,12.75
2026-09-18 00:00:00+00:00,Lourinhã,1108,22.75,1.38,19.79,25.02,21.71,22.78,23.92,17.71,0.71,16.17,18.90,17.19,17.74,18.31,13.57,0.24,13.02,14.16,13.42,13.57,13.72
2026-09-19 00:00:00+00:00,Lourinhã,1108,28.03,1.76,24.33,30.99,26.69,28.07,29.52,18.88,1.08,16.54,20.67,18.09,18.93,19.80,11.13,0.45,10.08,11.92,10.83,11.18,11.49
2026-09-20 00:00:00+00:00,Lourinhã,1108,32.20,0.90,30.39,33.89,31.51,32.22,32.96,21.54,0.85,19.69,22.87,20.93,21.61,22.27,13.10,0.69,11.48,14.34,12.62,13.18,13.68
2026-09-21 00:00:00+00:00,Lourinhã,1108,31.62,1.15,29.26,33.71,30.75,31.66,32.60,22.15,0.63,20.75,23.20,21.69,22.19,22.67,13.71,0.50,12.50,14.80,13.41,13.82,14.07
2026-09-22 00:00:00+00:00,Lourinhã,1108,31.13,1.42,28.17,33.53,30.03,31.16,32.36,20.93,0.95,18.86,22.44,20.25,21.01,21.74,12.40,0.62,10.94,13.53,11.99,12.48,12.90
2026-09-23 00:00:00+00:00,Lourinhã,1108,24.97,2.47,19.62,29.19,23.12,25.09,27.06,19.18,1.20,16.55,21.22,18.31,19.25,20.20,14.13,0.39,13.21,14.81,13.87,14.17,14.44
2026-09-24 00:00:00+00:00,Lourinhã,1108,24.23,2.35,19.16,28.10,22.47,24.31,26.23,18.50,1.02,16.23,20.22,17.77,18.56,19.36,13.68,0.23,13.11,14.10,13.55,13.71,13.85
2026-09-25 00:00:00+00:00,Lourinhã,1108,24.02,1.45,20.88,26.46,22.94,24.08,25.25,18.11,0.60,16.81,19.09,17.68,18.14,18.64,14.19,0.27,13.60,14.65,14.01,14.21,14.41
2026-09-26 00:00:00+00:00,Lourinhã,1108,26.08,2.18,21.43,29.71,24.43,26.16,27.93,19.49,1.02,17.29,21.20,18.74,19.54,20.35,14.51,0.42,13.55,15.32,14.23,14.56,14.84
2026-09-27 00:00:00+00:00,Lourinhã,1108,26.03,0.82,24.25,27.45,25.43,26.06,26.72,20.05,0.76,18.41,21.29,19.49,20.07,20.69,16.61,0.53,15.47,17.52,16.23,16.63,17.05
2026-09-28 00:00:00+00:00,Lourinhã,1108,26.48,0.63,25.11,27.56,26.01,26.50,27.01,20.03,0.37,19.19,20.75,19.77,20.07,20.34,14.61,0.29,13.93,15.07,14.41,14.64,14.85
2026-09-29 00:00:00+00:00,Lourinhã,1108,26.44,0.26,25.97,27.10,26.24,26.42,26.64,22.19,0.20,21.79,22.62,22.04,22.19,22.35,19.70,0.13,19.42,20.09,19.61,19.69,19.77
2026-09-10 00:00:00+00:00,Mafra,1109,27.05,1.79,21.96,29.68,25.93,27.56,28.54,20.48,0.86,17.96,21.89,20.03,20.69,21.09,16.63,0.46,15.30,17.39,16.43,16.71,16.98
2026-09-11 00:00:00+00:00,Mafra,1109,29.63,2.48,22.38,33.02,28.28,30.29,31.59,22.02,1.24,18.51,24.08,21.39,22.29,22.91,16.47,0.54,15.17,17.44,16.07,16.51,16.91
2026-09-12 00:00:00+00:00,Mafra,1109,32.47,2.61,24.55,35.77,31.26,33.16,34.53,23.67,1.49,19.25,25.92,23.02,24.02,24.74,16.29,0.85,14.35,17.88,15.59,16.38,17.03
2026-09-13 00:00:00+00:00,Mafra,1109,33.64,1.70,28.94,36.09,32.56,33.91,35.01,24.82,1.48,20.27,26.95,24.23,25.19,25.92,16.86,1.47,12.93,19.38,15.85,17.07,18.02
2026-09-14 00:00:00+00:00,Mafra,1109,31.73,2.03,25.82,34.72,30.60,32.18,33.31,23.71,1.56,19.07,26.21,23.04,24.02,24.87,16.38,1.54,12.26,19.17,15.39,16.62,17.66
2026-09-15 00:00:00+00:00,Mafra,1109,25.01,0.91,22.62,27.18,24.48,25.16,25.61,20.85,0.64,19.05,22.19,20.54,20.95,21.30,17.43,0.24,16.88,17.97,17.26,17.42,17.60
2026-09-16 00:00:00+00:00,Mafra,1109,23.01,0.98,20.29,24.93,22.39,23.26,23.69,19.26,0.65,17.37,20.47,18.95,19.43,19.73,16.70,0.52,15.21,17.71,16.47,16.75,17.08
2026-09-17 00:00:00+00:00,Mafra,1109,25.04,1.64,20.38,27.76,23.99,25.48,26.35,19.03,0.97,16.37,20.92,18.54,19.14,19.76,14.67,1.17,11.77,16.98,13.81,14.75,15.63
2026-09-18 00:00:00+00:00,Mafra,1109,25.41,1.91,19.75,28.18,24.44,25.93,26.90,19.49,1.18,16.17,21.58,18.89,19.68,20.37,15.06,0.72,13.08,16.44,14.70,15.11,15.60
2026-09-19 00:00:00+00:00,Mafra,1109,30.64,2.13,24.23,33.84,29.59,31.12,32.22,21.53,1.63,16.54,23.85,20.85,21.99,22.72,13.45,1.33,10.13,15.91,12.48,13.64,14.57
2026-09-20 00:00:00+00:00,Mafra,1109,32.81,1.01,30.31,34.88,32.03,32.93,33.62,23.86,1.33,19.71,25.82,23.33,24.17,24.85,16.29,1.66,11.56,19.02,15.34,16.63,17.56
2026-09-21 00:00:00+00:00,Mafra,1109,32.84,1.30,29.18,34.91,32.01,33.07,33.90,23.96,1.01,20.77,25.38,23.58,24.25,24.70,16.58,1.30,12.58,18.38,16.04,16.91,17.53
2026-09-22 00:00:00+00:00,Mafra,1109,32.66,1.73,28.06,36.01,31.51,32.84,34.03,23.42,1.53,18.86,25.76,22.76,23.72,24.57,15.49,1.65,11.01,18.42,14.43,15.76,16.74
2026-09-23 00:00:00+00:00,Mafra,1109,30.49,3.52,19.56,34.69,28.93,31.62,33.13,22.55,2.15,16.55,26.15,21.49,22.82,24.17,16.18,1.34,13.26,18.85,15.16,16.20,17.29
2026-09-24 00:00:00+00:00,Mafra,1109,29.09,3.27,19.10,33.47,27.57,30.08,31.54,21.64,1.96,16.25,25.22,20.65,21.79,23.14,15.48,1.18,13.17,17.94,14.51,15.54,16.50
2026-09-25 00:00:00+00:00,Mafra,1109,27.33,2.20,20.85,30.92,26.19,27.99,28.91,19.74,1.03,16.81,21.69,19.23,19.88,20.51,15.12,0.56,13.61,16.15,14.80,15.17,15.55
2026-09-26 00:00:00+00:00,Mafra,1109,29.69,2.82,21.32,33.79,28.22,30.38,31.85,21.93,1.60,17.28,24.41,21.15,22.29,23.07,16.50,1.12,13.59,18.68,15.78,16.61,17.38
2026-09-27 00:00:00+00:00,Mafra,1109,27.80,1.21,24.22,29.66,27.18,28.19,28.73,21.93,1.20,18.39,23.98,21.38,22.18,22.83,18.14,0.96,15.46,19.91,17.66,18.25,18.88
2026-09-28 00:00:00+00:00,Mafra,1109,27.42,0.85,25.07,29.02,26.86,27.59,28.09,21.22,0.66,19.20,22.13,20.95,21.42,21.69,16.06,0.85,13.98,17.53,15.40,16.16,16.75
2026-09-29 00:00:00+00:00,Mafra,1109,26.01,0.49,24.80,26.87,25.68,25.99,26.41,22.19,0.26,21.74,22.75,21.95,22.17,22.41,20.26,0.28,19.44,20.98,20.13,20.29,20.40
2026-09-10 00:00:00+00:00,Oeiras,1110,28.85,0.81,28.30,31.17,28.33,28.44,28.92,21.08,0.51,20.70,22.50,20.73,20.84,21.13,17.18,0.07,16.90,17.31,17.17,17.20,17.20
2026-09-11 00:00:00+00:00,Oeiras,1110,32.40,0.27,31.69,33.12,32.28,32.30,32.44,23.30,0.33,22.89,24.27,23.10,23.13,23.36,16.94,0.11,16.55,17.11,16.91,16.99,17.00
2026-09-12 00:00:00+00:00,Oeiras,1110,33.47,0.32,32.87,34.39,33.30,33.32,33.51,25.37,0.12,24.79,25.63,25.34,25.39,25.40,18.39,0.34,17.45,18.70,18.20,18.57,18.66
2026-09-13 00:00:00+00:00,Oeiras,1110,33.85,0.13,33.30,34.16,33.83,33.89,33.90,26.84,0.31,25.94,27.10,26.70,27.00,27.07,20.19,0.61,18.52,20.70,19.91,20.51,20.65
2026-09-14 00:00:00+00:00,Oeiras,1110,32.34,0.22,31.68,32.51,32.30,32.45,32.49,25.84,0.32,24.88,26.10,25.70,26.00,26.07,20.58,0.74,18.69,21.20,20.25,20.94,21.13
2026-09-15 00:00:00+00:00,Oeiras,1110,26.25,0.89,25.60,28.69,25.65,25.84,26.33,21.56,0.36,21.30,22.57,21.32,21.38,21.61,17.82,0.11,17.43,17.90,17.78,17.86,17.89
2026-09-16 00:00:00+00:00,Oeiras,1110,24.31,0.70,23.80,26.22,23.84,23.98,24.37,19.82,0.42,19.50,20.93,19.53,19.64,19.89,17.22,0.28,17.00,17.97,17.02,17.10,17.29
2026-09-17 00:00:00+00:00,Oeiras,1110,27.45,0.51,27.08,28.83,27.11,27.19,27.50,20.13,0.59,19.70,21.76,19.73,19.86,20.19,15.61,0.58,15.20,17.29,15.24,15.32,15.67
2026-09-18 00:00:00+00:00,Oeiras,1110,26.13,1.12,25.30,29.22,25.37,25.61,26.25,20.35,0.63,19.90,22.13,19.94,20.03,20.42,15.65,0.39,15.26,16.84,15.41,15.43,15.69
2026-09-19 00:00:00+00:00,Oeiras,1110,30.67,0.15,30.30,31.18,30.60,30.61,30.71,23.58,0.11,23.10,23.82,23.57,23.60,23.60,16.50,0.34,15.54,16.80,16.32,16.68,16.77
2026-09-20 00:00:00+00:00,Oeiras,1110,32.93,0.38,32.55,34.08,32.70,32.74,32.97,26.11,0.09,25.79,26.38,26.08,26.10,26.11,20.58,0.34,19.77,20.90,20.40,20.74,20.86
2026-09-21 00:00:00+00:00,Oeiras,1110,33.33,0.50,32.93,34.78,33.01,33.06,33.37,25.94,0.07,25.62,26.00,25.92,25.95,25.99,19.69,0.35,18.83,20.00,19.51,19.85,19.96
2026-09-22 00:00:00+00:00,Oeiras,1110,31.12,0.13,30.81,31.59,31.10,31.10,31.15,25.56,0.42,24.34,25.90,25.37,25.77,25.86,20.44,0.90,18.17,21.20,20.05,20.86,21.12
2026-09-23 00:00:00+00:00,Oeiras,1110,32.33,0.35,31.87,33.36,32.11,32.14,32.41,25.11,0.26,24.28,25.32,25.06,25.24,25.29,19.63,0.54,18.11,20.10,19.34,19.91,20.05
2026-09-24 00:00:00+00:00,Oeiras,1110,33.02,0.49,32.01,34.46,32.78,32.81,33.07,25.01,0.23,24.16,25.20,24.92,25.12,25.17,18.62,0.57,17.04,19.10,18.32,18.91,19.05
2026-09-25 00:00:00+00:00,Oeiras,1110,31.27,0.49,30.72,32.72,31.00,31.02,31.30,21.21,0.46,20.90,22.54,20.92,20.98,21.26,15.29,0.10,14.97,15.57,15.27,15.30,15.32
2026-09-26 00:00:00+00:00,Oeiras,1110,31.44,0.14,30.75,31.69,31.44,31.48,31.50,23.33,0.37,22.86,24.40,23.10,23.14,23.40,17.56,0.28,17.11,18.39,17.40,17.42,17.59
2026-09-27 00:00:00+00:00,Oeiras,1110,29.02,0.72,28.50,31.00,28.54,28.68,29.07,23.66,0.38,23.40,24.75,23.42,23.46,23.69,19.52,0.11,19.17,19.83,19.49,19.50,19.54
2026-09-28 00:00:00+00:00,Oeiras,1110,27.44,0.34,27.20,28.37,27.22,27.27,27.48,21.76,0.10,21.62,22.05,21.70,21.71,21.79,18.26,0.29,17.52,18.50,18.13,18.40,18.47
2026-09-29 00:00:00+00:00,Oeiras,1110,22.84,1.18,21.90,25.95,22.00,22.31,23.07,20.85,0.56,20.40,22.35,20.45,20.59,20.95,19.70,0.25,19.50,20.35,19.52,19.59,19.77
2026-09-10 00:00:00+00:00,Sintra,1111,26.05,2.98,20.00,30.34,23.90,26.51,28.65,20.38,1.13,18.00,22.23,19.62,20.55,21.31,17.18,0.15,16.84,17.53,17.06,17.20,17.27
2026-09-11 00:00:00+00:00,Sintra,1111,29.04,3.36,22.20,33.89,26.66,29.59,32.07,22.07,1.56,18.90,24.70,20.98,22.25,23.35,17.08,0.21,16.70,17.77,16.93,17.06,17.18
2026-09-12 00:00:00+00:00,Sintra,1111,32.10,1.94,28.50,35.60,30.60,32.28,33.69,24.31,1.15,22.39,26.47,23.33,24.34,25.37,17.82,0.33,16.92,18.61,17.61,17.82,18.03
2026-09-13 00:00:00+00:00,Sintra,1111,32.45,1.91,28.88,35.83,30.94,32.65,34.06,26.24,0.56,25.13,27.59,25.75,26.08,26.77,19.91,0.68,18.26,21.89,19.53,19.82,20.15
2026-09-14 00:00:00+00:00,Sintra,1111,31.04,1.67,28.06,34.21,29.63,31.09,32.54,24.96,0.90,23.42,26.92,24.07,24.89,25.82,18.93,0.78,17.37,21.01,18.25,18.77,19.50
2026-09-15 00:00:00+00:00,Sintra,1111,24.72,2.00,20.60,27.94,23.34,25.01,26.37,20.93,0.98,18.90,22.60,20.27,21.06,21.72,17.64,0.23,17.20,18.07,17.45,17.65,17.85
2026-09-16 00:00:00+00:00,Sintra,1111,22.48,2.06,18.10,25.34,21.10,22.84,24.21,19.23,0.94,17.20,20.72,18.62,19.39,20.00,17.07,0.46,16.00,17.87,16.79,17.13,17.43
2026-09-17 00:00:00+00:00,Sintra,1111,24.19,3.16,17.51,28.30,22.02,24.79,27.04,19.09,1.42,16.10,21.30,18.15,19.32,20.27,15.83,0.65,14.70,17.53,15.36,15.70,16.28
2026-09-18 00:00:00+00:00,Sintra,1111,24.86,2.36,20.10,28.99,23.19,25.14,26.81,19.48,1.51,16.40,22.17,18.46,19.68,20.73,15.70,0.47,14.80,16.91,15.36,15.65,16.03
2026-09-19 00:00:00+00:00,Sintra,1111,30.00,1.41,27.20,32.55,28.99,30.15,31.10,22.57,0.98,20.98,24.37,21.68,22.61,23.50,15.65,0.49,14.40,16.72,15.31,15.53,16.06
2026-09-20 00:00:00+00:00,Sintra,1111,31.46,1.73,27.80,34.01,30.27,31.78,32.92,25.43,0.44,24.40,26.25,25.05,25.38,25.85,19.32,0.55,17.65,20.77,19.05,19.31,19.59
2026-09-21 00:00:00+00:00,Sintra,1111,31.94,1.56,29.08,34.51,30.67,32.09,33.29,25.00,0.51,24.20,25.96,24.49,25.00,25.46,19.11,0.52,17.80,20.10,18.67,19.13,19.50
2026-09-22 00:00:00+00:00,Sintra,1111,31.00,1.40,28.49,33.90,29.95,31.11,32.01,24.63,0.88,23.23,26.51,23.76,24.57,25.46,18.46,0.82,16.70,20.95,17.91,18.22,18.91
2026-09-23 00:00:00+00:00,Sintra,1111,31.01,2.47,26.01,35.47,29.33,31.31,32.99,23.36,2.10,19.50,27.27,21.80,23.54,25.24,17.64,1.46,14.80,19.97,16.49,17.79,18.92
2026-09-24 00:00:00+00:00,Sintra,1111,29.76,2.96,24.50,34.29,27.37,30.03,32.55,22.84,1.96,19.45,26.17,21.29,22.98,24.69,17.01,1.10,15.10,18.96,16.05,17.06,18.00
2026-09-25 00:00:00+00:00,Sintra,1111,27.06,3.75,18.71,31.65,24.62,27.92,30.44,20.02,1.41,17.00,22.23,19.10,20.28,21.19,15.69,0.23,15.31,16.57,15.56,15.63,15.77
2026-09-26 00:00:00+00:00,Sintra,1111,28.90,2.49,24.26,32.85,26.93,29.15,31.20,22.14,1.68,18.90,25.26,20.93,22.29,23.49,17.51,0.72,16.30,19.55,16.94,17.47,18.01
2026-09-27 00:00:00+00:00,Sintra,1111,27.48,1.79,23.70,30.16,26.26,27.76,28.93,22.55,1.17,20.30,24.56,21.70,22.67,23.54,18.79,0.88,17.10,20.50,18.14,18.86,19.52
2026-09-28 00:00:00+00:00,Sintra,1111,26.68,1.02,24.79,28.32,25.86,26.79,27.54,21.61,0.31,21.05,22.34,21.31,21.57,21.86,17.87,0.33,16.93,18.60,17.67,17.87,18.07
2026-09-29 00:00:00+00:00,Sintra,1111,23.90,1.27,21.80,26.51,22.87,23.84,24.84,21.43,0.42,20.55,22.32,21.05,21.40,21.74,20.10,0.17,19.57,20.56,20.04,20.09,20.18
2026-09-10 00:00:00+00:00,Sobral de Monte Agraço,1112,28.78,0.16,28.43,29.04,28.69,28.78,28.89,21.13,0.20,20.84,21.58,20.94,21.12,21.26,16.71,0.18,16.44,17.08,16.55,16.71,16.84
2026-09-11 00:00:00+00:00,Sobral de Monte Agraço,1112,32.22,0.35,31.79,33.06,31.95,32.11,32.45,22.96,0.47,22.29,24.04,22.54,22.94,23.27,16.55,0.56,15.73,17.83,16.05,16.54,16.90
2026-09-12 00:00:00+00:00,Sobral de Monte Agraço,1112,35.81,0.23,35.02,36.08,35.71,35.92,35.96,24.85,0.59,24.01,26.23,24.32,24.76,25.21,16.05,0.76,14.90,17.71,15.35,16.04,16.52
2026-09-13 00:00:00+00:00,Sobral de Monte Agraço,1112,36.24,0.26,35.52,36.77,36.10,36.22,36.42,25.77,0.54,25.00,27.03,25.28,25.74,26.11,16.54,0.87,15.22,18.40,15.75,16.53,17.07
2026-09-14 00:00:00+00:00,Sobral de Monte Agraço,1112,34.73,0.43,33.88,35.74,34.42,34.60,35.02,24.58,0.59,23.72,25.93,24.03,24.58,24.97,16.20,0.85,14.91,18.01,15.43,16.19,16.74
2026-09-15 00:00:00+00:00,Sobral de Monte Agraço,1112,25.07,0.19,24.64,25.46,24.95,25.13,25.18,21.00,0.07,20.91,21.19,20.95,20.99,21.01,17.38,0.15,17.14,17.68,17.24,17.38,17.51
2026-09-16 00:00:00+00:00,Sobral de Monte Agraço,1112,23.52,0.15,23.13,23.70,23.44,23.58,23.63,19.57,0.05,19.51,19.71,19.53,19.57,19.60,16.75,0.14,16.53,16.99,16.62,16.75,16.86
2026-09-17 00:00:00+00:00,Sobral de Monte Agraço,1112,26.36,0.20,25.84,26.63,26.27,26.39,26.49,19.45,0.38,18.89,20.26,19.10,19.46,19.69,14.65,1.01,13.15,16.88,13.73,14.65,15.29
2026-09-18 00:00:00+00:00,Sobral de Monte Agraço,1112,27.18,0.10,27.02,27.40,27.10,27.15,27.25,20.25,0.45,19.59,21.25,19.83,20.25,20.54,15.07,0.26,14.67,15.58,14.84,15.07,15.28
2026-09-19 00:00:00+00:00,Sobral de Monte Agraço,1112,33.63,0.26,32.84,34.02,33.51,33.64,33.82,22.72,0.52,21.99,23.94,22.26,22.65,23.05,13.18,1.01,11.65,15.39,12.26,13.18,13.81
2026-09-20 00:00:00+00:00,Sobral de Monte Agraço,1112,34.32,0.42,33.45,34.97,33.99,34.31,34.66,24.43,0.38,23.87,25.26,24.07,24.42,24.67,16.11,0.68,15.07,17.53,15.49,16.12,16.60
2026-09-21 00:00:00+00:00,Sobral de Monte Agraço,1112,34.62,0.24,34.20,35.02,34.43,34.62,34.81,24.52,0.20,24.23,24.98,24.34,24.52,24.66,16.58,0.27,16.16,17.08,16.34,16.58,16.78
2026-09-22 00:00:00+00:00,Sobral de Monte Agraço,1112,35.64,0.35,34.72,36.19,35.41,35.64,35.93,24.45,0.71,23.44,26.11,23.81,24.40,24.89,15.13,0.74,13.99,16.63,14.46,15.15,15.74
2026-09-23 00:00:00+00:00,Sobral de Monte Agraço,1112,34.07,0.56,33.40,35.42,33.63,33.89,34.42,24.12,1.42,22.10,27.42,22.84,24.00,24.97,16.26,1.56,13.97,19.81,14.85,16.25,17.23
2026-09-24 00:00:00+00:00,Sobral de Monte Agraço,1112,31.98,0.26,31.64,32.57,31.76,31.91,32.17,22.55,1.16,20.86,25.16,21.49,22.54,23.29,15.25,1.42,13.15,18.43,13.96,15.25,16.14
2026-09-25 00:00:00+00:00,Sobral de Monte Agraço,1112,28.86,0.09,28.63,29.04,28.81,28.89,28.93,20.14,0.31,19.67,20.77,19.85,20.14,20.34,15.24,0.37,14.69,16.06,14.90,15.24,15.47
2026-09-26 00:00:00+00:00,Sobral de Monte Agraço,1112,33.64,0.31,32.60,34.02,33.60,33.71,33.84,23.33,0.72,22.33,25.01,22.71,23.19,23.74,16.71,0.88,15.41,18.69,15.90,16.70,17.27
2026-09-27 00:00:00+00:00,Sobral de Monte Agraço,1112,28.70,0.23,28.14,29.03,28.59,28.75,28.89,22.62,0.38,22.07,23.46,22.27,22.61,22.86,18.64,0.57,17.82,19.93,18.12,18.62,19.00
2026-09-28 00:00:00+00:00,Sobral de Monte Agraço,1112,28.57,0.34,27.84,29.09,28.33,28.57,28.85,21.75,0.22,21.44,22.27,21.55,21.70,21.88,15.72,0.57,14.85,16.94,15.20,15.71,16.08
2026-09-29 00:00:00+00:00,Sobral de Monte Agraço,1112,26.82,0.12,26.60,27.09,26.73,26.79,26.89,22.65,0.08,22.51,22.77,22.59,22.65,22.71,20.56,0.31,19.84,21.02,20.38,20.56,20.84
2026-09-10 00:00:00+00:00,Torres Vedras,1113,25.55,2.86,21.20,29.10,22.49,26.09,28.34,19.45,1.18,17.60,20.89,18.17,19.73,20.63,15.90,0.49,15.10,16.49,15.37,16.05,16.38
2026-09-11 00:00:00+00:00,Torres Vedras,1113,27.20,3.83,21.30,31.92,23.08,28.00,30.98,20.49,1.57,18.00,22.42,18.78,20.88,22.05,15.50,0.29,15.00,16.02,15.21,15.62,15.72
2026-09-12 00:00:00+00:00,Torres Vedras,1113,30.32,4.60,23.30,36.00,25.39,31.16,34.79,21.74,1.98,18.60,24.17,19.59,22.26,23.72,14.72,0.36,14.10,15.49,14.40,14.81,14.98
2026-09-13 00:00:00+00:00,Torres Vedras,1113,32.64,2.91,28.20,36.23,29.50,33.18,35.50,22.73,1.97,19.60,25.15,20.59,23.24,24.70,14.20,1.06,12.40,15.59,13.09,14.66,15.10
2026-09-14 00:00:00+00:00,Torres Vedras,1113,30.22,3.47,24.90,34.51,26.48,30.91,33.61,21.51,1.95,18.40,23.88,19.39,22.05,23.44,13.71,1.20,11.70,15.18,12.45,14.20,14.76
2026-09-15 00:00:00+00:00,Torres Vedras,1113,23.95,1.06,22.30,25.20,22.81,24.19,24.99,20.02,0.77,18.80,20.92,19.18,20.21,20.78,17.05,0.14,16.80,17.31,16.90,17.10,17.15
2026-09-16 00:00:00+00:00,Torres Vedras,1113,22.05,1.39,19.90,23.70,20.55,22.39,23.43,18.49,0.88,17.10,19.52,17.53,18.72,19.36,15.91,0.56,15.00,16.57,15.30,16.08,16.46
2026-09-17 00:00:00+00:00,Torres Vedras,1113,23.58,2.54,19.70,26.70,20.86,24.09,26.05,17.71,1.07,16.00,18.99,16.55,18.04,18.77,12.57,0.68,11.40,13.67,11.87,12.90,13.09
2026-09-18 00:00:00+00:00,Torres Vedras,1113,23.50,2.99,18.90,27.12,20.29,24.14,26.44,17.98,1.43,15.70,19.71,16.42,18.36,19.40,13.90,0.68,12.80,14.74,13.18,14.10,14.59
2026-09-19 00:00:00+00:00,Torres Vedras,1113,29.15,3.93,23.20,34.10,24.96,29.86,32.94,19.37,2.26,15.80,22.13,16.92,19.92,21.64,11.04,0.77,9.70,12.26,10.26,11.41,11.62
2026-09-20 00:00:00+00:00,Torres Vedras,1113,32.65,1.86,29.90,35.10,30.68,32.93,34.44,21.87,1.75,19.10,23.97,20.01,22.35,23.61,13.42,1.53,10.90,15.25,11.79,13.93,14.90
2026-09-21 00:00:00+00:00,Torres Vedras,1113,32.14,2.34,28.60,35.10,29.63,32.53,34.39,22.55,1.43,20.30,24.29,21.01,22.89,23.97,14.39,1.50,12.00,16.22,12.79,14.77,15.90
2026-09-22 00:00:00+00:00,Torres Vedras,1113,32.12,3.23,27.30,36.30,28.69,32.64,35.25,21.26,1.92,18.20,23.63,19.18,21.80,23.17,12.62,1.33,10.40,14.24,11.22,13.14,13.84
2026-09-23 00:00:00+00:00,Torres Vedras,1113,26.63,5.65,17.90,33.59,20.56,27.80,32.22,19.52,2.36,15.70,22.48,16.95,20.29,21.81,13.81,0.55,12.90,14.97,13.35,13.84,14.19
2026-09-24 00:00:00+00:00,Torres Vedras,1113,25.55,5.14,17.60,31.77,20.02,26.67,30.61,18.73,1.98,15.50,21.16,16.61,19.43,20.62,13.33,0.36,12.80,14.31,13.01,13.28,13.57
2026-09-25 00:00:00+00:00,Torres Vedras,1113,24.98,3.30,19.90,29.00,21.45,25.62,28.23,18.32,1.20,16.40,19.75,17.01,18.67,19.50,14.21,0.48,13.40,14.80,13.70,14.42,14.63
2026-09-26 00:00:00+00:00,Torres Vedras,1113,27.69,5.08,20.00,34.10,22.27,28.54,32.60,19.92,2.10,16.60,22.53,17.64,20.45,22.02,14.61,0.83,13.20,15.71,13.73,14.98,15.30
2026-09-27 00:00:00+00:00,Torres Vedras,1113,26.65,1.94,23.70,29.10,24.58,27.02,28.53,20.32,1.53,17.90,22.17,18.66,20.72,21.85,16.73,1.01,15.10,17.97,15.64,17.08,17.70
2026-09-28 00:00:00+00:00,Torres Vedras,1113,27.07,1.60,24.70,29.20,25.38,27.27,28.61,20.35,0.92,18.90,21.50,19.35,20.56,21.27,14.50,0.46,13.70,15.27,14.04,14.71,14.85
2026-09-29 00:00:00+00:00,Torres Vedras,1113,26.35,0.31,25.88,26.77,26.01,26.42,26.66,22.27,0.39,21.70,22.80,21.86,22.32,22.65,20.18,0.62,19.30,21.10,19.54,20.18,20.79
2026-09-10 00:00:00+00:00,Vila Franca de Xira,1114,29.63,0.64,28.42,30.74,29.11,29.75,30.17,21.85,0.19,21.56,22.30,21.69,21.83,22.01,17.02,0.25,16.24,17.51,16.89,17.06,17.17
2026-09-11 00:00:00+00:00,Vila Franca de Xira,1114,33.39,0.25,32.95,34.06,33.14,33.41,33.57,24.05,0.14,23.65,24.34,23.97,24.04,24.14,17.21,0.40,16.09,17.87,16.96,17.29,17.50
2026-09-12 00:00:00+00:00,Vila Franca de Xira,1114,35.83,0.41,35.02,37.10,35.45,35.90,36.05,26.00,0.13,25.64,26.37,25.91,26.00,26.08,17.43,0.39,16.40,18.27,17.17,17.53,17.68
2026-09-13 00:00:00+00:00,Vila Franca de Xira,1114,36.20,0.49,35.18,37.38,35.72,36.32,36.61,26.74,0.17,26.37,27.07,26.59,26.75,26.86,18.25,0.46,17.18,19.21,17.95,18.31,18.50
2026-09-14 00:00:00+00:00,Vila Franca de Xira,1114,34.84,0.63,33.59,36.09,34.24,34.99,35.37,25.93,0.22,25.47,26.71,25.80,25.90,26.02,18.26,0.49,17.24,19.46,17.90,18.15,18.61
2026-09-15 00:00:00+00:00,Vila Franca de Xira,1114,26.36,0.92,24.64,27.98,25.60,26.49,27.13,21.67,0.40,21.01,22.47,21.35,21.61,22.00,17.48,0.31,16.54,18.06,17.28,17.58,17.68
2026-09-16 00:00:00+00:00,Vila Franca de Xira,1114,24.62,0.78,23.13,25.85,23.97,24.76,25.28,20.26,0.36,19.61,20.94,19.97,20.32,20.55,17.38,0.28,16.99,17.98,17.14,17.32,17.63
2026-09-17 00:00:00+00:00,Vila Franca de Xira,1114,27.43,0.84,25.84,28.79,26.73,27.57,28.14,20.74,0.33,20.23,21.48,20.44,20.68,21.01,16.56,0.45,15.21,17.40,16.30,16.67,16.85
2026-09-18 00:00:00+00:00,Vila Franca de Xira,1114,28.40,0.59,27.41,29.74,27.91,28.47,28.87,21.48,0.23,21.06,22.00,21.28,21.42,21.67,15.77,0.37,14.83,16.52,15.55,15.69,16.05
2026-09-19 00:00:00+00:00,Vila Franca de Xira,1114,33.17,0.39,32.34,34.24,32.78,33.24,33.46,23.77,0.11,23.43,24.05,23.69,23.78,23.84,15.20,0.44,14.14,16.10,14.92,15.26,15.45
2026-09-20 00:00:00+00:00,Vila Franca de Xira,1114,33.95,0.35,33.42,35.09,33.71,33.86,34.15,25.44,0.16,25.11,25.74,25.30,25.41,25.57,17.72,0.48,16.85,18.75,17.38,17.61,18.07
2026-09-21 00:00:00+00:00,Vila Franca de Xira,1114,34.57,0.31,34.21,35.59,34.31,34.46,34.74,25.09,0.10,24.85,25.27,25.00,25.08,25.18,17.27,0.43,16.37,18.19,17.00,17.17,17.59
2026-09-22 00:00:00+00:00,Vila Franca de Xira,1114,34.76,0.58,33.48,36.24,34.22,34.88,35.22,25.58,0.29,24.95,26.16,25.35,25.60,25.80,17.03,0.65,15.98,18.75,16.53,16.84,17.48
2026-09-23 00:00:00+00:00,Vila Franca de Xira,1114,35.43,0.22,35.08,36.20,35.26,35.35,35.55,26.36,0.49,25.40,27.52,25.97,26.38,26.66,18.44,0.72,16.69,19.92,17.92,18.51,18.90
2026-09-24 00:00:00+00:00,Vila Franca de Xira,1114,33.51,0.55,32.56,34.48,33.03,33.61,33.99,24.93,0.36,23.94,25.87,24.74,24.97,25.13,17.48,0.59,15.84,18.53,17.10,17.58,17.91
2026-09-25 00:00:00+00:00,Vila Franca de Xira,1114,30.20,0.86,28.63,31.52,29.50,30.32,30.92,21.27,0.35,20.75,22.00,20.97,21.20,21.58,15.83,0.27,15.01,16.32,15.66,15.91,16.02
2026-09-26 00:00:00+00:00,Vila Franca de Xira,1114,33.17,0.55,31.75,34.16,32.74,33.38,33.61,24.50,0.25,23.79,25.06,24.34,24.52,24.63,17.92,0.65,16.09,18.94,17.49,18.10,18.44
2026-09-27 00:00:00+00:00,Vila Franca de Xira,1114,29.42,0.74,28.13,30.84,28.78,29.51,30.02,23.73,0.30,23.29,24.48,23.48,23.62,23.95,19.60,0.35,18.67,20.52,19.36,19.68,19.85
2026-09-28 00:00:00+00:00,Vila Franca de Xira,1114,28.38,0.29,27.82,29.03,28.15,28.42,28.61,22.16,0.07,21.93,22.29,22.12,22.17,22.20,16.95,0.28,16.33,17.50,16.77,16.95,17.14
2026-09-29 00:00:00+00:00,Vila Franca de Xira,1114,27.26,0.19,27.07,27.90,27.11,27.21,27.35,22.63,0.08,22.50,22.86,22.56,22.62,22.68,20.17,0.16,19.82,20.47,20.06,20.17,20.30
2026-09-10 00:00:00+00:00,Amadora,1115,30.35,0.53,28.97,31.66,30.19,30.30,30.56,22.17,0.32,21.19,22.72,22.04,22.20,22.36,17.44,0.09,17.24,17.58,17.38,17.45,17.52
2026-09-11 00:00:00+00:00,Amadora,1115,33.52,0.42,32.56,34.21,33.20,33.49,33.82,24.44,0.35,23.45,24.97,24.28,24.44,24.65,17.48,0.28,16.92,17.90,17.25,17.52,17.71
2026-09-12 00:00:00+00:00,Amadora,1115,35.00,0.58,33.68,35.95,34.58,35.02,35.45,26.10,0.36,25.47,26.66,25.79,26.15,26.39,18.00,0.16,17.52,18.41,17.96,18.01,18.06
2026-09-13 00:00:00+00:00,Amadora,1115,35.07,0.72,33.68,36.20,34.51,35.11,35.68,27.18,0.48,25.96,27.88,26.87,27.24,27.53,19.89,0.51,18.33,20.48,19.82,20.05,20.19
2026-09-14 00:00:00+00:00,Amadora,1115,33.35,0.81,31.50,34.57,32.75,33.42,34.05,26.34,0.59,24.82,27.18,25.93,26.43,26.82,19.61,0.41,18.42,20.54,19.59,19.70,19.74
2026-09-15 00:00:00+00:00,Amadora,1115,27.96,0.55,26.40,29.13,27.79,27.94,28.24,22.49,0.25,21.67,22.77,22.40,22.56,22.68,17.99,0.09,17.70,18.11,17.93,18.01,18.06
2026-09-16 00:00:00+00:00,Amadora,1115,25.45,0.43,24.39,26.58,25.32,25.40,25.50,20.66,0.24,19.91,21.09,20.57,20.69,20.79,17.81,0.16,17.28,18.07,17.75,17.84,17.90
2026-09-17 00:00:00+00:00,Amadora,1115,28.33,0.31,27.51,29.09,28.26,28.29,28.44,21.27,0.36,20.24,22.04,21.17,21.26,21.43,17.23,0.45,15.82,17.74,17.06,17.39,17.53
2026-09-18 00:00:00+00:00,Amadora,1115,28.70,0.73,26.40,29.71,28.43,28.91,29.19,21.95,0.45,20.53,22.43,21.77,22.09,22.26,16.77,0.31,15.80,17.14,16.64,16.86,17.00
2026-09-19 00:00:00+00:00,Amadora,1115,31.90,0.56,30.88,32.73,31.41,31.97,32.40,24.15,0.26,23.68,24.58,23.92,24.16,24.34,16.28,0.22,15.54,16.54,16.28,16.37,16.38
2026-09-20 00:00:00+00:00,Amadora,1115,33.88,0.29,33.03,34.32,33.74,33.95,34.08,26.30,0.09,26.12,26.47,26.24,26.29,26.36,19.79,0.22,19.54,20.50,19.62,19.77,19.85
2026-09-21 00:00:00+00:00,Amadora,1115,34.42,0.35,33.43,35.10,34.25,34.47,34.63,25.82,0.09,25.68,26.07,25.76,25.78,25.87,18.78,0.29,18.38,19.60,18.52,18.76,18.90
2026-09-22 00:00:00+00:00,Amadora,1115,32.78,0.94,30.80,34.12,32.08,32.84,33.65,25.92,0.65,24.22,26.83,25.56,26.04,26.42,18.91,0.47,17.81,20.34,18.73,18.82,19.05
2026-09-23 00:00:00+00:00,Amadora,1115,34.46,0.86,32.67,35.75,33.70,34.58,35.24,26.36,0.90,24.35,27.73,25.72,26.40,27.10,19.59,0.52,18.10,20.32,19.46,19.69,19.91
2026-09-24 00:00:00+00:00,Amadora,1115,34.17,0.36,33.15,34.79,33.98,34.23,34.42,25.68,0.50,24.59,26.48,25.33,25.70,26.07,18.43,0.47,17.03,19.01,18.36,18.56,18.72
2026-09-25 00:00:00+00:00,Amadora,1115,31.87,0.40,31.27,33.14,31.62,31.77,31.90,22.22,0.31,21.32,22.79,22.09,22.24,22.43,16.13,0.43,15.18,16.76,15.79,16.20,16.49
2026-09-26 00:00:00+00:00,Amadora,1115,32.39,0.56,31.47,33.36,31.90,32.40,32.79,24.83,0.52,23.53,25.66,24.51,24.82,25.19,19.02,0.56,17.77,19.94,18.62,19.05,19.43
2026-09-27 00:00:00+00:00,Amadora,1115,30.23,0.45,29.10,31.37,30.12,30.19,30.31,24.50,0.25,23.74,24.94,24.38,24.54,24.67,20.20,0.28,19.64,20.63,19.95,20.23,20.42
2026-09-28 00:00:00+00:00,Amadora,1115,28.21,0.22,27.52,28.52,28.13,28.28,28.35,22.21,0.15,21.83,22.44,22.09,22.21,22.32,17.81,0.15,17.41,18.24,17.78,17.79,17.85
2026-09-29 00:00:00+00:00,Amadora,1115,25.80,0.77,23.21,26.52,25.53,26.09,26.30,22.11,0.34,20.99,22.56,22.00,22.23,22.29,20.39,0.20,19.79,20.65,20.31,20.42,20.52
2026-09-10 00:00:00+00:00,Odivelas,1116,30.43,0.13,30.17,30.60,30.35,30.45,30.54,22.26,0.11,21.96,22.40,22.20,22.28,22.35,17.57,0.03,17.50,17.60,17.55,17.57,17.59
2026-09-11 00:00:00+00:00,Odivelas,1116,34.05,0.24,33.60,34.40,33.88,34.06,34.24,24.81,0.20,24.38,25.10,24.67,24.83,24.97,17.86,0.09,17.66,18.00,17.80,17.85,17.93
2026-09-12 00:00:00+00:00,Odivelas,1116,35.82,0.24,35.32,36.20,35.67,35.81,36.02,26.60,0.13,26.30,26.80,26.53,26.60,26.70,17.99,0.06,17.90,18.12,17.95,17.99,18.02
2026-09-13 00:00:00+00:00,Odivelas,1116,36.05,0.29,35.53,36.50,35.85,36.04,36.29,27.72,0.25,27.12,28.10,27.54,27.73,27.92,20.20,0.37,19.06,20.70,19.97,20.25,20.50
2026-09-14 00:00:00+00:00,Odivelas,1116,34.45,0.28,33.91,34.90,34.27,34.43,34.67,27.08,0.20,26.70,27.40,26.95,27.07,27.25,19.67,0.10,19.38,19.80,19.61,19.69,19.75
2026-09-15 00:00:00+00:00,Odivelas,1116,27.98,0.26,27.18,28.30,27.83,28.02,28.20,22.64,0.12,22.29,22.80,22.57,22.66,22.74,18.08,0.02,18.02,18.10,18.07,18.08,18.10
2026-09-16 00:00:00+00:00,Odivelas,1116,25.35,0.06,25.16,25.41,25.33,25.37,25.40,20.74,0.05,20.63,20.80,20.71,20.75,20.78,17.89,0.03,17.83,17.97,17.88,17.90,17.90
2026-09-17 00:00:00+00:00,Odivelas,1116,28.34,0.06,28.19,28.41,28.33,28.36,28.39,21.32,0.07,21.15,21.40,21.29,21.34,21.38,17.63,0.12,17.36,17.80,17.57,17.64,17.73
2026-09-18 00:00:00+00:00,Odivelas,1116,29.11,0.29,28.30,29.50,28.93,29.14,29.35,22.26,0.17,21.88,22.50,22.15,22.28,22.40,16.97,0.16,16.56,17.20,16.86,16.98,17.11
2026-09-19 00:00:00+00:00,Odivelas,1116,32.73,0.14,32.36,32.90,32.66,32.78,32.84,24.46,0.17,24.08,24.70,24.34,24.47,24.59,16.35,0.14,15.85,16.50,16.28,16.37,16.45
2026-09-20 00:00:00+00:00,Odivelas,1116,34.10,0.13,33.86,34.30,34.01,34.11,34.21,26.26,0.18,25.70,26.50,26.15,26.28,26.41,19.39,0.23,18.58,19.60,19.34,19.44,19.55
2026-09-21 00:00:00+00:00,Odivelas,1116,34.59,0.15,34.26,34.80,34.49,34.60,34.71,25.64,0.14,25.18,25.80,25.58,25.66,25.75,18.31,0.11,17.92,18.48,18.29,18.32,18.37
2026-09-22 00:00:00+00:00,Odivelas,1116,34.19,0.22,33.63,34.55,34.05,34.24,34.36,26.68,0.26,26.19,27.10,26.49,26.69,26.90,18.72,0.03,18.65,18.79,18.71,18.72,18.73
2026-09-23 00:00:00+00:00,Odivelas,1116,35.77,0.23,35.16,36.00,35.64,35.84,35.94,27.55,0.35,26.90,28.10,27.33,27.54,27.84,19.92,0.53,18.27,20.60,19.59,19.98,20.34
2026-09-24 00:00:00+00:00,Odivelas,1116,34.41,0.14,34.08,34.60,34.33,34.42,34.53,26.35,0.23,25.91,26.70,26.20,26.35,26.54,18.80,0.29,17.99,19.20,18.61,18.82,19.03
2026-09-25 00:00:00+00:00,Odivelas,1116,31.70,0.08,31.52,31.80,31.67,31.71,31.77,22.27,0.18,21.72,22.50,22.16,22.30,22.42,16.67,0.15,16.36,16.90,16.56,16.67,16.79
2026-09-26 00:00:00+00:00,Odivelas,1116,33.02,0.47,31.81,33.70,32.70,33.04,33.39,25.43,0.31,24.79,25.90,25.21,25.45,25.68,19.74,0.29,19.25,20.20,19.52,19.75,19.98
2026-09-27 00:00:00+00:00,Odivelas,1116,30.20,0.04,30.07,30.26,30.20,30.21,30.22,24.63,0.07,24.44,24.70,24.60,24.65,24.68,20.60,0.09,20.35,20.70,20.56,20.63,20.67
2026-09-28 00:00:00+00:00,Odivelas,1116,28.35,0.05,28.19,28.40,28.33,28.36,28.39,22.39,0.08,22.23,22.50,22.33,22.39,22.45,17.70,0.11,17.31,17.80,17.69,17.73,17.78
2026-09-29 00:00:00+00:00,Odivelas,1116,26.72,0.34,26.37,27.93,26.53,26.60,26.79,22.39,0.12,22.28,22.81,22.31,22.34,22.42,20.61,0.06,20.49,20.70,20.58,20.61,20.66
2026-09-10 00:00:00+00:00,Alter do Chão,1201,32.79,0.57,31.11,33.42,32.52,32.99,33.23,23.17,0.14,22.67,23.36,23.10,23.22,23.26,13.68,0.75,12.53,15.93,13.21,13.43,14.02
2026-09-11 00:00:00+00:00,Alter do Chão,1201,35.27,0.56,33.57,36.03,35.03,35.46,35.65,25.14,0.39,24.65,26.37,24.88,24.99,25.30,15.17,1.43,13.48,19.72,14.10,14.63,15.78
2026-09-12 00:00:00+00:00,Alter do Chão,1201,37.73,0.70,35.62,38.55,37.41,37.99,38.25,27.20,0.49,26.68,28.83,26.84,27.01,27.40,16.96,2.01,14.59,23.35,15.45,16.22,17.80
2026-09-13 00:00:00+00:00,Alter do Chão,1201,37.90,0.58,36.18,38.67,37.62,38.10,38.31,27.71,0.46,27.11,29.16,27.39,27.55,27.90,18.35,1.54,16.41,23.30,17.27,17.79,18.98
2026-09-14 00:00:00+00:00,Alter do Chão,1201,37.96,0.60,36.17,38.78,37.68,38.16,38.39,27.69,0.48,27.01,29.15,27.36,27.52,27.91,18.12,1.64,15.86,23.22,17.01,17.53,18.85
2026-09-15 00:00:00+00:00,Alter do Chão,1201,32.69,0.19,32.09,33.02,32.60,32.70,32.82,24.10,0.45,23.39,25.38,23.80,23.96,24.33,16.55,0.44,15.59,17.65,16.26,16.54,16.78
2026-09-16 00:00:00+00:00,Alter do Chão,1201,30.96,0.52,29.38,31.65,30.73,31.14,31.34,22.57,0.14,22.17,22.78,22.50,22.61,22.67,16.51,0.45,15.22,17.21,16.26,16.58,16.86
2026-09-17 00:00:00+00:00,Alter do Chão,1201,30.48,0.67,28.42,31.23,30.19,30.73,30.99,22.70,0.36,21.69,23.30,22.49,22.74,22.97,16.53,0.51,15.14,17.64,16.20,16.46,16.89
2026-09-18 00:00:00+00:00,Alter do Chão,1201,32.10,0.70,30.02,32.96,31.77,32.34,32.63,22.42,0.18,21.98,22.93,22.33,22.44,22.50,12.93,1.04,11.24,16.08,12.27,12.62,13.43
2026-09-19 00:00:00+00:00,Alter do Chão,1201,34.09,0.70,31.98,35.13,33.78,34.32,34.55,24.37,0.41,23.95,25.70,24.06,24.21,24.54,14.77,1.85,12.66,20.62,13.37,14.09,15.54
2026-09-20 00:00:00+00:00,Alter do Chão,1201,34.81,0.72,32.71,35.85,34.47,35.06,35.30,25.87,0.22,25.54,26.61,25.74,25.79,25.96,17.52,1.00,16.24,20.75,16.85,17.15,17.93
2026-09-21 00:00:00+00:00,Alter do Chão,1201,35.70,0.80,33.41,36.83,35.30,35.97,36.25,25.81,0.30,25.42,26.82,25.60,25.69,25.94,16.46,1.15,14.68,19.93,15.71,16.12,16.99
2026-09-22 00:00:00+00:00,Alter do Chão,1201,37.52,0.59,35.81,38.42,37.24,37.70,37.91,26.60,0.67,25.87,28.72,26.09,26.36,26.89,16.22,2.08,14.05,22.81,14.63,15.47,17.10
2026-09-23 00:00:00+00:00,Alter do Chão,1201,38.45,0.60,36.70,39.36,38.17,38.65,38.85,27.15,0.68,26.26,29.30,26.67,26.91,27.44,16.52,2.34,13.96,23.85,14.71,15.70,17.51
2026-09-24 00:00:00+00:00,Alter do Chão,1201,36.98,0.53,35.41,37.69,36.74,37.16,37.36,25.88,0.70,24.95,28.00,25.38,25.64,26.19,16.07,1.85,13.79,21.87,14.69,15.40,16.85
2026-09-25 00:00:00+00:00,Alter do Chão,1201,33.30,0.25,32.43,33.57,33.20,33.40,33.47,23.77,0.86,22.67,26.29,23.14,23.47,24.18,15.68,1.77,13.64,21.14,14.32,15.04,16.49
2026-09-26 00:00:00+00:00,Alter do Chão,1201,35.58,0.30,34.64,35.98,35.45,35.68,35.79,23.98,0.82,23.13,26.53,23.35,23.69,24.34,13.41,2.10,11.05,20.03,11.82,12.67,14.30
2026-09-27 00:00:00+00:00,Alter do Chão,1201,31.98,0.60,30.14,32.59,31.71,32.20,32.44,24.03,0.28,23.65,24.89,23.82,23.92,24.15,17.09,0.42,16.39,18.33,16.82,16.96,17.29
2026-09-28 00:00:00+00:00,Alter do Chão,1201,28.59,0.58,26.81,29.26,28.32,28.77,29.05,21.69,0.38,20.55,22.12,21.52,21.82,21.98,15.86,0.23,15.44,16.42,15.72,15.82,16.00
2026-09-29 00:00:00+00:00,Alter do Chão,1201,29.60,0.72,27.46,30.37,29.27,29.84,30.16,22.93,0.70,20.80,23.73,22.60,23.18,23.48,18.94,0.61,17.11,19.57,18.66,19.15,19.41
2026-09-10 00:00:00+00:00,Arronches,1202,32.04,0.62,30.80,33.25,31.54,32.02,32.52,23.94,0.41,23.42,25.03,23.59,23.83,24.18,16.41,0.44,15.47,17.78,16.17,16.33,16.54
2026-09-11 00:00:00+00:00,Arronches,1202,34.41,0.59,33.22,35.56,33.95,34.41,34.87,26.02,0.26,25.60,26.68,25.77,25.96,26.22,17.25,1.64,14.42,20.75,15.89,17.17,18.56
2026-09-12 00:00:00+00:00,Arronches,1202,36.04,0.37,35.19,36.66,35.75,36.07,36.34,27.78,0.67,26.67,29.22,27.21,27.73,28.31,19.67,2.44,15.24,24.75,17.68,19.63,21.60
2026-09-13 00:00:00+00:00,Arronches,1202,36.42,0.25,35.82,36.80,36.24,36.46,36.63,28.24,0.61,27.12,29.49,27.75,28.23,28.73,20.03,2.15,16.04,24.41,18.29,20.04,21.75
2026-09-14 00:00:00+00:00,Arronches,1202,36.83,0.48,35.81,37.71,36.46,36.85,37.21,28.97,0.20,28.59,29.49,28.82,28.91,29.11,21.56,1.19,19.93,24.39,20.50,21.37,22.47
2026-09-15 00:00:00+00:00,Arronches,1202,33.54,0.84,32.01,35.32,32.88,33.49,34.16,26.06,0.35,25.62,26.98,25.77,25.96,26.26,17.56,0.16,17.24,17.89,17.43,17.56,17.68
2026-09-16 00:00:00+00:00,Arronches,1202,30.61,0.82,29.07,32.33,29.96,30.57,31.21,22.89,0.48,22.14,24.05,22.51,22.82,23.21,15.84,0.41,14.95,16.55,15.53,15.87,16.18
2026-09-17 00:00:00+00:00,Arronches,1202,29.54,0.77,28.00,31.02,28.94,29.53,30.14,22.67,0.66,21.52,24.14,22.14,22.60,23.13,16.83,0.58,16.13,18.39,16.36,16.67,17.17
2026-09-18 00:00:00+00:00,Arronches,1202,30.53,0.43,29.59,31.32,30.21,30.55,30.87,22.72,0.15,22.36,23.07,22.62,22.68,22.82,14.35,1.15,12.28,16.76,13.41,14.32,15.28
2026-09-19 00:00:00+00:00,Arronches,1202,32.55,0.45,31.53,33.34,32.21,32.59,32.92,25.01,0.45,24.32,26.02,24.61,24.96,25.37,17.49,2.12,13.67,21.93,15.77,17.45,19.17
2026-09-20 00:00:00+00:00,Arronches,1202,33.19,0.42,32.29,34.00,32.87,33.20,33.51,26.04,0.35,25.51,26.80,25.73,26.01,26.32,19.18,1.04,17.67,21.52,18.26,19.06,20.00
2026-09-21 00:00:00+00:00,Arronches,1202,33.57,0.24,32.96,33.97,33.41,33.61,33.76,26.16,0.42,25.51,27.06,25.79,26.12,26.49,18.62,0.95,17.07,20.70,17.81,18.54,19.37
2026-09-22 00:00:00+00:00,Arronches,1202,36.36,0.42,35.47,37.19,36.04,36.37,36.68,27.70,0.70,26.48,29.20,27.11,27.67,28.26,19.12,2.47,14.65,24.26,17.12,19.09,21.08
2026-09-23 00:00:00+00:00,Arronches,1202,37.00,0.27,36.34,37.40,36.80,37.04,37.22,28.12,0.81,26.64,29.77,27.46,28.11,28.76,19.80,2.74,14.74,25.44,17.58,19.79,21.99
2026-09-24 00:00:00+00:00,Arronches,1202,36.22,0.56,35.10,37.34,35.78,36.21,36.65,27.42,0.46,26.71,28.47,27.01,27.36,27.77,18.78,2.09,15.04,23.15,17.07,18.73,20.46
2026-09-25 00:00:00+00:00,Arronches,1202,34.21,1.08,32.28,36.53,33.34,34.12,34.99,26.47,0.14,26.12,26.85,26.41,26.46,26.56,19.13,1.45,16.68,22.34,17.93,19.04,20.25
2026-09-26 00:00:00+00:00,Arronches,1202,35.74,0.71,34.46,37.26,35.17,35.68,36.26,26.05,0.41,25.40,27.11,25.69,25.95,26.34,17.05,2.03,13.70,21.52,15.34,16.90,18.66
2026-09-27 00:00:00+00:00,Arronches,1202,31.30,0.80,29.77,32.95,30.67,31.27,31.89,24.97,0.09,24.74,25.20,24.93,24.98,25.02,17.97,0.30,17.50,18.61,17.71,17.94,18.21
2026-09-28 00:00:00+00:00,Arronches,1202,28.13,0.90,26.47,30.01,27.41,28.07,28.79,21.34,0.55,20.33,22.51,20.90,21.30,21.73,17.00,0.34,16.53,17.83,16.73,16.94,17.22
2026-09-29 00:00:00+00:00,Arronches,1202,28.21,0.57,27.02,29.29,27.75,28.21,28.67,21.46,0.49,20.34,22.27,21.08,21.50,21.87,16.94,0.15,16.50,17.31,16.87,16.96,17.01
2026-09-10 00:00:00+00:00,Avis,1203,33.37,0.08,33.01,33.66,33.35,33.38,33.40,23.22,0.19,22.75,23.40,23.11,23.30,23.37,13.23,0.10,12.80,13.47,13.20,13.25,13.29
2026-09-11 00:00:00+00:00,Avis,1203,35.87,0.39,35.38,37.28,35.61,35.68,36.03,24.78,0.13,24.41,24.91,24.70,24.86,24.89,13.83,0.21,13.28,14.17,13.65,13.93,14.00
2026-09-12 00:00:00+00:00,Avis,1203,38.60,0.54,37.76,40.71,38.30,38.35,38.74,26.82,0.07,26.67,27.16,26.79,26.80,26.81,15.27,0.20,14.44,15.83,15.21,15.29,15.35
2026-09-13 00:00:00+00:00,Avis,1203,38.53,0.36,37.86,39.80,38.30,38.36,38.69,27.41,0.11,27.10,27.93,27.38,27.39,27.40,17.08,0.23,16.22,17.37,16.93,17.18,17.27
2026-09-14 00:00:00+00:00,Avis,1203,38.33,0.15,37.91,38.72,38.25,38.37,38.40,27.31,0.10,26.96,27.49,27.25,27.35,27.39,16.89,0.28,15.71,17.39,16.78,16.98,17.08
2026-09-15 00:00:00+00:00,Avis,1203,32.81,0.32,31.90,33.10,32.64,32.98,33.05,23.72,0.23,23.18,24.24,23.57,23.82,23.89,16.43,0.27,15.54,16.79,16.23,16.56,16.65
2026-09-16 00:00:00+00:00,Avis,1203,31.19,0.26,30.33,31.45,31.09,31.31,31.39,22.55,0.18,22.01,22.71,22.48,22.63,22.69,17.05,0.23,16.41,17.30,16.92,17.12,17.24
2026-09-17 00:00:00+00:00,Avis,1203,31.13,0.10,30.76,31.38,31.09,31.11,31.21,23.18,0.17,22.80,23.40,23.04,23.22,23.34,17.34,0.41,16.31,17.90,16.97,17.39,17.72
2026-09-18 00:00:00+00:00,Avis,1203,32.81,0.26,32.06,33.63,32.69,32.73,32.95,22.42,0.14,22.09,22.60,22.29,22.45,22.55,12.45,0.33,11.23,13.68,12.39,12.47,12.49
2026-09-19 00:00:00+00:00,Avis,1203,34.85,0.65,34.07,37.22,34.42,34.52,35.08,24.08,0.14,23.96,24.65,24.00,24.02,24.10,13.19,0.17,12.57,13.65,13.13,13.20,13.25
2026-09-20 00:00:00+00:00,Avis,1203,35.52,0.48,34.63,37.09,35.21,35.30,35.76,25.82,0.14,25.53,26.44,25.76,25.79,25.80,16.81,0.12,16.34,17.31,16.75,16.83,16.88
2026-09-21 00:00:00+00:00,Avis,1203,36.39,0.35,35.39,37.42,36.20,36.27,36.60,25.67,0.19,25.39,26.52,25.58,25.60,25.66,15.91,0.41,14.63,17.61,15.82,15.89,15.95
2026-09-22 00:00:00+00:00,Avis,1203,37.91,0.20,37.35,38.45,37.80,37.84,38.04,25.94,0.08,25.76,26.13,25.86,25.97,26.00,14.39,0.28,13.97,15.50,14.20,14.29,14.48
2026-09-23 00:00:00+00:00,Avis,1203,38.88,0.15,38.37,39.26,38.80,38.83,38.98,26.54,0.17,26.16,26.75,26.38,26.62,26.68,14.38,0.23,13.70,15.11,14.29,14.33,14.48
2026-09-24 00:00:00+00:00,Avis,1203,37.35,0.08,37.00,37.51,37.30,37.37,37.40,25.28,0.16,24.83,25.67,25.17,25.34,25.40,14.52,0.24,13.54,15.29,14.45,14.58,14.61
2026-09-25 00:00:00+00:00,Avis,1203,33.51,0.11,33.18,33.70,33.46,33.56,33.59,23.02,0.20,22.51,23.82,22.91,23.06,23.10,14.05,0.22,13.45,14.95,13.93,14.07,14.12
2026-09-26 00:00:00+00:00,Avis,1203,35.77,0.10,35.34,36.03,35.77,35.80,35.81,23.16,0.07,23.07,23.54,23.11,23.14,23.19,11.57,0.23,10.82,12.34,11.48,11.52,11.67
2026-09-27 00:00:00+00:00,Avis,1203,32.56,0.09,32.14,32.86,32.54,32.57,32.60,23.82,0.04,23.78,23.98,23.80,23.81,23.84,16.96,0.18,16.60,17.73,16.89,16.90,16.96
2026-09-28 00:00:00+00:00,Avis,1203,29.33,0.13,28.90,29.76,29.28,29.30,29.37,22.09,0.07,21.78,22.27,22.08,22.10,22.13,15.80,0.08,15.54,16.08,15.77,15.80,15.82
2026-09-29 00:00:00+00:00,Avis,1203,30.42,0.16,29.79,30.95,30.37,30.40,30.48,23.63,0.13,23.15,23.96,23.59,23.61,23.71,19.59,0.13,19.09,20.05,19.56,19.59,19.61
2026-09-10 00:00:00+00:00,Campo Maior,1204,33.13,0.19,32.64,33.39,32.99,33.18,33.30,24.88,0.25,24.36,25.27,24.68,24.90,25.10,17.56,0.40,16.79,18.23,17.20,17.59,17.92
2026-09-11 00:00:00+00:00,Campo Maior,1204,35.46,0.18,35.00,35.69,35.33,35.49,35.61,25.77,0.01,25.75,25.83,25.76,25.77,25.78,14.70,0.40,14.22,15.76,14.36,14.60,14.97
2026-09-12 00:00:00+00:00,Campo Maior,1204,36.61,0.07,36.40,36.70,36.56,36.64,36.68,26.79,0.15,26.61,27.19,26.66,26.75,26.89,15.67,0.65,14.84,17.37,15.12,15.52,16.13
2026-09-13 00:00:00+00:00,Campo Maior,1204,36.79,0.03,36.66,36.82,36.77,36.80,36.81,27.25,0.18,27.01,27.68,27.09,27.22,27.38,16.46,0.63,15.64,18.03,15.92,16.33,16.92
2026-09-14 00:00:00+00:00,Campo Maior,1204,37.64,0.12,37.31,37.79,37.56,37.67,37.74,28.89,0.05,28.81,28.99,28.84,28.88,28.93,20.10,0.12,19.99,20.54,20.03,20.05,20.14
2026-09-15 00:00:00+00:00,Campo Maior,1204,35.16,0.30,34.40,35.57,34.93,35.23,35.42,26.87,0.20,26.42,27.17,26.71,26.90,27.05,17.29,0.06,17.20,17.42,17.24,17.29,17.34
2026-09-16 00:00:00+00:00,Campo Maior,1204,32.15,0.30,31.42,32.57,31.92,32.19,32.40,23.92,0.23,23.39,24.27,23.74,23.95,24.12,16.50,0.09,16.23,16.60,16.44,16.52,16.58
2026-09-17 00:00:00+00:00,Campo Maior,1204,30.88,0.23,30.29,31.19,30.71,30.94,31.09,23.97,0.28,23.32,24.37,23.74,24.01,24.21,18.18,0.37,17.42,18.75,17.85,18.22,18.51
2026-09-18 00:00:00+00:00,Campo Maior,1204,31.26,0.11,30.96,31.39,31.18,31.28,31.35,22.71,0.04,22.66,22.79,22.68,22.70,22.74,12.50,0.31,12.12,13.29,12.24,12.43,12.71
2026-09-19 00:00:00+00:00,Campo Maior,1204,33.28,0.10,33.00,33.40,33.21,33.31,33.36,24.40,0.09,24.30,24.63,24.32,24.37,24.45,14.06,0.57,13.33,15.53,13.57,13.94,14.47
2026-09-20 00:00:00+00:00,Campo Maior,1204,33.94,0.11,33.63,34.09,33.86,33.97,34.04,25.58,0.07,25.50,25.76,25.51,25.56,25.62,17.82,0.16,17.66,18.31,17.69,17.77,17.91
2026-09-21 00:00:00+00:00,Campo Maior,1204,33.96,0.03,33.84,34.00,33.95,33.98,33.99,25.59,0.09,25.50,25.81,25.52,25.57,25.65,17.22,0.20,17.00,17.77,17.05,17.17,17.35
2026-09-22 00:00:00+00:00,Campo Maior,1204,37.11,0.12,36.79,37.29,37.02,37.14,37.22,26.61,0.17,26.40,27.06,26.46,26.57,26.73,15.10,0.67,14.24,16.83,14.53,14.96,15.59
2026-09-23 00:00:00+00:00,Campo Maior,1204,37.38,0.03,37.26,37.41,37.37,37.40,37.40,26.79,0.22,26.51,27.36,26.60,26.74,26.95,15.24,0.78,14.25,17.22,14.58,15.07,15.80
2026-09-24 00:00:00+00:00,Campo Maior,1204,37.25,0.17,36.79,37.49,37.11,37.28,37.40,26.78,0.08,26.70,27.01,26.71,26.75,26.83,15.41,0.55,14.73,16.84,14.94,15.29,15.80
2026-09-25 00:00:00+00:00,Campo Maior,1204,36.29,0.41,35.29,36.86,35.97,36.37,36.65,26.69,0.12,26.47,26.88,26.59,26.70,26.79,16.90,0.32,16.51,17.79,16.63,16.82,17.12
2026-09-26 00:00:00+00:00,Campo Maior,1204,37.09,0.28,36.44,37.48,36.89,37.15,37.33,25.71,0.03,25.66,25.78,25.69,25.70,25.73,14.01,0.43,13.51,15.21,13.64,13.89,14.30
2026-09-27 00:00:00+00:00,Campo Maior,1204,32.79,0.28,32.10,33.18,32.58,32.84,33.03,25.16,0.07,25.02,25.29,25.10,25.17,25.23,17.57,0.07,17.50,17.74,17.52,17.56,17.61
2026-09-28 00:00:00+00:00,Campo Maior,1204,29.81,0.33,29.02,30.27,29.56,29.88,30.10,22.39,0.21,21.89,22.68,22.23,22.44,22.57,17.72,0.19,17.32,17.98,17.57,17.75,17.88
2026-09-29 00:00:00+00:00,Campo Maior,1204,29.19,0.16,28.77,29.39,29.07,29.23,29.33,22.21,0.09,21.92,22.30,22.15,22.24,22.29,16.59,0.16,16.33,16.88,16.46,16.59,16.73
2026-09-10 00:00:00+00:00,Castelo de Vide,1205,31.16,0.25,30.63,31.66,30.98,31.17,31.35,23.26,0.07,23.11,23.38,23.21,23.26,23.32,15.96,0.32,15.24,16.63,15.74,15.95,16.19
2026-09-11 00:00:00+00:00,Castelo de Vide,1205,33.72,0.32,33.06,34.35,33.47,33.74,33.98,26.28,0.25,25.76,26.78,26.09,26.27,26.48,19.53,0.83,17.94,21.26,18.87,19.45,20.20
2026-09-12 00:00:00+00:00,Castelo de Vide,1205,35.72,0.31,35.06,36.38,35.50,35.73,35.93,28.72,0.35,28.05,29.43,28.43,28.70,29.00,22.74,1.32,20.25,25.45,21.66,22.65,23.81
2026-09-13 00:00:00+00:00,Castelo de Vide,1205,36.31,0.28,35.74,36.90,36.10,36.32,36.51,29.09,0.27,28.59,29.66,28.88,29.07,29.31,23.05,0.92,21.37,25.01,22.33,22.97,23.80
2026-09-14 00:00:00+00:00,Castelo de Vide,1205,36.53,0.43,35.68,37.37,36.18,36.54,36.88,29.10,0.23,28.65,29.58,28.93,29.09,29.28,22.83,0.97,20.93,24.82,22.08,22.77,23.61
2026-09-15 00:00:00+00:00,Castelo de Vide,1205,32.52,0.44,31.84,33.78,32.14,32.45,32.84,25.49,0.15,25.07,25.79,25.38,25.52,25.60,17.75,0.13,17.36,17.94,17.65,17.79,17.86
2026-09-16 00:00:00+00:00,Castelo de Vide,1205,29.64,0.37,28.88,30.38,29.33,29.66,29.95,22.46,0.22,22.08,22.93,22.27,22.46,22.64,15.45,0.34,14.83,16.22,15.16,15.43,15.73
2026-09-17 00:00:00+00:00,Castelo de Vide,1205,28.50,0.33,27.78,29.20,28.25,28.53,28.75,21.55,0.08,21.37,21.77,21.49,21.54,21.61,15.65,0.25,15.08,16.05,15.47,15.67,15.86
2026-09-18 00:00:00+00:00,Castelo de Vide,1205,30.19,0.34,29.47,30.88,29.92,30.21,30.46,23.04,0.06,22.83,23.16,22.99,23.05,23.08,16.16,0.43,15.20,17.13,15.87,16.12,16.48
2026-09-19 00:00:00+00:00,Castelo de Vide,1205,32.27,0.42,31.40,33.14,31.93,32.28,32.60,25.65,0.25,25.15,26.17,25.45,25.63,25.85,20.30,1.06,18.27,22.55,19.46,20.23,21.16
2026-09-20 00:00:00+00:00,Castelo de Vide,1205,33.00,0.39,32.18,33.79,32.68,33.01,33.31,26.68,0.11,26.47,26.93,26.60,26.66,26.76,20.72,0.54,19.70,21.90,20.28,20.68,21.14
2026-09-21 00:00:00+00:00,Castelo de Vide,1205,33.80,0.45,32.90,34.76,33.44,33.81,34.16,26.91,0.14,26.63,27.21,26.82,26.90,27.01,19.85,0.54,18.77,21.01,19.46,19.81,20.26
2026-09-22 00:00:00+00:00,Castelo de Vide,1205,36.19,0.41,35.37,37.03,35.85,36.21,36.51,28.71,0.32,28.10,29.42,28.45,28.69,28.97,22.43,1.21,20.19,24.97,21.47,22.33,23.41
2026-09-23 00:00:00+00:00,Castelo de Vide,1205,36.90,0.31,36.25,37.55,36.66,36.91,37.13,29.27,0.34,28.62,30.01,29.00,29.24,29.53,23.53,1.27,21.20,26.22,22.52,23.41,24.55
2026-09-24 00:00:00+00:00,Castelo de Vide,1205,35.69,0.37,34.96,36.38,35.39,35.72,35.99,27.90,0.34,27.21,28.62,27.63,27.88,28.17,21.71,0.95,19.96,23.77,20.95,21.63,22.47
2026-09-25 00:00:00+00:00,Castelo de Vide,1205,32.63,0.31,32.05,33.32,32.36,32.63,32.90,26.07,0.42,25.13,26.91,25.76,26.05,26.40,20.60,1.08,18.39,22.79,19.74,20.55,21.48
2026-09-26 00:00:00+00:00,Castelo de Vide,1205,34.58,0.12,34.29,34.85,34.49,34.58,34.66,26.40,0.43,25.52,27.29,26.06,26.38,26.74,19.55,1.27,17.04,22.17,18.54,19.47,20.59
2026-09-27 00:00:00+00:00,Castelo de Vide,1205,30.40,0.40,29.59,31.14,30.07,30.43,30.73,24.83,0.16,24.46,25.13,24.72,24.83,24.96,18.53,0.14,18.11,18.85,18.43,18.56,18.65
2026-09-28 00:00:00+00:00,Castelo de Vide,1205,26.80,0.25,26.25,27.24,26.61,26.83,27.01,20.64,0.21,20.20,21.02,20.47,20.65,20.81,16.19,0.16,15.79,16.46,16.07,16.19,16.31
2026-09-29 00:00:00+00:00,Castelo de Vide,1205,27.38,0.24,26.85,27.95,27.23,27.39,27.55,20.90,0.34,20.18,21.57,20.64,20.93,21.18,17.21,0.28,16.63,17.79,17.00,17.22,17.41
2026-09-10 00:00:00+00:00,Crato,1206,31.78,0.84,30.56,33.93,31.03,31.67,32.36,23.12,0.24,22.28,23.39,22.99,23.20,23.32,14.89,1.25,11.73,16.72,14.02,15.04,16.02
2026-09-11 00:00:00+00:00,Crato,1206,34.34,0.89,32.97,36.38,33.52,34.27,35.01,25.85,0.63,24.42,26.85,25.38,25.90,26.44,17.95,2.22,13.00,21.51,16.27,18.08,19.99
2026-09-12 00:00:00+00:00,Crato,1206,36.56,1.04,34.98,38.93,35.59,36.47,37.34,28.19,0.82,26.41,29.52,27.57,28.24,28.95,20.79,3.14,13.90,25.82,18.40,20.98,23.70
2026-09-13 00:00:00+00:00,Crato,1206,36.97,0.87,35.66,38.96,36.17,36.90,37.62,28.58,0.73,26.91,29.74,28.03,28.62,29.25,21.33,2.47,15.86,25.28,19.45,21.47,23.59
2026-09-14 00:00:00+00:00,Crato,1206,37.01,0.94,35.58,39.14,36.15,36.92,37.72,28.53,0.74,26.77,29.65,27.99,28.59,29.20,21.05,2.59,15.12,25.09,19.12,21.27,23.45
2026-09-15 00:00:00+00:00,Crato,1206,32.24,0.26,31.74,32.65,32.01,32.27,32.48,24.77,0.64,23.17,25.67,24.31,24.85,25.35,17.03,0.70,15.06,17.96,16.60,17.15,17.64
2026-09-16 00:00:00+00:00,Crato,1206,30.14,0.89,28.77,32.16,29.32,30.05,30.82,22.41,0.25,22.02,22.93,22.18,22.39,22.63,15.52,0.41,14.75,16.21,15.14,15.59,15.88
2026-09-17 00:00:00+00:00,Crato,1206,29.26,1.00,27.68,31.46,28.33,29.18,30.02,21.90,0.32,21.33,22.47,21.61,21.91,22.18,15.72,0.43,14.34,16.19,15.45,15.91,16.07
2026-09-18 00:00:00+00:00,Crato,1206,30.91,1.00,29.38,33.13,29.98,30.83,31.67,22.66,0.36,21.65,23.18,22.44,22.71,22.97,14.72,1.69,10.50,17.27,13.53,14.91,16.25
2026-09-19 00:00:00+00:00,Crato,1206,33.04,1.17,31.29,35.74,31.98,32.92,33.91,25.18,0.66,23.69,26.24,24.68,25.22,25.79,18.28,2.87,11.98,22.85,16.10,18.45,20.93
2026-09-20 00:00:00+00:00,Crato,1206,33.73,1.10,32.08,36.28,32.73,33.62,34.55,26.33,0.40,25.38,26.96,26.05,26.36,26.69,19.43,1.68,15.55,22.06,18.19,19.55,20.95
2026-09-21 00:00:00+00:00,Crato,1206,34.55,1.19,32.78,37.31,33.45,34.42,35.44,26.44,0.51,25.25,27.26,26.07,26.48,26.90,18.43,1.80,14.12,21.16,17.12,18.59,20.07
2026-09-22 00:00:00+00:00,Crato,1206,36.71,0.97,35.27,38.96,35.83,36.60,37.45,27.92,1.00,25.72,29.51,27.16,27.99,28.84,20.28,3.14,13.47,25.32,17.87,20.44,23.17
2026-09-23 00:00:00+00:00,Crato,1206,37.59,0.97,36.17,39.96,36.70,37.47,38.29,28.42,1.08,25.92,30.11,27.62,28.50,29.41,21.05,3.47,13.42,26.60,18.40,21.26,24.24
2026-09-24 00:00:00+00:00,Crato,1206,36.16,0.86,34.87,38.17,35.38,36.06,36.80,27.11,1.04,24.70,28.72,26.33,27.19,28.07,19.60,2.81,13.26,24.06,17.49,19.80,22.18
2026-09-25 00:00:00+00:00,Crato,1206,32.73,0.45,31.95,33.69,32.32,32.71,33.08,25.17,1.22,22.42,27.01,24.25,25.27,26.30,18.89,2.66,13.05,23.08,16.88,19.09,21.36
2026-09-26 00:00:00+00:00,Crato,1206,34.98,0.46,34.24,36.04,34.56,34.95,35.32,25.55,1.17,23.00,27.40,24.66,25.64,26.64,17.44,3.17,10.54,22.52,15.02,17.62,20.38
2026-09-27 00:00:00+00:00,Crato,1206,30.93,0.93,29.48,33.02,30.07,30.85,31.63,24.49,0.46,23.40,25.17,24.16,24.53,24.91,17.76,0.71,15.86,18.76,17.29,17.86,18.39
2026-09-28 00:00:00+00:00,Crato,1206,27.39,0.74,26.17,28.92,26.71,27.38,27.97,20.98,0.51,20.15,22.04,20.50,20.95,21.38,16.06,0.32,15.20,16.48,15.83,16.12,16.35
2026-09-29 00:00:00+00:00,Crato,1206,28.26,0.95,26.77,30.38,27.38,28.19,28.96,21.65,1.00,20.08,23.84,20.72,21.59,22.41,17.87,0.85,16.56,19.73,17.08,17.81,18.53
2026-09-10 00:00:00+00:00,Elvas,1207,33.12,0.31,32.28,33.40,32.89,33.27,33.38,24.63,0.77,22.46,25.30,24.18,24.96,25.25,16.91,1.60,12.33,18.30,16.08,17.61,18.19
2026-09-11 00:00:00+00:00,Elvas,1207,35.41,0.34,34.41,35.70,35.18,35.58,35.68,25.54,0.35,24.41,25.80,25.43,25.71,25.79,14.19,0.32,13.23,15.40,14.17,14.20,14.25
2026-09-12 00:00:00+00:00,Elvas,1207,36.59,0.15,36.08,36.71,36.51,36.66,36.70,26.48,0.27,25.53,26.97,26.45,26.60,26.60,15.18,0.43,14.80,17.11,14.84,15.05,15.33
2026-09-13 00:00:00+00:00,Elvas,1207,36.75,0.09,36.37,36.91,36.72,36.80,36.80,27.08,0.10,26.94,27.58,27.01,27.05,27.10,15.98,0.41,15.60,17.76,15.65,15.86,16.16
2026-09-14 00:00:00+00:00,Elvas,1207,37.61,0.22,36.97,37.80,37.45,37.72,37.79,28.69,0.36,27.66,29.00,28.54,28.85,28.98,19.49,0.81,17.07,20.10,19.24,19.89,20.06
2026-09-15 00:00:00+00:00,Elvas,1207,35.06,0.59,33.51,35.60,34.61,35.33,35.56,26.70,0.55,25.20,27.20,26.34,26.94,27.16,17.28,0.08,17.20,17.49,17.21,17.25,17.33
2026-09-16 00:00:00+00:00,Elvas,1207,32.08,0.56,30.60,32.60,31.66,32.32,32.56,23.71,0.67,21.84,24.30,23.30,24.00,24.25,16.57,0.06,16.27,16.64,16.57,16.60,16.60
2026-09-17 00:00:00+00:00,Elvas,1207,30.88,0.36,29.90,31.20,30.60,31.05,31.18,23.86,0.60,22.23,24.40,23.46,24.12,24.36,17.78,1.18,14.38,18.80,17.12,18.30,18.72
2026-09-18 00:00:00+00:00,Elvas,1207,31.19,0.25,30.40,31.40,31.05,31.32,31.39,22.44,0.47,20.95,22.80,22.28,22.66,22.78,12.18,0.19,11.78,13.10,12.11,12.13,12.20
2026-09-19 00:00:00+00:00,Elvas,1207,33.25,0.18,32.67,33.40,33.14,33.34,33.39,24.12,0.29,23.12,24.42,24.07,24.28,24.30,13.55,0.34,13.29,15.19,13.33,13.44,13.58
2026-09-20 00:00:00+00:00,Elvas,1207,33.80,0.37,32.63,34.10,33.61,33.99,34.09,25.32,0.29,24.32,25.57,25.26,25.47,25.50,17.21,0.72,14.92,17.81,17.04,17.58,17.68
2026-09-21 00:00:00+00:00,Elvas,1207,33.82,0.26,32.92,34.00,33.74,33.95,34.00,25.31,0.30,24.31,25.60,25.26,25.47,25.50,16.90,0.22,16.25,17.48,16.87,16.99,17.00
2026-09-22 00:00:00+00:00,Elvas,1207,37.03,0.32,36.09,37.30,36.83,37.17,37.28,26.39,0.13,26.04,26.89,26.38,26.40,26.42,14.53,0.41,14.20,16.47,14.24,14.42,14.60
2026-09-23 00:00:00+00:00,Elvas,1207,37.36,0.07,37.06,37.49,37.34,37.40,37.40,26.64,0.15,26.50,27.25,26.51,26.58,26.74,14.77,0.59,14.20,16.96,14.25,14.54,15.25
2026-09-24 00:00:00+00:00,Elvas,1207,37.16,0.40,36.01,37.50,36.90,37.34,37.48,26.62,0.13,26.23,26.86,26.59,26.69,26.70,14.93,0.31,14.70,16.50,14.73,14.82,14.95
2026-09-25 00:00:00+00:00,Elvas,1207,36.18,0.78,34.15,36.90,35.60,36.53,36.85,26.52,0.42,25.37,26.90,26.27,26.71,26.87,16.55,0.20,16.15,17.54,16.50,16.51,16.57
2026-09-26 00:00:00+00:00,Elvas,1207,37.05,0.48,35.79,37.50,36.69,37.27,37.47,25.38,0.54,23.74,25.80,25.20,25.63,25.77,13.33,0.51,11.69,14.70,13.27,13.50,13.51
2026-09-27 00:00:00+00:00,Elvas,1207,32.68,0.59,31.04,33.20,32.28,32.95,33.16,25.00,0.35,23.98,25.30,24.83,25.16,25.28,17.39,0.18,16.78,17.58,17.36,17.49,17.50
2026-09-28 00:00:00+00:00,Elvas,1207,29.72,0.64,27.95,30.30,29.27,30.01,30.26,22.29,0.46,21.01,22.70,21.99,22.51,22.67,17.71,0.30,17.02,18.00,17.45,17.83,17.97
2026-09-29 00:00:00+00:00,Elvas,1207,29.16,0.28,28.30,29.40,28.98,29.30,29.39,22.28,0.05,22.00,22.41,22.27,22.30,22.30,16.77,0.52,16.30,18.14,16.34,16.56,17.09
2026-09-10 00:00:00+00:00,Fronteira,1208,32.62,0.34,31.48,33.31,32.40,32.60,32.89,23.09,0.15,22.67,23.34,23.01,23.12,23.21,13.60,0.46,12.81,15.39,13.30,13.46,13.84
2026-09-11 00:00:00+00:00,Fronteira,1208,34.99,0.32,33.96,35.59,34.74,34.97,35.25,25.06,0.24,24.66,26.05,24.90,24.98,25.18,14.88,0.86,13.82,18.50,14.25,14.57,15.30
2026-09-12 00:00:00+00:00,Fronteira,1208,37.19,0.51,36.03,38.23,36.75,37.13,37.59,26.86,0.39,25.99,28.34,26.65,26.83,27.04,16.82,1.14,15.43,21.69,15.98,16.45,17.35
2026-09-13 00:00:00+00:00,Fronteira,1208,37.40,0.43,36.51,38.26,37.03,37.35,37.73,27.60,0.27,27.18,28.77,27.42,27.50,27.72,17.99,0.91,16.73,21.93,17.37,17.66,18.40
2026-09-14 00:00:00+00:00,Fronteira,1208,37.56,0.36,36.53,38.33,37.26,37.52,37.83,27.78,0.26,27.40,28.82,27.59,27.74,27.93,18.17,0.89,17.12,21.96,17.51,17.88,18.60
2026-09-15 00:00:00+00:00,Fronteira,1208,33.00,0.21,32.33,33.39,32.90,32.98,33.18,24.58,0.35,23.91,25.19,24.28,24.63,24.89,17.00,0.23,16.61,17.46,16.79,17.02,17.19
2026-09-16 00:00:00+00:00,Fronteira,1208,30.77,0.27,29.76,31.31,30.63,30.76,30.96,22.36,0.14,22.01,22.66,22.28,22.36,22.45,16.54,0.29,15.54,17.15,16.38,16.54,16.73
2026-09-17 00:00:00+00:00,Fronteira,1208,30.30,0.39,28.92,31.03,30.05,30.29,30.60,22.66,0.26,21.95,23.26,22.46,22.62,22.84,16.25,0.56,14.94,17.55,15.87,16.24,16.59
2026-09-18 00:00:00+00:00,Fronteira,1208,31.53,0.52,30.42,32.61,31.09,31.47,31.92,22.13,0.29,21.33,22.73,21.93,22.19,22.36,12.91,0.55,12.18,15.26,12.53,12.70,13.18
2026-09-19 00:00:00+00:00,Fronteira,1208,33.57,0.44,32.41,34.40,33.20,33.53,33.94,24.13,0.31,23.48,25.32,23.96,24.07,24.28,14.68,1.05,13.33,19.11,13.93,14.36,15.18
2026-09-20 00:00:00+00:00,Fronteira,1208,34.09,0.55,33.08,35.17,33.63,34.03,34.52,25.53,0.30,24.73,26.34,25.35,25.61,25.73,17.04,0.70,15.64,19.81,16.63,16.93,17.36
2026-09-21 00:00:00+00:00,Fronteira,1208,34.77,0.68,33.47,36.13,34.21,34.71,35.32,25.48,0.31,24.70,26.48,25.27,25.52,25.63,16.69,0.57,15.90,19.10,16.30,16.55,16.96
2026-09-22 00:00:00+00:00,Fronteira,1208,36.98,0.39,36.13,37.77,36.65,36.93,37.27,26.52,0.39,26.04,28.17,26.23,26.40,26.71,16.01,1.21,14.42,21.10,15.15,15.64,16.59
2026-09-23 00:00:00+00:00,Fronteira,1208,37.95,0.40,37.03,38.76,37.61,37.91,38.26,27.13,0.37,26.70,28.74,26.86,27.01,27.30,16.51,1.33,14.52,22.00,15.60,16.19,17.16
2026-09-24 00:00:00+00:00,Fronteira,1208,36.65,0.32,35.74,37.33,36.40,36.61,36.90,26.12,0.39,25.43,27.53,25.81,26.13,26.35,15.96,1.03,14.68,20.37,15.21,15.64,16.45
2026-09-25 00:00:00+00:00,Fronteira,1208,33.62,0.24,32.77,34.04,33.51,33.59,33.81,24.45,0.61,23.19,25.84,23.97,24.55,24.97,16.13,1.03,14.28,19.89,15.35,16.13,16.70
2026-09-26 00:00:00+00:00,Fronteira,1208,35.64,0.16,34.92,35.79,35.58,35.70,35.75,24.08,0.50,23.22,25.94,23.73,24.02,24.37,13.31,1.21,11.68,18.35,12.44,12.94,13.92
2026-09-27 00:00:00+00:00,Fronteira,1208,31.70,0.38,30.55,32.50,31.40,31.65,32.00,24.11,0.17,23.83,24.71,23.99,24.09,24.21,17.15,0.21,16.90,18.03,17.00,17.08,17.25
2026-09-28 00:00:00+00:00,Fronteira,1208,28.47,0.37,27.25,29.21,28.20,28.43,28.76,21.50,0.25,20.81,22.04,21.30,21.47,21.70,16.27,0.24,15.81,16.79,16.08,16.27,16.45
2026-09-29 00:00:00+00:00,Fronteira,1208,29.23,0.50,27.91,30.28,28.82,29.15,29.62,22.65,0.43,21.26,23.51,22.35,22.62,22.99,18.61,0.42,17.47,19.49,18.28,18.55,18.95
2026-09-10 00:00:00+00:00,Gavião,1209,34.34,0.45,33.15,35.00,34.04,34.40,34.70,22.00,0.22,21.70,22.63,21.82,21.96,22.14,10.71,0.89,9.31,12.81,9.98,10.65,11.38
2026-09-11 00:00:00+00:00,Gavião,1209,36.78,0.40,35.75,37.40,36.51,36.83,37.11,24.18,0.26,23.80,24.89,23.97,24.15,24.35,12.40,0.85,11.11,14.72,11.73,12.31,12.95
2026-09-12 00:00:00+00:00,Gavião,1209,39.39,0.47,38.18,40.10,39.08,39.45,39.77,26.11,0.33,25.60,26.99,25.84,26.08,26.33,13.16,1.10,11.51,16.18,12.28,13.02,13.88
2026-09-13 00:00:00+00:00,Gavião,1209,39.29,0.35,38.34,39.80,39.07,39.34,39.57,26.74,0.29,26.30,27.52,26.51,26.71,26.94,15.39,0.86,14.11,17.78,14.71,15.30,15.97
2026-09-14 00:00:00+00:00,Gavião,1209,39.59,0.41,38.53,40.20,39.31,39.65,39.92,26.58,0.32,26.10,27.43,26.32,26.54,26.79,14.41,1.01,12.91,17.16,13.60,14.29,15.08
2026-09-15 00:00:00+00:00,Gavião,1209,32.76,0.12,32.52,33.00,32.66,32.75,32.85,22.98,0.27,22.60,23.79,22.76,22.94,23.15,14.56,0.54,13.71,15.90,14.12,14.51,14.94
2026-09-16 00:00:00+00:00,Gavião,1209,32.95,0.57,31.67,33.79,32.51,33.04,33.41,23.19,0.16,22.87,23.40,23.05,23.23,23.32,15.10,0.43,14.40,15.90,14.74,15.08,15.46
2026-09-17 00:00:00+00:00,Gavião,1209,31.75,0.37,30.75,32.30,31.51,31.79,32.04,22.03,0.12,21.89,22.38,21.92,21.99,22.11,12.89,0.81,11.71,14.61,12.21,12.74,13.54
2026-09-18 00:00:00+00:00,Gavião,1209,33.33,0.32,32.41,33.80,33.13,33.38,33.58,21.25,0.34,20.70,22.05,20.97,21.23,21.51,9.65,0.98,8.11,12.11,8.86,9.57,10.31
2026-09-19 00:00:00+00:00,Gavião,1209,36.50,0.61,34.99,37.39,36.06,36.58,36.99,23.39,0.31,22.90,24.19,23.13,23.36,23.60,11.25,1.03,9.71,14.10,10.42,11.12,11.93
2026-09-20 00:00:00+00:00,Gavião,1209,36.73,0.46,35.49,37.40,36.43,36.80,37.10,25.24,0.21,24.90,25.78,25.07,25.22,25.39,14.85,0.81,13.61,16.90,14.20,14.78,15.42
2026-09-21 00:00:00+00:00,Gavião,1209,37.85,0.52,36.49,38.60,37.51,37.93,38.27,25.09,0.25,24.70,25.73,24.89,25.06,25.26,13.66,0.77,12.51,15.74,13.04,13.57,14.20
2026-09-22 00:00:00+00:00,Gavião,1209,39.64,0.52,38.37,40.40,39.25,39.72,40.06,25.59,0.33,25.10,26.53,25.33,25.56,25.82,12.83,1.08,11.21,15.80,11.96,12.70,13.56
2026-09-23 00:00:00+00:00,Gavião,1209,40.74,0.63,39.25,41.69,40.28,40.81,41.24,25.60,0.46,24.90,26.84,25.22,25.55,25.91,12.81,1.20,11.01,16.15,11.86,12.68,13.64
2026-09-24 00:00:00+00:00,Gavião,1209,38.85,0.54,37.61,39.69,38.45,38.91,39.29,24.48,0.39,23.90,25.58,24.17,24.43,24.74,12.74,1.03,11.21,15.60,11.93,12.64,13.44
2026-09-25 00:00:00+00:00,Gavião,1209,34.02,0.28,33.43,34.50,33.81,34.03,34.25,22.19,0.37,21.70,23.34,21.90,22.14,22.41,12.29,0.94,10.91,14.91,11.54,12.16,12.87
2026-09-26 00:00:00+00:00,Gavião,1209,36.10,0.19,35.61,36.40,35.97,36.12,36.25,22.77,0.38,22.20,23.88,22.47,22.72,23.02,9.92,1.02,8.41,12.83,9.11,9.78,10.57
2026-09-27 00:00:00+00:00,Gavião,1209,33.61,0.50,32.43,34.39,33.24,33.66,34.02,23.03,0.28,22.60,23.73,22.80,22.99,23.24,15.18,0.61,14.21,16.61,14.68,15.14,15.63
2026-09-28 00:00:00+00:00,Gavião,1209,28.62,0.13,28.25,28.92,28.53,28.64,28.70,21.98,0.09,21.67,22.10,21.93,22.01,22.06,14.93,0.22,14.60,15.47,14.75,14.90,15.10
2026-09-29 00:00:00+00:00,Gavião,1209,30.42,0.32,29.53,30.90,30.20,30.47,30.68,23.97,0.30,23.10,24.40,23.77,24.01,24.21,19.98,0.29,19.17,20.40,19.80,20.03,20.22
2026-09-10 00:00:00+00:00,Marvão,1210,30.73,0.16,30.51,31.05,30.59,30.70,30.88,23.37,0.03,23.28,23.40,23.36,23.38,23.39,16.53,0.19,16.12,16.79,16.37,16.56,16.69
2026-09-11 00:00:00+00:00,Marvão,1210,33.18,0.20,32.91,33.62,33.01,33.14,33.35,26.69,0.15,26.31,26.89,26.57,26.73,26.82,20.91,0.57,19.64,21.66,20.47,21.05,21.40
2026-09-12 00:00:00+00:00,Marvão,1210,35.17,0.19,34.91,35.58,35.01,35.14,35.34,29.28,0.23,28.73,29.58,29.10,29.34,29.48,24.88,0.91,22.80,26.04,24.17,25.12,25.65
2026-09-13 00:00:00+00:00,Marvão,1210,35.83,0.16,35.61,36.19,35.69,35.80,35.97,29.54,0.19,29.13,29.79,29.39,29.59,29.70,24.60,0.65,23.19,25.45,24.08,24.77,25.16
2026-09-14 00:00:00+00:00,Marvão,1210,35.85,0.27,35.52,36.47,35.62,35.77,36.06,29.50,0.15,29.17,29.69,29.37,29.53,29.62,24.44,0.63,23.01,25.26,23.93,24.60,24.98
2026-09-15 00:00:00+00:00,Marvão,1210,32.05,0.29,31.71,32.72,31.80,31.95,32.24,25.67,0.02,25.62,25.72,25.66,25.67,25.68,17.94,0.03,17.88,17.99,17.92,17.93,17.96
2026-09-16 00:00:00+00:00,Marvão,1210,29.03,0.24,28.72,29.56,28.82,28.96,29.22,22.17,0.14,22.01,22.47,22.05,22.12,22.27,14.98,0.22,14.71,15.49,14.80,14.91,15.15
2026-09-17 00:00:00+00:00,Marvão,1210,27.92,0.23,27.62,28.40,27.72,27.87,28.11,21.41,0.06,21.31,21.52,21.35,21.40,21.47,15.97,0.12,15.60,16.10,15.87,16.02,16.07
2026-09-18 00:00:00+00:00,Marvão,1210,29.60,0.21,29.31,30.06,29.41,29.55,29.78,23.14,0.03,23.07,23.20,23.11,23.14,23.17,16.95,0.30,16.28,17.37,16.69,17.01,17.21
2026-09-19 00:00:00+00:00,Marvão,1210,31.56,0.26,31.22,32.15,31.33,31.50,31.77,26.07,0.17,25.69,26.29,25.93,26.11,26.21,22.10,0.72,20.50,23.05,21.51,22.28,22.72
2026-09-20 00:00:00+00:00,Marvão,1210,32.33,0.24,32.02,32.88,32.12,32.27,32.53,26.88,0.08,26.72,26.99,26.81,26.90,26.95,21.67,0.38,20.87,22.17,21.36,21.76,21.99
2026-09-21 00:00:00+00:00,Marvão,1210,33.05,0.27,32.72,33.67,32.83,32.99,33.27,27.16,0.09,26.97,27.29,27.07,27.18,27.24,20.81,0.35,20.09,21.27,20.50,20.88,21.11
2026-09-22 00:00:00+00:00,Marvão,1210,35.52,0.25,35.21,36.10,35.31,35.46,35.73,29.28,0.22,28.80,29.58,29.09,29.33,29.47,24.45,0.83,22.60,25.54,23.78,24.67,25.17
2026-09-23 00:00:00+00:00,Marvão,1210,36.36,0.19,36.11,36.76,36.20,36.32,36.52,29.87,0.23,29.35,30.18,29.67,29.92,30.07,25.67,0.89,23.71,26.84,24.96,25.89,26.43
2026-09-24 00:00:00+00:00,Marvão,1210,35.11,0.23,34.81,35.63,34.91,35.05,35.29,28.49,0.22,27.98,28.78,28.31,28.54,28.68,23.36,0.67,21.90,24.25,22.81,23.52,23.94
2026-09-25 00:00:00+00:00,Marvão,1210,32.21,0.24,31.91,32.72,32.01,32.14,32.38,26.78,0.23,26.21,27.08,26.58,26.83,26.98,22.36,0.70,20.73,23.26,21.81,22.53,22.95
2026-09-26 00:00:00+00:00,Marvão,1210,34.35,0.10,34.21,34.55,34.26,34.33,34.44,27.12,0.28,26.47,27.48,26.90,27.19,27.36,21.65,0.84,19.73,22.74,20.98,21.86,22.37
2026-09-27 00:00:00+00:00,Marvão,1210,29.76,0.27,29.42,30.36,29.53,29.69,29.97,25.09,0.08,24.88,25.19,25.03,25.11,25.16,18.72,0.04,18.66,18.79,18.69,18.71,18.75
2026-09-28 00:00:00+00:00,Marvão,1210,26.37,0.19,26.11,26.76,26.21,26.32,26.52,20.29,0.14,20.11,20.59,20.17,20.26,20.40,16.41,0.08,16.20,16.50,16.35,16.43,16.48
2026-09-29 00:00:00+00:00,Marvão,1210,26.94,0.16,26.71,27.28,26.80,26.91,27.09,20.31,0.22,20.02,20.79,20.12,20.26,20.50,16.72,0.16,16.51,17.08,16.58,16.69,16.87
2026-09-10 00:00:00+00:00,Monforte,1211,32.08,0.43,30.93,32.66,31.81,32.28,32.37,23.16,0.31,22.41,23.93,22.95,23.24,23.37,14.39,1.07,12.23,16.22,13.49,14.49,15.29
2026-09-11 00:00:00+00:00,Monforte,1211,34.39,0.36,33.37,34.93,34.22,34.51,34.62,25.35,0.57,24.38,26.53,24.85,25.33,25.80,15.81,1.97,13.21,20.27,14.10,15.37,17.34
2026-09-12 00:00:00+00:00,Monforte,1211,36.17,0.26,35.37,36.56,36.09,36.26,36.34,26.99,0.97,25.50,29.02,26.16,26.87,27.80,18.22,2.51,15.26,24.12,16.02,17.52,20.13
2026-09-13 00:00:00+00:00,Monforte,1211,36.53,0.18,35.97,36.87,36.43,36.58,36.65,27.82,0.68,26.94,29.33,27.23,27.66,28.36,18.79,2.23,16.07,23.89,16.86,18.21,20.59
2026-09-14 00:00:00+00:00,Monforte,1211,36.89,0.32,35.96,37.29,36.72,37.02,37.10,28.32,0.45,27.64,29.33,27.93,28.26,28.63,19.61,1.85,17.03,23.84,17.99,19.30,20.99
2026-09-15 00:00:00+00:00,Monforte,1211,33.21,0.52,32.04,34.12,32.77,33.38,33.59,25.41,0.21,24.98,26.04,25.24,25.39,25.55,17.46,0.11,17.27,17.79,17.39,17.42,17.50
2026-09-16 00:00:00+00:00,Monforte,1211,30.43,0.48,29.19,31.24,30.11,30.60,30.74,22.30,0.22,21.79,23.01,22.18,22.29,22.39,16.11,0.42,15.07,16.60,15.81,16.23,16.47
2026-09-17 00:00:00+00:00,Monforte,1211,29.63,0.54,28.18,30.33,29.30,29.90,30.01,22.35,0.31,21.59,23.09,22.18,22.38,22.52,15.70,0.56,14.29,16.79,15.30,15.91,16.11
2026-09-18 00:00:00+00:00,Monforte,1211,30.55,0.25,29.77,30.91,30.44,30.63,30.72,22.00,0.57,20.91,22.99,21.52,22.04,22.48,13.47,1.31,11.77,16.45,12.32,13.15,14.50
2026-09-19 00:00:00+00:00,Monforte,1211,32.67,0.31,31.72,33.02,32.57,32.79,32.88,24.30,0.75,23.10,25.86,23.64,24.24,24.91,16.03,2.26,13.28,21.33,14.06,15.43,17.73
2026-09-20 00:00:00+00:00,Monforte,1211,33.05,0.23,32.45,33.48,32.88,33.10,33.21,25.42,0.66,24.30,26.69,24.86,25.40,25.99,17.51,1.71,14.88,21.14,16.01,17.32,18.89
2026-09-21 00:00:00+00:00,Monforte,1211,33.49,0.25,32.90,34.16,33.32,33.53,33.64,25.47,0.73,24.29,26.93,24.84,25.42,26.08,17.63,1.13,16.24,20.34,16.64,17.35,18.45
2026-09-22 00:00:00+00:00,Monforte,1211,36.26,0.22,35.61,36.66,36.14,36.32,36.40,27.06,0.82,26.03,28.97,26.34,26.84,27.67,17.52,2.60,14.38,23.59,15.24,16.82,19.49
2026-09-23 00:00:00+00:00,Monforte,1211,37.14,0.20,36.49,37.46,37.08,37.21,37.28,27.65,0.79,26.78,29.55,26.95,27.39,28.23,18.37,2.64,15.44,24.72,16.08,17.53,20.33
2026-09-24 00:00:00+00:00,Monforte,1211,36.09,0.30,35.22,36.64,35.97,36.18,36.27,26.87,0.56,26.22,28.26,26.39,26.72,27.25,17.34,2.21,14.75,22.56,15.41,16.70,18.99
2026-09-25 00:00:00+00:00,Monforte,1211,33.83,0.66,32.34,34.99,33.29,34.04,34.29,25.75,0.35,25.21,26.61,25.45,25.69,26.00,17.93,1.57,16.14,21.82,16.55,17.45,19.03
2026-09-26 00:00:00+00:00,Monforte,1211,35.58,0.44,34.54,36.32,35.23,35.74,35.88,25.00,0.83,23.69,26.84,24.28,24.92,25.58,15.01,2.52,11.66,20.84,12.79,14.47,16.89
2026-09-27 00:00:00+00:00,Monforte,1211,31.08,0.43,29.92,31.88,30.85,31.20,31.34,24.47,0.27,23.95,25.00,24.24,24.48,24.69,17.46,0.46,16.75,18.47,17.06,17.40,17.81
2026-09-28 00:00:00+00:00,Monforte,1211,27.92,0.50,26.61,28.80,27.61,28.06,28.22,21.12,0.26,20.42,21.70,20.99,21.16,21.27,16.79,0.23,16.35,17.20,16.58,16.81,16.99
2026-09-29 00:00:00+00:00,Monforte,1211,28.30,0.37,27.21,28.78,28.13,28.44,28.55,21.83,0.48,20.54,22.31,21.53,22.02,22.23,17.67,0.34,16.89,18.19,17.41,17.72,17.97
2026-09-10 00:00:00+00:00,Nisa,1212,32.29,0.69,31.30,34.33,31.72,32.10,32.75,22.90,0.28,21.98,23.27,22.76,22.99,23.11,14.48,1.21,10.73,16.02,13.66,14.87,15.46
2026-09-11 00:00:00+00:00,Nisa,1212,34.97,0.65,33.85,36.79,34.43,34.82,35.41,25.41,0.41,24.17,26.22,25.15,25.54,25.70,16.68,1.42,12.48,19.27,15.75,17.15,17.79
2026-09-12 00:00:00+00:00,Nisa,1212,37.07,0.84,35.85,39.38,36.40,36.85,37.68,27.65,0.49,26.13,28.67,27.36,27.84,27.96,18.68,1.80,13.28,22.57,17.53,19.34,19.87
2026-09-13 00:00:00+00:00,Nisa,1212,37.53,0.67,36.47,39.30,36.96,37.41,38.00,28.24,0.47,26.79,29.01,27.93,28.44,28.57,20.08,1.54,15.54,22.78,19.00,20.67,21.29
2026-09-14 00:00:00+00:00,Nisa,1212,37.94,0.57,36.53,39.64,37.59,37.83,38.28,28.27,0.55,26.62,29.08,27.90,28.48,28.70,19.52,1.67,14.49,22.56,18.40,20.14,20.80
2026-09-15 00:00:00+00:00,Nisa,1212,32.86,0.46,32.19,34.55,32.56,32.67,33.00,24.71,0.70,22.98,26.12,24.18,24.83,25.20,17.04,0.81,14.59,18.17,16.50,17.25,17.70
2026-09-16 00:00:00+00:00,Nisa,1212,31.08,0.69,29.69,33.06,30.49,31.02,31.54,23.02,0.21,22.35,23.47,22.88,23.05,23.18,16.09,0.38,15.03,16.94,15.82,16.06,16.40
2026-09-17 00:00:00+00:00,Nisa,1212,29.80,0.73,28.68,31.75,29.20,29.66,30.34,21.80,0.18,21.36,22.19,21.66,21.82,21.94,14.78,0.54,12.69,15.77,14.60,14.97,15.08
2026-09-18 00:00:00+00:00,Nisa,1212,31.54,0.67,30.34,33.33,30.97,31.41,32.02,22.72,0.47,21.26,23.53,22.40,22.82,23.10,14.30,1.56,9.71,16.60,13.18,14.75,15.56
2026-09-19 00:00:00+00:00,Nisa,1212,33.99,0.89,32.41,36.58,33.25,33.79,34.58,24.80,0.44,23.40,25.57,24.52,24.97,25.13,16.68,1.82,11.32,19.97,15.44,17.31,18.12
2026-09-20 00:00:00+00:00,Nisa,1212,34.55,0.78,33.13,36.77,33.90,34.36,35.06,26.31,0.33,25.28,26.93,26.10,26.41,26.56,18.78,1.26,14.91,20.44,17.93,19.26,19.79
2026-09-21 00:00:00+00:00,Nisa,1212,35.60,0.83,33.91,37.92,34.91,35.47,36.15,26.39,0.43,25.13,27.04,26.10,26.52,26.73,17.75,1.36,13.75,19.51,16.79,18.22,18.86
2026-09-22 00:00:00+00:00,Nisa,1212,37.72,0.68,36.22,39.73,37.19,37.61,38.14,27.58,0.67,25.65,28.54,27.09,27.81,28.12,18.58,1.89,12.95,22.13,17.30,19.30,19.99
2026-09-23 00:00:00+00:00,Nisa,1212,38.26,0.84,37.06,40.79,37.59,38.02,38.80,28.01,0.79,25.64,29.08,27.46,28.30,28.66,19.39,2.15,12.99,23.12,17.87,20.23,21.07
2026-09-24 00:00:00+00:00,Nisa,1212,36.95,0.59,35.72,38.89,36.58,36.73,37.29,26.63,0.71,24.53,27.74,26.13,26.89,27.20,18.45,1.88,12.91,21.31,17.11,19.15,19.97
2026-09-25 00:00:00+00:00,Nisa,1212,33.20,0.23,32.51,34.00,33.05,33.17,33.35,24.34,0.83,22.19,25.89,23.75,24.48,25.03,16.81,1.63,12.28,20.42,15.74,17.13,18.07
2026-09-26 00:00:00+00:00,Nisa,1212,34.98,0.39,34.45,36.04,34.66,34.88,35.28,24.87,0.73,22.81,26.26,24.39,25.07,25.43,15.26,1.87,10.01,19.28,14.00,15.76,16.69
2026-09-27 00:00:00+00:00,Nisa,1212,31.73,0.61,30.43,33.63,31.30,31.55,32.09,24.14,0.37,22.99,24.76,23.91,24.24,24.43,17.82,0.89,15.20,19.28,17.23,18.00,18.55
2026-09-28 00:00:00+00:00,Nisa,1212,27.55,0.39,26.93,28.52,27.22,27.40,27.85,21.33,0.27,20.68,21.96,21.11,21.31,21.52,15.68,0.22,14.91,16.21,15.58,15.72,15.80
2026-09-29 00:00:00+00:00,Nisa,1212,28.29,0.76,27.25,30.33,27.65,28.07,28.89,22.18,0.66,21.07,23.95,21.63,22.00,22.67,18.39,0.63,17.38,20.01,17.86,18.28,18.84
2026-09-10 00:00:00+00:00,Ponte de Sor,1213,33.23,0.46,32.25,34.71,32.93,33.26,33.43,22.55,0.32,21.81,23.35,22.30,22.52,22.74,12.73,0.62,10.13,14.27,12.50,12.63,13.09
2026-09-11 00:00:00+00:00,Ponte de Sor,1213,36.23,0.28,35.46,37.24,36.08,36.23,36.30,24.53,0.11,23.99,24.83,24.47,24.55,24.60,13.36,0.64,11.73,15.60,12.89,13.22,13.63
2026-09-12 00:00:00+00:00,Ponte de Sor,1213,38.85,0.43,38.37,40.68,38.60,38.65,38.95,26.72,0.22,25.86,27.55,26.64,26.70,26.77,14.44,0.81,12.24,17.01,13.85,14.21,14.90
2026-09-13 00:00:00+00:00,Ponte de Sor,1213,38.93,0.22,38.42,39.79,38.82,38.89,38.98,27.09,0.30,26.48,28.04,26.90,26.99,27.21,16.06,0.54,14.61,17.80,15.70,15.91,16.42
2026-09-14 00:00:00+00:00,Ponte de Sor,1213,38.68,0.49,37.55,39.86,38.26,38.85,39.06,26.86,0.19,26.29,27.41,26.77,26.82,26.98,15.56,0.78,13.56,17.47,14.95,15.35,16.07
2026-09-15 00:00:00+00:00,Ponte de Sor,1213,32.15,0.75,29.81,32.97,31.75,32.60,32.67,23.02,0.27,22.14,23.73,22.92,23.09,23.16,15.29,0.34,14.14,16.38,15.05,15.23,15.48
2026-09-16 00:00:00+00:00,Ponte de Sor,1213,31.20,0.67,29.83,33.21,30.58,31.46,31.59,22.49,0.42,21.35,23.23,22.13,22.71,22.78,16.65,0.38,14.95,17.20,16.41,16.79,16.96
2026-09-17 00:00:00+00:00,Ponte de Sor,1213,31.29,0.25,30.59,32.02,31.18,31.33,31.47,22.66,0.35,21.70,23.28,22.44,22.75,22.96,15.72,0.72,12.54,17.45,15.41,15.88,16.08
2026-09-18 00:00:00+00:00,Ponte de Sor,1213,33.22,0.15,32.80,33.63,33.14,33.23,33.29,21.99,0.21,21.02,22.45,21.90,21.99,22.14,11.37,1.26,8.90,14.24,10.30,10.95,12.46
2026-09-19 00:00:00+00:00,Ponte de Sor,1213,35.46,0.52,34.58,37.21,35.11,35.24,35.74,24.06,0.28,23.16,25.05,23.95,24.00,24.16,12.45,0.56,10.40,14.06,12.19,12.33,12.76
2026-09-20 00:00:00+00:00,Ponte de Sor,1213,36.26,0.29,35.40,37.10,36.14,36.19,36.42,25.62,0.35,25.05,26.83,25.40,25.47,25.72,16.17,0.46,14.22,17.27,16.01,16.12,16.41
2026-09-21 00:00:00+00:00,Ponte de Sor,1213,37.11,0.22,36.38,38.20,37.01,37.12,37.19,25.55,0.40,24.87,26.91,25.30,25.37,25.69,14.65,1.15,12.97,17.60,13.72,14.23,15.24
2026-09-22 00:00:00+00:00,Ponte de Sor,1213,38.42,0.29,37.93,39.93,38.25,38.39,38.50,25.74,0.18,25.26,26.71,25.67,25.71,25.82,14.05,0.80,11.91,16.93,13.60,13.78,14.34
2026-09-23 00:00:00+00:00,Ponte de Sor,1213,39.26,0.40,38.43,41.11,39.06,39.27,39.40,26.06,0.22,25.21,26.92,25.97,26.03,26.18,13.84,0.93,11.75,17.30,13.17,13.54,14.31
2026-09-24 00:00:00+00:00,Ponte de Sor,1213,37.45,0.49,36.25,39.17,37.17,37.57,37.70,24.70,0.19,24.12,25.25,24.59,24.66,24.84,13.54,0.84,11.81,16.25,12.86,13.26,14.00
2026-09-25 00:00:00+00:00,Ponte de Sor,1213,33.25,0.33,32.35,34.19,33.09,33.38,33.44,22.29,0.26,21.52,22.95,22.19,22.30,22.44,13.39,0.44,11.59,14.37,13.06,13.38,13.77
2026-09-26 00:00:00+00:00,Ponte de Sor,1213,35.98,0.27,35.34,36.30,35.72,36.07,36.21,23.11,0.17,22.46,23.72,23.01,23.07,23.20,10.97,0.91,9.08,13.66,10.23,10.68,11.59
2026-09-27 00:00:00+00:00,Ponte de Sor,1213,32.51,0.29,31.66,33.91,32.41,32.50,32.57,23.72,0.15,22.87,23.96,23.71,23.76,23.79,16.58,0.53,14.77,17.79,16.30,16.44,16.90
2026-09-28 00:00:00+00:00,Ponte de Sor,1213,29.30,0.20,28.78,29.74,29.18,29.36,29.45,22.16,0.18,21.58,22.40,22.07,22.17,22.30,15.51,0.27,14.78,16.54,15.38,15.43,15.62
2026-09-29 00:00:00+00:00,Ponte de Sor,1213,30.48,0.17,29.77,30.91,30.43,30.53,30.58,23.82,0.28,22.78,24.24,23.71,23.89,24.03,19.59,0.14,19.33,20.19,19.51,19.54,19.62
2026-09-10 00:00:00+00:00,Portalegre,1214,30.64,0.13,30.50,31.14,30.53,30.59,30.71,23.40,0.02,23.33,23.51,23.39,23.40,23.40,16.65,0.14,16.09,16.80,16.57,16.69,16.76
2026-09-11 00:00:00+00:00,Portalegre,1214,33.05,0.14,32.90,33.57,32.94,33.01,33.13,26.79,0.10,26.39,26.90,26.73,26.82,26.87,21.26,0.42,19.61,21.70,21.03,21.39,21.59
2026-09-12 00:00:00+00:00,Portalegre,1214,35.05,0.13,34.90,35.50,34.94,35.01,35.12,29.42,0.17,28.74,29.60,29.33,29.48,29.56,25.47,0.60,23.20,26.10,25.14,25.66,25.95
2026-09-13 00:00:00+00:00,Portalegre,1214,35.72,0.10,35.60,36.06,35.63,35.69,35.78,29.65,0.14,29.10,29.80,29.58,29.70,29.76,24.99,0.49,23.10,25.50,24.73,25.15,25.38
2026-09-14 00:00:00+00:00,Portalegre,1214,35.65,0.14,35.50,36.12,35.54,35.61,35.73,29.59,0.10,29.21,29.70,29.53,29.62,29.67,24.86,0.41,23.27,25.30,24.62,24.99,25.19
2026-09-15 00:00:00+00:00,Portalegre,1214,31.83,0.14,31.70,32.39,31.73,31.79,31.89,25.67,0.04,25.47,25.73,25.66,25.68,25.69,17.94,0.05,17.76,18.00,17.91,17.96,17.99
2026-09-16 00:00:00+00:00,Portalegre,1214,28.87,0.16,28.70,29.45,28.74,28.82,28.95,22.06,0.06,22.00,22.32,22.01,22.04,22.09,14.82,0.11,14.70,15.24,14.73,14.79,14.89
2026-09-17 00:00:00+00:00,Portalegre,1214,27.79,0.18,27.60,28.44,27.65,27.73,27.88,21.39,0.10,21.30,21.77,21.32,21.36,21.44,16.10,0.03,15.95,16.23,16.09,16.10,16.10
2026-09-18 00:00:00+00:00,Portalegre,1214,29.45,0.13,29.30,29.91,29.34,29.41,29.53,23.14,0.06,22.89,23.20,23.12,23.16,23.19,17.11,0.28,16.01,17.40,16.96,17.20,17.33
2026-09-19 00:00:00+00:00,Portalegre,1214,31.37,0.15,31.20,31.88,31.24,31.33,31.46,26.17,0.13,25.65,26.30,26.10,26.21,26.27,22.55,0.53,20.53,23.10,22.26,22.72,22.96
2026-09-20 00:00:00+00:00,Portalegre,1214,32.15,0.13,32.00,32.57,32.04,32.11,32.23,26.91,0.09,26.53,27.00,26.87,26.94,26.98,21.89,0.30,20.66,22.20,21.73,21.98,22.12
2026-09-21 00:00:00+00:00,Portalegre,1214,32.84,0.12,32.70,33.30,32.74,32.82,32.93,27.19,0.11,26.74,27.30,27.14,27.23,27.28,21.01,0.27,19.96,21.30,20.86,21.10,21.23
2026-09-22 00:00:00+00:00,Portalegre,1214,35.34,0.12,35.20,35.73,35.24,35.30,35.41,29.41,0.18,28.69,29.60,29.31,29.47,29.55,24.97,0.60,22.66,25.60,24.64,25.16,25.45
2026-09-23 00:00:00+00:00,Portalegre,1214,36.22,0.11,36.10,36.60,36.13,36.19,36.29,30.00,0.19,29.25,30.20,29.90,30.06,30.15,26.22,0.65,23.72,26.90,25.86,26.43,26.73
2026-09-24 00:00:00+00:00,Portalegre,1214,34.94,0.13,34.80,35.41,34.83,34.90,35.02,28.64,0.15,28.07,28.80,28.55,28.68,28.76,23.76,0.51,21.76,24.30,23.49,23.93,24.17
2026-09-25 00:00:00+00:00,Portalegre,1214,32.06,0.17,31.90,32.72,31.93,32.00,32.14,26.95,0.13,26.50,27.10,26.87,26.98,27.06,22.83,0.43,21.25,23.30,22.58,22.97,23.18
2026-09-26 00:00:00+00:00,Portalegre,1214,34.31,0.11,34.20,34.75,34.22,34.27,34.36,27.30,0.18,26.62,27.50,27.20,27.36,27.45,22.19,0.58,19.99,22.80,21.87,22.38,22.65
2026-09-27 00:00:00+00:00,Portalegre,1214,29.58,0.17,29.40,30.16,29.44,29.53,29.67,25.15,0.05,24.96,25.20,25.12,25.16,25.19,18.71,0.09,18.35,18.80,18.67,18.74,18.78
2026-09-28 00:00:00+00:00,Portalegre,1214,26.27,0.16,26.10,26.88,26.14,26.21,26.35,20.21,0.10,20.10,20.57,20.13,20.17,20.26,16.49,0.03,16.36,16.60,16.49,16.50,16.50
2026-09-29 00:00:00+00:00,Portalegre,1214,26.86,0.15,26.70,27.40,26.74,26.81,26.94,20.17,0.16,20.00,20.74,20.04,20.12,20.26,16.61,0.10,16.50,16.96,16.53,16.59,16.67
2026-09-10 00:00:00+00:00,Sousel,1215,32.90,0.30,32.32,33.33,32.65,32.97,33.15,22.95,0.20,22.50,23.27,22.79,23.01,23.10,13.05,0.24,12.41,13.29,12.89,13.18,13.23
2026-09-11 00:00:00+00:00,Sousel,1215,35.28,0.40,34.49,35.91,34.94,35.36,35.63,24.77,0.10,24.48,24.89,24.72,24.82,24.85,13.91,0.16,13.43,14.13,13.86,13.97,14.01
2026-09-12 00:00:00+00:00,Sousel,1215,37.51,0.68,36.23,38.62,36.90,37.62,38.12,26.47,0.33,25.69,26.84,26.22,26.60,26.75,15.60,0.12,15.35,15.95,15.51,15.62,15.68
2026-09-13 00:00:00+00:00,Sousel,1215,37.64,0.58,36.52,38.52,37.13,37.76,38.17,27.31,0.11,27.03,27.43,27.23,27.36,27.40,16.93,0.23,16.32,17.20,16.80,17.02,17.10
2026-09-14 00:00:00+00:00,Sousel,1215,37.72,0.35,37.04,38.30,37.41,37.79,38.00,27.47,0.13,27.22,27.70,27.36,27.47,27.58,17.09,0.15,16.80,17.50,16.98,17.11,17.19
2026-09-15 00:00:00+00:00,Sousel,1215,33.11,0.21,32.65,33.42,32.93,33.13,33.31,24.43,0.41,23.76,25.10,24.07,24.43,24.80,16.95,0.28,16.47,17.43,16.70,16.94,17.21
2026-09-16 00:00:00+00:00,Sousel,1215,30.88,0.16,30.60,31.25,30.76,30.88,30.99,22.26,0.18,21.87,22.59,22.12,22.29,22.39,16.76,0.13,16.55,17.11,16.65,16.75,16.85
2026-09-17 00:00:00+00:00,Sousel,1215,30.66,0.35,29.96,31.10,30.36,30.75,30.98,22.77,0.26,22.25,23.23,22.56,22.85,22.97,16.10,0.77,14.54,17.43,15.44,16.29,16.70
2026-09-18 00:00:00+00:00,Sousel,1215,31.75,0.64,30.54,32.68,31.19,31.86,32.32,21.91,0.38,21.07,22.46,21.59,22.03,22.21,12.40,0.20,11.92,12.70,12.27,12.45,12.53
2026-09-19 00:00:00+00:00,Sousel,1215,33.90,0.59,32.80,34.94,33.37,33.99,34.43,23.83,0.25,23.24,24.14,23.65,23.93,24.04,13.58,0.14,13.27,13.94,13.47,13.63,13.69
2026-09-20 00:00:00+00:00,Sousel,1215,34.31,0.77,32.82,35.49,33.63,34.45,34.99,25.31,0.39,24.47,25.82,24.99,25.44,25.65,16.24,0.47,15.15,16.81,15.87,16.41,16.62
2026-09-21 00:00:00+00:00,Sousel,1215,34.93,0.92,33.16,36.24,34.12,35.09,35.75,25.20,0.35,24.45,25.68,24.91,25.31,25.50,16.15,0.12,15.90,16.41,16.05,16.17,16.24
2026-09-22 00:00:00+00:00,Sousel,1215,37.10,0.47,36.20,37.80,36.67,37.17,37.51,26.05,0.08,25.86,26.23,25.99,26.06,26.10,14.77,0.15,14.38,15.13,14.66,14.80,14.88
2026-09-23 00:00:00+00:00,Sousel,1215,38.14,0.48,37.20,38.80,37.71,38.23,38.56,26.66,0.12,26.38,26.89,26.58,26.67,26.77,15.17,0.38,14.46,15.89,14.82,15.20,15.51
2026-09-24 00:00:00+00:00,Sousel,1215,36.81,0.35,36.09,37.32,36.51,36.90,37.10,25.76,0.28,25.31,26.22,25.52,25.75,26.01,14.82,0.15,14.58,15.24,14.68,14.83,14.92
2026-09-25 00:00:00+00:00,Sousel,1215,33.82,0.18,33.51,34.06,33.66,33.86,33.98,24.15,0.64,23.15,25.23,23.54,24.12,24.73,15.21,0.61,14.21,16.22,14.64,15.20,15.77
2026-09-26 00:00:00+00:00,Sousel,1215,35.78,0.03,35.71,35.84,35.77,35.78,35.80,23.61,0.19,23.21,23.93,23.44,23.67,23.77,12.03,0.16,11.63,12.45,11.91,12.07,12.15
2026-09-27 00:00:00+00:00,Sousel,1215,31.94,0.41,31.11,32.52,31.57,32.04,32.29,23.96,0.06,23.83,24.06,23.90,23.99,24.01,17.00,0.08,16.82,17.18,16.95,16.98,17.06
2026-09-28 00:00:00+00:00,Sousel,1215,28.78,0.39,28.00,29.30,28.45,28.87,29.11,21.64,0.29,21.06,22.05,21.39,21.71,21.88,16.25,0.33,15.81,16.89,15.95,16.19,16.54
2026-09-29 00:00:00+00:00,Sousel,1215,29.55,0.58,28.43,30.34,29.04,29.67,30.06,23.00,0.38,22.30,23.56,22.66,23.06,23.34,18.93,0.40,18.23,19.54,18.57,18.97,19.29
2026-09-10 00:00:00+00:00,Amarante,1301,27.16,0.39,26.47,28.44,26.88,27.09,27.40,18.69,0.15,18.40,19.13,18.59,18.66,18.78,11.69,0.46,10.99,12.75,11.27,11.63,12.08
2026-09-11 00:00:00+00:00,Amarante,1301,30.95,0.37,30.24,32.11,30.68,30.90,31.19,21.35,0.28,20.76,21.88,21.13,21.36,21.59,13.29,0.26,12.77,13.93,13.11,13.25,13.49
2026-09-12 00:00:00+00:00,Amarante,1301,33.03,0.45,32.18,34.29,32.66,32.98,33.35,23.67,0.12,23.35,23.93,23.59,23.65,23.78,15.85,0.13,15.43,16.25,15.78,15.83,15.92
2026-09-13 00:00:00+00:00,Amarante,1301,34.66,0.37,34.03,35.74,34.36,34.62,34.93,24.01,0.12,23.69,24.40,23.94,23.99,24.06,15.41,0.36,14.40,16.49,15.16,15.37,15.59
2026-09-14 00:00:00+00:00,Amarante,1301,34.02,0.58,32.81,35.47,33.55,34.09,34.43,23.41,0.47,22.49,24.36,23.05,23.41,23.77,15.37,0.46,14.20,16.55,15.02,15.28,15.68
2026-09-15 00:00:00+00:00,Amarante,1301,28.71,1.01,26.71,30.39,27.89,28.81,29.60,20.48,0.57,19.32,21.60,20.04,20.51,20.94,13.85,0.32,12.45,14.66,13.73,13.83,13.99
2026-09-16 00:00:00+00:00,Amarante,1301,27.45,0.27,27.02,28.49,27.25,27.39,27.61,19.97,0.16,19.60,20.39,19.86,19.96,20.09,13.77,0.12,13.48,14.07,13.69,13.75,13.86
2026-09-17 00:00:00+00:00,Amarante,1301,25.71,0.31,25.19,26.83,25.48,25.64,25.90,18.67,0.29,17.95,19.15,18.44,18.75,18.90,11.63,0.17,11.16,12.16,11.51,11.61,11.74
2026-09-18 00:00:00+00:00,Amarante,1301,27.91,0.38,27.31,29.14,27.60,27.85,28.18,19.07,0.11,18.76,19.30,19.00,19.07,19.16,11.70,0.16,11.23,12.12,11.61,11.69,11.79
2026-09-19 00:00:00+00:00,Amarante,1301,31.15,0.42,30.44,32.39,30.81,31.07,31.45,21.66,0.12,21.35,22.04,21.57,21.63,21.75,13.67,0.28,12.59,14.42,13.51,13.69,13.84
2026-09-20 00:00:00+00:00,Amarante,1301,33.41,0.43,32.65,34.79,33.05,33.34,33.72,23.47,0.10,23.09,23.79,23.42,23.45,23.51,14.82,0.37,13.87,15.79,14.54,14.73,15.04
2026-09-21 00:00:00+00:00,Amarante,1301,34.52,0.42,33.77,35.85,34.19,34.46,34.82,23.94,0.13,23.55,24.31,23.88,23.92,23.99,15.61,0.44,13.81,16.39,15.35,15.67,15.97
2026-09-22 00:00:00+00:00,Amarante,1301,35.05,0.38,34.43,36.27,34.74,34.99,35.32,24.36,0.20,23.88,24.94,24.24,24.33,24.48,15.75,0.59,14.70,17.34,15.31,15.61,16.12
2026-09-23 00:00:00+00:00,Amarante,1301,34.99,0.57,33.89,36.61,34.52,35.04,35.39,23.39,0.51,22.40,24.46,22.97,23.39,23.78,14.83,0.65,13.57,16.43,14.30,14.70,15.27
2026-09-24 00:00:00+00:00,Amarante,1301,31.94,0.68,30.95,33.37,31.36,31.83,32.48,20.68,0.40,19.95,21.73,20.39,20.64,20.95,14.15,0.77,12.96,15.98,13.53,13.96,14.69
2026-09-25 00:00:00+00:00,Amarante,1301,28.28,0.80,26.83,29.82,27.61,28.25,28.94,18.39,0.24,17.93,19.15,18.24,18.33,18.50,11.76,0.63,9.62,12.65,11.41,11.88,12.29
2026-09-26 00:00:00+00:00,Amarante,1301,30.21,0.60,28.99,31.69,29.72,30.21,30.67,20.04,0.17,19.64,20.47,19.93,20.06,20.14,12.11,0.20,11.29,12.40,12.01,12.19,12.26
2026-09-27 00:00:00+00:00,Amarante,1301,26.93,0.54,25.87,28.00,26.49,26.95,27.40,20.08,0.25,19.54,20.61,19.89,20.09,20.29,15.42,0.12,14.99,15.61,15.37,15.44,15.50
2026-09-28 00:00:00+00:00,Amarante,1301,24.52,0.43,23.75,25.57,24.15,24.49,24.84,18.43,0.20,18.03,18.87,18.26,18.41,18.57,13.77,0.09,13.49,14.00,13.71,13.79,13.84
2026-09-29 00:00:00+00:00,Amarante,1301,24.60,0.32,23.88,25.40,24.37,24.63,24.83,20.01,0.26,19.44,20.47,19.81,20.04,20.24,15.50,0.17,15.10,15.81,15.37,15.50,15.64
2026-09-10 00:00:00+00:00,Baião,1302,26.47,0.24,25.94,26.91,26.31,26.45,26.67,18.17,0.25,17.53,18.60,18.00,18.23,18.36,11.07,0.60,9.82,12.65,10.68,10.99,11.47
2026-09-11 00:00:00+00:00,Baião,1302,30.21,0.26,29.70,30.69,29.98,30.18,30.43,21.22,0.27,20.85,21.96,21.00,21.16,21.39,13.43,0.21,13.11,14.06,13.27,13.39,13.58
2026-09-12 00:00:00+00:00,Baião,1302,31.76,0.38,30.74,32.33,31.51,31.85,32.05,23.20,0.30,22.48,23.87,23.00,23.25,23.42,15.69,0.26,15.14,16.34,15.51,15.71,15.85
2026-09-13 00:00:00+00:00,Baião,1302,33.71,0.26,32.98,34.16,33.54,33.78,33.91,23.85,0.19,23.50,24.49,23.72,23.84,23.93,15.77,0.23,15.51,16.78,15.61,15.66,15.84
2026-09-14 00:00:00+00:00,Baião,1302,33.47,0.42,32.78,34.36,33.11,33.39,33.77,23.72,0.39,22.94,24.54,23.40,23.73,24.06,16.13,0.30,15.65,16.86,15.87,16.13,16.39
2026-09-15 00:00:00+00:00,Baião,1302,28.91,0.87,27.03,30.56,28.23,28.99,29.60,20.62,0.60,19.36,21.77,20.16,20.67,21.10,14.10,0.33,13.50,14.90,13.84,14.10,14.37
2026-09-16 00:00:00+00:00,Baião,1302,26.77,0.33,25.89,27.35,26.56,26.83,27.01,19.29,0.30,18.54,19.84,19.09,19.33,19.51,13.28,0.22,12.75,13.78,13.13,13.31,13.45
2026-09-17 00:00:00+00:00,Baião,1302,24.79,0.38,23.75,25.40,24.54,24.88,25.09,17.78,0.42,16.70,18.60,17.49,17.83,18.07,11.27,0.39,10.39,12.23,11.03,11.27,11.51
2026-09-18 00:00:00+00:00,Baião,1302,26.90,0.35,25.97,27.46,26.67,26.95,27.14,18.49,0.32,17.70,19.19,18.26,18.54,18.73,11.46,0.32,10.77,12.24,11.25,11.48,11.67
2026-09-19 00:00:00+00:00,Baião,1302,30.30,0.17,29.84,30.66,30.20,30.31,30.42,21.29,0.28,20.66,22.01,21.09,21.30,21.48,13.58,0.35,12.89,14.52,13.33,13.57,13.79
2026-09-20 00:00:00+00:00,Baião,1302,32.21,0.38,31.22,32.81,31.95,32.25,32.48,23.21,0.23,22.70,23.91,23.05,23.23,23.37,15.21,0.22,14.96,16.07,15.05,15.14,15.34
2026-09-21 00:00:00+00:00,Baião,1302,33.29,0.42,32.18,34.01,33.01,33.36,33.61,23.75,0.22,23.29,24.42,23.59,23.76,23.88,16.14,0.13,15.96,16.63,16.05,16.11,16.19
2026-09-22 00:00:00+00:00,Baião,1302,34.09,0.28,33.32,34.54,33.91,34.15,34.30,24.32,0.22,23.93,25.10,24.17,24.31,24.41,16.25,0.39,15.82,17.75,15.95,16.12,16.46
2026-09-23 00:00:00+00:00,Baião,1302,34.50,0.29,33.96,35.03,34.24,34.46,34.74,23.74,0.35,23.18,24.66,23.44,23.70,24.01,15.73,0.36,15.17,16.81,15.45,15.69,16.02
2026-09-24 00:00:00+00:00,Baião,1302,32.08,0.65,31.18,33.49,31.49,31.92,32.66,21.22,0.44,20.63,22.16,20.81,21.11,21.62,15.31,0.60,14.19,16.35,14.79,15.33,15.87
2026-09-25 00:00:00+00:00,Baião,1302,28.29,0.83,26.96,29.99,27.57,28.18,29.01,18.71,0.38,18.08,19.48,18.39,18.65,19.06,12.32,0.30,11.58,12.86,12.11,12.31,12.59
2026-09-26 00:00:00+00:00,Baião,1302,29.79,0.54,28.80,30.99,29.33,29.77,30.22,20.14,0.23,19.79,20.59,19.95,20.09,20.34,12.36,0.05,12.19,12.50,12.34,12.37,12.39
2026-09-27 00:00:00+00:00,Baião,1302,26.82,0.55,25.90,27.99,26.36,26.75,27.28,20.12,0.30,19.66,20.76,19.87,20.08,20.37,15.60,0.05,15.50,15.76,15.57,15.59,15.62
2026-09-28 00:00:00+00:00,Baião,1302,23.96,0.35,23.35,25.12,23.74,23.88,24.12,17.91,0.22,17.45,18.58,17.77,17.92,18.04,13.36,0.21,12.88,13.92,13.20,13.36,13.51
2026-09-29 00:00:00+00:00,Baião,1302,23.72,0.33,22.86,24.27,23.52,23.77,23.97,19.32,0.36,18.41,20.02,19.11,19.35,19.59,15.32,0.19,14.95,15.83,15.20,15.27,15.42
2026-09-10 00:00:00+00:00,Felgueiras,1303,27.59,0.33,26.89,28.16,27.35,27.59,27.87,18.82,0.19,18.30,19.16,18.70,18.84,18.97,12.11,0.16,11.71,12.49,12.01,12.07,12.22
2026-09-11 00:00:00+00:00,Felgueiras,1303,31.58,0.32,30.98,32.16,31.34,31.59,31.84,21.34,0.22,20.78,21.73,21.20,21.34,21.51,13.12,0.22,12.47,13.51,13.00,13.14,13.27
2026-09-12 00:00:00+00:00,Felgueiras,1303,34.12,0.38,33.42,34.81,33.80,34.11,34.44,24.08,0.30,23.36,24.70,23.87,24.05,24.30,15.81,0.26,15.01,16.31,15.68,15.79,15.97
2026-09-13 00:00:00+00:00,Felgueiras,1303,35.63,0.39,34.92,36.37,35.31,35.62,35.96,24.19,0.31,23.41,24.80,24.00,24.19,24.41,15.28,0.39,14.16,16.08,15.09,15.23,15.54
2026-09-14 00:00:00+00:00,Felgueiras,1303,34.15,0.33,33.46,34.65,33.91,34.22,34.43,23.13,0.29,22.31,23.59,22.94,23.20,23.35,15.14,0.32,14.24,15.82,14.96,15.08,15.36
2026-09-15 00:00:00+00:00,Felgueiras,1303,28.15,0.41,27.20,28.80,27.85,28.24,28.49,20.45,0.28,19.80,20.91,20.26,20.47,20.68,14.79,0.48,13.96,15.83,14.38,14.72,15.19
2026-09-16 00:00:00+00:00,Felgueiras,1303,27.61,0.21,27.09,28.01,27.45,27.62,27.79,20.39,0.11,20.18,20.56,20.30,20.41,20.48,14.18,0.06,14.00,14.28,14.16,14.18,14.23
2026-09-17 00:00:00+00:00,Felgueiras,1303,26.13,0.22,25.66,26.48,25.97,26.15,26.33,19.53,0.28,19.06,20.11,19.30,19.51,19.76,12.14,0.45,11.00,13.09,11.80,12.10,12.49
2026-09-18 00:00:00+00:00,Felgueiras,1303,28.74,0.38,28.04,29.46,28.44,28.75,29.04,19.38,0.24,18.71,19.79,19.23,19.41,19.58,11.39,0.25,10.50,11.68,11.27,11.46,11.56
2026-09-19 00:00:00+00:00,Felgueiras,1303,32.12,0.38,31.40,32.78,31.83,32.14,32.43,22.10,0.34,21.16,22.74,21.88,22.11,22.33,13.92,0.45,12.61,14.79,13.69,13.88,14.20
2026-09-20 00:00:00+00:00,Felgueiras,1303,34.31,0.34,33.59,34.87,34.03,34.34,34.61,23.73,0.25,23.05,24.19,23.57,23.74,23.91,14.72,0.36,13.64,15.37,14.53,14.73,14.97
2026-09-21 00:00:00+00:00,Felgueiras,1303,35.30,0.31,34.68,35.82,35.05,35.32,35.57,24.04,0.32,23.08,24.59,23.88,24.07,24.28,15.60,0.39,14.43,16.35,15.40,15.57,15.86
2026-09-22 00:00:00+00:00,Felgueiras,1303,35.86,0.33,35.22,36.46,35.60,35.89,36.14,24.31,0.29,23.39,24.81,24.15,24.34,24.51,15.01,0.29,14.01,15.42,14.85,15.12,15.21
2026-09-23 00:00:00+00:00,Felgueiras,1303,35.25,0.38,34.46,35.85,34.91,35.32,35.58,22.88,0.31,22.03,23.33,22.67,22.99,23.13,13.97,0.28,13.07,14.42,13.80,14.07,14.16
2026-09-24 00:00:00+00:00,Felgueiras,1303,31.31,0.19,30.94,31.73,31.17,31.34,31.45,20.07,0.17,19.58,20.35,19.97,20.12,20.21,13.24,0.30,12.26,13.74,13.07,13.31,13.44
2026-09-25 00:00:00+00:00,Felgueiras,1303,27.97,0.35,27.14,28.49,27.72,28.03,28.25,18.56,0.24,18.05,19.06,18.38,18.53,18.76,12.94,0.59,11.95,14.27,12.44,12.82,13.40
2026-09-26 00:00:00+00:00,Felgueiras,1303,30.48,0.34,29.75,31.04,30.23,30.48,30.77,20.16,0.23,19.61,20.58,20.01,20.16,20.33,12.56,0.27,12.02,13.14,12.35,12.52,12.78
2026-09-27 00:00:00+00:00,Felgueiras,1303,26.86,0.29,26.16,27.32,26.66,26.93,27.11,20.07,0.20,19.55,20.42,19.94,20.08,20.24,15.59,0.22,15.02,16.05,15.45,15.55,15.75
2026-09-28 00:00:00+00:00,Felgueiras,1303,24.29,0.21,23.75,24.61,24.12,24.33,24.46,18.66,0.22,18.07,19.01,18.51,18.67,18.84,14.32,0.35,13.42,14.98,14.06,14.33,14.59
2026-09-29 00:00:00+00:00,Felgueiras,1303,25.17,0.19,24.78,25.48,25.00,25.18,25.33,20.79,0.24,20.37,21.28,20.60,20.78,20.98,15.56,0.16,15.22,15.89,15.42,15.55,15.68
2026-09-10 00:00:00+00:00,Gondomar,1304,25.67,0.48,24.97,26.70,25.21,25.58,26.12,18.57,0.06,18.47,18.71,18.52,18.55,18.61,13.12,0.50,11.99,14.04,12.73,13.11,13.52
2026-09-11 00:00:00+00:00,Gondomar,1304,29.10,0.52,28.19,29.94,28.65,29.11,29.64,20.82,0.09,20.62,20.97,20.74,20.83,20.90,13.49,0.43,12.65,14.20,13.08,13.50,13.86
2026-09-12 00:00:00+00:00,Gondomar,1304,32.92,0.16,32.56,33.26,32.81,32.93,33.04,24.25,0.41,23.38,24.95,23.89,24.25,24.60,16.55,0.61,15.11,17.57,16.09,16.57,17.05
2026-09-13 00:00:00+00:00,Gondomar,1304,33.67,0.34,33.14,34.41,33.38,33.64,33.98,24.50,0.57,23.29,25.44,23.97,24.53,24.98,17.26,1.48,14.44,19.85,15.84,17.32,18.53
2026-09-14 00:00:00+00:00,Gondomar,1304,31.41,0.89,30.09,33.17,30.62,31.23,32.27,22.47,0.04,22.35,22.54,22.45,22.48,22.50,16.01,0.68,14.59,17.16,15.39,16.01,16.57
2026-09-15 00:00:00+00:00,Gondomar,1304,25.40,0.91,23.92,27.24,24.61,25.25,26.25,19.41,0.23,18.90,19.70,19.19,19.45,19.61,15.13,1.17,12.77,16.88,14.02,15.35,16.16
2026-09-16 00:00:00+00:00,Gondomar,1304,27.19,0.11,27.02,27.65,27.11,27.16,27.25,20.09,0.29,19.51,20.48,19.82,20.15,20.36,14.76,0.59,13.69,15.64,14.17,14.87,15.31
2026-09-17 00:00:00+00:00,Gondomar,1304,25.42,0.15,25.27,26.00,25.33,25.38,25.45,18.96,0.08,18.85,19.29,18.91,18.93,18.98,12.51,0.21,12.10,12.99,12.37,12.44,12.64
2026-09-18 00:00:00+00:00,Gondomar,1304,27.30,0.20,27.06,28.02,27.17,27.23,27.37,19.29,0.33,18.58,19.87,19.02,19.30,19.57,12.34,0.60,10.91,13.37,11.89,12.35,12.83
2026-09-19 00:00:00+00:00,Gondomar,1304,30.69,0.12,30.58,31.21,30.62,30.63,30.70,22.18,0.48,21.00,22.96,21.83,22.19,22.56,15.43,1.20,12.89,17.48,14.37,15.46,16.43
2026-09-20 00:00:00+00:00,Gondomar,1304,34.15,0.61,33.09,35.36,33.60,34.12,34.68,24.40,0.70,23.04,25.56,23.73,24.44,25.00,15.85,0.92,14.01,17.37,14.97,15.89,16.64
2026-09-21 00:00:00+00:00,Gondomar,1304,34.61,0.27,34.10,35.14,34.40,34.58,34.85,24.69,0.69,23.27,25.86,24.08,24.70,25.27,17.59,1.20,15.08,19.61,16.49,17.62,18.60
2026-09-22 00:00:00+00:00,Gondomar,1304,34.75,0.10,34.57,35.03,34.68,34.73,34.82,24.20,0.30,23.35,24.80,24.06,24.17,24.40,15.79,0.70,14.09,17.14,15.28,15.77,16.33
2026-09-23 00:00:00+00:00,Gondomar,1304,30.31,2.05,26.96,33.82,28.51,30.05,32.39,20.84,0.86,19.56,22.30,20.03,20.69,21.77,13.75,0.21,13.41,14.36,13.60,13.65,13.88
2026-09-24 00:00:00+00:00,Gondomar,1304,26.61,2.57,22.65,31.08,24.30,26.23,29.25,18.73,0.81,17.58,20.04,17.96,18.57,19.59,13.22,0.15,12.73,13.56,13.14,13.20,13.30
2026-09-25 00:00:00+00:00,Gondomar,1304,24.82,1.26,22.85,27.17,23.69,24.63,26.09,17.73,0.20,17.45,18.16,17.55,17.69,17.91,12.67,0.21,12.19,13.07,12.53,12.64,12.82
2026-09-26 00:00:00+00:00,Gondomar,1304,28.59,0.14,28.37,28.90,28.47,28.58,28.71,19.53,0.09,19.22,19.68,19.50,19.53,19.59,12.89,0.59,11.62,13.82,12.35,12.98,13.40
2026-09-27 00:00:00+00:00,Gondomar,1304,25.39,0.38,24.79,26.22,25.06,25.32,25.72,19.60,0.10,19.35,19.77,19.52,19.61,19.69,15.94,0.47,14.95,16.69,15.52,15.98,16.34
2026-09-28 00:00:00+00:00,Gondomar,1304,23.16,0.55,22.30,24.39,22.68,23.08,23.66,18.63,0.27,18.21,19.06,18.35,18.64,18.86,14.77,0.80,13.34,16.05,13.99,14.84,15.46
2026-09-29 00:00:00+00:00,Gondomar,1304,25.02,0.21,24.80,25.89,24.91,24.94,25.03,20.67,0.14,20.51,21.25,20.60,20.63,20.67,15.70,0.17,15.47,16.41,15.61,15.66,15.71
2026-09-10 00:00:00+00:00,Lousada,1305,26.61,0.25,26.32,27.36,26.40,26.55,26.76,18.14,0.24,17.65,18.60,17.95,18.14,18.36,11.65,0.40,10.89,12.56,11.37,11.66,11.92
2026-09-11 00:00:00+00:00,Lousada,1305,30.76,0.25,30.28,31.47,30.60,30.73,30.88,20.58,0.23,20.15,21.13,20.39,20.58,20.75,12.27,0.34,11.58,12.85,12.00,12.28,12.58
2026-09-12 00:00:00+00:00,Lousada,1305,33.15,0.31,32.56,34.02,32.95,33.07,33.29,23.11,0.40,22.29,23.85,22.80,23.14,23.47,14.81,0.55,13.72,15.86,14.39,14.84,15.25
2026-09-13 00:00:00+00:00,Lousada,1305,34.63,0.29,34.21,35.51,34.41,34.55,34.78,23.14,0.42,22.30,23.92,22.82,23.16,23.52,13.81,0.71,12.37,14.95,13.27,13.90,14.40
2026-09-14 00:00:00+00:00,Lousada,1305,33.17,0.25,32.78,33.89,32.99,33.10,33.32,22.03,0.37,21.28,22.79,21.76,22.06,22.36,13.95,0.58,12.74,14.88,13.50,13.99,14.44
2026-09-15 00:00:00+00:00,Lousada,1305,26.84,0.31,26.43,27.70,26.58,26.78,27.05,19.49,0.26,19.14,20.25,19.27,19.44,19.66,13.67,0.40,12.99,14.81,13.36,13.62,13.91
2026-09-16 00:00:00+00:00,Lousada,1305,26.87,0.22,26.45,27.42,26.69,26.88,27.02,20.03,0.12,19.86,20.35,19.94,20.00,20.12,14.21,0.10,13.93,14.31,14.16,14.25,14.29
2026-09-17 00:00:00+00:00,Lousada,1305,25.42,0.19,25.13,25.96,25.27,25.39,25.54,18.79,0.24,18.35,19.45,18.60,18.79,18.94,10.57,0.72,9.08,11.77,10.01,10.60,11.22
2026-09-18 00:00:00+00:00,Lousada,1305,27.67,0.30,27.31,28.57,27.42,27.57,27.86,18.44,0.36,17.69,19.11,18.18,18.47,18.76,10.29,0.66,8.96,11.57,9.80,10.32,10.79
2026-09-19 00:00:00+00:00,Lousada,1305,31.03,0.32,30.55,31.95,30.77,30.96,31.24,20.81,0.56,19.64,21.75,20.38,20.83,21.31,12.18,0.90,10.32,13.75,11.51,12.31,12.90
2026-09-20 00:00:00+00:00,Lousada,1305,33.17,0.33,32.75,34.09,32.88,33.09,33.38,22.77,0.41,21.91,23.49,22.46,22.79,23.14,13.27,0.67,11.87,14.29,12.75,13.30,13.84
2026-09-21 00:00:00+00:00,Lousada,1305,34.34,0.27,33.99,35.11,34.11,34.26,34.52,22.74,0.57,21.54,23.63,22.30,22.77,23.25,14.05,0.89,12.22,15.67,13.37,14.13,14.77
2026-09-22 00:00:00+00:00,Lousada,1305,34.86,0.28,34.52,35.69,34.62,34.77,35.04,23.13,0.53,22.03,24.01,22.72,23.18,23.57,13.80,0.67,12.46,15.07,13.29,13.82,14.34
2026-09-23 00:00:00+00:00,Lousada,1305,34.25,0.24,33.88,34.97,34.07,34.19,34.36,21.84,0.39,21.07,22.47,21.52,21.85,22.18,12.92,0.61,11.73,14.15,12.45,12.92,13.42
2026-09-24 00:00:00+00:00,Lousada,1305,30.92,0.06,30.85,31.12,30.88,30.91,30.94,19.52,0.26,19.04,20.06,19.31,19.50,19.72,12.03,0.60,10.83,13.07,11.56,12.09,12.51
2026-09-25 00:00:00+00:00,Lousada,1305,26.86,0.26,26.51,27.62,26.64,26.81,27.02,17.83,0.22,17.44,18.43,17.65,17.82,17.96,11.63,0.56,10.52,12.86,11.21,11.67,12.10
2026-09-26 00:00:00+00:00,Lousada,1305,29.47,0.28,28.97,30.27,29.29,29.41,29.62,19.41,0.24,18.95,19.97,19.22,19.43,19.58,11.79,0.30,11.17,12.44,11.56,11.81,12.05
2026-09-27 00:00:00+00:00,Lousada,1305,25.89,0.25,25.53,26.59,25.69,25.85,26.05,19.35,0.22,18.94,19.87,19.18,19.35,19.51,14.83,0.32,14.17,15.40,14.58,14.85,15.11
2026-09-28 00:00:00+00:00,Lousada,1305,23.55,0.22,23.14,24.04,23.38,23.56,23.71,17.82,0.28,17.27,18.43,17.60,17.84,18.02,13.01,0.48,12.02,14.04,12.66,13.07,13.38
2026-09-29 00:00:00+00:00,Lousada,1305,24.54,0.18,24.24,25.03,24.40,24.51,24.67,20.20,0.20,19.85,20.75,20.05,20.19,20.33,15.04,0.17,14.74,15.46,14.91,15.04,15.15
2026-09-10 00:00:00+00:00,Marco de Canaveses,1307,26.32,0.11,26.20,26.65,26.24,26.27,26.38,18.65,0.09,18.41,18.80,18.59,18.67,18.73,13.07,0.44,11.92,13.69,12.75,13.16,13.45
2026-09-11 00:00:00+00:00,Marco de Canaveses,1307,29.97,0.16,29.80,30.44,29.84,29.89,30.07,20.84,0.07,20.76,21.08,20.80,20.80,20.86,13.13,0.04,12.99,13.24,13.11,13.14,13.16
2026-09-12 00:00:00+00:00,Marco de Canaveses,1307,32.11,0.17,31.90,32.72,31.99,32.04,32.19,24.09,0.20,23.60,24.40,23.93,24.12,24.27,16.61,0.31,15.96,17.09,16.35,16.64,16.87
2026-09-13 00:00:00+00:00,Marco de Canaveses,1307,33.93,0.12,33.78,34.37,33.84,33.88,33.99,24.10,0.11,23.90,24.30,24.00,24.10,24.20,15.85,0.20,15.34,16.19,15.71,15.85,16.02
2026-09-14 00:00:00+00:00,Marco de Canaveses,1307,32.66,0.24,32.40,33.36,32.48,32.58,32.78,22.84,0.11,22.67,23.26,22.78,22.79,22.87,15.68,0.13,15.19,15.90,15.60,15.70,15.78
2026-09-15 00:00:00+00:00,Marco de Canaveses,1307,26.68,0.43,26.20,28.04,26.34,26.53,26.91,19.19,0.28,18.90,20.06,18.95,19.10,19.35,13.49,0.11,13.25,13.82,13.41,13.46,13.57
2026-09-16 00:00:00+00:00,Marco de Canaveses,1307,27.09,0.04,26.91,27.22,27.07,27.09,27.11,19.68,0.08,19.40,19.90,19.64,19.69,19.72,13.62,0.08,13.40,13.87,13.59,13.61,13.66
2026-09-17 00:00:00+00:00,Marco de Canaveses,1307,25.23,0.06,25.02,25.46,25.20,25.22,25.26,18.78,0.13,18.42,18.94,18.72,18.84,18.88,12.47,0.29,11.78,12.89,12.25,12.52,12.73
2026-09-18 00:00:00+00:00,Marco de Canaveses,1307,27.14,0.12,26.99,27.55,27.05,27.09,27.20,19.16,0.15,18.81,19.40,19.05,19.19,19.29,12.52,0.36,11.77,13.09,12.22,12.57,12.83
2026-09-19 00:00:00+00:00,Marco de Canaveses,1307,30.25,0.18,30.00,30.79,30.11,30.20,30.35,22.27,0.27,21.67,22.69,22.06,22.30,22.51,14.90,0.44,13.93,15.59,14.55,14.96,15.28
2026-09-20 00:00:00+00:00,Marco de Canaveses,1307,32.50,0.16,32.30,33.06,32.38,32.44,32.59,23.68,0.14,23.38,23.90,23.57,23.69,23.80,15.12,0.16,14.65,15.39,15.00,15.12,15.25
2026-09-21 00:00:00+00:00,Marco de Canaveses,1307,33.72,0.12,33.47,34.19,33.64,33.67,33.78,24.27,0.19,23.90,24.59,24.11,24.28,24.44,16.90,0.38,16.03,17.49,16.61,16.95,17.20
2026-09-22 00:00:00+00:00,Marco de Canaveses,1307,34.33,0.11,34.19,34.74,34.25,34.29,34.39,24.73,0.21,24.27,25.09,24.54,24.73,24.91,16.09,0.22,15.42,16.49,15.93,16.08,16.27
2026-09-23 00:00:00+00:00,Marco de Canaveses,1307,33.85,0.16,33.70,34.36,33.73,33.78,33.91,23.13,0.11,22.73,23.32,23.09,23.15,23.20,15.24,0.22,14.45,15.59,15.12,15.26,15.39
2026-09-24 00:00:00+00:00,Marco de Canaveses,1307,31.13,0.07,31.02,31.41,31.08,31.10,31.16,20.59,0.08,20.27,20.70,20.55,20.62,20.64,14.06,0.15,13.47,14.45,13.99,14.09,14.15
2026-09-25 00:00:00+00:00,Marco de Canaveses,1307,26.83,0.21,26.60,27.52,26.67,26.76,26.94,18.00,0.09,17.90,18.31,17.93,17.97,18.06,12.92,0.19,12.47,13.20,12.80,12.95,13.07
2026-09-26 00:00:00+00:00,Marco de Canaveses,1307,28.71,0.25,28.40,29.42,28.50,28.64,28.85,19.79,0.04,19.66,19.94,19.77,19.78,19.80,12.40,0.05,12.26,12.50,12.36,12.40,12.44
2026-09-27 00:00:00+00:00,Marco de Canaveses,1307,25.81,0.18,25.60,26.36,25.67,25.75,25.90,19.64,0.06,19.54,19.88,19.60,19.61,19.66,15.66,0.07,15.47,15.80,15.61,15.66,15.72
2026-09-28 00:00:00+00:00,Marco de Canaveses,1307,23.91,0.05,23.78,24.09,23.88,23.89,23.92,18.09,0.04,17.94,18.22,18.08,18.09,18.10,13.68,0.08,13.42,13.80,13.63,13.70,13.74
2026-09-29 00:00:00+00:00,Marco de Canaveses,1307,24.36,0.07,24.17,24.65,24.32,24.34,24.39,20.15,0.09,19.86,20.40,20.11,20.19,20.20,15.13,0.08,15.00,15.34,15.05,15.12,15.19
2026-09-10 00:00:00+00:00,Matosinhos,1308,24.34,0.60,23.60,25.20,23.74,24.31,24.99,18.81,0.07,18.70,18.90,18.72,18.81,18.88,14.15,0.04,14.09,14.20,14.11,14.15,14.18
2026-09-11 00:00:00+00:00,Matosinhos,1308,27.88,0.22,27.60,28.20,27.66,27.87,28.13,21.17,0.19,20.90,21.40,20.97,21.18,21.36,14.69,0.41,14.10,15.20,14.24,14.71,15.10
2026-09-12 00:00:00+00:00,Matosinhos,1308,32.58,0.64,31.80,33.50,31.93,32.55,33.26,25.33,0.30,24.90,25.70,25.00,25.34,25.63,18.09,0.41,17.50,18.60,17.64,18.11,18.50
2026-09-13 00:00:00+00:00,Matosinhos,1308,32.83,0.26,32.50,33.20,32.57,32.81,33.11,25.83,0.30,25.40,26.20,25.50,25.84,26.12,20.14,0.11,19.98,20.30,20.02,20.15,20.25
2026-09-14 00:00:00+00:00,Matosinhos,1308,29.28,0.71,28.40,30.30,28.57,29.25,30.05,22.66,0.11,22.50,22.80,22.54,22.67,22.77,17.96,0.67,17.00,18.80,17.23,17.99,18.63
2026-09-15 00:00:00+00:00,Matosinhos,1308,23.87,0.04,23.80,23.96,23.83,23.88,23.90,19.70,0.00,19.70,19.71,19.70,19.70,19.70,17.21,0.22,16.90,17.50,16.96,17.23,17.43
2026-09-16 00:00:00+00:00,Matosinhos,1308,26.95,0.37,26.50,27.50,26.57,26.94,27.36,20.45,0.04,20.40,20.50,20.41,20.44,20.48,15.59,0.07,15.50,15.70,15.51,15.59,15.67
2026-09-17 00:00:00+00:00,Matosinhos,1308,24.83,0.60,24.10,25.70,24.23,24.81,25.48,18.96,0.04,18.90,19.00,18.91,18.96,18.99,13.49,0.41,12.90,14.00,13.04,13.51,13.90
2026-09-18 00:00:00+00:00,Matosinhos,1308,26.29,0.97,25.10,27.70,25.30,26.25,27.34,19.95,0.04,19.90,20.00,19.91,19.95,19.99,13.89,0.41,13.30,14.40,13.44,13.91,14.30
2026-09-19 00:00:00+00:00,Matosinhos,1308,30.37,0.23,30.10,30.70,30.14,30.37,30.62,23.43,0.37,22.90,23.90,23.02,23.45,23.80,18.41,0.71,17.40,19.30,17.63,18.44,19.10
2026-09-20 00:00:00+00:00,Matosinhos,1308,34.61,0.75,33.70,35.70,33.84,34.58,35.41,26.08,0.41,25.50,26.60,25.63,26.10,26.49,18.50,0.97,17.10,19.70,17.44,18.54,19.46
2026-09-21 00:00:00+00:00,Matosinhos,1308,34.75,0.37,34.30,35.30,34.37,34.74,35.15,26.44,0.45,25.80,27.00,25.94,26.46,26.88,20.90,1.04,19.40,22.20,19.75,20.94,21.93
2026-09-22 00:00:00+00:00,Matosinhos,1308,34.49,0.49,33.90,35.20,33.98,34.47,35.01,24.73,0.11,24.58,24.90,24.61,24.72,24.85,16.79,0.41,16.30,17.40,16.36,16.78,17.23
2026-09-23 00:00:00+00:00,Matosinhos,1308,26.56,0.19,26.30,26.81,26.37,26.54,26.76,19.18,0.30,18.80,19.60,18.88,19.16,19.50,13.53,0.19,13.30,13.80,13.34,13.52,13.73
2026-09-24 00:00:00+00:00,Matosinhos,1308,21.53,0.82,20.50,22.70,20.72,21.50,22.45,17.28,0.22,17.00,17.60,17.06,17.27,17.53,13.65,0.04,13.60,13.70,13.61,13.65,13.69
2026-09-25 00:00:00+00:00,Matosinhos,1308,22.54,0.19,22.30,22.80,22.36,22.53,22.75,17.57,0.11,17.40,17.70,17.44,17.57,17.68,13.43,0.30,13.00,13.80,13.10,13.44,13.73
2026-09-26 00:00:00+00:00,Matosinhos,1308,27.84,0.52,27.20,28.60,27.31,27.82,28.41,19.64,0.04,19.60,19.70,19.61,19.64,19.68,14.12,0.22,13.80,14.40,13.87,14.13,14.34
2026-09-27 00:00:00+00:00,Matosinhos,1308,24.92,0.15,24.70,25.10,24.76,24.93,25.08,19.97,0.19,19.70,20.20,19.77,19.98,20.16,17.14,0.37,16.60,17.60,16.73,17.15,17.51
2026-09-28 00:00:00+00:00,Matosinhos,1308,22.38,0.12,22.20,22.54,22.25,22.38,22.49,19.50,0.41,18.90,20.00,19.05,19.51,19.91,16.53,0.37,16.00,17.00,16.12,16.55,16.91
2026-09-29 00:00:00+00:00,Matosinhos,1308,25.01,0.08,24.90,25.10,24.93,25.01,25.09,20.88,0.26,20.50,21.20,20.60,20.89,21.15,15.86,0.11,15.70,16.00,15.74,15.87,15.97
2026-09-10 00:00:00+00:00,Paços de Ferreira,1309,26.35,0.09,26.25,26.68,26.30,26.31,26.35,17.67,0.09,17.60,18.00,17.61,17.64,17.68,10.91,0.12,10.80,11.29,10.82,10.85,10.94
2026-09-11 00:00:00+00:00,Paços de Ferreira,1309,30.72,0.06,30.58,30.96,30.69,30.70,30.72,20.17,0.09,20.10,20.50,20.11,20.14,20.18,11.61,0.13,11.50,12.04,11.52,11.55,11.64
2026-09-12 00:00:00+00:00,Paços de Ferreira,1309,33.05,0.09,33.00,33.39,33.00,33.01,33.05,22.33,0.16,22.20,22.87,22.22,22.26,22.36,13.76,0.18,13.60,14.36,13.62,13.68,13.80
2026-09-13 00:00:00+00:00,Paços de Ferreira,1309,34.45,0.10,34.36,34.81,34.40,34.41,34.45,22.34,0.17,22.20,22.89,22.22,22.27,22.37,12.43,0.26,12.20,13.29,12.24,12.31,12.49
2026-09-14 00:00:00+00:00,Paços de Ferreira,1309,33.02,0.08,32.85,33.31,33.00,33.00,33.03,21.33,0.16,21.20,21.86,21.22,21.26,21.34,12.80,0.23,12.60,13.56,12.63,12.70,12.85
2026-09-15 00:00:00+00:00,Paços de Ferreira,1309,26.47,0.12,26.35,26.91,26.40,26.41,26.48,19.18,0.11,19.10,19.57,19.11,19.14,19.19,13.06,0.20,12.90,13.73,12.92,12.98,13.11
2026-09-16 00:00:00+00:00,Paços de Ferreira,1309,26.47,0.09,26.40,26.80,26.41,26.43,26.48,19.94,0.05,19.90,20.09,19.90,19.92,19.94,14.31,0.02,14.30,14.37,14.30,14.31,14.32
2026-09-17 00:00:00+00:00,Paços de Ferreira,1309,25.15,0.08,25.10,25.44,25.11,25.12,25.16,18.38,0.11,18.30,18.77,18.31,18.34,18.39,9.15,0.29,8.90,10.11,8.94,9.02,9.20
2026-09-18 00:00:00+00:00,Paços de Ferreira,1309,27.37,0.11,27.30,27.76,27.30,27.31,27.37,17.73,0.16,17.60,18.24,17.62,17.67,17.76,9.01,0.23,8.80,9.72,8.83,8.91,9.07
2026-09-19 00:00:00+00:00,Paços de Ferreira,1309,30.77,0.11,30.70,31.17,30.71,30.72,30.78,19.69,0.23,19.50,20.45,19.53,19.60,19.74,10.41,0.35,10.10,11.53,10.15,10.25,10.48
2026-09-20 00:00:00+00:00,Paços de Ferreira,1309,32.81,0.14,32.70,33.27,32.71,32.75,32.82,21.95,0.18,21.80,22.53,21.82,21.88,21.99,11.94,0.28,11.70,12.83,11.74,11.82,12.00
2026-09-21 00:00:00+00:00,Paços de Ferreira,1309,34.08,0.10,34.00,34.44,34.01,34.03,34.08,21.60,0.23,21.40,22.36,21.43,21.50,21.65,12.30,0.34,12.00,13.38,12.05,12.15,12.38
2026-09-22 00:00:00+00:00,Paços de Ferreira,1309,34.57,0.11,34.50,34.97,34.51,34.52,34.57,22.07,0.20,21.90,22.76,21.93,21.99,22.11,12.51,0.24,12.30,13.28,12.33,12.41,12.57
2026-09-23 00:00:00+00:00,Paços de Ferreira,1309,34.18,0.08,33.83,34.41,34.17,34.19,34.20,21.10,0.14,21.00,21.59,21.01,21.03,21.10,11.77,0.20,11.60,12.43,11.63,11.68,11.80
2026-09-24 00:00:00+00:00,Paços de Ferreira,1309,30.94,0.07,30.57,31.00,30.92,30.96,30.99,19.04,0.07,18.98,19.28,19.00,19.01,19.05,10.88,0.22,10.70,11.60,10.73,10.79,10.92
2026-09-25 00:00:00+00:00,Paços de Ferreira,1309,26.54,0.09,26.37,26.88,26.50,26.50,26.55,17.47,0.09,17.40,17.80,17.41,17.43,17.47,10.58,0.23,10.40,11.38,10.42,10.49,10.60
2026-09-26 00:00:00+00:00,Paços de Ferreira,1309,29.34,0.08,29.25,29.64,29.30,29.30,29.34,18.97,0.10,18.90,19.31,18.91,18.94,18.98,11.21,0.13,11.10,11.64,11.12,11.15,11.23
2026-09-27 00:00:00+00:00,Paços de Ferreira,1309,25.56,0.09,25.50,25.90,25.51,25.52,25.57,18.97,0.09,18.90,19.28,18.91,18.93,18.98,14.21,0.13,14.10,14.63,14.12,14.15,14.23
2026-09-28 00:00:00+00:00,Paços de Ferreira,1309,23.16,0.09,23.10,23.46,23.11,23.13,23.17,17.31,0.13,17.20,17.73,17.22,17.25,17.33,12.09,0.23,11.90,12.82,11.93,12.00,12.15
2026-09-29 00:00:00+00:00,Paços de Ferreira,1309,24.27,0.08,24.20,24.54,24.21,24.23,24.28,19.88,0.10,19.80,20.20,19.81,19.84,19.89,14.76,0.07,14.70,15.01,14.71,14.73,14.77
2026-09-10 00:00:00+00:00,Paredes,1310,26.16,0.14,25.74,26.33,26.08,26.20,26.28,18.11,0.31,17.61,18.57,17.81,18.13,18.41,11.96,0.71,10.83,12.93,11.26,11.99,12.67
2026-09-11 00:00:00+00:00,Paredes,1310,30.17,0.38,29.37,30.69,29.82,30.20,30.53,20.47,0.22,20.11,20.78,20.27,20.47,20.69,12.39,0.55,11.52,13.29,11.87,12.41,12.94
2026-09-12 00:00:00+00:00,Paredes,1310,32.79,0.16,32.43,33.00,32.67,32.80,32.94,23.20,0.60,22.23,24.07,22.62,23.21,23.81,15.08,0.89,13.64,16.31,14.20,15.12,16.01
2026-09-13 00:00:00+00:00,Paredes,1310,34.15,0.18,33.78,34.40,33.98,34.15,34.33,23.25,0.64,22.23,24.28,22.65,23.28,23.90,14.32,1.32,12.25,16.65,13.07,14.34,15.60
2026-09-14 00:00:00+00:00,Paredes,1310,32.52,0.37,31.58,33.00,32.29,32.56,32.85,21.91,0.42,21.22,22.56,21.51,21.94,22.32,14.20,0.97,12.64,15.68,13.28,14.20,15.17
2026-09-15 00:00:00+00:00,Paredes,1310,26.23,0.21,25.55,26.46,26.12,26.29,26.39,19.21,0.08,19.10,19.41,19.15,19.18,19.26,13.64,0.50,12.92,14.90,13.22,13.57,13.97
2026-09-16 00:00:00+00:00,Paredes,1310,26.77,0.22,26.41,27.17,26.56,26.75,26.97,19.93,0.06,19.76,20.10,19.90,19.92,19.97,14.28,0.16,13.91,14.70,14.18,14.30,14.37
2026-09-17 00:00:00+00:00,Paredes,1310,25.22,0.07,25.11,25.42,25.16,25.21,25.27,18.63,0.19,18.31,18.95,18.46,18.63,18.81,10.72,1.10,8.95,12.37,9.66,10.72,11.79
2026-09-18 00:00:00+00:00,Paredes,1310,27.27,0.04,27.17,27.36,27.23,27.28,27.31,18.45,0.50,17.62,19.15,17.98,18.45,18.94,10.63,1.09,8.85,12.11,9.57,10.68,11.72
2026-09-19 00:00:00+00:00,Paredes,1310,30.62,0.08,30.44,30.73,30.57,30.62,30.70,20.89,0.82,19.54,22.01,20.09,20.92,21.73,12.63,1.52,10.17,14.93,11.18,12.63,14.17
2026-09-20 00:00:00+00:00,Paredes,1310,33.03,0.28,32.68,33.80,32.79,32.95,33.19,22.93,0.69,21.83,24.12,22.29,22.94,23.60,13.59,1.15,11.75,15.45,12.51,13.66,14.74
2026-09-21 00:00:00+00:00,Paredes,1310,34.11,0.12,33.90,34.44,34.03,34.07,34.18,22.95,0.93,21.44,24.38,22.07,22.96,23.91,14.61,1.58,12.07,17.07,13.11,14.63,16.23
2026-09-22 00:00:00+00:00,Paredes,1310,34.54,0.04,34.44,34.69,34.51,34.53,34.56,23.18,0.76,21.94,24.33,22.44,23.23,23.94,14.07,1.06,12.35,15.52,13.03,14.13,15.13
2026-09-23 00:00:00+00:00,Paredes,1310,33.18,0.83,30.95,34.19,32.66,33.37,33.91,21.48,0.40,20.97,22.41,21.13,21.38,21.77,12.99,0.85,11.64,14.48,12.19,13.06,13.74
2026-09-24 00:00:00+00:00,Paredes,1310,29.94,0.94,27.30,30.98,29.32,30.21,30.76,19.30,0.30,18.81,20.04,19.04,19.21,19.51,12.11,0.85,10.74,13.43,11.29,12.19,12.92
2026-09-25 00:00:00+00:00,Paredes,1310,26.17,0.36,25.08,26.55,25.96,26.31,26.46,17.63,0.14,17.41,17.93,17.51,17.64,17.74,11.60,0.72,10.43,12.65,10.90,11.64,12.32
2026-09-26 00:00:00+00:00,Paredes,1310,28.98,0.22,28.65,29.30,28.75,28.98,29.20,19.27,0.21,18.91,19.59,19.07,19.30,19.49,11.87,0.47,11.12,12.73,11.42,11.88,12.31
2026-09-27 00:00:00+00:00,Paredes,1310,25.55,0.06,25.39,25.75,25.52,25.55,25.59,19.26,0.21,18.91,19.56,19.06,19.26,19.46,14.94,0.51,14.12,15.77,14.46,14.96,15.46
2026-09-28 00:00:00+00:00,Paredes,1310,23.34,0.16,23.11,23.79,23.20,23.31,23.47,17.81,0.37,17.22,18.48,17.47,17.80,18.16,13.10,0.73,11.93,14.48,12.42,13.08,13.77
2026-09-29 00:00:00+00:00,Paredes,1310,24.48,0.19,24.21,24.87,24.32,24.44,24.64,20.15,0.22,19.81,20.55,19.95,20.12,20.35,15.05,0.24,14.71,15.52,14.84,15.01,15.26
2026-09-10 00:00:00+00:00,Penafiel,1311,26.25,0.07,26.18,26.57,26.21,26.22,26.28,18.65,0.13,18.21,18.80,18.58,18.66,18.77,13.22,0.40,12.09,13.70,12.93,13.26,13.61
2026-09-11 00:00:00+00:00,Penafiel,1311,29.91,0.13,29.80,30.38,29.82,29.87,29.95,20.75,0.06,20.52,20.82,20.72,20.76,20.79,13.02,0.17,12.40,13.20,12.95,13.05,13.17
2026-09-12 00:00:00+00:00,Penafiel,1311,32.17,0.23,31.90,32.83,31.95,32.15,32.36,24.10,0.26,23.30,24.40,23.95,24.13,24.34,16.58,0.44,15.25,17.10,16.27,16.63,17.00
2026-09-13 00:00:00+00:00,Penafiel,1311,33.93,0.12,33.80,34.26,33.82,33.91,34.01,24.04,0.23,23.30,24.30,23.93,24.08,24.25,15.73,0.43,14.23,16.20,15.49,15.80,16.11
2026-09-14 00:00:00+00:00,Penafiel,1311,32.52,0.12,32.40,32.98,32.42,32.47,32.59,22.63,0.16,22.07,22.80,22.56,22.66,22.77,15.50,0.36,14.28,15.90,15.31,15.55,15.83
2026-09-15 00:00:00+00:00,Penafiel,1311,26.34,0.15,26.20,26.99,26.23,26.30,26.40,19.00,0.09,18.90,19.29,18.92,18.98,19.05,13.43,0.10,12.96,13.69,13.40,13.42,13.46
2026-09-16 00:00:00+00:00,Penafiel,1311,27.08,0.10,26.81,27.48,27.04,27.09,27.10,19.74,0.06,19.56,19.88,19.70,19.72,19.78,13.73,0.12,13.60,14.05,13.62,13.70,13.81
2026-09-17 00:00:00+00:00,Penafiel,1311,25.27,0.10,25.20,25.77,25.21,25.23,25.28,18.88,0.07,18.67,19.15,18.85,18.89,18.90,12.45,0.43,10.91,12.90,12.26,12.54,12.81
2026-09-18 00:00:00+00:00,Penafiel,1311,27.15,0.14,27.00,27.75,27.03,27.12,27.22,19.17,0.20,18.54,19.40,19.05,19.19,19.36,12.47,0.53,10.84,13.10,12.10,12.52,12.98
2026-09-19 00:00:00+00:00,Penafiel,1311,30.24,0.20,30.00,30.92,30.04,30.21,30.38,22.25,0.39,21.09,22.70,21.99,22.29,22.61,14.84,0.65,12.79,15.60,14.44,14.92,15.46
2026-09-20 00:00:00+00:00,Penafiel,1311,32.55,0.23,32.30,33.34,32.35,32.52,32.70,23.66,0.22,22.92,23.90,23.56,23.70,23.86,14.97,0.39,13.62,15.40,14.79,15.03,15.32
2026-09-21 00:00:00+00:00,Penafiel,1311,33.78,0.15,33.60,34.32,33.63,33.75,33.90,24.20,0.35,23.03,24.60,24.02,24.26,24.53,16.78,0.63,14.71,17.50,16.40,16.88,17.37
2026-09-22 00:00:00+00:00,Penafiel,1311,34.35,0.13,34.20,34.82,34.23,34.33,34.44,24.63,0.40,23.45,25.10,24.34,24.66,25.01,15.89,0.52,14.33,16.50,15.52,15.94,16.39
2026-09-23 00:00:00+00:00,Penafiel,1311,33.66,0.13,33.17,33.93,33.65,33.70,33.71,22.90,0.34,22.05,23.30,22.64,22.94,23.23,14.99,0.52,13.45,15.60,14.59,15.04,15.49
2026-09-24 00:00:00+00:00,Penafiel,1311,30.92,0.20,30.21,31.10,30.87,30.99,31.07,20.41,0.24,19.74,20.70,20.23,20.45,20.65,13.73,0.41,12.43,14.20,13.47,13.78,14.12
2026-09-25 00:00:00+00:00,Penafiel,1311,26.61,0.10,26.34,27.04,26.58,26.60,26.63,17.89,0.06,17.71,18.10,17.87,17.90,17.91,12.84,0.32,11.81,13.20,12.65,12.88,13.13
2026-09-26 00:00:00+00:00,Penafiel,1311,28.59,0.16,28.40,29.07,28.44,28.56,28.69,19.68,0.11,19.37,19.80,19.62,19.71,19.78,12.33,0.16,11.84,12.50,12.25,12.36,12.47
2026-09-27 00:00:00+00:00,Penafiel,1311,25.67,0.09,25.60,26.07,25.61,25.63,25.69,19.54,0.06,19.31,19.61,19.51,19.56,19.59,15.59,0.19,14.97,15.80,15.49,15.62,15.76
2026-09-28 00:00:00+00:00,Penafiel,1311,23.83,0.11,23.52,24.23,23.77,23.86,23.90,18.07,0.08,17.76,18.21,18.05,18.10,18.10,13.65,0.17,13.00,13.80,13.59,13.71,13.77
2026-09-29 00:00:00+00:00,Penafiel,1311,24.44,0.20,24.30,25.45,24.32,24.37,24.46,20.26,0.14,20.08,20.95,20.20,20.20,20.26,15.11,0.19,14.94,16.03,15.01,15.03,15.12
2026-09-10 00:00:00+00:00,Porto,1312,25.10,0.05,24.95,25.20,25.07,25.10,25.14,18.71,0.01,18.69,18.73,18.70,18.71,18.71,14.07,0.04,13.94,14.10,14.05,14.09,14.10
2026-09-11 00:00:00+00:00,Porto,1312,28.19,0.03,28.12,28.27,28.18,28.19,28.20,20.93,0.02,20.90,20.98,20.92,20.93,20.95,14.15,0.03,14.10,14.27,14.14,14.15,14.16
2026-09-12 00:00:00+00:00,Porto,1312,33.36,0.08,33.22,33.50,33.31,33.37,33.43,24.93,0.02,24.89,25.02,24.92,24.93,24.93,17.54,0.03,17.47,17.66,17.52,17.54,17.55
2026-09-13 00:00:00+00:00,Porto,1312,33.17,0.02,33.10,33.20,33.17,33.17,33.18,25.42,0.03,25.35,25.52,25.41,25.42,25.43,19.92,0.10,19.61,20.01,19.87,19.97,19.99
2026-09-14 00:00:00+00:00,Porto,1312,30.20,0.05,30.01,30.30,30.18,30.20,30.23,22.51,0.01,22.50,22.55,22.51,22.52,22.52,17.08,0.05,17.00,17.27,17.05,17.08,17.10
2026-09-15 00:00:00+00:00,Porto,1312,23.87,0.07,23.80,24.06,23.82,23.84,23.90,19.70,0.00,19.68,19.70,19.70,19.70,19.70,16.89,0.04,16.75,16.98,16.87,16.90,16.91
2026-09-16 00:00:00+00:00,Porto,1312,27.41,0.05,27.31,27.50,27.37,27.42,27.46,20.49,0.01,20.45,20.50,20.48,20.49,20.49,15.66,0.03,15.57,15.70,15.65,15.68,15.69
2026-09-17 00:00:00+00:00,Porto,1312,25.58,0.07,25.44,25.70,25.53,25.59,25.63,18.91,0.01,18.90,18.92,18.90,18.91,18.91,12.95,0.03,12.90,13.07,12.94,12.95,12.96
2026-09-18 00:00:00+00:00,Porto,1312,27.50,0.12,27.27,27.69,27.42,27.51,27.59,19.88,0.02,19.82,19.91,19.87,19.90,19.90,13.34,0.03,13.27,13.46,13.32,13.34,13.35
2026-09-19 00:00:00+00:00,Porto,1312,30.66,0.02,30.60,30.70,30.64,30.66,30.68,22.94,0.03,22.89,23.05,22.92,22.94,22.94,17.45,0.06,17.29,17.67,17.42,17.45,17.46
2026-09-20 00:00:00+00:00,Porto,1312,35.51,0.13,35.23,35.69,35.41,35.53,35.61,25.53,0.03,25.46,25.66,25.52,25.53,25.54,17.23,0.07,17.11,17.50,17.19,17.23,17.25
2026-09-21 00:00:00+00:00,Porto,1312,35.21,0.06,35.08,35.30,35.17,35.22,35.26,25.84,0.03,25.76,25.97,25.82,25.84,25.84,19.52,0.07,19.41,19.82,19.48,19.52,19.54
2026-09-22 00:00:00+00:00,Porto,1312,35.09,0.07,34.96,35.20,35.04,35.10,35.14,24.84,0.05,24.73,24.90,24.82,24.86,24.88,17.26,0.11,16.99,17.40,17.19,17.28,17.34
2026-09-23 00:00:00+00:00,Porto,1312,26.89,0.12,26.77,27.26,26.80,26.83,26.95,19.58,0.03,19.49,19.67,19.57,19.58,19.59,13.75,0.03,13.68,13.80,13.73,13.76,13.78
2026-09-24 00:00:00+00:00,Porto,1312,22.67,0.09,22.39,22.96,22.64,22.66,22.69,17.59,0.02,17.51,17.65,17.58,17.59,17.60,13.58,0.02,13.51,13.61,13.57,13.59,13.60
2026-09-25 00:00:00+00:00,Porto,1312,22.83,0.06,22.75,23.02,22.80,22.80,22.86,17.43,0.02,17.40,17.48,17.41,17.43,17.45,13.04,0.02,13.00,13.12,13.02,13.04,13.05
2026-09-26 00:00:00+00:00,Porto,1312,28.51,0.05,28.37,28.60,28.46,28.51,28.55,19.69,0.01,19.66,19.70,19.68,19.69,19.69,13.81,0.02,13.74,13.88,13.80,13.81,13.82
2026-09-27 00:00:00+00:00,Porto,1312,24.75,0.04,24.70,24.84,24.72,24.74,24.78,19.73,0.02,19.70,19.78,19.72,19.73,19.74,16.64,0.03,16.60,16.75,16.63,16.65,16.65
2026-09-28 00:00:00+00:00,Porto,1312,22.26,0.05,22.20,22.38,22.22,22.24,22.29,18.97,0.04,18.90,19.08,18.94,18.97,19.00,16.03,0.03,15.95,16.15,16.01,16.03,16.04
2026-09-29 00:00:00+00:00,Porto,1312,24.92,0.01,24.90,24.94,24.91,24.92,24.93,20.55,0.03,20.50,20.62,20.53,20.55,20.58,15.72,0.01,15.70,15.75,15.71,15.72,15.72
2026-09-10 00:00:00+00:00,Póvoa de Varzim,1313,25.14,0.32,24.67,25.95,24.89,25.03,25.42,18.58,0.09,18.32,18.72,18.52,18.60,18.65,12.90,0.24,12.54,13.51,12.71,12.84,13.03
2026-09-11 00:00:00+00:00,Póvoa de Varzim,1313,29.11,0.37,28.52,30.02,28.84,29.00,29.43,21.19,0.04,21.08,21.26,21.17,21.19,21.21,13.96,0.17,13.61,14.38,13.84,13.93,14.07
2026-09-12 00:00:00+00:00,Póvoa de Varzim,1313,33.11,0.20,32.67,33.54,32.98,33.09,33.26,24.60,0.16,24.32,25.01,24.49,24.56,24.68,17.19,0.26,16.53,17.65,16.97,17.26,17.37
2026-09-13 00:00:00+00:00,Póvoa de Varzim,1313,33.90,0.27,33.33,34.49,33.73,33.89,34.10,24.91,0.18,24.66,25.40,24.78,24.86,25.02,17.76,0.46,16.83,18.84,17.45,17.69,18.07
2026-09-14 00:00:00+00:00,Póvoa de Varzim,1313,28.69,1.41,25.58,31.30,27.77,28.75,29.60,21.70,0.64,20.24,22.79,21.26,21.77,22.16,16.09,0.25,15.60,16.81,15.92,16.09,16.20
2026-09-15 00:00:00+00:00,Póvoa de Varzim,1313,24.75,1.42,21.57,27.30,23.85,24.70,25.93,19.86,0.49,18.75,20.71,19.55,19.85,20.32,16.47,0.11,16.21,16.71,16.40,16.47,16.54
2026-09-16 00:00:00+00:00,Póvoa de Varzim,1313,26.34,0.47,25.23,27.07,26.03,26.37,26.72,20.61,0.30,19.95,21.17,20.43,20.57,20.91,16.23,0.16,15.89,16.62,16.12,16.24,16.33
2026-09-17 00:00:00+00:00,Póvoa de Varzim,1313,24.34,0.83,22.43,25.72,23.82,24.35,25.02,18.94,0.40,18.04,19.60,18.67,18.93,19.31,13.25,0.07,13.04,13.49,13.22,13.24,13.28
2026-09-18 00:00:00+00:00,Póvoa de Varzim,1313,24.52,1.42,21.27,26.95,23.60,24.63,25.46,19.21,0.56,17.90,20.09,18.85,19.25,19.64,13.92,0.14,13.47,14.24,13.84,13.94,14.02
2026-09-19 00:00:00+00:00,Póvoa de Varzim,1313,28.56,1.46,25.18,31.00,27.60,28.71,29.62,21.00,0.87,18.97,22.31,20.41,21.11,21.71,14.75,0.48,13.90,16.14,14.42,14.68,15.03
2026-09-20 00:00:00+00:00,Póvoa de Varzim,1313,33.74,0.54,32.49,34.62,33.41,33.78,34.15,23.76,0.62,22.32,24.74,23.36,23.85,24.24,16.34,0.26,16.03,17.20,16.14,16.25,16.42
2026-09-21 00:00:00+00:00,Póvoa de Varzim,1313,33.97,0.53,32.74,34.86,33.62,34.00,34.33,23.94,0.63,22.50,24.98,23.53,24.03,24.42,17.49,0.40,16.92,18.80,17.20,17.38,17.64
2026-09-22 00:00:00+00:00,Póvoa de Varzim,1313,31.06,2.00,26.44,34.30,29.70,31.27,32.64,22.04,1.23,19.21,23.99,21.19,22.18,22.93,15.58,0.23,15.08,15.94,15.42,15.59,15.75
2026-09-23 00:00:00+00:00,Póvoa de Varzim,1313,26.63,1.94,22.31,30.25,25.37,26.73,27.88,19.23,0.94,17.19,21.06,18.62,19.25,19.85,13.25,0.28,12.69,13.82,13.06,13.26,13.43
2026-09-24 00:00:00+00:00,Póvoa de Varzim,1313,24.53,0.75,23.10,26.41,24.03,24.36,25.12,17.81,0.22,17.44,18.38,17.66,17.74,17.97,12.76,0.30,12.11,13.27,12.54,12.78,12.98
2026-09-25 00:00:00+00:00,Póvoa de Varzim,1313,24.54,0.45,23.60,25.57,24.25,24.48,24.89,17.83,0.15,17.53,18.18,17.74,17.79,17.96,12.73,0.23,12.12,13.15,12.59,12.76,12.91
2026-09-26 00:00:00+00:00,Póvoa de Varzim,1313,28.26,0.29,27.71,29.00,28.05,28.16,28.49,19.61,0.09,19.38,19.80,19.56,19.61,19.67,13.55,0.14,13.20,13.82,13.44,13.58,13.64
2026-09-27 00:00:00+00:00,Póvoa de Varzim,1313,25.62,0.16,25.34,26.00,25.51,25.59,25.75,19.78,0.10,19.52,19.93,19.73,19.80,19.86,16.15,0.22,15.78,16.72,15.99,16.09,16.26
2026-09-28 00:00:00+00:00,Póvoa de Varzim,1313,26.23,1.28,24.28,29.24,25.27,26.07,27.04,19.80,0.09,19.57,19.94,19.72,19.81,19.87,16.29,0.13,15.93,16.55,16.25,16.28,16.36
2026-09-29 00:00:00+00:00,Póvoa de Varzim,1313,26.27,0.36,25.67,27.10,26.00,26.23,26.51,21.60,0.19,21.25,22.01,21.46,21.60,21.73,16.19,0.21,15.78,16.68,16.05,16.16,16.32
2026-09-10 00:00:00+00:00,Valongo,1315,25.55,0.34,24.84,26.18,25.33,25.56,25.81,18.34,0.21,17.81,18.68,18.21,18.38,18.48,12.70,0.62,11.28,13.84,12.31,12.78,13.10
2026-09-11 00:00:00+00:00,Valongo,1315,29.34,0.53,28.31,30.44,28.99,29.32,29.71,20.71,0.17,20.28,21.02,20.61,20.74,20.83,13.20,0.56,11.93,14.20,12.83,13.25,13.55
2026-09-12 00:00:00+00:00,Valongo,1315,32.95,0.04,32.87,33.03,32.92,32.96,32.98,23.94,0.55,22.66,24.91,23.59,24.00,24.29,16.08,0.79,14.25,17.48,15.58,16.18,16.60
2026-09-13 00:00:00+00:00,Valongo,1315,33.73,0.29,33.16,34.30,33.55,33.72,33.93,24.18,0.65,22.71,25.35,23.76,24.25,24.61,16.56,1.50,13.25,19.37,15.58,16.67,17.57
2026-09-14 00:00:00+00:00,Valongo,1315,31.37,0.66,30.04,32.67,30.94,31.37,31.87,22.16,0.24,21.52,22.52,22.02,22.21,22.32,15.49,0.92,13.38,17.13,14.90,15.57,16.07
2026-09-15 00:00:00+00:00,Valongo,1315,25.33,0.52,24.20,26.26,24.99,25.37,25.73,19.50,0.12,19.25,19.68,19.42,19.51,19.61,15.17,0.81,13.49,16.70,14.58,15.20,15.71
2026-09-16 00:00:00+00:00,Valongo,1315,26.90,0.14,26.55,27.15,26.82,26.91,27.00,20.22,0.12,19.99,20.43,20.13,20.22,20.31,14.95,0.28,14.44,15.51,14.72,14.95,15.15
2026-09-17 00:00:00+00:00,Valongo,1315,25.21,0.04,25.10,25.28,25.18,25.22,25.25,18.78,0.11,18.48,18.93,18.72,18.81,18.85,11.65,0.78,9.71,12.94,11.20,11.80,12.17
2026-09-18 00:00:00+00:00,Valongo,1315,27.10,0.12,26.77,27.29,27.02,27.15,27.20,19.03,0.42,18.02,19.76,18.76,19.09,19.31,11.75,0.88,9.64,13.27,11.21,11.87,12.33
2026-09-19 00:00:00+00:00,Valongo,1315,30.65,0.05,30.53,30.74,30.62,30.65,30.69,21.75,0.67,20.14,22.90,21.33,21.83,22.18,14.64,1.45,11.31,17.27,13.69,14.80,15.59
2026-09-20 00:00:00+00:00,Valongo,1315,33.95,0.45,33.02,34.87,33.62,33.94,34.28,24.09,0.75,22.41,25.47,23.60,24.16,24.57,15.30,1.16,12.67,17.40,14.55,15.42,16.02
2026-09-21 00:00:00+00:00,Valongo,1315,34.54,0.18,34.15,34.91,34.41,34.53,34.67,24.18,0.88,22.16,25.75,23.61,24.28,24.75,16.76,1.53,13.26,19.52,15.76,16.90,17.74
2026-09-22 00:00:00+00:00,Valongo,1315,34.65,0.05,34.56,34.79,34.61,34.64,34.68,23.70,0.51,22.43,24.58,23.39,23.76,24.06,15.12,0.86,13.08,16.68,14.59,15.21,15.69
2026-09-23 00:00:00+00:00,Valongo,1315,30.47,1.50,27.48,33.43,29.50,30.42,31.60,20.48,0.40,19.62,21.04,20.20,20.53,20.85,13.06,0.35,12.08,13.55,12.87,13.13,13.34
2026-09-24 00:00:00+00:00,Valongo,1315,26.52,1.82,22.98,30.10,25.32,26.48,27.89,18.38,0.37,17.63,18.94,18.11,18.42,18.73,12.59,0.52,11.27,13.43,12.27,12.68,12.95
2026-09-25 00:00:00+00:00,Valongo,1315,24.70,0.79,23.10,26.19,24.19,24.69,25.31,17.58,0.03,17.49,17.65,17.56,17.58,17.60,12.19,0.52,10.91,13.05,11.88,12.28,12.53
2026-09-26 00:00:00+00:00,Valongo,1315,28.70,0.23,28.22,29.19,28.56,28.68,28.85,19.41,0.13,19.06,19.63,19.33,19.44,19.51,12.73,0.55,11.51,13.73,12.37,12.77,13.08
2026-09-27 00:00:00+00:00,Valongo,1315,25.28,0.15,24.93,25.51,25.19,25.30,25.40,19.50,0.18,19.08,19.81,19.39,19.53,19.61,15.71,0.53,14.51,16.67,15.37,15.76,16.05
2026-09-28 00:00:00+00:00,Valongo,1315,22.95,0.19,22.48,23.22,22.83,22.98,23.12,18.45,0.38,17.56,19.14,18.21,18.49,18.71,14.46,0.83,12.60,15.94,13.93,14.53,14.99
2026-09-29 00:00:00+00:00,Valongo,1315,24.75,0.14,24.38,24.96,24.67,24.78,24.85,20.44,0.17,20.01,20.72,20.34,20.46,20.56,15.38,0.20,14.89,15.72,15.25,15.41,15.51
2026-09-10 00:00:00+00:00,Vila do Conde,1316,24.51,0.48,23.66,25.52,24.11,24.49,24.91,18.76,0.07,18.61,18.89,18.70,18.76,18.82,13.66,0.38,12.85,14.19,13.36,13.70,13.99
2026-09-11 00:00:00+00:00,Vila do Conde,1316,28.39,0.51,27.63,29.53,27.95,28.33,28.80,21.25,0.05,21.17,21.38,21.21,21.23,21.28,14.52,0.36,13.83,15.15,14.21,14.52,14.82
2026-09-12 00:00:00+00:00,Vila do Conde,1316,32.53,0.36,31.86,33.29,32.23,32.52,32.82,25.14,0.30,24.59,25.67,24.88,25.14,25.40,17.78,0.45,16.89,18.55,17.40,17.81,18.17
2026-09-13 00:00:00+00:00,Vila do Conde,1316,33.18,0.43,32.53,34.14,32.81,33.14,33.53,25.55,0.36,24.87,26.16,25.24,25.56,25.86,19.10,0.80,17.41,20.27,18.42,19.18,19.80
2026-09-14 00:00:00+00:00,Vila do Conde,1316,29.45,0.53,28.48,30.67,29.06,29.37,29.79,22.54,0.18,21.93,22.79,22.45,22.59,22.68,17.35,0.76,16.10,18.72,16.66,17.31,18.01
2026-09-15 00:00:00+00:00,Vila do Conde,1316,24.86,0.70,23.91,26.58,24.25,24.73,25.41,19.92,0.20,19.70,20.50,19.75,19.86,20.06,16.87,0.30,16.44,17.47,16.57,16.79,17.13
2026-09-16 00:00:00+00:00,Vila do Conde,1316,26.69,0.08,26.53,26.92,26.64,26.68,26.74,20.56,0.14,20.40,21.00,20.44,20.52,20.65,15.72,0.22,15.51,16.34,15.54,15.63,15.86
2026-09-17 00:00:00+00:00,Vila do Conde,1316,24.69,0.27,24.16,25.38,24.49,24.64,24.89,19.08,0.10,18.98,19.45,19.00,19.03,19.13,13.42,0.24,13.01,13.95,13.23,13.36,13.60
2026-09-18 00:00:00+00:00,Vila do Conde,1316,25.74,0.30,25.09,26.47,25.54,25.70,25.91,19.79,0.13,19.46,19.99,19.71,19.79,19.88,13.86,0.21,13.37,14.35,13.73,13.82,13.99
2026-09-19 00:00:00+00:00,Vila do Conde,1316,30.11,0.27,29.13,30.58,30.03,30.17,30.25,22.81,0.65,21.27,23.85,22.31,22.82,23.38,17.08,1.28,14.72,19.21,15.99,17.11,18.23
2026-09-20 00:00:00+00:00,Vila do Conde,1316,34.08,0.12,33.77,34.41,34.01,34.07,34.15,25.39,0.70,23.92,26.55,24.82,25.39,26.01,17.84,0.95,16.25,19.59,16.98,17.78,18.66
2026-09-21 00:00:00+00:00,Vila do Conde,1316,34.45,0.09,34.18,34.65,34.41,34.45,34.51,25.68,0.76,24.10,26.94,25.06,25.68,26.36,19.72,1.36,17.32,22.07,18.51,19.69,20.90
2026-09-22 00:00:00+00:00,Vila do Conde,1316,33.61,0.52,31.81,34.14,33.39,33.83,34.00,23.98,0.51,22.46,24.60,23.65,24.07,24.44,16.13,0.21,15.62,16.39,15.96,16.17,16.33
2026-09-23 00:00:00+00:00,Vila do Conde,1316,27.57,0.78,26.34,29.37,26.96,27.45,28.09,19.56,0.43,18.84,20.53,19.22,19.53,19.89,13.44,0.07,13.32,13.64,13.39,13.43,13.48
2026-09-24 00:00:00+00:00,Vila do Conde,1316,22.70,1.29,20.61,25.34,21.59,22.60,23.76,17.51,0.29,17.03,18.09,17.27,17.49,17.76,13.36,0.22,12.84,13.69,13.20,13.37,13.55
2026-09-25 00:00:00+00:00,Vila do Conde,1316,23.37,0.72,22.33,24.97,22.75,23.29,23.96,17.75,0.09,17.66,18.01,17.68,17.72,17.81,13.31,0.25,12.78,13.77,13.10,13.30,13.52
2026-09-26 00:00:00+00:00,Vila do Conde,1316,27.90,0.36,27.25,28.63,27.61,27.87,28.19,19.64,0.03,19.60,19.72,19.61,19.63,19.65,13.91,0.27,13.40,14.37,13.67,13.92,14.14
2026-09-27 00:00:00+00:00,Vila do Conde,1316,25.29,0.19,25.08,25.79,25.11,25.25,25.44,19.99,0.09,19.81,20.18,19.91,19.98,20.06,16.90,0.39,16.13,17.56,16.57,16.91,17.23
2026-09-28 00:00:00+00:00,Vila do Conde,1316,23.58,0.87,22.50,25.87,22.77,23.41,24.22,19.68,0.10,19.43,19.96,19.62,19.66,19.74,16.39,0.26,15.94,16.95,16.19,16.33,16.59
2026-09-29 00:00:00+00:00,Vila do Conde,1316,25.40,0.29,25.08,26.20,25.13,25.30,25.60,21.17,0.13,21.01,21.58,21.09,21.12,21.24,15.91,0.06,15.76,16.13,15.87,15.91,15.95
2026-09-10 00:00:00+00:00,Vila Nova de Gaia,1317,25.29,0.28,24.99,26.08,25.06,25.19,25.43,18.64,0.05,18.52,18.72,18.61,18.65,18.69,13.53,0.38,12.65,14.08,13.27,13.59,13.85
2026-09-11 00:00:00+00:00,Vila Nova de Gaia,1317,28.59,0.34,28.16,29.52,28.32,28.51,28.79,20.91,0.05,20.75,20.98,20.88,20.93,20.95,13.90,0.27,13.15,14.22,13.74,13.96,14.12
2026-09-12 00:00:00+00:00,Vila Nova de Gaia,1317,33.00,0.14,32.81,33.34,32.88,32.97,33.11,24.59,0.29,23.88,24.97,24.39,24.65,24.85,17.06,0.42,16.01,17.60,16.77,17.15,17.42
2026-09-13 00:00:00+00:00,Vila Nova de Gaia,1317,33.40,0.21,33.13,33.97,33.21,33.35,33.53,24.99,0.37,24.00,25.46,24.75,25.06,25.30,18.52,1.01,16.00,19.95,17.84,18.67,19.36
2026-09-14 00:00:00+00:00,Vila Nova de Gaia,1317,30.71,0.55,30.09,32.20,30.27,30.57,31.02,22.54,0.02,22.48,22.62,22.52,22.54,22.55,16.65,0.44,15.43,17.19,16.40,16.74,17.01
2026-09-15 00:00:00+00:00,Vila Nova de Gaia,1317,24.69,0.61,23.86,26.23,24.20,24.59,25.05,19.57,0.11,19.23,19.70,19.51,19.59,19.66,16.08,0.69,14.17,16.92,15.67,16.22,16.63
2026-09-16 00:00:00+00:00,Vila Nova de Gaia,1317,27.18,0.08,27.03,27.40,27.12,27.17,27.24,20.27,0.18,19.82,20.48,20.16,20.31,20.41,15.21,0.35,14.26,15.67,15.01,15.29,15.49
2026-09-17 00:00:00+00:00,Vila Nova de Gaia,1317,25.38,0.07,25.25,25.56,25.33,25.36,25.42,18.96,0.03,18.91,19.06,18.94,18.96,18.97,12.84,0.16,12.42,13.04,12.74,12.88,12.97
2026-09-18 00:00:00+00:00,Vila Nova de Gaia,1317,27.20,0.12,26.97,27.47,27.11,27.18,27.28,19.58,0.23,19.00,19.89,19.42,19.62,19.77,12.88,0.42,11.79,13.40,12.62,12.98,13.23
2026-09-19 00:00:00+00:00,Vila Nova de Gaia,1317,30.63,0.07,30.54,30.86,30.59,30.61,30.64,22.57,0.33,21.75,22.99,22.34,22.63,22.85,16.45,0.84,14.34,17.54,15.88,16.60,17.15
2026-09-20 00:00:00+00:00,Vila Nova de Gaia,1317,34.69,0.44,33.69,35.49,34.37,34.70,35.03,24.99,0.47,23.79,25.59,24.66,25.08,25.38,16.69,0.59,15.05,17.40,16.36,16.83,17.18
2026-09-21 00:00:00+00:00,Vila Nova de Gaia,1317,34.84,0.19,34.42,35.20,34.71,34.84,34.99,25.31,0.46,24.11,25.89,25.01,25.39,25.69,18.68,0.80,16.53,19.68,18.19,18.84,19.34
2026-09-22 00:00:00+00:00,Vila Nova de Gaia,1317,34.76,0.13,34.49,35.07,34.69,34.73,34.85,24.44,0.23,23.91,24.84,24.28,24.45,24.64,16.41,0.52,15.15,17.25,16.06,16.46,16.83
2026-09-23 00:00:00+00:00,Vila Nova de Gaia,1317,28.56,1.31,26.84,32.03,27.51,28.32,29.31,20.17,0.51,19.54,21.55,19.75,20.04,20.46,13.71,0.04,13.64,13.84,13.69,13.70,13.74
2026-09-24 00:00:00+00:00,Vila Nova de Gaia,1317,24.48,1.56,22.56,28.77,23.22,24.14,25.41,18.10,0.46,17.56,19.40,17.73,17.98,18.38,13.41,0.11,13.12,13.59,13.35,13.43,13.50
2026-09-25 00:00:00+00:00,Vila Nova de Gaia,1317,23.81,0.78,22.80,25.91,23.18,23.65,24.29,17.63,0.13,17.43,17.94,17.52,17.60,17.72,12.91,0.15,12.51,13.09,12.83,12.94,13.03
2026-09-26 00:00:00+00:00,Vila Nova de Gaia,1317,28.42,0.10,28.23,28.71,28.36,28.41,28.46,19.57,0.07,19.38,19.69,19.52,19.58,19.64,13.37,0.37,12.37,13.84,13.13,13.46,13.68
2026-09-27 00:00:00+00:00,Vila Nova de Gaia,1317,25.13,0.25,24.75,25.75,24.93,25.09,25.29,19.70,0.06,19.52,19.77,19.66,19.72,19.75,16.33,0.30,15.53,16.70,16.13,16.40,16.59
2026-09-28 00:00:00+00:00,Vila Nova de Gaia,1317,22.80,0.34,22.26,23.64,22.52,22.77,23.03,18.90,0.15,18.44,19.07,18.83,18.97,19.02,15.48,0.50,14.12,16.08,15.17,15.60,15.88
2026-09-29 00:00:00+00:00,Vila Nova de Gaia,1317,25.06,0.09,24.92,25.36,24.99,25.05,25.11,20.71,0.07,20.57,20.90,20.65,20.71,20.76,15.78,0.06,15.69,16.01,15.73,15.77,15.81
2026-09-10 00:00:00+00:00,Abrantes,1401,33.59,0.96,31.86,35.00,32.72,33.48,34.62,21.83,0.14,21.61,22.25,21.73,21.78,21.93,11.38,1.25,9.30,13.34,10.09,11.72,12.42
2026-09-11 00:00:00+00:00,Abrantes,1401,36.34,0.67,34.94,37.40,35.75,36.26,37.04,24.01,0.21,23.74,24.56,23.84,23.93,24.18,12.95,1.20,11.10,15.10,11.78,13.01,13.94
2026-09-12 00:00:00+00:00,Abrantes,1401,39.23,0.56,37.91,40.10,38.87,39.17,39.75,26.01,0.24,25.60,26.65,25.82,26.05,26.14,13.02,0.86,11.50,14.75,12.20,13.31,13.69
2026-09-13 00:00:00+00:00,Abrantes,1401,39.26,0.39,38.18,39.80,39.00,39.32,39.57,26.51,0.14,26.16,26.94,26.41,26.51,26.58,14.75,0.45,13.67,16.19,14.41,14.72,15.03
2026-09-14 00:00:00+00:00,Abrantes,1401,39.34,0.54,38.13,40.20,39.02,39.20,39.87,26.21,0.17,25.85,26.77,26.12,26.19,26.27,14.04,0.62,12.90,15.40,13.49,14.19,14.53
2026-09-15 00:00:00+00:00,Abrantes,1401,31.87,0.88,30.18,33.00,31.12,32.01,32.70,22.61,0.20,22.13,23.08,22.53,22.63,22.71,15.02,0.99,13.70,17.37,14.16,14.98,15.35
2026-09-16 00:00:00+00:00,Abrantes,1401,31.96,1.18,29.46,33.80,31.00,31.69,33.18,22.69,0.48,21.82,23.40,22.27,22.67,23.18,15.83,0.88,14.40,17.22,14.92,16.07,16.58
2026-09-17 00:00:00+00:00,Abrantes,1401,31.49,0.52,30.29,32.30,31.12,31.42,32.01,21.72,0.45,20.79,22.88,21.45,21.85,21.95,12.71,1.00,11.49,15.76,11.94,12.32,13.28
2026-09-18 00:00:00+00:00,Abrantes,1401,33.19,0.39,32.50,33.80,32.83,33.17,33.58,21.38,0.40,20.70,22.04,20.99,21.49,21.69,10.50,1.53,8.10,13.31,8.96,10.63,11.86
2026-09-19 00:00:00+00:00,Abrantes,1401,36.23,0.74,34.71,37.40,35.76,36.09,36.91,23.42,0.30,22.90,23.95,23.14,23.46,23.67,10.79,0.60,9.70,12.13,10.31,10.92,11.12
2026-09-20 00:00:00+00:00,Abrantes,1401,36.73,0.44,35.67,37.40,36.41,36.77,37.10,25.15,0.26,24.44,25.73,24.97,25.08,25.29,14.54,0.56,13.60,16.00,14.13,14.56,14.83
2026-09-21 00:00:00+00:00,Abrantes,1401,37.62,0.61,36.31,38.60,37.19,37.45,38.23,24.92,0.15,24.50,25.29,24.80,24.91,25.02,13.21,0.39,12.50,14.46,12.90,13.30,13.47
2026-09-22 00:00:00+00:00,Abrantes,1401,39.35,0.69,37.78,40.40,38.89,39.33,39.96,25.18,0.17,24.61,25.66,25.10,25.18,25.25,12.34,0.62,11.20,13.79,11.84,12.49,12.70
2026-09-23 00:00:00+00:00,Abrantes,1401,40.19,0.92,38.55,41.70,39.48,39.91,41.14,25.34,0.26,24.90,25.96,25.13,25.34,25.56,12.56,0.90,11.00,14.52,11.73,12.77,13.13
2026-09-24 00:00:00+00:00,Abrantes,1401,38.06,1.03,36.16,39.70,37.16,37.83,39.14,24.15,0.16,23.82,24.58,24.03,24.13,24.25,12.32,0.70,11.20,13.99,11.76,12.30,12.75
2026-09-25 00:00:00+00:00,Abrantes,1401,33.24,0.89,31.54,34.50,32.55,33.29,34.10,21.71,0.26,21.12,22.28,21.62,21.74,21.85,12.86,1.24,10.90,15.03,11.60,13.05,13.93
2026-09-26 00:00:00+00:00,Abrantes,1401,36.05,0.25,35.32,36.40,35.91,36.05,36.26,22.83,0.37,22.20,23.42,22.45,22.92,23.15,10.39,1.37,8.40,13.19,9.14,10.34,11.15
2026-09-27 00:00:00+00:00,Abrantes,1401,32.78,1.05,31.08,34.40,31.87,32.62,33.87,23.13,0.33,22.60,23.75,22.83,23.18,23.35,15.83,1.10,14.20,18.17,14.78,15.97,16.35
2026-09-28 00:00:00+00:00,Abrantes,1401,28.90,0.19,28.61,29.42,28.74,28.84,29.01,21.89,0.21,21.17,22.32,21.75,21.91,22.08,14.88,0.20,14.41,15.36,14.70,14.85,15.06
2026-09-29 00:00:00+00:00,Abrantes,1401,30.61,0.16,30.06,30.90,30.49,30.58,30.74,24.06,0.26,23.30,24.40,23.92,24.11,24.26,20.16,0.43,19.30,21.10,19.81,20.26,20.39
2026-09-10 00:00:00+00:00,Alcanena,1402,29.93,0.41,28.93,30.73,29.62,29.90,30.25,20.76,0.26,20.18,21.19,20.54,20.79,20.98,14.07,0.49,13.27,15.42,13.72,13.98,14.33
2026-09-11 00:00:00+00:00,Alcanena,1402,32.12,0.58,30.70,33.24,31.70,32.09,32.58,22.27,0.35,21.41,22.84,21.99,22.33,22.54,14.14,0.27,13.58,14.69,13.93,14.13,14.34
2026-09-12 00:00:00+00:00,Alcanena,1402,36.52,0.56,35.04,37.46,36.07,36.62,36.97,24.35,0.38,23.35,24.99,24.03,24.41,24.64,14.30,0.27,13.79,14.88,14.07,14.27,14.51
2026-09-13 00:00:00+00:00,Alcanena,1402,38.06,0.26,37.33,38.48,37.89,38.09,38.26,25.04,0.35,24.08,25.67,24.81,25.03,25.31,14.63,0.25,13.97,15.14,14.44,14.64,14.83
2026-09-14 00:00:00+00:00,Alcanena,1402,36.78,0.40,35.70,37.49,36.50,36.82,37.09,24.39,0.33,23.52,25.02,24.17,24.39,24.65,14.31,0.24,13.65,14.77,14.11,14.33,14.51
2026-09-15 00:00:00+00:00,Alcanena,1402,26.73,0.52,25.65,27.79,26.33,26.72,27.12,21.24,0.14,20.91,21.55,21.13,21.22,21.35,17.35,0.19,16.95,17.75,17.22,17.36,17.48
2026-09-16 00:00:00+00:00,Alcanena,1402,26.62,0.53,25.45,27.65,26.21,26.62,27.05,20.50,0.22,19.96,20.92,20.35,20.48,20.67,15.79,0.35,14.93,16.35,15.50,15.82,16.09
2026-09-17 00:00:00+00:00,Alcanena,1402,28.04,0.46,26.89,28.95,27.73,28.02,28.42,19.41,0.34,18.54,20.02,19.14,19.45,19.69,12.01,0.34,11.31,12.66,11.69,12.00,12.32
2026-09-18 00:00:00+00:00,Alcanena,1402,29.01,0.54,27.82,30.12,28.60,28.98,29.40,19.86,0.40,18.80,20.53,19.54,19.92,20.17,12.14,0.50,11.06,13.16,11.72,12.12,12.52
2026-09-19 00:00:00+00:00,Alcanena,1402,34.19,0.35,33.25,34.76,33.90,34.25,34.48,22.20,0.36,21.25,22.81,21.91,22.26,22.48,11.37,0.31,10.73,12.00,11.11,11.33,11.65
2026-09-20 00:00:00+00:00,Alcanena,1402,36.11,0.11,35.82,36.30,36.03,36.13,36.20,24.31,0.28,23.53,24.79,24.12,24.32,24.54,14.38,0.32,13.57,15.06,14.12,14.39,14.64
2026-09-21 00:00:00+00:00,Alcanena,1402,36.41,0.14,35.99,36.63,36.31,36.43,36.52,24.06,0.25,23.40,24.50,23.91,24.08,24.25,13.79,0.16,13.34,14.15,13.69,13.80,13.91
2026-09-22 00:00:00+00:00,Alcanena,1402,36.57,0.49,35.16,37.37,36.24,36.64,36.96,23.66,0.34,22.74,24.26,23.43,23.67,23.94,13.05,0.32,12.30,13.71,12.78,13.03,13.32
2026-09-23 00:00:00+00:00,Alcanena,1402,33.37,0.99,30.80,35.27,32.65,33.37,34.13,22.45,0.59,20.85,23.50,21.99,22.52,22.94,14.03,0.34,13.33,14.76,13.74,14.00,14.28
2026-09-24 00:00:00+00:00,Alcanena,1402,32.30,0.86,30.08,33.82,31.63,32.40,32.99,21.30,0.50,19.98,22.21,20.95,21.36,21.69,12.95,0.23,12.44,13.46,12.78,12.94,13.11
2026-09-25 00:00:00+00:00,Alcanena,1402,29.12,0.57,27.72,30.17,28.69,29.15,29.59,20.10,0.22,19.59,20.50,19.93,20.12,20.27,14.15,0.20,13.75,14.63,13.98,14.16,14.27
2026-09-26 00:00:00+00:00,Alcanena,1402,33.38,0.43,32.30,34.14,33.06,33.45,33.73,22.04,0.34,21.26,22.59,21.76,22.07,22.35,13.35,0.39,12.80,14.47,13.07,13.25,13.54
2026-09-27 00:00:00+00:00,Alcanena,1402,29.32,0.35,28.47,30.01,29.07,29.30,29.60,22.23,0.28,21.58,22.69,22.00,22.28,22.48,17.06,0.35,16.36,17.86,16.78,17.06,17.29
2026-09-28 00:00:00+00:00,Alcanena,1402,28.74,0.07,28.54,28.87,28.70,28.76,28.79,20.82,0.17,20.37,21.11,20.68,20.84,20.95,14.96,0.16,14.60,15.29,14.82,14.96,15.11
2026-09-29 00:00:00+00:00,Alcanena,1402,29.07,0.23,28.42,29.46,28.94,29.11,29.25,23.47,0.12,23.20,23.68,23.40,23.48,23.56,19.46,0.14,19.05,19.72,19.38,19.48,19.56
2026-09-10 00:00:00+00:00,Almeirim,1403,32.55,0.14,32.19,32.84,32.48,32.55,32.64,22.01,0.12,21.87,22.27,21.89,21.98,22.11,14.73,0.60,13.52,15.57,14.21,14.71,15.34
2026-09-11 00:00:00+00:00,Almeirim,1403,35.44,0.12,35.20,35.83,35.35,35.42,35.51,23.89,0.35,23.50,24.67,23.55,23.82,24.20,15.06,0.16,14.56,15.53,14.94,15.07,15.21
2026-09-12 00:00:00+00:00,Almeirim,1403,39.09,0.38,38.41,39.73,38.77,39.01,39.46,26.36,0.36,26.02,27.45,26.07,26.21,26.57,16.17,0.43,14.92,16.91,15.90,16.19,16.54
2026-09-13 00:00:00+00:00,Almeirim,1403,39.28,0.39,38.62,39.94,38.93,39.18,39.67,27.07,0.22,26.71,27.93,26.92,27.02,27.13,17.05,0.63,15.44,18.09,16.59,17.00,17.59
2026-09-14 00:00:00+00:00,Almeirim,1403,38.30,0.50,37.54,39.12,37.85,38.18,38.81,26.23,0.29,25.94,27.17,26.01,26.07,26.39,16.55,0.33,15.43,17.38,16.41,16.57,16.79
2026-09-15 00:00:00+00:00,Almeirim,1403,28.93,0.66,28.09,29.97,28.24,28.89,29.62,21.91,0.18,21.69,22.29,21.73,21.87,22.08,16.15,0.70,15.19,17.16,15.46,16.11,16.89
2026-09-16 00:00:00+00:00,Almeirim,1403,28.67,0.72,27.78,29.94,27.93,28.61,29.35,21.31,0.11,21.17,21.55,21.20,21.30,21.40,16.63,0.30,15.83,16.99,16.42,16.69,16.91
2026-09-17 00:00:00+00:00,Almeirim,1403,30.39,0.13,30.22,30.69,30.28,30.35,30.49,21.20,0.29,20.87,21.83,20.91,21.14,21.45,14.44,0.30,13.92,15.59,14.26,14.32,14.52
2026-09-18 00:00:00+00:00,Almeirim,1403,31.92,0.78,30.97,33.39,31.11,31.84,32.62,21.65,0.33,21.28,22.37,21.33,21.57,21.94,13.76,0.12,13.38,14.18,13.68,13.76,13.85
2026-09-19 00:00:00+00:00,Almeirim,1403,35.75,0.14,35.29,35.97,35.70,35.76,35.86,24.25,0.18,23.88,24.97,24.12,24.22,24.32,13.65,0.63,12.16,14.70,13.19,13.56,14.24
2026-09-20 00:00:00+00:00,Almeirim,1403,36.65,0.19,36.17,36.97,36.52,36.61,36.83,26.20,0.27,25.43,26.75,26.04,26.20,26.43,17.17,0.81,15.70,18.56,16.49,16.90,17.98
2026-09-21 00:00:00+00:00,Almeirim,1403,37.07,0.12,36.71,37.27,37.01,37.07,37.17,25.83,0.25,25.33,26.82,25.68,25.76,25.86,16.15,0.43,14.74,17.43,15.95,16.16,16.44
2026-09-22 00:00:00+00:00,Almeirim,1403,38.34,0.29,37.94,38.85,38.06,38.26,38.63,25.58,0.27,25.23,26.61,25.41,25.49,25.64,16.09,0.76,14.22,17.37,15.54,16.04,16.77
2026-09-23 00:00:00+00:00,Almeirim,1403,38.13,0.16,37.89,38.41,37.98,38.10,38.29,25.45,0.46,24.99,26.80,25.06,25.27,25.75,16.30,0.63,14.66,17.30,15.86,16.28,16.85
2026-09-24 00:00:00+00:00,Almeirim,1403,36.22,0.06,36.09,36.35,36.18,36.23,36.27,23.71,0.55,23.09,24.98,23.17,23.60,24.16,14.51,0.39,13.48,16.09,14.32,14.43,14.55
2026-09-25 00:00:00+00:00,Almeirim,1403,32.30,0.07,32.17,32.50,32.25,32.30,32.35,21.19,0.18,20.98,21.52,21.01,21.13,21.37,14.25,0.21,13.67,14.55,14.09,14.28,14.44
2026-09-26 00:00:00+00:00,Almeirim,1403,35.33,0.14,35.14,35.59,35.19,35.31,35.45,23.26,0.13,23.01,23.66,23.18,23.19,23.35,13.70,0.64,12.44,14.66,13.16,13.57,14.37
2026-09-27 00:00:00+00:00,Almeirim,1403,31.53,0.27,31.18,32.16,31.27,31.46,31.76,23.47,0.11,23.36,23.74,23.38,23.42,23.56,17.97,0.46,17.08,18.66,17.58,17.89,18.44
2026-09-28 00:00:00+00:00,Almeirim,1403,29.32,0.26,28.87,29.68,29.06,29.36,29.57,21.78,0.11,21.48,21.98,21.71,21.77,21.88,16.09,0.29,15.33,16.55,15.90,16.08,16.34
2026-09-29 00:00:00+00:00,Almeirim,1403,29.27,0.47,28.62,29.97,28.78,29.29,29.76,23.05,0.06,22.80,23.18,23.02,23.05,23.09,19.67,0.17,19.35,19.89,19.50,19.70,19.84
2026-09-10 00:00:00+00:00,Alpiarça,1404,32.26,0.15,31.94,32.55,32.16,32.26,32.38,21.91,0.06,21.79,22.02,21.87,21.90,21.95,14.47,0.44,13.35,15.30,14.14,14.45,14.82
2026-09-11 00:00:00+00:00,Alpiarça,1404,35.11,0.13,34.79,35.32,35.02,35.13,35.21,23.77,0.14,23.55,24.08,23.65,23.75,23.88,14.94,0.10,14.76,15.17,14.86,14.92,15.02
2026-09-12 00:00:00+00:00,Alpiarça,1404,38.85,0.24,38.28,39.37,38.66,38.85,39.04,26.07,0.10,25.88,26.29,25.99,26.05,26.13,15.54,0.44,14.41,16.39,15.19,15.55,15.87
2026-09-13 00:00:00+00:00,Alpiarça,1404,39.10,0.24,38.53,39.60,38.91,39.09,39.27,26.70,0.14,26.40,26.93,26.59,26.71,26.81,16.30,0.57,14.87,17.43,15.86,16.32,16.72
2026-09-14 00:00:00+00:00,Alpiarça,1404,38.34,0.18,38.03,38.76,38.20,38.31,38.47,25.93,0.10,25.72,26.14,25.86,25.94,26.00,15.85,0.38,14.88,16.55,15.55,15.87,16.15
2026-09-15 00:00:00+00:00,Alpiarça,1404,28.91,0.40,28.22,29.90,28.57,28.90,29.22,21.96,0.13,21.74,22.32,21.85,21.95,22.04,16.28,0.34,15.55,16.91,15.99,16.28,16.57
2026-09-16 00:00:00+00:00,Alpiarça,1404,28.46,0.32,27.89,29.09,28.19,28.45,28.70,21.34,0.09,21.19,21.57,21.27,21.34,21.39,16.83,0.06,16.64,16.95,16.81,16.85,16.87
2026-09-17 00:00:00+00:00,Alpiarça,1404,30.18,0.09,29.98,30.34,30.11,30.20,30.24,21.02,0.12,20.84,21.24,20.92,21.00,21.11,13.92,0.19,13.48,14.23,13.78,13.93,14.09
2026-09-18 00:00:00+00:00,Alpiarça,1404,31.57,0.35,31.03,32.25,31.28,31.55,31.84,21.54,0.15,21.32,21.89,21.41,21.52,21.65,13.62,0.08,13.42,13.80,13.57,13.61,13.67
2026-09-19 00:00:00+00:00,Alpiarça,1404,35.52,0.15,35.09,35.79,35.40,35.53,35.63,23.91,0.13,23.63,24.15,23.82,23.92,24.03,13.03,0.53,11.70,14.11,12.61,13.04,13.43
2026-09-20 00:00:00+00:00,Alpiarça,1404,36.48,0.16,36.02,36.79,36.36,36.49,36.60,25.74,0.27,25.06,26.28,25.52,25.74,25.94,16.62,0.56,15.36,17.81,16.17,16.61,17.04
2026-09-21 00:00:00+00:00,Alpiarça,1404,36.90,0.12,36.56,37.13,36.81,36.92,36.99,25.37,0.17,24.98,25.64,25.24,25.37,25.51,15.26,0.47,14.04,16.12,14.88,15.29,15.62
2026-09-22 00:00:00+00:00,Alpiarça,1404,38.22,0.15,37.91,38.57,38.10,38.22,38.33,25.19,0.13,24.89,25.42,25.08,25.20,25.29,15.21,0.67,13.56,16.57,14.67,15.22,15.71
2026-09-23 00:00:00+00:00,Alpiarça,1404,37.89,0.17,37.51,38.22,37.77,37.90,38.03,25.07,0.15,24.80,25.38,24.96,25.05,25.18,15.54,0.58,14.05,16.69,15.10,15.57,16.00
2026-09-24 00:00:00+00:00,Alpiarça,1404,36.00,0.11,35.71,36.16,35.93,36.03,36.08,23.43,0.20,23.13,23.83,23.25,23.39,23.59,13.81,0.32,12.87,14.34,13.56,13.84,14.07
2026-09-25 00:00:00+00:00,Alpiarça,1404,32.06,0.11,31.77,32.24,31.98,32.09,32.14,21.19,0.11,21.01,21.49,21.09,21.18,21.27,14.50,0.08,14.25,14.77,14.45,14.50,14.55
2026-09-26 00:00:00+00:00,Alpiarça,1404,35.20,0.07,35.06,35.32,35.14,35.19,35.26,23.23,0.04,23.16,23.36,23.20,23.22,23.27,13.43,0.47,12.23,14.34,13.08,13.40,13.79
2026-09-27 00:00:00+00:00,Alpiarça,1404,31.19,0.12,30.97,31.47,31.11,31.19,31.27,23.41,0.05,23.32,23.53,23.37,23.40,23.45,17.76,0.33,16.94,18.40,17.51,17.74,18.01
2026-09-28 00:00:00+00:00,Alpiarça,1404,29.22,0.15,28.85,29.52,29.11,29.23,29.34,21.63,0.11,21.36,21.84,21.55,21.64,21.71,15.74,0.27,15.04,16.27,15.53,15.75,15.94
2026-09-29 00:00:00+00:00,Alpiarça,1404,29.32,0.27,28.80,29.98,29.10,29.33,29.53,23.14,0.04,23.05,23.24,23.11,23.14,23.16,19.67,0.09,19.43,19.83,19.60,19.67,19.74
2026-09-10 00:00:00+00:00,Benavente,1405,32.00,0.73,30.37,33.00,31.40,32.09,32.65,22.10,0.11,21.81,22.46,22.05,22.11,22.15,15.33,0.70,14.12,17.05,14.68,15.22,15.91
2026-09-11 00:00:00+00:00,Benavente,1405,34.82,0.50,33.71,35.50,34.39,34.88,35.27,23.92,0.14,23.49,24.25,23.84,23.92,24.00,14.85,0.86,13.24,16.81,14.06,14.72,15.56
2026-09-12 00:00:00+00:00,Benavente,1405,37.25,0.66,35.34,38.27,36.80,37.44,37.80,25.53,0.17,25.15,25.91,25.38,25.51,25.67,14.87,1.11,13.10,17.25,13.97,14.87,15.85
2026-09-13 00:00:00+00:00,Benavente,1405,37.01,0.57,35.43,38.13,36.66,37.17,37.35,25.87,0.33,25.40,26.49,25.59,25.83,26.16,15.62,1.13,13.90,18.16,14.65,15.57,16.63
2026-09-14 00:00:00+00:00,Benavente,1405,35.33,0.62,33.84,36.63,34.98,35.29,35.74,25.50,0.17,25.06,25.95,25.35,25.48,25.62,17.38,0.49,15.90,18.69,17.16,17.30,17.68
2026-09-15 00:00:00+00:00,Benavente,1405,28.74,0.67,26.91,29.61,28.24,28.92,29.34,21.76,0.17,21.50,22.31,21.64,21.74,21.81,14.62,1.38,12.30,17.14,13.50,14.62,15.81
2026-09-16 00:00:00+00:00,Benavente,1405,27.15,0.72,25.43,29.02,26.61,27.30,27.69,21.11,0.22,20.50,21.48,20.95,21.18,21.29,17.36,0.24,16.74,17.98,17.19,17.40,17.48
2026-09-17 00:00:00+00:00,Benavente,1405,29.94,0.74,28.14,30.90,29.37,30.06,30.60,21.11,0.16,20.67,21.59,21.04,21.13,21.18,14.33,0.94,12.90,16.60,13.57,14.23,15.07
2026-09-18 00:00:00+00:00,Benavente,1405,31.50,1.07,29.26,33.00,30.60,31.59,32.45,21.43,0.16,21.11,21.92,21.31,21.38,21.49,14.19,0.75,12.49,16.09,13.54,14.06,14.76
2026-09-19 00:00:00+00:00,Benavente,1405,34.12,0.55,32.56,35.18,33.78,34.30,34.49,23.25,0.22,22.90,23.69,23.06,23.24,23.45,12.85,1.00,11.40,15.24,11.94,12.75,13.67
2026-09-20 00:00:00+00:00,Benavente,1405,35.79,0.68,34.18,36.90,35.29,35.81,36.31,25.55,0.14,24.97,25.70,25.48,25.59,25.67,15.41,1.07,13.80,17.93,14.50,15.32,16.32
2026-09-21 00:00:00+00:00,Benavente,1405,36.40,0.72,34.74,37.60,35.85,36.39,36.94,25.04,0.09,24.66,25.23,25.00,25.04,25.09,15.12,1.01,13.50,17.45,14.34,15.12,15.96
2026-09-22 00:00:00+00:00,Benavente,1405,35.51,0.76,33.38,37.16,35.10,35.65,35.95,24.06,0.59,23.20,25.14,23.55,23.97,24.57,14.55,1.12,12.90,17.37,13.51,14.44,15.49
2026-09-23 00:00:00+00:00,Benavente,1405,37.12,0.76,35.27,38.20,36.52,37.24,37.77,24.39,0.63,23.50,25.68,23.84,24.33,24.93,14.17,1.67,11.60,17.46,12.78,14.08,15.62
2026-09-24 00:00:00+00:00,Benavente,1405,35.58,0.65,34.14,36.60,35.03,35.69,36.19,23.98,0.34,23.22,24.95,23.73,23.89,24.19,14.43,1.04,12.53,16.95,13.44,14.24,15.28
2026-09-25 00:00:00+00:00,Benavente,1405,32.38,0.69,30.74,33.30,31.85,32.48,32.99,21.42,0.22,20.98,21.99,21.29,21.42,21.53,14.00,0.75,12.59,15.69,13.33,13.90,14.63
2026-09-26 00:00:00+00:00,Benavente,1405,34.94,0.81,32.73,36.20,34.30,35.00,35.55,23.47,0.37,22.33,24.28,23.22,23.41,23.74,13.83,1.54,11.58,17.34,12.43,13.64,15.15
2026-09-27 00:00:00+00:00,Benavente,1405,31.33,0.47,30.03,32.22,31.02,31.49,31.70,23.52,0.20,23.15,24.17,23.38,23.45,23.62,17.39,0.90,16.00,19.33,16.67,17.36,18.18
2026-09-28 00:00:00+00:00,Benavente,1405,29.82,0.53,28.80,30.70,29.38,29.84,30.25,21.84,0.13,21.52,22.15,21.73,21.82,21.94,15.67,0.59,14.80,17.12,15.18,15.63,16.16
2026-09-29 00:00:00+00:00,Benavente,1405,28.38,0.47,27.29,29.89,28.04,28.43,28.61,22.96,0.14,22.70,23.53,22.89,22.91,23.01,20.13,0.10,19.92,20.39,20.07,20.11,20.19
2026-09-10 00:00:00+00:00,Cartaxo,1406,32.31,0.54,30.59,32.89,32.01,32.44,32.76,21.81,0.10,21.47,21.90,21.77,21.84,21.88,15.67,0.13,15.47,16.13,15.59,15.62,15.70
2026-09-11 00:00:00+00:00,Cartaxo,1406,35.02,0.55,33.21,35.59,34.78,35.17,35.46,23.44,0.09,23.13,23.57,23.41,23.48,23.50,15.31,0.05,15.19,15.47,15.28,15.30,15.32
2026-09-12 00:00:00+00:00,Cartaxo,1406,39.23,0.48,37.85,39.79,38.89,39.34,39.66,25.91,0.18,25.30,26.10,25.83,25.96,26.06,16.58,0.24,15.92,16.89,16.42,16.62,16.81
2026-09-13 00:00:00+00:00,Cartaxo,1406,39.49,0.42,38.33,39.99,39.15,39.59,39.87,26.85,0.30,25.88,27.20,26.69,26.92,27.11,17.62,0.46,16.25,18.19,17.30,17.68,18.03
2026-09-14 00:00:00+00:00,Cartaxo,1406,38.57,0.52,37.14,39.19,38.16,38.69,39.04,25.83,0.26,24.97,26.10,25.72,25.90,26.03,16.70,0.27,15.78,16.99,16.63,16.76,16.91
2026-09-15 00:00:00+00:00,Cartaxo,1406,27.78,0.37,26.51,28.10,27.64,27.92,28.04,21.61,0.09,21.29,21.70,21.58,21.65,21.68,17.10,0.13,16.58,17.30,17.06,17.16,17.19
2026-09-16 00:00:00+00:00,Cartaxo,1406,27.43,0.38,26.18,27.80,27.25,27.57,27.74,21.05,0.14,20.59,21.20,20.98,21.10,21.17,16.96,0.03,16.90,17.00,16.94,16.96,16.99
2026-09-17 00:00:00+00:00,Cartaxo,1406,29.92,0.45,28.47,30.40,29.68,30.03,30.29,20.75,0.16,20.18,20.90,20.69,20.80,20.87,14.26,0.15,13.70,14.40,14.22,14.31,14.35
2026-09-18 00:00:00+00:00,Cartaxo,1406,30.58,0.46,28.99,31.00,30.38,30.74,30.92,21.19,0.12,20.78,21.30,21.15,21.24,21.28,13.95,0.07,13.85,14.15,13.90,13.92,13.98
2026-09-19 00:00:00+00:00,Cartaxo,1406,35.69,0.27,34.94,36.00,35.50,35.76,35.92,24.08,0.27,23.23,24.40,23.93,24.14,24.32,14.32,0.37,13.24,14.79,14.06,14.38,14.66
2026-09-20 00:00:00+00:00,Cartaxo,1406,36.71,0.25,36.11,37.00,36.50,36.77,36.93,26.26,0.38,25.10,26.69,26.01,26.34,26.58,17.93,0.62,16.14,18.69,17.50,18.03,18.48
2026-09-21 00:00:00+00:00,Cartaxo,1406,37.02,0.24,36.39,37.30,36.84,37.09,37.23,25.58,0.28,24.71,25.90,25.43,25.65,25.82,16.28,0.35,15.19,16.69,16.12,16.34,16.58
2026-09-22 00:00:00+00:00,Cartaxo,1406,38.41,0.41,37.30,38.89,38.10,38.51,38.78,25.32,0.24,24.53,25.60,25.19,25.37,25.53,16.79,0.57,15.11,17.49,16.38,16.87,17.29
2026-09-23 00:00:00+00:00,Cartaxo,1406,37.49,0.69,35.19,38.19,37.20,37.69,38.04,24.88,0.23,24.07,25.10,24.82,24.98,25.04,16.97,0.33,16.09,17.39,16.74,17.02,17.27
2026-09-24 00:00:00+00:00,Cartaxo,1406,35.81,0.55,34.01,36.39,35.55,35.98,36.27,23.03,0.16,22.50,23.35,22.97,23.07,23.10,14.56,0.05,14.35,14.72,14.54,14.56,14.59
2026-09-25 00:00:00+00:00,Cartaxo,1406,31.91,0.48,30.32,32.39,31.72,32.06,32.29,20.90,0.11,20.52,21.00,20.86,20.95,20.98,14.54,0.08,14.38,14.83,14.50,14.51,14.56
2026-09-26 00:00:00+00:00,Cartaxo,1406,34.94,0.25,34.11,35.20,34.82,35.03,35.15,23.19,0.03,23.13,23.29,23.17,23.19,23.20,14.77,0.15,14.53,15.28,14.69,14.71,14.83
2026-09-27 00:00:00+00:00,Cartaxo,1406,30.96,0.34,29.81,31.30,30.81,31.08,31.23,23.31,0.09,23.00,23.40,23.27,23.34,23.38,18.60,0.08,18.34,18.70,18.57,18.62,18.67
2026-09-28 00:00:00+00:00,Cartaxo,1406,29.50,0.18,28.94,29.70,29.41,29.55,29.65,21.86,0.12,21.45,22.00,21.81,21.88,21.96,16.37,0.18,15.86,16.60,16.24,16.40,16.53
2026-09-29 00:00:00+00:00,Cartaxo,1406,28.51,0.13,28.05,28.67,28.45,28.57,28.60,22.99,0.02,22.94,23.02,22.98,23.00,23.00,19.89,0.01,19.87,19.93,19.89,19.89,19.90
2026-09-10 00:00:00+00:00,Chamusca,1407,32.01,0.26,31.70,32.60,31.80,31.92,32.16,22.02,0.13,21.69,22.30,21.96,22.00,22.07,12.93,0.55,12.40,14.40,12.50,12.73,13.13
2026-09-11 00:00:00+00:00,Chamusca,1407,35.07,0.34,34.70,35.96,34.81,34.94,35.25,24.21,0.22,23.69,24.80,24.10,24.20,24.28,14.71,0.35,13.35,15.80,14.56,14.67,14.73
2026-09-12 00:00:00+00:00,Chamusca,1407,38.14,0.33,37.70,38.80,37.85,38.10,38.38,26.21,0.47,25.87,27.70,25.93,25.99,26.26,14.06,1.08,13.10,17.30,13.32,13.70,14.23
2026-09-13 00:00:00+00:00,Chamusca,1407,38.40,0.30,38.00,39.05,38.13,38.36,38.63,26.46,0.56,26.00,28.20,26.11,26.25,26.52,14.50,1.25,13.20,18.10,13.57,14.17,14.87
2026-09-14 00:00:00+00:00,Chamusca,1407,38.05,0.24,37.50,38.78,38.00,38.04,38.13,26.04,0.44,25.70,27.40,25.76,25.84,26.11,14.59,1.06,13.60,17.70,13.86,14.26,14.80
2026-09-15 00:00:00+00:00,Chamusca,1407,30.33,0.38,28.94,32.03,30.09,30.41,30.51,22.46,0.17,21.99,22.94,22.33,22.50,22.59,15.34,0.32,15.10,16.62,15.15,15.20,15.43
2026-09-16 00:00:00+00:00,Chamusca,1407,29.46,0.39,28.45,31.00,29.16,29.33,29.76,21.69,0.17,21.30,22.48,21.62,21.70,21.76,16.95,0.43,15.70,17.40,16.83,17.05,17.26
2026-09-17 00:00:00+00:00,Chamusca,1407,30.34,0.22,29.98,31.16,30.17,30.26,30.51,21.30,0.28,20.86,22.48,21.12,21.17,21.41,13.39,0.91,12.09,15.90,12.81,12.97,13.67
2026-09-18 00:00:00+00:00,Chamusca,1407,32.55,0.35,31.43,33.50,32.39,32.44,32.65,22.02,0.19,21.45,22.50,21.92,22.06,22.10,13.45,0.45,11.19,14.40,13.27,13.55,13.67
2026-09-19 00:00:00+00:00,Chamusca,1407,35.01,0.41,34.50,36.00,34.66,34.93,35.23,23.62,0.51,23.20,25.20,23.30,23.44,23.67,11.30,1.03,10.30,14.30,10.56,10.98,11.62
2026-09-20 00:00:00+00:00,Chamusca,1407,35.94,0.35,35.50,36.80,35.64,35.87,36.13,24.92,0.71,24.20,27.00,24.40,24.73,25.14,14.99,0.83,14.20,17.40,14.41,14.66,15.29
2026-09-21 00:00:00+00:00,Chamusca,1407,36.51,0.33,36.10,37.30,36.24,36.46,36.70,24.92,0.71,24.30,27.10,24.46,24.68,25.00,13.68,1.42,12.40,17.90,12.73,13.24,13.87
2026-09-22 00:00:00+00:00,Chamusca,1407,37.88,0.24,37.60,38.84,37.70,37.85,37.99,24.94,0.63,24.40,26.90,24.54,24.71,25.01,13.08,1.41,11.80,17.30,12.12,12.62,13.36
2026-09-23 00:00:00+00:00,Chamusca,1407,38.44,0.21,37.54,39.17,38.38,38.41,38.50,25.31,0.57,24.79,27.10,24.95,25.06,25.38,13.60,1.35,12.40,17.70,12.67,13.17,13.83
2026-09-24 00:00:00+00:00,Chamusca,1407,36.12,0.22,35.69,37.28,35.95,36.06,36.23,23.96,0.41,23.28,25.20,23.71,23.79,24.04,12.64,1.32,11.40,16.60,11.73,12.27,12.91
2026-09-25 00:00:00+00:00,Chamusca,1407,32.12,0.20,31.63,33.07,32.01,32.07,32.24,21.61,0.14,21.16,22.13,21.52,21.64,21.70,14.83,0.41,13.54,15.40,14.56,14.86,15.18
2026-09-26 00:00:00+00:00,Chamusca,1407,35.36,0.16,35.08,35.99,35.24,35.30,35.48,23.43,0.13,23.12,23.80,23.34,23.44,23.49,11.84,0.73,10.62,13.90,11.27,11.59,12.18
2026-09-27 00:00:00+00:00,Chamusca,1407,31.22,0.39,30.80,32.20,30.95,31.08,31.38,23.57,0.11,23.27,23.80,23.52,23.59,23.62,16.69,0.47,16.20,17.90,16.31,16.54,16.96
2026-09-28 00:00:00+00:00,Chamusca,1407,28.73,0.15,28.50,29.24,28.59,28.73,28.84,21.32,0.25,21.00,22.05,21.11,21.27,21.46,14.85,0.64,14.20,16.70,14.38,14.68,15.02
2026-09-29 00:00:00+00:00,Chamusca,1407,30.23,0.21,29.48,30.50,30.12,30.33,30.38,23.26,0.23,22.70,23.94,23.20,23.23,23.34,19.41,0.23,19.20,20.42,19.27,19.34,19.44
2026-09-10 00:00:00+00:00,Constância,1408,32.44,0.19,31.94,32.72,32.40,32.49,32.57,21.84,0.10,21.70,21.99,21.74,21.86,21.94,12.59,0.25,12.18,13.17,12.40,12.52,12.78
2026-09-11 00:00:00+00:00,Constância,1408,35.46,0.17,34.99,35.70,35.40,35.50,35.59,24.00,0.14,23.79,24.20,23.85,24.03,24.14,14.32,0.23,13.86,14.88,14.16,14.30,14.46
2026-09-12 00:00:00+00:00,Constância,1408,38.65,0.30,37.99,39.10,38.41,38.71,38.90,26.06,0.02,26.00,26.10,26.04,26.06,26.08,13.68,0.20,13.35,14.00,13.48,13.69,13.85
2026-09-13 00:00:00+00:00,Constância,1408,38.86,0.31,38.25,39.34,38.61,38.89,39.12,26.42,0.08,26.19,26.53,26.37,26.45,26.48,14.60,0.36,13.75,15.01,14.33,14.70,14.92
2026-09-14 00:00:00+00:00,Constância,1408,38.70,0.24,38.19,39.04,38.53,38.74,38.89,26.01,0.06,25.87,26.11,25.97,26.01,26.06,14.35,0.17,13.94,14.56,14.21,14.41,14.50
2026-09-15 00:00:00+00:00,Constância,1408,30.72,0.23,30.25,31.15,30.51,30.76,30.88,22.46,0.13,22.21,22.62,22.33,22.48,22.58,15.88,0.60,15.18,17.06,15.30,15.74,16.44
2026-09-16 00:00:00+00:00,Constância,1408,30.42,0.34,29.55,30.90,30.27,30.52,30.68,22.06,0.08,21.84,22.22,22.01,22.06,22.11,16.73,0.16,16.48,17.16,16.62,16.69,16.77
2026-09-17 00:00:00+00:00,Constância,1408,30.80,0.19,30.34,31.06,30.70,30.84,30.95,21.23,0.18,20.87,21.52,21.07,21.30,21.38,12.59,0.45,11.70,13.17,12.15,12.72,13.00
2026-09-18 00:00:00+00:00,Constância,1408,32.67,0.07,32.52,32.81,32.62,32.67,32.71,21.76,0.11,21.59,22.01,21.66,21.73,21.84,12.45,0.27,12.03,13.22,12.26,12.41,12.55
2026-09-19 00:00:00+00:00,Constância,1408,35.53,0.34,34.80,35.98,35.26,35.59,35.83,23.57,0.12,23.34,23.79,23.46,23.57,23.67,10.97,0.10,10.66,11.08,10.93,11.01,11.04
2026-09-20 00:00:00+00:00,Constância,1408,36.31,0.29,35.73,36.77,36.06,36.34,36.57,25.09,0.30,24.50,25.56,24.84,25.13,25.36,14.64,0.08,14.40,14.74,14.58,14.66,14.72
2026-09-21 00:00:00+00:00,Constância,1408,36.91,0.23,36.37,37.21,36.77,36.98,37.10,24.84,0.13,24.53,24.99,24.75,24.89,24.95,13.31,0.18,12.83,13.51,13.20,13.39,13.45
2026-09-22 00:00:00+00:00,Constância,1408,38.65,0.39,37.87,39.26,38.34,38.70,38.98,24.94,0.10,24.64,25.07,24.90,24.96,25.00,12.58,0.12,12.21,12.72,12.52,12.62,12.66
2026-09-23 00:00:00+00:00,Constância,1408,39.13,0.21,38.62,39.43,39.02,39.17,39.29,25.34,0.12,25.08,25.55,25.25,25.36,25.43,13.27,0.32,12.72,13.76,12.95,13.28,13.56
2026-09-24 00:00:00+00:00,Constância,1408,36.78,0.20,36.23,37.12,36.68,36.81,36.92,24.05,0.09,23.84,24.20,23.99,24.06,24.11,12.65,0.45,11.83,13.36,12.25,12.68,13.08
2026-09-25 00:00:00+00:00,Constância,1408,32.20,0.27,31.65,32.64,31.96,32.27,32.40,21.51,0.18,21.18,21.74,21.33,21.56,21.70,14.35,0.22,13.97,14.95,14.21,14.33,14.46
2026-09-26 00:00:00+00:00,Constância,1408,35.70,0.17,35.35,36.01,35.58,35.71,35.83,23.24,0.06,23.15,23.40,23.20,23.23,23.27,11.76,0.55,11.04,12.90,11.26,11.62,12.23
2026-09-27 00:00:00+00:00,Constância,1408,31.51,0.18,31.14,31.88,31.37,31.52,31.64,23.37,0.09,23.25,23.56,23.30,23.36,23.44,16.83,0.48,16.25,17.87,16.36,16.72,17.24
2026-09-28 00:00:00+00:00,Constância,1408,28.91,0.17,28.63,29.24,28.77,28.90,29.07,21.55,0.14,21.21,21.74,21.47,21.59,21.68,14.86,0.19,14.45,15.13,14.70,14.89,15.04
2026-09-29 00:00:00+00:00,Constância,1408,30.44,0.06,30.37,30.63,30.39,30.42,30.48,23.77,0.25,23.33,24.22,23.55,23.75,24.00,20.05,0.45,19.35,20.89,19.65,20.03,20.46
2026-09-10 00:00:00+00:00,Coruche,1409,32.97,0.25,32.19,33.62,32.79,32.99,33.09,22.20,0.20,21.97,22.75,22.04,22.12,22.30,13.70,0.38,12.20,14.76,13.45,13.59,13.99
2026-09-11 00:00:00+00:00,Coruche,1409,35.76,0.50,34.95,37.22,35.36,35.60,35.92,23.83,0.56,23.00,24.80,23.32,23.73,24.36,13.42,1.10,11.90,15.80,12.59,13.23,13.97
2026-09-12 00:00:00+00:00,Coruche,1409,38.90,0.53,37.89,40.64,38.67,38.77,38.97,25.92,1.03,24.50,27.70,25.00,25.60,26.92,14.80,1.25,13.10,17.30,13.75,14.50,15.76
2026-09-13 00:00:00+00:00,Coruche,1409,38.77,0.39,37.57,39.77,38.58,38.74,39.00,26.35,1.13,24.80,28.20,25.34,25.99,27.51,15.27,1.62,12.90,18.10,13.84,14.92,16.81
2026-09-14 00:00:00+00:00,Coruche,1409,37.31,0.35,35.87,37.87,37.18,37.34,37.54,25.83,1.03,24.40,27.40,24.90,25.49,26.93,16.08,0.94,14.60,17.70,15.25,16.08,16.94
2026-09-15 00:00:00+00:00,Coruche,1409,30.20,0.67,28.84,31.96,29.78,29.91,30.35,22.06,0.46,21.60,23.25,21.70,21.92,22.20,14.78,0.62,13.67,16.20,14.21,14.64,15.20
2026-09-16 00:00:00+00:00,Coruche,1409,29.84,0.43,28.09,30.28,29.77,30.00,30.07,21.59,0.17,21.21,21.97,21.45,21.62,21.69,16.28,0.28,15.59,17.13,16.14,16.32,16.41
2026-09-17 00:00:00+00:00,Coruche,1409,30.88,0.20,30.06,31.37,30.75,30.87,30.96,21.56,0.52,20.99,22.89,21.11,21.36,21.90,14.06,1.47,12.00,17.09,12.78,13.65,15.58
2026-09-18 00:00:00+00:00,Coruche,1409,33.08,0.31,31.73,33.62,32.92,33.10,33.35,21.50,0.58,20.70,22.50,20.98,21.31,22.07,12.61,0.98,11.10,14.40,11.77,12.55,13.44
2026-09-19 00:00:00+00:00,Coruche,1409,35.80,0.44,34.74,37.18,35.56,35.70,35.99,23.58,0.91,22.30,25.20,22.77,23.32,24.44,12.05,1.34,10.00,14.30,10.87,11.86,13.35
2026-09-20 00:00:00+00:00,Coruche,1409,36.29,0.35,35.33,37.08,35.98,36.16,36.65,25.47,0.85,24.20,27.00,24.70,25.33,26.24,15.12,1.51,12.90,17.40,13.78,14.71,16.75
2026-09-21 00:00:00+00:00,Coruche,1409,36.85,0.28,35.80,37.41,36.62,36.75,37.14,25.33,0.96,24.00,27.10,24.48,25.05,26.23,15.31,1.56,13.10,17.90,13.92,14.89,16.91
2026-09-22 00:00:00+00:00,Coruche,1409,37.91,0.48,35.86,38.43,37.91,38.06,38.18,24.79,1.11,23.36,26.90,23.72,24.51,25.74,13.83,1.82,11.20,17.30,12.26,13.37,15.32
2026-09-23 00:00:00+00:00,Coruche,1409,38.49,0.28,37.56,39.22,38.37,38.46,38.56,24.94,1.19,23.46,27.10,23.79,24.58,26.03,13.94,1.83,11.50,17.70,12.43,13.58,15.12
2026-09-24 00:00:00+00:00,Coruche,1409,36.79,0.31,35.96,37.24,36.52,36.89,37.05,23.80,0.92,22.50,25.20,22.97,23.52,24.82,13.37,1.73,10.90,16.60,11.85,12.97,14.91
2026-09-25 00:00:00+00:00,Coruche,1409,33.12,0.40,32.30,33.70,32.87,33.20,33.41,21.32,0.65,20.50,22.98,20.79,21.21,21.56,12.82,0.90,11.30,14.10,12.02,12.89,13.69
2026-09-26 00:00:00+00:00,Coruche,1409,35.66,0.15,35.17,35.90,35.57,35.63,35.78,22.55,0.76,21.30,23.80,21.88,22.59,23.19,11.68,1.16,9.80,13.90,10.69,11.76,12.40
2026-09-27 00:00:00+00:00,Coruche,1409,32.46,0.21,31.64,32.84,32.30,32.52,32.62,23.35,0.36,22.80,23.96,23.02,23.31,23.73,16.94,0.57,16.10,17.90,16.44,16.82,17.51
2026-09-28 00:00:00+00:00,Coruche,1409,29.70,0.42,28.80,30.21,29.47,29.78,30.05,21.62,0.28,21.20,22.24,21.37,21.60,21.88,15.18,0.83,13.90,16.70,14.45,15.12,15.89
2026-09-29 00:00:00+00:00,Coruche,1409,30.32,0.38,29.14,30.91,29.99,30.44,30.63,23.53,0.37,22.70,24.00,23.32,23.66,23.82,19.74,0.19,19.30,20.03,19.64,19.80,19.88
2026-09-10 00:00:00+00:00,Entroncamento,1410,31.91,0.08,31.78,32.05,31.84,31.91,31.96,21.54,0.02,21.51,21.57,21.54,21.54,21.56,13.23,0.04,13.17,13.29,13.20,13.23,13.26
2026-09-11 00:00:00+00:00,Entroncamento,1410,34.83,0.11,34.66,35.03,34.74,34.83,34.91,23.54,0.04,23.48,23.60,23.51,23.55,23.57,14.67,0.09,14.56,14.82,14.61,14.64,14.76
2026-09-12 00:00:00+00:00,Entroncamento,1410,38.43,0.10,38.26,38.62,38.37,38.43,38.50,25.76,0.06,25.68,25.86,25.72,25.74,25.81,14.06,0.05,14.00,14.14,14.03,14.05,14.12
2026-09-13 00:00:00+00:00,Entroncamento,1410,38.98,0.08,38.85,39.12,38.92,38.98,39.03,26.30,0.03,26.25,26.36,26.28,26.30,26.32,14.88,0.08,14.78,15.00,14.81,14.84,14.98
2026-09-14 00:00:00+00:00,Entroncamento,1410,38.50,0.10,38.34,38.67,38.44,38.49,38.55,25.74,0.03,25.70,25.79,25.72,25.74,25.76,14.55,0.05,14.50,14.62,14.51,14.52,14.61
2026-09-15 00:00:00+00:00,Entroncamento,1410,29.62,0.09,29.50,29.77,29.54,29.61,29.69,22.05,0.03,22.01,22.10,22.02,22.05,22.08,16.77,0.15,16.55,17.00,16.65,16.75,16.91
2026-09-16 00:00:00+00:00,Entroncamento,1410,29.71,0.17,29.42,30.01,29.59,29.70,29.81,21.65,0.06,21.56,21.75,21.60,21.64,21.69,16.65,0.03,16.61,16.71,16.62,16.64,16.67
2026-09-17 00:00:00+00:00,Entroncamento,1410,30.36,0.11,30.18,30.55,30.28,30.36,30.43,20.66,0.03,20.61,20.70,20.65,20.66,20.69,12.05,0.10,11.89,12.23,11.97,12.03,12.12
2026-09-18 00:00:00+00:00,Entroncamento,1410,31.97,0.10,31.81,32.15,31.90,31.97,32.06,21.39,0.05,21.32,21.49,21.33,21.37,21.43,12.62,0.03,12.57,12.66,12.60,12.62,12.65
2026-09-19 00:00:00+00:00,Entroncamento,1410,35.43,0.09,35.28,35.59,35.38,35.44,35.48,23.47,0.07,23.37,23.60,23.42,23.46,23.53,11.11,0.03,11.05,11.17,11.09,11.11,11.14
2026-09-20 00:00:00+00:00,Entroncamento,1410,36.47,0.06,36.37,36.57,36.43,36.48,36.50,25.28,0.07,25.17,25.40,25.23,25.28,25.33,14.61,0.03,14.56,14.67,14.58,14.61,14.63
2026-09-21 00:00:00+00:00,Entroncamento,1410,36.90,0.05,36.82,36.99,36.87,36.90,36.94,24.86,0.03,24.82,24.91,24.85,24.86,24.88,13.57,0.03,13.52,13.62,13.56,13.57,13.60
2026-09-22 00:00:00+00:00,Entroncamento,1410,38.58,0.13,38.36,38.82,38.49,38.58,38.66,24.80,0.02,24.76,24.84,24.77,24.80,24.81,12.79,0.04,12.72,12.86,12.76,12.80,12.81
2026-09-23 00:00:00+00:00,Entroncamento,1410,38.12,0.19,37.82,38.46,37.96,38.12,38.26,24.92,0.12,24.74,25.15,24.82,24.90,25.02,13.78,0.08,13.69,13.90,13.72,13.75,13.88
2026-09-24 00:00:00+00:00,Entroncamento,1410,35.84,0.13,35.63,36.07,35.74,35.83,35.94,23.59,0.11,23.42,23.80,23.49,23.57,23.68,13.09,0.13,12.93,13.29,12.99,13.05,13.24
2026-09-25 00:00:00+00:00,Entroncamento,1410,31.26,0.05,31.18,31.33,31.22,31.25,31.28,21.01,0.03,20.95,21.05,20.99,21.01,21.03,14.49,0.05,14.44,14.57,14.45,14.46,14.54
2026-09-26 00:00:00+00:00,Entroncamento,1410,35.36,0.10,35.19,35.54,35.28,35.36,35.43,23.04,0.05,22.97,23.13,22.99,23.02,23.08,12.71,0.12,12.54,12.90,12.62,12.69,12.84
2026-09-27 00:00:00+00:00,Entroncamento,1410,30.85,0.03,30.81,30.90,30.81,30.85,30.89,23.13,0.03,23.09,23.18,23.10,23.12,23.14,17.47,0.13,17.28,17.69,17.37,17.45,17.58
2026-09-28 00:00:00+00:00,Entroncamento,1410,29.03,0.04,28.97,29.09,29.01,29.03,29.05,21.49,0.05,21.41,21.57,21.46,21.48,21.52,15.05,0.04,15.00,15.11,15.02,15.04,15.09
2026-09-29 00:00:00+00:00,Entroncamento,1410,30.26,0.06,30.14,30.36,30.22,30.26,30.31,23.89,0.07,23.76,24.01,23.84,23.90,23.93,20.34,0.12,20.13,20.55,20.25,20.34,20.42
2026-09-10 00:00:00+00:00,Ferreira do Zêzere,1411,31.55,0.50,30.35,32.39,31.14,31.55,31.99,21.00,0.41,19.90,21.62,20.68,21.05,21.34,13.24,0.07,13.05,13.39,13.20,13.26,13.29
2026-09-11 00:00:00+00:00,Ferreira do Zêzere,1411,34.39,0.67,32.80,35.53,33.85,34.38,34.98,23.12,0.42,22.05,23.72,22.79,23.18,23.47,14.56,0.29,13.77,15.09,14.33,14.60,14.80
2026-09-12 00:00:00+00:00,Ferreira do Zêzere,1411,38.20,0.50,37.09,39.13,37.76,38.20,38.62,26.35,0.19,26.04,26.85,26.19,26.32,26.50,15.81,0.98,14.16,18.29,14.97,15.70,16.55
2026-09-13 00:00:00+00:00,Ferreira do Zêzere,1411,38.94,0.24,38.48,39.42,38.72,38.94,39.14,27.26,0.42,26.57,28.40,26.89,27.20,27.61,17.50,1.37,15.15,20.96,16.33,17.37,18.51
2026-09-14 00:00:00+00:00,Ferreira do Zêzere,1411,38.28,0.43,37.31,39.08,37.90,38.29,38.66,26.39,0.27,25.94,27.11,26.16,26.36,26.60,16.34,0.97,14.68,18.82,15.52,16.25,17.12
2026-09-15 00:00:00+00:00,Ferreira do Zêzere,1411,29.13,0.65,27.52,30.15,28.62,29.18,29.68,21.30,0.55,19.85,22.12,20.88,21.38,21.77,16.53,0.43,15.51,17.36,16.20,16.57,16.89
2026-09-16 00:00:00+00:00,Ferreira do Zêzere,1411,29.80,0.57,28.43,30.70,29.35,29.84,30.28,21.19,0.50,19.87,21.93,20.82,21.26,21.61,15.97,0.47,14.88,16.86,15.57,15.97,16.37
2026-09-17 00:00:00+00:00,Ferreira do Zêzere,1411,30.01,0.58,28.73,31.06,29.51,30.01,30.49,20.24,0.35,19.30,20.77,19.97,20.28,20.53,12.30,0.39,11.53,13.05,11.96,12.28,12.63
2026-09-18 00:00:00+00:00,Ferreira do Zêzere,1411,31.88,0.43,31.01,32.68,31.49,31.89,32.26,21.01,0.40,20.03,21.70,20.70,21.04,21.36,12.31,0.17,11.96,12.69,12.17,12.32,12.45
2026-09-19 00:00:00+00:00,Ferreira do Zêzere,1411,35.50,0.26,35.03,36.02,35.29,35.50,35.71,24.12,0.19,23.82,24.69,23.95,24.08,24.26,12.91,1.06,11.03,15.32,12.02,12.78,13.85
2026-09-20 00:00:00+00:00,Ferreira do Zêzere,1411,36.24,0.32,35.43,36.82,35.99,36.27,36.51,26.08,0.26,25.71,26.82,25.85,26.04,26.30,16.71,1.32,14.46,20.11,15.56,16.65,17.80
2026-09-21 00:00:00+00:00,Ferreira do Zêzere,1411,36.78,0.22,36.20,37.15,36.60,36.80,36.97,25.62,0.34,25.05,26.47,25.33,25.57,25.89,16.11,1.53,13.50,20.00,14.75,16.05,17.44
2026-09-22 00:00:00+00:00,Ferreira do Zêzere,1411,38.47,0.46,37.47,39.35,38.08,38.48,38.87,25.89,0.54,24.99,27.34,25.45,25.81,26.32,15.30,1.56,12.61,19.26,13.94,15.23,16.56
2026-09-23 00:00:00+00:00,Ferreira do Zêzere,1411,38.16,0.65,36.94,39.39,37.56,38.15,38.72,25.44,0.15,24.97,25.72,25.37,25.43,25.57,15.38,0.86,13.93,17.63,14.67,15.28,16.09
2026-09-24 00:00:00+00:00,Ferreira do Zêzere,1411,35.54,0.71,34.03,36.72,34.93,35.55,36.16,24.06,0.18,23.56,24.32,23.95,24.05,24.21,14.13,0.36,13.54,14.93,13.83,14.10,14.36
2026-09-25 00:00:00+00:00,Ferreira do Zêzere,1411,30.69,0.49,29.51,31.49,30.30,30.71,31.12,20.48,0.45,19.23,21.15,20.14,20.57,20.88,14.22,0.28,13.42,14.70,14.02,14.26,14.45
2026-09-26 00:00:00+00:00,Ferreira do Zêzere,1411,34.89,0.63,33.50,36.01,34.39,34.91,35.43,22.79,0.32,22.01,23.31,22.52,22.81,23.06,13.22,0.08,13.02,13.42,13.17,13.19,13.27
2026-09-27 00:00:00+00:00,Ferreira do Zêzere,1411,30.47,0.40,29.50,31.12,30.15,30.49,30.81,22.54,0.46,21.39,23.29,22.18,22.58,22.93,17.55,0.27,17.06,18.16,17.33,17.55,17.76
2026-09-28 00:00:00+00:00,Ferreira do Zêzere,1411,28.55,0.38,27.86,29.29,28.24,28.56,28.87,21.28,0.25,20.74,21.74,21.08,21.29,21.49,15.28,0.08,15.17,15.56,15.20,15.26,15.33
2026-09-29 00:00:00+00:00,Ferreira do Zêzere,1411,29.53,0.62,28.12,30.65,28.99,29.56,30.06,23.44,0.49,22.17,24.30,23.06,23.47,23.86,20.13,0.50,18.88,21.06,19.72,20.15,20.54
2026-09-10 00:00:00+00:00,Golegã,1412,31.80,0.13,31.53,32.11,31.68,31.82,31.89,21.71,0.09,21.55,21.85,21.63,21.70,21.79,13.37,0.28,12.96,14.06,13.15,13.30,13.59
2026-09-11 00:00:00+00:00,Golegã,1412,34.71,0.17,34.23,35.07,34.66,34.73,34.81,23.71,0.10,23.43,23.87,23.66,23.73,23.79,14.56,0.06,14.50,14.73,14.51,14.54,14.59
2026-09-12 00:00:00+00:00,Golegã,1412,38.27,0.11,37.99,38.57,38.22,38.27,38.33,25.81,0.09,25.56,25.92,25.79,25.84,25.87,14.21,0.25,13.84,14.85,14.01,14.16,14.39
2026-09-13 00:00:00+00:00,Golegã,1412,38.66,0.09,38.51,38.91,38.61,38.66,38.70,26.21,0.04,26.13,26.33,26.19,26.20,26.23,14.80,0.24,14.39,15.44,14.63,14.77,14.93
2026-09-14 00:00:00+00:00,Golegã,1412,38.13,0.11,38.00,38.50,38.07,38.09,38.18,25.67,0.06,25.53,25.80,25.64,25.68,25.72,14.63,0.19,14.34,15.14,14.49,14.58,14.76
2026-09-15 00:00:00+00:00,Golegã,1412,29.52,0.32,28.87,29.99,29.26,29.58,29.80,22.13,0.09,21.90,22.29,22.07,22.15,22.20,16.11,0.18,15.77,16.55,15.98,16.11,16.23
2026-09-16 00:00:00+00:00,Golegã,1412,29.05,0.36,28.42,29.91,28.76,29.04,29.30,21.52,0.11,21.30,21.77,21.44,21.53,21.61,16.77,0.07,16.61,16.90,16.72,16.77,16.82
2026-09-17 00:00:00+00:00,Golegã,1412,30.11,0.17,29.70,30.53,30.00,30.11,30.21,20.86,0.09,20.60,21.01,20.83,20.88,20.93,12.86,0.27,12.23,13.38,12.70,12.86,13.04
2026-09-18 00:00:00+00:00,Golegã,1412,31.81,0.27,31.19,32.25,31.62,31.86,32.04,21.50,0.12,21.18,21.68,21.44,21.52,21.58,13.03,0.17,12.68,13.35,12.91,13.04,13.15
2026-09-19 00:00:00+00:00,Golegã,1412,35.20,0.10,35.02,35.52,35.14,35.20,35.25,23.44,0.07,23.25,23.58,23.42,23.43,23.47,11.46,0.30,11.07,12.22,11.20,11.40,11.69
2026-09-20 00:00:00+00:00,Golegã,1412,36.21,0.08,36.04,36.41,36.15,36.21,36.26,25.00,0.10,24.82,25.23,24.94,25.00,25.06,15.03,0.27,14.68,15.72,14.80,14.98,15.20
2026-09-21 00:00:00+00:00,Golegã,1412,36.68,0.06,36.56,36.87,36.63,36.68,36.71,24.79,0.06,24.69,24.95,24.75,24.77,24.82,13.77,0.25,13.39,14.41,13.56,13.73,13.95
2026-09-22 00:00:00+00:00,Golegã,1412,38.02,0.15,37.89,38.55,37.92,37.95,38.07,24.71,0.04,24.65,24.82,24.68,24.70,24.72,13.22,0.36,12.74,14.13,12.90,13.16,13.50
2026-09-23 00:00:00+00:00,Golegã,1412,37.79,0.34,36.95,38.50,37.59,37.82,38.06,24.78,0.15,24.37,25.13,24.72,24.79,24.87,13.87,0.31,13.38,14.69,13.63,13.78,14.08
2026-09-24 00:00:00+00:00,Golegã,1412,35.73,0.23,35.10,36.19,35.63,35.74,35.88,23.42,0.17,23.00,23.80,23.32,23.44,23.55,12.81,0.19,12.45,13.28,12.67,12.80,12.96
2026-09-25 00:00:00+00:00,Golegã,1412,31.62,0.15,31.19,31.83,31.57,31.65,31.73,21.21,0.10,20.96,21.37,21.17,21.22,21.28,14.58,0.07,14.47,14.72,14.53,14.57,14.63
2026-09-26 00:00:00+00:00,Golegã,1412,35.17,0.16,34.79,35.55,35.11,35.18,35.26,23.13,0.08,22.91,23.22,23.11,23.15,23.18,12.43,0.25,11.99,13.05,12.25,12.40,12.58
2026-09-27 00:00:00+00:00,Golegã,1412,30.93,0.09,30.64,31.05,30.90,30.95,30.99,23.27,0.07,23.07,23.39,23.25,23.28,23.32,17.09,0.15,16.81,17.44,16.98,17.09,17.19
2026-09-28 00:00:00+00:00,Golegã,1412,28.94,0.05,28.84,29.06,28.90,28.94,28.98,21.36,0.05,21.29,21.51,21.33,21.35,21.38,15.00,0.13,14.79,15.35,14.92,14.98,15.07
2026-09-29 00:00:00+00:00,Golegã,1412,29.95,0.20,29.52,30.29,29.79,29.97,30.12,23.46,0.13,23.27,23.82,23.36,23.42,23.53,19.74,0.16,19.57,20.25,19.64,19.68,19.80
2026-09-10 00:00:00+00:00,Mação,1413,33.28,0.93,31.96,35.00,32.42,33.14,33.96,22.60,0.60,21.70,23.68,22.06,22.58,23.10,13.36,2.39,9.30,17.14,11.48,13.51,15.56
2026-09-11 00:00:00+00:00,Mação,1413,35.89,0.82,34.72,37.40,35.14,35.77,36.52,24.94,0.74,23.80,26.26,24.30,24.93,25.58,15.08,2.35,11.10,18.83,13.23,15.21,17.25
2026-09-12 00:00:00+00:00,Mação,1413,38.16,1.13,36.46,40.10,37.11,38.05,39.04,27.16,0.96,25.60,28.77,26.39,27.18,28.05,16.83,3.23,11.50,22.05,14.26,16.96,19.83
2026-09-13 00:00:00+00:00,Mação,1413,38.54,0.73,37.45,39.80,37.87,38.46,39.12,27.90,1.00,26.30,29.57,27.08,27.93,28.83,18.67,2.84,14.10,23.29,16.40,18.77,21.31
2026-09-14 00:00:00+00:00,Mação,1413,38.79,0.79,37.64,40.20,38.07,38.71,39.40,27.84,1.13,26.10,29.80,26.87,27.82,28.85,17.78,3.00,12.90,22.71,15.40,17.92,20.55
2026-09-15 00:00:00+00:00,Mação,1413,32.24,0.39,31.37,33.00,31.96,32.22,32.51,23.81,0.82,22.60,25.31,23.05,23.79,24.50,16.38,1.59,13.70,18.97,15.12,16.46,17.83
2026-09-16 00:00:00+00:00,Mação,1413,32.35,0.71,31.22,33.80,31.75,32.17,32.81,23.40,0.20,22.89,23.88,23.28,23.36,23.51,16.05,0.94,14.40,17.56,15.32,16.11,16.88
2026-09-17 00:00:00+00:00,Mação,1413,30.82,0.83,29.63,32.30,30.06,30.70,31.46,21.96,0.14,21.57,22.31,21.87,21.93,22.04,13.99,1.38,11.70,16.28,12.85,14.07,15.21
2026-09-18 00:00:00+00:00,Mação,1413,32.48,0.75,31.42,33.80,31.79,32.39,33.07,22.39,1.05,20.70,24.21,21.56,22.39,23.31,12.72,2.71,8.11,17.06,10.59,12.87,15.21
2026-09-19 00:00:00+00:00,Mação,1413,35.34,1.17,33.58,37.40,34.26,35.21,36.23,24.34,0.87,22.90,25.77,23.65,24.37,25.14,14.68,3.07,9.70,19.72,12.23,14.83,17.52
2026-09-20 00:00:00+00:00,Mação,1413,35.69,1.01,34.09,37.40,34.75,35.60,36.48,26.17,0.79,24.90,27.48,25.53,26.17,26.90,17.66,2.51,13.60,21.78,15.67,17.77,20.00
2026-09-21 00:00:00+00:00,Mação,1413,36.93,0.93,35.56,38.60,36.07,36.81,37.64,26.09,0.88,24.70,27.57,25.38,26.12,26.90,16.43,2.41,12.50,20.33,14.50,16.52,18.67
2026-09-22 00:00:00+00:00,Mação,1413,38.85,0.86,37.63,40.40,38.06,38.73,39.50,26.98,1.20,25.10,29.02,25.96,26.99,28.08,16.71,3.40,11.20,22.29,14.01,16.86,19.87
2026-09-23 00:00:00+00:00,Mação,1413,39.40,1.29,37.55,41.70,38.21,39.26,40.39,27.28,1.50,24.90,29.85,26.05,27.30,28.61,17.39,3.93,11.01,23.89,14.25,17.54,21.02
2026-09-24 00:00:00+00:00,Mação,1413,37.74,1.06,36.24,39.70,36.77,37.61,38.53,25.95,1.30,23.90,28.19,24.84,25.96,27.11,16.78,3.48,11.20,22.61,14.00,16.88,19.98
2026-09-25 00:00:00+00:00,Mação,1413,33.26,0.65,32.18,34.50,32.68,33.18,33.73,23.15,0.95,21.70,24.83,22.27,23.14,23.97,14.50,2.07,10.90,17.69,12.89,14.68,16.40
2026-09-26 00:00:00+00:00,Mação,1413,35.26,0.68,34.23,36.40,34.63,35.21,35.80,24.00,1.10,22.20,25.84,23.13,24.05,24.98,12.90,2.62,8.40,16.96,10.83,13.11,15.32
2026-09-27 00:00:00+00:00,Mação,1413,32.57,0.97,31.20,34.40,31.68,32.45,33.27,23.62,0.62,22.60,24.69,23.13,23.63,24.15,17.04,1.64,14.20,19.62,15.74,17.18,18.55
2026-09-28 00:00:00+00:00,Mação,1413,27.79,0.61,26.76,28.70,27.22,27.80,28.32,21.71,0.21,21.35,22.10,21.53,21.67,21.87,15.44,0.51,14.60,16.31,15.03,15.45,15.90
2026-09-29 00:00:00+00:00,Mação,1413,28.84,1.29,26.72,30.90,27.63,28.80,29.88,23.05,0.81,21.76,24.40,22.28,22.99,23.69,19.36,0.63,18.36,20.40,18.78,19.30,19.91
2026-09-10 00:00:00+00:00,Rio Maior,1414,29.07,0.50,28.75,31.83,28.82,28.87,29.05,21.16,0.20,20.24,21.70,21.15,21.20,21.21,16.70,0.56,13.99,17.10,16.59,16.90,17.04
2026-09-11 00:00:00+00:00,Rio Maior,1414,31.18,0.60,30.30,34.39,30.91,30.95,31.16,22.71,0.29,21.28,23.30,22.72,22.79,22.80,15.06,0.32,13.36,15.24,15.09,15.18,15.20
2026-09-12 00:00:00+00:00,Rio Maior,1414,37.28,0.59,34.66,39.06,37.25,37.38,37.43,24.64,0.36,22.99,25.70,24.63,24.70,24.73,14.84,0.35,13.51,16.30,14.78,14.81,14.90
2026-09-13 00:00:00+00:00,Rio Maior,1414,37.99,0.35,36.61,39.39,37.95,38.00,38.04,24.59,0.43,23.09,26.48,24.50,24.52,24.64,14.15,0.55,13.15,17.05,13.92,13.96,14.16
2026-09-14 00:00:00+00:00,Rio Maior,1414,36.61,0.43,35.03,38.42,36.55,36.60,36.67,23.89,0.35,22.77,25.49,23.80,23.82,23.92,14.06,0.42,13.02,16.19,13.91,13.94,14.10
2026-09-15 00:00:00+00:00,Rio Maior,1414,25.16,0.40,24.90,27.34,24.94,25.01,25.15,20.96,0.10,20.88,21.50,20.90,20.91,20.95,17.76,0.11,17.29,18.15,17.74,17.79,17.80
2026-09-16 00:00:00+00:00,Rio Maior,1414,25.50,0.33,24.74,27.19,25.40,25.41,25.52,20.39,0.15,19.78,20.98,20.38,20.40,20.42,16.88,0.42,14.69,17.10,16.93,17.03,17.07
2026-09-17 00:00:00+00:00,Rio Maior,1414,27.43,0.42,26.44,29.58,27.29,27.31,27.44,19.57,0.30,18.21,20.55,19.55,19.60,19.64,12.37,0.34,11.16,13.85,12.30,12.32,12.43
2026-09-18 00:00:00+00:00,Rio Maior,1414,27.47,0.48,27.20,30.07,27.23,27.30,27.46,20.38,0.38,18.44,21.06,20.39,20.49,20.50,14.05,0.64,10.66,14.40,14.07,14.28,14.36
2026-09-19 00:00:00+00:00,Rio Maior,1414,34.94,0.38,33.11,35.67,34.95,35.06,35.09,22.32,0.38,20.90,23.82,22.26,22.30,22.38,11.64,0.46,10.40,13.88,11.50,11.52,11.67
2026-09-20 00:00:00+00:00,Rio Maior,1414,36.42,0.16,35.68,36.79,36.42,36.47,36.49,23.84,0.41,22.77,25.89,23.70,23.72,23.86,13.65,0.67,12.80,17.26,13.34,13.39,13.65
2026-09-21 00:00:00+00:00,Rio Maior,1414,36.62,0.20,35.65,37.07,36.62,36.68,36.70,23.61,0.34,22.65,25.27,23.50,23.52,23.63,13.08,0.49,12.47,15.70,12.84,12.89,13.09
2026-09-22 00:00:00+00:00,Rio Maior,1414,36.87,0.56,34.10,38.30,36.88,36.99,37.02,23.44,0.38,21.94,25.00,23.39,23.41,23.50,12.70,0.64,11.59,16.12,12.42,12.47,12.70
2026-09-23 00:00:00+00:00,Rio Maior,1414,32.49,0.91,29.64,36.66,32.28,32.33,32.59,22.66,0.56,20.19,24.46,22.62,22.70,22.80,14.66,0.45,13.05,16.59,14.58,14.61,14.73
2026-09-24 00:00:00+00:00,Rio Maior,1414,32.57,0.75,29.58,35.34,32.48,32.60,32.72,21.44,0.44,19.40,22.68,21.43,21.50,21.56,13.65,0.28,12.29,14.33,13.65,13.70,13.74
2026-09-25 00:00:00+00:00,Rio Maior,1414,28.76,0.53,27.50,31.40,28.60,28.62,28.79,20.11,0.15,19.60,20.76,20.08,20.10,20.14,15.12,0.23,14.04,15.30,15.07,15.21,15.27
2026-09-26 00:00:00+00:00,Rio Maior,1414,33.65,0.33,32.34,34.77,33.61,33.69,33.72,23.01,0.35,21.24,23.20,23.04,23.14,23.17,15.49,0.44,13.39,15.80,15.40,15.65,15.76
2026-09-27 00:00:00+00:00,Rio Maior,1414,28.68,0.35,28.32,30.59,28.51,28.54,28.67,22.73,0.23,21.61,23.21,22.73,22.79,22.80,18.64,0.45,16.32,18.90,18.65,18.80,18.86
2026-09-28 00:00:00+00:00,Rio Maior,1414,28.45,0.20,28.30,29.34,28.32,28.36,28.48,20.75,0.19,20.21,21.66,20.70,20.71,20.77,15.15,0.22,14.49,16.17,15.10,15.11,15.17
2026-09-29 00:00:00+00:00,Rio Maior,1414,27.79,0.26,27.60,28.98,27.63,27.69,27.84,23.05,0.11,22.99,23.62,23.00,23.01,23.03,19.72,0.20,18.65,19.86,19.74,19.79,19.80
2026-09-10 00:00:00+00:00,Salvaterra de Magos,1415,32.32,0.33,31.30,32.82,32.14,32.45,32.54,21.94,0.06,21.80,22.06,21.90,21.94,21.98,14.84,0.49,13.84,15.81,14.45,14.88,15.26
2026-09-11 00:00:00+00:00,Salvaterra de Magos,1415,35.09,0.25,34.37,35.42,34.92,35.17,35.29,23.59,0.08,23.36,23.85,23.55,23.58,23.62,14.47,0.60,13.00,15.50,14.05,14.59,14.97
2026-09-12 00:00:00+00:00,Salvaterra de Magos,1415,38.65,0.39,37.71,39.48,38.44,38.69,38.90,25.72,0.23,25.14,26.16,25.56,25.74,25.90,15.49,0.61,14.09,16.59,15.01,15.59,15.98
2026-09-13 00:00:00+00:00,Salvaterra de Magos,1415,38.75,0.41,37.87,39.69,38.49,38.74,39.04,26.34,0.36,25.53,26.99,26.08,26.36,26.63,16.11,0.84,14.23,17.72,15.46,16.22,16.75
2026-09-14 00:00:00+00:00,Salvaterra de Magos,1415,37.55,0.53,36.52,38.80,37.20,37.48,37.93,25.61,0.23,25.03,26.01,25.46,25.63,25.80,16.32,0.36,15.41,16.92,16.08,16.38,16.61
2026-09-15 00:00:00+00:00,Salvaterra de Magos,1415,28.66,0.51,27.53,29.63,28.23,28.64,29.08,21.71,0.06,21.59,21.87,21.68,21.70,21.74,15.78,0.62,14.57,16.97,15.27,15.84,16.31
2026-09-16 00:00:00+00:00,Salvaterra de Magos,1415,28.25,0.69,26.65,29.61,27.78,28.23,28.80,21.21,0.16,20.79,21.53,21.13,21.22,21.33,16.73,0.17,16.34,17.00,16.60,16.76,16.88
2026-09-17 00:00:00+00:00,Salvaterra de Magos,1415,30.11,0.35,29.07,30.68,29.94,30.19,30.37,20.98,0.12,20.71,21.26,20.89,20.98,21.07,13.96,0.37,12.95,14.68,13.72,14.06,14.24
2026-09-18 00:00:00+00:00,Salvaterra de Magos,1415,31.59,0.63,30.18,32.80,31.07,31.57,32.09,21.26,0.09,21.03,21.56,21.22,21.25,21.31,13.35,0.51,12.10,14.30,13.02,13.46,13.76
2026-09-19 00:00:00+00:00,Salvaterra de Magos,1415,35.44,0.28,34.70,35.85,35.26,35.53,35.65,23.61,0.31,22.92,24.21,23.38,23.62,23.87,12.93,0.77,11.19,14.37,12.35,13.03,13.55
2026-09-20 00:00:00+00:00,Salvaterra de Magos,1415,36.23,0.27,35.61,36.83,36.05,36.22,36.44,25.60,0.37,24.83,26.42,25.33,25.58,25.87,16.11,0.94,14.16,18.09,15.41,16.18,16.77
2026-09-21 00:00:00+00:00,Salvaterra de Magos,1415,36.72,0.23,36.10,37.16,36.59,36.74,36.90,25.21,0.27,24.61,25.73,25.02,25.20,25.45,15.46,0.53,14.17,16.39,15.08,15.57,15.88
2026-09-22 00:00:00+00:00,Salvaterra de Magos,1415,37.85,0.43,36.76,38.62,37.61,37.95,38.13,24.87,0.33,24.13,25.43,24.62,24.91,25.14,14.95,0.99,12.75,16.91,14.19,15.08,15.68
2026-09-23 00:00:00+00:00,Salvaterra de Magos,1415,37.77,0.36,36.73,38.31,37.54,37.86,38.03,24.79,0.24,24.16,25.25,24.64,24.87,24.98,15.21,0.98,13.01,16.95,14.45,15.36,16.03
2026-09-24 00:00:00+00:00,Salvaterra de Magos,1415,36.06,0.38,34.98,36.77,35.85,36.13,36.31,23.36,0.13,23.04,23.70,23.28,23.36,23.44,13.87,0.62,12.27,15.05,13.49,14.02,14.34
2026-09-25 00:00:00+00:00,Salvaterra de Magos,1415,32.35,0.38,31.36,33.16,32.13,32.33,32.60,20.96,0.06,20.77,21.12,20.94,20.97,20.99,13.69,0.58,12.31,14.58,13.28,13.80,14.18
2026-09-26 00:00:00+00:00,Salvaterra de Magos,1415,35.21,0.25,34.57,35.69,35.06,35.21,35.39,22.88,0.33,22.03,23.46,22.68,22.97,23.13,13.34,0.96,11.21,15.15,12.63,13.47,14.15
2026-09-27 00:00:00+00:00,Salvaterra de Magos,1415,31.52,0.39,30.63,32.31,31.23,31.49,31.82,23.28,0.08,23.05,23.39,23.24,23.31,23.34,17.72,0.48,16.70,18.52,17.34,17.76,18.14
2026-09-28 00:00:00+00:00,Salvaterra de Magos,1415,29.56,0.13,29.22,29.89,29.48,29.54,29.63,21.69,0.12,21.41,21.91,21.60,21.71,21.78,15.64,0.43,14.64,16.39,15.34,15.72,15.99
2026-09-29 00:00:00+00:00,Salvaterra de Magos,1415,29.26,0.48,28.35,30.28,28.85,29.21,29.63,23.22,0.17,22.97,23.65,23.08,23.18,23.33,19.86,0.07,19.69,20.02,19.81,19.85,19.90
2026-09-10 00:00:00+00:00,Santarém,1416,31.04,1.30,28.75,32.90,29.82,31.21,32.17,21.40,0.43,20.21,21.90,21.16,21.50,21.77,15.28,0.63,13.67,16.63,14.80,15.48,15.67
2026-09-11 00:00:00+00:00,Santarém,1416,33.47,1.59,30.29,35.60,32.01,33.79,34.83,22.99,0.56,21.24,23.67,22.71,23.17,23.44,14.86,0.41,13.33,15.30,14.65,14.94,15.21
2026-09-12 00:00:00+00:00,Santarém,1416,38.06,1.29,34.60,39.80,37.30,38.16,39.17,25.20,0.78,22.96,26.10,24.73,25.40,25.85,15.46,0.91,13.50,16.90,14.73,15.33,16.30
2026-09-13 00:00:00+00:00,Santarém,1416,38.76,0.84,36.61,40.00,38.21,38.77,39.47,25.82,1.03,23.10,27.20,25.09,26.02,26.67,15.90,1.41,13.17,18.20,14.86,15.68,17.20
2026-09-14 00:00:00+00:00,Santarém,1416,37.70,1.07,35.02,39.20,36.94,37.87,38.58,25.01,0.87,22.78,26.10,24.32,25.24,25.71,15.34,1.07,13.04,17.00,14.58,15.24,16.32
2026-09-15 00:00:00+00:00,Santarém,1416,27.08,1.11,25.02,28.94,25.98,27.47,28.04,21.43,0.30,20.88,21.99,21.13,21.53,21.69,17.26,0.38,16.28,18.14,17.06,17.21,17.55
2026-09-16 00:00:00+00:00,Santarém,1416,26.92,0.99,24.74,28.50,26.04,27.28,27.75,20.80,0.40,19.76,21.36,20.50,20.94,21.15,16.59,0.48,14.65,17.02,16.46,16.75,16.94
2026-09-17 00:00:00+00:00,Santarém,1416,28.94,1.15,26.43,30.40,27.96,29.21,29.92,20.15,0.69,18.20,20.90,19.70,20.36,20.74,13.19,0.86,11.15,14.40,12.60,13.22,13.98
2026-09-18 00:00:00+00:00,Santarém,1416,29.63,1.28,27.28,31.41,28.38,30.03,30.80,20.67,0.68,18.41,21.43,20.35,20.90,21.21,13.36,0.67,10.61,14.22,13.10,13.58,13.88
2026-09-19 00:00:00+00:00,Santarém,1416,35.10,0.71,33.06,36.00,34.76,35.17,35.71,23.17,0.91,20.88,24.40,22.52,23.26,23.95,12.81,1.23,10.39,14.80,11.83,12.60,13.94
2026-09-20 00:00:00+00:00,Santarém,1416,36.49,0.33,35.66,37.00,36.29,36.45,36.78,25.14,1.04,22.78,26.70,24.37,25.15,26.05,15.95,1.70,12.83,18.70,14.58,15.73,17.49
2026-09-21 00:00:00+00:00,Santarém,1416,36.77,0.38,35.64,37.30,36.58,36.79,37.08,24.70,0.84,22.66,25.90,24.05,24.79,25.42,14.76,1.20,12.51,16.70,13.81,14.58,15.87
2026-09-22 00:00:00+00:00,Santarém,1416,37.55,1.09,34.08,38.90,36.99,37.79,38.41,24.42,0.90,21.94,25.60,23.80,24.59,25.16,14.73,1.69,11.62,17.50,13.47,14.43,16.29
2026-09-23 00:00:00+00:00,Santarém,1416,35.34,2.35,29.62,38.20,33.52,35.97,37.33,23.71,1.22,20.16,25.10,22.91,24.04,24.73,15.51,1.18,13.04,17.40,14.54,15.32,16.59
2026-09-24 00:00:00+00:00,Santarém,1416,34.20,1.80,29.52,36.40,32.92,34.64,35.69,22.19,0.93,19.37,23.26,21.61,22.51,22.96,13.78,0.57,12.27,14.60,13.34,13.76,14.31
2026-09-25 00:00:00+00:00,Santarém,1416,30.54,1.42,27.48,32.40,29.39,30.81,31.76,20.56,0.41,19.58,21.16,20.24,20.68,20.93,14.56,0.17,14.01,15.06,14.50,14.53,14.65
2026-09-26 00:00:00+00:00,Santarém,1416,34.29,0.80,32.29,35.20,33.72,34.50,34.99,22.82,0.45,21.19,23.20,22.67,22.96,23.16,14.34,0.58,12.76,15.46,13.92,14.52,14.72
2026-09-27 00:00:00+00:00,Santarém,1416,30.09,0.94,28.31,31.30,29.19,30.29,30.91,22.91,0.45,21.58,23.40,22.67,23.01,23.29,18.06,0.57,16.27,18.76,17.65,18.20,18.58
2026-09-28 00:00:00+00:00,Santarém,1416,29.10,0.35,28.48,29.70,28.81,29.01,29.43,21.31,0.48,20.21,22.00,20.96,21.34,21.74,15.66,0.58,14.48,16.60,15.20,15.57,16.19
2026-09-29 00:00:00+00:00,Santarém,1416,28.64,0.36,27.88,29.66,28.43,28.60,28.81,23.16,0.15,23.00,23.62,23.03,23.13,23.28,19.66,0.25,18.64,19.90,19.62,19.72,19.85
2026-09-10 00:00:00+00:00,Sardoal,1417,33.73,0.48,32.79,34.62,33.33,33.70,34.11,21.82,0.05,21.73,21.97,21.78,21.80,21.83,11.37,0.72,9.98,12.69,10.81,11.40,11.99
2026-09-11 00:00:00+00:00,Sardoal,1417,36.39,0.37,35.68,37.09,36.10,36.38,36.68,23.98,0.08,23.88,24.22,23.92,23.96,24.02,13.07,0.69,11.74,14.35,12.51,13.08,13.67
2026-09-12 00:00:00+00:00,Sardoal,1417,39.28,0.29,38.73,39.83,39.07,39.28,39.51,26.08,0.17,25.78,26.46,25.95,26.07,26.19,13.47,0.71,12.16,14.83,12.90,13.48,13.99
2026-09-13 00:00:00+00:00,Sardoal,1417,39.34,0.16,39.00,39.63,39.22,39.35,39.46,26.72,0.17,26.44,27.14,26.58,26.70,26.85,15.42,0.54,14.53,16.65,15.00,15.36,15.81
2026-09-14 00:00:00+00:00,Sardoal,1417,39.45,0.26,38.95,39.95,39.25,39.44,39.65,26.39,0.16,26.20,26.82,26.25,26.34,26.49,14.49,0.59,13.43,15.73,14.05,14.47,14.88
2026-09-15 00:00:00+00:00,Sardoal,1417,31.88,0.46,31.00,32.67,31.51,31.90,32.25,22.63,0.11,22.41,22.88,22.55,22.63,22.70,15.22,0.56,14.15,16.26,14.78,15.25,15.70
2026-09-16 00:00:00+00:00,Sardoal,1417,32.36,0.51,31.37,33.32,31.93,32.34,32.76,22.85,0.23,22.40,23.23,22.67,22.85,23.04,15.48,0.36,14.77,16.10,15.19,15.50,15.79
2026-09-17 00:00:00+00:00,Sardoal,1417,31.50,0.29,30.89,32.05,31.28,31.49,31.72,21.57,0.17,21.19,21.84,21.43,21.59,21.71,12.34,0.19,12.01,12.86,12.20,12.28,12.47
2026-09-18 00:00:00+00:00,Sardoal,1417,33.11,0.26,32.59,33.59,32.93,33.11,33.31,21.31,0.19,20.92,21.63,21.15,21.32,21.47,10.44,0.80,8.87,11.89,9.81,10.46,11.12
2026-09-19 00:00:00+00:00,Sardoal,1417,36.43,0.32,35.82,37.06,36.19,36.42,36.68,23.48,0.20,23.10,23.82,23.31,23.48,23.65,11.19,0.57,10.21,12.48,10.77,11.13,11.63
2026-09-20 00:00:00+00:00,Sardoal,1417,36.80,0.21,36.35,37.19,36.66,36.81,36.96,25.37,0.17,25.05,25.68,25.22,25.38,25.52,14.81,0.46,14.02,15.88,14.47,14.74,15.15
2026-09-21 00:00:00+00:00,Sardoal,1417,37.74,0.29,37.17,38.31,37.52,37.73,37.96,25.10,0.15,24.83,25.43,24.97,25.08,25.21,13.72,0.48,12.90,14.80,13.36,13.67,14.08
2026-09-22 00:00:00+00:00,Sardoal,1417,39.59,0.26,39.07,40.11,39.40,39.57,39.79,25.45,0.19,25.21,25.94,25.30,25.40,25.59,12.87,0.64,11.76,14.32,12.39,12.80,13.36
2026-09-23 00:00:00+00:00,Sardoal,1417,40.32,0.48,39.39,41.26,39.96,40.31,40.69,25.53,0.24,25.12,26.07,25.35,25.51,25.70,13.19,0.80,11.71,14.77,12.54,13.18,13.73
2026-09-24 00:00:00+00:00,Sardoal,1417,38.22,0.53,37.21,39.24,37.77,38.19,38.64,24.37,0.19,24.05,24.85,24.22,24.35,24.52,12.96,0.66,11.76,14.32,12.46,12.96,13.38
2026-09-25 00:00:00+00:00,Sardoal,1417,33.26,0.49,32.32,34.15,32.86,33.25,33.65,21.77,0.13,21.50,22.10,21.70,21.76,21.85,12.79,0.65,11.54,13.99,12.27,12.81,13.33
2026-09-26 00:00:00+00:00,Sardoal,1417,35.96,0.17,35.61,36.27,35.84,35.97,36.10,22.87,0.22,22.44,23.26,22.69,22.87,23.04,10.73,0.84,9.14,12.33,10.04,10.74,11.43
2026-09-27 00:00:00+00:00,Sardoal,1417,32.92,0.55,31.87,33.94,32.45,32.90,33.36,23.00,0.11,22.76,23.17,22.91,23.01,23.10,15.91,0.61,14.74,17.05,15.42,15.94,16.41
2026-09-28 00:00:00+00:00,Sardoal,1417,28.68,0.12,28.37,28.89,28.61,28.69,28.75,21.86,0.09,21.66,22.03,21.80,21.86,21.93,14.94,0.11,14.72,15.12,14.85,14.95,15.03
2026-09-29 00:00:00+00:00,Sardoal,1417,30.35,0.24,29.76,30.73,30.18,30.39,30.54,24.02,0.15,23.63,24.26,23.91,24.05,24.13,20.27,0.12,19.96,20.52,20.21,20.28,20.34
2026-09-10 00:00:00+00:00,Tomar,1418,32.35,0.23,31.24,32.55,32.32,32.43,32.48,21.61,0.14,20.89,21.70,21.60,21.67,21.69,13.35,0.05,13.12,13.40,13.32,13.36,13.39
2026-09-11 00:00:00+00:00,Tomar,1418,35.48,0.31,33.99,35.70,35.43,35.59,35.67,23.69,0.17,22.85,23.80,23.69,23.76,23.79,15.07,0.13,14.47,15.20,15.01,15.11,15.17
2026-09-12 00:00:00+00:00,Tomar,1418,39.10,0.25,37.90,39.30,39.03,39.18,39.26,26.06,0.07,25.72,26.16,26.04,26.09,26.10,14.13,0.19,14.00,15.02,14.02,14.05,14.17
2026-09-13 00:00:00+00:00,Tomar,1418,39.40,0.11,38.92,39.50,39.37,39.44,39.48,26.53,0.06,26.43,26.77,26.50,26.50,26.54,15.10,0.28,14.90,16.43,14.93,14.97,15.16
2026-09-14 00:00:00+00:00,Tomar,1418,39.04,0.20,38.06,39.20,38.99,39.11,39.17,25.90,0.04,25.74,26.05,25.89,25.90,25.92,14.63,0.19,14.50,15.53,14.52,14.55,14.67
2026-09-15 00:00:00+00:00,Tomar,1418,30.04,0.26,28.81,30.33,30.01,30.15,30.19,22.11,0.15,21.36,22.23,22.10,22.17,22.19,17.36,0.13,16.91,17.50,17.29,17.40,17.46
2026-09-16 00:00:00+00:00,Tomar,1418,30.61,0.27,29.38,30.87,30.56,30.72,30.78,21.90,0.16,21.13,22.05,21.89,21.96,21.99,16.85,0.18,16.01,17.00,16.81,16.90,16.97
2026-09-17 00:00:00+00:00,Tomar,1418,31.00,0.26,29.81,31.20,30.94,31.10,31.17,20.73,0.14,20.06,20.88,20.72,20.78,20.80,11.51,0.10,11.40,11.84,11.43,11.48,11.56
2026-09-18 00:00:00+00:00,Tomar,1418,32.61,0.25,31.45,32.80,32.57,32.71,32.77,21.66,0.18,20.79,21.80,21.64,21.73,21.77,12.69,0.12,12.17,12.80,12.64,12.72,12.77
2026-09-19 00:00:00+00:00,Tomar,1418,35.98,0.16,35.29,36.10,35.93,36.03,36.08,23.84,0.07,23.51,23.93,23.83,23.87,23.89,10.98,0.22,10.80,12.03,10.83,10.89,11.02
2026-09-20 00:00:00+00:00,Tomar,1418,36.81,0.10,36.36,36.90,36.78,36.85,36.88,25.68,0.05,25.49,25.80,25.66,25.69,25.70,14.41,0.27,14.20,15.73,14.24,14.31,14.47
2026-09-21 00:00:00+00:00,Tomar,1418,37.14,0.07,36.77,37.21,37.13,37.17,37.19,25.02,0.05,24.95,25.29,25.00,25.00,25.03,13.46,0.35,13.20,15.19,13.24,13.33,13.51
2026-09-22 00:00:00+00:00,Tomar,1418,39.31,0.22,38.29,39.50,39.25,39.39,39.46,24.95,0.08,24.87,25.32,24.90,24.91,24.97,12.56,0.33,12.30,14.18,12.35,12.44,12.62
2026-09-23 00:00:00+00:00,Tomar,1418,39.28,0.43,37.30,39.60,39.19,39.44,39.55,25.56,0.19,24.68,25.70,25.53,25.63,25.68,13.90,0.15,13.78,14.58,13.81,13.83,13.93
2026-09-24 00:00:00+00:00,Tomar,1418,36.64,0.38,34.77,36.91,36.60,36.79,36.87,24.18,0.17,23.37,24.30,24.14,24.25,24.28,13.50,0.05,13.31,13.69,13.48,13.50,13.51
2026-09-25 00:00:00+00:00,Tomar,1418,31.38,0.24,30.20,31.70,31.36,31.47,31.50,21.03,0.14,20.31,21.19,21.03,21.09,21.10,14.69,0.11,14.13,14.80,14.65,14.72,14.77
2026-09-26 00:00:00+00:00,Tomar,1418,35.98,0.27,34.64,36.20,35.92,36.08,36.16,23.29,0.15,22.53,23.40,23.27,23.34,23.38,13.22,0.08,12.86,13.30,13.18,13.23,13.27
2026-09-27 00:00:00+00:00,Tomar,1418,31.02,0.17,30.18,31.31,31.00,31.08,31.10,23.28,0.16,22.45,23.40,23.27,23.34,23.38,18.13,0.16,17.45,18.30,18.06,18.18,18.26
2026-09-28 00:00:00+00:00,Tomar,1418,29.29,0.13,28.68,29.40,29.25,29.33,29.38,21.72,0.10,21.25,21.80,21.70,21.76,21.78,15.18,0.02,15.11,15.21,15.17,15.19,15.20
2026-09-29 00:00:00+00:00,Tomar,1418,30.64,0.18,29.81,30.80,30.60,30.70,30.77,24.29,0.12,23.73,24.40,24.24,24.33,24.38,21.04,0.17,20.31,21.20,20.97,21.09,21.16
2026-09-10 00:00:00+00:00,Torres Novas,1419,31.41,0.52,29.95,32.33,31.06,31.48,31.80,21.29,0.22,20.64,21.62,21.15,21.34,21.47,13.42,0.15,13.20,14.01,13.33,13.36,13.49
2026-09-11 00:00:00+00:00,Torres Novas,1419,34.16,0.71,32.17,35.47,33.67,34.25,34.70,23.17,0.34,22.18,23.70,22.97,23.23,23.44,14.57,0.24,13.98,15.09,14.42,14.52,14.77
2026-09-12 00:00:00+00:00,Torres Novas,1419,37.99,0.57,36.41,39.09,37.61,37.99,38.41,25.42,0.37,24.31,26.02,25.18,25.49,25.70,14.20,0.09,14.04,14.55,14.13,14.18,14.23
2026-09-13 00:00:00+00:00,Torres Novas,1419,38.84,0.28,38.10,39.40,38.66,38.81,39.08,26.08,0.28,25.11,26.48,25.91,26.13,26.30,14.97,0.12,14.59,15.24,14.90,14.98,15.06
2026-09-14 00:00:00+00:00,Torres Novas,1419,38.14,0.47,36.86,39.05,37.83,38.14,38.52,25.44,0.30,24.46,25.86,25.25,25.51,25.68,14.56,0.08,14.23,14.77,14.53,14.56,14.60
2026-09-15 00:00:00+00:00,Torres Novas,1419,28.88,0.68,26.99,30.03,28.42,28.98,29.42,21.79,0.20,21.24,22.13,21.65,21.82,21.95,17.00,0.26,16.27,17.40,16.84,17.09,17.20
2026-09-16 00:00:00+00:00,Torres Novas,1419,29.02,0.84,26.95,30.57,28.37,29.03,29.71,21.34,0.30,20.54,21.91,21.13,21.37,21.58,16.39,0.27,15.61,16.88,16.22,16.43,16.58
2026-09-17 00:00:00+00:00,Torres Novas,1419,29.82,0.62,28.13,30.99,29.39,29.82,30.30,20.30,0.30,19.37,20.72,20.11,20.37,20.54,11.93,0.33,11.48,12.70,11.65,11.84,12.19
2026-09-18 00:00:00+00:00,Torres Novas,1419,31.26,0.74,29.23,32.58,30.75,31.34,31.84,20.97,0.41,19.78,21.66,20.70,21.01,21.27,12.44,0.24,11.80,12.86,12.30,12.48,12.62
2026-09-19 00:00:00+00:00,Torres Novas,1419,35.16,0.40,34.10,35.95,34.89,35.13,35.47,23.18,0.35,22.15,23.80,22.96,23.22,23.43,11.20,0.18,10.89,11.75,11.06,11.15,11.30
2026-09-20 00:00:00+00:00,Torres Novas,1419,36.44,0.18,36.12,36.82,36.28,36.40,36.59,25.14,0.28,24.35,25.64,24.96,25.11,25.38,14.59,0.18,14.28,15.09,14.46,14.53,14.70
2026-09-21 00:00:00+00:00,Torres Novas,1419,36.83,0.15,36.45,37.15,36.73,36.81,36.96,24.73,0.18,24.11,24.99,24.63,24.76,24.88,13.73,0.15,13.33,14.08,13.63,13.75,13.84
2026-09-22 00:00:00+00:00,Torres Novas,1419,38.19,0.58,36.66,39.31,37.78,38.14,38.66,24.56,0.26,23.69,24.89,24.43,24.61,24.76,12.91,0.23,12.44,13.55,12.76,12.88,13.05
2026-09-23 00:00:00+00:00,Torres Novas,1419,36.98,1.24,33.49,39.22,36.12,37.09,37.94,24.33,0.66,22.44,25.51,23.86,24.40,24.83,13.90,0.11,13.70,14.34,13.83,13.86,13.93
2026-09-24 00:00:00+00:00,Torres Novas,1419,34.93,0.94,32.25,36.61,34.31,35.06,35.63,23.06,0.62,21.34,24.14,22.63,23.09,23.55,13.12,0.17,12.80,13.46,13.01,13.07,13.26
2026-09-25 00:00:00+00:00,Torres Novas,1419,30.64,0.52,29.06,31.37,30.32,30.77,31.07,20.72,0.23,20.06,21.05,20.58,20.77,20.91,14.37,0.16,13.98,14.71,14.27,14.38,14.49
2026-09-26 00:00:00+00:00,Torres Novas,1419,34.86,0.58,33.35,35.99,34.47,34.87,35.30,22.76,0.30,21.89,23.30,22.57,22.80,22.97,12.94,0.16,12.44,13.22,12.86,12.97,13.05
2026-09-27 00:00:00+00:00,Torres Novas,1419,30.44,0.36,29.35,31.01,30.20,30.50,30.72,22.86,0.26,22.13,23.30,22.70,22.91,23.06,17.44,0.31,16.84,18.15,17.21,17.32,17.70
2026-09-28 00:00:00+00:00,Torres Novas,1419,28.96,0.14,28.66,29.31,28.87,28.92,29.06,21.33,0.20,20.79,21.72,21.20,21.32,21.48,15.05,0.07,14.86,15.17,15.01,15.05,15.10
2026-09-29 00:00:00+00:00,Torres Novas,1419,30.00,0.34,29.30,30.67,29.71,29.99,30.28,23.84,0.23,23.42,24.31,23.64,23.82,24.05,20.23,0.40,19.54,21.05,19.87,20.16,20.59
2026-09-10 00:00:00+00:00,Vila Nova da Barquinha,1420,32.28,0.13,31.98,32.48,32.19,32.28,32.40,21.66,0.04,21.58,21.72,21.61,21.68,21.69,13.20,0.07,13.01,13.30,13.16,13.21,13.25
2026-09-11 00:00:00+00:00,Vila Nova da Barquinha,1420,35.34,0.15,35.04,35.60,35.23,35.35,35.44,23.74,0.05,23.63,23.82,23.71,23.75,23.79,14.83,0.09,14.67,15.02,14.75,14.81,14.91
2026-09-12 00:00:00+00:00,Vila Nova da Barquinha,1420,38.87,0.14,38.61,39.16,38.78,38.87,38.95,26.00,0.05,25.88,26.08,25.96,26.00,26.04,14.04,0.03,13.96,14.10,14.01,14.04,14.07
2026-09-13 00:00:00+00:00,Vila Nova da Barquinha,1420,39.18,0.11,38.96,39.39,39.11,39.18,39.27,26.43,0.05,26.32,26.50,26.39,26.43,26.46,14.94,0.03,14.85,14.98,14.92,14.95,14.97
2026-09-14 00:00:00+00:00,Vila Nova da Barquinha,1420,38.83,0.14,38.53,39.08,38.73,38.83,38.94,25.87,0.04,25.78,25.94,25.84,25.86,25.91,14.56,0.02,14.54,14.60,14.55,14.56,14.58
2026-09-15 00:00:00+00:00,Vila Nova da Barquinha,1420,30.09,0.13,29.82,30.30,29.99,30.08,30.21,22.19,0.04,22.12,22.28,22.16,22.19,22.23,16.93,0.18,16.63,17.24,16.78,16.90,17.09
2026-09-16 00:00:00+00:00,Vila Nova da Barquinha,1420,30.36,0.21,29.93,30.72,30.20,30.38,30.52,21.89,0.07,21.76,22.00,21.84,21.89,21.96,16.78,0.04,16.71,16.87,16.75,16.77,16.80
2026-09-17 00:00:00+00:00,Vila Nova da Barquinha,1420,30.83,0.14,30.55,31.08,30.73,30.83,30.93,20.83,0.06,20.71,20.96,20.80,20.83,20.87,11.88,0.16,11.59,12.14,11.75,11.89,12.01
2026-09-18 00:00:00+00:00,Vila Nova da Barquinha,1420,32.48,0.14,32.17,32.70,32.37,32.50,32.58,21.64,0.05,21.51,21.72,21.60,21.64,21.67,12.64,0.04,12.53,12.69,12.62,12.65,12.66
2026-09-19 00:00:00+00:00,Vila Nova da Barquinha,1420,35.78,0.12,35.57,36.01,35.71,35.78,35.88,23.71,0.06,23.59,23.83,23.67,23.71,23.76,11.03,0.06,10.91,11.17,11.00,11.04,11.07
2026-09-20 00:00:00+00:00,Vila Nova da Barquinha,1420,36.63,0.09,36.47,36.81,36.57,36.63,36.71,25.45,0.09,25.26,25.61,25.38,25.45,25.52,14.51,0.08,14.34,14.67,14.45,14.53,14.57
2026-09-21 00:00:00+00:00,Vila Nova da Barquinha,1420,37.04,0.07,36.90,37.17,36.99,37.04,37.10,24.94,0.03,24.87,24.99,24.91,24.94,24.96,13.45,0.06,13.32,13.57,13.42,13.45,13.49
2026-09-22 00:00:00+00:00,Vila Nova da Barquinha,1420,38.98,0.18,38.60,39.33,38.87,38.98,39.12,24.89,0.04,24.82,24.95,24.87,24.89,24.92,12.64,0.09,12.46,12.83,12.59,12.65,12.70
2026-09-23 00:00:00+00:00,Vila Nova da Barquinha,1420,38.98,0.25,38.48,39.41,38.80,39.01,39.15,25.38,0.12,25.14,25.59,25.29,25.40,25.46,13.79,0.04,13.68,13.87,13.76,13.78,13.82
2026-09-24 00:00:00+00:00,Vila Nova da Barquinha,1420,36.51,0.19,36.10,36.82,36.36,36.52,36.65,24.02,0.11,23.80,24.22,23.94,24.04,24.09,13.27,0.09,13.09,13.42,13.18,13.26,13.35
2026-09-25 00:00:00+00:00,Vila Nova da Barquinha,1420,31.56,0.11,31.33,31.76,31.50,31.58,31.63,21.15,0.05,21.06,21.26,21.13,21.16,21.19,14.57,0.04,14.48,14.66,14.54,14.57,14.60
2026-09-26 00:00:00+00:00,Vila Nova da Barquinha,1420,35.81,0.13,35.53,36.07,35.72,35.81,35.87,23.24,0.04,23.14,23.33,23.21,23.25,23.27,12.82,0.15,12.54,13.08,12.70,12.81,12.95
2026-09-27 00:00:00+00:00,Vila Nova da Barquinha,1420,31.11,0.08,30.93,31.26,31.05,31.11,31.17,23.29,0.03,23.20,23.35,23.26,23.29,23.31,17.72,0.17,17.46,18.05,17.58,17.70,17.86
2026-09-28 00:00:00+00:00,Vila Nova da Barquinha,1420,29.17,0.06,29.07,29.30,29.13,29.17,29.22,21.64,0.06,21.53,21.75,21.61,21.64,21.68,15.10,0.04,15.03,15.16,15.06,15.10,15.13
2026-09-29 00:00:00+00:00,Vila Nova da Barquinha,1420,30.50,0.09,30.30,30.68,30.43,30.49,30.57,24.08,0.11,23.87,24.28,24.01,24.08,24.17,20.66,0.17,20.34,21.00,20.53,20.65,20.82
2026-09-10 00:00:00+00:00,Alcácer do Sal,1501,33.57,0.51,32.21,34.20,33.39,33.64,33.98,22.81,0.17,22.15,23.20,22.72,22.85,22.90,13.59,0.75,12.49,16.90,13.13,13.25,13.74
2026-09-11 00:00:00+00:00,Alcácer do Sal,1501,35.90,0.64,33.60,36.60,35.67,36.04,36.37,24.02,0.45,23.60,25.44,23.69,23.89,24.16,13.94,0.70,13.25,16.92,13.44,13.64,14.30
2026-09-12 00:00:00+00:00,Alcácer do Sal,1501,37.76,0.50,36.13,38.30,37.57,37.89,38.13,25.64,0.55,24.97,27.43,25.24,25.44,25.77,14.55,0.57,14.00,16.51,14.15,14.41,14.64
2026-09-13 00:00:00+00:00,Alcácer do Sal,1501,38.31,0.69,36.25,39.10,38.02,38.46,38.85,25.79,0.38,25.07,26.98,25.59,25.66,25.94,15.43,0.47,15.00,17.00,15.11,15.31,15.50
2026-09-14 00:00:00+00:00,Alcácer do Sal,1501,35.17,0.77,34.01,36.93,34.52,34.90,35.75,24.95,0.53,24.40,26.39,24.54,24.75,25.21,15.81,0.52,15.20,17.37,15.36,15.63,16.23
2026-09-15 00:00:00+00:00,Alcácer do Sal,1501,31.74,0.97,29.97,34.18,31.22,31.53,32.09,23.07,0.59,22.17,24.59,22.70,22.91,23.29,15.28,0.65,14.17,17.50,14.92,14.99,15.36
2026-09-16 00:00:00+00:00,Alcácer do Sal,1501,30.11,0.86,27.77,31.10,29.87,30.32,30.78,22.05,0.25,21.37,22.40,21.85,22.09,22.28,17.16,0.30,16.12,18.12,16.94,17.21,17.29
2026-09-17 00:00:00+00:00,Alcácer do Sal,1501,32.87,0.90,30.80,34.10,32.20,32.94,33.68,22.43,0.30,21.40,23.07,22.22,22.52,22.59,14.18,0.81,13.40,17.41,13.57,13.86,14.62
2026-09-18 00:00:00+00:00,Alcácer do Sal,1501,31.70,0.33,30.57,32.28,31.54,31.80,31.95,21.84,0.18,21.34,22.38,21.76,21.80,21.89,13.25,0.60,11.97,15.73,12.91,13.09,13.28
2026-09-19 00:00:00+00:00,Alcácer do Sal,1501,34.94,0.67,33.17,35.80,34.45,35.09,35.50,23.35,0.34,23.00,24.36,23.07,23.26,23.48,12.17,0.56,11.40,13.30,11.65,12.13,12.61
2026-09-20 00:00:00+00:00,Alcácer do Sal,1501,35.72,0.53,34.27,36.40,35.37,35.82,36.17,25.47,0.11,25.16,25.87,25.40,25.44,25.54,15.07,0.45,14.50,16.27,14.67,15.01,15.38
2026-09-21 00:00:00+00:00,Alcácer do Sal,1501,36.12,0.51,34.96,36.80,35.75,36.20,36.56,25.25,0.05,25.05,25.41,25.22,25.26,25.28,15.50,0.12,15.25,15.90,15.42,15.49,15.55
2026-09-22 00:00:00+00:00,Alcácer do Sal,1501,33.78,1.27,29.51,36.52,33.30,33.58,34.56,22.99,0.68,21.61,24.79,22.54,22.69,23.32,13.77,0.19,13.44,14.27,13.62,13.69,13.88
2026-09-23 00:00:00+00:00,Alcácer do Sal,1501,37.09,1.10,32.59,38.44,37.01,37.49,37.67,22.87,0.90,21.64,25.48,22.25,22.46,23.23,13.06,0.59,12.40,14.84,12.59,12.97,13.25
2026-09-24 00:00:00+00:00,Alcácer do Sal,1501,35.99,0.52,34.76,37.40,35.76,35.88,36.22,23.50,0.77,22.79,25.93,22.99,23.15,23.73,12.39,0.86,11.50,15.32,11.76,12.21,12.61
2026-09-25 00:00:00+00:00,Alcácer do Sal,1501,33.95,0.61,32.40,34.69,33.63,34.26,34.36,23.31,0.70,22.01,25.38,22.87,23.20,23.50,15.04,0.74,14.18,17.78,14.69,14.72,14.98
2026-09-26 00:00:00+00:00,Alcácer do Sal,1501,35.62,0.60,33.85,36.22,35.42,35.93,35.99,23.36,0.60,22.70,25.15,22.87,23.21,23.61,12.35,0.83,11.40,14.86,11.66,12.08,12.94
2026-09-27 00:00:00+00:00,Alcácer do Sal,1501,33.35,0.52,32.02,34.10,32.94,33.37,33.82,24.14,0.11,23.77,24.58,24.10,24.15,24.19,17.05,0.35,16.70,18.37,16.78,16.91,17.23
2026-09-28 00:00:00+00:00,Alcácer do Sal,1501,30.50,0.60,28.92,31.30,30.02,30.57,31.04,21.72,0.03,21.64,21.80,21.70,21.70,21.72,15.86,0.21,15.39,16.48,15.71,15.77,16.00
2026-09-29 00:00:00+00:00,Alcácer do Sal,1501,30.38,0.94,26.52,31.30,30.12,30.67,31.06,23.70,0.39,22.53,24.20,23.41,23.76,24.04,19.38,0.22,18.75,19.96,19.26,19.39,19.48
2026-09-10 00:00:00+00:00,Alcochete,1502,31.57,0.75,30.53,32.95,30.88,31.49,32.23,22.46,0.20,22.11,22.93,22.32,22.47,22.60,16.47,1.00,14.56,18.03,15.61,16.76,17.25
2026-09-11 00:00:00+00:00,Alcochete,1502,34.28,0.57,33.63,35.46,33.78,34.06,34.72,24.20,0.15,23.91,24.47,24.08,24.23,24.31,15.83,0.99,13.87,17.14,15.05,16.11,16.74
2026-09-12 00:00:00+00:00,Alcochete,1502,35.76,1.12,33.87,37.92,34.92,35.43,36.71,25.58,0.18,25.31,25.94,25.44,25.53,25.71,16.08,1.55,13.21,18.26,14.70,16.38,17.47
2026-09-13 00:00:00+00:00,Alcochete,1502,35.60,0.88,33.96,37.25,34.97,35.36,36.35,25.90,0.34,25.42,26.56,25.59,25.84,26.18,16.83,1.53,14.01,18.99,15.47,17.01,18.24
2026-09-14 00:00:00+00:00,Alcochete,1502,34.00,0.69,32.80,35.27,33.48,33.82,34.62,25.55,0.25,25.24,26.10,25.32,25.47,25.75,18.13,0.60,17.22,19.09,17.55,18.08,18.71
2026-09-15 00:00:00+00:00,Alcochete,1502,28.94,0.41,27.96,29.46,28.65,29.03,29.31,22.26,0.37,21.53,22.93,21.97,22.34,22.53,15.88,1.81,12.45,18.53,14.31,16.35,17.41
2026-09-16 00:00:00+00:00,Alcochete,1502,26.88,0.51,25.88,27.68,26.48,26.93,27.32,21.31,0.14,20.92,21.60,21.28,21.32,21.39,17.95,0.29,17.41,18.60,17.72,17.98,18.15
2026-09-17 00:00:00+00:00,Alcochete,1502,29.82,0.61,28.82,30.86,29.29,29.86,30.37,21.59,0.24,21.12,22.09,21.44,21.61,21.75,15.83,1.35,13.02,17.65,14.81,16.26,16.90
2026-09-18 00:00:00+00:00,Alcochete,1502,30.72,1.12,29.21,32.91,29.72,30.45,31.63,21.90,0.29,21.32,22.47,21.68,21.95,22.11,15.58,1.10,13.47,17.39,14.65,15.90,16.43
2026-09-19 00:00:00+00:00,Alcochete,1502,32.75,0.90,31.10,34.45,32.13,32.50,33.50,23.35,0.23,22.92,23.77,23.18,23.33,23.54,14.17,1.42,11.50,16.17,12.94,14.48,15.44
2026-09-20 00:00:00+00:00,Alcochete,1502,34.92,0.95,33.70,36.82,34.08,34.64,35.70,25.63,0.07,25.38,25.70,25.60,25.66,25.68,16.70,1.47,13.91,18.70,15.42,16.97,18.04
2026-09-21 00:00:00+00:00,Alcochete,1502,35.45,1.01,34.11,37.51,34.62,35.11,36.23,25.17,0.07,25.01,25.27,25.13,25.19,25.24,16.37,1.42,13.62,18.31,15.17,16.71,17.64
2026-09-22 00:00:00+00:00,Alcochete,1502,33.50,0.99,31.99,35.70,32.78,33.26,34.03,24.07,0.66,23.19,25.24,23.42,23.99,24.69,15.95,1.63,13.10,18.31,14.46,16.05,17.46
2026-09-23 00:00:00+00:00,Alcochete,1502,35.50,1.19,33.63,38.09,34.65,35.17,36.28,24.49,0.76,23.46,25.79,23.73,24.39,25.20,15.46,2.03,11.75,18.27,13.62,15.64,17.38
2026-09-24 00:00:00+00:00,Alcochete,1502,34.96,0.70,34.10,36.35,34.34,34.73,35.55,24.34,0.48,23.71,25.19,23.88,24.27,24.78,15.42,1.35,13.26,17.45,14.18,15.35,16.74
2026-09-25 00:00:00+00:00,Alcochete,1502,32.09,0.60,31.21,33.25,31.57,31.91,32.59,21.97,0.25,21.42,22.41,21.81,22.02,22.14,15.02,0.99,13.08,16.43,14.20,15.29,15.86
2026-09-26 00:00:00+00:00,Alcochete,1502,33.67,1.23,32.05,36.10,32.58,33.34,34.69,23.89,0.32,23.23,24.33,23.65,23.97,24.15,15.48,1.89,11.84,18.00,13.87,15.87,17.25
2026-09-27 00:00:00+00:00,Alcochete,1502,31.50,0.26,30.80,31.78,31.35,31.62,31.70,24.08,0.37,23.33,24.63,23.80,24.19,24.36,18.49,1.27,16.09,20.30,17.40,18.82,19.58
2026-09-28 00:00:00+00:00,Alcochete,1502,29.39,0.60,28.70,30.64,28.84,29.18,29.84,22.09,0.21,21.71,22.52,21.90,22.14,22.24,16.62,0.90,14.87,17.94,15.87,16.89,17.36
2026-09-29 00:00:00+00:00,Alcochete,1502,27.73,0.36,27.28,28.49,27.46,27.56,27.98,22.92,0.10,22.72,23.27,22.88,22.90,22.95,20.37,0.18,20.10,20.78,20.20,20.39,20.49
2026-09-10 00:00:00+00:00,Almada,1503,30.47,0.36,30.18,31.51,30.21,30.26,30.69,22.16,0.28,21.90,22.79,21.94,22.02,22.37,14.26,1.63,12.40,17.43,12.89,13.69,15.72
2026-09-11 00:00:00+00:00,Almada,1503,30.99,1.07,29.80,33.03,30.10,30.59,31.89,21.64,1.39,20.10,24.37,20.49,21.12,22.80,12.74,2.22,10.20,17.13,10.87,11.93,14.79
2026-09-12 00:00:00+00:00,Almada,1503,31.00,1.59,29.20,34.01,29.66,30.41,32.43,22.42,1.60,20.60,25.58,21.07,21.83,23.86,13.72,2.12,11.30,17.97,11.94,12.95,15.71
2026-09-13 00:00:00+00:00,Almada,1503,31.43,1.14,30.10,33.59,30.46,31.04,32.55,23.01,1.57,21.20,26.09,21.68,22.45,24.57,14.68,2.07,12.30,18.82,12.94,13.94,16.73
2026-09-14 00:00:00+00:00,Almada,1503,30.78,0.47,30.20,31.77,30.37,30.67,31.25,22.08,1.54,20.30,25.13,20.78,21.56,23.57,15.02,1.92,12.80,18.82,13.39,14.34,16.96
2026-09-15 00:00:00+00:00,Almada,1503,28.78,0.17,28.16,29.18,28.73,28.78,28.82,21.69,0.55,21.10,22.89,21.24,21.45,22.13,14.33,1.88,12.20,18.11,12.76,13.64,16.01
2026-09-16 00:00:00+00:00,Almada,1503,27.00,0.32,26.15,27.40,26.68,27.06,27.27,21.59,0.25,21.02,21.90,21.35,21.66,21.81,18.11,0.06,17.88,18.28,18.10,18.10,18.12
2026-09-17 00:00:00+00:00,Almada,1503,30.02,0.56,29.02,30.70,29.46,30.18,30.50,21.44,0.28,21.20,22.06,21.23,21.29,21.64,13.31,2.15,10.90,17.56,11.52,12.51,15.10
2026-09-18 00:00:00+00:00,Almada,1503,28.52,0.48,28.10,29.63,28.15,28.27,28.86,20.11,1.12,18.90,22.34,19.20,19.66,21.04,12.32,2.42,9.60,17.06,10.30,11.43,14.34
2026-09-19 00:00:00+00:00,Almada,1503,28.41,1.31,26.90,30.97,27.30,27.96,29.60,21.19,1.33,19.70,23.82,20.08,20.69,22.37,12.25,1.89,10.10,16.12,10.67,11.57,14.01
2026-09-20 00:00:00+00:00,Almada,1503,32.18,0.90,31.20,34.04,31.44,31.83,32.95,24.82,0.75,24.00,26.30,24.20,24.51,25.49,17.57,1.15,16.30,19.86,16.61,17.07,18.69
2026-09-21 00:00:00+00:00,Almada,1503,33.74,0.46,33.30,34.89,33.38,33.52,34.06,24.75,0.60,24.10,25.95,24.25,24.49,25.30,16.08,1.50,14.40,19.09,14.83,15.51,17.54
2026-09-22 00:00:00+00:00,Almada,1503,29.08,1.00,27.90,31.07,28.23,28.75,30.02,21.39,1.55,19.60,24.42,20.08,20.85,22.96,14.07,2.16,11.60,18.41,12.25,13.29,16.25
2026-09-23 00:00:00+00:00,Almada,1503,29.97,1.64,28.10,33.16,28.59,29.38,31.39,20.89,1.90,18.70,24.67,19.28,20.21,22.70,13.47,2.53,10.60,18.53,11.35,12.53,15.93
2026-09-24 00:00:00+00:00,Almada,1503,30.61,1.92,28.50,34.35,29.02,29.86,32.23,20.77,1.99,18.50,24.65,19.09,20.03,22.68,12.31,2.54,9.40,17.32,10.16,11.38,14.82
2026-09-25 00:00:00+00:00,Almada,1503,31.79,0.38,31.45,32.93,31.51,31.60,31.98,20.88,0.92,19.90,22.72,20.13,20.51,21.64,11.83,1.95,9.60,15.83,10.19,11.16,13.54
2026-09-26 00:00:00+00:00,Almada,1503,29.64,0.91,28.60,31.35,28.87,29.32,30.46,21.46,1.49,19.80,24.36,20.22,20.89,22.71,13.91,2.23,11.40,18.18,12.04,13.06,15.91
2026-09-27 00:00:00+00:00,Almada,1503,31.28,0.13,30.68,31.43,31.26,31.31,31.36,23.89,0.48,23.40,24.88,23.50,23.68,24.26,17.23,1.37,15.70,20.01,16.09,16.72,18.39
2026-09-28 00:00:00+00:00,Almada,1503,28.32,0.06,28.11,28.49,28.29,28.30,28.35,21.16,0.50,20.60,22.16,20.74,20.98,21.58,15.99,0.86,15.00,17.78,15.26,15.69,16.81
2026-09-29 00:00:00+00:00,Almada,1503,25.78,0.35,25.24,26.60,25.53,25.63,25.98,22.19,0.21,21.96,22.65,22.03,22.10,22.33,20.41,0.05,20.25,20.55,20.40,20.40,20.42
2026-09-10 00:00:00+00:00,Barreiro,1504,31.05,0.05,30.96,31.18,31.01,31.05,31.09,23.16,0.16,22.88,23.40,23.02,23.17,23.28,18.05,0.40,17.31,18.60,17.73,18.11,18.39
2026-09-11 00:00:00+00:00,Barreiro,1504,33.59,0.23,33.14,33.90,33.39,33.64,33.77,24.36,0.18,23.99,24.60,24.24,24.40,24.51,16.51,0.10,16.20,16.64,16.47,16.56,16.60
2026-09-12 00:00:00+00:00,Barreiro,1504,33.43,0.29,33.10,34.12,33.19,33.36,33.63,25.22,0.10,24.95,25.32,25.15,25.26,25.30,17.74,0.58,16.49,18.40,17.29,17.89,18.27
2026-09-13 00:00:00+00:00,Barreiro,1504,33.45,0.29,33.10,34.12,33.21,33.39,33.67,25.46,0.10,25.22,25.59,25.40,25.50,25.53,18.06,0.44,17.04,18.52,17.71,18.22,18.48
2026-09-14 00:00:00+00:00,Barreiro,1504,32.51,0.14,32.36,32.86,32.40,32.45,32.59,25.05,0.16,24.70,25.21,24.93,25.11,25.19,18.23,0.28,17.60,18.53,18.05,18.33,18.49
2026-09-15 00:00:00+00:00,Barreiro,1504,29.39,0.12,29.17,29.60,29.29,29.38,29.48,22.95,0.19,22.60,23.20,22.82,22.99,23.12,18.23,0.73,16.66,19.10,17.62,18.41,18.87
2026-09-16 00:00:00+00:00,Barreiro,1504,27.12,0.10,26.96,27.30,27.04,27.10,27.18,21.87,0.14,21.65,22.10,21.76,21.88,21.99,18.81,0.20,18.47,19.10,18.65,18.83,18.97
2026-09-17 00:00:00+00:00,Barreiro,1504,29.73,0.05,29.65,29.84,29.69,29.72,29.77,22.30,0.13,22.08,22.50,22.20,22.31,22.40,17.59,0.30,16.97,18.00,17.37,17.64,17.84
2026-09-18 00:00:00+00:00,Barreiro,1504,29.88,0.13,29.61,30.10,29.78,29.89,29.98,22.50,0.21,22.09,22.80,22.33,22.53,22.68,17.37,0.55,16.34,18.10,16.95,17.47,17.84
2026-09-19 00:00:00+00:00,Barreiro,1504,30.55,0.28,30.20,31.18,30.32,30.50,30.76,23.05,0.04,22.97,23.14,23.03,23.05,23.08,15.57,0.41,14.68,16.00,15.26,15.69,15.95
2026-09-20 00:00:00+00:00,Barreiro,1504,33.71,0.07,33.62,33.89,33.67,33.70,33.74,25.21,0.13,25.00,25.46,25.10,25.19,25.31,17.96,0.19,17.43,18.23,17.86,18.02,18.08
2026-09-21 00:00:00+00:00,Barreiro,1504,34.03,0.11,33.90,34.27,33.94,34.01,34.11,25.09,0.05,25.00,25.17,25.06,25.10,25.13,17.77,0.28,17.09,18.09,17.58,17.87,18.01
2026-09-22 00:00:00+00:00,Barreiro,1504,31.01,0.18,30.48,31.19,30.90,31.10,31.14,23.79,0.27,23.10,24.08,23.59,23.91,24.01,17.18,0.47,16.02,17.68,16.82,17.36,17.60
2026-09-23 00:00:00+00:00,Barreiro,1504,32.65,0.08,32.46,32.76,32.61,32.67,32.70,24.25,0.38,23.34,24.63,23.98,24.39,24.59,16.96,0.51,15.70,17.52,16.58,17.16,17.40
2026-09-24 00:00:00+00:00,Barreiro,1504,33.89,0.11,33.57,34.01,33.85,33.93,33.98,24.07,0.25,23.51,24.33,23.92,24.16,24.30,15.94,0.43,14.88,16.42,15.60,16.11,16.31
2026-09-25 00:00:00+00:00,Barreiro,1504,31.18,0.21,30.90,31.60,31.01,31.15,31.36,22.46,0.10,22.24,22.60,22.39,22.47,22.55,16.18,0.41,15.38,16.70,15.87,16.26,16.53
2026-09-26 00:00:00+00:00,Barreiro,1504,32.33,0.12,32.03,32.50,32.25,32.34,32.43,23.89,0.06,23.71,23.99,23.86,23.90,23.91,16.95,0.28,16.31,17.28,16.75,17.06,17.20
2026-09-27 00:00:00+00:00,Barreiro,1504,32.07,0.21,31.71,32.40,31.89,32.08,32.24,24.62,0.06,24.50,24.70,24.58,24.63,24.68,20.00,0.34,19.32,20.40,19.75,20.07,20.30
2026-09-28 00:00:00+00:00,Barreiro,1504,28.78,0.07,28.65,28.90,28.72,28.79,28.84,22.52,0.21,22.13,22.80,22.37,22.56,22.70,17.83,0.31,17.19,18.20,17.58,17.90,18.10
2026-09-29 00:00:00+00:00,Barreiro,1504,27.52,0.35,26.83,28.00,27.27,27.59,27.81,23.40,0.28,22.88,23.80,23.19,23.44,23.63,20.87,0.17,20.52,21.10,20.72,20.90,21.01
2026-09-10 00:00:00+00:00,Grândola,1505,32.46,1.25,27.94,33.97,31.99,32.83,33.47,22.33,0.47,20.76,23.26,22.12,22.43,22.66,13.33,1.17,11.08,17.52,12.69,13.16,13.87
2026-09-11 00:00:00+00:00,Grândola,1505,34.74,1.28,30.40,36.31,33.98,35.17,35.80,23.42,0.51,21.96,24.69,23.15,23.47,23.69,13.72,1.10,11.32,17.68,13.20,13.60,14.18
2026-09-12 00:00:00+00:00,Grândola,1505,36.43,1.47,31.12,38.24,35.84,36.86,37.60,24.85,0.62,22.83,26.44,24.58,24.94,25.27,14.36,0.60,12.52,16.03,14.17,14.35,14.70
2026-09-13 00:00:00+00:00,Grândola,1505,37.16,1.30,32.69,38.79,36.31,37.59,38.22,25.26,0.47,23.79,26.37,25.02,25.34,25.59,15.26,0.57,13.51,16.93,15.06,15.27,15.56
2026-09-14 00:00:00+00:00,Grândola,1505,34.94,1.39,31.13,38.11,34.10,34.77,36.06,24.64,0.41,23.55,25.87,24.44,24.62,24.92,15.73,0.65,14.00,17.51,15.41,15.66,16.19
2026-09-15 00:00:00+00:00,Grândola,1505,31.82,1.74,27.62,35.94,30.50,31.66,33.23,22.99,0.59,21.63,24.22,22.52,22.96,23.47,15.07,0.58,13.49,16.73,14.89,15.12,15.34
2026-09-16 00:00:00+00:00,Grândola,1505,28.78,1.26,24.52,30.71,27.99,29.09,29.77,21.75,0.51,19.95,22.57,21.54,21.88,22.14,17.03,0.38,16.41,18.28,16.78,17.01,17.21
2026-09-17 00:00:00+00:00,Grândola,1505,32.03,1.04,28.65,33.64,31.35,32.39,32.79,21.99,0.44,20.59,22.71,21.79,22.06,22.33,13.71,1.19,11.20,18.18,13.16,13.62,14.16
2026-09-18 00:00:00+00:00,Grândola,1505,30.91,1.23,26.53,33.13,30.42,31.23,31.76,21.34,0.46,20.06,22.65,21.06,21.40,21.64,13.04,1.10,10.51,16.15,12.38,13.03,13.68
2026-09-19 00:00:00+00:00,Grândola,1505,33.81,1.16,29.74,35.42,33.14,34.21,34.66,22.92,0.34,21.92,23.87,22.76,22.94,23.12,12.31,0.59,10.89,14.09,11.94,12.18,12.71
2026-09-20 00:00:00+00:00,Grândola,1505,35.16,0.53,33.23,36.09,34.97,35.29,35.48,24.89,0.43,23.95,25.98,24.52,24.94,25.21,15.14,0.47,13.96,16.56,14.85,15.05,15.46
2026-09-21 00:00:00+00:00,Grândola,1505,35.51,0.55,33.57,36.48,35.23,35.65,35.83,24.78,0.33,23.79,25.30,24.53,24.84,25.05,15.43,0.50,14.05,16.80,15.18,15.46,15.74
2026-09-22 00:00:00+00:00,Grândola,1505,33.58,1.84,28.22,37.28,32.38,33.60,35.07,22.97,0.54,20.95,24.26,22.64,22.94,23.38,13.96,0.67,12.41,16.27,13.64,13.84,14.26
2026-09-23 00:00:00+00:00,Grândola,1505,35.70,1.66,31.04,37.84,34.68,36.24,37.10,22.68,0.54,20.96,24.47,22.34,22.62,23.05,13.07,0.47,11.88,14.55,12.80,12.99,13.35
2026-09-24 00:00:00+00:00,Grândola,1505,35.29,1.34,30.84,37.83,34.66,35.44,36.25,23.13,0.52,21.79,24.86,22.83,23.08,23.48,12.45,0.49,11.30,14.02,12.13,12.36,12.76
2026-09-25 00:00:00+00:00,Grândola,1505,33.11,1.33,28.62,35.26,32.38,33.42,34.16,22.90,0.54,21.38,24.47,22.58,22.94,23.25,14.55,0.62,12.44,16.05,14.40,14.75,14.85
2026-09-26 00:00:00+00:00,Grândola,1505,34.88,1.34,30.49,37.17,33.97,35.20,35.89,22.92,0.52,21.85,25.02,22.66,22.88,23.02,12.59,0.95,10.80,14.99,11.93,12.31,13.16
2026-09-27 00:00:00+00:00,Grândola,1505,32.51,0.62,30.50,33.76,32.16,32.55,32.91,23.70,0.37,22.78,24.77,23.39,23.72,23.96,17.00,0.50,15.91,18.52,16.74,16.92,17.26
2026-09-28 00:00:00+00:00,Grândola,1505,30.27,0.75,28.17,31.74,29.78,30.49,30.80,21.67,0.05,21.54,21.80,21.64,21.68,21.70,15.86,0.42,14.73,17.08,15.65,15.84,16.13
2026-09-29 00:00:00+00:00,Grândola,1505,30.22,1.24,25.80,32.30,29.56,30.60,30.98,23.63,0.39,22.33,24.32,23.42,23.75,23.89,18.80,0.67,16.95,19.97,18.42,18.97,19.27
2026-09-10 00:00:00+00:00,Moita,1506,31.12,0.09,31.03,31.46,31.07,31.08,31.12,23.23,0.11,23.05,23.40,23.14,23.24,23.32,18.24,0.28,17.64,18.60,18.05,18.30,18.48
2026-09-11 00:00:00+00:00,Moita,1506,33.77,0.11,33.49,33.90,33.71,33.79,33.85,24.50,0.07,24.33,24.60,24.44,24.52,24.56,16.63,0.04,16.59,16.82,16.61,16.63,16.64
2026-09-12 00:00:00+00:00,Moita,1506,33.53,0.40,33.10,34.72,33.20,33.41,33.70,25.34,0.03,25.28,25.41,25.31,25.33,25.36,17.94,0.49,16.49,18.40,17.67,18.13,18.31
2026-09-13 00:00:00+00:00,Moita,1506,33.53,0.39,33.10,34.65,33.20,33.42,33.70,25.55,0.06,25.40,25.70,25.52,25.54,25.58,18.20,0.39,16.95,18.51,18.02,18.37,18.48
2026-09-14 00:00:00+00:00,Moita,1506,32.62,0.22,32.40,33.32,32.44,32.55,32.70,25.19,0.07,24.97,25.32,25.18,25.20,25.22,18.36,0.21,17.69,18.54,18.27,18.47,18.50
2026-09-15 00:00:00+00:00,Moita,1506,29.46,0.08,29.30,29.60,29.39,29.44,29.51,23.03,0.15,22.66,23.20,22.93,23.07,23.15,18.45,0.65,16.56,19.10,18.09,18.68,18.95
2026-09-16 00:00:00+00:00,Moita,1506,27.17,0.07,27.03,27.30,27.11,27.15,27.22,21.93,0.12,21.72,22.10,21.83,21.93,22.02,18.87,0.17,18.49,19.10,18.77,18.90,19.01
2026-09-17 00:00:00+00:00,Moita,1506,29.76,0.06,29.64,30.01,29.73,29.75,29.79,22.36,0.08,22.22,22.50,22.29,22.36,22.43,17.78,0.16,17.49,18.00,17.65,17.79,17.92
2026-09-18 00:00:00+00:00,Moita,1506,30.01,0.05,29.92,30.10,29.97,30.00,30.05,22.63,0.12,22.41,22.80,22.54,22.64,22.73,17.63,0.38,16.73,18.09,17.37,17.72,17.95
2026-09-19 00:00:00+00:00,Moita,1506,30.62,0.37,30.20,31.67,30.31,30.52,30.79,23.11,0.07,23.00,23.28,23.04,23.10,23.16,15.70,0.34,14.68,16.00,15.53,15.85,15.96
2026-09-20 00:00:00+00:00,Moita,1506,33.80,0.13,33.69,34.24,33.71,33.75,33.83,25.18,0.14,25.00,25.54,25.07,25.15,25.27,17.91,0.22,17.07,18.09,17.86,18.01,18.04
2026-09-21 00:00:00+00:00,Moita,1506,34.06,0.15,33.90,34.49,33.94,34.02,34.13,25.08,0.05,25.00,25.20,25.04,25.07,25.12,17.80,0.27,16.89,18.02,17.69,17.93,18.00
2026-09-22 00:00:00+00:00,Moita,1506,31.13,0.17,30.56,31.48,31.11,31.15,31.21,23.89,0.23,23.07,24.13,23.82,24.00,24.02,17.28,0.44,15.81,17.63,17.09,17.50,17.59
2026-09-23 00:00:00+00:00,Moita,1506,32.79,0.13,32.60,33.11,32.68,32.76,32.88,24.41,0.31,23.38,24.68,24.29,24.56,24.60,17.07,0.48,15.47,17.44,16.87,17.31,17.40
2026-09-24 00:00:00+00:00,Moita,1506,34.06,0.10,33.97,34.43,34.00,34.02,34.08,24.22,0.16,23.69,24.39,24.17,24.29,24.31,16.07,0.38,14.77,16.38,15.92,16.27,16.31
2026-09-25 00:00:00+00:00,Moita,1506,31.13,0.20,30.90,31.67,30.97,31.07,31.25,22.53,0.04,22.46,22.60,22.50,22.53,22.57,16.39,0.27,15.71,16.70,16.22,16.48,16.62
2026-09-26 00:00:00+00:00,Moita,1506,32.51,0.10,32.40,32.94,32.45,32.47,32.50,23.98,0.08,23.90,24.26,23.92,23.95,24.00,17.05,0.23,16.28,17.25,16.94,17.16,17.20
2026-09-27 00:00:00+00:00,Moita,1506,32.16,0.16,31.89,32.40,32.04,32.17,32.29,24.65,0.04,24.58,24.70,24.63,24.66,24.69,20.13,0.27,19.38,20.40,19.97,20.23,20.34
2026-09-28 00:00:00+00:00,Moita,1506,28.85,0.03,28.77,28.90,28.83,28.85,28.87,22.61,0.16,22.21,22.80,22.51,22.65,22.74,17.92,0.27,17.16,18.20,17.78,18.02,18.14
2026-09-29 00:00:00+00:00,Moita,1506,27.69,0.26,26.99,28.00,27.53,27.77,27.90,23.52,0.22,22.97,23.80,23.37,23.57,23.70,20.91,0.16,20.49,21.10,20.82,20.96,21.04
2026-09-10 00:00:00+00:00,Montijo,1507,32.62,0.66,30.80,33.00,32.81,32.90,32.95,22.18,0.36,21.90,23.38,21.99,22.06,22.11,14.20,1.71,12.50,18.58,13.01,13.78,14.49
2026-09-11 00:00:00+00:00,Montijo,1507,35.54,0.81,33.71,36.40,35.46,35.72,36.11,23.98,0.20,23.57,24.59,23.90,23.91,23.92,13.92,1.21,12.90,16.91,13.17,13.51,13.87
2026-09-12 00:00:00+00:00,Montijo,1507,37.39,1.46,33.12,38.26,37.87,37.98,38.11,25.57,0.16,25.22,25.80,25.43,25.55,25.72,14.66,1.35,13.16,18.39,13.94,14.34,14.48
2026-09-13 00:00:00+00:00,Montijo,1507,37.32,1.47,33.13,38.50,37.33,37.86,38.24,25.77,0.18,25.41,26.04,25.61,25.79,25.93,15.53,1.21,13.96,18.78,14.73,15.32,15.66
2026-09-14 00:00:00+00:00,Montijo,1507,35.82,1.37,32.41,37.20,35.45,36.27,36.80,25.44,0.11,25.13,25.63,25.35,25.44,25.54,17.08,0.62,16.01,18.85,16.70,16.85,17.16
2026-09-15 00:00:00+00:00,Montijo,1507,30.23,0.73,28.92,31.30,29.52,30.23,30.91,22.05,0.39,21.52,23.19,21.79,22.02,22.10,14.85,1.58,12.39,19.08,13.79,14.76,15.23
2026-09-16 00:00:00+00:00,Montijo,1507,28.01,0.53,26.68,28.94,27.75,28.18,28.40,21.35,0.17,21.20,22.08,21.25,21.29,21.33,17.23,0.64,16.60,19.08,16.76,17.01,17.35
2026-09-17 00:00:00+00:00,Montijo,1507,30.78,0.51,29.36,31.20,30.80,30.93,31.12,21.32,0.36,21.10,22.49,21.14,21.17,21.22,14.44,1.35,12.97,17.99,13.66,14.07,14.29
2026-09-18 00:00:00+00:00,Montijo,1507,32.23,0.97,29.66,32.96,32.56,32.61,32.67,21.43,0.45,21.10,22.79,21.19,21.26,21.33,13.66,1.55,12.46,18.07,12.73,13.07,13.45
2026-09-19 00:00:00+00:00,Montijo,1507,34.60,1.56,30.23,36.00,34.54,35.09,35.60,23.39,0.26,22.92,23.80,23.18,23.37,23.63,12.68,1.27,11.45,16.09,11.98,12.32,12.49
2026-09-20 00:00:00+00:00,Montijo,1507,35.89,0.87,33.69,36.86,36.06,36.11,36.32,25.59,0.14,25.02,25.70,25.55,25.65,25.69,15.17,1.21,13.86,18.47,14.48,14.87,15.00
2026-09-21 00:00:00+00:00,Montijo,1507,36.34,0.94,33.91,37.55,36.40,36.49,36.86,25.19,0.13,24.74,25.40,25.08,25.18,25.30,15.44,1.17,13.57,18.22,14.56,15.39,15.85
2026-09-22 00:00:00+00:00,Montijo,1507,35.01,1.45,31.12,36.85,35.48,35.58,35.68,23.34,0.36,23.00,24.61,23.10,23.23,23.40,13.93,1.43,12.82,18.02,13.31,13.35,13.38
2026-09-23 00:00:00+00:00,Montijo,1507,37.35,1.71,32.63,38.40,37.91,38.03,38.16,23.49,0.53,22.90,25.16,23.11,23.39,23.60,13.57,1.57,11.68,17.93,12.70,13.22,13.47
2026-09-24 00:00:00+00:00,Montijo,1507,36.00,0.78,34.00,36.60,36.28,36.34,36.37,23.67,0.32,23.28,24.75,23.47,23.55,23.70,13.22,1.33,12.10,16.95,12.39,12.77,13.22
2026-09-25 00:00:00+00:00,Montijo,1507,32.71,0.61,30.91,33.28,32.81,32.91,33.02,21.76,0.31,21.14,22.59,21.54,21.73,21.80,14.09,0.96,12.71,16.69,13.45,13.86,14.17
2026-09-26 00:00:00+00:00,Montijo,1507,34.97,1.06,32.21,36.15,35.11,35.26,35.55,23.32,0.33,22.47,24.15,23.18,23.21,23.25,13.23,1.65,11.59,17.64,12.35,12.68,12.89
2026-09-27 00:00:00+00:00,Montijo,1507,32.35,0.44,31.64,33.00,31.93,32.33,32.74,23.67,0.39,23.24,24.70,23.45,23.56,23.60,17.11,1.21,16.05,20.39,16.57,16.70,16.75
2026-09-28 00:00:00+00:00,Montijo,1507,29.92,0.49,28.77,30.67,29.90,29.97,30.20,21.87,0.27,21.55,22.79,21.73,21.77,21.80,15.91,0.85,14.84,18.19,15.33,15.74,16.07
2026-09-29 00:00:00+00:00,Montijo,1507,29.47,1.09,27.23,30.90,28.71,29.63,30.40,23.19,0.16,22.91,23.78,23.06,23.24,23.29,19.88,0.43,19.40,21.09,19.55,19.79,20.04
2026-09-10 00:00:00+00:00,Palmela,1508,32.44,0.43,31.18,33.00,32.23,32.46,32.82,22.60,0.46,21.90,23.30,22.14,22.59,23.06,15.53,1.73,12.50,17.95,14.11,15.55,17.38
2026-09-11 00:00:00+00:00,Palmela,1508,34.59,1.08,33.19,36.40,33.49,34.56,35.50,24.20,0.23,23.90,24.60,23.96,24.18,24.41,15.43,1.62,12.90,17.80,13.90,15.39,16.99
2026-09-12 00:00:00+00:00,Palmela,1508,36.90,0.94,33.93,38.20,36.43,36.95,37.75,25.52,0.13,25.15,25.80,25.45,25.49,25.61,14.58,0.67,13.15,17.45,14.30,14.50,14.57
2026-09-13 00:00:00+00:00,Palmela,1508,36.79,1.03,33.92,38.50,36.19,36.77,37.54,25.42,0.34,24.80,26.00,25.15,25.45,25.66,15.32,0.65,13.95,17.82,14.92,15.34,15.61
2026-09-14 00:00:00+00:00,Palmela,1508,35.14,1.08,32.84,37.20,34.39,35.03,35.94,25.04,0.36,24.40,25.60,24.73,25.09,25.32,16.85,0.37,16.20,18.17,16.65,16.76,17.13
2026-09-15 00:00:00+00:00,Palmela,1508,30.15,0.56,29.29,31.30,29.68,30.05,30.57,22.18,0.24,21.52,22.88,22.10,22.20,22.31,14.51,0.89,12.37,17.79,13.95,14.56,15.05
2026-09-16 00:00:00+00:00,Palmela,1508,27.81,0.35,27.09,28.40,27.60,27.76,28.11,21.50,0.20,21.20,21.80,21.31,21.49,21.70,17.69,0.56,16.70,18.70,17.23,17.69,18.27
2026-09-17 00:00:00+00:00,Palmela,1508,30.77,0.32,29.79,31.20,30.63,30.83,30.99,21.84,0.54,21.10,22.70,21.29,21.82,22.33,15.98,1.60,12.96,18.30,14.50,15.91,17.56
2026-09-18 00:00:00+00:00,Palmela,1508,31.42,0.94,29.84,32.96,30.50,31.40,32.37,21.90,0.54,21.10,22.70,21.36,21.89,22.43,14.72,1.34,12.60,17.23,13.47,14.72,16.14
2026-09-19 00:00:00+00:00,Palmela,1508,33.91,1.20,31.00,36.00,33.09,33.89,34.83,23.44,0.20,22.91,23.80,23.35,23.47,23.54,12.94,0.68,11.45,15.37,12.53,12.90,13.17
2026-09-20 00:00:00+00:00,Palmela,1508,35.47,0.65,33.92,36.86,35.04,35.46,36.00,25.76,0.11,25.33,26.00,25.70,25.72,25.83,15.33,0.67,13.85,17.72,15.02,15.20,15.48
2026-09-21 00:00:00+00:00,Palmela,1508,35.72,0.79,34.21,37.56,35.00,35.74,36.35,25.26,0.09,25.01,25.40,25.22,25.28,25.30,15.48,0.65,13.56,17.54,15.23,15.54,15.79
2026-09-22 00:00:00+00:00,Palmela,1508,32.20,2.60,28.00,35.76,29.82,32.32,34.84,22.42,0.75,20.80,23.69,21.94,22.72,23.00,13.66,0.75,12.60,16.86,13.30,13.46,13.75
2026-09-23 00:00:00+00:00,Palmela,1508,34.97,2.45,31.40,38.40,32.50,35.00,37.45,22.51,0.79,20.80,24.13,22.02,22.77,23.01,13.20,0.86,11.67,16.62,12.68,13.20,13.45
2026-09-24 00:00:00+00:00,Palmela,1508,35.58,0.59,34.01,36.40,35.21,35.58,36.14,23.23,0.39,22.40,24.07,22.99,23.35,23.47,12.82,0.78,11.70,15.72,12.28,12.55,13.25
2026-09-25 00:00:00+00:00,Palmela,1508,32.53,0.37,31.34,33.28,32.34,32.58,32.79,22.26,0.45,21.41,23.00,21.85,22.25,22.64,14.59,0.62,13.04,16.11,14.20,14.57,15.10
2026-09-26 00:00:00+00:00,Palmela,1508,34.43,0.76,32.50,36.15,33.98,34.43,35.02,24.01,0.62,23.20,25.10,23.38,23.96,24.55,14.11,1.16,11.76,16.82,13.08,14.10,14.98
2026-09-27 00:00:00+00:00,Palmela,1508,32.19,0.39,31.70,33.00,31.89,32.00,32.51,24.14,0.46,23.31,24.80,23.69,24.13,24.61,17.73,0.90,16.04,19.85,16.89,17.70,18.51
2026-09-28 00:00:00+00:00,Palmela,1508,29.41,0.56,28.67,30.67,28.82,29.42,29.87,21.83,0.12,21.70,22.45,21.78,21.80,21.82,16.09,0.45,14.83,17.65,16.01,16.07,16.16
2026-09-29 00:00:00+00:00,Palmela,1508,28.00,1.61,25.70,30.90,26.55,27.95,29.31,22.84,0.30,22.30,23.30,22.59,22.88,23.07,19.91,0.28,19.40,20.75,19.72,19.93,20.08
2026-09-10 00:00:00+00:00,Santiago do Cacém,1509,30.81,2.82,25.82,34.20,28.19,30.85,33.92,21.41,0.91,19.69,22.50,20.51,21.43,22.42,12.38,1.35,10.90,15.04,11.05,11.99,13.59
2026-09-11 00:00:00+00:00,Santiago do Cacém,1509,33.24,2.73,28.42,36.50,30.71,33.30,36.23,22.41,0.70,20.95,23.26,21.73,22.50,23.17,12.92,1.60,11.10,16.02,11.29,12.60,14.33
2026-09-12 00:00:00+00:00,Santiago do Cacém,1509,34.66,3.26,28.65,38.50,31.75,34.78,38.20,23.72,1.04,21.94,24.95,22.69,23.80,24.85,14.05,1.51,12.30,17.02,12.51,13.78,15.34
2026-09-13 00:00:00+00:00,Santiago do Cacém,1509,35.78,2.69,30.63,38.90,33.46,35.88,38.66,24.60,0.86,23.15,25.63,23.75,24.64,25.55,15.02,1.48,13.30,17.92,13.51,14.78,16.28
2026-09-14 00:00:00+00:00,Santiago do Cacém,1509,34.82,3.02,29.33,38.40,32.17,34.88,38.12,24.27,0.72,23.06,25.13,23.55,24.29,25.06,15.55,1.49,13.80,18.42,13.99,15.40,16.84
2026-09-15 00:00:00+00:00,Santiago do Cacém,1509,32.08,3.55,25.64,36.30,28.99,32.13,35.96,22.81,1.07,21.13,24.10,21.73,22.80,24.01,14.85,1.43,13.30,17.81,13.48,14.41,16.05
2026-09-16 00:00:00+00:00,Santiago do Cacém,1509,26.88,2.39,22.61,29.70,24.64,26.93,29.50,21.10,1.29,19.05,22.70,19.81,21.04,22.54,16.45,0.45,14.77,17.17,16.35,16.40,16.73
2026-09-17 00:00:00+00:00,Santiago do Cacém,1509,30.80,2.14,27.18,33.40,28.72,30.79,33.16,21.12,0.83,19.19,22.10,20.34,21.16,22.03,12.52,1.39,11.00,15.23,11.17,12.08,13.79
2026-09-18 00:00:00+00:00,Santiago do Cacém,1509,29.84,3.00,24.34,33.40,27.18,29.91,33.11,20.38,0.65,18.70,21.13,19.78,20.46,21.06,12.22,1.75,10.30,15.71,10.48,11.76,13.75
2026-09-19 00:00:00+00:00,Santiago do Cacém,1509,32.47,2.43,27.82,35.30,30.38,32.54,35.07,22.26,0.49,21.20,22.86,21.78,22.32,22.78,12.36,1.39,10.70,15.03,10.90,12.35,13.55
2026-09-20 00:00:00+00:00,Santiago do Cacém,1509,34.42,1.10,32.26,35.70,33.50,34.43,35.59,23.92,0.31,23.00,24.35,23.66,24.02,24.20,15.14,1.11,13.80,17.25,13.97,15.13,16.08
2026-09-21 00:00:00+00:00,Santiago do Cacém,1509,34.77,1.08,32.56,36.00,33.89,34.82,35.90,24.02,0.43,23.17,24.54,23.60,24.09,24.48,15.28,1.17,13.90,17.54,14.05,15.17,16.29
2026-09-22 00:00:00+00:00,Santiago do Cacém,1509,33.97,3.01,28.71,37.60,31.29,33.97,37.29,23.13,0.49,22.08,23.74,22.63,23.11,23.67,14.26,1.71,12.20,17.51,12.43,14.27,15.72
2026-09-23 00:00:00+00:00,Santiago do Cacém,1509,34.35,2.93,29.02,37.80,31.71,34.45,37.54,22.62,0.52,21.65,23.29,22.08,22.66,23.19,13.15,1.17,11.70,15.34,11.91,13.18,14.15
2026-09-24 00:00:00+00:00,Santiago do Cacém,1509,34.50,3.08,28.65,38.10,31.86,34.57,37.82,22.74,0.85,21.23,23.76,21.92,22.81,23.67,12.62,1.21,11.10,14.84,11.32,12.69,13.66
2026-09-25 00:00:00+00:00,Santiago do Cacém,1509,31.96,3.00,26.53,35.50,29.26,32.06,35.25,22.28,0.89,20.73,23.36,21.40,22.33,23.26,13.87,1.40,12.20,16.53,12.43,13.64,15.12
2026-09-26 00:00:00+00:00,Santiago do Cacém,1509,34.10,2.91,28.35,37.40,31.66,34.23,37.18,22.18,0.42,21.32,22.73,21.79,22.28,22.60,12.62,1.71,10.60,15.91,10.81,12.59,14.06
2026-09-27 00:00:00+00:00,Santiago do Cacém,1509,31.39,1.01,29.55,32.60,30.44,31.42,32.48,22.91,0.36,22.19,23.34,22.55,22.97,23.28,16.71,0.77,15.80,18.16,15.90,16.64,17.38
2026-09-28 00:00:00+00:00,Santiago do Cacém,1509,30.06,1.55,27.17,31.90,28.74,30.06,31.73,21.55,0.14,21.04,21.70,21.49,21.57,21.68,15.75,1.00,14.60,17.75,14.73,15.55,16.59
2026-09-29 00:00:00+00:00,Santiago do Cacém,1509,30.49,1.67,27.46,32.50,29.06,30.50,32.29,23.64,0.62,22.52,24.40,23.10,23.63,24.32,17.85,0.89,16.80,19.47,16.94,17.70,18.69
2026-09-10 00:00:00+00:00,Seixal,1510,30.64,0.21,30.24,30.97,30.47,30.67,30.84,22.56,0.30,21.96,23.16,22.34,22.60,22.77,16.10,1.27,12.92,18.10,15.20,16.43,17.03
2026-09-11 00:00:00+00:00,Seixal,1510,32.23,0.87,30.12,33.59,31.59,32.45,32.87,23.00,0.97,20.52,24.37,22.32,23.27,23.74,14.77,1.43,10.89,16.55,13.79,15.20,15.91
2026-09-12 00:00:00+00:00,Seixal,1510,32.36,0.99,29.68,33.67,31.66,32.75,33.19,23.91,1.05,21.10,25.25,23.19,24.23,24.73,15.75,1.47,11.97,18.03,14.81,15.99,16.83
2026-09-13 00:00:00+00:00,Seixal,1510,32.62,0.80,30.47,33.76,32.05,32.94,33.25,24.38,0.97,21.70,25.59,23.75,24.71,25.10,16.49,1.31,12.96,18.41,15.70,16.74,17.50
2026-09-14 00:00:00+00:00,Seixal,1510,31.73,0.56,30.39,32.54,31.31,31.85,32.24,23.69,1.08,20.81,25.12,22.95,24.03,24.52,16.75,1.23,13.42,18.45,15.97,17.10,17.69
2026-09-15 00:00:00+00:00,Seixal,1510,28.94,0.17,28.71,29.36,28.78,28.91,29.06,22.28,0.43,21.26,23.01,21.99,22.35,22.61,16.22,1.38,12.79,18.57,15.34,16.38,17.24
2026-09-16 00:00:00+00:00,Seixal,1510,26.90,0.11,26.66,27.28,26.83,26.88,26.95,21.62,0.09,21.41,21.88,21.56,21.60,21.67,18.37,0.19,18.11,18.85,18.22,18.34,18.47
2026-09-17 00:00:00+00:00,Seixal,1510,29.73,0.23,29.33,30.50,29.61,29.66,29.81,21.78,0.26,21.25,22.30,21.57,21.81,21.97,15.44,1.52,11.55,17.60,14.37,15.85,16.59
2026-09-18 00:00:00+00:00,Seixal,1510,29.08,0.43,28.20,29.84,28.74,29.13,29.42,21.25,0.82,19.22,22.51,20.66,21.46,21.85,14.78,1.76,10.34,17.49,13.55,15.23,16.07
2026-09-19 00:00:00+00:00,Seixal,1510,29.68,0.87,27.32,30.82,29.07,30.03,30.38,22.23,0.77,20.10,23.14,21.73,22.48,22.84,13.99,1.25,10.69,15.83,13.20,14.27,14.90
2026-09-20 00:00:00+00:00,Seixal,1510,32.93,0.58,31.45,33.62,32.51,33.11,33.42,25.09,0.29,24.20,25.58,24.96,25.20,25.28,17.87,0.44,16.61,18.84,17.62,17.89,18.17
2026-09-21 00:00:00+00:00,Seixal,1510,33.87,0.18,33.39,34.16,33.77,33.94,33.99,24.96,0.24,24.26,25.37,24.86,25.06,25.12,17.01,0.78,14.84,18.17,16.61,17.10,17.63
2026-09-22 00:00:00+00:00,Seixal,1510,30.20,0.72,28.25,31.19,29.75,30.38,30.75,22.73,0.96,20.10,24.07,22.16,22.94,23.48,15.76,1.28,12.28,17.65,15.05,15.96,16.78
2026-09-23 00:00:00+00:00,Seixal,1510,31.50,1.05,28.62,32.77,30.81,31.87,32.33,22.70,1.27,19.31,24.53,21.90,22.98,23.64,15.37,1.46,11.38,17.50,14.56,15.60,16.54
2026-09-24 00:00:00+00:00,Seixal,1510,32.24,1.23,29.05,33.81,31.37,32.59,33.21,22.52,1.27,19.12,24.25,21.70,22.90,23.46,14.30,1.49,10.19,16.40,13.43,14.60,15.44
2026-09-25 00:00:00+00:00,Seixal,1510,31.48,0.13,31.12,31.79,31.43,31.50,31.55,21.65,0.59,20.15,22.46,21.24,21.81,22.11,14.04,1.50,10.23,16.28,13.00,14.45,15.16
2026-09-26 00:00:00+00:00,Seixal,1510,30.94,0.86,28.90,32.19,30.29,31.16,31.65,22.74,0.93,20.24,23.88,22.10,23.02,23.51,15.54,1.26,12.07,17.26,14.79,15.90,16.50
2026-09-27 00:00:00+00:00,Seixal,1510,31.49,0.20,31.28,32.07,31.33,31.43,31.60,24.23,0.28,23.52,24.64,24.04,24.30,24.45,18.60,0.99,16.11,20.14,17.94,18.80,19.36
2026-09-28 00:00:00+00:00,Seixal,1510,28.49,0.13,28.30,28.77,28.38,28.48,28.58,21.79,0.44,20.76,22.57,21.48,21.87,22.09,16.90,0.65,15.28,17.97,16.49,16.98,17.38
2026-09-29 00:00:00+00:00,Seixal,1510,26.54,0.50,25.59,27.61,26.16,26.53,26.87,22.68,0.34,22.06,23.46,22.42,22.67,22.90,20.58,0.13,20.41,20.93,20.48,20.54,20.66
2026-09-10 00:00:00+00:00,Sesimbra,1511,30.55,0.39,29.78,31.57,30.23,30.45,30.88,22.39,0.22,22.04,22.86,22.19,22.35,22.56,15.98,0.67,13.88,17.20,15.67,16.07,16.44
2026-09-11 00:00:00+00:00,Sesimbra,1511,32.04,0.58,30.67,33.12,31.58,31.93,32.53,22.94,0.61,21.25,23.99,22.60,22.95,23.43,15.01,0.93,12.17,16.44,14.57,15.16,15.69
2026-09-12 00:00:00+00:00,Sesimbra,1511,32.91,0.95,30.56,35.01,32.30,32.84,33.67,23.95,0.67,21.98,25.05,23.61,23.99,24.48,15.21,0.55,13.14,16.61,15.10,15.39,15.48
2026-09-13 00:00:00+00:00,Sesimbra,1511,33.14,0.81,31.19,34.98,32.61,33.07,33.79,24.41,0.53,22.60,25.18,24.18,24.54,24.79,16.09,0.50,14.13,17.21,16.00,16.25,16.33
2026-09-14 00:00:00+00:00,Sesimbra,1511,32.03,0.59,30.79,33.44,31.60,31.94,32.52,23.69,0.61,21.74,24.63,23.40,23.79,24.15,16.59,0.57,14.53,17.62,16.41,16.80,16.96
2026-09-15 00:00:00+00:00,Sesimbra,1511,28.72,0.30,28.05,29.44,28.51,28.70,28.95,22.06,0.21,21.51,22.58,21.91,22.03,22.22,15.50,0.44,13.82,16.89,15.40,15.61,15.70
2026-09-16 00:00:00+00:00,Sesimbra,1511,26.70,0.25,26.02,27.26,26.54,26.76,26.86,21.43,0.12,21.09,21.66,21.36,21.45,21.51,18.16,0.08,18.01,18.46,18.11,18.15,18.20
2026-09-17 00:00:00+00:00,Sesimbra,1511,29.58,0.30,28.73,30.23,29.41,29.66,29.77,21.61,0.24,21.20,22.14,21.40,21.57,21.80,15.42,0.93,12.72,16.96,14.95,15.45,16.12
2026-09-18 00:00:00+00:00,Sesimbra,1511,28.91,0.43,28.21,29.90,28.52,28.79,29.28,21.10,0.52,19.77,22.06,20.76,21.08,21.52,14.51,0.90,11.67,16.22,14.12,14.62,15.13
2026-09-19 00:00:00+00:00,Sesimbra,1511,30.20,0.82,28.12,31.93,29.68,30.16,30.85,22.30,0.50,20.79,23.13,22.03,22.34,22.70,13.61,0.50,11.74,14.76,13.49,13.79,13.88
2026-09-20 00:00:00+00:00,Sesimbra,1511,33.08,0.53,31.88,34.25,32.72,33.01,33.52,25.22,0.23,24.52,25.67,25.10,25.24,25.40,17.48,0.25,16.61,17.90,17.34,17.53,17.66
2026-09-21 00:00:00+00:00,Sesimbra,1511,33.91,0.27,33.50,34.63,33.67,33.83,34.14,24.98,0.15,24.50,25.23,24.91,25.00,25.10,16.67,0.28,15.58,17.28,16.59,16.73,16.82
2026-09-22 00:00:00+00:00,Sesimbra,1511,30.01,0.29,28.90,30.64,29.92,30.11,30.18,22.46,0.37,20.99,23.26,22.38,22.58,22.66,15.23,0.45,13.45,16.31,15.13,15.36,15.48
2026-09-23 00:00:00+00:00,Sesimbra,1511,31.52,0.62,29.55,32.42,31.20,31.59,32.03,22.30,0.51,20.39,23.48,22.17,22.47,22.60,14.77,0.52,12.71,16.01,14.66,14.93,15.06
2026-09-24 00:00:00+00:00,Sesimbra,1511,32.26,0.93,29.96,34.18,31.63,32.20,33.05,22.32,0.63,20.20,23.48,22.07,22.42,22.79,13.87,0.58,11.57,15.10,13.76,14.06,14.18
2026-09-25 00:00:00+00:00,Sesimbra,1511,31.51,0.21,30.97,32.05,31.35,31.49,31.67,21.58,0.41,20.56,22.37,21.30,21.55,21.91,13.89,0.78,11.40,15.29,13.53,14.02,14.43
2026-09-26 00:00:00+00:00,Sesimbra,1511,31.09,0.76,29.45,32.82,30.53,30.99,31.70,22.85,0.67,21.01,24.09,22.48,22.84,23.38,15.31,0.56,13.22,16.36,15.15,15.52,15.64
2026-09-27 00:00:00+00:00,Sesimbra,1511,31.20,0.21,30.66,31.68,31.06,31.20,31.32,24.09,0.19,23.68,24.49,23.93,24.07,24.23,18.28,0.43,16.84,19.31,18.12,18.35,18.58
2026-09-28 00:00:00+00:00,Sesimbra,1511,28.37,0.14,28.04,28.71,28.26,28.37,28.48,21.62,0.19,21.04,22.12,21.52,21.63,21.76,16.62,0.22,15.78,17.26,16.59,16.68,16.72
2026-09-29 00:00:00+00:00,Sesimbra,1511,26.10,0.24,25.70,26.86,25.88,26.14,26.26,22.38,0.14,22.15,22.89,22.27,22.39,22.47,20.37,0.06,20.19,20.57,20.33,20.36,20.41
2026-09-10 00:00:00+00:00,Setúbal,1512,32.14,0.36,31.19,32.53,31.98,32.33,32.37,23.07,0.17,22.60,23.30,22.94,23.08,23.23,17.10,0.47,15.32,17.60,16.92,17.22,17.46
2026-09-11 00:00:00+00:00,Setúbal,1512,33.39,0.35,32.80,34.66,33.20,33.24,33.55,24.37,0.20,23.77,24.60,24.28,24.42,24.54,17.08,0.55,15.39,17.80,16.66,17.14,17.59
2026-09-12 00:00:00+00:00,Setúbal,1512,36.21,0.71,34.27,37.08,35.87,36.58,36.66,25.38,0.18,24.79,25.56,25.32,25.48,25.49,14.53,0.48,14.00,16.22,14.17,14.41,14.74
2026-09-13 00:00:00+00:00,Setúbal,1512,36.03,0.65,34.27,37.03,35.71,36.35,36.39,24.98,0.13,24.80,25.42,24.87,24.97,25.05,15.06,0.55,14.40,16.80,14.61,14.95,15.29
2026-09-14 00:00:00+00:00,Setúbal,1512,34.25,0.51,32.95,35.35,33.99,34.47,34.51,24.54,0.13,24.34,25.01,24.44,24.50,24.59,16.54,0.27,16.20,17.46,16.32,16.50,16.67
2026-09-15 00:00:00+00:00,Setúbal,1512,29.92,0.28,29.18,30.35,29.77,30.05,30.08,22.32,0.04,22.21,22.54,22.30,22.31,22.33,14.18,0.65,13.40,16.34,13.64,14.04,14.49
2026-09-16 00:00:00+00:00,Setúbal,1512,27.65,0.25,27.01,28.05,27.52,27.77,27.79,21.70,0.07,21.51,21.80,21.65,21.71,21.77,18.19,0.15,17.61,18.42,18.14,18.25,18.29
2026-09-17 00:00:00+00:00,Setúbal,1512,30.68,0.30,29.89,31.01,30.54,30.83,30.87,22.42,0.21,21.88,22.70,22.25,22.44,22.61,17.59,0.53,16.09,18.30,17.18,17.65,18.09
2026-09-18 00:00:00+00:00,Setúbal,1512,30.44,0.36,29.59,31.44,30.24,30.50,30.60,22.41,0.23,21.83,22.70,22.23,22.44,22.61,15.87,0.34,14.58,16.25,15.71,15.99,16.14
2026-09-19 00:00:00+00:00,Setúbal,1512,32.92,0.62,31.31,34.16,32.60,33.18,33.24,23.39,0.14,22.93,23.51,23.34,23.46,23.48,13.21,0.36,12.87,14.48,12.97,13.04,13.41
2026-09-20 00:00:00+00:00,Setúbal,1512,34.88,0.38,33.88,35.48,34.69,35.07,35.10,25.86,0.13,25.50,26.00,25.80,25.89,25.96,15.57,0.59,15.00,17.27,15.16,15.34,15.87
2026-09-21 00:00:00+00:00,Setúbal,1512,34.97,0.28,34.32,35.69,34.83,35.00,35.12,25.27,0.04,25.16,25.30,25.27,25.29,25.30,15.51,0.46,15.00,16.92,15.15,15.40,15.70
2026-09-22 00:00:00+00:00,Setúbal,1512,29.18,0.88,28.00,32.06,28.39,29.15,29.77,21.52,0.52,20.80,22.92,21.03,21.50,21.92,13.45,0.74,12.60,15.74,12.87,13.27,13.78
2026-09-23 00:00:00+00:00,Setúbal,1512,32.20,0.72,31.40,34.95,31.67,32.07,32.39,21.55,0.55,20.80,23.12,21.05,21.53,21.98,12.86,0.82,11.90,15.39,12.20,12.69,13.21
2026-09-24 00:00:00+00:00,Setúbal,1512,34.99,0.48,33.62,35.64,34.78,35.24,35.28,22.72,0.21,22.40,23.38,22.52,22.73,22.90,12.48,0.68,11.70,14.61,11.96,12.33,12.79
2026-09-25 00:00:00+00:00,Setúbal,1512,32.30,0.21,31.67,32.59,32.21,32.39,32.41,22.73,0.22,22.17,23.00,22.58,22.76,22.92,15.01,0.11,14.63,15.31,14.95,15.05,15.10
2026-09-26 00:00:00+00:00,Setúbal,1512,33.75,0.54,32.26,34.43,33.49,34.03,34.08,24.65,0.35,23.79,25.10,24.39,24.71,24.97,15.02,0.38,14.07,16.15,14.83,14.91,15.27
2026-09-27 00:00:00+00:00,Setúbal,1512,31.95,0.17,31.45,32.34,31.85,32.00,32.04,24.62,0.14,24.17,24.80,24.52,24.63,24.75,18.47,0.23,17.69,19.19,18.36,18.50,18.63
2026-09-28 00:00:00+00:00,Setúbal,1512,28.80,0.17,28.56,29.37,28.70,28.72,28.88,21.77,0.06,21.70,22.06,21.73,21.76,21.80,16.22,0.23,16.00,17.06,16.06,16.12,16.33
2026-09-29 00:00:00+00:00,Setúbal,1512,26.28,0.51,25.70,28.16,25.88,26.19,26.43,22.47,0.13,22.30,22.84,22.36,22.46,22.53,19.99,0.13,19.81,20.45,19.91,19.92,20.06
2026-09-10 00:00:00+00:00,Sines,1513,26.12,0.45,25.70,27.41,25.74,25.93,26.45,20.04,0.06,19.89,20.25,20.00,20.03,20.06,14.69,0.52,12.95,15.10,14.47,14.96,15.07
2026-09-11 00:00:00+00:00,Sines,1513,28.71,0.44,28.30,29.97,28.34,28.52,29.03,21.33,0.05,21.17,21.52,21.30,21.32,21.35,15.65,0.56,13.82,16.10,15.41,15.94,16.07
2026-09-12 00:00:00+00:00,Sines,1513,29.09,0.65,28.50,31.02,28.56,28.80,29.52,22.01,0.11,21.90,22.35,21.92,21.98,22.09,16.67,0.53,14.96,17.10,16.44,16.94,17.07
2026-09-13 00:00:00+00:00,Sines,1513,31.06,0.64,30.50,33.04,30.55,30.77,31.46,23.27,0.07,23.20,23.50,23.21,23.25,23.31,17.59,0.51,15.95,18.00,17.36,17.84,17.97
2026-09-14 00:00:00+00:00,Sines,1513,29.76,0.63,29.20,31.71,29.25,29.46,30.14,23.16,0.06,23.10,23.37,23.11,23.14,23.19,18.12,0.47,16.60,18.50,17.89,18.35,18.47
2026-09-15 00:00:00+00:00,Sines,1513,26.17,0.77,25.50,28.59,25.56,25.79,26.63,21.19,0.09,21.10,21.48,21.11,21.15,21.24,17.41,0.62,15.40,17.90,17.16,17.72,17.86
2026-09-16 00:00:00+00:00,Sines,1513,22.86,0.38,22.50,23.93,22.54,22.69,23.14,19.18,0.09,19.10,19.48,19.11,19.16,19.23,16.96,0.33,15.85,17.20,16.86,17.12,17.19
2026-09-17 00:00:00+00:00,Sines,1513,27.36,0.27,27.10,28.07,27.13,27.25,27.56,19.99,0.09,19.62,20.16,20.00,20.00,20.02,14.87,0.56,13.00,15.30,14.65,15.15,15.27
2026-09-18 00:00:00+00:00,Sines,1513,24.75,0.61,24.20,26.60,24.25,24.47,25.13,19.49,0.08,19.13,19.63,19.50,19.50,19.52,15.27,0.67,13.07,15.80,14.98,15.61,15.76
2026-09-19 00:00:00+00:00,Sines,1513,28.21,0.58,27.70,29.99,27.75,27.95,28.56,21.52,0.04,21.37,21.64,21.50,21.51,21.53,14.76,0.41,13.46,15.10,14.56,14.96,15.07
2026-09-20 00:00:00+00:00,Sines,1513,32.45,0.29,32.20,33.36,32.22,32.32,32.61,23.49,0.05,23.27,23.57,23.50,23.50,23.51,17.03,0.32,16.01,17.30,16.88,17.19,17.28
2026-09-21 00:00:00+00:00,Sines,1513,32.78,0.33,32.50,33.83,32.52,32.63,32.95,23.33,0.03,23.26,23.45,23.30,23.32,23.34,17.30,0.37,16.13,17.60,17.12,17.48,17.57
2026-09-22 00:00:00+00:00,Sines,1513,29.09,0.55,28.60,30.80,28.64,28.82,29.44,22.49,0.05,22.28,22.59,22.50,22.50,22.51,17.21,0.45,15.79,17.60,16.99,17.43,17.56
2026-09-23 00:00:00+00:00,Sines,1513,29.40,0.55,28.90,31.05,28.95,29.15,29.79,21.83,0.04,21.73,21.99,21.80,21.82,21.85,15.13,0.33,14.09,15.40,14.97,15.28,15.38
2026-09-24 00:00:00+00:00,Sines,1513,29.15,0.75,28.50,31.50,28.56,28.80,29.60,21.32,0.13,21.20,21.68,21.21,21.26,21.42,14.64,0.31,13.66,14.90,14.49,14.78,14.88
2026-09-25 00:00:00+00:00,Sines,1513,26.91,0.56,26.40,28.59,26.45,26.66,27.29,20.88,0.08,20.80,21.14,20.81,20.85,20.92,16.22,0.47,14.67,16.60,16.02,16.46,16.57
2026-09-26 00:00:00+00:00,Sines,1513,28.91,0.83,28.20,31.55,28.26,28.50,29.34,21.38,0.09,21.30,21.61,21.31,21.35,21.45,15.58,0.50,13.98,16.00,15.33,15.83,15.97
2026-09-27 00:00:00+00:00,Sines,1513,29.66,0.16,29.50,30.12,29.52,29.59,29.77,22.32,0.03,22.26,22.42,22.30,22.32,22.33,18.01,0.24,17.24,18.20,17.89,18.13,18.18
2026-09-28 00:00:00+00:00,Sines,1513,27.42,0.38,27.10,28.61,27.13,27.24,27.63,21.46,0.06,21.26,21.50,21.45,21.49,21.50,17.51,0.36,16.35,17.80,17.34,17.69,17.78
2026-09-29 00:00:00+00:00,Sines,1513,27.73,0.39,27.40,28.97,27.43,27.53,27.95,22.62,0.14,22.50,23.04,22.51,22.55,22.70,19.27,0.29,18.29,19.50,19.16,19.42,19.49
2026-09-10 00:00:00+00:00,Arcos de Valdevez,1601,26.00,1.10,22.36,27.42,25.62,26.48,26.64,17.77,1.09,14.26,19.02,17.34,18.25,18.50,10.47,1.27,6.37,11.93,9.96,11.04,11.32
2026-09-11 00:00:00+00:00,Arcos de Valdevez,1601,30.17,1.38,25.87,31.77,29.53,30.73,31.16,21.09,0.73,18.64,22.24,20.88,21.39,21.44,12.26,0.69,9.94,12.97,12.11,12.61,12.68
2026-09-12 00:00:00+00:00,Arcos de Valdevez,1601,33.23,1.51,28.77,35.03,32.41,33.78,34.37,23.38,0.99,20.25,24.49,22.94,23.80,24.03,15.70,0.99,12.45,17.01,15.34,16.08,16.32
2026-09-13 00:00:00+00:00,Arcos de Valdevez,1601,34.59,1.29,30.85,36.14,33.86,35.02,35.59,23.41,1.04,19.96,24.81,23.08,23.90,24.04,14.52,1.39,9.88,16.35,14.11,15.17,15.33
2026-09-14 00:00:00+00:00,Arcos de Valdevez,1601,31.99,0.41,30.64,32.96,31.77,32.10,32.24,23.21,1.09,19.17,24.40,23.10,23.53,23.76,15.29,1.47,10.10,17.40,15.12,15.46,16.10
2026-09-15 00:00:00+00:00,Arcos de Valdevez,1601,27.12,0.89,25.00,28.62,26.58,27.48,27.79,19.34,0.73,16.37,20.59,19.21,19.60,19.73,12.99,1.29,7.81,15.17,13.03,13.47,13.63
2026-09-16 00:00:00+00:00,Arcos de Valdevez,1601,23.48,1.17,19.70,25.43,22.83,23.90,24.38,17.69,1.20,14.08,19.72,16.94,17.94,18.70,12.92,0.81,10.36,14.03,12.45,13.16,13.57
2026-09-17 00:00:00+00:00,Arcos de Valdevez,1601,23.08,1.14,19.49,25.14,22.42,23.43,24.00,16.87,1.07,13.57,18.25,16.22,17.10,17.76,10.50,0.66,8.56,11.71,10.14,10.73,10.99
2026-09-18 00:00:00+00:00,Arcos de Valdevez,1601,25.94,1.13,22.49,27.74,25.28,26.26,26.83,18.75,0.93,15.96,20.00,18.18,18.93,19.49,12.19,0.50,10.54,13.02,11.90,12.34,12.55
2026-09-19 00:00:00+00:00,Arcos de Valdevez,1601,29.72,1.00,26.48,31.50,29.12,30.03,30.51,21.45,0.94,18.26,22.60,21.00,21.56,22.18,13.50,1.13,8.99,14.59,13.63,13.93,14.07
2026-09-20 00:00:00+00:00,Arcos de Valdevez,1601,32.21,1.40,28.19,34.62,31.34,32.45,33.31,23.92,0.75,21.15,24.77,23.75,24.06,24.43,15.95,1.22,11.48,17.10,15.76,16.48,16.61
2026-09-21 00:00:00+00:00,Arcos de Valdevez,1601,33.29,0.87,30.57,34.57,32.77,33.50,33.97,24.51,0.75,21.65,25.29,24.48,24.75,24.95,16.65,1.73,10.40,18.20,16.35,17.44,17.60
2026-09-22 00:00:00+00:00,Arcos de Valdevez,1601,33.27,1.04,30.27,34.81,32.62,33.49,34.15,24.99,1.05,21.36,25.81,24.74,25.44,25.70,16.90,2.08,9.90,18.70,16.26,17.76,18.38
2026-09-23 00:00:00+00:00,Arcos de Valdevez,1601,32.44,0.58,30.96,34.42,31.96,32.35,32.88,23.30,1.29,18.68,24.30,23.02,23.84,24.15,15.48,2.24,8.21,18.20,14.69,16.26,16.89
2026-09-24 00:00:00+00:00,Arcos de Valdevez,1601,28.23,1.09,26.05,29.80,27.32,28.60,29.19,18.90,0.50,17.93,20.17,18.49,18.98,19.24,14.91,2.10,8.59,18.30,14.07,15.39,15.95
2026-09-25 00:00:00+00:00,Arcos de Valdevez,1601,27.05,0.59,25.03,27.86,26.91,27.28,27.40,17.94,0.89,14.95,19.30,17.67,18.32,18.42,10.12,2.16,3.11,12.85,9.26,11.12,11.52
2026-09-26 00:00:00+00:00,Arcos de Valdevez,1601,28.48,0.89,25.84,29.82,28.06,28.76,29.04,20.04,0.65,17.84,20.97,19.87,20.32,20.41,13.53,0.76,10.95,15.01,13.41,13.68,13.86
2026-09-27 00:00:00+00:00,Arcos de Valdevez,1601,25.18,1.35,21.45,26.96,24.45,25.52,26.22,18.61,1.07,15.44,20.05,18.09,18.98,19.33,13.42,1.39,9.36,15.25,12.74,13.87,14.38
2026-09-28 00:00:00+00:00,Arcos de Valdevez,1601,21.62,0.82,19.60,23.80,21.22,21.82,22.16,17.73,0.80,15.36,18.83,17.24,17.90,18.39,13.91,1.06,10.56,15.35,13.32,14.00,14.79
2026-09-29 00:00:00+00:00,Arcos de Valdevez,1601,22.48,1.01,19.38,24.12,21.87,22.84,23.27,18.81,0.88,16.36,20.35,18.23,19.02,19.54,12.96,0.57,11.64,14.48,12.64,13.11,13.35
2026-09-10 00:00:00+00:00,Caminha,1602,25.78,0.52,24.26,26.46,25.43,25.94,26.22,18.15,0.09,17.92,18.45,18.10,18.13,18.18,11.35,0.23,10.88,11.88,11.17,11.36,11.52
2026-09-11 00:00:00+00:00,Caminha,1602,30.18,0.62,28.38,30.94,29.77,30.35,30.71,21.14,0.07,20.93,21.30,21.10,21.15,21.17,12.99,0.25,12.61,13.68,12.78,12.92,13.16
2026-09-12 00:00:00+00:00,Caminha,1602,33.97,0.32,33.05,34.58,33.76,34.04,34.21,23.68,0.19,23.22,24.10,23.56,23.71,23.82,16.16,0.62,14.88,17.59,15.67,16.15,16.57
2026-09-13 00:00:00+00:00,Caminha,1602,35.36,0.49,33.99,36.07,35.01,35.49,35.77,23.86,0.17,23.47,24.20,23.72,23.87,23.98,15.65,0.61,14.57,17.27,15.19,15.53,16.08
2026-09-14 00:00:00+00:00,Caminha,1602,31.21,0.52,29.69,31.97,30.89,31.36,31.64,22.45,0.13,22.16,22.84,22.37,22.42,22.51,15.37,0.33,14.57,16.22,15.15,15.35,15.60
2026-09-15 00:00:00+00:00,Caminha,1602,27.62,0.35,26.62,28.21,27.39,27.72,27.89,20.62,0.16,20.25,20.98,20.51,20.64,20.72,15.74,0.12,15.58,16.16,15.65,15.68,15.81
2026-09-16 00:00:00+00:00,Caminha,1602,26.09,0.14,25.74,26.40,26.02,26.12,26.17,20.07,0.12,19.79,20.40,19.99,20.07,20.14,14.61,0.31,14.01,15.48,14.41,14.57,14.81
2026-09-17 00:00:00+00:00,Caminha,1602,25.13,0.09,24.95,25.41,25.08,25.13,25.18,18.73,0.15,18.39,19.18,18.64,18.71,18.81,12.45,0.51,11.24,13.82,12.14,12.35,12.75
2026-09-18 00:00:00+00:00,Caminha,1602,26.95,0.52,25.54,27.89,26.59,27.09,27.35,19.44,0.10,19.18,19.69,19.38,19.44,19.50,12.75,0.21,12.30,13.36,12.63,12.71,12.87
2026-09-19 00:00:00+00:00,Caminha,1602,31.22,0.31,30.46,31.92,30.99,31.27,31.43,21.32,0.16,20.87,21.61,21.23,21.35,21.44,13.92,0.49,12.83,15.10,13.57,13.89,14.26
2026-09-20 00:00:00+00:00,Caminha,1602,34.30,0.16,33.94,34.71,34.20,34.32,34.39,23.70,0.23,23.14,24.21,23.54,23.71,23.87,15.31,0.49,14.18,16.49,14.98,15.26,15.66
2026-09-21 00:00:00+00:00,Caminha,1602,34.33,0.17,33.90,34.69,34.22,34.37,34.44,23.94,0.17,23.45,24.23,23.84,23.97,24.05,16.69,0.47,15.77,17.95,16.36,16.60,17.01
2026-09-22 00:00:00+00:00,Caminha,1602,33.92,0.58,32.32,34.94,33.53,34.07,34.37,23.42,0.21,22.91,24.00,23.30,23.38,23.53,15.46,0.19,14.82,15.73,15.35,15.54,15.62
2026-09-23 00:00:00+00:00,Caminha,1602,31.61,0.64,29.87,32.68,31.16,31.75,32.11,21.02,0.35,19.96,21.84,20.84,21.03,21.20,12.65,0.33,11.57,13.25,12.49,12.70,12.85
2026-09-24 00:00:00+00:00,Caminha,1602,24.37,0.45,22.91,25.39,24.15,24.46,24.59,17.33,0.16,16.82,17.75,17.27,17.34,17.40,12.55,0.26,11.80,13.18,12.41,12.52,12.71
2026-09-25 00:00:00+00:00,Caminha,1602,25.97,0.57,24.28,26.95,25.61,26.11,26.40,17.62,0.19,17.08,18.12,17.53,17.63,17.70,10.95,0.16,10.54,11.37,10.85,10.97,11.04
2026-09-26 00:00:00+00:00,Caminha,1602,28.10,0.39,26.98,29.09,27.89,28.16,28.28,19.73,0.19,19.18,20.20,19.62,19.75,19.81,13.54,0.14,13.24,13.87,13.43,13.54,13.64
2026-09-27 00:00:00+00:00,Caminha,1602,26.43,0.36,25.45,26.99,26.18,26.52,26.72,19.23,0.13,19.01,19.68,19.15,19.19,19.29,14.64,0.24,14.09,15.07,14.46,14.66,14.83
2026-09-28 00:00:00+00:00,Caminha,1602,23.79,0.28,23.32,24.55,23.57,23.70,23.98,18.96,0.07,18.80,19.15,18.92,18.94,18.99,15.15,0.04,15.06,15.25,15.11,15.15,15.19
2026-09-29 00:00:00+00:00,Caminha,1602,24.34,0.08,24.12,24.46,24.29,24.36,24.40,20.54,0.07,20.36,20.75,20.50,20.55,20.58,15.04,0.10,14.77,15.26,14.98,15.06,15.09
2026-09-10 00:00:00+00:00,Melgaço,1603,23.52,1.51,22.30,28.58,22.47,22.79,23.98,15.34,1.42,14.20,20.09,14.36,14.66,15.79,7.63,1.66,6.30,13.16,6.48,6.83,8.14
2026-09-11 00:00:00+00:00,Melgaço,1603,27.19,1.75,25.80,33.04,25.99,26.34,27.71,19.47,1.09,18.60,23.14,18.72,18.94,19.79,10.57,0.79,9.90,13.19,10.00,10.21,10.88
2026-09-12 00:00:00+00:00,Melgaço,1603,30.07,1.73,28.70,35.85,28.89,29.22,30.59,21.22,1.28,20.20,25.51,20.34,20.59,21.59,13.51,1.40,12.40,18.19,12.55,12.83,13.91
2026-09-13 00:00:00+00:00,Melgaço,1603,31.87,1.33,30.80,36.31,30.95,31.22,32.30,21.07,1.47,19.90,25.98,20.06,20.36,21.51,11.37,1.96,9.80,17.91,10.02,10.43,11.98
2026-09-14 00:00:00+00:00,Melgaço,1603,31.38,0.96,30.60,34.63,30.71,30.92,31.69,20.29,1.36,19.10,24.69,19.30,19.68,20.86,11.59,1.82,10.00,17.52,10.26,10.78,12.37
2026-09-15 00:00:00+00:00,Melgaço,1603,26.43,1.39,25.30,31.15,25.47,25.78,26.88,17.42,1.30,16.30,21.69,16.48,16.83,17.95,9.45,2.01,7.70,15.99,7.99,8.55,10.31
2026-09-16 00:00:00+00:00,Melgaço,1603,21.33,2.07,19.60,28.25,19.86,20.35,22.11,15.38,1.62,14.00,20.74,14.22,14.62,16.03,11.40,1.31,10.30,15.78,10.47,10.78,11.91
2026-09-17 00:00:00+00:00,Melgaço,1603,20.96,1.86,19.40,27.19,19.64,20.08,21.68,14.79,1.52,13.50,19.85,13.70,14.07,15.41,9.54,1.28,8.50,13.88,8.65,8.92,9.96
2026-09-18 00:00:00+00:00,Melgaço,1603,24.04,1.99,22.40,30.76,22.64,23.08,24.75,17.06,1.40,15.90,21.76,16.07,16.39,17.59,11.31,1.00,10.50,14.72,10.62,10.82,11.65
2026-09-19 00:00:00+00:00,Melgaço,1603,27.85,1.75,26.40,33.70,26.62,27.02,28.51,19.25,1.23,18.20,23.30,18.36,18.67,19.76,10.40,1.74,8.90,16.12,9.14,9.60,11.14
2026-09-20 00:00:00+00:00,Melgaço,1603,29.76,1.98,28.10,36.37,28.35,28.82,30.52,21.99,1.04,21.10,25.43,21.24,21.50,22.43,12.67,1.45,11.40,17.38,11.61,12.01,13.28
2026-09-21 00:00:00+00:00,Melgaço,1603,31.67,1.40,30.50,36.36,30.68,31.01,32.20,22.48,1.02,21.60,25.84,21.74,22.01,22.91,11.99,1.91,10.30,18.12,10.58,11.14,12.81
2026-09-22 00:00:00+00:00,Melgaço,1603,31.40,1.41,30.20,36.07,30.39,30.75,31.97,22.14,0.91,21.30,24.98,21.45,21.75,22.63,11.36,1.68,9.80,16.58,10.08,10.63,12.28
2026-09-23 00:00:00+00:00,Melgaço,1603,32.09,1.50,30.90,37.22,31.07,31.38,32.51,19.83,1.37,18.60,24.20,18.81,19.25,20.45,9.66,1.67,8.10,14.79,8.39,8.94,10.56
2026-09-24 00:00:00+00:00,Melgaço,1603,29.26,0.36,29.00,30.53,29.03,29.08,29.33,18.49,0.74,17.90,20.98,17.98,18.14,18.68,9.82,1.43,8.50,14.22,8.74,9.20,10.58
2026-09-25 00:00:00+00:00,Melgaço,1603,25.69,0.86,25.00,28.57,25.10,25.28,25.97,15.96,1.33,14.90,20.40,15.05,15.32,16.34,5.35,2.93,3.00,15.17,3.32,3.93,6.21
2026-09-26 00:00:00+00:00,Melgaço,1603,26.55,0.91,25.80,29.57,25.91,26.12,26.89,18.57,0.95,17.80,21.76,17.91,18.11,18.86,11.90,1.25,10.90,16.11,11.04,11.29,12.25
2026-09-27 00:00:00+00:00,Melgaço,1603,22.31,1.08,21.40,25.85,21.53,21.81,22.72,16.27,1.05,15.40,19.75,15.52,15.77,16.66,10.38,1.31,9.30,14.72,9.46,9.77,10.88
2026-09-28 00:00:00+00:00,Melgaço,1603,21.52,1.54,20.30,26.81,20.47,20.77,21.92,16.27,1.15,15.30,20.11,15.45,15.72,16.72,11.56,1.21,10.50,15.51,10.67,11.01,12.08
2026-09-29 00:00:00+00:00,Melgaço,1603,20.82,1.83,19.30,26.98,19.53,19.96,21.50,17.33,1.22,16.30,21.40,16.46,16.75,17.80,12.35,0.89,11.60,15.35,11.72,11.95,12.69
2026-09-10 00:00:00+00:00,Monção,1604,27.96,0.68,25.09,28.80,27.56,28.05,28.51,19.51,0.64,16.82,20.30,19.12,19.59,20.03,12.48,0.75,9.35,13.40,12.03,12.58,13.09
2026-09-11 00:00:00+00:00,Monção,1604,32.37,0.76,29.01,33.30,31.93,32.48,32.98,22.62,0.54,20.59,23.30,22.29,22.70,23.08,12.95,0.31,11.42,13.30,12.81,13.00,13.18
2026-09-12 00:00:00+00:00,Monção,1604,35.24,0.73,31.87,36.10,34.86,35.32,35.80,24.92,0.63,22.54,25.70,24.54,25.00,25.44,17.43,0.78,14.94,18.40,16.91,17.55,18.10
2026-09-13 00:00:00+00:00,Monção,1604,35.98,0.53,33.28,36.50,35.89,36.06,36.30,25.31,0.71,22.59,26.20,24.89,25.42,25.91,17.02,0.95,13.39,18.20,16.45,17.15,17.81
2026-09-14 00:00:00+00:00,Monção,1604,33.58,0.92,31.61,34.80,32.84,33.66,34.44,24.18,0.53,21.90,24.90,23.93,24.15,24.59,16.87,0.71,13.75,17.80,16.55,16.86,17.39
2026-09-15 00:00:00+00:00,Monção,1604,29.48,1.50,25.85,31.40,28.46,29.66,30.84,20.88,0.74,18.85,21.90,20.32,20.93,21.56,15.07,0.93,11.75,16.30,14.42,15.18,15.84
2026-09-16 00:00:00+00:00,Monção,1604,26.42,1.65,22.51,28.60,25.29,26.60,27.92,19.50,1.16,16.66,21.00,18.68,19.65,20.53,14.63,1.03,12.21,16.00,13.93,14.75,15.57
2026-09-17 00:00:00+00:00,Monção,1604,25.57,1.46,22.11,27.50,24.57,25.74,26.90,18.66,1.10,15.98,20.10,17.87,18.81,19.64,12.69,1.09,9.94,14.10,11.92,12.84,13.66
2026-09-18 00:00:00+00:00,Monção,1604,28.85,1.70,24.92,31.10,27.71,29.04,30.42,20.49,1.13,17.91,22.00,19.70,20.62,21.54,13.69,0.89,11.76,14.90,13.02,13.78,14.54
2026-09-19 00:00:00+00:00,Monção,1604,32.17,1.38,28.92,34.00,31.20,32.33,33.43,22.42,0.77,20.61,23.50,21.80,22.47,23.15,15.14,0.88,12.38,16.40,14.44,15.10,15.95
2026-09-20 00:00:00+00:00,Monção,1604,34.66,1.55,30.92,36.70,33.61,34.85,36.06,24.74,0.60,23.16,25.60,24.24,24.76,25.31,16.80,0.59,14.39,17.60,16.51,16.80,17.27
2026-09-21 00:00:00+00:00,Monção,1604,35.12,1.11,32.54,36.60,34.36,35.25,36.14,25.25,0.52,23.66,26.00,24.84,25.24,25.73,17.62,0.68,14.30,18.40,17.42,17.69,18.04
2026-09-22 00:00:00+00:00,Monção,1604,34.90,1.08,32.26,36.30,34.20,35.06,35.86,24.88,0.33,23.30,25.51,24.78,24.98,25.06,16.63,0.68,13.54,18.13,16.51,16.71,16.80
2026-09-23 00:00:00+00:00,Monção,1604,35.45,1.52,32.23,37.50,34.21,35.59,36.88,23.75,0.52,21.48,24.40,23.51,23.82,24.12,14.96,0.82,11.85,17.25,14.70,14.94,15.15
2026-09-24 00:00:00+00:00,Monção,1604,29.65,1.02,26.31,30.60,29.26,30.02,30.43,20.33,0.68,18.32,21.10,19.96,20.50,20.90,14.58,0.89,11.72,17.24,14.27,14.39,14.85
2026-09-25 00:00:00+00:00,Monção,1604,28.12,0.47,26.58,28.70,27.80,28.19,28.52,19.73,0.69,17.32,20.60,19.29,19.84,20.33,13.88,1.38,8.38,15.60,13.05,14.10,15.02
2026-09-26 00:00:00+00:00,Monção,1604,29.21,0.40,27.51,29.70,28.99,29.26,29.54,21.28,0.49,19.54,21.90,20.97,21.36,21.71,15.43,0.69,13.17,16.30,14.96,15.54,16.03
2026-09-27 00:00:00+00:00,Monção,1604,25.79,0.47,23.50,26.55,25.74,25.92,25.99,19.44,0.42,17.39,19.90,19.27,19.50,19.74,14.37,0.51,11.79,14.90,14.21,14.45,14.71
2026-09-28 00:00:00+00:00,Monção,1604,24.88,1.74,20.60,27.10,23.73,25.12,26.45,19.13,0.89,16.99,20.30,18.53,19.23,19.93,14.80,0.68,12.95,15.70,14.31,14.87,15.40
2026-09-29 00:00:00+00:00,Monção,1604,25.20,1.59,21.48,27.30,24.12,25.37,26.67,20.34,0.97,17.91,21.60,19.71,20.51,21.21,14.47,0.82,12.32,15.50,13.95,14.59,15.19
2026-09-10 00:00:00+00:00,Ponte da Barca,1606,26.50,0.31,25.55,26.88,26.37,26.65,26.72,18.29,0.35,17.30,18.69,18.10,18.42,18.57,11.08,0.40,9.91,11.50,10.86,11.24,11.39
2026-09-11 00:00:00+00:00,Ponte da Barca,1606,30.58,0.64,29.13,31.47,30.08,30.67,31.18,21.41,0.17,20.84,21.72,21.37,21.45,21.51,13.14,0.38,12.60,14.26,12.82,13.05,13.35
2026-09-12 00:00:00+00:00,Ponte da Barca,1606,33.58,0.89,31.84,34.97,32.83,33.55,34.40,23.83,0.40,22.83,24.43,23.57,23.90,24.15,16.20,0.31,15.33,16.76,16.04,16.23,16.40
2026-09-13 00:00:00+00:00,Ponte da Barca,1606,35.01,0.70,33.56,36.09,34.43,35.04,35.65,23.93,0.28,23.03,24.27,23.81,24.06,24.11,15.30,0.34,14.21,16.18,15.24,15.34,15.41
2026-09-14 00:00:00+00:00,Ponte da Barca,1606,32.60,0.17,32.14,32.87,32.49,32.64,32.73,23.70,0.27,22.98,24.33,23.51,23.70,23.89,15.55,0.26,14.96,16.09,15.33,15.58,15.76
2026-09-15 00:00:00+00:00,Ponte da Barca,1606,28.41,0.27,27.83,28.93,28.21,28.41,28.63,20.09,0.17,19.59,20.40,19.97,20.12,20.22,13.86,0.27,13.00,14.59,13.77,13.90,13.97
2026-09-16 00:00:00+00:00,Ponte da Barca,1606,25.16,0.49,24.01,26.19,24.79,25.18,25.54,19.27,0.46,18.04,20.03,19.03,19.34,19.63,14.10,0.32,13.37,14.76,13.84,14.08,14.34
2026-09-17 00:00:00+00:00,Ponte da Barca,1606,24.63,0.45,23.47,25.46,24.28,24.65,25.00,18.21,0.37,17.16,18.88,18.01,18.26,18.47,11.13,0.19,10.64,11.48,11.02,11.15,11.27
2026-09-18 00:00:00+00:00,Ponte da Barca,1606,27.00,0.32,26.07,27.45,26.80,27.12,27.24,19.72,0.31,18.85,20.25,19.55,19.83,19.93,12.63,0.14,12.20,12.80,12.55,12.70,12.74
2026-09-19 00:00:00+00:00,Ponte da Barca,1606,30.82,0.24,30.06,31.23,30.73,30.85,31.00,22.58,0.39,21.55,23.61,22.38,22.57,22.82,14.80,0.63,13.69,16.69,14.33,14.70,15.19
2026-09-20 00:00:00+00:00,Ponte da Barca,1606,33.55,0.47,32.28,34.24,33.24,33.74,33.93,24.77,0.34,23.91,25.72,24.60,24.73,24.97,16.86,0.51,15.84,18.37,16.49,16.81,17.18
2026-09-21 00:00:00+00:00,Ponte da Barca,1606,34.21,0.20,33.55,34.49,34.13,34.27,34.33,25.33,0.38,24.54,26.47,25.06,25.27,25.57,17.80,0.62,16.29,19.61,17.41,17.71,18.15
2026-09-22 00:00:00+00:00,Ponte da Barca,1606,34.55,0.24,33.79,34.94,34.47,34.60,34.73,25.74,0.33,24.91,26.55,25.54,25.76,25.97,17.83,0.53,16.31,19.00,17.47,17.96,18.21
2026-09-23 00:00:00+00:00,Ponte da Barca,1606,33.22,0.51,32.00,33.93,32.91,33.35,33.62,23.98,0.31,23.16,24.60,23.78,24.07,24.17,16.12,0.43,14.93,16.92,15.86,16.25,16.42
2026-09-24 00:00:00+00:00,Ponte da Barca,1606,28.58,1.29,26.20,30.59,27.43,28.92,29.67,19.31,0.73,18.08,20.75,18.66,19.43,19.85,15.03,0.51,13.66,16.17,14.65,15.17,15.38
2026-09-25 00:00:00+00:00,Ponte da Barca,1606,27.48,0.16,26.96,27.76,27.43,27.53,27.60,18.34,0.24,17.59,18.62,18.23,18.44,18.51,10.96,0.78,8.92,11.87,10.44,11.14,11.66
2026-09-26 00:00:00+00:00,Ponte da Barca,1606,29.19,0.41,28.19,29.80,28.91,29.25,29.51,20.45,0.17,19.94,20.93,20.39,20.45,20.51,13.79,0.23,13.42,14.56,13.63,13.71,13.89
2026-09-27 00:00:00+00:00,Ponte da Barca,1606,26.10,0.58,24.69,26.92,25.71,26.19,26.59,19.39,0.44,18.27,20.03,19.10,19.48,19.75,14.47,0.56,13.02,15.23,14.11,14.59,14.92
2026-09-28 00:00:00+00:00,Ponte da Barca,1606,22.47,0.21,21.86,22.92,22.38,22.51,22.61,18.68,0.26,17.94,19.07,18.53,18.74,18.88,14.94,0.34,13.95,15.30,14.73,15.09,15.22
2026-09-29 00:00:00+00:00,Ponte da Barca,1606,23.67,0.20,23.07,24.10,23.55,23.70,23.80,19.90,0.30,19.07,20.35,19.74,19.96,20.14,13.98,0.29,13.18,14.47,13.82,14.02,14.19
2026-09-10 00:00:00+00:00,Valença,1608,26.72,0.16,26.60,27.25,26.60,26.64,26.77,18.16,0.19,18.00,18.77,18.02,18.08,18.25,10.90,0.23,10.70,11.63,10.72,10.80,11.01
2026-09-11 00:00:00+00:00,Valença,1608,31.20,0.14,31.09,31.68,31.10,31.13,31.24,21.26,0.20,21.10,21.87,21.11,21.17,21.35,12.56,0.06,12.50,12.75,12.51,12.53,12.59
2026-09-12 00:00:00+00:00,Valença,1608,34.37,0.10,34.30,34.73,34.30,34.32,34.40,23.23,0.26,23.00,24.03,23.03,23.12,23.36,14.80,0.44,14.40,16.07,14.46,14.62,15.01
2026-09-13 00:00:00+00:00,Valença,1608,36.21,0.08,36.04,36.30,36.14,36.24,36.28,23.53,0.27,23.30,24.36,23.33,23.42,23.65,14.54,0.39,14.20,15.70,14.24,14.38,14.72
2026-09-14 00:00:00+00:00,Valença,1608,32.07,0.15,31.80,32.64,32.00,32.01,32.11,22.34,0.55,21.70,23.64,21.85,22.19,22.73,14.67,0.66,13.90,16.32,14.08,14.49,15.15
2026-09-15 00:00:00+00:00,Valença,1608,28.21,0.40,26.60,28.60,28.08,28.35,28.49,20.91,0.34,19.82,21.30,20.70,20.97,21.19,15.95,0.63,14.15,16.70,15.50,16.07,16.51
2026-09-16 00:00:00+00:00,Valença,1608,26.10,0.72,23.59,26.90,25.72,26.27,26.68,19.77,0.65,17.61,20.50,19.38,19.92,20.31,14.20,0.37,12.83,14.60,14.02,14.29,14.49
2026-09-17 00:00:00+00:00,Valença,1608,25.16,0.59,23.05,25.80,24.87,25.30,25.63,18.96,0.64,16.87,19.70,18.54,19.09,19.50,13.82,0.98,11.01,15.00,13.13,14.01,14.69
2026-09-18 00:00:00+00:00,Valença,1608,27.90,0.56,25.83,28.50,27.64,28.02,28.33,19.62,0.29,18.46,19.90,19.52,19.72,19.82,12.54,0.13,12.02,12.93,12.51,12.57,12.60
2026-09-19 00:00:00+00:00,Valença,1608,31.84,0.59,29.80,32.50,31.54,31.98,32.32,20.80,0.27,20.50,21.55,20.57,20.72,20.98,12.74,0.55,12.10,13.94,12.24,12.58,13.15
2026-09-20 00:00:00+00:00,Valença,1608,34.43,0.69,32.00,35.20,34.05,34.61,35.00,23.10,0.35,22.70,23.90,22.79,23.00,23.36,14.23,0.79,13.30,16.11,13.52,14.03,14.81
2026-09-21 00:00:00+00:00,Valença,1608,34.59,0.38,33.17,35.00,34.41,34.68,34.89,23.51,0.43,23.00,24.42,23.12,23.38,23.83,15.80,0.60,15.10,17.31,15.27,15.64,16.24
2026-09-22 00:00:00+00:00,Valença,1608,34.96,0.56,33.08,35.60,34.63,35.08,35.43,23.33,0.62,22.60,24.91,22.78,23.18,23.80,14.96,0.82,14.00,17.25,14.24,14.79,15.58
2026-09-23 00:00:00+00:00,Valença,1608,33.11,0.21,32.53,33.92,33.03,33.09,33.14,21.25,0.81,20.30,23.23,20.53,21.04,21.86,11.87,1.42,10.20,15.74,10.62,11.56,12.93
2026-09-24 00:00:00+00:00,Valença,1608,24.80,0.79,24.10,27.10,24.18,24.47,25.19,17.49,0.45,17.10,18.82,17.14,17.30,17.71,12.17,1.26,10.70,15.78,11.07,11.89,13.07
2026-09-25 00:00:00+00:00,Valença,1608,26.68,0.22,26.50,27.34,26.52,26.59,26.78,17.76,0.30,17.50,18.67,17.53,17.63,17.89,10.70,0.47,10.30,12.16,10.34,10.49,10.91
2026-09-26 00:00:00+00:00,Valença,1608,28.25,0.16,28.10,28.72,28.12,28.18,28.32,19.88,0.21,19.70,20.53,19.72,19.79,19.98,13.36,0.31,13.10,14.31,13.13,13.23,13.50
2026-09-27 00:00:00+00:00,Valença,1608,27.00,0.22,26.40,27.20,26.88,27.08,27.17,18.97,0.08,18.90,19.20,18.91,18.94,19.01,13.97,0.07,13.90,14.18,13.91,13.95,14.01
2026-09-28 00:00:00+00:00,Valença,1608,24.40,0.79,21.72,25.30,23.98,24.58,25.05,18.97,0.39,17.60,19.40,18.76,19.06,19.28,14.86,0.31,13.79,15.20,14.68,14.94,15.12
2026-09-29 00:00:00+00:00,Valença,1608,24.19,0.49,22.33,24.70,24.00,24.34,24.56,20.49,0.54,18.70,21.10,20.17,20.61,20.94,14.93,0.58,13.10,15.60,14.53,15.05,15.43
2026-09-10 00:00:00+00:00,Viana do Castelo,1609,23.84,1.18,22.40,26.22,22.73,23.61,24.80,17.87,0.30,17.50,18.51,17.59,17.81,18.11,12.02,0.24,11.44,12.30,11.83,12.07,12.25
2026-09-11 00:00:00+00:00,Viana do Castelo,1609,27.93,1.43,26.20,30.81,26.58,27.63,29.08,20.87,0.22,20.60,21.30,20.67,20.83,21.05,13.83,0.48,12.82,14.40,13.45,13.94,14.29
2026-09-12 00:00:00+00:00,Viana do Castelo,1609,32.87,0.82,31.90,34.55,32.11,32.69,33.50,23.95,0.14,23.80,24.35,23.83,23.89,24.04,18.05,0.68,16.45,18.90,17.48,18.14,18.70
2026-09-13 00:00:00+00:00,Viana do Castelo,1609,33.68,0.99,32.50,35.73,32.75,33.47,34.47,24.29,0.11,23.96,24.40,24.21,24.31,24.38,17.69,1.00,15.59,18.90,16.88,17.87,18.64
2026-09-14 00:00:00+00:00,Viana do Castelo,1609,29.14,1.53,26.94,31.81,27.69,29.15,30.52,22.12,0.39,21.46,22.90,21.74,22.10,22.48,16.57,0.73,15.35,17.70,15.93,16.55,17.27
2026-09-15 00:00:00+00:00,Viana do Castelo,1609,26.41,0.88,24.90,28.00,25.56,26.31,27.20,20.16,0.29,19.69,20.76,19.89,20.14,20.38,15.71,0.10,15.26,15.87,15.66,15.73,15.79
2026-09-16 00:00:00+00:00,Viana do Castelo,1609,26.50,0.32,25.86,27.00,26.22,26.48,26.79,20.58,0.29,19.97,21.00,20.32,20.58,20.85,15.75,0.85,14.12,16.90,15.04,15.83,16.55
2026-09-17 00:00:00+00:00,Viana do Castelo,1609,25.03,0.18,24.60,25.52,24.89,24.97,25.17,18.78,0.17,18.40,19.00,18.65,18.80,18.93,12.21,0.58,10.80,12.92,11.76,12.35,12.73
2026-09-18 00:00:00+00:00,Viana do Castelo,1609,25.21,1.16,23.46,27.35,24.12,25.13,26.20,19.12,0.23,18.71,19.58,18.90,19.12,19.33,13.54,0.64,12.30,14.40,13.00,13.60,14.14
2026-09-19 00:00:00+00:00,Viana do Castelo,1609,30.44,0.48,29.41,31.49,30.00,30.33,30.81,21.53,0.17,21.10,22.02,21.39,21.48,21.64,15.60,0.84,14.04,16.90,14.89,15.57,16.39
2026-09-20 00:00:00+00:00,Viana do Castelo,1609,33.94,0.30,33.48,34.70,33.67,33.89,34.14,24.42,0.30,23.76,24.90,24.21,24.43,24.67,16.88,0.83,15.27,18.10,16.22,16.88,17.66
2026-09-21 00:00:00+00:00,Viana do Castelo,1609,33.80,0.36,33.26,34.50,33.45,33.78,34.11,24.33,0.12,24.04,24.55,24.25,24.35,24.41,18.40,1.07,16.46,20.00,17.51,18.41,19.40
2026-09-22 00:00:00+00:00,Viana do Castelo,1609,31.90,1.37,29.73,34.34,30.59,31.82,33.10,22.74,0.71,21.53,24.20,22.05,22.70,23.37,15.62,0.19,15.38,16.42,15.48,15.61,15.66
2026-09-23 00:00:00+00:00,Viana do Castelo,1609,29.42,1.31,27.20,31.85,28.17,29.30,30.54,19.48,1.31,17.60,21.88,18.23,19.50,20.68,12.38,0.69,11.30,14.09,11.73,12.43,12.96
2026-09-24 00:00:00+00:00,Viana do Castelo,1609,22.41,1.53,20.50,25.36,20.97,22.15,23.68,16.62,0.58,15.90,17.75,16.08,16.52,17.11,12.03,0.67,11.00,13.33,11.39,12.07,12.62
2026-09-25 00:00:00+00:00,Viana do Castelo,1609,23.88,1.48,22.10,26.83,22.49,23.57,25.05,16.94,0.61,16.20,18.18,16.38,16.83,17.44,10.97,0.29,10.60,11.62,10.70,10.91,11.20
2026-09-26 00:00:00+00:00,Viana do Castelo,1609,26.72,1.18,25.30,29.16,25.62,26.47,27.65,19.06,0.56,18.40,20.21,18.54,18.94,19.49,13.98,0.17,13.60,14.20,13.82,13.99,14.14
2026-09-27 00:00:00+00:00,Viana do Castelo,1609,25.23,0.70,24.40,26.67,24.58,25.08,25.79,19.09,0.33,18.70,19.85,18.79,19.01,19.36,15.22,0.09,14.83,15.30,15.18,15.26,15.29
2026-09-28 00:00:00+00:00,Viana do Castelo,1609,23.20,0.32,22.50,23.86,22.97,23.34,23.42,18.90,0.11,18.70,19.25,18.83,18.91,18.95,15.23,0.13,15.00,15.58,15.15,15.24,15.32
2026-09-29 00:00:00+00:00,Viana do Castelo,1609,24.35,0.17,24.00,24.88,24.25,24.38,24.45,20.54,0.07,20.40,20.81,20.50,20.55,20.58,15.35,0.21,14.84,15.73,15.17,15.37,15.56
2026-09-10 00:00:00+00:00,Vila Nova de Cerveira,1610,26.54,0.07,26.37,26.60,26.49,26.57,26.59,18.07,0.08,18.00,18.35,18.01,18.05,18.10,10.83,0.13,10.70,11.23,10.72,10.78,10.90
2026-09-11 00:00:00+00:00,Vila Nova de Cerveira,1610,31.04,0.06,30.85,31.10,31.00,31.06,31.09,21.14,0.04,21.10,21.26,21.11,21.13,21.15,12.56,0.06,12.50,12.71,12.51,12.54,12.60
2026-09-12 00:00:00+00:00,Vila Nova de Cerveira,1610,34.31,0.04,34.24,34.50,34.29,34.30,34.31,23.18,0.20,23.00,23.83,23.03,23.11,23.26,14.76,0.38,14.40,15.96,14.46,14.62,14.95
2026-09-13 00:00:00+00:00,Vila Nova de Cerveira,1610,36.18,0.11,35.91,36.30,36.10,36.21,36.28,23.43,0.13,23.30,23.82,23.32,23.38,23.49,14.44,0.25,14.20,15.15,14.24,14.35,14.59
2026-09-14 00:00:00+00:00,Vila Nova de Cerveira,1610,31.95,0.06,31.76,32.00,31.94,31.98,31.99,22.09,0.32,21.70,22.87,21.80,22.04,22.31,14.40,0.40,13.90,15.30,14.02,14.33,14.71
2026-09-15 00:00:00+00:00,Vila Nova de Cerveira,1610,28.33,0.20,27.95,28.60,28.15,28.34,28.52,21.05,0.19,20.66,21.30,20.90,21.06,21.23,16.25,0.35,15.46,16.70,15.98,16.28,16.57
2026-09-16 00:00:00+00:00,Vila Nova de Cerveira,1610,26.44,0.36,25.55,26.90,26.18,26.49,26.76,20.16,0.26,19.56,20.50,19.98,20.18,20.39,14.39,0.18,13.88,14.60,14.29,14.44,14.54
2026-09-17 00:00:00+00:00,Vila Nova de Cerveira,1610,25.47,0.24,24.94,25.80,25.28,25.49,25.69,19.24,0.37,18.35,19.70,18.99,19.29,19.57,14.00,0.87,11.69,15.00,13.41,14.18,14.76
2026-09-18 00:00:00+00:00,Vila Nova de Cerveira,1610,28.05,0.35,27.32,28.50,27.75,28.10,28.38,19.71,0.15,19.36,19.90,19.61,19.74,19.85,12.54,0.07,12.31,12.62,12.52,12.58,12.59
2026-09-19 00:00:00+00:00,Vila Nova de Cerveira,1610,32.05,0.35,31.29,32.50,31.77,32.10,32.38,20.78,0.25,20.50,21.43,20.56,20.71,20.93,12.62,0.44,12.10,13.67,12.22,12.53,12.92
2026-09-20 00:00:00+00:00,Vila Nova de Cerveira,1610,34.79,0.31,34.13,35.20,34.56,34.82,35.07,23.01,0.26,22.70,23.61,22.77,22.97,23.20,13.94,0.52,13.30,15.10,13.46,13.86,14.34
2026-09-21 00:00:00+00:00,Vila Nova de Cerveira,1610,34.74,0.20,34.32,35.00,34.59,34.77,34.92,23.34,0.28,23.00,23.97,23.09,23.29,23.54,15.57,0.38,15.10,16.36,15.22,15.52,15.88
2026-09-22 00:00:00+00:00,Vila Nova de Cerveira,1610,35.16,0.34,34.52,35.60,34.86,35.19,35.48,23.08,0.40,22.60,24.05,22.72,23.02,23.34,14.65,0.52,14.00,15.83,14.17,14.56,15.07
2026-09-23 00:00:00+00:00,Vila Nova de Cerveira,1610,32.85,0.22,32.37,33.10,32.68,32.91,33.06,20.85,0.45,20.30,21.97,20.45,20.79,21.13,11.30,0.89,10.20,13.39,10.49,11.16,11.99
2026-09-24 00:00:00+00:00,Vila Nova de Cerveira,1610,24.37,0.26,24.10,25.22,24.16,24.30,24.47,17.24,0.13,17.10,17.66,17.13,17.20,17.30,11.61,0.73,10.70,13.36,10.95,11.52,12.16
2026-09-25 00:00:00+00:00,Vila Nova de Cerveira,1610,26.55,0.08,26.46,26.89,26.50,26.51,26.55,17.60,0.11,17.50,18.00,17.52,17.57,17.64,10.49,0.20,10.30,11.13,10.33,10.42,10.57
2026-09-26 00:00:00+00:00,Vila Nova de Cerveira,1610,28.23,0.16,28.10,28.87,28.12,28.17,28.26,19.78,0.09,19.70,20.10,19.71,19.75,19.80,13.20,0.10,13.10,13.50,13.12,13.17,13.26
2026-09-27 00:00:00+00:00,Vila Nova de Cerveira,1610,27.08,0.11,26.82,27.20,27.00,27.11,27.18,19.01,0.13,18.90,19.49,18.91,18.96,19.05,14.06,0.18,13.90,14.68,13.92,13.99,14.13
2026-09-28 00:00:00+00:00,Vila Nova de Cerveira,1610,24.63,0.55,23.26,25.30,24.26,24.72,25.13,19.16,0.19,18.71,19.40,19.03,19.19,19.33,15.09,0.08,14.86,15.20,15.04,15.10,15.16
2026-09-29 00:00:00+00:00,Vila Nova de Cerveira,1610,24.43,0.21,23.94,24.70,24.29,24.46,24.62,20.78,0.25,20.21,21.10,20.60,20.82,21.00,15.24,0.28,14.59,15.60,15.04,15.28,15.49
2026-09-10 00:00:00+00:00,Alijó,1701,28.28,1.27,26.19,31.58,27.54,27.85,28.79,19.24,1.05,17.13,21.79,18.66,19.06,19.72,11.10,0.87,9.32,13.09,10.51,11.05,11.55
2026-09-11 00:00:00+00:00,Alijó,1701,32.09,1.15,30.26,35.09,31.37,31.68,32.59,21.99,1.08,19.57,24.29,21.32,22.05,22.56,13.23,1.11,10.61,15.19,12.48,13.45,14.01
2026-09-12 00:00:00+00:00,Alijó,1701,33.29,1.29,31.03,36.58,32.59,32.91,33.86,23.18,0.92,21.05,24.99,22.58,23.30,23.75,14.83,0.87,12.74,16.07,14.20,15.04,15.58
2026-09-13 00:00:00+00:00,Alijó,1701,35.09,1.24,32.94,38.29,34.39,34.69,35.61,23.63,0.86,21.55,25.00,23.02,23.81,24.30,14.36,0.99,12.21,16.36,13.64,14.53,15.02
2026-09-14 00:00:00+00:00,Alijó,1701,36.26,1.10,34.62,39.19,35.57,35.84,36.75,24.28,0.94,22.09,26.09,23.66,24.38,24.86,13.63,1.46,10.21,16.15,12.56,13.97,14.64
2026-09-15 00:00:00+00:00,Alijó,1701,32.66,0.60,31.64,34.19,32.28,32.51,32.91,22.61,0.66,21.29,24.19,22.26,22.46,22.94,12.91,1.42,9.36,14.70,11.93,13.26,14.12
2026-09-16 00:00:00+00:00,Alijó,1701,28.78,1.28,26.64,32.08,28.02,28.37,29.32,21.06,1.18,19.08,24.09,20.37,20.67,21.59,14.38,0.77,13.00,16.29,13.92,14.20,14.76
2026-09-17 00:00:00+00:00,Alijó,1701,26.69,1.27,24.59,29.98,25.94,26.28,27.24,18.87,1.23,16.78,21.99,18.16,18.51,19.44,11.76,1.05,10.11,14.29,11.01,11.52,12.33
2026-09-18 00:00:00+00:00,Alijó,1701,28.50,1.29,26.17,31.78,27.82,28.14,29.08,19.19,1.06,16.89,21.49,18.51,19.22,19.75,11.09,1.26,8.22,13.29,10.17,11.29,12.04
2026-09-19 00:00:00+00:00,Alijó,1701,31.67,1.07,30.08,34.49,31.00,31.26,32.15,21.33,0.76,19.62,22.89,20.82,21.38,21.78,12.61,0.63,11.35,14.05,12.16,12.65,13.02
2026-09-20 00:00:00+00:00,Alijó,1701,34.16,1.20,32.18,37.28,33.45,33.75,34.64,23.01,1.02,20.56,24.69,22.29,23.20,23.77,13.95,0.95,11.82,15.67,13.26,14.17,14.63
2026-09-21 00:00:00+00:00,Alijó,1701,34.86,1.35,32.26,38.18,34.12,34.57,35.48,23.60,0.73,21.84,24.70,23.08,23.75,24.21,14.16,0.86,12.33,15.97,13.52,14.28,14.72
2026-09-22 00:00:00+00:00,Alijó,1701,35.56,1.13,33.64,38.49,34.92,35.19,36.01,24.41,0.53,23.17,25.16,24.02,24.52,24.88,14.66,1.05,12.73,17.20,13.95,14.48,15.37
2026-09-23 00:00:00+00:00,Alijó,1701,35.93,1.12,33.96,38.79,35.32,35.60,36.44,23.80,1.12,21.12,25.69,23.04,24.01,24.63,13.83,1.39,10.62,16.29,12.81,14.16,14.82
2026-09-24 00:00:00+00:00,Alijó,1701,35.17,0.89,33.38,37.09,34.62,35.02,35.71,22.67,1.11,20.32,24.89,21.95,22.56,23.41,13.53,1.51,10.00,15.83,12.42,13.89,14.87
2026-09-25 00:00:00+00:00,Alijó,1701,32.30,0.63,31.14,33.70,31.90,32.13,32.70,20.37,0.90,18.44,22.20,19.82,20.27,20.97,9.98,1.56,6.52,12.89,8.92,10.03,11.05
2026-09-26 00:00:00+00:00,Alijó,1701,31.32,0.94,29.44,33.29,30.68,31.28,31.90,20.29,1.19,17.73,22.59,19.48,20.33,21.07,10.57,1.47,7.40,13.29,9.51,10.69,11.57
2026-09-27 00:00:00+00:00,Alijó,1701,29.15,0.76,27.69,30.80,28.66,29.02,29.64,21.20,1.07,19.01,23.39,20.49,21.11,21.90,14.95,1.39,12.09,17.69,13.95,14.92,15.88
2026-09-28 00:00:00+00:00,Alijó,1701,26.87,1.05,24.82,29.19,26.23,26.69,27.52,19.66,1.09,17.43,21.99,18.96,19.55,20.33,14.02,1.30,11.20,16.89,13.20,14.04,14.69
2026-09-29 00:00:00+00:00,Alijó,1701,25.19,1.17,23.28,28.28,24.51,24.77,25.66,20.72,1.01,19.04,23.39,20.11,20.36,21.12,17.14,0.73,15.99,19.09,16.69,16.87,17.45
2026-09-10 00:00:00+00:00,Boticas,1702,26.92,0.57,25.48,28.03,26.55,27.03,27.37,18.23,0.46,17.06,19.15,17.94,18.31,18.57,9.92,0.72,8.66,12.03,9.40,9.71,10.41
2026-09-11 00:00:00+00:00,Boticas,1702,29.84,0.78,27.87,31.35,29.33,29.98,30.47,20.94,0.48,20.11,22.31,20.60,20.82,21.29,13.45,0.86,11.80,15.51,12.74,13.48,14.03
2026-09-12 00:00:00+00:00,Boticas,1702,31.61,0.83,29.57,33.46,31.05,31.70,32.16,22.35,0.70,21.19,24.30,21.84,22.15,22.86,14.69,1.02,13.14,17.38,13.84,14.51,15.41
2026-09-13 00:00:00+00:00,Boticas,1702,33.49,0.75,31.65,35.09,33.00,33.57,33.99,22.98,0.72,22.06,25.00,22.35,22.76,23.52,14.11,1.21,12.19,17.38,13.11,13.92,14.84
2026-09-14 00:00:00+00:00,Boticas,1702,33.77,0.98,31.60,36.05,33.08,33.78,34.49,22.82,0.48,21.88,24.12,22.49,22.73,23.20,13.90,1.23,11.50,16.70,12.87,13.89,14.75
2026-09-15 00:00:00+00:00,Boticas,1702,29.31,0.92,27.28,31.50,28.72,29.32,29.95,20.37,0.39,19.38,21.06,20.13,20.45,20.67,12.36,0.67,11.39,14.19,11.80,12.25,12.79
2026-09-16 00:00:00+00:00,Boticas,1702,24.60,1.19,21.75,26.90,23.80,24.74,25.59,17.75,0.88,15.55,19.37,17.18,17.90,18.48,12.75,0.63,11.09,13.93,12.34,12.88,13.23
2026-09-17 00:00:00+00:00,Boticas,1702,23.35,1.04,20.78,25.53,22.65,23.52,24.18,16.30,0.80,14.57,18.09,15.72,16.27,16.88,8.63,1.16,7.06,11.31,7.58,8.33,9.66
2026-09-18 00:00:00+00:00,Boticas,1702,26.32,0.86,24.18,28.16,25.75,26.42,27.00,17.65,0.69,16.28,19.23,17.14,17.54,18.21,9.93,1.10,8.51,12.66,8.94,9.65,10.88
2026-09-19 00:00:00+00:00,Boticas,1702,29.80,0.96,27.47,31.74,29.16,29.89,30.45,20.00,0.85,18.84,22.13,19.26,19.73,20.72,11.88,1.23,9.73,14.79,10.83,11.79,12.79
2026-09-20 00:00:00+00:00,Boticas,1702,32.09,0.86,29.93,33.94,31.49,32.22,32.77,22.15,0.83,21.08,24.26,21.42,21.96,22.85,13.42,1.68,10.20,17.20,11.97,13.42,14.62
2026-09-21 00:00:00+00:00,Boticas,1702,33.65,0.82,31.61,35.31,33.09,33.77,34.24,22.89,1.00,21.19,25.25,22.05,22.80,23.73,13.39,1.81,9.77,17.34,11.83,13.45,14.65
2026-09-22 00:00:00+00:00,Boticas,1702,34.38,0.75,32.49,35.79,33.88,34.53,34.96,23.74,0.96,22.01,26.04,22.94,23.67,24.43,14.46,1.92,10.37,18.36,12.88,14.64,15.89
2026-09-23 00:00:00+00:00,Boticas,1702,34.36,0.76,32.47,36.01,33.84,34.49,34.93,23.15,0.81,21.68,25.11,22.47,23.09,23.74,14.25,1.81,10.35,18.04,12.81,14.49,15.56
2026-09-24 00:00:00+00:00,Boticas,1702,31.96,1.08,29.54,34.52,31.26,31.99,32.66,20.84,0.37,20.17,22.03,20.60,20.78,21.03,11.89,1.07,9.62,13.96,11.04,11.97,12.80
2026-09-25 00:00:00+00:00,Boticas,1702,29.05,0.70,27.74,30.65,28.49,28.97,29.60,18.48,0.14,18.18,18.98,18.39,18.46,18.55,9.07,0.89,7.57,11.38,8.35,8.95,9.64
2026-09-26 00:00:00+00:00,Boticas,1702,29.82,0.68,28.24,31.29,29.36,29.88,30.33,20.23,0.49,19.55,21.62,19.84,20.11,20.51,12.67,1.47,9.38,15.34,11.55,12.86,13.85
2026-09-27 00:00:00+00:00,Boticas,1702,26.31,0.68,24.56,27.52,25.86,26.43,26.86,19.41,0.39,18.48,20.24,19.14,19.45,19.67,13.98,0.56,13.17,15.56,13.56,13.78,14.39
2026-09-28 00:00:00+00:00,Boticas,1702,23.87,1.00,21.74,26.25,23.16,23.85,24.60,17.87,0.60,16.37,19.12,17.49,17.97,18.31,13.12,0.52,11.97,14.52,12.76,13.11,13.46
2026-09-29 00:00:00+00:00,Boticas,1702,23.85,0.96,21.42,25.90,23.23,24.03,24.54,18.98,0.80,17.08,20.89,18.46,19.03,19.49,15.55,0.82,14.21,17.64,14.91,15.34,16.12
2026-09-10 00:00:00+00:00,Chaves,1703,27.73,0.44,26.12,28.10,27.60,27.91,28.05,18.78,0.26,17.72,19.04,18.67,18.88,18.97,9.75,0.12,8.94,10.05,9.70,9.78,9.80
2026-09-11 00:00:00+00:00,Chaves,1703,31.05,0.38,29.15,31.42,30.88,31.20,31.35,20.90,0.18,20.30,21.45,20.80,20.83,20.96,11.91,0.29,11.60,12.82,11.67,11.82,12.05
2026-09-12 00:00:00+00:00,Chaves,1703,32.36,0.39,30.65,32.70,32.21,32.51,32.65,22.21,0.24,21.42,23.02,22.10,22.13,22.27,13.46,0.59,13.00,15.61,13.08,13.24,13.54
2026-09-13 00:00:00+00:00,Chaves,1703,34.15,0.30,32.59,34.47,34.02,34.26,34.37,22.48,0.42,22.06,24.02,22.22,22.29,22.53,12.54,0.70,12.00,15.26,12.09,12.28,12.61
2026-09-14 00:00:00+00:00,Chaves,1703,35.97,0.52,33.48,36.50,35.69,36.15,36.40,23.02,0.44,22.16,24.62,22.80,22.84,23.04,12.05,1.15,11.20,16.57,11.33,11.62,12.12
2026-09-15 00:00:00+00:00,Chaves,1703,31.61,0.35,29.07,31.96,31.48,31.72,31.86,21.29,0.32,20.06,22.21,21.16,21.21,21.36,11.81,0.79,11.30,14.84,11.36,11.48,11.75
2026-09-16 00:00:00+00:00,Chaves,1703,26.85,0.39,23.79,27.37,26.77,26.97,27.08,19.23,0.32,17.00,19.64,19.08,19.33,19.47,13.71,0.27,12.10,14.00,13.56,13.80,13.93
2026-09-17 00:00:00+00:00,Chaves,1703,24.98,0.37,22.44,25.42,24.82,25.10,25.26,16.54,0.18,15.21,16.99,16.49,16.58,16.61,7.60,0.40,7.06,9.06,7.33,7.41,7.73
2026-09-18 00:00:00+00:00,Chaves,1703,27.55,0.52,25.55,28.00,27.36,27.75,27.93,17.75,0.20,16.71,18.23,17.68,17.71,17.84,8.82,0.42,8.50,10.37,8.55,8.63,8.90
2026-09-19 00:00:00+00:00,Chaves,1703,30.60,0.47,28.64,31.03,30.44,30.79,30.95,19.46,0.36,18.86,20.59,19.22,19.29,19.57,10.10,0.71,9.50,12.58,9.61,9.85,10.24
2026-09-20 00:00:00+00:00,Chaves,1703,33.36,0.36,31.28,33.71,33.18,33.50,33.65,21.37,0.49,21.00,23.07,21.06,21.16,21.46,10.62,0.90,9.80,13.76,9.96,10.32,10.87
2026-09-21 00:00:00+00:00,Chaves,1703,34.58,0.34,32.73,34.90,34.42,34.70,34.84,21.57,0.70,21.00,24.02,21.11,21.32,21.68,10.40,1.30,9.30,15.13,9.49,9.94,10.64
2026-09-22 00:00:00+00:00,Chaves,1703,35.37,0.46,33.61,35.80,35.19,35.55,35.72,22.36,0.67,21.80,24.77,21.91,22.11,22.47,11.10,1.57,9.80,16.96,10.03,10.54,11.36
2026-09-23 00:00:00+00:00,Chaves,1703,35.21,0.44,33.52,35.60,35.04,35.38,35.53,22.00,0.60,21.50,24.14,21.59,21.78,22.10,10.95,1.32,9.80,15.76,10.01,10.49,11.25
2026-09-24 00:00:00+00:00,Chaves,1703,34.54,0.47,31.73,35.00,34.26,34.70,34.91,21.14,0.60,20.41,23.33,20.81,20.88,21.13,10.31,1.40,9.30,15.80,9.45,9.78,10.34
2026-09-25 00:00:00+00:00,Chaves,1703,30.73,0.24,29.13,31.14,30.63,30.81,30.89,18.82,0.51,18.33,20.61,18.52,18.59,18.84,8.18,1.17,7.40,12.65,7.51,7.71,8.10
2026-09-26 00:00:00+00:00,Chaves,1703,31.13,0.52,29.32,31.60,30.94,31.32,31.51,19.67,0.21,19.50,20.43,19.53,19.59,19.70,9.59,0.72,8.90,12.06,9.04,9.34,9.91
2026-09-27 00:00:00+00:00,Chaves,1703,27.46,0.42,25.75,27.94,27.31,27.63,27.77,19.83,0.17,18.94,20.26,19.77,19.80,19.89,13.86,0.37,13.25,15.38,13.70,13.71,13.81
2026-09-28 00:00:00+00:00,Chaves,1703,26.15,0.58,23.66,26.70,25.88,26.36,26.60,19.10,0.30,17.48,19.40,18.94,19.21,19.34,13.48,0.19,12.45,14.12,13.42,13.48,13.50
2026-09-29 00:00:00+00:00,Chaves,1703,25.54,0.98,22.10,26.40,25.27,25.89,26.23,20.68,0.68,18.35,21.30,20.43,20.93,21.18,17.48,0.52,15.76,18.00,17.22,17.64,17.88
2026-09-10 00:00:00+00:00,Mesão Frio,1704,26.64,0.20,26.06,26.83,26.62,26.73,26.77,18.21,0.23,17.59,18.49,18.16,18.29,18.37,10.50,0.26,9.80,10.80,10.46,10.58,10.70
2026-09-11 00:00:00+00:00,Mesão Frio,1704,30.44,0.21,29.85,30.65,30.41,30.52,30.57,21.67,0.19,21.23,21.97,21.60,21.71,21.79,13.84,0.11,13.63,14.05,13.78,13.85,13.91
2026-09-12 00:00:00+00:00,Mesão Frio,1704,31.68,0.32,30.79,32.00,31.63,31.80,31.91,23.10,0.23,22.49,23.40,23.05,23.16,23.25,15.66,0.21,15.16,15.99,15.60,15.69,15.80
2026-09-13 00:00:00+00:00,Mesão Frio,1704,33.67,0.21,33.04,33.85,33.65,33.74,33.81,24.06,0.19,23.60,24.35,24.00,24.11,24.19,16.20,0.19,15.85,16.57,16.11,16.21,16.30
2026-09-14 00:00:00+00:00,Mesão Frio,1704,34.06,0.29,33.32,34.42,33.97,34.17,34.25,24.42,0.13,24.20,24.67,24.33,24.42,24.52,16.67,0.07,16.57,16.86,16.62,16.66,16.71
2026-09-15 00:00:00+00:00,Mesão Frio,1704,30.34,0.32,29.72,30.82,30.13,30.39,30.60,21.61,0.20,21.24,21.94,21.47,21.64,21.77,14.71,0.12,14.47,14.94,14.66,14.71,14.76
2026-09-16 00:00:00+00:00,Mesão Frio,1704,26.88,0.33,25.99,27.25,26.81,27.01,27.11,19.41,0.29,18.64,19.77,19.33,19.51,19.62,13.38,0.23,12.81,13.68,13.31,13.45,13.54
2026-09-17 00:00:00+00:00,Mesão Frio,1704,24.80,0.36,23.83,25.19,24.73,24.93,25.05,17.48,0.29,16.69,17.78,17.44,17.58,17.68,11.03,0.24,10.39,11.32,10.99,11.10,11.20
2026-09-18 00:00:00+00:00,Mesão Frio,1704,26.91,0.32,26.04,27.24,26.86,27.02,27.13,18.56,0.31,17.77,18.97,18.47,18.65,18.77,11.52,0.29,10.83,11.97,11.43,11.59,11.73
2026-09-19 00:00:00+00:00,Mesão Frio,1704,30.25,0.12,29.89,30.35,30.26,30.29,30.32,21.17,0.19,20.67,21.42,21.14,21.23,21.30,13.53,0.27,12.90,13.96,13.44,13.58,13.72
2026-09-20 00:00:00+00:00,Mesão Frio,1704,32.24,0.33,31.30,32.57,32.18,32.35,32.47,23.38,0.24,22.79,23.74,23.31,23.44,23.54,15.66,0.15,15.39,15.98,15.59,15.68,15.73
2026-09-21 00:00:00+00:00,Mesão Frio,1704,33.31,0.38,32.27,33.72,33.25,33.44,33.57,23.92,0.22,23.38,24.25,23.84,23.97,24.07,16.27,0.09,16.12,16.49,16.22,16.27,16.30
2026-09-22 00:00:00+00:00,Mesão Frio,1704,34.06,0.24,33.38,34.27,34.03,34.14,34.22,24.59,0.23,24.06,24.96,24.49,24.63,24.74,17.01,0.28,16.53,17.55,16.83,17.03,17.17
2026-09-23 00:00:00+00:00,Mesão Frio,1704,34.82,0.17,34.35,34.99,34.79,34.89,34.92,24.40,0.17,24.06,24.72,24.31,24.41,24.52,16.46,0.15,16.19,16.81,16.35,16.45,16.53
2026-09-24 00:00:00+00:00,Mesão Frio,1704,33.65,0.34,33.07,34.20,33.44,33.60,33.89,22.47,0.24,22.12,22.90,22.27,22.42,22.66,16.35,0.10,16.21,16.58,16.25,16.32,16.41
2026-09-25 00:00:00+00:00,Mesão Frio,1704,30.20,0.38,29.61,30.86,29.91,30.10,30.48,19.77,0.22,19.48,20.18,19.60,19.71,19.94,12.12,0.06,12.00,12.26,12.08,12.12,12.15
2026-09-26 00:00:00+00:00,Mesão Frio,1704,30.78,0.22,30.39,31.16,30.62,30.78,30.94,20.74,0.14,20.52,20.98,20.63,20.70,20.84,12.52,0.04,12.44,12.60,12.49,12.52,12.54
2026-09-27 00:00:00+00:00,Mesão Frio,1704,28.03,0.27,27.60,28.50,27.83,27.97,28.22,20.88,0.19,20.60,21.22,20.73,20.83,21.02,15.85,0.10,15.73,16.05,15.77,15.82,15.92
2026-09-28 00:00:00+00:00,Mesão Frio,1704,24.36,0.40,23.45,25.02,24.18,24.42,24.62,18.06,0.25,17.47,18.48,17.96,18.09,18.21,13.54,0.22,12.99,13.84,13.48,13.61,13.69
2026-09-29 00:00:00+00:00,Mesão Frio,1704,23.46,0.21,22.86,23.65,23.45,23.55,23.61,19.05,0.23,18.41,19.28,19.03,19.14,19.21,15.56,0.20,15.04,15.83,15.49,15.60,15.69
2026-09-10 00:00:00+00:00,Mondim de Basto,1705,28.25,0.64,27.00,29.28,27.72,28.27,28.80,19.08,0.19,18.73,19.39,18.93,19.09,19.25,10.91,0.16,10.61,11.18,10.79,10.92,11.04
2026-09-11 00:00:00+00:00,Mondim de Basto,1705,31.91,0.59,30.74,32.88,31.40,31.92,32.43,21.69,0.13,21.50,22.01,21.58,21.67,21.78,13.30,0.36,12.72,14.05,12.99,13.29,13.60
2026-09-12 00:00:00+00:00,Mondim de Basto,1705,33.98,0.75,32.51,35.17,33.32,33.99,34.64,23.49,0.11,23.31,23.72,23.40,23.48,23.57,15.57,0.36,15.01,16.36,15.27,15.54,15.85
2026-09-13 00:00:00+00:00,Mondim de Basto,1705,35.44,0.67,34.06,36.48,34.84,35.46,36.03,23.94,0.27,23.51,24.55,23.70,23.91,24.15,14.78,0.92,13.33,16.73,13.99,14.71,15.53
2026-09-14 00:00:00+00:00,Mondim de Basto,1705,35.46,0.50,34.58,36.37,35.02,35.43,35.88,23.69,0.37,23.11,24.52,23.37,23.66,23.99,14.53,1.04,12.85,16.68,13.64,14.48,15.36
2026-09-15 00:00:00+00:00,Mondim de Basto,1705,30.26,0.15,29.87,30.66,30.17,30.23,30.34,21.09,0.29,20.70,21.77,20.83,21.04,21.32,12.62,1.05,10.85,14.67,11.75,12.63,13.49
2026-09-16 00:00:00+00:00,Mondim de Basto,1705,28.39,0.53,27.52,29.36,27.93,28.33,28.85,20.27,0.19,19.94,20.59,20.10,20.26,20.45,13.53,0.16,13.21,13.84,13.40,13.53,13.68
2026-09-17 00:00:00+00:00,Mondim de Basto,1705,26.65,0.59,25.61,27.66,26.11,26.62,27.18,18.70,0.29,18.12,19.09,18.44,18.73,18.97,11.09,0.22,10.71,11.48,10.92,11.07,11.28
2026-09-18 00:00:00+00:00,Mondim de Basto,1705,28.90,0.64,27.70,29.97,28.33,28.90,29.46,19.20,0.06,19.11,19.37,19.15,19.20,19.26,11.59,0.35,11.02,12.39,11.31,11.58,11.84
2026-09-19 00:00:00+00:00,Mondim de Basto,1705,32.00,0.76,30.46,33.18,31.33,32.03,32.69,21.30,0.20,20.92,21.65,21.15,21.30,21.48,12.73,0.81,11.34,14.39,12.05,12.73,13.39
2026-09-20 00:00:00+00:00,Mondim de Basto,1705,34.48,0.74,33.07,35.67,33.81,34.49,35.13,23.13,0.41,22.42,23.97,22.79,23.13,23.47,14.12,0.93,12.55,16.02,13.34,14.11,14.85
2026-09-21 00:00:00+00:00,Mondim de Basto,1705,35.59,0.67,34.32,36.68,35.01,35.61,36.18,23.75,0.36,23.12,24.51,23.46,23.76,24.05,14.02,1.20,11.97,16.37,13.02,14.04,15.01
2026-09-22 00:00:00+00:00,Mondim de Basto,1705,35.99,0.69,34.65,37.07,35.41,36.02,36.61,24.10,0.51,23.23,25.15,23.69,24.09,24.50,15.16,1.23,13.16,17.77,14.12,15.12,16.15
2026-09-23 00:00:00+00:00,Mondim de Basto,1705,36.48,0.69,35.22,37.66,35.90,36.49,37.08,23.59,0.48,22.82,24.65,23.17,23.58,23.98,14.05,1.27,11.96,16.64,12.96,14.01,15.09
2026-09-24 00:00:00+00:00,Mondim de Basto,1705,33.59,0.17,32.95,33.88,33.49,33.63,33.69,21.12,0.12,20.95,21.48,21.02,21.08,21.19,13.63,1.16,11.84,16.12,12.63,13.55,14.56
2026-09-25 00:00:00+00:00,Mondim de Basto,1705,30.07,0.16,29.45,30.29,29.97,30.12,30.18,18.21,0.25,17.81,18.80,18.00,18.19,18.41,9.40,0.52,8.53,10.49,8.98,9.39,9.77
2026-09-26 00:00:00+00:00,Mondim de Basto,1705,31.80,0.27,31.22,32.28,31.61,31.79,32.01,20.15,0.08,20.01,20.36,20.08,20.14,20.21,11.21,0.26,10.73,11.69,11.01,11.23,11.41
2026-09-27 00:00:00+00:00,Mondim de Basto,1705,28.15,0.13,27.74,28.39,28.07,28.17,28.23,20.48,0.04,20.35,20.64,20.45,20.48,20.49,14.97,0.11,14.81,15.23,14.88,14.96,15.05
2026-09-28 00:00:00+00:00,Mondim de Basto,1705,25.76,0.20,25.30,26.18,25.62,25.74,25.88,18.86,0.03,18.72,18.90,18.84,18.87,18.89,13.63,0.20,13.22,13.99,13.48,13.64,13.81
2026-09-29 00:00:00+00:00,Mondim de Basto,1705,25.12,0.57,23.94,25.98,24.64,25.15,25.63,19.82,0.17,19.43,20.05,19.68,19.86,19.99,15.79,0.04,15.69,15.89,15.76,15.78,15.80
2026-09-10 00:00:00+00:00,Montalegre,1706,26.00,1.24,24.50,28.40,24.84,25.65,27.42,17.67,1.26,16.20,19.60,16.49,17.24,19.14,9.79,2.02,7.60,13.10,7.96,8.79,11.91
2026-09-11 00:00:00+00:00,Montalegre,1706,28.54,1.65,26.50,31.78,26.97,28.13,30.41,20.84,1.32,19.40,23.00,19.65,20.19,22.23,14.43,1.23,12.32,16.70,13.50,13.79,15.57
2026-09-12 00:00:00+00:00,Montalegre,1706,30.46,1.95,28.10,34.06,28.61,29.87,32.73,22.23,1.85,20.20,25.20,20.55,21.30,24.20,15.37,1.95,13.41,18.70,13.64,14.26,17.36
2026-09-13 00:00:00+00:00,Montalegre,1706,32.52,1.85,30.30,35.63,30.77,31.91,34.71,23.16,1.70,21.40,26.00,21.65,22.15,24.91,15.12,2.31,12.58,19.20,13.09,13.82,17.42
2026-09-14 00:00:00+00:00,Montalegre,1706,32.06,1.33,30.30,35.04,30.78,31.89,33.42,22.61,1.34,21.10,24.80,21.37,22.01,24.03,15.06,1.74,12.26,18.20,13.61,14.20,16.72
2026-09-15 00:00:00+00:00,Montalegre,1706,27.84,1.41,26.00,30.10,26.48,27.61,29.45,19.76,0.87,18.70,21.10,18.94,19.53,20.76,12.81,1.36,11.50,15.20,11.62,12.04,14.18
2026-09-16 00:00:00+00:00,Montalegre,1706,22.35,1.89,19.90,27.23,20.56,22.07,24.20,16.19,1.69,14.00,19.61,14.55,15.86,18.04,11.92,1.73,9.80,14.52,10.27,11.40,13.82
2026-09-17 00:00:00+00:00,Montalegre,1706,21.49,1.94,19.00,25.93,19.63,21.11,23.52,15.41,1.84,13.20,18.47,13.68,14.76,17.58,8.53,2.39,5.90,12.20,6.35,7.27,11.22
2026-09-18 00:00:00+00:00,Montalegre,1706,24.83,1.69,22.70,28.53,23.22,24.46,26.66,17.16,1.76,15.10,19.80,15.51,16.45,19.21,10.15,2.28,7.70,13.80,8.08,8.98,12.58
2026-09-19 00:00:00+00:00,Montalegre,1706,28.61,2.42,25.70,32.31,26.31,27.80,31.51,19.94,1.95,17.80,23.00,18.17,18.94,22.07,12.73,2.04,10.23,16.20,10.89,11.69,14.81
2026-09-20 00:00:00+00:00,Montalegre,1706,30.63,1.77,28.40,34.35,28.94,30.23,32.58,22.36,1.76,20.50,25.20,20.78,21.43,24.21,14.91,2.41,11.15,19.10,12.83,13.73,17.30
2026-09-21 00:00:00+00:00,Montalegre,1706,32.54,2.01,30.10,35.76,30.62,31.92,34.91,23.47,1.70,21.55,26.30,21.92,22.60,25.23,15.08,2.44,10.91,19.30,13.02,13.91,17.47
2026-09-22 00:00:00+00:00,Montalegre,1706,33.27,1.78,31.10,36.22,31.58,32.74,35.36,24.47,1.58,22.45,27.20,23.06,23.64,26.04,16.46,2.14,11.84,20.30,14.89,15.52,18.47
2026-09-23 00:00:00+00:00,Montalegre,1706,33.25,1.78,31.10,36.44,31.57,32.70,35.32,23.79,1.34,22.06,26.20,22.63,23.05,25.08,16.43,2.06,11.83,20.30,15.06,15.45,18.25
2026-09-24 00:00:00+00:00,Montalegre,1706,30.23,1.66,28.10,33.03,28.63,29.90,32.11,20.81,1.15,19.60,22.80,19.79,20.24,21.96,12.67,1.24,10.36,14.70,11.61,12.08,13.95
2026-09-25 00:00:00+00:00,Montalegre,1706,27.89,0.55,27.20,29.77,27.40,27.83,28.29,18.45,0.53,17.90,19.40,17.99,18.21,18.97,9.76,1.58,7.93,12.50,8.37,8.87,11.37
2026-09-26 00:00:00+00:00,Montalegre,1706,28.61,1.04,27.30,31.18,27.62,28.39,29.67,20.63,1.00,19.66,22.40,19.75,20.05,21.62,14.81,1.03,10.86,16.50,14.41,14.69,15.53
2026-09-27 00:00:00+00:00,Montalegre,1706,25.21,1.49,23.40,27.71,23.81,24.80,26.94,18.99,1.04,17.80,20.60,18.03,18.60,20.23,13.98,1.41,12.50,16.30,12.72,13.21,15.48
2026-09-28 00:00:00+00:00,Montalegre,1706,22.19,1.28,20.50,24.95,20.97,22.03,23.51,16.90,1.24,15.30,18.70,15.69,16.63,18.35,12.78,1.54,11.00,15.20,11.35,12.17,14.42
2026-09-29 00:00:00+00:00,Montalegre,1706,22.38,2.15,19.70,25.50,20.32,21.85,24.91,17.63,1.38,15.80,19.74,16.27,17.42,19.20,14.37,0.52,13.70,16.55,13.88,14.31,14.79
2026-09-10 00:00:00+00:00,Murça,1707,27.80,0.42,26.47,28.58,27.66,27.81,28.08,18.90,0.43,17.46,19.54,18.83,19.00,19.15,10.49,0.29,9.53,11.01,10.42,10.51,10.67
2026-09-11 00:00:00+00:00,Murça,1707,31.57,0.32,30.53,32.19,31.45,31.58,31.77,21.53,0.44,19.97,22.05,21.46,21.71,21.78,12.60,0.56,10.98,13.73,12.40,12.60,12.92
2026-09-12 00:00:00+00:00,Murça,1707,32.63,0.38,31.29,33.13,32.58,32.74,32.84,22.77,0.42,21.38,23.43,22.65,22.91,22.98,14.33,0.52,13.06,15.62,14.06,14.25,14.64
2026-09-13 00:00:00+00:00,Murça,1707,34.56,0.38,33.24,35.18,34.48,34.60,34.78,23.21,0.43,21.88,24.12,23.09,23.23,23.43,13.63,0.70,12.44,15.61,13.11,13.43,14.06
2026-09-14 00:00:00+00:00,Murça,1707,35.91,0.39,34.88,36.75,35.69,35.92,36.18,23.74,0.38,22.44,24.44,23.69,23.81,23.92,12.79,0.95,10.66,15.27,12.23,12.60,13.36
2026-09-15 00:00:00+00:00,Murça,1707,32.54,0.34,31.73,33.22,32.33,32.58,32.78,22.29,0.19,21.57,22.63,22.25,22.31,22.40,12.22,0.76,10.01,13.95,11.95,12.19,12.62
2026-09-16 00:00:00+00:00,Murça,1707,28.25,0.43,26.97,29.22,28.04,28.25,28.54,20.34,0.27,19.33,20.84,20.29,20.39,20.47,13.85,0.19,13.15,14.03,13.83,13.92,13.96
2026-09-17 00:00:00+00:00,Murça,1707,26.00,0.33,24.85,26.64,25.91,26.02,26.18,17.98,0.26,16.99,18.25,17.97,18.07,18.12,10.10,0.52,8.92,11.16,9.73,10.14,10.47
2026-09-18 00:00:00+00:00,Murça,1707,27.94,0.42,26.49,28.64,27.90,28.00,28.17,18.68,0.41,17.23,19.21,18.62,18.83,18.90,10.01,0.63,8.54,11.61,9.62,9.89,10.41
2026-09-19 00:00:00+00:00,Murça,1707,31.23,0.30,30.31,31.86,31.08,31.23,31.43,20.84,0.28,19.88,21.38,20.78,20.88,20.99,11.89,0.53,10.96,13.40,11.53,11.73,12.20
2026-09-20 00:00:00+00:00,Murça,1707,33.70,0.39,32.47,34.44,33.56,33.69,33.96,22.52,0.49,20.95,23.50,22.41,22.58,22.75,12.91,0.72,11.82,14.91,12.39,12.70,13.38
2026-09-21 00:00:00+00:00,Murça,1707,34.40,0.53,32.64,35.16,34.31,34.52,34.71,23.09,0.37,22.11,24.02,22.92,23.03,23.31,13.03,0.77,11.66,15.13,12.53,12.85,13.51
2026-09-22 00:00:00+00:00,Murça,1707,35.14,0.39,33.90,35.78,35.03,35.16,35.39,23.89,0.31,23.33,24.75,23.67,23.81,24.08,13.52,0.95,11.79,16.17,12.92,13.28,14.08
2026-09-23 00:00:00+00:00,Murça,1707,35.33,0.32,34.18,35.73,35.30,35.45,35.50,23.13,0.54,21.52,24.29,22.98,23.11,23.42,12.77,0.95,10.98,15.34,12.11,12.54,13.35
2026-09-24 00:00:00+00:00,Murça,1707,34.90,0.41,33.67,35.77,34.75,34.89,35.14,21.95,0.33,20.70,22.36,21.95,22.04,22.11,12.01,1.00,10.35,14.75,11.27,11.75,12.65
2026-09-25 00:00:00+00:00,Murça,1707,32.01,0.26,31.33,32.64,31.87,32.00,32.18,19.86,0.27,18.80,20.16,19.87,19.95,20.00,8.88,0.55,7.11,10.01,8.70,8.89,9.19
2026-09-26 00:00:00+00:00,Murça,1707,30.87,0.39,29.65,31.37,30.76,31.01,31.12,19.68,0.48,18.11,20.39,19.55,19.84,19.92,9.47,0.66,7.79,10.92,9.09,9.43,9.87
2026-09-27 00:00:00+00:00,Murça,1707,28.69,0.24,27.89,29.18,28.63,28.72,28.80,20.53,0.33,19.33,20.98,20.50,20.63,20.70,13.83,0.48,12.44,14.90,13.64,13.81,14.11
2026-09-28 00:00:00+00:00,Murça,1707,26.42,0.39,25.13,27.12,26.35,26.47,26.63,19.19,0.40,17.78,19.75,19.15,19.32,19.41,13.36,0.50,11.64,14.02,13.27,13.53,13.63
2026-09-29 00:00:00+00:00,Murça,1707,24.83,0.42,23.55,25.58,24.66,24.84,25.12,20.46,0.39,19.33,21.27,20.25,20.44,20.74,16.94,0.27,16.20,17.50,16.79,16.94,17.15
2026-09-10 00:00:00+00:00,Peso da Régua,1708,27.40,0.73,26.73,29.76,26.83,27.07,27.74,18.97,0.51,18.36,20.56,18.57,18.83,19.24,11.21,0.35,10.53,12.26,10.96,11.09,11.41
2026-09-11 00:00:00+00:00,Peso da Régua,1708,31.19,0.71,30.52,33.41,30.62,30.87,31.51,22.34,0.39,21.81,23.46,22.02,22.31,22.57,14.28,0.22,13.90,14.80,14.10,14.26,14.46
2026-09-12 00:00:00+00:00,Peso da Régua,1708,32.62,0.68,31.81,34.85,32.11,32.33,32.98,23.74,0.27,23.18,24.45,23.54,23.68,23.93,16.17,0.21,15.71,16.69,16.01,16.15,16.30
2026-09-13 00:00:00+00:00,Peso da Régua,1708,34.38,0.68,33.75,36.58,33.87,34.05,34.68,24.59,0.18,24.17,24.88,24.46,24.59,24.74,16.62,0.39,15.56,17.51,16.42,16.65,16.86
2026-09-14 00:00:00+00:00,Peso da Régua,1708,35.07,0.78,34.28,37.45,34.40,34.79,35.49,24.94,0.29,24.41,25.62,24.69,24.97,25.15,16.78,0.38,15.56,17.55,16.63,16.84,17.02
2026-09-15 00:00:00+00:00,Peso da Régua,1708,31.35,0.64,30.42,33.08,30.82,31.26,31.77,22.32,0.43,21.64,23.45,21.95,22.29,22.61,15.09,0.17,14.73,15.52,14.98,15.07,15.18
2026-09-16 00:00:00+00:00,Peso da Régua,1708,27.91,0.74,27.10,30.28,27.33,27.64,28.32,20.38,0.67,19.60,22.48,19.84,20.16,20.74,14.10,0.42,13.51,15.35,13.77,14.02,14.33
2026-09-17 00:00:00+00:00,Peso da Régua,1708,25.86,0.73,24.99,28.19,25.31,25.59,26.25,18.36,0.62,17.57,20.38,17.91,18.14,18.65,11.80,0.46,11.17,13.21,11.43,11.70,12.03
2026-09-18 00:00:00+00:00,Peso da Régua,1708,27.86,0.68,27.07,30.07,27.35,27.59,28.21,19.44,0.41,18.70,20.60,19.12,19.35,19.70,12.34,0.30,11.63,12.87,12.13,12.32,12.60
2026-09-19 00:00:00+00:00,Peso da Régua,1708,30.74,0.65,30.00,32.85,30.29,30.41,31.00,21.73,0.25,21.27,22.39,21.53,21.68,21.90,14.11,0.35,13.33,14.96,13.88,14.12,14.33
2026-09-20 00:00:00+00:00,Peso da Régua,1708,33.22,0.73,32.43,35.53,32.66,32.92,33.61,24.05,0.23,23.52,24.43,23.87,24.03,24.26,16.05,0.29,15.27,16.75,15.87,16.04,16.24
2026-09-21 00:00:00+00:00,Peso da Régua,1708,34.37,0.68,33.49,36.53,33.86,34.12,34.74,24.49,0.18,24.05,24.84,24.37,24.50,24.64,16.43,0.36,15.31,17.18,16.30,16.49,16.65
2026-09-22 00:00:00+00:00,Peso da Régua,1708,34.81,0.64,34.19,36.88,34.32,34.51,35.12,25.17,0.19,24.74,25.58,25.06,25.17,25.27,17.51,0.58,15.77,18.76,17.26,17.59,17.89
2026-09-23 00:00:00+00:00,Peso da Régua,1708,35.44,0.58,34.92,37.32,34.98,35.19,35.72,24.98,0.25,24.47,25.42,24.78,25.01,25.21,16.82,0.38,15.72,17.70,16.64,16.82,17.04
2026-09-24 00:00:00+00:00,Peso da Régua,1708,35.09,0.98,33.37,36.69,34.20,35.25,35.97,23.48,0.79,21.96,24.64,22.83,23.72,24.16,16.57,0.28,15.77,17.24,16.39,16.60,16.74
2026-09-25 00:00:00+00:00,Peso da Régua,1708,31.79,1.07,29.85,33.38,30.84,32.08,32.73,20.79,0.77,19.37,21.95,20.12,21.01,21.45,12.25,0.28,11.66,12.71,12.04,12.26,12.48
2026-09-26 00:00:00+00:00,Peso da Régua,1708,31.79,0.63,30.81,32.93,31.18,31.82,32.35,21.42,0.51,20.57,22.31,20.97,21.49,21.84,12.69,0.22,12.25,13.10,12.54,12.68,12.86
2026-09-27 00:00:00+00:00,Peso da Régua,1708,29.22,0.79,27.87,30.49,28.49,29.37,29.92,21.85,0.69,20.71,23.05,21.22,21.93,22.45,16.47,0.50,15.69,17.38,16.03,16.54,16.89
2026-09-28 00:00:00+00:00,Peso da Régua,1708,26.28,1.17,24.71,28.55,25.17,26.12,27.31,19.47,0.93,18.26,21.38,18.59,19.30,20.28,14.32,0.48,13.69,15.77,13.93,14.24,14.58
2026-09-29 00:00:00+00:00,Peso da Régua,1708,24.22,0.70,23.59,26.51,23.68,23.90,24.56,19.82,0.62,19.18,21.83,19.34,19.57,20.15,16.30,0.52,15.73,17.90,15.87,16.15,16.59
2026-09-10 00:00:00+00:00,Ribeira de Pena,1709,28.18,0.55,26.88,29.19,27.81,28.19,28.60,19.01,0.26,18.18,19.37,18.93,19.05,19.20,10.74,0.23,9.88,11.06,10.70,10.81,10.85
2026-09-11 00:00:00+00:00,Ribeira de Pena,1709,31.65,0.67,29.81,32.78,31.31,31.68,32.15,21.56,0.19,20.95,21.97,21.53,21.58,21.64,13.32,0.24,12.78,13.91,13.17,13.37,13.49
2026-09-12 00:00:00+00:00,Ribeira de Pena,1709,33.69,0.81,31.61,35.06,33.19,33.71,34.31,23.28,0.26,22.36,23.62,23.25,23.37,23.40,15.34,0.25,14.64,16.09,15.21,15.34,15.43
2026-09-13 00:00:00+00:00,Ribeira de Pena,1709,35.23,0.68,33.48,36.39,34.83,35.25,35.75,23.71,0.25,23.00,24.37,23.62,23.72,23.80,14.47,0.55,13.46,16.23,14.16,14.44,14.60
2026-09-14 00:00:00+00:00,Ribeira de Pena,1709,35.28,0.56,33.66,36.27,35.02,35.30,35.65,23.49,0.28,22.85,24.35,23.33,23.46,23.60,14.16,0.59,12.99,16.04,13.84,14.15,14.32
2026-09-15 00:00:00+00:00,Ribeira de Pena,1709,30.20,0.30,29.15,30.82,30.09,30.22,30.34,20.95,0.26,20.39,21.74,20.79,20.87,21.06,12.33,0.62,11.02,14.14,11.95,12.40,12.55
2026-09-16 00:00:00+00:00,Ribeira de Pena,1709,27.68,1.03,24.72,29.22,27.29,27.88,28.37,19.80,0.62,17.86,20.54,19.62,19.99,20.19,13.41,0.18,12.71,13.77,13.34,13.44,13.52
2026-09-17 00:00:00+00:00,Ribeira de Pena,1709,26.09,0.93,23.48,27.54,25.72,26.19,26.73,18.29,0.59,16.47,19.05,18.12,18.40,18.71,10.56,0.51,8.83,11.22,10.43,10.76,10.87
2026-09-18 00:00:00+00:00,Ribeira de Pena,1709,28.52,0.79,26.34,29.86,28.13,28.56,29.08,18.93,0.33,17.68,19.26,18.87,19.09,19.13,11.21,0.36,10.04,12.05,11.12,11.26,11.37
2026-09-19 00:00:00+00:00,Ribeira de Pena,1709,31.79,0.75,29.77,33.08,31.33,31.81,32.35,21.07,0.25,20.03,21.47,21.03,21.13,21.20,12.46,0.46,11.48,13.88,12.18,12.48,12.64
2026-09-20 00:00:00+00:00,Ribeira de Pena,1709,34.19,0.79,32.08,35.56,33.72,34.21,34.77,22.91,0.27,22.18,23.69,22.75,22.93,23.02,13.87,0.52,12.71,15.44,13.59,13.93,14.08
2026-09-21 00:00:00+00:00,Ribeira de Pena,1709,35.40,0.68,33.60,36.58,34.98,35.41,35.90,23.59,0.23,22.97,24.25,23.44,23.62,23.70,13.72,0.68,12.18,15.65,13.33,13.81,14.03
2026-09-22 00:00:00+00:00,Ribeira de Pena,1709,35.88,0.62,34.39,36.99,35.45,35.88,36.34,24.04,0.30,23.33,24.88,23.87,24.09,24.19,14.82,0.69,13.34,16.98,14.44,14.85,15.07
2026-09-23 00:00:00+00:00,Ribeira de Pena,1709,36.23,0.73,34.43,37.55,35.81,36.23,36.76,23.49,0.29,22.89,24.41,23.31,23.50,23.58,13.92,0.79,12.16,15.99,13.43,14.05,14.38
2026-09-24 00:00:00+00:00,Ribeira de Pena,1709,33.31,0.49,31.72,33.83,33.14,33.52,33.64,21.13,0.12,20.80,21.53,21.05,21.12,21.18,12.94,0.71,11.95,15.35,12.52,12.77,13.08
2026-09-25 00:00:00+00:00,Ribeira de Pena,1709,29.93,0.34,28.93,30.46,29.75,30.06,30.16,18.31,0.23,17.86,18.87,18.16,18.35,18.47,9.24,0.24,8.63,9.80,9.10,9.29,9.40
2026-09-26 00:00:00+00:00,Ribeira de Pena,1709,31.37,0.60,29.72,32.21,31.09,31.52,31.79,20.22,0.08,20.03,20.41,20.17,20.23,20.27,11.58,0.49,10.82,12.93,11.25,11.42,11.86
2026-09-27 00:00:00+00:00,Ribeira de Pena,1709,27.81,0.52,26.22,28.35,27.64,28.05,28.15,20.27,0.28,19.39,20.61,20.19,20.40,20.46,14.73,0.23,13.96,14.99,14.67,14.83,14.86
2026-09-28 00:00:00+00:00,Ribeira de Pena,1709,25.41,0.55,23.68,26.10,25.18,25.65,25.78,18.72,0.24,17.78,18.95,18.70,18.83,18.87,13.57,0.15,13.08,13.91,13.48,13.60,13.67
2026-09-29 00:00:00+00:00,Ribeira de Pena,1709,25.06,0.50,23.74,25.92,24.72,25.09,25.43,19.75,0.23,18.89,20.00,19.68,19.83,19.90,15.78,0.12,15.36,16.02,15.73,15.78,15.85
2026-09-10 00:00:00+00:00,Sabrosa,1710,29.22,1.62,26.81,31.60,27.52,29.23,30.82,20.25,1.04,18.84,21.80,19.17,20.25,21.27,12.09,0.67,11.03,13.10,11.45,12.09,12.74
2026-09-11 00:00:00+00:00,Sabrosa,1710,32.88,1.53,30.59,35.10,31.29,32.90,34.38,23.22,0.73,22.07,24.30,22.52,23.22,23.93,14.67,0.37,13.89,15.20,14.40,14.66,14.98
2026-09-12 00:00:00+00:00,Sabrosa,1710,34.39,1.50,32.24,36.60,32.81,34.39,35.86,24.33,0.45,23.52,25.00,23.96,24.33,24.75,16.06,0.26,15.73,16.77,15.82,15.99,16.24
2026-09-13 00:00:00+00:00,Sabrosa,1710,36.06,1.54,33.78,38.30,34.45,36.06,37.57,24.79,0.17,24.27,25.00,24.69,24.85,24.91,15.81,0.83,14.70,17.58,14.99,15.82,16.52
2026-09-14 00:00:00+00:00,Sabrosa,1710,36.94,1.56,34.60,39.20,35.31,36.96,38.47,25.44,0.46,24.50,26.10,25.07,25.46,25.87,15.71,0.83,14.60,17.56,14.89,15.72,16.39
2026-09-15 00:00:00+00:00,Sabrosa,1710,32.75,1.02,31.20,34.20,31.70,32.80,33.76,23.21,0.69,22.10,24.20,22.54,23.24,23.88,14.84,0.25,14.22,15.56,14.69,14.77,14.98
2026-09-16 00:00:00+00:00,Sabrosa,1710,29.79,1.58,27.56,32.10,28.18,29.81,31.33,22.06,1.39,20.12,24.10,20.65,22.08,23.42,15.13,0.79,13.95,16.30,14.35,15.14,15.90
2026-09-17 00:00:00+00:00,Sabrosa,1710,27.73,1.55,25.54,30.00,26.13,27.74,29.24,19.98,1.37,18.11,22.00,18.58,19.99,21.32,12.88,0.98,11.17,14.30,11.96,12.92,13.83
2026-09-18 00:00:00+00:00,Sabrosa,1710,29.62,1.48,27.52,31.80,28.08,29.62,31.07,20.42,0.72,19.24,21.50,19.75,20.41,21.11,12.82,0.35,11.85,13.30,12.62,12.89,13.08
2026-09-19 00:00:00+00:00,Sabrosa,1710,32.32,1.50,30.01,34.50,30.72,32.33,33.80,22.26,0.44,21.43,22.90,21.88,22.27,22.67,13.60,0.68,12.70,15.07,12.93,13.60,14.19
2026-09-20 00:00:00+00:00,Sabrosa,1710,35.05,1.54,32.78,37.30,33.44,35.05,36.56,24.36,0.25,23.65,24.70,24.22,24.43,24.56,15.40,0.60,14.60,16.79,14.81,15.37,15.87
2026-09-21 00:00:00+00:00,Sabrosa,1710,36.10,1.42,34.09,38.20,34.60,36.09,37.49,24.63,0.13,24.17,24.90,24.57,24.66,24.69,15.49,0.80,14.40,17.21,14.71,15.50,16.17
2026-09-22 00:00:00+00:00,Sabrosa,1710,36.42,1.41,34.33,38.50,34.94,36.42,37.81,25.21,0.15,24.89,25.65,25.10,25.15,25.31,16.17,1.34,14.30,18.84,14.82,16.20,17.37
2026-09-23 00:00:00+00:00,Sabrosa,1710,36.88,1.31,34.98,38.80,35.51,36.89,38.17,25.28,0.32,24.45,25.70,25.09,25.32,25.54,15.88,0.82,14.80,17.75,15.08,15.87,16.54
2026-09-24 00:00:00+00:00,Sabrosa,1710,36.38,0.72,34.55,37.10,36.04,36.66,36.93,24.20,0.75,22.25,24.90,23.87,24.52,24.77,15.78,0.57,15.10,17.26,15.26,15.68,16.17
2026-09-25 00:00:00+00:00,Sabrosa,1710,33.11,0.62,31.41,33.70,32.88,33.36,33.57,21.59,0.66,19.81,22.20,21.31,21.85,22.08,12.14,0.82,10.08,12.90,11.75,12.49,12.78
2026-09-26 00:00:00+00:00,Sabrosa,1710,32.66,0.59,31.31,33.30,32.30,32.88,33.14,21.95,0.64,20.46,22.60,21.59,22.20,22.46,12.64,0.66,11.14,13.30,12.27,12.91,13.18
2026-09-27 00:00:00+00:00,Sabrosa,1710,30.21,0.60,28.63,30.80,29.92,30.45,30.66,22.69,0.71,20.92,23.40,22.33,22.97,23.24,16.92,0.80,14.99,17.70,16.50,17.25,17.54
2026-09-28 00:00:00+00:00,Sabrosa,1710,28.32,0.81,26.36,29.20,27.89,28.57,28.96,21.16,0.75,19.39,22.00,20.73,21.39,21.76,15.47,0.96,14.03,16.90,14.54,15.48,16.41
2026-09-29 00:00:00+00:00,Sabrosa,1710,26.02,1.55,23.69,28.30,24.39,26.02,27.54,21.44,1.34,19.49,23.40,20.05,21.44,22.75,17.62,1.01,16.16,19.10,16.58,17.63,18.61
2026-09-10 00:00:00+00:00,Santa Marta de Penaguião,1711,26.63,0.19,26.24,27.14,26.50,26.64,26.74,18.63,0.07,18.51,18.84,18.60,18.61,18.64,11.16,0.04,11.03,11.24,11.13,11.16,11.20
2026-09-11 00:00:00+00:00,Santa Marta de Penaguião,1711,30.43,0.19,30.04,30.93,30.29,30.44,30.55,22.17,0.08,21.92,22.32,22.12,22.19,22.22,14.33,0.11,14.00,14.49,14.27,14.34,14.41
2026-09-12 00:00:00+00:00,Santa Marta de Penaguião,1711,32.04,0.15,31.73,32.38,31.95,32.05,32.14,23.78,0.07,23.62,23.90,23.73,23.79,23.84,16.61,0.19,16.22,16.98,16.46,16.60,16.75
2026-09-13 00:00:00+00:00,Santa Marta de Penaguião,1711,33.65,0.20,33.24,34.11,33.52,33.67,33.78,24.77,0.13,24.45,24.99,24.67,24.77,24.86,17.41,0.33,16.65,18.06,17.17,17.38,17.65
2026-09-14 00:00:00+00:00,Santa Marta de Penaguião,1711,34.34,0.16,34.03,34.85,34.25,34.34,34.41,24.87,0.12,24.45,25.01,24.81,24.91,24.97,17.47,0.31,16.71,18.06,17.25,17.45,17.68
2026-09-15 00:00:00+00:00,Santa Marta de Penaguião,1711,30.88,0.15,30.48,31.28,30.82,30.86,30.96,22.07,0.12,21.69,22.29,22.02,22.10,22.14,15.40,0.22,14.78,15.77,15.27,15.40,15.55
2026-09-16 00:00:00+00:00,Santa Marta de Penaguião,1711,27.30,0.13,27.03,27.69,27.22,27.30,27.35,19.89,0.10,19.72,20.20,19.84,19.87,19.92,13.91,0.06,13.76,14.05,13.88,13.91,13.94
2026-09-17 00:00:00+00:00,Santa Marta de Penaguião,1711,25.29,0.13,25.03,25.64,25.21,25.30,25.36,17.92,0.09,17.72,18.17,17.86,17.92,17.97,11.55,0.05,11.46,11.70,11.52,11.54,11.56
2026-09-18 00:00:00+00:00,Santa Marta de Penaguião,1711,27.30,0.13,27.03,27.64,27.22,27.31,27.37,19.40,0.08,19.17,19.52,19.33,19.41,19.47,12.64,0.19,12.18,12.98,12.50,12.65,12.78
2026-09-19 00:00:00+00:00,Santa Marta de Penaguião,1711,29.93,0.24,29.44,30.45,29.76,29.96,30.10,21.72,0.06,21.56,21.80,21.67,21.72,21.77,14.87,0.31,14.24,15.46,14.65,14.85,15.09
2026-09-20 00:00:00+00:00,Santa Marta de Penaguião,1711,32.57,0.16,32.23,32.98,32.47,32.58,32.66,24.23,0.15,23.85,24.49,24.12,24.24,24.34,16.64,0.28,15.94,17.16,16.44,16.62,16.84
2026-09-21 00:00:00+00:00,Santa Marta de Penaguião,1711,33.87,0.12,33.63,34.17,33.81,33.86,33.94,24.73,0.15,24.36,24.99,24.62,24.73,24.83,17.10,0.29,16.43,17.66,16.89,17.08,17.31
2026-09-22 00:00:00+00:00,Santa Marta de Penaguião,1711,34.18,0.17,33.83,34.57,34.08,34.20,34.29,25.47,0.17,25.03,25.78,25.34,25.48,25.60,18.64,0.46,17.57,19.54,18.31,18.61,18.97
2026-09-23 00:00:00+00:00,Santa Marta de Penaguião,1711,34.84,0.15,34.53,35.24,34.74,34.85,34.92,25.06,0.16,24.56,25.29,24.97,25.08,25.18,17.57,0.36,16.63,18.25,17.33,17.56,17.83
2026-09-24 00:00:00+00:00,Santa Marta de Penaguião,1711,34.58,0.54,33.36,35.47,34.21,34.69,35.07,22.88,0.50,21.79,23.72,22.56,22.96,23.24,17.09,0.32,16.16,17.66,16.91,17.09,17.32
2026-09-25 00:00:00+00:00,Santa Marta de Penaguião,1711,31.22,0.62,29.83,32.23,30.80,31.30,31.75,20.21,0.48,19.20,21.03,19.88,20.28,20.59,11.77,0.27,11.24,12.23,11.53,11.71,12.01
2026-09-26 00:00:00+00:00,Santa Marta de Penaguião,1711,31.54,0.28,30.95,32.03,31.33,31.54,31.80,21.05,0.27,20.51,21.54,20.86,21.09,21.27,12.36,0.18,11.97,12.65,12.20,12.34,12.52
2026-09-27 00:00:00+00:00,Santa Marta de Penaguião,1711,28.82,0.42,27.89,29.52,28.51,28.88,29.21,21.43,0.36,20.67,22.07,21.17,21.46,21.69,16.08,0.26,15.59,16.57,15.87,16.09,16.27
2026-09-28 00:00:00+00:00,Santa Marta de Penaguião,1711,25.88,0.43,25.08,26.72,25.51,25.85,26.25,19.13,0.32,18.61,19.78,18.84,19.10,19.41,14.09,0.07,13.90,14.26,14.05,14.10,14.13
2026-09-29 00:00:00+00:00,Santa Marta de Penaguião,1711,23.52,0.18,23.13,23.95,23.39,23.54,23.63,19.28,0.12,19.02,19.62,19.20,19.28,19.35,15.92,0.08,15.81,16.18,15.87,15.90,15.95
2026-09-10 00:00:00+00:00,Valpaços,1712,28.34,0.62,26.50,29.75,28.03,28.22,28.74,19.32,0.48,18.17,20.46,19.00,19.22,19.66,10.21,0.31,9.69,10.79,9.90,10.18,10.50
2026-09-11 00:00:00+00:00,Valpaços,1712,31.80,0.61,30.24,33.16,31.39,31.68,32.26,21.57,0.44,20.82,22.48,21.23,21.50,21.92,12.26,0.26,11.63,12.70,12.08,12.31,12.49
2026-09-12 00:00:00+00:00,Valpaços,1712,32.89,0.49,31.43,33.97,32.66,32.82,33.21,22.75,0.32,22.12,23.39,22.50,22.76,23.00,13.79,0.36,13.04,15.31,13.63,13.76,13.94
2026-09-13 00:00:00+00:00,Valpaços,1712,34.86,0.57,33.53,36.16,34.44,34.74,35.28,22.97,0.32,22.23,23.86,22.75,23.05,23.22,12.66,0.47,12.03,14.77,12.37,12.54,12.86
2026-09-14 00:00:00+00:00,Valpaços,1712,36.55,0.57,34.84,37.86,36.24,36.45,36.92,23.60,0.37,22.82,24.48,23.32,23.66,23.91,12.11,0.75,11.24,15.76,11.68,11.89,12.28
2026-09-15 00:00:00+00:00,Valpaços,1712,32.68,0.73,31.48,34.27,32.03,32.48,33.32,22.15,0.52,21.22,23.09,21.72,22.15,22.60,11.93,0.53,11.24,14.41,11.63,11.79,12.03
2026-09-16 00:00:00+00:00,Valpaços,1712,28.43,1.10,27.00,30.94,27.45,28.13,29.32,20.25,0.73,18.90,21.86,19.63,20.10,20.86,13.92,0.22,13.25,14.38,13.82,13.92,14.05
2026-09-17 00:00:00+00:00,Valpaços,1712,26.07,0.79,24.57,27.85,25.41,25.89,26.71,17.58,0.72,16.53,19.07,16.92,17.46,18.22,8.27,0.45,7.34,9.39,7.95,8.30,8.57
2026-09-18 00:00:00+00:00,Valpaços,1712,28.28,0.68,26.24,29.76,27.94,28.16,28.74,18.61,0.55,17.72,19.77,18.16,18.50,19.06,9.15,0.30,8.53,10.17,8.98,9.11,9.32
2026-09-19 00:00:00+00:00,Valpaços,1712,31.42,0.71,29.43,32.96,30.99,31.29,31.94,20.38,0.57,19.24,21.39,19.94,20.40,20.89,10.54,0.48,9.55,12.27,10.27,10.47,10.79
2026-09-20 00:00:00+00:00,Valpaços,1712,34.12,0.61,32.71,35.56,33.69,33.97,34.57,22.20,0.52,21.04,22.99,21.80,22.27,22.63,11.24,0.61,9.88,13.34,10.94,11.20,11.58
2026-09-21 00:00:00+00:00,Valpaços,1712,35.06,0.44,33.91,36.16,34.82,34.95,35.33,22.39,0.56,21.06,23.79,22.02,22.53,22.85,11.05,0.83,9.39,14.44,10.60,10.92,11.43
2026-09-22 00:00:00+00:00,Valpaços,1712,35.71,0.44,34.18,36.66,35.53,35.71,35.94,23.04,0.50,21.85,24.50,22.72,23.16,23.36,11.38,1.06,9.88,16.02,10.72,11.13,11.80
2026-09-23 00:00:00+00:00,Valpaços,1712,35.57,0.41,34.05,36.37,35.45,35.56,35.81,22.67,0.47,21.55,23.92,22.37,22.79,23.05,11.41,0.81,9.89,14.99,11.01,11.27,11.71
2026-09-24 00:00:00+00:00,Valpaços,1712,35.42,0.70,33.80,37.06,34.95,35.22,35.93,21.82,0.47,20.83,23.14,21.45,21.89,22.19,10.51,0.92,9.36,14.85,9.97,10.27,10.77
2026-09-25 00:00:00+00:00,Valpaços,1712,31.96,0.88,30.55,33.86,31.18,31.74,32.71,19.70,0.56,18.53,20.54,19.24,19.76,20.20,8.53,0.74,7.45,12.01,8.16,8.37,8.64
2026-09-26 00:00:00+00:00,Valpaços,1712,31.34,0.40,29.68,32.07,31.22,31.40,31.53,19.86,0.15,19.52,20.35,19.77,19.89,19.96,9.21,0.60,8.04,11.53,8.88,9.15,9.50
2026-09-27 00:00:00+00:00,Valpaços,1712,28.52,0.83,26.44,30.26,27.89,28.37,29.19,20.47,0.40,19.81,21.29,20.14,20.40,20.82,13.72,0.32,13.12,15.08,13.55,13.71,13.83
2026-09-28 00:00:00+00:00,Valpaços,1712,26.82,0.62,24.79,28.16,26.53,26.71,27.25,19.55,0.37,18.52,20.38,19.35,19.46,19.82,13.60,0.09,13.47,14.03,13.54,13.60,13.65
2026-09-29 00:00:00+00:00,Valpaços,1712,25.62,0.66,22.68,26.56,25.46,25.80,26.00,21.11,0.61,18.82,22.36,20.85,21.14,21.44,17.54,0.34,16.15,18.08,17.39,17.63,17.75
2026-09-10 00:00:00+00:00,Vila Pouca de Aguiar,1713,27.73,0.17,27.18,28.15,27.64,27.76,27.84,18.92,0.11,18.48,19.16,18.88,18.93,18.98,10.57,0.30,9.85,11.10,10.35,10.62,10.81
2026-09-11 00:00:00+00:00,Vila Pouca de Aguiar,1713,31.21,0.21,30.44,31.67,31.12,31.24,31.34,21.58,0.27,20.93,22.10,21.39,21.63,21.78,13.19,0.40,12.06,14.03,12.91,13.24,13.46
2026-09-12 00:00:00+00:00,Vila Pouca de Aguiar,1713,32.75,0.24,32.05,33.66,32.63,32.73,32.83,23.01,0.33,22.25,23.63,22.78,23.03,23.27,14.91,0.58,13.49,16.14,14.48,14.93,15.37
2026-09-13 00:00:00+00:00,Vila Pouca de Aguiar,1713,34.50,0.21,33.86,35.21,34.38,34.52,34.61,23.51,0.43,22.51,24.45,23.22,23.52,23.83,14.40,0.83,12.55,16.47,13.78,14.35,14.94
2026-09-14 00:00:00+00:00,Vila Pouca de Aguiar,1713,35.36,0.32,34.68,36.08,35.14,35.30,35.60,23.70,0.39,22.92,24.59,23.41,23.71,23.97,13.97,0.92,11.89,16.29,13.29,13.92,14.57
2026-09-15 00:00:00+00:00,Vila Pouca de Aguiar,1713,31.17,0.54,30.10,32.32,30.75,31.15,31.61,21.56,0.39,20.80,22.23,21.25,21.57,21.90,12.81,0.61,11.67,14.55,12.38,12.67,13.15
2026-09-16 00:00:00+00:00,Vila Pouca de Aguiar,1713,27.34,0.50,25.81,28.21,27.02,27.50,27.68,19.71,0.38,18.56,20.32,19.44,19.80,20.00,13.67,0.18,13.14,14.00,13.56,13.69,13.82
2026-09-17 00:00:00+00:00,Vila Pouca de Aguiar,1713,25.49,0.37,24.27,26.26,25.26,25.63,25.74,17.69,0.42,16.62,18.44,17.40,17.83,18.03,9.89,0.85,7.82,11.30,9.27,10.00,10.60
2026-09-18 00:00:00+00:00,Vila Pouca de Aguiar,1713,27.85,0.23,26.95,28.58,27.76,27.89,27.96,18.67,0.37,17.74,19.32,18.41,18.74,18.95,10.60,0.74,8.93,12.13,10.03,10.60,11.18
2026-09-19 00:00:00+00:00,Vila Pouca de Aguiar,1713,30.98,0.24,30.20,31.80,30.85,31.00,31.11,20.76,0.46,19.58,21.54,20.47,20.86,21.12,12.22,0.82,10.17,14.09,11.62,12.25,12.78
2026-09-20 00:00:00+00:00,Vila Pouca de Aguiar,1713,33.50,0.22,32.68,34.23,33.38,33.51,33.61,22.74,0.51,21.44,23.84,22.39,22.78,23.10,13.47,1.03,10.76,15.68,12.73,13.55,14.20
2026-09-21 00:00:00+00:00,Vila Pouca de Aguiar,1713,34.65,0.19,34.05,35.41,34.55,34.65,34.72,23.24,0.58,21.62,24.36,22.87,23.31,23.68,13.46,1.14,10.42,15.97,12.68,13.54,14.20
2026-09-22 00:00:00+00:00,Vila Pouca de Aguiar,1713,35.24,0.18,34.70,35.90,35.15,35.27,35.34,23.93,0.54,22.40,25.07,23.58,24.01,24.28,14.34,1.29,11.04,17.30,13.39,14.37,15.21
2026-09-23 00:00:00+00:00,Vila Pouca de Aguiar,1713,35.45,0.20,34.84,36.25,35.36,35.45,35.52,23.43,0.53,22.05,24.62,23.09,23.45,23.78,13.78,1.08,10.93,16.34,13.02,13.82,14.47
2026-09-24 00:00:00+00:00,Vila Pouca de Aguiar,1713,34.04,0.52,32.84,34.97,33.65,34.08,34.46,21.56,0.35,20.90,22.36,21.26,21.55,21.85,12.79,1.21,10.12,15.74,11.89,12.69,13.61
2026-09-25 00:00:00+00:00,Vila Pouca de Aguiar,1713,30.77,0.55,29.63,31.89,30.33,30.78,31.20,19.15,0.40,18.41,19.96,18.83,19.11,19.49,9.22,0.46,7.93,10.20,8.92,9.28,9.51
2026-09-26 00:00:00+00:00,Vila Pouca de Aguiar,1713,31.05,0.20,30.41,31.51,30.96,31.07,31.17,20.14,0.17,19.68,20.54,20.00,20.17,20.25,10.90,0.56,9.55,11.96,10.47,11.01,11.36
2026-09-27 00:00:00+00:00,Vila Pouca de Aguiar,1713,27.97,0.41,26.90,28.75,27.68,27.99,28.30,20.33,0.30,19.63,21.00,20.10,20.35,20.56,14.39,0.33,13.77,15.13,14.10,14.37,14.67
2026-09-28 00:00:00+00:00,Vila Pouca de Aguiar,1713,25.82,0.43,24.79,26.53,25.52,25.88,26.18,18.99,0.24,18.34,19.47,18.82,19.01,19.18,13.66,0.16,13.24,14.06,13.55,13.66,13.75
2026-09-29 00:00:00+00:00,Vila Pouca de Aguiar,1713,24.85,0.28,24.10,25.77,24.68,24.85,25.01,20.09,0.29,19.62,20.85,19.85,20.01,20.31,16.51,0.39,15.79,17.51,16.17,16.49,16.83
2026-09-10 00:00:00+00:00,Vila Real,1714,26.71,0.46,26.20,30.07,26.36,26.64,26.94,18.70,0.24,18.50,20.78,18.57,18.66,18.75,11.21,0.14,11.02,12.42,11.16,11.20,11.22
2026-09-11 00:00:00+00:00,Vila Real,1714,30.48,0.44,30.00,33.69,30.16,30.42,30.70,22.19,0.19,21.83,23.61,22.10,22.20,22.22,14.32,0.20,13.77,14.87,14.18,14.39,14.49
2026-09-12 00:00:00+00:00,Vila Real,1714,32.16,0.43,31.70,35.15,31.84,32.09,32.38,23.83,0.12,23.58,24.55,23.75,23.86,23.90,16.65,0.28,15.95,17.00,16.44,16.71,16.90
2026-09-13 00:00:00+00:00,Vila Real,1714,33.71,0.46,33.20,36.87,33.36,33.64,33.97,24.79,0.19,24.26,25.00,24.65,24.86,24.95,17.39,0.58,15.43,18.10,16.95,17.52,17.90
2026-09-14 00:00:00+00:00,Vila Real,1714,34.43,0.42,34.00,37.75,34.14,34.36,34.59,24.84,0.24,24.17,25.71,24.70,24.92,25.00,17.35,0.61,15.40,18.10,16.88,17.49,17.89
2026-09-15 00:00:00+00:00,Vila Real,1714,30.92,0.32,30.23,33.27,30.80,30.85,30.98,22.06,0.24,21.45,23.58,21.95,22.10,22.14,15.28,0.47,13.73,15.80,14.97,15.42,15.67
2026-09-16 00:00:00+00:00,Vila Real,1714,27.36,0.39,27.00,30.59,27.13,27.31,27.49,19.94,0.32,19.70,22.76,19.79,19.88,19.97,13.94,0.19,13.68,15.52,13.88,13.91,13.96
2026-09-17 00:00:00+00:00,Vila Real,1714,25.38,0.39,25.00,28.51,25.13,25.33,25.54,17.98,0.31,17.70,20.67,17.80,17.94,18.07,11.53,0.22,11.16,13.40,11.47,11.51,11.54
2026-09-18 00:00:00+00:00,Vila Real,1714,27.41,0.39,27.00,30.37,27.13,27.35,27.58,19.47,0.17,19.19,20.77,19.39,19.48,19.51,12.69,0.28,11.91,13.00,12.48,12.80,12.93
2026-09-19 00:00:00+00:00,Vila Real,1714,29.98,0.50,29.40,33.12,29.58,29.89,30.27,21.74,0.13,21.41,22.49,21.66,21.76,21.80,14.89,0.49,13.25,15.50,14.52,15.00,15.32
2026-09-20 00:00:00+00:00,Vila Real,1714,32.69,0.45,32.20,35.83,32.35,32.62,32.92,24.25,0.24,23.53,24.50,24.09,24.34,24.45,16.57,0.52,15.08,17.20,16.18,16.69,17.03
2026-09-21 00:00:00+00:00,Vila Real,1714,34.01,0.38,33.60,36.82,33.72,33.95,34.18,24.75,0.22,24.11,25.00,24.59,24.82,24.94,16.99,0.59,15.16,17.70,16.56,17.12,17.50
2026-09-22 00:00:00+00:00,Vila Real,1714,34.28,0.43,33.80,37.15,33.95,34.20,34.51,25.49,0.27,24.68,25.80,25.30,25.56,25.72,18.60,0.81,15.54,19.60,18.00,18.78,19.31
2026-09-23 00:00:00+00:00,Vila Real,1714,34.91,0.38,34.50,37.57,34.63,34.85,35.10,25.03,0.28,24.20,25.47,24.83,25.14,25.27,17.47,0.69,15.49,18.30,16.96,17.63,18.07
2026-09-24 00:00:00+00:00,Vila Real,1714,34.76,0.89,33.10,36.80,34.02,34.63,35.46,22.65,0.91,21.27,24.70,21.86,22.51,23.39,16.92,0.68,14.88,17.70,16.41,17.09,17.49
2026-09-25 00:00:00+00:00,Vila Real,1714,31.45,0.97,29.57,33.47,30.62,31.37,32.23,20.04,0.92,18.56,22.01,19.23,19.92,20.80,11.02,0.75,9.64,12.75,10.45,10.90,11.56
2026-09-26 00:00:00+00:00,Vila Real,1714,31.76,0.42,30.91,33.03,31.50,31.61,32.03,20.94,0.53,20.26,22.38,20.49,20.78,21.33,11.94,0.41,11.39,13.14,11.63,11.84,12.17
2026-09-27 00:00:00+00:00,Vila Real,1714,28.94,0.69,27.71,30.57,28.37,28.82,29.50,21.40,0.69,20.45,23.14,20.81,21.24,21.95,15.80,0.62,14.98,17.46,15.31,15.61,16.25
2026-09-28 00:00:00+00:00,Vila Real,1714,26.55,0.82,25.10,28.74,25.90,26.39,27.11,19.61,0.68,18.62,21.56,19.02,19.45,20.08,14.13,0.22,13.81,15.97,14.04,14.10,14.14
2026-09-29 00:00:00+00:00,Vila Real,1714,23.61,0.46,23.10,26.81,23.25,23.54,23.85,19.33,0.34,19.00,22.10,19.11,19.28,19.45,15.97,0.25,15.78,18.11,15.84,15.88,16.00
2026-09-10 00:00:00+00:00,Armamar,1801,28.26,0.86,27.04,30.55,27.54,28.02,28.81,19.22,0.72,18.25,21.03,18.62,19.10,19.69,10.89,0.71,9.86,12.49,10.27,10.79,11.38
2026-09-11 00:00:00+00:00,Armamar,1801,32.28,0.69,31.02,34.18,31.79,32.06,32.74,22.50,0.50,21.83,23.76,22.08,22.41,22.83,14.04,0.40,13.28,14.88,13.72,14.04,14.32
2026-09-12 00:00:00+00:00,Armamar,1801,33.18,0.92,31.78,35.55,32.42,32.96,33.79,23.48,0.49,22.76,24.58,23.05,23.41,23.82,15.32,0.35,14.60,15.88,15.02,15.34,15.61
2026-09-13 00:00:00+00:00,Armamar,1801,35.42,0.71,34.10,37.35,34.93,35.22,35.88,24.30,0.25,23.93,24.83,24.08,24.27,24.50,15.54,0.21,15.03,16.13,15.39,15.52,15.68
2026-09-14 00:00:00+00:00,Armamar,1801,36.29,0.74,34.74,38.25,35.81,36.15,36.77,25.13,0.26,24.74,25.80,24.92,25.08,25.29,16.14,0.39,15.06,16.60,15.87,16.24,16.45
2026-09-15 00:00:00+00:00,Armamar,1801,32.55,0.49,31.29,33.64,32.17,32.62,32.91,22.89,0.33,22.16,23.78,22.67,22.83,23.10,15.04,0.18,14.77,15.52,14.92,14.99,15.13
2026-09-16 00:00:00+00:00,Armamar,1801,28.58,0.93,27.12,31.02,27.82,28.34,29.20,20.76,0.93,19.50,23.10,19.99,20.60,21.36,14.09,0.67,13.15,15.68,13.53,14.00,14.54
2026-09-17 00:00:00+00:00,Armamar,1801,26.43,0.96,24.93,28.91,25.63,26.19,27.07,18.54,0.99,17.21,20.98,17.69,18.38,19.18,11.98,0.64,11.02,13.60,11.44,11.83,12.40
2026-09-18 00:00:00+00:00,Armamar,1801,28.38,0.92,27.01,30.76,27.61,28.16,28.98,19.19,0.72,18.16,20.86,18.56,19.07,19.70,11.45,0.73,10.12,12.89,10.85,11.44,12.03
2026-09-19 00:00:00+00:00,Armamar,1801,31.83,0.64,30.74,33.62,31.36,31.62,32.25,21.61,0.40,21.04,22.54,21.26,21.55,21.89,12.77,0.35,12.02,13.54,12.51,12.82,13.03
2026-09-20 00:00:00+00:00,Armamar,1801,34.15,0.81,32.56,36.30,33.61,33.95,34.68,23.78,0.31,23.26,24.46,23.51,23.73,24.00,15.43,0.18,14.89,15.77,15.33,15.47,15.56
2026-09-21 00:00:00+00:00,Armamar,1801,35.04,0.83,33.47,37.21,34.46,34.82,35.58,24.23,0.18,23.83,24.61,24.10,24.21,24.37,15.60,0.27,14.81,16.03,15.45,15.65,15.80
2026-09-22 00:00:00+00:00,Armamar,1801,35.56,0.76,34.32,37.57,34.96,35.34,36.05,24.86,0.13,24.51,25.12,24.77,24.84,24.96,16.16,0.39,14.96,16.82,15.94,16.28,16.43
2026-09-23 00:00:00+00:00,Armamar,1801,36.09,0.70,35.14,37.95,35.51,35.92,36.54,25.02,0.19,24.63,25.48,24.86,24.98,25.14,16.09,0.30,15.21,16.44,15.90,16.20,16.34
2026-09-24 00:00:00+00:00,Armamar,1801,35.17,0.76,33.96,36.74,34.56,35.11,35.71,24.01,0.29,23.62,24.68,23.76,23.95,24.21,16.16,0.28,15.40,16.52,15.96,16.22,16.39
2026-09-25 00:00:00+00:00,Armamar,1801,32.30,0.51,31.62,33.43,31.86,32.21,32.67,21.22,0.35,20.72,21.99,20.93,21.14,21.46,12.60,0.05,12.50,12.77,12.57,12.60,12.62
2026-09-26 00:00:00+00:00,Armamar,1801,31.62,0.65,30.55,32.97,31.09,31.57,32.09,21.49,0.40,20.84,22.35,21.17,21.46,21.76,12.91,0.08,12.81,13.15,12.85,12.88,12.94
2026-09-27 00:00:00+00:00,Armamar,1801,29.44,0.50,28.72,30.53,29.03,29.36,29.79,21.85,0.60,20.85,23.09,21.36,21.80,22.27,16.59,0.38,16.02,17.43,16.29,16.54,16.84
2026-09-28 00:00:00+00:00,Armamar,1801,26.65,0.84,24.93,28.63,26.09,26.45,27.19,19.37,0.89,18.20,21.44,18.61,19.19,19.98,14.35,0.74,13.34,16.15,13.73,14.24,14.84
2026-09-29 00:00:00+00:00,Armamar,1801,25.04,0.84,23.70,27.27,24.38,24.81,25.58,20.34,0.82,19.16,22.47,19.67,20.15,20.89,16.65,0.67,15.72,18.37,16.09,16.50,17.08
2026-09-10 00:00:00+00:00,Carregal do Sal,1802,30.21,0.62,28.83,30.90,29.75,30.40,30.73,19.84,0.31,19.09,20.16,19.66,19.98,20.09,11.10,0.33,10.26,12.10,11.02,11.16,11.22
2026-09-11 00:00:00+00:00,Carregal do Sal,1802,33.24,0.62,31.84,33.90,32.80,33.44,33.75,22.28,0.42,21.20,22.68,22.08,22.50,22.59,12.34,0.20,11.78,12.93,12.30,12.37,12.42
2026-09-12 00:00:00+00:00,Carregal do Sal,1802,35.57,0.20,35.00,35.90,35.43,35.52,35.75,25.63,0.32,24.82,25.96,25.45,25.78,25.89,15.79,0.73,13.80,17.40,15.59,16.04,16.13
2026-09-13 00:00:00+00:00,Carregal do Sal,1802,37.12,0.17,36.76,37.40,36.95,37.10,37.29,26.49,0.48,25.27,26.90,26.24,26.72,26.86,17.92,1.41,14.20,19.10,17.23,18.66,18.96
2026-09-14 00:00:00+00:00,Carregal do Sal,1802,36.81,0.34,35.94,37.19,36.65,36.93,37.07,25.45,0.70,23.85,26.20,24.95,25.73,26.04,16.35,1.12,13.82,17.58,15.53,16.73,17.36
2026-09-15 00:00:00+00:00,Carregal do Sal,1802,28.69,0.49,27.40,29.19,28.49,28.96,29.02,19.21,0.12,19.00,19.55,19.11,19.21,19.28,12.13,0.50,11.40,13.18,11.72,12.05,12.53
2026-09-16 00:00:00+00:00,Carregal do Sal,1802,29.94,0.28,29.40,30.40,29.69,29.93,30.20,21.54,0.28,20.99,21.90,21.32,21.61,21.78,15.04,0.15,14.57,15.30,14.96,15.03,15.14
2026-09-17 00:00:00+00:00,Carregal do Sal,1802,27.70,0.15,27.04,27.87,27.66,27.75,27.80,19.83,0.13,19.58,20.03,19.71,19.84,19.95,12.89,0.08,12.59,13.11,12.87,12.91,12.93
2026-09-18 00:00:00+00:00,Carregal do Sal,1802,30.56,0.27,30.01,30.92,30.38,30.62,30.80,20.58,0.47,19.55,21.10,20.20,20.77,20.97,10.73,0.74,9.06,12.34,10.26,10.98,11.20
2026-09-19 00:00:00+00:00,Carregal do Sal,1802,33.83,0.26,33.19,34.17,33.66,33.89,34.05,23.59,0.64,22.17,24.30,23.10,23.84,24.12,14.67,1.24,11.86,16.08,13.78,15.14,15.77
2026-09-20 00:00:00+00:00,Carregal do Sal,1802,35.79,0.31,35.19,36.21,35.53,35.85,36.08,25.58,0.57,24.28,26.20,25.18,25.82,26.05,16.70,1.22,13.89,17.96,15.85,17.20,17.75
2026-09-21 00:00:00+00:00,Carregal do Sal,1802,36.40,0.23,35.96,36.71,36.23,36.43,36.60,25.71,0.69,24.15,26.50,25.17,26.00,26.28,16.65,1.10,14.08,17.82,15.85,17.12,17.60
2026-09-22 00:00:00+00:00,Carregal do Sal,1802,37.93,0.32,37.35,38.40,37.65,37.96,38.22,25.52,0.65,24.11,26.27,25.04,25.71,26.11,14.45,0.99,12.10,16.43,13.84,14.80,15.10
2026-09-23 00:00:00+00:00,Carregal do Sal,1802,37.35,0.72,35.60,38.10,36.92,37.63,37.92,25.05,0.80,23.32,25.91,24.44,25.29,25.75,15.50,1.26,12.78,17.15,14.58,15.88,16.62
2026-09-24 00:00:00+00:00,Carregal do Sal,1802,33.56,0.37,32.77,34.16,33.24,33.58,33.89,23.65,0.30,22.94,24.03,23.41,23.73,23.91,13.18,0.48,12.10,13.98,12.87,13.35,13.58
2026-09-25 00:00:00+00:00,Carregal do Sal,1802,29.58,0.35,28.91,30.07,29.26,29.65,29.90,19.21,0.28,18.74,19.80,18.96,19.20,19.42,12.65,0.50,11.89,13.69,12.20,12.58,13.07
2026-09-26 00:00:00+00:00,Carregal do Sal,1802,32.22,0.32,31.60,32.76,31.94,32.21,32.50,22.03,0.16,21.64,22.25,21.92,22.06,22.18,13.26,0.31,12.73,13.82,12.98,13.26,13.52
2026-09-27 00:00:00+00:00,Carregal do Sal,1802,28.36,0.27,27.97,28.86,28.10,28.34,28.60,20.75,0.06,20.61,20.86,20.70,20.75,20.81,15.67,0.06,15.56,15.77,15.62,15.67,15.72
2026-09-28 00:00:00+00:00,Carregal do Sal,1802,26.41,0.14,25.95,26.66,26.32,26.44,26.51,19.64,0.09,19.42,19.81,19.58,19.66,19.70,13.28,0.10,13.10,13.50,13.21,13.28,13.34
2026-09-29 00:00:00+00:00,Carregal do Sal,1802,26.70,0.29,26.15,27.28,26.43,26.66,26.95,22.78,0.17,22.25,23.14,22.69,22.75,22.89,18.94,0.16,18.44,19.16,18.85,18.99,19.07
2026-09-10 00:00:00+00:00,Castro Daire,1803,25.72,0.99,24.20,28.03,24.80,25.81,26.53,17.19,0.78,16.00,18.36,16.44,17.29,17.89,9.34,1.02,7.90,11.36,8.34,9.40,10.19
2026-09-11 00:00:00+00:00,Castro Daire,1803,29.46,0.96,28.00,31.78,28.59,29.51,30.21,21.06,0.55,20.30,22.06,20.60,20.95,21.53,13.58,0.30,12.57,14.19,13.42,13.52,13.81
2026-09-12 00:00:00+00:00,Castro Daire,1803,30.25,1.32,28.20,32.88,28.98,30.45,31.45,22.39,1.03,20.90,24.37,21.40,22.44,23.17,15.27,1.03,14.00,17.68,14.40,14.98,16.00
2026-09-13 00:00:00+00:00,Castro Daire,1803,32.57,0.99,31.00,34.48,31.63,32.73,33.45,23.69,0.82,22.60,25.33,22.98,23.50,24.34,16.28,1.02,14.00,18.83,15.50,15.91,17.01
2026-09-14 00:00:00+00:00,Castro Daire,1803,32.75,0.80,31.50,34.11,32.00,32.83,33.44,24.39,0.57,22.87,25.54,23.95,24.23,24.84,17.18,0.65,14.66,18.57,17.00,17.05,17.54
2026-09-15 00:00:00+00:00,Castro Daire,1803,29.00,0.39,28.30,30.50,28.79,28.93,29.11,20.87,0.41,19.20,21.75,20.84,20.92,21.06,14.40,0.46,12.37,15.30,14.30,14.38,14.72
2026-09-16 00:00:00+00:00,Castro Daire,1803,25.29,1.07,23.60,27.49,24.27,25.45,26.23,18.02,0.79,16.80,19.24,17.26,18.12,18.73,12.41,0.62,11.50,13.64,11.80,12.43,12.93
2026-09-17 00:00:00+00:00,Castro Daire,1803,23.05,1.18,21.20,25.73,21.94,23.23,24.06,16.04,0.98,14.60,18.77,15.10,16.15,16.84,9.85,0.74,8.80,11.88,9.14,9.87,10.44
2026-09-18 00:00:00+00:00,Castro Daire,1803,25.40,1.09,23.70,27.92,24.35,25.57,26.36,17.38,0.93,16.00,19.05,16.48,17.44,18.13,10.47,0.75,9.50,12.20,9.81,10.36,10.99
2026-09-19 00:00:00+00:00,Castro Daire,1803,29.57,0.69,28.50,31.23,28.92,29.67,30.14,20.56,0.82,19.40,22.18,19.80,20.55,21.17,13.04,1.14,11.70,15.80,12.11,12.65,13.84
2026-09-20 00:00:00+00:00,Castro Daire,1803,30.55,1.19,28.70,33.22,29.41,30.74,31.58,22.73,0.99,21.40,24.86,21.86,22.63,23.46,16.09,1.32,13.86,19.43,15.02,15.60,17.05
2026-09-21 00:00:00+00:00,Castro Daire,1803,31.49,1.34,29.40,34.12,30.23,31.69,32.65,23.35,0.83,22.20,24.95,22.62,23.22,24.00,16.58,0.69,14.43,18.17,16.14,16.37,17.09
2026-09-22 00:00:00+00:00,Castro Daire,1803,32.91,1.03,31.30,34.90,31.93,33.07,33.82,24.02,0.77,23.00,25.48,23.38,23.84,24.64,16.80,0.91,14.01,18.62,16.17,16.55,17.51
2026-09-23 00:00:00+00:00,Castro Daire,1803,34.07,0.71,33.00,35.73,33.42,34.11,34.63,24.23,0.75,22.76,25.60,23.57,24.03,24.88,16.86,0.96,14.16,19.18,16.25,16.56,17.54
2026-09-24 00:00:00+00:00,Castro Daire,1803,32.35,0.46,31.61,33.70,32.00,32.29,32.64,22.80,0.75,20.63,23.56,22.45,23.05,23.40,16.60,0.69,13.32,17.31,16.49,16.84,17.06
2026-09-25 00:00:00+00:00,Castro Daire,1803,28.82,0.64,28.05,31.04,28.36,28.62,29.18,19.49,0.39,18.49,20.50,19.32,19.55,19.67,12.61,0.20,11.93,12.86,12.51,12.64,12.78
2026-09-26 00:00:00+00:00,Castro Daire,1803,30.10,0.28,29.25,30.55,30.03,30.20,30.24,20.91,0.55,19.23,21.61,20.67,21.00,21.36,13.53,0.81,11.30,14.72,13.05,13.48,14.28
2026-09-27 00:00:00+00:00,Castro Daire,1803,26.85,0.44,26.23,28.34,26.56,26.71,27.09,20.31,0.29,19.35,20.84,20.22,20.41,20.46,15.50,0.24,14.59,15.94,15.45,15.57,15.63
2026-09-28 00:00:00+00:00,Castro Daire,1803,22.69,0.58,21.80,24.42,22.16,22.79,23.14,17.11,0.47,16.40,17.97,16.65,17.15,17.51,12.50,0.41,11.90,13.28,12.11,12.53,12.79
2026-09-29 00:00:00+00:00,Castro Daire,1803,22.37,1.07,20.90,25.61,21.38,22.40,23.19,17.92,1.00,16.50,20.87,16.98,17.99,18.70,14.76,0.69,13.80,16.53,14.10,14.79,15.30
2026-09-10 00:00:00+00:00,Cinfães,1804,26.06,0.60,24.43,27.15,25.68,26.23,26.44,17.87,0.66,16.19,18.72,17.41,18.09,18.39,11.01,1.35,8.12,13.39,9.97,11.25,12.04
2026-09-11 00:00:00+00:00,Cinfães,1804,29.61,0.46,28.23,30.26,29.36,29.82,29.91,20.75,0.09,20.41,20.91,20.71,20.77,20.82,13.09,0.27,12.31,13.46,12.93,13.10,13.31
2026-09-12 00:00:00+00:00,Cinfães,1804,31.44,1.17,28.52,33.42,30.61,31.80,32.28,22.95,0.74,21.11,24.23,22.47,23.06,23.49,15.34,0.62,14.16,16.81,14.87,15.24,15.75
2026-09-13 00:00:00+00:00,Cinfães,1804,33.38,0.83,31.25,34.72,32.81,33.66,33.99,23.46,0.32,22.75,24.16,23.23,23.44,23.70,15.26,0.52,13.41,15.96,15.10,15.49,15.58
2026-09-14 00:00:00+00:00,Cinfães,1804,32.82,0.41,31.70,33.79,32.59,32.83,33.04,23.24,0.52,22.22,24.04,22.77,23.19,23.73,15.81,0.71,13.99,17.00,15.39,15.75,16.40
2026-09-15 00:00:00+00:00,Cinfães,1804,27.92,0.73,26.38,28.96,27.37,28.02,28.54,19.73,0.67,18.74,20.91,19.08,19.61,20.34,13.46,0.58,11.90,14.32,13.13,13.47,13.93
2026-09-16 00:00:00+00:00,Cinfães,1804,26.40,1.01,23.88,28.01,25.68,26.71,27.19,18.77,0.70,17.00,19.66,18.29,19.03,19.34,12.97,0.52,11.65,13.60,12.61,13.15,13.39
2026-09-17 00:00:00+00:00,Cinfães,1804,24.44,1.20,21.51,26.37,23.57,24.79,25.35,17.71,1.24,14.84,19.44,16.74,18.07,18.81,11.32,1.06,8.98,12.73,10.47,11.59,12.27
2026-09-18 00:00:00+00:00,Cinfães,1804,26.57,1.06,23.98,28.46,25.81,26.88,27.33,18.06,0.74,16.21,19.26,17.56,18.24,18.62,10.99,0.74,9.64,12.76,10.43,10.87,11.53
2026-09-19 00:00:00+00:00,Cinfães,1804,30.16,0.63,28.67,31.58,29.74,30.22,30.54,20.97,0.66,19.57,22.44,20.52,20.90,21.46,13.16,0.82,11.78,15.19,12.53,12.95,13.68
2026-09-20 00:00:00+00:00,Cinfães,1804,31.83,1.15,29.01,33.86,31.01,32.14,32.67,22.82,0.49,21.58,23.76,22.54,22.82,23.18,14.80,0.45,13.24,15.30,14.67,14.99,15.11
2026-09-21 00:00:00+00:00,Cinfães,1804,32.83,1.23,29.74,34.74,31.95,33.20,33.77,23.36,0.45,22.36,24.40,23.03,23.31,23.66,15.95,0.59,13.98,17.14,15.77,16.12,16.20
2026-09-22 00:00:00+00:00,Cinfães,1804,33.80,0.90,31.56,35.34,33.17,34.07,34.46,23.87,0.41,22.87,24.86,23.60,23.83,24.15,15.56,0.70,13.24,16.30,15.30,15.82,16.07
2026-09-23 00:00:00+00:00,Cinfães,1804,34.04,0.34,33.16,34.93,33.83,34.04,34.22,23.21,0.40,22.09,23.76,22.94,23.27,23.58,15.31,0.71,13.34,16.33,14.89,15.33,15.93
2026-09-24 00:00:00+00:00,Cinfães,1804,31.84,0.38,31.13,32.74,31.51,31.86,32.10,20.92,0.46,20.39,22.32,20.59,20.73,21.14,14.73,1.19,12.41,17.03,13.83,14.50,15.76
2026-09-25 00:00:00+00:00,Cinfães,1804,27.69,0.51,26.71,29.08,27.29,27.70,28.01,18.43,0.32,17.95,19.35,18.19,18.36,18.61,12.48,0.23,11.90,13.05,12.36,12.47,12.62
2026-09-26 00:00:00+00:00,Cinfães,1804,29.20,0.38,28.51,30.08,28.91,29.16,29.47,19.77,0.32,19.06,20.55,19.57,19.74,19.93,12.14,0.37,11.09,12.94,11.96,12.22,12.35
2026-09-27 00:00:00+00:00,Cinfães,1804,26.36,0.32,25.70,27.13,26.12,26.39,26.58,19.68,0.22,19.25,20.27,19.53,19.64,19.82,15.29,0.24,14.55,15.69,15.16,15.35,15.46
2026-09-28 00:00:00+00:00,Cinfães,1804,23.58,0.66,21.97,24.87,23.12,23.74,24.03,17.64,0.45,16.52,18.18,17.34,17.80,18.04,12.94,0.41,12.01,13.70,12.67,12.95,13.23
2026-09-29 00:00:00+00:00,Cinfães,1804,23.90,1.24,21.13,26.37,22.94,24.15,24.75,19.46,1.20,16.72,21.56,18.55,19.75,20.37,15.32,0.61,13.95,16.85,14.96,15.30,15.64
2026-09-10 00:00:00+00:00,Lamego,1805,25.87,1.00,24.21,27.74,24.92,26.03,26.68,17.38,0.87,16.01,19.05,16.56,17.45,18.10,9.35,0.92,7.91,11.05,8.50,9.36,10.15
2026-09-11 00:00:00+00:00,Lamego,1805,29.72,1.02,28.01,31.59,28.75,29.89,30.55,21.23,0.59,20.30,22.41,20.66,21.26,21.70,13.69,0.22,13.40,14.23,13.48,13.66,13.85
2026-09-12 00:00:00+00:00,Lamego,1805,30.38,1.32,28.21,32.77,29.12,30.51,31.49,22.20,0.79,20.91,23.62,21.46,22.25,22.89,14.90,0.56,14.01,15.94,14.39,14.88,15.40
2026-09-13 00:00:00+00:00,Lamego,1805,32.79,1.07,31.01,34.71,31.76,32.98,33.67,23.49,0.54,22.61,24.46,22.99,23.55,23.94,15.81,0.27,15.40,16.51,15.59,15.78,16.02
2026-09-14 00:00:00+00:00,Lamego,1805,33.31,1.13,31.51,35.45,32.22,33.43,34.23,24.38,0.31,23.90,25.04,24.10,24.40,24.60,16.82,0.14,16.46,17.00,16.70,16.84,16.94
2026-09-15 00:00:00+00:00,Lamego,1805,30.11,0.81,28.90,31.72,29.35,30.19,30.76,21.54,0.45,20.90,22.52,21.11,21.55,21.87,14.63,0.20,14.30,15.00,14.43,14.66,14.78
2026-09-16 00:00:00+00:00,Lamego,1805,25.70,1.30,23.61,28.11,24.46,25.80,26.79,18.43,1.05,16.81,20.50,17.43,18.48,19.30,12.63,0.74,11.51,14.08,11.92,12.62,13.25
2026-09-17 00:00:00+00:00,Lamego,1805,23.45,1.39,21.21,26.01,22.12,23.57,24.63,16.31,1.09,14.61,18.39,15.28,16.32,17.24,10.15,0.87,8.81,11.81,9.33,10.19,10.89
2026-09-18 00:00:00+00:00,Lamego,1805,25.70,1.24,23.71,28.00,24.52,25.81,26.75,17.50,0.96,16.01,19.31,16.60,17.51,18.32,10.58,0.74,9.50,12.01,9.91,10.49,11.22
2026-09-19 00:00:00+00:00,Lamego,1805,29.75,0.75,28.51,31.17,29.03,29.88,30.32,20.48,0.66,19.41,21.67,19.86,20.54,21.03,12.63,0.59,11.71,13.87,12.11,12.60,13.14
2026-09-20 00:00:00+00:00,Lamego,1805,30.97,1.38,28.71,33.46,29.63,31.13,32.14,22.61,0.74,21.41,23.90,21.92,22.70,23.21,15.39,0.32,14.80,16.00,15.11,15.46,15.64
2026-09-21 00:00:00+00:00,Lamego,1805,31.85,1.49,29.41,34.51,30.42,32.01,33.11,23.25,0.64,22.21,24.35,22.65,23.33,23.77,16.17,0.07,16.02,16.44,16.13,16.16,16.20
2026-09-22 00:00:00+00:00,Lamego,1805,33.09,1.08,31.31,35.05,32.06,33.23,33.99,23.98,0.60,23.01,25.01,23.41,24.03,24.46,16.56,0.31,16.10,17.43,16.29,16.54,16.79
2026-09-23 00:00:00+00:00,Lamego,1805,34.26,0.76,33.01,35.71,33.53,34.37,34.87,24.16,0.45,23.40,25.00,23.73,24.23,24.49,16.41,0.12,16.20,16.80,16.31,16.42,16.48
2026-09-24 00:00:00+00:00,Lamego,1805,34.00,0.52,33.06,35.34,33.61,33.96,34.36,23.17,0.31,22.56,23.88,22.93,23.15,23.42,16.74,0.22,16.37,17.10,16.53,16.71,16.93
2026-09-25 00:00:00+00:00,Lamego,1805,30.85,0.61,29.66,32.22,30.37,30.84,31.32,20.31,0.35,19.65,21.15,20.02,20.28,20.57,12.41,0.08,12.17,12.54,12.37,12.42,12.47
2026-09-26 00:00:00+00:00,Lamego,1805,30.90,0.35,30.32,31.86,30.64,30.86,31.13,21.00,0.19,20.66,21.57,20.85,20.96,21.11,12.79,0.10,12.57,13.11,12.72,12.79,12.84
2026-09-27 00:00:00+00:00,Lamego,1805,28.38,0.46,27.51,29.47,28.05,28.37,28.70,21.08,0.34,20.52,22.01,20.83,21.05,21.30,16.02,0.22,15.64,16.63,15.85,15.99,16.15
2026-09-28 00:00:00+00:00,Lamego,1805,23.53,1.19,21.81,26.25,22.39,23.52,24.41,17.48,0.76,16.40,19.36,16.76,17.41,18.05,12.90,0.68,11.90,14.32,12.26,12.89,13.43
2026-09-29 00:00:00+00:00,Lamego,1805,22.54,1.02,20.91,24.47,21.58,22.64,23.39,18.09,0.99,16.51,19.97,17.16,18.18,18.93,14.94,0.74,13.81,16.42,14.24,14.97,15.56
2026-09-10 00:00:00+00:00,Mangualde,1806,28.95,0.27,28.16,29.87,28.83,28.89,28.99,19.44,0.28,19.10,20.36,19.25,19.36,19.50,11.93,0.59,10.71,13.45,11.55,11.97,12.19
2026-09-11 00:00:00+00:00,Mangualde,1806,32.20,0.23,31.63,33.00,32.09,32.15,32.21,22.52,0.49,21.44,23.30,22.21,22.50,22.89,13.77,1.34,10.96,16.00,13.00,13.49,15.01
2026-09-12 00:00:00+00:00,Mangualde,1806,33.08,0.43,32.60,34.30,32.71,32.96,33.28,24.82,0.58,23.53,26.10,24.46,24.91,25.18,17.05,1.28,13.75,19.14,16.34,17.34,18.07
2026-09-13 00:00:00+00:00,Mangualde,1806,35.51,0.41,34.92,36.48,35.08,35.53,35.81,26.16,0.52,25.01,26.90,25.79,26.18,26.64,18.23,1.29,15.33,20.30,17.51,18.14,19.30
2026-09-14 00:00:00+00:00,Mangualde,1806,35.69,0.39,35.13,36.68,35.28,35.72,35.96,25.85,0.90,23.88,27.30,25.33,25.79,26.59,17.54,1.81,13.18,20.30,16.59,17.56,18.91
2026-09-15 00:00:00+00:00,Mangualde,1806,29.28,0.29,28.80,29.83,29.01,29.37,29.47,20.71,0.59,19.87,21.70,20.26,20.42,21.34,13.28,1.34,10.40,15.50,12.61,12.93,14.52
2026-09-16 00:00:00+00:00,Mangualde,1806,27.45,0.47,26.74,28.42,26.94,27.53,27.76,20.07,0.34,19.61,21.03,19.85,19.96,20.23,12.98,0.91,10.56,14.10,12.48,13.18,13.67
2026-09-17 00:00:00+00:00,Mangualde,1806,25.09,0.51,24.36,26.13,24.55,25.15,25.41,18.14,0.39,17.81,19.23,17.88,17.91,18.34,11.80,0.61,10.67,13.42,11.43,11.77,12.07
2026-09-18 00:00:00+00:00,Mangualde,1806,27.82,0.73,26.70,29.10,27.03,28.05,28.35,19.77,0.47,18.87,21.00,19.48,19.77,19.95,12.46,0.86,10.45,14.32,11.93,12.60,13.04
2026-09-19 00:00:00+00:00,Mangualde,1806,31.40,0.71,30.63,33.21,30.77,31.14,31.84,22.70,0.54,21.53,23.92,22.36,22.78,22.99,15.36,0.85,13.27,16.91,14.85,15.52,16.02
2026-09-20 00:00:00+00:00,Mangualde,1806,32.99,0.74,31.89,34.38,32.20,33.19,33.49,24.95,0.67,23.32,25.80,24.55,25.05,25.55,17.52,1.55,13.59,19.70,16.68,17.70,18.51
2026-09-21 00:00:00+00:00,Mangualde,1806,34.05,0.68,32.99,35.20,33.30,34.29,34.56,25.34,0.64,23.88,26.30,24.94,25.34,25.80,17.81,1.69,13.97,20.50,16.86,17.71,19.17
2026-09-22 00:00:00+00:00,Mangualde,1806,35.54,0.37,35.01,36.43,35.17,35.56,35.77,25.85,0.65,24.30,26.70,25.43,25.92,26.43,17.21,1.41,13.47,19.00,16.42,17.47,18.32
2026-09-23 00:00:00+00:00,Mangualde,1806,36.40,0.42,35.74,37.23,35.95,36.47,36.72,25.87,0.90,23.89,27.30,25.35,25.81,26.58,17.70,2.34,12.26,21.40,16.49,17.56,19.58
2026-09-24 00:00:00+00:00,Mangualde,1806,32.74,0.75,31.18,34.24,32.11,32.65,33.36,23.85,0.13,23.48,24.08,23.77,23.85,23.95,15.82,2.20,11.81,19.60,14.57,14.88,18.04
2026-09-25 00:00:00+00:00,Mangualde,1806,29.54,0.26,28.91,30.12,29.41,29.51,29.72,19.71,0.63,18.69,20.95,19.19,19.59,20.27,13.17,0.84,11.82,14.95,12.50,12.99,13.93
2026-09-26 00:00:00+00:00,Mangualde,1806,31.16,0.91,29.43,32.84,30.35,31.14,31.93,21.90,0.22,21.46,22.27,21.71,21.93,22.09,14.04,0.65,12.65,15.17,13.53,14.16,14.60
2026-09-27 00:00:00+00:00,Mangualde,1806,27.39,0.76,25.88,28.94,26.74,27.29,28.02,20.55,0.20,20.01,20.87,20.42,20.57,20.71,15.56,0.16,15.12,15.78,15.45,15.60,15.69
2026-09-28 00:00:00+00:00,Mangualde,1806,24.35,0.61,23.40,25.39,23.69,24.56,24.81,18.46,0.30,17.85,19.18,18.26,18.49,18.60,13.37,0.82,11.40,14.60,12.90,13.44,13.96
2026-09-29 00:00:00+00:00,Mangualde,1806,25.10,0.42,24.41,25.93,24.65,25.23,25.41,20.79,0.34,20.37,21.77,20.50,20.73,20.95,16.61,0.72,15.14,18.32,16.19,16.63,16.95
2026-09-10 00:00:00+00:00,Moimenta da Beira,1807,27.42,0.43,26.87,28.82,27.21,27.24,27.40,18.26,0.11,17.75,18.58,18.26,18.29,18.30,9.71,0.21,9.07,10.12,9.64,9.80,9.82
2026-09-11 00:00:00+00:00,Moimenta da Beira,1807,31.81,0.28,31.03,32.63,31.76,31.80,31.83,21.86,0.10,21.61,22.11,21.81,21.83,21.91,13.42,0.20,13.20,13.87,13.25,13.36,13.54
2026-09-12 00:00:00+00:00,Moimenta da Beira,1807,32.24,0.30,31.48,33.22,32.16,32.20,32.25,22.87,0.23,22.60,23.49,22.73,22.77,22.91,14.91,0.45,14.50,16.00,14.56,14.73,15.08
2026-09-13 00:00:00+00:00,Moimenta da Beira,1807,34.89,0.26,33.87,35.21,34.78,34.99,35.08,24.06,0.21,23.84,24.61,23.92,23.96,24.09,15.66,0.41,15.30,16.61,15.34,15.48,15.85
2026-09-14 00:00:00+00:00,Moimenta da Beira,1807,35.59,0.68,33.98,36.24,35.09,35.90,36.16,24.84,0.05,24.70,24.98,24.81,24.82,24.87,16.75,0.19,16.43,17.18,16.60,16.67,16.88
2026-09-15 00:00:00+00:00,Moimenta da Beira,1807,32.44,0.77,30.76,33.20,31.82,32.76,33.09,22.61,0.30,21.88,22.90,22.37,22.74,22.88,15.51,0.12,15.11,15.84,15.46,15.53,15.58
2026-09-16 00:00:00+00:00,Moimenta da Beira,1807,27.61,0.26,26.68,28.30,27.52,27.66,27.70,19.46,0.20,18.72,19.95,19.31,19.54,19.60,13.07,0.10,12.69,13.40,13.03,13.10,13.12
2026-09-17 00:00:00+00:00,Moimenta da Beira,1807,25.44,0.30,24.51,26.38,25.36,25.47,25.51,17.10,0.17,16.44,17.59,16.97,17.16,17.20,10.99,0.51,9.74,11.55,10.71,11.23,11.39
2026-09-18 00:00:00+00:00,Moimenta da Beira,1807,27.31,0.20,26.47,27.70,27.26,27.37,27.40,18.17,0.11,17.80,18.42,18.11,18.14,18.21,10.29,0.28,10.00,10.94,10.07,10.21,10.42
2026-09-19 00:00:00+00:00,Moimenta da Beira,1807,31.18,0.25,30.36,31.56,30.98,31.29,31.39,21.10,0.14,20.87,21.46,21.01,21.05,21.13,12.43,0.59,11.90,13.89,11.98,12.16,12.66
2026-09-20 00:00:00+00:00,Moimenta da Beira,1807,33.40,0.51,31.86,33.97,32.89,33.59,33.86,23.45,0.12,23.13,23.75,23.40,23.42,23.49,15.81,0.51,15.40,17.09,15.43,15.58,15.98
2026-09-21 00:00:00+00:00,Moimenta da Beira,1807,34.33,0.32,33.04,34.72,34.19,34.46,34.58,24.15,0.15,23.80,24.59,24.10,24.11,24.16,15.98,0.43,15.59,17.00,15.63,15.79,16.18
2026-09-22 00:00:00+00:00,Moimenta da Beira,1807,34.84,0.22,34.07,35.44,34.79,34.87,34.90,24.83,0.13,24.49,25.19,24.80,24.80,24.84,16.74,0.43,16.30,17.81,16.41,16.55,16.89
2026-09-23 00:00:00+00:00,Moimenta da Beira,1807,35.34,0.24,34.97,36.08,35.21,35.24,35.35,24.96,0.25,24.66,25.68,24.81,24.84,24.98,16.59,0.24,16.29,17.17,16.40,16.49,16.71
2026-09-24 00:00:00+00:00,Moimenta da Beira,1807,33.85,0.17,33.12,34.21,33.85,33.90,33.92,23.62,0.02,23.56,23.70,23.61,23.61,23.62,16.70,0.31,16.36,17.58,16.50,16.56,16.81
2026-09-25 00:00:00+00:00,Moimenta da Beira,1807,31.46,0.26,30.34,31.77,31.46,31.58,31.60,20.68,0.06,20.40,20.84,20.68,20.70,20.71,12.65,0.09,12.57,13.00,12.60,12.61,12.66
2026-09-26 00:00:00+00:00,Moimenta da Beira,1807,30.51,0.06,30.33,30.76,30.49,30.50,30.53,20.86,0.07,20.80,21.14,20.81,20.84,20.89,12.90,0.17,12.80,13.62,12.81,12.83,12.90
2026-09-27 00:00:00+00:00,Moimenta da Beira,1807,28.60,0.21,27.72,28.87,28.59,28.69,28.70,20.83,0.04,20.72,21.06,20.81,20.82,20.84,15.99,0.04,15.83,16.13,15.99,16.00,16.01
2026-09-28 00:00:00+00:00,Moimenta da Beira,1807,25.59,1.03,23.16,26.50,24.97,26.07,26.43,18.07,0.31,17.33,18.57,17.89,18.21,18.30,13.20,0.16,12.79,13.59,13.11,13.27,13.30
2026-09-29 00:00:00+00:00,Moimenta da Beira,1807,23.79,0.80,21.62,24.60,23.44,24.16,24.39,19.16,0.44,18.06,19.76,18.91,19.37,19.50,15.62,0.36,14.73,16.12,15.43,15.79,15.90
2026-09-10 00:00:00+00:00,Mortágua,1808,28.69,0.19,28.00,29.12,28.61,28.67,28.82,19.12,0.13,18.90,19.53,19.05,19.10,19.16,10.91,0.55,9.91,12.08,10.42,11.00,11.39
2026-09-11 00:00:00+00:00,Mortágua,1808,31.38,0.30,30.64,31.87,31.14,31.51,31.61,21.16,0.15,20.91,21.54,21.05,21.14,21.25,12.35,0.46,11.51,13.11,11.94,12.43,12.77
2026-09-12 00:00:00+00:00,Mortágua,1808,35.60,0.29,34.52,36.19,35.51,35.62,35.79,24.69,0.18,24.23,25.26,24.61,24.71,24.78,14.39,0.65,13.12,15.51,13.84,14.58,14.93
2026-09-13 00:00:00+00:00,Mortágua,1808,37.01,0.26,36.01,37.50,36.92,37.02,37.18,25.55,0.33,24.91,26.42,25.30,25.63,25.73,15.14,1.03,13.12,17.30,14.26,15.40,15.95
2026-09-14 00:00:00+00:00,Mortágua,1808,35.20,0.21,34.40,35.70,35.12,35.20,35.29,23.27,0.52,22.60,25.02,22.86,23.17,23.47,12.54,0.91,11.20,14.81,11.79,12.46,13.14
2026-09-15 00:00:00+00:00,Mortágua,1808,26.35,0.23,25.53,26.89,26.26,26.32,26.47,18.97,0.18,18.57,19.65,18.86,18.91,19.02,13.44,0.82,12.40,15.71,12.78,13.28,13.88
2026-09-16 00:00:00+00:00,Mortágua,1808,28.28,0.81,25.50,29.66,27.87,28.56,28.80,20.42,0.55,18.43,20.99,20.18,20.62,20.85,14.65,0.40,13.33,15.47,14.47,14.76,14.90
2026-09-17 00:00:00+00:00,Mortágua,1808,27.38,0.22,26.39,27.98,27.32,27.40,27.45,19.82,0.25,18.75,20.10,19.72,19.89,19.99,12.36,0.29,11.85,13.45,12.19,12.27,12.42
2026-09-18 00:00:00+00:00,Mortágua,1808,29.73,0.35,28.36,30.10,29.59,29.85,29.97,19.02,0.16,18.55,19.39,18.96,19.01,19.10,8.76,0.53,8.10,10.48,8.34,8.61,9.06
2026-09-19 00:00:00+00:00,Mortágua,1808,33.37,0.15,32.92,33.77,33.30,33.39,33.44,21.74,0.43,21.20,23.16,21.40,21.65,21.91,11.18,1.45,9.50,16.54,10.11,10.84,11.73
2026-09-20 00:00:00+00:00,Mortágua,1808,35.19,0.11,34.69,35.36,35.13,35.22,35.28,23.89,0.58,23.20,25.96,23.45,23.75,24.10,12.84,1.86,10.60,19.68,11.43,12.42,13.58
2026-09-21 00:00:00+00:00,Mortágua,1808,36.15,0.15,35.46,36.39,36.06,36.18,36.27,23.87,0.61,23.10,25.72,23.38,23.72,24.19,13.21,1.65,11.10,18.51,11.89,12.93,14.06
2026-09-22 00:00:00+00:00,Mortágua,1808,37.05,0.25,36.15,37.30,36.93,37.14,37.26,23.47,0.49,22.80,24.94,23.09,23.40,23.73,11.38,1.43,9.60,16.15,10.26,11.07,12.08
2026-09-23 00:00:00+00:00,Mortágua,1808,34.61,0.32,33.57,35.02,34.47,34.74,34.82,21.86,0.40,21.18,22.96,21.56,21.72,22.10,11.23,0.73,10.10,13.20,10.64,11.19,11.77
2026-09-24 00:00:00+00:00,Mortágua,1808,31.70,0.33,31.13,32.56,31.46,31.66,31.88,20.64,0.57,19.66,21.71,20.15,20.64,21.13,11.25,0.77,10.20,13.75,10.64,11.13,11.71
2026-09-25 00:00:00+00:00,Mortágua,1808,27.50,0.37,26.83,28.25,27.19,27.49,27.82,19.06,0.20,18.74,19.50,18.90,19.02,19.22,13.53,0.24,13.20,14.07,13.32,13.48,13.73
2026-09-26 00:00:00+00:00,Mortágua,1808,30.66,0.53,29.76,31.90,30.22,30.61,31.00,20.28,0.40,19.58,21.06,19.94,20.28,20.62,12.42,0.41,11.68,13.20,12.08,12.42,12.75
2026-09-27 00:00:00+00:00,Mortágua,1808,28.21,0.17,27.89,28.65,28.08,28.20,28.33,20.36,0.18,20.06,20.78,20.21,20.34,20.47,15.57,0.05,15.49,15.73,15.53,15.55,15.59
2026-09-28 00:00:00+00:00,Mortágua,1808,25.68,0.23,24.41,25.95,25.66,25.77,25.80,18.97,0.14,18.80,19.39,18.85,18.93,19.08,12.45,0.48,11.90,13.82,12.04,12.31,12.78
2026-09-29 00:00:00+00:00,Mortágua,1808,27.62,0.14,27.13,27.97,27.55,27.66,27.70,22.58,0.14,22.27,23.10,22.50,22.53,22.59,16.99,0.15,16.76,17.55,16.87,16.97,17.06
2026-09-10 00:00:00+00:00,Nelas,1809,30.13,0.34,29.30,30.90,29.95,30.08,30.20,20.37,0.18,19.81,20.60,20.23,20.41,20.53,13.10,0.83,11.10,13.90,12.79,13.37,13.71
2026-09-11 00:00:00+00:00,Nelas,1809,33.22,0.29,32.48,33.90,33.07,33.18,33.29,22.85,0.13,22.55,23.00,22.75,22.88,22.96,13.31,0.40,12.30,13.60,13.23,13.51,13.56
2026-09-12 00:00:00+00:00,Nelas,1809,34.68,0.50,33.66,35.90,34.42,34.50,34.78,26.16,0.20,25.37,26.40,26.02,26.20,26.33,18.68,1.10,16.00,19.70,18.26,19.05,19.48
2026-09-13 00:00:00+00:00,Nelas,1809,36.72,0.31,35.88,37.40,36.56,36.68,36.79,26.88,0.11,26.34,27.00,26.86,26.90,26.96,18.53,0.23,18.16,19.10,18.40,18.42,18.59
2026-09-14 00:00:00+00:00,Nelas,1809,36.84,0.18,36.16,37.12,36.76,36.88,36.92,26.23,0.12,25.80,26.40,26.15,26.23,26.33,18.08,0.34,17.29,18.50,17.86,18.18,18.37
2026-09-15 00:00:00+00:00,Nelas,1809,29.49,0.20,29.00,29.70,29.38,29.56,29.65,19.83,0.31,19.00,20.29,19.76,19.99,20.01,12.38,0.35,11.40,12.89,12.34,12.50,12.56
2026-09-16 00:00:00+00:00,Nelas,1809,28.86,0.61,28.04,30.40,28.50,28.54,29.02,21.27,0.27,20.57,21.90,21.14,21.20,21.34,14.04,0.50,13.40,15.30,13.72,13.78,14.20
2026-09-17 00:00:00+00:00,Nelas,1809,26.53,0.53,25.78,27.80,26.20,26.25,26.69,19.45,0.25,18.72,20.01,19.33,19.40,19.53,13.43,0.29,12.55,13.80,13.21,13.51,13.69
2026-09-18 00:00:00+00:00,Nelas,1809,29.52,0.57,28.66,30.90,29.20,29.24,29.68,21.09,0.17,20.31,21.30,21.04,21.10,21.23,13.82,1.14,11.18,15.00,13.33,14.19,14.69
2026-09-19 00:00:00+00:00,Nelas,1809,33.50,0.31,32.43,34.11,33.36,33.50,33.61,24.06,0.17,23.22,24.30,24.00,24.12,24.18,16.78,0.50,15.72,17.40,16.44,16.92,17.21
2026-09-20 00:00:00+00:00,Nelas,1809,34.81,0.57,33.87,36.20,34.49,34.54,34.97,25.93,0.15,25.23,26.20,25.87,25.96,26.00,18.41,0.32,17.67,18.80,18.13,18.50,18.67
2026-09-21 00:00:00+00:00,Nelas,1809,35.55,0.48,34.75,36.70,35.28,35.33,35.69,26.01,0.19,25.42,26.50,25.92,25.99,26.04,18.30,0.33,17.58,18.70,18.07,18.39,18.57
2026-09-22 00:00:00+00:00,Nelas,1809,36.87,0.62,36.06,38.40,36.50,36.55,37.03,26.64,0.28,26.03,27.00,26.41,26.70,26.88,17.93,1.21,15.06,19.10,17.42,18.42,18.82
2026-09-23 00:00:00+00:00,Nelas,1809,37.45,0.27,36.80,38.10,37.30,37.40,37.51,26.27,0.25,25.70,26.60,26.06,26.32,26.49,18.07,0.65,16.51,18.80,17.69,18.29,18.58
2026-09-24 00:00:00+00:00,Nelas,1809,34.27,0.13,33.72,34.40,34.21,34.30,34.37,24.07,0.02,23.97,24.10,24.06,24.08,24.09,14.36,0.34,13.52,14.80,14.24,14.53,14.58
2026-09-25 00:00:00+00:00,Nelas,1809,30.13,0.07,29.84,30.20,30.10,30.15,30.19,18.68,0.08,18.60,19.04,18.62,18.66,18.72,11.81,0.11,11.70,12.31,11.72,11.78,11.87
2026-09-26 00:00:00+00:00,Nelas,1809,32.87,0.13,32.28,33.00,32.81,32.90,32.97,22.27,0.03,22.15,22.30,22.26,22.28,22.29,12.63,0.12,12.50,13.12,12.53,12.60,12.68
2026-09-27 00:00:00+00:00,Nelas,1809,28.97,0.13,28.41,29.10,28.91,29.00,29.07,20.87,0.03,20.73,20.90,20.87,20.88,20.89,15.78,0.02,15.68,15.80,15.78,15.79,15.80
2026-09-28 00:00:00+00:00,Nelas,1809,25.67,0.36,24.98,26.53,25.48,25.52,25.78,19.34,0.17,18.85,19.72,19.26,19.30,19.39,13.76,0.25,13.10,14.00,13.67,13.84,13.94
2026-09-29 00:00:00+00:00,Nelas,1809,25.87,0.27,25.41,26.56,25.70,25.75,25.99,22.03,0.32,21.36,22.79,21.87,21.92,22.12,18.58,0.27,17.57,19.10,18.46,18.58,18.67
2026-09-10 00:00:00+00:00,Oliveira de Frades,1810,25.69,0.30,25.40,26.85,25.46,25.60,25.77,19.10,0.16,18.68,19.30,19.01,19.12,19.24,11.69,0.07,11.39,11.79,11.68,11.70,11.73
2026-09-11 00:00:00+00:00,Oliveira de Frades,1810,29.26,0.19,29.10,30.09,29.13,29.19,29.27,22.38,0.18,21.95,22.60,22.24,22.42,22.54,14.58,0.40,13.36,15.26,14.35,14.60,14.86
2026-09-12 00:00:00+00:00,Oliveira de Frades,1810,32.26,0.13,32.02,33.04,32.20,32.22,32.28,25.35,0.27,24.78,25.70,25.16,25.39,25.60,17.88,0.65,15.90,18.94,17.51,17.96,18.35
2026-09-13 00:00:00+00:00,Oliveira de Frades,1810,33.79,0.15,33.57,34.62,33.70,33.75,33.83,26.62,0.30,25.72,27.00,26.39,26.67,26.89,18.62,0.88,15.72,19.94,18.13,18.78,19.23
2026-09-14 00:00:00+00:00,Oliveira de Frades,1810,32.97,0.40,32.60,34.38,32.68,32.85,33.01,25.93,0.33,24.82,26.30,25.69,26.01,26.23,18.26,0.93,16.06,19.92,17.64,18.15,19.06
2026-09-15 00:00:00+00:00,Oliveira de Frades,1810,26.45,0.22,26.20,26.99,26.28,26.40,26.50,19.30,0.45,18.80,20.59,18.97,19.16,19.43,15.38,0.54,13.51,16.24,15.11,15.48,15.72
2026-09-16 00:00:00+00:00,Oliveira de Frades,1810,26.41,0.14,26.03,27.24,26.37,26.39,26.42,19.55,0.12,19.17,19.82,19.49,19.57,19.64,13.44,0.16,13.30,14.07,13.33,13.38,13.48
2026-09-17 00:00:00+00:00,Oliveira de Frades,1810,24.32,0.29,23.97,25.70,24.11,24.24,24.45,18.39,0.29,17.41,18.70,18.31,18.51,18.58,11.32,0.32,10.73,11.98,11.05,11.37,11.58
2026-09-18 00:00:00+00:00,Oliveira de Frades,1810,26.91,0.21,26.53,28.09,26.80,26.85,26.94,20.05,0.36,19.24,20.50,19.86,20.11,20.37,11.61,0.34,10.51,12.18,11.38,11.57,11.90
2026-09-19 00:00:00+00:00,Oliveira de Frades,1810,30.33,0.24,29.88,31.62,30.20,30.26,30.38,23.09,0.41,22.23,23.60,22.85,23.16,23.46,14.75,0.61,13.07,15.76,14.35,14.75,15.23
2026-09-20 00:00:00+00:00,Oliveira de Frades,1810,31.82,0.30,31.38,33.30,31.60,31.75,31.93,24.32,0.27,23.31,24.60,24.20,24.41,24.51,17.43,0.76,15.32,18.66,16.94,17.42,18.03
2026-09-21 00:00:00+00:00,Oliveira de Frades,1810,32.68,0.41,32.30,34.35,32.36,32.56,32.84,26.09,0.42,24.96,26.60,25.88,26.18,26.46,18.55,0.94,16.03,20.21,17.93,18.52,19.27
2026-09-22 00:00:00+00:00,Oliveira de Frades,1810,33.87,0.35,33.60,35.44,33.64,33.75,33.91,26.83,0.50,25.24,27.40,26.50,26.94,27.26,18.75,1.29,15.71,21.08,17.86,18.60,19.83
2026-09-23 00:00:00+00:00,Oliveira de Frades,1810,33.22,0.35,32.90,34.37,32.98,33.11,33.27,25.96,0.49,24.25,26.50,25.63,26.10,26.40,18.15,1.12,15.44,20.11,17.35,18.03,19.12
2026-09-24 00:00:00+00:00,Oliveira de Frades,1810,31.04,0.52,29.82,32.02,30.63,31.18,31.46,21.23,0.57,20.25,22.54,20.77,21.10,21.68,17.27,1.19,14.68,19.47,16.43,17.10,18.26
2026-09-25 00:00:00+00:00,Oliveira de Frades,1810,27.46,0.38,26.65,28.07,27.16,27.54,27.78,18.81,0.21,18.46,19.24,18.63,18.77,18.98,12.68,0.26,12.01,13.10,12.53,12.71,12.87
2026-09-26 00:00:00+00:00,Oliveira de Frades,1810,29.45,0.43,28.62,30.47,29.16,29.36,29.76,20.11,0.44,19.32,20.99,19.75,20.05,20.49,12.72,0.49,11.54,13.81,12.39,12.70,13.07
2026-09-27 00:00:00+00:00,Oliveira de Frades,1810,26.80,0.27,26.48,27.57,26.61,26.69,26.86,19.89,0.23,19.40,20.35,19.70,19.90,20.05,15.21,0.20,14.65,15.51,15.09,15.24,15.34
2026-09-28 00:00:00+00:00,Oliveira de Frades,1810,22.10,0.65,21.40,24.12,21.57,21.91,22.33,17.83,0.22,17.42,18.41,17.64,17.88,18.00,13.31,0.07,13.04,13.40,13.30,13.34,13.36
2026-09-29 00:00:00+00:00,Oliveira de Frades,1810,23.68,0.28,23.04,25.03,23.50,23.62,23.80,19.28,0.66,18.07,20.68,18.71,19.36,19.78,15.92,0.31,15.33,16.58,15.66,15.96,16.14
2026-09-10 00:00:00+00:00,Penalva do Castelo,1811,28.79,0.29,27.85,29.10,28.64,28.87,29.03,19.10,0.14,18.70,19.34,19.02,19.15,19.20,10.98,0.37,10.60,11.97,10.67,10.86,11.21
2026-09-11 00:00:00+00:00,Penalva do Castelo,1811,32.06,0.14,31.59,32.20,31.98,32.10,32.17,21.92,0.51,21.30,23.04,21.45,21.78,22.33,12.40,1.51,10.50,15.34,10.96,12.11,13.77
2026-09-12 00:00:00+00:00,Penalva do Castelo,1811,32.78,0.29,31.94,33.10,32.60,32.83,33.03,23.86,0.42,23.40,24.95,23.51,23.74,24.13,15.00,1.31,13.30,17.62,13.74,14.75,16.14
2026-09-13 00:00:00+00:00,Penalva do Castelo,1811,35.60,0.54,34.35,36.30,35.13,35.68,36.12,25.37,0.46,24.90,26.61,24.99,25.21,25.62,16.55,1.35,14.90,19.61,15.32,16.23,17.58
2026-09-14 00:00:00+00:00,Penalva do Castelo,1811,35.75,0.41,34.98,36.30,35.35,35.76,36.15,24.76,0.94,23.60,26.83,23.88,24.55,25.52,15.23,2.13,12.50,19.38,13.18,14.85,17.13
2026-09-15 00:00:00+00:00,Penalva do Castelo,1811,29.68,0.26,28.96,30.05,29.55,29.79,29.88,20.47,0.61,19.70,21.49,19.87,20.33,21.09,12.00,1.61,9.90,14.86,10.41,11.71,13.58
2026-09-16 00:00:00+00:00,Penalva do Castelo,1811,27.38,0.42,26.44,27.90,26.97,27.47,27.78,19.62,0.10,19.40,19.92,19.57,19.60,19.65,11.63,1.09,10.20,13.65,10.56,11.45,12.66
2026-09-17 00:00:00+00:00,Penalva do Castelo,1811,24.93,0.38,24.08,25.40,24.57,25.03,25.30,17.72,0.18,17.23,17.90,17.62,17.77,17.87,10.85,0.31,10.41,11.70,10.61,10.71,11.02
2026-09-18 00:00:00+00:00,Penalva do Castelo,1811,27.88,0.60,26.72,28.60,27.29,28.05,28.44,19.04,0.24,18.80,19.74,18.85,18.95,19.14,11.09,0.73,10.20,12.73,10.43,10.92,11.66
2026-09-19 00:00:00+00:00,Penalva do Castelo,1811,31.00,0.15,30.64,31.31,30.87,31.07,31.10,21.85,0.37,21.40,22.78,21.52,21.77,22.11,13.92,0.76,13.00,15.70,13.25,13.75,14.48
2026-09-20 00:00:00+00:00,Penalva do Castelo,1811,33.00,0.53,31.93,33.60,32.50,33.20,33.49,23.90,0.66,23.10,25.44,23.31,23.75,24.38,15.29,1.79,13.00,18.89,13.59,14.92,16.87
2026-09-21 00:00:00+00:00,Penalva do Castelo,1811,34.17,0.62,32.89,34.90,33.56,34.37,34.74,24.44,0.63,23.70,25.95,23.88,24.28,24.89,15.69,1.86,13.40,19.61,13.96,15.25,17.26
2026-09-22 00:00:00+00:00,Penalva do Castelo,1811,35.44,0.38,34.44,35.90,35.14,35.53,35.80,24.88,0.64,24.10,26.36,24.30,24.74,25.38,15.24,1.75,12.90,18.32,13.50,15.01,16.98
2026-09-23 00:00:00+00:00,Penalva do Castelo,1811,36.57,0.45,35.56,37.10,36.14,36.71,36.98,24.79,0.95,23.60,26.83,23.89,24.60,25.56,14.83,2.68,11.40,20.20,12.25,14.35,17.20
2026-09-24 00:00:00+00:00,Penalva do Castelo,1811,32.26,0.12,31.96,32.57,32.20,32.26,32.33,23.87,0.10,23.75,24.21,23.80,23.83,23.93,14.11,2.33,11.10,18.59,11.82,13.59,16.26
2026-09-25 00:00:00+00:00,Penalva do Castelo,1811,29.34,0.38,28.60,30.08,29.09,29.33,29.66,20.26,0.42,19.66,21.23,19.90,20.19,20.60,13.71,0.50,13.05,14.94,13.26,13.60,14.10
2026-09-26 00:00:00+00:00,Penalva do Castelo,1811,30.28,0.32,29.50,30.86,30.04,30.34,30.54,21.65,0.13,21.36,21.85,21.54,21.66,21.75,14.62,0.08,14.42,14.82,14.58,14.61,14.66
2026-09-27 00:00:00+00:00,Penalva do Castelo,1811,26.81,0.09,26.55,27.01,26.77,26.82,26.86,20.58,0.06,20.47,20.76,20.54,20.56,20.61,15.63,0.04,15.53,15.71,15.60,15.63,15.65
2026-09-28 00:00:00+00:00,Penalva do Castelo,1811,24.55,0.52,23.60,25.20,24.06,24.65,25.04,17.97,0.18,17.80,18.48,17.83,17.90,18.05,12.27,0.92,11.10,14.17,11.39,12.09,13.06
2026-09-29 00:00:00+00:00,Penalva do Castelo,1811,25.31,0.60,24.14,26.10,24.72,25.40,25.91,20.53,0.37,19.67,21.00,20.28,20.58,20.88,15.46,0.42,15.00,16.55,15.10,15.34,15.76
2026-09-10 00:00:00+00:00,Penedono,1812,27.30,0.41,26.51,28.33,26.96,27.28,27.59,18.51,0.27,18.02,19.24,18.28,18.48,18.68,10.47,0.16,10.22,10.93,10.35,10.44,10.55
2026-09-11 00:00:00+00:00,Penedono,1812,31.61,0.34,30.92,32.45,31.34,31.61,31.85,22.15,0.07,22.03,22.46,22.10,22.12,22.17,14.04,0.27,13.63,14.72,13.82,13.94,14.22
2026-09-12 00:00:00+00:00,Penedono,1812,31.97,0.55,30.87,33.21,31.52,32.01,32.39,23.10,0.07,23.03,23.39,23.06,23.08,23.13,15.35,0.20,15.06,15.78,15.16,15.29,15.50
2026-09-13 00:00:00+00:00,Penedono,1812,34.33,0.49,33.33,35.42,33.93,34.36,34.71,24.09,0.09,23.84,24.25,24.04,24.09,24.16,15.50,0.34,14.86,16.16,15.22,15.53,15.78
2026-09-14 00:00:00+00:00,Penedono,1812,35.70,0.32,35.12,36.53,35.45,35.67,35.92,25.01,0.14,24.67,25.31,24.93,24.98,25.10,16.39,0.71,15.02,17.80,15.80,16.47,16.91
2026-09-15 00:00:00+00:00,Penedono,1812,32.19,0.40,31.30,32.89,31.85,32.25,32.52,22.76,0.13,22.51,23.05,22.67,22.78,22.85,14.91,0.27,14.20,15.32,14.73,15.01,15.09
2026-09-16 00:00:00+00:00,Penedono,1812,27.22,0.67,25.88,28.62,26.68,27.29,27.73,19.92,0.39,19.24,20.90,19.60,19.84,20.22,13.83,0.17,13.50,14.25,13.70,13.84,13.93
2026-09-17 00:00:00+00:00,Penedono,1812,25.02,0.69,23.62,26.46,24.45,25.09,25.56,17.48,0.46,16.66,18.59,17.10,17.43,17.82,11.18,0.32,10.61,11.96,10.90,11.18,11.40
2026-09-18 00:00:00+00:00,Penedono,1812,27.18,0.55,26.10,28.40,26.75,27.22,27.59,18.56,0.21,18.23,19.15,18.40,18.50,18.69,10.95,0.11,10.67,11.24,10.88,10.94,11.02
2026-09-19 00:00:00+00:00,Penedono,1812,31.23,0.28,30.70,31.98,31.00,31.21,31.41,21.32,0.06,21.25,21.57,21.29,21.31,21.34,12.88,0.21,12.56,13.32,12.70,12.84,13.04
2026-09-20 00:00:00+00:00,Penedono,1812,32.89,0.65,31.55,34.22,32.34,33.00,33.40,23.51,0.09,23.22,23.65,23.48,23.52,23.57,15.79,0.50,14.87,16.80,15.36,15.79,16.20
2026-09-21 00:00:00+00:00,Penedono,1812,33.53,0.70,32.06,34.94,32.96,33.63,34.08,24.07,0.07,23.86,24.17,24.05,24.09,24.12,15.98,0.49,15.06,16.94,15.58,15.97,16.39
2026-09-22 00:00:00+00:00,Penedono,1812,34.45,0.51,33.44,35.57,34.04,34.50,34.82,24.74,0.04,24.60,24.80,24.72,24.75,24.77,16.57,0.48,15.55,17.45,16.21,16.62,16.94
2026-09-23 00:00:00+00:00,Penedono,1812,35.19,0.37,34.44,36.08,34.88,35.20,35.45,24.79,0.17,24.33,25.03,24.71,24.82,24.92,16.31,0.62,15.10,17.53,15.80,16.36,16.80
2026-09-24 00:00:00+00:00,Penedono,1812,34.19,0.34,33.63,34.98,33.88,34.18,34.44,23.85,0.23,23.37,24.41,23.71,23.79,24.01,16.06,0.53,14.94,17.07,15.64,16.17,16.44
2026-09-25 00:00:00+00:00,Penedono,1812,31.61,0.31,31.01,32.24,31.34,31.64,31.84,21.19,0.17,20.96,21.63,21.06,21.12,21.32,13.05,0.76,11.82,14.79,12.43,12.87,13.62
2026-09-26 00:00:00+00:00,Penedono,1812,30.35,0.44,29.41,31.28,29.99,30.44,30.68,20.93,0.10,20.60,21.14,20.90,20.96,20.99,12.88,0.54,11.83,14.05,12.45,12.84,13.30
2026-09-27 00:00:00+00:00,Penedono,1812,28.49,0.37,27.73,29.22,28.18,28.56,28.76,21.20,0.12,21.04,21.62,21.12,21.16,21.24,15.86,0.13,15.46,16.12,15.80,15.88,15.93
2026-09-28 00:00:00+00:00,Penedono,1812,25.60,0.47,24.66,26.65,25.20,25.64,25.95,18.48,0.37,17.80,19.34,18.19,18.42,18.77,13.63,0.24,13.26,14.29,13.45,13.60,13.79
2026-09-29 00:00:00+00:00,Penedono,1812,24.32,0.32,23.75,25.21,24.07,24.28,24.54,19.64,0.37,18.93,20.54,19.35,19.58,19.93,16.08,0.36,15.41,16.85,15.79,16.02,16.34
2026-09-10 00:00:00+00:00,Resende,1813,25.36,0.51,24.39,26.50,24.90,25.39,25.77,17.00,0.46,16.15,18.04,16.60,17.00,17.38,9.16,0.61,8.07,10.54,8.65,9.19,9.64
2026-09-11 00:00:00+00:00,Resende,1813,29.14,0.51,28.19,30.31,28.69,29.16,29.53,20.83,0.25,20.39,21.57,20.64,20.83,20.97,13.49,0.10,13.31,13.78,13.44,13.46,13.53
2026-09-12 00:00:00+00:00,Resende,1813,29.84,0.74,28.45,31.43,29.21,29.85,30.46,21.93,0.46,21.06,22.92,21.56,21.95,22.33,14.75,0.33,14.12,15.50,14.47,14.75,15.03
2026-09-13 00:00:00+00:00,Resende,1813,32.29,0.58,31.20,33.51,31.78,32.31,32.77,23.23,0.27,22.71,23.92,23.02,23.24,23.43,15.65,0.12,15.46,16.06,15.57,15.61,15.69
2026-09-14 00:00:00+00:00,Resende,1813,32.56,0.51,31.67,33.88,32.14,32.58,32.93,24.03,0.15,23.59,24.41,23.96,24.00,24.08,16.76,0.19,16.17,17.00,16.67,16.83,16.90
2026-09-15 00:00:00+00:00,Resende,1813,29.22,0.35,28.58,30.18,28.99,29.10,29.39,20.96,0.23,20.40,21.51,20.85,20.94,21.07,14.33,0.15,13.93,14.64,14.27,14.33,14.40
2026-09-16 00:00:00+00:00,Resende,1813,25.09,0.69,23.82,26.64,24.49,25.11,25.65,17.93,0.53,16.96,19.20,17.45,17.93,18.35,12.31,0.38,11.61,13.22,11.97,12.30,12.62
2026-09-17 00:00:00+00:00,Resende,1813,22.85,0.76,21.44,24.53,22.18,22.86,23.47,15.95,0.64,14.78,17.25,15.41,15.99,16.50,9.83,0.49,8.94,10.87,9.40,9.84,10.24
2026-09-18 00:00:00+00:00,Resende,1813,25.17,0.68,23.92,26.67,24.58,25.18,25.72,17.11,0.51,16.16,18.33,16.66,17.10,17.52,10.31,0.40,9.61,11.30,9.95,10.29,10.63
2026-09-19 00:00:00+00:00,Resende,1813,29.38,0.39,28.64,30.18,29.04,29.40,29.70,20.23,0.37,19.53,21.03,19.92,20.24,20.54,12.48,0.35,11.82,13.30,12.17,12.47,12.77
2026-09-20 00:00:00+00:00,Resende,1813,30.33,0.75,28.94,31.98,29.67,30.35,30.94,22.27,0.39,21.54,23.21,21.93,22.28,22.58,15.18,0.15,14.90,15.61,15.08,15.16,15.25
2026-09-21 00:00:00+00:00,Resende,1813,31.20,0.82,29.67,33.02,30.47,31.21,31.87,22.95,0.32,22.33,23.75,22.68,22.96,23.21,16.16,0.05,16.06,16.29,16.12,16.16,16.19
2026-09-22 00:00:00+00:00,Resende,1813,32.61,0.59,31.50,33.87,32.10,32.63,33.11,23.66,0.29,23.11,24.42,23.43,23.66,23.87,16.31,0.16,15.97,16.83,16.22,16.26,16.36
2026-09-23 00:00:00+00:00,Resende,1813,33.81,0.37,33.13,34.72,33.49,33.81,34.09,23.77,0.19,23.49,24.33,23.66,23.72,23.85,16.22,0.15,15.70,16.51,16.18,16.26,16.30
2026-09-24 00:00:00+00:00,Resende,1813,32.72,0.51,31.71,33.79,32.42,32.78,33.08,22.00,0.45,21.02,22.81,21.72,22.06,22.37,16.53,0.37,15.36,17.05,16.35,16.62,16.80
2026-09-25 00:00:00+00:00,Resende,1813,29.11,0.65,27.82,30.47,28.65,29.10,29.60,19.28,0.36,18.53,20.01,19.06,19.30,19.56,12.37,0.08,12.16,12.54,12.33,12.37,12.40
2026-09-26 00:00:00+00:00,Resende,1813,30.09,0.33,29.40,30.81,29.88,30.07,30.33,20.42,0.21,19.96,20.84,20.28,20.44,20.60,12.57,0.12,12.33,12.81,12.48,12.58,12.65
2026-09-27 00:00:00+00:00,Resende,1813,27.25,0.40,26.48,28.16,26.96,27.22,27.56,20.36,0.25,19.89,20.94,20.17,20.34,20.54,15.61,0.11,15.45,15.90,15.52,15.58,15.68
2026-09-28 00:00:00+00:00,Resende,1813,22.79,0.49,21.94,24.07,22.35,22.80,23.16,17.06,0.32,16.49,17.88,16.77,17.06,17.32,12.54,0.32,11.99,13.37,12.26,12.55,12.78
2026-09-29 00:00:00+00:00,Resende,1813,22.18,0.59,21.08,23.32,21.68,22.21,22.69,17.75,0.58,16.67,18.90,17.26,17.77,18.24,14.57,0.35,13.91,15.41,14.27,14.58,14.85
2026-09-10 00:00:00+00:00,Santa Comba Dão,1814,28.68,0.13,28.60,29.48,28.61,28.64,28.68,18.98,0.10,18.90,19.52,18.91,18.94,19.00,10.06,0.19,9.90,10.94,9.93,10.01,10.13
2026-09-11 00:00:00+00:00,Santa Comba Dão,1814,31.68,0.14,31.60,32.54,31.61,31.63,31.68,21.02,0.17,20.90,21.90,20.92,20.97,21.04,11.63,0.15,11.50,12.30,11.53,11.60,11.69
2026-09-12 00:00:00+00:00,Santa Comba Dão,1814,35.57,0.06,35.32,35.66,35.56,35.59,35.60,24.69,0.12,24.60,25.30,24.62,24.65,24.71,13.41,0.38,13.10,15.31,13.16,13.29,13.50
2026-09-13 00:00:00+00:00,Santa Comba Dão,1814,36.98,0.04,36.84,37.06,36.98,37.00,37.00,25.06,0.19,24.90,26.03,24.93,25.00,25.11,13.57,0.60,13.10,16.64,13.18,13.39,13.71
2026-09-14 00:00:00+00:00,Santa Comba Dão,1814,35.69,0.13,35.49,36.29,35.60,35.64,35.73,23.56,0.23,23.29,24.75,23.41,23.48,23.63,13.39,0.36,12.79,15.27,13.20,13.28,13.49
2026-09-15 00:00:00+00:00,Santa Comba Dão,1814,27.03,0.21,26.77,28.08,26.90,26.94,27.08,18.94,0.06,18.90,19.21,18.91,18.92,18.95,13.43,0.16,12.74,13.60,13.35,13.47,13.55
2026-09-16 00:00:00+00:00,Santa Comba Dão,1814,29.55,0.12,29.04,29.70,29.49,29.58,29.64,20.96,0.07,20.65,21.19,20.94,20.97,20.99,15.32,0.14,14.97,15.50,15.21,15.34,15.44
2026-09-17 00:00:00+00:00,Santa Comba Dão,1814,27.90,0.09,27.56,28.00,27.85,27.92,27.97,19.69,0.04,19.57,19.78,19.67,19.70,19.70,13.26,0.17,12.86,13.50,13.12,13.28,13.42
2026-09-18 00:00:00+00:00,Santa Comba Dão,1814,29.87,0.07,29.80,30.14,29.82,29.85,29.89,19.43,0.11,19.29,20.08,19.39,19.40,19.43,8.78,0.26,8.56,10.13,8.62,8.69,8.85
2026-09-19 00:00:00+00:00,Santa Comba Dão,1814,33.02,0.10,32.90,33.41,32.94,33.00,33.09,21.99,0.17,21.76,22.93,21.90,21.94,22.03,11.45,0.39,10.94,13.49,11.21,11.34,11.56
2026-09-20 00:00:00+00:00,Santa Comba Dão,1814,35.13,0.04,35.06,35.34,35.10,35.11,35.13,24.09,0.16,23.85,24.98,24.00,24.05,24.14,13.42,0.41,12.68,15.52,13.20,13.30,13.54
2026-09-21 00:00:00+00:00,Santa Comba Dão,1814,35.88,0.06,35.80,36.07,35.83,35.87,35.91,23.93,0.20,23.72,25.00,23.81,23.87,23.99,13.69,0.37,13.03,15.59,13.50,13.59,13.79
2026-09-22 00:00:00+00:00,Santa Comba Dão,1814,37.29,0.04,37.17,37.48,37.28,37.30,37.30,23.90,0.19,23.60,24.92,23.80,23.84,23.94,11.61,0.42,11.10,13.64,11.32,11.47,11.76
2026-09-23 00:00:00+00:00,Santa Comba Dão,1814,35.17,0.25,34.98,36.44,35.01,35.08,35.22,23.05,0.22,22.60,24.28,22.97,23.00,23.08,12.37,0.37,11.74,14.36,12.20,12.27,12.46
2026-09-24 00:00:00+00:00,Santa Comba Dão,1814,32.43,0.31,31.88,33.17,32.15,32.40,32.65,22.27,0.42,21.57,23.27,21.90,22.19,22.63,11.88,0.19,11.45,12.80,11.80,11.83,11.95
2026-09-25 00:00:00+00:00,Santa Comba Dão,1814,28.48,0.27,27.96,29.21,28.29,28.40,28.71,19.50,0.17,19.24,19.92,19.35,19.47,19.59,13.70,0.25,12.96,14.13,13.53,13.73,13.90
2026-09-26 00:00:00+00:00,Santa Comba Dão,1814,31.45,0.23,30.96,31.95,31.27,31.48,31.60,21.29,0.24,20.87,21.79,21.10,21.25,21.50,13.45,0.18,13.10,13.85,13.30,13.43,13.58
2026-09-27 00:00:00+00:00,Santa Comba Dão,1814,28.09,0.12,27.91,28.47,28.00,28.06,28.15,20.59,0.08,20.45,20.76,20.52,20.60,20.64,15.55,0.03,15.50,15.63,15.53,15.55,15.57
2026-09-28 00:00:00+00:00,Santa Comba Dão,1814,26.02,0.14,25.77,26.35,25.90,26.01,26.12,19.23,0.16,18.89,19.48,19.11,19.25,19.36,12.85,0.31,12.13,13.31,12.65,12.90,13.12
2026-09-29 00:00:00+00:00,Santa Comba Dão,1814,27.31,0.19,26.70,27.62,27.24,27.34,27.45,22.63,0.10,22.43,22.93,22.57,22.61,22.69,17.88,0.48,16.99,18.94,17.52,17.86,18.25
2026-09-10 00:00:00+00:00,São João da Pesqueira,1815,29.06,1.38,26.63,31.60,27.85,28.77,30.25,19.76,1.12,17.69,21.80,18.82,19.54,20.73,11.42,0.92,9.82,13.10,10.65,11.21,12.22
2026-09-11 00:00:00+00:00,São João da Pesqueira,1815,32.96,1.16,30.78,35.10,32.02,32.74,33.95,22.61,0.98,20.43,24.30,21.98,22.52,23.37,13.81,0.89,11.54,15.20,13.32,13.82,14.45
2026-09-12 00:00:00+00:00,São João da Pesqueira,1815,33.98,1.43,31.50,36.60,32.72,33.68,35.21,23.57,0.83,21.75,25.00,23.00,23.47,24.23,15.01,0.55,13.41,15.80,14.76,15.08,15.39
2026-09-13 00:00:00+00:00,São João da Pesqueira,1815,35.96,1.29,33.47,38.30,34.97,35.73,37.04,24.01,0.67,22.25,25.00,23.62,24.11,24.49,14.48,0.58,12.82,15.43,14.16,14.66,14.80
2026-09-14 00:00:00+00:00,São João da Pesqueira,1815,37.09,1.14,35.02,39.20,36.15,36.86,38.06,24.90,0.79,22.90,26.10,24.43,24.98,25.45,14.28,1.12,11.27,16.48,13.62,14.53,14.82
2026-09-15 00:00:00+00:00,São João da Pesqueira,1815,33.21,0.51,32.42,34.20,32.79,33.08,33.64,23.17,0.58,21.86,24.20,22.80,23.09,23.61,13.80,1.10,10.58,15.33,13.21,14.14,14.65
2026-09-16 00:00:00+00:00,São João da Pesqueira,1815,29.46,1.43,27.08,32.10,28.19,29.11,30.70,21.68,1.31,19.57,24.10,20.53,21.35,22.80,14.74,0.85,13.36,16.30,14.03,14.54,15.47
2026-09-17 00:00:00+00:00,São João da Pesqueira,1815,27.34,1.45,24.99,30.00,26.07,27.00,28.58,19.45,1.39,17.23,22.00,18.22,19.11,20.64,12.44,1.02,10.58,14.30,11.57,12.24,13.31
2026-09-18 00:00:00+00:00,São João da Pesqueira,1815,29.17,1.43,26.67,31.80,27.92,28.87,30.41,19.59,1.06,17.55,21.50,18.72,19.40,20.50,11.47,1.06,9.18,13.30,10.72,11.35,12.34
2026-09-19 00:00:00+00:00,São João da Pesqueira,1815,32.49,1.09,30.47,34.50,31.58,32.26,33.42,21.71,0.69,20.21,22.90,21.24,21.63,22.26,12.48,0.23,11.70,12.71,12.37,12.56,12.64
2026-09-20 00:00:00+00:00,São João da Pesqueira,1815,34.91,1.30,32.60,37.30,33.83,34.64,36.02,23.48,0.81,21.40,24.70,23.00,23.57,24.06,14.39,0.66,12.52,15.58,14.02,14.56,14.74
2026-09-21 00:00:00+00:00,São João da Pesqueira,1815,35.59,1.45,32.83,38.20,34.45,35.32,36.82,23.95,0.55,22.45,24.70,23.62,24.12,24.34,14.49,0.60,12.92,15.76,14.18,14.45,14.87
2026-09-22 00:00:00+00:00,São João da Pesqueira,1815,36.22,1.24,34.02,38.50,35.13,35.98,37.29,24.63,0.37,23.59,25.10,24.43,24.75,24.89,14.78,0.70,13.27,16.43,14.33,14.58,15.26
2026-09-23 00:00:00+00:00,São João da Pesqueira,1815,36.62,1.20,34.38,38.80,35.60,36.40,37.65,24.48,0.90,22.08,25.70,23.92,24.78,25.11,14.44,1.02,11.64,16.33,13.83,14.71,14.96
2026-09-24 00:00:00+00:00,São João da Pesqueira,1815,35.45,0.95,33.76,37.10,34.60,35.28,36.31,23.59,0.91,21.23,24.90,23.02,23.76,24.24,14.42,1.17,11.21,16.36,13.78,14.77,15.10
2026-09-25 00:00:00+00:00,São João da Pesqueira,1815,32.56,0.65,31.42,33.70,31.99,32.45,33.15,21.08,0.72,19.19,22.20,20.69,21.10,21.61,11.52,1.27,7.87,12.90,10.79,11.95,12.53
2026-09-26 00:00:00+00:00,São João da Pesqueira,1815,31.64,0.97,29.75,33.30,30.83,31.54,32.50,21.07,1.00,18.65,22.60,20.42,21.12,21.81,11.86,1.21,8.61,13.30,11.08,12.28,12.78
2026-09-27 00:00:00+00:00,São João da Pesqueira,1815,29.50,0.76,28.02,30.80,28.88,29.42,30.17,21.80,0.95,19.74,23.40,21.12,21.70,22.58,15.99,1.15,13.18,17.70,15.22,16.13,16.84
2026-09-28 00:00:00+00:00,São João da Pesqueira,1815,27.23,1.10,25.25,29.20,26.30,27.00,28.20,19.98,1.13,18.07,22.00,19.01,19.70,20.97,14.69,1.24,12.18,16.90,13.74,14.48,15.72
2026-09-29 00:00:00+00:00,São João da Pesqueira,1815,25.92,1.28,23.71,28.30,24.80,25.63,27.02,21.27,1.15,19.48,23.40,20.25,20.98,22.25,17.49,0.87,16.03,19.10,16.76,17.32,18.25
2026-09-10 00:00:00+00:00,São Pedro do Sul,1816,26.30,0.35,25.47,27.28,26.08,26.40,26.54,18.55,0.32,17.68,19.23,18.33,18.56,18.77,11.21,0.36,10.06,11.73,11.00,11.29,11.49
2026-09-11 00:00:00+00:00,São Pedro do Sul,1816,29.86,0.34,29.14,30.46,29.62,29.94,30.07,21.86,0.41,20.62,22.54,21.60,21.98,22.15,13.93,0.61,12.16,15.07,13.52,14.06,14.38
2026-09-12 00:00:00+00:00,São Pedro do Sul,1816,32.11,0.40,31.15,33.69,31.84,32.08,32.26,24.34,0.65,22.89,25.59,23.91,24.41,24.78,16.86,1.08,14.02,18.69,16.04,17.07,17.77
2026-09-13 00:00:00+00:00,São Pedro do Sul,1816,33.76,0.27,33.18,34.90,33.60,33.70,33.85,25.32,0.87,22.80,26.89,24.77,25.40,25.94,17.43,1.54,12.93,19.65,16.31,17.79,18.73
2026-09-14 00:00:00+00:00,São Pedro do Sul,1816,33.42,0.27,32.69,34.05,33.27,33.48,33.61,25.12,0.77,22.38,26.22,24.69,25.37,25.70,17.56,1.29,13.63,19.60,16.69,17.87,18.59
2026-09-15 00:00:00+00:00,São Pedro do Sul,1816,27.68,0.65,26.28,28.67,27.16,27.77,28.25,20.01,0.59,18.66,20.92,19.49,20.07,20.54,14.32,0.88,11.53,15.95,13.80,14.55,14.87
2026-09-16 00:00:00+00:00,São Pedro do Sul,1816,26.51,0.36,25.94,28.15,26.28,26.38,26.62,19.19,0.21,18.47,19.64,19.07,19.21,19.31,13.34,0.18,12.73,13.77,13.28,13.36,13.43
2026-09-17 00:00:00+00:00,São Pedro do Sul,1816,24.42,0.47,23.77,26.55,24.12,24.23,24.59,17.83,0.56,16.79,19.61,17.35,17.73,18.26,11.19,0.38,10.46,12.52,10.96,11.06,11.33
2026-09-18 00:00:00+00:00,São Pedro do Sul,1816,26.85,0.42,26.12,28.71,26.57,26.76,26.99,19.13,0.54,17.88,20.37,18.78,19.14,19.44,11.45,0.61,9.76,12.44,11.00,11.57,11.96
2026-09-19 00:00:00+00:00,São Pedro do Sul,1816,30.35,0.32,29.90,31.81,30.15,30.23,30.47,22.05,0.65,20.29,23.45,21.63,22.16,22.41,14.36,1.14,11.14,16.11,13.58,14.61,15.33
2026-09-20 00:00:00+00:00,São Pedro do Sul,1816,31.95,0.45,31.32,34.05,31.69,31.77,32.10,23.96,0.66,22.31,25.08,23.47,24.08,24.52,17.20,1.56,12.86,19.85,16.13,17.49,18.42
2026-09-21 00:00:00+00:00,São Pedro do Sul,1816,32.95,0.42,32.34,34.89,32.72,32.84,33.06,24.89,0.79,22.63,26.46,24.40,24.98,25.40,17.40,1.35,13.37,19.82,16.45,17.70,18.40
2026-09-22 00:00:00+00:00,São Pedro do Sul,1816,34.06,0.30,33.55,35.49,33.88,33.99,34.13,25.54,0.90,22.83,27.26,24.99,25.59,26.17,17.67,1.66,12.69,20.60,16.53,18.07,18.89
2026-09-23 00:00:00+00:00,São Pedro do Sul,1816,34.18,0.48,32.99,35.10,33.87,34.36,34.53,25.15,0.83,22.21,26.39,24.69,25.43,25.73,17.65,1.57,13.01,19.80,16.54,17.99,18.99
2026-09-24 00:00:00+00:00,São Pedro do Sul,1816,31.98,0.28,31.51,32.90,31.75,31.91,32.18,22.19,0.99,20.37,23.68,21.30,22.25,23.13,16.14,1.30,12.07,18.97,15.47,16.38,16.84
2026-09-25 00:00:00+00:00,São Pedro do Sul,1816,28.18,0.14,27.71,28.39,28.13,28.23,28.28,19.11,0.38,18.42,19.67,18.76,19.13,19.48,12.54,0.37,11.69,13.12,12.24,12.58,12.86
2026-09-26 00:00:00+00:00,São Pedro do Sul,1816,29.79,0.35,29.18,30.30,29.48,29.81,30.12,20.54,0.80,18.91,21.74,19.87,20.61,21.29,13.24,1.17,10.79,15.05,12.24,13.30,14.33
2026-09-27 00:00:00+00:00,São Pedro do Sul,1816,26.53,0.12,26.24,26.76,26.44,26.55,26.63,19.97,0.37,19.16,20.48,19.67,20.01,20.31,15.17,0.35,14.30,15.64,14.92,15.22,15.49
2026-09-28 00:00:00+00:00,São Pedro do Sul,1816,23.01,0.57,21.57,24.94,22.75,23.10,23.23,17.80,0.15,17.43,18.24,17.71,17.80,17.88,13.11,0.21,12.66,13.45,12.94,13.14,13.29
2026-09-29 00:00:00+00:00,São Pedro do Sul,1816,23.96,0.59,23.10,26.68,23.60,23.80,24.09,19.47,0.69,18.30,21.94,19.06,19.25,19.70,15.97,0.35,15.32,17.28,15.77,15.89,16.08
2026-09-10 00:00:00+00:00,Sátão,1817,28.32,0.55,26.63,28.90,28.05,28.54,28.72,18.48,0.18,18.15,19.02,18.34,18.49,18.56,10.32,0.40,9.05,10.99,10.19,10.49,10.57
2026-09-11 00:00:00+00:00,Sátão,1817,31.93,0.24,31.31,32.66,31.82,31.96,32.00,22.26,0.16,21.67,22.50,22.17,22.27,22.38,13.84,0.50,11.70,14.36,13.83,14.02,14.13
2026-09-12 00:00:00+00:00,Sátão,1817,32.29,0.38,31.19,33.25,32.15,32.31,32.46,23.58,0.09,23.37,23.95,23.52,23.60,23.63,16.11,0.37,14.39,16.51,16.02,16.16,16.35
2026-09-13 00:00:00+00:00,Sátão,1817,34.66,0.46,33.30,35.78,34.49,34.78,34.89,24.93,0.21,24.47,25.25,24.74,25.03,25.10,16.88,0.27,15.78,17.31,16.69,16.91,17.11
2026-09-14 00:00:00+00:00,Sátão,1817,34.81,0.33,34.12,35.84,34.56,34.85,34.96,25.24,0.26,24.27,25.60,25.10,25.25,25.43,17.35,0.71,14.32,18.20,17.21,17.37,17.84
2026-09-15 00:00:00+00:00,Sátão,1817,30.48,0.27,29.52,30.98,30.29,30.53,30.67,21.52,0.38,20.26,22.08,21.40,21.59,21.77,14.46,0.83,11.42,15.86,14.20,14.69,14.89
2026-09-16 00:00:00+00:00,Sátão,1817,26.88,0.44,25.96,28.33,26.63,26.74,27.07,19.25,0.08,19.16,19.52,19.21,19.22,19.27,12.92,0.40,11.17,13.34,12.91,13.07,13.15
2026-09-17 00:00:00+00:00,Sátão,1817,24.58,0.53,23.66,26.42,24.25,24.40,24.75,16.92,0.20,16.70,17.62,16.80,16.86,16.95,10.04,0.30,9.60,10.68,9.77,10.00,10.28
2026-09-18 00:00:00+00:00,Sátão,1817,27.48,0.41,26.31,28.23,27.25,27.62,27.78,18.69,0.16,18.40,19.01,18.55,18.76,18.81,11.17,0.14,10.66,11.39,11.08,11.22,11.27
2026-09-19 00:00:00+00:00,Sátão,1817,31.40,0.43,30.68,32.10,31.02,31.36,31.83,21.86,0.19,21.42,22.10,21.72,21.88,22.02,13.86,0.11,13.43,14.43,13.82,13.86,13.89
2026-09-20 00:00:00+00:00,Sátão,1817,32.99,0.56,31.60,33.70,32.59,33.10,33.47,24.01,0.15,23.52,24.24,23.90,24.04,24.15,16.71,0.50,14.40,17.22,16.65,16.84,17.02
2026-09-21 00:00:00+00:00,Sátão,1817,33.91,0.48,32.43,34.66,33.68,34.11,34.19,24.50,0.10,24.06,24.62,24.46,24.52,24.58,16.83,0.47,14.70,17.36,16.81,17.00,17.03
2026-09-22 00:00:00+00:00,Sátão,1817,34.90,0.41,33.63,35.59,34.71,35.06,35.11,25.14,0.14,24.53,25.30,25.07,25.15,25.24,17.91,0.78,14.68,18.80,17.80,18.07,18.40
2026-09-23 00:00:00+00:00,Sátão,1817,36.45,0.50,35.33,37.10,36.05,36.53,36.89,25.58,0.32,24.35,26.00,25.42,25.61,25.83,17.37,0.86,13.66,18.40,17.21,17.41,17.98
2026-09-24 00:00:00+00:00,Sátão,1817,32.46,0.44,31.77,33.50,32.10,32.44,32.75,23.79,0.11,23.63,24.13,23.70,23.76,23.84,17.35,1.17,13.34,19.00,16.69,17.43,18.30
2026-09-25 00:00:00+00:00,Sátão,1817,29.45,0.66,28.40,30.93,28.89,29.44,29.91,20.22,0.35,19.65,20.94,19.91,20.23,20.52,13.34,0.33,12.87,14.31,13.09,13.24,13.52
2026-09-26 00:00:00+00:00,Sátão,1817,30.22,0.13,29.77,30.45,30.15,30.25,30.30,21.46,0.19,20.99,21.77,21.32,21.48,21.63,14.36,0.37,13.32,14.91,14.13,14.46,14.64
2026-09-27 00:00:00+00:00,Sátão,1817,26.99,0.42,26.37,28.13,26.66,26.94,27.21,20.64,0.10,20.48,20.82,20.55,20.63,20.72,15.72,0.06,15.64,15.91,15.67,15.70,15.76
2026-09-28 00:00:00+00:00,Sátão,1817,23.97,0.30,23.14,24.79,23.79,24.03,24.11,17.71,0.13,17.32,17.93,17.61,17.77,17.81,13.06,0.31,11.85,13.50,12.93,13.03,13.30
2026-09-29 00:00:00+00:00,Sátão,1817,23.69,0.76,21.58,25.43,23.33,23.87,24.07,18.99,0.46,18.04,20.43,18.78,18.88,19.19,15.05,0.14,14.72,15.51,14.93,15.03,15.15
2026-09-10 00:00:00+00:00,Sernancelhe,1818,26.80,0.49,25.86,28.04,26.37,26.89,27.20,18.18,0.15,17.82,18.52,18.09,18.20,18.29,10.16,0.19,9.58,10.48,10.01,10.17,10.32
2026-09-11 00:00:00+00:00,Sernancelhe,1818,31.39,0.36,30.50,32.10,31.14,31.45,31.69,22.09,0.11,21.85,22.27,22.00,22.09,22.18,14.11,0.48,13.31,15.21,13.73,14.06,14.44
2026-09-12 00:00:00+00:00,Sernancelhe,1818,31.46,0.60,30.24,32.50,30.99,31.54,31.98,23.10,0.14,22.77,23.37,23.00,23.10,23.21,15.55,0.46,14.64,16.17,15.16,15.63,15.96
2026-09-13 00:00:00+00:00,Sernancelhe,1818,33.87,0.74,32.61,35.08,33.22,33.92,34.52,24.23,0.13,23.95,24.52,24.13,24.25,24.33,16.06,0.35,15.38,16.52,15.75,16.15,16.38
2026-09-14 00:00:00+00:00,Sernancelhe,1818,35.17,0.49,34.42,36.14,34.75,35.07,35.58,25.07,0.15,24.83,25.52,24.95,25.05,25.16,17.19,0.46,16.47,18.64,16.86,17.15,17.39
2026-09-15 00:00:00+00:00,Sernancelhe,1818,31.46,0.77,30.26,32.97,30.82,31.31,32.10,22.37,0.25,21.90,22.84,22.17,22.37,22.57,15.12,0.21,14.66,15.60,14.99,15.12,15.28
2026-09-16 00:00:00+00:00,Sernancelhe,1818,26.57,0.76,25.14,27.77,25.95,26.64,27.24,19.36,0.21,19.01,19.87,19.19,19.32,19.52,13.42,0.20,13.05,14.05,13.27,13.39,13.53
2026-09-17 00:00:00+00:00,Sernancelhe,1818,24.34,0.79,22.85,25.58,23.69,24.42,25.04,16.93,0.26,16.32,17.50,16.77,16.93,17.12,10.87,0.27,10.17,11.43,10.68,10.81,11.09
2026-09-18 00:00:00+00:00,Sernancelhe,1818,26.61,0.57,25.51,27.52,26.15,26.66,27.11,18.29,0.06,18.12,18.45,18.25,18.29,18.31,10.79,0.30,10.13,11.27,10.57,10.83,11.04
2026-09-19 00:00:00+00:00,Sernancelhe,1818,30.90,0.29,30.44,31.45,30.64,30.89,31.14,21.36,0.15,21.06,21.67,21.25,21.35,21.48,13.11,0.51,12.07,13.79,12.70,13.21,13.57
2026-09-20 00:00:00+00:00,Sernancelhe,1818,32.27,0.88,30.74,33.81,31.54,32.27,33.02,23.67,0.13,23.43,23.90,23.56,23.68,23.79,16.56,0.60,15.48,17.49,16.03,16.62,17.07
2026-09-21 00:00:00+00:00,Sernancelhe,1818,33.03,0.95,31.22,34.55,32.27,33.11,33.85,24.20,0.06,24.11,24.44,24.14,24.19,24.22,16.70,0.58,15.66,17.60,16.20,16.78,17.21
2026-09-22 00:00:00+00:00,Sernancelhe,1818,34.00,0.63,32.82,34.96,33.47,34.07,34.56,24.86,0.06,24.72,25.07,24.81,24.85,24.89,17.39,0.56,16.39,18.29,16.91,17.45,17.87
2026-09-23 00:00:00+00:00,Sernancelhe,1818,35.05,0.34,33.92,35.78,34.89,35.16,35.26,25.08,0.14,24.83,25.47,24.95,25.10,25.19,17.05,0.43,16.33,18.19,16.72,17.07,17.29
2026-09-24 00:00:00+00:00,Sernancelhe,1818,33.75,0.19,33.28,34.19,33.59,33.77,33.90,23.98,0.37,23.62,24.92,23.70,23.81,24.18,16.55,0.27,16.03,17.71,16.40,16.49,16.63
2026-09-25 00:00:00+00:00,Sernancelhe,1818,31.25,0.29,30.63,31.72,31.02,31.29,31.51,21.09,0.38,20.64,22.03,20.79,20.93,21.32,13.59,1.00,12.62,16.09,12.83,13.15,14.13
2026-09-26 00:00:00+00:00,Sernancelhe,1818,30.05,0.53,28.72,30.67,29.78,30.28,30.44,20.98,0.10,20.82,21.18,20.90,20.95,21.05,13.44,0.59,12.81,14.89,12.97,13.22,13.76
2026-09-27 00:00:00+00:00,Sernancelhe,1818,28.21,0.43,27.27,28.78,27.95,28.32,28.57,20.96,0.10,20.80,21.15,20.87,20.96,21.04,15.97,0.03,15.84,16.05,15.95,15.96,15.99
2026-09-28 00:00:00+00:00,Sernancelhe,1818,24.85,0.75,23.78,26.33,24.19,24.68,25.49,17.89,0.27,17.53,18.46,17.65,17.83,18.11,13.15,0.15,12.88,13.52,13.03,13.14,13.27
2026-09-29 00:00:00+00:00,Sernancelhe,1818,23.80,0.35,22.58,24.46,23.58,23.77,24.08,19.13,0.25,18.52,19.66,18.95,19.08,19.33,15.52,0.24,15.04,16.03,15.32,15.47,15.72
2026-09-10 00:00:00+00:00,Tabuaço,1819,29.62,1.40,27.35,31.60,28.23,29.86,30.89,20.24,1.12,18.41,21.80,19.12,20.46,21.26,11.70,1.04,9.96,13.10,10.66,11.95,12.66
2026-09-11 00:00:00+00:00,Tabuaço,1819,33.53,1.07,31.86,35.10,32.46,33.67,34.50,23.20,0.79,21.90,24.30,22.40,23.35,23.92,14.39,0.61,13.34,15.20,13.79,14.54,14.96
2026-09-12 00:00:00+00:00,Tabuaço,1819,34.59,1.43,32.30,36.60,33.16,34.83,35.88,24.03,0.72,22.83,25.00,23.31,24.20,24.69,15.36,0.38,14.65,15.80,15.00,15.48,15.73
2026-09-13 00:00:00+00:00,Tabuaço,1819,36.71,1.07,35.08,38.30,35.63,36.83,37.67,24.53,0.34,23.97,25.00,24.20,24.59,24.86,15.05,0.22,14.70,15.37,14.85,15.06,15.27
2026-09-14 00:00:00+00:00,Tabuaço,1819,37.67,1.02,36.15,39.20,36.64,37.76,38.59,25.50,0.41,24.85,26.10,25.09,25.57,25.88,15.43,0.64,14.60,16.54,14.87,15.30,16.05
2026-09-15 00:00:00+00:00,Tabuaço,1819,33.49,0.43,32.93,34.20,33.05,33.45,33.87,23.52,0.46,22.85,24.20,23.05,23.57,23.93,14.94,0.25,14.57,15.46,14.72,14.84,15.15
2026-09-16 00:00:00+00:00,Tabuaço,1819,30.05,1.45,27.75,32.10,28.61,30.28,31.36,22.10,1.45,19.74,24.10,20.65,22.37,23.41,14.93,1.01,13.24,16.30,13.92,15.16,15.86
2026-09-17 00:00:00+00:00,Tabuaço,1819,27.91,1.48,25.56,30.00,26.44,28.15,29.25,19.88,1.54,17.35,22.00,18.35,20.19,21.28,12.94,0.96,11.42,14.30,11.97,13.10,13.81
2026-09-18 00:00:00+00:00,Tabuaço,1819,29.78,1.43,27.49,31.80,28.35,30.02,31.08,20.04,1.08,18.25,21.50,18.97,20.29,21.04,11.99,1.02,10.22,13.30,10.99,12.28,12.96
2026-09-19 00:00:00+00:00,Tabuaço,1819,33.01,1.02,31.44,34.50,31.99,33.14,33.93,22.09,0.60,21.10,22.90,21.49,22.22,22.63,12.55,0.22,12.07,12.90,12.37,12.65,12.71
2026-09-20 00:00:00+00:00,Tabuaço,1819,35.58,1.16,33.83,37.30,34.41,35.71,36.63,24.12,0.42,23.45,24.70,23.70,24.18,24.52,15.01,0.29,14.60,15.47,14.75,14.99,15.30
2026-09-21 00:00:00+00:00,Tabuaço,1819,36.42,1.22,34.56,38.20,35.20,36.57,37.52,24.42,0.20,24.11,24.70,24.22,24.44,24.61,15.00,0.41,14.40,15.65,14.64,14.96,15.41
2026-09-22 00:00:00+00:00,Tabuaço,1819,36.81,1.18,34.95,38.50,35.63,36.97,37.87,24.96,0.11,24.80,25.10,24.85,24.96,25.06,15.30,0.69,14.30,16.40,14.69,15.23,15.98
2026-09-23 00:00:00+00:00,Tabuaço,1819,37.18,1.15,35.33,38.80,36.05,37.38,38.22,25.27,0.29,24.84,25.70,24.98,25.30,25.54,15.48,0.51,14.80,16.37,15.02,15.38,15.98
2026-09-24 00:00:00+00:00,Tabuaço,1819,35.81,1.04,34.02,37.10,34.78,36.13,36.80,24.33,0.42,23.65,24.90,23.90,24.40,24.74,15.65,0.44,15.10,16.42,15.25,15.54,16.06
2026-09-25 00:00:00+00:00,Tabuaço,1819,32.82,0.69,31.66,33.70,32.13,33.02,33.48,21.57,0.48,20.77,22.20,21.08,21.70,22.03,12.70,0.11,12.49,12.90,12.60,12.66,12.80
2026-09-26 00:00:00+00:00,Tabuaço,1819,32.15,0.91,30.59,33.30,31.25,32.42,33.03,21.84,0.58,20.87,22.60,21.26,21.97,22.40,13.02,0.17,12.79,13.30,12.84,13.00,13.19
2026-09-27 00:00:00+00:00,Tabuaço,1819,29.92,0.69,28.75,30.80,29.22,30.11,30.58,22.34,0.84,20.91,23.40,21.51,22.59,23.15,16.94,0.56,16.04,17.70,16.38,17.04,17.49
2026-09-28 00:00:00+00:00,Tabuaço,1819,27.83,0.98,26.37,29.20,26.82,27.98,28.78,20.39,1.22,18.39,22.00,19.16,20.68,21.57,15.31,1.16,13.41,16.90,14.15,15.55,16.37
2026-09-29 00:00:00+00:00,Tabuaço,1819,26.45,1.28,24.44,28.30,25.16,26.62,27.61,21.62,1.27,19.58,23.40,20.35,21.82,22.76,17.66,1.04,15.97,19.10,16.61,17.84,18.60
2026-09-10 00:00:00+00:00,Tarouca,1820,26.03,0.97,24.28,27.36,25.10,26.33,26.84,17.33,0.73,16.05,18.43,16.61,17.52,17.92,9.07,0.65,7.95,10.18,8.45,9.21,9.65
2026-09-11 00:00:00+00:00,Tarouca,1820,30.03,1.11,28.08,31.75,28.96,30.33,30.92,21.22,0.50,20.34,21.97,20.73,21.40,21.64,13.54,0.10,13.34,13.83,13.46,13.54,13.60
2026-09-12 00:00:00+00:00,Tarouca,1820,30.45,1.22,28.29,32.19,29.29,30.84,31.44,22.10,0.62,20.96,22.97,21.52,22.33,22.64,14.68,0.32,14.04,15.18,14.41,14.78,14.92
2026-09-13 00:00:00+00:00,Tarouca,1820,33.05,1.15,31.08,34.97,31.95,33.35,33.93,23.47,0.44,22.64,24.03,23.05,23.64,23.86,15.67,0.14,15.42,16.04,15.56,15.69,15.76
2026-09-14 00:00:00+00:00,Tarouca,1820,33.60,1.27,31.57,35.96,32.36,33.84,34.54,24.45,0.30,23.92,24.87,24.15,24.55,24.71,16.85,0.15,16.51,17.05,16.70,16.92,16.98
2026-09-15 00:00:00+00:00,Tarouca,1820,30.54,1.07,28.94,32.83,29.49,30.66,31.30,21.73,0.53,20.92,22.77,21.19,21.81,22.12,14.81,0.31,14.32,15.46,14.52,14.87,15.03
2026-09-16 00:00:00+00:00,Tarouca,1820,25.79,1.21,23.69,27.64,24.62,26.12,26.75,18.35,0.89,16.86,19.74,17.48,18.55,19.07,12.48,0.56,11.54,13.44,11.93,12.60,12.95
2026-09-17 00:00:00+00:00,Tarouca,1820,23.52,1.28,21.29,25.44,22.30,23.89,24.54,16.11,0.85,14.66,17.48,15.28,16.29,16.81,10.03,0.75,8.84,11.30,9.32,10.09,10.62
2026-09-18 00:00:00+00:00,Tarouca,1820,25.72,1.12,23.78,27.38,24.65,26.02,26.59,17.33,0.72,16.06,18.45,16.64,17.54,17.90,10.19,0.36,9.54,10.96,9.87,10.27,10.42
2026-09-19 00:00:00+00:00,Tarouca,1820,29.94,0.82,28.55,31.32,29.14,30.10,30.56,20.42,0.54,19.45,21.18,19.91,20.62,20.88,12.33,0.29,11.74,12.86,12.11,12.41,12.54
2026-09-20 00:00:00+00:00,Tarouca,1820,31.17,1.42,28.79,33.67,29.79,31.44,32.22,22.59,0.62,21.45,23.41,21.99,22.81,23.11,15.44,0.30,14.84,16.08,15.20,15.54,15.61
2026-09-21 00:00:00+00:00,Tarouca,1820,32.02,1.46,29.50,34.43,30.62,32.40,33.13,23.28,0.57,22.25,24.08,22.74,23.47,23.77,16.11,0.14,15.70,16.42,16.05,16.14,16.18
2026-09-22 00:00:00+00:00,Tarouca,1820,33.23,1.06,31.38,34.85,32.22,33.55,34.06,24.00,0.53,23.04,24.77,23.49,24.18,24.45,16.49,0.19,16.13,16.99,16.36,16.52,16.58
2026-09-23 00:00:00+00:00,Tarouca,1820,34.35,0.72,33.06,35.37,33.66,34.58,34.95,24.27,0.45,23.44,24.86,23.84,24.42,24.66,16.44,0.13,16.22,16.78,16.36,16.43,16.51
2026-09-24 00:00:00+00:00,Tarouca,1820,33.88,0.31,33.24,34.58,33.69,33.88,34.09,23.49,0.15,23.13,23.74,23.37,23.53,23.59,16.83,0.20,16.45,17.09,16.62,16.88,16.99
2026-09-25 00:00:00+00:00,Tarouca,1820,31.14,0.44,30.14,31.81,30.84,31.23,31.50,20.53,0.22,20.05,20.91,20.37,20.58,20.69,12.57,0.04,12.49,12.67,12.54,12.56,12.59
2026-09-26 00:00:00+00:00,Tarouca,1820,30.69,0.16,30.44,31.15,30.57,30.64,30.75,20.97,0.07,20.86,21.20,20.94,20.95,20.98,12.94,0.10,12.82,13.28,12.85,12.91,13.00
2026-09-27 00:00:00+00:00,Tarouca,1820,28.45,0.31,27.77,29.00,28.27,28.49,28.72,20.95,0.16,20.69,21.42,20.85,20.91,21.02,16.00,0.12,15.77,16.29,15.93,15.99,16.08
2026-09-28 00:00:00+00:00,Tarouca,1820,23.70,1.23,21.85,26.18,22.51,23.77,24.63,17.38,0.60,16.43,18.41,16.79,17.43,17.86,12.72,0.49,11.93,13.63,12.25,12.79,13.16
2026-09-29 00:00:00+00:00,Tarouca,1820,22.52,0.99,20.96,24.27,21.58,22.58,23.31,18.03,0.89,16.56,19.45,17.16,18.18,18.75,14.86,0.64,13.84,15.89,14.24,14.91,15.38
2026-09-10 00:00:00+00:00,Tondela,1821,27.88,1.13,25.85,30.39,26.92,27.88,28.66,19.13,0.34,18.47,20.07,18.92,19.07,19.30,11.40,0.40,10.19,12.10,11.23,11.53,11.70
2026-09-11 00:00:00+00:00,Tondela,1821,31.07,1.05,29.26,33.44,30.18,31.09,31.79,21.97,0.33,21.09,22.62,21.74,22.03,22.18,13.44,0.85,11.76,15.24,12.76,13.41,14.05
2026-09-12 00:00:00+00:00,Tondela,1821,33.85,1.02,31.87,35.49,33.01,33.85,34.81,25.03,0.28,24.65,25.87,24.84,24.93,25.17,16.66,1.23,13.63,18.93,15.91,16.78,17.57
2026-09-13 00:00:00+00:00,Tondela,1821,35.44,1.00,33.47,37.02,34.60,35.48,36.37,26.05,0.30,25.14,26.78,25.92,26.09,26.19,17.66,1.37,13.87,19.92,16.90,17.95,18.64
2026-09-14 00:00:00+00:00,Tondela,1821,35.05,0.85,33.51,36.87,34.38,35.10,35.63,24.84,0.76,23.08,25.98,24.25,24.98,25.52,16.07,1.83,12.22,19.87,14.62,16.18,17.33
2026-09-15 00:00:00+00:00,Tondela,1821,27.40,0.70,26.36,29.07,26.84,27.18,27.91,19.76,0.53,18.91,21.22,19.35,19.68,20.07,13.93,0.99,11.98,16.20,13.20,13.72,14.73
2026-09-16 00:00:00+00:00,Tondela,1821,27.97,1.05,25.72,29.84,27.11,28.00,28.87,20.28,0.67,18.72,21.59,19.77,20.34,20.80,14.34,0.43,13.51,15.15,13.99,14.35,14.71
2026-09-17 00:00:00+00:00,Tondela,1821,26.23,1.02,23.89,27.72,25.49,26.38,27.13,18.83,0.81,16.60,19.88,18.35,19.03,19.52,12.16,0.55,10.75,13.02,11.85,12.23,12.60
2026-09-18 00:00:00+00:00,Tondela,1821,28.72,1.06,26.31,30.44,27.94,28.86,29.67,19.60,0.44,18.92,20.88,19.29,19.42,19.84,10.64,1.02,8.53,12.31,9.80,10.71,11.56
2026-09-19 00:00:00+00:00,Tondela,1821,32.17,1.03,29.63,33.79,31.45,32.40,33.07,22.45,0.52,21.55,23.96,22.10,22.31,22.71,13.71,1.43,10.49,15.88,12.56,13.88,15.03
2026-09-20 00:00:00+00:00,Tondela,1821,33.93,1.13,31.22,35.70,33.12,34.13,34.94,24.63,0.50,23.61,25.91,24.25,24.61,24.94,15.92,1.70,11.94,18.63,14.61,16.12,17.38
2026-09-21 00:00:00+00:00,Tondela,1821,34.89,0.97,32.66,36.30,34.17,35.07,35.77,24.95,0.55,23.55,26.10,24.57,25.11,25.32,16.41,1.79,12.39,20.16,15.04,16.60,17.63
2026-09-22 00:00:00+00:00,Tondela,1821,36.07,1.05,33.77,37.85,35.28,36.20,37.02,25.16,0.78,23.32,26.31,24.56,25.32,25.85,15.40,2.44,10.71,21.00,13.52,15.30,16.98
2026-09-23 00:00:00+00:00,Tondela,1821,35.14,0.99,33.52,37.63,34.41,34.97,35.73,24.35,1.04,22.09,25.79,23.45,24.49,25.32,15.47,2.18,11.12,20.05,13.69,15.51,17.00
2026-09-24 00:00:00+00:00,Tondela,1821,32.12,0.80,30.23,33.96,31.62,32.16,32.63,22.45,1.01,20.29,23.96,21.62,22.69,23.30,14.27,1.94,11.00,19.39,12.81,13.89,15.42
2026-09-25 00:00:00+00:00,Tondela,1821,28.35,0.73,26.76,29.92,27.89,28.40,28.86,19.14,0.16,18.77,19.48,19.03,19.20,19.25,13.01,0.26,12.05,13.48,12.91,13.08,13.17
2026-09-26 00:00:00+00:00,Tondela,1821,30.92,0.68,29.39,32.56,30.49,30.91,31.36,21.21,0.61,19.89,22.18,20.73,21.34,21.70,13.36,0.49,12.30,14.43,12.97,13.41,13.69
2026-09-27 00:00:00+00:00,Tondela,1821,27.68,0.34,26.89,28.66,27.44,27.71,27.90,20.44,0.17,20.04,20.82,20.35,20.45,20.56,15.57,0.07,15.43,15.74,15.52,15.57,15.61
2026-09-28 00:00:00+00:00,Tondela,1821,24.78,0.87,23.13,26.23,24.05,24.88,25.55,18.68,0.49,17.44,19.55,18.40,18.77,18.99,13.10,0.30,12.16,13.49,12.94,13.19,13.34
2026-09-29 00:00:00+00:00,Tondela,1821,25.55,1.18,22.66,27.51,24.76,25.81,26.45,21.19,1.17,18.11,22.62,20.51,21.52,22.17,17.11,0.81,15.36,18.83,16.60,17.01,17.62
2026-09-10 00:00:00+00:00,Vila Nova de Paiva,1822,28.16,0.82,25.49,28.90,27.79,28.50,28.76,18.10,0.36,16.77,18.50,18.04,18.25,18.30,9.30,0.39,8.52,10.50,9.07,9.19,9.41
2026-09-11 00:00:00+00:00,Vila Nova de Paiva,1822,31.93,0.78,29.31,32.70,31.67,32.15,32.52,21.95,0.31,20.88,22.50,21.86,22.06,22.10,13.81,0.12,13.53,14.20,13.76,13.80,13.83
2026-09-12 00:00:00+00:00,Vila Nova de Paiva,1822,32.46,0.82,29.67,33.30,32.20,32.68,33.11,23.26,0.40,21.76,23.65,23.11,23.44,23.50,15.87,0.37,14.66,16.50,15.68,15.99,16.06
2026-09-13 00:00:00+00:00,Vila Nova de Paiva,1822,34.58,0.68,32.23,35.20,34.39,34.81,35.07,24.47,0.35,23.26,25.10,24.32,24.58,24.63,16.61,0.28,15.82,17.24,16.48,16.61,16.73
2026-09-14 00:00:00+00:00,Vila Nova de Paiva,1822,34.04,0.46,32.48,34.90,33.94,34.11,34.20,24.92,0.24,24.26,25.60,24.86,24.91,24.97,17.26,0.26,16.96,18.19,17.12,17.16,17.29
2026-09-15 00:00:00+00:00,Vila Nova de Paiva,1822,30.67,0.41,29.51,31.60,30.52,30.78,30.97,21.86,0.24,21.23,22.28,21.69,21.92,22.07,15.45,0.36,14.64,15.90,15.19,15.52,15.76
2026-09-16 00:00:00+00:00,Vila Nova de Paiva,1822,27.47,0.82,24.94,28.40,26.95,27.67,28.15,18.98,0.36,17.62,19.27,18.93,19.16,19.20,12.84,0.22,12.02,13.20,12.82,12.90,12.93
2026-09-17 00:00:00+00:00,Vila Nova de Paiva,1822,25.41,0.93,22.65,26.50,24.82,25.63,26.20,16.69,0.32,15.41,16.94,16.68,16.83,16.88,9.78,0.16,9.29,10.49,9.71,9.76,9.83
2026-09-18 00:00:00+00:00,Vila Nova de Paiva,1822,27.19,0.65,24.92,27.80,26.98,27.48,27.66,18.24,0.39,16.83,18.80,18.15,18.37,18.42,10.85,0.25,10.01,11.32,10.75,10.90,10.96
2026-09-19 00:00:00+00:00,Vila Nova de Paiva,1822,30.72,0.51,29.28,32.09,30.55,30.79,30.83,21.32,0.37,20.09,22.10,21.20,21.40,21.44,13.67,0.36,12.39,14.08,13.48,13.86,13.90
2026-09-20 00:00:00+00:00,Vila Nova de Paiva,1822,32.39,0.70,30.03,33.69,32.18,32.63,32.70,23.58,0.38,22.20,24.20,23.48,23.70,23.74,16.84,0.36,15.52,17.28,16.69,17.01,17.10
2026-09-21 00:00:00+00:00,Vila Nova de Paiva,1822,33.93,0.85,30.98,34.70,33.69,34.21,34.54,24.34,0.37,22.95,24.61,24.23,24.53,24.59,16.90,0.18,16.34,17.13,16.81,16.99,17.01
2026-09-22 00:00:00+00:00,Vila Nova de Paiva,1822,34.87,0.68,32.52,35.50,34.64,35.10,35.37,24.97,0.35,23.69,25.30,24.86,25.14,25.20,17.70,0.41,16.61,18.79,17.47,17.78,17.84
2026-09-23 00:00:00+00:00,Vila Nova de Paiva,1822,35.78,0.62,33.92,37.09,35.49,35.95,36.10,25.43,0.40,24.07,26.00,25.25,25.61,25.70,17.22,0.36,16.53,18.39,17.06,17.12,17.28
2026-09-24 00:00:00+00:00,Vila Nova de Paiva,1822,32.70,0.51,31.86,33.80,32.27,32.64,33.10,23.56,0.08,23.35,23.68,23.50,23.58,23.61,17.54,0.39,16.98,18.98,17.28,17.51,17.60
2026-09-25 00:00:00+00:00,Vila Nova de Paiva,1822,29.68,0.74,28.52,31.36,29.05,29.57,30.22,20.09,0.26,19.69,20.66,19.86,20.05,20.28,12.86,0.08,12.68,13.05,12.81,12.85,12.91
2026-09-26 00:00:00+00:00,Vila Nova de Paiva,1822,30.33,0.07,30.25,30.50,30.28,30.31,30.38,21.26,0.19,20.88,21.61,21.11,21.27,21.42,13.89,0.45,12.96,14.64,13.54,13.93,14.26
2026-09-27 00:00:00+00:00,Vila Nova de Paiva,1822,27.29,0.54,26.45,28.52,26.84,27.21,27.70,20.62,0.10,20.49,20.83,20.53,20.60,20.70,15.75,0.09,15.64,15.98,15.68,15.73,15.81
2026-09-28 00:00:00+00:00,Vila Nova de Paiva,1822,23.28,0.35,22.46,24.53,23.12,23.19,23.39,17.37,0.18,16.82,17.80,17.31,17.34,17.43,12.85,0.21,12.28,13.50,12.80,12.82,12.89
2026-09-29 00:00:00+00:00,Vila Nova de Paiva,1822,22.10,0.57,21.50,23.90,21.71,21.95,22.25,18.14,0.29,17.22,18.82,18.02,18.09,18.27,14.78,0.14,14.26,15.26,14.72,14.77,14.87
2026-09-10 00:00:00+00:00,Viseu,1823,27.28,0.87,26.02,30.00,26.55,26.92,27.88,18.71,0.42,18.21,20.15,18.44,18.55,18.83,11.61,0.48,9.75,12.96,11.52,11.72,11.80
2026-09-11 00:00:00+00:00,Viseu,1823,30.93,0.71,29.45,33.12,30.40,30.69,31.41,22.23,0.20,21.54,22.76,22.10,22.23,22.34,14.23,0.59,11.68,15.97,13.94,14.18,14.66
2026-09-12 00:00:00+00:00,Viseu,1823,32.27,0.69,31.13,34.81,31.85,32.09,32.49,24.69,0.47,23.60,25.96,24.42,24.75,24.90,17.83,0.69,14.62,19.03,17.63,18.05,18.27
2026-09-13 00:00:00+00:00,Viseu,1823,34.09,0.80,33.01,36.64,33.45,33.84,34.55,25.72,0.42,24.77,26.74,25.36,25.76,26.00,18.91,0.75,16.05,20.51,18.59,19.05,19.44
2026-09-14 00:00:00+00:00,Viseu,1823,34.36,0.73,33.51,36.70,33.81,34.10,34.70,25.73,0.32,24.31,26.72,25.50,25.78,25.92,18.50,0.77,14.35,20.20,18.06,18.57,19.05
2026-09-15 00:00:00+00:00,Viseu,1823,28.56,0.65,27.12,30.49,28.15,28.33,28.93,20.82,0.37,19.65,21.75,20.66,20.87,21.00,14.49,0.77,11.30,15.96,14.20,14.77,14.99
2026-09-16 00:00:00+00:00,Viseu,1823,26.76,0.66,25.92,29.19,26.30,26.53,27.03,19.55,0.47,18.87,21.31,19.27,19.36,19.62,13.67,0.41,11.24,14.43,13.58,13.79,13.89
2026-09-17 00:00:00+00:00,Viseu,1823,24.52,0.65,23.90,26.86,24.05,24.29,24.79,17.55,0.56,16.82,19.51,17.25,17.36,17.69,11.30,0.63,9.86,13.20,11.08,11.23,11.44
2026-09-18 00:00:00+00:00,Viseu,1823,27.04,0.80,26.11,29.82,26.40,26.80,27.43,19.39,0.45,18.53,20.88,19.12,19.29,19.48,12.36,0.46,10.88,13.59,12.16,12.42,12.66
2026-09-19 00:00:00+00:00,Viseu,1823,30.71,0.82,29.71,33.47,30.10,30.43,31.05,22.48,0.42,21.61,23.88,22.23,22.40,22.59,15.83,0.63,13.78,16.68,15.66,16.03,16.25
2026-09-20 00:00:00+00:00,Viseu,1823,32.32,0.81,31.42,35.08,31.67,32.03,32.76,25.05,0.41,23.69,25.83,24.88,25.13,25.32,19.11,1.09,14.73,21.32,18.41,19.24,19.94
2026-09-21 00:00:00+00:00,Viseu,1823,33.40,0.71,32.70,35.78,32.82,33.17,33.84,25.22,0.35,24.18,25.97,24.93,25.31,25.44,18.27,0.74,14.89,19.89,17.90,18.30,18.81
2026-09-22 00:00:00+00:00,Viseu,1823,34.56,0.74,33.61,37.19,34.00,34.31,34.90,25.77,0.36,24.62,26.53,25.43,25.89,26.03,18.73,0.99,14.63,21.59,18.21,18.61,19.45
2026-09-23 00:00:00+00:00,Viseu,1823,35.28,0.74,33.97,37.36,34.68,35.00,35.85,25.77,0.28,24.34,26.72,25.63,25.79,25.93,19.02,1.11,13.73,21.84,18.32,19.15,19.75
2026-09-24 00:00:00+00:00,Viseu,1823,31.99,0.57,31.41,34.05,31.66,31.75,32.04,23.76,0.22,22.95,24.53,23.60,23.78,23.91,16.20,0.91,12.87,18.92,15.76,16.23,16.61
2026-09-25 00:00:00+00:00,Viseu,1823,28.51,0.43,27.82,29.98,28.26,28.39,28.59,19.60,0.30,18.75,20.62,19.46,19.62,19.77,13.00,0.54,11.11,15.02,12.68,13.03,13.31
2026-09-26 00:00:00+00:00,Viseu,1823,30.64,0.57,29.83,32.64,30.26,30.48,30.74,21.84,0.22,21.04,22.53,21.65,21.86,21.99,14.83,0.72,12.85,17.21,14.52,14.83,15.26
2026-09-27 00:00:00+00:00,Viseu,1823,26.61,0.59,26.11,28.74,26.25,26.34,26.73,20.55,0.12,20.12,20.87,20.46,20.55,20.62,15.66,0.03,15.59,15.76,15.64,15.65,15.66
2026-09-28 00:00:00+00:00,Viseu,1823,23.62,0.64,22.91,25.81,23.15,23.38,23.89,18.14,0.35,17.50,19.36,17.95,18.05,18.18,13.42,0.29,11.87,14.33,13.26,13.47,13.58
2026-09-29 00:00:00+00:00,Viseu,1823,24.32,0.61,22.50,26.06,24.00,24.25,24.60,19.68,0.73,18.36,22.13,19.32,19.44,19.91,16.26,0.68,14.97,18.54,15.99,16.16,16.33
2026-09-10 00:00:00+00:00,Vouzela,1824,25.87,0.22,25.45,26.50,25.77,25.83,25.96,18.65,0.22,18.40,19.23,18.50,18.57,18.77,11.75,0.04,11.59,11.80,11.73,11.77,11.79
2026-09-11 00:00:00+00:00,Vouzela,1824,29.37,0.24,29.12,30.23,29.21,29.27,29.41,22.21,0.11,22.10,22.55,22.14,22.17,22.24,15.08,0.20,14.56,15.30,14.94,15.13,15.25
2026-09-12 00:00:00+00:00,Vouzela,1824,31.98,0.13,31.80,32.34,31.88,31.97,32.08,24.87,0.26,24.60,25.61,24.69,24.75,24.99,18.70,0.27,17.89,19.00,18.51,18.79,18.94
2026-09-13 00:00:00+00:00,Vouzela,1824,33.57,0.12,33.40,33.93,33.47,33.56,33.65,26.25,0.24,25.78,26.92,26.11,26.17,26.36,19.70,0.28,18.74,20.00,19.49,19.78,19.93
2026-09-14 00:00:00+00:00,Vouzela,1824,33.39,0.25,32.68,33.80,33.28,33.48,33.53,25.85,0.12,25.54,26.24,25.80,25.81,25.87,19.52,0.46,17.86,20.00,19.20,19.68,19.91
2026-09-15 00:00:00+00:00,Vouzela,1824,26.94,0.34,26.27,27.94,26.75,26.97,27.05,20.64,0.63,19.00,21.40,20.31,20.82,21.13,15.96,0.31,15.07,16.30,15.78,16.05,16.23
2026-09-16 00:00:00+00:00,Vouzela,1824,25.97,0.24,25.60,26.37,25.75,25.97,26.20,19.01,0.28,18.60,19.62,18.76,18.99,19.21,13.51,0.07,13.32,13.72,13.47,13.50,13.54
2026-09-17 00:00:00+00:00,Vouzela,1824,24.03,0.17,23.80,24.59,23.89,24.01,24.12,17.17,0.57,16.40,18.53,16.69,17.11,17.50,10.89,0.17,10.70,11.46,10.73,10.82,11.02
2026-09-18 00:00:00+00:00,Vouzela,1824,26.50,0.20,26.20,27.02,26.33,26.48,26.64,19.28,0.39,18.80,20.36,18.98,19.21,19.45,12.10,0.18,11.41,12.43,12.04,12.17,12.19
2026-09-19 00:00:00+00:00,Vouzela,1824,29.87,0.25,29.50,30.50,29.65,29.86,30.08,22.30,0.41,21.80,23.45,21.98,22.25,22.48,15.63,0.26,14.59,16.03,15.57,15.74,15.78
2026-09-20 00:00:00+00:00,Vouzela,1824,31.43,0.23,31.10,32.10,31.23,31.42,31.60,24.63,0.10,24.45,25.04,24.59,24.60,24.63,18.55,0.38,17.21,19.62,18.42,18.66,18.70
2026-09-21 00:00:00+00:00,Vouzela,1824,32.68,0.15,32.34,33.20,32.60,32.65,32.78,25.51,0.32,25.20,26.48,25.30,25.37,25.64,19.77,0.48,18.32,20.30,19.40,19.93,20.19
2026-09-22 00:00:00+00:00,Vouzela,1824,33.82,0.14,33.62,34.33,33.71,33.78,33.92,26.44,0.28,25.95,27.29,26.29,26.33,26.52,20.47,0.67,18.21,21.20,19.99,20.69,21.06
2026-09-23 00:00:00+00:00,Vouzela,1824,33.73,0.32,32.98,34.53,33.56,33.79,33.87,25.87,0.18,25.29,26.42,25.80,25.82,25.90,19.70,0.53,17.56,20.20,19.56,19.86,20.10
2026-09-24 00:00:00+00:00,Vouzela,1824,31.49,0.35,30.56,31.98,31.32,31.60,31.76,22.59,0.81,20.93,23.73,21.92,22.67,23.36,18.77,0.77,16.75,19.60,18.22,19.03,19.44
2026-09-25 00:00:00+00:00,Vouzela,1824,27.98,0.36,27.11,28.42,27.75,28.10,28.29,19.29,0.28,18.80,19.74,19.05,19.29,19.55,13.02,0.12,12.77,13.31,12.93,13.00,13.11
2026-09-26 00:00:00+00:00,Vouzela,1824,30.13,0.27,29.42,30.60,29.97,30.18,30.35,21.09,0.49,20.13,21.81,20.70,21.11,21.54,13.97,0.72,12.76,15.20,13.32,13.96,14.63
2026-09-27 00:00:00+00:00,Vouzela,1824,26.77,0.27,26.31,27.30,26.53,26.78,26.97,20.29,0.14,19.98,20.52,20.19,20.29,20.42,15.49,0.09,15.29,15.63,15.42,15.47,15.57
2026-09-28 00:00:00+00:00,Vouzela,1824,22.85,0.42,21.56,23.28,22.69,23.04,23.15,17.57,0.16,17.40,18.03,17.43,17.51,17.68,13.39,0.02,13.31,13.50,13.38,13.39,13.40
2026-09-29 00:00:00+00:00,Vouzela,1824,23.05,0.38,22.50,23.90,22.70,23.01,23.39,18.43,0.39,18.00,19.67,18.08,18.29,18.70,15.53,0.21,15.30,16.08,15.34,15.45,15.68
2026-09-10 00:00:00+00:00,Paredes de Coura,1605,26.63,0.09,26.50,26.97,26.58,26.61,26.66,18.29,0.13,18.03,18.57,18.18,18.30,18.40,11.08,0.16,10.74,11.41,10.94,11.09,11.22
2026-09-11 00:00:00+00:00,Paredes de Coura,1605,31.15,0.06,31.04,31.40,31.10,31.14,31.17,21.30,0.11,21.12,21.67,21.22,21.30,21.37,12.61,0.04,12.52,12.69,12.58,12.62,12.65
2026-09-12 00:00:00+00:00,Paredes de Coura,1605,34.43,0.09,34.31,34.70,34.36,34.41,34.48,23.58,0.27,23.06,24.15,23.35,23.60,23.81,15.44,0.48,14.51,16.39,15.05,15.48,15.86
2026-09-13 00:00:00+00:00,Paredes de Coura,1605,36.03,0.12,35.74,36.26,35.96,36.03,36.12,23.71,0.18,23.35,24.14,23.57,23.72,23.87,14.86,0.28,14.28,15.44,14.62,14.89,15.10
2026-09-14 00:00:00+00:00,Paredes de Coura,1605,31.68,0.22,31.30,32.03,31.49,31.71,31.90,23.54,0.64,22.04,24.40,23.02,23.64,24.13,16.18,0.84,14.30,17.40,15.48,16.24,16.97
2026-09-15 00:00:00+00:00,Paredes de Coura,1605,26.54,0.99,25.00,28.30,25.62,26.49,27.50,19.84,0.60,19.00,21.05,19.28,19.78,20.41,14.24,0.93,13.00,16.26,13.38,14.07,15.08
2026-09-16 00:00:00+00:00,Paredes de Coura,1605,23.60,1.42,21.50,26.37,22.27,23.48,24.96,17.71,1.28,15.80,20.06,16.50,17.63,18.94,12.80,0.79,11.60,14.32,12.06,12.74,13.56
2026-09-17 00:00:00+00:00,Paredes de Coura,1605,23.09,1.26,21.20,25.38,21.90,22.96,24.30,16.90,1.15,15.20,19.23,15.82,16.82,17.96,10.89,1.29,9.20,14.24,9.76,10.70,11.78
2026-09-18 00:00:00+00:00,Paredes de Coura,1605,25.80,1.18,24.00,28.07,24.69,25.74,26.95,18.42,0.70,17.30,19.68,17.78,18.39,19.10,11.92,0.32,11.40,12.50,11.64,11.92,12.20
2026-09-19 00:00:00+00:00,Paredes de Coura,1605,29.80,1.15,28.10,32.06,28.72,29.71,30.91,20.98,0.21,20.64,21.53,20.83,20.91,21.10,13.67,0.41,12.42,14.10,13.43,13.80,14.01
2026-09-20 00:00:00+00:00,Paredes de Coura,1605,32.08,1.44,29.90,34.71,30.73,31.99,33.48,23.59,0.21,22.90,24.02,23.49,23.68,23.72,15.96,0.88,13.80,17.10,15.26,16.09,16.78
2026-09-21 00:00:00+00:00,Paredes de Coura,1605,33.17,0.83,31.90,34.72,32.39,33.13,33.98,24.29,0.38,23.26,24.73,24.03,24.37,24.64,17.19,0.75,15.48,18.20,16.53,17.31,17.90
2026-09-22 00:00:00+00:00,Paredes de Coura,1605,33.12,1.07,31.50,35.19,32.11,33.08,34.15,24.85,0.75,23.02,25.80,24.24,25.00,25.54,17.19,1.15,14.57,18.70,16.18,17.37,18.25
2026-09-23 00:00:00+00:00,Paredes de Coura,1605,32.26,0.31,31.80,32.97,31.97,32.24,32.49,23.09,0.96,20.81,24.30,22.26,23.24,23.97,15.61,1.94,11.17,18.20,13.94,15.91,17.38
2026-09-24 00:00:00+00:00,Paredes de Coura,1605,25.38,0.63,24.24,26.92,24.86,25.35,25.90,17.75,0.32,17.17,18.63,17.49,17.74,17.99,15.65,1.88,11.55,18.30,14.00,15.88,17.40
2026-09-25 00:00:00+00:00,Paredes de Coura,1605,26.90,0.21,26.53,27.35,26.73,26.90,27.08,17.97,0.22,17.55,18.46,17.79,17.97,18.14,10.98,0.31,10.37,11.73,10.74,11.00,11.25
2026-09-26 00:00:00+00:00,Paredes de Coura,1605,28.63,0.29,28.15,29.36,28.39,28.61,28.86,20.06,0.17,19.73,20.39,19.92,20.07,20.21,13.49,0.19,13.14,14.06,13.33,13.49,13.63
2026-09-27 00:00:00+00:00,Paredes de Coura,1605,26.83,0.18,26.34,27.15,26.72,26.86,26.96,19.23,0.20,18.93,19.72,19.08,19.18,19.37,14.30,0.24,13.94,14.88,14.10,14.24,14.47
2026-09-28 00:00:00+00:00,Paredes de Coura,1605,21.62,1.41,19.60,24.67,20.30,21.42,22.83,17.61,0.80,16.40,19.12,16.86,17.58,18.38,13.87,0.69,12.80,15.00,13.25,13.84,14.56
2026-09-29 00:00:00+00:00,Paredes de Coura,1605,22.31,1.13,20.60,24.33,21.25,22.23,23.39,18.75,1.04,17.20,20.72,17.77,18.67,19.76,13.16,1.02,11.70,15.19,12.20,13.07,14.14
2026-09-10 00:00:00+00:00,Ponte de Lima,1607,26.57,0.23,25.41,27.19,26.50,26.64,26.69,18.63,0.09,18.33,18.85,18.59,18.67,18.69,11.52,0.08,11.25,11.80,11.49,11.50,11.55
2026-09-11 00:00:00+00:00,Ponte de Lima,1607,31.28,0.30,29.83,31.90,31.20,31.39,31.47,21.39,0.06,21.20,21.71,21.36,21.39,21.40,12.72,0.14,12.60,13.29,12.62,12.66,12.75
2026-09-12 00:00:00+00:00,Ponte de Lima,1607,34.88,0.22,33.97,35.10,34.77,34.95,35.05,24.39,0.12,23.88,24.50,24.34,24.43,24.48,16.75,0.25,15.60,17.24,16.69,16.84,16.89
2026-09-13 00:00:00+00:00,Ponte de Lima,1607,36.00,0.23,34.92,36.20,35.95,36.07,36.16,24.11,0.08,23.84,24.34,24.09,24.10,24.13,15.47,0.20,14.93,16.46,15.39,15.40,15.49
2026-09-14 00:00:00+00:00,Ponte de Lima,1607,32.18,0.23,31.47,32.92,32.05,32.20,32.32,23.00,0.28,22.60,23.77,22.75,22.94,23.24,15.21,0.28,14.60,16.25,15.09,15.22,15.35
2026-09-15 00:00:00+00:00,Ponte de Lima,1607,28.18,0.42,26.63,28.80,27.96,28.20,28.49,20.61,0.59,19.10,21.50,20.25,20.72,21.06,15.30,1.02,12.70,16.80,14.65,15.51,16.06
2026-09-16 00:00:00+00:00,Ponte de Lima,1607,25.69,0.57,23.44,26.40,25.44,25.84,26.10,19.82,0.60,17.74,20.60,19.51,19.96,20.26,13.65,0.45,12.30,14.83,13.53,13.76,13.87
2026-09-17 00:00:00+00:00,Ponte de Lima,1607,25.34,0.58,23.09,26.20,25.06,25.38,25.75,18.21,0.39,16.82,18.87,18.07,18.34,18.47,10.50,0.37,9.70,11.59,10.24,10.47,10.71
2026-09-18 00:00:00+00:00,Ponte de Lima,1607,27.55,0.69,25.84,28.70,26.97,27.55,28.10,19.44,0.20,18.52,19.91,19.38,19.49,19.56,12.02,0.26,11.30,12.80,11.91,12.04,12.16
2026-09-19 00:00:00+00:00,Ponte de Lima,1607,31.48,0.63,29.73,32.50,31.05,31.51,31.97,21.96,0.30,21.33,22.60,21.74,21.83,22.20,14.24,0.49,13.70,15.50,13.88,14.01,14.66
2026-09-20 00:00:00+00:00,Ponte de Lima,1607,34.46,0.86,32.19,35.80,33.91,34.57,35.14,24.00,0.59,23.20,25.40,23.57,23.79,24.48,15.44,0.87,14.10,17.50,14.78,15.24,16.14
2026-09-21 00:00:00+00:00,Ponte de Lima,1607,34.39,0.55,33.00,35.20,34.10,34.48,34.82,24.25,0.51,23.50,25.40,23.88,24.08,24.66,16.53,0.93,15.10,18.80,15.82,16.36,17.23
2026-09-22 00:00:00+00:00,Ponte de Lima,1607,34.66,0.46,33.15,35.40,34.34,34.65,35.01,24.34,0.72,23.30,26.00,23.75,24.18,24.91,16.15,1.26,14.30,19.30,15.19,15.86,17.03
2026-09-23 00:00:00+00:00,Ponte de Lima,1607,32.11,0.20,31.29,32.91,32.04,32.12,32.19,22.21,0.85,21.00,24.10,21.48,22.04,22.87,13.87,1.52,11.60,17.40,12.68,13.52,15.01
2026-09-24 00:00:00+00:00,Ponte de Lima,1607,25.96,0.39,24.67,27.83,25.79,25.99,26.03,17.97,0.13,17.46,18.45,17.91,17.99,18.01,13.47,0.92,12.10,16.17,12.74,13.36,14.11
2026-09-25 00:00:00+00:00,Ponte de Lima,1607,27.42,0.34,25.86,27.78,27.29,27.54,27.66,18.42,0.16,17.85,19.10,18.34,18.47,18.50,11.72,0.24,11.18,12.93,11.63,11.70,11.73
2026-09-26 00:00:00+00:00,Ponte de Lima,1607,29.62,0.30,28.38,29.96,29.45,29.74,29.85,20.43,0.17,19.79,20.60,20.34,20.49,20.57,13.63,0.12,12.99,13.72,13.63,13.68,13.70
2026-09-27 00:00:00+00:00,Ponte de Lima,1607,26.87,0.15,26.13,27.00,26.83,26.92,26.97,19.97,0.13,19.53,20.10,19.90,20.02,20.07,15.23,0.11,14.72,15.30,15.22,15.28,15.29
2026-09-28 00:00:00+00:00,Ponte de Lima,1607,23.14,0.51,21.21,23.80,22.85,23.29,23.50,18.89,0.24,17.64,19.23,18.82,18.96,19.03,15.33,0.28,14.03,15.70,15.21,15.39,15.52
2026-09-29 00:00:00+00:00,Ponte de Lima,1607,24.22,0.58,22.33,25.00,23.91,24.35,24.63,20.39,0.50,18.76,21.10,20.12,20.47,20.76,14.71,0.74,12.93,15.80,14.23,14.81,15.28
2026-09-10 00:00:00+00:00,Maia,1306,24.45,0.52,23.60,25.56,24.02,24.47,24.84,18.75,0.13,18.33,18.90,18.71,18.76,18.84,13.89,0.37,12.55,14.20,13.87,14.03,14.11
2026-09-11 00:00:00+00:00,Maia,1306,28.12,0.42,27.60,29.50,27.82,28.07,28.22,21.14,0.17,20.77,21.40,21.02,21.13,21.28,14.52,0.47,13.21,15.20,14.25,14.56,14.89
2026-09-12 00:00:00+00:00,Maia,1306,32.54,0.42,31.80,33.33,32.20,32.58,32.86,25.15,0.41,23.93,25.70,24.98,25.19,25.46,17.82,0.59,16.02,18.60,17.59,17.88,18.26
2026-09-13 00:00:00+00:00,Maia,1306,32.96,0.31,32.50,33.84,32.72,32.95,33.12,25.61,0.46,24.16,26.20,25.45,25.66,25.94,19.54,0.90,16.31,20.30,19.47,19.85,20.07
2026-09-14 00:00:00+00:00,Maia,1306,29.53,0.74,28.40,31.42,28.94,29.50,30.03,22.61,0.14,22.22,22.80,22.54,22.63,22.72,17.65,0.79,15.50,18.80,17.23,17.70,18.25
2026-09-15 00:00:00+00:00,Maia,1306,24.20,0.41,23.86,25.63,23.92,24.03,24.28,19.70,0.02,19.61,19.75,19.70,19.70,19.70,16.92,0.51,15.28,17.50,16.82,17.00,17.28
2026-09-16 00:00:00+00:00,Maia,1306,26.87,0.23,26.50,27.39,26.72,26.86,27.00,20.42,0.04,20.29,20.48,20.40,20.42,20.44,15.48,0.13,15.01,15.66,15.49,15.51,15.55
2026-09-17 00:00:00+00:00,Maia,1306,24.79,0.40,24.10,25.54,24.48,24.83,25.09,18.95,0.04,18.84,19.00,18.93,18.96,18.98,13.27,0.54,11.69,14.00,13.03,13.33,13.68
2026-09-18 00:00:00+00:00,Maia,1306,26.24,0.66,25.10,27.44,25.71,26.30,26.81,19.81,0.22,19.05,20.00,19.80,19.88,19.94,13.61,0.61,11.77,14.40,13.39,13.68,14.06
2026-09-19 00:00:00+00:00,Maia,1306,30.39,0.17,30.10,30.72,30.25,30.42,30.55,23.21,0.50,21.76,23.90,22.99,23.24,23.57,17.86,1.09,14.54,19.30,17.50,17.96,18.64
2026-09-20 00:00:00+00:00,Maia,1306,34.36,0.46,33.70,35.47,34.04,34.28,34.60,25.81,0.58,24.11,26.60,25.58,25.85,26.22,18.13,1.05,15.39,19.70,17.47,18.18,18.95
2026-09-21 00:00:00+00:00,Maia,1306,34.65,0.23,34.30,35.19,34.51,34.63,34.77,26.13,0.65,24.18,27.00,25.88,26.18,26.59,20.36,1.28,16.75,22.20,19.72,20.43,21.32
2026-09-22 00:00:00+00:00,Maia,1306,34.41,0.31,33.90,35.06,34.17,34.44,34.60,24.52,0.25,23.62,24.84,24.49,24.60,24.64,16.42,0.45,14.94,17.24,16.32,16.41,16.65
2026-09-23 00:00:00+00:00,Maia,1306,27.25,1.01,26.30,30.74,26.63,26.95,27.38,19.38,0.41,18.80,20.54,19.08,19.36,19.54,13.42,0.15,13.00,13.74,13.33,13.41,13.50
2026-09-24 00:00:00+00:00,Maia,1306,22.25,1.39,20.50,26.63,21.27,22.09,22.66,17.43,0.31,17.00,18.35,17.20,17.41,17.56,13.48,0.26,12.56,13.70,13.46,13.56,13.63
2026-09-25 00:00:00+00:00,Maia,1306,22.91,0.57,22.30,24.87,22.52,22.79,22.99,17.60,0.07,17.44,17.70,17.57,17.62,17.66,13.29,0.37,12.21,13.80,13.10,13.33,13.58
2026-09-26 00:00:00+00:00,Maia,1306,27.90,0.42,27.20,28.73,27.55,27.94,28.27,19.61,0.05,19.42,19.69,19.60,19.61,19.63,13.93,0.38,12.72,14.40,13.82,13.98,14.20
2026-09-27 00:00:00+00:00,Maia,1306,25.03,0.13,24.76,25.42,24.96,25.05,25.09,19.93,0.17,19.55,20.20,19.81,19.93,20.08,16.97,0.44,15.71,17.60,16.73,17.00,17.31
2026-09-28 00:00:00+00:00,Maia,1306,22.55,0.18,22.26,23.13,22.45,22.50,22.61,19.42,0.37,18.59,20.00,19.15,19.41,19.73,16.27,0.56,14.57,17.00,16.06,16.33,16.68
2026-09-29 00:00:00+00:00,Maia,1306,25.01,0.07,24.83,25.10,24.95,25.02,25.07,20.88,0.20,20.55,21.20,20.71,20.87,21.04,15.81,0.14,15.41,16.00,15.74,15.82,15.91
2026-09-10 00:00:00+00:00,Santo Tirso,1314,26.46,0.46,25.54,27.88,26.19,26.35,26.71,18.13,0.27,17.67,18.95,17.91,18.12,18.31,11.64,0.39,10.91,12.57,11.32,11.67,11.94
2026-09-11 00:00:00+00:00,Santo Tirso,1314,30.66,0.49,29.43,31.95,30.38,30.65,30.94,20.63,0.29,20.16,21.52,20.39,20.59,20.82,12.38,0.41,11.61,13.26,12.07,12.40,12.72
2026-09-12 00:00:00+00:00,Santo Tirso,1314,33.35,0.37,32.94,34.59,33.05,33.23,33.56,23.20,0.48,22.32,24.42,22.84,23.21,23.57,14.84,0.57,13.76,16.01,14.40,14.86,15.30
2026-09-13 00:00:00+00:00,Santo Tirso,1314,34.64,0.47,33.77,36.12,34.34,34.52,34.90,23.28,0.51,22.33,24.50,22.89,23.30,23.68,14.13,0.91,12.44,16.34,13.39,14.22,14.85
2026-09-14 00:00:00+00:00,Santo Tirso,1314,32.85,0.58,31.39,34.36,32.49,32.84,33.16,22.07,0.45,21.32,23.25,21.69,22.02,22.42,14.18,0.71,12.81,15.50,13.66,14.23,14.74
2026-09-15 00:00:00+00:00,Santo Tirso,1314,26.70,0.55,25.45,28.16,26.35,26.58,27.09,19.69,0.35,19.18,20.68,19.41,19.61,19.96,14.28,0.64,13.07,15.57,13.82,14.28,14.77
2026-09-16 00:00:00+00:00,Santo Tirso,1314,26.82,0.27,26.46,27.81,26.63,26.77,26.93,20.20,0.15,19.94,20.52,20.07,20.19,20.31,14.56,0.22,14.13,15.07,14.38,14.52,14.73
2026-09-17 00:00:00+00:00,Santo Tirso,1314,25.40,0.26,25.13,26.30,25.18,25.31,25.54,18.86,0.33,18.37,19.91,18.60,18.79,19.10,10.70,0.83,9.14,12.65,10.08,10.76,11.33
2026-09-18 00:00:00+00:00,Santo Tirso,1314,27.60,0.45,27.02,29.19,27.30,27.44,27.78,18.58,0.46,17.73,19.51,18.22,18.60,18.93,10.44,0.74,9.02,11.94,9.87,10.46,10.99
2026-09-19 00:00:00+00:00,Santo Tirso,1314,31.13,0.41,30.67,32.52,30.79,30.99,31.36,20.94,0.66,19.69,22.38,20.44,20.98,21.46,12.50,1.07,10.41,14.48,11.69,12.57,13.35
2026-09-20 00:00:00+00:00,Santo Tirso,1314,33.52,0.41,32.81,34.60,33.20,33.53,33.82,23.06,0.57,21.96,24.07,22.63,23.07,23.53,13.69,0.90,11.96,15.34,13.00,13.72,14.41
2026-09-21 00:00:00+00:00,Santo Tirso,1314,34.51,0.32,34.07,35.59,34.27,34.46,34.71,22.98,0.71,21.61,24.23,22.47,23.01,23.55,14.47,1.11,12.32,16.64,13.59,14.53,15.35
2026-09-22 00:00:00+00:00,Santo Tirso,1314,34.88,0.37,34.54,36.22,34.60,34.74,35.02,23.11,0.57,22.07,24.41,22.66,23.15,23.55,13.92,0.73,12.52,15.34,13.40,13.94,14.48
2026-09-23 00:00:00+00:00,Santo Tirso,1314,33.42,1.01,30.62,35.55,32.71,33.56,34.11,21.43,0.52,20.45,22.92,21.05,21.28,21.78,12.74,0.55,11.76,14.02,12.28,12.70,13.19
2026-09-24 00:00:00+00:00,Santo Tirso,1314,29.87,1.07,26.59,31.35,29.15,30.14,30.73,19.07,0.33,18.34,20.06,18.88,19.02,19.25,12.01,0.61,10.88,13.36,11.52,12.04,12.47
2026-09-25 00:00:00+00:00,Santo Tirso,1314,26.46,0.65,24.77,28.14,26.08,26.45,26.84,17.82,0.32,17.45,18.87,17.57,17.73,18.02,11.69,0.69,10.56,13.88,11.15,11.67,12.14
2026-09-26 00:00:00+00:00,Santo Tirso,1314,29.47,0.41,28.71,30.78,29.21,29.35,29.68,19.39,0.30,18.96,20.38,19.16,19.34,19.58,11.97,0.41,11.21,12.92,11.65,11.98,12.30
2026-09-27 00:00:00+00:00,Santo Tirso,1314,25.84,0.37,25.33,27.04,25.55,25.74,26.06,19.39,0.27,18.96,20.23,19.17,19.36,19.56,14.94,0.39,14.20,15.84,14.63,14.94,15.25
2026-09-28 00:00:00+00:00,Santo Tirso,1314,23.47,0.30,23.00,24.38,23.20,23.40,23.70,18.06,0.40,17.31,18.84,17.77,18.07,18.38,13.46,0.71,12.10,14.81,12.95,13.48,14.03
2026-09-29 00:00:00+00:00,Santo Tirso,1314,24.71,0.26,24.27,25.32,24.50,24.68,24.91,20.36,0.28,19.87,21.12,20.13,20.35,20.58,15.15,0.21,14.76,15.76,14.99,15.17,15.31
2026-09-10 00:00:00+00:00,Trofa,1318,25.14,0.47,24.36,26.11,24.72,25.09,25.51,18.57,0.15,18.23,18.77,18.46,18.60,18.69,13.12,0.49,12.17,13.83,12.74,13.21,13.56
2026-09-11 00:00:00+00:00,Trofa,1318,29.01,0.56,28.17,30.19,28.53,28.95,29.45,21.02,0.14,20.68,21.21,20.94,21.05,21.13,13.84,0.50,12.88,14.60,13.46,13.91,14.28
2026-09-12 00:00:00+00:00,Trofa,1318,32.81,0.22,32.40,33.27,32.64,32.81,32.98,24.54,0.45,23.62,25.21,24.20,24.62,24.93,16.87,0.68,15.55,17.89,16.34,16.97,17.47
2026-09-13 00:00:00+00:00,Trofa,1318,33.57,0.38,32.97,34.38,33.24,33.53,33.88,24.86,0.53,23.80,25.65,24.47,24.94,25.32,17.72,1.18,15.42,19.42,16.82,17.91,18.79
2026-09-14 00:00:00+00:00,Trofa,1318,30.68,0.75,29.48,32.17,30.00,30.59,31.29,22.52,0.12,22.14,22.65,22.45,22.55,22.61,16.49,0.76,15.01,17.68,15.89,16.59,17.15
2026-09-15 00:00:00+00:00,Trofa,1318,25.35,0.58,24.44,26.56,24.89,25.30,25.82,19.83,0.09,19.63,20.03,19.76,19.82,19.90,16.10,0.56,14.90,16.92,15.66,16.22,16.57
2026-09-16 00:00:00+00:00,Trofa,1318,26.82,0.04,26.75,26.89,26.80,26.83,26.85,20.43,0.06,20.25,20.56,20.39,20.44,20.47,15.30,0.18,14.88,15.54,15.17,15.38,15.45
2026-09-17 00:00:00+00:00,Trofa,1318,25.02,0.18,24.67,25.36,24.89,25.03,25.17,19.00,0.07,18.80,19.15,18.96,19.00,19.05,12.57,0.56,11.28,13.37,12.15,12.68,13.03
2026-09-18 00:00:00+00:00,Trofa,1318,26.60,0.34,25.99,27.27,26.32,26.59,26.87,19.50,0.25,18.86,19.82,19.36,19.57,19.71,12.78,0.66,11.32,13.72,12.24,12.92,13.33
2026-09-19 00:00:00+00:00,Trofa,1318,30.63,0.18,30.35,31.05,30.48,30.61,30.77,22.47,0.47,21.42,23.21,22.10,22.53,22.87,15.99,1.13,13.78,17.78,15.12,16.12,16.97
2026-09-20 00:00:00+00:00,Trofa,1318,34.09,0.14,33.69,34.32,34.03,34.14,34.17,24.88,0.57,23.72,25.79,24.46,24.96,25.38,16.70,0.95,14.77,18.22,15.96,16.81,17.53
2026-09-21 00:00:00+00:00,Trofa,1318,34.58,0.04,34.46,34.65,34.56,34.59,34.61,25.08,0.65,23.73,26.11,24.60,25.17,25.65,18.37,1.25,15.92,20.37,17.40,18.53,19.47
2026-09-22 00:00:00+00:00,Trofa,1318,34.42,0.17,34.07,34.75,34.29,34.42,34.56,24.06,0.25,23.42,24.42,23.92,24.09,24.25,15.70,0.45,14.61,16.28,15.39,15.79,16.09
2026-09-23 00:00:00+00:00,Trofa,1318,29.42,1.29,27.48,31.98,28.28,29.21,30.44,20.24,0.50,19.46,21.29,19.83,20.16,20.65,13.34,0.14,12.89,13.52,13.29,13.38,13.44
2026-09-24 00:00:00+00:00,Trofa,1318,24.83,1.69,22.26,28.18,23.29,24.58,26.17,18.00,0.37,17.43,18.75,17.66,17.95,18.29,13.09,0.29,12.34,13.48,12.94,13.13,13.33
2026-09-25 00:00:00+00:00,Trofa,1318,24.20,0.78,23.02,25.83,23.53,24.12,24.81,17.73,0.07,17.62,17.89,17.68,17.72,17.78,12.80,0.39,11.93,13.37,12.50,12.87,13.13
2026-09-26 00:00:00+00:00,Trofa,1318,28.41,0.37,27.81,29.18,28.09,28.38,28.70,19.56,0.06,19.36,19.63,19.52,19.58,19.61,13.30,0.45,12.42,13.96,12.97,13.38,13.69
2026-09-27 00:00:00+00:00,Trofa,1318,25.38,0.17,25.11,25.79,25.24,25.35,25.51,19.78,0.14,19.46,20.00,19.69,19.81,19.90,16.30,0.47,15.39,17.03,15.93,16.36,16.71
2026-09-28 00:00:00+00:00,Trofa,1318,23.15,0.24,22.71,23.56,22.96,23.17,23.33,19.10,0.30,18.39,19.55,18.90,19.17,19.35,15.48,0.59,14.17,16.34,15.02,15.59,15.98
2026-09-29 00:00:00+00:00,Trofa,1318,25.05,0.10,24.76,25.23,25.00,25.06,25.13,20.82,0.14,20.45,21.02,20.72,20.84,20.93,15.62,0.15,15.27,15.83,15.51,15.66,15.74
2026-09-10 00:00:00+00:00,Leiria,1009,26.75,0.58,24.72,28.48,26.51,26.86,26.96,18.59,0.23,18.05,19.56,18.49,18.53,18.65,12.17,0.16,11.86,12.71,12.10,12.12,12.23
2026-09-11 00:00:00+00:00,Leiria,1009,28.08,0.70,25.70,30.30,27.81,28.17,28.33,19.57,0.31,19.00,20.88,19.40,19.48,19.67,12.42,0.40,11.90,13.41,12.07,12.34,12.71
2026-09-12 00:00:00+00:00,Leiria,1009,33.71,1.10,29.73,35.15,33.25,34.23,34.45,22.11,0.51,20.48,23.68,21.88,22.18,22.31,13.21,0.29,12.90,14.71,12.99,13.12,13.37
2026-09-13 00:00:00+00:00,Leiria,1009,37.36,0.17,36.45,37.83,37.33,37.40,37.41,24.02,0.32,22.90,25.47,23.82,23.95,24.14,14.32,0.41,13.21,16.36,14.02,14.20,14.55
2026-09-14 00:00:00+00:00,Leiria,1009,33.63,0.45,33.20,35.50,33.31,33.52,33.74,22.62,0.34,22.30,24.15,22.38,22.51,22.72,13.63,0.30,13.07,15.23,13.39,13.55,13.84
2026-09-15 00:00:00+00:00,Leiria,1009,23.91,0.42,23.15,25.69,23.69,23.77,24.04,20.27,0.16,19.72,20.66,20.19,20.33,20.38,18.18,0.34,17.13,18.60,17.97,18.25,18.47
2026-09-16 00:00:00+00:00,Leiria,1009,23.93,0.60,22.07,25.82,23.67,23.99,24.16,19.13,0.22,18.38,19.86,19.04,19.18,19.21,13.76,0.38,13.30,14.91,13.44,13.67,14.02
2026-09-17 00:00:00+00:00,Leiria,1009,25.49,0.73,22.87,27.01,25.18,25.76,25.88,17.45,0.28,16.76,18.44,17.29,17.36,17.59,9.98,0.62,9.20,11.90,9.45,9.86,10.44
2026-09-18 00:00:00+00:00,Leiria,1009,26.18,0.79,23.40,28.04,25.83,26.42,26.54,17.46,0.32,16.69,18.69,17.29,17.36,17.59,9.82,0.47,9.20,11.04,9.41,9.73,10.17
2026-09-19 00:00:00+00:00,Leiria,1009,32.70,1.18,28.51,33.80,32.24,33.22,33.49,20.28,0.52,18.46,21.88,20.08,20.38,20.52,10.50,0.35,9.97,12.21,10.22,10.37,10.71
2026-09-20 00:00:00+00:00,Leiria,1009,35.87,0.32,34.63,36.20,35.78,35.97,36.09,23.31,0.34,22.58,24.59,23.04,23.19,23.55,13.47,0.44,12.84,15.65,13.12,13.33,13.77
2026-09-21 00:00:00+00:00,Leiria,1009,35.75,0.09,35.46,36.13,35.71,35.74,35.77,23.63,0.23,22.60,24.64,23.51,23.59,23.73,14.70,0.36,13.02,16.41,14.59,14.64,14.86
2026-09-22 00:00:00+00:00,Leiria,1009,33.97,0.40,33.37,35.61,33.66,33.83,34.18,22.04,0.44,21.53,23.87,21.68,21.87,22.34,12.38,0.39,11.60,14.54,12.08,12.25,12.62
2026-09-23 00:00:00+00:00,Leiria,1009,27.02,1.13,23.90,30.82,26.50,26.99,27.41,18.56,0.60,17.39,20.88,18.27,18.38,18.72,12.67,0.32,12.30,14.10,12.41,12.59,12.87
2026-09-24 00:00:00+00:00,Leiria,1009,26.22,1.10,22.63,29.48,25.70,26.43,26.63,17.89,0.52,16.84,19.89,17.65,17.74,18.02,11.87,0.25,11.60,12.81,11.67,11.78,12.02
2026-09-25 00:00:00+00:00,Leiria,1009,24.96,0.67,22.72,27.04,24.68,25.07,25.20,18.27,0.23,17.54,19.09,18.17,18.29,18.35,12.23,0.34,11.80,13.34,11.94,12.16,12.44
2026-09-26 00:00:00+00:00,Leiria,1009,30.21,1.13,26.13,31.84,29.71,30.76,30.96,19.62,0.43,18.15,20.75,19.43,19.74,19.80,11.82,0.15,11.61,12.37,11.71,11.77,11.87
2026-09-27 00:00:00+00:00,Leiria,1009,26.80,0.48,25.09,28.11,26.59,26.94,27.01,19.99,0.27,19.15,20.99,19.87,19.99,20.07,14.93,0.23,14.58,15.91,14.80,14.85,14.98
2026-09-28 00:00:00+00:00,Leiria,1009,27.66,0.74,25.06,28.40,27.35,27.97,28.15,19.85,0.23,19.10,20.34,19.73,19.95,19.99,14.11,0.11,14.00,14.59,14.03,14.08,14.14
2026-09-29 00:00:00+00:00,Leiria,1009,28.65,0.19,28.00,29.04,28.56,28.72,28.77,23.86,0.27,23.07,24.20,23.70,23.91,24.08,19.67,0.55,17.94,20.30,19.50,19.83,20.10
2026-09-10 00:00:00+00:00,Ourém,1421,29.69,1.04,27.29,31.98,29.00,29.80,30.44,20.07,0.59,18.79,21.36,19.64,20.03,20.54,12.93,0.23,12.30,13.37,12.78,12.93,13.11
2026-09-11 00:00:00+00:00,Ourém,1421,31.93,1.37,28.77,34.98,30.94,32.04,32.89,21.74,0.78,19.87,23.42,21.26,21.73,22.29,13.73,0.51,12.44,14.87,13.42,13.69,14.12
2026-09-12 00:00:00+00:00,Ourém,1421,36.39,0.97,34.49,38.70,35.64,36.47,37.08,24.75,0.98,22.70,26.89,23.95,24.77,25.55,14.93,1.17,13.57,18.84,14.10,14.44,15.43
2026-09-13 00:00:00+00:00,Ourém,1421,38.31,0.39,37.52,39.24,38.02,38.33,38.58,26.09,0.95,24.44,28.67,25.35,25.97,26.74,16.35,1.68,14.49,21.73,15.13,15.68,17.09
2026-09-14 00:00:00+00:00,Ourém,1421,36.67,1.00,34.03,38.73,36.01,36.79,37.36,25.05,0.93,23.05,27.39,24.35,25.03,25.70,15.33,1.27,13.88,19.65,14.42,14.84,15.93
2026-09-15 00:00:00+00:00,Ourém,1421,26.98,1.15,24.35,29.61,26.22,26.94,27.81,20.74,0.54,19.37,21.86,20.33,20.77,21.17,17.02,0.54,15.46,18.03,16.72,17.20,17.37
2026-09-16 00:00:00+00:00,Ourém,1421,27.38,1.25,24.59,30.20,26.45,27.50,28.24,20.27,0.57,19.32,21.62,19.78,20.22,20.71,15.18,0.59,13.82,16.54,14.75,15.13,15.65
2026-09-17 00:00:00+00:00,Ourém,1421,28.21,1.00,26.11,30.58,27.48,28.25,28.95,19.13,0.61,17.71,20.49,18.74,19.10,19.57,11.58,0.60,10.15,13.11,11.21,11.52,11.93
2026-09-18 00:00:00+00:00,Ourém,1421,29.65,1.22,26.94,32.23,28.69,29.79,30.56,19.61,0.77,17.79,21.36,19.08,19.65,20.15,11.44,0.56,9.90,12.51,11.07,11.52,11.85
2026-09-19 00:00:00+00:00,Ourém,1421,34.35,0.60,33.09,35.73,33.82,34.39,34.80,22.69,0.93,20.87,24.93,21.95,22.67,23.42,12.02,1.20,10.75,15.88,11.13,11.50,12.55
2026-09-20 00:00:00+00:00,Ourém,1421,36.05,0.27,35.10,36.65,35.95,36.04,36.22,25.11,0.78,23.63,27.12,24.49,25.04,25.66,15.64,1.67,13.83,21.31,14.44,14.94,16.37
2026-09-21 00:00:00+00:00,Ourém,1421,36.38,0.27,35.84,37.03,36.16,36.36,36.58,24.87,0.66,23.80,26.76,24.36,24.76,25.28,15.63,1.73,13.83,21.34,14.27,15.10,16.39
2026-09-22 00:00:00+00:00,Ourém,1421,36.83,1.00,34.35,38.98,36.13,36.96,37.53,24.58,1.13,22.50,27.85,23.73,24.42,25.28,14.32,1.81,12.57,20.57,12.98,13.53,15.04
2026-09-23 00:00:00+00:00,Ourém,1421,33.93,2.39,28.31,38.64,32.10,34.25,35.82,22.82,1.50,19.31,25.39,21.68,22.99,24.12,14.40,1.13,12.96,18.46,13.66,13.98,14.78
2026-09-24 00:00:00+00:00,Ourém,1421,31.98,1.97,27.34,36.05,30.55,32.26,33.39,21.68,1.35,18.53,23.95,20.63,21.86,22.87,13.15,0.59,12.08,14.83,12.71,13.04,13.51
2026-09-25 00:00:00+00:00,Ourém,1421,28.49,1.22,25.60,30.99,27.68,28.66,29.37,19.52,0.57,18.45,20.78,19.05,19.48,19.98,13.50,0.48,12.29,14.52,13.18,13.48,13.88
2026-09-26 00:00:00+00:00,Ourém,1421,33.05,1.03,31.00,35.53,32.30,33.04,33.76,21.55,0.68,20.01,23.04,21.08,21.60,22.03,12.75,0.29,11.97,13.31,12.56,12.78,12.99
2026-09-27 00:00:00+00:00,Ourém,1421,29.02,0.79,27.23,30.74,28.50,29.09,29.60,21.55,0.64,20.21,22.99,21.09,21.50,22.07,16.61,0.60,15.16,17.91,16.20,16.67,17.02
2026-09-28 00:00:00+00:00,Ourém,1421,28.24,0.35,27.71,29.07,27.92,28.21,28.52,20.70,0.34,20.03,21.55,20.46,20.67,20.96,14.89,0.30,14.25,15.76,14.67,14.87,15.09
2026-09-29 00:00:00+00:00,Ourém,1421,29.16,0.53,27.76,30.34,28.78,29.18,29.54,23.48,0.47,21.72,24.11,23.36,23.67,23.74,19.75,0.42,18.42,20.77,19.57,19.74,20.00
