baseline_id,source_term,structure,structural_deviation,source_partition,condition_state_sha256,constitutive_relation_count,initial_broken_relations,restored_relations,new_breaks,residual_broken_relations,relation_transition_count,initial_offset,residual_offset,net_offset_change,absolute_offset_change,direction,new_break_fraction,criticality,criticality_order,reference_baseline_top_entry_index,condition_top_entry_index,response_top_entry_index,response_state_sha256,pair_correspondence,pair_js_correspondence,pair_sign_continuity,relation_balance,pair_active_hit,pair_rank_within_active_hits
SB2520,Herpes simplex,innate-adaptive host-defense structure,"altered configuration or regulated output of the named structure, expressed as the state described by herpes simplex",remaining_5256,eba194e9365ac813479658187dac4c46ad44350f133d33885a8244e67d8c6cbf,15,9,1,0,8,1,0.1870246240831105,0.1984822217393193,0.011457597656208796,0.011457597656208796,AWAY_FROM_REFERENCE,0.0,INFORMATIONAL,0,231,,,e5c2037d41a5de3e8cbcf444c2e7db9a2b019cb14d91734ef980dc1191a595ec,0.21110933794313452,0.10653577797943237,0.6875,1,True,1
SB2517,Herpes NOS,innate-adaptive host-defense structure,"altered configuration or regulated output of the named structure, expressed as the state described by herpes",remaining_5256,ac504f77d244b12ccf0f2e5cc2a0fe7fb89cdae57a4925d5fb741de5fa70c667,15,9,1,0,8,1,0.19038885964529595,0.20107406302854003,0.01068520338324408,0.01068520338324408,AWAY_FROM_REFERENCE,0.0,INFORMATIONAL,0,231,,,a5252b4452a254994b4be71242ea30f296d3bad538795061aaf01225aa9b0e05,0.2097981697413977,0.10322185334316791,0.6953125,1,True,2
SB5459,Urosepsis,innate-adaptive host-defense structure,"altered configuration or regulated output of the named structure, expressed as the state described by urosepsis",remaining_5256,25ed96e79321d259c351c70dbf267721987df67c855ad4b2f8e0dffde1602b51,15,9,1,0,8,1,0.19217672537516073,0.20335179409796988,0.011175068722809156,0.011175068722809156,AWAY_FROM_REFERENCE,0.0,INFORMATIONAL,0,231,,,4a005c34555db3b2d87d54c940090fcd9426e7366ba8b9895f8ca6b30ef36c10,0.2085754161889141,0.10687550754745623,0.671875,1,True,3
SB2813,Influenza,innate-adaptive host-defense structure,"altered configuration or regulated output of the named structure, expressed as the state described by influenza",remaining_5256,8e9fcdea28477c1e43159d326873b3cb9f62ea913f0ed053fa2cdf17669dce18,15,9,1,0,8,1,0.1797973302726541,0.19112372246133202,0.011326392188677925,0.011326392188677925,AWAY_FROM_REFERENCE,0.0,INFORMATIONAL,0,231,,,209599011e36e9df84b9fd64a1b8413e0ebf4d19caa1a6502a0ef486b248a5e2,0.2053843174087232,0.10469886269356488,0.6640625,1,True,4
SB2347,HCV coinfection,innate-adaptive host-defense structure,"altered configuration or regulated output of the named structure, expressed as the state described by hcv coinfection",remaining_5256,6b2317f2bf8683ca8f9cfe8c5be4a46e10a450c60fffcc1926a9a6d0ed623459,15,9,1,0,8,1,0.189780525200812,0.20184094751580406,0.012060422314992048,0.012060422314992048,AWAY_FROM_REFERENCE,0.0,INFORMATIONAL,0,231,,,373a8d0e84f55abf1e4040b700491ded03f007969df04bc41d1a3b8c12cc9af6,0.2047967544320145,0.10398232247806649,0.6640625,1,True,5
SB5133,Syphilis,innate-adaptive host-defense structure,"altered configuration or regulated output of the named structure, expressed as the state described by syphilis",remaining_5256,29cb6f46f39b8e76042da48fa4443cf2566b3f4a4cdb68e6e88db1cddda17a90,15,9,1,0,8,1,0.19335173186580445,0.20399163414305022,0.01063990227724576,0.01063990227724576,AWAY_FROM_REFERENCE,0.0,INFORMATIONAL,0,231,,,d16c9b8ac4c1099c91760c974d5eeb2e6dad93b31ddc9f019567dd57a12eb582,0.20341983138377467,0.10230314802899354,0.6640625,1,True,6
SB3243,Malaria,innate-adaptive host-defense structure,"altered configuration or regulated output of the named structure, expressed as the state described by malaria",remaining_5256,5aca3d5cf4f87e75e6eea7f4bfa4c1a2f396ce103e6413fc1febd9ebf3223f17,15,9,1,0,8,1,0.18696597812627624,0.19763491504901531,0.01066893692273907,0.01066893692273907,AWAY_FROM_REFERENCE,0.0,INFORMATIONAL,0,231,,,b8d3e853e5c0ba3481d9db61ed9962c4bb0512f103100cc5c59741ecb7849c27,0.20271136326208739,0.1048690405635212,0.6484375,1,True,7
SB0277,Anal discomfort,anorectal mucosal and sphincter structural structure,abnormal sensory-autonomic signaling indicating departure from the reference local functional state,established_478,57d8ae7eb761cfa4516a0bfab5cc7e8116ce47d0d6a35fc4b021e3fb94fb5634,325,173,1,14,186,15,0.17976341637471216,0.2001173976291687,0.020353981254456532,0.020353981254456532,AWAY_FROM_REFERENCE,0.043076923076923075,MINOR,1,171,,,c36ca74e67eb940df3a6bfaf5782fdef4433b655554da96a861b94dd54de865c,0.20216151321359804,0.10762836977268053,0.6328125,-13,True,8
SB0325,Anorectal discomfort,anorectal mucosal and sphincter structural structure,abnormal sensory-autonomic signaling indicating departure from the reference local functional state,established_478,57d8ae7eb761cfa4516a0bfab5cc7e8116ce47d0d6a35fc4b021e3fb94fb5634,325,173,1,14,186,15,0.17976341637471216,0.2001173976291687,0.020353981254456532,0.020353981254456532,AWAY_FROM_REFERENCE,0.043076923076923075,MINOR,1,171,,,054673d962449cd26b89ed41ef2fd3be4990f7aa95e4210e21881692ad201f76,0.20216151321359804,0.10762836977268053,0.6328125,-13,True,9
SB0439,Arrhythmia,cardiac muscle rhythm,abnormal cardiac activation sequence producing disordered rhythm and mechanical timing,established_478,74bec3db352554d5809ff8bf51f4786242eb532b5e39c1be1cc80d84590670dd,105,62,6,12,68,18,0.3019939819347145,0.30466957056161514,0.002675588626900649,0.002675588626900649,AWAY_FROM_REFERENCE,0.11428571428571428,MINOR,1,230,,,0cc45d782f3ff2d7c9ab9d7ee2542208043184e2907a5574bd90b78e70ed75df,0.20157895177024276,0.10005817289053998,0.6640625,-6,True,10
SB4770,Secondary syphilis,innate-adaptive host-defense structure,"altered configuration or regulated output of the named structure, expressed as the state described by secondary syphilis",remaining_5256,70b9577a8bf7a3c0bb94dacd6305e51a07bf5ad1cf4232db2e3899d0b73094d2,15,9,1,0,8,1,0.17972714382242638,0.19142145666265753,0.011694312840231147,0.011694312840231147,AWAY_FROM_REFERENCE,0.0,INFORMATIONAL,0,231,,,e369bf71f1fa89511f4eb0c7f9a5410b96b9822ad1d0a187e7e43370a4ceed32,0.2003005456037351,0.10192901902894524,0.6484375,1,True,11
SB5705,Word finding difficulty,dominant-hemisphere language-processing and speech-planning network,reduced ability of the named structure/process to complete its normal regulated operation,remaining_5256,dff2db997592b331fc38811c4fd834200cace3d8267feb359e836cd44d185bd0,231,106,1,11,116,12,0.18877534489724834,0.20935943203392937,0.02058408713668103,0.02058408713668103,AWAY_FROM_REFERENCE,0.047619047619047616,MINOR,1,230,,,f3dc4f00798439526518acc47634f4e538b6484b581d5ae86e279df7b5015264,0.19722325931193202,0.106750925990161,0.609375,-10,True,12
SB1925,Exostosis,"bone formation, mineralized-matrix deposition, and skeletal-remodeling structure",localized excess bone formation producing a projecting mineralized outgrowth,remaining_5256,31d1c8dc71a98aaa6435ddf770c07b70064a0b29315339a155885027e5e93968,406,165,20,32,177,52,0.18120617331897715,0.1948854134333291,0.013679240114351954,0.013679240114351954,AWAY_FROM_REFERENCE,0.07881773399014778,MINOR,1,230,,,51ef9c4b037e27b029386a3e59ceb034aebf2f863b7ee41a3b631fa7f1e789aa,0.19718998987044148,0.0947057803298067,0.6640625,-12,True,13
SB5095,Superinfection,innate-adaptive host-defense structure,"altered configuration or regulated output of the named structure, expressed as the state described by superinfection",remaining_5256,fb5c65719fabdb2814a8086d24ce71c6765ce6a1798de8942da9faa5021d9f9b,15,9,1,0,8,1,0.19033581532892618,0.20075956707697107,0.010423751748044885,0.010423751748044885,AWAY_FROM_REFERENCE,0.0,INFORMATIONAL,0,231,,,44d1bdc723641cecd3d8e0d04cf038b6f8d3e6637519948559219f351dd9ad33,0.19670554024715672,0.09925980517945943,0.640625,1,True,14
SB4599,Renal pain,renal glomerular-tubular filtration and fluid-balance structure,increased nociceptive signaling associated with local tissue or neural perturbation,remaining_5256,f23fdd8b53594cdca5aec7a8d8253525fdaf7b1716715b918905895da9430259,91,39,6,2,35,8,0.1784931899115756,0.1937249587511256,0.01523176883955002,0.01523176883955002,AWAY_FROM_REFERENCE,0.02197802197802198,MINOR,1,231,,,16cde6a265477dbe85f323c9ffa325d993d5b0246e84279ad75ee772c910b025,0.19557016520879222,0.09444532342535639,0.65625,4,True,15
SB1657,Dysautonomia,sympathetic-parasympathetic autonomic-control network,"altered configuration or regulated output of the named structure, expressed as the state described by dysautonomia",remaining_5256,6cb7592d0f0f7d73b643ad03f4b45352cda19a0736a9b34493954077263d14f7,78,37,1,1,37,2,0.15918385607545782,0.17433190046698566,0.015148044391527837,0.015148044391527837,AWAY_FROM_REFERENCE,0.01282051282051282,MINOR,1,223,,,b9969d01d739b79cd4eb87a00f32a495dc73e9180950b992c3bc0a89ad95a811,0.19524070669828272,0.09747342280278382,0.640625,0,True,16
SB5291,Torsade de pointes,cardiac conduction and myocardial rhythm structure,"altered configuration or regulated output of the named structure, expressed as the state described by torsade de pointes",remaining_5256,3192e1070511a49041ad8a3754f358163e3cf6060270b583fa74a80a4de403eb,21,6,1,0,5,1,0.1567695278865724,0.17131670900861695,0.014547181122044561,0.014547181122044561,AWAY_FROM_REFERENCE,0.0,INFORMATIONAL,0,231,,,d8f589592e665b8a850b539fee590e41c4823e4cdb13cac238be22ce4fd8d203,0.19499838538354428,0.10403766510188328,0.609375,1,True,17
SB4181,Platelet aggregation inhibition,"platelet production, activation, adhesion, and aggregation structure","altered configuration or regulated output of the named structure, expressed as the state described by platelet aggregation inhibition",remaining_5256,fc22bda7491db1b571c58138a6c803801d36f7a415d0a2b39eec5b16c25b2442,15,6,1,0,5,1,0.14225992264270793,0.1578382085669604,0.015578285924252477,0.015578285924252477,AWAY_FROM_REFERENCE,0.0,INFORMATIONAL,0,230,,,0ff1895a20f97d42184afb5cf61a65455c144657e272bb0a953a29b6a286c96c,0.19475767579442238,0.09688436072490536,0.640625,1,True,18
SB2246,Genital herpes,innate-adaptive host-defense structure,"altered configuration or regulated output of the named structure, expressed as the state described by genital herpes",remaining_5256,d8808445eff6c18681c62fd0aa30ff148705d575fde5776b811629f597708ab4,15,9,1,0,8,1,0.19256631266702928,0.20220107369156182,0.009634761024532534,0.009634761024532534,AWAY_FROM_REFERENCE,0.0,INFORMATIONAL,0,231,,,67a27e77ff6bae61411644ec46af123e32109d55cdeb474519bed73bda667055,0.1946340294226358,0.09673357246662906,0.640625,1,True,19
SB4488,QRS complex,cardiac conduction and myocardial rhythm structure,"altered configuration or regulated output of the named structure, expressed as the state described by qrs complex",remaining_5256,59c7d51fb813157dbd76263f48312d79c7d830fc2077e99a306ee838835fdf1c,21,6,1,0,5,1,0.15148360021134188,0.1652518876986948,0.013768287487352926,0.013768287487352926,AWAY_FROM_REFERENCE,0.0,INFORMATIONAL,0,231,,,dd041d3275b06f24a03d758376c1b1c4422c98c24dba6a3989eee165b0266dfd,0.19459335600586458,0.10354372683642021,0.609375,1,True,20
SB0420,Application site rash,local cutaneous inflammatory and microvascular structure,abnormal surface-barrier morphology with local inflammatory/vascular fluid redistribution,established_478,f52d472079bf24b14f84230dd2868c9cbe4239dc3e7f72e45fdc00f573b46a81,171,78,4,6,80,10,0.1806820329054053,0.19497412321820673,0.014292090312801431,0.014292090312801431,AWAY_FROM_REFERENCE,0.03508771929824561,MINOR,1,231,,,d0060efff45e64d1a522406c3dde49e7e6aebb60ae7d66b1f32474e9d23894b4,0.19433201517517845,0.09808020143314444,0.6328125,-2,True,21
SB1659,Dyschromatopsia,retinal-cone and visual color-processing structure,distorted discrimination or mapping of visual wavelength/color signals,remaining_5256,ae1399514bac01f4816547dc1ab024cdf3c63953c07a26ffbb769fbe8546c240,78,44,1,7,50,8,0.208715149997712,0.22323208395177208,0.014516933954060063,0.014516933954060063,AWAY_FROM_REFERENCE,0.08974358974358974,MINOR,1,223,,,15b47f54f72f29dbdf9b1fa1743a90a3a2960f6d004d9d6aa4a411585e1852b8,0.19312877485513527,0.10861740835992106,0.578125,-6,True,22
SB0340,Anterior spinal artery syndrome,anterior spinal-cord arterial perfusion and motor-tract structure,departure from the reference structural configuration or regulated functional range,established_478,7785c035f2d3ee0af3a5e13a5cc0b11a925073e7e03ac3c28d8915f372a97f5e,1596,537,24,67,580,91,0.1428939482237983,0.16425574739394055,0.02136179917014225,0.02136179917014225,AWAY_FROM_REFERENCE,0.041979949874686714,MINOR,1,186,,,a1109e60c6e8703f700e9cb265bcf80500436df584b234b529afdac58a7da502,0.1927361367054682,0.09441906915301002,0.640625,-43,True,23
SB5211,Thrombocytopenic purpura,"platelet production, activation, adhesion, and aggregation structure","altered configuration or regulated output of the named structure, expressed as the state described by thrombocytopenic purpura",remaining_5256,9bed5dc6940d1e7d86f7ccf72deb6adc68bad3e827f4804372bbd776e3e78085,15,2,0,1,3,1,0.13459597358286346,0.1497520198952187,0.015156046312355231,0.015156046312355231,AWAY_FROM_REFERENCE,0.06666666666666667,MINOR,1,230,,,143c50162f2edbb3c6c176b499f0a6bad6a7933ff26e397f590c0a9b7fd9a446,0.19272668976961743,0.09269260947514324,0.6484375,-1,True,24
SB4754,Scrotal erythema,"male gonadal, ductal, accessory-gland, and reproductive-output structure",increased superficial vascular perfusion producing localized tissue redness,remaining_5256,ad8f08700fc151c14ef4322fd6828dcfc49387833008b1dc319438386efa7f99,190,92,8,4,88,12,0.14694050700296946,0.16173391494227152,0.014793407939302061,0.014793407939302061,AWAY_FROM_REFERENCE,0.021052631578947368,MINOR,1,223,,,f35679f8bb91b50ee575df1897c52932b4e22e1bf002aedcbf06f6839b931674,0.19261324932503052,0.09426920649393966,0.640625,4,True,25
SB4037,Penile oedema,"male gonadal, ductal, accessory-gland, and reproductive-output structure","excess fluid accumulation within interstitial, tissue, or cavity compartments",remaining_5256,5da43c6a48d3e759c1f6202acf843bfa86121e523367c584b057a50e8e87da25,190,99,3,2,98,5,0.15720542700217666,0.1709287491841518,0.01372332218197514,0.01372332218197514,AWAY_FROM_REFERENCE,0.010526315789473684,MINOR,1,223,,,7d9ebe5b53219fea596071fce2b2bb6a4bdab8bc49ab3cdfe85b4faf89157817,0.1924229870190146,0.09403717929148125,0.640625,1,True,26
SB4039,Penile swelling,"male gonadal, ductal, accessory-gland, and reproductive-output structure","excess fluid accumulation within interstitial, tissue, or cavity compartments",remaining_5256,5da43c6a48d3e759c1f6202acf843bfa86121e523367c584b057a50e8e87da25,190,99,3,2,98,5,0.15720542700217666,0.1709287491841518,0.01372332218197514,0.01372332218197514,AWAY_FROM_REFERENCE,0.010526315789473684,MINOR,1,223,,,96824b4a0baf97f83199b522f0105f098faa1634582b530042d44c0cabac3fcc,0.1924229870190146,0.09403717929148125,0.640625,1,True,27
SB4755,Scrotal oedema,"male gonadal, ductal, accessory-gland, and reproductive-output structure","excess fluid accumulation within interstitial, tissue, or cavity compartments",remaining_5256,5da43c6a48d3e759c1f6202acf843bfa86121e523367c584b057a50e8e87da25,190,99,3,2,98,5,0.15720542700217666,0.1709287491841518,0.01372332218197514,0.01372332218197514,AWAY_FROM_REFERENCE,0.010526315789473684,MINOR,1,223,,,f4b83001a37bd5cb49b9b6b1db9a8756f5baef54e774d8969c33262cbddbe3d9,0.1924229870190146,0.09403717929148125,0.640625,1,True,28
SB4757,Scrotal swelling,"male gonadal, ductal, accessory-gland, and reproductive-output structure","excess fluid accumulation within interstitial, tissue, or cavity compartments",remaining_5256,5da43c6a48d3e759c1f6202acf843bfa86121e523367c584b057a50e8e87da25,190,99,3,2,98,5,0.15720542700217666,0.1709287491841518,0.01372332218197514,0.01372332218197514,AWAY_FROM_REFERENCE,0.010526315789473684,MINOR,1,223,,,39775e9ac327168ae28d3e290b32a9d2df3013440cdb63cc07e640afc029863d,0.1924229870190146,0.09403717929148125,0.640625,1,True,29
SB5190,Testicular swelling,"male gonadal, ductal, accessory-gland, and reproductive-output structure","excess fluid accumulation within interstitial, tissue, or cavity compartments",remaining_5256,5da43c6a48d3e759c1f6202acf843bfa86121e523367c584b057a50e8e87da25,190,99,3,2,98,5,0.15720542700217666,0.1709287491841518,0.01372332218197514,0.01372332218197514,AWAY_FROM_REFERENCE,0.010526315789473684,MINOR,1,223,,,52439d23862fc0c4defae40866b2de0987a02dc6a6acbef2323ce5843c07fca0,0.1924229870190146,0.09403717929148125,0.640625,1,True,30
SB0384,Aplastic anaemia,bone-marrow erythroid progenitor production structure,reduced erythrocyte/hemoglobin oxygen-transport capacity relative to systemic demand,established_478,88540417eff6bd3ef0d07554274a7aa73e37db89299eeac15fdeeb2c5187a39f,465,233,7,18,244,25,0.19810458101965156,0.21424843608241484,0.01614385506276328,0.01614385506276328,AWAY_FROM_REFERENCE,0.03870967741935484,MINOR,1,24,,,4c6b25d049aa4c8a07c04cd67b64a1b75f1ffb4f2358d937e12cdf3d35955d5c,0.1924086397726923,0.09916449972279551,0.6171875,-11,True,31
SB0826,Breast disorder,"mammary gland ductal-lobular, secretory, and surface structure",departure from the reference structural configuration or regulated functional range,remaining_5256,706a63d12fa3aad9fbb21bf4f35f747521860c28065cef1c9e5a62095c66a605,231,92,4,8,96,12,0.16187178294202165,0.1763169984160189,0.014445215473997242,0.014445215473997242,AWAY_FROM_REFERENCE,0.03463203463203463,MINOR,1,223,,,ee19b00982437ba66f93d3bdb6b23409047a47d731260c2ef5e34ee3e26ed4d6,0.19208204655116584,0.0936213982331291,0.640625,-4,True,32
SB0827,Breast disorder female,"mammary gland ductal-lobular, secretory, and surface structure",departure from the reference structural configuration or regulated functional range,remaining_5256,706a63d12fa3aad9fbb21bf4f35f747521860c28065cef1c9e5a62095c66a605,231,92,4,8,96,12,0.16187178294202165,0.1763169984160189,0.014445215473997242,0.014445215473997242,AWAY_FROM_REFERENCE,0.03463203463203463,MINOR,1,223,,,b65cbd78ea293964c671129f79a40bf594c880cc2cb2d6e970f569bb2882f381,0.19208204655116584,0.0936213982331291,0.640625,-4,True,33
SB4472,Purpura non-thrombocytopenic,"platelet production, activation, adhesion, and aggregation structure","altered configuration or regulated output of the named structure, expressed as the state described by purpura non-thrombocytopenic",remaining_5256,5b91c215ef5ae029d642287584593f4f056758cd724695dfa41c52c90da3523f,15,5,1,0,4,1,0.13895515156607563,0.15386503954023567,0.014909887974160041,0.014909887974160041,AWAY_FROM_REFERENCE,0.0,INFORMATIONAL,0,230,,,aef5f593f4e97213d61f108656e964b300cd6d6c7668e9e6116b36927cb2fb77,0.1914340718228972,0.09283118514987465,0.640625,1,True,34
SB1300,Contraceptive device complication,"implanted-device, catheter, or prosthesis tissue-interface structure","altered configuration or regulated output of the named structure, expressed as the state described by contraceptive device complication",remaining_5256,8921e2f7a3ba0391da91e39e61dfaa1d6592c1de1d2c5d406d01cb214affb652,1431,642,30,44,656,74,0.15334628544319806,0.16704437661215854,0.01369809116896048,0.01369809116896048,AWAY_FROM_REFERENCE,0.030747728860936407,MINOR,1,223,,,80e02925c5dfb172ca8143a084f0779ef3ad039d91d9ba81ad9420da32bfde08,0.19123473920518194,0.09773291366485604,0.6171875,-14,True,35
SB3278,Medical device complication,"implanted-device, catheter, or prosthesis tissue-interface structure","altered configuration or regulated output of the named structure, expressed as the state described by medical device complication",remaining_5256,89e350564c3eafba5ff08c39c8c8e2a7afbcdeff36c1aa89cc7bc86aa6808196,1431,616,32,45,629,77,0.14325476392176872,0.15612859112867195,0.012873827206903221,0.012873827206903221,AWAY_FROM_REFERENCE,0.031446540880503145,MINOR,1,223,,,a5e3ab974cef909f09eb69e2cd71c2df5d451187194fd62c122405f4dee40039,0.19122133229971464,0.09600162475574958,0.625,-13,True,36
SB5492,VT,cardiac conduction and myocardial rhythm structure,"altered configuration or regulated output of the named structure, expressed as the state described by vt",remaining_5256,4609356e007b2af179aa404ef4dc5c0aa4db59abdf74e028a4331ad7c5544243,21,6,1,0,5,1,0.15100204729724598,0.16433987495409907,0.013337827656853096,0.013337827656853096,AWAY_FROM_REFERENCE,0.0,INFORMATIONAL,0,231,,,d0de42b544f38890d95f03c1d66a9dec4496958cd03ea7e383bb94ead594469b,0.19121493681110774,0.09599382537939971,0.625,1,True,37
SB0479,Aspergillus infection,innate-adaptive host-defense structure,pathogen-associated occupation/invasion with host-defense activation and local structural disruption,remaining_5256,6b6e894f5fde50797861d4e39d076dc120127c8a4afe60cc5d23a006035b8c73,15,8,1,0,7,1,0.185117729264077,0.1961161615256084,0.01099843226153141,0.01099843226153141,AWAY_FROM_REFERENCE,0.0,INFORMATIONAL,0,231,,,3b2852a0b3375ec0e42f6e6fb0b7fee76bb80e962deea980b6abde5a0142b907,0.1909254493928068,0.10078560901561806,0.6015625,1,True,38
SB0524,Atypical mycobacterial infection,innate-adaptive host-defense structure,pathogen-associated occupation/invasion with host-defense activation and local structural disruption,remaining_5256,6b6e894f5fde50797861d4e39d076dc120127c8a4afe60cc5d23a006035b8c73,15,8,1,0,7,1,0.185117729264077,0.1961161615256084,0.01099843226153141,0.01099843226153141,AWAY_FROM_REFERENCE,0.0,INFORMATIONAL,0,231,,,5e013d900b095e3566366e6bcd96de9dcdaa16b3667fecb9eebc810ad0c8d92c,0.1909254493928068,0.10078560901561806,0.6015625,1,True,39
SB0550,BK virus infection,innate-adaptive host-defense structure,pathogen-associated occupation/invasion with host-defense activation and local structural disruption,remaining_5256,6b6e894f5fde50797861d4e39d076dc120127c8a4afe60cc5d23a006035b8c73,15,8,1,0,7,1,0.185117729264077,0.1961161615256084,0.01099843226153141,0.01099843226153141,AWAY_FROM_REFERENCE,0.0,INFORMATIONAL,0,231,,,00f07729ed13765afa4c770db25b302c1b65c528c3d0c5b22b1a61348f5e4bfe,0.1909254493928068,0.10078560901561806,0.6015625,1,True,40
SB0560,Bacterial disease carrier,innate-adaptive host-defense structure,pathogen-associated occupation/invasion with host-defense activation and local structural disruption,remaining_5256,6b6e894f5fde50797861d4e39d076dc120127c8a4afe60cc5d23a006035b8c73,15,8,1,0,7,1,0.185117729264077,0.1961161615256084,0.01099843226153141,0.01099843226153141,AWAY_FROM_REFERENCE,0.0,INFORMATIONAL,0,231,,,f8caa19014b665707ab5bd35f4d9fa51f1ebae730148c54bd5521999f7520ff0,0.1909254493928068,0.10078560901561806,0.6015625,1,True,41
SB0561,Bacterial infection,innate-adaptive host-defense structure,pathogen-associated occupation/invasion with host-defense activation and local structural disruption,remaining_5256,6b6e894f5fde50797861d4e39d076dc120127c8a4afe60cc5d23a006035b8c73,15,8,1,0,7,1,0.185117729264077,0.1961161615256084,0.01099843226153141,0.01099843226153141,AWAY_FROM_REFERENCE,0.0,INFORMATIONAL,0,231,,,b45df74a625d82b82946ad5835e0813340ba221cb74146d94d682e02f5f79d84,0.1909254493928068,0.10078560901561806,0.6015625,1,True,42
SB0563,Bacterial test positive,innate-adaptive host-defense structure,pathogen-associated occupation/invasion with host-defense activation and local structural disruption,remaining_5256,6b6e894f5fde50797861d4e39d076dc120127c8a4afe60cc5d23a006035b8c73,15,8,1,0,7,1,0.185117729264077,0.1961161615256084,0.01099843226153141,0.01099843226153141,AWAY_FROM_REFERENCE,0.0,INFORMATIONAL,0,231,,,b6d0f5ddae58a9cbfa1c20e11764d9496151b491110072d5e25a67694b7ca515,0.1909254493928068,0.10078560901561806,0.6015625,1,True,43
SB0571,Balanitis candida,innate-adaptive host-defense structure,pathogen-associated occupation/invasion with host-defense activation and local structural disruption,remaining_5256,6b6e894f5fde50797861d4e39d076dc120127c8a4afe60cc5d23a006035b8c73,15,8,1,0,7,1,0.185117729264077,0.1961161615256084,0.01099843226153141,0.01099843226153141,AWAY_FROM_REFERENCE,0.0,INFORMATIONAL,0,231,,,48987052e4e8b694b02056bda3da45ce79de7453503440bac7041c7db093afd6,0.1909254493928068,0.10078560901561806,0.6015625,1,True,44
SB0924,Candida albicans infection,innate-adaptive host-defense structure,pathogen-associated occupation/invasion with host-defense activation and local structural disruption,remaining_5256,6b6e894f5fde50797861d4e39d076dc120127c8a4afe60cc5d23a006035b8c73,15,8,1,0,7,1,0.185117729264077,0.1961161615256084,0.01099843226153141,0.01099843226153141,AWAY_FROM_REFERENCE,0.0,INFORMATIONAL,0,231,,,e15c9c95393d5af29954ef0ff313496d5674784b71e0d70305284ad0856ee8cf,0.1909254493928068,0.10078560901561806,0.6015625,1,True,45
SB0925,Candida cervicitis,innate-adaptive host-defense structure,pathogen-associated occupation/invasion with host-defense activation and local structural disruption,remaining_5256,6b6e894f5fde50797861d4e39d076dc120127c8a4afe60cc5d23a006035b8c73,15,8,1,0,7,1,0.185117729264077,0.1961161615256084,0.01099843226153141,0.01099843226153141,AWAY_FROM_REFERENCE,0.0,INFORMATIONAL,0,231,,,104d3d5f6fc8c29a8d80f4da868df6ea857635729ece52d33e5029e0b3f2e502,0.1909254493928068,0.10078560901561806,0.6015625,1,True,46
SB0926,Candida infection,innate-adaptive host-defense structure,pathogen-associated occupation/invasion with host-defense activation and local structural disruption,remaining_5256,6b6e894f5fde50797861d4e39d076dc120127c8a4afe60cc5d23a006035b8c73,15,8,1,0,7,1,0.185117729264077,0.1961161615256084,0.01099843226153141,0.01099843226153141,AWAY_FROM_REFERENCE,0.0,INFORMATIONAL,0,231,,,ea43cb7b1e7c58d126f58c877a1bad624619cb9f1bfe3dbe2cb6b470c8169649,0.1909254493928068,0.10078560901561806,0.6015625,1,True,47
SB1001,Catheter infection,innate-adaptive host-defense structure,pathogen-associated occupation/invasion with host-defense activation and local structural disruption,remaining_5256,6b6e894f5fde50797861d4e39d076dc120127c8a4afe60cc5d23a006035b8c73,15,8,1,0,7,1,0.185117729264077,0.1961161615256084,0.01099843226153141,0.01099843226153141,AWAY_FROM_REFERENCE,0.0,INFORMATIONAL,0,231,,,8d306e90b9be8f0b3c17b6057cf4eb41f8f964208a204e38bb099051d1be1ea7,0.1909254493928068,0.10078560901561806,0.6015625,1,True,48
SB1003,Catheter related infection,innate-adaptive host-defense structure,pathogen-associated occupation/invasion with host-defense activation and local structural disruption,remaining_5256,6b6e894f5fde50797861d4e39d076dc120127c8a4afe60cc5d23a006035b8c73,15,8,1,0,7,1,0.185117729264077,0.1961161615256084,0.01099843226153141,0.01099843226153141,AWAY_FROM_REFERENCE,0.0,INFORMATIONAL,0,231,,,9c4de339a96b00a6815179a11f7d09670a13bf0826d7ac25e25e60e4793d6789,0.1909254493928068,0.10078560901561806,0.6015625,1,True,49
SB1004,Catheter sepsis,innate-adaptive host-defense structure,pathogen-associated occupation/invasion with host-defense activation and local structural disruption,remaining_5256,6b6e894f5fde50797861d4e39d076dc120127c8a4afe60cc5d23a006035b8c73,15,8,1,0,7,1,0.185117729264077,0.1961161615256084,0.01099843226153141,0.01099843226153141,AWAY_FROM_REFERENCE,0.0,INFORMATIONAL,0,231,,,af85af0009e7d41500f20db3fdce25da4d772003e1e096fb76bb4264b9b6bcc8,0.1909254493928068,0.10078560901561806,0.6015625,1,True,50
SB1008,Catheter site infection,innate-adaptive host-defense structure,pathogen-associated occupation/invasion with host-defense activation and local structural disruption,remaining_5256,6b6e894f5fde50797861d4e39d076dc120127c8a4afe60cc5d23a006035b8c73,15,8,1,0,7,1,0.185117729264077,0.1961161615256084,0.01099843226153141,0.01099843226153141,AWAY_FROM_REFERENCE,0.0,INFORMATIONAL,0,231,,,12f8dda1a5b32b44cc3ac4b41fa27af80c39ca6a6326cb2049f51fa383ce6d1d,0.1909254493928068,0.10078560901561806,0.6015625,1,True,51
SB1020,Central line infection,innate-adaptive host-defense structure,pathogen-associated occupation/invasion with host-defense activation and local structural disruption,remaining_5256,6b6e894f5fde50797861d4e39d076dc120127c8a4afe60cc5d23a006035b8c73,15,8,1,0,7,1,0.185117729264077,0.1961161615256084,0.01099843226153141,0.01099843226153141,AWAY_FROM_REFERENCE,0.0,INFORMATIONAL,0,231,,,827370406b1d34a0279ca2f9f15f7eb53448dce85f65822c62a5c6f23e403322,0.1909254493928068,0.10078560901561806,0.6015625,1,True,52
SB1097,Chlamydial infection,innate-adaptive host-defense structure,pathogen-associated occupation/invasion with host-defense activation and local structural disruption,remaining_5256,6b6e894f5fde50797861d4e39d076dc120127c8a4afe60cc5d23a006035b8c73,15,8,1,0,7,1,0.185117729264077,0.1961161615256084,0.01099843226153141,0.01099843226153141,AWAY_FROM_REFERENCE,0.0,INFORMATIONAL,0,231,,,1340dd10d17a63577fc402ca609e56795cc8c901b6dc132201cc156039cdbb00,0.1909254493928068,0.10078560901561806,0.6015625,1,True,53
SB1182,Clostridial infection,innate-adaptive host-defense structure,pathogen-associated occupation/invasion with host-defense activation and local structural disruption,remaining_5256,6b6e894f5fde50797861d4e39d076dc120127c8a4afe60cc5d23a006035b8c73,15,8,1,0,7,1,0.185117729264077,0.1961161615256084,0.01099843226153141,0.01099843226153141,AWAY_FROM_REFERENCE,0.0,INFORMATIONAL,0,231,,,fca3ce3437448036c6203e23556818ddc4c2ee5d9b99e021085b025b71718fa2,0.1909254493928068,0.10078560901561806,0.6015625,1,True,54
SB1232,Community acquired infection,innate-adaptive host-defense structure,pathogen-associated occupation/invasion with host-defense activation and local structural disruption,remaining_5256,6b6e894f5fde50797861d4e39d076dc120127c8a4afe60cc5d23a006035b8c73,15,8,1,0,7,1,0.185117729264077,0.1961161615256084,0.01099843226153141,0.01099843226153141,AWAY_FROM_REFERENCE,0.0,INFORMATIONAL,0,231,,,a6eaf5508da0029bd19faba8e52ae293dbe7a87ed223c753b55f9820f6a4949f,0.1909254493928068,0.10078560901561806,0.6015625,1,True,55
SB1380,Cryptosporidiosis infection,innate-adaptive host-defense structure,pathogen-associated occupation/invasion with host-defense activation and local structural disruption,remaining_5256,6b6e894f5fde50797861d4e39d076dc120127c8a4afe60cc5d23a006035b8c73,15,8,1,0,7,1,0.185117729264077,0.1961161615256084,0.01099843226153141,0.01099843226153141,AWAY_FROM_REFERENCE,0.0,INFORMATIONAL,0,231,,,9c64befbd8c5aea70c4a90abede562f8c6da81bc889e2e7802172c7035db3d4f,0.1909254493928068,0.10078560901561806,0.6015625,1,True,56
SB1414,Cytomegalovirus infection,innate-adaptive host-defense structure,pathogen-associated occupation/invasion with host-defense activation and local structural disruption,remaining_5256,6b6e894f5fde50797861d4e39d076dc120127c8a4afe60cc5d23a006035b8c73,15,8,1,0,7,1,0.185117729264077,0.1961161615256084,0.01099843226153141,0.01099843226153141,AWAY_FROM_REFERENCE,0.0,INFORMATIONAL,0,231,,,8d135e63666e04e6eaf579349b20d06d9ee5200dbeb43f7af4ccada2712bd7ed,0.1909254493928068,0.10078560901561806,0.6015625,1,True,57
SB1522,Device related infection,innate-adaptive host-defense structure,pathogen-associated occupation/invasion with host-defense activation and local structural disruption,remaining_5256,6b6e894f5fde50797861d4e39d076dc120127c8a4afe60cc5d23a006035b8c73,15,8,1,0,7,1,0.185117729264077,0.1961161615256084,0.01099843226153141,0.01099843226153141,AWAY_FROM_REFERENCE,0.0,INFORMATIONAL,0,231,,,6894a7baa0d8471b0318121f0f9be7d6aa8a2b24986bc834c6ab139da54ba30b,0.1909254493928068,0.10078560901561806,0.6015625,1,True,58
SB1523,Device related sepsis,innate-adaptive host-defense structure,pathogen-associated occupation/invasion with host-defense activation and local structural disruption,remaining_5256,6b6e894f5fde50797861d4e39d076dc120127c8a4afe60cc5d23a006035b8c73,15,8,1,0,7,1,0.185117729264077,0.1961161615256084,0.01099843226153141,0.01099843226153141,AWAY_FROM_REFERENCE,0.0,INFORMATIONAL,0,231,,,88ccc64f4f8e7bb1a1a64b8fe1629cb80fe794a30e1acb357ed77e987bbc49a4,0.1909254493928068,0.10078560901561806,0.6015625,1,True,59
SB1577,Disseminated tuberculosis,innate-adaptive host-defense structure,pathogen-associated occupation/invasion with host-defense activation and local structural disruption,remaining_5256,6b6e894f5fde50797861d4e39d076dc120127c8a4afe60cc5d23a006035b8c73,15,8,1,0,7,1,0.185117729264077,0.1961161615256084,0.01099843226153141,0.01099843226153141,AWAY_FROM_REFERENCE,0.0,INFORMATIONAL,0,231,,,5022d0454b8c9def89c4ed632074292bc4f1e5143d7b564fb987b00d97bf9b8a,0.1909254493928068,0.10078560901561806,0.6015625,1,True,60
SB1823,Enterobacter sepsis,innate-adaptive host-defense structure,pathogen-associated occupation/invasion with host-defense activation and local structural disruption,remaining_5256,6b6e894f5fde50797861d4e39d076dc120127c8a4afe60cc5d23a006035b8c73,15,8,1,0,7,1,0.185117729264077,0.1961161615256084,0.01099843226153141,0.01099843226153141,AWAY_FROM_REFERENCE,0.0,INFORMATIONAL,0,231,,,c599aafe88769b11a4c77944d84ddb05418f2c979e2cc2f99714db7870aaff39,0.1909254493928068,0.10078560901561806,0.6015625,1,True,61
SB1826,Enterococcal infection,innate-adaptive host-defense structure,pathogen-associated occupation/invasion with host-defense activation and local structural disruption,remaining_5256,6b6e894f5fde50797861d4e39d076dc120127c8a4afe60cc5d23a006035b8c73,15,8,1,0,7,1,0.185117729264077,0.1961161615256084,0.01099843226153141,0.01099843226153141,AWAY_FROM_REFERENCE,0.0,INFORMATIONAL,0,231,,,7a724a111b8be5c7c75d9ffb2d6f128ad0a816c3ab500405680a8b463dde1462,0.1909254493928068,0.10078560901561806,0.6015625,1,True,62
SB1867,Epstein-Barr virus infection,innate-adaptive host-defense structure,pathogen-associated occupation/invasion with host-defense activation and local structural disruption,remaining_5256,6b6e894f5fde50797861d4e39d076dc120127c8a4afe60cc5d23a006035b8c73,15,8,1,0,7,1,0.185117729264077,0.1961161615256084,0.01099843226153141,0.01099843226153141,AWAY_FROM_REFERENCE,0.0,INFORMATIONAL,0,231,,,c407aede962d7359a9f6255cfd16e6920039d043d7cfb7e9dc2c2780e112522b,0.1909254493928068,0.10078560901561806,0.6015625,1,True,63
SB1900,Escherichia sepsis,innate-adaptive host-defense structure,pathogen-associated occupation/invasion with host-defense activation and local structural disruption,remaining_5256,6b6e894f5fde50797861d4e39d076dc120127c8a4afe60cc5d23a006035b8c73,15,8,1,0,7,1,0.185117729264077,0.1961161615256084,0.01099843226153141,0.01099843226153141,AWAY_FROM_REFERENCE,0.0,INFORMATIONAL,0,231,,,41b7cfc75ec701c726bca504ae75da8b3bea263be29975a5fce1ce4e141320cc,0.1909254493928068,0.10078560901561806,0.6015625,1,True,64
SB2108,Foot infection fungal NOS,innate-adaptive host-defense structure,pathogen-associated occupation/invasion with host-defense activation and local structural disruption,remaining_5256,6b6e894f5fde50797861d4e39d076dc120127c8a4afe60cc5d23a006035b8c73,15,8,1,0,7,1,0.185117729264077,0.1961161615256084,0.01099843226153141,0.01099843226153141,AWAY_FROM_REFERENCE,0.0,INFORMATIONAL,0,231,,,36b891348834ebe78bea8701d9517a837cc795293f8c676ce1034c2888e2d76b,0.1909254493928068,0.10078560901561806,0.6015625,1,True,65
SB2137,Fungal infection,innate-adaptive host-defense structure,pathogen-associated occupation/invasion with host-defense activation and local structural disruption,remaining_5256,6b6e894f5fde50797861d4e39d076dc120127c8a4afe60cc5d23a006035b8c73,15,8,1,0,7,1,0.185117729264077,0.1961161615256084,0.01099843226153141,0.01099843226153141,AWAY_FROM_REFERENCE,0.0,INFORMATIONAL,0,231,,,c25def267b90b4c4878a4e968cbb79afcbe8f2e617f9ad465434da74287f85a5,0.1909254493928068,0.10078560901561806,0.6015625,1,True,66
SB2138,Fungal peritonitis,innate-adaptive host-defense structure,pathogen-associated occupation/invasion with host-defense activation and local structural disruption,remaining_5256,6b6e894f5fde50797861d4e39d076dc120127c8a4afe60cc5d23a006035b8c73,15,8,1,0,7,1,0.185117729264077,0.1961161615256084,0.01099843226153141,0.01099843226153141,AWAY_FROM_REFERENCE,0.0,INFORMATIONAL,0,231,,,9a2dbdea80e20f69a4d58e2bb45b8dd4db5adf2a40f7480feafa7e6f112d7634,0.1909254493928068,0.10078560901561806,0.6015625,1,True,67
SB2140,Fungal sepsis,innate-adaptive host-defense structure,pathogen-associated occupation/invasion with host-defense activation and local structural disruption,remaining_5256,6b6e894f5fde50797861d4e39d076dc120127c8a4afe60cc5d23a006035b8c73,15,8,1,0,7,1,0.185117729264077,0.1961161615256084,0.01099843226153141,0.01099843226153141,AWAY_FROM_REFERENCE,0.0,INFORMATIONAL,0,231,,,3c421758f43b098c19f141cb972db8c5b4fa5369239e85b31e1fcea6a30911d8,0.1909254493928068,0.10078560901561806,0.6015625,1,True,68
SB2142,Fungal test positive,innate-adaptive host-defense structure,pathogen-associated occupation/invasion with host-defense activation and local structural disruption,remaining_5256,6b6e894f5fde50797861d4e39d076dc120127c8a4afe60cc5d23a006035b8c73,15,8,1,0,7,1,0.185117729264077,0.1961161615256084,0.01099843226153141,0.01099843226153141,AWAY_FROM_REFERENCE,0.0,INFORMATIONAL,0,231,,,dddeb7ab2d9da35d9a1dc7d4efe103e9ccde933672e69b2f8edecddcbd92aa62,0.1909254493928068,0.10078560901561806,0.6015625,1,True,69
SB2248,Genital infection,innate-adaptive host-defense structure,pathogen-associated occupation/invasion with host-defense activation and local structural disruption,remaining_5256,6b6e894f5fde50797861d4e39d076dc120127c8a4afe60cc5d23a006035b8c73,15,8,1,0,7,1,0.185117729264077,0.1961161615256084,0.01099843226153141,0.01099843226153141,AWAY_FROM_REFERENCE,0.0,INFORMATIONAL,0,231,,,d3f83c4394249b93e1bc7e748c0eaba3600e074a603c4080758515464e649720,0.1909254493928068,0.10078560901561806,0.6015625,1,True,70
SB2249,Genital infection fungal,innate-adaptive host-defense structure,pathogen-associated occupation/invasion with host-defense activation and local structural disruption,remaining_5256,6b6e894f5fde50797861d4e39d076dc120127c8a4afe60cc5d23a006035b8c73,15,8,1,0,7,1,0.185117729264077,0.1961161615256084,0.01099843226153141,0.01099843226153141,AWAY_FROM_REFERENCE,0.0,INFORMATIONAL,0,231,,,64e1506dbd217cb029e34cbae7cfa284b159e8739dea944c96fe8441d44eb3b0,0.1909254493928068,0.10078560901561806,0.6015625,1,True,71
SB2250,Genital infection male,innate-adaptive host-defense structure,pathogen-associated occupation/invasion with host-defense activation and local structural disruption,remaining_5256,6b6e894f5fde50797861d4e39d076dc120127c8a4afe60cc5d23a006035b8c73,15,8,1,0,7,1,0.185117729264077,0.1961161615256084,0.01099843226153141,0.01099843226153141,AWAY_FROM_REFERENCE,0.0,INFORMATIONAL,0,231,,,0e49e9d8473a945cb2a811cc0f97bbed3a8eb59ee1f44488acb36eef4656fe91,0.1909254493928068,0.10078560901561806,0.6015625,1,True,72
SB2259,Genitourinary chlamydia infection,innate-adaptive host-defense structure,pathogen-associated occupation/invasion with host-defense activation and local structural disruption,remaining_5256,6b6e894f5fde50797861d4e39d076dc120127c8a4afe60cc5d23a006035b8c73,15,8,1,0,7,1,0.185117729264077,0.1961161615256084,0.01099843226153141,0.01099843226153141,AWAY_FROM_REFERENCE,0.0,INFORMATIONAL,0,231,,,95dae945f81099a9fffe1ed07a48f087feb69849a3015ce29810c7b7c1cb6d32,0.1909254493928068,0.10078560901561806,0.6015625,1,True,73
SB2260,Genitourinary tract infection,innate-adaptive host-defense structure,pathogen-associated occupation/invasion with host-defense activation and local structural disruption,remaining_5256,6b6e894f5fde50797861d4e39d076dc120127c8a4afe60cc5d23a006035b8c73,15,8,1,0,7,1,0.185117729264077,0.1961161615256084,0.01099843226153141,0.01099843226153141,AWAY_FROM_REFERENCE,0.0,INFORMATIONAL,0,231,,,a4deaeef6a806333255d7c3557093bc7d7d268f566333f3a329b72d789de5f3c,0.1909254493928068,0.10078560901561806,0.6015625,1,True,74
SB2327,Gram-negative bacterial infection NOS,innate-adaptive host-defense structure,pathogen-associated occupation/invasion with host-defense activation and local structural disruption,remaining_5256,6b6e894f5fde50797861d4e39d076dc120127c8a4afe60cc5d23a006035b8c73,15,8,1,0,7,1,0.185117729264077,0.1961161615256084,0.01099843226153141,0.01099843226153141,AWAY_FROM_REFERENCE,0.0,INFORMATIONAL,0,231,,,07518531c8e9ba9facfe35d778504bfbcc4bef058214fcb93dc10b348b863060,0.1909254493928068,0.10078560901561806,0.6015625,1,True,75
SB2440,Helicobacter infection,innate-adaptive host-defense structure,pathogen-associated occupation/invasion with host-defense activation and local structural disruption,remaining_5256,6b6e894f5fde50797861d4e39d076dc120127c8a4afe60cc5d23a006035b8c73,15,8,1,0,7,1,0.185117729264077,0.1961161615256084,0.01099843226153141,0.01099843226153141,AWAY_FROM_REFERENCE,0.0,INFORMATIONAL,0,231,,,9afbed7d691eba0eef0a1926ed213097b387326f35967dd0c6f005dc304949da,0.1909254493928068,0.10078560901561806,0.6015625,1,True,76
SB2524,Herpes virus infection,innate-adaptive host-defense structure,pathogen-associated occupation/invasion with host-defense activation and local structural disruption,remaining_5256,6b6e894f5fde50797861d4e39d076dc120127c8a4afe60cc5d23a006035b8c73,15,8,1,0,7,1,0.185117729264077,0.1961161615256084,0.01099843226153141,0.01099843226153141,AWAY_FROM_REFERENCE,0.0,INFORMATIONAL,0,231,,,c9eac787f45fb8a080767c9c1a3aae4772ab8364625d6c929579c1734a70b4d4,0.1909254493928068,0.10078560901561806,0.6015625,1,True,77
SB2557,Human herpesvirus 6 infection,innate-adaptive host-defense structure,pathogen-associated occupation/invasion with host-defense activation and local structural disruption,remaining_5256,6b6e894f5fde50797861d4e39d076dc120127c8a4afe60cc5d23a006035b8c73,15,8,1,0,7,1,0.185117729264077,0.1961161615256084,0.01099843226153141,0.01099843226153141,AWAY_FROM_REFERENCE,0.0,INFORMATIONAL,0,231,,,5de432456c33197ea9725ae46a0908b90f53ed3eeb270eecf81033eb29c92e9c,0.1909254493928068,0.10078560901561806,0.6015625,1,True,78
SB2756,Implant infection,innate-adaptive host-defense structure,pathogen-associated occupation/invasion with host-defense activation and local structural disruption,remaining_5256,6b6e894f5fde50797861d4e39d076dc120127c8a4afe60cc5d23a006035b8c73,15,8,1,0,7,1,0.185117729264077,0.1961161615256084,0.01099843226153141,0.01099843226153141,AWAY_FROM_REFERENCE,0.0,INFORMATIONAL,0,231,,,c4ea3097dfb51bdf5e8f0137060980f7c3bc32e472270be63fc3ae3fad3a87b8,0.1909254493928068,0.10078560901561806,0.6015625,1,True,79
SB2790,Infection,innate-adaptive host-defense structure,pathogen-associated occupation/invasion with host-defense activation and local structural disruption,remaining_5256,6b6e894f5fde50797861d4e39d076dc120127c8a4afe60cc5d23a006035b8c73,15,8,1,0,7,1,0.185117729264077,0.1961161615256084,0.01099843226153141,0.01099843226153141,AWAY_FROM_REFERENCE,0.0,INFORMATIONAL,0,231,,,1f33719c41907e2c8e0c7f6165035acc728d4b702961900203aac572d87e3c5e,0.1909254493928068,0.10078560901561806,0.6015625,1,True,80
SB2791,Infection mixed,innate-adaptive host-defense structure,pathogen-associated occupation/invasion with host-defense activation and local structural disruption,remaining_5256,6b6e894f5fde50797861d4e39d076dc120127c8a4afe60cc5d23a006035b8c73,15,8,1,0,7,1,0.185117729264077,0.1961161615256084,0.01099843226153141,0.01099843226153141,AWAY_FROM_REFERENCE,0.0,INFORMATIONAL,0,231,,,5a42e5f7baacdf17e53d4dd7c96db27aab86804c199a47b0c01b8cb4ddda4c35,0.1909254493928068,0.10078560901561806,0.6015625,1,True,81
SB2792,Infection parasitic,innate-adaptive host-defense structure,pathogen-associated occupation/invasion with host-defense activation and local structural disruption,remaining_5256,6b6e894f5fde50797861d4e39d076dc120127c8a4afe60cc5d23a006035b8c73,15,8,1,0,7,1,0.185117729264077,0.1961161615256084,0.01099843226153141,0.01099843226153141,AWAY_FROM_REFERENCE,0.0,INFORMATIONAL,0,231,,,da91b313452537cebc6a2aa23410ed4377c0e65739f75f0dfb04922030011a7c,0.1909254493928068,0.10078560901561806,0.6015625,1,True,82
SB2793,Infection pseudomonas aeruginosa,innate-adaptive host-defense structure,pathogen-associated occupation/invasion with host-defense activation and local structural disruption,remaining_5256,6b6e894f5fde50797861d4e39d076dc120127c8a4afe60cc5d23a006035b8c73,15,8,1,0,7,1,0.185117729264077,0.1961161615256084,0.01099843226153141,0.01099843226153141,AWAY_FROM_REFERENCE,0.0,INFORMATIONAL,0,231,,,7958c89664d54c591c909f1f86d5abbbd3a0528db09d1b513237d8f55477596b,0.1909254493928068,0.10078560901561806,0.6015625,1,True,83
SB2794,Infection reactivation,innate-adaptive host-defense structure,pathogen-associated occupation/invasion with host-defense activation and local structural disruption,remaining_5256,6b6e894f5fde50797861d4e39d076dc120127c8a4afe60cc5d23a006035b8c73,15,8,1,0,7,1,0.185117729264077,0.1961161615256084,0.01099843226153141,0.01099843226153141,AWAY_FROM_REFERENCE,0.0,INFORMATIONAL,0,231,,,ca2d70312cc4c694161271b5a9a329c01da95907f6fd58d060df18e3ca0fc533,0.1909254493928068,0.10078560901561806,0.6015625,1,True,84
SB2795,Infection susceptibility increased,innate-adaptive host-defense structure,pathogen-associated occupation/invasion with host-defense activation and local structural disruption,remaining_5256,6b6e894f5fde50797861d4e39d076dc120127c8a4afe60cc5d23a006035b8c73,15,8,1,0,7,1,0.185117729264077,0.1961161615256084,0.01099843226153141,0.01099843226153141,AWAY_FROM_REFERENCE,0.0,INFORMATIONAL,0,231,,,8abbb217b27d8eaebbf03dce3d2125af9641b0bcc4341ec3eba8ec4d7b8c40cf,0.1909254493928068,0.10078560901561806,0.6015625,1,True,85
SB2823,Infusion site infection,innate-adaptive host-defense structure,pathogen-associated occupation/invasion with host-defense activation and local structural disruption,remaining_5256,6b6e894f5fde50797861d4e39d076dc120127c8a4afe60cc5d23a006035b8c73,15,8,1,0,7,1,0.185117729264077,0.1961161615256084,0.01099843226153141,0.01099843226153141,AWAY_FROM_REFERENCE,0.0,INFORMATIONAL,0,231,,,35187afc537aecac9d3f0b0da7459056e1c1a7bfcf197f30dd39457fa7853e97,0.1909254493928068,0.10078560901561806,0.6015625,1,True,86
SB2861,Injection site infection,innate-adaptive host-defense structure,pathogen-associated occupation/invasion with host-defense activation and local structural disruption,remaining_5256,6b6e894f5fde50797861d4e39d076dc120127c8a4afe60cc5d23a006035b8c73,15,8,1,0,7,1,0.185117729264077,0.1961161615256084,0.01099843226153141,0.01099843226153141,AWAY_FROM_REFERENCE,0.0,INFORMATIONAL,0,231,,,6ab48ba7a0694c98b7c0c06076ab9bc380a82693fd8d1e8da9e3135058bec354,0.1909254493928068,0.10078560901561806,0.6015625,1,True,87
SB2913,Intertrigo candida,innate-adaptive host-defense structure,pathogen-associated occupation/invasion with host-defense activation and local structural disruption,remaining_5256,6b6e894f5fde50797861d4e39d076dc120127c8a4afe60cc5d23a006035b8c73,15,8,1,0,7,1,0.185117729264077,0.1961161615256084,0.01099843226153141,0.01099843226153141,AWAY_FROM_REFERENCE,0.0,INFORMATIONAL,0,231,,,a563ed80dc4e1347a3a40f044df4fe66f6fdac92d8a065592a3dc54216677e24,0.1909254493928068,0.10078560901561806,0.6015625,1,True,88
SB3018,Klebsiella sepsis,innate-adaptive host-defense structure,pathogen-associated occupation/invasion with host-defense activation and local structural disruption,remaining_5256,6b6e894f5fde50797861d4e39d076dc120127c8a4afe60cc5d23a006035b8c73,15,8,1,0,7,1,0.185117729264077,0.1961161615256084,0.01099843226153141,0.01099843226153141,AWAY_FROM_REFERENCE,0.0,INFORMATIONAL,0,231,,,74aa99c8bb6bc12b2c627a2fdd83d4267493e0b5b5d56f0b89487da290a7d066,0.1909254493928068,0.10078560901561806,0.6015625,1,True,89
SB3069,Latent tuberculosis,innate-adaptive host-defense structure,pathogen-associated occupation/invasion with host-defense activation and local structural disruption,remaining_5256,6b6e894f5fde50797861d4e39d076dc120127c8a4afe60cc5d23a006035b8c73,15,8,1,0,7,1,0.185117729264077,0.1961161615256084,0.01099843226153141,0.01099843226153141,AWAY_FROM_REFERENCE,0.0,INFORMATIONAL,0,231,,,d25c94b7f4b551ab540e40308a184593b8c24f7264d661d8cd6635ce6a8fc796,0.1909254493928068,0.10078560901561806,0.6015625,1,True,90
SB3155,Localised infection,innate-adaptive host-defense structure,pathogen-associated occupation/invasion with host-defense activation and local structural disruption,remaining_5256,6b6e894f5fde50797861d4e39d076dc120127c8a4afe60cc5d23a006035b8c73,15,8,1,0,7,1,0.185117729264077,0.1961161615256084,0.01099843226153141,0.01099843226153141,AWAY_FROM_REFERENCE,0.0,INFORMATIONAL,0,231,,,a33b773bf1aee7baf384e324cc91a04930c48164718e76026d0e49f5e51cc9ce,0.1909254493928068,0.10078560901561806,0.6015625,1,True,91
SB3352,Methicillin-resistant Staphylococcus aureus infection,innate-adaptive host-defense structure,pathogen-associated occupation/invasion with host-defense activation and local structural disruption,remaining_5256,6b6e894f5fde50797861d4e39d076dc120127c8a4afe60cc5d23a006035b8c73,15,8,1,0,7,1,0.185117729264077,0.1961161615256084,0.01099843226153141,0.01099843226153141,AWAY_FROM_REFERENCE,0.0,INFORMATIONAL,0,231,,,e2007b5488be7afbb1854d9c2eca939407e8b49b7dd7539a8f5075c9c4bd3406,0.1909254493928068,0.10078560901561806,0.6015625,1,True,92
SB3479,Mycobacterial infection,innate-adaptive host-defense structure,pathogen-associated occupation/invasion with host-defense activation and local structural disruption,remaining_5256,6b6e894f5fde50797861d4e39d076dc120127c8a4afe60cc5d23a006035b8c73,15,8,1,0,7,1,0.185117729264077,0.1961161615256084,0.01099843226153141,0.01099843226153141,AWAY_FROM_REFERENCE,0.0,INFORMATIONAL,0,231,,,c3179d5c3364ccd8415105f6b9ab64cfbd938d30f3d97f41c666101624a86f98,0.1909254493928068,0.10078560901561806,0.6015625,1,True,93
SB3480,Mycobacterium avium complex infection,innate-adaptive host-defense structure,pathogen-associated occupation/invasion with host-defense activation and local structural disruption,remaining_5256,6b6e894f5fde50797861d4e39d076dc120127c8a4afe60cc5d23a006035b8c73,15,8,1,0,7,1,0.185117729264077,0.1961161615256084,0.01099843226153141,0.01099843226153141,AWAY_FROM_REFERENCE,0.0,INFORMATIONAL,0,231,,,08a2e0ffdda3840a4e3210895bcc4ea26328b9bddc1894b032632a68d8dfdb2d,0.1909254493928068,0.10078560901561806,0.6015625,1,True,94
SB3581,Neisseria infection,innate-adaptive host-defense structure,pathogen-associated occupation/invasion with host-defense activation and local structural disruption,remaining_5256,6b6e894f5fde50797861d4e39d076dc120127c8a4afe60cc5d23a006035b8c73,15,8,1,0,7,1,0.185117729264077,0.1961161615256084,0.01099843226153141,0.01099843226153141,AWAY_FROM_REFERENCE,0.0,INFORMATIONAL,0,231,,,484000915281400b0e75b3bf35383e844e35bad13fecae498c1ac6dd9e681c7e,0.1909254493928068,0.10078560901561806,0.6015625,1,True,95
SB3584,Neonatal infection,innate-adaptive host-defense structure,pathogen-associated occupation/invasion with host-defense activation and local structural disruption,remaining_5256,6b6e894f5fde50797861d4e39d076dc120127c8a4afe60cc5d23a006035b8c73,15,8,1,0,7,1,0.185117729264077,0.1961161615256084,0.01099843226153141,0.01099843226153141,AWAY_FROM_REFERENCE,0.0,INFORMATIONAL,0,231,,,58b710cf221545c6816d8161f21bc82438aba465ff6d8272d508cd716de9b0d7,0.1909254493928068,0.10078560901561806,0.6015625,1,True,96
SB3645,Neutropenic infection,innate-adaptive host-defense structure,pathogen-associated occupation/invasion with host-defense activation and local structural disruption,remaining_5256,6b6e894f5fde50797861d4e39d076dc120127c8a4afe60cc5d23a006035b8c73,15,8,1,0,7,1,0.185117729264077,0.1961161615256084,0.01099843226153141,0.01099843226153141,AWAY_FROM_REFERENCE,0.0,INFORMATIONAL,0,231,,,cf1ad467d2c70e9be8f7080c885dd389307dc5bd1ea7e1966419e4105aec9333,0.1909254493928068,0.10078560901561806,0.6015625,1,True,97
SB3646,Neutropenic sepsis,innate-adaptive host-defense structure,pathogen-associated occupation/invasion with host-defense activation and local structural disruption,remaining_5256,6b6e894f5fde50797861d4e39d076dc120127c8a4afe60cc5d23a006035b8c73,15,8,1,0,7,1,0.185117729264077,0.1961161615256084,0.01099843226153141,0.01099843226153141,AWAY_FROM_REFERENCE,0.0,INFORMATIONAL,0,231,,,7db6eab7fd25f5570d955b5c18423eabac607bf5213c8f6a6deeabb97621aa23,0.1909254493928068,0.10078560901561806,0.6015625,1,True,98
SB3690,Nose infection NOS,innate-adaptive host-defense structure,pathogen-associated occupation/invasion with host-defense activation and local structural disruption,remaining_5256,6b6e894f5fde50797861d4e39d076dc120127c8a4afe60cc5d23a006035b8c73,15,8,1,0,7,1,0.185117729264077,0.1961161615256084,0.01099843226153141,0.01099843226153141,AWAY_FROM_REFERENCE,0.0,INFORMATIONAL,0,231,,,3dc333aec65207cdc4567f099c8d85cbb4bc3569a9f5cb905bfa41fea8ba7741,0.1909254493928068,0.10078560901561806,0.6015625,1,True,99
SB3786,Opportunistic infection,innate-adaptive host-defense structure,pathogen-associated occupation/invasion with host-defense activation and local structural disruption,remaining_5256,6b6e894f5fde50797861d4e39d076dc120127c8a4afe60cc5d23a006035b8c73,15,8,1,0,7,1,0.185117729264077,0.1961161615256084,0.01099843226153141,0.01099843226153141,AWAY_FROM_REFERENCE,0.0,INFORMATIONAL,0,231,,,4603e26c77b86067c2c3e986cb8a8463b9968c434937b3b869d03a659afcca37,0.1909254493928068,0.10078560901561806,0.6015625,1,True,100
SB3860,Other bacterial diseases,innate-adaptive host-defense structure,pathogen-associated occupation/invasion with host-defense activation and local structural disruption,remaining_5256,6b6e894f5fde50797861d4e39d076dc120127c8a4afe60cc5d23a006035b8c73,15,8,1,0,7,1,0.185117729264077,0.1961161615256084,0.01099843226153141,0.01099843226153141,AWAY_FROM_REFERENCE,0.0,INFORMATIONAL,0,231,,,6e104baec92a096de5dc68c23d0c4b372cf741b24d714c9c10e4e5674d11e690,0.1909254493928068,0.10078560901561806,0.6015625,1,True,101
SB3958,Paracoccidioides infection,innate-adaptive host-defense structure,pathogen-associated occupation/invasion with host-defense activation and local structural disruption,remaining_5256,6b6e894f5fde50797861d4e39d076dc120127c8a4afe60cc5d23a006035b8c73,15,8,1,0,7,1,0.185117729264077,0.1961161615256084,0.01099843226153141,0.01099843226153141,AWAY_FROM_REFERENCE,0.0,INFORMATIONAL,0,231,,,5f6cc0f3b9cbe2aa3cc22c0caa87051a2a861efbe5069e352735ab9c465573bf,0.1909254493928068,0.10078560901561806,0.6015625,1,True,102
SB3966,Parainfluenzae virus infection,innate-adaptive host-defense structure,pathogen-associated occupation/invasion with host-defense activation and local structural disruption,remaining_5256,6b6e894f5fde50797861d4e39d076dc120127c8a4afe60cc5d23a006035b8c73,15,8,1,0,7,1,0.185117729264077,0.1961161615256084,0.01099843226153141,0.01099843226153141,AWAY_FROM_REFERENCE,0.0,INFORMATIONAL,0,231,,,809487f499fde1f7f65e7a578628da0054b1aeb4afc04d73e02e6c90db11e165,0.1909254493928068,0.10078560901561806,0.6015625,1,True,103
SB4021,Pelvic infection,innate-adaptive host-defense structure,pathogen-associated occupation/invasion with host-defense activation and local structural disruption,remaining_5256,6b6e894f5fde50797861d4e39d076dc120127c8a4afe60cc5d23a006035b8c73,15,8,1,0,7,1,0.185117729264077,0.1961161615256084,0.01099843226153141,0.01099843226153141,AWAY_FROM_REFERENCE,0.0,INFORMATIONAL,0,231,,,faefcf0424cf188838ac9c81b85f33729a3840d6dafb3f54ac89a26a4873deeb,0.1909254493928068,0.10078560901561806,0.6015625,1,True,104
SB4095,Peritonitis bacterial,innate-adaptive host-defense structure,pathogen-associated occupation/invasion with host-defense activation and local structural disruption,remaining_5256,6b6e894f5fde50797861d4e39d076dc120127c8a4afe60cc5d23a006035b8c73,15,8,1,0,7,1,0.185117729264077,0.1961161615256084,0.01099843226153141,0.01099843226153141,AWAY_FROM_REFERENCE,0.0,INFORMATIONAL,0,231,,,9ebd8577decbe1835d2c3c030bc4c499f432061cc82ca43d9e5abfa20d93bb46,0.1909254493928068,0.10078560901561806,0.6015625,1,True,105
SB4178,Plasmodium falciparum infection,innate-adaptive host-defense structure,pathogen-associated occupation/invasion with host-defense activation and local structural disruption,remaining_5256,6b6e894f5fde50797861d4e39d076dc120127c8a4afe60cc5d23a006035b8c73,15,8,1,0,7,1,0.185117729264077,0.1961161615256084,0.01099843226153141,0.01099843226153141,AWAY_FROM_REFERENCE,0.0,INFORMATIONAL,0,231,,,b41551b862a5fbed23273457cb95de458e37153ae7a2fcc824193f552251f3ad,0.1909254493928068,0.10078560901561806,0.6015625,1,True,106
SB4201,Pneumocystis carinii infection,innate-adaptive host-defense structure,pathogen-associated occupation/invasion with host-defense activation and local structural disruption,remaining_5256,6b6e894f5fde50797861d4e39d076dc120127c8a4afe60cc5d23a006035b8c73,15,8,1,0,7,1,0.185117729264077,0.1961161615256084,0.01099843226153141,0.01099843226153141,AWAY_FROM_REFERENCE,0.0,INFORMATIONAL,0,231,,,5b8707a1d3a44bf8307d9d56d5c105610147667faf38e91004be0d3574a22dd5,0.1909254493928068,0.10078560901561806,0.6015625,1,True,107
SB4202,Pneumocystis jirovecii infection,innate-adaptive host-defense structure,pathogen-associated occupation/invasion with host-defense activation and local structural disruption,remaining_5256,6b6e894f5fde50797861d4e39d076dc120127c8a4afe60cc5d23a006035b8c73,15,8,1,0,7,1,0.185117729264077,0.1961161615256084,0.01099843226153141,0.01099843226153141,AWAY_FROM_REFERENCE,0.0,INFORMATIONAL,0,231,,,d3d322fe65e22f2cb5689827dd6c397a14ddd07b776a76cec0d0b5986dc1ecd5,0.1909254493928068,0.10078560901561806,0.6015625,1,True,108
SB4268,Post procedural infection,innate-adaptive host-defense structure,pathogen-associated occupation/invasion with host-defense activation and local structural disruption,remaining_5256,6b6e894f5fde50797861d4e39d076dc120127c8a4afe60cc5d23a006035b8c73,15,8,1,0,7,1,0.185117729264077,0.1961161615256084,0.01099843226153141,0.01099843226153141,AWAY_FROM_REFERENCE,0.0,INFORMATIONAL,0,231,,,c625db3971ca14d5118d39a9cae26831597c50fe873f9084726885bbba03b5d1,0.1909254493928068,0.10078560901561806,0.6015625,1,True,109
SB4297,Postoperative infection,innate-adaptive host-defense structure,pathogen-associated occupation/invasion with host-defense activation and local structural disruption,remaining_5256,6b6e894f5fde50797861d4e39d076dc120127c8a4afe60cc5d23a006035b8c73,15,8,1,0,7,1,0.185117729264077,0.1961161615256084,0.01099843226153141,0.01099843226153141,AWAY_FROM_REFERENCE,0.0,INFORMATIONAL,0,231,,,c7babdb6db2ef2cb923b66325511c38170c90cd7c2a28e1caf7816a716e2880d,0.1909254493928068,0.10078560901561806,0.6015625,1,True,110
SB4403,Pseudomonal sepsis,innate-adaptive host-defense structure,pathogen-associated occupation/invasion with host-defense activation and local structural disruption,remaining_5256,6b6e894f5fde50797861d4e39d076dc120127c8a4afe60cc5d23a006035b8c73,15,8,1,0,7,1,0.185117729264077,0.1961161615256084,0.01099843226153141,0.01099843226153141,AWAY_FROM_REFERENCE,0.0,INFORMATIONAL,0,231,,,aac5916fb98436a442701414b9327f39ddf5475b3017daf774c1247e9e7fef62,0.1909254493928068,0.10078560901561806,0.6015625,1,True,111
SB4404,Pseudomonas infection,innate-adaptive host-defense structure,pathogen-associated occupation/invasion with host-defense activation and local structural disruption,remaining_5256,6b6e894f5fde50797861d4e39d076dc120127c8a4afe60cc5d23a006035b8c73,15,8,1,0,7,1,0.185117729264077,0.1961161615256084,0.01099843226153141,0.01099843226153141,AWAY_FROM_REFERENCE,0.0,INFORMATIONAL,0,231,,,068f20ce60fb659f24a83df1fabb311313785dda870140d8a4f729d0acb8e1aa,0.1909254493928068,0.10078560901561806,0.6015625,1,True,112
SB4548,Recurrent infection,innate-adaptive host-defense structure,pathogen-associated occupation/invasion with host-defense activation and local structural disruption,remaining_5256,6b6e894f5fde50797861d4e39d076dc120127c8a4afe60cc5d23a006035b8c73,15,8,1,0,7,1,0.185117729264077,0.1961161615256084,0.01099843226153141,0.01099843226153141,AWAY_FROM_REFERENCE,0.0,INFORMATIONAL,0,231,,,6841d9f1605997a534998c1dc5f1a8f70b93ac20a1aa516320ccdb65225ccf3e,0.1909254493928068,0.10078560901561806,0.6015625,1,True,113
SB4632,Respiratory syncytial virus infection,innate-adaptive host-defense structure,pathogen-associated occupation/invasion with host-defense activation and local structural disruption,remaining_5256,6b6e894f5fde50797861d4e39d076dc120127c8a4afe60cc5d23a006035b8c73,15,8,1,0,7,1,0.185117729264077,0.1961161615256084,0.01099843226153141,0.01099843226153141,AWAY_FROM_REFERENCE,0.0,INFORMATIONAL,0,231,,,00aec5b13a46f5ffb5e39d41136e775f74522c248d797c604f150360acda8660,0.1909254493928068,0.10078560901561806,0.6015625,1,True,114
SB4721,Salmonella sepsis,innate-adaptive host-defense structure,pathogen-associated occupation/invasion with host-defense activation and local structural disruption,remaining_5256,6b6e894f5fde50797861d4e39d076dc120127c8a4afe60cc5d23a006035b8c73,15,8,1,0,7,1,0.185117729264077,0.1961161615256084,0.01099843226153141,0.01099843226153141,AWAY_FROM_REFERENCE,0.0,INFORMATIONAL,0,231,,,b70b9b065b73c12328a2859b6c506aca756ded4a4b9975126699eef8dc28261e,0.1909254493928068,0.10078560901561806,0.6015625,1,True,115
SB4768,Secondary infection,innate-adaptive host-defense structure,pathogen-associated occupation/invasion with host-defense activation and local structural disruption,remaining_5256,6b6e894f5fde50797861d4e39d076dc120127c8a4afe60cc5d23a006035b8c73,15,8,1,0,7,1,0.185117729264077,0.1961161615256084,0.01099843226153141,0.01099843226153141,AWAY_FROM_REFERENCE,0.0,INFORMATIONAL,0,231,,,38d87df9afec11e215c2c9bea85aca297e0036e8412b5e1f559fce0c42dd58f3,0.1909254493928068,0.10078560901561806,0.6015625,1,True,116
SB4793,Sepsis,innate-adaptive host-defense structure,pathogen-associated occupation/invasion with host-defense activation and local structural disruption,remaining_5256,6b6e894f5fde50797861d4e39d076dc120127c8a4afe60cc5d23a006035b8c73,15,8,1,0,7,1,0.185117729264077,0.1961161615256084,0.01099843226153141,0.01099843226153141,AWAY_FROM_REFERENCE,0.0,INFORMATIONAL,0,231,,,36573dafa109e7f84e1f39f49093819d316648ed5706f13ea8eeff7fb1101423,0.1909254493928068,0.10078560901561806,0.6015625,1,True,117
SB4794,Sepsis neonatal,innate-adaptive host-defense structure,pathogen-associated occupation/invasion with host-defense activation and local structural disruption,remaining_5256,6b6e894f5fde50797861d4e39d076dc120127c8a4afe60cc5d23a006035b8c73,15,8,1,0,7,1,0.185117729264077,0.1961161615256084,0.01099843226153141,0.01099843226153141,AWAY_FROM_REFERENCE,0.0,INFORMATIONAL,0,231,,,b12848520f3c3ace4a525a9753b041d729ea61cc38c8261c7bd59deb7b760454,0.1909254493928068,0.10078560901561806,0.6015625,1,True,118
SB4795,Sepsis secondary,innate-adaptive host-defense structure,pathogen-associated occupation/invasion with host-defense activation and local structural disruption,remaining_5256,6b6e894f5fde50797861d4e39d076dc120127c8a4afe60cc5d23a006035b8c73,15,8,1,0,7,1,0.185117729264077,0.1961161615256084,0.01099843226153141,0.01099843226153141,AWAY_FROM_REFERENCE,0.0,INFORMATIONAL,0,231,,,a2ec4fe692c65afc957c2e85883671f87b30ddbfa79c25b2502d23a10d50ea97,0.1909254493928068,0.10078560901561806,0.6015625,1,True,119
SB4950,Soft tissue infection,innate-adaptive host-defense structure,pathogen-associated occupation/invasion with host-defense activation and local structural disruption,remaining_5256,6b6e894f5fde50797861d4e39d076dc120127c8a4afe60cc5d23a006035b8c73,15,8,1,0,7,1,0.185117729264077,0.1961161615256084,0.01099843226153141,0.01099843226153141,AWAY_FROM_REFERENCE,0.0,INFORMATIONAL,0,231,,,258fe1cce04bb1a47c81a0dd11e608ae46c6b051648ecf1061917709168ba3ad,0.1909254493928068,0.10078560901561806,0.6015625,1,True,120
SB5019,Staphylococcal infection,innate-adaptive host-defense structure,pathogen-associated occupation/invasion with host-defense activation and local structural disruption,remaining_5256,6b6e894f5fde50797861d4e39d076dc120127c8a4afe60cc5d23a006035b8c73,15,8,1,0,7,1,0.185117729264077,0.1961161615256084,0.01099843226153141,0.01099843226153141,AWAY_FROM_REFERENCE,0.0,INFORMATIONAL,0,231,,,ed093309b3979abca90d58efeb5b00d0c36c6de3c74a5b1d19d5edf6e17fd45c,0.1909254493928068,0.10078560901561806,0.6015625,1,True,121
SB5047,Streptococcal infection,innate-adaptive host-defense structure,pathogen-associated occupation/invasion with host-defense activation and local structural disruption,remaining_5256,6b6e894f5fde50797861d4e39d076dc120127c8a4afe60cc5d23a006035b8c73,15,8,1,0,7,1,0.185117729264077,0.1961161615256084,0.01099843226153141,0.01099843226153141,AWAY_FROM_REFERENCE,0.0,INFORMATIONAL,0,231,,,9f6f9335f27b2ba2334711c5b936a81a5c6086fd393b07e88a096430984cc7c0,0.1909254493928068,0.10078560901561806,0.6015625,1,True,122
SB5048,Streptococcal sepsis,innate-adaptive host-defense structure,pathogen-associated occupation/invasion with host-defense activation and local structural disruption,remaining_5256,6b6e894f5fde50797861d4e39d076dc120127c8a4afe60cc5d23a006035b8c73,15,8,1,0,7,1,0.185117729264077,0.1961161615256084,0.01099843226153141,0.01099843226153141,AWAY_FROM_REFERENCE,0.0,INFORMATIONAL,0,231,,,ce4fd61bfddfded7a3fab0acf73b1d93d8fe7adad57df3e662dc4ca5d98e49b3,0.1909254493928068,0.10078560901561806,0.6015625,1,True,123
SB5059,Subacute bacterial endocarditis,innate-adaptive host-defense structure,pathogen-associated occupation/invasion with host-defense activation and local structural disruption,remaining_5256,6b6e894f5fde50797861d4e39d076dc120127c8a4afe60cc5d23a006035b8c73,15,8,1,0,7,1,0.185117729264077,0.1961161615256084,0.01099843226153141,0.01099843226153141,AWAY_FROM_REFERENCE,0.0,INFORMATIONAL,0,231,,,76c783ca4e34181df0306f6f4c369651c38d15b3f1bf653913bbed5ca6c94dfe,0.1909254493928068,0.10078560901561806,0.6015625,1,True,124
SB5135,Systemic candida,innate-adaptive host-defense structure,pathogen-associated occupation/invasion with host-defense activation and local structural disruption,remaining_5256,6b6e894f5fde50797861d4e39d076dc120127c8a4afe60cc5d23a006035b8c73,15,8,1,0,7,1,0.185117729264077,0.1961161615256084,0.01099843226153141,0.01099843226153141,AWAY_FROM_REFERENCE,0.0,INFORMATIONAL,0,231,,,124cc7e50f2e0b718dde918a58c40c4654a3e7c3d256c87a812abf9c9e1d5c04,0.1909254493928068,0.10078560901561806,0.6015625,1,True,125
SB5248,Tinea infection,innate-adaptive host-defense structure,pathogen-associated occupation/invasion with host-defense activation and local structural disruption,remaining_5256,6b6e894f5fde50797861d4e39d076dc120127c8a4afe60cc5d23a006035b8c73,15,8,1,0,7,1,0.185117729264077,0.1961161615256084,0.01099843226153141,0.01099843226153141,AWAY_FROM_REFERENCE,0.0,INFORMATIONAL,0,231,,,3d36115a5e9e63a7bf1ba4dc87d09b3b359c5c3e25d515ded68290d561391527,0.1909254493928068,0.10078560901561806,0.6015625,1,True,126
SB5349,Tuberculosis,innate-adaptive host-defense structure,pathogen-associated occupation/invasion with host-defense activation and local structural disruption,remaining_5256,6b6e894f5fde50797861d4e39d076dc120127c8a4afe60cc5d23a006035b8c73,15,8,1,0,7,1,0.185117729264077,0.1961161615256084,0.01099843226153141,0.01099843226153141,AWAY_FROM_REFERENCE,0.0,INFORMATIONAL,0,231,,,9eeb912531068f701e0830b74c885c18f45048e080d735ca898013ccef8c6167,0.1909254493928068,0.10078560901561806,0.6015625,1,True,127
SB5437,Urinary tract infection,innate-adaptive host-defense structure,pathogen-associated occupation/invasion with host-defense activation and local structural disruption,remaining_5256,6b6e894f5fde50797861d4e39d076dc120127c8a4afe60cc5d23a006035b8c73,15,8,1,0,7,1,0.185117729264077,0.1961161615256084,0.01099843226153141,0.01099843226153141,AWAY_FROM_REFERENCE,0.0,INFORMATIONAL,0,231,,,3dc6832ab0c62a465ee2f4e262e3e38e1a2b6871e2e899904e0408e0fc0333f5,0.1909254493928068,0.10078560901561806,0.6015625,1,True,128
SB5589,Vertical infection transmission,innate-adaptive host-defense structure,pathogen-associated occupation/invasion with host-defense activation and local structural disruption,remaining_5256,6b6e894f5fde50797861d4e39d076dc120127c8a4afe60cc5d23a006035b8c73,15,8,1,0,7,1,0.185117729264077,0.1961161615256084,0.01099843226153141,0.01099843226153141,AWAY_FROM_REFERENCE,0.0,INFORMATIONAL,0,231,,,b55bd7850eb43b462683943f0f1002b20ca0f9a926b07e2230a705983c42d86f,0.1909254493928068,0.10078560901561806,0.6015625,1,True,129
SB5606,Viral infection,innate-adaptive host-defense structure,pathogen-associated occupation/invasion with host-defense activation and local structural disruption,remaining_5256,6b6e894f5fde50797861d4e39d076dc120127c8a4afe60cc5d23a006035b8c73,15,8,1,0,7,1,0.185117729264077,0.1961161615256084,0.01099843226153141,0.01099843226153141,AWAY_FROM_REFERENCE,0.0,INFORMATIONAL,0,231,,,1b2269123636805109c801a7edc733111cb998b5d262229e8e8b6a4e18a3bb8c,0.1909254493928068,0.10078560901561806,0.6015625,1,True,130
SB5609,Viral syndrome,innate-adaptive host-defense structure,pathogen-associated occupation/invasion with host-defense activation and local structural disruption,remaining_5256,6b6e894f5fde50797861d4e39d076dc120127c8a4afe60cc5d23a006035b8c73,15,8,1,0,7,1,0.185117729264077,0.1961161615256084,0.01099843226153141,0.01099843226153141,AWAY_FROM_REFERENCE,0.0,INFORMATIONAL,0,231,,,dcbc84e079785c79d71f874661fa89d8b84c7bf88384b555af4c350be6795c6f,0.1909254493928068,0.10078560901561806,0.6015625,1,True,131
SB5727,Yeast infection,innate-adaptive host-defense structure,pathogen-associated occupation/invasion with host-defense activation and local structural disruption,remaining_5256,6b6e894f5fde50797861d4e39d076dc120127c8a4afe60cc5d23a006035b8c73,15,8,1,0,7,1,0.185117729264077,0.1961161615256084,0.01099843226153141,0.01099843226153141,AWAY_FROM_REFERENCE,0.0,INFORMATIONAL,0,231,,,43b6e9b0f813ac076dd5137e05c83611b09bf8e62b6d51da040abdf25db04bde,0.1909254493928068,0.10078560901561806,0.6015625,1,True,132
SB2740,Immune system disorder,"systemic immune-recognition, signaling, and effector-response structure",departure from the reference structural configuration or regulated functional range,remaining_5256,983a0fb1d5827572927a2bdf44f69771f55acbb447b13eb9a699f9ac5861f83b,378,133,6,15,142,21,0.12528797187693919,0.14020833649028153,0.01492036461334234,0.01492036461334234,AWAY_FROM_REFERENCE,0.03968253968253968,MINOR,1,231,,,f8feb75ddd67d19e5754c2c458dd29c16ed2233caaf178650ca90801757ddbcd,0.1907829582367146,0.09718196126428613,0.6171875,-9,True,133
SB3200,Lupus-like syndrome,"systemic immune-recognition, signaling, and effector-response structure",departure from the reference structural configuration or regulated functional range,remaining_5256,983a0fb1d5827572927a2bdf44f69771f55acbb447b13eb9a699f9ac5861f83b,378,133,6,15,142,21,0.12528797187693919,0.14020833649028153,0.01492036461334234,0.01492036461334234,AWAY_FROM_REFERENCE,0.03968253968253968,MINOR,1,231,,,42c6992cf1b2bab372efb44c78f4ab2e765b803fff23380c8953328e5c1d5d39,0.1907829582367146,0.09718196126428613,0.6171875,-9,True,134
SB4868,Sjogren's syndrome,"systemic immune-recognition, signaling, and effector-response structure",departure from the reference structural configuration or regulated functional range,remaining_5256,983a0fb1d5827572927a2bdf44f69771f55acbb447b13eb9a699f9ac5861f83b,378,133,6,15,142,21,0.12528797187693919,0.14020833649028153,0.01492036461334234,0.01492036461334234,AWAY_FROM_REFERENCE,0.03968253968253968,MINOR,1,231,,,3c9a497e2b66e97d56bf71092357fa3bffb155f1dbb4c20ee10d02ed77447688,0.1907829582367146,0.09718196126428613,0.6171875,-9,True,135
SB2725,Idiopathic pulmonary fibrosis,"pulmonary airway-alveolar, pleural, and gas-exchange structure",excess matrix deposition/remodeling with increased tissue stiffness and reduced normal architecture,remaining_5256,4adc0258c9994023bc03045a251df0ee127613d14f72b1c818a2c798870617b6,36,17,1,0,16,1,0.1834380060614661,0.19612005548760425,0.012682049426138153,0.012682049426138153,AWAY_FROM_REFERENCE,0.0,INFORMATIONAL,0,231,,,07974aff9c8eecc2846ba192031ce2e5956ba87fd9cae281ddec5a98be047dd7,0.19039064166656117,0.09670352642263558,0.6171875,1,True,136
SB3193,Lung fibrosis interstitial,"pulmonary airway-alveolar, pleural, and gas-exchange structure",excess matrix deposition/remodeling with increased tissue stiffness and reduced normal architecture,remaining_5256,4adc0258c9994023bc03045a251df0ee127613d14f72b1c818a2c798870617b6,36,17,1,0,16,1,0.1834380060614661,0.19612005548760425,0.012682049426138153,0.012682049426138153,AWAY_FROM_REFERENCE,0.0,INFORMATIONAL,0,231,,,75ac4d5a13de4d995d45562c009002660dcbab946f98256e17e989d885f36f44,0.19039064166656117,0.09670352642263558,0.6171875,1,True,137
SB4434,Pulmonary fibrosis,"pulmonary airway-alveolar, pleural, and gas-exchange structure",excess matrix deposition/remodeling with increased tissue stiffness and reduced normal architecture,remaining_5256,4adc0258c9994023bc03045a251df0ee127613d14f72b1c818a2c798870617b6,36,17,1,0,16,1,0.1834380060614661,0.19612005548760425,0.012682049426138153,0.012682049426138153,AWAY_FROM_REFERENCE,0.0,INFORMATIONAL,0,231,,,6912879be3da590619ebbe37b28946ce4e7601c9cb504e99901d82ef4aa701d2,0.19039064166656117,0.09670352642263558,0.6171875,1,True,138
SB1735,Ejaculation decreased,"male gonadal, ductal, accessory-gland, and reproductive-output structure",measured or functional quantity shifted below its reference structural range,remaining_5256,657976b1d273cc0baeae1d5616be19e471b50e8e1c06c53fcdc617012377e483,190,88,8,4,84,12,0.14307420890292455,0.1553594662943184,0.012285257391393856,0.012285257391393856,AWAY_FROM_REFERENCE,0.021052631578947368,MINOR,1,223,,,3d02481c434b523093858cca7f4b62a22a640be24d66d567de799d69e0a7a35d,0.1903887723628287,0.0949863077595472,0.625,4,True,139
SB4778,Semen volume decreased,"male gonadal, ductal, accessory-gland, and reproductive-output structure",measured or functional quantity shifted below its reference structural range,remaining_5256,657976b1d273cc0baeae1d5616be19e471b50e8e1c06c53fcdc617012377e483,190,88,8,4,84,12,0.14307420890292455,0.1553594662943184,0.012285257391393856,0.012285257391393856,AWAY_FROM_REFERENCE,0.021052631578947368,MINOR,1,223,,,2ed8d797fa11c04ee3a772ed56059afc5854530be4413769f6eaad9d61215cb6,0.1903887723628287,0.0949863077595472,0.625,4,True,140
SB4972,Sperm concentration decreased,"male gonadal, ductal, accessory-gland, and reproductive-output structure",measured or functional quantity shifted below its reference structural range,remaining_5256,657976b1d273cc0baeae1d5616be19e471b50e8e1c06c53fcdc617012377e483,190,88,8,4,84,12,0.14307420890292455,0.1553594662943184,0.012285257391393856,0.012285257391393856,AWAY_FROM_REFERENCE,0.021052631578947368,MINOR,1,223,,,42f2489102aa0548593b7487ed4e3d3488630e80a95de512ff50be7b4e5edb81,0.1903887723628287,0.0949863077595472,0.625,4,True,141
SB4973,Sperm count decreased,"male gonadal, ductal, accessory-gland, and reproductive-output structure",measured or functional quantity shifted below its reference structural range,remaining_5256,657976b1d273cc0baeae1d5616be19e471b50e8e1c06c53fcdc617012377e483,190,88,8,4,84,12,0.14307420890292455,0.1553594662943184,0.012285257391393856,0.012285257391393856,AWAY_FROM_REFERENCE,0.021052631578947368,MINOR,1,223,,,6b0967a45e85d6ff384ba87ac26a6f74829137b9bff38e5f803e7bcb067f772d,0.1903887723628287,0.0949863077595472,0.625,4,True,142
SB4410,Psoriatic plaque,"cutaneous epidermal-dermal barrier, appendage, vascular, and immune structure","altered configuration or regulated output of the named structure, expressed as the state described by psoriatic plaque",remaining_5256,7678a85ff6b672922836e78fd32ba392683ef3c0d2cffe91dd2bfe0a63e04096,300,112,2,14,124,16,0.1686655265186494,0.1850495273047732,0.016384000786123787,0.016384000786123787,AWAY_FROM_REFERENCE,0.04666666666666667,MINOR,1,231,,,0a00a7194dc8442478111e66a794d60d0af289a617080f0b0ef7fef46236fb3b,0.1902952499328236,0.0931573169912483,0.6328125,-12,True,143
SB3481,Mycobacterium test,innate-adaptive host-defense structure,"altered configuration or regulated output of the named structure, expressed as the state described by mycobacterium test",remaining_5256,f4244800fe544007f4cc28ee7521bb0416b5d284a449cbc4aaa791eb2ca1785d,15,9,1,0,8,1,0.18520702044806514,0.19485874618433785,0.00965172573627271,0.00965172573627271,AWAY_FROM_REFERENCE,0.0,INFORMATIONAL,0,231,,,6c1dd1d02884c9f499e7bac74aadd19ff7f8ce43ba532c56fe72ae622c807150,0.19011850013032214,0.09980152454917335,0.6015625,1,True,144
SB5520,Vagotonia,sympathetic-parasympathetic autonomic-control network,"altered configuration or regulated output of the named structure, expressed as the state described by vagotonia",remaining_5256,6acb2e77e50e1cc7ce12cf53e7381285762d4e8c45c7b53685c109ecedc4680e,78,40,2,1,39,3,0.16122999363119517,0.17587437185118548,0.014644378219990317,0.014644378219990317,AWAY_FROM_REFERENCE,0.01282051282051282,MINOR,1,223,,,2847ec6a4f10cce4d5a259a9c8bb9747fdc740cb2f30fed252cf122b1a536bfd,0.19003231964206438,0.09626654834398096,0.6171875,1,True,145
SB2759,Implantation complication,"implanted-device, catheter, or prosthesis tissue-interface structure","altered configuration or regulated output of the named structure, expressed as the state described by implantation complication",remaining_5256,6f812313c806bcb3fa10a1fcf430e3498ca11da48cb15c05d429814a014dec0d,1431,612,30,48,630,78,0.14736324934889566,0.16073191862141323,0.013368669272517564,0.013368669272517564,AWAY_FROM_REFERENCE,0.033542976939203356,MINOR,1,223,,,445f474eb6f7506bea6328aeb1369c89670141401508ec52a044def74d28d4cd,0.19003218309044206,0.09455144279322203,0.625,-18,True,146
SB5556,Vasovagal symptoms,sympathetic-parasympathetic autonomic-control network,observable sensory or functional output indicating departure from the reference structural state,remaining_5256,ca93278813fc7d9dabb39c7e8f41caf68a407ca21c5d5ba2458adf6ff33fadd8,78,38,0,1,39,1,0.18409389901660322,0.1994956339923175,0.015401734975714287,0.015401734975714287,AWAY_FROM_REFERENCE,0.01282051282051282,MINOR,1,223,,,cbaa7003e985b55bb194de3418850c73aaea5473b8f1c7a9764f2960f5b2c41e,0.1896657283444651,0.09238960773715255,0.6328125,-1,True,147
SB1870,Erection increased,"male gonadal, ductal, accessory-gland, and reproductive-output structure",measured or functional quantity shifted above its reference structural range,remaining_5256,b99fa9b28f477b67c44929b1801d8a89c58ed6aa682d6fff0f6c1f152b7b0ae2,190,82,5,3,80,8,0.14789351556309482,0.16056681820659757,0.012673302643502748,0.012673302643502748,AWAY_FROM_REFERENCE,0.015789473684210527,MINOR,1,223,,,d0175538fba99707fd15297c1a84bc746b5a7351324797183bad3c320d8a47b9,0.1895700502184211,0.09741774416880622,0.609375,2,True,148
SB2123,Free prostate-specific antigen increased,"male gonadal, ductal, accessory-gland, and reproductive-output structure",measured or functional quantity shifted above its reference structural range,remaining_5256,b99fa9b28f477b67c44929b1801d8a89c58ed6aa682d6fff0f6c1f152b7b0ae2,190,82,5,3,80,8,0.14789351556309482,0.16056681820659757,0.012673302643502748,0.012673302643502748,AWAY_FROM_REFERENCE,0.015789473684210527,MINOR,1,223,,,2408c95012cdefcbbebc79589672450f7e66916e2e71fa6077951522559bbf96,0.1895700502184211,0.09741774416880622,0.609375,2,True,149
SB4370,Prostatic specific antigen increased,"male gonadal, ductal, accessory-gland, and reproductive-output structure",measured or functional quantity shifted above its reference structural range,remaining_5256,b99fa9b28f477b67c44929b1801d8a89c58ed6aa682d6fff0f6c1f152b7b0ae2,190,82,5,3,80,8,0.14789351556309482,0.16056681820659757,0.012673302643502748,0.012673302643502748,AWAY_FROM_REFERENCE,0.015789473684210527,MINOR,1,223,,,846bee71a0a1d8a751534b91a64d29582c8ee2196323210870d95b3734c4930a,0.1895700502184211,0.09741774416880622,0.609375,2,True,150
SB1402,Cyst epidermal,"cutaneous epidermal-dermal barrier, appendage, vascular, and immune structure",abnormal enclosed fluid or semisolid cavity within the named tissue,remaining_5256,b18342b82698f605936f3b0d4d66b9426fc6c76441c642b0d06e794b32ceae7e,300,131,5,11,137,16,0.19355767172724225,0.21035619298375174,0.01679852125650949,0.01679852125650949,AWAY_FROM_REFERENCE,0.03666666666666667,MINOR,1,231,,,2ec3e10f37433bbc6cf074d821d7f95f267258448a53cdfac6cee766ff2a2aa1,0.18931646747385084,0.09539355789494008,0.6171875,-6,True,151
SB0471,Aseptic necrosis,bone perfusion and osteocyte-viability structure,loss of cellular viability with local tissue structural breakdown,established_478,608d749e97a7bcf9c13eb0b25c0c2ab6b499c85519600b53f4e4973ef21134b9,120,49,6,6,49,12,0.23662587909829202,0.25226064360824774,0.015634764509955712,0.015634764509955712,AWAY_FROM_REFERENCE,0.05,MINOR,1,231,,,388146f89303e8f6d51ccf6878b9f6027b44f1c677f71a3387a685b3c0f9f01b,0.18930480387388282,0.0970942730169303,0.609375,0,True,152
SB0472,Aseptic necrosis of bone,bone perfusion and osteocyte-viability structure,loss of cellular viability with local tissue structural breakdown,established_478,608d749e97a7bcf9c13eb0b25c0c2ab6b499c85519600b53f4e4973ef21134b9,120,49,6,6,49,12,0.23662587909829202,0.25226064360824774,0.015634764509955712,0.015634764509955712,AWAY_FROM_REFERENCE,0.05,MINOR,1,231,,,b601260839020b2857f870badf935cce7b710b99704832d6b15b38ff370f8584,0.18930480387388282,0.0970942730169303,0.609375,0,True,153
SB1666,Dysgraphia,dominant-hemisphere language-processing and speech-planning network,impaired generation of written symbolic output,remaining_5256,99b61db23ef996e476217f9f6240b0c1646ed7902a78bf25c5261e8bc412c067,231,113,3,8,118,11,0.2181717192988044,0.23232155256247233,0.014149833263667921,0.014149833263667921,AWAY_FROM_REFERENCE,0.03463203463203463,MINOR,1,230,,,dd2ef5256b7be8c5bcaf3637b9b2157e9e2e8c6f3b275d6d56b7dad5bed4f374,0.189092485527316,0.0951204091796537,0.6171875,-5,True,154
SB5298,Toxic epidermal necrolysis,"cutaneous epidermal-dermal barrier, appendage, vascular, and immune structure","altered configuration or regulated output of the named structure, expressed as the state described by toxic epidermal necrolysis",remaining_5256,9bac55d9cb5f54ed4ab47b99a0454b0d5844449a6e5d37559a5248f8d757fe4c,300,118,8,11,121,19,0.1678344436899739,0.18449913442804988,0.01666469073807597,0.01666469073807597,AWAY_FROM_REFERENCE,0.03666666666666667,MINOR,1,231,,,645d9364dee64423e08cd7e52f63d700c2809753d960e036d7259848dfe80925,0.18907328294384898,0.09166711334615729,0.6328125,-3,True,155
SB0136,Acute lymphocytic leukaemia,lymphoid hematopoietic precursor proliferation structure,abnormal concentration or presence of the named material/cell state in circulating blood,established_478,3609e9799b86f6aff4252375ca3d347b10b2242742cc2fb3fcc06e8e798391a4,1176,532,12,41,561,53,0.18665133638620035,0.20487075282884382,0.018219416442643466,0.018219416442643466,AWAY_FROM_REFERENCE,0.03486394557823129,MINOR,1,186,,,ad599f96502a4cf813f83cd8e13c345bd263ee07ae0f99107ce52c7c4378b8a8,0.1889966698648435,0.0881438047132238,0.6484375,-29,True,156
SB4336,Proarrhythmia,cardiac conduction and myocardial rhythm structure,"altered configuration or regulated output of the named structure, expressed as the state described by proarrhythmia",remaining_5256,be538d0f51b281d0c06664fc841edb4a4e500fc03c2d595a0d3c856cd1260e19,21,6,1,0,5,1,0.1427075473666094,0.15627976801431254,0.013572220647703137,0.013572220647703137,AWAY_FROM_REFERENCE,0.0,INFORMATIONAL,0,231,,,4da86c860fb9356d67e6452917f429fc33166cea822685513843aca165bcdea3,0.1889049121205179,0.09832153917136333,0.6015625,1,True,157
SB3950,Papanicolaou smear suspicious,cochlear-mechanical and auditory-neural transduction structure,"altered configuration or regulated output of the named structure, expressed as the state described by papanicolaou smear suspicious",remaining_5256,92ac72fa466cf1fae294dcc47b58fc6838b8e88314e9994acadca336b886027c,276,75,1,7,81,8,0.14338696113085614,0.1584852602487784,0.015098299117922265,0.015098299117922265,AWAY_FROM_REFERENCE,0.025362318840579712,MINOR,1,230,,,b9af02ce6769af53eaadebde14a8785b3230c979bf419ebeb47968277f3447d2,0.18830743596540422,0.0907331536163466,0.6328125,-6,True,158
SB4562,Reflex sympathetic dystrophy,sympathetic-parasympathetic autonomic-control network,"altered configuration or regulated output of the named structure, expressed as the state described by reflex sympathetic dystrophy",remaining_5256,581ea1c20760def5e9a8d912d4c0800675cad2a7e9cf9019fd710e07759cb04d,78,38,1,1,38,2,0.17178880569800903,0.18831519827771248,0.016526392579703453,0.016526392579703453,AWAY_FROM_REFERENCE,0.01282051282051282,MINOR,1,223,,,d54de696d64a2ef1829dae9f392992ae876e50132d882895aecdfa45dd9aed25,0.18829504358582277,0.09757779705588143,0.6015625,0,True,159
SB1707,Ear pruritus,cochlear-mechanical and auditory-neural transduction structure,aberrant cutaneous sensory signaling associated with local barrier/immune perturbation,remaining_5256,0a54686855766afe8283c177e0965860a1bd9b37668beeb895cc901d7409e3a4,276,75,5,9,79,14,0.1564068132670552,0.1736271439869408,0.0172203307198856,0.0172203307198856,AWAY_FROM_REFERENCE,0.03260869565217391,MINOR,1,230,,,2cc9636d344b3f4145bf111a311ad93ea40919ae2417ffea4ab05fa71bdd726f,0.1881795441392139,0.09057718797465109,0.6328125,-4,True,160
SB1726,Eczema eyelids,"cutaneous epidermal-dermal barrier, appendage, vascular, and immune structure","altered configuration or regulated output of the named structure, expressed as the state described by eczema eyelids",remaining_5256,ea8fc5c96efa0d5c5869f9b34e4a338c61a351cfef298f3f042ceb08dfa0badb,300,122,5,9,126,14,0.165179192705323,0.18164758905823353,0.01646839635291053,0.01646839635291053,AWAY_FROM_REFERENCE,0.03,MINOR,1,231,,,242a73af02e73548081def2939f66abb1d70b1747dbd28b83e182aba3b1e311d,0.18816034249652366,0.08540895426405326,0.65625,-4,True,161
SB1653,Dysacusis,cochlear-mechanical and auditory-neural transduction structure,"altered configuration or regulated output of the named structure, expressed as the state described by dysacusis",remaining_5256,83dd7c8dc9096899e123a0b56efac5dc22bf84ba5ce042033ee3bda4b970f675,276,76,3,4,77,7,0.14584765483583428,0.16065380646154603,0.01480615162571175,0.01480615162571175,AWAY_FROM_REFERENCE,0.014492753623188406,MINOR,1,230,,,099be8d5db6abb2e2f0166edaa43c3cd85c4c3611ecbd1f748225c23b1336f39,0.18779540456364247,0.09182366410200304,0.625,-1,True,162
SB3526,Nail discomfort,"nail matrix, plate-production, and periungual structure",abnormal sensory-autonomic signaling indicating departure from the reference local functional state,remaining_5256,ed0667d9540f1f6870c64a0a464e36f241bd4c2574db1675cf848c5fac57158f,36,5,2,3,6,5,0.14206797294740048,0.15591665608988303,0.013848683142482554,0.013848683142482554,AWAY_FROM_REFERENCE,0.08333333333333333,MINOR,1,230,,,aab4876a4384e9cb76f4e3ef476a894f0e8d55f6b6404cdb22c046ba704025a5,0.18776023565256145,0.09521065323483102,0.609375,-1,True,163
SB0274,Anal atresia,anorectal developmental lumen-continuity structure,"developmental patterning deviation producing absent, incomplete, or abnormally organized structure",established_478,f032422fd162b5a575fed6a299dbc5333852acc031c4d29558949d56d033421b,66,24,2,3,25,5,0.1471778395717861,0.16386321527228387,0.016685375700497773,0.016685375700497773,AWAY_FROM_REFERENCE,0.045454545454545456,MINOR,1,231,,,ffb370065864e3b7bf62ab05d94e77f84110e8317e0681b56f124fec91771287,0.18764829514058975,0.0847845062690119,0.65625,-1,True,164
SB1426,Deafness,cochlear-mechanical and auditory-neural transduction structure,reduction or loss of auditory mechanical/neural signal transduction,remaining_5256,7c8f44187ea8218fc30c19e54782f9e0fd88cf82ef4a5bed429e8cb8568c5f8e,276,65,3,13,75,16,0.1661039219648559,0.18326632021712475,0.01716239825226884,0.01716239825226884,AWAY_FROM_REFERENCE,0.04710144927536232,MINOR,1,230,,,ec685f22e1b541469f97bd15e55a0aabe6bbe845aa78a684dec51266a2683300,0.18735931124261562,0.09472172102758003,0.609375,-10,True,165
SB1427,Deafness bilateral,cochlear-mechanical and auditory-neural transduction structure,reduction or loss of auditory mechanical/neural signal transduction,remaining_5256,7c8f44187ea8218fc30c19e54782f9e0fd88cf82ef4a5bed429e8cb8568c5f8e,276,65,3,13,75,16,0.1661039219648559,0.18326632021712475,0.01716239825226884,0.01716239825226884,AWAY_FROM_REFERENCE,0.04710144927536232,MINOR,1,230,,,88682c79f34589ceff03f5691f3f07065831547ec7be609f5414fef7771de193,0.18735931124261562,0.09472172102758003,0.609375,-10,True,166
SB1428,Deafness neurosensory,cochlear-mechanical and auditory-neural transduction structure,reduction or loss of auditory mechanical/neural signal transduction,remaining_5256,7c8f44187ea8218fc30c19e54782f9e0fd88cf82ef4a5bed429e8cb8568c5f8e,276,65,3,13,75,16,0.1661039219648559,0.18326632021712475,0.01716239825226884,0.01716239825226884,AWAY_FROM_REFERENCE,0.04710144927536232,MINOR,1,230,,,b793315e7c57c9737ff478c7015d32045d2435efd8aac17bd6bc7a51564f90ef,0.18735931124261562,0.09472172102758003,0.609375,-10,True,167
SB1429,Deafness permanent,cochlear-mechanical and auditory-neural transduction structure,reduction or loss of auditory mechanical/neural signal transduction,remaining_5256,7c8f44187ea8218fc30c19e54782f9e0fd88cf82ef4a5bed429e8cb8568c5f8e,276,65,3,13,75,16,0.1661039219648559,0.18326632021712475,0.01716239825226884,0.01716239825226884,AWAY_FROM_REFERENCE,0.04710144927536232,MINOR,1,230,,,47b9bba6b5cd79d9b796fa64f7133615633c98e30fa2f926ee69ef464efe0486,0.18735931124261562,0.09472172102758003,0.609375,-10,True,168
SB1430,Deafness transitory,cochlear-mechanical and auditory-neural transduction structure,reduction or loss of auditory mechanical/neural signal transduction,remaining_5256,7c8f44187ea8218fc30c19e54782f9e0fd88cf82ef4a5bed429e8cb8568c5f8e,276,65,3,13,75,16,0.1661039219648559,0.18326632021712475,0.01716239825226884,0.01716239825226884,AWAY_FROM_REFERENCE,0.04710144927536232,MINOR,1,230,,,7e9b2a029430d0b46a57f48bdeef591f353a525355fdeae45a6574e9e8f923fb,0.18735931124261562,0.09472172102758003,0.609375,-10,True,169
SB1431,Deafness unilateral,cochlear-mechanical and auditory-neural transduction structure,reduction or loss of auditory mechanical/neural signal transduction,remaining_5256,7c8f44187ea8218fc30c19e54782f9e0fd88cf82ef4a5bed429e8cb8568c5f8e,276,65,3,13,75,16,0.1661039219648559,0.18326632021712475,0.01716239825226884,0.01716239825226884,AWAY_FROM_REFERENCE,0.04710144927536232,MINOR,1,230,,,f6ad9de6a99157074d958e385659a279e2f10c9ea1bed99e60204d1fa9e046d6,0.18735931124261562,0.09472172102758003,0.609375,-10,True,170
SB4007,Partial permanent deafness,cochlear-mechanical and auditory-neural transduction structure,reduction or loss of auditory mechanical/neural signal transduction,remaining_5256,7c8f44187ea8218fc30c19e54782f9e0fd88cf82ef4a5bed429e8cb8568c5f8e,276,65,3,13,75,16,0.1661039219648559,0.18326632021712475,0.01716239825226884,0.01716239825226884,AWAY_FROM_REFERENCE,0.04710144927536232,MINOR,1,230,,,f6d9c4e2a6d8cfb82e1617a42fc25be7459f2cb510bf4fa4ccad3e110fee40a6,0.18735931124261562,0.09472172102758003,0.609375,-10,True,171
SB4009,Partial transitory deafness,cochlear-mechanical and auditory-neural transduction structure,reduction or loss of auditory mechanical/neural signal transduction,remaining_5256,7c8f44187ea8218fc30c19e54782f9e0fd88cf82ef4a5bed429e8cb8568c5f8e,276,65,3,13,75,16,0.1661039219648559,0.18326632021712475,0.01716239825226884,0.01716239825226884,AWAY_FROM_REFERENCE,0.04710144927536232,MINOR,1,230,,,3996f5075bd1417aaf48e4d8e52ea21d2c710e33f2141f9fed4590401bd8e3c4,0.18735931124261562,0.09472172102758003,0.609375,-10,True,172
SB5076,Sudden deafness,cochlear-mechanical and auditory-neural transduction structure,reduction or loss of auditory mechanical/neural signal transduction,remaining_5256,7c8f44187ea8218fc30c19e54782f9e0fd88cf82ef4a5bed429e8cb8568c5f8e,276,65,3,13,75,16,0.1661039219648559,0.18326632021712475,0.01716239825226884,0.01716239825226884,AWAY_FROM_REFERENCE,0.04710144927536232,MINOR,1,230,,,6c85145f24794cf054bca0bd73bb151086d1f36fd29a10d2fe86ba909e118252,0.18735931124261562,0.09472172102758003,0.609375,-10,True,173
SB3924,Palpitations,cardiac conduction and myocardial rhythm structure,"altered configuration or regulated output of the named structure, expressed as the state described by palpitations",remaining_5256,6419b2129dd17c24383265a9ac7d6bbcbd37ee94508749ae08ede9238ad7bc69,21,6,1,0,5,1,0.14685799366248542,0.16042315921477213,0.013565165552286707,0.013565165552286707,AWAY_FROM_REFERENCE,0.0,INFORMATIONAL,0,231,,,166246b29178bad198515785e7aebed1676c8e6984b2a25fd0d2ce89f75dcb12,0.18708976453584064,0.09610794455590321,0.6015625,1,True,174
SB1134,Chromatopsia,retinal-cone and visual color-processing structure,"altered configuration or regulated output of the named structure, expressed as the state described by chromatopsia",remaining_5256,bc346021794dce0ae72a7382f6f03b559ab257d2413aeab5ccfcf594411df42d,78,38,0,6,44,6,0.16831113863264235,0.18241435047560417,0.014103211842961816,0.014103211842961816,AWAY_FROM_REFERENCE,0.07692307692307693,MINOR,1,223,,,73020260b2c5ef62fee9ddd5dfe8128137d319d441f7f352e9b9c4d255648057,0.18697217279674583,0.09939441804481197,0.5859375,-6,True,175
SB4389,Proximal renal tubular acidosis,renal glomerular-tubular filtration and fluid-balance structure,hydrogen-ion activity above the reference range with reduced extracellular-fluid pH,remaining_5256,d5753ee7710d4a1dd33ca528fa813d005bb9969eda8ae3aa91fabf604109380d,91,30,3,1,28,4,0.1446026999595127,0.15503790962619912,0.010435209666686429,0.010435209666686429,AWAY_FROM_REFERENCE,0.01098901098901099,MINOR,1,231,,,0a1dc8149a40255146642762927c69b2d7e7eb51b44239855c9bf2aeba270e07,0.18683970509255032,0.08379842084457356,0.65625,2,True,176
SB4602,Renal tubular acidosis,renal glomerular-tubular filtration and fluid-balance structure,hydrogen-ion activity above the reference range with reduced extracellular-fluid pH,remaining_5256,d5753ee7710d4a1dd33ca528fa813d005bb9969eda8ae3aa91fabf604109380d,91,30,3,1,28,4,0.1446026999595127,0.15503790962619912,0.010435209666686429,0.010435209666686429,AWAY_FROM_REFERENCE,0.01098901098901099,MINOR,1,231,,,2c6c366b65d58169c445ac2072bdc90958e25f2a9d08032953ef6e217ebbf373,0.18683970509255032,0.08379842084457356,0.65625,2,True,177
SB5420,Urethral pain,"urethral lumen, mucosal, sphincter, and urine-flow structure",increased nociceptive signaling associated with local tissue or neural perturbation,remaining_5256,e3190c05c11d06cef77d30b0a941fab87240bb7d59114ad03231654373d597c7,465,130,7,19,142,26,0.1734899321209462,0.18852009545220783,0.015030163331261615,0.015030163331261615,AWAY_FROM_REFERENCE,0.04086021505376344,MINOR,1,231,,,6a376771728e391e6c7bc3a371612de225f223c19c87907b86adf41e3957ebf5,0.1866495700030578,0.09728606097933878,0.59375,-12,True,178
SB3745,Oesophageal disorder,"oesophageal mucosal, peristaltic, and sphincter-control structure",departure from the reference structural configuration or regulated functional range,remaining_5256,1cbbed926113795600fd6a59067187755974a6bb8b66edb1ccdebf6f1c8f2d09,28,8,1,0,7,1,0.13942266868786723,0.15309025509916308,0.01366758641129584,0.01366758641129584,AWAY_FROM_REFERENCE,0.0,INFORMATIONAL,0,231,,,ea8715b4700b7e0a41af6c27535ef55f52e520e62f48f8fcf217c19723d3e3f2,0.18637341178594513,0.0866596485194453,0.640625,1,True,179
SB3748,Oesophageal motility disorder,"oesophageal mucosal, peristaltic, and sphincter-control structure",departure from the reference structural configuration or regulated functional range,remaining_5256,1cbbed926113795600fd6a59067187755974a6bb8b66edb1ccdebf6f1c8f2d09,28,8,1,0,7,1,0.13942266868786723,0.15309025509916308,0.01366758641129584,0.01366758641129584,AWAY_FROM_REFERENCE,0.0,INFORMATIONAL,0,231,,,ea469388676b2981c658ff6342a0d587d2a2a3b9da4b1bc195bee0bacfc5f016,0.18637341178594513,0.0866596485194453,0.640625,1,True,180
SB0714,Blood lactate dehydrogenase increased,"female reproductive, gestational, placental, and reproductive-output structure",measured or functional quantity shifted above its reference structural range,remaining_5256,26fa39de81fb2e1ec3f32167ec7ee689e1be0badc9253be4f23c1dbe0e29975f,3,1,1,0,0,1,0.13410884329483141,0.1454922361031803,0.01138339280834888,0.01138339280834888,AWAY_FROM_REFERENCE,0.0,INFORMATIONAL,0,38,,,4ed1779c7a1a6716633775ed1ebed862f6799366e341884c6553c8ae66d46f30,0.1862688796271837,0.08996204832583377,0.625,1,True,181
SB3045,Lactate increased,"female reproductive, gestational, placental, and reproductive-output structure",measured or functional quantity shifted above its reference structural range,remaining_5256,26fa39de81fb2e1ec3f32167ec7ee689e1be0badc9253be4f23c1dbe0e29975f,3,1,1,0,0,1,0.13410884329483141,0.1454922361031803,0.01138339280834888,0.01138339280834888,AWAY_FROM_REFERENCE,0.0,INFORMATIONAL,0,38,,,7a4cbe0a9e1780e0d790d06cb50f602191c7765fab52c884f0412034b9de2afa,0.1862688796271837,0.08996204832583377,0.625,1,True,182
SB5722,Xanthopsia,retinal-cone and visual color-processing structure,"altered configuration or regulated output of the named structure, expressed as the state described by xanthopsia",remaining_5256,255f7e858f61ae55fdfb13aafe45fe16574e166f77bc7b5a366ab9c22e95be90,78,37,0,6,43,6,0.16216074036834371,0.1763397462304176,0.014179005862073879,0.014179005862073879,AWAY_FROM_REFERENCE,0.07692307692307693,MINOR,1,223,,,dd289df9b0a26f8c1912e399f1f18474064204bef366edf355e439deac27f711,0.18622169736837413,0.09847920410777333,0.5859375,-6,True,183
SB1580,Distention,"implanted-device, catheter, or prosthesis tissue-interface structure","altered configuration or regulated output of the named structure, expressed as the state described by distention",remaining_5256,a8e4d55ddf8b270ca49eadff942e7c5856bc9ee09912621614705fb8af2029dd,1431,614,26,40,628,66,0.15249652360905008,0.16576179369860378,0.013265270089553693,0.013265270089553693,AWAY_FROM_REFERENCE,0.027952480782669462,MINOR,1,223,,,4d744624235fdea85e7f9780a1f640c29f5a5c4811b03c386012c5551273a7d4,0.18617138926516974,0.09498797471362164,0.6015625,-14,True,184
SB0137,Acute migraine,trigeminovascular nociceptive and cranial vascular-tone structure,episodic trigeminovascular and central sensory-network activation with abnormal nociceptive processing,established_478,9fa80e96635ae514084583b272bdce0f85678b369aa67727b1160a1a9063751c,28,12,1,0,11,1,0.19653438154468805,0.21229602670052983,0.015761645155841775,0.015761645155841775,AWAY_FROM_REFERENCE,0.0,INFORMATIONAL,0,231,,,53d583426439a987cac36577e9ac24298d764f50bbdaa5a5d8a361f1234f322f,0.18603361949602323,0.09996477987319907,0.578125,1,True,185
SB0225,Alkaline phosphatase serum increased,hepatobiliary and bone alkaline-phosphatase production/release structure,measured or functional quantity shifted above its reference structural range,established_478,d6174456f08656d879b0aec5ddb9ab06fbed32acff63ca9fd5e407266bc05f3f,861,314,8,25,331,33,0.17251931077578975,0.18201401582431154,0.00949470504852179,0.00949470504852179,AWAY_FROM_REFERENCE,0.029036004645760744,MINOR,1,230,,,4f8189e357d94c9bf3ae35498cb046ec5e03339d7ecdb013323763d82f0cc7ec,0.18586145946238516,0.09461001153949411,0.6015625,-17,True,186
SB0356,Anuria,renal filtration and urine-production structure,near-complete absence of urine production or delivery to the bladder,established_478,e750b27ecf354695ba5c1ecce8b2d480b3f7d55b905ea74fbf45e0e181a42264,1,0,0,1,1,1,0.24818577249876472,0.2642959702098855,0.016110197711120766,0.016110197711120766,AWAY_FROM_REFERENCE,1.0,CRITICAL,4,230,,,fb30378aee99114f2938ddf06da4a0a0365b74b3acc3f9089b4f0d2fe60a4fb6,0.1858104344582086,0.08940296885147392,0.625,-1,True,187
SB1656,Dysarthria,dominant-hemisphere language-processing and speech-planning network,impaired motor execution of speech articulation despite preserved language formulation,remaining_5256,3847ff830170f0564c8db45f8a61e5afa4ae8a3bab72cea8369bfb8f171356cd,231,104,4,10,110,14,0.16978720511102607,0.18625221446396678,0.016465009352940707,0.016465009352940707,AWAY_FROM_REFERENCE,0.04329004329004329,MINOR,1,230,,,a4286d2b56d1256507257b751edf220fc3a065be2a4eb4bb20d0f6413952445e,0.18575107790643877,0.08761564378833997,0.6328125,-6,True,188
SB3572,Necrolysis epidermal,"cutaneous epidermal-dermal barrier, appendage, vascular, and immune structure","altered configuration or regulated output of the named structure, expressed as the state described by necrolysis epidermal",remaining_5256,5026a67d03ea1b0bcb2b78b26d34540b80a6428650420c46b35bacbbc2d6e3bc,300,120,4,10,126,14,0.17040124015115432,0.18581511823430819,0.015413878083153865,0.015413878083153865,AWAY_FROM_REFERENCE,0.03333333333333333,MINOR,1,231,,,5119307608589ca4c2a94d155d6047dd19f4d55a0ca5eacddf0c834c404e5407,0.18567489050092423,0.08923767134259053,0.625,-6,True,189
SB3928,Pancreatic disorder,pancreatic endocrine-exocrine parenchymal and ductal structure,departure from the reference structural configuration or regulated functional range,remaining_5256,de1500a5303683ec4da8690287914915ac835fb528f13bc348c89af6fdec8696,91,43,5,10,48,15,0.18010663353463308,0.19838055652983888,0.018273922995205805,0.018273922995205805,AWAY_FROM_REFERENCE,0.10989010989010989,MINOR,1,230,,,3c8bc0455d1318c09e0cebf613547ced583e293221c4e71ad3e9f95577eb7c20,0.18565578145528377,0.08406955055522414,0.6484375,-5,True,190
SB3929,Pancreatic enzymes abnormal,pancreatic endocrine-exocrine parenchymal and ductal structure,departure from the reference structural configuration or regulated functional range,remaining_5256,de1500a5303683ec4da8690287914915ac835fb528f13bc348c89af6fdec8696,91,43,5,10,48,15,0.18010663353463308,0.19838055652983888,0.018273922995205805,0.018273922995205805,AWAY_FROM_REFERENCE,0.10989010989010989,MINOR,1,230,,,a768cba505ec75381a6129ac46a539922c2b1e42dc9f47c7ac14448c9987e8df,0.18565578145528377,0.08406955055522414,0.6484375,-5,True,191
SB5416,Urethral discharge,"urethral lumen, mucosal, sphincter, and urine-flow structure",abnormal increase or ectopic release of secreted material,remaining_5256,5840a429cffdc63ccea0211ef83d452b64f73305658c6c0d97682a66780a588f,465,150,12,19,157,31,0.17822566644245597,0.19040246441998543,0.012176797977529463,0.012176797977529463,AWAY_FROM_REFERENCE,0.04086021505376344,MINOR,1,231,,,485ee7fa85b82d812bec90e4c0bbf3c488277dd1bd0b71acfe9b77edba58f108,0.18550776649238,0.0941786786492439,0.6015625,-7,True,192
SB1256,Congenital cystic kidney disease,renal glomerular-tubular filtration and fluid-balance structure,"developmental patterning deviation producing absent, incomplete, or abnormally organized structure",remaining_5256,45fd59b67ab3b61a87b8c2711a99901073cc7559f98b8221f3f4b263567f8f99,91,30,3,1,28,4,0.16886655467661216,0.18216822231098717,0.013301667634375014,0.013301667634375014,AWAY_FROM_REFERENCE,0.01098901098901099,MINOR,1,231,,,53d86eeb7ab71663e8b1b32b859a8ce1411bc61695ccc6490c14bba46e55d191,0.18550745623690296,0.09074842224012558,0.6171875,2,True,193
SB1263,Congenital hydronephrosis,renal glomerular-tubular filtration and fluid-balance structure,"developmental patterning deviation producing absent, incomplete, or abnormally organized structure",remaining_5256,45fd59b67ab3b61a87b8c2711a99901073cc7559f98b8221f3f4b263567f8f99,91,30,3,1,28,4,0.16886655467661216,0.18216822231098717,0.013301667634375014,0.013301667634375014,AWAY_FROM_REFERENCE,0.01098901098901099,MINOR,1,231,,,9ff179bd5c1d20b51c2349cbcbb118973a8bdae8449f5e1b59b3420a5fbc3f5f,0.18550745623690296,0.09074842224012558,0.6171875,2,True,194
SB1270,Congenital renal cyst,renal glomerular-tubular filtration and fluid-balance structure,"developmental patterning deviation producing absent, incomplete, or abnormally organized structure",remaining_5256,45fd59b67ab3b61a87b8c2711a99901073cc7559f98b8221f3f4b263567f8f99,91,30,3,1,28,4,0.16886655467661216,0.18216822231098717,0.013301667634375014,0.013301667634375014,AWAY_FROM_REFERENCE,0.01098901098901099,MINOR,1,231,,,08d4cc36f38ae7318133c0ff8fc2f7eef5214f246d6e0ec3cc22b2db5cebcf32,0.18550745623690296,0.09074842224012558,0.6171875,2,True,195
SB4577,Renal agenesis,renal glomerular-tubular filtration and fluid-balance structure,"developmental patterning deviation producing absent, incomplete, or abnormally organized structure",remaining_5256,45fd59b67ab3b61a87b8c2711a99901073cc7559f98b8221f3f4b263567f8f99,91,30,3,1,28,4,0.16886655467661216,0.18216822231098717,0.013301667634375014,0.013301667634375014,AWAY_FROM_REFERENCE,0.01098901098901099,MINOR,1,231,,,9ae012d307105ab5a1183fce724cd241b0ab4c2add47b33fffae15ed897226c1,0.18550745623690296,0.09074842224012558,0.6171875,2,True,196
SB4578,Renal aplasia,renal glomerular-tubular filtration and fluid-balance structure,"developmental patterning deviation producing absent, incomplete, or abnormally organized structure",remaining_5256,45fd59b67ab3b61a87b8c2711a99901073cc7559f98b8221f3f4b263567f8f99,91,30,3,1,28,4,0.16886655467661216,0.18216822231098717,0.013301667634375014,0.013301667634375014,AWAY_FROM_REFERENCE,0.01098901098901099,MINOR,1,231,,,4a63b7573b24629a753e740a436d7c523e55d7af4f2e89204989287ab09de20e,0.18550745623690296,0.09074842224012558,0.6171875,2,True,197
SB0534,Autoimmune haemolytic anaemia,"erythrocyte production, integrity, and oxygen-transport structure",reduced erythrocyte/hemoglobin oxygen-transport capacity relative to systemic demand,remaining_5256,249881077b7f719f4548d735e65e9e5314d24086a7b4021141f168b0b70f5306,15,11,1,0,10,1,0.13559390969927643,0.15220340543704924,0.016609495737772817,0.016609495737772817,AWAY_FROM_REFERENCE,0.0,INFORMATIONAL,0,174,,,00e917f81e521424f5f00a39230a37c6964878c23d59b117d55701c1a331fce8,0.18544638686621892,0.09238888642221821,0.609375,1,True,198
SB1311,Coombs positive haemolytic anaemia,"erythrocyte production, integrity, and oxygen-transport structure",reduced erythrocyte/hemoglobin oxygen-transport capacity relative to systemic demand,remaining_5256,249881077b7f719f4548d735e65e9e5314d24086a7b4021141f168b0b70f5306,15,11,1,0,10,1,0.13559390969927643,0.15220340543704924,0.016609495737772817,0.016609495737772817,AWAY_FROM_REFERENCE,0.0,INFORMATIONAL,0,174,,,c3b591b221c2ed260fb53d7f7386d4a6305aeb6b12cc915d106bd0e03bac7180,0.18544638686621892,0.09238888642221821,0.609375,1,True,199
SB1446,Deficiency anaemia,"erythrocyte production, integrity, and oxygen-transport structure",reduced erythrocyte/hemoglobin oxygen-transport capacity relative to systemic demand,remaining_5256,249881077b7f719f4548d735e65e9e5314d24086a7b4021141f168b0b70f5306,15,11,1,0,10,1,0.13559390969927643,0.15220340543704924,0.016609495737772817,0.016609495737772817,AWAY_FROM_REFERENCE,0.0,INFORMATIONAL,0,174,,,98a6eb4cb1d00cc596252c82e8b542f28774587f6e8eab1f0f96e4bb93fbf98f,0.18544638686621892,0.09238888642221821,0.609375,1,True,200
SB2374,Haemolytic anaemia,"erythrocyte production, integrity, and oxygen-transport structure",reduced erythrocyte/hemoglobin oxygen-transport capacity relative to systemic demand,remaining_5256,249881077b7f719f4548d735e65e9e5314d24086a7b4021141f168b0b70f5306,15,11,1,0,10,1,0.13559390969927643,0.15220340543704924,0.016609495737772817,0.016609495737772817,AWAY_FROM_REFERENCE,0.0,INFORMATIONAL,0,174,,,1ad30bc2a7e8e5eb7b4cd6cf958db52cda6dfe0ff087a8dfc29eca42e5942120,0.18544638686621892,0.09238888642221821,0.609375,1,True,201
SB2383,Haemorrhagic anaemia,"erythrocyte production, integrity, and oxygen-transport structure",reduced erythrocyte/hemoglobin oxygen-transport capacity relative to systemic demand,remaining_5256,249881077b7f719f4548d735e65e9e5314d24086a7b4021141f168b0b70f5306,15,11,1,0,10,1,0.13559390969927643,0.15220340543704924,0.016609495737772817,0.016609495737772817,AWAY_FROM_REFERENCE,0.0,INFORMATIONAL,0,174,,,0a64a571043247871e40c74b0c495ea29b4cc01f570278e6c9f0e8eadb733f0d,0.18544638686621892,0.09238888642221821,0.609375,1,True,202
SB2406,Hand and foot syndrome secondary to sickle cell anaemia,"erythrocyte production, integrity, and oxygen-transport structure",reduced erythrocyte/hemoglobin oxygen-transport capacity relative to systemic demand,remaining_5256,249881077b7f719f4548d735e65e9e5314d24086a7b4021141f168b0b70f5306,15,11,1,0,10,1,0.13559390969927643,0.15220340543704924,0.016609495737772817,0.016609495737772817,AWAY_FROM_REFERENCE,0.0,INFORMATIONAL,0,174,,,b9880c01050c1ca9c008f6b2b81463405ed37ac8d7a7b6e8f6246a320272de6f,0.18544638686621892,0.09238888642221821,0.609375,1,True,203
SB2662,Hypochromic anaemia,"erythrocyte production, integrity, and oxygen-transport structure",reduced erythrocyte/hemoglobin oxygen-transport capacity relative to systemic demand,remaining_5256,249881077b7f719f4548d735e65e9e5314d24086a7b4021141f168b0b70f5306,15,11,1,0,10,1,0.13559390969927643,0.15220340543704924,0.016609495737772817,0.016609495737772817,AWAY_FROM_REFERENCE,0.0,INFORMATIONAL,0,174,,,658f3476fbe221842004ee808fc42c990cd5296f70b7a4ead5c4fd4beb836a1c,0.18544638686621892,0.09238888642221821,0.609375,1,True,204
SB2691,Hypoplastic anaemia,"erythrocyte production, integrity, and oxygen-transport structure",reduced erythrocyte/hemoglobin oxygen-transport capacity relative to systemic demand,remaining_5256,249881077b7f719f4548d735e65e9e5314d24086a7b4021141f168b0b70f5306,15,11,1,0,10,1,0.13559390969927643,0.15220340543704924,0.016609495737772817,0.016609495737772817,AWAY_FROM_REFERENCE,0.0,INFORMATIONAL,0,174,,,1b64c6846fe576e3dfb8d07b66b5ab27874df4cafb7c5302d095a10acdeed2d7,0.18544638686621892,0.09238888642221821,0.609375,1,True,205
SB2957,Iron deficiency anaemia,"erythrocyte production, integrity, and oxygen-transport structure",reduced erythrocyte/hemoglobin oxygen-transport capacity relative to systemic demand,remaining_5256,249881077b7f719f4548d735e65e9e5314d24086a7b4021141f168b0b70f5306,15,11,1,0,10,1,0.13559390969927643,0.15220340543704924,0.016609495737772817,0.016609495737772817,AWAY_FROM_REFERENCE,0.0,INFORMATIONAL,0,174,,,39daac63a6895b65e36be88b30c3055c6bceaa0947fe6c4f1572cf89339749a0,0.18544638686621892,0.09238888642221821,0.609375,1,True,206
SB3357,Microangiopathic haemolytic anaemia,"erythrocyte production, integrity, and oxygen-transport structure",reduced erythrocyte/hemoglobin oxygen-transport capacity relative to systemic demand,remaining_5256,249881077b7f719f4548d735e65e9e5314d24086a7b4021141f168b0b70f5306,15,11,1,0,10,1,0.13559390969927643,0.15220340543704924,0.016609495737772817,0.016609495737772817,AWAY_FROM_REFERENCE,0.0,INFORMATIONAL,0,174,,,ef68e9924326067c7d82cf0ab8042f077f68814986dc8b7ac98c43ffc889c34d,0.18544638686621892,0.09238888642221821,0.609375,1,True,207
SB3360,Microcytic anaemia,"erythrocyte production, integrity, and oxygen-transport structure",reduced erythrocyte/hemoglobin oxygen-transport capacity relative to systemic demand,remaining_5256,249881077b7f719f4548d735e65e9e5314d24086a7b4021141f168b0b70f5306,15,11,1,0,10,1,0.13559390969927643,0.15220340543704924,0.016609495737772817,0.016609495737772817,AWAY_FROM_REFERENCE,0.0,INFORMATIONAL,0,174,,,6c000c2cf0ccd93df7789ad855bed48dd0ba072dab2e6484047210c709ef09cb,0.18544638686621892,0.09238888642221821,0.609375,1,True,208
SB3688,Normochromic normocytic anaemia,"erythrocyte production, integrity, and oxygen-transport structure",reduced erythrocyte/hemoglobin oxygen-transport capacity relative to systemic demand,remaining_5256,249881077b7f719f4548d735e65e9e5314d24086a7b4021141f168b0b70f5306,15,11,1,0,10,1,0.13559390969927643,0.15220340543704924,0.016609495737772817,0.016609495737772817,AWAY_FROM_REFERENCE,0.0,INFORMATIONAL,0,174,,,7468193dda465ffafc0880e4648134b2d6bf9f3a6d8645afca1f8136e0ccdb37,0.18544638686621892,0.09238888642221821,0.609375,1,True,209
SB3689,Normocytic anemia,"erythrocyte production, integrity, and oxygen-transport structure",reduced erythrocyte/hemoglobin oxygen-transport capacity relative to systemic demand,remaining_5256,249881077b7f719f4548d735e65e9e5314d24086a7b4021141f168b0b70f5306,15,11,1,0,10,1,0.13559390969927643,0.15220340543704924,0.016609495737772817,0.016609495737772817,AWAY_FROM_REFERENCE,0.0,INFORMATIONAL,0,174,,,54e266ed293ad487d721a5c6592460e0c82027c17dbdd2ffe45aedb681375de4,0.18544638686621892,0.09238888642221821,0.609375,1,True,210
SB4568,Refractory anaemia with an excess of blasts,"erythrocyte production, integrity, and oxygen-transport structure",reduced erythrocyte/hemoglobin oxygen-transport capacity relative to systemic demand,remaining_5256,249881077b7f719f4548d735e65e9e5314d24086a7b4021141f168b0b70f5306,15,11,1,0,10,1,0.13559390969927643,0.15220340543704924,0.016609495737772817,0.016609495737772817,AWAY_FROM_REFERENCE,0.0,INFORMATIONAL,0,174,,,4f1da3f6343053fbe18c8b780073ddb76c39a2d824b702ad0f031e01fa9dd12b,0.18544638686621892,0.09238888642221821,0.609375,1,True,211
SB4569,Refractory anemia,"erythrocyte production, integrity, and oxygen-transport structure",reduced erythrocyte/hemoglobin oxygen-transport capacity relative to systemic demand,remaining_5256,249881077b7f719f4548d735e65e9e5314d24086a7b4021141f168b0b70f5306,15,11,1,0,10,1,0.13559390969927643,0.15220340543704924,0.016609495737772817,0.016609495737772817,AWAY_FROM_REFERENCE,0.0,INFORMATIONAL,0,174,,,5ef40f62134d1440c7f6a5454645698b5feb30a4da9c069e52fe72b19ad44f83,0.18544638686621892,0.09238888642221821,0.609375,1,True,212
SB4570,Refractory anemia with excess blasts in transformation,"erythrocyte production, integrity, and oxygen-transport structure",reduced erythrocyte/hemoglobin oxygen-transport capacity relative to systemic demand,remaining_5256,249881077b7f719f4548d735e65e9e5314d24086a7b4021141f168b0b70f5306,15,11,1,0,10,1,0.13559390969927643,0.15220340543704924,0.016609495737772817,0.016609495737772817,AWAY_FROM_REFERENCE,0.0,INFORMATIONAL,0,174,,,21b876e08963c4ccb5a74e96c99813ce29cf49113816da6708f86d0f0f990cbc,0.18544638686621892,0.09238888642221821,0.609375,1,True,213
SB4765,Secondary anemia,"erythrocyte production, integrity, and oxygen-transport structure",reduced erythrocyte/hemoglobin oxygen-transport capacity relative to systemic demand,remaining_5256,249881077b7f719f4548d735e65e9e5314d24086a7b4021141f168b0b70f5306,15,11,1,0,10,1,0.13559390969927643,0.15220340543704924,0.016609495737772817,0.016609495737772817,AWAY_FROM_REFERENCE,0.0,INFORMATIONAL,0,174,,,dc2a1046b0d251f92aba14bd6e128b5e1504c7e3d8cf45b8cca7055f692c4f05,0.18544638686621892,0.09238888642221821,0.609375,1,True,214
SB4848,Sickle cell anaemia,"erythrocyte production, integrity, and oxygen-transport structure",reduced erythrocyte/hemoglobin oxygen-transport capacity relative to systemic demand,remaining_5256,249881077b7f719f4548d735e65e9e5314d24086a7b4021141f168b0b70f5306,15,11,1,0,10,1,0.13559390969927643,0.15220340543704924,0.016609495737772817,0.016609495737772817,AWAY_FROM_REFERENCE,0.0,INFORMATIONAL,0,174,,,fd8208eb9567a3310605b10f487c13f96fb2b4dcde8b7a85759cc8236327ccb5,0.18544638686621892,0.09238888642221821,0.609375,1,True,215
SB4849,Sickle cell anaemia with crisis,"erythrocyte production, integrity, and oxygen-transport structure",reduced erythrocyte/hemoglobin oxygen-transport capacity relative to systemic demand,remaining_5256,249881077b7f719f4548d735e65e9e5314d24086a7b4021141f168b0b70f5306,15,11,1,0,10,1,0.13559390969927643,0.15220340543704924,0.016609495737772817,0.016609495737772817,AWAY_FROM_REFERENCE,0.0,INFORMATIONAL,0,174,,,aef496eb8466c9bbdf839ca31a4906601692b1cc43bc8fa5944392a5e905dca0,0.18544638686621892,0.09238888642221821,0.609375,1,True,216
SB4851,Sideroblastic anaemia,"erythrocyte production, integrity, and oxygen-transport structure",reduced erythrocyte/hemoglobin oxygen-transport capacity relative to systemic demand,remaining_5256,249881077b7f719f4548d735e65e9e5314d24086a7b4021141f168b0b70f5306,15,11,1,0,10,1,0.13559390969927643,0.15220340543704924,0.016609495737772817,0.016609495737772817,AWAY_FROM_REFERENCE,0.0,INFORMATIONAL,0,174,,,01b6d191bce153dd2c946414977dbfaf20f51e81871c486c04403e6ca8d26bb9,0.18544638686621892,0.09238888642221821,0.609375,1,True,217
SB5670,Warm type haemolytic anaemia,"erythrocyte production, integrity, and oxygen-transport structure",reduced erythrocyte/hemoglobin oxygen-transport capacity relative to systemic demand,remaining_5256,249881077b7f719f4548d735e65e9e5314d24086a7b4021141f168b0b70f5306,15,11,1,0,10,1,0.13559390969927643,0.15220340543704924,0.016609495737772817,0.016609495737772817,AWAY_FROM_REFERENCE,0.0,INFORMATIONAL,0,174,,,191fc2405437d3b65270c8dddd63810304c24395f80fbba9102429dc66dff0aa,0.18544638686621892,0.09238888642221821,0.609375,1,True,218
SB0464,Arthritis bacterial,synovial-joint pathogen-defense and structure,pathogen-associated occupation/invasion with host-defense activation and local structural disruption,established_478,7a09c3cb13b66d941be6f72fd8b214e86e9d0d6eb7c14d307e432513a214ea26,2556,909,58,66,917,124,0.20006618032272072,0.2073105936052364,0.007244413282515683,0.007244413282515683,AWAY_FROM_REFERENCE,0.025821596244131457,MINOR,1,230,,,68f4df3edb6106ae07fe555db0c002699349213529368aaa0f06b0afe52b0fc2,0.18537309281118938,0.08886962537949927,0.625,-8,True,219
SB0465,Arthritis infective,synovial-joint pathogen-defense and structure,pathogen-associated occupation/invasion with host-defense activation and local structural disruption,established_478,7a09c3cb13b66d941be6f72fd8b214e86e9d0d6eb7c14d307e432513a214ea26,2556,909,58,66,917,124,0.20006618032272072,0.2073105936052364,0.007244413282515683,0.007244413282515683,AWAY_FROM_REFERENCE,0.025821596244131457,MINOR,1,230,,,d8f054dda438825b82e8ce64ce41c3103d706ca64829a68cc9a27415d22a4849,0.18537309281118938,0.08886962537949927,0.625,-8,True,220
SB0118,Acute diarrhea,intestinal epithelial fluid-transport and enteric-motility structure,excess or abnormal fluid/material outflow from the named structure,established_478,ab2baa9196e18c4cc53016c4426a935dcbad74b98e1cdc37872621baa5ef5c35,120,50,3,5,52,8,0.13860366559093262,0.1609541409106613,0.02235047531972867,0.02235047531972867,AWAY_FROM_REFERENCE,0.041666666666666664,MINOR,1,194,230,230,d1c97efe7869581b75c0962cdefc0ba4885fbd6e7d7ac61a1086f319730317a8,0.18527658968646127,0.10418638986153816,0.5546875,-2,True,221
SB1929,Expressive language disorder,dominant-hemisphere language-processing and speech-planning network,departure from the reference structural configuration or regulated functional range,remaining_5256,b111aac0ad4ad79e76d5d9e93b63c5694123c35b29424e21ec6dc96fa0cb05b0,231,106,3,7,110,10,0.1795845592145957,0.1969814862188397,0.017396927004244,0.017396927004244,AWAY_FROM_REFERENCE,0.030303030303030304,MINOR,1,230,,,5aa5db251f89330d0c821247dbd48e94f1c2ace605002b2cd0a2747d83fe35a2,0.18521385866272216,0.08867543739356365,0.625,-4,True,222
SB4968,Speech disorder,dominant-hemisphere language-processing and speech-planning network,departure from the reference structural configuration or regulated functional range,remaining_5256,b111aac0ad4ad79e76d5d9e93b63c5694123c35b29424e21ec6dc96fa0cb05b0,231,106,3,7,110,10,0.1795845592145957,0.1969814862188397,0.017396927004244,0.017396927004244,AWAY_FROM_REFERENCE,0.030303030303030304,MINOR,1,230,,,8c217029c7ca1147cee543fb41da1b433b562bf780a026ef252fe2ac20beb2ba,0.18521385866272216,0.08867543739356365,0.625,-4,True,223
SB4337,Proarrhythmic effect,cardiac conduction and myocardial rhythm structure,"altered configuration or regulated output of the named structure, expressed as the state described by proarrhythmic effect",remaining_5256,8d549dbfa46104f82c0ab306c3b6b9ec4f3d8a24d2504ceedfd83fff9fd2dc7b,21,6,1,0,5,1,0.14930626610504183,0.1628464363440486,0.013540170239006777,0.013540170239006777,AWAY_FROM_REFERENCE,0.0,INFORMATIONAL,0,231,,,7ce9d641862749c1f8b2b180eafcd748c54a9df476df547a1d59fa64c806931c,0.18507896318011896,0.09537068680502314,0.59375,1,True,224
SB1394,Cyanopsia,retinal-cone and visual color-processing structure,"altered configuration or regulated output of the named structure, expressed as the state described by cyanopsia",remaining_5256,38559ccc812a0bf3466bdc27e71988beaba6dd478b9f7598c3ecccfdb901af66,78,38,0,6,44,6,0.16098696531498746,0.17495141624554578,0.013964450930558314,0.013964450930558314,AWAY_FROM_REFERENCE,0.07692307692307693,MINOR,1,223,,,ae4daf3f98c8aef21bf3d2e21804442062b4a0330d3eea8bf62838bda889e451,0.18507048191983771,0.09879022185346065,0.578125,-6,True,225
SB2627,Hypertensive nephropathy,renal glomerular-tubular filtration and fluid-balance structure,"excess magnitude, activity, quantity, or tissue state above the reference configuration",remaining_5256,c176af65952e9e27b047d6937298556e8e9142812a9c5160fbae558ed9b171d5,91,40,4,2,38,6,0.16046178949089118,0.17359076943671337,0.013128979945822183,0.013128979945822183,AWAY_FROM_REFERENCE,0.02197802197802198,MINOR,1,231,,,aa569f51aa1f9b196dfc7e0ff6a25f22767b3e8504719738ea908a435bb0cf73,0.18506098021266149,0.08505912221056278,0.640625,2,True,226
SB4452,Pulmonary veno-occlusive disease,"pulmonary airway-alveolar, pleural, and gas-exchange structure","altered configuration or regulated output of the named structure, expressed as the state described by pulmonary veno-occlusive disease",remaining_5256,356d9ba74cb3b7c33625193075758859bf4dfa8f25492f7be42e8aeee47de9fc,36,16,1,0,15,1,0.18102827140375988,0.1897748591000088,0.00874658769624892,0.00874658769624892,AWAY_FROM_REFERENCE,0.0,INFORMATIONAL,0,231,,,15cedf48cee89bf08afcb862cb62885a21fe658856cb735d04072c955cbed10c,0.1850312829155275,0.08502290599454576,0.640625,1,True,227
SB4576,Renal abscess,renal glomerular-tubular filtration and fluid-balance structure,localized inflammatory cavity with tissue breakdown and accumulated cellular/fluid contents,remaining_5256,eef3c263ddf3008c8d7a5a26b3d8cf4bb9229d89db2d2134e9908bf8a794c32e,91,33,6,1,28,7,0.1468805379254834,0.16214049133693942,0.015259953411456029,0.015259953411456029,AWAY_FROM_REFERENCE,0.01098901098901099,MINOR,1,231,,,e0c2ea4f0f3c440fc1761832798c51c6583b52ba31967673f070a16cb1d51d4e,0.1848999465938816,0.09343743487058731,0.6015625,5,True,228
SB1856,Epigastric fullness,"gastric mucosal barrier, secretory state, motility, and emptying structure","altered configuration or regulated output of the named structure, expressed as the state described by epigastric fullness",remaining_5256,9e3d088d0237ea0a05e7706747990b400d1b743c6e6f5dcddcc3c5402f1e0977,1653,616,25,18,609,43,0.15085060322344845,0.16679162725284125,0.015941024029392792,0.015941024029392792,AWAY_FROM_REFERENCE,0.010889292196007259,MINOR,1,98,,,7622a6efb7465b5ee7c3f5a6a9268b66acabb5c1494e68f6aafffd4439591773,0.18483269590711643,0.09164048281355663,0.609375,7,True,229
SB1408,Cytogenetic abnormality,"genomic sequence, chromosomal organization, and developmental-expression structure",measured state within the declared reference range rather than a malformation,remaining_5256,61da5c18a2f15f14b777bbfb8a798719d1469285bcc6f6b674724641b5a86e0d,15,8,1,1,8,2,0.16782062643697504,0.18404359456882902,0.016222968131853976,0.016222968131853976,AWAY_FROM_REFERENCE,0.06666666666666667,MINOR,1,222,,,8f20135444a407c754ee211fba05940d10ae1c15c7ddbe4f048dcf545adc5109,0.1847340145368347,0.09495001772784717,0.59375,0,True,230
SB5126,Syncope vasovagal,sympathetic-parasympathetic autonomic-control network,transient loss of postural/awareness continuity from insufficient integrated cerebral perfusion or output,remaining_5256,f9c27594f75d7d98baf2298d9294f62998c9fded6d1b4e046609977714bedb12,78,35,1,2,36,3,0.1727700482826009,0.18619983541533913,0.013429787132738236,0.013429787132738236,AWAY_FROM_REFERENCE,0.02564102564102564,MINOR,1,223,,,ff2a7560ead84253166c1bb21e5baae6159bb1d4dce17023e546f2d0d5d3ed43,0.18449931653581236,0.089518983580259,0.6171875,-1,True,231
SB1745,Electrocardiogram QRS complex,cardiac conduction and myocardial rhythm structure,"altered configuration or regulated output of the named structure, expressed as the state described by electrocardiogram qrs complex",remaining_5256,c0c1f09aa3311e2017c589a9b03ca52513f24b3b73c0736419563d4d6daaecbd,21,6,1,0,5,1,0.1384773224115069,0.15136966507070726,0.012892342659200362,0.012892342659200362,AWAY_FROM_REFERENCE,0.0,INFORMATIONAL,0,231,,,5b3fe599c51bd88aca32fa12d1b8a626250a8344cc2c978386f50c8b48406d24,0.18405473040485976,0.0975515004937314,0.578125,1,True,232
SB5114,Sweating increased,eccrine-apocrine sweat-gland secretory structure,measured or functional quantity shifted above its reference structural range,remaining_5256,f02eb7ede347b70387653f782025678c7030a88a6afdbd0da054d8f7468d388b,105,56,5,1,52,6,0.23604542370338388,0.24890632382959854,0.012860900126214658,0.012860900126214658,AWAY_FROM_REFERENCE,0.009523809523809525,MINOR,1,174,,,0a391d827a9acb1a945f9c9ff5b1e6b37800c8735dcdcef6aafdbb05e19be08b,0.18399025599691715,0.09918781219136241,0.5703125,4,True,233
SB0538,Autonomic dysfunction,sympathetic-parasympathetic autonomic-control network,reduced or unstable functional output insufficient to maintain the reference structural state,remaining_5256,440d9573c641ec017e4ad8197d6bebdf13ffb424d0eecce5d70f521182184d52,78,42,1,0,41,1,0.1944947993344639,0.20807853297726564,0.013583733642801743,0.013583733642801743,AWAY_FROM_REFERENCE,0.0,INFORMATIONAL,0,223,,,db1c012af81578c5781c48120677a9408f1aa7271d277de8f6fee8b07164bde8,0.1839554024936301,0.08542579572393916,0.6328125,1,True,234
SB0919,Calculus of kidney,renal glomerular-tubular filtration and fluid-balance structure,solid or semisolid material aggregation within a lumen/cavity with potential flow obstruction,remaining_5256,c8456e5780b9a524fee782e0dc6056c159ebcc353ab3fc7a46a1f6cb9bb08ee0,91,27,5,1,23,6,0.15539211942911968,0.16911785236108523,0.01372573293196555,0.01372573293196555,AWAY_FROM_REFERENCE,0.01098901098901099,MINOR,1,231,,,a3504e75fa7ea9474d816c48bd42aab1c59faba79b6af4698fde6f57fb142119,0.1838518630939211,0.08358458913892819,0.640625,4,True,235
SB3192,Lung disorder,"pulmonary airway-alveolar, pleural, and gas-exchange structure",departure from the reference structural configuration or regulated functional range,remaining_5256,b2ed9a47e886108863bbab1c6b7d1b9aea56057de8fb2c8b15ccc95e37668d5e,36,16,1,0,15,1,0.20695111571474056,0.21669890591522223,0.009747790200481665,0.009747790200481665,AWAY_FROM_REFERENCE,0.0,INFORMATIONAL,0,231,,,bbf55c312ca5557e01445fec2430920fc00cb4f91f6868f06d7f2c915d070282,0.18371896746635663,0.08856733837360564,0.6171875,1,True,236
SB3725,Oculo-respiratory syndrome,"pulmonary airway-alveolar, pleural, and gas-exchange structure",departure from the reference structural configuration or regulated functional range,remaining_5256,b2ed9a47e886108863bbab1c6b7d1b9aea56057de8fb2c8b15ccc95e37668d5e,36,16,1,0,15,1,0.20695111571474056,0.21669890591522223,0.009747790200481665,0.009747790200481665,AWAY_FROM_REFERENCE,0.0,INFORMATIONAL,0,231,,,6a949785c0a9e5d8fa39c66991e348056cd8daf19b8b736fc7404b0ee4dfec6a,0.18371896746635663,0.08856733837360564,0.6171875,1,True,237
SB4435,Pulmonary function test abnormal,"pulmonary airway-alveolar, pleural, and gas-exchange structure",departure from the reference structural configuration or regulated functional range,remaining_5256,b2ed9a47e886108863bbab1c6b7d1b9aea56057de8fb2c8b15ccc95e37668d5e,36,16,1,0,15,1,0.20695111571474056,0.21669890591522223,0.009747790200481665,0.009747790200481665,AWAY_FROM_REFERENCE,0.0,INFORMATIONAL,0,231,,,8b78e11d953488cabe99501499d93d4882973b0e70b457a3524f9e7f82070ed1,0.18371896746635663,0.08856733837360564,0.6171875,1,True,238
SB4449,Pulmonary toxicity,"pulmonary airway-alveolar, pleural, and gas-exchange structure",departure from the reference structural configuration or regulated functional range,remaining_5256,b2ed9a47e886108863bbab1c6b7d1b9aea56057de8fb2c8b15ccc95e37668d5e,36,16,1,0,15,1,0.20695111571474056,0.21669890591522223,0.009747790200481665,0.009747790200481665,AWAY_FROM_REFERENCE,0.0,INFORMATIONAL,0,231,,,09f010d27fb7f8c6110724a88b430d5f2953124fec8ebfb525b424b6fd492f10,0.18371896746635663,0.08856733837360564,0.6171875,1,True,239
SB4614,Respiration abnormal,"pulmonary airway-alveolar, pleural, and gas-exchange structure",departure from the reference structural configuration or regulated functional range,remaining_5256,b2ed9a47e886108863bbab1c6b7d1b9aea56057de8fb2c8b15ccc95e37668d5e,36,16,1,0,15,1,0.20695111571474056,0.21669890591522223,0.009747790200481665,0.009747790200481665,AWAY_FROM_REFERENCE,0.0,INFORMATIONAL,0,231,,,8fe53f89aa7b60d00c7cb6152eabf04030b3d661fe6bfd1e6ab913e40a58e466,0.18371896746635663,0.08856733837360564,0.6171875,1,True,240
SB4620,Respiratory disorder,"pulmonary airway-alveolar, pleural, and gas-exchange structure",departure from the reference structural configuration or regulated functional range,remaining_5256,b2ed9a47e886108863bbab1c6b7d1b9aea56057de8fb2c8b15ccc95e37668d5e,36,16,1,0,15,1,0.20695111571474056,0.21669890591522223,0.009747790200481665,0.009747790200481665,AWAY_FROM_REFERENCE,0.0,INFORMATIONAL,0,231,,,9e8bedeaa31dbbf6f35a02e43ca6ea01ea4636080cc44bb2697f0f6e699b7a6a,0.18371896746635663,0.08856733837360564,0.6171875,1,True,241
SB4621,Respiratory disorder neonatal,"pulmonary airway-alveolar, pleural, and gas-exchange structure",departure from the reference structural configuration or regulated functional range,remaining_5256,b2ed9a47e886108863bbab1c6b7d1b9aea56057de8fb2c8b15ccc95e37668d5e,36,16,1,0,15,1,0.20695111571474056,0.21669890591522223,0.009747790200481665,0.009747790200481665,AWAY_FROM_REFERENCE,0.0,INFORMATIONAL,0,231,,,f2a19caffb52b0e85347703c77b3834324f57df38ffed91d9f2ca5003ee5d0df,0.18371896746635663,0.08856733837360564,0.6171875,1,True,242
SB4829,Severe acute respiratory syndrome,"pulmonary airway-alveolar, pleural, and gas-exchange structure",departure from the reference structural configuration or regulated functional range,remaining_5256,b2ed9a47e886108863bbab1c6b7d1b9aea56057de8fb2c8b15ccc95e37668d5e,36,16,1,0,15,1,0.20695111571474056,0.21669890591522223,0.009747790200481665,0.009747790200481665,AWAY_FROM_REFERENCE,0.0,INFORMATIONAL,0,231,,,ae6365385c206078cfa9a314e07a93e34ce3c74d864caa410b7e04e92babbcc1,0.18371896746635663,0.08856733837360564,0.6171875,1,True,243
SB1849,Epididymal tenderness,"male gonadal, ductal, accessory-gland, and reproductive-output structure",increased nociceptive signaling associated with local tissue or neural perturbation,remaining_5256,57919c41e35646f45f393dea0c0e412896b03871db03e588a7531cf8187f9dc1,190,104,2,0,102,2,0.15875162273605792,0.17151338991236098,0.012761767176303063,0.012761767176303063,AWAY_FROM_REFERENCE,0.0,INFORMATIONAL,0,223,,,53c87d53402e676f56be88efbbbd3483d5ec8caf7bb8c20f963614d275c5bb7b,0.18359339181804654,0.09527395343664213,0.5859375,2,True,244
SB4038,Penile pain,"male gonadal, ductal, accessory-gland, and reproductive-output structure",increased nociceptive signaling associated with local tissue or neural perturbation,remaining_5256,57919c41e35646f45f393dea0c0e412896b03871db03e588a7531cf8187f9dc1,190,104,2,0,102,2,0.15875162273605792,0.17151338991236098,0.012761767176303063,0.012761767176303063,AWAY_FROM_REFERENCE,0.0,INFORMATIONAL,0,223,,,3a783a8ededfe733a426e11c648195bb9ce015d90563d3ff10a5ab87355349ca,0.18359339181804654,0.09527395343664213,0.5859375,2,True,245
SB4756,Scrotal pain,"male gonadal, ductal, accessory-gland, and reproductive-output structure",increased nociceptive signaling associated with local tissue or neural perturbation,remaining_5256,57919c41e35646f45f393dea0c0e412896b03871db03e588a7531cf8187f9dc1,190,104,2,0,102,2,0.15875162273605792,0.17151338991236098,0.012761767176303063,0.012761767176303063,AWAY_FROM_REFERENCE,0.0,INFORMATIONAL,0,223,,,659b897bba8dd8919520c594b7303eeb74d3a2f82c73f452db5b2f4437489d62,0.18359339181804654,0.09527395343664213,0.5859375,2,True,246
SB5189,Testicular pain,"male gonadal, ductal, accessory-gland, and reproductive-output structure",increased nociceptive signaling associated with local tissue or neural perturbation,remaining_5256,57919c41e35646f45f393dea0c0e412896b03871db03e588a7531cf8187f9dc1,190,104,2,0,102,2,0.15875162273605792,0.17151338991236098,0.012761767176303063,0.012761767176303063,AWAY_FROM_REFERENCE,0.0,INFORMATIONAL,0,223,,,997cf4521443a22b0a6f8994ccd83b622d7c9d727da8afd962df95fc84052d9a,0.18359339181804654,0.09527395343664213,0.5859375,2,True,247
SB0373,Aortic valve sclerosis,aortic-valve leaflet structural structure,excess matrix deposition/remodeling with increased tissue stiffness and reduced normal architecture,established_478,1057c83119c0dbc1f0203972659fbd7ec7089752f4fdfe6124b2abd6c6a12e1b,28,11,0,1,12,1,0.1922962083746731,0.2114848178103791,0.019188609435705994,0.019188609435705994,AWAY_FROM_REFERENCE,0.03571428571428571,MINOR,1,231,,,03ac7af0b45f7b91382d928c4ed30d4d92ae18f07a480aed1e93c9331a95ab6d,0.18357579879822034,0.09868237658319556,0.5703125,-1,True,248
SB4934,Slurred speech,dominant-hemisphere language-processing and speech-planning network,"altered configuration or regulated output of the named structure, expressed as the state described by slurred speech",remaining_5256,b4ab212a756039d74a9f27de08d846915aa48407434f791306321d05ebcc251a,231,88,1,6,93,7,0.15339235712854338,0.17007767512633065,0.016685317997787275,0.016685317997787275,AWAY_FROM_REFERENCE,0.025974025974025976,MINOR,1,230,,,1e6c8802bb57c7ce378b05f0c9a2a3f7263328d95a836985be2f80a69a444e0d,0.1834104811597349,0.09848076970699382,0.5703125,-5,True,249
SB1099,Chloropsia,retinal-cone and visual color-processing structure,"altered configuration or regulated output of the named structure, expressed as the state described by chloropsia",remaining_5256,84b1068aeb1eefaa46a0217d80d330430152390e361100243d9857e9dbb12cd0,78,36,0,5,41,5,0.15969664279201257,0.173823555181432,0.014126912389419433,0.014126912389419433,AWAY_FROM_REFERENCE,0.0641025641025641,MINOR,1,223,,,34a1e6b797db15d6fbf61aabe95dc207cb5f0bcb9c8d585ba47d4a78bce83c7f,0.18340919736836503,0.09847920410776223,0.5703125,-5,True,250
SB1702,Ear feels clogged,cochlear-mechanical and auditory-neural transduction structure,"altered configuration or regulated output of the named structure, expressed as the state described by ear feels clogged",remaining_5256,8b8b7371170a9e4b2c5c42675f0f54fd8075e39b00fff2fe855668b836c4a9db,276,78,4,2,76,6,0.14523810278802107,0.16058406878707776,0.015345965999056688,0.015345965999056688,AWAY_FROM_REFERENCE,0.007246376811594203,MINOR,1,230,,,ab0d70e4648939cdd5fa5747b90c1384fef708143d2a30e02ca0d523e551fb61,0.1833730322583605,0.09157534421751279,0.6015625,2,True,251
SB2399,"Hallucination, auditory",cochlear-mechanical and auditory-neural transduction structure,"altered configuration or regulated output of the named structure, expressed as the state described by hallucination, auditory",remaining_5256,1cdbf3919d0e4261213f0ae42d58521a05eeafd80cfd99b99f9c6ac36e590c24,276,70,2,3,71,5,0.14670367376317195,0.16286081274849462,0.016157138985322672,0.016157138985322672,AWAY_FROM_REFERENCE,0.010869565217391304,MINOR,1,230,,,79aed1e29a0258c6f68facee43bd3ac4f3a3659b1626c1279777ba6ab1687e39,0.1833135516359701,0.09493268492191476,0.5859375,-1,True,252
SB0285,Analgesic effect,nociceptive sensory-signaling structure,reduction of nociceptive signal transmission and pain-output state relative to baseline,established_478,f5bee5f1edcc6ac19b3404056fe206c047476ee9cfa273feccf2879a63809f79,190,96,6,1,91,7,0.17609810916056534,0.18424161226497304,0.008143503104407701,0.008143503104407701,AWAY_FROM_REFERENCE,0.005263157894736842,MINOR,1,231,,,92ef8102ed1ed7f223e19d6f0536232895566c8a575a8ff10983e9c70bdb6615,0.18330997975533264,0.09492832896991787,0.5859375,5,True,253
SB1744,Electrocardiogram PR shortened,"cardiac conduction, depolarization, repolarization, and rhythm structure",event duration or measured interval reduced below the reference timing range,remaining_5256,b5fb1f4a7125f5f90e1353239b3beb09fd1836b0a07a9436b15f9c6320505fe6,703,217,28,30,219,58,0.10656308499935008,0.11856484478412999,0.012001759784779908,0.012001759784779908,AWAY_FROM_REFERENCE,0.04267425320056899,MINOR,1,230,,,1d3b69797d82974334b1ccfed12b67361dab7e8fbf3714c10e592d5909d732d7,0.18322878049722488,0.08968448841124987,0.609375,-2,True,254
SB3500,Myocardial necrosis,myocardial cellular viability and tissue-integrity structure,loss of cellular viability with local tissue structural breakdown,remaining_5256,7de674cc7ac30e70b55436302756022d5116e07af499719b3b62d5451b93d150,21,9,0,1,10,1,0.16960309619399327,0.17792204722037175,0.008318951026378474,0.008318951026378474,AWAY_FROM_REFERENCE,0.047619047619047616,MINOR,1,231,,,d47681a51b7cc9fb670dc7b7702c36249df890d00c7282eb831cc65de41d30c4,0.18316142770408803,0.09817704598059518,0.5703125,-1,True,255
SB0256,Aminoaciduria,renal proximal-tubule amino-acid reabsorption structure,abnormal urinary loss/presence of amino acids from altered filtration or tubular reabsorption,established_478,89fc9e48b61028a7f0738c5620ea22c3d60a2c8795e1cb2b12385ce51a352eda,528,208,7,26,227,33,0.14771777747748593,0.16655336400478737,0.01883558652730144,0.01883558652730144,AWAY_FROM_REFERENCE,0.04924242424242424,MINOR,1,223,,,38312c1facfa30a0e8a2a1c784cdf82db0151d30c847ec5da5167960b0bc12bf,0.18313519219226626,0.08785541730764179,0.6171875,-19,True,256
SB4969,Speech impairment NOS,dominant-hemisphere language-processing and speech-planning network,"altered configuration or regulated output of the named structure, expressed as the state described by speech impairment",remaining_5256,1be45946065d54c9b9d1ebca0d5586677e86df56434cdca25b1453d8bb95c8d8,231,88,1,9,96,10,0.15523938699575002,0.17173067112594875,0.016491284130198736,0.016491284130198736,AWAY_FROM_REFERENCE,0.03896103896103896,MINOR,1,230,,,5ebbd32760172afbb8d58c462c5be0d7d7bc8b280153d6764a0cdbee5b8cd7f3,0.18309486162382183,0.09981080685831933,0.5625,-8,True,257
SB0544,Azoospermia,"male gonadal, ductal, accessory-gland, and reproductive-output structure",absence of spermatozoa in reproductive output,remaining_5256,4606646d9816193d9fe1a430088f49ae4045c331b56da5e5f35d266a85bb9704,190,77,4,4,77,8,0.1373321710486174,0.1496532878859249,0.012321116837307522,0.012321116837307522,AWAY_FROM_REFERENCE,0.021052631578947368,MINOR,1,223,,,28a27a1022ce80afbdec56fb7f91e57db7631cbe9fa0fd7424b2d49a3caf7d9e,0.18306579391875788,0.0946305413643389,0.5859375,0,True,258
SB4455,Pulse irregular,cardiac conduction and myocardial rhythm structure,"altered configuration or regulated output of the named structure, expressed as the state described by pulse irregular",remaining_5256,0c4f71ba01500cd833ff688dbfa3ad40600ece2645f10e95119d0d4d8f61e1ef,21,6,1,0,5,1,0.144519851728509,0.15749863724078583,0.012978785512276825,0.012978785512276825,AWAY_FROM_REFERENCE,0.0,INFORMATIONAL,0,231,,,92e071c05729210d9def6b4ddf2c6fab15467f02ec5c01a5115cfc4d97e8a75b,0.1830627438382908,0.09462682175401316,0.5859375,1,True,259
SB0823,Breast cyst,"mammary gland ductal-lobular, secretory, and surface structure",abnormal enclosed fluid or semisolid cavity within the named tissue,remaining_5256,30e5a51453313f48149bfd03a4a31711faeab9c8dfc8f8fa05441216f020436c,231,106,6,9,109,15,0.17598398400165172,0.19214351226068516,0.01615952825903344,0.01615952825903344,AWAY_FROM_REFERENCE,0.03896103896103896,MINOR,1,223,,,7afa871f21ff4b1747133414bce4b2baf75fe37157d1565d1a143650c5548623,0.18303944222362,0.10145816124831708,0.5546875,-3,True,260
SB0690,Blood creatinine increased,renal glomerular-tubular filtration and fluid-balance structure,measured or functional quantity shifted above its reference structural range,remaining_5256,c6d886192100e101bccce0748b515da707d43c53ee08b367cfe8f588cca27019,91,28,5,1,24,6,0.16635711044501267,0.17941592789730887,0.0130588174522962,0.0130588174522962,AWAY_FROM_REFERENCE,0.01098901098901099,MINOR,1,231,,,6cc796540f57d9ad33ad5648f50abda63e14b8d0445bcb46be95bc35745f4fa6,0.18292685477870646,0.09446110338866642,0.5859375,4,True,261
SB0756,Blood urea increased,renal glomerular-tubular filtration and fluid-balance structure,measured or functional quantity shifted above its reference structural range,remaining_5256,c6d886192100e101bccce0748b515da707d43c53ee08b367cfe8f588cca27019,91,28,5,1,24,6,0.16635711044501267,0.17941592789730887,0.0130588174522962,0.0130588174522962,AWAY_FROM_REFERENCE,0.01098901098901099,MINOR,1,231,,,e0b7268d80deeaa0fe798a47bc22d608a27a2ec88ff208408f058b366dba14d5,0.18292685477870646,0.09446110338866642,0.5859375,4,True,262
SB1366,Creatinine increased,renal glomerular-tubular filtration and fluid-balance structure,measured or functional quantity shifted above its reference structural range,remaining_5256,c6d886192100e101bccce0748b515da707d43c53ee08b367cfe8f588cca27019,91,28,5,1,24,6,0.16635711044501267,0.17941592789730887,0.0130588174522962,0.0130588174522962,AWAY_FROM_REFERENCE,0.01098901098901099,MINOR,1,231,,,9b7f6944c45b0c91234274d0b63261a05dce580ab37072a1a2717aa46d347403,0.18292685477870646,0.09446110338866642,0.5859375,4,True,263
SB4174,Plasma creatinine increased,renal glomerular-tubular filtration and fluid-balance structure,measured or functional quantity shifted above its reference structural range,remaining_5256,c6d886192100e101bccce0748b515da707d43c53ee08b367cfe8f588cca27019,91,28,5,1,24,6,0.16635711044501267,0.17941592789730887,0.0130588174522962,0.0130588174522962,AWAY_FROM_REFERENCE,0.01098901098901099,MINOR,1,231,,,45c6b024be646222f41e8961cc674f42e56c51a6043a0f883ec649e152abd6d6,0.18292685477870646,0.09446110338866642,0.5859375,4,True,264
SB4810,Serum creatinine increased,renal glomerular-tubular filtration and fluid-balance structure,measured or functional quantity shifted above its reference structural range,remaining_5256,c6d886192100e101bccce0748b515da707d43c53ee08b367cfe8f588cca27019,91,28,5,1,24,6,0.16635711044501267,0.17941592789730887,0.0130588174522962,0.0130588174522962,AWAY_FROM_REFERENCE,0.01098901098901099,MINOR,1,231,,,bac7ca4eba6b60272153f723b315f1918a0a1df0382ca5e4952d2a4a93e13b0b,0.18292685477870646,0.09446110338866642,0.5859375,4,True,265
SB4828,Serum urea increased,renal glomerular-tubular filtration and fluid-balance structure,measured or functional quantity shifted above its reference structural range,remaining_5256,c6d886192100e101bccce0748b515da707d43c53ee08b367cfe8f588cca27019,91,28,5,1,24,6,0.16635711044501267,0.17941592789730887,0.0130588174522962,0.0130588174522962,AWAY_FROM_REFERENCE,0.01098901098901099,MINOR,1,231,,,96d43b5eaba5b80beb438b5bd295354052be9f0f9ce4887e006b516b45c4f583,0.18292685477870646,0.09446110338866642,0.5859375,4,True,266
SB5410,Urea increased,renal glomerular-tubular filtration and fluid-balance structure,measured or functional quantity shifted above its reference structural range,remaining_5256,c6d886192100e101bccce0748b515da707d43c53ee08b367cfe8f588cca27019,91,28,5,1,24,6,0.16635711044501267,0.17941592789730887,0.0130588174522962,0.0130588174522962,AWAY_FROM_REFERENCE,0.01098901098901099,MINOR,1,231,,,cfc04fa9949927bb3158f5a71c0fdbee3f8a158e155fb410f92281eb89276679,0.18292685477870646,0.09446110338866642,0.5859375,4,True,267
SB2456,Heparin-induced thrombocytopenia,"platelet production, activation, adhesion, and aggregation structure",quantity of the named cell/tissue component reduced below the reference range,remaining_5256,14d73f92ea76dce3df127b80f7e00f4eacc0ff9c17f8a991a06542bf05cdba96,15,6,0,1,7,1,0.1616337208639358,0.17704561477462588,0.015411893910690089,0.015411893910690089,AWAY_FROM_REFERENCE,0.06666666666666667,MINOR,1,230,,,943925d82f6d0d1992aeb8622a9c07e7b544fbc20631ea73acbc3ecb45990fa8,0.18263341290991067,0.08381361330476911,0.6328125,-1,True,268
SB2726,Idiopathic thrombocytopenia,"platelet production, activation, adhesion, and aggregation structure",quantity of the named cell/tissue component reduced below the reference range,remaining_5256,14d73f92ea76dce3df127b80f7e00f4eacc0ff9c17f8a991a06542bf05cdba96,15,6,0,1,7,1,0.1616337208639358,0.17704561477462588,0.015411893910690089,0.015411893910690089,AWAY_FROM_REFERENCE,0.06666666666666667,MINOR,1,230,,,4cabd5710968bea6eea59a949dd8419a8bf061b84e4a2473d63324d75cbb2ef8,0.18263341290991067,0.08381361330476911,0.6328125,-1,True,269
SB5209,Thrombocytopenia,"platelet production, activation, adhesion, and aggregation structure",quantity of the named cell/tissue component reduced below the reference range,remaining_5256,14d73f92ea76dce3df127b80f7e00f4eacc0ff9c17f8a991a06542bf05cdba96,15,6,0,1,7,1,0.1616337208639358,0.17704561477462588,0.015411893910690089,0.015411893910690089,AWAY_FROM_REFERENCE,0.06666666666666667,MINOR,1,230,,,002918d34f704da7da467a0f57cf8f6f1e5cdace0d81d905288bc180e3a0c37b,0.18263341290991067,0.08381361330476911,0.6328125,-1,True,270
SB5210,Thrombocytopenia aggravated,"platelet production, activation, adhesion, and aggregation structure",quantity of the named cell/tissue component reduced below the reference range,remaining_5256,14d73f92ea76dce3df127b80f7e00f4eacc0ff9c17f8a991a06542bf05cdba96,15,6,0,1,7,1,0.1616337208639358,0.17704561477462588,0.015411893910690089,0.015411893910690089,AWAY_FROM_REFERENCE,0.06666666666666667,MINOR,1,230,,,4620b5b6f653678a325ae9c43e1079bea6ae71feae0c0698d3ea6510f74b3285,0.18263341290991067,0.08381361330476911,0.6328125,-1,True,271
SB5058,Stuttering,dominant-hemisphere language-processing and speech-planning network,"altered configuration or regulated output of the named structure, expressed as the state described by stuttering",remaining_5256,a7dedde5a36ea592dc01f66191e2fa5106aeabb3024372934931dbbb19b9fbb2,231,92,2,8,98,10,0.16147381518143966,0.17837915596327658,0.01690534078183692,0.01690534078183692,AWAY_FROM_REFERENCE,0.03463203463203463,MINOR,1,230,,,13c8c0e55924125e4d4c05e3c3de8913f3341d40ec643c8009cca3d82abd2452,0.18259472933647825,0.09748595041033936,0.5703125,-6,True,272
SB5421,Urethral stenosis,"urethral lumen, mucosal, sphincter, and urine-flow structure",pathologic lumen narrowing with increased resistance to transit or flow,remaining_5256,771e0f09f3e0879a95414afa6e2968f1c8a7f5cb6c3b82236749ffa8473ac8d8,465,155,9,14,160,23,0.18763055712185617,0.20153203915254736,0.013901482030691192,0.013901482030691192,AWAY_FROM_REFERENCE,0.030107526881720432,MINOR,1,231,,,e7fe1fedd69169d3bcf8593f6693abb7c04180159764efb4386e3337e23fda17,0.18253420906380863,0.09569720617537636,0.578125,-5,True,273
SB1764,Electrocardiogram U-wave abnormality,"cardiac conduction, depolarization, repolarization, and rhythm structure",measured state within the declared reference range rather than a malformation,remaining_5256,d00ed66281cd2b44d3aca05f6fd80ae6cdb9e5227393a0e30cb553820c8ccdb4,703,242,20,25,247,45,0.12329755021606081,0.13383505392682582,0.010537503710765006,0.010537503710765006,AWAY_FROM_REFERENCE,0.03556187766714083,MINOR,1,230,,,3d263f307c1d5bd85a9df43cbf0c2d88ca267e9ceb412c62b5ee9b43ae04e274,0.1823600184062288,0.08691008342223028,0.6171875,-5,True,274
SB1769,Electrocardiogram repolarisation abnormality,"cardiac conduction, depolarization, repolarization, and rhythm structure",measured state within the declared reference range rather than a malformation,remaining_5256,d00ed66281cd2b44d3aca05f6fd80ae6cdb9e5227393a0e30cb553820c8ccdb4,703,242,20,25,247,45,0.12329755021606081,0.13383505392682582,0.010537503710765006,0.010537503710765006,AWAY_FROM_REFERENCE,0.03556187766714083,MINOR,1,230,,,16157bec3fda30dc8d94a5dbafb1c6937db6afb97308c0370478e24d6c47d348,0.1823600184062288,0.08691008342223028,0.6171875,-5,True,275
SB0557,Bacteraemia,innate-adaptive host-defense structure,viable bacteria present within the bloodstream with systemic host-defense activation,remaining_5256,043a20cee2dfd0d5d11bbda36c77741f90808eae7fecab288f96e0bfcfecf99b,15,7,1,0,6,1,0.181197662722413,0.19032704526975674,0.009129382547343745,0.009129382547343745,AWAY_FROM_REFERENCE,0.0,INFORMATIONAL,0,231,,,b2b6eccde51d322cd88d676f7d010b1c33fb6c085b5751065bd01051206ef742,0.18229201364943287,0.0902570288407718,0.6015625,1,True,276
SB1825,Enterococcal bacteraemia,innate-adaptive host-defense structure,viable bacteria present within the bloodstream with systemic host-defense activation,remaining_5256,043a20cee2dfd0d5d11bbda36c77741f90808eae7fecab288f96e0bfcfecf99b,15,7,1,0,6,1,0.181197662722413,0.19032704526975674,0.009129382547343745,0.009129382547343745,AWAY_FROM_REFERENCE,0.0,INFORMATIONAL,0,231,,,dcaead0f7e4e51c79a4a99f731b76f1656d65e2aa47c58e75cbbba3aa8f32843,0.18229201364943287,0.0902570288407718,0.6015625,1,True,277
SB1899,Escherichia bacteraemia,innate-adaptive host-defense structure,viable bacteria present within the bloodstream with systemic host-defense activation,remaining_5256,043a20cee2dfd0d5d11bbda36c77741f90808eae7fecab288f96e0bfcfecf99b,15,7,1,0,6,1,0.181197662722413,0.19032704526975674,0.009129382547343745,0.009129382547343745,AWAY_FROM_REFERENCE,0.0,INFORMATIONAL,0,231,,,6dff9ce1bd4fcc057baa936cd24375b6dd3205a960ddf05b6edaba22b9e1a69a,0.18229201364943287,0.0902570288407718,0.6015625,1,True,278
SB5018,Staphylococcal bacteraemia,innate-adaptive host-defense structure,viable bacteria present within the bloodstream with systemic host-defense activation,remaining_5256,043a20cee2dfd0d5d11bbda36c77741f90808eae7fecab288f96e0bfcfecf99b,15,7,1,0,6,1,0.181197662722413,0.19032704526975674,0.009129382547343745,0.009129382547343745,AWAY_FROM_REFERENCE,0.0,INFORMATIONAL,0,231,,,b44ee76a55ec45f3699ec3f5a9c9dbe4cebbb0e58e6fee04aecdc7030767f3a9,0.18229201364943287,0.0902570288407718,0.6015625,1,True,279
SB1679,Dysphasia,dominant-hemisphere language-processing and speech-planning network,"altered configuration or regulated output of the named structure, expressed as the state described by dysphasia",remaining_5256,dee56dd4e0bae9bed9c3913831490c26b80969af98a40a4b7053d42f78975fcc,231,92,3,10,99,13,0.15805728467861213,0.17551207200899088,0.01745478733037875,0.01745478733037875,AWAY_FROM_REFERENCE,0.04329004329004329,MINOR,1,230,,,5b941f5c6d170dd2c15253dbd524658f6ea31dcdd2d2811d7a9292409f980b29,0.18224962573657233,0.10049497041045408,0.5546875,-7,True,280
SB1239,Complication of device insertion,"implanted-device, catheter, or prosthesis tissue-interface structure","altered configuration or regulated output of the named structure, expressed as the state described by complication of device insertion",remaining_5256,7dc4ccf82f79f8d44d7c1dfdfa798884296b431956a772ffe7d304bde3b8c628,1431,616,35,49,630,84,0.14391125286773088,0.15604005822852351,0.012128805360792638,0.012128805360792638,AWAY_FROM_REFERENCE,0.03424178895877009,MINOR,1,223,,,cf6047cc1890b217d077e6a8a72161d6742b58eef71609f4207e5ad9fec1c9be,0.18223722946685406,0.08676034081323669,0.6171875,-14,True,281
SB1704,Ear infection,cochlear-mechanical and auditory-neural transduction structure,pathogen-associated occupation/invasion with host-defense activation and local structural disruption,remaining_5256,ab9fa123c4fb98d5c15eb93345129aec9b27295478ebb2deefc351dfaf7cc4fc,276,81,1,7,87,8,0.14675366883860508,0.16224277070284432,0.01548910186423924,0.01548910186423924,AWAY_FROM_REFERENCE,0.025362318840579712,MINOR,1,230,,,3568cc42368894887976b34b6aacea8b7a141192af1e15391db4dbeb9a313731,0.18222785939180963,0.08674891389245076,0.6171875,-6,True,282
SB2886,Inner ear infection,cochlear-mechanical and auditory-neural transduction structure,pathogen-associated occupation/invasion with host-defense activation and local structural disruption,remaining_5256,ab9fa123c4fb98d5c15eb93345129aec9b27295478ebb2deefc351dfaf7cc4fc,276,81,1,7,87,8,0.14675366883860508,0.16224277070284432,0.01548910186423924,0.01548910186423924,AWAY_FROM_REFERENCE,0.025362318840579712,MINOR,1,230,,,8c63e4412df3779b1318c4b0d7dd7784d2fe4411db70eb385ec204f60b67ed57,0.18222785939180963,0.08674891389245076,0.6171875,-6,True,283
SB2919,Intestinal diaphragm disease,"intestinal mucosal barrier, smooth-muscle motility, and luminal transport structure","altered configuration or regulated output of the named structure, expressed as the state described by intestinal diaphragm disease",remaining_5256,008a6645f67c72f802193e8ed06b7a57493cf0beb5dafeecabe454121585cf5c,276,88,6,15,97,21,0.12212400218899444,0.13765513630798676,0.015531134118992318,0.015531134118992318,AWAY_FROM_REFERENCE,0.05434782608695652,MINOR,1,231,,,46d6f55eeeb9852f1c504f0836c48566d553071e58d04e83dfdf92a851e31c5d,0.18210349812660134,0.09345700991048944,0.5859375,-9,True,284
SB0533,Autoimmune disorder,"systemic immune-recognition, signaling, and effector-response structure",immune recognition directed against self-associated structures with sustained effector perturbation,remaining_5256,d38f8640af6253c0bb80f60cf91fbb6389bb71472276d8f0009d408e50155aa2,378,123,6,18,135,24,0.12313171041400284,0.1378205392314853,0.014688828817482458,0.014688828817482458,AWAY_FROM_REFERENCE,0.047619047619047616,MINOR,1,231,,,6dc3ce12d4b6b2e8add83de286615df5485bd713f777f62c4ced748d15e0bf0d,0.1818712038226744,0.0948886631983834,0.578125,-12,True,285
SB0528,Auditory disorder NOS,cochlear-mechanical and auditory-neural transduction structure,departure from the reference structural configuration or regulated functional range,remaining_5256,5a871c63e2eff06c4b428a8fa86c699363662a629a7d91dfb86a9e4ccb4154fd,276,65,2,9,72,11,0.14482882233855876,0.16263685230991842,0.017808029971359662,0.017808029971359662,AWAY_FROM_REFERENCE,0.03260869565217391,MINOR,1,230,,,32e9ac6ec692983a6864761f9cad3a2236d22c23d3fe027a309d683f6114e552,0.18174748467793891,0.08787803009504747,0.609375,-7,True,286
SB1196,Cochlear toxicity,cochlear-mechanical and auditory-neural transduction structure,departure from the reference structural configuration or regulated functional range,remaining_5256,5a871c63e2eff06c4b428a8fa86c699363662a629a7d91dfb86a9e4ccb4154fd,276,65,2,9,72,11,0.14482882233855876,0.16263685230991842,0.017808029971359662,0.017808029971359662,AWAY_FROM_REFERENCE,0.03260869565217391,MINOR,1,230,,,e76693bbd9e2972e1b68d964f5fd6a7ca6095eee9460bb888d627e89759bd1cd,0.18174748467793891,0.08787803009504747,0.609375,-7,True,287
SB1701,Ear disorder,cochlear-mechanical and auditory-neural transduction structure,departure from the reference structural configuration or regulated functional range,remaining_5256,5a871c63e2eff06c4b428a8fa86c699363662a629a7d91dfb86a9e4ccb4154fd,276,65,2,9,72,11,0.14482882233855876,0.16263685230991842,0.017808029971359662,0.017808029971359662,AWAY_FROM_REFERENCE,0.03260869565217391,MINOR,1,230,,,3c3cba8c2e2722d94125c7f635703639bbb75a1cdabbdac3211be618472fbce5,0.18174748467793891,0.08787803009504747,0.609375,-7,True,288
SB1931,External ear disorder,cochlear-mechanical and auditory-neural transduction structure,departure from the reference structural configuration or regulated functional range,remaining_5256,5a871c63e2eff06c4b428a8fa86c699363662a629a7d91dfb86a9e4ccb4154fd,276,65,2,9,72,11,0.14482882233855876,0.16263685230991842,0.017808029971359662,0.017808029971359662,AWAY_FROM_REFERENCE,0.03260869565217391,MINOR,1,230,,,fc2f6daaf800e6b5c46ec3c00c37dfbb515ff4eea7ce1e2121d18c4c3cb4876e,0.18174748467793891,0.08787803009504747,0.609375,-7,True,289
SB2885,Inner ear disorder,cochlear-mechanical and auditory-neural transduction structure,departure from the reference structural configuration or regulated functional range,remaining_5256,5a871c63e2eff06c4b428a8fa86c699363662a629a7d91dfb86a9e4ccb4154fd,276,65,2,9,72,11,0.14482882233855876,0.16263685230991842,0.017808029971359662,0.017808029971359662,AWAY_FROM_REFERENCE,0.03260869565217391,MINOR,1,230,,,ba6086a9a7f35eb1513177a2992238240facebec40f501c2dcdc2bb768d795fa,0.18174748467793891,0.08787803009504747,0.609375,-7,True,290
SB0371,Aortic embolus,aortic arterial-lumen thromboembolic flow structure,mobile intravascular obstruction with downstream perfusion loss,established_478,c5f686ffadd8b23cb0a686576348588b2e60aa04eb6c35ec67feb6b58eb2208d,6,1,1,0,0,1,0.2125563939805779,0.219102863884297,0.006546469903719099,0.006546469903719099,AWAY_FROM_REFERENCE,0.0,INFORMATIONAL,0,231,,,5835bc073d6446ff239138649484e629e3674de09500d020d932344817af4d78,0.1816286305163934,0.08087332989804075,0.640625,1,True,291
SB3035,Lack of spontaneous speech,dominant-hemisphere language-processing and speech-planning network,"altered configuration or regulated output of the named structure, expressed as the state described by lack of spontaneous speech",remaining_5256,3b255f4dd481299bd4aa1a4d7562cf76d128231c77a64824f47666545091a5d0,231,87,0,8,95,8,0.15024886482652056,0.16547600897512083,0.015227144148600269,0.015227144148600269,AWAY_FROM_REFERENCE,0.03463203463203463,MINOR,1,230,,,6217feb351f95b4504e6f008149881df6b6f3251e0f64778187b70bb88109ee7,0.1815979616753686,0.08941062399435196,0.6015625,-8,True,292
SB3476,Myasthenia gravis,whole-organism substrate utilization and cellular energy-production structure,"altered configuration or regulated output of the named structure, expressed as the state described by myasthenia gravis",remaining_5256,2ab263b648afc6b6580db7f81ae9686cb1a25d6f5e4cc79379a0afb0641f2aac,78,30,0,3,33,3,0.10921587810496947,0.11629024758258089,0.00707436947761142,0.00707436947761142,AWAY_FROM_REFERENCE,0.038461538461538464,MINOR,1,223,,,3168f204c065c043d04846a80154672f6b07180e97af8331b24a4b97c900709a,0.1815946989090813,0.08769170598668452,0.609375,-3,True,293
SB2781,Increased tendency to bruise,vascular wall and hemostatic integrity structure,measured or functional quantity shifted above its reference structural range,remaining_5256,f9a722d84c8c6eb146f5a9d6771bf5453521838e8cc3dc7fc95bd3743d161a15,325,215,3,11,223,14,0.24505675542580152,0.2574652986392132,0.012408543213411671,0.012408543213411671,AWAY_FROM_REFERENCE,0.033846153846153845,MINOR,1,210,,,0777fa19cd492423cb9aa485cc8610f0d9079a66d19a31aa7bf43c716c7a5bb0,0.18152848017200557,0.0961856465512263,0.5703125,-8,True,294
SB5113,Sweating decreased,eccrine-apocrine sweat-gland secretory structure,measured or functional quantity shifted below its reference structural range,remaining_5256,75f467302ef3c26dcef4c7b91e21a77b64d6606f619300f2199f7639dea6b281,105,56,3,1,54,4,0.23308998849990037,0.24574585862082154,0.012655870120921175,0.012655870120921175,AWAY_FROM_REFERENCE,0.009523809523809525,MINOR,1,174,,,9ecf81f7c0b3bf3784c53be1b1eba24a72ada6f84f8461ed8a1a37fd7d6f588a,0.18143386259934727,0.09607025926749668,0.5703125,2,True,295
SB1002,Catheter related complication,"implanted-device, catheter, or prosthesis tissue-interface structure","altered configuration or regulated output of the named structure, expressed as the state described by catheter related complication",remaining_5256,ac6a115429eec2492f8fea701a8b99748d838f6cd9bcad35c7344003e59eb449,1431,586,25,54,615,79,0.14604317211886075,0.15777996340280098,0.011736791283940229,0.011736791283940229,AWAY_FROM_REFERENCE,0.03773584905660377,MINOR,1,223,,,bd2a42142fff2f8ea1ca38306532d5a5a0b16cc1fda66f06ae42215d03b15cb8,0.18140608244562656,0.08574674688491046,0.6171875,-29,True,296
SB5440,Urination impaired,"urethral lumen, mucosal, sphincter, and urine-flow structure",reduced ability of the named structure/process to complete its normal regulated operation,remaining_5256,03d39e851613482170a8c8d295d9f9a58cac9d242b0150e79ec876f97d00d635,465,138,9,22,151,31,0.15191366186453847,0.16482638567044716,0.012912723805908688,0.012912723805908688,AWAY_FROM_REFERENCE,0.047311827956989246,MINOR,1,231,,,adebf8949cb7a9f680cc2a19c2bc01d86e367f2f0d1fa9638af6202a6d88e34c,0.18135569974528704,0.08054048749425247,0.640625,-13,True,297
SB3596,Nephrogenic diabetes insipidus,renal glomerular-tubular filtration and fluid-balance structure,failure of water-conservation signaling or renal response causing excessive dilute urine output,remaining_5256,87f3920a5dc0db1b0a067c4c0863c65100b3c1ddbad4efb3022aed992041ac85,91,32,1,1,32,2,0.15707663157157592,0.17428309025448252,0.0172064586829066,0.0172064586829066,AWAY_FROM_REFERENCE,0.01098901098901099,MINOR,1,231,,,80330d20c96f28f75cec5177ec65286871f4e15e211bad9dab78936867eb488b,0.18134250104436483,0.09424390371264002,0.578125,0,True,298
SB4854,Sinoatrial node dysfunction,cardiac conduction and myocardial rhythm structure,reduced or unstable functional output insufficient to maintain the reference structural state,remaining_5256,3f3d9925d272713b1703410107cbcb19ffc9c63c7badd7f877323ca29154b71d,21,4,1,0,3,1,0.15603818071642528,0.16964567201801928,0.013607491301593999,0.013607491301593999,AWAY_FROM_REFERENCE,0.0,INFORMATIONAL,0,231,,,b982d0b7e0b1c778c7501e6bd0251b4cc1a104aa341d48c187f35eb175263315,0.1812660001937466,0.08729085389481295,0.609375,1,True,299
SB2057,Fibroadenoma of breast,"mammary gland ductal-lobular, secretory, and surface structure","altered configuration or regulated output of the named structure, expressed as the state described by fibroadenoma of breast",remaining_5256,be8b2de4b7594f03ac0aba2bab8052b267680bbc88ab5f131277248bd13a93eb,231,114,3,11,122,14,0.15735646891924726,0.17331449003232158,0.015958021113074317,0.015958021113074317,AWAY_FROM_REFERENCE,0.047619047619047616,MINOR,1,223,,,8a46f7d9f4f5c7c31fcb8caad5ec8c03e53b65b30fb642ae02b09a43483f3b62,0.18110842922124443,0.09567338929420055,0.5703125,-8,True,300
SB0374,Aortic valve stenosis,aortic-valve leaflet opening and outflow structure,pathologic lumen narrowing with increased resistance to transit or flow,established_478,c99a482ec88550f6627f3d883c1a850df681e23ef5b9bcf1d6756e7b6b04b120,78,39,4,1,36,5,0.19745021833553844,0.21696898200670178,0.01951876367116334,0.01951876367116334,AWAY_FROM_REFERENCE,0.01282051282051282,MINOR,1,231,,,224156641155996ec46fb431d61cf9d06a0fcb627fcfe541cfe36144239150ac,0.18096185366549566,0.0852050044701167,0.6171875,3,True,301
SB1697,Ear buzzing,cochlear-mechanical and auditory-neural transduction structure,"altered configuration or regulated output of the named structure, expressed as the state described by ear buzzing",remaining_5256,2ad97543739a34964a57f856d43acce56dc9879859d8755674bb41d46b6f8e37,276,77,4,3,76,7,0.13620660939772522,0.1513485863120413,0.015141976914316069,0.015141976914316069,AWAY_FROM_REFERENCE,0.010869565217391304,MINOR,1,230,,,3f5f7c4ece62582c703727f0994905b6ae5e82e658a8ac82eec90e48199a1bd1,0.18095319141454563,0.08690937977383617,0.609375,1,True,302
SB1708,Ear roaring,cochlear-mechanical and auditory-neural transduction structure,"altered configuration or regulated output of the named structure, expressed as the state described by ear roaring",remaining_5256,1d1f245e25dfdd9d7c03cd03e0a5f3677c6a031a350a9af324ee9d5ec0485ace,276,76,4,3,75,7,0.14408767930883415,0.15912872792941102,0.015041048620576869,0.015041048620576869,AWAY_FROM_REFERENCE,0.010869565217391304,MINOR,1,230,,,e407c41b90981ce3e924b62a3017e6e8d0be344a7916b93d4aab3c6cf293bc62,0.18095319141452726,0.08690937977381374,0.609375,1,True,303
SB3015,Kidney fibrosis,renal glomerular-tubular filtration and fluid-balance structure,excess matrix deposition/remodeling with increased tissue stiffness and reduced normal architecture,remaining_5256,58f9a95f71da5142abd270b57f3448a9a536ea0dcc320c4cae4dc93cbbf6fd78,91,34,8,2,28,10,0.14043650162367183,0.1547605129223366,0.014324011298664785,0.014324011298664785,AWAY_FROM_REFERENCE,0.02197802197802198,MINOR,1,231,,,8933697b2d8d6f3710206cecc14a8f8069b1e1f6e3eb3575c4833e0279291115,0.18091128497748343,0.09028815241156518,0.59375,6,True,304
SB3597,Nephrogenic systemic fibrosis,renal glomerular-tubular filtration and fluid-balance structure,excess matrix deposition/remodeling with increased tissue stiffness and reduced normal architecture,remaining_5256,58f9a95f71da5142abd270b57f3448a9a536ea0dcc320c4cae4dc93cbbf6fd78,91,34,8,2,28,10,0.14043650162367183,0.1547605129223366,0.014324011298664785,0.014324011298664785,AWAY_FROM_REFERENCE,0.02197802197802198,MINOR,1,231,,,ee37791cb5a4a8f2d5eefdb306fd378094edb66068f7c95565d7b66931789e4d,0.18091128497748343,0.09028815241156518,0.59375,6,True,305
SB0125,Acute generalised exanthematous pustulosis,epidermal neutrophilic pustular structure,acute diffuse epidermal neutrophilic pustule formation with inflammatory barrier disruption,established_478,b72f02d9e8feca500dd5e41723dfc9ba5f0ae437b5de5ee23aab6b2125ab3bbb,190,66,4,2,64,6,0.15254705018600512,0.16723539791500008,0.014688347728994966,0.014688347728994966,AWAY_FROM_REFERENCE,0.010526315789473684,MINOR,1,223,,,4dbf41f699d8863a56513b4f01e651d80f7c5405062c7acea5ce73c5571b9e60,0.1808059812492897,0.0970194893284021,0.5625,2,True,306
SB1025,Central obesity,"adipose-tissue storage, body-composition, and energy-balance structure",net body-energy storage exceeding expenditure with increased tissue mass,remaining_5256,c71699fb925414b2c97850454e4bc278f333215826b31dbeb2860df78f74c895,45,23,2,0,21,2,0.1787597103581975,0.19177833258667665,0.01301862222847916,0.01301862222847916,AWAY_FROM_REFERENCE,0.0,INFORMATIONAL,0,174,,,3e42f74f0df0bfdaa67ef18ee029b0c4a4453906e420e950efb8473da046e4a0,0.1807128824035498,0.09862089317506073,0.5546875,2,True,307
SB3702,Obesity,"adipose-tissue storage, body-composition, and energy-balance structure",net body-energy storage exceeding expenditure with increased tissue mass,remaining_5256,c71699fb925414b2c97850454e4bc278f333215826b31dbeb2860df78f74c895,45,23,2,0,21,2,0.1787597103581975,0.19177833258667665,0.01301862222847916,0.01301862222847916,AWAY_FROM_REFERENCE,0.0,INFORMATIONAL,0,174,,,a23e93256f44e6226cfda79ebad65ccd255aa9346fc7aed5297953cc8182898d,0.1807128824035498,0.09862089317506073,0.5546875,2,True,308
SB0012,Abdominal colic,intestinal smooth-muscle motility and luminal-volume structure,episodic smooth-muscle contraction with associated luminal pressure and nociceptive signaling,established_478,46d539233ebace2d6ff44be6ae2ef4cf32c62dc3b4e5738c5a528de02f7ec721,351,128,5,11,134,16,0.13377698647922043,0.15022174372907893,0.0164447572498585,0.0164447572498585,AWAY_FROM_REFERENCE,0.03133903133903134,MINOR,1,223,,,338222bf2bf1bdb93bf5ae85fd7a0d26114f4b151c8568fdf6a6048713b9b46c,0.18069526789611529,0.09002471694648206,0.59375,-6,True,309
SB0013,Abdominal cramps,intestinal smooth-muscle motility and luminal-volume structure,episodic smooth-muscle contraction with associated luminal pressure and nociceptive signaling,established_478,46d539233ebace2d6ff44be6ae2ef4cf32c62dc3b4e5738c5a528de02f7ec721,351,128,5,11,134,16,0.13377698647922043,0.15022174372907893,0.0164447572498585,0.0164447572498585,AWAY_FROM_REFERENCE,0.03133903133903134,MINOR,1,223,,,a82a25e264dd095278251a6ce2389a903b6cae81dc81c2f9d10edf705d9767be,0.18069526789611529,0.09002471694648206,0.59375,-6,True,310
SB1748,Electrocardiogram QT corrected interval,cardiac conduction and myocardial rhythm structure,"altered configuration or regulated output of the named structure, expressed as the state described by electrocardiogram qt corrected interval",remaining_5256,166f50d888bb6e4203959b9fd2594f5a061ce693eb24c5ea40b9bd4608ab231d,21,6,1,0,5,1,0.1368714827996631,0.15016939056740952,0.01329790776774642,0.01329790776774642,AWAY_FROM_REFERENCE,0.0,INFORMATIONAL,0,231,,,9500fcbbd71aec400bf0e080ba829ffa6b06d76c96f9c77d4e3636e7046b167f,0.1805909241713197,0.09332734655038988,0.578125,1,True,311
SB0689,Blood creatinine decreased,renal glomerular-tubular filtration and fluid-balance structure,measured or functional quantity shifted below its reference structural range,remaining_5256,54258c40325517854a70d854d094f2b53a53a438fdb5f53d25b8b6f43bf56a16,91,28,5,1,24,6,0.16529839892883436,0.17766825447389478,0.012369855545060426,0.012369855545060426,AWAY_FROM_REFERENCE,0.01098901098901099,MINOR,1,231,,,1569aa48ebc953909b33d42baa112677511a31cc4635a631046efb2e5ae6bb96,0.1805643328418377,0.09157997907541182,0.5859375,4,True,312
SB0755,Blood urea decreased,renal glomerular-tubular filtration and fluid-balance structure,measured or functional quantity shifted below its reference structural range,remaining_5256,54258c40325517854a70d854d094f2b53a53a438fdb5f53d25b8b6f43bf56a16,91,28,5,1,24,6,0.16529839892883436,0.17766825447389478,0.012369855545060426,0.012369855545060426,AWAY_FROM_REFERENCE,0.01098901098901099,MINOR,1,231,,,04a3e4ebfd46fb513ed03af0b96c4dc42dd8e94663fa96e5043537c96f62c274,0.1805643328418377,0.09157997907541182,0.5859375,4,True,313
SB1367,Creatinine low,renal glomerular-tubular filtration and fluid-balance structure,measured or functional quantity shifted below its reference structural range,remaining_5256,54258c40325517854a70d854d094f2b53a53a438fdb5f53d25b8b6f43bf56a16,91,28,5,1,24,6,0.16529839892883436,0.17766825447389478,0.012369855545060426,0.012369855545060426,AWAY_FROM_REFERENCE,0.01098901098901099,MINOR,1,231,,,0a6db52208548eead840f7efdfaaee6cb3b0014a76b8e9a6293b0a5d572d9406,0.1805643328418377,0.09157997907541182,0.5859375,4,True,314
SB1369,Creatinine renal clearance decreased,renal glomerular-tubular filtration and fluid-balance structure,measured or functional quantity shifted below its reference structural range,remaining_5256,54258c40325517854a70d854d094f2b53a53a438fdb5f53d25b8b6f43bf56a16,91,28,5,1,24,6,0.16529839892883436,0.17766825447389478,0.012369855545060426,0.012369855545060426,AWAY_FROM_REFERENCE,0.01098901098901099,MINOR,1,231,,,00a8c96da3534845c4811b9486ad66031e19ce85080093cd3e12e86a9e7abab7,0.1805643328418377,0.09157997907541182,0.5859375,4,True,315
SB2133,Function kidney decreased,renal glomerular-tubular filtration and fluid-balance structure,measured or functional quantity shifted below its reference structural range,remaining_5256,54258c40325517854a70d854d094f2b53a53a438fdb5f53d25b8b6f43bf56a16,91,28,5,1,24,6,0.16529839892883436,0.17766825447389478,0.012369855545060426,0.012369855545060426,AWAY_FROM_REFERENCE,0.01098901098901099,MINOR,1,231,,,ae13bb712c27fcd550ada80021279574baafd012edc1eaf13c8064832958efdc,0.1805643328418377,0.09157997907541182,0.5859375,4,True,316
SB2287,Glomerular filtration rate decreased,renal glomerular-tubular filtration and fluid-balance structure,measured or functional quantity shifted below its reference structural range,remaining_5256,54258c40325517854a70d854d094f2b53a53a438fdb5f53d25b8b6f43bf56a16,91,28,5,1,24,6,0.16529839892883436,0.17766825447389478,0.012369855545060426,0.012369855545060426,AWAY_FROM_REFERENCE,0.01098901098901099,MINOR,1,231,,,3af9819a45fbec0b31f49b8c83523b05084bf763cc4c47c3d1b1039776586f76,0.1805643328418377,0.09157997907541182,0.5859375,4,True,317
SB4809,Serum creatinine decreased,renal glomerular-tubular filtration and fluid-balance structure,measured or functional quantity shifted below its reference structural range,remaining_5256,54258c40325517854a70d854d094f2b53a53a438fdb5f53d25b8b6f43bf56a16,91,28,5,1,24,6,0.16529839892883436,0.17766825447389478,0.012369855545060426,0.012369855545060426,AWAY_FROM_REFERENCE,0.01098901098901099,MINOR,1,231,,,97ac5b1e66a5c5cfc6fa2f14ac7b01cb8abf582f9a89e2fc53f184be30699e75,0.1805643328418377,0.09157997907541182,0.5859375,4,True,318
SB0718,Blood methaemoglobin present,"erythrocyte production, integrity, and oxygen-transport structure",detectable presence of the named material/state where the reference condition is absent or lower,remaining_5256,771c6248b43bfec46428939ef18361343c43178ae3146a0f3446fdc304f5a274,15,12,1,0,11,1,0.16038479548309637,0.17593267189233186,0.015547876409235495,0.015547876409235495,AWAY_FROM_REFERENCE,0.0,INFORMATIONAL,0,174,,,b479cefc41c3d79d837910eed8daf3dbc3dab08573cf2eacbb03c496b1f07ca6,0.18048386278406156,0.08976690583422142,0.59375,1,True,319
SB1903,Essential thrombocythaemia,"platelet production, activation, adhesion, and aggregation structure",abnormal concentration or presence of the named material/cell state in circulating blood,remaining_5256,22b98362f446803f0453e00822ace9e8b111f12122edc4fed43c7e90f517b469,15,6,1,2,7,3,0.16005252035359263,0.17266255634449312,0.012610035990900492,0.012610035990900492,AWAY_FROM_REFERENCE,0.13333333333333333,MINOR,1,230,,,2aa6e2a0a862cdb98d47744266f529d9dbb9adbeb9e4545cdcbe745075d7adc5,0.1804376960844844,0.08113590985912733,0.6328125,-1,True,320
SB0399,Application site eczema,local cutaneous inflammatory and microvascular structure,"altered configuration or regulated output of the named structure, expressed as the state described by application site eczema",established_478,ebc7d81a6d9d1a6f37ff69bac585c195c4349c3513fe6c39b6e8611b5b7a9295,171,90,1,3,92,4,0.20286006266439305,0.21310630761255933,0.010246244948166283,0.010246244948166283,AWAY_FROM_REFERENCE,0.017543859649122806,MINOR,1,231,,,3338d1ab18ec89a41b4bce3f105fe11dc6b1309a980622ae9d4a0acc524b2fe9,0.18039121522511137,0.08793898198184313,0.6015625,-2,True,321
SB0573,Band neutrophil count increased,"circulating leukocyte production, distribution, and effector-cell structure",measured or functional quantity shifted above its reference structural range,remaining_5256,a9937317ab0fe41a1c7b9d3ba812d983f8069dae7cca819aeb5bf24781c96832,1830,547,60,69,556,129,0.14008310202838214,0.14562816978304505,0.005545067754662902,0.005545067754662902,AWAY_FROM_REFERENCE,0.03770491803278689,MINOR,1,231,,,578590457163de9f89f97770e271eaccc6689f38f3ad679f87c7aa74497e1bc1,0.18034445818759312,0.08273714413121114,0.625,-9,True,322
SB0719,Blood monocytes increased,"circulating leukocyte production, distribution, and effector-cell structure",measured or functional quantity shifted above its reference structural range,remaining_5256,a9937317ab0fe41a1c7b9d3ba812d983f8069dae7cca819aeb5bf24781c96832,1830,547,60,69,556,129,0.14008310202838214,0.14562816978304505,0.005545067754662902,0.005545067754662902,AWAY_FROM_REFERENCE,0.03770491803278689,MINOR,1,231,,,b64cee668c9eec1e4c79ae1da32bc9e993bcac25dd5aa4e7223a91dfd358b62a,0.18034445818759312,0.08273714413121114,0.625,-9,True,323
SB1836,Eosinophil count increased,"circulating leukocyte production, distribution, and effector-cell structure",measured or functional quantity shifted above its reference structural range,remaining_5256,a9937317ab0fe41a1c7b9d3ba812d983f8069dae7cca819aeb5bf24781c96832,1830,547,60,69,556,129,0.14008310202838214,0.14562816978304505,0.005545067754662902,0.005545067754662902,AWAY_FROM_REFERENCE,0.03770491803278689,MINOR,1,231,,,f2acf72b556d29e5a9b3a856da6c1cef6ca5308ce48809db7c68c99448c8b0aa,0.18034445818759312,0.08273714413121114,0.625,-9,True,324
SB2156,Gamma globulins increased,"circulating leukocyte production, distribution, and effector-cell structure",measured or functional quantity shifted above its reference structural range,remaining_5256,a9937317ab0fe41a1c7b9d3ba812d983f8069dae7cca819aeb5bf24781c96832,1830,547,60,69,556,129,0.14008310202838214,0.14562816978304505,0.005545067754662902,0.005545067754662902,AWAY_FROM_REFERENCE,0.03770491803278689,MINOR,1,231,,,b6154695133a10e396fd26dfbb17f2836ab97d715bef03611d96cf3359968b67,0.18034445818759312,0.08273714413121114,0.625,-9,True,325
SB2746,Immunoglobulins increased,"circulating leukocyte production, distribution, and effector-cell structure",measured or functional quantity shifted above its reference structural range,remaining_5256,a9937317ab0fe41a1c7b9d3ba812d983f8069dae7cca819aeb5bf24781c96832,1830,547,60,69,556,129,0.14008310202838214,0.14562816978304505,0.005545067754662902,0.005545067754662902,AWAY_FROM_REFERENCE,0.03770491803278689,MINOR,1,231,,,1672af89e272aa9056a1594533f01bfd71811ae1aef2e46553f9251165c474ee,0.18034445818759312,0.08273714413121114,0.625,-9,True,326
SB3217,Lymphocyte count increased,"circulating leukocyte production, distribution, and effector-cell structure",measured or functional quantity shifted above its reference structural range,remaining_5256,a9937317ab0fe41a1c7b9d3ba812d983f8069dae7cca819aeb5bf24781c96832,1830,547,60,69,556,129,0.14008310202838214,0.14562816978304505,0.005545067754662902,0.005545067754662902,AWAY_FROM_REFERENCE,0.03770491803278689,MINOR,1,231,,,743e213436dcf499d76c51bbec40c8689e4c3089c9948f8e72fc02c69011bcef,0.18034445818759312,0.08273714413121114,0.625,-9,True,327
SB3391,Monocyte count increased,"circulating leukocyte production, distribution, and effector-cell structure",measured or functional quantity shifted above its reference structural range,remaining_5256,a9937317ab0fe41a1c7b9d3ba812d983f8069dae7cca819aeb5bf24781c96832,1830,547,60,69,556,129,0.14008310202838214,0.14562816978304505,0.005545067754662902,0.005545067754662902,AWAY_FROM_REFERENCE,0.03770491803278689,MINOR,1,231,,,885b9588262a443c3ffc28b9fc8fe1b76dec71daccf2dbaedd7626ef79bfec99,0.18034445818759312,0.08273714413121114,0.625,-9,True,328
SB3648,Neutrophil count increased,"circulating leukocyte production, distribution, and effector-cell structure",measured or functional quantity shifted above its reference structural range,remaining_5256,a9937317ab0fe41a1c7b9d3ba812d983f8069dae7cca819aeb5bf24781c96832,1830,547,60,69,556,129,0.14008310202838214,0.14562816978304505,0.005545067754662902,0.005545067754662902,AWAY_FROM_REFERENCE,0.03770491803278689,MINOR,1,231,,,d9d1f77f93b3702be99255bacc2b6ae81c691ccbf7612014dce5d02095506b84,0.18034445818759312,0.08273714413121114,0.625,-9,True,329
SB3649,Neutrophil percentage increased,"circulating leukocyte production, distribution, and effector-cell structure",measured or functional quantity shifted above its reference structural range,remaining_5256,a9937317ab0fe41a1c7b9d3ba812d983f8069dae7cca819aeb5bf24781c96832,1830,547,60,69,556,129,0.14008310202838214,0.14562816978304505,0.005545067754662902,0.005545067754662902,AWAY_FROM_REFERENCE,0.03770491803278689,MINOR,1,231,,,a053800a44ad02e7b76417692155af6798000b8e928c733c9ce8e145a230699d,0.18034445818759312,0.08273714413121114,0.625,-9,True,330
SB5693,White blood cell count increased,"circulating leukocyte production, distribution, and effector-cell structure",measured or functional quantity shifted above its reference structural range,remaining_5256,a9937317ab0fe41a1c7b9d3ba812d983f8069dae7cca819aeb5bf24781c96832,1830,547,60,69,556,129,0.14008310202838214,0.14562816978304505,0.005545067754662902,0.005545067754662902,AWAY_FROM_REFERENCE,0.03770491803278689,MINOR,1,231,,,e7915c6906058b60e00d9bf08635bfed85cc17444f7ddad53ffb5bf38000224b,0.18034445818759312,0.08273714413121114,0.625,-9,True,331
SB3473,Mutism,dominant-hemisphere language-processing and speech-planning network,"altered configuration or regulated output of the named structure, expressed as the state described by mutism",remaining_5256,a8077661e3016703cecb6158c638c48e5847d7686077f43f609018cb2e141226,231,88,1,9,96,10,0.15740077768265603,0.17392342533528338,0.016522647652627342,0.016522647652627342,AWAY_FROM_REFERENCE,0.03896103896103896,MINOR,1,230,,,7c7e461627467970baf1398d9ea619e92bb50f5f76f8a758e16c8aabf2662e56,0.18032493437945432,0.09471790777982236,0.5703125,-8,True,332
SB0069,Accidental exposure to product,non-structural exposure event,chemical burden exceeding or altering the reference exposure-clearance state,established_478,0dec32c8cbefe929fae8d9898817b4b8acf5e36632ea551798d8106e5304282d,36,21,0,1,22,1,0.3237636463241451,0.3322712384656037,0.008507592141458575,0.008507592141458575,AWAY_FROM_REFERENCE,0.027777777777777776,MINOR,1,231,,,383900450bbd066b595ad82b99cc553025f626185e303eda2f67b2e167a60fe1,0.18027028200695486,0.07578692927677422,0.65625,-1,True,333
SB0153,Acute retention of urine,bladder detrusor-urethral emptying structure,failure of normal clearance or emptying causing material accumulation,established_478,82d5df72868e5ebaa47d0f978f54cd2f3fa29d73750e2ccdf6d5694724c94831,741,317,17,49,349,66,0.19743898884681155,0.21156229866342902,0.014123309816617469,0.014123309816617469,AWAY_FROM_REFERENCE,0.06612685560053981,MINOR,1,223,,,ebc5d3b81033629b239b367d37f952cd931863a7dbb5597bcc6627ab3aaa0223,0.1802475178603708,0.08776374129313513,0.6015625,-32,True,334
SB4179,Platelet aggregation abnormal,"platelet production, activation, adhesion, and aggregation structure",departure from the reference structural configuration or regulated functional range,remaining_5256,41d13f1b8c674a58007c3e908eec1ccc1454a8562c42e2bb2e02136a10e36517,15,2,0,3,5,3,0.15928422085717253,0.1745359456379969,0.015251724780824372,0.015251724780824372,AWAY_FROM_REFERENCE,0.2,MINOR,1,230,,,050497440aff5b3fae7d511a0e5d831312f633f5d9b03235bb666bb113bf5e48,0.18020767192105533,0.08600020965982358,0.609375,-3,True,335
SB4182,Platelet count abnormal,"platelet production, activation, adhesion, and aggregation structure",departure from the reference structural configuration or regulated functional range,remaining_5256,41d13f1b8c674a58007c3e908eec1ccc1454a8562c42e2bb2e02136a10e36517,15,2,0,3,5,3,0.15928422085717253,0.1745359456379969,0.015251724780824372,0.015251724780824372,AWAY_FROM_REFERENCE,0.2,MINOR,1,230,,,d07770003c3530499867b49e251e715572a47072506196229b6507f0f1593999,0.18020767192105533,0.08600020965982358,0.609375,-3,True,336
SB4185,Platelet disorder,"platelet production, activation, adhesion, and aggregation structure",departure from the reference structural configuration or regulated functional range,remaining_5256,41d13f1b8c674a58007c3e908eec1ccc1454a8562c42e2bb2e02136a10e36517,15,2,0,3,5,3,0.15928422085717253,0.1745359456379969,0.015251724780824372,0.015251724780824372,AWAY_FROM_REFERENCE,0.2,MINOR,1,230,,,49a4407db750284c971600d571818e4315f9551bf471843c83fd408da68b25cf,0.18020767192105533,0.08600020965982358,0.609375,-3,True,337
SB0769,Body mass index decreased,"adipose-tissue storage, body-composition, and energy-balance structure",measured or functional quantity shifted below its reference structural range,remaining_5256,6a69a4aafd8e979935a52a55aff4506ce26c3e3a5c6acc5d6f47fada0f0ea60b,45,22,5,0,17,5,0.16251700044227713,0.17421572494556425,0.011698724503287128,0.011698724503287128,AWAY_FROM_REFERENCE,0.0,INFORMATIONAL,0,174,,,93d943cc642505638cb8d5e4527199ff08f933a4275361ee6e4c960bf3df22cc,0.18006296996893914,0.08410880484016969,0.6171875,5,True,338
SB0430,Application site warmth,local cutaneous inflammatory and microvascular structure,"altered configuration or regulated output of the named structure, expressed as the state described by application site warmth",established_478,92e74267c64d81e86da7d420fc40d458edf1407d2f8be00ffb925016cb402ae4,171,92,2,2,92,4,0.1968347379665355,0.20700072841077533,0.010165990444239825,0.010165990444239825,AWAY_FROM_REFERENCE,0.011695906432748537,MINOR,1,231,,,15b57f0ac078117c3791701cac48e264f060493a86a9c35e8de5e50a8bc3788c,0.18005133909735926,0.08752449889921865,0.6015625,0,True,339
SB4585,Renal cyst,renal glomerular-tubular filtration and fluid-balance structure,abnormal enclosed fluid or semisolid cavity within the named tissue,remaining_5256,b7e07bfc8de2916153cc0d83d1dd5f25bd4d4f6c3ba285542c4d7b52afbec90b,91,39,11,1,29,12,0.17418678380692776,0.18586951251553274,0.011682728708604984,0.011682728708604984,AWAY_FROM_REFERENCE,0.01098901098901099,MINOR,1,231,,,478bc8dad427347e71277b7e9eae37c30736aaae70d102c87431a26b13da2543,0.1799634972682258,0.09084725276612904,0.5859375,10,True,340
SB4195,Pleuritic pain,"pleural membrane, pleural-space, and thoracic mechanical structure",increased nociceptive signaling associated with local tissue or neural perturbation,remaining_5256,af7ed9ba81e89f2e73fea4a40071133b26a95a6643badc7539ebc59d46aad300,36,25,0,1,26,1,0.18992509176573846,0.20609327416072132,0.016168182394982855,0.016168182394982855,AWAY_FROM_REFERENCE,0.027777777777777776,MINOR,1,197,,,62be65f84af13f87b9ed300390e992e6c79888db76a1a3ee182e408da32adc41,0.1799007525299503,0.08734085674384184,0.6015625,-1,True,341
SB1654,Dysaesthesia,somatosensory peripheral-central sensory-transmission structure,abnormal sensory perception or sensory-transmission state,remaining_5256,ae243172576a4f36b12fce290640db1f374a70880eb3097c9a8569847467f8cf,105,51,3,5,53,8,0.14954313417088816,0.16458632042635934,0.015043186255471186,0.015043186255471186,AWAY_FROM_REFERENCE,0.047619047619047616,MINOR,1,230,,,7d897bff565d3afd4fa53b287d06972c8997a28e7816fd797a7187ee7cebc0bf,0.17988171692895355,0.08731764259628483,0.6015625,-2,True,342
SB4579,Renal artery stenosis,renal glomerular-tubular filtration and fluid-balance structure,pathologic lumen narrowing with increased resistance to transit or flow,remaining_5256,4353641b8dcf1bcecf2da9405bbe23fed5774af6fad92b88868f8502ebc5ee35,91,38,7,0,31,7,0.16346958269072398,0.17808262109892237,0.014613038408198387,0.014613038408198387,AWAY_FROM_REFERENCE,0.0,INFORMATIONAL,0,231,,,54f8b2323138d36c07b4c95ff87a31beb315dc26dfc142c6aa5a3ad93c226266,0.17975196909737112,0.09230423060655013,0.578125,7,True,343
SB0150,Acute renal insufficiency,renal glomerular-tubular filtration and fluid-balance structure,reduced or unstable functional output insufficient to maintain the reference structural state,established_478,9fcb0e81cdb759e8e100a1d36db3fc599ea62f0bc73bb3153fc72978b0951776,91,33,1,0,32,1,0.15360594888234946,0.16806668394052426,0.0144607350581748,0.0144607350581748,AWAY_FROM_REFERENCE,0.0,INFORMATIONAL,0,231,,,662c1b9a4e79bbcd86776b2d9347e9fd97f8a46ca7ca116b2f4427a75ebe7b2e,0.17966212626082417,0.08361997104978558,0.6171875,1,True,344
SB1160,Chronic renal insufficiency,renal glomerular-tubular filtration and fluid-balance structure,reduced or unstable functional output insufficient to maintain the reference structural state,remaining_5256,9fcb0e81cdb759e8e100a1d36db3fc599ea62f0bc73bb3153fc72978b0951776,91,33,1,0,32,1,0.15360594888234946,0.16806668394052426,0.0144607350581748,0.0144607350581748,AWAY_FROM_REFERENCE,0.0,INFORMATIONAL,0,231,,,159794efc062a78fff0f559323992f05fff0bf9df87d7a6f82a8c31771aa7c52,0.17966212626082417,0.08361997104978558,0.6171875,1,True,345
SB2959,Irreversible renal failure,renal glomerular-tubular filtration and fluid-balance structure,reduced or unstable functional output insufficient to maintain the reference structural state,remaining_5256,9fcb0e81cdb759e8e100a1d36db3fc599ea62f0bc73bb3153fc72978b0951776,91,33,1,0,32,1,0.15360594888234946,0.16806668394052426,0.0144607350581748,0.0144607350581748,AWAY_FROM_REFERENCE,0.0,INFORMATIONAL,0,231,,,23100c15f3203928421805870d99f168386dfac1ee245005d8579a74a2a6b351,0.17966212626082417,0.08361997104978558,0.6171875,1,True,346
SB4587,Renal failure,renal glomerular-tubular filtration and fluid-balance structure,reduced or unstable functional output insufficient to maintain the reference structural state,remaining_5256,9fcb0e81cdb759e8e100a1d36db3fc599ea62f0bc73bb3153fc72978b0951776,91,33,1,0,32,1,0.15360594888234946,0.16806668394052426,0.0144607350581748,0.0144607350581748,AWAY_FROM_REFERENCE,0.0,INFORMATIONAL,0,231,,,9af1a038201c1101daafb1a3ac63c9d0dc83cad554a61740a90b4e001de6abc8,0.17966212626082417,0.08361997104978558,0.6171875,1,True,347
SB4588,Renal failure acute,renal glomerular-tubular filtration and fluid-balance structure,reduced or unstable functional output insufficient to maintain the reference structural state,remaining_5256,9fcb0e81cdb759e8e100a1d36db3fc599ea62f0bc73bb3153fc72978b0951776,91,33,1,0,32,1,0.15360594888234946,0.16806668394052426,0.0144607350581748,0.0144607350581748,AWAY_FROM_REFERENCE,0.0,INFORMATIONAL,0,231,,,c49df5b060ed35958dd79d00dde979b123d132bd6c9627dd326b53f8a4950ce4,0.17966212626082417,0.08361997104978558,0.6171875,1,True,348
SB4589,Renal failure aggravated,renal glomerular-tubular filtration and fluid-balance structure,reduced or unstable functional output insufficient to maintain the reference structural state,remaining_5256,9fcb0e81cdb759e8e100a1d36db3fc599ea62f0bc73bb3153fc72978b0951776,91,33,1,0,32,1,0.15360594888234946,0.16806668394052426,0.0144607350581748,0.0144607350581748,AWAY_FROM_REFERENCE,0.0,INFORMATIONAL,0,231,,,7494b7fe208f3d1cc86579ccde1a628d2189735f5dad5db16d9dd2b53008cb78,0.17966212626082417,0.08361997104978558,0.6171875,1,True,349
SB4590,Renal failure chronic,renal glomerular-tubular filtration and fluid-balance structure,reduced or unstable functional output insufficient to maintain the reference structural state,remaining_5256,9fcb0e81cdb759e8e100a1d36db3fc599ea62f0bc73bb3153fc72978b0951776,91,33,1,0,32,1,0.15360594888234946,0.16806668394052426,0.0144607350581748,0.0144607350581748,AWAY_FROM_REFERENCE,0.0,INFORMATIONAL,0,231,,,91135abe76a51b79767090f62b187dc5b554e4cc2b6555dcf4ab905653cdd032,0.17966212626082417,0.08361997104978558,0.6171875,1,True,350
SB4596,Renal insufficiency aggravated,renal glomerular-tubular filtration and fluid-balance structure,reduced or unstable functional output insufficient to maintain the reference structural state,remaining_5256,9fcb0e81cdb759e8e100a1d36db3fc599ea62f0bc73bb3153fc72978b0951776,91,33,1,0,32,1,0.15360594888234946,0.16806668394052426,0.0144607350581748,0.0144607350581748,AWAY_FROM_REFERENCE,0.0,INFORMATIONAL,0,231,,,7a3ab0205aa9d22e89dcd3217b2382142d07aede4e28e0f4a9eb11a4b6396096,0.17966212626082417,0.08361997104978558,0.6171875,1,True,351
SB1437,Decreased immune responsiveness,"systemic immune-recognition, signaling, and effector-response structure",measured or functional quantity shifted below its reference structural range,remaining_5256,3dd4524a16d46ece9d63d60e2d6517221d40e7aea0c20fe2f25abeb72f4084ee,378,102,5,27,124,32,0.1170480421019896,0.1321286208518967,0.015080578749907092,0.015080578749907092,AWAY_FROM_REFERENCE,0.07142857142857142,MINOR,1,231,,,ccba01c018b4b5c99dfb86cc31b977f0b4b6ae7ec3b2ff91b6984d000bf4b86b,0.17952593354921736,0.08516882140148463,0.609375,-22,True,352
SB0321,Ankle sprain,musculoskeletal mechanical-integrity and repair structure,overload-associated connective or myofascial fiber disruption,established_478,75bf420862c54c746062424d573e3112e72a5548353969fcff69d3a4185504f8,105,56,3,3,56,6,0.20663010508671653,0.21692683317339112,0.01029672808667459,0.01029672808667459,AWAY_FROM_REFERENCE,0.02857142857142857,MINOR,1,231,,,2ad6af0e2739896fa8d32aefb7ddcc46914bd629e69cc965db9d31e70d9bdd18,0.17947281944660454,0.09539368225195677,0.5625,0,True,353
SB4592,Renal graft loss,renal glomerular-tubular filtration and fluid-balance structure,loss or absence of the named structural component or regulated function,remaining_5256,cea06b64160a4d4fa629f4151bb9fd58210014d2596ab3a04a5e825da11da7bd,91,27,6,1,22,7,0.16383355020821244,0.17780682964200778,0.013973279433795338,0.013973279433795338,AWAY_FROM_REFERENCE,0.01098901098901099,MINOR,1,231,,,3473cdf45e1c44c36d96ee1ad3ef8b424c7828fe0ad26ac8355776d074d0b44c,0.17919416376042024,0.09505385824441492,0.5625,5,True,354
SB4932,Slow speech,dominant-hemisphere language-processing and speech-planning network,"altered configuration or regulated output of the named structure, expressed as the state described by slow speech",remaining_5256,aad4c751ff0d93b0b27412098dc86f17ed0f5d5669a858b6ab5c1462bac2f3c5,231,88,1,6,93,7,0.15348978879374264,0.16913305806379886,0.015643269270056215,0.015643269270056215,AWAY_FROM_REFERENCE,0.025974025974025976,MINOR,1,230,,,f361cb59e3d92e06a7624a43e31b775e35774b6d391518a4ee9494ee8118bee9,0.17915932618603128,0.09501137339759913,0.5625,-5,True,355
SB4329,Pressure of speech,dominant-hemisphere language-processing and speech-planning network,"altered configuration or regulated output of the named structure, expressed as the state described by pressure of speech",remaining_5256,82d4aac500825f6f07a893e0fb1dd928a440a6da3d643428cffbc9be66939513,231,84,0,10,94,10,0.16147287749336448,0.17824079738827814,0.016767919894913663,0.016767919894913663,AWAY_FROM_REFERENCE,0.04329004329004329,MINOR,1,230,,,05684e36d19cf68cff5e5e9df6eba61a413bebdecd860cb8f8b003b0fa3efeee,0.17913765955551694,0.10012976775063043,0.5390625,-10,True,356
SB3659,Night sweats,eccrine-apocrine sweat-gland secretory structure,"altered configuration or regulated output of the named structure, expressed as the state described by night sweats",remaining_5256,ccffd41e12123ab60164a465f5783a448a9761fb7f1edb6617ce027d2c97c986,105,50,10,2,42,12,0.19084557091040444,0.20176880417636323,0.010923233265958787,0.010923233265958787,AWAY_FROM_REFERENCE,0.01904761904761905,MINOR,1,174,,,3c0ec50e7f4eb545205a2f21e0f26c131ab2a452e1055b7babac5c1af70df515,0.17906843741310122,0.08289596025987955,0.6171875,8,True,357
SB3362,Microhemorrhage,vascular wall and hemostatic integrity structure,vascular integrity breach with blood loss from the named structure,remaining_5256,2ff59c9913df0242f5ac5ac80a5d328621a3d3ffc1b47cc126506326d82a1765,325,205,4,18,219,22,0.22338599321166097,0.23489058266151486,0.011504589449853886,0.011504589449853886,AWAY_FROM_REFERENCE,0.055384615384615386,MINOR,1,210,,,1dcf84f258ab72433a1e9735ef135e1cca9c23aa1d4dd9dc9c0cd1db355e03b4,0.17885124238018188,0.08777590534168522,0.59375,-14,True,358
SB2434,Heat exhaustion,whole-organism substrate utilization and cellular energy-production structure,"altered configuration or regulated output of the named structure, expressed as the state described by heat exhaustion",remaining_5256,592cd2f2ab472b9d990219a18eaf549cd4d685f30ab44cfb81b02a4e17160c6d,78,29,0,2,31,2,0.09630758566748232,0.10316127015750065,0.00685368449001833,0.00685368449001833,AWAY_FROM_REFERENCE,0.02564102564102564,MINOR,1,223,,,275a71606e65b95ae4cdf77125a401f6a0629cb74cbaf9c51d9db9bddcd7d1f4,0.17884568298525974,0.08605418656738995,0.6015625,-2,True,359
SB3275,Mechanical complication of implant,"implanted-device, catheter, or prosthesis tissue-interface structure","altered configuration or regulated output of the named structure, expressed as the state described by mechanical complication of implant",remaining_5256,2d7920d912c30c74f78f7644f482c0c299bb6580dd7bc51bf48fda0f36a851d4,1431,589,26,63,626,89,0.14667838281441015,0.1584318866976555,0.011753503883245364,0.011753503883245364,AWAY_FROM_REFERENCE,0.0440251572327044,MINOR,1,223,,,b639adea3935ba6be6206962c3538f1568c02744071a7a4476652fda902fd066,0.17871195063431417,0.0876060373589197,0.59375,-37,True,360
SB1541,Diarrhoea,"intestinal mucosal barrier, smooth-muscle motility, and luminal transport structure",excess or abnormal fluid/material outflow from the named structure,remaining_5256,afbc9b77fae9b5781a9984066cd36698c2be4e249f546811f14eb7b96fd0222e,276,75,6,15,84,21,0.13833758098287552,0.15288430381548834,0.014546722832612824,0.014546722832612824,AWAY_FROM_REFERENCE,0.05434782608695652,MINOR,1,231,,,76d8704d97e10fa56ced31fd211b7e9b61332af73616ed1d5e1f1f8487b2d22f,0.1786664732551576,0.08583563811604589,0.6015625,-9,True,361
SB1542,Diarrhoea haemorrhagic,"intestinal mucosal barrier, smooth-muscle motility, and luminal transport structure",excess or abnormal fluid/material outflow from the named structure,remaining_5256,afbc9b77fae9b5781a9984066cd36698c2be4e249f546811f14eb7b96fd0222e,276,75,6,15,84,21,0.13833758098287552,0.15288430381548834,0.014546722832612824,0.014546722832612824,AWAY_FROM_REFERENCE,0.05434782608695652,MINOR,1,231,,,0a6d0c87df3cc9890cb66e3e0130e915d3d5e995e5ed74d9727e70f479f64f2b,0.1786664732551576,0.08583563811604589,0.6015625,-9,True,362
SB4264,Post procedural diarrhoea,"intestinal mucosal barrier, smooth-muscle motility, and luminal transport structure",excess or abnormal fluid/material outflow from the named structure,remaining_5256,afbc9b77fae9b5781a9984066cd36698c2be4e249f546811f14eb7b96fd0222e,276,75,6,15,84,21,0.13833758098287552,0.15288430381548834,0.014546722832612824,0.014546722832612824,AWAY_FROM_REFERENCE,0.05434782608695652,MINOR,1,231,,,0a3f93becc5ccd65e4bcdfc06a0c43d7c3c0bcbb6aea1ba30644d468d7790c07,0.1786664732551576,0.08583563811604589,0.6015625,-9,True,363
SB5676,Watery diarrhoea,"intestinal mucosal barrier, smooth-muscle motility, and luminal transport structure",excess or abnormal fluid/material outflow from the named structure,remaining_5256,afbc9b77fae9b5781a9984066cd36698c2be4e249f546811f14eb7b96fd0222e,276,75,6,15,84,21,0.13833758098287552,0.15288430381548834,0.014546722832612824,0.014546722832612824,AWAY_FROM_REFERENCE,0.05434782608695652,MINOR,1,231,,,4fe52c96d8720012f92e9640e5a17fad20cc42359f0af2f72725ff2b962dc308,0.1786664732551576,0.08583563811604589,0.6015625,-9,True,364
SB1699,Ear congestion,cochlear-mechanical and auditory-neural transduction structure,"altered configuration or regulated output of the named structure, expressed as the state described by ear congestion",remaining_5256,cd886ffcad71a22c0c7408b430af966fab5dc3845c0a81bfb0d060bd06ad117f,276,76,2,3,77,5,0.14063487971315303,0.1551796655733314,0.014544785860178377,0.014544785860178377,AWAY_FROM_REFERENCE,0.010869565217391304,MINOR,1,230,,,2159296275a01a4d01cec93c43fbe265fb6f7156f3bb1cf6f82189444f032b81,0.1786269543278037,0.08578744430219964,0.6015625,-1,True,365
SB4184,Platelet count normal,"platelet production, activation, adhesion, and aggregation structure",measured state within the declared reference range rather than a malformation,remaining_5256,e9e42d5bc07c50c8b2d63e4baef975748feff148492dec6fbdbba085b7e83aa4,15,5,1,2,6,3,0.14742818137767422,0.1598521480874835,0.012423966709809275,0.012423966709809275,AWAY_FROM_REFERENCE,0.13333333333333333,MINOR,1,230,,,573109aafa360c1d75d36b254b6fb0a66d8c918081dfe13780f6b9e6a46a4d88,0.17859691478516193,0.08060599364044141,0.625,-1,True,366
SB4033,Penile discharge,"male gonadal, ductal, accessory-gland, and reproductive-output structure",abnormal increase or ectopic release of secreted material,remaining_5256,3910a356862051e0ef830d21c60f8baca748048539f298adf4900bf6ba2593b9,190,97,3,2,96,5,0.13950092782171142,0.1511995752733386,0.011698647451627187,0.011698647451627187,AWAY_FROM_REFERENCE,0.010526315789473684,MINOR,1,223,,,78be7198035718ab2ab895d65e67f2a0c6e0545bcd9b6e00f5b949b51b98ad03,0.17856297222705153,0.09256917344762383,0.5703125,1,True,367
SB0871,Brugada syndrome,cardiac conduction and myocardial rhythm structure,departure from the reference structural configuration or regulated functional range,remaining_5256,a222464706295c055d516907c0d5c61b0f0b6efa137311f1197b0616e6057e59,21,5,0,1,6,1,0.14330558612002187,0.15715728785975802,0.013851701739736155,0.013851701739736155,AWAY_FROM_REFERENCE,0.047619047619047616,MINOR,1,231,,,6c139a7c6770fe36894652723b899dc387a8899c5c163aad6d2d95c9e23eb9d0,0.17851264192140248,0.0959376730748811,0.5546875,-1,True,368
SB1746,Electrocardiogram QRS complex abnormal,cardiac conduction and myocardial rhythm structure,departure from the reference structural configuration or regulated functional range,remaining_5256,a222464706295c055d516907c0d5c61b0f0b6efa137311f1197b0616e6057e59,21,5,0,1,6,1,0.14330558612002187,0.15715728785975802,0.013851701739736155,0.013851701739736155,AWAY_FROM_REFERENCE,0.047619047619047616,MINOR,1,231,,,10b1c88e7a39254a8bd26f1c6f2c0962028975ec60aff41b8776ec5e5e129865,0.17851264192140248,0.0959376730748811,0.5546875,-1,True,369
SB1751,Electrocardiogram QT interval abnormal,cardiac conduction and myocardial rhythm structure,departure from the reference structural configuration or regulated functional range,remaining_5256,a222464706295c055d516907c0d5c61b0f0b6efa137311f1197b0616e6057e59,21,5,0,1,6,1,0.14330558612002187,0.15715728785975802,0.013851701739736155,0.013851701739736155,AWAY_FROM_REFERENCE,0.047619047619047616,MINOR,1,231,,,9536472c00de3954d43bd535d433554db2cf1e7e30a8096136a6fe16fca56eda,0.17851264192140248,0.0959376730748811,0.5546875,-1,True,370
SB3168,Long QT syndrome,cardiac conduction and myocardial rhythm structure,departure from the reference structural configuration or regulated functional range,remaining_5256,a222464706295c055d516907c0d5c61b0f0b6efa137311f1197b0616e6057e59,21,5,0,1,6,1,0.14330558612002187,0.15715728785975802,0.013851701739736155,0.013851701739736155,AWAY_FROM_REFERENCE,0.047619047619047616,MINOR,1,231,,,ee54916c3d6273d8dbe6525d078c1495aa61f5ea8662c05a7987ba0c574fc1da,0.17851264192140248,0.0959376730748811,0.5546875,-1,True,371
SB4487,QRS axis abnormal,cardiac conduction and myocardial rhythm structure,departure from the reference structural configuration or regulated functional range,remaining_5256,a222464706295c055d516907c0d5c61b0f0b6efa137311f1197b0616e6057e59,21,5,0,1,6,1,0.14330558612002187,0.15715728785975802,0.013851701739736155,0.013851701739736155,AWAY_FROM_REFERENCE,0.047619047619047616,MINOR,1,231,,,fdca44d52eeae10b3ec667aff55e2a3213a0ae95d7de23cf4924765693c7e119,0.17851264192140248,0.0959376730748811,0.5546875,-1,True,372
SB0840,Breast pain,"mammary gland ductal-lobular, secretory, and surface structure",increased nociceptive signaling associated with local tissue or neural perturbation,remaining_5256,2dfdfcdcaa5570448ebbe625b280f43bd765dd82ad4e645daca9b2957a1b78a8,231,104,5,14,113,19,0.16640833185703874,0.17682443686955485,0.010416105012516108,0.010416105012516108,AWAY_FROM_REFERENCE,0.06060606060606061,MINOR,1,223,,,a0560b09036d027ac3ebbd93645e80c94aba9ef053a1c357e93759811a52718e,0.17834210449328075,0.0768653713332692,0.640625,-9,True,373
SB0841,Breast pain female,"mammary gland ductal-lobular, secretory, and surface structure",increased nociceptive signaling associated with local tissue or neural perturbation,remaining_5256,2dfdfcdcaa5570448ebbe625b280f43bd765dd82ad4e645daca9b2957a1b78a8,231,104,5,14,113,19,0.16640833185703874,0.17682443686955485,0.010416105012516108,0.010416105012516108,AWAY_FROM_REFERENCE,0.06060606060606061,MINOR,1,223,,,20f131b177bae8c9bb92941ce760558d86a17b7a414776898e9f2afda8cd357a,0.17834210449328075,0.0768653713332692,0.640625,-9,True,374
SB0842,Breast pain male,"mammary gland ductal-lobular, secretory, and surface structure",increased nociceptive signaling associated with local tissue or neural perturbation,remaining_5256,2dfdfcdcaa5570448ebbe625b280f43bd765dd82ad4e645daca9b2957a1b78a8,231,104,5,14,113,19,0.16640833185703874,0.17682443686955485,0.010416105012516108,0.010416105012516108,AWAY_FROM_REFERENCE,0.06060606060606061,MINOR,1,223,,,4f0655e048320441d4c7eb38fab495a9457e0bd0941cd4ecb931fa9455723fb8,0.17834210449328075,0.0768653713332692,0.640625,-9,True,375
SB0844,Breast tenderness,"mammary gland ductal-lobular, secretory, and surface structure",increased nociceptive signaling associated with local tissue or neural perturbation,remaining_5256,2dfdfcdcaa5570448ebbe625b280f43bd765dd82ad4e645daca9b2957a1b78a8,231,104,5,14,113,19,0.16640833185703874,0.17682443686955485,0.010416105012516108,0.010416105012516108,AWAY_FROM_REFERENCE,0.06060606060606061,MINOR,1,223,,,8cff4f9dd1aefe27b960d445781b44d883bbdf0e4d77e0b0bf6d0bd11b7bb927,0.17834210449328075,0.0768653713332692,0.640625,-9,True,376
SB3755,Oesophageal stenosis,"oesophageal mucosal, peristaltic, and sphincter-control structure",pathologic lumen narrowing with increased resistance to transit or flow,remaining_5256,94f5960db9ee5bd1ebda139934ff1fde719ece0c5f8caf72904a522d0aec8e0c,28,9,2,0,7,2,0.1646270010503954,0.17775357690400817,0.013126575853612765,0.013126575853612765,AWAY_FROM_REFERENCE,0.0,INFORMATIONAL,0,231,,,c3f3e951238521f7b27e61d31357a6e879dd49dbf4922a5a8572687a2bef08e9,0.1781000472751651,0.08857475277459159,0.5859375,2,True,377
SB3756,Oesophageal stenosis acquired,"oesophageal mucosal, peristaltic, and sphincter-control structure",pathologic lumen narrowing with increased resistance to transit or flow,remaining_5256,94f5960db9ee5bd1ebda139934ff1fde719ece0c5f8caf72904a522d0aec8e0c,28,9,2,0,7,2,0.1646270010503954,0.17775357690400817,0.013126575853612765,0.013126575853612765,AWAY_FROM_REFERENCE,0.0,INFORMATIONAL,0,231,,,d1f4b58680e3fd5885c9d3b98de086282fdce5ee30b6a25160c805d76d3934ec,0.1781000472751651,0.08857475277459159,0.5859375,2,True,378
SB1977,Eyelids pruritus,"cutaneous epidermal-dermal barrier, appendage, vascular, and immune structure",aberrant cutaneous sensory signaling associated with local barrier/immune perturbation,remaining_5256,bb1a203d7c2bd3803f7504fddc99ea35432762ef1410a4a6b4d4354e11d9009e,300,109,1,16,124,17,0.16502242966089076,0.18159085333035452,0.01656842366946376,0.01656842366946376,AWAY_FROM_REFERENCE,0.05333333333333334,MINOR,1,231,,,77808f40cf7c2f04670cdd68ab6a63506aff92191e46c2b3063faa224a39fffb,0.1780406151557871,0.09193215262900867,0.5703125,-15,True,379
SB3912,Painful ejaculation,"male gonadal, ductal, accessory-gland, and reproductive-output structure","altered configuration or regulated output of the named structure, expressed as the state described by painful ejaculation",remaining_5256,8278ff9b866a099078db20aaef522605aae294883601ccdce45b6838df4b8153,190,81,4,3,80,7,0.13202778769551038,0.14305287107079456,0.011025083375284184,0.011025083375284184,AWAY_FROM_REFERENCE,0.015789473684210527,MINOR,1,223,,,ff3580d98f8d5d04100ff13f4d92a196e43d27bea7434ffa2e614072341333ef,0.17803266211380714,0.08506269769976482,0.6015625,1,True,380
SB3171,Loose stools,"intestinal mucosal barrier, smooth-muscle motility, and luminal transport structure","altered configuration or regulated output of the named structure, expressed as the state described by loose stools",remaining_5256,d9c13e00d4c31eb1e78284ac41c9e02785b34a944baf1053d62a352d9e909209,276,86,6,14,94,20,0.11302862542610603,0.1269644527347138,0.013935827308607762,0.013935827308607762,AWAY_FROM_REFERENCE,0.050724637681159424,MINOR,1,231,,,e0ebc76cde2764ae1d2f616b58fa8befa2f332a9d69c9b8cb9ca67b5530dc8ad,0.1779791010238243,0.08499737929734674,0.6015625,-8,True,381
SB4443,Pulmonary microemboli,"pulmonary airway-alveolar, pleural, and gas-exchange structure","altered configuration or regulated output of the named structure, expressed as the state described by pulmonary microemboli",remaining_5256,53511feee9c81d978b969ba9820d36af5af00b714dd531daf5c136ab4afe011c,36,18,1,0,17,1,0.19070216530244521,0.20099490017718813,0.010292734874742915,0.010292734874742915,AWAY_FROM_REFERENCE,0.0,INFORMATIONAL,0,231,,,f6d5f238a13ec7fe989e0e2436909c43091900b56ef8a5de23e5735081b0d886,0.17786518032883572,0.09171820771809236,0.5703125,1,True,382
SB0825,Breast discomfort,"mammary gland ductal-lobular, secretory, and surface structure",abnormal sensory-autonomic signaling indicating departure from the reference local functional state,remaining_5256,1c17f8f8e790e35028999cebeb7d1b40e7026c43d408f7b83799575fe3b25ba3,231,106,4,8,110,12,0.151018505204213,0.16276091429964512,0.011742409095432116,0.011742409095432116,AWAY_FROM_REFERENCE,0.03463203463203463,MINOR,1,223,,,4e28062e5ed8ec46cc0260f0a239a96ba396cc80feb3a8c1324d69534b08c623,0.17782523364672279,0.09166949225210097,0.5703125,-4,True,383
SB1763,Electrocardiogram U wave present,"cardiac conduction, depolarization, repolarization, and rhythm structure",detectable presence of the named material/state where the reference condition is absent or lower,remaining_5256,57bd6fbff7e3e708dadbeea2b4e796fbd36810f61ca14cfc73419bc7c0bdef04,703,208,12,31,227,43,0.11543767673697825,0.1285106687835138,0.013072992046535559,0.013072992046535559,AWAY_FROM_REFERENCE,0.044096728307254626,MINOR,1,230,,,1a45fedd09793436956f23cf8fcdb81dd93539f40ebee16c1e26e530e9ab8687,0.17765414634070148,0.09146084919597741,0.5703125,-19,True,384
SB1761,Electrocardiogram T wave amplitude decreased,"cardiac conduction, depolarization, repolarization, and rhythm structure",measured or functional quantity shifted below its reference structural range,remaining_5256,41a30e639d3fbb4a8dd986788e654c1b88264b6ec8fa0f05c3fd8d902e2db0f3,703,249,22,29,256,51,0.1289381643034937,0.1393801536256385,0.010441989322144796,0.010441989322144796,AWAY_FROM_REFERENCE,0.041251778093883355,MINOR,1,230,,,e13df1f8c4a185bae585ea01e1a5d9acbc0d1894a43072e30b240d5596658b60,0.1776250521183969,0.08799549038828891,0.5859375,-7,True,385
SB0219,Alcohol intoxication,central neural ethanol-response structure,chemical burden exceeding or altering the reference exposure-clearance state,established_478,af19bdd6d2a7196d2fbccdeb5e7324cf364bea9367fa3b08a33d156cbaf05c8f,36,17,0,1,18,1,0.23340598917584043,0.2581486346404034,0.02474264546456295,0.02474264546456295,AWAY_FROM_REFERENCE,0.027777777777777776,MINOR,1,231,230,230,66ee6741320fbdd00afeeaf16370b5b7bc5842356153a4127f561d15a54df10b,0.17760208536175248,0.07939278702652741,0.625,-1,True,386
SB2433,Heartburn,"oesophageal mucosal, peristaltic, and sphincter-control structure","altered configuration or regulated output of the named structure, expressed as the state described by heartburn",remaining_5256,7dfc9e4d0cb2786196ebd77db0884025da258485f77875e37b8ec08dc6a4cea3,28,8,0,1,9,1,0.11736717482280035,0.13163136127611863,0.014264186453318284,0.014264186453318284,AWAY_FROM_REFERENCE,0.03571428571428571,MINOR,1,231,,,b318cd3668f78b4b1f1f617f46e5206e7256f9cfcebf426b9e04e98de89466de,0.17751957600021726,0.0878668609758747,0.5859375,-1,True,387
SB0250,Amaurosis,retinal-optic-cortical visual-signal structure,severe or complete loss of visual signal formation or transmission,established_478,9c374d15509b111ca861d292bc7c380b9df8c2e92eb056ae4e21dc745b398e02,120,69,3,9,75,12,0.1717805367387697,0.1825799415630175,0.010799404824247794,0.010799404824247794,AWAY_FROM_REFERENCE,0.075,MINOR,1,223,,,5f522cbeeab2c7f8a1a082e4b4d3eaf78c58565bb464bf21f7e82a966f2959ed,0.17750312473446694,0.08613185943227675,0.59375,-6,True,388
SB0251,Amaurosis fugax,retinal-optic-cortical visual-signal structure,severe or complete loss of visual signal formation or transmission,established_478,9c374d15509b111ca861d292bc7c380b9df8c2e92eb056ae4e21dc745b398e02,120,69,3,9,75,12,0.1717805367387697,0.1825799415630175,0.010799404824247794,0.010799404824247794,AWAY_FROM_REFERENCE,0.075,MINOR,1,223,,,18b55a5366572dd19249100e72b7cc05366422e94a8792e70f4d8cbea95575af,0.17750312473446694,0.08613185943227675,0.59375,-6,True,389
SB0273,Anal abscess,anorectal mucosal and perianal tissue integrity/inflammatory structure,localized inflammatory cavity with tissue breakdown and accumulated cellular/fluid contents,established_478,521da60b24c6fea67c47632a6ead5aeaabaa79478d03d00416aed894998d0dc2,28,9,0,1,10,1,0.13045577813103004,0.13842773881859194,0.007971960687561896,0.007971960687561896,AWAY_FROM_REFERENCE,0.03571428571428571,MINOR,1,231,,,8756c3f1d631e41d953b8d017d5bfdc30b50e19fc66a3040e7191c91708cca62,0.1774639517824767,0.08779902656399596,0.5859375,-1,True,390
SB0824,Breast discharge,"mammary gland ductal-lobular, secretory, and surface structure",abnormal increase or ectopic release of secreted material,remaining_5256,806d01ce0d4e47f1ecf9f5764c394801bbee2b527b7486fc27be898179a4e1a2,231,108,1,13,120,14,0.1727513715942659,0.187122991459453,0.01437161986518709,0.01437161986518709,AWAY_FROM_REFERENCE,0.05627705627705628,MINOR,1,223,,,53ed12e337c9435d05a0d0378badb501b00c9dfe1579628ba8163d55dbda0fa9,0.1774272518546852,0.08775427055449414,0.5859375,-12,True,391
SB2030,Feeling of body temperature change,central-peripheral thermoregulatory heat-production and heat-loss structure,"altered configuration or regulated output of the named structure, expressed as the state described by feeling of body temperature change",remaining_5256,e3b28c36fca345b2f6407179ac16953dfea37438e417c0d805d858debde311ee,3,3,2,0,1,2,0.09159224410841615,0.10109313349049442,0.00950088938207827,0.00950088938207827,AWAY_FROM_REFERENCE,0.0,INFORMATIONAL,0,174,,,6101e31a01f4ff55cd646bcdd81920e786d83768ee23c31e3088e17e3605edd9,0.1773465689721475,0.08594093777091161,0.59375,2,True,392
SB5112,Sweating,eccrine-apocrine sweat-gland secretory structure,"altered configuration or regulated output of the named structure, expressed as the state described by sweating",remaining_5256,dcf1905f7063b3962560da5ccd850077dab07fab1f458118367cb1b9b1982428,105,50,7,1,44,8,0.18612875798327044,0.19712827866113236,0.010999520677861918,0.010999520677861918,AWAY_FROM_REFERENCE,0.009523809523809525,MINOR,1,174,,,4d19686f612ef18fef85adc170ec795876c529243af8f00287a54bb2f44eaeba,0.17729300732070719,0.084160679659399,0.6015625,6,True,393
SB0833,Breast malformation,"mammary gland ductal-lobular, secretory, and surface structure","developmental patterning deviation producing absent, incomplete, or abnormally organized structure",remaining_5256,11feb30e496f2bd270fd3c440c299d676dc8e9da82af62465501531cd300077f,231,94,6,15,103,21,0.14967880896785246,0.16609198119590318,0.01641317222805072,0.01641317222805072,AWAY_FROM_REFERENCE,0.06493506493506493,MINOR,1,223,,,a2614d8cd78aba8fde2cccd057dbce09db8b887d11e87332f94068e8443f0dbd,0.17722844388073722,0.08579688278138686,0.59375,-9,True,394
SB0691,Blood creatinine normal,renal glomerular-tubular filtration and fluid-balance structure,measured state within the declared reference range rather than a malformation,remaining_5256,c25520dad0008dbce1e823f08cc128c79fb4c854d39d0660f0e0ff29d3ff409d,91,30,4,0,26,4,0.17285255646686437,0.18398652506860314,0.011133968601738764,0.011133968601738764,AWAY_FROM_REFERENCE,0.0,INFORMATIONAL,0,231,,,f975f513d648e7ae3217a4061d228e9022ddf36d2e3ef9ffbbe30356fe6ea604,0.1772024412235737,0.08919505027265084,0.578125,4,True,395
SB0757,Blood urea normal,renal glomerular-tubular filtration and fluid-balance structure,measured state within the declared reference range rather than a malformation,remaining_5256,c25520dad0008dbce1e823f08cc128c79fb4c854d39d0660f0e0ff29d3ff409d,91,30,4,0,26,4,0.17285255646686437,0.18398652506860314,0.011133968601738764,0.011133968601738764,AWAY_FROM_REFERENCE,0.0,INFORMATIONAL,0,231,,,5945cf3b164a684e438d9efc784f5b4cfed767dceb7010972c1c17a53f9cc6a5,0.1772024412235737,0.08919505027265084,0.578125,4,True,396
SB1368,Creatinine normal,renal glomerular-tubular filtration and fluid-balance structure,measured state within the declared reference range rather than a malformation,remaining_5256,c25520dad0008dbce1e823f08cc128c79fb4c854d39d0660f0e0ff29d3ff409d,91,30,4,0,26,4,0.17285255646686437,0.18398652506860314,0.011133968601738764,0.011133968601738764,AWAY_FROM_REFERENCE,0.0,INFORMATIONAL,0,231,,,c5a0fc444ede21d999fae96e860845dbfe6d738536a3ad123c2f0a006c10b456,0.1772024412235737,0.08919505027265084,0.578125,4,True,397
SB4600,Renal papillary necrosis,renal glomerular-tubular filtration and fluid-balance structure,loss of cellular viability with local tissue structural breakdown,remaining_5256,d970a503e0c2cff288dc0f8c595c3e0c9d099b87ee0aac74528f56fed5fb8331,91,40,7,0,33,7,0.18222099309351814,0.1951635794957579,0.012942586402239775,0.012942586402239775,AWAY_FROM_REFERENCE,0.0,INFORMATIONAL,0,231,,,24c017d1ce93ec76b240e8af779dc8357d7bae506d56cfd490020636f99a59ee,0.17719618892768677,0.08747248649717898,0.5859375,7,True,398
SB4604,Renal tubular necrosis,renal glomerular-tubular filtration and fluid-balance structure,loss of cellular viability with local tissue structural breakdown,remaining_5256,d970a503e0c2cff288dc0f8c595c3e0c9d099b87ee0aac74528f56fed5fb8331,91,40,7,0,33,7,0.18222099309351814,0.1951635794957579,0.012942586402239775,0.012942586402239775,AWAY_FROM_REFERENCE,0.0,INFORMATIONAL,0,231,,,f384fcc49819ce40372ee5332da340966bd49d428c1989e6e81f14125cdc2584,0.17719618892768677,0.08747248649717898,0.5859375,7,True,399
SB0070,Accidental ingestion,non-structural exposure event,"altered configuration or regulated output of the named structure, expressed as the state described by accidental ingestion",established_478,1124294ba1b8b7a61fc4d7c34c5721987e34507c1e19b27be25443220cd30107,36,19,1,1,19,2,0.28854143760614315,0.2914550452878224,0.0029136076816792533,0.0029136076816792533,AWAY_FROM_REFERENCE,0.027777777777777776,MINOR,1,231,,,5342b8665b0cdda3aff10cbfbcf8df54a737989b8868453067f713849acfa401,0.17717327117472115,0.08058478192039165,0.6171875,0,True,400
SB0708,Blood immunoglobulin G decreased,"circulating leukocyte production, distribution, and effector-cell structure",measured or functional quantity shifted below its reference structural range,remaining_5256,5aad8e4e8783036ea18405d86514fa9a0b474556f53ee7a88f44636862b1ace0,1830,528,66,84,546,150,0.1326416682896474,0.1386661007473351,0.0060244324576876895,0.0060244324576876895,AWAY_FROM_REFERENCE,0.04590163934426229,MINOR,1,231,,,5a146374bb264c87daa9918fbd32c3d3800ea17da3f284a1a196f58234674333,0.177000550402096,0.08037414683182442,0.6171875,-18,True,401
SB0720,Blood neutrophil count decreased,"circulating leukocyte production, distribution, and effector-cell structure",measured or functional quantity shifted below its reference structural range,remaining_5256,5aad8e4e8783036ea18405d86514fa9a0b474556f53ee7a88f44636862b1ace0,1830,528,66,84,546,150,0.1326416682896474,0.1386661007473351,0.0060244324576876895,0.0060244324576876895,AWAY_FROM_REFERENCE,0.04590163934426229,MINOR,1,231,,,c868d752116c9d667d7fd82d91e3151fe88924d381fc27c349257c1097149315,0.177000550402096,0.08037414683182442,0.6171875,-18,True,402
SB0905,CD4 lymphocytes decreased,"circulating leukocyte production, distribution, and effector-cell structure",measured or functional quantity shifted below its reference structural range,remaining_5256,5aad8e4e8783036ea18405d86514fa9a0b474556f53ee7a88f44636862b1ace0,1830,528,66,84,546,150,0.1326416682896474,0.1386661007473351,0.0060244324576876895,0.0060244324576876895,AWAY_FROM_REFERENCE,0.04590163934426229,MINOR,1,231,,,b1589fc66a46491cc131a92b728ec068d7341c6f94abe7f32ffe9165f8024de5,0.177000550402096,0.08037414683182442,0.6171875,-18,True,403
SB2158,Gammaglobulins decreased,"circulating leukocyte production, distribution, and effector-cell structure",measured or functional quantity shifted below its reference structural range,remaining_5256,5aad8e4e8783036ea18405d86514fa9a0b474556f53ee7a88f44636862b1ace0,1830,528,66,84,546,150,0.1326416682896474,0.1386661007473351,0.0060244324576876895,0.0060244324576876895,AWAY_FROM_REFERENCE,0.04590163934426229,MINOR,1,231,,,a8a343b9050a61271f59a36a1d57fe911fef7180bf2a784cf38d9ce591b4cdf8,0.177000550402096,0.08037414683182442,0.6171875,-18,True,404
SB2744,Immunoglobulin G low,"circulating leukocyte production, distribution, and effector-cell structure",measured or functional quantity shifted below its reference structural range,remaining_5256,5aad8e4e8783036ea18405d86514fa9a0b474556f53ee7a88f44636862b1ace0,1830,528,66,84,546,150,0.1326416682896474,0.1386661007473351,0.0060244324576876895,0.0060244324576876895,AWAY_FROM_REFERENCE,0.04590163934426229,MINOR,1,231,,,173f362d87f4d8cf6e68ec9f412f2d8490cbb8733f243b7f7efa407c78df5daa,0.177000550402096,0.08037414683182442,0.6171875,-18,True,405
SB2745,Immunoglobulins decreased,"circulating leukocyte production, distribution, and effector-cell structure",measured or functional quantity shifted below its reference structural range,remaining_5256,5aad8e4e8783036ea18405d86514fa9a0b474556f53ee7a88f44636862b1ace0,1830,528,66,84,546,150,0.1326416682896474,0.1386661007473351,0.0060244324576876895,0.0060244324576876895,AWAY_FROM_REFERENCE,0.04590163934426229,MINOR,1,231,,,104d6f993432f590b553a884f9c21610a8f79aa88e610c0358bd9948aa541674,0.177000550402096,0.08037414683182442,0.6171875,-18,True,406
SB3216,Lymphocyte count decreased,"circulating leukocyte production, distribution, and effector-cell structure",measured or functional quantity shifted below its reference structural range,remaining_5256,5aad8e4e8783036ea18405d86514fa9a0b474556f53ee7a88f44636862b1ace0,1830,528,66,84,546,150,0.1326416682896474,0.1386661007473351,0.0060244324576876895,0.0060244324576876895,AWAY_FROM_REFERENCE,0.04590163934426229,MINOR,1,231,,,53a1bc4243d23b94bc96bb4a47160d5f5f94312373191f808bbcfbe9d6a17e22,0.177000550402096,0.08037414683182442,0.6171875,-18,True,407
SB3390,Monocyte count decreased,"circulating leukocyte production, distribution, and effector-cell structure",measured or functional quantity shifted below its reference structural range,remaining_5256,5aad8e4e8783036ea18405d86514fa9a0b474556f53ee7a88f44636862b1ace0,1830,528,66,84,546,150,0.1326416682896474,0.1386661007473351,0.0060244324576876895,0.0060244324576876895,AWAY_FROM_REFERENCE,0.04590163934426229,MINOR,1,231,,,603f597b1fa1b3d169e81d613477c1fd895d52e5ea40d4a9c5d0b7672a6faf7f,0.177000550402096,0.08037414683182442,0.6171875,-18,True,408
SB3647,Neutrophil count decreased,"circulating leukocyte production, distribution, and effector-cell structure",measured or functional quantity shifted below its reference structural range,remaining_5256,5aad8e4e8783036ea18405d86514fa9a0b474556f53ee7a88f44636862b1ace0,1830,528,66,84,546,150,0.1326416682896474,0.1386661007473351,0.0060244324576876895,0.0060244324576876895,AWAY_FROM_REFERENCE,0.04590163934426229,MINOR,1,231,,,cd83c0f2dacec6cc121485cfef0b1e39abe90c68b7c04a792496979324a29558,0.177000550402096,0.08037414683182442,0.6171875,-18,True,409
SB5692,White blood cell count decreased,"circulating leukocyte production, distribution, and effector-cell structure",measured or functional quantity shifted below its reference structural range,remaining_5256,5aad8e4e8783036ea18405d86514fa9a0b474556f53ee7a88f44636862b1ace0,1830,528,66,84,546,150,0.1326416682896474,0.1386661007473351,0.0060244324576876895,0.0060244324576876895,AWAY_FROM_REFERENCE,0.04590163934426229,MINOR,1,231,,,8cb6e5e625971e61654492a9b738f7a0c580963c4ec2ffe0cc908534e80a4e61,0.177000550402096,0.08037414683182442,0.6171875,-18,True,410
SB5694,White blood cell count low,"circulating leukocyte production, distribution, and effector-cell structure",measured or functional quantity shifted below its reference structural range,remaining_5256,5aad8e4e8783036ea18405d86514fa9a0b474556f53ee7a88f44636862b1ace0,1830,528,66,84,546,150,0.1326416682896474,0.1386661007473351,0.0060244324576876895,0.0060244324576876895,AWAY_FROM_REFERENCE,0.04590163934426229,MINOR,1,231,,,26518b919a11708c7280501f3e8f4c473b69873d0e57bef9b07f06f479fd31cf,0.177000550402096,0.08037414683182442,0.6171875,-18,True,411
SB5388,Unspecified disorder of autonomic nervous system,sympathetic-parasympathetic autonomic-control network,departure from the reference structural configuration or regulated functional range,remaining_5256,9e1fb702f1bcc95ae0109889aca640a96a6d28584d2f5735f672f46635efa7e0,78,36,1,2,37,3,0.17728356660858147,0.19216877391662213,0.01488520730804066,0.01488520730804066,AWAY_FROM_REFERENCE,0.02564102564102564,MINOR,1,223,,,55a7e71a7927c764708da5b9abd2677aa6618ded0289fdca3042ffc133af0c39,0.17696401447527915,0.09404910301863312,0.5546875,-1,True,412
SB2739,Immune status,"systemic immune-recognition, signaling, and effector-response structure","altered configuration or regulated output of the named structure, expressed as the state described by immune status",remaining_5256,3031073e74f81cb8f74e704c4b4151327bb125fb2f4048654e2eea16f8ed872a,378,123,2,23,144,25,0.12213853683036979,0.13670437547289493,0.014565838642525142,0.014565838642525142,AWAY_FROM_REFERENCE,0.06084656084656084,MINOR,1,231,,,3a365ea99d1b4f04aae61327fa9ab3422ca3224116979487f5f017a11e889cfc,0.17689243585592695,0.09567675104381335,0.546875,-21,True,413
SB2023,Feces bloodstained,"intestinal mucosal barrier, smooth-muscle motility, and luminal transport structure","altered configuration or regulated output of the named structure, expressed as the state described by feces bloodstained",remaining_5256,ddb06717b5163ac4f1ede595a177ce5b478845df3e8d3038cf0fd4701c587a8c,276,102,4,12,110,16,0.11859777787197479,0.1322355346956272,0.013637756823652425,0.013637756823652425,AWAY_FROM_REFERENCE,0.043478260869565216,MINOR,1,231,,,2712e0d8315caec049029d2146e899314ad257661c66fa45f2baa17e9db874da,0.17681708666126505,0.08529522763568909,0.59375,-8,True,414
SB1840,Eosinophilic pneumonia,"circulating leukocyte production, distribution, and effector-cell structure",alveolar/airway inflammatory occupation with fluid-cellular exudate reducing gas-exchange surface,remaining_5256,4cfb2397bc646ff3d255b92c668a333b3e3ed204667de9b2c05913d244a07bcb,1830,607,45,73,635,118,0.13699787964834065,0.14790619460571808,0.01090831495737743,0.01090831495737743,AWAY_FROM_REFERENCE,0.03989071038251366,MINOR,1,231,,,c1d949716c5aa94752bcdca5b6c8f7928dd629ef49461eb4e316ead62df40cc2,0.17673280668810942,0.08862232522940172,0.578125,-28,True,415
SB3114,Linear IgA disease,cochlear-mechanical and auditory-neural transduction structure,"altered configuration or regulated output of the named structure, expressed as the state described by linear iga disease",remaining_5256,e023e7e5c40d5a555202eb3f875cc7057b3c78278dc02199b3bee73b3fd1d0b6,276,72,3,3,72,6,0.1416623718315665,0.15716179776725525,0.01549942593568876,0.01549942593568876,AWAY_FROM_REFERENCE,0.010869565217391304,MINOR,1,230,,,188fd67057a46bcc88b21c0743ff85b42ac9d34b9aa822fccf179bf547131ef0,0.17668471171674244,0.08856367282529565,0.578125,0,True,416
SB1705,Ear malformation,cochlear-mechanical and auditory-neural transduction structure,"developmental patterning deviation producing absent, incomplete, or abnormally organized structure",remaining_5256,9821ca760f3dc3bbe9b2e553061d32e11e8b3148a6f1fac2ddcb833430c51e99,276,82,4,6,84,10,0.17695332619086934,0.19312128932702255,0.016167963136153207,0.016167963136153207,AWAY_FROM_REFERENCE,0.021739130434782608,MINOR,1,230,,,3ffd5f158431868d197d7bd83d095c97c0d285c5a5858801be4a74f4d9c3dbb2,0.17653609055786548,0.07637785433886035,0.6328125,-2,True,417
SB1095,Cheyne-Stokes respiration,"pulmonary airway-alveolar, pleural, and gas-exchange structure","altered configuration or regulated output of the named structure, expressed as the state described by cheyne-stokes respiration",remaining_5256,60ca03511a056c5b3583aae5459bbf94fa837ce85fc88a044f52d07ec4b32c8f,36,17,1,0,16,1,0.1761175091395848,0.18542487032275312,0.009307361183168328,0.009307361183168328,AWAY_FROM_REFERENCE,0.0,INFORMATIONAL,0,231,,,b166f2f72ba7eab6e211f075182229603ecae41859fb7d5a695b21b5700516fc,0.17651786111307738,0.08664525745497242,0.5859375,1,True,418
SB0412,Application site irritation,local cutaneous inflammatory and microvascular structure,"altered configuration or regulated output of the named structure, expressed as the state described by application site irritation",established_478,678029111c424a718691b896b573568d76c406393fbb5ce1abaa14c287d5cb94,171,90,3,3,90,6,0.1963564935293357,0.206832095572397,0.010475602043061305,0.010475602043061305,AWAY_FROM_REFERENCE,0.017543859649122806,MINOR,1,231,,,649ec0fdb609e9d247be7f774b69aa9317a58e5bea688768bb173f9a60b1a685,0.17646271180327733,0.08657800219911871,0.5859375,0,True,419
SB0568,Balance difficulty,vestibular sensory-transduction and balance-control structure,reduced ability of the named structure/process to complete its normal regulated operation,remaining_5256,ddbe08adc8456dcd08d6cf610ce9cdba371911a6413bd563ef568154f6c0c31a,15,4,0,1,5,1,0.18833713723220635,0.2034918803429261,0.015154743110719737,0.015154743110719737,AWAY_FROM_REFERENCE,0.06666666666666667,MINOR,1,198,,,660651515fa6cb7d3450bf83144aee276113fcbdb6992f0b0cc89c187879707b,0.1764192630387582,0.08652501590092465,0.5859375,-1,True,420
SB3169,Long QT syndrome congenital,cardiac conduction and myocardial rhythm structure,"developmental patterning deviation producing absent, incomplete, or abnormally organized structure",remaining_5256,26c94e3426ab766acf0bfe250b1170f0dd54cf42b1fd354563faf9a1b605b5d0,21,6,0,1,7,1,0.17456732103513228,0.184602281851455,0.010034960816322713,0.010034960816322713,AWAY_FROM_REFERENCE,0.047619047619047616,MINOR,1,231,,,461f2845e2923f14a4a8e1b538983dc9fc46f01fe119c364070250913b6e3958,0.17639346067488265,0.08306367155473493,0.6015625,-1,True,421
SB2755,Implant expulsion,"implanted-device, catheter, or prosthesis tissue-interface structure","altered configuration or regulated output of the named structure, expressed as the state described by implant expulsion",remaining_5256,936d05ff53b85700a7f0bc0f629275dfac9aa24cf2cadab44a47c6c5c7cd4b17,1431,611,31,50,630,81,0.1470777531860359,0.15911452634575807,0.01203677315972218,0.01203677315972218,AWAY_FROM_REFERENCE,0.03494060097833683,MINOR,1,223,,,c97732e0a6b3da73bc0874a750c8eec85daf0bbdf488a29d7879078b6cb91969,0.17633349535828619,0.08813536019303192,0.578125,-19,True,422
SB1753,Electrocardiogram QT shortened,cardiac conduction and myocardial rhythm structure,event duration or measured interval reduced below the reference timing range,remaining_5256,9b766350b0672e07b3628f79a1c8ba9507fa431b790b54034ac7497d9f635316,21,5,0,1,6,1,0.13684315520783996,0.15171558450446543,0.014872429296625467,0.014872429296625467,AWAY_FROM_REFERENCE,0.047619047619047616,MINOR,1,231,,,bc9beb3850733c111120feb8a58c9c5e34c9d5478971368fdfae28a376779fe8,0.17620087037581442,0.0845437443607493,0.59375,-1,True,423
SB4227,Polycystic kidney,renal glomerular-tubular filtration and fluid-balance structure,"altered configuration or regulated output of the named structure, expressed as the state described by polycystic kidney",remaining_5256,b40af7f494bf4133c278f7d71d7b4d1f4e56c30476846a1fea80cbcf8b1b7210,91,28,6,1,23,7,0.12834629466090852,0.14221290892128158,0.013866614260373056,0.013866614260373056,AWAY_FROM_REFERENCE,0.01098901098901099,MINOR,1,231,,,09cf91b43771eea726c0c8034227d592d46b4468c1054d5311fc4d5863c9dbb1,0.1761831861382999,0.08623711724182914,0.5859375,5,True,424
SB1669,Dyslexia,dominant-hemisphere language-processing and speech-planning network,impaired mapping of written symbols to language representations,remaining_5256,0fe9c2ee005b9b64f3853513f73929dede19c3011686bcede380c68bd7149d05,231,129,1,6,134,7,0.23362204630323458,0.24689428526072443,0.013272238957489857,0.013272238957489857,AWAY_FROM_REFERENCE,0.025974025974025976,MINOR,1,230,,,f880fe4460a20290ee2f5f36cbcac0145d5760193d901c6e491f10f09c594c3c,0.17617995196974665,0.08794811215822762,0.578125,-5,True,425
SB3747,Oesophageal irritation,"oesophageal mucosal, peristaltic, and sphincter-control structure","altered configuration or regulated output of the named structure, expressed as the state described by oesophageal irritation",remaining_5256,4848a72d222475a24b93cde3c13e01da742b4ceaff17a5b9ee54ff3c7d9fe53e,28,8,0,1,9,1,0.12289405382119567,0.13713911441614401,0.014245060594948344,0.014245060594948344,AWAY_FROM_REFERENCE,0.03571428571428571,MINOR,1,231,,,53980950cbd6dffa8a143084e5925b1eb0f0dd2acfbd320b4f3b4b07d70b4862,0.17616298583942638,0.08792742175539803,0.578125,-1,True,426
SB4626,Respiratory insufficiency,"pulmonary airway-alveolar, pleural, and gas-exchange structure",reduced or unstable functional output insufficient to maintain the reference structural state,remaining_5256,7b31612150da81511e0e610e32e7d8771a7b474aaee7fe7953ecb31a6aa40471,36,21,1,0,20,1,0.18849669286604087,0.19738543358471783,0.008888740718676957,0.008888740718676957,AWAY_FROM_REFERENCE,0.0,INFORMATIONAL,0,231,,,43291602a343b41fe44f72f44f4a18b6dbed2b141250607b708c02ef0539442d,0.17609355423716722,0.08098299297215517,0.609375,1,True,427
SB4583,Renal colic,renal glomerular-tubular filtration and fluid-balance structure,episodic smooth-muscle contraction with associated luminal pressure and nociceptive signaling,remaining_5256,542cf1e94d9a449d2079e44d72599b64659582504a5e3b5ab74d1aea38b5e9ed,91,31,1,0,30,1,0.19559972856106567,0.20806022862836482,0.012460500067299152,0.012460500067299152,AWAY_FROM_REFERENCE,0.0,INFORMATIONAL,0,231,,,f3603db5c80091380fd9a6665d451c5ac2604d545ea0f2c59945bd9d1a3b78d2,0.1759256364035232,0.08420809317502831,0.59375,1,True,428
SB3934,Pancreatic pseudocyst,pancreatic endocrine-exocrine parenchymal and ductal structure,"altered configuration or regulated output of the named structure, expressed as the state described by pancreatic pseudocyst",remaining_5256,4bbaa2c668aa52aa560f2747baa7353a5eafd50fb034b89b8fb495ccb034aebd,91,35,5,4,34,9,0.13734283948564197,0.15362031308580537,0.016277473600163406,0.016277473600163406,AWAY_FROM_REFERENCE,0.04395604395604396,MINOR,1,230,,,64925cf2c868c3fe2640b54bd5772dfcdb38c7441eeee8dce0138914eebdbd15,0.17589139921822178,0.08588127953441682,0.5859375,1,True,429
SB1750,Electrocardiogram QT interval,cardiac conduction and myocardial rhythm structure,"altered configuration or regulated output of the named structure, expressed as the state described by electrocardiogram qt interval",remaining_5256,a7b668e7a6528591e4810db9d3781d0fde933a7fbc40eb3a3b795137b1699831,21,6,1,0,5,1,0.13487048430646842,0.14773347956802807,0.012862995261559651,0.012862995261559651,AWAY_FROM_REFERENCE,0.0,INFORMATIONAL,0,231,,,234890a0a60ed3fd12a06058940695831d5672744b7b668609807cb46f713421,0.17588633305650103,0.09273485738597687,0.5546875,1,True,430
SB4933,Sluggishness,whole-organism substrate utilization and cellular energy-production structure,"altered configuration or regulated output of the named structure, expressed as the state described by sluggishness",remaining_5256,86af8a18cf832e35037f3cabeb4a3d5ac8617786ae3265c692a68a9966e51309,78,28,0,5,33,5,0.10145376923824267,0.10854279223172059,0.007089022993477911,0.007089022993477911,AWAY_FROM_REFERENCE,0.0641025641025641,MINOR,1,223,,,74eb2ad1a517990187bef20c104af6d79d0d4c68f703c43957ac87c772c8dfc8,0.17573696153561164,0.08740787992147758,0.578125,-5,True,431
SB0074,Acetonaemia,hepatic ketone-production and systemic ketone-clearance structure,circulating ketone-body concentration above the reference metabolic state,established_478,44101447f8a3d0ff131cded736a0e6e007d9f1d211788e6ee8f4a0edc570b47d,15,4,1,0,3,1,0.14221478871706816,0.16274748045368592,0.02053269173661776,0.02053269173661776,AWAY_FROM_REFERENCE,0.0,INFORMATIONAL,0,230,,,4d2d2561e71f501a09381ca55c71c305f3c43200607c6d52a435de339f2beecc,0.17570498425900077,0.0925137003158546,0.5546875,1,True,432
SB1060,Cervical smear test positive,cochlear-mechanical and auditory-neural transduction structure,detectable presence of the measured target where the reference state is absent or lower,remaining_5256,e6c45b5a0416e1f3ba6cafdc593c8bc482d64336b345def4732788a15915b16d,276,84,0,4,88,4,0.14938380324949752,0.16293014935438976,0.013546346104892248,0.013546346104892248,AWAY_FROM_REFERENCE,0.014492753623188406,MINOR,1,230,,,86ba5b922a451bfa8282fd3a7e45b811ba62eb69c002679448a18761de4bbb1d,0.17569127486282565,0.08220734739368984,0.6015625,-4,True,433
SB3218,Lymphocyte transformation test positive,"circulating leukocyte production, distribution, and effector-cell structure",detectable presence of the measured target where the reference state is absent or lower,remaining_5256,b3d0307935c5d4ae4fccc3fde8be34b1a60d8d77d2af0f39a1fbde87a6356a66,1830,604,44,81,641,125,0.13932347711349047,0.14787707556458418,0.008553598451093714,0.008553598451093714,AWAY_FROM_REFERENCE,0.04426229508196721,MINOR,1,231,,,1955b9a0f2004b142d5dfdef08fc1a2aa3b0e470dd690a64169eba676fdff484,0.1755398659730972,0.08202270240621612,0.6015625,-37,True,434
SB5696,White blood cells urine positive,"circulating leukocyte production, distribution, and effector-cell structure",detectable presence of the measured target where the reference state is absent or lower,remaining_5256,b3d0307935c5d4ae4fccc3fde8be34b1a60d8d77d2af0f39a1fbde87a6356a66,1830,604,44,81,641,125,0.13932347711349047,0.14787707556458418,0.008553598451093714,0.008553598451093714,AWAY_FROM_REFERENCE,0.04426229508196721,MINOR,1,231,,,2f4d1058a1695e751865cb345e4f8cfaf05bc01a80154d48a47a87cef9ba7b99,0.1755398659730972,0.08202270240621612,0.6015625,-37,True,435
SB0934,Carbon dioxide decreased,pulmonary gas-exchange and extracellular acid-base transport structure,measured or functional quantity shifted below its reference structural range,remaining_5256,c66b22946f63ee0652f121e35c8546fe1ab0d0ce7ba59071fb6b9d3ba5233d84,406,166,17,11,160,28,0.14513115012144528,0.15035532838741805,0.005224178265972768,0.005224178265972768,AWAY_FROM_REFERENCE,0.027093596059113302,MINOR,1,231,,,adf5dfe3290d094a0e4510a0c06aa58be54c552423e143d2075dde8b8ddae407,0.17550879359019725,0.0768399921831674,0.625,6,True,436
SB4251,Poor urinary stream,"urethral lumen, mucosal, sphincter, and urine-flow structure","altered configuration or regulated output of the named structure, expressed as the state described by poor urinary stream",remaining_5256,a65489ad864c7684b1522c72bff852ec7f003e4dc4dabadcd47e71a3fa42de59,465,114,12,22,124,34,0.1354892196994515,0.14800253888242398,0.012513319182972493,0.012513319182972493,AWAY_FROM_REFERENCE,0.047311827956989246,MINOR,1,231,,,b288495b30bb36efbd13da5e09f895c2e7f037a21d8d327c0fbdb0619044f1bc,0.17545611720193907,0.08363550878285253,0.59375,-10,True,437
SB5070,Subileus,"intestinal mucosal barrier, smooth-muscle motility, and luminal transport structure","altered configuration or regulated output of the named structure, expressed as the state described by subileus",remaining_5256,e7490defd7f6f1def21b95c4df3462687f9cc0391108258cb0adb7fb06779b87,276,103,4,11,110,15,0.11884967812578007,0.13187571284902577,0.013026034723245705,0.013026034723245705,AWAY_FROM_REFERENCE,0.03985507246376811,MINOR,1,231,,,f0c55d5ba9135c23b8ed12a8793557ffb1fea7d25554cfaa19969f0d4bf3a658,0.17540576731842655,0.0818591674614958,0.6015625,-7,True,438
SB0709,Blood in stool,"intestinal mucosal barrier, smooth-muscle motility, and luminal transport structure","altered configuration or regulated output of the named structure, expressed as the state described by blood in stool",remaining_5256,cca6271299b928033475a699cc4bf92a994f56288858388a30a8712463197a67,276,85,3,12,94,15,0.11160234083521048,0.12523186081583815,0.013629519980627669,0.013629519980627669,AWAY_FROM_REFERENCE,0.043478260869565216,MINOR,1,231,,,6fc0aa5d7d37b06010e529472c116076777843a5da3d2e0a9e494bd8fd326ccd,0.1752904804700285,0.08343351276832744,0.59375,-9,True,439
SB0288,Anaphylactoid reaction,systemic mast-cell histamine vascular-airway response structure,"acute systemic mediator release causing widespread vascular-permeability, smooth-muscle, and barrier perturbation",established_478,4d07587b5a3cb23c016bae4e3afc6db96f7dd0ca95b36c34ff2e0b5d61c02c3c,435,189,9,10,190,19,0.14268662480719996,0.15045804205050017,0.007771417243300216,0.007771417243300216,AWAY_FROM_REFERENCE,0.022988505747126436,MINOR,1,222,,,0e6f7a7558f507369e04cf312ba3cdae68ea898d3706edb1fc56e1826fb4b3a3,0.17522648014060838,0.09021521968366875,0.5625,-1,True,440
SB0289,Anaphylactoid syndrome of pregnancy,systemic mast-cell histamine vascular-airway response structure,"acute systemic mediator release causing widespread vascular-permeability, smooth-muscle, and barrier perturbation",established_478,4d07587b5a3cb23c016bae4e3afc6db96f7dd0ca95b36c34ff2e0b5d61c02c3c,435,189,9,10,190,19,0.14268662480719996,0.15045804205050017,0.007771417243300216,0.007771417243300216,AWAY_FROM_REFERENCE,0.022988505747126436,MINOR,1,222,,,d0df04d733cc149fad77a6fed7bb5a1054065a51f521f1ca6744050a37d1da19,0.17522648014060838,0.09021521968366875,0.5625,-1,True,441
SB3240,Malabsorption,"intestinal mucosal barrier, smooth-muscle motility, and luminal transport structure","altered configuration or regulated output of the named structure, expressed as the state described by malabsorption",remaining_5256,0ca47be413f1555038e6ec56948c08160c973d08e08f8a34f87934468018d532,276,93,4,11,100,15,0.11482380808501036,0.1287008327668131,0.013877024681802741,0.013877024681802741,AWAY_FROM_REFERENCE,0.03985507246376811,MINOR,1,231,,,1071565e1815f82a06c30269ecdb1fc248bf0e00a1736382d99ca7e1fa40a3e1,0.17520368640774323,0.08504260537529662,0.5859375,-7,True,442
SB1901,Esophageal erosions,"oesophageal mucosal, peristaltic, and sphincter-control structure","altered configuration or regulated output of the named structure, expressed as the state described by esophageal erosions",remaining_5256,33bb0f436a701a98d7541f82ce25c0670382daf5815eb9aad07aa79718ae9728,28,8,0,1,9,1,0.10884672151665953,0.12365822597312315,0.01481150445646362,0.01481150445646362,AWAY_FROM_REFERENCE,0.03571428571428571,MINOR,1,231,,,924fe0c5d55825882977ccdcec120c98a4104e7375d79cb4a84562a26aa18299,0.17511139651389884,0.08835993477304738,0.5703125,-1,True,443
SB4724,Sarcoidosis,"systemic immune-recognition, signaling, and effector-response structure","abnormal structural accumulation, degeneration, remodeling, or chronic state within the named structure",remaining_5256,2fc0e754c396e9e6549ff2992238448ff801e34aa86561986480d96acbffcaad,378,119,2,16,133,18,0.09823437441592986,0.11154133689281687,0.013306962476887008,0.013306962476887008,AWAY_FROM_REFERENCE,0.042328042328042326,MINOR,1,231,,,908542933d0504336cfde1959af0755296e7eaa7d99644914a62dd60833bd390,0.1750396364524785,0.08998736152741282,0.5625,-14,True,444
SB5679,Wegener's granulomatosis,"systemic immune-recognition, signaling, and effector-response structure","abnormal structural accumulation, degeneration, remodeling, or chronic state within the named structure",remaining_5256,2fc0e754c396e9e6549ff2992238448ff801e34aa86561986480d96acbffcaad,378,119,2,16,133,18,0.09823437441592986,0.11154133689281687,0.013306962476887008,0.013306962476887008,AWAY_FROM_REFERENCE,0.042328042328042326,MINOR,1,231,,,ebca22612d2995d7ec54a10ac8f8c857bd627452b7eb856d94e77c759f8c681a,0.1750396364524785,0.08998736152741282,0.5625,-14,True,445
SB4440,Pulmonary infarction,"pulmonary airway-alveolar, pleural, and gas-exchange structure",sustained perfusion failure with loss of local tissue viability,remaining_5256,08be53cceb4e88d54450d370733a6ee875bbed53901711e9fc8d7b175b9c74b4,36,17,0,1,18,1,0.19217320389241954,0.19711813555698465,0.004944931664565111,0.004944931664565111,AWAY_FROM_REFERENCE,0.027777777777777776,MINOR,1,231,,,e786cd9aca6c93ffed31d2c3e727f44be5111f5f11034f135475c619cf3d8478,0.17501124312875493,0.0779481623521402,0.6171875,-1,True,446
SB1871,Erection prolonged,"male gonadal, ductal, accessory-gland, and reproductive-output structure",event duration or measured interval extended beyond the reference timing range,remaining_5256,a67cc92dd96be151617ea16aebc329ba269d0964068285af26586cf39d95e806,190,93,6,4,91,10,0.16667347884004657,0.17758830034091222,0.010914821500865646,0.010914821500865646,AWAY_FROM_REFERENCE,0.021052631578947368,MINOR,1,223,,,c627818b90748381a0afe32d641933a7f729b8f318810ecca34b7ac161ed9559,0.17490332107003848,0.08124642813419325,0.6015625,2,True,447
SB1534,Diabetic nephropathy,renal glomerular-tubular filtration and fluid-balance structure,failure of glucose-insulin regulation causing persistent abnormal circulating glucose and substrate handling,remaining_5256,40b3c1aa93d17121c13a326abff1646356e040a1e42b6cde3767b7522fc732b9,91,32,3,2,31,5,0.17512246279846555,0.18993812198583826,0.01481565918737271,0.01481565918737271,AWAY_FROM_REFERENCE,0.02197802197802198,MINOR,1,231,,,9401597dd527fa35a216623446528ba52d4426a68f18861e00f2305759f5903b,0.17490199668637985,0.08124481303217057,0.6015625,1,True,448
SB1718,Ectopic ossification,"bone formation, mineralized-matrix deposition, and skeletal-remodeling structure",mineralized bone formation within soft tissue outside the normal skeletal architecture,remaining_5256,64777a1aa8d848bf9cf01b55a701c119f3392af8d24b90c27cb9cb628b629fb8,406,139,7,15,147,22,0.12924905597649472,0.14051524555776096,0.01126618958126624,0.01126618958126624,AWAY_FROM_REFERENCE,0.03694581280788178,MINOR,1,230,,,32349a58b57b229e3eef7d2484476f66912c1cfe8c31d1e083c9a703d2aee510,0.17475328560657374,0.0827783970811875,0.59375,-8,True,449
SB1938,Extraskeletal ossification,"bone formation, mineralized-matrix deposition, and skeletal-remodeling structure",mineralized bone formation within soft tissue outside the normal skeletal architecture,remaining_5256,64777a1aa8d848bf9cf01b55a701c119f3392af8d24b90c27cb9cb628b629fb8,406,139,7,15,147,22,0.12924905597649472,0.14051524555776096,0.01126618958126624,0.01126618958126624,AWAY_FROM_REFERENCE,0.03694581280788178,MINOR,1,230,,,af9650f46ca8a0c471afa05cccb0f13a04d6a12a03f015532d915c3635b53f01,0.17475328560657374,0.0827783970811875,0.59375,-8,True,450
SB4034,Penile haematoma,"male gonadal, ductal, accessory-gland, and reproductive-output structure",vascular or tissue integrity breach with blood extravasation/accumulation,remaining_5256,63ceaafc22e8313a6e4574c7835be4349fcc1e6c693ac199f4746ac4f22c4169,190,99,4,5,100,9,0.17297581726022015,0.18349720036248296,0.010521383102262805,0.010521383102262805,AWAY_FROM_REFERENCE,0.02631578947368421,MINOR,1,223,,,e4c0e1649362ea2c2c4740a52ca5dd915ca90b24e8b12eb5253e358ef3aabc35,0.17468558739878842,0.08098089926681518,0.6015625,-1,True,451
SB4035,Penile haemorrhage,"male gonadal, ductal, accessory-gland, and reproductive-output structure",vascular or tissue integrity breach with blood extravasation/accumulation,remaining_5256,63ceaafc22e8313a6e4574c7835be4349fcc1e6c693ac199f4746ac4f22c4169,190,99,4,5,100,9,0.17297581726022015,0.18349720036248296,0.010521383102262805,0.010521383102262805,AWAY_FROM_REFERENCE,0.02631578947368421,MINOR,1,223,,,6764205ef2f013cb11dfecbba2ce4bddbe84f5606166f1f7c86f40dfc6917beb,0.17468558739878842,0.08098089926681518,0.6015625,-1,True,452
SB2058,Fibroadenosis of breast,"mammary gland ductal-lobular, secretory, and surface structure","abnormal structural accumulation, degeneration, remodeling, or chronic state within the named structure",remaining_5256,30148ad17f4316c624b480b2cb52b8dfe3cbd6fdd759670b8298eba3a64c115f,231,90,3,14,101,17,0.13654549279872508,0.14867242879106235,0.012126935992337273,0.012126935992337273,AWAY_FROM_REFERENCE,0.06060606060606061,MINOR,1,223,,,e00d210f36c53fca42a56a95b36c84f18e1bd84f76a9e0155edf531cdee62039,0.17465822763517552,0.08437741175021407,0.5859375,-11,True,453
SB1736,Ejaculation delayed,"male gonadal, ductal, accessory-gland, and reproductive-output structure","altered configuration or regulated output of the named structure, expressed as the state described by ejaculation delayed",remaining_5256,5cbeb4920ca1eea4f633a9144740806d98f2fb9b6ec5accd3f2df8c19a712eec,190,80,3,5,82,8,0.12781110558265407,0.1383370835463127,0.010525977963658617,0.010525977963658617,AWAY_FROM_REFERENCE,0.02631578947368421,MINOR,1,223,,,74babab8dbb8b96f597e808f6a1146a0f36c8378381c2c19b5044115438dc3d5,0.17453387012565844,0.07908093917763226,0.609375,-2,True,454
SB0795,Bradyarrhythmia,cardiac conduction and myocardial rhythm structure,cardiac activation frequency below the reference rhythm range,remaining_5256,7822023b7c90fc4c184a2a290f88f84947021d8f3648379d1c0a4637fb9ed2f8,21,6,0,1,7,1,0.18900091197077395,0.20263107323534302,0.013630161264569063,0.013630161264569063,AWAY_FROM_REFERENCE,0.047619047619047616,MINOR,1,231,,,f9960b0cdb0f51c51919340b8564f289a795d1ac2d07dd0495f70bda0f3fb5de,0.17451778785322303,0.0842061437234427,0.5859375,-1,True,455
SB0796,Bradycardia,cardiac conduction and myocardial rhythm structure,cardiac activation frequency below the reference rhythm range,remaining_5256,7822023b7c90fc4c184a2a290f88f84947021d8f3648379d1c0a4637fb9ed2f8,21,6,0,1,7,1,0.18900091197077395,0.20263107323534302,0.013630161264569063,0.013630161264569063,AWAY_FROM_REFERENCE,0.047619047619047616,MINOR,1,231,,,b23552bffd1b495a507fba74daa6b2e32e07b877ed0beea87bc7abaec2f78ff6,0.17451778785322303,0.0842061437234427,0.5859375,-1,True,456
SB2994,Junctional bradycardia,cardiac conduction and myocardial rhythm structure,cardiac activation frequency below the reference rhythm range,remaining_5256,7822023b7c90fc4c184a2a290f88f84947021d8f3648379d1c0a4637fb9ed2f8,21,6,0,1,7,1,0.18900091197077395,0.20263107323534302,0.013630161264569063,0.013630161264569063,AWAY_FROM_REFERENCE,0.047619047619047616,MINOR,1,231,,,bf71479ee53b09e64085da6f0f66e97fd8ab37a6433991d566cc23af651191cc,0.17451778785322303,0.0842061437234427,0.5859375,-1,True,457
SB4561,Reflex bradycardia,cardiac conduction and myocardial rhythm structure,cardiac activation frequency below the reference rhythm range,remaining_5256,7822023b7c90fc4c184a2a290f88f84947021d8f3648379d1c0a4637fb9ed2f8,21,6,0,1,7,1,0.18900091197077395,0.20263107323534302,0.013630161264569063,0.013630161264569063,AWAY_FROM_REFERENCE,0.047619047619047616,MINOR,1,231,,,80c44fa22c9c22bda2decc2208c4806da1b896de42c69a8412bf996ddb9ae936,0.17451778785322303,0.0842061437234427,0.5859375,-1,True,458
SB4858,Sinus bradycardia,cardiac conduction and myocardial rhythm structure,cardiac activation frequency below the reference rhythm range,remaining_5256,7822023b7c90fc4c184a2a290f88f84947021d8f3648379d1c0a4637fb9ed2f8,21,6,0,1,7,1,0.18900091197077395,0.20263107323534302,0.013630161264569063,0.013630161264569063,AWAY_FROM_REFERENCE,0.047619047619047616,MINOR,1,231,,,9554ecdc5c0333c527173807e29045ba519942013fc3984532ef4f82bfc3a9f3,0.17451778785322303,0.0842061437234427,0.5859375,-1,True,459
SB1845,Epidermal naevus,"cutaneous epidermal-dermal barrier, appendage, vascular, and immune structure",localized tissue overgrowth or mass formation with altered normal architecture,remaining_5256,d4e7452d8e14aa11e6dec6e0e6e74f8910c7787ca499454a35f028b7ab6e86d0,300,149,6,11,154,17,0.20193835821502282,0.21898486296217579,0.01704650474715297,0.01704650474715297,AWAY_FROM_REFERENCE,0.03666666666666667,MINOR,1,231,,,49e174930411293a11739cd5ecb68900db5ca68f78c8f38c3a6b6c8418769eec,0.1744894327799062,0.0773118082681783,0.6171875,-5,True,460
SB0845,Breast tension,"mammary gland ductal-lobular, secretory, and surface structure","altered configuration or regulated output of the named structure, expressed as the state described by breast tension",remaining_5256,60429fbae6297600c9eb884af35081ab3b0f6801a835970566a857b89889d24b,231,109,2,14,121,16,0.15338142810051503,0.1680638410136711,0.014682412913156084,0.014682412913156084,AWAY_FROM_REFERENCE,0.06060606060606061,MINOR,1,223,,,dfa20f3d198eff4ec44ac715a7d2d6ad3ca37f9d275142820a7dbf2000a891d8,0.17446222061537026,0.08928319587240274,0.5625,-12,True,461
SB1700,Ear discomfort,cochlear-mechanical and auditory-neural transduction structure,abnormal sensory-autonomic signaling indicating departure from the reference local functional state,remaining_5256,ff8aa7cfbcf991e7ffb647bb210d859851d616912d9692144d4a44208488b1b6,276,72,1,15,86,16,0.15260643421471465,0.17087309070401013,0.018266656489295485,0.018266656489295485,AWAY_FROM_REFERENCE,0.05434782608695652,MINOR,1,230,,,dd4d82096ef7d615cbf2c90b474aa8019ad1dec94e8977bc3bcd1db6b4dd0800,0.17444087935857983,0.08754223092509739,0.5703125,-14,True,462
SB0224,Alertness decreased,ascending arousal and cortical-consciousness structure,measured or functional quantity shifted below its reference structural range,established_478,b3c11dd6c016eba6494fac27e358c7270d6bbc3b85e1d15ee459bbf5173b9d81,703,265,13,17,269,30,0.18374808688857236,0.19703096900214967,0.01328288211357731,0.01328288211357731,AWAY_FROM_REFERENCE,0.02418207681365576,MINOR,1,223,,,f2e0311aab83eb2a05d73dc749e9bc1bb8372bb2dd54fbfd4816579de971a64d,0.1743358961229109,0.0942739586864767,0.5390625,-4,True,463
SB1747,Electrocardiogram QRS complex prolonged,cardiac conduction and myocardial rhythm structure,event duration or measured interval extended beyond the reference timing range,remaining_5256,fe64392959eee8b6752fe6593ca5bec6004aadf5946ee36d53e5418742c8346d,21,4,1,1,4,2,0.14776129614468225,0.1604663928242409,0.012705096679558658,0.012705096679558658,AWAY_FROM_REFERENCE,0.047619047619047616,MINOR,1,231,,,aa9cd6e403da4d5811cfc23372c6d4ce36db2e4e20b6697393186ce82a32f145,0.17430741893535512,0.09423923040896964,0.5390625,0,True,464
SB1749,Electrocardiogram QT corrected interval prolonged,cardiac conduction and myocardial rhythm structure,event duration or measured interval extended beyond the reference timing range,remaining_5256,fe64392959eee8b6752fe6593ca5bec6004aadf5946ee36d53e5418742c8346d,21,4,1,1,4,2,0.14776129614468225,0.1604663928242409,0.012705096679558658,0.012705096679558658,AWAY_FROM_REFERENCE,0.047619047619047616,MINOR,1,231,,,63e45475be354b58a2899905e4cfd91c0c52c614d62ee4a1923c3c8ba794d09a,0.17430741893535512,0.09423923040896964,0.5390625,0,True,465
SB1752,Electrocardiogram QT prolonged,cardiac conduction and myocardial rhythm structure,event duration or measured interval extended beyond the reference timing range,remaining_5256,fe64392959eee8b6752fe6593ca5bec6004aadf5946ee36d53e5418742c8346d,21,4,1,1,4,2,0.14776129614468225,0.1604663928242409,0.012705096679558658,0.012705096679558658,AWAY_FROM_REFERENCE,0.047619047619047616,MINOR,1,231,,,ff4bd67ebe70210c752c6fb38353dc104c8581aadbe172bc7dcab8e11ee8703d,0.17430741893535512,0.09423923040896964,0.5390625,0,True,466
SB0132,Acute kidney injury,renal glomerular-tubular filtration and fluid-balance structure,externally imposed mechanical/thermal/chemical tissue-integrity disruption,established_478,9705c6c56a21bf03d9d46749ba6fd0dce3ad1cb38aba087f808e0f39a63ede6a,91,32,4,1,29,5,0.16056299178112354,0.17595823804487853,0.015395246263754991,0.015395246263754991,AWAY_FROM_REFERENCE,0.01098901098901099,MINOR,1,231,,,57e5a1b398845e119d5e1dac1a148845a87b937bcf805ac99668ba7479a2252c,0.17423008874618887,0.09071504725144985,0.5546875,3,True,467
SB3999,Parotid swelling,salivary-gland secretory and ductal-delivery structure,"excess fluid accumulation within interstitial, tissue, or cavity compartments",remaining_5256,62a589afed66a144088d9903da0d8406075ea23cb70bc72947fbe4dcc7d30be6,120,68,9,6,65,15,0.20398728320656656,0.20820866534012317,0.004221382133556606,0.004221382133556606,AWAY_FROM_REFERENCE,0.05,MINOR,1,231,,,1b309f7e171061fb9a3067eb8627bd198096e29b3038c338f2f73e680da75498,0.17422812211148547,0.09414252696522618,0.5390625,3,True,468
SB4334,Primary pulmonary hypertension,"pulmonary airway-alveolar, pleural, and gas-exchange structure",vascular pressure/load above the reference hemodynamic state,remaining_5256,94916bbd8ad5db1fd1dcf320c21966d87138b3cdea53ae49d3d97c559bc4652d,36,14,1,0,13,1,0.19824877317337486,0.2073879907301539,0.009139217556779045,0.009139217556779045,AWAY_FROM_REFERENCE,0.0,INFORMATIONAL,0,231,,,705a230ae0761a2dd605104b938e788598732586ddbba79a64e74421cff4aacd,0.17422666350583493,0.08213617500711579,0.59375,1,True,469
SB4430,Pulmonary arterial hypertension,"pulmonary airway-alveolar, pleural, and gas-exchange structure",vascular pressure/load above the reference hemodynamic state,remaining_5256,94916bbd8ad5db1fd1dcf320c21966d87138b3cdea53ae49d3d97c559bc4652d,36,14,1,0,13,1,0.19824877317337486,0.2073879907301539,0.009139217556779045,0.009139217556779045,AWAY_FROM_REFERENCE,0.0,INFORMATIONAL,0,231,,,2940400fb8784e1033863ceedcb51696fadffb751ab891f5b7a25a586c8165f5,0.17422666350583493,0.08213617500711579,0.59375,1,True,470
SB4438,Pulmonary hypertension,"pulmonary airway-alveolar, pleural, and gas-exchange structure",vascular pressure/load above the reference hemodynamic state,remaining_5256,94916bbd8ad5db1fd1dcf320c21966d87138b3cdea53ae49d3d97c559bc4652d,36,14,1,0,13,1,0.19824877317337486,0.2073879907301539,0.009139217556779045,0.009139217556779045,AWAY_FROM_REFERENCE,0.0,INFORMATIONAL,0,231,,,151644ce34283f3f91a21e7b8bd4dfbbcdce65064b3989d9a1c45509d930ff8d,0.17422666350583493,0.08213617500711579,0.59375,1,True,471
SB4758,Scrotal ulcer,"male gonadal, ductal, accessory-gland, and reproductive-output structure",localized epithelial or tissue-surface loss with reduced barrier continuity,remaining_5256,34e25fc308d387295e85d49816528074c34b5d9466d03985d84b7f8fde412d99,190,95,3,2,94,5,0.1678565475543674,0.17912407740257708,0.011267529848209668,0.011267529848209668,AWAY_FROM_REFERENCE,0.010526315789473684,MINOR,1,223,,,0ff55963146bb7f340dd1043335dc69da83b1441d6397ed6d80c0b6f6c299d9d,0.17414649369533713,0.08375334596992334,0.5859375,1,True,472
SB0591,Benign prostatic hyperplasia,"male gonadal, ductal, accessory-gland, and reproductive-output structure",increase in tissue mass or cellular content beyond the reference configuration,remaining_5256,c212c59d9bb3902e45535bbcce5b48886d26756a2793d321f81d7b6035bb9205,190,101,5,3,99,8,0.1565502451294174,0.1674875572536101,0.010937312124192689,0.010937312124192689,AWAY_FROM_REFERENCE,0.015789473684210527,MINOR,1,223,,,af17289e46cbcc7fd43e2e8bc5a088333de826d2ad33081139a281576932961d,0.1740877013796414,0.08196670899956271,0.59375,2,True,473
SB0592,Benign prostatic hypertrophy,"male gonadal, ductal, accessory-gland, and reproductive-output structure",increase in tissue mass or cellular content beyond the reference configuration,remaining_5256,c212c59d9bb3902e45535bbcce5b48886d26756a2793d321f81d7b6035bb9205,190,101,5,3,99,8,0.1565502451294174,0.1674875572536101,0.010937312124192689,0.010937312124192689,AWAY_FROM_REFERENCE,0.015789473684210527,MINOR,1,223,,,543848e8a7ad333dc0699d78ecf5a75c70d5dfd100777946d87cac773d915107,0.1740877013796414,0.08196670899956271,0.59375,2,True,474
SB4368,Prostatic hypertrophy,"male gonadal, ductal, accessory-gland, and reproductive-output structure",increase in tissue mass or cellular content beyond the reference configuration,remaining_5256,c212c59d9bb3902e45535bbcce5b48886d26756a2793d321f81d7b6035bb9205,190,101,5,3,99,8,0.1565502451294174,0.1674875572536101,0.010937312124192689,0.010937312124192689,AWAY_FROM_REFERENCE,0.015789473684210527,MINOR,1,223,,,51c8c89235c6a3454899ae96c258ba324d300632f11066df2df0d6b0ea0ee665,0.1740877013796414,0.08196670899956271,0.59375,2,True,475
SB4677,Retrograde ejaculation,"male gonadal, ductal, accessory-gland, and reproductive-output structure","altered configuration or regulated output of the named structure, expressed as the state described by retrograde ejaculation",remaining_5256,bbe3e19b65de355b2fc8c5ae4ab47009c83de370831a5ba39665d456dcb5c76a,190,81,4,5,82,9,0.13591339722962936,0.146705964313256,0.010792567083626636,0.010792567083626636,AWAY_FROM_REFERENCE,0.02631578947368421,MINOR,1,223,,,9e25cb7940a4da741aa9da86593ccf334b41569a1bcfa20a0bf7363c2c29cb6f,0.17406577025812606,0.08193996372942203,0.59375,-1,True,476
SB0203,Akinaesthesia,somatosensory movement-perception structure,abnormal sensory perception or sensory-transmission state,established_478,bb56baef634e47c723bb29ca21bbe9509e9c5875b8e02a2c596047450ffbee23,276,129,5,6,130,11,0.15146549764422912,0.16198147999218682,0.010515982347957697,0.010515982347957697,AWAY_FROM_REFERENCE,0.021739130434782608,MINOR,1,231,,,8d73bcc8620306ea9057b2b921448c6285596fbbe6fa0e43f8d09c72f59b16c1,0.17396599605995705,0.07152865373165496,0.640625,-1,True,477
SB4365,Prostatic adenoma,"male gonadal, ductal, accessory-gland, and reproductive-output structure",localized tissue overgrowth or mass formation with altered normal architecture,remaining_5256,9b66bf85ea39f04a451e10efcce821c4f5016f1fc1afee69a67659a59d85ac18,190,97,8,4,93,12,0.14276807398298463,0.15402999398961348,0.011261920006628845,0.011261920006628845,AWAY_FROM_REFERENCE,0.021052631578947368,MINOR,1,223,,,1464650e37c66ae4d85d518634e0c658df27a91db2586d360ef5d20dd6919e9f,0.1739623666179968,0.08009892270487418,0.6015625,4,True,478
SB4432,Pulmonary embolism,"pulmonary airway-alveolar, pleural, and gas-exchange structure",mobile intravascular obstruction with downstream perfusion loss,remaining_5256,f0eef5b02212ecf762aa23280feb59e2443898e1ea715083c9b19526fc7a0e68,36,21,1,0,20,1,0.2110453241005994,0.21768929118637836,0.006643967085778968,0.006643967085778968,AWAY_FROM_REFERENCE,0.0,INFORMATIONAL,0,231,,,f3c82340b4a10ec7bbb3628bc12df640f47188ac0a87d06df488e2f3c1bb715d,0.1739522704296016,0.08866130540195316,0.5625,1,True,479
SB4609,Repetitive speech,dominant-hemisphere language-processing and speech-planning network,"altered configuration or regulated output of the named structure, expressed as the state described by repetitive speech",remaining_5256,06b2e513a2fb743d3515d025b4ec975e28b37364670086cc933ec819c5b77496,231,88,1,6,93,7,0.1505214271372033,0.16590677301573775,0.015385345878534462,0.015385345878534462,AWAY_FROM_REFERENCE,0.025974025974025976,MINOR,1,230,,,41813c73ddfd3e32dde1e7da755b7c6e32dcf13d35291c607a952179170beea3,0.17392582084606079,0.0903439888366595,0.5546875,-5,True,480
SB2584,Hypereosinophilia,"circulating leukocyte production, distribution, and effector-cell structure","excess magnitude, activity, quantity, or tissue state above the reference configuration",remaining_5256,7122b66a06be9910bdf35786427c7f6d179d0eae3e9916be639287373008a898,1830,572,56,84,600,140,0.12109001115544582,0.12846614218762786,0.007376131032182043,0.007376131032182043,AWAY_FROM_REFERENCE,0.04590163934426229,MINOR,1,231,,,4dace3b2de661380bcc8a57783d447963e3d2c9f31e4fcb39d8d27817f5de73b,0.1738896750441885,0.07486545737096162,0.625,-28,True,481
SB2587,Hypergammaglobulinaemia,"circulating leukocyte production, distribution, and effector-cell structure","excess magnitude, activity, quantity, or tissue state above the reference configuration",remaining_5256,7122b66a06be9910bdf35786427c7f6d179d0eae3e9916be639287373008a898,1830,572,56,84,600,140,0.12109001115544582,0.12846614218762786,0.007376131032182043,0.007376131032182043,AWAY_FROM_REFERENCE,0.04590163934426229,MINOR,1,231,,,bb2fba6c4570f927ba09c558a6b1032060d0c8d990b7aa2329a77724d787ba5a,0.1738896750441885,0.07486545737096162,0.625,-28,True,482
SB4194,Pleurisy,"pleural membrane, pleural-space, and thoracic mechanical structure","altered configuration or regulated output of the named structure, expressed as the state described by pleurisy",remaining_5256,a9c43ff82b93236b81326872254b100fab87aad5a529ca4b9685f27d72c5e049,36,21,1,0,20,1,0.16295659753340286,0.1783104121707687,0.015353814637365848,0.015353814637365848,AWAY_FROM_REFERENCE,0.0,INFORMATIONAL,0,197,,,c2fa97f42f4a12ec2d96ec119baa1ffa60a645a71e65b261f0a369b125150899,0.1738612104022587,0.07483074439299842,0.625,1,True,483
SB2590,Hyperhidrosis,eccrine-apocrine sweat-gland secretory structure,"excess magnitude, activity, quantity, or tissue state above the reference configuration",remaining_5256,f226d08ddcdd03cc42a1d8f279a64e34917c504948801c7e58306f6e77344fc8,105,58,7,1,52,8,0.18753912119970884,0.19942342705917648,0.011884305859467648,0.011884305859467648,AWAY_FROM_REFERENCE,0.009523809523809525,MINOR,1,174,,,32034ec474de9743d04fd53298435bc2654a537e71dd40fc037a678abe068eba,0.17383526107186298,0.0868036720388573,0.5703125,6,True,484
SB0294,Anastomotic ulcer,anastomotic mucosal barrier and ulcer-healing structure,localized epithelial or tissue-surface loss with reduced barrier continuity,established_478,9dfb090f36d5bbf5d0b0c469cd104e46d2fa15ebe8ed3ced3e5290b672b214ec,45,21,2,1,20,3,0.15785970076719513,0.16867264970457707,0.010812948937381939,0.010812948937381939,AWAY_FROM_REFERENCE,0.022222222222222223,MINOR,1,231,,,2e1ed77558ed06ff782198be8136bd3bf8f360953eddecf93830e12fade034d3,0.17376746597560644,0.09015087314098347,0.5546875,1,True,485
SB3367,Micturition urgency,"urethral lumen, mucosal, sphincter, and urine-flow structure","altered configuration or regulated output of the named structure, expressed as the state described by micturition urgency",remaining_5256,158d846f6fe22a9e3008569f912046706ca723de3bf375204c8d72df6d0f13ac,465,123,11,20,132,31,0.14174488254124717,0.15546782271713877,0.013722940175891596,0.013722940175891596,AWAY_FROM_REFERENCE,0.043010752688172046,MINOR,1,231,,,85cfb3794a4b753a29b7b8faf92dc72289b469326df7513d99f31e5fb4597338,0.17375645410855506,0.08670756598604279,0.5703125,-9,True,486
SB3017,Kidney infection,renal glomerular-tubular filtration and fluid-balance structure,pathogen-associated occupation/invasion with host-defense activation and local structural disruption,remaining_5256,d3e0717d969962e754c5b10afe4c305b3a86929b0864e0a77fa4c5e05aa2adc9,91,29,4,1,26,5,0.14337729778451136,0.15690416188711342,0.013526864102602065,0.013526864102602065,AWAY_FROM_REFERENCE,0.01098901098901099,MINOR,1,231,,,a2933039740e858f76afd27b89a385c0209919125562a43ce1b38d91d8c4f629,0.17374389310217964,0.08497730866119468,0.578125,3,True,487
SB0815,Breast abscess,"mammary gland ductal-lobular, secretory, and surface structure",localized inflammatory cavity with tissue breakdown and accumulated cellular/fluid contents,remaining_5256,0286c1fd3b74948f0a4cb433a0b41296fbcc0dd07293e1307f7ca97ec1159a6a,231,110,5,14,119,19,0.1712695731227467,0.18320984066146173,0.011940267538715021,0.011940267538715021,AWAY_FROM_REFERENCE,0.06060606060606061,MINOR,1,223,,,403be48787e264f8288ccc9ef2e5389ee2b06886473e683b38ef8a72ad81727f,0.17369450355526475,0.07805732140885946,0.609375,-9,True,488
SB0133,Acute leukaemia,hematopoietic precursor proliferation structure,abnormal concentration or presence of the named material/cell state in circulating blood,established_478,36f339c9f265c5d474e59a82b44e73882494ba397e3790a59f21e17cacf5a870,78,42,0,5,47,5,0.206024523003824,0.22164514716094397,0.015620624157119956,0.015620624157119956,AWAY_FROM_REFERENCE,0.0641025641025641,MINOR,1,186,,,f4f7f04e8a51a159e05c16ca0a65d2162b5fb23e8f7af0fb6599f604617a1480,0.1735652644744367,0.08475946887126429,0.578125,-5,True,489
SB1515,Device breakage,"implanted-device, catheter, or prosthesis tissue-interface structure",mechanical or functional failure of an implanted/external device relative to its intended structural interface,remaining_5256,a12aa7adc2ec4aaed61668dfe56a88837410cedc9311a29427fc1fa05a289d6e,1431,624,24,51,651,75,0.15752766618325387,0.17088261927950388,0.01335495309625001,0.01335495309625001,AWAY_FROM_REFERENCE,0.03563941299790356,MINOR,1,223,,,6abd52c612b332492f2717a261054e1967f381635a6b305d92280a39b328362f,0.17355961332745623,0.08646751625299542,0.5703125,-27,True,490
SB1516,Device capturing issue,"implanted-device, catheter, or prosthesis tissue-interface structure",mechanical or functional failure of an implanted/external device relative to its intended structural interface,remaining_5256,a12aa7adc2ec4aaed61668dfe56a88837410cedc9311a29427fc1fa05a289d6e,1431,624,24,51,651,75,0.15752766618325387,0.17088261927950388,0.01335495309625001,0.01335495309625001,AWAY_FROM_REFERENCE,0.03563941299790356,MINOR,1,223,,,4bbfb5324552370af9b89ce7b146ea3800654b602cf6726fef7627af44eb4b65,0.17355961332745623,0.08646751625299542,0.5703125,-27,True,491
SB1517,Device dislocation,"implanted-device, catheter, or prosthesis tissue-interface structure",mechanical or functional failure of an implanted/external device relative to its intended structural interface,remaining_5256,a12aa7adc2ec4aaed61668dfe56a88837410cedc9311a29427fc1fa05a289d6e,1431,624,24,51,651,75,0.15752766618325387,0.17088261927950388,0.01335495309625001,0.01335495309625001,AWAY_FROM_REFERENCE,0.03563941299790356,MINOR,1,223,,,3a78cddd22676ee1a5a6f57232a986463577561ae4a22fb68b30889e1a777572,0.17355961332745623,0.08646751625299542,0.5703125,-27,True,492
SB1518,Device expulsion,"implanted-device, catheter, or prosthesis tissue-interface structure",mechanical or functional failure of an implanted/external device relative to its intended structural interface,remaining_5256,a12aa7adc2ec4aaed61668dfe56a88837410cedc9311a29427fc1fa05a289d6e,1431,624,24,51,651,75,0.15752766618325387,0.17088261927950388,0.01335495309625001,0.01335495309625001,AWAY_FROM_REFERENCE,0.03563941299790356,MINOR,1,223,,,68cd1e78a5b84396b3549fe8b75a5b310f531fe248ce2d6dff7b0ffadd14d3e2,0.17355961332745623,0.08646751625299542,0.5703125,-27,True,493
SB1519,Device interaction,"implanted-device, catheter, or prosthesis tissue-interface structure",mechanical or functional failure of an implanted/external device relative to its intended structural interface,remaining_5256,a12aa7adc2ec4aaed61668dfe56a88837410cedc9311a29427fc1fa05a289d6e,1431,624,24,51,651,75,0.15752766618325387,0.17088261927950388,0.01335495309625001,0.01335495309625001,AWAY_FROM_REFERENCE,0.03563941299790356,MINOR,1,223,,,be02f4163a6601be38c5e1ad704a94542887e4814642ef6857df8b1e80633ba1,0.17355961332745623,0.08646751625299542,0.5703125,-27,True,494
SB1520,Device malfunction,"implanted-device, catheter, or prosthesis tissue-interface structure",mechanical or functional failure of an implanted/external device relative to its intended structural interface,remaining_5256,a12aa7adc2ec4aaed61668dfe56a88837410cedc9311a29427fc1fa05a289d6e,1431,624,24,51,651,75,0.15752766618325387,0.17088261927950388,0.01335495309625001,0.01335495309625001,AWAY_FROM_REFERENCE,0.03563941299790356,MINOR,1,223,,,bf4a39f2d07685ab043bc3cc661bdf75002f05214f5b66ba10516d3351c629b5,0.17355961332745623,0.08646751625299542,0.5703125,-27,True,495
SB4845,Shutdown renal,renal glomerular-tubular filtration and fluid-balance structure,"altered configuration or regulated output of the named structure, expressed as the state described by shutdown renal",remaining_5256,9e415cb7d6531893f6ff703bfed14cb8feb5045a655c6d97d2caa3fd7d5c9ac3,91,32,11,1,22,12,0.13174679835802572,0.14460674635457837,0.012859947996552656,0.012859947996552656,AWAY_FROM_REFERENCE,0.01098901098901099,MINOR,1,231,,,fc8d18a0316bb7b6861bcdfa7c0857c5fec598ae3c10d42080a6a87f0a4fbc18,0.17351953835779077,0.08298876628998875,0.5859375,10,True,496
SB4190,Pleural effusion,"pleural membrane, pleural-space, and thoracic mechanical structure","excess fluid accumulation within interstitial, tissue, or cavity compartments",remaining_5256,5f42a79c876b975a5491ccee8a090d4ae95abce17d391e84e6a4ae1ed48952b9,36,22,0,1,23,1,0.18712029116293916,0.2023254780884869,0.015205186925547731,0.015205186925547731,AWAY_FROM_REFERENCE,0.027777777777777776,MINOR,1,197,,,fa288a5957652b7383491fadbb372708361f718c7b80a1acc718352e4d76c1d4,0.1735069828308839,0.08468839369619985,0.578125,-1,True,497
SB2198,Gastrointestinal fullness,"intestinal mucosal barrier, smooth-muscle motility, and luminal transport structure","altered configuration or regulated output of the named structure, expressed as the state described by gastrointestinal fullness",remaining_5256,14a10243d06310a7a60311b1fb5f20b97ef975452d37cc1a89d0a59c794d7dbe,276,95,6,12,101,18,0.12088888770421136,0.13484495063838076,0.0139560629341694,0.0139560629341694,AWAY_FROM_REFERENCE,0.043478260869565216,MINOR,1,231,,,850dbb4fbc4d76c71cfaa0ab87dffa59231eb6ecc31a7a289ec824bbd6d372b9,0.17350645267689113,0.08468774716694039,0.578125,-6,True,498
SB0276,Anal candidiasis,anorectal mucosal and perianal tissue integrity/inflammatory structure,"altered configuration or regulated output of the named structure, expressed as the state described by anal candidiasis",established_478,d49e188baf366a710e6108ae78f930062d4042bf02cbf089c7560d7ca9fde95b,28,8,3,1,6,4,0.09590223709981116,0.10332272109968055,0.007420483999869387,0.007420483999869387,AWAY_FROM_REFERENCE,0.03571428571428571,MINOR,1,231,,,ac96bdc1ef101dddd063faad63f221d291969b728990e63ef92245c33969ffb2,0.17343801958375232,0.08803417022408822,0.5625,2,True,499
SB1706,Ear pain,cochlear-mechanical and auditory-neural transduction structure,increased nociceptive signaling associated with local tissue or neural perturbation,remaining_5256,68b0955404343bea44b916788afe199b15ca1b07d1aac3da921bc82371bdac16,276,77,1,11,87,12,0.15226611478741436,0.16614303735411062,0.01387692256669626,0.01387692256669626,AWAY_FROM_REFERENCE,0.03985507246376811,MINOR,1,230,,,ed4d910b7c8aa86a8ab702c98ffbc1d8761e8c157cde5a32e33f243563eb91a3,0.17343101897372987,0.07259118167528034,0.6328125,-10,True,500
SB0278,Anal fissure,anorectal mucosal and perianal tissue integrity/inflammatory structure,linear structural split or tear through a tissue surface or wall,established_478,6913a1b281f283f94bd480159012541dfc18d403d3d0c0346a8237416b428dcb,28,8,2,0,6,2,0.12574267233429315,0.13525805546313618,0.009515383128843036,0.009515383128843036,AWAY_FROM_REFERENCE,0.0,INFORMATIONAL,0,231,,,3aed5a4713bd600c3f82c4e3edb32d38cabbd3583bab1a0350cec88f25fa2bd8,0.17342427734765656,0.0931622284727519,0.5390625,2,True,501
SB4186,Platelet dysfunction,"platelet production, activation, adhesion, and aggregation structure",reduced or unstable functional output insufficient to maintain the reference structural state,remaining_5256,d2a915b88b4274306b51147de7495b77a18681922754797a8655cf385d953c8d,15,2,0,2,4,2,0.15859619729620644,0.17237115308360962,0.013774955787403176,0.013774955787403176,AWAY_FROM_REFERENCE,0.13333333333333333,MINOR,1,230,,,4e219e380e22e4aec768af853e0ffe3fb161c96181ac7cbe3d3c59a0fcb2db91,0.17339238249196798,0.08111875913654631,0.59375,-2,True,502
SB0234,Allergic hepatitis,hepatocyte immune-inflammatory and metabolic integrity structure,"localized or systemic inflammatory activation with altered barrier, vascular, and cellular organization",established_478,cc259e22af9811bd135f21d2cfa6ac0d928cfd868c00c00cf822b73022957da8,666,276,15,30,291,45,0.15921025988281423,0.16527835487904152,0.006068094996227291,0.006068094996227291,AWAY_FROM_REFERENCE,0.04504504504504504,MINOR,1,231,,,437f4748e5ceb9adad4c655c4e910ba04e8604a9eb3c8911079c30db95ca7b88,0.17335624086971674,0.0845045620362399,0.578125,-15,True,503
SB0835,Breast microcalcification,"mammary gland ductal-lobular, secretory, and surface structure","altered configuration or regulated output of the named structure, expressed as the state described by breast microcalcification",remaining_5256,e788d09e8ccfe95ed4ab9c5e6c1bdfcc17205528a06a3f23f86afa31ad54b5a4,231,114,1,10,123,11,0.15142311106883632,0.16647118815324347,0.015048077084407141,0.015048077084407141,AWAY_FROM_REFERENCE,0.04329004329004329,MINOR,1,223,,,00ded5869eccae2dc522f80a214d46aa14990b3ee97c8ebd2a36b003ba135e39,0.17324908768750344,0.09466352157012614,0.53125,-9,True,504
SB3751,Oesophageal perforation,"oesophageal mucosal, peristaltic, and sphincter-control structure","altered configuration or regulated output of the named structure, expressed as the state described by oesophageal perforation",remaining_5256,7a584f2aa4b313c95542f95d9607747d618571b72acfa23bb5e151a5b6b5f482,28,8,0,1,9,1,0.12241380980989658,0.1364626303207075,0.014048820510810911,0.014048820510810911,AWAY_FROM_REFERENCE,0.03571428571428571,MINOR,1,231,,,d749e8ce1253610fc2e511e1a7551a06bbf094d1a985223c47bf840a7361856e,0.17318182929572418,0.08600680401917582,0.5703125,-1,True,505
SB3709,Obstipation,"intestinal mucosal barrier, smooth-muscle motility, and luminal transport structure","altered configuration or regulated output of the named structure, expressed as the state described by obstipation",remaining_5256,f9083896f549f31031ed1611e48287083cdd0d6a2c0d0bb5316dded2b99dbeb8,276,88,6,12,94,18,0.11290583500251172,0.12606454014835733,0.013158705145845606,0.013158705145845606,AWAY_FROM_REFERENCE,0.043478260869565216,MINOR,1,231,,,8a8d6fc16746b2e8e2a464874b68d24f1ea9b96188b7bfc27b4cb79d5e538a23,0.17314152182571024,0.07909789247037835,0.6015625,-6,True,506
SB0444,Arterial occlusion,arterial-lumen blood-flow and thrombotic-hemostasis structure,partial or complete luminal/pathway blockage with impaired transit or flow,established_478,1e1d121268f896a37c3868b00052dafb77a53404b2f4c5434d3205bb9b12b6ad,435,202,14,22,210,36,0.2005426802665834,0.21386490030176675,0.013322220035183352,0.013322220035183352,AWAY_FROM_REFERENCE,0.05057471264367816,MINOR,1,231,,,59d71d2fcf6457e1e21fa88c97e7354095cbe3cc0b292c72eafc6087bac644aa,0.1730692698391287,0.09272929248674233,0.5390625,-8,True,507
SB1162,Chylothorax,"pleural membrane, pleural-space, and thoracic mechanical structure","altered configuration or regulated output of the named structure, expressed as the state described by chylothorax",remaining_5256,925c5d2084049bbbad447a88256d967b860a376de4eb8b13302e723899d449a3,36,19,0,1,20,1,0.16763388990711037,0.18316393491602345,0.015530045008913085,0.015530045008913085,AWAY_FROM_REFERENCE,0.027777777777777776,MINOR,1,197,,,5c286de468ecec081d80fdfbddc908bc3c78817f7de9a7b9c88d76572b985c22,0.17306683407440931,0.0738619927736699,0.625,-1,True,508
SB2391,Haemothorax,"pleural membrane, pleural-space, and thoracic mechanical structure","altered configuration or regulated output of the named structure, expressed as the state described by haemothorax",remaining_5256,8b5d10d4b00984ab7af216978b7e7499a22fb106cd93c84c4f8b3cde283f9e28,36,19,0,1,20,1,0.16690310354138105,0.18257344085561278,0.01567033731423173,0.01567033731423173,AWAY_FROM_REFERENCE,0.027777777777777776,MINOR,1,197,,,55f851d6f064f48a49f0e5cdc4dd7cfd955021c33c7b0be43a8f822cc3c84148,0.1730668340744002,0.07386199277365879,0.625,-1,True,509
SB4367,Prostatic dysplasia,"male gonadal, ductal, accessory-gland, and reproductive-output structure",abnormal cellular maturation and tissue architecture relative to the normal differentiated pattern,remaining_5256,36cb99d8870af25a1a54f871edd5cce0dcc5612b64802dbac19383e9929be525,190,78,4,5,79,9,0.14090547465218228,0.15209089170261503,0.011185417050432744,0.011185417050432744,AWAY_FROM_REFERENCE,0.02631578947368421,MINOR,1,223,,,aaf7ebe880574c7237286b35856e4788f6d4068127dc29fab8522c3d3aa514a0,0.1729451130663815,0.08571812569070913,0.5703125,-1,True,510
SB2202,Gastrointestinal hypomotility,"intestinal mucosal barrier, smooth-muscle motility, and luminal transport structure","deficient magnitude, activity, quantity, or tissue state below the reference configuration",remaining_5256,6990b151f490602e33db2fd917b73932f170ed6a6e931263056337ccec9bff27,276,83,3,14,94,17,0.12735417338932553,0.14416939987891575,0.016815226489590218,0.016815226489590218,AWAY_FROM_REFERENCE,0.050724637681159424,MINOR,1,231,,,30c8e3728cab1b94c342dd9fc5f1568fcfffed1af4094a266fefe466a5a18857,0.17288042094339978,0.08735417188219485,0.5625,-11,True,511
SB2922,Intestinal hypomotility,"intestinal mucosal barrier, smooth-muscle motility, and luminal transport structure","deficient magnitude, activity, quantity, or tissue state below the reference configuration",remaining_5256,6990b151f490602e33db2fd917b73932f170ed6a6e931263056337ccec9bff27,276,83,3,14,94,17,0.12735417338932553,0.14416939987891575,0.016815226489590218,0.016815226489590218,AWAY_FROM_REFERENCE,0.050724637681159424,MINOR,1,231,,,b3800402279b50f07413104bb58a4166f3c70e438860451c00b5ca85b0236755,0.17288042094339978,0.08735417188219485,0.5625,-11,True,512
SB0536,Autoimmune thrombocytopenia,"platelet production, activation, adhesion, and aggregation structure",immune recognition directed against self-associated structures with sustained effector perturbation,remaining_5256,19aab52695c44ea385b2e27ae996d8f01206c2cedfca33bf814d7c49c6d0f529,15,3,0,1,4,1,0.12778094491380843,0.14134778586440944,0.013566840950601011,0.013566840950601011,AWAY_FROM_REFERENCE,0.06666666666666667,MINOR,1,230,,,40971c77c5bc0fea2a9d9d954e696ec80dfc277fc0f1f57cdc5362a50e80ec59,0.17285110361955416,0.0838885409994563,0.578125,-1,True,513
SB4197,Pleurothotonus,"pleural membrane, pleural-space, and thoracic mechanical structure","altered configuration or regulated output of the named structure, expressed as the state described by pleurothotonus",remaining_5256,2ad578e2b87d4b7e50e481886b74dcecbc62ff061abede701e3b463161867594,36,22,1,1,22,2,0.16939656865429187,0.1851788877285524,0.01578231907426053,0.01578231907426053,AWAY_FROM_REFERENCE,0.027777777777777776,MINOR,1,197,,,dca2a3e874995edcda8f6e94b6e6f7c8044482992293e1c04d73e4373360d154,0.1727983315867106,0.07524948973989098,0.6171875,0,True,514
SB1994,Faecaloma,"intestinal mucosal barrier, smooth-muscle motility, and luminal transport structure","altered configuration or regulated output of the named structure, expressed as the state described by faecaloma",remaining_5256,00e9911ef8eb97f99ce71cef216cd70514359821368423af690f3130d4656745,276,95,7,13,101,20,0.11765458384064542,0.13110090004978203,0.01344631620913661,0.01344631620913661,AWAY_FROM_REFERENCE,0.04710144927536232,MINOR,1,231,,,a62507a4b4b12c3d16fe3764d97c77680e8180bcbf998701bf00b76a86699516,0.17275004282441295,0.08033541807855238,0.59375,-6,True,515
SB1136,Chromosomal mutation,"genomic sequence, chromosomal organization, and developmental-expression structure","altered configuration or regulated output of the named structure, expressed as the state described by chromosomal mutation",remaining_5256,2416e54bdd8da1fda7abfc2273e0cbb877f2449260723f1d428ec0ed90a3946c,15,6,0,1,7,1,0.12357800371883221,0.13747189182283936,0.013893888104007157,0.013893888104007157,AWAY_FROM_REFERENCE,0.06666666666666667,MINOR,1,222,,,9167e66e415b7a41a60fd90a91b13470940769eb7f0109d919739f90519152c2,0.17273762597073952,0.08546509264724333,0.5703125,-1,True,516
SB1156,Chronic obstructive pulmonary disease,"pulmonary airway-alveolar, pleural, and gas-exchange structure",persistent airflow limitation from airway narrowing/remodeling and/or loss of elastic alveolar recoil,remaining_5256,04f83e6708cebcf1e159f226aef197fa4b8d124b8f6a444101703e1f66fd9ad3,36,15,2,0,13,2,0.189678085503298,0.1987737652543884,0.00909567975109038,0.00909567975109038,AWAY_FROM_REFERENCE,0.0,INFORMATIONAL,0,231,,,0924c3d4aa6555be52f5c403f83a5eb932e4ef10aecd81834f246ad6fa8c0a41,0.17273055671759432,0.08202659355804187,0.5859375,2,True,517
SB2676,Hypohidrosis,eccrine-apocrine sweat-gland secretory structure,"deficient magnitude, activity, quantity, or tissue state below the reference configuration",remaining_5256,5e5d686bc5a25f8c390e7746417da80abf7d40acd391d5f52d7a6c65175fa1dd,105,58,7,0,51,7,0.1914034606218491,0.20325496634268103,0.011851505720831934,0.011851505720831934,AWAY_FROM_REFERENCE,0.0,INFORMATIONAL,0,174,,,8a4999e5d16fc04c1ea71d8f8595b35882b016a5519677d6192f6f3a40df9b5a,0.17270094856461313,0.08542036410318676,0.5703125,7,True,518
SB1150,Chronic kidney disease,renal glomerular-tubular filtration and fluid-balance structure,"altered configuration or regulated output of the named structure, expressed as the state described by kidney disease",remaining_5256,9b79bbfeb6ff9506ce740beb5ce11ebede6d0afcc33373c989891a58e94dc571,91,26,4,2,24,6,0.12613095070000013,0.14006941516094662,0.013938464460946487,0.013938464460946487,AWAY_FROM_REFERENCE,0.02197802197802198,MINOR,1,231,,,5defd761ff909cbc39b3b3ebb9bb121f61241214a5d7db5a3e7afdec84b8643a,0.17268711221450633,0.08540349050549556,0.5703125,2,True,519
SB4369,Prostatic intraepithelial neoplasia,"male gonadal, ductal, accessory-gland, and reproductive-output structure","altered configuration or regulated output of the named structure, expressed as the state described by prostatic intraepithelial neoplasia",remaining_5256,13d735c4113e75a5280ebf024fb65b15d7bf5698c41a843c5d0d5a385f451fc6,190,92,4,3,91,7,0.13692625024755745,0.14810026706191093,0.011174016814353482,0.011174016814353482,AWAY_FROM_REFERENCE,0.015789473684210527,MINOR,1,223,,,62e3dfac61a016869c5a11d0ad75194c0243bf6848ed23645d73634f1663ec95,0.172636386643918,0.08534163005355855,0.5703125,1,True,520
SB0106,Acute anaphylaxis,systemic mast-cell histamine vascular-airway response structure,"exaggerated immune-recognition/effector activation causing barrier, vascular, or smooth-muscle perturbation",established_478,ea865a799ce56c31b78ea525172fb447e0ad0933bbcb8889baf0e0d2ad2b6d20,435,199,2,13,210,15,0.17392326959393678,0.18055283918056908,0.0066295695866323,0.0066295695866323,AWAY_FROM_REFERENCE,0.029885057471264367,MINOR,1,222,,,baa01e17899474170701f0689b9ae8c700508224aab67be395ab29ed0a263b00,0.17255862688395124,0.08696174010237956,0.5625,-11,True,521
SB0287,Anaphylactic shock,systemic mast-cell histamine vascular-airway response structure,"exaggerated immune-recognition/effector activation causing barrier, vascular, or smooth-muscle perturbation",established_478,ea865a799ce56c31b78ea525172fb447e0ad0933bbcb8889baf0e0d2ad2b6d20,435,199,2,13,210,15,0.17392326959393678,0.18055283918056908,0.0066295695866323,0.0066295695866323,AWAY_FROM_REFERENCE,0.029885057471264367,MINOR,1,222,,,723678bd62b6c30f6be0d0c16c9605ab9daaa37dc3fef104862837a2d337f6ec,0.17255862688395124,0.08696174010237956,0.5625,-11,True,522
SB5468,Uterine cervical lesion,"female reproductive, gestational, placental, and reproductive-output structure","altered configuration or regulated output of the named structure, expressed as the state described by uterine cervical lesion",remaining_5256,91c62df7f3b9e35a2f1b791b856c2253faa31b3f4211dafb38762a747c48ad74,3,1,1,0,0,1,0.12950572612466615,0.13979078254806643,0.010285056423400274,0.010285056423400274,AWAY_FROM_REFERENCE,0.0,INFORMATIONAL,0,38,,,dc37b095476af6a728f3116a44222b2e45600d0691464229a31fc8d988225c27,0.17245656185426866,0.07826257543203496,0.6015625,1,True,523
SB0193,Aggressive reaction,corticolimbic threat-response and impulse-control structure,behavioral-control output shifted toward excessive threat-directed or forceful action,established_478,b60d27ea2673e4591ffcbd95a4eb90ea7a80213fd9a108d3b39344788cec2445,153,53,1,12,64,13,0.159645096047921,0.16347527689994856,0.003830180852027576,0.003830180852027576,AWAY_FROM_REFERENCE,0.0784313725490196,MINOR,1,223,,,f2ca70d5c5f882414246fe42ee79648edd05ccb5af5bfb2db9c623223431fd48,0.17240918457979257,0.07648985924364948,0.609375,-11,True,524
SB0345,Antibiotic associated colitis,colonic epithelial-microbiome structure,"localized inflammatory activation with cellular infiltration, vascular change, and tissue-function perturbation",established_478,c5cfa4ff2ac90bb1544cba05a75d03fb516374c55d6f3c90fb5a011ac3fef48f,630,310,9,28,329,37,0.2099773094992371,0.224774583615569,0.014797274116331915,0.014797274116331915,AWAY_FROM_REFERENCE,0.044444444444444446,MINOR,1,223,,,d69226aa3644d5644f846bde2871e2e195b2a0627744d1b43acfd957508edece,0.17238882174328618,0.0816098435893734,0.5859375,-19,True,525
SB2930,Intestinal stenosis,"intestinal mucosal barrier, smooth-muscle motility, and luminal transport structure",pathologic lumen narrowing with increased resistance to transit or flow,remaining_5256,253f5c20d406bcd712b72739b85711ea75d288ae5402deafab26a8150dbc6794,276,88,7,14,95,21,0.13826096928905274,0.15185450330672978,0.013593534017677045,0.013593534017677045,AWAY_FROM_REFERENCE,0.050724637681159424,MINOR,1,231,,,ea9b9039a223a3db09e706b25238f806dd259987d67cbcda2d6d844a0384d3f5,0.17238440482098,0.08160445709875608,0.5859375,-7,True,526
SB0283,Anal skin tags,anorectal mucosal and sphincter structural structure,"altered configuration or regulated output of the named structure, expressed as the state described by anal skin tags",established_478,60db4ab62780e25289f5a15e776d1f1e106672703d0f009b55a37eeaa59fbdd6,325,139,3,30,166,33,0.14420505391379157,0.16030593453933162,0.01610088062554005,0.01610088062554005,AWAY_FROM_REFERENCE,0.09230769230769231,MINOR,1,171,,,2dbd4957a3b777b27def8f3a43506905faf4074d5a192c64754b0fdba32834f9,0.1723769336076748,0.07988040683862785,0.59375,-27,True,527
SB1854,Epigastric discomfort,"gastric mucosal barrier, secretory state, motility, and emptying structure",abnormal sensory-autonomic signaling indicating departure from the reference local functional state,remaining_5256,e843163ca905f30a48f758926b29f6e329b7bb50771656725a103c88dc68a834,1653,620,35,37,622,72,0.1511169481797101,0.16350362386267803,0.012386675682967918,0.012386675682967918,AWAY_FROM_REFERENCE,0.02238354506957048,MINOR,1,98,,,38a63ed84b849b2db8c3c9105d11d3e8d820df80008cef0adf579c2b85db2dc1,0.17235108194165402,0.08670863651421223,0.5625,-2,True,528
SB1855,Epigastric distress,"gastric mucosal barrier, secretory state, motility, and emptying structure",abnormal sensory-autonomic signaling indicating departure from the reference local functional state,remaining_5256,e843163ca905f30a48f758926b29f6e329b7bb50771656725a103c88dc68a834,1653,620,35,37,622,72,0.1511169481797101,0.16350362386267803,0.012386675682967918,0.012386675682967918,AWAY_FROM_REFERENCE,0.02238354506957048,MINOR,1,98,,,7a3e20bc5b3a4a2f789117e1c854ad2255c91c604bc52ae579551c5fc3f038d8,0.17235108194165402,0.08670863651421223,0.5625,-2,True,529
SB4191,Pleural fibrosis,"pleural membrane, pleural-space, and thoracic mechanical structure",excess matrix deposition/remodeling with increased tissue stiffness and reduced normal architecture,remaining_5256,4edf1448721ad1d604b053ce524bed12a74ea8c456c67d9a4b1ce7b12922676a,36,22,0,1,23,1,0.1699139628006805,0.18601816657215875,0.016104203771478254,0.016104203771478254,AWAY_FROM_REFERENCE,0.027777777777777776,MINOR,1,197,,,8ed7d99b7394e2159acd27c17330fe5cf908ff1ea1fc8d2fde6d93f9527ea85f,0.17228634549831812,0.08491475060770504,0.5703125,-1,True,530
SB5524,Varices oesophageal,"oesophageal mucosal, peristaltic, and sphincter-control structure","altered configuration or regulated output of the named structure, expressed as the state described by varices oesophageal",remaining_5256,3e61c63f47d78d9c5c8e6691ab7473cd435d884ab8985ae7402b1945afc9f242,28,8,0,1,9,1,0.10138100434095221,0.11555795574856242,0.014176951407610217,0.014176951407610217,AWAY_FROM_REFERENCE,0.03571428571428571,MINOR,1,231,,,74df88a01dbf8dfe5b74046d7321eac9ee4de317a9ffe912e155e310e80331ac,0.17217333233528592,0.08649186870156822,0.5625,-1,True,531
SB1995,Faeces discoloured,"intestinal mucosal barrier, smooth-muscle motility, and luminal transport structure","altered configuration or regulated output of the named structure, expressed as the state described by faeces discoloured",remaining_5256,b3c7d11d91740ca68f9921f152c5c3567743522778f4dea39f31fbbfa6947e72,276,95,8,13,100,21,0.11533196910454213,0.12853206323008504,0.013200094125542905,0.013200094125542905,AWAY_FROM_REFERENCE,0.04710144927536232,MINOR,1,231,,,9316392cb07afeebcadfcd54ff5f9f4620798369b94804f42771de6b3092a84e,0.17214816604029431,0.08131636102474915,0.5859375,-5,True,532
SB5039,Stinging skin,cutaneous epidermal-dermal barrier and local immune structure,"altered configuration or regulated output of the named structure, expressed as the state described by stinging skin",remaining_5256,6619af9647ffd56027481493fc85dec7346bb0f58a8e8ede633e13b0544a4fc3,1,0,0,1,1,1,0.14082067252851904,0.1498843433010827,0.009063670772563648,0.009063670772563648,AWAY_FROM_REFERENCE,1.0,CRITICAL,4,231,,,ec815a03eb46c5c44e24c80ab6490d695f02dd291081a9bc0091bdfdbdb0a00f,0.1720729016162305,0.08122457514174453,0.5859375,-1,True,533
SB0405,Application site haematoma,local cutaneous microvascular-hemostasis structure,vascular or tissue integrity breach with blood extravasation/accumulation,established_478,3af1902c5e11e0e8ba33f23683e5f0623d9bad37139e047162131af4625f8574,528,188,5,23,206,28,0.20725460328733236,0.22106983359440224,0.013815230307069881,0.013815230307069881,AWAY_FROM_REFERENCE,0.043560606060606064,MINOR,1,223,,,e1822e7acf4a7547ceb099edfa4a3881d6ef38da9db3d0f0e00748b3da0cbf0b,0.1718917513061839,0.07757378208071208,0.6015625,-18,True,534
SB0406,Application site haemorrhage,local cutaneous microvascular-hemostasis structure,vascular or tissue integrity breach with blood extravasation/accumulation,established_478,3af1902c5e11e0e8ba33f23683e5f0623d9bad37139e047162131af4625f8574,528,188,5,23,206,28,0.20725460328733236,0.22106983359440224,0.013815230307069881,0.013815230307069881,AWAY_FROM_REFERENCE,0.043560606060606064,MINOR,1,223,,,170be1670c41bad34fc8fa2470d654809678713eab59b4a0fb06d5426ae2887c,0.1718917513061839,0.07757378208071208,0.6015625,-18,True,535
SB3427,Mucous stools,"intestinal mucosal barrier, smooth-muscle motility, and luminal transport structure","altered configuration or regulated output of the named structure, expressed as the state described by mucous stools",remaining_5256,06ac5d40d823bf5ea15df7938fbc5709388f3df86b063e7d0de63c9cac0f2ff9,276,87,5,12,94,17,0.1133198145394787,0.12699104235428993,0.013671227814811227,0.013671227814811227,AWAY_FROM_REFERENCE,0.043478260869565216,MINOR,1,231,,,2b469eebfdddb8c1ede4057883bee979db6f511692042e8a3ab5846761d0010d,0.17188924405683886,0.08271554153273031,0.578125,-7,True,536
SB4948,Soft stools,"intestinal mucosal barrier, smooth-muscle motility, and luminal transport structure","altered configuration or regulated output of the named structure, expressed as the state described by soft stools",remaining_5256,28b6240d0e7f5f1a0604ef3728e3b00caef6e692b5f17a14aa11efce2d39a00f,276,96,7,12,101,19,0.12013266329025873,0.13348352367042737,0.013350860380168639,0.013350860380168639,AWAY_FROM_REFERENCE,0.043478260869565216,MINOR,1,231,,,f4562821982fcb7949d77d4398fd3378e3612a208779c7ef421c099f5af5d9b1,0.17188611843461338,0.08099679077391875,0.5859375,-5,True,537
SB5004,Spontaneous penile erection,"male gonadal, ductal, accessory-gland, and reproductive-output structure","altered configuration or regulated output of the named structure, expressed as the state described by spontaneous penile erection",remaining_5256,f06cb6022deac70c03c394b26eac1d37bdeb86d60df269770e6cf4da0292f540,190,81,4,3,80,7,0.1336208211053621,0.1445878646888049,0.010967043583442804,0.010967043583442804,AWAY_FROM_REFERENCE,0.015789473684210527,MINOR,1,223,,,64fa20c6811f2ca88af1192f67792a2ef00e439c4e7ffa19cccc89e1d7bc8552,0.17182897533005986,0.08435698210982912,0.5703125,1,True,538
SB5419,Urethral obstruction,"urethral lumen, mucosal, sphincter, and urine-flow structure",partial or complete luminal/pathway blockage with impaired transit or flow,remaining_5256,b909e18c2098fed09f2088858a31f0277a121cc621623d84c2bf1900bd8e4c8c,465,131,11,18,138,29,0.17795134944193036,0.19220832444806546,0.014256975006135097,0.014256975006135097,AWAY_FROM_REFERENCE,0.03870967741935484,MINOR,1,231,,,49167fd4e799a870a509af8158093cb05c61ea5886e824defd87b436f5205646,0.1718122948223778,0.09119639612485098,0.5390625,-7,True,539
SB5187,Testicular atrophy,"male gonadal, ductal, accessory-gland, and reproductive-output structure","reduction of tissue mass, cell volume, or functional structural content",remaining_5256,4040e85058738e00deb8c1df42ddf5bd7d8d1e78243c865e92883915cee508e6,190,99,8,3,94,11,0.1502854941371241,0.16278485249017915,0.012499358353055046,0.012499358353055046,AWAY_FROM_REFERENCE,0.015789473684210527,MINOR,1,223,,,f4a5f5f7d39fd762501df268eb63549928cb9cd5609c20ef37d373ea73dc2daf,0.17179304153699515,0.08602809943535994,0.5625,5,True,540
SB1996,Faeces hard,"intestinal mucosal barrier, smooth-muscle motility, and luminal transport structure","altered configuration or regulated output of the named structure, expressed as the state described by faeces hard",remaining_5256,2f651782231dd958af2bd82d3058bf41532bd31e5c918c1db3cbba5640f369fb,276,86,7,15,94,22,0.11512182647883773,0.12845471861796343,0.013332892139125696,0.013332892139125696,AWAY_FROM_REFERENCE,0.05434782608695652,MINOR,1,231,,,80742afc51e79768310e524119b75aae95f68c13cb7a23270d2d9ee3fe253e17,0.1717352718257104,0.07909789247037857,0.59375,-8,True,541
SB4321,Premature ejaculation,"male gonadal, ductal, accessory-gland, and reproductive-output structure","altered configuration or regulated output of the named structure, expressed as the state described by premature ejaculation",remaining_5256,f75ad48b1392bfea07347d5a4ba1ee576e453683f9c831672964c3d8302bd096,190,84,5,3,82,8,0.1276632266748443,0.13940156697058792,0.01173834029574361,0.01173834029574361,AWAY_FROM_REFERENCE,0.015789473684210527,MINOR,1,223,,,2b993f33d66fbb1edd6a125113efe3ead6ea0fe006c61fdb2e8871f84607472f,0.1716934172446873,0.08419166737156991,0.5703125,2,True,542
SB2564,Hydrothorax,"pleural membrane, pleural-space, and thoracic mechanical structure","altered configuration or regulated output of the named structure, expressed as the state described by hydrothorax",remaining_5256,7494cc74a112a587da7525bbccf52d8d07f6ab422ba3fa0f6875136483408480,36,19,0,1,20,1,0.16643275194220275,0.18183067329302993,0.015397921350827182,0.015397921350827182,AWAY_FROM_REFERENCE,0.027777777777777776,MINOR,1,197,,,ab13f9b3b99b93fc34883d8bdf95a5d9597c5126bc6ef2f1a4b9380f1c160a5d,0.1716605840744003,0.0738619927736589,0.6171875,-1,True,543
SB4450,Pulmonary valve incompetence,"pulmonary airway-alveolar, pleural, and gas-exchange structure",failure of valve closure producing abnormal retrograde flow,remaining_5256,76b0cb0f52e66b3183f311627dcc7614a40bda87fa4659967d5b0f991371a3bc,36,16,0,1,17,1,0.19436361209059205,0.20218870378477727,0.007825091694185216,0.007825091694185216,AWAY_FROM_REFERENCE,0.027777777777777776,MINOR,1,231,,,ea7bb634e3c325813fd902b833ed27997c869e47a89d5ad79ac68905cf52684e,0.1714719081556647,0.07706177823861549,0.6015625,-1,True,544
SB4363,Prostate induration,"male gonadal, ductal, accessory-gland, and reproductive-output structure","altered configuration or regulated output of the named structure, expressed as the state described by prostate induration",remaining_5256,ddf873b4f991791f53c876343677cee1e75cbc0387008b542030498d37c01c61,190,90,7,4,87,11,0.1382521242502891,0.1488624647433897,0.010610340493100612,0.010610340493100612,AWAY_FROM_REFERENCE,0.021052631578947368,MINOR,1,223,,,acb382186e6a6262ec424cea471bd56caf99cd041ebe7d805a947c45a6a48775,0.1713789041601677,0.07694835873191186,0.6015625,3,True,545
SB4595,Renal infarct,renal glomerular-tubular filtration and fluid-balance structure,sustained perfusion failure with loss of local tissue viability,remaining_5256,5e6c7e8ecbaee5f689146d9fa2ffeaf4fee29d23326324ec7e3e07b3383f0c84,91,36,10,2,28,12,0.17372896730656762,0.18616463293941476,0.012435665632847148,0.012435665632847148,AWAY_FROM_REFERENCE,0.02197802197802198,MINOR,1,231,,,88f9457ded9b42eae9b7a4866c706f5b8090ffc0463f69c822d4f7ca753409f0,0.17137129278240099,0.07865401558829388,0.59375,8,True,546
SB1137,Chronic allograft nephropathy,renal glomerular-tubular filtration and fluid-balance structure,structural-functional tissue disorder with impaired normal operation of the named structure,remaining_5256,bb9e5ae44d8335f3bc09c9308f8bcd5975f44fd364a907dce55bbc23a4baacc8,91,34,7,1,28,8,0.13967898653133193,0.15281972885328343,0.013140742321951504,0.013140742321951504,AWAY_FROM_REFERENCE,0.01098901098901099,MINOR,1,231,,,aad96cd966d8006aedc858049c2d7e7d239b971205b38b0348c70850fe389a9b,0.1713645437019336,0.08036072402674832,0.5859375,6,True,547
SB2294,Glomerulonephropathy,renal glomerular-tubular filtration and fluid-balance structure,structural-functional tissue disorder with impaired normal operation of the named structure,remaining_5256,bb9e5ae44d8335f3bc09c9308f8bcd5975f44fd364a907dce55bbc23a4baacc8,91,34,7,1,28,8,0.13967898653133193,0.15281972885328343,0.013140742321951504,0.013140742321951504,AWAY_FROM_REFERENCE,0.01098901098901099,MINOR,1,231,,,f117f3d5da0a85f95c116393292dccb31c43dde17eea59c79197e64ddc6a185f,0.1713645437019336,0.08036072402674832,0.5859375,6,True,548
SB2349,HIV associated nephropathy,renal glomerular-tubular filtration and fluid-balance structure,structural-functional tissue disorder with impaired normal operation of the named structure,remaining_5256,bb9e5ae44d8335f3bc09c9308f8bcd5975f44fd364a907dce55bbc23a4baacc8,91,34,7,1,28,8,0.13967898653133193,0.15281972885328343,0.013140742321951504,0.013140742321951504,AWAY_FROM_REFERENCE,0.01098901098901099,MINOR,1,231,,,41d4130e7919a7275b093d137d491c53fd8797ed00e16440ed670791a24c892c,0.1713645437019336,0.08036072402674832,0.5859375,6,True,549
SB3599,Nephropathy,renal glomerular-tubular filtration and fluid-balance structure,structural-functional tissue disorder with impaired normal operation of the named structure,remaining_5256,bb9e5ae44d8335f3bc09c9308f8bcd5975f44fd364a907dce55bbc23a4baacc8,91,34,7,1,28,8,0.13967898653133193,0.15281972885328343,0.013140742321951504,0.013140742321951504,AWAY_FROM_REFERENCE,0.01098901098901099,MINOR,1,231,,,9f330c2d84e569cc874c19c9909fc3d93629dbbdee1951efed5ba1ceb6d5e966,0.1713645437019336,0.08036072402674832,0.5859375,6,True,550
SB3600,Nephropathy toxic,renal glomerular-tubular filtration and fluid-balance structure,structural-functional tissue disorder with impaired normal operation of the named structure,remaining_5256,bb9e5ae44d8335f3bc09c9308f8bcd5975f44fd364a907dce55bbc23a4baacc8,91,34,7,1,28,8,0.13967898653133193,0.15281972885328343,0.013140742321951504,0.013140742321951504,AWAY_FROM_REFERENCE,0.01098901098901099,MINOR,1,231,,,f55024598382d5c70eeca6b2a90580a07898015cc5a2931efee70ef984e31ce0,0.1713645437019336,0.08036072402674832,0.5859375,6,True,551
SB4243,Polyomavirus-associated nephropathy,renal glomerular-tubular filtration and fluid-balance structure,structural-functional tissue disorder with impaired normal operation of the named structure,remaining_5256,bb9e5ae44d8335f3bc09c9308f8bcd5975f44fd364a907dce55bbc23a4baacc8,91,34,7,1,28,8,0.13967898653133193,0.15281972885328343,0.013140742321951504,0.013140742321951504,AWAY_FROM_REFERENCE,0.01098901098901099,MINOR,1,231,,,34913d7b45d2ad4c88781cd71214be0b323e1fbf73f0a47400e1cf80a61c0c64,0.1713645437019336,0.08036072402674832,0.5859375,6,True,552
SB5409,Urate nephropathy,renal glomerular-tubular filtration and fluid-balance structure,structural-functional tissue disorder with impaired normal operation of the named structure,remaining_5256,bb9e5ae44d8335f3bc09c9308f8bcd5975f44fd364a907dce55bbc23a4baacc8,91,34,7,1,28,8,0.13967898653133193,0.15281972885328343,0.013140742321951504,0.013140742321951504,AWAY_FROM_REFERENCE,0.01098901098901099,MINOR,1,231,,,1df11edbb9c4ef5bfb257ced6d67aba40f2550567c829033a6a1869c7d4220df,0.1713645437019336,0.08036072402674832,0.5859375,6,True,553
SB3273,Mean platelet volume decreased,"platelet production, activation, adhesion, and aggregation structure",measured or functional quantity shifted below its reference structural range,remaining_5256,a6f2e4cc21a368c647216a233eb217e887c0575339e1312b7dcef9baea3da2be,15,5,0,1,6,1,0.1389052085801772,0.15011353388152093,0.011208325301343747,0.011208325301343747,AWAY_FROM_REFERENCE,0.06666666666666667,MINOR,1,230,,,5541291400920399ccf7c8e79b73cffa56794bc45f3dc7266d9aba1a4f06bf75,0.17128798990863564,0.07340760964467763,0.6171875,-1,True,554
SB4183,Platelet count decreased,"platelet production, activation, adhesion, and aggregation structure",measured or functional quantity shifted below its reference structural range,remaining_5256,a6f2e4cc21a368c647216a233eb217e887c0575339e1312b7dcef9baea3da2be,15,5,0,1,6,1,0.1389052085801772,0.15011353388152093,0.011208325301343747,0.011208325301343747,AWAY_FROM_REFERENCE,0.06666666666666667,MINOR,1,230,,,d1930b4d18fc357283f5682b45c7f45574946a8f1ddf97b624ebd780a1453044,0.17128798990863564,0.07340760964467763,0.6171875,-1,True,555
SB4187,Platelet production decreased,"platelet production, activation, adhesion, and aggregation structure",measured or functional quantity shifted below its reference structural range,remaining_5256,a6f2e4cc21a368c647216a233eb217e887c0575339e1312b7dcef9baea3da2be,15,5,0,1,6,1,0.1389052085801772,0.15011353388152093,0.011208325301343747,0.011208325301343747,AWAY_FROM_REFERENCE,0.06666666666666667,MINOR,1,230,,,8253cbc7d385288693e932aac1afd9e6f2724a210bb2621aca2f163e43b3dedc,0.17128798990863564,0.07340760964467763,0.6171875,-1,True,556
SB4188,Plateletcrit decreased,"platelet production, activation, adhesion, and aggregation structure",measured or functional quantity shifted below its reference structural range,remaining_5256,a6f2e4cc21a368c647216a233eb217e887c0575339e1312b7dcef9baea3da2be,15,5,0,1,6,1,0.1389052085801772,0.15011353388152093,0.011208325301343747,0.011208325301343747,AWAY_FROM_REFERENCE,0.06666666666666667,MINOR,1,230,,,14aeea78495f75f514b088f69ab1df92174295fb8bccd153755b18cfae9f673e,0.17128798990863564,0.07340760964467763,0.6171875,-1,True,557
SB3373,Migration of implant,"implanted-device, catheter, or prosthesis tissue-interface structure","altered configuration or regulated output of the named structure, expressed as the state described by migration of implant",remaining_5256,808042872eb365ed2cee8ccfece76bc9cb6d7d0cb1d86d45b76ca15338fb810b,1431,631,29,46,648,75,0.15207988050866317,0.1645216600567021,0.012441779548038934,0.012441779548038934,AWAY_FROM_REFERENCE,0.03214535290006988,MINOR,1,223,,,e0851168d6f751a72b95ede2eca3510a0b40131c948134f7263c01bcbcaf657d,0.1712442377058613,0.08707376549495283,0.5546875,-17,True,558
SB0648,Blepharitis allergic,"systemic immune-recognition, signaling, and effector-response structure","exaggerated immune-recognition/effector activation causing barrier, vascular, or smooth-muscle perturbation",remaining_5256,163b8f0592ee94b5fcac338228c2827d2077634853ac681a855f5dbf88daf79a,378,114,2,20,132,22,0.117358425187013,0.1292211053473009,0.011862680160287908,0.011862680160287908,AWAY_FROM_REFERENCE,0.05291005291005291,MINOR,1,231,,,d094c6de88c8a5051572aa32cda1c7b0ff594b7d38e57318155057a40e33983e,0.17122511302340676,0.07847574758952047,0.59375,-18,True,559
SB1372,Cross reactive drug hypersensitivity,"systemic immune-recognition, signaling, and effector-response structure","exaggerated immune-recognition/effector activation causing barrier, vascular, or smooth-muscle perturbation",remaining_5256,163b8f0592ee94b5fcac338228c2827d2077634853ac681a855f5dbf88daf79a,378,114,2,20,132,22,0.117358425187013,0.1292211053473009,0.011862680160287908,0.011862680160287908,AWAY_FROM_REFERENCE,0.05291005291005291,MINOR,1,231,,,8ebabefc7478ebc331e040a3a4bdde5ddcadab685e4f69ed4d71a8b7b9eabdd2,0.17122511302340676,0.07847574758952047,0.59375,-18,True,560
SB1613,Drug hypersensitivity,"systemic immune-recognition, signaling, and effector-response structure","exaggerated immune-recognition/effector activation causing barrier, vascular, or smooth-muscle perturbation",remaining_5256,163b8f0592ee94b5fcac338228c2827d2077634853ac681a855f5dbf88daf79a,378,114,2,20,132,22,0.117358425187013,0.1292211053473009,0.011862680160287908,0.011862680160287908,AWAY_FROM_REFERENCE,0.05291005291005291,MINOR,1,231,,,44a304d8ff1c22a54edbd681b4c97d08f4ffbc472a6403544eb60e3942b1103e,0.17122511302340676,0.07847574758952047,0.59375,-18,True,561
SB1632,Drug-induced hypersensitivity syndrome,"systemic immune-recognition, signaling, and effector-response structure","exaggerated immune-recognition/effector activation causing barrier, vascular, or smooth-muscle perturbation",remaining_5256,163b8f0592ee94b5fcac338228c2827d2077634853ac681a855f5dbf88daf79a,378,114,2,20,132,22,0.117358425187013,0.1292211053473009,0.011862680160287908,0.011862680160287908,AWAY_FROM_REFERENCE,0.05291005291005291,MINOR,1,231,,,68ef45b42558c794c13f1815e36554bff2868db0dc6121788621ce1384a7ed66,0.17122511302340676,0.07847574758952047,0.59375,-18,True,562
SB2099,Food allergy,"systemic immune-recognition, signaling, and effector-response structure","exaggerated immune-recognition/effector activation causing barrier, vascular, or smooth-muscle perturbation",remaining_5256,163b8f0592ee94b5fcac338228c2827d2077634853ac681a855f5dbf88daf79a,378,114,2,20,132,22,0.117358425187013,0.1292211053473009,0.011862680160287908,0.011862680160287908,AWAY_FROM_REFERENCE,0.05291005291005291,MINOR,1,231,,,91caef1d2dc0c980f88f29093c78e65c438aa795c0420c2291991ce7dc063a3b,0.17122511302340676,0.07847574758952047,0.59375,-18,True,563
SB2556,House dust allergy,"systemic immune-recognition, signaling, and effector-response structure","exaggerated immune-recognition/effector activation causing barrier, vascular, or smooth-muscle perturbation",remaining_5256,163b8f0592ee94b5fcac338228c2827d2077634853ac681a855f5dbf88daf79a,378,114,2,20,132,22,0.117358425187013,0.1292211053473009,0.011862680160287908,0.011862680160287908,AWAY_FROM_REFERENCE,0.05291005291005291,MINOR,1,231,,,5e36119a5329cd90b895e5f1aad35ae853305c9df3d1db10b7fe399c9e9d9fbd,0.17122511302340676,0.07847574758952047,0.59375,-18,True,564
SB2615,Hypersensitive syndrome,"systemic immune-recognition, signaling, and effector-response structure","exaggerated immune-recognition/effector activation causing barrier, vascular, or smooth-muscle perturbation",remaining_5256,163b8f0592ee94b5fcac338228c2827d2077634853ac681a855f5dbf88daf79a,378,114,2,20,132,22,0.117358425187013,0.1292211053473009,0.011862680160287908,0.011862680160287908,AWAY_FROM_REFERENCE,0.05291005291005291,MINOR,1,231,,,c31fff3a43e9eceb541032f403f72d2f1f685775165bf6dd1df1be3274f8dc5b,0.17122511302340676,0.07847574758952047,0.59375,-18,True,565
SB2616,Hypersensitivity,"systemic immune-recognition, signaling, and effector-response structure","exaggerated immune-recognition/effector activation causing barrier, vascular, or smooth-muscle perturbation",remaining_5256,163b8f0592ee94b5fcac338228c2827d2077634853ac681a855f5dbf88daf79a,378,114,2,20,132,22,0.117358425187013,0.1292211053473009,0.011862680160287908,0.011862680160287908,AWAY_FROM_REFERENCE,0.05291005291005291,MINOR,1,231,,,dc9b7332d6b30c91aeb743f444ec7ed89adf3ee9bf5558facbaf48119a47a4c6,0.17122511302340676,0.07847574758952047,0.59375,-18,True,566
SB2859,Injection site hypersensitivity,"systemic immune-recognition, signaling, and effector-response structure","exaggerated immune-recognition/effector activation causing barrier, vascular, or smooth-muscle perturbation",remaining_5256,163b8f0592ee94b5fcac338228c2827d2077634853ac681a855f5dbf88daf79a,378,114,2,20,132,22,0.117358425187013,0.1292211053473009,0.011862680160287908,0.011862680160287908,AWAY_FROM_REFERENCE,0.05291005291005291,MINOR,1,231,,,7fc5295cefee61dec5e1cdb44a5ce6ac3a7a49e7b69a1aafb6f8baf4893886a2,0.17122511302340676,0.07847574758952047,0.59375,-18,True,567
SB3070,Latex allergy,"systemic immune-recognition, signaling, and effector-response structure","exaggerated immune-recognition/effector activation causing barrier, vascular, or smooth-muscle perturbation",remaining_5256,163b8f0592ee94b5fcac338228c2827d2077634853ac681a855f5dbf88daf79a,378,114,2,20,132,22,0.117358425187013,0.1292211053473009,0.011862680160287908,0.011862680160287908,AWAY_FROM_REFERENCE,0.05291005291005291,MINOR,1,231,,,c9bc983adb3a8bc5fdfc0fe54f15212edab429d6e0b390ce7676608d9920b15d,0.17122511302340676,0.07847574758952047,0.59375,-18,True,568
SB3433,Multiple allergies,"systemic immune-recognition, signaling, and effector-response structure","exaggerated immune-recognition/effector activation causing barrier, vascular, or smooth-muscle perturbation",remaining_5256,163b8f0592ee94b5fcac338228c2827d2077634853ac681a855f5dbf88daf79a,378,114,2,20,132,22,0.117358425187013,0.1292211053473009,0.011862680160287908,0.011862680160287908,AWAY_FROM_REFERENCE,0.05291005291005291,MINOR,1,231,,,72ff8895170a543134cd105c2953fe033a9967460ec6725739c906ec11f9e66e,0.17122511302340676,0.07847574758952047,0.59375,-18,True,569
SB4031,Penicillin allergy,"systemic immune-recognition, signaling, and effector-response structure","exaggerated immune-recognition/effector activation causing barrier, vascular, or smooth-muscle perturbation",remaining_5256,163b8f0592ee94b5fcac338228c2827d2077634853ac681a855f5dbf88daf79a,378,114,2,20,132,22,0.117358425187013,0.1292211053473009,0.011862680160287908,0.011862680160287908,AWAY_FROM_REFERENCE,0.05291005291005291,MINOR,1,231,,,23f6d55de6f2d014aaa800d28f17f9a380131a5adde671543d21a1bcc3e8ea07,0.17122511302340676,0.07847574758952047,0.59375,-18,True,570
SB4376,Protein allergy,"systemic immune-recognition, signaling, and effector-response structure","exaggerated immune-recognition/effector activation causing barrier, vascular, or smooth-muscle perturbation",remaining_5256,163b8f0592ee94b5fcac338228c2827d2077634853ac681a855f5dbf88daf79a,378,114,2,20,132,22,0.117358425187013,0.1292211053473009,0.011862680160287908,0.011862680160287908,AWAY_FROM_REFERENCE,0.05291005291005291,MINOR,1,231,,,312b11619b44434d0417b49782876e7bbe483b66192a2e395296e24d78ccab33,0.17122511302340676,0.07847574758952047,0.59375,-18,True,571
SB4759,Seasonal allergy,"systemic immune-recognition, signaling, and effector-response structure","exaggerated immune-recognition/effector activation causing barrier, vascular, or smooth-muscle perturbation",remaining_5256,163b8f0592ee94b5fcac338228c2827d2077634853ac681a855f5dbf88daf79a,378,114,2,20,132,22,0.117358425187013,0.1292211053473009,0.011862680160287908,0.011862680160287908,AWAY_FROM_REFERENCE,0.05291005291005291,MINOR,1,231,,,e18f8120ca812b2401d8c1434ae29b734df6d9357366f12ff591206208316b55,0.17122511302340676,0.07847574758952047,0.59375,-18,True,572
SB5134,Systemic allergic reaction,"systemic immune-recognition, signaling, and effector-response structure","exaggerated immune-recognition/effector activation causing barrier, vascular, or smooth-muscle perturbation",remaining_5256,163b8f0592ee94b5fcac338228c2827d2077634853ac681a855f5dbf88daf79a,378,114,2,20,132,22,0.117358425187013,0.1292211053473009,0.011862680160287908,0.011862680160287908,AWAY_FROM_REFERENCE,0.05291005291005291,MINOR,1,231,,,a6d9f44ec8c8b0c2e95849a9a8bbe21a79de2885c882ae9b1f4870fb3c6acce4,0.17122511302340676,0.07847574758952047,0.59375,-18,True,573
SB5365,Type I hypersensitivity,"systemic immune-recognition, signaling, and effector-response structure","exaggerated immune-recognition/effector activation causing barrier, vascular, or smooth-muscle perturbation",remaining_5256,163b8f0592ee94b5fcac338228c2827d2077634853ac681a855f5dbf88daf79a,378,114,2,20,132,22,0.117358425187013,0.1292211053473009,0.011862680160287908,0.011862680160287908,AWAY_FROM_REFERENCE,0.05291005291005291,MINOR,1,231,,,7cb768721f7d60699026011102252aa1366c5215183b5d429568adfc54ccecd6,0.17122511302340676,0.07847574758952047,0.59375,-18,True,574
SB5367,Type IV hypersensitivity reaction,"systemic immune-recognition, signaling, and effector-response structure","exaggerated immune-recognition/effector activation causing barrier, vascular, or smooth-muscle perturbation",remaining_5256,163b8f0592ee94b5fcac338228c2827d2077634853ac681a855f5dbf88daf79a,378,114,2,20,132,22,0.117358425187013,0.1292211053473009,0.011862680160287908,0.011862680160287908,AWAY_FROM_REFERENCE,0.05291005291005291,MINOR,1,231,,,14315c29bc69f26206d6f6e8c184b4cd61f76a9af2da00b53db289ddbe511d60,0.17122511302340676,0.07847574758952047,0.59375,-18,True,575
SB1739,Ejaculation inhibited,"male gonadal, ductal, accessory-gland, and reproductive-output structure","altered configuration or regulated output of the named structure, expressed as the state described by ejaculation inhibited",remaining_5256,6bb9b03f06d86b9dbaaceedaed3bcdec799d7e41c12b85a655e303476d0533ad,190,80,3,8,85,11,0.13196820141906662,0.14188666667038774,0.009918465251321118,0.009918465251321118,AWAY_FROM_REFERENCE,0.042105263157894736,MINOR,1,223,,,9993da879fe469d05dd857ae19bb382b3520a29c4189e3e5e7187900a246b3ce,0.1711444607250392,0.07837739112809661,0.59375,-5,True,576
SB2816,Infrequent bowel movements,"intestinal mucosal barrier, smooth-muscle motility, and luminal transport structure","altered configuration or regulated output of the named structure, expressed as the state described by infrequent bowel movements",remaining_5256,593f4e93f36acd0bafee03df24a11bfaed018cd6c3dec1a3569a57b677a0e8ac,276,93,6,11,98,17,0.11679542417405409,0.13033311686163884,0.013537692687584757,0.013537692687584757,AWAY_FROM_REFERENCE,0.03985507246376811,MINOR,1,231,,,13f14d49f33a8817e8bd5432b125f0723507a17aae7d09af3ab9c35895f269b8,0.17113742122047182,0.08351362343959978,0.5703125,-5,True,577
SB1667,Dyshidrotic eczema,cutaneous epidermal-dermal barrier and local immune structure,"altered configuration or regulated output of the named structure, expressed as the state described by dyshidrotic eczema",remaining_5256,b9f86ee533e7b25b3bb64daa1918d44eed481b52d8fd6a848d211a65edaf0932,1,0,0,1,1,1,0.14075032395106413,0.14961369123873614,0.008863367287672008,0.008863367287672008,AWAY_FROM_REFERENCE,1.0,CRITICAL,4,231,,,4e71c803ab69461ee0418dc8f2acf4ce5aa62437f3cfa3a24a61b5e9d162adb4,0.1711164760542519,0.07834326348079501,0.59375,-1,True,578
SB2069,Flatulence,"intestinal mucosal barrier, smooth-muscle motility, and luminal transport structure","altered configuration or regulated output of the named structure, expressed as the state described by flatulence",remaining_5256,6a9a91b4472c47fe4f0aec97794aa07b2f1b286f75281a88f05b918496108ca4,276,94,5,11,100,16,0.11897417884392247,0.13273349793429867,0.013759319090376199,0.013759319090376199,AWAY_FROM_REFERENCE,0.03985507246376811,MINOR,1,231,,,789a616bba500a805195b63cebbddf36beaa6fe4ff2575a348ed6a93be0fa9a7,0.17111074177410698,0.08176614850500852,0.578125,-6,True,579
SB0426,Application site swelling,local cutaneous inflammatory and microvascular structure,"excess fluid accumulation within interstitial, tissue, or cavity compartments",established_478,d140e373ab296691ff5c973eca9f7de19fa59c7e7af41d9ba03364ced3dc9752,171,95,2,5,98,7,0.21499239110558632,0.2263932813846692,0.011400890279082865,0.011400890279082865,AWAY_FROM_REFERENCE,0.029239766081871343,MINOR,1,231,,,94ff2a313e7000e68daf83be1036de905d24a2de30b961d75ce15514a889c742,0.17110098720338152,0.08003931366266037,0.5859375,-3,True,580
SB1206,Cold sweat,eccrine-apocrine sweat-gland secretory structure,sweat-gland activation occurring with peripheral vasoconstriction and autonomic stress-state output,remaining_5256,2a771c66f7527b83436776b5791a24eca9467e67c5bee4a86f4c26394fc26b1c,105,56,3,1,54,4,0.2036986148764347,0.21191101892179498,0.008212404045360278,0.008212404045360278,AWAY_FROM_REFERENCE,0.009523809523809525,MINOR,1,174,,,5bfe2df5033151a77af36546531aa9befee16479c7d022d73e42366e7548dcf4,0.17108982414742846,0.0834555782285713,0.5703125,2,True,581
SB2223,Gastrooesophageal sphincter insufficiency,"oesophageal mucosal, peristaltic, and sphincter-control structure",reduced or unstable functional output insufficient to maintain the reference structural state,remaining_5256,5187947bd65c3775bb779f444e0f79a3270e40167e99dce52bb6a21f22a02e3c,28,8,2,0,6,2,0.11369503430550987,0.12773743000778803,0.014042395702278165,0.014042395702278165,AWAY_FROM_REFERENCE,0.0,INFORMATIONAL,0,231,,,8529a7946a2d9abe874708a5f411224feef951f847fb1ff75225994cc1356a1f,0.17094342940410362,0.07984717000500441,0.5859375,2,True,582
SB0330,Anosognosia,frontoparietal self-monitoring and body-awareness network structure,"altered configuration or regulated output of the named structure, expressed as the state described by anosognosia",established_478,dc54d7c792c35d9389c02810355ffde2c2e15c92fb8b0a7f8a306902e82f861a,861,268,16,37,289,53,0.09421097935507228,0.10315482727096625,0.008943847915893977,0.008943847915893977,AWAY_FROM_REFERENCE,0.0429732868757259,MINOR,1,230,,,3061c652435951f84530f3f18151ded58baa26de3f06d4de12852aaea4c7eb1e,0.17092058731841464,0.0883940089248959,0.546875,-21,True,583
SB2735,Ileus paralytic,"intestinal mucosal barrier, smooth-muscle motility, and luminal transport structure","altered configuration or regulated output of the named structure, expressed as the state described by ileus paralytic",remaining_5256,b91a81eb1f542888e1c127423235b4000695aa4b973bd04c641b78d79a14f83e,276,94,2,12,104,14,0.11649179446378022,0.1301309582791219,0.013639163815341693,0.013639163815341693,AWAY_FROM_REFERENCE,0.043478260869565216,MINOR,1,231,,,58add4e6ddd0c51f43524b7987aacf93b82cf60398de8c7307e97f79cd83cf6a,0.17090120045970758,0.08151061031671658,0.578125,-10,True,584
SB1149,Chronic interstitial nephritis,renal glomerular-tubular filtration and fluid-balance structure,"localized or systemic inflammatory activation with altered barrier, vascular, and cellular organization",remaining_5256,9e9485d20cad2dc8a7a9605cd414964ba9485315b566a7f522dff46acebe85cc,91,30,4,2,28,6,0.1510558568075846,0.16447164244167678,0.013415785634092181,0.013415785634092181,AWAY_FROM_REFERENCE,0.02197802197802198,MINOR,1,231,,,3afdaa006ca4dd2289c28211be6e41fa235e8dcf3f642894b9f14bf4249406d2,0.17078048842397958,0.07964846149265803,0.5859375,2,True,585
SB3593,Nephritis,renal glomerular-tubular filtration and fluid-balance structure,"localized or systemic inflammatory activation with altered barrier, vascular, and cellular organization",remaining_5256,9e9485d20cad2dc8a7a9605cd414964ba9485315b566a7f522dff46acebe85cc,91,30,4,2,28,6,0.1510558568075846,0.16447164244167678,0.013415785634092181,0.013415785634092181,AWAY_FROM_REFERENCE,0.02197802197802198,MINOR,1,231,,,56b86abd6845e02d4430df8f6f148ab2df84454ae787cedd185293a58b18184e,0.17078048842397958,0.07964846149265803,0.5859375,2,True,586
SB3594,Nephritis interstitial,renal glomerular-tubular filtration and fluid-balance structure,"localized or systemic inflammatory activation with altered barrier, vascular, and cellular organization",remaining_5256,9e9485d20cad2dc8a7a9605cd414964ba9485315b566a7f522dff46acebe85cc,91,30,4,2,28,6,0.1510558568075846,0.16447164244167678,0.013415785634092181,0.013415785634092181,AWAY_FROM_REFERENCE,0.02197802197802198,MINOR,1,231,,,4f2712d1bde7e177f6f079ef20c518bcd470eb27929a29771025b57e005e60ef,0.17078048842397958,0.07964846149265803,0.5859375,2,True,587
SB4605,Renal vasculitis,renal glomerular-tubular filtration and fluid-balance structure,"localized or systemic inflammatory activation with altered barrier, vascular, and cellular organization",remaining_5256,9e9485d20cad2dc8a7a9605cd414964ba9485315b566a7f522dff46acebe85cc,91,30,4,2,28,6,0.1510558568075846,0.16447164244167678,0.013415785634092181,0.013415785634092181,AWAY_FROM_REFERENCE,0.02197802197802198,MINOR,1,231,,,c81dfcda4203a7d8170c18d5c63644abc44dbb7ab88981230ed5b22c12a9df1f,0.17078048842397958,0.07964846149265803,0.5859375,2,True,588
SB5350,Tubulointerstitial nephritis,renal glomerular-tubular filtration and fluid-balance structure,"localized or systemic inflammatory activation with altered barrier, vascular, and cellular organization",remaining_5256,9e9485d20cad2dc8a7a9605cd414964ba9485315b566a7f522dff46acebe85cc,91,30,4,2,28,6,0.1510558568075846,0.16447164244167678,0.013415785634092181,0.013415785634092181,AWAY_FROM_REFERENCE,0.02197802197802198,MINOR,1,231,,,41181cab3362b42ff03193b28d659562e1810f578c387b059f83a92182ceff70,0.17078048842397958,0.07964846149265803,0.5859375,2,True,589
SB3996,Parotid duct obstruction,salivary-gland secretory and ductal-delivery structure,partial or complete luminal/pathway blockage with impaired transit or flow,remaining_5256,6d3aa8183a4e46b9cb083c119270f6738196efd5df7645e36cc882248d5c3a2d,120,70,6,3,67,9,0.22424981944099664,0.2227024281357688,-0.001547391305227852,0.001547391305227852,TOWARD_REFERENCE,0.025,MINOR,1,231,,,035ccea41cf68a9d227d1755639edf0286190bcf55b29ee67e39feb87cb81987,0.17077775098259546,0.08821981827145786,0.546875,3,True,590
SB3696,Numbness in fingers,peripheral sensory-nerve axonal conduction structure,"altered configuration or regulated output of the named structure, expressed as the state described by numbness in fingers",remaining_5256,cec86c91ba00cc53bc05ddca8117d101ad2cb43d558821ee64231cf0c468e91d,6,5,1,0,4,1,0.17369739625505176,0.1826488230603529,0.008951426805301144,0.008951426805301144,AWAY_FROM_REFERENCE,0.0,INFORMATIONAL,0,223,,,120085ddea046b0a4cd2f242cea952558995ed2358972b0ee897f3e4866baf5e,0.17067068485551307,0.08122949372623545,0.578125,1,True,591
SB3728,Oculomucocutaneous syndrome,cutaneous epidermal-dermal barrier and local immune structure,departure from the reference structural configuration or regulated functional range,remaining_5256,728876967443dcb4027d0fe2ca1be26592abe71d30c560d00c677c2c6ff6c905,1,0,0,1,1,1,0.1619895713728866,0.1725604751690054,0.010570903796118802,0.010570903796118802,AWAY_FROM_REFERENCE,1.0,CRITICAL,4,231,,,3d1ce9cb69fd8163db63f9ce3548bed04709bdb5214311bd1adf68aef4837d3c,0.17066284506118176,0.06750042080631924,0.640625,-1,True,592
SB4883,Skin disorder,cutaneous epidermal-dermal barrier and local immune structure,departure from the reference structural configuration or regulated functional range,remaining_5256,728876967443dcb4027d0fe2ca1be26592abe71d30c560d00c677c2c6ff6c905,1,0,0,1,1,1,0.1619895713728866,0.1725604751690054,0.010570903796118802,0.010570903796118802,AWAY_FROM_REFERENCE,1.0,CRITICAL,4,231,,,94afa950346bc3d52aea673fd1f1707ba584a296f95d94f2b6900ce2108d132c,0.17066284506118176,0.06750042080631924,0.640625,-1,True,593
SB4901,Skin odour abnormal,cutaneous epidermal-dermal barrier and local immune structure,departure from the reference structural configuration or regulated functional range,remaining_5256,728876967443dcb4027d0fe2ca1be26592abe71d30c560d00c677c2c6ff6c905,1,0,0,1,1,1,0.1619895713728866,0.1725604751690054,0.010570903796118802,0.010570903796118802,AWAY_FROM_REFERENCE,1.0,CRITICAL,4,231,,,1201491f93b6137a989ce81bbe16b261858e500d859febae75ff68d12abcebaa,0.17066284506118176,0.06750042080631924,0.640625,-1,True,594
SB4914,Skin toxicity,cutaneous epidermal-dermal barrier and local immune structure,departure from the reference structural configuration or regulated functional range,remaining_5256,728876967443dcb4027d0fe2ca1be26592abe71d30c560d00c677c2c6ff6c905,1,0,0,1,1,1,0.1619895713728866,0.1725604751690054,0.010570903796118802,0.010570903796118802,AWAY_FROM_REFERENCE,1.0,CRITICAL,4,231,,,4a7627123dfa37f781620e557f6b6819dc76141809b7e5d540a48385ff9e0643,0.17066284506118176,0.06750042080631924,0.640625,-1,True,595
SB5020,Staphylococcal scalded skin syndrome,cutaneous epidermal-dermal barrier and local immune structure,departure from the reference structural configuration or regulated functional range,remaining_5256,728876967443dcb4027d0fe2ca1be26592abe71d30c560d00c677c2c6ff6c905,1,0,0,1,1,1,0.1619895713728866,0.1725604751690054,0.010570903796118802,0.010570903796118802,AWAY_FROM_REFERENCE,1.0,CRITICAL,4,231,,,b0b2c71391b1c124921c9bbe8125417ebaa4109b60e20552cef0dbf9fb4f6bff,0.17066284506118176,0.06750042080631924,0.640625,-1,True,596
SB5390,Unspecified disorder of skin and subcutaneous tissue,cutaneous epidermal-dermal barrier and local immune structure,departure from the reference structural configuration or regulated functional range,remaining_5256,728876967443dcb4027d0fe2ca1be26592abe71d30c560d00c677c2c6ff6c905,1,0,0,1,1,1,0.1619895713728866,0.1725604751690054,0.010570903796118802,0.010570903796118802,AWAY_FROM_REFERENCE,1.0,CRITICAL,4,231,,,35e217e17a7e379eacd20beaf29a4f5ea4c6bbca81358a97c9959fa2d939f1ec,0.17066284506118176,0.06750042080631924,0.640625,-1,True,597
SB3475,Myasthenia,whole-organism substrate utilization and cellular energy-production structure,"altered configuration or regulated output of the named structure, expressed as the state described by myasthenia",remaining_5256,49065890aaa21397aa123128e444bd5bea7abceb949e116634f5c31333e10a98,78,30,0,3,33,3,0.10653633832251996,0.11392426144843493,0.007387923125914964,0.007387923125914964,AWAY_FROM_REFERENCE,0.038461538461538464,MINOR,1,223,,,07eee7fa445c1efa07640280deee568b7371db5ef9339ce455adfa754440fc87,0.17060161071184526,0.08800501306322595,0.546875,-3,True,598
SB0839,Breast oedema,"mammary gland ductal-lobular, secretory, and surface structure","excess fluid accumulation within interstitial, tissue, or cavity compartments",remaining_5256,1febe24e55c59a4e42783d344704ca5db080168ed239b0c3056465a086c1b2ec,231,101,2,18,117,20,0.16182355192447184,0.17747679294079466,0.015653241016322816,0.015653241016322816,AWAY_FROM_REFERENCE,0.07792207792207792,MINOR,1,223,,,107f6d3bbc58286aff2d59dc5108205e81c63c69de010de3f9e91bc16fb120ca,0.17054067719489632,0.09136058194499552,0.53125,-16,True,599
SB0843,Breast swelling,"mammary gland ductal-lobular, secretory, and surface structure","excess fluid accumulation within interstitial, tissue, or cavity compartments",remaining_5256,1febe24e55c59a4e42783d344704ca5db080168ed239b0c3056465a086c1b2ec,231,101,2,18,117,20,0.16182355192447184,0.17747679294079466,0.015653241016322816,0.015653241016322816,AWAY_FROM_REFERENCE,0.07792207792207792,MINOR,1,223,,,b169889edcc02790fb613b4c600caa67c5f78537381afad3818219393a46c7e4,0.17054067719489632,0.09136058194499552,0.53125,-16,True,600
SB3368,Middle ear effusion,cochlear-mechanical and auditory-neural transduction structure,"excess fluid accumulation within interstitial, tissue, or cavity compartments",remaining_5256,a18175b849cb4ea3a5fdce155bc9884437bf060dc139fa7d2970a0c82253bbcc,276,66,3,4,67,7,0.1527081045832327,0.16766518758839988,0.014957083005167182,0.014957083005167182,AWAY_FROM_REFERENCE,0.014492753623188406,MINOR,1,230,,,e07c97dbcdd3e802442772831f1bbff2663fae505308653d230953bb97d757f3,0.17053088066973426,0.08448887886552958,0.5625,-1,True,601
SB0075,Ache,somatic sensory-transmission structure,increased nociceptive signaling associated with local tissue or neural perturbation,established_478,4ac84827295068581c2c784c83fad64b503214c0018d449b516f7ab38f1a540b,1770,894,65,60,889,125,0.24632411099850893,0.24790619441054984,0.0015820834120409133,0.0015820834120409133,AWAY_FROM_REFERENCE,0.03389830508474576,MINOR,1,210,,,de452420addeedbde79dbf0c9befc2aab82b01b52fb9b657f2997aa9defc78b8,0.1705003385085468,0.07587693720554489,0.6015625,5,True,602
SB0076,Ache wrists,somatic sensory-transmission structure,increased nociceptive signaling associated with local tissue or neural perturbation,established_478,4ac84827295068581c2c784c83fad64b503214c0018d449b516f7ab38f1a540b,1770,894,65,60,889,125,0.24632411099850893,0.24790619441054984,0.0015820834120409133,0.0015820834120409133,AWAY_FROM_REFERENCE,0.03389830508474576,MINOR,1,210,,,4abe0295a9463f219a341e68a7eb761daaca2f604a5ca43bc80e72b84e7b0ba5,0.1705003385085468,0.07587693720554489,0.6015625,5,True,603
SB4970,Speech loss,dominant-hemisphere language-processing and speech-planning network,loss or absence of the named structural component or regulated function,remaining_5256,e93b2286d97ca741029f30e6c8ba1c511fa7ecc92dbc7ef5430e9b929cd5936d,231,97,4,4,97,8,0.19852064933694658,0.21506585557546265,0.016545206238516075,0.016545206238516075,AWAY_FROM_REFERENCE,0.017316017316017316,MINOR,1,230,,,91bb7701e8644d4632ef9a2f9266b23e1de8c08b08acd2fadf9fb5921fb56460,0.17044120385214195,0.08952433396602677,0.5390625,0,True,604
SB1922,Exhaustion,whole-organism substrate utilization and cellular energy-production structure,"altered configuration or regulated output of the named structure, expressed as the state described by exhaustion",remaining_5256,e2b5a8218f422a15eb6acf60661ccac60a85033de7585f7bdfe1f1097a2168b3,78,29,0,4,33,4,0.1047007758838926,0.11168238335048275,0.006981607466590156,0.006981607466590156,AWAY_FROM_REFERENCE,0.05128205128205128,MINOR,1,223,,,aebe65d8be2e11cd62be6b3ef7279fb6e5eb021b2aca43545a464c2da539e2e8,0.17033277298409982,0.08596222315134128,0.5546875,-4,True,605
SB1738,Ejaculation failure,"male gonadal, ductal, accessory-gland, and reproductive-output structure",reduced or unstable functional output insufficient to maintain the reference structural state,remaining_5256,1d0833fe50a2c4502080245f0c6f4cd496af6493406d7f28bbcea744a7a4c0a5,190,98,4,5,99,9,0.15921224534672362,0.17260460970926061,0.01339236436253699,0.01339236436253699,AWAY_FROM_REFERENCE,0.02631578947368421,MINOR,1,223,,,b65fd7d6cf1fcdb3020c8ca3e57e0ee6d00e63c62f3cb0f31294e1a7b9e727e9,0.17025965072730245,0.08587304966744203,0.5546875,-1,True,606
SB1869,Erectile dysfunction,"male gonadal, ductal, accessory-gland, and reproductive-output structure",reduced or unstable functional output insufficient to maintain the reference structural state,remaining_5256,1d0833fe50a2c4502080245f0c6f4cd496af6493406d7f28bbcea744a7a4c0a5,190,98,4,5,99,9,0.15921224534672362,0.17260460970926061,0.01339236436253699,0.01339236436253699,AWAY_FROM_REFERENCE,0.02631578947368421,MINOR,1,223,,,f4f869654f8fb5676c1262ea6a50184df3b8c1575622157aa14c48e4b649fc3d,0.17025965072730245,0.08587304966744203,0.5546875,-1,True,607
SB0339,Anterior ischemic optic neuropathy,optic-nerve-head perfusion and axonal-conduction structure,anterior optic-nerve-head perfusion loss with axonal conduction and viability compromise,established_478,4386fdf16f19c6356d10e8409548c65566d16245ce6a8196d9a127f8a92c1d0b,1653,525,29,43,539,72,0.10406141258984791,0.11384880509175876,0.009787392501910852,0.009787392501910852,AWAY_FROM_REFERENCE,0.02601330913490623,MINOR,1,222,,,513b49c7f4e05eb78df4a8a878e79496c7264fb53f44e1f82a29d70a84033f03,0.17023562990376492,0.07726906085824992,0.59375,-14,True,608
SB3365,Micturition burning,"urethral lumen, mucosal, sphincter, and urine-flow structure","altered configuration or regulated output of the named structure, expressed as the state described by micturition burning",remaining_5256,8276a6303e7da4bcd99bddab0e2046cb5b0e00eaa3d3b64c72e4fa413d73bf2e,465,117,12,20,125,32,0.13589381849747606,0.14912069577574405,0.01322687727826799,0.01322687727826799,AWAY_FROM_REFERENCE,0.043010752688172046,MINOR,1,231,,,77804ba6ede1c61e231c3bbea3ad758c6c713049bab2d386be94bb31748d0ccc,0.1701960659423808,0.08408056822241561,0.5625,-8,True,609
SB5212,Thrombocytosis,"platelet production, activation, adhesion, and aggregation structure","abnormal structural accumulation, degeneration, remodeling, or chronic state within the named structure",remaining_5256,2a04b24d59d4aa833a33f87e35b0291862b849b863c7e2c53ee92719b185c21e,15,5,1,1,5,2,0.1575280388034329,0.16924370039658765,0.011715661593154736,0.011715661593154736,AWAY_FROM_REFERENCE,0.06666666666666667,MINOR,1,230,,,a33924b2eb8301a7f85869e2e78174409005bd4eae067e37c0361371834fe3dc,0.17016235819428194,0.0788946441393682,0.5859375,0,True,610
SB4237,Polymorphonuclear leukocytosis,cochlear-mechanical and auditory-neural transduction structure,"abnormal structural accumulation, degeneration, remodeling, or chronic state within the named structure",remaining_5256,bb211601637e7709e96800ed233df710c28109fc267184b93199d1647781e3f2,276,76,2,15,89,17,0.1330288610646877,0.14848892310093875,0.015460062036251054,0.015460062036251054,AWAY_FROM_REFERENCE,0.05434782608695652,MINOR,1,230,,,0f559a142d1df097fa9298f49040f0515e6f3b08d9383a0eea96a4b738c7b7b0,0.17014908396560535,0.08059339508000651,0.578125,-13,True,611
SB0933,Carbohydrate tolerance decreased,"glucose-carbohydrate digestion, transport, insulin-response, and storage structure",measured or functional quantity shifted below its reference structural range,remaining_5256,e8368a8b6c9d013c1f9b519d71e76625f7009c7a5663e9f3b4a64454da799f2e,28,12,0,1,13,1,0.13000663906195553,0.1329666734407583,0.002960034378802767,0.002960034378802767,AWAY_FROM_REFERENCE,0.03571428571428571,MINOR,1,223,,,aa051fa15bb77323811546430a50fa3f665ccc0493028b931dd555bde64756fa,0.17011683734485922,0.08055406993275516,0.578125,-1,True,612
SB0282,Anal pruritus,anorectal mucosal and perianal tissue integrity/inflammatory structure,aberrant cutaneous sensory signaling associated with local barrier/immune perturbation,established_478,11e3bc7eda807b6612fedc8be0f5aeaa6949476fb44d334be212f95302b70c96,28,10,1,0,9,1,0.10736346300712996,0.11396891490397376,0.006605451896843806,0.006605451896843806,AWAY_FROM_REFERENCE,0.0,INFORMATIONAL,0,231,,,a028f86f1e63c533796f83fa05575dea51c6053a59e22a12ea2949c857843548,0.17011063597332737,0.08569132435771631,0.5546875,1,True,613
SB0829,Breast enlargement,"mammary gland ductal-lobular, secretory, and surface structure",increase in tissue mass or cellular content beyond the reference configuration,remaining_5256,a46e252e12f1a03ba6be5c8ee7da6488586596441dab08587cfa166da282f85d,231,119,4,9,124,13,0.19246081229925371,0.20600465700174497,0.013543844702491259,0.013543844702491259,AWAY_FROM_REFERENCE,0.03896103896103896,MINOR,1,223,,,e7f5bbe91f8f09b4af8db7629631b7b754bf349fd4c5cf65500c4d3b1e447128,0.17003132724981312,0.0958842405485526,0.5078125,-5,True,614
SB0830,Breast enlargement female,"mammary gland ductal-lobular, secretory, and surface structure",increase in tissue mass or cellular content beyond the reference configuration,remaining_5256,a46e252e12f1a03ba6be5c8ee7da6488586596441dab08587cfa166da282f85d,231,119,4,9,124,13,0.19246081229925371,0.20600465700174497,0.013543844702491259,0.013543844702491259,AWAY_FROM_REFERENCE,0.03896103896103896,MINOR,1,223,,,2b646aa37e7efb4fe4627abbfc97c1bb7b9d3b91ad2f62e129c6b90c69e2d7ec,0.17003132724981312,0.0958842405485526,0.5078125,-5,True,615
SB2639,Hypertrophy of breast,"mammary gland ductal-lobular, secretory, and surface structure",increase in tissue mass or cellular content beyond the reference configuration,remaining_5256,a46e252e12f1a03ba6be5c8ee7da6488586596441dab08587cfa166da282f85d,231,119,4,9,124,13,0.19246081229925371,0.20600465700174497,0.013543844702491259,0.013543844702491259,AWAY_FROM_REFERENCE,0.03896103896103896,MINOR,1,223,,,bab17aef98e9bb8a708a6a43932a6011ffea16ac2b3b057440311c18b786cfc2,0.17003132724981312,0.0958842405485526,0.5078125,-5,True,616
SB1847,Epidermolysis,"cutaneous epidermal-dermal barrier, appendage, vascular, and immune structure",loss of adhesion between epidermal layers causing mechanical separation and blistering,remaining_5256,03f4cdf7d50b5bec6c0fa279ef4e2f65a4204e2776859df8a2167994713be234,300,117,3,11,125,14,0.17166386075434448,0.18726875547996857,0.015604894725624097,0.015604894725624097,AWAY_FROM_REFERENCE,0.03666666666666667,MINOR,1,231,,,79a48809d6d9a1f1bfa48267617132e512ef1ecc33567374e2644fb50baf6566,0.1699656565414995,0.07350994700182867,0.609375,-8,True,617
SB1848,Epidermolysis bullosa,"cutaneous epidermal-dermal barrier, appendage, vascular, and immune structure",loss of adhesion between epidermal layers causing mechanical separation and blistering,remaining_5256,03f4cdf7d50b5bec6c0fa279ef4e2f65a4204e2776859df8a2167994713be234,300,117,3,11,125,14,0.17166386075434448,0.18726875547996857,0.015604894725624097,0.015604894725624097,AWAY_FROM_REFERENCE,0.03666666666666667,MINOR,1,231,,,41be04d6e09602fb6d18c889a95303d79034f0534df520e6f8869f25ef74cef1,0.1699656565414995,0.07350994700182867,0.609375,-8,True,618
SB0817,Breast calcifications,"mammary gland ductal-lobular, secretory, and surface structure","altered configuration or regulated output of the named structure, expressed as the state described by breast calcifications",remaining_5256,7fb9073bb95f6af5386dc1a6d8596ce7a8423bd211fe8000d6a307a276f96a47,231,106,2,11,115,13,0.14854492195706726,0.16317490354901132,0.014629981591944063,0.014629981591944063,AWAY_FROM_REFERENCE,0.047619047619047616,MINOR,1,223,,,9ccdf2d83db4636600879120c4b5b9ff7609752fdb9b2705aa6cb20c86692d5e,0.16996120017016084,0.08893896362214737,0.5390625,-9,True,619
SB0449,Arterial thrombosis,arterial-lumen blood-flow and thrombotic-hemostasis structure,intraluminal clot formation causing partial or complete flow obstruction,established_478,b8371247e3d248635e3e065489f73ed8a261b5d5e0bd11a8c382db595afb64cc,435,204,15,24,213,39,0.23901029458717116,0.25513467857761774,0.016124383990446578,0.016124383990446578,AWAY_FROM_REFERENCE,0.05517241379310345,MINOR,1,231,,,a63ea4dfdc6c7d96b6f4a5338cef7ea5d390e7c671a752ea9759a3ee563e98e6,0.16992426791339071,0.08374910721145212,0.5625,-9,True,620
SB2610,Hyperprolactinaemia,hypothalamic-pituitary hormone-control and release structure,"excess magnitude, activity, quantity, or tissue state above the reference configuration",remaining_5256,b5ba9af2af21a69a05107de59428a8a191501f00be55a50d629b8e4aef89bacc,741,364,51,21,334,72,0.15789347166511003,0.1599522605311493,0.002058788866039274,0.002058788866039274,AWAY_FROM_REFERENCE,0.02834008097165992,MINOR,1,174,,,2ed0894ef144da3613abb0f5a997373e55baf221d12275dabfa2cc288212bbe2,0.16991673593375262,0.07173534869969833,0.6171875,30,True,621
SB4180,Platelet aggregation increased,"platelet production, activation, adhesion, and aggregation structure",measured or functional quantity shifted above its reference structural range,remaining_5256,62b09bb4bb1149fcafe71493ada05f8e210f2b2933583a401d507190df945dd9,15,5,0,2,7,2,0.13984969754819754,0.1503114843072899,0.010461786759092373,0.010461786759092373,AWAY_FROM_REFERENCE,0.13333333333333333,MINOR,1,230,,,b02230f28106b7b165e47a0101586fe1d837207ef58f6c783790b2aa343f8f84,0.1698817399086177,0.07340760964465576,0.609375,-2,True,622
SB1846,Epidermal necrosis,"cutaneous epidermal-dermal barrier, appendage, vascular, and immune structure",loss of cellular viability with local tissue structural breakdown,remaining_5256,d36a7d18fff3763a1400738edceeac0f023134057aa6618d63871b7b4b2460f1,300,117,3,12,126,15,0.17329008660564682,0.18747476903892335,0.01418468243327653,0.01418468243327653,AWAY_FROM_REFERENCE,0.04,MINOR,1,231,,,997bda354e8d26a8cb661a15ec5c1eb20bc812cfc5c1132ac49e045db4e802b9,0.16977514753652323,0.0869971311421015,0.546875,-9,True,623
SB5506,Vaginal itching,"female reproductive, gestational, placental, and reproductive-output structure","altered configuration or regulated output of the named structure, expressed as the state described by vaginal itching",remaining_5256,f8f51a727b2f8f2d46f579cd06250241889b3ac628105c3312589e335c86ca5f,3,1,1,0,0,1,0.13353687804417202,0.14298478988426822,0.00944791184009619,0.00944791184009619,AWAY_FROM_REFERENCE,0.0,INFORMATIONAL,0,38,,,4c1a085ce3cb7cb9efd28154fe589d67297e0dbc877eb9b9dcd406cbd140df5b,0.16977095875907106,0.07670238873057444,0.59375,1,True,624
SB0337,Anterior chamber inflammation,anterior-eye aqueous-humor and iris structure,"localized or systemic inflammatory activation with altered barrier, vascular, and cellular organization",established_478,6045d07758e9323094f481ff3e1218870bfe9678fcd3dc71cc5e74ad15b889c4,6,2,1,0,1,1,0.2427248964134454,0.25380470499133145,0.011079808577886041,0.011079808577886041,AWAY_FROM_REFERENCE,0.0,INFORMATIONAL,0,231,,,fb281a4eb09a0fb709f121f3a12128ec9201881e4572466a9a227d7deb5d7e93,0.16971465833084254,0.07320385162297871,0.609375,1,True,625
SB0688,Blood creatinine abnormal,renal glomerular-tubular filtration and fluid-balance structure,departure from the reference structural configuration or regulated functional range,remaining_5256,a3471a7e3e4a1fb63efc0ca9a1d35c252d22d7e79091f4212c8066807b634945,91,35,5,0,30,5,0.14040095001082742,0.14903744562583188,0.008636495615004458,0.008636495615004458,AWAY_FROM_REFERENCE,0.0,INFORMATIONAL,0,231,,,33ec5713f3fd7e5215a947e93f80789b5d1e8c769d6682f18b4cfaa05434d40f,0.16969273818213865,0.06803230266114468,0.6328125,5,True,626
SB0754,Blood urea abnormal,renal glomerular-tubular filtration and fluid-balance structure,departure from the reference structural configuration or regulated functional range,remaining_5256,a3471a7e3e4a1fb63efc0ca9a1d35c252d22d7e79091f4212c8066807b634945,91,35,5,0,30,5,0.14040095001082742,0.14903744562583188,0.008636495615004458,0.008636495615004458,AWAY_FROM_REFERENCE,0.0,INFORMATIONAL,0,231,,,04610413f11afaf7628fabdd9ad86df1e989f01260d48160240a1fa7d09a5572,0.16969273818213865,0.06803230266114468,0.6328125,5,True,627
SB1365,Creatinine abnormal NOS,renal glomerular-tubular filtration and fluid-balance structure,departure from the reference structural configuration or regulated functional range,remaining_5256,a3471a7e3e4a1fb63efc0ca9a1d35c252d22d7e79091f4212c8066807b634945,91,35,5,0,30,5,0.14040095001082742,0.14903744562583188,0.008636495615004458,0.008636495615004458,AWAY_FROM_REFERENCE,0.0,INFORMATIONAL,0,231,,,1bf67af73eacc4c558019ab23c67207b17010474a47ad6c8b12bffff083362c0,0.16969273818213865,0.06803230266114468,0.6328125,5,True,628
SB2375,Haemolytic uraemic syndrome,renal glomerular-tubular filtration and fluid-balance structure,departure from the reference structural configuration or regulated functional range,remaining_5256,a3471a7e3e4a1fb63efc0ca9a1d35c252d22d7e79091f4212c8066807b634945,91,35,5,0,30,5,0.14040095001082742,0.14903744562583188,0.008636495615004458,0.008636495615004458,AWAY_FROM_REFERENCE,0.0,INFORMATIONAL,0,231,,,32e6a9ad58882c8aa11727627e0df9495210c50f4b659ec2d1225cce59de16e0,0.16969273818213865,0.06803230266114468,0.6328125,5,True,629
SB3016,Kidney function abnormal,renal glomerular-tubular filtration and fluid-balance structure,departure from the reference structural configuration or regulated functional range,remaining_5256,a3471a7e3e4a1fb63efc0ca9a1d35c252d22d7e79091f4212c8066807b634945,91,35,5,0,30,5,0.14040095001082742,0.14903744562583188,0.008636495615004458,0.008636495615004458,AWAY_FROM_REFERENCE,0.0,INFORMATIONAL,0,231,,,0a04837504d1034529b5820118a3c84da9639955e479d05b4a4ffe85cda02571,0.16969273818213865,0.06803230266114468,0.6328125,5,True,630
SB3592,Nephritic syndrome,renal glomerular-tubular filtration and fluid-balance structure,departure from the reference structural configuration or regulated functional range,remaining_5256,a3471a7e3e4a1fb63efc0ca9a1d35c252d22d7e79091f4212c8066807b634945,91,35,5,0,30,5,0.14040095001082742,0.14903744562583188,0.008636495615004458,0.008636495615004458,AWAY_FROM_REFERENCE,0.0,INFORMATIONAL,0,231,,,d6c094914be4febf1e838ffec35ce7acbc837e866a307ca7721227d4fc9d9853,0.16969273818213865,0.06803230266114468,0.6328125,5,True,631
SB3604,Nephrotic syndrome,renal glomerular-tubular filtration and fluid-balance structure,departure from the reference structural configuration or regulated functional range,remaining_5256,a3471a7e3e4a1fb63efc0ca9a1d35c252d22d7e79091f4212c8066807b634945,91,35,5,0,30,5,0.14040095001082742,0.14903744562583188,0.008636495615004458,0.008636495615004458,AWAY_FROM_REFERENCE,0.0,INFORMATIONAL,0,231,,,341e58c8ed76bca66f0ce649d4e2b21eb2997a96b751ec2a3e1da551f4b341d5,0.16969273818213865,0.06803230266114468,0.6328125,5,True,632
SB4591,Renal function test abnormal,renal glomerular-tubular filtration and fluid-balance structure,departure from the reference structural configuration or regulated functional range,remaining_5256,a3471a7e3e4a1fb63efc0ca9a1d35c252d22d7e79091f4212c8066807b634945,91,35,5,0,30,5,0.14040095001082742,0.14903744562583188,0.008636495615004458,0.008636495615004458,AWAY_FROM_REFERENCE,0.0,INFORMATIONAL,0,231,,,8d2873ec735719837254f0d875eab4ac769a62d9c87949b49dcde7f7c72d0134,0.16969273818213865,0.06803230266114468,0.6328125,5,True,633
SB4603,Renal tubular disorder,renal glomerular-tubular filtration and fluid-balance structure,departure from the reference structural configuration or regulated functional range,remaining_5256,a3471a7e3e4a1fb63efc0ca9a1d35c252d22d7e79091f4212c8066807b634945,91,35,5,0,30,5,0.14040095001082742,0.14903744562583188,0.008636495615004458,0.008636495615004458,AWAY_FROM_REFERENCE,0.0,INFORMATIONAL,0,231,,,6fa194b3ce13271c5ee54b5f023d9b52b63ae3f4542b808b5ed9b1f60881d343,0.16969273818213865,0.06803230266114468,0.6328125,5,True,634
SB4808,Serum creatinine abnormal,renal glomerular-tubular filtration and fluid-balance structure,departure from the reference structural configuration or regulated functional range,remaining_5256,a3471a7e3e4a1fb63efc0ca9a1d35c252d22d7e79091f4212c8066807b634945,91,35,5,0,30,5,0.14040095001082742,0.14903744562583188,0.008636495615004458,0.008636495615004458,AWAY_FROM_REFERENCE,0.0,INFORMATIONAL,0,231,,,68b959ce16ffc53651963ed4927a4e5d39da9fc4ce396011b4091b7d4d8b9f65,0.16969273818213865,0.06803230266114468,0.6328125,5,True,635
SB5407,Uraemic syndrome,renal glomerular-tubular filtration and fluid-balance structure,departure from the reference structural configuration or regulated functional range,remaining_5256,a3471a7e3e4a1fb63efc0ca9a1d35c252d22d7e79091f4212c8066807b634945,91,35,5,0,30,5,0.14040095001082742,0.14903744562583188,0.008636495615004458,0.008636495615004458,AWAY_FROM_REFERENCE,0.0,INFORMATIONAL,0,231,,,038119058cc1cf9c93f04085b166b0587d859b882a8e3ab233022effb08d3fcc,0.16969273818213865,0.06803230266114468,0.6328125,5,True,636
SB3931,Pancreatic insufficiency,pancreatic endocrine-exocrine parenchymal and ductal structure,reduced or unstable functional output insufficient to maintain the reference structural state,remaining_5256,55d4cf8f09c1c1157d92ad85b0414784430ce0fa93b25cbba331453e24187aa2,91,40,3,2,39,5,0.16304744580909636,0.18061839425324666,0.017570948444150303,0.017570948444150303,AWAY_FROM_REFERENCE,0.02197802197802198,MINOR,1,230,,,f27233ffc02ced185a1061e3865cb5faeca3de1f15b6d82865ee4d8463c92651,0.16965178867107733,0.07655705935497237,0.59375,1,True,637
SB3067,Lassitude,whole-organism substrate utilization and cellular energy-production structure,"altered configuration or regulated output of the named structure, expressed as the state described by lassitude",remaining_5256,dfd8ae9feffa2606928c5c368fd61b414fbe10d648afd2e1574387a202bcc1e5,78,29,0,4,33,4,0.10367062942289462,0.11075896055394374,0.007088331131049119,0.007088331131049119,AWAY_FROM_REFERENCE,0.05128205128205128,MINOR,1,223,,,875f211aa075fa04b5d28a59278b3b11d65d54a8cefbae69d126c1393f62a67f,0.16963149811994135,0.08682194892675776,0.546875,-4,True,638
SB3744,Oesophageal discomfort,"oesophageal mucosal, peristaltic, and sphincter-control structure",abnormal sensory-autonomic signaling indicating departure from the reference local functional state,remaining_5256,32f75831815cf4c16ddea1c98d378ba15d5ca14d0185118a0caa85dc1100cfb3,28,8,1,0,7,1,0.1223311161077798,0.13374947632069012,0.011418360212910317,0.011418360212910317,AWAY_FROM_REFERENCE,0.0,INFORMATIONAL,0,231,,,11e1785b93b81ab8b9aa39ef50e5ffd4d11433cd82da47e9d03180e89db11ef2,0.16962948814377815,0.08510455871192457,0.5546875,1,True,639
SB2293,Glomerulonephritis rapidly progressive,renal glomerular-tubular filtration and fluid-balance structure,increase in magnitude or spatial extent of an established structural deviation over successive states,remaining_5256,24a49236cae0e0dce816cdee52a0d2b74d8af86c308b6e13ed49c5060886100e,91,31,2,1,30,3,0.14980368420406953,0.16416698656425965,0.014363302360190122,0.014363302360190122,AWAY_FROM_REFERENCE,0.01098901098901099,MINOR,1,231,,,3785ef234a6e55328aac82023b28b77869dfc6afefbf1a7763884f56e6f54052,0.16962590165817476,0.08510018494899363,0.5546875,1,True,640
SB4355,Progressive renal failure,renal glomerular-tubular filtration and fluid-balance structure,increase in magnitude or spatial extent of an established structural deviation over successive states,remaining_5256,24a49236cae0e0dce816cdee52a0d2b74d8af86c308b6e13ed49c5060886100e,91,31,2,1,30,3,0.14980368420406953,0.16416698656425965,0.014363302360190122,0.014363302360190122,AWAY_FROM_REFERENCE,0.01098901098901099,MINOR,1,231,,,b7512ae9798686935737cf67df7e10a4643f69175fce945e6d56edcd176d2c01,0.16962590165817476,0.08510018494899363,0.5546875,1,True,641
SB0252,Amblyopia,retinal-optic-cortical visual-signal structure,reduced visual acuity from abnormal development or integration of visual processing despite structurally present eye,established_478,26d587597d76f5a3b3edb629d9b6ed208d7d775a807dc74731c5d0f0dd49384d,120,65,3,5,67,8,0.16290119276787351,0.17054140713805865,0.007640214370185139,0.007640214370185139,AWAY_FROM_REFERENCE,0.041666666666666664,MINOR,1,223,,,d4f574d613b13ba5df664fb965887375e77a9258fbeda30048d53e6bc58b3cdd,0.16961673373274738,0.0816591265033505,0.5703125,-2,True,642
SB3428,Multi-organ failure,integrated cardiopulmonary-neural vital-function structure,reduced or unstable functional output insufficient to maintain the reference structural state,remaining_5256,a4e2f9eaa5f51e2f15bdf1e1fcf8e1652a32f697ae0a12f0db625b1fe13d0eef,496,225,7,16,234,23,0.17076203378017096,0.18847391042358808,0.017711876643417113,0.017711876643417113,AWAY_FROM_REFERENCE,0.03225806451612903,MINOR,1,223,,,5578f1959bb3c27626ef9f18c2d9ae5be20ccdf72d6128c5eab4db07e58d5daa,0.16953468355290227,0.07469930921085643,0.6015625,-9,True,643
SB3818,Organ failure,integrated cardiopulmonary-neural vital-function structure,reduced or unstable functional output insufficient to maintain the reference structural state,remaining_5256,a4e2f9eaa5f51e2f15bdf1e1fcf8e1652a32f697ae0a12f0db625b1fe13d0eef,496,225,7,16,234,23,0.17076203378017096,0.18847391042358808,0.017711876643417113,0.017711876643417113,AWAY_FROM_REFERENCE,0.03225806451612903,MINOR,1,223,,,2a5b37aaf884a200e7090850e0fb8b4d85ad6e45280be4ec407d951eed8e57bb,0.16953468355290227,0.07469930921085643,0.6015625,-9,True,644
SB1698,Ear canal erythema,cochlear-mechanical and auditory-neural transduction structure,increased superficial vascular perfusion producing localized tissue redness,remaining_5256,0087771ae986d82b61075fd8d92b8a3763b743554b3e214ab634ee2b5dfb31f9,276,84,6,7,85,13,0.16048649499411782,0.17615505466299375,0.015668559668875925,0.015668559668875925,AWAY_FROM_REFERENCE,0.025362318840579712,MINOR,1,230,,,4512bae98b4fd147d8b5098864ac4b2fa807c2a6830de091569677b7bd2116d0,0.16946732317886337,0.07804704046202848,0.5859375,-1,True,645
SB0598,Bilateral hydronephrosis,renal glomerular-tubular filtration and fluid-balance structure,"abnormal structural accumulation, degeneration, remodeling, or chronic state within the named structure",remaining_5256,1a5de9ed3627080f7e8ac7b036b62eb3016824916b67ceee918670757a0c6c18,91,25,5,1,21,6,0.13589175152256416,0.14828198338620568,0.012390231863641521,0.012390231863641521,AWAY_FROM_REFERENCE,0.01098901098901099,MINOR,1,231,,,149ef91a73ec5c2ab739a5388f4e8e0620b18ef9dfaace5b21bc46cf902d5b89,0.1694264175356337,0.07799715553126063,0.5859375,4,True,646
SB2562,Hydronephrosis,renal glomerular-tubular filtration and fluid-balance structure,"abnormal structural accumulation, degeneration, remodeling, or chronic state within the named structure",remaining_5256,1a5de9ed3627080f7e8ac7b036b62eb3016824916b67ceee918670757a0c6c18,91,25,5,1,21,6,0.13589175152256416,0.14828198338620568,0.012390231863641521,0.012390231863641521,AWAY_FROM_REFERENCE,0.01098901098901099,MINOR,1,231,,,d67f829c568431ca8773d488cc95c3fe73ad59a94a9eae8f425cacda704a2823,0.1694264175356337,0.07799715553126063,0.5859375,4,True,647
SB3134,Lipoid nephrosis,renal glomerular-tubular filtration and fluid-balance structure,"abnormal structural accumulation, degeneration, remodeling, or chronic state within the named structure",remaining_5256,1a5de9ed3627080f7e8ac7b036b62eb3016824916b67ceee918670757a0c6c18,91,25,5,1,21,6,0.13589175152256416,0.14828198338620568,0.012390231863641521,0.012390231863641521,AWAY_FROM_REFERENCE,0.01098901098901099,MINOR,1,231,,,61188c5a6a641c11f51b960c4ab060f6911e744c43384da0a828642102057cb6,0.1694264175356337,0.07799715553126063,0.5859375,4,True,648
SB3595,Nephrocalcinosis,renal glomerular-tubular filtration and fluid-balance structure,"abnormal structural accumulation, degeneration, remodeling, or chronic state within the named structure",remaining_5256,1a5de9ed3627080f7e8ac7b036b62eb3016824916b67ceee918670757a0c6c18,91,25,5,1,21,6,0.13589175152256416,0.14828198338620568,0.012390231863641521,0.012390231863641521,AWAY_FROM_REFERENCE,0.01098901098901099,MINOR,1,231,,,008d6363610ae866b4d24f99c044c70da424277eea44cbaca980e6c668a778b6,0.1694264175356337,0.07799715553126063,0.5859375,4,True,649
SB3602,Nephrosis,renal glomerular-tubular filtration and fluid-balance structure,"abnormal structural accumulation, degeneration, remodeling, or chronic state within the named structure",remaining_5256,1a5de9ed3627080f7e8ac7b036b62eb3016824916b67ceee918670757a0c6c18,91,25,5,1,21,6,0.13589175152256416,0.14828198338620568,0.012390231863641521,0.012390231863641521,AWAY_FROM_REFERENCE,0.01098901098901099,MINOR,1,231,,,78ba3442360d98290571342665172537c211d6cf06eaf33ab49384f8d7cbbdb6,0.1694264175356337,0.07799715553126063,0.5859375,4,True,650
SB3603,Nephrosis lower nephron,renal glomerular-tubular filtration and fluid-balance structure,"abnormal structural accumulation, degeneration, remodeling, or chronic state within the named structure",remaining_5256,1a5de9ed3627080f7e8ac7b036b62eb3016824916b67ceee918670757a0c6c18,91,25,5,1,21,6,0.13589175152256416,0.14828198338620568,0.012390231863641521,0.012390231863641521,AWAY_FROM_REFERENCE,0.01098901098901099,MINOR,1,231,,,7d078d0d66d1a68dc68354d86dcd0f6cf214e056d54cd2b898372c1ecd906c75,0.1694264175356337,0.07799715553126063,0.5859375,4,True,651
SB2186,Gastritis viral,"gastric mucosal barrier, secretory state, motility, and emptying structure",pathogen-associated occupation/invasion with host-defense activation and local structural disruption,remaining_5256,fea61180b4c6a4aa8887c9bd861b0a59b776ec5a0a3f1ab97f47832af7e6faf5,1653,633,30,20,623,50,0.15550736110818564,0.17027686059820013,0.014769499490014493,0.014769499490014493,AWAY_FROM_REFERENCE,0.012099213551119177,MINOR,1,98,,,e495b48ae04863bb39fcd7bd95265091669be9f24bcd0db36e89bd55c8cfac3c,0.1693613438375415,0.08649249248480673,0.546875,10,True,652
SB3750,Oesophageal pain,"oesophageal mucosal, peristaltic, and sphincter-control structure",increased nociceptive signaling associated with local tissue or neural perturbation,remaining_5256,4de5aa62ef3e2dcac6fba43bc48f85f76017ff7412a772f824977e8b08e844de,28,8,1,1,8,2,0.13671581669349064,0.1455621923284649,0.008846375634974257,0.008846375634974257,AWAY_FROM_REFERENCE,0.03571428571428571,MINOR,1,231,,,11bad6c43e2377fcc0f31de7198ddfe5eacef80dc1fadd8da895b37c0a235a30,0.16934395967748453,0.07103684107010311,0.6171875,0,True,653
SB1993,Faecalith,"intestinal mucosal barrier, smooth-muscle motility, and luminal transport structure","altered configuration or regulated output of the named structure, expressed as the state described by faecalith",remaining_5256,7a91740d197e7f0550b27538f153025a2f59e896062302bb110a18cbc64d7a41,276,96,5,13,104,18,0.12030550036683041,0.13344332021343708,0.013137819846606669,0.013137819846606669,AWAY_FROM_REFERENCE,0.04710144927536232,MINOR,1,231,,,6c57cbf9e8ee491ec51c832a195c31fd7d8ad4210d242fb30fcb65382e18190b,0.16932966406559238,0.07787916349462487,0.5859375,-8,True,654
SB3998,Parotid gland inflammation,salivary-gland secretory and ductal-delivery structure,"localized or systemic inflammatory activation with altered barrier, vascular, and cellular organization",remaining_5256,57fb9adbe1e41beff2e0d2c55e4059c7c655a95e2501be005c106a505a51f309,120,75,5,5,75,10,0.19713209158812528,0.19706084000721358,-7.125158091170203e-05,7.125158091170203e-05,TOWARD_REFERENCE,0.041666666666666664,MINOR,1,231,,,409b33300c164a4b73482a7a4380a010350252656900fe8c6315fe98b40e69c6,0.16932936569919538,0.08130867768194561,0.5703125,0,True,655
SB0217,Alcohol craving,mesolimbic reward-drive structure,excess motivational salience directed toward acquisition or intake of a specific substance or behavior,established_478,103ec7057bfb9a2bbeb21ce5208ef594fa1034dba69fe77a032a8c4b5d8f9765,21,9,2,0,7,2,0.26752786154425423,0.2787081457239229,0.011180284179668654,0.011180284179668654,AWAY_FROM_REFERENCE,0.0,INFORMATIONAL,0,230,,,df3dcaccefd8cf8a1b72e151e44fce1e8cc8e435098957c47169be90b5c4bf27,0.16932327565301541,0.0898759459183115,0.53125,2,True,656
SB4474,Pustular psoriasis,cutaneous epidermal-dermal barrier and local immune structure,"altered configuration or regulated output of the named structure, expressed as the state described by pustular psoriasis",remaining_5256,bf1c4f80378075d1fc1a5399318fccce6690a734d4474efa42a7b91d851a273e,1,0,0,1,1,1,0.13651013982745952,0.14747954582749334,0.010969406000033821,0.010969406000033821,AWAY_FROM_REFERENCE,1.0,CRITICAL,4,231,,,e8e723ee8647755bc3ec6c97ec8cd4ad6d4e997116ca970793dcc68038580d3d,0.16920081974561602,0.08115191432392199,0.5703125,-1,True,657
SB0545,Azotaemia,renal glomerular-tubular filtration and fluid-balance structure,retention of nitrogenous metabolic waste in blood from reduced renal clearance,remaining_5256,65d89d91f7552d8ab390d3fff2f515ea8be2486aebbfc95d74ecf43e43cafc04,91,43,11,1,33,12,0.1354149787240002,0.14849680486676298,0.013081826142762765,0.013081826142762765,AWAY_FROM_REFERENCE,0.01098901098901099,MINOR,1,231,,,c2de424410d94c6ca792b1d2b525efebd05ff16059cbfdd6a14b72091fb72ede,0.1691856205379536,0.08456325675360199,0.5546875,10,True,658
SB0546,Azotaemia of renal origin,renal glomerular-tubular filtration and fluid-balance structure,retention of nitrogenous metabolic waste in blood from reduced renal clearance,remaining_5256,65d89d91f7552d8ab390d3fff2f515ea8be2486aebbfc95d74ecf43e43cafc04,91,43,11,1,33,12,0.1354149787240002,0.14849680486676298,0.013081826142762765,0.013081826142762765,AWAY_FROM_REFERENCE,0.01098901098901099,MINOR,1,231,,,0160f8502a4448cd018b768d2bb8ac202b84f8811dd5cf19e45db5cb96730fbf,0.1691856205379536,0.08456325675360199,0.5546875,10,True,659
SB0547,Azotemia prerenal,renal glomerular-tubular filtration and fluid-balance structure,retention of nitrogenous metabolic waste in blood from reduced renal clearance,remaining_5256,65d89d91f7552d8ab390d3fff2f515ea8be2486aebbfc95d74ecf43e43cafc04,91,43,11,1,33,12,0.1354149787240002,0.14849680486676298,0.013081826142762765,0.013081826142762765,AWAY_FROM_REFERENCE,0.01098901098901099,MINOR,1,231,,,6d24d5bad4c3c769e0c60dcf6978585264f81f68211e61c4cfaeb127a58221ca,0.1691856205379536,0.08456325675360199,0.5546875,10,True,660
SB5411,Uremia,renal glomerular-tubular filtration and fluid-balance structure,retention of nitrogenous metabolic waste in blood from reduced renal clearance,remaining_5256,65d89d91f7552d8ab390d3fff2f515ea8be2486aebbfc95d74ecf43e43cafc04,91,43,11,1,33,12,0.1354149787240002,0.14849680486676298,0.013081826142762765,0.013081826142762765,AWAY_FROM_REFERENCE,0.01098901098901099,MINOR,1,231,,,37734970a0a81ab8a2a36ce4f72ff0806860ef0cbcdf659460d4ce3d369770d6,0.1691856205379536,0.08456325675360199,0.5546875,10,True,661
SB4580,Renal artery thrombosis,renal glomerular-tubular filtration and fluid-balance structure,intraluminal clot formation causing partial or complete flow obstruction,remaining_5256,3aea0f6b6c89565d4c00f8de97afd52a401b7c92b7ff8dc1d907f9244dff99cb,91,32,3,0,29,3,0.15021681545479793,0.16341973817454047,0.01320292271974255,0.01320292271974255,AWAY_FROM_REFERENCE,0.0,INFORMATIONAL,0,231,,,f003c2dd9c9e12bab3feaed01c516791155be8a45ab61e321590f18a435e8113,0.16917578017637666,0.08969607338582519,0.53125,3,True,662
SB4606,Renal vein thrombosis,renal glomerular-tubular filtration and fluid-balance structure,intraluminal clot formation causing partial or complete flow obstruction,remaining_5256,3aea0f6b6c89565d4c00f8de97afd52a401b7c92b7ff8dc1d907f9244dff99cb,91,32,3,0,29,3,0.15021681545479793,0.16341973817454047,0.01320292271974255,0.01320292271974255,AWAY_FROM_REFERENCE,0.0,INFORMATIONAL,0,231,,,4de6b709c48a29ae3f465209aea95beaa5c9995d543cb55329dcf64d8d94bdd8,0.16917578017637666,0.08969607338582519,0.53125,3,True,663
SB0165,Adenocarcinoma of prostate,"male gonadal, ductal, accessory-gland, and reproductive-output structure",clonal proliferative expansion with loss of normal differentiation and replacement of local tissue architecture,established_478,ea00e9d276c30152cd17f1c35457fce03eebf73761e1a0a4076260c218f67194,190,93,4,1,90,5,0.15580041335316563,0.16583821699375856,0.010037803640592924,0.010037803640592924,AWAY_FROM_REFERENCE,0.005263157894736842,MINOR,1,223,,,dc96043f9eefd273043c3885aeac1de3833582946b03f7c991339af3bcd9258f,0.16910900573132037,0.08618476308697609,0.546875,3,True,664
SB2212,Gastrointestinal perforation,"intestinal mucosal barrier, smooth-muscle motility, and luminal transport structure","altered configuration or regulated output of the named structure, expressed as the state described by gastrointestinal perforation",remaining_5256,9aee376ab0ca2b1cc035f9ebe04daef5062a7999bef97a945d01b630e3671d95,276,87,6,15,96,21,0.11822585000595964,0.13187683411540907,0.013650984109449427,0.013650984109449427,AWAY_FROM_REFERENCE,0.05434782608695652,MINOR,1,231,,,8ce3e56e29d5c8853d2dc1184283511a6c62a588b64adcce2ea311e13a595a07,0.16906688190428373,0.08098857549302896,0.5703125,-9,True,665
SB1743,Electrocardiogram PR prolongation,"cardiac conduction, depolarization, repolarization, and rhythm structure","altered configuration or regulated output of the named structure, expressed as the state described by electrocardiogram pr prolongation",remaining_5256,62860a761dbd8a87d0b588c63ec606aff173f734e9c77d47b63aed4fac5b08d7,703,213,15,32,230,47,0.10056004833590004,0.11245643444112252,0.011896386105222478,0.011896386105222478,AWAY_FROM_REFERENCE,0.04551920341394026,MINOR,1,230,,,5c3b79d92c189d00bf6620fd52ec4a2a4176fa75fa3891cf72cfc06193d597cf,0.16902044430781815,0.08093194427782702,0.5703125,-17,True,666
SB2928,Intestinal perforation,"intestinal mucosal barrier, smooth-muscle motility, and luminal transport structure","altered configuration or regulated output of the named structure, expressed as the state described by intestinal perforation",remaining_5256,c6ea97ed02ba51f0f7127a666a4a7660b5b8d08c66085d719a0757eaada5e7ac,276,89,7,13,95,20,0.11871820269216538,0.13248978802980715,0.013771585337641779,0.013771585337641779,AWAY_FROM_REFERENCE,0.04710144927536232,MINOR,1,231,,,6a0925d4d7c805ec32921ef88316f16b9603a0d416259ca26a9408d90c2d56cd,0.16901434147370645,0.08092450179720301,0.5703125,-6,True,667
SB5111,Sweat gland tumour,eccrine-apocrine sweat-gland secretory structure,loss of normal proliferative/differentiation constraint with clonal tissue expansion and architectural replacement,remaining_5256,f920a0508fdc2da33adb4b37987872b797781bd7ef5ef360eeba0b4366cea05e,105,58,6,0,52,6,0.21824328402803994,0.22824501014161935,0.010001726113579412,0.010001726113579412,AWAY_FROM_REFERENCE,0.0,INFORMATIONAL,0,174,,,92fcfe0708786a91e7c35aaa912eb29279bbdcf8dc586d8fa1f65782e85d0a8f,0.16895539783422228,0.08085261931002719,0.5703125,6,True,668
SB4193,Pleural thickening,"pleural membrane, pleural-space, and thoracic mechanical structure","altered configuration or regulated output of the named structure, expressed as the state described by pleural thickening",remaining_5256,eab00ae3176d9d9904ba71cb0ea0a9f7b82f0f7e1c6834dff7b6f0a2a0d6b534,36,19,0,1,20,1,0.16677000555137123,0.18219594981818443,0.015425944266813207,0.015425944266813207,AWAY_FROM_REFERENCE,0.027777777777777776,MINOR,1,197,,,f6c2861a9089e6427b53f2319faedf937ce9193dfcaa1c6c06dbabe1d50a9c3d,0.1688829838007084,0.0756194924398883,0.59375,-1,True,669
SB5254,Tinnitus,cochlear-mechanical and auditory-neural transduction structure,auditory percept generation without corresponding external acoustic input,remaining_5256,238ae1589d1b7aa645f8fa23cb2434add69611815bf2926cfa6448119cfdaef5,276,82,5,8,85,13,0.15326794640536878,0.1702670027019868,0.01699905629661802,0.01699905629661802,AWAY_FROM_REFERENCE,0.028985507246376812,MINOR,1,230,,,4e16b8306bee510cea87d52bfaf9457743d167968276f01bc78a802e8415f4b2,0.16885938524679645,0.08416540883755663,0.5546875,-3,True,670
SB0159,Acute uveitis,uveal tract immune-inflammatory structure,"localized inflammatory activation with cellular infiltration, vascular change, and tissue-function perturbation",established_478,d2fd5c2f4086f8abf0bb351ca5c940391ff330b27b18bb0a09214a9e9a358b3e,1770,791,62,51,780,113,0.25099606114536743,0.26148916550778734,0.010493104362419903,0.010493104362419903,AWAY_FROM_REFERENCE,0.0288135593220339,MINOR,1,24,,,8ff8e8dbb7127bf78618f4b9ab23f47fb1ff872d5b64471498b8c298376d884a,0.16884263117958948,0.07728522095071888,0.5859375,11,True,671
SB0341,Anterior uveitis,uveal tract immune-inflammatory structure,"localized inflammatory activation with cellular infiltration, vascular change, and tissue-function perturbation",established_478,d2fd5c2f4086f8abf0bb351ca5c940391ff330b27b18bb0a09214a9e9a358b3e,1770,791,62,51,780,113,0.25099606114536743,0.26148916550778734,0.010493104362419903,0.010493104362419903,AWAY_FROM_REFERENCE,0.0288135593220339,MINOR,1,24,,,d98f95ee695509363d14cd19c752c413e933f9b24e2782cd2cddb1656879d5a1,0.16884263117958948,0.07728522095071888,0.5859375,11,True,672
SB3770,Oligospermia,"male gonadal, ductal, accessory-gland, and reproductive-output structure","altered configuration or regulated output of the named structure, expressed as the state described by oligospermia",remaining_5256,96319185c6086c02a8d924e1b2c552509f61ab9980d19e0c913a6633b899f58c,190,79,3,3,79,6,0.13200539227421615,0.14355457667722904,0.011549184403012891,0.011549184403012891,AWAY_FROM_REFERENCE,0.015789473684210527,MINOR,1,223,,,707797ad53a22cb66055f932cf73e35cd11422955b019820fd98a6a99848a952,0.16880049908083888,0.08752347448882791,0.5390625,0,True,673
SB3913,Painful erection,"male gonadal, ductal, accessory-gland, and reproductive-output structure","altered configuration or regulated output of the named structure, expressed as the state described by painful erection",remaining_5256,09c26572fcc71d508bbdb70277c399c50a424ec83f039139c4906d6f6b443fa1,190,81,4,4,81,8,0.13338470848942574,0.14469474610087463,0.011310037611448887,0.011310037611448887,AWAY_FROM_REFERENCE,0.021052631578947368,MINOR,1,223,,,b9cc196ff9df724ea983affaff997e0787b6849a87cc722800f8623bad57ce03,0.16875665121297143,0.08404012343045297,0.5546875,0,True,674
SB1675,Dyspareunia,"genital mucosal, pelvic-floor, and sexual-response structure",painful genital/pelvic sensory state triggered by sexual mechanical interaction,remaining_5256,f02c90f4f6bc360c887cf081f7e9e4c3fbb7c88ca76b6f0a8695c9adb3cdf348,1378,501,30,32,503,62,0.14706515012385635,0.1561847177970621,0.009119567673205764,0.009119567673205764,AWAY_FROM_REFERENCE,0.023222060957910014,MINOR,1,223,,,29dda3179a22049399769e8f17be0e0536cdb49bac366a83ebe8946c356a8ea1,0.16873927167104624,0.08744880691591006,0.5390625,-2,True,675
SB4586,Renal dysgenesis,renal glomerular-tubular filtration and fluid-balance structure,"altered configuration or regulated output of the named structure, expressed as the state described by renal dysgenesis",remaining_5256,d882a4aee1feb73b696b13f16ec79e430f9ed9c6f5111b2bbd243bd4124924fe,91,29,7,1,23,8,0.12835492126739334,0.1412133668105917,0.012858445543198371,0.012858445543198371,AWAY_FROM_REFERENCE,0.01098901098901099,MINOR,1,231,,,628df6aede607c8bc582a635c45aa381e9dbfb1e60d055fd69f23be7cbed1235,0.16854579640259562,0.08035310536901907,0.5703125,6,True,676
SB3598,Nephrolithiasis,renal glomerular-tubular filtration and fluid-balance structure,"altered configuration or regulated output of the named structure, expressed as the state described by nephrolithiasis",remaining_5256,10a8d1915b10a8c85f385ee331d91cbbff226386a6f1ad424612a5b180c17fe1,91,28,6,1,23,7,0.14056119013854063,0.1542218118175509,0.013660621679010276,0.013660621679010276,AWAY_FROM_REFERENCE,0.01098901098901099,MINOR,1,231,,,5658fccbda8a77862b0831aed56931c762057e9c77d5efa92d2b4142d3a09871,0.16844186804700217,0.08022636347195389,0.5703125,5,True,677
SB0213,Albumin urine increased,renal glomerular filtration-barrier albumin-retention structure,measured or functional quantity shifted above its reference structural range,established_478,0344cbd986e1f29a752778dd501cf9b11ad19961cc47bc82d357ca7fd729d1f9,28,15,2,1,14,3,0.17561561702778394,0.1910453611952554,0.015429744167471449,0.015429744167471449,AWAY_FROM_REFERENCE,0.03571428571428571,MINOR,1,223,,,e64ba16042fb0af2cbeac50cfa08dd1a7e989e74afa95ed5a0779935390dfa95,0.16842902669361853,0.08364058133368113,0.5546875,1,True,678
SB5253,Tingling skin,cutaneous epidermal-dermal barrier and local immune structure,"altered configuration or regulated output of the named structure, expressed as the state described by tingling skin",remaining_5256,180d38b2a8163160fb03604e8fe4f99afbe84b711c31731b78dcf2e8e8a79643,1,0,0,1,1,1,0.14143287898688717,0.15035518979927998,0.008922310812392809,0.008922310812392809,AWAY_FROM_REFERENCE,1.0,CRITICAL,4,231,,,ad5ca9bebf443e9f310d5e59b07830ca70483f341d7404fde18fb545a0338068,0.168427272368805,0.0784936248400061,0.578125,-1,True,679
SB2843,Injection site bruising,vascular wall and hemostatic integrity structure,"altered configuration or regulated output of the named structure, expressed as the state described by injection site bruising",remaining_5256,690edb64afe4b99b55ea992241b763d8f0671fa0ed7d82306fc16122cad63cf8,325,190,3,10,197,13,0.17154995896224778,0.1840143228117268,0.012464363849479021,0.012464363849479021,AWAY_FROM_REFERENCE,0.03076923076923077,MINOR,1,210,,,fed3c8db5761f570f84019dcf0dc427b818625f64e4f05615ed3fc73e34e2795,0.16842711144140682,0.081923306635862,0.5625,-7,True,680
SB3037,Lacrimal duct obstruction,lacrimal-gland secretion and tear-drainage ocular-surface structure,partial or complete luminal/pathway blockage with impaired transit or flow,remaining_5256,d2a3bf50766a62b35e5a8684e7459ce56a5de1ea00a042e83054bba913c9cf48,703,324,7,26,343,33,0.19147665918269285,0.20606729767518783,0.014590638492494978,0.014590638492494978,AWAY_FROM_REFERENCE,0.03698435277382646,MINOR,1,223,,,8d53a2b5c0efc9ab79d53face35287c140fb31133254aa8df0a20dc525c7fb36,0.16831122149031813,0.08521185547599774,0.546875,-19,True,681
SB2665,Hypogammaglobulinaemia,"circulating leukocyte production, distribution, and effector-cell structure","deficient magnitude, activity, quantity, or tissue state below the reference configuration",remaining_5256,0c6820968f9a039fa8a7b1a881071a266992baf011d8c2ed89d8a05d61e7be16,1830,563,58,86,591,144,0.1208360136206833,0.12800678312204206,0.007170769501358754,0.007170769501358754,AWAY_FROM_REFERENCE,0.046994535519125684,MINOR,1,231,,,12008031dcd4074ec2082f15dbd313a91f65080251d3408d91f4eb19bc61a64e,0.16826494708478448,0.07315085010339573,0.6015625,-28,True,682
SB2545,Hodgkin's disease lymphocyte predominance type stage unspecified,"circulating leukocyte production, distribution, and effector-cell structure","altered configuration or regulated output of the named structure, expressed as the state described by hodgkin's disease lymphocyte predominance type stage",remaining_5256,45b78e47a7d49e6745449715abec589330358291ad788af962bb49cf0a0d4d03,1830,462,40,76,498,116,0.09743846709219017,0.1088535204860559,0.011415053393865726,0.011415053393865726,AWAY_FROM_REFERENCE,0.041530054644808745,MINOR,1,231,,,919eccdf5124951499d15500a3d5708eab968c9c8b95528aae66d2862d616551,0.16826434988755212,0.08343975596042941,0.5546875,-36,True,683
SB4976,Spermatogenesis arrest,"male gonadal, ductal, accessory-gland, and reproductive-output structure",collapse of integrated vital-function continuity and sustained organism-level state,remaining_5256,5ae6ef8622e4d5bcf448893a2f442e7739bb344d1d17c66f38ec16d1e70b7602,190,103,2,1,102,3,0.15217972773329647,0.1621900005096495,0.010010272776353024,0.010010272776353024,AWAY_FROM_REFERENCE,0.005263157894736842,MINOR,1,223,,,4fbc57068a6360e6a11d0274d6d0e2564cf303daa7c4426b3444e13d09bfd9e3,0.1681260476564719,0.08155615567862429,0.5625,1,True,684
SB4571,Refractory cytopenia with unilineage dysplasia,"circulating leukocyte production, distribution, and effector-cell structure",abnormal cellular maturation and tissue architecture relative to the normal differentiated pattern,remaining_5256,b09737ff79d63d74308ffe2eeb7b8ddf1c370569d40a5d9256742fc830b5bfa4,1830,620,68,79,631,147,0.1443396688287133,0.14996490124460093,0.005625232415887638,0.005625232415887638,AWAY_FROM_REFERENCE,0.04316939890710383,MINOR,1,231,,,2db84bb380855eadf9e60786b14dde0f965c4a5cad70f943038ae874f135d87a,0.16806434143344265,0.07290620906517398,0.6015625,-11,True,685
SB2931,Intestinal stoma complication,"intestinal mucosal barrier, smooth-muscle motility, and luminal transport structure","altered configuration or regulated output of the named structure, expressed as the state described by intestinal stoma complication",remaining_5256,2bda47b55c692f67d5b4dfa3e7d9ca4bc64adcd4cef3aeb7af7e007ec848ab0a,276,87,3,14,98,17,0.12057738736651846,0.13411985938838078,0.013542472021862317,0.013542472021862317,AWAY_FROM_REFERENCE,0.050724637681159424,MINOR,1,231,,,7f67c041d5e39834792ed007e77450e4b578dc634b352ed96716e984df7c89a9,0.16802455681134557,0.07971744733090924,0.5703125,-11,True,686
SB4471,Purpura fulminans,vascular wall and hemostatic integrity structure,"altered configuration or regulated output of the named structure, expressed as the state described by purpura fulminans",remaining_5256,a6ce75b85a126c676a619f7a92a657f2116b039fce52935c6bac8c5592108e9f,325,180,1,11,190,12,0.1774916402454183,0.18847154109668274,0.010979900851264435,0.010979900851264435,AWAY_FROM_REFERENCE,0.033846153846153845,MINOR,1,210,,,19e5ecbe008b0a2e331b3a9414b19dc8eba880078175b7c13b0ea8c79e57c833,0.16799120179683538,0.08139170950833585,0.5625,-10,True,687
SB1762,Electrocardiogram T wave inversion,"cardiac conduction, depolarization, repolarization, and rhythm structure","altered configuration or regulated output of the named structure, expressed as the state described by electrocardiogram t wave inversion",remaining_5256,484df33e0125c1e0a5ca17e83b319f2354e4f0b2e11d0d3d3494edd1988b1433,703,209,15,32,226,47,0.0995506683270575,0.11138598035582681,0.011835312028769307,0.011835312028769307,AWAY_FROM_REFERENCE,0.04551920341394026,MINOR,1,230,,,7487a1dde7be8548e241e944488cd4261f0420bd3669df40cc38d4e248ec09cb,0.1679199878626377,0.07958992422272892,0.5703125,-17,True,688
SB0832,Breast induration,"mammary gland ductal-lobular, secretory, and surface structure","altered configuration or regulated output of the named structure, expressed as the state described by breast induration",remaining_5256,4baa3ff3ed7d3e6978bb4f88a963023b5180e3227277d88e8788f25fba84741f,231,108,3,13,118,16,0.14435669409213148,0.1584324401419822,0.014075746049850735,0.014075746049850735,AWAY_FROM_REFERENCE,0.05627705627705628,MINOR,1,223,,,aac6597bc3c4c5ceaf710da5cf698a7e5e4969cf9da2442e97cbcd8467d29df3,0.1679126275265074,0.08815564332500903,0.53125,-10,True,689
SB5487,Uterine spasm,"female reproductive, gestational, placental, and reproductive-output structure",excess or sustained contractile activation causing abnormal narrowing or mechanical state,remaining_5256,51a9dfa88eafc07681d13d03df6fda3da46fbc8dcabcb89b17a55ac9389df625,3,1,1,0,0,1,0.14275363477976355,0.15322435739711993,0.010470722617356376,0.010470722617356376,AWAY_FROM_REFERENCE,0.0,INFORMATIONAL,0,38,,,8520980e3442c0b7735bc06b62594e8d208f5917e9358778c19a5c4190e29afd,0.16788924578391382,0.07955243388282174,0.5703125,1,True,690
SB2207,Gastrointestinal necrosis,"intestinal mucosal barrier, smooth-muscle motility, and luminal transport structure",loss of cellular viability with local tissue structural breakdown,remaining_5256,b460f6caee78b0a91280c01c1fb1dd60002a92a6d894ccd79aefc2d3f7ba1d48,276,99,5,9,103,14,0.15788970673250047,0.17040941929082598,0.012519712558325513,0.012519712558325513,AWAY_FROM_REFERENCE,0.03260869565217391,MINOR,1,231,,,e1a52e811e3b4b786f321bd5a86aa653147139d6f6255440a2b6a0b50a0fd5c4,0.16788889676289936,0.07612213019865777,0.5859375,-4,True,691
SB2926,Intestinal necrosis,"intestinal mucosal barrier, smooth-muscle motility, and luminal transport structure",loss of cellular viability with local tissue structural breakdown,remaining_5256,b460f6caee78b0a91280c01c1fb1dd60002a92a6d894ccd79aefc2d3f7ba1d48,276,99,5,9,103,14,0.15788970673250047,0.17040941929082598,0.012519712558325513,0.012519712558325513,AWAY_FROM_REFERENCE,0.03260869565217391,MINOR,1,231,,,94d427fe0269113ac7b9ef0ea733a57ba070a79d087616671a798a68f49e1430,0.16788889676289936,0.07612213019865777,0.5859375,-4,True,692
SB0935,Carbon dioxide increased,pulmonary gas-exchange and extracellular acid-base transport structure,measured or functional quantity shifted above its reference structural range,remaining_5256,022a93e908c3c8b3f75d418c92c81c5e8dd1bd631bba9ca85316f9be9f6e0707,406,174,22,10,162,32,0.1448004678858521,0.14867218902996915,0.0038717211441170463,0.0038717211441170463,AWAY_FROM_REFERENCE,0.024630541871921183,MINOR,1,231,,,eb86ebbb9b4e46d3716f22c7063503e4fb9cc7abb03126aa518dab7e1231cc53,0.1678476795535505,0.069212109211647,0.6171875,12,True,693
SB3477,Myasthenia gravis-like syndrome,whole-organism substrate utilization and cellular energy-production structure,departure from the reference structural configuration or regulated functional range,remaining_5256,da839ca1f5c8b6aec30634729039f8d14982f5cbf2236f4e7b2f73fbad937466,78,27,1,8,34,9,0.11405124607083383,0.12055723244302063,0.0065059863721868005,0.0065059863721868005,AWAY_FROM_REFERENCE,0.10256410256410256,MINOR,1,223,,,a5a5ac1699616e008a6e14fea6f926a32c1445e28e69528d23eb4d69e453bb06,0.16775621446070077,0.08282007861061069,0.5546875,-7,True,694
SB0487,Asthenia,whole-organism substrate utilization and cellular energy-production structure,reduced available functional output relative to whole-organism demand,remaining_5256,a4664a401189540e218565cd6cbf65846bc6c32ec083fe3b0177817db72b799d,78,24,0,5,29,5,0.11011269363635745,0.11478629012430375,0.0046735964879462966,0.0046735964879462966,AWAY_FROM_REFERENCE,0.0641025641025641,MINOR,1,223,,,75a23317e68fc9b533837814ee48b1586339faac16fd48dfb64673f6217fc246,0.16775355433533717,0.0776720174821185,0.578125,-5,True,695
SB1142,Chronic fatigue syndrome,whole-organism substrate utilization and cellular energy-production structure,reduced available functional output relative to whole-organism demand,remaining_5256,a4664a401189540e218565cd6cbf65846bc6c32ec083fe3b0177817db72b799d,78,24,0,5,29,5,0.11011269363635745,0.11478629012430375,0.0046735964879462966,0.0046735964879462966,AWAY_FROM_REFERENCE,0.0641025641025641,MINOR,1,223,,,196d959365071ed31b637342d6e8b861da768722449e20cbe0615342cf74f484,0.16775355433533717,0.0776720174821185,0.578125,-5,True,696
SB2017,Fatigue,whole-organism substrate utilization and cellular energy-production structure,reduced available functional output relative to whole-organism demand,remaining_5256,a4664a401189540e218565cd6cbf65846bc6c32ec083fe3b0177817db72b799d,78,24,0,5,29,5,0.11011269363635745,0.11478629012430375,0.0046735964879462966,0.0046735964879462966,AWAY_FROM_REFERENCE,0.0641025641025641,MINOR,1,223,,,a011b87735c9be7ae589d9d3373c01b1b5047c1e647c10deb5a597bc49fee25b,0.16775355433533717,0.0776720174821185,0.578125,-5,True,697
SB2018,Fatigue aggravated,whole-organism substrate utilization and cellular energy-production structure,reduced available functional output relative to whole-organism demand,remaining_5256,a4664a401189540e218565cd6cbf65846bc6c32ec083fe3b0177817db72b799d,78,24,0,5,29,5,0.11011269363635745,0.11478629012430375,0.0046735964879462966,0.0046735964879462966,AWAY_FROM_REFERENCE,0.0641025641025641,MINOR,1,223,,,bfeb6f4750483f60fba2011e0600338058f2975ad185a07bf3ea08c6b4696b17,0.16775355433533717,0.0776720174821185,0.578125,-5,True,698
SB3242,Malaise and fatigue,whole-organism substrate utilization and cellular energy-production structure,reduced available functional output relative to whole-organism demand,remaining_5256,a4664a401189540e218565cd6cbf65846bc6c32ec083fe3b0177817db72b799d,78,24,0,5,29,5,0.11011269363635745,0.11478629012430375,0.0046735964879462966,0.0046735964879462966,AWAY_FROM_REFERENCE,0.0641025641025641,MINOR,1,223,,,0cd68d39ee5f9d71e66acb061db576f5af02eb3a562a181ee19262e39c4afb5e,0.16775355433533717,0.0776720174821185,0.578125,-5,True,699
SB0828,Breast engorgement,"mammary gland ductal-lobular, secretory, and surface structure","altered configuration or regulated output of the named structure, expressed as the state described by breast engorgement",remaining_5256,072bdcd590a6a429c56edde327b4e3ece171720bbef9dbed9e04fbd470053c26,231,112,2,9,119,11,0.14712230566468132,0.16153196106161483,0.014409655396933507,0.014409655396933507,AWAY_FROM_REFERENCE,0.03896103896103896,MINOR,1,223,,,9235efa67820029227d121d967c8d1fb4dc5b93c177d789baa6ea50dffb30cb4,0.1676855595012504,0.08787873109908584,0.53125,-7,True,700
SB0884,Bullous keratopathy,cutaneous epidermal-dermal barrier and local immune structure,structural-functional tissue disorder with impaired normal operation of the named structure,remaining_5256,8bf1c148ce160bfb7d377d609ea881f56da4666df6cfa2cb5cc5bd5428bdde84,1,0,0,1,1,1,0.15333315282118132,0.1645345197996405,0.011201366978459193,0.011201366978459193,AWAY_FROM_REFERENCE,1.0,CRITICAL,4,231,,,e7467ce59ed621e6b76174ea6aae97c050dbd111e1f864c00aca0cbb75ec2e8b,0.16766380528614458,0.07070281132456657,0.609375,-1,True,701
SB3605,Nephrotoxicity,renal glomerular-tubular filtration and fluid-balance structure,"altered configuration or regulated output of the named structure, expressed as the state described by nephrotoxicity",remaining_5256,2fe2e24fcdc343357819f1610e583bb2114d8a8b09e8db1b1d33317d7683c3f1,91,29,6,2,25,8,0.13357241630682015,0.14722655722515454,0.01365414091833439,0.01365414091833439,AWAY_FROM_REFERENCE,0.02197802197802198,MINOR,1,231,,,5745d322e71758644709ef2f57f321882dff0de3dd12f9b7cdcf3ed6f203364c,0.1674584691894262,0.08074203559686122,0.5625,4,True,702
SB5003,Spontaneous bruising,vascular wall and hemostatic integrity structure,"altered configuration or regulated output of the named structure, expressed as the state described by spontaneous bruising",remaining_5256,2cfbe83341db1fb3d9f196bf326c131ab7170e44ae11f2d4d556245a486fd720,325,190,3,13,200,16,0.18506297357886703,0.1964078096446764,0.011344836065809383,0.011344836065809383,AWAY_FROM_REFERENCE,0.04,MINOR,1,210,,,7bb13c284e6c9a424c8118961469de94cb11740cc9761db428db23ad8fd3a439,0.167418912787886,0.08069379608278782,0.5625,-10,True,703
SB1758,Electrocardiogram ST-T change,"cardiac conduction, depolarization, repolarization, and rhythm structure","altered configuration or regulated output of the named structure, expressed as the state described by electrocardiogram st-t change",remaining_5256,ea74db721a0c9f9bdac735795b639800a3409d5f645792ea5247282f473ded9d,703,205,14,31,222,45,0.09738647073842743,0.10861724975458231,0.01123077901615488,0.01123077901615488,AWAY_FROM_REFERENCE,0.044096728307254626,MINOR,1,230,,,7b5bd1b5b07fd5cf23becc79d9a4e5b575e275e5f0e5cecd53706667975f9db5,0.16740293457636096,0.07895937143458653,0.5703125,-17,True,704
SB0468,Arthropod sting,local cutaneous immune and sensory-transmission structure,"altered configuration or regulated output of the named structure, expressed as the state described by arthropod sting",established_478,fe686ca10c27aecd440152d9276e9738d116ee2d69e4e973db2894a06ed0cf1a,351,135,9,8,134,17,0.1497226079288616,0.16151772269711306,0.011795114768251458,0.011795114768251458,AWAY_FROM_REFERENCE,0.022792022792022793,MINOR,1,223,,,8c0f2951065849a3229ab5b454212fb7284fbb9f83b4ddc78997c3ddb1775fb8,0.1673911633502183,0.0738001992075833,0.59375,1,True,705
SB0645,Bleeding time prolonged,vascular wall and hemostatic integrity structure,event duration or measured interval extended beyond the reference timing range,remaining_5256,db4a77d3af91fece857ab73824b74c972c47a4c8aaa8b4a5d524da5847498b1a,325,211,1,18,228,19,0.23431955874511412,0.2441453933747042,0.00982583462959008,0.00982583462959008,AWAY_FROM_REFERENCE,0.055384615384615386,MINOR,1,210,,,13bb7f9a2f919fcedae34f824ed87adf044c6f671d5027fbf520b18324a37022,0.16738360984233866,0.07893580468577888,0.5703125,-17,True,706
SB4601,Renal rickets,renal glomerular-tubular filtration and fluid-balance structure,"altered configuration or regulated output of the named structure, expressed as the state described by renal rickets",remaining_5256,b191aaff987f8810795692ed9ae1507adffb1a0e75c6ed05028e5a262ed4d4cb,91,29,8,1,22,9,0.1304296957507649,0.14363391624542976,0.013204220494664853,0.013204220494664853,AWAY_FROM_REFERENCE,0.01098901098901099,MINOR,1,231,,,8a10f2c6b1b7d634668ccb2b68b6a807e3f9943dd0f15f13ff5d9a261e654dd9,0.16723002101727474,0.07874850124057897,0.5703125,7,True,707
SB2125,Frequent bowel movements,"intestinal mucosal barrier, smooth-muscle motility, and luminal transport structure","altered configuration or regulated output of the named structure, expressed as the state described by frequent bowel movements",remaining_5256,19097a597f73d6223aaae71cb95c4a88474c34cda3ec5d55ebebb911a41962ab,276,88,6,14,96,20,0.10997394019191109,0.12332554641647253,0.01335160622456144,0.01335160622456144,AWAY_FROM_REFERENCE,0.050724637681159424,MINOR,1,231,,,b831265cc4132b38996159f86d61700b79d4ed7aea1bef129c6b8b7f449d7506,0.1672007475013237,0.07871280183088258,0.5703125,-8,True,708
SB0280,Anal haemorrhage,anorectal mucosal vascular-integrity structure,vascular or tissue integrity breach with blood extravasation/accumulation,established_478,e98dddc7fb0b8a7a936b8e8fd815e6af61b3c3c5e1dbc0e83ebcf8e816e51a14,6,5,0,1,6,1,0.21170301012996562,0.22230165941991964,0.01059864928995402,0.01059864928995402,AWAY_FROM_REFERENCE,0.16666666666666666,MINOR,1,223,,,b568b672579f154845e879ea6095ea4597bba0717e26d271a5151d4eb85b2fe3,0.16718600161497016,0.07526494099386605,0.5859375,-1,True,709
SB4971,Sperm concentration,"male gonadal, ductal, accessory-gland, and reproductive-output structure","altered configuration or regulated output of the named structure, expressed as the state described by sperm concentration",remaining_5256,be1f75d012807d6fdc71ca1cfd7015884151753db0b1453e369c952a777b7831,190,85,8,5,82,13,0.12781295938146298,0.13792530307037343,0.010112343688910452,0.010112343688910452,AWAY_FROM_REFERENCE,0.02631578947368421,MINOR,1,223,,,a1a9d703d7fb8ddbdcb28d57499815bef71e62f6ce8592c75adbd7eae1e90930,0.16716015416018576,0.07694835873193384,0.578125,3,True,710
SB0852,Bronchial hyperreactivity,bronchial smooth-muscle tone and airway-caliber structure,"excess magnitude, activity, quantity, or tissue state above the reference configuration",remaining_5256,c8190b2ca616122ca58718098a738d9e285790ed911fd52b1a7d2452687d22f3,300,118,11,3,110,14,0.13550539767205816,0.13955238275839688,0.004046985086338717,0.004046985086338717,AWAY_FROM_REFERENCE,0.01,MINOR,1,231,,,e6cb6358228456c81b6bc693452d10c9cf2c9c01a0191a78e4a5c610ebcaf3ab,0.16712049884846278,0.07175518152251559,0.6015625,8,True,711
SB5562,Venipuncture site bruise,vascular wall and hemostatic integrity structure,"altered configuration or regulated output of the named structure, expressed as the state described by venipuncture site bruise",remaining_5256,4c5c29a1dc384d43908c60730b926da5b8b00ea45d357ddfb6d95df2265bdc11,325,189,1,11,199,12,0.17373744471180297,0.18606689990231062,0.012329455190507654,0.012329455190507654,AWAY_FROM_REFERENCE,0.033846153846153845,MINOR,1,210,,,638db80f948e6e827102ec270473794298f8dea65b8ff4b55213be4e1c384115,0.16710277584183197,0.08202320224613657,0.5546875,-10,True,712
SB0035,Abdominal wall abscess,abdominal-wall soft-tissue innate-immune structure,localized inflammatory cavity with tissue breakdown and accumulated cellular/fluid contents,established_478,326ca0adec40ba55374c43257f4529f2c30aba058e646832da8137b783c9967c,780,326,33,32,325,65,0.1424437007244196,0.15141324677616552,0.008969546051745936,0.008969546051745936,AWAY_FROM_REFERENCE,0.041025641025641026,MINOR,1,222,,,3c154a1fca607650073742bc7ea175085a28bab614f7c39bb7b7a16f2d2e94c5,0.1671007575609217,0.0820207409279533,0.5546875,1,True,713
SB0237,Allergic sinusitis,sinonasal mucosal immune-histamine structure,"exaggerated immune-recognition/effector activation causing barrier, vascular, or smooth-muscle perturbation",established_478,cde50f53a4d03e4542b05becd6d0be55708ccd589cf25bd5e8c22817ec2b03e8,15,3,1,2,4,3,0.19927214255963177,0.20562326519072283,0.006351122631091055,0.006351122631091055,AWAY_FROM_REFERENCE,0.13333333333333333,MINOR,1,231,,,e243a790ca2224a977e47b9ddeaf2da6250cdb242c99e98af10937fc44353cb7,0.1670764135746336,0.06998647996906537,0.609375,-1,True,714
SB1767,Electrocardiogram change,"cardiac conduction, depolarization, repolarization, and rhythm structure","altered configuration or regulated output of the named structure, expressed as the state described by electrocardiogram change",remaining_5256,6dd7c5437694bce38cd7c966c71df56ff8ea8bfa6028027e8bd061137858b564,703,194,14,33,213,47,0.09659860060525205,0.10786275725695882,0.01126415665170677,0.01126415665170677,AWAY_FROM_REFERENCE,0.04694167852062589,MINOR,1,230,,,afc30edb528dfbe2d5b5ae30376dba53ed531dcf9d35aa1924e29f8d3b79055b,0.16706506459676768,0.07854733487410692,0.5703125,-19,True,715
SB0306,Angiodermatitis,cutaneous microvascular and dermal structure,"localized inflammatory activation with cellular infiltration, vascular change, and tissue-function perturbation",established_478,7804e519170a64723fe9b9d37c69953ddd3d469484c5e1f262052a44ae06596d,435,240,10,12,242,22,0.22516652011054228,0.23939514661638361,0.014228626505841335,0.014228626505841335,AWAY_FROM_REFERENCE,0.027586206896551724,MINOR,1,199,,,ef1df5f6f102f14688d16d481e347535ad6897b23a0dcb26680dd194e184fe70,0.16706279718805414,0.07854456974152946,0.5703125,-2,True,716
SB2059,Fibrocystic breast disease,"mammary gland ductal-lobular, secretory, and surface structure","altered configuration or regulated output of the named structure, expressed as the state described by fibrocystic breast disease",remaining_5256,e485ef0bb351d4328e89c3777f1dbfe53d03484fff19182edadf937dedaf63ad,231,112,3,11,120,14,0.1623899211440778,0.17679478099249257,0.014404859848414775,0.014404859848414775,AWAY_FROM_REFERENCE,0.047619047619047616,MINOR,1,223,,,493f98e330ceeaebee4583ebfb0a373cd28397facc2a45616059e5b7ccd22af9,0.16699772532609158,0.0887548479586483,0.5234375,-8,True,717
SB3199,Lupus erythematosus,cutaneous epidermal-dermal barrier and local immune structure,"altered configuration or regulated output of the named structure, expressed as the state described by lupus erythematosus",remaining_5256,cf3b60aec7ef5239d46a0a17b11ef6bac3981a4297034d8d6587764c417f8b57,1,0,0,1,1,1,0.13809296014098704,0.1489465354605496,0.010853575319562547,0.010853575319562547,AWAY_FROM_REFERENCE,1.0,CRITICAL,4,231,,,f7057acd2af050f37c323bc024d365c7ac3717ffd8456941d587aac026b73094,0.16689773988201806,0.07662834131953422,0.578125,-1,True,718
SB2360,Haematospermia,"male gonadal, ductal, accessory-gland, and reproductive-output structure","altered configuration or regulated output of the named structure, expressed as the state described by haematospermia",remaining_5256,ad5b75d4b0af7711e9ab7ed00edf27683856560f6c7628305d13ba5ffb71f10c,190,80,5,4,79,9,0.1312164335907562,0.14339489935138838,0.012178465760632196,0.012178465760632196,AWAY_FROM_REFERENCE,0.021052631578947368,MINOR,1,223,,,929a14122cf7c44942cf66cf4d9ced1d1a48e34b107081389bc2d6ffb77d6341,0.16684640463991215,0.08514043248769776,0.5390625,1,True,719
SB2192,Gastrointestinal candidiasis,"intestinal mucosal barrier, smooth-muscle motility, and luminal transport structure","altered configuration or regulated output of the named structure, expressed as the state described by gastrointestinal candidiasis",remaining_5256,cf60b8c3ad1e1175ffeb70f321899e0404f794500af4fba30850a452a66b6e6d,276,96,4,13,105,17,0.12146456714711173,0.1353218420997866,0.013857274952674858,0.013857274952674858,AWAY_FROM_REFERENCE,0.04710144927536232,MINOR,1,231,,,361c2f55d3be9cb420be102254b759e6c4e4bd4a348082cb2c741bd0c14c151c,0.16682380017401355,0.08339792704147997,0.546875,-9,True,720
SB4470,Purpura,vascular wall and hemostatic integrity structure,"altered configuration or regulated output of the named structure, expressed as the state described by purpura",remaining_5256,29c6896f399893c43e2b2785fdc4ef50c7f22655387840d62ad7000e45fc9025,325,178,4,12,186,16,0.17835992264182376,0.1891003528272216,0.010740430185397831,0.010740430185397831,AWAY_FROM_REFERENCE,0.036923076923076927,MINOR,1,210,,,12e4b1765db61999d05d507e63c4be31a7ef702a2c229715cd604728117c9c82,0.1668012088522453,0.07822555957590893,0.5703125,-8,True,721
SB0062,Absolute neutrophil count decreased,bone-marrow neutrophil production and circulating-neutrophil structure,measured or functional quantity shifted below its reference structural range,established_478,4cc3986e04c12377fabad4963b423edd479fba42134004018175ecc82ab80f1f,2485,800,38,42,804,80,0.14156542768742464,0.15740263278340982,0.015837205095985185,0.015837205095985185,AWAY_FROM_REFERENCE,0.016901408450704224,MINOR,1,6,,,569fc6bde670e030d7bb460550df05b9fc4f01513fdb71595086eeda1cf00c50,0.16677544134309524,0.07476425773548201,0.5859375,-4,True,722
SB2194,Gastrointestinal cramps,"intestinal mucosal barrier, smooth-muscle motility, and luminal transport structure",episodic smooth-muscle contraction with associated luminal pressure and nociceptive signaling,remaining_5256,8b72f42f826adb9dabbc002915408a8c94d5674d822e58790b38f91c70eb213a,276,74,8,17,83,25,0.11260229540007294,0.12759435472267988,0.014992059322606943,0.014992059322606943,AWAY_FROM_REFERENCE,0.06159420289855073,MINOR,1,231,,,5128a3e40c7e88f46957447d6e9380d24f2dfd813ecca1d5eb23105645b4a8ca,0.16674186503131544,0.08329800613575056,0.546875,-9,True,723
SB2918,Intestinal cramps,"intestinal mucosal barrier, smooth-muscle motility, and luminal transport structure",episodic smooth-muscle contraction with associated luminal pressure and nociceptive signaling,remaining_5256,8b72f42f826adb9dabbc002915408a8c94d5674d822e58790b38f91c70eb213a,276,74,8,17,83,25,0.11260229540007294,0.12759435472267988,0.014992059322606943,0.014992059322606943,AWAY_FROM_REFERENCE,0.06159420289855073,MINOR,1,231,,,11fe239e4030cbf32d7955c7328aa810e126e75a73a758ca90e324afc54ad479,0.16674186503131544,0.08329800613575056,0.546875,-9,True,724
SB2214,Gastrointestinal stoma complication,"intestinal mucosal barrier, smooth-muscle motility, and luminal transport structure","altered configuration or regulated output of the named structure, expressed as the state described by gastrointestinal stoma complication",remaining_5256,2efe01937c6637443d3fcfaa8ee2e0aa2e640d8bc81d661392ebbdd947048362,276,86,3,13,96,16,0.11989244054570014,0.13330517789093888,0.013412737345238734,0.013412737345238734,AWAY_FROM_REFERENCE,0.04710144927536232,MINOR,1,231,,,d27f984d7417c0c87ad07ff4b40fc36ff19a7c59ca83dd34e5fad3c8f43fdeb8,0.1666137133377002,0.07971184553378075,0.5625,-10,True,725
SB0401,Application site erythema,local cutaneous inflammatory and microvascular structure,increased superficial vascular perfusion producing localized tissue redness,established_478,14694ff7ed8201dbfe6d18293369e20189e007b96f2a9d372b78cb0355e3533f,171,79,4,7,82,11,0.19869240911107533,0.20543381090761592,0.0067414017965405915,0.0067414017965405915,AWAY_FROM_REFERENCE,0.04093567251461988,MINOR,1,231,,,4a7da5ece12f6feba84c2489ea24a59fe10260f1155e8f72c8d2844d90590cc4,0.16657524131005919,0.07280517232934047,0.59375,-3,True,726
SB0186,Adverse reaction,whole-organism homeostatic response structure,acute or subacute state transition of the named structure in response to an external or internal perturbation,established_478,c7e38c3338b580e09a867e16911a2f7cb3b2d5178fa1ec50a5f198e82a24e747,1225,520,37,23,506,60,0.1786413540893469,0.17932135973194074,0.0006800056425938505,0.0006800056425938505,AWAY_FROM_REFERENCE,0.018775510204081632,MINOR,1,174,,,6ae2e866e8a33f22cd5fdcfb39a4c8c02b7b819b19af8a1a5d8cfe31d910f7df,0.1665686965631682,0.06936731288191245,0.609375,14,True,727
SB3241,Malaise,whole-organism substrate utilization and cellular energy-production structure,reduced available functional output relative to required whole-organism demand,remaining_5256,b70a41ad58fe93b2e729bc9b0c3c2c184ba5894632404c3cdc3679be41c5fb03,78,24,0,5,29,5,0.1117003023212898,0.11704055613781028,0.005340253816520479,0.005340253816520479,AWAY_FROM_REFERENCE,0.0641025641025641,MINOR,1,223,,,3808c1331a559c5a8bc93885dc375afed9012cce5e9e22f2d42182ad731ab4eb,0.16655720389671685,0.08135787060575228,0.5546875,-5,True,728
SB0698,Blood follicle stimulating hormone increased,hypothalamic-pituitary hormone-control and release structure,measured or functional quantity shifted above its reference structural range,remaining_5256,7858bf29f85da303f968bf5e0881f0cc1a31d4cea314b1260d5f26c42761cf18,741,347,34,20,333,54,0.18782873557976476,0.18738435980465962,-0.0004443757751051436,0.0004443757751051436,TOWARD_REFERENCE,0.02699055330634278,MINOR,1,174,,,65b3f5457f9bb0719599686db3c47ede3112aa59c325e67c3e9729c9fb24631f,0.16651103075037937,0.08130156189070659,0.5546875,14,True,729
SB0706,Blood gonadotrophin increased,hypothalamic-pituitary hormone-control and release structure,measured or functional quantity shifted above its reference structural range,remaining_5256,7858bf29f85da303f968bf5e0881f0cc1a31d4cea314b1260d5f26c42761cf18,741,347,34,20,333,54,0.18782873557976476,0.18738435980465962,-0.0004443757751051436,0.0004443757751051436,TOWARD_REFERENCE,0.02699055330634278,MINOR,1,174,,,e47aa1750bd74c7783b701c4e053ec762aeeee92076fb56e2a4a5f8ae9c44e39,0.16651103075037937,0.08130156189070659,0.5546875,14,True,730
SB0707,Blood growth hormone increased,hypothalamic-pituitary hormone-control and release structure,measured or functional quantity shifted above its reference structural range,remaining_5256,7858bf29f85da303f968bf5e0881f0cc1a31d4cea314b1260d5f26c42761cf18,741,347,34,20,333,54,0.18782873557976476,0.18738435980465962,-0.0004443757751051436,0.0004443757751051436,TOWARD_REFERENCE,0.02699055330634278,MINOR,1,174,,,22528c2e51f1f64adf329e69e5319043505a492eafa59d77ec09af2bda30d3b3,0.16651103075037937,0.08130156189070659,0.5546875,14,True,731
SB0715,Blood luteinising hormone increased,hypothalamic-pituitary hormone-control and release structure,measured or functional quantity shifted above its reference structural range,remaining_5256,7858bf29f85da303f968bf5e0881f0cc1a31d4cea314b1260d5f26c42761cf18,741,347,34,20,333,54,0.18782873557976476,0.18738435980465962,-0.0004443757751051436,0.0004443757751051436,TOWARD_REFERENCE,0.02699055330634278,MINOR,1,174,,,939fcf587423796c1574a8be63d357545b5fdf0f84cb0bccac5d891592732a3f,0.16651103075037937,0.08130156189070659,0.5546875,14,True,732
SB0744,Blood prolactin increased,hypothalamic-pituitary hormone-control and release structure,measured or functional quantity shifted above its reference structural range,remaining_5256,7858bf29f85da303f968bf5e0881f0cc1a31d4cea314b1260d5f26c42761cf18,741,347,34,20,333,54,0.18782873557976476,0.18738435980465962,-0.0004443757751051436,0.0004443757751051436,TOWARD_REFERENCE,0.02699055330634278,MINOR,1,174,,,32fd6fd9632b166598faf9f1b55b5f1114aa969258e813c3aa94b00ca2974218,0.16651103075037937,0.08130156189070659,0.5546875,14,True,733
SB2780,Increased prolactin level,hypothalamic-pituitary hormone-control and release structure,measured or functional quantity shifted above its reference structural range,remaining_5256,7858bf29f85da303f968bf5e0881f0cc1a31d4cea314b1260d5f26c42761cf18,741,347,34,20,333,54,0.18782873557976476,0.18738435980465962,-0.0004443757751051436,0.0004443757751051436,TOWARD_REFERENCE,0.02699055330634278,MINOR,1,174,,,81b80a5412f0b3b3f1bb79cca417d012213eed4b63e498993baf8ac30d897858,0.16651103075037937,0.08130156189070659,0.5546875,14,True,734
SB4821,Serum prolactin increased,hypothalamic-pituitary hormone-control and release structure,measured or functional quantity shifted above its reference structural range,remaining_5256,7858bf29f85da303f968bf5e0881f0cc1a31d4cea314b1260d5f26c42761cf18,741,347,34,20,333,54,0.18782873557976476,0.18738435980465962,-0.0004443757751051436,0.0004443757751051436,TOWARD_REFERENCE,0.02699055330634278,MINOR,1,174,,,e4f058716320dba2ccc7bdd64b0a9e4b9fd6aee7c28eda5601ff7fc7817d1879,0.16651103075037937,0.08130156189070659,0.5546875,14,True,735
SB4154,Piloerection,"male gonadal, ductal, accessory-gland, and reproductive-output structure","altered configuration or regulated output of the named structure, expressed as the state described by piloerection",remaining_5256,c835fabdf2ad446d42c845501c78c8c48be50286baddcf8f927de3b7ce2086cd,190,82,4,4,82,8,0.13688878200369436,0.14795147944784115,0.011062697444146785,0.011062697444146785,AWAY_FROM_REFERENCE,0.021052631578947368,MINOR,1,223,,,84701de39971b7be5aecc072e47c98b4b18417cc879c92da3059549c0e04e6e2,0.1665082794926327,0.08301314572272278,0.546875,0,True,736
SB1890,Erythrocytosis,"erythrocyte production, integrity, and oxygen-transport structure","abnormal structural accumulation, degeneration, remodeling, or chronic state within the named structure",remaining_5256,b69a4785e0b38063e5ad2601b8bf6a01eeaf0e3de62713bd2a9d9f2c0fceb5bb,15,10,0,1,11,1,0.1518238390745601,0.16522644352248472,0.013402604447924626,0.013402604447924626,AWAY_FROM_REFERENCE,0.06666666666666667,MINOR,1,174,,,84dd8ec53074a44eef9227a2f11f0cdf9cbdd363f83d639e537e8b92513f7b6c,0.1664186986191953,0.07604414465755527,0.578125,-1,True,737
SB1897,Erythrosis,"erythrocyte production, integrity, and oxygen-transport structure","abnormal structural accumulation, degeneration, remodeling, or chronic state within the named structure",remaining_5256,b69a4785e0b38063e5ad2601b8bf6a01eeaf0e3de62713bd2a9d9f2c0fceb5bb,15,10,0,1,11,1,0.1518238390745601,0.16522644352248472,0.013402604447924626,0.013402604447924626,AWAY_FROM_REFERENCE,0.06666666666666667,MINOR,1,174,,,6328225777a0012e990db2dedea531bbe04b293f64fba1088166fe001752bc33,0.1664186986191953,0.07604414465755527,0.578125,-1,True,738
SB3361,Microcytosis,"erythrocyte production, integrity, and oxygen-transport structure","abnormal structural accumulation, degeneration, remodeling, or chronic state within the named structure",remaining_5256,b69a4785e0b38063e5ad2601b8bf6a01eeaf0e3de62713bd2a9d9f2c0fceb5bb,15,10,0,1,11,1,0.1518238390745601,0.16522644352248472,0.013402604447924626,0.013402604447924626,AWAY_FROM_REFERENCE,0.06666666666666667,MINOR,1,174,,,b134c07d4fa22e6b23ad29d5573c52e532a5aee8d6d5a7337a7f60311e739976,0.1664186986191953,0.07604414465755527,0.578125,-1,True,739
SB4218,Poikilocytosis,"erythrocyte production, integrity, and oxygen-transport structure","abnormal structural accumulation, degeneration, remodeling, or chronic state within the named structure",remaining_5256,b69a4785e0b38063e5ad2601b8bf6a01eeaf0e3de62713bd2a9d9f2c0fceb5bb,15,10,0,1,11,1,0.1518238390745601,0.16522644352248472,0.013402604447924626,0.013402604447924626,AWAY_FROM_REFERENCE,0.06666666666666667,MINOR,1,174,,,dd7df1678a821ead2f1a97e7476249fdabb165cc17b9dfc2b4846c35039989a2,0.1664186986191953,0.07604414465755527,0.578125,-1,True,740
SB4646,Reticulocytosis,"erythrocyte production, integrity, and oxygen-transport structure","abnormal structural accumulation, degeneration, remodeling, or chronic state within the named structure",remaining_5256,b69a4785e0b38063e5ad2601b8bf6a01eeaf0e3de62713bd2a9d9f2c0fceb5bb,15,10,0,1,11,1,0.1518238390745601,0.16522644352248472,0.013402604447924626,0.013402604447924626,AWAY_FROM_REFERENCE,0.06666666666666667,MINOR,1,174,,,e22eae6c0f2fca94e8648361db084db838342cbc9bd239fc48cdb33b803060d6,0.1664186986191953,0.07604414465755527,0.578125,-1,True,741
SB4594,Renal impairment,renal glomerular-tubular filtration and fluid-balance structure,"altered configuration or regulated output of the named structure, expressed as the state described by renal impairment",remaining_5256,b464250efdfb84949bb437c049b5fb5a82de2ec61be11f9c10d2e824c55ddc4f,91,26,8,1,19,9,0.1234571012422222,0.1367831788345708,0.013326077592348606,0.013326077592348606,AWAY_FROM_REFERENCE,0.01098901098901099,MINOR,1,231,,,4f74291f50eb0f9be0c2aac605683c73de48bb6b3a30f409f7ba7af9741e950e,0.1664065003788342,0.0777442077790661,0.5703125,7,True,742
SB0244,Altered state of consciousness,ascending arousal and cortical-consciousness structure,"altered configuration or regulated output of the named structure, expressed as the state described by altered state of consciousness",established_478,f84a96f595f58ae2c2a187f7c1790b83990e14c64b5b891bf05d25e394bb540c,703,269,13,19,275,32,0.14628634624130965,0.1614357691890096,0.015149422947699942,0.015149422947699942,AWAY_FROM_REFERENCE,0.02702702702702703,MINOR,1,223,,,1abab3efdaa2bcb8886a72f6ba5ec3ccddc8fdf3e697c29b1c83550cf47c5ff5,0.1663620894335101,0.08797968223598795,0.5234375,-6,True,743
SB4373,Prostatomegaly,"male gonadal, ductal, accessory-gland, and reproductive-output structure",enlargement of the named organ or tissue beyond its reference geometry,remaining_5256,4f439b12d701b427a2f466a4d2e2cb199ac545f30fe0fc302a5af88356abf716,190,95,3,3,95,6,0.1431603414430873,0.15475329521704095,0.01159295377395364,0.01159295377395364,AWAY_FROM_REFERENCE,0.015789473684210527,MINOR,1,223,,,fbf8eea4d8ce6ab17faf2bd7785c301e8cade66280ce164fcf60d2b73ded280d,0.16625847110693148,0.09128319647186767,0.5078125,0,True,744
SB0031,Abdominal spasm,intestinal smooth-muscle motility and luminal-volume structure,excess or sustained contractile activation causing abnormal narrowing or mechanical state,established_478,0bf6d03c325a2e12f8a635f9e1a1f960f8b0b2b4c3d9b8fde370e2b31e632371,351,116,9,13,120,22,0.14524369894820766,0.15509577410630782,0.00985207515810016,0.00985207515810016,AWAY_FROM_REFERENCE,0.037037037037037035,MINOR,1,223,,,a51e765026a14192734a13cd8ae52aa579da0146bcb31b9808159311f611f2dc,0.166256548150415,0.0707015831102622,0.6015625,-4,True,745
SB1754,Electrocardiogram ST segment,"cardiac conduction, depolarization, repolarization, and rhythm structure","altered configuration or regulated output of the named structure, expressed as the state described by electrocardiogram st segment",remaining_5256,018df55e008c0fed214110cb7aee4333367d960a644e935f100ba708f757cc90,703,201,11,35,225,46,0.10083432549905347,0.11212427842516193,0.01128995292610846,0.01128995292610846,AWAY_FROM_REFERENCE,0.049786628733997154,MINOR,1,230,,,01ad85f20b1a23293671fb9e31092568ef2916822fc4b04aacd8386f2181e1be,0.16614463046237982,0.07742485422241441,0.5703125,-24,True,746
SB0338,Anterior chamber pigmentation,melanocyte melanin-production and epidermal-pigment structure,"altered configuration or regulated output of the named structure, expressed as the state described by anterior chamber pigmentation",established_478,e8f371919513a1efba20a2f748f04de96125809c7617b013dfe8ae9ff9ef4334,351,85,3,5,87,8,0.10331417053903058,0.11578029950426405,0.01246612896523347,0.01246612896523347,AWAY_FROM_REFERENCE,0.014245014245014245,MINOR,1,230,,,a1c97093e68bef9a53010084be5608c69777dd61cb30a485909cdb7c5bdbea9f,0.16613375016701543,0.07055182947197003,0.6015625,-2,True,747
SB1000,Catheter blockage,"implanted-device, catheter, or prosthesis tissue-interface structure",partial or complete luminal/pathway blockage with impaired transit or flow,remaining_5256,b8f403f1d500646d113c60b340291f61069eb7f3887edc4b509761068dc1d9d3,1431,685,31,54,708,85,0.18914395620366375,0.20246984102777543,0.013325884824111678,0.013325884824111678,AWAY_FROM_REFERENCE,0.03773584905660377,MINOR,1,223,,,5bc1f14c2c9eb2080fcb73bb626e069afe43075e7579efca78d3089abee445df,0.16603540250548648,0.08586634451888597,0.53125,-23,True,748
SB1521,Device occlusion,"implanted-device, catheter, or prosthesis tissue-interface structure",partial or complete luminal/pathway blockage with impaired transit or flow,remaining_5256,b8f403f1d500646d113c60b340291f61069eb7f3887edc4b509761068dc1d9d3,1431,685,31,54,708,85,0.18914395620366375,0.20246984102777543,0.013325884824111678,0.013325884824111678,AWAY_FROM_REFERENCE,0.03773584905660377,MINOR,1,223,,,afce2df239dbefc950470706e590889c6ad54fad8d2fe5c70fb95f21ba85baf4,0.16603540250548648,0.08586634451888597,0.53125,-23,True,749
SB5026,Stent occlusion,"implanted-device, catheter, or prosthesis tissue-interface structure",partial or complete luminal/pathway blockage with impaired transit or flow,remaining_5256,b8f403f1d500646d113c60b340291f61069eb7f3887edc4b509761068dc1d9d3,1431,685,31,54,708,85,0.18914395620366375,0.20246984102777543,0.013325884824111678,0.013325884824111678,AWAY_FROM_REFERENCE,0.03773584905660377,MINOR,1,223,,,f1bde7dc2fd0ee32293b483833626ad23ddc9ad0d4decd762bb6588b6e82704a,0.16603540250548648,0.08586634451888597,0.53125,-23,True,750
SB1844,Epidermal growth factor receptor decreased,"cutaneous epidermal-dermal barrier, appendage, vascular, and immune structure",measured or functional quantity shifted below its reference structural range,remaining_5256,76fd7388f421f52395b07686994534cf0adc07a85b97c44d54880d8e7f0fbaba,300,117,6,14,125,20,0.18689409866718476,0.19960878486333167,0.012714686196146907,0.012714686196146907,AWAY_FROM_REFERENCE,0.04666666666666667,MINOR,1,231,,,1b1e3a77fc8a47f4a57c131458d71cbdbcbcd626803a97fec4b3544e9aeaa43a,0.16594157913777363,0.07374735260704102,0.5859375,-8,True,751
SB0011,Abdominal bloating,intestinal smooth-muscle motility and luminal-volume structure,increased luminal or compartment volume/pressure causing geometric expansion,established_478,aff06a07a9db84cf7882de15f0cee76ab5b8a2cd69f7a510c69dc3155e346ae2,351,114,3,9,120,12,0.13435134946289962,0.1498203934871276,0.015469044024227996,0.015469044024227996,AWAY_FROM_REFERENCE,0.02564102564102564,MINOR,1,223,,,ba7b8621cf40aa0f6d98680fab0bc3ff0def050368373e696c78d947a00328cf,0.16587154788927155,0.07880676571862388,0.5625,-6,True,752
SB0016,Abdominal distension,intestinal smooth-muscle motility and luminal-volume structure,increased luminal or compartment volume/pressure causing geometric expansion,established_478,aff06a07a9db84cf7882de15f0cee76ab5b8a2cd69f7a510c69dc3155e346ae2,351,114,3,9,120,12,0.13435134946289962,0.1498203934871276,0.015469044024227996,0.015469044024227996,AWAY_FROM_REFERENCE,0.02564102564102564,MINOR,1,223,,,efe55a1ddc3baeeb83ab159a34a36203596028d10caad74557a6ae12576255eb,0.16587154788927155,0.07880676571862388,0.5625,-6,True,753
SB0017,Abdominal distension gaseous,intestinal smooth-muscle motility and luminal-volume structure,increased luminal or compartment volume/pressure causing geometric expansion,established_478,aff06a07a9db84cf7882de15f0cee76ab5b8a2cd69f7a510c69dc3155e346ae2,351,114,3,9,120,12,0.13435134946289962,0.1498203934871276,0.015469044024227996,0.015469044024227996,AWAY_FROM_REFERENCE,0.02564102564102564,MINOR,1,223,,,9606e686b06d238e15868913d205f5d77a5798dd2c70195ed28009452994b4f8,0.16587154788927155,0.07880676571862388,0.5625,-6,True,754
SB1703,Ear haemorrhage,cochlear-mechanical and auditory-neural transduction structure,vascular or tissue integrity breach with blood extravasation/accumulation,remaining_5256,dd1d0275a98be15f77d61697dd40b9ac98fb0131f9aa24b8b64d2d4f9529d7e3,276,86,1,14,99,15,0.16387781088751563,0.17912596128631453,0.015248150398798899,0.015248150398798899,AWAY_FROM_REFERENCE,0.050724637681159424,MINOR,1,230,,,44e87156b78dcf6318031a14eb83e820f18acf671adb11832590e17ea8478ea8,0.16581142686708306,0.08216332544766225,0.546875,-13,True,755
SB1894,Erythropenia,"erythrocyte production, integrity, and oxygen-transport structure",quantity of the named cell/tissue component reduced below the reference range,remaining_5256,2db568b2501f55c9bb00f940100006bd8b99c0e73ad03176426acb1926913ba2,15,11,0,1,12,1,0.16679797699214693,0.17989964141203196,0.013101664419885029,0.013101664419885029,AWAY_FROM_REFERENCE,0.06666666666666667,MINOR,1,174,,,6858260c66cc498b3245ae64973ec5d02934dce968643f409f31f64b8898e0ff,0.16580683176347732,0.07872784361399676,0.5625,-1,True,756
SB4645,Reticulocytopenia,"erythrocyte production, integrity, and oxygen-transport structure",quantity of the named cell/tissue component reduced below the reference range,remaining_5256,2db568b2501f55c9bb00f940100006bd8b99c0e73ad03176426acb1926913ba2,15,11,0,1,12,1,0.16679797699214693,0.17989964141203196,0.013101664419885029,0.013101664419885029,AWAY_FROM_REFERENCE,0.06666666666666667,MINOR,1,174,,,b7540e6672b08d5aef5cdc3e4a7d33e396538e45478d0f05900f8ac098f65db8,0.16580683176347732,0.07872784361399676,0.5625,-1,True,757
SB0462,Arthritis,synovial-joint inflammatory and cartilage-bone interface structure,"localized or systemic inflammatory activation with altered barrier, vascular, and cellular organization",established_478,489b92dccfbd1cc5aa8f041a030f325eebfa256281d39c7fb4254ffaaed9d2a4,136,77,3,1,75,4,0.13855923334096998,0.14156196846807778,0.003002735127107803,0.003002735127107803,AWAY_FROM_REFERENCE,0.007352941176470588,MINOR,1,231,,,1f34ed62d602d5062b982648d67ba6799eb7c046e3324adff381316c893a5e38,0.1657782250077804,0.07869295732656145,0.5625,2,True,758
SB0463,Arthritis aggravated,synovial-joint inflammatory and cartilage-bone interface structure,"localized or systemic inflammatory activation with altered barrier, vascular, and cellular organization",established_478,489b92dccfbd1cc5aa8f041a030f325eebfa256281d39c7fb4254ffaaed9d2a4,136,77,3,1,75,4,0.13855923334096998,0.14156196846807778,0.003002735127107803,0.003002735127107803,AWAY_FROM_REFERENCE,0.007352941176470588,MINOR,1,231,,,c94a189eda01fbdb16854f25832336ae1d94868bb63099b425b10026bf7dcd7e,0.1657782250077804,0.07869295732656145,0.5625,2,True,759
SB4032,Penile curvature,"male gonadal, ductal, accessory-gland, and reproductive-output structure","altered configuration or regulated output of the named structure, expressed as the state described by penile curvature",remaining_5256,b95c925bb86cc6520c9aaf2b573a19f14fd1a15dc47bdb032c1dbef3457a0101,190,75,2,3,76,5,0.13071308559728922,0.14142991804481309,0.01071683244752386,0.01071683244752386,AWAY_FROM_REFERENCE,0.015789473684210527,MINOR,1,223,,,6e25929bcf8bb85cb14692591a103065cb9899d04613f28f33812ebebbe776fe,0.1657451024707226,0.08208244203746662,0.546875,-1,True,760
SB1574,"Disorders of fluid, electrolyte and acid-base balance",vestibular sensory-transduction and balance-control structure,"dysregulated structural-functional state involving disorders of fluid, electrolyte and acid-base balance",remaining_5256,46ce24c74642293d2f518b100560adec89d60d320e3455bbd29990dcc1afe5b2,15,6,0,1,7,1,0.17134989257566446,0.18179404773372432,0.010444155158059854,0.010444155158059854,AWAY_FROM_REFERENCE,0.06666666666666667,MINOR,1,198,,,d8ce2de77380838e1f9263f6966b4c872be49edbb8518e832d6666a938f42628,0.16572080472864195,0.07347811552273409,0.5859375,-1,True,761
SB3926,Pancreatic abscess,pancreatic endocrine-exocrine parenchymal and ductal structure,localized inflammatory cavity with tissue breakdown and accumulated cellular/fluid contents,remaining_5256,306488bce895568f7675dc0f0e954bf2e05395ba8c495b1feb522f9d4f93393e,91,41,2,4,43,6,0.1866460527001872,0.20147663451532094,0.014830581815133748,0.014830581815133748,AWAY_FROM_REFERENCE,0.04395604395604396,MINOR,1,230,,,ab069998f6fcd3c703c7585659abed3437a626e71fa4a96c068b5c58a9d9bf34,0.1657206500932525,0.07176298791860058,0.59375,-2,True,762
SB3749,Oesophageal obstruction,"oesophageal mucosal, peristaltic, and sphincter-control structure",partial or complete luminal/pathway blockage with impaired transit or flow,remaining_5256,a878dd5a9cd867d46a453a2f8c87bd66e3b0b1a3dc729bbc0794299b79b0c09f,28,7,1,0,6,1,0.13824747457190323,0.1529095168154354,0.01466204224353218,0.01466204224353218,AWAY_FROM_REFERENCE,0.0,INFORMATIONAL,0,231,,,2a95b103603e44cef904aa87e8a3dd17ada511326fad4100d83aa2e22a1db3b9,0.16558137966388614,0.08359771910230018,0.5390625,1,True,763
SB0705,Blood gonadotrophin decreased,hypothalamic-pituitary hormone-control and release structure,measured or functional quantity shifted below its reference structural range,remaining_5256,62fc0a9bb51db0fc63ff3ab2ad1a781ef1b973378c0dbf8d97e8bba7cee5c051,741,362,36,16,342,52,0.19057451909068457,0.18986635172062982,-0.0007081673700547464,0.0007081673700547464,TOWARD_REFERENCE,0.021592442645074223,MINOR,1,174,,,ee6e8fd6fcc94e98c935497f9d21b93e8215ce065327d61440c27dbcb69256f6,0.16555525016288003,0.07842103678400003,0.5625,20,True,764
SB0743,Blood prolactin decreased,hypothalamic-pituitary hormone-control and release structure,measured or functional quantity shifted below its reference structural range,remaining_5256,62fc0a9bb51db0fc63ff3ab2ad1a781ef1b973378c0dbf8d97e8bba7cee5c051,741,362,36,16,342,52,0.19057451909068457,0.18986635172062982,-0.0007081673700547464,0.0007081673700547464,TOWARD_REFERENCE,0.021592442645074223,MINOR,1,174,,,be20dac1c9d3f520e83bfa7fbd1b3896868faafdac355cd7a5daeb66806c87f2,0.16555525016288003,0.07842103678400003,0.5625,20,True,765
SB4820,Serum prolactin decreased,hypothalamic-pituitary hormone-control and release structure,measured or functional quantity shifted below its reference structural range,remaining_5256,62fc0a9bb51db0fc63ff3ab2ad1a781ef1b973378c0dbf8d97e8bba7cee5c051,741,362,36,16,342,52,0.19057451909068457,0.18986635172062982,-0.0007081673700547464,0.0007081673700547464,TOWARD_REFERENCE,0.021592442645074223,MINOR,1,174,,,f8c87107f8432166ecec413171e26440dc8931693ccbe319ae92a9f4d35f3be6,0.16555525016288003,0.07842103678400003,0.5625,20,True,766
SB2333,Granulomatosis with polyangiitis,"systemic immune-recognition, signaling, and effector-response structure","localized inflammatory activation with cellular infiltration, vascular change, and tissue-function perturbation",remaining_5256,739c3340727874067c5336452357c31f0737960c24446efde0e047c59a28dc30,378,104,9,21,116,30,0.12040140413127232,0.1342869764856116,0.013885572354339293,0.013885572354339293,AWAY_FROM_REFERENCE,0.05555555555555555,MINOR,1,231,,,4c2a7b1b199a027c6a3063dec82ebfe3b12c1b9d2c1b4fd8d1aa631468cb6374,0.16547574788030234,0.08689877790280776,0.5234375,-12,True,767
SB4371,Prostatism,"male gonadal, ductal, accessory-gland, and reproductive-output structure","altered configuration or regulated output of the named structure, expressed as the state described by prostatism",remaining_5256,49c051c9caf3b4a59a7c4cebb27a7bb6b6577e9eeb1fc0fc8f08c362dcc3f5c0,190,87,5,5,87,10,0.13772042783803462,0.14878984512284954,0.01106941728481492,0.01106941728481492,AWAY_FROM_REFERENCE,0.02631578947368421,MINOR,1,223,,,e8f868ac1aecb1d7edbc66200d000aff006b3eaa25bd467efa1178d9a53a7226,0.16530803699179836,0.07983449633146145,0.5546875,0,True,768
SB4109,Petechiae,vascular wall and hemostatic integrity structure,"altered configuration or regulated output of the named structure, expressed as the state described by petechiae",remaining_5256,dbd138c796b312fe7d5fb5eb77cf21b25c747fa93d2e38b0e169ef65934f7808,325,191,3,10,198,13,0.17614088565940567,0.18831193503368304,0.012171049374277376,0.012171049374277376,AWAY_FROM_REFERENCE,0.03076923076923077,MINOR,1,210,,,d4189dd939716ee05bc69888e58676705edc74fa31e3552e5297f78609d6a3b0,0.16527945596364363,0.07979964141907758,0.5546875,-7,True,769
SB1757,Electrocardiogram ST segment elevation,"cardiac conduction, depolarization, repolarization, and rhythm structure","altered configuration or regulated output of the named structure, expressed as the state described by electrocardiogram st segment elevation",remaining_5256,57033335d5522481caf4b589b505df88494df2ca95fe5e5e0ebef6255ed36093,703,197,9,34,222,43,0.10365283390251845,0.1151455679686163,0.011492734066097854,0.011492734066097854,AWAY_FROM_REFERENCE,0.04836415362731152,MINOR,1,230,,,87153a185ae3e7220d4b493eb9cae647975c694b93b8b53ec128bfd399c47d7d,0.16522804765193827,0.07802200933163206,0.5625,-25,True,770
SB3741,Oesophageal atresia,"oesophageal mucosal, peristaltic, and sphincter-control structure","developmental patterning deviation producing absent, incomplete, or abnormally organized structure",remaining_5256,c2a7eb87612532adf098e6669be1bcf9021547f17b679c38f6c54fdc5e30fd80,28,8,0,1,9,1,0.10703417735122311,0.11888611360599743,0.01185193625477432,0.01185193625477432,AWAY_FROM_REFERENCE,0.03571428571428571,MINOR,1,231,,,2c3292ef4fef79b3261ee2b68167ff720f3c72626687e075016690c3d98f2321,0.1651885025797946,0.0762588446095056,0.5703125,-1,True,771
SB0003,AION,anterior optic-nerve-head perfusion and axonal-conduction structure,anterior optic-nerve-head perfusion loss with axonal conduction and viability compromise,established_478,a1cc969c80904646f4d9696bcd94e75991bfc236385e5811f8158c7618f6ad78,91,31,2,5,34,7,0.10878991705343244,0.11859632277050225,0.00980640571706981,0.00980640571706981,AWAY_FROM_REFERENCE,0.054945054945054944,MINOR,1,231,,,cec53aabe9ed57f9c6ae044763e3cda4eb0fdba8693b1c826355b28b7c09923e,0.16512551113055843,0.0761820257689737,0.5703125,-3,True,772
SB4974,Spermatocele,"male gonadal, ductal, accessory-gland, and reproductive-output structure","altered configuration or regulated output of the named structure, expressed as the state described by spermatocele",remaining_5256,9d7fba377d04c67f5345e504f4e01e2ff31e11eaa50679dfdc456ca72e0ac7e6,190,82,6,4,80,10,0.1344256619471761,0.14556740341340224,0.011141741466226152,0.011141741466226152,AWAY_FROM_REFERENCE,0.021052631578947368,MINOR,1,223,,,c3e70ab3479de60b8ae2207fc73bada0dd5641040425cf9c5eb282e641333a63,0.16508635011081366,0.08127908550099228,0.546875,2,True,773
SB0936,Carbuncle,cutaneous follicular-barrier and local immune structure,"altered configuration or regulated output of the named structure, expressed as the state described by carbuncle",remaining_5256,2e6b9b679ad22817ed3ccc16c17dba510f23e2d0835fbbe1d04d2b217fcf5a43,45,12,1,0,11,1,0.14185729296291516,0.14784699538826707,0.005989702425351906,0.005989702425351906,AWAY_FROM_REFERENCE,0.0,INFORMATIONAL,0,223,,,40e776b25b80d0da8fe35e28e6675502c5f595575d6fa0d5288368f02cb549b8,0.16504637010690945,0.07265563427671884,0.5859375,1,True,774
SB2455,Henoch-Schonlein purpura,vascular wall and hemostatic integrity structure,"altered configuration or regulated output of the named structure, expressed as the state described by henoch-schonlein purpura",remaining_5256,c370a9e6168b9a014edb9215d677fad3602abbf6b78a7b219f86603b88f85c48,325,179,2,9,186,11,0.1845856022742859,0.1975507729057001,0.012965170631414225,0.012965170631414225,AWAY_FROM_REFERENCE,0.027692307692307693,MINOR,1,210,,,0acf2cc2031b16a20a4725cebc000d96af505b2fea4b3ed8ed891e0286d868b8,0.1650194888439868,0.08291248639510584,0.5390625,-7,True,775
SB4217,Pneumothorax,"pleural membrane, pleural-space, and thoracic mechanical structure","altered configuration or regulated output of the named structure, expressed as the state described by pneumothorax",remaining_5256,994c124063d2cfd7dcc8007cf85d81b6b2e39594742ce0ca5713ad9b236bdcd0,36,22,1,1,22,2,0.17406696590224546,0.1889438765613075,0.014876910659062048,0.014876910659062048,AWAY_FROM_REFERENCE,0.027777777777777776,MINOR,1,197,,,8f09f00e4e7b23a051f80463bdf5c57fc2b4f025dc45a0688e91b618b2998368,0.16495067362174345,0.07082399222163838,0.59375,0,True,776
SB3806,Oral mucosal petechiae,vascular wall and hemostatic integrity structure,"altered configuration or regulated output of the named structure, expressed as the state described by oral mucosal petechiae",remaining_5256,4e530db98170a90d1be57c9509cc6ffccb44d97feea71182802b10353980d723,325,199,2,6,203,8,0.18527962236783602,0.19688431331044942,0.011604690942613405,0.011604690942613405,AWAY_FROM_REFERENCE,0.018461538461538463,MINOR,1,210,,,172f513560f4fe6e970e1711548d9650553d8747aeb30e162fc781a38383e8bf,0.16492445198796257,0.0793667097414178,0.5546875,-4,True,777
SB5594,Vessel puncture site bruise,vascular wall and hemostatic integrity structure,"altered configuration or regulated output of the named structure, expressed as the state described by vessel puncture site bruise",remaining_5256,86ebe76c25ad284c42c010631c8683f696d76ffe64de05f37d6cf88f628bdc87,325,193,3,9,199,12,0.17550918234918456,0.18802529495582176,0.012516112606637209,0.012516112606637209,AWAY_FROM_REFERENCE,0.027692307692307693,MINOR,1,210,,,e7b36eee94fa3d0583dbe80e806c81278aa62574c8d68d9e530ac13a3ad0df28,0.1648240505657194,0.08095920800697487,0.546875,-6,True,778
SB0480,Aspermia,"male gonadal, ductal, accessory-gland, and reproductive-output structure",absence of semen emission during expected ejaculatory output,remaining_5256,fe7c5a8e7dd0720cd19aadac01e012d00ad6152992e8f72c48fdafb3f5008956,190,86,5,2,83,7,0.16766081242632103,0.1776935748145021,0.010032762388181071,0.010032762388181071,AWAY_FROM_REFERENCE,0.010526315789473684,MINOR,1,223,,,3a99c9fe9a20f593a6bb1dca274a2b3761d30e2cd26374ddab692f10bd74bbe1,0.16481402899606437,0.07751710853178584,0.5625,3,True,779
SB5370,Ulcer foot,"regional limb musculoskeletal, neurovascular, and skin structure",localized epithelial or tissue-surface loss with reduced barrier continuity,remaining_5256,e5a722cfe501294244eb756e20674c3c2fa61185c9a3be6b1e62f0bff299f98e,21,7,0,2,9,2,0.13765444793462878,0.14588610996675122,0.008231662032122444,0.008231662032122444,AWAY_FROM_REFERENCE,0.09523809523809523,MINOR,1,223,,,c1cf278e1c9e240a95e5996a7865b185e3f38697fdde76142aa1266c28d34ba1,0.16463533408969755,0.08930376108499705,0.5078125,-2,True,780
SB0281,Anal irritation,anorectal mucosal and perianal tissue integrity/inflammatory structure,"altered configuration or regulated output of the named structure, expressed as the state described by anal irritation",established_478,a68702cb53b3aa12f59cdb4fdc51f95f85efe82ca46cf5c4b4934defa53773df,28,8,3,1,6,4,0.09743236926791399,0.10287033082034858,0.005437961552434589,0.005437961552434589,AWAY_FROM_REFERENCE,0.03571428571428571,MINOR,1,231,,,611dc90728208ea88fe4bce125cae98e6bb5f2341a76d1019952467ff896ac05,0.16463135193776582,0.07900927065581198,0.5546875,2,True,781
SB0539,Autonomic nervous system imbalance,vestibular sensory-transduction and balance-control structure,departure from the reference structural configuration or regulated functional range,remaining_5256,eaf5ac79481508d425c7a4f6e01e99bca11d5d062dc4ef597351c12650e79064,15,4,0,1,5,1,0.19117992639832704,0.2001680699824162,0.00898814358408917,0.00898814358408917,AWAY_FROM_REFERENCE,0.06666666666666667,MINOR,1,198,,,9b436e9bd4263a36931e9dff4031442f226635dd4e4370ab422f47917a60bca9,0.16460959552322485,0.0652632262478352,0.6171875,-1,True,782
SB1568,Disequilibrium syndrome,vestibular sensory-transduction and balance-control structure,departure from the reference structural configuration or regulated functional range,remaining_5256,eaf5ac79481508d425c7a4f6e01e99bca11d5d062dc4ef597351c12650e79064,15,4,0,1,5,1,0.19117992639832704,0.2001680699824162,0.00898814358408917,0.00898814358408917,AWAY_FROM_REFERENCE,0.06666666666666667,MINOR,1,198,,,74f3d684086345d4bfb205262827e2f07b458cf5c34562d6ad405c377632b672,0.16460959552322485,0.0652632262478352,0.6171875,-1,True,783
SB1774,Electrolyte imbalance,vestibular sensory-transduction and balance-control structure,departure from the reference structural configuration or regulated functional range,remaining_5256,eaf5ac79481508d425c7a4f6e01e99bca11d5d062dc4ef597351c12650e79064,15,4,0,1,5,1,0.19117992639832704,0.2001680699824162,0.00898814358408917,0.00898814358408917,AWAY_FROM_REFERENCE,0.06666666666666667,MINOR,1,198,,,094577f2b0ecef6152c147f7aef30ee457d8139755a5a7f81663ef6f2103942d,0.16460959552322485,0.0652632262478352,0.6171875,-1,True,784
SB2075,Fluid and electrolyte imbalance,vestibular sensory-transduction and balance-control structure,departure from the reference structural configuration or regulated functional range,remaining_5256,eaf5ac79481508d425c7a4f6e01e99bca11d5d062dc4ef597351c12650e79064,15,4,0,1,5,1,0.19117992639832704,0.2001680699824162,0.00898814358408917,0.00898814358408917,AWAY_FROM_REFERENCE,0.06666666666666667,MINOR,1,198,,,932f8e90190abdee0cfdbde07aca2f2cc9d3375a4a84897db30879efe2d86583,0.16460959552322485,0.0652632262478352,0.6171875,-1,True,785
SB2076,Fluid imbalance,vestibular sensory-transduction and balance-control structure,departure from the reference structural configuration or regulated functional range,remaining_5256,eaf5ac79481508d425c7a4f6e01e99bca11d5d062dc4ef597351c12650e79064,15,4,0,1,5,1,0.19117992639832704,0.2001680699824162,0.00898814358408917,0.00898814358408917,AWAY_FROM_REFERENCE,0.06666666666666667,MINOR,1,198,,,ccd9ecc717c0dd327b505b1fed8f07096ae2b79c9578ffc480f79f6b1e482826,0.16460959552322485,0.0652632262478352,0.6171875,-1,True,786
SB3031,Labyrinthine disorder,vestibular sensory-transduction and balance-control structure,departure from the reference structural configuration or regulated functional range,remaining_5256,eaf5ac79481508d425c7a4f6e01e99bca11d5d062dc4ef597351c12650e79064,15,4,0,1,5,1,0.19117992639832704,0.2001680699824162,0.00898814358408917,0.00898814358408917,AWAY_FROM_REFERENCE,0.06666666666666667,MINOR,1,198,,,330de5eb84d4de5a34e56d653f2ee286d56d8e1eea0bcbb396de5a88141953db,0.16460959552322485,0.0652632262478352,0.6171875,-1,True,787
SB5599,Vestibular disorder,vestibular sensory-transduction and balance-control structure,departure from the reference structural configuration or regulated functional range,remaining_5256,eaf5ac79481508d425c7a4f6e01e99bca11d5d062dc4ef597351c12650e79064,15,4,0,1,5,1,0.19117992639832704,0.2001680699824162,0.00898814358408917,0.00898814358408917,AWAY_FROM_REFERENCE,0.06666666666666667,MINOR,1,198,,,f65a2c2185117324a03e2ebeefcedab57bc25b8240afea913451c1cfe5f1dc8a,0.16460959552322485,0.0652632262478352,0.6171875,-1,True,788
SB5601,Vestibular toxicity,vestibular sensory-transduction and balance-control structure,departure from the reference structural configuration or regulated functional range,remaining_5256,eaf5ac79481508d425c7a4f6e01e99bca11d5d062dc4ef597351c12650e79064,15,4,0,1,5,1,0.19117992639832704,0.2001680699824162,0.00898814358408917,0.00898814358408917,AWAY_FROM_REFERENCE,0.06666666666666667,MINOR,1,198,,,f2069feb3254dcf1a2217b328db32994d0805bf592565b99869dc3ff1f17c4f5,0.16460959552322485,0.0652632262478352,0.6171875,-1,True,789
SB5412,Ureteral spasm,skeletal-muscle fiber excitation-contraction and load-transfer structure,excess or sustained contractile activation causing abnormal narrowing or mechanical state,remaining_5256,ab7134e64e4fc5ee6c972b728b035066b60df2597bf6052c10076dcc9c7fe546,406,114,9,20,125,29,0.1825260890328273,0.19705625978180896,0.014530170748981663,0.014530170748981663,AWAY_FROM_REFERENCE,0.04926108374384237,MINOR,1,231,,,66f79d89fb898128fc763b89f5098d2511e0b85ac7b0934b10c280d2c7836428,0.16457689220805738,0.0789428563512895,0.5546875,-11,True,790
SB0562,Bacterial prostatitis,"male gonadal, ductal, accessory-gland, and reproductive-output structure",pathogen-associated occupation/invasion with host-defense activation and local structural disruption,remaining_5256,1bdc03ae559f41da45795bde468370bcc3a49004fbe93038c22bbbef2e8b6e06,190,93,6,3,90,9,0.1403275556549023,0.15080674717168985,0.010479191516787556,0.010479191516787556,AWAY_FROM_REFERENCE,0.015789473684210527,MINOR,1,223,,,ac44155a885ae1191d4c92377224bfd801eb52aad7333fd2277099834727b872,0.16439898222915336,0.08558564905994315,0.5234375,3,True,791
SB4036,Penile infection,"male gonadal, ductal, accessory-gland, and reproductive-output structure",pathogen-associated occupation/invasion with host-defense activation and local structural disruption,remaining_5256,1bdc03ae559f41da45795bde468370bcc3a49004fbe93038c22bbbef2e8b6e06,190,93,6,3,90,9,0.1403275556549023,0.15080674717168985,0.010479191516787556,0.010479191516787556,AWAY_FROM_REFERENCE,0.015789473684210527,MINOR,1,223,,,55808b86baabbc77742462ac77522bfd327d02327a4ba1395b72f2e0816cbf78,0.16439898222915336,0.08558564905994315,0.5234375,3,True,792
SB4364,Prostate infection,"male gonadal, ductal, accessory-gland, and reproductive-output structure",pathogen-associated occupation/invasion with host-defense activation and local structural disruption,remaining_5256,1bdc03ae559f41da45795bde468370bcc3a49004fbe93038c22bbbef2e8b6e06,190,93,6,3,90,9,0.1403275556549023,0.15080674717168985,0.010479191516787556,0.010479191516787556,AWAY_FROM_REFERENCE,0.015789473684210527,MINOR,1,223,,,297dc8e78d725c0603f3ecabec4b919add085c8b6f612b70822a5984d7241cdc,0.16439898222915336,0.08558564905994315,0.5234375,3,True,793
SB1857,Epigastric pain,"gastric mucosal barrier, secretory state, motility, and emptying structure",increased nociceptive signaling associated with local tissue or neural perturbation,remaining_5256,67c383a40fb01c5d5da0c41449c7b494e71c677cbfafeb22cf48f69a94c9a702,1653,611,33,45,623,78,0.16891491556957616,0.18394807735947305,0.015033161789896887,0.015033161789896887,AWAY_FROM_REFERENCE,0.02722323049001815,MINOR,1,98,,,70d284d827c65906a5320309397b29e5f8ad070d3bd19877122d656790b36e6e,0.16431190897888842,0.0734748889986444,0.578125,-12,True,794
SB1858,Epigastric pain not food-related,"gastric mucosal barrier, secretory state, motility, and emptying structure",increased nociceptive signaling associated with local tissue or neural perturbation,remaining_5256,67c383a40fb01c5d5da0c41449c7b494e71c677cbfafeb22cf48f69a94c9a702,1653,611,33,45,623,78,0.16891491556957616,0.18394807735947305,0.015033161789896887,0.015033161789896887,AWAY_FROM_REFERENCE,0.02722323049001815,MINOR,1,98,,,97bcf3a173564fb0deae5d2dfe6d5113729984f7ef69fe22dc9328ac244df8d5,0.16431190897888842,0.0734748889986444,0.578125,-12,True,795
SB0643,Bleeding breakthrough,vascular wall and hemostatic integrity structure,vascular or tissue integrity breach with blood extravasation/accumulation,remaining_5256,1aaf9637dfa975137830ec278ae9ded4ec65beab5d92a0db5089a887ab994c8e,325,195,4,12,203,16,0.2546754407313143,0.2652570128707529,0.010581572139438555,0.010581572139438555,AWAY_FROM_REFERENCE,0.036923076923076927,MINOR,1,210,,,f7446b74edde398a0af09f23f4e43b9aa7d2d6a8641d83dd5a357854a9c426b6,0.16425381852959586,0.07683392503609254,0.5625,-8,True,796
SB0644,Bleeding tendency,vascular wall and hemostatic integrity structure,vascular or tissue integrity breach with blood extravasation/accumulation,remaining_5256,1aaf9637dfa975137830ec278ae9ded4ec65beab5d92a0db5089a887ab994c8e,325,195,4,12,203,16,0.2546754407313143,0.2652570128707529,0.010581572139438555,0.010581572139438555,AWAY_FROM_REFERENCE,0.036923076923076927,MINOR,1,210,,,20d8da82fd2356e68f8f35f721456f0a1101185358bee1c899bd90c8d4470eff,0.16425381852959586,0.07683392503609254,0.5625,-8,True,797
SB0851,Bronchial haemorrhage,vascular wall and hemostatic integrity structure,vascular or tissue integrity breach with blood extravasation/accumulation,remaining_5256,1aaf9637dfa975137830ec278ae9ded4ec65beab5d92a0db5089a887ab994c8e,325,195,4,12,203,16,0.2546754407313143,0.2652570128707529,0.010581572139438555,0.010581572139438555,AWAY_FROM_REFERENCE,0.036923076923076927,MINOR,1,210,,,6fb9d7415a3cdc360d51627d21efe64a2e402dd560c0263425847191b6d34cf1,0.16425381852959586,0.07683392503609254,0.5625,-8,True,798
SB1007,Catheter site haemorrhage,vascular wall and hemostatic integrity structure,vascular or tissue integrity breach with blood extravasation/accumulation,remaining_5256,1aaf9637dfa975137830ec278ae9ded4ec65beab5d92a0db5089a887ab994c8e,325,195,4,12,203,16,0.2546754407313143,0.2652570128707529,0.010581572139438555,0.010581572139438555,AWAY_FROM_REFERENCE,0.036923076923076927,MINOR,1,210,,,2ad6e07c4ed35b3bc6d350ef90acdf1143594f1f4267d8bb010869aa4b48cb34,0.16425381852959586,0.07683392503609254,0.5625,-8,True,799
SB1022,Central nervous system haemorrhage,vascular wall and hemostatic integrity structure,vascular or tissue integrity breach with blood extravasation/accumulation,remaining_5256,1aaf9637dfa975137830ec278ae9ded4ec65beab5d92a0db5089a887ab994c8e,325,195,4,12,203,16,0.2546754407313143,0.2652570128707529,0.010581572139438555,0.010581572139438555,AWAY_FROM_REFERENCE,0.036923076923076927,MINOR,1,210,,,4be4d3cfa0f7fb2c2278d66435c33d9fb33ad4b7f71514711fcaaf725b7cb47d,0.16425381852959586,0.07683392503609254,0.5625,-8,True,800
SB1201,Coital bleeding,vascular wall and hemostatic integrity structure,vascular or tissue integrity breach with blood extravasation/accumulation,remaining_5256,1aaf9637dfa975137830ec278ae9ded4ec65beab5d92a0db5089a887ab994c8e,325,195,4,12,203,16,0.2546754407313143,0.2652570128707529,0.010581572139438555,0.010581572139438555,AWAY_FROM_REFERENCE,0.036923076923076927,MINOR,1,210,,,ac2c312baa8e583dcc980bb0c6b00e211047cbd02e9c4b6683452d67d6a1ac39,0.16425381852959586,0.07683392503609254,0.5625,-8,True,801
SB1647,Duodenal ulcer haemorrhage,vascular wall and hemostatic integrity structure,vascular or tissue integrity breach with blood extravasation/accumulation,remaining_5256,1aaf9637dfa975137830ec278ae9ded4ec65beab5d92a0db5089a887ab994c8e,325,195,4,12,203,16,0.2546754407313143,0.2652570128707529,0.010581572139438555,0.010581572139438555,AWAY_FROM_REFERENCE,0.036923076923076927,MINOR,1,210,,,a2fa56888ab57c6fac979503e04c981266d62bb3221b2213b520922191989635,0.16425381852959586,0.07683392503609254,0.5625,-8,True,802
SB1852,Epidural haemorrhage,vascular wall and hemostatic integrity structure,vascular or tissue integrity breach with blood extravasation/accumulation,remaining_5256,1aaf9637dfa975137830ec278ae9ded4ec65beab5d92a0db5089a887ab994c8e,325,195,4,12,203,16,0.2546754407313143,0.2652570128707529,0.010581572139438555,0.010581572139438555,AWAY_FROM_REFERENCE,0.036923076923076927,MINOR,1,210,,,032a15f9ab93c19e9635e0d52a17447a96c4a30fb1303fe18530d51c35815407,0.16425381852959586,0.07683392503609254,0.5625,-8,True,803
SB2200,Gastrointestinal haemorrhage,vascular wall and hemostatic integrity structure,vascular or tissue integrity breach with blood extravasation/accumulation,remaining_5256,1aaf9637dfa975137830ec278ae9ded4ec65beab5d92a0db5089a887ab994c8e,325,195,4,12,203,16,0.2546754407313143,0.2652570128707529,0.010581572139438555,0.010581572139438555,AWAY_FROM_REFERENCE,0.036923076923076927,MINOR,1,210,,,fba7a5f008e178da205100559a68e662ac71de71b271f1edbb207a5543395e55,0.16425381852959586,0.07683392503609254,0.5625,-8,True,804
SB2220,Gastrointestinal ulcer haemorrhage,vascular wall and hemostatic integrity structure,vascular or tissue integrity breach with blood extravasation/accumulation,remaining_5256,1aaf9637dfa975137830ec278ae9ded4ec65beab5d92a0db5089a887ab994c8e,325,195,4,12,203,16,0.2546754407313143,0.2652570128707529,0.010581572139438555,0.010581572139438555,AWAY_FROM_REFERENCE,0.036923076923076927,MINOR,1,210,,,43da9b813dd1a2057ad340171e35e64f0bdadf247f67e58ab45d940135168bdb,0.16425381852959586,0.07683392503609254,0.5625,-8,True,805
SB2245,Genital haemorrhage,vascular wall and hemostatic integrity structure,vascular or tissue integrity breach with blood extravasation/accumulation,remaining_5256,1aaf9637dfa975137830ec278ae9ded4ec65beab5d92a0db5089a887ab994c8e,325,195,4,12,203,16,0.2546754407313143,0.2652570128707529,0.010581572139438555,0.010581572139438555,AWAY_FROM_REFERENCE,0.036923076923076927,MINOR,1,210,,,50a6628b36c16dda91cedefb0ee1e0bb28bf46a6c575c11c14030646c3f8cb73,0.16425381852959586,0.07683392503609254,0.5625,-8,True,806
SB2265,Gingival bleeding,vascular wall and hemostatic integrity structure,vascular or tissue integrity breach with blood extravasation/accumulation,remaining_5256,1aaf9637dfa975137830ec278ae9ded4ec65beab5d92a0db5089a887ab994c8e,325,195,4,12,203,16,0.2546754407313143,0.2652570128707529,0.010581572139438555,0.010581572139438555,AWAY_FROM_REFERENCE,0.036923076923076927,MINOR,1,210,,,9f06a717c3bda8079a79157911b0d802d026f867f3751d744608a4248e91c100,0.16425381852959586,0.07683392503609254,0.5625,-8,True,807
SB2359,Haematoma,vascular wall and hemostatic integrity structure,vascular or tissue integrity breach with blood extravasation/accumulation,remaining_5256,1aaf9637dfa975137830ec278ae9ded4ec65beab5d92a0db5089a887ab994c8e,325,195,4,12,203,16,0.2546754407313143,0.2652570128707529,0.010581572139438555,0.010581572139438555,AWAY_FROM_REFERENCE,0.036923076923076927,MINOR,1,210,,,51aa604ccd0705ac8550cd75a0c1549d372a52698f1bd793a25c0b1956f4a3f8,0.16425381852959586,0.07683392503609254,0.5625,-8,True,808
SB2378,Haemorrhage,vascular wall and hemostatic integrity structure,vascular or tissue integrity breach with blood extravasation/accumulation,remaining_5256,1aaf9637dfa975137830ec278ae9ded4ec65beab5d92a0db5089a887ab994c8e,325,195,4,12,203,16,0.2546754407313143,0.2652570128707529,0.010581572139438555,0.010581572139438555,AWAY_FROM_REFERENCE,0.036923076923076927,MINOR,1,210,,,a1fd1ff700ec15b44763e9ba8adf61c3fd0e7a33d3ce50c6d1ef092575957c91,0.16425381852959586,0.07683392503609254,0.5625,-8,True,809
SB2380,Haemorrhage intracranial,vascular wall and hemostatic integrity structure,vascular or tissue integrity breach with blood extravasation/accumulation,remaining_5256,1aaf9637dfa975137830ec278ae9ded4ec65beab5d92a0db5089a887ab994c8e,325,195,4,12,203,16,0.2546754407313143,0.2652570128707529,0.010581572139438555,0.010581572139438555,AWAY_FROM_REFERENCE,0.036923076923076927,MINOR,1,210,,,d753ade67a70e2298704f63e01f90bf1791469506a7873509813bb6105edadc6,0.16425381852959586,0.07683392503609254,0.5625,-8,True,810
SB2381,Haemorrhage subcutaneous,vascular wall and hemostatic integrity structure,vascular or tissue integrity breach with blood extravasation/accumulation,remaining_5256,1aaf9637dfa975137830ec278ae9ded4ec65beab5d92a0db5089a887ab994c8e,325,195,4,12,203,16,0.2546754407313143,0.2652570128707529,0.010581572139438555,0.010581572139438555,AWAY_FROM_REFERENCE,0.036923076923076927,MINOR,1,210,,,02e3d9915f11b983cd0649597ddada7e73491c0c0da5ae8fef8f8ff4ba14d40b,0.16425381852959586,0.07683392503609254,0.5625,-8,True,811
SB2382,Haemorrhage urinary tract,vascular wall and hemostatic integrity structure,vascular or tissue integrity breach with blood extravasation/accumulation,remaining_5256,1aaf9637dfa975137830ec278ae9ded4ec65beab5d92a0db5089a887ab994c8e,325,195,4,12,203,16,0.2546754407313143,0.2652570128707529,0.010581572139438555,0.010581572139438555,AWAY_FROM_REFERENCE,0.036923076923076927,MINOR,1,210,,,288e320b3a6ef10455e91440bd0d5ccd8ef65b67c41337ec628d41bc9e9c81d4,0.16425381852959586,0.07683392503609254,0.5625,-8,True,812
SB2389,Haemorrhoidal haemorrhage,vascular wall and hemostatic integrity structure,vascular or tissue integrity breach with blood extravasation/accumulation,remaining_5256,1aaf9637dfa975137830ec278ae9ded4ec65beab5d92a0db5089a887ab994c8e,325,195,4,12,203,16,0.2546754407313143,0.2652570128707529,0.010581572139438555,0.010581572139438555,AWAY_FROM_REFERENCE,0.036923076923076927,MINOR,1,210,,,0ee7088065aae659107db0699e90b62c3c8ececc63ffd64aa8b5a0054f5f087d,0.16425381852959586,0.07683392503609254,0.5625,-8,True,813
SB2450,Hemorrhage abnormal,vascular wall and hemostatic integrity structure,vascular or tissue integrity breach with blood extravasation/accumulation,remaining_5256,1aaf9637dfa975137830ec278ae9ded4ec65beab5d92a0db5089a887ab994c8e,325,195,4,12,203,16,0.2546754407313143,0.2652570128707529,0.010581572139438555,0.010581572139438555,AWAY_FROM_REFERENCE,0.036923076923076927,MINOR,1,210,,,351aecd836ed4e27b69143a4e0a4cc21b761a2aa1ff64e93c1ea8c6912673ce5,0.16425381852959586,0.07683392503609254,0.5625,-8,True,814
SB2451,Hemorrhage of colon,vascular wall and hemostatic integrity structure,vascular or tissue integrity breach with blood extravasation/accumulation,remaining_5256,1aaf9637dfa975137830ec278ae9ded4ec65beab5d92a0db5089a887ab994c8e,325,195,4,12,203,16,0.2546754407313143,0.2652570128707529,0.010581572139438555,0.010581572139438555,AWAY_FROM_REFERENCE,0.036923076923076927,MINOR,1,210,,,036c3ddb53936136e6d320f89824733f758702e0158381479732443edeb8b8bf,0.16425381852959586,0.07683392503609254,0.5625,-8,True,815
SB2452,Hemorrhage symptom,vascular wall and hemostatic integrity structure,vascular or tissue integrity breach with blood extravasation/accumulation,remaining_5256,1aaf9637dfa975137830ec278ae9ded4ec65beab5d92a0db5089a887ab994c8e,325,195,4,12,203,16,0.2546754407313143,0.2652570128707529,0.010581572139438555,0.010581572139438555,AWAY_FROM_REFERENCE,0.036923076923076927,MINOR,1,210,,,ded00dce828d7ee3ee6e414d5196b3d7e930b5018b3c142e9c9dbbbb36fe8eb8,0.16425381852959586,0.07683392503609254,0.5625,-8,True,816
SB2765,Incision site haematoma,vascular wall and hemostatic integrity structure,vascular or tissue integrity breach with blood extravasation/accumulation,remaining_5256,1aaf9637dfa975137830ec278ae9ded4ec65beab5d92a0db5089a887ab994c8e,325,195,4,12,203,16,0.2546754407313143,0.2652570128707529,0.010581572139438555,0.010581572139438555,AWAY_FROM_REFERENCE,0.036923076923076927,MINOR,1,210,,,6f85e79d2b97c2bed5c6c32d2c39c20ab1218a8768ed619c0e51c3b41bef4003,0.16425381852959586,0.07683392503609254,0.5625,-8,True,817
SB2766,Incision site haemorrhage,vascular wall and hemostatic integrity structure,vascular or tissue integrity breach with blood extravasation/accumulation,remaining_5256,1aaf9637dfa975137830ec278ae9ded4ec65beab5d92a0db5089a887ab994c8e,325,195,4,12,203,16,0.2546754407313143,0.2652570128707529,0.010581572139438555,0.010581572139438555,AWAY_FROM_REFERENCE,0.036923076923076927,MINOR,1,210,,,d06c2de746623cd049de7895f048484d022873d7fb98618ba59f368a931c0253,0.16425381852959586,0.07683392503609254,0.5625,-8,True,818
SB2857,Injection site haematoma,vascular wall and hemostatic integrity structure,vascular or tissue integrity breach with blood extravasation/accumulation,remaining_5256,1aaf9637dfa975137830ec278ae9ded4ec65beab5d92a0db5089a887ab994c8e,325,195,4,12,203,16,0.2546754407313143,0.2652570128707529,0.010581572139438555,0.010581572139438555,AWAY_FROM_REFERENCE,0.036923076923076927,MINOR,1,210,,,849ecb9e58346fe68fc663e9925c63fc86c2ee69b631d8d1d994c1c8ff8d83de,0.16425381852959586,0.07683392503609254,0.5625,-8,True,819
SB2858,Injection site haemorrhage,vascular wall and hemostatic integrity structure,vascular or tissue integrity breach with blood extravasation/accumulation,remaining_5256,1aaf9637dfa975137830ec278ae9ded4ec65beab5d92a0db5089a887ab994c8e,325,195,4,12,203,16,0.2546754407313143,0.2652570128707529,0.010581572139438555,0.010581572139438555,AWAY_FROM_REFERENCE,0.036923076923076927,MINOR,1,210,,,e231c16aa70ade55ee3d2146c751098e8b262c4e5a9fb9df0d82490ff2a1c4e0,0.16425381852959586,0.07683392503609254,0.5625,-8,True,820
SB2921,Intestinal haemorrhage,vascular wall and hemostatic integrity structure,vascular or tissue integrity breach with blood extravasation/accumulation,remaining_5256,1aaf9637dfa975137830ec278ae9ded4ec65beab5d92a0db5089a887ab994c8e,325,195,4,12,203,16,0.2546754407313143,0.2652570128707529,0.010581572139438555,0.010581572139438555,AWAY_FROM_REFERENCE,0.036923076923076927,MINOR,1,210,,,19152f8e772a214cda622f53ff40a1a02563804f9d09ea1fde4b31a08abc67f4,0.16425381852959586,0.07683392503609254,0.5625,-8,True,821
SB2934,Intra-abdominal haematoma,vascular wall and hemostatic integrity structure,vascular or tissue integrity breach with blood extravasation/accumulation,remaining_5256,1aaf9637dfa975137830ec278ae9ded4ec65beab5d92a0db5089a887ab994c8e,325,195,4,12,203,16,0.2546754407313143,0.2652570128707529,0.010581572139438555,0.010581572139438555,AWAY_FROM_REFERENCE,0.036923076923076927,MINOR,1,210,,,8940b68723555e0d7aadbe0dd5570c77afed77f8344c1afc98fe3eaa83d0d305,0.16425381852959586,0.07683392503609254,0.5625,-8,True,822
SB2935,Intra-abdominal haemorrhage,vascular wall and hemostatic integrity structure,vascular or tissue integrity breach with blood extravasation/accumulation,remaining_5256,1aaf9637dfa975137830ec278ae9ded4ec65beab5d92a0db5089a887ab994c8e,325,195,4,12,203,16,0.2546754407313143,0.2652570128707529,0.010581572139438555,0.010581572139438555,AWAY_FROM_REFERENCE,0.036923076923076927,MINOR,1,210,,,ac0703d45990b9542f45c3abb9cd2bdbcad1696a53239a7a5f4d936ffe38493c,0.16425381852959586,0.07683392503609254,0.5625,-8,True,823
SB2944,Intraoperative hemorrhage,vascular wall and hemostatic integrity structure,vascular or tissue integrity breach with blood extravasation/accumulation,remaining_5256,1aaf9637dfa975137830ec278ae9ded4ec65beab5d92a0db5089a887ab994c8e,325,195,4,12,203,16,0.2546754407313143,0.2652570128707529,0.010581572139438555,0.010581572139438555,AWAY_FROM_REFERENCE,0.036923076923076927,MINOR,1,210,,,09cc762439ab4fe2129b17f6491902838d3dc7db0ab8a626b210679e23a049d4,0.16425381852959586,0.07683392503609254,0.5625,-8,True,824
SB2945,Intraspinal bleeding,vascular wall and hemostatic integrity structure,vascular or tissue integrity breach with blood extravasation/accumulation,remaining_5256,1aaf9637dfa975137830ec278ae9ded4ec65beab5d92a0db5089a887ab994c8e,325,195,4,12,203,16,0.2546754407313143,0.2652570128707529,0.010581572139438555,0.010581572139438555,AWAY_FROM_REFERENCE,0.036923076923076927,MINOR,1,210,,,f701ed8a215af4a8bfda73d0bc6a8a5ee99e305ca21084a134f5c6b7770fab6c,0.16425381852959586,0.07683392503609254,0.5625,-8,True,825
SB2947,Intraventricular haemorrhage,vascular wall and hemostatic integrity structure,vascular or tissue integrity breach with blood extravasation/accumulation,remaining_5256,1aaf9637dfa975137830ec278ae9ded4ec65beab5d92a0db5089a887ab994c8e,325,195,4,12,203,16,0.2546754407313143,0.2652570128707529,0.010581572139438555,0.010581572139438555,AWAY_FROM_REFERENCE,0.036923076923076927,MINOR,1,210,,,5152bfae9b15001e2b7a6ba312a566ad4b07ef052855d81ea6a16d58fd4ac9be,0.16425381852959586,0.07683392503609254,0.5625,-8,True,826
SB3053,Large intestinal haemorrhage,vascular wall and hemostatic integrity structure,vascular or tissue integrity breach with blood extravasation/accumulation,remaining_5256,1aaf9637dfa975137830ec278ae9ded4ec65beab5d92a0db5089a887ab994c8e,325,195,4,12,203,16,0.2546754407313143,0.2652570128707529,0.010581572139438555,0.010581572139438555,AWAY_FROM_REFERENCE,0.036923076923076927,MINOR,1,210,,,e3d38b30de9c1051073291359366f4a92378c6db71562aca1562a703aade4993,0.16425381852959586,0.07683392503609254,0.5625,-8,True,827
SB3059,Laryngeal haemorrhage,vascular wall and hemostatic integrity structure,vascular or tissue integrity breach with blood extravasation/accumulation,remaining_5256,1aaf9637dfa975137830ec278ae9ded4ec65beab5d92a0db5089a887ab994c8e,325,195,4,12,203,16,0.2546754407313143,0.2652570128707529,0.010581572139438555,0.010581572139438555,AWAY_FROM_REFERENCE,0.036923076923076927,MINOR,1,210,,,f44eae1a7f4c482fbf7fd220d8a926de668ded387f5f51bbe2349e61a816edbb,0.16425381852959586,0.07683392503609254,0.5625,-8,True,828
SB3118,Lip haemorrhage,vascular wall and hemostatic integrity structure,vascular or tissue integrity breach with blood extravasation/accumulation,remaining_5256,1aaf9637dfa975137830ec278ae9ded4ec65beab5d92a0db5089a887ab994c8e,325,195,4,12,203,16,0.2546754407313143,0.2652570128707529,0.010581572139438555,0.010581572139438555,AWAY_FROM_REFERENCE,0.036923076923076927,MINOR,1,210,,,ee6ac33b11d5760e40101f8736cc9da87aba2c9a4ceb1abe5f3a7669ad8527a0,0.16425381852959586,0.07683392503609254,0.5625,-8,True,829
SB3183,Lower gastrointestinal haemorrhage,vascular wall and hemostatic integrity structure,vascular or tissue integrity breach with blood extravasation/accumulation,remaining_5256,1aaf9637dfa975137830ec278ae9ded4ec65beab5d92a0db5089a887ab994c8e,325,195,4,12,203,16,0.2546754407313143,0.2652570128707529,0.010581572139438555,0.010581572139438555,AWAY_FROM_REFERENCE,0.036923076923076927,MINOR,1,210,,,f1afd2c16c8d55cd6c27d6def54d7aa35cce636f3beafedad9c971482d18c45a,0.16425381852959586,0.07683392503609254,0.5625,-8,True,830
SB3408,Mouth haemorrhage,vascular wall and hemostatic integrity structure,vascular or tissue integrity breach with blood extravasation/accumulation,remaining_5256,1aaf9637dfa975137830ec278ae9ded4ec65beab5d92a0db5089a887ab994c8e,325,195,4,12,203,16,0.2546754407313143,0.2652570128707529,0.010581572139438555,0.010581572139438555,AWAY_FROM_REFERENCE,0.036923076923076927,MINOR,1,210,,,dde2273eca232a5dfa672d88280d63688b5878a3c4514c904cd2229e7b52a294,0.16425381852959586,0.07683392503609254,0.5625,-8,True,831
SB3417,Mucosal bleeding,vascular wall and hemostatic integrity structure,vascular or tissue integrity breach with blood extravasation/accumulation,remaining_5256,1aaf9637dfa975137830ec278ae9ded4ec65beab5d92a0db5089a887ab994c8e,325,195,4,12,203,16,0.2546754407313143,0.2652570128707529,0.010581572139438555,0.010581572139438555,AWAY_FROM_REFERENCE,0.036923076923076927,MINOR,1,210,,,5d97da20e9e8ee8821f61432caf875159313e07bbbdda43e669e3b55ec010664,0.16425381852959586,0.07683392503609254,0.5625,-8,True,832
SB3421,Mucosal haemorrhage,vascular wall and hemostatic integrity structure,vascular or tissue integrity breach with blood extravasation/accumulation,remaining_5256,1aaf9637dfa975137830ec278ae9ded4ec65beab5d92a0db5089a887ab994c8e,325,195,4,12,203,16,0.2546754407313143,0.2652570128707529,0.010581572139438555,0.010581572139438555,AWAY_FROM_REFERENCE,0.036923076923076927,MINOR,1,210,,,989f9b8b4b108fb1763d5f6efc637c914cfa782f8d02f7f02dffad3d0137be22,0.16425381852959586,0.07683392503609254,0.5625,-8,True,833
SB3446,Muscle haemorrhage,vascular wall and hemostatic integrity structure,vascular or tissue integrity breach with blood extravasation/accumulation,remaining_5256,1aaf9637dfa975137830ec278ae9ded4ec65beab5d92a0db5089a887ab994c8e,325,195,4,12,203,16,0.2546754407313143,0.2652570128707529,0.010581572139438555,0.010581572139438555,AWAY_FROM_REFERENCE,0.036923076923076927,MINOR,1,210,,,ba3795652ab61ad851e514c3f383b0c1af4bdc769fbc548649b69b9145dbc601,0.16425381852959586,0.07683392503609254,0.5625,-8,True,834
SB3746,Oesophageal haemorrhage,vascular wall and hemostatic integrity structure,vascular or tissue integrity breach with blood extravasation/accumulation,remaining_5256,1aaf9637dfa975137830ec278ae9ded4ec65beab5d92a0db5089a887ab994c8e,325,195,4,12,203,16,0.2546754407313143,0.2652570128707529,0.010581572139438555,0.010581572139438555,AWAY_FROM_REFERENCE,0.036923076923076927,MINOR,1,210,,,8369e5a059d38e3f835acadc1175886b21c71d26ea58d43eee57668af42556f2,0.16425381852959586,0.07683392503609254,0.5625,-8,True,835
SB3758,Oesophageal varices haemorrhage,vascular wall and hemostatic integrity structure,vascular or tissue integrity breach with blood extravasation/accumulation,remaining_5256,1aaf9637dfa975137830ec278ae9ded4ec65beab5d92a0db5089a887ab994c8e,325,195,4,12,203,16,0.2546754407313143,0.2652570128707529,0.010581572139438555,0.010581572139438555,AWAY_FROM_REFERENCE,0.036923076923076927,MINOR,1,210,,,826cd89cdcdd994614fe0bb0ef788183c02d89c1615f7a7dd5b138362b94c9ad,0.16425381852959586,0.07683392503609254,0.5625,-8,True,836
SB3779,Operative bleeding,vascular wall and hemostatic integrity structure,vascular or tissue integrity breach with blood extravasation/accumulation,remaining_5256,1aaf9637dfa975137830ec278ae9ded4ec65beab5d92a0db5089a887ab994c8e,325,195,4,12,203,16,0.2546754407313143,0.2652570128707529,0.010581572139438555,0.010581572139438555,AWAY_FROM_REFERENCE,0.036923076923076927,MINOR,1,210,,,1250df5fc51e8fc09fc96784eab1468e04b4a97b2430160366ba15e34978155f,0.16425381852959586,0.07683392503609254,0.5625,-8,True,837
SB4020,Pelvic haemorrhage,vascular wall and hemostatic integrity structure,vascular or tissue integrity breach with blood extravasation/accumulation,remaining_5256,1aaf9637dfa975137830ec278ae9ded4ec65beab5d92a0db5089a887ab994c8e,325,195,4,12,203,16,0.2546754407313143,0.2652570128707529,0.010581572139438555,0.010581572139438555,AWAY_FROM_REFERENCE,0.036923076923076927,MINOR,1,210,,,cb3879a3c577bd4282014da226acd9a9f75af7ad83f41274ed0026c894601439,0.16425381852959586,0.07683392503609254,0.5625,-8,True,838
SB4042,Peptic ulcer haemorrhage,vascular wall and hemostatic integrity structure,vascular or tissue integrity breach with blood extravasation/accumulation,remaining_5256,1aaf9637dfa975137830ec278ae9ded4ec65beab5d92a0db5089a887ab994c8e,325,195,4,12,203,16,0.2546754407313143,0.2652570128707529,0.010581572139438555,0.010581572139438555,AWAY_FROM_REFERENCE,0.036923076923076927,MINOR,1,210,,,743f458fee0e3751fbe372434ba0104770594ae7d4adc9b2e657731c7df7968c,0.16425381852959586,0.07683392503609254,0.5625,-8,True,839
SB4066,Periorbital haematoma,vascular wall and hemostatic integrity structure,vascular or tissue integrity breach with blood extravasation/accumulation,remaining_5256,1aaf9637dfa975137830ec278ae9ded4ec65beab5d92a0db5089a887ab994c8e,325,195,4,12,203,16,0.2546754407313143,0.2652570128707529,0.010581572139438555,0.010581572139438555,AWAY_FROM_REFERENCE,0.036923076923076927,MINOR,1,210,,,dc735696c8c3387545f970e5edb768d85acb9bb6465dc233adb98d1b3d23087c,0.16425381852959586,0.07683392503609254,0.5625,-8,True,840
SB4090,Perirenal haematoma,vascular wall and hemostatic integrity structure,vascular or tissue integrity breach with blood extravasation/accumulation,remaining_5256,1aaf9637dfa975137830ec278ae9ded4ec65beab5d92a0db5089a887ab994c8e,325,195,4,12,203,16,0.2546754407313143,0.2652570128707529,0.010581572139438555,0.010581572139438555,AWAY_FROM_REFERENCE,0.036923076923076927,MINOR,1,210,,,ed1fb8e5ea8357907a72308affb07c612e6aae028763b212e5fad4d4aa63c1d0,0.16425381852959586,0.07683392503609254,0.5625,-8,True,841
SB4093,Peritoneal haemorrhage,vascular wall and hemostatic integrity structure,vascular or tissue integrity breach with blood extravasation/accumulation,remaining_5256,1aaf9637dfa975137830ec278ae9ded4ec65beab5d92a0db5089a887ab994c8e,325,195,4,12,203,16,0.2546754407313143,0.2652570128707529,0.010581572139438555,0.010581572139438555,AWAY_FROM_REFERENCE,0.036923076923076927,MINOR,1,210,,,5a496375ed369517f7a2f03cb9957faf4557657d4b5d210c974055f56e0a68e3,0.16425381852959586,0.07683392503609254,0.5625,-8,True,842
SB4118,Pharyngeal haemorrhage,vascular wall and hemostatic integrity structure,vascular or tissue integrity breach with blood extravasation/accumulation,remaining_5256,1aaf9637dfa975137830ec278ae9ded4ec65beab5d92a0db5089a887ab994c8e,325,195,4,12,203,16,0.2546754407313143,0.2652570128707529,0.010581572139438555,0.010581572139438555,AWAY_FROM_REFERENCE,0.036923076923076927,MINOR,1,210,,,28646329a286536cac5e76e59af3322dad6a3f0d7cfae06d3fdd894560a930f7,0.16425381852959586,0.07683392503609254,0.5625,-8,True,843
SB4159,Pituitary haemorrhage,vascular wall and hemostatic integrity structure,vascular or tissue integrity breach with blood extravasation/accumulation,remaining_5256,1aaf9637dfa975137830ec278ae9ded4ec65beab5d92a0db5089a887ab994c8e,325,195,4,12,203,16,0.2546754407313143,0.2652570128707529,0.010581572139438555,0.010581572139438555,AWAY_FROM_REFERENCE,0.036923076923076927,MINOR,1,210,,,874af183570b32f5675c593ed407dd9143e627393d33ba2fd842d2d24d7da076,0.16425381852959586,0.07683392503609254,0.5625,-8,True,844
SB4266,Post procedural haematoma,vascular wall and hemostatic integrity structure,vascular or tissue integrity breach with blood extravasation/accumulation,remaining_5256,1aaf9637dfa975137830ec278ae9ded4ec65beab5d92a0db5089a887ab994c8e,325,195,4,12,203,16,0.2546754407313143,0.2652570128707529,0.010581572139438555,0.010581572139438555,AWAY_FROM_REFERENCE,0.036923076923076927,MINOR,1,210,,,ffbc8763fedce295cae8c205a76b3acd22771b4515dc8db1854ce8688c5806fd,0.16425381852959586,0.07683392503609254,0.5625,-8,True,845
SB4267,Post procedural haemorrhage,vascular wall and hemostatic integrity structure,vascular or tissue integrity breach with blood extravasation/accumulation,remaining_5256,1aaf9637dfa975137830ec278ae9ded4ec65beab5d92a0db5089a887ab994c8e,325,195,4,12,203,16,0.2546754407313143,0.2652570128707529,0.010581572139438555,0.010581572139438555,AWAY_FROM_REFERENCE,0.036923076923076927,MINOR,1,210,,,4529b0e592d99fc7b57aae2f8c4aeba3bf02f1ce9c8364b2c2b3971f6f2aecbb,0.16425381852959586,0.07683392503609254,0.5625,-8,True,846
SB4288,Postmenopausal haemorrhage,vascular wall and hemostatic integrity structure,vascular or tissue integrity breach with blood extravasation/accumulation,remaining_5256,1aaf9637dfa975137830ec278ae9ded4ec65beab5d92a0db5089a887ab994c8e,325,195,4,12,203,16,0.2546754407313143,0.2652570128707529,0.010581572139438555,0.010581572139438555,AWAY_FROM_REFERENCE,0.036923076923076927,MINOR,1,210,,,199557b4af504aa853a363ca6c3ec731584ff135014c8054cef7aa8cebc22641,0.16425381852959586,0.07683392503609254,0.5625,-8,True,847
SB4294,Postoperative hemorrhage,vascular wall and hemostatic integrity structure,vascular or tissue integrity breach with blood extravasation/accumulation,remaining_5256,1aaf9637dfa975137830ec278ae9ded4ec65beab5d92a0db5089a887ab994c8e,325,195,4,12,203,16,0.2546754407313143,0.2652570128707529,0.010581572139438555,0.010581572139438555,AWAY_FROM_REFERENCE,0.036923076923076927,MINOR,1,210,,,9195306b72ad94024f26801af842cd1e4fd239dd8840ee9f32c0d396db5511c0,0.16425381852959586,0.07683392503609254,0.5625,-8,True,848
SB4303,Postpartum haemorrhage,vascular wall and hemostatic integrity structure,vascular or tissue integrity breach with blood extravasation/accumulation,remaining_5256,1aaf9637dfa975137830ec278ae9ded4ec65beab5d92a0db5089a887ab994c8e,325,195,4,12,203,16,0.2546754407313143,0.2652570128707529,0.010581572139438555,0.010581572139438555,AWAY_FROM_REFERENCE,0.036923076923076927,MINOR,1,210,,,38d6335068a30bebec926176a13f93d585affb322e505d592092eaa8adb4fb9e,0.16425381852959586,0.07683392503609254,0.5625,-8,True,849
SB4339,Procedural haemorrhage,vascular wall and hemostatic integrity structure,vascular or tissue integrity breach with blood extravasation/accumulation,remaining_5256,1aaf9637dfa975137830ec278ae9ded4ec65beab5d92a0db5089a887ab994c8e,325,195,4,12,203,16,0.2546754407313143,0.2652570128707529,0.010581572139438555,0.010581572139438555,AWAY_FROM_REFERENCE,0.036923076923076927,MINOR,1,210,,,89519a50c176c7394f166aeaf9fbde40631ef7a9b02801805544fdcb9de259bf,0.16425381852959586,0.07683392503609254,0.5625,-8,True,850
SB4461,Puncture site haemorrhage,vascular wall and hemostatic integrity structure,vascular or tissue integrity breach with blood extravasation/accumulation,remaining_5256,1aaf9637dfa975137830ec278ae9ded4ec65beab5d92a0db5089a887ab994c8e,325,195,4,12,203,16,0.2546754407313143,0.2652570128707529,0.010581572139438555,0.010581572139438555,AWAY_FROM_REFERENCE,0.036923076923076927,MINOR,1,210,,,40f1be82b58e27bfb391e4cd0ca4f3bb68d3ffa4e19776db699fd42e1a7d8eb9,0.16425381852959586,0.07683392503609254,0.5625,-8,True,851
SB4541,Rectal haemorrhage,vascular wall and hemostatic integrity structure,vascular or tissue integrity breach with blood extravasation/accumulation,remaining_5256,1aaf9637dfa975137830ec278ae9ded4ec65beab5d92a0db5089a887ab994c8e,325,195,4,12,203,16,0.2546754407313143,0.2652570128707529,0.010581572139438555,0.010581572139438555,AWAY_FROM_REFERENCE,0.036923076923076927,MINOR,1,210,,,6d2b70716b57b1207c6a10d941fc74485d6382509d63740d7007cad4bc3345e8,0.16425381852959586,0.07683392503609254,0.5625,-8,True,852
SB4634,Respiratory tract haemorrhage,vascular wall and hemostatic integrity structure,vascular or tissue integrity breach with blood extravasation/accumulation,remaining_5256,1aaf9637dfa975137830ec278ae9ded4ec65beab5d92a0db5089a887ab994c8e,325,195,4,12,203,16,0.2546754407313143,0.2652570128707529,0.010581572139438555,0.010581572139438555,AWAY_FROM_REFERENCE,0.036923076923076927,MINOR,1,210,,,88ff6593113f92d37ad35d181968570576ae574ea0f3bc1de8b6bfd0ceb0807f,0.16425381852959586,0.07683392503609254,0.5625,-8,True,853
SB4679,Retroperitoneal haematoma,vascular wall and hemostatic integrity structure,vascular or tissue integrity breach with blood extravasation/accumulation,remaining_5256,1aaf9637dfa975137830ec278ae9ded4ec65beab5d92a0db5089a887ab994c8e,325,195,4,12,203,16,0.2546754407313143,0.2652570128707529,0.010581572139438555,0.010581572139438555,AWAY_FROM_REFERENCE,0.036923076923076927,MINOR,1,210,,,273028e3e6911c37b1d6fae25f36b75072d5b9cf76c4bb7f12bf25689cb0a60d,0.16425381852959586,0.07683392503609254,0.5625,-8,True,854
SB4680,Retroperitoneal haemorrhage,vascular wall and hemostatic integrity structure,vascular or tissue integrity breach with blood extravasation/accumulation,remaining_5256,1aaf9637dfa975137830ec278ae9ded4ec65beab5d92a0db5089a887ab994c8e,325,195,4,12,203,16,0.2546754407313143,0.2652570128707529,0.010581572139438555,0.010581572139438555,AWAY_FROM_REFERENCE,0.036923076923076927,MINOR,1,210,,,69ee331bc4de3c2c0f3da9633498367466d4d357a5dcbcd7a92848edc2c39a4f,0.16425381852959586,0.07683392503609254,0.5625,-8,True,855
SB4873,Skin bleeding,vascular wall and hemostatic integrity structure,vascular or tissue integrity breach with blood extravasation/accumulation,remaining_5256,1aaf9637dfa975137830ec278ae9ded4ec65beab5d92a0db5089a887ab994c8e,325,195,4,12,203,16,0.2546754407313143,0.2652570128707529,0.010581572139438555,0.010581572139438555,AWAY_FROM_REFERENCE,0.036923076923076927,MINOR,1,210,,,c708ae5b778921da0838c7e36808673b2137daedb7fe052278abb722f1fab7a0,0.16425381852959586,0.07683392503609254,0.5625,-8,True,856
SB4889,Skin haemorrhage,vascular wall and hemostatic integrity structure,vascular or tissue integrity breach with blood extravasation/accumulation,remaining_5256,1aaf9637dfa975137830ec278ae9ded4ec65beab5d92a0db5089a887ab994c8e,325,195,4,12,203,16,0.2546754407313143,0.2652570128707529,0.010581572139438555,0.010581572139438555,AWAY_FROM_REFERENCE,0.036923076923076927,MINOR,1,210,,,26f3a86c5ccc4d91f6e20870252e391355458f802596ff3a4bbc53717d7c1e3b,0.16425381852959586,0.07683392503609254,0.5625,-8,True,857
SB4985,Spinal cord haemorrhage,vascular wall and hemostatic integrity structure,vascular or tissue integrity breach with blood extravasation/accumulation,remaining_5256,1aaf9637dfa975137830ec278ae9ded4ec65beab5d92a0db5089a887ab994c8e,325,195,4,12,203,16,0.2546754407313143,0.2652570128707529,0.010581572139438555,0.010581572139438555,AWAY_FROM_REFERENCE,0.036923076923076927,MINOR,1,210,,,d2eefd99b9941359f5b043a1ba818743e8de3181a3b07e17c355a0be87cc1988,0.16425381852959586,0.07683392503609254,0.5625,-8,True,858
SB4989,Spinal epidural haematoma,vascular wall and hemostatic integrity structure,vascular or tissue integrity breach with blood extravasation/accumulation,remaining_5256,1aaf9637dfa975137830ec278ae9ded4ec65beab5d92a0db5089a887ab994c8e,325,195,4,12,203,16,0.2546754407313143,0.2652570128707529,0.010581572139438555,0.010581572139438555,AWAY_FROM_REFERENCE,0.036923076923076927,MINOR,1,210,,,b5480c0525a21436e9637295d4ebc0196d1a38f1992624df1bce9b10fbd27f0f,0.16425381852959586,0.07683392503609254,0.5625,-8,True,859
SB4991,Spinal haematoma,vascular wall and hemostatic integrity structure,vascular or tissue integrity breach with blood extravasation/accumulation,remaining_5256,1aaf9637dfa975137830ec278ae9ded4ec65beab5d92a0db5089a887ab994c8e,325,195,4,12,203,16,0.2546754407313143,0.2652570128707529,0.010581572139438555,0.010581572139438555,AWAY_FROM_REFERENCE,0.036923076923076927,MINOR,1,210,,,957cdf47317544c8c0c01c605b57e4be985c7abcf716588d0a49a7377dcdc5d4,0.16425381852959586,0.07683392503609254,0.5625,-8,True,860
SB5061,Subarachnoid haemorrhage,vascular wall and hemostatic integrity structure,vascular or tissue integrity breach with blood extravasation/accumulation,remaining_5256,1aaf9637dfa975137830ec278ae9ded4ec65beab5d92a0db5089a887ab994c8e,325,195,4,12,203,16,0.2546754407313143,0.2652570128707529,0.010581572139438555,0.010581572139438555,AWAY_FROM_REFERENCE,0.036923076923076927,MINOR,1,210,,,d16dd841481b095ab394fa45a24768a1b6049d90aeb14e0f4b62a31950c34cb6,0.16425381852959586,0.07683392503609254,0.5625,-8,True,861
SB5065,Subcutaneous bleeding,vascular wall and hemostatic integrity structure,vascular or tissue integrity breach with blood extravasation/accumulation,remaining_5256,1aaf9637dfa975137830ec278ae9ded4ec65beab5d92a0db5089a887ab994c8e,325,195,4,12,203,16,0.2546754407313143,0.2652570128707529,0.010581572139438555,0.010581572139438555,AWAY_FROM_REFERENCE,0.036923076923076927,MINOR,1,210,,,644c2702868a9dfc51e3e76981958981f64e205e06ad56ef0ea781a0e597148d,0.16425381852959586,0.07683392503609254,0.5625,-8,True,862
SB5066,Subcutaneous haematoma,vascular wall and hemostatic integrity structure,vascular or tissue integrity breach with blood extravasation/accumulation,remaining_5256,1aaf9637dfa975137830ec278ae9ded4ec65beab5d92a0db5089a887ab994c8e,325,195,4,12,203,16,0.2546754407313143,0.2652570128707529,0.010581572139438555,0.010581572139438555,AWAY_FROM_REFERENCE,0.036923076923076927,MINOR,1,210,,,eeb6bb3d83815d53f5b6e8986c0c1016f5c7565bdd47bdc74c2b42084f0a2ba3,0.16425381852959586,0.07683392503609254,0.5625,-8,True,863
SB5068,Subdural haematoma,vascular wall and hemostatic integrity structure,vascular or tissue integrity breach with blood extravasation/accumulation,remaining_5256,1aaf9637dfa975137830ec278ae9ded4ec65beab5d92a0db5089a887ab994c8e,325,195,4,12,203,16,0.2546754407313143,0.2652570128707529,0.010581572139438555,0.010581572139438555,AWAY_FROM_REFERENCE,0.036923076923076927,MINOR,1,210,,,b15e2bc69973ade12c0f4430dd00717499fb6350424cb67f476a0384f376220c,0.16425381852959586,0.07683392503609254,0.5625,-8,True,864
SB5326,Traumatic haematoma,vascular wall and hemostatic integrity structure,vascular or tissue integrity breach with blood extravasation/accumulation,remaining_5256,1aaf9637dfa975137830ec278ae9ded4ec65beab5d92a0db5089a887ab994c8e,325,195,4,12,203,16,0.2546754407313143,0.2652570128707529,0.010581572139438555,0.010581572139438555,AWAY_FROM_REFERENCE,0.036923076923076927,MINOR,1,210,,,694e6f700e842d4d66d653e8a5e348e515ef2ff14c17ab6d437c0c3dff596a9d,0.16425381852959586,0.07683392503609254,0.5625,-8,True,865
SB5327,Traumatic haemorrhage,vascular wall and hemostatic integrity structure,vascular or tissue integrity breach with blood extravasation/accumulation,remaining_5256,1aaf9637dfa975137830ec278ae9ded4ec65beab5d92a0db5089a887ab994c8e,325,195,4,12,203,16,0.2546754407313143,0.2652570128707529,0.010581572139438555,0.010581572139438555,AWAY_FROM_REFERENCE,0.036923076923076927,MINOR,1,210,,,0653f179a99dee28072a30af6d8ce051eae037f5fcdc346e0468b473e03297bb,0.16425381852959586,0.07683392503609254,0.5625,-8,True,866
SB5353,Tumour haemorrhage,vascular wall and hemostatic integrity structure,vascular or tissue integrity breach with blood extravasation/accumulation,remaining_5256,1aaf9637dfa975137830ec278ae9ded4ec65beab5d92a0db5089a887ab994c8e,325,195,4,12,203,16,0.2546754407313143,0.2652570128707529,0.010581572139438555,0.010581572139438555,AWAY_FROM_REFERENCE,0.036923076923076927,MINOR,1,210,,,a344b2daeaa75a34bd0af0731f38ccedf4474036c776720bb81a2c205f9a9db7,0.16425381852959586,0.07683392503609254,0.5625,-8,True,867
SB5371,Ulcer haemorrhage,vascular wall and hemostatic integrity structure,vascular or tissue integrity breach with blood extravasation/accumulation,remaining_5256,1aaf9637dfa975137830ec278ae9ded4ec65beab5d92a0db5089a887ab994c8e,325,195,4,12,203,16,0.2546754407313143,0.2652570128707529,0.010581572139438555,0.010581572139438555,AWAY_FROM_REFERENCE,0.036923076923076927,MINOR,1,210,,,3fafce7ddbea58ad1df58b32b8e077f1da0af2326f0df444465f3cf2d0ae6004,0.16425381852959586,0.07683392503609254,0.5625,-8,True,868
SB5398,Upper gastrointestinal haemorrhage,vascular wall and hemostatic integrity structure,vascular or tissue integrity breach with blood extravasation/accumulation,remaining_5256,1aaf9637dfa975137830ec278ae9ded4ec65beab5d92a0db5089a887ab994c8e,325,195,4,12,203,16,0.2546754407313143,0.2652570128707529,0.010581572139438555,0.010581572139438555,AWAY_FROM_REFERENCE,0.036923076923076927,MINOR,1,210,,,a7365b302735b25bd2f18ece1708a49eb78ff29f2509d5ec8dc467fd4b17bda8,0.16425381852959586,0.07683392503609254,0.5625,-8,True,869
SB5418,Urethral haemorrhage,vascular wall and hemostatic integrity structure,vascular or tissue integrity breach with blood extravasation/accumulation,remaining_5256,1aaf9637dfa975137830ec278ae9ded4ec65beab5d92a0db5089a887ab994c8e,325,195,4,12,203,16,0.2546754407313143,0.2652570128707529,0.010581572139438555,0.010581572139438555,AWAY_FROM_REFERENCE,0.036923076923076927,MINOR,1,210,,,0519b37609ca665152ebccce42cfe886b9f4a8dac64fe485ec9dfa24621957d7,0.16425381852959586,0.07683392503609254,0.5625,-8,True,870
SB5457,Urogenital haemorrhage,vascular wall and hemostatic integrity structure,vascular or tissue integrity breach with blood extravasation/accumulation,remaining_5256,1aaf9637dfa975137830ec278ae9ded4ec65beab5d92a0db5089a887ab994c8e,325,195,4,12,203,16,0.2546754407313143,0.2652570128707529,0.010581572139438555,0.010581572139438555,AWAY_FROM_REFERENCE,0.036923076923076927,MINOR,1,210,,,0330abeb5a750efe619f607ae1564649c385f2f88d0b12e782e71327bb1a621a,0.16425381852959586,0.07683392503609254,0.5625,-8,True,871
SB5563,Venipuncture site hemorrhage,vascular wall and hemostatic integrity structure,vascular or tissue integrity breach with blood extravasation/accumulation,remaining_5256,1aaf9637dfa975137830ec278ae9ded4ec65beab5d92a0db5089a887ab994c8e,325,195,4,12,203,16,0.2546754407313143,0.2652570128707529,0.010581572139438555,0.010581572139438555,AWAY_FROM_REFERENCE,0.036923076923076927,MINOR,1,210,,,4e061d5d5ed186363961d9f272413149b1878c5eb47e8f8737d6b62abdfdc8f4,0.16425381852959586,0.07683392503609254,0.5625,-8,True,872
SB5595,Vessel puncture site haematoma,vascular wall and hemostatic integrity structure,vascular or tissue integrity breach with blood extravasation/accumulation,remaining_5256,1aaf9637dfa975137830ec278ae9ded4ec65beab5d92a0db5089a887ab994c8e,325,195,4,12,203,16,0.2546754407313143,0.2652570128707529,0.010581572139438555,0.010581572139438555,AWAY_FROM_REFERENCE,0.036923076923076927,MINOR,1,210,,,1fbeac7548761ae314757b050df0c5cec0151e5ca92d6e2ec50bab90d7183f57,0.16425381852959586,0.07683392503609254,0.5625,-8,True,873
SB5596,Vessel puncture site haemorrhage,vascular wall and hemostatic integrity structure,vascular or tissue integrity breach with blood extravasation/accumulation,remaining_5256,1aaf9637dfa975137830ec278ae9ded4ec65beab5d92a0db5089a887ab994c8e,325,195,4,12,203,16,0.2546754407313143,0.2652570128707529,0.010581572139438555,0.010581572139438555,AWAY_FROM_REFERENCE,0.036923076923076927,MINOR,1,210,,,8ada5109073c1e11e92c354c80e84857a4079320bc789bd7f60e92cbc1a21bda,0.16425381852959586,0.07683392503609254,0.5625,-8,True,874
SB5632,Vitreous haemorrhage,vascular wall and hemostatic integrity structure,vascular or tissue integrity breach with blood extravasation/accumulation,remaining_5256,1aaf9637dfa975137830ec278ae9ded4ec65beab5d92a0db5089a887ab994c8e,325,195,4,12,203,16,0.2546754407313143,0.2652570128707529,0.010581572139438555,0.010581572139438555,AWAY_FROM_REFERENCE,0.036923076923076927,MINOR,1,210,,,3a9c622dbc6d6aed89f98281edda4db2e3ff71ffb3f0bebb6a414ddc6b2c8da4,0.16425381852959586,0.07683392503609254,0.5625,-8,True,875
SB5712,Wound haemorrhage,vascular wall and hemostatic integrity structure,vascular or tissue integrity breach with blood extravasation/accumulation,remaining_5256,1aaf9637dfa975137830ec278ae9ded4ec65beab5d92a0db5089a887ab994c8e,325,195,4,12,203,16,0.2546754407313143,0.2652570128707529,0.010581572139438555,0.010581572139438555,AWAY_FROM_REFERENCE,0.036923076923076927,MINOR,1,210,,,771a5ba7099dc260507b2525014dc56b07c93d5baf1f7a167865d0182d1d312b,0.16425381852959586,0.07683392503609254,0.5625,-8,True,876
SB5000,Splinter haemorrhages,vascular wall and hemostatic integrity structure,"altered configuration or regulated output of the named structure, expressed as the state described by splinter haemorrhages",remaining_5256,c4a66608bed5b9745cacdee54c111eb46e768418132139a187a00c46d2f89267,325,179,3,11,187,14,0.1711908588041693,0.1820564876465558,0.01086562884238651,0.01086562884238651,AWAY_FROM_REFERENCE,0.033846153846153845,MINOR,1,210,,,99b27002852ce9ec62d62003a1898310fbe034d50581a6d63bd0c32a1545a9e6,0.16416380934817965,0.07843909676607275,0.5546875,-8,True,877
SB2238,Genetic polymorphism,"genomic sequence, chromosomal organization, and developmental-expression structure","altered configuration or regulated output of the named structure, expressed as the state described by genetic polymorphism",remaining_5256,4cddbed57c68294b38fac09e8bfbf52eaa5e3a68954625c895786949ec2cae9b,15,6,0,1,7,1,0.12913888567341347,0.14255325191292822,0.013414366239514752,0.013414366239514752,AWAY_FROM_REFERENCE,0.06666666666666667,MINOR,1,222,,,82a0162c51c0de3a3be28a15f2317ab2cb03f5ae8b14bbc4bf4a89b44641b2ce,0.16402149324906162,0.07998047957202636,0.546875,-1,True,878
SB1662,Dysequilibrium,vestibular sensory-transduction and balance-control structure,"altered configuration or regulated output of the named structure, expressed as the state described by dysequilibrium",remaining_5256,0feb40f42a42c31c7dc510e2d2a286087e67afa9c4a49bf44624fcf971612088,15,6,0,2,8,2,0.1656022323134202,0.17362048160744825,0.008018249294028057,0.008018249294028057,AWAY_FROM_REFERENCE,0.13333333333333333,MINOR,1,198,,,8824f60cbcff4b37090542f7a6aab9ceec951336319d55e93b7ee9afaf83081a,0.16391586188186713,0.07299190473398431,0.578125,-2,True,879
SB0503,Atrial arrhythmia,cardiac conduction and myocardial rhythm structure,abnormal cardiac activation sequence producing disordered rhythm and mechanical timing,remaining_5256,7ac99125bc58a77870247be148e3bdbad0c955f6609a2fe3cc1182f94b27bf04,21,5,0,1,6,1,0.1610768497597137,0.17405148406392557,0.012974634304211863,0.012974634304211863,AWAY_FROM_REFERENCE,0.047619047619047616,MINOR,1,231,,,1ba78f5856247ddd7e2318ebdfd15d0bd6840e740a8ca44ee2e4f97c2db99ca3,0.16388346612845625,0.0849569708883613,0.5234375,-1,True,880
SB0504,Atrial fibrillation,cardiac conduction and myocardial rhythm structure,abnormal cardiac activation sequence producing disordered rhythm and mechanical timing,remaining_5256,7ac99125bc58a77870247be148e3bdbad0c955f6609a2fe3cc1182f94b27bf04,21,5,0,1,6,1,0.1610768497597137,0.17405148406392557,0.012974634304211863,0.012974634304211863,AWAY_FROM_REFERENCE,0.047619047619047616,MINOR,1,231,,,67c50fdcfb4cb6882f0a3a3751b5dfcd99d2ea98b2fef6bc9594054de6093df1,0.16388346612845625,0.0849569708883613,0.5234375,-1,True,881
SB0505,Atrial fibrillation and flutter,cardiac conduction and myocardial rhythm structure,abnormal cardiac activation sequence producing disordered rhythm and mechanical timing,remaining_5256,7ac99125bc58a77870247be148e3bdbad0c955f6609a2fe3cc1182f94b27bf04,21,5,0,1,6,1,0.1610768497597137,0.17405148406392557,0.012974634304211863,0.012974634304211863,AWAY_FROM_REFERENCE,0.047619047619047616,MINOR,1,231,,,4f76fbf224f50ac8b59ed6b131bb7abc19565dbcaa62401d046fbb865047f761,0.16388346612845625,0.0849569708883613,0.5234375,-1,True,882
SB0506,Atrial flutter,cardiac conduction and myocardial rhythm structure,abnormal cardiac activation sequence producing disordered rhythm and mechanical timing,remaining_5256,7ac99125bc58a77870247be148e3bdbad0c955f6609a2fe3cc1182f94b27bf04,21,5,0,1,6,1,0.1610768497597137,0.17405148406392557,0.012974634304211863,0.012974634304211863,AWAY_FROM_REFERENCE,0.047619047619047616,MINOR,1,231,,,a142cbaa4377d177685c11a9d1c49386c453b9c4e9e28aadaa1f62cfaacdcd4a,0.16388346612845625,0.0849569708883613,0.5234375,-1,True,883
SB1939,Extrasystoles,cardiac conduction and myocardial rhythm structure,abnormal cardiac activation sequence producing disordered rhythm and mechanical timing,remaining_5256,7ac99125bc58a77870247be148e3bdbad0c955f6609a2fe3cc1182f94b27bf04,21,5,0,1,6,1,0.1610768497597137,0.17405148406392557,0.012974634304211863,0.012974634304211863,AWAY_FROM_REFERENCE,0.047619047619047616,MINOR,1,231,,,718fdc26dd39adeba716f72a9c6bbd65b574b2320dd947cb856e95819af330ed,0.16388346612845625,0.0849569708883613,0.5234375,-1,True,884
SB2055,Fibrillation atrial aggravated,cardiac conduction and myocardial rhythm structure,abnormal cardiac activation sequence producing disordered rhythm and mechanical timing,remaining_5256,7ac99125bc58a77870247be148e3bdbad0c955f6609a2fe3cc1182f94b27bf04,21,5,0,1,6,1,0.1610768497597137,0.17405148406392557,0.012974634304211863,0.012974634304211863,AWAY_FROM_REFERENCE,0.047619047619047616,MINOR,1,231,,,2970a3640b372ffb9c94a810fe67d296d0a8ee730a3075256c9819d17cf895a9,0.16388346612845625,0.0849569708883613,0.5234375,-1,True,885
SB3672,Nodal arrhythmia,cardiac conduction and myocardial rhythm structure,abnormal cardiac activation sequence producing disordered rhythm and mechanical timing,remaining_5256,7ac99125bc58a77870247be148e3bdbad0c955f6609a2fe3cc1182f94b27bf04,21,5,0,1,6,1,0.1610768497597137,0.17405148406392557,0.012974634304211863,0.012974634304211863,AWAY_FROM_REFERENCE,0.047619047619047616,MINOR,1,231,,,538d4b8526dca24ddf1efb57588895da1bbb74c7be69792a4717ab05bcd2253c,0.16388346612845625,0.0849569708883613,0.5234375,-1,True,886
SB4001,Paroxysmal atrial fibrillation,cardiac conduction and myocardial rhythm structure,abnormal cardiac activation sequence producing disordered rhythm and mechanical timing,remaining_5256,7ac99125bc58a77870247be148e3bdbad0c955f6609a2fe3cc1182f94b27bf04,21,5,0,1,6,1,0.1610768497597137,0.17405148406392557,0.012974634304211863,0.012974634304211863,AWAY_FROM_REFERENCE,0.047619047619047616,MINOR,1,231,,,568e4fc1a50b962c07305dd5689cf94243dce2b55ad5fedca500b0b358641c82,0.16388346612845625,0.0849569708883613,0.5234375,-1,True,887
SB4857,Sinus arrhythmia,cardiac conduction and myocardial rhythm structure,abnormal cardiac activation sequence producing disordered rhythm and mechanical timing,remaining_5256,7ac99125bc58a77870247be148e3bdbad0c955f6609a2fe3cc1182f94b27bf04,21,5,0,1,6,1,0.1610768497597137,0.17405148406392557,0.012974634304211863,0.012974634304211863,AWAY_FROM_REFERENCE,0.047619047619047616,MINOR,1,231,,,3410f9dbabf246c216763c830a0d656d29ba856f020a381cad6c622c04b31bea,0.16388346612845625,0.0849569708883613,0.5234375,-1,True,888
SB5102,Supraventricular extrasystoles,cardiac conduction and myocardial rhythm structure,abnormal cardiac activation sequence producing disordered rhythm and mechanical timing,remaining_5256,7ac99125bc58a77870247be148e3bdbad0c955f6609a2fe3cc1182f94b27bf04,21,5,0,1,6,1,0.1610768497597137,0.17405148406392557,0.012974634304211863,0.012974634304211863,AWAY_FROM_REFERENCE,0.047619047619047616,MINOR,1,231,,,0bc71213769b679d59b8d298815253baa303c29a7c318c5aadaf35aec5a90126,0.16388346612845625,0.0849569708883613,0.5234375,-1,True,889
SB5576,Ventricular arrhythmia,cardiac conduction and myocardial rhythm structure,abnormal cardiac activation sequence producing disordered rhythm and mechanical timing,remaining_5256,7ac99125bc58a77870247be148e3bdbad0c955f6609a2fe3cc1182f94b27bf04,21,5,0,1,6,1,0.1610768497597137,0.17405148406392557,0.012974634304211863,0.012974634304211863,AWAY_FROM_REFERENCE,0.047619047619047616,MINOR,1,231,,,6fe7ed9e11b05b3b4b43759a00f90503a981924eb25e8c24cbb5b329989a8de0,0.16388346612845625,0.0849569708883613,0.5234375,-1,True,890
SB5579,Ventricular extrasystoles,cardiac conduction and myocardial rhythm structure,abnormal cardiac activation sequence producing disordered rhythm and mechanical timing,remaining_5256,7ac99125bc58a77870247be148e3bdbad0c955f6609a2fe3cc1182f94b27bf04,21,5,0,1,6,1,0.1610768497597137,0.17405148406392557,0.012974634304211863,0.012974634304211863,AWAY_FROM_REFERENCE,0.047619047619047616,MINOR,1,231,,,1c6a73c47bdd4c13c92733e4d48aa1c8404fabc0afffb337763cde004860b0a1,0.16388346612845625,0.0849569708883613,0.5234375,-1,True,891
SB5581,Ventricular fibrillation,cardiac conduction and myocardial rhythm structure,abnormal cardiac activation sequence producing disordered rhythm and mechanical timing,remaining_5256,7ac99125bc58a77870247be148e3bdbad0c955f6609a2fe3cc1182f94b27bf04,21,5,0,1,6,1,0.1610768497597137,0.17405148406392557,0.012974634304211863,0.012974634304211863,AWAY_FROM_REFERENCE,0.047619047619047616,MINOR,1,231,,,9531a44d7e44b2f148f539f1ceea37d453e2e1aa7646db7131077f7daffe662c,0.16388346612845625,0.0849569708883613,0.5234375,-1,True,892
SB5582,Ventricular flutter,cardiac conduction and myocardial rhythm structure,abnormal cardiac activation sequence producing disordered rhythm and mechanical timing,remaining_5256,7ac99125bc58a77870247be148e3bdbad0c955f6609a2fe3cc1182f94b27bf04,21,5,0,1,6,1,0.1610768497597137,0.17405148406392557,0.012974634304211863,0.012974634304211863,AWAY_FROM_REFERENCE,0.047619047619047616,MINOR,1,231,,,8306dc0744bb88e870eb84511f43eede26832f1f08173f60ab43e27065c1c193,0.16388346612845625,0.0849569708883613,0.5234375,-1,True,893
SB1143,Chronic graft versus host disease,"systemic immune-recognition, signaling, and effector-response structure",immune-effector attack against transplanted or non-self tissue causing target-structure injury,remaining_5256,1785c37173417278ac8780c66248f2693822a2d854f711a0b56ae24ed9db1265,378,120,4,23,139,27,0.11370649169638714,0.12468275473618762,0.010976263039800482,0.010976263039800482,AWAY_FROM_REFERENCE,0.06084656084656084,MINOR,1,231,,,406cc2474e309e1d3475f04973d8ca9733d161fbad6c32a1e3462da81a0ba303,0.1638435086808582,0.07804848619616855,0.5546875,-19,True,894
SB2325,Graft versus host disease,"systemic immune-recognition, signaling, and effector-response structure",immune-effector attack against transplanted or non-self tissue causing target-structure injury,remaining_5256,1785c37173417278ac8780c66248f2693822a2d854f711a0b56ae24ed9db1265,378,120,4,23,139,27,0.11370649169638714,0.12468275473618762,0.010976263039800482,0.010976263039800482,AWAY_FROM_REFERENCE,0.06084656084656084,MINOR,1,231,,,3d0be33999ee8d0b42b9508f530abf87f343392aa1e463b38abbc8a4ecad48d8,0.1638435086808582,0.07804848619616855,0.5546875,-19,True,895
SB2326,Graft versus host reaction,"systemic immune-recognition, signaling, and effector-response structure",immune-effector attack against transplanted or non-self tissue causing target-structure injury,remaining_5256,1785c37173417278ac8780c66248f2693822a2d854f711a0b56ae24ed9db1265,378,120,4,23,139,27,0.11370649169638714,0.12468275473618762,0.010976263039800482,0.010976263039800482,AWAY_FROM_REFERENCE,0.06084656084656084,MINOR,1,231,,,4d6b84d8eae17d58f250a0c6e292a77a4a4e48ff188e4239660a4b73a2a9fa4c,0.1638435086808582,0.07804848619616855,0.5546875,-19,True,896
SB2218,Gastrointestinal tract irritation,"intestinal mucosal barrier, smooth-muscle motility, and luminal transport structure","altered configuration or regulated output of the named structure, expressed as the state described by gastrointestinal tract irritation",remaining_5256,8890d0eb97ced2706974f3cc42266b43cf8b9ecdf4cf88633bd76ab080181602,276,95,5,12,102,17,0.12361822339828266,0.1372955820286198,0.013677358630337144,0.013677358630337144,AWAY_FROM_REFERENCE,0.043478260869565216,MINOR,1,231,,,d68237fe5cc2c4f995f0e01fc79a9f42bbe4ed7a5734aceac1755abd911ee8c0,0.16382616894143615,0.07802734017248314,0.5546875,-7,True,897
SB0398,Application site dryness,local epidermal-dermal barrier and repair structure,reduced water or secretory content relative to the normal hydrated state,established_478,6468d26c9d69997ea3ec5aee358a056ddea7d5d121839d725e69b28ee1b305c7,28,15,1,0,14,1,0.170704054219468,0.17427530863349827,0.003571254414030278,0.003571254414030278,AWAY_FROM_REFERENCE,0.0,INFORMATIONAL,0,223,,,8640a98dde1ce8456008dafa9752839999047326d14dc891d73758096ec0ac9b,0.16372942497786133,0.07276454265592847,0.578125,1,True,898
SB0448,Arterial thromboembolism,arterial-lumen blood-flow and thrombotic-hemostasis structure,"altered configuration or regulated output of the named structure, expressed as the state described by arterial thromboembolism",established_478,420d48316d14268c55a4f57f8032107350df7df5b2428037f6f6be8fb9228627,435,177,14,9,172,23,0.15791277462297404,0.17232364704766567,0.014410872424691634,0.014410872424691634,AWAY_FROM_REFERENCE,0.020689655172413793,MINOR,1,231,,,f768a58c76898b54f3fa290d05eac11cf83984c92ad6eb1c3ed4c067ec796c9b,0.163703472144291,0.0813075879808427,0.5390625,5,True,899
SB4192,Pleural infection,"pleural membrane, pleural-space, and thoracic mechanical structure",pathogen-associated occupation/invasion with host-defense activation and local structural disruption,remaining_5256,4ae465744934a52206e240c75386d213251882c2baf172f8ce7ef841bc111a3f,36,22,2,0,20,2,0.15763427363549953,0.17281932187132143,0.015185048235821896,0.015185048235821896,AWAY_FROM_REFERENCE,0.0,INFORMATIONAL,0,197,,,ac3d7350f6f8002c9a332955275d21db36311387f6547843d6ea1f58bf6eaf71,0.1636393625688073,0.07779952752293573,0.5546875,2,True,900
SB3932,Pancreatic necrosis,pancreatic endocrine-exocrine parenchymal and ductal structure,loss of cellular viability with local tissue structural breakdown,remaining_5256,60fa93940af4953b0f77521dc309cd98e2dc026dd1cbab4f4468f58c310c78db,91,48,3,5,50,8,0.20878766050260023,0.22642152704387408,0.017633866541273857,0.017633866541273857,AWAY_FROM_REFERENCE,0.054945054945054944,MINOR,1,230,,,0eb4e4465686e5f6906cfdb619ad1871562e66fc27da41a4ef89bc00d01c0849,0.16358289334135256,0.08287547968457631,0.53125,-2,True,901
SB0215,Albuminuria,renal glomerular filtration-barrier albumin-retention structure,abnormal passage of albumin into urine indicating increased filtration-barrier permeability or impaired tubular recovery,established_478,0b08ba321cfd147ac2d448d473dec9fb25418a840c6e7f002df1ac39d4b3afcd,28,19,2,2,19,4,0.15431738817945195,0.1697655325132117,0.015448144333759739,0.015448144333759739,AWAY_FROM_REFERENCE,0.07142857142857142,MINOR,1,223,,,650a066fd251acadc2b769e780b63ac54c576d1941cdb739ce2987267e1b3029,0.16350509825452558,0.074205912505519,0.5703125,0,True,902
SB0942,Carcinoma of lung,"pulmonary airway-alveolar, pleural, and gas-exchange structure",loss of normal proliferative/differentiation constraint with clonal tissue expansion and architectural replacement,remaining_5256,01a6394f55f4a6e2ce74329e226586704ab34ef933a7283ae80cfc620ff63cc9,36,17,1,0,16,1,0.2042730535257693,0.21236828531572882,0.008095231789959523,0.008095231789959523,AWAY_FROM_REFERENCE,0.0,INFORMATIONAL,0,231,,,0690409c4a2362d7789d819d257526b70df83f829d3b46d6d2a193e7b051d340,0.16328687342002893,0.07565472368296211,0.5625,1,True,903
SB3191,Lung cancer metastatic,"pulmonary airway-alveolar, pleural, and gas-exchange structure",loss of normal proliferative/differentiation constraint with clonal tissue expansion and architectural replacement,remaining_5256,01a6394f55f4a6e2ce74329e226586704ab34ef933a7283ae80cfc620ff63cc9,36,17,1,0,16,1,0.2042730535257693,0.21236828531572882,0.008095231789959523,0.008095231789959523,AWAY_FROM_REFERENCE,0.0,INFORMATIONAL,0,231,,,2afa8068069226e9681da89434a1cbde85399167cd999e4ab80a90c02539eeb2,0.16328687342002893,0.07565472368296211,0.5625,1,True,904
SB3196,Lung neoplasm,"pulmonary airway-alveolar, pleural, and gas-exchange structure",loss of normal proliferative/differentiation constraint with clonal tissue expansion and architectural replacement,remaining_5256,01a6394f55f4a6e2ce74329e226586704ab34ef933a7283ae80cfc620ff63cc9,36,17,1,0,16,1,0.2042730535257693,0.21236828531572882,0.008095231789959523,0.008095231789959523,AWAY_FROM_REFERENCE,0.0,INFORMATIONAL,0,231,,,3927ac3e609acc4ca2a5d6a8587a1b7d093a98077c1aaaca452a99a72073b532,0.16328687342002893,0.07565472368296211,0.5625,1,True,905
SB3197,Lung neoplasm malignant,"pulmonary airway-alveolar, pleural, and gas-exchange structure",loss of normal proliferative/differentiation constraint with clonal tissue expansion and architectural replacement,remaining_5256,01a6394f55f4a6e2ce74329e226586704ab34ef933a7283ae80cfc620ff63cc9,36,17,1,0,16,1,0.2042730535257693,0.21236828531572882,0.008095231789959523,0.008095231789959523,AWAY_FROM_REFERENCE,0.0,INFORMATIONAL,0,231,,,bcd84a1b572fe625637de9d9ce74e684029aa6468609186fad3f1d66db8ea8e6,0.16328687342002893,0.07565472368296211,0.5625,1,True,906
SB3683,Non-small cell lung cancer,"pulmonary airway-alveolar, pleural, and gas-exchange structure",loss of normal proliferative/differentiation constraint with clonal tissue expansion and architectural replacement,remaining_5256,01a6394f55f4a6e2ce74329e226586704ab34ef933a7283ae80cfc620ff63cc9,36,17,1,0,16,1,0.2042730535257693,0.21236828531572882,0.008095231789959523,0.008095231789959523,AWAY_FROM_REFERENCE,0.0,INFORMATIONAL,0,231,,,453f5b211eb7be91a043f70f044a38043e94a29d07b2071769641460420287c7,0.16328687342002893,0.07565472368296211,0.5625,1,True,907
SB4441,Pulmonary lymphoma,"pulmonary airway-alveolar, pleural, and gas-exchange structure",loss of normal proliferative/differentiation constraint with clonal tissue expansion and architectural replacement,remaining_5256,01a6394f55f4a6e2ce74329e226586704ab34ef933a7283ae80cfc620ff63cc9,36,17,1,0,16,1,0.2042730535257693,0.21236828531572882,0.008095231789959523,0.008095231789959523,AWAY_FROM_REFERENCE,0.0,INFORMATIONAL,0,231,,,494496ee812af76f9863bfee034b10999662a409c06f009147800e26c2d38c7a,0.16328687342002893,0.07565472368296211,0.5625,1,True,908
SB4936,Small cell lung cancer,"pulmonary airway-alveolar, pleural, and gas-exchange structure",loss of normal proliferative/differentiation constraint with clonal tissue expansion and architectural replacement,remaining_5256,01a6394f55f4a6e2ce74329e226586704ab34ef933a7283ae80cfc620ff63cc9,36,17,1,0,16,1,0.2042730535257693,0.21236828531572882,0.008095231789959523,0.008095231789959523,AWAY_FROM_REFERENCE,0.0,INFORMATIONAL,0,231,,,08a865710a617afc29b2b8eb1d4b157e2ba8db83460fdeb106184bb8640c0d4d,0.16328687342002893,0.07565472368296211,0.5625,1,True,909
SB5015,Squamous cell carcinoma of lung,"pulmonary airway-alveolar, pleural, and gas-exchange structure",loss of normal proliferative/differentiation constraint with clonal tissue expansion and architectural replacement,remaining_5256,01a6394f55f4a6e2ce74329e226586704ab34ef933a7283ae80cfc620ff63cc9,36,17,1,0,16,1,0.2042730535257693,0.21236828531572882,0.008095231789959523,0.008095231789959523,AWAY_FROM_REFERENCE,0.0,INFORMATIONAL,0,231,,,22be0f96ea79a21a955cb2c0a71cfa90cab0598eafac0ded36ae940cec7ca045,0.16328687342002893,0.07565472368296211,0.5625,1,True,910
SB0318,Anisocytosis,erythrocyte size-distribution and maturation structure,increased heterogeneity of erythrocyte size relative to the normal distribution,established_478,87d64d637a1b548c2d1e1cf37fac2bf95f108315b4b940fd9b65ba7dccdf37c1,1711,666,53,65,678,118,0.23274663140638951,0.2348622886370424,0.0021156572306528787,0.0021156572306528787,AWAY_FROM_REFERENCE,0.03798947983635301,MINOR,1,231,,,117726ab46f2232fd67ab3c19067f66d7691b236912c7dfc03bb12ee95fc1f3b,0.16321857385226507,0.0704266144539818,0.5859375,-12,True,911
SB0105,Acute allograft rejection,alloreactive T-cell tissue-recognition structure,immune-effector attack against transplanted or non-self tissue causing target-structure injury,established_478,871aba3bf8c574aca61d408cea93c534d4ac0304b327c2bce0d0b3ff181b78db,325,140,8,12,144,20,0.18550904313592487,0.19784437065717975,0.01233532752125488,0.01233532752125488,AWAY_FROM_REFERENCE,0.036923076923076927,MINOR,1,231,,,3a87b180b676b03d56beecb6a8cbbc613684ea4cda3b69452fd8903c4752500b,0.16320887324339467,0.08241935761389596,0.53125,-4,True,912
SB0127,Acute graft versus host disease,alloreactive T-cell tissue-recognition structure,immune-effector attack against transplanted or non-self tissue causing target-structure injury,established_478,871aba3bf8c574aca61d408cea93c534d4ac0304b327c2bce0d0b3ff181b78db,325,140,8,12,144,20,0.18550904313592487,0.19784437065717975,0.01233532752125488,0.01233532752125488,AWAY_FROM_REFERENCE,0.036923076923076927,MINOR,1,231,,,62d7e1ada4af88ad01a23b99832b562a3fd7a9a4162778223707130582b7a867,0.16320887324339467,0.08241935761389596,0.53125,-4,True,913
SB2544,Hodgkin's disease lymphocyte depletion type stage unspecified,"circulating leukocyte production, distribution, and effector-cell structure","altered configuration or regulated output of the named structure, expressed as the state described by hodgkin's disease lymphocyte depletion type stage",remaining_5256,a6ff925324c715a11648261201ef8982edcde2141898781265a0b63514a48787,1830,452,43,79,488,122,0.09622733843300324,0.10669624444920989,0.010468906016206647,0.010468906016206647,AWAY_FROM_REFERENCE,0.04316939890710383,MINOR,1,231,,,f9d9d7ccd12975f498eb82aa919a42fa81e05a3d3e0549d7d1cd43633b321a62,0.16320042548382996,0.08069411644369506,0.5390625,-36,True,914
SB1737,Ejaculation disorder,"male gonadal, ductal, accessory-gland, and reproductive-output structure",departure from the reference structural configuration or regulated functional range,remaining_5256,a24bc3c5b99de557195988c577f35c4fc4c053f5778af742927f92030bcce731,190,96,4,3,95,7,0.14348662990403704,0.15114882614069436,0.007662196236657315,0.007662196236657315,AWAY_FROM_REFERENCE,0.015789473684210527,MINOR,1,223,,,41ff2d7364e21a155e71a546e14dc88e77223403e8ed78fbcd9768cfbb7a1173,0.1631638822541955,0.07207485640755551,0.578125,1,True,915
SB4040,Penis disorder,"male gonadal, ductal, accessory-gland, and reproductive-output structure",departure from the reference structural configuration or regulated functional range,remaining_5256,a24bc3c5b99de557195988c577f35c4fc4c053f5778af742927f92030bcce731,190,96,4,3,95,7,0.14348662990403704,0.15114882614069436,0.007662196236657315,0.007662196236657315,AWAY_FROM_REFERENCE,0.015789473684210527,MINOR,1,223,,,693192c40c9db408ff37d75a66b27d8241d96291352437788bc2116bbf19cbbd,0.1631638822541955,0.07207485640755551,0.578125,1,True,916
SB4362,Prostate examination abnormal,"male gonadal, ductal, accessory-gland, and reproductive-output structure",departure from the reference structural configuration or regulated functional range,remaining_5256,a24bc3c5b99de557195988c577f35c4fc4c053f5778af742927f92030bcce731,190,96,4,3,95,7,0.14348662990403704,0.15114882614069436,0.007662196236657315,0.007662196236657315,AWAY_FROM_REFERENCE,0.015789473684210527,MINOR,1,223,,,ff60352e09854c60d80c6f22647b7af0dd7e3c176fcac3a0aa530dbd006e6e59,0.1631638822541955,0.07207485640755551,0.578125,1,True,917
SB4366,Prostatic disorder,"male gonadal, ductal, accessory-gland, and reproductive-output structure",departure from the reference structural configuration or regulated functional range,remaining_5256,a24bc3c5b99de557195988c577f35c4fc4c053f5778af742927f92030bcce731,190,96,4,3,95,7,0.14348662990403704,0.15114882614069436,0.007662196236657315,0.007662196236657315,AWAY_FROM_REFERENCE,0.015789473684210527,MINOR,1,223,,,0ff749aea541c6aae324591a468096247793cb6df2aaf75a0eb69b5f57985437,0.1631638822541955,0.07207485640755551,0.578125,1,True,918
SB4753,Scrotal disorder,"male gonadal, ductal, accessory-gland, and reproductive-output structure",departure from the reference structural configuration or regulated functional range,remaining_5256,a24bc3c5b99de557195988c577f35c4fc4c053f5778af742927f92030bcce731,190,96,4,3,95,7,0.14348662990403704,0.15114882614069436,0.007662196236657315,0.007662196236657315,AWAY_FROM_REFERENCE,0.015789473684210527,MINOR,1,223,,,edbcb365a355654d50a2fbd11be9f2516daf281d23b15b01b98419ac5124d7a2,0.1631638822541955,0.07207485640755551,0.578125,1,True,919
SB4776,Semen abnormal,"male gonadal, ductal, accessory-gland, and reproductive-output structure",departure from the reference structural configuration or regulated functional range,remaining_5256,a24bc3c5b99de557195988c577f35c4fc4c053f5778af742927f92030bcce731,190,96,4,3,95,7,0.14348662990403704,0.15114882614069436,0.007662196236657315,0.007662196236657315,AWAY_FROM_REFERENCE,0.015789473684210527,MINOR,1,223,,,3d8d00aad559df5065b92e622320e85ec5fb7f9481b03ee5b07601bbdccede8c,0.1631638822541955,0.07207485640755551,0.578125,1,True,920
SB4777,Semen analysis abnormal,"male gonadal, ductal, accessory-gland, and reproductive-output structure",departure from the reference structural configuration or regulated functional range,remaining_5256,a24bc3c5b99de557195988c577f35c4fc4c053f5778af742927f92030bcce731,190,96,4,3,95,7,0.14348662990403704,0.15114882614069436,0.007662196236657315,0.007662196236657315,AWAY_FROM_REFERENCE,0.015789473684210527,MINOR,1,223,,,708d0d911f1963cc72006dc2fc35177e3dd4ade674ab41f4087220f36f287820,0.1631638822541955,0.07207485640755551,0.578125,1,True,921
SB4975,Spermatogenesis abnormal,"male gonadal, ductal, accessory-gland, and reproductive-output structure",departure from the reference structural configuration or regulated functional range,remaining_5256,a24bc3c5b99de557195988c577f35c4fc4c053f5778af742927f92030bcce731,190,96,4,3,95,7,0.14348662990403704,0.15114882614069436,0.007662196236657315,0.007662196236657315,AWAY_FROM_REFERENCE,0.015789473684210527,MINOR,1,223,,,7e86b192dee4a43389e521f273bab19614f032f8e39e6803a4f2e5439719abe9,0.1631638822541955,0.07207485640755551,0.578125,1,True,922
SB4977,Spermatozoa abnormal,"male gonadal, ductal, accessory-gland, and reproductive-output structure",departure from the reference structural configuration or regulated functional range,remaining_5256,a24bc3c5b99de557195988c577f35c4fc4c053f5778af742927f92030bcce731,190,96,4,3,95,7,0.14348662990403704,0.15114882614069436,0.007662196236657315,0.007662196236657315,AWAY_FROM_REFERENCE,0.015789473684210527,MINOR,1,223,,,f331670b971b37ffce63629f949f93bd9dd3fd30eb520c178acb1d8e807ba5a2,0.1631638822541955,0.07207485640755551,0.578125,1,True,923
SB5188,Testicular disorder,"male gonadal, ductal, accessory-gland, and reproductive-output structure",departure from the reference structural configuration or regulated functional range,remaining_5256,a24bc3c5b99de557195988c577f35c4fc4c053f5778af742927f92030bcce731,190,96,4,3,95,7,0.14348662990403704,0.15114882614069436,0.007662196236657315,0.007662196236657315,AWAY_FROM_REFERENCE,0.015789473684210527,MINOR,1,223,,,3d57f8d3b302a4d6d70c6e3c9cb6047a73518f84373d003e49cbb87fbd62c773,0.1631638822541955,0.07207485640755551,0.578125,1,True,924
SB3251,Malignant neoplasm of renal pelvis,renal glomerular-tubular filtration and fluid-balance structure,loss of normal proliferative/differentiation constraint with clonal tissue expansion and architectural replacement,remaining_5256,c76eb10b44d975c8a1268fba27e4d67837b826c24afa276d2e83b20a06597e75,91,35,9,1,27,10,0.15767954431610431,0.1694947447197257,0.011815200403621384,0.011815200403621384,AWAY_FROM_REFERENCE,0.01098901098901099,MINOR,1,231,,,7d9b5c0b6e77c931e6998b737f7a95013dbc7493cd2f4b3d818305ee8efe0490,0.1631273615964761,0.07889007511765378,0.546875,8,True,925
SB3350,Metastatic renal cell carcinoma,renal glomerular-tubular filtration and fluid-balance structure,loss of normal proliferative/differentiation constraint with clonal tissue expansion and architectural replacement,remaining_5256,c76eb10b44d975c8a1268fba27e4d67837b826c24afa276d2e83b20a06597e75,91,35,9,1,27,10,0.15767954431610431,0.1694947447197257,0.011815200403621384,0.011815200403621384,AWAY_FROM_REFERENCE,0.01098901098901099,MINOR,1,231,,,5fa6e35a08378cd390b18ca866d57774192777966851304a210501f4f147e5ea,0.1631273615964761,0.07889007511765378,0.546875,8,True,926
SB4581,Renal cancer,renal glomerular-tubular filtration and fluid-balance structure,loss of normal proliferative/differentiation constraint with clonal tissue expansion and architectural replacement,remaining_5256,c76eb10b44d975c8a1268fba27e4d67837b826c24afa276d2e83b20a06597e75,91,35,9,1,27,10,0.15767954431610431,0.1694947447197257,0.011815200403621384,0.011815200403621384,AWAY_FROM_REFERENCE,0.01098901098901099,MINOR,1,231,,,9971acd9f93fa78211c177ce4ec4094685619ef8716bf9ba09a6f9ca1a9560bb,0.1631273615964761,0.07889007511765378,0.546875,8,True,927
SB4582,Renal cell carcinoma,renal glomerular-tubular filtration and fluid-balance structure,loss of normal proliferative/differentiation constraint with clonal tissue expansion and architectural replacement,remaining_5256,c76eb10b44d975c8a1268fba27e4d67837b826c24afa276d2e83b20a06597e75,91,35,9,1,27,10,0.15767954431610431,0.1694947447197257,0.011815200403621384,0.011815200403621384,AWAY_FROM_REFERENCE,0.01098901098901099,MINOR,1,231,,,c5870db9b309de1fad041307cb7de8743129e9dbcd15d7bb68133616322c3e80,0.1631273615964761,0.07889007511765378,0.546875,8,True,928
SB4598,Renal neoplasm,renal glomerular-tubular filtration and fluid-balance structure,loss of normal proliferative/differentiation constraint with clonal tissue expansion and architectural replacement,remaining_5256,c76eb10b44d975c8a1268fba27e4d67837b826c24afa276d2e83b20a06597e75,91,35,9,1,27,10,0.15767954431610431,0.1694947447197257,0.011815200403621384,0.011815200403621384,AWAY_FROM_REFERENCE,0.01098901098901099,MINOR,1,231,,,1e85c6c52dc86c58ea73e4b40fb09b78ddff19d44b8847a9118683e7e29c4d08,0.1631273615964761,0.07889007511765378,0.546875,8,True,929
SB4856,Sinus arrest,cardiac conduction and myocardial rhythm structure,collapse of integrated vital-function continuity and sustained organism-level state,remaining_5256,a9df8c43e3bdd4dab88379dab99a4d027d7ad911fb0aec3af3f0240b93a0bb40,21,3,0,1,4,1,0.16911966512479482,0.1812745295288496,0.012154864404054777,0.012154864404054777,AWAY_FROM_REFERENCE,0.047619047619047616,MINOR,1,231,,,6eaa8f5edf2e31564c2a5fbe5e44fbb6107471f61a83f0627cb85624a6e7b5cf,0.16307708938757742,0.07882876754582613,0.546875,-1,True,930
SB0402,Application site excoriation,local epidermal-dermal barrier and repair structure,superficial epithelial-surface tissue loss with reduced barrier continuity,established_478,c9c856f3fbf66b1b2419b593e42802ba99f7d47e931307b28e57f705761bfe13,28,17,1,1,17,2,0.15551636844251426,0.15993914505606333,0.004422776613549062,0.004422776613549062,AWAY_FROM_REFERENCE,0.03571428571428571,MINOR,1,223,,,16c218b28459e0d03f4032aeb38450888770f1c085437646ac23d3b1a2b99d24,0.16294931874113436,0.06838331553796873,0.59375,0,True,931
SB1432,Death,integrated cardiopulmonary-neural vital-function structure,collapse of integrated vital-function continuity and sustained organism-level state,remaining_5256,0f811bed0858b47ef8af022152d045520f000765aa924017c341cff7a3f05f9c,496,231,18,28,241,46,0.16463881507405098,0.18161359570802849,0.016974780633977504,0.016974780633977504,AWAY_FROM_REFERENCE,0.056451612903225805,MINOR,1,223,,,a74ec80f379df40fdf9ec97ea8f97f5eb9e0b01f4998d989b8fda71cb46d7ab3,0.1629392797969505,0.08037564609384207,0.5390625,-10,True,932
SB1433,Death neonatal,integrated cardiopulmonary-neural vital-function structure,collapse of integrated vital-function continuity and sustained organism-level state,remaining_5256,0f811bed0858b47ef8af022152d045520f000765aa924017c341cff7a3f05f9c,496,231,18,28,241,46,0.16463881507405098,0.18161359570802849,0.016974780633977504,0.016974780633977504,AWAY_FROM_REFERENCE,0.056451612903225805,MINOR,1,223,,,7a956a458b9a1122b0eb886834b01252cd15b50df96ebffcaacda4ab1a5a60e8,0.1629392797969505,0.08037564609384207,0.5390625,-10,True,933
SB5077,Sudden death,integrated cardiopulmonary-neural vital-function structure,collapse of integrated vital-function continuity and sustained organism-level state,remaining_5256,0f811bed0858b47ef8af022152d045520f000765aa924017c341cff7a3f05f9c,496,231,18,28,241,46,0.16463881507405098,0.18161359570802849,0.016974780633977504,0.016974780633977504,AWAY_FROM_REFERENCE,0.056451612903225805,MINOR,1,223,,,796774bee5c079fc28de03d8dc3a6bf0375d944c0b8bbf2512075b5ca2af559f,0.1629392797969505,0.08037564609384207,0.5390625,-10,True,934
SB5078,"Sudden death, cause unknown",integrated cardiopulmonary-neural vital-function structure,collapse of integrated vital-function continuity and sustained organism-level state,remaining_5256,0f811bed0858b47ef8af022152d045520f000765aa924017c341cff7a3f05f9c,496,231,18,28,241,46,0.16463881507405098,0.18161359570802849,0.016974780633977504,0.016974780633977504,AWAY_FROM_REFERENCE,0.056451612903225805,MINOR,1,223,,,d999e03b6a21162e43fe6cb9eca22636c01e046e4aead08dfca02d93db35c778,0.1629392797969505,0.08037564609384207,0.5390625,-10,True,935
SB0045,Abnormal labour,uterine smooth-muscle contractile structure,departure from the reference structural configuration or regulated functional range,established_478,6dcfa24f02e41bd0efbaf11e14a3c0335b5eb01886eb28d6ca3897fc4a66e5bf,406,120,6,18,132,24,0.17533246880578401,0.1930133939510944,0.01768092514531039,0.01768092514531039,AWAY_FROM_REFERENCE,0.04433497536945813,MINOR,1,223,,,757906eec96938092bc30235aab0a8fd27b1cd3909224845c92e3497aab020eb,0.16278206665963912,0.06989428860931601,0.5859375,-12,True,936
SB2754,Impetigo,cutaneous epidermal-dermal barrier and local immune structure,"altered configuration or regulated output of the named structure, expressed as the state described by impetigo",remaining_5256,61804bbe74c1bd3844d4ecdb8e603ac39ff7b301f341fa8cbe0d87e2c72e92d5,1,0,0,1,1,1,0.13814758492018997,0.14644192318935945,0.008294338269169477,0.008294338269169477,AWAY_FROM_REFERENCE,1.0,CRITICAL,4,231,,,e3d1bbf0144db162cecbbe623f8da9789761a478272fb8a42dc84344f7f73ec8,0.16262990375978925,0.07485354117047471,0.5625,-1,True,937
SB0248,Alveolitis,pulmonary interstitial-alveolar structure,"localized inflammatory activation with cellular infiltration, vascular change, and tissue-function perturbation",established_478,653fa26098f4add5d8d66ec5510f0c84dba4fcd2180b57b6e16bcdffec3f202c,45,19,0,1,20,1,0.17850170169280077,0.1772052076777586,-0.001296494015042171,0.001296494015042171,TOWARD_REFERENCE,0.022222222222222223,MINOR,1,223,,,2ab0766d888dea6f9e5d614139ff1a37dfcc3eacb62d5d789372682f8957ca43,0.16254434382106875,0.07303426075740094,0.5703125,-1,True,938
SB5687,Wheezing,bronchial smooth-muscle tone and airway-caliber structure,airflow limitation with oscillatory airway-wall narrowing,remaining_5256,41ccfd88ec6c90ab7c798b04357e4d536709296e5a7921908220e946c8704c5c,300,146,11,3,138,14,0.14884748240265155,0.1548079155047406,0.005960433102089047,0.005960433102089047,AWAY_FROM_REFERENCE,0.01,MINOR,1,231,,,3797617a5973156d0521a75d5f43453c7ec5e0a95e6c94578326b6121a1f6b72,0.16250082606313698,0.07641106836967926,0.5546875,8,True,939
SB5688,Wheezing expiratory,bronchial smooth-muscle tone and airway-caliber structure,airflow limitation with oscillatory airway-wall narrowing,remaining_5256,41ccfd88ec6c90ab7c798b04357e4d536709296e5a7921908220e946c8704c5c,300,146,11,3,138,14,0.14884748240265155,0.1548079155047406,0.005960433102089047,0.005960433102089047,AWAY_FROM_REFERENCE,0.01,MINOR,1,231,,,52c234dd42d178801ae9e6e4859d0d1fd912ec49e8183174caf14a0bb8abdfb3,0.16250082606313698,0.07641106836967926,0.5546875,8,True,940
SB5689,Wheezing inspiratory,bronchial smooth-muscle tone and airway-caliber structure,airflow limitation with oscillatory airway-wall narrowing,remaining_5256,41ccfd88ec6c90ab7c798b04357e4d536709296e5a7921908220e946c8704c5c,300,146,11,3,138,14,0.14884748240265155,0.1548079155047406,0.005960433102089047,0.005960433102089047,AWAY_FROM_REFERENCE,0.01,MINOR,1,231,,,12096f93c10657507f527e7a7980310132904e78e5c369e47c7b1268a0aaefe2,0.16250082606313698,0.07641106836967926,0.5546875,8,True,941
SB1044,Cerebral thrombosis,"central nervous tissue, cerebrospinal-fluid, and intracranial structural network",intraluminal clot formation causing partial or complete flow obstruction,remaining_5256,844f7814c37ab8afd460936e1b68875b7e9fc17e4ecff26676f5028e87b49255,1,1,1,0,0,1,0.1255985736171209,0.13555544029868793,0.009956866681567034,0.009956866681567034,AWAY_FROM_REFERENCE,0.0,INFORMATIONAL,0,230,,,c6c7b7b9cb2485d4333be6521dffbd5cfe441e5ee9520aead1f1e6f3090560ac,0.16245124736378852,0.07635060654120551,0.5546875,1,True,942
SB1046,Cerebral venous thrombosis,"central nervous tissue, cerebrospinal-fluid, and intracranial structural network",intraluminal clot formation causing partial or complete flow obstruction,remaining_5256,844f7814c37ab8afd460936e1b68875b7e9fc17e4ecff26676f5028e87b49255,1,1,1,0,0,1,0.1255985736171209,0.13555544029868793,0.009956866681567034,0.009956866681567034,AWAY_FROM_REFERENCE,0.0,INFORMATIONAL,0,230,,,4dc19b9228eff085e92f74954c6bcda1dbb2166e5fbc7f8a3390114a1634ba66,0.16245124736378852,0.07635060654120551,0.5546875,1,True,943
SB0078,Acid phosphatase high,lysosomal/prostatic acid-phosphatase production-release structure,measured or functional quantity shifted above its reference structural range,established_478,f968822898425d689cad7c4bc20b6ce7e35fc5ab890ebc5043f747d975b702df,1275,512,30,38,520,68,0.19102434469461937,0.1968786914011087,0.005854346706489322,0.005854346706489322,AWAY_FROM_REFERENCE,0.02980392156862745,MINOR,1,38,,,031d34de4dccdfe17feb2755ed41dc6c832f6d34449a7fe436555608b6658e5c,0.1624115474265812,0.07630219198363564,0.5546875,-8,True,944
SB3007,Keratopathy,corneal epithelial-stromal optical and barrier structure,structural-functional tissue disorder with impaired normal operation of the named structure,remaining_5256,550df9221dcc102e3d990be2ac16429eebe8f395a134f776b1ee235a27eec2c4,190,78,4,4,78,8,0.16416669361265535,0.17886526580574036,0.014698572193085013,0.014698572193085013,AWAY_FROM_REFERENCE,0.021052631578947368,MINOR,1,230,,,94bc703e4989efa6207e756875d7ce11a5219dcb2a4bd6cb26b2e07b22754ca5,0.16238251744046134,0.06940703346397725,0.5859375,0,True,945
SB5093,Superficial punctate keratopathy,corneal epithelial-stromal optical and barrier structure,structural-functional tissue disorder with impaired normal operation of the named structure,remaining_5256,550df9221dcc102e3d990be2ac16429eebe8f395a134f776b1ee235a27eec2c4,190,78,4,4,78,8,0.16416669361265535,0.17886526580574036,0.014698572193085013,0.014698572193085013,AWAY_FROM_REFERENCE,0.021052631578947368,MINOR,1,230,,,e5ad0a4be624eb91540aca24aba4ce0a83d464203a1b55945c1823c3529bed1f,0.16238251744046134,0.06940703346397725,0.5859375,0,True,946
SB3517,Myringitis,cochlear-mechanical and auditory-neural transduction structure,"localized inflammatory activation with cellular infiltration, vascular change, and tissue-function perturbation",remaining_5256,7e01c3918feba4497917c1d46bd70de540ce2210b16d70d34f9d9f958ad934f2,276,72,3,10,79,13,0.12085858610590339,0.13558992102221323,0.014731334916309846,0.014731334916309846,AWAY_FROM_REFERENCE,0.036231884057971016,MINOR,1,230,,,d8ace48f36a958faebd1c3f15b1cd76b6a92d2502c9b439bd622eaa7ec71f344,0.1623058573471284,0.07788824066722977,0.546875,-7,True,947
SB3867,Otitis,cochlear-mechanical and auditory-neural transduction structure,"localized inflammatory activation with cellular infiltration, vascular change, and tissue-function perturbation",remaining_5256,7e01c3918feba4497917c1d46bd70de540ce2210b16d70d34f9d9f958ad934f2,276,72,3,10,79,13,0.12085858610590339,0.13558992102221323,0.014731334916309846,0.014731334916309846,AWAY_FROM_REFERENCE,0.036231884057971016,MINOR,1,230,,,9ef3f21437780ec1b4eee0cfb23918589305732ba887501bbd4afe3a1281c9a0,0.1623058573471284,0.07788824066722977,0.546875,-7,True,948
SB3868,Otitis externa,cochlear-mechanical and auditory-neural transduction structure,"localized inflammatory activation with cellular infiltration, vascular change, and tissue-function perturbation",remaining_5256,7e01c3918feba4497917c1d46bd70de540ce2210b16d70d34f9d9f958ad934f2,276,72,3,10,79,13,0.12085858610590339,0.13558992102221323,0.014731334916309846,0.014731334916309846,AWAY_FROM_REFERENCE,0.036231884057971016,MINOR,1,230,,,5240ce6e18a4dd740b408f39b0a98fd96e258fa9d5bbe9c9867d125e5a5cf414,0.1623058573471284,0.07788824066722977,0.546875,-7,True,949
SB3869,Otitis media,cochlear-mechanical and auditory-neural transduction structure,"localized inflammatory activation with cellular infiltration, vascular change, and tissue-function perturbation",remaining_5256,7e01c3918feba4497917c1d46bd70de540ce2210b16d70d34f9d9f958ad934f2,276,72,3,10,79,13,0.12085858610590339,0.13558992102221323,0.014731334916309846,0.014731334916309846,AWAY_FROM_REFERENCE,0.036231884057971016,MINOR,1,230,,,91d42ebfd38a1f42c6585548e986d5c77bce6d92ff5d9040b2df7dde2068ed09,0.1623058573471284,0.07788824066722977,0.546875,-7,True,950
SB3870,Otitis media acute,cochlear-mechanical and auditory-neural transduction structure,"localized inflammatory activation with cellular infiltration, vascular change, and tissue-function perturbation",remaining_5256,7e01c3918feba4497917c1d46bd70de540ce2210b16d70d34f9d9f958ad934f2,276,72,3,10,79,13,0.12085858610590339,0.13558992102221323,0.014731334916309846,0.014731334916309846,AWAY_FROM_REFERENCE,0.036231884057971016,MINOR,1,230,,,1c2b80b6e49a01ecb43d44ba023dc38c3590422dfea897f67d9357151f9731dd,0.1623058573471284,0.07788824066722977,0.546875,-7,True,951
SB3871,Otitis media chronic,cochlear-mechanical and auditory-neural transduction structure,"localized inflammatory activation with cellular infiltration, vascular change, and tissue-function perturbation",remaining_5256,7e01c3918feba4497917c1d46bd70de540ce2210b16d70d34f9d9f958ad934f2,276,72,3,10,79,13,0.12085858610590339,0.13558992102221323,0.014731334916309846,0.014731334916309846,AWAY_FROM_REFERENCE,0.036231884057971016,MINOR,1,230,,,515e1a00d7a4dced295fe25a51da7b5cc077344a01f521ad32d86936d41f1bab,0.1623058573471284,0.07788824066722977,0.546875,-7,True,952
SB3872,Otitis media serous,cochlear-mechanical and auditory-neural transduction structure,"localized inflammatory activation with cellular infiltration, vascular change, and tissue-function perturbation",remaining_5256,7e01c3918feba4497917c1d46bd70de540ce2210b16d70d34f9d9f958ad934f2,276,72,3,10,79,13,0.12085858610590339,0.13558992102221323,0.014731334916309846,0.014731334916309846,AWAY_FROM_REFERENCE,0.036231884057971016,MINOR,1,230,,,a129d51144b5860cc7c5d26a72177d55929e4ec787c7efde9449db3634195b79,0.1623058573471284,0.07788824066722977,0.546875,-7,True,953
SB3874,Otosalpingitis,cochlear-mechanical and auditory-neural transduction structure,"localized inflammatory activation with cellular infiltration, vascular change, and tissue-function perturbation",remaining_5256,7e01c3918feba4497917c1d46bd70de540ce2210b16d70d34f9d9f958ad934f2,276,72,3,10,79,13,0.12085858610590339,0.13558992102221323,0.014731334916309846,0.014731334916309846,AWAY_FROM_REFERENCE,0.036231884057971016,MINOR,1,230,,,ba34774be351c347dbb9a69afe6aa974b39967ea13238ea50f9ebbc90465a320,0.1623058573471284,0.07788824066722977,0.546875,-7,True,954
SB4000,Parotitis,cochlear-mechanical and auditory-neural transduction structure,"localized inflammatory activation with cellular infiltration, vascular change, and tissue-function perturbation",remaining_5256,7e01c3918feba4497917c1d46bd70de540ce2210b16d70d34f9d9f958ad934f2,276,72,3,10,79,13,0.12085858610590339,0.13558992102221323,0.014731334916309846,0.014731334916309846,AWAY_FROM_REFERENCE,0.036231884057971016,MINOR,1,230,,,ab182942f3766a9d79af56792517fe7be6ae217c57e15a8bc20ca814bce6fefc,0.1623058573471284,0.07788824066722977,0.546875,-7,True,955
SB1850,Epididymitis,"male gonadal, ductal, accessory-gland, and reproductive-output structure","localized inflammatory activation with cellular infiltration, vascular change, and tissue-function perturbation",remaining_5256,4009e01882ebc33d444c8aa06526124c7cb3020bf46a3e0408ac805aa6bc3da5,190,79,6,7,80,13,0.12879084321640233,0.13917807824679485,0.010387235030392516,0.010387235030392516,AWAY_FROM_REFERENCE,0.03684210526315789,MINOR,1,223,,,d3385348a8d513885a38a015620189225b9cc126e90ddeb7423aa3b70b2df016,0.16227906251980795,0.08300038112171704,0.5234375,-1,True,956
SB1851,Epididymo-orchitis,"male gonadal, ductal, accessory-gland, and reproductive-output structure","localized inflammatory activation with cellular infiltration, vascular change, and tissue-function perturbation",remaining_5256,4009e01882ebc33d444c8aa06526124c7cb3020bf46a3e0408ac805aa6bc3da5,190,79,6,7,80,13,0.12879084321640233,0.13917807824679485,0.010387235030392516,0.010387235030392516,AWAY_FROM_REFERENCE,0.03684210526315789,MINOR,1,223,,,2c2c0a8371243d623f96e042ba4670fe6f9b1ca0b49569bb1d3bd9c6ac7dd051,0.16227906251980795,0.08300038112171704,0.5234375,-1,True,957
SB3816,Orchitis,"male gonadal, ductal, accessory-gland, and reproductive-output structure","localized inflammatory activation with cellular infiltration, vascular change, and tissue-function perturbation",remaining_5256,4009e01882ebc33d444c8aa06526124c7cb3020bf46a3e0408ac805aa6bc3da5,190,79,6,7,80,13,0.12879084321640233,0.13917807824679485,0.010387235030392516,0.010387235030392516,AWAY_FROM_REFERENCE,0.03684210526315789,MINOR,1,223,,,a79072b2d0cbf0f4a9d9cfbe89a3fb3023d12a5a022f8a5a41fe361ef2411f7e,0.16227906251980795,0.08300038112171704,0.5234375,-1,True,958
SB3817,Orchitis noninfective,"male gonadal, ductal, accessory-gland, and reproductive-output structure","localized inflammatory activation with cellular infiltration, vascular change, and tissue-function perturbation",remaining_5256,4009e01882ebc33d444c8aa06526124c7cb3020bf46a3e0408ac805aa6bc3da5,190,79,6,7,80,13,0.12879084321640233,0.13917807824679485,0.010387235030392516,0.010387235030392516,AWAY_FROM_REFERENCE,0.03684210526315789,MINOR,1,223,,,92e1021b70df987a1ac553bf3ddda35b5bf3ea93d4dd12a80ec656b93ce2a0d5,0.16227906251980795,0.08300038112171704,0.5234375,-1,True,959
SB4372,Prostatitis,"male gonadal, ductal, accessory-gland, and reproductive-output structure","localized inflammatory activation with cellular infiltration, vascular change, and tissue-function perturbation",remaining_5256,4009e01882ebc33d444c8aa06526124c7cb3020bf46a3e0408ac805aa6bc3da5,190,79,6,7,80,13,0.12879084321640233,0.13917807824679485,0.010387235030392516,0.010387235030392516,AWAY_FROM_REFERENCE,0.03684210526315789,MINOR,1,223,,,bf8113eb42c2b049a6a7ca039c191b0a11c6401a633762d264f071eaece24739,0.16227906251980795,0.08300038112171704,0.5234375,-1,True,960
SB1072,Change of bowel habit,"intestinal mucosal barrier, smooth-muscle motility, and luminal transport structure","altered configuration or regulated output of the named structure, expressed as the state described by change of bowel habit",remaining_5256,1c2b7df5aa3099e18e3e109461ec92f69f2d24bc8ed3f5475a9c107a9f86bf61,276,75,7,15,83,22,0.1117985149281453,0.12456216001603959,0.012763645087894293,0.012763645087894293,AWAY_FROM_REFERENCE,0.05434782608695652,MINOR,1,231,,,391f54b5055818939116522e12201ae1b9c04c9f40770c20ed27c92c9e830a1a,0.16222717096397946,0.07436240361460911,0.5625,-8,True,961
SB0417,Application site pigmentation changes,melanocyte melanin-production and epidermal-pigment structure,"altered configuration or regulated output of the named structure, expressed as the state described by application site pigmentation changes",established_478,bb1901a2e055258d8abbcbeef6141dd6f3dce5b892f6a6c5b0ca5de2e7272608,351,84,3,8,89,11,0.10498051697214761,0.1141412960976621,0.009160779125514495,0.009160779125514495,AWAY_FROM_REFERENCE,0.022792022792022793,MINOR,1,230,,,c0b3218d3357558a67472b5d7d07e6953440648bc6f23d9d0338bc4a3e857055,0.16220949376436955,0.06919602898093846,0.5859375,-5,True,962
SB0006,Abasia,lower-limb gait motor-control structure,failure or instability of coordinated lower-limb gait motor output,established_478,d09cd0b629c2b02dc8471bfe901f37d6e6fee9e739ef8697f9a59df604f4b449,171,87,5,3,85,8,0.24720928056398772,0.24426408639453068,-0.002945194169457044,0.002945194169457044,TOWARD_REFERENCE,0.017543859649122806,MINOR,1,230,,,20b8169c64100dbaeb59a0f996cf402a8e132a3689907a932c2df7b48668a197,0.16218473543435702,0.06573595784677688,0.6015625,2,True,963
SB3001,Keratitis,corneal epithelial-stromal optical and barrier structure,"localized inflammatory activation with cellular infiltration, vascular change, and tissue-function perturbation",remaining_5256,fdf51710675d50dd150875e8aef897cbb2d3ded7ad1efb1be27cc604f6825eb3,190,94,2,2,94,4,0.16976193523429395,0.18536785770199815,0.015605922467704203,0.015605922467704203,AWAY_FROM_REFERENCE,0.010526315789473684,MINOR,1,230,,,c0279eb4cd13b04bdc55e2f8ea5e25ed9122182e631e761ef0707044414f4633,0.16218353095089338,0.07430918408645537,0.5625,0,True,964
SB3002,Keratitis sicca,corneal epithelial-stromal optical and barrier structure,"localized inflammatory activation with cellular infiltration, vascular change, and tissue-function perturbation",remaining_5256,fdf51710675d50dd150875e8aef897cbb2d3ded7ad1efb1be27cc604f6825eb3,190,94,2,2,94,4,0.16976193523429395,0.18536785770199815,0.015605922467704203,0.015605922467704203,AWAY_FROM_REFERENCE,0.010526315789473684,MINOR,1,230,,,2b73e1c34c67840fb4e9ebe9faddbe17e5b89f49c4d2fc371e4a5f04f8683ca7,0.16218353095089338,0.07430918408645537,0.5625,0,True,965
SB4460,Punctate keratitis,corneal epithelial-stromal optical and barrier structure,"localized inflammatory activation with cellular infiltration, vascular change, and tissue-function perturbation",remaining_5256,fdf51710675d50dd150875e8aef897cbb2d3ded7ad1efb1be27cc604f6825eb3,190,94,2,2,94,4,0.16976193523429395,0.18536785770199815,0.015605922467704203,0.015605922467704203,AWAY_FROM_REFERENCE,0.010526315789473684,MINOR,1,230,,,cb07e347213bb6a2d5c1084c406f80de482ab79e3ec8d7aa91bdad8b8a947bfc,0.16218353095089338,0.07430918408645537,0.5625,0,True,966
SB5373,Ulcerative keratitis,corneal epithelial-stromal optical and barrier structure,"localized inflammatory activation with cellular infiltration, vascular change, and tissue-function perturbation",remaining_5256,fdf51710675d50dd150875e8aef897cbb2d3ded7ad1efb1be27cc604f6825eb3,190,94,2,2,94,4,0.16976193523429395,0.18536785770199815,0.015605922467704203,0.015605922467704203,AWAY_FROM_REFERENCE,0.010526315789473684,MINOR,1,230,,,5defff6107717001c61d325645d8f88ada8770413b154f720b34d1e3f5e4a594,0.16218353095089338,0.07430918408645537,0.5625,0,True,967
SB0411,Application site inflammation,local cutaneous inflammatory and microvascular structure,"localized or systemic inflammatory activation with altered barrier, vascular, and cellular organization",established_478,dc9e09dbb8d195926b194761d762efe52a8bbc17e3b683f850c8a2d07f8baa72,171,87,3,7,91,10,0.21064887920451103,0.21595723555985358,0.005308356355342547,0.005308356355342547,AWAY_FROM_REFERENCE,0.04093567251461988,MINOR,1,231,,,429e7d8a7b40a82a6aefe46dfee8804672dd981737d2147230716da7b373b79b,0.16217945664969724,0.06401458128011861,0.609375,-4,True,968
SB3997,Parotid gland enlargement,salivary-gland secretory and ductal-delivery structure,increase in tissue mass or cellular content beyond the reference configuration,remaining_5256,ee823ba5839ceeb4fd835b8748ee0388d4fddba914be65b04b4cfadfa6c760ce,120,68,5,5,68,10,0.19800350604605488,0.19782283186005323,-0.0001806741860016503,0.0001806741860016503,TOWARD_REFERENCE,0.041666666666666664,MINOR,1,231,,,bde51795a5ce6d47d14054b65b671e4527b81fcccb091c04519967f700e4345e,0.16210826356274893,0.07936221166188895,0.5390625,0,True,969
SB0058,Abrasion NOS,epidermal-dermal mechanical barrier integrity structure,superficial epithelial-surface tissue loss with reduced barrier continuity,established_478,aafc1d1a54c70a8593fb69a9e50c5a90b4fe04c22930645ad60b9e6f7db2a366,36,21,2,1,20,3,0.17993326626855144,0.18681999651690118,0.006886730248349737,0.006886730248349737,AWAY_FROM_REFERENCE,0.027777777777777776,MINOR,1,231,,,067253abfc47a7d95824c5ab9d6a2ca75c7f5df11b1b00ac625e2e25dc2cea56,0.16210665874602093,0.07764531554392795,0.546875,1,True,970
SB2734,Ileus,"intestinal mucosal barrier, smooth-muscle motility, and luminal transport structure","altered configuration or regulated output of the named structure, expressed as the state described by ileus",remaining_5256,0840c5c24e98958c1dc415b99e52dd8f5f3ec9bcab9adc209c162686e641f784,276,97,4,12,105,16,0.11926953837211329,0.1327012135958726,0.01343167522375932,0.01343167522375932,AWAY_FROM_REFERENCE,0.043478260869565216,MINOR,1,231,,,b0de0f5cfefb44f217920b08497437081176cfa2f56345e0b8f200475e1c0605,0.1620390266683625,0.0809927154492226,0.53125,-8,True,971
SB4296,Postoperative ileus,"intestinal mucosal barrier, smooth-muscle motility, and luminal transport structure","altered configuration or regulated output of the named structure, expressed as the state described by ileus",remaining_5256,0840c5c24e98958c1dc415b99e52dd8f5f3ec9bcab9adc209c162686e641f784,276,97,4,12,105,16,0.11926953837211329,0.1327012135958726,0.01343167522375932,0.01343167522375932,AWAY_FROM_REFERENCE,0.043478260869565216,MINOR,1,231,,,1e0fe2aec69fab03b32e10b0cbe42553a637a046479b27c65f281725567ff485,0.1620390266683625,0.0809927154492226,0.53125,-8,True,972
SB0932,Carbohydrate craving,"glucose-carbohydrate digestion, transport, insulin-response, and storage structure",excess motivational salience directed toward acquisition or intake of a specific substance or behavior,remaining_5256,76e1d645bf9c8eadee863f9a0c21e0ce9a30659b61e5aab858e86578dc4ec2c5,28,13,0,1,14,1,0.13292289515744127,0.13851101038750135,0.005588115230060087,0.005588115230060087,AWAY_FROM_REFERENCE,0.03571428571428571,MINOR,1,223,,,78f952fd172ee7e1938d6f52deffee2fa2ddd9862289347bf041d43530dad6a2,0.16199207186340434,0.08265039251634676,0.5234375,-1,True,973
SB0091,Acquired keratoderma,epidermal keratinization and barrier structure,excess keratinized epithelial production causing thickened surface architecture,established_478,d614088398a7efdbd0bf5c8775083644db9c160da54af2b01734d47e5dda8eeb,171,58,1,8,65,9,0.15995515565256202,0.17650024706577594,0.01654509141321392,0.01654509141321392,AWAY_FROM_REFERENCE,0.04678362573099415,MINOR,1,223,,,c545193752dc9635f221814352d64720441ae6476bb9ca47e714c7091905cb83,0.16196593468698975,0.07232888376462165,0.5703125,-7,True,974
SB4105,Persistent vomiting,"implanted-device, catheter, or prosthesis tissue-interface structure",reverse upper-gastrointestinal propulsion with expulsion of gastric contents,remaining_5256,1ee69e57cd5ea1a0322883be82682c072d85e6e906f830050577a2fe63544e8b,1431,581,34,53,600,87,0.16076617801495408,0.16620738080841768,0.0054412027934636065,0.0054412027934636065,AWAY_FROM_REFERENCE,0.037037037037037035,MINOR,1,223,,,96735f1958cfd6937ab5acdf6d8985c1eef4042312916443733371e621c6216b,0.16193046821098422,0.06885575391583443,0.5859375,-19,True,975
SB2923,Intestinal infarction,"intestinal mucosal barrier, smooth-muscle motility, and luminal transport structure",sustained perfusion failure with loss of local tissue viability,remaining_5256,dc1179f0fbc49ab8e1ad6dc5a17cec19b894b54819200e30e69f5edba52c02a7,276,95,6,12,101,18,0.1260949647695827,0.13660305935676564,0.010508094587182937,0.010508094587182937,AWAY_FROM_REFERENCE,0.043478260869565216,MINOR,1,231,,,2008a67760a07b41410e7573f15965bf5282e928379990c66eeda91ed088e519,0.1618787945609066,0.06879273726939827,0.5859375,-6,True,976
SB1837,Eosinophilia,"circulating leukocyte production, distribution, and effector-cell structure","altered configuration or regulated output of the named structure, expressed as the state described by eosinophilia",remaining_5256,a84ca773e7526e8e855d08fa3511485dbae6efe614472f680deed021d2bec234,1830,500,47,81,534,128,0.10325059399465053,0.11353421006667874,0.010283616072028212,0.010283616072028212,AWAY_FROM_REFERENCE,0.04426229508196721,MINOR,1,231,,,01ac8eb210585393d902415912a20fd0a10624fd9bd893a1ac65094e7cd5efd3,0.1618604603308747,0.08077495162301795,0.53125,-34,True,977
SB0861,Bronchoconstriction,bronchial smooth-muscle tone and airway-caliber structure,excess or sustained contractile activation causing abnormal narrowing or mechanical state,remaining_5256,90809580875f0d8e4d4109d006d3f42aefc663b748037c8a09badb5ba2341b20,300,123,9,0,114,9,0.13480525111003483,0.14068282705205704,0.005877575942022206,0.005877575942022206,AWAY_FROM_REFERENCE,0.0,INFORMATIONAL,0,231,,,bb8e1af12e7b1df924d1a03d63a20741b74b09fd14385030dc0273eecb04d623,0.16182921751459992,0.07216215550560967,0.5703125,9,True,978
SB0113,Acute confusional state,cortical attention-arousal integration structure,"altered configuration or regulated output of the named structure, expressed as the state described by confusional state",established_478,9d8bda37853b400a94058d14ba13a2fca727ff1805d8eee3913cba924670888c,66,17,2,2,17,4,0.21307999226974128,0.23103789556644028,0.017957903296698996,0.017957903296698996,AWAY_FROM_REFERENCE,0.030303030303030304,MINOR,1,231,,,b9968ee865743110812f22cef0213f2b5149c84d32beb377e00f82886eba0b90,0.1618081452666637,0.07385139666666307,0.5625,0,True,979
SB0594,Bezoar,"gastric mucosal barrier, secretory state, motility, and emptying structure",solid or semisolid material aggregation within a lumen/cavity with potential flow obstruction,remaining_5256,402ad7e56ce8cc9c9309423c6a3c55d357d74408e4f756bbaecd2f3ac2bb0e96,1653,725,28,20,717,48,0.17927348218089956,0.19373286786142896,0.014459385680529402,0.014459385680529402,AWAY_FROM_REFERENCE,0.012099213551119177,MINOR,1,98,,,c48c7b2081b84168d1a155cf8052f7230a102d1dc3bd4af2dc4c00c3ef0de564,0.16172422314228874,0.08060880871010823,0.53125,8,True,980
SB3502,Myocardial rupture,myocardial cellular viability and tissue-integrity structure,structural continuity failure producing an abnormal opening or separation,remaining_5256,ae8e11b7f4227f313af91d7e2b7c5a7285f281c42a67f1ef73851f1980096a5a,21,9,1,0,8,1,0.16975635624147212,0.17420737662791808,0.0044510203864459585,0.0044510203864459585,AWAY_FROM_REFERENCE,0.0,INFORMATIONAL,0,231,,,a90b2bf5c474cf8043816562d795d80390822da5fe1a1f4ac46b832435f4856a,0.16159884749367487,0.08388578962643278,0.515625,1,True,981
SB3923,Palpable purpura,vascular wall and hemostatic integrity structure,"altered configuration or regulated output of the named structure, expressed as the state described by palpable purpura",remaining_5256,d57c0fe6f53d6709ea8166682d1c2bbbd8466c269388cb62c9687811d3a1821f,325,175,2,11,184,13,0.17714403670032453,0.18795029903478744,0.010806262334462913,0.010806262334462913,AWAY_FROM_REFERENCE,0.033846153846153845,MINOR,1,210,,,125788be920e5382eaca876ace0cab83094c8f0bf82c3e27b3052d244e5a093a,0.16131052122795958,0.0749594771072678,0.5546875,-9,True,982
SB5329,Traumatic lung injury,"pulmonary airway-alveolar, pleural, and gas-exchange structure",externally imposed mechanical/thermal/chemical tissue-integrity disruption,remaining_5256,60237a16ff5f3a16abaa2bb86d1ac0144dca0bc00e4b52c5ed70fe92b3efd76b,36,19,2,1,18,3,0.19156172100412872,0.19963915889352202,0.008077437889393302,0.008077437889393302,AWAY_FROM_REFERENCE,0.027777777777777776,MINOR,1,231,,,1a41eec56181fad9c862b5bb3c9ecd919996ea85648c8bb0d53381edd8449f4f,0.1612778055620409,0.0766345189780987,0.546875,1,True,983
SB2425,Hearing impaired,cochlear-mechanical and auditory-neural transduction structure,reduced ability of the named structure/process to complete its normal regulated operation,remaining_5256,4e7e78eb46f81e794491fa0d490c2e3a104b3c9c6ba471387316cedad02575ac,276,95,2,9,102,11,0.15234219400823346,0.1641769525227228,0.01183475851448934,0.01183475851448934,AWAY_FROM_REFERENCE,0.03260869565217391,MINOR,1,230,,,22654fdc2c116317926b1060bd321596d59dbc6c0a3c78fe2a3f4a19158b8df4,0.16125358303068832,0.06460040613498574,0.6015625,-7,True,984
SB1100,Choking,"oropharyngeal swallowing, laryngeal protection, and upper-esophageal transit structure",failure of protected airway/swallow coordination causing acute upper-airway obstruction or aspiration risk,remaining_5256,c23cda48011c5ef6fa34e26bbe0ae800a25dbba7109d7f9459d3f954fa3ed7b2,10,2,1,0,1,1,0.10761289758457504,0.1232560560750594,0.015643158490484366,0.015643158490484366,AWAY_FROM_REFERENCE,0.0,INFORMATIONAL,0,231,,,a1202da151f2b2f34a39d424fa4d323588f80ddc71517386f9bf8878d3513ccb,0.16119950474538647,0.07139421310412986,0.5703125,1,True,985
SB1101,Choking sensation,"oropharyngeal swallowing, laryngeal protection, and upper-esophageal transit structure",failure of protected airway/swallow coordination causing acute upper-airway obstruction or aspiration risk,remaining_5256,c23cda48011c5ef6fa34e26bbe0ae800a25dbba7109d7f9459d3f954fa3ed7b2,10,2,1,0,1,1,0.10761289758457504,0.1232560560750594,0.015643158490484366,0.015643158490484366,AWAY_FROM_REFERENCE,0.0,INFORMATIONAL,0,231,,,4ce674dd32bd40eb03fd2aea7c4666869a3bababe7ecd29a0931cfd82185c404,0.16119950474538647,0.07139421310412986,0.5703125,1,True,986
SB2216,Gastrointestinal symptom NOS,"intestinal mucosal barrier, smooth-muscle motility, and luminal transport structure",observable sensory or functional output indicating departure from the reference structural state,remaining_5256,58310958cc997cd1c8590a6b4db9f8d2fe97dd4683ae91ee205cbdcb322a649a,276,96,4,12,104,16,0.120957859889545,0.13256668778508862,0.011608827895543627,0.011608827895543627,AWAY_FROM_REFERENCE,0.043478260869565216,MINOR,1,231,,,d62680ee91bfe99b8e05011219a1486eed02393ffd6977431c54d6fccba557e2,0.16112635720276974,0.07816476488142654,0.5390625,-8,True,987
SB5399,Upper gastrointestinal symptoms,"intestinal mucosal barrier, smooth-muscle motility, and luminal transport structure",observable sensory or functional output indicating departure from the reference structural state,remaining_5256,58310958cc997cd1c8590a6b4db9f8d2fe97dd4683ae91ee205cbdcb322a649a,276,96,4,12,104,16,0.120957859889545,0.13256668778508862,0.011608827895543627,0.011608827895543627,AWAY_FROM_REFERENCE,0.043478260869565216,MINOR,1,231,,,ab65922a6f08cce99b6febcdaced180658a2c60744e7bf5d0bcce263528668ac,0.16112635720276974,0.07816476488142654,0.5390625,-8,True,988
SB1712,Ecchymosis,vascular wall and hemostatic integrity structure,"abnormal structural accumulation, degeneration, remodeling, or chronic state within the named structure",remaining_5256,f915c44fccb8792cdc907bb39af7012e9071104143c7d17a30e80c97f2aae850,325,185,3,14,196,17,0.1829158991786498,0.19098476275859244,0.008068863579942631,0.008068863579942631,AWAY_FROM_REFERENCE,0.043076923076923075,MINOR,1,210,,,5fe767483089ef53907a0affac3afcb0a60698d43271c211f900e7f28ef50e18,0.16111628700777803,0.0747226061070464,0.5546875,-11,True,989
SB5503,Vaginal infection,"female reproductive, gestational, placental, and reproductive-output structure",pathogen-associated occupation/invasion with host-defense activation and local structural disruption,remaining_5256,66588f315cd291245e788f6aa06a7c421cea47680e9404bdde1745e9ba36f806,3,1,1,0,0,1,0.11748248745036038,0.12706954662424863,0.009587059173888246,0.009587059173888246,AWAY_FROM_REFERENCE,0.0,INFORMATIONAL,0,38,,,10924ee85fd24676070cc8779e775201b110b2df7f36a1dfbdbcc2b641121ab9,0.1610519642409804,0.0797889807816834,0.53125,1,True,990
SB5509,Vaginal mycosis,"female reproductive, gestational, placental, and reproductive-output structure",pathogen-associated occupation/invasion with host-defense activation and local structural disruption,remaining_5256,66588f315cd291245e788f6aa06a7c421cea47680e9404bdde1745e9ba36f806,3,1,1,0,0,1,0.11748248745036038,0.12706954662424863,0.009587059173888246,0.009587059173888246,AWAY_FROM_REFERENCE,0.0,INFORMATIONAL,0,38,,,d524645705a59e1d8e7e3c87b69b15895c66d74d1d1e21356ca7cc5ad7d33ab3,0.1610519642409804,0.0797889807816834,0.53125,1,True,991
SB5518,Vaginitis bacterial,"female reproductive, gestational, placental, and reproductive-output structure",pathogen-associated occupation/invasion with host-defense activation and local structural disruption,remaining_5256,66588f315cd291245e788f6aa06a7c421cea47680e9404bdde1745e9ba36f806,3,1,1,0,0,1,0.11748248745036038,0.12706954662424863,0.009587059173888246,0.009587059173888246,AWAY_FROM_REFERENCE,0.0,INFORMATIONAL,0,38,,,37a4c7eb66909a4d2cfa28523d9b17f7210b09afec631cc46e25355c1197fc3d,0.1610519642409804,0.0797889807816834,0.53125,1,True,992
SB5659,Vulvovaginal mycotic infection,"female reproductive, gestational, placental, and reproductive-output structure",pathogen-associated occupation/invasion with host-defense activation and local structural disruption,remaining_5256,66588f315cd291245e788f6aa06a7c421cea47680e9404bdde1745e9ba36f806,3,1,1,0,0,1,0.11748248745036038,0.12706954662424863,0.009587059173888246,0.009587059173888246,AWAY_FROM_REFERENCE,0.0,INFORMATIONAL,0,38,,,9eb1e8c3f070afbfab2a02ca5b4f2e203e9f275ea010b8720fcc1eba1f519c04,0.1610519642409804,0.0797889807816834,0.53125,1,True,993
SB2134,Functional gastrointestinal disorder,"intestinal mucosal barrier, smooth-muscle motility, and luminal transport structure",departure from the reference structural configuration or regulated functional range,remaining_5256,757db2181c527304568a12b930eb036bff6cd38f4180880b6115bdf9345dd097,276,90,2,12,100,14,0.1187526621630447,0.13119669317476523,0.012444031011720535,0.012444031011720535,AWAY_FROM_REFERENCE,0.043478260869565216,MINOR,1,231,,,1712a57c7d26ee43fb72817c5ed91583722c8c1a67b1e75220cecbb7e4f29293,0.16101670732016365,0.0780310455123947,0.5390625,-10,True,994
SB2196,Gastrointestinal disorder,"intestinal mucosal barrier, smooth-muscle motility, and luminal transport structure",departure from the reference structural configuration or regulated functional range,remaining_5256,757db2181c527304568a12b930eb036bff6cd38f4180880b6115bdf9345dd097,276,90,2,12,100,14,0.1187526621630447,0.13119669317476523,0.012444031011720535,0.012444031011720535,AWAY_FROM_REFERENCE,0.043478260869565216,MINOR,1,231,,,5f9fe78fb81e6f0bf84f0215b88cb4ce10845fd3502f5989979125960011b424,0.16101670732016365,0.0780310455123947,0.5390625,-10,True,995
SB2206,Gastrointestinal motility disorder,"intestinal mucosal barrier, smooth-muscle motility, and luminal transport structure",departure from the reference structural configuration or regulated functional range,remaining_5256,757db2181c527304568a12b930eb036bff6cd38f4180880b6115bdf9345dd097,276,90,2,12,100,14,0.1187526621630447,0.13119669317476523,0.012444031011720535,0.012444031011720535,AWAY_FROM_REFERENCE,0.043478260869565216,MINOR,1,231,,,c59a74ac156e910e7419914bf59fb443e76cc85ee9812f5ff69ecb2df152b693,0.16101670732016365,0.0780310455123947,0.5390625,-10,True,996
SB2213,Gastrointestinal sounds abnormal,"intestinal mucosal barrier, smooth-muscle motility, and luminal transport structure",departure from the reference structural configuration or regulated functional range,remaining_5256,757db2181c527304568a12b930eb036bff6cd38f4180880b6115bdf9345dd097,276,90,2,12,100,14,0.1187526621630447,0.13119669317476523,0.012444031011720535,0.012444031011720535,AWAY_FROM_REFERENCE,0.043478260869565216,MINOR,1,231,,,6ce96054cf3aa18da8a293404a9c7c576e8eae58792e2ec363de44fbcf613b39,0.16101670732016365,0.0780310455123947,0.5390625,-10,True,997
SB2217,Gastrointestinal toxicity,"intestinal mucosal barrier, smooth-muscle motility, and luminal transport structure",departure from the reference structural configuration or regulated functional range,remaining_5256,757db2181c527304568a12b930eb036bff6cd38f4180880b6115bdf9345dd097,276,90,2,12,100,14,0.1187526621630447,0.13119669317476523,0.012444031011720535,0.012444031011720535,AWAY_FROM_REFERENCE,0.043478260869565216,MINOR,1,231,,,ac491399b4d3445ae65c304b5a9d7f7db9b0a59ac450887315ce9b0458d13740,0.16101670732016365,0.0780310455123947,0.5390625,-10,True,998
SB2920,Intestinal functional disorder,"intestinal mucosal barrier, smooth-muscle motility, and luminal transport structure",departure from the reference structural configuration or regulated functional range,remaining_5256,757db2181c527304568a12b930eb036bff6cd38f4180880b6115bdf9345dd097,276,90,2,12,100,14,0.1187526621630447,0.13119669317476523,0.012444031011720535,0.012444031011720535,AWAY_FROM_REFERENCE,0.043478260869565216,MINOR,1,231,,,4c67495742a95bd2d1f0ba5d4cd742bb4c13bab139f9adff3f31f746c955d2ce,0.16101670732016365,0.0780310455123947,0.5390625,-10,True,999
SB2961,Irritable bowel syndrome,"intestinal mucosal barrier, smooth-muscle motility, and luminal transport structure",departure from the reference structural configuration or regulated functional range,remaining_5256,757db2181c527304568a12b930eb036bff6cd38f4180880b6115bdf9345dd097,276,90,2,12,100,14,0.1187526621630447,0.13119669317476523,0.012444031011720535,0.012444031011720535,AWAY_FROM_REFERENCE,0.043478260869565216,MINOR,1,231,,,d038e37e73cd3a2c11354523693294b61ded8d80ef1a47e3ebbc67064a51c9ae,0.16101670732016365,0.0780310455123947,0.5390625,-10,True,1000
SB0511,Atrioventricular block,cardiac conduction and myocardial rhythm structure,interruption or delay of normal electrical conduction between coupled excitable regions,remaining_5256,3759de852aac49b1d0d2810befbff6be06d22fed2773ccde02ebe87c56beb5c2,21,5,0,1,6,1,0.15814953259238473,0.16860675640747358,0.010457223815088845,0.010457223815088845,AWAY_FROM_REFERENCE,0.047619047619047616,MINOR,1,231,,,39c91115ccfa66f4177a6716c1e06579276c31759605d878814e2fcae251ff5b,0.1608723093443747,0.07614001139557891,0.546875,-1,True,1001
SB0512,Atrioventricular block complete,cardiac conduction and myocardial rhythm structure,interruption or delay of normal electrical conduction between coupled excitable regions,remaining_5256,3759de852aac49b1d0d2810befbff6be06d22fed2773ccde02ebe87c56beb5c2,21,5,0,1,6,1,0.15814953259238473,0.16860675640747358,0.010457223815088845,0.010457223815088845,AWAY_FROM_REFERENCE,0.047619047619047616,MINOR,1,231,,,02d74b1e39bb488decec35c6d5effa28072b94dc95f4c8e97f22b54ad30b144c,0.1608723093443747,0.07614001139557891,0.546875,-1,True,1002
SB0513,Atrioventricular block first degree,cardiac conduction and myocardial rhythm structure,interruption or delay of normal electrical conduction between coupled excitable regions,remaining_5256,3759de852aac49b1d0d2810befbff6be06d22fed2773ccde02ebe87c56beb5c2,21,5,0,1,6,1,0.15814953259238473,0.16860675640747358,0.010457223815088845,0.010457223815088845,AWAY_FROM_REFERENCE,0.047619047619047616,MINOR,1,231,,,e96e0a006d11d37e902266625d0b88d95d7fbfc962e58acc89b48d2eec13a553,0.1608723093443747,0.07614001139557891,0.546875,-1,True,1003
SB0514,Atrioventricular block second degree,cardiac conduction and myocardial rhythm structure,interruption or delay of normal electrical conduction between coupled excitable regions,remaining_5256,3759de852aac49b1d0d2810befbff6be06d22fed2773ccde02ebe87c56beb5c2,21,5,0,1,6,1,0.15814953259238473,0.16860675640747358,0.010457223815088845,0.010457223815088845,AWAY_FROM_REFERENCE,0.047619047619047616,MINOR,1,231,,,29bf0ad24081dac5185937859c5908ab1dc500879f9fb98f3a34259408b2a1e1,0.1608723093443747,0.07614001139557891,0.546875,-1,True,1004
SB0886,Bundle branch block,cardiac conduction and myocardial rhythm structure,interruption or delay of normal electrical conduction between coupled excitable regions,remaining_5256,3759de852aac49b1d0d2810befbff6be06d22fed2773ccde02ebe87c56beb5c2,21,5,0,1,6,1,0.15814953259238473,0.16860675640747358,0.010457223815088845,0.010457223815088845,AWAY_FROM_REFERENCE,0.047619047619047616,MINOR,1,231,,,264fc66e8ca785b192deb41b7a43fe87da0241f08956660d8e0dea6d7a0eac89,0.1608723093443747,0.07614001139557891,0.546875,-1,True,1005
SB0887,Bundle branch block left,cardiac conduction and myocardial rhythm structure,interruption or delay of normal electrical conduction between coupled excitable regions,remaining_5256,3759de852aac49b1d0d2810befbff6be06d22fed2773ccde02ebe87c56beb5c2,21,5,0,1,6,1,0.15814953259238473,0.16860675640747358,0.010457223815088845,0.010457223815088845,AWAY_FROM_REFERENCE,0.047619047619047616,MINOR,1,231,,,ef2cf69acf3035c806da61156a31da4a323fa46304c56b82abe54377d177a2cb,0.1608723093443747,0.07614001139557891,0.546875,-1,True,1006
SB0888,Bundle branch block right,cardiac conduction and myocardial rhythm structure,interruption or delay of normal electrical conduction between coupled excitable regions,remaining_5256,3759de852aac49b1d0d2810befbff6be06d22fed2773ccde02ebe87c56beb5c2,21,5,0,1,6,1,0.15814953259238473,0.16860675640747358,0.010457223815088845,0.010457223815088845,AWAY_FROM_REFERENCE,0.047619047619047616,MINOR,1,231,,,14b30454b8e3ce7511e278ddff6c233c52f121db26292d93016acd9e9c81563f,0.1608723093443747,0.07614001139557891,0.546875,-1,True,1007
SB1248,Conduction disorder,cardiac conduction and myocardial rhythm structure,interruption or delay of normal electrical conduction between coupled excitable regions,remaining_5256,3759de852aac49b1d0d2810befbff6be06d22fed2773ccde02ebe87c56beb5c2,21,5,0,1,6,1,0.15814953259238473,0.16860675640747358,0.010457223815088845,0.010457223815088845,AWAY_FROM_REFERENCE,0.047619047619047616,MINOR,1,231,,,2cbbd1d79327b615a360c11f09ff32ba41209a01857a1aa2d910f74d0eea2a97,0.1608723093443747,0.07614001139557891,0.546875,-1,True,1008
SB3673,Nodal block,cardiac conduction and myocardial rhythm structure,interruption or delay of normal electrical conduction between coupled excitable regions,remaining_5256,3759de852aac49b1d0d2810befbff6be06d22fed2773ccde02ebe87c56beb5c2,21,5,0,1,6,1,0.15814953259238473,0.16860675640747358,0.010457223815088845,0.010457223815088845,AWAY_FROM_REFERENCE,0.047619047619047616,MINOR,1,231,,,d91e2a935f49cde87937fad5ecb26fb2e8c9b1b236fd09c5aea44a30107e23f9,0.1608723093443747,0.07614001139557891,0.546875,-1,True,1009
SB4853,Sinoatrial block,cardiac conduction and myocardial rhythm structure,interruption or delay of normal electrical conduction between coupled excitable regions,remaining_5256,3759de852aac49b1d0d2810befbff6be06d22fed2773ccde02ebe87c56beb5c2,21,5,0,1,6,1,0.15814953259238473,0.16860675640747358,0.010457223815088845,0.010457223815088845,AWAY_FROM_REFERENCE,0.047619047619047616,MINOR,1,231,,,9f593ca402e24e1f2f5e58944f16088caff1e8993f997e793683d0486fecb81b,0.1608723093443747,0.07614001139557891,0.546875,-1,True,1010
SB0064,Acanthosis nigricans,epidermal insulin-growth-factor response structure,epidermal thickening with increased keratinocyte layer depth and altered surface architecture,established_478,c58508b9fccc0aaadc38fefbcaffb6d5d34731ca48ee0e2d0b6da2fc8e3d95b3,6,3,0,1,4,1,0.1664492300575522,0.17702547109230538,0.010576241034753187,0.010576241034753187,AWAY_FROM_REFERENCE,0.16666666666666666,MINOR,1,223,,,0ad124121603f9238fc40880f1f99bd1c479907714eeea92abd3ab6c6d968d5c,0.16082877336181098,0.0709421016607451,0.5703125,-1,True,1011
SB3036,Lacrimal disorder,lacrimal-gland secretion and tear-drainage ocular-surface structure,departure from the reference structural configuration or regulated functional range,remaining_5256,6fc864a7327b80d16733af714107a7cf9705859b4a164a2022196a70aacd43bd,703,295,12,29,312,41,0.16836436611843275,0.179921823135325,0.011557457016892259,0.011557457016892259,AWAY_FROM_REFERENCE,0.041251778093883355,MINOR,1,223,,,2fdadcbe5044d0250fdd872f750cf217c0cb7804ea861d3d54f08affc35b55ac,0.16082824047377386,0.06408169569972422,0.6015625,-17,True,1012
SB3038,Lacrimal gland disorder,lacrimal-gland secretion and tear-drainage ocular-surface structure,departure from the reference structural configuration or regulated functional range,remaining_5256,6fc864a7327b80d16733af714107a7cf9705859b4a164a2022196a70aacd43bd,703,295,12,29,312,41,0.16836436611843275,0.179921823135325,0.011557457016892259,0.011557457016892259,AWAY_FROM_REFERENCE,0.041251778093883355,MINOR,1,223,,,13e0c1c2f89e85a3b2dd8217f5107d78cc7929a9b9350bcd3487fc815547d601,0.16082824047377386,0.06408169569972422,0.6015625,-17,True,1013
SB3039,Lacrimal structural disorder,lacrimal-gland secretion and tear-drainage ocular-surface structure,departure from the reference structural configuration or regulated functional range,remaining_5256,6fc864a7327b80d16733af714107a7cf9705859b4a164a2022196a70aacd43bd,703,295,12,29,312,41,0.16836436611843275,0.179921823135325,0.011557457016892259,0.011557457016892259,AWAY_FROM_REFERENCE,0.041251778093883355,MINOR,1,223,,,ea9fd97f70af65f9f2f09197a3f9c87470b5822dcdc8ce37f8b8e3352369a710,0.16082824047377386,0.06408169569972422,0.6015625,-17,True,1014
SB2288,Glomerulitis,renal glomerular-tubular filtration and fluid-balance structure,"localized inflammatory activation with cellular infiltration, vascular change, and tissue-function perturbation",remaining_5256,ee8f15870f7ed2dd9740d4ff3289c82911646aa86bbc5ca23c1d2303f19fe6e6,91,29,0,1,30,1,0.14109401744735173,0.15349842096847666,0.01240440352112493,0.01240440352112493,AWAY_FROM_REFERENCE,0.01098901098901099,MINOR,1,231,,,5a6163e49d39d25d534a82bad9adb50371d284949a41ae1294d0b5242a994464,0.1607582696653218,0.0794308166650266,0.53125,-1,True,1015
SB2289,Glomerulonephritis,renal glomerular-tubular filtration and fluid-balance structure,"localized inflammatory activation with cellular infiltration, vascular change, and tissue-function perturbation",remaining_5256,ee8f15870f7ed2dd9740d4ff3289c82911646aa86bbc5ca23c1d2303f19fe6e6,91,29,0,1,30,1,0.14109401744735173,0.15349842096847666,0.01240440352112493,0.01240440352112493,AWAY_FROM_REFERENCE,0.01098901098901099,MINOR,1,231,,,66debe0078cc2cb4e0ee38b7ba5f41d7068d340258d52a38fdd6d355ab438ef3,0.1607582696653218,0.0794308166650266,0.53125,-1,True,1016
SB2290,Glomerulonephritis membranoproliferative,renal glomerular-tubular filtration and fluid-balance structure,"localized inflammatory activation with cellular infiltration, vascular change, and tissue-function perturbation",remaining_5256,ee8f15870f7ed2dd9740d4ff3289c82911646aa86bbc5ca23c1d2303f19fe6e6,91,29,0,1,30,1,0.14109401744735173,0.15349842096847666,0.01240440352112493,0.01240440352112493,AWAY_FROM_REFERENCE,0.01098901098901099,MINOR,1,231,,,a3d4ac89fe5061235bc74ca89bf5f30e6058b7f32d5f8fd9c5be1c2e00dc403f,0.1607582696653218,0.0794308166650266,0.53125,-1,True,1017
SB2291,Glomerulonephritis membranous,renal glomerular-tubular filtration and fluid-balance structure,"localized inflammatory activation with cellular infiltration, vascular change, and tissue-function perturbation",remaining_5256,ee8f15870f7ed2dd9740d4ff3289c82911646aa86bbc5ca23c1d2303f19fe6e6,91,29,0,1,30,1,0.14109401744735173,0.15349842096847666,0.01240440352112493,0.01240440352112493,AWAY_FROM_REFERENCE,0.01098901098901099,MINOR,1,231,,,d86a5ec1612a3f5b58879858248e5036be7eaa54b1245c4eb3ebca5894da716c,0.1607582696653218,0.0794308166650266,0.53125,-1,True,1018
SB2292,Glomerulonephritis minimal lesion,renal glomerular-tubular filtration and fluid-balance structure,"localized inflammatory activation with cellular infiltration, vascular change, and tissue-function perturbation",remaining_5256,ee8f15870f7ed2dd9740d4ff3289c82911646aa86bbc5ca23c1d2303f19fe6e6,91,29,0,1,30,1,0.14109401744735173,0.15349842096847666,0.01240440352112493,0.01240440352112493,AWAY_FROM_REFERENCE,0.01098901098901099,MINOR,1,231,,,5d210b7aadc6e221a535ce86de84b744e937a213a8d355cc91d3a54d60935196,0.1607582696653218,0.0794308166650266,0.53125,-1,True,1019
SB2190,Gastroenteritis bacterial,"intestinal mucosal barrier, smooth-muscle motility, and luminal transport structure",pathogen-associated occupation/invasion with host-defense activation and local structural disruption,remaining_5256,6be657cbb5b0e4df4239cda35ffebd2ab8a10110e40653cf3807cf4dd5b7147d,276,75,4,15,86,19,0.11845116070033979,0.13118801654454915,0.01273685584420936,0.01273685584420936,AWAY_FROM_REFERENCE,0.05434782608695652,MINOR,1,231,,,25b987c26d3f6ec9e63411cc09a0fd1231afef5ae81a02503e462841ee3912e2,0.16074918429380866,0.0794197369436691,0.53125,-11,True,1020
SB2199,Gastrointestinal fungal infection,"intestinal mucosal barrier, smooth-muscle motility, and luminal transport structure",pathogen-associated occupation/invasion with host-defense activation and local structural disruption,remaining_5256,6be657cbb5b0e4df4239cda35ffebd2ab8a10110e40653cf3807cf4dd5b7147d,276,75,4,15,86,19,0.11845116070033979,0.13118801654454915,0.01273685584420936,0.01273685584420936,AWAY_FROM_REFERENCE,0.05434782608695652,MINOR,1,231,,,9b2b612777d509de50fbb4ec4bbfa3b61440a1d996af61020f24ff3eeb6770ba,0.16074918429380866,0.0794197369436691,0.53125,-11,True,1021
SB2203,Gastrointestinal infection,"intestinal mucosal barrier, smooth-muscle motility, and luminal transport structure",pathogen-associated occupation/invasion with host-defense activation and local structural disruption,remaining_5256,6be657cbb5b0e4df4239cda35ffebd2ab8a10110e40653cf3807cf4dd5b7147d,276,75,4,15,86,19,0.11845116070033979,0.13118801654454915,0.01273685584420936,0.01273685584420936,AWAY_FROM_REFERENCE,0.05434782608695652,MINOR,1,231,,,de24c47014b1ea733d8e67290079421146246febb11ca5c9ba0e42546096ed25,0.16074918429380866,0.0794197369436691,0.53125,-11,True,1022
SB5605,Viral diarrhoea,"intestinal mucosal barrier, smooth-muscle motility, and luminal transport structure",pathogen-associated occupation/invasion with host-defense activation and local structural disruption,remaining_5256,6be657cbb5b0e4df4239cda35ffebd2ab8a10110e40653cf3807cf4dd5b7147d,276,75,4,15,86,19,0.11845116070033979,0.13118801654454915,0.01273685584420936,0.01273685584420936,AWAY_FROM_REFERENCE,0.05434782608695652,MINOR,1,231,,,6135539da851132420ba889f3685a48049d6ccc88efda4155ee8fb6dc425f540,0.16074918429380866,0.0794197369436691,0.53125,-11,True,1023
SB0184,Advanced breast cancer,"mammary gland ductal-lobular, secretory, and surface structure",loss of normal proliferative/differentiation constraint with clonal tissue expansion and architectural replacement,established_478,a56c3d331f7c29919296167e380186c0304e439500312a8e274904a023fc5dea,231,111,3,10,118,13,0.15223193411295277,0.165821989064167,0.013590054951214237,0.013590054951214237,AWAY_FROM_REFERENCE,0.04329004329004329,MINOR,1,223,,,5375f6ce3990405a2c064ad936134ad08c42e590e5d6e3f832791f7d3fe345ae,0.16067511841232693,0.07932941269795968,0.53125,-7,True,1024
SB0584,Benign breast neoplasm,"mammary gland ductal-lobular, secretory, and surface structure",loss of normal proliferative/differentiation constraint with clonal tissue expansion and architectural replacement,remaining_5256,a56c3d331f7c29919296167e380186c0304e439500312a8e274904a023fc5dea,231,111,3,10,118,13,0.15223193411295277,0.165821989064167,0.013590054951214237,0.013590054951214237,AWAY_FROM_REFERENCE,0.04329004329004329,MINOR,1,223,,,d45e443d549dfbffaa527ea1c08ab2b8e47043bcade74bb4b232a9a4659fbc38,0.16067511841232693,0.07932941269795968,0.53125,-7,True,1025
SB0818,Breast cancer,"mammary gland ductal-lobular, secretory, and surface structure",loss of normal proliferative/differentiation constraint with clonal tissue expansion and architectural replacement,remaining_5256,a56c3d331f7c29919296167e380186c0304e439500312a8e274904a023fc5dea,231,111,3,10,118,13,0.15223193411295277,0.165821989064167,0.013590054951214237,0.013590054951214237,AWAY_FROM_REFERENCE,0.04329004329004329,MINOR,1,223,,,e05519256d8eae7df7a76f866c1090ef362e8efb4e9bda83d31c2c9411901c2e,0.16067511841232693,0.07932941269795968,0.53125,-7,True,1026
SB0819,Breast cancer female,"mammary gland ductal-lobular, secretory, and surface structure",loss of normal proliferative/differentiation constraint with clonal tissue expansion and architectural replacement,remaining_5256,a56c3d331f7c29919296167e380186c0304e439500312a8e274904a023fc5dea,231,111,3,10,118,13,0.15223193411295277,0.165821989064167,0.013590054951214237,0.013590054951214237,AWAY_FROM_REFERENCE,0.04329004329004329,MINOR,1,223,,,499fe6e14c41496c7e77f78a9771e6d3a49535a3ef576f1bb30d113f5e4869b3,0.16067511841232693,0.07932941269795968,0.53125,-7,True,1027
SB0820,Breast cancer invasive NOS,"mammary gland ductal-lobular, secretory, and surface structure",loss of normal proliferative/differentiation constraint with clonal tissue expansion and architectural replacement,remaining_5256,a56c3d331f7c29919296167e380186c0304e439500312a8e274904a023fc5dea,231,111,3,10,118,13,0.15223193411295277,0.165821989064167,0.013590054951214237,0.013590054951214237,AWAY_FROM_REFERENCE,0.04329004329004329,MINOR,1,223,,,e036535f3016cf2f7e422cac9edb2b21bf8d9652dad279755d1ecfb5702d530b,0.16067511841232693,0.07932941269795968,0.53125,-7,True,1028
SB0821,Breast cancer male,"mammary gland ductal-lobular, secretory, and surface structure",loss of normal proliferative/differentiation constraint with clonal tissue expansion and architectural replacement,remaining_5256,a56c3d331f7c29919296167e380186c0304e439500312a8e274904a023fc5dea,231,111,3,10,118,13,0.15223193411295277,0.165821989064167,0.013590054951214237,0.013590054951214237,AWAY_FROM_REFERENCE,0.04329004329004329,MINOR,1,223,,,5770c04709888d740ed408fcab1a96169277f15688bea080b2116aef3bc28313,0.16067511841232693,0.07932941269795968,0.53125,-7,True,1029
SB0822,Breast cancer stage IV,"mammary gland ductal-lobular, secretory, and surface structure",loss of normal proliferative/differentiation constraint with clonal tissue expansion and architectural replacement,remaining_5256,a56c3d331f7c29919296167e380186c0304e439500312a8e274904a023fc5dea,231,111,3,10,118,13,0.15223193411295277,0.165821989064167,0.013590054951214237,0.013590054951214237,AWAY_FROM_REFERENCE,0.04329004329004329,MINOR,1,223,,,84d53b88b1167b32f592bca36a9d7ab9e4dfe45216f55a93622f5fd19da5f6b5,0.16067511841232693,0.07932941269795968,0.53125,-7,True,1030
SB0836,Breast neoplasm,"mammary gland ductal-lobular, secretory, and surface structure",loss of normal proliferative/differentiation constraint with clonal tissue expansion and architectural replacement,remaining_5256,a56c3d331f7c29919296167e380186c0304e439500312a8e274904a023fc5dea,231,111,3,10,118,13,0.15223193411295277,0.165821989064167,0.013590054951214237,0.013590054951214237,AWAY_FROM_REFERENCE,0.04329004329004329,MINOR,1,223,,,92d4d5096483e4f70e18d12ae644fa57d2d84276b144335eb9786614ed54e671,0.16067511841232693,0.07932941269795968,0.53125,-7,True,1031
SB0837,Breast neoplasm NOS male,"mammary gland ductal-lobular, secretory, and surface structure",loss of normal proliferative/differentiation constraint with clonal tissue expansion and architectural replacement,remaining_5256,a56c3d331f7c29919296167e380186c0304e439500312a8e274904a023fc5dea,231,111,3,10,118,13,0.15223193411295277,0.165821989064167,0.013590054951214237,0.013590054951214237,AWAY_FROM_REFERENCE,0.04329004329004329,MINOR,1,223,,,e0b3178b06989a5f9cb008589c0a617ef7c17e908463e4491a1bec052a913b97,0.16067511841232693,0.07932941269795968,0.53125,-7,True,1032
SB0838,Breast neoplasm benign female,"mammary gland ductal-lobular, secretory, and surface structure",loss of normal proliferative/differentiation constraint with clonal tissue expansion and architectural replacement,remaining_5256,a56c3d331f7c29919296167e380186c0304e439500312a8e274904a023fc5dea,231,111,3,10,118,13,0.15223193411295277,0.165821989064167,0.013590054951214237,0.013590054951214237,AWAY_FROM_REFERENCE,0.04329004329004329,MINOR,1,223,,,a9507445a315412ceca82746fd26db727a28acc4460cb80fe0db59af3c429586,0.16067511841232693,0.07932941269795968,0.53125,-7,True,1033
SB0940,Carcinoma breast,"mammary gland ductal-lobular, secretory, and surface structure",loss of normal proliferative/differentiation constraint with clonal tissue expansion and architectural replacement,remaining_5256,a56c3d331f7c29919296167e380186c0304e439500312a8e274904a023fc5dea,231,111,3,10,118,13,0.15223193411295277,0.165821989064167,0.013590054951214237,0.013590054951214237,AWAY_FROM_REFERENCE,0.04329004329004329,MINOR,1,223,,,24756a80a0c12ce365987d8465e2e0e54ce21e00c7be6e4ec78a55345f2d587e,0.16067511841232693,0.07932941269795968,0.53125,-7,True,1034
SB1992,Faecal occult blood positive,"intestinal mucosal barrier, smooth-muscle motility, and luminal transport structure",detectable presence of the measured target where the reference state is absent or lower,remaining_5256,d66dd724b71fdcc4d1b8bda98f0da2232522b40e99aaa998a264b54d7b46f6be,276,94,3,10,101,13,0.12432527573333763,0.13749941183249126,0.013174136099153633,0.013174136099153633,AWAY_FROM_REFERENCE,0.036231884057971016,MINOR,1,231,,,33f087c13fd5fe2a82c8323706a2b576fc023fdbb9be3a9e5ac887895c44bb34,0.16051529569055958,0.07398968986653609,0.5546875,-7,True,1035
SB4016,Pelvi-ureteric obstruction,"ureteric lumen, peristaltic, and urine-transfer structure",partial or complete luminal/pathway blockage with impaired transit or flow,remaining_5256,2c794c5b8e8664af9978037b3217b35540e5302d375affe2170f22c439e9bf03,21,17,1,0,16,1,0.225963277020229,0.2401103679307699,0.014147090910540894,0.014147090910540894,AWAY_FROM_REFERENCE,0.0,INFORMATIONAL,0,198,,,e8012c7fe5a7b1ce9aa2339c401e540f5e2ae2350b2a301eda15ee147ec5c738,0.16050300646274251,0.07225976397895428,0.5625,1,True,1036
SB5414,Ureteric obstruction,"ureteric lumen, peristaltic, and urine-transfer structure",partial or complete luminal/pathway blockage with impaired transit or flow,remaining_5256,2c794c5b8e8664af9978037b3217b35540e5302d375affe2170f22c439e9bf03,21,17,1,0,16,1,0.225963277020229,0.2401103679307699,0.014147090910540894,0.014147090910540894,AWAY_FROM_REFERENCE,0.0,INFORMATIONAL,0,198,,,350d46cbee4aec12fd3bd1fe2b51ab752a2ad1860ae1699d36c8d9c8acf286a2,0.16050300646274251,0.07225976397895428,0.5625,1,True,1037
SB0122,Acute enterocolitis,intestinal epithelial fluid-transport and enteric-motility structure,"localized inflammatory activation with cellular infiltration, vascular change, and tissue-function perturbation",established_478,909dea428827cd291f4d15c3a54ba46e44747b6c2f4b2248c2d279d5df4956d8,120,43,2,6,47,8,0.12987688436057465,0.1517746705867562,0.021897786226181548,0.021897786226181548,AWAY_FROM_REFERENCE,0.05,MINOR,1,194,230,230,c8702db0c23861a2fab468e69c057183776faf1559f957228194aabe5bf4d680,0.16047901722054225,0.08423508197627105,0.5078125,-4,True,1038
SB0124,Acute gastroenteritis,intestinal epithelial fluid-transport and enteric-motility structure,"localized inflammatory activation with cellular infiltration, vascular change, and tissue-function perturbation",established_478,909dea428827cd291f4d15c3a54ba46e44747b6c2f4b2248c2d279d5df4956d8,120,43,2,6,47,8,0.12987688436057465,0.1517746705867562,0.021897786226181548,0.021897786226181548,AWAY_FROM_REFERENCE,0.05,MINOR,1,194,230,230,eb964c96ed520e8cd18211f35cbe3e1b04c89080b197f1936fcc2721b805609f,0.16047901722054225,0.08423508197627105,0.5078125,-4,True,1039
SB1676,Dyspepsia,"gastric mucosal barrier, secretory state, motility, and emptying structure","abnormal upper-gastrointestinal sensory, motility, and postprandial accommodation state",remaining_5256,dabd2e2cd6d925856fb3fa04fa2b75fc0a6c54e7d2acb487951f090b1dc1ae8d,1653,653,35,38,656,73,0.17271691509714304,0.18355297224193157,0.010836057144788525,0.010836057144788525,AWAY_FROM_REFERENCE,0.022988505747126436,MINOR,1,98,,,428a34168c00090048491e6e5666ebaa3c78bdd918c8d73beef5be549525ccff,0.16034288933586088,0.07720931626324501,0.5390625,-3,True,1040
SB1677,Dyspepsia aggravated,"gastric mucosal barrier, secretory state, motility, and emptying structure","abnormal upper-gastrointestinal sensory, motility, and postprandial accommodation state",remaining_5256,dabd2e2cd6d925856fb3fa04fa2b75fc0a6c54e7d2acb487951f090b1dc1ae8d,1653,653,35,38,656,73,0.17271691509714304,0.18355297224193157,0.010836057144788525,0.010836057144788525,AWAY_FROM_REFERENCE,0.022988505747126436,MINOR,1,98,,,78e4027e9b6e53044e15c93f4dc3281c180c648f17583ff2047f4e1d5515e210,0.16034288933586088,0.07720931626324501,0.5390625,-3,True,1041
SB0569,Balance disorder,vestibular sensory-transduction and balance-control structure,vestibular-sensory mismatch producing unstable spatial-orientation output,remaining_5256,27223a4e3eff8700365d3cab39930448284d51966f09cde42e13ac03f1d9c32d,15,5,0,1,6,1,0.18213579653857825,0.19328739694893748,0.01115160041035923,0.01115160041035923,AWAY_FROM_REFERENCE,0.06666666666666667,MINOR,1,198,,,e0e95a6844ea330a236dc66191601809c7144a46db579a239fec09fe3f919dda,0.1603355404229752,0.07548541514996976,0.546875,-1,True,1042
SB5590,Vertigo,vestibular sensory-transduction and balance-control structure,vestibular-sensory mismatch producing unstable spatial-orientation output,remaining_5256,27223a4e3eff8700365d3cab39930448284d51966f09cde42e13ac03f1d9c32d,15,5,0,1,6,1,0.18213579653857825,0.19328739694893748,0.01115160041035923,0.01115160041035923,AWAY_FROM_REFERENCE,0.06666666666666667,MINOR,1,198,,,5a123282531d907b331f61f4a33fa924025889beb22e5b672064def1d81ba2ed,0.1603355404229752,0.07548541514996976,0.546875,-1,True,1043
SB5591,Vertigo CNS origin,vestibular sensory-transduction and balance-control structure,vestibular-sensory mismatch producing unstable spatial-orientation output,remaining_5256,27223a4e3eff8700365d3cab39930448284d51966f09cde42e13ac03f1d9c32d,15,5,0,1,6,1,0.18213579653857825,0.19328739694893748,0.01115160041035923,0.01115160041035923,AWAY_FROM_REFERENCE,0.06666666666666667,MINOR,1,198,,,7e95c7b4af37393cba9801f0f5ce7cfde343ea7de109efb77de1b22a4e130d27,0.1603355404229752,0.07548541514996976,0.546875,-1,True,1044
SB5592,Vertigo positional,vestibular sensory-transduction and balance-control structure,vestibular-sensory mismatch producing unstable spatial-orientation output,remaining_5256,27223a4e3eff8700365d3cab39930448284d51966f09cde42e13ac03f1d9c32d,15,5,0,1,6,1,0.18213579653857825,0.19328739694893748,0.01115160041035923,0.01115160041035923,AWAY_FROM_REFERENCE,0.06666666666666667,MINOR,1,198,,,b26ceedb2a1d4158f2f32fdb837c37adc38cabc167044ff35b83209544c400f5,0.1603355404229752,0.07548541514996976,0.546875,-1,True,1045
SB0131,Acute interstitial pneumonitis,pulmonary interstitial-alveolar structure,"localized or systemic inflammatory activation with altered barrier, vascular, and cellular organization",established_478,9e6e2b01652a7eaed40e77d858405cbaeb9dde66d4f0c78b46dcb5f030ee1a38,45,22,1,3,24,4,0.20741097559787935,0.20332876467908423,-0.004082210918795126,0.004082210918795126,TOWARD_REFERENCE,0.06666666666666667,MINOR,1,223,,,40d912ee469816d8186cfd12213bbb2e5fda7b694512f3316e59c2e54bf190cd,0.16033186363318547,0.06347635808925056,0.6015625,-2,True,1046
SB4593,Renal haemorrhage,renal glomerular-tubular filtration and fluid-balance structure,vascular or tissue integrity breach with blood extravasation/accumulation,remaining_5256,e34a46729526796ba0128ef762e1a7fe1fcd37078ffdbf16858f36dd6132de71,91,32,4,2,30,6,0.1877974343910105,0.19770635432236205,0.009908919931351567,0.009908919931351567,AWAY_FROM_REFERENCE,0.02197802197802198,MINOR,1,231,,,eeec1aad52c4091ab99b94d44ddf8f541a572162741fb30a823ffd5d0396de44,0.16032092359746203,0.0754675897530025,0.546875,2,True,1047
SB3743,Oesophageal carcinoma,"oesophageal mucosal, peristaltic, and sphincter-control structure",loss of normal proliferative/differentiation constraint with clonal tissue expansion and architectural replacement,remaining_5256,4455b6c6fcc9d3a4988afab5acbe668c57e2721b29f3ce3a095a8fcb9aeefcee,28,9,2,0,7,2,0.12571158579343078,0.13629314991893837,0.010581564125507592,0.010581564125507592,AWAY_FROM_REFERENCE,0.0,INFORMATIONAL,0,231,,,fe09487140da99844f4a0d4512af2805ccc2755ba35a3819b6a87184b5e016c6,0.1602950754443377,0.07372112859065572,0.5546875,2,True,1048
SB3521,Nail abnormality NOS,"nail matrix, plate-production, and periungual structure",measured state within the declared reference range rather than a malformation,remaining_5256,a7947088201e5fcdde17f6175b15ed1674f17d9fcd935e56b8b0637f042205b5,36,10,0,1,11,1,0.15783673931088726,0.16947326967556509,0.011636530364677822,0.011636530364677822,AWAY_FROM_REFERENCE,0.027777777777777776,MINOR,1,230,,,5a4cbda4b12060dd45773dc45815d03015c75ec1ed7742de5caa3618969e9212,0.16023599812177897,0.07707896112412072,0.5390625,-1,True,1049
SB0249,Alveolitis allergic,pulmonary interstitial-alveolar structure,"exaggerated immune-recognition/effector activation causing barrier, vascular, or smooth-muscle perturbation",established_478,c8f28423a8cf0d56fbfcc4c676ba6e22a99242805ad6a52aea50ff72cc67886d,45,20,2,2,20,4,0.19547799382099063,0.19124305933850227,-0.004234934482488351,0.004234934482488351,TOWARD_REFERENCE,0.044444444444444446,MINOR,1,223,,,ddf8f2fd60ccf4dc35561dddffe54440a5a6d761822d72bf9647571ef5d595eb,0.16008646193830747,0.06146214870525302,0.609375,0,True,1050
SB1168,Circumoral paresthesia,peripheral sensory-nerve axonal conduction structure,abnormal sensory perception or sensory-transmission state,remaining_5256,184b1c8d7fe9795dd6f929d10dbd4536ceca77f0fa81b3ad27736aaa3c061918,6,5,1,0,4,1,0.20293161764056933,0.20823902844610087,0.005307410805531543,0.005307410805531543,AWAY_FROM_REFERENCE,0.0,INFORMATIONAL,0,223,,,37ba7e1de2a278fa4f8d59437ec2e8b95ecf7419f21b398baee5b6ffbddc8054,0.15996692431961926,0.06474624917026739,0.59375,1,True,1051
SB2869,Injection site paraesthesia,peripheral sensory-nerve axonal conduction structure,abnormal sensory perception or sensory-transmission state,remaining_5256,184b1c8d7fe9795dd6f929d10dbd4536ceca77f0fa81b3ad27736aaa3c061918,6,5,1,0,4,1,0.20293161764056933,0.20823902844610087,0.005307410805531543,0.005307410805531543,AWAY_FROM_REFERENCE,0.0,INFORMATIONAL,0,223,,,ab93608cb49cb6ba61a127ca35803e76a306db4fa8715d31dcc8de37ab76c023,0.15996692431961926,0.06474624917026739,0.59375,1,True,1052
SB3960,Paraesthesia,peripheral sensory-nerve axonal conduction structure,abnormal sensory perception or sensory-transmission state,remaining_5256,184b1c8d7fe9795dd6f929d10dbd4536ceca77f0fa81b3ad27736aaa3c061918,6,5,1,0,4,1,0.20293161764056933,0.20823902844610087,0.005307410805531543,0.005307410805531543,AWAY_FROM_REFERENCE,0.0,INFORMATIONAL,0,223,,,900cf63eff2a2da4e987b863dbaec76a88f0789fe34593cd031958bd013fda38,0.15996692431961926,0.06474624917026739,0.59375,1,True,1053
SB3961,Paraesthesia NEC,peripheral sensory-nerve axonal conduction structure,abnormal sensory perception or sensory-transmission state,remaining_5256,184b1c8d7fe9795dd6f929d10dbd4536ceca77f0fa81b3ad27736aaa3c061918,6,5,1,0,4,1,0.20293161764056933,0.20823902844610087,0.005307410805531543,0.005307410805531543,AWAY_FROM_REFERENCE,0.0,INFORMATIONAL,0,223,,,ba75b5920d4087ad0c82a104f09a0b6a9599fbb26f640388f73b5f6284839c85,0.15996692431961926,0.06474624917026739,0.59375,1,True,1054
SB3962,Paraesthesia foot,peripheral sensory-nerve axonal conduction structure,abnormal sensory perception or sensory-transmission state,remaining_5256,184b1c8d7fe9795dd6f929d10dbd4536ceca77f0fa81b3ad27736aaa3c061918,6,5,1,0,4,1,0.20293161764056933,0.20823902844610087,0.005307410805531543,0.005307410805531543,AWAY_FROM_REFERENCE,0.0,INFORMATIONAL,0,223,,,92fe43120a8535d2d888797825cee2e54045c35942a3424b76c6ff2369e2848f,0.15996692431961926,0.06474624917026739,0.59375,1,True,1055
SB3963,Paraesthesia hand,peripheral sensory-nerve axonal conduction structure,abnormal sensory perception or sensory-transmission state,remaining_5256,184b1c8d7fe9795dd6f929d10dbd4536ceca77f0fa81b3ad27736aaa3c061918,6,5,1,0,4,1,0.20293161764056933,0.20823902844610087,0.005307410805531543,0.005307410805531543,AWAY_FROM_REFERENCE,0.0,INFORMATIONAL,0,223,,,c99ae419404a3aa71328568ad177385055116cb76e5dabcf4582435ba76cf43c,0.15996692431961926,0.06474624917026739,0.59375,1,True,1056
SB3964,Paraesthesia oral,peripheral sensory-nerve axonal conduction structure,abnormal sensory perception or sensory-transmission state,remaining_5256,184b1c8d7fe9795dd6f929d10dbd4536ceca77f0fa81b3ad27736aaa3c061918,6,5,1,0,4,1,0.20293161764056933,0.20823902844610087,0.005307410805531543,0.005307410805531543,AWAY_FROM_REFERENCE,0.0,INFORMATIONAL,0,223,,,3888025a968d7d77d345239fed6f4dda765ba22a49a917f6a7c5fca4288c62f6,0.15996692431961926,0.06474624917026739,0.59375,1,True,1057
SB3965,Paraesthesia skin,peripheral sensory-nerve axonal conduction structure,abnormal sensory perception or sensory-transmission state,remaining_5256,184b1c8d7fe9795dd6f929d10dbd4536ceca77f0fa81b3ad27736aaa3c061918,6,5,1,0,4,1,0.20293161764056933,0.20823902844610087,0.005307410805531543,0.005307410805531543,AWAY_FROM_REFERENCE,0.0,INFORMATIONAL,0,223,,,5ec8182de291632f9f606fe58e7a41aacef60ba0955c4456d236ec63bd7a270f,0.15996692431961926,0.06474624917026739,0.59375,1,True,1058
SB3983,Paresthesia generalized,peripheral sensory-nerve axonal conduction structure,abnormal sensory perception or sensory-transmission state,remaining_5256,184b1c8d7fe9795dd6f929d10dbd4536ceca77f0fa81b3ad27736aaa3c061918,6,5,1,0,4,1,0.20293161764056933,0.20823902844610087,0.005307410805531543,0.005307410805531543,AWAY_FROM_REFERENCE,0.0,INFORMATIONAL,0,223,,,a61da14616652552781be67be7720d34fc3da70044dbf7508f1df776506dbebf,0.15996692431961926,0.06474624917026739,0.59375,1,True,1059
SB3984,Paresthesia lips,peripheral sensory-nerve axonal conduction structure,abnormal sensory perception or sensory-transmission state,remaining_5256,184b1c8d7fe9795dd6f929d10dbd4536ceca77f0fa81b3ad27736aaa3c061918,6,5,1,0,4,1,0.20293161764056933,0.20823902844610087,0.005307410805531543,0.005307410805531543,AWAY_FROM_REFERENCE,0.0,INFORMATIONAL,0,223,,,04ac5521d5a7a91654acd2e39a0c75e7c9f58303c7c4e6a251c440f94cbd437e,0.15996692431961926,0.06474624917026739,0.59375,1,True,1060
SB3985,Paresthesia of fingers,peripheral sensory-nerve axonal conduction structure,abnormal sensory perception or sensory-transmission state,remaining_5256,184b1c8d7fe9795dd6f929d10dbd4536ceca77f0fa81b3ad27736aaa3c061918,6,5,1,0,4,1,0.20293161764056933,0.20823902844610087,0.005307410805531543,0.005307410805531543,AWAY_FROM_REFERENCE,0.0,INFORMATIONAL,0,223,,,10c5d2eddad4f9e558014ef8ac8a63ba8b2c0dd31697cff5dce17786358fe05d,0.15996692431961926,0.06474624917026739,0.59375,1,True,1061
SB3986,Paresthesia of limbs,peripheral sensory-nerve axonal conduction structure,abnormal sensory perception or sensory-transmission state,remaining_5256,184b1c8d7fe9795dd6f929d10dbd4536ceca77f0fa81b3ad27736aaa3c061918,6,5,1,0,4,1,0.20293161764056933,0.20823902844610087,0.005307410805531543,0.005307410805531543,AWAY_FROM_REFERENCE,0.0,INFORMATIONAL,0,223,,,e4e27be29af2082cbdc5bf6072e38a6dd1b7b4f256ed666240a794e5c270a458,0.15996692431961926,0.06474624917026739,0.59375,1,True,1062
SB3987,Paresthesia of scalp,peripheral sensory-nerve axonal conduction structure,abnormal sensory perception or sensory-transmission state,remaining_5256,184b1c8d7fe9795dd6f929d10dbd4536ceca77f0fa81b3ad27736aaa3c061918,6,5,1,0,4,1,0.20293161764056933,0.20823902844610087,0.005307410805531543,0.005307410805531543,AWAY_FROM_REFERENCE,0.0,INFORMATIONAL,0,223,,,de50405c777c181efa244b9e7f61bab3c86ed583a81557f8129d6fb7647c740b,0.15996692431961926,0.06474624917026739,0.59375,1,True,1063
SB4064,Perioral paraesthesia,peripheral sensory-nerve axonal conduction structure,abnormal sensory perception or sensory-transmission state,remaining_5256,184b1c8d7fe9795dd6f929d10dbd4536ceca77f0fa81b3ad27736aaa3c061918,6,5,1,0,4,1,0.20293161764056933,0.20823902844610087,0.005307410805531543,0.005307410805531543,AWAY_FROM_REFERENCE,0.0,INFORMATIONAL,0,223,,,2829bd42814118eaada8a3f32a9410c82ae2e094ea4ddfb154b0166a995e3582,0.15996692431961926,0.06474624917026739,0.59375,1,True,1064
SB1768,Electrocardiogram poor R-wave progression,"cardiac conduction, depolarization, repolarization, and rhythm structure",increase in magnitude or spatial extent of an established structural deviation over successive states,remaining_5256,5e1ad6966f04106e0764a7b58a31dadcfea8e5e59cf90f34b77a05e80a9aae05,703,194,9,45,230,54,0.09259425296948576,0.10585719888306389,0.013262945913578128,0.013262945913578128,AWAY_FROM_REFERENCE,0.06401137980085349,MINOR,1,230,,,470ee111d0899d7b363de4f8d154d25d3a040d5b03d5691ef29f56a7aff20cb9,0.1598992559630747,0.08181311702813987,0.515625,-36,True,1065
SB4158,Pituitary apoplexy,hypothalamic-pituitary hormone-control and release structure,"altered configuration or regulated output of the named structure, expressed as the state described by pituitary apoplexy",remaining_5256,14bcf7a7be6165130deaa7d4f2577201504010a85309379d7a6d5206dce6e1fd,741,317,48,17,286,65,0.13313598566298113,0.13354338157393708,0.0004073959109559544,0.0004073959109559544,AWAY_FROM_REFERENCE,0.022941970310391364,MINOR,1,174,,,fa46f8206dbeb89dc510044ff1f33ae802ddc87dc4d9ae3a154770576a9a2646,0.15989182708771107,0.0663696062045257,0.5859375,31,True,1066
SB0429,Application site vesicles,local epidermal-dermal barrier and repair structure,"altered configuration or regulated output of the named structure, expressed as the state described by application site vesicles",established_478,13dda9c74ace4e50737257bf06f8f762a3625b4f4d58aea7700145c93b7fb5e2,28,14,1,1,14,2,0.11877674948420747,0.12679125728648843,0.008014507802280968,0.008014507802280968,AWAY_FROM_REFERENCE,0.03571428571428571,MINOR,1,223,,,b15e1922f501eb4ec736c091b8336616f877d6831610a92bbbc328eff5a147c6,0.15987634491797187,0.08007023770484378,0.5234375,0,True,1067
SB3523,Nail bed tenderness,"nail matrix, plate-production, and periungual structure",increased nociceptive signaling associated with local tissue or neural perturbation,remaining_5256,74555cbe565263c45a7bf98822f8b021dca9e59745c4952d5a9613cb29f0b8db,36,11,1,2,12,3,0.1723261714017158,0.18274416501171087,0.010417993609995069,0.010417993609995069,AWAY_FROM_REFERENCE,0.05555555555555555,MINOR,1,230,,,cf8a07b88958784fb2215aad1390c2960ab93e553ae49a1c35bf453306fde8cc,0.1598076945177395,0.07312676160699938,0.5546875,-1,True,1068
SB3356,Microalbuminuria,renal glomerular-tubular filtration and fluid-balance structure,"abnormal presence, concentration, or excretion of the named material in urine",remaining_5256,919df078093ab0eac03dafd9c860c653e78457586c2200425358b67ee08ebd24,91,30,1,0,29,1,0.17188832397663334,0.18162940990180187,0.009741085925168536,0.009741085925168536,AWAY_FROM_REFERENCE,0.0,INFORMATIONAL,0,231,,,a53b102889c9f09671e4f1bc889b55f781047ea2917b596a8ff50c39f9e61da0,0.1597918772558587,0.07825228933641304,0.53125,1,True,1069
SB4380,Proteinuria,renal glomerular-tubular filtration and fluid-balance structure,"abnormal presence, concentration, or excretion of the named material in urine",remaining_5256,919df078093ab0eac03dafd9c860c653e78457586c2200425358b67ee08ebd24,91,30,1,0,29,1,0.17188832397663334,0.18162940990180187,0.009741085925168536,0.009741085925168536,AWAY_FROM_REFERENCE,0.0,INFORMATIONAL,0,231,,,b89634cc01d8e6763e205552657b342804763fefd6ee8b2b61030fe344f1de2e,0.1597918772558587,0.07825228933641304,0.53125,1,True,1070
SB0320,Ankle fracture,musculoskeletal mechanical-integrity and repair structure,loss of mineralized skeletal continuity under mechanical load,established_478,0e6b40686962103982fb9f63c654d45249d505cba3d15c8631174589df0ca01c,105,50,3,3,50,6,0.20445521366587316,0.2097590287749942,0.005303815109121035,0.005303815109121035,AWAY_FROM_REFERENCE,0.02857142857142857,MINOR,1,231,,,4b931b8a942bd45e247ec6fbdc6e6af96dbede165f107d2503c2aab4103a7537,0.1597505723324477,0.07134216138103378,0.5625,0,True,1071
SB1691,Dysthymic disorder,thymic lymphocyte-development and immune-selection structure,departure from the reference structural configuration or regulated functional range,remaining_5256,520f66c05ddb4115bec228ad96c8d1f1b6f15f8dcfc0cfc17c6e8f1c35eb06f7,36,23,0,1,24,1,0.13857821284383698,0.13976991438273356,0.0011917015388965835,0.0011917015388965835,AWAY_FROM_REFERENCE,0.027777777777777776,MINOR,1,97,,,2ee62152a21e0c28608cea9ad9682e1d7a9b72385dda3776d84f7354bd47524c,0.15965483659465202,0.06436565438372199,0.59375,-1,True,1072
SB0396,Application site discolouration,local epidermal-dermal barrier and repair structure,"altered configuration or regulated output of the named structure, expressed as the state described by application site discolouration",established_478,cbf52c2c05af688a1184da5094810611f431437cf5ace8c99bfdec51cd9021c7,28,12,2,2,12,4,0.12285591137285812,0.13123051922489903,0.008374607852040916,0.008374607852040916,AWAY_FROM_REFERENCE,0.07142857142857142,MINOR,1,223,,,6156ad2cfd047456518f4a0c3066d3f4be187efe7065ef7209647b577a741418,0.15964009695368375,0.07806719140693141,0.53125,0,True,1073
SB2201,Gastrointestinal hypermotility,"intestinal mucosal barrier, smooth-muscle motility, and luminal transport structure","excess magnitude, activity, quantity, or tissue state above the reference configuration",remaining_5256,6d177de4f8e29912fc74fea7f3d68efa5658a95e05f52eab3c2fbd7506f3a64f,276,89,7,12,94,19,0.13485235701261455,0.15043673516184342,0.015584378149228861,0.015584378149228861,AWAY_FROM_REFERENCE,0.043478260869565216,MINOR,1,231,,,cf92aa2fe3ac0c2318212aa264fe057e6686f4e33a993bbfa86de9427d364c9f,0.15952849048772483,0.07621614693624978,0.5390625,-5,True,1074
SB1838,Eosinophilic cystitis,"circulating leukocyte production, distribution, and effector-cell structure","localized inflammatory activation with cellular infiltration, vascular change, and tissue-function perturbation",remaining_5256,1712759bc1a3db091215274f53993c1be5608c9aeb6d7b465f3e5c70b9a95b4a,1830,558,43,81,596,124,0.11811873582457955,0.12566757769658188,0.007548841872002332,0.007548841872002332,AWAY_FROM_REFERENCE,0.04426229508196721,MINOR,1,231,,,6ce605430eacc7c72892fc434042612cbc5c86a79fc2fb146e2a37006e979576,0.15952028053898354,0.07277625675485799,0.5546875,-38,True,1075
SB1804,Endocarditis,endocardial-valvular surface and intracardiac flow-interface structure,"localized inflammatory activation with cellular infiltration, vascular change, and tissue-function perturbation",remaining_5256,8538c1d4383d99bf6c8f1371fe9c967b810769191b381f2564ed005aa1998aaf,78,25,0,3,28,3,0.153802404119034,0.165336061022624,0.011533656903589984,0.011533656903589984,AWAY_FROM_REFERENCE,0.038461538461538464,MINOR,1,231,,,3f5dc15e323314954ea7ededcc89b38aded06f0ef12e155a6fc18b7dd80af2d5,0.15948526713744635,0.07273355748469068,0.5546875,-3,True,1076
SB5060,Subacute endocarditis,endocardial-valvular surface and intracardiac flow-interface structure,"localized inflammatory activation with cellular infiltration, vascular change, and tissue-function perturbation",remaining_5256,8538c1d4383d99bf6c8f1371fe9c967b810769191b381f2564ed005aa1998aaf,78,25,0,3,28,3,0.153802404119034,0.165336061022624,0.011533656903589984,0.011533656903589984,AWAY_FROM_REFERENCE,0.038461538461538464,MINOR,1,231,,,a27b02721b1ca5d01e19a7bae46e72a970acb992230da876ad5ba98be2690b2a,0.15948526713744635,0.07273355748469068,0.5546875,-3,True,1077
SB4161,Pituitary microadenoma,hypothalamic-pituitary hormone-control and release structure,"altered configuration or regulated output of the named structure, expressed as the state described by pituitary microadenoma",remaining_5256,ce4df742228fb88cce0528ab45d157a2fc5c3668cc9904f908a184bf76dbbdd5,741,305,43,20,282,63,0.1280465958408722,0.12911343692542998,0.0010668410845577903,0.0010668410845577903,AWAY_FROM_REFERENCE,0.02699055330634278,MINOR,1,174,,,adb75712d268e6d0c12738f1410996ad9879a8332b6c362fa2da60b21d4bf1c5,0.15947302286178208,0.07271862544119767,0.5546875,23,True,1078
SB0050,Abnormal vision,retinal-optic-cortical visual-signal structure,departure from the reference structural configuration or regulated functional range,established_478,ac8a6094cbe4c3149b318e5feb180f71d5f33803684be7fefc82dbd585fb07f5,120,51,4,5,52,9,0.14835375141542473,0.15227993157391906,0.00392618015849433,0.00392618015849433,AWAY_FROM_REFERENCE,0.041666666666666664,MINOR,1,223,,,8176fb7ef5bfeafdb4307603b41e5e0ff607657d012dbcbcfb247c646fdff568,0.15944707134260155,0.06925709919829459,0.5703125,-1,True,1079
SB0372,Aortic valve incompetence,aortic-valve leaflet coaptation and flow-closure structure,failure of valve closure producing abnormal retrograde flow,established_478,95df40eda08e33f0ac4c9a49d328fc587e8b8c0220b2ca8629ac2a7db9bfd9b4,2278,882,52,45,875,97,0.22906647280899362,0.24130306432458548,0.012236591515591866,0.012236591515591866,AWAY_FROM_REFERENCE,0.019754170324846356,MINOR,1,174,,,bfb7769e1c09b6f593fa1b331fd30c2d00bba33576fb83d62b91ee0d7cce5037,0.1594123558343809,0.06235500711509867,0.6015625,7,True,1080
SB1873,Erosive oesophagitis,"oesophageal mucosal, peristaltic, and sphincter-control structure","localized inflammatory activation with cellular infiltration, vascular change, and tissue-function perturbation",remaining_5256,03178228fc9adc01c13af193586b840d6cd4ab4e74f954882bd38db7cd556a5d,28,10,2,0,8,2,0.12389896841366654,0.13601459877418387,0.012115630360517327,0.012115630360517327,AWAY_FROM_REFERENCE,0.0,INFORMATIONAL,0,231,,,f4395c86024f7c219490a61df7aa7eea4c4d3c80b836c85797c1e71c9b654fd4,0.15937063100293844,0.07602363536943713,0.5390625,2,True,1081
SB2224,Gastrooesophagitis,"oesophageal mucosal, peristaltic, and sphincter-control structure","localized inflammatory activation with cellular infiltration, vascular change, and tissue-function perturbation",remaining_5256,03178228fc9adc01c13af193586b840d6cd4ab4e74f954882bd38db7cd556a5d,28,10,2,0,8,2,0.12389896841366654,0.13601459877418387,0.012115630360517327,0.012115630360517327,AWAY_FROM_REFERENCE,0.0,INFORMATIONAL,0,231,,,f3861628c58c488c392b09eec24b8a480a35107d921828c16733cad566347e02,0.15937063100293844,0.07602363536943713,0.5390625,2,True,1082
SB3759,Oesophagitis,"oesophageal mucosal, peristaltic, and sphincter-control structure","localized inflammatory activation with cellular infiltration, vascular change, and tissue-function perturbation",remaining_5256,03178228fc9adc01c13af193586b840d6cd4ab4e74f954882bd38db7cd556a5d,28,10,2,0,8,2,0.12389896841366654,0.13601459877418387,0.012115630360517327,0.012115630360517327,AWAY_FROM_REFERENCE,0.0,INFORMATIONAL,0,231,,,ec40826030aa60611b7f93873bf1fc57e3a5593c2a9b8bb3cf6a9cdea91c5f77,0.15937063100293844,0.07602363536943713,0.5390625,2,True,1083
SB3760,Oesophagitis ulcerative,"oesophageal mucosal, peristaltic, and sphincter-control structure","localized inflammatory activation with cellular infiltration, vascular change, and tissue-function perturbation",remaining_5256,03178228fc9adc01c13af193586b840d6cd4ab4e74f954882bd38db7cd556a5d,28,10,2,0,8,2,0.12389896841366654,0.13601459877418387,0.012115630360517327,0.012115630360517327,AWAY_FROM_REFERENCE,0.0,INFORMATIONAL,0,231,,,73a6d294e5e804e1ab8087371699b894db0dc1f57f9baa3221baa830632e17ac,0.15937063100293844,0.07602363536943713,0.5390625,2,True,1084
SB4495,Radiation oesophagitis,"oesophageal mucosal, peristaltic, and sphincter-control structure","localized inflammatory activation with cellular infiltration, vascular change, and tissue-function perturbation",remaining_5256,03178228fc9adc01c13af193586b840d6cd4ab4e74f954882bd38db7cd556a5d,28,10,2,0,8,2,0.12389896841366654,0.13601459877418387,0.012115630360517327,0.012115630360517327,AWAY_FROM_REFERENCE,0.0,INFORMATIONAL,0,231,,,13afd315a8b5f42b3c436c98746786796fdf20c3b72db5e2e99ad16b078e000d,0.15937063100293844,0.07602363536943713,0.5390625,2,True,1085
SB4356,Prolactinoma,hypothalamic-pituitary hormone-control and release structure,"altered configuration or regulated output of the named structure, expressed as the state described by prolactinoma",remaining_5256,ebf43c6c1f1f87831d1319fc895e209a486e3fc5b6fbe524a4dd38312d14c751,741,318,44,23,297,67,0.13277936886383868,0.13263723084041545,-0.00014213802342322168,0.00014213802342322168,TOWARD_REFERENCE,0.0310391363022942,MINOR,1,174,,,489acb549ff6ccd2b446ddfc918fb737cbef1146c56ecdd8a1205d6683cdbf63,0.15935950231550777,0.06572042965305824,0.5859375,21,True,1086
SB2210,Gastrointestinal obstruction,"intestinal mucosal barrier, smooth-muscle motility, and luminal transport structure",partial or complete luminal/pathway blockage with impaired transit or flow,remaining_5256,b28608a441ca691cc936ebae9e45d7eeb144cd0bba763a1c0ed7e40d4c601eea,276,82,6,11,87,17,0.13502050727432147,0.14807900355896852,0.013058496284647059,0.013058496284647059,AWAY_FROM_REFERENCE,0.03985507246376811,MINOR,1,231,,,22f73740aa5355bca06dcc12b2917692857cb68282532ebbaa3f27f485cb9976,0.1593514888636316,0.07428535227272148,0.546875,-5,True,1087
SB2927,Intestinal obstruction,"intestinal mucosal barrier, smooth-muscle motility, and luminal transport structure",partial or complete luminal/pathway blockage with impaired transit or flow,remaining_5256,b28608a441ca691cc936ebae9e45d7eeb144cd0bba763a1c0ed7e40d4c601eea,276,82,6,11,87,17,0.13502050727432147,0.14807900355896852,0.013058496284647059,0.013058496284647059,AWAY_FROM_REFERENCE,0.03985507246376811,MINOR,1,231,,,dd6370c9f33aa4d9e53e52dc9d7535cda930c27aa239829bed8fb044ede4ca5a,0.1593514888636316,0.07428535227272148,0.546875,-5,True,1088
SB2929,Intestinal pseudo-obstruction,"intestinal mucosal barrier, smooth-muscle motility, and luminal transport structure",partial or complete luminal/pathway blockage with impaired transit or flow,remaining_5256,b28608a441ca691cc936ebae9e45d7eeb144cd0bba763a1c0ed7e40d4c601eea,276,82,6,11,87,17,0.13502050727432147,0.14807900355896852,0.013058496284647059,0.013058496284647059,AWAY_FROM_REFERENCE,0.03985507246376811,MINOR,1,231,,,92851981c6c749b0ef68f8a22ad589e73b77f28b9199bfc049d4307a8a3bc82a,0.1593514888636316,0.07428535227272148,0.546875,-5,True,1089
SB0423,Application site scar,local epidermal-dermal barrier and repair structure,"altered configuration or regulated output of the named structure, expressed as the state described by application site scar",established_478,c1cc4bdf743f18f496c97a97640a1916caa4f0025aee9c18e4b1e9a32aff33d0,28,13,2,1,12,3,0.11969178726008256,0.12701921795802495,0.007327430697942394,0.007327430697942394,AWAY_FROM_REFERENCE,0.03571428571428571,MINOR,1,223,,,c894ea9fae8ba80fc218698ea2c5d956f9aa3ac7d8099f09914eb0fed2f3da14,0.15928606828125885,0.07763544912348641,0.53125,1,True,1090
SB2925,Intestinal mass,"intestinal mucosal barrier, smooth-muscle motility, and luminal transport structure",localized tissue overgrowth or mass formation with altered normal architecture,remaining_5256,d85dec5090d939b29c3754333b66ed3ed0eb994a93e44ef89ca56e0ee2e7a830,276,95,9,14,100,23,0.1205289909839301,0.1320416939986041,0.011512703014673997,0.011512703014673997,AWAY_FROM_REFERENCE,0.050724637681159424,MINOR,1,231,,,b0344057cffc77a2c8b9cd9272bbca6b9dd74d196ad757954d8a856844754277,0.1592522724866594,0.06730460059348709,0.578125,-5,True,1091
SB3522,Nail bed infection,"nail matrix, plate-production, and periungual structure",pathogen-associated occupation/invasion with host-defense activation and local structural disruption,remaining_5256,7e98aa9821d84892bad4b7c791907e46a6e6537264216089575a2a23d896e68e,36,9,0,2,11,2,0.16581013108987053,0.17725657571593068,0.011446444626060148,0.011446444626060148,AWAY_FROM_REFERENCE,0.05555555555555555,MINOR,1,230,,,3b3a1940b73246e6a5e1e8ba701201d692984b086d98cbc8dbeac6b983c72f7a,0.15905677700079068,0.06020643536681791,0.609375,-2,True,1092
SB3530,Nail infection,"nail matrix, plate-production, and periungual structure",pathogen-associated occupation/invasion with host-defense activation and local structural disruption,remaining_5256,7e98aa9821d84892bad4b7c791907e46a6e6537264216089575a2a23d896e68e,36,9,0,2,11,2,0.16581013108987053,0.17725657571593068,0.011446444626060148,0.011446444626060148,AWAY_FROM_REFERENCE,0.05555555555555555,MINOR,1,230,,,7ef0edcb24c3d056ba298c98dd905bc942cc91897d52faedec0fff4f30ae8012,0.15905677700079068,0.06020643536681791,0.609375,-2,True,1093
SB0352,Antinuclear antibody positive,antinuclear autoantibody immune-recognition structure,detectable presence of the measured target where the reference state is absent or lower,established_478,3babd0a2347c77dd45639996dc5f496563c6f5c29b74ef2fe8e7199324ae63d0,45,11,1,3,13,4,0.19619664608130316,0.2094804270579439,0.013283780976640736,0.013283780976640736,AWAY_FROM_REFERENCE,0.06666666666666667,MINOR,1,231,,,e10e12532c12df475d00205ff2141dd3fc62b341dc13987b3eadf4d7214dd00b,0.158920013216996,0.0771890405085317,0.53125,-2,True,1094
SB0046,Abnormal pigmentation,melanocyte melanin-production and epidermal-pigment structure,departure from the reference structural configuration or regulated functional range,established_478,b42e43cb837eacd6f3b4e7544e3d479efcbc682fd75d70d3d694913e1923b8d4,351,92,1,18,109,19,0.14086835390120256,0.15250276194364998,0.01163440804244742,0.01163440804244742,AWAY_FROM_REFERENCE,0.05128205128205128,MINOR,1,230,,,28546984b72a73269ddb8ccab61bd517489a67727c476ee6a1ec02ec66cd7f5c,0.15886819939977226,0.058261523658258874,0.6171875,-17,True,1095
SB2837,Ingrowing nail,"nail matrix, plate-production, and periungual structure","altered configuration or regulated output of the named structure, expressed as the state described by ingrowing nail",remaining_5256,873f76e6b7bddebe74ca92ed3ddec2808e4ee7d686d877cf965979f0d2b582b3,36,11,3,2,10,5,0.1322167570837406,0.14507215623749514,0.012855399153754554,0.012855399153754554,AWAY_FROM_REFERENCE,0.05555555555555555,MINOR,1,230,,,0ba685bc14143f69e523961ce5480b51ea301a256165704cbd27e049bb53f59c,0.15881860549667062,0.06334586036179346,0.59375,1,True,1096
SB5226,Thrombotic thrombocytopenic purpura,"platelet production, activation, adhesion, and aggregation structure",intraluminal clot formation causing partial or complete flow obstruction,remaining_5256,1e2f048bd0db5f9f670238984ef69e7009147dcf7ab67cd2d957237b7a9cd5aa,15,3,0,1,4,1,0.1452284942409775,0.15616153507506936,0.010933040834091856,0.010933040834091856,AWAY_FROM_REFERENCE,0.06666666666666667,MINOR,1,230,,,cb470b56b0bace54168ae4ed855ed572a7f8e59e96038666d56c467a998e2e84,0.15878327082695423,0.07530734247189541,0.5390625,-1,True,1097
SB3531,Nail longitudinal striations,"nail matrix, plate-production, and periungual structure","altered configuration or regulated output of the named structure, expressed as the state described by nail longitudinal striations",remaining_5256,be380eb2ba599741a38de0138bb17c91065bb1d2a2dac1dad0628a5817e30561,36,8,2,3,9,5,0.12137271463474875,0.13379193609289053,0.012419221458141783,0.012419221458141783,AWAY_FROM_REFERENCE,0.08333333333333333,MINOR,1,230,,,646f11a63102c1b96196e3c5b15b456f964efcb9e644a4733447a82afd255139,0.1587395618949671,0.06839428279874038,0.5703125,-1,True,1098
SB1841,Eosinophiluria,"circulating leukocyte production, distribution, and effector-cell structure","abnormal presence, concentration, or excretion of the named material in urine",remaining_5256,d0eb1270aa50d632f12755a93623e844bd85ff350a483a25b662b65bafc97b7c,1830,678,60,69,687,129,0.1620712441060016,0.16600199402652005,0.00393074992051845,0.00393074992051845,AWAY_FROM_REFERENCE,0.03770491803278689,MINOR,1,231,,,2ebd94a6410c3143d6858439470e18a3658810c86b7f80b12252c826735f1d18,0.15862155075703369,0.06825036677687035,0.5703125,-9,True,1099
SB1098,Chloasma,cutaneous melanocyte-pigment production and distribution structure,"altered configuration or regulated output of the named structure, expressed as the state described by chloasma",remaining_5256,39c6a8501c3e9766394d4313dd165be76026337646acaad3853faef8f1e6e908,28,13,1,5,17,6,0.14025495272660382,0.1539227062275884,0.013667753500984592,0.013667753500984592,AWAY_FROM_REFERENCE,0.17857142857142858,MINOR,1,223,,,c35750e10bf76f306eab55c193db68034429abe993b8e038db139ae8009b5bd8,0.15857614390223543,0.07333980963687248,0.546875,-4,True,1100
SB0376,Apgar score low,neonatal cardiopulmonary-neuromuscular transition structure,measured or functional quantity shifted below its reference structural range,established_478,ffb79a22ccf8e11b1ca98f9d4c80096527a475127b4bcc4d3a3df7776a902bf3,190,78,11,6,73,17,0.20359886357350543,0.21168317836146344,0.008084314787958014,0.008084314787958014,AWAY_FROM_REFERENCE,0.031578947368421054,MINOR,1,199,,,691e28200095b23ace342cf36910d06bb49b366db82a71662d2507b2ce446052,0.15846054233371426,0.07491377113867592,0.5390625,5,True,1101
SB4448,Pulmonary thrombosis,"pulmonary airway-alveolar, pleural, and gas-exchange structure",intraluminal clot formation causing partial or complete flow obstruction,remaining_5256,81547651069c11eb697b3d49a923ead5a3f4a98d026ed08439b1abf43794ea2d,36,20,1,1,20,2,0.1908612104625238,0.19810952676516158,0.007248316302637781,0.007248316302637781,AWAY_FROM_REFERENCE,0.027777777777777776,MINOR,1,231,,,cd4d817a05d8dd750ff48d196a4589b2ddff3f99c95f2959cb53690202006f16,0.15845751805440222,0.07833996104195395,0.5234375,0,True,1102
SB3533,Nail ridging,"nail matrix, plate-production, and periungual structure","altered configuration or regulated output of the named structure, expressed as the state described by nail ridging",remaining_5256,fb5fe29314fceb7919480c53a5724cae74e2826958aff88f1b1ec15c325e7bfc,36,9,4,5,10,9,0.12026824805652336,0.13223288789644772,0.011964639839924351,0.011964639839924351,AWAY_FROM_REFERENCE,0.1388888888888889,MINOR,1,230,,,a497b7e0580ae9c990f27d841812a75da1cf506ba7aedafffe5c452b8c2465b3,0.15838924850865893,0.06453719330324259,0.5859375,-1,True,1103
SB0450,Arteriosclerosis,arterial-wall lipid-fibrotic remodeling structure,arterial wall thickening/stiffening with lumen remodeling and reduced compliant perfusion,established_478,391bcb95b327dfa5d1e2c263008983df48a57dcad0a2d9555bd6094dd15fe1b8,741,305,15,29,319,44,0.14629454872568126,0.15902357626842845,0.012729027542747184,0.012729027542747184,AWAY_FROM_REFERENCE,0.03913630229419703,MINOR,1,223,,,ed3e12d0febb79003ce387b083289b36c0880137d5e8b07cfcb4a5b541c58b2e,0.1583485100024538,0.07306220732006563,0.546875,-14,True,1104
SB0163,Adenitis,lymph-node inflammatory and immune-cell structure,"localized inflammatory activation with cellular infiltration, vascular change, and tissue-function perturbation",established_478,12043e17637c4b7ae3425086a27745b92f0dbd5721b71f974f925fd5478e8b0e,1128,509,12,36,533,48,0.20570764237565198,0.21659687992365528,0.010889237548003305,0.010889237548003305,AWAY_FROM_REFERENCE,0.031914893617021274,MINOR,1,222,,,57ceec718aad371009f6658220da226ce57d2ea0ab49424a4ca0a94818041a55,0.15825076984852798,0.06779819493722927,0.5703125,-24,True,1105
SB0005,ANA increased,antinuclear autoantibody immune-recognition structure,measured or functional quantity shifted above its reference structural range,established_478,80370ceee86577a9155bd3ff819c052f21fcf7a3c1f3c3ddda82799b2bfc7d84,45,12,3,2,11,5,0.18659277101615257,0.19959136015064405,0.012998589134491478,0.012998589134491478,AWAY_FROM_REFERENCE,0.044444444444444446,MINOR,1,231,,,e156b6e4f62de6b86534e243a35e045409b7f4c11c5de6e31f08fc9ecb0f342c,0.1582032077380144,0.06602525333904197,0.578125,1,True,1106
SB0351,Antinuclear antibody increased,antinuclear autoantibody immune-recognition structure,measured or functional quantity shifted above its reference structural range,established_478,80370ceee86577a9155bd3ff819c052f21fcf7a3c1f3c3ddda82799b2bfc7d84,45,12,3,2,11,5,0.18659277101615257,0.19959136015064405,0.012998589134491478,0.012998589134491478,AWAY_FROM_REFERENCE,0.044444444444444446,MINOR,1,231,,,42a51bc7889f74ed93a1d9ea514b85274bb6ccf544b198958da3ebb568d05f94,0.1582032077380144,0.06602525333904197,0.578125,1,True,1107
SB0347,Anticholinergic syndrome,muscarinic cholinergic signaling structure,departure from the reference structural configuration or regulated functional range,established_478,d10dbdea51743bb100f61951c4ab5050cfbad1c2c7f0ff1f330d616a993ef730,190,111,3,2,110,5,0.2109137649889783,0.23060329359870813,0.019689528609729834,0.019689528609729834,AWAY_FROM_REFERENCE,0.010526315789473684,MINOR,1,231,,,b151bb077ccf6628012a0899213503409725246c13eb5d2d88f0186073126f9b,0.15800257807450707,0.0777851561884233,0.5234375,1,True,1108
SB3589,Neoplasm prostate,"male gonadal, ductal, accessory-gland, and reproductive-output structure",loss of normal proliferative/differentiation constraint with clonal tissue expansion and architectural replacement,remaining_5256,928ca694f8059098bfdf0778ef42c421f895339e4c912c336446e7049dd2a23e,190,105,3,2,104,5,0.15473734863351019,0.16394280612269385,0.009205457489183666,0.009205457489183666,AWAY_FROM_REFERENCE,0.010526315789473684,MINOR,1,223,,,00914512282b8d9c7616d5c5b77bad16310337fed8a809d47c9e1b64592e97af,0.15797032669851319,0.08117570329086976,0.5078125,1,True,1109
SB4359,Prostate cancer,"male gonadal, ductal, accessory-gland, and reproductive-output structure",loss of normal proliferative/differentiation constraint with clonal tissue expansion and architectural replacement,remaining_5256,928ca694f8059098bfdf0778ef42c421f895339e4c912c336446e7049dd2a23e,190,105,3,2,104,5,0.15473734863351019,0.16394280612269385,0.009205457489183666,0.009205457489183666,AWAY_FROM_REFERENCE,0.010526315789473684,MINOR,1,223,,,b42e5d63371b47cd18974a6d112c1934defb8219526d80999932befeeb992e69,0.15797032669851319,0.08117570329086976,0.5078125,1,True,1110
SB4360,Prostate cancer metastatic,"male gonadal, ductal, accessory-gland, and reproductive-output structure",loss of normal proliferative/differentiation constraint with clonal tissue expansion and architectural replacement,remaining_5256,928ca694f8059098bfdf0778ef42c421f895339e4c912c336446e7049dd2a23e,190,105,3,2,104,5,0.15473734863351019,0.16394280612269385,0.009205457489183666,0.009205457489183666,AWAY_FROM_REFERENCE,0.010526315789473684,MINOR,1,223,,,f907c8d08c1e48622234786027a13a2aa1191560b9a20467eb9bc36bd60000e6,0.15797032669851319,0.08117570329086976,0.5078125,1,True,1111
SB4361,Prostate carcinoma,"male gonadal, ductal, accessory-gland, and reproductive-output structure",loss of normal proliferative/differentiation constraint with clonal tissue expansion and architectural replacement,remaining_5256,928ca694f8059098bfdf0778ef42c421f895339e4c912c336446e7049dd2a23e,190,105,3,2,104,5,0.15473734863351019,0.16394280612269385,0.009205457489183666,0.009205457489183666,AWAY_FROM_REFERENCE,0.010526315789473684,MINOR,1,223,,,d4b5e412966c567e15d0b46bf35c3819d2aeb8e890fecb87f37552e4b04427e7,0.15797032669851319,0.08117570329086976,0.5078125,1,True,1112
SB0868,Bronchospasm paradoxical,bronchial smooth-muscle tone and airway-caliber structure,"altered configuration or regulated output of the named structure, expressed as the state described by bronchospasm paradoxical",remaining_5256,5f1c3da5693e7b29df4011ea868337c0d573714eaecf8b86991bc7ae8ab96854,300,104,6,4,102,10,0.12417332915153312,0.13233272741443014,0.008159398262897022,0.008159398262897022,AWAY_FROM_REFERENCE,0.013333333333333334,MINOR,1,231,,,5320459d03496adc82424afaa6ea826108c24f4ac552228fb6f9467b9e045951,0.15794984075735125,0.07600590336262347,0.53125,2,True,1113
SB3091,Leukonychia,"nail matrix, plate-production, and periungual structure","altered configuration or regulated output of the named structure, expressed as the state described by leukonychia",remaining_5256,dd211aabd02298f94e48a4be6fa15e4d1b028e5ff9382d8ed2952a041f96e9fb,36,11,2,3,12,5,0.12902916849835988,0.14159400650617537,0.012564838007815493,0.012564838007815493,AWAY_FROM_REFERENCE,0.08333333333333333,MINOR,1,230,,,ba85cabc30e0d3cde455b616f2da02169c55bb50370e84ac8dfb794b14cd49a0,0.15777900091261332,0.06722286696660162,0.5703125,-1,True,1114
SB0579,Basophilia,"circulating leukocyte production, distribution, and effector-cell structure","altered configuration or regulated output of the named structure, expressed as the state described by basophilia",remaining_5256,3d6fd67058dd151294faa36554c767eaecf6aa92fe9e178285a14b0008f5df44,1830,465,44,80,501,124,0.10073460939571299,0.10848229975766,0.007747690361947002,0.007747690361947002,AWAY_FROM_REFERENCE,0.04371584699453552,MINOR,1,231,,,e24dbe7b59fad601e1be0ea333619844567df0bd4617693596073e3b8694b0ae,0.15766898134507323,0.07223351383545518,0.546875,-36,True,1115
SB3776,Onychomadesis,"nail matrix, plate-production, and periungual structure","altered configuration or regulated output of the named structure, expressed as the state described by onychomadesis",remaining_5256,19e90f8ea12cd3d4878cd7e8be0eb0aa591df7f2e0eab802d2cbb278fd2cdf07,36,10,4,1,7,5,0.12785724656557962,0.14028178974338945,0.012424543177809833,0.012424543177809833,AWAY_FROM_REFERENCE,0.027777777777777776,MINOR,1,230,,,2c1ae0faf068bd2e604388e70353a68fcd500ae51599a3d3d34d0ea84b6b4c9d,0.15765113584845292,0.06535199493713773,0.578125,3,True,1116
SB4429,Pulmonary alveolitis,"pulmonary airway-alveolar, pleural, and gas-exchange structure","localized inflammatory activation with cellular infiltration, vascular change, and tissue-function perturbation",remaining_5256,71e34522b7827199ab7aa76e6de3e1b7ec3dc69f1174e45c8e66067ae6ca855e,36,13,1,0,12,1,0.1713682319048211,0.17961264440753466,0.008244412502713572,0.008244412502713572,AWAY_FROM_REFERENCE,0.0,INFORMATIONAL,0,231,,,4274ae5ead0f08f7ef43372db8cca1df2213a5adea6d36136cf071df58143b44,0.1576217130290674,0.07732068662081393,0.5234375,1,True,1117
SB0415,Application site papules,local epidermal-dermal barrier and repair structure,"altered configuration or regulated output of the named structure, expressed as the state described by application site papules",established_478,4ad61c79f10af27a6d40c33bfd88e92eb521cba79a645b337daeed4b3d72971c,28,12,2,2,12,4,0.11951925463477486,0.12685713382370112,0.007337879188926255,0.007337879188926255,AWAY_FROM_REFERENCE,0.07142857142857142,MINOR,1,223,,,2e59c7e588e8912df943fdb966c24efe6c6376f3cc8e04c67072bd2226e505aa,0.15747703728674917,0.07542931376432827,0.53125,0,True,1118
SB3366,Micturition disorder,"urethral lumen, mucosal, sphincter, and urine-flow structure",departure from the reference structural configuration or regulated functional range,remaining_5256,9f47ed7037bfee703efbfc866f53e7fd1d56e11d70fd841ce9f2711f425b5b31,465,134,10,21,145,31,0.16346308945356658,0.17280272689463994,0.009339637441073356,0.009339637441073356,AWAY_FROM_REFERENCE,0.04516129032258064,MINOR,1,231,,,295e771295e88f2e1471d157723773c318955eb69dd0416b036bb1580fbede71,0.15740987959751013,0.07191753609452456,0.546875,-11,True,1119
SB5417,Urethral disorder,"urethral lumen, mucosal, sphincter, and urine-flow structure",departure from the reference structural configuration or regulated functional range,remaining_5256,9f47ed7037bfee703efbfc866f53e7fd1d56e11d70fd841ce9f2711f425b5b31,465,134,10,21,145,31,0.16346308945356658,0.17280272689463994,0.009339637441073356,0.009339637441073356,AWAY_FROM_REFERENCE,0.04516129032258064,MINOR,1,231,,,d7003e42271ae95337ecd5e64056980de845a97c9c52202d2f486eae97fc25d0,0.15740987959751013,0.07191753609452456,0.546875,-11,True,1120
SB3650,Neutrophilia,"circulating leukocyte production, distribution, and effector-cell structure","altered configuration or regulated output of the named structure, expressed as the state described by neutrophilia",remaining_5256,b474ffd9980fefa438cc9e780de52f50ab2d828aa93ea7a761c3a70e901ba9ca,1830,510,52,82,540,134,0.10813502673075615,0.1169030311071404,0.008768004376384253,0.008768004376384253,AWAY_FROM_REFERENCE,0.04480874316939891,MINOR,1,231,,,0d5bc3ffe32b8eab93bbe023bf8b854062f28cab4f3e6566d9768aa55feef1ed,0.1573849167702854,0.07360203264668952,0.5390625,-30,True,1121
SB0766,Body fat disorder,"adipose-tissue storage, body-composition, and energy-balance structure",departure from the reference structural configuration or regulated functional range,remaining_5256,6ac94409ac7028b78da7811d1c46c99ef9886b70c5bc5c7030169db8553d70a1,45,16,3,2,15,5,0.16131246118841625,0.1701420649964549,0.008829603808038655,0.008829603808038655,AWAY_FROM_REFERENCE,0.044444444444444446,MINOR,1,174,,,ce0027fbd4c5902bf4a84354ecf91252a543b498ae14d804b96ab3f64ad18c7d,0.15732184027737778,0.0718101710699729,0.546875,1,True,1122
SB0107,Acute angle-closure glaucoma,anterior-eye aqueous-humor outflow and intraocular-pressure structure,optic-nerve/retinal ganglion structural stress associated with altered ocular pressure-flow balance,established_478,d914fb0b49bef3a2f02622a7f11c29c12d80d271a481d3d57cf1e87400a16da8,528,188,6,19,201,25,0.1763025641479361,0.18594508016884004,0.009642516020903935,0.009642516020903935,AWAY_FROM_REFERENCE,0.03598484848484849,MINOR,1,223,,,413c3e766cf7c91c9a4c9883d8bf068f5b424c88b437448cefe5985dbce6b2ad,0.1572351224968485,0.06655960060591282,0.5703125,-13,True,1123
SB0126,Acute glaucoma,anterior-eye aqueous-humor outflow and intraocular-pressure structure,optic-nerve/retinal ganglion structural stress associated with altered ocular pressure-flow balance,established_478,d914fb0b49bef3a2f02622a7f11c29c12d80d271a481d3d57cf1e87400a16da8,528,188,6,19,201,25,0.1763025641479361,0.18594508016884004,0.009642516020903935,0.009642516020903935,AWAY_FROM_REFERENCE,0.03598484848484849,MINOR,1,223,,,e053cbdc793cd70d5ad697d799cda6a28ba8fc326f34f8d99e6aa6b152dc728e,0.1572351224968485,0.06655960060591282,0.5703125,-13,True,1124
SB0312,Angle closure glaucoma,anterior-eye aqueous-humor outflow and intraocular-pressure structure,optic-nerve/retinal ganglion structural stress associated with altered ocular pressure-flow balance,established_478,d914fb0b49bef3a2f02622a7f11c29c12d80d271a481d3d57cf1e87400a16da8,528,188,6,19,201,25,0.1763025641479361,0.18594508016884004,0.009642516020903935,0.009642516020903935,AWAY_FROM_REFERENCE,0.03598484848484849,MINOR,1,223,,,159b16e31cfa275bdb6f1ab3fee6497487f268e95bd1ef70ca15d7deddd9a451,0.1572351224968485,0.06655960060591282,0.5703125,-13,True,1125
SB4436,Pulmonary function test decreased,"pulmonary airway-alveolar, pleural, and gas-exchange structure",measured or functional quantity shifted below its reference structural range,remaining_5256,76795634d32d0e06ae86879b5de04b60234442218724324bcae67cc8557ad668,36,15,0,1,16,1,0.2032816034336996,0.20806786817199163,0.004786264738292023,0.004786264738292023,AWAY_FROM_REFERENCE,0.027777777777777776,MINOR,1,231,,,2d9e20c18e7c142902559cecaf408a39be2b415038c312274615b12dafbf5814,0.1569452813723451,0.07135095289310378,0.546875,-1,True,1126
SB4629,Respiratory rate decreased,"pulmonary airway-alveolar, pleural, and gas-exchange structure",measured or functional quantity shifted below its reference structural range,remaining_5256,76795634d32d0e06ae86879b5de04b60234442218724324bcae67cc8557ad668,36,15,0,1,16,1,0.2032816034336996,0.20806786817199163,0.004786264738292023,0.004786264738292023,AWAY_FROM_REFERENCE,0.027777777777777776,MINOR,1,231,,,e65e60d250145eebbe7778114129df2b9dd4264b5dd5f31f3ff25469ddde960e,0.1569452813723451,0.07135095289310378,0.546875,-1,True,1127
SB4631,Respiratory sounds decreased,"pulmonary airway-alveolar, pleural, and gas-exchange structure",measured or functional quantity shifted below its reference structural range,remaining_5256,76795634d32d0e06ae86879b5de04b60234442218724324bcae67cc8557ad668,36,15,0,1,16,1,0.2032816034336996,0.20806786817199163,0.004786264738292023,0.004786264738292023,AWAY_FROM_REFERENCE,0.027777777777777776,MINOR,1,231,,,f8598bfc2539329c98759fca13bc8e0c41570c49b3a65a7653eeda1941667c5b,0.1569452813723451,0.07135095289310378,0.546875,-1,True,1128
SB1235,Complete hearing loss,cochlear-mechanical and auditory-neural transduction structure,reduced auditory mechanical/neural transduction,remaining_5256,a221ceed5afcdb9d9d9ca9e72878eb5078a316bc9a0a3f11afea922954b7d0b4,276,55,3,12,64,15,0.1401492765845156,0.15193294782071665,0.011783671236201054,0.011783671236201054,AWAY_FROM_REFERENCE,0.043478260869565216,MINOR,1,230,,,64d92e7cc850c080f9b12e37a0594bce4b97826551db008b5d1ab11450c3b310,0.1568561122851036,0.06438245400622389,0.578125,-9,True,1129
SB3616,Neural hearing loss,cochlear-mechanical and auditory-neural transduction structure,reduced auditory mechanical/neural transduction,remaining_5256,a221ceed5afcdb9d9d9ca9e72878eb5078a316bc9a0a3f11afea922954b7d0b4,276,55,3,12,64,15,0.1401492765845156,0.15193294782071665,0.011783671236201054,0.011783671236201054,AWAY_FROM_REFERENCE,0.043478260869565216,MINOR,1,230,,,8b2975502d7c1f71fa67fc7ac2e46350d91350aed990cc384026df06313b4708,0.1568561122851036,0.06438245400622389,0.578125,-9,True,1130
SB4006,Partial hearing loss,cochlear-mechanical and auditory-neural transduction structure,reduced auditory mechanical/neural transduction,remaining_5256,a221ceed5afcdb9d9d9ca9e72878eb5078a316bc9a0a3f11afea922954b7d0b4,276,55,3,12,64,15,0.1401492765845156,0.15193294782071665,0.011783671236201054,0.011783671236201054,AWAY_FROM_REFERENCE,0.043478260869565216,MINOR,1,230,,,dbb4bddd6763738449553f7faf3da554b84e433a455578fc54340166536d8cfc,0.1568561122851036,0.06438245400622389,0.578125,-9,True,1131
SB5079,Sudden hearing loss,cochlear-mechanical and auditory-neural transduction structure,reduced auditory mechanical/neural transduction,remaining_5256,a221ceed5afcdb9d9d9ca9e72878eb5078a316bc9a0a3f11afea922954b7d0b4,276,55,3,12,64,15,0.1401492765845156,0.15193294782071665,0.011783671236201054,0.011783671236201054,AWAY_FROM_REFERENCE,0.043478260869565216,MINOR,1,230,,,b587afc804bee782ece6417ca95f88af1c01475cf0342f60876572761baed9c8,0.1568561122851036,0.06438245400622389,0.578125,-9,True,1132
SB3775,Onycholysis,"nail matrix, plate-production, and periungual structure","altered configuration or regulated output of the named structure, expressed as the state described by onycholysis",remaining_5256,174ff02d1840a8b5b5d943a63d89aa9efeac9ec19369feb3c4c1b3627c97428e,36,10,2,4,12,6,0.12796700588643561,0.14024213920117767,0.01227513331474206,0.01227513331474206,AWAY_FROM_REFERENCE,0.1111111111111111,MINOR,1,230,,,4e87376ef6ed569c89db9b7d49f98e298dd1c960b1dfc635063cf77967491e26,0.15684931667551982,0.06265922765307297,0.5859375,-2,True,1133
SB0218,Alcohol intolerance,hepatic ethanol-metabolism and systemic ethanol-response structure,departure from the reference structural configuration or regulated functional range,established_478,9338ddc6ced4df61248d2e24f8d9a3cf2fe35d8d6ebcb026c6dd1ea9c5e31031,153,54,3,1,52,4,0.12662845704135406,0.12920298055414792,0.002574523512793858,0.002574523512793858,AWAY_FROM_REFERENCE,0.006535947712418301,MINOR,1,230,,,695c7f766a710433eb14616c97eb1038e29babb630785856f523d9047d16c1a1,0.15684850551371926,0.06437317745575521,0.578125,2,True,1134
SB4597,Renal mass,renal glomerular-tubular filtration and fluid-balance structure,localized tissue overgrowth or mass formation with altered normal architecture,remaining_5256,1210c8fe8f99f47db08053dee9b6f299e364622cf8e81790d4fc8468a8e7e3e0,91,33,8,1,26,9,0.14627741300896324,0.1579162188861627,0.011638805877199454,0.011638805877199454,AWAY_FROM_REFERENCE,0.01098901098901099,MINOR,1,231,,,65a43269614bfec1f60aabdd2d84260e924d59d4119755ba2a7f019c052d552e,0.15684029520228115,0.07636773805156238,0.5234375,7,True,1135
SB1583,Distress gastrointestinal,"intestinal mucosal barrier, smooth-muscle motility, and luminal transport structure",abnormal sensory-autonomic signaling indicating departure from the reference local functional state,remaining_5256,4f19646a66e2d77f67ce05483041496defdb73fbc184a581d99572eda8fc2442,276,103,7,12,108,19,0.11605334071922524,0.1271050142776179,0.01105167355839265,0.01105167355839265,AWAY_FROM_REFERENCE,0.043478260869565216,MINOR,1,231,,,8aa36d210dcc7a92b63863147b31bead73b2e7e61d2782c949adc7b3b28d253b,0.15679515455828386,0.07802762751010228,0.515625,-5,True,1136
SB2195,Gastrointestinal discomfort,"intestinal mucosal barrier, smooth-muscle motility, and luminal transport structure",abnormal sensory-autonomic signaling indicating departure from the reference local functional state,remaining_5256,4f19646a66e2d77f67ce05483041496defdb73fbc184a581d99572eda8fc2442,276,103,7,12,108,19,0.11605334071922524,0.1271050142776179,0.01105167355839265,0.01105167355839265,AWAY_FROM_REFERENCE,0.043478260869565216,MINOR,1,231,,,3a4c8950f289e546e2e84c7ce83adad590f52977e0e0d274826b19c38d2b3c25,0.15679515455828386,0.07802762751010228,0.515625,-5,True,1137
SB1412,Cytomegalovirus gastritis,"gastric mucosal barrier, secretory state, motility, and emptying structure","localized inflammatory activation with cellular infiltration, vascular change, and tissue-function perturbation",remaining_5256,c21b4534184a965b34c5ad03ae80b507727593c6af7c1cfb9619f2ab7295a46b,1653,662,27,26,661,53,0.15523817767296344,0.17089434031208195,0.01565616263911851,0.01565616263911851,AWAY_FROM_REFERENCE,0.01572897761645493,MINOR,1,98,,,77a879be82fe1a22b56c0b56512a9782d6db1ae9aac1f0a6b454f90a3c584322,0.1565926299927396,0.07778064633260928,0.515625,1,True,1138
SB2182,Gastritis,"gastric mucosal barrier, secretory state, motility, and emptying structure","localized inflammatory activation with cellular infiltration, vascular change, and tissue-function perturbation",remaining_5256,c21b4534184a965b34c5ad03ae80b507727593c6af7c1cfb9619f2ab7295a46b,1653,662,27,26,661,53,0.15523817767296344,0.17089434031208195,0.01565616263911851,0.01565616263911851,AWAY_FROM_REFERENCE,0.01572897761645493,MINOR,1,98,,,066ae2392234c211e5090f0cc919528da67f44381479a3f527ed26d2ae6908d8,0.1565926299927396,0.07778064633260928,0.515625,1,True,1139
SB2183,Gastritis aggravated,"gastric mucosal barrier, secretory state, motility, and emptying structure","localized inflammatory activation with cellular infiltration, vascular change, and tissue-function perturbation",remaining_5256,c21b4534184a965b34c5ad03ae80b507727593c6af7c1cfb9619f2ab7295a46b,1653,662,27,26,661,53,0.15523817767296344,0.17089434031208195,0.01565616263911851,0.01565616263911851,AWAY_FROM_REFERENCE,0.01572897761645493,MINOR,1,98,,,370faf9c8e9c8d2ea9d5730b1f9ba94a961577044b58ed0c131e86d6211a9e87,0.1565926299927396,0.07778064633260928,0.515625,1,True,1140
SB2184,Gastritis erosive,"gastric mucosal barrier, secretory state, motility, and emptying structure","localized inflammatory activation with cellular infiltration, vascular change, and tissue-function perturbation",remaining_5256,c21b4534184a965b34c5ad03ae80b507727593c6af7c1cfb9619f2ab7295a46b,1653,662,27,26,661,53,0.15523817767296344,0.17089434031208195,0.01565616263911851,0.01565616263911851,AWAY_FROM_REFERENCE,0.01572897761645493,MINOR,1,98,,,3697186961425505c4a64a3231064d99892d3a8f02f8839286460a1de855bbd1,0.1565926299927396,0.07778064633260928,0.515625,1,True,1141
SB2185,Gastritis haemorrhagic,"gastric mucosal barrier, secretory state, motility, and emptying structure","localized inflammatory activation with cellular infiltration, vascular change, and tissue-function perturbation",remaining_5256,c21b4534184a965b34c5ad03ae80b507727593c6af7c1cfb9619f2ab7295a46b,1653,662,27,26,661,53,0.15523817767296344,0.17089434031208195,0.01565616263911851,0.01565616263911851,AWAY_FROM_REFERENCE,0.01572897761645493,MINOR,1,98,,,d027e0f03e1c73904a1a300a59cb3b84c6673877f697226d364b6677c850d58d,0.1565926299927396,0.07778064633260928,0.515625,1,True,1142
SB2187,Gastroduodenitis,"gastric mucosal barrier, secretory state, motility, and emptying structure","localized inflammatory activation with cellular infiltration, vascular change, and tissue-function perturbation",remaining_5256,c21b4534184a965b34c5ad03ae80b507727593c6af7c1cfb9619f2ab7295a46b,1653,662,27,26,661,53,0.15523817767296344,0.17089434031208195,0.01565616263911851,0.01565616263911851,AWAY_FROM_REFERENCE,0.01572897761645493,MINOR,1,98,,,f632ad38830163087c6b5c4e02a05009b45bb2cd55d11f1c27880ce15e056af0,0.1565926299927396,0.07778064633260928,0.515625,1,True,1143
SB2385,Haemorrhagic erosive gastritis,"gastric mucosal barrier, secretory state, motility, and emptying structure","localized inflammatory activation with cellular infiltration, vascular change, and tissue-function perturbation",remaining_5256,c21b4534184a965b34c5ad03ae80b507727593c6af7c1cfb9619f2ab7295a46b,1653,662,27,26,661,53,0.15523817767296344,0.17089434031208195,0.01565616263911851,0.01565616263911851,AWAY_FROM_REFERENCE,0.01572897761645493,MINOR,1,98,,,4fe8e7bd9f603a66263b065113ec88b92c86463c19051b1b5a4637e631e37ea9,0.1565926299927396,0.07778064633260928,0.515625,1,True,1144
SB2439,Helicobacter gastritis,"gastric mucosal barrier, secretory state, motility, and emptying structure","localized inflammatory activation with cellular infiltration, vascular change, and tissue-function perturbation",remaining_5256,c21b4534184a965b34c5ad03ae80b507727593c6af7c1cfb9619f2ab7295a46b,1653,662,27,26,661,53,0.15523817767296344,0.17089434031208195,0.01565616263911851,0.01565616263911851,AWAY_FROM_REFERENCE,0.01572897761645493,MINOR,1,98,,,b4a7589d8613927d96f9c77e2e555ee695387a809753fbaf0aa50bf70efef8b3,0.1565926299927396,0.07778064633260928,0.515625,1,True,1145
SB0658,Blister,cutaneous epidermal-dermal barrier and local immune structure,abnormal surface-barrier morphology with local inflammatory/vascular fluid redistribution,remaining_5256,e6c668fe94c6977f139b4f0b8f84231f08a18c7dc0e971717a851d1ac39602fb,1,0,0,1,1,1,0.16583307364913458,0.17418042001449963,0.00834734636536505,0.00834734636536505,AWAY_FROM_REFERENCE,1.0,CRITICAL,4,231,,,fb6f387e25ebaba6a4d5095e372a8458ce6bd399523e43261c2f446023fa03e0,0.15647126046127785,0.05876830544058276,0.6015625,-1,True,1146
SB0882,Bullous eruption,cutaneous epidermal-dermal barrier and local immune structure,abnormal surface-barrier morphology with local inflammatory/vascular fluid redistribution,remaining_5256,e6c668fe94c6977f139b4f0b8f84231f08a18c7dc0e971717a851d1ac39602fb,1,0,0,1,1,1,0.16583307364913458,0.17418042001449963,0.00834734636536505,0.00834734636536505,AWAY_FROM_REFERENCE,1.0,CRITICAL,4,231,,,288792f09154a81cf14c8b754829649f685a15b78cb442f0561840623fecce35,0.15647126046127785,0.05876830544058276,0.6015625,-1,True,1147
SB1921,Exfoliative rash,cutaneous epidermal-dermal barrier and local immune structure,abnormal surface-barrier morphology with local inflammatory/vascular fluid redistribution,remaining_5256,e6c668fe94c6977f139b4f0b8f84231f08a18c7dc0e971717a851d1ac39602fb,1,0,0,1,1,1,0.16583307364913458,0.17418042001449963,0.00834734636536505,0.00834734636536505,AWAY_FROM_REFERENCE,1.0,CRITICAL,4,231,,,8c8e2b5575f1958e655feda15c85faf667c0e47ecab13274d982cb355303eb8a,0.15647126046127785,0.05876830544058276,0.6015625,-1,True,1148
SB1985,Facial rash,cutaneous epidermal-dermal barrier and local immune structure,abnormal surface-barrier morphology with local inflammatory/vascular fluid redistribution,remaining_5256,e6c668fe94c6977f139b4f0b8f84231f08a18c7dc0e971717a851d1ac39602fb,1,0,0,1,1,1,0.16583307364913458,0.17418042001449963,0.00834734636536505,0.00834734636536505,AWAY_FROM_REFERENCE,1.0,CRITICAL,4,231,,,686a5a3b997464d9a41cc4c2e528e43180a67fc16c159fa6ce8ad854798dd7f2,0.15647126046127785,0.05876830544058276,0.6015625,-1,True,1149
SB2237,Generalized urticaria,cutaneous epidermal-dermal barrier and local immune structure,abnormal surface-barrier morphology with local inflammatory/vascular fluid redistribution,remaining_5256,e6c668fe94c6977f139b4f0b8f84231f08a18c7dc0e971717a851d1ac39602fb,1,0,0,1,1,1,0.16583307364913458,0.17418042001449963,0.00834734636536505,0.00834734636536505,AWAY_FROM_REFERENCE,1.0,CRITICAL,4,231,,,2bd764f71b4ebf493d594c95188c5911a2282144e3be18196ef96af388c1784a,0.15647126046127785,0.05876830544058276,0.6015625,-1,True,1150
SB2256,Genital rash,cutaneous epidermal-dermal barrier and local immune structure,abnormal surface-barrier morphology with local inflammatory/vascular fluid redistribution,remaining_5256,e6c668fe94c6977f139b4f0b8f84231f08a18c7dc0e971717a851d1ac39602fb,1,0,0,1,1,1,0.16583307364913458,0.17418042001449963,0.00834734636536505,0.00834734636536505,AWAY_FROM_REFERENCE,1.0,CRITICAL,4,231,,,67587f0c7c75126fb2d5d93008777992cc087e36848cfa1c9c47877d2071d5a2,0.15647126046127785,0.05876830544058276,0.6015625,-1,True,1151
SB2266,Gingival blister,cutaneous epidermal-dermal barrier and local immune structure,abnormal surface-barrier morphology with local inflammatory/vascular fluid redistribution,remaining_5256,e6c668fe94c6977f139b4f0b8f84231f08a18c7dc0e971717a851d1ac39602fb,1,0,0,1,1,1,0.16583307364913458,0.17418042001449963,0.00834734636536505,0.00834734636536505,AWAY_FROM_REFERENCE,1.0,CRITICAL,4,231,,,b94055074dc9b2a875da313bcc828668b7234e644887bb55e435ab4bb00178b8,0.15647126046127785,0.05876830544058276,0.6015625,-1,True,1152
SB2388,Haemorrhagic urticaria,cutaneous epidermal-dermal barrier and local immune structure,abnormal surface-barrier morphology with local inflammatory/vascular fluid redistribution,remaining_5256,e6c668fe94c6977f139b4f0b8f84231f08a18c7dc0e971717a851d1ac39602fb,1,0,0,1,1,1,0.16583307364913458,0.17418042001449963,0.00834734636536505,0.00834734636536505,AWAY_FROM_REFERENCE,1.0,CRITICAL,4,231,,,032e04dc16f180a96dc73542ddbe192d8db5d0ffea523de0c0970b6067c2bf57,0.15647126046127785,0.05876830544058276,0.6015625,-1,True,1153
SB2410,Hand rash,cutaneous epidermal-dermal barrier and local immune structure,abnormal surface-barrier morphology with local inflammatory/vascular fluid redistribution,remaining_5256,e6c668fe94c6977f139b4f0b8f84231f08a18c7dc0e971717a851d1ac39602fb,1,0,0,1,1,1,0.16583307364913458,0.17418042001449963,0.00834734636536505,0.00834734636536505,AWAY_FROM_REFERENCE,1.0,CRITICAL,4,231,,,d530d41c440e37435024a0ddf062b9cb264992560b4eddb986f32bb4c75cd03f,0.15647126046127785,0.05876830544058276,0.6015625,-1,True,1154
SB2830,Infusion site rash,cutaneous epidermal-dermal barrier and local immune structure,abnormal surface-barrier morphology with local inflammatory/vascular fluid redistribution,remaining_5256,e6c668fe94c6977f139b4f0b8f84231f08a18c7dc0e971717a851d1ac39602fb,1,0,0,1,1,1,0.16583307364913458,0.17418042001449963,0.00834734636536505,0.00834734636536505,AWAY_FROM_REFERENCE,1.0,CRITICAL,4,231,,,998b3bc5ac48811fa693a6f93bc65adfd726df2f009fdd55c03cd61ee25e73e6,0.15647126046127785,0.05876830544058276,0.6015625,-1,True,1155
SB2835,Infusion site urticaria,cutaneous epidermal-dermal barrier and local immune structure,abnormal surface-barrier morphology with local inflammatory/vascular fluid redistribution,remaining_5256,e6c668fe94c6977f139b4f0b8f84231f08a18c7dc0e971717a851d1ac39602fb,1,0,0,1,1,1,0.16583307364913458,0.17418042001449963,0.00834734636536505,0.00834734636536505,AWAY_FROM_REFERENCE,1.0,CRITICAL,4,231,,,4f7fee725657fb9d848e1bd7b306704b050060758f435befb51eab9200ce6985,0.15647126046127785,0.05876830544058276,0.6015625,-1,True,1156
SB2879,Injection site urticaria,cutaneous epidermal-dermal barrier and local immune structure,abnormal surface-barrier morphology with local inflammatory/vascular fluid redistribution,remaining_5256,e6c668fe94c6977f139b4f0b8f84231f08a18c7dc0e971717a851d1ac39602fb,1,0,0,1,1,1,0.16583307364913458,0.17418042001449963,0.00834734636536505,0.00834734636536505,AWAY_FROM_REFERENCE,1.0,CRITICAL,4,231,,,8aea796b04fa7c82bb5ab521c24a14b71a22f1f9f57f6fff419628d008fdceb7,0.15647126046127785,0.05876830544058276,0.6015625,-1,True,1157
SB3115,Lip blister,cutaneous epidermal-dermal barrier and local immune structure,abnormal surface-barrier morphology with local inflammatory/vascular fluid redistribution,remaining_5256,e6c668fe94c6977f139b4f0b8f84231f08a18c7dc0e971717a851d1ac39602fb,1,0,0,1,1,1,0.16583307364913458,0.17418042001449963,0.00834734636536505,0.00834734636536505,AWAY_FROM_REFERENCE,1.0,CRITICAL,4,231,,,6402108b3672812938086cdbc913149bae52a1b6f2431181e861f855ebc31607,0.15647126046127785,0.05876830544058276,0.6015625,-1,True,1158
SB3163,Localized rash,cutaneous epidermal-dermal barrier and local immune structure,abnormal surface-barrier morphology with local inflammatory/vascular fluid redistribution,remaining_5256,e6c668fe94c6977f139b4f0b8f84231f08a18c7dc0e971717a851d1ac39602fb,1,0,0,1,1,1,0.16583307364913458,0.17418042001449963,0.00834734636536505,0.00834734636536505,AWAY_FROM_REFERENCE,1.0,CRITICAL,4,231,,,a995f29943ed1f6181bf4613f838c0bf7df8ccd9f913891f18058647e9e10f13,0.15647126046127785,0.05876830544058276,0.6015625,-1,True,1159
SB3615,Nettle rash,cutaneous epidermal-dermal barrier and local immune structure,abnormal surface-barrier morphology with local inflammatory/vascular fluid redistribution,remaining_5256,e6c668fe94c6977f139b4f0b8f84231f08a18c7dc0e971717a851d1ac39602fb,1,0,0,1,1,1,0.16583307364913458,0.17418042001449963,0.00834734636536505,0.00834734636536505,AWAY_FROM_REFERENCE,1.0,CRITICAL,4,231,,,02db24487bfa2294b10134721b9a2f80886f8b1420172d8ceaf9311410a49bbf,0.15647126046127785,0.05876830544058276,0.6015625,-1,True,1160
SB3812,Oral pustule,cutaneous epidermal-dermal barrier and local immune structure,abnormal surface-barrier morphology with local inflammatory/vascular fluid redistribution,remaining_5256,e6c668fe94c6977f139b4f0b8f84231f08a18c7dc0e971717a851d1ac39602fb,1,0,0,1,1,1,0.16583307364913458,0.17418042001449963,0.00834734636536505,0.00834734636536505,AWAY_FROM_REFERENCE,1.0,CRITICAL,4,231,,,04d9e50a1cc5f358a826f96c622b7def2fb01704c139b1ed0f0992ff46d606f8,0.15647126046127785,0.05876830544058276,0.6015625,-1,True,1161
SB3957,Papulopustular rash,cutaneous epidermal-dermal barrier and local immune structure,abnormal surface-barrier morphology with local inflammatory/vascular fluid redistribution,remaining_5256,e6c668fe94c6977f139b4f0b8f84231f08a18c7dc0e971717a851d1ac39602fb,1,0,0,1,1,1,0.16583307364913458,0.17418042001449963,0.00834734636536505,0.00834734636536505,AWAY_FROM_REFERENCE,1.0,CRITICAL,4,231,,,c1ac79d2f736e6abf71577ea053b5a8db44b04637c952394ed4e10245e6d444a,0.15647126046127785,0.05876830544058276,0.6015625,-1,True,1162
SB4473,Purpuric rash,cutaneous epidermal-dermal barrier and local immune structure,abnormal surface-barrier morphology with local inflammatory/vascular fluid redistribution,remaining_5256,e6c668fe94c6977f139b4f0b8f84231f08a18c7dc0e971717a851d1ac39602fb,1,0,0,1,1,1,0.16583307364913458,0.17418042001449963,0.00834734636536505,0.00834734636536505,AWAY_FROM_REFERENCE,1.0,CRITICAL,4,231,,,6dcf0a7cf3af22887fb81a54e5e3b19f237c1b4734ed079cd342eaca1f46c209,0.15647126046127785,0.05876830544058276,0.6015625,-1,True,1163
SB4475,Pustule,cutaneous epidermal-dermal barrier and local immune structure,abnormal surface-barrier morphology with local inflammatory/vascular fluid redistribution,remaining_5256,e6c668fe94c6977f139b4f0b8f84231f08a18c7dc0e971717a851d1ac39602fb,1,0,0,1,1,1,0.16583307364913458,0.17418042001449963,0.00834734636536505,0.00834734636536505,AWAY_FROM_REFERENCE,1.0,CRITICAL,4,231,,,4bfa9438363acce276ca67c8291f0f66da4e71eb99b5111542281d7afc1e91ba,0.15647126046127785,0.05876830544058276,0.6015625,-1,True,1164
SB4508,Rash,cutaneous epidermal-dermal barrier and local immune structure,abnormal surface-barrier morphology with local inflammatory/vascular fluid redistribution,remaining_5256,e6c668fe94c6977f139b4f0b8f84231f08a18c7dc0e971717a851d1ac39602fb,1,0,0,1,1,1,0.16583307364913458,0.17418042001449963,0.00834734636536505,0.00834734636536505,AWAY_FROM_REFERENCE,1.0,CRITICAL,4,231,,,6c30100a60cafaf4c254f53a48256c94123f67a2f0556ebcace8090d741bd111,0.15647126046127785,0.05876830544058276,0.6015625,-1,True,1165
SB4509,Rash both legs,cutaneous epidermal-dermal barrier and local immune structure,abnormal surface-barrier morphology with local inflammatory/vascular fluid redistribution,remaining_5256,e6c668fe94c6977f139b4f0b8f84231f08a18c7dc0e971717a851d1ac39602fb,1,0,0,1,1,1,0.16583307364913458,0.17418042001449963,0.00834734636536505,0.00834734636536505,AWAY_FROM_REFERENCE,1.0,CRITICAL,4,231,,,6460680ed44cd9421e2b18a607acecb723b366b1de949bd2389bf967c881af40,0.15647126046127785,0.05876830544058276,0.6015625,-1,True,1166
SB4510,Rash bullous,cutaneous epidermal-dermal barrier and local immune structure,abnormal surface-barrier morphology with local inflammatory/vascular fluid redistribution,remaining_5256,e6c668fe94c6977f139b4f0b8f84231f08a18c7dc0e971717a851d1ac39602fb,1,0,0,1,1,1,0.16583307364913458,0.17418042001449963,0.00834734636536505,0.00834734636536505,AWAY_FROM_REFERENCE,1.0,CRITICAL,4,231,,,708ea37a970ff946d947b227ded164268129a5e00a40820461d76f6b7676348d,0.15647126046127785,0.05876830544058276,0.6015625,-1,True,1167
SB4511,Rash erythematous,cutaneous epidermal-dermal barrier and local immune structure,abnormal surface-barrier morphology with local inflammatory/vascular fluid redistribution,remaining_5256,e6c668fe94c6977f139b4f0b8f84231f08a18c7dc0e971717a851d1ac39602fb,1,0,0,1,1,1,0.16583307364913458,0.17418042001449963,0.00834734636536505,0.00834734636536505,AWAY_FROM_REFERENCE,1.0,CRITICAL,4,231,,,85371000fb006151be233eb47128b9f7b11d3895b594f31657221a1e98225be5,0.15647126046127785,0.05876830544058276,0.6015625,-1,True,1168
SB4512,Rash follicular,cutaneous epidermal-dermal barrier and local immune structure,abnormal surface-barrier morphology with local inflammatory/vascular fluid redistribution,remaining_5256,e6c668fe94c6977f139b4f0b8f84231f08a18c7dc0e971717a851d1ac39602fb,1,0,0,1,1,1,0.16583307364913458,0.17418042001449963,0.00834734636536505,0.00834734636536505,AWAY_FROM_REFERENCE,1.0,CRITICAL,4,231,,,e2995bb94e0160b14b7681d50328370b16a3f5fce9324e00a202e4efe7d5e721,0.15647126046127785,0.05876830544058276,0.6015625,-1,True,1169
SB4513,Rash generalised,cutaneous epidermal-dermal barrier and local immune structure,abnormal surface-barrier morphology with local inflammatory/vascular fluid redistribution,remaining_5256,e6c668fe94c6977f139b4f0b8f84231f08a18c7dc0e971717a851d1ac39602fb,1,0,0,1,1,1,0.16583307364913458,0.17418042001449963,0.00834734636536505,0.00834734636536505,AWAY_FROM_REFERENCE,1.0,CRITICAL,4,231,,,6f60a7645d2d7b158cb172b73a3441900e73a4e2aa0b3fc9ce7d952f46251b5f,0.15647126046127785,0.05876830544058276,0.6015625,-1,True,1170
SB4515,Rash maculo-papular,cutaneous epidermal-dermal barrier and local immune structure,abnormal surface-barrier morphology with local inflammatory/vascular fluid redistribution,remaining_5256,e6c668fe94c6977f139b4f0b8f84231f08a18c7dc0e971717a851d1ac39602fb,1,0,0,1,1,1,0.16583307364913458,0.17418042001449963,0.00834734636536505,0.00834734636536505,AWAY_FROM_REFERENCE,1.0,CRITICAL,4,231,,,8eac3200883ff0faebc3e41b57791d793586c7d8866af2fd8bfc11a4ac689aa3,0.15647126046127785,0.05876830544058276,0.6015625,-1,True,1171
SB4516,Rash morbilliform,cutaneous epidermal-dermal barrier and local immune structure,abnormal surface-barrier morphology with local inflammatory/vascular fluid redistribution,remaining_5256,e6c668fe94c6977f139b4f0b8f84231f08a18c7dc0e971717a851d1ac39602fb,1,0,0,1,1,1,0.16583307364913458,0.17418042001449963,0.00834734636536505,0.00834734636536505,AWAY_FROM_REFERENCE,1.0,CRITICAL,4,231,,,402c4e20d42b2ca332fc9d9d79f44f3a174402deefcc1fcaea8ea0d5bf7d3a36,0.15647126046127785,0.05876830544058276,0.6015625,-1,True,1172
SB4517,Rash mouth,cutaneous epidermal-dermal barrier and local immune structure,abnormal surface-barrier morphology with local inflammatory/vascular fluid redistribution,remaining_5256,e6c668fe94c6977f139b4f0b8f84231f08a18c7dc0e971717a851d1ac39602fb,1,0,0,1,1,1,0.16583307364913458,0.17418042001449963,0.00834734636536505,0.00834734636536505,AWAY_FROM_REFERENCE,1.0,CRITICAL,4,231,,,5637d13f284c7c8dc7caa4289c7af8bf9479e66ca559f2927f72bd4ef760e478,0.15647126046127785,0.05876830544058276,0.6015625,-1,True,1173
SB4518,Rash papular,cutaneous epidermal-dermal barrier and local immune structure,abnormal surface-barrier morphology with local inflammatory/vascular fluid redistribution,remaining_5256,e6c668fe94c6977f139b4f0b8f84231f08a18c7dc0e971717a851d1ac39602fb,1,0,0,1,1,1,0.16583307364913458,0.17418042001449963,0.00834734636536505,0.00834734636536505,AWAY_FROM_REFERENCE,1.0,CRITICAL,4,231,,,2436924bfaa1fd7e164176496c7e98ca018df27a28d8872a3fc8efa834ee17d4,0.15647126046127785,0.05876830544058276,0.6015625,-1,True,1174
SB4519,Rash pemphigoid,cutaneous epidermal-dermal barrier and local immune structure,abnormal surface-barrier morphology with local inflammatory/vascular fluid redistribution,remaining_5256,e6c668fe94c6977f139b4f0b8f84231f08a18c7dc0e971717a851d1ac39602fb,1,0,0,1,1,1,0.16583307364913458,0.17418042001449963,0.00834734636536505,0.00834734636536505,AWAY_FROM_REFERENCE,1.0,CRITICAL,4,231,,,4327d02d596f67c5ef1d8a870d774177e713241f9b49dfa189a5b90dc3a3f52f,0.15647126046127785,0.05876830544058276,0.6015625,-1,True,1175
SB4520,Rash psoriaform,cutaneous epidermal-dermal barrier and local immune structure,abnormal surface-barrier morphology with local inflammatory/vascular fluid redistribution,remaining_5256,e6c668fe94c6977f139b4f0b8f84231f08a18c7dc0e971717a851d1ac39602fb,1,0,0,1,1,1,0.16583307364913458,0.17418042001449963,0.00834734636536505,0.00834734636536505,AWAY_FROM_REFERENCE,1.0,CRITICAL,4,231,,,a2b3b44e3c3f6b0b930f26bd6f06b820617683129aaccef439be82584b481b5c,0.15647126046127785,0.05876830544058276,0.6015625,-1,True,1176
SB4521,Rash pustular,cutaneous epidermal-dermal barrier and local immune structure,abnormal surface-barrier morphology with local inflammatory/vascular fluid redistribution,remaining_5256,e6c668fe94c6977f139b4f0b8f84231f08a18c7dc0e971717a851d1ac39602fb,1,0,0,1,1,1,0.16583307364913458,0.17418042001449963,0.00834734636536505,0.00834734636536505,AWAY_FROM_REFERENCE,1.0,CRITICAL,4,231,,,99df4c3bd60b33c79e00bb95f65758786a8d85cadd36fce07b0544e484512f14,0.15647126046127785,0.05876830544058276,0.6015625,-1,True,1177
SB4522,Rash recurrent,cutaneous epidermal-dermal barrier and local immune structure,abnormal surface-barrier morphology with local inflammatory/vascular fluid redistribution,remaining_5256,e6c668fe94c6977f139b4f0b8f84231f08a18c7dc0e971717a851d1ac39602fb,1,0,0,1,1,1,0.16583307364913458,0.17418042001449963,0.00834734636536505,0.00834734636536505,AWAY_FROM_REFERENCE,1.0,CRITICAL,4,231,,,496624d65cbb6474caebf8bc1958d9a45e8846fd35fe1251c7db79e63d7811a0,0.15647126046127785,0.05876830544058276,0.6015625,-1,True,1178
SB4523,Rash scaly,cutaneous epidermal-dermal barrier and local immune structure,abnormal surface-barrier morphology with local inflammatory/vascular fluid redistribution,remaining_5256,e6c668fe94c6977f139b4f0b8f84231f08a18c7dc0e971717a851d1ac39602fb,1,0,0,1,1,1,0.16583307364913458,0.17418042001449963,0.00834734636536505,0.00834734636536505,AWAY_FROM_REFERENCE,1.0,CRITICAL,4,231,,,b549fe1919193fb973cb9b8a9efadfb3ee4dc7626b40328432f0e99f86247623,0.15647126046127785,0.05876830544058276,0.6015625,-1,True,1179
SB4524,Rash scarlatiniform,cutaneous epidermal-dermal barrier and local immune structure,abnormal surface-barrier morphology with local inflammatory/vascular fluid redistribution,remaining_5256,e6c668fe94c6977f139b4f0b8f84231f08a18c7dc0e971717a851d1ac39602fb,1,0,0,1,1,1,0.16583307364913458,0.17418042001449963,0.00834734636536505,0.00834734636536505,AWAY_FROM_REFERENCE,1.0,CRITICAL,4,231,,,8c91c7f4b298591657aea8ff1d43ba92f240ad092ff611d1fa8027d8ffd9065b,0.15647126046127785,0.05876830544058276,0.6015625,-1,True,1180
SB4525,Rash vesicular,cutaneous epidermal-dermal barrier and local immune structure,abnormal surface-barrier morphology with local inflammatory/vascular fluid redistribution,remaining_5256,e6c668fe94c6977f139b4f0b8f84231f08a18c7dc0e971717a851d1ac39602fb,1,0,0,1,1,1,0.16583307364913458,0.17418042001449963,0.00834734636536505,0.00834734636536505,AWAY_FROM_REFERENCE,1.0,CRITICAL,4,231,,,c21252c11b3d550627d0ca5463379c9c6f3c309bea469b54a2f2ec38a57a4614,0.15647126046127785,0.05876830544058276,0.6015625,-1,True,1181
SB5138,Systemic lupus erythematosus rash,cutaneous epidermal-dermal barrier and local immune structure,abnormal surface-barrier morphology with local inflammatory/vascular fluid redistribution,remaining_5256,e6c668fe94c6977f139b4f0b8f84231f08a18c7dc0e971717a851d1ac39602fb,1,0,0,1,1,1,0.16583307364913458,0.17418042001449963,0.00834734636536505,0.00834734636536505,AWAY_FROM_REFERENCE,1.0,CRITICAL,4,231,,,d12888dd5c7bb8af41a1475f23ac1572e085e3d629b223e5959fe0076782b8d3,0.15647126046127785,0.05876830544058276,0.6015625,-1,True,1182
SB5302,Toxic skin eruption,cutaneous epidermal-dermal barrier and local immune structure,abnormal surface-barrier morphology with local inflammatory/vascular fluid redistribution,remaining_5256,e6c668fe94c6977f139b4f0b8f84231f08a18c7dc0e971717a851d1ac39602fb,1,0,0,1,1,1,0.16583307364913458,0.17418042001449963,0.00834734636536505,0.00834734636536505,AWAY_FROM_REFERENCE,1.0,CRITICAL,4,231,,,eaae82fe5210bc43b13b6c8dc95a71f943f0d824bbaa11ad0f5e3f93bc550527,0.15647126046127785,0.05876830544058276,0.6015625,-1,True,1183
SB5460,Urticaria,cutaneous epidermal-dermal barrier and local immune structure,abnormal surface-barrier morphology with local inflammatory/vascular fluid redistribution,remaining_5256,e6c668fe94c6977f139b4f0b8f84231f08a18c7dc0e971717a851d1ac39602fb,1,0,0,1,1,1,0.16583307364913458,0.17418042001449963,0.00834734636536505,0.00834734636536505,AWAY_FROM_REFERENCE,1.0,CRITICAL,4,231,,,1f5ed2141310813a6765d6a46b9f479f5bae8e4d12142dbc2ba2a751cc732511,0.15647126046127785,0.05876830544058276,0.6015625,-1,True,1184
SB5461,Urticaria chronic,cutaneous epidermal-dermal barrier and local immune structure,abnormal surface-barrier morphology with local inflammatory/vascular fluid redistribution,remaining_5256,e6c668fe94c6977f139b4f0b8f84231f08a18c7dc0e971717a851d1ac39602fb,1,0,0,1,1,1,0.16583307364913458,0.17418042001449963,0.00834734636536505,0.00834734636536505,AWAY_FROM_REFERENCE,1.0,CRITICAL,4,231,,,d126db2af4dcede9fe9e6a2c6ef4a7f85fe3114a55cb35e384cb54e085cd35a0,0.15647126046127785,0.05876830544058276,0.6015625,-1,True,1185
SB5462,Urticaria localised,cutaneous epidermal-dermal barrier and local immune structure,abnormal surface-barrier morphology with local inflammatory/vascular fluid redistribution,remaining_5256,e6c668fe94c6977f139b4f0b8f84231f08a18c7dc0e971717a851d1ac39602fb,1,0,0,1,1,1,0.16583307364913458,0.17418042001449963,0.00834734636536505,0.00834734636536505,AWAY_FROM_REFERENCE,1.0,CRITICAL,4,231,,,2e4b0a8a4936ffb731bca3bbfdaa503c13f0da09a19ba9fd13fe2e318a53fb50,0.15647126046127785,0.05876830544058276,0.6015625,-1,True,1186
SB5463,Urticaria recurrent,cutaneous epidermal-dermal barrier and local immune structure,abnormal surface-barrier morphology with local inflammatory/vascular fluid redistribution,remaining_5256,e6c668fe94c6977f139b4f0b8f84231f08a18c7dc0e971717a851d1ac39602fb,1,0,0,1,1,1,0.16583307364913458,0.17418042001449963,0.00834734636536505,0.00834734636536505,AWAY_FROM_REFERENCE,1.0,CRITICAL,4,231,,,93096e7de59b6f815165d3a9c7742c791a6559bd1abf91e082acd5e1f5d68bb2,0.15647126046127785,0.05876830544058276,0.6015625,-1,True,1187
SB5464,Urticaria vesiculosa,cutaneous epidermal-dermal barrier and local immune structure,abnormal surface-barrier morphology with local inflammatory/vascular fluid redistribution,remaining_5256,e6c668fe94c6977f139b4f0b8f84231f08a18c7dc0e971717a851d1ac39602fb,1,0,0,1,1,1,0.16583307364913458,0.17418042001449963,0.00834734636536505,0.00834734636536505,AWAY_FROM_REFERENCE,1.0,CRITICAL,4,231,,,27bd99f080a8f70a15549e0ff0fa850bd6274ad7ab99e9e2dbdbe0cc2c17cebb,0.15647126046127785,0.05876830544058276,0.6015625,-1,True,1188
SB5593,Vesiculobullous rash,cutaneous epidermal-dermal barrier and local immune structure,abnormal surface-barrier morphology with local inflammatory/vascular fluid redistribution,remaining_5256,e6c668fe94c6977f139b4f0b8f84231f08a18c7dc0e971717a851d1ac39602fb,1,0,0,1,1,1,0.16583307364913458,0.17418042001449963,0.00834734636536505,0.00834734636536505,AWAY_FROM_REFERENCE,1.0,CRITICAL,4,231,,,a19dc0a5ac5373ea31170f08555ad7c0da1ab272aaa0beced370e50ea22f3362,0.15647126046127785,0.05876830544058276,0.6015625,-1,True,1189
SB2565,Hydroureter,"ureteric lumen, peristaltic, and urine-transfer structure","altered configuration or regulated output of the named structure, expressed as the state described by hydroureter",remaining_5256,40ddc0991005e3f9096c5f3d40215133de1e6e3ac80a3ae4a830f9407cceab6c,21,8,0,1,9,1,0.1616130181419575,0.17324484792048434,0.011631829778526837,0.011631829778526837,AWAY_FROM_REFERENCE,0.047619047619047616,MINOR,1,198,,,2eba19e4c74e24b07199ffbf0d2bc1052dac2e579861b4868cc6d7d7f395c6a2,0.15630836793709257,0.06542941211840558,0.5703125,-1,True,1190
SB2197,Gastrointestinal fistula,"intestinal mucosal barrier, smooth-muscle motility, and luminal transport structure",structural continuity failure producing an abnormal opening or separation,remaining_5256,acdb2ffbae0a185153a7f2094114e8dedb04ae95346d01c981c91d2eb372f1ae,276,99,2,11,108,13,0.13610171811992322,0.14816028032848716,0.012058562208563939,0.012058562208563939,AWAY_FROM_REFERENCE,0.03985507246376811,MINOR,1,231,,,2216bc8191f9f4cd262aabc6ab46381f59bd634db69a10836f35976cd0067e73,0.15626677539016925,0.07052350657337714,0.546875,-9,True,1191
SB4628,Respiratory paralysis,"pulmonary airway-alveolar, pleural, and gas-exchange structure",reduced or absent motor neural output and target-tissue activation,remaining_5256,52d06e971f439e82def5e272984575a839a24c00a5bfc7ce99ee9cea4d7a300f,36,15,2,0,13,2,0.15783603849114192,0.16468088325057628,0.006844844759434365,0.006844844759434365,AWAY_FROM_REFERENCE,0.0,INFORMATIONAL,0,231,,,691557cb5a6c78500feae8f3e1df367b144725a30f57d71de44beed3baf7fb3c,0.15626483522066398,0.07223607953739508,0.5390625,2,True,1192
SB3773,Onychia,"nail matrix, plate-production, and periungual structure","altered configuration or regulated output of the named structure, expressed as the state described by onychia",remaining_5256,473df20cbaf93dac08b89671a5c38aff5718de0f155f52d996694a0ef29b79ac,36,8,3,5,10,8,0.1250565934463045,0.13769687646247175,0.012640283016167264,0.012640283016167264,AWAY_FROM_REFERENCE,0.1388888888888889,MINOR,1,230,,,cb830f2750632b0af3a759614c5144fbf9a5e99456bb51303f1e843d54043649,0.15625699478747748,0.06365182291155791,0.578125,-2,True,1193
SB0422,Application site scab,local epidermal-dermal barrier and repair structure,"altered configuration or regulated output of the named structure, expressed as the state described by application site scab",established_478,197e5cb2e6bcbdb474410b0ab2051f0402635043c24f12b9d8f38b8561bc15e2,28,13,2,1,12,3,0.11852602188678696,0.12553293501748553,0.007006913130698567,0.007006913130698567,AWAY_FROM_REFERENCE,0.03571428571428571,MINOR,1,223,,,4847c7bd6a2289bb4bcd538a19caf0372c518a1251adf6ff17152472b8347380,0.15620932014658384,0.07559825627632177,0.5234375,1,True,1194
SB1893,Erythromelalgia,"erythrocyte production, integrity, and oxygen-transport structure",increased nociceptive signaling localized to the named structure,remaining_5256,fd6050bb92f1dc665f499c6db4d47a4aec4f9c3912f3b57ee86ea3454a13e202,15,10,0,1,11,1,0.18221255104794354,0.19355636333253967,0.011343812284596133,0.011343812284596133,AWAY_FROM_REFERENCE,0.06666666666666667,MINOR,1,174,,,0ba8c74da9d6cefe623c23b906acc943eeae64829c631d0bac959ab957298b35,0.1560188401162218,0.06679126843441685,0.5625,-1,True,1195
SB0182,Adrenergic syndrome,sympathetic adrenergic receptor signaling structure,departure from the reference structural configuration or regulated functional range,established_478,901063f76338f0cca84766cd04fe3e7b3dfd341b64ee9d6a038b95c872ed71b7,15,4,3,2,3,5,0.17682368146612326,0.18972015791780183,0.012896476451678573,0.012896476451678573,AWAY_FROM_REFERENCE,0.13333333333333333,MINOR,1,231,,,3536bdfeb9ed07f8301ed0c8e0f18a317c572998ccfba045d209d1bca1e8b40d,0.15601105853401792,0.07021165674880236,0.546875,1,True,1196
SB3190,Lung adenocarcinoma stage I,"pulmonary airway-alveolar, pleural, and gas-exchange structure",clonal proliferative expansion with loss of normal differentiation and replacement of local tissue architecture,remaining_5256,4b6387425fa4f3ec7d7d8395753f84c1911cbde22cc5f57ceaece01ee60db416,36,18,1,0,17,1,0.17672124650139676,0.18420564503680392,0.007484398535407166,0.007484398535407166,AWAY_FROM_REFERENCE,0.0,INFORMATIONAL,0,231,,,a9b43a5afc4149bf796136e12156a092aceb174ec59c0c06c3ad04c6ebeb975a,0.15597204925102892,0.07873877957442554,0.5078125,1,True,1197
SB0597,Bicytopenia,"circulating leukocyte production, distribution, and effector-cell structure",quantity of the named cell/tissue component reduced below the reference range,remaining_5256,1afef68a897df1658c71b3b2cb5ef60490304890e9f1c37ae3ce8bf0b5ddf887,1830,622,90,84,616,174,0.13811481984147245,0.13922984988624876,0.0011150300447763106,0.0011150300447763106,AWAY_FROM_REFERENCE,0.04590163934426229,MINOR,1,231,,,69a218ace6f3acb3980224b737426c15d20a40fb5da064035499559d3709cb61,0.1559560622653813,0.06328483203095281,0.578125,6,True,1198
SB1418,Cytopenia,"circulating leukocyte production, distribution, and effector-cell structure",quantity of the named cell/tissue component reduced below the reference range,remaining_5256,1afef68a897df1658c71b3b2cb5ef60490304890e9f1c37ae3ce8bf0b5ddf887,1830,622,90,84,616,174,0.13811481984147245,0.13922984988624876,0.0011150300447763106,0.0011150300447763106,AWAY_FROM_REFERENCE,0.04590163934426229,MINOR,1,231,,,9204db74c4a804225d7255211a120c9e3de2ce39d87c9884ef6c5578d5c92192,0.1559560622653813,0.06328483203095281,0.578125,6,True,1199
SB3092,Leukopenia,"circulating leukocyte production, distribution, and effector-cell structure",quantity of the named cell/tissue component reduced below the reference range,remaining_5256,1afef68a897df1658c71b3b2cb5ef60490304890e9f1c37ae3ce8bf0b5ddf887,1830,622,90,84,616,174,0.13811481984147245,0.13922984988624876,0.0011150300447763106,0.0011150300447763106,AWAY_FROM_REFERENCE,0.04590163934426229,MINOR,1,231,,,5c16cb06ea209926c3130f188847f75b1f4c482605423292646dd852311ef2ea,0.1559560622653813,0.06328483203095281,0.578125,6,True,1200
SB3943,Pancytopenia,"circulating leukocyte production, distribution, and effector-cell structure",quantity of the named cell/tissue component reduced below the reference range,remaining_5256,1afef68a897df1658c71b3b2cb5ef60490304890e9f1c37ae3ce8bf0b5ddf887,1830,622,90,84,616,174,0.13811481984147245,0.13922984988624876,0.0011150300447763106,0.0011150300447763106,AWAY_FROM_REFERENCE,0.04590163934426229,MINOR,1,231,,,0cf3a7640c92bfa7c21dbef7977e65f26927112b77ea47fcb0a4ad76d87d357c,0.1559560622653813,0.06328483203095281,0.578125,6,True,1201
SB0980,Carditis,"integrated cardiac pump, myocardial viability, and cardiopulmonary circulation structure","localized inflammatory activation with cellular infiltration, vascular change, and tissue-function perturbation",remaining_5256,248a978114ae3e146c5adfe66fbf1c7deadd7df7efa7c7c7e90c8955e4551637,1,1,1,0,0,1,0.09159926110132521,0.0928322442019669,0.0012329831006416825,0.0012329831006416825,AWAY_FROM_REFERENCE,0.0,INFORMATIONAL,0,231,,,15016e544c2a4d58f9e06c218204cc1ddb986ad6322df75298d7753ac3195dc0,0.15594690014758555,0.06327365871656776,0.578125,1,True,1202
SB1755,Electrocardiogram ST segment abnormal,"cardiac conduction, depolarization, repolarization, and rhythm structure",departure from the reference structural configuration or regulated functional range,remaining_5256,5724ee6cc84c6fce93d78e24bdd1f91343588c2bd2d9817be3a2ebe0f8c5bd8d,703,201,22,28,207,50,0.10802585056866543,0.11597160768689718,0.007945757118231755,0.007945757118231755,AWAY_FROM_REFERENCE,0.03982930298719772,MINOR,1,230,,,ac4dd35938a8970d4a9a9b0a22887279e022ffb8a9305a98b6ed5a3e1ad4ab03,0.1557537613562403,0.06646800165395161,0.5625,-6,True,1203
SB1759,Electrocardiogram ST-T segment abnormal,"cardiac conduction, depolarization, repolarization, and rhythm structure",departure from the reference structural configuration or regulated functional range,remaining_5256,5724ee6cc84c6fce93d78e24bdd1f91343588c2bd2d9817be3a2ebe0f8c5bd8d,703,201,22,28,207,50,0.10802585056866543,0.11597160768689718,0.007945757118231755,0.007945757118231755,AWAY_FROM_REFERENCE,0.03982930298719772,MINOR,1,230,,,04543f5b2486526c610e873b12270e11e1d3ef0a167b1cb653f10b296c091e19,0.1557537613562403,0.06646800165395161,0.5625,-6,True,1204
SB1760,Electrocardiogram T wave abnormal,"cardiac conduction, depolarization, repolarization, and rhythm structure",departure from the reference structural configuration or regulated functional range,remaining_5256,5724ee6cc84c6fce93d78e24bdd1f91343588c2bd2d9817be3a2ebe0f8c5bd8d,703,201,22,28,207,50,0.10802585056866543,0.11597160768689718,0.007945757118231755,0.007945757118231755,AWAY_FROM_REFERENCE,0.03982930298719772,MINOR,1,230,,,158bc9623807193231c64491d96b60704cb3f16c1fab4212fc929f17c432316b,0.1557537613562403,0.06646800165395161,0.5625,-6,True,1205
SB1765,Electrocardiogram abnormal,"cardiac conduction, depolarization, repolarization, and rhythm structure",departure from the reference structural configuration or regulated functional range,remaining_5256,5724ee6cc84c6fce93d78e24bdd1f91343588c2bd2d9817be3a2ebe0f8c5bd8d,703,201,22,28,207,50,0.10802585056866543,0.11597160768689718,0.007945757118231755,0.007945757118231755,AWAY_FROM_REFERENCE,0.03982930298719772,MINOR,1,230,,,7da89b3830655ebcf5e890168cfa982f85ccd2af30cf2559a48c706f66f880fc,0.1557537613562403,0.06646800165395161,0.5625,-6,True,1206
SB1766,Electrocardiogram abnormal specific,"cardiac conduction, depolarization, repolarization, and rhythm structure",departure from the reference structural configuration or regulated functional range,remaining_5256,5724ee6cc84c6fce93d78e24bdd1f91343588c2bd2d9817be3a2ebe0f8c5bd8d,703,201,22,28,207,50,0.10802585056866543,0.11597160768689718,0.007945757118231755,0.007945757118231755,AWAY_FROM_REFERENCE,0.03982930298719772,MINOR,1,230,,,8a4772e666373dc35e65c047a78f830bd8356c8ac899333981de0a16a9c7090b,0.1557537613562403,0.06646800165395161,0.5625,-6,True,1207
SB3182,Low set ears,cochlear-mechanical and auditory-neural transduction structure,measured or functional quantity shifted below its reference structural range,remaining_5256,e65ba58b7a80eb0446e94469ab6f8df14c5d61fda8f16149e837921fc66e40f4,276,82,4,7,85,11,0.14676001836035968,0.15997117768602143,0.013211159325661748,0.013211159325661748,AWAY_FROM_REFERENCE,0.025362318840579712,MINOR,1,230,,,96f13ba757d5de7de2793669b0ba71286b51725c137b8dd1975336a8df1197b3,0.1556379084498532,0.07147153469494294,0.5390625,-3,True,1208
SB2533,High frequency deafness,cochlear-mechanical and auditory-neural transduction structure,measured or functional quantity shifted above its reference structural range,remaining_5256,2ae0b5339894946ccb2ef7bf3a1aa019a8a2a8ec1cdd385ade4e59c27fc469bf,276,77,3,11,85,14,0.14559857945926225,0.1587751485195792,0.013176569060316945,0.013176569060316945,AWAY_FROM_REFERENCE,0.03985507246376811,MINOR,1,230,,,eba1d85fd62adfcbd4865880ac419c8e6df64cf8c0988d5dacf62a9c3a17572a,0.1556379084498441,0.07147153469493184,0.5390625,-8,True,1209
SB0104,Acute allergic reaction,mast-cell histamine and adaptive-immune response structure,"exaggerated immune-recognition/effector activation causing barrier, vascular, or smooth-muscle perturbation",established_478,096dc65c97a2d9922a6d30e95062dcdbcf8a5a6d619b6bd864613985f3841c04,136,67,9,5,63,14,0.15465461241315825,0.15744689535548195,0.0027922829423236983,0.0027922829423236983,AWAY_FROM_REFERENCE,0.03676470588235294,MINOR,1,231,,,554e7072c667497116cc3db67891fb2d49573d5da35f9012a2b819a6a4582559,0.15545477967134094,0.06610338984309871,0.5625,4,True,1210
SB0240,Allergy aggravated,mast-cell histamine and adaptive-immune response structure,"exaggerated immune-recognition/effector activation causing barrier, vascular, or smooth-muscle perturbation",established_478,096dc65c97a2d9922a6d30e95062dcdbcf8a5a6d619b6bd864613985f3841c04,136,67,9,5,63,14,0.15465461241315825,0.15744689535548195,0.0027922829423236983,0.0027922829423236983,AWAY_FROM_REFERENCE,0.03676470588235294,MINOR,1,231,,,e13bd4c01e8b223473c147c75acaa09599363d33306ad100b7588b27f28fdfec,0.15545477967134094,0.06610338984309871,0.5625,4,True,1211
SB0478,Aspergillosis,pulmonary airway-alveolar antifungal immune-barrier structure,pathogen-associated occupation/invasion with host-defense activation and local structural disruption,established_478,e52144cfdf749bda3c3b55c7111410fa26d6b9e577a88681e2e6121bf30056a2,378,119,10,11,120,21,0.1395198723085861,0.14599600412061298,0.006476131812026886,0.006476131812026886,AWAY_FROM_REFERENCE,0.0291005291005291,MINOR,1,230,,,3fbe374d8a4e6876640ce58c9b2be0c23c43040f9033e347179d012a6586aedf,0.15540010061795173,0.06603670807067286,0.5625,-1,True,1212
SB3935,Pancreatitis,pancreatic endocrine-exocrine parenchymal and ductal structure,"localized inflammatory activation with cellular infiltration, vascular change, and tissue-function perturbation",remaining_5256,0dbc7af9548ffc40a9fc56762123535206437763e5b0a703713be11b3f3b62a6,91,41,2,4,43,6,0.15891218580434396,0.1759263704233569,0.01701418461901294,0.01701418461901294,AWAY_FROM_REFERENCE,0.04395604395604396,MINOR,1,230,,,2bfd11cf6d9a4d561b240010fc1affcdf53bb47ae25448d05df28e63228f66cc,0.15536954317391874,0.0745741380169741,0.5234375,-2,True,1213
SB3936,Pancreatitis acute,pancreatic endocrine-exocrine parenchymal and ductal structure,"localized inflammatory activation with cellular infiltration, vascular change, and tissue-function perturbation",remaining_5256,0dbc7af9548ffc40a9fc56762123535206437763e5b0a703713be11b3f3b62a6,91,41,2,4,43,6,0.15891218580434396,0.1759263704233569,0.01701418461901294,0.01701418461901294,AWAY_FROM_REFERENCE,0.04395604395604396,MINOR,1,230,,,fdfb26da716b2d7f060f2e31a76fc374f2e59c0fe73dad51405d572c2149c5a9,0.15536954317391874,0.0745741380169741,0.5234375,-2,True,1214
SB3937,Pancreatitis acute on chronic,pancreatic endocrine-exocrine parenchymal and ductal structure,"localized inflammatory activation with cellular infiltration, vascular change, and tissue-function perturbation",remaining_5256,0dbc7af9548ffc40a9fc56762123535206437763e5b0a703713be11b3f3b62a6,91,41,2,4,43,6,0.15891218580434396,0.1759263704233569,0.01701418461901294,0.01701418461901294,AWAY_FROM_REFERENCE,0.04395604395604396,MINOR,1,230,,,50feb99abaa395c83feaa76d2bc0575940cdb5da6bd5fd8b8328d35fa5a2c9a7,0.15536954317391874,0.0745741380169741,0.5234375,-2,True,1215
SB3938,Pancreatitis aggravated,pancreatic endocrine-exocrine parenchymal and ductal structure,"localized inflammatory activation with cellular infiltration, vascular change, and tissue-function perturbation",remaining_5256,0dbc7af9548ffc40a9fc56762123535206437763e5b0a703713be11b3f3b62a6,91,41,2,4,43,6,0.15891218580434396,0.1759263704233569,0.01701418461901294,0.01701418461901294,AWAY_FROM_REFERENCE,0.04395604395604396,MINOR,1,230,,,62e9f9370e507036a2b01399d33d97f5313ab68f670186be8eff8b7ad87987fa,0.15536954317391874,0.0745741380169741,0.5234375,-2,True,1216
SB3939,Pancreatitis chronic,pancreatic endocrine-exocrine parenchymal and ductal structure,"localized inflammatory activation with cellular infiltration, vascular change, and tissue-function perturbation",remaining_5256,0dbc7af9548ffc40a9fc56762123535206437763e5b0a703713be11b3f3b62a6,91,41,2,4,43,6,0.15891218580434396,0.1759263704233569,0.01701418461901294,0.01701418461901294,AWAY_FROM_REFERENCE,0.04395604395604396,MINOR,1,230,,,01e96b7d12e067d6c491d9ef86b51776d2570ffe81b13896e8158c3af927bff0,0.15536954317391874,0.0745741380169741,0.5234375,-2,True,1217
SB3941,Pancreatitis haemorrhagic,pancreatic endocrine-exocrine parenchymal and ductal structure,"localized inflammatory activation with cellular infiltration, vascular change, and tissue-function perturbation",remaining_5256,0dbc7af9548ffc40a9fc56762123535206437763e5b0a703713be11b3f3b62a6,91,41,2,4,43,6,0.15891218580434396,0.1759263704233569,0.01701418461901294,0.01701418461901294,AWAY_FROM_REFERENCE,0.04395604395604396,MINOR,1,230,,,0ad6623a3988922b75b3861ff272709067442d8442cfcdc227434f3eee72c6dc,0.15536954317391874,0.0745741380169741,0.5234375,-2,True,1218
SB3942,Pancreatitis necrotising,pancreatic endocrine-exocrine parenchymal and ductal structure,"localized inflammatory activation with cellular infiltration, vascular change, and tissue-function perturbation",remaining_5256,0dbc7af9548ffc40a9fc56762123535206437763e5b0a703713be11b3f3b62a6,91,41,2,4,43,6,0.15891218580434396,0.1759263704233569,0.01701418461901294,0.01701418461901294,AWAY_FROM_REFERENCE,0.04395604395604396,MINOR,1,230,,,57c02712abbb62fbe53372abdf97c0fa4f831ed96de97d9ee51d043601fdf995,0.15536954317391874,0.0745741380169741,0.5234375,-2,True,1219
SB1463,Demyelinating polyneuropathy,peripheral sensory-nerve axonal conduction structure,structural-functional tissue disorder with impaired normal operation of the named structure,remaining_5256,7db04537c176b8aa767f9493b3f60e7f8fc5236559bd1dfcb08afe54490c4d11,6,5,1,0,4,1,0.17914897313758893,0.18631134886861955,0.0071623757310306235,0.0071623757310306235,AWAY_FROM_REFERENCE,0.0,INFORMATIONAL,0,223,,,bdbe28980fde59063d23c2bf6071b8aa83805d8eb9dd84ebfa37435036843e0d,0.15533780929653346,0.06424580402016278,0.5703125,1,True,1220
SB3395,Mononeuropathy,peripheral sensory-nerve axonal conduction structure,structural-functional tissue disorder with impaired normal operation of the named structure,remaining_5256,7db04537c176b8aa767f9493b3f60e7f8fc5236559bd1dfcb08afe54490c4d11,6,5,1,0,4,1,0.17914897313758893,0.18631134886861955,0.0071623757310306235,0.0071623757310306235,AWAY_FROM_REFERENCE,0.0,INFORMATIONAL,0,223,,,a6a85fe9f33bd9c727f24fb7d9490c05ae153c178315172e2beeca949412bd6b,0.15533780929653346,0.06424580402016278,0.5703125,1,True,1221
SB4242,Polyneuropathy,peripheral sensory-nerve axonal conduction structure,structural-functional tissue disorder with impaired normal operation of the named structure,remaining_5256,7db04537c176b8aa767f9493b3f60e7f8fc5236559bd1dfcb08afe54490c4d11,6,5,1,0,4,1,0.17914897313758893,0.18631134886861955,0.0071623757310306235,0.0071623757310306235,AWAY_FROM_REFERENCE,0.0,INFORMATIONAL,0,223,,,fbaf09f8a5399f0e8bc2104aca22cde89494013c96b0cdfcb470d12c27a97507,0.15533780929653346,0.06424580402016278,0.5703125,1,True,1222
SB3757,Oesophageal ulcer,"oesophageal mucosal, peristaltic, and sphincter-control structure",localized epithelial or tissue-surface loss with reduced barrier continuity,remaining_5256,d45bda4eb77e21df33db20e2b126e3639a0fa63fc88190e8944bacb6919daed7,28,11,1,1,11,2,0.13332693871154222,0.14174599092080564,0.008419052209263422,0.008419052209263422,AWAY_FROM_REFERENCE,0.03571428571428571,MINOR,1,231,,,0c09ed3ad2c5b486617ac278463cea467966118ff4b1eb6594bd5091b3469409,0.15532562456257187,0.0728056397104535,0.53125,0,True,1223
SB3534,Nail thinning,"nail matrix, plate-production, and periungual structure","altered configuration or regulated output of the named structure, expressed as the state described by nail thinning",remaining_5256,3b2b38e38b4e34bd7340e38fe3d28e170af1154810879b069599bb12d88afea4,36,9,2,3,10,5,0.12268532452145409,0.13559737759945045,0.012912053077996366,0.012912053077996366,AWAY_FROM_REFERENCE,0.08333333333333333,MINOR,1,230,,,7c754fdae6ba4461fffd9a0de0b436b44d14c804e936b36153a6c5ee5d6dfc16,0.15512769968747367,0.06398957278960204,0.5703125,-1,True,1224
SB5110,Sweat gland disorder,eccrine-apocrine sweat-gland secretory structure,departure from the reference structural configuration or regulated functional range,remaining_5256,de733e18c8c6c9ef7b40f11e4dcb673b908aa368c5a580ec2f2a53150fed5228,105,51,5,0,46,5,0.20324717285159033,0.2117829463374351,0.008535773485844778,0.008535773485844778,AWAY_FROM_REFERENCE,0.0,INFORMATIONAL,0,174,,,4399dd4e6eab8e5356de8405ee2d6d83fdca2fbfe35f947feda0379536099bdb,0.15507111759335307,0.06906538730896716,0.546875,5,True,1225
SB4160,Pituitary infarction,hypothalamic-pituitary hormone-control and release structure,sustained perfusion failure with loss of local tissue viability,remaining_5256,44f73808348284d1e46185fee7268b1535b689f6afc5330f6a1af36b57c7a0e6,741,389,64,32,357,96,0.20446613417795734,0.20375368244820002,-0.000712451729757313,0.000712451729757313,TOWARD_REFERENCE,0.043184885290148446,MINOR,1,174,,,7743e1ffbe24d1c9edf05137f23c1ddbbd2e216fbd68da971bb29d1e3d5412e8,0.15492504369370397,0.06374243133378532,0.5703125,32,True,1226
SB5598,Vestibular ataxia,vestibular sensory-transduction and balance-control structure,loss of coordinated timing and integration of sensorimotor output,remaining_5256,49682b7771bf8f9e1a264bd7bfb1ca7ecea278cbfe75f4770ac3dd061a976c0f,15,4,0,1,5,1,0.21528586108023706,0.22469596202069164,0.00941010094045458,0.00941010094045458,AWAY_FROM_REFERENCE,0.06666666666666667,MINOR,1,198,,,6f9f803b4d88e89ec8cad5ceba5c22f16cc1d58b962f3f820ffd572e54d74769,0.15487518842068346,0.07397126636668716,0.5234375,-1,True,1227
SB0489,Asthma,bronchial smooth-muscle tone and airway-caliber structure,episodic bronchial smooth-muscle narrowing with airway hyperresponsiveness and variable airflow limitation,remaining_5256,25fa3c7de8487a8052f0b18ca7ae065b225bb8ceeb3cf2a54e6778fb7ae76da5,300,134,11,1,124,12,0.14982107078606366,0.15612279789232386,0.006301727106260202,0.006301727106260202,AWAY_FROM_REFERENCE,0.0033333333333333335,MINOR,1,231,,,8c7a1093879d98b6cfc2cb1cbcc6dbbdc92e520d52411e6ad498f24427f8227d,0.1547174722670101,0.06863411252074403,0.546875,10,True,1228
SB0490,Asthma aggravated,bronchial smooth-muscle tone and airway-caliber structure,episodic bronchial smooth-muscle narrowing with airway hyperresponsiveness and variable airflow limitation,remaining_5256,25fa3c7de8487a8052f0b18ca7ae065b225bb8ceeb3cf2a54e6778fb7ae76da5,300,134,11,1,124,12,0.14982107078606366,0.15612279789232386,0.006301727106260202,0.006301727106260202,AWAY_FROM_REFERENCE,0.0033333333333333335,MINOR,1,231,,,627bbc0713194e54dafb57255b5f4d1e45a41f63de911f50d8cedab79aedb6f0,0.1547174722670101,0.06863411252074403,0.546875,10,True,1229
SB0491,Asthmatic attack,bronchial smooth-muscle tone and airway-caliber structure,episodic bronchial smooth-muscle narrowing with airway hyperresponsiveness and variable airflow limitation,remaining_5256,25fa3c7de8487a8052f0b18ca7ae065b225bb8ceeb3cf2a54e6778fb7ae76da5,300,134,11,1,124,12,0.14982107078606366,0.15612279789232386,0.006301727106260202,0.006301727106260202,AWAY_FROM_REFERENCE,0.0033333333333333335,MINOR,1,231,,,2958ed444ce9aa989d553e8edeb0986de20945376cf996d92aff5b5ab9615021,0.1547174722670101,0.06863411252074403,0.546875,10,True,1230
SB1910,Exacerbation of asthma,bronchial smooth-muscle tone and airway-caliber structure,episodic bronchial smooth-muscle narrowing with airway hyperresponsiveness and variable airflow limitation,remaining_5256,25fa3c7de8487a8052f0b18ca7ae065b225bb8ceeb3cf2a54e6778fb7ae76da5,300,134,11,1,124,12,0.14982107078606366,0.15612279789232386,0.006301727106260202,0.006301727106260202,AWAY_FROM_REFERENCE,0.0033333333333333335,MINOR,1,231,,,5a5d188259f9f924a9de323db37356af8c9f8021c13535c3b72ad4fe7b9a4a63,0.1547174722670101,0.06863411252074403,0.546875,10,True,1231
SB1822,Enteritis,"intestinal mucosal barrier, smooth-muscle motility, and luminal transport structure","localized inflammatory activation with cellular infiltration, vascular change, and tissue-function perturbation",remaining_5256,6cf87b00ac98cd17ad334b7ae90d5ec10dca790109d7514acc905c902fc2cb7d,276,71,9,14,76,23,0.12693444995724656,0.1391828068446861,0.012248356887439527,0.012248356887439527,AWAY_FROM_REFERENCE,0.050724637681159424,MINOR,1,231,,,e5376b9ce0644470d9cebb72d2a627d3dbf18151c1331fcaf64b7023f810f2b8,0.15454214011149622,0.07013523184328807,0.5390625,-5,True,1232
SB2188,Gastroenteritis,"intestinal mucosal barrier, smooth-muscle motility, and luminal transport structure","localized inflammatory activation with cellular infiltration, vascular change, and tissue-function perturbation",remaining_5256,6cf87b00ac98cd17ad334b7ae90d5ec10dca790109d7514acc905c902fc2cb7d,276,71,9,14,76,23,0.12693444995724656,0.1391828068446861,0.012248356887439527,0.012248356887439527,AWAY_FROM_REFERENCE,0.050724637681159424,MINOR,1,231,,,511882fe3e36cba687b00c517b41f52283c2b8ca190f224ff961ef34d6d9509a,0.15454214011149622,0.07013523184328807,0.5390625,-5,True,1233
SB2189,Gastroenteritis adenovirus,"intestinal mucosal barrier, smooth-muscle motility, and luminal transport structure","localized inflammatory activation with cellular infiltration, vascular change, and tissue-function perturbation",remaining_5256,6cf87b00ac98cd17ad334b7ae90d5ec10dca790109d7514acc905c902fc2cb7d,276,71,9,14,76,23,0.12693444995724656,0.1391828068446861,0.012248356887439527,0.012248356887439527,AWAY_FROM_REFERENCE,0.050724637681159424,MINOR,1,231,,,431e325a9555192a0b7d4ea98d8bb248170eb98af02a97877dae6da3c727ec61,0.15454214011149622,0.07013523184328807,0.5390625,-5,True,1234
SB2191,Gastroenteritis yersinia,"intestinal mucosal barrier, smooth-muscle motility, and luminal transport structure","localized inflammatory activation with cellular infiltration, vascular change, and tissue-function perturbation",remaining_5256,6cf87b00ac98cd17ad334b7ae90d5ec10dca790109d7514acc905c902fc2cb7d,276,71,9,14,76,23,0.12693444995724656,0.1391828068446861,0.012248356887439527,0.012248356887439527,AWAY_FROM_REFERENCE,0.050724637681159424,MINOR,1,231,,,b80dddda311895bdd39de1d5388da1f596c6bd5dd99f0c618a3c8b3c17e0417c,0.15454214011149622,0.07013523184328807,0.5390625,-5,True,1235
SB0403,Application site exfoliation,local epidermal-dermal barrier and repair structure,"altered configuration or regulated output of the named structure, expressed as the state described by application site exfoliation",established_478,99dc9c6e66c2d66b49af295f9218c64f7ee51fdce3843765b2411b900db259a9,28,12,2,2,12,4,0.1201593807061705,0.12684936724000817,0.006689986533837677,0.006689986533837677,AWAY_FROM_REFERENCE,0.07142857142857142,MINOR,1,223,,,5668154af308980f46336305e94affdae003a7c59991c5895b8bc4ce68cdc078,0.15449842464889504,0.07179685932792079,0.53125,0,True,1236
SB2309,Glycosylated haemoglobin increased,"erythrocyte production, integrity, and oxygen-transport structure",measured or functional quantity shifted above its reference structural range,remaining_5256,b29ada00212d1b3ccb52b50f3558ecb0125f8dc39a90cb09aba2b90e3898b01c,15,10,1,0,9,1,0.15363798164308662,0.16353262150482362,0.009894639861736998,0.009894639861736998,AWAY_FROM_REFERENCE,0.0,INFORMATIONAL,0,174,,,1a2d3fb589869b257bf2727bae8db8f85513986d96b7e18f816527e558fd3930,0.15442044011075423,0.06655693915945637,0.5546875,1,True,1237
SB2356,Haematocrit increased,"erythrocyte production, integrity, and oxygen-transport structure",measured or functional quantity shifted above its reference structural range,remaining_5256,b29ada00212d1b3ccb52b50f3558ecb0125f8dc39a90cb09aba2b90e3898b01c,15,10,1,0,9,1,0.15363798164308662,0.16353262150482362,0.009894639861736998,0.009894639861736998,AWAY_FROM_REFERENCE,0.0,INFORMATIONAL,0,174,,,c7cd65ec12fa824fc58d416b3c707d48674ff081b347f40290920e279a14b09f,0.15442044011075423,0.06655693915945637,0.5546875,1,True,1238
SB2369,Haemoglobin increased,"erythrocyte production, integrity, and oxygen-transport structure",measured or functional quantity shifted above its reference structural range,remaining_5256,b29ada00212d1b3ccb52b50f3558ecb0125f8dc39a90cb09aba2b90e3898b01c,15,10,1,0,9,1,0.15363798164308662,0.16353262150482362,0.009894639861736998,0.009894639861736998,AWAY_FROM_REFERENCE,0.0,INFORMATIONAL,0,174,,,ae8c20283731d152411d1ecad3865647cf11b02704cc896b73b4f82d5dfd440f,0.15442044011075423,0.06655693915945637,0.5546875,1,True,1239
SB4551,Red blood cell count increased,"erythrocyte production, integrity, and oxygen-transport structure",measured or functional quantity shifted above its reference structural range,remaining_5256,b29ada00212d1b3ccb52b50f3558ecb0125f8dc39a90cb09aba2b90e3898b01c,15,10,1,0,9,1,0.15363798164308662,0.16353262150482362,0.009894639861736998,0.009894639861736998,AWAY_FROM_REFERENCE,0.0,INFORMATIONAL,0,174,,,096d57943c736a15974ddd5d1f077f6fa16a43fa6183f2b89b130033938fe11f,0.15442044011075423,0.06655693915945637,0.5546875,1,True,1240
SB4552,Red blood cell sedimentation rate increased,"erythrocyte production, integrity, and oxygen-transport structure",measured or functional quantity shifted above its reference structural range,remaining_5256,b29ada00212d1b3ccb52b50f3558ecb0125f8dc39a90cb09aba2b90e3898b01c,15,10,1,0,9,1,0.15363798164308662,0.16353262150482362,0.009894639861736998,0.009894639861736998,AWAY_FROM_REFERENCE,0.0,INFORMATIONAL,0,174,,,3937b6e94feda8e7a031852a0acc51b44db62faa3eb36626a00a2e0136597ed5,0.15442044011075423,0.06655693915945637,0.5546875,1,True,1241
SB2308,Glycosylated haemoglobin decreased,"erythrocyte production, integrity, and oxygen-transport structure",measured or functional quantity shifted below its reference structural range,remaining_5256,f7c0085c0c889d89d2ed03f3f1a48c5e6e47465514a29cf662cdbac6633a432d,15,10,1,0,9,1,0.1596217965345732,0.16999193625226217,0.010370139717688964,0.010370139717688964,AWAY_FROM_REFERENCE,0.0,INFORMATIONAL,0,174,,,34f3566d6ca40535f68faecfa8cb6f26de3eb39321881eab40d704af2de9a792,0.15442044011075412,0.06655693915945626,0.5546875,1,True,1242
SB2355,Haematocrit decreased,"erythrocyte production, integrity, and oxygen-transport structure",measured or functional quantity shifted below its reference structural range,remaining_5256,f7c0085c0c889d89d2ed03f3f1a48c5e6e47465514a29cf662cdbac6633a432d,15,10,1,0,9,1,0.1596217965345732,0.16999193625226217,0.010370139717688964,0.010370139717688964,AWAY_FROM_REFERENCE,0.0,INFORMATIONAL,0,174,,,709a90b05c68f70adb205121a318746b76d5a06bffeb933915e855350cd93b29,0.15442044011075412,0.06655693915945626,0.5546875,1,True,1243
SB2368,Haemoglobin decreased,"erythrocyte production, integrity, and oxygen-transport structure",measured or functional quantity shifted below its reference structural range,remaining_5256,f7c0085c0c889d89d2ed03f3f1a48c5e6e47465514a29cf662cdbac6633a432d,15,10,1,0,9,1,0.1596217965345732,0.16999193625226217,0.010370139717688964,0.010370139717688964,AWAY_FROM_REFERENCE,0.0,INFORMATIONAL,0,174,,,5ba3943c27110b04d04ded36c6e007572888e477cf0ba8ecdea68e232fb0ca88,0.15442044011075412,0.06655693915945626,0.5546875,1,True,1244
SB4550,Red blood cell count decreased,"erythrocyte production, integrity, and oxygen-transport structure",measured or functional quantity shifted below its reference structural range,remaining_5256,f7c0085c0c889d89d2ed03f3f1a48c5e6e47465514a29cf662cdbac6633a432d,15,10,1,0,9,1,0.1596217965345732,0.16999193625226217,0.010370139717688964,0.010370139717688964,AWAY_FROM_REFERENCE,0.0,INFORMATIONAL,0,174,,,546f0f58e10828a12020ef78cb2f6936fa6658a5067571d6074a23dd0c5ee795,0.15442044011075412,0.06655693915945626,0.5546875,1,True,1245
SB3774,Onychoclasis,"nail matrix, plate-production, and periungual structure","altered configuration or regulated output of the named structure, expressed as the state described by onychoclasis",remaining_5256,e72f0ac513da38c67d983d89ce201be2e217c945779d5eb1bc1a41042f01f978,36,10,2,4,12,6,0.13275802094808187,0.14484907970945704,0.012091058761375173,0.012091058761375173,AWAY_FROM_REFERENCE,0.1111111111111111,MINOR,1,230,,,660821bb2e856b65c32c86662cf03b2055136b35c8f2ec693894c468864e8774,0.15441212244173003,0.06311691761186589,0.5703125,-2,True,1246
SB1494,Dermatitis eyelid,"cutaneous epidermal-dermal barrier, appendage, vascular, and immune structure","localized or systemic inflammatory activation with altered barrier, vascular, and cellular organization",remaining_5256,909d496c3d4ac809f4abd2771e6035582f73971e72d577aebf9cc80d9167be31,300,126,4,10,132,14,0.17787977884159856,0.19077931426284722,0.012899535421248665,0.012899535421248665,AWAY_FROM_REFERENCE,0.03333333333333333,MINOR,1,231,,,ec1a9bbd0d6a4cb796ec99c3e5fbccfdc0d1ae282f4701aae5cc056b11905643,0.1543095471830049,0.07156652095488403,0.53125,-6,True,1247
SB0424,Application site skin breakdown,local epidermal-dermal barrier and repair structure,"altered configuration or regulated output of the named structure, expressed as the state described by application site skin breakdown",established_478,648042a67ab2eef688998abc1d4a47a194f27b431ce02a2d0a304fbb15b0e859,28,14,1,1,14,2,0.11909267822405245,0.1263619570397566,0.007269278815704161,0.007269278815704161,AWAY_FROM_REFERENCE,0.03571428571428571,MINOR,1,223,,,6fe41637b799842c44889bf427727e2d470be873b2a8e6c360a6911864f8e1ee,0.15425052198914535,0.07492441705993336,0.515625,0,True,1248
SB5539,Vascular resistance pulmonary increased,"pulmonary airway-alveolar, pleural, and gas-exchange structure",measured or functional quantity shifted above its reference structural range,remaining_5256,6d50eb8f9e639db1275ffc905218c9f73549bf20a20b19d5fd81ba33c3901626,36,15,0,1,16,1,0.19683213403895017,0.20116659839779327,0.004334464358843104,0.004334464358843104,AWAY_FROM_REFERENCE,0.027777777777777776,MINOR,1,231,,,9e4093dff4a773ac6b52500a4356cd40a4356a4064d95b5e8a81882c2b470079,0.15413278137233627,0.07135095289309301,0.53125,-1,True,1249
SB0073,Accommodation disorder,ciliary-muscle lens-accommodation structure,departure from the reference structural configuration or regulated functional range,established_478,308ff0d62fb9c811298c588f12746eef8bfab9dce77a5ab6fe9e4101aa8e05a9,66,40,3,2,39,5,0.20687682031618027,0.20262627013368295,-0.004250550182497315,0.004250550182497315,TOWARD_REFERENCE,0.030303030303030304,MINOR,1,144,,,173852214e3b0f4f79669b5cc8f8fdcc025dd363bd388acba195075f31821f93,0.1540277045025072,0.06779293232013073,0.546875,1,True,1250
SB3532,Nail pigmentation,"nail matrix, plate-production, and periungual structure","altered configuration or regulated output of the named structure, expressed as the state described by nail pigmentation",remaining_5256,86ecba3146294e66ad1deac4bbac35004991fe2038a536a2ac10cecf609cf896,36,12,4,2,10,6,0.12137580604655462,0.1342839102170621,0.012908104170507473,0.012908104170507473,AWAY_FROM_REFERENCE,0.05555555555555555,MINOR,1,230,,,deef15553c042c5a5343b6c899f7e43e54966a0e6eec0ff1c06a05cf2641840b,0.15392613469004562,0.06252424962200687,0.5703125,2,True,1251
SB3753,Oesophageal rupture,"oesophageal mucosal, peristaltic, and sphincter-control structure",structural continuity failure producing an abnormal opening or separation,remaining_5256,cd9520f4c44a5841acd6498da11f3f854820a526f788346257ec2f5846fe9fc3,28,8,2,0,6,2,0.12159041168040452,0.12972211127433997,0.008131699593935449,0.008131699593935449,AWAY_FROM_REFERENCE,0.0,INFORMATIONAL,0,231,,,8e03936effa4f02b7482bcde3937bbd1bdc23f7b8425c87bb14ba471eb2aac88,0.15368006430162107,0.0776586150019769,0.5,2,True,1252
SB0866,Bronchospasm,bronchial smooth-muscle tone and airway-caliber structure,"altered configuration or regulated output of the named structure, expressed as the state described by bronchospasm",remaining_5256,0fe4131b903b703905b1d0138f5de0c9b0ad4638598bcc25800ec7ed1cffab16,300,104,7,4,101,11,0.12319353663473243,0.1301820476693598,0.006988511034627387,0.006988511034627387,AWAY_FROM_REFERENCE,0.013333333333333334,MINOR,1,231,,,cf6d267c7a8afe4814499f1458f4913533f8d160022f8f7a10d4580fd5bd4815,0.15365995339800295,0.07248927243658898,0.5234375,3,True,1253
SB4199,Pneumatosis cystoides intestinalis,"intestinal mucosal barrier, smooth-muscle motility, and luminal transport structure","abnormal structural accumulation, degeneration, remodeling, or chronic state within the named structure",remaining_5256,bd121ece91235eee1de196598eeb98dd767e421c4a17590fcc7d3a35d3d7b2e1,276,103,6,10,107,16,0.1078982853253807,0.12019106519967304,0.012292779874292337,0.012292779874292337,AWAY_FROM_REFERENCE,0.036231884057971016,MINOR,1,231,,,0d18dc1d04ba2a73afce92d07447050656d201958bb46deba9d5bafcd99b1784,0.1536435963656713,0.07246932483618451,0.5234375,-4,True,1254
SB4200,Pneumatosis intestinalis,"intestinal mucosal barrier, smooth-muscle motility, and luminal transport structure","abnormal structural accumulation, degeneration, remodeling, or chronic state within the named structure",remaining_5256,bd121ece91235eee1de196598eeb98dd767e421c4a17590fcc7d3a35d3d7b2e1,276,103,6,10,107,16,0.1078982853253807,0.12019106519967304,0.012292779874292337,0.012292779874292337,AWAY_FROM_REFERENCE,0.036231884057971016,MINOR,1,231,,,8c6df027a427934ff7405a55a78e6640d4f24dc7c34c244a3b4e1d493f444ace,0.1536435963656713,0.07246932483618451,0.5234375,-4,True,1255
SB2219,Gastrointestinal ulcer,"intestinal mucosal barrier, smooth-muscle motility, and luminal transport structure",localized epithelial or tissue-surface loss with reduced barrier continuity,remaining_5256,cc62f623519588a33fc0adcaa057d86440215133fd35b89454250ead4afc047e,276,80,5,13,88,18,0.11934724960981102,0.13065170075241017,0.011304451142599148,0.011304451142599148,AWAY_FROM_REFERENCE,0.04710144927536232,MINOR,1,231,,,538c227f6eb72be3f415d5c29af747445d3d653411d4ea96d149753f5b9ec08a,0.15362741668786464,0.06730477644861543,0.546875,-8,True,1256
SB2221,Gastrointestinal ulcer perforation,"intestinal mucosal barrier, smooth-muscle motility, and luminal transport structure",localized epithelial or tissue-surface loss with reduced barrier continuity,remaining_5256,cc62f623519588a33fc0adcaa057d86440215133fd35b89454250ead4afc047e,276,80,5,13,88,18,0.11934724960981102,0.13065170075241017,0.011304451142599148,0.011304451142599148,AWAY_FROM_REFERENCE,0.04710144927536232,MINOR,1,231,,,e604578bde6bde76fe93338004dbea5f177a69c7342e6591917eb01b729e4536,0.15362741668786464,0.06730477644861543,0.546875,-8,True,1257
SB2932,Intestinal ulcer,"intestinal mucosal barrier, smooth-muscle motility, and luminal transport structure",localized epithelial or tissue-surface loss with reduced barrier continuity,remaining_5256,cc62f623519588a33fc0adcaa057d86440215133fd35b89454250ead4afc047e,276,80,5,13,88,18,0.11934724960981102,0.13065170075241017,0.011304451142599148,0.011304451142599148,AWAY_FROM_REFERENCE,0.04710144927536232,MINOR,1,231,,,835fecf71b1008bf7cf5a74eaebc4aadbcbae397969fd6a94355719eb75b7d16,0.15362741668786464,0.06730477644861543,0.546875,-8,True,1258
SB1076,Cheilosis,"oral mucosal, dental, lingual, and salivary-interface structure","abnormal structural accumulation, degeneration, remodeling, or chronic state within the named structure",remaining_5256,3b8d9b0d213110bc4587ef08df742a3c8db8e0e82e5f57880eb6427a16be80b8,45,21,0,1,22,1,0.11237521848417753,0.11846687979269843,0.0060916613085209015,0.0060916613085209015,AWAY_FROM_REFERENCE,0.022222222222222223,MINOR,1,230,,,c1fca8f9f5ab67529480c0cc53a202934fb91edc7224e379529cd6cd8fe36486,0.15356169857789156,0.06722463241206289,0.546875,-1,True,1259
SB1009,Catheter site inflammation,"implanted-device, catheter, or prosthesis tissue-interface structure","localized or systemic inflammatory activation with altered barrier, vascular, and cellular organization",remaining_5256,cffa64e8764b8682cbda4759251061b0b3076214ef3b977a29c10d7bac3ee4c9,1431,657,34,62,685,96,0.18484091210272735,0.19165352246715772,0.0068126103644303715,0.0068126103644303715,AWAY_FROM_REFERENCE,0.04332634521313766,MINOR,1,223,,,5b4451dd98ed86874adcbc8281f5deb025ed3fa877b1bca2922d9938a247fca5,0.15354416691526673,0.07063313038447161,0.53125,-28,True,1260
SB1678,Dysphagia,"oropharyngeal swallowing, laryngeal protection, and upper-esophageal transit structure",impaired coordinated swallowing or luminal transit,remaining_5256,43e0e8db5a48a8b27ac49a8f68308c44ec5b9595044d729e44a92814749ace23,10,3,1,0,2,1,0.11972675058232174,0.13708659600024753,0.01735984541792579,0.01735984541792579,AWAY_FROM_REFERENCE,0.0,INFORMATIONAL,0,231,,,09b89acc6bc273659326bae51eae292e95c9802bfb4d46c9bc4f8b9e92233dd7,0.153495025185167,0.07571801851849636,0.5078125,1,True,1261
SB5497,Vaginal discomfort,"female reproductive, gestational, placental, and reproductive-output structure",abnormal sensory-autonomic signaling indicating departure from the reference local functional state,remaining_5256,49c612ec17158301a7ad55d783dde134dcce16a056b88ce004a491bbd075e388,3,1,1,0,0,1,0.13582833862471966,0.14502159542082582,0.009193256796106164,0.009193256796106164,AWAY_FROM_REFERENCE,0.0,INFORMATIONAL,0,38,,,7edc07a52640f9ca929e576f3b2a15d0b9fa937ebe585b09a270d30515500733,0.15337478980498928,0.06871163390852353,0.5390625,1,True,1262
SB5655,Vulvovaginal discomfort,"female reproductive, gestational, placental, and reproductive-output structure",abnormal sensory-autonomic signaling indicating departure from the reference local functional state,remaining_5256,49c612ec17158301a7ad55d783dde134dcce16a056b88ce004a491bbd075e388,3,1,1,0,0,1,0.13582833862471966,0.14502159542082582,0.009193256796106164,0.009193256796106164,AWAY_FROM_REFERENCE,0.0,INFORMATIONAL,0,38,,,e44a1c1426f816c0acb1978e659e383de2a967313ada41666b37dc2ea85238e4,0.15337478980498928,0.06871163390852353,0.5390625,1,True,1263
SB3524,Nail changes,"nail matrix, plate-production, and periungual structure","altered configuration or regulated output of the named structure, expressed as the state described by nail changes",remaining_5256,31728698526ceee497f89c4458036430bdc14018b8f75ee9175ab766a41db2bb,36,9,2,2,9,4,0.12209388509598162,0.1340420525269468,0.011948167430965162,0.011948167430965162,AWAY_FROM_REFERENCE,0.05555555555555555,MINOR,1,230,,,29793a9c0755ec4cc69f482d5ace0b3f91e672e7985d9d099947881012836313,0.15326491056090547,0.0600029397084213,0.578125,0,True,1264
SB1621,Drug reaction with eosinophilia and systemic symptoms,"circulating leukocyte production, distribution, and effector-cell structure",acute or subacute state transition of the named structure in response to an external or internal perturbation,remaining_5256,fbb2f5576d4e5ec682decc9ebc400f92bff2f7e84cdac95b1627d0a731d59bde,1830,624,40,81,665,121,0.15325147964818764,0.16021107617476715,0.0069595965265795146,0.0069595965265795146,AWAY_FROM_REFERENCE,0.04426229508196721,MINOR,1,231,,,0793cdd2aae7403a2a4185f6be759838b66d4ce3e70a3e14e85782fe58cef906,0.1532086461601136,0.06336420263428488,0.5625,-41,True,1265
SB2222,Gastrooesophageal reflux disease,"oesophageal mucosal, peristaltic, and sphincter-control structure",retrograde transit across a normally directional junction or valve,remaining_5256,8091c0def5c9972431bb874819d723650fa7ec9c3b41e0e16072dbcfbc06b591,28,7,0,2,9,2,0.14878272005505488,0.1583282099735852,0.009545489918530325,0.009545489918530325,AWAY_FROM_REFERENCE,0.07142857142857142,MINOR,1,231,,,95423f6d22a9a80f38a319a2396c0059491235a90f6154b1c2cf143e6ac368e1,0.15307656296761862,0.06834794264343735,0.5390625,-2,True,1266
SB3752,Oesophageal reflux aggravated,"oesophageal mucosal, peristaltic, and sphincter-control structure",retrograde transit across a normally directional junction or valve,remaining_5256,8091c0def5c9972431bb874819d723650fa7ec9c3b41e0e16072dbcfbc06b591,28,7,0,2,9,2,0.14878272005505488,0.1583282099735852,0.009545489918530325,0.009545489918530325,AWAY_FROM_REFERENCE,0.07142857142857142,MINOR,1,231,,,a2400d81c48136ffe99884550c22ff0946173b510716d934795d89061e1450f5,0.15307656296761862,0.06834794264343735,0.5390625,-2,True,1267
SB4565,Reflux esophagitis,"oesophageal mucosal, peristaltic, and sphincter-control structure",retrograde transit across a normally directional junction or valve,remaining_5256,8091c0def5c9972431bb874819d723650fa7ec9c3b41e0e16072dbcfbc06b591,28,7,0,2,9,2,0.14878272005505488,0.1583282099735852,0.009545489918530325,0.009545489918530325,AWAY_FROM_REFERENCE,0.07142857142857142,MINOR,1,231,,,093bf1a419bcd916dfed08dc58d1498b2c8af481fdd9e474587e011669a52c6c,0.15307656296761862,0.06834794264343735,0.5390625,-2,True,1268
SB4566,Reflux gastritis,"oesophageal mucosal, peristaltic, and sphincter-control structure",retrograde transit across a normally directional junction or valve,remaining_5256,8091c0def5c9972431bb874819d723650fa7ec9c3b41e0e16072dbcfbc06b591,28,7,0,2,9,2,0.14878272005505488,0.1583282099735852,0.009545489918530325,0.009545489918530325,AWAY_FROM_REFERENCE,0.07142857142857142,MINOR,1,231,,,2f8049acf9b6af8388cf3fa94216bcf8277f9be26263fe7d3c13773c97638f60,0.15307656296761862,0.06834794264343735,0.5390625,-2,True,1269
SB3528,Nail dystrophy,"nail matrix, plate-production, and periungual structure","altered configuration or regulated output of the named structure, expressed as the state described by nail dystrophy",remaining_5256,d532e451f2ce4a57efaed49ebad22de530da227c9f40def1ea54dd019e778416,36,9,4,5,10,9,0.12632648504077926,0.13837390045150666,0.012047415410727402,0.012047415410727402,AWAY_FROM_REFERENCE,0.1388888888888889,MINOR,1,230,,,c4eb548240795f442d66de0304abbb3dafbdf8fe3faa317bb40a39d407a5a0cf,0.15277481288957648,0.059405259621434725,0.578125,-1,True,1270
SB3994,Paronychia,"nail matrix, plate-production, and periungual structure","altered configuration or regulated output of the named structure, expressed as the state described by paronychia",remaining_5256,290d332c3625ee9f01bd69e41c6435383f931fbee2bf14205e5557fe33ee0a40,36,9,2,4,11,6,0.12244293499627334,0.1347227640905274,0.012279829094254069,0.012279829094254069,AWAY_FROM_REFERENCE,0.1111111111111111,MINOR,1,230,,,e9362b27cc2f9cb8e8f2cb245889de2ee575d4bc91a5a521bf41550112af1de4,0.15273576714697568,0.06278752091094597,0.5625,-2,True,1271
SB0166,Adenocarcinoma pancreas,pancreatic endocrine-exocrine parenchymal and ductal structure,clonal proliferative expansion with loss of normal differentiation and replacement of local tissue architecture,established_478,7c62a1da61a667a05c544e151c67a10b02f0cbe4b1f1b841b578c99007e86f1a,91,44,1,2,45,3,0.1797231318801028,0.19614091689575064,0.016417785015647834,0.016417785015647834,AWAY_FROM_REFERENCE,0.02197802197802198,MINOR,1,230,,,6588b9d74d82320cc2d747567f1fce3d977eb2a622c9767194dc76d78a12908a,0.15271607540827747,0.07476807976619204,0.5078125,-1,True,1272
SB3661,Nipple disorder,mammary gland ductal-lobular and secretory structure,departure from the reference structural configuration or regulated functional range,remaining_5256,eb3aad817e069b71960beb5ef7e30f92063f32f7eb08bb492430c125fa8ac54b,3,2,1,0,1,1,0.20189310940649985,0.20454690122290065,0.0026537918164007968,0.0026537918164007968,AWAY_FROM_REFERENCE,0.0,INFORMATIONAL,0,230,,,87af166ac24bdb7778b3b3bedeff2ce1c1a7ebf80543604be99ade0234ef2222,0.15261133180616993,0.06606564854410968,0.546875,1,True,1273
SB1075,Cheilitis,"oral mucosal, dental, lingual, and salivary-interface structure","localized inflammatory activation with cellular infiltration, vascular change, and tissue-function perturbation",remaining_5256,136256db97a931a1f9312c7ebe8b727927b6cd6420f1f696b806f5d294cfc6ca,45,22,1,1,22,2,0.13288826244614094,0.13448247430086946,0.0015942118547285222,0.0015942118547285222,AWAY_FROM_REFERENCE,0.022222222222222223,MINOR,1,230,,,9c35e2294252fd83eab526b144220a1b41e859583875baa35b2a666ac482c880,0.15253517441286846,0.06768771269862006,0.5390625,0,True,1274
SB0928,Cannula site reaction,"implanted-device, catheter, or prosthesis tissue-interface structure",acute or subacute state transition of the named structure in response to an external or internal perturbation,remaining_5256,b492a6cfd3658a1c43f812c9d1e7d706649af8a904cf3d447b21f280baf5109d,1431,565,44,52,573,96,0.15466219854012642,0.161490620770103,0.006828422229976594,0.006828422229976594,AWAY_FROM_REFERENCE,0.0363382250174703,MINOR,1,223,,,8a53ac47791456f17572e2dd6eda82790db3e8e548c563309761c083635c56de,0.15225525813509033,0.06391647333547601,0.5546875,-8,True,1275
SB1012,Catheter site related reaction,"implanted-device, catheter, or prosthesis tissue-interface structure",acute or subacute state transition of the named structure in response to an external or internal perturbation,remaining_5256,b492a6cfd3658a1c43f812c9d1e7d706649af8a904cf3d447b21f280baf5109d,1431,565,44,52,573,96,0.15466219854012642,0.161490620770103,0.006828422229976594,0.006828422229976594,AWAY_FROM_REFERENCE,0.0363382250174703,MINOR,1,223,,,ae0f6785ff19cd2001d8a9b32dd72700a456d564f0b4a8f34d26bbf3df1e97c1,0.15225525813509033,0.06391647333547601,0.5546875,-8,True,1276
SB2758,Implant site reaction,"implanted-device, catheter, or prosthesis tissue-interface structure",acute or subacute state transition of the named structure in response to an external or internal perturbation,remaining_5256,b492a6cfd3658a1c43f812c9d1e7d706649af8a904cf3d447b21f280baf5109d,1431,565,44,52,573,96,0.15466219854012642,0.161490620770103,0.006828422229976594,0.006828422229976594,AWAY_FROM_REFERENCE,0.0363382250174703,MINOR,1,223,,,f9b7e25dfc5737b37b048ed9630112d731d3fc1afa23a7bf0f9381c27002d91d,0.15225525813509033,0.06391647333547601,0.5546875,-8,True,1277
SB3291,Melanonychia,"nail matrix, plate-production, and periungual structure","altered configuration or regulated output of the named structure, expressed as the state described by melanonychia",remaining_5256,4c173831d8ad26a56b8d6af0aab9a2f2707cd034a2bdb404bab5366e0a5a5cda,36,9,2,3,10,5,0.13054776545231983,0.14314167278171142,0.012593907329391585,0.012593907329391585,AWAY_FROM_REFERENCE,0.08333333333333333,MINOR,1,230,,,e5aa8d5698efb800def6121530fdf2231c2e81cf10af06106d99bec1190ba5d1,0.1522182229207939,0.06215636941560232,0.5625,-1,True,1278
SB1835,Eosinophil count abnormal,"circulating leukocyte production, distribution, and effector-cell structure",departure from the reference structural configuration or regulated functional range,remaining_5256,2642b81455fef19aef21633659baafd1571664739ce06ad8b6e504f30864b12a,1830,607,66,81,622,147,0.1225799666963876,0.12488514140538631,0.002305174708998714,0.002305174708998714,AWAY_FROM_REFERENCE,0.04426229508196721,MINOR,1,231,,,8ac85cc8c53fc4d25e46f4d60115ed6937733a7be154800f6530484e858a7b70,0.15219803115623287,0.05870186726369864,0.578125,-15,True,1279
SB3214,Lymphocyte abnormal,"circulating leukocyte production, distribution, and effector-cell structure",departure from the reference structural configuration or regulated functional range,remaining_5256,2642b81455fef19aef21633659baafd1571664739ce06ad8b6e504f30864b12a,1830,607,66,81,622,147,0.1225799666963876,0.12488514140538631,0.002305174708998714,0.002305174708998714,AWAY_FROM_REFERENCE,0.04426229508196721,MINOR,1,231,,,7ab5772d4a48311cf75c4b18eba68152e5488d8905498dd6a38a6e2d6db194a0,0.15219803115623287,0.05870186726369864,0.578125,-15,True,1280
SB3215,Lymphocyte count abnormal,"circulating leukocyte production, distribution, and effector-cell structure",departure from the reference structural configuration or regulated functional range,remaining_5256,2642b81455fef19aef21633659baafd1571664739ce06ad8b6e504f30864b12a,1830,607,66,81,622,147,0.1225799666963876,0.12488514140538631,0.002305174708998714,0.002305174708998714,AWAY_FROM_REFERENCE,0.04426229508196721,MINOR,1,231,,,339a323a989142a8ffee0b2d449523dce9212d28ad395b97d693546b20e223df,0.15219803115623287,0.05870186726369864,0.578125,-15,True,1281
SB5691,White blood cell count abnormal,"circulating leukocyte production, distribution, and effector-cell structure",departure from the reference structural configuration or regulated functional range,remaining_5256,2642b81455fef19aef21633659baafd1571664739ce06ad8b6e504f30864b12a,1830,607,66,81,622,147,0.1225799666963876,0.12488514140538631,0.002305174708998714,0.002305174708998714,AWAY_FROM_REFERENCE,0.04426229508196721,MINOR,1,231,,,70a6393968c57ae35ed8b00e7e847a0b1081fe1880b25f727e3dc676aa477395,0.15219803115623287,0.05870186726369864,0.578125,-15,True,1282
SB5695,White blood cell disorder,"circulating leukocyte production, distribution, and effector-cell structure",departure from the reference structural configuration or regulated functional range,remaining_5256,2642b81455fef19aef21633659baafd1571664739ce06ad8b6e504f30864b12a,1830,607,66,81,622,147,0.1225799666963876,0.12488514140538631,0.002305174708998714,0.002305174708998714,AWAY_FROM_REFERENCE,0.04426229508196721,MINOR,1,231,,,d61124f7e592162cd6769d9464b6e7a5dbed17783338d81b72e5de19fcfdf1c9,0.15219803115623287,0.05870186726369864,0.578125,-15,True,1283
SB5023,Status asthmaticus,bronchial smooth-muscle tone and airway-caliber structure,"altered configuration or regulated output of the named structure, expressed as the state described by status asthmaticus",remaining_5256,805bbd27c398d023729ae0ea413624793090edc9fccc76ceccd8525cdadbf579,300,106,7,2,101,9,0.11650557803661288,0.12308220710110485,0.006576629064491968,0.006576629064491968,AWAY_FROM_REFERENCE,0.006666666666666667,MINOR,1,231,,,514688eed971e79165665760f6d174f65131417836fc10d9dc3add18b3f1bde4,0.15169764147333445,0.07009620911382253,0.5234375,5,True,1284
SB0585,Benign gastrointestinal neoplasm,"intestinal mucosal barrier, smooth-muscle motility, and luminal transport structure",loss of normal proliferative/differentiation constraint with clonal tissue expansion and architectural replacement,remaining_5256,ce55b667c72f697ae348b9b4debcc3f28cebf71d2c65aeb2562ff7b79f90054f,276,97,5,11,103,16,0.12338282448317128,0.13526467529826192,0.011881850815090633,0.011881850815090633,AWAY_FROM_REFERENCE,0.03985507246376811,MINOR,1,231,,,d5ac938fac6da5d6afd0a7e36a6347b6734d736aa51c804b7e9327ea13845fe9,0.15168179159546968,0.06836194097008497,0.53125,-6,True,1285
SB2193,Gastrointestinal carcinoma,"intestinal mucosal barrier, smooth-muscle motility, and luminal transport structure",loss of normal proliferative/differentiation constraint with clonal tissue expansion and architectural replacement,remaining_5256,ce55b667c72f697ae348b9b4debcc3f28cebf71d2c65aeb2562ff7b79f90054f,276,97,5,11,103,16,0.12338282448317128,0.13526467529826192,0.011881850815090633,0.011881850815090633,AWAY_FROM_REFERENCE,0.03985507246376811,MINOR,1,231,,,611fbcfe1ad0f62abb739e306160ea9682b3d8a59f063d261ae7ed8b8ccbd980,0.15168179159546968,0.06836194097008497,0.53125,-6,True,1286
SB2208,Gastrointestinal neoplasm,"intestinal mucosal barrier, smooth-muscle motility, and luminal transport structure",loss of normal proliferative/differentiation constraint with clonal tissue expansion and architectural replacement,remaining_5256,ce55b667c72f697ae348b9b4debcc3f28cebf71d2c65aeb2562ff7b79f90054f,276,97,5,11,103,16,0.12338282448317128,0.13526467529826192,0.011881850815090633,0.011881850815090633,AWAY_FROM_REFERENCE,0.03985507246376811,MINOR,1,231,,,4db4abe564c9344d72ea0a0f73f0648d1c852981d1d0252f69c347812649a14d,0.15168179159546968,0.06836194097008497,0.53125,-6,True,1287
SB2209,Gastrointestinal neoplasm malignant,"intestinal mucosal barrier, smooth-muscle motility, and luminal transport structure",loss of normal proliferative/differentiation constraint with clonal tissue expansion and architectural replacement,remaining_5256,ce55b667c72f697ae348b9b4debcc3f28cebf71d2c65aeb2562ff7b79f90054f,276,97,5,11,103,16,0.12338282448317128,0.13526467529826192,0.011881850815090633,0.011881850815090633,AWAY_FROM_REFERENCE,0.03985507246376811,MINOR,1,231,,,ec17a85305aae096457aa64f9a7046c1673faf0569321e146de6cd921b162713,0.15168179159546968,0.06836194097008497,0.53125,-6,True,1288
SB2215,Gastrointestinal stromal tumour,"intestinal mucosal barrier, smooth-muscle motility, and luminal transport structure",loss of normal proliferative/differentiation constraint with clonal tissue expansion and architectural replacement,remaining_5256,ce55b667c72f697ae348b9b4debcc3f28cebf71d2c65aeb2562ff7b79f90054f,276,97,5,11,103,16,0.12338282448317128,0.13526467529826192,0.011881850815090633,0.011881850815090633,AWAY_FROM_REFERENCE,0.03985507246376811,MINOR,1,231,,,1104a72a0b78d0a1f46b68016dfed4eaa4b590e81284786e898065e5a1bcfe2b,0.15168179159546968,0.06836194097008497,0.53125,-6,True,1289
SB0267,Anaemia macrocytic,erythroid DNA-synthesis and red-cell maturation structure,reduced erythrocyte/hemoglobin oxygen-transport capacity relative to systemic demand,established_478,d34d2f65088fc7e589d2bbc73e33fd29131af036b81a8f38036e144c5e2ddaa4,6,3,2,1,2,3,0.20621519926647625,0.20518867516818717,-0.0010265240982890722,0.0010265240982890722,TOWARD_REFERENCE,0.16666666666666666,MINOR,1,231,,,60c558e39a76606a448a42d03c7f9a1d82633f58fb4ba9ccc36f198406edfb8d,0.15150492805279892,0.059571558600974295,0.5703125,1,True,1290
SB0268,Anaemia megaloblastic,erythroid DNA-synthesis and red-cell maturation structure,reduced erythrocyte/hemoglobin oxygen-transport capacity relative to systemic demand,established_478,d34d2f65088fc7e589d2bbc73e33fd29131af036b81a8f38036e144c5e2ddaa4,6,3,2,1,2,3,0.20621519926647625,0.20518867516818717,-0.0010265240982890722,0.0010265240982890722,TOWARD_REFERENCE,0.16666666666666666,MINOR,1,231,,,5f016241f553b532527f7f6b7a4901b367d6d155c9bbafc8976adf54fd5d2339,0.15150492805279892,0.059571558600974295,0.5703125,1,True,1291
SB0271,Anaemia vitamin B12 deficiency,erythroid DNA-synthesis and red-cell maturation structure,reduced erythrocyte/hemoglobin oxygen-transport capacity relative to systemic demand,established_478,d34d2f65088fc7e589d2bbc73e33fd29131af036b81a8f38036e144c5e2ddaa4,6,3,2,1,2,3,0.20621519926647625,0.20518867516818717,-0.0010265240982890722,0.0010265240982890722,TOWARD_REFERENCE,0.16666666666666666,MINOR,1,231,,,fcce618153a427faa4055142983a99a4f36771fc0eb46ec40213281f65633314,0.15150492805279892,0.059571558600974295,0.5703125,1,True,1292
SB0834,Breast mass,"mammary gland ductal-lobular, secretory, and surface structure",localized tissue overgrowth or mass formation with altered normal architecture,remaining_5256,b309f9bb3bae7e0b4f5d7c5b41a60ed572102db96ce1d45e9bb608b9c2e267ca,231,118,5,12,125,17,0.181465637215958,0.19343018538981926,0.011964548173861278,0.011964548173861278,AWAY_FROM_REFERENCE,0.05194805194805195,MINOR,1,223,,,e3d6edbf731fde1d6a7859967ab6acf8783d3cf06de1527d4d6ab814be19a261,0.15150087079453856,0.07843093999333972,0.484375,-7,True,1293
SB1193,Coagulopathy,"plasma coagulation, platelet-hemostasis, and fibrinolytic structure",structural-functional tissue disorder with impaired normal operation of the named structure,remaining_5256,02ea16fc42c99b19a4c30420237fe8efcad9f237fae2079398f3439fa7c4736d,28,12,4,0,8,4,0.15417222204060943,0.1679565957167719,0.013784373676162476,0.013784373676162476,AWAY_FROM_REFERENCE,0.0,INFORMATIONAL,0,231,,,2a5ae7413c614730a443d221edd7a2c8419214189caf280f48d731173b666bfc,0.15146974887074588,0.06467347423261693,0.546875,4,True,1294
SB4442,Pulmonary mass,"pulmonary airway-alveolar, pleural, and gas-exchange structure",localized tissue overgrowth or mass formation with altered normal architecture,remaining_5256,518805aee973992fa6b5bb149715c132d63aa29f67063e4369812637c696d52f,36,15,1,0,14,1,0.21338635400838002,0.22150252002605886,0.008116166017678839,0.008116166017678839,AWAY_FROM_REFERENCE,0.0,INFORMATIONAL,0,231,,,e65fb4cb2d140e32c8faeb8d73f0ce267ea378c1f36a17974bf116a98ff3928d,0.15136858509102574,0.07483973791588505,0.5,1,True,1295
SB4531,Reaction gastrointestinal,"intestinal mucosal barrier, smooth-muscle motility, and luminal transport structure",acute or subacute state transition of the named structure in response to an external or internal perturbation,remaining_5256,4adc7de0a60c489a33978af1dfc90d3f23c015e0275bab8c8d92a3fdcfc3c007,276,91,0,13,104,13,0.11215535275643362,0.11946278965617108,0.007307436899737452,0.007307436899737452,AWAY_FROM_REFERENCE,0.04710144927536232,MINOR,1,231,,,1c0b7a76f5931c098a9d0b1b019565780d496ce979397c17c2dbae495c71e4e2,0.1512947688459722,0.055885388836551475,0.5859375,-13,True,1296
SB0161,Adams-Stokes syndrome,cardiac rhythm-to-cerebral-perfusion continuity structure,departure from the reference structural configuration or regulated functional range,established_478,6975977f7adca46edc1e29cd169585ae9a4c652ee0ab208b0a381a1db40c30bf,780,271,22,28,277,50,0.16941847392071363,0.17806296614533412,0.008644492224620492,0.008644492224620492,AWAY_FROM_REFERENCE,0.035897435897435895,MINOR,1,230,,,17fe2d0f9203db7608ece748e0a615e5b0c1cb982bcb8e0576edbbf83c0df7c9,0.15124466845899956,0.0678288639743897,0.53125,-6,True,1297
SB0816,Breast atrophy,"mammary gland ductal-lobular, secretory, and surface structure","reduction of tissue mass, cell volume, or functional structural content",remaining_5256,1d8d4bb441f341943530a3f3f657df599eafffafa8d659c4ffac79c2a22636f9,231,91,6,24,109,30,0.1664634228788715,0.17716949150969508,0.010706068630823573,0.010706068630823573,AWAY_FROM_REFERENCE,0.1038961038961039,MINOR,1,223,,,0573dfba8887e81af5bc82fefb2555b01c1e45d790f5129dd352800b7745ac29,0.1509494714119104,0.070898745624281,0.515625,-18,True,1298
SB0103,Acute abdomen,"abdominal visceral inflammatory, perfusion, and sensory-transmission structure","altered configuration or regulated output of the named structure, expressed as the state described by abdomen",established_478,abebe3894d409a659a3bd37eef4b2b795eb4431324d9d9a3aef94f4ba951eee8,78,20,1,1,20,2,0.11974777995349373,0.13006434680561507,0.010316566852121345,0.010316566852121345,AWAY_FROM_REFERENCE,0.01282051282051282,MINOR,1,230,,,8e6487262b41ef38b80203cdeac0d9c0811a39705693130ca13664b8681091fe,0.15084299722468544,0.0724838380788847,0.5078125,0,True,1299
SB0198,Agranulocytosis,bone-marrow neutrophil production and circulating-neutrophil structure,marked depletion of circulating granulocytes with reduced innate cellular defense capacity,established_478,e6d5fd50e74307ce8e09893b81cd43e07cd1c1d47c8dd8ae19dd7c29da81e8ac,2485,714,44,47,717,91,0.128087457997917,0.14544413888389573,0.017356680885978748,0.017356680885978748,AWAY_FROM_REFERENCE,0.018913480885311872,MINOR,1,6,,,4db12283619c4e6e11de4d5fea13ab0a6a2b5fae440f27ac17b70d4ed388eafb,0.15082779500790042,0.060460725619390754,0.5625,-3,True,1300
SB0229,Allergic bronchospasm,bronchial smooth-muscle tone and airway-lumen structure,"exaggerated immune-recognition/effector activation causing barrier, vascular, or smooth-muscle perturbation",established_478,0bebaf9e4d9d91f62bed994458d3d40439b5aae101d0b78b3ac85401d0395524,465,153,9,15,159,24,0.11554432552765681,0.12154398999936189,0.0059996644717050795,0.0059996644717050795,AWAY_FROM_REFERENCE,0.03225806451612903,MINOR,1,223,,,4531daa0f82bf66f49018a137c5a64c7c818e55455e9f81dc1e1b049d03c1e72,0.150792784754395,0.06556284726145734,0.5390625,-6,True,1301
SB5080,Sudden infant death syndrome,integrated cardiopulmonary-neural vital-function structure,departure from the reference structural configuration or regulated functional range,remaining_5256,281d18997e0af5f2a10d2545a442df5775f27d2b6d147e75687a1c15c7b32755,496,218,12,16,222,28,0.15148601110850568,0.16854838073070977,0.017062369622204088,0.017062369622204088,AWAY_FROM_REFERENCE,0.03225806451612903,MINOR,1,223,,,4a0ac447178bc83978c4fed206acfae2ff6e784c6fe0f3ffb176264476e66d0e,0.15076136355581032,0.06895440677537845,0.5234375,-4,True,1302
SB3525,Nail discolouration,"nail matrix, plate-production, and periungual structure","altered configuration or regulated output of the named structure, expressed as the state described by nail discolouration",remaining_5256,68b65e2f4b8876e57bf13fde0dbbced3ffc8212a66eae9d8329acdeb5cfb718a,36,9,3,4,10,7,0.126720819302777,0.13921967355221843,0.012498854249441416,0.012498854249441416,AWAY_FROM_REFERENCE,0.1111111111111111,MINOR,1,230,,,a277fc03d5d76d402cb43b1cb9eb096ad165ca14022638e277af2f2fc344e697,0.15073322732588185,0.06034539917790471,0.5625,-1,True,1303
SB2329,Granulocytosis,"circulating leukocyte production, distribution, and effector-cell structure","abnormal structural accumulation, degeneration, remodeling, or chronic state within the named structure",remaining_5256,23a3fdedd10c78634248a0818b1accb7e56fae2f217392ec5d6494776781e6f8,1830,577,68,68,577,136,0.12143811907902247,0.12567825591606496,0.004240136837042496,0.004240136837042496,AWAY_FROM_REFERENCE,0.03715846994535519,MINOR,1,231,,,9abd8fd00ce8285d1ff6ff3c99951094071fb75d40ddd2369bacd7d5e016f199,0.15069892297856008,0.06716332070556108,0.53125,0,True,1304
SB3088,Leukocytosis,"circulating leukocyte production, distribution, and effector-cell structure","abnormal structural accumulation, degeneration, remodeling, or chronic state within the named structure",remaining_5256,23a3fdedd10c78634248a0818b1accb7e56fae2f217392ec5d6494776781e6f8,1830,577,68,68,577,136,0.12143811907902247,0.12567825591606496,0.004240136837042496,0.004240136837042496,AWAY_FROM_REFERENCE,0.03715846994535519,MINOR,1,231,,,9afd2bba2f31b3c319128a19059b35ef334e206e995ac2dbebc653b249f92fb8,0.15069892297856008,0.06716332070556108,0.53125,0,True,1305
SB3651,Neutrophilic dermatosis,"circulating leukocyte production, distribution, and effector-cell structure","abnormal structural accumulation, degeneration, remodeling, or chronic state within the named structure",remaining_5256,23a3fdedd10c78634248a0818b1accb7e56fae2f217392ec5d6494776781e6f8,1830,577,68,68,577,136,0.12143811907902247,0.12567825591606496,0.004240136837042496,0.004240136837042496,AWAY_FROM_REFERENCE,0.03715846994535519,MINOR,1,231,,,3d716029f3844d494348ea201aacdf4fb6546d563c2403425523f97f06a1f67b,0.15069892297856008,0.06716332070556108,0.53125,0,True,1306
SB3665,Nitrogen balance negative,vestibular sensory-transduction and balance-control structure,absence or reduction of the measured target relative to the expected reference state,remaining_5256,40edccf6636869b373d6614c2d477a0d15ff64c3a6af525bd25140953aa77797,15,6,0,1,7,1,0.17763642654213196,0.18022276159732908,0.00258633505519712,0.00258633505519712,AWAY_FROM_REFERENCE,0.06666666666666667,MINOR,1,198,,,6187d4e26581912a21dfd7ded4bd409f0de1d26621e6eafb2bea9a73b8ec635c,0.15066339655536717,0.04997060555532584,0.609375,-1,True,1307
SB0400,Application site erosion,local epidermal-dermal barrier and repair structure,localized epithelial or tissue-surface loss with reduced barrier continuity,established_478,98055783630b9e3e21c9be63bb90e9f5658d8fa7dbe7232a3df10659b7f2e6cf,28,16,1,1,16,2,0.13742663132757227,0.14470723938631236,0.00728060805874009,0.00728060805874009,AWAY_FROM_REFERENCE,0.03571428571428571,MINOR,1,223,,,ecb1478d484780c3983122d8ec2f1303a697190b7be91c695340a91d7abf6ccb,0.15065770394829142,0.07054293164425784,0.515625,0,True,1308
SB0427,Application site ulcer,local epidermal-dermal barrier and repair structure,localized epithelial or tissue-surface loss with reduced barrier continuity,established_478,98055783630b9e3e21c9be63bb90e9f5658d8fa7dbe7232a3df10659b7f2e6cf,28,16,1,1,16,2,0.13742663132757227,0.14470723938631236,0.00728060805874009,0.00728060805874009,AWAY_FROM_REFERENCE,0.03571428571428571,MINOR,1,223,,,993604fa0775bcdd22b206455f5e3ddc4fa06364413a88b553fb6215b9536c22,0.15065770394829142,0.07054293164425784,0.515625,0,True,1309
SB0466,Arthropathy,synovial-joint inflammatory and cartilage-bone interface structure,"abnormal joint cartilage, capsule, bone-interface, or mechanical function",established_478,5c789e225f16c28710136a24e52399a0e8fb993818187f15e88dc7e8a0e8e91d,136,72,3,0,69,3,0.14904318504920133,0.14471935004430914,-0.004323835004892196,0.004323835004892196,TOWARD_REFERENCE,0.0,INFORMATIONAL,0,231,,,ddfa87d49fff052e091e98fa0c9d4aa068dc03ffed2f4245316a747d397e28be,0.15038867860394767,0.06164015683408253,0.5546875,3,True,1310
SB2211,Gastrointestinal pain,"intestinal mucosal barrier, smooth-muscle motility, and luminal transport structure",increased nociceptive signaling associated with local tissue or neural perturbation,remaining_5256,5f3c0e66bb97f0ff4e7dd0fa6283334a1eb38e3641ae8bee401f013c50ebbcd4,276,86,5,12,93,17,0.13766512089650718,0.14908810161779296,0.01142298072128578,0.01142298072128578,AWAY_FROM_REFERENCE,0.043478260869565216,MINOR,1,231,,,830a1df311fb3e026855a0fdd590347f358736da5c386d3bab6b20855ed468a0,0.15038839291981246,0.06506968648757616,0.5390625,-7,True,1311
SB4162,Pituitary tumour,hypothalamic-pituitary hormone-control and release structure,loss of normal proliferative/differentiation constraint with clonal tissue expansion and architectural replacement,remaining_5256,db6c6f33f5bc48f53bba5c813c2e2bd841f87284fe5b04ba541f5e65879e8a44,741,391,34,22,379,56,0.17568209479128472,0.17650002035415102,0.0008179255628663062,0.0008179255628663062,AWAY_FROM_REFERENCE,0.029689608636977057,MINOR,1,174,,,cb04e66041141d19fc70bb1141b24ee4f9d3db6d275d58d278eea5203bb4d710,0.14972714612394247,0.0676931660048079,0.5234375,12,True,1312
SB4163,Pituitary tumour benign,hypothalamic-pituitary hormone-control and release structure,loss of normal proliferative/differentiation constraint with clonal tissue expansion and architectural replacement,remaining_5256,db6c6f33f5bc48f53bba5c813c2e2bd841f87284fe5b04ba541f5e65879e8a44,741,391,34,22,379,56,0.17568209479128472,0.17650002035415102,0.0008179255628663062,0.0008179255628663062,AWAY_FROM_REFERENCE,0.029689608636977057,MINOR,1,174,,,233bb49403c88c7eae26ba3304a66ebe1940d32144a13c003c0b9f33ce1fcdbc,0.14972714612394247,0.0676931660048079,0.5234375,12,True,1313
SB0456,Arteritic anterior ischaemic optic neuropathy,optic-nerve-head perfusion and axonal-conduction structure,peripheral neural axonal/conduction integrity loss or aberrant sensory signaling,established_478,bd60d1385a0d4af946a778267a598ac36ec456ab0968e6b193a70065c110f45d,1653,699,40,56,715,96,0.17697786973015783,0.1846645189733731,0.007686649243215271,0.007686649243215271,AWAY_FROM_REFERENCE,0.0338777979431337,MINOR,1,222,,,985a4da98d0d4ab52d1f375ca68a3043469519a7b1bb3d54be181bdbabdacbb6,0.14956360619783615,0.06749372707053192,0.5234375,-16,True,1314
SB1913,Excessive flatulence,"intestinal mucosal barrier, smooth-muscle motility, and luminal transport structure",quantity or output of the named component above the reference regulated range,remaining_5256,2c69e9a354bd7e85477a558b87accfa92cba3254f7e5b7d9e6e645202f536708,276,87,3,11,95,14,0.11579872771861877,0.12711196950604164,0.011313241787422879,0.011313241787422879,AWAY_FROM_REFERENCE,0.03985507246376811,MINOR,1,231,,,02b1c47dae12f9dbb688125c7f601c5dbca9707a5f16f1c6038e904526717eff,0.14956195752374865,0.06577677746798616,0.53125,-8,True,1315
SB3250,Malignant neoplasm of pancreas,pancreatic endocrine-exocrine parenchymal and ductal structure,loss of normal proliferative/differentiation constraint with clonal tissue expansion and architectural replacement,remaining_5256,f9faa9b856ffbabe6b0f349ebcd12361fdabf124cec424cb23d00886209862be,91,43,2,3,44,5,0.18501958612658664,0.20177150845688896,0.016751922330302316,0.016751922330302316,AWAY_FROM_REFERENCE,0.03296703296703297,MINOR,1,230,,,890faa86f383af6ba8ff89b8dad452543ed9c7b650b771588cf7797f95eb9928,0.14940582666055893,0.07244613007385237,0.5,-1,True,1316
SB3927,Pancreatic carcinoma,pancreatic endocrine-exocrine parenchymal and ductal structure,loss of normal proliferative/differentiation constraint with clonal tissue expansion and architectural replacement,remaining_5256,f9faa9b856ffbabe6b0f349ebcd12361fdabf124cec424cb23d00886209862be,91,43,2,3,44,5,0.18501958612658664,0.20177150845688896,0.016751922330302316,0.016751922330302316,AWAY_FROM_REFERENCE,0.03296703296703297,MINOR,1,230,,,77b70029fdc734fd8a4be1e7ec220e9364b97eae1933ec7eaa4a58351052d8c3,0.14940582666055893,0.07244613007385237,0.5,-1,True,1317
SB3933,Pancreatic neoplasm,pancreatic endocrine-exocrine parenchymal and ductal structure,loss of normal proliferative/differentiation constraint with clonal tissue expansion and architectural replacement,remaining_5256,f9faa9b856ffbabe6b0f349ebcd12361fdabf124cec424cb23d00886209862be,91,43,2,3,44,5,0.18501958612658664,0.20177150845688896,0.016751922330302316,0.016751922330302316,AWAY_FROM_REFERENCE,0.03296703296703297,MINOR,1,230,,,5f3f5696b5b6ba3cc577dddfde00158acb8c618087a90ca2286f143f13cfdd0d,0.14940582666055893,0.07244613007385237,0.5,-1,True,1318
SB1444,Defaecation urgency,"intestinal mucosal barrier, smooth-muscle motility, and luminal transport structure",abnormally rapid/high-intensity rectal evacuation drive with reduced storage tolerance,remaining_5256,760e4987c2fcd385c42128ff3d57e2e4be166e1808038ca2488334fd9ad45528,276,89,7,12,94,19,0.11220798514194563,0.12508613228170962,0.012878147139763985,0.012878147139763985,AWAY_FROM_REFERENCE,0.043478260869565216,MINOR,1,231,,,3202e85411126746fdf20c175989960ada86a690a1e4966d022a365e2fe8f058,0.1492713388720166,0.07228212057563,0.5,-5,True,1319
SB1991,Faecal incontinence,"intestinal mucosal barrier, smooth-muscle motility, and luminal transport structure",loss of storage/outlet control causing unintended material release,remaining_5256,f19a0a2312e6a38765b5c822adc24d321512abf9239a1e2c181e8c04a1a31f42,276,96,4,9,101,13,0.1524592791844075,0.16066943821320578,0.008210159028798292,0.008210159028798292,AWAY_FROM_REFERENCE,0.03260869565217391,MINOR,1,231,,,dc8fa77014a8ff5173c1192dc3e9efbed1bb2c66866b29c940ba8897b6ab05be,0.14903848427555405,0.05827863936043176,0.5625,-5,True,1320
SB2205,Gastrointestinal malformation,"intestinal mucosal barrier, smooth-muscle motility, and luminal transport structure","developmental patterning deviation producing absent, incomplete, or abnormally organized structure",remaining_5256,cecc411225a4626439e4998b903bb1a3aa402cbbb58fef51dd6843c4af159cb9,276,102,8,13,107,21,0.12892465359075267,0.13740020021717236,0.008475546626419694,0.008475546626419694,AWAY_FROM_REFERENCE,0.04710144927536232,MINOR,1,231,,,31ac7a7a9e63dfa00ffafcb3207dcab5e545af70cde66cc7fa7d71648729b02b,0.14871786808921642,0.06646233913319077,0.5234375,-5,True,1321
SB0726,Blood pancreatic amylase increased,pancreatic endocrine-exocrine parenchymal and ductal structure,measured or functional quantity shifted above its reference structural range,remaining_5256,7dd0b3ae192c8b40f4fcc57ec9f0f7e003aee12b815181eae52e9f5af3a64a98,91,41,1,5,45,6,0.17543663455802372,0.19038737628839497,0.014950741730371253,0.014950741730371253,AWAY_FROM_REFERENCE,0.054945054945054944,MINOR,1,230,,,3e21ff4900a05cf4fdf42d2acb57bf862d2ee1ec974710da9a4399a1d9b26556,0.14839861509604546,0.06778794523907983,0.515625,-4,True,1322
SB3930,Pancreatic enzymes increased,pancreatic endocrine-exocrine parenchymal and ductal structure,measured or functional quantity shifted above its reference structural range,remaining_5256,7dd0b3ae192c8b40f4fcc57ec9f0f7e003aee12b815181eae52e9f5af3a64a98,91,41,1,5,45,6,0.17543663455802372,0.19038737628839497,0.014950741730371253,0.014950741730371253,AWAY_FROM_REFERENCE,0.054945054945054944,MINOR,1,230,,,4b49a5fc4d9403e3497c313b3f54795bb4b3d7ddc0df1009993dd1911bfbd936,0.14839861509604546,0.06778794523907983,0.515625,-4,True,1323
SB0793,Bowel spasm,"intestinal mucosal barrier, smooth-muscle motility, and luminal transport structure",excess or sustained contractile activation causing abnormal narrowing or mechanical state,remaining_5256,331859c727db263a26230384e454632a81ad7a497602dc576614f4d80a452beb,276,89,9,14,94,23,0.12670085128837927,0.13631346818557288,0.009612616897193615,0.009612616897193615,AWAY_FROM_REFERENCE,0.050724637681159424,MINOR,1,231,,,6e102e34a5a8d3b51bc65a6f26e99420d568f05bff501e58206192bba6dc5709,0.14793524167531538,0.0655079166772139,0.5234375,-5,True,1324
SB3266,Mastitis,mammary ductal-lobular and local immune structure,"localized inflammatory activation with cellular infiltration, vascular change, and tissue-function perturbation",remaining_5256,f208a3a669a87b9bad4d4828991bf034a7a5fcdaec8bb8e312d2f0a2a866dd03,21,5,1,0,4,1,0.19712077190654054,0.21100376539665344,0.013882993490112905,0.013882993490112905,AWAY_FROM_REFERENCE,0.0,INFORMATIONAL,0,231,,,7ee96c78fca60714b937a503125d2c4ce7a4d7d89379576c9ca1352e9fd8dc33,0.14787419612492952,0.05514383673771894,0.5703125,1,True,1325
SB3267,Mastitis acute female,mammary ductal-lobular and local immune structure,"localized inflammatory activation with cellular infiltration, vascular change, and tissue-function perturbation",remaining_5256,f208a3a669a87b9bad4d4828991bf034a7a5fcdaec8bb8e312d2f0a2a866dd03,21,5,1,0,4,1,0.19712077190654054,0.21100376539665344,0.013882993490112905,0.013882993490112905,AWAY_FROM_REFERENCE,0.0,INFORMATIONAL,0,231,,,3e1d449c24776063523be0d12c5c21bcd554d3588d01a269570dd0ff550a0486,0.14787419612492952,0.05514383673771894,0.5703125,1,True,1326
SB4157,Pituitary adenoma,hypothalamic-pituitary hormone-control and release structure,localized tissue overgrowth or mass formation with altered normal architecture,remaining_5256,5ea0f2684b8a5401cf20b46fe644ae9af92a27e9656b2ca847115e05f5279a41,741,335,39,24,320,63,0.1546698044852024,0.15468122349468827,1.1419009485869047e-05,1.1419009485869047e-05,AWAY_FROM_REFERENCE,0.032388663967611336,MINOR,1,174,,,cbb9ab2ddcdd2bb7a628cd172d95120c38a5751b2f77d2e4268280eebe3ac098,0.14773309121776837,0.06354645270459558,0.53125,15,True,1327
SB1868,Equilibrium loss,vestibular sensory-transduction and balance-control structure,loss or absence of the named structural component or regulated function,remaining_5256,f148d6cb75afeae1f869d73b75e1d8bd221807365d41900167e0e8aacc5d77fc,15,6,0,1,7,1,0.20476100689721288,0.20965639237716394,0.004895385479951053,0.004895385479951053,AWAY_FROM_REFERENCE,0.06666666666666667,MINOR,1,198,,,a4653f0790feae92ed0985b748d5ff054da2a82f5dda1f543f0159b21f5d80e3,0.14751348391272742,0.059848760869179785,0.546875,-1,True,1328
SB0172,Administration site reaction,local cutaneous inflammatory and microvascular structure,acute or subacute state transition of the named structure in response to an external or internal perturbation,established_478,9195e5ab66a41f56200b044bcbbd6e4c4725a3046c724e8728cad61732982b47,171,72,0,8,80,8,0.19982280128190422,0.20413196201308237,0.004309160731178152,0.004309160731178152,AWAY_FROM_REFERENCE,0.04678362573099415,MINOR,1,231,,,b2c8e6d5d0462a676ddcfd93cf40597091ab60636d4912ac00c17ba61f1acdaf,0.14745009218516464,0.05462663681117641,0.5703125,-8,True,1329
SB0421,Application site reaction,local cutaneous inflammatory and microvascular structure,acute or subacute state transition of the named structure in response to an external or internal perturbation,established_478,9195e5ab66a41f56200b044bcbbd6e4c4725a3046c724e8728cad61732982b47,171,72,0,8,80,8,0.19982280128190422,0.20413196201308237,0.004309160731178152,0.004309160731178152,AWAY_FROM_REFERENCE,0.04678362573099415,MINOR,1,231,,,35c7e958b871e4f8cf2834f4fc7cec94211024710a67a4b60e387c4fc1a2236f,0.14745009218516464,0.05462663681117641,0.5703125,-8,True,1330
SB0792,Bowel sounds decreased,"intestinal mucosal barrier, smooth-muscle motility, and luminal transport structure",measured or functional quantity shifted below its reference structural range,remaining_5256,e0d815bd96853459705bd2d6b5e06c6e4bdc08173e2e5d6ff83571006e1c6d95,276,81,4,13,90,17,0.12221296365379497,0.13129178248950935,0.009078818835714375,0.009078818835714375,AWAY_FROM_REFERENCE,0.04710144927536232,MINOR,1,231,,,12a6e6440a0f752b4a0897b5be3f0e9a03da59d77a196f7f2ef84ddb483907ef,0.14732472576184238,0.06476338507541757,0.5234375,-9,True,1331
SB1941,Extremity necrosis,"regional limb musculoskeletal, neurovascular, and skin structure",loss of cellular viability with local tissue structural breakdown,remaining_5256,29cbd4e2c71c9cfd73a12618e06d678f1dc67607a1cd8b0a906b3d7d60718120,21,6,0,2,8,2,0.16002411592419885,0.16311516079119692,0.0030910448669980717,0.0030910448669980717,AWAY_FROM_REFERENCE,0.09523809523809523,MINOR,1,223,,,c9c3cec41aee1f16d5b3a6f85ebb32ce85e169bf9c3dc382b4e9bf6f613dc585,0.1472836361320029,0.06985809284390598,0.5,-2,True,1332
SB2010,Fat atrophy,"adipose-tissue storage, body-composition, and energy-balance structure","reduction of tissue mass, cell volume, or functional structural content",remaining_5256,9859411a044eb40ab3e820209a092d6be9eea3df7e5475bd8513df81fd2c1916,45,22,3,1,20,4,0.16724453587352905,0.17457495826160951,0.00733042238808046,0.00733042238808046,AWAY_FROM_REFERENCE,0.022222222222222223,MINOR,1,174,,,1f59908c99fe4bbdf847e854f36c78dad8d186de88295c9aec1a82d19f2ea123,0.14672859674790079,0.06918121554622048,0.5,2,True,1333
SB0326,Anorectal disorder,anorectal mucosal and sphincter structural structure,departure from the reference structural configuration or regulated functional range,established_478,04d2ef9ed4f2eb7dcb04a1d4c8246f4ee658ad28c35a3c97737373b6317e408b,325,145,1,16,160,17,0.15202269873860308,0.16626780068276725,0.014245101944164174,0.014245101944164174,AWAY_FROM_REFERENCE,0.04923076923076923,MINOR,1,171,,,a0726c282c32fa22aaac75ace450fd938fa1db3564454b5d98ff711dab562eb6,0.14669114602531402,0.06742060490891955,0.5078125,-15,True,1334
SB0357,Anus disorder,anorectal mucosal and sphincter structural structure,departure from the reference structural configuration or regulated functional range,established_478,04d2ef9ed4f2eb7dcb04a1d4c8246f4ee658ad28c35a3c97737373b6317e408b,325,145,1,16,160,17,0.15202269873860308,0.16626780068276725,0.014245101944164174,0.014245101944164174,AWAY_FROM_REFERENCE,0.04923076923076923,MINOR,1,171,,,1f770f8d6c38072d3fe3845b0b539dfbab6a94403ebb076b5f70ade1217df35e,0.14669114602531402,0.06742060490891955,0.5078125,-15,True,1335
SB0379,Aphasia,dominant-hemisphere cortical language-processing structure,"loss or impairment of language comprehension, formulation, or symbolic communication",established_478,91c72d1a3c33607aaaec349e117f2fb50d4e713e1f19adf3de7d385216e006a0,3,0,0,1,1,1,0.19333569954598984,0.2027151871472488,0.009379487601258951,0.009379487601258951,AWAY_FROM_REFERENCE,0.3333333333333333,MODERATE,2,231,,,6e74cff61f16d846d81c08087ddd6c8d1c51655fd2067535aab35c0787122d8d,0.1462140411895652,0.07198358681654293,0.484375,-1,True,1336
SB1147,Chronic idiopathic constipation,"intestinal mucosal barrier, smooth-muscle motility, and luminal transport structure",reduced intestinal transit/propulsion with prolonged luminal retention,remaining_5256,3f4b303b6ef43027083948c7cd5a4b85a96052db1ee4262399178f0726c98415,276,92,5,9,96,14,0.12544652444738036,0.13432587170504218,0.008879347257661818,0.008879347257661818,AWAY_FROM_REFERENCE,0.03260869565217391,MINOR,1,231,,,ccb39c3aa9a79ded691b066284616338fad29b3b51e8ad1fb7c377405c3eca1e,0.1460111174804959,0.05973154570792183,0.5390625,-4,True,1337
SB1296,Constipation,"intestinal mucosal barrier, smooth-muscle motility, and luminal transport structure",reduced intestinal transit/propulsion with prolonged luminal retention,remaining_5256,3f4b303b6ef43027083948c7cd5a4b85a96052db1ee4262399178f0726c98415,276,92,5,9,96,14,0.12544652444738036,0.13432587170504218,0.008879347257661818,0.008879347257661818,AWAY_FROM_REFERENCE,0.03260869565217391,MINOR,1,231,,,eba0267b066f9f4c6efa6476afc38a57afd8ec3b2b2d3199f6e0f0563004c4f8,0.1460111174804959,0.05973154570792183,0.5390625,-4,True,1338
SB1297,Constipation aggravated,"intestinal mucosal barrier, smooth-muscle motility, and luminal transport structure",reduced intestinal transit/propulsion with prolonged luminal retention,remaining_5256,3f4b303b6ef43027083948c7cd5a4b85a96052db1ee4262399178f0726c98415,276,92,5,9,96,14,0.12544652444738036,0.13432587170504218,0.008879347257661818,0.008879347257661818,AWAY_FROM_REFERENCE,0.03260869565217391,MINOR,1,231,,,e8a684919135f6525ee400d93275f424be3d3d481def5367ac58d31eb9809a12,0.1460111174804959,0.05973154570792183,0.5390625,-4,True,1339
SB1298,Constipation chronic,"intestinal mucosal barrier, smooth-muscle motility, and luminal transport structure",reduced intestinal transit/propulsion with prolonged luminal retention,remaining_5256,3f4b303b6ef43027083948c7cd5a4b85a96052db1ee4262399178f0726c98415,276,92,5,9,96,14,0.12544652444738036,0.13432587170504218,0.008879347257661818,0.008879347257661818,AWAY_FROM_REFERENCE,0.03260869565217391,MINOR,1,231,,,3ca0cf0f841aaced1f7b681965c73acae0eb792bb20acc64f753e839fc6f9ef6,0.1460111174804959,0.05973154570792183,0.5390625,-4,True,1340
SB4263,Post procedural constipation,"intestinal mucosal barrier, smooth-muscle motility, and luminal transport structure",reduced intestinal transit/propulsion with prolonged luminal retention,remaining_5256,3f4b303b6ef43027083948c7cd5a4b85a96052db1ee4262399178f0726c98415,276,92,5,9,96,14,0.12544652444738036,0.13432587170504218,0.008879347257661818,0.008879347257661818,AWAY_FROM_REFERENCE,0.03260869565217391,MINOR,1,231,,,d6f2b9a66794f45987d7f6871c159864330b9ead0d4ecffdcf92ecceb3bd404f,0.1460111174804959,0.05973154570792183,0.5390625,-4,True,1341
SB4292,Postoperative constipation,"intestinal mucosal barrier, smooth-muscle motility, and luminal transport structure",reduced intestinal transit/propulsion with prolonged luminal retention,remaining_5256,3f4b303b6ef43027083948c7cd5a4b85a96052db1ee4262399178f0726c98415,276,92,5,9,96,14,0.12544652444738036,0.13432587170504218,0.008879347257661818,0.008879347257661818,AWAY_FROM_REFERENCE,0.03260869565217391,MINOR,1,231,,,952e737c88f6c4b2bd3a446abe29ea4f9436a7436639139fa220df020f169dc0,0.1460111174804959,0.05973154570792183,0.5390625,-4,True,1342
SB3112,Limb paresis,"regional limb musculoskeletal, neurovascular, and skin structure",reduced or absent motor neural output and target-tissue activation,remaining_5256,6deccbed04820935344dc4b4b916df55fdb41c84ca1dc6615fd20c462125fa1b,21,12,0,1,13,1,0.17499467919868417,0.1765125584678422,0.001517879269158029,0.001517879269158029,AWAY_FROM_REFERENCE,0.047619047619047616,MINOR,1,223,,,721e00bce7bee3591a639fb1278b47d6833ec547302a28a310153fc43cc27762,0.14502549276433022,0.060244503371134406,0.53125,-1,True,1343
SB0191,Aggravation of existing disorder,pre-existing affected biological structure,departure from the reference structural configuration or regulated functional range,established_478,e72e5a3300bb1aed39d86712c63abe322ab1d10c71f3ced96b40ea8858cc0bce,105,68,4,5,69,9,0.21238807262098736,0.22015956874936105,0.007771496128373689,0.007771496128373689,AWAY_FROM_REFERENCE,0.047619047619047616,MINOR,1,223,,,9d7417505698d0616585a5f9f7044e5367a18d14d165c2eee80318baa8532f9d,0.14479779827891606,0.05825188814501958,0.5390625,-1,True,1344
SB0109,Acute bronchitis,bronchial mucosal inflammatory and airway-clearance structure,"localized inflammatory activation with cellular infiltration, vascular change, and tissue-function perturbation",established_478,47496c4198d2d79398b5b23684931dcd353a25aa9b3f82d159012ebc2c925507,105,27,3,2,26,5,0.13819771753939492,0.14174909221043364,0.0035513746710387206,0.0035513746710387206,AWAY_FROM_REFERENCE,0.01904761904761905,MINOR,1,231,,,da7a6fe545bf550ce7daebb7ab9b415cd78d84e2a65be600a5c7dbcc076cca2b,0.14479765861942429,0.058251717828566196,0.5390625,1,True,1345
SB3529,Nail hypertrophy,"nail matrix, plate-production, and periungual structure",increase in tissue mass or cellular content beyond the reference configuration,remaining_5256,5416257d72100aad424b7db1ec44baf59dc7f018d5354c131b4a8def2a5e6032,36,16,4,2,14,6,0.1698388335918568,0.1741582975527619,0.004319463960905101,0.004319463960905101,AWAY_FROM_REFERENCE,0.05555555555555555,MINOR,1,230,,,b0182362fd664398a29adada74964d956ab362e6e247dda354eca28a2472830f,0.1446952258389075,0.05469692175476526,0.5546875,2,True,1346
SB0867,Bronchospasm aggravated,bronchial smooth-muscle tone and airway-caliber structure,increase in magnitude or instability of a pre-existing structural deviation,remaining_5256,7903d99f5b8c72054ba02c330526ba17cc700a39819bf83885ccc3b82c8a4068,300,115,10,4,109,14,0.13108218537637062,0.13810286876277122,0.007020683386400606,0.007020683386400606,AWAY_FROM_REFERENCE,0.013333333333333334,MINOR,1,231,,,9133e8f4b0cfb92aba21f9e8ef12ce2c5c0700e7ff47bdf5f9dc7a0cdd15f964,0.14459312041430902,0.06486203709062077,0.5078125,6,True,1347
SB0065,Acarodermatitis,cutaneous barrier and mite-triggered structure,"localized inflammatory activation with cellular infiltration, vascular change, and tissue-function perturbation",established_478,e560c8318c99754ad261ac83422a67e78e361cff59b89016a13a819d0ded1656,253,99,11,5,93,16,0.20412896570435313,0.21499547779438033,0.010866512090027203,0.010866512090027203,AWAY_FROM_REFERENCE,0.019762845849802372,MINOR,1,231,,,72a6f8b0013a9d7ecd25003c6eac11002d74617a3aacc61139e9cad68b1e283e,0.14454327918867368,0.05279668193740694,0.5625,6,True,1348
SB2342,Growth hormone overproduction,hypothalamic-pituitary hormone-control and release structure,functional output above the reference operating range,remaining_5256,c6e03e1c810fbb9031cf9d7d6fa1ffb3b6e4ddff77043381ca8215ae9c281cc5,741,379,48,23,354,71,0.1815966744018157,0.17725945381194586,-0.00433722058986985,0.00433722058986985,TOWARD_REFERENCE,0.0310391363022942,MINOR,1,174,,,d36ef5caa2d002b08320fd08abaef6023995d54296230e8f3e2751638877885d,0.1431472750686559,0.0562390549617755,0.5390625,25,True,1349
SB1551,Digestion impaired,"intestinal mucosal barrier, smooth-muscle motility, and luminal transport structure",reduced ability of the named structure/process to complete its normal regulated operation,remaining_5256,393a89074d7ff6a86d7e00f7da735149d991b8610d49668d954eb129b51fb044,276,94,6,12,100,18,0.12842879290251474,0.13775139834790162,0.009322605445386878,0.009322605445386878,AWAY_FROM_REFERENCE,0.043478260869565216,MINOR,1,231,,,0d8f93b378726b59c20234a75ef88ae88c4a8115100d0872415a48801fb6f5ee,0.14303834505148533,0.05953609152620165,0.5234375,-6,True,1350
SB3032,Labyrinthitis,vestibular sensory-transduction and balance-control structure,"localized inflammatory activation with cellular infiltration, vascular change, and tissue-function perturbation",remaining_5256,c2ed0f18f5523d8d3b8d45bd406885f76649188a9d7fa24050a5a602df3af84f,15,7,0,1,8,1,0.20459228045370992,0.20996907037601575,0.005376789922305836,0.005376789922305836,AWAY_FROM_REFERENCE,0.06666666666666667,MINOR,1,198,,,e1c87eb0ac7e2cd9019bf9d8a8363aff346cf7b848ab6be38f9bfe85edb3ceb7,0.14254048314054507,0.05378412578115255,0.546875,-1,True,1351
SB5600,Vestibular neuronitis,vestibular sensory-transduction and balance-control structure,"localized inflammatory activation with cellular infiltration, vascular change, and tissue-function perturbation",remaining_5256,c2ed0f18f5523d8d3b8d45bd406885f76649188a9d7fa24050a5a602df3af84f,15,7,0,1,8,1,0.20459228045370992,0.20996907037601575,0.005376789922305836,0.005376789922305836,AWAY_FROM_REFERENCE,0.06666666666666667,MINOR,1,198,,,604e6e450c4210f9c6d0c6607379b76c94781d21934021f4fa454f62ea3b3ecc,0.14254048314054507,0.05378412578115255,0.546875,-1,True,1352
SB0041,Abnormal ejaculation,male reproductive autonomic ejaculatory structure,departure from the reference structural configuration or regulated functional range,established_478,c9142dda484140c4e527dae1ad7832cf364ca930790684ff3a3d004225ad3e86,1378,575,35,37,577,72,0.17758467016919344,0.17642027310983255,-0.0011643970593608888,0.0011643970593608888,TOWARD_REFERENCE,0.026850507982583455,MINOR,1,223,,,69c3428680742b3458daaf12c2d5677c6be5d3a9d971449bdea1fc900f03b33e,0.14245763018474233,0.05882790266431992,0.5234375,-2,True,1353
SB0209,Albinism,melanocyte melanin-production and epidermal-pigment structure,reduced or absent melanin production/distribution in pigment-containing tissues,established_478,d49e5fb5ddacfdb54d962322af833e2cb53471ff21c3d327bf4f136e1956af99,351,100,4,7,103,11,0.15221560290278713,0.16132052616857617,0.009104923265789044,0.009104923265789044,AWAY_FROM_REFERENCE,0.019943019943019943,MINOR,1,230,,,fb395cb76d870b12a3eab2d994447de5d2bf50f35bfdcf8034675a1f730fb120,0.14189263690426318,0.05642394744422341,0.53125,-3,True,1354
SB2204,Gastrointestinal inflammation,"intestinal mucosal barrier, smooth-muscle motility, and luminal transport structure","localized or systemic inflammatory activation with altered barrier, vascular, and cellular organization",remaining_5256,8d67d57de01bc2468765083b67ea9c4b5b69a32eedbaa2a3e1aca55432c44844,276,80,11,13,82,24,0.12128062800697736,0.1321872851517305,0.01090665714475314,0.01090665714475314,AWAY_FROM_REFERENCE,0.04710144927536232,MINOR,1,231,,,50b1919fec7ce1d9689ecaf0d00eb165dbcdadb1dc3565553b84ce7295a1d574,0.14168851329443233,0.06303477231028332,0.5,-2,True,1355
SB2810,Inflammatory bowel disease,"intestinal mucosal barrier, smooth-muscle motility, and luminal transport structure","localized or systemic inflammatory activation with altered barrier, vascular, and cellular organization",remaining_5256,8d67d57de01bc2468765083b67ea9c4b5b69a32eedbaa2a3e1aca55432c44844,276,80,11,13,82,24,0.12128062800697736,0.1321872851517305,0.01090665714475314,0.01090665714475314,AWAY_FROM_REFERENCE,0.04710144927536232,MINOR,1,231,,,12f2c6650aeb67edca5094dd0126fbbee829961331d1eef155975210e3260339,0.14168851329443233,0.06303477231028332,0.5,-2,True,1356
SB3777,Onychomycosis,"nail matrix, plate-production, and periungual structure","abnormal structural accumulation, degeneration, remodeling, or chronic state within the named structure",remaining_5256,470e7e6d8170180328c7a4cf797f9b89efac16e36f0c81e5b362d60e9d1d89b0,36,9,4,4,9,8,0.12632070658109673,0.12976241185168202,0.0034417052705852935,0.0034417052705852935,AWAY_FROM_REFERENCE,0.1111111111111111,MINOR,1,230,,,4595cbb3140f75bf6912c70ac338848915734fefa00c097941728cfa2f2b9ae0,0.13972197796179986,0.05377680239243887,0.53125,0,True,1357
SB3527,Nail disorder,"nail matrix, plate-production, and periungual structure",departure from the reference structural configuration or regulated functional range,remaining_5256,3bd3ab6f4cc42180224fee17047328c951644e3b3ed2bcffb84559208ebaf857,36,12,2,1,11,3,0.14177894606597097,0.15021705973620691,0.008438113670235947,0.008438113670235947,AWAY_FROM_REFERENCE,0.027777777777777776,MINOR,1,230,,,8521b0d38eea1c645172b7fd85aa4e4e540ad981341c531e09e034f0babd17f1,0.134000068861744,0.05022874251432197,0.515625,1,True,1358
SB3535,Nail toxicity,"nail matrix, plate-production, and periungual structure",departure from the reference structural configuration or regulated functional range,remaining_5256,3bd3ab6f4cc42180224fee17047328c951644e3b3ed2bcffb84559208ebaf857,36,12,2,1,11,3,0.14177894606597097,0.15021705973620691,0.008438113670235947,0.008438113670235947,AWAY_FROM_REFERENCE,0.027777777777777776,MINOR,1,230,,,e2063af761edadf79a49ff4f0e66d4ad6162abe884368575b18bf03e8a0faf46,0.134000068861744,0.05022874251432197,0.515625,1,True,1359
SB5728,Yellow nail syndrome,"nail matrix, plate-production, and periungual structure",departure from the reference structural configuration or regulated functional range,remaining_5256,3bd3ab6f4cc42180224fee17047328c951644e3b3ed2bcffb84559208ebaf857,36,12,2,1,11,3,0.14177894606597097,0.15021705973620691,0.008438113670235947,0.008438113670235947,AWAY_FROM_REFERENCE,0.027777777777777776,MINOR,1,230,,,a999d1238331a66e0e513fb9aad1e464c7e5125e58b9185b982c780a64c307cc,0.134000068861744,0.05022874251432197,0.515625,1,True,1360
