#YY  MM DD hh mm WDIR WSPD GST  WVHT   DPD   APD MWD   PRES  ATMP  WTMP  DEWP  VIS PTDY  TIDE
#yr  mo dy hr mn degT m/s  m/s     m   sec   sec degT   hPa  degC  degC  degC  nmi  hPa    ft
2026 09 30 02 30 200  5.0  6.0   0.2    MM    MM 248 1014.8  18.2  17.1  16.9   MM   MM    MM
2026 09 30 02 00 200  3.0  3.0   0.2    MM    MM 254 1014.9  17.9  17.1  17.9   MM -0.7    MM
2026 09 30 01 30 190  3.0  3.0   0.2    MM    MM 255 1014.9  17.7  17.1  17.7   MM   MM    MM
2026 09 30 01 00 170  2.0  3.0   0.2    MM    MM 255 1015.2  17.6  17.1  17.6   MM -0.4    MM
2026 09 30 00 30 130  1.0  2.0   0.2    MM    MM 254 1015.2  17.8  17.0  17.8   MM   MM    MM
2026 09 30 00 00 150  1.0  2.0   0.2    MM    MM 254 1015.5  18.0  16.8  18.0   MM -0.9    MM
2026 09 29 23 30 210  2.0  3.0   0.2    MM    MM 253 1015.4  18.0  16.8  18.0   MM   MM    MM
2026 09 29 23 00 280  2.0  3.0   0.2    MM    MM 248 1015.6  17.9  16.7  17.9   MM -0.9    MM
2026 09 29 22 30 280  4.0  4.0   0.3     3    MM 247 1015.5  17.8  16.8  17.8   MM   MM    MM
2026 09 29 22 00 270  6.0  7.0   0.2    MM    MM 255 1015.6  17.9  16.8  17.9   MM -2.2    MM
2026 09 29 21 30 280  5.0  7.0   0.2    MM    MM 256 1016.1  18.0  17.1  18.0   MM   MM    MM
2026 09 29 21 00 280  7.0  7.0   0.1    MM    MM 272 1016.4  18.0  17.3  17.5   MM -1.8    MM
2026 09 29 20 30 310  2.0  2.0   0.1    MM    MM 266 1016.4  18.6  17.1  18.6   MM   MM    MM
2026 09 29 20 00 310  2.0  2.0   0.1    MM    MM 273 1016.5  18.3  16.7  18.0   MM -2.9    MM
2026 09 29 19 30 300  2.0  2.0   0.1    MM    MM 251 1017.1  18.1  16.7  18.1   MM   MM    MM
2026 09 29 19 00 300  3.0  4.0   0.0    MM    MM 311 1017.8  17.9  16.6  17.9   MM -1.7    MM
2026 09 29 18 30 330  2.0  2.0   0.0    MM    MM 317 1018.0  17.7  16.4  17.7   MM   MM    MM
2026 09 29 18 00 320  1.0  2.0   0.0    MM    MM 329 1018.2  17.5  16.4  17.5   MM -1.6    MM
2026 09 29 17 30 300  2.0  3.0   0.1    MM    MM 357 1018.7  17.4  16.4  17.4   MM   MM    MM
2026 09 29 17 00 320  3.0  3.0   0.0    MM    MM 345 1019.4  17.4  16.4  17.4   MM -1.0    MM
2026 09 29 16 30  70  1.0  1.0   0.1    MM    MM 349 1019.4  17.8  16.5  17.8   MM   MM    MM
2026 09 29 16 00  90  1.0  2.0   0.1    MM    MM 339 1019.5  17.5  16.4  17.5   MM -0.9    MM
2026 09 29 15 30 170  2.0  2.0   0.1    MM    MM 337 1019.6  17.1  16.4  17.1   MM   MM    MM
2026 09 29 15 00 170  2.0  3.0   0.1    MM    MM 332 1019.8  16.6  16.3  16.6   MM -0.7    MM
2026 09 29 14 30 170  3.0  4.0   0.1    MM    MM 220 1020.2  15.8  16.2  15.8   MM   MM    MM
2026 09 29 14 00 190  4.0  4.0   0.1    MM    MM 322 1020.4  15.1  16.2  15.1   MM +0.0    MM
2026 09 29 13 30 200  4.0  4.0   0.1    MM    MM 333 1020.7  14.9  16.2  14.9   MM   MM    MM
2026 09 29 13 00 180  3.0  3.0   0.1    MM    MM 328 1020.4  15.0  16.2  15.0   MM +0.4    MM
2026 09 29 12 30 180  2.0  2.0   0.1    MM    MM 331 1020.7  14.8  16.2  14.8   MM   MM    MM
2026 09 29 12 00 180  2.0  3.0   0.1    MM    MM 331 1020.5  14.8  16.2  14.8   MM   MM    MM
2026 09 29 11 30 180  2.0  3.0   0.1    MM    MM 326 1020.2  14.7  16.2  14.7   MM   MM    MM
2026 09 29 11 00 180  2.0  3.0   0.1    MM    MM 323 1020.2  14.6  16.2  14.6   MM   MM    MM
2026 09 29 10 30 220  2.0  3.0   0.1    MM    MM 310 1020.1  14.5  16.2  14.5   MM   MM    MM
2026 09 29 10 00 180  3.0  4.0   0.0    MM    MM 281 1020.0  14.6  16.2  14.6   MM   MM    MM
2026 09 29 09 30 210  2.0  3.0   0.0    MM    MM 308 1020.1  15.1  16.2  15.1   MM   MM    MM
2026 09 29 04 30 180  2.0  3.0   0.1    MM    MM 349 1020.0  15.7  16.1  15.7   MM   MM    MM
2026 09 29 04 00 180  3.0  3.0   0.1    MM    MM 354 1020.1  15.6  16.1  15.6   MM +0.0    MM
2026 09 29 03 30 190  3.0  3.0   0.1    MM    MM 353 1020.1  15.9  16.1  15.9   MM   MM    MM
2026 09 29 03 00 210  2.0  2.0   0.1    MM    MM 347 1020.3  16.1  16.1  16.1   MM +0.3    MM
2026 09 29 02 30 190  1.0  2.0   0.1    MM    MM 349 1020.3  16.5  16.1  16.5   MM   MM    MM
2026 09 29 02 00 190  1.0  2.0   0.1    MM    MM 348 1020.3  16.6  16.2  16.6   MM +0.0    MM
2026 09 29 01 30 170  2.0  2.0   0.1    MM    MM 349 1020.1  16.7  16.1  16.7   MM   MM    MM
2026 09 29 01 00 170  2.0  2.0   0.1    MM    MM 349 1020.1  17.2  16.2  17.2   MM +0.0    MM
2026 09 29 00 30 170  1.0  2.0   0.2    MM    MM 352 1020.0  17.4  16.3  17.4   MM   MM    MM
2026 09 29 00 00  MM  0.0  1.0   0.1    MM    MM 351 1020.0  17.8  16.3  17.8   MM -0.6    MM
2026 09 28 23 30 180  1.0  1.0   0.2    MM    MM 350 1020.0  18.5  16.4  17.8   MM   MM    MM
2026 09 28 23 00  MM  0.0  1.0   0.2    MM    MM 350 1020.1  20.6  16.4  19.6   MM -0.9    MM
2026 09 28 22 30 290  1.0  1.0   0.2    MM    MM 348 1020.2  18.7  16.4  17.9   MM   MM    MM
2026 09 28 22 00 300  1.0  1.0   0.2    MM    MM 339 1020.1  18.5  16.4  18.0   MM -1.2    MM
2026 09 28 21 30 360  2.0  3.0   0.2    MM    MM 339 1020.5  17.8  16.4  17.6   MM   MM    MM
2026 09 28 21 00 340  1.0  2.0   0.2    MM    MM 338 1020.6  18.3  16.4  17.9   MM -1.2    MM
2026 09 28 20 30 330  1.0  1.0   0.2    MM    MM 341 1020.9  17.6  16.4  17.3   MM   MM    MM
2026 09 28 20 00 350  3.0  3.0   0.2    MM    MM 341 1021.0  17.5  16.5  17.4   MM -0.7    MM
2026 09 28 19 30  10  2.0  3.0   0.2    MM    MM 339 1021.1  17.5  16.5  17.4   MM   MM    MM
2026 09 28 19 00  40  3.0  3.0   0.1    MM    MM 337 1021.3  17.5  16.5  17.4   MM -0.7    MM
2026 09 28 18 30  20  2.0  3.0   0.1    MM    MM 336 1021.5  17.4  16.4  17.4   MM   MM    MM
2026 09 28 18 00 340  3.0  3.0   0.1    MM    MM 336 1021.8  17.3  16.3  17.3   MM +0.0    MM
2026 09 28 17 30 360  2.0  3.0   0.1    MM    MM 334 1021.7  17.2  16.2  17.2   MM   MM    MM
2026 09 28 17 00  10  2.0  2.0   0.1    MM    MM 334 1021.7  17.3  16.1  17.3   MM -0.5    MM
2026 09 28 16 30 360  3.0  3.0   0.1    MM    MM 337 1021.8  17.1  16.1  17.1   MM   MM    MM
2026 09 28 16 00 360  2.0  2.0   0.1    MM    MM 340 1022.0  17.2  16.0  17.2   MM +0.0    MM
2026 09 28 15 30 320  2.0  3.0   0.1    MM    MM 344 1022.1  17.1  16.1  17.1   MM   MM    MM
2026 09 28 15 00  MM  0.0  1.0   0.1    MM    MM 341 1021.9  17.9  16.0  17.9   MM +0.0    MM
2026 09 28 14 30 230  1.0  1.0   0.1    MM    MM 353 1022.1  16.5  16.0  16.5   MM   MM    MM
2026 09 28 14 00 200  1.0  1.0   0.1    MM    MM 334 1022.2  16.4  15.9  16.4   MM +0.4    MM
2026 09 28 13 30 210  1.0  1.0   0.0    MM    MM 355 1022.2  15.7  15.9  15.7   MM   MM    MM
2026 09 28 13 00 210  1.0  1.0   0.1    MM    MM 351 1022.2  15.5  15.9  15.5   MM +0.6    MM
2026 09 28 12 30 210  2.0  2.0   0.0    MM    MM 335 1022.2  15.5  16.0  15.5   MM   MM    MM
2026 09 28 12 00 200  2.0  2.0   0.0    MM    MM 331 1022.0  15.3  16.0  15.3   MM +0.6    MM
2026 09 28 11 30 180  2.0  3.0   0.0    MM    MM 307 1021.9  14.9  16.0  14.9   MM   MM    MM
2026 09 28 11 00 200  1.0  1.0   0.0    MM    MM 297 1021.8  14.9  16.0  14.9   MM -0.0    MM
2026 09 28 10 30 180  2.0  2.0   0.0    MM    MM 313 1021.8  14.6  16.1  14.6   MM   MM    MM
2026 09 28 10 00 190  2.0  2.0   0.0    MM    MM 318 1021.6  14.8  16.0  14.8   MM +0.0    MM
2026 09 28 09 30 220  2.0  2.0   0.1    MM    MM 302 1021.3  14.7  16.0  14.7   MM   MM    MM
2026 09 28 09 00 190  2.0  2.0   0.1    MM    MM 310 1021.4  14.6  15.8  14.6   MM -0.5    MM
2026 09 28 08 30 170  2.0  2.0   0.0    MM    MM 330 1021.5  14.5  15.7  14.5   MM   MM    MM
2026 09 28 08 00 180  2.0  2.0   0.1    MM    MM 330 1021.7  14.6  15.6  14.6   MM -0.4    MM
2026 09 28 07 30 190  1.0  2.0   0.1    MM    MM 328 1021.5  14.5  15.5  14.5   MM   MM    MM
2026 09 28 07 00 220  2.0  2.0   0.1    MM    MM 323 1021.8  14.2  15.3  14.2   MM +0.0    MM
2026 09 28 06 30 190  3.0  3.0   0.1    MM    MM 329 1021.8  14.1  15.1  14.1   MM   MM    MM
2026 09 28 06 00 190  2.0  3.0   0.1    MM    MM 331 1021.9  14.9  14.9  14.9   MM +0.4    MM
2026 09 28 05 30 240  2.0  2.0   0.1    MM    MM 332 1022.0  14.6  14.5  14.6   MM   MM    MM
2026 09 28 05 00 170  1.0  2.0   0.1    MM    MM 330 1022.1  14.6  14.5  14.6   MM +0.5    MM
2026 09 28 04 30 180  2.0  2.0   0.1    MM    MM 329 1021.9  14.7  14.5  14.7   MM   MM    MM
2026 09 28 04 00 190  2.0  2.0   0.1    MM    MM 329 1021.6  14.9  14.6  14.9   MM +0.0    MM
2026 09 28 03 30 200  2.0  2.0   0.1    MM    MM 328 1021.5  15.1  14.7  15.1   MM   MM    MM
2026 09 28 03 00 180  2.0  3.0   0.1    MM    MM 328 1021.5  15.2  14.4  15.2   MM +0.0    MM
2026 09 28 02 30 170  2.0  2.0   0.1    MM    MM 325 1021.5  15.4  14.5  15.4   MM   MM    MM
2026 09 28 02 00 170  1.0  2.0   0.1    MM    MM 320 1021.6  15.6  14.6  15.6   MM +0.6    MM
2026 09 28 01 30 170  1.0  1.0   0.1    MM    MM 315 1021.5  16.1  14.7  16.1   MM   MM    MM
2026 09 28 01 00 190  1.0  1.0   0.1    MM    MM 310 1021.5  16.1  14.7  16.1   MM +0.3    MM
2026 09 28 00 30  MM  0.0  0.0   0.1    MM    MM 307 1021.4  16.2  14.6  16.2   MM   MM    MM
2026 09 28 00 00  50  1.0  2.0   0.1    MM    MM 299 1021.3  16.3  14.3  16.3   MM -0.0    MM
2026 09 27 23 30  90  1.0  1.0   0.1    MM    MM 300 1021.2  16.3  14.3  16.3   MM   MM    MM
2026 09 27 23 00  20  2.0  2.0   0.1    MM    MM 294 1021.0  17.0  14.4  16.9   MM -0.5    MM
2026 09 27 22 30 350  3.0  3.0   0.1    MM    MM 294 1021.1  17.3  14.4  17.1   MM   MM    MM
2026 09 27 22 00 350  3.0  3.0   0.1    MM    MM 309 1021.2  17.5  14.6  17.5   MM -1.0    MM
2026 09 27 21 30  20  2.0  2.0   0.1    MM    MM 301 1021.4  17.1  14.9  17.1   MM   MM    MM
2026 09 27 21 00  70  3.0  3.0   0.1    MM    MM 294 1021.3  17.2  14.9  17.0   MM -1.5    MM
2026 09 27 20 30  70  2.0  2.0   0.1    MM    MM 337 1021.4  17.7  14.9  16.9   MM   MM    MM
2026 09 27 20 00  70  2.0  2.0   0.0    MM    MM 256 1021.5  17.6  14.8  16.9   MM -1.8    MM
2026 09 27 19 30 360  2.0  3.0   0.0    MM    MM 255 1021.9  17.5  15.1  16.5   MM   MM    MM
2026 09 27 19 00  10  2.0  3.0   0.0    MM    MM 262 1022.2  17.4  15.3  16.2   MM -1.5    MM
2026 09 27 18 30  10  2.0  2.0   0.0    MM    MM 296 1022.6  17.1  15.3  15.7   MM   MM    MM
2026 09 27 18 00  20  3.0  3.0   0.1    MM    MM 338 1022.8  17.0  15.4  15.7   MM -1.0    MM
2026 09 27 17 30  10  2.0  2.0   0.0    MM    MM 358 1023.2  17.0  15.5  16.0   MM   MM    MM
2026 09 27 17 00 350  3.0  3.0   0.0    MM    MM 321 1023.3  16.7  15.5  15.4   MM -0.7    MM
2026 09 27 16 30 340  3.0  3.0   0.0    MM    MM  52 1023.6  16.4  15.5  15.2   MM   MM    MM
2026 09 27 16 00 340  2.0  3.0   0.1    MM    MM 353 1023.7  16.1  15.4  14.6   MM -0.5    MM
2026 09 27 15 30  MM  0.0  1.0   0.0    MM    MM 275 1023.9  17.6  15.4  15.0   MM   MM    MM
2026 09 27 15 00  MM  0.0  1.0   0.0    MM    MM 297 1023.8  17.9  15.3  16.4   MM -0.4    MM
2026 09 27 14 30  MM  0.0  0.0   0.0    MM    MM 322 1024.1  16.6  15.2  16.2   MM   MM    MM
2026 09 27 14 00 230  1.0  1.0   0.1    MM    MM 326 1024.0  15.2  15.1  15.0   MM +0.0    MM
2026 09 27 13 30 170  1.0  1.0   0.0    MM    MM 341 1024.1  14.8  15.0  14.8   MM   MM    MM
2026 09 27 13 00 190  1.0  1.0   0.0    MM    MM 343 1024.2  13.7  14.9  13.7   MM +0.0    MM
2026 09 27 12 30 180  2.0  2.0   0.1    MM    MM  11 1024.2  13.5  14.8  13.5   MM   MM    MM
2026 09 27 12 00 200  2.0  3.0   0.0    MM    MM 359 1024.2  13.4  14.8  13.4   MM +0.4    MM
2026 09 27 11 30 200  2.0  2.0   0.0    MM    MM 357 1024.0  13.4  14.7  13.4   MM   MM    MM
2026 09 27 11 00 210  1.0  1.0   0.1    MM    MM 357 1024.0  13.3  14.5  13.3   MM +0.3    MM
2026 09 27 10 30 130  1.0  1.0   0.1    MM    MM 359 1023.9  13.3  14.0  13.3   MM   MM    MM
2026 09 27 10 00 150  2.0  3.0   0.1    MM    MM   1 1024.0  13.1  13.6  13.0   MM -0.0    MM
2026 09 27 09 30 240  1.0  2.0   0.1    MM    MM   1 1023.9  13.6  13.5  13.3   MM   MM    MM
2026 09 27 09 00  MM  0.0  1.0   0.1    MM    MM   1 1023.8  13.2  13.4  12.8   MM -0.5    MM
2026 09 27 08 30 180  1.0  2.0   0.1    MM    MM   0 1023.6  13.4  13.1  13.0   MM   MM    MM
2026 09 27 08 00 180  2.0  2.0   0.1    MM    MM   1 1023.7  13.4  12.1  13.0   MM -0.6    MM
2026 09 27 07 30 180  2.0  2.0   0.1    MM    MM 358 1023.9  13.5  11.8  13.2   MM   MM    MM
2026 09 27 07 00 180  3.0  3.0   0.1    MM    MM 341 1024.0  13.8  12.7  13.5   MM -0.5    MM
2026 09 27 06 30 220  3.0  3.0   0.1    MM    MM 347 1024.3  14.2  12.1  13.6   MM   MM    MM
2026 09 27 06 00 260  3.0  4.0   0.1    MM    MM 357 1024.3  14.2  12.8  13.7   MM +0.0    MM
2026 09 27 05 30 250  3.0  3.0   0.1    MM    MM 357 1024.4  14.6  13.0  14.4   MM   MM    MM
2026 09 27 05 00 230  2.0  3.0   0.1    MM    MM 345 1024.3  15.7  12.6  13.8   MM +0.0    MM
2026 09 27 04 30 130  5.0  7.0   0.1    MM    MM 350 1024.3  15.9  12.4  15.2   MM   MM    MM
2026 09 27 04 00 140  1.0  5.0   0.1    MM    MM 336 1024.5  14.2  12.0  14.2   MM -0.0    MM
2026 09 27 03 30 220  1.0  1.0   0.1    MM    MM 337 1024.5  13.9  11.4  13.9   MM   MM    MM
2026 09 27 03 00 220  2.0  3.0   0.1    MM    MM 337 1024.3  13.9  11.0  13.9   MM +0.0    MM
2026 09 27 02 30 210  2.0  2.0   0.1    MM    MM 328 1024.4  13.9  11.4  13.9   MM   MM    MM
2026 09 27 02 00 160  1.0  1.0   0.1    MM    MM 321 1024.2  15.4  11.4  15.4   MM +0.0    MM
2026 09 27 01 30  80  1.0  1.0   0.1    MM    MM 317 1024.4  15.4  11.8  15.4   MM   MM    MM
2026 09 27 01 00  50  1.0  2.0   0.1    MM    MM 314 1024.5  16.0  12.1  16.0   MM +0.0    MM
2026 09 27 00 30  MM  0.0  1.0   0.1    MM    MM 321 1024.6  15.7  12.4  15.7   MM   MM    MM
2026 09 27 00 00  80  2.0  2.0   0.1    MM    MM 326 1024.3  15.1  12.9  15.1   MM -0.5    MM
2026 09 26 23 30  70  3.0  3.0   0.1    MM    MM 336 1024.4  15.6  13.0  15.6   MM   MM    MM
2026 09 26 23 00  70  3.0  3.0   0.1    MM    MM 335 1024.4  16.0  13.5  16.0   MM -1.4    MM
2026 09 26 22 30  60  2.0  3.0   0.1    MM    MM 345 1024.5  16.2  13.6  16.0   MM   MM    MM
2026 09 26 22 00  40  3.0  3.0   0.1    MM    MM 338 1024.5  16.8  13.8  16.5   MM -2.1    MM
2026 09 26 21 30  40  4.0  4.0   0.1    MM    MM 328 1024.7  17.0  14.0  16.3   MM   MM    MM
2026 09 26 21 00  40  4.0  4.0   0.1    MM    MM 328 1024.8  17.2  14.5  16.5   MM -2.6    MM
2026 09 26 20 30  40  4.0  4.0   0.1    MM    MM 317 1025.2  17.2  14.3  16.3   MM   MM    MM
2026 09 26 20 00  20  4.0  4.0   0.1    MM    MM 308 1025.8  17.2  15.2  16.1   MM -2.2    MM
2026 09 26 19 30 360  4.0  4.0   0.1    MM    MM 319 1026.2  17.1  15.6  16.2   MM   MM    MM
2026 09 26 19 00 360  4.0  5.0   0.1    MM    MM 311 1026.6  16.9  15.4  15.8   MM -2.1    MM
2026 09 26 18 30  10  3.0  4.0   0.0    MM    MM 335 1027.0  16.7  15.3  15.6   MM   MM    MM
2026 09 26 18 00  10  3.0  3.0   0.0    MM    MM 261 1027.4  16.6  15.5  15.2   MM -1.7    MM
2026 09 26 17 30 350  3.0  3.0   0.0    MM    MM 261 1027.7  16.3  15.2  15.2   MM   MM    MM
2026 09 26 17 00  10  2.0  2.0   0.0    MM    MM 304 1028.0  16.0  14.4  14.9   MM -0.9    MM
2026 09 26 16 30 350  2.0  2.0   0.1    MM    MM 299 1028.5  15.5  14.1  14.8   MM   MM    MM
2026 09 26 16 00 340  1.0  2.0   0.0    MM    MM 281 1028.7  15.0  13.1  14.9   MM +0.0    MM
2026 09 26 15 30 280  1.0  2.0   0.0    MM    MM 259 1028.9  14.7  12.8  14.7   MM   MM    MM
2026 09 26 15 00  MM  0.0  0.0   0.0    MM    MM 256 1029.1  14.6   9.9  14.6   MM +0.5    MM
2026 09 26 14 30 180  1.0  1.0   0.1    MM    MM 296 1029.1  12.7  10.2  12.7   MM   MM    MM
2026 09 26 14 00 270  1.0  1.0   0.1    MM    MM 283 1028.9  11.9  10.5  11.9   MM +0.8    MM
2026 09 26 13 30 160  1.0  1.0   0.1    MM    MM 314 1028.9  11.5  10.9  11.5   MM   MM    MM
2026 09 26 13 00 180  2.0  2.0   0.0    MM    MM 253 1028.7  11.3  10.8  11.3   MM +0.9    MM
2026 09 26 12 30 200  2.0  2.0   0.0    MM    MM 259 1028.6  11.2  11.0  11.2   MM   MM    MM
2026 09 26 12 00 170  3.0  3.0   0.0    MM    MM 272 1028.6  11.1  10.6  11.1   MM +0.5    MM
2026 09 26 11 30 210  2.0  2.0   0.0    MM    MM 257 1028.3  11.0  10.5  11.0   MM   MM    MM
2026 09 26 11 00 180  1.0  1.0   0.0    MM    MM 250 1028.1  11.1  10.6  11.1   MM -0.3    MM
2026 09 26 10 30 190  1.0  1.0   0.0    MM    MM 242 1028.0  11.3  10.4  11.3   MM   MM    MM
2026 09 26 10 00 130  1.0  1.0   0.0    MM    MM 244 1027.8  11.1  10.9  11.1   MM -0.8    MM
2026 09 26 09 30 170  1.0  2.0   0.0    MM    MM 250 1028.0  11.2   9.3  11.2   MM   MM    MM
2026 09 26 09 00 210  1.0  1.0   0.0    MM    MM 258 1028.1  11.3   9.5  11.3   MM -0.7    MM
2026 09 26 08 30 180  1.0  1.0   0.0    MM    MM 252 1028.2  11.2   9.7  11.2   MM   MM    MM
2026 09 26 08 00 150  1.0  1.0   0.0    MM    MM 255 1028.4  11.2  10.1  11.2   MM -0.9    MM
2026 09 26 07 30 190  1.0  1.0   0.0    MM    MM 252 1028.5  11.3  10.2  11.3   MM   MM    MM
2026 09 26 07 00 150  1.0  1.0   0.0    MM    MM 253 1028.6  11.1   9.6  11.1   MM -0.9    MM
2026 09 26 06 30 170  1.0  1.0   0.0    MM    MM 253 1028.6  11.7   9.5  11.7   MM   MM    MM
2026 09 26 06 00 230  1.0  1.0   0.0    MM    MM 252 1028.8  11.9   9.4  11.9   MM -0.6    MM
2026 09 26 05 30 170  1.0  1.0   0.0    MM    MM 254 1029.0  11.3   9.4  11.3   MM   MM    MM
2026 09 26 05 00 170  1.0  2.0   0.0    MM    MM 258 1029.3  11.3   9.7  11.3   MM +0.0    MM
2026 09 26 04 30 190  1.0  1.0   0.1    MM    MM 254 1029.3  11.4   9.7  11.4   MM   MM    MM
2026 09 26 04 00 170  1.0  1.0   0.1    MM    MM 253 1029.5  11.6   9.6  11.6   MM +0.3    MM
2026 09 26 03 30 200  1.0  2.0   0.1    MM    MM 251 1029.6  11.8   9.5  11.8   MM   MM    MM
2026 09 26 03 00 200  2.0  2.0   0.1    MM    MM 254 1029.4  12.0   9.6  12.0   MM +0.5    MM
2026 09 26 02 30 180  1.0  1.0   0.1    MM    MM 250 1029.3  11.9   9.7  11.8   MM   MM    MM
2026 09 26 02 00 190  1.0  1.0   0.1    MM    MM 250 1029.3  12.4   9.7  12.1   MM +0.3    MM
2026 09 26 01 30 190  1.0  1.0   0.1    MM    MM 253 1029.4  13.4   9.8  12.7   MM   MM    MM
2026 09 26 01 00 220  1.0  2.0   0.1    MM    MM 252 1029.2  13.9   9.9  12.9   MM -0.0    MM
2026 09 26 00 30  MM  0.0  1.0   0.1    MM    MM 254 1029.2  14.9   9.9  13.7   MM   MM    MM
2026 09 26 00 00 120  1.0  2.0   0.2    MM    MM 259 1028.9  15.3  10.0  13.8   MM -0.3    MM
2026 09 25 23 30 170  1.0  1.0   0.2    MM    MM 256 1029.0  16.2  10.5  14.5   MM   MM    MM
2026 09 25 23 00  50  1.0  1.0   0.2    MM    MM 250 1029.0  17.1  10.8  15.4   MM -0.7    MM
2026 09 25 22 30  MM  0.0  1.0   0.2    MM    MM 253 1029.1  18.3  11.4  15.7   MM   MM    MM
2026 09 25 22 00  MM  0.0  1.0   0.2    MM    MM 247 1029.1  16.8  12.8  14.6   MM -1.0    MM
2026 09 25 21 30  40  3.0  4.0   0.2    MM    MM 251 1029.1  16.7  13.8  14.7   MM   MM    MM
2026 09 25 21 00  20  1.0  1.0   0.2    MM    MM 251 1029.2  16.9  13.7  15.0   MM -1.8    MM
2026 09 25 20 30 280  2.0  2.0   0.1    MM    MM 250 1029.4  16.3  13.1  14.3   MM   MM    MM
2026 09 25 20 00 280  2.0  3.0   0.2    MM    MM 247 1029.7  15.7  10.6  13.3   MM -1.6    MM
2026 09 25 19 30 280  3.0  4.0   0.1    MM    MM 247 1029.9  15.5  10.0  12.3   MM   MM    MM
2026 09 25 19 00 290  4.0  4.0   0.1    MM    MM 246 1030.1  15.5   9.3  11.4   MM -1.7    MM
2026 09 25 18 30 320  2.0  3.0   0.1    MM    MM 247 1030.6  16.2   9.6  12.3   MM   MM    MM
2026 09 25 18 00  MM  0.0  1.0   0.1    MM    MM 249 1031.0  16.5   9.6  13.0   MM -0.8    MM
2026 09 25 17 30  MM  0.0  1.0   0.1    MM    MM 254 1031.2  15.5   9.8  12.9   MM   MM    MM
2026 09 25 17 00  60  1.0  1.0   0.1    MM    MM 257 1031.3  14.9   9.7  13.1   MM -0.3    MM
2026 09 25 16 30  20  1.0  1.0   0.1    MM    MM 256 1031.7  14.7   9.6  12.5   MM   MM    MM
2026 09 25 16 00  MM  0.0  1.0   0.1    MM    MM 254 1031.8  15.0   9.6  13.1   MM +0.0    MM
2026 09 25 15 30 170  1.0  1.0   0.1    MM    MM 257 1031.9  14.6   9.6  13.5   MM   MM    MM
2026 09 25 15 00 130  1.0  1.0   0.1    MM    MM 265 1031.8  13.7   9.6  13.1   MM +0.0    MM
2026 09 25 14 00 120  1.0  2.0   0.1    MM    MM 271 1031.6  12.1   9.6  12.1   MM +0.8    MM
2026 09 25 13 30 100  2.0  2.0   0.0    MM    MM 309 1031.8  11.2   9.6  11.2   MM   MM    MM
2026 09 25 13 00 180  2.0  2.0   0.0    MM    MM 313 1031.7  11.5   9.6  11.4   MM +1.1    MM
2026 09 25 12 30 210  2.0  2.0   0.0    MM    MM 341 1031.9  11.6   9.5  11.3   MM   MM    MM
2026 09 25 12 00 190  1.0  1.0   0.0    MM    MM 359 1031.6  11.9   9.6  11.4   MM +1.1    MM
2026 09 25 11 30 240  4.0  5.0   0.0    MM    MM 352 1031.5  11.9   9.5  11.0   MM   MM    MM
2026 09 25 11 00  MM  0.0  1.0   0.1    MM    MM  75 1030.8  12.3   9.5  10.9   MM +0.6    MM
2026 09 25 10 30  MM  0.0  1.0   0.1    MM    MM 108 1030.7  12.6   9.6  11.0   MM   MM    MM
2026 09 25 10 00 210  1.0  2.0   0.2    MM    MM 100 1030.6  12.6   9.5  11.0   MM -0.0    MM
2026 09 25 09 30 160  1.0  2.0   0.2    MM    MM 107 1030.4  12.8   9.5  11.1   MM   MM    MM
2026 09 25 09 00 120  1.0  1.0   0.2    MM    MM 101 1030.5  12.2   9.3  10.8   MM -0.0    MM
2026 09 25 08 30 140  1.0  2.0   0.2    MM    MM  95 1030.1  12.4   9.3  10.5   MM   MM    MM
2026 09 25 08 00 180  3.0  4.0   0.2    MM    MM  72 1030.2  13.1   9.3  10.7   MM -0.5    MM
2026 09 25 07 30 170  2.0  3.0   0.2    MM    MM  87 1030.4  13.5   9.3  10.8   MM   MM    MM
2026 09 25 07 00 150  1.0  2.0   0.2    MM    MM  45 1030.5  13.5   9.4  10.6   MM +0.0    MM
2026 09 25 06 30 150  1.0  2.0   0.2    MM    MM  50 1030.4  13.4   9.4  10.8   MM   MM    MM
2026 09 25 06 00 130  1.0  2.0   0.2    MM    MM  14 1030.6  12.8   9.4  11.4   MM +0.0    MM
2026 09 25 05 30 130  1.0  1.0   0.2    MM    MM  12 1030.8  12.6   9.5  12.1   MM   MM    MM
2026 09 25 05 00  MM  0.0  1.0   0.2    MM    MM   9 1030.7  12.5   9.5  12.5   MM +0.0    MM
2026 09 25 04 30 130  2.0  2.0   0.2    MM    MM   6 1030.5  12.3   9.5  12.3   MM   MM    MM
2026 09 25 04 00 120  1.0  2.0   0.2    MM    MM   1 1030.7  12.2   9.5  12.2   MM +0.0    MM
2026 09 25 03 30  MM  0.0  1.0   0.1    MM    MM 355 1030.6  12.3   9.6  12.3   MM   MM    MM
2026 09 25 03 00 150  1.0  1.0   0.1    MM    MM 348 1030.7  11.9   9.7  11.9   MM +0.0    MM
2026 09 25 02 30  MM  0.0  1.0   0.1    MM    MM 343 1030.7  12.6   9.7  12.6   MM   MM    MM
2026 09 25 02 00  MM  0.0  1.0   0.1    MM    MM 342 1030.7  12.3   9.7  12.3   MM +0.0    MM
2026 09 25 01 30  MM  0.0  1.0   0.1    MM    MM 344 1030.7  12.6   9.8  12.3   MM   MM    MM
2026 09 25 01 00 140  2.0  3.0   0.2    MM    MM 342 1030.6  13.6   9.8  13.4   MM +0.0    MM
2026 09 25 00 30  90  3.0  4.0   0.2    MM    MM 345 1030.5  13.1   9.7  13.1   MM   MM    MM
2026 09 25 00 00  80  5.0  5.0   0.2    MM    MM 345 1030.5  13.5   9.7  13.2   MM +0.0    MM
2026 09 24 23 30  70  6.0  7.0   0.2    MM    MM 344 1030.5  13.8  10.1  13.7   MM   MM    MM
2026 09 24 23 00  60  4.0  5.0   0.2    MM    MM 346 1030.5  12.9  10.1  12.9   MM -0.4    MM
2026 09 24 22 30  70  3.0  4.0   0.2    MM    MM 350 1030.5  13.3  10.1  13.3   MM   MM    MM
2026 09 24 22 00  40  3.0  3.0   0.2    MM    MM 345 1030.7  13.8  10.0  13.8   MM -0.5    MM
2026 09 24 21 30  40  4.0  5.0   0.2    MM    MM 346 1030.5  13.4   9.9  13.2   MM   MM    MM
2026 09 24 21 00  50  4.0  5.0   0.2    MM    MM 347 1030.4  13.9  10.0  13.4   MM -1.7    MM
2026 09 24 20 30  50  5.0  6.0   0.1    MM    MM 348 1030.5  14.5  10.0  13.6   MM   MM    MM
2026 09 24 20 00  50  5.0  6.0   0.1    MM    MM   3 1030.9  15.5   9.8  13.5   MM -1.9    MM
2026 09 24 19 30 130  1.0  3.0   0.1    MM    MM  26 1030.8  16.1   9.7  11.8   MM   MM    MM
2026 09 24 19 00 130  2.0  3.0   0.1    MM    MM   6 1031.2  15.9   9.5  11.5   MM   MM    MM
2026 09 24 18 30 110  2.0  3.0   0.1    MM    MM 360 1031.5  15.8   9.5  11.4   MM   MM    MM
2026 09 24 18 00 110  2.0  2.0   0.1    MM    MM   3 1032.1  15.7   9.3  12.1   MM   MM    MM
2026 09 24 17 30 140  1.0  2.0   0.1    MM    MM   1 1032.7  15.5   9.4  12.6   MM   MM    MM
2026 09 24 17 00 170  1.0  1.0   0.1    MM    MM  30 1032.8  15.8   9.3  13.0   MM -1.2    MM
2026 09 24 16 30 140  2.0  2.0   0.1    MM    MM  18 1033.0  15.3   9.2  13.0   MM   MM    MM
2026 09 24 14 00 120  1.0  2.0   0.1    MM    MM 354 1034.0  13.0   9.1  13.0   MM +0.0    MM
2026 09 24 13 30 120  2.0  2.0   0.1    MM    MM 357 1034.1  12.4   9.2  12.4   MM   MM    MM
2026 09 24 13 00 140  3.0  3.0   0.1    MM    MM 359 1034.1  12.4   9.3  12.4   MM -0.0    MM
2026 09 24 12 30 120  3.0  3.0   0.1    MM    MM  13 1034.1  11.7   9.3  11.7   MM   MM    MM
2026 09 24 12 00 130  2.0  3.0   0.1    MM    MM  15 1034.0  11.4   9.3  11.4   MM -0.4    MM
2026 09 24 11 30  MM  0.0  1.0   0.1    MM    MM   3 1033.7  11.3   9.3  11.3   MM   MM    MM
2026 09 24 11 00 110  2.0  2.0   0.1    MM    MM 357 1033.8  11.0   9.3  11.0   MM -0.6    MM
2026 09 24 10 30 120  2.0  2.0   0.1    MM    MM 354 1034.1  10.4   9.2  10.4   MM   MM    MM
2026 09 24 10 00 110  2.0  2.0   0.1    MM    MM 353 1034.1  10.5   9.2  10.5   MM -0.5    MM
2026 09 24 09 30 110  2.0  2.0   0.1    MM    MM 325 1034.1  10.5   9.1  10.5   MM   MM    MM
2026 09 24 09 00 120  2.0  2.0   0.1    MM    MM 352 1034.4  10.4   9.1  10.4   MM +0.3    MM
2026 09 24 08 30 120  2.0  2.0   0.1    MM    MM 348 1034.3  11.1   9.1  11.1   MM   MM    MM
2026 09 24 08 00 130  2.0  3.0   0.1    MM    MM 360 1034.4  11.2   9.1  11.2   MM +0.0    MM
2026 09 24 07 30 120  2.0  2.0   0.2    MM    MM   1 1034.4  11.9   9.0  11.9   MM   MM    MM
2026 09 24 07 00 110  2.0  2.0   0.2    MM    MM   3 1034.6  11.6   8.9  11.6   MM -0.0    MM
2026 09 24 06 30  70  2.0  2.0   0.2    MM    MM   3 1034.3  11.6   8.9  11.6   MM   MM    MM
2026 09 24 06 00  70  1.0  2.0   0.3     5    MM   4 1034.1  12.1   8.9  12.0   MM -0.5    MM
2026 09 24 05 30  50  1.0  2.0   0.3     4    MM   4 1034.3  11.5   8.8  11.2   MM   MM    MM
2026 09 24 05 00  MM  0.0  1.0   0.3     4    MM   4 1034.2  11.9   8.8  11.3   MM +0.0    MM
2026 09 24 04 30 100  2.0  3.0   0.4     4    MM   5 1034.5  12.4   8.8  11.6   MM   MM    MM
2026 09 24 04 00 120  3.0  4.0   0.4     5    MM   4 1034.6  12.7   8.8  11.6   MM +1.1    MM
2026 09 24 03 30 120  4.0  4.0   0.4     4    MM   4 1034.5  13.3   9.0  11.7   MM   MM    MM
2026 09 24 03 00 120  3.0  3.0   0.5     5    MM   3 1034.6  13.3   9.0  11.5   MM +1.5    MM
2026 09 24 02 30 130  3.0  4.0   0.5     5    MM   5 1034.4  13.7   9.0  11.5   MM   MM    MM
2026 09 24 02 00 120  5.0  5.0   0.5     5    MM   5 1034.0  14.4   9.2  11.9   MM +0.9    MM
2026 09 24 01 30 120  4.0  5.0   0.5     5    MM   2 1033.8  14.2   9.3  11.7   MM   MM    MM
2026 09 24 01 00 110  3.0  4.0   0.4     4    MM   1 1033.5  14.0   9.5  11.7   MM +0.3    MM
2026 09 24 00 30 100  3.0  3.0   0.3     4    MM   1 1033.2  14.1   9.0  11.5   MM   MM    MM
2026 09 24 00 00 100  2.0  3.0   0.3     4    MM   1 1033.1  15.0   9.3  12.1   MM -0.4    MM
2026 09 23 23 30  90  4.0  5.0   0.3     3    MM 358 1032.9  15.6   9.6  13.3   MM   MM    MM
2026 09 23 23 00  50  3.0  3.0   0.3     4    MM   1 1033.1  12.7   9.7  12.1   MM -0.8    MM
2026 09 23 22 30  40  4.0  4.0   0.3     4    MM   1 1032.9  13.6   9.7  13.0   MM   MM    MM
2026 09 23 22 00  30  4.0  5.0   0.3     4    MM   1 1033.2  13.6   9.7  12.6   MM -1.2    MM
2026 09 23 21 30  50  4.0  4.0   0.3     4    MM 359 1033.4  13.6   9.5  12.1   MM   MM    MM
2026 09 23 21 00  50  4.0  5.0   0.3     4    MM 356 1033.5  13.6   9.6  12.0   MM -1.8    MM
2026 09 23 20 30  40  4.0  5.0   0.2    MM    MM 350 1033.9  13.6   9.8  12.3   MM   MM    MM
2026 09 23 20 00  40  5.0  6.0   0.2    MM    MM 350 1033.9  13.9  10.0  12.7   MM -1.8    MM
2026 09 23 19 30  30  4.0  5.0   0.2    MM    MM 355 1034.3  13.8  10.1  12.3   MM   MM    MM
2026 09 23 19 00  40  4.0  5.0   0.2    MM    MM 353 1034.4  14.1  10.0  12.2   MM -1.7    MM
2026 09 23 18 30  50  4.0  4.0   0.1    MM    MM 350 1034.9  14.0   9.8  12.1   MM   MM    MM
2026 09 23 18 00  60  4.0  5.0   0.1    MM    MM 355 1035.3  14.3   9.7  11.9   MM -0.8    MM
2026 09 23 17 30  60  3.0  4.0   0.1    MM    MM 357 1035.6  13.9   9.6  10.8   MM   MM    MM
2026 09 23 17 00  60  2.0  3.0   0.2    MM    MM 359 1035.7  13.6   9.8  10.7   MM -0.5    MM
2026 09 23 16 30  80  4.0  5.0   0.2    MM    MM  29 1036.1  13.5   9.8  10.7   MM   MM    MM
2026 09 23 16 00  90  3.0  4.0   0.2    MM    MM  41 1036.1  13.5   9.7  10.7   MM +0.0    MM
2026 09 23 15 30 110  4.0  4.0   0.2    MM    MM  23 1036.1  14.0   9.7  10.5   MM   MM    MM
2026 09 23 15 00 110  4.0  5.0   0.2    MM    MM 359 1036.1  13.7   9.8  11.1   MM +0.4    MM
2026 09 23 14 30 110  2.0  3.0   0.2    MM    MM 353 1036.3  12.9   9.7  12.0   MM   MM    MM
2026 09 23 14 00  50  2.0  2.0   0.2    MM    MM 357 1036.2  11.9   9.7  11.8   MM +0.9    MM
2026 09 23 13 30  40  1.0  2.0   0.2    MM    MM 358 1036.3  10.8   9.7  10.8   MM   MM    MM
2026 09 23 13 00  MM  0.0  1.0   0.2    MM    MM 357 1036.3  11.1   9.6  11.1   MM +1.3    MM
2026 09 23 12 30 200  1.0  2.0   0.2    MM    MM 358 1036.1  11.2   9.6  11.1   MM   MM    MM
2026 09 23 12 00  70  2.0  3.0   0.2    MM    MM 358 1035.7  11.5   9.7  11.5   MM +1.0    MM
2026 09 23 11 30  50  2.0  3.0   0.2    MM    MM 357 1035.6  11.1   9.6  11.1   MM   MM    MM
2026 09 23 11 00  40  3.0  3.0   0.2    MM    MM 357 1035.3  11.2   9.6  11.2   MM +0.9    MM
2026 09 23 10 30  30  3.0  4.0   0.2    MM    MM 354 1035.1  11.2   9.9  11.1   MM   MM    MM
2026 09 23 10 00  20  3.0  3.0   0.2    MM    MM 356 1035.0  11.0  10.0  10.4   MM +0.4    MM
2026 09 23 09 30  10  1.0  2.0   0.2    MM    MM 360 1034.9  11.7   9.9  10.7   MM   MM    MM
2026 09 23 09 00 290  2.0  3.0   0.2    MM    MM   2 1034.7  11.4   9.8  10.5   MM -0.0    MM
2026 09 23 08 30 120  2.0  2.0   0.2    MM    MM   1 1034.6  11.4   9.4  10.2   MM   MM    MM
2026 09 23 08 00 110  3.0  4.0   0.2    MM    MM 358 1034.4  11.4   9.3  10.1   MM +0.0    MM
2026 09 23 07 30 120  2.0  2.0   0.2    MM    MM 360 1034.5  11.3   9.1   9.9   MM   MM    MM
2026 09 23 07 00 100  2.0  2.0   0.2    MM    MM   2 1034.6  11.1   9.2   9.7   MM +0.4    MM
2026 09 23 06 30 100  2.0  2.0   0.2    MM    MM   3 1034.7  11.0   9.2   9.4   MM   MM    MM
2026 09 23 06 00 110  1.0  2.0   0.3     4    MM   5 1034.6  11.1   9.2   9.1   MM +0.6    MM
2026 09 23 05 30 140  1.0  2.0   0.3     4    MM   1 1034.6  11.3   9.2   9.0   MM   MM    MM
2026 09 23 05 00 130  1.0  2.0   0.3     4    MM   1 1034.5  11.4   9.4   8.9   MM +1.0    MM
2026 09 23 04 30 150  1.0  2.0   0.4     5    MM   2 1034.4  11.6   9.4   8.8   MM   MM    MM
2026 09 23 04 00 130  3.0  4.0   0.4     5    MM   0 1034.2  12.0   9.5   8.8   MM +1.4    MM
2026 09 23 03 30 130  3.0  5.0   0.6     5    MM   3 1034.0  12.3   9.7   8.5   MM   MM    MM
2026 09 23 03 00 120  4.0  6.0   0.6     4    MM   4 1034.0  12.7   9.8   8.3   MM +1.9    MM
2026 09 23 02 30 120  4.0  5.0   0.7     5    MM   2 1033.8  13.2   9.9   8.1   MM   MM    MM
2026 09 23 02 00 110  4.0  5.0   0.7     5    MM   2 1033.5  13.6  10.0   8.6   MM +1.8    MM
2026 09 23 01 30 100  5.0  6.0   0.8     5    MM   2 1033.2  14.1  10.1   8.5   MM   MM    MM
2026 09 23 01 00 100  6.0  7.0   0.8     5    MM 359 1032.8  14.5  10.2   8.9   MM +1.3    MM
2026 09 23 00 30  90  6.0  8.0   0.8     5    MM   1 1032.5  13.0  10.4  11.0   MM   MM    MM
2026 09 23 00 00  60  7.0  9.0   0.8     5    MM 360 1032.1  12.7  10.4  11.3   MM +0.5    MM
2026 09 22 23 30  50  7.0  9.0   0.8     4    MM   1 1031.8  13.3  10.5  11.5   MM   MM    MM
2026 09 22 23 00  50  7.0  9.0   0.7     4    MM   1 1031.7  13.7  10.7  11.6   MM -0.5    MM
2026 09 22 22 30  60  7.0  9.0   0.7     4    MM   3 1031.6  14.0  11.0  11.6   MM   MM    MM
2026 09 22 22 00  50  6.0  8.0   0.7     4    MM   4 1031.5  14.2  11.3  11.8   MM -1.2    MM
2026 09 22 21 30  60  7.0  9.0   0.7     4    MM   4 1031.6  14.3  11.4  11.8   MM   MM    MM
2026 09 22 21 00  60  8.0 10.0   0.6     4    MM   3 1031.6  14.5  11.6  11.8   MM -1.5    MM
2026 09 22 20 30  50  7.0  8.0   0.6     4    MM 358 1031.9  14.5  11.7  11.8   MM   MM    MM
2026 09 22 20 00  60  7.0  8.0   0.6     4    MM 359 1032.2  14.3  11.8  11.7   MM -1.3    MM
2026 09 22 19 30  50  7.0  9.0   0.5     3    MM 357 1032.3  14.3  11.9  11.6   MM   MM    MM
2026 09 22 19 00  50  6.0  7.0   0.4     4    MM 358 1032.7  14.2  12.1  11.4   MM -1.0    MM
2026 09 22 18 30  50  5.0  6.0   0.3     4    MM 359 1032.9  14.7  12.2  10.3   MM   MM    MM
2026 09 22 18 00  70  3.0  5.0   0.3     4    MM 360 1033.1  14.9  12.3  10.0   MM -0.5    MM
2026 09 22 17 30  60  3.0  5.0   0.4     4    MM 358 1033.4  14.5  12.3  10.4   MM   MM    MM
2026 09 22 17 00 100  2.0  4.0   0.4     4    MM 356 1033.5  13.9  12.3  10.3   MM +0.3    MM
2026 09 22 16 30  80  5.0  6.0   0.4     4    MM   1 1033.7  13.5  12.7  10.1   MM   MM    MM
2026 09 22 16 00  80  6.0  7.0   0.4     4    MM   1 1033.7  13.2  13.1   9.7   MM +0.6    MM
2026 09 22 15 30 120  6.0  7.0   0.4     4    MM   2 1033.7  13.1  13.3   9.4   MM   MM    MM
2026 09 22 15 00 100  6.0  9.0   0.4     3    MM 359 1033.6  12.9  13.5   9.1   MM +0.8    MM
2026 09 22 14 30 100  7.0  9.0   0.4     3    MM 358 1033.4  13.0  13.6   9.7   MM   MM    MM
2026 09 22 14 00 100  7.0  8.0   0.4     4    MM 357 1033.2  12.9  14.0   9.5   MM +0.8    MM
2026 09 22 13 30 100  6.0  8.0   0.4     3    MM 358 1033.2  12.7  14.3  10.0   MM   MM    MM
2026 09 22 13 00  90  7.0  8.0   0.4     4    MM 357 1033.1  12.3  14.4  10.1   MM +1.5    MM
2026 09 22 12 30  80  6.0  8.0   0.4     3    MM 359 1033.0  12.0  14.5   9.8   MM   MM    MM
2026 09 22 12 00  90  6.0  7.0   0.4     4    MM 359 1032.8  11.9  14.5   9.9   MM +1.3    MM
2026 09 22 11 30  90  6.0  7.0   0.4     3    MM 358 1032.4  11.9  14.5  10.0   MM   MM    MM
2026 09 22 11 00  80  6.0  7.0   0.4     4    MM 359 1032.4  11.9  14.5   9.9   MM +1.2    MM
2026 09 22 10 30  80  6.0  8.0   0.3     3    MM 360 1031.9  11.9  14.6   9.7   MM   MM    MM
2026 09 22 10 00  80  6.0  7.0   0.3     3    MM   0 1031.6  12.1  14.7   9.7   MM +0.9    MM
2026 09 22 09 30  80  6.0  8.0   0.3     3    MM   1 1031.6  12.2  14.7   9.6   MM   MM    MM
2026 09 22 09 00  80  5.0  7.0   0.3     3    MM   1 1031.5  12.3  14.8   9.3   MM +0.7    MM
2026 09 22 08 30 100  5.0  6.0   0.3     4    MM   0 1031.3  12.4  14.9   9.3   MM   MM    MM
2026 09 22 08 00 100  6.0  7.0   0.3     4    MM   2 1031.2  12.3  15.0   9.1   MM -0.0    MM
2026 09 22 07 30  90  6.0  9.0   0.3     4    MM   1 1031.0  12.6  15.0   9.3   MM   MM    MM
2026 09 22 07 00  90  7.0  9.0   0.2    MM    MM 360 1030.7  12.6  15.1   9.4   MM +0.0    MM
2026 09 22 06 30  90  7.0  8.0   0.2    MM    MM   2 1030.6  12.5  15.3   9.5   MM   MM    MM
2026 09 22 06 00  90  4.0  6.0   0.2    MM    MM   1 1030.8  12.3  15.4   9.1   MM +0.6    MM
2026 09 22 05 30  90  4.0  5.0   0.2    MM    MM   1 1031.0  12.2  15.5   9.1   MM   MM    MM
2026 09 22 05 00 110  4.0  6.0   0.3     4    MM   1 1031.0  12.2  15.6   9.2   MM +1.1    MM
2026 09 22 04 30 110  5.0  6.0   0.3     4    MM   2 1030.9  11.9  15.8   8.9   MM   MM    MM
2026 09 22 04 00 120  5.0  7.0   0.3     5    MM 360 1030.9  12.1  15.9   9.2   MM +2.2    MM
2026 09 22 03 30 120  5.0  5.0   0.3     4    MM 360 1030.5  12.3  16.0   9.2   MM   MM    MM
2026 09 22 03 00 110  5.0  6.0   0.4     5    MM   2 1030.2  13.0  16.1   9.5   MM +1.9    MM
2026 09 22 02 30  80  5.0  6.0   0.5     5    MM   3 1030.1  13.2  16.2   9.4   MM   MM    MM
2026 09 22 02 00 100  5.0  7.0   0.6     4    MM   2 1029.9  13.3  16.4   9.7   MM +2.3    MM
2026 09 22 01 30  90  7.0  8.0   0.6     5    MM   2 1029.3  13.3  16.7  10.0   MM   MM    MM
2026 09 22 01 00  90  9.0 11.0   0.7     5    MM   2 1028.7  13.5  17.0  10.3   MM +1.6    MM
2026 09 22 00 30  80  9.0 11.0   0.7     5    MM   3 1028.6  13.9  17.2  10.4   MM   MM    MM
2026 09 22 00 00  80  9.0 11.0   0.7     4    MM   4 1028.3  14.5  17.3  10.9   MM +1.0    MM
2026 09 21 23 30  80  9.0 11.0   0.7     4    MM   5 1027.9  14.7  17.2  10.6   MM   MM    MM
2026 09 21 23 00  70  8.0 10.0   0.8     4    MM   3 1027.6  15.0  17.1  10.9   MM -0.6    MM
2026 09 21 22 30  70  9.0 12.0   0.7     4    MM   6 1027.2  15.0  17.2  10.7   MM   MM    MM
2026 09 21 22 00  60  9.0 12.0   0.7     4    MM   9 1027.1  15.2  17.3  10.7   MM -1.4    MM
2026 09 21 21 30  50  8.0 10.0   0.7     4    MM   8 1027.2  15.2  17.3  10.4   MM   MM    MM
2026 09 21 21 00  70  9.0 12.0   0.7     4    MM  MM 1027.3  15.1  17.5  10.5   MM -1.7    MM
2026 09 21 20 00  70  7.0 10.0   0.6     4    MM   4 1028.2  15.2  17.7  10.7   MM -1.3    MM
2026 09 21 19 30  70  7.0 10.0   0.6     5    MM   5 1028.3  15.0  17.7  10.1   MM   MM    MM
2026 09 21 19 00  70  5.0  7.0   0.5     4    MM   6 1028.5  14.6  17.8   9.4   MM -1.6    MM
2026 09 21 18 30  70  5.0  7.0   0.5     5    MM   8 1028.7  14.5  17.8   9.0   MM   MM    MM
2026 09 21 18 00  80  5.0  6.0   0.5     4    MM   9 1029.0  13.9  17.8   8.6   MM -1.3    MM
2026 09 21 17 30  80  4.0  6.0   0.5     5    MM   6 1029.4  13.7  17.7   9.0   MM   MM    MM
2026 09 21 17 00  70  4.0  7.0   0.6     4    MM   8 1029.5  13.7  17.7   9.1   MM -0.5    MM
2026 09 21 16 30  80  4.0  7.0   0.5     5    MM   8 1029.8  12.9  17.7   8.4   MM   MM    MM
2026 09 21 16 00 100  4.0  7.0   0.6     5    MM   4 1030.1  13.2  17.6   8.8   MM +0.8    MM
2026 09 21 15 30  80  6.0  8.0   0.6     5    MM   7 1030.2  12.8  17.6   9.0   MM   MM    MM
2026 09 21 15 00 100  6.0  9.0   0.6     5    MM   5 1030.3  12.7  17.6   9.2   MM +1.7    MM
2026 09 21 14 30 110  8.0 10.0   0.6     5    MM   3 1029.8  12.5  17.6   9.3   MM   MM    MM
2026 09 21 14 00  90  6.0  8.0   0.5     5    MM   3 1030.0  12.6  17.6   9.5   MM +1.8    MM
2026 09 21 13 30  90  4.0  7.0   0.6     5    MM   3 1030.0  12.5  17.6   9.6   MM   MM    MM
2026 09 21 13 00 100  8.0 11.0   0.6     5    MM   3 1029.3  12.4  17.5   9.7   MM +1.5    MM
2026 09 21 12 30 100  8.0  9.0   0.6     5    MM   3 1029.0  12.4  17.5   9.8   MM   MM    MM
2026 09 21 12 00 110  8.0 10.0   0.6     5    MM   3 1028.6  12.5  17.4   9.8   MM +1.6    MM
2026 09 21 11 30 100  7.0  8.0   0.6     5    MM   0 1028.6  12.6  17.4   9.7   MM   MM    MM
2026 09 21 11 00 100  9.0 11.0   0.6     5    MM   2 1028.2  12.8  17.5   9.9   MM +1.4    MM
2026 09 21 10 30 110  8.0 11.0   0.6     5    MM   0 1028.1  13.1  17.5  10.3   MM   MM    MM
2026 09 21 10 00 110  9.0 10.0   0.7     5    MM 359 1027.8  13.3  17.5  10.8   MM +0.5    MM
2026 09 21 09 30 100  8.0  9.0   0.6     5    MM 357 1027.4  13.4  17.5  11.0   MM   MM    MM
2026 09 21 09 00 110  9.0 12.0   0.6     5    MM 355 1027.0  13.7  17.6  11.3   MM +0.0    MM
2026 09 21 08 30 100  9.0 11.0   0.6     5    MM 354 1027.0  13.9  17.6  11.4   MM   MM    MM
2026 09 21 08 00 100  8.0 12.0   0.6     5    MM 352 1026.8  14.0  17.7  11.2   MM +0.6    MM
2026 09 21 07 30 100  8.0 10.0   0.6     5    MM 349 1026.9  14.2  17.6  11.1   MM   MM    MM
2026 09 21 07 00 100  7.0  8.0   0.6     5    MM 345 1027.3  14.5  17.6  11.1   MM +1.5    MM
2026 09 21 06 30 100  7.0 10.0   0.6     5    MM 344 1027.0  15.1  17.7  11.7   MM   MM    MM
2026 09 21 06 00 100  8.0 10.0   0.7     5    MM 345 1026.8  15.2  17.7  11.9   MM +1.3    MM
2026 09 21 05 30 100  8.0 10.0   0.7     5    MM 346 1026.3  15.5  17.7  12.7   MM   MM    MM
2026 09 21 05 00  80  6.0  7.0   0.7     5    MM 347 1026.2  15.9  17.7  12.7   MM +0.7    MM
2026 09 21 04 30 100  7.0  8.0   0.8     4    MM 347 1026.0  15.9  17.8  12.4   MM   MM    MM
2026 09 21 04 00  80  6.0  8.0   0.9     5    MM 349 1025.8  16.0  17.8  13.0   MM +1.0    MM
2026 09 21 03 30  80  7.0  9.0   0.9     5    MM 351 1025.7  16.1  17.8  13.4   MM   MM    MM
2026 09 21 03 00  90  8.0 10.0   1.0     5    MM 348 1025.5  16.4  17.8  13.7   MM +1.2    MM
2026 09 21 02 30  60 11.0 14.0   1.0     5    MM 347 1025.1  16.6  17.8  14.8   MM   MM    MM
2026 09 21 02 00  60 10.0 12.0   0.9     5    MM 346 1025.5  16.5  17.9  14.2   MM +1.6    MM
2026 09 21 01 30  50 10.0 13.0   0.7     4    MM 350 1025.1  16.8  18.0  14.1   MM   MM    MM
2026 09 21 01 00  60  9.0 11.0   0.7     5    MM 349 1024.8  17.0  18.0  14.1   MM +1.4    MM
2026 09 21 00 30  50  8.0 10.0   0.7     4    MM 353 1024.4  17.5  18.1  13.8   MM   MM    MM
2026 09 21 00 00  60  8.0 10.0   0.7     4    MM 354 1024.3  17.3  18.1  13.0   MM +1.4    MM
2026 09 20 23 30  50  8.0 11.0   0.8     5    MM 354 1024.2  17.3  18.2  12.9   MM   MM    MM
2026 09 20 23 00  50  9.0 11.0   0.7     5    MM 353 1023.9  17.3  18.2  13.5   MM +1.5    MM
2026 09 20 22 30  50  9.0 11.0   0.8     5    MM 353 1023.5  17.3  18.2  13.7   MM   MM    MM
2026 09 20 22 00  60  9.0 11.0   0.8     5    MM 353 1023.4  17.2  18.2  14.0   MM +1.1    MM
2026 09 20 21 30  60 10.0 12.0   1.0     5    MM 356 1023.2  16.9  18.2  14.5   MM   MM    MM
2026 09 20 21 00  60 10.0 12.0   1.0     5    MM 358 1022.9  17.0  18.2  15.2   MM +0.6    MM
2026 09 20 20 30  50 10.0 14.0   1.0     4    MM 353 1022.5  17.0  18.3  15.4   MM   MM    MM
2026 09 20 20 00  60 11.0 14.0   1.0     5    MM 355 1022.4  17.0  18.3  15.8   MM +0.0    MM
2026 09 20 19 30  60 11.0 13.0   0.9     5    MM 353 1022.2  17.2  18.3  15.9   MM   MM    MM
2026 09 20 19 00  60 10.0 12.0   0.8     5    MM 352 1022.3  17.1  18.4  15.7   MM +0.0    MM
2026 09 20 18 30  70 10.0 13.0   0.7     5    MM 348 1022.2  17.2  18.5  15.8   MM   MM    MM
2026 09 20 18 00  50  9.0 11.0   0.7     5    MM 343 1022.3  17.2  18.5  15.8   MM +0.4    MM
2026 09 20 17 30  50  9.0 10.0   0.7     5    MM 345 1022.4  17.0  18.5  15.8   MM   MM    MM
2026 09 20 17 00  50  9.0 11.0   0.7     4    MM 347 1022.3  17.4  18.5  16.0   MM +0.8    MM
2026 09 20 16 30  30  8.0  9.0   0.7     5    MM 345 1022.3  17.7  18.5  15.4   MM   MM    MM
2026 09 20 16 00  60  7.0  8.0   0.7     5    MM 347 1022.3  17.6  18.4  15.5   MM +1.8    MM
2026 09 20 15 30  50  6.0  7.0   0.7     5    MM 348 1021.9  17.6  18.4  15.6   MM   MM    MM
2026 09 20 15 00  70  6.0  8.0   0.8     5    MM 347 1021.9  17.3  18.4  15.7   MM +1.6    MM
2026 09 20 14 30  50  8.0 10.0   0.9     4    MM 351 1021.7  17.1  18.3  15.9   MM   MM    MM
2026 09 20 14 00  50  9.0 10.0   0.9     4    MM 353 1021.5  17.0  18.4  15.9   MM +2.0    MM
2026 09 20 13 30  60  8.0 10.0   0.8     4    MM 354 1021.2  17.4  18.4  16.0   MM   MM    MM
2026 09 20 13 00  60  9.0 11.0   0.8     4    MM 355 1020.5  17.2  18.4  16.0   MM +1.6    MM
2026 09 20 12 30  60  9.0 12.0   0.8     4    MM 354 1020.3  17.5  18.5  16.5   MM   MM    MM
2026 09 20 12 00  50  9.0 13.0   0.7     4    MM 350 1020.3  17.4  18.6  16.0   MM +1.6    MM
2026 09 20 11 30  50  9.0 10.0   0.7     4    MM 349 1019.9  17.6  18.6  15.6   MM   MM    MM
2026 09 20 11 00  50  8.0 11.0   0.6     4    MM 349 1019.5  17.9  18.7  16.0   MM +0.9    MM
2026 09 20 10 30  60  9.0 11.0   0.2    MM    MM 346 1018.9  17.5  18.7  16.2   MM   MM    MM
2026 09 20 10 00  60  8.0 10.0   0.1    MM    MM 348 1018.9  17.6  18.7  17.6   MM +0.0    MM
2026 09 20 09 30  90  4.0  4.0   0.1    MM    MM 351 1018.6  17.4  18.7  17.4   MM   MM    MM
2026 09 20 09 00  70  4.0  5.0   0.1    MM    MM 351 1018.7  17.5  18.7  17.5   MM +0.0    MM
2026 09 20 08 30  80  3.0  4.0   0.2    MM    MM 354 1018.5  17.5  18.7  17.5   MM   MM    MM
2026 09 20 08 00 110  2.0  3.0   0.2    MM    MM 354 1018.6  17.4  18.7  17.4   MM -0.3    MM
2026 09 20 07 30 100  3.0  3.0   0.2    MM    MM 357 1018.7  17.5  18.7  17.5   MM   MM    MM
2026 09 20 07 00 110  3.0  3.0   0.2    MM    MM 359 1018.8  17.5  18.7  17.4   MM -0.0    MM
2026 09 20 06 30 110  2.0  2.0   0.1    MM    MM 360 1018.6  17.3  18.7  16.8   MM   MM    MM
2026 09 20 06 00 140  2.0  3.0   0.1    MM    MM 358 1018.5  17.5  18.7  16.5   MM -0.9    MM
2026 09 20 05 30 160  1.0  1.0   0.1    MM    MM 349 1018.9  17.5  18.7  16.1   MM   MM    MM
2026 09 20 05 00 160  2.0  3.0   0.1    MM    MM 348 1018.9  17.7  18.7  16.1   MM -0.5    MM
2026 09 20 04 30 170  3.0  3.0   0.1    MM    MM 351 1019.1  17.8  18.8  16.1   MM   MM    MM
2026 09 20 04 00 170  3.0  4.0   0.1    MM    MM 350 1019.0  18.1  18.8  16.2   MM -0.3    MM
2026 09 20 03 30  90  2.0  3.0   0.1    MM    MM 353 1019.1  18.5  18.8  15.7   MM   MM    MM
2026 09 20 03 00  70  3.0  4.0   0.1    MM    MM 355 1019.4  18.5  18.8  16.0   MM +0.5    MM
2026 09 20 02 30  70  3.0  4.0   0.1    MM    MM 355 1019.3  18.1  18.8  15.6   MM   MM    MM
2026 09 20 02 00  70  3.0  4.0   0.1    MM    MM 356 1019.4  18.0  18.9  15.6   MM +0.5    MM
2026 09 20 01 30  80  4.0  5.0   0.1    MM    MM   6 1019.3  18.0  18.8  15.6   MM   MM    MM
2026 09 20 01 00  70  4.0  5.0   0.1    MM    MM   8 1019.3  17.9  18.8  15.4   MM +0.3    MM
2026 09 20 00 30  70  4.0  5.0   0.1    MM    MM   7 1019.0  17.8  18.8  15.2   MM   MM    MM
2026 09 20 00 00  60  3.0  5.0   0.1    MM    MM   4 1018.9  17.9  18.8  15.0   MM -0.7    MM
2026 09 19 23 30  90  3.0  4.0   0.1    MM    MM  14 1018.9  17.9  18.9  14.8   MM   MM    MM
2026 09 19 23 00  80  3.0  4.0   0.1    MM    MM  37 1018.9  18.0  18.9  14.8   MM -1.5    MM
2026 09 19 22 30  90  4.0  5.0   0.1    MM    MM  70 1018.8  17.9  18.8  14.7   MM   MM    MM
2026 09 19 22 00  90  4.0  5.0   0.1    MM    MM  49 1019.0  18.0  18.8  15.1   MM -1.9    MM
2026 09 19 21 30 100  4.0  4.0   0.1    MM    MM 286 1019.2  17.6  18.9  15.0   MM   MM    MM
2026 09 19 21 00 100  2.0  4.0   0.1    MM    MM 284 1019.6  17.3  18.9  14.8   MM -1.4    MM
2026 09 19 20 30 100  2.0  3.0   0.1    MM    MM 277 1020.0  17.1  18.8  14.7   MM   MM    MM
2026 09 19 20 00 140  3.0  4.0   0.1    MM    MM 273 1020.4  16.8  18.8  14.6   MM -1.4    MM
2026 09 19 19 30 130  2.0  3.0   0.1    MM    MM 168 1020.7  16.6  18.8  14.5   MM   MM    MM
2026 09 19 19 00 160  4.0  5.0   0.1    MM    MM 136 1020.9  16.3  18.9  14.4   MM -1.6    MM
2026 09 19 18 30 160  3.0  5.0   0.1    MM    MM 114 1021.1  16.4  18.9  14.4   MM   MM    MM
2026 09 19 18 00 120  4.0  5.0   0.2    MM    MM 148 1021.0  16.3  18.9  14.6   MM -1.3    MM
2026 09 19 17 30 130  4.0  6.0   0.2    MM    MM 168 1021.2  15.9  18.9  14.9   MM   MM    MM
2026 09 19 17 00 160  5.0  7.0   0.2    MM    MM 164 1021.8  15.0  18.9  14.6   MM -0.6    MM
2026 09 19 16 30 170  6.0  7.0   0.2    MM    MM 166 1021.8  15.6  18.9  14.4   MM   MM    MM
2026 09 19 16 00 170  4.0  5.0   0.2    MM    MM 164 1022.5  16.2  18.9  12.2   MM +0.0    MM
2026 09 19 15 30 170  5.0  8.0   0.2    MM    MM 157 1022.1  16.1  18.9  12.0   MM   MM    MM
2026 09 19 15 00 160  4.0  6.0   0.1    MM    MM 125 1022.3  16.1  18.9  12.5   MM   MM    MM
2026 09 19 14 30 170  5.0  7.0   0.1    MM    MM 118 1022.3  15.9  18.9  12.7   MM   MM    MM
2026 09 19 14 00 150  3.0  5.0   0.1    MM    MM 117 1022.4  15.7  19.0  12.4   MM -0.9    MM
2026 09 19 13 30 130  3.0  5.0   0.1    MM    MM 116 1022.5  15.3  19.0  12.0   MM   MM    MM
2026 09 19 13 00 140  5.0  6.0   0.1    MM    MM 104 1022.4  15.4  19.0  12.3   MM -1.1    MM
2026 09 19 12 30 130  6.0  7.0   0.1    MM    MM  98 1022.6  15.2  19.0  11.8   MM   MM    MM
2026 09 19 11 00 130  6.0  8.0   0.1    MM    MM  75 1023.3  15.0  19.1  11.7   MM -1.0    MM
2026 09 19 10 30 130  6.0  7.0   0.1    MM    MM  67 1023.4  14.8  19.1  11.7   MM   MM    MM
2026 09 19 10 00 130  6.0  7.0   0.2    MM    MM  93 1023.5  14.8  19.1  12.1   MM -1.1    MM
2026 09 19 09 30 120  6.0  8.0   0.2    MM    MM 103 1023.5  15.1  19.2  12.8   MM   MM    MM
2026 09 19 09 00 140  6.0  8.0   0.2    MM    MM 124 1023.9  15.3  19.3  12.9   MM -1.1    MM
2026 09 19 08 30 140  5.0  7.0   0.2    MM    MM 127 1024.2  15.4  19.3  13.1   MM   MM    MM
2026 09 19 08 00 150  5.0  6.0   0.2    MM    MM  74 1024.3  15.5  19.3  13.0   MM -1.2    MM
2026 09 19 07 30 140  4.0  5.0   0.2    MM    MM  23 1024.6  15.4  19.3  12.9   MM   MM    MM
2026 09 19 07 00 160  5.0  7.0   0.2    MM    MM  10 1024.6  15.5  19.3  13.5   MM -1.5    MM
2026 09 19 06 30 160  6.0  7.0   0.2    MM    MM  10 1024.6  15.8  19.3  14.2   MM   MM    MM
2026 09 19 06 00 150  6.0  8.0   0.2    MM    MM   8 1025.0  16.0  19.3  14.9   MM -1.7    MM
2026 09 19 05 30 150  5.0  7.0   0.2    MM    MM  11 1025.4  16.1  19.3  15.1   MM   MM    MM
2026 09 19 05 00 150  5.0  6.0   0.3     2    MM  28 1025.5  16.1  19.3  15.0   MM -1.7    MM
2026 09 19 04 30 160  6.0  8.0   0.3     3    MM  15 1026.0  16.2  19.4  15.0   MM   MM    MM
2026 09 19 04 00 140  6.0  7.0   0.3     4    MM   5 1026.1  16.0  19.4  14.3   MM -1.0    MM
2026 09 19 03 30 120  6.0  7.0   0.3     4    MM   1 1026.5  16.1  19.4  14.0   MM   MM    MM
2026 09 19 03 00 120  6.0  7.0   0.3     3    MM 357 1026.7  16.4  19.5  14.2   MM -0.3    MM
2026 09 19 02 30 110  5.0  6.0   0.3     3    MM 357 1027.2  16.7  19.5  14.1   MM   MM    MM
2026 09 19 02 00  90  5.0  6.0   0.3     3    MM 358 1027.2  16.9  19.5  14.0   MM +0.0    MM
2026 09 19 01 30  90  5.0  6.0   0.3     4    MM   1 1027.2  17.3  19.5  13.8   MM   MM    MM
2026 09 19 01 00  80  5.0  7.0   0.3     3    MM   1 1027.1  17.5  19.5  13.2   MM -0.8    MM
2026 09 19 00 30  80  6.0  7.0   0.4     3    MM   3 1027.0  17.7  19.5  13.8   MM   MM    MM
2026 09 19 00 00  70  6.0  7.0   0.4     3    MM   1 1027.0  17.8  19.6  13.8   MM -1.3    MM
2026 09 18 23 30  70  6.0  7.0   0.3     3    MM   2 1027.1  17.9  19.6  13.6   MM   MM    MM
2026 09 18 23 00  70  6.0  8.0   0.3     3    MM   5 1027.0  17.9  19.6  13.5   MM -1.7    MM
2026 09 18 22 30  60  5.0  7.0   0.3     3    MM   5 1027.5  17.8  19.6  13.5   MM   MM    MM
2026 09 18 22 00  70  5.0  7.0   0.3     2    MM   3 1027.9  17.8  19.6  14.0   MM -1.2    MM
2026 09 18 21 30  80  6.0  7.0   0.3     2    MM 360 1028.1  17.7  19.6  14.0   MM   MM    MM
2026 09 18 21 00  50  5.0  6.0   0.2    MM    MM   3 1028.3  17.9  19.6  13.4   MM -1.7    MM
2026 09 18 20 30  60  5.0  6.0   0.2    MM    MM   3 1028.1  17.8  19.7  13.6   MM   MM    MM
2026 09 18 20 00  50  5.0  6.0   0.2    MM    MM   2 1028.7  17.9  19.7  14.1   MM -1.9    MM
2026 09 18 19 30  70  4.0  5.0   0.2    MM    MM   3 1028.7  18.0  19.7  12.9   MM   MM    MM
2026 09 18 19 00  80  2.0  2.0   0.2    MM    MM   2 1029.1  18.1  19.7  12.5   MM -1.9    MM
2026 09 18 18 30  80  3.0  4.0   0.2    MM    MM   4 1029.9  18.2  19.7  12.1   MM   MM    MM
2026 09 18 18 00  80  4.0  5.0   0.2    MM    MM 360 1030.0  18.3  19.7  11.7   MM -1.2    MM
2026 09 18 17 30  80  2.0  3.0   0.2    MM    MM 360 1030.4  18.3  19.7  12.3   MM   MM    MM
2026 09 18 17 00  80  2.0  4.0   0.3     4    MM   0 1030.6  18.7  19.8  12.6   MM +0.0    MM
2026 09 18 16 30 110  2.0  4.0   0.3     4    MM   3 1030.9  18.3  19.8  12.8   MM   MM    MM
2026 09 18 16 00  80  3.0  5.0   0.3     4    MM 359 1031.0  18.1  19.8  12.7   MM +0.5    MM
2026 09 18 15 30 120  2.0  3.0   0.3     4    MM 359 1031.1  18.6  19.7  14.2   MM   MM    MM
2026 09 18 15 00  90  2.0  3.0   0.3     4    MM 359 1031.2  17.8  19.7  14.4   MM +1.4    MM
2026 09 18 14 30 100  3.0  4.0   0.3     4    MM 355 1031.2  17.1  19.7  14.2   MM   MM    MM
2026 09 18 14 00 100  2.0  4.0   0.4     4    MM 351 1030.8  17.0  19.7  14.6   MM +1.4    MM
2026 09 18 13 30 100  5.0  6.0   0.4     4    MM 354 1030.4  16.6  19.7  14.3   MM   MM    MM
2026 09 18 13 00 100  4.0  5.0   0.4     4    MM 351 1030.5  16.6  19.7  14.7   MM +1.2    MM
2026 09 18 12 30 110  5.0  5.0   0.4     4    MM 349 1030.3  16.7  19.7  15.2   MM   MM    MM
2026 09 18 12 00  90  4.0  5.0   0.4     4    MM 345 1029.8  17.1  19.7  15.6   MM +0.9    MM
2026 09 18 11 30  80  5.0  7.0   0.4     4    MM 343 1029.7  17.1  19.7  15.0   MM   MM    MM
2026 09 18 11 00  80  5.0  6.0   0.4     4    MM 344 1029.4  17.3  19.7  15.3   MM +1.0    MM
2026 09 18 10 30  80  4.0  6.0   0.4     4    MM 346 1029.6  17.3  19.7  15.1   MM   MM    MM
2026 09 18 10 00  80  5.0  6.0   0.5     4    MM 345 1029.3  17.4  19.7  15.1   MM +1.2    MM
2026 09 18 09 30  90  6.0  7.0   0.5     4    MM 347 1029.0  17.7  19.7  14.9   MM   MM    MM
2026 09 18 09 00  80  7.0  9.0   0.5     4    MM 351 1028.9  17.9  19.7  14.7   MM +0.8    MM
2026 09 18 08 30  80  7.0  9.0   0.6     4    MM 349 1028.9  18.1  19.7  15.3   MM   MM    MM
2026 09 18 08 00  60  7.0  9.0   0.7     4    MM 350 1028.4  18.3  19.7  16.0   MM +0.4    MM
2026 09 18 07 30  60  8.0 10.0   0.6     4    MM 347 1028.4  18.6  19.7  15.8   MM   MM    MM
2026 09 18 07 00  50  7.0  9.0   0.6     3    MM 348 1028.1  18.7  19.7  15.9   MM +0.0    MM
2026 09 18 06 30  40  7.0  9.0   0.5     3    MM 354 1028.3  19.2  19.8  16.2   MM   MM    MM
2026 09 18 06 00  50  6.0  7.0   0.5     3    MM 353 1028.1  19.1  19.8  16.7   MM +0.0    MM
2026 09 18 05 30  50  7.0  9.0   0.4     3    MM 355 1028.2  19.1  19.8  17.2   MM   MM    MM
2026 09 18 05 00  50  7.0  8.0   0.4     3    MM 355 1028.0  19.9  19.8  16.9   MM +0.4    MM
2026 09 18 04 30  50  6.0  7.0   0.3     2    MM 345 1028.1  20.0  19.8  17.7   MM   MM    MM
2026 09 18 04 00  40  6.0  7.0   0.3     2    MM 345 1028.0  19.8  19.9  17.4   MM +0.8    MM
2026 09 18 03 30  30  5.0  6.0   0.2    MM    MM 344 1027.9  19.9  19.9  17.9   MM   MM    MM
2026 09 18 03 00  20  5.0  6.0   0.1    MM    MM 343 1028.0  19.7  19.9  17.4   MM +1.6    MM
2026 09 18 02 30  10  4.0  5.0   0.1    MM    MM 348 1027.8  19.5  19.9  17.1   MM   MM    MM
2026 09 18 02 00 360  2.0  3.0   0.1    MM    MM 352 1027.6  19.6  19.9  17.2   MM +1.3    MM
2026 09 18 01 30  10  2.0  3.0   0.1    MM    MM 350 1027.3  19.5  19.9  16.8   MM   MM    MM
2026 09 18 01 00  10  2.0  2.0   0.1    MM    MM 350 1027.2  19.6  19.9  16.8   MM +1.1    MM
2026 09 18 00 30  40  1.0  1.0   0.2    MM    MM 346 1026.8  19.5  19.9  16.5   MM   MM    MM
2026 09 18 00 00  20  1.0  2.0   0.2    MM    MM 343 1026.4  19.4  19.9  16.1   MM +0.4    MM
2026 09 17 23 30  30  3.0  4.0   0.2    MM    MM 347 1026.3  19.5  20.0  16.7   MM   MM    MM
2026 09 17 23 00  20  4.0  5.0   0.2    MM    MM 339 1026.3  19.4  20.0  16.2   MM -0.0    MM
2026 09 17 22 30  30  3.0  4.0   0.2    MM    MM 348 1026.1  19.5  20.0  16.2   MM   MM    MM
2026 09 17 22 00  20  4.0  5.0   0.2    MM    MM 349 1026.1  19.6  20.0  16.3   MM +0.0    MM
2026 09 17 21 30  20  4.0  5.0   0.2    MM    MM 350 1026.1  19.3  20.0  15.6   MM   MM    MM
2026 09 17 21 00  10  4.0  5.0   0.2    MM    MM 350 1026.0  19.2  20.1  15.6   MM -1.2    MM
2026 09 17 20 30  20  4.0  5.0   0.2    MM    MM 359 1026.2  19.3  20.1  15.5   MM   MM    MM
2026 09 17 20 00  30  5.0  5.0   0.1    MM    MM 353 1026.3  19.4  20.2  15.2   MM -1.2    MM
2026 09 17 19 30  20  4.0  5.0   0.1    MM    MM 320 1026.3  19.4  20.1  14.8   MM   MM    MM
2026 09 17 19 00  20  4.0  4.0   0.1    MM    MM 349 1026.3  19.3  20.1  14.6   MM -2.2    MM
2026 09 17 18 30 350  3.0  4.0   0.1    MM    MM 239 1026.7  19.1  20.0  14.9   MM   MM    MM
2026 09 17 18 00 350  2.0  3.0   0.1    MM    MM 298 1027.2  18.9  19.9  14.2   MM -1.3    MM
2026 09 17 17 30 330  1.0  2.0   0.1    MM    MM 332 1027.4  19.0  19.9  13.7   MM   MM    MM
2026 09 17 17 00  60  1.0  1.0   0.1    MM    MM 334 1027.5  19.4  19.7  14.0   MM -0.5    MM
2026 09 17 16 30 230  1.0  1.0   0.1    MM    MM 359 1028.1  18.6  19.6  14.2   MM   MM    MM
2026 09 17 16 00 230  3.0  3.0   0.1    MM    MM  20 1028.5  17.6  19.6  13.5   MM +0.6    MM
2026 09 17 15 30 200  3.0  4.0   0.1    MM    MM  24 1028.6  16.8  19.6  13.5   MM   MM    MM
2026 09 17 15 00 170  3.0  4.0   0.1    MM    MM  21 1028.5  16.0  19.6  13.4   MM +1.7    MM
2026 09 17 14 30 190  3.0  5.0   0.1    MM    MM 355 1028.3  17.4  19.6  13.7   MM   MM    MM
2026 09 17 14 00 180  3.0  4.0   0.1    MM    MM 357 1028.0  17.3  19.6  12.5   MM +1.5    MM
2026 09 17 13 30 120  2.0  3.0   0.2    MM    MM 140 1027.8  17.1  19.6  12.1   MM   MM    MM
2026 09 17 13 00 190  2.0  2.0   0.3     2    MM 144 1027.9  16.5  19.6  12.3   MM   MM    MM
2026 09 17 12 30 180  6.0  7.0   0.3     2    MM 141 1027.1  16.4  19.6  13.2   MM   MM    MM
2026 09 17 12 00 180  7.0 10.0   0.2    MM    MM 131 1026.8  16.4  19.6  15.0   MM   MM    MM
2026 09 17 11 30 200  4.0  5.0   0.2    MM    MM  81 1027.4  17.2  19.6  15.3   MM   MM    MM
2026 09 17 11 00 170  4.0  6.0   0.2    MM    MM  68 1026.5  17.1  19.6  14.6   MM   MM    MM
2026 09 17 04 30 120  3.0  4.0   0.1    MM    MM   3 1028.7  17.7  19.8  15.2   MM   MM    MM
2026 09 17 04 00 100  4.0  5.0   0.1    MM    MM 355 1028.8  18.2  19.9  15.1   MM -0.6    MM
2026 09 17 03 30  80  4.0  5.0   0.1    MM    MM 351 1029.2  18.2  19.9  15.2   MM   MM    MM
2026 09 17 03 00 110  2.0  3.0   0.1    MM    MM 346 1029.4  17.8  19.9  14.9   MM +0.0    MM
2026 09 17 02 30 120  2.0  2.0   0.1    MM    MM 345 1029.7  18.1  19.9  15.1   MM   MM    MM
2026 09 17 02 00  90  3.0  3.0   0.1    MM    MM 347 1030.0  18.2  19.9  14.6   MM +0.3    MM
2026 09 17 01 30  80  3.0  4.0   0.2    MM    MM 352 1029.8  18.6  19.9  15.2   MM   MM    MM
2026 09 17 01 00  90  4.0  4.0   0.2    MM    MM 354 1029.4  18.7  19.9  14.8   MM -0.5    MM
2026 09 17 00 30  90  4.0  4.0   0.2    MM    MM 359 1029.2  18.7  19.9  14.8   MM   MM    MM
2026 09 17 00 00  90  3.0  4.0   0.2    MM    MM 359 1029.6  18.9  19.8  14.8   MM -0.9    MM
2026 09 16 23 30  60  4.0  5.0   0.3     3    MM   2 1029.5  19.1  19.8  14.4   MM   MM    MM
2026 09 16 23 00  50  4.0  5.0   0.3     3    MM 359 1029.7  19.0  19.8  14.3   MM -1.2    MM
2026 09 16 22 30  40  6.0  7.0   0.3     3    MM 357 1029.7  19.0  19.8  14.8   MM   MM    MM
2026 09 16 22 00  50  5.0  6.0   0.3     3    MM 359 1029.9  18.9  19.9  14.9   MM -1.0    MM
2026 09 16 21 30  40  6.0  7.0   0.3     3    MM 358 1030.2  18.8  19.9  15.3   MM   MM    MM
2026 09 16 21 00  40  6.0  7.0   0.3     2    MM 357 1030.5  18.7  19.9  15.1   MM -0.7    MM
2026 09 16 20 30  50  6.0  7.0   0.3     2    MM 355 1030.8  18.7  19.9  14.8   MM   MM    MM
2026 09 16 20 00  30  5.0  7.0   0.3     2    MM 354 1030.9  18.7  19.9  14.9   MM -0.9    MM
2026 09 16 19 30  50  5.0  6.0   0.3     3    MM 351 1030.8  18.7  19.9  15.2   MM   MM    MM
2026 09 16 19 00  30  4.0  5.0   0.2    MM    MM 356 1030.9  18.6  19.9  15.7   MM -0.9    MM
2026 09 16 18 30  20  5.0  5.0   0.2    MM    MM 348 1031.0  18.5  19.9  15.6   MM   MM    MM
2026 09 16 18 00  20  5.0  6.0   0.2    MM    MM 347 1031.2  18.7  19.9  15.5   MM -0.3    MM
2026 09 16 17 30  20  3.0  4.0   0.2    MM    MM 350 1031.6  18.5  19.8  14.9   MM   MM    MM
2026 09 16 17 00  20  2.0  3.0   0.2    MM    MM 346 1031.8  18.6  19.7  14.8   MM +0.7    MM
2026 09 16 16 30  40  2.0  3.0   0.2    MM    MM 347 1031.9  18.7  19.7  14.7   MM   MM    MM
2026 09 16 16 00  70  1.0  1.0   0.2    MM    MM 345 1031.8  19.6  19.7  15.1   MM +1.2    MM
2026 09 16 15 30 120  2.0  3.0   0.3     3    MM 346 1031.5  19.6  19.6  15.3   MM   MM    MM
2026 09 16 15 00 130  1.0  2.0   0.3     4    MM 347 1031.5  18.9  19.6  15.1   MM +1.6    MM
2026 09 16 14 30  90  1.0  2.0   0.3     4    MM 344 1031.4  18.3  19.5  15.1   MM   MM    MM
2026 09 16 14 00 140  2.0  3.0   0.3     4    MM 345 1031.1  18.0  19.5  15.0   MM +2.1    MM
2026 09 16 13 30 150  3.0  4.0   0.3     4    MM 341 1030.8  17.8  19.6  15.1   MM   MM    MM
2026 09 16 13 00 140  3.0  4.0   0.4     4    MM 343 1030.6  17.6  19.6  15.4   MM +2.7    MM
2026 09 16 12 30 120  3.0  4.0   0.4     4    MM 343 1030.3  17.4  19.6  15.5   MM   MM    MM
2026 09 16 12 00 100  3.0  4.0   0.4     4    MM 342 1029.9  17.9  19.6  15.6   MM +2.6    MM
2026 09 16 11 30  60  3.0  5.0   0.4     4    MM 345 1029.7  17.8  19.6  15.3   MM   MM    MM
2026 09 16 11 00  80  4.0  6.0   0.5     4    MM 346 1029.0  17.8  19.6  14.7   MM +1.5    MM
2026 09 16 10 30  80  4.0  6.0   0.5     4    MM 345 1028.5  17.8  19.6  14.5   MM   MM    MM
2026 09 16 10 00  90  4.0  5.0   0.5     5    MM 348 1027.9  17.8  19.6  14.4   MM +1.3    MM
2026 09 16 09 30  80  5.0  6.0   0.6     4    MM 347 1027.7  17.9  19.6  14.7   MM   MM    MM
2026 09 16 09 00  50  5.0  6.0   0.6     4    MM 350 1027.3  18.5  19.6  14.3   MM +1.3    MM
2026 09 16 08 30  50  6.0  8.0   0.7     5    MM 351 1027.5  18.6  19.6  14.4   MM   MM    MM
2026 09 16 08 00  40  6.0  8.0   0.7     5    MM 351 1027.5  18.6  19.6  14.1   MM +2.3    MM
2026 09 16 07 30  40  6.0  7.0   0.8     5    MM 353 1027.1  18.7  19.6  14.3   MM   MM    MM
2026 09 16 07 00  30  7.0  8.0   0.9     5    MM 354 1026.6  18.7  19.6  14.2   MM +2.4    MM
2026 09 16 06 30  30  7.0  8.0   0.8     5    MM 356 1026.3  18.7  19.6  14.4   MM   MM    MM
2026 09 16 06 00  30  7.0  9.0   0.8     4    MM 355 1026.0  18.8  19.6  15.0   MM +2.7    MM
2026 09 16 05 30  20  8.0  9.0   0.8     4    MM 358 1025.7  18.8  19.5  15.0   MM   MM    MM
2026 09 16 05 00  20  8.0 10.0   0.6     3    MM 346 1025.2  18.8  19.4  15.9   MM +2.7    MM
2026 09 16 04 30  50  7.0  9.0   0.5     3    MM 342 1024.8  19.1  19.5  16.9   MM   MM    MM
2026 09 16 04 00  50  8.0  9.0   0.5     3    MM 307 1024.2  19.3  19.6  16.9   MM +3.2    MM
2026 09 16 03 30  50  7.0  9.0   0.4     6    MM 284 1023.5  19.6  19.7  17.4   MM   MM    MM
2026 09 16 03 00  40  6.0  7.0   0.4     7    MM 268 1023.3  20.0  19.7  18.2   MM +3.8    MM
2026 09 16 02 30 330  6.0  7.0   0.4     7    MM 264 1022.8  20.3  19.8  18.4   MM   MM    MM
2026 09 16 02 00 320  5.0  7.0   0.4     3    MM 269 1022.5  20.5  19.7  17.9   MM +3.5    MM
2026 09 16 01 30 300  5.0  7.0   0.5     3    MM 272 1022.0  20.6  19.7  19.0   MM   MM    MM
2026 09 16 01 00 260  7.0  9.0   0.5     4    MM 269 1021.0  21.1  19.7  21.1   MM +3.0    MM
2026 09 16 00 30 240  6.0  7.0   0.5     3    MM 268 1020.2  21.5  19.8  21.5   MM   MM    MM
2026 09 16 00 00 230  6.0  7.0   0.6     3    MM 269 1019.5  21.8  19.8  21.8   MM +2.3    MM
2026 09 15 23 30 230  6.0  8.0   0.6     3    MM 266 1019.1  22.0  19.8  21.7   MM   MM    MM
2026 09 15 23 00 250  7.0  9.0   0.6     3    MM 264 1019.0  22.2  19.8  21.4   MM +2.3    MM
2026 09 15 22 30 240  8.0 10.0   0.7     3    MM 262 1018.7  22.4  19.9  21.5   MM   MM    MM
2026 09 15 22 00 230  6.0  9.0   0.7     3    MM 262 1018.0  22.5  20.0  22.1   MM +1.8    MM
2026 09 15 21 30 230  7.0  9.0   0.7     3    MM 261 1017.3  22.6  20.1  22.3   MM   MM    MM
2026 09 15 21 00 210  8.0 10.0   0.7     4    MM 256 1017.2  22.6  20.1  22.3   MM +1.3    MM
2026 09 15 20 30 220  8.0 11.0   0.7     4    MM 255 1016.9  22.5  20.1  22.2   MM   MM    MM
2026 09 15 20 00 220  9.0 11.0   0.8     4    MM 257 1016.7  22.4  20.1  22.0   MM   MM    MM
2026 09 15 19 30 220  9.0 12.0   0.8     4    MM 255 1016.5  22.1  20.1  22.1   MM   MM    MM
2026 09 15 19 00 220 10.0 13.0   0.7     4    MM 256 1016.2  21.8  20.1  21.8   MM   MM    MM
2026 09 15 18 30 230  9.0 12.0   0.7     5    MM 255 1016.2  21.7  20.0  21.7   MM   MM    MM
2026 09 15 18 00 210  8.0 10.0   0.8     4    MM 255 1015.9  21.5  20.0  21.5   MM   MM    MM
2026 09 15 17 30 220  8.0 10.0   0.8     3    MM 257 1015.6  21.2  20.0  21.2   MM   MM    MM
2026 09 15 10 30 190  9.0 12.0   0.7     3    MM 208 1015.0  16.6  20.1  16.6   MM   MM    MM
2026 09 15 10 00 190  9.0 11.0   0.7     7    MM 208 1015.1  16.4  20.1  16.4   MM -3.2    MM
2026 09 15 09 30 200  8.0 11.0   0.7     6    MM 222 1016.0  16.4  20.2  16.4   MM   MM    MM
2026 09 15 09 00 190  8.0 11.0   0.7     6    MM 221 1016.0  15.6  20.2  15.6   MM -2.5    MM
2026 09 15 08 30 190  8.0 12.0   0.7     6    MM 222 1016.2  15.6  20.3  15.6   MM   MM    MM
2026 09 15 08 00 180 10.0 13.0   0.6     6    MM 220 1016.2  15.3  20.2  15.3   MM -2.0    MM
2026 09 15 07 30 190  8.0 11.0   0.5     6    MM 246 1017.8  15.4  20.1  15.4   MM   MM    MM
2026 09 15 07 00 190  6.0  8.0   0.5     6    MM 239 1018.3  15.3  20.1  15.3   MM -0.0    MM
2026 09 15 06 30 180  7.0 10.0   0.4     2    MM 190 1017.5  15.5  20.1  15.1   MM   MM    MM
2026 09 15 06 00 190  7.0  9.0   0.4     3    MM 174 1018.5  15.4  20.1  14.6   MM -1.0    MM
2026 09 15 05 30 180  9.0 11.0   0.4     2    MM 151 1018.2  16.1  20.1  14.8   MM   MM    MM
2026 09 15 05 00 180  8.0 10.0   0.4     2    MM 149 1018.2  16.5  20.2  14.3   MM -3.6    MM
2026 09 15 04 30 180  9.0 11.0   0.3     2    MM 151 1017.7  17.0  20.2  14.0   MM   MM    MM
2026 09 15 04 00 180  7.0  9.0   0.3     2    MM 154 1018.5  16.8  20.2  13.7   MM -3.7    MM
2026 09 15 03 30 180  7.0  9.0   0.3     2    MM 154 1019.8  16.9  20.3  13.3   MM   MM    MM
2026 09 15 03 00 160  7.0 11.0   0.3     2    MM 151 1019.5  16.9  20.3  13.9   MM -2.8    MM
2026 09 15 02 30 180  8.0 10.0   0.2    MM    MM 178 1020.5  17.6  20.5  13.6   MM   MM    MM
2026 09 15 02 00 170  6.0  7.0   0.1    MM    MM 236 1021.8  17.9  20.6  13.6   MM -0.6    MM
2026 09 15 01 30 170  4.0  5.0   0.1    MM    MM 264 1022.5  18.4  20.6  13.2   MM   MM    MM
2026 09 15 01 00 150  2.0  3.0   0.1    MM    MM 268 1022.2  18.4  20.5  13.1   MM -2.3    MM
2026 09 15 00 30 160  1.0  1.0   0.1    MM    MM 273 1022.3  18.3  20.4  11.6   MM   MM    MM
2026 09 15 00 00  60  1.0  1.0   0.1    MM    MM 285 1022.3  18.2  20.5  11.0   MM -2.4    MM
2026 09 14 23 30  20  1.0  1.0   0.1    MM    MM 309 1022.3  18.3  20.6  11.2   MM   MM    MM
2026 09 14 23 00  90  1.0  2.0   0.1    MM    MM 308 1022.4  18.5  20.8  11.0   MM -3.0    MM
2026 09 14 22 30 320  2.0  2.0   0.1    MM    MM 320 1023.7  18.7  20.7  11.2   MM   MM    MM
2026 09 14 22 00 290  3.0  4.0   0.1    MM    MM 326 1024.5  18.2  20.8  11.2   MM -1.8    MM
2026 09 14 21 30 310  2.0  3.0   0.1    MM    MM 325 1024.4  18.0  20.8  11.1   MM   MM    MM
2026 09 14 21 00 340  2.0  3.0   0.1    MM    MM 333 1024.7  18.1  20.7  11.1   MM -2.6    MM
2026 09 14 20 30 350  2.0  3.0   0.1    MM    MM 344 1024.7  18.2  20.7  11.3   MM   MM    MM
2026 09 14 20 00  30  2.0  3.0   0.1    MM    MM 346 1025.4  18.0  20.6  10.9   MM -2.6    MM
2026 09 14 19 30 350  2.0  3.0   0.1    MM    MM 349 1025.9  18.0  20.5  10.8   MM   MM    MM
2026 09 14 19 00 310  1.0  2.0   0.1    MM    MM 353 1026.3  17.9  20.5  10.0   MM -2.4    MM
2026 09 14 18 30 360  2.0  3.0   0.1    MM    MM 342 1026.7  17.8  20.5  10.8   MM   MM    MM
2026 09 14 18 00 300  2.0  3.0   0.1    MM    MM 340 1027.3  17.7  20.5  10.3   MM -0.3    MM
2026 09 14 17 30 300  1.0  2.0   0.2    MM    MM 346 1027.8  17.6  20.4   9.6   MM   MM    MM
2026 09 14 17 00  90  1.0  3.0   0.2    MM    MM 341 1028.0  17.8  20.4   9.5   MM   MM    MM
2026 09 14 16 30  50  1.0  2.0   0.2    MM    MM 342 1028.1  17.4  20.4   9.2   MM   MM    MM
2026 09 14 16 00 250  1.0  3.0   0.2    MM    MM 341 1028.7  17.5  20.4   9.2   MM   MM    MM
2026 09 14 15 30 210  3.0  4.0   0.2    MM    MM 343 1028.3  17.5  20.4  10.4   MM   MM    MM
2026 09 14 15 00  MM  0.0  1.0   0.2    MM    MM 347 1027.6  18.1  20.4  10.1   MM   MM    MM
2026 09 14 14 30 140  2.0  3.0   0.3     4    MM 340 1027.4  17.4  20.3  10.3   MM   MM    MM
2026 09 11 23 00 240  4.0  6.0   0.5     5    MM 248 1015.2  22.9  20.9  18.3   MM -1.7    MM
2026 09 11 22 30 260  5.0  6.0   0.5     5    MM 248 1015.4  22.9  20.9  18.6   MM   MM    MM
2026 09 11 22 00 270  6.0  7.0   0.5     4    MM 249 1015.7  22.7  20.9  18.6   MM -2.0    MM
2026 09 11 21 30 260  5.0  7.0   0.5     5    MM 247 1015.8  22.9  21.0  18.6   MM   MM    MM
2026 09 11 21 00 260  5.0  7.0   0.5     3    MM 246 1016.1  23.0  21.0  17.6   MM -2.1    MM
2026 09 11 20 30 270  5.0  7.0   0.5     3    MM 248 1016.5  22.7  20.9  18.0   MM   MM    MM
2026 09 11 20 00 270  6.0  8.0   0.5     4    MM 247 1016.9  22.4  20.9  18.2   MM -2.0    MM
2026 09 11 19 30 260  4.0  5.0   0.4     4    MM 248 1017.3  23.3  20.9  16.8   MM   MM    MM
2026 09 11 19 00 250  4.0  5.0   0.4     4    MM 246 1017.7  23.3  20.9  16.3   MM -1.3    MM
2026 09 11 18 30 240  6.0  8.0   0.4     4    MM 245 1017.9  23.0  20.9  15.4   MM   MM    MM
2026 09 11 18 00 230  4.0  6.0   0.4     4    MM 245 1018.2  23.0  20.9  15.8   MM -1.0    MM
2026 09 11 17 30 230  7.0  9.0   0.4     5    MM 244 1018.6  22.5  20.8  15.2   MM   MM    MM
2026 09 11 17 00 230  4.0  7.0   0.4     4    MM 239 1018.9  22.6  20.8  16.9   MM -0.4    MM
2026 09 11 16 30 220  5.0  7.0   0.4     4    MM 241 1019.1  22.3  20.8  16.7   MM   MM    MM
2026 09 11 16 00 220  5.0  7.0   0.4     2    MM 234 1019.0  21.9  20.7  17.0   MM -0.8    MM
2026 09 11 15 30 220  6.0  7.0   0.4     5    MM 241 1019.1  21.6  20.7  17.1   MM   MM    MM
2026 09 11 15 00 200  6.0  7.0   0.4     4    MM 242 1019.2  21.3  20.6  17.2   MM -0.4    MM
2026 09 11 14 30 190  5.0  7.0   0.4     4    MM 241 1019.1  20.5  20.6  16.3   MM   MM    MM
2026 09 11 14 00 190  5.0  6.0   0.3     4    MM 240 1019.3  19.7  20.6  15.4   MM +0.0    MM
2026 09 11 13 30 190  5.0  6.0   0.3     4    MM 234 1019.5  19.1  20.6  14.8   MM   MM    MM
2026 09 11 13 00 190  5.0  6.0   0.3     2    MM 232 1019.8  18.7  20.5  14.8   MM +0.9    MM
2026 09 11 12 30 190  5.0  6.0   0.3     2    MM 227 1019.7  18.3  20.5  14.6   MM   MM    MM
2026 09 11 12 00 200  6.0  7.0   0.3     2    MM 228 1019.6  17.8  20.5  13.6   MM +0.7    MM
2026 09 11 11 30 200  6.0  7.0   0.3     2    MM 221 1019.2  17.8  20.4  13.7   MM   MM    MM
2026 09 11 11 00 200  5.0  6.0   0.3     2    MM 218 1019.3  17.8  20.5  13.3   MM +0.4    MM
2026 09 11 10 30 200  6.0  7.0   0.2    MM    MM 209 1018.9  17.8  20.5  12.9   MM   MM    MM
2026 09 11 10 00 200  5.0  7.0   0.2    MM    MM 203 1018.9  17.9  20.6  13.1   MM +0.0    MM
2026 09 11 09 30 190  5.0  7.0   0.2    MM    MM 194 1019.0  17.7  20.6  13.8   MM   MM    MM
2026 09 11 09 00 180  5.0  6.0   0.2    MM    MM 186 1018.9  17.2  20.6  13.6   MM +0.0    MM
2026 09 11 08 30 180  5.0  6.0   0.2    MM    MM 177 1018.9  17.5  20.6  13.8   MM   MM    MM
2026 09 11 08 00 190  5.0  6.0   0.2    MM    MM 178 1018.9  17.7  20.6  13.9   MM +0.0    MM
2026 09 11 07 30 190  4.0  5.0   0.2    MM    MM 177 1018.8  17.7  20.6  14.2   MM   MM    MM
2026 09 11 07 00 200  5.0  6.0   0.2    MM    MM 187 1018.9  17.9  20.6  14.4   MM +0.0    MM
2026 09 11 06 30 190  5.0  6.0   0.1    MM    MM 186 1018.9  17.9  20.7  14.6   MM   MM    MM
2026 09 11 06 00 210  4.0  5.0   0.1    MM    MM 181 1019.0  17.7  20.7  15.5   MM +0.0    MM
2026 09 11 05 30 200  4.0  5.0   0.1    MM    MM 182 1019.1  17.4  20.7  15.0   MM   MM    MM
2026 09 11 05 00 180  4.0  5.0   0.1    MM    MM 221 1019.0  17.2  20.7  15.0   MM +0.4    MM
2026 09 11 04 30 190  4.0  5.0   0.1    MM    MM 236 1019.0  17.7  20.8  15.4   MM   MM    MM
2026 09 11 04 00 190  3.0  4.0   0.1    MM    MM 254 1018.9  17.8  20.8  15.9   MM +0.9    MM
2026 09 11 03 30 180  3.0  4.0   0.1    MM    MM 254 1018.9  17.7  20.8  15.7   MM   MM    MM
2026 09 11 03 00 200  3.0  4.0   0.1    MM    MM 273 1018.8  18.4  20.9  16.6   MM +0.8    MM
2026 09 11 02 30 190  2.0  3.0   0.1    MM    MM 290 1018.7  18.9  20.9  16.8   MM   MM    MM
2026 09 11 02 00 210  2.0  3.0   0.1    MM    MM 300 1018.6  19.6  20.9  17.2   MM +0.5    MM
2026 09 11 01 30 170  3.0  3.0   0.1    MM    MM 306 1018.5  19.7  20.9  16.0   MM   MM    MM
2026 09 11 01 00 140  2.0  3.0   0.2    MM    MM 303 1018.0  20.0  20.9  15.5   MM -0.5    MM
2026 09 11 00 30 190  2.0  2.0   0.2    MM    MM 314 1017.9  20.4  20.9  13.3   MM   MM    MM
2026 09 11 00 00 230  2.0  2.0   0.2    MM    MM 314 1018.0  20.8  21.0  13.5   MM -0.7    MM
2026 09 10 23 30 250  1.0  2.0   0.2    MM    MM 321 1018.1  21.5  20.9  13.7   MM   MM    MM
2026 09 10 23 00 240  2.0  3.0   0.2    MM    MM 320 1018.1  21.2  20.9  13.1   MM -0.9    MM
2026 09 10 22 30 260  2.0  3.0   0.3     3    MM 314 1018.3  21.1  20.9  13.9   MM   MM    MM
2026 09 10 22 00 260  3.0  4.0   0.3     4    MM 315 1018.5  20.8  20.9  14.9   MM -0.7    MM
2026 09 10 21 30 280  2.0  3.0   0.3     4    MM 307 1018.6  20.5  21.0  14.9   MM   MM    MM
2026 09 10 21 00 290  4.0  6.0   0.3     4    MM 314 1018.7  20.1  20.9  15.5   MM -0.4    MM
2026 09 10 20 30 300  5.0  5.0   0.3     4    MM 314 1018.9  20.0  20.9  15.8   MM   MM    MM
2026 09 10 20 00 320  3.0  5.0   0.3     3    MM 315 1019.0  19.7  20.9  15.6   MM +0.0    MM
2026 09 10 19 30 340  4.0  5.0   0.3     4    MM 314 1019.2  19.6  20.9  15.9   MM   MM    MM
2026 09 10 19 00 360  4.0  5.0   0.4     3    MM 313 1019.2  19.7  20.9  16.2   MM +0.0    MM
2026 09 10 18 30 360  3.0  4.0   0.3     3    MM 307 1019.2  19.6  20.9  16.3   MM   MM    MM
2026 09 10 18 00 340  3.0  4.0   0.4     4    MM 305 1019.1  19.4  20.8  16.6   MM +0.5    MM
2026 09 10 17 30 340  3.0  4.0   0.4     4    MM 306 1019.2  19.3  20.8  16.9   MM   MM    MM
2026 09 10 17 00 340  3.0  4.0   0.4     3    MM 307 1019.1  19.3  20.7  17.2   MM +1.2    MM
2026 09 10 16 30 330  4.0  6.0   0.5     4    MM 304 1019.3  19.4  20.7  16.9   MM   MM    MM
2026 09 10 16 00 350  5.0  6.0   0.5     4    MM 301 1019.1  19.6  20.7  17.0   MM +1.6    MM
2026 09 10 15 30 350  5.0  6.0   0.4     4    MM 298 1019.0  19.8  20.7  16.8   MM   MM    MM
2026 09 10 15 00 330  3.0  4.0   0.5     4    MM 305 1018.6  20.1  20.6  16.8   MM +1.5    MM
2026 09 10 14 30 300  4.0  5.0   0.5     4    MM 312 1018.3  20.3  20.6  17.2   MM   MM    MM
2026 09 10 14 00 300  5.0  6.0   0.5     4    MM 312 1017.9  20.1  20.6  16.9   MM +1.5    MM
2026 09 10 13 30 320  5.0  7.0   0.5     4    MM 316 1017.7  20.2  20.6  17.0   MM   MM    MM
2026 09 10 13 00 310  5.0  6.0   0.5     5    MM 322 1017.5  20.3  20.6  17.2   MM +1.4    MM
2026 09 10 12 30 310  5.0  6.0   0.5     5    MM 325 1017.5  20.4  20.6  16.9   MM   MM    MM
2026 09 10 12 00 310  5.0  6.0   0.5     5    MM 324 1017.1  20.3  20.6  16.6   MM +1.1    MM
2026 09 10 11 30 310  5.0  6.0   0.6     5    MM 326 1016.7  20.3  20.6  16.5   MM   MM    MM
2026 09 10 11 00 310  4.0  6.0   0.6     4    MM 322 1016.4  20.3  20.6  16.2   MM +0.9    MM
2026 09 10 10 30 310  4.0  6.0   0.7     4    MM 321 1016.3  20.5  20.6  16.1   MM   MM    MM
2026 09 10 10 00 310  5.0  7.0   0.8     5    MM 319 1016.1  20.6  20.6  16.0   MM +0.8    MM
2026 09 10 09 30 310  6.0  8.0   0.7     5    MM 321 1016.1  20.7  20.6  16.2   MM   MM    MM
2026 09 10 09 00 320  6.0  8.0   0.8     4    MM 322 1016.0  20.9  20.7  17.0   MM +0.7    MM
2026 09 10 08 30 310  7.0  9.0   0.8     4    MM 322 1015.6  21.1  20.7  17.2   MM   MM    MM
2026 09 10 08 00 290  7.0 10.0   0.7     4    MM 321 1015.5  21.4  20.7  17.4   MM +0.0    MM
2026 09 10 07 30 310  7.0  8.0   0.7     4    MM 321 1015.1  21.6  20.7  17.3   MM   MM    MM
2026 09 10 07 00 310  7.0  8.0   0.6     4    MM 330 1015.3  21.7  20.7  17.0   MM +0.0    MM
2026 09 10 06 30 310  6.0  8.0   0.5     4    MM 316 1015.3  21.6  20.7  16.7   MM   MM    MM
2026 09 10 06 00 320  6.0  8.0   0.4     4    MM 301 1015.3  21.8  20.7  16.6   MM +0.6    MM
2026 09 10 05 30 310  5.0  8.0   0.3     4    MM 291 1015.3  21.9  20.7  17.1   MM   MM    MM
2026 09 10 05 00 320  4.0  6.0   0.3     4    MM 268 1015.3  22.1  20.7  17.7   MM +0.7    MM
2026 09 10 04 30 330  3.0  4.0   0.3     4    MM 272 1015.3  22.1  20.7  18.6   MM   MM    MM
2026 09 10 04 00 360  2.0  3.0   0.3     4    MM 271 1015.2  21.4  20.7  19.0   MM +2.0    MM
2026 09 10 03 30  MM  0.0  2.0   0.3     4    MM 272 1014.9  21.9  20.7  20.7   MM   MM    MM
2026 09 10 03 00  50  1.0  2.0   0.4     3    MM 277 1014.7  21.9  20.7  20.3   MM +2.6    MM
2026 09 10 02 30  40  3.0  4.0   0.4     3    MM 272 1014.8  21.9  20.7  20.0   MM   MM    MM
2026 09 10 02 00  40  5.0  6.0   0.4     3    MM 264 1014.6  22.0  20.7  20.3   MM +2.6    MM
2026 09 10 01 30  40  5.0  6.0   0.4     3    MM 259 1014.1  22.3  20.8  20.2   MM   MM    MM
2026 09 10 01 00 290  6.0  8.0   0.5     3    MM 255 1013.2  22.9  20.8  21.5   MM +1.3    MM
2026 09 10 00 30 250  7.0  9.0   0.5     3    MM 254 1012.5  23.3  20.8  20.9   MM   MM    MM
2026 09 10 00 00 250  9.0 11.0   0.6     3    MM 258 1012.1  24.1  20.8  20.3   MM +0.0    MM
2026 09 09 23 30 250 10.0 12.0   0.6     4    MM 258 1012.0  24.6  20.8  20.0   MM   MM    MM
2026 09 09 23 00 250 10.0 13.0   0.6     3    MM 257 1012.0  25.0  20.8  19.9   MM -0.3    MM
2026 09 09 22 30 230  9.0 12.0   0.6     3    MM 258 1011.9  24.9  20.9  20.3   MM   MM    MM
2026 09 09 22 00 240 11.0 13.0   0.5     3    MM 254 1011.9  24.9  20.9  20.2   MM -1.0    MM
2026 09 09 21 30 240 10.0 13.0   0.6     4    MM 255 1011.9  24.8  20.9  20.3   MM   MM    MM
2026 09 09 21 00 250 10.0 13.0   0.5     3    MM 253 1012.1  24.6  20.9  19.8   MM -1.6    MM
2026 09 09 20 30 250 10.0 13.0   0.5     3    MM 251 1012.2  24.5  20.9  19.8   MM   MM    MM
2026 09 09 20 00 240 10.0 13.0   0.5     3    MM 252 1012.3  24.4  21.0  19.9   MM -1.9    MM
2026 09 09 19 30 250  8.0 10.0   0.4     3    MM 251 1012.7  23.9  21.0  20.4   MM   MM    MM
2026 09 09 19 00 260  8.0 10.0   0.4     3    MM 253 1012.9  23.5  21.0  20.9   MM -1.4    MM
2026 09 09 18 30 260  6.0  8.0   0.4     3    MM 252 1013.3  22.3  21.0  22.1   MM   MM    MM
2026 09 09 18 00 260  4.0  7.0   0.3     3    MM 256 1013.7  21.4  21.0  21.4   MM -0.5    MM
2026 09 09 17 30 260  6.0  8.0   0.3     2    MM 259 1014.0  22.0  20.9  22.0   MM   MM    MM
2026 09 09 17 00 270  6.0  7.0   0.3     2    MM 258 1014.2  21.9  20.8  21.9   MM -0.3    MM
2026 09 09 16 30 260  5.0  6.0   0.3     2    MM 258 1014.4  21.9  20.7  21.9   MM   MM    MM
2026 09 09 16 00 260  6.0  7.0   0.3     3    MM 260 1014.3  22.1  20.6  22.1   MM -0.5    MM
2026 09 09 15 30 260  6.0  8.0   0.4     3    MM 258 1014.4  22.1  20.6  22.1   MM   MM    MM
2026 09 09 15 00 250  7.0  8.0   0.4     3    MM 257 1014.2  22.1  20.6  22.1   MM +0.0    MM
2026 09 09 14 30 250  6.0  8.0   0.4     3    MM 257 1014.3  21.9  20.7  21.9   MM   MM    MM
2026 09 09 14 00 250  5.0  7.0   0.4     3    MM 252 1014.5  21.9  20.7  21.9   MM +1.0    MM
2026 09 09 13 30 250  5.0  6.0   0.5     4    MM 255 1014.7  21.9  20.6  21.9   MM   MM    MM
2026 09 09 13 00 260  7.0  8.0   0.5     3    MM 258 1014.8  22.0  20.7  22.0   MM +1.4    MM
2026 09 09 12 30 260  8.0  9.0   0.5     4    MM 254 1014.6  22.2  20.9  22.2   MM   MM    MM
2026 09 09 12 00 230  9.0 11.0   0.6     3    MM 252 1014.3  22.2  21.0  22.2   MM -0.0    MM
2026 09 09 11 30 230  9.0 10.0   0.6     3    MM 253 1013.9  22.4  21.0  22.4   MM   MM    MM
2026 09 09 11 00 230  7.0 10.0   0.6     6    MM 253 1013.5  23.4  21.0  23.4   MM -1.3    MM
2026 09 09 10 30 230  7.0  9.0   0.6     4    MM 256 1013.3  23.4  21.0  23.3   MM   MM    MM
2026 09 09 10 00 240  7.0  8.0   0.6     4    MM 258 1013.4  23.5  21.0  23.2   MM -1.6    MM
2026 09 09 09 30 240  9.0 11.0   0.8     4    MM 260 1013.9  23.6  21.0  23.2   MM   MM    MM
2026 09 09 09 00 230  9.0 10.0   0.8     4    MM 261 1014.1  23.7  21.0  22.8   MM -1.2    MM
2026 09 09 08 30 230  8.0 11.0   0.7     4    MM 255 1014.7  23.9  21.0  22.5   MM   MM    MM
2026 09 09 08 00 230  8.0 11.0   0.6     4    MM 253 1014.8  24.1  21.0  22.2   MM -1.7    MM
2026 09 09 07 30 220  6.0  8.0   0.4     2    MM 240 1015.0  23.5  20.9  21.8   MM   MM    MM
2026 09 09 07 00 200  6.0  8.0   0.4     3    MM 235 1015.0  23.2  20.9  21.1   MM -1.7    MM
2026 09 09 06 30 200  7.0  9.0   0.4     2    MM 205 1015.2  23.1  20.9  20.7   MM   MM    MM
2026 09 09 06 00 200  7.0  9.0   0.4     2    MM 201 1015.3  22.9  20.9  20.7   MM -2.7    MM
2026 09 09 05 30 190  8.0 10.0   0.4     2    MM 189 1015.8  23.0  20.8  20.7   MM   MM    MM
2026 09 09 05 00 200  7.0 10.0   0.3     2    MM 187 1016.5  22.9  20.8  20.9   MM -2.2    MM
2026 09 09 04 30 190  8.0 10.0   0.4     2    MM 173 1016.8  22.7  20.8  20.9   MM   MM    MM
2026 09 09 04 00 200  7.0  8.0   0.3     2    MM 177 1016.7  22.4  20.9  20.9   MM   MM    MM
2026 09 09 03 30 190  6.0  8.0   0.3     2    MM 187 1017.2  22.3  20.8  20.7   MM   MM    MM
2026 09 09 03 00 190  6.0  8.0   0.2    MM    MM 194 1018.0  22.3  20.9  20.7   MM   MM    MM
2026 09 09 02 30 190  6.0  7.0   0.2    MM    MM 229 1018.3  22.3  20.9  20.6   MM   MM    MM
2026 09 09 02 00 180  5.0  6.0   0.1    MM    MM 249 1018.7  22.1  20.9  21.0   MM   MM    MM
2026 09 09 01 30 180  3.0  4.0   0.1    MM    MM 252 1019.1  21.9  21.0  21.2   MM   MM    MM
2026 09 08 21 00 170  6.0  8.0   0.3     2    MM 176 1018.2  21.9  21.0  18.5   MM -4.0    MM
2026 09 08 20 30 180  6.0  9.0   0.3     2    MM 176 1019.2  21.8  21.0  19.3   MM   MM    MM
2026 09 08 20 00 190  6.0  7.0   0.3     2    MM 170 1020.2  21.9  21.0  19.3   MM -2.8    MM
2026 09 08 19 30 180  7.0  8.0   0.3     5    MM 224 1020.5  21.8  21.0  19.1   MM   MM    MM
2026 09 08 19 00 190  6.0  7.0   0.2    MM    MM 241 1021.5  21.8  21.0  19.4   MM -2.4    MM
2026 09 08 18 30 190  4.0  5.0   0.2    MM    MM 242 1022.1  22.0  21.0  20.0   MM   MM    MM
2026 09 08 18 00 200  3.0  4.0   0.2    MM    MM 241 1022.2  22.4  21.0  19.4   MM -2.1    MM
2026 09 08 17 30 200  4.0  5.0   0.2    MM    MM 240 1022.7  22.6  21.0  19.1   MM   MM    MM
2026 09 08 17 00 190  3.0  4.0   0.2    MM    MM 234 1023.0  22.5  21.0  19.4   MM -1.5    MM
2026 09 08 16 30 190  4.0  4.0   0.2    MM    MM 221 1023.5  21.8  21.0  18.5   MM   MM    MM
2026 09 08 16 00 190  5.0  6.0   0.2    MM    MM 207 1023.9  20.7  21.0  18.2   MM -0.3    MM
2026 09 08 15 30 190  5.0  7.0   0.2    MM    MM 202 1024.2  19.9  20.9  18.2   MM   MM    MM
2026 09 08 15 00 190  5.0  6.0   0.2    MM    MM 204 1024.3  20.1  20.9  18.6   MM +0.0    MM
2026 09 08 14 30 200  5.0  6.0   0.2    MM    MM 190 1024.4  20.9  20.9  17.8   MM   MM    MM
2026 09 08 14 00 190  6.0  7.0   0.3     2    MM 182 1024.5  20.5  20.9  17.4   MM +0.9    MM
2026 09 08 13 30 190  7.0  8.0   0.3     2    MM 175 1024.4  20.0  20.9  17.4   MM   MM    MM
2026 09 08 13 00 190  7.0  9.0   0.3     2    MM 171 1024.2  19.8  20.9  17.5   MM +0.8    MM
2026 09 08 12 30 190  5.0  7.0   0.2    MM    MM 168 1024.5  19.6  20.9  17.5   MM   MM    MM
2026 09 08 12 00 190  6.0  7.0   0.2    MM    MM 164 1024.1  19.2  21.0  18.3   MM +0.9    MM
2026 09 08 11 30 190  5.0  6.0   0.2    MM    MM 160 1024.1  19.3  21.0  19.0   MM   MM    MM
2026 09 08 11 00 190  6.0  8.0   0.2    MM    MM 162 1023.6  19.3  21.0  18.7   MM -0.0    MM
2026 09 08 10 30 180  7.0  8.0   0.2    MM    MM 163 1023.2  19.5  21.0  18.8   MM   MM    MM
2026 09 08 10 00 180  6.0  7.0   0.2    MM    MM 162 1023.4  19.4  21.0  19.0   MM +0.0    MM
2026 09 08 09 30 180  5.0  6.0   0.2    MM    MM 160 1023.6  19.3  21.1  18.6   MM   MM    MM
2026 09 08 09 00 180  6.0  7.0   0.1    MM    MM 158 1023.2  19.6  21.1  18.8   MM -0.7    MM
2026 09 08 08 30 180  5.0  6.0   0.1    MM    MM 164 1023.4  19.4  21.1  18.9   MM   MM    MM
2026 09 08 08 00 190  4.0  5.0   0.1    MM    MM 157 1023.5  19.4  21.2  19.4   MM -0.4    MM
2026 09 08 07 30 180  5.0  6.0   0.1    MM    MM 155 1023.6  19.8  21.2  19.8   MM   MM    MM
2026 09 08 07 00 180  5.0  6.0   0.1    MM    MM 157 1023.5  20.0  21.2  20.0   MM -0.7    MM
2026 09 08 06 30 190  4.0  5.0   0.1    MM    MM 167 1023.7  20.1  21.3  20.1   MM   MM    MM
2026 09 08 06 00 180  4.0  5.0   0.1    MM    MM 177 1023.9  20.3  21.3  20.3   MM -0.4    MM
2026 09 08 05 30 180  4.0  5.0   0.1    MM    MM 197 1023.9  20.2  21.3  20.2   MM   MM    MM
2026 09 08 05 00 170  3.0  4.0   0.1    MM    MM 201 1023.9  20.4  21.3  20.4   MM +0.0    MM
2026 09 08 04 30 200  4.0  4.0   0.1    MM    MM 208 1024.1  20.7  21.3  20.7   MM   MM    MM
2026 09 08 04 00 200  3.0  4.0   0.1    MM    MM 253 1024.2  20.8  21.3  20.8   MM +0.3    MM
2026 09 08 03 30 210  2.0  3.0   0.1    MM    MM 251 1024.0  21.0  21.3  21.0   MM   MM    MM
2026 09 08 03 00 120  2.0  2.0   0.1    MM    MM 254 1024.3  20.9  21.3  20.9   MM +0.6    MM
2026 09 08 02 30 110  2.0  2.0   0.1    MM    MM 251 1024.3  21.5  21.3  21.5   MM   MM    MM
2026 09 08 02 00 130  2.0  3.0   0.1    MM    MM 252 1024.0  21.8  21.4  21.8   MM +0.0    MM
2026 09 08 01 30  60  1.0  2.0   0.1    MM    MM 255 1023.8  21.8  21.4  21.8   MM   MM    MM
2026 09 08 01 00 320  1.0  2.0   0.1    MM    MM 256 1023.9  21.8  21.4  21.8   MM +0.0    MM
2026 09 08 00 30 330  2.0  2.0   0.1    MM    MM 262 1023.8  21.6  21.5  21.6   MM   MM    MM
2026 09 08 00 00 300  2.0  2.0   0.1    MM    MM 256 1023.7  21.8  21.5  21.8   MM -0.5    MM
2026 09 07 23 30 300  2.0  2.0   0.1    MM    MM 253 1023.6  21.8  21.6  21.8   MM   MM    MM
2026 09 07 23 00 290  2.0  3.0   0.1    MM    MM 259 1023.8  21.8  21.6  21.8   MM -0.6    MM
2026 09 07 22 30 280  2.0  3.0   0.1    MM    MM 256 1023.7  21.9  21.6  21.9   MM   MM    MM
2026 09 07 22 00 270  3.0  4.0   0.2    MM    MM 265 1023.7  21.9  21.7  21.9   MM -1.1    MM
2026 09 07 21 30 280  4.0  4.0   0.1    MM    MM 253 1024.1  21.8  21.7  21.6   MM   MM    MM
2026 09 07 21 00 300  4.0  5.0   0.1    MM    MM 269 1024.2  21.7  21.6  21.5   MM -0.9    MM
2026 09 07 20 30 300  4.0  4.0   0.1    MM    MM 275 1024.3  21.8  21.5  21.1   MM   MM    MM
2026 09 07 20 00 290  3.0  4.0   0.2    MM    MM 287 1024.4  21.8  21.5  20.2   MM -1.5    MM
2026 09 07 19 30 300  4.0  5.0   0.1    MM    MM 276 1024.7  21.6  21.5  19.8   MM   MM    MM
2026 09 07 19 00 300  4.0  4.0   0.1    MM    MM 253 1024.8  21.6  21.5  19.1   MM -1.2    MM
2026 09 07 18 30 310  3.0  4.0   0.1    MM    MM 284 1024.8  21.5  21.4  18.9   MM   MM    MM
2026 09 07 18 00 310  3.0  4.0   0.1    MM    MM 321 1025.1  21.4  21.3  18.3   MM -0.8    MM
2026 09 07 17 30 310  3.0  3.0   0.1    MM    MM   5 1025.4  21.1  21.2  18.3   MM   MM    MM
2026 09 07 17 00 300  3.0  3.0   0.1    MM    MM 307 1025.9  21.1  21.1  18.5   MM +0.6    MM
2026 09 07 16 30 310  2.0  3.0   0.1    MM    MM 290 1026.1  21.7  21.1  18.6   MM   MM    MM
2026 09 07 16 00  60  1.0  1.0   0.1    MM    MM 325 1026.0  23.4  21.1  19.0   MM +0.5    MM
2026 09 07 15 30 170  2.0  2.0   0.1    MM    MM 302 1026.0  21.6  21.0  18.2   MM   MM    MM
2026 09 07 15 00 170  2.0  3.0   0.1    MM    MM 348 1025.9  20.9  21.0  18.2   MM +0.7    MM
2026 09 07 14 30 190  3.0  3.0   0.1    MM    MM 348 1025.6  20.2  20.9  17.9   MM   MM    MM
2026 09 07 14 00 190  3.0  4.0   0.1    MM    MM 329 1025.3  19.6  20.9  17.9   MM +0.5    MM
2026 09 07 13 30 190  3.0  4.0   0.1    MM    MM 341 1025.2  19.5  20.9  17.6   MM   MM    MM
2026 09 07 13 00 120  2.0  3.0   0.1    MM    MM 358 1025.5  19.6  20.9  18.2   MM -0.0    MM
2026 09 07 12 30 150  1.0  2.0   0.1    MM    MM 347 1025.6  19.5  20.9  18.0   MM   MM    MM
2026 09 07 12 00 170  3.0  3.0   0.1    MM    MM  44 1025.2  18.7  20.9  17.2   MM +0.6    MM
2026 09 07 11 30 180  2.0  3.0   0.1    MM    MM 137 1025.2  18.0  20.9  16.7   MM   MM    MM
2026 09 07 11 00 180  3.0  5.0   0.0    MM    MM  15 1024.8  18.0  20.9  17.3   MM +0.8    MM
2026 09 07 10 30 180  4.0  4.0   0.1    MM    MM   8 1025.0  18.5  20.9  18.3   MM   MM    MM
2026 09 07 10 00 170  3.0  3.0   0.0    MM    MM 346 1025.3  18.2  20.9  18.2   MM +1.4    MM
2026 09 07 09 30 180  2.0  3.0   0.1    MM    MM 191 1025.2  18.1  20.9  18.1   MM   MM    MM
2026 09 07 09 00 210  4.0  4.0   0.1    MM    MM 141 1024.6  18.3  20.9  18.3   MM +0.5    MM
2026 09 07 08 30 210  3.0  4.0   0.1    MM    MM 163 1024.3  18.6  21.0  18.6   MM   MM    MM
2026 09 07 08 00 190  3.0  4.0   0.1    MM    MM   8 1024.0  18.7  21.0  18.7   MM +0.0    MM
2026 09 07 07 30 170  1.0  2.0   0.1    MM    MM   6 1023.8  18.7  21.0  18.7   MM   MM    MM
2026 09 07 07 00 160  2.0  3.0   0.1    MM    MM   2 1023.9  19.1  21.0  19.1   MM +0.5    MM
2026 09 07 06 30 200  2.0  2.0   0.1    MM    MM 358 1024.2  19.7  21.0  19.7   MM   MM    MM
2026 09 07 06 00 120  1.0  1.0   0.1    MM    MM 353 1024.1  20.1  21.0  19.5   MM +0.8    MM
2026 09 07 05 30 300  1.0  1.0   0.1    MM    MM 337 1024.1  20.4  21.1  20.1   MM   MM    MM
2026 09 07 05 00  MM  0.0  1.0   0.1    MM    MM 345 1024.1  20.3  21.1  19.8   MM +1.3    MM
2026 09 07 04 30 210  1.0  2.0   0.1    MM    MM 345 1023.5  20.7  21.1  19.9   MM   MM    MM
2026 09 07 04 00 150  1.0  1.0   0.1    MM    MM 354 1023.4  20.2  21.1  19.3   MM +1.1    MM
2026 09 07 03 30 160  1.0  2.0   0.1    MM    MM 333 1023.2  20.4  21.1  19.8   MM   MM    MM
2026 09 07 03 00 140  2.0  2.0   0.1    MM    MM 357 1023.3  20.5  21.1  19.8   MM +1.1    MM
2026 09 07 02 30 150  1.0  2.0   0.1    MM    MM 357 1023.0  20.9  21.2  20.3   MM   MM    MM
2026 09 07 02 00 130  1.0  2.0   0.2    MM    MM 353 1022.8  21.5  21.2  19.8   MM -0.0    MM
2026 09 07 01 30  60  3.0  3.0   0.2    MM    MM 349 1022.5  21.9  21.2  19.2   MM   MM    MM
2026 09 07 01 00  50  3.0  4.0   0.2    MM    MM 345 1022.3  21.9  21.2  18.4   MM -0.4    MM
2026 09 07 00 30  30  3.0  4.0   0.2    MM    MM 346 1022.0  21.9  21.2  18.4   MM   MM    MM
2026 09 07 00 00  30  4.0  5.0   0.2    MM    MM 347 1022.2  22.0  21.2  18.3   MM -0.6    MM
2026 09 06 23 30  30  4.0  5.0   0.2    MM    MM 347 1022.3  22.0  21.3  18.7   MM   MM    MM
2026 09 06 23 00  20  4.0  5.0   0.2    MM    MM 350 1022.6  22.1  21.3  18.7   MM -0.4    MM
2026 09 06 22 30  10  4.0  5.0   0.2    MM    MM 349 1022.6  22.0  21.4  19.7   MM   MM    MM
2026 09 06 22 00  20  4.0  5.0   0.2    MM    MM 351 1022.7  22.1  21.4  19.8   MM -0.5    MM
2026 09 06 21 30  10  5.0  5.0   0.2    MM    MM 356 1022.9  22.0  21.4  18.8   MM   MM    MM
2026 09 06 21 00  20  4.0  5.0   0.2    MM    MM 351 1022.8  22.0  21.4  19.7   MM -0.3    MM
2026 09 06 20 30  10  4.0  5.0   0.2    MM    MM 354 1022.9  21.9  21.5  19.3   MM   MM    MM
2026 09 06 20 00  20  4.0  5.0   0.2    MM    MM 351 1023.0  21.8  21.4  19.0   MM -1.0    MM
2026 09 06 19 30  10  5.0  6.0   0.2    MM    MM  14 1023.1  21.8  21.4  19.0   MM   MM    MM
2026 09 06 19 00  20  4.0  5.0   0.1    MM    MM   3 1023.2  21.8  21.4  18.8   MM -1.1    MM
2026 09 06 18 30  30  4.0  5.0   0.1    MM    MM 323 1023.3  21.8  21.3  19.0   MM   MM    MM
2026 09 06 18 00  40  4.0  5.0   0.1    MM    MM 347 1023.1  21.6  21.5  19.2   MM -1.1    MM
2026 09 06 17 30  30  4.0  4.0   0.1    MM    MM   3 1023.6  21.5  21.1  17.9   MM   MM    MM
2026 09 06 17 00  30  3.0  3.0   0.1    MM    MM 357 1024.0  21.4  21.2  18.9   MM +0.0    MM
2026 09 06 16 30  30  2.0  3.0   0.1    MM    MM 357 1024.1  21.4  21.1  18.6   MM   MM    MM
2026 09 06 16 00 360  1.0  1.0   0.1    MM    MM 359 1024.3  21.9  21.1  17.8   MM +0.4    MM
2026 09 06 15 30  MM  0.0  1.0   0.1    MM    MM 352 1024.2  22.3  21.1  18.2   MM   MM    MM
2026 09 06 15 00  MM  0.0  0.0   0.1    MM    MM 357 1024.2  21.7  21.0  18.4   MM +0.9    MM
2026 09 06 14 30  MM  0.0  1.0   0.1    MM    MM 358 1024.1  20.8  21.0  18.0   MM   MM    MM
2026 09 06 14 00 210  1.0  1.0   0.1    MM    MM 347 1023.9  20.3  21.0  18.8   MM +0.9    MM
2026 09 06 13 30 240  1.0  2.0   0.1    MM    MM 301 1024.0  19.3  21.0  18.6   MM   MM    MM
2026 09 06 13 00 180  2.0  2.0   0.1    MM    MM 354 1023.9  18.7  20.9  18.5   MM +0.9    MM
2026 09 06 12 30 180  2.0  3.0   0.1    MM    MM   1 1023.7  18.1  20.9  18.1   MM   MM    MM
2026 09 06 12 00 200  2.0  3.0   0.1    MM    MM 360 1023.3  18.2  20.9  18.2   MM +0.8    MM
2026 09 06 11 30 190  2.0  2.0   0.1    MM    MM   2 1023.2  18.1  20.9  18.1   MM   MM    MM
2026 09 06 11 00 180  2.0  3.0   0.1    MM    MM 360 1023.0  17.7  20.9  17.7   MM +1.0    MM
2026 09 06 10 30 190  2.0  3.0   0.1    MM    MM 359 1023.0  18.6  20.9  18.4   MM   MM    MM
2026 09 06 10 00 150  1.0  2.0   0.1    MM    MM 360 1023.0  18.7  20.9  17.8   MM +1.5    MM
2026 09 06 09 30 130  1.0  1.0   0.1    MM    MM   1 1022.7  18.8  20.9  17.9   MM   MM    MM
2026 09 06 09 00 130  1.0  2.0   0.1    MM    MM   3 1022.5  19.0  20.9  18.0   MM +1.0    MM
2026 09 06 08 30 170  1.0  1.0   0.1    MM    MM   1 1022.2  19.5  20.9  17.9   MM   MM    MM
2026 09 06 08 00  MM  0.0  1.0   0.1    MM    MM   1 1022.0  19.1  20.9  16.4   MM +0.7    MM
2026 09 06 07 30 200  1.0  2.0   0.1    MM    MM   0 1021.8  19.2  20.9  16.9   MM   MM    MM
2026 09 06 07 00 190  2.0  3.0   0.1    MM    MM   2 1021.5  19.6  20.9  17.6   MM +0.6    MM
2026 09 06 06 30 210  2.0  3.0   0.1    MM    MM   1 1021.7  20.0  20.9  17.5   MM   MM    MM
2026 09 06 06 00 130  2.0  3.0   0.1    MM    MM   1 1021.5  20.2  20.9  16.5   MM +0.8    MM
2026 09 06 05 30 130  3.0  3.0   0.1    MM    MM 359 1021.3  20.4  20.9  16.6   MM   MM    MM
2026 09 06 05 00 140  2.0  3.0   0.1    MM    MM 356 1021.3  20.5  21.0  17.5   MM   MM    MM
2026 09 06 04 30 120  3.0  3.0   0.2    MM    MM 358 1021.1  20.6  21.0  17.4   MM   MM    MM
2026 09 06 04 00 130  3.0  3.0   0.2    MM    MM 359 1020.9  20.9  21.0  17.8   MM   MM    MM
2026 09 06 03 30  80  2.0  3.0   0.2    MM    MM   0 1020.9  21.4  21.1  18.6   MM   MM    MM
2026 09 06 03 00  90  2.0  3.0   0.2    MM    MM   0 1020.7  21.4  21.1  18.4   MM   MM    MM
2026 09 06 02 30  90  3.0  4.0   0.2    MM    MM   5 1020.5  21.8  21.1  18.4   MM   MM    MM
2026 09 05 17 30  40  6.0  7.0   0.3     3    MM   6 1019.8  21.5  21.7  21.4   MM   MM    MM
2026 09 05 17 00  20  5.0  6.0   0.3     3    MM   4 1020.1  21.7  21.6  21.3   MM +0.7    MM
2026 09 05 16 30  40  5.0  6.0   0.3     3    MM   5 1020.0  22.1  21.6  20.2   MM   MM    MM
2026 09 05 16 00  40  3.0  4.0   0.2    MM    MM   4 1020.0  22.7  21.5  19.4   MM +1.1    MM
2026 09 05 15 30  70  3.0  4.0   0.2    MM    MM   4 1020.3  22.9  21.5  19.4   MM   MM    MM
2026 09 05 15 00  80  3.0  5.0   0.3     3    MM   2 1019.9  22.5  21.4  19.4   MM +1.2    MM
2026 09 05 14 30 100  3.0  3.0   0.3     4    MM   8 1019.6  21.9  21.4  19.0   MM   MM    MM
2026 09 05 14 00  90  4.0  5.0   0.3     4    MM   7 1019.4  21.4  21.3  19.0   MM +1.0    MM
2026 09 05 13 30 110  6.0  7.0   0.3     4    MM   7 1018.9  21.2  21.3  19.0   MM   MM    MM
2026 09 05 13 00 100  4.0  5.0   0.3     4    MM   7 1018.9  21.2  21.3  19.7   MM +0.8    MM
2026 09 05 12 30 100  5.0  6.0   0.3     3    MM   8 1018.8  21.0  21.3  19.8   MM   MM    MM
2026 09 05 12 00 100  5.0  6.0   0.3     3    MM   5 1018.7  20.8  21.3  19.9   MM +1.1    MM
2026 09 05 11 30  80  5.0  6.0   0.3     3    MM   8 1018.5  20.5  21.4  20.3   MM   MM    MM
2026 09 05 11 00  80  5.0  6.0   0.3     4    MM   7 1018.4  20.7  21.4  20.2   MM +0.9    MM
2026 09 05 10 30  80  4.0  5.0   0.3     3    MM   8 1018.2  20.9  21.5  20.3   MM   MM    MM
2026 09 05 10 00  80  4.0  6.0   0.3     4    MM   8 1018.1  21.0  21.5  20.0   MM +0.8    MM
2026 09 05 09 30  80  4.0  5.0   0.3     4    MM   8 1017.7  21.1  21.5  19.7   MM   MM    MM
2026 09 05 09 00 110  4.0  5.0   0.3     4    MM   5 1017.6  21.1  21.5  19.7   MM +0.0    MM
2026 09 05 08 30 120  3.0  4.0   0.3     4    MM   5 1017.6  21.0  21.6  20.3   MM   MM    MM
2026 09 05 08 00 110  4.0  4.0   0.3     3    MM   5 1017.5  20.9  21.6  20.8   MM +0.3    MM
2026 09 05 07 30 110  3.0  4.0   0.3     3    MM   4 1017.6  20.9  21.6  20.9   MM   MM    MM
2026 09 05 07 00 110  6.0  7.0   0.2    MM    MM   2 1017.3  20.9  21.5  20.9   MM   MM    MM
2026 09 05 06 30 100  4.0  6.0   0.2    MM    MM   3 1017.3  21.2  21.7  21.2   MM   MM    MM
2026 09 05 06 00 110  4.0  4.0   0.3     4    MM   4 1017.5  21.3  21.6  21.3   MM +0.0    MM
2026 09 05 05 30 110  4.0  4.0   0.2    MM    MM   3 1017.4  21.3  21.6  21.3   MM   MM    MM
2026 09 05 05 00 110  5.0  6.0   0.3     4    MM   8 1017.2  21.3  21.7  21.3   MM +0.0    MM
2026 09 05 04 30 130  3.0  4.0   0.3     4    MM   5 1017.3  21.5  21.8  21.5   MM   MM    MM
2026 09 05 04 00  MM   MM   MM   0.3     4    MM   4     MM    MM  21.8    MM   MM   MM    MM
2026 09 05 03 30  MM   MM   MM   0.3     4    MM   0     MM    MM  21.8    MM   MM   MM    MM
2026 09 05 03 00  90  3.0  3.0   0.3     4    MM   3 1017.5  22.1  21.9  22.1   MM +0.7    MM
2026 09 05 02 30 110  3.0  4.0   0.3     4    MM   0 1017.4  22.2  21.8  22.2   MM   MM    MM
2026 09 05 02 00 110  5.0  6.0   0.3     4    MM 348 1017.2  22.3  21.9  22.3   MM +1.0    MM
2026 09 05 01 30 110  5.0  6.0   0.3     4    MM 343 1017.1  22.4  21.9  22.4   MM   MM    MM
2026 09 05 01 00 100  4.0  4.0   0.3     4    MM 336 1016.9  22.6  21.9  22.6   MM +1.0    MM
2026 09 05 00 30 120  4.0  5.0   0.3     5    MM 335 1016.8  22.6  22.0  22.6   MM   MM    MM
2026 09 05 00 00  90  3.0  4.0   0.3     5    MM 340 1016.8  22.8  22.1  22.8   MM +0.6    MM
2026 09 04 23 30 100  3.0  3.0   0.3     3    MM 350 1016.8  22.9  22.0  22.9   MM   MM    MM
2026 09 04 23 00  80  2.0  2.0   0.3     3    MM 353 1016.2  23.2  22.0  23.2   MM -0.3    MM
2026 09 04 22 30 120  1.0  2.0   0.2    MM    MM 353 1016.0  22.9  22.0  22.9   MM   MM    MM
2026 09 04 22 00  80  2.0  2.0   0.2    MM    MM 360 1015.9  23.1  21.9  23.1   MM +0.0    MM
2026 09 04 21 30  50  3.0  4.0   0.2    MM    MM   4 1016.0  22.6  22.0  22.6   MM   MM    MM
2026 09 04 21 00  60  3.0  4.0   0.2    MM    MM   1 1016.2  22.5  22.0  22.5   MM +0.0    MM
2026 09 04 20 30  50  3.0  3.0   0.2    MM    MM   2 1016.3  22.6  21.8  22.6   MM   MM    MM
2026 09 04 20 00  20  2.0  3.0   0.2    MM    MM   9 1016.5  22.8  21.9  22.8   MM -0.0    MM
2026 09 04 19 30  10  2.0  3.0   0.2    MM    MM   3 1016.2  23.0  22.2  23.0   MM   MM    MM
2026 09 04 19 00 350  3.0  3.0   0.2    MM    MM   8 1016.1  23.1  21.7  23.1   MM -0.3    MM
2026 09 04 18 30 340  3.0  3.0   0.2    MM    MM   7 1016.1  23.4  21.9  23.4   MM   MM    MM
2026 09 04 18 00  10  1.0  2.0   0.2    MM    MM   3 1016.1  23.6  21.8  23.6   MM -0.9    MM
2026 09 04 17 30  MM  0.0  1.0   0.2    MM    MM   3 1016.3  23.9  21.6  23.9   MM   MM    MM
2026 09 04 17 00  MM  0.0  1.0   0.3     4    MM   3 1016.5  23.7  21.8  23.7   MM +0.0    MM
2026 09 04 16 30  MM  0.0  1.0   0.3     4    MM   5 1016.3  24.3  21.8  24.3   MM   MM    MM
2026 09 04 16 00 140  1.0  1.0   0.3     4    MM   9 1016.4  23.2  21.7  23.2   MM +0.0    MM
2026 09 04 15 30 110  3.0  3.0   0.3     4    MM   7 1016.2  22.4  21.8  22.4   MM   MM    MM
2026 09 04 15 00  90  3.0  4.0   0.3     4    MM   4 1017.0  22.1  21.7  22.1   MM +0.7    MM
2026 09 04 14 30 130  1.0  2.0   0.2    MM    MM   4 1017.0  22.2  21.7  22.2   MM   MM    MM
2026 09 04 14 00 120  2.0  3.0   0.2    MM    MM   5 1016.6  22.0  21.7  22.0   MM -0.0    MM
2026 09 04 13 30 130  2.0  2.0   0.1    MM    MM   4 1016.9  21.9  21.6  21.9   MM   MM    MM
2026 09 04 13 00 120  3.0  4.0   0.1    MM    MM   7 1016.2  21.7  21.6  21.7   MM -0.3    MM
2026 09 04 12 30 110  4.0  4.0   0.1    MM    MM   7 1016.5  21.6  21.7  21.6   MM   MM    MM
2026 09 04 12 00 170  1.0  1.0   0.1    MM    MM   9 1016.3  21.8  21.6  21.8   MM   MM    MM
2026 09 04 11 30 150  4.0  5.0   0.1    MM    MM   7 1015.1  21.9  21.7  21.9   MM   MM    MM
2026 09 04 11 00  40  2.0  2.0   0.1    MM    MM 356 1016.7  22.0  21.7  22.0   MM +1.1    MM
2026 09 04 10 30 320  2.0  3.0   0.1    MM    MM 355 1016.9  21.9  21.7  21.9   MM   MM    MM
2026 09 04 10 00 120  1.0  1.0   0.1    MM    MM 299 1016.5  21.9  21.7  21.9   MM +0.3    MM
2026 09 04 09 30 100  1.0  1.0   0.1    MM    MM 340 1016.1  22.1  21.7  22.1   MM   MM    MM
2026 09 04 08 00 140  3.0  4.0   0.1    MM    MM 333 1015.6  21.8  21.7  21.8   MM -1.3    MM
2026 09 04 07 30  80  1.0  2.0   0.1    MM    MM   4 1015.6  21.8  21.7  21.8   MM   MM    MM
2026 09 04 07 00 210  2.0  2.0   0.1    MM    MM   6 1016.2  21.6  21.7  21.6   MM -1.0    MM
2026 09 04 06 30 160  1.0  1.0   0.1    MM    MM   7 1016.6  21.6  21.7  21.6   MM   MM    MM
2026 09 04 06 00 130  2.0  3.0   0.1    MM    MM   6 1016.4  21.3  21.7  21.3   MM -0.9    MM
2026 09 04 05 30 190  2.0  2.0   0.1    MM    MM   7 1016.6  21.6  21.8  21.6   MM   MM    MM
2026 09 04 05 00 100  3.0  3.0   0.1    MM    MM   5 1016.9  21.5  21.8  21.5   MM +0.0    MM
2026 09 04 04 30 150  1.0  2.0   0.1    MM    MM   5 1017.2  21.5  21.8  21.5   MM   MM    MM
2026 09 04 04 00 150  1.0  2.0   0.1    MM    MM   4 1017.2  21.9  21.8  21.9   MM +0.6    MM
2026 09 04 03 30 190  1.0  1.0   0.1    MM    MM   8 1017.4  21.8  21.8  21.8   MM   MM    MM
2026 09 04 03 00 200  1.0  2.0   0.2    MM    MM   9 1017.3  21.8  21.8  21.8   MM +1.3    MM
2026 09 04 02 30 110  1.0  2.0   0.2    MM    MM   7 1017.1  21.8  21.8  21.8   MM   MM    MM
2026 09 04 02 00 160  2.0  2.0   0.2    MM    MM   9 1016.8  22.3  21.9  22.3   MM +0.9    MM
2026 09 04 01 30  60  3.0  4.0   0.2    MM    MM   7 1016.7  22.2  21.9  22.2   MM   MM    MM
2026 09 04 01 00  20  2.0  2.0   0.2    MM    MM   6 1016.6  22.2  21.9  22.2   MM +1.2    MM
2026 09 04 00 30  40  1.0  2.0   0.2    MM    MM   6 1016.5  22.3  21.9  22.3   MM   MM    MM
2026 09 04 00 00  50  1.0  2.0   0.2    MM    MM   4 1016.0  22.3  21.9  22.3   MM +0.6    MM
2026 09 03 23 30  20  2.0  2.0   0.2    MM    MM   4 1016.0  22.4  21.9  22.4   MM   MM    MM
2026 09 03 23 00  20  2.0  2.0   0.2    MM    MM   5 1015.9  22.2  21.9  22.2   MM +0.7    MM
2026 09 03 22 30 330  2.0  3.0   0.2    MM    MM   5 1016.0  22.2  21.9  22.2   MM   MM    MM
2026 09 03 22 00 350  2.0  3.0   0.2    MM    MM   5 1015.4  22.5  21.8  22.0   MM -1.2    MM
2026 09 03 21 30  MM  0.0  1.0   0.3     3    MM   8 1015.3  22.8  21.8  22.4   MM   MM    MM
2026 09 03 21 00  MM  0.0  2.0   0.3     3    MM   5 1015.4  22.1  21.8  22.0   MM -2.6    MM
2026 09 03 20 30  90  4.0  5.0   0.2    MM    MM   5 1014.6  22.2  21.8  22.2   MM   MM    MM
2026 09 03 20 00  90  3.0  4.0   0.2    MM    MM   6 1015.2  21.9  21.7  21.9   MM -2.0    MM
2026 09 03 19 30 110  3.0  4.0   0.2    MM    MM   2 1016.2  21.6  21.7  21.6   MM   MM    MM
2026 09 03 19 00  70  3.0  4.0   0.2    MM    MM   5 1016.6  21.6  21.7  21.6   MM +0.0    MM
2026 09 03 18 30 170  3.0  4.0   0.2    MM    MM   4 1017.6  21.6  21.7  21.6   MM   MM    MM
2026 09 03 18 00 130  1.0  2.0   0.2    MM    MM 355 1018.0  21.8  21.7  21.8   MM +2.0    MM
2026 09 03 17 30 270  2.0  3.0   0.3     3    MM 358 1018.6  21.5  21.7  21.5   MM   MM    MM
2026 09 03 17 00  50  3.0  4.0   0.2    MM    MM 359 1017.2  22.1  21.7  22.1   MM +0.9    MM
2026 09 03 16 30  50  5.0  6.0   0.2    MM    MM   3 1015.9  22.2  21.7  21.9   MM   MM    MM
2026 09 03 16 00  60  4.0  4.0   0.2    MM    MM   4 1016.4  22.5  21.7  21.6   MM -0.4    MM
2026 09 03 15 30  60  4.0  5.0   0.1    MM    MM 358 1015.8  22.4  21.7  20.8   MM   MM    MM
2026 09 03 15 00  80  4.0  4.0   0.1    MM    MM 359 1016.0  22.4  21.7  20.5   MM -0.7    MM
2026 09 03 14 30  90  3.0  4.0   0.1    MM    MM 355 1016.2  22.2  21.7  20.7   MM   MM    MM
2026 09 03 14 00  80  2.0  4.0   0.1    MM    MM 328 1016.3  21.6  21.7  20.5   MM -0.4    MM
2026 09 03 13 30  90  2.0  2.0   0.1    MM    MM 347 1016.6  21.5  21.7  20.5   MM   MM    MM
2026 09 03 13 00 100  3.0  3.0   0.1    MM    MM   2 1016.8  21.3  21.6  20.8   MM +0.5    MM
2026 09 03 12 30 100  3.0  3.0   0.1    MM    MM 357 1016.5  21.0  21.6  20.9   MM   MM    MM
2026 09 03 12 00 130  3.0  3.0   0.1    MM    MM   1 1016.7  20.7  21.6  20.7   MM +0.6    MM
2026 09 03 11 30 100  2.0  3.0   0.1    MM    MM  10 1016.6  20.8  21.6  20.8   MM   MM    MM
2026 09 03 11 00 170  1.0  1.0   0.0    MM    MM   4 1016.7  21.0  21.6  21.0   MM +0.7    MM
2026 09 03 10 30 150  1.0  2.0   0.0    MM    MM 352 1016.5  20.8  21.7  20.8   MM   MM    MM
2026 09 03 10 00 110  2.0  3.0   0.0    MM    MM 352 1016.3  20.8  21.7  20.7   MM +0.6    MM
2026 09 03 09 30 110  1.0  1.0   0.0    MM    MM   0 1016.3  20.7  21.7  20.4   MM   MM    MM
2026 09 03 09 00 120  3.0  3.0   0.0    MM    MM   1 1016.1  20.6  21.7  20.6   MM +0.4    MM
2026 09 03 08 30 100  2.0  3.0   0.0    MM    MM 359 1016.0  20.8  21.7  20.8   MM   MM    MM
2026 09 03 08 00 110  1.0  2.0   0.0    MM    MM   8 1016.0  21.3  21.8  21.3   MM -0.0    MM
2026 09 03 07 30 110  2.0  2.0   0.0    MM    MM   8 1015.7  21.2  21.9  21.2   MM   MM    MM
2026 09 03 07 00 110  2.0  2.0   0.0    MM    MM 341 1015.7  21.6  21.9  21.6   MM +0.0    MM
2026 09 03 06 30 100  1.0  1.0   0.0    MM    MM 310 1015.8  21.6  21.7  21.6   MM   MM    MM
2026 09 03 06 00  90  1.0  2.0   0.0    MM    MM 303 1015.7  21.3  21.3  21.3   MM +0.3    MM
2026 09 03 05 30 100  1.0  1.0   0.0    MM    MM 295 1015.9  21.5  21.8  21.5   MM   MM    MM
2026 09 03 05 00 210  1.0  2.0   0.0    MM    MM 294 1015.9  21.4  21.9  21.4   MM +0.8    MM
2026 09 03 04 30 230  1.0  1.0   0.0    MM    MM 289 1015.6  21.3  22.0  21.3   MM   MM    MM
2026 09 03 04 00 200  2.0  2.0   0.0    MM    MM 287 1015.6  21.6  22.0  21.6   MM +0.8    MM
2026 09 03 03 30 250  1.0  2.0   0.1    MM    MM 291 1015.5  21.8  22.0  21.8   MM   MM    MM
2026 09 03 03 00 130  1.0  1.0   0.1    MM    MM 300 1015.4  21.5  21.9  21.5   MM +1.0    MM
2026 09 03 02 30 120  2.0  3.0   0.1    MM    MM 291 1015.2  22.2  22.0  22.2   MM   MM    MM
2026 09 03 02 00 110  1.0  2.0   0.1    MM    MM 290 1015.1  22.5  22.0  22.1   MM +0.3    MM
2026 09 03 01 30 180  1.0  1.0   0.1    MM    MM 276 1014.8  23.1  22.0  22.4   MM   MM    MM
2026 09 03 01 00 100  1.0  1.0   0.1    MM    MM 285 1014.8  23.3  21.8  21.6   MM -0.0    MM
2026 09 03 00 30 210  1.0  1.0   0.1    MM    MM 265 1014.3  23.4  21.8  20.6   MM   MM    MM
2026 09 03 00 00  MM  0.0  0.0   0.1    MM    MM 270 1014.4  24.1  21.7  20.9   MM -0.6    MM
2026 09 02 23 30  MM  0.0  1.0   0.1    MM    MM 300 1014.4  25.0  21.6  20.8   MM   MM    MM
2026 09 02 23 00 290  1.0  1.0   0.1    MM    MM 286 1014.8  24.6  21.8  20.2   MM -0.5    MM
2026 09 02 22 30  MM  0.0  0.0   0.1    MM    MM 281 1014.9  25.0  21.8  21.8   MM   MM    MM
2026 09 02 22 00  MM  0.0  1.0   0.1    MM    MM 290 1015.0  24.2  22.0  21.7   MM -0.8    MM
2026 09 02 21 30 320  1.0  2.0   0.2    MM    MM 319 1015.0  22.8  22.0  20.9   MM   MM    MM
2026 09 02 21 00 300  3.0  3.0   0.1    MM    MM 271 1015.0  22.5  22.0  20.8   MM -0.8    MM
2026 09 02 20 30 310  3.0  3.0   0.1    MM    MM 260 1015.1  22.5  22.0  21.9   MM   MM    MM
2026 09 02 20 00 310  2.0  2.0   0.1    MM    MM 261 1015.3  22.3  22.0  21.8   MM -0.5    MM
2026 09 02 19 30 330  1.0  1.0   0.1    MM    MM 289 1015.4  22.2  22.1  21.9   MM   MM    MM
2026 09 02 19 00 310  2.0  3.0   0.1    MM    MM 286 1015.8  21.9  21.5  21.2   MM +0.0    MM
2026 09 02 18 30 300  2.0  2.0   0.1    MM    MM 277 1015.9  22.0  21.4  21.6   MM   MM    MM
2026 09 02 18 00 340  2.0  2.0   0.1    MM    MM 279 1015.8  21.8  21.5  21.4   MM +0.0    MM
2026 09 02 17 30 280  2.0  2.0   0.1    MM    MM 277 1016.0  21.8  21.4  21.1   MM   MM    MM
2026 09 02 17 00 270  2.0  2.0   0.1    MM    MM 273 1015.8  22.0  21.4  21.4   MM +1.0    MM
2026 09 02 16 30 170  1.0  2.0   0.1    MM    MM 273 1015.4  21.9  21.4  21.6   MM   MM    MM
2026 09 02 16 00 210  2.0  3.0   0.1    MM    MM 286 1015.8  21.5  21.3  21.5   MM +0.4    MM
2026 09 02 15 30 250  3.0  4.0   0.2    MM    MM 297 1016.2  21.0  21.3  21.0   MM   MM    MM
2026 09 02 15 00 300  3.0  4.0   0.2    MM    MM 271 1015.9  21.0  21.3  21.0   MM -2.9    MM
2026 09 02 14 30 290  5.0  5.0   0.2    MM    MM 246 1016.7  20.8  21.3  20.8   MM   MM    MM
2026 09 02 14 00 180  3.0  5.0   0.2    MM    MM 270 1014.8  20.8  21.3  20.8   MM -0.5    MM
2026 09 02 13 30 160  6.0  7.0   0.2    MM    MM 262 1014.8  21.2  21.3  21.0   MM   MM    MM
2026 09 02 13 00  10  5.0  6.0   0.2    MM    MM 253 1015.4  20.8  21.4  20.8   MM +0.7    MM
2026 09 02 12 30 250  1.0  3.0   0.2    MM    MM 263 1016.6  21.2  21.5  21.2   MM   MM    MM
2026 09 02 12 00 270  8.0  9.0   0.1    MM    MM 267 1018.8  21.6  21.6  21.6   MM +4.0    MM
2026 09 02 11 30 300  4.0  5.0   0.1    MM    MM 263 1016.2  22.3  21.7  22.3   MM   MM    MM
2026 09 02 11 00 230  2.0  3.0   0.1    MM    MM 258 1015.3  22.6  21.8  22.6   MM +1.0    MM
2026 09 02 10 30 210  1.0  1.0   0.1    MM    MM 256 1014.3  22.8  21.9  22.8   MM   MM    MM
2026 09 02 10 00 180  3.0  3.0   0.1    MM    MM 251 1014.7  22.7  22.0  22.7   MM +0.3    MM
2026 09 02 09 30 290  2.0  2.0   0.1    MM    MM 248 1015.0  22.6  22.0  22.6   MM   MM    MM
2026 09 02 09 00 290  2.0  2.0   0.2    MM    MM 246 1014.8  22.7  22.1  22.7   MM +1.1    MM
2026 09 02 08 30 250  2.0  3.0   0.2    MM    MM 247 1014.2  22.9  22.2  22.9   MM   MM    MM
2026 09 02 08 00 290  3.0  3.0   0.2    MM    MM 249 1014.3  22.9  22.0  22.9   MM +0.9    MM
2026 09 02 07 30 290  4.0  4.0   0.3     3    MM 248 1014.3  23.3  22.1  23.3   MM   MM    MM
2026 09 02 07 00 270  5.0  6.0   0.3     3    MM 250 1014.4  23.9  22.2  23.9   MM +0.8    MM
2026 09 02 06 30 270  6.0  7.0   0.3     3    MM 251 1014.3  24.3  22.3  24.3   MM   MM    MM
2026 09 02 06 00 270  4.0  5.0   0.2    MM    MM 248 1013.7  24.6  22.3  24.6   MM -0.0    MM
2026 09 02 05 30 260  5.0  6.0   0.2    MM    MM 248 1013.7  24.9  22.3  24.9   MM   MM    MM
2026 09 02 05 00 220  2.0  3.0   0.2    MM    MM 245 1013.4  24.9  22.2  24.9   MM -0.7    MM
2026 09 02 04 30 230  3.0  5.0   0.2    MM    MM 247 1013.7  25.0  22.6  25.0   MM   MM    MM
2026 09 02 04 00 210  2.0  3.0   0.2    MM    MM 251 1013.6  24.9  22.4  24.9   MM +0.0    MM
2026 09 02 03 30 160  1.0  1.0   0.2    MM    MM 253 1013.7  25.1  22.9  25.1   MM   MM    MM
2026 09 02 03 00 170  1.0  1.0   0.2    MM    MM 254 1013.8  24.9  22.4  24.9   MM +0.0    MM
2026 09 02 02 00 220  3.0  3.0   0.1    MM    MM 264 1014.1  24.9  22.0  24.9   MM +0.3    MM
2026 09 02 01 30 220  2.0  3.0   0.1    MM    MM 265 1013.6  25.0  21.6  25.0   MM   MM    MM
2026 09 02 01 00 220  1.0  2.0   0.1    MM    MM 266 1013.5  25.3  21.5  25.3   MM -0.6    MM
2026 09 02 00 30  MM  0.0  1.0   0.1    MM    MM 273 1013.8  24.4  21.8  24.4   MM   MM    MM
2026 09 02 00 00  70  1.0  1.0   0.1    MM    MM 271 1013.8  24.5  21.6  24.5   MM -0.6    MM
2026 09 01 23 30  MM  0.0  1.0   0.1    MM    MM 337 1013.6  24.8  21.3  24.8   MM   MM    MM
2026 09 01 23 00 260  1.0  1.0   0.1    MM    MM 271 1013.8  25.1  21.3  25.1   MM -1.0    MM
2026 09 01 22 30 160  1.0  1.0   0.1    MM    MM 254 1014.1  24.7  21.3  24.7   MM   MM    MM
2026 09 01 22 00 350  2.0  2.0   0.1    MM    MM 265 1014.1  24.5  21.2  24.5   MM -1.2    MM
2026 09 01 21 30 270  2.0  3.0   0.1    MM    MM 268 1014.2  24.9  21.1  24.9   MM   MM    MM
2026 09 01 21 00  MM  0.0  1.0   0.1    MM    MM 305 1014.4  25.0  21.0  25.0   MM -1.3    MM
2026 09 01 20 30 330  1.0  1.0   0.1    MM    MM 322 1014.6  23.9  21.0  23.9   MM   MM    MM
2026 09 01 20 00 360  2.0  3.0   0.1    MM    MM 325 1014.8  23.3  21.0  23.3   MM -1.0    MM
2026 09 01 19 30  40  2.0  2.0   0.1    MM    MM 282 1014.9  23.3  21.1  23.3   MM   MM    MM
2026 09 01 19 00  20  2.0  2.0   0.1    MM    MM 292 1015.3  23.2  21.2  23.2   MM -0.8    MM
2026 09 01 18 30  30  2.0  3.0   0.1    MM    MM 282 1015.4  23.1  21.4  23.1   MM   MM    MM
2026 09 01 18 00 350  3.0  3.0   0.1    MM    MM 293 1015.7  23.0  21.2  23.0   MM -0.6    MM
2026 09 01 17 30 340  3.0  3.0   0.1    MM    MM 271 1015.7  23.0  21.1  23.0   MM   MM    MM
2026 09 01 17 00 340  2.0  3.0   0.1    MM    MM 296 1015.8  23.1  21.0  23.1   MM +0.3    MM
2026 09 01 16 30  30  1.0  1.0   0.1    MM    MM 291 1016.0  23.0  21.0  23.0   MM   MM    MM
2026 09 01 16 00  20  1.0  2.0   0.1    MM    MM 270 1016.1  22.8  21.0  22.8   MM +0.4    MM
2026 09 01 15 30  10  1.0  2.0   0.1    MM    MM 272 1016.4  22.6  20.9  22.6   MM   MM    MM
2026 09 01 15 00 350  2.0  2.0   0.1    MM    MM 295 1016.3  22.5  20.9  22.5   MM +0.7    MM
2026 09 01 14 30 340  3.0  3.0   0.1    MM    MM 287 1016.1  22.8  20.9  22.8   MM   MM    MM
2026 09 01 14 00 210  1.0  1.0   0.1    MM    MM 351 1015.5  23.3  20.9  23.3   MM +0.6    MM
2026 09 01 13 30 360  1.0  1.0   0.1    MM    MM 317 1015.9  22.6  20.9  22.6   MM   MM    MM
2026 09 01 13 00 170  1.0  2.0   0.1    MM    MM 342 1015.7  22.5  20.8  22.5   MM +1.1    MM
2026 09 01 12 30 110  1.0  1.0   0.1    MM    MM 340 1015.8  22.9  20.8  22.9   MM   MM    MM
2026 09 01 12 00  MM  0.0  1.0   0.1    MM    MM 325 1015.6  22.3  20.8  22.3   MM +1.1    MM
2026 09 01 11 30 240  1.0  1.0   0.1    MM    MM 331 1015.3  21.9  20.8  21.9   MM   MM    MM
2026 09 01 11 00 220  1.0  1.0   0.1    MM    MM 320 1014.9  21.9  20.8  21.9   MM +0.5    MM
2026 09 01 10 30  MM  0.0  1.0   0.1    MM    MM 325 1014.7  21.9  20.8  21.9   MM   MM    MM
2026 09 01 10 00  70  2.0  2.0   0.1    MM    MM 326 1014.6  22.0  20.8  22.0   MM +0.4    MM
2026 09 01 09 30 350  1.0  2.0   0.1    MM    MM 300 1014.6  21.9  20.8  21.9   MM   MM    MM
2026 09 01 09 00 360  1.0  1.0   0.1    MM    MM 293 1014.5  22.1  20.8  22.1   MM +0.0    MM
2026 09 01 08 30  MM  0.0  1.0   0.1    MM    MM 284 1014.3  22.5  20.8  22.5   MM   MM    MM
2026 09 01 08 00 190  1.0  1.0   0.1    MM    MM 278 1014.4  22.5  20.8  22.5   MM +0.0    MM
2026 09 01 07 30 180  1.0  2.0   0.1    MM    MM 279 1014.1  22.3  20.8  22.3   MM   MM    MM
2026 09 01 07 00 180  2.0  2.0   0.1    MM    MM 282 1014.2  22.3  20.8  22.3   MM -0.3    MM
2026 09 01 06 30 200  2.0  3.0   0.2    MM    MM 280 1014.3  22.4  20.8  22.4   MM   MM    MM
2026 09 01 06 00 220  1.0  2.0   0.2    MM    MM 280 1014.4  22.4  20.8  22.4   MM +0.0    MM
2026 09 01 05 30  MM  0.0  1.0   0.2    MM    MM 273 1014.3  22.4  20.8  22.4   MM   MM    MM
2026 09 01 05 00  MM  0.0  1.0   0.2    MM    MM 259 1014.2  22.4  20.8  22.4   MM +0.0    MM
2026 09 01 04 30 100  1.0  2.0   0.2    MM    MM 254 1014.1  22.2  20.8  22.2   MM   MM    MM
2026 09 01 04 00 120  1.0  1.0   0.2    MM    MM 251 1014.5  22.1  20.8  22.1   MM +0.7    MM
2026 09 01 03 30  MM  0.0  1.0   0.2    MM    MM 249 1014.5  22.5  20.8  22.5   MM   MM    MM
2026 09 01 03 00  MM  0.0  1.0   0.2    MM    MM 249 1014.4  22.5  20.9  22.5   MM +1.4    MM
2026 09 01 02 30 320  1.0  2.0   0.2    MM    MM 248 1014.6  22.4  20.9  22.4   MM   MM    MM
2026 09 01 02 00  20  2.0  2.0   0.2    MM    MM 248 1014.3  22.6  20.9  22.6   MM +1.3    MM
2026 09 01 01 30  70  2.0  2.0   0.2    MM    MM 250 1014.0  22.9  20.8  22.9   MM   MM    MM
2026 09 01 01 00 260  2.0  2.0   0.2    MM    MM 251 1013.8  23.3  20.8  23.3   MM +1.2    MM
2026 09 01 00 30 230  2.0  3.0   0.3     4    MM 250 1013.1  23.6  20.8  23.6   MM   MM    MM
2026 09 01 00 00 260  3.0  4.0   0.3     3    MM 251 1013.0  23.6  20.9  23.6   MM +0.7    MM
2026 08 31 21 30 240  4.0  5.0   0.3     3    MM 248 1012.5  24.9  21.0  23.2   MM   MM    MM
2026 08 31 21 00 240  4.0  6.0   0.3     3    MM 247 1012.3  25.1  20.9  23.0   MM -0.6    MM
2026 08 31 20 30 250  4.0  6.0   0.3     3    MM 249 1012.6  25.0  20.8  23.0   MM   MM    MM
2026 08 31 20 00 260  4.0  5.0   0.3     3    MM 250 1012.8  24.7  20.7  23.1   MM -1.0    MM
2026 08 31 19 30 260  4.0  5.0   0.3     2    MM 228 1012.7  25.2  20.7  22.6   MM   MM    MM
2026 08 31 19 00 250  6.0  6.0   0.3     2    MM 203 1012.7  25.5  20.7  22.5   MM -1.4    MM
2026 08 31 18 30 230  5.0  8.0   0.2    MM    MM 181 1013.0  25.1  20.7  23.7   MM   MM    MM
2026 08 31 18 00 230  5.0  7.0   0.2    MM    MM 166 1012.9  24.9  20.7  24.3   MM -2.0    MM
2026 08 31 17 30 210  5.0  6.0   0.3     2    MM 151 1013.2  23.8  20.6  23.8   MM   MM    MM
2026 08 31 17 00 200  5.0  6.0   0.2    MM    MM 141 1013.8  23.9  20.6  23.9   MM -2.6    MM
2026 08 31 16 30 180  5.0  6.0   0.3     2    MM 131 1013.7  23.7  20.5  23.7   MM   MM    MM
2026 08 31 16 00 170  5.0  8.0   0.4     2    MM 133 1014.1  23.1  20.5  23.1   MM -1.8    MM
2026 08 31 15 30 180  7.0 10.0   0.2    MM    MM 351 1014.6  22.7  20.5  22.7   MM   MM    MM
2026 08 31 15 00 150  5.0  5.0   0.2    MM    MM 351 1014.9  22.2  20.6  22.2   MM -1.1    MM
2026 08 31 14 30 140  4.0  5.0   0.2    MM    MM 312 1015.7  21.9  20.5  21.9   MM   MM    MM
2026 08 31 14 00  70  2.0  3.0   0.2    MM    MM 325 1016.4  21.8  20.5  21.8   MM +1.1    MM
2026 08 31 13 30 170  3.0  4.0   0.2    MM    MM 335 1016.1  21.8  20.5  21.8   MM   MM    MM
2026 08 31 13 00 160  3.0  4.0   0.2    MM    MM 347 1015.9  21.7  20.5  21.7   MM +0.4    MM
2026 08 31 12 30 220  1.0  2.0   0.2    MM    MM 359 1016.8  21.7  20.5  21.7   MM   MM    MM
2026 08 31 12 00 230  3.0  4.0   0.2    MM    MM 360 1016.0  21.5  20.5  21.5   MM -0.0    MM
2026 08 31 11 30 200  3.0  4.0   0.2    MM    MM   4 1015.2  21.6  20.5  21.6   MM   MM    MM
2026 08 31 11 00 190  4.0  5.0   0.2    MM    MM   8 1015.3  21.8  20.5  21.8   MM -1.0    MM
2026 08 31 10 30 160  3.0  4.0   0.2    MM    MM   5 1014.9  21.6  20.5  21.6   MM   MM    MM
2026 08 31 10 00 140  3.0  3.0   0.2    MM    MM   3 1015.5  21.8  20.5  21.8   MM -0.8    MM
2026 08 31 09 30 170  3.0  3.0   0.2    MM    MM   5 1016.0  21.7  20.5  21.7   MM   MM    MM
2026 08 31 09 00 140  2.0  3.0   0.2    MM    MM   2 1016.2  21.8  20.5  21.8   MM +0.0    MM
2026 08 31 08 30  80  1.0  1.0   0.2    MM    MM 350 1016.6  21.9  20.5  21.9   MM   MM    MM
2026 08 31 08 00 190  3.0  4.0   0.2    MM    MM 357 1016.3  21.8  20.5  21.8   MM +0.0    MM
2026 08 31 07 30 160  1.0  2.0   0.2    MM    MM 355 1016.3  21.7  20.5  21.7   MM   MM    MM
2026 08 31 07 00 200  2.0  2.0   0.2    MM    MM 357 1016.3  21.8  20.5  21.8   MM +0.0    MM
2026 08 31 06 30 150  1.0  2.0   0.2    MM    MM 358 1015.9  21.8  20.5  21.8   MM   MM    MM
2026 08 31 06 00 160  3.0  4.0   0.2    MM    MM   2 1016.2  21.8  20.5  21.8   MM +0.0    MM
2026 08 31 05 30 130  3.0  4.0   0.3     3    MM   7 1016.4  21.8  20.5  21.8   MM   MM    MM
2026 08 31 05 00 130  3.0  5.0   0.3     3    MM   6 1016.3  21.8  20.5  21.8   MM +0.0    MM
2026 08 31 04 30 130  3.0  4.0   0.3     3    MM  11 1016.1  21.9  20.6  21.9   MM   MM    MM
2026 08 31 04 00 100  4.0  6.0   0.2    MM    MM   5 1016.2  21.9  20.6  21.9   MM +0.5    MM
2026 08 31 03 30 130  3.0  4.0   0.1    MM    MM 295 1016.0  22.0  20.4  22.0   MM   MM    MM
2026 08 31 03 00 140  2.0  3.0   0.1    MM    MM 284 1016.3  22.1  20.5  22.1   MM +0.6    MM
2026 08 31 02 30  90  2.0  3.0   0.1    MM    MM 262 1016.6  22.1  20.5  22.1   MM   MM    MM
2026 08 31 02 00  80  3.0  3.0   0.1    MM    MM 261 1016.5  22.0  20.5  22.0   MM +0.5    MM
2026 08 31 01 30 120  1.0  2.0   0.1    MM    MM 257 1016.2  22.1  20.5  22.1   MM   MM    MM
2026 08 31 01 00  50  3.0  4.0   0.1    MM    MM 254 1015.7  21.8  20.5  21.8   MM -0.6    MM
2026 08 31 00 30  60  3.0  4.0   0.1    MM    MM 252 1015.9  22.0  20.5  22.0   MM   MM    MM
2026 08 31 00 00  60  3.0  4.0   0.1    MM    MM 251 1015.7  22.1  20.5  22.1   MM -0.7    MM
2026 08 30 23 30  60  1.0  2.0   0.1    MM    MM 250 1016.0  22.0  20.4  22.0   MM   MM    MM
2026 08 30 23 00  50  2.0  2.0   0.1    MM    MM 254 1016.0  22.1  20.4  22.1   MM +0.0    MM
2026 08 30 22 30  60  2.0  3.0   0.2    MM    MM 253 1015.8  22.1  20.5  22.1   MM   MM    MM
2026 08 30 22 00 100  1.0  2.0   0.2    MM    MM 254 1016.3  22.2  20.3  22.2   MM +0.4    MM
2026 08 30 21 30  60  1.0  2.0   0.2    MM    MM 257 1016.5  22.3  20.4  22.3   MM   MM    MM
2026 08 30 21 00  50  1.0  2.0   0.2    MM    MM 254 1016.4  22.4  20.4  22.4   MM +0.3    MM
2026 08 30 20 30  70  2.0  3.0   0.2    MM    MM 256 1016.1  22.1  20.5  22.1   MM   MM    MM
2026 08 30 20 00  20  3.0  3.0   0.2    MM    MM 255 1016.0  22.0  20.4  22.0   MM +0.0    MM
2026 08 30 19 30 360  2.0  2.0   0.2    MM    MM 253 1016.0  21.9  20.4  21.9   MM   MM    MM
2026 08 30 19 00  60  2.0  3.0   0.2    MM    MM 252 1015.9  22.3  20.4  22.3   MM -0.5    MM
2026 08 30 18 30  80  2.0  3.0   0.2    MM    MM 253 1015.9  22.5  20.4  22.5   MM   MM    MM
2026 08 30 18 00 170  1.0  2.0   0.2    MM    MM 248 1016.1  22.5  20.4  22.5   MM -0.4    MM
2026 08 30 17 30 210  2.0  3.0   0.2    MM    MM 246 1016.0  22.4  20.4  22.4   MM   MM    MM
2026 08 30 17 00 190  3.0  4.0   0.2    MM    MM 238 1016.2  22.2  20.4  22.2   MM -0.3    MM
2026 08 30 16 30 190  3.0  4.0   0.3     6    MM 239 1016.2  21.9  20.4  21.9   MM   MM    MM
2026 08 30 16 00 200  4.0  5.0   0.3     6    MM 238 1016.4  21.5  20.4  21.5   MM +0.0    MM
2026 08 30 15 30 210  4.0  5.0   0.3     6    MM 230 1016.5  21.0  20.3  21.0   MM   MM    MM
2026 08 30 15 00 190  5.0  6.0   0.3     2    MM 216 1016.5  20.6  20.3  20.6   MM +0.5    MM
2026 08 30 14 30 210  6.0  7.0   0.3     2    MM 206 1016.7  20.6  20.3  20.6   MM   MM    MM
2026 08 30 14 00 200  6.0  7.0   0.3     2    MM 204 1016.5  20.8  20.3  20.8   MM +0.8    MM
2026 08 30 13 30 200  5.0  7.0   0.3     2    MM 206 1016.3  20.7  20.3  20.7   MM   MM    MM
2026 08 30 13 00 200  7.0  8.0   0.3     2    MM 196 1016.2  20.7  20.3  20.7   MM +0.4    MM
2026 08 30 12 30 190  7.0  8.0   0.3     2    MM 191 1016.1  20.8  20.3  20.8   MM   MM    MM
2026 08 30 12 00 190  6.0  8.0   0.2    MM    MM 180 1016.0  20.8  20.3  20.8   MM -0.0    MM
2026 08 30 11 30 190  6.0  7.0   0.2    MM    MM 169 1015.9  20.6  20.2  20.6   MM   MM    MM
2026 08 30 11 00 190  5.0  7.0   0.2    MM    MM 155 1015.7  20.6  20.2  20.6   MM -1.3    MM
2026 08 30 10 30 190  5.0  7.0   0.2    MM    MM 158 1015.8  20.5  20.3  20.5   MM   MM    MM
2026 08 30 10 00 190  5.0  7.0   0.2    MM    MM 151 1015.8  20.4  20.4  20.4   MM -1.4    MM
2026 08 30 09 30 180  5.0  8.0   0.3     2    MM 150 1016.2  20.3  20.4  20.3   MM   MM    MM
2026 08 30 09 00 190  7.0  8.0   0.3     2    MM 149 1016.0  20.1  20.4  20.1   MM -2.7    MM
2026 08 30 08 30 190  5.0  7.0   0.3     2    MM 144 1016.6  20.0  20.3  20.0   MM   MM    MM
2026 08 30 08 00 190  5.0  7.0   0.4     2    MM 136 1017.0  19.8  20.3  19.8   MM -2.0    MM
2026 08 30 07 30 180  9.0 12.0   0.4     2    MM 135 1016.5  20.1  20.3  19.7   MM   MM    MM
2026 08 30 07 00 170  8.0 11.0   0.3     2    MM 125 1017.2  20.0  20.2  19.8   MM -2.3    MM
2026 08 30 06 30 180  6.0  8.0   0.3     2    MM 121 1018.1  19.9  20.3  19.9   MM   MM    MM
2026 08 30 06 00 170  6.0  7.0   0.3     2    MM 123 1018.7  19.8  20.3  19.8   MM -1.4    MM
2026 08 30 05 30 160  7.0  9.0   0.3     2    MM 122 1018.9  19.7  20.3  19.7   MM   MM    MM
2026 08 30 05 00 150  6.0  8.0   0.2    MM    MM 237 1019.0  19.7  20.3  19.7   MM -1.2    MM
2026 08 30 04 30 130  3.0  5.0   0.2    MM    MM 247 1019.5  19.4  20.3  19.4   MM   MM    MM
2026 08 30 04 00 150  4.0  5.0   0.2    MM    MM 247 1019.5  19.1  20.3  19.1   MM +0.0    MM
2026 08 30 03 30 130  3.0  4.0   0.2    MM    MM 248 1019.9  19.1  20.5  19.1   MM   MM    MM
2026 08 30 03 00 180  3.0  4.0   0.2    MM    MM 247 1020.1  19.1  20.5  19.1   MM +0.5    MM
2026 08 30 02 30 190  4.0  4.0   0.3     4    MM 247 1020.3  18.9  20.5  18.9   MM   MM    MM
2026 08 30 02 00 210  4.0  5.0   0.3     4    MM 246 1020.2  19.7  20.5  19.7   MM +0.7    MM
2026 08 30 01 30 220  4.0  5.0   0.2    MM    MM 245 1020.1  20.3  20.5  20.3   MM   MM    MM
2026 08 30 01 00 210  3.0  4.0   0.2    MM    MM 248 1019.7  20.8  20.5  20.8   MM +0.0    MM
2026 08 30 00 30 240  3.0  3.0   0.2    MM    MM 247 1019.5  20.9  20.5  20.9   MM   MM    MM
2026 08 30 00 00 240  3.0  4.0   0.2    MM    MM 247 1019.6  20.8  20.5  20.8   MM +0.4    MM
2026 08 29 23 30 220  2.0  3.0   0.3     4    MM 247 1019.6  20.9  20.5  20.9   MM   MM    MM
2026 08 29 23 00 240  3.0  4.0   0.3     3    MM 246 1019.5  20.8  20.5  20.8   MM -0.6    MM
2026 08 29 22 30 230  3.0  4.0   0.3     3    MM 248 1019.5  20.7  20.5  20.7   MM   MM    MM
2026 08 29 22 00 260  4.0  5.0   0.3     3    MM 248 1019.6  20.6  20.5  20.6   MM -0.6    MM
2026 08 29 21 30 260  5.0  6.0   0.3     3    MM 246 1019.6  20.9  20.5  20.9   MM   MM    MM
2026 08 29 21 00 250  6.0  8.0   0.4     3    MM 245 1019.2  21.0  20.5  21.0   MM -0.9    MM
2026 08 29 20 30 240  7.0 10.0   0.4     3    MM 247 1019.8  21.4  20.5  21.3   MM   MM    MM
2026 08 29 20 00 240  8.0 10.0   0.3     3    MM 246 1020.1  22.0  20.5  20.7   MM -0.4    MM
2026 08 29 19 30 250  5.0  6.0   0.3     2    MM 244 1020.3  22.5  20.4  20.4   MM   MM    MM
2026 08 29 19 00 260  5.0  7.0   0.3     3    MM 249 1020.2  22.7  20.4  19.8   MM -0.5    MM
2026 08 29 18 30 260  6.0  8.0   0.3     3    MM 248 1020.1  23.0  20.4  19.6   MM   MM    MM
2026 08 29 18 00 240  5.0  7.0   0.3     3    MM 248 1020.1  23.3  20.4  19.7   MM -0.6    MM
2026 08 29 17 30 250  5.0  7.0   0.3     3    MM 250 1020.3  23.2  20.4  19.4   MM   MM    MM
2026 08 29 17 00 240  6.0  8.0   0.4     3    MM 252 1020.5  23.0  20.4  18.9   MM -0.3    MM
2026 08 29 16 30 250  5.0  7.0   0.4     3    MM 250 1020.7  22.8  20.4  19.5   MM   MM    MM
2026 08 29 16 00 260  6.0  8.0   0.4     3    MM 250 1020.7  22.7  20.3  19.2   MM +0.0    MM
2026 08 29 15 30 260  6.0  8.0   0.4     3    MM 252 1020.8  22.4  20.4  20.3   MM   MM    MM
2026 08 29 15 00 250  7.0  8.0   0.3     2    MM 251 1020.7  22.4  20.4  20.1   MM +0.3    MM
2026 08 29 14 30 230  4.0  6.0   0.3     4    MM 251 1020.7  21.8  20.4  20.8   MM   MM    MM
2026 08 29 14 00 200  3.0  4.0   0.3     3    MM 245 1020.8  21.4  20.3  21.0   MM   MM    MM
2026 08 29 13 30 220  6.0  6.0   0.3     2    MM 247 1021.0  21.1  20.3  20.9   MM   MM    MM
2026 08 29 13 00 200  5.0  6.0   0.3     4    MM 236 1020.8  20.5  20.5  20.3   MM   MM    MM
2026 08 29 12 30 200  5.0  6.0   0.3     2    MM 237 1020.5  20.2  20.5  19.8   MM   MM    MM
2026 08 29 12 00 200  5.0  6.0   0.3     2    MM 234 1020.4  20.9  20.5  20.5   MM   MM    MM
2026 08 29 08 30 200  6.0  8.0   0.3     2    MM 212 1020.1  20.7  20.3  18.4   MM   MM    MM
2026 08 29 08 00 200  6.0  8.0   0.3     2    MM 210 1020.0  21.0  20.3  18.4   MM -0.6    MM
2026 08 29 07 30 200  6.0  7.0   0.3     2    MM 203 1020.2  20.9  20.3  18.5   MM   MM    MM
2026 08 29 07 00 200  6.0  7.0   0.3     2    MM 210 1020.3  20.8  20.4  18.9   MM -0.4    MM
2026 08 29 06 30 180  6.0  7.0   0.3     2    MM 223 1020.4  20.3  20.5  19.1   MM   MM    MM
2026 08 29 06 00 180  5.0  6.0   0.3     2    MM 231 1020.5  20.2  20.6  19.4   MM -0.6    MM
2026 08 29 05 30 190  5.0  7.0   0.2    MM    MM 241 1020.7  20.3  20.7  19.9   MM   MM    MM
2026 08 29 05 00 180  4.0  5.0   0.2    MM    MM 251 1020.6  20.5  20.7  20.5   MM -0.6    MM
2026 08 29 04 30 180  4.0  5.0   0.2    MM    MM 245 1020.8  20.3  20.7  20.3   MM   MM    MM
2026 08 29 04 00 200  4.0  5.0   0.2    MM    MM 251 1020.7  19.9  20.7  19.9   MM -0.4    MM
2026 08 29 03 30 190  3.0  4.0   0.2    MM    MM 253 1020.9  20.0  20.7  20.0   MM   MM    MM
2026 08 29 03 00 180  3.0  3.0   0.2    MM    MM 256 1021.1  19.9  20.7  19.9   MM +0.3    MM
2026 08 29 02 30 180  3.0  3.0   0.2    MM    MM 256 1021.3  19.8  20.8  19.8   MM   MM    MM
2026 08 29 02 00 180  2.0  3.0   0.2    MM    MM 265 1021.2  20.8  20.9  20.8   MM -0.0    MM
2026 08 29 01 30 180  2.0  3.0   0.2    MM    MM 256 1021.4  20.7  21.0  20.7   MM   MM    MM
2026 08 29 01 00 180  1.0  2.0   0.1    MM    MM 254 1021.1  20.8  21.1  20.8   MM -0.5    MM
2026 08 29 00 30  80  1.0  1.0   0.2    MM    MM 252 1021.0  21.4  21.2  20.5   MM   MM    MM
2026 08 29 00 00  MM  0.0  1.0   0.2    MM    MM 253 1020.8  23.6  21.1  21.3   MM -1.1    MM
2026 08 28 23 30  MM  0.0  1.0   0.2    MM    MM 255 1021.1  22.4  21.0  20.9   MM   MM    MM
2026 08 28 23 00 280  3.0  4.0   0.2    MM    MM 253 1021.2  21.9  20.9  20.4   MM -1.2    MM
2026 08 28 22 30 310  3.0  4.0   0.2    MM    MM 253 1021.6  21.6  21.0  19.8   MM   MM    MM
2026 08 28 22 00 300  3.0  3.0   0.2    MM    MM 253 1021.6  21.6  21.0  19.1   MM -1.3    MM
2026 08 28 21 30 290  3.0  4.0   0.2    MM    MM 276 1021.8  21.7  21.0  18.9   MM   MM    MM
2026 08 28 21 00 300  3.0  4.0   0.1    MM    MM 268 1021.9  21.6  21.1  18.3   MM -1.3    MM
2026 08 28 20 30 310  4.0  4.0   0.1    MM    MM 274 1022.1  21.7  21.1  17.5   MM   MM    MM
2026 08 28 20 00 330  3.0  3.0   0.1    MM    MM 285 1022.4  21.4  21.2  15.3   MM -1.3    MM
2026 08 28 19 30 310  3.0  4.0   0.1    MM    MM 278 1022.6  21.1  21.2  15.5   MM   MM    MM
2026 08 28 19 00  30  2.0  3.0   0.1    MM    MM 297 1022.9  20.8  21.1  16.2   MM -1.0    MM
2026 08 28 18 30 340  3.0  3.0   0.1    MM    MM 338 1023.1  20.5  21.0  16.0   MM   MM    MM
2026 08 28 18 00 360  2.0  3.0   0.1    MM    MM 347 1023.2  20.5  20.9  16.6   MM -0.8    MM
2026 08 28 17 30  10  2.0  3.0   0.1    MM    MM   1 1023.5  20.4  20.8  16.0   MM   MM    MM
2026 08 28 17 00 360  2.0  3.0   0.1    MM    MM 350 1023.7  20.2  20.8  16.2   MM -0.3    MM
2026 08 28 16 30 350  2.0  2.0   0.1    MM    MM 355 1023.9  20.5  20.8  16.5   MM   MM    MM
2026 08 28 16 00  10  1.0  1.0   0.1    MM    MM 351 1023.9  21.9  20.8  16.1   MM +0.0    MM
2026 08 28 15 30 210  2.0  2.0   0.1    MM    MM   5 1023.9  20.8  20.8  16.8   MM   MM    MM
2026 08 28 15 00 180  3.0  3.0   0.1    MM    MM  11 1024.0  20.0  20.8  16.7   MM +0.5    MM
2026 08 28 14 30 190  3.0  4.0   0.2    MM    MM  18 1024.1  19.4  20.7  16.7   MM   MM    MM
2026 08 28 14 00 160  3.0  5.0   0.2    MM    MM  18 1024.0  18.9  20.6  16.8   MM +0.8    MM
2026 08 28 13 30 180  3.0  5.0   0.1    MM    MM  13 1023.9  18.1  20.6  17.3   MM   MM    MM
2026 08 28 13 00 180  3.0  4.0   0.1    MM    MM   9 1024.0  18.0  20.5  17.7   MM +1.5    MM
2026 08 28 12 30 180  3.0  4.0   0.2    MM    MM   5 1023.6  17.8  20.5  17.7   MM   MM    MM
2026 08 28 12 00 190  2.0  2.0   0.2    MM    MM   6 1023.5  18.0  20.6  17.9   MM +1.1    MM
2026 08 28 11 30 120  2.0  3.0   0.2    MM    MM   5 1023.3  18.1  20.6  18.0   MM   MM    MM
2026 08 28 11 00 150  2.0  3.0   0.2    MM    MM   2 1023.2  17.9  20.7  17.7   MM +1.3    MM
2026 08 28 10 30 150  3.0  3.0   0.2    MM    MM 357 1023.0  17.9  20.7  17.6   MM   MM    MM
2026 08 28 10 00 130  3.0  3.0   0.2    MM    MM 357 1022.5  17.8  20.7  16.6   MM +0.8    MM
2026 08 28 09 30 120  2.0  3.0   0.2    MM    MM 348 1022.6  18.0  20.7  16.3   MM   MM    MM
2026 08 28 09 00 170  2.0  3.0   0.2    MM    MM 354 1022.4  18.2  20.7  16.7   MM +0.8    MM
2026 08 28 08 30 170  1.0  2.0   0.2    MM    MM 358 1022.1  18.5  20.7  17.0   MM   MM    MM
2026 08 28 08 00 180  2.0  3.0   0.2    MM    MM 355 1021.9  18.7  20.7  16.9   MM +0.9    MM
2026 08 28 07 30 160  1.0  2.0   0.3     3    MM 353 1021.9  17.9  20.7  17.1   MM   MM    MM
2026 08 28 07 00 180  1.0  2.0   0.3     3    MM 353 1021.7  18.2  20.7  17.3   MM +0.8    MM
2026 08 28 06 30 200  2.0  3.0   0.3     4    MM 352 1021.6  18.7  20.7  17.2   MM   MM    MM
2026 08 28 06 00 160  1.0  2.0   0.3     3    MM 354 1021.6  18.5  20.7  16.8   MM +0.9    MM
2026 08 28 05 30 180  2.0  2.0   0.3     4    MM 352 1021.3  18.8  20.7  16.9   MM   MM    MM
2026 08 28 05 00 150  1.0  1.0   0.3     4    MM 352 1021.0  18.5  20.7  16.7   MM +0.8    MM
2026 08 28 04 30 190  3.0  4.0   0.3     4    MM 344 1020.8  19.0  20.8  16.3   MM   MM    MM
2026 08 28 04 00 130  2.0  2.0   0.3     4    MM 344 1020.9  19.3  20.8  16.9   MM +1.1    MM
2026 08 28 03 30 110  3.0  3.0   0.3     4    MM 343 1021.0  19.8  20.8  16.7   MM   MM    MM
2026 08 28 03 00 110  2.0  3.0   0.3     4    MM 341 1020.7  19.8  20.8  16.7   MM +1.4    MM
2026 08 28 02 30  70  3.0  3.0   0.3     4    MM 340 1020.6  19.9  20.8  15.3   MM   MM    MM
2026 08 28 02 00 110  2.0  3.0   0.3     4    MM 343 1020.2  20.5  20.8  16.2   MM +0.8    MM
2026 08 28 01 30  90  2.0  2.0   0.3     4    MM 338 1020.0  20.5  20.8  15.0   MM   MM    MM
2026 08 28 01 00  60  2.0  3.0   0.3     4    MM 338 1019.8  20.5  20.9  14.8   MM +0.3    MM
2026 08 28 00 30  40  1.0  2.0   0.3     4    MM 335 1019.6  20.4  20.9  15.0   MM   MM    MM
2026 08 28 00 00  60  2.0  3.0   0.4     4    MM 339 1019.3  20.8  21.0  15.2   MM +0.0    MM
2026 08 27 23 30  50  2.0  2.0   0.4     4    MM 332 1019.5  20.9  21.0  15.5   MM   MM    MM
2026 08 27 23 00  50  2.0  4.0   0.4     4    MM 333 1019.4  20.7  21.0  15.7   MM +0.0    MM
2026 08 27 22 30  30  3.0  4.0   0.4     4    MM 332 1019.3  20.5  21.0  15.2   MM   MM    MM
2026 08 27 22 00 360  2.0  4.0   0.4     4    MM 333 1019.5  20.5  21.0  16.0   MM +0.4    MM
2026 08 27 21 30 360  3.0  4.0   0.4     4    MM 333 1019.4  20.2  21.0  15.7   MM   MM    MM
2026 08 27 21 00 350  4.0  5.0   0.5     4    MM 332 1019.3  20.2  21.0  15.6   MM +0.5    MM
2026 08 27 20 30 360  5.0  6.0   0.5     4    MM 334 1019.5  20.0  21.0  15.4   MM   MM    MM
2026 08 27 20 00 360  4.0  6.0   0.5     4    MM 332 1019.4  20.0  21.0  15.8   MM +0.9    MM
2026 08 27 19 30 350  5.0  6.0   0.6     4    MM 334 1019.2  19.9  20.9  16.0   MM   MM    MM
2026 08 27 19 00 350  5.0  6.0   0.6     5    MM 333 1019.1  19.6  20.9  15.7   MM +1.0    MM
2026 08 27 18 30 340  5.0  7.0   0.6     5    MM 331 1018.9  19.5  20.8  16.3   MM   MM    MM
2026 08 27 18 00 340  6.0  7.0   0.7     5    MM 328 1018.8  19.3  20.8  16.2   MM +1.4    MM
2026 08 27 17 30 340  5.0  6.0   0.8     5    MM 331 1018.6  19.0  20.6  16.6   MM   MM    MM
2026 08 27 17 00 350  5.0  6.0   0.8     5    MM 327 1018.5  18.7  20.5  16.8   MM +1.9    MM
2026 08 27 16 30 350  4.0  6.0   0.8     5    MM 325 1018.4  18.6  20.3  17.1   MM   MM    MM
2026 08 27 16 00 330  6.0  7.0   0.9     5    MM 326 1018.1  18.4  20.3  17.4   MM +1.9    MM
2026 08 27 15 30 340  5.0  8.0   0.8     4    MM 326 1017.9  18.3  20.3  17.3   MM   MM    MM
2026 08 27 15 00 330  7.0  9.0   0.8     4    MM 324 1017.4  18.3  20.3  17.0   MM +2.1    MM
2026 08 27 14 30 350  6.0  8.0   0.8     5    MM 327 1017.1  18.7  20.4  17.5   MM   MM    MM
2026 08 27 14 00 350  6.0  8.0   0.8     4    MM 322 1016.6  18.9  20.4  18.1   MM +2.0    MM
2026 08 27 13 30 350  7.0  9.0   0.8     4    MM 321 1016.3  19.1  20.4  18.5   MM   MM    MM
2026 08 27 13 00 330  8.0  9.0   0.8     4    MM 321 1016.2  19.3  20.4  18.7   MM +2.3    MM
2026 08 27 12 30 350  6.0  8.0   0.7     4    MM 320 1015.9  19.6  20.4  18.8   MM   MM    MM
2026 08 27 12 00 330  7.0  9.0   0.6     4    MM 320 1015.3  19.7  20.4  19.7   MM +1.8    MM
2026 08 27 11 30 310  7.0 11.0   0.5     4    MM 323 1014.9  20.0  20.4  19.9   MM   MM    MM
2026 08 27 11 00 300  6.0  7.0   0.6     4    MM 323 1014.6  19.9  20.4  19.9   MM +1.3    MM
2026 08 27 10 30 300  6.0  7.0   0.6     4    MM 324 1014.3  19.9  20.4  19.6   MM   MM    MM
2026 08 27 10 00 320  6.0  8.0   0.6     4    MM 327 1013.9  20.2  20.4  20.1   MM +0.8    MM
2026 08 27 09 30 320  7.0  9.0   0.5     3    MM 321 1013.8  20.1  20.4  20.1   MM   MM    MM
2026 08 27 09 00 330  8.0  9.0   0.5     3    MM 308 1013.5  20.2  20.3  20.2   MM +0.0    MM
2026 08 27 08 30 310  7.0  9.0   0.4     4    MM 308 1013.3  20.6  20.4  20.6   MM   MM    MM
2026 08 27 08 00 300  6.0  8.0   0.4     3    MM 302 1013.3  20.6  20.4  20.6   MM +0.0    MM
2026 08 27 07 30 300  7.0  7.0   0.3     3    MM 291 1013.2  20.8  20.5  20.8   MM   MM    MM
2026 08 27 07 00 280  6.0  7.0   0.3     3    MM 296 1013.1  20.8  20.5  20.8   MM +0.0    MM
2026 08 27 06 30 270  6.0  7.0   0.3     3    MM 292 1013.2  20.8  20.5  20.8   MM   MM    MM
2026 08 27 06 00 270  6.0  7.0   0.3     3    MM 296 1013.3  20.6  20.4  20.6   MM +0.0    MM
2026 08 27 05 30 280  5.0  6.0   0.3     3    MM 302 1013.3  20.7  20.5  20.7   MM   MM    MM
2026 08 27 05 00 290  5.0  6.0   0.3     3    MM 301 1013.2  20.7  20.5  20.7   MM +0.3    MM
2026 08 27 04 30 300  5.0  5.0   0.3     3    MM 299 1013.2  20.6  20.6  20.6   MM   MM    MM
2026 08 27 04 00 310  5.0  6.0   0.3     3    MM 298 1012.9  20.3  20.6  20.3   MM +0.5    MM
2026 08 27 03 30 310  2.0  3.0   0.3     3    MM 296 1012.9  20.0  20.6  20.0   MM   MM    MM
2026 08 27 03 00 340  2.0  3.0   0.3     2    MM 292 1013.1  19.8  20.6  19.8   MM +1.2    MM
2026 08 27 02 30 340  6.0  8.0   0.3     2    MM 284 1013.0  20.3  20.6  20.3   MM   MM    MM
2026 08 27 02 00 310  5.0  6.0   0.3     2    MM 283 1012.9  20.8  20.5  20.8   MM +1.2    MM
2026 08 27 01 30 310  4.0  5.0   0.3     2    MM 279 1012.8  20.7  20.5  20.7   MM   MM    MM
2026 08 27 01 00 310  5.0  6.0   0.3     3    MM 262 1012.4  20.7  20.5  20.7   MM   MM    MM
2026 08 27 00 30 290  4.0  5.0   0.3     2    MM 270 1012.0  20.8  20.5  20.8   MM   MM    MM
2026 08 27 00 00 290  3.0  4.0   0.3     3    MM 258 1011.9  20.7  20.5  20.7   MM +0.8    MM
2026 08 26 23 30 340  3.0  4.0   0.3     3    MM 251 1011.7  20.4  20.4  20.4   MM   MM    MM
2026 08 26 23 00 330  4.0  5.0   0.5     3    MM 251 1011.7  20.3  20.4  20.1   MM +0.5    MM
2026 08 26 22 30 260  8.0 10.0   0.4     3    MM 253 1011.3  21.8  20.5  20.5   MM   MM    MM
2026 08 26 21 00 260  8.0 10.0   0.5     3    MM 249 1011.1  22.5  20.6  19.8   MM -0.3    MM
2026 08 26 20 30 250  8.0 10.0   0.5     3    MM 249 1011.2  22.2  20.6  19.6   MM   MM    MM
2026 08 26 20 00 250  8.0  9.0   0.5     3    MM 253 1011.2  21.8  20.6  19.9   MM +0.0    MM
2026 08 26 19 30 250  7.0  9.0   0.5     6    MM 253 1011.0  21.8  20.6  20.3   MM   MM    MM
2026 08 26 19 00 250  7.0  8.0   0.6     3    MM 254 1011.2  21.5  20.6  20.9   MM +0.0    MM
2026 08 26 18 30 240  9.0 11.0   0.6     3    MM 256 1011.2  21.4  20.6  21.1   MM   MM    MM
2026 08 26 18 00 260  8.0 10.0   0.6     3    MM 253 1011.4  21.6  20.6  20.9   MM +0.0    MM
2026 08 26 17 30 260  8.0 10.0   0.6     3    MM 253 1011.3  21.5  20.5  20.9   MM   MM    MM
2026 08 26 17 00 250  8.0  9.0   0.5     3    MM 252 1011.3  21.8  20.5  21.3   MM -0.3    MM
2026 08 26 16 30 250  8.0 10.0   0.5     4    MM 253 1011.4  21.8  20.5  21.4   MM   MM    MM
2026 08 26 16 00 240  6.0  8.0   0.5     6    MM 252 1011.4  21.9  20.5  21.6   MM -0.5    MM
2026 08 26 15 30 240  8.0 10.0   0.5     6    MM 252 1011.4  21.6  20.5  21.6   MM   MM    MM
2026 08 26 15 00 220  7.0  8.0   0.5     6    MM 249 1011.4  21.3  20.5  21.3   MM -1.0    MM
2026 08 26 14 30 220  7.0  9.0   0.5     6    MM 246 1011.5  20.9  20.4  20.9   MM   MM    MM
2026 08 26 14 00 210  7.0  9.0   0.5     6    MM 238 1011.6  20.8  20.4  20.8   MM -1.3    MM
2026 08 26 13 30 210  8.0 10.0   0.5     5    MM 240 1011.7  20.7  20.4  20.7   MM   MM    MM
2026 08 26 13 00 200  8.0 10.0   0.5     5    MM 239 1011.9  20.3  20.4  20.3   MM -1.5    MM
2026 08 26 12 30 190  7.0  9.0   0.5     6    MM 238 1012.3  20.0  20.4  20.0   MM   MM    MM
2026 08 26 12 00 200  8.0  9.0   0.5     5    MM 241 1012.4  19.9  20.4  19.8   MM -1.8    MM
2026 08 26 11 30 200  7.0 10.0   0.4     5    MM 242 1012.9  20.5  20.5  18.3   MM   MM    MM
2026 08 26 11 00 200  8.0  9.0   0.4     5    MM 239 1012.9  20.3  20.5  17.8   MM -1.7    MM
2026 08 26 10 30 190  7.0  8.0   0.4     5    MM 239 1013.1  20.2  20.5  17.5   MM   MM    MM
2026 08 26 10 00 190  7.0  8.0   0.4     6    MM 234 1013.4  20.0  20.4  16.9   MM -1.9    MM
2026 08 26 09 30 180  7.0  8.0   0.4     6    MM 236 1013.4  20.0  20.3  16.7   MM   MM    MM
2026 08 26 09 00 190  7.0  8.0   0.4     6    MM 237 1014.2  20.0  20.3  16.2   MM -1.8    MM
2026 08 26 08 30 190  7.0  9.0   0.4     6    MM 224 1014.4  19.9  20.3  15.5   MM   MM    MM
2026 08 26 08 00 190  8.0  9.0   0.4     2    MM 226 1014.6  20.1  20.3  15.7   MM -2.0    MM
2026 08 26 07 30 200  7.0  8.0   0.4     5    MM 228 1015.0  20.1  20.3  15.6   MM   MM    MM
2026 08 26 07 00 190  7.0  9.0   0.4     6    MM 219 1015.3  19.8  20.4  15.7   MM -1.9    MM
2026 08 26 06 30 200  6.0  8.0   0.3     5    MM 239 1015.6  20.2  20.4  16.1   MM   MM    MM
2026 08 26 06 00 190  6.0  7.0   0.3     5    MM 242 1016.0  20.0  20.4  15.7   MM -1.3    MM
2026 08 26 05 30 200  5.0  8.0   0.3     5    MM 241 1016.3  20.1  20.4  15.9   MM   MM    MM
2026 08 26 05 00 210  5.0  6.0   0.3     5    MM 239 1016.6  20.4  20.4  16.0   MM -1.1    MM
2026 08 26 04 30 210  3.0  5.0   0.3     5    MM 233 1017.1  20.8  20.4  16.5   MM   MM    MM
2026 08 26 04 00 200  5.0  7.0   0.3     5    MM 238 1017.2  20.5  20.4  15.6   MM -0.8    MM
2026 08 26 03 30 200  6.0  7.0   0.3     4    MM 243 1017.0  20.5  20.4  16.5   MM   MM    MM
2026 08 26 03 00 180  5.0  6.0   0.3     4    MM 243 1017.3  20.5  20.4  16.3   MM -0.7    MM
2026 08 26 02 30 180  4.0  5.0   0.2    MM    MM 246 1017.5  20.5  20.4  16.4   MM   MM    MM
2026 08 26 02 00 190  3.0  4.0   0.2    MM    MM 247 1017.7  20.8  20.4  16.6   MM -0.7    MM
2026 08 26 01 30 190  4.0  4.0   0.2    MM    MM 246 1017.7  21.6  20.4  16.2   MM   MM    MM
2026 08 26 01 00 210  4.0  5.0   0.2    MM    MM 246 1018.0  21.9  20.4  16.7   MM -0.8    MM
2026 08 26 00 30 210  3.0  4.0   0.3     4    MM 249 1017.8  22.2  20.5  16.8   MM   MM    MM
2026 08 26 00 00 210  5.0  6.0   0.3     3    MM 250 1018.0  22.7  20.6  16.6   MM -0.8    MM
2026 08 25 23 30 230  4.0  5.0   0.4     4    MM 247 1018.2  22.9  20.7  17.2   MM   MM    MM
2026 08 25 23 00 240  6.0  8.0   0.4     4    MM 248 1018.4  22.9  20.8  16.5   MM -0.8    MM
2026 08 25 22 30 250  6.0  8.0   0.5     3    MM 253 1018.7  22.8  20.9  17.7   MM   MM    MM
2026 08 25 22 00 260  7.0  9.0   0.5     3    MM 256 1018.8  22.2  20.9  18.3   MM -1.2    MM
2026 08 25 21 30 260  7.0  9.0   0.5     3    MM 254 1018.6  22.5  20.9  17.7   MM   MM    MM
2026 08 25 21 00 260  8.0  9.0   0.4     3    MM 255 1018.8  22.1  21.0  17.6   MM -2.0    MM
2026 08 25 20 30 270  7.0  9.0   0.4     3    MM 253 1019.0  21.9  21.0  17.6   MM   MM    MM
2026 08 25 20 00 280  6.0  7.0   0.4     3    MM 251 1019.2  22.2  21.0  17.2   MM -2.0    MM
2026 08 25 19 30 270  6.0  7.0   0.4     3    MM 254 1019.7  21.8  20.9  18.4   MM   MM    MM
2026 08 25 19 00 270  6.0  7.0   0.4     3    MM 254 1020.0  21.7  20.8  18.3   MM -1.6    MM
2026 08 25 18 30 270  7.0  8.0   0.4     3    MM 256 1020.3  21.2  20.7  18.6   MM   MM    MM
2026 08 25 18 00 270  6.0  7.0   0.4     3    MM 257 1020.8  21.2  20.6  18.8   MM -1.0    MM
2026 08 25 17 30 260  6.0  7.0   0.3     3    MM 257 1021.1  21.2  20.6  19.0   MM   MM    MM
2026 08 25 17 00 280  5.0  6.0   0.3     3    MM 263 1021.2  21.5  20.7  18.8   MM -1.4    MM
2026 08 25 16 30 270  5.0  6.0   0.2    MM    MM 261 1021.4  21.8  20.6  18.1   MM   MM    MM
2026 08 25 16 00 270  4.0  5.0   0.1    MM    MM 286 1021.6  21.7  20.6  18.4   MM -0.9    MM
2026 08 25 15 30 240  2.0  3.0   0.1    MM    MM 334 1021.8  21.5  20.6  18.6   MM   MM    MM
2026 08 25 15 00 200  3.0  3.0   0.1    MM    MM 336 1021.8  20.9  20.5  18.2   MM -0.4    MM
2026 08 25 14 30 190  3.0  3.0   0.1    MM    MM 339 1022.1  19.8  20.5  17.6   MM   MM    MM
2026 08 25 14 00 180  3.0  4.0   0.1    MM    MM 342 1022.6  19.1  20.5  17.8   MM +1.1    MM
2026 08 25 13 30 180  3.0  4.0   0.1    MM    MM 340 1022.4  18.2  20.5  17.4   MM   MM    MM
2026 08 25 13 00 180  3.0  4.0   0.2    MM    MM 335 1022.5  17.9  20.5  17.5   MM +1.1    MM
2026 08 25 12 30 180  3.0  4.0   0.2    MM    MM 334 1022.1  17.6  20.5  17.5   MM   MM    MM
2026 08 25 12 00 190  3.0  4.0   0.2    MM    MM 339 1022.2  17.5  20.5  17.5   MM +0.7    MM
2026 08 25 11 30 190  3.0  4.0   0.2    MM    MM 341 1021.7  17.2  20.5  17.2   MM   MM    MM
2026 08 25 11 00 190  3.0  4.0   0.2    MM    MM 342 1021.5  17.4  20.5  17.4   MM +0.0    MM
2026 08 25 10 30 190  3.0  4.0   0.2    MM    MM 343 1021.2  17.6  20.5  17.6   MM   MM    MM
2026 08 25 10 00 200  3.0  4.0   0.2    MM    MM 338 1021.4  17.5  20.5  17.5   MM +0.0    MM
2026 08 25 09 30 200  2.0  3.0   0.2    MM    MM 337 1021.5  17.8  20.6  17.5   MM   MM    MM
2026 08 25 09 00 180  2.0  3.0   0.2    MM    MM 334 1021.5  18.2  20.6  17.7   MM +0.3    MM
2026 08 25 08 30 220  3.0  4.0   0.3     4    MM 336 1021.8  18.2  20.5  17.4   MM   MM    MM
2026 08 25 08 00 170  3.0  4.0   0.3     4    MM 337 1021.6  17.8  20.6  17.0   MM +0.6    MM
2026 08 25 07 30 210  2.0  4.0   0.3     4    MM 339 1021.3  19.5  20.6  17.4   MM   MM    MM
2026 08 25 07 00 100  1.0  2.0   0.4     4    MM 338 1021.4  19.5  20.6  16.5   MM +0.7    MM
2026 08 25 06 30  30  3.0  4.0   0.4     4    MM 336 1021.3  19.7  20.6  15.6   MM   MM    MM
2026 08 25 06 00  10  3.0  4.0   0.4     4    MM 339 1021.2  19.9  20.6  15.9   MM +0.3    MM
2026 08 25 05 30 350  3.0  4.0   0.4     4    MM 338 1021.2  19.8  20.6  16.0   MM   MM    MM
2026 08 25 05 00  30  1.0  2.0   0.5     4    MM 338 1021.0  19.9  20.6  16.5   MM +0.8    MM
2026 08 25 04 30  50  2.0  3.0   0.5     4    MM 335 1020.9  19.9  20.6  16.0   MM   MM    MM
2026 08 25 04 00  30  3.0  5.0   0.6     4    MM 335 1020.7  20.0  20.7  15.8   MM +0.5    MM
2026 08 25 03 30  50  5.0  6.0   0.6     4    MM 335 1020.7  20.1  20.7  15.7   MM   MM    MM
2026 08 25 03 00  40  5.0  6.0   0.6     4    MM 336 1020.9  20.2  20.7  16.3   MM +1.1    MM
2026 08 25 02 30  50  7.0  8.0   0.5     4    MM 336 1020.3  20.4  20.7  16.6   MM   MM    MM
2026 08 25 02 00  40  7.0  8.0   0.5     4    MM 335 1020.2  20.5  20.7  16.8   MM +0.3    MM
2026 08 25 01 30  20  5.0  7.0   0.6     4    MM 332 1020.5  20.7  20.7  17.1   MM   MM    MM
2026 08 25 01 00  10  6.0  7.0   0.6     4    MM 334 1020.2  20.8  20.8  16.8   MM +0.9    MM
2026 08 25 00 30 360  5.0  6.0   0.5     4    MM 331 1020.0  20.8  20.8  17.0   MM   MM    MM
2026 08 25 00 00 360  5.0  6.0   0.6     5    MM 332 1019.8  21.0  20.8  16.8   MM +0.8    MM
2026 08 24 23 30 330  5.0  7.0   0.7     5    MM 330 1019.9  21.1  20.9  16.6   MM   MM    MM
2026 08 24 23 00 330  6.0  7.0   0.6     5    MM 330 1019.9  21.2  20.9  17.0   MM +0.9    MM
2026 08 24 22 30 340  6.0  7.0   0.7     5    MM 332 1019.6  21.1  20.9  16.6   MM   MM    MM
2026 08 24 22 00 330  5.0  7.0   0.8     5    MM 331 1019.3  21.0  20.9  16.6   MM -0.0    MM
2026 08 24 21 30 330  5.0  7.0   0.8     5    MM 332 1019.3  20.8  20.9  16.4   MM   MM    MM
2026 08 24 21 00 330  7.0  8.0   0.8     5    MM 334 1019.0  20.7  21.0  16.5   MM -0.3    MM
2026 08 24 20 30 330  7.0  8.0   0.8     5    MM 334 1019.0  20.4  21.0  16.6   MM   MM    MM
2026 08 24 20 00 350  6.0  7.0   0.8     5    MM 331 1019.0  20.2  21.0  16.9   MM -0.5    MM
2026 08 24 19 30 350  4.0  6.0   0.9     5    MM 332 1019.1  19.9  21.0  16.8   MM   MM    MM
2026 08 24 19 00 340  4.0  5.0   0.9     5    MM 331 1019.2  19.9  21.0  17.0   MM   MM    MM
2026 08 24 18 30 320  6.0  8.0   0.9     5    MM 330 1019.2  19.8  20.9  16.8   MM   MM    MM
2026 08 24 18 00 340  6.0  9.0   1.0     5    MM 331 1019.3  19.5  20.9  16.6   MM +0.7    MM
2026 08 24 17 30 340  5.0  8.0   0.9     5    MM 327 1019.4  19.2  20.9  16.5   MM   MM    MM
2026 08 24 17 00 330  6.0  7.0   1.0     5    MM 333 1019.5  18.7  20.9  16.1   MM +1.5    MM
2026 08 24 16 30 320  6.0  8.0   0.9     5    MM 330 1019.5  18.5  20.9  16.4   MM   MM    MM
2026 08 24 15 30 310  7.0  9.0   1.1     5    MM 323 1019.0  18.5  20.9  16.5   MM   MM    MM
2026 08 24 15 00 310  7.0  9.0   1.1     5    MM 330 1018.6  18.3  20.9  16.4   MM +1.3    MM
2026 08 24 14 30 300  8.0 10.0   1.1     4    MM 329 1018.3  18.0  20.9  16.4   MM   MM    MM
2026 08 24 14 00 300  9.0 12.0   1.1     5    MM 330 1018.0  17.9  20.9  16.4   MM +1.3    MM
2026 08 24 13 30 310  9.0 12.0   1.1     5    MM 337 1017.7  18.1  20.9  16.1   MM   MM    MM
2026 08 24 13 00 300  9.0 11.0   1.1     5    MM 336 1017.4  17.9  21.0  16.1   MM +0.7    MM
2026 08 24 12 30 300  8.0 11.0   1.0     5    MM 335 1017.2  17.8  21.0  16.1   MM   MM    MM
2026 08 24 12 00 300  8.0 11.0   1.0     5    MM 338 1017.3  17.5  21.0  15.8   MM +0.7    MM
2026 08 24 11 30 290  8.0 11.0   1.0     5    MM 340 1016.8  17.5  21.0  15.5   MM   MM    MM
2026 08 24 11 00 310  8.0 10.0   1.1     5    MM 339 1016.7  17.8  21.0  15.6   MM +0.3    MM
2026 08 24 10 30 300  7.0 11.0   1.1     5    MM 336 1016.7  17.5  21.0  15.3   MM   MM    MM
2026 08 24 10 00 320  9.0 12.0   1.1     5    MM 333 1016.7  17.7  21.0  15.0   MM +0.4    MM
2026 08 24 09 30 330  9.0 12.0   1.2     5    MM 338 1016.7  17.8  21.0  14.9   MM   MM    MM
2026 08 24 09 00 320  9.0 12.0   1.1     6    MM 333 1016.6  17.9  21.0  15.1   MM -0.0    MM
2026 08 24 08 30 330  9.0 11.0   1.2     6    MM 338 1016.6  17.9  21.1  15.2   MM   MM    MM
2026 08 24 08 00 330  9.0 12.0   1.2     6    MM 334 1016.4  17.7  21.1  15.1   MM -0.7    MM
2026 08 24 07 30 360  8.0 11.0   1.3     6    MM 332 1016.3  17.8  21.1  15.0   MM   MM    MM
2026 08 24 07 00 330  9.0 12.0   1.3     6    MM 336 1016.3  17.8  21.1  14.9   MM -1.0    MM
2026 08 24 06 30 340 10.0 13.0   1.3     5    MM 334 1016.7  17.8  21.1  14.9   MM   MM    MM
2026 08 24 06 00 330  9.0 13.0   1.4     6    MM 331 1016.7  17.9  21.2  14.9   MM -0.9    MM
2026 08 24 05 30 330 10.0 13.0   1.4     6    MM 332 1017.2  17.9  21.2  15.1   MM   MM    MM
2026 08 24 05 00 340 10.0 13.0   1.4     6    MM 332 1017.1  17.8  21.2  15.1   MM -0.5    MM
2026 08 24 04 30 320 10.0 12.0   1.4     5    MM 335 1017.2  18.0  21.3  15.1   MM   MM    MM
2026 08 24 04 00 300 11.0 13.0   1.4     5    MM 334 1017.3  18.0  21.3  15.0   MM -0.3    MM
2026 08 24 03 30 330  9.0 12.0   1.3     6    MM 336 1017.5  18.2  21.3  15.2   MM   MM    MM
2026 08 24 03 00 330  9.0 12.0   1.3     6    MM 337 1017.6  18.2  21.3  14.8   MM +0.6    MM
2026 08 24 02 30 310 10.0 14.0   1.3     6    MM 335 1017.6  18.4  21.3  14.6   MM   MM    MM
2026 08 24 02 00 330  9.0 12.0   1.4     6    MM 337 1017.6  18.4  21.4  14.4   MM +0.4    MM
2026 08 24 01 30 320  9.0 12.0   1.3     5    MM 334 1017.6  18.3  21.4  14.2   MM   MM    MM
2026 08 24 01 00 310 10.0 13.0   1.4     6    MM 333 1017.6  18.2  21.4  13.8   MM +0.3    MM
2026 08 24 00 30 300 10.0 14.0   1.3     6    MM 330 1017.2  18.6  21.4  14.0   MM   MM    MM
2026 08 24 00 00 330 10.0 13.0   1.2     6    MM 330 1017.0  18.6  21.4  14.4   MM +0.0    MM
2026 08 23 23 30 330 10.0 13.0   1.3     6    MM 333 1017.0  18.5  21.5  14.4   MM   MM    MM
2026 08 23 23 00 330  9.0 13.0   1.4     6    MM 332 1017.2  18.5  21.5  14.2   MM +0.0    MM
2026 08 23 22 30 330  9.0 12.0   1.4     6    MM 336 1017.3  18.3  21.5  14.0   MM   MM    MM
2026 08 23 22 00 350 10.0 12.0   1.4     6    MM 334 1017.3  18.3  21.6  14.5   MM +0.3    MM
2026 08 23 21 30 300 11.0 14.0   1.5     6    MM 337 1017.2  18.3  21.6  14.1   MM   MM    MM
2026 08 23 21 00 310 10.0 14.0   1.3     6    MM 332 1017.1  18.2  21.6  14.5   MM +0.0    MM
2026 08 23 20 30 310 12.0 14.0   1.5     6    MM 332 1017.2  18.2  21.6  13.9   MM   MM    MM
2026 08 23 20 00 320 11.0 14.0   1.4     6    MM 334 1017.3  18.4  21.6  14.0   MM +0.4    MM
2026 08 23 19 30 330 11.0 15.0   1.4     5    MM 335 1017.1  18.5  21.6  14.2   MM   MM    MM
2026 08 23 19 00 330 11.0 14.0   1.2     5    MM 333 1017.0  18.3  21.6  14.1   MM +0.0    MM
2026 08 23 18 30 340 10.0 13.0   1.2     5    MM 334 1017.0  18.3  21.6  14.5   MM   MM    MM
2026 08 23 18 00 350  8.0 10.0   1.2     5    MM 335 1016.9  18.3  21.6  14.1   MM +0.0    MM
2026 08 23 17 30 340  9.0 11.0   1.1     5    MM 332 1017.0  18.5  21.6  14.6   MM   MM    MM
2026 08 23 17 00 350  9.0 11.0   1.1     5    MM 333 1016.9  18.4  21.6  14.6   MM +0.0    MM
2026 08 23 16 30 340 11.0 14.0   1.1     5    MM 332 1016.9  18.5  21.6  15.1   MM   MM    MM
2026 08 23 16 00 330  8.0 11.0   1.0     5    MM 334 1017.1  18.5  21.6  15.7   MM +0.5    MM
2026 08 23 15 30 340  9.0 11.0   1.0     5    MM 334 1017.2  18.5  21.5  15.8   MM   MM    MM
2026 08 23 15 00 350  8.0 10.0   1.1     5    MM 333 1017.1  18.3  21.5  15.6   MM +0.6    MM
2026 08 23 14 30 360  9.0 11.0   1.1     5    MM 331 1017.1  18.5  21.5  16.0   MM   MM    MM
2026 08 23 14 00 360  8.0 11.0   1.2     6    MM 330 1016.8  18.7  21.4  16.7   MM +0.9    MM
2026 08 23 13 30 340 10.0 13.0   1.2     5    MM 327 1016.6  18.7  21.4  16.7   MM   MM    MM
2026 08 23 13 00 350  9.0 11.0   1.2     6    MM 329 1016.6  18.8  21.4  16.7   MM   MM    MM
2026 08 23 12 30 340 10.0 12.0   1.2     6    MM 325 1016.5  18.8  21.4  16.7   MM   MM    MM
2026 08 23 12 00 350  9.0 11.0   1.2     5    MM 327 1016.5  18.9  21.4  17.6   MM   MM    MM
2026 08 23 11 30 330  9.0 12.0   1.3     5    MM 325 1016.1  18.9  21.4  17.5   MM   MM    MM
2026 08 23 11 00 340  9.0 12.0   1.2     6    MM 325 1015.9  19.1  21.4  17.5   MM   MM    MM
2026 08 23 10 30 350  9.0 11.0   1.3     6    MM 324 1015.7  19.0  21.4  17.4   MM   MM    MM
2026 08 23 01 30 340 11.0 14.0   1.2     5    MM 338 1015.5  20.9  21.8  17.6   MM   MM    MM
2026 08 23 01 00 340 10.0 13.0   1.0     4    MM 339 1015.1  21.1  21.8  18.1   MM +1.1    MM
2026 08 23 00 30 340 11.0 13.0   0.9     4    MM 342 1014.8  21.1  21.8  17.8   MM   MM    MM
2026 08 23 00 00 350 10.0 12.0   0.8     4    MM 337 1014.4  21.4  21.9  18.7   MM +0.3    MM
2026 08 22 23 30 340 10.0 12.0   0.6     4    MM 335 1014.4  21.6  21.9  18.9   MM   MM    MM
2026 08 22 23 00 320  6.0  8.0   0.6     4    MM 337 1014.4  21.2  21.9  19.0   MM -0.0    MM
2026 08 22 22 30 310  5.0  7.0   0.6     4    MM 333 1014.3  20.7  21.9  18.6   MM   MM    MM
2026 08 22 22 00 350  7.0  8.0   0.6     4    MM 338 1014.0  20.2  21.9  18.3   MM -0.4    MM
2026 08 22 21 30 340  7.0  8.0   0.6     4    MM 334 1014.0  19.7  22.0  18.1   MM   MM    MM
2026 08 22 21 00 320  5.0  7.0   0.6     4    MM 334 1014.1  20.9  22.0  19.2   MM -0.4    MM
2026 08 22 20 30 310  6.0  7.0   0.6     4    MM 329 1014.3  20.6  22.0  18.1   MM   MM    MM
2026 08 22 20 00 330  7.0  9.0   0.6     4    MM 330 1014.2  20.4  22.0  19.3   MM +0.0    MM
2026 08 22 19 30 280  6.0  8.0   0.6     4    MM 334 1014.1  21.3  22.1  19.9   MM   MM    MM
2026 08 22 19 00 340  5.0  6.0   0.6     4    MM 335 1014.4  21.1  22.0  18.7   MM +0.3    MM
2026 08 22 18 30 350  6.0  7.0   0.6     4    MM 331 1014.4  20.8  22.0  19.1   MM   MM    MM
2026 08 22 18 00 320  5.0  7.0   0.6     4    MM 331 1014.5  20.5  22.0  18.9   MM +0.5    MM
2026 08 22 17 30 340  4.0  5.0   0.7     5    MM 328 1014.3  20.6  21.9  19.0   MM   MM    MM
2026 08 22 17 00 350  4.0  6.0   0.7     4    MM 329 1014.1  20.3  21.9  18.8   MM +0.5    MM
2026 08 22 16 30 350  5.0  7.0   0.8     4    MM 327 1014.0  20.3  21.9  19.0   MM   MM    MM
2026 08 22 16 00  20  5.0  7.0   0.8     5    MM 329 1014.1  20.2  21.8  18.6   MM -0.0    MM
2026 08 22 15 30 360  6.0  8.0   0.9     5    MM 324 1014.0  20.1  21.8  19.1   MM   MM    MM
2026 08 22 15 00  10  6.0  8.0   0.8     4    MM 327 1014.0  20.2  21.8  19.7   MM +0.4    MM
2026 08 22 14 30  10  7.0  8.0   0.9     4    MM 324 1013.9  20.2  21.8  19.9   MM   MM    MM
2026 08 22 14 00 360  8.0 10.0   0.9     4    MM 324 1013.6  20.1  21.8  20.0   MM +0.9    MM
2026 08 22 13 30  20  8.0 10.0   0.9     4    MM 328 1013.8  20.1  21.7  20.1   MM   MM    MM
2026 08 22 13 00  10  8.0 10.0   0.8     4    MM 325 1013.9  20.1  21.7  20.1   MM +0.9    MM
2026 08 22 12 30 360  8.0 10.0   0.6     3    MM 324 1013.5  20.2  21.8  20.2   MM   MM    MM
2026 08 22 12 00  10  8.0  9.0   0.6     3    MM 330 1013.6  20.2  21.8  20.2   MM +0.5    MM
2026 08 22 11 30  10  9.0 10.0   0.3     4    MM 276 1013.0  20.2  21.8  20.2   MM   MM    MM
2026 08 22 11 00  30  5.0  7.0   0.3     4    MM 255 1012.7  20.9  21.9  20.9   MM -0.9    MM
2026 08 22 10 30 330  4.0  5.0   0.3     4    MM 250 1012.6  21.3  21.9  21.3   MM   MM    MM
2026 08 22 10 00 240  2.0  3.0   0.3     4    MM 250 1013.0  20.8  21.9  20.8   MM -0.7    MM
2026 08 22 09 30 180  3.0  3.0   0.3     4    MM 250 1013.0  20.8  21.9  20.8   MM   MM    MM
2026 08 22 09 00 180  2.0  3.0   0.3     5    MM 251 1013.1  20.6  21.9  20.6   MM -1.1    MM
2026 08 22 08 30 190  3.0  4.0   0.3     4    MM 253 1013.4  20.7  21.9  20.7   MM   MM    MM
2026 08 22 08 00 190  2.0  3.0   0.3     5    MM 252 1013.6  20.8  22.0  20.8   MM -0.9    MM
2026 08 22 07 30 190  2.0  3.0   0.3     4    MM 252 1013.5  20.9  22.0  20.9   MM   MM    MM
2026 08 22 07 00 180  4.0  5.0   0.3     5    MM 251 1013.7  20.8  22.0  20.8   MM -1.2    MM
2026 08 22 06 30 200  4.0  5.0   0.3     5    MM 251 1014.0  21.1  22.0  21.1   MM   MM    MM
2026 08 22 06 00 180  4.0  5.0   0.3     4    MM 250 1014.2  21.1  22.0  20.8   MM -1.0    MM
2026 08 22 05 30 200  4.0  5.0   0.4     5    MM 249 1014.3  21.5  22.1  20.8   MM   MM    MM
2026 08 22 05 00 190  4.0  5.0   0.3     5    MM 250 1014.5  21.5  22.1  20.6   MM -0.8    MM
2026 08 22 04 30 190  4.0  5.0   0.3     5    MM 251 1014.7  21.5  22.1  20.2   MM   MM    MM
2026 08 22 04 00 200  4.0  5.0   0.3     3    MM 252 1014.9  21.6  22.1  20.2   MM +0.0    MM
2026 08 22 03 30 180  3.0  3.0   0.3     3    MM 253 1015.1  21.8  22.1  20.0   MM   MM    MM
2026 08 22 03 00 180  2.0  3.0   0.3     4    MM 255 1015.2  22.3  22.1  19.9   MM +0.3    MM
2026 08 22 02 30 230  2.0  4.0   0.3     5    MM 253 1015.2  22.3  22.1  19.5   MM   MM    MM
2026 08 22 02 00 240  3.0  4.0   0.3     5    MM 253 1015.3  22.4  22.1  19.5   MM -0.0    MM
2026 08 22 01 30 240  4.0  5.0   0.3     4    MM 250 1015.2  22.6  22.1  19.2   MM   MM    MM
2026 08 22 01 00 240  4.0  4.0   0.3     4    MM 249 1015.0  22.8  22.1  19.5   MM -0.9    MM
2026 08 22 00 30 210  4.0  5.0   0.4     4    MM 250 1014.6  22.9  22.1  19.7   MM   MM    MM
2026 08 22 00 00 220  4.0  5.0   0.4     5    MM 251 1014.9  23.1  22.1  19.6   MM -1.4    MM
2026 08 21 23 30 220  5.0  6.0   0.3     5    MM 250 1015.0  23.1  22.1  19.8   MM   MM    MM
2026 08 21 23 00 220  3.0  4.0   0.4     5    MM 253 1015.2  23.1  22.1  20.0   MM -1.5    MM
2026 08 21 22 30 250  4.0  5.0   0.5     5    MM 252 1015.7  23.0  22.2  20.3   MM   MM    MM
2026 08 21 22 00 270  4.0  6.0   0.4     5    MM 252 1015.9  22.7  22.2  20.4   MM -1.3    MM
2026 08 21 21 30 240  3.0  4.0   0.4     4    MM 251 1016.0  23.2  22.1  20.3   MM   MM    MM
2026 08 21 21 00 250  4.0  5.0   0.5     4    MM 252 1016.3  23.0  22.2  20.4   MM -1.2    MM
2026 08 21 20 30 250  3.0  4.0   0.5     3    MM 252 1016.5  22.7  22.1  20.8   MM   MM    MM
2026 08 21 20 00 270  4.0  6.0   0.5     4    MM 252 1016.7  22.5  22.2  20.9   MM -1.1    MM
2026 08 21 19 30 250  4.0  5.0   0.4     4    MM 250 1017.0  23.3  22.2  19.6   MM   MM    MM
2026 08 21 19 00 230  3.0  4.0   0.4     4    MM 248 1017.2  23.4  22.2  19.4   MM -0.9    MM
2026 08 21 18 30 230  4.0  5.0   0.3     4    MM 248 1017.4  23.0  22.2  19.4   MM   MM    MM
2026 08 21 18 00 230  2.0  5.0   0.3     4    MM 248 1017.5  22.9  22.2  19.8   MM -0.8    MM
2026 08 21 17 30 210  2.0  2.0   0.3     4    MM 249 1017.7  22.4  22.1  20.0   MM   MM    MM
2026 08 21 17 00 180  4.0  4.0   0.3     4    MM 236 1017.8  21.7  22.1  19.7   MM -0.4    MM
2026 08 21 16 30 180  5.0  7.0   0.3     4    MM 230 1017.9  21.4  22.1  19.9   MM   MM    MM
2026 08 21 16 00 190  6.0  8.0   0.3     4    MM 236 1018.1  21.3  22.1  19.2   MM -1.1    MM
2026 08 21 15 30 180  5.0  6.0   0.3     3    MM 238 1018.4  21.1  22.1  18.7   MM   MM    MM
2026 08 21 15 00 180  5.0  6.0   0.4     4    MM 233 1018.3  20.9  22.1  18.4   MM -0.9    MM
2026 08 21 14 30 180  5.0  6.0   0.3     4    MM 231 1018.2  20.3  22.1  18.5   MM   MM    MM
2026 08 21 14 00 180  6.0  8.0   0.3     4    MM 223 1018.2  20.4  22.1  17.6   MM -1.0    MM
2026 08 21 13 30 200  6.0  8.0   0.3     3    MM 221 1018.9  20.0  22.1  17.2   MM   MM    MM
2026 08 21 13 00 190  5.0  7.0   0.3     2    MM 207 1019.2  20.5  22.1  17.3   MM +0.0    MM
2026 08 21 12 30 190  6.0  8.0   0.3     2    MM 198 1019.3  20.6  22.1  16.8   MM   MM    MM
2026 08 21 12 00 190  7.0  8.0   0.3     2    MM 216 1019.2  20.4  22.1  16.5   MM +0.0    MM
2026 08 21 11 30 190  6.0  7.0   0.3     2    MM 213 1019.1  20.4  22.0  16.8   MM   MM    MM
2026 08 21 11 00 190  6.0  8.0   0.3     2    MM 199 1019.2  20.3  22.0  16.7   MM +0.0    MM
2026 08 21 10 30 190  7.0  8.0   0.3     2    MM 204 1019.3  20.1  22.0  17.0   MM   MM    MM
2026 08 21 10 00 190  6.0  8.0   0.2    MM    MM 219 1019.4  20.4  22.0  16.8   MM -0.0    MM
2026 08 21 09 30 200  5.0  6.0   0.2    MM    MM 200 1019.3  20.2  22.1  16.9   MM   MM    MM
2026 08 21 09 00 190  6.0  7.0   0.2    MM    MM 181 1019.3  20.0  22.1  17.0   MM -1.0    MM
2026 08 21 08 30 190  6.0  7.0   0.2    MM    MM 186 1019.3  20.1  22.2  16.7   MM   MM    MM
2026 08 21 08 00 180  6.0  8.0   0.3     2    MM 175 1019.3  20.1  22.2  16.7   MM -0.8    MM
2026 08 21 07 30 190  5.0  7.0   0.3     2    MM 174 1019.8  20.3  22.3  16.8   MM   MM    MM
2026 08 21 07 00 190  6.0  7.0   0.2    MM    MM 183 1019.6  20.6  22.3  16.8   MM -0.6    MM
2026 08 21 06 30 190  7.0  8.0   0.2    MM    MM 184 1019.9  20.5  22.3  16.5   MM   MM    MM
2026 08 21 06 00 180  6.0  7.0   0.2    MM    MM 178 1020.3  20.2  22.3  16.4   MM +0.0    MM
2026 08 21 05 30 180  5.0  7.0   0.2    MM    MM 179 1020.3  20.1  22.3  17.0   MM   MM    MM
2026 08 21 05 00 180  5.0  5.0   0.1    MM    MM 199 1020.1  20.6  22.3  17.6   MM +0.0    MM
2026 08 21 04 30 180  4.0  5.0   0.1    MM    MM 194 1020.2  20.8  22.3  18.4   MM   MM    MM
2026 08 21 04 00 200  4.0  5.0   0.1    MM    MM 243 1020.2  20.8  22.3  18.2   MM +0.0    MM
2026 08 21 03 30 190  3.0  4.0   0.1    MM    MM 254 1020.1  21.1  22.3  18.3   MM   MM    MM
2026 08 21 03 00 220  2.0  3.0   0.1    MM    MM 275 1020.1  21.2  22.4  17.7   MM +0.4    MM
2026 08 21 02 30 170  2.0  3.0   0.1    MM    MM 253 1020.2  21.4  22.4  17.5   MM   MM    MM
2026 08 21 02 00 190  2.0  3.0   0.1    MM    MM 255 1020.1  22.0  22.4  18.3   MM -0.0    MM
2026 08 21 01 30 150  2.0  3.0   0.1    MM    MM 254 1020.1  22.0  22.4  18.6   MM   MM    MM
2026 08 21 01 00 150  3.0  3.0   0.1    MM    MM 260 1020.0  22.4  22.4  18.1   MM -0.0    MM
2026 08 21 00 30  MM  0.0  1.0   0.1    MM    MM 261 1019.8  22.5  22.4  16.8   MM   MM    MM
2026 08 21 00 00  MM  0.0  0.0   0.1    MM    MM 264 1019.7  23.2  22.4  17.3   MM -0.3    MM
2026 08 20 23 30 280  1.0  1.0   0.1    MM    MM 263 1019.9  23.0  22.4  18.3   MM   MM    MM
2026 08 20 23 00 280  2.0  3.0   0.2    MM    MM 262 1020.0  22.5  22.4  18.6   MM -0.3    MM
2026 08 20 22 30 280  2.0  3.0   0.2    MM    MM 258 1020.1  22.5  22.5  18.8   MM   MM    MM
2026 08 20 22 00 290  3.0  4.0   0.2    MM    MM 258 1020.1  22.4  22.5  18.4   MM -0.6    MM
2026 08 20 21 30 280  4.0  5.0   0.2    MM    MM 260 1020.0  22.2  22.4  18.5   MM   MM    MM
2026 08 20 21 00 290  5.0  6.0   0.2    MM    MM 260 1020.0  22.2  22.5  18.2   MM -0.8    MM
2026 08 20 20 30 290  5.0  5.0   0.2    MM    MM 261 1020.0  22.0  22.4  18.0   MM   MM    MM
2026 08 20 20 00 280  4.0  5.0   0.2    MM    MM 266 1020.3  22.1  22.4  17.7   MM -0.7    MM
2026 08 20 19 30 290  4.0  5.0   0.2    MM    MM 272 1020.4  22.2  22.4  16.9   MM   MM    MM
2026 08 20 19 00 280  4.0  5.0   0.2    MM    MM 259 1020.7  22.2  22.4  14.7   MM -0.3    MM
2026 08 20 18 30 290  5.0  6.0   0.2    MM    MM 264 1020.8  22.0  22.4  15.6   MM   MM    MM
2026 08 20 18 00 300  4.0  5.0   0.2    MM    MM 264 1020.8  22.0  22.4  16.0   MM +0.0    MM
2026 08 20 17 30 290  3.0  4.0   0.1    MM    MM 288 1021.0  21.8  22.4  16.0   MM   MM    MM
2026 08 20 17 00 310  3.0  4.0   0.1    MM    MM 282 1021.0  21.5  22.3  16.4   MM +0.7    MM
2026 08 20 16 30 310  3.0  4.0   0.1    MM    MM 301 1021.1  21.3  22.3  16.9   MM   MM    MM
2026 08 20 16 00 300  2.0  3.0   0.1    MM    MM 286 1021.0  21.7  22.3  17.3   MM +1.1    MM
2026 08 20 15 30 220  1.0  2.0   0.1    MM    MM 279 1020.9  22.1  22.3  15.9   MM   MM    MM
2026 08 20 15 00 220  2.0  3.0   0.1    MM    MM 279 1020.8  21.5  22.2  16.8   MM +1.0    MM
2026 08 20 14 30 210  2.0  3.0   0.1    MM    MM 275 1020.6  20.7  22.2  16.1   MM   MM    MM
2026 08 20 14 00 200  3.0  4.0   0.1    MM    MM 287 1020.3  19.9  22.1  15.9   MM +1.1    MM
2026 08 20 13 30 190  4.0  4.0   0.2    MM    MM 307 1020.3  19.1  22.1  15.4   MM   MM    MM
2026 08 20 13 00 200  3.0  4.0   0.2    MM    MM 339 1019.9  18.6  22.1  15.3   MM +1.1    MM
2026 08 20 12 30 210  3.0  4.0   0.2    MM    MM 341 1019.9  18.2  22.1  15.4   MM   MM    MM
2026 08 20 12 00 200  3.0  4.0   0.2    MM    MM 344 1019.8  18.3  22.1  15.2   MM +1.3    MM
2026 08 20 11 30 200  3.0  4.0   0.2    MM    MM 350 1019.4  18.0  22.1  15.1   MM   MM    MM
2026 08 20 11 00 200  4.0  5.0   0.2    MM    MM 348 1019.2  18.3  22.1  15.5   MM +0.6    MM
2026 08 20 10 30 190  3.0  4.0   0.3     3    MM 350 1019.0  17.9  22.1  15.5   MM   MM    MM
2026 08 20 10 00 190  4.0  5.0   0.2    MM    MM 347 1018.8  18.0  22.1  15.6   MM +0.3    MM
2026 08 20 09 30 200  4.0  5.0   0.2    MM    MM 352 1018.6  18.5  22.2  16.2   MM   MM    MM
2026 08 20 09 00 200  3.0  3.0   0.2    MM    MM 356 1018.5  18.5  22.2  16.1   MM +0.0    MM
2026 08 20 08 30 180  1.0  2.0   0.2    MM    MM 353 1018.5  18.7  22.2  17.3   MM   MM    MM
2026 08 20 08 00 170  2.0  2.0   0.2    MM    MM 341 1018.6  18.8  22.1  17.5   MM +0.0    MM
2026 08 20 07 30 170  1.0  2.0   0.1    MM    MM 277 1018.4  18.7  22.1  17.2   MM   MM    MM
2026 08 20 07 00 180  2.0  2.0   0.1    MM    MM 265 1018.5  18.7  22.2  17.4   MM +0.5    MM
2026 08 20 06 30 200  2.0  2.0   0.1    MM    MM 267 1018.7  19.3  22.2  18.0   MM   MM    MM
2026 08 20 06 00 190  1.0  2.0   0.1    MM    MM 264 1018.5  19.4  22.2  17.9   MM   MM    MM
2026 08 20 05 30 200  2.0  2.0   0.1    MM    MM 268 1018.3  19.7  22.2  17.9   MM   MM    MM
2026 08 20 05 00 210  2.0  2.0   0.1    MM    MM 277 1018.4  19.8  22.2  17.5   MM +1.1    MM
2026 08 20 04 30 160  2.0  2.0   0.1    MM    MM 281 1018.1  20.0  22.2  17.8   MM   MM    MM
2026 08 20 04 00 210  2.0  2.0   0.1    MM    MM 291 1018.0  20.2  22.2  17.4   MM +1.2    MM
2026 08 20 03 30 200  2.0  2.0   0.1    MM    MM 301 1018.0  20.4  22.2  17.4   MM   MM    MM
2026 08 20 02 00 290  2.0  2.0   0.1    MM    MM 290 1017.3  21.9  22.3  16.5   MM +0.6    MM
2026 08 20 01 30 260  3.0  3.0   0.1    MM    MM 295 1017.0  22.0  22.3  15.7   MM   MM    MM
2026 08 20 01 00 280  2.0  3.0   0.1    MM    MM 292 1016.8  22.3  22.4  13.7   MM +0.3    MM
2026 08 20 00 30 290  2.0  3.0   0.1    MM    MM 293 1016.7  22.4  22.4  13.1   MM   MM    MM
2026 08 20 00 00 270  3.0  3.0   0.1    MM    MM 300 1016.8  22.5  22.4  14.3   MM +0.0    MM
2026 08 19 23 30 260  3.0  4.0   0.1    MM    MM 292 1016.8  22.6  22.4  15.4   MM   MM    MM
2026 08 19 23 00 260  3.0  3.0   0.2    MM    MM 291 1016.7  22.8  22.4  15.9   MM +0.0    MM
2026 08 19 22 30 270  3.0  3.0   0.2    MM    MM 287 1016.5  22.4  22.5  15.5   MM   MM    MM
2026 08 19 22 00 280  3.0  4.0   0.2    MM    MM 292 1016.5  22.2  22.5  15.4   MM -0.6    MM
2026 08 19 21 30 260  3.0  4.0   0.2    MM    MM 288 1016.6  22.1  22.5  16.3   MM   MM    MM
2026 08 19 21 00 260  4.0  5.0   0.3     3    MM 301 1016.6  21.8  22.4  17.3   MM +0.0    MM
2026 08 19 20 30 270  4.0  5.0   0.3     3    MM 297 1016.7  21.6  22.4  17.4   MM   MM    MM
2026 08 19 20 00 270  5.0  6.0   0.3     3    MM 301 1016.8  21.4  22.3  17.3   MM +0.0    MM
2026 08 19 19 30 270  5.0  7.0   0.3     3    MM 301 1017.1  21.4  22.4  17.6   MM   MM    MM
2026 08 19 19 00 280  5.0  6.0   0.3     3    MM 300 1017.1  21.1  22.3  17.4   MM +0.4    MM
2026 08 19 18 30 270  5.0  6.0   0.3     3    MM 303 1017.0  21.1  22.3  17.5   MM   MM    MM
2026 08 19 18 00 270  6.0  7.0   0.3     3    MM 304 1016.7  21.2  22.3  17.9   MM +0.4    MM
2026 08 19 17 30 260  5.0  7.0   0.3     2    MM 288 1016.6  21.2  22.2  16.9   MM   MM    MM
2026 08 19 17 00 270  5.0  7.0   0.3     2    MM 294 1016.7  21.3  22.1  17.0   MM +0.6    MM
2026 08 19 16 30 270  6.0  7.0   0.2    MM    MM 294 1016.6  21.1  22.1  16.5   MM   MM    MM
2026 08 19 16 00 260  5.0  6.0   0.3     3    MM 329 1016.7  21.2  22.1  17.2   MM +0.7    MM
2026 08 19 15 30 270  5.0  6.0   0.2    MM    MM 345 1016.5  21.2  22.1  16.7   MM   MM    MM
2026 08 19 15 00 260  5.0  5.0   0.2    MM    MM 351 1016.3  21.1  22.1  16.1   MM +0.9    MM
2026 08 19 14 30 230  3.0  5.0   0.2    MM    MM 352 1016.3  21.1  22.1  15.7   MM   MM    MM
2026 08 19 14 00 200  3.0  4.0   0.2    MM    MM 360 1016.1  20.6  22.0  15.1   MM +1.0    MM
2026 08 19 13 30 210  3.0  4.0   0.3     3    MM 349 1016.1  20.0  22.0  15.5   MM   MM    MM
2026 08 19 13 00 220  3.0  4.0   0.3     4    MM 359 1016.0  19.5  22.0  16.1   MM +0.8    MM
2026 08 19 12 30 210  3.0  4.0   0.3     4    MM 352 1015.8  19.7  21.9  16.1   MM   MM    MM
2026 08 19 12 00 200  2.0  3.0   0.3     4    MM 352 1015.4  19.8  21.9  15.9   MM +0.3    MM
2026 08 19 11 30 160  3.0  3.0   0.3     4    MM 352 1015.6  19.9  21.9  15.2   MM   MM    MM
2026 08 19 11 00 130  2.0  3.0   0.4     4    MM 352 1015.1  19.9  21.9  15.5   MM +0.9    MM
2026 08 19 10 30  80  3.0  4.0   0.4     4    MM 347 1015.1  20.6  21.9  14.5   MM   MM    MM
2026 08 19 10 00  80  3.0  4.0   0.4     4    MM 344 1015.2  20.1  21.9  14.8   MM +1.4    MM
2026 08 19 09 30  90  3.0  5.0   0.4     4    MM 350 1015.4  20.9  21.9  14.8   MM   MM    MM
2026 08 19 09 00  50  3.0  5.0   0.4     4    MM 347 1015.1  21.0  21.9  13.9   MM +1.2    MM
2026 08 19 08 30  50  4.0  7.0   0.5     4    MM 350 1014.6  21.1  21.9  14.3   MM   MM    MM
2026 08 19 08 00  50  4.0  5.0   0.5     4    MM 348 1014.2  21.2  21.9  14.5   MM +0.3    MM
2026 08 19 07 30  50  3.0  4.0   0.5     4    MM 344 1013.8  21.0  21.9  14.4   MM   MM    MM
2026 08 19 07 00  50  5.0  6.0   0.6     4    MM 351 1013.8  21.0  21.9  14.1   MM +0.3    MM
2026 08 19 06 30  40  5.0  6.0   0.6     4    MM 354 1013.9  20.8  21.9  14.6   MM   MM    MM
2026 08 19 06 00  50  7.0  9.0   0.6     4    MM 350 1013.9  21.4  21.9  14.5   MM +0.5    MM
2026 08 19 05 30  50  7.0  8.0   0.5     3    MM 346 1014.2  21.3  22.0  15.5   MM   MM    MM
2026 08 19 05 00  50  8.0 10.0   0.3     3    MM 334 1013.9  21.0  22.0  16.4   MM +0.8    MM
2026 08 19 04 30  60  8.0 10.0   0.2    MM    MM 317 1013.8  21.0  22.0  19.6   MM   MM    MM
2026 08 19 04 00  10  3.0  5.0   0.2    MM    MM 275 1013.5  21.7  22.1  20.8   MM +1.7    MM
2026 08 19 03 30 240  3.0  4.0   0.2    MM    MM 258 1013.4  20.8  22.1  20.4   MM   MM    MM
2026 08 19 03 00 240  2.0  3.0   0.2    MM    MM 245 1013.4  20.2  22.1  19.7   MM +1.1    MM
2026 08 19 02 30 240  4.0  4.0   0.3     3    MM 240 1013.2  20.3  22.1  19.7   MM   MM    MM
2026 08 19 02 00 210  5.0  6.0   0.3     3    MM 251 1013.1  20.0  22.1  18.9   MM +0.8    MM
2026 08 19 01 30 230  5.0  5.0   0.3     4    MM 249 1012.6  21.5  22.1  20.3   MM   MM    MM
2026 08 19 01 00 240  4.0  4.0   0.3     3    MM 248 1011.8  22.1  22.2  20.7   MM +0.0    MM
2026 08 19 00 30 260  4.0  5.0   0.3     3    MM 251 1012.0  22.9  22.2  21.9   MM   MM    MM
2026 08 19 00 00 230  3.0  4.0   0.3     3    MM 249 1012.3  23.3  22.2  22.1   MM -0.0    MM
2026 08 18 23 30 240  5.0  6.0   0.3     3    MM 249 1012.6  23.5  22.2  22.5   MM   MM    MM
2026 08 18 23 00 240  5.0  7.0   0.3     3    MM 251 1012.3  23.7  22.2  22.0   MM -1.2    MM
2026 08 18 22 30 240  5.0  6.0   0.3     4    MM 250 1012.1  24.0  22.2  21.6   MM   MM    MM
2026 08 18 22 00 230  6.0  7.0   0.3     3    MM 248 1012.0  24.1  22.2  21.4   MM -1.7    MM
2026 08 18 21 30 260  6.0  7.0   0.4     3    MM 249 1012.2  23.9  22.2  21.6   MM   MM    MM
2026 08 18 21 00 260  6.0  7.0   0.4     3    MM 250 1012.5  23.9  22.2  21.5   MM -1.6    MM
2026 08 18 20 30 250  6.0  8.0   0.4     2    MM 250 1012.9  23.8  22.2  21.3   MM   MM    MM
2026 08 18 20 00 250  7.0  9.0   0.4     3    MM 247 1013.5  23.7  22.2  21.5   MM -0.7    MM
2026 08 18 19 30 260  6.0  7.0   0.5     4    MM 248 1013.6  23.6  22.2  21.9   MM   MM    MM
2026 08 18 19 00 260  6.0  8.0   0.5     3    MM 246 1013.7  23.4  22.2  21.6   MM -0.5    MM
2026 08 18 18 30 260  6.0  8.0   0.5     3    MM 246 1013.8  23.4  22.1  21.7   MM   MM    MM
2026 08 18 18 00 250  7.0  9.0   0.5     3    MM 245 1014.1  23.3  22.1  21.5   MM +0.0    MM
2026 08 18 17 30 250  8.0  9.0   0.4     3    MM 248 1014.1  23.3  22.1  21.6   MM   MM    MM
2026 08 18 17 00 250  8.0 10.0   0.4     3    MM 249 1014.2  23.4  22.0  20.9   MM +0.0    MM
2026 08 18 16 30 240  7.0  9.0   0.3     3    MM 246 1014.2  23.6  22.0  20.6   MM   MM    MM
2026 08 18 16 00 250  8.0  9.0   0.3     2    MM 241 1014.2  23.8  22.0  20.3   MM -0.8    MM
2026 08 18 15 30 230  5.0  7.0   0.3     3    MM 245 1014.0  23.4  22.1  21.3   MM   MM    MM
2026 08 18 15 00 230  5.0  6.0   0.3     5    MM 247 1014.2  23.0  22.0  21.5   MM -0.8    MM
2026 08 18 14 30 210  4.0  5.0   0.3     5    MM 245 1014.2  22.5  22.0  21.9   MM   MM    MM
2026 08 18 14 00 190  4.0  5.0   0.3     3    MM 247 1014.4  21.9  22.0  21.6   MM -0.4    MM
2026 08 18 13 30 220  5.0  6.0   0.3     4    MM 248 1014.9  22.0  22.0  21.7   MM   MM    MM
2026 08 18 13 00 230  3.0  5.0   0.5     3    MM 251 1015.0  21.8  22.0  21.4   MM +0.7    MM
2026 08 18 12 30 270  7.0 10.0   0.4     3    MM 251 1015.1  22.2  22.0  21.8   MM   MM    MM
2026 08 18 12 00 240  8.0 10.0   0.4     5    MM 242 1015.0  22.4  22.0  21.7   MM +0.3    MM
2026 08 18 11 30 230  6.0  8.0   0.5     2    MM 242 1014.6  22.0  22.0  21.4   MM   MM    MM
2026 08 18 11 00 230  8.0 10.0   0.4     5    MM 237 1014.8  22.1  22.0  21.6   MM -0.3    MM
2026 08 18 10 30 180  7.0  9.0   0.4     5    MM 240 1014.2  20.5  22.0  20.5   MM   MM    MM
2026 08 18 10 00 180  6.0  7.0   0.5     4    MM 242 1014.3  20.4  22.0  20.3   MM -1.1    MM
2026 08 18 09 30 190  6.0  8.0   0.5     5    MM 241 1014.7  21.1  21.9  20.6   MM   MM    MM
2026 08 18 09 00 210  7.0  9.0   0.5     5    MM 240 1014.7  21.3  21.9  20.1   MM -1.1    MM
2026 08 18 08 30 210  6.0  8.0   0.5     5    MM 239 1014.8  21.1  22.0  19.6   MM   MM    MM
2026 08 18 08 00 210  6.0  8.0   0.5     4    MM 233 1015.1  21.3  22.0  19.3   MM -0.8    MM
2026 08 18 07 30 230  7.0  9.0   0.5     3    MM 233 1015.0  22.1  22.0  19.1   MM   MM    MM
2026 08 18 07 00 230  7.0  9.0   0.3     4    MM 237 1015.4  22.2  22.1  18.6   MM -0.6    MM
2026 08 18 06 30 190  5.0  6.0   0.2    MM    MM 235 1016.0  20.7  22.1  18.3   MM   MM    MM
2026 08 18 06 00 190  5.0  6.0   0.2    MM    MM 237 1015.8  20.3  22.1  18.1   MM -0.5    MM
2026 08 18 05 30 190  4.0  6.0   0.2    MM    MM 237 1016.0  19.8  22.1  18.7   MM   MM    MM
2026 08 18 05 00 180  4.0  5.0   0.2    MM    MM 238 1015.9  21.1  22.1  18.3   MM -0.7    MM
2026 08 18 04 30 190  4.0  5.0   0.2    MM    MM 238 1015.8  21.2  22.2  18.1   MM   MM    MM
2026 08 18 04 00 200  4.0  5.0   0.2    MM    MM 242 1016.0  21.0  22.2  19.0   MM +0.0    MM
2026 08 18 03 30 190  3.0  3.0   0.2    MM    MM 244 1016.2  21.0  22.2  18.7   MM   MM    MM
2026 08 18 03 00 180  2.0  3.0   0.1    MM    MM 249 1016.3  21.5  22.1  19.8   MM +0.0    MM
2026 08 18 02 30 230  2.0  3.0   0.1    MM    MM 246 1016.5  21.9  22.1  19.6   MM   MM    MM
2026 08 18 02 00 220  2.0  2.0   0.1    MM    MM 247 1016.6  22.7  22.1  19.9   MM   MM    MM
2026 08 18 01 30 260  2.0  3.0   0.1    MM    MM 251 1016.5  23.0  22.2  19.3   MM   MM    MM
2026 08 18 01 00 240  2.0  3.0   0.2    MM    MM 254 1016.0  23.0  22.2  19.4   MM -1.1    MM
2026 08 18 00 30 270  2.0  3.0   0.2    MM    MM 257 1016.1  23.1  22.3  21.7   MM   MM    MM
2026 08 18 00 00 270  3.0  4.0   0.2    MM    MM 260 1016.3  23.2  22.4  21.0   MM -1.0    MM
2026 08 17 23 30 280  3.0  4.0   0.2    MM    MM 265 1016.4  23.3  22.4  20.8   MM   MM    MM
2026 08 17 23 00  MM   MM   MM    MM    MM    MM  MM     MM    MM  22.5    MM   MM   MM    MM
2026 08 17 22 30 270  5.0  5.0   0.3     3    MM 263 1016.9  22.9  22.5  20.3   MM   MM    MM
2026 08 17 22 00 280  5.0  6.0   0.3     2    MM 264 1017.1  22.7  22.5  20.6   MM -1.1    MM
2026 08 17 21 30 270  5.0  6.0   0.3     2    MM 263 1017.1  22.6  22.5  20.9   MM   MM    MM
2026 08 17 21 00 270  5.0  6.0   0.3     3    MM 259 1017.3  22.5  22.4  20.8   MM -1.0    MM
2026 08 17 20 30 260  6.0  7.0   0.3     3    MM 258 1017.5  22.4  22.4  20.7   MM   MM    MM
2026 08 17 20 00 260  6.0  7.0   0.3     3    MM 262 1017.7  22.2  22.4  21.1   MM -0.9    MM
2026 08 17 19 30 270  6.0  6.0   0.3     3    MM 263 1017.9  22.1  22.3  20.9   MM   MM    MM
2026 08 17 19 00 270  6.0  7.0   0.3     3    MM 265 1018.2  22.0  22.3  20.8   MM -0.6    MM
2026 08 17 18 30 270  3.0  6.0   0.2    MM    MM 277 1018.3  22.3  22.3  21.0   MM   MM    MM
2026 08 17 18 00 260  5.0  6.0   0.2    MM    MM 274 1018.3  21.8  22.3  20.5   MM -0.3    MM
2026 08 17 17 30 280  5.0  6.0   0.2    MM    MM 303 1018.5  21.8  22.3  20.3   MM   MM    MM
2026 08 17 17 00 280  4.0  5.0   0.2    MM    MM 317 1018.6  21.8  22.3  20.2   MM +0.0    MM
2026 08 17 16 30 280  3.0  5.0   0.2    MM    MM 330 1018.6  21.8  22.2  19.8   MM   MM    MM
2026 08 17 16 00 300  3.0  4.0   0.2    MM    MM 331 1018.8  21.4  22.2  19.6   MM +0.4    MM
2026 08 17 15 30 280  3.0  4.0   0.2    MM    MM 338 1018.9  21.5  22.1  19.8   MM   MM    MM
2026 08 17 15 00 310  2.0  2.0   0.2    MM    MM 340 1018.6  21.2  22.1  19.1   MM +0.3    MM
2026 08 17 14 30 290  3.0  4.0   0.2    MM    MM 341 1018.9  21.2  22.2  19.5   MM   MM    MM
2026 08 17 14 00 290  3.0  4.0   0.2    MM    MM 341 1018.7  20.9  22.1  18.9   MM +1.2    MM
2026 08 17 13 30 240  1.0  2.0   0.2    MM    MM 337 1018.4  20.9  22.1  19.9   MM   MM    MM
2026 08 17 13 00 220  2.0  3.0   0.2    MM    MM 341 1018.4  21.1  22.0  19.5   MM +0.7    MM
2026 08 17 12 30 350  1.0  2.0   0.3     3    MM 340 1018.4  21.4  22.0  18.6   MM   MM    MM
2026 08 17 12 00 350  2.0  3.0   0.3     4    MM 340 1018.3  20.9  21.9  18.2   MM +0.7    MM
2026 08 17 11 30 350  3.0  4.0   0.3     4    MM 336 1017.8  20.7  21.9  18.5   MM   MM    MM
2026 08 17 11 00 360  4.0  5.0   0.4     4    MM 335 1017.5  20.6  21.8  18.8   MM +0.0    MM
2026 08 17 10 30  10  4.0  5.0   0.4     4    MM 337 1017.6  20.6  21.8  18.7   MM   MM    MM
2026 08 17 10 00  20  3.0  4.0   0.4     4    MM 334 1017.7  20.5  21.8  18.5   MM +0.3    MM
2026 08 17 09 30  30  3.0  4.0   0.5     4    MM 334 1017.6  20.3  21.8  17.9   MM   MM    MM
2026 08 17 09 00  40  4.0  4.0   0.5     4    MM 331 1017.6  20.4  21.8  18.1   MM +0.4    MM
2026 08 17 08 30  30  3.0  4.0   0.6     5    MM 334 1017.5  20.3  21.8  17.9   MM   MM    MM
2026 08 17 08 00  40  4.0  5.0   0.6     5    MM 330 1017.3  20.3  21.8  18.0   MM +0.0    MM
2026 08 17 07 30  30  5.0  6.0   0.6     4    MM 331 1017.5  20.2  21.8  18.1   MM   MM    MM
2026 08 17 07 00  30  5.0  6.0   0.7     5    MM 329 1017.4  20.2  21.7  18.1   MM   MM    MM
2026 08 17 06 30  30  5.0  6.0   0.8     5    MM 328 1017.4  20.2  21.5  18.4   MM   MM    MM
2026 08 17 06 00  30  5.0  7.0   0.9     6    MM 330 1017.2  20.3  21.6  18.3   MM   MM    MM
2026 08 17 05 30  10  6.0  7.0   1.0     6    MM 329 1017.1  20.2  21.6  18.2   MM   MM    MM
2026 08 17 05 00  30  6.0  8.0   1.1     6    MM 332 1017.1  20.4  21.6  18.4   MM +0.8    MM
2026 08 17 04 30  40  7.0  9.0   1.1     6    MM 329 1016.6  20.4  21.6  18.3   MM   MM    MM
2026 08 17 02 00  30  9.0 11.0   1.2     5    MM 330 1016.3  21.0  21.8  19.2   MM +1.5    MM
2026 08 17 01 30  50 10.0 12.0   1.0     5    MM 330 1016.0  21.1  21.9  19.6   MM   MM    MM
2026 08 17 01 00  30  9.0 11.0   1.0     5    MM 334 1015.8  21.8  22.1  20.6   MM +1.4    MM
2026 08 17 00 30  40  8.0 10.0   1.0     4    MM 336 1015.6  21.4  22.2  21.0   MM   MM    MM
2026 08 17 00 00  40  8.0 11.0   0.8     4    MM 336 1015.3  21.5  22.3  21.3   MM +1.3    MM
2026 08 16 23 30  40  9.0 10.0   0.8     4    MM 334 1015.1  21.6  22.5  21.6   MM   MM    MM
2026 08 16 23 00  50  8.0 10.0   0.7     4    MM 336 1014.8  21.7  22.6  21.7   MM +1.3    MM
2026 08 16 22 30  30  8.0 10.0   0.6     3    MM 333 1014.8  21.7  22.8  21.7   MM   MM    MM
2026 08 16 22 00  40  7.0  9.0   0.5     3    MM 323 1014.4  22.0  22.8  22.0   MM +0.9    MM
2026 08 16 21 30  30  7.0  8.0   0.4     3    MM 297 1014.3  22.3  22.9  22.3   MM   MM    MM
2026 08 16 21 00  40  6.0  8.0   0.3     3    MM 255 1014.0  22.6  22.9  22.6   MM +0.5    MM
2026 08 16 20 30  10  6.0  7.0   0.3     3    MM 245 1014.1  22.5  23.0  22.5   MM   MM    MM
2026 08 16 20 00 280  6.0  7.0   0.4     3    MM 246 1013.5  23.7  23.0  23.7   MM -0.6    MM
2026 08 16 19 30 270  7.0  8.0   0.3     3    MM 248 1013.5  23.8  23.0  23.8   MM   MM    MM
2026 08 16 19 00 270  7.0  9.0   0.3     3    MM 249 1013.5  23.6  22.9  23.6   MM -0.8    MM
2026 08 16 18 30 260  5.0  6.0   0.3     3    MM 245 1013.4  23.7  22.8  23.7   MM   MM    MM
2026 08 16 18 00 270  6.0  8.0   0.3     3    MM 245 1013.5  23.2  22.7  23.2   MM -0.7    MM
2026 08 16 17 30 270  6.0  7.0   0.4     3    MM 247 1013.7  23.3  22.5  23.3   MM   MM    MM
2026 08 16 17 00 270  6.0  8.0   0.4     3    MM 247 1014.1  23.2  22.4  23.2   MM +0.0    MM
2026 08 16 16 30 270  4.0  7.0   0.4     4    MM 247 1014.2  23.1  22.3  23.1   MM   MM    MM
2026 08 16 16 00 250  6.0  8.0   0.4     3    MM 247 1014.3  23.0  22.3  23.0   MM +0.0    MM
2026 08 16 15 30 250  7.0  9.0   0.4     3    MM 250 1014.2  23.2  22.3  23.2   MM   MM    MM
2026 08 16 15 00 260  7.0  8.0   0.3     3    MM 252 1014.2  23.3  22.3  23.3   MM -0.6    MM
2026 08 16 14 30 260  5.0  7.0   0.3     3    MM 252 1014.1  23.4  22.2  23.4   MM   MM    MM
2026 08 16 14 00 240  5.0  6.0   0.2    MM    MM 251 1014.0  23.3  22.2  23.3   MM -0.7    MM
2026 08 16 13 30 220  4.0  4.0   0.2    MM    MM 249 1014.0  23.1  22.2  23.1   MM   MM    MM
2026 08 16 13 00 210  3.0  4.0   0.2    MM    MM 250 1014.2  23.1  22.2  23.1   MM -0.6    MM
2026 08 16 12 30 200  3.0  4.0   0.2    MM    MM 240 1014.6  22.9  22.2  22.9   MM   MM    MM
2026 08 16 12 00 200  3.0  4.0   0.2    MM    MM 244 1014.8  22.7  22.2  22.7   MM -0.5    MM
2026 08 16 11 30 200  3.0  4.0   0.1    MM    MM 231 1014.6  22.9  22.3  22.9   MM   MM    MM
2026 08 16 11 00 190  4.0  5.0   0.1    MM    MM 225 1014.7  22.9  22.3  22.9   MM -1.3    MM
2026 08 16 10 30 200  4.0  4.0   0.1    MM    MM 225 1014.8  23.0  22.3  23.0   MM   MM    MM
2026 08 16 10 00 190  4.0  5.0   0.1    MM    MM 220 1014.8  23.1  22.5  23.0   MM -2.0    MM
2026 08 16 09 30 200  4.0  5.0   0.2    MM    MM 201 1015.3  23.3  22.5  23.0   MM   MM    MM
2026 08 16 09 00 200  5.0  5.0   0.2    MM    MM 193 1015.3  23.3  22.5  22.8   MM -1.9    MM
2026 08 16 08 30 210  5.0  6.0   0.2    MM    MM 200 1015.9  23.3  22.6  22.5   MM   MM    MM
2026 08 16 08 00 200  4.0  5.0   0.1    MM    MM 234 1016.0  23.4  22.6  22.4   MM -1.1    MM
2026 08 16 07 30 200  4.0  5.0   0.1    MM    MM 259 1016.2  23.5  22.7  22.2   MM   MM    MM
2026 08 16 07 00 230  4.0  4.0   0.1    MM    MM 337 1016.8  23.8  22.7  22.4   MM -1.0    MM
2026 08 16 06 30 220  4.0  5.0   0.1    MM    MM 345 1017.0  23.8  22.8  22.2   MM   MM    MM
2026 08 16 06 00 220  2.0  3.0   0.1    MM    MM 342 1017.2  23.7  22.9  22.4   MM -1.5    MM
2026 08 16 05 30 190  3.0  4.0   0.1    MM    MM 342 1017.3  23.5  22.9  22.1   MM   MM    MM
2026 08 16 05 00 150  3.0  3.0   0.1    MM    MM 345 1017.1  23.6  22.9  22.7   MM -2.0    MM
2026 08 16 04 30 220  2.0  3.0   0.1    MM    MM 352 1017.8  23.9  23.0  23.1   MM   MM    MM
2026 08 16 04 00 170  2.0  2.0   0.1    MM    MM 352 1017.8  23.8  23.0  23.1   MM -1.8    MM
2026 08 16 03 30 180  4.0  4.0   0.1    MM    MM 354 1018.0  23.7  23.0  23.3   MM   MM    MM
2026 08 16 03 00 190  4.0  5.0   0.1    MM    MM 355 1018.7  23.6  23.1  23.6   MM -0.7    MM
2026 08 16 02 30 170  2.0  3.0   0.1    MM    MM 352 1018.8  23.5  23.1  23.5   MM   MM    MM
2026 08 16 02 00 170  2.0  3.0   0.1    MM    MM 350 1019.1  23.8  23.1  23.8   MM +0.0    MM
2026 08 16 01 30 200  2.0  2.0   0.1    MM    MM 350 1019.4  24.0  23.2  24.0   MM   MM    MM
2026 08 16 01 00 270  2.0  2.0   0.1    MM    MM 344 1019.6  23.9  23.1  23.9   MM -0.0    MM
2026 08 16 00 30 280  2.0  2.0   0.1    MM    MM 349 1019.4  24.4  23.1  24.3   MM   MM    MM
2026 08 16 00 00 250  2.0  3.0   0.2    MM    MM 347 1019.4  24.9  23.1  23.6   MM -0.3    MM
