baseline_id,source_term,structure,structural_deviation,source_partition,condition_state_sha256,constitutive_relation_count,initial_broken_relations,restored_relations,new_breaks,residual_broken_relations,relation_transition_count,initial_offset,residual_offset,net_offset_change,absolute_offset_change,direction,new_break_fraction,criticality,criticality_order,reference_baseline_top_entry_index,condition_top_entry_index,response_top_entry_index,response_state_sha256,pair_correspondence,pair_js_correspondence,pair_sign_continuity,relation_balance,pair_active_hit,pair_rank_within_active_hits
SB0348,Antidiuresis,renal collecting-duct vasopressin water-reabsorption structure,urine output reduced by increased water retention relative to the reference fluid-balance state,established_478,6212173108f74847102ca442fcf5d9ea18bacf2e271e48de0e2b9dd0bf32cc7e,15,13,1,2,14,3,0.17642730980684762,0.30579885640807813,0.1293715466012305,0.1293715466012305,AWAY_FROM_REFERENCE,0.13333333333333333,MINOR,1,231,,,4a18c8df05c7ca77bc8c7b1acccc12467427d109f50112ee23df842afd136d96,0.31434100850371516,0.23242805915087217,0.6875,-1,True,1
SB2347,HCV coinfection,innate-adaptive host-defense structure,"altered configuration or regulated output of the named structure, expressed as the state described by hcv coinfection",remaining_5256,6b2317f2bf8683ca8f9cfe8c5be4a46e10a450c60fffcc1926a9a6d0ed623459,15,9,2,0,7,2,0.189780525200812,0.2977026626865136,0.10792213748570156,0.10792213748570156,AWAY_FROM_REFERENCE,0.0,INFORMATIONAL,0,231,,,0d16a9c08de1d647ce17f5fa74165c7f869eaba7d0a10cf1dacec5d1a1ce41c6,0.30527693589228594,0.22308925108815358,0.6796875,2,True,2
SB4488,QRS complex,cardiac conduction and myocardial rhythm structure,"altered configuration or regulated output of the named structure, expressed as the state described by qrs complex",remaining_5256,59c7d51fb813157dbd76263f48312d79c7d830fc2077e99a306ee838835fdf1c,21,6,6,1,1,7,0.15148360021134188,0.2658326481764772,0.11434904796513534,0.11434904796513534,AWAY_FROM_REFERENCE,0.047619047619047616,MINOR,1,231,,,ae7ca4528d9474b9c9a5fb29a225849678f2eaec0df943b4770ecd463557b1dd,0.30360980685914035,0.22277110592578098,0.671875,5,True,3
SB2814,Influenza like illness,innate-adaptive host-defense structure,"altered configuration or regulated output of the named structure, expressed as the state described by influenza like illness",remaining_5256,428abea7b415f79b641ec0606619f2ed387ed02aeddefde737fad978111ebeab,15,9,3,0,6,3,0.18413271972825185,0.2834491323197865,0.09931641259153468,0.09931641259153468,AWAY_FROM_REFERENCE,0.0,INFORMATIONAL,0,231,,,7c6140e5c53a1441cf3d3c7ec7015c9969d815a8faa1a9a1c6a69835134b7727,0.30278993927137565,0.22520114545289716,0.65625,3,True,4
SB5133,Syphilis,innate-adaptive host-defense structure,"altered configuration or regulated output of the named structure, expressed as the state described by syphilis",remaining_5256,29cb6f46f39b8e76042da48fa4443cf2566b3f4a4cdb68e6e88db1cddda17a90,15,9,1,0,8,1,0.19335173186580445,0.2923522502210323,0.09900051835522783,0.09900051835522783,AWAY_FROM_REFERENCE,0.0,INFORMATIONAL,0,231,,,f06d37af17ecbdf52bb6098bc8c0b6c1569ca61ac4ab346d63d8cc79748a380b,0.3016817331756074,0.22213473558000907,0.6640625,1,True,5
SB3243,Malaria,innate-adaptive host-defense structure,"altered configuration or regulated output of the named structure, expressed as the state described by malaria",remaining_5256,5aca3d5cf4f87e75e6eea7f4bfa4c1a2f396ce103e6413fc1febd9ebf3223f17,15,9,2,0,7,2,0.18696597812627624,0.28464932836685586,0.09768335024057961,0.09768335024057961,AWAY_FROM_REFERENCE,0.0,INFORMATIONAL,0,231,,,41f92af7e5eb67efc640f5435344e799cf7409d9de49852d3e528080c4e72a79,0.30115420102443896,0.2214914036883402,0.6640625,2,True,6
SB5291,Torsade de pointes,cardiac conduction and myocardial rhythm structure,"altered configuration or regulated output of the named structure, expressed as the state described by torsade de pointes",remaining_5256,3192e1070511a49041ad8a3754f358163e3cf6060270b583fa74a80a4de403eb,21,6,6,1,1,7,0.1567695278865724,0.27952957979245463,0.12276005190588224,0.12276005190588224,AWAY_FROM_REFERENCE,0.047619047619047616,MINOR,1,231,,,0fa8e9598a9b88a1406bdedfbd44c23d84b7d7afbf968309829c0e565019a7ca,0.30101028093930743,0.22303083041378957,0.65625,5,True,7
SB2813,Influenza,innate-adaptive host-defense structure,"altered configuration or regulated output of the named structure, expressed as the state described by influenza",remaining_5256,8e9fcdea28477c1e43159d326873b3cb9f62ea913f0ed053fa2cdf17669dce18,15,9,2,0,7,2,0.1797973302726541,0.2794546419612395,0.09965731168858538,0.09965731168858538,AWAY_FROM_REFERENCE,0.0,INFORMATIONAL,0,231,,,c21b23fd942622ebfe660243689da696c295cca1da0a876853cd991ad408644f,0.3008417095758792,0.22111031655595026,0.6640625,2,True,8
SB2520,Herpes simplex,innate-adaptive host-defense structure,"altered configuration or regulated output of the named structure, expressed as the state described by herpes simplex",remaining_5256,eba194e9365ac813479658187dac4c46ad44350f133d33885a8244e67d8c6cbf,15,9,2,0,7,2,0.1870246240831105,0.2921915769882455,0.105166952905135,0.105166952905135,AWAY_FROM_REFERENCE,0.0,INFORMATIONAL,0,231,,,d087b7df1e4e09f04c6b38277b7d47343e16a669dfaeb600dac8c903890d0545,0.3001575651546398,0.2219909331154144,0.65625,2,True,9
SB4630,Respiratory sighs,"pulmonary airway-alveolar, pleural, and gas-exchange structure","altered configuration or regulated output of the named structure, expressed as the state described by respiratory sighs",remaining_5256,8e6d51432d19e871bf1c91753cd20b67ef1b509026ce7f5579173171c9df50a2,36,17,2,1,16,3,0.1896071251697311,0.2851480105836257,0.0955408854138946,0.0955408854138946,AWAY_FROM_REFERENCE,0.027777777777777776,MINOR,1,231,,,a1773c1f7f1b38fc362ae05b7ea07bbea95517328deb377d1deab7d0518f0985,0.29992346007056375,0.22342037813483384,0.6484375,1,True,10
SB2517,Herpes NOS,innate-adaptive host-defense structure,"altered configuration or regulated output of the named structure, expressed as the state described by herpes",remaining_5256,ac504f77d244b12ccf0f2e5cc2a0fe7fb89cdae57a4925d5fb741de5fa70c667,15,9,2,0,7,2,0.19038885964529595,0.2888668673598578,0.09847800771456183,0.09847800771456183,AWAY_FROM_REFERENCE,0.0,INFORMATIONAL,0,231,,,497a0120a04534ead2176ddaf156fb9b6b3085d8efefc79add72c77597fab4ff,0.2999065087876571,0.21996982778982577,0.6640625,2,True,11
SB5492,VT,cardiac conduction and myocardial rhythm structure,"altered configuration or regulated output of the named structure, expressed as the state described by vt",remaining_5256,4609356e007b2af179aa404ef4dc5c0aa4db59abdf74e028a4331ad7c5544243,21,6,6,1,1,7,0.15100204729724598,0.2689668157371321,0.11796476843988613,0.11796476843988613,AWAY_FROM_REFERENCE,0.047619047619047616,MINOR,1,231,,,72c20f7666be6e367b505957d1b26388248cffdbcc3a6316db91feeeb5eaebb9,0.29924241283481096,0.21744501565220853,0.671875,5,True,12
SB5705,Word finding difficulty,dominant-hemisphere language-processing and speech-planning network,reduced ability of the named structure/process to complete its normal regulated operation,remaining_5256,dff2db997592b331fc38811c4fd834200cace3d8267feb359e836cd44d185bd0,231,106,7,28,127,35,0.18877534489724834,0.34358526365616515,0.1548099187589168,0.1548099187589168,AWAY_FROM_REFERENCE,0.12121212121212122,MINOR,1,230,,,c3c4dcb6e7c03dc6190d011322528137d9738b848d7c7a28384f90832a423199,0.29887406939081407,0.22042569437904158,0.65625,-21,True,13
SB4864,Sinus rhythm,cardiac conduction and myocardial rhythm structure,"altered configuration or regulated output of the named structure, expressed as the state described by sinus rhythm",remaining_5256,c96028193367c21b4c905e59ee24b0c1b1bbebe8531ab2d886c9cf36b8283aa6,21,5,5,1,1,6,0.1446626045171061,0.26105610608953744,0.11639350157243133,0.11639350157243133,AWAY_FROM_REFERENCE,0.047619047619047616,MINOR,1,231,,,bc778640cc266e0b61b1d7b221b4de7f1b0e5924bc1eabfd4ad1b9ce33318b2a,0.29886669187626375,0.22384657545885822,0.640625,4,True,14
SB2519,Herpes labialis,innate-adaptive host-defense structure,"altered configuration or regulated output of the named structure, expressed as the state described by herpes labialis",remaining_5256,33d7a3aa30eeea4bfb1e41f638215c7768dceb67e776765a10a6bbacc8409692,15,9,2,0,7,2,0.18556848009455285,0.2898643149705289,0.10429583487597605,0.10429583487597605,AWAY_FROM_REFERENCE,0.0,INFORMATIONAL,0,231,,,ab624959b4a5ee4a158fc45d72c93d07b56f5487c3fc80776b8d3750433bbd33,0.2982531639102893,0.2196684925735235,0.65625,2,True,15
SB2313,Gonorrhoea,innate-adaptive host-defense structure,excess or abnormal fluid/material outflow from the named structure,remaining_5256,d18dcf94e44533648abc20f39c63a6e9d60bce312db33a6c41797a7814109c07,15,7,1,1,7,2,0.18900069043908907,0.3022284195151954,0.11322772907610634,0.11322772907610634,AWAY_FROM_REFERENCE,0.06666666666666667,MINOR,1,231,,,145a1fb5e9abb1d7fce423773af733f90b3018039980ccd0ed3b1f684b2e2136,0.2978151068432935,0.22599403273572383,0.625,0,True,16
SB1657,Dysautonomia,sympathetic-parasympathetic autonomic-control network,"altered configuration or regulated output of the named structure, expressed as the state described by dysautonomia",remaining_5256,6cb7592d0f0f7d73b643ad03f4b45352cda19a0736a9b34493954077263d14f7,78,37,18,1,20,19,0.15918385607545782,0.28003702702690836,0.12085317095145054,0.12085317095145054,AWAY_FROM_REFERENCE,0.01282051282051282,MINOR,1,223,,,5545d8373e96fd27c69d8f6956bd82ef0d614168b551f30c4dc336cb40d53e1e,0.2970591657730311,0.2147825192354038,0.671875,17,True,17
SB1426,Deafness,cochlear-mechanical and auditory-neural transduction structure,reduction or loss of auditory mechanical/neural signal transduction,remaining_5256,7c8f44187ea8218fc30c19e54782f9e0fd88cf82ef4a5bed429e8cb8568c5f8e,276,65,7,20,78,27,0.1661039219648559,0.2928036184994136,0.1266996965345577,0.1266996965345577,AWAY_FROM_REFERENCE,0.07246376811594203,MINOR,1,230,,,b342989ee1dbb7031bd3e27dbba8e2fee6d53a930c9697e39dc1cf13acc378c0,0.29694669236037113,0.21464535653703798,0.671875,-13,True,18
SB1427,Deafness bilateral,cochlear-mechanical and auditory-neural transduction structure,reduction or loss of auditory mechanical/neural signal transduction,remaining_5256,7c8f44187ea8218fc30c19e54782f9e0fd88cf82ef4a5bed429e8cb8568c5f8e,276,65,7,20,78,27,0.1661039219648559,0.2928036184994136,0.1266996965345577,0.1266996965345577,AWAY_FROM_REFERENCE,0.07246376811594203,MINOR,1,230,,,059c7c6feb10b10ffee5774b6b0d7081bb05db5d3864e74b7d2eaa657ef08b9f,0.29694669236037113,0.21464535653703798,0.671875,-13,True,19
SB1428,Deafness neurosensory,cochlear-mechanical and auditory-neural transduction structure,reduction or loss of auditory mechanical/neural signal transduction,remaining_5256,7c8f44187ea8218fc30c19e54782f9e0fd88cf82ef4a5bed429e8cb8568c5f8e,276,65,7,20,78,27,0.1661039219648559,0.2928036184994136,0.1266996965345577,0.1266996965345577,AWAY_FROM_REFERENCE,0.07246376811594203,MINOR,1,230,,,3d834766ea0c376267fb85753f00fb343ddd4bb791f2dc35060a27fd18500b23,0.29694669236037113,0.21464535653703798,0.671875,-13,True,20
SB1429,Deafness permanent,cochlear-mechanical and auditory-neural transduction structure,reduction or loss of auditory mechanical/neural signal transduction,remaining_5256,7c8f44187ea8218fc30c19e54782f9e0fd88cf82ef4a5bed429e8cb8568c5f8e,276,65,7,20,78,27,0.1661039219648559,0.2928036184994136,0.1266996965345577,0.1266996965345577,AWAY_FROM_REFERENCE,0.07246376811594203,MINOR,1,230,,,f38de3db186ccbb2f6031fd1c25d84672f68f54055bb5d834705c2f0b7e928b8,0.29694669236037113,0.21464535653703798,0.671875,-13,True,21
SB1430,Deafness transitory,cochlear-mechanical and auditory-neural transduction structure,reduction or loss of auditory mechanical/neural signal transduction,remaining_5256,7c8f44187ea8218fc30c19e54782f9e0fd88cf82ef4a5bed429e8cb8568c5f8e,276,65,7,20,78,27,0.1661039219648559,0.2928036184994136,0.1266996965345577,0.1266996965345577,AWAY_FROM_REFERENCE,0.07246376811594203,MINOR,1,230,,,2ffddf871873d237ef5296d8817c70fa602321e78099b409843d6cbb075a50f7,0.29694669236037113,0.21464535653703798,0.671875,-13,True,22
SB1431,Deafness unilateral,cochlear-mechanical and auditory-neural transduction structure,reduction or loss of auditory mechanical/neural signal transduction,remaining_5256,7c8f44187ea8218fc30c19e54782f9e0fd88cf82ef4a5bed429e8cb8568c5f8e,276,65,7,20,78,27,0.1661039219648559,0.2928036184994136,0.1266996965345577,0.1266996965345577,AWAY_FROM_REFERENCE,0.07246376811594203,MINOR,1,230,,,1452bf97b3140430e27d5263c37751658999de5be1d4e35039fcaef0c16c1264,0.29694669236037113,0.21464535653703798,0.671875,-13,True,23
SB4007,Partial permanent deafness,cochlear-mechanical and auditory-neural transduction structure,reduction or loss of auditory mechanical/neural signal transduction,remaining_5256,7c8f44187ea8218fc30c19e54782f9e0fd88cf82ef4a5bed429e8cb8568c5f8e,276,65,7,20,78,27,0.1661039219648559,0.2928036184994136,0.1266996965345577,0.1266996965345577,AWAY_FROM_REFERENCE,0.07246376811594203,MINOR,1,230,,,71969564012dc797213567e859e633ba44cef81a132cdc196a7f7ec0c2e3f706,0.29694669236037113,0.21464535653703798,0.671875,-13,True,24
SB4009,Partial transitory deafness,cochlear-mechanical and auditory-neural transduction structure,reduction or loss of auditory mechanical/neural signal transduction,remaining_5256,7c8f44187ea8218fc30c19e54782f9e0fd88cf82ef4a5bed429e8cb8568c5f8e,276,65,7,20,78,27,0.1661039219648559,0.2928036184994136,0.1266996965345577,0.1266996965345577,AWAY_FROM_REFERENCE,0.07246376811594203,MINOR,1,230,,,26cfd9219e6b5841961b9685f708bf6dea83488cb75d82e22ed7f3e9bb0e20a2,0.29694669236037113,0.21464535653703798,0.671875,-13,True,25
SB5076,Sudden deafness,cochlear-mechanical and auditory-neural transduction structure,reduction or loss of auditory mechanical/neural signal transduction,remaining_5256,7c8f44187ea8218fc30c19e54782f9e0fd88cf82ef4a5bed429e8cb8568c5f8e,276,65,7,20,78,27,0.1661039219648559,0.2928036184994136,0.1266996965345577,0.1266996965345577,AWAY_FROM_REFERENCE,0.07246376811594203,MINOR,1,230,,,2686aefde21ea27f694d5f856fc536db17afb0ac59f200a51a28048382a1072c,0.29694669236037113,0.21464535653703798,0.671875,-13,True,26
SB5669,Wandering pacemaker,cardiac conduction and myocardial rhythm structure,"altered configuration or regulated output of the named structure, expressed as the state described by wandering pacemaker",remaining_5256,9683fe827f3f6a33e84cd29b582d6753e8256d85e92ec66fba19655c53539a6d,21,6,6,1,1,7,0.1443877642881869,0.2600101198706928,0.11562235558250589,0.11562235558250589,AWAY_FROM_REFERENCE,0.047619047619047616,MINOR,1,231,,,25e09addd7b01f7a986290c15cfdeab8bc6395186c9d50ef285b6a0ef1488344,0.29628382133736236,0.21898179431385656,0.6484375,5,True,27
SB5459,Urosepsis,innate-adaptive host-defense structure,"altered configuration or regulated output of the named structure, expressed as the state described by urosepsis",remaining_5256,25ed96e79321d259c351c70dbf267721987df67c855ad4b2f8e0dffde1602b51,15,9,1,0,8,1,0.19217672537516073,0.2895556580820384,0.0973789327068777,0.0973789327068777,AWAY_FROM_REFERENCE,0.0,INFORMATIONAL,0,231,,,737ce2427dab46fbbcd9046e89b6716f49a4f7180878e68ac0b767a2fbbcc440,0.29575029987389034,0.2200460974071834,0.640625,1,True,28
SB4336,Proarrhythmia,cardiac conduction and myocardial rhythm structure,"altered configuration or regulated output of the named structure, expressed as the state described by proarrhythmia",remaining_5256,be538d0f51b281d0c06664fc841edb4a4e500fc03c2d595a0d3c856cd1260e19,21,6,6,1,1,7,0.1427075473666094,0.2619117507843156,0.11920420341770621,0.11920420341770621,AWAY_FROM_REFERENCE,0.047619047619047616,MINOR,1,231,,,ffeba35146dbc8faf39552519d19cde6464815efc93398863cff05ff8cb5051a,0.29547311025613543,0.2179931222635798,0.6484375,5,True,29
SB1702,Ear feels clogged,cochlear-mechanical and auditory-neural transduction structure,"altered configuration or regulated output of the named structure, expressed as the state described by ear feels clogged",remaining_5256,8b8b7371170a9e4b2c5c42675f0f54fd8075e39b00fff2fe855668b836c4a9db,276,78,12,18,84,30,0.14523810278802107,0.26931328458488224,0.12407518179686117,0.12407518179686117,AWAY_FROM_REFERENCE,0.06521739130434782,MINOR,1,230,,,71ce0f9fb609e2f50b1faba465de6a41958d2fc2deb00162d4f1e3376c9daf8e,0.29525701348808175,0.2108698335220509,0.6796875,-6,True,30
SB0277,Anal discomfort,anorectal mucosal and sphincter structural structure,abnormal sensory-autonomic signaling indicating departure from the reference local functional state,established_478,57d8ae7eb761cfa4516a0bfab5cc7e8116ce47d0d6a35fc4b021e3fb94fb5634,325,173,11,27,189,38,0.17976341637471216,0.3072879003412369,0.12752448396652472,0.12752448396652472,AWAY_FROM_REFERENCE,0.08307692307692308,MINOR,1,171,,,d82027405c3e41dd52c26ced48e900759d9254a2f6c46569dc3571d3c49b4f23,0.2949260401666159,0.22075584166660478,0.6328125,-16,True,31
SB0325,Anorectal discomfort,anorectal mucosal and sphincter structural structure,abnormal sensory-autonomic signaling indicating departure from the reference local functional state,established_478,57d8ae7eb761cfa4516a0bfab5cc7e8116ce47d0d6a35fc4b021e3fb94fb5634,325,173,11,27,189,38,0.17976341637471216,0.3072879003412369,0.12752448396652472,0.12752448396652472,AWAY_FROM_REFERENCE,0.08307692307692308,MINOR,1,171,,,e51acd1627e244bcdccace213f66a550b2cf945cc38685c07456a6571a5f28fa,0.2949260401666159,0.22075584166660478,0.6328125,-16,True,32
SB1602,Dropped beats,cardiac conduction and myocardial rhythm structure,intermittent failure or pause of expected cardiac depolarization/conduction cycles,remaining_5256,463d94e08d2bef4f494b721f5f5a343eaa3a45cb9e3356aa639acc9e3a6f7435,21,7,3,0,4,3,0.171088169046401,0.3079691404843725,0.1368809714379715,0.1368809714379715,AWAY_FROM_REFERENCE,0.0,INFORMATIONAL,0,231,,,5eeab724841f4f4c9e9f37305478cd37a61e07336c66d51b21640def38c49114,0.29450001295377826,0.21680641823631497,0.6484375,3,True,33
SB5211,Thrombocytopenic purpura,"platelet production, activation, adhesion, and aggregation structure","altered configuration or regulated output of the named structure, expressed as the state described by thrombocytopenic purpura",remaining_5256,9bed5dc6940d1e7d86f7ccf72deb6adc68bad3e827f4804372bbd776e3e78085,15,2,0,4,6,4,0.13459597358286346,0.2606439880297584,0.12604801444689495,0.12604801444689495,AWAY_FROM_REFERENCE,0.26666666666666666,MODERATE,2,230,,,8ecd8d0c346880151b885ba72545a05c99cc2fca43425c3315a52b6c73dfdc2f,0.2944636980140866,0.20990237562693492,0.6796875,-4,True,34
SB4770,Secondary syphilis,innate-adaptive host-defense structure,"altered configuration or regulated output of the named structure, expressed as the state described by secondary syphilis",remaining_5256,70b9577a8bf7a3c0bb94dacd6305e51a07bf5ad1cf4232db2e3899d0b73094d2,15,9,2,0,7,2,0.17972714382242638,0.28382301194219073,0.10409586811976435,0.10409586811976435,AWAY_FROM_REFERENCE,0.0,INFORMATIONAL,0,231,,,1d4590028ced7f931a6a3a5f610a25d7f1aa04d7913a360b93bdc00c4c61d426,0.2943932029690946,0.21667616215743246,0.6484375,2,True,35
SB4627,Respiratory moniliasis,"pulmonary airway-alveolar, pleural, and gas-exchange structure","altered configuration or regulated output of the named structure, expressed as the state described by respiratory moniliasis",remaining_5256,9c61aae7dccf579216fbc56cb3a479e46b0f8eaf542ddadb2480f8dae4db2516,36,17,2,1,16,3,0.19120533805467932,0.2869257835431478,0.09572044548846848,0.09572044548846848,AWAY_FROM_REFERENCE,0.027777777777777776,MINOR,1,231,,,913399bfd9beccd17d7039191f9a8c917cfbfd0700757645bcf9de8fc0c41e54,0.2942397586290223,0.21648903491344185,0.6484375,1,True,36
SB0439,Arrhythmia,cardiac muscle rhythm,abnormal cardiac activation sequence producing disordered rhythm and mechanical timing,established_478,74bec3db352554d5809ff8bf51f4786242eb532b5e39c1be1cc80d84590670dd,105,62,10,12,64,22,0.3019939819347145,0.36995493942120083,0.06796095748648634,0.06796095748648634,AWAY_FROM_REFERENCE,0.11428571428571428,MINOR,1,230,,,5aec120f7a287d4c6e64928c1d07dc80cd90f13b354e66417dca4e97deabacd8,0.2941499586987821,0.2129496447546123,0.6640625,-2,True,37
SB5522,Varicella,innate-adaptive host-defense structure,"altered configuration or regulated output of the named structure, expressed as the state described by varicella",remaining_5256,07c25f5789b8c2f23a290819bf634001481b1cd29b5755addab2a150167fab31,15,9,2,0,7,2,0.17513074448893406,0.27317929153907516,0.0980485470501411,0.0980485470501411,AWAY_FROM_REFERENCE,0.0,INFORMATIONAL,0,231,,,03671f6955eee548fdc3da9206e21b8ce65d49e7d5f899f9240d4122aceba5c3,0.2939081803076288,0.2177996101312546,0.640625,2,True,38
SB3278,Medical device complication,"implanted-device, catheter, or prosthesis tissue-interface structure","altered configuration or regulated output of the named structure, expressed as the state described by medical device complication",remaining_5256,89e350564c3eafba5ff08c39c8c8e2a7afbcdeff36c1aa89cc7bc86aa6808196,1431,616,72,143,687,215,0.14325476392176872,0.2759995947683822,0.13274483084661348,0.13274483084661348,AWAY_FROM_REFERENCE,0.09993011879804332,MINOR,1,223,,,5b92aa46a0ca5284e286f9a8c79b12700b9a24f19c07b6a8b6fe72ca98cc12df,0.2937260446661897,0.21757749349535327,0.640625,-71,True,39
SB2246,Genital herpes,innate-adaptive host-defense structure,"altered configuration or regulated output of the named structure, expressed as the state described by genital herpes",remaining_5256,d8808445eff6c18681c62fd0aa30ff148705d575fde5776b811629f597708ab4,15,9,1,0,8,1,0.19256631266702928,0.28966322584769166,0.09709691318066238,0.09709691318066238,AWAY_FROM_REFERENCE,0.0,INFORMATIONAL,0,231,,,d31384bafaadbfa70eeafda358b3f418df456674c23cdc87026e4b8e0dd8ec15,0.29369135414304387,0.2175351879793218,0.640625,1,True,40
SB2759,Implantation complication,"implanted-device, catheter, or prosthesis tissue-interface structure","altered configuration or regulated output of the named structure, expressed as the state described by implantation complication",remaining_5256,6f812313c806bcb3fa10a1fcf430e3498ca11da48cb15c05d429814a014dec0d,1431,612,72,131,671,203,0.14736324934889566,0.2724723234236892,0.12510907407479355,0.12510907407479355,AWAY_FROM_REFERENCE,0.09154437456324249,MINOR,1,223,,,2f7b5c7f84d8b678db9b6376ee33a8cc3a9debad98a5d362417b3aca48bd2b18,0.2933408625287422,0.21367788113261243,0.65625,-59,True,41
SB3924,Palpitations,cardiac conduction and myocardial rhythm structure,"altered configuration or regulated output of the named structure, expressed as the state described by palpitations",remaining_5256,6419b2129dd17c24383265a9ac7d6bbcbd37ee94508749ae08ede9238ad7bc69,21,6,6,1,1,7,0.14685799366248542,0.2672508382577947,0.1203928445953093,0.1203928445953093,AWAY_FROM_REFERENCE,0.047619047619047616,MINOR,1,231,,,98726ad41c5b48e8c6cdfbb2efdfce8cfa69fb58e876ded8c053f042229d49f1,0.2930666880569523,0.21505846104506376,0.6484375,5,True,42
SB4181,Platelet aggregation inhibition,"platelet production, activation, adhesion, and aggregation structure","altered configuration or regulated output of the named structure, expressed as the state described by platelet aggregation inhibition",remaining_5256,fc22bda7491db1b571c58138a6c803801d36f7a415d0a2b39eec5b16c25b2442,15,6,3,2,5,5,0.14225992264270793,0.2719976377023934,0.12973771505968545,0.12973771505968545,AWAY_FROM_REFERENCE,0.13333333333333333,MINOR,1,230,,,efc71a0121c8afd6c80d2fafbd14f3f63da9bb64029f5737347e7136368ea04c,0.29301203794519237,0.21327687554291752,0.65625,1,True,43
SB1300,Contraceptive device complication,"implanted-device, catheter, or prosthesis tissue-interface structure","altered configuration or regulated output of the named structure, expressed as the state described by contraceptive device complication",remaining_5256,8921e2f7a3ba0391da91e39e61dfaa1d6592c1de1d2c5d406d01cb214affb652,1431,642,72,140,710,212,0.15334628544319806,0.290283285823314,0.13693700038011591,0.13693700038011591,AWAY_FROM_REFERENCE,0.09783368273934312,MINOR,1,223,,,4b7b8b881d7363314014e8f931a57490e8ca7c6781a70474eb4adf4baaec6fdb,0.29282169305666655,0.2181895647032519,0.6328125,-68,True,44
SB1745,Electrocardiogram QRS complex,cardiac conduction and myocardial rhythm structure,"altered configuration or regulated output of the named structure, expressed as the state described by electrocardiogram qrs complex",remaining_5256,c0c1f09aa3311e2017c589a9b03ca52513f24b3b73c0736419563d4d6daaecbd,21,6,3,1,4,4,0.1384773224115069,0.2514012189770356,0.1129238965655287,0.1129238965655287,AWAY_FROM_REFERENCE,0.047619047619047616,MINOR,1,231,,,cd5131480b93c6cc8ff092388404aa8eb55dd5512914b40c9fb27aa8e2157200,0.29263120467826037,0.2162423227783663,0.640625,2,True,45
SB1726,Eczema eyelids,"cutaneous epidermal-dermal barrier, appendage, vascular, and immune structure","altered configuration or regulated output of the named structure, expressed as the state described by eczema eyelids",remaining_5256,ea8fc5c96efa0d5c5869f9b34e4a338c61a351cfef298f3f042ceb08dfa0badb,300,122,16,23,129,39,0.165179192705323,0.2947239183004692,0.12954472559514618,0.12954472559514618,AWAY_FROM_REFERENCE,0.07666666666666666,MINOR,1,231,,,c19b3f9599d6f57c68e6f022c8534f126b9ba4055ff180f3039b787e4c0964f1,0.292393836216069,0.20566321489764516,0.6875,-7,True,46
SB1025,Central obesity,"adipose-tissue storage, body-composition, and energy-balance structure",net body-energy storage exceeding expenditure with increased tissue mass,remaining_5256,c71699fb925414b2c97850454e4bc278f333215826b31dbeb2860df78f74c895,45,23,8,0,15,8,0.1787597103581975,0.3047642832212174,0.12600457286301991,0.12600457286301991,AWAY_FROM_REFERENCE,0.0,INFORMATIONAL,0,174,,,29b931f35251c193bbc1211d0f77fa7e836d28a626a020b99d77f297222359c0,0.2923290443199631,0.21758877356093065,0.6328125,8,True,47
SB3702,Obesity,"adipose-tissue storage, body-composition, and energy-balance structure",net body-energy storage exceeding expenditure with increased tissue mass,remaining_5256,c71699fb925414b2c97850454e4bc278f333215826b31dbeb2860df78f74c895,45,23,8,0,15,8,0.1787597103581975,0.3047642832212174,0.12600457286301991,0.12600457286301991,AWAY_FROM_REFERENCE,0.0,INFORMATIONAL,0,174,,,b10828f478a66f804d8f93fa29996e15f52788c406d2b3dac569c389384a7ae9,0.2923290443199631,0.21758877356093065,0.6328125,8,True,48
SB4562,Reflex sympathetic dystrophy,sympathetic-parasympathetic autonomic-control network,"altered configuration or regulated output of the named structure, expressed as the state described by reflex sympathetic dystrophy",remaining_5256,581ea1c20760def5e9a8d912d4c0800675cad2a7e9cf9019fd710e07759cb04d,78,38,19,2,21,21,0.17178880569800903,0.2980571140101036,0.12626830831209457,0.12626830831209457,AWAY_FROM_REFERENCE,0.02564102564102564,MINOR,1,223,,,98ca4077b4fed30403ef845f95266d21796480a03e8e4e4604ddead4970dc2b7,0.29218045516750446,0.213977689228664,0.6484375,17,True,49
SB4472,Purpura non-thrombocytopenic,"platelet production, activation, adhesion, and aggregation structure","altered configuration or regulated output of the named structure, expressed as the state described by purpura non-thrombocytopenic",remaining_5256,5b91c215ef5ae029d642287584593f4f056758cd724695dfa41c52c90da3523f,15,5,2,2,5,4,0.13895515156607563,0.2586509812197937,0.11969582965371806,0.11969582965371806,AWAY_FROM_REFERENCE,0.13333333333333333,MINOR,1,230,,,3643022c0f2bbd7f9d381ecc26fc08ee9c40f8f0db9c0d6257e5a493215838be,0.29192848933452104,0.20852559674941595,0.671875,0,True,50
SB1747,Electrocardiogram QRS complex prolonged,cardiac conduction and myocardial rhythm structure,event duration or measured interval extended beyond the reference timing range,remaining_5256,fe64392959eee8b6752fe6593ca5bec6004aadf5946ee36d53e5418742c8346d,21,4,4,1,1,5,0.14776129614468225,0.257445251105364,0.10968395496068173,0.10968395496068173,AWAY_FROM_REFERENCE,0.047619047619047616,MINOR,1,231,,,52a9613d8e2f360be3f3ceb67b7a1cbeb49ad7f42a8321964d0f9c56debaaa46,0.29187226660376175,0.2170317275655631,0.6328125,3,True,51
SB1749,Electrocardiogram QT corrected interval prolonged,cardiac conduction and myocardial rhythm structure,event duration or measured interval extended beyond the reference timing range,remaining_5256,fe64392959eee8b6752fe6593ca5bec6004aadf5946ee36d53e5418742c8346d,21,4,4,1,1,5,0.14776129614468225,0.257445251105364,0.10968395496068173,0.10968395496068173,AWAY_FROM_REFERENCE,0.047619047619047616,MINOR,1,231,,,5fb6a82a72babdc9314e49e31b20c4ad4458407302ddd9586a7890bfdbc4faa8,0.29187226660376175,0.2170317275655631,0.6328125,3,True,52
SB1752,Electrocardiogram QT prolonged,cardiac conduction and myocardial rhythm structure,event duration or measured interval extended beyond the reference timing range,remaining_5256,fe64392959eee8b6752fe6593ca5bec6004aadf5946ee36d53e5418742c8346d,21,4,4,1,1,5,0.14776129614468225,0.257445251105364,0.10968395496068173,0.10968395496068173,AWAY_FROM_REFERENCE,0.047619047619047616,MINOR,1,231,,,3a7386a21cad1aea1856cb67dba54a3812e55133d061012a9d7b2dfd9899157c,0.29187226660376175,0.2170317275655631,0.6328125,3,True,53
SB4410,Psoriatic plaque,"cutaneous epidermal-dermal barrier, appendage, vascular, and immune structure","altered configuration or regulated output of the named structure, expressed as the state described by psoriatic plaque",remaining_5256,7678a85ff6b672922836e78fd32ba392683ef3c0d2cffe91dd2bfe0a63e04096,300,112,14,25,123,39,0.1686655265186494,0.2910834070568452,0.1224178805381958,0.1224178805381958,AWAY_FROM_REFERENCE,0.08333333333333333,MINOR,1,231,,,cbe5e5f2b6d01d2b4494e131a0b622d808605fd509c14e0a0c7fdb6bc03def25,0.2918651149009152,0.2101632498791649,0.6640625,-11,True,54
SB2910,Interstitial lung disease,"pulmonary airway-alveolar, pleural, and gas-exchange structure","altered configuration or regulated output of the named structure, expressed as the state described by interstitial lung disease",remaining_5256,ef201b4498bfbe17c6b6dfcea15bcf88847544df68169391268d8ff03faa9270,36,17,1,0,16,1,0.1904345066334665,0.2904974623424841,0.10006295570901758,0.10006295570901758,AWAY_FROM_REFERENCE,0.0,INFORMATIONAL,0,231,,,32d60891bc8e21b0ee9a9842fe472b2cff0b7ad06fb85c1b587f9ba7f4bc9a46,0.29181533131119464,0.21867723330633493,0.625,1,True,55
SB3674,Nodal rhythm,cardiac conduction and myocardial rhythm structure,"altered configuration or regulated output of the named structure, expressed as the state described by nodal rhythm",remaining_5256,5381368d1aaa477e7d12af64bdd83809d0f61774901ab715444171f5aadbd88e,21,5,5,1,1,6,0.14253975754619308,0.25764891297784076,0.11510915543164768,0.11510915543164768,AWAY_FROM_REFERENCE,0.047619047619047616,MINOR,1,231,,,f6dec897114a7a44c512c579e340470d5c0523014c5711029930632ea8248128,0.29158056512847946,0.2166759940591213,0.6328125,4,True,56
SB2919,Intestinal diaphragm disease,"intestinal mucosal barrier, smooth-muscle motility, and luminal transport structure","altered configuration or regulated output of the named structure, expressed as the state described by intestinal diaphragm disease",remaining_5256,008a6645f67c72f802193e8ed06b7a57493cf0beb5dafeecabe454121585cf5c,276,88,8,31,111,39,0.12212400218899444,0.2551944721561774,0.13307046996718297,0.13307046996718297,AWAY_FROM_REFERENCE,0.11231884057971014,MINOR,1,231,,,c15cb208caa049c1e344bb78323d3cef9723f1bb7fbe4f3a0cca5e482f85cc65,0.29101440056597694,0.21598554947070359,0.6328125,-23,True,57
SB1653,Dysacusis,cochlear-mechanical and auditory-neural transduction structure,"altered configuration or regulated output of the named structure, expressed as the state described by dysacusis",remaining_5256,83dd7c8dc9096899e123a0b56efac5dc22bf84ba5ce042033ee3bda4b970f675,276,76,10,17,83,27,0.14584765483583428,0.2684967085580616,0.12264905372222734,0.12264905372222734,AWAY_FROM_REFERENCE,0.06159420289855073,MINOR,1,230,,,28e23b506a578bcaf406be6fcf7086442eb1257a837a7ce51b99f86068343542,0.29078307260050407,0.21055862512256596,0.65625,-7,True,58
SB4337,Proarrhythmic effect,cardiac conduction and myocardial rhythm structure,"altered configuration or regulated output of the named structure, expressed as the state described by proarrhythmic effect",remaining_5256,8d549dbfa46104f82c0ab306c3b6b9ec4f3d8a24d2504ceedfd83fff9fd2dc7b,21,6,6,1,1,7,0.14930626610504183,0.27013966895068,0.12083340284563815,0.12083340284563815,AWAY_FROM_REFERENCE,0.047619047619047616,MINOR,1,231,,,0074976d0148f3a1e60760b867bb46bc1fd74f34d93f879af3588ea1093278dc,0.29072448588808514,0.21391705596107946,0.640625,5,True,59
SB4919,Skipped beats,cardiac conduction and myocardial rhythm structure,"altered configuration or regulated output of the named structure, expressed as the state described by skipped beats",remaining_5256,fa73f5cf449ca4351dc942062e3e1c3837a79b44f2a3797bdedc1e2838bae736,21,5,2,1,4,3,0.14434677337127888,0.2631943853142782,0.11884761194299931,0.11884761194299931,AWAY_FROM_REFERENCE,0.047619047619047616,MINOR,1,231,,,28b819c338177b221b8fee70589b705de37a00d9a6545bb9afa0e0f26eef6b4c,0.2907119009860871,0.21390170851961843,0.640625,1,True,60
SB0533,Autoimmune disorder,"systemic immune-recognition, signaling, and effector-response structure",immune recognition directed against self-associated structures with sustained effector perturbation,remaining_5256,d38f8640af6253c0bb80f60cf91fbb6389bb71472276d8f0009d408e50155aa2,378,123,16,47,154,63,0.12313171041400284,0.24884101108624712,0.12570930067224428,0.12570930067224428,AWAY_FROM_REFERENCE,0.12433862433862433,MINOR,1,231,,,95377dbb94e796de28288c4b90dcea77ea73727474ec6f1265aa23539ccdcb07,0.2905060446745049,0.21365066423720114,0.640625,-31,True,61
SB3950,Papanicolaou smear suspicious,cochlear-mechanical and auditory-neural transduction structure,"altered configuration or regulated output of the named structure, expressed as the state described by papanicolaou smear suspicious",remaining_5256,92ac72fa466cf1fae294dcc47b58fc6838b8e88314e9994acadca336b886027c,276,75,9,21,87,30,0.14338696113085614,0.27013707683571175,0.12675011570485561,0.12675011570485561,AWAY_FROM_REFERENCE,0.07608695652173914,MINOR,1,230,,,3c6331a85261da81f4dd044c04903d0912ccc7067370aca8a603371cabe9fef4,0.2905014520378962,0.21193012443645876,0.6484375,-12,True,62
SB1707,Ear pruritus,cochlear-mechanical and auditory-neural transduction structure,aberrant cutaneous sensory signaling associated with local barrier/immune perturbation,remaining_5256,0a54686855766afe8283c177e0965860a1bd9b37668beeb895cc901d7409e3a4,276,75,12,18,81,30,0.1564068132670552,0.28907284319243765,0.13266602992538246,0.13266602992538246,AWAY_FROM_REFERENCE,0.06521739130434782,MINOR,1,230,,,00c76cfd33942a5c9528630cf14bb7492e9a2d782dd7edef1e36ff3aec4845ea,0.29019286858041765,0.20812392509807032,0.6640625,-6,True,63
SB5298,Toxic epidermal necrolysis,"cutaneous epidermal-dermal barrier, appendage, vascular, and immune structure","altered configuration or regulated output of the named structure, expressed as the state described by toxic epidermal necrolysis",remaining_5256,9bac55d9cb5f54ed4ab47b99a0454b0d5844449a6e5d37559a5248f8d757fe4c,300,118,20,22,120,42,0.1678344436899739,0.2966004054275966,0.12876596173762267,0.12876596173762267,AWAY_FROM_REFERENCE,0.07333333333333333,MINOR,1,231,,,04d83763971965aa835313242a584a421ce1688f6b68f0f56785d7e51c3013bc,0.2899933919792371,0.2113105389990697,0.6484375,-2,True,64
SB3274,Measles,innate-adaptive host-defense structure,"altered configuration or regulated output of the named structure, expressed as the state described by measles",remaining_5256,fa35639557f19019083ad7142bc8d18b5154426ea87f70167cba7dd544643f15,15,9,2,0,7,2,0.18292054446880446,0.27743951600550565,0.09451897153670119,0.09451897153670119,AWAY_FROM_REFERENCE,0.0,INFORMATIONAL,0,231,,,e33ea641915c00438a9a66e2c8dfe42cbb25c2004fe6d85104811bd155baf141,0.2899877035650004,0.21473347995731762,0.6328125,2,True,65
SB0568,Balance difficulty,vestibular sensory-transduction and balance-control structure,reduced ability of the named structure/process to complete its normal regulated operation,remaining_5256,ddbe08adc8456dcd08d6cf610ce9cdba371911a6413bd563ef568154f6c0c31a,15,4,0,2,6,2,0.18833713723220635,0.31222386311538153,0.12388672588317517,0.12388672588317517,AWAY_FROM_REFERENCE,0.13333333333333333,MINOR,1,198,,,eec4df3a513e99560409dc7e0a7630653e8ab29b4a3aca1bff473b61f90893c0,0.2898851398138379,0.20431876806565596,0.6796875,-2,True,66
SB4455,Pulse irregular,cardiac conduction and myocardial rhythm structure,"altered configuration or regulated output of the named structure, expressed as the state described by pulse irregular",remaining_5256,0c4f71ba01500cd833ff688dbfa3ad40600ece2645f10e95119d0d4d8f61e1ef,21,6,6,1,1,7,0.144519851728509,0.2608166309657337,0.1162967792372247,0.1162967792372247,AWAY_FROM_REFERENCE,0.047619047619047616,MINOR,1,231,,,d8130602e7d6c978bcb57f3ffee925db5b7cbd31d4c0d222ac0db408f9fc92e7,0.28957789102317016,0.2142337085648417,0.6328125,5,True,67
SB1735,Ejaculation decreased,"male gonadal, ductal, accessory-gland, and reproductive-output structure",measured or functional quantity shifted below its reference structural range,remaining_5256,657976b1d273cc0baeae1d5616be19e471b50e8e1c06c53fcdc617012377e483,190,88,12,15,91,27,0.14307420890292455,0.2620233888139929,0.11894917991106835,0.11894917991106835,AWAY_FROM_REFERENCE,0.07894736842105263,MINOR,1,223,,,7e90b88c3199d525ba71a87c8824d9b46de4a837de530cd34809fa843e06e289,0.2894900052810398,0.2124115918061461,0.640625,-3,True,68
SB4778,Semen volume decreased,"male gonadal, ductal, accessory-gland, and reproductive-output structure",measured or functional quantity shifted below its reference structural range,remaining_5256,657976b1d273cc0baeae1d5616be19e471b50e8e1c06c53fcdc617012377e483,190,88,12,15,91,27,0.14307420890292455,0.2620233888139929,0.11894917991106835,0.11894917991106835,AWAY_FROM_REFERENCE,0.07894736842105263,MINOR,1,223,,,10b3861df8ee1063aa196129d4c107cc723dd45111099c0373ff8f483ec1d5cf,0.2894900052810398,0.2124115918061461,0.640625,-3,True,69
SB4972,Sperm concentration decreased,"male gonadal, ductal, accessory-gland, and reproductive-output structure",measured or functional quantity shifted below its reference structural range,remaining_5256,657976b1d273cc0baeae1d5616be19e471b50e8e1c06c53fcdc617012377e483,190,88,12,15,91,27,0.14307420890292455,0.2620233888139929,0.11894917991106835,0.11894917991106835,AWAY_FROM_REFERENCE,0.07894736842105263,MINOR,1,223,,,80e3fb9387ba9ab755dfdb87cdfbd4b375b6464f528a5c65a2829ad46ed26f37,0.2894900052810398,0.2124115918061461,0.640625,-3,True,70
SB4973,Sperm count decreased,"male gonadal, ductal, accessory-gland, and reproductive-output structure",measured or functional quantity shifted below its reference structural range,remaining_5256,657976b1d273cc0baeae1d5616be19e471b50e8e1c06c53fcdc617012377e483,190,88,12,15,91,27,0.14307420890292455,0.2620233888139929,0.11894917991106835,0.11894917991106835,AWAY_FROM_REFERENCE,0.07894736842105263,MINOR,1,223,,,c4025a3e11311979fbee671e959097c4807fe035dbf8e8fe53ce74ac0c5767c4,0.2894900052810398,0.2124115918061461,0.640625,-3,True,71
SB1748,Electrocardiogram QT corrected interval,cardiac conduction and myocardial rhythm structure,"altered configuration or regulated output of the named structure, expressed as the state described by electrocardiogram qt corrected interval",remaining_5256,166f50d888bb6e4203959b9fd2594f5a061ce693eb24c5ea40b9bd4608ab231d,21,6,3,1,4,4,0.1368714827996631,0.2526768203082663,0.11580533750860322,0.11580533750860322,AWAY_FROM_REFERENCE,0.047619047619047616,MINOR,1,231,,,25689910bb748cb40004817b23e6fedeac581ae1708e4439f2f2bd05b2cd4c67,0.2894272562268758,0.21405000759375103,0.6328125,2,True,72
SB3596,Nephrogenic diabetes insipidus,renal glomerular-tubular filtration and fluid-balance structure,failure of water-conservation signaling or renal response causing excessive dilute urine output,remaining_5256,87f3920a5dc0db1b0a067c4c0863c65100b3c1ddbad4efb3022aed992041ac85,91,32,3,7,36,10,0.15707663157157592,0.29488470805263733,0.13780807648106141,0.13780807648106141,AWAY_FROM_REFERENCE,0.07692307692307693,MINOR,1,231,,,95a975b3b62780479331f1a8e9acaa06bae580beeda559a98acb7d909eb75ef2,0.28929549810500105,0.2121743879329281,0.640625,-4,True,73
SB1870,Erection increased,"male gonadal, ductal, accessory-gland, and reproductive-output structure",measured or functional quantity shifted above its reference structural range,remaining_5256,b99fa9b28f477b67c44929b1801d8a89c58ed6aa682d6fff0f6c1f152b7b0ae2,190,82,12,19,89,31,0.14789351556309482,0.2662864091257413,0.11839289356264648,0.11839289356264648,AWAY_FROM_REFERENCE,0.1,MINOR,1,223,,,aa061d9a9bbd854951019b04de90550ae98020ee88b492550a32bd8a55899057,0.28911272023915624,0.21538136614531256,0.625,-7,True,74
SB2123,Free prostate-specific antigen increased,"male gonadal, ductal, accessory-gland, and reproductive-output structure",measured or functional quantity shifted above its reference structural range,remaining_5256,b99fa9b28f477b67c44929b1801d8a89c58ed6aa682d6fff0f6c1f152b7b0ae2,190,82,12,19,89,31,0.14789351556309482,0.2662864091257413,0.11839289356264648,0.11839289356264648,AWAY_FROM_REFERENCE,0.1,MINOR,1,223,,,e375c975b2ba93acc57008f75bd7d7f0a605757a2b2ffb24ab695e32d17e7760,0.28911272023915624,0.21538136614531256,0.625,-7,True,75
SB4370,Prostatic specific antigen increased,"male gonadal, ductal, accessory-gland, and reproductive-output structure",measured or functional quantity shifted above its reference structural range,remaining_5256,b99fa9b28f477b67c44929b1801d8a89c58ed6aa682d6fff0f6c1f152b7b0ae2,190,82,12,19,89,31,0.14789351556309482,0.2662864091257413,0.11839289356264648,0.11839289356264648,AWAY_FROM_REFERENCE,0.1,MINOR,1,223,,,7535a87111353564de294039c3e7b2a5221c4a69309c5e56012b8e30d247ef15,0.28911272023915624,0.21538136614531256,0.625,-7,True,76
SB4445,Pulmonary oil microembolism,"pulmonary airway-alveolar, pleural, and gas-exchange structure","altered configuration or regulated output of the named structure, expressed as the state described by pulmonary oil microembolism",remaining_5256,f4f6a4ee61bd0fe3dc3a1018e35a2dac2af18938e691f3b3cba0368849820777,36,16,2,2,16,4,0.17775720562416486,0.2806455419382463,0.10288833631408145,0.10288833631408145,AWAY_FROM_REFERENCE,0.05555555555555555,MINOR,1,231,,,9afe733888cf6d1bb7e51fe1ec5dca932d4319c7976561ac9bf6752d7113859d,0.2890599873490926,0.20502742359645443,0.671875,0,True,77
SB1095,Cheyne-Stokes respiration,"pulmonary airway-alveolar, pleural, and gas-exchange structure","altered configuration or regulated output of the named structure, expressed as the state described by cheyne-stokes respiration",remaining_5256,60ca03511a056c5b3583aae5459bbf94fa837ce85fc88a044f52d07ec4b32c8f,36,17,1,1,17,2,0.1761175091395848,0.27939294129411174,0.10327543215452695,0.10327543215452695,AWAY_FROM_REFERENCE,0.027777777777777776,MINOR,1,231,,,540dad0e2922fcc2c411478a50e9b38fba760d9c653363cb3bbefbccbdff20f1,0.28903352498563945,0.2067100914459018,0.6640625,0,True,78
SB4446,Pulmonary ossification,"pulmonary airway-alveolar, pleural, and gas-exchange structure","altered configuration or regulated output of the named structure, expressed as the state described by pulmonary ossification",remaining_5256,b561c510b752ff55803edafe6cb1faa9e9bb9e2b667130a38e18abd6b1099caa,36,17,1,1,17,2,0.18815542611387004,0.28862898066550036,0.10047355455163032,0.10047355455163032,AWAY_FROM_REFERENCE,0.027777777777777776,MINOR,1,231,,,2af18a021076c0f5a4135c74790d87fbd23d8262e0458ff9a3289a7ef91a10a4,0.28885115630122676,0.20991756866003264,0.6484375,0,True,79
SB3481,Mycobacterium test,innate-adaptive host-defense structure,"altered configuration or regulated output of the named structure, expressed as the state described by mycobacterium test",remaining_5256,f4244800fe544007f4cc28ee7521bb0416b5d284a449cbc4aaa791eb2ca1785d,15,9,2,0,7,2,0.18520702044806514,0.2784266146974954,0.09321959424943027,0.09321959424943027,AWAY_FROM_REFERENCE,0.0,INFORMATIONAL,0,231,,,34bce9802ac47fc0e789a3d0e502dd54bf0cf7e5abd159954df1ac8706364f9b,0.2885532002592254,0.21641396373076272,0.6171875,2,True,80
SB1134,Chromatopsia,retinal-cone and visual color-processing structure,"altered configuration or regulated output of the named structure, expressed as the state described by chromatopsia",remaining_5256,bc346021794dce0ae72a7382f6f03b559ab257d2413aeab5ccfcf594411df42d,78,38,2,11,47,13,0.16831113863264235,0.29046090826256865,0.1221497696299263,0.1221497696299263,AWAY_FROM_REFERENCE,0.14102564102564102,MINOR,1,223,,,ff76c5931363d0caf02aea27ab5e460bd51f5e8407d378a41a88a81c7b85d263,0.28832963310562154,0.21614132086051407,0.6171875,-9,True,81
SB2399,"Hallucination, auditory",cochlear-mechanical and auditory-neural transduction structure,"altered configuration or regulated output of the named structure, expressed as the state described by hallucination, auditory",remaining_5256,1cdbf3919d0e4261213f0ae42d58521a05eeafd80cfd99b99f9c6ac36e590c24,276,70,7,23,86,30,0.14670367376317195,0.2762046072132066,0.12950093345003466,0.12950093345003466,AWAY_FROM_REFERENCE,0.08333333333333333,MINOR,1,230,,,9eca452921e4e475c79a60afaaad94e43aa0e72ec11ec40a73956f972467c023,0.28821833807331354,0.2125757171625775,0.6328125,-16,True,82
SB0118,Acute diarrhea,intestinal epithelial fluid-transport and enteric-motility structure,excess or abnormal fluid/material outflow from the named structure,established_478,ab2baa9196e18c4cc53016c4426a935dcbad74b98e1cdc37872621baa5ef5c35,120,50,5,14,59,19,0.13860366559093262,0.2902256081810023,0.15162194259006967,0.15162194259006967,AWAY_FROM_REFERENCE,0.11666666666666667,MINOR,1,194,,,e8b45dcccb7e55c7b2cba1ceef4aca05d7cdcb5fd6202fd9cf8b93f083a32af4,0.2880997554354312,0.2192908602871112,0.6015625,-9,True,83
SB5722,Xanthopsia,retinal-cone and visual color-processing structure,"altered configuration or regulated output of the named structure, expressed as the state described by xanthopsia",remaining_5256,255f7e858f61ae55fdfb13aafe45fe16574e166f77bc7b5a366ab9c22e95be90,78,37,1,11,47,12,0.16216074036834371,0.2827000429705715,0.12053930260222778,0.12053930260222778,AWAY_FROM_REFERENCE,0.14102564102564102,MINOR,1,223,,,f19a84041297db39afe721152e53145402c7dfe6faccc535e105cf6b019e045e,0.2878015256407163,0.21549728736672724,0.6171875,-10,True,84
SB0373,Aortic valve sclerosis,aortic-valve leaflet structural structure,excess matrix deposition/remodeling with increased tissue stiffness and reduced normal architecture,established_478,1057c83119c0dbc1f0203972659fbd7ec7089752f4fdfe6124b2abd6c6a12e1b,28,11,0,1,12,1,0.1922962083746731,0.3187853836330329,0.1264891752583598,0.1264891752583598,AWAY_FROM_REFERENCE,0.03571428571428571,MINOR,1,231,,,f60b08711d46bd9333ff00fd24abf0ddd85513411514c8f9be3190c2cfed4582,0.2874487312352061,0.21163717223805623,0.6328125,-1,True,85
SB1659,Dyschromatopsia,retinal-cone and visual color-processing structure,distorted discrimination or mapping of visual wavelength/color signals,remaining_5256,ae1399514bac01f4816547dc1ab024cdf3c63953c07a26ffbb769fbe8546c240,78,44,4,10,50,14,0.208715149997712,0.3217404136756258,0.11302526367791377,0.11302526367791377,AWAY_FROM_REFERENCE,0.1282051282051282,MINOR,1,223,,,16eb2bebc9e1c50d188c2b6705c06108843b4c4d9fecf68e8a15104a83624b98,0.2873656701350872,0.21325081723791117,0.625,-6,True,86
SB1060,Cervical smear test positive,cochlear-mechanical and auditory-neural transduction structure,detectable presence of the measured target where the reference state is absent or lower,remaining_5256,e6c45b5a0416e1f3ba6cafdc593c8bc482d64336b345def4732788a15915b16d,276,84,12,13,85,25,0.14938380324949752,0.2656077316733656,0.11622392842386808,0.11622392842386808,AWAY_FROM_REFERENCE,0.04710144927536232,MINOR,1,230,,,f9fea1fb3e3eea24855049aca5b84439e2f53176c70ee13d28b8d2e50c76bc24,0.28728099504952853,0.2045728598164982,0.6640625,-1,True,87
SB1394,Cyanopsia,retinal-cone and visual color-processing structure,"altered configuration or regulated output of the named structure, expressed as the state described by cyanopsia",remaining_5256,38559ccc812a0bf3466bdc27e71988beaba6dd478b9f7598c3ecccfdb901af66,78,38,3,11,46,14,0.16098696531498746,0.2824928356766504,0.12150587036166294,0.12150587036166294,AWAY_FROM_REFERENCE,0.14102564102564102,MINOR,1,223,,,a6512ada65f1524602244bba8152bb20179733ed29d265aad9ca4d0c0a722193,0.2869797785576975,0.21621009580207018,0.609375,-8,True,88
SB1738,Ejaculation failure,"male gonadal, ductal, accessory-gland, and reproductive-output structure",reduced or unstable functional output insufficient to maintain the reference structural state,remaining_5256,1d0833fe50a2c4502080245f0c6f4cd496af6493406d7f28bbcea744a7a4c0a5,190,98,13,21,106,34,0.15921224534672362,0.28856394333689717,0.12935169799017354,0.12935169799017354,AWAY_FROM_REFERENCE,0.11052631578947368,MINOR,1,223,,,4d1d8de2e5aa45b15835a3f1d404b4df42b03a69c9a1f2e91c818ff1117f8b2c,0.28684047018104897,0.20746551241591338,0.6484375,-8,True,89
SB1869,Erectile dysfunction,"male gonadal, ductal, accessory-gland, and reproductive-output structure",reduced or unstable functional output insufficient to maintain the reference structural state,remaining_5256,1d0833fe50a2c4502080245f0c6f4cd496af6493406d7f28bbcea744a7a4c0a5,190,98,13,21,106,34,0.15921224534672362,0.28856394333689717,0.12935169799017354,0.12935169799017354,AWAY_FROM_REFERENCE,0.11052631578947368,MINOR,1,223,,,9f750de9b7e3734a6302ba93f3074d3a7708daa868df949277f80919e9ad9a6a,0.28684047018104897,0.20746551241591338,0.6484375,-8,True,90
SB1580,Distention,"implanted-device, catheter, or prosthesis tissue-interface structure","altered configuration or regulated output of the named structure, expressed as the state described by distention",remaining_5256,a8e4d55ddf8b270ca49eadff942e7c5856bc9ee09912621614705fb8af2029dd,1431,614,66,125,673,191,0.15249652360905008,0.28075691402018055,0.12826039041113046,0.12826039041113046,AWAY_FROM_REFERENCE,0.08735150244584207,MINOR,1,223,,,ab3298624e25b82422ffe0887e9b2779e537f962133f6e8f09572398d4bc5fc4,0.2867566566932266,0.2142230569429593,0.6171875,-59,True,91
SB3742,Oesophageal candidiasis,"oesophageal mucosal, peristaltic, and sphincter-control structure","altered configuration or regulated output of the named structure, expressed as the state described by oesophageal candidiasis",remaining_5256,f37f6fc43d3ad084c34c584575bf30a9746f2c96aded6310918da30249c94f55,28,8,2,2,8,4,0.12527856570947815,0.2609866558045749,0.13570809009509677,0.13570809009509677,AWAY_FROM_REFERENCE,0.07142857142857142,MINOR,1,231,,,09386f0109c72f99923c2a58878e94c9f51979e08c5939c7692a58913d0c9aef,0.28656778878761036,0.21742260827757365,0.6015625,0,True,92
SB2739,Immune status,"systemic immune-recognition, signaling, and effector-response structure","altered configuration or regulated output of the named structure, expressed as the state described by immune status",remaining_5256,3031073e74f81cb8f74e704c4b4151327bb125fb2f4048654e2eea16f8ed872a,378,123,9,56,170,65,0.12213853683036979,0.24552783577895243,0.12338929894858264,0.12338929894858264,AWAY_FROM_REFERENCE,0.14814814814814814,MINOR,1,231,,,a19f22835151858a28ad38061824a73e02c020d26d57c30628dde19a890c8808,0.2864972149985997,0.21562160365682892,0.609375,-47,True,93
SB4433,Pulmonary eosinophilia,"pulmonary airway-alveolar, pleural, and gas-exchange structure","altered configuration or regulated output of the named structure, expressed as the state described by pulmonary eosinophilia",remaining_5256,6c1159aab81b3995ab4224d6371fdf5a457d752bbc8f875c707ff7ef84ae6fe7,36,16,2,0,14,2,0.1861935516933535,0.2878500082627954,0.10165645656944189,0.10165645656944189,AWAY_FROM_REFERENCE,0.0,INFORMATIONAL,0,231,,,56f26420ac5218bf6967dc0acffa647519ffbb83c180594407d9f7ead2ce705a,0.28627120452208377,0.21191610307571196,0.625,2,True,94
SB1750,Electrocardiogram QT interval,cardiac conduction and myocardial rhythm structure,"altered configuration or regulated output of the named structure, expressed as the state described by electrocardiogram qt interval",remaining_5256,a7b668e7a6528591e4810db9d3781d0fde933a7fbc40eb3a3b795137b1699831,21,6,3,1,4,4,0.13487048430646842,0.25015610034631863,0.11528561603985021,0.11528561603985021,AWAY_FROM_REFERENCE,0.047619047619047616,MINOR,1,231,,,7397ab2869ba243e715d845202c4e845e46d6650cd7871309ed527f823e48fcf,0.2861580700323615,0.21349307321019695,0.6171875,2,True,95
SB5095,Superinfection,innate-adaptive host-defense structure,"altered configuration or regulated output of the named structure, expressed as the state described by superinfection",remaining_5256,fb5c65719fabdb2814a8086d24ce71c6765ce6a1798de8942da9faa5021d9f9b,15,9,1,0,8,1,0.19033581532892618,0.2863322014042906,0.09599638607536443,0.09599638607536443,AWAY_FROM_REFERENCE,0.0,INFORMATIONAL,0,231,,,f324e26cf08e689f2750f7c42030b2fce73d975fa2dcd03cfa93d571e4979e81,0.28601701534824986,0.21160611627835346,0.625,1,True,96
SB2725,Idiopathic pulmonary fibrosis,"pulmonary airway-alveolar, pleural, and gas-exchange structure",excess matrix deposition/remodeling with increased tissue stiffness and reduced normal architecture,remaining_5256,4adc0258c9994023bc03045a251df0ee127613d14f72b1c818a2c798870617b6,36,17,1,3,19,4,0.1834380060614661,0.30360253743038057,0.12016453136891447,0.12016453136891447,AWAY_FROM_REFERENCE,0.08333333333333333,MINOR,1,231,,,ebf8cfe5361c24c6af306cea12179508563fe744fedfb26c4a575080eb4b8c6c,0.28580334882291775,0.20620073027185093,0.6484375,-2,True,97
SB3193,Lung fibrosis interstitial,"pulmonary airway-alveolar, pleural, and gas-exchange structure",excess matrix deposition/remodeling with increased tissue stiffness and reduced normal architecture,remaining_5256,4adc0258c9994023bc03045a251df0ee127613d14f72b1c818a2c798870617b6,36,17,1,3,19,4,0.1834380060614661,0.30360253743038057,0.12016453136891447,0.12016453136891447,AWAY_FROM_REFERENCE,0.08333333333333333,MINOR,1,231,,,fa7e79b84402db9acb8245af09a4487b7045c82231e260ed291022ecf1d7746d,0.28580334882291775,0.20620073027185093,0.6484375,-2,True,98
SB4434,Pulmonary fibrosis,"pulmonary airway-alveolar, pleural, and gas-exchange structure",excess matrix deposition/remodeling with increased tissue stiffness and reduced normal architecture,remaining_5256,4adc0258c9994023bc03045a251df0ee127613d14f72b1c818a2c798870617b6,36,17,1,3,19,4,0.1834380060614661,0.30360253743038057,0.12016453136891447,0.12016453136891447,AWAY_FROM_REFERENCE,0.08333333333333333,MINOR,1,231,,,4aa20610ed0cabfc49e70e8348da4e71a24bec31d5f3a5c279ef327322492388,0.28580334882291775,0.20620073027185093,0.6484375,-2,True,99
SB5520,Vagotonia,sympathetic-parasympathetic autonomic-control network,"altered configuration or regulated output of the named structure, expressed as the state described by vagotonia",remaining_5256,6acb2e77e50e1cc7ce12cf53e7381285762d4e8c45c7b53685c109ecedc4680e,78,40,21,1,20,22,0.16122999363119517,0.28021053904740734,0.11898054541621217,0.11898054541621217,AWAY_FROM_REFERENCE,0.01282051282051282,MINOR,1,223,,,ed76d48b166e5580255d47712dbf70086d30447cb32b74714b65a4de50733ba2,0.2856927072383018,0.2094956795589047,0.6328125,20,True,100
SB1099,Chloropsia,retinal-cone and visual color-processing structure,"altered configuration or regulated output of the named structure, expressed as the state described by chloropsia",remaining_5256,84b1068aeb1eefaa46a0217d80d330430152390e361100243d9857e9dbb12cd0,78,36,0,11,47,11,0.15969664279201257,0.2803350714453904,0.12063842865337782,0.12063842865337782,AWAY_FROM_REFERENCE,0.14102564102564102,MINOR,1,223,,,d77beff5126121f4cb8dacc8d1a0322c2e7d8f528b8ae7c7922e58f8a8dc1191,0.28531884873402164,0.2158995106512459,0.6015625,-11,True,101
SB4754,Scrotal erythema,"male gonadal, ductal, accessory-gland, and reproductive-output structure",increased superficial vascular perfusion producing localized tissue redness,remaining_5256,ad8f08700fc151c14ef4322fd6828dcfc49387833008b1dc319438386efa7f99,190,92,13,16,95,29,0.14694050700296946,0.2733559724713479,0.12641546546837845,0.12641546546837845,AWAY_FROM_REFERENCE,0.08421052631578947,MINOR,1,223,,,e8c49715371b49e09e68f244e646c28700d69dc1aabb0927369be11ce7479f17,0.2852849959737316,0.20728353167528246,0.640625,-3,True,102
SB3114,Linear IgA disease,cochlear-mechanical and auditory-neural transduction structure,"altered configuration or regulated output of the named structure, expressed as the state described by linear iga disease",remaining_5256,e023e7e5c40d5a555202eb3f875cc7057b3c78278dc02199b3bee73b3fd1d0b6,276,72,10,19,81,29,0.1416623718315665,0.2693430851027152,0.12768071327114872,0.12768071327114872,AWAY_FROM_REFERENCE,0.06884057971014493,MINOR,1,230,,,36d724821ca59c76be279da7599e331b5c8b7fc3101031936ccb5641dd808685,0.28518989287951246,0.20716755229208839,0.640625,-9,True,103
SB1666,Dysgraphia,dominant-hemisphere language-processing and speech-planning network,impaired generation of written symbolic output,remaining_5256,99b61db23ef996e476217f9f6240b0c1646ed7902a78bf25c5261e8bc412c067,231,113,8,20,125,28,0.2181717192988044,0.36859627467176614,0.15042455537296173,0.15042455537296173,AWAY_FROM_REFERENCE,0.08658008658008658,MINOR,1,230,,,801964c3c39892d600452e49d29e3307435d11feca7c13467c836aa0b97f6706,0.28513828338237884,0.20538967485655957,0.6484375,-12,True,104
SB2740,Immune system disorder,"systemic immune-recognition, signaling, and effector-response structure",departure from the reference structural configuration or regulated functional range,remaining_5256,983a0fb1d5827572927a2bdf44f69771f55acbb447b13eb9a699f9ac5861f83b,378,133,9,41,165,50,0.12528797187693919,0.2469159983149345,0.1216280264379953,0.1216280264379953,AWAY_FROM_REFERENCE,0.10846560846560846,MINOR,1,231,,,cb83a846d876a19468f9cb278b1d488870886c9065f89dbc2790ece852aab53a,0.2850391186288135,0.20869862027904085,0.6328125,-32,True,105
SB3200,Lupus-like syndrome,"systemic immune-recognition, signaling, and effector-response structure",departure from the reference structural configuration or regulated functional range,remaining_5256,983a0fb1d5827572927a2bdf44f69771f55acbb447b13eb9a699f9ac5861f83b,378,133,9,41,165,50,0.12528797187693919,0.2469159983149345,0.1216280264379953,0.1216280264379953,AWAY_FROM_REFERENCE,0.10846560846560846,MINOR,1,231,,,df2c2e04ee6ea7c79cb5e9d55a99128716d977e3425296469c00e0da27bef7c7,0.2850391186288135,0.20869862027904085,0.6328125,-32,True,106
SB4868,Sjogren's syndrome,"systemic immune-recognition, signaling, and effector-response structure",departure from the reference structural configuration or regulated functional range,remaining_5256,983a0fb1d5827572927a2bdf44f69771f55acbb447b13eb9a699f9ac5861f83b,378,133,9,41,165,50,0.12528797187693919,0.2469159983149345,0.1216280264379953,0.1216280264379953,AWAY_FROM_REFERENCE,0.10846560846560846,MINOR,1,231,,,06e9866f78ca4a3f71c396f918b7c004a4172b4bb4498ded02b524c42b9148e0,0.2850391186288135,0.20869862027904085,0.6328125,-32,True,107
SB0835,Breast microcalcification,"mammary gland ductal-lobular, secretory, and surface structure","altered configuration or regulated output of the named structure, expressed as the state described by breast microcalcification",remaining_5256,e788d09e8ccfe95ed4ab9c5e6c1bdfcc17205528a06a3f23f86afa31ad54b5a4,231,114,7,31,138,38,0.15142311106883632,0.2870681663212762,0.13564505525243986,0.13564505525243986,AWAY_FROM_REFERENCE,0.1341991341991342,MINOR,1,223,,,e0827e2bfe0f4830b91c546b8623ef63928d49168ca9b7bcb8f439a023b6f40c,0.2845111688238656,0.2131995961266654,0.609375,-24,True,108
SB1901,Esophageal erosions,"oesophageal mucosal, peristaltic, and sphincter-control structure","altered configuration or regulated output of the named structure, expressed as the state described by esophageal erosions",remaining_5256,33bb0f436a701a98d7541f82ce25c0670382daf5815eb9aad07aa79718ae9728,28,8,4,2,6,6,0.10884672151665953,0.24298201250794504,0.13413529099128552,0.13413529099128552,AWAY_FROM_REFERENCE,0.07142857142857142,MINOR,1,231,,,25796517918758dc9984072f30c065bba53b6a8167cdcf3de4626e57faa65929,0.2844277094668175,0.211382877398558,0.6171875,2,True,109
SB0826,Breast disorder,"mammary gland ductal-lobular, secretory, and surface structure",departure from the reference structural configuration or regulated functional range,remaining_5256,706a63d12fa3aad9fbb21bf4f35f747521860c28065cef1c9e5a62095c66a605,231,92,10,32,114,42,0.16187178294202165,0.29884433447043257,0.13697255152841092,0.13697255152841092,AWAY_FROM_REFERENCE,0.13852813852813853,MINOR,1,223,,,2655942c990b6d192db51ef2bc58e50764e45c0b813fd134d0b25ff8da6b05dd,0.28442026060610903,0.20279909830013298,0.65625,-22,True,110
SB0827,Breast disorder female,"mammary gland ductal-lobular, secretory, and surface structure",departure from the reference structural configuration or regulated functional range,remaining_5256,706a63d12fa3aad9fbb21bf4f35f747521860c28065cef1c9e5a62095c66a605,231,92,10,32,114,42,0.16187178294202165,0.29884433447043257,0.13697255152841092,0.13697255152841092,AWAY_FROM_REFERENCE,0.13852813852813853,MINOR,1,223,,,7a8ed61dced3e4be6c440eec9ffe8ff64a5abb1544f5b593c5e787332bf786d8,0.28442026060610903,0.20279909830013298,0.65625,-22,True,111
SB1977,Eyelids pruritus,"cutaneous epidermal-dermal barrier, appendage, vascular, and immune structure",aberrant cutaneous sensory signaling associated with local barrier/immune perturbation,remaining_5256,bb1a203d7c2bd3803f7504fddc99ea35432762ef1410a4a6b4d4354e11d9009e,300,109,32,22,99,54,0.16502242966089076,0.2942914690737686,0.12926903941287782,0.12926903941287782,AWAY_FROM_REFERENCE,0.07333333333333333,MINOR,1,231,,,a04d0661a610130f05339f44c35d9180162fce7288343d7911d97b114e7cfe94,0.2843685903404868,0.2078809028542522,0.6328125,10,True,112
SB1096,Chills,central-peripheral thermoregulatory heat-production and heat-loss structure,thermoregulatory motor activation producing repetitive skeletal-muscle contraction and heat generation,remaining_5256,6a1b3f0ab6b39c7647c143b10e0d723fcfed2adb2c02a7081b4bbdf9f0e5e57e,3,3,1,0,2,1,0.12154525978492003,0.23805015511478123,0.11650489532986119,0.11650489532986119,AWAY_FROM_REFERENCE,0.0,INFORMATIONAL,0,174,,,b117a02a0a2fd2f3b5c2cd07fbf289f9b138e2a5bbe7222cb88480d21dc84f71,0.2841991442520829,0.20938920030741826,0.625,1,True,113
SB1929,Expressive language disorder,dominant-hemisphere language-processing and speech-planning network,departure from the reference structural configuration or regulated functional range,remaining_5256,b111aac0ad4ad79e76d5d9e93b63c5694123c35b29424e21ec6dc96fa0cb05b0,231,106,9,20,117,29,0.1795845592145957,0.33605218515488444,0.15646762594028873,0.15646762594028873,AWAY_FROM_REFERENCE,0.08658008658008658,MINOR,1,230,,,43e8d1881476c4ccafa55c7c5821145e5e94824d21883c060b9d60d04b118f70,0.28419424815319777,0.20252347335755827,0.65625,-11,True,114
SB4968,Speech disorder,dominant-hemisphere language-processing and speech-planning network,departure from the reference structural configuration or regulated functional range,remaining_5256,b111aac0ad4ad79e76d5d9e93b63c5694123c35b29424e21ec6dc96fa0cb05b0,231,106,9,20,117,29,0.1795845592145957,0.33605218515488444,0.15646762594028873,0.15646762594028873,AWAY_FROM_REFERENCE,0.08658008658008658,MINOR,1,230,,,75ed95f1d1d2869a5c9bf27ef2cf84682d6c3784ce6f4c68edc5b408158856d3,0.28419424815319777,0.20252347335755827,0.65625,-11,True,115
SB2816,Infrequent bowel movements,"intestinal mucosal barrier, smooth-muscle motility, and luminal transport structure","altered configuration or regulated output of the named structure, expressed as the state described by infrequent bowel movements",remaining_5256,593f4e93f36acd0bafee03df24a11bfaed018cd6c3dec1a3569a57b677a0e8ac,276,93,8,24,109,32,0.11679542417405409,0.24794478519998442,0.13114936102593033,0.13114936102593033,AWAY_FROM_REFERENCE,0.08695652173913043,MINOR,1,231,,,3a17e57b2527c8a418242c528e20c1c0b961e2398a3797c119c07fe07eb3f626,0.28395157734230064,0.20737235041743984,0.6328125,-16,True,116
SB0244,Altered state of consciousness,ascending arousal and cortical-consciousness structure,"altered configuration or regulated output of the named structure, expressed as the state described by altered state of consciousness",established_478,f84a96f595f58ae2c2a187f7c1790b83990e14c64b5b891bf05d25e394bb540c,703,269,45,51,275,96,0.14628634624130965,0.2802955919151896,0.13400924567387995,0.13400924567387995,AWAY_FROM_REFERENCE,0.07254623044096728,MINOR,1,223,,,5ad82737acb7d85550d636edbb18585d34fd3e8a7bd6e5f34024bdbf9fb582d5,0.28395145744467676,0.21080208224960584,0.6171875,-6,True,117
SB3745,Oesophageal disorder,"oesophageal mucosal, peristaltic, and sphincter-control structure",departure from the reference structural configuration or regulated functional range,remaining_5256,1cbbed926113795600fd6a59067187755974a6bb8b66edb1ccdebf6f1c8f2d09,28,8,4,1,5,5,0.13942266868786723,0.2674507339604272,0.12802806527255994,0.12802806527255994,AWAY_FROM_REFERENCE,0.03571428571428571,MINOR,1,231,,,aef824342ffc94f510c5751b70cf397e2fb3c9a57fab7e860ada50a5ef4802bf,0.28382640660810915,0.20207488610745017,0.65625,3,True,118
SB3748,Oesophageal motility disorder,"oesophageal mucosal, peristaltic, and sphincter-control structure",departure from the reference structural configuration or regulated functional range,remaining_5256,1cbbed926113795600fd6a59067187755974a6bb8b66edb1ccdebf6f1c8f2d09,28,8,4,1,5,5,0.13942266868786723,0.2674507339604272,0.12802806527255994,0.12802806527255994,AWAY_FROM_REFERENCE,0.03571428571428571,MINOR,1,231,,,38c2f0d2a71c29536b7f9d68151498ef6cc6caa57af061decb894fda541b201d,0.28382640660810915,0.20207488610745017,0.65625,3,True,119
SB1699,Ear congestion,cochlear-mechanical and auditory-neural transduction structure,"altered configuration or regulated output of the named structure, expressed as the state described by ear congestion",remaining_5256,cd886ffcad71a22c0c7408b430af966fab5dc3845c0a81bfb0d060bd06ad117f,276,76,10,20,86,30,0.14063487971315303,0.26437119091247174,0.12373631119931872,0.12373631119931872,AWAY_FROM_REFERENCE,0.07246376811594203,MINOR,1,230,,,0c2916f8f264e96ddecde3a01fcafc119fc7bac9b1d0d29ef396cec31f6819e1,0.2834787897567395,0.20336590214236527,0.6484375,-10,True,120
SB0536,Autoimmune thrombocytopenia,"platelet production, activation, adhesion, and aggregation structure",immune recognition directed against self-associated structures with sustained effector perturbation,remaining_5256,19aab52695c44ea385b2e27ae996d8f01206c2cedfca33bf814d7c49c6d0f529,15,3,0,4,7,4,0.12778094491380843,0.25111293571031923,0.1233319907965108,0.1233319907965108,AWAY_FROM_REFERENCE,0.26666666666666666,MODERATE,2,230,,,ce00fa294a9883ba6cd9b0023dfb7351e9828d3d96b51b26fea6890bf6b2967c,0.2834492823647325,0.2050448565423567,0.640625,-4,True,121
SB0384,Aplastic anaemia,bone-marrow erythroid progenitor production structure,reduced erythrocyte/hemoglobin oxygen-transport capacity relative to systemic demand,established_478,88540417eff6bd3ef0d07554274a7aa73e37db89299eeac15fdeeb2c5187a39f,465,233,30,55,258,85,0.19810458101965156,0.32470843974404084,0.12660385872438928,0.12660385872438928,AWAY_FROM_REFERENCE,0.11827956989247312,MINOR,1,24,,,ae23dc0a5a52a690b3d9c52b68d4592ca2d9fa33de8fdd79b928db77edcb8010,0.2834245959906343,0.2067296902324809,0.6328125,-25,True,122
SB1515,Device breakage,"implanted-device, catheter, or prosthesis tissue-interface structure",mechanical or functional failure of an implanted/external device relative to its intended structural interface,remaining_5256,a12aa7adc2ec4aaed61668dfe56a88837410cedc9311a29427fc1fa05a289d6e,1431,624,74,146,696,220,0.15752766618325387,0.29034084263686655,0.13281317645361268,0.13281317645361268,AWAY_FROM_REFERENCE,0.10202655485674354,MINOR,1,223,,,83b96000a6bcc4e338d676223e928438b32d186f2a93136a1785ee9a7494121e,0.28315959791748213,0.20640652185058794,0.6328125,-72,True,123
SB1516,Device capturing issue,"implanted-device, catheter, or prosthesis tissue-interface structure",mechanical or functional failure of an implanted/external device relative to its intended structural interface,remaining_5256,a12aa7adc2ec4aaed61668dfe56a88837410cedc9311a29427fc1fa05a289d6e,1431,624,74,146,696,220,0.15752766618325387,0.29034084263686655,0.13281317645361268,0.13281317645361268,AWAY_FROM_REFERENCE,0.10202655485674354,MINOR,1,223,,,90a4dc2cdb9aeb66708e30d1da693cc09fa67b39ca3b244fd4276016fd6e626d,0.28315959791748213,0.20640652185058794,0.6328125,-72,True,124
SB1517,Device dislocation,"implanted-device, catheter, or prosthesis tissue-interface structure",mechanical or functional failure of an implanted/external device relative to its intended structural interface,remaining_5256,a12aa7adc2ec4aaed61668dfe56a88837410cedc9311a29427fc1fa05a289d6e,1431,624,74,146,696,220,0.15752766618325387,0.29034084263686655,0.13281317645361268,0.13281317645361268,AWAY_FROM_REFERENCE,0.10202655485674354,MINOR,1,223,,,caf95fec668c52ed88d7308ee9e35182bbd412a70c1ee643078579fe2f511ea7,0.28315959791748213,0.20640652185058794,0.6328125,-72,True,125
SB1518,Device expulsion,"implanted-device, catheter, or prosthesis tissue-interface structure",mechanical or functional failure of an implanted/external device relative to its intended structural interface,remaining_5256,a12aa7adc2ec4aaed61668dfe56a88837410cedc9311a29427fc1fa05a289d6e,1431,624,74,146,696,220,0.15752766618325387,0.29034084263686655,0.13281317645361268,0.13281317645361268,AWAY_FROM_REFERENCE,0.10202655485674354,MINOR,1,223,,,79b06eac2bb1fc22b52b9e531a4cc2746840fb1850934d7efc75331ecde23e53,0.28315959791748213,0.20640652185058794,0.6328125,-72,True,126
SB1519,Device interaction,"implanted-device, catheter, or prosthesis tissue-interface structure",mechanical or functional failure of an implanted/external device relative to its intended structural interface,remaining_5256,a12aa7adc2ec4aaed61668dfe56a88837410cedc9311a29427fc1fa05a289d6e,1431,624,74,146,696,220,0.15752766618325387,0.29034084263686655,0.13281317645361268,0.13281317645361268,AWAY_FROM_REFERENCE,0.10202655485674354,MINOR,1,223,,,cf46f12e4690b679096305983a6fb8e592fba2e1c47e7599cf39ad9f26d6983a,0.28315959791748213,0.20640652185058794,0.6328125,-72,True,127
SB1520,Device malfunction,"implanted-device, catheter, or prosthesis tissue-interface structure",mechanical or functional failure of an implanted/external device relative to its intended structural interface,remaining_5256,a12aa7adc2ec4aaed61668dfe56a88837410cedc9311a29427fc1fa05a289d6e,1431,624,74,146,696,220,0.15752766618325387,0.29034084263686655,0.13281317645361268,0.13281317645361268,AWAY_FROM_REFERENCE,0.10202655485674354,MINOR,1,223,,,85ef1108e59a0ade33c2b768b2ec550d66451aaa287124d147524754f755582d,0.28315959791748213,0.20640652185058794,0.6328125,-72,True,128
SB1925,Exostosis,"bone formation, mineralized-matrix deposition, and skeletal-remodeling structure",localized excess bone formation producing a projecting mineralized outgrowth,remaining_5256,31d1c8dc71a98aaa6435ddf770c07b70064a0b29315339a155885027e5e93968,406,165,38,47,174,85,0.18120617331897715,0.31003207307166725,0.1288258997526901,0.1288258997526901,AWAY_FROM_REFERENCE,0.11576354679802955,MINOR,1,230,,,8d46ad87f9e9fff2a696ca5b61c78b20ed7b54beec9f0bc1bbd593ca8e5f784d,0.28314932256634123,0.1995342348370015,0.6640625,-9,True,129
SB3747,Oesophageal irritation,"oesophageal mucosal, peristaltic, and sphincter-control structure","altered configuration or regulated output of the named structure, expressed as the state described by oesophageal irritation",remaining_5256,4848a72d222475a24b93cde3c13e01da742b4ceaff17a5b9ee54ff3c7d9fe53e,28,8,2,2,8,4,0.12289405382119567,0.24957157187291545,0.12667751805171978,0.12667751805171978,AWAY_FROM_REFERENCE,0.07142857142857142,MINOR,1,231,,,a03865d606bbbd187fe62e410709878ee543d39fa4daf003795dada353045247,0.2830422357384137,0.2079783362663582,0.625,0,True,130
SB0845,Breast tension,"mammary gland ductal-lobular, secretory, and surface structure","altered configuration or regulated output of the named structure, expressed as the state described by breast tension",remaining_5256,60429fbae6297600c9eb884af35081ab3b0f6801a835970566a857b89889d24b,231,109,10,36,135,46,0.15338142810051503,0.28764219971409155,0.13426077161357652,0.13426077161357652,AWAY_FROM_REFERENCE,0.15584415584415584,MINOR,1,223,,,3d2017d899444bdb4fe834f88fac9bf6be44c695018b704098b3dedd2d2261d3,0.28293642497930255,0.20784929875524705,0.625,-26,True,131
SB3572,Necrolysis epidermal,"cutaneous epidermal-dermal barrier, appendage, vascular, and immune structure","altered configuration or regulated output of the named structure, expressed as the state described by necrolysis epidermal",remaining_5256,5026a67d03ea1b0bcb2b78b26d34540b80a6428650420c46b35bacbbc2d6e3bc,300,120,18,21,123,39,0.17040124015115432,0.29088217632379687,0.12048093617264255,0.12048093617264255,AWAY_FROM_REFERENCE,0.07,MINOR,1,231,,,94d0ed12346fc3e34340c533da867f00ce94c7f176c4df2d144970afb4cfffaf,0.28292857376130215,0.2044098460503685,0.640625,-3,True,132
SB2057,Fibroadenoma of breast,"mammary gland ductal-lobular, secretory, and surface structure","altered configuration or regulated output of the named structure, expressed as the state described by fibroadenoma of breast",remaining_5256,be8b2de4b7594f03ac0aba2bab8052b267680bbc88ab5f131277248bd13a93eb,231,114,12,33,135,45,0.15735646891924726,0.29440792578038755,0.1370514568611403,0.1370514568611403,AWAY_FROM_REFERENCE,0.14285714285714285,MINOR,1,223,,,0ff0b34f6cccbc2783ba522c18c788596e7d451c41a83cff2183415424586b30,0.2828008160612627,0.21282873909910094,0.6015625,-21,True,133
SB4443,Pulmonary microemboli,"pulmonary airway-alveolar, pleural, and gas-exchange structure","altered configuration or regulated output of the named structure, expressed as the state described by pulmonary microemboli",remaining_5256,53511feee9c81d978b969ba9820d36af5af00b714dd531daf5c136ab4afe011c,36,18,2,0,16,2,0.19070216530244521,0.28837682761717454,0.09767466231472932,0.09767466231472932,AWAY_FROM_REFERENCE,0.0,INFORMATIONAL,0,231,,,6577f9d718062810d2fa3de158c7a9cf90e1008de84261d55d84debb80297ca0,0.28271742454754184,0.20586728603358762,0.6328125,2,True,134
SB3755,Oesophageal stenosis,"oesophageal mucosal, peristaltic, and sphincter-control structure",pathologic lumen narrowing with increased resistance to transit or flow,remaining_5256,94f5960db9ee5bd1ebda139934ff1fde719ece0c5f8caf72904a522d0aec8e0c,28,9,4,2,7,6,0.1646270010503954,0.2979877013269687,0.13336070027657332,0.13336070027657332,AWAY_FROM_REFERENCE,0.07142857142857142,MINOR,1,231,,,eff9677f8bc0e929f95a8a2328075482d1bde0b6206ee6e63a0bbfa8f9e96972,0.2826061323960144,0.20573156389757852,0.6328125,2,True,135
SB3756,Oesophageal stenosis acquired,"oesophageal mucosal, peristaltic, and sphincter-control structure",pathologic lumen narrowing with increased resistance to transit or flow,remaining_5256,94f5960db9ee5bd1ebda139934ff1fde719ece0c5f8caf72904a522d0aec8e0c,28,9,4,2,7,6,0.1646270010503954,0.2979877013269687,0.13336070027657332,0.13336070027657332,AWAY_FROM_REFERENCE,0.07142857142857142,MINOR,1,231,,,bacf0291a9d351316522c59d378d19163a112b0e17f55edaffb5f6c366b1653f,0.2826061323960144,0.20573156389757852,0.6328125,2,True,136
SB1708,Ear roaring,cochlear-mechanical and auditory-neural transduction structure,"altered configuration or regulated output of the named structure, expressed as the state described by ear roaring",remaining_5256,1d1f245e25dfdd9d7c03cd03e0a5f3677c6a031a350a9af324ee9d5ec0485ace,276,76,10,18,84,28,0.14408767930883415,0.2683118465157134,0.12422416720687923,0.12422416720687923,AWAY_FROM_REFERENCE,0.06521739130434782,MINOR,1,230,,,193c2f71a9f3b5169f25fb7c9077cf11c66020dedbffa02a44704a86f3f16acd,0.2825601945836498,0.20396060315079245,0.640625,-8,True,137
SB1744,Electrocardiogram PR shortened,"cardiac conduction, depolarization, repolarization, and rhythm structure",event duration or measured interval reduced below the reference timing range,remaining_5256,b5fb1f4a7125f5f90e1353239b3beb09fd1836b0a07a9436b15f9c6320505fe6,703,217,38,88,267,126,0.10656308499935008,0.23302005387612557,0.1264569688767755,0.1264569688767755,AWAY_FROM_REFERENCE,0.1251778093883357,MINOR,1,230,,,32ea78bee2920f0e273f0a47b3f8db9cc592124f453d35ed483f2aa64929714f,0.28250657494220466,0.20389521334415206,0.640625,-50,True,138
SB1697,Ear buzzing,cochlear-mechanical and auditory-neural transduction structure,"altered configuration or regulated output of the named structure, expressed as the state described by ear buzzing",remaining_5256,2ad97543739a34964a57f856d43acce56dc9879859d8755674bb41d46b6f8e37,276,77,10,18,85,28,0.13620660939772522,0.2611758872797634,0.12496927788203815,0.12496927788203815,AWAY_FROM_REFERENCE,0.06521739130434782,MINOR,1,230,,,837cbc0822193dc09bb1dc4910a9269113555e1f9d35616d5d34f9a3ca12cb26,0.2824228757433882,0.20379314115047342,0.640625,-8,True,139
SB0294,Anastomotic ulcer,anastomotic mucosal barrier and ulcer-healing structure,localized epithelial or tissue-surface loss with reduced barrier continuity,established_478,9dfb090f36d5bbf5d0b0c469cd104e46d2fa15ebe8ed3ced3e5290b672b214ec,45,21,2,2,21,4,0.15785970076719513,0.26883278194269167,0.11097308117549654,0.11097308117549654,AWAY_FROM_REFERENCE,0.044444444444444446,MINOR,1,231,,,c812b07be1d0788c6cb60c5462c39ab93a5c9d86cd3da4086378d66a90ab548f,0.28216556881499055,0.21205404733535438,0.6015625,0,True,140
SB4179,Platelet aggregation abnormal,"platelet production, activation, adhesion, and aggregation structure",departure from the reference structural configuration or regulated functional range,remaining_5256,41d13f1b8c674a58007c3e908eec1ccc1454a8562c42e2bb2e02136a10e36517,15,2,0,6,8,6,0.15928422085717253,0.281068988439959,0.12178476758278645,0.12178476758278645,AWAY_FROM_REFERENCE,0.4,MODERATE,2,230,,,d44b3d4afef9c1644c20d48a0258b77d27f4c2ec725cfbed33417e8de37bced5,0.282010285080591,0.19986010375681829,0.65625,-6,True,141
SB4182,Platelet count abnormal,"platelet production, activation, adhesion, and aggregation structure",departure from the reference structural configuration or regulated functional range,remaining_5256,41d13f1b8c674a58007c3e908eec1ccc1454a8562c42e2bb2e02136a10e36517,15,2,0,6,8,6,0.15928422085717253,0.281068988439959,0.12178476758278645,0.12178476758278645,AWAY_FROM_REFERENCE,0.4,MODERATE,2,230,,,ea8511d155b674d5702e11c50556601a1de74362428c487e43a3aa630b46c76e,0.282010285080591,0.19986010375681829,0.65625,-6,True,142
SB4185,Platelet disorder,"platelet production, activation, adhesion, and aggregation structure",departure from the reference structural configuration or regulated functional range,remaining_5256,41d13f1b8c674a58007c3e908eec1ccc1454a8562c42e2bb2e02136a10e36517,15,2,0,6,8,6,0.15928422085717253,0.281068988439959,0.12178476758278645,0.12178476758278645,AWAY_FROM_REFERENCE,0.4,MODERATE,2,230,,,e8ac95de1e9e3f7bccf0718be565fb82721548367059526831d66adf5c606c5c,0.282010285080591,0.19986010375681829,0.65625,-6,True,143
SB0340,Anterior spinal artery syndrome,anterior spinal-cord arterial perfusion and motor-tract structure,departure from the reference structural configuration or regulated functional range,established_478,7785c035f2d3ee0af3a5e13a5cc0b11a925073e7e03ac3c28d8915f372a97f5e,1596,537,69,241,709,310,0.1428939482237983,0.30008155056810837,0.15718760234431006,0.15718760234431006,AWAY_FROM_REFERENCE,0.15100250626566417,MINOR,1,186,230,231,eebc2251908380a904820c0a24f878c21472716f4793971bee7533346e36ffc4,0.2819504707750463,0.20321703753054432,0.640625,-172,True,144
SB3198,Lung nodule,"pulmonary airway-alveolar, pleural, and gas-exchange structure","altered configuration or regulated output of the named structure, expressed as the state described by lung nodule",remaining_5256,b8fe9fb94b550cd580c480667b81368d9de8cb591896ae9a0d8f5d73ea078065,36,19,2,0,17,2,0.17785724690084348,0.2699667581822852,0.09210951128144174,0.09210951128144174,AWAY_FROM_REFERENCE,0.0,INFORMATIONAL,0,231,,,266660120713164c9875d3163efb15580ebf4a6cd4aa3123e195fbcf15745cb6,0.2817249391470953,0.20465693798426254,0.6328125,2,True,145
SB1753,Electrocardiogram QT shortened,cardiac conduction and myocardial rhythm structure,event duration or measured interval reduced below the reference timing range,remaining_5256,9b766350b0672e07b3628f79a1c8ba9507fa431b790b54034ac7497d9f635316,21,5,5,1,1,6,0.13684315520783996,0.26478646516825655,0.12794330996041658,0.12794330996041658,AWAY_FROM_REFERENCE,0.047619047619047616,MINOR,1,231,,,9637c2fd5b88629b757d9d8ee37aaee3b144db6d62c47f0d7894b6db9c63d4b4,0.28170093518866024,0.20291272583982956,0.640625,4,True,146
SB3740,Oesophageal achalasia,"oesophageal mucosal, peristaltic, and sphincter-control structure","altered configuration or regulated output of the named structure, expressed as the state described by oesophageal achalasia",remaining_5256,4a37faef29ff691c8e78ebd80e024af3f2ffc1910f74c61d6aacdf63138c7188,28,9,5,1,5,6,0.12264380388455709,0.2568697129134335,0.13422590902887643,0.13422590902887643,AWAY_FROM_REFERENCE,0.03571428571428571,MINOR,1,231,,,0df76536a57cea599fd89b1085a3b02411f73c95b75d8bdc80d9e6fcfc246bcf,0.2815785100619526,0.20962318300238125,0.609375,4,True,147
SB0217,Alcohol craving,mesolimbic reward-drive structure,excess motivational salience directed toward acquisition or intake of a specific substance or behavior,established_478,103ec7057bfb9a2bbeb21ce5208ef594fa1034dba69fe77a032a8c4b5d8f9765,21,9,3,0,6,3,0.26752786154425423,0.36441381731916733,0.0968859557749131,0.0968859557749131,AWAY_FROM_REFERENCE,0.0,INFORMATIONAL,0,230,,,731b25f9955c0375382940b44265d00b1a19e24524e4b017faea7017ec667dd2,0.2814940396689194,0.20952017032795045,0.609375,3,True,148
SB0544,Azoospermia,"male gonadal, ductal, accessory-gland, and reproductive-output structure",absence of spermatozoa in reproductive output,remaining_5256,4606646d9816193d9fe1a430088f49ae4045c331b56da5e5f35d266a85bb9704,190,77,10,13,80,23,0.1373321710486174,0.2520319860501544,0.11469981500153703,0.11469981500153703,AWAY_FROM_REFERENCE,0.06842105263157895,MINOR,1,223,,,3ee00e12cec46bdd62e46d8e5ec596777034c584fc47e797ec2262a151bf17fa,0.28137496165837367,0.2076600142175289,0.6171875,-3,True,149
SB1239,Complication of device insertion,"implanted-device, catheter, or prosthesis tissue-interface structure","altered configuration or regulated output of the named structure, expressed as the state described by complication of device insertion",remaining_5256,7dc4ccf82f79f8d44d7c1dfdfa798884296b431956a772ffe7d304bde3b8c628,1431,616,74,148,690,222,0.14391125286773088,0.27346418879373846,0.12955293592600758,0.12955293592600758,AWAY_FROM_REFERENCE,0.103424178895877,MINOR,1,223,,,7c7c434afb94b2a785cf4f60595ba7b1029c3475f2c166f5e1ae9949114c6038,0.281363280221344,0.20421589051383415,0.6328125,-74,True,150
SB4452,Pulmonary veno-occlusive disease,"pulmonary airway-alveolar, pleural, and gas-exchange structure","altered configuration or regulated output of the named structure, expressed as the state described by pulmonary veno-occlusive disease",remaining_5256,356d9ba74cb3b7c33625193075758859bf4dfa8f25492f7be42e8aeee47de9fc,36,16,2,1,15,3,0.18102827140375988,0.27221037249186875,0.09118210108810887,0.09118210108810887,AWAY_FROM_REFERENCE,0.027777777777777776,MINOR,1,231,,,e5371b157c1008e9a0abdf01c7303d9e8e1375e57d63b2a966bd14a3f34ef1a4,0.2812039952192621,0.202306701486905,0.640625,1,True,151
SB0714,Blood lactate dehydrogenase increased,"female reproductive, gestational, placental, and reproductive-output structure",measured or functional quantity shifted above its reference structural range,remaining_5256,26fa39de81fb2e1ec3f32167ec7ee689e1be0badc9253be4f23c1dbe0e29975f,3,1,1,0,0,1,0.13410884329483141,0.24275772735418277,0.10864888405935136,0.10864888405935136,AWAY_FROM_REFERENCE,0.0,INFORMATIONAL,0,38,,,a1ff776f6395e48c03aeb7d5482c9b866edf1154fbd56706bccc3e318ce9eadb,0.2811968597547096,0.20229799970086537,0.640625,1,True,152
SB3045,Lactate increased,"female reproductive, gestational, placental, and reproductive-output structure",measured or functional quantity shifted above its reference structural range,remaining_5256,26fa39de81fb2e1ec3f32167ec7ee689e1be0badc9253be4f23c1dbe0e29975f,3,1,1,0,0,1,0.13410884329483141,0.24275772735418277,0.10864888405935136,0.10864888405935136,AWAY_FROM_REFERENCE,0.0,INFORMATIONAL,0,38,,,aed6c5306ac973e6388cdf5ae6bebb4060ab75b374ccb9d49a121a7a91f88e76,0.2811968597547096,0.20229799970086537,0.640625,1,True,153
SB2433,Heartburn,"oesophageal mucosal, peristaltic, and sphincter-control structure","altered configuration or regulated output of the named structure, expressed as the state described by heartburn",remaining_5256,7dfc9e4d0cb2786196ebd77db0884025da258485f77875e37b8ec08dc6a4cea3,28,8,3,2,7,5,0.11736717482280035,0.24604552346061526,0.1286783486378149,0.1286783486378149,AWAY_FROM_REFERENCE,0.07142857142857142,MINOR,1,231,,,a25ea52d1a27a0692a4e4318f304208974c57d64977f3b90c3ef7a356dbb078a,0.28118757022502794,0.20743148807930234,0.6171875,1,True,154
SB4431,Pulmonary congestion,"pulmonary airway-alveolar, pleural, and gas-exchange structure","altered configuration or regulated output of the named structure, expressed as the state described by pulmonary congestion",remaining_5256,a3287b59d2227a31ae7f673f862b1134410077be12439b5cc62bbd49b9bf87c5,36,17,2,0,15,2,0.18033263890504425,0.2762973626014058,0.09596472369636155,0.09596472369636155,AWAY_FROM_REFERENCE,0.0,INFORMATIONAL,0,231,,,2274ec8c5222a73b1effd711856257cfcd83411ee3d2983a75c35a0d884671a0,0.2811841864419705,0.20056760541703722,0.6484375,2,True,155
SB1764,Electrocardiogram U-wave abnormality,"cardiac conduction, depolarization, repolarization, and rhythm structure",measured state within the declared reference range rather than a malformation,remaining_5256,d00ed66281cd2b44d3aca05f6fd80ae6cdb9e5227393a0e30cb553820c8ccdb4,703,242,33,64,273,97,0.12329755021606081,0.24512792306800868,0.12183037285194787,0.12183037285194787,AWAY_FROM_REFERENCE,0.09103840682788052,MINOR,1,230,,,3a19bfc2b40bc837797c30cd110b3f99f76d71c6c6ed227bf4a71275d5fe4ab0,0.28107546004223527,0.2004350122466284,0.6484375,-31,True,156
SB1769,Electrocardiogram repolarisation abnormality,"cardiac conduction, depolarization, repolarization, and rhythm structure",measured state within the declared reference range rather than a malformation,remaining_5256,d00ed66281cd2b44d3aca05f6fd80ae6cdb9e5227393a0e30cb553820c8ccdb4,703,242,33,64,273,97,0.12329755021606081,0.24512792306800868,0.12183037285194787,0.12183037285194787,AWAY_FROM_REFERENCE,0.09103840682788052,MINOR,1,230,,,fa91c26ffd2cd42574648f97bb29b2f20c32565b96458bd8bed3c6a55140a4f2,0.28107546004223527,0.2004350122466284,0.6484375,-31,True,157
SB4615,Respiration irregularity,"pulmonary airway-alveolar, pleural, and gas-exchange structure","altered configuration or regulated output of the named structure, expressed as the state described by respiration irregularity",remaining_5256,15afccbdd8b0aa16be4cb5f749c3caadec613832844786a7b2c0c3ba68eaae8d,36,17,2,0,15,2,0.1818850680806562,0.27828932497979575,0.09640425689913956,0.09640425689913956,AWAY_FROM_REFERENCE,0.0,INFORMATIONAL,0,231,,,3aa30e8cd4e7d36d8c8410622e86e18e764e2d3f7180a20e94b9e1388b39d9d6,0.28097469948920867,0.20374201157220573,0.6328125,2,True,158
SB2198,Gastrointestinal fullness,"intestinal mucosal barrier, smooth-muscle motility, and luminal transport structure","altered configuration or regulated output of the named structure, expressed as the state described by gastrointestinal fullness",remaining_5256,14a10243d06310a7a60311b1fb5f20b97ef975452d37cc1a89d0a59c794d7dbe,276,95,15,28,108,43,0.12088888770421136,0.24694650474227897,0.12605761703806762,0.12605761703806762,AWAY_FROM_REFERENCE,0.10144927536231885,MINOR,1,231,,,ca9996a86f5f9c5ff7f6c819f6756d18734340122e80566be838b559450e9b05,0.2809678293803932,0.20544857241511372,0.625,-13,True,159
SB2434,Heat exhaustion,whole-organism substrate utilization and cellular energy-production structure,"altered configuration or regulated output of the named structure, expressed as the state described by heat exhaustion",remaining_5256,592cd2f2ab472b9d990219a18eaf549cd4d685f30ab44cfb81b02a4e17160c6d,78,29,2,14,41,16,0.09630758566748232,0.19660196478235725,0.10029437911487493,0.10029437911487493,AWAY_FROM_REFERENCE,0.1794871794871795,MINOR,1,223,,,d5072ae44e064ed5a8dcb404668bcad89bb20fd1bf1210ad947b61df7256a0b7,0.28091940131610643,0.20367457477573958,0.6328125,-12,True,160
SB1679,Dysphasia,dominant-hemisphere language-processing and speech-planning network,"altered configuration or regulated output of the named structure, expressed as the state described by dysphasia",remaining_5256,dee56dd4e0bae9bed9c3913831490c26b80969af98a40a4b7053d42f78975fcc,231,92,5,23,110,28,0.15805728467861213,0.3058482109793843,0.14779092630077217,0.14779092630077217,AWAY_FROM_REFERENCE,0.09956709956709957,MINOR,1,230,,,670f4b33b0db14974995aaf21be7855058ac08ba1c62c26a86aa4d8524e68998,0.2805609069086128,0.21352702062025952,0.5859375,-18,True,161
SB0407,Application site hyperaesthesia,local cutaneous sensory-nerve and sensory-transmission structure,"excess magnitude, activity, quantity, or tissue state above the reference configuration",established_478,494b67d3dc4b44c3d5155376742a2c9cd46b334a8c25114190444c81619c29fc,6,2,0,1,3,1,0.20319308466658503,0.31338505189265975,0.11019196722607472,0.11019196722607472,AWAY_FROM_REFERENCE,0.16666666666666666,MINOR,1,222,,,ebc2c0b18422b60e2783cf06beebe7371af9750201cba1f93f8d9def087112de,0.2805328738349787,0.20320319979875456,0.6328125,-1,True,162
SB5058,Stuttering,dominant-hemisphere language-processing and speech-planning network,"altered configuration or regulated output of the named structure, expressed as the state described by stuttering",remaining_5256,a7dedde5a36ea592dc01f66191e2fa5106aeabb3024372934931dbbb19b9fbb2,231,92,7,21,106,28,0.16147381518143966,0.30971281051929944,0.14823899533785978,0.14823899533785978,AWAY_FROM_REFERENCE,0.09090909090909091,MINOR,1,230,,,82d765bcff3ebe7b8fcdbb4429f830d261818f8386921e5477083baa3ac38af9,0.28053018205762625,0.2100596732410076,0.6015625,-14,True,163
SB0479,Aspergillus infection,innate-adaptive host-defense structure,pathogen-associated occupation/invasion with host-defense activation and local structural disruption,remaining_5256,6b6e894f5fde50797861d4e39d076dc120127c8a4afe60cc5d23a006035b8c73,15,8,2,0,6,2,0.185117729264077,0.28689743247232746,0.10177970320825047,0.10177970320825047,AWAY_FROM_REFERENCE,0.0,INFORMATIONAL,0,231,,,06d0fc7d97a5488c4c31d7c7fee7c465725d3428e1d3a8bbd5b8cf47a6c9f9cc,0.2805148571006735,0.20318122817155304,0.6328125,2,True,164
SB0524,Atypical mycobacterial infection,innate-adaptive host-defense structure,pathogen-associated occupation/invasion with host-defense activation and local structural disruption,remaining_5256,6b6e894f5fde50797861d4e39d076dc120127c8a4afe60cc5d23a006035b8c73,15,8,2,0,6,2,0.185117729264077,0.28689743247232746,0.10177970320825047,0.10177970320825047,AWAY_FROM_REFERENCE,0.0,INFORMATIONAL,0,231,,,9d6d42f8de96c8ac1c4c8a7cc9b321bf3e147ba8ad1b3b05588dd9a333655531,0.2805148571006735,0.20318122817155304,0.6328125,2,True,165
SB0550,BK virus infection,innate-adaptive host-defense structure,pathogen-associated occupation/invasion with host-defense activation and local structural disruption,remaining_5256,6b6e894f5fde50797861d4e39d076dc120127c8a4afe60cc5d23a006035b8c73,15,8,2,0,6,2,0.185117729264077,0.28689743247232746,0.10177970320825047,0.10177970320825047,AWAY_FROM_REFERENCE,0.0,INFORMATIONAL,0,231,,,cb49753d6241dc2969762b620eb7bb54623c6af00cb00d685b923be8b7d18cc6,0.2805148571006735,0.20318122817155304,0.6328125,2,True,166
SB0560,Bacterial disease carrier,innate-adaptive host-defense structure,pathogen-associated occupation/invasion with host-defense activation and local structural disruption,remaining_5256,6b6e894f5fde50797861d4e39d076dc120127c8a4afe60cc5d23a006035b8c73,15,8,2,0,6,2,0.185117729264077,0.28689743247232746,0.10177970320825047,0.10177970320825047,AWAY_FROM_REFERENCE,0.0,INFORMATIONAL,0,231,,,75d6d0b1108c141b5ee9ec26a59b3a677d6ade900af8ec54377b8bebd4342a43,0.2805148571006735,0.20318122817155304,0.6328125,2,True,167
SB0561,Bacterial infection,innate-adaptive host-defense structure,pathogen-associated occupation/invasion with host-defense activation and local structural disruption,remaining_5256,6b6e894f5fde50797861d4e39d076dc120127c8a4afe60cc5d23a006035b8c73,15,8,2,0,6,2,0.185117729264077,0.28689743247232746,0.10177970320825047,0.10177970320825047,AWAY_FROM_REFERENCE,0.0,INFORMATIONAL,0,231,,,724969aaec5aa26fa2090075e5dfe17d3fceb1136df79a45e742f164c429562a,0.2805148571006735,0.20318122817155304,0.6328125,2,True,168
SB0563,Bacterial test positive,innate-adaptive host-defense structure,pathogen-associated occupation/invasion with host-defense activation and local structural disruption,remaining_5256,6b6e894f5fde50797861d4e39d076dc120127c8a4afe60cc5d23a006035b8c73,15,8,2,0,6,2,0.185117729264077,0.28689743247232746,0.10177970320825047,0.10177970320825047,AWAY_FROM_REFERENCE,0.0,INFORMATIONAL,0,231,,,4e4406da4ee02ef73fa2e66b6015a20d85abc306d072db41c78eabee64935a15,0.2805148571006735,0.20318122817155304,0.6328125,2,True,169
SB0571,Balanitis candida,innate-adaptive host-defense structure,pathogen-associated occupation/invasion with host-defense activation and local structural disruption,remaining_5256,6b6e894f5fde50797861d4e39d076dc120127c8a4afe60cc5d23a006035b8c73,15,8,2,0,6,2,0.185117729264077,0.28689743247232746,0.10177970320825047,0.10177970320825047,AWAY_FROM_REFERENCE,0.0,INFORMATIONAL,0,231,,,bf1f89196f7a8fa962070a57ad4cd64e12060e3cbf895083f615f4e310cff554,0.2805148571006735,0.20318122817155304,0.6328125,2,True,170
SB0924,Candida albicans infection,innate-adaptive host-defense structure,pathogen-associated occupation/invasion with host-defense activation and local structural disruption,remaining_5256,6b6e894f5fde50797861d4e39d076dc120127c8a4afe60cc5d23a006035b8c73,15,8,2,0,6,2,0.185117729264077,0.28689743247232746,0.10177970320825047,0.10177970320825047,AWAY_FROM_REFERENCE,0.0,INFORMATIONAL,0,231,,,eab10ab266b99381498d51f564dc4c8f764cc87e6628def8299df9ac2b4d515e,0.2805148571006735,0.20318122817155304,0.6328125,2,True,171
SB0925,Candida cervicitis,innate-adaptive host-defense structure,pathogen-associated occupation/invasion with host-defense activation and local structural disruption,remaining_5256,6b6e894f5fde50797861d4e39d076dc120127c8a4afe60cc5d23a006035b8c73,15,8,2,0,6,2,0.185117729264077,0.28689743247232746,0.10177970320825047,0.10177970320825047,AWAY_FROM_REFERENCE,0.0,INFORMATIONAL,0,231,,,a389de42495b1a07ce2ef0fb7015324e43a3e1ab5eaf14f149c77bf41fd82b21,0.2805148571006735,0.20318122817155304,0.6328125,2,True,172
SB0926,Candida infection,innate-adaptive host-defense structure,pathogen-associated occupation/invasion with host-defense activation and local structural disruption,remaining_5256,6b6e894f5fde50797861d4e39d076dc120127c8a4afe60cc5d23a006035b8c73,15,8,2,0,6,2,0.185117729264077,0.28689743247232746,0.10177970320825047,0.10177970320825047,AWAY_FROM_REFERENCE,0.0,INFORMATIONAL,0,231,,,4da764ebd9b3e404ea2488648428b999f86f813a5e8c6126442049a01f98f787,0.2805148571006735,0.20318122817155304,0.6328125,2,True,173
SB1001,Catheter infection,innate-adaptive host-defense structure,pathogen-associated occupation/invasion with host-defense activation and local structural disruption,remaining_5256,6b6e894f5fde50797861d4e39d076dc120127c8a4afe60cc5d23a006035b8c73,15,8,2,0,6,2,0.185117729264077,0.28689743247232746,0.10177970320825047,0.10177970320825047,AWAY_FROM_REFERENCE,0.0,INFORMATIONAL,0,231,,,f7e8942ef91767c6ac64ecb224153751a757fd9f3f30e2fab635c162d9f1fded,0.2805148571006735,0.20318122817155304,0.6328125,2,True,174
SB1003,Catheter related infection,innate-adaptive host-defense structure,pathogen-associated occupation/invasion with host-defense activation and local structural disruption,remaining_5256,6b6e894f5fde50797861d4e39d076dc120127c8a4afe60cc5d23a006035b8c73,15,8,2,0,6,2,0.185117729264077,0.28689743247232746,0.10177970320825047,0.10177970320825047,AWAY_FROM_REFERENCE,0.0,INFORMATIONAL,0,231,,,be40ba947ebd4e087ef62c900677406945d42cab9f00f76bdac99a9888ce37b9,0.2805148571006735,0.20318122817155304,0.6328125,2,True,175
SB1004,Catheter sepsis,innate-adaptive host-defense structure,pathogen-associated occupation/invasion with host-defense activation and local structural disruption,remaining_5256,6b6e894f5fde50797861d4e39d076dc120127c8a4afe60cc5d23a006035b8c73,15,8,2,0,6,2,0.185117729264077,0.28689743247232746,0.10177970320825047,0.10177970320825047,AWAY_FROM_REFERENCE,0.0,INFORMATIONAL,0,231,,,efa9be6db526d1d4f09dd01b6b9269222463cb5000fe47d88c44a49aa6d904a9,0.2805148571006735,0.20318122817155304,0.6328125,2,True,176
SB1008,Catheter site infection,innate-adaptive host-defense structure,pathogen-associated occupation/invasion with host-defense activation and local structural disruption,remaining_5256,6b6e894f5fde50797861d4e39d076dc120127c8a4afe60cc5d23a006035b8c73,15,8,2,0,6,2,0.185117729264077,0.28689743247232746,0.10177970320825047,0.10177970320825047,AWAY_FROM_REFERENCE,0.0,INFORMATIONAL,0,231,,,616731186ec0ef689bcdec4afd10c58bb527985436c624b92a0857b184054bde,0.2805148571006735,0.20318122817155304,0.6328125,2,True,177
SB1020,Central line infection,innate-adaptive host-defense structure,pathogen-associated occupation/invasion with host-defense activation and local structural disruption,remaining_5256,6b6e894f5fde50797861d4e39d076dc120127c8a4afe60cc5d23a006035b8c73,15,8,2,0,6,2,0.185117729264077,0.28689743247232746,0.10177970320825047,0.10177970320825047,AWAY_FROM_REFERENCE,0.0,INFORMATIONAL,0,231,,,0d70b2b6f2709bdeec371087c11b12fd6d0443f5a3af4ea15a50ffdc5267a5b5,0.2805148571006735,0.20318122817155304,0.6328125,2,True,178
SB1097,Chlamydial infection,innate-adaptive host-defense structure,pathogen-associated occupation/invasion with host-defense activation and local structural disruption,remaining_5256,6b6e894f5fde50797861d4e39d076dc120127c8a4afe60cc5d23a006035b8c73,15,8,2,0,6,2,0.185117729264077,0.28689743247232746,0.10177970320825047,0.10177970320825047,AWAY_FROM_REFERENCE,0.0,INFORMATIONAL,0,231,,,2c436a6700c070b95d0a020c45dd40a0313d012f26c5b76546cea9bc91901d91,0.2805148571006735,0.20318122817155304,0.6328125,2,True,179
SB1182,Clostridial infection,innate-adaptive host-defense structure,pathogen-associated occupation/invasion with host-defense activation and local structural disruption,remaining_5256,6b6e894f5fde50797861d4e39d076dc120127c8a4afe60cc5d23a006035b8c73,15,8,2,0,6,2,0.185117729264077,0.28689743247232746,0.10177970320825047,0.10177970320825047,AWAY_FROM_REFERENCE,0.0,INFORMATIONAL,0,231,,,1eb16a54b4709ec5d862d64a1cf276d88b77144ffbdfd46806a2ae988e53cf13,0.2805148571006735,0.20318122817155304,0.6328125,2,True,180
SB1232,Community acquired infection,innate-adaptive host-defense structure,pathogen-associated occupation/invasion with host-defense activation and local structural disruption,remaining_5256,6b6e894f5fde50797861d4e39d076dc120127c8a4afe60cc5d23a006035b8c73,15,8,2,0,6,2,0.185117729264077,0.28689743247232746,0.10177970320825047,0.10177970320825047,AWAY_FROM_REFERENCE,0.0,INFORMATIONAL,0,231,,,a582aa89514c4d5c797d58ec98ea0ae3f9af69e853cf8e002f62f371b6ce103e,0.2805148571006735,0.20318122817155304,0.6328125,2,True,181
SB1380,Cryptosporidiosis infection,innate-adaptive host-defense structure,pathogen-associated occupation/invasion with host-defense activation and local structural disruption,remaining_5256,6b6e894f5fde50797861d4e39d076dc120127c8a4afe60cc5d23a006035b8c73,15,8,2,0,6,2,0.185117729264077,0.28689743247232746,0.10177970320825047,0.10177970320825047,AWAY_FROM_REFERENCE,0.0,INFORMATIONAL,0,231,,,b90ada6209364f57a5e4e25acf8d38130021a56871e023b3054fa56f47dbd424,0.2805148571006735,0.20318122817155304,0.6328125,2,True,182
SB1414,Cytomegalovirus infection,innate-adaptive host-defense structure,pathogen-associated occupation/invasion with host-defense activation and local structural disruption,remaining_5256,6b6e894f5fde50797861d4e39d076dc120127c8a4afe60cc5d23a006035b8c73,15,8,2,0,6,2,0.185117729264077,0.28689743247232746,0.10177970320825047,0.10177970320825047,AWAY_FROM_REFERENCE,0.0,INFORMATIONAL,0,231,,,04bbf2eeb9ecdfc3c1929df79009659c71bc0cc78d228273d3ecb0a1d526b5e5,0.2805148571006735,0.20318122817155304,0.6328125,2,True,183
SB1522,Device related infection,innate-adaptive host-defense structure,pathogen-associated occupation/invasion with host-defense activation and local structural disruption,remaining_5256,6b6e894f5fde50797861d4e39d076dc120127c8a4afe60cc5d23a006035b8c73,15,8,2,0,6,2,0.185117729264077,0.28689743247232746,0.10177970320825047,0.10177970320825047,AWAY_FROM_REFERENCE,0.0,INFORMATIONAL,0,231,,,d62b70c29e0b9e03c851fadf46dc0015ac639df16f84e355e08cf0ecd4f53b76,0.2805148571006735,0.20318122817155304,0.6328125,2,True,184
SB1523,Device related sepsis,innate-adaptive host-defense structure,pathogen-associated occupation/invasion with host-defense activation and local structural disruption,remaining_5256,6b6e894f5fde50797861d4e39d076dc120127c8a4afe60cc5d23a006035b8c73,15,8,2,0,6,2,0.185117729264077,0.28689743247232746,0.10177970320825047,0.10177970320825047,AWAY_FROM_REFERENCE,0.0,INFORMATIONAL,0,231,,,af9a0d97cb949ec45c9c3833f048f47bb2ad588273be1faec0892b54fd0a085b,0.2805148571006735,0.20318122817155304,0.6328125,2,True,185
SB1577,Disseminated tuberculosis,innate-adaptive host-defense structure,pathogen-associated occupation/invasion with host-defense activation and local structural disruption,remaining_5256,6b6e894f5fde50797861d4e39d076dc120127c8a4afe60cc5d23a006035b8c73,15,8,2,0,6,2,0.185117729264077,0.28689743247232746,0.10177970320825047,0.10177970320825047,AWAY_FROM_REFERENCE,0.0,INFORMATIONAL,0,231,,,6c56a325d88a70d1251ee422bd47838a190e2c2f46b1fcf3c4181551c2b41aee,0.2805148571006735,0.20318122817155304,0.6328125,2,True,186
SB1823,Enterobacter sepsis,innate-adaptive host-defense structure,pathogen-associated occupation/invasion with host-defense activation and local structural disruption,remaining_5256,6b6e894f5fde50797861d4e39d076dc120127c8a4afe60cc5d23a006035b8c73,15,8,2,0,6,2,0.185117729264077,0.28689743247232746,0.10177970320825047,0.10177970320825047,AWAY_FROM_REFERENCE,0.0,INFORMATIONAL,0,231,,,c71daa437201c4f4dae4a3fc3a3981f8ded0f1d437528bf36f93ab05ca50d981,0.2805148571006735,0.20318122817155304,0.6328125,2,True,187
SB1826,Enterococcal infection,innate-adaptive host-defense structure,pathogen-associated occupation/invasion with host-defense activation and local structural disruption,remaining_5256,6b6e894f5fde50797861d4e39d076dc120127c8a4afe60cc5d23a006035b8c73,15,8,2,0,6,2,0.185117729264077,0.28689743247232746,0.10177970320825047,0.10177970320825047,AWAY_FROM_REFERENCE,0.0,INFORMATIONAL,0,231,,,b73d7a8936ad88e9d828a475bf9ee64bd512150e1cffd2feee57623a7e679497,0.2805148571006735,0.20318122817155304,0.6328125,2,True,188
SB1867,Epstein-Barr virus infection,innate-adaptive host-defense structure,pathogen-associated occupation/invasion with host-defense activation and local structural disruption,remaining_5256,6b6e894f5fde50797861d4e39d076dc120127c8a4afe60cc5d23a006035b8c73,15,8,2,0,6,2,0.185117729264077,0.28689743247232746,0.10177970320825047,0.10177970320825047,AWAY_FROM_REFERENCE,0.0,INFORMATIONAL,0,231,,,fd89d93c42d10402dc4b41302e3ef5b1d41379e96824f28edb189dead327d49a,0.2805148571006735,0.20318122817155304,0.6328125,2,True,189
SB1900,Escherichia sepsis,innate-adaptive host-defense structure,pathogen-associated occupation/invasion with host-defense activation and local structural disruption,remaining_5256,6b6e894f5fde50797861d4e39d076dc120127c8a4afe60cc5d23a006035b8c73,15,8,2,0,6,2,0.185117729264077,0.28689743247232746,0.10177970320825047,0.10177970320825047,AWAY_FROM_REFERENCE,0.0,INFORMATIONAL,0,231,,,691a587cfc2d4fcb37362fb091a46ed7ff2c4a7cd03d14e54ec43a714f6af253,0.2805148571006735,0.20318122817155304,0.6328125,2,True,190
SB2108,Foot infection fungal NOS,innate-adaptive host-defense structure,pathogen-associated occupation/invasion with host-defense activation and local structural disruption,remaining_5256,6b6e894f5fde50797861d4e39d076dc120127c8a4afe60cc5d23a006035b8c73,15,8,2,0,6,2,0.185117729264077,0.28689743247232746,0.10177970320825047,0.10177970320825047,AWAY_FROM_REFERENCE,0.0,INFORMATIONAL,0,231,,,724be3032d76c94e4cd29ab5042c22621b8a1a56ed941788d5f35ecbf5811c4e,0.2805148571006735,0.20318122817155304,0.6328125,2,True,191
SB2137,Fungal infection,innate-adaptive host-defense structure,pathogen-associated occupation/invasion with host-defense activation and local structural disruption,remaining_5256,6b6e894f5fde50797861d4e39d076dc120127c8a4afe60cc5d23a006035b8c73,15,8,2,0,6,2,0.185117729264077,0.28689743247232746,0.10177970320825047,0.10177970320825047,AWAY_FROM_REFERENCE,0.0,INFORMATIONAL,0,231,,,434d426e0ee885ff8d19390f8d320674e5bdb61257cd269e62c6b95d6f74d73d,0.2805148571006735,0.20318122817155304,0.6328125,2,True,192
SB2138,Fungal peritonitis,innate-adaptive host-defense structure,pathogen-associated occupation/invasion with host-defense activation and local structural disruption,remaining_5256,6b6e894f5fde50797861d4e39d076dc120127c8a4afe60cc5d23a006035b8c73,15,8,2,0,6,2,0.185117729264077,0.28689743247232746,0.10177970320825047,0.10177970320825047,AWAY_FROM_REFERENCE,0.0,INFORMATIONAL,0,231,,,455fcb0cba69e426d96a01ccacf9789c6973e75dd934b193940a04400dce87cb,0.2805148571006735,0.20318122817155304,0.6328125,2,True,193
SB2140,Fungal sepsis,innate-adaptive host-defense structure,pathogen-associated occupation/invasion with host-defense activation and local structural disruption,remaining_5256,6b6e894f5fde50797861d4e39d076dc120127c8a4afe60cc5d23a006035b8c73,15,8,2,0,6,2,0.185117729264077,0.28689743247232746,0.10177970320825047,0.10177970320825047,AWAY_FROM_REFERENCE,0.0,INFORMATIONAL,0,231,,,b22e9a244b90bf817fd5783d3939dd156be8de691f4f939e5939df68f5ad33d3,0.2805148571006735,0.20318122817155304,0.6328125,2,True,194
SB2142,Fungal test positive,innate-adaptive host-defense structure,pathogen-associated occupation/invasion with host-defense activation and local structural disruption,remaining_5256,6b6e894f5fde50797861d4e39d076dc120127c8a4afe60cc5d23a006035b8c73,15,8,2,0,6,2,0.185117729264077,0.28689743247232746,0.10177970320825047,0.10177970320825047,AWAY_FROM_REFERENCE,0.0,INFORMATIONAL,0,231,,,c3e312734209501d8bf544c2be05d5c73911af8b3730a522748ab37ca233aa10,0.2805148571006735,0.20318122817155304,0.6328125,2,True,195
SB2248,Genital infection,innate-adaptive host-defense structure,pathogen-associated occupation/invasion with host-defense activation and local structural disruption,remaining_5256,6b6e894f5fde50797861d4e39d076dc120127c8a4afe60cc5d23a006035b8c73,15,8,2,0,6,2,0.185117729264077,0.28689743247232746,0.10177970320825047,0.10177970320825047,AWAY_FROM_REFERENCE,0.0,INFORMATIONAL,0,231,,,b80504e4698eec90e0b9163dabe94b8a299991eb51c0bae593ce8c768c5f9edd,0.2805148571006735,0.20318122817155304,0.6328125,2,True,196
SB2249,Genital infection fungal,innate-adaptive host-defense structure,pathogen-associated occupation/invasion with host-defense activation and local structural disruption,remaining_5256,6b6e894f5fde50797861d4e39d076dc120127c8a4afe60cc5d23a006035b8c73,15,8,2,0,6,2,0.185117729264077,0.28689743247232746,0.10177970320825047,0.10177970320825047,AWAY_FROM_REFERENCE,0.0,INFORMATIONAL,0,231,,,a1848f3f8e519c6064ab77db7e69e32f09c65c76d4a14e3ea13669e47e3ed046,0.2805148571006735,0.20318122817155304,0.6328125,2,True,197
SB2250,Genital infection male,innate-adaptive host-defense structure,pathogen-associated occupation/invasion with host-defense activation and local structural disruption,remaining_5256,6b6e894f5fde50797861d4e39d076dc120127c8a4afe60cc5d23a006035b8c73,15,8,2,0,6,2,0.185117729264077,0.28689743247232746,0.10177970320825047,0.10177970320825047,AWAY_FROM_REFERENCE,0.0,INFORMATIONAL,0,231,,,5f5f1a058245976acd8d62fc6a5e278a98177d1f6e5d0f4489153291b02572d1,0.2805148571006735,0.20318122817155304,0.6328125,2,True,198
SB2259,Genitourinary chlamydia infection,innate-adaptive host-defense structure,pathogen-associated occupation/invasion with host-defense activation and local structural disruption,remaining_5256,6b6e894f5fde50797861d4e39d076dc120127c8a4afe60cc5d23a006035b8c73,15,8,2,0,6,2,0.185117729264077,0.28689743247232746,0.10177970320825047,0.10177970320825047,AWAY_FROM_REFERENCE,0.0,INFORMATIONAL,0,231,,,5ef012bdf7c0f2bee3ebf1f5465a953c4e2d71c6a67f490f94052baf4d17c3ec,0.2805148571006735,0.20318122817155304,0.6328125,2,True,199
SB2260,Genitourinary tract infection,innate-adaptive host-defense structure,pathogen-associated occupation/invasion with host-defense activation and local structural disruption,remaining_5256,6b6e894f5fde50797861d4e39d076dc120127c8a4afe60cc5d23a006035b8c73,15,8,2,0,6,2,0.185117729264077,0.28689743247232746,0.10177970320825047,0.10177970320825047,AWAY_FROM_REFERENCE,0.0,INFORMATIONAL,0,231,,,84d545378a3071e21bc4b4b8eba6b07b0ade3c3c7ac8c0dd06366853087d59e3,0.2805148571006735,0.20318122817155304,0.6328125,2,True,200
SB2327,Gram-negative bacterial infection NOS,innate-adaptive host-defense structure,pathogen-associated occupation/invasion with host-defense activation and local structural disruption,remaining_5256,6b6e894f5fde50797861d4e39d076dc120127c8a4afe60cc5d23a006035b8c73,15,8,2,0,6,2,0.185117729264077,0.28689743247232746,0.10177970320825047,0.10177970320825047,AWAY_FROM_REFERENCE,0.0,INFORMATIONAL,0,231,,,24e9b41337398f02e9d0969036c00ce858787af575954dc2cf80a887d49609d9,0.2805148571006735,0.20318122817155304,0.6328125,2,True,201
SB2440,Helicobacter infection,innate-adaptive host-defense structure,pathogen-associated occupation/invasion with host-defense activation and local structural disruption,remaining_5256,6b6e894f5fde50797861d4e39d076dc120127c8a4afe60cc5d23a006035b8c73,15,8,2,0,6,2,0.185117729264077,0.28689743247232746,0.10177970320825047,0.10177970320825047,AWAY_FROM_REFERENCE,0.0,INFORMATIONAL,0,231,,,6fa006a98af23f6776ddab5e3b5a38f3deaa73b9c10218573f2651cb99c7f56f,0.2805148571006735,0.20318122817155304,0.6328125,2,True,202
SB2524,Herpes virus infection,innate-adaptive host-defense structure,pathogen-associated occupation/invasion with host-defense activation and local structural disruption,remaining_5256,6b6e894f5fde50797861d4e39d076dc120127c8a4afe60cc5d23a006035b8c73,15,8,2,0,6,2,0.185117729264077,0.28689743247232746,0.10177970320825047,0.10177970320825047,AWAY_FROM_REFERENCE,0.0,INFORMATIONAL,0,231,,,35bb2375679b4a13a2b90c26dbcf226a794611d4955594baf580e76f9665bd24,0.2805148571006735,0.20318122817155304,0.6328125,2,True,203
SB2557,Human herpesvirus 6 infection,innate-adaptive host-defense structure,pathogen-associated occupation/invasion with host-defense activation and local structural disruption,remaining_5256,6b6e894f5fde50797861d4e39d076dc120127c8a4afe60cc5d23a006035b8c73,15,8,2,0,6,2,0.185117729264077,0.28689743247232746,0.10177970320825047,0.10177970320825047,AWAY_FROM_REFERENCE,0.0,INFORMATIONAL,0,231,,,b028f5000e1a88c2ab114d016bc75c78bd9b46c78bc0085956082dbc06945fd9,0.2805148571006735,0.20318122817155304,0.6328125,2,True,204
SB2756,Implant infection,innate-adaptive host-defense structure,pathogen-associated occupation/invasion with host-defense activation and local structural disruption,remaining_5256,6b6e894f5fde50797861d4e39d076dc120127c8a4afe60cc5d23a006035b8c73,15,8,2,0,6,2,0.185117729264077,0.28689743247232746,0.10177970320825047,0.10177970320825047,AWAY_FROM_REFERENCE,0.0,INFORMATIONAL,0,231,,,79fe12b887e8ba29b9cd8714121a9d9e247203d748c626acab23c44ab59505e0,0.2805148571006735,0.20318122817155304,0.6328125,2,True,205
SB2790,Infection,innate-adaptive host-defense structure,pathogen-associated occupation/invasion with host-defense activation and local structural disruption,remaining_5256,6b6e894f5fde50797861d4e39d076dc120127c8a4afe60cc5d23a006035b8c73,15,8,2,0,6,2,0.185117729264077,0.28689743247232746,0.10177970320825047,0.10177970320825047,AWAY_FROM_REFERENCE,0.0,INFORMATIONAL,0,231,,,ad66f36141f7e85d3dff3297e697894eece2bb23dbcab2bacf91cedb780a6ab8,0.2805148571006735,0.20318122817155304,0.6328125,2,True,206
SB2791,Infection mixed,innate-adaptive host-defense structure,pathogen-associated occupation/invasion with host-defense activation and local structural disruption,remaining_5256,6b6e894f5fde50797861d4e39d076dc120127c8a4afe60cc5d23a006035b8c73,15,8,2,0,6,2,0.185117729264077,0.28689743247232746,0.10177970320825047,0.10177970320825047,AWAY_FROM_REFERENCE,0.0,INFORMATIONAL,0,231,,,9b86d23f3a935b826e2aaf084154b508bddb292dd32cf68ade80edb9d7f148df,0.2805148571006735,0.20318122817155304,0.6328125,2,True,207
SB2792,Infection parasitic,innate-adaptive host-defense structure,pathogen-associated occupation/invasion with host-defense activation and local structural disruption,remaining_5256,6b6e894f5fde50797861d4e39d076dc120127c8a4afe60cc5d23a006035b8c73,15,8,2,0,6,2,0.185117729264077,0.28689743247232746,0.10177970320825047,0.10177970320825047,AWAY_FROM_REFERENCE,0.0,INFORMATIONAL,0,231,,,30100d79a933b1d91bf485d466f24852cefa4c494d84b85f99e24097ab2ee38a,0.2805148571006735,0.20318122817155304,0.6328125,2,True,208
SB2793,Infection pseudomonas aeruginosa,innate-adaptive host-defense structure,pathogen-associated occupation/invasion with host-defense activation and local structural disruption,remaining_5256,6b6e894f5fde50797861d4e39d076dc120127c8a4afe60cc5d23a006035b8c73,15,8,2,0,6,2,0.185117729264077,0.28689743247232746,0.10177970320825047,0.10177970320825047,AWAY_FROM_REFERENCE,0.0,INFORMATIONAL,0,231,,,44157f30b7ae8144e5b5d5b2a1fdd6a32548914ceece39a60a4cabb92b1f14c8,0.2805148571006735,0.20318122817155304,0.6328125,2,True,209
SB2794,Infection reactivation,innate-adaptive host-defense structure,pathogen-associated occupation/invasion with host-defense activation and local structural disruption,remaining_5256,6b6e894f5fde50797861d4e39d076dc120127c8a4afe60cc5d23a006035b8c73,15,8,2,0,6,2,0.185117729264077,0.28689743247232746,0.10177970320825047,0.10177970320825047,AWAY_FROM_REFERENCE,0.0,INFORMATIONAL,0,231,,,ffaeb11803153ed9d48a33e2ff588d99b55a92fe73919beed7b89a8dac69875d,0.2805148571006735,0.20318122817155304,0.6328125,2,True,210
SB2795,Infection susceptibility increased,innate-adaptive host-defense structure,pathogen-associated occupation/invasion with host-defense activation and local structural disruption,remaining_5256,6b6e894f5fde50797861d4e39d076dc120127c8a4afe60cc5d23a006035b8c73,15,8,2,0,6,2,0.185117729264077,0.28689743247232746,0.10177970320825047,0.10177970320825047,AWAY_FROM_REFERENCE,0.0,INFORMATIONAL,0,231,,,628a94da41600ac80a29bff6adb9f6499e19914fd0366412579040846295870c,0.2805148571006735,0.20318122817155304,0.6328125,2,True,211
SB2823,Infusion site infection,innate-adaptive host-defense structure,pathogen-associated occupation/invasion with host-defense activation and local structural disruption,remaining_5256,6b6e894f5fde50797861d4e39d076dc120127c8a4afe60cc5d23a006035b8c73,15,8,2,0,6,2,0.185117729264077,0.28689743247232746,0.10177970320825047,0.10177970320825047,AWAY_FROM_REFERENCE,0.0,INFORMATIONAL,0,231,,,95047921f0dc5829a5a5d8fea3e836a93aca921e478609107b806e84dd37ee8d,0.2805148571006735,0.20318122817155304,0.6328125,2,True,212
SB2861,Injection site infection,innate-adaptive host-defense structure,pathogen-associated occupation/invasion with host-defense activation and local structural disruption,remaining_5256,6b6e894f5fde50797861d4e39d076dc120127c8a4afe60cc5d23a006035b8c73,15,8,2,0,6,2,0.185117729264077,0.28689743247232746,0.10177970320825047,0.10177970320825047,AWAY_FROM_REFERENCE,0.0,INFORMATIONAL,0,231,,,8072b80b6d532c1d3f543b32bd6702199819b61ac0eab8c6655c10a065496931,0.2805148571006735,0.20318122817155304,0.6328125,2,True,213
SB2913,Intertrigo candida,innate-adaptive host-defense structure,pathogen-associated occupation/invasion with host-defense activation and local structural disruption,remaining_5256,6b6e894f5fde50797861d4e39d076dc120127c8a4afe60cc5d23a006035b8c73,15,8,2,0,6,2,0.185117729264077,0.28689743247232746,0.10177970320825047,0.10177970320825047,AWAY_FROM_REFERENCE,0.0,INFORMATIONAL,0,231,,,2f2642f47e28cdf5f56cb2ad156322ef7b2b6e08d29b684fb109a5b469bd759f,0.2805148571006735,0.20318122817155304,0.6328125,2,True,214
SB3018,Klebsiella sepsis,innate-adaptive host-defense structure,pathogen-associated occupation/invasion with host-defense activation and local structural disruption,remaining_5256,6b6e894f5fde50797861d4e39d076dc120127c8a4afe60cc5d23a006035b8c73,15,8,2,0,6,2,0.185117729264077,0.28689743247232746,0.10177970320825047,0.10177970320825047,AWAY_FROM_REFERENCE,0.0,INFORMATIONAL,0,231,,,99b4dcb239b75fc8bb2091d14d2925a2b4e3776970001bbcc34a0acdb897c94e,0.2805148571006735,0.20318122817155304,0.6328125,2,True,215
SB3069,Latent tuberculosis,innate-adaptive host-defense structure,pathogen-associated occupation/invasion with host-defense activation and local structural disruption,remaining_5256,6b6e894f5fde50797861d4e39d076dc120127c8a4afe60cc5d23a006035b8c73,15,8,2,0,6,2,0.185117729264077,0.28689743247232746,0.10177970320825047,0.10177970320825047,AWAY_FROM_REFERENCE,0.0,INFORMATIONAL,0,231,,,9f1eed9c1b6cd5ee76ea7e2c51fe77eb2a2c3d09e5f4bc084536dedc37a5cac9,0.2805148571006735,0.20318122817155304,0.6328125,2,True,216
SB3155,Localised infection,innate-adaptive host-defense structure,pathogen-associated occupation/invasion with host-defense activation and local structural disruption,remaining_5256,6b6e894f5fde50797861d4e39d076dc120127c8a4afe60cc5d23a006035b8c73,15,8,2,0,6,2,0.185117729264077,0.28689743247232746,0.10177970320825047,0.10177970320825047,AWAY_FROM_REFERENCE,0.0,INFORMATIONAL,0,231,,,0737cd93da64ac9b0a0737b04745573d1ae788017bbe5cce44f2d690799acd6a,0.2805148571006735,0.20318122817155304,0.6328125,2,True,217
SB3352,Methicillin-resistant Staphylococcus aureus infection,innate-adaptive host-defense structure,pathogen-associated occupation/invasion with host-defense activation and local structural disruption,remaining_5256,6b6e894f5fde50797861d4e39d076dc120127c8a4afe60cc5d23a006035b8c73,15,8,2,0,6,2,0.185117729264077,0.28689743247232746,0.10177970320825047,0.10177970320825047,AWAY_FROM_REFERENCE,0.0,INFORMATIONAL,0,231,,,d41feaec1a17a2f0ba4d5e81d74abe4dfe38c5d30b9e4c4047ba1443eb52edd1,0.2805148571006735,0.20318122817155304,0.6328125,2,True,218
SB3479,Mycobacterial infection,innate-adaptive host-defense structure,pathogen-associated occupation/invasion with host-defense activation and local structural disruption,remaining_5256,6b6e894f5fde50797861d4e39d076dc120127c8a4afe60cc5d23a006035b8c73,15,8,2,0,6,2,0.185117729264077,0.28689743247232746,0.10177970320825047,0.10177970320825047,AWAY_FROM_REFERENCE,0.0,INFORMATIONAL,0,231,,,718ed27391be5ca47c0b36615c764f43a635bf6924cae254c00b1269c3a80d3c,0.2805148571006735,0.20318122817155304,0.6328125,2,True,219
SB3480,Mycobacterium avium complex infection,innate-adaptive host-defense structure,pathogen-associated occupation/invasion with host-defense activation and local structural disruption,remaining_5256,6b6e894f5fde50797861d4e39d076dc120127c8a4afe60cc5d23a006035b8c73,15,8,2,0,6,2,0.185117729264077,0.28689743247232746,0.10177970320825047,0.10177970320825047,AWAY_FROM_REFERENCE,0.0,INFORMATIONAL,0,231,,,c31d0ad9fbcbb304f90b72bce63b4d22cf54db8cb9148e82f739f8da411addb4,0.2805148571006735,0.20318122817155304,0.6328125,2,True,220
SB3581,Neisseria infection,innate-adaptive host-defense structure,pathogen-associated occupation/invasion with host-defense activation and local structural disruption,remaining_5256,6b6e894f5fde50797861d4e39d076dc120127c8a4afe60cc5d23a006035b8c73,15,8,2,0,6,2,0.185117729264077,0.28689743247232746,0.10177970320825047,0.10177970320825047,AWAY_FROM_REFERENCE,0.0,INFORMATIONAL,0,231,,,75aa3dac2f75aa6b66f05707106a01b0830cdd4db70415b9233d910a77cee2ec,0.2805148571006735,0.20318122817155304,0.6328125,2,True,221
SB3584,Neonatal infection,innate-adaptive host-defense structure,pathogen-associated occupation/invasion with host-defense activation and local structural disruption,remaining_5256,6b6e894f5fde50797861d4e39d076dc120127c8a4afe60cc5d23a006035b8c73,15,8,2,0,6,2,0.185117729264077,0.28689743247232746,0.10177970320825047,0.10177970320825047,AWAY_FROM_REFERENCE,0.0,INFORMATIONAL,0,231,,,a272052dbd732d3d5fb4fbf110caaab7ef23305612c19fbb6706f11d8eff74eb,0.2805148571006735,0.20318122817155304,0.6328125,2,True,222
SB3645,Neutropenic infection,innate-adaptive host-defense structure,pathogen-associated occupation/invasion with host-defense activation and local structural disruption,remaining_5256,6b6e894f5fde50797861d4e39d076dc120127c8a4afe60cc5d23a006035b8c73,15,8,2,0,6,2,0.185117729264077,0.28689743247232746,0.10177970320825047,0.10177970320825047,AWAY_FROM_REFERENCE,0.0,INFORMATIONAL,0,231,,,426c42a5b13e55f27e8c874338ca1c2f5769d8609ee30f5fd263cc376b6d3ea9,0.2805148571006735,0.20318122817155304,0.6328125,2,True,223
SB3646,Neutropenic sepsis,innate-adaptive host-defense structure,pathogen-associated occupation/invasion with host-defense activation and local structural disruption,remaining_5256,6b6e894f5fde50797861d4e39d076dc120127c8a4afe60cc5d23a006035b8c73,15,8,2,0,6,2,0.185117729264077,0.28689743247232746,0.10177970320825047,0.10177970320825047,AWAY_FROM_REFERENCE,0.0,INFORMATIONAL,0,231,,,b372c4459ade462c183b0fffd8eb4b2b76120a367a5d205a8f5b557742820f01,0.2805148571006735,0.20318122817155304,0.6328125,2,True,224
SB3690,Nose infection NOS,innate-adaptive host-defense structure,pathogen-associated occupation/invasion with host-defense activation and local structural disruption,remaining_5256,6b6e894f5fde50797861d4e39d076dc120127c8a4afe60cc5d23a006035b8c73,15,8,2,0,6,2,0.185117729264077,0.28689743247232746,0.10177970320825047,0.10177970320825047,AWAY_FROM_REFERENCE,0.0,INFORMATIONAL,0,231,,,82807167e390e93718c5ed309c7a4bf5e3c41219cfdba0f2023c2998a7cab363,0.2805148571006735,0.20318122817155304,0.6328125,2,True,225
SB3786,Opportunistic infection,innate-adaptive host-defense structure,pathogen-associated occupation/invasion with host-defense activation and local structural disruption,remaining_5256,6b6e894f5fde50797861d4e39d076dc120127c8a4afe60cc5d23a006035b8c73,15,8,2,0,6,2,0.185117729264077,0.28689743247232746,0.10177970320825047,0.10177970320825047,AWAY_FROM_REFERENCE,0.0,INFORMATIONAL,0,231,,,1cc9519c191612af58f64c2880d1c1864b7713f2e2e3bc6f3637c161d5032e1c,0.2805148571006735,0.20318122817155304,0.6328125,2,True,226
SB3860,Other bacterial diseases,innate-adaptive host-defense structure,pathogen-associated occupation/invasion with host-defense activation and local structural disruption,remaining_5256,6b6e894f5fde50797861d4e39d076dc120127c8a4afe60cc5d23a006035b8c73,15,8,2,0,6,2,0.185117729264077,0.28689743247232746,0.10177970320825047,0.10177970320825047,AWAY_FROM_REFERENCE,0.0,INFORMATIONAL,0,231,,,acfcb12beae55ea0a8a99b53474e503b8106221500cb916348e784f498c5f71c,0.2805148571006735,0.20318122817155304,0.6328125,2,True,227
SB3958,Paracoccidioides infection,innate-adaptive host-defense structure,pathogen-associated occupation/invasion with host-defense activation and local structural disruption,remaining_5256,6b6e894f5fde50797861d4e39d076dc120127c8a4afe60cc5d23a006035b8c73,15,8,2,0,6,2,0.185117729264077,0.28689743247232746,0.10177970320825047,0.10177970320825047,AWAY_FROM_REFERENCE,0.0,INFORMATIONAL,0,231,,,d9aa3fbee311890fae93d9890b68ec16f338c9d73a727d72a8c84fd89fb544bc,0.2805148571006735,0.20318122817155304,0.6328125,2,True,228
SB3966,Parainfluenzae virus infection,innate-adaptive host-defense structure,pathogen-associated occupation/invasion with host-defense activation and local structural disruption,remaining_5256,6b6e894f5fde50797861d4e39d076dc120127c8a4afe60cc5d23a006035b8c73,15,8,2,0,6,2,0.185117729264077,0.28689743247232746,0.10177970320825047,0.10177970320825047,AWAY_FROM_REFERENCE,0.0,INFORMATIONAL,0,231,,,f3b0ea55d70c71879c02d226d5849dadfa6c4aa67c3949101911533602de22e7,0.2805148571006735,0.20318122817155304,0.6328125,2,True,229
SB4021,Pelvic infection,innate-adaptive host-defense structure,pathogen-associated occupation/invasion with host-defense activation and local structural disruption,remaining_5256,6b6e894f5fde50797861d4e39d076dc120127c8a4afe60cc5d23a006035b8c73,15,8,2,0,6,2,0.185117729264077,0.28689743247232746,0.10177970320825047,0.10177970320825047,AWAY_FROM_REFERENCE,0.0,INFORMATIONAL,0,231,,,9d871eecb78b64ac72b2bdee43ccb067e0913948098fa83604540394980bcc83,0.2805148571006735,0.20318122817155304,0.6328125,2,True,230
SB4095,Peritonitis bacterial,innate-adaptive host-defense structure,pathogen-associated occupation/invasion with host-defense activation and local structural disruption,remaining_5256,6b6e894f5fde50797861d4e39d076dc120127c8a4afe60cc5d23a006035b8c73,15,8,2,0,6,2,0.185117729264077,0.28689743247232746,0.10177970320825047,0.10177970320825047,AWAY_FROM_REFERENCE,0.0,INFORMATIONAL,0,231,,,ab08b1df14e47985d01019ccfd702f901691ee3898e6ffc254b1186d75d7887e,0.2805148571006735,0.20318122817155304,0.6328125,2,True,231
SB4178,Plasmodium falciparum infection,innate-adaptive host-defense structure,pathogen-associated occupation/invasion with host-defense activation and local structural disruption,remaining_5256,6b6e894f5fde50797861d4e39d076dc120127c8a4afe60cc5d23a006035b8c73,15,8,2,0,6,2,0.185117729264077,0.28689743247232746,0.10177970320825047,0.10177970320825047,AWAY_FROM_REFERENCE,0.0,INFORMATIONAL,0,231,,,31ab4919b159e6d4b9bb0264b9740b9d46ddc3004495260e9b186dfbc68a261c,0.2805148571006735,0.20318122817155304,0.6328125,2,True,232
SB4201,Pneumocystis carinii infection,innate-adaptive host-defense structure,pathogen-associated occupation/invasion with host-defense activation and local structural disruption,remaining_5256,6b6e894f5fde50797861d4e39d076dc120127c8a4afe60cc5d23a006035b8c73,15,8,2,0,6,2,0.185117729264077,0.28689743247232746,0.10177970320825047,0.10177970320825047,AWAY_FROM_REFERENCE,0.0,INFORMATIONAL,0,231,,,c6332432fdaec51f1a5b3aa6dff1f5347497f7a0823474820592f2608f38e66e,0.2805148571006735,0.20318122817155304,0.6328125,2,True,233
SB4202,Pneumocystis jirovecii infection,innate-adaptive host-defense structure,pathogen-associated occupation/invasion with host-defense activation and local structural disruption,remaining_5256,6b6e894f5fde50797861d4e39d076dc120127c8a4afe60cc5d23a006035b8c73,15,8,2,0,6,2,0.185117729264077,0.28689743247232746,0.10177970320825047,0.10177970320825047,AWAY_FROM_REFERENCE,0.0,INFORMATIONAL,0,231,,,e24ee5273771abb90dbec72b25fa5000fa36c59ac44c70d4b95d414afad728ae,0.2805148571006735,0.20318122817155304,0.6328125,2,True,234
SB4268,Post procedural infection,innate-adaptive host-defense structure,pathogen-associated occupation/invasion with host-defense activation and local structural disruption,remaining_5256,6b6e894f5fde50797861d4e39d076dc120127c8a4afe60cc5d23a006035b8c73,15,8,2,0,6,2,0.185117729264077,0.28689743247232746,0.10177970320825047,0.10177970320825047,AWAY_FROM_REFERENCE,0.0,INFORMATIONAL,0,231,,,42ea41cb79a8917b3c868f370d8f4be43e86bf81cb9a5cdb0597181410cd66cf,0.2805148571006735,0.20318122817155304,0.6328125,2,True,235
SB4297,Postoperative infection,innate-adaptive host-defense structure,pathogen-associated occupation/invasion with host-defense activation and local structural disruption,remaining_5256,6b6e894f5fde50797861d4e39d076dc120127c8a4afe60cc5d23a006035b8c73,15,8,2,0,6,2,0.185117729264077,0.28689743247232746,0.10177970320825047,0.10177970320825047,AWAY_FROM_REFERENCE,0.0,INFORMATIONAL,0,231,,,7ad0e98f15573e765ffe16898049e99885d1e25f8d8dd5ca4ca1c483b4cca8fd,0.2805148571006735,0.20318122817155304,0.6328125,2,True,236
SB4403,Pseudomonal sepsis,innate-adaptive host-defense structure,pathogen-associated occupation/invasion with host-defense activation and local structural disruption,remaining_5256,6b6e894f5fde50797861d4e39d076dc120127c8a4afe60cc5d23a006035b8c73,15,8,2,0,6,2,0.185117729264077,0.28689743247232746,0.10177970320825047,0.10177970320825047,AWAY_FROM_REFERENCE,0.0,INFORMATIONAL,0,231,,,8b8ab14aa3cd192f937be9ba55fa2ec6072aac30ffec6a37a193f6252cece364,0.2805148571006735,0.20318122817155304,0.6328125,2,True,237
SB4404,Pseudomonas infection,innate-adaptive host-defense structure,pathogen-associated occupation/invasion with host-defense activation and local structural disruption,remaining_5256,6b6e894f5fde50797861d4e39d076dc120127c8a4afe60cc5d23a006035b8c73,15,8,2,0,6,2,0.185117729264077,0.28689743247232746,0.10177970320825047,0.10177970320825047,AWAY_FROM_REFERENCE,0.0,INFORMATIONAL,0,231,,,b21f45e25d6cce49a8b8cda73a306c950f0a81e7cdc43044a59d4a2f747beca8,0.2805148571006735,0.20318122817155304,0.6328125,2,True,238
SB4548,Recurrent infection,innate-adaptive host-defense structure,pathogen-associated occupation/invasion with host-defense activation and local structural disruption,remaining_5256,6b6e894f5fde50797861d4e39d076dc120127c8a4afe60cc5d23a006035b8c73,15,8,2,0,6,2,0.185117729264077,0.28689743247232746,0.10177970320825047,0.10177970320825047,AWAY_FROM_REFERENCE,0.0,INFORMATIONAL,0,231,,,484a08ce16de68f26ed4f12380e4692547a90659ba8ddc72cbb5b1ca61f52935,0.2805148571006735,0.20318122817155304,0.6328125,2,True,239
SB4632,Respiratory syncytial virus infection,innate-adaptive host-defense structure,pathogen-associated occupation/invasion with host-defense activation and local structural disruption,remaining_5256,6b6e894f5fde50797861d4e39d076dc120127c8a4afe60cc5d23a006035b8c73,15,8,2,0,6,2,0.185117729264077,0.28689743247232746,0.10177970320825047,0.10177970320825047,AWAY_FROM_REFERENCE,0.0,INFORMATIONAL,0,231,,,7795b4a8f4f38085e22eccfe968f6beed4d7f8018aafb6d7caf8e564c90d555b,0.2805148571006735,0.20318122817155304,0.6328125,2,True,240
SB4721,Salmonella sepsis,innate-adaptive host-defense structure,pathogen-associated occupation/invasion with host-defense activation and local structural disruption,remaining_5256,6b6e894f5fde50797861d4e39d076dc120127c8a4afe60cc5d23a006035b8c73,15,8,2,0,6,2,0.185117729264077,0.28689743247232746,0.10177970320825047,0.10177970320825047,AWAY_FROM_REFERENCE,0.0,INFORMATIONAL,0,231,,,cdb432ecb60f9a7f56c76ae452d8cbdea7011ef426f781352b69b4366805d145,0.2805148571006735,0.20318122817155304,0.6328125,2,True,241
SB4768,Secondary infection,innate-adaptive host-defense structure,pathogen-associated occupation/invasion with host-defense activation and local structural disruption,remaining_5256,6b6e894f5fde50797861d4e39d076dc120127c8a4afe60cc5d23a006035b8c73,15,8,2,0,6,2,0.185117729264077,0.28689743247232746,0.10177970320825047,0.10177970320825047,AWAY_FROM_REFERENCE,0.0,INFORMATIONAL,0,231,,,a86fde4517095b723dbeb5aa571fe42fce591c5274cf9e72da5730d42d3ae41f,0.2805148571006735,0.20318122817155304,0.6328125,2,True,242
SB4793,Sepsis,innate-adaptive host-defense structure,pathogen-associated occupation/invasion with host-defense activation and local structural disruption,remaining_5256,6b6e894f5fde50797861d4e39d076dc120127c8a4afe60cc5d23a006035b8c73,15,8,2,0,6,2,0.185117729264077,0.28689743247232746,0.10177970320825047,0.10177970320825047,AWAY_FROM_REFERENCE,0.0,INFORMATIONAL,0,231,,,aa910f0a268ee56f23344252d94a540763d97f501d2f8118af939228462c2347,0.2805148571006735,0.20318122817155304,0.6328125,2,True,243
SB4794,Sepsis neonatal,innate-adaptive host-defense structure,pathogen-associated occupation/invasion with host-defense activation and local structural disruption,remaining_5256,6b6e894f5fde50797861d4e39d076dc120127c8a4afe60cc5d23a006035b8c73,15,8,2,0,6,2,0.185117729264077,0.28689743247232746,0.10177970320825047,0.10177970320825047,AWAY_FROM_REFERENCE,0.0,INFORMATIONAL,0,231,,,65e4e000da03506ba2a51ce4657d98edd68cb34bfb2cacf4866474d821c9e1cb,0.2805148571006735,0.20318122817155304,0.6328125,2,True,244
SB4795,Sepsis secondary,innate-adaptive host-defense structure,pathogen-associated occupation/invasion with host-defense activation and local structural disruption,remaining_5256,6b6e894f5fde50797861d4e39d076dc120127c8a4afe60cc5d23a006035b8c73,15,8,2,0,6,2,0.185117729264077,0.28689743247232746,0.10177970320825047,0.10177970320825047,AWAY_FROM_REFERENCE,0.0,INFORMATIONAL,0,231,,,cf1bfdb5cc7f877c491fc1c6eb9316d61c16b4dc0739140c001c68eaa0013646,0.2805148571006735,0.20318122817155304,0.6328125,2,True,245
SB4950,Soft tissue infection,innate-adaptive host-defense structure,pathogen-associated occupation/invasion with host-defense activation and local structural disruption,remaining_5256,6b6e894f5fde50797861d4e39d076dc120127c8a4afe60cc5d23a006035b8c73,15,8,2,0,6,2,0.185117729264077,0.28689743247232746,0.10177970320825047,0.10177970320825047,AWAY_FROM_REFERENCE,0.0,INFORMATIONAL,0,231,,,c891be7ece4ed64026b6a4d67ee218ee47fc2bfa54b086b2858e0751173de5ac,0.2805148571006735,0.20318122817155304,0.6328125,2,True,246
SB5019,Staphylococcal infection,innate-adaptive host-defense structure,pathogen-associated occupation/invasion with host-defense activation and local structural disruption,remaining_5256,6b6e894f5fde50797861d4e39d076dc120127c8a4afe60cc5d23a006035b8c73,15,8,2,0,6,2,0.185117729264077,0.28689743247232746,0.10177970320825047,0.10177970320825047,AWAY_FROM_REFERENCE,0.0,INFORMATIONAL,0,231,,,a42b138e3662c8dc14f729eec1fd252ac0491813606dc484f126dedc4561ed0c,0.2805148571006735,0.20318122817155304,0.6328125,2,True,247
SB5047,Streptococcal infection,innate-adaptive host-defense structure,pathogen-associated occupation/invasion with host-defense activation and local structural disruption,remaining_5256,6b6e894f5fde50797861d4e39d076dc120127c8a4afe60cc5d23a006035b8c73,15,8,2,0,6,2,0.185117729264077,0.28689743247232746,0.10177970320825047,0.10177970320825047,AWAY_FROM_REFERENCE,0.0,INFORMATIONAL,0,231,,,c34358173d7179f19a3176224c26223c5c42cbab1f2c695b9e23f06eba48fde2,0.2805148571006735,0.20318122817155304,0.6328125,2,True,248
SB5048,Streptococcal sepsis,innate-adaptive host-defense structure,pathogen-associated occupation/invasion with host-defense activation and local structural disruption,remaining_5256,6b6e894f5fde50797861d4e39d076dc120127c8a4afe60cc5d23a006035b8c73,15,8,2,0,6,2,0.185117729264077,0.28689743247232746,0.10177970320825047,0.10177970320825047,AWAY_FROM_REFERENCE,0.0,INFORMATIONAL,0,231,,,79bb8593dcf9d0589863ea85272ac83e53a1c88a49d733cbf250ac71385c3853,0.2805148571006735,0.20318122817155304,0.6328125,2,True,249
SB5059,Subacute bacterial endocarditis,innate-adaptive host-defense structure,pathogen-associated occupation/invasion with host-defense activation and local structural disruption,remaining_5256,6b6e894f5fde50797861d4e39d076dc120127c8a4afe60cc5d23a006035b8c73,15,8,2,0,6,2,0.185117729264077,0.28689743247232746,0.10177970320825047,0.10177970320825047,AWAY_FROM_REFERENCE,0.0,INFORMATIONAL,0,231,,,0832d16b641765cb1edad247251ff7c37dbb4ff9fe139915d3990c3782f1c68d,0.2805148571006735,0.20318122817155304,0.6328125,2,True,250
SB5135,Systemic candida,innate-adaptive host-defense structure,pathogen-associated occupation/invasion with host-defense activation and local structural disruption,remaining_5256,6b6e894f5fde50797861d4e39d076dc120127c8a4afe60cc5d23a006035b8c73,15,8,2,0,6,2,0.185117729264077,0.28689743247232746,0.10177970320825047,0.10177970320825047,AWAY_FROM_REFERENCE,0.0,INFORMATIONAL,0,231,,,c76d4f694a1c69b5eebb93a5330dd00b039e9341dbc38a073cc4e921d6fbfc6b,0.2805148571006735,0.20318122817155304,0.6328125,2,True,251
SB5248,Tinea infection,innate-adaptive host-defense structure,pathogen-associated occupation/invasion with host-defense activation and local structural disruption,remaining_5256,6b6e894f5fde50797861d4e39d076dc120127c8a4afe60cc5d23a006035b8c73,15,8,2,0,6,2,0.185117729264077,0.28689743247232746,0.10177970320825047,0.10177970320825047,AWAY_FROM_REFERENCE,0.0,INFORMATIONAL,0,231,,,97e7a7ab80d66baddf8c8d7debdc88748d4c87a22f4f46751586211963ca49ee,0.2805148571006735,0.20318122817155304,0.6328125,2,True,252
SB5349,Tuberculosis,innate-adaptive host-defense structure,pathogen-associated occupation/invasion with host-defense activation and local structural disruption,remaining_5256,6b6e894f5fde50797861d4e39d076dc120127c8a4afe60cc5d23a006035b8c73,15,8,2,0,6,2,0.185117729264077,0.28689743247232746,0.10177970320825047,0.10177970320825047,AWAY_FROM_REFERENCE,0.0,INFORMATIONAL,0,231,,,4537f9f9b26ef86ab8b7320b667adbbfdfbb25dab4d7df02634274894f83dcb9,0.2805148571006735,0.20318122817155304,0.6328125,2,True,253
SB5437,Urinary tract infection,innate-adaptive host-defense structure,pathogen-associated occupation/invasion with host-defense activation and local structural disruption,remaining_5256,6b6e894f5fde50797861d4e39d076dc120127c8a4afe60cc5d23a006035b8c73,15,8,2,0,6,2,0.185117729264077,0.28689743247232746,0.10177970320825047,0.10177970320825047,AWAY_FROM_REFERENCE,0.0,INFORMATIONAL,0,231,,,031ac1bdcb3e591ae4c21108dc7e68c0af63bea461daf712615b001edfcf893e,0.2805148571006735,0.20318122817155304,0.6328125,2,True,254
SB5589,Vertical infection transmission,innate-adaptive host-defense structure,pathogen-associated occupation/invasion with host-defense activation and local structural disruption,remaining_5256,6b6e894f5fde50797861d4e39d076dc120127c8a4afe60cc5d23a006035b8c73,15,8,2,0,6,2,0.185117729264077,0.28689743247232746,0.10177970320825047,0.10177970320825047,AWAY_FROM_REFERENCE,0.0,INFORMATIONAL,0,231,,,dcdf70a83d705c67003574b574502833d3009fa05664bf35ebab7a6f3169e7d5,0.2805148571006735,0.20318122817155304,0.6328125,2,True,255
SB5606,Viral infection,innate-adaptive host-defense structure,pathogen-associated occupation/invasion with host-defense activation and local structural disruption,remaining_5256,6b6e894f5fde50797861d4e39d076dc120127c8a4afe60cc5d23a006035b8c73,15,8,2,0,6,2,0.185117729264077,0.28689743247232746,0.10177970320825047,0.10177970320825047,AWAY_FROM_REFERENCE,0.0,INFORMATIONAL,0,231,,,7d19b033ec547f4422d480a87ac7798e6ce132a8eee66dcf2bc252d764819386,0.2805148571006735,0.20318122817155304,0.6328125,2,True,256
SB5609,Viral syndrome,innate-adaptive host-defense structure,pathogen-associated occupation/invasion with host-defense activation and local structural disruption,remaining_5256,6b6e894f5fde50797861d4e39d076dc120127c8a4afe60cc5d23a006035b8c73,15,8,2,0,6,2,0.185117729264077,0.28689743247232746,0.10177970320825047,0.10177970320825047,AWAY_FROM_REFERENCE,0.0,INFORMATIONAL,0,231,,,855f1f5f18a682c1fbc4a75adc34a860f5a846511c49ed3ba7156aa4a984cf06,0.2805148571006735,0.20318122817155304,0.6328125,2,True,257
SB5727,Yeast infection,innate-adaptive host-defense structure,pathogen-associated occupation/invasion with host-defense activation and local structural disruption,remaining_5256,6b6e894f5fde50797861d4e39d076dc120127c8a4afe60cc5d23a006035b8c73,15,8,2,0,6,2,0.185117729264077,0.28689743247232746,0.10177970320825047,0.10177970320825047,AWAY_FROM_REFERENCE,0.0,INFORMATIONAL,0,231,,,fd451e6aa1fa3abea545e5b8f7253b06ded4120793134f8b60fcf7a41ae6d099,0.2805148571006735,0.20318122817155304,0.6328125,2,True,258
SB0510,Atrial tachycardia,cardiac conduction and myocardial rhythm structure,cardiac activation frequency above the reference rhythm range,remaining_5256,a03d2c3c0ac7a78d03c7d0fa590cd6002adfd1cc00f027efa5401653bc885916,21,6,2,0,4,2,0.1970820206875935,0.3256136701147123,0.1285316494271188,0.1285316494271188,AWAY_FROM_REFERENCE,0.0,INFORMATIONAL,0,231,,,109d0d68265208655c5bbd41a1023050addb2bae606929b64dfdf853c5c07762,0.28040978193320054,0.20648296577219583,0.6171875,2,True,259
SB0798,Bradycardia-tachycardia syndrome,cardiac conduction and myocardial rhythm structure,cardiac activation frequency above the reference rhythm range,remaining_5256,a03d2c3c0ac7a78d03c7d0fa590cd6002adfd1cc00f027efa5401653bc885916,21,6,2,0,4,2,0.1970820206875935,0.3256136701147123,0.1285316494271188,0.1285316494271188,AWAY_FROM_REFERENCE,0.0,INFORMATIONAL,0,231,,,c32c699f29cc82125ec3be5c9bd64114125b610c0ff4d51d167ccfdb34723268,0.28040978193320054,0.20648296577219583,0.6171875,2,True,260
SB2763,Incessant ventricular tachycardia,cardiac conduction and myocardial rhythm structure,cardiac activation frequency above the reference rhythm range,remaining_5256,a03d2c3c0ac7a78d03c7d0fa590cd6002adfd1cc00f027efa5401653bc885916,21,6,2,0,4,2,0.1970820206875935,0.3256136701147123,0.1285316494271188,0.1285316494271188,AWAY_FROM_REFERENCE,0.0,INFORMATIONAL,0,231,,,ce35accb5e5cd94779fbeefdd02f6554c8e257bd48bd813a46c121ca583db90b,0.28040978193320054,0.20648296577219583,0.6171875,2,True,261
SB2995,Junctional tachycardia,cardiac conduction and myocardial rhythm structure,cardiac activation frequency above the reference rhythm range,remaining_5256,a03d2c3c0ac7a78d03c7d0fa590cd6002adfd1cc00f027efa5401653bc885916,21,6,2,0,4,2,0.1970820206875935,0.3256136701147123,0.1285316494271188,0.1285316494271188,AWAY_FROM_REFERENCE,0.0,INFORMATIONAL,0,231,,,4a371c4c25a82e6a1032e7244d8f5261c7a7bebcdf15268e52851ff1c71cd773,0.28040978193320054,0.20648296577219583,0.6171875,2,True,262
SB3393,Monomorphic ventricular tachycardia,cardiac conduction and myocardial rhythm structure,cardiac activation frequency above the reference rhythm range,remaining_5256,a03d2c3c0ac7a78d03c7d0fa590cd6002adfd1cc00f027efa5401653bc885916,21,6,2,0,4,2,0.1970820206875935,0.3256136701147123,0.1285316494271188,0.1285316494271188,AWAY_FROM_REFERENCE,0.0,INFORMATIONAL,0,231,,,1124da88fea7fbf7373f7e6944a6a61b794f2fda12a8299fe0b4ed646f977695,0.28040978193320054,0.20648296577219583,0.6171875,2,True,263
SB3429,Multifocal atrial tachycardia,cardiac conduction and myocardial rhythm structure,cardiac activation frequency above the reference rhythm range,remaining_5256,a03d2c3c0ac7a78d03c7d0fa590cd6002adfd1cc00f027efa5401653bc885916,21,6,2,0,4,2,0.1970820206875935,0.3256136701147123,0.1285316494271188,0.1285316494271188,AWAY_FROM_REFERENCE,0.0,INFORMATIONAL,0,231,,,89074ffcebf31f1b37f6dbd87364127962426ca002b09fb713eaae5ee236662a,0.28040978193320054,0.20648296577219583,0.6171875,2,True,264
SB3431,Multifocal ventricular tachycardia,cardiac conduction and myocardial rhythm structure,cardiac activation frequency above the reference rhythm range,remaining_5256,a03d2c3c0ac7a78d03c7d0fa590cd6002adfd1cc00f027efa5401653bc885916,21,6,2,0,4,2,0.1970820206875935,0.3256136701147123,0.1285316494271188,0.1285316494271188,AWAY_FROM_REFERENCE,0.0,INFORMATIONAL,0,231,,,a6e37cd3d30eb1540bdc0a1968b3d907adcc99afb29bede728bdbdaa6c9337de,0.28040978193320054,0.20648296577219583,0.6171875,2,True,265
SB3675,Nodal tachycardia,cardiac conduction and myocardial rhythm structure,cardiac activation frequency above the reference rhythm range,remaining_5256,a03d2c3c0ac7a78d03c7d0fa590cd6002adfd1cc00f027efa5401653bc885916,21,6,2,0,4,2,0.1970820206875935,0.3256136701147123,0.1285316494271188,0.1285316494271188,AWAY_FROM_REFERENCE,0.0,INFORMATIONAL,0,231,,,47f76f3bd4ab7a2f29d1e3aa7b6141f83e25987e071196938e369c61174db1d3,0.28040978193320054,0.20648296577219583,0.6171875,2,True,266
SB3684,Non-sustained ventricular tachycardia,cardiac conduction and myocardial rhythm structure,cardiac activation frequency above the reference rhythm range,remaining_5256,a03d2c3c0ac7a78d03c7d0fa590cd6002adfd1cc00f027efa5401653bc885916,21,6,2,0,4,2,0.1970820206875935,0.3256136701147123,0.1285316494271188,0.1285316494271188,AWAY_FROM_REFERENCE,0.0,INFORMATIONAL,0,231,,,b24f3caa57c82cb5fefb90f35d0952260b45f16febc5f9901e429b7664ca578f,0.28040978193320054,0.20648296577219583,0.6171875,2,True,267
SB4002,Paroxysmal atrial tachycardia,cardiac conduction and myocardial rhythm structure,cardiac activation frequency above the reference rhythm range,remaining_5256,a03d2c3c0ac7a78d03c7d0fa590cd6002adfd1cc00f027efa5401653bc885916,21,6,2,0,4,2,0.1970820206875935,0.3256136701147123,0.1285316494271188,0.1285316494271188,AWAY_FROM_REFERENCE,0.0,INFORMATIONAL,0,231,,,4b70462a2a222455cbdf8af4c989785164df0980209277b8a9649a9181a5ea82,0.28040978193320054,0.20648296577219583,0.6171875,2,True,268
SB4004,Paroxysmal ventricular tachycardia,cardiac conduction and myocardial rhythm structure,cardiac activation frequency above the reference rhythm range,remaining_5256,a03d2c3c0ac7a78d03c7d0fa590cd6002adfd1cc00f027efa5401653bc885916,21,6,2,0,4,2,0.1970820206875935,0.3256136701147123,0.1285316494271188,0.1285316494271188,AWAY_FROM_REFERENCE,0.0,INFORMATIONAL,0,231,,,5d82973779434275592e5c2a1220833070fdc0c31e1755b0edc5307a0f901536,0.28040978193320054,0.20648296577219583,0.6171875,2,True,269
SB4304,Postural orthostatic tachycardia syndrome,cardiac conduction and myocardial rhythm structure,cardiac activation frequency above the reference rhythm range,remaining_5256,a03d2c3c0ac7a78d03c7d0fa590cd6002adfd1cc00f027efa5401653bc885916,21,6,2,0,4,2,0.1970820206875935,0.3256136701147123,0.1285316494271188,0.1285316494271188,AWAY_FROM_REFERENCE,0.0,INFORMATIONAL,0,231,,,a59af0468f5a50835941e3fa417c215b8b6914f0b8f13033c783a555ac1bf8c3,0.28040978193320054,0.20648296577219583,0.6171875,2,True,270
SB4563,Reflex tachycardia,cardiac conduction and myocardial rhythm structure,cardiac activation frequency above the reference rhythm range,remaining_5256,a03d2c3c0ac7a78d03c7d0fa590cd6002adfd1cc00f027efa5401653bc885916,21,6,2,0,4,2,0.1970820206875935,0.3256136701147123,0.1285316494271188,0.1285316494271188,AWAY_FROM_REFERENCE,0.0,INFORMATIONAL,0,231,,,ba52bc4b43fb270e07c84f616d0ed0bfe49ff35e5581d98d74bf48e550645805,0.28040978193320054,0.20648296577219583,0.6171875,2,True,271
SB4865,Sinus tachycardia,cardiac conduction and myocardial rhythm structure,cardiac activation frequency above the reference rhythm range,remaining_5256,a03d2c3c0ac7a78d03c7d0fa590cd6002adfd1cc00f027efa5401653bc885916,21,6,2,0,4,2,0.1970820206875935,0.3256136701147123,0.1285316494271188,0.1285316494271188,AWAY_FROM_REFERENCE,0.0,INFORMATIONAL,0,231,,,9de319c33637a77a5f320fe02e38f1faf8549ebec7500f4862f4ece28e944ba7,0.28040978193320054,0.20648296577219583,0.6171875,2,True,272
SB5103,Supraventricular tachyarrhythmia,cardiac conduction and myocardial rhythm structure,cardiac activation frequency above the reference rhythm range,remaining_5256,a03d2c3c0ac7a78d03c7d0fa590cd6002adfd1cc00f027efa5401653bc885916,21,6,2,0,4,2,0.1970820206875935,0.3256136701147123,0.1285316494271188,0.1285316494271188,AWAY_FROM_REFERENCE,0.0,INFORMATIONAL,0,231,,,6db2c2ebb7a5d86777e3990ea69edc3f353a29daf2d52f64d25b6a56601d0e6b,0.28040978193320054,0.20648296577219583,0.6171875,2,True,273
SB5104,Supraventricular tachycardia,cardiac conduction and myocardial rhythm structure,cardiac activation frequency above the reference rhythm range,remaining_5256,a03d2c3c0ac7a78d03c7d0fa590cd6002adfd1cc00f027efa5401653bc885916,21,6,2,0,4,2,0.1970820206875935,0.3256136701147123,0.1285316494271188,0.1285316494271188,AWAY_FROM_REFERENCE,0.0,INFORMATIONAL,0,231,,,fc73798dab6533d2891ad52e73a80df3170d31734e4e751c66840bc737001030,0.28040978193320054,0.20648296577219583,0.6171875,2,True,274
SB5109,Sustained ventricular tachycardia,cardiac conduction and myocardial rhythm structure,cardiac activation frequency above the reference rhythm range,remaining_5256,a03d2c3c0ac7a78d03c7d0fa590cd6002adfd1cc00f027efa5401653bc885916,21,6,2,0,4,2,0.1970820206875935,0.3256136701147123,0.1285316494271188,0.1285316494271188,AWAY_FROM_REFERENCE,0.0,INFORMATIONAL,0,231,,,959880072b39d3d61d0019b3b262efb8a08b96f8309ef750daab6a2b69df4761,0.28040978193320054,0.20648296577219583,0.6171875,2,True,275
SB5144,Tachyarrhythmia,cardiac conduction and myocardial rhythm structure,cardiac activation frequency above the reference rhythm range,remaining_5256,a03d2c3c0ac7a78d03c7d0fa590cd6002adfd1cc00f027efa5401653bc885916,21,6,2,0,4,2,0.1970820206875935,0.3256136701147123,0.1285316494271188,0.1285316494271188,AWAY_FROM_REFERENCE,0.0,INFORMATIONAL,0,231,,,716a7b8902e1fdf55b51c54566067e91abe9ad52e14b52f89e2da219c3513776,0.28040978193320054,0.20648296577219583,0.6171875,2,True,276
SB5145,Tachycardia,cardiac conduction and myocardial rhythm structure,cardiac activation frequency above the reference rhythm range,remaining_5256,a03d2c3c0ac7a78d03c7d0fa590cd6002adfd1cc00f027efa5401653bc885916,21,6,2,0,4,2,0.1970820206875935,0.3256136701147123,0.1285316494271188,0.1285316494271188,AWAY_FROM_REFERENCE,0.0,INFORMATIONAL,0,231,,,9a28d913402aeb4dac58567eea4f166aa52c26379abff7bd0dff99b918ca204f,0.28040978193320054,0.20648296577219583,0.6171875,2,True,277
SB5147,Tachycardia nervous,cardiac conduction and myocardial rhythm structure,cardiac activation frequency above the reference rhythm range,remaining_5256,a03d2c3c0ac7a78d03c7d0fa590cd6002adfd1cc00f027efa5401653bc885916,21,6,2,0,4,2,0.1970820206875935,0.3256136701147123,0.1285316494271188,0.1285316494271188,AWAY_FROM_REFERENCE,0.0,INFORMATIONAL,0,231,,,cc6504cf5efb03f1987e2c95a2bc2c66d1fccf5d09834166b17dbb57b177c22c,0.28040978193320054,0.20648296577219583,0.6171875,2,True,278
SB5586,Ventricular tachycardia,cardiac conduction and myocardial rhythm structure,cardiac activation frequency above the reference rhythm range,remaining_5256,a03d2c3c0ac7a78d03c7d0fa590cd6002adfd1cc00f027efa5401653bc885916,21,6,2,0,4,2,0.1970820206875935,0.3256136701147123,0.1285316494271188,0.1285316494271188,AWAY_FROM_REFERENCE,0.0,INFORMATIONAL,0,231,,,61125972ecf3b77c87dc5eb4acfc390f484fcf2c0576fd585f944f688e88bc37,0.28040978193320054,0.20648296577219583,0.6171875,2,True,279
SB5698,Wide complex tachycardia,cardiac conduction and myocardial rhythm structure,cardiac activation frequency above the reference rhythm range,remaining_5256,a03d2c3c0ac7a78d03c7d0fa590cd6002adfd1cc00f027efa5401653bc885916,21,6,2,0,4,2,0.1970820206875935,0.3256136701147123,0.1285316494271188,0.1285316494271188,AWAY_FROM_REFERENCE,0.0,INFORMATIONAL,0,231,,,293320c94c9b8d6f0c23df8de2eb170b7b322ba40eb23a1101edc62091123679,0.28040978193320054,0.20648296577219583,0.6171875,2,True,280
SB1574,"Disorders of fluid, electrolyte and acid-base balance",vestibular sensory-transduction and balance-control structure,"dysregulated structural-functional state involving disorders of fluid, electrolyte and acid-base balance",remaining_5256,46ce24c74642293d2f518b100560adec89d60d320e3455bbd29990dcc1afe5b2,15,6,1,2,7,3,0.17134989257566446,0.2885975788399684,0.11724768626430393,0.11724768626430393,AWAY_FROM_REFERENCE,0.13333333333333333,MINOR,1,198,,,9bfab2fc81c371203a563c4d916d9f6ebfa48a9a50bee2ee933874c2ea1d78b3,0.28010697005223334,0.19582404884418703,0.6640625,-1,True,281
SB0420,Application site rash,local cutaneous inflammatory and microvascular structure,abnormal surface-barrier morphology with local inflammatory/vascular fluid redistribution,established_478,f52d472079bf24b14f84230dd2868c9cbe4239dc3e7f72e45fdc00f573b46a81,171,78,7,13,84,20,0.1806820329054053,0.3004437124875228,0.11976167958211748,0.11976167958211748,AWAY_FROM_REFERENCE,0.07602339181286549,MINOR,1,231,,,557d908df546fc6f02276bf41eaaa8787dea972c830dfc2158d8ec70e391f132,0.2799876928905286,0.20596822303723006,0.6171875,-6,True,282
SB3751,Oesophageal perforation,"oesophageal mucosal, peristaltic, and sphincter-control structure","altered configuration or regulated output of the named structure, expressed as the state described by oesophageal perforation",remaining_5256,7a584f2aa4b313c95542f95d9607747d618571b72acfa23bb5e151a5b6b5f482,28,8,2,2,8,4,0.12241380980989658,0.2472984891295158,0.12488467931961922,0.12488467931961922,AWAY_FROM_REFERENCE,0.07142857142857142,MINOR,1,231,,,c61faa3040928936ace2133294d582c53da593055c73bdf06fb4f8512a8df0e5,0.2799275309027426,0.20589485475944225,0.6171875,0,True,283
SB3770,Oligospermia,"male gonadal, ductal, accessory-gland, and reproductive-output structure","altered configuration or regulated output of the named structure, expressed as the state described by oligospermia",remaining_5256,96319185c6086c02a8d924e1b2c552509f61ab9980d19e0c913a6633b899f58c,190,79,9,16,86,25,0.13200539227421615,0.25399897367309576,0.12199358139887961,0.12199358139887961,AWAY_FROM_REFERENCE,0.08421052631578947,MINOR,1,223,,,a25d91787f7cd840a720bdb7fd0d17e2c605774fb1b37ba2c91c39a11a7a75c5,0.2798534921467548,0.20580456359360344,0.6171875,-7,True,284
SB5556,Vasovagal symptoms,sympathetic-parasympathetic autonomic-control network,observable sensory or functional output indicating departure from the reference structural state,remaining_5256,ca93278813fc7d9dabb39c7e8f41caf68a407ca21c5d5ba2458adf6ff33fadd8,78,38,13,2,27,15,0.18409389901660322,0.3074484539225859,0.12335455490598268,0.12335455490598268,AWAY_FROM_REFERENCE,0.02564102564102564,MINOR,1,223,,,b99e1c508ba310f9fb12e96fa7e54935af04a7927eb0ba2a7cc376dbca5abf06,0.27972525101246737,0.20221829391764312,0.6328125,11,True,285
SB3934,Pancreatic pseudocyst,pancreatic endocrine-exocrine parenchymal and ductal structure,"altered configuration or regulated output of the named structure, expressed as the state described by pancreatic pseudocyst",remaining_5256,4bbaa2c668aa52aa560f2747baa7353a5eafd50fb034b89b8fb495ccb034aebd,91,35,8,8,35,16,0.13734283948564197,0.26059980048589526,0.1232569610002533,0.1232569610002533,AWAY_FROM_REFERENCE,0.08791208791208792,MINOR,1,230,,,13fb35d8d1e634f5968063d129d2b680fa008175ab36fc15f031b7720127a61d,0.2796260948310389,0.2020973717451694,0.6328125,0,True,286
SB5487,Uterine spasm,"female reproductive, gestational, placental, and reproductive-output structure",excess or sustained contractile activation causing abnormal narrowing or mechanical state,remaining_5256,51a9dfa88eafc07681d13d03df6fda3da46fbc8dcabcb89b17a55ac9389df625,3,1,1,0,0,1,0.14275363477976355,0.257514557813318,0.11476092303355445,0.11476092303355445,AWAY_FROM_REFERENCE,0.0,INFORMATIONAL,0,38,,,871883dd88ce66d9a1cef19e222a84d3967555b85e5059bc4ec15908dd575a1e,0.2796255166389818,0.19866678858412412,0.6484375,1,True,287
SB5187,Testicular atrophy,"male gonadal, ductal, accessory-gland, and reproductive-output structure","reduction of tissue mass, cell volume, or functional structural content",remaining_5256,4040e85058738e00deb8c1df42ddf5bd7d8d1e78243c865e92883915cee508e6,190,99,18,11,92,29,0.1502854941371241,0.271126468818353,0.1208409746812289,0.1208409746812289,AWAY_FROM_REFERENCE,0.05789473684210526,MINOR,1,223,,,c6abb365af50241b67c42c8091b2fe14e47319b2fc9defafba85429b5705d6c2,0.27959385893445116,0.2037729987005502,0.625,7,True,288
SB1002,Catheter related complication,"implanted-device, catheter, or prosthesis tissue-interface structure","altered configuration or regulated output of the named structure, expressed as the state described by catheter related complication",remaining_5256,ac6a115429eec2492f8fea701a8b99748d838f6cd9bcad35c7344003e59eb449,1431,586,68,145,663,213,0.14604317211886075,0.2716706094878292,0.12562743736896842,0.12562743736896842,AWAY_FROM_REFERENCE,0.1013277428371768,MINOR,1,223,,,f3009fc91a419282eb781ee97504704f9bc579724ffe8ce62a57b14bfc50e887,0.27956347828630507,0.2020210101052501,0.6328125,-77,True,289
SB0832,Breast induration,"mammary gland ductal-lobular, secretory, and surface structure","altered configuration or regulated output of the named structure, expressed as the state described by breast induration",remaining_5256,4baa3ff3ed7d3e6978bb4f88a963023b5180e3227277d88e8788f25fba84741f,231,108,12,30,126,42,0.14435669409213148,0.2755797952329415,0.13122310114081004,0.13122310114081004,AWAY_FROM_REFERENCE,0.12987012987012986,MINOR,1,223,,,972007355bfb679c3fea9833442e1497e277ac84691865de57116b3def9de85b,0.27951412115870133,0.20710563555939188,0.609375,-18,True,290
SB5524,Varices oesophageal,"oesophageal mucosal, peristaltic, and sphincter-control structure","altered configuration or regulated output of the named structure, expressed as the state described by varices oesophageal",remaining_5256,3e61c63f47d78d9c5c8e6691ab7473cd435d884ab8985ae7402b1945afc9f242,28,8,4,2,6,6,0.10138100434095221,0.23253280417650235,0.13115179983555014,0.13115179983555014,AWAY_FROM_REFERENCE,0.07142857142857142,MINOR,1,231,,,cb41e2726895285d1125d467856d5e317eb302ae5c4e160e4f5315ce06de3dd1,0.2793349146731877,0.20688709106486314,0.609375,2,True,291
SB0932,Carbohydrate craving,"glucose-carbohydrate digestion, transport, insulin-response, and storage structure",excess motivational salience directed toward acquisition or intake of a specific substance or behavior,remaining_5256,76e1d645bf9c8eadee863f9a0c21e0ce9a30659b61e5aab858e86578dc4ec2c5,28,13,2,3,14,5,0.13292289515744127,0.23821320495515774,0.10529030979771647,0.10529030979771647,AWAY_FROM_REFERENCE,0.10714285714285714,MINOR,1,223,,,0bd9ba73e75a425f18212d6c02d3a7dbd90d1ff0359db8b1dce25d56e144b351,0.27908646645801855,0.20486916641221775,0.6171875,-1,True,292
SB4854,Sinoatrial node dysfunction,cardiac conduction and myocardial rhythm structure,reduced or unstable functional output insufficient to maintain the reference structural state,remaining_5256,3f3d9925d272713b1703410107cbcb19ffc9c63c7badd7f877323ca29154b71d,21,4,4,1,1,5,0.15603818071642528,0.2819681200369797,0.1259299393205544,0.1259299393205544,AWAY_FROM_REFERENCE,0.047619047619047616,MINOR,1,231,,,46f462ec1995ca50603bc37d8029610ea9fdeda2771bee0393f3b249dfc2563f,0.2790631629459439,0.20141086944627307,0.6328125,3,True,293
SB5112,Sweating,eccrine-apocrine sweat-gland secretory structure,"altered configuration or regulated output of the named structure, expressed as the state described by sweating",remaining_5256,dcf1905f7063b3962560da5ccd850077dab07fab1f458118367cb1b9b1982428,105,50,14,1,37,15,0.18612875798327044,0.2930339009077031,0.10690514292443265,0.10690514292443265,AWAY_FROM_REFERENCE,0.009523809523809525,MINOR,1,174,,,a6d58b77fabad5b0316361000a7151378110536579dbbf9cefca6b899adadb26,0.279059931390202,0.19797705047585612,0.6484375,13,True,294
SB0070,Accidental ingestion,non-structural exposure event,"altered configuration or regulated output of the named structure, expressed as the state described by accidental ingestion",established_478,1124294ba1b8b7a61fc4d7c34c5721987e34507c1e19b27be25443220cd30107,36,19,4,1,16,5,0.28854143760614315,0.3587707071544257,0.07022926954828257,0.07022926954828257,AWAY_FROM_REFERENCE,0.027777777777777776,MINOR,1,231,,,b55f933d42cbfdcaa0712178173123d11b535afb4fd54de0e30d4aa936b8cde9,0.278964228897949,0.19786034011944997,0.6484375,3,True,295
SB5388,Unspecified disorder of autonomic nervous system,sympathetic-parasympathetic autonomic-control network,departure from the reference structural configuration or regulated functional range,remaining_5256,9e1fb702f1bcc95ae0109889aca640a96a6d28584d2f5735f672f46635efa7e0,78,36,7,2,31,9,0.17728356660858147,0.2995993461939285,0.122315779585347,0.122315779585347,AWAY_FROM_REFERENCE,0.02564102564102564,MINOR,1,223,,,01396bbf814c973a25b33ce6731da3bdcf5f30779b187a18c85168cedd3c553c,0.2788869096512704,0.2046258044527688,0.6171875,5,True,296
SB0321,Ankle sprain,musculoskeletal mechanical-integrity and repair structure,overload-associated connective or myofascial fiber disruption,established_478,75bf420862c54c746062424d573e3112e72a5548353969fcff69d3a4185504f8,105,56,5,9,60,14,0.20663010508671653,0.3223288621181444,0.11569875703142785,0.11569875703142785,AWAY_FROM_REFERENCE,0.08571428571428572,MINOR,1,231,,,661146d59ade650fe683b8ebed207da9160ee73578f12bca1f4a7f5197376c05,0.2788328793264855,0.20284497478839691,0.625,-4,True,297
SB2023,Feces bloodstained,"intestinal mucosal barrier, smooth-muscle motility, and luminal transport structure","altered configuration or regulated output of the named structure, expressed as the state described by feces bloodstained",remaining_5256,ddb06717b5163ac4f1ede595a177ce5b478845df3e8d3038cf0fd4701c587a8c,276,102,17,23,108,40,0.11859777787197479,0.24428656227962753,0.12568878440765274,0.12568878440765274,AWAY_FROM_REFERENCE,0.08333333333333333,MINOR,1,231,,,46cc8397e483206b2fb86f759b51fa95fb8f6175b560163ccc0f2b37bf31bb63,0.2788194362850511,0.20625845888420868,0.609375,-6,True,298
SB2059,Fibrocystic breast disease,"mammary gland ductal-lobular, secretory, and surface structure","altered configuration or regulated output of the named structure, expressed as the state described by fibrocystic breast disease",remaining_5256,e485ef0bb351d4328e89c3777f1dbfe53d03484fff19182edadf937dedaf63ad,231,112,8,31,135,39,0.1623899211440778,0.2992081331780474,0.1368182120339696,0.1368182120339696,AWAY_FROM_REFERENCE,0.1341991341991342,MINOR,1,223,,,74658fb234bed3cd974f41189f598454895ecf2beeb8ce184339d28e17adeec5,0.2786446909903245,0.21119017193942013,0.5859375,-23,True,299
SB0150,Acute renal insufficiency,renal glomerular-tubular filtration and fluid-balance structure,reduced or unstable functional output insufficient to maintain the reference structural state,established_478,9fcb0e81cdb759e8e100a1d36db3fc599ea62f0bc73bb3153fc72978b0951776,91,33,3,5,35,8,0.15360594888234946,0.2753177830221948,0.12171183413984532,0.12171183413984532,AWAY_FROM_REFERENCE,0.054945054945054944,MINOR,1,231,,,7e76700025152fa1c8ed54bc4a8aa106b3ffeb00af5d81a328af119281814437,0.27864195804480807,0.2008972049326928,0.6328125,-2,True,300
SB1160,Chronic renal insufficiency,renal glomerular-tubular filtration and fluid-balance structure,reduced or unstable functional output insufficient to maintain the reference structural state,remaining_5256,9fcb0e81cdb759e8e100a1d36db3fc599ea62f0bc73bb3153fc72978b0951776,91,33,3,5,35,8,0.15360594888234946,0.2753177830221948,0.12171183413984532,0.12171183413984532,AWAY_FROM_REFERENCE,0.054945054945054944,MINOR,1,231,,,eef326d6ea57f61f127e7ca8e082d51b8e352889e4c3bfa80bcc43de7165928b,0.27864195804480807,0.2008972049326928,0.6328125,-2,True,301
SB2959,Irreversible renal failure,renal glomerular-tubular filtration and fluid-balance structure,reduced or unstable functional output insufficient to maintain the reference structural state,remaining_5256,9fcb0e81cdb759e8e100a1d36db3fc599ea62f0bc73bb3153fc72978b0951776,91,33,3,5,35,8,0.15360594888234946,0.2753177830221948,0.12171183413984532,0.12171183413984532,AWAY_FROM_REFERENCE,0.054945054945054944,MINOR,1,231,,,6a0845310578a6c8ff87e63a107268cf480ab3d3d08ff64c58504b5a8992a843,0.27864195804480807,0.2008972049326928,0.6328125,-2,True,302
SB4587,Renal failure,renal glomerular-tubular filtration and fluid-balance structure,reduced or unstable functional output insufficient to maintain the reference structural state,remaining_5256,9fcb0e81cdb759e8e100a1d36db3fc599ea62f0bc73bb3153fc72978b0951776,91,33,3,5,35,8,0.15360594888234946,0.2753177830221948,0.12171183413984532,0.12171183413984532,AWAY_FROM_REFERENCE,0.054945054945054944,MINOR,1,231,,,18a1f10c53944e79895d8b533be10fa5a42fb6fcc21fef8ba5eaf29fefda434f,0.27864195804480807,0.2008972049326928,0.6328125,-2,True,303
SB4588,Renal failure acute,renal glomerular-tubular filtration and fluid-balance structure,reduced or unstable functional output insufficient to maintain the reference structural state,remaining_5256,9fcb0e81cdb759e8e100a1d36db3fc599ea62f0bc73bb3153fc72978b0951776,91,33,3,5,35,8,0.15360594888234946,0.2753177830221948,0.12171183413984532,0.12171183413984532,AWAY_FROM_REFERENCE,0.054945054945054944,MINOR,1,231,,,c466ef4d75dc2243c0ee82b87cd47dbfced7fc56b1743cc83a1be01ffeaee7e3,0.27864195804480807,0.2008972049326928,0.6328125,-2,True,304
SB4589,Renal failure aggravated,renal glomerular-tubular filtration and fluid-balance structure,reduced or unstable functional output insufficient to maintain the reference structural state,remaining_5256,9fcb0e81cdb759e8e100a1d36db3fc599ea62f0bc73bb3153fc72978b0951776,91,33,3,5,35,8,0.15360594888234946,0.2753177830221948,0.12171183413984532,0.12171183413984532,AWAY_FROM_REFERENCE,0.054945054945054944,MINOR,1,231,,,20ba30fa0fba9af1d2f6e594f7391d67a18913ba76abe940e4e14a8863ec7fe9,0.27864195804480807,0.2008972049326928,0.6328125,-2,True,305
SB4590,Renal failure chronic,renal glomerular-tubular filtration and fluid-balance structure,reduced or unstable functional output insufficient to maintain the reference structural state,remaining_5256,9fcb0e81cdb759e8e100a1d36db3fc599ea62f0bc73bb3153fc72978b0951776,91,33,3,5,35,8,0.15360594888234946,0.2753177830221948,0.12171183413984532,0.12171183413984532,AWAY_FROM_REFERENCE,0.054945054945054944,MINOR,1,231,,,05a14ce216b20822b997ef174fb55f59f7c418ab2663870ddcc1fe862656db85,0.27864195804480807,0.2008972049326928,0.6328125,-2,True,306
SB4596,Renal insufficiency aggravated,renal glomerular-tubular filtration and fluid-balance structure,reduced or unstable functional output insufficient to maintain the reference structural state,remaining_5256,9fcb0e81cdb759e8e100a1d36db3fc599ea62f0bc73bb3153fc72978b0951776,91,33,3,5,35,8,0.15360594888234946,0.2753177830221948,0.12171183413984532,0.12171183413984532,AWAY_FROM_REFERENCE,0.054945054945054944,MINOR,1,231,,,c3960959fc71393bfdb11d4fe507c7554623226864b35cd9a1f882b3a4c10400,0.27864195804480807,0.2008972049326928,0.6328125,-2,True,307
SB5070,Subileus,"intestinal mucosal barrier, smooth-muscle motility, and luminal transport structure","altered configuration or regulated output of the named structure, expressed as the state described by subileus",remaining_5256,e7490defd7f6f1def21b95c4df3462687f9cc0391108258cb0adb7fb06779b87,276,103,16,24,111,40,0.11884967812578007,0.24734988128612478,0.12850020316034472,0.12850020316034472,AWAY_FROM_REFERENCE,0.08695652173913043,MINOR,1,231,,,916a14e3504eaf011833b86ff4c7f41fb619826dc9c020900dcf6422f3fe111d,0.2786214135524774,0.20430202872253345,0.6171875,-8,True,308
SB0824,Breast discharge,"mammary gland ductal-lobular, secretory, and surface structure",abnormal increase or ectopic release of secreted material,remaining_5256,806d01ce0d4e47f1ecf9f5764c394801bbee2b527b7486fc27be898179a4e1a2,231,108,5,32,135,37,0.1727513715942659,0.3155140976095199,0.14276272601525397,0.14276272601525397,AWAY_FROM_REFERENCE,0.13852813852813853,MINOR,1,223,,,5e6c8602e0d44843b2de66043c30bde3855c5d3e46bc53f77d711e686be4d764,0.2786142734247654,0.2008634432009334,0.6328125,-27,True,309
SB3476,Myasthenia gravis,whole-organism substrate utilization and cellular energy-production structure,"altered configuration or regulated output of the named structure, expressed as the state described by myasthenia gravis",remaining_5256,2ab263b648afc6b6580db7f81ae9686cb1a25d6f5e4cc79379a0afb0641f2aac,78,30,1,12,41,13,0.10921587810496947,0.20571182979800473,0.09649595169303526,0.09649595169303526,AWAY_FROM_REFERENCE,0.15384615384615385,MINOR,1,223,,,de169553ce04703c841c49bf54ff19bb8c17bb8607903397ab463124a5be33d3,0.27860264700592663,0.20256420366576422,0.625,-11,True,310
SB1896,Erythropsia,"erythrocyte production, integrity, and oxygen-transport structure","altered configuration or regulated output of the named structure, expressed as the state described by erythropsia",remaining_5256,ae60fa9d063217c8b7e675f4b1439a20b0c87dd6166fb6930bf9646a5929108e,15,11,0,1,12,1,0.14372293905286815,0.28063248932311957,0.13690955027025142,0.13690955027025142,AWAY_FROM_REFERENCE,0.06666666666666667,MINOR,1,174,,,a322c2f13b6a019b57c2888840d83e7912003afb12e078ef7fc634eae92e0feb,0.27858785437471467,0.2025461638716033,0.625,-1,True,311
SB0817,Breast calcifications,"mammary gland ductal-lobular, secretory, and surface structure","altered configuration or regulated output of the named structure, expressed as the state described by breast calcifications",remaining_5256,7fb9073bb95f6af5386dc1a6d8596ce7a8423bd211fe8000d6a307a276f96a47,231,106,10,31,127,41,0.14854492195706726,0.2822623359725268,0.13371741401545956,0.13371741401545956,AWAY_FROM_REFERENCE,0.1341991341991342,MINOR,1,223,,,f03a332dc408f1b94556ca1cbee008876a5dda75747e4ef257f631070007299f,0.27833575428777957,0.20738354181436536,0.6015625,-21,True,312
SB3171,Loose stools,"intestinal mucosal barrier, smooth-muscle motility, and luminal transport structure","altered configuration or regulated output of the named structure, expressed as the state described by loose stools",remaining_5256,d9c13e00d4c31eb1e78284ac41c9e02785b34a944baf1053d62a352d9e909209,276,86,10,31,107,41,0.11302862542610603,0.2367602104739237,0.12373158504781767,0.12373158504781767,AWAY_FROM_REFERENCE,0.11231884057971014,MINOR,1,231,,,7e20f8357b33db4278d8754c2af67cffbbee5cefeed879c1ff79e15c3f4be9f8,0.2782501076872764,0.20384921669180056,0.6171875,-21,True,313
SB0538,Autonomic dysfunction,sympathetic-parasympathetic autonomic-control network,reduced or unstable functional output insufficient to maintain the reference structural state,remaining_5256,440d9573c641ec017e4ad8197d6bebdf13ffb424d0eecce5d70f521182184d52,78,42,15,3,30,18,0.1944947993344639,0.3100261373061879,0.11553133797172399,0.11553133797172399,AWAY_FROM_REFERENCE,0.038461538461538464,MINOR,1,223,,,8deaf2a1f373de2bd1550a700ff72b92e77e5cb85f5dd3983f6ae83679bd89fb,0.2779719713658773,0.19665026995838697,0.6484375,12,True,314
SB3744,Oesophageal discomfort,"oesophageal mucosal, peristaltic, and sphincter-control structure",abnormal sensory-autonomic signaling indicating departure from the reference local functional state,remaining_5256,32f75831815cf4c16ddea1c98d378ba15d5ca14d0185118a0caa85dc1100cfb3,28,8,5,0,3,5,0.1223311161077798,0.24059859494143288,0.11826747883365307,0.11826747883365307,AWAY_FROM_REFERENCE,0.0,INFORMATIONAL,0,231,,,ebf12579909d3bb03c29e94a082b07e717ae47efbf2e8bdf68adf9be85de24b9,0.27792125987625316,0.20344818277591847,0.6171875,5,True,315
SB1437,Decreased immune responsiveness,"systemic immune-recognition, signaling, and effector-response structure",measured or functional quantity shifted below its reference structural range,remaining_5256,3dd4524a16d46ece9d63d60e2d6517221d40e7aea0c20fe2f25abeb72f4084ee,378,102,10,55,147,65,0.1170480421019896,0.2447140410238886,0.127665998921899,0.127665998921899,AWAY_FROM_REFERENCE,0.1455026455026455,MINOR,1,231,,,f6b54ab46e6a176eada143d0b5e4a49ce6336c9fa13dbdd9bd2064bcd6f88d3b,0.2778728179686921,0.20167416825450257,0.625,-45,True,316
SB3427,Mucous stools,"intestinal mucosal barrier, smooth-muscle motility, and luminal transport structure","altered configuration or regulated output of the named structure, expressed as the state described by mucous stools",remaining_5256,06ac5d40d823bf5ea15df7938fbc5709388f3df86b063e7d0de63c9cac0f2ff9,276,87,9,30,108,39,0.1133198145394787,0.23957782730834642,0.12625801276886772,0.12625801276886772,AWAY_FROM_REFERENCE,0.10869565217391304,MINOR,1,231,,,19bc6ab150b1e74d4fa5d94097120ddff46df1224c408ec46aafbc9cb0cab58e,0.2778494226895315,0.20507551547503844,0.609375,-21,True,317
SB4447,Pulmonary thromboembolism,"pulmonary airway-alveolar, pleural, and gas-exchange structure","altered configuration or regulated output of the named structure, expressed as the state described by pulmonary thromboembolism",remaining_5256,00f7529d8e7c4a71b3435807b0b0caf83ae03a53b9a60c1556e487dd24ad2c97,36,17,0,1,18,1,0.18748484117756314,0.27898374080711863,0.09149889962955549,0.09149889962955549,AWAY_FROM_REFERENCE,0.027777777777777776,MINOR,1,231,,,bdb31c9da5480d2b0f3450e0b531f7781cfad74ce2fa7abff59d5d223e3b0d6e,0.27784393867829404,0.19992401058328546,0.6328125,-1,True,318
SB1763,Electrocardiogram U wave present,"cardiac conduction, depolarization, repolarization, and rhythm structure",detectable presence of the named material/state where the reference condition is absent or lower,remaining_5256,57bd6fbff7e3e708dadbeea2b4e796fbd36810f61ca14cfc73419bc7c0bdef04,703,208,34,91,265,125,0.11543767673697825,0.24071946198054828,0.12528178524357003,0.12528178524357003,AWAY_FROM_REFERENCE,0.12944523470839261,MINOR,1,230,,,26e95e8dce6c00996856f126fafb30ad58adaef0fc8530b17fa09f966780300a,0.2777841095861977,0.20328092632463135,0.6171875,-57,True,319
SB0825,Breast discomfort,"mammary gland ductal-lobular, secretory, and surface structure",abnormal sensory-autonomic signaling indicating departure from the reference local functional state,remaining_5256,1c17f8f8e790e35028999cebeb7d1b40e7026c43d408f7b83799575fe3b25ba3,231,106,11,22,117,33,0.151018505204213,0.2742733034483894,0.1232547982441764,0.1232547982441764,AWAY_FROM_REFERENCE,0.09523809523809523,MINOR,1,223,,,062ddf52afb81f2a7848eaac04834407cc9af9e0e5ca76a477d2653171f49833,0.2777264357722591,0.203210592405194,0.6171875,-11,True,320
SB3373,Migration of implant,"implanted-device, catheter, or prosthesis tissue-interface structure","altered configuration or regulated output of the named structure, expressed as the state described by migration of implant",remaining_5256,808042872eb365ed2cee8ccfece76bc9cb6d7d0cb1d86d45b76ca15338fb810b,1431,631,70,134,695,204,0.15207988050866317,0.27913826398986186,0.1270583834811987,0.1270583834811987,AWAY_FROM_REFERENCE,0.0936408106219427,MINOR,1,223,,,f46b664bd2a796e39c6b3f6abcf243e3abdd85b2fd01a6e1cefb9e1fa53a2d11,0.27771076850585175,0.20662136403152653,0.6015625,-64,True,321
SB0225,Alkaline phosphatase serum increased,hepatobiliary and bone alkaline-phosphatase production/release structure,measured or functional quantity shifted above its reference structural range,established_478,d6174456f08656d879b0aec5ddb9ab06fbed32acff63ca9fd5e407266bc05f3f,861,314,12,64,366,76,0.17251931077578975,0.2817196061086822,0.10920029533289244,0.10920029533289244,AWAY_FROM_REFERENCE,0.0743321718931475,MINOR,1,230,,,4e3cdd56b722fee4421c872b96da35a87ca23d635aee91c81375fdb08e571b2a,0.27756933273071394,0.20644888137891948,0.6015625,-52,True,322
SB4592,Renal graft loss,renal glomerular-tubular filtration and fluid-balance structure,loss or absence of the named structural component or regulated function,remaining_5256,cea06b64160a4d4fa629f4151bb9fd58210014d2596ab3a04a5e825da11da7bd,91,27,3,7,31,10,0.16383355020821244,0.28656300634442344,0.122729456136211,0.122729456136211,AWAY_FROM_REFERENCE,0.07692307692307693,MINOR,1,231,,,08d3b77c15fe5a46e5d403c60983f86d7e9590072805880c09bfafb4dd937d61,0.2775649512380732,0.20472859907082097,0.609375,-4,True,323
SB3035,Lack of spontaneous speech,dominant-hemisphere language-processing and speech-planning network,"altered configuration or regulated output of the named structure, expressed as the state described by lack of spontaneous speech",remaining_5256,3b255f4dd481299bd4aa1a4d7562cf76d128231c77a64824f47666545091a5d0,231,87,3,24,108,27,0.15024886482652056,0.2954207758191316,0.14517191099261106,0.14517191099261106,AWAY_FROM_REFERENCE,0.1038961038961039,MINOR,1,230,,,9d3d6bb33eda78cbd752b167849cfb6e21cf7c7e853d679417063fed045f0af3,0.27752239200168094,0.2029617585386353,0.6171875,-21,True,324
SB2755,Implant expulsion,"implanted-device, catheter, or prosthesis tissue-interface structure","altered configuration or regulated output of the named structure, expressed as the state described by implant expulsion",remaining_5256,936d05ff53b85700a7f0bc0f629275dfac9aa24cf2cadab44a47c6c5c7cd4b17,1431,611,72,142,681,214,0.1470777531860359,0.2737390389621188,0.12666128577608293,0.12666128577608293,AWAY_FROM_REFERENCE,0.0992313067784766,MINOR,1,223,,,1cb914306cf71fc0461b885f02d4581b0e159f336594291a6d58784bc35b1969,0.2775047321275812,0.20465516113119664,0.609375,-70,True,325
SB0828,Breast engorgement,"mammary gland ductal-lobular, secretory, and surface structure","altered configuration or regulated output of the named structure, expressed as the state described by breast engorgement",remaining_5256,072bdcd590a6a429c56edde327b4e3ece171720bbef9dbed9e04fbd470053c26,231,112,10,27,129,37,0.14712230566468132,0.28159352472420807,0.13447121905952675,0.13447121905952675,AWAY_FROM_REFERENCE,0.11688311688311688,MINOR,1,223,,,1369e91fd2f5fa30a41d2d3158881c71e8b2ccf1f026621f4312b24a64ca4f4e,0.27744963846914217,0.2080178517916368,0.59375,-17,True,326
SB1150,Chronic kidney disease,renal glomerular-tubular filtration and fluid-balance structure,"altered configuration or regulated output of the named structure, expressed as the state described by kidney disease",remaining_5256,9b79bbfeb6ff9506ce740beb5ce11ebede6d0afcc33373c989891a58e94dc571,91,26,4,9,31,13,0.12613095070000013,0.2491685239487943,0.12303757324879416,0.12303757324879416,AWAY_FROM_REFERENCE,0.0989010989010989,MINOR,1,231,,,f0253b95639253943e97005df1bbdccd28aef0dab4779901efd601ee4b48bd13,0.2773200627297165,0.199285137475264,0.6328125,-5,True,327
SB3195,Lung infiltration,"pulmonary airway-alveolar, pleural, and gas-exchange structure","altered configuration or regulated output of the named structure, expressed as the state described by lung infiltration",remaining_5256,741cfeaf3accfbd61e8b3701938cc864cf8bf048ce5140a4f4f8896c17d49794,36,17,2,0,15,2,0.1784701129032894,0.2718191897939286,0.0933490768906392,0.0933490768906392,AWAY_FROM_REFERENCE,0.0,INFORMATIONAL,0,231,,,9ca27cea9f70aaf653ae3611ae5c5860cec89d61692349d5adc39750401ad03c,0.27728988750659167,0.19753339939828252,0.640625,2,True,328
SB0871,Brugada syndrome,cardiac conduction and myocardial rhythm structure,departure from the reference structural configuration or regulated functional range,remaining_5256,a222464706295c055d516907c0d5c61b0f0b6efa137311f1197b0616e6057e59,21,5,4,0,1,4,0.14330558612002187,0.26244819096038174,0.11914260484035988,0.11914260484035988,AWAY_FROM_REFERENCE,0.0,INFORMATIONAL,0,231,,,4182ffa1e915e556b3a8b5b1ceb406a699f430f014fa465fc3302712883420d4,0.2772533730277396,0.20949344271675563,0.5859375,4,True,329
SB1746,Electrocardiogram QRS complex abnormal,cardiac conduction and myocardial rhythm structure,departure from the reference structural configuration or regulated functional range,remaining_5256,a222464706295c055d516907c0d5c61b0f0b6efa137311f1197b0616e6057e59,21,5,4,0,1,4,0.14330558612002187,0.26244819096038174,0.11914260484035988,0.11914260484035988,AWAY_FROM_REFERENCE,0.0,INFORMATIONAL,0,231,,,ec1ddcb6b7ce212af60faaf67b75ac46fc64040af7f1ce07654c68c6323d7c8d,0.2772533730277396,0.20949344271675563,0.5859375,4,True,330
SB1751,Electrocardiogram QT interval abnormal,cardiac conduction and myocardial rhythm structure,departure from the reference structural configuration or regulated functional range,remaining_5256,a222464706295c055d516907c0d5c61b0f0b6efa137311f1197b0616e6057e59,21,5,4,0,1,4,0.14330558612002187,0.26244819096038174,0.11914260484035988,0.11914260484035988,AWAY_FROM_REFERENCE,0.0,INFORMATIONAL,0,231,,,953d9a6f06d2d50ac862a3d7f514cec871d58384ec7b7485983162d8c0ef500f,0.2772533730277396,0.20949344271675563,0.5859375,4,True,331
SB3168,Long QT syndrome,cardiac conduction and myocardial rhythm structure,departure from the reference structural configuration or regulated functional range,remaining_5256,a222464706295c055d516907c0d5c61b0f0b6efa137311f1197b0616e6057e59,21,5,4,0,1,4,0.14330558612002187,0.26244819096038174,0.11914260484035988,0.11914260484035988,AWAY_FROM_REFERENCE,0.0,INFORMATIONAL,0,231,,,1260c6802687d6b49907e5dee19a3c3ef565d7407a47dd4a4c3018341a1b6c6b,0.2772533730277396,0.20949344271675563,0.5859375,4,True,332
SB4487,QRS axis abnormal,cardiac conduction and myocardial rhythm structure,departure from the reference structural configuration or regulated functional range,remaining_5256,a222464706295c055d516907c0d5c61b0f0b6efa137311f1197b0616e6057e59,21,5,4,0,1,4,0.14330558612002187,0.26244819096038174,0.11914260484035988,0.11914260484035988,AWAY_FROM_REFERENCE,0.0,INFORMATIONAL,0,231,,,87c667c06e06f5530a26f3858d3aecf4ae2952cdaaed7561f54205c1860ea4db,0.2772533730277396,0.20949344271675563,0.5859375,4,True,333
SB0165,Adenocarcinoma of prostate,"male gonadal, ductal, accessory-gland, and reproductive-output structure",clonal proliferative expansion with loss of normal differentiation and replacement of local tissue architecture,established_478,ea00e9d276c30152cd17f1c35457fce03eebf73761e1a0a4076260c218f67194,190,93,12,13,94,25,0.15580041335316563,0.26827977716541485,0.11247936381224921,0.11247936381224921,AWAY_FROM_REFERENCE,0.06842105263157895,MINOR,1,223,,,66d6a8100baacbe340b7682a7350416a6bdb1d67f1f6630788e871eb6b3bc117,0.2772402846650017,0.20090278617683144,0.625,-1,True,334
SB3015,Kidney fibrosis,renal glomerular-tubular filtration and fluid-balance structure,excess matrix deposition/remodeling with increased tissue stiffness and reduced normal architecture,remaining_5256,58f9a95f71da5142abd270b57f3448a9a536ea0dcc320c4cae4dc93cbbf6fd78,91,34,8,7,33,15,0.14043650162367183,0.2639269190010656,0.12349041737739375,0.12349041737739375,AWAY_FROM_REFERENCE,0.07692307692307693,MINOR,1,231,,,4b0e828acc815e23db77e92880909f7766108e26f6f69c052a82475e4be14fdf,0.27716575251813247,0.20424177136357624,0.609375,1,True,335
SB3597,Nephrogenic systemic fibrosis,renal glomerular-tubular filtration and fluid-balance structure,excess matrix deposition/remodeling with increased tissue stiffness and reduced normal architecture,remaining_5256,58f9a95f71da5142abd270b57f3448a9a536ea0dcc320c4cae4dc93cbbf6fd78,91,34,8,7,33,15,0.14043650162367183,0.2639269190010656,0.12349041737739375,0.12349041737739375,AWAY_FROM_REFERENCE,0.07692307692307693,MINOR,1,231,,,cb49b16a784aabcc3fa50d51e3a30c819176daf0936b3947194897767cd2d185,0.27716575251813247,0.20424177136357624,0.609375,1,True,336
SB0273,Anal abscess,anorectal mucosal and perianal tissue integrity/inflammatory structure,localized inflammatory cavity with tissue breakdown and accumulated cellular/fluid contents,established_478,521da60b24c6fea67c47632a6ead5aeaabaa79478d03d00416aed894998d0dc2,28,9,4,4,9,8,0.13045577813103004,0.23391999939259245,0.1034642212615624,0.1034642212615624,AWAY_FROM_REFERENCE,0.14285714285714285,MINOR,1,231,,,7252cf822e6ad0a7748b94b3a05fbe8b36db2442e2bbc16f9d1669611b86347d,0.2771175653795557,0.19903818948726304,0.6328125,0,True,337
SB4934,Slurred speech,dominant-hemisphere language-processing and speech-planning network,"altered configuration or regulated output of the named structure, expressed as the state described by slurred speech",remaining_5256,b4ab212a756039d74a9f27de08d846915aa48407434f791306321d05ebcc251a,231,88,7,24,105,31,0.15339235712854338,0.30033061886914203,0.14693826174059865,0.14693826174059865,AWAY_FROM_REFERENCE,0.1038961038961039,MINOR,1,230,,,131775db5b0da3420575361937925ed2db3584ac166a644342c5aee9b2bbdade,0.2771089279837513,0.20931729022408696,0.5859375,-17,True,338
SB4321,Premature ejaculation,"male gonadal, ductal, accessory-gland, and reproductive-output structure","altered configuration or regulated output of the named structure, expressed as the state described by premature ejaculation",remaining_5256,f75ad48b1392bfea07347d5a4ba1ee576e453683f9c831672964c3d8302bd096,190,84,10,16,90,26,0.1276632266748443,0.2492572523549471,0.1215940256801028,0.1215940256801028,AWAY_FROM_REFERENCE,0.08421052631578947,MINOR,1,223,,,a303ffa4aaedd0d6572cd2813869800b9315e855c0f943ee621086cafa2fa406,0.27700287546110375,0.20232820178183386,0.6171875,-6,True,339
SB4032,Penile curvature,"male gonadal, ductal, accessory-gland, and reproductive-output structure","altered configuration or regulated output of the named structure, expressed as the state described by penile curvature",remaining_5256,b95c925bb86cc6520c9aaf2b573a19f14fd1a15dc47bdb032c1dbef3457a0101,190,75,9,18,84,27,0.13071308559728922,0.2490980746920386,0.11838498909474937,0.11838498909474937,AWAY_FROM_REFERENCE,0.09473684210526316,MINOR,1,223,,,57978c1704582f1801b3d54104a680a7a21ec398fe090f91f4eeb904de9f0de2,0.27693781841430376,0.20053392489549238,0.625,-9,True,340
SB3912,Painful ejaculation,"male gonadal, ductal, accessory-gland, and reproductive-output structure","altered configuration or regulated output of the named structure, expressed as the state described by painful ejaculation",remaining_5256,8278ff9b866a099078db20aaef522605aae294883601ccdce45b6838df4b8153,190,81,13,17,85,30,0.13202778769551038,0.24809990178375196,0.11607211408824158,0.11607211408824158,AWAY_FROM_REFERENCE,0.08947368421052632,MINOR,1,223,,,3962426befade1c3c29822d81999156fcac50f1b458bfe74db4ca522b4719485,0.27692702057493584,0.20223569582309253,0.6171875,-4,True,341
SB0285,Analgesic effect,nociceptive sensory-signaling structure,reduction of nociceptive signal transmission and pain-output state relative to baseline,established_478,f5bee5f1edcc6ac19b3404056fe206c047476ee9cfa273feccf2879a63809f79,190,96,11,8,93,19,0.17609810916056534,0.2677520210909503,0.09165391193038497,0.09165391193038497,AWAY_FROM_REFERENCE,0.042105263157894736,MINOR,1,231,,,4b83bf4ba93a2f3da87d46558d435031fa80fd55f372ed296f5d10acb96aa3d3,0.27686748900722646,0.20216309635027618,0.6171875,3,True,342
SB0399,Application site eczema,local cutaneous inflammatory and microvascular structure,"altered configuration or regulated output of the named structure, expressed as the state described by application site eczema",established_478,ebc7d81a6d9d1a6f37ff69bac585c195c4349c3513fe6c39b6e8611b5b7a9295,171,90,7,11,94,18,0.20286006266439305,0.30455431798117927,0.10169425531678622,0.10169425531678622,AWAY_FROM_REFERENCE,0.06432748538011696,MINOR,1,231,,,af19b5ee24339089c44fc99dcd94e578f5fe8dfc8b0f6d47fc24c01122c396cc,0.2768316030976013,0.20211933304585528,0.6171875,-4,True,343
SB0125,Acute generalised exanthematous pustulosis,epidermal neutrophilic pustular structure,acute diffuse epidermal neutrophilic pustule formation with inflammatory barrier disruption,established_478,b72f02d9e8feca500dd5e41723dfc9ba5f0ae437b5de5ee23aab6b2125ab3bbb,190,66,4,6,68,10,0.15254705018600512,0.27104991481473895,0.11850286462873383,0.11850286462873383,AWAY_FROM_REFERENCE,0.031578947368421054,MINOR,1,223,,,a9a4b42cf0cfe660cffac365b84d6a30884d947132495d9f8418a4eacede3f64,0.2768279118206779,0.2003998924642414,0.625,-2,True,344
SB1534,Diabetic nephropathy,renal glomerular-tubular filtration and fluid-balance structure,failure of glucose-insulin regulation causing persistent abnormal circulating glucose and substrate handling,remaining_5256,40b3c1aa93d17121c13a326abff1646356e040a1e42b6cde3767b7522fc732b9,91,32,7,7,32,14,0.17512246279846555,0.300488049216181,0.12536558641771545,0.12536558641771545,AWAY_FROM_REFERENCE,0.07692307692307693,MINOR,1,231,,,249cf87a04afdbe4599a86a36c9afde280b9632c69d8a0c43aba37c67142da11,0.27682492805204656,0.19868131469761774,0.6328125,0,True,345
SB4933,Sluggishness,whole-organism substrate utilization and cellular energy-production structure,"altered configuration or regulated output of the named structure, expressed as the state described by sluggishness",remaining_5256,86af8a18cf832e35037f3cabeb4a3d5ac8617786ae3265c692a68a9966e51309,78,28,2,11,37,13,0.10145376923824267,0.19587206945849922,0.09441830022025655,0.09441830022025655,AWAY_FROM_REFERENCE,0.14102564102564102,MINOR,1,223,,,a32a0b17322d352f81fe661e4bc91775a598949e93066795db830cb604ee7a4e,0.27677589463673974,0.2020513958984631,0.6171875,-9,True,346
SB4227,Polycystic kidney,renal glomerular-tubular filtration and fluid-balance structure,"altered configuration or regulated output of the named structure, expressed as the state described by polycystic kidney",remaining_5256,b40af7f494bf4133c278f7d71d7b4d1f4e56c30476846a1fea80cbcf8b1b7210,91,28,5,10,33,15,0.12834629466090852,0.25219458184618804,0.12384828718527952,0.12384828718527952,AWAY_FROM_REFERENCE,0.10989010989010989,MINOR,1,231,,,e86c6a0901702351abceb61185aba97f4745274377507e9680b0f84c2af095c8,0.2766995128221309,0.2019582473440621,0.6171875,-5,True,347
SB2734,Ileus,"intestinal mucosal barrier, smooth-muscle motility, and luminal transport structure","altered configuration or regulated output of the named structure, expressed as the state described by ileus",remaining_5256,0840c5c24e98958c1dc415b99e52dd8f5f3ec9bcab9adc209c162686e641f784,276,97,10,25,112,35,0.11926953837211329,0.24669445671090962,0.12742491833879632,0.12742491833879632,AWAY_FROM_REFERENCE,0.09057971014492754,MINOR,1,231,,,f4525062ca46557674c05e0fe7cc50ff84126a6ab76af61b388065b3ae615b2b,0.2765795998279323,0.20352695100967355,0.609375,-15,True,348
SB4296,Postoperative ileus,"intestinal mucosal barrier, smooth-muscle motility, and luminal transport structure","altered configuration or regulated output of the named structure, expressed as the state described by ileus",remaining_5256,0840c5c24e98958c1dc415b99e52dd8f5f3ec9bcab9adc209c162686e641f784,276,97,10,25,112,35,0.11926953837211329,0.24669445671090962,0.12742491833879632,0.12742491833879632,AWAY_FROM_REFERENCE,0.09057971014492754,MINOR,1,231,,,fc6442da7dd18ec715abea8d7fe3345990c817d06ea6effc8e7c6310cb7ace62,0.2765795998279323,0.20352695100967355,0.609375,-15,True,349
SB4365,Prostatic adenoma,"male gonadal, ductal, accessory-gland, and reproductive-output structure",localized tissue overgrowth or mass formation with altered normal architecture,remaining_5256,9b66bf85ea39f04a451e10efcce821c4f5016f1fc1afee69a67659a59d85ac18,190,97,19,13,91,32,0.14276807398298463,0.260039798085945,0.11727172410296038,0.11727172410296038,AWAY_FROM_REFERENCE,0.06842105263157895,MINOR,1,223,,,f8fd8e7bc71e54792f3c18437c572adc58de7161d14ccee067d8247c5d220bee,0.2765116174615638,0.19829922861166316,0.6328125,6,True,350
SB2815,Influenza-like symptoms,innate-adaptive host-defense structure,observable sensory or functional output indicating departure from the reference structural state,remaining_5256,5f0a45b60985b4b47b943d891e448d8cd87e7c2d10b63a586972453c3fa1ff3c,15,9,2,1,8,3,0.22702538224511426,0.32461924811366893,0.09759386586855467,0.09759386586855467,AWAY_FROM_REFERENCE,0.06666666666666667,MINOR,1,231,,,d32834c073fb4b0b463dbd4c830a8f8feb44b46fc583b50d287264d269676f93,0.27650770301055716,0.2051542109884844,0.6015625,1,True,351
SB1992,Faecal occult blood positive,"intestinal mucosal barrier, smooth-muscle motility, and luminal transport structure",detectable presence of the measured target where the reference state is absent or lower,remaining_5256,d66dd724b71fdcc4d1b8bda98f0da2232522b40e99aaa998a264b54d7b46f6be,276,94,11,24,107,35,0.12432527573333763,0.2609408083908874,0.13661553265754978,0.13661553265754978,AWAY_FROM_REFERENCE,0.08695652173913043,MINOR,1,231,,,2221ac9baa2fd0482424c1d5ff20b17524541d1909216f787a1198bc3a416a60,0.27647993647305996,0.19826059325982925,0.6328125,-13,True,352
SB1849,Epididymal tenderness,"male gonadal, ductal, accessory-gland, and reproductive-output structure",increased nociceptive signaling associated with local tissue or neural perturbation,remaining_5256,57919c41e35646f45f393dea0c0e412896b03871db03e588a7531cf8187f9dc1,190,104,15,9,98,24,0.15875162273605792,0.2769297879919964,0.1181781652559385,0.1181781652559385,AWAY_FROM_REFERENCE,0.04736842105263158,MINOR,1,223,,,454e38c84dd43f1a3167aba9ba59524cbc58ee6e8417fee0b4ea2334023b3d25,0.2764558274458747,0.2016610700559448,0.6171875,6,True,353
SB4038,Penile pain,"male gonadal, ductal, accessory-gland, and reproductive-output structure",increased nociceptive signaling associated with local tissue or neural perturbation,remaining_5256,57919c41e35646f45f393dea0c0e412896b03871db03e588a7531cf8187f9dc1,190,104,15,9,98,24,0.15875162273605792,0.2769297879919964,0.1181781652559385,0.1181781652559385,AWAY_FROM_REFERENCE,0.04736842105263158,MINOR,1,223,,,e7aeeb66018ef0eecd02cc6a0f0386028cd72a3ae79222c4fe33297a7819e44c,0.2764558274458747,0.2016610700559448,0.6171875,6,True,354
SB4756,Scrotal pain,"male gonadal, ductal, accessory-gland, and reproductive-output structure",increased nociceptive signaling associated with local tissue or neural perturbation,remaining_5256,57919c41e35646f45f393dea0c0e412896b03871db03e588a7531cf8187f9dc1,190,104,15,9,98,24,0.15875162273605792,0.2769297879919964,0.1181781652559385,0.1181781652559385,AWAY_FROM_REFERENCE,0.04736842105263158,MINOR,1,223,,,55eb1797cef1c9690ae69f5db0ef3f57a784cf0fd77556c90eb27a3b0f7fc28d,0.2764558274458747,0.2016610700559448,0.6171875,6,True,355
SB5189,Testicular pain,"male gonadal, ductal, accessory-gland, and reproductive-output structure",increased nociceptive signaling associated with local tissue or neural perturbation,remaining_5256,57919c41e35646f45f393dea0c0e412896b03871db03e588a7531cf8187f9dc1,190,104,15,9,98,24,0.15875162273605792,0.2769297879919964,0.1181781652559385,0.1181781652559385,AWAY_FROM_REFERENCE,0.04736842105263158,MINOR,1,223,,,fbea5be849dccb21055d3ff30b93c39570777a8a3fb137578dbfbfa34b74059b,0.2764558274458747,0.2016610700559448,0.6171875,6,True,356
SB2928,Intestinal perforation,"intestinal mucosal barrier, smooth-muscle motility, and luminal transport structure","altered configuration or regulated output of the named structure, expressed as the state described by intestinal perforation",remaining_5256,c6ea97ed02ba51f0f7127a666a4a7660b5b8d08c66085d719a0757eaada5e7ac,276,89,9,31,111,40,0.11871820269216538,0.24557745840324374,0.12685925571107837,0.12685925571107837,AWAY_FROM_REFERENCE,0.11231884057971014,MINOR,1,231,,,81b62d09fc2b115f2369a0c26bbcd88bb0b8b301c6213cdcc21d7e3bb9e34e74,0.27641728114609654,0.2016140623732885,0.6171875,-22,True,357
SB0223,Alcoholism,central reward-control and ethanol-dependence structure,persistent reward-driven substance-use behavior overriding normal exposure-control regulation,established_478,1a9a37ebd0917a99e539032910527ddf7973fda3e33a34d9c70c7e71271b21a0,3,1,1,0,0,1,0.1422723208524792,0.2721989019671882,0.129926581114709,0.129926581114709,AWAY_FROM_REFERENCE,0.0,INFORMATIONAL,0,230,,,c6ec52479b3f2ff6d18ca8f296fadfc209ad6ba83816948872c0c512132334e7,0.27640636013575137,0.19302604894603825,0.65625,1,True,358
SB2735,Ileus paralytic,"intestinal mucosal barrier, smooth-muscle motility, and luminal transport structure","altered configuration or regulated output of the named structure, expressed as the state described by ileus paralytic",remaining_5256,b91a81eb1f542888e1c127423235b4000695aa4b973bd04c641b78d79a14f83e,276,94,8,25,111,33,0.11649179446378022,0.24440159022249242,0.1279097957587122,0.1279097957587122,AWAY_FROM_REFERENCE,0.09057971014492754,MINOR,1,231,,,430b38c050057590a53409db1cb1c83c69e0a2874a0ce94ca11a81ba7b4db8e8,0.2763982567405021,0.2033058009030514,0.609375,-17,True,359
SB3659,Night sweats,eccrine-apocrine sweat-gland secretory structure,"altered configuration or regulated output of the named structure, expressed as the state described by night sweats",remaining_5256,ccffd41e12123ab60164a465f5783a448a9761fb7f1edb6617ce027d2c97c986,105,50,15,2,37,17,0.19084557091040444,0.2952151085129072,0.10436953760250278,0.10436953760250278,AWAY_FROM_REFERENCE,0.01904761904761905,MINOR,1,174,,,8fae316a690578f53095640ce1eedc775c22fa2c76312dda81ac5a6afebac158,0.27637670895896616,0.19470482799873923,0.6484375,13,True,360
SB0105,Acute allograft rejection,alloreactive T-cell tissue-recognition structure,immune-effector attack against transplanted or non-self tissue causing target-structure injury,established_478,871aba3bf8c574aca61d408cea93c534d4ac0304b327c2bce0d0b3ff181b78db,325,140,20,31,151,51,0.18550904313592487,0.3090158495891051,0.12350680645318024,0.12350680645318024,AWAY_FROM_REFERENCE,0.09538461538461539,MINOR,1,231,,,6bd024ab27cc0c8fc61455b6630867e4772fb16b5f2288b5e7eb6fa0f6cccaee,0.27635301313162963,0.1998207477214996,0.625,-11,True,361
SB0127,Acute graft versus host disease,alloreactive T-cell tissue-recognition structure,immune-effector attack against transplanted or non-self tissue causing target-structure injury,established_478,871aba3bf8c574aca61d408cea93c534d4ac0304b327c2bce0d0b3ff181b78db,325,140,20,31,151,51,0.18550904313592487,0.3090158495891051,0.12350680645318024,0.12350680645318024,AWAY_FROM_REFERENCE,0.09538461538461539,MINOR,1,231,,,c379f2e01c4332e12633b3887929f41dafe981009942429bb1f19732611ba9ce,0.27635301313162963,0.1998207477214996,0.625,-11,True,362
SB4969,Speech impairment NOS,dominant-hemisphere language-processing and speech-planning network,"altered configuration or regulated output of the named structure, expressed as the state described by speech impairment",remaining_5256,1be45946065d54c9b9d1ebca0d5586677e86df56434cdca25b1453d8bb95c8d8,231,88,7,21,102,28,0.15523938699575002,0.30158338146091723,0.14634399446516722,0.14634399446516722,AWAY_FROM_REFERENCE,0.09090909090909091,MINOR,1,230,,,488cc02661731ee8dacd067accfb90698635a082c13728da9f63fe0d38dfe269,0.27633479041435915,0.21008815904190137,0.578125,-14,True,363
SB1995,Faeces discoloured,"intestinal mucosal barrier, smooth-muscle motility, and luminal transport structure","altered configuration or regulated output of the named structure, expressed as the state described by faeces discoloured",remaining_5256,b3c7d11d91740ca68f9921f152c5c3567743522778f4dea39f31fbbfa6947e72,276,95,12,28,111,40,0.11533196910454213,0.23801460767385862,0.1226826385693165,0.1226826385693165,AWAY_FROM_REFERENCE,0.10144927536231885,MINOR,1,231,,,da5b8b793c705a93f8b0ba49382dde4e70b7fb4aabfbca961ff59693d996472a,0.2762867037794978,0.20145482168231443,0.6171875,-16,True,364
SB0591,Benign prostatic hyperplasia,"male gonadal, ductal, accessory-gland, and reproductive-output structure",increase in tissue mass or cellular content beyond the reference configuration,remaining_5256,c212c59d9bb3902e45535bbcce5b48886d26756a2793d321f81d7b6035bb9205,190,101,10,13,104,23,0.1565502451294174,0.2695071968619931,0.1129569517325757,0.1129569517325757,AWAY_FROM_REFERENCE,0.06842105263157895,MINOR,1,223,,,94277e1734cf7df079e5c15702cbeb3ceb1d126f2f2c634da7a210b015a7975a,0.27624789802784777,0.19969255857054613,0.625,-3,True,365
SB0592,Benign prostatic hypertrophy,"male gonadal, ductal, accessory-gland, and reproductive-output structure",increase in tissue mass or cellular content beyond the reference configuration,remaining_5256,c212c59d9bb3902e45535bbcce5b48886d26756a2793d321f81d7b6035bb9205,190,101,10,13,104,23,0.1565502451294174,0.2695071968619931,0.1129569517325757,0.1129569517325757,AWAY_FROM_REFERENCE,0.06842105263157895,MINOR,1,223,,,552f38e6f4e825020e7c679254a3f536228b3ee8383ddc6abab3baa929f956fe,0.27624789802784777,0.19969255857054613,0.625,-3,True,366
SB4368,Prostatic hypertrophy,"male gonadal, ductal, accessory-gland, and reproductive-output structure",increase in tissue mass or cellular content beyond the reference configuration,remaining_5256,c212c59d9bb3902e45535bbcce5b48886d26756a2793d321f81d7b6035bb9205,190,101,10,13,104,23,0.1565502451294174,0.2695071968619931,0.1129569517325757,0.1129569517325757,AWAY_FROM_REFERENCE,0.06842105263157895,MINOR,1,223,,,e997da32238accd0586abfb64309efacb4a506b3b4d289c84444480feccf06c5,0.27624789802784777,0.19969255857054613,0.625,-3,True,367
SB0037,Abnormal bowel sounds,intestinal smooth-muscle and enteric-neural motility structure,departure from the reference structural configuration or regulated functional range,established_478,44e6dfede0327153d7ad6983a5cc1c2140cf6f6b4ab2c7db8638775e222ca1f4,6,6,1,0,5,1,0.16081302070617864,0.281448720727453,0.12063570002127433,0.12063570002127433,AWAY_FROM_REFERENCE,0.0,INFORMATIONAL,0,230,,,05e5ac26cf7d1f6f0dfdea9508898b90c01643f2c913f7c20fb1c3767215fa6d,0.2762393415660246,0.1962522458122251,0.640625,1,True,368
SB0278,Anal fissure,anorectal mucosal and perianal tissue integrity/inflammatory structure,linear structural split or tear through a tissue surface or wall,established_478,6913a1b281f283f94bd480159012541dfc18d403d3d0c0346a8237416b428dcb,28,8,3,3,8,6,0.12574267233429315,0.24124284600558688,0.11550017367129373,0.11550017367129373,AWAY_FROM_REFERENCE,0.10714285714285714,MINOR,1,231,,,8c5b9c8c5d19984f27e7546ea781ca100038ae219796bbc8230855063a74f928,0.2761753668285646,0.20474892296166414,0.6015625,0,True,369
SB4677,Retrograde ejaculation,"male gonadal, ductal, accessory-gland, and reproductive-output structure","altered configuration or regulated output of the named structure, expressed as the state described by retrograde ejaculation",remaining_5256,bbe3e19b65de355b2fc8c5ae4ab47009c83de370831a5ba39665d456dcb5c76a,190,81,12,18,87,30,0.13591339722962936,0.25421446049287066,0.1183010632632413,0.1183010632632413,AWAY_FROM_REFERENCE,0.09473684210526316,MINOR,1,223,,,51c0f0e695c03a37c073f5da9519f8a1d9108c42cf5f846c777d9d500ea8c55f,0.2761679221319352,0.19959502699016485,0.625,-6,True,370
SB3240,Malabsorption,"intestinal mucosal barrier, smooth-muscle motility, and luminal transport structure","altered configuration or regulated output of the named structure, expressed as the state described by malabsorption",remaining_5256,0ca47be413f1555038e6ec56948c08160c973d08e08f8a34f87934468018d532,276,93,12,28,109,40,0.11482380808501036,0.23866895411752553,0.12384514603251517,0.12384514603251517,AWAY_FROM_REFERENCE,0.10144927536231885,MINOR,1,231,,,b150f338783a545281db988d774e45a01ad1e9f19a9d0ff44a239730f9aeea17,0.27604445514248255,0.2045892745640031,0.6015625,-16,True,371
SB2069,Flatulence,"intestinal mucosal barrier, smooth-muscle motility, and luminal transport structure","altered configuration or regulated output of the named structure, expressed as the state described by flatulence",remaining_5256,6a9a91b4472c47fe4f0aec97794aa07b2f1b286f75281a88f05b918496108ca4,276,94,15,28,107,43,0.11897417884392247,0.24720408236307523,0.12822990351915275,0.12822990351915275,AWAY_FROM_REFERENCE,0.10144927536231885,MINOR,1,231,,,7633f91961dd6bd1ca11676e3d4910caa4847a360a719ab99de5169a9ae7f42c,0.2759570341235339,0.20276772454089498,0.609375,-13,True,372
SB2373,Haemolysis,"erythrocyte production, integrity, and oxygen-transport structure","altered configuration or regulated output of the named structure, expressed as the state described by haemolysis",remaining_5256,a00c98ad91730dac167407047c69522906af93d17617c97d14aceeef05f9460b,15,11,0,1,12,1,0.1307453173089117,0.2649247982480766,0.13417948093916487,0.13417948093916487,AWAY_FROM_REFERENCE,0.06666666666666667,MINOR,1,174,,,bca73bbb3f9e521ea395eb8563e1f98a864d0d3f2d68c9fb436b5ce0c7cc80d1,0.27593777535617425,0.19931436019045645,0.625,-1,True,373
SB2030,Feeling of body temperature change,central-peripheral thermoregulatory heat-production and heat-loss structure,"altered configuration or regulated output of the named structure, expressed as the state described by feeling of body temperature change",remaining_5256,e3b28c36fca345b2f6407179ac16953dfea37438e417c0d805d858debde311ee,3,3,1,0,2,1,0.09159224410841615,0.2049151765941719,0.11332293248575576,0.11332293248575576,AWAY_FROM_REFERENCE,0.0,INFORMATIONAL,0,174,,,1fbe7cc6f5df722c2c6b5785398bd70efd3a99612498527a1f138234ff68a6fe,0.27588411281995895,0.19924891807312073,0.625,1,True,374
SB3194,Lung infection,"pulmonary airway-alveolar, pleural, and gas-exchange structure",pathogen-associated occupation/invasion with host-defense activation and local structural disruption,remaining_5256,4a8c6498c6fdb0a5299bfd75606d7c403d23059601ed48f84318c09bfe13f227,36,18,0,1,19,1,0.1870901852011636,0.2910117288957693,0.10392154369460571,0.10392154369460571,AWAY_FROM_REFERENCE,0.027777777777777776,MINOR,1,231,,,5e2456c2c2b9aeae2f2d5c517650ff3fc0ee3e5b1badb5c39660302b7aaa3b57,0.2758509561969445,0.19406366609383474,0.6484375,-1,True,375
SB3275,Mechanical complication of implant,"implanted-device, catheter, or prosthesis tissue-interface structure","altered configuration or regulated output of the named structure, expressed as the state described by mechanical complication of implant",remaining_5256,2d7920d912c30c74f78f7644f482c0c299bb6580dd7bc51bf48fda0f36a851d4,1431,589,67,149,671,216,0.14667838281441015,0.2705293045109627,0.12385092169655254,0.12385092169655254,AWAY_FROM_REFERENCE,0.10412299091544375,MINOR,1,223,,,eaf44954e3e8d307993a14a20c5528deb364fb382e32281b02204d2fbc3bcd71,0.2758323837581283,0.20261571190015648,0.609375,-82,True,376
SB2456,Heparin-induced thrombocytopenia,"platelet production, activation, adhesion, and aggregation structure",quantity of the named cell/tissue component reduced below the reference range,remaining_5256,14d73f92ea76dce3df127b80f7e00f4eacc0ff9c17f8a991a06542bf05cdba96,15,6,2,2,6,4,0.1616337208639358,0.2915321663341687,0.12989844547023288,0.12989844547023288,AWAY_FROM_REFERENCE,0.13333333333333333,MINOR,1,230,,,d9421dac85fc0a5441710cffa0098e5158b9ef8cf38619caeac4e2decf8a2e73,0.27582822026843945,0.19403593935175545,0.6484375,0,True,377
SB2726,Idiopathic thrombocytopenia,"platelet production, activation, adhesion, and aggregation structure",quantity of the named cell/tissue component reduced below the reference range,remaining_5256,14d73f92ea76dce3df127b80f7e00f4eacc0ff9c17f8a991a06542bf05cdba96,15,6,2,2,6,4,0.1616337208639358,0.2915321663341687,0.12989844547023288,0.12989844547023288,AWAY_FROM_REFERENCE,0.13333333333333333,MINOR,1,230,,,3b604d2b2e536b8f1cf6cbb815dfd67039cc57ed1f1350e972b2867f8d43ac22,0.27582822026843945,0.19403593935175545,0.6484375,0,True,378
SB5209,Thrombocytopenia,"platelet production, activation, adhesion, and aggregation structure",quantity of the named cell/tissue component reduced below the reference range,remaining_5256,14d73f92ea76dce3df127b80f7e00f4eacc0ff9c17f8a991a06542bf05cdba96,15,6,2,2,6,4,0.1616337208639358,0.2915321663341687,0.12989844547023288,0.12989844547023288,AWAY_FROM_REFERENCE,0.13333333333333333,MINOR,1,230,,,5f63bd92ef754abe12586f8c439f3c45993cd265f6eb834b28249bffda39e128,0.27582822026843945,0.19403593935175545,0.6484375,0,True,379
SB5210,Thrombocytopenia aggravated,"platelet production, activation, adhesion, and aggregation structure",quantity of the named cell/tissue component reduced below the reference range,remaining_5256,14d73f92ea76dce3df127b80f7e00f4eacc0ff9c17f8a991a06542bf05cdba96,15,6,2,2,6,4,0.1616337208639358,0.2915321663341687,0.12989844547023288,0.12989844547023288,AWAY_FROM_REFERENCE,0.13333333333333333,MINOR,1,230,,,1f44fd43df65f6e5d7f725cc5b1d057e5090703ee1781b9316da113ceae53930,0.27582822026843945,0.19403593935175545,0.6484375,0,True,380
SB3526,Nail discomfort,"nail matrix, plate-production, and periungual structure",abnormal sensory-autonomic signaling indicating departure from the reference local functional state,remaining_5256,ed0667d9540f1f6870c64a0a464e36f241bd4c2574db1675cf848c5fac57158f,36,5,3,6,8,9,0.14206797294740048,0.2643347548630497,0.12226678191564921,0.12226678191564921,AWAY_FROM_REFERENCE,0.16666666666666666,MINOR,1,230,,,6a72a4762016758b0faccab65629b5e1476ea82a49336314413094658bde51ce,0.2758084046344357,0.202586469066385,0.609375,-3,True,381
SB1871,Erection prolonged,"male gonadal, ductal, accessory-gland, and reproductive-output structure",event duration or measured interval extended beyond the reference timing range,remaining_5256,a67cc92dd96be151617ea16aebc329ba269d0964068285af26586cf39d95e806,190,93,11,14,96,25,0.16667347884004657,0.28214148843285813,0.11546800959281156,0.11546800959281156,AWAY_FROM_REFERENCE,0.07368421052631578,MINOR,1,223,,,891fab1d67fb9185748eecdd7199df69a56f86584549caf3e9a40169b25288c8,0.27578751394387035,0.20084605359008578,0.6171875,-3,True,382
SB0557,Bacteraemia,innate-adaptive host-defense structure,viable bacteria present within the bloodstream with systemic host-defense activation,remaining_5256,043a20cee2dfd0d5d11bbda36c77741f90808eae7fecab288f96e0bfcfecf99b,15,7,2,0,5,2,0.181197662722413,0.2786308952186344,0.09743323249622138,0.09743323249622138,AWAY_FROM_REFERENCE,0.0,INFORMATIONAL,0,231,,,fdf7cfd60b14eb59786fa27b38513e03f588bff39e80d4fecbda6540d909c586,0.27577700647851433,0.19397348351038335,0.6484375,2,True,383
SB1825,Enterococcal bacteraemia,innate-adaptive host-defense structure,viable bacteria present within the bloodstream with systemic host-defense activation,remaining_5256,043a20cee2dfd0d5d11bbda36c77741f90808eae7fecab288f96e0bfcfecf99b,15,7,2,0,5,2,0.181197662722413,0.2786308952186344,0.09743323249622138,0.09743323249622138,AWAY_FROM_REFERENCE,0.0,INFORMATIONAL,0,231,,,ea6f6cda172e3adc84391071a54a7c7b06b59fe332e0b63a239b13674d5ddfe8,0.27577700647851433,0.19397348351038335,0.6484375,2,True,384
SB1899,Escherichia bacteraemia,innate-adaptive host-defense structure,viable bacteria present within the bloodstream with systemic host-defense activation,remaining_5256,043a20cee2dfd0d5d11bbda36c77741f90808eae7fecab288f96e0bfcfecf99b,15,7,2,0,5,2,0.181197662722413,0.2786308952186344,0.09743323249622138,0.09743323249622138,AWAY_FROM_REFERENCE,0.0,INFORMATIONAL,0,231,,,7393fe2db2d4cdcc7baf37875b073dd669e9482db198a0303076232769c02b9e,0.27577700647851433,0.19397348351038335,0.6484375,2,True,385
SB5018,Staphylococcal bacteraemia,innate-adaptive host-defense structure,viable bacteria present within the bloodstream with systemic host-defense activation,remaining_5256,043a20cee2dfd0d5d11bbda36c77741f90808eae7fecab288f96e0bfcfecf99b,15,7,2,0,5,2,0.181197662722413,0.2786308952186344,0.09743323249622138,0.09743323249622138,AWAY_FROM_REFERENCE,0.0,INFORMATIONAL,0,231,,,ccf297b6e9e845e5b75423eb90a33de715dc9871d29af2b039aad80800b23bf5,0.27577700647851433,0.19397348351038335,0.6484375,2,True,386
SB0642,Blastomycosis,innate-adaptive host-defense structure,"abnormal structural accumulation, degeneration, remodeling, or chronic state within the named structure",remaining_5256,bc29fa3a0cdbbb43b9efa8b85c3782b19273173fc8e0fbd5cc6bec7fa0d7dce3,15,9,2,0,7,2,0.17626132891729007,0.2686658125642636,0.09240448364697351,0.09240448364697351,AWAY_FROM_REFERENCE,0.0,INFORMATIONAL,0,231,,,4b4d0feb7e2a96238a17cf8f09a2d24028cac4ad231d7443208d12324ccdadbf,0.27574496716704716,0.20079416727688681,0.6171875,2,True,387
SB1378,Cryptococcosis,innate-adaptive host-defense structure,"abnormal structural accumulation, degeneration, remodeling, or chronic state within the named structure",remaining_5256,bc29fa3a0cdbbb43b9efa8b85c3782b19273173fc8e0fbd5cc6bec7fa0d7dce3,15,9,2,0,7,2,0.17626132891729007,0.2686658125642636,0.09240448364697351,0.09240448364697351,AWAY_FROM_REFERENCE,0.0,INFORMATIONAL,0,231,,,0c0d14c0db67d31cbebbf7aa6fab7cff9f37f7c068d55ea61890212365b2add5,0.27574496716704716,0.20079416727688681,0.6171875,2,True,388
SB2541,Histoplasmosis,innate-adaptive host-defense structure,"abnormal structural accumulation, degeneration, remodeling, or chronic state within the named structure",remaining_5256,bc29fa3a0cdbbb43b9efa8b85c3782b19273173fc8e0fbd5cc6bec7fa0d7dce3,15,9,2,0,7,2,0.17626132891729007,0.2686658125642636,0.09240448364697351,0.09240448364697351,AWAY_FROM_REFERENCE,0.0,INFORMATIONAL,0,231,,,0c1f17eb4ca1d8f424b01c0058f25ba4cf927a097efbab6e34326f4988804d35,0.27574496716704716,0.20079416727688681,0.6171875,2,True,389
SB3137,Listeriosis,innate-adaptive host-defense structure,"abnormal structural accumulation, degeneration, remodeling, or chronic state within the named structure",remaining_5256,bc29fa3a0cdbbb43b9efa8b85c3782b19273173fc8e0fbd5cc6bec7fa0d7dce3,15,9,2,0,7,2,0.17626132891729007,0.2686658125642636,0.09240448364697351,0.09240448364697351,AWAY_FROM_REFERENCE,0.0,INFORMATIONAL,0,231,,,94755788cf642ec6d53039d1cf1d1cf0b8bf08b80a3c6cbf6c2a0059c0888c7a,0.27574496716704716,0.20079416727688681,0.6171875,2,True,390
SB3415,Mucormycosis,innate-adaptive host-defense structure,"abnormal structural accumulation, degeneration, remodeling, or chronic state within the named structure",remaining_5256,bc29fa3a0cdbbb43b9efa8b85c3782b19273173fc8e0fbd5cc6bec7fa0d7dce3,15,9,2,0,7,2,0.17626132891729007,0.2686658125642636,0.09240448364697351,0.09240448364697351,AWAY_FROM_REFERENCE,0.0,INFORMATIONAL,0,231,,,be0773bcb751f0ff1e6c7d69696739f97be196a2afc9a099dd836c4a58a69d4e,0.27574496716704716,0.20079416727688681,0.6171875,2,True,391
SB3666,Nocardiosis,innate-adaptive host-defense structure,"abnormal structural accumulation, degeneration, remodeling, or chronic state within the named structure",remaining_5256,bc29fa3a0cdbbb43b9efa8b85c3782b19273173fc8e0fbd5cc6bec7fa0d7dce3,15,9,2,0,7,2,0.17626132891729007,0.2686658125642636,0.09240448364697351,0.09240448364697351,AWAY_FROM_REFERENCE,0.0,INFORMATIONAL,0,231,,,34fe485ca3fabc8898b6df02d0ad961a04d6b7657c61cdd1dcbbdc8dd340c243,0.27574496716704716,0.20079416727688681,0.6171875,2,True,392
SB5305,Toxoplasmosis,innate-adaptive host-defense structure,"abnormal structural accumulation, degeneration, remodeling, or chronic state within the named structure",remaining_5256,bc29fa3a0cdbbb43b9efa8b85c3782b19273173fc8e0fbd5cc6bec7fa0d7dce3,15,9,2,0,7,2,0.17626132891729007,0.2686658125642636,0.09240448364697351,0.09240448364697351,AWAY_FROM_REFERENCE,0.0,INFORMATIONAL,0,231,,,f650e3497cd9e33e34b4801f06eeb336037ab5d11c8f3667f45a8832f67a2393,0.27574496716704716,0.20079416727688681,0.6171875,2,True,393
SB5732,Zygomycosis,innate-adaptive host-defense structure,"abnormal structural accumulation, degeneration, remodeling, or chronic state within the named structure",remaining_5256,bc29fa3a0cdbbb43b9efa8b85c3782b19273173fc8e0fbd5cc6bec7fa0d7dce3,15,9,2,0,7,2,0.17626132891729007,0.2686658125642636,0.09240448364697351,0.09240448364697351,AWAY_FROM_REFERENCE,0.0,INFORMATIONAL,0,231,,,95aac1f99a36fc3330c493d4f20debc080bfb94f6a6452184a5d98dbe3820d28,0.27574496716704716,0.20079416727688681,0.6171875,2,True,394
SB0012,Abdominal colic,intestinal smooth-muscle motility and luminal-volume structure,episodic smooth-muscle contraction with associated luminal pressure and nociceptive signaling,established_478,46d539233ebace2d6ff44be6ae2ef4cf32c62dc3b4e5738c5a528de02f7ec721,351,128,29,25,124,54,0.13377698647922043,0.27652315469086275,0.14274616821164232,0.14274616821164232,AWAY_FROM_REFERENCE,0.07122507122507123,MINOR,1,223,,,e54e8a84be8d442e6ea7451556fc3a4d5c014dd57a3983e2d1f87e94e41cbf92,0.27571381092150077,0.202471110879879,0.609375,4,True,395
SB0013,Abdominal cramps,intestinal smooth-muscle motility and luminal-volume structure,episodic smooth-muscle contraction with associated luminal pressure and nociceptive signaling,established_478,46d539233ebace2d6ff44be6ae2ef4cf32c62dc3b4e5738c5a528de02f7ec721,351,128,29,25,124,54,0.13377698647922043,0.27652315469086275,0.14274616821164232,0.14274616821164232,AWAY_FROM_REFERENCE,0.07122507122507123,MINOR,1,223,,,78a917b69eb04b923452403f2fb2ea28af7def815c32fe66347237613e1b1929,0.27571381092150077,0.202471110879879,0.609375,4,True,396
SB2212,Gastrointestinal perforation,"intestinal mucosal barrier, smooth-muscle motility, and luminal transport structure","altered configuration or regulated output of the named structure, expressed as the state described by gastrointestinal perforation",remaining_5256,9aee376ab0ca2b1cc035f9ebe04daef5062a7999bef97a945d01b630e3671d95,276,87,8,31,110,39,0.11822585000595964,0.24359820233664542,0.12537235233068578,0.12537235233068578,AWAY_FROM_REFERENCE,0.11231884057971014,MINOR,1,231,,,d4b39d4ff69e03a561a30b8bbf24cdea4e047f03d47fc0bcfd0488ef56aca56d,0.2757116799205135,0.20075357307379693,0.6171875,-23,True,397
SB3368,Middle ear effusion,cochlear-mechanical and auditory-neural transduction structure,"excess fluid accumulation within interstitial, tissue, or cavity compartments",remaining_5256,a18175b849cb4ea3a5fdce155bc9884437bf060dc139fa7d2970a0c82253bbcc,276,66,11,19,74,30,0.1527081045832327,0.2825882530417314,0.1298801484584987,0.1298801484584987,AWAY_FROM_REFERENCE,0.06884057971014493,MINOR,1,230,,,d24b40ff6867e601b48c3c057d281aa66fe7e4b3d3f8462817577d1e49993ec7,0.27563296932393655,0.20580240161455676,0.59375,-8,True,398
SB0256,Aminoaciduria,renal proximal-tubule amino-acid reabsorption structure,abnormal urinary loss/presence of amino acids from altered filtration or tubular reabsorption,established_478,89fc9e48b61028a7f0738c5620ea22c3d60a2c8795e1cb2b12385ce51a352eda,528,208,37,64,235,101,0.14771777747748593,0.2692592417347688,0.12154146425728285,0.12154146425728285,AWAY_FROM_REFERENCE,0.12121212121212122,MINOR,1,223,,,71dfde64c917038d9b6c9c2a8cdd825e4aff2309127fa004d7d911bdd445edb3,0.27554376659910473,0.20054880073061554,0.6171875,-27,True,399
SB4373,Prostatomegaly,"male gonadal, ductal, accessory-gland, and reproductive-output structure",enlargement of the named organ or tissue beyond its reference geometry,remaining_5256,4f439b12d701b427a2f466a4d2e2cb199ac545f30fe0fc302a5af88356abf716,190,95,12,14,97,26,0.1431603414430873,0.2643793450027546,0.1212190035596673,0.1212190035596673,AWAY_FROM_REFERENCE,0.07368421052631578,MINOR,1,223,,,3b1a3221d02e2e3099c113876f4a38a09a40285b4768ef498ea7ae72098c08d2,0.2754641579156326,0.21074135111662518,0.5703125,-2,True,400
SB4329,Pressure of speech,dominant-hemisphere language-processing and speech-planning network,"altered configuration or regulated output of the named structure, expressed as the state described by pressure of speech",remaining_5256,82d4aac500825f6f07a893e0fb1dd928a440a6da3d643428cffbc9be66939513,231,84,5,27,106,32,0.16147287749336448,0.30796719610795,0.1464943186145855,0.1464943186145855,AWAY_FROM_REFERENCE,0.11688311688311688,MINOR,1,230,,,cc7521cff3adf395ee4bcaa7ecfbfe1d920ad47aff98767fffaff2f199382177,0.27537227105578893,0.21062929397047436,0.5703125,-22,True,401
SB0709,Blood in stool,"intestinal mucosal barrier, smooth-muscle motility, and luminal transport structure","altered configuration or regulated output of the named structure, expressed as the state described by blood in stool",remaining_5256,cca6271299b928033475a699cc4bf92a994f56288858388a30a8712463197a67,276,85,8,29,106,37,0.11160234083521048,0.2325197804167909,0.12091743958158041,0.12091743958158041,AWAY_FROM_REFERENCE,0.10507246376811594,MINOR,1,231,,,e2d29b6a43ef1c4ebfed4c242630b5a7a1bcd4f5500c89adc6e5e2287e61c796,0.2751637677972071,0.2018003265819599,0.609375,-21,True,402
SB3192,Lung disorder,"pulmonary airway-alveolar, pleural, and gas-exchange structure",departure from the reference structural configuration or regulated functional range,remaining_5256,b2ed9a47e886108863bbab1c6b7d1b9aea56057de8fb2c8b15ccc95e37668d5e,36,16,1,1,16,2,0.20695111571474056,0.2928711817501961,0.08592006603545554,0.08592006603545554,AWAY_FROM_REFERENCE,0.027777777777777776,MINOR,1,231,,,d4b803f67550cb91049ed4b73e259f45275388fe7c9c18bf3023aa7c992bfc4e,0.2751288027909215,0.19661286925722132,0.6328125,0,True,403
SB3725,Oculo-respiratory syndrome,"pulmonary airway-alveolar, pleural, and gas-exchange structure",departure from the reference structural configuration or regulated functional range,remaining_5256,b2ed9a47e886108863bbab1c6b7d1b9aea56057de8fb2c8b15ccc95e37668d5e,36,16,1,1,16,2,0.20695111571474056,0.2928711817501961,0.08592006603545554,0.08592006603545554,AWAY_FROM_REFERENCE,0.027777777777777776,MINOR,1,231,,,0df35c036941297f028e522f7830666c7ea3717b4b0281fe5d6f0031f4713668,0.2751288027909215,0.19661286925722132,0.6328125,0,True,404
SB4435,Pulmonary function test abnormal,"pulmonary airway-alveolar, pleural, and gas-exchange structure",departure from the reference structural configuration or regulated functional range,remaining_5256,b2ed9a47e886108863bbab1c6b7d1b9aea56057de8fb2c8b15ccc95e37668d5e,36,16,1,1,16,2,0.20695111571474056,0.2928711817501961,0.08592006603545554,0.08592006603545554,AWAY_FROM_REFERENCE,0.027777777777777776,MINOR,1,231,,,c92a149509564bee9e2a322d40ed441ee0c0c2a62b9d437271a8db9213622f1d,0.2751288027909215,0.19661286925722132,0.6328125,0,True,405
SB4449,Pulmonary toxicity,"pulmonary airway-alveolar, pleural, and gas-exchange structure",departure from the reference structural configuration or regulated functional range,remaining_5256,b2ed9a47e886108863bbab1c6b7d1b9aea56057de8fb2c8b15ccc95e37668d5e,36,16,1,1,16,2,0.20695111571474056,0.2928711817501961,0.08592006603545554,0.08592006603545554,AWAY_FROM_REFERENCE,0.027777777777777776,MINOR,1,231,,,9524c3e5dae9ccaa38bf3b82f360ee185575bec84ff8793890083a960f04cbd4,0.2751288027909215,0.19661286925722132,0.6328125,0,True,406
SB4614,Respiration abnormal,"pulmonary airway-alveolar, pleural, and gas-exchange structure",departure from the reference structural configuration or regulated functional range,remaining_5256,b2ed9a47e886108863bbab1c6b7d1b9aea56057de8fb2c8b15ccc95e37668d5e,36,16,1,1,16,2,0.20695111571474056,0.2928711817501961,0.08592006603545554,0.08592006603545554,AWAY_FROM_REFERENCE,0.027777777777777776,MINOR,1,231,,,e1830a50cb882d1fc6e4d5639e0d1283e6134bf38a7b7eacfb1d4e20ed7917f8,0.2751288027909215,0.19661286925722132,0.6328125,0,True,407
SB4620,Respiratory disorder,"pulmonary airway-alveolar, pleural, and gas-exchange structure",departure from the reference structural configuration or regulated functional range,remaining_5256,b2ed9a47e886108863bbab1c6b7d1b9aea56057de8fb2c8b15ccc95e37668d5e,36,16,1,1,16,2,0.20695111571474056,0.2928711817501961,0.08592006603545554,0.08592006603545554,AWAY_FROM_REFERENCE,0.027777777777777776,MINOR,1,231,,,c1afda58ad5a00aebac5f91f930b112f1c4a5b36adbc17650a6c49303ea3c995,0.2751288027909215,0.19661286925722132,0.6328125,0,True,408
SB4621,Respiratory disorder neonatal,"pulmonary airway-alveolar, pleural, and gas-exchange structure",departure from the reference structural configuration or regulated functional range,remaining_5256,b2ed9a47e886108863bbab1c6b7d1b9aea56057de8fb2c8b15ccc95e37668d5e,36,16,1,1,16,2,0.20695111571474056,0.2928711817501961,0.08592006603545554,0.08592006603545554,AWAY_FROM_REFERENCE,0.027777777777777776,MINOR,1,231,,,08eec25723807dfe679649d79dadc42b0e5cb4be38b2133416100cf7e25f2ae2,0.2751288027909215,0.19661286925722132,0.6328125,0,True,409
SB4829,Severe acute respiratory syndrome,"pulmonary airway-alveolar, pleural, and gas-exchange structure",departure from the reference structural configuration or regulated functional range,remaining_5256,b2ed9a47e886108863bbab1c6b7d1b9aea56057de8fb2c8b15ccc95e37668d5e,36,16,1,1,16,2,0.20695111571474056,0.2928711817501961,0.08592006603545554,0.08592006603545554,AWAY_FROM_REFERENCE,0.027777777777777776,MINOR,1,231,,,afc054d6d263a3a7ef04199509cd5535d6514e0ec54994f2d56e8a12d1764cdc,0.2751288027909215,0.19661286925722132,0.6328125,0,True,410
SB1700,Ear discomfort,cochlear-mechanical and auditory-neural transduction structure,abnormal sensory-autonomic signaling indicating departure from the reference local functional state,remaining_5256,ff8aa7cfbcf991e7ffb647bb210d859851d616912d9692144d4a44208488b1b6,276,72,8,23,87,31,0.15260643421471465,0.27955566342044835,0.1269492292057337,0.1269492292057337,AWAY_FROM_REFERENCE,0.08333333333333333,MINOR,1,230,,,054fc69f38eb2b8f637e9009e624b95479d83f26e51cd6ac34286e1cc98dab94,0.2749998461968157,0.203315361215629,0.6015625,-15,True,411
SB3928,Pancreatic disorder,pancreatic endocrine-exocrine parenchymal and ductal structure,departure from the reference structural configuration or regulated functional range,remaining_5256,de1500a5303683ec4da8690287914915ac835fb528f13bc348c89af6fdec8696,91,43,10,11,44,21,0.18010663353463308,0.30650007289921044,0.12639343936457736,0.12639343936457736,AWAY_FROM_REFERENCE,0.12087912087912088,MINOR,1,230,,,76c4e4cee5aaf43807d8669c56ada5699bd2894ab5644e54b1ef104bf2dbc6b0,0.2749709299541178,0.1929904633586803,0.6484375,-1,True,412
SB3929,Pancreatic enzymes abnormal,pancreatic endocrine-exocrine parenchymal and ductal structure,departure from the reference structural configuration or regulated functional range,remaining_5256,de1500a5303683ec4da8690287914915ac835fb528f13bc348c89af6fdec8696,91,43,10,11,44,21,0.18010663353463308,0.30650007289921044,0.12639343936457736,0.12639343936457736,AWAY_FROM_REFERENCE,0.12087912087912088,MINOR,1,230,,,7f647a84372addfe9d626732c9b9be7d6f69f0fe8c7a5d8e3a148089f2a4a8d7,0.2749709299541178,0.1929904633586803,0.6484375,-1,True,413
SB5126,Syncope vasovagal,sympathetic-parasympathetic autonomic-control network,transient loss of postural/awareness continuity from insufficient integrated cerebral perfusion or output,remaining_5256,f9c27594f75d7d98baf2298d9294f62998c9fded6d1b4e046609977714bedb12,78,35,15,3,23,18,0.1727700482826009,0.28124510354445764,0.10847505526185675,0.10847505526185675,AWAY_FROM_REFERENCE,0.038461538461538464,MINOR,1,223,,,6c1d3a1f1580ebbbc94fb0c05311ad5378eb9f44e50463751a53d6e46074a356,0.27496337791517944,0.19298125355509688,0.6484375,12,True,414
SB1922,Exhaustion,whole-organism substrate utilization and cellular energy-production structure,"altered configuration or regulated output of the named structure, expressed as the state described by exhaustion",remaining_5256,e2b5a8218f422a15eb6acf60661ccac60a85033de7585f7bdfe1f1097a2168b3,78,29,0,12,41,12,0.1047007758838926,0.20229501101614766,0.09759423513225507,0.09759423513225507,AWAY_FROM_REFERENCE,0.15384615384615385,MINOR,1,223,,,dc946cf88cfd4064187e4bc640e9a1001233e7163c0da9ff566b3c543129c2b6,0.2748834269424792,0.20317338651521855,0.6015625,-12,True,415
SB1996,Faeces hard,"intestinal mucosal barrier, smooth-muscle motility, and luminal transport structure","altered configuration or regulated output of the named structure, expressed as the state described by faeces hard",remaining_5256,2f651782231dd958af2bd82d3058bf41532bd31e5c918c1db3cbba5640f369fb,276,86,13,31,104,44,0.11512182647883773,0.2425799447786987,0.12745811829986098,0.12745811829986098,AWAY_FROM_REFERENCE,0.11231884057971014,MINOR,1,231,,,588455d449ea1fed5b6247b98babb1c6d1964d23b60aab58959cc6cd9133dc0b,0.2747900678952034,0.20134459499415047,0.609375,-18,True,416
SB0528,Auditory disorder NOS,cochlear-mechanical and auditory-neural transduction structure,departure from the reference structural configuration or regulated functional range,remaining_5256,5a871c63e2eff06c4b428a8fa86c699363662a629a7d91dfb86a9e4ccb4154fd,276,65,11,22,76,33,0.14482882233855876,0.27139146694339944,0.12656264460484068,0.12656264460484068,AWAY_FROM_REFERENCE,0.07971014492753623,MINOR,1,230,,,39bff80609ae89cb93279646bcfef09c56a9d62db399d5f640256088a452c3cc,0.27475572490463707,0.20130271329833793,0.609375,-11,True,417
SB1196,Cochlear toxicity,cochlear-mechanical and auditory-neural transduction structure,departure from the reference structural configuration or regulated functional range,remaining_5256,5a871c63e2eff06c4b428a8fa86c699363662a629a7d91dfb86a9e4ccb4154fd,276,65,11,22,76,33,0.14482882233855876,0.27139146694339944,0.12656264460484068,0.12656264460484068,AWAY_FROM_REFERENCE,0.07971014492753623,MINOR,1,230,,,7dd319ff444d1fcdf1167df54cdaf4c36f56af0f0793e8f8954c1b78bf3b2712,0.27475572490463707,0.20130271329833793,0.609375,-11,True,418
SB1701,Ear disorder,cochlear-mechanical and auditory-neural transduction structure,departure from the reference structural configuration or regulated functional range,remaining_5256,5a871c63e2eff06c4b428a8fa86c699363662a629a7d91dfb86a9e4ccb4154fd,276,65,11,22,76,33,0.14482882233855876,0.27139146694339944,0.12656264460484068,0.12656264460484068,AWAY_FROM_REFERENCE,0.07971014492753623,MINOR,1,230,,,4ee5233f24a64fc3b0d63f265b330220892ee12f00a1d9a3c372913c31531d62,0.27475572490463707,0.20130271329833793,0.609375,-11,True,419
SB1931,External ear disorder,cochlear-mechanical and auditory-neural transduction structure,departure from the reference structural configuration or regulated functional range,remaining_5256,5a871c63e2eff06c4b428a8fa86c699363662a629a7d91dfb86a9e4ccb4154fd,276,65,11,22,76,33,0.14482882233855876,0.27139146694339944,0.12656264460484068,0.12656264460484068,AWAY_FROM_REFERENCE,0.07971014492753623,MINOR,1,230,,,c40cf5a85089b02f13e165e39f3d8aa36c4580f19434cfc695a47712c43908dd,0.27475572490463707,0.20130271329833793,0.609375,-11,True,420
SB2885,Inner ear disorder,cochlear-mechanical and auditory-neural transduction structure,departure from the reference structural configuration or regulated functional range,remaining_5256,5a871c63e2eff06c4b428a8fa86c699363662a629a7d91dfb86a9e4ccb4154fd,276,65,11,22,76,33,0.14482882233855876,0.27139146694339944,0.12656264460484068,0.12656264460484068,AWAY_FROM_REFERENCE,0.07971014492753623,MINOR,1,230,,,f418e2579c6d6b877cfe8ff54a6a482bcea8befd1432f59d2dfff3f0f643fde0,0.27475572490463707,0.20130271329833793,0.609375,-11,True,421
SB4970,Speech loss,dominant-hemisphere language-processing and speech-planning network,loss or absence of the named structural component or regulated function,remaining_5256,e93b2286d97ca741029f30e6c8ba1c511fa7ecc92dbc7ef5430e9b929cd5936d,231,97,5,25,117,30,0.19852064933694658,0.3471523081529436,0.14863165881599705,0.14863165881599705,AWAY_FROM_REFERENCE,0.10822510822510822,MINOR,1,230,,,e3c400fbad6ee34a1bced6376c234d42e430f85c38240a242b72f58c2dd93d3b,0.2747458034456063,0.2030055529824467,0.6015625,-20,True,422
SB4758,Scrotal ulcer,"male gonadal, ductal, accessory-gland, and reproductive-output structure",localized epithelial or tissue-surface loss with reduced barrier continuity,remaining_5256,34e25fc308d387295e85d49816528074c34b5d9466d03985d84b7f8fde412d99,190,95,13,14,96,27,0.1678565475543674,0.27867437736487055,0.11081782981050314,0.11081782981050314,AWAY_FROM_REFERENCE,0.07368421052631578,MINOR,1,223,,,b4214a54463f8e29a286c2277a0e15d1d14fdbabae70d663efe22e3c74f75a20,0.2747200595776097,0.19954427997269475,0.6171875,-1,True,423
SB4724,Sarcoidosis,"systemic immune-recognition, signaling, and effector-response structure","abnormal structural accumulation, degeneration, remodeling, or chronic state within the named structure",remaining_5256,2fc0e754c396e9e6549ff2992238448ff801e34aa86561986480d96acbffcaad,378,119,14,43,148,57,0.09823437441592986,0.2150341238154856,0.11679974939955573,0.11679974939955573,AWAY_FROM_REFERENCE,0.11375661375661375,MINOR,1,231,,,b7a35fbcc1b9864bee5527749296bc5b4cefd7fb929e6c0a6096d07feee9a6ab,0.2746870957735078,0.20121901923598517,0.609375,-29,True,424
SB5679,Wegener's granulomatosis,"systemic immune-recognition, signaling, and effector-response structure","abnormal structural accumulation, degeneration, remodeling, or chronic state within the named structure",remaining_5256,2fc0e754c396e9e6549ff2992238448ff801e34aa86561986480d96acbffcaad,378,119,14,43,148,57,0.09823437441592986,0.2150341238154856,0.11679974939955573,0.11679974939955573,AWAY_FROM_REFERENCE,0.11375661375661375,MINOR,1,231,,,d9cd70e96006b05dbf75d73e445b3f70daf8b014d227740f6ccd17bb09667ce9,0.2746870957735078,0.20121901923598517,0.609375,-29,True,425
SB0372,Aortic valve incompetence,aortic-valve leaflet coaptation and flow-closure structure,failure of valve closure producing abnormal retrograde flow,established_478,95df40eda08e33f0ac4c9a49d328fc587e8b8c0220b2ca8629ac2a7db9bfd9b4,2278,882,137,138,883,275,0.22906647280899362,0.3415315561047959,0.11246508329580229,0.11246508329580229,AWAY_FROM_REFERENCE,0.06057945566286216,MINOR,1,174,,,867891297a138b71f6d2e90a91e1cc21ef846562ed161e482939211af9e2d03b,0.274594694934697,0.18567188406670365,0.6796875,-1,True,426
SB1994,Faecaloma,"intestinal mucosal barrier, smooth-muscle motility, and luminal transport structure","altered configuration or regulated output of the named structure, expressed as the state described by faecaloma",remaining_5256,00e9911ef8eb97f99ce71cef216cd70514359821368423af690f3130d4656745,276,95,12,28,111,40,0.11765458384064542,0.24329697011481088,0.12564238627416546,0.12564238627416546,AWAY_FROM_REFERENCE,0.10144927536231885,MINOR,1,231,,,b8f7028b27e1c0a5c06128c3f0ae165639607fc66e08944d0e986c9602a5f090,0.2744994290251297,0.2009901573477192,0.609375,-16,True,427
SB1854,Epigastric discomfort,"gastric mucosal barrier, secretory state, motility, and emptying structure",abnormal sensory-autonomic signaling indicating departure from the reference local functional state,remaining_5256,e843163ca905f30a48f758926b29f6e329b7bb50771656725a103c88dc68a834,1653,620,110,102,612,212,0.1511169481797101,0.2574895107960341,0.106372562616324,0.106372562616324,AWAY_FROM_REFERENCE,0.06170598911070781,MINOR,1,98,,,dd19df944f570a64581dc3c24bbb9e54ab7d9fdc245b7b03d6f6f9092e4e0823,0.2742406466132412,0.19724469099175757,0.625,8,True,428
SB1855,Epigastric distress,"gastric mucosal barrier, secretory state, motility, and emptying structure",abnormal sensory-autonomic signaling indicating departure from the reference local functional state,remaining_5256,e843163ca905f30a48f758926b29f6e329b7bb50771656725a103c88dc68a834,1653,620,110,102,612,212,0.1511169481797101,0.2574895107960341,0.106372562616324,0.106372562616324,AWAY_FROM_REFERENCE,0.06170598911070781,MINOR,1,98,,,903fcfd5b68490262eb957b3545b0d95f17efe645933d18fe4db3195c87ef662,0.2742406466132412,0.19724469099175757,0.625,8,True,429
SB1736,Ejaculation delayed,"male gonadal, ductal, accessory-gland, and reproductive-output structure","altered configuration or regulated output of the named structure, expressed as the state described by ejaculation delayed",remaining_5256,5cbeb4920ca1eea4f633a9144740806d98f2fb9b6ec5accd3f2df8c19a712eec,190,80,10,18,88,28,0.12781110558265407,0.24543294721562559,0.11762184163297151,0.11762184163297151,AWAY_FROM_REFERENCE,0.09473684210526316,MINOR,1,223,,,bd7e99340b106014b7436781466564562dec75ed3b8d0a703a9967bee7352542,0.27417931938260354,0.19716990168610193,0.625,-8,True,430
SB0795,Bradyarrhythmia,cardiac conduction and myocardial rhythm structure,cardiac activation frequency below the reference rhythm range,remaining_5256,7822023b7c90fc4c184a2a290f88f84947021d8f3648379d1c0a4637fb9ed2f8,21,6,3,1,4,4,0.18900091197077395,0.31449920422328637,0.1254982922525124,0.1254982922525124,AWAY_FROM_REFERENCE,0.047619047619047616,MINOR,1,231,,,0f221f5c1edcbec6eda307f41c248bda426c6886f7d60953d92e32c10f1090d3,0.2741433992409157,0.20227091370843375,0.6015625,2,True,431
SB0796,Bradycardia,cardiac conduction and myocardial rhythm structure,cardiac activation frequency below the reference rhythm range,remaining_5256,7822023b7c90fc4c184a2a290f88f84947021d8f3648379d1c0a4637fb9ed2f8,21,6,3,1,4,4,0.18900091197077395,0.31449920422328637,0.1254982922525124,0.1254982922525124,AWAY_FROM_REFERENCE,0.047619047619047616,MINOR,1,231,,,04b0a86213ff7d953959985ee1330a5ba16f6f75edfb80f57d9dc188ab861546,0.2741433992409157,0.20227091370843375,0.6015625,2,True,432
SB2994,Junctional bradycardia,cardiac conduction and myocardial rhythm structure,cardiac activation frequency below the reference rhythm range,remaining_5256,7822023b7c90fc4c184a2a290f88f84947021d8f3648379d1c0a4637fb9ed2f8,21,6,3,1,4,4,0.18900091197077395,0.31449920422328637,0.1254982922525124,0.1254982922525124,AWAY_FROM_REFERENCE,0.047619047619047616,MINOR,1,231,,,0f6765f1134a7537dc36a985f4e09c0f740eefb730dff1fa364cd3a4b2941b55,0.2741433992409157,0.20227091370843375,0.6015625,2,True,433
SB4561,Reflex bradycardia,cardiac conduction and myocardial rhythm structure,cardiac activation frequency below the reference rhythm range,remaining_5256,7822023b7c90fc4c184a2a290f88f84947021d8f3648379d1c0a4637fb9ed2f8,21,6,3,1,4,4,0.18900091197077395,0.31449920422328637,0.1254982922525124,0.1254982922525124,AWAY_FROM_REFERENCE,0.047619047619047616,MINOR,1,231,,,ba0eff7e48fe82fccfa1e670d050f3f634a22eb698f09305e483372f7a858a4d,0.2741433992409157,0.20227091370843375,0.6015625,2,True,434
SB4858,Sinus bradycardia,cardiac conduction and myocardial rhythm structure,cardiac activation frequency below the reference rhythm range,remaining_5256,7822023b7c90fc4c184a2a290f88f84947021d8f3648379d1c0a4637fb9ed2f8,21,6,3,1,4,4,0.18900091197077395,0.31449920422328637,0.1254982922525124,0.1254982922525124,AWAY_FROM_REFERENCE,0.047619047619047616,MINOR,1,231,,,17fd2c102e3de320a43aa4222f318e1dead6a1a222eb8af12e1c202b792dca08,0.2741433992409157,0.20227091370843375,0.6015625,2,True,435
SB2931,Intestinal stoma complication,"intestinal mucosal barrier, smooth-muscle motility, and luminal transport structure","altered configuration or regulated output of the named structure, expressed as the state described by intestinal stoma complication",remaining_5256,2bda47b55c692f67d5b4dfa3e7d9ca4bc64adcd4cef3aeb7af7e007ec848ab0a,276,87,8,31,110,39,0.12057738736651846,0.2451997546061293,0.12462236723961084,0.12462236723961084,AWAY_FROM_REFERENCE,0.11231884057971014,MINOR,1,231,,,4e5911833a3b4cb1db6d8848758f4755e26e2de38c3c7ed9007394732ff3ad1e,0.2740919064717349,0.19877823959967678,0.6171875,-23,True,436
SB1402,Cyst epidermal,"cutaneous epidermal-dermal barrier, appendage, vascular, and immune structure",abnormal enclosed fluid or semisolid cavity within the named tissue,remaining_5256,b18342b82698f605936f3b0d4d66b9426fc6c76441c642b0d06e794b32ceae7e,300,131,25,22,128,47,0.19355767172724225,0.31479373524411236,0.12123606351687011,0.12123606351687011,AWAY_FROM_REFERENCE,0.07333333333333333,MINOR,1,231,,,28f2942637424880df4f4738d017b612cdc2119d945b8c1525968bef3ad674f0,0.27398772319476716,0.19865118682288685,0.6171875,3,True,437
SB4948,Soft stools,"intestinal mucosal barrier, smooth-muscle motility, and luminal transport structure","altered configuration or regulated output of the named structure, expressed as the state described by soft stools",remaining_5256,28b6240d0e7f5f1a0604ef3728e3b00caef6e692b5f17a14aa11efce2d39a00f,276,96,10,25,111,35,0.12013266329025873,0.24562892594319208,0.12549626265293334,0.12549626265293334,AWAY_FROM_REFERENCE,0.09057971014492754,MINOR,1,231,,,e6ce1ea931bdec55be5cbd433d46f47284b034126069b645b863c7b2d60b885e,0.2738665218362768,0.201933258336923,0.6015625,-15,True,438
SB0069,Accidental exposure to product,non-structural exposure event,chemical burden exceeding or altering the reference exposure-clearance state,established_478,0dec32c8cbefe929fae8d9898817b4b8acf5e36632ea551798d8106e5304282d,36,21,0,1,22,1,0.3237636463241451,0.41197143241662726,0.08820778609248214,0.08820778609248214,AWAY_FROM_REFERENCE,0.027777777777777776,MINOR,1,231,,,8c15a4fd263f5fc9a012ddd2c0e70bae7e952657eaea5e3a7ec4b8ad2ffcdb8b,0.27382057164006685,0.18987264834154494,0.65625,-1,True,439
SB3475,Myasthenia,whole-organism substrate utilization and cellular energy-production structure,"altered configuration or regulated output of the named structure, expressed as the state described by myasthenia",remaining_5256,49065890aaa21397aa123128e444bd5bea7abceb949e116634f5c31333e10a98,78,30,1,12,41,13,0.10653633832251996,0.20470402802995147,0.0981676897074315,0.0981676897074315,AWAY_FROM_REFERENCE,0.15384615384615385,MINOR,1,223,,,bef522489f9853c757f44079f743b76b2f855f810cb03899abc0731627e45352,0.27371837024048595,0.20346752468351947,0.59375,-11,True,440
SB1993,Faecalith,"intestinal mucosal barrier, smooth-muscle motility, and luminal transport structure","altered configuration or regulated output of the named structure, expressed as the state described by faecalith",remaining_5256,7a91740d197e7f0550b27538f153025a2f59e896062302bb110a18cbc64d7a41,276,96,12,28,112,40,0.12030550036683041,0.24599396828142095,0.12568846791459054,0.12568846791459054,AWAY_FROM_REFERENCE,0.10144927536231885,MINOR,1,231,,,10b1f3b0db44211512991ce9df5e8f8f3fec47741587c47abac8963d9d372e90,0.2737182204586228,0.19832252494954006,0.6171875,-16,True,441
SB2192,Gastrointestinal candidiasis,"intestinal mucosal barrier, smooth-muscle motility, and luminal transport structure","altered configuration or regulated output of the named structure, expressed as the state described by gastrointestinal candidiasis",remaining_5256,cf60b8c3ad1e1175ffeb70f321899e0404f794500af4fba30850a452a66b6e6d,276,96,12,28,112,40,0.12146456714711173,0.24744476617667477,0.12598019902956303,0.12598019902956303,AWAY_FROM_REFERENCE,0.10144927536231885,MINOR,1,231,,,ca61627016694270eb5251fb59350fb020980b9700f2ef2ff75c00f571b97a6a,0.2737092292249297,0.20345637710357278,0.59375,-16,True,442
SB4180,Platelet aggregation increased,"platelet production, activation, adhesion, and aggregation structure",measured or functional quantity shifted above its reference structural range,remaining_5256,62b09bb4bb1149fcafe71493ada05f8e210f2b2933583a401d507190df945dd9,15,5,2,4,7,6,0.13984969754819754,0.2542066607643001,0.11435696321610256,0.11435696321610256,AWAY_FROM_REFERENCE,0.26666666666666666,MODERATE,2,230,,,8d00e1762b1642161f66e947c737dd38ced6d1854088b58fe68898b7385c17ac,0.27367971218465953,0.19313074656665796,0.640625,-2,True,443
SB3473,Mutism,dominant-hemisphere language-processing and speech-planning network,"altered configuration or regulated output of the named structure, expressed as the state described by mutism",remaining_5256,a8077661e3016703cecb6158c638c48e5847d7686077f43f609018cb2e141226,231,88,6,24,106,30,0.15740077768265603,0.3018325065351032,0.14443172885244715,0.14443172885244715,AWAY_FROM_REFERENCE,0.1038961038961039,MINOR,1,230,,,62d4b1619a41acf645678c3aa95d7884030f2111f58b51c72c786d870ceb562a,0.27361790231418925,0.20505994184657228,0.5859375,-18,True,444
SB5412,Ureteral spasm,skeletal-muscle fiber excitation-contraction and load-transfer structure,excess or sustained contractile activation causing abnormal narrowing or mechanical state,remaining_5256,ab7134e64e4fc5ee6c972b728b035066b60df2597bf6052c10076dcc9c7fe546,406,114,24,44,134,68,0.1825260890328273,0.30527509952396814,0.12274901049114084,0.12274901049114084,AWAY_FROM_REFERENCE,0.10837438423645321,MINOR,1,231,,,63fe7dd9c1e6b9f9fa96ad0cd6c300eb966abe68e49f1775ae516b4dc67b8f29,0.2734962108669613,0.19805178154507475,0.6171875,-20,True,445
SB1669,Dyslexia,dominant-hemisphere language-processing and speech-planning network,impaired mapping of written symbols to language representations,remaining_5256,0fe9c2ee005b9b64f3853513f73929dede19c3011686bcede380c68bd7149d05,231,129,9,13,133,22,0.23362204630323458,0.38103854588122354,0.14741649957798897,0.14741649957798897,AWAY_FROM_REFERENCE,0.05627705627705628,MINOR,1,230,,,656432a8aaefa09be6445c28938b483a68bae01ed72156266a63137b9242f8af,0.27346248170613663,0.19629570939772767,0.625,-4,True,446
SB1758,Electrocardiogram ST-T change,"cardiac conduction, depolarization, repolarization, and rhythm structure","altered configuration or regulated output of the named structure, expressed as the state described by electrocardiogram st-t change",remaining_5256,ea74db721a0c9f9bdac735795b639800a3409d5f645792ea5247282f473ded9d,703,205,40,103,268,143,0.09738647073842743,0.22413950149924178,0.12675303076081434,0.12675303076081434,AWAY_FROM_REFERENCE,0.1465149359886202,MINOR,1,230,,,cb78d3c51886920ca02c048e934a8437c56c7ecd04e52ca34ff31fb60b2297df,0.27340123757384216,0.1979359604559051,0.6171875,-63,True,447
SB0574,Barrett's oesophagus,"oesophageal mucosal, peristaltic, and sphincter-control structure",replacement of normal distal esophageal squamous epithelium by metaplastic columnar epithelium,remaining_5256,d539cec7a344d9e9f6c6ea1c82e108ad4122d7c97853c01d412ecf120bdd2ceb,28,9,2,0,7,2,0.15733511064354255,0.2810969862793474,0.12376187563580487,0.12376187563580487,AWAY_FROM_REFERENCE,0.0,INFORMATIONAL,0,231,,,263edb5eb00a3fbf8defadcdc9e2eeedaa7cf20d5691aac94d3bdb2b8d5469c4,0.2733217139010943,0.19612404134279793,0.625,2,True,448
SB1541,Diarrhoea,"intestinal mucosal barrier, smooth-muscle motility, and luminal transport structure",excess or abnormal fluid/material outflow from the named structure,remaining_5256,afbc9b77fae9b5781a9984066cd36698c2be4e249f546811f14eb7b96fd0222e,276,75,15,50,110,65,0.13833758098287552,0.26834834085953163,0.1300107598766561,0.1300107598766561,AWAY_FROM_REFERENCE,0.18115942028985507,MINOR,1,231,,,c726a6e88ccd17f9514523f28b44814a222511bce481b0397be8c03297bbe1e7,0.27331354271849956,0.20125889355914584,0.6015625,-35,True,449
SB1542,Diarrhoea haemorrhagic,"intestinal mucosal barrier, smooth-muscle motility, and luminal transport structure",excess or abnormal fluid/material outflow from the named structure,remaining_5256,afbc9b77fae9b5781a9984066cd36698c2be4e249f546811f14eb7b96fd0222e,276,75,15,50,110,65,0.13833758098287552,0.26834834085953163,0.1300107598766561,0.1300107598766561,AWAY_FROM_REFERENCE,0.18115942028985507,MINOR,1,231,,,6b3cd2d4fdeba95e9c967be689f7e221eb020c32adfb333bf9c8ec438e21a202,0.27331354271849956,0.20125889355914584,0.6015625,-35,True,450
SB4264,Post procedural diarrhoea,"intestinal mucosal barrier, smooth-muscle motility, and luminal transport structure",excess or abnormal fluid/material outflow from the named structure,remaining_5256,afbc9b77fae9b5781a9984066cd36698c2be4e249f546811f14eb7b96fd0222e,276,75,15,50,110,65,0.13833758098287552,0.26834834085953163,0.1300107598766561,0.1300107598766561,AWAY_FROM_REFERENCE,0.18115942028985507,MINOR,1,231,,,a293450b60d8654f2ad412b54d8316ae4f10b00d1fa7c670de1c9c2bd453203a,0.27331354271849956,0.20125889355914584,0.6015625,-35,True,451
SB5676,Watery diarrhoea,"intestinal mucosal barrier, smooth-muscle motility, and luminal transport structure",excess or abnormal fluid/material outflow from the named structure,remaining_5256,afbc9b77fae9b5781a9984066cd36698c2be4e249f546811f14eb7b96fd0222e,276,75,15,50,110,65,0.13833758098287552,0.26834834085953163,0.1300107598766561,0.1300107598766561,AWAY_FROM_REFERENCE,0.18115942028985507,MINOR,1,231,,,61647ce402641099953bf43c2399464591027ee62604bf593f99e5ec7783c3d7,0.27331354271849956,0.20125889355914584,0.6015625,-35,True,452
SB0149,Acute pulmonary oedema,"pulmonary airway-alveolar, pleural, and gas-exchange structure","excess fluid accumulation within interstitial, tissue, or cavity compartments",established_478,3b3dbfa9904a906f7f498ab99030ec0e46d2168ec190a025db386baf4b477858,36,19,2,0,17,2,0.21362701924296157,0.3241723686060105,0.11054534936304894,0.11054534936304894,AWAY_FROM_REFERENCE,0.0,INFORMATIONAL,0,231,,,63241deb9bfcd2c9d3884d163045d492f59cb975fb92a866a3c4c3cbc2408e7e,0.27326391036030895,0.20119836629305976,0.6015625,2,True,453
SB3682,Non-cardiogenic pulmonary oedema,"pulmonary airway-alveolar, pleural, and gas-exchange structure","excess fluid accumulation within interstitial, tissue, or cavity compartments",remaining_5256,3b3dbfa9904a906f7f498ab99030ec0e46d2168ec190a025db386baf4b477858,36,19,2,0,17,2,0.21362701924296157,0.3241723686060105,0.11054534936304894,0.11054534936304894,AWAY_FROM_REFERENCE,0.0,INFORMATIONAL,0,231,,,ef67da7727ab3b0ff02018335678754d7fb086dfd9458c32e2d1ed197efb6576,0.27326391036030895,0.20119836629305976,0.6015625,2,True,454
SB4444,Pulmonary oedema,"pulmonary airway-alveolar, pleural, and gas-exchange structure","excess fluid accumulation within interstitial, tissue, or cavity compartments",remaining_5256,3b3dbfa9904a906f7f498ab99030ec0e46d2168ec190a025db386baf4b477858,36,19,2,0,17,2,0.21362701924296157,0.3241723686060105,0.11054534936304894,0.11054534936304894,AWAY_FROM_REFERENCE,0.0,INFORMATIONAL,0,231,,,6eb82b020fb775e7dcfc7dc0b9ce06e3c0208d7717c8e5c56570ddf54c83d40a,0.27326391036030895,0.20119836629305976,0.6015625,2,True,455
SB0823,Breast cyst,"mammary gland ductal-lobular, secretory, and surface structure",abnormal enclosed fluid or semisolid cavity within the named tissue,remaining_5256,30e5a51453313f48149bfd03a4a31711faeab9c8dfc8f8fa05441216f020436c,231,106,8,27,125,35,0.17598398400165172,0.31108484564922567,0.13510086164757396,0.13510086164757396,AWAY_FROM_REFERENCE,0.11688311688311688,MINOR,1,223,,,ed441b5f819d3b48050761d60730d61e4d9d6558b616df5b87cb5e7df0573184,0.2732181013305833,0.20457237967144304,0.5859375,-19,True,456
SB3273,Mean platelet volume decreased,"platelet production, activation, adhesion, and aggregation structure",measured or functional quantity shifted below its reference structural range,remaining_5256,a6f2e4cc21a368c647216a233eb217e887c0575339e1312b7dcef9baea3da2be,15,5,1,3,7,4,0.1389052085801772,0.2570906257896505,0.11818541720947329,0.11818541720947329,AWAY_FROM_REFERENCE,0.2,MINOR,1,230,,,88f6dd24fc93a4a98e093d843d8ef1c78b40ac3171da12754f29b935adf1a553,0.2731684843458534,0.19079235895835778,0.6484375,-2,True,457
SB4183,Platelet count decreased,"platelet production, activation, adhesion, and aggregation structure",measured or functional quantity shifted below its reference structural range,remaining_5256,a6f2e4cc21a368c647216a233eb217e887c0575339e1312b7dcef9baea3da2be,15,5,1,3,7,4,0.1389052085801772,0.2570906257896505,0.11818541720947329,0.11818541720947329,AWAY_FROM_REFERENCE,0.2,MINOR,1,230,,,cb2e0f04eefc2968dc554f045fd70a4fec7590fdfe826ff9b25d0316c13dba9c,0.2731684843458534,0.19079235895835778,0.6484375,-2,True,458
SB4187,Platelet production decreased,"platelet production, activation, adhesion, and aggregation structure",measured or functional quantity shifted below its reference structural range,remaining_5256,a6f2e4cc21a368c647216a233eb217e887c0575339e1312b7dcef9baea3da2be,15,5,1,3,7,4,0.1389052085801772,0.2570906257896505,0.11818541720947329,0.11818541720947329,AWAY_FROM_REFERENCE,0.2,MINOR,1,230,,,dfcaad130aa8062943da8d021ba8e9cd67b4fc1112dc968fff8ff732d0e47d5a,0.2731684843458534,0.19079235895835778,0.6484375,-2,True,459
SB4188,Plateletcrit decreased,"platelet production, activation, adhesion, and aggregation structure",measured or functional quantity shifted below its reference structural range,remaining_5256,a6f2e4cc21a368c647216a233eb217e887c0575339e1312b7dcef9baea3da2be,15,5,1,3,7,4,0.1389052085801772,0.2570906257896505,0.11818541720947329,0.11818541720947329,AWAY_FROM_REFERENCE,0.2,MINOR,1,230,,,2bf317a6c55c86f767b8aabc8f2de85636679a63e67bb6a8e807e2d28bfed80e,0.2731684843458534,0.19079235895835778,0.6484375,-2,True,460
SB4033,Penile discharge,"male gonadal, ductal, accessory-gland, and reproductive-output structure",abnormal increase or ectopic release of secreted material,remaining_5256,3910a356862051e0ef830d21c60f8baca748048539f298adf4900bf6ba2593b9,190,97,15,9,91,24,0.13950092782171142,0.2511317813232705,0.1116308535015591,0.1116308535015591,AWAY_FROM_REFERENCE,0.04736842105263158,MINOR,1,223,,,ff6552060a35bcdbce2558a7b6dfafd35273adbd83eb3c9a976965ccd7f9f986,0.27310316479895747,0.20443221316946036,0.5859375,6,True,461
SB4974,Spermatocele,"male gonadal, ductal, accessory-gland, and reproductive-output structure","altered configuration or regulated output of the named structure, expressed as the state described by spermatocele",remaining_5256,9d7fba377d04c67f5345e504f4e01e2ff31e11eaa50679dfdc456ca72e0ac7e6,190,82,15,18,85,33,0.1344256619471761,0.25616659517196927,0.12174093322479318,0.12174093322479318,AWAY_FROM_REFERENCE,0.09473684210526316,MINOR,1,223,,,46f28f418238888e01e024e4a0602f66a703231f8bb74bb9be5f308e996a31c0,0.2730772837977732,0.19925583389972346,0.609375,-3,True,462
SB3709,Obstipation,"intestinal mucosal barrier, smooth-muscle motility, and luminal transport structure","altered configuration or regulated output of the named structure, expressed as the state described by obstipation",remaining_5256,f9083896f549f31031ed1611e48287083cdd0d6a2c0d0bb5316dded2b99dbeb8,276,88,10,30,108,40,0.11290583500251172,0.23676374271993605,0.12385790771742433,0.12385790771742433,AWAY_FROM_REFERENCE,0.10869565217391304,MINOR,1,231,,,f4e063e47265f575f5f72c4c8ad556cb5f0b08a251a7d2270871cbe69f75a837,0.2730771607715483,0.1975407448433516,0.6171875,-20,True,463
SB0690,Blood creatinine increased,renal glomerular-tubular filtration and fluid-balance structure,measured or functional quantity shifted above its reference structural range,remaining_5256,c6d886192100e101bccce0748b515da707d43c53ee08b367cfe8f588cca27019,91,28,2,6,32,8,0.16635711044501267,0.2880846540882981,0.12172754364328542,0.12172754364328542,AWAY_FROM_REFERENCE,0.06593406593406594,MINOR,1,231,,,b541b0f5efe94cfa2e66e7baaf03be34f20ece7d52fb1274c6c6fb6431a507a6,0.2730411502130803,0.2009267075769272,0.6015625,-4,True,464
SB0756,Blood urea increased,renal glomerular-tubular filtration and fluid-balance structure,measured or functional quantity shifted above its reference structural range,remaining_5256,c6d886192100e101bccce0748b515da707d43c53ee08b367cfe8f588cca27019,91,28,2,6,32,8,0.16635711044501267,0.2880846540882981,0.12172754364328542,0.12172754364328542,AWAY_FROM_REFERENCE,0.06593406593406594,MINOR,1,231,,,f3b4f04e6ed0eb815e68b7703321e6acaecae803185a7987bafddf5c5fcb0872,0.2730411502130803,0.2009267075769272,0.6015625,-4,True,465
SB1366,Creatinine increased,renal glomerular-tubular filtration and fluid-balance structure,measured or functional quantity shifted above its reference structural range,remaining_5256,c6d886192100e101bccce0748b515da707d43c53ee08b367cfe8f588cca27019,91,28,2,6,32,8,0.16635711044501267,0.2880846540882981,0.12172754364328542,0.12172754364328542,AWAY_FROM_REFERENCE,0.06593406593406594,MINOR,1,231,,,c6d5f5806d31708bb4ed190a02d6a2b0f5278541b172f3a8a79a09085f31ebde,0.2730411502130803,0.2009267075769272,0.6015625,-4,True,466
SB4174,Plasma creatinine increased,renal glomerular-tubular filtration and fluid-balance structure,measured or functional quantity shifted above its reference structural range,remaining_5256,c6d886192100e101bccce0748b515da707d43c53ee08b367cfe8f588cca27019,91,28,2,6,32,8,0.16635711044501267,0.2880846540882981,0.12172754364328542,0.12172754364328542,AWAY_FROM_REFERENCE,0.06593406593406594,MINOR,1,231,,,6bc9dc6833a62b749d9cb8d0a4bb325a0e89fa93ff09b1fb9721a817c5e17d76,0.2730411502130803,0.2009267075769272,0.6015625,-4,True,467
SB4810,Serum creatinine increased,renal glomerular-tubular filtration and fluid-balance structure,measured or functional quantity shifted above its reference structural range,remaining_5256,c6d886192100e101bccce0748b515da707d43c53ee08b367cfe8f588cca27019,91,28,2,6,32,8,0.16635711044501267,0.2880846540882981,0.12172754364328542,0.12172754364328542,AWAY_FROM_REFERENCE,0.06593406593406594,MINOR,1,231,,,d23c34f24745dff4daeba3f6ed79c7840d7f1f70792ccd543c8a71c7487a3945,0.2730411502130803,0.2009267075769272,0.6015625,-4,True,468
SB4828,Serum urea increased,renal glomerular-tubular filtration and fluid-balance structure,measured or functional quantity shifted above its reference structural range,remaining_5256,c6d886192100e101bccce0748b515da707d43c53ee08b367cfe8f588cca27019,91,28,2,6,32,8,0.16635711044501267,0.2880846540882981,0.12172754364328542,0.12172754364328542,AWAY_FROM_REFERENCE,0.06593406593406594,MINOR,1,231,,,a0904662fb94e7a668102b7467153c37e5e0f3f264aaad46104544e7f16af183,0.2730411502130803,0.2009267075769272,0.6015625,-4,True,469
SB5410,Urea increased,renal glomerular-tubular filtration and fluid-balance structure,measured or functional quantity shifted above its reference structural range,remaining_5256,c6d886192100e101bccce0748b515da707d43c53ee08b367cfe8f588cca27019,91,28,2,6,32,8,0.16635711044501267,0.2880846540882981,0.12172754364328542,0.12172754364328542,AWAY_FROM_REFERENCE,0.06593406593406594,MINOR,1,231,,,d8dc07f861d6a08100b939f40b77028ee2bea68c7e85c0307a4b761338e89458,0.2730411502130803,0.2009267075769272,0.6015625,-4,True,470
SB0829,Breast enlargement,"mammary gland ductal-lobular, secretory, and surface structure",increase in tissue mass or cellular content beyond the reference configuration,remaining_5256,a46e252e12f1a03ba6be5c8ee7da6488586596441dab08587cfa166da282f85d,231,119,13,39,145,52,0.19246081229925371,0.3331573542626235,0.14069654196336978,0.14069654196336978,AWAY_FROM_REFERENCE,0.16883116883116883,MINOR,1,223,,,6309d1423af3218ee8ce1cf964674e8e514303b1db7fa9c771efbb986414fd73,0.27301695243441326,0.20775695418830886,0.5703125,-26,True,471
SB0830,Breast enlargement female,"mammary gland ductal-lobular, secretory, and surface structure",increase in tissue mass or cellular content beyond the reference configuration,remaining_5256,a46e252e12f1a03ba6be5c8ee7da6488586596441dab08587cfa166da282f85d,231,119,13,39,145,52,0.19246081229925371,0.3331573542626235,0.14069654196336978,0.14069654196336978,AWAY_FROM_REFERENCE,0.16883116883116883,MINOR,1,223,,,336aa31bbca608c41d0d78da95179a19217414475a8e166293ceedab8bcf8a4f,0.27301695243441326,0.20775695418830886,0.5703125,-26,True,472
SB2639,Hypertrophy of breast,"mammary gland ductal-lobular, secretory, and surface structure",increase in tissue mass or cellular content beyond the reference configuration,remaining_5256,a46e252e12f1a03ba6be5c8ee7da6488586596441dab08587cfa166da282f85d,231,119,13,39,145,52,0.19246081229925371,0.3331573542626235,0.14069654196336978,0.14069654196336978,AWAY_FROM_REFERENCE,0.16883116883116883,MINOR,1,223,,,9fb8a53dc9c96d565377c43456bbabf138c55dd56d52e55f5f6c3c60ce4eb2a8,0.27301695243441326,0.20775695418830886,0.5703125,-26,True,473
SB2727,Idiopathic thrombocytopenic purpura,"platelet production, activation, adhesion, and aggregation structure","altered configuration or regulated output of the named structure, expressed as the state described by idiopathic thrombocytopenic purpura",remaining_5256,aa99a3a70940e67c61df672d3a69ad65e1b02c213beffd452a0f00eb95a790fe,15,6,3,2,5,5,0.13486653498168566,0.2559400345097922,0.12107349952810653,0.12107349952810653,AWAY_FROM_REFERENCE,0.13333333333333333,MINOR,1,230,,,100ebc060cd6e4e64eeb5d117b5c27dfc087f06c5c349cde6c54b62558425005,0.2730166408884278,0.2008968181566193,0.6015625,1,True,474
SB2202,Gastrointestinal hypomotility,"intestinal mucosal barrier, smooth-muscle motility, and luminal transport structure","deficient magnitude, activity, quantity, or tissue state below the reference configuration",remaining_5256,6990b151f490602e33db2fd917b73932f170ed6a6e931263056337ccec9bff27,276,83,18,43,108,61,0.12735417338932553,0.2658056402811031,0.13845146689177756,0.13845146689177756,AWAY_FROM_REFERENCE,0.15579710144927536,MINOR,1,231,,,3ff0d84ecf9e6282e49fb590ffba22f8c6ada72f7e580787830e2ab1e83eaac4,0.27301211968695094,0.19917636547189144,0.609375,-25,True,475
SB2922,Intestinal hypomotility,"intestinal mucosal barrier, smooth-muscle motility, and luminal transport structure","deficient magnitude, activity, quantity, or tissue state below the reference configuration",remaining_5256,6990b151f490602e33db2fd917b73932f170ed6a6e931263056337ccec9bff27,276,83,18,43,108,61,0.12735417338932553,0.2658056402811031,0.13845146689177756,0.13845146689177756,AWAY_FROM_REFERENCE,0.15579710144927536,MINOR,1,231,,,14bf43b9efcee9d82023457d0df1287c114f52bb7ca91f467634d0f9305b9395,0.27301211968695094,0.19917636547189144,0.609375,-25,True,476
SB0839,Breast oedema,"mammary gland ductal-lobular, secretory, and surface structure","excess fluid accumulation within interstitial, tissue, or cavity compartments",remaining_5256,1febe24e55c59a4e42783d344704ca5db080168ed239b0c3056465a086c1b2ec,231,101,9,48,140,57,0.16182355192447184,0.30492010561879035,0.1430965536943185,0.1430965536943185,AWAY_FROM_REFERENCE,0.2077922077922078,MINOR,1,223,,,c3639faa6af32263f79442001eca826d8a94c25cd2d0a9be252e5c9190c10575,0.27291034828738037,0.20934188815534194,0.5625,-39,True,477
SB0843,Breast swelling,"mammary gland ductal-lobular, secretory, and surface structure","excess fluid accumulation within interstitial, tissue, or cavity compartments",remaining_5256,1febe24e55c59a4e42783d344704ca5db080168ed239b0c3056465a086c1b2ec,231,101,9,48,140,57,0.16182355192447184,0.30492010561879035,0.1430965536943185,0.1430965536943185,AWAY_FROM_REFERENCE,0.2077922077922078,MINOR,1,223,,,2dfa87d09a91f4a1a75b0a23634092f107074123a604316d40b0235d86a38c71,0.27291034828738037,0.20934188815534194,0.5625,-39,True,478
SB1891,Erythrodermic psoriasis,"erythrocyte production, integrity, and oxygen-transport structure","altered configuration or regulated output of the named structure, expressed as the state described by erythrodermic psoriasis",remaining_5256,f19bd09273231cf4f0a434ad3084a26c5b4df797625b90d0dc7b96e03996b105,15,11,0,1,12,1,0.13912575718201792,0.27320388185084643,0.1340781246688285,0.1340781246688285,AWAY_FROM_REFERENCE,0.06666666666666667,MINOR,1,174,,,894787fdba822d21d401bd327323c056160c2bc4fa82a12c6023087480fe6712,0.2728770865392389,0.20244156895029142,0.59375,-1,True,479
SB0430,Application site warmth,local cutaneous inflammatory and microvascular structure,"altered configuration or regulated output of the named structure, expressed as the state described by application site warmth",established_478,92e74267c64d81e86da7d420fc40d458edf1407d2f8be00ffb925016cb402ae4,171,92,10,10,92,20,0.1968347379665355,0.2995848533707808,0.10275011540424528,0.10275011540424528,AWAY_FROM_REFERENCE,0.05847953216374269,MINOR,1,231,,,0d0a567ae89592e0aec7c0e6483a102239989035b645bcc3e26f7fb53e0ea6ca,0.27287516407794066,0.20072428546090326,0.6015625,0,True,480
SB4389,Proximal renal tubular acidosis,renal glomerular-tubular filtration and fluid-balance structure,hydrogen-ion activity above the reference range with reduced extracellular-fluid pH,remaining_5256,d5753ee7710d4a1dd33ca528fa813d005bb9969eda8ae3aa91fabf604109380d,91,30,7,6,29,13,0.1446026999595127,0.25243098203519465,0.10782828207568196,0.10782828207568196,AWAY_FROM_REFERENCE,0.06593406593406594,MINOR,1,231,,,eac377ec16ae589240d72e926775d648e0ba91982356a41c20e53afa1b6fa609,0.272868978923589,0.18871216941901103,0.65625,1,True,481
SB4602,Renal tubular acidosis,renal glomerular-tubular filtration and fluid-balance structure,hydrogen-ion activity above the reference range with reduced extracellular-fluid pH,remaining_5256,d5753ee7710d4a1dd33ca528fa813d005bb9969eda8ae3aa91fabf604109380d,91,30,7,6,29,13,0.1446026999595127,0.25243098203519465,0.10782828207568196,0.10782828207568196,AWAY_FROM_REFERENCE,0.06593406593406594,MINOR,1,231,,,9e410796acacb531a574133f41eefc7bc04dc2f3d05fe9370ea7db3275ab95a5,0.272868978923589,0.18871216941901103,0.65625,1,True,482
SB3359,Microcytic,"erythrocyte production, integrity, and oxygen-transport structure","altered configuration or regulated output of the named structure, expressed as the state described by microcytic",remaining_5256,f14b3b4d98bdfb8131a3832455551e023e56024c93299b2aac39b1e969886ce0,15,11,0,1,12,1,0.13517209449827639,0.2701989448923594,0.13502685039408302,0.13502685039408302,AWAY_FROM_REFERENCE,0.06666666666666667,MINOR,1,174,,,530f5f4e344b87bb637ca1c75223f2859b72b78dc5d1171f6967631bb8969c1b,0.272855654102596,0.19727061475926344,0.6171875,-1,True,483
SB0330,Anosognosia,frontoparietal self-monitoring and body-awareness network structure,"altered configuration or regulated output of the named structure, expressed as the state described by anosognosia",established_478,dc54d7c792c35d9389c02810355ffde2c2e15c92fb8b0a7f8a306902e82f861a,861,268,37,101,332,138,0.09421097935507228,0.20757083831112055,0.11335985895604828,0.11335985895604828,AWAY_FROM_REFERENCE,0.1173054587688734,MINOR,1,230,,,00218c213d11a9fc977617d1e003871f94bbcf117f2fdfb0e06c3f7d9f57f64a,0.2728517970958303,0.19898085011686628,0.609375,-64,True,484
SB5114,Sweating increased,eccrine-apocrine sweat-gland secretory structure,measured or functional quantity shifted above its reference structural range,remaining_5256,f02eb7ede347b70387653f782025678c7030a88a6afdbd0da054d8f7468d388b,105,56,10,3,49,13,0.23604542370338388,0.34825613878471773,0.11221071508133384,0.11221071508133384,AWAY_FROM_REFERENCE,0.02857142857142857,MINOR,1,174,,,9bf99d7fbf127e9b7e6c5ff81b17c2821339385c19d870e3aa124be072c8e40c,0.2728090406575449,0.20407352519212796,0.5859375,7,True,485
SB5003,Spontaneous bruising,vascular wall and hemostatic integrity structure,"altered configuration or regulated output of the named structure, expressed as the state described by spontaneous bruising",remaining_5256,2cfbe83341db1fb3d9f196bf326c131ab7170e44ae11f2d4d556245a486fd720,325,190,9,29,210,38,0.18506297357886703,0.2921233232655944,0.1070603496867274,0.1070603496867274,AWAY_FROM_REFERENCE,0.08923076923076922,MINOR,1,210,,,91fbe827cb1bcb7ba06dd74f7c93c40f277c99aa74d1e87878e12a1b8a675e4a,0.27276496859068766,0.19544508364718005,0.625,-20,True,486
SB0074,Acetonaemia,hepatic ketone-production and systemic ketone-clearance structure,circulating ketone-body concentration above the reference metabolic state,established_478,44101447f8a3d0ff131cded736a0e6e007d9f1d211788e6ee8f4a0edc570b47d,15,4,1,0,3,1,0.14221478871706816,0.26643615977644963,0.12422137105938147,0.12422137105938147,AWAY_FROM_REFERENCE,0.0,INFORMATIONAL,0,230,,,a1c5ed0101736eb1d3baf02fe49178f5b890a778da244eb6cd973146ca664d23,0.27266322053972564,0.20046581773137273,0.6015625,1,True,487
SB2360,Haematospermia,"male gonadal, ductal, accessory-gland, and reproductive-output structure","altered configuration or regulated output of the named structure, expressed as the state described by haematospermia",remaining_5256,ad5b75d4b0af7711e9ab7ed00edf27683856560f6c7628305d13ba5ffb71f10c,190,80,11,20,89,31,0.1312164335907562,0.2542248459144092,0.123008412323653,0.123008412323653,AWAY_FROM_REFERENCE,0.10526315789473684,MINOR,1,223,,,714700a0ff1d998aaedb82cdd064059ff46e57739db9ef8ca87c43a83249f1d6,0.2726252029852533,0.20384933290884544,0.5859375,-9,True,488
SB0224,Alertness decreased,ascending arousal and cortical-consciousness structure,measured or functional quantity shifted below its reference structural range,established_478,b3c11dd6c016eba6494fac27e358c7270d6bbc3b85e1d15ee459bbf5173b9d81,703,265,38,32,259,70,0.18374808688857236,0.2925246442153586,0.10877655732678626,0.10877655732678626,AWAY_FROM_REFERENCE,0.04551920341394026,MINOR,1,223,,,e1aeacf39255db96fb8c79cf4cf3e0d53ffee35edd31efe7e9e0cdd391aae526,0.2725237172882348,0.20715544791248153,0.5703125,6,True,489
SB1856,Epigastric fullness,"gastric mucosal barrier, secretory state, motility, and emptying structure","altered configuration or regulated output of the named structure, expressed as the state described by epigastric fullness",remaining_5256,9e3d088d0237ea0a05e7706747990b400d1b743c6e6f5dcddcc3c5402f1e0977,1653,616,94,82,604,176,0.15085060322344845,0.26963936015068113,0.11878875692723267,0.11878875692723267,AWAY_FROM_REFERENCE,0.049606775559588624,MINOR,1,98,,,028b278a10560e47beedd99bc3a4cc9b2397e81e1de05106f2376fca8549b4c2,0.2725008749273533,0.20198277430165035,0.59375,12,True,490
SB1767,Electrocardiogram change,"cardiac conduction, depolarization, repolarization, and rhythm structure","altered configuration or regulated output of the named structure, expressed as the state described by electrocardiogram change",remaining_5256,6dd7c5437694bce38cd7c966c71df56ff8ea8bfa6028027e8bd061137858b564,703,194,39,110,265,149,0.09659860060525205,0.22607002499227713,0.12947142438702508,0.12947142438702508,AWAY_FROM_REFERENCE,0.15647226173541964,MINOR,1,230,,,7f0830a2b615309971024530780aa633ac99a059084d0652caae32abe472ec01,0.2724950372998435,0.1968308381705408,0.6171875,-71,True,491
SB0769,Body mass index decreased,"adipose-tissue storage, body-composition, and energy-balance structure",measured or functional quantity shifted below its reference structural range,remaining_5256,6a69a4aafd8e979935a52a55aff4506ce26c3e3a5c6acc5d6f47fada0f0ea60b,45,22,8,1,15,9,0.16251700044227713,0.28139015860907746,0.11887315816680033,0.11887315816680033,AWAY_FROM_REFERENCE,0.022222222222222223,MINOR,1,174,,,57218038da620afde0eff012ebdef78beb50249d94a746ade104e5d5d38b1545,0.272473368397985,0.19680441268046955,0.6171875,7,True,492
SB4932,Slow speech,dominant-hemisphere language-processing and speech-planning network,"altered configuration or regulated output of the named structure, expressed as the state described by slow speech",remaining_5256,aad4c751ff0d93b0b27412098dc86f17ed0f5d5669a858b6ab5c1462bac2f3c5,231,88,7,24,105,31,0.15348978879374264,0.3000932083616772,0.14660341956793455,0.14660341956793455,AWAY_FROM_REFERENCE,0.1038961038961039,MINOR,1,230,,,0b2608a64ccf5bb82901a9aea9c6d8b767ac95660afa95a2e77d32c73da0adbe,0.2723994240666784,0.20528893178863217,0.578125,-17,True,493
SB4037,Penile oedema,"male gonadal, ductal, accessory-gland, and reproductive-output structure","excess fluid accumulation within interstitial, tissue, or cavity compartments",remaining_5256,5da43c6a48d3e759c1f6202acf843bfa86121e523367c584b057a50e8e87da25,190,99,15,11,95,26,0.15720542700217666,0.27366809740413256,0.1164626704019559,0.1164626704019559,AWAY_FROM_REFERENCE,0.05789473684210526,MINOR,1,223,,,4f88a22229e08a64e05e49fb9ea3fedcef725a8b3699b3ebcc2aae98b4711e2e,0.2722189018222724,0.19820902661252726,0.609375,4,True,494
SB4039,Penile swelling,"male gonadal, ductal, accessory-gland, and reproductive-output structure","excess fluid accumulation within interstitial, tissue, or cavity compartments",remaining_5256,5da43c6a48d3e759c1f6202acf843bfa86121e523367c584b057a50e8e87da25,190,99,15,11,95,26,0.15720542700217666,0.27366809740413256,0.1164626704019559,0.1164626704019559,AWAY_FROM_REFERENCE,0.05789473684210526,MINOR,1,223,,,3c93a0ac9cdb7aaf2bec535c9dad9fa3d0021ab24be970bf6f2a574e316104c8,0.2722189018222724,0.19820902661252726,0.609375,4,True,495
SB4755,Scrotal oedema,"male gonadal, ductal, accessory-gland, and reproductive-output structure","excess fluid accumulation within interstitial, tissue, or cavity compartments",remaining_5256,5da43c6a48d3e759c1f6202acf843bfa86121e523367c584b057a50e8e87da25,190,99,15,11,95,26,0.15720542700217666,0.27366809740413256,0.1164626704019559,0.1164626704019559,AWAY_FROM_REFERENCE,0.05789473684210526,MINOR,1,223,,,3cb74a8528d7bcea2296c2822e3955082a65105c032127a9f429740545290250,0.2722189018222724,0.19820902661252726,0.609375,4,True,496
SB4757,Scrotal swelling,"male gonadal, ductal, accessory-gland, and reproductive-output structure","excess fluid accumulation within interstitial, tissue, or cavity compartments",remaining_5256,5da43c6a48d3e759c1f6202acf843bfa86121e523367c584b057a50e8e87da25,190,99,15,11,95,26,0.15720542700217666,0.27366809740413256,0.1164626704019559,0.1164626704019559,AWAY_FROM_REFERENCE,0.05789473684210526,MINOR,1,223,,,73057f476191bb134a47024cb8d70ef1e58f2b6d48452a070b92011bcacc9cee,0.2722189018222724,0.19820902661252726,0.609375,4,True,497
SB5190,Testicular swelling,"male gonadal, ductal, accessory-gland, and reproductive-output structure","excess fluid accumulation within interstitial, tissue, or cavity compartments",remaining_5256,5da43c6a48d3e759c1f6202acf843bfa86121e523367c584b057a50e8e87da25,190,99,15,11,95,26,0.15720542700217666,0.27366809740413256,0.1164626704019559,0.1164626704019559,AWAY_FROM_REFERENCE,0.05789473684210526,MINOR,1,223,,,6222ca866761ddba02b227e37fadce4b70b5c91b16826c5fd78c92a921173ea6,0.2722189018222724,0.19820902661252726,0.609375,4,True,498
SB2930,Intestinal stenosis,"intestinal mucosal barrier, smooth-muscle motility, and luminal transport structure",pathologic lumen narrowing with increased resistance to transit or flow,remaining_5256,253f5c20d406bcd712b72739b85711ea75d288ae5402deafab26a8150dbc6794,276,88,18,39,109,57,0.13826096928905274,0.26773312910831915,0.1294721598192664,0.1294721598192664,AWAY_FROM_REFERENCE,0.14130434782608695,MINOR,1,231,,,de19bff867b421bdf47ac995468ab0a429b0d0bdffd6270af4cc641bcae6807c,0.2722048916709211,0.19647700203770868,0.6171875,-21,True,499
SB0045,Abnormal labour,uterine smooth-muscle contractile structure,departure from the reference structural configuration or regulated functional range,established_478,6dcfa24f02e41bd0efbaf11e14a3c0335b5eb01886eb28d6ca3897fc4a66e5bf,406,120,28,42,134,70,0.17533246880578401,0.3135310058350763,0.1381985370292923,0.1381985370292923,AWAY_FROM_REFERENCE,0.10344827586206896,MINOR,1,223,,,9d9c92e5022915f4e5d0cf6a9f2ce13799d8a48966ce9862443055c28be901ae,0.27219219496462915,0.18960176215198676,0.6484375,-14,True,500
SB1761,Electrocardiogram T wave amplitude decreased,"cardiac conduction, depolarization, repolarization, and rhythm structure",measured or functional quantity shifted below its reference structural range,remaining_5256,41a30e639d3fbb4a8dd986788e654c1b88264b6ec8fa0f05c3fd8d902e2db0f3,703,249,37,73,285,110,0.1289381643034937,0.24777581970586637,0.11883765540237268,0.11883765540237268,AWAY_FROM_REFERENCE,0.10384068278805121,MINOR,1,230,,,9660ba4eadae902740dfb286e3d95163530c419156af27a4acb40dd0c121a394,0.2721919370341839,0.19989108174900472,0.6015625,-36,True,501
SB4580,Renal artery thrombosis,renal glomerular-tubular filtration and fluid-balance structure,intraluminal clot formation causing partial or complete flow obstruction,remaining_5256,3aea0f6b6c89565d4c00f8de97afd52a401b7c92b7ff8dc1d907f9244dff99cb,91,32,4,8,36,12,0.15021681545479793,0.26463948198392595,0.11442266652912803,0.11442266652912803,AWAY_FROM_REFERENCE,0.08791208791208792,MINOR,1,231,,,d2f852e75a89e3a5e3d57b1e52e68600ec74dde67cef2e95da8bc002485b5584,0.2721519096531728,0.20155720689411316,0.59375,-4,True,502
SB4606,Renal vein thrombosis,renal glomerular-tubular filtration and fluid-balance structure,intraluminal clot formation causing partial or complete flow obstruction,remaining_5256,3aea0f6b6c89565d4c00f8de97afd52a401b7c92b7ff8dc1d907f9244dff99cb,91,32,4,8,36,12,0.15021681545479793,0.26463948198392595,0.11442266652912803,0.11442266652912803,AWAY_FROM_REFERENCE,0.08791208791208792,MINOR,1,231,,,c41f123e0006a95d3b7d732e7da89cfdadbf8e305d4f23bf9e518be414f594f5,0.2721519096531728,0.20155720689411316,0.59375,-4,True,503
SB3749,Oesophageal obstruction,"oesophageal mucosal, peristaltic, and sphincter-control structure",partial or complete luminal/pathway blockage with impaired transit or flow,remaining_5256,a878dd5a9cd867d46a453a2f8c87bd66e3b0b1a3dc729bbc0794299b79b0c09f,28,7,2,0,5,2,0.13824747457190323,0.2703936826077036,0.13214620803580035,0.13214620803580035,AWAY_FROM_REFERENCE,0.0,INFORMATIONAL,0,231,,,5654133d7d4dc0bcc12474f127b8e47d458f09426c8d8134e2202ea9291bd993,0.27214949720672144,0.1964094478130749,0.6171875,2,True,504
SB1408,Cytogenetic abnormality,"genomic sequence, chromosomal organization, and developmental-expression structure",measured state within the declared reference range rather than a malformation,remaining_5256,61da5c18a2f15f14b777bbfb8a798719d1469285bcc6f6b674724641b5a86e0d,15,8,2,2,8,4,0.16782062643697504,0.3139038474131497,0.14608322097617465,0.14608322097617465,AWAY_FROM_REFERENCE,0.13333333333333333,MINOR,1,222,,,f247d41177866bd8661d9eac9e794550a747d195b69e39cf823f4ebadefb1ee6,0.27202811977754426,0.20140624363115156,0.59375,0,True,505
SB0153,Acute retention of urine,bladder detrusor-urethral emptying structure,failure of normal clearance or emptying causing material accumulation,established_478,82d5df72868e5ebaa47d0f978f54cd2f3fa29d73750e2ccdf6d5694724c94831,741,317,50,109,376,159,0.19743898884681155,0.29376172658725586,0.09632273774044431,0.09632273774044431,AWAY_FROM_REFERENCE,0.14709851551956815,MINOR,1,223,,,36089623083906d3f5bafb5ffe39fc1c6247d7b370573d075d1f28d3f7720bb7,0.27198467375707286,0.1927785655574059,0.6328125,-59,True,506
SB2214,Gastrointestinal stoma complication,"intestinal mucosal barrier, smooth-muscle motility, and luminal transport structure","altered configuration or regulated output of the named structure, expressed as the state described by gastrointestinal stoma complication",remaining_5256,2efe01937c6637443d3fcfaa8ee2e0aa2e640d8bc81d661392ebbdd947048362,276,86,8,31,109,39,0.11989244054570014,0.24260452792248755,0.1227120873767874,0.1227120873767874,AWAY_FROM_REFERENCE,0.11231884057971014,MINOR,1,231,,,25d8f68e8e65ba5f869df377589155592769e46242fcf40d7a2dae57986faf57,0.27195422739999453,0.1978862529268226,0.609375,-23,True,507
SB0283,Anal skin tags,anorectal mucosal and sphincter structural structure,"altered configuration or regulated output of the named structure, expressed as the state described by anal skin tags",established_478,60db4ab62780e25289f5a15e776d1f1e106672703d0f009b55a37eeaa59fbdd6,325,139,13,49,175,62,0.14420505391379157,0.2576042277282685,0.11339917381447695,0.11339917381447695,AWAY_FROM_REFERENCE,0.15076923076923077,MINOR,1,171,,,38c1217a0796d1d64d588a44b55e1cde1721d281439b54e0301db9f07c290c43,0.27191458810536095,0.19440803427483044,0.625,-36,True,508
SB2781,Increased tendency to bruise,vascular wall and hemostatic integrity structure,measured or functional quantity shifted above its reference structural range,remaining_5256,f9a722d84c8c6eb146f5a9d6771bf5453521838e8cc3dc7fc95bd3743d161a15,325,215,7,25,233,32,0.24505675542580152,0.3553316488085656,0.11027489338276408,0.11027489338276408,AWAY_FROM_REFERENCE,0.07692307692307693,MINOR,1,210,,,afc5ef04bbb9107c8c1f096fc8b3c4b0a18818a30f74c9ad83166e8ec062007e,0.27188363823229206,0.20294498564913666,0.5859375,-18,True,509
SB0279,Anal fistula,anorectal mucosal and perianal tissue integrity/inflammatory structure,structural continuity failure producing an abnormal opening or separation,established_478,959d1d93f01e261749ca00d8f6f213dfeff88d1420e3deaa4f2e24b55c9b7c13,28,9,4,4,9,8,0.13567218188387165,0.2405796463507397,0.10490746446686805,0.10490746446686805,AWAY_FROM_REFERENCE,0.14285714285714285,MINOR,1,231,,,14d0ffe8e7f7bfb2174e1424429b1e54ca934a7556e83472aec6a2c602901c86,0.2718179014644368,0.19429012373711807,0.625,0,True,510
SB4609,Repetitive speech,dominant-hemisphere language-processing and speech-planning network,"altered configuration or regulated output of the named structure, expressed as the state described by repetitive speech",remaining_5256,06b2e513a2fb743d3515d025b4ec975e28b37364670086cc933ec819c5b77496,231,88,7,24,105,31,0.1505214271372033,0.29450220597534893,0.14398077883814564,0.14398077883814564,AWAY_FROM_REFERENCE,0.1038961038961039,MINOR,1,230,,,d22d4e80f2d236628d7697dde01adf30fe0cbeaf1fa4a857a857ff868472529d,0.27178942708617954,0.20283009400753604,0.5859375,-17,True,511
SB3067,Lassitude,whole-organism substrate utilization and cellular energy-production structure,"altered configuration or regulated output of the named structure, expressed as the state described by lassitude",remaining_5256,dfd8ae9feffa2606928c5c368fd61b414fbe10d648afd2e1574387a202bcc1e5,78,29,0,11,40,11,0.10367062942289462,0.19911124983442152,0.0954406204115269,0.0954406204115269,AWAY_FROM_REFERENCE,0.14102564102564102,MINOR,1,223,,,268a567f682626772c5690d908897d9905d161569fc4b397ab54775bd7854438,0.2717691769236748,0.20109045966301808,0.59375,-11,True,512
SB0598,Bilateral hydronephrosis,renal glomerular-tubular filtration and fluid-balance structure,"abnormal structural accumulation, degeneration, remodeling, or chronic state within the named structure",remaining_5256,1a5de9ed3627080f7e8ac7b036b62eb3016824916b67ceee918670757a0c6c18,91,25,6,4,23,10,0.13589175152256416,0.25541651141204613,0.11952475988948197,0.11952475988948197,AWAY_FROM_REFERENCE,0.04395604395604396,MINOR,1,231,,,f2241fde10a3f435dacb837c7ffe4b5c2277a819537b2c5143cf728569b01082,0.2716637428598407,0.19238718641443986,0.6328125,2,True,513
SB2562,Hydronephrosis,renal glomerular-tubular filtration and fluid-balance structure,"abnormal structural accumulation, degeneration, remodeling, or chronic state within the named structure",remaining_5256,1a5de9ed3627080f7e8ac7b036b62eb3016824916b67ceee918670757a0c6c18,91,25,6,4,23,10,0.13589175152256416,0.25541651141204613,0.11952475988948197,0.11952475988948197,AWAY_FROM_REFERENCE,0.04395604395604396,MINOR,1,231,,,7e79da2c2fd042dcec0246b3b193668ed6df8f13f7bc384dda34eec358db9f31,0.2716637428598407,0.19238718641443986,0.6328125,2,True,514
SB3134,Lipoid nephrosis,renal glomerular-tubular filtration and fluid-balance structure,"abnormal structural accumulation, degeneration, remodeling, or chronic state within the named structure",remaining_5256,1a5de9ed3627080f7e8ac7b036b62eb3016824916b67ceee918670757a0c6c18,91,25,6,4,23,10,0.13589175152256416,0.25541651141204613,0.11952475988948197,0.11952475988948197,AWAY_FROM_REFERENCE,0.04395604395604396,MINOR,1,231,,,810b3da9da27871048ce6ab1b5a5f6350785ae3b7d76978eaee26502e39df8df,0.2716637428598407,0.19238718641443986,0.6328125,2,True,515
SB3595,Nephrocalcinosis,renal glomerular-tubular filtration and fluid-balance structure,"abnormal structural accumulation, degeneration, remodeling, or chronic state within the named structure",remaining_5256,1a5de9ed3627080f7e8ac7b036b62eb3016824916b67ceee918670757a0c6c18,91,25,6,4,23,10,0.13589175152256416,0.25541651141204613,0.11952475988948197,0.11952475988948197,AWAY_FROM_REFERENCE,0.04395604395604396,MINOR,1,231,,,63681841a894cabcb1693dd1e775d8f9ce0fa745b3be819706229591dc5dda25,0.2716637428598407,0.19238718641443986,0.6328125,2,True,516
SB3602,Nephrosis,renal glomerular-tubular filtration and fluid-balance structure,"abnormal structural accumulation, degeneration, remodeling, or chronic state within the named structure",remaining_5256,1a5de9ed3627080f7e8ac7b036b62eb3016824916b67ceee918670757a0c6c18,91,25,6,4,23,10,0.13589175152256416,0.25541651141204613,0.11952475988948197,0.11952475988948197,AWAY_FROM_REFERENCE,0.04395604395604396,MINOR,1,231,,,b68f9c776a3b73ced7b6855ea8b58837af7aafd8a2cacdde66b22f2b74a9debc,0.2716637428598407,0.19238718641443986,0.6328125,2,True,517
SB3603,Nephrosis lower nephron,renal glomerular-tubular filtration and fluid-balance structure,"abnormal structural accumulation, degeneration, remodeling, or chronic state within the named structure",remaining_5256,1a5de9ed3627080f7e8ac7b036b62eb3016824916b67ceee918670757a0c6c18,91,25,6,4,23,10,0.13589175152256416,0.25541651141204613,0.11952475988948197,0.11952475988948197,AWAY_FROM_REFERENCE,0.04395604395604396,MINOR,1,231,,,0a2fa5750cddbc157166e9db1e6b3cc39a952c52b1d961181e4e32f226ddc7cf,0.2716637428598407,0.19238718641443986,0.6328125,2,True,518
SB1162,Chylothorax,"pleural membrane, pleural-space, and thoracic mechanical structure","altered configuration or regulated output of the named structure, expressed as the state described by chylothorax",remaining_5256,925c5d2084049bbbad447a88256d967b860a376de4eb8b13302e723899d449a3,36,19,1,1,19,2,0.16763388990711037,0.296545216174236,0.12891132626712565,0.12891132626712565,AWAY_FROM_REFERENCE,0.027777777777777776,MINOR,1,197,,,6b2d591e1aef1cfff377a125c7c79cd584b418ff99b9ecb1a8caf59e429f7142,0.27161937576134454,0.18718826312359094,0.65625,0,True,519
SB4194,Pleurisy,"pleural membrane, pleural-space, and thoracic mechanical structure","altered configuration or regulated output of the named structure, expressed as the state described by pleurisy",remaining_5256,a9c43ff82b93236b81326872254b100fab87aad5a529ca4b9685f27d72c5e049,36,21,2,0,19,2,0.16295659753340286,0.2879671698707734,0.12501057233737056,0.12501057233737056,AWAY_FROM_REFERENCE,0.0,INFORMATIONAL,0,197,,,a0d29ba2c15acceb2621921be21b45511d5a9822d94cbda4acbe04d2e51d32d2,0.27159949446930104,0.18716401764548907,0.65625,2,True,520
SB0059,Abscess,localized soft-tissue innate-immune purulent structure,localized inflammatory cavity with tissue breakdown and accumulated cellular/fluid contents,established_478,b107ee224f1c802b9288bd0cf202cff8eafa6ffb9792d73056e5dfe624de2b92,15,10,1,0,9,1,0.1765168549599908,0.26851337300735734,0.09199651804736653,0.09199651804736653,AWAY_FROM_REFERENCE,0.0,INFORMATIONAL,0,223,,,64f1bdeb9561a1b155ea5307bfa4b76924f7d91fd5b127a42cabf4951fac6d69,0.2715446254709729,0.19738673837923526,0.609375,1,True,521
SB0060,Abscess limb,localized soft-tissue innate-immune purulent structure,localized inflammatory cavity with tissue breakdown and accumulated cellular/fluid contents,established_478,b107ee224f1c802b9288bd0cf202cff8eafa6ffb9792d73056e5dfe624de2b92,15,10,1,0,9,1,0.1765168549599908,0.26851337300735734,0.09199651804736653,0.09199651804736653,AWAY_FROM_REFERENCE,0.0,INFORMATIONAL,0,223,,,846d7b2336a333adcce47fed8060488748d69d1e29e56563456e13c284503c2e,0.2715446254709729,0.19738673837923526,0.609375,1,True,522
SB0061,Abscess periodontal,localized soft-tissue innate-immune purulent structure,localized inflammatory cavity with tissue breakdown and accumulated cellular/fluid contents,established_478,b107ee224f1c802b9288bd0cf202cff8eafa6ffb9792d73056e5dfe624de2b92,15,10,1,0,9,1,0.1765168549599908,0.26851337300735734,0.09199651804736653,0.09199651804736653,AWAY_FROM_REFERENCE,0.0,INFORMATIONAL,0,223,,,def9f91cd76e3a449d38f57c5ca63f35771c04e2bea21070e1f9650d2c02def2,0.2715446254709729,0.19738673837923526,0.609375,1,True,523
SB2627,Hypertensive nephropathy,renal glomerular-tubular filtration and fluid-balance structure,"excess magnitude, activity, quantity, or tissue state above the reference configuration",remaining_5256,c176af65952e9e27b047d6937298556e8e9142812a9c5160fbae558ed9b171d5,91,40,7,7,40,14,0.16046178949089118,0.27338450782866475,0.11292271833777356,0.11292271833777356,AWAY_FROM_REFERENCE,0.07692307692307693,MINOR,1,231,,,5b131d680672862cf7ec82db250fbcb35e6b9766ef66896f58f0b82dea28e4d3,0.2714133689410285,0.19036691334271771,0.640625,0,True,524
SB2194,Gastrointestinal cramps,"intestinal mucosal barrier, smooth-muscle motility, and luminal transport structure",episodic smooth-muscle contraction with associated luminal pressure and nociceptive signaling,remaining_5256,8b72f42f826adb9dabbc002915408a8c94d5674d822e58790b38f91c70eb213a,276,74,19,38,93,57,0.11260229540007294,0.24671636199813718,0.13411406659806424,0.13411406659806424,AWAY_FROM_REFERENCE,0.13768115942028986,MINOR,1,231,,,4d73b931f211d510b0e8ad092dae2e2c829d235e1a89f43c84cb56abe58f8a27,0.27120798696619713,0.20040608166609408,0.59375,-19,True,525
SB2918,Intestinal cramps,"intestinal mucosal barrier, smooth-muscle motility, and luminal transport structure",episodic smooth-muscle contraction with associated luminal pressure and nociceptive signaling,remaining_5256,8b72f42f826adb9dabbc002915408a8c94d5674d822e58790b38f91c70eb213a,276,74,19,38,93,57,0.11260229540007294,0.24671636199813718,0.13411406659806424,0.13411406659806424,AWAY_FROM_REFERENCE,0.13768115942028986,MINOR,1,231,,,140b7e0db945a5e0b8095d27a74aadacb46fb7abe8d01b005c952577f5681c46,0.27120798696619713,0.20040608166609408,0.59375,-19,True,526
SB4601,Renal rickets,renal glomerular-tubular filtration and fluid-balance structure,"altered configuration or regulated output of the named structure, expressed as the state described by renal rickets",remaining_5256,b191aaff987f8810795692ed9ae1507adffb1a0e75c6ed05028e5a262ed4d4cb,91,29,7,9,31,16,0.1304296957507649,0.25731952515859124,0.12688982940782634,0.12688982940782634,AWAY_FROM_REFERENCE,0.0989010989010989,MINOR,1,231,,,f299bb70c01fa04eb2e6a13d9e9608b3191723360118d64c41d0162c15ec0e3b,0.2712027401833879,0.19525486607730236,0.6171875,-2,True,527
SB0073,Accommodation disorder,ciliary-muscle lens-accommodation structure,departure from the reference structural configuration or regulated functional range,established_478,308ff0d62fb9c811298c588f12746eef8bfab9dce77a5ab6fe9e4101aa8e05a9,66,40,12,1,29,13,0.20687682031618027,0.28093145539344955,0.07405463507726928,0.07405463507726928,AWAY_FROM_REFERENCE,0.015151515151515152,MINOR,1,144,,,463055d49c4eb49d56b1eb5bc80070082ec2adae5a1bebb6b62756fa1555f781,0.2711851287856867,0.19008857168986182,0.640625,11,True,528
SB4334,Primary pulmonary hypertension,"pulmonary airway-alveolar, pleural, and gas-exchange structure",vascular pressure/load above the reference hemodynamic state,remaining_5256,94916bbd8ad5db1fd1dcf320c21966d87138b3cdea53ae49d3d97c559bc4652d,36,14,0,3,17,3,0.19824877317337486,0.29670548253309226,0.0984567093597174,0.0984567093597174,AWAY_FROM_REFERENCE,0.08333333333333333,MINOR,1,231,,,022cbfc0d9e005ba60d3f0bee04488e84449519b57d82a68b2da7d52668a979a,0.27115193816086774,0.19004809531813138,0.640625,-3,True,529
SB4430,Pulmonary arterial hypertension,"pulmonary airway-alveolar, pleural, and gas-exchange structure",vascular pressure/load above the reference hemodynamic state,remaining_5256,94916bbd8ad5db1fd1dcf320c21966d87138b3cdea53ae49d3d97c559bc4652d,36,14,0,3,17,3,0.19824877317337486,0.29670548253309226,0.0984567093597174,0.0984567093597174,AWAY_FROM_REFERENCE,0.08333333333333333,MINOR,1,231,,,24a81eb95b2c0f587cbed307a34918ee9c445fcabdcd6274cbfb31fb4544e443,0.27115193816086774,0.19004809531813138,0.640625,-3,True,530
SB4438,Pulmonary hypertension,"pulmonary airway-alveolar, pleural, and gas-exchange structure",vascular pressure/load above the reference hemodynamic state,remaining_5256,94916bbd8ad5db1fd1dcf320c21966d87138b3cdea53ae49d3d97c559bc4652d,36,14,0,3,17,3,0.19824877317337486,0.29670548253309226,0.0984567093597174,0.0984567093597174,AWAY_FROM_REFERENCE,0.08333333333333333,MINOR,1,231,,,4b4e4002780067fbe0a3ea1a0765ab18678f0591221d1fac94b0e357e6934ca7,0.27115193816086774,0.19004809531813138,0.640625,-3,True,531
SB5004,Spontaneous penile erection,"male gonadal, ductal, accessory-gland, and reproductive-output structure","altered configuration or regulated output of the named structure, expressed as the state described by spontaneous penile erection",remaining_5256,f06cb6022deac70c03c394b26eac1d37bdeb86d60df269770e6cf4da0292f540,190,81,13,18,86,31,0.1336208211053621,0.2506766781975339,0.11705585709217181,0.11705585709217181,AWAY_FROM_REFERENCE,0.09473684210526316,MINOR,1,223,,,ec272ee304c3ec24e6c2d328dcd1b30a4b74ffa15a3babacc7265d762129d3a7,0.2710988921301142,0.2019879782074563,0.5859375,-5,True,532
SB1044,Cerebral thrombosis,"central nervous tissue, cerebrospinal-fluid, and intracranial structural network",intraluminal clot formation causing partial or complete flow obstruction,remaining_5256,844f7814c37ab8afd460936e1b68875b7e9fc17e4ecff26676f5028e87b49255,1,1,1,0,0,1,0.1255985736171209,0.23815154405351235,0.11255297043639145,0.11255297043639145,AWAY_FROM_REFERENCE,0.0,INFORMATIONAL,0,230,,,139037de99f73bb987ff2dea78c39e17946e3128816aacb63662b07b39080d7f,0.27101469885663754,0.19159566933736283,0.6328125,1,True,533
SB1046,Cerebral venous thrombosis,"central nervous tissue, cerebrospinal-fluid, and intracranial structural network",intraluminal clot formation causing partial or complete flow obstruction,remaining_5256,844f7814c37ab8afd460936e1b68875b7e9fc17e4ecff26676f5028e87b49255,1,1,1,0,0,1,0.1255985736171209,0.23815154405351235,0.11255297043639145,0.11255297043639145,AWAY_FROM_REFERENCE,0.0,INFORMATIONAL,0,230,,,1d51a73a72b431fa248511850bffe04c1dbc4a19a328a845fe91581ff8cb111b,0.27101469885663754,0.19159566933736283,0.6328125,1,True,534
SB0274,Anal atresia,anorectal developmental lumen-continuity structure,"developmental patterning deviation producing absent, incomplete, or abnormally organized structure",established_478,f032422fd162b5a575fed6a299dbc5333852acc031c4d29558949d56d033421b,66,24,6,10,28,16,0.1471778395717861,0.2663719726060121,0.11919413303422599,0.11919413303422599,AWAY_FROM_REFERENCE,0.15151515151515152,MINOR,1,231,,,f4ef3741aacb829ce249fdc2bfa5351be9c5ad38556de9d47b0afebb4aa22486,0.2709787248940621,0.18297710352934404,0.671875,-4,True,535
SB0919,Calculus of kidney,renal glomerular-tubular filtration and fluid-balance structure,solid or semisolid material aggregation within a lumen/cavity with potential flow obstruction,remaining_5256,c8456e5780b9a524fee782e0dc6056c159ebcc353ab3fc7a46a1f6cb9bb08ee0,91,27,7,9,29,16,0.15539211942911968,0.2711257223491059,0.11573360291998624,0.11573360291998624,AWAY_FROM_REFERENCE,0.0989010989010989,MINOR,1,231,,,bc05ccc532f6e7e03437ab64255f3e12e20d7fcbb3a0bcf190c8008373b24e59,0.2709754957539468,0.18640304360237414,0.65625,-2,True,536
SB4371,Prostatism,"male gonadal, ductal, accessory-gland, and reproductive-output structure","altered configuration or regulated output of the named structure, expressed as the state described by prostatism",remaining_5256,49c051c9caf3b4a59a7c4cebb27a7bb6b6577e9eeb1fc0fc8f08c362dcc3f5c0,190,87,12,19,94,31,0.13772042783803462,0.25784927012684467,0.12012884228881004,0.12012884228881004,AWAY_FROM_REFERENCE,0.1,MINOR,1,223,,,a9202898695efb56db73bc8c17068e054f5c2fa9beccb0f4586ba791bea5938a,0.2709223323265799,0.19834278332509747,0.6015625,-7,True,537
SB1704,Ear infection,cochlear-mechanical and auditory-neural transduction structure,pathogen-associated occupation/invasion with host-defense activation and local structural disruption,remaining_5256,ab9fa123c4fb98d5c15eb93345129aec9b27295478ebb2deefc351dfaf7cc4fc,276,81,12,17,86,29,0.14675366883860508,0.2680686083226925,0.12131493948408745,0.12131493948408745,AWAY_FROM_REFERENCE,0.06159420289855073,MINOR,1,230,,,063c40a96f7f52085ba3fe175bfac13fe5305c20112a81057968e73b7c03bdd9,0.27082001943837575,0.19478813346143387,0.6171875,-5,True,538
SB2886,Inner ear infection,cochlear-mechanical and auditory-neural transduction structure,pathogen-associated occupation/invasion with host-defense activation and local structural disruption,remaining_5256,ab9fa123c4fb98d5c15eb93345129aec9b27295478ebb2deefc351dfaf7cc4fc,276,81,12,17,86,29,0.14675366883860508,0.2680686083226925,0.12131493948408745,0.12131493948408745,AWAY_FROM_REFERENCE,0.06159420289855073,MINOR,1,230,,,d00cebfd4082ff585f964542d841896c3e815f1c87ca8ff279a26b2346fcbd81,0.27082001943837575,0.19478813346143387,0.6171875,-5,True,539
SB0137,Acute migraine,trigeminovascular nociceptive and cranial vascular-tone structure,episodic trigeminovascular and central sensory-network activation with abnormal nociceptive processing,established_478,9fa80e96635ae514084583b272bdce0f85678b369aa67727b1160a1a9063751c,28,12,3,1,10,4,0.19653438154468805,0.3077951979383736,0.11126081639368557,0.11126081639368557,AWAY_FROM_REFERENCE,0.03571428571428571,MINOR,1,231,,,2fed017e7ecebe851ef7730d3fcf07ed97351e13c8b36da452997f98d60c37bc,0.2708093079197369,0.20334976575577668,0.578125,2,True,540
SB0288,Anaphylactoid reaction,systemic mast-cell histamine vascular-airway response structure,"acute systemic mediator release causing widespread vascular-permeability, smooth-muscle, and barrier perturbation",established_478,4d07587b5a3cb23c016bae4e3afc6db96f7dd0ca95b36c34ff2e0b5d61c02c3c,435,189,23,20,186,43,0.14268662480719996,0.23193432167554373,0.08924769686834377,0.08924769686834377,AWAY_FROM_REFERENCE,0.04597701149425287,MINOR,1,222,,,78de9a71dda96bd497423b0c6c520ecbe51d9bc9a3b304432021dea0fffbc504,0.27080230467345856,0.1964814691139739,0.609375,3,True,541
SB0289,Anaphylactoid syndrome of pregnancy,systemic mast-cell histamine vascular-airway response structure,"acute systemic mediator release causing widespread vascular-permeability, smooth-muscle, and barrier perturbation",established_478,4d07587b5a3cb23c016bae4e3afc6db96f7dd0ca95b36c34ff2e0b5d61c02c3c,435,189,23,20,186,43,0.14268662480719996,0.23193432167554373,0.08924769686834377,0.08924769686834377,AWAY_FROM_REFERENCE,0.04597701149425287,MINOR,1,222,,,2f4269a39c8d6e2d7bfc27976ce21de9ed3edf63e727feb8cd6fb3490da68976,0.27080230467345856,0.1964814691139739,0.609375,3,True,542
SB0718,Blood methaemoglobin present,"erythrocyte production, integrity, and oxygen-transport structure",detectable presence of the named material/state where the reference condition is absent or lower,remaining_5256,771c6248b43bfec46428939ef18361343c43178ae3146a0f3446fdc304f5a274,15,12,1,1,12,2,0.16038479548309637,0.2947011310989446,0.13431633561584821,0.13431633561584821,AWAY_FROM_REFERENCE,0.06666666666666667,MINOR,1,174,,,bc46da19fc30656658cecf7c7f9ddef8c0ff56d45e8e2819ef18405951cf73cb,0.27072479489474555,0.1963869449935921,0.609375,0,True,543
SB0276,Anal candidiasis,anorectal mucosal and perianal tissue integrity/inflammatory structure,"altered configuration or regulated output of the named structure, expressed as the state described by anal candidiasis",established_478,d49e188baf366a710e6108ae78f930062d4042bf02cbf089c7560d7ca9fde95b,28,8,4,4,8,8,0.09590223709981116,0.19814922810730984,0.10224699100749868,0.10224699100749868,AWAY_FROM_REFERENCE,0.14285714285714285,MINOR,1,231,,,1219312ce5850afa54af87d589df0870ca7d596a88d339e0305e527d80a83e49,0.27068796213938606,0.19977190504803177,0.59375,0,True,544
SB2391,Haemothorax,"pleural membrane, pleural-space, and thoracic mechanical structure","altered configuration or regulated output of the named structure, expressed as the state described by haemothorax",remaining_5256,8b5d10d4b00984ab7af216978b7e7499a22fb106cd93c84c4f8b3cde283f9e28,36,19,1,0,18,1,0.16690310354138105,0.2953061464303276,0.12840304288894655,0.12840304288894655,AWAY_FROM_REFERENCE,0.0,INFORMATIONAL,0,197,,,3ca71d1f38ae0f166c58bd284865c3ddc51208ec8bd1b2341bb4ca6c0b17b912,0.27062884431724055,0.1859802979478543,0.65625,1,True,545
SB0468,Arthropod sting,local cutaneous immune and sensory-transmission structure,"altered configuration or regulated output of the named structure, expressed as the state described by arthropod sting",established_478,fe686ca10c27aecd440152d9276e9738d116ee2d69e4e973db2894a06ed0cf1a,351,135,21,36,150,57,0.1497226079288616,0.27483828145467426,0.12511567352581265,0.12511567352581265,AWAY_FROM_REFERENCE,0.10256410256410256,MINOR,1,223,,,097b966216d42ff8af88df18e9f06646b41d62dd431944d193d56b64fdb47861,0.2705677346087723,0.18933565196191748,0.640625,-15,True,546
SB1846,Epidermal necrosis,"cutaneous epidermal-dermal barrier, appendage, vascular, and immune structure",loss of cellular viability with local tissue structural breakdown,remaining_5256,d36a7d18fff3763a1400738edceeac0f023134057aa6618d63871b7b4b2460f1,300,117,27,22,112,49,0.17329008660564682,0.28897742464652376,0.11568733804087694,0.11568733804087694,AWAY_FROM_REFERENCE,0.07333333333333333,MINOR,1,231,,,a4b26c490da689b79dbf62140c9e2189cae6ec426c81395cd9d05c433bca8806,0.2705441216384038,0.19616661175415095,0.609375,5,True,547
SB4845,Shutdown renal,renal glomerular-tubular filtration and fluid-balance structure,"altered configuration or regulated output of the named structure, expressed as the state described by shutdown renal",remaining_5256,9e415cb7d6531893f6ff703bfed14cb8feb5045a655c6d97d2caa3fd7d5c9ac3,91,32,11,7,28,18,0.13174679835802572,0.251456650681801,0.11970985232377529,0.11970985232377529,AWAY_FROM_REFERENCE,0.07692307692307693,MINOR,1,231,,,118ecffb3453af610fa8ac033a693a3af6aae9bd66065cfac963d02dde49cd09,0.2704857051901435,0.19438043315871156,0.6171875,4,True,548
SB3367,Micturition urgency,"urethral lumen, mucosal, sphincter, and urine-flow structure","altered configuration or regulated output of the named structure, expressed as the state described by micturition urgency",remaining_5256,158d846f6fe22a9e3008569f912046706ca723de3bf375204c8d72df6d0f13ac,465,123,22,54,155,76,0.14174488254124717,0.2611570272636604,0.11941214472241324,0.11941214472241324,AWAY_FROM_REFERENCE,0.11612903225806452,MINOR,1,231,,,271dc753d3183040c95fc36b3fd98fe253dc83f629cef1ed99d245da1c549366,0.2704801326413706,0.1978035154163056,0.6015625,-32,True,549
SB2218,Gastrointestinal tract irritation,"intestinal mucosal barrier, smooth-muscle motility, and luminal transport structure","altered configuration or regulated output of the named structure, expressed as the state described by gastrointestinal tract irritation",remaining_5256,8890d0eb97ced2706974f3cc42266b43cf8b9ecdf4cf88633bd76ab080181602,276,95,11,28,112,39,0.12361822339828266,0.25307216976215974,0.12945394636387708,0.12945394636387708,AWAY_FROM_REFERENCE,0.10144927536231885,MINOR,1,231,,,015e09c54328b78dcc0698b63301af54edffb29ba33996b77db7c74aa3f8b1aa,0.2704580252023983,0.19777655512487602,0.6015625,-17,True,550
SB0091,Acquired keratoderma,epidermal keratinization and barrier structure,excess keratinized epithelial production causing thickened surface architecture,established_478,d614088398a7efdbd0bf5c8775083644db9c160da54af2b01734d47e5dda8eeb,171,58,7,19,70,26,0.15995515565256202,0.2956773691797542,0.13572221352719216,0.13572221352719216,AWAY_FROM_REFERENCE,0.1111111111111111,MINOR,1,223,,,28d22b8a4c9896bc99548c71c2d7902998c6698e7ec102d10c7ff1940ee2b7ae,0.2704523766761062,0.1977696666781783,0.6015625,-12,True,551
SB0689,Blood creatinine decreased,renal glomerular-tubular filtration and fluid-balance structure,measured or functional quantity shifted below its reference structural range,remaining_5256,54258c40325517854a70d854d094f2b53a53a438fdb5f53d25b8b6f43bf56a16,91,28,3,7,32,10,0.16529839892883436,0.2867511034402662,0.12145270451143186,0.12145270451143186,AWAY_FROM_REFERENCE,0.07692307692307693,MINOR,1,231,,,ae872d6785d19a6f40fbec01771114fb69c9ef8eb1847abacc498c74edacaf6a,0.2704302845852067,0.19774272510391055,0.6015625,-4,True,552
SB0755,Blood urea decreased,renal glomerular-tubular filtration and fluid-balance structure,measured or functional quantity shifted below its reference structural range,remaining_5256,54258c40325517854a70d854d094f2b53a53a438fdb5f53d25b8b6f43bf56a16,91,28,3,7,32,10,0.16529839892883436,0.2867511034402662,0.12145270451143186,0.12145270451143186,AWAY_FROM_REFERENCE,0.07692307692307693,MINOR,1,231,,,42e4e6f66ccb991cc45e8c8cf9a22860b68d834956a19b2d1403926210443457,0.2704302845852067,0.19774272510391055,0.6015625,-4,True,553
SB1367,Creatinine low,renal glomerular-tubular filtration and fluid-balance structure,measured or functional quantity shifted below its reference structural range,remaining_5256,54258c40325517854a70d854d094f2b53a53a438fdb5f53d25b8b6f43bf56a16,91,28,3,7,32,10,0.16529839892883436,0.2867511034402662,0.12145270451143186,0.12145270451143186,AWAY_FROM_REFERENCE,0.07692307692307693,MINOR,1,231,,,20b8d242519be760a368a1ff42f65954c9f28b303a22253cf25d55400fb757bc,0.2704302845852067,0.19774272510391055,0.6015625,-4,True,554
SB1369,Creatinine renal clearance decreased,renal glomerular-tubular filtration and fluid-balance structure,measured or functional quantity shifted below its reference structural range,remaining_5256,54258c40325517854a70d854d094f2b53a53a438fdb5f53d25b8b6f43bf56a16,91,28,3,7,32,10,0.16529839892883436,0.2867511034402662,0.12145270451143186,0.12145270451143186,AWAY_FROM_REFERENCE,0.07692307692307693,MINOR,1,231,,,26ec3d2bf394a1c88a3ac678f2341c806aeccd37706b060139ce7bef58298f36,0.2704302845852067,0.19774272510391055,0.6015625,-4,True,555
SB2133,Function kidney decreased,renal glomerular-tubular filtration and fluid-balance structure,measured or functional quantity shifted below its reference structural range,remaining_5256,54258c40325517854a70d854d094f2b53a53a438fdb5f53d25b8b6f43bf56a16,91,28,3,7,32,10,0.16529839892883436,0.2867511034402662,0.12145270451143186,0.12145270451143186,AWAY_FROM_REFERENCE,0.07692307692307693,MINOR,1,231,,,a045366597c74960545f7d52cf4dc385b031b15a5d59d521499bf566957b4321,0.2704302845852067,0.19774272510391055,0.6015625,-4,True,556
SB2287,Glomerular filtration rate decreased,renal glomerular-tubular filtration and fluid-balance structure,measured or functional quantity shifted below its reference structural range,remaining_5256,54258c40325517854a70d854d094f2b53a53a438fdb5f53d25b8b6f43bf56a16,91,28,3,7,32,10,0.16529839892883436,0.2867511034402662,0.12145270451143186,0.12145270451143186,AWAY_FROM_REFERENCE,0.07692307692307693,MINOR,1,231,,,2eb4b95f2f7048f7a7dd1c7327eb14ec1731b4acd3061b600a8f56032a016d20,0.2704302845852067,0.19774272510391055,0.6015625,-4,True,557
SB4809,Serum creatinine decreased,renal glomerular-tubular filtration and fluid-balance structure,measured or functional quantity shifted below its reference structural range,remaining_5256,54258c40325517854a70d854d094f2b53a53a438fdb5f53d25b8b6f43bf56a16,91,28,3,7,32,10,0.16529839892883436,0.2867511034402662,0.12145270451143186,0.12145270451143186,AWAY_FROM_REFERENCE,0.07692307692307693,MINOR,1,231,,,d46b4780d119db866fa5d89263187721ae39ce1669e70ed31fb86cd7f2ea0eda,0.2704302845852067,0.19774272510391055,0.6015625,-4,True,558
SB1072,Change of bowel habit,"intestinal mucosal barrier, smooth-muscle motility, and luminal transport structure","altered configuration or regulated output of the named structure, expressed as the state described by change of bowel habit",remaining_5256,1c2b7df5aa3099e18e3e109461ec92f69f2d24bc8ed3f5475a9c107a9f86bf61,276,75,13,34,96,47,0.1117985149281453,0.23627741129477509,0.12447889636662979,0.12447889636662979,AWAY_FROM_REFERENCE,0.12318840579710146,MINOR,1,231,,,764597cd4f24ae5e9015897dfd9f28ac3fe8315635cbc9c766748ae1182bf166,0.27042495111337383,0.19602128184557788,0.609375,-21,True,559
SB2223,Gastrooesophageal sphincter insufficiency,"oesophageal mucosal, peristaltic, and sphincter-control structure",reduced or unstable functional output insufficient to maintain the reference structural state,remaining_5256,5187947bd65c3775bb779f444e0f79a3270e40167e99dce52bb6a21f22a02e3c,28,8,5,2,5,7,0.11369503430550987,0.25105711689512167,0.1373620825896118,0.1373620825896118,AWAY_FROM_REFERENCE,0.07142857142857142,MINOR,1,231,,,53a3b123f0bb44740ee60b8a61cab6afa397de44297eab661657fff807f3f7da,0.2704179860356741,0.1977277268727733,0.6015625,3,True,560
SB1136,Chromosomal mutation,"genomic sequence, chromosomal organization, and developmental-expression structure","altered configuration or regulated output of the named structure, expressed as the state described by chromosomal mutation",remaining_5256,2416e54bdd8da1fda7abfc2273e0cbb877f2449260723f1d428ec0ed90a3946c,15,6,0,2,8,2,0.12357800371883221,0.2616991347914015,0.1381211310725693,0.1381211310725693,AWAY_FROM_REFERENCE,0.13333333333333333,MINOR,1,222,,,7d0d02c7d598f5b62ff08f5008bc869df25a34da30606edb0fa72ef343689d04,0.27036036188216994,0.19765745351484143,0.6015625,-2,True,561
SB5113,Sweating decreased,eccrine-apocrine sweat-gland secretory structure,measured or functional quantity shifted below its reference structural range,remaining_5256,75f467302ef3c26dcef4c7b91e21a77b64d6606f619300f2199f7639dea6b281,105,56,11,1,46,12,0.23308998849990037,0.34533051280955873,0.11224052430965836,0.11224052430965836,AWAY_FROM_REFERENCE,0.009523809523809525,MINOR,1,174,,,88674c3b77c42af89357401887a51a9166b1b78800f004aa9d0119be044c23e8,0.27032050274977615,0.20103872286558067,0.5859375,10,True,562
SB0282,Anal pruritus,anorectal mucosal and perianal tissue integrity/inflammatory structure,aberrant cutaneous sensory signaling associated with local barrier/immune perturbation,established_478,11e3bc7eda807b6612fedc8be0f5aeaa6949476fb44d334be212f95302b70c96,28,10,4,1,7,5,0.10736346300712996,0.20869394226303095,0.101330479255901,0.101330479255901,AWAY_FROM_REFERENCE,0.03571428571428571,MINOR,1,231,,,1dc0e2b2692dd4b8aad34ea0f7eb51d7660e15a8535d6897bcae609f80a568d1,0.2703199214102373,0.19760813586614312,0.6015625,3,True,563
SB0250,Amaurosis,retinal-optic-cortical visual-signal structure,severe or complete loss of visual signal formation or transmission,established_478,9c374d15509b111ca861d292bc7c380b9df8c2e92eb056ae4e21dc745b398e02,120,69,13,12,68,25,0.1717805367387697,0.2802618622645736,0.10848132552580392,0.10848132552580392,AWAY_FROM_REFERENCE,0.1,MINOR,1,223,,,d36e5b53c7323970f6acd517ff5602c885e93994d833e30c9a5b9db1060e3915,0.27007732165986464,0.19216746543885932,0.625,1,True,564
SB0251,Amaurosis fugax,retinal-optic-cortical visual-signal structure,severe or complete loss of visual signal formation or transmission,established_478,9c374d15509b111ca861d292bc7c380b9df8c2e92eb056ae4e21dc745b398e02,120,69,13,12,68,25,0.1717805367387697,0.2802618622645736,0.10848132552580392,0.10848132552580392,AWAY_FROM_REFERENCE,0.1,MINOR,1,223,,,cc8c914f567590114a7d91226f3124fe77b7dfc6455201cb8e2e3dbb2724ec9c,0.27007732165986464,0.19216746543885932,0.625,1,True,565
SB0691,Blood creatinine normal,renal glomerular-tubular filtration and fluid-balance structure,measured state within the declared reference range rather than a malformation,remaining_5256,c25520dad0008dbce1e823f08cc128c79fb4c854d39d0660f0e0ff29d3ff409d,91,30,5,7,32,12,0.17285255646686437,0.2818122695868591,0.10895971311999475,0.10895971311999475,AWAY_FROM_REFERENCE,0.07692307692307693,MINOR,1,231,,,cd160575ba1d06f805ab26e40d5b8eaf9f8c6d70d20904986b8dff6c5fb9c78e,0.27006714265362286,0.1955849300653938,0.609375,-2,True,566
SB0757,Blood urea normal,renal glomerular-tubular filtration and fluid-balance structure,measured state within the declared reference range rather than a malformation,remaining_5256,c25520dad0008dbce1e823f08cc128c79fb4c854d39d0660f0e0ff29d3ff409d,91,30,5,7,32,12,0.17285255646686437,0.2818122695868591,0.10895971311999475,0.10895971311999475,AWAY_FROM_REFERENCE,0.07692307692307693,MINOR,1,231,,,cdf6b31aea92f1d88bfefc0fab37ac5085dbf51130295437181249a1a9d62acb,0.27006714265362286,0.1955849300653938,0.609375,-2,True,567
SB1368,Creatinine normal,renal glomerular-tubular filtration and fluid-balance structure,measured state within the declared reference range rather than a malformation,remaining_5256,c25520dad0008dbce1e823f08cc128c79fb4c854d39d0660f0e0ff29d3ff409d,91,30,5,7,32,12,0.17285255646686437,0.2818122695868591,0.10895971311999475,0.10895971311999475,AWAY_FROM_REFERENCE,0.07692307692307693,MINOR,1,231,,,31e55ef31b6e5d41234691835e6ad95694400d2183377a49297034a83e250034,0.27006714265362286,0.1955849300653938,0.609375,-2,True,568
SB0352,Antinuclear antibody positive,antinuclear autoantibody immune-recognition structure,detectable presence of the measured target where the reference state is absent or lower,established_478,3babd0a2347c77dd45639996dc5f496563c6f5c29b74ef2fe8e7199324ae63d0,45,11,3,5,13,8,0.19619664608130316,0.30535679711655517,0.109160151035252,0.109160151035252,AWAY_FROM_REFERENCE,0.1111111111111111,MINOR,1,231,,,685516bb0d4ae250c77efea8520512e2584df9ecd9cff0bc7ad72cc690ff0d69,0.27003828564215815,0.1989796166367782,0.59375,-2,True,569
SB0426,Application site swelling,local cutaneous inflammatory and microvascular structure,"excess fluid accumulation within interstitial, tissue, or cavity compartments",established_478,d140e373ab296691ff5c973eca9f7de19fa59c7e7af41d9ba03364ced3dc9752,171,95,6,15,104,21,0.21499239110558632,0.32252735224126206,0.10753496113567573,0.10753496113567573,AWAY_FROM_REFERENCE,0.08771929824561403,MINOR,1,231,,,74ebb53477b48e13a940f34a589ca957cca8a9dca5a8632a892845a4a8d0a1c7,0.2700325032030625,0.19725762585739326,0.6015625,-9,True,570
SB1762,Electrocardiogram T wave inversion,"cardiac conduction, depolarization, repolarization, and rhythm structure","altered configuration or regulated output of the named structure, expressed as the state described by electrocardiogram t wave inversion",remaining_5256,484df33e0125c1e0a5ca17e83b319f2354e4f0b2e11d0d3d3494edd1988b1433,703,209,31,115,293,146,0.0995506683270575,0.22753442391907264,0.12798375559201514,0.12798375559201514,AWAY_FROM_REFERENCE,0.16358463726884778,MINOR,1,230,,,fdee814dca32cc87e46e2056f0e343f027b9123652b870671f9d9f011bb3378c,0.2700044602685696,0.19379354910801172,0.6171875,-84,True,571
SB0412,Application site irritation,local cutaneous inflammatory and microvascular structure,"altered configuration or regulated output of the named structure, expressed as the state described by application site irritation",established_478,678029111c424a718691b896b573568d76c406393fbb5ce1abaa14c287d5cb94,171,90,10,17,97,27,0.1963564935293357,0.30042596200998495,0.10406946848064924,0.10406946848064924,AWAY_FROM_REFERENCE,0.09941520467836257,MINOR,1,231,,,b13c2b3971281c3d4e38c50760ef903821f0d3cc03fefd1470db4398ee25c539,0.2699806664312934,0.20062428833084567,0.5859375,-7,True,572
SB4367,Prostatic dysplasia,"male gonadal, ductal, accessory-gland, and reproductive-output structure",abnormal cellular maturation and tissue architecture relative to the normal differentiated pattern,remaining_5256,36cb99d8870af25a1a54f871edd5cce0dcc5612b64802dbac19383e9929be525,190,78,13,18,83,31,0.14090547465218228,0.25074932108818104,0.10984384643599876,0.10984384643599876,AWAY_FROM_REFERENCE,0.09473684210526316,MINOR,1,223,,,2ae24de77f0b71538bee0dcdf0be75181a66b1c73c98c6b7406f243adfc38ebc,0.26995197823035044,0.20058930271993958,0.5859375,-5,True,573
SB4197,Pleurothotonus,"pleural membrane, pleural-space, and thoracic mechanical structure","altered configuration or regulated output of the named structure, expressed as the state described by pleurothotonus",remaining_5256,2ad578e2b87d4b7e50e481886b74dcecbc62ff061abede701e3b463161867594,36,22,2,0,20,2,0.16939656865429187,0.29559377849249424,0.12619720983820237,0.12619720983820237,AWAY_FROM_REFERENCE,0.0,INFORMATIONAL,0,197,,,83541b3bf4a70e43dfe5c62f514c70efb9d5701f586d6d27b73cc3c9220e8c8c,0.26994088412230033,0.1868562611247565,0.6484375,2,True,574
SB2238,Genetic polymorphism,"genomic sequence, chromosomal organization, and developmental-expression structure","altered configuration or regulated output of the named structure, expressed as the state described by genetic polymorphism",remaining_5256,4cddbed57c68294b38fac09e8bfbf52eaa5e3a68954625c895786949ec2cae9b,15,6,0,2,8,2,0.12913888567341347,0.26798807494324584,0.13884918926983236,0.13884918926983236,AWAY_FROM_REFERENCE,0.13333333333333333,MINOR,1,222,,,4677aeb1c3d998d7634a48733410c286cfa1247bdcbff105cf1f189f44c7aeb1,0.26987808411608183,0.19535437087327057,0.609375,-2,True,575
SB3913,Painful erection,"male gonadal, ductal, accessory-gland, and reproductive-output structure","altered configuration or regulated output of the named structure, expressed as the state described by painful erection",remaining_5256,09c26572fcc71d508bbdb70277c399c50a424ec83f039139c4906d6f6b443fa1,190,81,12,17,86,29,0.13338470848942574,0.25141813483283904,0.1180334263434133,0.1180334263434133,AWAY_FROM_REFERENCE,0.08947368421052632,MINOR,1,223,,,02ecd5f74255988feee242cf62350cc4b50ad627f93fc4746e5e2b07856c7bee,0.26980678759486004,0.20041224096934152,0.5859375,-5,True,576
SB0011,Abdominal bloating,intestinal smooth-muscle motility and luminal-volume structure,increased luminal or compartment volume/pressure causing geometric expansion,established_478,aff06a07a9db84cf7882de15f0cee76ab5b8a2cd69f7a510c69dc3155e346ae2,351,114,21,25,118,46,0.13435134946289962,0.2709732346943443,0.1366218852314447,0.1366218852314447,AWAY_FROM_REFERENCE,0.07122507122507123,MINOR,1,223,,,b8316e2a4e7e5a63d81348c1219599bda0e2e3cef2308035db1df7acb0914b57,0.2698056939017353,0.191836212075287,0.625,-4,True,577
SB0016,Abdominal distension,intestinal smooth-muscle motility and luminal-volume structure,increased luminal or compartment volume/pressure causing geometric expansion,established_478,aff06a07a9db84cf7882de15f0cee76ab5b8a2cd69f7a510c69dc3155e346ae2,351,114,21,25,118,46,0.13435134946289962,0.2709732346943443,0.1366218852314447,0.1366218852314447,AWAY_FROM_REFERENCE,0.07122507122507123,MINOR,1,223,,,abbad10c0a6e745640d9e15fd0cf98323ae5b2ad38c6ddd8db2add256ef765a3,0.2698056939017353,0.191836212075287,0.625,-4,True,578
SB0017,Abdominal distension gaseous,intestinal smooth-muscle motility and luminal-volume structure,increased luminal or compartment volume/pressure causing geometric expansion,established_478,aff06a07a9db84cf7882de15f0cee76ab5b8a2cd69f7a510c69dc3155e346ae2,351,114,21,25,118,46,0.13435134946289962,0.2709732346943443,0.1366218852314447,0.1366218852314447,AWAY_FROM_REFERENCE,0.07122507122507123,MINOR,1,223,,,6be53970110735d9269ac66bf57110475d3afba6101269dee8712029333e1043,0.2698056939017353,0.191836212075287,0.625,-4,True,579
SB0934,Carbon dioxide decreased,pulmonary gas-exchange and extracellular acid-base transport structure,measured or functional quantity shifted below its reference structural range,remaining_5256,c66b22946f63ee0652f121e35c8546fe1ab0d0ce7ba59071fb6b9d3ba5233d84,406,166,27,21,160,48,0.14513115012144528,0.2455860471452378,0.10045489702379251,0.10045489702379251,AWAY_FROM_REFERENCE,0.05172413793103448,MINOR,1,231,,,ea280c593d920fed4fbb2fe43c1453a867acd2b806525d041ec6d289dec886fa,0.2697545525316865,0.18834396650205676,0.640625,6,True,580
SB0374,Aortic valve stenosis,aortic-valve leaflet opening and outflow structure,pathologic lumen narrowing with increased resistance to transit or flow,established_478,c99a482ec88550f6627f3d883c1a850df681e23ef5b9bcf1d6756e7b6b04b120,78,39,9,9,39,18,0.19745021833553844,0.3381780578718361,0.14072783953629764,0.14072783953629764,AWAY_FROM_REFERENCE,0.11538461538461539,MINOR,1,231,,,aa7f26ecde3d077ecbce483301d5f579bd41a22e446f8a86cd25fc7b932aad4c,0.2697402863597165,0.19347138580453227,0.6171875,0,True,581
SB4586,Renal dysgenesis,renal glomerular-tubular filtration and fluid-balance structure,"altered configuration or regulated output of the named structure, expressed as the state described by renal dysgenesis",remaining_5256,d882a4aee1feb73b696b13f16ec79e430f9ed9c6f5111b2bbd243bd4124924fe,91,29,7,9,31,16,0.12835492126739334,0.24842627642714588,0.12007135515975254,0.12007135515975254,AWAY_FROM_REFERENCE,0.0989010989010989,MINOR,1,231,,,2a30ee9897125a643ac15c2e95fddcceaff667ff6e3fc368447e7a1bbe159bfa,0.2697176998780086,0.19687371936342513,0.6015625,-2,True,582
SB4971,Sperm concentration,"male gonadal, ductal, accessory-gland, and reproductive-output structure","altered configuration or regulated output of the named structure, expressed as the state described by sperm concentration",remaining_5256,be1f75d012807d6fdc71ca1cfd7015884151753db0b1453e369c952a777b7831,190,85,17,17,85,34,0.12781295938146298,0.24276224379295763,0.11494928441149466,0.11494928441149466,AWAY_FROM_REFERENCE,0.08947368421052632,MINOR,1,223,,,6da028f0ccc61b8465736807f74ec81e8ab4a1f1183c43c2331d21a40f8fa087,0.26971295339066853,0.1951529919398397,0.609375,0,True,583
SB4186,Platelet dysfunction,"platelet production, activation, adhesion, and aggregation structure",reduced or unstable functional output insufficient to maintain the reference structural state,remaining_5256,d2a915b88b4274306b51147de7495b77a18681922754797a8655cf385d953c8d,15,2,0,6,8,6,0.15859619729620644,0.28892926892458115,0.1303330716283747,0.1303330716283747,AWAY_FROM_REFERENCE,0.4,MODERATE,2,230,,,51b8aa8a6b134cc685a0d89ed4b0ee9335aacebf713cda0aa7a7c5b5475ffd0d,0.269684341310536,0.1951180991591902,0.609375,-6,True,584
SB0106,Acute anaphylaxis,systemic mast-cell histamine vascular-airway response structure,"exaggerated immune-recognition/effector activation causing barrier, vascular, or smooth-muscle perturbation",established_478,ea865a799ce56c31b78ea525172fb447e0ad0933bbcb8889baf0e0d2ad2b6d20,435,199,11,33,221,44,0.17392326959393678,0.25470529879590476,0.08078202920196798,0.08078202920196798,AWAY_FROM_REFERENCE,0.07586206896551724,MINOR,1,222,,,faf80d6def6004b021cea5d40824aa41612b4c71b8857c6f11713249ca5ddc7f,0.2696018827507276,0.19844741798869225,0.59375,-22,True,585
SB0287,Anaphylactic shock,systemic mast-cell histamine vascular-airway response structure,"exaggerated immune-recognition/effector activation causing barrier, vascular, or smooth-muscle perturbation",established_478,ea865a799ce56c31b78ea525172fb447e0ad0933bbcb8889baf0e0d2ad2b6d20,435,199,11,33,221,44,0.17392326959393678,0.25470529879590476,0.08078202920196798,0.08078202920196798,AWAY_FROM_REFERENCE,0.07586206896551724,MINOR,1,222,,,a91300fff64dafebb2e0390bcb0bb49143659ff359c464db9bc6eb1959b96168,0.2696018827507276,0.19844741798869225,0.59375,-22,True,586
SB4191,Pleural fibrosis,"pleural membrane, pleural-space, and thoracic mechanical structure",excess matrix deposition/remodeling with increased tissue stiffness and reduced normal architecture,remaining_5256,4edf1448721ad1d604b053ce524bed12a74ea8c456c67d9a4b1ce7b12922676a,36,22,0,1,23,1,0.1699139628006805,0.29324327243560777,0.12332930963492728,0.12332930963492728,AWAY_FROM_REFERENCE,0.027777777777777776,MINOR,1,197,,,5473830f0a21a1b14883ede09133b9362b52329739c338b54d482d6091059174,0.26959053885402257,0.19671864494393,0.6015625,-1,True,587
SB5468,Uterine cervical lesion,"female reproductive, gestational, placental, and reproductive-output structure","altered configuration or regulated output of the named structure, expressed as the state described by uterine cervical lesion",remaining_5256,91c62df7f3b9e35a2f1b791b856c2253faa31b3f4211dafb38762a747c48ad74,3,1,1,0,0,1,0.12950572612466615,0.24513757423659877,0.11563184811193261,0.11563184811193261,AWAY_FROM_REFERENCE,0.0,INFORMATIONAL,0,38,,,cae4768e2c3a42c70b1859fecfcf9f6c24499a5d20c61f9e75bb906a88f1f160,0.26948646029928564,0.19316184182839713,0.6171875,1,True,588
SB3997,Parotid gland enlargement,salivary-gland secretory and ductal-delivery structure,increase in tissue mass or cellular content beyond the reference configuration,remaining_5256,ee823ba5839ceeb4fd835b8748ee0388d4fddba914be65b04b4cfadfa6c760ce,120,68,15,13,66,28,0.19800350604605488,0.26766740683092016,0.06966390078486528,0.06966390078486528,AWAY_FROM_REFERENCE,0.10833333333333334,MINOR,1,231,,,a7b6223f39746a7cae29c41d86afea007870452928c3f03a2b56ad2f9dcf758d,0.26945607638249114,0.1965546663201112,0.6015625,2,True,589
SB1656,Dysarthria,dominant-hemisphere language-processing and speech-planning network,impaired motor execution of speech articulation despite preserved language formulation,remaining_5256,3847ff830170f0564c8db45f8a61e5afa4ae8a3bab72cea8369bfb8f171356cd,231,104,10,25,119,35,0.16978720511102607,0.3215811294433861,0.15179392433236005,0.15179392433236005,AWAY_FROM_REFERENCE,0.10822510822510822,MINOR,1,230,,,e1309ea6e35d60ff79a3c4e047ba2c8b1cab32f668f1d574fdfc8e86ca601e8b,0.26944846640817355,0.1862557517172848,0.6484375,-15,True,590
SB0892,Burning feeling vagina,"female reproductive, gestational, placental, and reproductive-output structure","altered configuration or regulated output of the named structure, expressed as the state described by burning feeling vagina",remaining_5256,aee7fa35d7017917ca3afcf3873b0ee24aa50b2d2b6b517ecdab0ee312832a4e,3,1,1,0,0,1,0.12912712578857277,0.2435716846866125,0.11444455889803973,0.11444455889803973,AWAY_FROM_REFERENCE,0.0,INFORMATIONAL,0,38,,,fe6d4ca5eb7ad2e77194c4ff00db56597c8b2f746fb65177d3cf20c1de5b2cf4,0.2693409514513655,0.19126945298947018,0.625,1,True,591
SB1662,Dysequilibrium,vestibular sensory-transduction and balance-control structure,"altered configuration or regulated output of the named structure, expressed as the state described by dysequilibrium",remaining_5256,0feb40f42a42c31c7dc510e2d2a286087e67afa9c4a49bf44624fcf971612088,15,6,1,3,8,4,0.1656022323134202,0.27570084697561525,0.11009861466219506,0.11009861466219506,AWAY_FROM_REFERENCE,0.2,MINOR,1,198,,,617e8c9b2b53c54015124ef7bb15ece3ac6e571af799582b0b362a7f4b044850,0.26929573672296364,0.18778443502800446,0.640625,-2,True,592
SB1844,Epidermal growth factor receptor decreased,"cutaneous epidermal-dermal barrier, appendage, vascular, and immune structure",measured or functional quantity shifted below its reference structural range,remaining_5256,76fd7388f421f52395b07686994534cf0adc07a85b97c44d54880d8e7f0fbaba,300,117,14,27,130,41,0.18689409866718476,0.3050596012111093,0.11816550254392455,0.11816550254392455,AWAY_FROM_REFERENCE,0.09,MINOR,1,231,,,443f80fa4eeaeaea97e7d36a9d301e8ae3dcac0d427e930e067139c5886ce744,0.2692070049332667,0.18939116455276428,0.6328125,-13,True,593
SB3696,Numbness in fingers,peripheral sensory-nerve axonal conduction structure,"altered configuration or regulated output of the named structure, expressed as the state described by numbness in fingers",remaining_5256,cec86c91ba00cc53bc05ddca8117d101ad2cb43d558821ee64231cf0c468e91d,6,5,2,0,3,2,0.17369739625505176,0.2717265100264956,0.09802911377144385,0.09802911377144385,AWAY_FROM_REFERENCE,0.0,INFORMATIONAL,0,223,,,1ceb0c2b3b9ab997262355a95318be4a6c4dac18b8a253dcb5414300a5841a3e,0.269184266554102,0.19450825189524634,0.609375,2,True,594
SB1098,Chloasma,cutaneous melanocyte-pigment production and distribution structure,"altered configuration or regulated output of the named structure, expressed as the state described by chloasma",remaining_5256,39c6a8501c3e9766394d4313dd165be76026337646acaad3853faef8f1e6e908,28,13,3,11,21,14,0.14025495272660382,0.26213159794058427,0.12187664521398045,0.12187664521398045,AWAY_FROM_REFERENCE,0.39285714285714285,MODERATE,2,223,,,72b4dbeab2cf03cbcf6d188eb023fa38243578986cce5100a2d3b34b6f40af48,0.26914353626621085,0.1910287027636718,0.625,-8,True,595
SB2222,Gastrooesophageal reflux disease,"oesophageal mucosal, peristaltic, and sphincter-control structure",retrograde transit across a normally directional junction or valve,remaining_5256,8091c0def5c9972431bb874819d723650fa7ec9c3b41e0e16072dbcfbc06b591,28,7,5,3,5,8,0.14878272005505488,0.27152248073412455,0.12273976067906966,0.12273976067906966,AWAY_FROM_REFERENCE,0.10714285714285714,MINOR,1,231,,,651f14b2bf8ba158b82e6a252682d86c8527904d376c9da1efadc96415f8626c,0.269112936383647,0.19270632485810613,0.6171875,2,True,596
SB3752,Oesophageal reflux aggravated,"oesophageal mucosal, peristaltic, and sphincter-control structure",retrograde transit across a normally directional junction or valve,remaining_5256,8091c0def5c9972431bb874819d723650fa7ec9c3b41e0e16072dbcfbc06b591,28,7,5,3,5,8,0.14878272005505488,0.27152248073412455,0.12273976067906966,0.12273976067906966,AWAY_FROM_REFERENCE,0.10714285714285714,MINOR,1,231,,,f7fb0e1f31bc65ca4d0c96f8f419c7ca5b5744f029bdc49d15e79dcb8e7afc7b,0.269112936383647,0.19270632485810613,0.6171875,2,True,597
SB4565,Reflux esophagitis,"oesophageal mucosal, peristaltic, and sphincter-control structure",retrograde transit across a normally directional junction or valve,remaining_5256,8091c0def5c9972431bb874819d723650fa7ec9c3b41e0e16072dbcfbc06b591,28,7,5,3,5,8,0.14878272005505488,0.27152248073412455,0.12273976067906966,0.12273976067906966,AWAY_FROM_REFERENCE,0.10714285714285714,MINOR,1,231,,,f67528314f2a3b26b9fc600de64139b228cafa51271c1dbe9a604d9d74f4390d,0.269112936383647,0.19270632485810613,0.6171875,2,True,598
SB4566,Reflux gastritis,"oesophageal mucosal, peristaltic, and sphincter-control structure",retrograde transit across a normally directional junction or valve,remaining_5256,8091c0def5c9972431bb874819d723650fa7ec9c3b41e0e16072dbcfbc06b591,28,7,5,3,5,8,0.14878272005505488,0.27152248073412455,0.12273976067906966,0.12273976067906966,AWAY_FROM_REFERENCE,0.10714285714285714,MINOR,1,231,,,2c3b924c6c57d92479206bd22fb9776bc31ae9dd6852aa65c0f916e46dfe6173,0.269112936383647,0.19270632485810613,0.6171875,2,True,599
SB1847,Epidermolysis,"cutaneous epidermal-dermal barrier, appendage, vascular, and immune structure",loss of adhesion between epidermal layers causing mechanical separation and blistering,remaining_5256,03f4cdf7d50b5bec6c0fa279ef4e2f65a4204e2776859df8a2167994713be234,300,117,38,28,107,66,0.17166386075434448,0.3016107513607459,0.1299468906064014,0.1299468906064014,AWAY_FROM_REFERENCE,0.09333333333333334,MINOR,1,231,,,22943f60a734ec103627cdbf90a2022359d1cc3b9b2c4676eabcdc050cc312ac,0.26910013749963596,0.18411602134101945,0.65625,10,True,600
SB1848,Epidermolysis bullosa,"cutaneous epidermal-dermal barrier, appendage, vascular, and immune structure",loss of adhesion between epidermal layers causing mechanical separation and blistering,remaining_5256,03f4cdf7d50b5bec6c0fa279ef4e2f65a4204e2776859df8a2167994713be234,300,117,38,28,107,66,0.17166386075434448,0.3016107513607459,0.1299468906064014,0.1299468906064014,AWAY_FROM_REFERENCE,0.09333333333333334,MINOR,1,231,,,e0ae6f129a7e7b9f3e3063923abfa599c0723c51d737cc163ba5c448bcc2d909,0.26910013749963596,0.18411602134101945,0.65625,10,True,601
SB4369,Prostatic intraepithelial neoplasia,"male gonadal, ductal, accessory-gland, and reproductive-output structure","altered configuration or regulated output of the named structure, expressed as the state described by prostatic intraepithelial neoplasia",remaining_5256,13d735c4113e75a5280ebf024fb65b15d7bf5698c41a843c5d0d5a385f451fc6,190,92,13,13,92,26,0.13692625024755745,0.2554364279790333,0.11851017773147587,0.11851017773147587,AWAY_FROM_REFERENCE,0.06842105263157895,MINOR,1,223,,,569d8d5fbe2c918654b775bd0498c496bf725168be595b95827a1035e6c2e964,0.26907576987837106,0.19952075594923302,0.5859375,0,True,602
SB2564,Hydrothorax,"pleural membrane, pleural-space, and thoracic mechanical structure","altered configuration or regulated output of the named structure, expressed as the state described by hydrothorax",remaining_5256,7494cc74a112a587da7525bbccf52d8d07f6ab422ba3fa0f6875136483408480,36,19,1,0,18,1,0.16643275194220275,0.2937852663424092,0.12735251440020645,0.12735251440020645,AWAY_FROM_REFERENCE,0.0,INFORMATIONAL,0,197,,,a28dbbd4da0d2f791dffda8cba46f1cbb0ae1c693b3e5a01afb017370d199f43,0.2690544563764192,0.18577525167856002,0.6484375,1,True,603
SB4583,Renal colic,renal glomerular-tubular filtration and fluid-balance structure,episodic smooth-muscle contraction with associated luminal pressure and nociceptive signaling,remaining_5256,542cf1e94d9a449d2079e44d72599b64659582504a5e3b5ab74d1aea38b5e9ed,91,31,1,8,38,9,0.19559972856106567,0.3093906527982846,0.11379092423721893,0.11379092423721893,AWAY_FROM_REFERENCE,0.08791208791208792,MINOR,1,231,,,6d703143aafa85cbc14e265e2d22b8338338490ad5cd373dc0e41132e0ce282a,0.2690050994124913,0.19085987733230647,0.625,-7,True,604
SB3806,Oral mucosal petechiae,vascular wall and hemostatic integrity structure,"altered configuration or regulated output of the named structure, expressed as the state described by oral mucosal petechiae",remaining_5256,4e530db98170a90d1be57c9509cc6ffccb44d97feea71182802b10353980d723,325,199,6,26,219,32,0.18527962236783602,0.29483951165171574,0.10955988928387972,0.10955988928387972,AWAY_FROM_REFERENCE,0.08,MINOR,1,210,,,eb4896ed829990fcf2cccdd0d62753e30622abc9157f52be34265719ddf469c8,0.2689784206777629,0.19254228131434503,0.6171875,-20,True,605
SB0861,Bronchoconstriction,bronchial smooth-muscle tone and airway-caliber structure,excess or sustained contractile activation causing abnormal narrowing or mechanical state,remaining_5256,90809580875f0d8e4d4109d006d3f42aefc663b748037c8a09badb5ba2341b20,300,123,26,20,117,46,0.13480525111003483,0.24434287900202456,0.10953762789198973,0.10953762789198973,AWAY_FROM_REFERENCE,0.06666666666666667,MINOR,1,231,,,5653522091bda28e31e68908e826478ac1f19f506349d2e416bb812aed0cade1,0.26897581982927654,0.1925391095478982,0.6171875,6,True,606
SB4576,Renal abscess,renal glomerular-tubular filtration and fluid-balance structure,localized inflammatory cavity with tissue breakdown and accumulated cellular/fluid contents,remaining_5256,eef3c263ddf3008c8d7a5a26b3d8cf4bb9229d89db2d2134e9908bf8a794c32e,91,33,6,4,31,10,0.1468805379254834,0.27287934928160107,0.12599881135611768,0.12599881135611768,AWAY_FROM_REFERENCE,0.04395604395604396,MINOR,1,231,,,70d999ce33c3c5c18497353075ddbc961af4401aed311eaef0aed5578a380c9d,0.2689596100303811,0.20280897564680622,0.5703125,2,True,607
SB4599,Renal pain,renal glomerular-tubular filtration and fluid-balance structure,increased nociceptive signaling associated with local tissue or neural perturbation,remaining_5256,f23fdd8b53594cdca5aec7a8d8253525fdaf7b1716715b918905895da9430259,91,39,6,8,41,14,0.1784931899115756,0.3009359137385015,0.12244272382692589,0.12244272382692589,AWAY_FROM_REFERENCE,0.08791208791208792,MINOR,1,231,,,babf07ba5fb584dda0aea240462366531a36c9f9611e07bc799ecf92798211b6,0.2689397290507919,0.19421003542779502,0.609375,-2,True,608
SB3608,Nerve injury,peripheral sensory-nerve axonal conduction structure,externally imposed mechanical/thermal/chemical tissue-integrity disruption,remaining_5256,4a8d51405500504d0f89c70d1a2264d054a04e1d65651a064f2524743477918c,6,6,2,0,4,2,0.2079068497128037,0.32869560075464777,0.12078875104184406,0.12078875104184406,AWAY_FROM_REFERENCE,0.0,INFORMATIONAL,0,223,,,f2790db102af42e5a10fa70f70a02653e8de8833c95627df91066a2280f22bfc,0.2689345014407886,0.18905884322047395,0.6328125,2,True,609
SB4081,Peripheral nerve injury,peripheral sensory-nerve axonal conduction structure,externally imposed mechanical/thermal/chemical tissue-integrity disruption,remaining_5256,4a8d51405500504d0f89c70d1a2264d054a04e1d65651a064f2524743477918c,6,6,2,0,4,2,0.2079068497128037,0.32869560075464777,0.12078875104184406,0.12078875104184406,AWAY_FROM_REFERENCE,0.0,INFORMATIONAL,0,223,,,b9ee657186d1d986356cc4698c5a47bc8ea410e0241d0c470a83cff9acc1f72c,0.2689345014407886,0.18905884322047395,0.6328125,2,True,610
SB5467,Uterine cervical erosion,"female reproductive, gestational, placental, and reproductive-output structure",localized epithelial or tissue-surface loss with reduced barrier continuity,remaining_5256,2292041083be856ea5ea42e603685f58d6d2713092dea465771b2bd48a200a81,3,2,1,0,1,1,0.1587337547382246,0.26267851496941297,0.10394476023118837,0.10394476023118837,AWAY_FROM_REFERENCE,0.0,INFORMATIONAL,0,38,,,e1c362676940a86086fc24b7138fa077884f742734071451f82a6e8c6d12ccfc,0.26884435946876944,0.1889489139863042,0.6328125,1,True,611
SB5594,Vessel puncture site bruise,vascular wall and hemostatic integrity structure,"altered configuration or regulated output of the named structure, expressed as the state described by vessel puncture site bruise",remaining_5256,86ebe76c25ad284c42c010631c8683f696d76ffe64de05f37d6cf88f628bdc87,325,193,10,29,212,39,0.17550918234918456,0.2849186959683272,0.10940951361914264,0.10940951361914264,AWAY_FROM_REFERENCE,0.08923076923076922,MINOR,1,210,,,9a87398c9577677a6b2798fc0837c4488eb497d8ae485dab45b6bbfeb63a757c,0.26875207381042665,0.1939811875736911,0.609375,-19,True,612
SB1448,Degeneration of uterine fibroid,"female reproductive, gestational, placental, and reproductive-output structure","altered configuration or regulated output of the named structure, expressed as the state described by degeneration of uterine fibroid",remaining_5256,a6bffe1b13ac7ab3be1f747f3d4676a67b5eac5b253cdb795b6f94c20185bfac,3,1,1,0,0,1,0.13429114852596968,0.24541564733890087,0.11112449881293118,0.11112449881293118,AWAY_FROM_REFERENCE,0.0,INFORMATIONAL,0,38,,,139c450707b5f14b338115a953708043c16711d60e7216d800a1f1a93f68a0ab,0.26874397813381057,0.18882649772415927,0.6328125,1,True,613
SB0534,Autoimmune haemolytic anaemia,"erythrocyte production, integrity, and oxygen-transport structure",reduced erythrocyte/hemoglobin oxygen-transport capacity relative to systemic demand,remaining_5256,249881077b7f719f4548d735e65e9e5314d24086a7b4021141f168b0b70f5306,15,11,1,2,12,3,0.13559390969927643,0.2594325220907433,0.12383861239146687,0.12383861239146687,AWAY_FROM_REFERENCE,0.13333333333333333,MINOR,1,174,,,adc2b314dec0790f39e76a95a3541b5fbf83bfb2eb75453d78c49be7bfd59531,0.26872882198377934,0.19738270973631633,0.59375,-1,True,614
SB1311,Coombs positive haemolytic anaemia,"erythrocyte production, integrity, and oxygen-transport structure",reduced erythrocyte/hemoglobin oxygen-transport capacity relative to systemic demand,remaining_5256,249881077b7f719f4548d735e65e9e5314d24086a7b4021141f168b0b70f5306,15,11,1,2,12,3,0.13559390969927643,0.2594325220907433,0.12383861239146687,0.12383861239146687,AWAY_FROM_REFERENCE,0.13333333333333333,MINOR,1,174,,,d6ab3f3132c5fa045468c1ec8e6fc1d34b538a1f9c9ad4da180d7a1a282f230b,0.26872882198377934,0.19738270973631633,0.59375,-1,True,615
SB1446,Deficiency anaemia,"erythrocyte production, integrity, and oxygen-transport structure",reduced erythrocyte/hemoglobin oxygen-transport capacity relative to systemic demand,remaining_5256,249881077b7f719f4548d735e65e9e5314d24086a7b4021141f168b0b70f5306,15,11,1,2,12,3,0.13559390969927643,0.2594325220907433,0.12383861239146687,0.12383861239146687,AWAY_FROM_REFERENCE,0.13333333333333333,MINOR,1,174,,,352204cd074224feaf7ad4b529519e66244069ade6e7d8a67bf320052abea4e8,0.26872882198377934,0.19738270973631633,0.59375,-1,True,616
SB2374,Haemolytic anaemia,"erythrocyte production, integrity, and oxygen-transport structure",reduced erythrocyte/hemoglobin oxygen-transport capacity relative to systemic demand,remaining_5256,249881077b7f719f4548d735e65e9e5314d24086a7b4021141f168b0b70f5306,15,11,1,2,12,3,0.13559390969927643,0.2594325220907433,0.12383861239146687,0.12383861239146687,AWAY_FROM_REFERENCE,0.13333333333333333,MINOR,1,174,,,774ba9a9a514d4a7c7aac4d6601d4143d127143e2c3945eb207f09ccd7190e39,0.26872882198377934,0.19738270973631633,0.59375,-1,True,617
SB2383,Haemorrhagic anaemia,"erythrocyte production, integrity, and oxygen-transport structure",reduced erythrocyte/hemoglobin oxygen-transport capacity relative to systemic demand,remaining_5256,249881077b7f719f4548d735e65e9e5314d24086a7b4021141f168b0b70f5306,15,11,1,2,12,3,0.13559390969927643,0.2594325220907433,0.12383861239146687,0.12383861239146687,AWAY_FROM_REFERENCE,0.13333333333333333,MINOR,1,174,,,5495d8497016e1e1bb6037217664f05ecc6bb8e982b1a6d8af06faa8b439722f,0.26872882198377934,0.19738270973631633,0.59375,-1,True,618
SB2406,Hand and foot syndrome secondary to sickle cell anaemia,"erythrocyte production, integrity, and oxygen-transport structure",reduced erythrocyte/hemoglobin oxygen-transport capacity relative to systemic demand,remaining_5256,249881077b7f719f4548d735e65e9e5314d24086a7b4021141f168b0b70f5306,15,11,1,2,12,3,0.13559390969927643,0.2594325220907433,0.12383861239146687,0.12383861239146687,AWAY_FROM_REFERENCE,0.13333333333333333,MINOR,1,174,,,55ddc005fde553f3b36cbd27891084593c2e2e8629c0776d8571cb9277aa4be6,0.26872882198377934,0.19738270973631633,0.59375,-1,True,619
SB2662,Hypochromic anaemia,"erythrocyte production, integrity, and oxygen-transport structure",reduced erythrocyte/hemoglobin oxygen-transport capacity relative to systemic demand,remaining_5256,249881077b7f719f4548d735e65e9e5314d24086a7b4021141f168b0b70f5306,15,11,1,2,12,3,0.13559390969927643,0.2594325220907433,0.12383861239146687,0.12383861239146687,AWAY_FROM_REFERENCE,0.13333333333333333,MINOR,1,174,,,3634a1a63fea991cd1934acc847446e004c980179b2e09b890d162db1d4b21c6,0.26872882198377934,0.19738270973631633,0.59375,-1,True,620
SB2691,Hypoplastic anaemia,"erythrocyte production, integrity, and oxygen-transport structure",reduced erythrocyte/hemoglobin oxygen-transport capacity relative to systemic demand,remaining_5256,249881077b7f719f4548d735e65e9e5314d24086a7b4021141f168b0b70f5306,15,11,1,2,12,3,0.13559390969927643,0.2594325220907433,0.12383861239146687,0.12383861239146687,AWAY_FROM_REFERENCE,0.13333333333333333,MINOR,1,174,,,54c16771f0c3bd06e68f444c4dcc0d61d6f9bdf07869b0427f180109a66367d2,0.26872882198377934,0.19738270973631633,0.59375,-1,True,621
SB2957,Iron deficiency anaemia,"erythrocyte production, integrity, and oxygen-transport structure",reduced erythrocyte/hemoglobin oxygen-transport capacity relative to systemic demand,remaining_5256,249881077b7f719f4548d735e65e9e5314d24086a7b4021141f168b0b70f5306,15,11,1,2,12,3,0.13559390969927643,0.2594325220907433,0.12383861239146687,0.12383861239146687,AWAY_FROM_REFERENCE,0.13333333333333333,MINOR,1,174,,,d338b7ac1f271ef5f67332e0272203c5bf5c1f237779b99cab8b509a933bc8f6,0.26872882198377934,0.19738270973631633,0.59375,-1,True,622
SB3357,Microangiopathic haemolytic anaemia,"erythrocyte production, integrity, and oxygen-transport structure",reduced erythrocyte/hemoglobin oxygen-transport capacity relative to systemic demand,remaining_5256,249881077b7f719f4548d735e65e9e5314d24086a7b4021141f168b0b70f5306,15,11,1,2,12,3,0.13559390969927643,0.2594325220907433,0.12383861239146687,0.12383861239146687,AWAY_FROM_REFERENCE,0.13333333333333333,MINOR,1,174,,,412aa9d358f425e2826652ef30cfcea641f6b4dccb2d17402d55266e41ef3337,0.26872882198377934,0.19738270973631633,0.59375,-1,True,623
SB3360,Microcytic anaemia,"erythrocyte production, integrity, and oxygen-transport structure",reduced erythrocyte/hemoglobin oxygen-transport capacity relative to systemic demand,remaining_5256,249881077b7f719f4548d735e65e9e5314d24086a7b4021141f168b0b70f5306,15,11,1,2,12,3,0.13559390969927643,0.2594325220907433,0.12383861239146687,0.12383861239146687,AWAY_FROM_REFERENCE,0.13333333333333333,MINOR,1,174,,,ffb98dc27eff78436be531c77e14ad3aa88601c576038554919622173ca6e026,0.26872882198377934,0.19738270973631633,0.59375,-1,True,624
SB3688,Normochromic normocytic anaemia,"erythrocyte production, integrity, and oxygen-transport structure",reduced erythrocyte/hemoglobin oxygen-transport capacity relative to systemic demand,remaining_5256,249881077b7f719f4548d735e65e9e5314d24086a7b4021141f168b0b70f5306,15,11,1,2,12,3,0.13559390969927643,0.2594325220907433,0.12383861239146687,0.12383861239146687,AWAY_FROM_REFERENCE,0.13333333333333333,MINOR,1,174,,,ca2334210d2b98ccc4d7f513353af90ff4545098f152b4229546a95f05a09464,0.26872882198377934,0.19738270973631633,0.59375,-1,True,625
SB3689,Normocytic anemia,"erythrocyte production, integrity, and oxygen-transport structure",reduced erythrocyte/hemoglobin oxygen-transport capacity relative to systemic demand,remaining_5256,249881077b7f719f4548d735e65e9e5314d24086a7b4021141f168b0b70f5306,15,11,1,2,12,3,0.13559390969927643,0.2594325220907433,0.12383861239146687,0.12383861239146687,AWAY_FROM_REFERENCE,0.13333333333333333,MINOR,1,174,,,42c0b0e0459637d4125403c98764d533499656a7c0114c57698a2757d1f37032,0.26872882198377934,0.19738270973631633,0.59375,-1,True,626
SB4568,Refractory anaemia with an excess of blasts,"erythrocyte production, integrity, and oxygen-transport structure",reduced erythrocyte/hemoglobin oxygen-transport capacity relative to systemic demand,remaining_5256,249881077b7f719f4548d735e65e9e5314d24086a7b4021141f168b0b70f5306,15,11,1,2,12,3,0.13559390969927643,0.2594325220907433,0.12383861239146687,0.12383861239146687,AWAY_FROM_REFERENCE,0.13333333333333333,MINOR,1,174,,,cecccd1915bdea9c778c77a1669797a32397e64fede4b10ea5436e3782815592,0.26872882198377934,0.19738270973631633,0.59375,-1,True,627
SB4569,Refractory anemia,"erythrocyte production, integrity, and oxygen-transport structure",reduced erythrocyte/hemoglobin oxygen-transport capacity relative to systemic demand,remaining_5256,249881077b7f719f4548d735e65e9e5314d24086a7b4021141f168b0b70f5306,15,11,1,2,12,3,0.13559390969927643,0.2594325220907433,0.12383861239146687,0.12383861239146687,AWAY_FROM_REFERENCE,0.13333333333333333,MINOR,1,174,,,15c04477368c71e95a0bd893f15be855a643ddae4b1c9767dc58d909889901b9,0.26872882198377934,0.19738270973631633,0.59375,-1,True,628
SB4570,Refractory anemia with excess blasts in transformation,"erythrocyte production, integrity, and oxygen-transport structure",reduced erythrocyte/hemoglobin oxygen-transport capacity relative to systemic demand,remaining_5256,249881077b7f719f4548d735e65e9e5314d24086a7b4021141f168b0b70f5306,15,11,1,2,12,3,0.13559390969927643,0.2594325220907433,0.12383861239146687,0.12383861239146687,AWAY_FROM_REFERENCE,0.13333333333333333,MINOR,1,174,,,328d73433b68a8f2a2eaa0ff0bf8a16be597af910efd96573c7ed980e9bbf875,0.26872882198377934,0.19738270973631633,0.59375,-1,True,629
SB4765,Secondary anemia,"erythrocyte production, integrity, and oxygen-transport structure",reduced erythrocyte/hemoglobin oxygen-transport capacity relative to systemic demand,remaining_5256,249881077b7f719f4548d735e65e9e5314d24086a7b4021141f168b0b70f5306,15,11,1,2,12,3,0.13559390969927643,0.2594325220907433,0.12383861239146687,0.12383861239146687,AWAY_FROM_REFERENCE,0.13333333333333333,MINOR,1,174,,,edf41babf1889f913350aa6d92eac1b9087be9e493a34ce8eed16e0bf3647fbf,0.26872882198377934,0.19738270973631633,0.59375,-1,True,630
SB4848,Sickle cell anaemia,"erythrocyte production, integrity, and oxygen-transport structure",reduced erythrocyte/hemoglobin oxygen-transport capacity relative to systemic demand,remaining_5256,249881077b7f719f4548d735e65e9e5314d24086a7b4021141f168b0b70f5306,15,11,1,2,12,3,0.13559390969927643,0.2594325220907433,0.12383861239146687,0.12383861239146687,AWAY_FROM_REFERENCE,0.13333333333333333,MINOR,1,174,,,e3c51bb64cd4093f3921ceb4deaa289692c0951c30fe72bdd3ffe922e4974bd7,0.26872882198377934,0.19738270973631633,0.59375,-1,True,631
SB4849,Sickle cell anaemia with crisis,"erythrocyte production, integrity, and oxygen-transport structure",reduced erythrocyte/hemoglobin oxygen-transport capacity relative to systemic demand,remaining_5256,249881077b7f719f4548d735e65e9e5314d24086a7b4021141f168b0b70f5306,15,11,1,2,12,3,0.13559390969927643,0.2594325220907433,0.12383861239146687,0.12383861239146687,AWAY_FROM_REFERENCE,0.13333333333333333,MINOR,1,174,,,7b2aaee0be98809830ef5166ee46b720bd31e07fe2bde4a323e87002a6b75f73,0.26872882198377934,0.19738270973631633,0.59375,-1,True,632
SB4851,Sideroblastic anaemia,"erythrocyte production, integrity, and oxygen-transport structure",reduced erythrocyte/hemoglobin oxygen-transport capacity relative to systemic demand,remaining_5256,249881077b7f719f4548d735e65e9e5314d24086a7b4021141f168b0b70f5306,15,11,1,2,12,3,0.13559390969927643,0.2594325220907433,0.12383861239146687,0.12383861239146687,AWAY_FROM_REFERENCE,0.13333333333333333,MINOR,1,174,,,66834d0fee89bcde5fa8fc6e13ad08e5134611aaf1c36b4c1dc3ba4c151f1a01,0.26872882198377934,0.19738270973631633,0.59375,-1,True,633
SB5670,Warm type haemolytic anaemia,"erythrocyte production, integrity, and oxygen-transport structure",reduced erythrocyte/hemoglobin oxygen-transport capacity relative to systemic demand,remaining_5256,249881077b7f719f4548d735e65e9e5314d24086a7b4021141f168b0b70f5306,15,11,1,2,12,3,0.13559390969927643,0.2594325220907433,0.12383861239146687,0.12383861239146687,AWAY_FROM_REFERENCE,0.13333333333333333,MINOR,1,174,,,05611dccda2316af74e56b9ba437f3d18fcace014ef70c596069862eb592131b,0.26872882198377934,0.19738270973631633,0.59375,-1,True,634
SB5420,Urethral pain,"urethral lumen, mucosal, sphincter, and urine-flow structure",increased nociceptive signaling associated with local tissue or neural perturbation,remaining_5256,e3190c05c11d06cef77d30b0a941fab87240bb7d59114ad03231654373d597c7,465,130,20,53,163,73,0.1734899321209462,0.2892883636039256,0.11579843148297941,0.11579843148297941,AWAY_FROM_REFERENCE,0.11397849462365592,MINOR,1,231,,,5a9960328c9038c7e3ea36f871778f5c9e90c0273bfcb57ed2cbdc56ed47eac8,0.268721470082087,0.1905139879049842,0.625,-33,True,635
SB3598,Nephrolithiasis,renal glomerular-tubular filtration and fluid-balance structure,"altered configuration or regulated output of the named structure, expressed as the state described by nephrolithiasis",remaining_5256,10a8d1915b10a8c85f385ee331d91cbbff226386a6f1ad424612a5b180c17fe1,91,28,6,9,31,15,0.14056119013854063,0.2600331543544261,0.11947196421588546,0.11947196421588546,AWAY_FROM_REFERENCE,0.0989010989010989,MINOR,1,231,,,603e420a4a9052c11352fe28a9cabc13107e3a1c74d685f308639f1b512d40ea,0.2686779511083406,0.19217585501017143,0.6171875,-3,True,636
SB0350,Antineutrophil cytoplasmic antibody positive,neutrophil-antigen autoantibody immune-recognition structure,detectable presence of the measured target where the reference state is absent or lower,established_478,86fcd86c7c02c7e7e59ecdd5f03dd47c5a3ecbb836ed87ba7661bd7228e3f21a,1,1,1,0,0,1,0.18335911655123627,0.29820631787725005,0.11484720132601378,0.11484720132601378,AWAY_FROM_REFERENCE,0.0,INFORMATIONAL,0,57,,,28402ea8196c3713d3de25cf4cd69e5fb4600d6a7cd52b28946e221cae016bfd,0.2686652573816205,0.18873049680685428,0.6328125,1,True,637
SB0471,Aseptic necrosis,bone perfusion and osteocyte-viability structure,loss of cellular viability with local tissue structural breakdown,established_478,608d749e97a7bcf9c13eb0b25c0c2ab6b499c85519600b53f4e4973ef21134b9,120,49,7,11,53,18,0.23662587909829202,0.35273608412025326,0.11611020502196123,0.11611020502196123,AWAY_FROM_REFERENCE,0.09166666666666666,MINOR,1,231,,,59c49e5724116266a9b330a0d72bfa4a15ae66a1ff11916fa763b8efe56462d0,0.26855547186718987,0.19374142910632908,0.609375,-4,True,638
SB0472,Aseptic necrosis of bone,bone perfusion and osteocyte-viability structure,loss of cellular viability with local tissue structural breakdown,established_478,608d749e97a7bcf9c13eb0b25c0c2ab6b499c85519600b53f4e4973ef21134b9,120,49,7,11,53,18,0.23662587909829202,0.35273608412025326,0.11611020502196123,0.11611020502196123,AWAY_FROM_REFERENCE,0.09166666666666666,MINOR,1,231,,,a24b11aa397ae3fe39b36d7167452e5c4d0c09249cbd40ee4d5580174768f7af,0.26855547186718987,0.19374142910632908,0.609375,-4,True,639
SB2058,Fibroadenosis of breast,"mammary gland ductal-lobular, secretory, and surface structure","abnormal structural accumulation, degeneration, remodeling, or chronic state within the named structure",remaining_5256,30148ad17f4316c624b480b2cb52b8dfe3cbd6fdd759670b8298eba3a64c115f,231,90,12,26,104,38,0.13654549279872508,0.2581273789174694,0.12158188611874432,0.12158188611874432,AWAY_FROM_REFERENCE,0.11255411255411256,MINOR,1,223,,,c8b4db67dc9ab3ba7de04314796544db315e36abf4568b7038e2339ead2fcb00,0.2684909158085079,0.1919477631811073,0.6171875,-14,True,640
SB5212,Thrombocytosis,"platelet production, activation, adhesion, and aggregation structure","abnormal structural accumulation, degeneration, remodeling, or chronic state within the named structure",remaining_5256,2a04b24d59d4aa833a33f87e35b0291862b849b863c7e2c53ee92719b185c21e,15,5,3,3,5,6,0.1575280388034329,0.2713231434928477,0.11379510468941478,0.11379510468941478,AWAY_FROM_REFERENCE,0.2,MINOR,1,230,,,92c04cc02423ce6192d3364290753fc1eecf176ee42488505334aa106a0af619,0.26840175812524886,0.18840915625030352,0.6328125,0,True,641
SB0219,Alcohol intoxication,central neural ethanol-response structure,chemical burden exceeding or altering the reference exposure-clearance state,established_478,af19bdd6d2a7196d2fbccdeb5e7324cf364bea9367fa3b08a33d156cbaf05c8f,36,17,2,2,17,4,0.23340598917584043,0.394478065772327,0.1610720765964866,0.1610720765964866,AWAY_FROM_REFERENCE,0.05555555555555555,MINOR,1,231,230,230,c83e92909aa960bcdf4ed89bc5d7e14cdf16997151228bffd515138c02c0a9a4,0.26839222954394576,0.18668259700481193,0.640625,0,True,642
SB0339,Anterior ischemic optic neuropathy,optic-nerve-head perfusion and axonal-conduction structure,anterior optic-nerve-head perfusion loss with axonal conduction and viability compromise,established_478,4386fdf16f19c6356d10e8409548c65566d16245ce6a8196d9a127f8a92c1d0b,1653,525,76,145,594,221,0.10406141258984791,0.2094414477997405,0.10538003520989259,0.10538003520989259,AWAY_FROM_REFERENCE,0.08771929824561403,MINOR,1,222,,,12298f9da55aec34eb44c273dc995d33b922d83f5d17700848c171cf924476e7,0.26827878046374054,0.18997412251675683,0.625,-69,True,643
SB1895,Erythropoiesis abnormal,"erythrocyte production, integrity, and oxygen-transport structure",departure from the reference structural configuration or regulated functional range,remaining_5256,1cdbf8768c1b7be2d5ff2b9eb9e8503111c9818acbe4907dc6e9af3e0676dafc,15,11,1,2,12,3,0.15059773287173472,0.2799748986685112,0.1293771657967765,0.1293771657967765,AWAY_FROM_REFERENCE,0.13333333333333333,MINOR,1,174,,,9143dfcf1bf2411b77626d2bacc603047542890cd1ea1f386c914246b803c21e,0.26819927103105695,0.18816222076958167,0.6328125,-1,True,644
SB2367,Haemoglobin abnormal,"erythrocyte production, integrity, and oxygen-transport structure",departure from the reference structural configuration or regulated functional range,remaining_5256,1cdbf8768c1b7be2d5ff2b9eb9e8503111c9818acbe4907dc6e9af3e0676dafc,15,11,1,2,12,3,0.15059773287173472,0.2799748986685112,0.1293771657967765,0.1293771657967765,AWAY_FROM_REFERENCE,0.13333333333333333,MINOR,1,174,,,48999973b138399bf5eadee803e471d2c077465eb4f7076a99c183dc46415adb,0.26819927103105695,0.18816222076958167,0.6328125,-1,True,645
SB3922,Palmar-plantar erythrodysaesthesia syndrome,"erythrocyte production, integrity, and oxygen-transport structure",departure from the reference structural configuration or regulated functional range,remaining_5256,1cdbf8768c1b7be2d5ff2b9eb9e8503111c9818acbe4907dc6e9af3e0676dafc,15,11,1,2,12,3,0.15059773287173472,0.2799748986685112,0.1293771657967765,0.1293771657967765,AWAY_FROM_REFERENCE,0.13333333333333333,MINOR,1,174,,,c7e386cc46602a515ab3232cb4e7ab281b2868046438c1ab778033fc6f0286b6,0.26819927103105695,0.18816222076958167,0.6328125,-1,True,646
SB4363,Prostate induration,"male gonadal, ductal, accessory-gland, and reproductive-output structure","altered configuration or regulated output of the named structure, expressed as the state described by prostate induration",remaining_5256,ddf873b4f991791f53c876343677cee1e75cbc0387008b542030498d37c01c61,190,90,15,19,94,34,0.1382521242502891,0.25526551159770716,0.11701338734741806,0.11701338734741806,AWAY_FROM_REFERENCE,0.1,MINOR,1,223,,,a7a3f1a3f115c9328e03648a90fd7949cb75a1a1f4fa7858b5147108945f649b,0.2681767805482861,0.19499454944912942,0.6015625,-4,True,647
SB0234,Allergic hepatitis,hepatocyte immune-inflammatory and metabolic integrity structure,"localized or systemic inflammatory activation with altered barrier, vascular, and cellular organization",established_478,cc259e22af9811bd135f21d2cfa6ac0d928cfd868c00c00cf822b73022957da8,666,276,42,59,293,101,0.15921025988281423,0.24641208187545272,0.08720182199263848,0.08720182199263848,AWAY_FROM_REFERENCE,0.08858858858858859,MINOR,1,231,,,c19015169928864ad60bca61db555b0d7de89890cb3245f363e9819664736c54,0.26813946924153054,0.19666398687991526,0.59375,-17,True,648
SB1754,Electrocardiogram ST segment,"cardiac conduction, depolarization, repolarization, and rhythm structure","altered configuration or regulated output of the named structure, expressed as the state described by electrocardiogram st segment",remaining_5256,018df55e008c0fed214110cb7aee4333367d960a644e935f100ba708f757cc90,703,201,37,104,268,141,0.10083432549905347,0.22718733209396813,0.12635300659491466,0.12635300659491466,AWAY_FROM_REFERENCE,0.14793741109530584,MINOR,1,230,,,f46b9bfcd4822d5e0f894fc7337ce7cd2ee64c3fa1a2051c86fe7029ad1b67ea,0.26812460806825356,0.19493092447347993,0.6015625,-67,True,649
SB5562,Venipuncture site bruise,vascular wall and hemostatic integrity structure,"altered configuration or regulated output of the named structure, expressed as the state described by venipuncture site bruise",remaining_5256,4c5c29a1dc384d43908c60730b926da5b8b00ea45d357ddfb6d95df2265bdc11,325,189,7,32,214,39,0.17373744471180297,0.2848633658131021,0.11112592110129915,0.11112592110129915,AWAY_FROM_REFERENCE,0.09846153846153846,MINOR,1,210,,,e8768107b8242d7c4d6b0ea0db91aea813a8b1efb85fb3dee1317768545010bf,0.2680857022364041,0.1948834783370782,0.6015625,-25,True,650
SB2125,Frequent bowel movements,"intestinal mucosal barrier, smooth-muscle motility, and luminal transport structure","altered configuration or regulated output of the named structure, expressed as the state described by frequent bowel movements",remaining_5256,19097a597f73d6223aaae71cb95c4a88474c34cda3ec5d55ebebb911a41962ab,276,88,10,30,108,40,0.10997394019191109,0.23550850605415652,0.12553456586224543,0.12553456586224543,AWAY_FROM_REFERENCE,0.10869565217391304,MINOR,1,231,,,d942cd48d351946a473894664e9ef56c6982f9dee8ba5cbfce751f09da0c3d8d,0.26807623549558257,0.19830181157997873,0.5859375,-20,True,651
SB0324,Anophthalmos,ocular developmental structure,"altered configuration or regulated output of the named structure, expressed as the state described by anophthalmos",established_478,1b11eaacfa029c6d0d343d3295ed0e8e3befd6fc86eaa2416b67cbc2270b774c,15,6,0,2,8,2,0.1974704649248007,0.29947320476464,0.10200273983983932,0.10200273983983932,AWAY_FROM_REFERENCE,0.13333333333333333,MINOR,1,231,,,1358d8500ec009fc79a25b66e2e9a2f2c425a1e8e27673d3cb7238730661e0ac,0.2680554947743719,0.186271944846795,0.640625,-2,True,652
SB0933,Carbohydrate tolerance decreased,"glucose-carbohydrate digestion, transport, insulin-response, and storage structure",measured or functional quantity shifted below its reference structural range,remaining_5256,e8368a8b6c9d013c1f9b519d71e76625f7009c7a5663e9f3b4a64454da799f2e,28,12,0,2,14,2,0.13000663906195553,0.22698801366663535,0.09698137460467982,0.09698137460467982,AWAY_FROM_REFERENCE,0.07142857142857142,MINOR,1,223,,,3cf9a913e2f315c44d9d7fea1f3b556e54c2b74eedd76fc407c3634c044ac598,0.2679488548250786,0.19643153027448612,0.59375,-2,True,653
SB5465,Uterine atony,"female reproductive, gestational, placental, and reproductive-output structure",reduced contractile tone with impaired structural support or propulsion,remaining_5256,73377e7f6b5d76bcbc4ee518c2484e082cba40115fd5f33b5856f6faae0f3c35,3,1,1,0,0,1,0.140572943184343,0.2564330382059179,0.1158600950215749,0.1158600950215749,AWAY_FROM_REFERENCE,0.0,INFORMATIONAL,0,38,,,caef645d9518e603c8ea46cbfb9f606b9afbe8dc42a298caaa75edb02d7a661b,0.2679273340523947,0.1929754073809692,0.609375,1,True,654
SB1739,Ejaculation inhibited,"male gonadal, ductal, accessory-gland, and reproductive-output structure","altered configuration or regulated output of the named structure, expressed as the state described by ejaculation inhibited",remaining_5256,6bb9b03f06d86b9dbaaceedaed3bcdec799d7e41c12b85a655e303476d0533ad,190,80,11,20,89,31,0.13196820141906662,0.24644096558901796,0.11447276416995134,0.11447276416995134,AWAY_FROM_REFERENCE,0.10526315789473684,MINOR,1,223,,,fe835401fccb352be3e4d6184258e2a377392bf904d36113782b72d0070c99aa,0.2678663287345245,0.19633088870063964,0.59375,-9,True,655
SB2590,Hyperhidrosis,eccrine-apocrine sweat-gland secretory structure,"excess magnitude, activity, quantity, or tissue state above the reference configuration",remaining_5256,f226d08ddcdd03cc42a1d8f279a64e34917c504948801c7e58306f6e77344fc8,105,58,16,2,44,18,0.18753912119970884,0.30334529037019275,0.11580616917048392,0.11580616917048392,AWAY_FROM_REFERENCE,0.01904761904761905,MINOR,1,174,,,494bde1a11b4ea123046feea0fe16e0a9093e8c0684189e45d4f6dca7cf36a80,0.26781585149376913,0.19112451401679165,0.6171875,14,True,656
SB0193,Aggressive reaction,corticolimbic threat-response and impulse-control structure,behavioral-control output shifted toward excessive threat-directed or forceful action,established_478,b60d27ea2673e4591ffcbd95a4eb90ea7a80213fd9a108d3b39344788cec2445,153,53,8,31,76,39,0.159645096047921,0.2569949689860499,0.09734987293812891,0.09734987293812891,AWAY_FROM_REFERENCE,0.20261437908496732,MINOR,1,223,,,aa02f11dceaec986fc3b492e4d26b76f5cd1b867fa3623ae4e50f109c2baf6a5,0.26774600918788993,0.18589452339986579,0.640625,-23,True,657
SB0539,Autonomic nervous system imbalance,vestibular sensory-transduction and balance-control structure,departure from the reference structural configuration or regulated functional range,remaining_5256,eaf5ac79481508d425c7a4f6e01e99bca11d5d062dc4ef597351c12650e79064,15,4,1,2,5,3,0.19117992639832704,0.3070260809041153,0.11584615450578828,0.11584615450578828,AWAY_FROM_REFERENCE,0.13333333333333333,MINOR,1,198,,,803c199dc794893c14798c00e77889e38494c01a2159cbcce82949519e4499b3,0.2676846588486112,0.18410476688855026,0.6484375,-1,True,658
SB1568,Disequilibrium syndrome,vestibular sensory-transduction and balance-control structure,departure from the reference structural configuration or regulated functional range,remaining_5256,eaf5ac79481508d425c7a4f6e01e99bca11d5d062dc4ef597351c12650e79064,15,4,1,2,5,3,0.19117992639832704,0.3070260809041153,0.11584615450578828,0.11584615450578828,AWAY_FROM_REFERENCE,0.13333333333333333,MINOR,1,198,,,b98b06926f09803e2f9441d3fc6c3d5e83d3ea5ff661b387478fb5ce571d5da5,0.2676846588486112,0.18410476688855026,0.6484375,-1,True,659
SB1774,Electrolyte imbalance,vestibular sensory-transduction and balance-control structure,departure from the reference structural configuration or regulated functional range,remaining_5256,eaf5ac79481508d425c7a4f6e01e99bca11d5d062dc4ef597351c12650e79064,15,4,1,2,5,3,0.19117992639832704,0.3070260809041153,0.11584615450578828,0.11584615450578828,AWAY_FROM_REFERENCE,0.13333333333333333,MINOR,1,198,,,a9f81ff0ea54569e9409bbce574bc012a288b7be69b2553f7c11872f0f483dd6,0.2676846588486112,0.18410476688855026,0.6484375,-1,True,660
SB2075,Fluid and electrolyte imbalance,vestibular sensory-transduction and balance-control structure,departure from the reference structural configuration or regulated functional range,remaining_5256,eaf5ac79481508d425c7a4f6e01e99bca11d5d062dc4ef597351c12650e79064,15,4,1,2,5,3,0.19117992639832704,0.3070260809041153,0.11584615450578828,0.11584615450578828,AWAY_FROM_REFERENCE,0.13333333333333333,MINOR,1,198,,,31bfbe3fff8ad6d5b2b80edd0c5d6a3422571ab112c584ff3ecc11f5df2cafd1,0.2676846588486112,0.18410476688855026,0.6484375,-1,True,661
SB2076,Fluid imbalance,vestibular sensory-transduction and balance-control structure,departure from the reference structural configuration or regulated functional range,remaining_5256,eaf5ac79481508d425c7a4f6e01e99bca11d5d062dc4ef597351c12650e79064,15,4,1,2,5,3,0.19117992639832704,0.3070260809041153,0.11584615450578828,0.11584615450578828,AWAY_FROM_REFERENCE,0.13333333333333333,MINOR,1,198,,,ca62c6da5878c95a158061624d5bd908c36826cd0f0d227923ed4f924d61ca2c,0.2676846588486112,0.18410476688855026,0.6484375,-1,True,662
SB3031,Labyrinthine disorder,vestibular sensory-transduction and balance-control structure,departure from the reference structural configuration or regulated functional range,remaining_5256,eaf5ac79481508d425c7a4f6e01e99bca11d5d062dc4ef597351c12650e79064,15,4,1,2,5,3,0.19117992639832704,0.3070260809041153,0.11584615450578828,0.11584615450578828,AWAY_FROM_REFERENCE,0.13333333333333333,MINOR,1,198,,,713bbda141d89c44408f6893a9d9c5e0ec9380e36a60195562c86cc4037d8f87,0.2676846588486112,0.18410476688855026,0.6484375,-1,True,663
SB5599,Vestibular disorder,vestibular sensory-transduction and balance-control structure,departure from the reference structural configuration or regulated functional range,remaining_5256,eaf5ac79481508d425c7a4f6e01e99bca11d5d062dc4ef597351c12650e79064,15,4,1,2,5,3,0.19117992639832704,0.3070260809041153,0.11584615450578828,0.11584615450578828,AWAY_FROM_REFERENCE,0.13333333333333333,MINOR,1,198,,,7d85812a03d6688e58086f6068af1558b280a7a372fd2db0c592364f27cc774c,0.2676846588486112,0.18410476688855026,0.6484375,-1,True,664
SB5601,Vestibular toxicity,vestibular sensory-transduction and balance-control structure,departure from the reference structural configuration or regulated functional range,remaining_5256,eaf5ac79481508d425c7a4f6e01e99bca11d5d062dc4ef597351c12650e79064,15,4,1,2,5,3,0.19117992639832704,0.3070260809041153,0.11584615450578828,0.11584615450578828,AWAY_FROM_REFERENCE,0.13333333333333333,MINOR,1,198,,,49b9b306b785305a039993b2758f003a477576e47b7620802ec958f9f7301605,0.2676846588486112,0.18410476688855026,0.6484375,-1,True,665
SB5111,Sweat gland tumour,eccrine-apocrine sweat-gland secretory structure,loss of normal proliferative/differentiation constraint with clonal tissue expansion and architectural replacement,remaining_5256,f920a0508fdc2da33adb4b37987872b797781bd7ef5ef360eeba0b4366cea05e,105,58,11,1,48,12,0.21824328402803994,0.3227929079825945,0.10454962395455458,0.10454962395455458,AWAY_FROM_REFERENCE,0.009523809523809525,MINOR,1,174,,,105b8872082f4ca8610d32f5a8bd7950d847dc43ba7c10e5213cc8785a994e3c,0.2676329640592553,0.19433135860884798,0.6015625,10,True,666
SB4184,Platelet count normal,"platelet production, activation, adhesion, and aggregation structure",measured state within the declared reference range rather than a malformation,remaining_5256,e9e42d5bc07c50c8b2d63e4baef975748feff148492dec6fbdbba085b7e83aa4,15,5,4,4,5,8,0.14742818137767422,0.2594060495820727,0.11197786820439848,0.11197786820439848,AWAY_FROM_REFERENCE,0.26666666666666666,MODERATE,2,230,,,40b0c590ddaed30d6974d52bfa6fff4ba5fd64e840042a5ea59f71a3cc07350c,0.2674891561339675,0.1890111660170336,0.625,0,True,667
SB0221,Alcohol problem,central reward-control and ethanol-dependence structure,"altered configuration or regulated output of the named structure, expressed as the state described by alcohol problem",established_478,327b57d14f2908ad302691b8ad8502a75ebe2b4dcc6db698cd83494448c7fdc1,3,1,1,0,0,1,0.14885476900650962,0.27525497066993143,0.1264002016634218,0.1264002016634218,AWAY_FROM_REFERENCE,0.0,INFORMATIONAL,0,230,,,48f6867c112a07037203ae159424d5e2267b4bf8f7c5cd0fe4253cc09a9d4b7b,0.26745596536986393,0.18725575045105358,0.6328125,1,True,668
SB0936,Carbuncle,cutaneous follicular-barrier and local immune structure,"altered configuration or regulated output of the named structure, expressed as the state described by carbuncle",remaining_5256,2e6b9b679ad22817ed3ccc16c17dba510f23e2d0835fbbe1d04d2b217fcf5a43,45,12,4,1,9,5,0.14185729296291516,0.2425976400777623,0.10074034711484714,0.10074034711484714,AWAY_FROM_REFERENCE,0.022222222222222223,MINOR,1,223,,,6bc676c2ddac26847073b3db90b474db9c5874d1cc936c1e407e6cf60a233e60,0.267443346641072,0.18724036175740488,0.6328125,3,True,669
SB1840,Eosinophilic pneumonia,"circulating leukocyte production, distribution, and effector-cell structure",alveolar/airway inflammatory occupation with fluid-cellular exudate reducing gas-exchange surface,remaining_5256,4cfb2397bc646ff3d255b92c668a333b3e3ed204667de9b2c05913d244a07bcb,1830,607,116,251,742,367,0.13699787964834065,0.2476465562686092,0.11064867662026856,0.11064867662026856,AWAY_FROM_REFERENCE,0.1371584699453552,MINOR,1,231,,,daa5d19113a20418d9a2629fe963e23aee9167ad863c2424a976f084b16b8787,0.26738285471841017,0.18888153014440268,0.625,-135,True,670
SB0935,Carbon dioxide increased,pulmonary gas-exchange and extracellular acid-base transport structure,measured or functional quantity shifted above its reference structural range,remaining_5256,022a93e908c3c8b3f75d418c92c81c5e8dd1bd631bba9ca85316f9be9f6e0707,406,174,35,20,159,55,0.1448004678858521,0.24382944593561395,0.09902897804976185,0.09902897804976185,AWAY_FROM_REFERENCE,0.04926108374384237,MINOR,1,231,,,8aa4681b8adcae92acb960fc1227c56c5efe118e9f4eac3fbb70857b36f1f929,0.26737538030727864,0.1837275979357057,0.6484375,15,True,671
SB4154,Piloerection,"male gonadal, ductal, accessory-gland, and reproductive-output structure","altered configuration or regulated output of the named structure, expressed as the state described by piloerection",remaining_5256,c835fabdf2ad446d42c845501c78c8c48be50286baddcf8f927de3b7ce2086cd,190,82,9,16,89,25,0.13688878200369436,0.2538175410230763,0.11692875901938193,0.11692875901938193,AWAY_FROM_REFERENCE,0.08421052631578947,MINOR,1,223,,,2892818d06e638625793e22809def6f1e364d502195b9a0e5cdd79c2425b882c,0.26721028323857593,0.198960711266556,0.578125,-7,True,672
SB1143,Chronic graft versus host disease,"systemic immune-recognition, signaling, and effector-response structure",immune-effector attack against transplanted or non-self tissue causing target-structure injury,remaining_5256,1785c37173417278ac8780c66248f2693822a2d854f711a0b56ae24ed9db1265,378,120,11,56,165,67,0.11370649169638714,0.23291110694660389,0.11920461525021675,0.11920461525021675,AWAY_FROM_REFERENCE,0.14814814814814814,MINOR,1,231,,,d55df3d83d4ff5df6a57e3c49b466cefd097dfd699f941b9ac0a1e5061d6a9bb,0.26717315126837027,0.19377061130289064,0.6015625,-45,True,673
SB2325,Graft versus host disease,"systemic immune-recognition, signaling, and effector-response structure",immune-effector attack against transplanted or non-self tissue causing target-structure injury,remaining_5256,1785c37173417278ac8780c66248f2693822a2d854f711a0b56ae24ed9db1265,378,120,11,56,165,67,0.11370649169638714,0.23291110694660389,0.11920461525021675,0.11920461525021675,AWAY_FROM_REFERENCE,0.14814814814814814,MINOR,1,231,,,c1dc0a5618be0815526061ba816d35bad80b63f72d91e5074859fa6d5a3bd8c7,0.26717315126837027,0.19377061130289064,0.6015625,-45,True,674
SB2326,Graft versus host reaction,"systemic immune-recognition, signaling, and effector-response structure",immune-effector attack against transplanted or non-self tissue causing target-structure injury,remaining_5256,1785c37173417278ac8780c66248f2693822a2d854f711a0b56ae24ed9db1265,378,120,11,56,165,67,0.11370649169638714,0.23291110694660389,0.11920461525021675,0.11920461525021675,AWAY_FROM_REFERENCE,0.14814814814814814,MINOR,1,231,,,060b59f29f88770f3ef9a80fe9ee991d5fd3cf983b87791439f481830de31455,0.26717315126837027,0.19377061130289064,0.6015625,-45,True,675
SB0214,Albumin urine present,renal glomerular filtration-barrier albumin-retention structure,detectable presence of the named material/state where the reference condition is absent or lower,established_478,b1d701592087fd8148224cc9263cc00f2d8a91578aa73c1479294568e750298a,28,18,3,0,15,3,0.14736303247095006,0.2830976919656032,0.13573465949465313,0.13573465949465313,AWAY_FROM_REFERENCE,0.0,INFORMATIONAL,0,223,,,c20aad7b5779e0760397025c2e37a9f28e55c4e3c850922f53366636b7c217c6,0.26704799082987646,0.1901880985730201,0.6171875,3,True,676
SB3036,Lacrimal disorder,lacrimal-gland secretion and tear-drainage ocular-surface structure,departure from the reference structural configuration or regulated functional range,remaining_5256,6fc864a7327b80d16733af714107a7cf9705859b4a164a2022196a70aacd43bd,703,295,31,72,336,103,0.16836436611843275,0.2850515166704224,0.11668715055198964,0.11668715055198964,AWAY_FROM_REFERENCE,0.10241820768136557,MINOR,1,223,,,442cea45419a72d9a34f94f7d3b5e5468ba066ec3f45f3aac6eba1f4e580b588,0.26702666786302964,0.18330233885735325,0.6484375,-41,True,677
SB3038,Lacrimal gland disorder,lacrimal-gland secretion and tear-drainage ocular-surface structure,departure from the reference structural configuration or regulated functional range,remaining_5256,6fc864a7327b80d16733af714107a7cf9705859b4a164a2022196a70aacd43bd,703,295,31,72,336,103,0.16836436611843275,0.2850515166704224,0.11668715055198964,0.11668715055198964,AWAY_FROM_REFERENCE,0.10241820768136557,MINOR,1,223,,,68da58b81f819d5fccb9282856fc7c3fb733656c68621dc2339cd54d6a1c5ba3,0.26702666786302964,0.18330233885735325,0.6484375,-41,True,678
SB3039,Lacrimal structural disorder,lacrimal-gland secretion and tear-drainage ocular-surface structure,departure from the reference structural configuration or regulated functional range,remaining_5256,6fc864a7327b80d16733af714107a7cf9705859b4a164a2022196a70aacd43bd,703,295,31,72,336,103,0.16836436611843275,0.2850515166704224,0.11668715055198964,0.11668715055198964,AWAY_FROM_REFERENCE,0.10241820768136557,MINOR,1,223,,,f665e74698fdd55cba15079063b4dfda3e58a81a4eebf1681a043fe0eb357a1a,0.26702666786302964,0.18330233885735325,0.6484375,-41,True,679
SB0503,Atrial arrhythmia,cardiac conduction and myocardial rhythm structure,abnormal cardiac activation sequence producing disordered rhythm and mechanical timing,remaining_5256,7ac99125bc58a77870247be148e3bdbad0c955f6609a2fe3cc1182f94b27bf04,21,5,2,1,4,3,0.1610768497597137,0.2829836645022705,0.12190681474255682,0.12190681474255682,AWAY_FROM_REFERENCE,0.047619047619047616,MINOR,1,231,,,b1c00479274f579ec60ae997d2e89820cf45d1a322ea12faf3749951ed2910c9,0.26702019362746987,0.19701395564325597,0.5859375,1,True,680
SB0504,Atrial fibrillation,cardiac conduction and myocardial rhythm structure,abnormal cardiac activation sequence producing disordered rhythm and mechanical timing,remaining_5256,7ac99125bc58a77870247be148e3bdbad0c955f6609a2fe3cc1182f94b27bf04,21,5,2,1,4,3,0.1610768497597137,0.2829836645022705,0.12190681474255682,0.12190681474255682,AWAY_FROM_REFERENCE,0.047619047619047616,MINOR,1,231,,,59b6c13c061fb5267ac226f608c51bdd13a826ca915c1ee3b51aa57d9985dc5f,0.26702019362746987,0.19701395564325597,0.5859375,1,True,681
SB0505,Atrial fibrillation and flutter,cardiac conduction and myocardial rhythm structure,abnormal cardiac activation sequence producing disordered rhythm and mechanical timing,remaining_5256,7ac99125bc58a77870247be148e3bdbad0c955f6609a2fe3cc1182f94b27bf04,21,5,2,1,4,3,0.1610768497597137,0.2829836645022705,0.12190681474255682,0.12190681474255682,AWAY_FROM_REFERENCE,0.047619047619047616,MINOR,1,231,,,40807fbc9ad8d59c1983fab9ffc9a912a26c0191fe8428ee34b58ddfc12f805b,0.26702019362746987,0.19701395564325597,0.5859375,1,True,682
SB0506,Atrial flutter,cardiac conduction and myocardial rhythm structure,abnormal cardiac activation sequence producing disordered rhythm and mechanical timing,remaining_5256,7ac99125bc58a77870247be148e3bdbad0c955f6609a2fe3cc1182f94b27bf04,21,5,2,1,4,3,0.1610768497597137,0.2829836645022705,0.12190681474255682,0.12190681474255682,AWAY_FROM_REFERENCE,0.047619047619047616,MINOR,1,231,,,eded322e0a313a4c6643c16cdd017eda145ddeeba1bcbb8ba04c1db9f7e939de,0.26702019362746987,0.19701395564325597,0.5859375,1,True,683
SB1939,Extrasystoles,cardiac conduction and myocardial rhythm structure,abnormal cardiac activation sequence producing disordered rhythm and mechanical timing,remaining_5256,7ac99125bc58a77870247be148e3bdbad0c955f6609a2fe3cc1182f94b27bf04,21,5,2,1,4,3,0.1610768497597137,0.2829836645022705,0.12190681474255682,0.12190681474255682,AWAY_FROM_REFERENCE,0.047619047619047616,MINOR,1,231,,,3bef8ef305b3dcc45a2002febc7d71f3ca0ef54498ad2f710d502f0f9319e0ce,0.26702019362746987,0.19701395564325597,0.5859375,1,True,684
SB2055,Fibrillation atrial aggravated,cardiac conduction and myocardial rhythm structure,abnormal cardiac activation sequence producing disordered rhythm and mechanical timing,remaining_5256,7ac99125bc58a77870247be148e3bdbad0c955f6609a2fe3cc1182f94b27bf04,21,5,2,1,4,3,0.1610768497597137,0.2829836645022705,0.12190681474255682,0.12190681474255682,AWAY_FROM_REFERENCE,0.047619047619047616,MINOR,1,231,,,47595bc27cff76da3100f7d9dfd45b30a26d9ff8c10fb1b4d2f46fb7e4d49b81,0.26702019362746987,0.19701395564325597,0.5859375,1,True,685
SB3672,Nodal arrhythmia,cardiac conduction and myocardial rhythm structure,abnormal cardiac activation sequence producing disordered rhythm and mechanical timing,remaining_5256,7ac99125bc58a77870247be148e3bdbad0c955f6609a2fe3cc1182f94b27bf04,21,5,2,1,4,3,0.1610768497597137,0.2829836645022705,0.12190681474255682,0.12190681474255682,AWAY_FROM_REFERENCE,0.047619047619047616,MINOR,1,231,,,9f4e9ff138008f55e2530bf7f76bbdda2c5b384300dcdd359c61698ae62b6f47,0.26702019362746987,0.19701395564325597,0.5859375,1,True,686
SB4001,Paroxysmal atrial fibrillation,cardiac conduction and myocardial rhythm structure,abnormal cardiac activation sequence producing disordered rhythm and mechanical timing,remaining_5256,7ac99125bc58a77870247be148e3bdbad0c955f6609a2fe3cc1182f94b27bf04,21,5,2,1,4,3,0.1610768497597137,0.2829836645022705,0.12190681474255682,0.12190681474255682,AWAY_FROM_REFERENCE,0.047619047619047616,MINOR,1,231,,,98a673934a8bdbe23144e2c0bc058e413f5990bb933817e735cd2ad81cfec7e0,0.26702019362746987,0.19701395564325597,0.5859375,1,True,687
SB4857,Sinus arrhythmia,cardiac conduction and myocardial rhythm structure,abnormal cardiac activation sequence producing disordered rhythm and mechanical timing,remaining_5256,7ac99125bc58a77870247be148e3bdbad0c955f6609a2fe3cc1182f94b27bf04,21,5,2,1,4,3,0.1610768497597137,0.2829836645022705,0.12190681474255682,0.12190681474255682,AWAY_FROM_REFERENCE,0.047619047619047616,MINOR,1,231,,,02f3436f4965ddb29999bee471c904fe5e08a31e5d4769a28c3e471a68689f3c,0.26702019362746987,0.19701395564325597,0.5859375,1,True,688
SB5102,Supraventricular extrasystoles,cardiac conduction and myocardial rhythm structure,abnormal cardiac activation sequence producing disordered rhythm and mechanical timing,remaining_5256,7ac99125bc58a77870247be148e3bdbad0c955f6609a2fe3cc1182f94b27bf04,21,5,2,1,4,3,0.1610768497597137,0.2829836645022705,0.12190681474255682,0.12190681474255682,AWAY_FROM_REFERENCE,0.047619047619047616,MINOR,1,231,,,3c93e78f90cd9b29f8a2a64cb15e9caf804509f3ff562909ec8479edf0ef4654,0.26702019362746987,0.19701395564325597,0.5859375,1,True,689
SB5576,Ventricular arrhythmia,cardiac conduction and myocardial rhythm structure,abnormal cardiac activation sequence producing disordered rhythm and mechanical timing,remaining_5256,7ac99125bc58a77870247be148e3bdbad0c955f6609a2fe3cc1182f94b27bf04,21,5,2,1,4,3,0.1610768497597137,0.2829836645022705,0.12190681474255682,0.12190681474255682,AWAY_FROM_REFERENCE,0.047619047619047616,MINOR,1,231,,,03ddd77ec7164d85074aec5b80a9a2a006bec18c7856c834fd91d188f55d8e93,0.26702019362746987,0.19701395564325597,0.5859375,1,True,690
SB5579,Ventricular extrasystoles,cardiac conduction and myocardial rhythm structure,abnormal cardiac activation sequence producing disordered rhythm and mechanical timing,remaining_5256,7ac99125bc58a77870247be148e3bdbad0c955f6609a2fe3cc1182f94b27bf04,21,5,2,1,4,3,0.1610768497597137,0.2829836645022705,0.12190681474255682,0.12190681474255682,AWAY_FROM_REFERENCE,0.047619047619047616,MINOR,1,231,,,a338373ca685f5dc1ab3d95b4c28276db843dfc2371bb20f96e39a098bcd97cb,0.26702019362746987,0.19701395564325597,0.5859375,1,True,691
SB5581,Ventricular fibrillation,cardiac conduction and myocardial rhythm structure,abnormal cardiac activation sequence producing disordered rhythm and mechanical timing,remaining_5256,7ac99125bc58a77870247be148e3bdbad0c955f6609a2fe3cc1182f94b27bf04,21,5,2,1,4,3,0.1610768497597137,0.2829836645022705,0.12190681474255682,0.12190681474255682,AWAY_FROM_REFERENCE,0.047619047619047616,MINOR,1,231,,,dad35c602facf4d1fb64e354e5c9ca9aa956f241120b5816c89595947b8e0882,0.26702019362746987,0.19701395564325597,0.5859375,1,True,692
SB5582,Ventricular flutter,cardiac conduction and myocardial rhythm structure,abnormal cardiac activation sequence producing disordered rhythm and mechanical timing,remaining_5256,7ac99125bc58a77870247be148e3bdbad0c955f6609a2fe3cc1182f94b27bf04,21,5,2,1,4,3,0.1610768497597137,0.2829836645022705,0.12190681474255682,0.12190681474255682,AWAY_FROM_REFERENCE,0.047619047619047616,MINOR,1,231,,,40ce41b63d370fbacdb1fde755e804d809f522f8aeb23835842efa98ce4a858d,0.26702019362746987,0.19701395564325597,0.5859375,1,True,693
SB4034,Penile haematoma,"male gonadal, ductal, accessory-gland, and reproductive-output structure",vascular or tissue integrity breach with blood extravasation/accumulation,remaining_5256,63ceaafc22e8313a6e4574c7835be4349fcc1e6c693ac199f4746ac4f22c4169,190,99,15,15,99,30,0.17297581726022015,0.29056459753602737,0.11758878027580721,0.11758878027580721,AWAY_FROM_REFERENCE,0.07894736842105263,MINOR,1,223,,,913fc04e314451ea6baa9ffd51f4f7f719cc8a7e5c24f0fe25feed5b68303521,0.266961410516381,0.1900825128248549,0.6171875,0,True,694
SB4035,Penile haemorrhage,"male gonadal, ductal, accessory-gland, and reproductive-output structure",vascular or tissue integrity breach with blood extravasation/accumulation,remaining_5256,63ceaafc22e8313a6e4574c7835be4349fcc1e6c693ac199f4746ac4f22c4169,190,99,15,15,99,30,0.17297581726022015,0.29056459753602737,0.11758878027580721,0.11758878027580721,AWAY_FROM_REFERENCE,0.07894736842105263,MINOR,1,223,,,3c63503da744a5b299122f6003a3b7e6c7a649d6fc3929209d72e99613242a8f,0.266961410516381,0.1900825128248549,0.6171875,0,True,695
SB0335,Anterior chamber cell,anterior-eye aqueous-humor and iris structure,inflammatory cells and/or protein accumulation within aqueous humor indicating blood-aqueous barrier disruption,established_478,12c5e24a1afef0a269d2bb9e0893d134b4809d9bb5c81cf2dc09340dae393158,6,3,1,0,2,1,0.2743701819304287,0.37221554999957274,0.09784536806914401,0.09784536806914401,AWAY_FROM_REFERENCE,0.0,INFORMATIONAL,0,231,,,03cd7644d0e9adbdba3d8c96c74bd665995ce57c838ada7833d69e19c01aac64,0.26677885881410135,0.18985988879768456,0.6171875,1,True,696
SB0336,Anterior chamber flare,anterior-eye aqueous-humor and iris structure,inflammatory cells and/or protein accumulation within aqueous humor indicating blood-aqueous barrier disruption,established_478,12c5e24a1afef0a269d2bb9e0893d134b4809d9bb5c81cf2dc09340dae393158,6,3,1,0,2,1,0.2743701819304287,0.37221554999957274,0.09784536806914401,0.09784536806914401,AWAY_FROM_REFERENCE,0.0,INFORMATIONAL,0,231,,,885b7b18751884b55ca5275d3015a2162a86973c77c58f713b1e19a946116afc,0.26677885881410135,0.18985988879768456,0.6171875,1,True,697
SB1757,Electrocardiogram ST segment elevation,"cardiac conduction, depolarization, repolarization, and rhythm structure","altered configuration or regulated output of the named structure, expressed as the state described by electrocardiogram st segment elevation",remaining_5256,57033335d5522481caf4b589b505df88494df2ca95fe5e5e0ebef6255ed36093,703,197,34,107,270,141,0.10365283390251845,0.23115299547145307,0.12750016156893462,0.12750016156893462,AWAY_FROM_REFERENCE,0.15220483641536273,MINOR,1,230,,,9f75dfd9be19b87e27ca85c1da0b751999f0b5fef2ca75ea1bf8b5263929dc74,0.2667548862204203,0.1949754710005126,0.59375,-73,True,698
SB4976,Spermatogenesis arrest,"male gonadal, ductal, accessory-gland, and reproductive-output structure",collapse of integrated vital-function continuity and sustained organism-level state,remaining_5256,5ae6ef8622e4d5bcf448893a2f442e7739bb344d1d17c66f38ec16d1e70b7602,190,103,14,8,97,22,0.15217972773329647,0.26302189010323707,0.1108421623699406,0.1108421623699406,AWAY_FROM_REFERENCE,0.042105263157894736,MINOR,1,223,,,148e26d6a6d0db6660718bd4e5158fcd1331a26624f4828112c4e2a35702f7ab,0.26664632364513075,0.19484307761601316,0.59375,6,True,699
SB1845,Epidermal naevus,"cutaneous epidermal-dermal barrier, appendage, vascular, and immune structure",localized tissue overgrowth or mass formation with altered normal architecture,remaining_5256,d4e7452d8e14aa11e6dec6e0e6e74f8910c7787ca499454a35f028b7ab6e86d0,300,149,22,28,155,50,0.20193835821502282,0.33007538272455084,0.12813702450952802,0.12813702450952802,AWAY_FROM_REFERENCE,0.09333333333333334,MINOR,1,231,,,9b6a46e9b45f92493aea85f041ba81350afca94bd0dbb6c561b345df99c1e3f3,0.2666338637843253,0.18625318754186015,0.6328125,-6,True,700
SB3500,Myocardial necrosis,myocardial cellular viability and tissue-integrity structure,loss of cellular viability with local tissue structural breakdown,remaining_5256,7de674cc7ac30e70b55436302756022d5116e07af499719b3b62d5451b93d150,21,9,3,3,9,6,0.16960309619399327,0.26586589390939674,0.09626279771540347,0.09626279771540347,AWAY_FROM_REFERENCE,0.14285714285714285,MINOR,1,231,,,108318d7ca893968a390bb86ab66943350ead7b037783d894669cde77b6692bc,0.266590348881914,0.1964897547340415,0.5859375,0,True,701
SB3998,Parotid gland inflammation,salivary-gland secretory and ductal-delivery structure,"localized or systemic inflammatory activation with altered barrier, vascular, and cellular organization",remaining_5256,57fb9adbe1e41beff2e0d2c55e4059c7c655a95e2501be005c106a505a51f309,120,75,14,14,75,28,0.19713209158812528,0.26629217109807835,0.06916007950995307,0.06916007950995307,AWAY_FROM_REFERENCE,0.11666666666666667,MINOR,1,231,,,f22059ae38fc018b903eb1dccd58478b80b63810fff6b9db3ebc79712f32faf9,0.2665812558268802,0.18961890954497584,0.6171875,0,True,702
SB5000,Splinter haemorrhages,vascular wall and hemostatic integrity structure,"altered configuration or regulated output of the named structure, expressed as the state described by splinter haemorrhages",remaining_5256,c4a66608bed5b9745cacdee54c111eb46e768418132139a187a00c46d2f89267,325,179,6,31,204,37,0.1711908588041693,0.2750666942420301,0.10387583543786083,0.10387583543786083,AWAY_FROM_REFERENCE,0.09538461538461539,MINOR,1,210,,,6836075322b4bcf6e71fda738eaf6a25108ea7a3be253816b6749a9884a12158,0.2664105401437628,0.19284059773629614,0.6015625,-25,True,703
SB4109,Petechiae,vascular wall and hemostatic integrity structure,"altered configuration or regulated output of the named structure, expressed as the state described by petechiae",remaining_5256,dbd138c796b312fe7d5fb5eb77cf21b25c747fa93d2e38b0e169ef65934f7808,325,191,6,29,214,35,0.17614088565940567,0.2869766258188948,0.11083574015948916,0.11083574015948916,AWAY_FROM_REFERENCE,0.08923076923076922,MINOR,1,210,,,58cf929b492c8c7642b65d900ddba9ea788833d4f487d54f6c1e127b7ae0a10a,0.26640626543029233,0.19283538467108818,0.6015625,-23,True,704
SB0429,Application site vesicles,local epidermal-dermal barrier and repair structure,"altered configuration or regulated output of the named structure, expressed as the state described by application site vesicles",established_478,13dda9c74ace4e50737257bf06f8f762a3625b4f4d58aea7700145c93b7fb5e2,28,14,4,1,11,5,0.11877674948420747,0.2372599068724459,0.11848315738823845,0.11848315738823845,AWAY_FROM_REFERENCE,0.03571428571428571,MINOR,1,223,,,e61407c6b2e3308ccbe47063f9a35e8f310b4c3760445e096206b258b5789ab2,0.26636610436261204,0.1962162858080635,0.5859375,3,True,705
SB4237,Polymorphonuclear leukocytosis,cochlear-mechanical and auditory-neural transduction structure,"abnormal structural accumulation, degeneration, remodeling, or chronic state within the named structure",remaining_5256,bb211601637e7709e96800ed233df710c28109fc267184b93199d1647781e3f2,276,76,17,27,86,44,0.1330288610646877,0.2534624249757085,0.12043356391102078,0.12043356391102078,AWAY_FROM_REFERENCE,0.09782608695652174,MINOR,1,230,,,178d23b7d971a35656b452f7e15091311e7e179754b8a5e665ff4748f9ac6f93,0.266247971905992,0.19092740476340486,0.609375,-10,True,706
SB3362,Microhemorrhage,vascular wall and hemostatic integrity structure,vascular integrity breach with blood loss from the named structure,remaining_5256,2ff59c9913df0242f5ac5ac80a5d328621a3d3ffc1b47cc126506326d82a1765,325,205,10,29,224,39,0.22338599321166097,0.3296460968408226,0.1062601036291616,0.1062601036291616,AWAY_FROM_REFERENCE,0.08923076923076922,MINOR,1,210,,,32a74777a49bea729a4db6cd61c2777f6928841dfd35533c50a0d2842af063d7,0.26620041297004116,0.19429928410980635,0.59375,-19,True,707
SB1705,Ear malformation,cochlear-mechanical and auditory-neural transduction structure,"developmental patterning deviation producing absent, incomplete, or abnormally organized structure",remaining_5256,9821ca760f3dc3bbe9b2e553061d32e11e8b3148a6f1fac2ddcb833430c51e99,276,82,17,18,83,35,0.17695332619086934,0.2964478600216536,0.11949453383078423,0.11949453383078423,AWAY_FROM_REFERENCE,0.06521739130434782,MINOR,1,230,,,f86433f9e3710ddbeaaf6ef0cca3d0f723d04f11fd79db91d498b10de5bd7fec,0.26610570060155486,0.18217920805067667,0.6484375,-1,True,708
SB3589,Neoplasm prostate,"male gonadal, ductal, accessory-gland, and reproductive-output structure",loss of normal proliferative/differentiation constraint with clonal tissue expansion and architectural replacement,remaining_5256,928ca694f8059098bfdf0778ef42c421f895339e4c912c336446e7049dd2a23e,190,105,12,9,102,21,0.15473734863351019,0.2609856617744585,0.10624831314094829,0.10624831314094829,AWAY_FROM_REFERENCE,0.04736842105263158,MINOR,1,223,,,2b3830a48a547f805c84dea9489f39dbf39affe4252cabc9c3599b6ced68f792,0.2660643340080761,0.1992781512293611,0.5703125,3,True,709
SB4359,Prostate cancer,"male gonadal, ductal, accessory-gland, and reproductive-output structure",loss of normal proliferative/differentiation constraint with clonal tissue expansion and architectural replacement,remaining_5256,928ca694f8059098bfdf0778ef42c421f895339e4c912c336446e7049dd2a23e,190,105,12,9,102,21,0.15473734863351019,0.2609856617744585,0.10624831314094829,0.10624831314094829,AWAY_FROM_REFERENCE,0.04736842105263158,MINOR,1,223,,,9b9a729a8d7aa561bbd2ceb87e03dd6ef95f08e4f52d45eccbcd1fef85eaca2e,0.2660643340080761,0.1992781512293611,0.5703125,3,True,710
SB4360,Prostate cancer metastatic,"male gonadal, ductal, accessory-gland, and reproductive-output structure",loss of normal proliferative/differentiation constraint with clonal tissue expansion and architectural replacement,remaining_5256,928ca694f8059098bfdf0778ef42c421f895339e4c912c336446e7049dd2a23e,190,105,12,9,102,21,0.15473734863351019,0.2609856617744585,0.10624831314094829,0.10624831314094829,AWAY_FROM_REFERENCE,0.04736842105263158,MINOR,1,223,,,c7a14e7d75c6a70936ce8c708105ed6d9cada761c85386ff32b8bdf7b5f5f345,0.2660643340080761,0.1992781512293611,0.5703125,3,True,711
SB4361,Prostate carcinoma,"male gonadal, ductal, accessory-gland, and reproductive-output structure",loss of normal proliferative/differentiation constraint with clonal tissue expansion and architectural replacement,remaining_5256,928ca694f8059098bfdf0778ef42c421f895339e4c912c336446e7049dd2a23e,190,105,12,9,102,21,0.15473734863351019,0.2609856617744585,0.10624831314094829,0.10624831314094829,AWAY_FROM_REFERENCE,0.04736842105263158,MINOR,1,223,,,9a4a60f89ae4d26a0217400a0fdea339441eecca6e42a5a3b4affdec0374c27a,0.2660643340080761,0.1992781512293611,0.5703125,3,True,712
SB0186,Adverse reaction,whole-organism homeostatic response structure,acute or subacute state transition of the named structure in response to an external or internal perturbation,established_478,c7e38c3338b580e09a867e16911a2f7cb3b2d5178fa1ec50a5f198e82a24e747,1225,520,147,39,412,186,0.1786413540893469,0.24699544653533057,0.06835409244598367,0.06835409244598367,AWAY_FROM_REFERENCE,0.03183673469387755,MINOR,1,174,,,859353e5f63f0440ec0315396485926bcaa7a184c9fdd8b76a0a01b215271e45,0.26600021527759843,0.1803356283873152,0.65625,108,True,713
SB3753,Oesophageal rupture,"oesophageal mucosal, peristaltic, and sphincter-control structure",structural continuity failure producing an abnormal opening or separation,remaining_5256,cd9520f4c44a5841acd6498da11f3f854820a526f788346257ec2f5846fe9fc3,28,8,4,0,4,4,0.12159041168040452,0.2480163604665766,0.12642594878617208,0.12642594878617208,AWAY_FROM_REFERENCE,0.0,INFORMATIONAL,0,231,,,6c300b434b525b1ade7535126352c7b027c9b639179da4d3b900c3e4832476cd,0.26589908481759617,0.1973616888019466,0.578125,4,True,714
SB2333,Granulomatosis with polyangiitis,"systemic immune-recognition, signaling, and effector-response structure","localized inflammatory activation with cellular infiltration, vascular change, and tissue-function perturbation",remaining_5256,739c3340727874067c5336452357c31f0737960c24446efde0e047c59a28dc30,378,104,12,53,145,65,0.12040140413127232,0.2439843583710043,0.12358295423973198,0.12358295423973198,AWAY_FROM_REFERENCE,0.1402116402116402,MINOR,1,231,,,4631cc526c42c0764dc958ed9037e8af25470fdd51189b20894ce85cdeea1e9d,0.26583340480283135,0.19556665219857483,0.5859375,-41,True,715
SB2843,Injection site bruising,vascular wall and hemostatic integrity structure,"altered configuration or regulated output of the named structure, expressed as the state described by injection site bruising",remaining_5256,690edb64afe4b99b55ea992241b763d8f0671fa0ed7d82306fc16122cad63cf8,325,190,5,28,213,33,0.17154995896224778,0.28299687140322405,0.11144691244097626,0.11144691244097626,AWAY_FROM_REFERENCE,0.08615384615384615,MINOR,1,210,,,5debeba3b38d2bb3d5f5c284b8390c941c153bfbe8dc4daaefb59e843d48c03c,0.2658129738476033,0.19382679737512598,0.59375,-23,True,716
SB1850,Epididymitis,"male gonadal, ductal, accessory-gland, and reproductive-output structure","localized inflammatory activation with cellular infiltration, vascular change, and tissue-function perturbation",remaining_5256,4009e01882ebc33d444c8aa06526124c7cb3020bf46a3e0408ac805aa6bc3da5,190,79,16,19,82,35,0.12879084321640233,0.2392134772729081,0.11042263405650576,0.11042263405650576,AWAY_FROM_REFERENCE,0.1,MINOR,1,223,,,65fbdb56c9bf4c9342e7c5dcf3e9d79f6946b09a25cbde5542205934b8405d5d,0.26578894295221206,0.19551243042952693,0.5859375,-3,True,717
SB1851,Epididymo-orchitis,"male gonadal, ductal, accessory-gland, and reproductive-output structure","localized inflammatory activation with cellular infiltration, vascular change, and tissue-function perturbation",remaining_5256,4009e01882ebc33d444c8aa06526124c7cb3020bf46a3e0408ac805aa6bc3da5,190,79,16,19,82,35,0.12879084321640233,0.2392134772729081,0.11042263405650576,0.11042263405650576,AWAY_FROM_REFERENCE,0.1,MINOR,1,223,,,00c4ddef12f9205b424c7836a55131f626d9dbaff88fc925a564c338b7919294,0.26578894295221206,0.19551243042952693,0.5859375,-3,True,718
SB3816,Orchitis,"male gonadal, ductal, accessory-gland, and reproductive-output structure","localized inflammatory activation with cellular infiltration, vascular change, and tissue-function perturbation",remaining_5256,4009e01882ebc33d444c8aa06526124c7cb3020bf46a3e0408ac805aa6bc3da5,190,79,16,19,82,35,0.12879084321640233,0.2392134772729081,0.11042263405650576,0.11042263405650576,AWAY_FROM_REFERENCE,0.1,MINOR,1,223,,,af456986eca6b77c227ed74ef9e0429cfe6556d5a197128ffc3b883226ef46c7,0.26578894295221206,0.19551243042952693,0.5859375,-3,True,719
SB3817,Orchitis noninfective,"male gonadal, ductal, accessory-gland, and reproductive-output structure","localized inflammatory activation with cellular infiltration, vascular change, and tissue-function perturbation",remaining_5256,4009e01882ebc33d444c8aa06526124c7cb3020bf46a3e0408ac805aa6bc3da5,190,79,16,19,82,35,0.12879084321640233,0.2392134772729081,0.11042263405650576,0.11042263405650576,AWAY_FROM_REFERENCE,0.1,MINOR,1,223,,,5ebf47b937fc4f9f6392deb9cfa112daeb7d9800e27d1c09d775ef1de8a17637,0.26578894295221206,0.19551243042952693,0.5859375,-3,True,720
SB4372,Prostatitis,"male gonadal, ductal, accessory-gland, and reproductive-output structure","localized inflammatory activation with cellular infiltration, vascular change, and tissue-function perturbation",remaining_5256,4009e01882ebc33d444c8aa06526124c7cb3020bf46a3e0408ac805aa6bc3da5,190,79,16,19,82,35,0.12879084321640233,0.2392134772729081,0.11042263405650576,0.11042263405650576,AWAY_FROM_REFERENCE,0.1,MINOR,1,223,,,8e07cceea9b04806d1808de9c76bc1bd804c0828954587b52163121b68ab6575,0.26578894295221206,0.19551243042952693,0.5859375,-3,True,721
SB3365,Micturition burning,"urethral lumen, mucosal, sphincter, and urine-flow structure","altered configuration or regulated output of the named structure, expressed as the state described by micturition burning",remaining_5256,8276a6303e7da4bcd99bddab0e2046cb5b0e00eaa3d3b64c72e4fa413d73bf2e,465,117,22,54,149,76,0.13589381849747606,0.2550957451242186,0.11920192662674256,0.11920192662674256,AWAY_FROM_REFERENCE,0.11612903225806452,MINOR,1,231,,,fed608489d2e6aa87fc386feb70d311aab71de07eea1d6335fc572c8e500b4f7,0.2657393526169217,0.1937370153864899,0.59375,-32,True,722
SB0771,Body temperature decreased,central-peripheral thermoregulatory heat-production and heat-loss structure,body-temperature reduction below the reference range,remaining_5256,7db5c6c21f6365af2b567bd5cad09a5acce4e4371290d31cdb74d6094c593b8b,3,3,1,0,2,1,0.11680115471462305,0.21942382934601656,0.10262267463139352,0.10262267463139352,AWAY_FROM_REFERENCE,0.0,INFORMATIONAL,0,174,,,5897c85b8411d776514df50ac75584dfc1274eb42d72fc907ccb9e4cc6f88353,0.26572708483210666,0.19543699369769107,0.5859375,1,True,723
SB2703,Hypothermia,central-peripheral thermoregulatory heat-production and heat-loss structure,body-temperature reduction below the reference range,remaining_5256,7db5c6c21f6365af2b567bd5cad09a5acce4e4371290d31cdb74d6094c593b8b,3,3,1,0,2,1,0.11680115471462305,0.21942382934601656,0.10262267463139352,0.10262267463139352,AWAY_FROM_REFERENCE,0.0,INFORMATIONAL,0,174,,,7d73086392c377751e89c7e97ce9c6ee3b2f8df0e056bf6a2b4c1814ac6ac832,0.26572708483210666,0.19543699369769107,0.5859375,1,True,724
SB1743,Electrocardiogram PR prolongation,"cardiac conduction, depolarization, repolarization, and rhythm structure","altered configuration or regulated output of the named structure, expressed as the state described by electrocardiogram pr prolongation",remaining_5256,62860a761dbd8a87d0b588c63ec606aff173f734e9c77d47b63aed4fac5b08d7,703,213,37,102,278,139,0.10056004833590004,0.2272787595609308,0.12671871122503076,0.12671871122503076,AWAY_FROM_REFERENCE,0.14509246088193456,MINOR,1,230,,,730a4a405cdc57f9dd0ea04e277e8fd791a228bf279218ecee610cc952dd0836,0.2656002446533632,0.19528231055288192,0.5859375,-65,True,725
SB4856,Sinus arrest,cardiac conduction and myocardial rhythm structure,collapse of integrated vital-function continuity and sustained organism-level state,remaining_5256,a9df8c43e3bdd4dab88379dab99a4d027d7ad911fb0aec3af3f0240b93a0bb40,21,3,0,1,4,1,0.16911966512479482,0.27628821408004567,0.10716854895525085,0.10716854895525085,AWAY_FROM_REFERENCE,0.047619047619047616,MINOR,1,231,,,80a9278bf2ca6fed269ce37c7ab352cc18bc9e249ee38a9406b48cf189e35d65,0.2655870567874679,0.1901214107164243,0.609375,-1,True,726
SB0058,Abrasion NOS,epidermal-dermal mechanical barrier integrity structure,superficial epithelial-surface tissue loss with reduced barrier continuity,established_478,aafc1d1a54c70a8593fb69a9e50c5a90b4fe04c22930645ad60b9e6f7db2a366,36,21,1,4,24,5,0.17993326626855144,0.27527806462395576,0.09534479835540433,0.09534479835540433,AWAY_FROM_REFERENCE,0.1111111111111111,MINOR,1,231,,,969faad4c9ad535051b0a0b7113bf5d3f1b22aa88b0ca1f0c6f1e2511dce4f13,0.2655517488834517,0.19350823034567277,0.59375,-3,True,727
SB0766,Body fat disorder,"adipose-tissue storage, body-composition, and energy-balance structure",departure from the reference structural configuration or regulated functional range,remaining_5256,6ac94409ac7028b78da7811d1c46c99ef9886b70c5bc5c7030169db8553d70a1,45,16,7,2,11,9,0.16131246118841625,0.27027427632907375,0.1089618151406575,0.1089618151406575,AWAY_FROM_REFERENCE,0.044444444444444446,MINOR,1,174,,,98954757ce5709d946ca38db54f0a635c2398b39c80c362cc3b475b2035ef83e,0.26547350341534914,0.19341280904310876,0.59375,5,True,728
SB1903,Essential thrombocythaemia,"platelet production, activation, adhesion, and aggregation structure",abnormal concentration or presence of the named material/cell state in circulating blood,remaining_5256,22b98362f446803f0453e00822ace9e8b111f12122edc4fed43c7e90f517b469,15,6,3,3,6,6,0.16005252035359263,0.2727821163218326,0.11272959596823995,0.11272959596823995,AWAY_FROM_REFERENCE,0.2,MINOR,1,230,,,b58310bcb2f7741bf81cfa0a654aecb3159f9cf21123cca1701153b4254b9bbf,0.26531584332446556,0.18464584551764096,0.6328125,0,True,729
SB0078,Acid phosphatase high,lysosomal/prostatic acid-phosphatase production-release structure,measured or functional quantity shifted above its reference structural range,established_478,f968822898425d689cad7c4bc20b6ce7e35fc5ab890ebc5043f747d975b702df,1275,512,71,107,548,178,0.19102434469461937,0.2973839864072567,0.10635964171263734,0.10635964171263734,AWAY_FROM_REFERENCE,0.08392156862745098,MINOR,1,38,,,81491c42142c9c8757c76aa9336376195f66d33ceb8e6e46e3b5b6b60b57eb7a,0.26524926791962256,0.18799453404832023,0.6171875,-36,True,730
SB1206,Cold sweat,eccrine-apocrine sweat-gland secretory structure,sweat-gland activation occurring with peripheral vasoconstriction and autonomic stress-state output,remaining_5256,2a771c66f7527b83436776b5791a24eca9467e67c5bee4a86f4c26394fc26b1c,105,56,8,1,49,9,0.2036986148764347,0.28931584143839817,0.08561722656196347,0.08561722656196347,AWAY_FROM_REFERENCE,0.009523809523809525,MINOR,1,174,,,98eb11ee42de446089658394367efa91fbda3dacd5b35690adb1653714c89f8c,0.2652473773175483,0.19142210648481506,0.6015625,7,True,731
SB4626,Respiratory insufficiency,"pulmonary airway-alveolar, pleural, and gas-exchange structure",reduced or unstable functional output insufficient to maintain the reference structural state,remaining_5256,7b31612150da81511e0e610e32e7d8771a7b474aaee7fe7953ecb31a6aa40471,36,21,2,1,20,3,0.18849669286604087,0.29272301832066216,0.1042263254546213,0.1042263254546213,AWAY_FROM_REFERENCE,0.027777777777777776,MINOR,1,231,,,6624a0909f9eb43d3fc176dfe2b429d796303425f08cc799f34bb4d794d43188,0.2652295510498025,0.18968542810951527,0.609375,1,True,732
SB0003,AION,anterior optic-nerve-head perfusion and axonal-conduction structure,anterior optic-nerve-head perfusion loss with axonal conduction and viability compromise,established_478,a1cc969c80904646f4d9696bcd94e75991bfc236385e5811f8158c7618f6ad78,91,31,6,10,35,16,0.10878991705343244,0.21929258040884303,0.11050266335541059,0.11050266335541059,AWAY_FROM_REFERENCE,0.10989010989010989,MINOR,1,231,,,aab79b4b605cc935c722c70a9ce15f60e182a750e18c3fbe9a7058391d93fa84,0.26520577013439217,0.18794148796877097,0.6171875,-4,True,733
SB3007,Keratopathy,corneal epithelial-stromal optical and barrier structure,structural-functional tissue disorder with impaired normal operation of the named structure,remaining_5256,550df9221dcc102e3d990be2ac16429eebe8f395a134f776b1ee235a27eec2c4,190,78,20,20,78,40,0.16416669361265535,0.2945946654289534,0.13042797181629806,0.13042797181629806,AWAY_FROM_REFERENCE,0.10526315789473684,MINOR,1,230,,,02674767d1e59b1dff7351265345ee28043d437363d9dd4071d77ead6c4a1615,0.26520185440425215,0.18450683463933193,0.6328125,0,True,734
SB5093,Superficial punctate keratopathy,corneal epithelial-stromal optical and barrier structure,structural-functional tissue disorder with impaired normal operation of the named structure,remaining_5256,550df9221dcc102e3d990be2ac16429eebe8f395a134f776b1ee235a27eec2c4,190,78,20,20,78,40,0.16416669361265535,0.2945946654289534,0.13042797181629806,0.13042797181629806,AWAY_FROM_REFERENCE,0.10526315789473684,MINOR,1,230,,,95a2512efae096c9d8311a3ef3d660890aaa361273f2a9804cb8a6e409661237,0.26520185440425215,0.18450683463933193,0.6328125,0,True,735
SB1256,Congenital cystic kidney disease,renal glomerular-tubular filtration and fluid-balance structure,"developmental patterning deviation producing absent, incomplete, or abnormally organized structure",remaining_5256,45fd59b67ab3b61a87b8c2711a99901073cc7559f98b8221f3f4b263567f8f99,91,30,6,9,33,15,0.16886655467661216,0.28754101915450725,0.11867446447789509,0.11867446447789509,AWAY_FROM_REFERENCE,0.0989010989010989,MINOR,1,231,,,128d741e4f953307497969bba7a3414c7e752c0110d1a3d1ff308080d7523bc4,0.26511640541357445,0.19126238465070056,0.6015625,-3,True,736
SB1263,Congenital hydronephrosis,renal glomerular-tubular filtration and fluid-balance structure,"developmental patterning deviation producing absent, incomplete, or abnormally organized structure",remaining_5256,45fd59b67ab3b61a87b8c2711a99901073cc7559f98b8221f3f4b263567f8f99,91,30,6,9,33,15,0.16886655467661216,0.28754101915450725,0.11867446447789509,0.11867446447789509,AWAY_FROM_REFERENCE,0.0989010989010989,MINOR,1,231,,,24e465f23684b44e3c3eac68c186c00b5c86c97f71efc865673f19b69b9a73f9,0.26511640541357445,0.19126238465070056,0.6015625,-3,True,737
SB1270,Congenital renal cyst,renal glomerular-tubular filtration and fluid-balance structure,"developmental patterning deviation producing absent, incomplete, or abnormally organized structure",remaining_5256,45fd59b67ab3b61a87b8c2711a99901073cc7559f98b8221f3f4b263567f8f99,91,30,6,9,33,15,0.16886655467661216,0.28754101915450725,0.11867446447789509,0.11867446447789509,AWAY_FROM_REFERENCE,0.0989010989010989,MINOR,1,231,,,b44ba949f282dec1fd2d42992b63aa0dc30f7137dfeeeea710eb187e8dd2534d,0.26511640541357445,0.19126238465070056,0.6015625,-3,True,738
SB4577,Renal agenesis,renal glomerular-tubular filtration and fluid-balance structure,"developmental patterning deviation producing absent, incomplete, or abnormally organized structure",remaining_5256,45fd59b67ab3b61a87b8c2711a99901073cc7559f98b8221f3f4b263567f8f99,91,30,6,9,33,15,0.16886655467661216,0.28754101915450725,0.11867446447789509,0.11867446447789509,AWAY_FROM_REFERENCE,0.0989010989010989,MINOR,1,231,,,52b146079f180430b98fdfce8856d859a6a229b716fc82e1e376327e3e3a5df6,0.26511640541357445,0.19126238465070056,0.6015625,-3,True,739
SB4578,Renal aplasia,renal glomerular-tubular filtration and fluid-balance structure,"developmental patterning deviation producing absent, incomplete, or abnormally organized structure",remaining_5256,45fd59b67ab3b61a87b8c2711a99901073cc7559f98b8221f3f4b263567f8f99,91,30,6,9,33,15,0.16886655467661216,0.28754101915450725,0.11867446447789509,0.11867446447789509,AWAY_FROM_REFERENCE,0.0989010989010989,MINOR,1,231,,,e84f4cff535737645bd70cdbaf3dac94ac64e648fc5b955ecfd04a641884db01,0.26511640541357445,0.19126238465070056,0.6015625,-3,True,740
SB4251,Poor urinary stream,"urethral lumen, mucosal, sphincter, and urine-flow structure","altered configuration or regulated output of the named structure, expressed as the state described by poor urinary stream",remaining_5256,a65489ad864c7684b1522c72bff852ec7f003e4dc4dabadcd47e71a3fa42de59,465,114,20,57,151,77,0.1354892196994515,0.2446268463283654,0.10913762662891391,0.10913762662891391,AWAY_FROM_REFERENCE,0.12258064516129032,MINOR,1,231,,,523ff23486377c4415d52abd580a11a13936b305a637d757c71543fabb646943,0.2651006300184469,0.18952820733956943,0.609375,-37,True,741
SB5440,Urination impaired,"urethral lumen, mucosal, sphincter, and urine-flow structure",reduced ability of the named structure/process to complete its normal regulated operation,remaining_5256,03d39e851613482170a8c8d295d9f9a58cac9d242b0150e79ec876f97d00d635,465,138,20,50,168,70,0.15191366186453847,0.26010258992077073,0.10818892805623226,0.10818892805623226,AWAY_FROM_REFERENCE,0.10752688172043011,MINOR,1,231,,,f9d3a9246f7626e54dadc09c0259ad3eaa876a32f4a0db8eba7dade6701fb42f,0.265098624430924,0.1860958834523464,0.625,-30,True,742
SB5254,Tinnitus,cochlear-mechanical and auditory-neural transduction structure,auditory percept generation without corresponding external acoustic input,remaining_5256,238ae1589d1b7aa645f8fa23cb2434add69611815bf2926cfa6448119cfdaef5,276,82,13,19,88,32,0.15326794640536878,0.284001675397044,0.13073372899167524,0.13073372899167524,AWAY_FROM_REFERENCE,0.06884057971014493,MINOR,1,230,,,16377e1fa9ba8f49ecfe34d77630f0dbca048b9c8829dad7caa50d039cc04b0c,0.26503891693174103,0.19459776455090372,0.5859375,-6,True,743
SB0113,Acute confusional state,cortical attention-arousal integration structure,"altered configuration or regulated output of the named structure, expressed as the state described by confusional state",established_478,9d8bda37853b400a94058d14ba13a2fca727ff1805d8eee3913cba924670888c,66,17,6,5,16,11,0.21307999226974128,0.34451426353122216,0.13143427126148088,0.13143427126148088,AWAY_FROM_REFERENCE,0.07575757575757576,MINOR,1,231,,,9ff2babc28594a9ec4cf3b4aa2188d998d1304f82efb984f811be75f83d8548f,0.2650045273992251,0.1894110090234452,0.609375,1,True,744
SB3251,Malignant neoplasm of renal pelvis,renal glomerular-tubular filtration and fluid-balance structure,loss of normal proliferative/differentiation constraint with clonal tissue expansion and architectural replacement,remaining_5256,c76eb10b44d975c8a1268fba27e4d67837b826c24afa276d2e83b20a06597e75,91,35,8,10,37,18,0.15767954431610431,0.27175679953439125,0.11407725521828693,0.11407725521828693,AWAY_FROM_REFERENCE,0.10989010989010989,MINOR,1,231,,,16c0862de160e3b63451170c2acdbc12a5056208920084c469d59efed1f50460,0.2649995139156951,0.19283477306792085,0.59375,-2,True,745
SB3350,Metastatic renal cell carcinoma,renal glomerular-tubular filtration and fluid-balance structure,loss of normal proliferative/differentiation constraint with clonal tissue expansion and architectural replacement,remaining_5256,c76eb10b44d975c8a1268fba27e4d67837b826c24afa276d2e83b20a06597e75,91,35,8,10,37,18,0.15767954431610431,0.27175679953439125,0.11407725521828693,0.11407725521828693,AWAY_FROM_REFERENCE,0.10989010989010989,MINOR,1,231,,,5e0819e8d4294cfc4a1e2cf4e00c96ea062f864571139d14cb502e6d94916297,0.2649995139156951,0.19283477306792085,0.59375,-2,True,746
SB4581,Renal cancer,renal glomerular-tubular filtration and fluid-balance structure,loss of normal proliferative/differentiation constraint with clonal tissue expansion and architectural replacement,remaining_5256,c76eb10b44d975c8a1268fba27e4d67837b826c24afa276d2e83b20a06597e75,91,35,8,10,37,18,0.15767954431610431,0.27175679953439125,0.11407725521828693,0.11407725521828693,AWAY_FROM_REFERENCE,0.10989010989010989,MINOR,1,231,,,98c1b416fce234b020c9d6315e8d19b119c434a152aed7ff52eea6ee7dcf5ed8,0.2649995139156951,0.19283477306792085,0.59375,-2,True,747
SB4582,Renal cell carcinoma,renal glomerular-tubular filtration and fluid-balance structure,loss of normal proliferative/differentiation constraint with clonal tissue expansion and architectural replacement,remaining_5256,c76eb10b44d975c8a1268fba27e4d67837b826c24afa276d2e83b20a06597e75,91,35,8,10,37,18,0.15767954431610431,0.27175679953439125,0.11407725521828693,0.11407725521828693,AWAY_FROM_REFERENCE,0.10989010989010989,MINOR,1,231,,,ee38f0c63a32635044b25b52d84774f30cad457c3358bb1260442d1eda65b8f8,0.2649995139156951,0.19283477306792085,0.59375,-2,True,748
SB4598,Renal neoplasm,renal glomerular-tubular filtration and fluid-balance structure,loss of normal proliferative/differentiation constraint with clonal tissue expansion and architectural replacement,remaining_5256,c76eb10b44d975c8a1268fba27e4d67837b826c24afa276d2e83b20a06597e75,91,35,8,10,37,18,0.15767954431610431,0.27175679953439125,0.11407725521828693,0.11407725521828693,AWAY_FROM_REFERENCE,0.10989010989010989,MINOR,1,231,,,08a9be53fe019040ebe2c6246f3318ac4f41049a2d6e943116da4bcf310b4a44,0.2649995139156951,0.19283477306792085,0.59375,-2,True,749
SB2545,Hodgkin's disease lymphocyte predominance type stage unspecified,"circulating leukocyte production, distribution, and effector-cell structure","altered configuration or regulated output of the named structure, expressed as the state described by hodgkin's disease lymphocyte predominance type stage",remaining_5256,45b78e47a7d49e6745449715abec589330358291ad788af962bb49cf0a0d4d03,1830,462,83,296,675,379,0.09743846709219017,0.22156951135027803,0.12413104425808785,0.12413104425808785,AWAY_FROM_REFERENCE,0.16174863387978142,MINOR,1,231,,,8fbb1e648fc4896f1cab95807db47be275d2b63bf0bed2684a1ce762a3f81db3,0.26498243640665675,0.19109900781299605,0.6015625,-213,True,750
SB0203,Akinaesthesia,somatosensory movement-perception structure,abnormal sensory perception or sensory-transmission state,established_478,bb56baef634e47c723bb29ca21bbe9509e9c5875b8e02a2c596047450ffbee23,276,129,23,22,128,45,0.15146549764422912,0.25725636820325226,0.10579087055902314,0.10579087055902314,AWAY_FROM_REFERENCE,0.07971014492753623,MINOR,1,231,,,54a1795e2a407ec3438631fcea2ef57ac0ca78d40246356bddfbb43a84e0c787,0.26494538208720586,0.17904924644781206,0.65625,1,True,751
SB4594,Renal impairment,renal glomerular-tubular filtration and fluid-balance structure,"altered configuration or regulated output of the named structure, expressed as the state described by renal impairment",remaining_5256,b464250efdfb84949bb437c049b5fb5a82de2ec61be11f9c10d2e824c55ddc4f,91,26,7,8,27,15,0.1234571012422222,0.2510775257652845,0.12762042452306233,0.12762042452306233,AWAY_FROM_REFERENCE,0.08791208791208792,MINOR,1,231,,,cbdf66170b256a40f0b13333841a1a07b229f135e6b8fe20f6f4345e51bb3b58,0.26491603243298156,0.19101802735729456,0.6015625,-1,True,752
SB0050,Abnormal vision,retinal-optic-cortical visual-signal structure,departure from the reference structural configuration or regulated functional range,established_478,ac8a6094cbe4c3149b318e5feb180f71d5f33803684be7fefc82dbd585fb07f5,120,51,10,8,49,18,0.14835375141542473,0.24839865183309007,0.10004490041766534,0.10004490041766534,AWAY_FROM_REFERENCE,0.06666666666666667,MINOR,1,223,,,e840dd2ad2c2e98e030bfd12e38b100ece4add540884d702f18531e45c72c07f,0.2648516832623148,0.18750967471014002,0.6171875,2,True,753
SB1737,Ejaculation disorder,"male gonadal, ductal, accessory-gland, and reproductive-output structure",departure from the reference structural configuration or regulated functional range,remaining_5256,a24bc3c5b99de557195988c577f35c4fc4c053f5778af742927f92030bcce731,190,96,10,12,98,22,0.14348662990403704,0.24213840471372416,0.09865177480968712,0.09865177480968712,AWAY_FROM_REFERENCE,0.06315789473684211,MINOR,1,223,,,84697b04db12482803ab545a274bce69d2c678dc2348a0400d5f1750075e1dbd,0.2647590559546039,0.1891116536031755,0.609375,-2,True,754
SB4040,Penis disorder,"male gonadal, ductal, accessory-gland, and reproductive-output structure",departure from the reference structural configuration or regulated functional range,remaining_5256,a24bc3c5b99de557195988c577f35c4fc4c053f5778af742927f92030bcce731,190,96,10,12,98,22,0.14348662990403704,0.24213840471372416,0.09865177480968712,0.09865177480968712,AWAY_FROM_REFERENCE,0.06315789473684211,MINOR,1,223,,,ffdcba4c99889591f1e348d9f91b1a01251f46801cf434ac8e14d0bc15da4048,0.2647590559546039,0.1891116536031755,0.609375,-2,True,755
SB4362,Prostate examination abnormal,"male gonadal, ductal, accessory-gland, and reproductive-output structure",departure from the reference structural configuration or regulated functional range,remaining_5256,a24bc3c5b99de557195988c577f35c4fc4c053f5778af742927f92030bcce731,190,96,10,12,98,22,0.14348662990403704,0.24213840471372416,0.09865177480968712,0.09865177480968712,AWAY_FROM_REFERENCE,0.06315789473684211,MINOR,1,223,,,b12111602e10624c25b6388469e35087ab7a41bae10ca0166161f9a2c48c2eaa,0.2647590559546039,0.1891116536031755,0.609375,-2,True,756
SB4366,Prostatic disorder,"male gonadal, ductal, accessory-gland, and reproductive-output structure",departure from the reference structural configuration or regulated functional range,remaining_5256,a24bc3c5b99de557195988c577f35c4fc4c053f5778af742927f92030bcce731,190,96,10,12,98,22,0.14348662990403704,0.24213840471372416,0.09865177480968712,0.09865177480968712,AWAY_FROM_REFERENCE,0.06315789473684211,MINOR,1,223,,,1ba2f9efee4c65c4b3933ad14dec5ea2dbceb22cca2bf9cafb65e7c6f264f70d,0.2647590559546039,0.1891116536031755,0.609375,-2,True,757
SB4753,Scrotal disorder,"male gonadal, ductal, accessory-gland, and reproductive-output structure",departure from the reference structural configuration or regulated functional range,remaining_5256,a24bc3c5b99de557195988c577f35c4fc4c053f5778af742927f92030bcce731,190,96,10,12,98,22,0.14348662990403704,0.24213840471372416,0.09865177480968712,0.09865177480968712,AWAY_FROM_REFERENCE,0.06315789473684211,MINOR,1,223,,,509870a532829f3846bd354629d0c864f1f4f70501dffa18b8681a24ee2d654c,0.2647590559546039,0.1891116536031755,0.609375,-2,True,758
SB4776,Semen abnormal,"male gonadal, ductal, accessory-gland, and reproductive-output structure",departure from the reference structural configuration or regulated functional range,remaining_5256,a24bc3c5b99de557195988c577f35c4fc4c053f5778af742927f92030bcce731,190,96,10,12,98,22,0.14348662990403704,0.24213840471372416,0.09865177480968712,0.09865177480968712,AWAY_FROM_REFERENCE,0.06315789473684211,MINOR,1,223,,,69f4bf29d1529dd7bc2d2407ea8c4576d99147db67c39d742b83a02c1b296de0,0.2647590559546039,0.1891116536031755,0.609375,-2,True,759
SB4777,Semen analysis abnormal,"male gonadal, ductal, accessory-gland, and reproductive-output structure",departure from the reference structural configuration or regulated functional range,remaining_5256,a24bc3c5b99de557195988c577f35c4fc4c053f5778af742927f92030bcce731,190,96,10,12,98,22,0.14348662990403704,0.24213840471372416,0.09865177480968712,0.09865177480968712,AWAY_FROM_REFERENCE,0.06315789473684211,MINOR,1,223,,,538ec2d957d92b539276fb6839ef06f874b82b9466dacae5665b3b7e95968521,0.2647590559546039,0.1891116536031755,0.609375,-2,True,760
SB4975,Spermatogenesis abnormal,"male gonadal, ductal, accessory-gland, and reproductive-output structure",departure from the reference structural configuration or regulated functional range,remaining_5256,a24bc3c5b99de557195988c577f35c4fc4c053f5778af742927f92030bcce731,190,96,10,12,98,22,0.14348662990403704,0.24213840471372416,0.09865177480968712,0.09865177480968712,AWAY_FROM_REFERENCE,0.06315789473684211,MINOR,1,223,,,7ba1c55d6c3ecdaad43c5a2a1945ded1fcb61ee6e635e09d259152d36c30ad72,0.2647590559546039,0.1891116536031755,0.609375,-2,True,761
SB4977,Spermatozoa abnormal,"male gonadal, ductal, accessory-gland, and reproductive-output structure",departure from the reference structural configuration or regulated functional range,remaining_5256,a24bc3c5b99de557195988c577f35c4fc4c053f5778af742927f92030bcce731,190,96,10,12,98,22,0.14348662990403704,0.24213840471372416,0.09865177480968712,0.09865177480968712,AWAY_FROM_REFERENCE,0.06315789473684211,MINOR,1,223,,,a2ee22ac9d297b4bb3b9e6541d3b234af565963109045c8c1fd47a07da2c128e,0.2647590559546039,0.1891116536031755,0.609375,-2,True,762
SB5188,Testicular disorder,"male gonadal, ductal, accessory-gland, and reproductive-output structure",departure from the reference structural configuration or regulated functional range,remaining_5256,a24bc3c5b99de557195988c577f35c4fc4c053f5778af742927f92030bcce731,190,96,10,12,98,22,0.14348662990403704,0.24213840471372416,0.09865177480968712,0.09865177480968712,AWAY_FROM_REFERENCE,0.06315789473684211,MINOR,1,223,,,4dcd028274ef13de2d06d519e87ce8951a6c4211d71afb86fc22b7113f2d6a12,0.2647590559546039,0.1891116536031755,0.609375,-2,True,763
SB0031,Abdominal spasm,intestinal smooth-muscle motility and luminal-volume structure,excess or sustained contractile activation causing abnormal narrowing or mechanical state,established_478,0bf6d03c325a2e12f8a635f9e1a1f960f8b0b2b4c3d9b8fde370e2b31e632371,351,116,25,33,124,58,0.14524369894820766,0.2676821311223283,0.12243843217412065,0.12243843217412065,AWAY_FROM_REFERENCE,0.09401709401709402,MINOR,1,223,,,4590197d86f50628fc05f084446f9a7ba055bae5259aea302149f923ae5537be,0.2647445642681712,0.18394916374167225,0.6328125,-8,True,764
SB3754,Oesophageal spasm,"oesophageal mucosal, peristaltic, and sphincter-control structure",excess or sustained contractile activation causing abnormal narrowing or mechanical state,remaining_5256,a517d5c7442a99b7fa9a7e135c9d7492bb6ca9e787220b86e1ddc6d2ce49a4f3,28,6,3,0,3,3,0.13089358756748104,0.25480615774904514,0.1239125701815641,0.1239125701815641,AWAY_FROM_REFERENCE,0.0,INFORMATIONAL,0,231,,,1a009f680ab89c62d390d3e960ca7858137336f77ea2bcf6a9ef51a59a71085d,0.2647134870500719,0.1890560817683804,0.609375,3,True,765
SB4471,Purpura fulminans,vascular wall and hemostatic integrity structure,"altered configuration or regulated output of the named structure, expressed as the state described by purpura fulminans",remaining_5256,a6ce75b85a126c676a619f7a92a657f2116b039fce52935c6bac8c5592108e9f,325,180,8,33,205,41,0.1774916402454183,0.28362491132396017,0.10613327107854187,0.10613327107854187,AWAY_FROM_REFERENCE,0.10153846153846154,MINOR,1,210,,,db9f72e980df95a86db6d0bab1569d898bb9ad375a2fac9911463a571b4c3f1d,0.2646985761611348,0.19246777580626195,0.59375,-25,True,766
SB3037,Lacrimal duct obstruction,lacrimal-gland secretion and tear-drainage ocular-surface structure,partial or complete luminal/pathway blockage with impaired transit or flow,remaining_5256,d2a3bf50766a62b35e5a8684e7459ce56a5de1ea00a042e83054bba913c9cf48,703,324,33,75,366,108,0.19147665918269285,0.31696320047478266,0.1254865412920898,0.1254865412920898,AWAY_FROM_REFERENCE,0.10668563300142248,MINOR,1,223,,,ca9019310e49b2d905b4cea427be58cc03b0a0d2b8383504923a042c184c7ac2,0.2646812009550458,0.1924465865305437,0.59375,-42,True,767
SB2608,Hyperplasia erythroid,"erythrocyte production, integrity, and oxygen-transport structure",increase in tissue mass or cellular content beyond the reference configuration,remaining_5256,d3628b2663d0fb9b68f890f9f5e1e09eec9623929618fc263915e4a716df6b89,15,12,0,2,14,2,0.16712866470326126,0.2903788877660862,0.12325022306282496,0.12325022306282496,AWAY_FROM_REFERENCE,0.13333333333333333,MINOR,1,174,,,bec5dd07ca97da20d218cc4f05fdd4adb2357ef94b193a783ab698fb043960aa,0.2644173890668333,0.19212486471565038,0.59375,-2,True,768
SB3517,Myringitis,cochlear-mechanical and auditory-neural transduction structure,"localized inflammatory activation with cellular infiltration, vascular change, and tissue-function perturbation",remaining_5256,7e01c3918feba4497917c1d46bd70de540ce2210b16d70d34f9d9f958ad934f2,276,72,10,23,85,33,0.12085858610590339,0.24187057633951592,0.12101199023361253,0.12101199023361253,AWAY_FROM_REFERENCE,0.08333333333333333,MINOR,1,230,,,375de4b3876635419a047a328173147b657c2bdfdff1096899d8de3cb34da94f,0.26426610473972134,0.18851049358502603,0.609375,-13,True,769
SB3867,Otitis,cochlear-mechanical and auditory-neural transduction structure,"localized inflammatory activation with cellular infiltration, vascular change, and tissue-function perturbation",remaining_5256,7e01c3918feba4497917c1d46bd70de540ce2210b16d70d34f9d9f958ad934f2,276,72,10,23,85,33,0.12085858610590339,0.24187057633951592,0.12101199023361253,0.12101199023361253,AWAY_FROM_REFERENCE,0.08333333333333333,MINOR,1,230,,,aa151add429c07f7e2fedb50d47b1d1efcd213cbba71cdaa1a78c5613ab28c0f,0.26426610473972134,0.18851049358502603,0.609375,-13,True,770
SB3868,Otitis externa,cochlear-mechanical and auditory-neural transduction structure,"localized inflammatory activation with cellular infiltration, vascular change, and tissue-function perturbation",remaining_5256,7e01c3918feba4497917c1d46bd70de540ce2210b16d70d34f9d9f958ad934f2,276,72,10,23,85,33,0.12085858610590339,0.24187057633951592,0.12101199023361253,0.12101199023361253,AWAY_FROM_REFERENCE,0.08333333333333333,MINOR,1,230,,,79ae1fe324f1fc805f1a449aa4a5b41a400c80e9d8aeffc9a11ca0bfe372ac81,0.26426610473972134,0.18851049358502603,0.609375,-13,True,771
SB3869,Otitis media,cochlear-mechanical and auditory-neural transduction structure,"localized inflammatory activation with cellular infiltration, vascular change, and tissue-function perturbation",remaining_5256,7e01c3918feba4497917c1d46bd70de540ce2210b16d70d34f9d9f958ad934f2,276,72,10,23,85,33,0.12085858610590339,0.24187057633951592,0.12101199023361253,0.12101199023361253,AWAY_FROM_REFERENCE,0.08333333333333333,MINOR,1,230,,,913edf64498516c1c9b8d755c18a45b21b44629c9f4773c4fb10a6d805fc7398,0.26426610473972134,0.18851049358502603,0.609375,-13,True,772
SB3870,Otitis media acute,cochlear-mechanical and auditory-neural transduction structure,"localized inflammatory activation with cellular infiltration, vascular change, and tissue-function perturbation",remaining_5256,7e01c3918feba4497917c1d46bd70de540ce2210b16d70d34f9d9f958ad934f2,276,72,10,23,85,33,0.12085858610590339,0.24187057633951592,0.12101199023361253,0.12101199023361253,AWAY_FROM_REFERENCE,0.08333333333333333,MINOR,1,230,,,7bcb2a567e4649910f62ec3891345dc845db6b490a84a4e1b47bc368db2ece1f,0.26426610473972134,0.18851049358502603,0.609375,-13,True,773
SB3871,Otitis media chronic,cochlear-mechanical and auditory-neural transduction structure,"localized inflammatory activation with cellular infiltration, vascular change, and tissue-function perturbation",remaining_5256,7e01c3918feba4497917c1d46bd70de540ce2210b16d70d34f9d9f958ad934f2,276,72,10,23,85,33,0.12085858610590339,0.24187057633951592,0.12101199023361253,0.12101199023361253,AWAY_FROM_REFERENCE,0.08333333333333333,MINOR,1,230,,,13cd7f042812f687d3e7ab4e9ea47ba9e00c3d3d039ce6b3a6f2aed8a33e071b,0.26426610473972134,0.18851049358502603,0.609375,-13,True,774
SB3872,Otitis media serous,cochlear-mechanical and auditory-neural transduction structure,"localized inflammatory activation with cellular infiltration, vascular change, and tissue-function perturbation",remaining_5256,7e01c3918feba4497917c1d46bd70de540ce2210b16d70d34f9d9f958ad934f2,276,72,10,23,85,33,0.12085858610590339,0.24187057633951592,0.12101199023361253,0.12101199023361253,AWAY_FROM_REFERENCE,0.08333333333333333,MINOR,1,230,,,20f18aa97ce618c76af243c52b2f7217239247a924ae7e9cebe3b82879014ec7,0.26426610473972134,0.18851049358502603,0.609375,-13,True,775
SB3874,Otosalpingitis,cochlear-mechanical and auditory-neural transduction structure,"localized inflammatory activation with cellular infiltration, vascular change, and tissue-function perturbation",remaining_5256,7e01c3918feba4497917c1d46bd70de540ce2210b16d70d34f9d9f958ad934f2,276,72,10,23,85,33,0.12085858610590339,0.24187057633951592,0.12101199023361253,0.12101199023361253,AWAY_FROM_REFERENCE,0.08333333333333333,MINOR,1,230,,,57ba89dafe6b0234a3bdd48d173eb447e824e8735c5290af07476a860fff76b2,0.26426610473972134,0.18851049358502603,0.609375,-13,True,776
SB4000,Parotitis,cochlear-mechanical and auditory-neural transduction structure,"localized inflammatory activation with cellular infiltration, vascular change, and tissue-function perturbation",remaining_5256,7e01c3918feba4497917c1d46bd70de540ce2210b16d70d34f9d9f958ad934f2,276,72,10,23,85,33,0.12085858610590339,0.24187057633951592,0.12101199023361253,0.12101199023361253,AWAY_FROM_REFERENCE,0.08333333333333333,MINOR,1,230,,,16c271d5f933361e66a69f1247725af310e188081e95ff3dbc749ba1ab22edde,0.26426610473972134,0.18851049358502603,0.609375,-13,True,777
SB4705,Rigors,central-peripheral thermoregulatory heat-production and heat-loss structure,"altered configuration or regulated output of the named structure, expressed as the state described by rigors",remaining_5256,b8194e4e333c223f656de53913d05bdf0d326494d183fb85571231fa079cae4c,3,2,1,1,2,2,0.09676627150315864,0.2072566660439793,0.11049039454082066,0.11049039454082066,AWAY_FROM_REFERENCE,0.3333333333333333,MODERATE,2,174,,,4c0058d5646301dc5b4576b7eb6d0d01bff8b7b57d5d755b50d6e812473718fb,0.26425233215800126,0.1936385148268308,0.5859375,0,True,778
SB0005,ANA increased,antinuclear autoantibody immune-recognition structure,measured or functional quantity shifted above its reference structural range,established_478,80370ceee86577a9155bd3ff819c052f21fcf7a3c1f3c3ddda82799b2bfc7d84,45,12,4,6,14,10,0.18659277101615257,0.30081405908182834,0.11422128806567577,0.11422128806567577,AWAY_FROM_REFERENCE,0.13333333333333333,MINOR,1,231,,,16240600df7bb7deb8bc52c886505dc1418d3665a36c6edd46fe9aca07623c2e,0.264224588646986,0.185029986154861,0.625,-2,True,779
SB0351,Antinuclear antibody increased,antinuclear autoantibody immune-recognition structure,measured or functional quantity shifted above its reference structural range,established_478,80370ceee86577a9155bd3ff819c052f21fcf7a3c1f3c3ddda82799b2bfc7d84,45,12,4,6,14,10,0.18659277101615257,0.30081405908182834,0.11422128806567577,0.11422128806567577,AWAY_FROM_REFERENCE,0.13333333333333333,MINOR,1,231,,,a6abb9f6aecf38ae7c2f5c256d052e20eb22f8b57de86f69891cb6ef70da98d8,0.264224588646986,0.185029986154861,0.625,-2,True,780
SB0478,Aspergillosis,pulmonary airway-alveolar antifungal immune-barrier structure,pathogen-associated occupation/invasion with host-defense activation and local structural disruption,established_478,e52144cfdf749bda3c3b55c7111410fa26d6b9e577a88681e2e6121bf30056a2,378,119,23,33,129,56,0.1395198723085861,0.23857352758075268,0.09905365527216659,0.09905365527216659,AWAY_FROM_REFERENCE,0.0873015873015873,MINOR,1,230,,,528245831104b868380bbe7f6220cb9f669e2ab8666b161fc7b8e6df30e92556,0.26418709279036995,0.18498425950045116,0.625,-10,True,781
SB5598,Vestibular ataxia,vestibular sensory-transduction and balance-control structure,loss of coordinated timing and integration of sensorimotor output,remaining_5256,49682b7771bf8f9e1a264bd7bfb1ca7ecea278cbfe75f4770ac3dd061a976c0f,15,4,0,2,6,2,0.21528586108023706,0.333479620095521,0.11819375901528395,0.11819375901528395,AWAY_FROM_REFERENCE,0.13333333333333333,MINOR,1,198,,,f839fe3e3d0b4fefcdec5ace946a6fbe87cce178efef05681bad0ead9a46ebe8,0.26417180451616956,0.18668055428801167,0.6171875,-2,True,782
SB0648,Blepharitis allergic,"systemic immune-recognition, signaling, and effector-response structure","exaggerated immune-recognition/effector activation causing barrier, vascular, or smooth-muscle perturbation",remaining_5256,163b8f0592ee94b5fcac338228c2827d2077634853ac681a855f5dbf88daf79a,378,114,9,43,148,52,0.117358425187013,0.23680612870480833,0.11944770351779532,0.11944770351779532,AWAY_FROM_REFERENCE,0.11375661375661375,MINOR,1,231,,,7a6163bd6aa3ea8cc651c61d59a3ad80e1e8382c9c542446ad474f9d1e4ea8e9,0.26416878618568274,0.18839181242156433,0.609375,-34,True,783
SB1372,Cross reactive drug hypersensitivity,"systemic immune-recognition, signaling, and effector-response structure","exaggerated immune-recognition/effector activation causing barrier, vascular, or smooth-muscle perturbation",remaining_5256,163b8f0592ee94b5fcac338228c2827d2077634853ac681a855f5dbf88daf79a,378,114,9,43,148,52,0.117358425187013,0.23680612870480833,0.11944770351779532,0.11944770351779532,AWAY_FROM_REFERENCE,0.11375661375661375,MINOR,1,231,,,e2a23961a13b7a30670bfb5915e18c3fd7fb85f085610acef31dae6d33668559,0.26416878618568274,0.18839181242156433,0.609375,-34,True,784
SB1613,Drug hypersensitivity,"systemic immune-recognition, signaling, and effector-response structure","exaggerated immune-recognition/effector activation causing barrier, vascular, or smooth-muscle perturbation",remaining_5256,163b8f0592ee94b5fcac338228c2827d2077634853ac681a855f5dbf88daf79a,378,114,9,43,148,52,0.117358425187013,0.23680612870480833,0.11944770351779532,0.11944770351779532,AWAY_FROM_REFERENCE,0.11375661375661375,MINOR,1,231,,,7303cd46502fa1f0f5efe8270533c27202d3e40491da575a85a55cc88b017f55,0.26416878618568274,0.18839181242156433,0.609375,-34,True,785
SB1632,Drug-induced hypersensitivity syndrome,"systemic immune-recognition, signaling, and effector-response structure","exaggerated immune-recognition/effector activation causing barrier, vascular, or smooth-muscle perturbation",remaining_5256,163b8f0592ee94b5fcac338228c2827d2077634853ac681a855f5dbf88daf79a,378,114,9,43,148,52,0.117358425187013,0.23680612870480833,0.11944770351779532,0.11944770351779532,AWAY_FROM_REFERENCE,0.11375661375661375,MINOR,1,231,,,1116061cd94e6e0667a1b84a9f958dda31203a6627628f2e36102207531ed95d,0.26416878618568274,0.18839181242156433,0.609375,-34,True,786
SB2099,Food allergy,"systemic immune-recognition, signaling, and effector-response structure","exaggerated immune-recognition/effector activation causing barrier, vascular, or smooth-muscle perturbation",remaining_5256,163b8f0592ee94b5fcac338228c2827d2077634853ac681a855f5dbf88daf79a,378,114,9,43,148,52,0.117358425187013,0.23680612870480833,0.11944770351779532,0.11944770351779532,AWAY_FROM_REFERENCE,0.11375661375661375,MINOR,1,231,,,8e250b95ebb17a4bc2d251985699e1438c39a900948b81776e0235550927df77,0.26416878618568274,0.18839181242156433,0.609375,-34,True,787
SB2556,House dust allergy,"systemic immune-recognition, signaling, and effector-response structure","exaggerated immune-recognition/effector activation causing barrier, vascular, or smooth-muscle perturbation",remaining_5256,163b8f0592ee94b5fcac338228c2827d2077634853ac681a855f5dbf88daf79a,378,114,9,43,148,52,0.117358425187013,0.23680612870480833,0.11944770351779532,0.11944770351779532,AWAY_FROM_REFERENCE,0.11375661375661375,MINOR,1,231,,,7cfa2334cf59bec4a19620f8ae02b80e6ee986d17d20913a2dfd66c1b5b87357,0.26416878618568274,0.18839181242156433,0.609375,-34,True,788
SB2615,Hypersensitive syndrome,"systemic immune-recognition, signaling, and effector-response structure","exaggerated immune-recognition/effector activation causing barrier, vascular, or smooth-muscle perturbation",remaining_5256,163b8f0592ee94b5fcac338228c2827d2077634853ac681a855f5dbf88daf79a,378,114,9,43,148,52,0.117358425187013,0.23680612870480833,0.11944770351779532,0.11944770351779532,AWAY_FROM_REFERENCE,0.11375661375661375,MINOR,1,231,,,32cd45960ecd742d188a594b749acd57e0885b5644fcfa064c1befbd9e863ad6,0.26416878618568274,0.18839181242156433,0.609375,-34,True,789
SB2616,Hypersensitivity,"systemic immune-recognition, signaling, and effector-response structure","exaggerated immune-recognition/effector activation causing barrier, vascular, or smooth-muscle perturbation",remaining_5256,163b8f0592ee94b5fcac338228c2827d2077634853ac681a855f5dbf88daf79a,378,114,9,43,148,52,0.117358425187013,0.23680612870480833,0.11944770351779532,0.11944770351779532,AWAY_FROM_REFERENCE,0.11375661375661375,MINOR,1,231,,,8faf16c0f059816e93d72d69182b0d3264cd4be02c0aa14364726b0f89d06aa4,0.26416878618568274,0.18839181242156433,0.609375,-34,True,790
SB2859,Injection site hypersensitivity,"systemic immune-recognition, signaling, and effector-response structure","exaggerated immune-recognition/effector activation causing barrier, vascular, or smooth-muscle perturbation",remaining_5256,163b8f0592ee94b5fcac338228c2827d2077634853ac681a855f5dbf88daf79a,378,114,9,43,148,52,0.117358425187013,0.23680612870480833,0.11944770351779532,0.11944770351779532,AWAY_FROM_REFERENCE,0.11375661375661375,MINOR,1,231,,,66790bc6d37aae06b75f88da92b5d47822ca948b9a159c1d7d287724061e6e28,0.26416878618568274,0.18839181242156433,0.609375,-34,True,791
SB3070,Latex allergy,"systemic immune-recognition, signaling, and effector-response structure","exaggerated immune-recognition/effector activation causing barrier, vascular, or smooth-muscle perturbation",remaining_5256,163b8f0592ee94b5fcac338228c2827d2077634853ac681a855f5dbf88daf79a,378,114,9,43,148,52,0.117358425187013,0.23680612870480833,0.11944770351779532,0.11944770351779532,AWAY_FROM_REFERENCE,0.11375661375661375,MINOR,1,231,,,6e3d4f400018d7d83b7c3802e9f355cc944182292a3c7373b35f2b12494e4750,0.26416878618568274,0.18839181242156433,0.609375,-34,True,792
SB3433,Multiple allergies,"systemic immune-recognition, signaling, and effector-response structure","exaggerated immune-recognition/effector activation causing barrier, vascular, or smooth-muscle perturbation",remaining_5256,163b8f0592ee94b5fcac338228c2827d2077634853ac681a855f5dbf88daf79a,378,114,9,43,148,52,0.117358425187013,0.23680612870480833,0.11944770351779532,0.11944770351779532,AWAY_FROM_REFERENCE,0.11375661375661375,MINOR,1,231,,,e5d55a018483da9ffbeae7693ec7cc78ff6dacb945fb086d083760eb486ed269,0.26416878618568274,0.18839181242156433,0.609375,-34,True,793
SB4031,Penicillin allergy,"systemic immune-recognition, signaling, and effector-response structure","exaggerated immune-recognition/effector activation causing barrier, vascular, or smooth-muscle perturbation",remaining_5256,163b8f0592ee94b5fcac338228c2827d2077634853ac681a855f5dbf88daf79a,378,114,9,43,148,52,0.117358425187013,0.23680612870480833,0.11944770351779532,0.11944770351779532,AWAY_FROM_REFERENCE,0.11375661375661375,MINOR,1,231,,,2b1db7473d26995defaa1d2bc034382df5b5ccd6ef1f9d293a5d903007a77742,0.26416878618568274,0.18839181242156433,0.609375,-34,True,794
SB4376,Protein allergy,"systemic immune-recognition, signaling, and effector-response structure","exaggerated immune-recognition/effector activation causing barrier, vascular, or smooth-muscle perturbation",remaining_5256,163b8f0592ee94b5fcac338228c2827d2077634853ac681a855f5dbf88daf79a,378,114,9,43,148,52,0.117358425187013,0.23680612870480833,0.11944770351779532,0.11944770351779532,AWAY_FROM_REFERENCE,0.11375661375661375,MINOR,1,231,,,638290e4b9a7e18fec44bab973787c0d1f9a8cabff296d7e5630afc9f816e0d9,0.26416878618568274,0.18839181242156433,0.609375,-34,True,795
SB4759,Seasonal allergy,"systemic immune-recognition, signaling, and effector-response structure","exaggerated immune-recognition/effector activation causing barrier, vascular, or smooth-muscle perturbation",remaining_5256,163b8f0592ee94b5fcac338228c2827d2077634853ac681a855f5dbf88daf79a,378,114,9,43,148,52,0.117358425187013,0.23680612870480833,0.11944770351779532,0.11944770351779532,AWAY_FROM_REFERENCE,0.11375661375661375,MINOR,1,231,,,65fa5817ff57e6f93445f1b7d5943d84c74cfaef3b69957aed26fc976aea3baf,0.26416878618568274,0.18839181242156433,0.609375,-34,True,796
SB5134,Systemic allergic reaction,"systemic immune-recognition, signaling, and effector-response structure","exaggerated immune-recognition/effector activation causing barrier, vascular, or smooth-muscle perturbation",remaining_5256,163b8f0592ee94b5fcac338228c2827d2077634853ac681a855f5dbf88daf79a,378,114,9,43,148,52,0.117358425187013,0.23680612870480833,0.11944770351779532,0.11944770351779532,AWAY_FROM_REFERENCE,0.11375661375661375,MINOR,1,231,,,82e081ce14c638fc518f153d8919e817c39af7ff3db9953ad1e5389c419b5b55,0.26416878618568274,0.18839181242156433,0.609375,-34,True,797
SB5365,Type I hypersensitivity,"systemic immune-recognition, signaling, and effector-response structure","exaggerated immune-recognition/effector activation causing barrier, vascular, or smooth-muscle perturbation",remaining_5256,163b8f0592ee94b5fcac338228c2827d2077634853ac681a855f5dbf88daf79a,378,114,9,43,148,52,0.117358425187013,0.23680612870480833,0.11944770351779532,0.11944770351779532,AWAY_FROM_REFERENCE,0.11375661375661375,MINOR,1,231,,,3085fc6f1ed193d886c1c2c4442557ebf36b0665d48f77111abae9b466943d74,0.26416878618568274,0.18839181242156433,0.609375,-34,True,798
SB5367,Type IV hypersensitivity reaction,"systemic immune-recognition, signaling, and effector-response structure","exaggerated immune-recognition/effector activation causing barrier, vascular, or smooth-muscle perturbation",remaining_5256,163b8f0592ee94b5fcac338228c2827d2077634853ac681a855f5dbf88daf79a,378,114,9,43,148,52,0.117358425187013,0.23680612870480833,0.11944770351779532,0.11944770351779532,AWAY_FROM_REFERENCE,0.11375661375661375,MINOR,1,231,,,ff0adbfff06685fee50c7207a9da39d486230c8c8fd7b18ce347bdd7df21c6e9,0.26416878618568274,0.18839181242156433,0.609375,-34,True,799
SB3999,Parotid swelling,salivary-gland secretory and ductal-delivery structure,"excess fluid accumulation within interstitial, tissue, or cavity compartments",remaining_5256,62a589afed66a144088d9903da0d8406075ea23cb70bc72947fbe4dcc7d30be6,120,68,13,14,69,27,0.20398728320656656,0.28100767368463964,0.07702039047807308,0.07702039047807308,AWAY_FROM_REFERENCE,0.11666666666666667,MINOR,1,231,,,373f4252c38d1084e6f17b2efe12574dc68027d4efaff9655241b034d906173e,0.2640455458452612,0.1968162144454405,0.5703125,-1,True,800
SB1000,Catheter blockage,"implanted-device, catheter, or prosthesis tissue-interface structure",partial or complete luminal/pathway blockage with impaired transit or flow,remaining_5256,b8f403f1d500646d113c60b340291f61069eb7f3887edc4b509761068dc1d9d3,1431,685,83,169,771,252,0.18914395620366375,0.3138187683978958,0.12467481219423204,0.12467481219423204,AWAY_FROM_REFERENCE,0.11809923130677848,MINOR,1,223,,,8f1e758f50001e1ca6cfdec8dc889f15b697614e459ecb90a9ac12c501c5b152,0.26399790441761317,0.19504317611904043,0.578125,-86,True,801
SB1521,Device occlusion,"implanted-device, catheter, or prosthesis tissue-interface structure",partial or complete luminal/pathway blockage with impaired transit or flow,remaining_5256,b8f403f1d500646d113c60b340291f61069eb7f3887edc4b509761068dc1d9d3,1431,685,83,169,771,252,0.18914395620366375,0.3138187683978958,0.12467481219423204,0.12467481219423204,AWAY_FROM_REFERENCE,0.11809923130677848,MINOR,1,223,,,384e59d95b3e0a0b88dfda6381b05cdbba37ae1fe66ee583ae9fe12d22aad5be,0.26399790441761317,0.19504317611904043,0.578125,-86,True,802
SB5026,Stent occlusion,"implanted-device, catheter, or prosthesis tissue-interface structure",partial or complete luminal/pathway blockage with impaired transit or flow,remaining_5256,b8f403f1d500646d113c60b340291f61069eb7f3887edc4b509761068dc1d9d3,1431,685,83,169,771,252,0.18914395620366375,0.3138187683978958,0.12467481219423204,0.12467481219423204,AWAY_FROM_REFERENCE,0.11809923130677848,MINOR,1,223,,,776d30e512f4063a00998814f9e550903a040467c25e8b78265a1a4c29ea83d9,0.26399790441761317,0.19504317611904043,0.578125,-86,True,803
SB0545,Azotaemia,renal glomerular-tubular filtration and fluid-balance structure,retention of nitrogenous metabolic waste in blood from reduced renal clearance,remaining_5256,65d89d91f7552d8ab390d3fff2f515ea8be2486aebbfc95d74ecf43e43cafc04,91,43,15,6,34,21,0.1354149787240002,0.2494663060299942,0.11405132730599399,0.11405132730599399,AWAY_FROM_REFERENCE,0.06593406593406594,MINOR,1,231,,,2e802c9e2c9609447120f1cc97d819567e8d82877670dc1bf62ec0fba9617131,0.263782521575936,0.1964954531413854,0.5703125,9,True,804
SB0546,Azotaemia of renal origin,renal glomerular-tubular filtration and fluid-balance structure,retention of nitrogenous metabolic waste in blood from reduced renal clearance,remaining_5256,65d89d91f7552d8ab390d3fff2f515ea8be2486aebbfc95d74ecf43e43cafc04,91,43,15,6,34,21,0.1354149787240002,0.2494663060299942,0.11405132730599399,0.11405132730599399,AWAY_FROM_REFERENCE,0.06593406593406594,MINOR,1,231,,,3d08c5923a0557e790082cfd5b51a3470947ccb678cd8a15ce892c24a46fdc81,0.263782521575936,0.1964954531413854,0.5703125,9,True,805
SB0547,Azotemia prerenal,renal glomerular-tubular filtration and fluid-balance structure,retention of nitrogenous metabolic waste in blood from reduced renal clearance,remaining_5256,65d89d91f7552d8ab390d3fff2f515ea8be2486aebbfc95d74ecf43e43cafc04,91,43,15,6,34,21,0.1354149787240002,0.2494663060299942,0.11405132730599399,0.11405132730599399,AWAY_FROM_REFERENCE,0.06593406593406594,MINOR,1,231,,,15ef98600b066de652e38b2be1bb4481bf44524a2c6759d0dd859247d6342ff5,0.263782521575936,0.1964954531413854,0.5703125,9,True,806
SB5411,Uremia,renal glomerular-tubular filtration and fluid-balance structure,retention of nitrogenous metabolic waste in blood from reduced renal clearance,remaining_5256,65d89d91f7552d8ab390d3fff2f515ea8be2486aebbfc95d74ecf43e43cafc04,91,43,15,6,34,21,0.1354149787240002,0.2494663060299942,0.11405132730599399,0.11405132730599399,AWAY_FROM_REFERENCE,0.06593406593406594,MINOR,1,231,,,0619f267cd299f5ac6d0f625be5a42e206a235afc85b4acf1169b9832b85d79d,0.263782521575936,0.1964954531413854,0.5703125,9,True,807
SB3169,Long QT syndrome congenital,cardiac conduction and myocardial rhythm structure,"developmental patterning deviation producing absent, incomplete, or abnormally organized structure",remaining_5256,26c94e3426ab766acf0bfe250b1170f0dd54cf42b1fd354563faf9a1b605b5d0,21,6,1,1,6,2,0.17456732103513228,0.28019611870287475,0.10562879766774247,0.10562879766774247,AWAY_FROM_REFERENCE,0.047619047619047616,MINOR,1,231,,,0dae62cfb58e59b2a9f6c411fafbb3a7cd58c81c1ce95ac679ab726dc0627c0d,0.26374512687188467,0.18959009374620084,0.6015625,0,True,808
SB0326,Anorectal disorder,anorectal mucosal and sphincter structural structure,departure from the reference structural configuration or regulated functional range,established_478,04d2ef9ed4f2eb7dcb04a1d4c8246f4ee658ad28c35a3c97737373b6317e408b,325,145,9,32,168,41,0.15202269873860308,0.2702078202572116,0.1181851215186085,0.1181851215186085,AWAY_FROM_REFERENCE,0.09846153846153846,MINOR,1,171,,,3e084e7b8c11e9fc818cf0873a1de1dfaca3891e4a6df00d40aca4b19833f461,0.263741786265834,0.1895860198363829,0.6015625,-23,True,809
SB0357,Anus disorder,anorectal mucosal and sphincter structural structure,departure from the reference structural configuration or regulated functional range,established_478,04d2ef9ed4f2eb7dcb04a1d4c8246f4ee658ad28c35a3c97737373b6317e408b,325,145,9,32,168,41,0.15202269873860308,0.2702078202572116,0.1181851215186085,0.1181851215186085,AWAY_FROM_REFERENCE,0.09846153846153846,MINOR,1,171,,,258af20f548eec76c81a85f50fc7b1ddd8c396cff861b2ba3f434ae322e46689,0.263741786265834,0.1895860198363829,0.6015625,-23,True,810
SB0840,Breast pain,"mammary gland ductal-lobular, secretory, and surface structure",increased nociceptive signaling associated with local tissue or neural perturbation,remaining_5256,2dfdfcdcaa5570448ebbe625b280f43bd765dd82ad4e645daca9b2957a1b78a8,231,104,13,29,120,42,0.16640833185703874,0.287435420357139,0.12102708850010024,0.12102708850010024,AWAY_FROM_REFERENCE,0.12554112554112554,MINOR,1,223,,,96cfc3180afe00c26d1c702812eda78add5fa341fcd156311d404811287c1cdc,0.2637095553691833,0.18097201874290647,0.640625,-16,True,811
SB0841,Breast pain female,"mammary gland ductal-lobular, secretory, and surface structure",increased nociceptive signaling associated with local tissue or neural perturbation,remaining_5256,2dfdfcdcaa5570448ebbe625b280f43bd765dd82ad4e645daca9b2957a1b78a8,231,104,13,29,120,42,0.16640833185703874,0.287435420357139,0.12102708850010024,0.12102708850010024,AWAY_FROM_REFERENCE,0.12554112554112554,MINOR,1,223,,,1d2a08e16c239b6518f5a9238b13047c3822d1ebad57c7945d9840385f20c5e0,0.2637095553691833,0.18097201874290647,0.640625,-16,True,812
SB0842,Breast pain male,"mammary gland ductal-lobular, secretory, and surface structure",increased nociceptive signaling associated with local tissue or neural perturbation,remaining_5256,2dfdfcdcaa5570448ebbe625b280f43bd765dd82ad4e645daca9b2957a1b78a8,231,104,13,29,120,42,0.16640833185703874,0.287435420357139,0.12102708850010024,0.12102708850010024,AWAY_FROM_REFERENCE,0.12554112554112554,MINOR,1,223,,,4a1ff487d49c97de2a3b18f207861bcf5fff085f7973bf9bebeb1edeecffa2bc,0.2637095553691833,0.18097201874290647,0.640625,-16,True,813
SB0844,Breast tenderness,"mammary gland ductal-lobular, secretory, and surface structure",increased nociceptive signaling associated with local tissue or neural perturbation,remaining_5256,2dfdfcdcaa5570448ebbe625b280f43bd765dd82ad4e645daca9b2957a1b78a8,231,104,13,29,120,42,0.16640833185703874,0.287435420357139,0.12102708850010024,0.12102708850010024,AWAY_FROM_REFERENCE,0.12554112554112554,MINOR,1,223,,,a0d04fdcb613c1b09f20e945313596fcd1d9be091c85ef7e85f85ad1943415db,0.2637095553691833,0.18097201874290647,0.640625,-16,True,814
SB1583,Distress gastrointestinal,"intestinal mucosal barrier, smooth-muscle motility, and luminal transport structure",abnormal sensory-autonomic signaling indicating departure from the reference local functional state,remaining_5256,4f19646a66e2d77f67ce05483041496defdb73fbc184a581d99572eda8fc2442,276,103,15,29,117,44,0.11605334071922524,0.22805052963664618,0.11199718891742094,0.11199718891742094,AWAY_FROM_REFERENCE,0.10507246376811594,MINOR,1,231,,,1aa8c6e74af4b5fe8783748d189fefbb9cef6b19cb43b33160c00ae6cfd23c49,0.2636780663913607,0.19465312974556181,0.578125,-14,True,815
SB2195,Gastrointestinal discomfort,"intestinal mucosal barrier, smooth-muscle motility, and luminal transport structure",abnormal sensory-autonomic signaling indicating departure from the reference local functional state,remaining_5256,4f19646a66e2d77f67ce05483041496defdb73fbc184a581d99572eda8fc2442,276,103,15,29,117,44,0.11605334071922524,0.22805052963664618,0.11199718891742094,0.11199718891742094,AWAY_FROM_REFERENCE,0.10507246376811594,MINOR,1,231,,,45d479bcc6e94d3ed826d69c8c4f106d34806bb61188943edb657adaf87b0c8b,0.2636780663913607,0.19465312974556181,0.578125,-14,True,816
SB2455,Henoch-Schonlein purpura,vascular wall and hemostatic integrity structure,"altered configuration or regulated output of the named structure, expressed as the state described by henoch-schonlein purpura",remaining_5256,c370a9e6168b9a014edb9215d677fad3602abbf6b78a7b219f86603b88f85c48,325,179,7,34,206,41,0.1845856022742859,0.2971020042439593,0.11251640196967339,0.11251640196967339,AWAY_FROM_REFERENCE,0.10461538461538461,MINOR,1,210,,,45d3b8d891514b076edc8eda3dfecd2e4444c049f1c021ee544d7d0d718851cb,0.26364529652947544,0.1928982274749701,0.5859375,-27,True,817
SB3931,Pancreatic insufficiency,pancreatic endocrine-exocrine parenchymal and ductal structure,reduced or unstable functional output insufficient to maintain the reference structural state,remaining_5256,55d4cf8f09c1c1157d92ad85b0414784430ce0fa93b25cbba331453e24187aa2,91,40,8,8,40,16,0.16304744580909636,0.29750968869222416,0.1344622428831278,0.1344622428831278,AWAY_FROM_REFERENCE,0.08791208791208792,MINOR,1,230,,,f56e8c3144c11ea3e7cebeffa80c8fd652a5f2b07996f22c8e6a3d63767f2010,0.2636346084695997,0.18774037618243866,0.609375,0,True,818
SB0852,Bronchial hyperreactivity,bronchial smooth-muscle tone and airway-caliber structure,"excess magnitude, activity, quantity, or tissue state above the reference configuration",remaining_5256,c8190b2ca616122ca58718098a738d9e285790ed911fd52b1a7d2452687d22f3,300,118,24,22,116,46,0.13550539767205816,0.23465739117848228,0.09915199350642412,0.09915199350642412,AWAY_FROM_REFERENCE,0.07333333333333333,MINOR,1,231,,,c33d15e557a1c54f132a1499dc257ebd86e7ea24c0cf4fce70c875b80bb47613,0.2636306233100626,0.18259069915861292,0.6328125,2,True,819
SB1691,Dysthymic disorder,thymic lymphocyte-development and immune-selection structure,departure from the reference structural configuration or regulated functional range,remaining_5256,520f66c05ddb4115bec228ad96c8d1f1b6f15f8dcfc0cfc17c6e8f1c35eb06f7,36,23,0,1,24,1,0.13857821284383698,0.20520102555761333,0.06662281271377635,0.06662281271377635,AWAY_FROM_REFERENCE,0.027777777777777776,MINOR,1,97,,,874895298875f14a4edf652a797acbec9ff942e1514bf2b82186e2a0d30190a3,0.2636202102461881,0.17914812225144894,0.6484375,-1,True,820
SB0280,Anal haemorrhage,anorectal mucosal vascular-integrity structure,vascular or tissue integrity breach with blood extravasation/accumulation,established_478,e98dddc7fb0b8a7a936b8e8fd815e6af61b3c3c5e1dbc0e83ebcf8e816e51a14,6,5,0,1,6,1,0.21170301012996562,0.3241799842593516,0.11247697412938595,0.11247697412938595,AWAY_FROM_REFERENCE,0.16666666666666666,MINOR,1,223,,,b91ecc080d29abca97cbee11357a770cb08a5100439c9171617108dd2e9a2d73,0.2635495215820538,0.1859216726610412,0.6171875,-1,True,821
SB0345,Antibiotic associated colitis,colonic epithelial-microbiome structure,"localized inflammatory activation with cellular infiltration, vascular change, and tissue-function perturbation",established_478,c5cfa4ff2ac90bb1544cba05a75d03fb516374c55d6f3c90fb5a011ac3fef48f,630,310,37,82,355,119,0.2099773094992371,0.32608783502836003,0.11611052552912293,0.11611052552912293,AWAY_FROM_REFERENCE,0.13015873015873017,MINOR,1,223,,,17c0f40810f75e3593b353e061e76edd926592225e9396cd06ba693fe9d58583,0.2634787044515662,0.1892651883555685,0.6015625,-45,True,822
SB0511,Atrioventricular block,cardiac conduction and myocardial rhythm structure,interruption or delay of normal electrical conduction between coupled excitable regions,remaining_5256,3759de852aac49b1d0d2810befbff6be06d22fed2773ccde02ebe87c56beb5c2,21,5,5,1,1,6,0.15814953259238473,0.26376358153183976,0.10561404893945503,0.10561404893945503,AWAY_FROM_REFERENCE,0.047619047619047616,MINOR,1,231,,,6e04b89d0644eb2a2490203a72e43a2b7814cf8805ebcfdb720e5e27d1a873a5,0.26347725961006335,0.19097836537812607,0.59375,4,True,823
SB0512,Atrioventricular block complete,cardiac conduction and myocardial rhythm structure,interruption or delay of normal electrical conduction between coupled excitable regions,remaining_5256,3759de852aac49b1d0d2810befbff6be06d22fed2773ccde02ebe87c56beb5c2,21,5,5,1,1,6,0.15814953259238473,0.26376358153183976,0.10561404893945503,0.10561404893945503,AWAY_FROM_REFERENCE,0.047619047619047616,MINOR,1,231,,,f4d8b2e0f0f76be0b95fa0ddf68e6c9817adcf3fd76cb9e7dbdae7e64112d2e8,0.26347725961006335,0.19097836537812607,0.59375,4,True,824
SB0513,Atrioventricular block first degree,cardiac conduction and myocardial rhythm structure,interruption or delay of normal electrical conduction between coupled excitable regions,remaining_5256,3759de852aac49b1d0d2810befbff6be06d22fed2773ccde02ebe87c56beb5c2,21,5,5,1,1,6,0.15814953259238473,0.26376358153183976,0.10561404893945503,0.10561404893945503,AWAY_FROM_REFERENCE,0.047619047619047616,MINOR,1,231,,,af34798eede913ab7a7b0d2384bce64e59c25a67cf7e2432e52c5c28d44f9bfa,0.26347725961006335,0.19097836537812607,0.59375,4,True,825
SB0514,Atrioventricular block second degree,cardiac conduction and myocardial rhythm structure,interruption or delay of normal electrical conduction between coupled excitable regions,remaining_5256,3759de852aac49b1d0d2810befbff6be06d22fed2773ccde02ebe87c56beb5c2,21,5,5,1,1,6,0.15814953259238473,0.26376358153183976,0.10561404893945503,0.10561404893945503,AWAY_FROM_REFERENCE,0.047619047619047616,MINOR,1,231,,,1117746ec598ec082f50e6d18130fd4ed62eac34af3e57cbfac43862c99cff85,0.26347725961006335,0.19097836537812607,0.59375,4,True,826
SB0886,Bundle branch block,cardiac conduction and myocardial rhythm structure,interruption or delay of normal electrical conduction between coupled excitable regions,remaining_5256,3759de852aac49b1d0d2810befbff6be06d22fed2773ccde02ebe87c56beb5c2,21,5,5,1,1,6,0.15814953259238473,0.26376358153183976,0.10561404893945503,0.10561404893945503,AWAY_FROM_REFERENCE,0.047619047619047616,MINOR,1,231,,,2e7260d47b821998e2142d8b609828ba2d91d8482be70b15f71f6da0a8c6cc0d,0.26347725961006335,0.19097836537812607,0.59375,4,True,827
SB0887,Bundle branch block left,cardiac conduction and myocardial rhythm structure,interruption or delay of normal electrical conduction between coupled excitable regions,remaining_5256,3759de852aac49b1d0d2810befbff6be06d22fed2773ccde02ebe87c56beb5c2,21,5,5,1,1,6,0.15814953259238473,0.26376358153183976,0.10561404893945503,0.10561404893945503,AWAY_FROM_REFERENCE,0.047619047619047616,MINOR,1,231,,,135cbd644fb1a402c57bed7a8d71fd531bb344176b6a61b7cea4a91bf05cfed1,0.26347725961006335,0.19097836537812607,0.59375,4,True,828
SB0888,Bundle branch block right,cardiac conduction and myocardial rhythm structure,interruption or delay of normal electrical conduction between coupled excitable regions,remaining_5256,3759de852aac49b1d0d2810befbff6be06d22fed2773ccde02ebe87c56beb5c2,21,5,5,1,1,6,0.15814953259238473,0.26376358153183976,0.10561404893945503,0.10561404893945503,AWAY_FROM_REFERENCE,0.047619047619047616,MINOR,1,231,,,f0561725cc0408852f562c9d3bb1093dd88e33403a37c6c0f001c06688244789,0.26347725961006335,0.19097836537812607,0.59375,4,True,829
SB1248,Conduction disorder,cardiac conduction and myocardial rhythm structure,interruption or delay of normal electrical conduction between coupled excitable regions,remaining_5256,3759de852aac49b1d0d2810befbff6be06d22fed2773ccde02ebe87c56beb5c2,21,5,5,1,1,6,0.15814953259238473,0.26376358153183976,0.10561404893945503,0.10561404893945503,AWAY_FROM_REFERENCE,0.047619047619047616,MINOR,1,231,,,ef10b755b94aec18ed9cebd1847205bbcdcd0178ab1d92cccd1b666bb903a2aa,0.26347725961006335,0.19097836537812607,0.59375,4,True,830
SB3673,Nodal block,cardiac conduction and myocardial rhythm structure,interruption or delay of normal electrical conduction between coupled excitable regions,remaining_5256,3759de852aac49b1d0d2810befbff6be06d22fed2773ccde02ebe87c56beb5c2,21,5,5,1,1,6,0.15814953259238473,0.26376358153183976,0.10561404893945503,0.10561404893945503,AWAY_FROM_REFERENCE,0.047619047619047616,MINOR,1,231,,,d77b2cafd82ab7338419389ba71e07502e2efaabc2e5c297aea9c404fa110854,0.26347725961006335,0.19097836537812607,0.59375,4,True,831
SB4853,Sinoatrial block,cardiac conduction and myocardial rhythm structure,interruption or delay of normal electrical conduction between coupled excitable regions,remaining_5256,3759de852aac49b1d0d2810befbff6be06d22fed2773ccde02ebe87c56beb5c2,21,5,5,1,1,6,0.15814953259238473,0.26376358153183976,0.10561404893945503,0.10561404893945503,AWAY_FROM_REFERENCE,0.047619047619047616,MINOR,1,231,,,95181e69e9e691efbd30b6c1db0a8357884da04fdbbb0995f79473875126e797,0.26347725961006335,0.19097836537812607,0.59375,4,True,832
SB2134,Functional gastrointestinal disorder,"intestinal mucosal barrier, smooth-muscle motility, and luminal transport structure",departure from the reference structural configuration or regulated functional range,remaining_5256,757db2181c527304568a12b930eb036bff6cd38f4180880b6115bdf9345dd097,276,90,7,33,116,40,0.1187526621630447,0.23856037324058166,0.11980771107753696,0.11980771107753696,AWAY_FROM_REFERENCE,0.11956521739130435,MINOR,1,231,,,652385e52bd0fba9e416e49f91791ff96056e2ee971d1e99e3de61ebf17c351a,0.2634431958412927,0.19265176322108868,0.5859375,-26,True,833
SB2196,Gastrointestinal disorder,"intestinal mucosal barrier, smooth-muscle motility, and luminal transport structure",departure from the reference structural configuration or regulated functional range,remaining_5256,757db2181c527304568a12b930eb036bff6cd38f4180880b6115bdf9345dd097,276,90,7,33,116,40,0.1187526621630447,0.23856037324058166,0.11980771107753696,0.11980771107753696,AWAY_FROM_REFERENCE,0.11956521739130435,MINOR,1,231,,,82a5b03a871ae8a026783a1e607909398e4ade427794fd4e53f61d6040242ff8,0.2634431958412927,0.19265176322108868,0.5859375,-26,True,834
SB2206,Gastrointestinal motility disorder,"intestinal mucosal barrier, smooth-muscle motility, and luminal transport structure",departure from the reference structural configuration or regulated functional range,remaining_5256,757db2181c527304568a12b930eb036bff6cd38f4180880b6115bdf9345dd097,276,90,7,33,116,40,0.1187526621630447,0.23856037324058166,0.11980771107753696,0.11980771107753696,AWAY_FROM_REFERENCE,0.11956521739130435,MINOR,1,231,,,813d7a64536a40feb89128f1285efe0ff703f53f4e3f7b5fa16a27633d7e4e34,0.2634431958412927,0.19265176322108868,0.5859375,-26,True,835
SB2213,Gastrointestinal sounds abnormal,"intestinal mucosal barrier, smooth-muscle motility, and luminal transport structure",departure from the reference structural configuration or regulated functional range,remaining_5256,757db2181c527304568a12b930eb036bff6cd38f4180880b6115bdf9345dd097,276,90,7,33,116,40,0.1187526621630447,0.23856037324058166,0.11980771107753696,0.11980771107753696,AWAY_FROM_REFERENCE,0.11956521739130435,MINOR,1,231,,,eae871c81c0518e7de8c922ddd20f64c6e8f5e5123395790ae07a65be4e4b744,0.2634431958412927,0.19265176322108868,0.5859375,-26,True,836
SB2217,Gastrointestinal toxicity,"intestinal mucosal barrier, smooth-muscle motility, and luminal transport structure",departure from the reference structural configuration or regulated functional range,remaining_5256,757db2181c527304568a12b930eb036bff6cd38f4180880b6115bdf9345dd097,276,90,7,33,116,40,0.1187526621630447,0.23856037324058166,0.11980771107753696,0.11980771107753696,AWAY_FROM_REFERENCE,0.11956521739130435,MINOR,1,231,,,692cf386fbaa2fa516771be8af9ecc192ef83005dbb136e61d50c24e57e588cf,0.2634431958412927,0.19265176322108868,0.5859375,-26,True,837
SB2920,Intestinal functional disorder,"intestinal mucosal barrier, smooth-muscle motility, and luminal transport structure",departure from the reference structural configuration or regulated functional range,remaining_5256,757db2181c527304568a12b930eb036bff6cd38f4180880b6115bdf9345dd097,276,90,7,33,116,40,0.1187526621630447,0.23856037324058166,0.11980771107753696,0.11980771107753696,AWAY_FROM_REFERENCE,0.11956521739130435,MINOR,1,231,,,8cedf3405711ac1c095debb8dc600f4623915986c6b475b185ab80e522c31015,0.2634431958412927,0.19265176322108868,0.5859375,-26,True,838
SB2961,Irritable bowel syndrome,"intestinal mucosal barrier, smooth-muscle motility, and luminal transport structure",departure from the reference structural configuration or regulated functional range,remaining_5256,757db2181c527304568a12b930eb036bff6cd38f4180880b6115bdf9345dd097,276,90,7,33,116,40,0.1187526621630447,0.23856037324058166,0.11980771107753696,0.11980771107753696,AWAY_FROM_REFERENCE,0.11956521739130435,MINOR,1,231,,,6448b31d9a0f7bfe6291d943a99b4ca301c1bf76d1af04766c2b5e4de9a5dda2,0.2634431958412927,0.19265176322108868,0.5859375,-26,True,839
SB5370,Ulcer foot,"regional limb musculoskeletal, neurovascular, and skin structure",localized epithelial or tissue-surface loss with reduced barrier continuity,remaining_5256,e5a722cfe501294244eb756e20674c3c2fa61185c9a3be6b1e62f0bff299f98e,21,7,0,3,10,3,0.13765444793462878,0.24343909464865554,0.10578464671402676,0.10578464671402676,AWAY_FROM_REFERENCE,0.14285714285714285,MINOR,1,223,,,21399076d963fe0be86d9e3f0bc371f129ba3b6cd305bad49b741234f1930dec,0.2634111037139249,0.19947238257795719,0.5546875,-3,True,840
SB1698,Ear canal erythema,cochlear-mechanical and auditory-neural transduction structure,increased superficial vascular perfusion producing localized tissue redness,remaining_5256,0087771ae986d82b61075fd8d92b8a3763b743554b3e214ab634ee2b5dfb31f9,276,84,10,20,94,30,0.16048649499411782,0.2905766719060354,0.1300901769119176,0.1300901769119176,AWAY_FROM_REFERENCE,0.07246376811594203,MINOR,1,230,,,d958b8dd4de8eae5d7cb1bdf898b1c49fa29e3268b8a59d6ffb8ca356e0de9e0,0.2633735766358049,0.1891369837022011,0.6015625,-10,True,841
SB0480,Aspermia,"male gonadal, ductal, accessory-gland, and reproductive-output structure",absence of semen emission during expected ejaculatory output,remaining_5256,fe7c5a8e7dd0720cd19aadac01e012d00ad6152992e8f72c48fdafb3f5008956,190,86,15,14,85,29,0.16766081242632103,0.2800475159238154,0.11238670349749436,0.11238670349749436,AWAY_FROM_REFERENCE,0.07368421052631578,MINOR,1,223,,,f3d67e1d01b6e7ac145275d949806bad2755425d911b9e46639e63f8f50b6bce,0.2633269261324498,0.1873651538200607,0.609375,1,True,842
SB4470,Purpura,vascular wall and hemostatic integrity structure,"altered configuration or regulated output of the named structure, expressed as the state described by purpura",remaining_5256,29c6896f399893c43e2b2785fdc4ef50c7f22655387840d62ad7000e45fc9025,325,178,9,34,203,43,0.17835992264182376,0.2848739172673761,0.10651399462555233,0.10651399462555233,AWAY_FROM_REFERENCE,0.10461538461538461,MINOR,1,210,,,bb642a70fbeb5290964e350a32ca3028e95186d93ba696a78c71f59c0bb3f187,0.26329888144400815,0.18904589200488797,0.6015625,-25,True,843
SB2539,Histiocytosis X of lung,"pulmonary airway-alveolar, pleural, and gas-exchange structure","abnormal structural accumulation, degeneration, remodeling, or chronic state within the named structure",remaining_5256,65432ab032419b412c15e8be91a8ccc94e5275ed40a97bd14fc6e411248d2c24,36,18,1,2,19,3,0.1773768725267274,0.2747284611487293,0.09735158862200188,0.09735158862200188,AWAY_FROM_REFERENCE,0.05555555555555555,MINOR,1,231,,,6a1dfbf0e82f268e02dcc12b17c1563a6a2310531e41285473190fe4f23f1af7,0.26322176530771496,0.18723690891184752,0.609375,-1,True,844
SB3605,Nephrotoxicity,renal glomerular-tubular filtration and fluid-balance structure,"altered configuration or regulated output of the named structure, expressed as the state described by nephrotoxicity",remaining_5256,2fe2e24fcdc343357819f1610e583bb2114d8a8b09e8db1b1d33317d7683c3f1,91,29,6,9,32,15,0.13357241630682015,0.2515738873533865,0.11800147104656633,0.11800147104656633,AWAY_FROM_REFERENCE,0.0989010989010989,MINOR,1,231,,,0ebfe5df5f1b39b3df0465773a920b4e1a4e5993b8cca98713757362822a6190,0.26311101216723665,0.19053172215516667,0.59375,-3,True,845
SB2207,Gastrointestinal necrosis,"intestinal mucosal barrier, smooth-muscle motility, and luminal transport structure",loss of cellular viability with local tissue structural breakdown,remaining_5256,b460f6caee78b0a91280c01c1fb1dd60002a92a6d894ccd79aefc2d3f7ba1d48,276,99,20,30,109,50,0.15788970673250047,0.27274761762698563,0.11485791089448516,0.11485791089448516,AWAY_FROM_REFERENCE,0.10869565217391304,MINOR,1,231,,,316c8dd7b6a62b4ab62ca5a10047a1926f377d90c585dbc26c232111e3318d99,0.2629383866978091,0.18860626426562088,0.6015625,-10,True,846
SB2926,Intestinal necrosis,"intestinal mucosal barrier, smooth-muscle motility, and luminal transport structure",loss of cellular viability with local tissue structural breakdown,remaining_5256,b460f6caee78b0a91280c01c1fb1dd60002a92a6d894ccd79aefc2d3f7ba1d48,276,99,20,30,109,50,0.15788970673250047,0.27274761762698563,0.11485791089448516,0.11485791089448516,AWAY_FROM_REFERENCE,0.10869565217391304,MINOR,1,231,,,9e52e8bed0ab7e6244f6312f58bc121a5ee2ae127377d8b778b685f3c4006281,0.2629383866978091,0.18860626426562088,0.6015625,-10,True,847
SB2063,Finger deformity,"regional limb musculoskeletal, neurovascular, and skin structure","altered configuration or regulated output of the named structure, expressed as the state described by finger deformity",remaining_5256,f2798d8ebfc317ddef9b0136fa209f491022239cb07b155a8c8506b1b5a7e92d,21,8,2,1,7,3,0.12509067536758645,0.23032768460224018,0.10523700923465373,0.10523700923465373,AWAY_FROM_REFERENCE,0.047619047619047616,MINOR,1,223,,,19ea8a215f6f8cbba021cc17c9be62c33689f093e7e1dc7f506cf13bcc27a2d2,0.26293657413811033,0.1937488709001346,0.578125,1,True,848
SB2216,Gastrointestinal symptom NOS,"intestinal mucosal barrier, smooth-muscle motility, and luminal transport structure",observable sensory or functional output indicating departure from the reference structural state,remaining_5256,58310958cc997cd1c8590a6b4db9f8d2fe97dd4683ae91ee205cbdcb322a649a,276,96,12,38,122,50,0.120957859889545,0.23652244849658433,0.11556458860703933,0.11556458860703933,AWAY_FROM_REFERENCE,0.13768115942028986,MINOR,1,231,,,3ce9606fc76598f86f68d646880829bf7d72c46ae0715b7ccf90002fd0474efb,0.2629340592158771,0.19203086489741106,0.5859375,-26,True,849
SB5399,Upper gastrointestinal symptoms,"intestinal mucosal barrier, smooth-muscle motility, and luminal transport structure",observable sensory or functional output indicating departure from the reference structural state,remaining_5256,58310958cc997cd1c8590a6b4db9f8d2fe97dd4683ae91ee205cbdcb322a649a,276,96,12,38,122,50,0.120957859889545,0.23652244849658433,0.11556458860703933,0.11556458860703933,AWAY_FROM_REFERENCE,0.13768115942028986,MINOR,1,231,,,51cf1e126d7b32e031f19fa20907dc207cb5604d6befef73702950e23f03cc9c,0.2629340592158771,0.19203086489741106,0.5859375,-26,True,850
SB0337,Anterior chamber inflammation,anterior-eye aqueous-humor and iris structure,"localized or systemic inflammatory activation with altered barrier, vascular, and cellular organization",established_478,6045d07758e9323094f481ff3e1218870bfe9678fcd3dc71cc5e74ad15b889c4,6,2,1,0,1,1,0.2427248964134454,0.332552437132982,0.08982754071953658,0.08982754071953658,AWAY_FROM_REFERENCE,0.0,INFORMATIONAL,0,231,,,dc9d01b23a1b888b7216f9a2e95cbf4bb53578f7f22fd94bdc60a50f52f182c3,0.26289987183872676,0.18341447785210585,0.625,1,True,851
SB1913,Excessive flatulence,"intestinal mucosal barrier, smooth-muscle motility, and luminal transport structure",quantity or output of the named component above the reference regulated range,remaining_5256,2c69e9a354bd7e85477a558b87accfa92cba3254f7e5b7d9e6e645202f536708,276,87,12,35,110,47,0.11579872771861877,0.23211378870665333,0.11631506098803457,0.11631506098803457,AWAY_FROM_REFERENCE,0.12681159420289856,MINOR,1,231,,,62d066ef7e776702693d03f9f229288a9e9dbd4dea66c51dc07f24a44944cdb1,0.2628545790405419,0.18335924273236814,0.625,-23,True,852
SB0252,Amblyopia,retinal-optic-cortical visual-signal structure,reduced visual acuity from abnormal development or integration of visual processing despite structurally present eye,established_478,26d587597d76f5a3b3edb629d9b6ed208d7d775a807dc74731c5d0f0dd49384d,120,65,14,12,63,26,0.16290119276787351,0.2644783655549301,0.10157717278705658,0.10157717278705658,AWAY_FROM_REFERENCE,0.1,MINOR,1,223,,,d81e715e42112c6f1ea8f4623da9e12ce6a5ecc0b9dce4781bda9132ffc2d1de,0.26278990214149556,0.18842518553840926,0.6015625,2,True,853
SB1873,Erosive oesophagitis,"oesophageal mucosal, peristaltic, and sphincter-control structure","localized inflammatory activation with cellular infiltration, vascular change, and tissue-function perturbation",remaining_5256,03178228fc9adc01c13af193586b840d6cd4ab4e74f954882bd38db7cd556a5d,28,10,6,1,5,7,0.12389896841366654,0.26382181651765446,0.13992284810398792,0.13992284810398792,AWAY_FROM_REFERENCE,0.03571428571428571,MINOR,1,231,,,bdde1e321021e83fc285697a391740810c160e14dcfb842d66f2a5e2e2c6d749,0.26278078687987166,0.18841406936569716,0.6015625,5,True,854
SB2224,Gastrooesophagitis,"oesophageal mucosal, peristaltic, and sphincter-control structure","localized inflammatory activation with cellular infiltration, vascular change, and tissue-function perturbation",remaining_5256,03178228fc9adc01c13af193586b840d6cd4ab4e74f954882bd38db7cd556a5d,28,10,6,1,5,7,0.12389896841366654,0.26382181651765446,0.13992284810398792,0.13992284810398792,AWAY_FROM_REFERENCE,0.03571428571428571,MINOR,1,231,,,1cdd3f0f5e325bb4320b7e414472ce5f7202a848ab4e82e26a0cb74fa98316a0,0.26278078687987166,0.18841406936569716,0.6015625,5,True,855
SB3759,Oesophagitis,"oesophageal mucosal, peristaltic, and sphincter-control structure","localized inflammatory activation with cellular infiltration, vascular change, and tissue-function perturbation",remaining_5256,03178228fc9adc01c13af193586b840d6cd4ab4e74f954882bd38db7cd556a5d,28,10,6,1,5,7,0.12389896841366654,0.26382181651765446,0.13992284810398792,0.13992284810398792,AWAY_FROM_REFERENCE,0.03571428571428571,MINOR,1,231,,,ffccf3a98f286698fc4298441dd86917c3ca95b4625d65d05320d833eb6a2e8f,0.26278078687987166,0.18841406936569716,0.6015625,5,True,856
SB3760,Oesophagitis ulcerative,"oesophageal mucosal, peristaltic, and sphincter-control structure","localized inflammatory activation with cellular infiltration, vascular change, and tissue-function perturbation",remaining_5256,03178228fc9adc01c13af193586b840d6cd4ab4e74f954882bd38db7cd556a5d,28,10,6,1,5,7,0.12389896841366654,0.26382181651765446,0.13992284810398792,0.13992284810398792,AWAY_FROM_REFERENCE,0.03571428571428571,MINOR,1,231,,,666050b3637c188f79064db784fcaa3f5af321c7ca8e855c8b23953435d15e3f,0.26278078687987166,0.18841406936569716,0.6015625,5,True,857
SB4495,Radiation oesophagitis,"oesophageal mucosal, peristaltic, and sphincter-control structure","localized inflammatory activation with cellular infiltration, vascular change, and tissue-function perturbation",remaining_5256,03178228fc9adc01c13af193586b840d6cd4ab4e74f954882bd38db7cd556a5d,28,10,6,1,5,7,0.12389896841366654,0.26382181651765446,0.13992284810398792,0.13992284810398792,AWAY_FROM_REFERENCE,0.03571428571428571,MINOR,1,231,,,3ae178836d7209cdb2a9145727ae4d267d96d2ef0c3da41ae3f7afc253348083,0.26278078687987166,0.18841406936569716,0.6015625,5,True,858
SB2201,Gastrointestinal hypermotility,"intestinal mucosal barrier, smooth-muscle motility, and luminal transport structure","excess magnitude, activity, quantity, or tissue state above the reference configuration",remaining_5256,6d177de4f8e29912fc74fea7f3d68efa5658a95e05f52eab3c2fbd7506f3a64f,276,89,16,42,115,58,0.13485235701261455,0.27198760780542364,0.13713525079280908,0.13713525079280908,AWAY_FROM_REFERENCE,0.15217391304347827,MINOR,1,231,,,6c3e01b70a2e8b198392159dc5c30a73f4cc8ad091155a8b1a6546438d2107dc,0.26255265338172673,0.19156573583137404,0.5859375,-26,True,859
SB0423,Application site scar,local epidermal-dermal barrier and repair structure,"altered configuration or regulated output of the named structure, expressed as the state described by application site scar",established_478,c1cc4bdf743f18f496c97a97640a1916caa4f0025aee9c18e4b1e9a32aff33d0,28,13,4,1,10,5,0.11969178726008256,0.2347240271339477,0.11503223987386513,0.11503223987386513,AWAY_FROM_REFERENCE,0.03571428571428571,MINOR,1,223,,,5ec3a30af15156fa533d84d9e5b7cc5ea2004618ffece68c19552e5a201f284b,0.26252910565847376,0.18982208007130952,0.59375,3,True,860
SB0833,Breast malformation,"mammary gland ductal-lobular, secretory, and surface structure","developmental patterning deviation producing absent, incomplete, or abnormally organized structure",remaining_5256,11feb30e496f2bd270fd3c440c299d676dc8e9da82af62465501531cd300077f,231,94,18,33,109,51,0.14967880896785246,0.26938273096573817,0.11970392199788571,0.11970392199788571,AWAY_FROM_REFERENCE,0.14285714285714285,MINOR,1,223,,,548c789842e17bf1e4418af6d6228fd636b8c475a28c0ad45256ae1f5791ea16,0.2624795640672869,0.18976166349669132,0.59375,-15,True,861
SB3477,Myasthenia gravis-like syndrome,whole-organism substrate utilization and cellular energy-production structure,departure from the reference structural configuration or regulated functional range,remaining_5256,da839ca1f5c8b6aec30634729039f8d14982f5cbf2236f4e7b2f73fbad937466,78,27,2,14,39,16,0.11405124607083383,0.2125977572643898,0.09854651119355595,0.09854651119355595,AWAY_FROM_REFERENCE,0.1794871794871795,MINOR,1,223,,,01164bc5679160aaf95e60d6f2919d9993ac100209a1422c48b9deaff2639ebd,0.26247656271798614,0.19147294233900747,0.5859375,-12,True,862
SB2288,Glomerulitis,renal glomerular-tubular filtration and fluid-balance structure,"localized inflammatory activation with cellular infiltration, vascular change, and tissue-function perturbation",remaining_5256,ee8f15870f7ed2dd9740d4ff3289c82911646aa86bbc5ca23c1d2303f19fe6e6,91,29,4,7,32,11,0.14109401744735173,0.2515083564823738,0.11041433903502207,0.11041433903502207,AWAY_FROM_REFERENCE,0.07692307692307693,MINOR,1,231,,,a884ad325c715c23c733cf7b0755f3254d1ee6dd810f92785b36f32245080e00,0.26230248547786084,0.18954571399739129,0.59375,-3,True,863
SB2289,Glomerulonephritis,renal glomerular-tubular filtration and fluid-balance structure,"localized inflammatory activation with cellular infiltration, vascular change, and tissue-function perturbation",remaining_5256,ee8f15870f7ed2dd9740d4ff3289c82911646aa86bbc5ca23c1d2303f19fe6e6,91,29,4,7,32,11,0.14109401744735173,0.2515083564823738,0.11041433903502207,0.11041433903502207,AWAY_FROM_REFERENCE,0.07692307692307693,MINOR,1,231,,,e6e3106655afaee7b36fe1686acb4c7173f4843cb8d22e03044ccc13e3d85887,0.26230248547786084,0.18954571399739129,0.59375,-3,True,864
SB2290,Glomerulonephritis membranoproliferative,renal glomerular-tubular filtration and fluid-balance structure,"localized inflammatory activation with cellular infiltration, vascular change, and tissue-function perturbation",remaining_5256,ee8f15870f7ed2dd9740d4ff3289c82911646aa86bbc5ca23c1d2303f19fe6e6,91,29,4,7,32,11,0.14109401744735173,0.2515083564823738,0.11041433903502207,0.11041433903502207,AWAY_FROM_REFERENCE,0.07692307692307693,MINOR,1,231,,,807bec71195c5cd8e39ea3903cd2a24118cf4ed91cad81acb3e86771fbfafc72,0.26230248547786084,0.18954571399739129,0.59375,-3,True,865
SB2291,Glomerulonephritis membranous,renal glomerular-tubular filtration and fluid-balance structure,"localized inflammatory activation with cellular infiltration, vascular change, and tissue-function perturbation",remaining_5256,ee8f15870f7ed2dd9740d4ff3289c82911646aa86bbc5ca23c1d2303f19fe6e6,91,29,4,7,32,11,0.14109401744735173,0.2515083564823738,0.11041433903502207,0.11041433903502207,AWAY_FROM_REFERENCE,0.07692307692307693,MINOR,1,231,,,ac8a095346fa95111b4de086d3238ff23b5724f68723e6a439a6a53fe99c5083,0.26230248547786084,0.18954571399739129,0.59375,-3,True,866
SB2292,Glomerulonephritis minimal lesion,renal glomerular-tubular filtration and fluid-balance structure,"localized inflammatory activation with cellular infiltration, vascular change, and tissue-function perturbation",remaining_5256,ee8f15870f7ed2dd9740d4ff3289c82911646aa86bbc5ca23c1d2303f19fe6e6,91,29,4,7,32,11,0.14109401744735173,0.2515083564823738,0.11041433903502207,0.11041433903502207,AWAY_FROM_REFERENCE,0.07692307692307693,MINOR,1,231,,,ddc1e19a3184cb9ab66e1bc9b134824fbe972c5b46b740ffebd54357a6b52c9e,0.26230248547786084,0.18954571399739129,0.59375,-3,True,867
SB0569,Balance disorder,vestibular sensory-transduction and balance-control structure,vestibular-sensory mismatch producing unstable spatial-orientation output,remaining_5256,27223a4e3eff8700365d3cab39930448284d51966f09cde42e13ac03f1d9c32d,15,5,1,1,5,2,0.18213579653857825,0.3078377858135777,0.12570198927499943,0.12570198927499943,AWAY_FROM_REFERENCE,0.06666666666666667,MINOR,1,198,,,de73f7ded3c0508ce0572306fb7cc89a11a75ea2144db1d59daecc2b0feaeeee,0.2622416848080521,0.18604168879030747,0.609375,0,True,868
SB5590,Vertigo,vestibular sensory-transduction and balance-control structure,vestibular-sensory mismatch producing unstable spatial-orientation output,remaining_5256,27223a4e3eff8700365d3cab39930448284d51966f09cde42e13ac03f1d9c32d,15,5,1,1,5,2,0.18213579653857825,0.3078377858135777,0.12570198927499943,0.12570198927499943,AWAY_FROM_REFERENCE,0.06666666666666667,MINOR,1,198,,,9852fe3b5c8e4abb8019879caaa65d91d4bf93ffa2b745f8c090db31ee386af2,0.2622416848080521,0.18604168879030747,0.609375,0,True,869
SB5591,Vertigo CNS origin,vestibular sensory-transduction and balance-control structure,vestibular-sensory mismatch producing unstable spatial-orientation output,remaining_5256,27223a4e3eff8700365d3cab39930448284d51966f09cde42e13ac03f1d9c32d,15,5,1,1,5,2,0.18213579653857825,0.3078377858135777,0.12570198927499943,0.12570198927499943,AWAY_FROM_REFERENCE,0.06666666666666667,MINOR,1,198,,,9df2287b16c159ea7e502ace55b6e373c48782895cbc225dff97d7d178c31d72,0.2622416848080521,0.18604168879030747,0.609375,0,True,870
SB5592,Vertigo positional,vestibular sensory-transduction and balance-control structure,vestibular-sensory mismatch producing unstable spatial-orientation output,remaining_5256,27223a4e3eff8700365d3cab39930448284d51966f09cde42e13ac03f1d9c32d,15,5,1,1,5,2,0.18213579653857825,0.3078377858135777,0.12570198927499943,0.12570198927499943,AWAY_FROM_REFERENCE,0.06666666666666667,MINOR,1,198,,,4a9ace87726b2eac072473445b407e1c71b1a1cb70a2111e232313ff3d3c7845,0.2622416848080521,0.18604168879030747,0.609375,0,True,871
SB5226,Thrombotic thrombocytopenic purpura,"platelet production, activation, adhesion, and aggregation structure",intraluminal clot formation causing partial or complete flow obstruction,remaining_5256,1e2f048bd0db5f9f670238984ef69e7009147dcf7ab67cd2d957237b7a9cd5aa,15,3,0,5,8,5,0.1452284942409775,0.263380183905479,0.11815168966450151,0.11815168966450151,AWAY_FROM_REFERENCE,0.3333333333333333,MODERATE,2,230,,,138abffd1cc1662f264c9246523f789f9270d7dee1e800c355baceffe6bc8c73,0.2620663703948817,0.19097270779863618,0.5859375,-5,True,872
SB0064,Acanthosis nigricans,epidermal insulin-growth-factor response structure,epidermal thickening with increased keratinocyte layer depth and altered surface architecture,established_478,c58508b9fccc0aaadc38fefbcaffb6d5d34731ca48ee0e2d0b6da2fc8e3d95b3,6,3,0,1,4,1,0.1664492300575522,0.2801113491713747,0.11366211911382251,0.11366211911382251,AWAY_FROM_REFERENCE,0.16666666666666666,MINOR,1,223,,,6ee487411d15bada21c43907a042a0a716241bde5ef93775ca32cccedc141903,0.26205655624427804,0.1823860442003391,0.625,-1,True,873
SB5506,Vaginal itching,"female reproductive, gestational, placental, and reproductive-output structure","altered configuration or regulated output of the named structure, expressed as the state described by vaginal itching",remaining_5256,f8f51a727b2f8f2d46f579cd06250241889b3ac628105c3312589e335c86ca5f,3,1,1,0,0,1,0.13353687804417202,0.24150520161929467,0.10796832357512265,0.10796832357512265,AWAY_FROM_REFERENCE,0.0,INFORMATIONAL,0,38,,,669de5b6983bd32d282fd4f05621a0b190e98d721bdfb360755fb14fa901534c,0.26203961098615636,0.18922513534897123,0.59375,1,True,874
SB4448,Pulmonary thrombosis,"pulmonary airway-alveolar, pleural, and gas-exchange structure",intraluminal clot formation causing partial or complete flow obstruction,remaining_5256,81547651069c11eb697b3d49a923ead5a3f4a98d026ed08439b1abf43794ea2d,36,20,1,1,20,2,0.1908612104625238,0.2883670776296279,0.09750586716710408,0.09750586716710408,AWAY_FROM_REFERENCE,0.027777777777777776,MINOR,1,231,,,2a61a368e6824ee9eb6daeb3e9c3d5aab8e0841dfdbd5774f63419e8bdd134a1,0.2620142945658406,0.19090920069004946,0.5859375,0,True,875
SB0594,Bezoar,"gastric mucosal barrier, secretory state, motility, and emptying structure",solid or semisolid material aggregation within a lumen/cavity with potential flow obstruction,remaining_5256,402ad7e56ce8cc9c9309423c6a3c55d357d74408e4f756bbaecd2f3ac2bb0e96,1653,725,110,106,721,216,0.17927348218089956,0.2927281414479812,0.11345465926708165,0.11345465926708165,AWAY_FROM_REFERENCE,0.06412583182093164,MINOR,1,98,,,2bb67c230cb8c1b60d167577b7707c0273ced607db975898fed11696904982ec,0.26201093471581993,0.18919016428758528,0.59375,4,True,876
SB1594,Dizziness,vestibular sensory-transduction and balance-control structure,unstable vestibular/perfusion sensory integration producing abnormal spatial-orientation perception,remaining_5256,b5aa6baa95fd40beccb76529baa33b1d071144b462e9d9fe5ee1ecb9a85c9773,15,8,1,0,7,1,0.17278777890776564,0.2783794924449683,0.10559171353720265,0.10559171353720265,AWAY_FROM_REFERENCE,0.0,INFORMATIONAL,0,198,,,0cab0de93b6da8e9cf5121ce0a8e95bfff6b07f7498a6cd90cd690950c013d5e,0.2619436766203368,0.18396332514675218,0.6171875,1,True,877
SB1595,Dizziness aggravated,vestibular sensory-transduction and balance-control structure,unstable vestibular/perfusion sensory integration producing abnormal spatial-orientation perception,remaining_5256,b5aa6baa95fd40beccb76529baa33b1d071144b462e9d9fe5ee1ecb9a85c9773,15,8,1,0,7,1,0.17278777890776564,0.2783794924449683,0.10559171353720265,0.10559171353720265,AWAY_FROM_REFERENCE,0.0,INFORMATIONAL,0,198,,,aca6f472b0221472acc7f23109788544197229c86cea39f5474f456c26da973e,0.2619436766203368,0.18396332514675218,0.6171875,1,True,878
SB1596,Dizziness exertional,vestibular sensory-transduction and balance-control structure,unstable vestibular/perfusion sensory integration producing abnormal spatial-orientation perception,remaining_5256,b5aa6baa95fd40beccb76529baa33b1d071144b462e9d9fe5ee1ecb9a85c9773,15,8,1,0,7,1,0.17278777890776564,0.2783794924449683,0.10559171353720265,0.10559171353720265,AWAY_FROM_REFERENCE,0.0,INFORMATIONAL,0,198,,,2dea58a9a1d11594f78b491d04ca4f433877e7e06042830af0492e5625a2c1aa,0.2619436766203368,0.18396332514675218,0.6171875,1,True,879
SB1597,Dizziness postural,vestibular sensory-transduction and balance-control structure,unstable vestibular/perfusion sensory integration producing abnormal spatial-orientation perception,remaining_5256,b5aa6baa95fd40beccb76529baa33b1d071144b462e9d9fe5ee1ecb9a85c9773,15,8,1,0,7,1,0.17278777890776564,0.2783794924449683,0.10559171353720265,0.10559171353720265,AWAY_FROM_REFERENCE,0.0,INFORMATIONAL,0,198,,,ce3dfa19e9d16cab26fd1617f049465393e0b4598923ddf153154e9b9e84af0c,0.2619436766203368,0.18396332514675218,0.6171875,1,True,880
SB1598,Dizzy spells,vestibular sensory-transduction and balance-control structure,unstable vestibular/perfusion sensory integration producing abnormal spatial-orientation perception,remaining_5256,b5aa6baa95fd40beccb76529baa33b1d071144b462e9d9fe5ee1ecb9a85c9773,15,8,1,0,7,1,0.17278777890776564,0.2783794924449683,0.10559171353720265,0.10559171353720265,AWAY_FROM_REFERENCE,0.0,INFORMATIONAL,0,198,,,9d00c1db982ce3927345dddc121546a10593d3f82f3d23e0c39a78386e7ca9dd,0.2619436766203368,0.18396332514675218,0.6171875,1,True,881
SB0122,Acute enterocolitis,intestinal epithelial fluid-transport and enteric-motility structure,"localized inflammatory activation with cellular infiltration, vascular change, and tissue-function perturbation",established_478,909dea428827cd291f4d15c3a54ba46e44747b6c2f4b2248c2d279d5df4956d8,120,43,2,18,59,20,0.12987688436057465,0.2761801430184474,0.14630325865787275,0.14630325865787275,AWAY_FROM_REFERENCE,0.15,MINOR,1,194,,,6e45294b02e681e308d634c9446723c07f34dd6c64dac8f861ae6e26ae91df3d,0.2618521552867629,0.1941413479106865,0.5703125,-16,True,882
SB0124,Acute gastroenteritis,intestinal epithelial fluid-transport and enteric-motility structure,"localized inflammatory activation with cellular infiltration, vascular change, and tissue-function perturbation",established_478,909dea428827cd291f4d15c3a54ba46e44747b6c2f4b2248c2d279d5df4956d8,120,43,2,18,59,20,0.12987688436057465,0.2761801430184474,0.14630325865787275,0.14630325865787275,AWAY_FROM_REFERENCE,0.15,MINOR,1,194,,,84d1b149022c63baa25d5bb3f4d74cec140c8c649767c6e1715acfc07310b3e9,0.2618521552867629,0.1941413479106865,0.5703125,-16,True,883
SB0281,Anal irritation,anorectal mucosal and perianal tissue integrity/inflammatory structure,"altered configuration or regulated output of the named structure, expressed as the state described by anal irritation",established_478,a68702cb53b3aa12f59cdb4fdc51f95f85efe82ca46cf5c4b4934defa53773df,28,8,4,4,8,8,0.09743236926791399,0.19625866429671057,0.09882629502879658,0.09882629502879658,AWAY_FROM_REFERENCE,0.14285714285714285,MINOR,1,231,,,0e5fc0737103d3838cdfc506be936dafd6d45da364a0417bfc937220474c60c4,0.2618143175507444,0.19066532628139565,0.5859375,0,True,884
SB4585,Renal cyst,renal glomerular-tubular filtration and fluid-balance structure,abnormal enclosed fluid or semisolid cavity within the named tissue,remaining_5256,b7e07bfc8de2916153cc0d83d1dd5f25bd4d4f6c3ba285542c4d7b52afbec90b,91,39,15,8,32,23,0.17418678380692776,0.28761297476862524,0.11342619096169748,0.11342619096169748,AWAY_FROM_REFERENCE,0.08791208791208792,MINOR,1,231,,,757d9bb89921c5a70cff443936fcb8b7e0fb7b6fc4a89c8b03de5426677ecf7c,0.2618095962499143,0.19408944664623695,0.5703125,7,True,885
SB2197,Gastrointestinal fistula,"intestinal mucosal barrier, smooth-muscle motility, and luminal transport structure",structural continuity failure producing an abnormal opening or separation,remaining_5256,acdb2ffbae0a185153a7f2094114e8dedb04ae95346d01c981c91d2eb372f1ae,276,99,17,29,111,46,0.13610171811992322,0.2522783310295089,0.1161766129095857,0.1161766129095857,AWAY_FROM_REFERENCE,0.10507246376811594,MINOR,1,231,,,aee3b7ad50bb01082eb91cdcfdbd6f8a38cce73fadbfc64d2287039c0634a95f,0.26171763345445187,0.1854026017737218,0.609375,-12,True,886
SB0401,Application site erythema,local cutaneous inflammatory and microvascular structure,increased superficial vascular perfusion producing localized tissue redness,established_478,14694ff7ed8201dbfe6d18293369e20189e007b96f2a9d372b78cb0355e3533f,171,79,9,19,89,28,0.19869240911107533,0.3005520211464694,0.10185961203539406,0.10185961203539406,AWAY_FROM_REFERENCE,0.1111111111111111,MINOR,1,231,,,c1518cd85d0e971f9364724329549fbf848b599f5cc7d31af0607373aedcb539,0.2615645026481521,0.18521585688799036,0.609375,-10,True,887
SB3741,Oesophageal atresia,"oesophageal mucosal, peristaltic, and sphincter-control structure","developmental patterning deviation producing absent, incomplete, or abnormally organized structure",remaining_5256,c2a7eb87612532adf098e6669be1bcf9021547f17b679c38f6c54fdc5e30fd80,28,8,3,1,6,4,0.10703417735122311,0.2376931754693392,0.1306589981181161,0.1306589981181161,AWAY_FROM_REFERENCE,0.03571428571428571,MINOR,1,231,,,26f245ba0a05ad8d3ac468b61fe5789ae6a86ab6dd9bd1ef7112d09903f2bebf,0.2614364635560985,0.1867746506781689,0.6015625,2,True,888
SB4217,Pneumothorax,"pleural membrane, pleural-space, and thoracic mechanical structure","altered configuration or regulated output of the named structure, expressed as the state described by pneumothorax",remaining_5256,994c124063d2cfd7dcc8007cf85d81b6b2e39594742ce0ca5713ad9b236bdcd0,36,22,2,0,20,2,0.17406696590224546,0.30077459694205055,0.1267076310398051,0.1267076310398051,AWAY_FROM_REFERENCE,0.0,INFORMATIONAL,0,197,,,cffc4f49a88c70203ef415c9cc0a030067dc907c3f86895ea88f3bfe866ac6dc,0.2614314821598828,0.18162375873156444,0.625,2,True,889
SB1149,Chronic interstitial nephritis,renal glomerular-tubular filtration and fluid-balance structure,"localized or systemic inflammatory activation with altered barrier, vascular, and cellular organization",remaining_5256,9e9485d20cad2dc8a7a9605cd414964ba9485315b566a7f522dff46acebe85cc,91,30,5,8,33,13,0.1510558568075846,0.2685812087381433,0.11752535193055869,0.11752535193055869,AWAY_FROM_REFERENCE,0.08791208791208792,MINOR,1,231,,,7e7d5cad4b5d08f5b4030c6eec9fc9603946c702ce9486b14b88d58b1a0cfcef,0.2613449483748531,0.18666304679860135,0.6015625,-3,True,890
SB3593,Nephritis,renal glomerular-tubular filtration and fluid-balance structure,"localized or systemic inflammatory activation with altered barrier, vascular, and cellular organization",remaining_5256,9e9485d20cad2dc8a7a9605cd414964ba9485315b566a7f522dff46acebe85cc,91,30,5,8,33,13,0.1510558568075846,0.2685812087381433,0.11752535193055869,0.11752535193055869,AWAY_FROM_REFERENCE,0.08791208791208792,MINOR,1,231,,,37957b7e39ca58be448080aaef7e42bd27a71bf013311ad2f06d3874aaf0e6e8,0.2613449483748531,0.18666304679860135,0.6015625,-3,True,891
SB3594,Nephritis interstitial,renal glomerular-tubular filtration and fluid-balance structure,"localized or systemic inflammatory activation with altered barrier, vascular, and cellular organization",remaining_5256,9e9485d20cad2dc8a7a9605cd414964ba9485315b566a7f522dff46acebe85cc,91,30,5,8,33,13,0.1510558568075846,0.2685812087381433,0.11752535193055869,0.11752535193055869,AWAY_FROM_REFERENCE,0.08791208791208792,MINOR,1,231,,,1e8a9b0078972ae0b140fb6b8714e9993eb83545f0697a0fbdd24772a4e1590c,0.2613449483748531,0.18666304679860135,0.6015625,-3,True,892
SB4605,Renal vasculitis,renal glomerular-tubular filtration and fluid-balance structure,"localized or systemic inflammatory activation with altered barrier, vascular, and cellular organization",remaining_5256,9e9485d20cad2dc8a7a9605cd414964ba9485315b566a7f522dff46acebe85cc,91,30,5,8,33,13,0.1510558568075846,0.2685812087381433,0.11752535193055869,0.11752535193055869,AWAY_FROM_REFERENCE,0.08791208791208792,MINOR,1,231,,,161787745399fd6e0c520ae8e47001295b4b52f2f5d780771ee327d802c5e3f6,0.2613449483748531,0.18666304679860135,0.6015625,-3,True,893
SB5350,Tubulointerstitial nephritis,renal glomerular-tubular filtration and fluid-balance structure,"localized or systemic inflammatory activation with altered barrier, vascular, and cellular organization",remaining_5256,9e9485d20cad2dc8a7a9605cd414964ba9485315b566a7f522dff46acebe85cc,91,30,5,8,33,13,0.1510558568075846,0.2685812087381433,0.11752535193055869,0.11752535193055869,AWAY_FROM_REFERENCE,0.08791208791208792,MINOR,1,231,,,c7ef222903c00d7106e0fbff1370f1ab0f733c162da3647fec6dc642b768d057,0.2613449483748531,0.18666304679860135,0.6015625,-3,True,894
SB1768,Electrocardiogram poor R-wave progression,"cardiac conduction, depolarization, repolarization, and rhythm structure",increase in magnitude or spatial extent of an established structural deviation over successive states,remaining_5256,5e1ad6966f04106e0764a7b58a31dadcfea8e5e59cf90f34b77a05e80a9aae05,703,194,23,110,281,133,0.09259425296948576,0.21780212621590556,0.1252078732464198,0.1252078732464198,AWAY_FROM_REFERENCE,0.15647226173541964,MINOR,1,230,,,1ddf001355e981278b5de8df9f8fc7980b7ff9224a6f8a92b75135fcfb01ee93,0.2612920361743952,0.191743336798043,0.578125,-87,True,895
SB0382,Aplasia,tissue progenitor production and developmental-growth structure,"developmental patterning deviation producing absent, incomplete, or abnormally organized structure",established_478,e717d089e49a0bfadee3d58f1cdf236181228bcf3ed332648ff195f56aee8152,3,2,1,0,1,1,0.1737299801717297,0.2727793928085275,0.09904941263679778,0.09904941263679778,AWAY_FROM_REFERENCE,0.0,INFORMATIONAL,0,230,,,59ba6c7ac9f1186476640883132d9eae337d2ee1870e633e0f1952791b5a59b0,0.2611912076972003,0.18304568011853695,0.6171875,1,True,896
SB0383,Aplasia pure red cell,tissue progenitor production and developmental-growth structure,"developmental patterning deviation producing absent, incomplete, or abnormally organized structure",established_478,e717d089e49a0bfadee3d58f1cdf236181228bcf3ed332648ff195f56aee8152,3,2,1,0,1,1,0.1737299801717297,0.2727793928085275,0.09904941263679778,0.09904941263679778,AWAY_FROM_REFERENCE,0.0,INFORMATIONAL,0,230,,,ef612881d7cacb9653865fe8fbb524f0af876d667a5e4880c2f40f9c7628d503,0.2611912076972003,0.18304568011853695,0.6171875,1,True,897
SB5341,Trigger finger,"regional limb musculoskeletal, neurovascular, and skin structure","altered configuration or regulated output of the named structure, expressed as the state described by trigger finger",remaining_5256,4fc32a4672a8f2079b09bed2d2365b39dc50236d36659c0c57024d38257b5399,21,8,1,1,8,2,0.13488422419424362,0.23997378378272527,0.10508955958848165,0.10508955958848165,AWAY_FROM_REFERENCE,0.047619047619047616,MINOR,1,223,,,0cb181c1176c93a856f1492d7926b087757a2f52171b4de68a4f73b6d5991964,0.26118254384561207,0.1881799315190391,0.59375,0,True,898
SB0620,Blackwater fever,central-peripheral thermoregulatory heat-production and heat-loss structure,regulated or unregulated body-temperature elevation above the reference range,remaining_5256,ece9ee10b0935e1c01555cdfde7fea578372f6d0862318d59afa3917a3cdd325,3,3,1,0,2,1,0.14273908253630574,0.24397542501274438,0.10123634247643865,0.10123634247643865,AWAY_FROM_REFERENCE,0.0,INFORMATIONAL,0,174,,,321f42f2aa363b73eef234b56215b3d01f9602e5be05b8dffe91ce3875edfbd3,0.26117573210662925,0.17445211232515767,0.65625,1,True,899
SB0772,Body temperature increased,central-peripheral thermoregulatory heat-production and heat-loss structure,regulated or unregulated body-temperature elevation above the reference range,remaining_5256,ece9ee10b0935e1c01555cdfde7fea578372f6d0862318d59afa3917a3cdd325,3,3,1,0,2,1,0.14273908253630574,0.24397542501274438,0.10123634247643865,0.10123634247643865,AWAY_FROM_REFERENCE,0.0,INFORMATIONAL,0,174,,,612795a6a1126a6852270bdfb7669769d3d10d82f7acb17ede30cda377434a58,0.26117573210662925,0.17445211232515767,0.65625,1,True,900
SB1612,Drug fever,central-peripheral thermoregulatory heat-production and heat-loss structure,regulated or unregulated body-temperature elevation above the reference range,remaining_5256,ece9ee10b0935e1c01555cdfde7fea578372f6d0862318d59afa3917a3cdd325,3,3,1,0,2,1,0.14273908253630574,0.24397542501274438,0.10123634247643865,0.10123634247643865,AWAY_FROM_REFERENCE,0.0,INFORMATIONAL,0,174,,,2eb8b97606543d848981c4fe89050490b1087fcd3cdc55a306b4761f897cc666,0.26117573210662925,0.17445211232515767,0.65625,1,True,901
SB2052,Fever chills,central-peripheral thermoregulatory heat-production and heat-loss structure,regulated or unregulated body-temperature elevation above the reference range,remaining_5256,ece9ee10b0935e1c01555cdfde7fea578372f6d0862318d59afa3917a3cdd325,3,3,1,0,2,1,0.14273908253630574,0.24397542501274438,0.10123634247643865,0.10123634247643865,AWAY_FROM_REFERENCE,0.0,INFORMATIONAL,0,174,,,b415755bc3edf1a7f94f2c1eaa856a2a9693b929adf41be5cc12f5202cfbfa5d,0.26117573210662925,0.17445211232515767,0.65625,1,True,902
SB2053,Fever neonatal,central-peripheral thermoregulatory heat-production and heat-loss structure,regulated or unregulated body-temperature elevation above the reference range,remaining_5256,ece9ee10b0935e1c01555cdfde7fea578372f6d0862318d59afa3917a3cdd325,3,3,1,0,2,1,0.14273908253630574,0.24397542501274438,0.10123634247643865,0.10123634247643865,AWAY_FROM_REFERENCE,0.0,INFORMATIONAL,0,174,,,8c246bfce44c4a66aebc8d554cd8e5f8641df4e73d3533ca7ad06d4a949e61c9,0.26117573210662925,0.17445211232515767,0.65625,1,True,903
SB2054,Fever of unknown origin,central-peripheral thermoregulatory heat-production and heat-loss structure,regulated or unregulated body-temperature elevation above the reference range,remaining_5256,ece9ee10b0935e1c01555cdfde7fea578372f6d0862318d59afa3917a3cdd325,3,3,1,0,2,1,0.14273908253630574,0.24397542501274438,0.10123634247643865,0.10123634247643865,AWAY_FROM_REFERENCE,0.0,INFORMATIONAL,0,174,,,f58ef037fdfa0a49e614572b704a310f3881f4272c5b2a57df212a4eb69c0de8,0.26117573210662925,0.17445211232515767,0.65625,1,True,904
SB2905,Intermittent fever,central-peripheral thermoregulatory heat-production and heat-loss structure,regulated or unregulated body-temperature elevation above the reference range,remaining_5256,ece9ee10b0935e1c01555cdfde7fea578372f6d0862318d59afa3917a3cdd325,3,3,1,0,2,1,0.14273908253630574,0.24397542501274438,0.10123634247643865,0.10123634247643865,AWAY_FROM_REFERENCE,0.0,INFORMATIONAL,0,174,,,767501722c2b37b902c26427bf7a1767070eff5f2a0fde9722b91d572e702007,0.26117573210662925,0.17445211232515767,0.65625,1,True,905
SB4293,Postoperative fever,central-peripheral thermoregulatory heat-production and heat-loss structure,regulated or unregulated body-temperature elevation above the reference range,remaining_5256,ece9ee10b0935e1c01555cdfde7fea578372f6d0862318d59afa3917a3cdd325,3,3,1,0,2,1,0.14273908253630574,0.24397542501274438,0.10123634247643865,0.10123634247643865,AWAY_FROM_REFERENCE,0.0,INFORMATIONAL,0,174,,,f2271290b1ef4064203dfbf723aa74a20fb5ad30ca7d872f8c15c68073447033,0.26117573210662925,0.17445211232515767,0.65625,1,True,906
SB4575,Relapsing fever,central-peripheral thermoregulatory heat-production and heat-loss structure,regulated or unregulated body-temperature elevation above the reference range,remaining_5256,ece9ee10b0935e1c01555cdfde7fea578372f6d0862318d59afa3917a3cdd325,3,3,1,0,2,1,0.14273908253630574,0.24397542501274438,0.10123634247643865,0.10123634247643865,AWAY_FROM_REFERENCE,0.0,INFORMATIONAL,0,174,,,e7adf900725f7ac1347013393ee6c2bea0075e2c97671a75888edf0a3b078933,0.26117573210662925,0.17445211232515767,0.65625,1,True,907
SB5046,Streptobacillary fever,central-peripheral thermoregulatory heat-production and heat-loss structure,regulated or unregulated body-temperature elevation above the reference range,remaining_5256,ece9ee10b0935e1c01555cdfde7fea578372f6d0862318d59afa3917a3cdd325,3,3,1,0,2,1,0.14273908253630574,0.24397542501274438,0.10123634247643865,0.10123634247643865,AWAY_FROM_REFERENCE,0.0,INFORMATIONAL,0,174,,,5ccae96c2a68c81db37365020373a82abb5db6ee5f75f54f3076f8372ddfd641,0.26117573210662925,0.17445211232515767,0.65625,1,True,908
SB5368,Typhoid fever,central-peripheral thermoregulatory heat-production and heat-loss structure,regulated or unregulated body-temperature elevation above the reference range,remaining_5256,ece9ee10b0935e1c01555cdfde7fea578372f6d0862318d59afa3917a3cdd325,3,3,1,0,2,1,0.14273908253630574,0.24397542501274438,0.10123634247643865,0.10123634247643865,AWAY_FROM_REFERENCE,0.0,INFORMATIONAL,0,174,,,c06b2978673c33a04ee7621379794d32761ca0fdf4aaff9d8883f909227de323,0.26117573210662925,0.17445211232515767,0.65625,1,True,909
SB0868,Bronchospasm paradoxical,bronchial smooth-muscle tone and airway-caliber structure,"altered configuration or regulated output of the named structure, expressed as the state described by bronchospasm paradoxical",remaining_5256,5f1c3da5693e7b29df4011ea868337c0d573714eaecf8b86991bc7ae8ab96854,300,104,14,23,113,37,0.12417332915153312,0.23782663539407511,0.113653306242542,0.113653306242542,AWAY_FROM_REFERENCE,0.07666666666666666,MINOR,1,231,,,b0d8d713c08e3e84943067400a3a278c25326c8bc70846791ed39d249f80ce54,0.26092937035133884,0.1878711833552913,0.59375,-9,True,910
SB1675,Dyspareunia,"genital mucosal, pelvic-floor, and sexual-response structure",painful genital/pelvic sensory state triggered by sexual mechanical interaction,remaining_5256,f02c90f4f6bc360c887cf081f7e9e4c3fbb7c88ca76b6f0a8695c9adb3cdf348,1378,501,81,100,520,181,0.14706515012385635,0.2517217935584001,0.10465664343454373,0.10465664343454373,AWAY_FROM_REFERENCE,0.07256894049346879,MINOR,1,223,,,52cea66c85d79b18f8495ecb0f8c6b4b3db1c923e7e0e7ad9c94f194291a5dde,0.26089746570621813,0.1964069703734368,0.5546875,-19,True,911
SB2544,Hodgkin's disease lymphocyte depletion type stage unspecified,"circulating leukocyte production, distribution, and effector-cell structure","altered configuration or regulated output of the named structure, expressed as the state described by hodgkin's disease lymphocyte depletion type stage",remaining_5256,a6ff925324c715a11648261201ef8982edcde2141898781265a0b63514a48787,1830,452,84,294,662,378,0.09622733843300324,0.2165985148829357,0.12037117644993245,0.12037117644993245,AWAY_FROM_REFERENCE,0.16065573770491803,MINOR,1,231,,,7adacfabc906d6ba938d67a956d2a645ee59361a3e1415f84f2c4b38d413f8d1,0.2608915760246381,0.18954003173736356,0.5859375,-210,True,912
SB3113,Limb reduction defect,"regional limb musculoskeletal, neurovascular, and skin structure","altered configuration or regulated output of the named structure, expressed as the state described by limb reduction defect",remaining_5256,93323578595ee3066b4d4a0b964421a3b90ec4a900a8892cd3b075f95860c7d8,21,7,1,1,7,2,0.12434675626458458,0.2287355309048713,0.10438877464028673,0.10438877464028673,AWAY_FROM_REFERENCE,0.047619047619047616,MINOR,1,223,,,95d2e975bec6dc2e44190e01c444f1c99b180fe44b58eb5cdc7c78692f4441d5,0.26083631229666515,0.1911875759715429,0.578125,0,True,913
SB1894,Erythropenia,"erythrocyte production, integrity, and oxygen-transport structure",quantity of the named cell/tissue component reduced below the reference range,remaining_5256,2db568b2501f55c9bb00f940100006bd8b99c0e73ad03176426acb1926913ba2,15,11,0,4,15,4,0.16679797699214693,0.29069822126341727,0.12390024427127033,0.12390024427127033,AWAY_FROM_REFERENCE,0.26666666666666666,MODERATE,2,174,,,496fce066527392ea91224ec22888dffc8738918550de5c6fc41f601ff38176d,0.2607409472788958,0.18078164302304367,0.625,-4,True,914
SB4645,Reticulocytopenia,"erythrocyte production, integrity, and oxygen-transport structure",quantity of the named cell/tissue component reduced below the reference range,remaining_5256,2db568b2501f55c9bb00f940100006bd8b99c0e73ad03176426acb1926913ba2,15,11,0,4,15,4,0.16679797699214693,0.29069822126341727,0.12390024427127033,0.12390024427127033,AWAY_FROM_REFERENCE,0.26666666666666666,MODERATE,2,174,,,6a2b7668d29227544adb93c8a82077791874e3a8d1b8aec3dcbb6a8294658f27,0.2607409472788958,0.18078164302304367,0.625,-4,True,915
SB2533,High frequency deafness,cochlear-mechanical and auditory-neural transduction structure,measured or functional quantity shifted above its reference structural range,remaining_5256,2ae0b5339894946ccb2ef7bf3a1aa019a8a2a8ec1cdd385ade4e59c27fc469bf,276,77,11,19,85,30,0.14559857945926225,0.2715979857694376,0.12599940631017537,0.12599940631017537,AWAY_FROM_REFERENCE,0.06884057971014493,MINOR,1,230,,,79fe53cdec610c0ca83fedb19b270558428f0fd24f526a98f57550e2782e0e94,0.26072520324288484,0.1893371381010791,0.5859375,-8,True,916
SB2676,Hypohidrosis,eccrine-apocrine sweat-gland secretory structure,"deficient magnitude, activity, quantity, or tissue state below the reference configuration",remaining_5256,5e5d686bc5a25f8c390e7746417da80abf7d40acd391d5f52d7a6c65175fa1dd,105,58,16,2,44,18,0.1914034606218491,0.3013021004302818,0.10989863980843273,0.10989863980843273,AWAY_FROM_REFERENCE,0.01904761904761905,MINOR,1,174,,,3f8b493deb5f4867adaaefa97056676a536f18d8f5924ecd884776452d8411df,0.26072160714969683,0.18590287457280108,0.6015625,14,True,917
SB0866,Bronchospasm,bronchial smooth-muscle tone and airway-caliber structure,"altered configuration or regulated output of the named structure, expressed as the state described by bronchospasm",remaining_5256,0fe4131b903b703905b1d0138f5de0c9b0ad4638598bcc25800ec7ed1cffab16,300,104,22,18,100,40,0.12319353663473243,0.22957191157001455,0.10637837493528213,0.10637837493528213,AWAY_FROM_REFERENCE,0.06,MINOR,1,231,,,c2a518cb518aabb6f76433ee334b038668f1fc8046182eddec2adb8f8c25deb8,0.26069251995964227,0.1858674023898077,0.6015625,4,True,918
SB1868,Equilibrium loss,vestibular sensory-transduction and balance-control structure,loss or absence of the named structural component or regulated function,remaining_5256,f148d6cb75afeae1f869d73b75e1d8bd221807365d41900167e0e8aacc5d77fc,15,6,0,2,8,2,0.20476100689721288,0.3169094367403138,0.11214842984310092,0.11214842984310092,AWAY_FROM_REFERENCE,0.13333333333333333,MINOR,1,198,,,3ba649ed3e44d0612d4598bd18b09fa4089ca17edbc359453623203a05088ce2,0.2606867361849396,0.1772856538840727,0.640625,-2,True,919
SB2293,Glomerulonephritis rapidly progressive,renal glomerular-tubular filtration and fluid-balance structure,increase in magnitude or spatial extent of an established structural deviation over successive states,remaining_5256,24a49236cae0e0dce816cdee52a0d2b74d8af86c308b6e13ed49c5060886100e,91,31,2,3,32,5,0.14980368420406953,0.2620901315963845,0.11228644739231497,0.11228644739231497,AWAY_FROM_REFERENCE,0.03296703296703297,MINOR,1,231,,,39f29d1d917f1c2960461b4b4523bc482b4c962b0213a8ac1c84d57db60bcd1b,0.2606629755629421,0.19269112873529526,0.5703125,-1,True,920
SB4355,Progressive renal failure,renal glomerular-tubular filtration and fluid-balance structure,increase in magnitude or spatial extent of an established structural deviation over successive states,remaining_5256,24a49236cae0e0dce816cdee52a0d2b74d8af86c308b6e13ed49c5060886100e,91,31,2,3,32,5,0.14980368420406953,0.2620901315963845,0.11228644739231497,0.11228644739231497,AWAY_FROM_REFERENCE,0.03296703296703297,MINOR,1,231,,,08d213533ec98c3004bcd94a4c558a4413eb6ec476147dd4ac423597cdbc848f,0.2606629755629421,0.19269112873529526,0.5703125,-1,True,921
SB5416,Urethral discharge,"urethral lumen, mucosal, sphincter, and urine-flow structure",abnormal increase or ectopic release of secreted material,remaining_5256,5840a429cffdc63ccea0211ef83d452b64f73305658c6c0d97682a66780a588f,465,150,24,43,169,67,0.17822566644245597,0.27604382975039865,0.09781816330794268,0.09781816330794268,AWAY_FROM_REFERENCE,0.09247311827956989,MINOR,1,231,,,ab6393553901306d9082f5f3974d15365ea72aaf68a86ae3f4aca82563902685,0.26064388372426867,0.18923796795642522,0.5859375,-19,True,922
SB0792,Bowel sounds decreased,"intestinal mucosal barrier, smooth-muscle motility, and luminal transport structure",measured or functional quantity shifted below its reference structural range,remaining_5256,e0d815bd96853459705bd2d6b5e06c6e4bdc08173e2e5d6ff83571006e1c6d95,276,81,7,33,107,40,0.12221296365379497,0.2291306328637044,0.10691766920990942,0.10691766920990942,AWAY_FROM_REFERENCE,0.11956521739130435,MINOR,1,231,,,5a265f2c9082b511d4226978a82f898619fa42f094835f21482c0c3231f0116c,0.2606301961553886,0.18579139775047393,0.6015625,-26,True,923
SB4595,Renal infarct,renal glomerular-tubular filtration and fluid-balance structure,sustained perfusion failure with loss of local tissue viability,remaining_5256,5e6c7e8ecbaee5f689146d9fa2ffeaf4fee29d23326324ec7e3e07b3383f0c84,91,36,9,7,34,16,0.17372896730656762,0.29139372130813757,0.11766475400156995,0.11766475400156995,AWAY_FROM_REFERENCE,0.07692307692307693,MINOR,1,231,,,909d17c2d0801b5a5f38596abdd14130afe3e64a43b0e1a04e75659a874eefcf,0.26051049358944356,0.1839304799871263,0.609375,2,True,924
SB0229,Allergic bronchospasm,bronchial smooth-muscle tone and airway-lumen structure,"exaggerated immune-recognition/effector activation causing barrier, vascular, or smooth-muscle perturbation",established_478,0bebaf9e4d9d91f62bed994458d3d40439b5aae101d0b78b3ac85401d0395524,465,153,44,33,142,77,0.11554432552765681,0.23286173121934328,0.11731740569168647,0.11731740569168647,AWAY_FROM_REFERENCE,0.07096774193548387,MINOR,1,223,,,f597d5c05ce25f8ff9ac9e73c4355186531242e579797f678216465aa6cf8db0,0.2604808954606942,0.18217944568377342,0.6171875,11,True,925
SB4195,Pleuritic pain,"pleural membrane, pleural-space, and thoracic mechanical structure",increased nociceptive signaling associated with local tissue or neural perturbation,remaining_5256,af7ed9ba81e89f2e73fea4a40071133b26a95a6643badc7539ebc59d46aad300,36,25,3,0,22,3,0.18992509176573846,0.3044207269386915,0.11449563517295303,0.11449563517295303,AWAY_FROM_REFERENCE,0.0,INFORMATIONAL,0,197,,,ded187854a4c65c346cef4127de35ecd509c8707ddd0ebbcc3e808cd953d3935,0.26044859758212147,0.1855699360757579,0.6015625,3,True,926
SB3743,Oesophageal carcinoma,"oesophageal mucosal, peristaltic, and sphincter-control structure",loss of normal proliferative/differentiation constraint with clonal tissue expansion and architectural replacement,remaining_5256,4455b6c6fcc9d3a4988afab5acbe668c57e2721b29f3ce3a095a8fcb9aeefcee,28,9,4,0,5,4,0.12571158579343078,0.24340335062687268,0.1176917648334419,0.1176917648334419,AWAY_FROM_REFERENCE,0.0,INFORMATIONAL,0,231,,,65a4da0d43844b7bfa5222dd4b5326c67d14f18715ffe4b233cc2081a7662dcf,0.2602614727146467,0.18534173501786189,0.6015625,4,True,927
SB0422,Application site scab,local epidermal-dermal barrier and repair structure,"altered configuration or regulated output of the named structure, expressed as the state described by application site scab",established_478,197e5cb2e6bcbdb474410b0ab2051f0402635043c24f12b9d8f38b8561bc15e2,28,13,4,1,10,5,0.11852602188678696,0.23267304373673692,0.11414702184994996,0.11414702184994996,AWAY_FROM_REFERENCE,0.03571428571428571,MINOR,1,223,,,227de633c6ff35b1979b3511da4cc72c9ea1564d72dbc0e45106aa3a8e3459b0,0.2602430106285569,0.1887490983275084,0.5859375,3,True,928
SB3428,Multi-organ failure,integrated cardiopulmonary-neural vital-function structure,reduced or unstable functional output insufficient to maintain the reference structural state,remaining_5256,a4e2f9eaa5f51e2f15bdf1e1fcf8e1652a32f697ae0a12f0db625b1fe13d0eef,496,225,25,51,251,76,0.17076203378017096,0.3005513895446933,0.12978935576452233,0.12978935576452233,AWAY_FROM_REFERENCE,0.1028225806451613,MINOR,1,223,,,2abf8deb9cbe370d5def6b1659836a5a28af993c9228ac8e755a2fc519aeced4,0.26008950292064714,0.18513201575688676,0.6015625,-26,True,929
SB3818,Organ failure,integrated cardiopulmonary-neural vital-function structure,reduced or unstable functional output insufficient to maintain the reference structural state,remaining_5256,a4e2f9eaa5f51e2f15bdf1e1fcf8e1652a32f697ae0a12f0db625b1fe13d0eef,496,225,25,51,251,76,0.17076203378017096,0.3005513895446933,0.12978935576452233,0.12978935576452233,AWAY_FROM_REFERENCE,0.1028225806451613,MINOR,1,223,,,fb8229c4a863a138ba809d95c33191fa556cef44cc55a92edc46d31c0c9efb4e,0.26008950292064714,0.18513201575688676,0.6015625,-26,True,930
SB0062,Absolute neutrophil count decreased,bone-marrow neutrophil production and circulating-neutrophil structure,measured or functional quantity shifted below its reference structural range,established_478,4cc3986e04c12377fabad4963b423edd479fba42134004018175ecc82ab80f1f,2485,800,166,132,766,298,0.14156542768742464,0.26281642219169354,0.1212509945042689,0.1212509945042689,AWAY_FROM_REFERENCE,0.05311871227364185,MINOR,1,6,,,bbc884d44e3a6c2c7fb797caa993cc906e8f7cb1e9a02a6d5c3f948eb2628e11,0.2600537821636715,0.18165857580935552,0.6171875,34,True,931
SB0396,Application site discolouration,local epidermal-dermal barrier and repair structure,"altered configuration or regulated output of the named structure, expressed as the state described by application site discolouration",established_478,cbf52c2c05af688a1184da5094810611f431437cf5ace8c99bfdec51cd9021c7,28,12,4,2,10,6,0.12285591137285812,0.23991601660012252,0.1170601052272644,0.1170601052272644,AWAY_FROM_REFERENCE,0.07142857142857142,MINOR,1,223,,,72a14611c6d904ff30e63c05db4d6cedc12c5d1451f700cfa490ed56fe312b92,0.25961295772587745,0.18969568015350913,0.578125,2,True,932
SB5023,Status asthmaticus,bronchial smooth-muscle tone and airway-caliber structure,"altered configuration or regulated output of the named structure, expressed as the state described by status asthmaticus",remaining_5256,805bbd27c398d023729ae0ea413624793090edc9fccc76ceccd8525cdadbf579,300,106,15,16,107,31,0.11650557803661288,0.22288938398085656,0.10638380594424368,0.10638380594424368,AWAY_FROM_REFERENCE,0.05333333333333334,MINOR,1,231,,,c826835195b465389b3b3b7fac81853aa28f1db4001de85a16d10d99bcef870f,0.2595314868036119,0.18445150829708767,0.6015625,-1,True,933
SB4600,Renal papillary necrosis,renal glomerular-tubular filtration and fluid-balance structure,loss of cellular viability with local tissue structural breakdown,remaining_5256,d970a503e0c2cff288dc0f8c595c3e0c9d099b87ee0aac74528f56fed5fb8331,91,40,9,7,38,16,0.18222099309351814,0.2904821811437498,0.10826118805023166,0.10826118805023166,AWAY_FROM_REFERENCE,0.07692307692307693,MINOR,1,231,,,196c0caeecda64b87144bd4a1db0f1f9226bc1ea48544ceff77b35789d5d6e94,0.2592615575026468,0.190982082320301,0.5703125,2,True,934
SB4604,Renal tubular necrosis,renal glomerular-tubular filtration and fluid-balance structure,loss of cellular viability with local tissue structural breakdown,remaining_5256,d970a503e0c2cff288dc0f8c595c3e0c9d099b87ee0aac74528f56fed5fb8331,91,40,9,7,38,16,0.18222099309351814,0.2904821811437498,0.10826118805023166,0.10826118805023166,AWAY_FROM_REFERENCE,0.07692307692307693,MINOR,1,231,,,f4ff8263c587b9e34dc5e093dea06e151d49782559f7cf927e4f3afb7a37bd63,0.2592615575026468,0.190982082320301,0.5703125,2,True,935
SB3182,Low set ears,cochlear-mechanical and auditory-neural transduction structure,measured or functional quantity shifted below its reference structural range,remaining_5256,e65ba58b7a80eb0446e94469ab6f8df14c5d61fda8f16149e837921fc66e40f4,276,82,13,16,85,29,0.14676001836035968,0.27203206400464774,0.12527204564428807,0.12527204564428807,AWAY_FROM_REFERENCE,0.057971014492753624,MINOR,1,230,,,53a1a7a799e1241f000302b6844ff97abeef076f3f1650a9f2ec44f0348b7fb0,0.25924220837448875,0.1875286077737668,0.5859375,-3,True,936
SB2210,Gastrointestinal obstruction,"intestinal mucosal barrier, smooth-muscle motility, and luminal transport structure",partial or complete luminal/pathway blockage with impaired transit or flow,remaining_5256,b28608a441ca691cc936ebae9e45d7eeb144cd0bba763a1c0ed7e40d4c601eea,276,82,21,37,98,58,0.13502050727432147,0.25489935007565323,0.11987884280133176,0.11987884280133176,AWAY_FROM_REFERENCE,0.13405797101449277,MINOR,1,231,,,ff7bd031c43de4dc405dee6cc7c9ee500e119b2972f0d1412ac44de557d8bf39,0.2591334870763933,0.1856810818004796,0.59375,-16,True,937
SB2927,Intestinal obstruction,"intestinal mucosal barrier, smooth-muscle motility, and luminal transport structure",partial or complete luminal/pathway blockage with impaired transit or flow,remaining_5256,b28608a441ca691cc936ebae9e45d7eeb144cd0bba763a1c0ed7e40d4c601eea,276,82,21,37,98,58,0.13502050727432147,0.25489935007565323,0.11987884280133176,0.11987884280133176,AWAY_FROM_REFERENCE,0.13405797101449277,MINOR,1,231,,,2467c7f0df6627036b568672b42ae93daef497bf5c3fc28681d6159c25374467,0.2591334870763933,0.1856810818004796,0.59375,-16,True,938
SB2929,Intestinal pseudo-obstruction,"intestinal mucosal barrier, smooth-muscle motility, and luminal transport structure",partial or complete luminal/pathway blockage with impaired transit or flow,remaining_5256,b28608a441ca691cc936ebae9e45d7eeb144cd0bba763a1c0ed7e40d4c601eea,276,82,21,37,98,58,0.13502050727432147,0.25489935007565323,0.11987884280133176,0.11987884280133176,AWAY_FROM_REFERENCE,0.13405797101449277,MINOR,1,231,,,8e3924c1d705a8ca5b86b9d444357d353d48d001e2d02a5a4c086e5566032445,0.2591334870763933,0.1856810818004796,0.59375,-16,True,939
SB0132,Acute kidney injury,renal glomerular-tubular filtration and fluid-balance structure,externally imposed mechanical/thermal/chemical tissue-integrity disruption,established_478,9705c6c56a21bf03d9d46749ba6fd0dce3ad1cb38aba087f808e0f39a63ede6a,91,32,6,6,32,12,0.16056299178112354,0.27831512250775203,0.11775213072662849,0.11775213072662849,AWAY_FROM_REFERENCE,0.06593406593406594,MINOR,1,231,,,9b63137e85bf1aced06a124474d5f8369a3f94a79498e09286a0096388a6a885,0.25911119321128034,0.19079871123326875,0.5703125,0,True,940
SB0487,Asthenia,whole-organism substrate utilization and cellular energy-production structure,reduced available functional output relative to whole-organism demand,remaining_5256,a4664a401189540e218565cd6cbf65846bc6c32ec083fe3b0177817db72b799d,78,24,1,10,33,11,0.11011269363635745,0.20113188185863984,0.09101918822228239,0.09101918822228239,AWAY_FROM_REFERENCE,0.1282051282051282,MINOR,1,223,,,383d857413e86364934cc1cf6185067912229b1f25a8e4a0e6537533fd38ca00,0.2590700013242512,0.18903353820030633,0.578125,-9,True,941
SB1142,Chronic fatigue syndrome,whole-organism substrate utilization and cellular energy-production structure,reduced available functional output relative to whole-organism demand,remaining_5256,a4664a401189540e218565cd6cbf65846bc6c32ec083fe3b0177817db72b799d,78,24,1,10,33,11,0.11011269363635745,0.20113188185863984,0.09101918822228239,0.09101918822228239,AWAY_FROM_REFERENCE,0.1282051282051282,MINOR,1,223,,,009b7f5c98331fd4250c71493d1190aa61c104b0c5d46e54bbff413e18283a13,0.2590700013242512,0.18903353820030633,0.578125,-9,True,942
SB2017,Fatigue,whole-organism substrate utilization and cellular energy-production structure,reduced available functional output relative to whole-organism demand,remaining_5256,a4664a401189540e218565cd6cbf65846bc6c32ec083fe3b0177817db72b799d,78,24,1,10,33,11,0.11011269363635745,0.20113188185863984,0.09101918822228239,0.09101918822228239,AWAY_FROM_REFERENCE,0.1282051282051282,MINOR,1,223,,,db9c62ddf5e3b890f5edf04373bd7980ea6ceaeaa56800f1868ccae266c87777,0.2590700013242512,0.18903353820030633,0.578125,-9,True,943
SB2018,Fatigue aggravated,whole-organism substrate utilization and cellular energy-production structure,reduced available functional output relative to whole-organism demand,remaining_5256,a4664a401189540e218565cd6cbf65846bc6c32ec083fe3b0177817db72b799d,78,24,1,10,33,11,0.11011269363635745,0.20113188185863984,0.09101918822228239,0.09101918822228239,AWAY_FROM_REFERENCE,0.1282051282051282,MINOR,1,223,,,e59c9eff114f698a07534bc85b2dd38d263307653a38321c85297428d6e9e342,0.2590700013242512,0.18903353820030633,0.578125,-9,True,944
SB3242,Malaise and fatigue,whole-organism substrate utilization and cellular energy-production structure,reduced available functional output relative to whole-organism demand,remaining_5256,a4664a401189540e218565cd6cbf65846bc6c32ec083fe3b0177817db72b799d,78,24,1,10,33,11,0.11011269363635745,0.20113188185863984,0.09101918822228239,0.09101918822228239,AWAY_FROM_REFERENCE,0.1282051282051282,MINOR,1,223,,,1e5e75073e0ed7af055c886011a506b32bd81f28c90fd1360ff674688ce43f92,0.2590700013242512,0.18903353820030633,0.578125,-9,True,945
SB3218,Lymphocyte transformation test positive,"circulating leukocyte production, distribution, and effector-cell structure",detectable presence of the measured target where the reference state is absent or lower,remaining_5256,b3d0307935c5d4ae4fccc3fde8be34b1a60d8d77d2af0f39a1fbde87a6356a66,1830,604,120,261,745,381,0.13932347711349047,0.24041031725810746,0.101086840144617,0.101086840144617,AWAY_FROM_REFERENCE,0.14262295081967213,MINOR,1,231,,,d696e9060915803311db965e775beeb211621cb263374fe8ecb924a46b565ef0,0.2590681193791695,0.183886426072158,0.6015625,-141,True,946
SB5696,White blood cells urine positive,"circulating leukocyte production, distribution, and effector-cell structure",detectable presence of the measured target where the reference state is absent or lower,remaining_5256,b3d0307935c5d4ae4fccc3fde8be34b1a60d8d77d2af0f39a1fbde87a6356a66,1830,604,120,261,745,381,0.13932347711349047,0.24041031725810746,0.101086840144617,0.101086840144617,AWAY_FROM_REFERENCE,0.14262295081967213,MINOR,1,231,,,36b8bd8a656c90658f6abed4d5369b8a96d07f980b5049c3cf5391aa879d3341,0.2590681193791695,0.183886426072158,0.6015625,-141,True,947
SB3017,Kidney infection,renal glomerular-tubular filtration and fluid-balance structure,pathogen-associated occupation/invasion with host-defense activation and local structural disruption,remaining_5256,d3e0717d969962e754c5b10afe4c305b3a86929b0864e0a77fa4c5e05aa2adc9,91,29,7,7,29,14,0.14337729778451136,0.25931227570346516,0.1159349779189538,0.1159349779189538,AWAY_FROM_REFERENCE,0.07692307692307693,MINOR,1,231,,,0ca258cda64f22f0f0965fe1594a6cfeb926abf4de892ff176e8ed7a149504f0,0.25902490326725425,0.18554866252104174,0.59375,0,True,948
SB2190,Gastroenteritis bacterial,"intestinal mucosal barrier, smooth-muscle motility, and luminal transport structure",pathogen-associated occupation/invasion with host-defense activation and local structural disruption,remaining_5256,6be657cbb5b0e4df4239cda35ffebd2ab8a10110e40653cf3807cf4dd5b7147d,276,75,15,41,101,56,0.11845116070033979,0.2354741504021559,0.11702298970181613,0.11702298970181613,AWAY_FROM_REFERENCE,0.14855072463768115,MINOR,1,231,,,bbb5d4ddd90265fef43f7945e2f4f8f1a1d280526f36dc48158d6e260329c82c,0.25900731344637895,0.1889570895687548,0.578125,-26,True,949
SB2199,Gastrointestinal fungal infection,"intestinal mucosal barrier, smooth-muscle motility, and luminal transport structure",pathogen-associated occupation/invasion with host-defense activation and local structural disruption,remaining_5256,6be657cbb5b0e4df4239cda35ffebd2ab8a10110e40653cf3807cf4dd5b7147d,276,75,15,41,101,56,0.11845116070033979,0.2354741504021559,0.11702298970181613,0.11702298970181613,AWAY_FROM_REFERENCE,0.14855072463768115,MINOR,1,231,,,1d81e6a7653eeb0120aa5e67c78773aed9097a091d58b429138b54703e05e104,0.25900731344637895,0.1889570895687548,0.578125,-26,True,950
SB2203,Gastrointestinal infection,"intestinal mucosal barrier, smooth-muscle motility, and luminal transport structure",pathogen-associated occupation/invasion with host-defense activation and local structural disruption,remaining_5256,6be657cbb5b0e4df4239cda35ffebd2ab8a10110e40653cf3807cf4dd5b7147d,276,75,15,41,101,56,0.11845116070033979,0.2354741504021559,0.11702298970181613,0.11702298970181613,AWAY_FROM_REFERENCE,0.14855072463768115,MINOR,1,231,,,db38a41d678c2b2970ca5eed1d09f46785b0ec7581b04bdd6d2a99e110550e64,0.25900731344637895,0.1889570895687548,0.578125,-26,True,951
SB5605,Viral diarrhoea,"intestinal mucosal barrier, smooth-muscle motility, and luminal transport structure",pathogen-associated occupation/invasion with host-defense activation and local structural disruption,remaining_5256,6be657cbb5b0e4df4239cda35ffebd2ab8a10110e40653cf3807cf4dd5b7147d,276,75,15,41,101,56,0.11845116070033979,0.2354741504021559,0.11702298970181613,0.11702298970181613,AWAY_FROM_REFERENCE,0.14855072463768115,MINOR,1,231,,,27163646a392e8189732f1f8d29cd4b2772eef95db1e7da697e066d4f0704c62,0.25900731344637895,0.1889570895687548,0.578125,-26,True,952
SB0104,Acute allergic reaction,mast-cell histamine and adaptive-immune response structure,"exaggerated immune-recognition/effector activation causing barrier, vascular, or smooth-muscle perturbation",established_478,096dc65c97a2d9922a6d30e95062dcdbcf8a5a6d619b6bd864613985f3841c04,136,67,16,9,60,25,0.15465461241315825,0.24231211409409115,0.08765750168093289,0.08765750168093289,AWAY_FROM_REFERENCE,0.0661764705882353,MINOR,1,231,,,b3f78787ce74b277219bb117ef24f51675a6340d8cfca959f1208332bb650f2c,0.25874737498772626,0.18178033535088567,0.609375,7,True,953
SB0240,Allergy aggravated,mast-cell histamine and adaptive-immune response structure,"exaggerated immune-recognition/effector activation causing barrier, vascular, or smooth-muscle perturbation",established_478,096dc65c97a2d9922a6d30e95062dcdbcf8a5a6d619b6bd864613985f3841c04,136,67,16,9,60,25,0.15465461241315825,0.24231211409409115,0.08765750168093289,0.08765750168093289,AWAY_FROM_REFERENCE,0.0661764705882353,MINOR,1,231,,,1a257aba2ef937d8b7c33b663bf313b624099ec2049fe67087e1df3e55368320,0.25874737498772626,0.18178033535088567,0.609375,7,True,954
SB2010,Fat atrophy,"adipose-tissue storage, body-composition, and energy-balance structure","reduction of tissue mass, cell volume, or functional structural content",remaining_5256,9859411a044eb40ab3e820209a092d6be9eea3df7e5475bd8513df81fd2c1916,45,22,8,3,17,11,0.16724453587352905,0.28128999001967314,0.11404545414614409,0.11404545414614409,AWAY_FROM_REFERENCE,0.06666666666666667,MINOR,1,174,,,c00df41217d7945cc9c96452f8ce2dd7010602b37cac2ddd75b9bc57493c0473,0.2586739020461393,0.1885504903001699,0.578125,5,True,955
SB3108,Limb deformity,"regional limb musculoskeletal, neurovascular, and skin structure","altered configuration or regulated output of the named structure, expressed as the state described by limb deformity",remaining_5256,684051f2180eef1b7cdf5fd017a51dfde27eca6a4178e1cfc6c3c7edadb9107c,21,7,1,2,8,3,0.1288194574972219,0.230404850890779,0.1015853933935571,0.1015853933935571,AWAY_FROM_REFERENCE,0.09523809523809523,MINOR,1,223,,,a73d4722ea3981269f90bf0fb081b9bb6ecb73bd4cd9a94d787f58185b000f92,0.25862093120485063,0.18677095268884225,0.5859375,-1,True,956
SB5661,Vulvovaginal pruritus,"female reproductive, gestational, placental, and reproductive-output structure",aberrant cutaneous sensory signaling associated with local barrier/immune perturbation,remaining_5256,caecb39a389e613976b6ecca0b772d1ae6b56333f97f80c91b4824ebc5206646,3,1,1,0,0,1,0.14221079195697905,0.2550243329872013,0.11281354103022223,0.11281354103022223,AWAY_FROM_REFERENCE,0.0,INFORMATIONAL,0,38,,,d3930814a1213170ea7ee8fe151783e10d0ea559bb7f121b76852c93ffa10f99,0.2586046319523774,0.17989131945411874,0.6171875,1,True,957
SB3241,Malaise,whole-organism substrate utilization and cellular energy-production structure,reduced available functional output relative to required whole-organism demand,remaining_5256,b70a41ad58fe93b2e729bc9b0c3c2c184ba5894632404c3cdc3679be41c5fb03,78,24,1,11,34,12,0.1117003023212898,0.20607379559741745,0.09437349327612765,0.09437349327612765,AWAY_FROM_REFERENCE,0.14102564102564102,MINOR,1,223,,,84cdbee2d9476b954418d3eded5d28f75685a10cb5a1c83e073d5429c7e959f0,0.25858503639266656,0.19358693462520316,0.5546875,-10,True,958
SB4199,Pneumatosis cystoides intestinalis,"intestinal mucosal barrier, smooth-muscle motility, and luminal transport structure","abnormal structural accumulation, degeneration, remodeling, or chronic state within the named structure",remaining_5256,bd121ece91235eee1de196598eeb98dd767e421c4a17590fcc7d3a35d3d7b2e1,276,103,14,31,120,45,0.1078982853253807,0.22913476931953003,0.12123648399414932,0.12123648399414932,AWAY_FROM_REFERENCE,0.11231884057971014,MINOR,1,231,,,1aa9faeaf1c42712d77dcc3b5cba514646647593274a493183a68dc91a97ab27,0.2585646106547287,0.18670226909113252,0.5859375,-17,True,959
SB4200,Pneumatosis intestinalis,"intestinal mucosal barrier, smooth-muscle motility, and luminal transport structure","abnormal structural accumulation, degeneration, remodeling, or chronic state within the named structure",remaining_5256,bd121ece91235eee1de196598eeb98dd767e421c4a17590fcc7d3a35d3d7b2e1,276,103,14,31,120,45,0.1078982853253807,0.22913476931953003,0.12123648399414932,0.12123648399414932,AWAY_FROM_REFERENCE,0.11231884057971014,MINOR,1,231,,,4968c1f75eb13b30226707e4dca1333568d98786386e4b8fd86759803aea5f5d,0.2585646106547287,0.18670226909113252,0.5859375,-17,True,960
SB1137,Chronic allograft nephropathy,renal glomerular-tubular filtration and fluid-balance structure,structural-functional tissue disorder with impaired normal operation of the named structure,remaining_5256,bb9e5ae44d8335f3bc09c9308f8bcd5975f44fd364a907dce55bbc23a4baacc8,91,34,10,7,31,17,0.13967898653133193,0.2574994507242061,0.11782046419287417,0.11782046419287417,AWAY_FROM_REFERENCE,0.07692307692307693,MINOR,1,231,,,2dc7f650d19e998054b7414730439566d5a8cff7cfa43dfced21f4dffb8770b5,0.2585305298647657,0.18666070715215333,0.5859375,3,True,961
SB2294,Glomerulonephropathy,renal glomerular-tubular filtration and fluid-balance structure,structural-functional tissue disorder with impaired normal operation of the named structure,remaining_5256,bb9e5ae44d8335f3bc09c9308f8bcd5975f44fd364a907dce55bbc23a4baacc8,91,34,10,7,31,17,0.13967898653133193,0.2574994507242061,0.11782046419287417,0.11782046419287417,AWAY_FROM_REFERENCE,0.07692307692307693,MINOR,1,231,,,e515273e59e7f84f24444d0230a66cb3c402cd1a9cff2fc244638b90b0bdbdaf,0.2585305298647657,0.18666070715215333,0.5859375,3,True,962
SB2349,HIV associated nephropathy,renal glomerular-tubular filtration and fluid-balance structure,structural-functional tissue disorder with impaired normal operation of the named structure,remaining_5256,bb9e5ae44d8335f3bc09c9308f8bcd5975f44fd364a907dce55bbc23a4baacc8,91,34,10,7,31,17,0.13967898653133193,0.2574994507242061,0.11782046419287417,0.11782046419287417,AWAY_FROM_REFERENCE,0.07692307692307693,MINOR,1,231,,,99650d57d1cb2d28eb4be3c5ecc00c35d0410d6ae9be022f94f5bc52d355dc42,0.2585305298647657,0.18666070715215333,0.5859375,3,True,963
SB3599,Nephropathy,renal glomerular-tubular filtration and fluid-balance structure,structural-functional tissue disorder with impaired normal operation of the named structure,remaining_5256,bb9e5ae44d8335f3bc09c9308f8bcd5975f44fd364a907dce55bbc23a4baacc8,91,34,10,7,31,17,0.13967898653133193,0.2574994507242061,0.11782046419287417,0.11782046419287417,AWAY_FROM_REFERENCE,0.07692307692307693,MINOR,1,231,,,bc85bef5c948b82bffd4d2edd2850f090d138a82edd31f758ceacc608e2096d1,0.2585305298647657,0.18666070715215333,0.5859375,3,True,964
SB3600,Nephropathy toxic,renal glomerular-tubular filtration and fluid-balance structure,structural-functional tissue disorder with impaired normal operation of the named structure,remaining_5256,bb9e5ae44d8335f3bc09c9308f8bcd5975f44fd364a907dce55bbc23a4baacc8,91,34,10,7,31,17,0.13967898653133193,0.2574994507242061,0.11782046419287417,0.11782046419287417,AWAY_FROM_REFERENCE,0.07692307692307693,MINOR,1,231,,,ffdaa943c2aebcb4c78744ce7f26c6b10f4cfd6ac97e4537fb2992c4f9bc3466,0.2585305298647657,0.18666070715215333,0.5859375,3,True,965
SB4243,Polyomavirus-associated nephropathy,renal glomerular-tubular filtration and fluid-balance structure,structural-functional tissue disorder with impaired normal operation of the named structure,remaining_5256,bb9e5ae44d8335f3bc09c9308f8bcd5975f44fd364a907dce55bbc23a4baacc8,91,34,10,7,31,17,0.13967898653133193,0.2574994507242061,0.11782046419287417,0.11782046419287417,AWAY_FROM_REFERENCE,0.07692307692307693,MINOR,1,231,,,fe1190839faa55131341731097f31955ba3538bf52c1778d785dabccbc0c8283,0.2585305298647657,0.18666070715215333,0.5859375,3,True,966
SB5409,Urate nephropathy,renal glomerular-tubular filtration and fluid-balance structure,structural-functional tissue disorder with impaired normal operation of the named structure,remaining_5256,bb9e5ae44d8335f3bc09c9308f8bcd5975f44fd364a907dce55bbc23a4baacc8,91,34,10,7,31,17,0.13967898653133193,0.2574994507242061,0.11782046419287417,0.11782046419287417,AWAY_FROM_REFERENCE,0.07692307692307693,MINOR,1,231,,,e35e25782fc7aa0b9fdc4a62df70c0c7de73eb584b4d6ffaf7254ee5f0994c9d,0.2585305298647657,0.18666070715215333,0.5859375,3,True,967
SB0405,Application site haematoma,local cutaneous microvascular-hemostasis structure,vascular or tissue integrity breach with blood extravasation/accumulation,established_478,3af1902c5e11e0e8ba33f23683e5f0623d9bad37139e047162131af4625f8574,528,188,24,62,226,86,0.20725460328733236,0.3182737948321165,0.11101919154478412,0.11101919154478412,AWAY_FROM_REFERENCE,0.11742424242424243,MINOR,1,223,,,4b178a4e43bfcdee41ed6f53e5643c4d995e533ae69f1534c88080964b06ae0f,0.2585215261905352,0.18321984901284782,0.6015625,-38,True,968
SB0406,Application site haemorrhage,local cutaneous microvascular-hemostasis structure,vascular or tissue integrity breach with blood extravasation/accumulation,established_478,3af1902c5e11e0e8ba33f23683e5f0623d9bad37139e047162131af4625f8574,528,188,24,62,226,86,0.20725460328733236,0.3182737948321165,0.11101919154478412,0.11101919154478412,AWAY_FROM_REFERENCE,0.11742424242424243,MINOR,1,223,,,95724c6ee0bb0e17b132bd01c8d034184b15c0476c6328d403d2d8b927e82f2e,0.2585215261905352,0.18321984901284782,0.6015625,-38,True,969
SB2186,Gastritis viral,"gastric mucosal barrier, secretory state, motility, and emptying structure",pathogen-associated occupation/invasion with host-defense activation and local structural disruption,remaining_5256,fea61180b4c6a4aa8887c9bd861b0a59b776ec5a0a3f1ab97f47832af7e6faf5,1653,633,110,113,636,223,0.15550736110818564,0.2743286332702326,0.11882127216204696,0.11882127216204696,AWAY_FROM_REFERENCE,0.06836055656382335,MINOR,1,98,,,691d64edbad191d7bcb05e380e7896aa66305610df44e2cbd592fdfd38d4e8ad,0.25838511061833497,0.18819830563211581,0.578125,-3,True,970
SB0573,Band neutrophil count increased,"circulating leukocyte production, distribution, and effector-cell structure",measured or functional quantity shifted above its reference structural range,remaining_5256,a9937317ab0fe41a1c7b9d3ba812d983f8069dae7cca819aeb5bf24781c96832,1830,547,110,253,690,363,0.14008310202838214,0.23525833646689054,0.0951752344385084,0.0951752344385084,AWAY_FROM_REFERENCE,0.13825136612021857,MINOR,1,231,,,7118b71604b7f7141451dd3715b939d833eb5fa7b512ba40d7fa07d1cdcf8e5e,0.25833039971461724,0.18470170696904542,0.59375,-143,True,971
SB0719,Blood monocytes increased,"circulating leukocyte production, distribution, and effector-cell structure",measured or functional quantity shifted above its reference structural range,remaining_5256,a9937317ab0fe41a1c7b9d3ba812d983f8069dae7cca819aeb5bf24781c96832,1830,547,110,253,690,363,0.14008310202838214,0.23525833646689054,0.0951752344385084,0.0951752344385084,AWAY_FROM_REFERENCE,0.13825136612021857,MINOR,1,231,,,8eba3e55b60e72d59a46da59263037fbee3c41e930b3aa909195a3c14c240a65,0.25833039971461724,0.18470170696904542,0.59375,-143,True,972
SB1836,Eosinophil count increased,"circulating leukocyte production, distribution, and effector-cell structure",measured or functional quantity shifted above its reference structural range,remaining_5256,a9937317ab0fe41a1c7b9d3ba812d983f8069dae7cca819aeb5bf24781c96832,1830,547,110,253,690,363,0.14008310202838214,0.23525833646689054,0.0951752344385084,0.0951752344385084,AWAY_FROM_REFERENCE,0.13825136612021857,MINOR,1,231,,,737f7193a36fa48df18efb75507d514bf43524e63ff9595cb6048692d23e93e3,0.25833039971461724,0.18470170696904542,0.59375,-143,True,973
SB2156,Gamma globulins increased,"circulating leukocyte production, distribution, and effector-cell structure",measured or functional quantity shifted above its reference structural range,remaining_5256,a9937317ab0fe41a1c7b9d3ba812d983f8069dae7cca819aeb5bf24781c96832,1830,547,110,253,690,363,0.14008310202838214,0.23525833646689054,0.0951752344385084,0.0951752344385084,AWAY_FROM_REFERENCE,0.13825136612021857,MINOR,1,231,,,8329a1e07d515dd37f2c4c2a344230a79f85147bf9eb16f14b41ab1759689f97,0.25833039971461724,0.18470170696904542,0.59375,-143,True,974
SB2746,Immunoglobulins increased,"circulating leukocyte production, distribution, and effector-cell structure",measured or functional quantity shifted above its reference structural range,remaining_5256,a9937317ab0fe41a1c7b9d3ba812d983f8069dae7cca819aeb5bf24781c96832,1830,547,110,253,690,363,0.14008310202838214,0.23525833646689054,0.0951752344385084,0.0951752344385084,AWAY_FROM_REFERENCE,0.13825136612021857,MINOR,1,231,,,f3d5450646a6784aa369e9ecffd762c71a7dd79cf1dd323e9363baf6b7e0ee64,0.25833039971461724,0.18470170696904542,0.59375,-143,True,975
SB3217,Lymphocyte count increased,"circulating leukocyte production, distribution, and effector-cell structure",measured or functional quantity shifted above its reference structural range,remaining_5256,a9937317ab0fe41a1c7b9d3ba812d983f8069dae7cca819aeb5bf24781c96832,1830,547,110,253,690,363,0.14008310202838214,0.23525833646689054,0.0951752344385084,0.0951752344385084,AWAY_FROM_REFERENCE,0.13825136612021857,MINOR,1,231,,,ddc98e197c9eeaad44255455f838cf3e5e447cf9900a44e51a3c45df408c65c0,0.25833039971461724,0.18470170696904542,0.59375,-143,True,976
SB3391,Monocyte count increased,"circulating leukocyte production, distribution, and effector-cell structure",measured or functional quantity shifted above its reference structural range,remaining_5256,a9937317ab0fe41a1c7b9d3ba812d983f8069dae7cca819aeb5bf24781c96832,1830,547,110,253,690,363,0.14008310202838214,0.23525833646689054,0.0951752344385084,0.0951752344385084,AWAY_FROM_REFERENCE,0.13825136612021857,MINOR,1,231,,,b65724a4dbe28bcea05a8a89511e0749e8f7afc8d6720f939639776b66dd8e15,0.25833039971461724,0.18470170696904542,0.59375,-143,True,977
SB3648,Neutrophil count increased,"circulating leukocyte production, distribution, and effector-cell structure",measured or functional quantity shifted above its reference structural range,remaining_5256,a9937317ab0fe41a1c7b9d3ba812d983f8069dae7cca819aeb5bf24781c96832,1830,547,110,253,690,363,0.14008310202838214,0.23525833646689054,0.0951752344385084,0.0951752344385084,AWAY_FROM_REFERENCE,0.13825136612021857,MINOR,1,231,,,97f647837a50e85cbce22afe395310884373600036e4e91cd329ffb366f92083,0.25833039971461724,0.18470170696904542,0.59375,-143,True,978
SB3649,Neutrophil percentage increased,"circulating leukocyte production, distribution, and effector-cell structure",measured or functional quantity shifted above its reference structural range,remaining_5256,a9937317ab0fe41a1c7b9d3ba812d983f8069dae7cca819aeb5bf24781c96832,1830,547,110,253,690,363,0.14008310202838214,0.23525833646689054,0.0951752344385084,0.0951752344385084,AWAY_FROM_REFERENCE,0.13825136612021857,MINOR,1,231,,,ceca0d08862278134905af3a0e6562745bf4fdafe67dadb6e591c49f26192fa7,0.25833039971461724,0.18470170696904542,0.59375,-143,True,979
SB5693,White blood cell count increased,"circulating leukocyte production, distribution, and effector-cell structure",measured or functional quantity shifted above its reference structural range,remaining_5256,a9937317ab0fe41a1c7b9d3ba812d983f8069dae7cca819aeb5bf24781c96832,1830,547,110,253,690,363,0.14008310202838214,0.23525833646689054,0.0951752344385084,0.0951752344385084,AWAY_FROM_REFERENCE,0.13825136612021857,MINOR,1,231,,,50934357466d6d79ba0efcf34176ceb37c1b206b5b703334817e937ca425df5d,0.25833039971461724,0.18470170696904542,0.59375,-143,True,980
SB0103,Acute abdomen,"abdominal visceral inflammatory, perfusion, and sensory-transmission structure","altered configuration or regulated output of the named structure, expressed as the state described by abdomen",established_478,abebe3894d409a659a3bd37eef4b2b795eb4431324d9d9a3aef94f4ba951eee8,78,20,3,3,20,6,0.11974777995349373,0.24838671385128286,0.12863893389778913,0.12863893389778913,AWAY_FROM_REFERENCE,0.038461538461538464,MINOR,1,230,,,e0bd2c62599ecc3bfec5bda5ab3db28a816b5e7c8245dc330578b40e8cb19708,0.25831536126945226,0.1863983064261613,0.5859375,0,True,981
SB3750,Oesophageal pain,"oesophageal mucosal, peristaltic, and sphincter-control structure",increased nociceptive signaling associated with local tissue or neural perturbation,remaining_5256,4de5aa62ef3e2dcac6fba43bc48f85f76017ff7412a772f824977e8b08e844de,28,8,3,1,6,4,0.13671581669349064,0.2555590343888048,0.11884321769531414,0.11884321769531414,AWAY_FROM_REFERENCE,0.03571428571428571,MINOR,1,231,,,9348f9b668c5c95a4a323c335c85fc3ca3733ce066fb815d7bca1318ceafbc66,0.2582954715199939,0.17951429453657797,0.6171875,2,True,982
SB0213,Albumin urine increased,renal glomerular filtration-barrier albumin-retention structure,measured or functional quantity shifted above its reference structural range,established_478,0344cbd986e1f29a752778dd501cf9b11ad19961cc47bc82d357ca7fd729d1f9,28,15,2,1,14,3,0.17561561702778394,0.3217431598553211,0.14612754282753715,0.14612754282753715,AWAY_FROM_REFERENCE,0.03571428571428571,MINOR,1,223,,,8ba68814d1766b9b6f187513f184e480479b221c301aec15c66ea10a0c25dc6c,0.25823920443369824,0.1897353102849979,0.5703125,1,True,983
SB1712,Ecchymosis,vascular wall and hemostatic integrity structure,"abnormal structural accumulation, degeneration, remodeling, or chronic state within the named structure",remaining_5256,f915c44fccb8792cdc907bb39af7012e9071104143c7d17a30e80c97f2aae850,325,185,6,25,204,31,0.1829158991786498,0.288628558704072,0.10571265952542219,0.10571265952542219,AWAY_FROM_REFERENCE,0.07692307692307693,MINOR,1,210,,,4bb52964a5fe1f082f16d4dcf1f70ed9023afb906c4b562c19209e310059d6fc,0.25810384831921224,0.18957024185269788,0.5703125,-19,True,984
SB3996,Parotid duct obstruction,salivary-gland secretory and ductal-delivery structure,partial or complete luminal/pathway blockage with impaired transit or flow,remaining_5256,6d3aa8183a4e46b9cb083c119270f6738196efd5df7645e36cc882248d5c3a2d,120,70,18,13,65,31,0.22424981944099664,0.2895891144009122,0.06533929495991553,0.06533929495991553,AWAY_FROM_REFERENCE,0.10833333333333334,MINOR,1,231,,,d2b42ae3703d94a37cb2f20d4399035c1cfd04849f13d271dd7d87ee28a81aa5,0.2580600724208125,0.19123179563513726,0.5625,5,True,985
SB1703,Ear haemorrhage,cochlear-mechanical and auditory-neural transduction structure,vascular or tissue integrity breach with blood extravasation/accumulation,remaining_5256,dd1d0275a98be15f77d61697dd40b9ac98fb0131f9aa24b8b64d2d4f9529d7e3,276,86,12,24,98,36,0.16387781088751563,0.28778431325010434,0.12390650236258871,0.12390650236258871,AWAY_FROM_REFERENCE,0.08695652173913043,MINOR,1,230,,,95ebda65b6b51b036445fcd45d0e699d9d54e136ec93ed600f442b59f62dd93f,0.257871641280453,0.19100200156152802,0.5625,-12,True,986
SB5421,Urethral stenosis,"urethral lumen, mucosal, sphincter, and urine-flow structure",pathologic lumen narrowing with increased resistance to transit or flow,remaining_5256,771e0f09f3e0879a95414afa6e2968f1c8a7f5cb6c3b82236749ffa8473ac8d8,465,155,15,48,188,63,0.18763055712185617,0.29331004361907187,0.1056794864972157,0.1056794864972157,AWAY_FROM_REFERENCE,0.1032258064516129,MINOR,1,231,,,609b5c58cc76efadc8f03e92afaa93f52166a91dfab60dd796ee2a9c1dac3453,0.2578305984391073,0.187522071267204,0.578125,-33,True,987
SB3932,Pancreatic necrosis,pancreatic endocrine-exocrine parenchymal and ductal structure,loss of cellular viability with local tissue structural breakdown,remaining_5256,60fa93940af4953b0f77521dc309cd98e2dc026dd1cbab4f4468f58c310c78db,91,48,7,6,47,13,0.20878766050260023,0.3304930200704178,0.12170535956781758,0.12170535956781758,AWAY_FROM_REFERENCE,0.06593406593406594,MINOR,1,230,,,db076b1cba056c9c5622fded7d9acf2e5e78465208deaa308c28765eb0620a3d,0.25778341966740537,0.18746453617976266,0.578125,1,True,988
SB0645,Bleeding time prolonged,vascular wall and hemostatic integrity structure,event duration or measured interval extended beyond the reference timing range,remaining_5256,db4a77d3af91fece857ab73824b74c972c47a4c8aaa8b4a5d524da5847498b1a,325,211,9,30,232,39,0.23431955874511412,0.33019292958119584,0.09587337083608172,0.09587337083608172,AWAY_FROM_REFERENCE,0.09230769230769231,MINOR,1,210,,,8e8a072a12c2179bc8e3ca25f566899be41d2478ed6bd7b890b4adecc5495512,0.25763260538983285,0.1889955553534547,0.5703125,-21,True,989
SB0464,Arthritis bacterial,synovial-joint pathogen-defense and structure,pathogen-associated occupation/invasion with host-defense activation and local structural disruption,established_478,7a09c3cb13b66d941be6f72fd8b214e86e9d0d6eb7c14d307e432513a214ea26,2556,909,142,171,938,313,0.20006618032272072,0.3044078831119966,0.1043417027892759,0.1043417027892759,AWAY_FROM_REFERENCE,0.06690140845070422,MINOR,1,230,,,0410cf7dadf27e97c68a8d9f86d71be86ab4c470ed5c0f2cbe8039c24c72f02d,0.2575019550465509,0.18026153054457428,0.609375,-29,True,990
SB0465,Arthritis infective,synovial-joint pathogen-defense and structure,pathogen-associated occupation/invasion with host-defense activation and local structural disruption,established_478,7a09c3cb13b66d941be6f72fd8b214e86e9d0d6eb7c14d307e432513a214ea26,2556,909,142,171,938,313,0.20006618032272072,0.3044078831119966,0.1043417027892759,0.1043417027892759,AWAY_FROM_REFERENCE,0.06690140845070422,MINOR,1,230,,,f98f5819672a08646bfd7a58778e8dc7d4a35bc2f9e9bfea399e9010f4e03b28,0.2575019550465509,0.18026153054457428,0.609375,-29,True,991
SB0398,Application site dryness,local epidermal-dermal barrier and repair structure,reduced water or secretory content relative to the normal hydrated state,established_478,6468d26c9d69997ea3ec5aee358a056ddea7d5d121839d725e69b28ee1b305c7,28,15,3,0,12,3,0.170704054219468,0.2622869268136566,0.09158287259418862,0.09158287259418862,AWAY_FROM_REFERENCE,0.0,INFORMATIONAL,0,223,,,b0598c42b2f1b4fb5df920c8621571ff188f0e73d3077b919e133f60cf74b41d,0.25742452437430485,0.18359698094427424,0.59375,3,True,992
SB3502,Myocardial rupture,myocardial cellular viability and tissue-integrity structure,structural continuity failure producing an abnormal opening or separation,remaining_5256,ae8e11b7f4227f313af91d7e2b7c5a7285f281c42a67f1ef73851f1980096a5a,21,9,3,3,9,6,0.16975635624147212,0.2583392650823799,0.0885829088409078,0.0885829088409078,AWAY_FROM_REFERENCE,0.14285714285714285,MINOR,1,231,,,a28fbe208a609872b2fee7b714bc07f79cca4d94895e84f4e42d8fc22e7f77c5,0.2573735660232409,0.18696471466248887,0.578125,0,True,993
SB1706,Ear pain,cochlear-mechanical and auditory-neural transduction structure,increased nociceptive signaling associated with local tissue or neural perturbation,remaining_5256,68b0955404343bea44b916788afe199b15ca1b07d1aac3da921bc82371bdac16,276,77,11,19,85,30,0.15226611478741436,0.2728689037741957,0.12060278898678134,0.12060278898678134,AWAY_FROM_REFERENCE,0.06884057971014493,MINOR,1,230,,,fff999fff30882ff7759d986f4e6d421725421d9e992dad8414fb12ad26ef4f1,0.2573157143138864,0.17831946867547122,0.6171875,-8,True,994
SB0182,Adrenergic syndrome,sympathetic adrenergic receptor signaling structure,departure from the reference structural configuration or regulated functional range,established_478,901063f76338f0cca84766cd04fe3e7b3dfd341b64ee9d6a038b95c872ed71b7,15,4,1,2,5,3,0.17682368146612326,0.2971396328167709,0.12031595135064765,0.12031595135064765,AWAY_FROM_REFERENCE,0.13333333333333333,MINOR,1,231,,,fb52acc97f77d9e9b8a36f907626a1e54008ac9c7c4670953433d76fc01c2809,0.2572886344895585,0.18343126157263234,0.59375,-1,True,995
SB0562,Bacterial prostatitis,"male gonadal, ductal, accessory-gland, and reproductive-output structure",pathogen-associated occupation/invasion with host-defense activation and local structural disruption,remaining_5256,1bdc03ae559f41da45795bde468370bcc3a49004fbe93038c22bbbef2e8b6e06,190,93,18,15,90,33,0.1403275556549023,0.25088578764111935,0.11055823198621706,0.11055823198621706,AWAY_FROM_REFERENCE,0.07894736842105263,MINOR,1,223,,,cbdb098b1cd3eadd04fb602e875bcd4066d658d5c7b953a68810514b3d12d70e,0.2572420344210027,0.1919491273426862,0.5546875,3,True,996
SB4036,Penile infection,"male gonadal, ductal, accessory-gland, and reproductive-output structure",pathogen-associated occupation/invasion with host-defense activation and local structural disruption,remaining_5256,1bdc03ae559f41da45795bde468370bcc3a49004fbe93038c22bbbef2e8b6e06,190,93,18,15,90,33,0.1403275556549023,0.25088578764111935,0.11055823198621706,0.11055823198621706,AWAY_FROM_REFERENCE,0.07894736842105263,MINOR,1,223,,,ebc5601d90e145bf0666f434996b5f51e061c1769ba34891df6e86045efba690,0.2572420344210027,0.1919491273426862,0.5546875,3,True,997
SB4364,Prostate infection,"male gonadal, ductal, accessory-gland, and reproductive-output structure",pathogen-associated occupation/invasion with host-defense activation and local structural disruption,remaining_5256,1bdc03ae559f41da45795bde468370bcc3a49004fbe93038c22bbbef2e8b6e06,190,93,18,15,90,33,0.1403275556549023,0.25088578764111935,0.11055823198621706,0.11055823198621706,AWAY_FROM_REFERENCE,0.07894736842105263,MINOR,1,223,,,2592e640e988f335e5e6ad634a2c8b3d2145f20b40d3e55ef33d5c42591be209,0.2572420344210027,0.1919491273426862,0.5546875,3,True,998
SB1890,Erythrocytosis,"erythrocyte production, integrity, and oxygen-transport structure","abnormal structural accumulation, degeneration, remodeling, or chronic state within the named structure",remaining_5256,b69a4785e0b38063e5ad2601b8bf6a01eeaf0e3de62713bd2a9d9f2c0fceb5bb,15,10,0,3,13,3,0.1518238390745601,0.2769571493029026,0.1251333102283425,0.1251333102283425,AWAY_FROM_REFERENCE,0.2,MINOR,1,174,,,5c4087284ed8956d3c13c9c2d7942f953acb03a476585e4922693a57c83b2b9a,0.2572367525176232,0.17993811282636973,0.609375,-3,True,999
SB1897,Erythrosis,"erythrocyte production, integrity, and oxygen-transport structure","abnormal structural accumulation, degeneration, remodeling, or chronic state within the named structure",remaining_5256,b69a4785e0b38063e5ad2601b8bf6a01eeaf0e3de62713bd2a9d9f2c0fceb5bb,15,10,0,3,13,3,0.1518238390745601,0.2769571493029026,0.1251333102283425,0.1251333102283425,AWAY_FROM_REFERENCE,0.2,MINOR,1,174,,,151e89e50f6ed3a77e3e77a14c5313c03bd20bc102f54121c16af8ef384d440e,0.2572367525176232,0.17993811282636973,0.609375,-3,True,1000
SB3361,Microcytosis,"erythrocyte production, integrity, and oxygen-transport structure","abnormal structural accumulation, degeneration, remodeling, or chronic state within the named structure",remaining_5256,b69a4785e0b38063e5ad2601b8bf6a01eeaf0e3de62713bd2a9d9f2c0fceb5bb,15,10,0,3,13,3,0.1518238390745601,0.2769571493029026,0.1251333102283425,0.1251333102283425,AWAY_FROM_REFERENCE,0.2,MINOR,1,174,,,80510d41017fce794cfe5252eb59ab45d65a41544b3725575f10ebca61dd3f1e,0.2572367525176232,0.17993811282636973,0.609375,-3,True,1001
SB4218,Poikilocytosis,"erythrocyte production, integrity, and oxygen-transport structure","abnormal structural accumulation, degeneration, remodeling, or chronic state within the named structure",remaining_5256,b69a4785e0b38063e5ad2601b8bf6a01eeaf0e3de62713bd2a9d9f2c0fceb5bb,15,10,0,3,13,3,0.1518238390745601,0.2769571493029026,0.1251333102283425,0.1251333102283425,AWAY_FROM_REFERENCE,0.2,MINOR,1,174,,,b3fe41ede4b4e2c27690b641e849d21a8048e18d406bce43629626974060fe80,0.2572367525176232,0.17993811282636973,0.609375,-3,True,1002
SB4646,Reticulocytosis,"erythrocyte production, integrity, and oxygen-transport structure","abnormal structural accumulation, degeneration, remodeling, or chronic state within the named structure",remaining_5256,b69a4785e0b38063e5ad2601b8bf6a01eeaf0e3de62713bd2a9d9f2c0fceb5bb,15,10,0,3,13,3,0.1518238390745601,0.2769571493029026,0.1251333102283425,0.1251333102283425,AWAY_FROM_REFERENCE,0.2,MINOR,1,174,,,dd57bc6ffda1e9fe9b65ec9e9b2901c702e95796dfe511916a48c6428bc356e1,0.2572367525176232,0.17993811282636973,0.609375,-3,True,1003
SB0688,Blood creatinine abnormal,renal glomerular-tubular filtration and fluid-balance structure,departure from the reference structural configuration or regulated functional range,remaining_5256,a3471a7e3e4a1fb63efc0ca9a1d35c252d22d7e79091f4212c8066807b634945,91,35,7,3,31,10,0.14040095001082742,0.23758728157174847,0.09718633156092105,0.09718633156092105,AWAY_FROM_REFERENCE,0.03296703296703297,MINOR,1,231,,,3ef5732f8be122c4fe146a17934a0279e05c36e561702f2752cf93fc7eee23c1,0.2572046402306088,0.1747541344275717,0.6328125,4,True,1004
SB0754,Blood urea abnormal,renal glomerular-tubular filtration and fluid-balance structure,departure from the reference structural configuration or regulated functional range,remaining_5256,a3471a7e3e4a1fb63efc0ca9a1d35c252d22d7e79091f4212c8066807b634945,91,35,7,3,31,10,0.14040095001082742,0.23758728157174847,0.09718633156092105,0.09718633156092105,AWAY_FROM_REFERENCE,0.03296703296703297,MINOR,1,231,,,c3327d70eea518f5a0624a04269e237616c196e6d1cb15ca182b11b854e11519,0.2572046402306088,0.1747541344275717,0.6328125,4,True,1005
SB1365,Creatinine abnormal NOS,renal glomerular-tubular filtration and fluid-balance structure,departure from the reference structural configuration or regulated functional range,remaining_5256,a3471a7e3e4a1fb63efc0ca9a1d35c252d22d7e79091f4212c8066807b634945,91,35,7,3,31,10,0.14040095001082742,0.23758728157174847,0.09718633156092105,0.09718633156092105,AWAY_FROM_REFERENCE,0.03296703296703297,MINOR,1,231,,,96b886a86acb879b25d58bd5aac28e8bf44e3b4cbba613cb01ca3e7f94da2605,0.2572046402306088,0.1747541344275717,0.6328125,4,True,1006
SB2375,Haemolytic uraemic syndrome,renal glomerular-tubular filtration and fluid-balance structure,departure from the reference structural configuration or regulated functional range,remaining_5256,a3471a7e3e4a1fb63efc0ca9a1d35c252d22d7e79091f4212c8066807b634945,91,35,7,3,31,10,0.14040095001082742,0.23758728157174847,0.09718633156092105,0.09718633156092105,AWAY_FROM_REFERENCE,0.03296703296703297,MINOR,1,231,,,f077ca1fe2b2ffee12ec35efc72093d92f50fc87bdb48674b94377bbd5d8d8d2,0.2572046402306088,0.1747541344275717,0.6328125,4,True,1007
SB3016,Kidney function abnormal,renal glomerular-tubular filtration and fluid-balance structure,departure from the reference structural configuration or regulated functional range,remaining_5256,a3471a7e3e4a1fb63efc0ca9a1d35c252d22d7e79091f4212c8066807b634945,91,35,7,3,31,10,0.14040095001082742,0.23758728157174847,0.09718633156092105,0.09718633156092105,AWAY_FROM_REFERENCE,0.03296703296703297,MINOR,1,231,,,e9f74f903535ac0ec9d18944756a9be3e7f699acf7746d60bdca06c43d52ad0b,0.2572046402306088,0.1747541344275717,0.6328125,4,True,1008
SB3592,Nephritic syndrome,renal glomerular-tubular filtration and fluid-balance structure,departure from the reference structural configuration or regulated functional range,remaining_5256,a3471a7e3e4a1fb63efc0ca9a1d35c252d22d7e79091f4212c8066807b634945,91,35,7,3,31,10,0.14040095001082742,0.23758728157174847,0.09718633156092105,0.09718633156092105,AWAY_FROM_REFERENCE,0.03296703296703297,MINOR,1,231,,,eed8ce17aa7e2e368b752a6ffa05311781fce6bf32c7d92ae8b545f9473d0af4,0.2572046402306088,0.1747541344275717,0.6328125,4,True,1009
SB3604,Nephrotic syndrome,renal glomerular-tubular filtration and fluid-balance structure,departure from the reference structural configuration or regulated functional range,remaining_5256,a3471a7e3e4a1fb63efc0ca9a1d35c252d22d7e79091f4212c8066807b634945,91,35,7,3,31,10,0.14040095001082742,0.23758728157174847,0.09718633156092105,0.09718633156092105,AWAY_FROM_REFERENCE,0.03296703296703297,MINOR,1,231,,,a6fb2ef1cb076a3c5fd5875141e37e55df444bbf312c0fbd72e9712497993287,0.2572046402306088,0.1747541344275717,0.6328125,4,True,1010
SB4591,Renal function test abnormal,renal glomerular-tubular filtration and fluid-balance structure,departure from the reference structural configuration or regulated functional range,remaining_5256,a3471a7e3e4a1fb63efc0ca9a1d35c252d22d7e79091f4212c8066807b634945,91,35,7,3,31,10,0.14040095001082742,0.23758728157174847,0.09718633156092105,0.09718633156092105,AWAY_FROM_REFERENCE,0.03296703296703297,MINOR,1,231,,,abd772b9e713542306debe1e77756d76823f9a6d41827ecb3b29a33062a52de6,0.2572046402306088,0.1747541344275717,0.6328125,4,True,1011
SB4603,Renal tubular disorder,renal glomerular-tubular filtration and fluid-balance structure,departure from the reference structural configuration or regulated functional range,remaining_5256,a3471a7e3e4a1fb63efc0ca9a1d35c252d22d7e79091f4212c8066807b634945,91,35,7,3,31,10,0.14040095001082742,0.23758728157174847,0.09718633156092105,0.09718633156092105,AWAY_FROM_REFERENCE,0.03296703296703297,MINOR,1,231,,,ae857222e541ef828a5ed3476243d98bddbfdec869806986ae03e91f6c9511e9,0.2572046402306088,0.1747541344275717,0.6328125,4,True,1012
SB4808,Serum creatinine abnormal,renal glomerular-tubular filtration and fluid-balance structure,departure from the reference structural configuration or regulated functional range,remaining_5256,a3471a7e3e4a1fb63efc0ca9a1d35c252d22d7e79091f4212c8066807b634945,91,35,7,3,31,10,0.14040095001082742,0.23758728157174847,0.09718633156092105,0.09718633156092105,AWAY_FROM_REFERENCE,0.03296703296703297,MINOR,1,231,,,555eb742a8e2c3cf03c34f73ee30e41ddbd35c72e51f492210420b4bd38b6881,0.2572046402306088,0.1747541344275717,0.6328125,4,True,1013
SB5407,Uraemic syndrome,renal glomerular-tubular filtration and fluid-balance structure,departure from the reference structural configuration or regulated functional range,remaining_5256,a3471a7e3e4a1fb63efc0ca9a1d35c252d22d7e79091f4212c8066807b634945,91,35,7,3,31,10,0.14040095001082742,0.23758728157174847,0.09718633156092105,0.09718633156092105,AWAY_FROM_REFERENCE,0.03296703296703297,MINOR,1,231,,,a0bcda777bfa17509d00ccd1380c92f76dd7ae8bbdd5b6bbf23f60f65d320038,0.2572046402306088,0.1747541344275717,0.6328125,4,True,1014
SB1654,Dysaesthesia,somatosensory peripheral-central sensory-transmission structure,abnormal sensory perception or sensory-transmission state,remaining_5256,ae243172576a4f36b12fce290640db1f374a70880eb3097c9a8569847467f8cf,105,51,11,7,47,18,0.14954313417088816,0.26636870884005837,0.1168255746691702,0.1168255746691702,AWAY_FROM_REFERENCE,0.06666666666666667,MINOR,1,230,,,afc8f6ca3221800570b7cd98c7afdc97b930f6c536891c2d0623f750a18f8b5e,0.25708900077095886,0.18147286679385233,0.6015625,4,True,1015
SB3356,Microalbuminuria,renal glomerular-tubular filtration and fluid-balance structure,"abnormal presence, concentration, or excretion of the named material in urine",remaining_5256,919df078093ab0eac03dafd9c860c653e78457586c2200425358b67ee08ebd24,91,30,2,7,35,9,0.17188832397663334,0.27536510918831725,0.10347678521168391,0.10347678521168391,AWAY_FROM_REFERENCE,0.07692307692307693,MINOR,1,231,,,2e02d414c821a5da731cc09ad6c4691b95287211b82268fdff393864dbd59305,0.2569790345181201,0.18648357868063425,0.578125,-5,True,1016
SB4380,Proteinuria,renal glomerular-tubular filtration and fluid-balance structure,"abnormal presence, concentration, or excretion of the named material in urine",remaining_5256,919df078093ab0eac03dafd9c860c653e78457586c2200425358b67ee08ebd24,91,30,2,7,35,9,0.17188832397663334,0.27536510918831725,0.10347678521168391,0.10347678521168391,AWAY_FROM_REFERENCE,0.07692307692307693,MINOR,1,231,,,4d8752e8f7d86d0bd992e1fd9c6758e1838b4a151dc8b4c65ff98578cdaabf63,0.2569790345181201,0.18648357868063425,0.578125,-5,True,1017
SB3661,Nipple disorder,mammary gland ductal-lobular and secretory structure,departure from the reference structural configuration or regulated functional range,remaining_5256,eb3aad817e069b71960beb5ef7e30f92063f32f7eb08bb492430c125fa8ac54b,3,2,1,0,1,1,0.20189310940649985,0.2971386445709039,0.09524553516440404,0.09524553516440404,AWAY_FROM_REFERENCE,0.0,INFORMATIONAL,0,230,,,f5e2b5bcd000b9b4017bdce4ea95284728e1fe94d4547116ead9236c8b901639,0.2568800115633978,0.1829329409309729,0.59375,1,True,1018
SB0379,Aphasia,dominant-hemisphere cortical language-processing structure,"loss or impairment of language comprehension, formulation, or symbolic communication",established_478,91c72d1a3c33607aaaec349e117f2fb50d4e713e1f19adf3de7d385216e006a0,3,0,0,1,1,1,0.19333569954598984,0.3086157175154419,0.11528001796945209,0.11528001796945209,AWAY_FROM_REFERENCE,0.3333333333333333,MODERATE,2,231,,,cb4e5ff7ff96cf5abbf545c9c8d931a77ca6931d870ef44617f4d8d0456972a6,0.25686295670930537,0.1897718984259822,0.5625,-1,True,1019
SB0448,Arterial thromboembolism,arterial-lumen blood-flow and thrombotic-hemostasis structure,"altered configuration or regulated output of the named structure, expressed as the state described by arterial thromboembolism",established_478,420d48316d14268c55a4f57f8032107350df7df5b2428037f6f6be8fb9228627,435,177,26,43,194,69,0.15791277462297404,0.2745993224972758,0.11668654787430177,0.11668654787430177,AWAY_FROM_REFERENCE,0.09885057471264368,MINOR,1,231,,,59f0a589941aa44ea6d077622ce9ca455a0522ceed981d333b60d3ce6efdef91,0.256824936426763,0.18458071515458907,0.5859375,-17,True,1020
SB0415,Application site papules,local epidermal-dermal barrier and repair structure,"altered configuration or regulated output of the named structure, expressed as the state described by application site papules",established_478,4ad61c79f10af27a6d40c33bfd88e92eb521cba79a645b337daeed4b3d72971c,28,12,4,2,10,6,0.11951925463477486,0.23295850016029007,0.11343924552551521,0.11343924552551521,AWAY_FROM_REFERENCE,0.07142857142857142,MINOR,1,223,,,ed01e6c6744ee75ce69bcf426ca5b403682dfb5e30611b642e19188f4b787a17,0.2567850741991366,0.18624704170626416,0.578125,2,True,1021
SB3923,Palpable purpura,vascular wall and hemostatic integrity structure,"altered configuration or regulated output of the named structure, expressed as the state described by palpable purpura",remaining_5256,d57c0fe6f53d6709ea8166682d1c2bbbd8466c269388cb62c9687811d3a1821f,325,175,6,34,203,40,0.17714403670032453,0.2840973842145772,0.10695334751425267,0.10695334751425267,AWAY_FROM_REFERENCE,0.10461538461538461,MINOR,1,210,,,16bde64520f386fb53109356f95d44cc15d3e87be68407d3d72d7ebf573dfb45,0.2567043527408248,0.18443366187905463,0.5859375,-28,True,1022
SB4440,Pulmonary infarction,"pulmonary airway-alveolar, pleural, and gas-exchange structure",sustained perfusion failure with loss of local tissue viability,remaining_5256,08be53cceb4e88d54450d370733a6ee875bbed53901711e9fc8d7b175b9c74b4,36,17,0,2,19,2,0.19217320389241954,0.27263096368303263,0.08045775979061309,0.08045775979061309,AWAY_FROM_REFERENCE,0.05555555555555555,MINOR,1,231,,,469c4170a2b2837a912cd7177ce45ab57dbfff6b5078c7979fc98c0a778692f6,0.2566460202815499,0.17750276863603653,0.6171875,-2,True,1023
SB3001,Keratitis,corneal epithelial-stromal optical and barrier structure,"localized inflammatory activation with cellular infiltration, vascular change, and tissue-function perturbation",remaining_5256,fdf51710675d50dd150875e8aef897cbb2d3ded7ad1efb1be27cc604f6825eb3,190,94,7,14,101,21,0.16976193523429395,0.30335641624665943,0.13359448101236548,0.13359448101236548,AWAY_FROM_REFERENCE,0.07368421052631578,MINOR,1,230,,,a1890dba4c49fd12566a7cdc698809cd847724cb0c506141a5f9f904e26a6bea,0.2566446451938139,0.18264590877294384,0.59375,-7,True,1024
SB3002,Keratitis sicca,corneal epithelial-stromal optical and barrier structure,"localized inflammatory activation with cellular infiltration, vascular change, and tissue-function perturbation",remaining_5256,fdf51710675d50dd150875e8aef897cbb2d3ded7ad1efb1be27cc604f6825eb3,190,94,7,14,101,21,0.16976193523429395,0.30335641624665943,0.13359448101236548,0.13359448101236548,AWAY_FROM_REFERENCE,0.07368421052631578,MINOR,1,230,,,a5757dea41221ba13c1e455d9b3766c0f049e9ed9e1df4e0ff7261dc4d9e9932,0.2566446451938139,0.18264590877294384,0.59375,-7,True,1025
SB4460,Punctate keratitis,corneal epithelial-stromal optical and barrier structure,"localized inflammatory activation with cellular infiltration, vascular change, and tissue-function perturbation",remaining_5256,fdf51710675d50dd150875e8aef897cbb2d3ded7ad1efb1be27cc604f6825eb3,190,94,7,14,101,21,0.16976193523429395,0.30335641624665943,0.13359448101236548,0.13359448101236548,AWAY_FROM_REFERENCE,0.07368421052631578,MINOR,1,230,,,2bb4d08b4f7016dd6a6d324490b72c92340c542dc865569ca4fe5500dc4f46df,0.2566446451938139,0.18264590877294384,0.59375,-7,True,1026
SB5373,Ulcerative keratitis,corneal epithelial-stromal optical and barrier structure,"localized inflammatory activation with cellular infiltration, vascular change, and tissue-function perturbation",remaining_5256,fdf51710675d50dd150875e8aef897cbb2d3ded7ad1efb1be27cc604f6825eb3,190,94,7,14,101,21,0.16976193523429395,0.30335641624665943,0.13359448101236548,0.13359448101236548,AWAY_FROM_REFERENCE,0.07368421052631578,MINOR,1,230,,,c450c732b182f49ec697822789c0f9fc545b939c9e465b340f464a45dadf2723,0.2566446451938139,0.18264590877294384,0.59375,-7,True,1027
SB2565,Hydroureter,"ureteric lumen, peristaltic, and urine-transfer structure","altered configuration or regulated output of the named structure, expressed as the state described by hydroureter",remaining_5256,40ddc0991005e3f9096c5f3d40215133de1e6e3ac80a3ae4a830f9407cceab6c,21,8,0,2,10,2,0.1616130181419575,0.25951164837890095,0.09789863023694345,0.09789863023694345,AWAY_FROM_REFERENCE,0.09523809523809523,MINOR,1,198,,,78216238193910b27d5a3f02e6c17213174f335b8bd33562323bcd1ef59be3a7,0.2565934051107811,0.180868481842416,0.6015625,-2,True,1028
SB0046,Abnormal pigmentation,melanocyte melanin-production and epidermal-pigment structure,departure from the reference structural configuration or regulated functional range,established_478,b42e43cb837eacd6f3b4e7544e3d479efcbc682fd75d70d3d694913e1923b8d4,351,92,7,50,135,57,0.14086835390120256,0.2672348995239995,0.12636654562279692,0.12636654562279692,AWAY_FROM_REFERENCE,0.14245014245014245,MINOR,1,230,,,3189d19d1f78b1968e5671d94ca3c0069482da8e527436908e2abc36f35e4950,0.25648017648776233,0.17387064205824676,0.6328125,-43,True,1029
SB1156,Chronic obstructive pulmonary disease,"pulmonary airway-alveolar, pleural, and gas-exchange structure",persistent airflow limitation from airway narrowing/remodeling and/or loss of elastic alveolar recoil,remaining_5256,04f83e6708cebcf1e159f226aef197fa4b8d124b8f6a444101703e1f66fd9ad3,36,15,2,1,14,3,0.189678085503298,0.2892270956531289,0.09954901014983086,0.09954901014983086,AWAY_FROM_REFERENCE,0.027777777777777776,MINOR,1,231,,,fd577fbe07dbd3492b82900b3adbc81a8f6cf0c971d5557ed6e8adedca6f0abd,0.2564209160347191,0.18408800735941355,0.5859375,1,True,1030
SB0462,Arthritis,synovial-joint inflammatory and cartilage-bone interface structure,"localized or systemic inflammatory activation with altered barrier, vascular, and cellular organization",established_478,489b92dccfbd1cc5aa8f041a030f325eebfa256281d39c7fb4254ffaaed9d2a4,136,77,7,8,78,15,0.13855923334096998,0.22572964454903988,0.0871704112080699,0.0871704112080699,AWAY_FROM_REFERENCE,0.058823529411764705,MINOR,1,231,,,a9039b0605d2496496eb3f3d7b360047d023fb1462ec2322c144b292a17766cb,0.25623044088430613,0.18214078156622704,0.59375,-1,True,1031
SB0463,Arthritis aggravated,synovial-joint inflammatory and cartilage-bone interface structure,"localized or systemic inflammatory activation with altered barrier, vascular, and cellular organization",established_478,489b92dccfbd1cc5aa8f041a030f325eebfa256281d39c7fb4254ffaaed9d2a4,136,77,7,8,78,15,0.13855923334096998,0.22572964454903988,0.0871704112080699,0.0871704112080699,AWAY_FROM_REFERENCE,0.058823529411764705,MINOR,1,231,,,0fb20e845a824e3a52de74ee835e2dd819ef0c1d703991e14572d8962d32596a,0.25623044088430613,0.18214078156622704,0.59375,-1,True,1032
SB0320,Ankle fracture,musculoskeletal mechanical-integrity and repair structure,loss of mineralized skeletal continuity under mechanical load,established_478,0e6b40686962103982fb9f63c654d45249d505cba3d15c8631174589df0ca01c,105,50,10,8,48,18,0.20445521366587316,0.30884527757916747,0.1043900639132943,0.1043900639132943,AWAY_FROM_REFERENCE,0.0761904761904762,MINOR,1,231,,,db335eea5199ebeb540f908484f39e0ce25d5f73d18d97d885b0d6912a3086fb,0.2561966849442567,0.17866973773689843,0.609375,2,True,1033
SB3190,Lung adenocarcinoma stage I,"pulmonary airway-alveolar, pleural, and gas-exchange structure",clonal proliferative expansion with loss of normal differentiation and replacement of local tissue architecture,remaining_5256,4b6387425fa4f3ec7d7d8395753f84c1911cbde22cc5f57ceaece01ee60db416,36,18,2,1,17,3,0.17672124650139676,0.2693460984092778,0.09262485190788106,0.09262485190788106,AWAY_FROM_REFERENCE,0.027777777777777776,MINOR,1,231,,,165233b04401af0c57f4c4f493481439b77d2a903379166c725f018ed1c75cbb,0.2561908732355071,0.18723734540915504,0.5703125,1,True,1034
SB0107,Acute angle-closure glaucoma,anterior-eye aqueous-humor outflow and intraocular-pressure structure,optic-nerve/retinal ganglion structural stress associated with altered ocular pressure-flow balance,established_478,d914fb0b49bef3a2f02622a7f11c29c12d80d271a481d3d57cf1e87400a16da8,528,188,31,58,215,89,0.1763025641479361,0.28478972755887644,0.10848716341094033,0.10848716341094033,AWAY_FROM_REFERENCE,0.10984848484848485,MINOR,1,223,,,69f1bc47ba02701c6b89bc4960454e1f5469ad39e52eefb8c89f25fe6a248ac8,0.2560925250336105,0.17339789638245184,0.6328125,-27,True,1035
SB0126,Acute glaucoma,anterior-eye aqueous-humor outflow and intraocular-pressure structure,optic-nerve/retinal ganglion structural stress associated with altered ocular pressure-flow balance,established_478,d914fb0b49bef3a2f02622a7f11c29c12d80d271a481d3d57cf1e87400a16da8,528,188,31,58,215,89,0.1763025641479361,0.28478972755887644,0.10848716341094033,0.10848716341094033,AWAY_FROM_REFERENCE,0.10984848484848485,MINOR,1,223,,,f8927522ebebdb50386ca13b7290b156e6b4c6250c5944cd50b031329194a837,0.2560925250336105,0.17339789638245184,0.6328125,-27,True,1036
SB0312,Angle closure glaucoma,anterior-eye aqueous-humor outflow and intraocular-pressure structure,optic-nerve/retinal ganglion structural stress associated with altered ocular pressure-flow balance,established_478,d914fb0b49bef3a2f02622a7f11c29c12d80d271a481d3d57cf1e87400a16da8,528,188,31,58,215,89,0.1763025641479361,0.28478972755887644,0.10848716341094033,0.10848716341094033,AWAY_FROM_REFERENCE,0.10984848484848485,MINOR,1,223,,,ef1595d3a8bbedf5531910d6d6c692b1d8456200060b59fe534399dba6b9953b,0.2560925250336105,0.17339789638245184,0.6328125,-27,True,1037
SB4628,Respiratory paralysis,"pulmonary airway-alveolar, pleural, and gas-exchange structure",reduced or absent motor neural output and target-tissue activation,remaining_5256,52d06e971f439e82def5e272984575a839a24c00a5bfc7ce99ee9cea4d7a300f,36,15,4,2,13,6,0.15783603849114192,0.2585333693001606,0.10069733080901866,0.10069733080901866,AWAY_FROM_REFERENCE,0.05555555555555555,MINOR,1,231,,,a9b220ee45ea8cf600404332b96df20772c702decd905e51f77cc477be75ff1e,0.25607534324825076,0.1802366990832327,0.6015625,2,True,1038
SB0376,Apgar score low,neonatal cardiopulmonary-neuromuscular transition structure,measured or functional quantity shifted below its reference structural range,established_478,ffb79a22ccf8e11b1ca98f9d4c80096527a475127b4bcc4d3a3df7776a902bf3,190,78,18,18,78,36,0.20359886357350543,0.30764437719296367,0.10404551361945824,0.10404551361945824,AWAY_FROM_REFERENCE,0.09473684210526316,MINOR,1,199,,,1c2e16f24c591732cacc3aacb16ed3b508615637efbfcf77fdd1424e8f2e1ba8,0.2560265552260751,0.1870369575927745,0.5703125,0,True,1039
SB1755,Electrocardiogram ST segment abnormal,"cardiac conduction, depolarization, repolarization, and rhythm structure",departure from the reference structural configuration or regulated functional range,remaining_5256,5724ee6cc84c6fce93d78e24bdd1f91343588c2bd2d9817be3a2ebe0f8c5bd8d,703,201,45,99,255,144,0.10802585056866543,0.21513689168819305,0.10711104111952763,0.10711104111952763,AWAY_FROM_REFERENCE,0.14082503556187767,MINOR,1,230,,,5846d75cb81800eae29a93ef1061d38f60ea5ada618b169ea08db451b2155373,0.25587043477635674,0.1782718716784838,0.609375,-54,True,1040
SB1759,Electrocardiogram ST-T segment abnormal,"cardiac conduction, depolarization, repolarization, and rhythm structure",departure from the reference structural configuration or regulated functional range,remaining_5256,5724ee6cc84c6fce93d78e24bdd1f91343588c2bd2d9817be3a2ebe0f8c5bd8d,703,201,45,99,255,144,0.10802585056866543,0.21513689168819305,0.10711104111952763,0.10711104111952763,AWAY_FROM_REFERENCE,0.14082503556187767,MINOR,1,230,,,2cd9338bda9e8069e2e2929045876948f0a4f7d72591fae6e165d2d744f4c3c5,0.25587043477635674,0.1782718716784838,0.609375,-54,True,1041
SB1760,Electrocardiogram T wave abnormal,"cardiac conduction, depolarization, repolarization, and rhythm structure",departure from the reference structural configuration or regulated functional range,remaining_5256,5724ee6cc84c6fce93d78e24bdd1f91343588c2bd2d9817be3a2ebe0f8c5bd8d,703,201,45,99,255,144,0.10802585056866543,0.21513689168819305,0.10711104111952763,0.10711104111952763,AWAY_FROM_REFERENCE,0.14082503556187767,MINOR,1,230,,,a8358f352fa9e22b7760c2c7ca34c169c727dd15205d82c466b5134cadb3a914,0.25587043477635674,0.1782718716784838,0.609375,-54,True,1042
SB1765,Electrocardiogram abnormal,"cardiac conduction, depolarization, repolarization, and rhythm structure",departure from the reference structural configuration or regulated functional range,remaining_5256,5724ee6cc84c6fce93d78e24bdd1f91343588c2bd2d9817be3a2ebe0f8c5bd8d,703,201,45,99,255,144,0.10802585056866543,0.21513689168819305,0.10711104111952763,0.10711104111952763,AWAY_FROM_REFERENCE,0.14082503556187767,MINOR,1,230,,,857ae39556ef212779ea51fc146dff6e0ce2fa8755b969d68d65b6d0860194f9,0.25587043477635674,0.1782718716784838,0.609375,-54,True,1043
SB1766,Electrocardiogram abnormal specific,"cardiac conduction, depolarization, repolarization, and rhythm structure",departure from the reference structural configuration or regulated functional range,remaining_5256,5724ee6cc84c6fce93d78e24bdd1f91343588c2bd2d9817be3a2ebe0f8c5bd8d,703,201,45,99,255,144,0.10802585056866543,0.21513689168819305,0.10711104111952763,0.10711104111952763,AWAY_FROM_REFERENCE,0.14082503556187767,MINOR,1,230,,,f8e5e6ff5bc27922bab3fd46d82eea5aa22f2f220727e7e2c5d62cd180027727,0.25587043477635674,0.1782718716784838,0.609375,-54,True,1044
SB0136,Acute lymphocytic leukaemia,lymphoid hematopoietic precursor proliferation structure,abnormal concentration or presence of the named material/cell state in circulating blood,established_478,3609e9799b86f6aff4252375ca3d347b10b2242742cc2fb3fcc06e8e798391a4,1176,532,78,101,555,179,0.18665133638620035,0.3025211763883724,0.11586984000217204,0.11586984000217204,AWAY_FROM_REFERENCE,0.0858843537414966,MINOR,1,186,,,5d091f2de90861ef25f61f462864cdf56a2dfa9cfe4dd1eacda7cb05859ecb73,0.25577019861620465,0.17643469343439588,0.6171875,-23,True,1045
SB1804,Endocarditis,endocardial-valvular surface and intracardiac flow-interface structure,"localized inflammatory activation with cellular infiltration, vascular change, and tissue-function perturbation",remaining_5256,8538c1d4383d99bf6c8f1371fe9c967b810769191b381f2564ed005aa1998aaf,78,25,3,5,27,8,0.153802404119034,0.2654463336888253,0.1116439295697913,0.1116439295697913,AWAY_FROM_REFERENCE,0.0641025641025641,MINOR,1,231,,,1731f79ec739c7e1de5817358096ecc63de4a8463ec0766a134067b4808415c4,0.2557678106442629,0.17986165932227183,0.6015625,-2,True,1046
SB5060,Subacute endocarditis,endocardial-valvular surface and intracardiac flow-interface structure,"localized inflammatory activation with cellular infiltration, vascular change, and tissue-function perturbation",remaining_5256,8538c1d4383d99bf6c8f1371fe9c967b810769191b381f2564ed005aa1998aaf,78,25,3,5,27,8,0.153802404119034,0.2654463336888253,0.1116439295697913,0.1116439295697913,AWAY_FROM_REFERENCE,0.0641025641025641,MINOR,1,231,,,9193156b4dcc7b0dbc289e7788a488a965ed68ed8c05b39322bdef494b4fd814,0.2557678106442629,0.17986165932227183,0.6015625,-2,True,1047
SB4429,Pulmonary alveolitis,"pulmonary airway-alveolar, pleural, and gas-exchange structure","localized inflammatory activation with cellular infiltration, vascular change, and tissue-function perturbation",remaining_5256,71e34522b7827199ab7aa76e6de3e1b7ec3dc69f1174e45c8e66067ae6ca855e,36,13,2,4,15,6,0.1713682319048211,0.26766138304107423,0.09629315113625314,0.09629315113625314,AWAY_FROM_REFERENCE,0.1111111111111111,MINOR,1,231,,,1fff93adcaf3e29d794e0e4ed86f03299ae3f62707db91f6fa7d3db0290eaa76,0.2557332383205326,0.1832493760006495,0.5859375,-2,True,1048
SB5080,Sudden infant death syndrome,integrated cardiopulmonary-neural vital-function structure,departure from the reference structural configuration or regulated functional range,remaining_5256,281d18997e0af5f2a10d2545a442df5775f27d2b6d147e75687a1c15c7b32755,496,218,27,49,240,76,0.15148601110850568,0.2866736540854745,0.13518764297696884,0.13518764297696884,AWAY_FROM_REFERENCE,0.09879032258064516,MINOR,1,223,,,2c044fd327a662f524f59aff98120b4ce7c25da4eac544a8532e96f764f70abf,0.2557332287930157,0.18667924243050693,0.5703125,-22,True,1049
SB0424,Application site skin breakdown,local epidermal-dermal barrier and repair structure,"altered configuration or regulated output of the named structure, expressed as the state described by application site skin breakdown",established_478,648042a67ab2eef688998abc1d4a47a194f27b431ce02a2d0a304fbb15b0e859,28,14,4,1,11,5,0.11909267822405245,0.23490760015781398,0.11581492193376153,0.11581492193376153,AWAY_FROM_REFERENCE,0.03571428571428571,MINOR,1,223,,,7cce7873b7fbe8210a2cf531e02277c3b91772f599f577e0b41e5f5b5a555d36,0.2555614120224001,0.18818464880780505,0.5625,3,True,1050
SB5251,Tingling of extremity,"regional limb musculoskeletal, neurovascular, and skin structure","altered configuration or regulated output of the named structure, expressed as the state described by tingling of extremity",remaining_5256,d24f6bfbd5f03c03ade9eaa38d8e3ffa2e224366acda4fd7cfec9cae235c28b2,21,8,2,1,7,3,0.12719489677648854,0.2293158607321093,0.10212096395562076,0.10212096395562076,AWAY_FROM_REFERENCE,0.047619047619047616,MINOR,1,223,,,7ad2ca29e63d6212ef561b60cc0d0e650cebc2d8cfeda7dbea9119f897fd5ba9,0.2554542699253058,0.18633904868939732,0.5703125,1,True,1051
SB4436,Pulmonary function test decreased,"pulmonary airway-alveolar, pleural, and gas-exchange structure",measured or functional quantity shifted below its reference structural range,remaining_5256,76795634d32d0e06ae86879b5de04b60234442218724324bcae67cc8557ad668,36,15,0,1,16,1,0.2032816034336996,0.2906015870533285,0.0873199836196289,0.0873199836196289,AWAY_FROM_REFERENCE,0.027777777777777776,MINOR,1,231,,,085102a7464e1c9830e1295dccf1c5742a1935d0ab949ae02ad3638af8225ac1,0.2553670676481016,0.18451776542451415,0.578125,-1,True,1052
SB4629,Respiratory rate decreased,"pulmonary airway-alveolar, pleural, and gas-exchange structure",measured or functional quantity shifted below its reference structural range,remaining_5256,76795634d32d0e06ae86879b5de04b60234442218724324bcae67cc8557ad668,36,15,0,1,16,1,0.2032816034336996,0.2906015870533285,0.0873199836196289,0.0873199836196289,AWAY_FROM_REFERENCE,0.027777777777777776,MINOR,1,231,,,011e04a8b25527eeeab7c79c24d61559b8aa0f33f3383b7688210dd92238bbd8,0.2553670676481016,0.18451776542451415,0.578125,-1,True,1053
SB4631,Respiratory sounds decreased,"pulmonary airway-alveolar, pleural, and gas-exchange structure",measured or functional quantity shifted below its reference structural range,remaining_5256,76795634d32d0e06ae86879b5de04b60234442218724324bcae67cc8557ad668,36,15,0,1,16,1,0.2032816034336996,0.2906015870533285,0.0873199836196289,0.0873199836196289,AWAY_FROM_REFERENCE,0.027777777777777776,MINOR,1,231,,,652b14015fba09b2b67d35dc12818c4916c210112b5b0e677bd9b2500b4f728a,0.2553670676481016,0.18451776542451415,0.578125,-1,True,1054
SB4579,Renal artery stenosis,renal glomerular-tubular filtration and fluid-balance structure,pathologic lumen narrowing with increased resistance to transit or flow,remaining_5256,4353641b8dcf1bcecf2da9405bbe23fed5774af6fad92b88868f8502ebc5ee35,91,38,6,4,36,10,0.16346958269072398,0.27991779740323053,0.11644821471250655,0.11644821471250655,AWAY_FROM_REFERENCE,0.04395604395604396,MINOR,1,231,,,74b3ece4886f0d6537cdcc167cc4e6e142cc847d6c1c8157ced46c6d2f73053c,0.25535828946081335,0.19136681641562603,0.546875,2,True,1055
SB0318,Anisocytosis,erythrocyte size-distribution and maturation structure,increased heterogeneity of erythrocyte size relative to the normal distribution,established_478,87d64d637a1b548c2d1e1cf37fac2bf95f108315b4b940fd9b65ba7dccdf37c1,1711,666,128,162,700,290,0.23274663140638951,0.31600152184551944,0.08325489043912992,0.08325489043912992,AWAY_FROM_REFERENCE,0.09468147282291058,MINOR,1,231,,,4e83a0bfbabec5ad6f55f8ac25a63ffd49e27eaa0d846dfb8ec2a517a169dbbd,0.25522759684648566,0.17577298395912888,0.6171875,-34,True,1056
SB1893,Erythromelalgia,"erythrocyte production, integrity, and oxygen-transport structure",increased nociceptive signaling localized to the named structure,remaining_5256,fd6050bb92f1dc665f499c6db4d47a4aec4f9c3912f3b57ee86ea3454a13e202,15,10,1,3,12,4,0.18221255104794354,0.30269305645277245,0.12048050540482891,0.12048050540482891,AWAY_FROM_REFERENCE,0.2,MINOR,1,174,,,2e6fca4020600fbffab8d91642296f58377910d55ce5b7cbef674a2b876b7de3,0.25521558593414206,0.1740433974806611,0.625,-2,True,1057
SB0198,Agranulocytosis,bone-marrow neutrophil production and circulating-neutrophil structure,marked depletion of circulating granulocytes with reduced innate cellular defense capacity,established_478,e6d5fd50e74307ce8e09893b81cd43e07cd1c1d47c8dd8ae19dd7c29da81e8ac,2485,714,133,156,737,289,0.128087457997917,0.25808995459771333,0.13000249659979635,0.13000249659979635,AWAY_FROM_REFERENCE,0.06277665995975855,MINOR,1,6,,,a1ed8c4db061bc0b4de3bcc6ccd3d523f059057432a3873b1fd9b0d641b52330,0.2551669907890555,0.1774140131573848,0.609375,-23,True,1058
SB2923,Intestinal infarction,"intestinal mucosal barrier, smooth-muscle motility, and luminal transport structure",sustained perfusion failure with loss of local tissue viability,remaining_5256,dc1179f0fbc49ab8e1ad6dc5a17cec19b894b54819200e30e69f5edba52c02a7,276,95,21,34,108,55,0.1260949647695827,0.24099141822588455,0.11489645345630184,0.11489645345630184,AWAY_FROM_REFERENCE,0.12318840579710146,MINOR,1,231,,,9174126ca9f83cd512ae731c3e738eab8c6e4ebf5166673fa091e3da0315e4ea,0.2551123144242555,0.17906227368811656,0.6015625,-13,True,1059
SB3665,Nitrogen balance negative,vestibular sensory-transduction and balance-control structure,absence or reduction of the measured target relative to the expected reference state,remaining_5256,40edccf6636869b373d6614c2d477a0d15ff64c3a6af525bd25140953aa77797,15,6,1,2,7,3,0.17763642654213196,0.2888644111145363,0.11122798457240435,0.11122798457240435,AWAY_FROM_REFERENCE,0.13333333333333333,MINOR,1,198,,,6c0c33c7db0aba3b67e20350616a7e897c6c4d8fd2141edc365eee8de5e4c619,0.2550710005926416,0.17043719584468486,0.640625,-1,True,1060
SB3091,Leukonychia,"nail matrix, plate-production, and periungual structure","altered configuration or regulated output of the named structure, expressed as the state described by leukonychia",remaining_5256,dd211aabd02298f94e48a4be6fa15e4d1b028e5ff9382d8ed2952a041f96e9fb,36,11,4,3,10,7,0.12902916849835988,0.2386331064038354,0.10960393790547551,0.10960393790547551,AWAY_FROM_REFERENCE,0.08333333333333333,MINOR,1,230,,,ed51c3dbdca3e8d19be39092e724e0adb3c049fbc45b30e760fd5d2829d358d1,0.25502715537246884,0.17552854313715716,0.6171875,1,True,1061
SB4161,Pituitary microadenoma,hypothalamic-pituitary hormone-control and release structure,"altered configuration or regulated output of the named structure, expressed as the state described by pituitary microadenoma",remaining_5256,ce4df742228fb88cce0528ab45d157a2fc5c3668cc9904f908a184bf76dbbdd5,741,305,88,41,258,129,0.1280465958408722,0.19873741300744108,0.07069081716656889,0.07069081716656889,AWAY_FROM_REFERENCE,0.0553306342780027,MINOR,1,174,,,7d3d3607ecbba83e37cd54bf10af4122d35c7f81ad90e933f72ed6199bf9638b,0.25497350424742765,0.17889299298466788,0.6015625,47,True,1062
SB0215,Albuminuria,renal glomerular filtration-barrier albumin-retention structure,abnormal passage of albumin into urine indicating increased filtration-barrier permeability or impaired tubular recovery,established_478,0b08ba321cfd147ac2d448d473dec9fb25418a840c6e7f002df1ac39d4b3afcd,28,19,4,2,17,6,0.15431738817945195,0.28883335411065536,0.1345159659312034,0.1345159659312034,AWAY_FROM_REFERENCE,0.07142857142857142,MINOR,1,223,,,bc0a8e5bbb6ae13db33d74e0a2fafec78998121d61f4f164e402f8a88ebf1af0,0.2549316478456227,0.1788419485922228,0.6015625,2,True,1063
SB1432,Death,integrated cardiopulmonary-neural vital-function structure,collapse of integrated vital-function continuity and sustained organism-level state,remaining_5256,0f811bed0858b47ef8af022152d045520f000765aa924017c341cff7a3f05f9c,496,231,39,62,254,101,0.16463881507405098,0.29097495992305733,0.12633614484900635,0.12633614484900635,AWAY_FROM_REFERENCE,0.125,MINOR,1,223,,,64b1cee8635965fdf673ceec0b73ca360a86c223c871f36d19f7d5cda48bca06,0.25490386731794934,0.1856678259974992,0.5703125,-23,True,1064
SB1433,Death neonatal,integrated cardiopulmonary-neural vital-function structure,collapse of integrated vital-function continuity and sustained organism-level state,remaining_5256,0f811bed0858b47ef8af022152d045520f000765aa924017c341cff7a3f05f9c,496,231,39,62,254,101,0.16463881507405098,0.29097495992305733,0.12633614484900635,0.12633614484900635,AWAY_FROM_REFERENCE,0.125,MINOR,1,223,,,bb49fbbd4e190f441cf3d816b51ab0b97eb216c827ca8d55e5c2a3d141aa824e,0.25490386731794934,0.1856678259974992,0.5703125,-23,True,1065
SB5077,Sudden death,integrated cardiopulmonary-neural vital-function structure,collapse of integrated vital-function continuity and sustained organism-level state,remaining_5256,0f811bed0858b47ef8af022152d045520f000765aa924017c341cff7a3f05f9c,496,231,39,62,254,101,0.16463881507405098,0.29097495992305733,0.12633614484900635,0.12633614484900635,AWAY_FROM_REFERENCE,0.125,MINOR,1,223,,,1bda47dc602afdc03e1c3ff25a5d6d5eeb698f7d6010cee0ff7aa9c4efa68a49,0.25490386731794934,0.1856678259974992,0.5703125,-23,True,1066
SB5078,"Sudden death, cause unknown",integrated cardiopulmonary-neural vital-function structure,collapse of integrated vital-function continuity and sustained organism-level state,remaining_5256,0f811bed0858b47ef8af022152d045520f000765aa924017c341cff7a3f05f9c,496,231,39,62,254,101,0.16463881507405098,0.29097495992305733,0.12633614484900635,0.12633614484900635,AWAY_FROM_REFERENCE,0.125,MINOR,1,223,,,979417068a0a25fb105a0986e69d9d882b09450bc7519ae5700042083ebaf67d,0.25490386731794934,0.1856678259974992,0.5703125,-23,True,1067
SB0403,Application site exfoliation,local epidermal-dermal barrier and repair structure,"altered configuration or regulated output of the named structure, expressed as the state described by application site exfoliation",established_478,99dc9c6e66c2d66b49af295f9218c64f7ee51fdce3843765b2411b900db259a9,28,12,4,2,10,6,0.1201593807061705,0.23180385804677706,0.11164447734060656,0.11164447734060656,AWAY_FROM_REFERENCE,0.07142857142857142,MINOR,1,223,,,280dffcea5dc03f05975a85f49005cf29378c5b56c6f39d462e525be36941be9,0.2548462171072744,0.18388258183813955,0.578125,2,True,1068
SB3522,Nail bed infection,"nail matrix, plate-production, and periungual structure",pathogen-associated occupation/invasion with host-defense activation and local structural disruption,remaining_5256,7e98aa9821d84892bad4b7c791907e46a6e6537264216089575a2a23d896e68e,36,9,2,4,11,6,0.16581013108987053,0.2827903455009996,0.11698021441112905,0.11698021441112905,AWAY_FROM_REFERENCE,0.1111111111111111,MINOR,1,230,,,34097d60c4fcc891aa0a0ee7768a955d421986c7836976bd641d1cc4a34f86ff,0.2548016325114667,0.173538576233496,0.625,-2,True,1069
SB3530,Nail infection,"nail matrix, plate-production, and periungual structure",pathogen-associated occupation/invasion with host-defense activation and local structural disruption,remaining_5256,7e98aa9821d84892bad4b7c791907e46a6e6537264216089575a2a23d896e68e,36,9,2,4,11,6,0.16581013108987053,0.2827903455009996,0.11698021441112905,0.11698021441112905,AWAY_FROM_REFERENCE,0.1111111111111111,MINOR,1,230,,,588573d5bbf86ed052d1a078801dfa70e4cb926b80479b5e4a2331b27f915049,0.2548016325114667,0.173538576233496,0.625,-2,True,1070
SB0643,Bleeding breakthrough,vascular wall and hemostatic integrity structure,vascular or tissue integrity breach with blood extravasation/accumulation,remaining_5256,1aaf9637dfa975137830ec278ae9ded4ec65beab5d92a0db5089a887ab994c8e,325,195,7,31,219,38,0.2546754407313143,0.36028751020751115,0.10561206947619683,0.10561206947619683,AWAY_FROM_REFERENCE,0.09538461538461539,MINOR,1,210,,,e6160d214ddb35e53b9bc4285902912db490f9677ae7c3b5700ae384fda1f7d7,0.2546833556835216,0.18025409229697753,0.59375,-24,True,1071
SB0644,Bleeding tendency,vascular wall and hemostatic integrity structure,vascular or tissue integrity breach with blood extravasation/accumulation,remaining_5256,1aaf9637dfa975137830ec278ae9ded4ec65beab5d92a0db5089a887ab994c8e,325,195,7,31,219,38,0.2546754407313143,0.36028751020751115,0.10561206947619683,0.10561206947619683,AWAY_FROM_REFERENCE,0.09538461538461539,MINOR,1,210,,,02ccba259cbdf58a8764d7d66b87bdb5cf1445789c6ab928c80b7e2a6625777e,0.2546833556835216,0.18025409229697753,0.59375,-24,True,1072
SB0851,Bronchial haemorrhage,vascular wall and hemostatic integrity structure,vascular or tissue integrity breach with blood extravasation/accumulation,remaining_5256,1aaf9637dfa975137830ec278ae9ded4ec65beab5d92a0db5089a887ab994c8e,325,195,7,31,219,38,0.2546754407313143,0.36028751020751115,0.10561206947619683,0.10561206947619683,AWAY_FROM_REFERENCE,0.09538461538461539,MINOR,1,210,,,694aebe257b7599f6116534a10948232e0a97fd1184089cf368c94931ae63c9f,0.2546833556835216,0.18025409229697753,0.59375,-24,True,1073
SB1007,Catheter site haemorrhage,vascular wall and hemostatic integrity structure,vascular or tissue integrity breach with blood extravasation/accumulation,remaining_5256,1aaf9637dfa975137830ec278ae9ded4ec65beab5d92a0db5089a887ab994c8e,325,195,7,31,219,38,0.2546754407313143,0.36028751020751115,0.10561206947619683,0.10561206947619683,AWAY_FROM_REFERENCE,0.09538461538461539,MINOR,1,210,,,8a029af84ebb4fdd4aad01f9bec30909c53d69cc9ba1a00e68955ffd555d1926,0.2546833556835216,0.18025409229697753,0.59375,-24,True,1074
SB1022,Central nervous system haemorrhage,vascular wall and hemostatic integrity structure,vascular or tissue integrity breach with blood extravasation/accumulation,remaining_5256,1aaf9637dfa975137830ec278ae9ded4ec65beab5d92a0db5089a887ab994c8e,325,195,7,31,219,38,0.2546754407313143,0.36028751020751115,0.10561206947619683,0.10561206947619683,AWAY_FROM_REFERENCE,0.09538461538461539,MINOR,1,210,,,2a762f2af83d9fa9296739e95680697bfc566555ea625407449f57aefaaaa9d2,0.2546833556835216,0.18025409229697753,0.59375,-24,True,1075
SB1201,Coital bleeding,vascular wall and hemostatic integrity structure,vascular or tissue integrity breach with blood extravasation/accumulation,remaining_5256,1aaf9637dfa975137830ec278ae9ded4ec65beab5d92a0db5089a887ab994c8e,325,195,7,31,219,38,0.2546754407313143,0.36028751020751115,0.10561206947619683,0.10561206947619683,AWAY_FROM_REFERENCE,0.09538461538461539,MINOR,1,210,,,520f7e4cec5cec470908a421edfaaa3ddf01b83cf0976ca01674ce0c04640c5e,0.2546833556835216,0.18025409229697753,0.59375,-24,True,1076
SB1647,Duodenal ulcer haemorrhage,vascular wall and hemostatic integrity structure,vascular or tissue integrity breach with blood extravasation/accumulation,remaining_5256,1aaf9637dfa975137830ec278ae9ded4ec65beab5d92a0db5089a887ab994c8e,325,195,7,31,219,38,0.2546754407313143,0.36028751020751115,0.10561206947619683,0.10561206947619683,AWAY_FROM_REFERENCE,0.09538461538461539,MINOR,1,210,,,a9525af7f34667a5cb5fb355d74d5aecd221470f06e3b3858ec8d1fbf60d1e2b,0.2546833556835216,0.18025409229697753,0.59375,-24,True,1077
SB1852,Epidural haemorrhage,vascular wall and hemostatic integrity structure,vascular or tissue integrity breach with blood extravasation/accumulation,remaining_5256,1aaf9637dfa975137830ec278ae9ded4ec65beab5d92a0db5089a887ab994c8e,325,195,7,31,219,38,0.2546754407313143,0.36028751020751115,0.10561206947619683,0.10561206947619683,AWAY_FROM_REFERENCE,0.09538461538461539,MINOR,1,210,,,d0a61cc4fc7d8fb22c218705140a26e532237446ba5a71c15528d5b6d445c61f,0.2546833556835216,0.18025409229697753,0.59375,-24,True,1078
SB2200,Gastrointestinal haemorrhage,vascular wall and hemostatic integrity structure,vascular or tissue integrity breach with blood extravasation/accumulation,remaining_5256,1aaf9637dfa975137830ec278ae9ded4ec65beab5d92a0db5089a887ab994c8e,325,195,7,31,219,38,0.2546754407313143,0.36028751020751115,0.10561206947619683,0.10561206947619683,AWAY_FROM_REFERENCE,0.09538461538461539,MINOR,1,210,,,6217afe137c0b6c8a89f56689fb5e0809f8d64d8a9c389839b1b1e2a3ba2dae6,0.2546833556835216,0.18025409229697753,0.59375,-24,True,1079
SB2220,Gastrointestinal ulcer haemorrhage,vascular wall and hemostatic integrity structure,vascular or tissue integrity breach with blood extravasation/accumulation,remaining_5256,1aaf9637dfa975137830ec278ae9ded4ec65beab5d92a0db5089a887ab994c8e,325,195,7,31,219,38,0.2546754407313143,0.36028751020751115,0.10561206947619683,0.10561206947619683,AWAY_FROM_REFERENCE,0.09538461538461539,MINOR,1,210,,,f1a52866b7dbdb658b2a6aed3f8613e15ae36a76dad612071eec252e78b944c8,0.2546833556835216,0.18025409229697753,0.59375,-24,True,1080
SB2245,Genital haemorrhage,vascular wall and hemostatic integrity structure,vascular or tissue integrity breach with blood extravasation/accumulation,remaining_5256,1aaf9637dfa975137830ec278ae9ded4ec65beab5d92a0db5089a887ab994c8e,325,195,7,31,219,38,0.2546754407313143,0.36028751020751115,0.10561206947619683,0.10561206947619683,AWAY_FROM_REFERENCE,0.09538461538461539,MINOR,1,210,,,60ac4fa41f918bfbc338ff10eb4e4a5682bfd4861b754df3bb280a785c464c95,0.2546833556835216,0.18025409229697753,0.59375,-24,True,1081
SB2265,Gingival bleeding,vascular wall and hemostatic integrity structure,vascular or tissue integrity breach with blood extravasation/accumulation,remaining_5256,1aaf9637dfa975137830ec278ae9ded4ec65beab5d92a0db5089a887ab994c8e,325,195,7,31,219,38,0.2546754407313143,0.36028751020751115,0.10561206947619683,0.10561206947619683,AWAY_FROM_REFERENCE,0.09538461538461539,MINOR,1,210,,,5a0336043310fd20c6f1cb5811b2eb4c005c8f87273da9629462913fcf0edb1e,0.2546833556835216,0.18025409229697753,0.59375,-24,True,1082
SB2359,Haematoma,vascular wall and hemostatic integrity structure,vascular or tissue integrity breach with blood extravasation/accumulation,remaining_5256,1aaf9637dfa975137830ec278ae9ded4ec65beab5d92a0db5089a887ab994c8e,325,195,7,31,219,38,0.2546754407313143,0.36028751020751115,0.10561206947619683,0.10561206947619683,AWAY_FROM_REFERENCE,0.09538461538461539,MINOR,1,210,,,f370191d5d868697022e2854f962ddd531d578985052d4ec627b2ef24f33ba01,0.2546833556835216,0.18025409229697753,0.59375,-24,True,1083
SB2378,Haemorrhage,vascular wall and hemostatic integrity structure,vascular or tissue integrity breach with blood extravasation/accumulation,remaining_5256,1aaf9637dfa975137830ec278ae9ded4ec65beab5d92a0db5089a887ab994c8e,325,195,7,31,219,38,0.2546754407313143,0.36028751020751115,0.10561206947619683,0.10561206947619683,AWAY_FROM_REFERENCE,0.09538461538461539,MINOR,1,210,,,0f6f04ebfcc4c5b2ded6801c22d380ac7db1a2591134043c9ddfc27ec72bd82f,0.2546833556835216,0.18025409229697753,0.59375,-24,True,1084
SB2380,Haemorrhage intracranial,vascular wall and hemostatic integrity structure,vascular or tissue integrity breach with blood extravasation/accumulation,remaining_5256,1aaf9637dfa975137830ec278ae9ded4ec65beab5d92a0db5089a887ab994c8e,325,195,7,31,219,38,0.2546754407313143,0.36028751020751115,0.10561206947619683,0.10561206947619683,AWAY_FROM_REFERENCE,0.09538461538461539,MINOR,1,210,,,6d7bf566c36d283bddd30f21345bf1422e0b68fd4c8c53603ef2b26744d45dde,0.2546833556835216,0.18025409229697753,0.59375,-24,True,1085
SB2381,Haemorrhage subcutaneous,vascular wall and hemostatic integrity structure,vascular or tissue integrity breach with blood extravasation/accumulation,remaining_5256,1aaf9637dfa975137830ec278ae9ded4ec65beab5d92a0db5089a887ab994c8e,325,195,7,31,219,38,0.2546754407313143,0.36028751020751115,0.10561206947619683,0.10561206947619683,AWAY_FROM_REFERENCE,0.09538461538461539,MINOR,1,210,,,b98f06b521a8b00ef4522755e4bb7e17897b8560073d5878e7589958264fc48e,0.2546833556835216,0.18025409229697753,0.59375,-24,True,1086
SB2382,Haemorrhage urinary tract,vascular wall and hemostatic integrity structure,vascular or tissue integrity breach with blood extravasation/accumulation,remaining_5256,1aaf9637dfa975137830ec278ae9ded4ec65beab5d92a0db5089a887ab994c8e,325,195,7,31,219,38,0.2546754407313143,0.36028751020751115,0.10561206947619683,0.10561206947619683,AWAY_FROM_REFERENCE,0.09538461538461539,MINOR,1,210,,,265260d674b35f07e797f7b46e044fa22d9ae52aab444a0e549e8e48f0abd203,0.2546833556835216,0.18025409229697753,0.59375,-24,True,1087
SB2389,Haemorrhoidal haemorrhage,vascular wall and hemostatic integrity structure,vascular or tissue integrity breach with blood extravasation/accumulation,remaining_5256,1aaf9637dfa975137830ec278ae9ded4ec65beab5d92a0db5089a887ab994c8e,325,195,7,31,219,38,0.2546754407313143,0.36028751020751115,0.10561206947619683,0.10561206947619683,AWAY_FROM_REFERENCE,0.09538461538461539,MINOR,1,210,,,4863a91e315594664cd0410cbd2789d46f4569f2a003d41b10d8efbeb21ae327,0.2546833556835216,0.18025409229697753,0.59375,-24,True,1088
SB2450,Hemorrhage abnormal,vascular wall and hemostatic integrity structure,vascular or tissue integrity breach with blood extravasation/accumulation,remaining_5256,1aaf9637dfa975137830ec278ae9ded4ec65beab5d92a0db5089a887ab994c8e,325,195,7,31,219,38,0.2546754407313143,0.36028751020751115,0.10561206947619683,0.10561206947619683,AWAY_FROM_REFERENCE,0.09538461538461539,MINOR,1,210,,,81d97df34b83ef67754f562c423a061821e2aae8f28035e43ade952c10a3f43a,0.2546833556835216,0.18025409229697753,0.59375,-24,True,1089
SB2451,Hemorrhage of colon,vascular wall and hemostatic integrity structure,vascular or tissue integrity breach with blood extravasation/accumulation,remaining_5256,1aaf9637dfa975137830ec278ae9ded4ec65beab5d92a0db5089a887ab994c8e,325,195,7,31,219,38,0.2546754407313143,0.36028751020751115,0.10561206947619683,0.10561206947619683,AWAY_FROM_REFERENCE,0.09538461538461539,MINOR,1,210,,,4a25f0be7737d2f25b13fd76070833b344ca6e06ec022b2f09b1edf5e79149f0,0.2546833556835216,0.18025409229697753,0.59375,-24,True,1090
SB2452,Hemorrhage symptom,vascular wall and hemostatic integrity structure,vascular or tissue integrity breach with blood extravasation/accumulation,remaining_5256,1aaf9637dfa975137830ec278ae9ded4ec65beab5d92a0db5089a887ab994c8e,325,195,7,31,219,38,0.2546754407313143,0.36028751020751115,0.10561206947619683,0.10561206947619683,AWAY_FROM_REFERENCE,0.09538461538461539,MINOR,1,210,,,fd54952a35f4c5ac2ffdf0bb42c894df5acf775bcc75bd73145374abc18c7597,0.2546833556835216,0.18025409229697753,0.59375,-24,True,1091
SB2765,Incision site haematoma,vascular wall and hemostatic integrity structure,vascular or tissue integrity breach with blood extravasation/accumulation,remaining_5256,1aaf9637dfa975137830ec278ae9ded4ec65beab5d92a0db5089a887ab994c8e,325,195,7,31,219,38,0.2546754407313143,0.36028751020751115,0.10561206947619683,0.10561206947619683,AWAY_FROM_REFERENCE,0.09538461538461539,MINOR,1,210,,,7a2d876c70a236dc229da4c196171b774f85fffd7c8441c7790105410d903308,0.2546833556835216,0.18025409229697753,0.59375,-24,True,1092
SB2766,Incision site haemorrhage,vascular wall and hemostatic integrity structure,vascular or tissue integrity breach with blood extravasation/accumulation,remaining_5256,1aaf9637dfa975137830ec278ae9ded4ec65beab5d92a0db5089a887ab994c8e,325,195,7,31,219,38,0.2546754407313143,0.36028751020751115,0.10561206947619683,0.10561206947619683,AWAY_FROM_REFERENCE,0.09538461538461539,MINOR,1,210,,,9056796229079cd007f9ef45035933163b8ac0dc39b1c2383d7c295a1cc1a6d4,0.2546833556835216,0.18025409229697753,0.59375,-24,True,1093
SB2857,Injection site haematoma,vascular wall and hemostatic integrity structure,vascular or tissue integrity breach with blood extravasation/accumulation,remaining_5256,1aaf9637dfa975137830ec278ae9ded4ec65beab5d92a0db5089a887ab994c8e,325,195,7,31,219,38,0.2546754407313143,0.36028751020751115,0.10561206947619683,0.10561206947619683,AWAY_FROM_REFERENCE,0.09538461538461539,MINOR,1,210,,,8ae88db0ba45bb0bd33ec45b78565cd50989ef567f0e2c69bde46c6edd090622,0.2546833556835216,0.18025409229697753,0.59375,-24,True,1094
SB2858,Injection site haemorrhage,vascular wall and hemostatic integrity structure,vascular or tissue integrity breach with blood extravasation/accumulation,remaining_5256,1aaf9637dfa975137830ec278ae9ded4ec65beab5d92a0db5089a887ab994c8e,325,195,7,31,219,38,0.2546754407313143,0.36028751020751115,0.10561206947619683,0.10561206947619683,AWAY_FROM_REFERENCE,0.09538461538461539,MINOR,1,210,,,1dccf9e6d772c3db039c56bbb66a85b7c2d8088b3585e45fb9b112a61f88ed29,0.2546833556835216,0.18025409229697753,0.59375,-24,True,1095
SB2921,Intestinal haemorrhage,vascular wall and hemostatic integrity structure,vascular or tissue integrity breach with blood extravasation/accumulation,remaining_5256,1aaf9637dfa975137830ec278ae9ded4ec65beab5d92a0db5089a887ab994c8e,325,195,7,31,219,38,0.2546754407313143,0.36028751020751115,0.10561206947619683,0.10561206947619683,AWAY_FROM_REFERENCE,0.09538461538461539,MINOR,1,210,,,49469a99c7d7219bb9769c75c6a08bcb224c47a15951f8f80cb2ca4d07e2e2cb,0.2546833556835216,0.18025409229697753,0.59375,-24,True,1096
SB2934,Intra-abdominal haematoma,vascular wall and hemostatic integrity structure,vascular or tissue integrity breach with blood extravasation/accumulation,remaining_5256,1aaf9637dfa975137830ec278ae9ded4ec65beab5d92a0db5089a887ab994c8e,325,195,7,31,219,38,0.2546754407313143,0.36028751020751115,0.10561206947619683,0.10561206947619683,AWAY_FROM_REFERENCE,0.09538461538461539,MINOR,1,210,,,612f29338ae4d83ded743f7746735ec2255b48a79b983531884e4052670949ca,0.2546833556835216,0.18025409229697753,0.59375,-24,True,1097
SB2935,Intra-abdominal haemorrhage,vascular wall and hemostatic integrity structure,vascular or tissue integrity breach with blood extravasation/accumulation,remaining_5256,1aaf9637dfa975137830ec278ae9ded4ec65beab5d92a0db5089a887ab994c8e,325,195,7,31,219,38,0.2546754407313143,0.36028751020751115,0.10561206947619683,0.10561206947619683,AWAY_FROM_REFERENCE,0.09538461538461539,MINOR,1,210,,,844932b85536fca5415ac7a9a43339ccda5f868eb9be6d91388c4a6008ab281b,0.2546833556835216,0.18025409229697753,0.59375,-24,True,1098
SB2944,Intraoperative hemorrhage,vascular wall and hemostatic integrity structure,vascular or tissue integrity breach with blood extravasation/accumulation,remaining_5256,1aaf9637dfa975137830ec278ae9ded4ec65beab5d92a0db5089a887ab994c8e,325,195,7,31,219,38,0.2546754407313143,0.36028751020751115,0.10561206947619683,0.10561206947619683,AWAY_FROM_REFERENCE,0.09538461538461539,MINOR,1,210,,,33e2947862b86a80bf04fe9ba26765e374ca00a1b3e2604e91f5a7e1bbe14c9f,0.2546833556835216,0.18025409229697753,0.59375,-24,True,1099
SB2945,Intraspinal bleeding,vascular wall and hemostatic integrity structure,vascular or tissue integrity breach with blood extravasation/accumulation,remaining_5256,1aaf9637dfa975137830ec278ae9ded4ec65beab5d92a0db5089a887ab994c8e,325,195,7,31,219,38,0.2546754407313143,0.36028751020751115,0.10561206947619683,0.10561206947619683,AWAY_FROM_REFERENCE,0.09538461538461539,MINOR,1,210,,,a72547b8a349ab5d95527ec6823a3a1cfe74cf0f10eab99a20349ed75d72454b,0.2546833556835216,0.18025409229697753,0.59375,-24,True,1100
SB2947,Intraventricular haemorrhage,vascular wall and hemostatic integrity structure,vascular or tissue integrity breach with blood extravasation/accumulation,remaining_5256,1aaf9637dfa975137830ec278ae9ded4ec65beab5d92a0db5089a887ab994c8e,325,195,7,31,219,38,0.2546754407313143,0.36028751020751115,0.10561206947619683,0.10561206947619683,AWAY_FROM_REFERENCE,0.09538461538461539,MINOR,1,210,,,eafa6b580def5248887e24eed996e239eebf42b24a0a28eadfdf6105a91504ea,0.2546833556835216,0.18025409229697753,0.59375,-24,True,1101
SB3053,Large intestinal haemorrhage,vascular wall and hemostatic integrity structure,vascular or tissue integrity breach with blood extravasation/accumulation,remaining_5256,1aaf9637dfa975137830ec278ae9ded4ec65beab5d92a0db5089a887ab994c8e,325,195,7,31,219,38,0.2546754407313143,0.36028751020751115,0.10561206947619683,0.10561206947619683,AWAY_FROM_REFERENCE,0.09538461538461539,MINOR,1,210,,,9df5c9c97f397572076fdc8b6ed4a6c916c0198145b55e361bc1f28cc0d49d68,0.2546833556835216,0.18025409229697753,0.59375,-24,True,1102
SB3059,Laryngeal haemorrhage,vascular wall and hemostatic integrity structure,vascular or tissue integrity breach with blood extravasation/accumulation,remaining_5256,1aaf9637dfa975137830ec278ae9ded4ec65beab5d92a0db5089a887ab994c8e,325,195,7,31,219,38,0.2546754407313143,0.36028751020751115,0.10561206947619683,0.10561206947619683,AWAY_FROM_REFERENCE,0.09538461538461539,MINOR,1,210,,,6c4e5de647547118cf8feddf130213af96af80968adc1137560bec030749a5f9,0.2546833556835216,0.18025409229697753,0.59375,-24,True,1103
SB3118,Lip haemorrhage,vascular wall and hemostatic integrity structure,vascular or tissue integrity breach with blood extravasation/accumulation,remaining_5256,1aaf9637dfa975137830ec278ae9ded4ec65beab5d92a0db5089a887ab994c8e,325,195,7,31,219,38,0.2546754407313143,0.36028751020751115,0.10561206947619683,0.10561206947619683,AWAY_FROM_REFERENCE,0.09538461538461539,MINOR,1,210,,,e415dfa06194815c2025fbe1f2fb2a9588608cf7f1907b6302f1fd8ce364238e,0.2546833556835216,0.18025409229697753,0.59375,-24,True,1104
SB3183,Lower gastrointestinal haemorrhage,vascular wall and hemostatic integrity structure,vascular or tissue integrity breach with blood extravasation/accumulation,remaining_5256,1aaf9637dfa975137830ec278ae9ded4ec65beab5d92a0db5089a887ab994c8e,325,195,7,31,219,38,0.2546754407313143,0.36028751020751115,0.10561206947619683,0.10561206947619683,AWAY_FROM_REFERENCE,0.09538461538461539,MINOR,1,210,,,1533527ce7c4919493ab55f39d5ccb0db570f0d7503340b0faf5f3353b47e077,0.2546833556835216,0.18025409229697753,0.59375,-24,True,1105
SB3408,Mouth haemorrhage,vascular wall and hemostatic integrity structure,vascular or tissue integrity breach with blood extravasation/accumulation,remaining_5256,1aaf9637dfa975137830ec278ae9ded4ec65beab5d92a0db5089a887ab994c8e,325,195,7,31,219,38,0.2546754407313143,0.36028751020751115,0.10561206947619683,0.10561206947619683,AWAY_FROM_REFERENCE,0.09538461538461539,MINOR,1,210,,,1a6ddd5c5478ee6de18eafd86029803bc640df60f6cbe114e20e055e092c37f1,0.2546833556835216,0.18025409229697753,0.59375,-24,True,1106
SB3417,Mucosal bleeding,vascular wall and hemostatic integrity structure,vascular or tissue integrity breach with blood extravasation/accumulation,remaining_5256,1aaf9637dfa975137830ec278ae9ded4ec65beab5d92a0db5089a887ab994c8e,325,195,7,31,219,38,0.2546754407313143,0.36028751020751115,0.10561206947619683,0.10561206947619683,AWAY_FROM_REFERENCE,0.09538461538461539,MINOR,1,210,,,82654d83238124e64d8787816d7f3ee1477864ea59d56872bd4bfd603e556076,0.2546833556835216,0.18025409229697753,0.59375,-24,True,1107
SB3421,Mucosal haemorrhage,vascular wall and hemostatic integrity structure,vascular or tissue integrity breach with blood extravasation/accumulation,remaining_5256,1aaf9637dfa975137830ec278ae9ded4ec65beab5d92a0db5089a887ab994c8e,325,195,7,31,219,38,0.2546754407313143,0.36028751020751115,0.10561206947619683,0.10561206947619683,AWAY_FROM_REFERENCE,0.09538461538461539,MINOR,1,210,,,0e607377f43f778739eca8c3ab1faddf7f2e6bc559a5651173f93c2206a3099d,0.2546833556835216,0.18025409229697753,0.59375,-24,True,1108
SB3446,Muscle haemorrhage,vascular wall and hemostatic integrity structure,vascular or tissue integrity breach with blood extravasation/accumulation,remaining_5256,1aaf9637dfa975137830ec278ae9ded4ec65beab5d92a0db5089a887ab994c8e,325,195,7,31,219,38,0.2546754407313143,0.36028751020751115,0.10561206947619683,0.10561206947619683,AWAY_FROM_REFERENCE,0.09538461538461539,MINOR,1,210,,,f91ed7f427e0fd625ce8481d561fa72c809c71338079c8753cdeff8a978caf05,0.2546833556835216,0.18025409229697753,0.59375,-24,True,1109
SB3746,Oesophageal haemorrhage,vascular wall and hemostatic integrity structure,vascular or tissue integrity breach with blood extravasation/accumulation,remaining_5256,1aaf9637dfa975137830ec278ae9ded4ec65beab5d92a0db5089a887ab994c8e,325,195,7,31,219,38,0.2546754407313143,0.36028751020751115,0.10561206947619683,0.10561206947619683,AWAY_FROM_REFERENCE,0.09538461538461539,MINOR,1,210,,,daade44992ce5fc545daa5990485f869dfcafd1900f78f6e6c5149d50c3c2150,0.2546833556835216,0.18025409229697753,0.59375,-24,True,1110
SB3758,Oesophageal varices haemorrhage,vascular wall and hemostatic integrity structure,vascular or tissue integrity breach with blood extravasation/accumulation,remaining_5256,1aaf9637dfa975137830ec278ae9ded4ec65beab5d92a0db5089a887ab994c8e,325,195,7,31,219,38,0.2546754407313143,0.36028751020751115,0.10561206947619683,0.10561206947619683,AWAY_FROM_REFERENCE,0.09538461538461539,MINOR,1,210,,,b09c04f7a5ba37cfa4c8dd9bce675f8eddb7aba7ebef1e52e5c072af7638032e,0.2546833556835216,0.18025409229697753,0.59375,-24,True,1111
SB3779,Operative bleeding,vascular wall and hemostatic integrity structure,vascular or tissue integrity breach with blood extravasation/accumulation,remaining_5256,1aaf9637dfa975137830ec278ae9ded4ec65beab5d92a0db5089a887ab994c8e,325,195,7,31,219,38,0.2546754407313143,0.36028751020751115,0.10561206947619683,0.10561206947619683,AWAY_FROM_REFERENCE,0.09538461538461539,MINOR,1,210,,,eae76da19c46dc80e4bc560b0a7b4a75518d863e33aeb6233053c78c046c5e78,0.2546833556835216,0.18025409229697753,0.59375,-24,True,1112
SB4020,Pelvic haemorrhage,vascular wall and hemostatic integrity structure,vascular or tissue integrity breach with blood extravasation/accumulation,remaining_5256,1aaf9637dfa975137830ec278ae9ded4ec65beab5d92a0db5089a887ab994c8e,325,195,7,31,219,38,0.2546754407313143,0.36028751020751115,0.10561206947619683,0.10561206947619683,AWAY_FROM_REFERENCE,0.09538461538461539,MINOR,1,210,,,1b09f815cf4f87370325f9692bce22186056496136b51f1ce14a00b4c2479573,0.2546833556835216,0.18025409229697753,0.59375,-24,True,1113
SB4042,Peptic ulcer haemorrhage,vascular wall and hemostatic integrity structure,vascular or tissue integrity breach with blood extravasation/accumulation,remaining_5256,1aaf9637dfa975137830ec278ae9ded4ec65beab5d92a0db5089a887ab994c8e,325,195,7,31,219,38,0.2546754407313143,0.36028751020751115,0.10561206947619683,0.10561206947619683,AWAY_FROM_REFERENCE,0.09538461538461539,MINOR,1,210,,,b79929c13f156c050f70719c6bcf2d2a34b35a83ea6a00e1584c5e22b9771bde,0.2546833556835216,0.18025409229697753,0.59375,-24,True,1114
SB4066,Periorbital haematoma,vascular wall and hemostatic integrity structure,vascular or tissue integrity breach with blood extravasation/accumulation,remaining_5256,1aaf9637dfa975137830ec278ae9ded4ec65beab5d92a0db5089a887ab994c8e,325,195,7,31,219,38,0.2546754407313143,0.36028751020751115,0.10561206947619683,0.10561206947619683,AWAY_FROM_REFERENCE,0.09538461538461539,MINOR,1,210,,,0527f54ce795d6e501b627268321db36365f8accfe69f631032483223b640e95,0.2546833556835216,0.18025409229697753,0.59375,-24,True,1115
SB4090,Perirenal haematoma,vascular wall and hemostatic integrity structure,vascular or tissue integrity breach with blood extravasation/accumulation,remaining_5256,1aaf9637dfa975137830ec278ae9ded4ec65beab5d92a0db5089a887ab994c8e,325,195,7,31,219,38,0.2546754407313143,0.36028751020751115,0.10561206947619683,0.10561206947619683,AWAY_FROM_REFERENCE,0.09538461538461539,MINOR,1,210,,,d5632a77b2e398029f253a7d92b1ef628016d114cc4b3863eb72a287e4bf136f,0.2546833556835216,0.18025409229697753,0.59375,-24,True,1116
SB4093,Peritoneal haemorrhage,vascular wall and hemostatic integrity structure,vascular or tissue integrity breach with blood extravasation/accumulation,remaining_5256,1aaf9637dfa975137830ec278ae9ded4ec65beab5d92a0db5089a887ab994c8e,325,195,7,31,219,38,0.2546754407313143,0.36028751020751115,0.10561206947619683,0.10561206947619683,AWAY_FROM_REFERENCE,0.09538461538461539,MINOR,1,210,,,d017ed63052194b920b4c8c0ab9a6a7aeef9ec91c3872ca303e87ab8ac446b55,0.2546833556835216,0.18025409229697753,0.59375,-24,True,1117
SB4118,Pharyngeal haemorrhage,vascular wall and hemostatic integrity structure,vascular or tissue integrity breach with blood extravasation/accumulation,remaining_5256,1aaf9637dfa975137830ec278ae9ded4ec65beab5d92a0db5089a887ab994c8e,325,195,7,31,219,38,0.2546754407313143,0.36028751020751115,0.10561206947619683,0.10561206947619683,AWAY_FROM_REFERENCE,0.09538461538461539,MINOR,1,210,,,ccf41abbfac0579151433bf083b5de928e0879881b23b22b9737275088e0ca1b,0.2546833556835216,0.18025409229697753,0.59375,-24,True,1118
SB4159,Pituitary haemorrhage,vascular wall and hemostatic integrity structure,vascular or tissue integrity breach with blood extravasation/accumulation,remaining_5256,1aaf9637dfa975137830ec278ae9ded4ec65beab5d92a0db5089a887ab994c8e,325,195,7,31,219,38,0.2546754407313143,0.36028751020751115,0.10561206947619683,0.10561206947619683,AWAY_FROM_REFERENCE,0.09538461538461539,MINOR,1,210,,,0b43d19057ab8937bc0a40d76ce2b12a9b135536c148f60a8f6a2da930cf573c,0.2546833556835216,0.18025409229697753,0.59375,-24,True,1119
SB4266,Post procedural haematoma,vascular wall and hemostatic integrity structure,vascular or tissue integrity breach with blood extravasation/accumulation,remaining_5256,1aaf9637dfa975137830ec278ae9ded4ec65beab5d92a0db5089a887ab994c8e,325,195,7,31,219,38,0.2546754407313143,0.36028751020751115,0.10561206947619683,0.10561206947619683,AWAY_FROM_REFERENCE,0.09538461538461539,MINOR,1,210,,,da8a99874f6a6f87e3ee4bceb954ae2ac41b6c3fdb0b01c365f2b80c8b0a54c8,0.2546833556835216,0.18025409229697753,0.59375,-24,True,1120
SB4267,Post procedural haemorrhage,vascular wall and hemostatic integrity structure,vascular or tissue integrity breach with blood extravasation/accumulation,remaining_5256,1aaf9637dfa975137830ec278ae9ded4ec65beab5d92a0db5089a887ab994c8e,325,195,7,31,219,38,0.2546754407313143,0.36028751020751115,0.10561206947619683,0.10561206947619683,AWAY_FROM_REFERENCE,0.09538461538461539,MINOR,1,210,,,345abe92281fc560f667df3bc1744ad47fc9115f88a4cac71288c322bbc033d1,0.2546833556835216,0.18025409229697753,0.59375,-24,True,1121
SB4288,Postmenopausal haemorrhage,vascular wall and hemostatic integrity structure,vascular or tissue integrity breach with blood extravasation/accumulation,remaining_5256,1aaf9637dfa975137830ec278ae9ded4ec65beab5d92a0db5089a887ab994c8e,325,195,7,31,219,38,0.2546754407313143,0.36028751020751115,0.10561206947619683,0.10561206947619683,AWAY_FROM_REFERENCE,0.09538461538461539,MINOR,1,210,,,5a5e8249986f66de75a9007af5da81da1664828943d861ad7da30be6e0dcaec0,0.2546833556835216,0.18025409229697753,0.59375,-24,True,1122
SB4294,Postoperative hemorrhage,vascular wall and hemostatic integrity structure,vascular or tissue integrity breach with blood extravasation/accumulation,remaining_5256,1aaf9637dfa975137830ec278ae9ded4ec65beab5d92a0db5089a887ab994c8e,325,195,7,31,219,38,0.2546754407313143,0.36028751020751115,0.10561206947619683,0.10561206947619683,AWAY_FROM_REFERENCE,0.09538461538461539,MINOR,1,210,,,52e4dd18d88f83f9ba1beca3fe8200d2dcde7e72bec48645d98ecf61dc915d07,0.2546833556835216,0.18025409229697753,0.59375,-24,True,1123
SB4303,Postpartum haemorrhage,vascular wall and hemostatic integrity structure,vascular or tissue integrity breach with blood extravasation/accumulation,remaining_5256,1aaf9637dfa975137830ec278ae9ded4ec65beab5d92a0db5089a887ab994c8e,325,195,7,31,219,38,0.2546754407313143,0.36028751020751115,0.10561206947619683,0.10561206947619683,AWAY_FROM_REFERENCE,0.09538461538461539,MINOR,1,210,,,6f7dafb85e2d56dd8d75024ff8db51059854fd8b73bbb30a18671e96026006e8,0.2546833556835216,0.18025409229697753,0.59375,-24,True,1124
SB4339,Procedural haemorrhage,vascular wall and hemostatic integrity structure,vascular or tissue integrity breach with blood extravasation/accumulation,remaining_5256,1aaf9637dfa975137830ec278ae9ded4ec65beab5d92a0db5089a887ab994c8e,325,195,7,31,219,38,0.2546754407313143,0.36028751020751115,0.10561206947619683,0.10561206947619683,AWAY_FROM_REFERENCE,0.09538461538461539,MINOR,1,210,,,89759dbc4da4d44eac06470fd7f27ef1a94ca6a5d18efe53fc335d57bec82b83,0.2546833556835216,0.18025409229697753,0.59375,-24,True,1125
SB4461,Puncture site haemorrhage,vascular wall and hemostatic integrity structure,vascular or tissue integrity breach with blood extravasation/accumulation,remaining_5256,1aaf9637dfa975137830ec278ae9ded4ec65beab5d92a0db5089a887ab994c8e,325,195,7,31,219,38,0.2546754407313143,0.36028751020751115,0.10561206947619683,0.10561206947619683,AWAY_FROM_REFERENCE,0.09538461538461539,MINOR,1,210,,,bfd32ac9d1612b6384f7aedd9cb00899fe3d1cd312f25406aa5a8f28b9b3d637,0.2546833556835216,0.18025409229697753,0.59375,-24,True,1126
SB4541,Rectal haemorrhage,vascular wall and hemostatic integrity structure,vascular or tissue integrity breach with blood extravasation/accumulation,remaining_5256,1aaf9637dfa975137830ec278ae9ded4ec65beab5d92a0db5089a887ab994c8e,325,195,7,31,219,38,0.2546754407313143,0.36028751020751115,0.10561206947619683,0.10561206947619683,AWAY_FROM_REFERENCE,0.09538461538461539,MINOR,1,210,,,5a13be81eabcea063dd873d5f9dfc728c9dd96f85779db3ee462fdeb6d20c95c,0.2546833556835216,0.18025409229697753,0.59375,-24,True,1127
SB4634,Respiratory tract haemorrhage,vascular wall and hemostatic integrity structure,vascular or tissue integrity breach with blood extravasation/accumulation,remaining_5256,1aaf9637dfa975137830ec278ae9ded4ec65beab5d92a0db5089a887ab994c8e,325,195,7,31,219,38,0.2546754407313143,0.36028751020751115,0.10561206947619683,0.10561206947619683,AWAY_FROM_REFERENCE,0.09538461538461539,MINOR,1,210,,,a98e65acbd26293a178f1c937f9c835ef797bd22dbc729084018338ae3ab3463,0.2546833556835216,0.18025409229697753,0.59375,-24,True,1128
SB4679,Retroperitoneal haematoma,vascular wall and hemostatic integrity structure,vascular or tissue integrity breach with blood extravasation/accumulation,remaining_5256,1aaf9637dfa975137830ec278ae9ded4ec65beab5d92a0db5089a887ab994c8e,325,195,7,31,219,38,0.2546754407313143,0.36028751020751115,0.10561206947619683,0.10561206947619683,AWAY_FROM_REFERENCE,0.09538461538461539,MINOR,1,210,,,dd8c08fb7971bf381b62263ec7d6df62fc53868eb1e5198ff6f6d3e5f974281f,0.2546833556835216,0.18025409229697753,0.59375,-24,True,1129
SB4680,Retroperitoneal haemorrhage,vascular wall and hemostatic integrity structure,vascular or tissue integrity breach with blood extravasation/accumulation,remaining_5256,1aaf9637dfa975137830ec278ae9ded4ec65beab5d92a0db5089a887ab994c8e,325,195,7,31,219,38,0.2546754407313143,0.36028751020751115,0.10561206947619683,0.10561206947619683,AWAY_FROM_REFERENCE,0.09538461538461539,MINOR,1,210,,,cc8a54b45a70e4d19484c054aec1d69ff7f9352d607fb2ed20bb6a3912e1c658,0.2546833556835216,0.18025409229697753,0.59375,-24,True,1130
SB4873,Skin bleeding,vascular wall and hemostatic integrity structure,vascular or tissue integrity breach with blood extravasation/accumulation,remaining_5256,1aaf9637dfa975137830ec278ae9ded4ec65beab5d92a0db5089a887ab994c8e,325,195,7,31,219,38,0.2546754407313143,0.36028751020751115,0.10561206947619683,0.10561206947619683,AWAY_FROM_REFERENCE,0.09538461538461539,MINOR,1,210,,,a37008603619428b9ddc6ce5bfec370a600af91aff542b1a077b141e3beb38f6,0.2546833556835216,0.18025409229697753,0.59375,-24,True,1131
SB4889,Skin haemorrhage,vascular wall and hemostatic integrity structure,vascular or tissue integrity breach with blood extravasation/accumulation,remaining_5256,1aaf9637dfa975137830ec278ae9ded4ec65beab5d92a0db5089a887ab994c8e,325,195,7,31,219,38,0.2546754407313143,0.36028751020751115,0.10561206947619683,0.10561206947619683,AWAY_FROM_REFERENCE,0.09538461538461539,MINOR,1,210,,,970e32d6ae6e44c3622d348a2ba6a3a95bbf311d37344ff5233ff9cad6e5e1a8,0.2546833556835216,0.18025409229697753,0.59375,-24,True,1132
SB4985,Spinal cord haemorrhage,vascular wall and hemostatic integrity structure,vascular or tissue integrity breach with blood extravasation/accumulation,remaining_5256,1aaf9637dfa975137830ec278ae9ded4ec65beab5d92a0db5089a887ab994c8e,325,195,7,31,219,38,0.2546754407313143,0.36028751020751115,0.10561206947619683,0.10561206947619683,AWAY_FROM_REFERENCE,0.09538461538461539,MINOR,1,210,,,67a01fc94a6d68fee5d036085665033e0a6a05aab5729ce5f99d6b66e1f9891a,0.2546833556835216,0.18025409229697753,0.59375,-24,True,1133
SB4989,Spinal epidural haematoma,vascular wall and hemostatic integrity structure,vascular or tissue integrity breach with blood extravasation/accumulation,remaining_5256,1aaf9637dfa975137830ec278ae9ded4ec65beab5d92a0db5089a887ab994c8e,325,195,7,31,219,38,0.2546754407313143,0.36028751020751115,0.10561206947619683,0.10561206947619683,AWAY_FROM_REFERENCE,0.09538461538461539,MINOR,1,210,,,a4349780a544a65796b6a88a9f9c146f634b032230e16541547a8b656efcc6ba,0.2546833556835216,0.18025409229697753,0.59375,-24,True,1134
SB4991,Spinal haematoma,vascular wall and hemostatic integrity structure,vascular or tissue integrity breach with blood extravasation/accumulation,remaining_5256,1aaf9637dfa975137830ec278ae9ded4ec65beab5d92a0db5089a887ab994c8e,325,195,7,31,219,38,0.2546754407313143,0.36028751020751115,0.10561206947619683,0.10561206947619683,AWAY_FROM_REFERENCE,0.09538461538461539,MINOR,1,210,,,96ceca09df55cd0db1441a625f67837b181c8bafc63a17cb68a372cb65e1eb8c,0.2546833556835216,0.18025409229697753,0.59375,-24,True,1135
SB5061,Subarachnoid haemorrhage,vascular wall and hemostatic integrity structure,vascular or tissue integrity breach with blood extravasation/accumulation,remaining_5256,1aaf9637dfa975137830ec278ae9ded4ec65beab5d92a0db5089a887ab994c8e,325,195,7,31,219,38,0.2546754407313143,0.36028751020751115,0.10561206947619683,0.10561206947619683,AWAY_FROM_REFERENCE,0.09538461538461539,MINOR,1,210,,,68aa7188123f3c10d6bfe6a193fc4ce4d8c1a3ada46dfd11d56f27a233f49fcb,0.2546833556835216,0.18025409229697753,0.59375,-24,True,1136
SB5065,Subcutaneous bleeding,vascular wall and hemostatic integrity structure,vascular or tissue integrity breach with blood extravasation/accumulation,remaining_5256,1aaf9637dfa975137830ec278ae9ded4ec65beab5d92a0db5089a887ab994c8e,325,195,7,31,219,38,0.2546754407313143,0.36028751020751115,0.10561206947619683,0.10561206947619683,AWAY_FROM_REFERENCE,0.09538461538461539,MINOR,1,210,,,e3214bcbe2e7240a164672024a0cc8103857386f5e98cc4e2b50e7222f655220,0.2546833556835216,0.18025409229697753,0.59375,-24,True,1137
SB5066,Subcutaneous haematoma,vascular wall and hemostatic integrity structure,vascular or tissue integrity breach with blood extravasation/accumulation,remaining_5256,1aaf9637dfa975137830ec278ae9ded4ec65beab5d92a0db5089a887ab994c8e,325,195,7,31,219,38,0.2546754407313143,0.36028751020751115,0.10561206947619683,0.10561206947619683,AWAY_FROM_REFERENCE,0.09538461538461539,MINOR,1,210,,,6cf8277467e96687adcf66a0fa9eaeaa755f522a5aaf73f829575c217ed25734,0.2546833556835216,0.18025409229697753,0.59375,-24,True,1138
SB5068,Subdural haematoma,vascular wall and hemostatic integrity structure,vascular or tissue integrity breach with blood extravasation/accumulation,remaining_5256,1aaf9637dfa975137830ec278ae9ded4ec65beab5d92a0db5089a887ab994c8e,325,195,7,31,219,38,0.2546754407313143,0.36028751020751115,0.10561206947619683,0.10561206947619683,AWAY_FROM_REFERENCE,0.09538461538461539,MINOR,1,210,,,9766e133235dfa67b5cd21f21ed746999afc42c7de4677628f3558a70f2a9a2e,0.2546833556835216,0.18025409229697753,0.59375,-24,True,1139
SB5326,Traumatic haematoma,vascular wall and hemostatic integrity structure,vascular or tissue integrity breach with blood extravasation/accumulation,remaining_5256,1aaf9637dfa975137830ec278ae9ded4ec65beab5d92a0db5089a887ab994c8e,325,195,7,31,219,38,0.2546754407313143,0.36028751020751115,0.10561206947619683,0.10561206947619683,AWAY_FROM_REFERENCE,0.09538461538461539,MINOR,1,210,,,767cfda66ffb3a891280092bc4fd02d01211eb5e49eff6064b9149ccd971e444,0.2546833556835216,0.18025409229697753,0.59375,-24,True,1140
SB5327,Traumatic haemorrhage,vascular wall and hemostatic integrity structure,vascular or tissue integrity breach with blood extravasation/accumulation,remaining_5256,1aaf9637dfa975137830ec278ae9ded4ec65beab5d92a0db5089a887ab994c8e,325,195,7,31,219,38,0.2546754407313143,0.36028751020751115,0.10561206947619683,0.10561206947619683,AWAY_FROM_REFERENCE,0.09538461538461539,MINOR,1,210,,,a01e8d2cdb2874fb09e46c1ba35793f4162f78735f1936fe612e49f8baf63c70,0.2546833556835216,0.18025409229697753,0.59375,-24,True,1141
SB5353,Tumour haemorrhage,vascular wall and hemostatic integrity structure,vascular or tissue integrity breach with blood extravasation/accumulation,remaining_5256,1aaf9637dfa975137830ec278ae9ded4ec65beab5d92a0db5089a887ab994c8e,325,195,7,31,219,38,0.2546754407313143,0.36028751020751115,0.10561206947619683,0.10561206947619683,AWAY_FROM_REFERENCE,0.09538461538461539,MINOR,1,210,,,5d01c6d3f46cff9601efe932a730655891785231b8aa65270c811324a39f51e5,0.2546833556835216,0.18025409229697753,0.59375,-24,True,1142
SB5371,Ulcer haemorrhage,vascular wall and hemostatic integrity structure,vascular or tissue integrity breach with blood extravasation/accumulation,remaining_5256,1aaf9637dfa975137830ec278ae9ded4ec65beab5d92a0db5089a887ab994c8e,325,195,7,31,219,38,0.2546754407313143,0.36028751020751115,0.10561206947619683,0.10561206947619683,AWAY_FROM_REFERENCE,0.09538461538461539,MINOR,1,210,,,490e6af9a1e7433050195774c74c6303844e2c127c63e1d8bbbe6a3020651dfe,0.2546833556835216,0.18025409229697753,0.59375,-24,True,1143
SB5398,Upper gastrointestinal haemorrhage,vascular wall and hemostatic integrity structure,vascular or tissue integrity breach with blood extravasation/accumulation,remaining_5256,1aaf9637dfa975137830ec278ae9ded4ec65beab5d92a0db5089a887ab994c8e,325,195,7,31,219,38,0.2546754407313143,0.36028751020751115,0.10561206947619683,0.10561206947619683,AWAY_FROM_REFERENCE,0.09538461538461539,MINOR,1,210,,,54879d4e028c3c4270d4f9a1604c06ad5a75e3e487b627006f736466ea602ad7,0.2546833556835216,0.18025409229697753,0.59375,-24,True,1144
SB5418,Urethral haemorrhage,vascular wall and hemostatic integrity structure,vascular or tissue integrity breach with blood extravasation/accumulation,remaining_5256,1aaf9637dfa975137830ec278ae9ded4ec65beab5d92a0db5089a887ab994c8e,325,195,7,31,219,38,0.2546754407313143,0.36028751020751115,0.10561206947619683,0.10561206947619683,AWAY_FROM_REFERENCE,0.09538461538461539,MINOR,1,210,,,4e252bdbaa9fadf239f0dea877e6f9f649d613c853a49a0557b1e6c8d46cefa7,0.2546833556835216,0.18025409229697753,0.59375,-24,True,1145
SB5457,Urogenital haemorrhage,vascular wall and hemostatic integrity structure,vascular or tissue integrity breach with blood extravasation/accumulation,remaining_5256,1aaf9637dfa975137830ec278ae9ded4ec65beab5d92a0db5089a887ab994c8e,325,195,7,31,219,38,0.2546754407313143,0.36028751020751115,0.10561206947619683,0.10561206947619683,AWAY_FROM_REFERENCE,0.09538461538461539,MINOR,1,210,,,743d5d0a5429976738e927d1eec1c9812c41a7fc58f95095c242b611ae75f0b9,0.2546833556835216,0.18025409229697753,0.59375,-24,True,1146
SB5563,Venipuncture site hemorrhage,vascular wall and hemostatic integrity structure,vascular or tissue integrity breach with blood extravasation/accumulation,remaining_5256,1aaf9637dfa975137830ec278ae9ded4ec65beab5d92a0db5089a887ab994c8e,325,195,7,31,219,38,0.2546754407313143,0.36028751020751115,0.10561206947619683,0.10561206947619683,AWAY_FROM_REFERENCE,0.09538461538461539,MINOR,1,210,,,bbced2fcd54ce7e98dd883f78ba14a52cfcf9e970e9d674771f0b8986c95f9ae,0.2546833556835216,0.18025409229697753,0.59375,-24,True,1147
SB5595,Vessel puncture site haematoma,vascular wall and hemostatic integrity structure,vascular or tissue integrity breach with blood extravasation/accumulation,remaining_5256,1aaf9637dfa975137830ec278ae9ded4ec65beab5d92a0db5089a887ab994c8e,325,195,7,31,219,38,0.2546754407313143,0.36028751020751115,0.10561206947619683,0.10561206947619683,AWAY_FROM_REFERENCE,0.09538461538461539,MINOR,1,210,,,0409d0a5fe8905ea9bfdca60fa7b5c94ceb03fdde7f167bf8791b5aa8ca79808,0.2546833556835216,0.18025409229697753,0.59375,-24,True,1148
SB5596,Vessel puncture site haemorrhage,vascular wall and hemostatic integrity structure,vascular or tissue integrity breach with blood extravasation/accumulation,remaining_5256,1aaf9637dfa975137830ec278ae9ded4ec65beab5d92a0db5089a887ab994c8e,325,195,7,31,219,38,0.2546754407313143,0.36028751020751115,0.10561206947619683,0.10561206947619683,AWAY_FROM_REFERENCE,0.09538461538461539,MINOR,1,210,,,142e65c5434f2a8def6fc2e18c0faa20928c5d4005c68362d0e432f83b4d5ebe,0.2546833556835216,0.18025409229697753,0.59375,-24,True,1149
SB5632,Vitreous haemorrhage,vascular wall and hemostatic integrity structure,vascular or tissue integrity breach with blood extravasation/accumulation,remaining_5256,1aaf9637dfa975137830ec278ae9ded4ec65beab5d92a0db5089a887ab994c8e,325,195,7,31,219,38,0.2546754407313143,0.36028751020751115,0.10561206947619683,0.10561206947619683,AWAY_FROM_REFERENCE,0.09538461538461539,MINOR,1,210,,,76ef8894bdf83935d887533dcd9e4725d740313241f7b7d41c2cbba3938eba97,0.2546833556835216,0.18025409229697753,0.59375,-24,True,1150
SB5712,Wound haemorrhage,vascular wall and hemostatic integrity structure,vascular or tissue integrity breach with blood extravasation/accumulation,remaining_5256,1aaf9637dfa975137830ec278ae9ded4ec65beab5d92a0db5089a887ab994c8e,325,195,7,31,219,38,0.2546754407313143,0.36028751020751115,0.10561206947619683,0.10561206947619683,AWAY_FROM_REFERENCE,0.09538461538461539,MINOR,1,210,,,9a910cc984df5cd8c4751b3f959a8c2449e16f9f01bc9af7b23d6631b45001aa,0.2546833556835216,0.18025409229697753,0.59375,-24,True,1151
SB1168,Circumoral paresthesia,peripheral sensory-nerve axonal conduction structure,abnormal sensory perception or sensory-transmission state,remaining_5256,184b1c8d7fe9795dd6f929d10dbd4536ceca77f0fa81b3ad27736aaa3c061918,6,5,1,0,4,1,0.20293161764056933,0.30124666759416363,0.0983150499535943,0.0983150499535943,AWAY_FROM_REFERENCE,0.0,INFORMATIONAL,0,223,,,474521224c3ee682f4d34feb5c50d0bcd313644c611550438902dceb3a258786,0.254609678822431,0.16987460832003787,0.640625,1,True,1152
SB2869,Injection site paraesthesia,peripheral sensory-nerve axonal conduction structure,abnormal sensory perception or sensory-transmission state,remaining_5256,184b1c8d7fe9795dd6f929d10dbd4536ceca77f0fa81b3ad27736aaa3c061918,6,5,1,0,4,1,0.20293161764056933,0.30124666759416363,0.0983150499535943,0.0983150499535943,AWAY_FROM_REFERENCE,0.0,INFORMATIONAL,0,223,,,c00f9cec3e21f269ddf4a305de382cfd5efeae1161bf827a6486c4f2f2bd5761,0.254609678822431,0.16987460832003787,0.640625,1,True,1153
SB3960,Paraesthesia,peripheral sensory-nerve axonal conduction structure,abnormal sensory perception or sensory-transmission state,remaining_5256,184b1c8d7fe9795dd6f929d10dbd4536ceca77f0fa81b3ad27736aaa3c061918,6,5,1,0,4,1,0.20293161764056933,0.30124666759416363,0.0983150499535943,0.0983150499535943,AWAY_FROM_REFERENCE,0.0,INFORMATIONAL,0,223,,,f8c43ce24b4b66ceb39014942f092630df0ad7b6e42aff8dc2c8412eeb43da53,0.254609678822431,0.16987460832003787,0.640625,1,True,1154
SB3961,Paraesthesia NEC,peripheral sensory-nerve axonal conduction structure,abnormal sensory perception or sensory-transmission state,remaining_5256,184b1c8d7fe9795dd6f929d10dbd4536ceca77f0fa81b3ad27736aaa3c061918,6,5,1,0,4,1,0.20293161764056933,0.30124666759416363,0.0983150499535943,0.0983150499535943,AWAY_FROM_REFERENCE,0.0,INFORMATIONAL,0,223,,,33866e9a33afd66f6acdadbb79b4e5fd6d44869d7467c05ea8ef29be286fe283,0.254609678822431,0.16987460832003787,0.640625,1,True,1155
SB3962,Paraesthesia foot,peripheral sensory-nerve axonal conduction structure,abnormal sensory perception or sensory-transmission state,remaining_5256,184b1c8d7fe9795dd6f929d10dbd4536ceca77f0fa81b3ad27736aaa3c061918,6,5,1,0,4,1,0.20293161764056933,0.30124666759416363,0.0983150499535943,0.0983150499535943,AWAY_FROM_REFERENCE,0.0,INFORMATIONAL,0,223,,,87a7a034c40a550f0bd13d676107e3e0957a1585c0f012d11f0061425b50afdc,0.254609678822431,0.16987460832003787,0.640625,1,True,1156
SB3963,Paraesthesia hand,peripheral sensory-nerve axonal conduction structure,abnormal sensory perception or sensory-transmission state,remaining_5256,184b1c8d7fe9795dd6f929d10dbd4536ceca77f0fa81b3ad27736aaa3c061918,6,5,1,0,4,1,0.20293161764056933,0.30124666759416363,0.0983150499535943,0.0983150499535943,AWAY_FROM_REFERENCE,0.0,INFORMATIONAL,0,223,,,d33617e1a7d88cb51f338cc8826fef24465add759ab280ea20a698748debe686,0.254609678822431,0.16987460832003787,0.640625,1,True,1157
SB3964,Paraesthesia oral,peripheral sensory-nerve axonal conduction structure,abnormal sensory perception or sensory-transmission state,remaining_5256,184b1c8d7fe9795dd6f929d10dbd4536ceca77f0fa81b3ad27736aaa3c061918,6,5,1,0,4,1,0.20293161764056933,0.30124666759416363,0.0983150499535943,0.0983150499535943,AWAY_FROM_REFERENCE,0.0,INFORMATIONAL,0,223,,,5abbdaaf2a74db1035473c2c67b21f966972c6d1d894d79bbf0f61c7b86d3efc,0.254609678822431,0.16987460832003787,0.640625,1,True,1158
SB3965,Paraesthesia skin,peripheral sensory-nerve axonal conduction structure,abnormal sensory perception or sensory-transmission state,remaining_5256,184b1c8d7fe9795dd6f929d10dbd4536ceca77f0fa81b3ad27736aaa3c061918,6,5,1,0,4,1,0.20293161764056933,0.30124666759416363,0.0983150499535943,0.0983150499535943,AWAY_FROM_REFERENCE,0.0,INFORMATIONAL,0,223,,,bb9cd9cd3c2f9de56fcc7e257ac0e4156ca2b341edc1722b7f1acb0e5d9c4f00,0.254609678822431,0.16987460832003787,0.640625,1,True,1159
SB3983,Paresthesia generalized,peripheral sensory-nerve axonal conduction structure,abnormal sensory perception or sensory-transmission state,remaining_5256,184b1c8d7fe9795dd6f929d10dbd4536ceca77f0fa81b3ad27736aaa3c061918,6,5,1,0,4,1,0.20293161764056933,0.30124666759416363,0.0983150499535943,0.0983150499535943,AWAY_FROM_REFERENCE,0.0,INFORMATIONAL,0,223,,,127bb871b112a330c8fa74100cfdda438a8089ef0dadb3bb2de9578e6d9335b8,0.254609678822431,0.16987460832003787,0.640625,1,True,1160
SB3984,Paresthesia lips,peripheral sensory-nerve axonal conduction structure,abnormal sensory perception or sensory-transmission state,remaining_5256,184b1c8d7fe9795dd6f929d10dbd4536ceca77f0fa81b3ad27736aaa3c061918,6,5,1,0,4,1,0.20293161764056933,0.30124666759416363,0.0983150499535943,0.0983150499535943,AWAY_FROM_REFERENCE,0.0,INFORMATIONAL,0,223,,,b67501af5a6d4361526481ca7274ec9e808a2c0f453edb42a4e840a48831e2a7,0.254609678822431,0.16987460832003787,0.640625,1,True,1161
SB3985,Paresthesia of fingers,peripheral sensory-nerve axonal conduction structure,abnormal sensory perception or sensory-transmission state,remaining_5256,184b1c8d7fe9795dd6f929d10dbd4536ceca77f0fa81b3ad27736aaa3c061918,6,5,1,0,4,1,0.20293161764056933,0.30124666759416363,0.0983150499535943,0.0983150499535943,AWAY_FROM_REFERENCE,0.0,INFORMATIONAL,0,223,,,6c647188018e8347776a2c85c59c172a9d8b4827346a9f4e226655beee84b054,0.254609678822431,0.16987460832003787,0.640625,1,True,1162
SB3986,Paresthesia of limbs,peripheral sensory-nerve axonal conduction structure,abnormal sensory perception or sensory-transmission state,remaining_5256,184b1c8d7fe9795dd6f929d10dbd4536ceca77f0fa81b3ad27736aaa3c061918,6,5,1,0,4,1,0.20293161764056933,0.30124666759416363,0.0983150499535943,0.0983150499535943,AWAY_FROM_REFERENCE,0.0,INFORMATIONAL,0,223,,,e9746120d6226027425ec8139a64db110668dc156e2a18b1e441ec65ed2fe9a5,0.254609678822431,0.16987460832003787,0.640625,1,True,1163
SB3987,Paresthesia of scalp,peripheral sensory-nerve axonal conduction structure,abnormal sensory perception or sensory-transmission state,remaining_5256,184b1c8d7fe9795dd6f929d10dbd4536ceca77f0fa81b3ad27736aaa3c061918,6,5,1,0,4,1,0.20293161764056933,0.30124666759416363,0.0983150499535943,0.0983150499535943,AWAY_FROM_REFERENCE,0.0,INFORMATIONAL,0,223,,,b33f8375bc4f738ad3ff8fc88b894c20a2fdb1c4ba0b2c3ba5565d80428d4481,0.254609678822431,0.16987460832003787,0.640625,1,True,1164
SB4064,Perioral paraesthesia,peripheral sensory-nerve axonal conduction structure,abnormal sensory perception or sensory-transmission state,remaining_5256,184b1c8d7fe9795dd6f929d10dbd4536ceca77f0fa81b3ad27736aaa3c061918,6,5,1,0,4,1,0.20293161764056933,0.30124666759416363,0.0983150499535943,0.0983150499535943,AWAY_FROM_REFERENCE,0.0,INFORMATIONAL,0,223,,,5c2a5da08f873267d3372723a124f62861a83fb8b3192c16b4ef950e9b3de794,0.254609678822431,0.16987460832003787,0.640625,1,True,1165
SB0041,Abnormal ejaculation,male reproductive autonomic ejaculatory structure,departure from the reference structural configuration or regulated functional range,established_478,c9142dda484140c4e527dae1ad7832cf364ca930790684ff3a3d004225ad3e86,1378,575,69,88,594,157,0.17758467016919344,0.2548346758324196,0.07725000566322615,0.07725000566322615,AWAY_FROM_REFERENCE,0.06386066763425254,MINOR,1,223,,,371cd6e2ab4e9c8699c0ea17dd89f1dbc7f1e2c73bb8c88d8f0eb6fa053fd320,0.2545717452338962,0.17840304296816611,0.6015625,-19,True,1166
SB4597,Renal mass,renal glomerular-tubular filtration and fluid-balance structure,localized tissue overgrowth or mass formation with altered normal architecture,remaining_5256,1210c8fe8f99f47db08053dee9b6f299e364622cf8e81790d4fc8468a8e7e3e0,91,33,10,4,27,14,0.14627741300896324,0.2597686178685683,0.11349120485960507,0.11349120485960507,AWAY_FROM_REFERENCE,0.04395604395604396,MINOR,1,231,,,ebd51a0a3d1f5ed41cd3e7d58ff6b77e223b133ec618a4fe657bf4875fae6656,0.25455951987675735,0.18867776814238701,0.5546875,6,True,1167
SB0306,Angiodermatitis,cutaneous microvascular and dermal structure,"localized inflammatory activation with cellular infiltration, vascular change, and tissue-function perturbation",established_478,7804e519170a64723fe9b9d37c69953ddd3d469484c5e1f262052a44ae06596d,435,240,26,37,251,63,0.22516652011054228,0.3367314227751337,0.1115649026645914,0.1115649026645914,AWAY_FROM_REFERENCE,0.08505747126436781,MINOR,1,199,,,bf31726299e24fdd3c5eef836d794576950b1c357b1ee2f77fc7502268fa1284,0.2545190845096772,0.18519857867033807,0.5703125,-11,True,1168
SB5539,Vascular resistance pulmonary increased,"pulmonary airway-alveolar, pleural, and gas-exchange structure",measured or functional quantity shifted above its reference structural range,remaining_5256,6d50eb8f9e639db1275ffc905218c9f73549bf20a20b19d5fd81ba33c3901626,36,15,0,1,16,1,0.19683213403895017,0.28635597235184407,0.0895238383128939,0.0895238383128939,AWAY_FROM_REFERENCE,0.027777777777777776,MINOR,1,231,,,a4888f5893b0ffebb3bba65bcab56ffa8197f7f51f1dea7a88d1e2d11bab41f6,0.2545080900736287,0.18690010984588867,0.5625,-1,True,1169
SB0159,Acute uveitis,uveal tract immune-inflammatory structure,"localized inflammatory activation with cellular infiltration, vascular change, and tissue-function perturbation",established_478,d2fd5c2f4086f8abf0bb351ca5c940391ff330b27b18bb0a09214a9e9a358b3e,1770,791,171,127,747,298,0.25099606114536743,0.3462967606841487,0.09530069953878129,0.09530069953878129,AWAY_FROM_REFERENCE,0.07175141242937853,MINOR,1,24,,,68891b86a454843a5d68372d543cb2e5d08025b5870a2b448327f428d9d4f941,0.25442543156138875,0.18165448970901066,0.5859375,44,True,1170
SB0341,Anterior uveitis,uveal tract immune-inflammatory structure,"localized inflammatory activation with cellular infiltration, vascular change, and tissue-function perturbation",established_478,d2fd5c2f4086f8abf0bb351ca5c940391ff330b27b18bb0a09214a9e9a358b3e,1770,791,171,127,747,298,0.25099606114536743,0.3462967606841487,0.09530069953878129,0.09530069953878129,AWAY_FROM_REFERENCE,0.07175141242937853,MINOR,1,24,,,d4704fe5bd14985546342b8a1625155b250c4eb6eef82fd4c1eeec13e1aa03cc,0.25442543156138875,0.18165448970901066,0.5859375,44,True,1171
SB4190,Pleural effusion,"pleural membrane, pleural-space, and thoracic mechanical structure","excess fluid accumulation within interstitial, tissue, or cavity compartments",remaining_5256,5f42a79c876b975a5491ccee8a090d4ae95abce17d391e84e6a4ae1ed48952b9,36,22,2,1,21,3,0.18712029116293916,0.3003663233801275,0.11324603221718832,0.11324603221718832,AWAY_FROM_REFERENCE,0.027777777777777776,MINOR,1,197,,,de694a03576f6b5c2bf9c320c764b462b4c57f0c3dbeff67267f84a821f24fc4,0.2543913385346538,0.1781830347983583,0.6015625,1,True,1172
SB2425,Hearing impaired,cochlear-mechanical and auditory-neural transduction structure,reduced ability of the named structure/process to complete its normal regulated operation,remaining_5256,4e7e78eb46f81e794491fa0d490c2e3a104b3c9c6ba471387316cedad02575ac,276,95,18,22,99,40,0.15234219400823346,0.27171963729610993,0.11937744328787647,0.11937744328787647,AWAY_FROM_REFERENCE,0.07971014492753623,MINOR,1,230,,,37330f83dc0abc8846c6fe92bc84eaf094f3561a9fb83a3f227f607267aae928,0.25434509042815956,0.17812663466848733,0.6015625,-4,True,1173
SB0708,Blood immunoglobulin G decreased,"circulating leukocyte production, distribution, and effector-cell structure",measured or functional quantity shifted below its reference structural range,remaining_5256,5aad8e4e8783036ea18405d86514fa9a0b474556f53ee7a88f44636862b1ace0,1830,528,112,270,686,382,0.1326416682896474,0.23054163370312586,0.09789996541347845,0.09789996541347845,AWAY_FROM_REFERENCE,0.14754098360655737,MINOR,1,231,,,b500ce2eeb0f7aedb5cd84f34dab1b91bf0695af88b87e21aad582ffa295a44f,0.2542884110797563,0.1814873915606784,0.5859375,-158,True,1174
SB0720,Blood neutrophil count decreased,"circulating leukocyte production, distribution, and effector-cell structure",measured or functional quantity shifted below its reference structural range,remaining_5256,5aad8e4e8783036ea18405d86514fa9a0b474556f53ee7a88f44636862b1ace0,1830,528,112,270,686,382,0.1326416682896474,0.23054163370312586,0.09789996541347845,0.09789996541347845,AWAY_FROM_REFERENCE,0.14754098360655737,MINOR,1,231,,,fc7aaa1468d3f8b65acad05df28a86a0f978e2f6a6196129653a207653865700,0.2542884110797563,0.1814873915606784,0.5859375,-158,True,1175
SB0905,CD4 lymphocytes decreased,"circulating leukocyte production, distribution, and effector-cell structure",measured or functional quantity shifted below its reference structural range,remaining_5256,5aad8e4e8783036ea18405d86514fa9a0b474556f53ee7a88f44636862b1ace0,1830,528,112,270,686,382,0.1326416682896474,0.23054163370312586,0.09789996541347845,0.09789996541347845,AWAY_FROM_REFERENCE,0.14754098360655737,MINOR,1,231,,,b452a02e5021d799be780b97581d976d58da4f6ccdbbc7679bd60a87b35a2ebc,0.2542884110797563,0.1814873915606784,0.5859375,-158,True,1176
SB2158,Gammaglobulins decreased,"circulating leukocyte production, distribution, and effector-cell structure",measured or functional quantity shifted below its reference structural range,remaining_5256,5aad8e4e8783036ea18405d86514fa9a0b474556f53ee7a88f44636862b1ace0,1830,528,112,270,686,382,0.1326416682896474,0.23054163370312586,0.09789996541347845,0.09789996541347845,AWAY_FROM_REFERENCE,0.14754098360655737,MINOR,1,231,,,a0fcc8a6a831fd17610169c3c44bd2f8afb9407562176c7d517aa750fa1cc530,0.2542884110797563,0.1814873915606784,0.5859375,-158,True,1177
SB2744,Immunoglobulin G low,"circulating leukocyte production, distribution, and effector-cell structure",measured or functional quantity shifted below its reference structural range,remaining_5256,5aad8e4e8783036ea18405d86514fa9a0b474556f53ee7a88f44636862b1ace0,1830,528,112,270,686,382,0.1326416682896474,0.23054163370312586,0.09789996541347845,0.09789996541347845,AWAY_FROM_REFERENCE,0.14754098360655737,MINOR,1,231,,,0a0875b07fd864b4ccd7d246e9894c0fec453d645290c201b7ee02253e817afc,0.2542884110797563,0.1814873915606784,0.5859375,-158,True,1178
SB2745,Immunoglobulins decreased,"circulating leukocyte production, distribution, and effector-cell structure",measured or functional quantity shifted below its reference structural range,remaining_5256,5aad8e4e8783036ea18405d86514fa9a0b474556f53ee7a88f44636862b1ace0,1830,528,112,270,686,382,0.1326416682896474,0.23054163370312586,0.09789996541347845,0.09789996541347845,AWAY_FROM_REFERENCE,0.14754098360655737,MINOR,1,231,,,295eb04bec867f5fee5f0fc42ffee03eb5287e71cad04b452af908c816267789,0.2542884110797563,0.1814873915606784,0.5859375,-158,True,1179
SB3216,Lymphocyte count decreased,"circulating leukocyte production, distribution, and effector-cell structure",measured or functional quantity shifted below its reference structural range,remaining_5256,5aad8e4e8783036ea18405d86514fa9a0b474556f53ee7a88f44636862b1ace0,1830,528,112,270,686,382,0.1326416682896474,0.23054163370312586,0.09789996541347845,0.09789996541347845,AWAY_FROM_REFERENCE,0.14754098360655737,MINOR,1,231,,,705634d7e97c0c761bfea82fe7918af65be40011123adce4ff77380c424bb93d,0.2542884110797563,0.1814873915606784,0.5859375,-158,True,1180
SB3390,Monocyte count decreased,"circulating leukocyte production, distribution, and effector-cell structure",measured or functional quantity shifted below its reference structural range,remaining_5256,5aad8e4e8783036ea18405d86514fa9a0b474556f53ee7a88f44636862b1ace0,1830,528,112,270,686,382,0.1326416682896474,0.23054163370312586,0.09789996541347845,0.09789996541347845,AWAY_FROM_REFERENCE,0.14754098360655737,MINOR,1,231,,,d6c6e0ef2e93cd1f22fd6e00b06fc6304d2115aed8764a33b61c9eb16e2483a0,0.2542884110797563,0.1814873915606784,0.5859375,-158,True,1181
SB3647,Neutrophil count decreased,"circulating leukocyte production, distribution, and effector-cell structure",measured or functional quantity shifted below its reference structural range,remaining_5256,5aad8e4e8783036ea18405d86514fa9a0b474556f53ee7a88f44636862b1ace0,1830,528,112,270,686,382,0.1326416682896474,0.23054163370312586,0.09789996541347845,0.09789996541347845,AWAY_FROM_REFERENCE,0.14754098360655737,MINOR,1,231,,,dfc09d37d7fee7e9489b27dad38f0b0282ecc5674a360fb907a692f90345ed62,0.2542884110797563,0.1814873915606784,0.5859375,-158,True,1182
SB5692,White blood cell count decreased,"circulating leukocyte production, distribution, and effector-cell structure",measured or functional quantity shifted below its reference structural range,remaining_5256,5aad8e4e8783036ea18405d86514fa9a0b474556f53ee7a88f44636862b1ace0,1830,528,112,270,686,382,0.1326416682896474,0.23054163370312586,0.09789996541347845,0.09789996541347845,AWAY_FROM_REFERENCE,0.14754098360655737,MINOR,1,231,,,880913eadf2b151043fc8c8af164de372f71e3c7b268f8c5163823839073cba4,0.2542884110797563,0.1814873915606784,0.5859375,-158,True,1183
SB5694,White blood cell count low,"circulating leukocyte production, distribution, and effector-cell structure",measured or functional quantity shifted below its reference structural range,remaining_5256,5aad8e4e8783036ea18405d86514fa9a0b474556f53ee7a88f44636862b1ace0,1830,528,112,270,686,382,0.1326416682896474,0.23054163370312586,0.09789996541347845,0.09789996541347845,AWAY_FROM_REFERENCE,0.14754098360655737,MINOR,1,231,,,c0272f408151bfe59f232357dfef4ff74587139d5b11f32452ca4d8c6ebc9cc3,0.2542884110797563,0.1814873915606784,0.5859375,-158,True,1184
SB0815,Breast abscess,"mammary gland ductal-lobular, secretory, and surface structure",localized inflammatory cavity with tissue breakdown and accumulated cellular/fluid contents,remaining_5256,0286c1fd3b74948f0a4cb433a0b41296fbcc0dd07293e1307f7ca97ec1159a6a,231,110,11,38,137,49,0.1712695731227467,0.29312316625689117,0.12185359313414446,0.12185359313414446,AWAY_FROM_REFERENCE,0.1645021645021645,MINOR,1,223,,,0ad9a27d5f8ac2a4c99f53dacde38bb68cf47ed1ea072aefda6672673994da46,0.25421477268633386,0.17968264961748037,0.59375,-27,True,1185
SB0968,Cardio-respiratory arrest,"pulmonary airway-alveolar, pleural, and gas-exchange structure",collapse of integrated vital-function continuity and sustained organism-level state,remaining_5256,79e3c904a7f318947580dca018dc986acdfe108e5a9abea705e4d1bf6415f54c,36,18,1,1,18,2,0.20126190383668008,0.2893400284460861,0.088078124609406,0.088078124609406,AWAY_FROM_REFERENCE,0.027777777777777776,MINOR,1,231,,,fbb04721466b81b8890165c00f3448ce6ad1f26d670050b494ea5da5c759e447,0.25420760023471406,0.17452908565209035,0.6171875,0,True,1186
SB4618,Respiratory arrest,"pulmonary airway-alveolar, pleural, and gas-exchange structure",collapse of integrated vital-function continuity and sustained organism-level state,remaining_5256,79e3c904a7f318947580dca018dc986acdfe108e5a9abea705e4d1bf6415f54c,36,18,1,1,18,2,0.20126190383668008,0.2893400284460861,0.088078124609406,0.088078124609406,AWAY_FROM_REFERENCE,0.027777777777777776,MINOR,1,231,,,6ed7449aa5ad2976277b79c725ef69458ad138845e1df5df05236afe64024e9d,0.25420760023471406,0.17452908565209035,0.6171875,0,True,1187
SB0371,Aortic embolus,aortic arterial-lumen thromboembolic flow structure,mobile intravascular obstruction with downstream perfusion loss,established_478,c5f686ffadd8b23cb0a686576348588b2e60aa04eb6c35ec67feb6b58eb2208d,6,1,1,1,1,2,0.2125563939805779,0.2885140951440528,0.07595770116347489,0.07595770116347489,AWAY_FROM_REFERENCE,0.16666666666666666,MINOR,1,231,,,d7595343cf5f489ddf3766c0fe150886f33af82a87e0895c5259342ebb7e70e4,0.2542000712245872,0.1728049649080332,0.625,0,True,1188
SB1839,Eosinophilic myocarditis,myocardial cellular viability and tissue-integrity structure,"localized inflammatory activation with cellular infiltration, vascular change, and tissue-function perturbation",remaining_5256,181bd0a576fe0d03b8ca2877a76976a17ffc375bd5ce13925f5b2dc4d4d9d254,21,11,4,3,10,7,0.14331245939864323,0.22530746215770836,0.08199500275906513,0.08199500275906513,AWAY_FROM_REFERENCE,0.14285714285714285,MINOR,1,231,,,c510983cc4d52f2d23916cd9323a3e669d8a7d0ec9cd8f4a5cab3f372eabe173,0.2541364451096448,0.18816182330444486,0.5546875,1,True,1189
SB3503,Myocarditis,myocardial cellular viability and tissue-integrity structure,"localized inflammatory activation with cellular infiltration, vascular change, and tissue-function perturbation",remaining_5256,181bd0a576fe0d03b8ca2877a76976a17ffc375bd5ce13925f5b2dc4d4d9d254,21,11,4,3,10,7,0.14331245939864323,0.22530746215770836,0.08199500275906513,0.08199500275906513,AWAY_FROM_REFERENCE,0.14285714285714285,MINOR,1,231,,,4d0e15f7b548716e4b1f45d66b756d87ddd1777f733234db4e32c8d1144e9011,0.2541364451096448,0.18816182330444486,0.5546875,1,True,1190
SB3512,Myopericarditis,myocardial cellular viability and tissue-integrity structure,"localized inflammatory activation with cellular infiltration, vascular change, and tissue-function perturbation",remaining_5256,181bd0a576fe0d03b8ca2877a76976a17ffc375bd5ce13925f5b2dc4d4d9d254,21,11,4,3,10,7,0.14331245939864323,0.22530746215770836,0.08199500275906513,0.08199500275906513,AWAY_FROM_REFERENCE,0.14285714285714285,MINOR,1,231,,,746f6a618e5e58a970eda85e649ca78501b77b710952d115a8181f4a478a5295,0.2541364451096448,0.18816182330444486,0.5546875,1,True,1191
SB2309,Glycosylated haemoglobin increased,"erythrocyte production, integrity, and oxygen-transport structure",measured or functional quantity shifted above its reference structural range,remaining_5256,b29ada00212d1b3ccb52b50f3558ecb0125f8dc39a90cb09aba2b90e3898b01c,15,10,1,2,11,3,0.15363798164308662,0.28200891258230076,0.12837093093921415,0.12837093093921415,AWAY_FROM_REFERENCE,0.13333333333333333,MINOR,1,174,,,0d5b99a58d61ec4d4f1eb0e0292187f1ea88d39eee432749eced923b9a760d96,0.25404942732779645,0.1743361918631664,0.6171875,-1,True,1192
SB2356,Haematocrit increased,"erythrocyte production, integrity, and oxygen-transport structure",measured or functional quantity shifted above its reference structural range,remaining_5256,b29ada00212d1b3ccb52b50f3558ecb0125f8dc39a90cb09aba2b90e3898b01c,15,10,1,2,11,3,0.15363798164308662,0.28200891258230076,0.12837093093921415,0.12837093093921415,AWAY_FROM_REFERENCE,0.13333333333333333,MINOR,1,174,,,16a2cb80185f1d1c8d48d5c5fc858a6fb21dcf86f63b679e7b1b59e7cccd3f5b,0.25404942732779645,0.1743361918631664,0.6171875,-1,True,1193
SB2369,Haemoglobin increased,"erythrocyte production, integrity, and oxygen-transport structure",measured or functional quantity shifted above its reference structural range,remaining_5256,b29ada00212d1b3ccb52b50f3558ecb0125f8dc39a90cb09aba2b90e3898b01c,15,10,1,2,11,3,0.15363798164308662,0.28200891258230076,0.12837093093921415,0.12837093093921415,AWAY_FROM_REFERENCE,0.13333333333333333,MINOR,1,174,,,0c32980ea6e4bf7d0a39b352e32f33fa369fe52680550299c51e9d5a35f1ce8c,0.25404942732779645,0.1743361918631664,0.6171875,-1,True,1194
SB4551,Red blood cell count increased,"erythrocyte production, integrity, and oxygen-transport structure",measured or functional quantity shifted above its reference structural range,remaining_5256,b29ada00212d1b3ccb52b50f3558ecb0125f8dc39a90cb09aba2b90e3898b01c,15,10,1,2,11,3,0.15363798164308662,0.28200891258230076,0.12837093093921415,0.12837093093921415,AWAY_FROM_REFERENCE,0.13333333333333333,MINOR,1,174,,,02d4aceda807126edce7b3d094c186f72615759eff0352affd0140d7f3a78f64,0.25404942732779645,0.1743361918631664,0.6171875,-1,True,1195
SB4552,Red blood cell sedimentation rate increased,"erythrocyte production, integrity, and oxygen-transport structure",measured or functional quantity shifted above its reference structural range,remaining_5256,b29ada00212d1b3ccb52b50f3558ecb0125f8dc39a90cb09aba2b90e3898b01c,15,10,1,2,11,3,0.15363798164308662,0.28200891258230076,0.12837093093921415,0.12837093093921415,AWAY_FROM_REFERENCE,0.13333333333333333,MINOR,1,174,,,bd2add69b47cc02360e3402c46c9e6bb3715437f9c220155f9e8d16f8ef93d49,0.25404942732779645,0.1743361918631664,0.6171875,-1,True,1196
SB1822,Enteritis,"intestinal mucosal barrier, smooth-muscle motility, and luminal transport structure","localized inflammatory activation with cellular infiltration, vascular change, and tissue-function perturbation",remaining_5256,6cf87b00ac98cd17ad334b7ae90d5ec10dca790109d7514acc905c902fc2cb7d,276,71,25,40,86,65,0.12693444995724656,0.23763889249952586,0.11070444254227929,0.11070444254227929,AWAY_FROM_REFERENCE,0.14492753623188406,MINOR,1,231,,,70525b2b628160ca54d1ef93b64854120dc0a93a9b9250503524bf858770df1b,0.2539494705974654,0.18107404950910422,0.5859375,-15,True,1197
SB2188,Gastroenteritis,"intestinal mucosal barrier, smooth-muscle motility, and luminal transport structure","localized inflammatory activation with cellular infiltration, vascular change, and tissue-function perturbation",remaining_5256,6cf87b00ac98cd17ad334b7ae90d5ec10dca790109d7514acc905c902fc2cb7d,276,71,25,40,86,65,0.12693444995724656,0.23763889249952586,0.11070444254227929,0.11070444254227929,AWAY_FROM_REFERENCE,0.14492753623188406,MINOR,1,231,,,23643d5871b98a3729719c4d23036fd1565b5ad6133563a99c1f9a17c7cfe6cd,0.2539494705974654,0.18107404950910422,0.5859375,-15,True,1198
SB2189,Gastroenteritis adenovirus,"intestinal mucosal barrier, smooth-muscle motility, and luminal transport structure","localized inflammatory activation with cellular infiltration, vascular change, and tissue-function perturbation",remaining_5256,6cf87b00ac98cd17ad334b7ae90d5ec10dca790109d7514acc905c902fc2cb7d,276,71,25,40,86,65,0.12693444995724656,0.23763889249952586,0.11070444254227929,0.11070444254227929,AWAY_FROM_REFERENCE,0.14492753623188406,MINOR,1,231,,,1f8a85a86d2a37c20c748119005d872fce19793e9cdee96d5c971755034f5ad6,0.2539494705974654,0.18107404950910422,0.5859375,-15,True,1199
SB2191,Gastroenteritis yersinia,"intestinal mucosal barrier, smooth-muscle motility, and luminal transport structure","localized inflammatory activation with cellular infiltration, vascular change, and tissue-function perturbation",remaining_5256,6cf87b00ac98cd17ad334b7ae90d5ec10dca790109d7514acc905c902fc2cb7d,276,71,25,40,86,65,0.12693444995724656,0.23763889249952586,0.11070444254227929,0.11070444254227929,AWAY_FROM_REFERENCE,0.14492753623188406,MINOR,1,231,,,ed40649bbbcbdcdcfb3601d6d591010ea83c70f3e8e98ea45d83b84ba2bf5029,0.2539494705974654,0.18107404950910422,0.5859375,-15,True,1200
SB1444,Defaecation urgency,"intestinal mucosal barrier, smooth-muscle motility, and luminal transport structure",abnormally rapid/high-intensity rectal evacuation drive with reduced storage tolerance,remaining_5256,760e4987c2fcd385c42128ff3d57e2e4be166e1808038ca2488334fd9ad45528,276,89,23,35,101,58,0.11220798514194563,0.23443737843101076,0.12222939328906512,0.12222939328906512,AWAY_FROM_REFERENCE,0.12681159420289856,MINOR,1,231,,,9a5c00142d90363416098d8765ad541c58d38af81527bdc6d872c071db456b38,0.25386428675766376,0.1861149838508095,0.5625,-12,True,1201
SB0163,Adenitis,lymph-node inflammatory and immune-cell structure,"localized inflammatory activation with cellular infiltration, vascular change, and tissue-function perturbation",established_478,12043e17637c4b7ae3425086a27745b92f0dbd5721b71f974f925fd5478e8b0e,1128,509,56,121,574,177,0.20570764237565198,0.31478810115159916,0.10908045877594719,0.10908045877594719,AWAY_FROM_REFERENCE,0.10726950354609929,MINOR,1,222,,,2f22097778134c2a0ab079a86836f72e805b54182ada9d6c9ce6566da9ccba5e,0.2536154318160409,0.17723680709273282,0.6015625,-65,True,1202
SB3366,Micturition disorder,"urethral lumen, mucosal, sphincter, and urine-flow structure",departure from the reference structural configuration or regulated functional range,remaining_5256,9f47ed7037bfee703efbfc866f53e7fd1d56e11d70fd841ce9f2711f425b5b31,465,134,24,59,169,83,0.16346308945356658,0.25462241517011464,0.09115932571654806,0.09115932571654806,AWAY_FROM_REFERENCE,0.12688172043010754,MINOR,1,231,,,9f8d4e180b29fb5e9b61748a781ef571f2f8842cff35b7a3c36cd5ba6180d44a,0.25358579062940545,0.17720065930415296,0.6015625,-35,True,1203
SB5417,Urethral disorder,"urethral lumen, mucosal, sphincter, and urine-flow structure",departure from the reference structural configuration or regulated functional range,remaining_5256,9f47ed7037bfee703efbfc866f53e7fd1d56e11d70fd841ce9f2711f425b5b31,465,134,24,59,169,83,0.16346308945356658,0.25462241517011464,0.09115932571654806,0.09115932571654806,AWAY_FROM_REFERENCE,0.12688172043010754,MINOR,1,231,,,c2b7a738f11c345967b5a6509c1a9a465db0aa541a07fc1488d554378b6a0bcc,0.25358579062940545,0.17720065930415296,0.6015625,-35,True,1204
SB0053,Abortion,uteroplacental attachment and gestational-maintenance structure,termination or loss of the gestational state before completion of normal fetal development,established_478,aa88774072e474509222131bd1777f9cb29650dc674e3d613138393bd7d8f0ba,28,9,2,0,7,2,0.16480364548023174,0.2818212054771816,0.11701755999694985,0.11701755999694985,AWAY_FROM_REFERENCE,0.0,INFORMATIONAL,0,230,,,7b8e80c35b6a8fe209b6dafbe0af0b273837ef166af83dcaceab4d73e1a013ca,0.25329650082386523,0.17684786685837228,0.6015625,2,True,1205
SB0054,Abortion incomplete,uteroplacental attachment and gestational-maintenance structure,termination or loss of the gestational state before completion of normal fetal development,established_478,aa88774072e474509222131bd1777f9cb29650dc674e3d613138393bd7d8f0ba,28,9,2,0,7,2,0.16480364548023174,0.2818212054771816,0.11701755999694985,0.11701755999694985,AWAY_FROM_REFERENCE,0.0,INFORMATIONAL,0,230,,,6d3e30f0dfbbb9f4b2e0cabc4fa994ee81d8f0b9a45b39166a4fcb08f04ece39,0.25329650082386523,0.17684786685837228,0.6015625,2,True,1206
SB0055,Abortion infected,uteroplacental attachment and gestational-maintenance structure,termination or loss of the gestational state before completion of normal fetal development,established_478,aa88774072e474509222131bd1777f9cb29650dc674e3d613138393bd7d8f0ba,28,9,2,0,7,2,0.16480364548023174,0.2818212054771816,0.11701755999694985,0.11701755999694985,AWAY_FROM_REFERENCE,0.0,INFORMATIONAL,0,230,,,58825050ae0c38f5348e68718c43dec7a72235686349d36cc2561f1f944a46bd,0.25329650082386523,0.17684786685837228,0.6015625,2,True,1207
SB0056,Abortion missed,uteroplacental attachment and gestational-maintenance structure,termination or loss of the gestational state before completion of normal fetal development,established_478,aa88774072e474509222131bd1777f9cb29650dc674e3d613138393bd7d8f0ba,28,9,2,0,7,2,0.16480364548023174,0.2818212054771816,0.11701755999694985,0.11701755999694985,AWAY_FROM_REFERENCE,0.0,INFORMATIONAL,0,230,,,8441417bfd97a4adc7f36f32bdfff067035dc68b73fe262a81001b78cfc93c69,0.25329650082386523,0.17684786685837228,0.6015625,2,True,1208
SB0057,Abortion spontaneous,uteroplacental attachment and gestational-maintenance structure,termination or loss of the gestational state before completion of normal fetal development,established_478,aa88774072e474509222131bd1777f9cb29650dc674e3d613138393bd7d8f0ba,28,9,2,0,7,2,0.16480364548023174,0.2818212054771816,0.11701755999694985,0.11701755999694985,AWAY_FROM_REFERENCE,0.0,INFORMATIONAL,0,230,,,e849af19126ba76ba092d8c77b6951fde87138ffd64161af6efb25e1665c5c0e,0.25329650082386523,0.17684786685837228,0.6015625,2,True,1209
SB1412,Cytomegalovirus gastritis,"gastric mucosal barrier, secretory state, motility, and emptying structure","localized inflammatory activation with cellular infiltration, vascular change, and tissue-function perturbation",remaining_5256,c21b4534184a965b34c5ad03ae80b507727593c6af7c1cfb9619f2ab7295a46b,1653,662,111,110,661,221,0.15523817767296344,0.272230077233759,0.11699189956079559,0.11699189956079559,AWAY_FROM_REFERENCE,0.06654567453115548,MINOR,1,98,,,80da2c05ef3dab52418902879af23df3799dd0bd080589372afbb40913e5a8ba,0.25301797099910545,0.18165301341354323,0.578125,1,True,1210
SB2182,Gastritis,"gastric mucosal barrier, secretory state, motility, and emptying structure","localized inflammatory activation with cellular infiltration, vascular change, and tissue-function perturbation",remaining_5256,c21b4534184a965b34c5ad03ae80b507727593c6af7c1cfb9619f2ab7295a46b,1653,662,111,110,661,221,0.15523817767296344,0.272230077233759,0.11699189956079559,0.11699189956079559,AWAY_FROM_REFERENCE,0.06654567453115548,MINOR,1,98,,,f1ddc6e77715b9b26ad069a473c77c8e076cf2d38b65e9685e4826f708407e5e,0.25301797099910545,0.18165301341354323,0.578125,1,True,1211
SB2183,Gastritis aggravated,"gastric mucosal barrier, secretory state, motility, and emptying structure","localized inflammatory activation with cellular infiltration, vascular change, and tissue-function perturbation",remaining_5256,c21b4534184a965b34c5ad03ae80b507727593c6af7c1cfb9619f2ab7295a46b,1653,662,111,110,661,221,0.15523817767296344,0.272230077233759,0.11699189956079559,0.11699189956079559,AWAY_FROM_REFERENCE,0.06654567453115548,MINOR,1,98,,,92044f1fa009986c8b6303227a208fdb5672d9a4514fb5b7511c9e61135902d3,0.25301797099910545,0.18165301341354323,0.578125,1,True,1212
SB2184,Gastritis erosive,"gastric mucosal barrier, secretory state, motility, and emptying structure","localized inflammatory activation with cellular infiltration, vascular change, and tissue-function perturbation",remaining_5256,c21b4534184a965b34c5ad03ae80b507727593c6af7c1cfb9619f2ab7295a46b,1653,662,111,110,661,221,0.15523817767296344,0.272230077233759,0.11699189956079559,0.11699189956079559,AWAY_FROM_REFERENCE,0.06654567453115548,MINOR,1,98,,,38871e246da88aaf151e4289c812e03686154947edd691196c3da4e85d79becd,0.25301797099910545,0.18165301341354323,0.578125,1,True,1213
SB2185,Gastritis haemorrhagic,"gastric mucosal barrier, secretory state, motility, and emptying structure","localized inflammatory activation with cellular infiltration, vascular change, and tissue-function perturbation",remaining_5256,c21b4534184a965b34c5ad03ae80b507727593c6af7c1cfb9619f2ab7295a46b,1653,662,111,110,661,221,0.15523817767296344,0.272230077233759,0.11699189956079559,0.11699189956079559,AWAY_FROM_REFERENCE,0.06654567453115548,MINOR,1,98,,,0254532940f606fe77371f797819a8d9483aa86038d3aa974aa4e401efbd6a7a,0.25301797099910545,0.18165301341354323,0.578125,1,True,1214
SB2187,Gastroduodenitis,"gastric mucosal barrier, secretory state, motility, and emptying structure","localized inflammatory activation with cellular infiltration, vascular change, and tissue-function perturbation",remaining_5256,c21b4534184a965b34c5ad03ae80b507727593c6af7c1cfb9619f2ab7295a46b,1653,662,111,110,661,221,0.15523817767296344,0.272230077233759,0.11699189956079559,0.11699189956079559,AWAY_FROM_REFERENCE,0.06654567453115548,MINOR,1,98,,,cb210e759a4265fd3cf8981ee1009219b2ca29c8b2ee4ceba6c7f67691525ec1,0.25301797099910545,0.18165301341354323,0.578125,1,True,1215
SB2385,Haemorrhagic erosive gastritis,"gastric mucosal barrier, secretory state, motility, and emptying structure","localized inflammatory activation with cellular infiltration, vascular change, and tissue-function perturbation",remaining_5256,c21b4534184a965b34c5ad03ae80b507727593c6af7c1cfb9619f2ab7295a46b,1653,662,111,110,661,221,0.15523817767296344,0.272230077233759,0.11699189956079559,0.11699189956079559,AWAY_FROM_REFERENCE,0.06654567453115548,MINOR,1,98,,,6ff5cc07d97979aa4a9f1825503c766747f1e7ed8b481cdbb0e4045ce1d212af,0.25301797099910545,0.18165301341354323,0.578125,1,True,1216
SB2439,Helicobacter gastritis,"gastric mucosal barrier, secretory state, motility, and emptying structure","localized inflammatory activation with cellular infiltration, vascular change, and tissue-function perturbation",remaining_5256,c21b4534184a965b34c5ad03ae80b507727593c6af7c1cfb9619f2ab7295a46b,1653,662,111,110,661,221,0.15523817767296344,0.272230077233759,0.11699189956079559,0.11699189956079559,AWAY_FROM_REFERENCE,0.06654567453115548,MINOR,1,98,,,619b3a6e8412c033c3e6e0fec10823b9994e5845627e474e650b7407349271a0,0.25301797099910545,0.18165301341354323,0.578125,1,True,1217
SB5413,Ureteric cancer,"ureteric lumen, peristaltic, and urine-transfer structure",loss of normal proliferative/differentiation constraint with clonal tissue expansion and architectural replacement,remaining_5256,766455018bda80e1e9a22b5a70f50671e6e6613637b16284f0f32a034827d8e2,21,13,2,4,15,6,0.18075016309311742,0.27943015185922815,0.09867998876611073,0.09867998876611073,AWAY_FROM_REFERENCE,0.19047619047619047,MINOR,1,198,,,118e622e8bccee18bcd463010f9c9b3458ebe9f59270e092a30021977c403c71,0.25293355468530554,0.17983512766500676,0.5859375,-2,True,1218
SB0444,Arterial occlusion,arterial-lumen blood-flow and thrombotic-hemostasis structure,partial or complete luminal/pathway blockage with impaired transit or flow,established_478,1e1d121268f896a37c3868b00052dafb77a53404b2f4c5434d3205bb9b12b6ad,435,202,25,50,227,75,0.2005426802665834,0.30949031303628427,0.10894763276970088,0.10894763276970088,AWAY_FROM_REFERENCE,0.11494252873563218,MINOR,1,231,,,a064eb776ea79324ecf38e4d6e7b01374b0596f5b6bba4c24c77ff96eac596e1,0.25269421547729465,0.1898328847284081,0.5390625,-25,True,1219
SB3935,Pancreatitis,pancreatic endocrine-exocrine parenchymal and ductal structure,"localized inflammatory activation with cellular infiltration, vascular change, and tissue-function perturbation",remaining_5256,0dbc7af9548ffc40a9fc56762123535206437763e5b0a703713be11b3f3b62a6,91,41,11,8,38,19,0.15891218580434396,0.27760931441207903,0.11869712860773507,0.11869712860773507,AWAY_FROM_REFERENCE,0.08791208791208792,MINOR,1,230,,,8ab545d1eaf91f09df681120bf0e48d09abc6b081acd5d771c84bd2ea1636ab9,0.25255384617505494,0.1793720685061646,0.5859375,3,True,1220
SB3936,Pancreatitis acute,pancreatic endocrine-exocrine parenchymal and ductal structure,"localized inflammatory activation with cellular infiltration, vascular change, and tissue-function perturbation",remaining_5256,0dbc7af9548ffc40a9fc56762123535206437763e5b0a703713be11b3f3b62a6,91,41,11,8,38,19,0.15891218580434396,0.27760931441207903,0.11869712860773507,0.11869712860773507,AWAY_FROM_REFERENCE,0.08791208791208792,MINOR,1,230,,,660b4c7f014d3d57d594bd159e007f90d120a24726d6074bfcac4f6159301970,0.25255384617505494,0.1793720685061646,0.5859375,3,True,1221
SB3937,Pancreatitis acute on chronic,pancreatic endocrine-exocrine parenchymal and ductal structure,"localized inflammatory activation with cellular infiltration, vascular change, and tissue-function perturbation",remaining_5256,0dbc7af9548ffc40a9fc56762123535206437763e5b0a703713be11b3f3b62a6,91,41,11,8,38,19,0.15891218580434396,0.27760931441207903,0.11869712860773507,0.11869712860773507,AWAY_FROM_REFERENCE,0.08791208791208792,MINOR,1,230,,,cb7230da2056a8651ff36fa28cead3ab2e8d6d5fb50b420281a5bfbf9f8d1bb7,0.25255384617505494,0.1793720685061646,0.5859375,3,True,1222
SB3938,Pancreatitis aggravated,pancreatic endocrine-exocrine parenchymal and ductal structure,"localized inflammatory activation with cellular infiltration, vascular change, and tissue-function perturbation",remaining_5256,0dbc7af9548ffc40a9fc56762123535206437763e5b0a703713be11b3f3b62a6,91,41,11,8,38,19,0.15891218580434396,0.27760931441207903,0.11869712860773507,0.11869712860773507,AWAY_FROM_REFERENCE,0.08791208791208792,MINOR,1,230,,,a680cfd84cda82b0ed486fa55bde0c0d8c1967e5c893a9f7a4cbfd68337645a3,0.25255384617505494,0.1793720685061646,0.5859375,3,True,1223
SB3939,Pancreatitis chronic,pancreatic endocrine-exocrine parenchymal and ductal structure,"localized inflammatory activation with cellular infiltration, vascular change, and tissue-function perturbation",remaining_5256,0dbc7af9548ffc40a9fc56762123535206437763e5b0a703713be11b3f3b62a6,91,41,11,8,38,19,0.15891218580434396,0.27760931441207903,0.11869712860773507,0.11869712860773507,AWAY_FROM_REFERENCE,0.08791208791208792,MINOR,1,230,,,bb77e3cc76d6b19e7cb4c9c7f5983cb29f7544616ac83bb5c76973c126fbb19c,0.25255384617505494,0.1793720685061646,0.5859375,3,True,1224
SB3941,Pancreatitis haemorrhagic,pancreatic endocrine-exocrine parenchymal and ductal structure,"localized inflammatory activation with cellular infiltration, vascular change, and tissue-function perturbation",remaining_5256,0dbc7af9548ffc40a9fc56762123535206437763e5b0a703713be11b3f3b62a6,91,41,11,8,38,19,0.15891218580434396,0.27760931441207903,0.11869712860773507,0.11869712860773507,AWAY_FROM_REFERENCE,0.08791208791208792,MINOR,1,230,,,c6726939e758ee4016e8ad36f14bd37eb86cd3b8b67c95d57196535beba24ae5,0.25255384617505494,0.1793720685061646,0.5859375,3,True,1225
SB3942,Pancreatitis necrotising,pancreatic endocrine-exocrine parenchymal and ductal structure,"localized inflammatory activation with cellular infiltration, vascular change, and tissue-function perturbation",remaining_5256,0dbc7af9548ffc40a9fc56762123535206437763e5b0a703713be11b3f3b62a6,91,41,11,8,38,19,0.15891218580434396,0.27760931441207903,0.11869712860773507,0.11869712860773507,AWAY_FROM_REFERENCE,0.08791208791208792,MINOR,1,230,,,daa7f0dc73ccddb406194dfdbb6c49f18c8b90cf54318f343a62b7483ea4d7cd,0.25255384617505494,0.1793720685061646,0.5859375,3,True,1226
SB5497,Vaginal discomfort,"female reproductive, gestational, placental, and reproductive-output structure",abnormal sensory-autonomic signaling indicating departure from the reference local functional state,remaining_5256,49c612ec17158301a7ad55d783dde134dcce16a056b88ce004a491bbd075e388,3,1,1,0,0,1,0.13582833862471966,0.23840065020050671,0.10257231157578706,0.10257231157578706,AWAY_FROM_REFERENCE,0.0,INFORMATIONAL,0,38,,,01a615776baab4f479cd80cc4f7da23ab9fec697aeca75b60d4ffe983eee4065,0.252549932288336,0.17936729547358055,0.5859375,1,True,1227
SB5655,Vulvovaginal discomfort,"female reproductive, gestational, placental, and reproductive-output structure",abnormal sensory-autonomic signaling indicating departure from the reference local functional state,remaining_5256,49c612ec17158301a7ad55d783dde134dcce16a056b88ce004a491bbd075e388,3,1,1,0,0,1,0.13582833862471966,0.23840065020050671,0.10257231157578706,0.10257231157578706,AWAY_FROM_REFERENCE,0.0,INFORMATIONAL,0,38,,,290c0469bdbf69a191e4618994a808cb97256fc4a37cdd07fc275316e11a19d5,0.252549932288336,0.17936729547358055,0.5859375,1,True,1228
SB1837,Eosinophilia,"circulating leukocyte production, distribution, and effector-cell structure","altered configuration or regulated output of the named structure, expressed as the state described by eosinophilia",remaining_5256,a84ca773e7526e8e855d08fa3511485dbae6efe614472f680deed021d2bec234,1830,500,84,284,700,368,0.10325059399465053,0.22053270791547686,0.11728211392082633,0.11728211392082633,AWAY_FROM_REFERENCE,0.1551912568306011,MINOR,1,231,,,f6cf7fd38f1f8ef83cdcfb6bd186d1c39685f38e9a5e6dc24ba56c84f1f30370,0.25254813470007903,0.18793979841473052,0.546875,-200,True,1229
SB0726,Blood pancreatic amylase increased,pancreatic endocrine-exocrine parenchymal and ductal structure,measured or functional quantity shifted above its reference structural range,remaining_5256,7dd0b3ae192c8b40f4fcc57ec9f0f7e003aee12b815181eae52e9f5af3a64a98,91,41,3,8,46,11,0.17543663455802372,0.2955139847165569,0.12007735015853316,0.12007735015853316,AWAY_FROM_REFERENCE,0.08791208791208792,MINOR,1,230,,,d3a4759a084560ede3d3a7ca772198230555c79e04ddbb783bbc2c193069c561,0.2525326623664541,0.18106117361762697,0.578125,-5,True,1230
SB3930,Pancreatic enzymes increased,pancreatic endocrine-exocrine parenchymal and ductal structure,measured or functional quantity shifted above its reference structural range,remaining_5256,7dd0b3ae192c8b40f4fcc57ec9f0f7e003aee12b815181eae52e9f5af3a64a98,91,41,3,8,46,11,0.17543663455802372,0.2955139847165569,0.12007735015853316,0.12007735015853316,AWAY_FROM_REFERENCE,0.08791208791208792,MINOR,1,230,,,5cf2fec9de32b9b2b4f7067c4d9dc495288000b82262325bd19f140d7d607d77,0.2525326623664541,0.18106117361762697,0.578125,-5,True,1231
SB0166,Adenocarcinoma pancreas,pancreatic endocrine-exocrine parenchymal and ductal structure,clonal proliferative expansion with loss of normal differentiation and replacement of local tissue architecture,established_478,7c62a1da61a667a05c544e151c67a10b02f0cbe4b1f1b841b578c99007e86f1a,91,44,3,9,50,12,0.1797231318801028,0.3077644218855432,0.1280412900054404,0.1280412900054404,AWAY_FROM_REFERENCE,0.0989010989010989,MINOR,1,230,,,c7d73c4c9b43db3b306bc602424789553cd1ebb18427a9b2c6ccfb6b359eb753,0.2525094777552517,0.1827478387259167,0.5703125,-6,True,1232
SB4926,Sleep paralysis,"sleep-wake timing, arousal, and state-transition neural network",reduced or absent motor neural output and target-tissue activation,remaining_5256,0217ee965aac716c0bb93e91a7e097bbb46e46d7d28b0f1088b4f67f6d2dc4ba,3,2,0,1,3,1,0.12439705756497121,0.23998687136268082,0.1155898137977096,0.1155898137977096,AWAY_FROM_REFERENCE,0.3333333333333333,MODERATE,2,171,,,7a20551ad719f30907106d9f7868c86ccb4563473e6d130850bac3750cef9404,0.2524796974257426,0.18099658222651538,0.578125,-1,True,1233
SB0417,Application site pigmentation changes,melanocyte melanin-production and epidermal-pigment structure,"altered configuration or regulated output of the named structure, expressed as the state described by application site pigmentation changes",established_478,bb1901a2e055258d8abbcbeef6141dd6f3dce5b892f6a6c5b0ca5de2e7272608,351,84,10,34,108,44,0.10498051697214761,0.2233324225339317,0.1183519055617841,0.1183519055617841,AWAY_FROM_REFERENCE,0.09686609686609686,MINOR,1,230,,,6772801ceaa54fb1af5c84b7ab4d3d5eb53e83eeff67f7e58ac132ed96651f1b,0.2524311421758627,0.17922242948275946,0.5859375,-24,True,1234
SB1009,Catheter site inflammation,"implanted-device, catheter, or prosthesis tissue-interface structure","localized or systemic inflammatory activation with altered barrier, vascular, and cellular organization",remaining_5256,cffa64e8764b8682cbda4759251061b0b3076214ef3b977a29c10d7bac3ee4c9,1431,657,85,180,752,265,0.18484091210272735,0.3046814503837989,0.11984053828107155,0.11984053828107155,AWAY_FROM_REFERENCE,0.12578616352201258,MINOR,1,223,,,f7fb3f1e62bca368507e86f22edd25253f0e3146ba0cd4cd874d954b32104a7f,0.2524176290054471,0.1809208890310331,0.578125,-95,True,1235
SB4432,Pulmonary embolism,"pulmonary airway-alveolar, pleural, and gas-exchange structure",mobile intravascular obstruction with downstream perfusion loss,remaining_5256,f0eef5b02212ecf762aa23280feb59e2443898e1ea715083c9b19526fc7a0e68,36,21,2,0,19,2,0.2110453241005994,0.2944386378327497,0.08339331373215031,0.08339331373215031,AWAY_FROM_REFERENCE,0.0,INFORMATIONAL,0,231,,,91c1597ea59606edbca707e420ab59965a5d7da19600ca99ae5a91b7f0e6e7c8,0.2523781701363758,0.1843026465077754,0.5625,2,True,1236
SB4158,Pituitary apoplexy,hypothalamic-pituitary hormone-control and release structure,"altered configuration or regulated output of the named structure, expressed as the state described by pituitary apoplexy",remaining_5256,14bcf7a7be6165130deaa7d4f2577201504010a85309379d7a6d5206dce6e1fd,741,317,94,45,268,139,0.13313598566298113,0.204609015372462,0.07147302970948088,0.07147302970948088,AWAY_FROM_REFERENCE,0.06072874493927125,MINOR,1,174,,,6cfd47629d52d02ce582cd6bd74b4250b3e9118e4c081f94d373285474ed84cf,0.2522984361553615,0.1722008367748311,0.6171875,49,True,1237
SB0264,Amyloidosis,extracellular protein-folding and amyloid-deposition structure,extracellular deposition of misfolded protein fibrils with progressive tissue architectural disruption,established_478,22bae2e12302e7dfb66b3fec4cf17729dc08d1e76a01377c95d8857a4df65b56,3,2,0,1,3,1,0.14170996544260595,0.24309330347004043,0.10138333802743449,0.10138333802743449,AWAY_FROM_REFERENCE,0.3333333333333333,MODERATE,2,230,,,84e142159cd87cd256fe1f0a542a53524859d4aa8ebd4f7fae30c8eee4b134ab,0.25225521353116803,0.1824377604038635,0.5703125,-1,True,1238
SB0834,Breast mass,"mammary gland ductal-lobular, secretory, and surface structure",localized tissue overgrowth or mass formation with altered normal architecture,remaining_5256,b309f9bb3bae7e0b4f5d7c5b41a60ed572102db96ce1d45e9bb608b9c2e267ca,231,118,13,34,139,47,0.181465637215958,0.3079695743143832,0.12650393709842522,0.12650393709842522,AWAY_FROM_REFERENCE,0.1471861471861472,MINOR,1,223,,,e95a3e030a9f0c9be5ab81c1b6312ca4fb13f248663b40b7fd8e57d503e672fb,0.2522188923319147,0.18753828333160327,0.546875,-21,True,1239
SB4439,Pulmonary hypoplasia,"pulmonary airway-alveolar, pleural, and gas-exchange structure","developmental patterning deviation producing absent, incomplete, or abnormally organized structure",remaining_5256,fdb7922065ec0349bad10902b57988181bf1651edb0c86a1b7fd8bb0db8bb4a2,36,19,1,2,20,3,0.18955091179597683,0.2791141428696835,0.08956323107370667,0.08956323107370667,AWAY_FROM_REFERENCE,0.05555555555555555,MINOR,1,231,,,546d2717f8b15ad77c6e8401203d4a5a43d91901ee14d1cda7e64b0d8bb6c543,0.25216322906776245,0.17718076715580788,0.59375,-1,True,1240
SB2308,Glycosylated haemoglobin decreased,"erythrocyte production, integrity, and oxygen-transport structure",measured or functional quantity shifted below its reference structural range,remaining_5256,f7c0085c0c889d89d2ed03f3f1a48c5e6e47465514a29cf662cdbac6633a432d,15,10,1,2,11,3,0.1596217965345732,0.2855894023950034,0.1259676058604302,0.1259676058604302,AWAY_FROM_REFERENCE,0.13333333333333333,MINOR,1,174,,,9cd0c9647e571cdf9564809b3b23fe5aa010d7d12cc30f1efcd9bf20fc597099,0.2521356201216465,0.1720022806361543,0.6171875,-1,True,1241
SB2355,Haematocrit decreased,"erythrocyte production, integrity, and oxygen-transport structure",measured or functional quantity shifted below its reference structural range,remaining_5256,f7c0085c0c889d89d2ed03f3f1a48c5e6e47465514a29cf662cdbac6633a432d,15,10,1,2,11,3,0.1596217965345732,0.2855894023950034,0.1259676058604302,0.1259676058604302,AWAY_FROM_REFERENCE,0.13333333333333333,MINOR,1,174,,,dbc01029eeda0521e8f5b4b8b3e98c36f9aa5920f50630e9f2c14a2cb45e8d17,0.2521356201216465,0.1720022806361543,0.6171875,-1,True,1242
SB2368,Haemoglobin decreased,"erythrocyte production, integrity, and oxygen-transport structure",measured or functional quantity shifted below its reference structural range,remaining_5256,f7c0085c0c889d89d2ed03f3f1a48c5e6e47465514a29cf662cdbac6633a432d,15,10,1,2,11,3,0.1596217965345732,0.2855894023950034,0.1259676058604302,0.1259676058604302,AWAY_FROM_REFERENCE,0.13333333333333333,MINOR,1,174,,,79c3c402f18caf7a8565a406c2100d10beb989bdcf08bf588e5e7dae59499132,0.2521356201216465,0.1720022806361543,0.6171875,-1,True,1243
SB4550,Red blood cell count decreased,"erythrocyte production, integrity, and oxygen-transport structure",measured or functional quantity shifted below its reference structural range,remaining_5256,f7c0085c0c889d89d2ed03f3f1a48c5e6e47465514a29cf662cdbac6633a432d,15,10,1,2,11,3,0.1596217965345732,0.2855894023950034,0.1259676058604302,0.1259676058604302,AWAY_FROM_REFERENCE,0.13333333333333333,MINOR,1,174,,,41d0acfc661b5313bd8dc68cff6bd16df0ec045314ee762451e3d4a158797a9d,0.2521356201216465,0.1720022806361543,0.6171875,-1,True,1244
SB5415,Ureteritis,"ureteric lumen, peristaltic, and urine-transfer structure","localized inflammatory activation with cellular infiltration, vascular change, and tissue-function perturbation",remaining_5256,8d22be6e1124094e9d5b41e8bc8dde84333dc9d9ab1d1ad5ff3d04a22b06b78a,21,15,0,2,17,2,0.18992799794913084,0.2890645137575406,0.09913651580840976,0.09913651580840976,AWAY_FROM_REFERENCE,0.09523809523809523,MINOR,1,198,,,04641a14f1844f3822624d4b0c987f18c5346aa041349de9b2161bd44a41db6f,0.25212000330798234,0.1754131137902224,0.6015625,-2,True,1245
SB5419,Urethral obstruction,"urethral lumen, mucosal, sphincter, and urine-flow structure",partial or complete luminal/pathway blockage with impaired transit or flow,remaining_5256,b909e18c2098fed09f2088858a31f0277a121cc621623d84c2bf1900bd8e4c8c,465,131,20,62,173,82,0.17795134944193036,0.28786152868071135,0.10991017923878099,0.10991017923878099,AWAY_FROM_REFERENCE,0.13333333333333333,MINOR,1,231,,,c1cb9d741b8f05ea05fdb57a59b7771a9d736cad492013b7de832ee7dfe179ed,0.25205376793273016,0.18219209503991485,0.5703125,-42,True,1246
SB0347,Anticholinergic syndrome,muscarinic cholinergic signaling structure,departure from the reference structural configuration or regulated functional range,established_478,d10dbdea51743bb100f61951c4ab5050cfbad1c2c7f0ff1f330d616a993ef730,190,111,7,14,118,21,0.2109137649889783,0.3418647425895446,0.1309509776005663,0.1309509776005663,AWAY_FROM_REFERENCE,0.07368421052631578,MINOR,1,231,,,9f1d505a4ddfb414847a76b135efd34ca286cbadcb0b9bdb5b5ca4dbdd9a57c5,0.25174248999450505,0.1852423658469574,0.5546875,-7,True,1247
SB4105,Persistent vomiting,"implanted-device, catheter, or prosthesis tissue-interface structure",reverse upper-gastrointestinal propulsion with expulsion of gastric contents,remaining_5256,1ee69e57cd5ea1a0322883be82682c072d85e6e906f830050577a2fe63544e8b,1431,581,90,157,648,247,0.16076617801495408,0.2597427047964995,0.09897652678154545,0.09897652678154545,AWAY_FROM_REFERENCE,0.10971348707197764,MINOR,1,223,,,a8092c768631e6b2dbd03a817171edd5d3cd612b46e86766be571855e967e577,0.2517189495485703,0.17149414579093947,0.6171875,-67,True,1248
SB4428,Pulmonary alveolar haemorrhage,"pulmonary airway-alveolar, pleural, and gas-exchange structure",vascular or tissue integrity breach with blood extravasation/accumulation,remaining_5256,3d201faab7ac83e75ab79d6404d07b187dda3af49da0de95ee5a994bd3430177,36,19,1,0,18,1,0.18250821998464517,0.2790633835315385,0.09655516354689331,0.09655516354689331,AWAY_FROM_REFERENCE,0.0,INFORMATIONAL,0,231,,,50fb19238f36b02910d7b08ec589a1a0edc1539d99039613da23ba699da6c039,0.25171463209404904,0.18692333182201104,0.546875,1,True,1249
SB4437,Pulmonary haemorrhage,"pulmonary airway-alveolar, pleural, and gas-exchange structure",vascular or tissue integrity breach with blood extravasation/accumulation,remaining_5256,3d201faab7ac83e75ab79d6404d07b187dda3af49da0de95ee5a994bd3430177,36,19,1,0,18,1,0.18250821998464517,0.2790633835315385,0.09655516354689331,0.09655516354689331,AWAY_FROM_REFERENCE,0.0,INFORMATIONAL,0,231,,,b3e4200599fb24053336a5a9c91f2c67648ddb84cf91c1ea89c3e651021d0df4,0.25171463209404904,0.18692333182201104,0.546875,1,True,1250
SB3523,Nail bed tenderness,"nail matrix, plate-production, and periungual structure",increased nociceptive signaling associated with local tissue or neural perturbation,remaining_5256,74555cbe565263c45a7bf98822f8b021dca9e59745c4952d5a9613cb29f0b8db,36,11,3,2,10,5,0.1723261714017158,0.28733251035397134,0.11500633895225554,0.11500633895225554,AWAY_FROM_REFERENCE,0.05555555555555555,MINOR,1,230,,,03b31576c6c6c77aa4b15f97f0ab35527788b163a6f408a14c6d48e888625de9,0.25159461152589957,0.1747723921047556,0.6015625,1,True,1251
SB0237,Allergic sinusitis,sinonasal mucosal immune-histamine structure,"exaggerated immune-recognition/effector activation causing barrier, vascular, or smooth-muscle perturbation",established_478,cde50f53a4d03e4542b05becd6d0be55708ccd589cf25bd5e8c22817ec2b03e8,15,3,2,2,3,4,0.19927214255963177,0.2868819938263477,0.08760985126671594,0.08760985126671594,AWAY_FROM_REFERENCE,0.13333333333333333,MINOR,1,231,,,e5b22165bcc0a0552836154a4b49f136c6783fc5db3ac735487ede354afb1511,0.2515642675218259,0.17645032624612922,0.59375,0,True,1252
SB1857,Epigastric pain,"gastric mucosal barrier, secretory state, motility, and emptying structure",increased nociceptive signaling associated with local tissue or neural perturbation,remaining_5256,67c383a40fb01c5d5da0c41449c7b494e71c677cbfafeb22cf48f69a94c9a702,1653,611,114,109,606,223,0.16891491556957616,0.2795836308277436,0.11066871525816746,0.11066871525816746,AWAY_FROM_REFERENCE,0.06594071385359952,MINOR,1,98,,,30872e0ee4f4588066ad8b3530c058f0c97b348d22eb84fdc7719eee47f5d6af,0.25147776147078593,0.17291495301315363,0.609375,5,True,1253
SB1858,Epigastric pain not food-related,"gastric mucosal barrier, secretory state, motility, and emptying structure",increased nociceptive signaling associated with local tissue or neural perturbation,remaining_5256,67c383a40fb01c5d5da0c41449c7b494e71c677cbfafeb22cf48f69a94c9a702,1653,611,114,109,606,223,0.16891491556957616,0.2795836308277436,0.11066871525816746,0.11066871525816746,AWAY_FROM_REFERENCE,0.06594071385359952,MINOR,1,98,,,f4e1c479dc0bc5a1f32ba4bb541ae41978c435dd42ded4b4876f31dde30d2020,0.25147776147078593,0.17291495301315363,0.609375,5,True,1254
SB0267,Anaemia macrocytic,erythroid DNA-synthesis and red-cell maturation structure,reduced erythrocyte/hemoglobin oxygen-transport capacity relative to systemic demand,established_478,d34d2f65088fc7e589d2bbc73e33fd29131af036b81a8f38036e144c5e2ddaa4,6,3,2,2,3,4,0.20621519926647625,0.29285284904173114,0.0866376497752549,0.0866376497752549,AWAY_FROM_REFERENCE,0.3333333333333333,MODERATE,2,231,,,91c29e17bda104a29e59a55c7ada27f9a071ae665c9d103a3eea54e0383816db,0.2514003147557012,0.17110556677524535,0.6171875,0,True,1255
SB0268,Anaemia megaloblastic,erythroid DNA-synthesis and red-cell maturation structure,reduced erythrocyte/hemoglobin oxygen-transport capacity relative to systemic demand,established_478,d34d2f65088fc7e589d2bbc73e33fd29131af036b81a8f38036e144c5e2ddaa4,6,3,2,2,3,4,0.20621519926647625,0.29285284904173114,0.0866376497752549,0.0866376497752549,AWAY_FROM_REFERENCE,0.3333333333333333,MODERATE,2,231,,,fe1c7c142c8300651ecd68a97d6ca84a54b82b8ba6723e1f4589a89501d4aea1,0.2514003147557012,0.17110556677524535,0.6171875,0,True,1256
SB0271,Anaemia vitamin B12 deficiency,erythroid DNA-synthesis and red-cell maturation structure,reduced erythrocyte/hemoglobin oxygen-transport capacity relative to systemic demand,established_478,d34d2f65088fc7e589d2bbc73e33fd29131af036b81a8f38036e144c5e2ddaa4,6,3,2,2,3,4,0.20621519926647625,0.29285284904173114,0.0866376497752549,0.0866376497752549,AWAY_FROM_REFERENCE,0.3333333333333333,MODERATE,2,231,,,1fe166e8d4d3424ab545217f50e1058cea82d54f094fca4decbc23f05ae7411b,0.2514003147557012,0.17110556677524535,0.6171875,0,True,1257
SB0928,Cannula site reaction,"implanted-device, catheter, or prosthesis tissue-interface structure",acute or subacute state transition of the named structure in response to an external or internal perturbation,remaining_5256,b492a6cfd3658a1c43f812c9d1e7d706649af8a904cf3d447b21f280baf5109d,1431,565,85,183,663,268,0.15466219854012642,0.2779042779408689,0.1232420794007425,0.1232420794007425,AWAY_FROM_REFERENCE,0.1278825995807128,MINOR,1,223,,,4f31dbfcc4842db4d160862c6692b122c6d63a0b9ddaf65c360d17a72d7903c1,0.25132787745266105,0.17444710664958663,0.6015625,-98,True,1258
SB1012,Catheter site related reaction,"implanted-device, catheter, or prosthesis tissue-interface structure",acute or subacute state transition of the named structure in response to an external or internal perturbation,remaining_5256,b492a6cfd3658a1c43f812c9d1e7d706649af8a904cf3d447b21f280baf5109d,1431,565,85,183,663,268,0.15466219854012642,0.2779042779408689,0.1232420794007425,0.1232420794007425,AWAY_FROM_REFERENCE,0.1278825995807128,MINOR,1,223,,,ed54ec5d740eb10e4fc497f3b0768cfa83ccc0196a86142180ee87094994e563,0.25132787745266105,0.17444710664958663,0.6015625,-98,True,1259
SB2758,Implant site reaction,"implanted-device, catheter, or prosthesis tissue-interface structure",acute or subacute state transition of the named structure in response to an external or internal perturbation,remaining_5256,b492a6cfd3658a1c43f812c9d1e7d706649af8a904cf3d447b21f280baf5109d,1431,565,85,183,663,268,0.15466219854012642,0.2779042779408689,0.1232420794007425,0.1232420794007425,AWAY_FROM_REFERENCE,0.1278825995807128,MINOR,1,223,,,616f4b8bebd7ff4542b3aa5127ea8f29ec8474d0fe368ed1388316df0e31ddfe,0.25132787745266105,0.17444710664958663,0.6015625,-98,True,1260
SB2211,Gastrointestinal pain,"intestinal mucosal barrier, smooth-muscle motility, and luminal transport structure",increased nociceptive signaling associated with local tissue or neural perturbation,remaining_5256,5f3c0e66bb97f0ff4e7dd0fa6283334a1eb38e3641ae8bee401f013c50ebbcd4,276,86,15,37,108,52,0.13766512089650718,0.24739845018103512,0.10973332928452795,0.10973332928452795,AWAY_FROM_REFERENCE,0.13405797101449277,MINOR,1,231,,,129841307de4dbd58b7fb46c0848a490ace12b9f983d280bb27473a6966e11ca,0.25130577387926667,0.17442015107227649,0.6015625,-22,True,1261
SB0338,Anterior chamber pigmentation,melanocyte melanin-production and epidermal-pigment structure,"altered configuration or regulated output of the named structure, expressed as the state described by anterior chamber pigmentation",established_478,e8f371919513a1efba20a2f748f04de96125809c7617b013dfe8ae9ff9ef4334,351,85,12,37,110,49,0.10331417053903058,0.2285550946784496,0.125240924139419,0.125240924139419,AWAY_FROM_REFERENCE,0.10541310541310542,MINOR,1,230,,,9f8bf15a1bd9692df57707320c9e182af96bfe61a9028a7a2ee4068fbe9667ed,0.25125504459320414,0.17778816413805387,0.5859375,-25,True,1262
SB4571,Refractory cytopenia with unilineage dysplasia,"circulating leukocyte production, distribution, and effector-cell structure",abnormal cellular maturation and tissue architecture relative to the normal differentiated pattern,remaining_5256,b09737ff79d63d74308ffe2eeb7b8ddf1c370569d40a5d9256742fc830b5bfa4,1830,620,132,266,754,398,0.1443396688287133,0.2520741958861097,0.10773452705739639,0.10773452705739639,AWAY_FROM_REFERENCE,0.1453551912568306,MINOR,1,231,,,eb0e386b595796ef5db2b0a6089f979745195942fb111c41243368a946a4128f,0.2511535003460611,0.17423445164153795,0.6015625,-134,True,1263
SB1076,Cheilosis,"oral mucosal, dental, lingual, and salivary-interface structure","abnormal structural accumulation, degeneration, remodeling, or chronic state within the named structure",remaining_5256,3b8d9b0d213110bc4587ef08df742a3c8db8e0e82e5f57880eb6427a16be80b8,45,21,1,2,22,3,0.11237521848417753,0.21798801161784376,0.10561279313366623,0.10561279313366623,AWAY_FROM_REFERENCE,0.044444444444444446,MINOR,1,230,,,f654f039e0fe67f1b181421e747baa6c4066c2a25640009a148dce76bf16cae5,0.2510903685326036,0.17930227869829707,0.578125,-1,True,1264
SB2371,Haemoglobinaemia,"erythrocyte production, integrity, and oxygen-transport structure",abnormal concentration or presence of the named material/cell state in circulating blood,remaining_5256,780a618c02b7b8114f4eaec638077540c3f264d275c7d676292c3160e9b7ce4e,15,13,3,0,10,3,0.16513114191039868,0.2739407120854338,0.10880957017503512,0.10880957017503512,AWAY_FROM_REFERENCE,0.0,INFORMATIONAL,0,174,,,bf429d8e4544d7a1d5b826b9789c0be5e701dd8270e98a8491e7cc23d5b80f5a,0.2510329280554353,0.16894259518955523,0.625,3,True,1265
SB3351,Methaemoglobinaemia,"erythrocyte production, integrity, and oxygen-transport structure",abnormal concentration or presence of the named material/cell state in circulating blood,remaining_5256,780a618c02b7b8114f4eaec638077540c3f264d275c7d676292c3160e9b7ce4e,15,13,3,0,10,3,0.16513114191039868,0.2739407120854338,0.10880957017503512,0.10880957017503512,AWAY_FROM_REFERENCE,0.0,INFORMATIONAL,0,174,,,b779745d1ed5af6fd7c898fe8adf13e65b74a3ce41414aa83ddfa0628bec061b,0.2510329280554353,0.16894259518955523,0.625,3,True,1266
SB5089,Sulphaemoglobinaemia,"erythrocyte production, integrity, and oxygen-transport structure",abnormal concentration or presence of the named material/cell state in circulating blood,remaining_5256,780a618c02b7b8114f4eaec638077540c3f264d275c7d676292c3160e9b7ce4e,15,13,3,0,10,3,0.16513114191039868,0.2739407120854338,0.10880957017503512,0.10880957017503512,AWAY_FROM_REFERENCE,0.0,INFORMATIONAL,0,174,,,44ee76e51d122b6a866d0c7a9481ad805bc1d3f40a3ae9cb699cb8f53ec56ab5,0.2510329280554353,0.16894259518955523,0.625,3,True,1267
SB0816,Breast atrophy,"mammary gland ductal-lobular, secretory, and surface structure","reduction of tissue mass, cell volume, or functional structural content",remaining_5256,1d8d4bb441f341943530a3f3f657df599eafffafa8d659c4ffac79c2a22636f9,231,91,10,41,122,51,0.1664634228788715,0.2890875816336791,0.12262415875480759,0.12262415875480759,AWAY_FROM_REFERENCE,0.1774891774891775,MINOR,1,223,,,c55d0ee5c92abe936358aecda0246498a9844e942fc60cc894c90e895b5165e6,0.25103246977573634,0.18266154850699556,0.5625,-31,True,1268
SB0400,Application site erosion,local epidermal-dermal barrier and repair structure,localized epithelial or tissue-surface loss with reduced barrier continuity,established_478,98055783630b9e3e21c9be63bb90e9f5658d8fa7dbe7232a3df10659b7f2e6cf,28,16,2,2,16,4,0.13742663132757227,0.2454470948054266,0.10802046347785432,0.10802046347785432,AWAY_FROM_REFERENCE,0.07142857142857142,MINOR,1,223,,,2f6d6e5ea61515ba9abba4d7bc01ed68ad5e3502694151804467c0c2a0d4652c,0.2509982111683088,0.18261976971744975,0.5625,0,True,1269
SB0427,Application site ulcer,local epidermal-dermal barrier and repair structure,localized epithelial or tissue-surface loss with reduced barrier continuity,established_478,98055783630b9e3e21c9be63bb90e9f5658d8fa7dbe7232a3df10659b7f2e6cf,28,16,2,2,16,4,0.13742663132757227,0.2454470948054266,0.10802046347785432,0.10802046347785432,AWAY_FROM_REFERENCE,0.07142857142857142,MINOR,1,223,,,512f346cbb46908aab15c1cdce3f6e8aa318e12f24dba1e02e54c4c031ffaa34,0.2509982111683088,0.18261976971744975,0.5625,0,True,1270
SB0184,Advanced breast cancer,"mammary gland ductal-lobular, secretory, and surface structure",loss of normal proliferative/differentiation constraint with clonal tissue expansion and architectural replacement,established_478,a56c3d331f7c29919296167e380186c0304e439500312a8e274904a023fc5dea,231,111,21,33,123,54,0.15223193411295277,0.27597936824308855,0.12374743413013578,0.12374743413013578,AWAY_FROM_REFERENCE,0.14285714285714285,MINOR,1,223,,,558c74c513040948a3e9d5bb9b5aed6a40e9cd557074f97ca79f61d16398a1e9,0.2508976440330811,0.18592700491839165,0.546875,-12,True,1271
SB0584,Benign breast neoplasm,"mammary gland ductal-lobular, secretory, and surface structure",loss of normal proliferative/differentiation constraint with clonal tissue expansion and architectural replacement,remaining_5256,a56c3d331f7c29919296167e380186c0304e439500312a8e274904a023fc5dea,231,111,21,33,123,54,0.15223193411295277,0.27597936824308855,0.12374743413013578,0.12374743413013578,AWAY_FROM_REFERENCE,0.14285714285714285,MINOR,1,223,,,79c2955a436b757c58b192ab909029dfa8f02bdf6a9d9bf51d16358b93b77c5c,0.2508976440330811,0.18592700491839165,0.546875,-12,True,1272
SB0818,Breast cancer,"mammary gland ductal-lobular, secretory, and surface structure",loss of normal proliferative/differentiation constraint with clonal tissue expansion and architectural replacement,remaining_5256,a56c3d331f7c29919296167e380186c0304e439500312a8e274904a023fc5dea,231,111,21,33,123,54,0.15223193411295277,0.27597936824308855,0.12374743413013578,0.12374743413013578,AWAY_FROM_REFERENCE,0.14285714285714285,MINOR,1,223,,,080b70c74b8c6a1b3c05fc921b79f1d1934c6730b6bdff9c405518e18b3e3745,0.2508976440330811,0.18592700491839165,0.546875,-12,True,1273
SB0819,Breast cancer female,"mammary gland ductal-lobular, secretory, and surface structure",loss of normal proliferative/differentiation constraint with clonal tissue expansion and architectural replacement,remaining_5256,a56c3d331f7c29919296167e380186c0304e439500312a8e274904a023fc5dea,231,111,21,33,123,54,0.15223193411295277,0.27597936824308855,0.12374743413013578,0.12374743413013578,AWAY_FROM_REFERENCE,0.14285714285714285,MINOR,1,223,,,b31705300880776e14000c8e33635a4c394010043d0467462d8e6bdd9dc5317b,0.2508976440330811,0.18592700491839165,0.546875,-12,True,1274
SB0820,Breast cancer invasive NOS,"mammary gland ductal-lobular, secretory, and surface structure",loss of normal proliferative/differentiation constraint with clonal tissue expansion and architectural replacement,remaining_5256,a56c3d331f7c29919296167e380186c0304e439500312a8e274904a023fc5dea,231,111,21,33,123,54,0.15223193411295277,0.27597936824308855,0.12374743413013578,0.12374743413013578,AWAY_FROM_REFERENCE,0.14285714285714285,MINOR,1,223,,,d4ed3775fc7f75ab9c5aae08cfd70fb5934fe622567be5631589b9d64f198954,0.2508976440330811,0.18592700491839165,0.546875,-12,True,1275
SB0821,Breast cancer male,"mammary gland ductal-lobular, secretory, and surface structure",loss of normal proliferative/differentiation constraint with clonal tissue expansion and architectural replacement,remaining_5256,a56c3d331f7c29919296167e380186c0304e439500312a8e274904a023fc5dea,231,111,21,33,123,54,0.15223193411295277,0.27597936824308855,0.12374743413013578,0.12374743413013578,AWAY_FROM_REFERENCE,0.14285714285714285,MINOR,1,223,,,1529bd5f98b989aa820818371b3e2575187127a25b3c372ec3f4accbf6461291,0.2508976440330811,0.18592700491839165,0.546875,-12,True,1276
SB0822,Breast cancer stage IV,"mammary gland ductal-lobular, secretory, and surface structure",loss of normal proliferative/differentiation constraint with clonal tissue expansion and architectural replacement,remaining_5256,a56c3d331f7c29919296167e380186c0304e439500312a8e274904a023fc5dea,231,111,21,33,123,54,0.15223193411295277,0.27597936824308855,0.12374743413013578,0.12374743413013578,AWAY_FROM_REFERENCE,0.14285714285714285,MINOR,1,223,,,41df1cd6de5eabfa59a4c00a16d0e4563d4e464b9806781e34fa4e88c532fea6,0.2508976440330811,0.18592700491839165,0.546875,-12,True,1277
SB0836,Breast neoplasm,"mammary gland ductal-lobular, secretory, and surface structure",loss of normal proliferative/differentiation constraint with clonal tissue expansion and architectural replacement,remaining_5256,a56c3d331f7c29919296167e380186c0304e439500312a8e274904a023fc5dea,231,111,21,33,123,54,0.15223193411295277,0.27597936824308855,0.12374743413013578,0.12374743413013578,AWAY_FROM_REFERENCE,0.14285714285714285,MINOR,1,223,,,585655e99e595f4be47a22b26f99c2e7fd788ab741a5a9394fcc9af1d7e0acb4,0.2508976440330811,0.18592700491839165,0.546875,-12,True,1278
SB0837,Breast neoplasm NOS male,"mammary gland ductal-lobular, secretory, and surface structure",loss of normal proliferative/differentiation constraint with clonal tissue expansion and architectural replacement,remaining_5256,a56c3d331f7c29919296167e380186c0304e439500312a8e274904a023fc5dea,231,111,21,33,123,54,0.15223193411295277,0.27597936824308855,0.12374743413013578,0.12374743413013578,AWAY_FROM_REFERENCE,0.14285714285714285,MINOR,1,223,,,6203c0d707557a36261a4a3e04e10c416e3fa998dfd49793be942ea03f797da6,0.2508976440330811,0.18592700491839165,0.546875,-12,True,1279
SB0838,Breast neoplasm benign female,"mammary gland ductal-lobular, secretory, and surface structure",loss of normal proliferative/differentiation constraint with clonal tissue expansion and architectural replacement,remaining_5256,a56c3d331f7c29919296167e380186c0304e439500312a8e274904a023fc5dea,231,111,21,33,123,54,0.15223193411295277,0.27597936824308855,0.12374743413013578,0.12374743413013578,AWAY_FROM_REFERENCE,0.14285714285714285,MINOR,1,223,,,e2ed645e57a7d7bb2084e32445d9994477f18ad3fd0f943881dc876627b5eb12,0.2508976440330811,0.18592700491839165,0.546875,-12,True,1280
SB0940,Carcinoma breast,"mammary gland ductal-lobular, secretory, and surface structure",loss of normal proliferative/differentiation constraint with clonal tissue expansion and architectural replacement,remaining_5256,a56c3d331f7c29919296167e380186c0304e439500312a8e274904a023fc5dea,231,111,21,33,123,54,0.15223193411295277,0.27597936824308855,0.12374743413013578,0.12374743413013578,AWAY_FROM_REFERENCE,0.14285714285714285,MINOR,1,223,,,acf01b495edb470cedb2e9f683d1506e683d0e4d500f972aa4e7857c0c28d575,0.2508976440330811,0.18592700491839165,0.546875,-12,True,1281
SB0161,Adams-Stokes syndrome,cardiac rhythm-to-cerebral-perfusion continuity structure,departure from the reference structural configuration or regulated functional range,established_478,6975977f7adca46edc1e29cd169585ae9a4c652ee0ab208b0a381a1db40c30bf,780,271,38,76,309,114,0.16941847392071363,0.27446055579589324,0.1050420818751796,0.1050420818751796,AWAY_FROM_REFERENCE,0.09743589743589744,MINOR,1,230,,,cf11ef77122712b1079a10c59a0190e4e32ce7562390b59f69680a4f218e731a,0.25088680456064655,0.1824839080007885,0.5625,-38,True,1282
SB0698,Blood follicle stimulating hormone increased,hypothalamic-pituitary hormone-control and release structure,measured or functional quantity shifted above its reference structural range,remaining_5256,7858bf29f85da303f968bf5e0881f0cc1a31d4cea314b1260d5f26c42761cf18,741,347,79,31,299,110,0.18782873557976476,0.24752174405253757,0.05969300847277281,0.05969300847277281,AWAY_FROM_REFERENCE,0.04183535762483131,MINOR,1,174,,,f8ae285a8d68d231873014499d6fca5e0ef74cb2e098889204b1bd9b5be94d15,0.2507796443597824,0.18063828580461272,0.5703125,48,True,1283
SB0706,Blood gonadotrophin increased,hypothalamic-pituitary hormone-control and release structure,measured or functional quantity shifted above its reference structural range,remaining_5256,7858bf29f85da303f968bf5e0881f0cc1a31d4cea314b1260d5f26c42761cf18,741,347,79,31,299,110,0.18782873557976476,0.24752174405253757,0.05969300847277281,0.05969300847277281,AWAY_FROM_REFERENCE,0.04183535762483131,MINOR,1,174,,,038ae18047656c3afbf21601783a741e1546cedd192664f24b9619c441b87b5d,0.2507796443597824,0.18063828580461272,0.5703125,48,True,1284
SB0707,Blood growth hormone increased,hypothalamic-pituitary hormone-control and release structure,measured or functional quantity shifted above its reference structural range,remaining_5256,7858bf29f85da303f968bf5e0881f0cc1a31d4cea314b1260d5f26c42761cf18,741,347,79,31,299,110,0.18782873557976476,0.24752174405253757,0.05969300847277281,0.05969300847277281,AWAY_FROM_REFERENCE,0.04183535762483131,MINOR,1,174,,,59bee2d37adf15bfa21eb885f2bcac18e941f117e9977483070393dc3e2e7620,0.2507796443597824,0.18063828580461272,0.5703125,48,True,1285
SB0715,Blood luteinising hormone increased,hypothalamic-pituitary hormone-control and release structure,measured or functional quantity shifted above its reference structural range,remaining_5256,7858bf29f85da303f968bf5e0881f0cc1a31d4cea314b1260d5f26c42761cf18,741,347,79,31,299,110,0.18782873557976476,0.24752174405253757,0.05969300847277281,0.05969300847277281,AWAY_FROM_REFERENCE,0.04183535762483131,MINOR,1,174,,,77e81d5c2cac60f83fcbd268ca7be5fef1e0d2b70386164d65e8baefa84fb420,0.2507796443597824,0.18063828580461272,0.5703125,48,True,1286
SB0744,Blood prolactin increased,hypothalamic-pituitary hormone-control and release structure,measured or functional quantity shifted above its reference structural range,remaining_5256,7858bf29f85da303f968bf5e0881f0cc1a31d4cea314b1260d5f26c42761cf18,741,347,79,31,299,110,0.18782873557976476,0.24752174405253757,0.05969300847277281,0.05969300847277281,AWAY_FROM_REFERENCE,0.04183535762483131,MINOR,1,174,,,22ab303c5f6e49c95037fb8482acc0d5e0f3691e1d938445e616c3c1c398ca34,0.2507796443597824,0.18063828580461272,0.5703125,48,True,1287
SB2780,Increased prolactin level,hypothalamic-pituitary hormone-control and release structure,measured or functional quantity shifted above its reference structural range,remaining_5256,7858bf29f85da303f968bf5e0881f0cc1a31d4cea314b1260d5f26c42761cf18,741,347,79,31,299,110,0.18782873557976476,0.24752174405253757,0.05969300847277281,0.05969300847277281,AWAY_FROM_REFERENCE,0.04183535762483131,MINOR,1,174,,,80be5a8d16e37737a7f42730ab17a4921ea96574ef899408bd7b57cfb8d2ce28,0.2507796443597824,0.18063828580461272,0.5703125,48,True,1288
SB4821,Serum prolactin increased,hypothalamic-pituitary hormone-control and release structure,measured or functional quantity shifted above its reference structural range,remaining_5256,7858bf29f85da303f968bf5e0881f0cc1a31d4cea314b1260d5f26c42761cf18,741,347,79,31,299,110,0.18782873557976476,0.24752174405253757,0.05969300847277281,0.05969300847277281,AWAY_FROM_REFERENCE,0.04183535762483131,MINOR,1,174,,,34dfe47ee34cd98c1f309fcb23b6fda3f2be25a8848c541d738da8075a88e980,0.2507796443597824,0.18063828580461272,0.5703125,48,True,1289
SB1551,Digestion impaired,"intestinal mucosal barrier, smooth-muscle motility, and luminal transport structure",reduced ability of the named structure/process to complete its normal regulated operation,remaining_5256,393a89074d7ff6a86d7e00f7da735149d991b8610d49668d954eb129b51fb044,276,94,12,32,114,44,0.12842879290251474,0.249708536445153,0.12127974354263826,0.12127974354263826,AWAY_FROM_REFERENCE,0.11594202898550725,MINOR,1,231,,,d785b4f83894c0af076e96877c7c147f249db817a3f4d0a841a7f8ddb1682977,0.2506558480693881,0.17705743666998552,0.5859375,-20,True,1290
SB0450,Arteriosclerosis,arterial-wall lipid-fibrotic remodeling structure,arterial wall thickening/stiffening with lumen remodeling and reduced compliant perfusion,established_478,391bcb95b327dfa5d1e2c263008983df48a57dcad0a2d9555bd6094dd15fe1b8,741,305,54,53,304,107,0.14629454872568126,0.25408417477183987,0.1077896260461586,0.1077896260461586,AWAY_FROM_REFERENCE,0.07152496626180836,MINOR,1,223,,,25b892dae0893461036a971db9e778d95bf543a122bf01d5bd2a62c14ef00019,0.2506023390163742,0.17870712075167583,0.578125,1,True,1291
SB2925,Intestinal mass,"intestinal mucosal barrier, smooth-muscle motility, and luminal transport structure",localized tissue overgrowth or mass formation with altered normal architecture,remaining_5256,d85dec5090d939b29c3754333b66ed3ed0eb994a93e44ef89ca56e0ee2e7a830,276,95,17,25,103,42,0.1205289909839301,0.24547471453677672,0.12494572355284661,0.12494572355284661,AWAY_FROM_REFERENCE,0.09057971014492754,MINOR,1,231,,,0bfe5f7e9aed67dad07587f4daebf743bdd29302031e7641953cfd91c3cc7145,0.25052356359282935,0.178611053161987,0.578125,-8,True,1292
SB0456,Arteritic anterior ischaemic optic neuropathy,optic-nerve-head perfusion and axonal-conduction structure,peripheral neural axonal/conduction integrity loss or aberrant sensory signaling,established_478,bd60d1385a0d4af946a778267a598ac36ec456ab0968e6b193a70065c110f45d,1653,699,90,175,784,265,0.17697786973015783,0.28237284816246344,0.10539497843230561,0.10539497843230561,AWAY_FROM_REFERENCE,0.10586811857229281,MINOR,1,222,,,d2d5dc253e6d1e7a7b58c8a2be0a4de55a174c856e3c5e8abb2f40a8c2b28940,0.25047835962690945,0.1802708653986701,0.5703125,-85,True,1293
SB5110,Sweat gland disorder,eccrine-apocrine sweat-gland secretory structure,departure from the reference structural configuration or regulated functional range,remaining_5256,de733e18c8c6c9ef7b40f11e4dcb673b908aa368c5a580ec2f2a53150fed5228,105,51,10,2,43,12,0.20324717285159033,0.29496894747609503,0.0917217746245047,0.0917217746245047,AWAY_FROM_REFERENCE,0.01904761904761905,MINOR,1,174,,,16368ad8fe38b3a8edc8e05ee40b38000d356067ab944897521ca0cbdcb2210f,0.25037544999445255,0.17500054877372262,0.59375,8,True,1294
SB0411,Application site inflammation,local cutaneous inflammatory and microvascular structure,"localized or systemic inflammatory activation with altered barrier, vascular, and cellular organization",established_478,dc9e09dbb8d195926b194761d762efe52a8bbc17e3b683f850c8a2d07f8baa72,171,87,7,16,96,23,0.21064887920451103,0.3069875099663827,0.09633863076187166,0.09633863076187166,AWAY_FROM_REFERENCE,0.0935672514619883,MINOR,1,231,,,58ca595c96560e3acc6c6a733370a3cd93a792e127f95ab23973a1d170763bfd,0.25033259698968957,0.1715184109630361,0.609375,-9,True,1295
SB5503,Vaginal infection,"female reproductive, gestational, placental, and reproductive-output structure",pathogen-associated occupation/invasion with host-defense activation and local structural disruption,remaining_5256,66588f315cd291245e788f6aa06a7c421cea47680e9404bdde1745e9ba36f806,3,1,1,0,0,1,0.11748248745036038,0.22393674397937724,0.10645425652901686,0.10645425652901686,AWAY_FROM_REFERENCE,0.0,INFORMATIONAL,0,38,,,448d3c0c21798cc880af452492225aa1591096697816c2a49e880802e7bbdd17,0.2502885476064596,0.18175432634934097,0.5625,1,True,1296
SB5509,Vaginal mycosis,"female reproductive, gestational, placental, and reproductive-output structure",pathogen-associated occupation/invasion with host-defense activation and local structural disruption,remaining_5256,66588f315cd291245e788f6aa06a7c421cea47680e9404bdde1745e9ba36f806,3,1,1,0,0,1,0.11748248745036038,0.22393674397937724,0.10645425652901686,0.10645425652901686,AWAY_FROM_REFERENCE,0.0,INFORMATIONAL,0,38,,,0acd212be4418fdae0b11a92da09c92554de83f2b1c507a6771aff8510086fc1,0.2502885476064596,0.18175432634934097,0.5625,1,True,1297
SB5518,Vaginitis bacterial,"female reproductive, gestational, placental, and reproductive-output structure",pathogen-associated occupation/invasion with host-defense activation and local structural disruption,remaining_5256,66588f315cd291245e788f6aa06a7c421cea47680e9404bdde1745e9ba36f806,3,1,1,0,0,1,0.11748248745036038,0.22393674397937724,0.10645425652901686,0.10645425652901686,AWAY_FROM_REFERENCE,0.0,INFORMATIONAL,0,38,,,5e4b3b445aa65cc59d11e49513e1c0ce9fa08b935782b99b2bfe2de9e3e31ca1,0.2502885476064596,0.18175432634934097,0.5625,1,True,1298
SB5659,Vulvovaginal mycotic infection,"female reproductive, gestational, placental, and reproductive-output structure",pathogen-associated occupation/invasion with host-defense activation and local structural disruption,remaining_5256,66588f315cd291245e788f6aa06a7c421cea47680e9404bdde1745e9ba36f806,3,1,1,0,0,1,0.11748248745036038,0.22393674397937724,0.10645425652901686,0.10645425652901686,AWAY_FROM_REFERENCE,0.0,INFORMATIONAL,0,38,,,e23bfcb184c20c5fed5de0e802d0ab633c48359de185008944954c52d98a080c,0.2502885476064596,0.18175432634934097,0.5625,1,True,1299
SB4356,Prolactinoma,hypothalamic-pituitary hormone-control and release structure,"altered configuration or regulated output of the named structure, expressed as the state described by prolactinoma",remaining_5256,ebf43c6c1f1f87831d1319fc895e209a486e3fc5b6fbe524a4dd38312d14c751,741,318,83,44,279,127,0.13277936886383868,0.2018520402009436,0.06907267133710493,0.06907267133710493,AWAY_FROM_REFERENCE,0.059379217273954114,MINOR,1,174,,,124a3603eed0a30ab917876d83aaf3385525268165296942ae860dad4807f3a8,0.2502446365965224,0.1731260812152713,0.6015625,39,True,1300
SB1205,Cold intolerance,central-peripheral thermoregulatory heat-production and heat-loss structure,departure from the reference structural configuration or regulated functional range,remaining_5256,83353720ecf0308010d512d96334e53c1294c2cb816e4f70b828f364fe8e26e4,3,2,0,1,3,1,0.11177912196806072,0.21237238476132936,0.10059326279326863,0.10059326279326863,AWAY_FROM_REFERENCE,0.3333333333333333,MODERATE,2,174,,,a26fc4c132f2d04ec1986688c7ddd645759874d6e767b4180aaf98c482413db5,0.2502443483635429,0.17827054678480847,0.578125,-1,True,1301
SB2435,Heat intolerance,central-peripheral thermoregulatory heat-production and heat-loss structure,departure from the reference structural configuration or regulated functional range,remaining_5256,83353720ecf0308010d512d96334e53c1294c2cb816e4f70b828f364fe8e26e4,3,2,0,1,3,1,0.11177912196806072,0.21237238476132936,0.10059326279326863,0.10059326279326863,AWAY_FROM_REFERENCE,0.3333333333333333,MODERATE,2,174,,,a97e4ee45fb3a0eddec6fa525f5bddb380deb677686c343a5e53f4d51e766133,0.2502443483635429,0.17827054678480847,0.578125,-1,True,1302
SB5169,Temperature intolerance,central-peripheral thermoregulatory heat-production and heat-loss structure,departure from the reference structural configuration or regulated functional range,remaining_5256,83353720ecf0308010d512d96334e53c1294c2cb816e4f70b828f364fe8e26e4,3,2,0,1,3,1,0.11177912196806072,0.21237238476132936,0.10059326279326863,0.10059326279326863,AWAY_FROM_REFERENCE,0.3333333333333333,MODERATE,2,174,,,8a241ed466fa60c907df03021604c793bbf088714f9c95ce8a99127dc0c99d4e,0.2502443483635429,0.17827054678480847,0.578125,-1,True,1303
SB5170,Temperature regulation disorder,central-peripheral thermoregulatory heat-production and heat-loss structure,departure from the reference structural configuration or regulated functional range,remaining_5256,83353720ecf0308010d512d96334e53c1294c2cb816e4f70b828f364fe8e26e4,3,2,0,1,3,1,0.11177912196806072,0.21237238476132936,0.10059326279326863,0.10059326279326863,AWAY_FROM_REFERENCE,0.3333333333333333,MODERATE,2,174,,,49b1faa68849c0a23141f38545bbfcedad85b649ac6959d1e49c5fbf5e983352,0.2502443483635429,0.17827054678480847,0.578125,-1,True,1304
SB0980,Carditis,"integrated cardiac pump, myocardial viability, and cardiopulmonary circulation structure","localized inflammatory activation with cellular infiltration, vascular change, and tissue-function perturbation",remaining_5256,248a978114ae3e146c5adfe66fbf1c7deadd7df7efa7c7c7e90c8955e4551637,1,1,1,0,0,1,0.09159926110132521,0.1826358213248528,0.09103656022352757,0.09103656022352757,AWAY_FROM_REFERENCE,0.0,INFORMATIONAL,0,231,,,b74548dd5e50059f96f958aba5fc0f57cdd1d9b7bd63ba0a3b02af51df59530e,0.25024156285994914,0.17140739373164526,0.609375,1,True,1305
SB5687,Wheezing,bronchial smooth-muscle tone and airway-caliber structure,airflow limitation with oscillatory airway-wall narrowing,remaining_5256,41ccfd88ec6c90ab7c798b04357e4d536709296e5a7921908220e946c8704c5c,300,146,22,12,136,34,0.14884748240265155,0.2539552194892991,0.10510773708664756,0.10510773708664756,AWAY_FROM_REFERENCE,0.04,MINOR,1,231,,,88ebaff863fe1a34d1aa003cdfb89c675f14b2b4c8d5d5361f55af1dfec18696,0.250032667477952,0.17972733838774635,0.5703125,10,True,1306
SB5688,Wheezing expiratory,bronchial smooth-muscle tone and airway-caliber structure,airflow limitation with oscillatory airway-wall narrowing,remaining_5256,41ccfd88ec6c90ab7c798b04357e4d536709296e5a7921908220e946c8704c5c,300,146,22,12,136,34,0.14884748240265155,0.2539552194892991,0.10510773708664756,0.10510773708664756,AWAY_FROM_REFERENCE,0.04,MINOR,1,231,,,25b93d8fb914c5e5ebcf4788891a8fa7c4a96c063eac4bc495c24cbacfa6b496,0.250032667477952,0.17972733838774635,0.5703125,10,True,1307
SB5689,Wheezing inspiratory,bronchial smooth-muscle tone and airway-caliber structure,airflow limitation with oscillatory airway-wall narrowing,remaining_5256,41ccfd88ec6c90ab7c798b04357e4d536709296e5a7921908220e946c8704c5c,300,146,22,12,136,34,0.14884748240265155,0.2539552194892991,0.10510773708664756,0.10510773708664756,AWAY_FROM_REFERENCE,0.04,MINOR,1,231,,,5c5456c63adebf4de2e795a4ca91c45e346f7afb3c3c12f5a7cfaf119184d4d6,0.250032667477952,0.17972733838774635,0.5703125,10,True,1308
SB3757,Oesophageal ulcer,"oesophageal mucosal, peristaltic, and sphincter-control structure",localized epithelial or tissue-surface loss with reduced barrier continuity,remaining_5256,d45bda4eb77e21df33db20e2b126e3639a0fa63fc88190e8944bacb6919daed7,28,11,4,1,8,5,0.13332693871154222,0.26161683589905094,0.12828989718750872,0.12828989718750872,AWAY_FROM_REFERENCE,0.03571428571428571,MINOR,1,231,,,16394d85e1cd9aa95a11605c4dfbb26b7d9088882bbf37cb4be6e1d8c6e8bddb,0.24992350818707126,0.18130915632569666,0.5625,3,True,1309
SB4450,Pulmonary valve incompetence,"pulmonary airway-alveolar, pleural, and gas-exchange structure",failure of valve closure producing abnormal retrograde flow,remaining_5256,76b0cb0f52e66b3183f311627dcc7614a40bda87fa4659967d5b0f991371a3bc,36,16,1,4,19,5,0.19436361209059205,0.2800618272255968,0.08569821513500475,0.08569821513500475,AWAY_FROM_REFERENCE,0.1111111111111111,MINOR,1,231,,,ab71c8e0e442349b59e405d932fcffa242f1aec8de37aee2dae0494d75c962d3,0.2498793156673806,0.17268056788704955,0.6015625,-3,True,1310
SB1838,Eosinophilic cystitis,"circulating leukocyte production, distribution, and effector-cell structure","localized inflammatory activation with cellular infiltration, vascular change, and tissue-function perturbation",remaining_5256,1712759bc1a3db091215274f53993c1be5608c9aeb6d7b465f3e5c70b9a95b4a,1830,558,114,262,706,376,0.11811873582457955,0.2237343245892518,0.10561558876467225,0.10561558876467225,AWAY_FROM_REFERENCE,0.1431693989071038,MINOR,1,231,,,cc2217991a8c8cf6c1b5c5249141de1cf443e2790a2f1cb0ea2bb84fa3613b63,0.2497180074925356,0.17591372864943366,0.5859375,-148,True,1311
SB0218,Alcohol intolerance,hepatic ethanol-metabolism and systemic ethanol-response structure,departure from the reference structural configuration or regulated functional range,established_478,9338ddc6ced4df61248d2e24f8d9a3cf2fe35d8d6ebcb026c6dd1ea9c5e31031,153,54,5,7,56,12,0.12662845704135406,0.20677310975340835,0.08014465271205429,0.08014465271205429,AWAY_FROM_REFERENCE,0.0457516339869281,MINOR,1,230,,,4a6c98cec4993d304017a59d766582d17c279466ca08e03eeaa95efb6c4b66ef,0.2496561830725719,0.17412339399094134,0.59375,-2,True,1312
SB0402,Application site excoriation,local epidermal-dermal barrier and repair structure,superficial epithelial-surface tissue loss with reduced barrier continuity,established_478,c9c856f3fbf66b1b2419b593e42802ba99f7d47e931307b28e57f705761bfe13,28,17,3,1,15,4,0.15551636844251426,0.2635973153885651,0.10808094694605086,0.10808094694605086,AWAY_FROM_REFERENCE,0.03571428571428571,MINOR,1,223,,,56b0754506aa86410a2b15395c17517e7bf2a9519fb56a2d5960e65cd14340d1,0.2494855858609152,0.17048547056209173,0.609375,2,True,1313
SB4442,Pulmonary mass,"pulmonary airway-alveolar, pleural, and gas-exchange structure",localized tissue overgrowth or mass formation with altered normal architecture,remaining_5256,518805aee973992fa6b5bb149715c132d63aa29f67063e4369812637c696d52f,36,15,1,3,17,4,0.21338635400838002,0.31040067496103285,0.09701432095265283,0.09701432095265283,AWAY_FROM_REFERENCE,0.08333333333333333,MINOR,1,231,,,534ccc0b434f83643da3e8754387b0f73b0093c86671d5181fac56b80034d9f7,0.24924058190044618,0.180476319390788,0.5625,-2,True,1314
SB2584,Hypereosinophilia,"circulating leukocyte production, distribution, and effector-cell structure","excess magnitude, activity, quantity, or tissue state above the reference configuration",remaining_5256,7122b66a06be9910bdf35786427c7f6d179d0eae3e9916be639287373008a898,1830,572,122,260,710,382,0.12109001115544582,0.2225027790278178,0.10141276787237197,0.10141276787237197,AWAY_FROM_REFERENCE,0.14207650273224043,MINOR,1,231,,,7941de03b0027288a0ce9c2e5d5190de26385b606d0312a07a796389ad8ce482,0.24923495321336178,0.17360969904068513,0.59375,-138,True,1315
SB2587,Hypergammaglobulinaemia,"circulating leukocyte production, distribution, and effector-cell structure","excess magnitude, activity, quantity, or tissue state above the reference configuration",remaining_5256,7122b66a06be9910bdf35786427c7f6d179d0eae3e9916be639287373008a898,1830,572,122,260,710,382,0.12109001115544582,0.2225027790278178,0.10141276787237197,0.10141276787237197,AWAY_FROM_REFERENCE,0.14207650273224043,MINOR,1,231,,,35a413542d3f27c2b1f1b71f7d5f72680a01b0faf3c4919f5004b1f319bb18aa,0.24923495321336178,0.17360969904068513,0.59375,-138,True,1316
SB2247,Genital hypoaesthesia,peripheral sensory-nerve axonal conduction structure,"deficient magnitude, activity, quantity, or tissue state below the reference configuration",remaining_5256,cfb9d5b43465e0c2229023b0d0d82b5cf132e4430788f0e7593c93cb8710fa26,6,5,1,0,4,1,0.17138562332753038,0.2758768972242551,0.10449127389672475,0.10449127389672475,AWAY_FROM_REFERENCE,0.0,INFORMATIONAL,0,223,,,0bd3a16ce4ab2f54414e931ed317608746b63f870518acdbcd3340d8ede94ef1,0.24902157392202093,0.17506441941709872,0.5859375,1,True,1317
SB2649,Hypoaesthesia,peripheral sensory-nerve axonal conduction structure,"deficient magnitude, activity, quantity, or tissue state below the reference configuration",remaining_5256,cfb9d5b43465e0c2229023b0d0d82b5cf132e4430788f0e7593c93cb8710fa26,6,5,1,0,4,1,0.17138562332753038,0.2758768972242551,0.10449127389672475,0.10449127389672475,AWAY_FROM_REFERENCE,0.0,INFORMATIONAL,0,223,,,8569581d9f33fac9abdf36074801607e7e45819e66d6defa2e090f5f4df2c30f,0.24902157392202093,0.17506441941709872,0.5859375,1,True,1318
SB2651,Hypoaesthesia facial,peripheral sensory-nerve axonal conduction structure,"deficient magnitude, activity, quantity, or tissue state below the reference configuration",remaining_5256,cfb9d5b43465e0c2229023b0d0d82b5cf132e4430788f0e7593c93cb8710fa26,6,5,1,0,4,1,0.17138562332753038,0.2758768972242551,0.10449127389672475,0.10449127389672475,AWAY_FROM_REFERENCE,0.0,INFORMATIONAL,0,223,,,c7c0d9c401e87e7dc9dc2d728804c2a0d51b27394a6b1d8fd232a72374524f5f,0.24902157392202093,0.17506441941709872,0.5859375,1,True,1319
SB2652,Hypoaesthesia oral,peripheral sensory-nerve axonal conduction structure,"deficient magnitude, activity, quantity, or tissue state below the reference configuration",remaining_5256,cfb9d5b43465e0c2229023b0d0d82b5cf132e4430788f0e7593c93cb8710fa26,6,5,1,0,4,1,0.17138562332753038,0.2758768972242551,0.10449127389672475,0.10449127389672475,AWAY_FROM_REFERENCE,0.0,INFORMATIONAL,0,223,,,677ba2f76280a6ba72dd285c2b6a2626dae46cbfae71bb9dbc130df9712a2e0a,0.24902157392202093,0.17506441941709872,0.5859375,1,True,1320
SB0297,Anencephaly,forebrain-neural-tube developmental structure,developmental absence of major cranial neural structures and overlying skull formation,established_478,6f7eafccfa87187b7d1a65cfac891569b902f0fe6d152fc12400de3a5889c185,6,5,1,0,4,1,0.2411978214753676,0.33289997488139444,0.09170215340602683,0.09170215340602683,AWAY_FROM_REFERENCE,0.0,INFORMATIONAL,0,231,,,fc2ec04a070c864ec4f9ab9c30981231b6e0c928a05f364bf13abdd8fbeaeb5a,0.24867597838379862,0.1797877785168276,0.5625,1,True,1321
SB3650,Neutrophilia,"circulating leukocyte production, distribution, and effector-cell structure","altered configuration or regulated output of the named structure, expressed as the state described by neutrophilia",remaining_5256,b474ffd9980fefa438cc9e780de52f50ab2d828aa93ea7a761c3a70e901ba9ca,1830,510,92,284,702,376,0.10813502673075615,0.22283269633894054,0.1146976696081844,0.1146976696081844,AWAY_FROM_REFERENCE,0.1551912568306011,MINOR,1,231,,,ec7eb7e1d52cec29a0993f9ca0260299a4e6eec884bda408daab80f0ddc1f9cb,0.24858669112542542,0.18139383064076275,0.5546875,-192,True,1322
SB0065,Acarodermatitis,cutaneous barrier and mite-triggered structure,"localized inflammatory activation with cellular infiltration, vascular change, and tissue-function perturbation",established_478,e560c8318c99754ad261ac83422a67e78e361cff59b89016a13a819d0ded1656,253,99,24,13,88,37,0.20412896570435313,0.3063307677204117,0.10220180201605855,0.10220180201605855,AWAY_FROM_REFERENCE,0.05138339920948617,MINOR,1,231,,,971264d967fbc2706bf1663a2e8adb8636891aa43ffca10c15a33a9879d43772,0.24832616232412075,0.165641661370879,0.625,11,True,1323
SB0942,Carcinoma of lung,"pulmonary airway-alveolar, pleural, and gas-exchange structure",loss of normal proliferative/differentiation constraint with clonal tissue expansion and architectural replacement,remaining_5256,01a6394f55f4a6e2ce74329e226586704ab34ef933a7283ae80cfc620ff63cc9,36,17,2,3,18,5,0.2042730535257693,0.2919560919735271,0.08768303844775782,0.08768303844775782,AWAY_FROM_REFERENCE,0.08333333333333333,MINOR,1,231,,,5ecd78e2967bbde884b30ffcb33af571d03cf63ed0a08e5b7c3dbfdd5806ad41,0.2481458977666115,0.17914133873977012,0.5625,-1,True,1324
SB3191,Lung cancer metastatic,"pulmonary airway-alveolar, pleural, and gas-exchange structure",loss of normal proliferative/differentiation constraint with clonal tissue expansion and architectural replacement,remaining_5256,01a6394f55f4a6e2ce74329e226586704ab34ef933a7283ae80cfc620ff63cc9,36,17,2,3,18,5,0.2042730535257693,0.2919560919735271,0.08768303844775782,0.08768303844775782,AWAY_FROM_REFERENCE,0.08333333333333333,MINOR,1,231,,,1d466ccc11bc654bc837cb4fe0b1100a7f18548c410eb9f473335bdf81839eb7,0.2481458977666115,0.17914133873977012,0.5625,-1,True,1325
SB3196,Lung neoplasm,"pulmonary airway-alveolar, pleural, and gas-exchange structure",loss of normal proliferative/differentiation constraint with clonal tissue expansion and architectural replacement,remaining_5256,01a6394f55f4a6e2ce74329e226586704ab34ef933a7283ae80cfc620ff63cc9,36,17,2,3,18,5,0.2042730535257693,0.2919560919735271,0.08768303844775782,0.08768303844775782,AWAY_FROM_REFERENCE,0.08333333333333333,MINOR,1,231,,,fb02fff2b3357987dea7bf4fc039eecf04eef3f06a205029b2a1ef8e6d4f3918,0.2481458977666115,0.17914133873977012,0.5625,-1,True,1326
SB3197,Lung neoplasm malignant,"pulmonary airway-alveolar, pleural, and gas-exchange structure",loss of normal proliferative/differentiation constraint with clonal tissue expansion and architectural replacement,remaining_5256,01a6394f55f4a6e2ce74329e226586704ab34ef933a7283ae80cfc620ff63cc9,36,17,2,3,18,5,0.2042730535257693,0.2919560919735271,0.08768303844775782,0.08768303844775782,AWAY_FROM_REFERENCE,0.08333333333333333,MINOR,1,231,,,2e123a55d3662489d068b5f8131d9081be6b422bb997bf140e4e95b8b53a9079,0.2481458977666115,0.17914133873977012,0.5625,-1,True,1327
SB3683,Non-small cell lung cancer,"pulmonary airway-alveolar, pleural, and gas-exchange structure",loss of normal proliferative/differentiation constraint with clonal tissue expansion and architectural replacement,remaining_5256,01a6394f55f4a6e2ce74329e226586704ab34ef933a7283ae80cfc620ff63cc9,36,17,2,3,18,5,0.2042730535257693,0.2919560919735271,0.08768303844775782,0.08768303844775782,AWAY_FROM_REFERENCE,0.08333333333333333,MINOR,1,231,,,a873d6f9b705f1d6eaaae5d36d28599cbe5a55d7348953b3bee886b0c1dfb646,0.2481458977666115,0.17914133873977012,0.5625,-1,True,1328
SB4441,Pulmonary lymphoma,"pulmonary airway-alveolar, pleural, and gas-exchange structure",loss of normal proliferative/differentiation constraint with clonal tissue expansion and architectural replacement,remaining_5256,01a6394f55f4a6e2ce74329e226586704ab34ef933a7283ae80cfc620ff63cc9,36,17,2,3,18,5,0.2042730535257693,0.2919560919735271,0.08768303844775782,0.08768303844775782,AWAY_FROM_REFERENCE,0.08333333333333333,MINOR,1,231,,,e9537e16c4c319f8ee05738ac00696d03b43fbc80e0afe11d7d4de9fcc879d4d,0.2481458977666115,0.17914133873977012,0.5625,-1,True,1329
SB4936,Small cell lung cancer,"pulmonary airway-alveolar, pleural, and gas-exchange structure",loss of normal proliferative/differentiation constraint with clonal tissue expansion and architectural replacement,remaining_5256,01a6394f55f4a6e2ce74329e226586704ab34ef933a7283ae80cfc620ff63cc9,36,17,2,3,18,5,0.2042730535257693,0.2919560919735271,0.08768303844775782,0.08768303844775782,AWAY_FROM_REFERENCE,0.08333333333333333,MINOR,1,231,,,9ba4d162f33c1ff6eb805f9dda570bc8fa4d88321baf1d5162b2d0d739e3854a,0.2481458977666115,0.17914133873977012,0.5625,-1,True,1330
SB5015,Squamous cell carcinoma of lung,"pulmonary airway-alveolar, pleural, and gas-exchange structure",loss of normal proliferative/differentiation constraint with clonal tissue expansion and architectural replacement,remaining_5256,01a6394f55f4a6e2ce74329e226586704ab34ef933a7283ae80cfc620ff63cc9,36,17,2,3,18,5,0.2042730535257693,0.2919560919735271,0.08768303844775782,0.08768303844775782,AWAY_FROM_REFERENCE,0.08333333333333333,MINOR,1,231,,,79e80a9357dbe2441718e7c1888c89bac762b486a87990f90b4a145e6f0ed821,0.2481458977666115,0.17914133873977012,0.5625,-1,True,1331
SB1718,Ectopic ossification,"bone formation, mineralized-matrix deposition, and skeletal-remodeling structure",mineralized bone formation within soft tissue outside the normal skeletal architecture,remaining_5256,64777a1aa8d848bf9cf01b55a701c119f3392af8d24b90c27cb9cb628b629fb8,406,139,25,36,150,61,0.12924905597649472,0.2349577100288056,0.10570865405231089,0.10570865405231089,AWAY_FROM_REFERENCE,0.08866995073891626,MINOR,1,230,,,d7ce79f488c28b64a59612c1d8145178430ae25a68bf05dde17a736d3df3c315,0.24814348387134044,0.17913839496504935,0.5625,-11,True,1332
SB1938,Extraskeletal ossification,"bone formation, mineralized-matrix deposition, and skeletal-remodeling structure",mineralized bone formation within soft tissue outside the normal skeletal architecture,remaining_5256,64777a1aa8d848bf9cf01b55a701c119f3392af8d24b90c27cb9cb628b629fb8,406,139,25,36,150,61,0.12924905597649472,0.2349577100288056,0.10570865405231089,0.10570865405231089,AWAY_FROM_REFERENCE,0.08866995073891626,MINOR,1,230,,,3e84a3bf15bad340f81955801c75d0d9619b0ba43bd475698063b67b421a6134,0.24814348387134044,0.17913839496504935,0.5625,-11,True,1333
SB0920,Calculus ureteric,"ureteric lumen, peristaltic, and urine-transfer structure",solid or semisolid material aggregation within a lumen/cavity with potential flow obstruction,remaining_5256,c5874aa57c47da8bf2904ad3be7fb299f896049690d8bc267af4631423d1db51,21,14,0,1,15,1,0.1987350890698344,0.3088144580096941,0.1100793689398597,0.1100793689398597,AWAY_FROM_REFERENCE,0.047619047619047616,MINOR,1,198,,,9f984e797eb82aa6371218728f18bda16846e4d1104aa50343e2de0edd53e4fa,0.24814036406461934,0.17227483422514556,0.59375,-1,True,1334
SB0035,Abdominal wall abscess,abdominal-wall soft-tissue innate-immune structure,localized inflammatory cavity with tissue breakdown and accumulated cellular/fluid contents,established_478,326ca0adec40ba55374c43257f4529f2c30aba058e646832da8137b783c9967c,780,326,76,104,354,180,0.1424437007244196,0.25098050420053797,0.10853680347611838,0.10853680347611838,AWAY_FROM_REFERENCE,0.13333333333333333,MINOR,1,222,,,870bb7721faf294023be0933a330a9ae7c1f5a77a68607083bcde9d1a6c963d4,0.24799747956972723,0.1772454019143015,0.5703125,-28,True,1335
SB0489,Asthma,bronchial smooth-muscle tone and airway-caliber structure,episodic bronchial smooth-muscle narrowing with airway hyperresponsiveness and variable airflow limitation,remaining_5256,25fa3c7de8487a8052f0b18ca7ae065b225bb8ceeb3cf2a54e6778fb7ae76da5,300,134,23,20,131,43,0.14982107078606366,0.2518748393637039,0.10205376857764026,0.10205376857764026,AWAY_FROM_REFERENCE,0.06666666666666667,MINOR,1,231,,,291c1b4cdf371995be25bc2ecb8991dce984efaa426c9ebd174e56b4fc217f4c,0.24795473184193123,0.17547833151455028,0.578125,3,True,1336
SB0490,Asthma aggravated,bronchial smooth-muscle tone and airway-caliber structure,episodic bronchial smooth-muscle narrowing with airway hyperresponsiveness and variable airflow limitation,remaining_5256,25fa3c7de8487a8052f0b18ca7ae065b225bb8ceeb3cf2a54e6778fb7ae76da5,300,134,23,20,131,43,0.14982107078606366,0.2518748393637039,0.10205376857764026,0.10205376857764026,AWAY_FROM_REFERENCE,0.06666666666666667,MINOR,1,231,,,ca43734ba546d321d03735cd93e8fbb803d1a9fc7aa37cc1b59f0881e4d0c080,0.24795473184193123,0.17547833151455028,0.578125,3,True,1337
SB0491,Asthmatic attack,bronchial smooth-muscle tone and airway-caliber structure,episodic bronchial smooth-muscle narrowing with airway hyperresponsiveness and variable airflow limitation,remaining_5256,25fa3c7de8487a8052f0b18ca7ae065b225bb8ceeb3cf2a54e6778fb7ae76da5,300,134,23,20,131,43,0.14982107078606366,0.2518748393637039,0.10205376857764026,0.10205376857764026,AWAY_FROM_REFERENCE,0.06666666666666667,MINOR,1,231,,,3be7b74b46703ca9fac2832a6454ce89d181a384a641114ec24d787f62000c11,0.24795473184193123,0.17547833151455028,0.578125,3,True,1338
SB1910,Exacerbation of asthma,bronchial smooth-muscle tone and airway-caliber structure,episodic bronchial smooth-muscle narrowing with airway hyperresponsiveness and variable airflow limitation,remaining_5256,25fa3c7de8487a8052f0b18ca7ae065b225bb8ceeb3cf2a54e6778fb7ae76da5,300,134,23,20,131,43,0.14982107078606366,0.2518748393637039,0.10205376857764026,0.10205376857764026,AWAY_FROM_REFERENCE,0.06666666666666667,MINOR,1,231,,,355d5a168f7d6505e632b91f69126c053badcd2c55176c1207cfbe11eb6754b7,0.24795473184193123,0.17547833151455028,0.578125,3,True,1339
SB2690,Hypoplasia erythroid,"erythrocyte production, integrity, and oxygen-transport structure","developmental patterning deviation producing absent, incomplete, or abnormally organized structure",remaining_5256,22f001f6f7dfce839585f09510cb61ae5bd8834bb76930a3dac897ed66da7788,15,11,0,2,13,2,0.15987616186246,0.2683232114980363,0.10844704963557628,0.10844704963557628,AWAY_FROM_REFERENCE,0.13333333333333333,MINOR,1,174,,,9fada45402681254eee7ea00ed78bdf08a339ef7119bff4b22233fc30a363736,0.24791930294124712,0.17029030846493554,0.6015625,-2,True,1340
SB2610,Hyperprolactinaemia,hypothalamic-pituitary hormone-control and release structure,"excess magnitude, activity, quantity, or tissue state above the reference configuration",remaining_5256,b5ba9af2af21a69a05107de59428a8a191501f00be55a50d629b8e4aef89bacc,741,364,102,49,311,151,0.15789347166511003,0.22721238400001975,0.06931891233490972,0.06931891233490972,AWAY_FROM_REFERENCE,0.06612685560053981,MINOR,1,174,,,0f81d4be1abddbbd12ca93fc6c6bee8999cb2457ca5278e936e34e815fb24993,0.2478832450962462,0.17367621353200757,0.5859375,53,True,1341
SB0705,Blood gonadotrophin decreased,hypothalamic-pituitary hormone-control and release structure,measured or functional quantity shifted below its reference structural range,remaining_5256,62fc0a9bb51db0fc63ff3ab2ad1a781ef1b973378c0dbf8d97e8bba7cee5c051,741,362,80,29,311,109,0.19057451909068457,0.24744571501841428,0.05687119592772971,0.05687119592772971,AWAY_FROM_REFERENCE,0.03913630229419703,MINOR,1,174,,,8a30783b3077e81148e4ca5b254b35bde6040bdefe221c62fec599867d390f5c,0.24781728177433734,0.17531070948089922,0.578125,51,True,1342
SB0743,Blood prolactin decreased,hypothalamic-pituitary hormone-control and release structure,measured or functional quantity shifted below its reference structural range,remaining_5256,62fc0a9bb51db0fc63ff3ab2ad1a781ef1b973378c0dbf8d97e8bba7cee5c051,741,362,80,29,311,109,0.19057451909068457,0.24744571501841428,0.05687119592772971,0.05687119592772971,AWAY_FROM_REFERENCE,0.03913630229419703,MINOR,1,174,,,ed26d75704ecd25beb5b35066006d67850236bc5df91d124d294870d2938fc7e,0.24781728177433734,0.17531070948089922,0.578125,51,True,1343
SB4820,Serum prolactin decreased,hypothalamic-pituitary hormone-control and release structure,measured or functional quantity shifted below its reference structural range,remaining_5256,62fc0a9bb51db0fc63ff3ab2ad1a781ef1b973378c0dbf8d97e8bba7cee5c051,741,362,80,29,311,109,0.19057451909068457,0.24744571501841428,0.05687119592772971,0.05687119592772971,AWAY_FROM_REFERENCE,0.03913630229419703,MINOR,1,174,,,7f2f5987e63c79dfb3723394fc29610621e6ac857df1359ac59bedf98fd5445f,0.24781728177433734,0.17531070948089922,0.578125,51,True,1344
SB1494,Dermatitis eyelid,"cutaneous epidermal-dermal barrier, appendage, vascular, and immune structure","localized or systemic inflammatory activation with altered barrier, vascular, and cellular organization",remaining_5256,909d496c3d4ac809f4abd2771e6035582f73971e72d577aebf9cc80d9167be31,300,126,25,21,122,46,0.17787977884159856,0.29374969656703565,0.11586991772543709,0.11586991772543709,AWAY_FROM_REFERENCE,0.07,MINOR,1,231,,,e9d33deb454c58dfc661fc5e919282aa9f132321bace63ef018b5ff0e971e82f,0.2477961611785348,0.1787148307055303,0.5625,4,True,1345
SB3496,Myocardial haemorrhage,myocardial cellular viability and tissue-integrity structure,vascular or tissue integrity breach with blood extravasation/accumulation,remaining_5256,94638982af1f89cfcac3485c491e6de243c57d5c8223869cda3c4403fd8e18da,21,11,1,3,13,4,0.2098985627912846,0.29228086504700557,0.08238230225572096,0.08238230225572096,AWAY_FROM_REFERENCE,0.14285714285714285,MINOR,1,231,,,57dd83e15f197a192c4b6f4f88449289d79c51a42544869a840a085d38f66f47,0.24775798557995687,0.17866827509750838,0.5625,-2,True,1346
SB1235,Complete hearing loss,cochlear-mechanical and auditory-neural transduction structure,reduced auditory mechanical/neural transduction,remaining_5256,a221ceed5afcdb9d9d9ca9e72878eb5078a316bc9a0a3f11afea922954b7d0b4,276,55,13,26,68,39,0.1401492765845156,0.25030168023208343,0.11015240364756784,0.11015240364756784,AWAY_FROM_REFERENCE,0.09420289855072464,MINOR,1,230,,,9d4b0c869200572283b4a72e595a1c93f4fe7349e976e45e14b20221d197f2fe,0.2475408422584768,0.17497358812009367,0.578125,-13,True,1347
SB3616,Neural hearing loss,cochlear-mechanical and auditory-neural transduction structure,reduced auditory mechanical/neural transduction,remaining_5256,a221ceed5afcdb9d9d9ca9e72878eb5078a316bc9a0a3f11afea922954b7d0b4,276,55,13,26,68,39,0.1401492765845156,0.25030168023208343,0.11015240364756784,0.11015240364756784,AWAY_FROM_REFERENCE,0.09420289855072464,MINOR,1,230,,,39703aa19b22c155d4f7c26626f567ca9bedbdfe337e7edf0112e070451e8cf3,0.2475408422584768,0.17497358812009367,0.578125,-13,True,1348
SB4006,Partial hearing loss,cochlear-mechanical and auditory-neural transduction structure,reduced auditory mechanical/neural transduction,remaining_5256,a221ceed5afcdb9d9d9ca9e72878eb5078a316bc9a0a3f11afea922954b7d0b4,276,55,13,26,68,39,0.1401492765845156,0.25030168023208343,0.11015240364756784,0.11015240364756784,AWAY_FROM_REFERENCE,0.09420289855072464,MINOR,1,230,,,f54baa4fcd6e1e236b3416e469b4714e6448c947ef573aa1a926062019422692,0.2475408422584768,0.17497358812009367,0.578125,-13,True,1349
SB5079,Sudden hearing loss,cochlear-mechanical and auditory-neural transduction structure,reduced auditory mechanical/neural transduction,remaining_5256,a221ceed5afcdb9d9d9ca9e72878eb5078a316bc9a0a3f11afea922954b7d0b4,276,55,13,26,68,39,0.1401492765845156,0.25030168023208343,0.11015240364756784,0.11015240364756784,AWAY_FROM_REFERENCE,0.09420289855072464,MINOR,1,230,,,1529ef730ecd05f1a18e8b4c1146fe4177473bec10a113e1d8a043434687fca0,0.2475408422584768,0.17497358812009367,0.578125,-13,True,1350
SB4593,Renal haemorrhage,renal glomerular-tubular filtration and fluid-balance structure,vascular or tissue integrity breach with blood extravasation/accumulation,remaining_5256,e34a46729526796ba0128ef762e1a7fe1fcd37078ffdbf16858f36dd6132de71,91,32,9,6,29,15,0.1877974343910105,0.2916636866460144,0.1038662522550039,0.1038662522550039,AWAY_FROM_REFERENCE,0.06593406593406594,MINOR,1,231,,,d5a2d4014f3bcaa7166f2b9c82797f0f50e7875a82d3064cd8d0c251330d59a6,0.2474271917739419,0.17826486801700236,0.5625,3,True,1351
SB0585,Benign gastrointestinal neoplasm,"intestinal mucosal barrier, smooth-muscle motility, and luminal transport structure",loss of normal proliferative/differentiation constraint with clonal tissue expansion and architectural replacement,remaining_5256,ce55b667c72f697ae348b9b4debcc3f28cebf71d2c65aeb2562ff7b79f90054f,276,97,18,31,110,49,0.12338282448317128,0.23874875887527747,0.11536593439210618,0.11536593439210618,AWAY_FROM_REFERENCE,0.11231884057971014,MINOR,1,231,,,4e05723ddd039832a46586b19c2d7dc588f86cda65f4841b5c2522b249f6eb66,0.24723552327509546,0.1780311259452384,0.5625,-13,True,1352
SB2193,Gastrointestinal carcinoma,"intestinal mucosal barrier, smooth-muscle motility, and luminal transport structure",loss of normal proliferative/differentiation constraint with clonal tissue expansion and architectural replacement,remaining_5256,ce55b667c72f697ae348b9b4debcc3f28cebf71d2c65aeb2562ff7b79f90054f,276,97,18,31,110,49,0.12338282448317128,0.23874875887527747,0.11536593439210618,0.11536593439210618,AWAY_FROM_REFERENCE,0.11231884057971014,MINOR,1,231,,,b659fd9a061e39e2c5aa981f8aa83ceef582bdf17b7896f4b6cdc18b7d37cc55,0.24723552327509546,0.1780311259452384,0.5625,-13,True,1353
SB2208,Gastrointestinal neoplasm,"intestinal mucosal barrier, smooth-muscle motility, and luminal transport structure",loss of normal proliferative/differentiation constraint with clonal tissue expansion and architectural replacement,remaining_5256,ce55b667c72f697ae348b9b4debcc3f28cebf71d2c65aeb2562ff7b79f90054f,276,97,18,31,110,49,0.12338282448317128,0.23874875887527747,0.11536593439210618,0.11536593439210618,AWAY_FROM_REFERENCE,0.11231884057971014,MINOR,1,231,,,74b701bfd1ffe40ef961b7a2783539a0cdab65638dc104718608d31ef936073f,0.24723552327509546,0.1780311259452384,0.5625,-13,True,1354
SB2209,Gastrointestinal neoplasm malignant,"intestinal mucosal barrier, smooth-muscle motility, and luminal transport structure",loss of normal proliferative/differentiation constraint with clonal tissue expansion and architectural replacement,remaining_5256,ce55b667c72f697ae348b9b4debcc3f28cebf71d2c65aeb2562ff7b79f90054f,276,97,18,31,110,49,0.12338282448317128,0.23874875887527747,0.11536593439210618,0.11536593439210618,AWAY_FROM_REFERENCE,0.11231884057971014,MINOR,1,231,,,1bc86321736a8d3a8f279a171f78bda9c011e5942e1e546baee63c83efa36213,0.24723552327509546,0.1780311259452384,0.5625,-13,True,1355
SB2215,Gastrointestinal stromal tumour,"intestinal mucosal barrier, smooth-muscle motility, and luminal transport structure",loss of normal proliferative/differentiation constraint with clonal tissue expansion and architectural replacement,remaining_5256,ce55b667c72f697ae348b9b4debcc3f28cebf71d2c65aeb2562ff7b79f90054f,276,97,18,31,110,49,0.12338282448317128,0.23874875887527747,0.11536593439210618,0.11536593439210618,AWAY_FROM_REFERENCE,0.11231884057971014,MINOR,1,231,,,b5bbc70ef0ee56a733ed6689cc9d15f5147ace34b0dacfe91eb018bd670bafdf,0.24723552327509546,0.1780311259452384,0.5625,-13,True,1356
SB3531,Nail longitudinal striations,"nail matrix, plate-production, and periungual structure","altered configuration or regulated output of the named structure, expressed as the state described by nail longitudinal striations",remaining_5256,be380eb2ba599741a38de0138bb17c91065bb1d2a2dac1dad0628a5817e30561,36,8,3,4,9,7,0.12137271463474875,0.23120372288310842,0.10983100824835967,0.10983100824835967,AWAY_FROM_REFERENCE,0.1111111111111111,MINOR,1,230,,,44418f709b539cbfa1b1afea954a169a9f101c24134543a29c451a4984094b72,0.24710533517996588,0.17272754290239745,0.5859375,-1,True,1357
SB0249,Alveolitis allergic,pulmonary interstitial-alveolar structure,"exaggerated immune-recognition/effector activation causing barrier, vascular, or smooth-muscle perturbation",established_478,c8f28423a8cf0d56fbfcc4c676ba6e22a99242805ad6a52aea50ff72cc67886d,45,20,3,4,21,7,0.19547799382099063,0.2609383365419411,0.06546034272095047,0.06546034272095047,AWAY_FROM_REFERENCE,0.08888888888888889,MINOR,1,223,,,1637f4a20d007d28570020272a866aaa5d508224911fccf520d4fe64ef069985,0.24688931423274452,0.16731928564968845,0.609375,-1,True,1358
SB4189,Pleural disorder,"pleural membrane, pleural-space, and thoracic mechanical structure",departure from the reference structural configuration or regulated functional range,remaining_5256,f1d93dc891683db11a5913eb89be4a65538e1bdc76005651bb7d8cba7e59bade,36,17,0,1,18,1,0.17278545112545762,0.2689243583155986,0.09613890719014095,0.09613890719014095,AWAY_FROM_REFERENCE,0.027777777777777776,MINOR,1,197,,,90ea22f8ec8ac4e96d74060925c8e5ad2882e05b5e2fe4a5806401dc7e17b77d,0.24677809027455308,0.1688985857006745,0.6015625,-1,True,1359
SB3773,Onychia,"nail matrix, plate-production, and periungual structure","altered configuration or regulated output of the named structure, expressed as the state described by onychia",remaining_5256,473df20cbaf93dac08b89671a5c38aff5718de0f155f52d996694a0ef29b79ac,36,8,3,4,9,7,0.1250565934463045,0.23917037200145685,0.11411377855515237,0.11411377855515237,AWAY_FROM_REFERENCE,0.1111111111111111,MINOR,1,230,,,eab230f3ec89856a48b4249194fc6a744ad39f11c326bf2c386ffd2291289b85,0.2467615444393248,0.17059334687722538,0.59375,-1,True,1360
SB3291,Melanonychia,"nail matrix, plate-production, and periungual structure","altered configuration or regulated output of the named structure, expressed as the state described by melanonychia",remaining_5256,4c173831d8ad26a56b8d6af0aab9a2f2707cd034a2bdb404bab5366e0a5a5cda,36,9,2,3,10,5,0.13054776545231983,0.2410240807949573,0.11047631534263747,0.11047631534263747,AWAY_FROM_REFERENCE,0.08333333333333333,MINOR,1,230,,,89b2bafbd4fe92e2a6599e004d44b79078d1fc11c9a6b672b55b14ff9875a3e7,0.24674906072688962,0.1671482447888898,0.609375,-1,True,1361
SB1676,Dyspepsia,"gastric mucosal barrier, secretory state, motility, and emptying structure","abnormal upper-gastrointestinal sensory, motility, and postprandial accommodation state",remaining_5256,dabd2e2cd6d925856fb3fa04fa2b75fc0a6c54e7d2acb487951f090b1dc1ae8d,1653,653,117,109,645,226,0.17271691509714304,0.27507083328441273,0.10235391818726969,0.10235391818726969,AWAY_FROM_REFERENCE,0.06594071385359952,MINOR,1,98,,,dc7f563d02e6e233e4fbebbec3f4c58929bf6b72425364f251c295abe98f0541,0.24656069106557982,0.17549322081168273,0.5703125,8,True,1362
SB1677,Dyspepsia aggravated,"gastric mucosal barrier, secretory state, motility, and emptying structure","abnormal upper-gastrointestinal sensory, motility, and postprandial accommodation state",remaining_5256,dabd2e2cd6d925856fb3fa04fa2b75fc0a6c54e7d2acb487951f090b1dc1ae8d,1653,653,117,109,645,226,0.17271691509714304,0.27507083328441273,0.10235391818726969,0.10235391818726969,AWAY_FROM_REFERENCE,0.06594071385359952,MINOR,1,98,,,8620f5d23753098aac4cc21d4d43b439396edc10ce4f14cf8ee8764eab98ca20,0.24656069106557982,0.17549322081168273,0.5703125,8,True,1363
SB0579,Basophilia,"circulating leukocyte production, distribution, and effector-cell structure","altered configuration or regulated output of the named structure, expressed as the state described by basophilia",remaining_5256,3d6fd67058dd151294faa36554c767eaecf6aa92fe9e178285a14b0008f5df44,1830,465,86,282,661,368,0.10073460939571299,0.21118451742478228,0.11044990802906929,0.11044990802906929,AWAY_FROM_REFERENCE,0.1540983606557377,MINOR,1,231,,,3129956e223f1794167e705064075a9867c0a8e29cecfd05e78a4dff985526e5,0.24641217326766535,0.18045691861910407,0.546875,-196,True,1364
SB3032,Labyrinthitis,vestibular sensory-transduction and balance-control structure,"localized inflammatory activation with cellular infiltration, vascular change, and tissue-function perturbation",remaining_5256,c2ed0f18f5523d8d3b8d45bd406885f76649188a9d7fa24050a5a602df3af84f,15,7,2,2,7,4,0.20459228045370992,0.30751762335936783,0.10292534290565791,0.10292534290565791,AWAY_FROM_REFERENCE,0.13333333333333333,MINOR,1,198,,,4f29dfe4d575d76439fd3a94cb2cc8a0efa4374d5ffc6563846f2d84571bbc05,0.24640233722300775,0.16329553319878998,0.625,0,True,1365
SB5600,Vestibular neuronitis,vestibular sensory-transduction and balance-control structure,"localized inflammatory activation with cellular infiltration, vascular change, and tissue-function perturbation",remaining_5256,c2ed0f18f5523d8d3b8d45bd406885f76649188a9d7fa24050a5a602df3af84f,15,7,2,2,7,4,0.20459228045370992,0.30751762335936783,0.10292534290565791,0.10292534290565791,AWAY_FROM_REFERENCE,0.13333333333333333,MINOR,1,198,,,67198cb2867678a9b5f40742ccecba5e7b59c52e34c14ef504aaadf36e15315f,0.24640233722300775,0.16329553319878998,0.625,0,True,1366
SB2569,Hyperaesthesia,peripheral sensory-nerve axonal conduction structure,"excess magnitude, activity, quantity, or tissue state above the reference configuration",remaining_5256,0353ce535c9f6bddd6f4991a7855549e13eef72389338bf9da4538a15c66b643,6,5,1,0,4,1,0.17756806654606583,0.2718747354306488,0.09430666888458294,0.09430666888458294,AWAY_FROM_REFERENCE,0.0,INFORMATIONAL,0,223,,,475b2d54c55c8551feedbbb679de7353e9183abe9ee17703c30fa3bfa09038c8,0.24640080437101664,0.17701317606221545,0.5625,1,True,1367
SB3524,Nail changes,"nail matrix, plate-production, and periungual structure","altered configuration or regulated output of the named structure, expressed as the state described by nail changes",remaining_5256,31728698526ceee497f89c4458036430bdc14018b8f75ee9175ab766a41db2bb,36,9,4,4,9,8,0.12209388509598162,0.23260950086336396,0.11051561576738234,0.11051561576738234,AWAY_FROM_REFERENCE,0.1111111111111111,MINOR,1,230,,,2ce88998afa73759d1bd0379f3710a157f160f4c3f70319fa0c0c65f9df771ca,0.24633455240640942,0.17007262488586516,0.59375,0,True,1368
SB4192,Pleural infection,"pleural membrane, pleural-space, and thoracic mechanical structure",pathogen-associated occupation/invasion with host-defense activation and local structural disruption,remaining_5256,4ae465744934a52206e240c75386d213251882c2baf172f8ce7ef841bc111a3f,36,22,4,1,19,5,0.15763427363549953,0.26940648663308386,0.11177221299758433,0.11177221299758433,AWAY_FROM_REFERENCE,0.027777777777777776,MINOR,1,197,,,f1bbd7ca906ea3f4ee75111028f2081341867be5712d4c04b63faf36b134e7d4,0.2462158351746333,0.1750726648471138,0.5703125,3,True,1369
SB3534,Nail thinning,"nail matrix, plate-production, and periungual structure","altered configuration or regulated output of the named structure, expressed as the state described by nail thinning",remaining_5256,3b2b38e38b4e34bd7340e38fe3d28e170af1154810879b069599bb12d88afea4,36,9,2,3,10,5,0.12268532452145409,0.23531048330944682,0.11262515878799273,0.11262515878799273,AWAY_FROM_REFERENCE,0.08333333333333333,MINOR,1,230,,,f434093f4eee12b42a0cbf105862a6d9f34e863e4ff21438abb867ef45dfbf53,0.24610922239303323,0.17151277121101616,0.5859375,-1,True,1370
SB1463,Demyelinating polyneuropathy,peripheral sensory-nerve axonal conduction structure,structural-functional tissue disorder with impaired normal operation of the named structure,remaining_5256,7db04537c176b8aa767f9493b3f60e7f8fc5236559bd1dfcb08afe54490c4d11,6,5,1,0,4,1,0.17914897313758893,0.2796419968069167,0.10049302366932777,0.10049302366932777,AWAY_FROM_REFERENCE,0.0,INFORMATIONAL,0,223,,,9dc5bdfa413be2a7ce76db6da5fe6207666a21a411d5645bc32b85aa9156a4d9,0.24604062598537318,0.16799923900655267,0.6015625,1,True,1371
SB3395,Mononeuropathy,peripheral sensory-nerve axonal conduction structure,structural-functional tissue disorder with impaired normal operation of the named structure,remaining_5256,7db04537c176b8aa767f9493b3f60e7f8fc5236559bd1dfcb08afe54490c4d11,6,5,1,0,4,1,0.17914897313758893,0.2796419968069167,0.10049302366932777,0.10049302366932777,AWAY_FROM_REFERENCE,0.0,INFORMATIONAL,0,223,,,7ea9dfbb15a3ad254dcdcb8c4a2c41b871a08ac8d481c600fcc15b3bfe5149e2,0.24604062598537318,0.16799923900655267,0.6015625,1,True,1372
SB4242,Polyneuropathy,peripheral sensory-nerve axonal conduction structure,structural-functional tissue disorder with impaired normal operation of the named structure,remaining_5256,7db04537c176b8aa767f9493b3f60e7f8fc5236559bd1dfcb08afe54490c4d11,6,5,1,0,4,1,0.17914897313758893,0.2796419968069167,0.10049302366932777,0.10049302366932777,AWAY_FROM_REFERENCE,0.0,INFORMATIONAL,0,223,,,6b1276957d4d9f905920d129aeb1786cb5a5942cf47e3b4030f24ab06afffd6f,0.24604062598537318,0.16799923900655267,0.6015625,1,True,1373
SB0075,Ache,somatic sensory-transmission structure,increased nociceptive signaling associated with local tissue or neural perturbation,established_478,4ac84827295068581c2c784c83fad64b503214c0018d449b516f7ab38f1a540b,1770,894,135,150,909,285,0.24632411099850893,0.3185417258178227,0.07221761481931377,0.07221761481931377,AWAY_FROM_REFERENCE,0.0847457627118644,MINOR,1,210,,,a930bfd6361c221f32fe5ff7bd7aa24edcfe17cf88e48059dfbc76a8c1e3b585,0.24600920220056907,0.1679609173177672,0.6015625,-15,True,1374
SB0076,Ache wrists,somatic sensory-transmission structure,increased nociceptive signaling associated with local tissue or neural perturbation,established_478,4ac84827295068581c2c784c83fad64b503214c0018d449b516f7ab38f1a540b,1770,894,135,150,909,285,0.24632411099850893,0.3185417258178227,0.07221761481931377,0.07221761481931377,AWAY_FROM_REFERENCE,0.0847457627118644,MINOR,1,210,,,a2d8580930a19a1415b5a50c31d5ef33eb0649fe5074c0efa9786142d64de16f,0.24600920220056907,0.1679609173177672,0.6015625,-15,True,1375
SB1621,Drug reaction with eosinophilia and systemic symptoms,"circulating leukocyte production, distribution, and effector-cell structure",acute or subacute state transition of the named structure in response to an external or internal perturbation,remaining_5256,fbb2f5576d4e5ec682decc9ebc400f92bff2f7e84cdac95b1627d0a731d59bde,1830,624,112,259,771,371,0.15325147964818764,0.25325052662139114,0.0999990469732035,0.0999990469732035,AWAY_FROM_REFERENCE,0.14153005464480875,MINOR,1,231,,,8c0f44e11026150ac841fd0a47f4c487b0e78365a4859cbb435ed90ec6a79ba5,0.2459610069579125,0.1661872036072104,0.609375,-147,True,1376
SB5329,Traumatic lung injury,"pulmonary airway-alveolar, pleural, and gas-exchange structure",externally imposed mechanical/thermal/chemical tissue-integrity disruption,remaining_5256,60237a16ff5f3a16abaa2bb86d1ac0144dca0bc00e4b52c5ed70fe92b3efd76b,36,19,1,4,22,5,0.19156172100412872,0.2779567646272507,0.086395043623122,0.086395043623122,AWAY_FROM_REFERENCE,0.1111111111111111,MINOR,1,231,,,4f46a8b4cfa1b4b7dcf734e12c95132e56c2613aa46098cdfcafa142277af4df,0.24582583595970176,0.17631199507280704,0.5625,-3,True,1377
SB0248,Alveolitis,pulmonary interstitial-alveolar structure,"localized inflammatory activation with cellular infiltration, vascular change, and tissue-function perturbation",established_478,653fa26098f4add5d8d66ec5510f0c84dba4fcd2180b57b6e16bcdffec3f202c,45,19,3,4,20,7,0.17850170169280077,0.23789160456575953,0.059389902872958755,0.059389902872958755,AWAY_FROM_REFERENCE,0.08888888888888889,MINOR,1,223,,,b9ace39f9469f979843bd5078b773c6abadcd54a6a84073c9b35957571014383,0.24575027026542395,0.17450490276271213,0.5703125,-1,True,1378
SB1075,Cheilitis,"oral mucosal, dental, lingual, and salivary-interface structure","localized inflammatory activation with cellular infiltration, vascular change, and tissue-function perturbation",remaining_5256,136256db97a931a1f9312c7ebe8b727927b6cd6420f1f696b806f5d294cfc6ca,45,22,7,2,17,9,0.13288826244614094,0.22428648259363182,0.09139822014749088,0.09139822014749088,AWAY_FROM_REFERENCE,0.044444444444444446,MINOR,1,230,,,e504ffc58b485cd42650aa129191861dcb461648da9f88c9caced7f9f0c80023,0.24565126024299233,0.17438415883291747,0.5703125,5,True,1379
SB0793,Bowel spasm,"intestinal mucosal barrier, smooth-muscle motility, and luminal transport structure",excess or sustained contractile activation causing abnormal narrowing or mechanical state,remaining_5256,331859c727db263a26230384e454632a81ad7a497602dc576614f4d80a452beb,276,89,21,40,108,61,0.12670085128837927,0.2457731478777161,0.11907229658933682,0.11907229658933682,AWAY_FROM_REFERENCE,0.14492753623188406,MINOR,1,231,,,5ba3a241f63a6e2a5cb1d9e117f7bcdd8cb3b45a73b75bcf6e7e1624d77d1746,0.2451849220363208,0.17724533175161072,0.5546875,-19,True,1380
SB4531,Reaction gastrointestinal,"intestinal mucosal barrier, smooth-muscle motility, and luminal transport structure",acute or subacute state transition of the named structure in response to an external or internal perturbation,remaining_5256,4adc7de0a60c489a33978af1dfc90d3f23c015e0275bab8c8d92a3fdcfc3c007,276,91,20,35,106,55,0.11215535275643362,0.21755345345875765,0.10539810070232403,0.10539810070232403,AWAY_FROM_REFERENCE,0.12681159420289856,MINOR,1,231,,,994428365d4276f01ed5c5ac8dd4f118f92fbb987568e7c547cb079737739a0f,0.24512676577964246,0.1668847753410274,0.6015625,-15,True,1381
SB2205,Gastrointestinal malformation,"intestinal mucosal barrier, smooth-muscle motility, and luminal transport structure","developmental patterning deviation producing absent, incomplete, or abnormally organized structure",remaining_5256,cecc411225a4626439e4998b903bb1a3aa402cbbb58fef51dd6843c4af159cb9,276,102,15,33,120,48,0.12892465359075267,0.24371242217014633,0.11478776857939366,0.11478776857939366,AWAY_FROM_REFERENCE,0.11956521739130435,MINOR,1,231,,,827035cf961d81e03ae1c0641afae88e8bacea84fcc1449164c6bb3bf87bf543,0.24502669605314392,0.17362249518676087,0.5703125,-18,True,1382
SB1147,Chronic idiopathic constipation,"intestinal mucosal barrier, smooth-muscle motility, and luminal transport structure",reduced intestinal transit/propulsion with prolonged luminal retention,remaining_5256,3f4b303b6ef43027083948c7cd5a4b85a96052db1ee4262399178f0726c98415,276,92,16,31,107,47,0.12544652444738036,0.23067772049170254,0.10523119604432218,0.10523119604432218,AWAY_FROM_REFERENCE,0.11231884057971014,MINOR,1,231,,,4bbf1196e7eb8bbda6ea3cbdcd12d7d2ac53e2a117377cdb8bfa2ca1a5618eb8,0.24477344363675752,0.1733136507765336,0.5703125,-15,True,1383
SB1296,Constipation,"intestinal mucosal barrier, smooth-muscle motility, and luminal transport structure",reduced intestinal transit/propulsion with prolonged luminal retention,remaining_5256,3f4b303b6ef43027083948c7cd5a4b85a96052db1ee4262399178f0726c98415,276,92,16,31,107,47,0.12544652444738036,0.23067772049170254,0.10523119604432218,0.10523119604432218,AWAY_FROM_REFERENCE,0.11231884057971014,MINOR,1,231,,,fb37e5c6ecc305767c27abe1063c1ffa589190857a9ab04b9467ad808ba9498e,0.24477344363675752,0.1733136507765336,0.5703125,-15,True,1384
SB1297,Constipation aggravated,"intestinal mucosal barrier, smooth-muscle motility, and luminal transport structure",reduced intestinal transit/propulsion with prolonged luminal retention,remaining_5256,3f4b303b6ef43027083948c7cd5a4b85a96052db1ee4262399178f0726c98415,276,92,16,31,107,47,0.12544652444738036,0.23067772049170254,0.10523119604432218,0.10523119604432218,AWAY_FROM_REFERENCE,0.11231884057971014,MINOR,1,231,,,ec1551a6020d91dca488f46edd582fd3fb1a9c1411912774ca6fa51745140925,0.24477344363675752,0.1733136507765336,0.5703125,-15,True,1385
SB1298,Constipation chronic,"intestinal mucosal barrier, smooth-muscle motility, and luminal transport structure",reduced intestinal transit/propulsion with prolonged luminal retention,remaining_5256,3f4b303b6ef43027083948c7cd5a4b85a96052db1ee4262399178f0726c98415,276,92,16,31,107,47,0.12544652444738036,0.23067772049170254,0.10523119604432218,0.10523119604432218,AWAY_FROM_REFERENCE,0.11231884057971014,MINOR,1,231,,,844e016aeb9515c3e91430aaf0086b902f6e474d2a87499f2de3b190ac357b3a,0.24477344363675752,0.1733136507765336,0.5703125,-15,True,1386
SB4263,Post procedural constipation,"intestinal mucosal barrier, smooth-muscle motility, and luminal transport structure",reduced intestinal transit/propulsion with prolonged luminal retention,remaining_5256,3f4b303b6ef43027083948c7cd5a4b85a96052db1ee4262399178f0726c98415,276,92,16,31,107,47,0.12544652444738036,0.23067772049170254,0.10523119604432218,0.10523119604432218,AWAY_FROM_REFERENCE,0.11231884057971014,MINOR,1,231,,,4a8cae69f30f1a01cbb405aa8499831abfcbef4f9a9a8e82daf56e911d8207f8,0.24477344363675752,0.1733136507765336,0.5703125,-15,True,1387
SB4292,Postoperative constipation,"intestinal mucosal barrier, smooth-muscle motility, and luminal transport structure",reduced intestinal transit/propulsion with prolonged luminal retention,remaining_5256,3f4b303b6ef43027083948c7cd5a4b85a96052db1ee4262399178f0726c98415,276,92,16,31,107,47,0.12544652444738036,0.23067772049170254,0.10523119604432218,0.10523119604432218,AWAY_FROM_REFERENCE,0.11231884057971014,MINOR,1,231,,,d0703b2043e7ed321a276f0887521727bfb83cd904924e50aafc43957c9e778f,0.24477344363675752,0.1733136507765336,0.5703125,-15,True,1388
SB3774,Onychoclasis,"nail matrix, plate-production, and periungual structure","altered configuration or regulated output of the named structure, expressed as the state described by onychoclasis",remaining_5256,e72f0ac513da38c67d983d89ce201be2e217c945779d5eb1bc1a41042f01f978,36,10,4,4,10,8,0.13275802094808187,0.24131655976624178,0.10855853881815991,0.10855853881815991,AWAY_FROM_REFERENCE,0.1111111111111111,MINOR,1,230,,,6874c558fcfd89aa0efeb095608b1c6858b8e2fc7b696e56d48c23e0a623e605,0.24473919752910925,0.16984200918184056,0.5859375,0,True,1389
SB3663,Nipple swelling,mammary gland ductal-lobular and secretory structure,"excess fluid accumulation within interstitial, tissue, or cavity compartments",remaining_5256,147a1d605bf19c5e64ed037939682884958a3b2d67b73bd5bcc4607b9ae74e26,3,2,1,0,1,1,0.20999664834945087,0.3026345459166834,0.09263789756723251,0.09263789756723251,AWAY_FROM_REFERENCE,0.0,INFORMATIONAL,0,230,,,2e453719bcb1f7f0f472faf5d7bf6e3984890c66b2aad4f12c2468ec626a50a0,0.24467617255508262,0.17490996653058855,0.5625,1,True,1390
SB3533,Nail ridging,"nail matrix, plate-production, and periungual structure","altered configuration or regulated output of the named structure, expressed as the state described by nail ridging",remaining_5256,fb5fe29314fceb7919480c53a5724cae74e2826958aff88f1b1ec15c325e7bfc,36,9,4,4,9,8,0.12026824805652336,0.23102572031546798,0.11075747225894461,0.11075747225894461,AWAY_FROM_REFERENCE,0.1111111111111111,MINOR,1,230,,,8022c9e5a2acee2d220588b89d01307e08c2ca755b93f439bd9ef4c729118906,0.24460030606481922,0.1696726293473405,0.5859375,0,True,1391
SB1193,Coagulopathy,"plasma coagulation, platelet-hemostasis, and fibrinolytic structure",structural-functional tissue disorder with impaired normal operation of the named structure,remaining_5256,02ea16fc42c99b19a4c30420237fe8efcad9f237fae2079398f3439fa7c4736d,28,12,5,1,8,6,0.15417222204060943,0.2633675227147516,0.10919530067414218,0.10919530067414218,AWAY_FROM_REFERENCE,0.03571428571428571,MINOR,1,231,,,1671f6ff0f9400d265e3e264d26029fe4d772c1a790f25ec3aa0a70d4cf8c710,0.24441708524856753,0.16773425030313116,0.59375,4,True,1392
SB2329,Granulocytosis,"circulating leukocyte production, distribution, and effector-cell structure","abnormal structural accumulation, degeneration, remodeling, or chronic state within the named structure",remaining_5256,23a3fdedd10c78634248a0818b1accb7e56fae2f217392ec5d6494776781e6f8,1830,577,119,272,730,391,0.12143811907902247,0.2221882404807457,0.10075012140172324,0.10075012140172324,AWAY_FROM_REFERENCE,0.14863387978142076,MINOR,1,231,,,dc3550f3dc265ff94be3f88d301806129e924e82140c01a83374e0ee55c5af00,0.24426607561112096,0.17440984830624506,0.5625,-153,True,1393
SB3088,Leukocytosis,"circulating leukocyte production, distribution, and effector-cell structure","abnormal structural accumulation, degeneration, remodeling, or chronic state within the named structure",remaining_5256,23a3fdedd10c78634248a0818b1accb7e56fae2f217392ec5d6494776781e6f8,1830,577,119,272,730,391,0.12143811907902247,0.2221882404807457,0.10075012140172324,0.10075012140172324,AWAY_FROM_REFERENCE,0.14863387978142076,MINOR,1,231,,,6b2a50e4c577d44423e83cff2d205fe2707b2d086f9a768d36e72413010ebbaf,0.24426607561112096,0.17440984830624506,0.5625,-153,True,1394
SB3651,Neutrophilic dermatosis,"circulating leukocyte production, distribution, and effector-cell structure","abnormal structural accumulation, degeneration, remodeling, or chronic state within the named structure",remaining_5256,23a3fdedd10c78634248a0818b1accb7e56fae2f217392ec5d6494776781e6f8,1830,577,119,272,730,391,0.12143811907902247,0.2221882404807457,0.10075012140172324,0.10075012140172324,AWAY_FROM_REFERENCE,0.14863387978142076,MINOR,1,231,,,f66dd5c22447d8f8367127d36c6e8d4e5721a1d7f367f1e7b7dfc39c9812b993,0.24426607561112096,0.17440984830624506,0.5625,-153,True,1395
SB4451,Pulmonary vasculitis,"pulmonary airway-alveolar, pleural, and gas-exchange structure","localized or systemic inflammatory activation with altered barrier, vascular, and cellular organization",remaining_5256,30e39182b7cd1fa861a2669c23b7223963a544ada51bfbb67330012fb138f498,36,16,1,3,18,4,0.1983031933668432,0.2922583077720686,0.09395511440522542,0.09395511440522542,AWAY_FROM_REFERENCE,0.08333333333333333,MINOR,1,231,,,6048d507a7a9202af4f4fb1c8a68817a61a0bcde2d44c522a5c917e5e08a728d,0.24422230383952698,0.1726415290725939,0.5703125,-2,True,1396
SB4162,Pituitary tumour,hypothalamic-pituitary hormone-control and release structure,loss of normal proliferative/differentiation constraint with clonal tissue expansion and architectural replacement,remaining_5256,db6c6f33f5bc48f53bba5c813c2e2bd841f87284fe5b04ba541f5e65879e8a44,741,391,85,45,351,130,0.17568209479128472,0.2386957391197061,0.06301364432842138,0.06301364432842138,AWAY_FROM_REFERENCE,0.06072874493927125,MINOR,1,174,,,858711173011792282d0d682accb5cbf1eb7422d6ff14c871769fb4383490663,0.2438997838709946,0.17567809008657875,0.5546875,40,True,1397
SB4163,Pituitary tumour benign,hypothalamic-pituitary hormone-control and release structure,loss of normal proliferative/differentiation constraint with clonal tissue expansion and architectural replacement,remaining_5256,db6c6f33f5bc48f53bba5c813c2e2bd841f87284fe5b04ba541f5e65879e8a44,741,391,85,45,351,130,0.17568209479128472,0.2386957391197061,0.06301364432842138,0.06301364432842138,AWAY_FROM_REFERENCE,0.06072874493927125,MINOR,1,174,,,b8e8da50d034239840830a8e5fee86c12f785554f64c3c113f9cf7c28f6e849d,0.2438997838709946,0.17567809008657875,0.5546875,40,True,1398
SB3532,Nail pigmentation,"nail matrix, plate-production, and periungual structure","altered configuration or regulated output of the named structure, expressed as the state described by nail pigmentation",remaining_5256,86ecba3146294e66ad1deac4bbac35004991fe2038a536a2ac10cecf609cf896,36,12,4,3,11,7,0.12137580604655462,0.23461743835883853,0.1132416323122839,0.1132416323122839,AWAY_FROM_REFERENCE,0.08333333333333333,MINOR,1,230,,,30f7e3d83c82a5972a4db28b132958e2d2e54dcc0579e72675cc756687b032b1,0.2432714288072314,0.16805204732589196,0.5859375,1,True,1399
SB3775,Onycholysis,"nail matrix, plate-production, and periungual structure","altered configuration or regulated output of the named structure, expressed as the state described by onycholysis",remaining_5256,174ff02d1840a8b5b5d943a63d89aa9efeac9ec19369feb3c4c1b3627c97428e,36,10,4,4,10,8,0.12796700588643561,0.2433344173356461,0.11536741144921048,0.11536741144921048,AWAY_FROM_REFERENCE,0.1111111111111111,MINOR,1,230,,,230680044112077fc1fdb6383f82ca3924c04573e51df296f39a6a3b1cac834c,0.24293521554735834,0.16764203115531506,0.5859375,0,True,1400
SB4016,Pelvi-ureteric obstruction,"ureteric lumen, peristaltic, and urine-transfer structure",partial or complete luminal/pathway blockage with impaired transit or flow,remaining_5256,2c794c5b8e8664af9978037b3217b35540e5302d375affe2170f22c439e9bf03,21,17,0,1,18,1,0.225963277020229,0.33134579930543073,0.10538252228520173,0.10538252228520173,AWAY_FROM_REFERENCE,0.047619047619047616,MINOR,1,198,,,7161c4a549f7fd43876e7abe248ac5a323ca2014325d126616131e7592d6af8d,0.24286946426016304,0.17270666373190613,0.5625,-1,True,1401
SB5414,Ureteric obstruction,"ureteric lumen, peristaltic, and urine-transfer structure",partial or complete luminal/pathway blockage with impaired transit or flow,remaining_5256,2c794c5b8e8664af9978037b3217b35540e5302d375affe2170f22c439e9bf03,21,17,0,1,18,1,0.225963277020229,0.33134579930543073,0.10538252228520173,0.10538252228520173,AWAY_FROM_REFERENCE,0.047619047619047616,MINOR,1,198,,,015f74a1d049f909cd3621c5d73972fda3d5693ba9526686c5c7bf688685afb9,0.24286946426016304,0.17270666373190613,0.5625,-1,True,1402
SB2342,Growth hormone overproduction,hypothalamic-pituitary hormone-control and release structure,functional output above the reference operating range,remaining_5256,c6e03e1c810fbb9031cf9d7d6fa1ffb3b6e4ddff77043381ca8215ae9c281cc5,741,379,95,40,324,135,0.1815966744018157,0.24159454081497578,0.05999786641316007,0.05999786641316007,AWAY_FROM_REFERENCE,0.05398110661268556,MINOR,1,174,,,ced6bf28530e3d5334f1e8950100e3f74b6d9192ae86f754db6d1652bfb11a8b,0.24283870726928208,0.16409446008449036,0.6015625,55,True,1403
SB2837,Ingrowing nail,"nail matrix, plate-production, and periungual structure","altered configuration or regulated output of the named structure, expressed as the state described by ingrowing nail",remaining_5256,873f76e6b7bddebe74ca92ed3ddec2808e4ee7d686d877cf965979f0d2b582b3,36,11,3,3,11,6,0.1322167570837406,0.2429527159502758,0.1107359588665352,0.1107359588665352,AWAY_FROM_REFERENCE,0.08333333333333333,MINOR,1,230,,,249b0f86b9d8a79a0e1018800083accc890a0014b9069d81d4def7306288f208,0.24265182478853956,0.16558149364456043,0.59375,0,True,1404
SB3528,Nail dystrophy,"nail matrix, plate-production, and periungual structure","altered configuration or regulated output of the named structure, expressed as the state described by nail dystrophy",remaining_5256,d532e451f2ce4a57efaed49ebad22de530da227c9f40def1ea54dd019e778416,36,9,4,4,9,8,0.12632648504077926,0.23513480971018808,0.10880832466940882,0.10880832466940882,AWAY_FROM_REFERENCE,0.1111111111111111,MINOR,1,230,,,778c1936204d6cc1a5ed60564dc3a240f1db969ae113f9501bf55aa40a34058d,0.24259744901911126,0.16551518173062352,0.59375,0,True,1405
SB3994,Paronychia,"nail matrix, plate-production, and periungual structure","altered configuration or regulated output of the named structure, expressed as the state described by paronychia",remaining_5256,290d332c3625ee9f01bd69e41c6435383f931fbee2bf14205e5557fe33ee0a40,36,9,3,4,10,7,0.12244293499627334,0.23875327196198715,0.1163103369657138,0.1163103369657138,AWAY_FROM_REFERENCE,0.1111111111111111,MINOR,1,230,,,df9dae24a4f9c4c34774673e5221c111a781ad6ddbb554ff8a5d1f6208d70d87,0.24256257998286318,0.1689025365644673,0.578125,-1,True,1406
SB2219,Gastrointestinal ulcer,"intestinal mucosal barrier, smooth-muscle motility, and luminal transport structure",localized epithelial or tissue-surface loss with reduced barrier continuity,remaining_5256,cc62f623519588a33fc0adcaa057d86440215133fd35b89454250ead4afc047e,276,80,19,37,98,56,0.11934724960981102,0.2350086702881098,0.11566142067829877,0.11566142067829877,AWAY_FROM_REFERENCE,0.13405797101449277,MINOR,1,231,,,eef106a89b17478fd0780d1b6944ebb4b502700dc63e44c1068b84cb707dc07e,0.24253610887936683,0.17573001082849615,0.546875,-18,True,1407
SB2221,Gastrointestinal ulcer perforation,"intestinal mucosal barrier, smooth-muscle motility, and luminal transport structure",localized epithelial or tissue-surface loss with reduced barrier continuity,remaining_5256,cc62f623519588a33fc0adcaa057d86440215133fd35b89454250ead4afc047e,276,80,19,37,98,56,0.11934724960981102,0.2350086702881098,0.11566142067829877,0.11566142067829877,AWAY_FROM_REFERENCE,0.13405797101449277,MINOR,1,231,,,d7719cc224ab8742beaf77bd75dc14e4bed8fb24a307e960ab738abb3fc268f1,0.24253610887936683,0.17573001082849615,0.546875,-18,True,1408
SB2932,Intestinal ulcer,"intestinal mucosal barrier, smooth-muscle motility, and luminal transport structure",localized epithelial or tissue-surface loss with reduced barrier continuity,remaining_5256,cc62f623519588a33fc0adcaa057d86440215133fd35b89454250ead4afc047e,276,80,19,37,98,56,0.11934724960981102,0.2350086702881098,0.11566142067829877,0.11566142067829877,AWAY_FROM_REFERENCE,0.13405797101449277,MINOR,1,231,,,edf2415caa96eda8effc12c2fc947d0b3ac40af0631a2b808dc058c4d380b5bd,0.24253610887936683,0.17573001082849615,0.546875,-18,True,1409
SB2370,Haemoglobin normal,"erythrocyte production, integrity, and oxygen-transport structure",measured state within the declared reference range rather than a malformation,remaining_5256,a9dba591c4085aae4de8deac76bc8c5fe09ef3fab8a53d7b82f39024333b1d16,15,12,1,1,12,2,0.1542878368062992,0.26887294346590607,0.11458510665960686,0.11458510665960686,AWAY_FROM_REFERENCE,0.06666666666666667,MINOR,1,174,,,691212de75639800d77f3e3a2bd7751d677fa026cd99faa3b6a817e95099a140,0.24239221559338608,0.172124653162666,0.5625,0,True,1410
SB4549,Red blood cell abnormality,"erythrocyte production, integrity, and oxygen-transport structure",measured state within the declared reference range rather than a malformation,remaining_5256,a9dba591c4085aae4de8deac76bc8c5fe09ef3fab8a53d7b82f39024333b1d16,15,12,1,1,12,2,0.1542878368062992,0.26887294346590607,0.11458510665960686,0.11458510665960686,AWAY_FROM_REFERENCE,0.06666666666666667,MINOR,1,174,,,fc73f168afbd7ede8cfe29623f95f14fc07cd809802d5954413817d32bb32440,0.24239221559338608,0.172124653162666,0.5625,0,True,1411
SB3776,Onychomadesis,"nail matrix, plate-production, and periungual structure","altered configuration or regulated output of the named structure, expressed as the state described by onychomadesis",remaining_5256,19e90f8ea12cd3d4878cd7e8be0eb0aa591df7f2e0eab802d2cbb278fd2cdf07,36,10,4,4,10,8,0.12785724656557962,0.23720860884082484,0.10935136227524522,0.10935136227524522,AWAY_FROM_REFERENCE,0.1111111111111111,MINOR,1,230,,,bfa052b3002973101d7dc69a5edc9187163e85d7df952d70db33428f36619365,0.24228101004625233,0.16855915859299064,0.578125,0,True,1412
SB0133,Acute leukaemia,hematopoietic precursor proliferation structure,abnormal concentration or presence of the named material/cell state in circulating blood,established_478,36f339c9f265c5d474e59a82b44e73882494ba397e3790a59f21e17cacf5a870,78,42,6,12,48,18,0.206024523003824,0.3110761509760229,0.10505162797219891,0.10505162797219891,AWAY_FROM_REFERENCE,0.15384615384615385,MINOR,1,186,,,861d7132634f09ea50b9924dcb73595c9acf9d44ce4b5b06d8f15262f0d565c8,0.2422797247771874,0.17198746924047248,0.5625,-6,True,1413
SB0191,Aggravation of existing disorder,pre-existing affected biological structure,departure from the reference structural configuration or regulated functional range,established_478,e72e5a3300bb1aed39d86712c63abe322ab1d10c71f3ced96b40ea8858cc0bce,105,68,10,9,67,19,0.21238807262098736,0.3011131394131715,0.08872506679218417,0.08872506679218417,AWAY_FROM_REFERENCE,0.08571428571428572,MINOR,1,223,,,e8b97d25c98e67df1892d855c47faa97cd8217d21c29e09c63d7a8e25abb3059,0.24198333836224523,0.16991108336859173,0.5703125,1,True,1414
SB0466,Arthropathy,synovial-joint inflammatory and cartilage-bone interface structure,"abnormal joint cartilage, capsule, bone-interface, or mechanical function",established_478,5c789e225f16c28710136a24e52399a0e8fb993818187f15e88dc7e8a0e8e91d,136,72,7,9,74,16,0.14904318504920133,0.23307293512009064,0.08402975007088931,0.08402975007088931,AWAY_FROM_REFERENCE,0.0661764705882353,MINOR,1,231,,,720c68160171efdfd40ae8692b873c6807c0f12928f2c1da1b3c0c327f6471df,0.24179356647899092,0.16624977619389136,0.5859375,-2,True,1415
SB3266,Mastitis,mammary ductal-lobular and local immune structure,"localized inflammatory activation with cellular infiltration, vascular change, and tissue-function perturbation",remaining_5256,f208a3a669a87b9bad4d4828991bf034a7a5fcdaec8bb8e312d2f0a2a866dd03,21,5,1,1,5,2,0.19712077190654054,0.3019705098751564,0.10484973796861585,0.10484973796861585,AWAY_FROM_REFERENCE,0.047619047619047616,MINOR,1,231,,,30b62fc67ddf3d41de6a65a9e960122909411803d447b702d3ae95a1882870cf,0.24178820199357223,0.16281335608972225,0.6015625,0,True,1416
SB3267,Mastitis acute female,mammary ductal-lobular and local immune structure,"localized inflammatory activation with cellular infiltration, vascular change, and tissue-function perturbation",remaining_5256,f208a3a669a87b9bad4d4828991bf034a7a5fcdaec8bb8e312d2f0a2a866dd03,21,5,1,1,5,2,0.19712077190654054,0.3019705098751564,0.10484973796861585,0.10484973796861585,AWAY_FROM_REFERENCE,0.047619047619047616,MINOR,1,231,,,29d8f13a7ad26cb9d9333d1ba5d2ad5046046fafdabf2f8082caebe21b986f07,0.24178820199357223,0.16281335608972225,0.6015625,0,True,1417
SB1841,Eosinophiluria,"circulating leukocyte production, distribution, and effector-cell structure","abnormal presence, concentration, or excretion of the named material in urine",remaining_5256,d0eb1270aa50d632f12755a93623e844bd85ff350a483a25b662b65bafc97b7c,1830,678,145,229,762,374,0.1620712441060016,0.25373459778816976,0.09166335368216816,0.09166335368216816,AWAY_FROM_REFERENCE,0.1251366120218579,MINOR,1,231,,,149bd15e08a75fde3a16dff61a6ac679d21fce89bb6dd93a8263a532e9030f36,0.2417397275836411,0.1696139970532209,0.5703125,-84,True,1418
SB1991,Faecal incontinence,"intestinal mucosal barrier, smooth-muscle motility, and luminal transport structure",loss of storage/outlet control causing unintended material release,remaining_5256,f19a0a2312e6a38765b5c822adc24d321512abf9239a1e2c181e8c04a1a31f42,276,96,14,35,117,49,0.1524592791844075,0.25850971965028,0.10605044046587253,0.10605044046587253,AWAY_FROM_REFERENCE,0.12681159420289856,MINOR,1,231,,,19523cb4809fdfc30bce424e98e24c6ff825de55d25277884086e2dc700719b2,0.2416621043717492,0.16437451752652343,0.59375,-21,True,1419
SB3926,Pancreatic abscess,pancreatic endocrine-exocrine parenchymal and ductal structure,localized inflammatory cavity with tissue breakdown and accumulated cellular/fluid contents,remaining_5256,306488bce895568f7675dc0f0e954bf2e05395ba8c495b1feb522f9d4f93393e,91,41,8,8,41,16,0.1866460527001872,0.295239220827048,0.10859316812686082,0.10859316812686082,AWAY_FROM_REFERENCE,0.08791208791208792,MINOR,1,230,,,d4bd3424238fb12256a6c470a91d7a084d1c9129718c560df6139aad7b82aef2,0.24150096015920952,0.16760787824293844,0.578125,0,True,1420
SB2665,Hypogammaglobulinaemia,"circulating leukocyte production, distribution, and effector-cell structure","deficient magnitude, activity, quantity, or tissue state below the reference configuration",remaining_5256,0c6820968f9a039fa8a7b1a881071a266992baf011d8c2ed89d8a05d61e7be16,1830,563,127,278,714,405,0.1208360136206833,0.21845475030524864,0.09761873668456533,0.09761873668456533,AWAY_FROM_REFERENCE,0.15191256830601094,MINOR,1,231,,,376c8d6db85151666c69e02cea53d9bb045882c0c76b845d943b5ccd3cbd9eef,0.24133478725733576,0.16912016738699487,0.5703125,-151,True,1421
SB1267,Congenital megacolon,"colorectal mucosal barrier, motility, and transit structure",pathologic colonic dilation with impaired propulsive transit and wall mechanical state,remaining_5256,cd64d4f0693b4b8f18e6490820c8be61222cf5e2db1e7a201aa5e412a91bfca7,1,1,1,0,0,1,0.14746518036660572,0.25017151022014716,0.10270632985354144,0.10270632985354144,AWAY_FROM_REFERENCE,0.0,INFORMATIONAL,0,199,,,5b738fda884020e202cd1cf8fbdd8a3c467a827e17b93d6f323d4b2b25f27506,0.24109056458344047,0.16882233485785425,0.5703125,1,True,1422
SB3283,Megacolon,"colorectal mucosal barrier, motility, and transit structure",pathologic colonic dilation with impaired propulsive transit and wall mechanical state,remaining_5256,cd64d4f0693b4b8f18e6490820c8be61222cf5e2db1e7a201aa5e412a91bfca7,1,1,1,0,0,1,0.14746518036660572,0.25017151022014716,0.10270632985354144,0.10270632985354144,AWAY_FROM_REFERENCE,0.0,INFORMATIONAL,0,199,,,83872ae09a422daa0932d4aa7f38b18580ec39f325e036e4b05ca67f9f081556,0.24109056458344047,0.16882233485785425,0.5703125,1,True,1423
SB3284,Megacolon toxic,"colorectal mucosal barrier, motility, and transit structure",pathologic colonic dilation with impaired propulsive transit and wall mechanical state,remaining_5256,cd64d4f0693b4b8f18e6490820c8be61222cf5e2db1e7a201aa5e412a91bfca7,1,1,1,0,0,1,0.14746518036660572,0.25017151022014716,0.10270632985354144,0.10270632985354144,AWAY_FROM_REFERENCE,0.0,INFORMATIONAL,0,199,,,313d4bed109e89f8bbf4e6feeca536c46e006ce733784b0eff89b9547fbeefc8,0.24109056458344047,0.16882233485785425,0.5703125,1,True,1424
SB3525,Nail discolouration,"nail matrix, plate-production, and periungual structure","altered configuration or regulated output of the named structure, expressed as the state described by nail discolouration",remaining_5256,68b65e2f4b8876e57bf13fde0dbbced3ffc8212a66eae9d8329acdeb5cfb718a,36,9,3,4,10,7,0.126720819302777,0.23512941354911376,0.10840859424633675,0.10840859424633675,AWAY_FROM_REFERENCE,0.1111111111111111,MINOR,1,230,,,a790187fca51b27aff66926dd68319d5cbb1029b74e0e66ea6d929445fb34590,0.2404808985281041,0.1663639006440294,0.578125,-1,True,1425
SB0449,Arterial thrombosis,arterial-lumen blood-flow and thrombotic-hemostasis structure,intraluminal clot formation causing partial or complete flow obstruction,established_478,b8371247e3d248635e3e065489f73ed8a261b5d5e0bd11a8c382db595afb64cc,435,204,27,58,235,85,0.23901029458717116,0.35893935266642585,0.11992905807925469,0.11992905807925469,AWAY_FROM_REFERENCE,0.13333333333333333,MINOR,1,231,,,8560247ca8e6455ded599570ec77021f045c384d7cd43daeeac443f089e10ddb,0.24016734236963694,0.16941139313370357,0.5625,-31,True,1426
SB4157,Pituitary adenoma,hypothalamic-pituitary hormone-control and release structure,localized tissue overgrowth or mass formation with altered normal architecture,remaining_5256,5ea0f2684b8a5401cf20b46fe644ae9af92a27e9656b2ca847115e05f5279a41,741,335,83,43,295,126,0.1546698044852024,0.2166317450778128,0.0619619405926104,0.0619619405926104,AWAY_FROM_REFERENCE,0.058029689608636977,MINOR,1,174,,,53a366db23457c259d4aa28f294c578fd3272732624c2d1d5aba868d4568d3d6,0.23970725730074527,0.1688503137813967,0.5625,40,True,1427
SB3521,Nail abnormality NOS,"nail matrix, plate-production, and periungual structure",measured state within the declared reference range rather than a malformation,remaining_5256,a7947088201e5fcdde17f6175b15ed1674f17d9fcd935e56b8b0637f042205b5,36,10,4,5,11,9,0.15783673931088726,0.27554119331029725,0.11770445399940999,0.11770445399940999,AWAY_FROM_REFERENCE,0.1388888888888889,MINOR,1,230,,,333d8f5c4d0a88edd8ade719d1d84d04deb81227105d3182fdfd3c643d9dc3ec,0.23970237735901667,0.17398917970611794,0.5390625,-1,True,1428
SB3250,Malignant neoplasm of pancreas,pancreatic endocrine-exocrine parenchymal and ductal structure,loss of normal proliferative/differentiation constraint with clonal tissue expansion and architectural replacement,remaining_5256,f9faa9b856ffbabe6b0f349ebcd12361fdabf124cec424cb23d00886209862be,91,43,9,8,42,17,0.18501958612658664,0.3037127547924635,0.11869316866587687,0.11869316866587687,AWAY_FROM_REFERENCE,0.08791208791208792,MINOR,1,230,,,cd7b90b58f32a37b364c6e5c16f866b80e4caffac8759deb237c22ea983ce022,0.23931638445084885,0.17523339567176688,0.53125,1,True,1429
SB3927,Pancreatic carcinoma,pancreatic endocrine-exocrine parenchymal and ductal structure,loss of normal proliferative/differentiation constraint with clonal tissue expansion and architectural replacement,remaining_5256,f9faa9b856ffbabe6b0f349ebcd12361fdabf124cec424cb23d00886209862be,91,43,9,8,42,17,0.18501958612658664,0.3037127547924635,0.11869316866587687,0.11869316866587687,AWAY_FROM_REFERENCE,0.08791208791208792,MINOR,1,230,,,8599bd9bc315b3e405597725808726eec4a1e46e0327a0b21cd1cbc341054789,0.23931638445084885,0.17523339567176688,0.53125,1,True,1430
SB3933,Pancreatic neoplasm,pancreatic endocrine-exocrine parenchymal and ductal structure,loss of normal proliferative/differentiation constraint with clonal tissue expansion and architectural replacement,remaining_5256,f9faa9b856ffbabe6b0f349ebcd12361fdabf124cec424cb23d00886209862be,91,43,9,8,42,17,0.18501958612658664,0.3037127547924635,0.11869316866587687,0.11869316866587687,AWAY_FROM_REFERENCE,0.08791208791208792,MINOR,1,230,,,89ef77bd29c95ede4923aece186c6786adfb9777e5553a416f33011f8e5895bb,0.23931638445084885,0.17523339567176688,0.53125,1,True,1431
SB1941,Extremity necrosis,"regional limb musculoskeletal, neurovascular, and skin structure",loss of cellular viability with local tissue structural breakdown,remaining_5256,29cbd4e2c71c9cfd73a12618e06d678f1dc67607a1cd8b0a906b3d7d60718120,21,6,1,4,9,5,0.16002411592419885,0.25906985716934794,0.09904574124514909,0.09904574124514909,AWAY_FROM_REFERENCE,0.19047619047619047,MINOR,1,223,,,259c61d6bb18bde5c908792fca2e50c445e2ba34be435102edfa8543f4159d58,0.2389740456292549,0.17138603125518892,0.546875,-3,True,1432
SB0021,Abdominal injury,abdominal tissue mechanical-integrity structure,externally imposed mechanical/thermal/chemical tissue-integrity disruption,established_478,da920c787cf453f7fc7dcd6ace6d7cdec86430fb26d58018292068a4236add74,10,4,2,0,2,2,0.1507024967643339,0.26955741553985746,0.11885491877552357,0.11885491877552357,AWAY_FROM_REFERENCE,0.0,INFORMATIONAL,0,230,,,fda1ec9c4941b5437831b7dc938d6542dd6cb55b93b44eac172e2b6f756c1321,0.23886535017915106,0.16782359777945255,0.5625,2,True,1433
SB0867,Bronchospasm aggravated,bronchial smooth-muscle tone and airway-caliber structure,increase in magnitude or instability of a pre-existing structural deviation,remaining_5256,7903d99f5b8c72054ba02c330526ba17cc700a39819bf83885ccc3b82c8a4068,300,115,27,20,108,47,0.13108218537637062,0.23713034223715823,0.10604815686078761,0.10604815686078761,AWAY_FROM_REFERENCE,0.06666666666666667,MINOR,1,231,,,1ca48b109541efa2675653963ebe62eceb83928f50c625fd777931bdf16aa612,0.23885942404947408,0.1729611878652123,0.5390625,7,True,1434
SB3777,Onychomycosis,"nail matrix, plate-production, and periungual structure","abnormal structural accumulation, degeneration, remodeling, or chronic state within the named structure",remaining_5256,470e7e6d8170180328c7a4cf797f9b89efac16e36f0c81e5b362d60e9d1d89b0,36,9,5,5,9,10,0.12632070658109673,0.22588914745604394,0.0995684408749472,0.0995684408749472,AWAY_FROM_REFERENCE,0.1388888888888889,MINOR,1,230,,,8f246f7ecedaf3034b770303d4112b441a444b8669281dd96e86477209ce339d,0.23872042457561896,0.16421698118977923,0.578125,0,True,1435
SB0209,Albinism,melanocyte melanin-production and epidermal-pigment structure,reduced or absent melanin production/distribution in pigment-containing tissues,established_478,d49e5fb5ddacfdb54d962322af833e2cb53471ff21c3d327bf4f136e1956af99,351,100,14,43,129,57,0.15221560290278713,0.2661016872125985,0.1138860843098114,0.1138860843098114,AWAY_FROM_REFERENCE,0.1225071225071225,MINOR,1,230,,,8836e532c01e22d8b5fa21608ab9ae98a49af2b075dfef4c8bdb0e4b94f4639e,0.2382815112069697,0.16368172098410938,0.578125,-29,True,1436
SB0109,Acute bronchitis,bronchial mucosal inflammatory and airway-clearance structure,"localized inflammatory activation with cellular infiltration, vascular change, and tissue-function perturbation",established_478,47496c4198d2d79398b5b23684931dcd353a25aa9b3f82d159012ebc2c925507,105,27,7,15,35,22,0.13819771753939492,0.23273606506750788,0.09453834752811296,0.09453834752811296,AWAY_FROM_REFERENCE,0.14285714285714285,MINOR,1,231,,,b5b505a73b9be16ccea2758468e2b9271ac6efdbbb05af83b68b948c35a6b085,0.23781480993923215,0.16482751212101487,0.5703125,-8,True,1437
SB3527,Nail disorder,"nail matrix, plate-production, and periungual structure",departure from the reference structural configuration or regulated functional range,remaining_5256,3bd3ab6f4cc42180224fee17047328c951644e3b3ed2bcffb84559208ebaf857,36,12,8,3,7,11,0.14177894606597097,0.2571108532712112,0.11533190720524022,0.11533190720524022,AWAY_FROM_REFERENCE,0.08333333333333333,MINOR,1,230,,,d49d7ed7d30b2bcf2b37dbbdc2a636a56b77526ba3bd6e5713b586a473dc9c4d,0.23777404668446098,0.16306286181031826,0.578125,5,True,1438
SB3535,Nail toxicity,"nail matrix, plate-production, and periungual structure",departure from the reference structural configuration or regulated functional range,remaining_5256,3bd3ab6f4cc42180224fee17047328c951644e3b3ed2bcffb84559208ebaf857,36,12,8,3,7,11,0.14177894606597097,0.2571108532712112,0.11533190720524022,0.11533190720524022,AWAY_FROM_REFERENCE,0.08333333333333333,MINOR,1,230,,,5abc28a2abdb675603ba52f31551a16f239a7c0ca7176242178bbaf87660c248,0.23777404668446098,0.16306286181031826,0.578125,5,True,1439
SB5728,Yellow nail syndrome,"nail matrix, plate-production, and periungual structure",departure from the reference structural configuration or regulated functional range,remaining_5256,3bd3ab6f4cc42180224fee17047328c951644e3b3ed2bcffb84559208ebaf857,36,12,8,3,7,11,0.14177894606597097,0.2571108532712112,0.11533190720524022,0.11533190720524022,AWAY_FROM_REFERENCE,0.08333333333333333,MINOR,1,230,,,304aa457a2cf65a66c1700de750345b972e3b9b93be1a33ef5c18cefae76f764,0.23777404668446098,0.16306286181031826,0.578125,5,True,1440
SB0172,Administration site reaction,local cutaneous inflammatory and microvascular structure,acute or subacute state transition of the named structure in response to an external or internal perturbation,established_478,9195e5ab66a41f56200b044bcbbd6e4c4725a3046c724e8728cad61732982b47,171,72,6,22,88,28,0.19982280128190422,0.29625678910622133,0.09643398782431711,0.09643398782431711,AWAY_FROM_REFERENCE,0.1286549707602339,MINOR,1,231,,,a6e1248689bdef037ebaa1c9e27798c0ff492de17f069a5d29091a83ff9f7978,0.23757824847232648,0.16110914447844693,0.5859375,-16,True,1441
SB0421,Application site reaction,local cutaneous inflammatory and microvascular structure,acute or subacute state transition of the named structure in response to an external or internal perturbation,established_478,9195e5ab66a41f56200b044bcbbd6e4c4725a3046c724e8728cad61732982b47,171,72,6,22,88,28,0.19982280128190422,0.29625678910622133,0.09643398782431711,0.09643398782431711,AWAY_FROM_REFERENCE,0.1286549707602339,MINOR,1,231,,,70a3049618bede5f558f39782cfbdef975a011c7005fe842e0d15cfb95272706,0.23757824847232648,0.16110914447844693,0.5859375,-16,True,1442
SB2204,Gastrointestinal inflammation,"intestinal mucosal barrier, smooth-muscle motility, and luminal transport structure","localized or systemic inflammatory activation with altered barrier, vascular, and cellular organization",remaining_5256,8d67d57de01bc2468765083b67ea9c4b5b69a32eedbaa2a3e1aca55432c44844,276,80,24,38,94,62,0.12128062800697736,0.23630805166458935,0.11502742365761198,0.11502742365761198,AWAY_FROM_REFERENCE,0.13768115942028986,MINOR,1,231,,,07c7d2363d0b4619f05927bed2590c9cd3f79e349e88e20ffa1ec68433213a30,0.23753138542412117,0.17305656759039167,0.53125,-14,True,1443
SB2810,Inflammatory bowel disease,"intestinal mucosal barrier, smooth-muscle motility, and luminal transport structure","localized or systemic inflammatory activation with altered barrier, vascular, and cellular organization",remaining_5256,8d67d57de01bc2468765083b67ea9c4b5b69a32eedbaa2a3e1aca55432c44844,276,80,24,38,94,62,0.12128062800697736,0.23630805166458935,0.11502742365761198,0.11502742365761198,AWAY_FROM_REFERENCE,0.13768115942028986,MINOR,1,231,,,069ab88d8ee13eacd40631018ff59cec79ed5b89a34de9bad6d552d12930ab55,0.23753138542412117,0.17305656759039167,0.53125,-14,True,1444
SB0131,Acute interstitial pneumonitis,pulmonary interstitial-alveolar structure,"localized or systemic inflammatory activation with altered barrier, vascular, and cellular organization",established_478,9e6e2b01652a7eaed40e77d858405cbaeb9dde66d4f0c78b46dcb5f030ee1a38,45,22,5,5,22,10,0.20741097559787935,0.2649294033573111,0.05751842775943172,0.05751842775943172,AWAY_FROM_REFERENCE,0.1111111111111111,MINOR,1,223,,,2907d9ef9d51b2bc71c51ffbb698255cbb4d4e8807a00dc8ddd49cff2fd2e0a7,0.23717886159841634,0.16405196536392241,0.5703125,0,True,1445
SB0006,Abasia,lower-limb gait motor-control structure,failure or instability of coordinated lower-limb gait motor output,established_478,d09cd0b629c2b02dc8471bfe901f37d6e6fee9e739ef8697f9a59df604f4b449,171,87,21,1,67,22,0.24720928056398772,0.30252894422343857,0.055319663659450846,0.055319663659450846,AWAY_FROM_REFERENCE,0.005847953216374269,MINOR,1,230,,,623a40356e8ebc22355a3614284a5bb52fb06eac4c4023eefde8f45afc170326,0.23708624194149774,0.16393901456280213,0.5703125,20,True,1446
SB3394,Mononeuritis,peripheral sensory-nerve axonal conduction structure,"localized inflammatory activation with cellular infiltration, vascular change, and tissue-function perturbation",remaining_5256,d804c859156c07a4aa595102f7eb2b39042976eb386b47bc791714b5fe9b9087,6,6,1,0,5,1,0.19734202124280076,0.29649141501029264,0.09914939376749188,0.09914939376749188,AWAY_FROM_REFERENCE,0.0,INFORMATIONAL,0,223,,,e5b508efd0517e705e94275446b24ea51342b0245913faa00fdc4eca700b8405,0.23483374424966877,0.1594771271337424,0.578125,1,True,1447
SB3619,Neuritis,peripheral sensory-nerve axonal conduction structure,"localized inflammatory activation with cellular infiltration, vascular change, and tissue-function perturbation",remaining_5256,d804c859156c07a4aa595102f7eb2b39042976eb386b47bc791714b5fe9b9087,6,6,1,0,5,1,0.19734202124280076,0.29649141501029264,0.09914939376749188,0.09914939376749188,AWAY_FROM_REFERENCE,0.0,INFORMATIONAL,0,223,,,610bbeef3a2c8831a5f7d0f85704488b02c5e5c36124032a656337df9ae35aba,0.23483374424966877,0.1594771271337424,0.578125,1,True,1448
SB3620,Neuritis retrobulbar,peripheral sensory-nerve axonal conduction structure,"localized inflammatory activation with cellular infiltration, vascular change, and tissue-function perturbation",remaining_5256,d804c859156c07a4aa595102f7eb2b39042976eb386b47bc791714b5fe9b9087,6,6,1,0,5,1,0.19734202124280076,0.29649141501029264,0.09914939376749188,0.09914939376749188,AWAY_FROM_REFERENCE,0.0,INFORMATIONAL,0,223,,,bbb6fd679fcf93b882148d7ff88fb9a2498041f6790218ec88a351294ec2bba1,0.23483374424966877,0.1594771271337424,0.578125,1,True,1449
SB4241,Polyneuritis,peripheral sensory-nerve axonal conduction structure,"localized inflammatory activation with cellular infiltration, vascular change, and tissue-function perturbation",remaining_5256,d804c859156c07a4aa595102f7eb2b39042976eb386b47bc791714b5fe9b9087,6,6,1,0,5,1,0.19734202124280076,0.29649141501029264,0.09914939376749188,0.09914939376749188,AWAY_FROM_REFERENCE,0.0,INFORMATIONAL,0,223,,,5d2dd0c0c0e9e18f6f13ccd553c84f8d1767007b2f49a3b61b77c64d4ac3bf49,0.23483374424966877,0.1594771271337424,0.578125,1,True,1450
SB1835,Eosinophil count abnormal,"circulating leukocyte production, distribution, and effector-cell structure",departure from the reference structural configuration or regulated functional range,remaining_5256,2642b81455fef19aef21633659baafd1571664739ce06ad8b6e504f30864b12a,1830,607,142,257,722,399,0.1225799666963876,0.20524512810135365,0.08266516140496605,0.08266516140496605,AWAY_FROM_REFERENCE,0.14043715846994537,MINOR,1,231,,,823eaa0da7e1a60c71848415e3609d2ae14bfae3ce21628e3999733ff11c9006,0.23292883339139803,0.1605839431602415,0.5625,-115,True,1451
SB3214,Lymphocyte abnormal,"circulating leukocyte production, distribution, and effector-cell structure",departure from the reference structural configuration or regulated functional range,remaining_5256,2642b81455fef19aef21633659baafd1571664739ce06ad8b6e504f30864b12a,1830,607,142,257,722,399,0.1225799666963876,0.20524512810135365,0.08266516140496605,0.08266516140496605,AWAY_FROM_REFERENCE,0.14043715846994537,MINOR,1,231,,,6154d2a5fd39948f6089e6e69634c3905a614e7d20d82f8d1dee8d04d69f66a2,0.23292883339139803,0.1605839431602415,0.5625,-115,True,1452
SB3215,Lymphocyte count abnormal,"circulating leukocyte production, distribution, and effector-cell structure",departure from the reference structural configuration or regulated functional range,remaining_5256,2642b81455fef19aef21633659baafd1571664739ce06ad8b6e504f30864b12a,1830,607,142,257,722,399,0.1225799666963876,0.20524512810135365,0.08266516140496605,0.08266516140496605,AWAY_FROM_REFERENCE,0.14043715846994537,MINOR,1,231,,,f3f233618d20d3ea1e2f9256aee636b450c2cd0fd424d4dc6184a7824e8fd4ee,0.23292883339139803,0.1605839431602415,0.5625,-115,True,1453
SB5691,White blood cell count abnormal,"circulating leukocyte production, distribution, and effector-cell structure",departure from the reference structural configuration or regulated functional range,remaining_5256,2642b81455fef19aef21633659baafd1571664739ce06ad8b6e504f30864b12a,1830,607,142,257,722,399,0.1225799666963876,0.20524512810135365,0.08266516140496605,0.08266516140496605,AWAY_FROM_REFERENCE,0.14043715846994537,MINOR,1,231,,,affcb24cc38e31b1461c7abf200aca320174045302b9ecc7459c4629b204dada,0.23292883339139803,0.1605839431602415,0.5625,-115,True,1454
SB5695,White blood cell disorder,"circulating leukocyte production, distribution, and effector-cell structure",departure from the reference structural configuration or regulated functional range,remaining_5256,2642b81455fef19aef21633659baafd1571664739ce06ad8b6e504f30864b12a,1830,607,142,257,722,399,0.1225799666963876,0.20524512810135365,0.08266516140496605,0.08266516140496605,AWAY_FROM_REFERENCE,0.14043715846994537,MINOR,1,231,,,af248f83916dec92440071e8e779b0d434578053199685e860e01ecbefdff5c4,0.23292883339139803,0.1605839431602415,0.5625,-115,True,1455
SB3112,Limb paresis,"regional limb musculoskeletal, neurovascular, and skin structure",reduced or absent motor neural output and target-tissue activation,remaining_5256,6deccbed04820935344dc4b4b916df55fdb41c84ca1dc6615fd20c462125fa1b,21,12,2,1,11,3,0.17499467919868417,0.2607564145785559,0.08576173537987175,0.08576173537987175,AWAY_FROM_REFERENCE,0.047619047619047616,MINOR,1,223,,,175a7487def881e868d0f4a021f2fd644a5171b551e8f0f58ff0df5064fdf4b4,0.23246825641661284,0.16345214197147906,0.546875,1,True,1456
SB1360,Cranial nerve paralysis,peripheral sensory-nerve axonal conduction structure,reduced or absent motor neural output and target-tissue activation,remaining_5256,442a688d03a725d464e7a78d915854d802706b2a36a74d79e200a10ec3a9f535,6,6,2,0,4,2,0.23666765744530527,0.315177367442637,0.07850970999733176,0.07850970999733176,AWAY_FROM_REFERENCE,0.0,INFORMATIONAL,0,223,,,8b540954698b54a3118d11be06de643b838be75141519db37f7eb5914c90a9ed,0.23114527574646776,0.1566939338371558,0.5703125,2,True,1457
SB2718,IIIrd nerve paralysis,peripheral sensory-nerve axonal conduction structure,reduced or absent motor neural output and target-tissue activation,remaining_5256,442a688d03a725d464e7a78d915854d802706b2a36a74d79e200a10ec3a9f535,6,6,2,0,4,2,0.23666765744530527,0.315177367442637,0.07850970999733176,0.07850970999733176,AWAY_FROM_REFERENCE,0.0,INFORMATIONAL,0,223,,,384593c1ee855edcc53dcb04b9f757cba37ee5fb5e6012417d5b6bd345ae3f53,0.23114527574646776,0.1566939338371558,0.5703125,2,True,1458
SB3609,Nerve paralysis,peripheral sensory-nerve axonal conduction structure,reduced or absent motor neural output and target-tissue activation,remaining_5256,442a688d03a725d464e7a78d915854d802706b2a36a74d79e200a10ec3a9f535,6,6,2,0,4,2,0.23666765744530527,0.315177367442637,0.07850970999733176,0.07850970999733176,AWAY_FROM_REFERENCE,0.0,INFORMATIONAL,0,223,,,11471a653f691ace077ddd8b5194287011b9480eb9a445168870ad8c9e09ae09,0.23114527574646776,0.1566939338371558,0.5703125,2,True,1459
SB4082,Peripheral nerve palsy,peripheral sensory-nerve axonal conduction structure,reduced or absent motor neural output and target-tissue activation,remaining_5256,442a688d03a725d464e7a78d915854d802706b2a36a74d79e200a10ec3a9f535,6,6,2,0,4,2,0.23666765744530527,0.315177367442637,0.07850970999733176,0.07850970999733176,AWAY_FROM_REFERENCE,0.0,INFORMATIONAL,0,223,,,13359680cb73a0901594e2fadadea02a8ebe6e755d44a58b330958e78c9a9132,0.23114527574646776,0.1566939338371558,0.5703125,2,True,1460
SB4100,Peroneal nerve palsy,peripheral sensory-nerve axonal conduction structure,reduced or absent motor neural output and target-tissue activation,remaining_5256,442a688d03a725d464e7a78d915854d802706b2a36a74d79e200a10ec3a9f535,6,6,2,0,4,2,0.23666765744530527,0.315177367442637,0.07850970999733176,0.07850970999733176,AWAY_FROM_REFERENCE,0.0,INFORMATIONAL,0,223,,,581d0b71896585293596b700c5640bbfe9e689dc5c3fcd26f643c64820ef2786,0.23114527574646776,0.1566939338371558,0.5703125,2,True,1461
SB4492,Radial nerve palsy,peripheral sensory-nerve axonal conduction structure,reduced or absent motor neural output and target-tissue activation,remaining_5256,442a688d03a725d464e7a78d915854d802706b2a36a74d79e200a10ec3a9f535,6,6,2,0,4,2,0.23666765744530527,0.315177367442637,0.07850970999733176,0.07850970999733176,AWAY_FROM_REFERENCE,0.0,INFORMATIONAL,0,223,,,41d7a94d1d77ea87d11b9bb223126d482abe52e64e3d73637773ab81ad89b805,0.23114527574646776,0.1566939338371558,0.5703125,2,True,1462
SB5490,VIIth nerve paralysis,peripheral sensory-nerve axonal conduction structure,reduced or absent motor neural output and target-tissue activation,remaining_5256,442a688d03a725d464e7a78d915854d802706b2a36a74d79e200a10ec3a9f535,6,6,2,0,4,2,0.23666765744530527,0.315177367442637,0.07850970999733176,0.07850970999733176,AWAY_FROM_REFERENCE,0.0,INFORMATIONAL,0,223,,,132b54eb445decf705cf118800df249706c3d26dd37f3d91b0b775280c2fbe35,0.23114527574646776,0.1566939338371558,0.5703125,2,True,1463
SB5491,VIth nerve paralysis,peripheral sensory-nerve axonal conduction structure,reduced or absent motor neural output and target-tissue activation,remaining_5256,442a688d03a725d464e7a78d915854d802706b2a36a74d79e200a10ec3a9f535,6,6,2,0,4,2,0.23666765744530527,0.315177367442637,0.07850970999733176,0.07850970999733176,AWAY_FROM_REFERENCE,0.0,INFORMATIONAL,0,223,,,c13de92d1bc69d96c0a8ff6eee2aca33778e28a5992b7867de12b0729f7457ae,0.23114527574646776,0.1566939338371558,0.5703125,2,True,1464
SB3529,Nail hypertrophy,"nail matrix, plate-production, and periungual structure",increase in tissue mass or cellular content beyond the reference configuration,remaining_5256,5416257d72100aad424b7db1ec44baf59dc7f018d5354c131b4a8def2a5e6032,36,16,9,4,11,13,0.1698388335918568,0.27617182615748437,0.10633299256562756,0.10633299256562756,AWAY_FROM_REFERENCE,0.1111111111111111,MINOR,1,230,,,d2b944ceb539f47d92bcfd749863a001574d89c11ec5594d9c734ee87847b9d8,0.2307276313526303,0.15961448945442724,0.5546875,5,True,1465
SB4160,Pituitary infarction,hypothalamic-pituitary hormone-control and release structure,sustained perfusion failure with loss of local tissue viability,remaining_5256,44f73808348284d1e46185fee7268b1535b689f6afc5330f6a1af36b57c7a0e6,741,389,117,51,323,168,0.20446613417795734,0.26451186815325245,0.06004573397529511,0.06004573397529511,AWAY_FROM_REFERENCE,0.06882591093117409,MINOR,1,174,,,84d57639ff1a036217d79c470f1a5a5f6c3f43e40f6d525944d9bcc68fa9ea06,0.2300130998102825,0.16217298757351528,0.5390625,66,True,1466
SB0597,Bicytopenia,"circulating leukocyte production, distribution, and effector-cell structure",quantity of the named cell/tissue component reduced below the reference range,remaining_5256,1afef68a897df1658c71b3b2cb5ef60490304890e9f1c37ae3ce8bf0b5ddf887,1830,622,147,260,735,407,0.13811481984147245,0.22033852526926823,0.08222370542779578,0.08222370542779578,AWAY_FROM_REFERENCE,0.14207650273224043,MINOR,1,231,,,2748ff0ba58c0a88253e4765b7e053f2fb1e83848bace3019bd14a7a7bbce21a,0.22987555673193721,0.16029031308772834,0.546875,-113,True,1467
SB1418,Cytopenia,"circulating leukocyte production, distribution, and effector-cell structure",quantity of the named cell/tissue component reduced below the reference range,remaining_5256,1afef68a897df1658c71b3b2cb5ef60490304890e9f1c37ae3ce8bf0b5ddf887,1830,622,147,260,735,407,0.13811481984147245,0.22033852526926823,0.08222370542779578,0.08222370542779578,AWAY_FROM_REFERENCE,0.14207650273224043,MINOR,1,231,,,2b4dbd7e0a37a24d250b2177e92d4ed7dd461b096d74df2a31f972462e85a96f,0.22987555673193721,0.16029031308772834,0.546875,-113,True,1468
SB3092,Leukopenia,"circulating leukocyte production, distribution, and effector-cell structure",quantity of the named cell/tissue component reduced below the reference range,remaining_5256,1afef68a897df1658c71b3b2cb5ef60490304890e9f1c37ae3ce8bf0b5ddf887,1830,622,147,260,735,407,0.13811481984147245,0.22033852526926823,0.08222370542779578,0.08222370542779578,AWAY_FROM_REFERENCE,0.14207650273224043,MINOR,1,231,,,2306d4d5ccb80b7d4aaea912ad86d19dd05a8e7c96dec39c03480eba6d20bfb8,0.22987555673193721,0.16029031308772834,0.546875,-113,True,1469
SB3943,Pancytopenia,"circulating leukocyte production, distribution, and effector-cell structure",quantity of the named cell/tissue component reduced below the reference range,remaining_5256,1afef68a897df1658c71b3b2cb5ef60490304890e9f1c37ae3ce8bf0b5ddf887,1830,622,147,260,735,407,0.13811481984147245,0.22033852526926823,0.08222370542779578,0.08222370542779578,AWAY_FROM_REFERENCE,0.14207650273224043,MINOR,1,231,,,6732f6cc36c344ac6b06130337aa27c77306d79a9a9e88900dc540035c7f5002,0.22987555673193721,0.16029031308772834,0.546875,-113,True,1470
SB2372,Haemoglobinuria,"erythrocyte production, integrity, and oxygen-transport structure","abnormal presence, concentration, or excretion of the named material in urine",remaining_5256,c57e2a0e0bfecb1afe81b97611e9d2f1200252f2d034d1fbb92f6a57ac5018d9,15,12,0,1,13,1,0.15446525456614402,0.257780212326883,0.10331495776073896,0.10331495776073896,AWAY_FROM_REFERENCE,0.06666666666666667,MINOR,1,174,,,82de3fd3139680d32ff406517ce2663fec85ba0e61f5142f383071099771cad4,0.2293279645576607,0.1561926397044643,0.5625,-1,True,1471
SB4003,Paroxysmal nocturnal haemoglobinuria,"erythrocyte production, integrity, and oxygen-transport structure","abnormal presence, concentration, or excretion of the named material in urine",remaining_5256,c57e2a0e0bfecb1afe81b97611e9d2f1200252f2d034d1fbb92f6a57ac5018d9,15,12,0,1,13,1,0.15446525456614402,0.257780212326883,0.10331495776073896,0.10331495776073896,AWAY_FROM_REFERENCE,0.06666666666666667,MINOR,1,174,,,1f389808b44f6abc0c92a2aaa9a61f9643e286f44fdd838ced81574c5a58231b,0.2293279645576607,0.1561926397044643,0.5625,-1,True,1472
SB0540,Autonomic neuropathy,peripheral sensory-nerve axonal conduction structure,peripheral neural axonal/conduction integrity loss or aberrant sensory signaling,remaining_5256,11df012af0229faa140866251ebefb9047c4ec2aeeaaceb7f0e562edc7d7b721,6,5,2,0,3,2,0.2097882855532427,0.30458855423201736,0.09480026867877467,0.09480026867877467,AWAY_FROM_REFERENCE,0.0,INFORMATIONAL,0,223,,,e7722d6571369368f84e58c2e0ffff4a8fcdb6de27fb39688cef7dd1bde2d0e9,0.22809810859138002,0.15983763242851223,0.5390625,2,True,1473
SB0543,Axonal neuropathy,peripheral sensory-nerve axonal conduction structure,peripheral neural axonal/conduction integrity loss or aberrant sensory signaling,remaining_5256,11df012af0229faa140866251ebefb9047c4ec2aeeaaceb7f0e562edc7d7b721,6,5,2,0,3,2,0.2097882855532427,0.30458855423201736,0.09480026867877467,0.09480026867877467,AWAY_FROM_REFERENCE,0.0,INFORMATIONAL,0,223,,,105394bdb0201304974d980c678586eb4c224f7abff33c8d1d003f458dd179a4,0.22809810859138002,0.15983763242851223,0.5390625,2,True,1474
SB1535,Diabetic neuropathy,peripheral sensory-nerve axonal conduction structure,peripheral neural axonal/conduction integrity loss or aberrant sensory signaling,remaining_5256,11df012af0229faa140866251ebefb9047c4ec2aeeaaceb7f0e562edc7d7b721,6,5,2,0,3,2,0.2097882855532427,0.30458855423201736,0.09480026867877467,0.09480026867877467,AWAY_FROM_REFERENCE,0.0,INFORMATIONAL,0,223,,,fa921a4ce3ab2870d50472f59404a3a8f1af7f5bdf8bd59f69d8f352e3668e00,0.22809810859138002,0.15983763242851223,0.5390625,2,True,1475
SB1536,Diabetic peripheral neuropathy,peripheral sensory-nerve axonal conduction structure,peripheral neural axonal/conduction integrity loss or aberrant sensory signaling,remaining_5256,11df012af0229faa140866251ebefb9047c4ec2aeeaaceb7f0e562edc7d7b721,6,5,2,0,3,2,0.2097882855532427,0.30458855423201736,0.09480026867877467,0.09480026867877467,AWAY_FROM_REFERENCE,0.0,INFORMATIONAL,0,223,,,be30e7d53c1c0469cefc9cc0394484d5560e3018fa7353d2c9a41ea91e52c318,0.22809810859138002,0.15983763242851223,0.5390625,2,True,1476
SB1981,Facial neuralgia,peripheral sensory-nerve axonal conduction structure,peripheral neural axonal/conduction integrity loss or aberrant sensory signaling,remaining_5256,11df012af0229faa140866251ebefb9047c4ec2aeeaaceb7f0e562edc7d7b721,6,5,2,0,3,2,0.2097882855532427,0.30458855423201736,0.09480026867877467,0.09480026867877467,AWAY_FROM_REFERENCE,0.0,INFORMATIONAL,0,223,,,38e5ec891575c862ef3acbbd196cefadf6aa12a3d601e4b8c78c05ea834afe0c,0.22809810859138002,0.15983763242851223,0.5390625,2,True,1477
SB2967,Ischaemic neuropathy,peripheral sensory-nerve axonal conduction structure,peripheral neural axonal/conduction integrity loss or aberrant sensory signaling,remaining_5256,11df012af0229faa140866251ebefb9047c4ec2aeeaaceb7f0e562edc7d7b721,6,5,2,0,3,2,0.2097882855532427,0.30458855423201736,0.09480026867877467,0.09480026867877467,AWAY_FROM_REFERENCE,0.0,INFORMATIONAL,0,223,,,6f98c6804fe1b487daa6f5cbbe7053bd823e0ce83acc9499389f247cd291c7a5,0.22809810859138002,0.15983763242851223,0.5390625,2,True,1478
SB2969,Ischial neuralgia,peripheral sensory-nerve axonal conduction structure,peripheral neural axonal/conduction integrity loss or aberrant sensory signaling,remaining_5256,11df012af0229faa140866251ebefb9047c4ec2aeeaaceb7f0e562edc7d7b721,6,5,2,0,3,2,0.2097882855532427,0.30458855423201736,0.09480026867877467,0.09480026867877467,AWAY_FROM_REFERENCE,0.0,INFORMATIONAL,0,223,,,bd355e19a6e0cf655dc57a78df8d102ff216999261f2488210326a8275bb8a08,0.22809810859138002,0.15983763242851223,0.5390625,2,True,1479
SB3430,Multifocal motor neuropathy,peripheral sensory-nerve axonal conduction structure,peripheral neural axonal/conduction integrity loss or aberrant sensory signaling,remaining_5256,11df012af0229faa140866251ebefb9047c4ec2aeeaaceb7f0e562edc7d7b721,6,5,2,0,3,2,0.2097882855532427,0.30458855423201736,0.09480026867877467,0.09480026867877467,AWAY_FROM_REFERENCE,0.0,INFORMATIONAL,0,223,,,b68f247103a167d75d429afaeaba60390b4b85c61005a70726c2254ea59da237,0.22809810859138002,0.15983763242851223,0.5390625,2,True,1480
SB3618,Neuralgia,peripheral sensory-nerve axonal conduction structure,peripheral neural axonal/conduction integrity loss or aberrant sensory signaling,remaining_5256,11df012af0229faa140866251ebefb9047c4ec2aeeaaceb7f0e562edc7d7b721,6,5,2,0,3,2,0.2097882855532427,0.30458855423201736,0.09480026867877467,0.09480026867877467,AWAY_FROM_REFERENCE,0.0,INFORMATIONAL,0,223,,,39b901113fb2cfc945cb137e9360d6f5f526bc7f6e46508284894e6fcb1f8573,0.22809810859138002,0.15983763242851223,0.5390625,2,True,1481
SB3636,Neuropathy,peripheral sensory-nerve axonal conduction structure,peripheral neural axonal/conduction integrity loss or aberrant sensory signaling,remaining_5256,11df012af0229faa140866251ebefb9047c4ec2aeeaaceb7f0e562edc7d7b721,6,5,2,0,3,2,0.2097882855532427,0.30458855423201736,0.09480026867877467,0.09480026867877467,AWAY_FROM_REFERENCE,0.0,INFORMATIONAL,0,223,,,1e4b98fd109f65c79fdabc0fdfbb145648cd8d8d0d732d4aa7d14f182df8f003,0.22809810859138002,0.15983763242851223,0.5390625,2,True,1482
SB3637,Neuropathy peripheral,peripheral sensory-nerve axonal conduction structure,peripheral neural axonal/conduction integrity loss or aberrant sensory signaling,remaining_5256,11df012af0229faa140866251ebefb9047c4ec2aeeaaceb7f0e562edc7d7b721,6,5,2,0,3,2,0.2097882855532427,0.30458855423201736,0.09480026867877467,0.09480026867877467,AWAY_FROM_REFERENCE,0.0,INFORMATIONAL,0,223,,,7f36b729942189bcf2ea657863f0db77c25117877ef02e752f4465038fc53893,0.22809810859138002,0.15983763242851223,0.5390625,2,True,1483
SB3714,Occipital neuralgia,peripheral sensory-nerve axonal conduction structure,peripheral neural axonal/conduction integrity loss or aberrant sensory signaling,remaining_5256,11df012af0229faa140866251ebefb9047c4ec2aeeaaceb7f0e562edc7d7b721,6,5,2,0,3,2,0.2097882855532427,0.30458855423201736,0.09480026867877467,0.09480026867877467,AWAY_FROM_REFERENCE,0.0,INFORMATIONAL,0,223,,,be1d4739bc6f1e520dd1d653a51156bf2a11745638329c33d3254607e895ff56,0.22809810859138002,0.15983763242851223,0.5390625,2,True,1484
SB4080,Peripheral motor neuropathy,peripheral sensory-nerve axonal conduction structure,peripheral neural axonal/conduction integrity loss or aberrant sensory signaling,remaining_5256,11df012af0229faa140866251ebefb9047c4ec2aeeaaceb7f0e562edc7d7b721,6,5,2,0,3,2,0.2097882855532427,0.30458855423201736,0.09480026867877467,0.09480026867877467,AWAY_FROM_REFERENCE,0.0,INFORMATIONAL,0,223,,,9f1255d3b7a0497d7138fcc4e87037abdc7e7f71a3066989b819e8815557b0ec,0.22809810859138002,0.15983763242851223,0.5390625,2,True,1485
SB4083,Peripheral neuropathy aggravated,peripheral sensory-nerve axonal conduction structure,peripheral neural axonal/conduction integrity loss or aberrant sensory signaling,remaining_5256,11df012af0229faa140866251ebefb9047c4ec2aeeaaceb7f0e562edc7d7b721,6,5,2,0,3,2,0.2097882855532427,0.30458855423201736,0.09480026867877467,0.09480026867877467,AWAY_FROM_REFERENCE,0.0,INFORMATIONAL,0,223,,,3e28ec57161978472b2f89dc33ebbb8b03f21d25f10d6051f01c7a6f266c4b8c,0.22809810859138002,0.15983763242851223,0.5390625,2,True,1486
SB4084,Peripheral sensorimotor neuropathy,peripheral sensory-nerve axonal conduction structure,peripheral neural axonal/conduction integrity loss or aberrant sensory signaling,remaining_5256,11df012af0229faa140866251ebefb9047c4ec2aeeaaceb7f0e562edc7d7b721,6,5,2,0,3,2,0.2097882855532427,0.30458855423201736,0.09480026867877467,0.09480026867877467,AWAY_FROM_REFERENCE,0.0,INFORMATIONAL,0,223,,,d8612d7e5eed46341956ec4b835d9daca03e74f1a18c83282b2fa483a07486ae,0.22809810859138002,0.15983763242851223,0.5390625,2,True,1487
SB4085,Peripheral sensory neuropathy,peripheral sensory-nerve axonal conduction structure,peripheral neural axonal/conduction integrity loss or aberrant sensory signaling,remaining_5256,11df012af0229faa140866251ebefb9047c4ec2aeeaaceb7f0e562edc7d7b721,6,5,2,0,3,2,0.2097882855532427,0.30458855423201736,0.09480026867877467,0.09480026867877467,AWAY_FROM_REFERENCE,0.0,INFORMATIONAL,0,223,,,8dbcee2e8ea808439c69e087b4061f90f3577567e3a7a363a08e4014dc3e2316,0.22809810859138002,0.15983763242851223,0.5390625,2,True,1488
SB4260,Post herpetic neuralgia,peripheral sensory-nerve axonal conduction structure,peripheral neural axonal/conduction integrity loss or aberrant sensory signaling,remaining_5256,11df012af0229faa140866251ebefb9047c4ec2aeeaaceb7f0e562edc7d7b721,6,5,2,0,3,2,0.2097882855532427,0.30458855423201736,0.09480026867877467,0.09480026867877467,AWAY_FROM_REFERENCE,0.0,INFORMATIONAL,0,223,,,8ecb91698e2c1f9774dbe9160d8eee5c7fccb28e9eb30d40622ffe10d40264ef,0.22809810859138002,0.15983763242851223,0.5390625,2,True,1489
SB5299,Toxic neuropathy,peripheral sensory-nerve axonal conduction structure,peripheral neural axonal/conduction integrity loss or aberrant sensory signaling,remaining_5256,11df012af0229faa140866251ebefb9047c4ec2aeeaaceb7f0e562edc7d7b721,6,5,2,0,3,2,0.2097882855532427,0.30458855423201736,0.09480026867877467,0.09480026867877467,AWAY_FROM_REFERENCE,0.0,INFORMATIONAL,0,223,,,99846c93b09294ac8a98917e7953235d2f7d3925e148d682feb760d5ce774c2f,0.22809810859138002,0.15983763242851223,0.5390625,2,True,1490
SB5340,Trigeminal neuralgia,peripheral sensory-nerve axonal conduction structure,peripheral neural axonal/conduction integrity loss or aberrant sensory signaling,remaining_5256,11df012af0229faa140866251ebefb9047c4ec2aeeaaceb7f0e562edc7d7b721,6,5,2,0,3,2,0.2097882855532427,0.30458855423201736,0.09480026867877467,0.09480026867877467,AWAY_FROM_REFERENCE,0.0,INFORMATIONAL,0,223,,,776c6a2bb7f0bcd9626272c76067f7a1196e30c43f27d18a402fc72ad9f3c2b8,0.22809810859138002,0.15983763242851223,0.5390625,2,True,1491
