{"type":"FeatureCollection","metadata":{"generated":1790743860000,"url":"https://earthquake.usgs.gov/earthquakes/feed/v1.0/summary/all_day.geojson","title":"USGS All Earthquakes, Past Day","status":200,"api":"2.7.0","count":230},"features":[{"type":"Feature","properties":{"mag":1.66,"place":"16 km NNE of Brooktrails, CA","time":1790743497120,"updated":1790743595063,"tz":null,"url":"https://earthquake.usgs.gov/earthquakes/eventpage/nc75441806","detail":"https://earthquake.usgs.gov/earthquakes/feed/v1.0/detail/nc75441806.geojson","felt":null,"cdi":null,"mmi":null,"alert":null,"status":"automatic","tsunami":0,"sig":42,"net":"nc","code":"75441806","ids":",nc75441806,","sources":",nc,","types":",nearby-cities,origin,phase-data,","nst":8,"dmin":0.09154,"rms":0.1,"gap":146,"magType":"md","type":"earthquake","title":"M 1.7 - 16 km NNE of Brooktrails, CA"},"geometry":{"type":"Point","coordinates":[-123.301834106445,39.5691680908203,12.9300003051758]},"id":"nc75441806"},
{"type":"Feature","properties":{"mag":0.73,"place":"5 km SW of Idyllwild, CA","time":1790743250420,"updated":1790743459111,"tz":null,"url":"https://earthquake.usgs.gov/earthquakes/eventpage/ci41340831","detail":"https://earthquake.usgs.gov/earthquakes/feed/v1.0/detail/ci41340831.geojson","felt":null,"cdi":null,"mmi":null,"alert":null,"status":"automatic","tsunami":0,"sig":8,"net":"ci","code":"41340831","ids":",ci41340831,","sources":",ci,","types":",nearby-cities,origin,phase-data,","nst":39,"dmin":0.03821,"rms":0.15,"gap":58,"magType":"ml","type":"earthquake","title":"M 0.7 - 5 km SW of Idyllwild, CA"},"geometry":{"type":"Point","coordinates":[-116.759833333333,33.7145,14.44]},"id":"ci41340831"},
{"type":"Feature","properties":{"mag":1.67,"place":"8 km ESE of Cloverdale, CA","time":1790742957960,"updated":1790743055001,"tz":null,"url":"https://earthquake.usgs.gov/earthquakes/eventpage/nc75441801","detail":"https://earthquake.usgs.gov/earthquakes/feed/v1.0/detail/nc75441801.geojson","felt":null,"cdi":null,"mmi":null,"alert":null,"status":"automatic","tsunami":0,"sig":43,"net":"nc","code":"75441801","ids":",nc75441801,","sources":",nc,","types":",nearby-cities,origin,phase-data,","nst":25,"dmin":0.0644,"rms":0.05,"gap":79,"magType":"md","type":"earthquake","title":"M 1.7 - 8 km ESE of Cloverdale, CA"},"geometry":{"type":"Point","coordinates":[-122.935997009277,38.7809982299805,6.55000019073486]},"id":"nc75441801"},
{"type":"Feature","properties":{"mag":4.2,"place":"39 km W of Plan de Ayala, Mexico","time":1790741219706,"updated":1790741995040,"tz":null,"url":"https://earthquake.usgs.gov/earthquakes/eventpage/us6000tyhe","detail":"https://earthquake.usgs.gov/earthquakes/feed/v1.0/detail/us6000tyhe.geojson","felt":null,"cdi":null,"mmi":null,"alert":null,"status":"reviewed","tsunami":0,"sig":271,"net":"us","code":"6000tyhe","ids":",us6000tyhe,","sources":",us,","types":",origin,phase-data,","nst":21,"dmin":2.03,"rms":1.44,"gap":140,"magType":"mb","type":"earthquake","title":"M 4.2 - 39 km W of Plan de Ayala, Mexico"},"geometry":{"type":"Point","coordinates":[-93.8603,17.4713,177.736]},"id":"us6000tyhe"},
{"type":"Feature","properties":{"mag":2.07,"place":"26 km WSW of Westley, CA","time":1790741046440,"updated":1790743339967,"tz":null,"url":"https://earthquake.usgs.gov/earthquakes/eventpage/nc75441791","detail":"https://earthquake.usgs.gov/earthquakes/feed/v1.0/detail/nc75441791.geojson","felt":null,"cdi":null,"mmi":null,"alert":null,"status":"automatic","tsunami":0,"sig":66,"net":"nc","code":"75441791","ids":",nc75441791,","sources":",nc,","types":",nearby-cities,origin,phase-data,scitech-link,","nst":15,"dmin":0.0436,"rms":0.07,"gap":80,"magType":"md","type":"earthquake","title":"M 2.1 - 26 km WSW of Westley, CA"},"geometry":{"type":"Point","coordinates":[-121.454666137695,37.4258346557617,3.65000009536743]},"id":"nc75441791"},
{"type":"Feature","properties":{"mag":0.7,"place":"86 km NNW of Karluk, Alaska","time":1790740750350,"updated":1790740789291,"tz":null,"url":"https://earthquake.usgs.gov/earthquakes/eventpage/aka2026tirxyv","detail":"https://earthquake.usgs.gov/earthquakes/feed/v1.0/detail/aka2026tirxyv.geojson","felt":null,"cdi":null,"mmi":null,"alert":null,"status":"automatic","tsunami":0,"sig":8,"net":"ak","code":"a2026tirxyv","ids":",aka2026tirxyv,","sources":",ak,","types":",origin,phase-data,","nst":10,"dmin":0,"rms":0.3,"gap":133,"magType":"ml","type":"earthquake","title":"M 0.7 - 86 km NNW of Karluk, Alaska"},"geometry":{"type":"Point","coordinates":[-154.981,58.291,5]},"id":"aka2026tirxyv"},
{"type":"Feature","properties":{"mag":1.32,"place":"18 km SSE of Mammoth Lakes, CA","time":1790739572940,"updated":1790742442868,"tz":null,"url":"https://earthquake.usgs.gov/earthquakes/eventpage/nc75441781","detail":"https://earthquake.usgs.gov/earthquakes/feed/v1.0/detail/nc75441781.geojson","felt":null,"cdi":null,"mmi":null,"alert":null,"status":"automatic","tsunami":0,"sig":27,"net":"nc","code":"75441781","ids":",nc75441781,","sources":",nc,","types":",nearby-cities,origin,phase-data,scitech-link,","nst":13,"dmin":0.09377,"rms":0.03,"gap":124,"magType":"md","type":"earthquake","title":"M 1.3 - 18 km SSE of Mammoth Lakes, CA"},"geometry":{"type":"Point","coordinates":[-118.873497009277,37.5029983520508,2.9300000667572]},"id":"nc75441781"},
{"type":"Feature","properties":{"mag":0.41,"place":"10 km NW of The Geysers, CA","time":1790739316290,"updated":1790739415421,"tz":null,"url":"https://earthquake.usgs.gov/earthquakes/eventpage/nc75441776","detail":"https://earthquake.usgs.gov/earthquakes/feed/v1.0/detail/nc75441776.geojson","felt":null,"cdi":null,"mmi":null,"alert":null,"status":"automatic","tsunami":0,"sig":3,"net":"nc","code":"75441776","ids":",nc75441776,","sources":",nc,","types":",nearby-cities,origin,phase-data,","nst":14,"dmin":0.006014,"rms":0.01,"gap":106,"magType":"md","type":"earthquake","title":"M 0.4 - 10 km NW of The Geysers, CA"},"geometry":{"type":"Point","coordinates":[-122.841835021973,38.8419990539551,1.92999994754791]},"id":"nc75441776"},
{"type":"Feature","properties":{"mag":0.41,"place":"5 km WNW of Cobb, CA","time":1790739302950,"updated":1790739400491,"tz":null,"url":"https://earthquake.usgs.gov/earthquakes/eventpage/nc75441771","detail":"https://earthquake.usgs.gov/earthquakes/feed/v1.0/detail/nc75441771.geojson","felt":null,"cdi":null,"mmi":null,"alert":null,"status":"automatic","tsunami":0,"sig":3,"net":"nc","code":"75441771","ids":",nc75441771,","sources":",nc,","types":",nearby-cities,origin,phase-data,","nst":9,"dmin":0.006137,"rms":0.01,"gap":86,"magType":"md","type":"earthquake","title":"M 0.4 - 5 km WNW of Cobb, CA"},"geometry":{"type":"Point","coordinates":[-122.783668518066,38.8351669311523,2.01999998092651]},"id":"nc75441771"},
{"type":"Feature","properties":{"mag":1.33,"place":"5 km W of Cobb, CA","time":1790738534990,"updated":1790740641662,"tz":null,"url":"https://earthquake.usgs.gov/earthquakes/eventpage/nc75441766","detail":"https://earthquake.usgs.gov/earthquakes/feed/v1.0/detail/nc75441766.geojson","felt":null,"cdi":null,"mmi":null,"alert":null,"status":"automatic","tsunami":0,"sig":27,"net":"nc","code":"75441766","ids":",nc75441766,","sources":",nc,","types":",nearby-cities,origin,phase-data,scitech-link,","nst":26,"dmin":0.01201,"rms":0.02,"gap":45,"magType":"md","type":"earthquake","title":"M 1.3 - 5 km W of Cobb, CA"},"geometry":{"type":"Point","coordinates":[-122.783996582031,38.8250007629395,1.87999999523163]},"id":"nc75441766"},
{"type":"Feature","properties":{"mag":1.92,"place":"6 km WNW of Wauna, Washington","time":1790738218760,"updated":1790740643991,"tz":null,"url":"https://earthquake.usgs.gov/earthquakes/eventpage/uw714112222","detail":"https://earthquake.usgs.gov/earthquakes/feed/v1.0/detail/uw714112222.geojson","felt":3,"cdi":0,"mmi":null,"alert":null,"status":"reviewed","tsunami":0,"sig":57,"net":"uw","code":"714112222","ids":",uw714112222,","sources":",uw,","types":",dyfi,origin,phase-data,","nst":85,"dmin":0.05552,"rms":0.22,"gap":40,"magType":"ml","type":"earthquake","title":"M 1.9 - 6 km WNW of Wauna, Washington"},"geometry":{"type":"Point","coordinates":[-122.7165,47.4073333333333,31.58]},"id":"uw714112222"},
{"type":"Feature","properties":{"mag":3.81008714964485,"place":"4 km SE of Piru, CA","time":1790737227240,"updated":1790743774907,"tz":null,"url":"https://earthquake.usgs.gov/earthquakes/eventpage/ci41340823","detail":"https://earthquake.usgs.gov/earthquakes/feed/v1.0/detail/ci41340823.geojson","felt":176,"cdi":3.2,"mmi":3.355,"alert":null,"status":"reviewed","tsunami":0,"sig":280,"net":"ci","code":"41340823","ids":",ci41340823,us6000tyh1,","sources":",ci,us,","types":",dyfi,focal-mechanism,nearby-cities,origin,phase-data,scitech-link,shakemap,","nst":119,"dmin":0.08779,"rms":0.25999999,"gap":16,"magType":"mw","type":"earthquake","title":"M 3.8 - 4 km SE of Piru, CA"},"geometry":{"type":"Point","coordinates":[-118.762168884277,34.3951683044434,10.6999998092651]},"id":"ci41340823"},
{"type":"Feature","properties":{"mag":1.74,"place":"4 km SSW of Pāhala, Hawaii","time":1790735969600,"updated":1790736181120,"tz":null,"url":"https://earthquake.usgs.gov/earthquakes/eventpage/hv75045607","detail":"https://earthquake.usgs.gov/earthquakes/feed/v1.0/detail/hv75045607.geojson","felt":null,"cdi":null,"mmi":null,"alert":null,"status":"automatic","tsunami":0,"sig":47,"net":"hv","code":"75045607","ids":",hv75045607,","sources":",hv,","types":",origin,phase-data,","nst":17,"dmin":0.08603,"rms":0.119999997,"gap":206,"magType":"md","type":"earthquake","title":"M 1.7 - 4 km SSW of Pāhala, Hawaii"},"geometry":{"type":"Point","coordinates":[-155.494506835938,19.1620006561279,28.4699993133545]},"id":"hv75045607"},
{"type":"Feature","properties":{"mag":4.5,"place":"112 km SSW of Banda Aceh, Indonesia","time":1790735750369,"updated":1790737310040,"tz":null,"url":"https://earthquake.usgs.gov/earthquakes/eventpage/us6000tyh0","detail":"https://earthquake.usgs.gov/earthquakes/feed/v1.0/detail/us6000tyh0.geojson","felt":null,"cdi":null,"mmi":null,"alert":null,"status":"reviewed","tsunami":0,"sig":312,"net":"us","code":"6000tyh0","ids":",us6000tyh0,","sources":",us,","types":",origin,phase-data,","nst":31,"dmin":5.811,"rms":0.92,"gap":183,"magType":"mb","type":"earthquake","title":"M 4.5 - 112 km SSW of Banda Aceh, Indonesia"},"geometry":{"type":"Point","coordinates":[94.8515,4.6488,33.873]},"id":"us6000tyh0"},
{"type":"Feature","properties":{"mag":1.5,"place":"47 km SSW of Manley Hot Springs, Alaska","time":1790735568779,"updated":1790735639119,"tz":null,"url":"https://earthquake.usgs.gov/earthquakes/eventpage/aka2026tipbcb","detail":"https://earthquake.usgs.gov/earthquakes/feed/v1.0/detail/aka2026tipbcb.geojson","felt":null,"cdi":null,"mmi":null,"alert":null,"status":"automatic","tsunami":0,"sig":35,"net":"ak","code":"a2026tipbcb","ids":",aka2026tipbcb,","sources":",ak,","types":",origin,phase-data,","nst":11,"dmin":0.4,"rms":0.6,"gap":84,"magType":"ml","type":"earthquake","title":"M 1.5 - 47 km SSW of Manley Hot Springs, Alaska"},"geometry":{"type":"Point","coordinates":[-151.087,64.622,17.5]},"id":"aka2026tipbcb"},
{"type":"Feature","properties":{"mag":4.5,"place":"104 km SSE of Sarangani, Philippines","time":1790735444716,"updated":1790736759040,"tz":null,"url":"https://earthquake.usgs.gov/earthquakes/eventpage/us6000tygz","detail":"https://earthquake.usgs.gov/earthquakes/feed/v1.0/detail/us6000tygz.geojson","felt":null,"cdi":null,"mmi":null,"alert":null,"status":"reviewed","tsunami":0,"sig":312,"net":"us","code":"6000tygz","ids":",us6000tygz,","sources":",us,","types":",origin,phase-data,","nst":24,"dmin":2.556,"rms":0.8,"gap":94,"magType":"mb","type":"earthquake","title":"M 4.5 - 104 km SSE of Sarangani, Philippines"},"geometry":{"type":"Point","coordinates":[125.7472,4.5021,156.847]},"id":"us6000tygz"},
{"type":"Feature","properties":{"mag":2.4,"place":"70 km SE of Kokhanok, Alaska","time":1790735242678,"updated":1790735430704,"tz":null,"url":"https://earthquake.usgs.gov/earthquakes/eventpage/aka2026tiowjc","detail":"https://earthquake.usgs.gov/earthquakes/feed/v1.0/detail/aka2026tiowjc.geojson","felt":null,"cdi":null,"mmi":null,"alert":null,"status":"automatic","tsunami":0,"sig":89,"net":"ak","code":"a2026tiowjc","ids":",aka2026tiowjc,","sources":",ak,","types":",origin,phase-data,","nst":56,"dmin":0.2,"rms":0.8,"gap":60,"magType":"ml","type":"earthquake","title":"M 2.4 - 70 km SE of Kokhanok, Alaska"},"geometry":{"type":"Point","coordinates":[-153.927,58.986,13.7]},"id":"aka2026tiowjc"},
{"type":"Feature","properties":{"mag":1.4,"place":"20 km S of Tok, Alaska","time":1790734590052,"updated":1790734679909,"tz":null,"url":"https://earthquake.usgs.gov/earthquakes/eventpage/aka2026tiomyi","detail":"https://earthquake.usgs.gov/earthquakes/feed/v1.0/detail/aka2026tiomyi.geojson","felt":null,"cdi":null,"mmi":null,"alert":null,"status":"automatic","tsunami":0,"sig":30,"net":"ak","code":"a2026tiomyi","ids":",aka2026tiomyi,","sources":",ak,","types":",origin,phase-data,","nst":12,"dmin":0.5,"rms":0.6,"gap":89,"magType":"ml","type":"earthquake","title":"M 1.4 - 20 km S of Tok, Alaska"},"geometry":{"type":"Point","coordinates":[-142.927,63.158,2.3]},"id":"aka2026tiomyi"},
{"type":"Feature","properties":{"mag":1.79,"place":"5 km WSW of Volcano, Hawaii","time":1790734257220,"updated":1790734465560,"tz":null,"url":"https://earthquake.usgs.gov/earthquakes/eventpage/hv75045577","detail":"https://earthquake.usgs.gov/earthquakes/feed/v1.0/detail/hv75045577.geojson","felt":null,"cdi":null,"mmi":null,"alert":null,"status":"automatic","tsunami":0,"sig":49,"net":"hv","code":"75045577","ids":",hv75045577,","sources":",hv,","types":",origin,phase-data,","nst":17,"dmin":0.003799,"rms":0.0799999982,"gap":112,"magType":"ml","type":"earthquake","title":"M 1.8 - 5 km WSW of Volcano, Hawaii"},"geometry":{"type":"Point","coordinates":[-155.280670166016,19.4196662902832,0.170000001788139]},"id":"hv75045577"},
{"type":"Feature","properties":{"mag":0.96,"place":"8 km NW of The Geysers, CA","time":1790734012350,"updated":1790734110532,"tz":null,"url":"https://earthquake.usgs.gov/earthquakes/eventpage/nc75441736","detail":"https://earthquake.usgs.gov/earthquakes/feed/v1.0/detail/nc75441736.geojson","felt":null,"cdi":null,"mmi":null,"alert":null,"status":"automatic","tsunami":0,"sig":14,"net":"nc","code":"75441736","ids":",nc75441736,","sources":",nc,","types":",nearby-cities,origin,phase-data,","nst":15,"dmin":0.01088,"rms":0.01,"gap":59,"magType":"md","type":"earthquake","title":"M 1.0 - 8 km NW of The Geysers, CA"},"geometry":{"type":"Point","coordinates":[-122.819831848145,38.8311653137207,1.61000001430511]},"id":"nc75441736"},
{"type":"Feature","properties":{"mag":0.8,"place":"15 km ENE of Salcha, Alaska","time":1790733591136,"updated":1790733669874,"tz":null,"url":"https://earthquake.usgs.gov/earthquakes/eventpage/aka2026tinymu","detail":"https://earthquake.usgs.gov/earthquakes/feed/v1.0/detail/aka2026tinymu.geojson","felt":null,"cdi":null,"mmi":null,"alert":null,"status":"automatic","tsunami":0,"sig":10,"net":"ak","code":"a2026tinymu","ids":",aka2026tinymu,","sources":",ak,","types":",origin,phase-data,","nst":7,"dmin":0.2,"rms":0.7,"gap":114,"magType":"ml","type":"earthquake","title":"M 0.8 - 15 km ENE of Salcha, Alaska"},"geometry":{"type":"Point","coordinates":[-146.58,64.552,5]},"id":"aka2026tinymu"},
{"type":"Feature","properties":{"mag":1.47,"place":"25 km SW of Maricopa, CA","time":1790733255270,"updated":1790733907900,"tz":null,"url":"https://earthquake.usgs.gov/earthquakes/eventpage/ci41340807","detail":"https://earthquake.usgs.gov/earthquakes/feed/v1.0/detail/ci41340807.geojson","felt":null,"cdi":null,"mmi":null,"alert":null,"status":"automatic","tsunami":0,"sig":33,"net":"ci","code":"41340807","ids":",ci41340807,","sources":",ci,","types":",focal-mechanism,nearby-cities,origin,phase-data,scitech-link,","nst":39,"dmin":0.06843,"rms":0.23,"gap":55,"magType":"ml","type":"earthquake","title":"M 1.5 - 25 km SW of Maricopa, CA"},"geometry":{"type":"Point","coordinates":[-119.605333333333,34.9038333333333,8.95]},"id":"ci41340807"},
{"type":"Feature","properties":{"mag":2.1,"place":"1 km W of Topaz Lake, Nevada","time":1790732201809,"updated":1790732338926,"tz":null,"url":"https://earthquake.usgs.gov/earthquakes/eventpage/nn00925062","detail":"https://earthquake.usgs.gov/earthquakes/feed/v1.0/detail/nn00925062.geojson","felt":null,"cdi":null,"mmi":null,"alert":null,"status":"automatic","tsunami":0,"sig":68,"net":"nn","code":"00925062","ids":",nc75441726,nn00925062,","sources":",nc,nn,","types":",nearby-cities,origin,phase-data,","nst":24,"dmin":0.116,"rms":0.2478,"gap":143,"magType":"ml","type":"earthquake","title":"M 2.1 - 1 km W of Topaz Lake, Nevada"},"geometry":{"type":"Point","coordinates":[-119.5602,38.6963,10.6249]},"id":"nn00925062"},
{"type":"Feature","properties":{"mag":4.8,"place":"18 km SW of Tayaman, Philippines","time":1790732045751,"updated":1790743407238,"tz":null,"url":"https://earthquake.usgs.gov/earthquakes/eventpage/us6000tygs","detail":"https://earthquake.usgs.gov/earthquakes/feed/v1.0/detail/us6000tygs.geojson","felt":3,"cdi":2.7,"mmi":null,"alert":null,"status":"reviewed","tsunami":0,"sig":355,"net":"us","code":"6000tygs","ids":",us6000tygs,","sources":",us,","types":",dyfi,origin,phase-data,","nst":52,"dmin":7.814,"rms":1.1,"gap":97,"magType":"mb","type":"earthquake","title":"M 4.8 - 18 km SW of Tayaman, Philippines"},"geometry":{"type":"Point","coordinates":[120.4734,13.0922,10]},"id":"us6000tygs"},
{"type":"Feature","properties":{"mag":4.8,"place":"75 km NE of Tadine, New Caledonia","time":1790731067844,"updated":1790732108040,"tz":null,"url":"https://earthquake.usgs.gov/earthquakes/eventpage/us6000tygq","detail":"https://earthquake.usgs.gov/earthquakes/feed/v1.0/detail/us6000tygq.geojson","felt":null,"cdi":null,"mmi":null,"alert":null,"status":"reviewed","tsunami":0,"sig":354,"net":"us","code":"6000tygq","ids":",us6000tygq,","sources":",us,","types":",origin,phase-data,","nst":30,"dmin":1.795,"rms":0.6,"gap":143,"magType":"mb","type":"earthquake","title":"M 4.8 - 75 km NE of Tadine, New Caledonia"},"geometry":{"type":"Point","coordinates":[168.3284,-21.0085,10]},"id":"us6000tygq"},
{"type":"Feature","properties":{"mag":1.33,"place":"6 km SW of Salton City, CA","time":1790730997450,"updated":1790731202290,"tz":null,"url":"https://earthquake.usgs.gov/earthquakes/eventpage/ci41340799","detail":"https://earthquake.usgs.gov/earthquakes/feed/v1.0/detail/ci41340799.geojson","felt":null,"cdi":null,"mmi":null,"alert":null,"status":"automatic","tsunami":0,"sig":27,"net":"ci","code":"41340799","ids":",ci41340799,","sources":",ci,","types":",nearby-cities,origin,phase-data,","nst":56,"dmin":0.0265,"rms":0.24,"gap":63,"magType":"ml","type":"earthquake","title":"M 1.3 - 6 km SW of Salton City, CA"},"geometry":{"type":"Point","coordinates":[-116.012666666667,33.266,2.52]},"id":"ci41340799"},
{"type":"Feature","properties":{"mag":2.53,"place":"9 km SSW of Puako, Hawaii","time":1790730453810,"updated":1790735991040,"tz":null,"url":"https://earthquake.usgs.gov/earthquakes/eventpage/hv75045547","detail":"https://earthquake.usgs.gov/earthquakes/feed/v1.0/detail/hv75045547.geojson","felt":null,"cdi":null,"mmi":null,"alert":null,"status":"automatic","tsunami":0,"sig":98,"net":"hv","code":"75045547","ids":",us6000tygl,hv75045547,","sources":",us,hv,","types":",origin,phase-data,","nst":46,"dmin":0.21,"rms":0.189999998,"gap":197,"magType":"md","type":"earthquake","title":"M 2.5 - 9 km SSW of Puako, Hawaii"},"geometry":{"type":"Point","coordinates":[-155.880493164062,19.8915004730225,38.8699989318848]},"id":"hv75045547"},
{"type":"Feature","properties":{"mag":1.16,"place":"8 km NNE of Coso Junction, CA","time":1790730289530,"updated":1790730493072,"tz":null,"url":"https://earthquake.usgs.gov/earthquakes/eventpage/ci41340791","detail":"https://earthquake.usgs.gov/earthquakes/feed/v1.0/detail/ci41340791.geojson","felt":null,"cdi":null,"mmi":null,"alert":null,"status":"automatic","tsunami":0,"sig":21,"net":"ci","code":"41340791","ids":",ci41340791,","sources":",ci,","types":",nearby-cities,origin,phase-data,","nst":14,"dmin":0.04091,"rms":0.13,"gap":193,"magType":"ml","type":"earthquake","title":"M 1.2 - 8 km NNE of Coso Junction, CA"},"geometry":{"type":"Point","coordinates":[-117.902,36.1028333333333,3.95]},"id":"ci41340791"},
{"type":"Feature","properties":{"mag":1.26,"place":"20 km ESE of Little Lake, CA","time":1790729973090,"updated":1790730176052,"tz":null,"url":"https://earthquake.usgs.gov/earthquakes/eventpage/ci41340783","detail":"https://earthquake.usgs.gov/earthquakes/feed/v1.0/detail/ci41340783.geojson","felt":null,"cdi":null,"mmi":null,"alert":null,"status":"automatic","tsunami":0,"sig":24,"net":"ci","code":"41340783","ids":",ci41340783,","sources":",ci,","types":",nearby-cities,origin,phase-data,scitech-link,","nst":30,"dmin":0.07586,"rms":0.21,"gap":43,"magType":"ml","type":"earthquake","title":"M 1.3 - 20 km ESE of Little Lake, CA"},"geometry":{"type":"Point","coordinates":[-117.697666666667,35.8823333333333,2.84]},"id":"ci41340783"},
{"type":"Feature","properties":{"mag":1.32,"place":"9 km NNW of Avenal, CA","time":1790729790720,"updated":1790736459179,"tz":null,"url":"https://earthquake.usgs.gov/earthquakes/eventpage/nc75441716","detail":"https://earthquake.usgs.gov/earthquakes/feed/v1.0/detail/nc75441716.geojson","felt":null,"cdi":null,"mmi":null,"alert":null,"status":"automatic","tsunami":0,"sig":27,"net":"nc","code":"75441716","ids":",nc75441716,","sources":",nc,","types":",nearby-cities,origin,phase-data,scitech-link,","nst":6,"dmin":0.026,"rms":0.01,"gap":144,"magType":"md","type":"earthquake","title":"M 1.3 - 9 km NNW of Avenal, CA"},"geometry":{"type":"Point","coordinates":[-120.164001464844,36.0806655883789,4.84999990463257]},"id":"nc75441716"},
{"type":"Feature","properties":{"mag":1.05,"place":"4 km SW of Anderson Springs, CA","time":1790729721770,"updated":1790729820088,"tz":null,"url":"https://earthquake.usgs.gov/earthquakes/eventpage/nc75441711","detail":"https://earthquake.usgs.gov/earthquakes/feed/v1.0/detail/nc75441711.geojson","felt":null,"cdi":null,"mmi":null,"alert":null,"status":"automatic","tsunami":0,"sig":17,"net":"nc","code":"75441711","ids":",nc75441711,","sources":",nc,","types":",nearby-cities,origin,phase-data,","nst":7,"dmin":0.01409,"rms":0.01,"gap":187,"magType":"md","type":"earthquake","title":"M 1.1 - 4 km SW of Anderson Springs, CA"},"geometry":{"type":"Point","coordinates":[-122.716331481934,38.7491683959961,1.70000004768372]},"id":"nc75441711"},
{"type":"Feature","properties":{"mag":1.3,"place":"3 km NNW of The Geysers, CA","time":1790729669590,"updated":1790734944001,"tz":null,"url":"https://earthquake.usgs.gov/earthquakes/eventpage/nc75441706","detail":"https://earthquake.usgs.gov/earthquakes/feed/v1.0/detail/nc75441706.geojson","felt":null,"cdi":null,"mmi":null,"alert":null,"status":"automatic","tsunami":0,"sig":26,"net":"nc","code":"75441706","ids":",nc75441706,","sources":",nc,","types":",nearby-cities,origin,phase-data,scitech-link,","nst":23,"dmin":0.007396,"rms":0.04,"gap":79,"magType":"md","type":"earthquake","title":"M 1.3 - 3 km NNW of The Geysers, CA"},"geometry":{"type":"Point","coordinates":[-122.769165039062,38.8009986877441,0]},"id":"nc75441706"},
{"type":"Feature","properties":{"mag":1.9,"place":"67 km ESE of Denali National Park, Alaska","time":1790729371911,"updated":1790729499471,"tz":null,"url":"https://earthquake.usgs.gov/earthquakes/eventpage/aka2026tilpqd","detail":"https://earthquake.usgs.gov/earthquakes/feed/v1.0/detail/aka2026tilpqd.geojson","felt":null,"cdi":null,"mmi":null,"alert":null,"status":"automatic","tsunami":0,"sig":56,"net":"ak","code":"a2026tilpqd","ids":",aka2026tilpqd,","sources":",ak,","types":",origin,phase-data,","nst":33,"dmin":0.7,"rms":0.5,"gap":77,"magType":"ml","type":"earthquake","title":"M 1.9 - 67 km ESE of Denali National Park, Alaska"},"geometry":{"type":"Point","coordinates":[-150.572,63.233,122]},"id":"aka2026tilpqd"},
{"type":"Feature","properties":{"mag":0.69,"place":"16 km NNE of Borrego Springs, CA","time":1790729265030,"updated":1790729466943,"tz":null,"url":"https://earthquake.usgs.gov/earthquakes/eventpage/ci41340775","detail":"https://earthquake.usgs.gov/earthquakes/feed/v1.0/detail/ci41340775.geojson","felt":null,"cdi":null,"mmi":null,"alert":null,"status":"automatic","tsunami":0,"sig":7,"net":"ci","code":"41340775","ids":",ci41340775,","sources":",ci,","types":",nearby-cities,origin,phase-data,","nst":32,"dmin":0.02945,"rms":0.24,"gap":130,"magType":"ml","type":"earthquake","title":"M 0.7 - 16 km NNE of Borrego Springs, CA"},"geometry":{"type":"Point","coordinates":[-116.307333333333,33.3918333333333,11.24]},"id":"ci41340775"},
{"type":"Feature","properties":{"mag":2.35,"place":"4 km SSW of Pāhala, Hawaii","time":1790728936400,"updated":1790729143350,"tz":null,"url":"https://earthquake.usgs.gov/earthquakes/eventpage/hv75045542","detail":"https://earthquake.usgs.gov/earthquakes/feed/v1.0/detail/hv75045542.geojson","felt":null,"cdi":null,"mmi":null,"alert":null,"status":"automatic","tsunami":0,"sig":85,"net":"hv","code":"75045542","ids":",hv75045542,","sources":",hv,","types":",origin,phase-data,","nst":44,"dmin":0.02985,"rms":0.150000006,"gap":121,"magType":"md","type":"earthquake","title":"M 2.4 - 4 km SSW of Pāhala, Hawaii"},"geometry":{"type":"Point","coordinates":[-155.49299621582,19.1616668701172,30.6200008392334]},"id":"hv75045542"},
{"type":"Feature","properties":{"mag":2.24,"place":"6 km N of Redwood Valley, CA","time":1790728794640,"updated":1790733141804,"tz":null,"url":"https://earthquake.usgs.gov/earthquakes/eventpage/nc75441701","detail":"https://earthquake.usgs.gov/earthquakes/feed/v1.0/detail/nc75441701.geojson","felt":null,"cdi":null,"mmi":null,"alert":null,"status":"automatic","tsunami":0,"sig":77,"net":"nc","code":"75441701","ids":",nc75441701,","sources":",nc,","types":",nearby-cities,origin,phase-data,scitech-link,","nst":27,"dmin":0.01947,"rms":0.09,"gap":43,"magType":"md","type":"earthquake","title":"M 2.2 - 6 km N of Redwood Valley, CA"},"geometry":{"type":"Point","coordinates":[-123.216667175293,39.3173332214355,5.42999982833862]},"id":"nc75441701"},
{"type":"Feature","properties":{"mag":1.33,"place":"5 km WNW of The Geysers, CA","time":1790728651480,"updated":1790732249705,"tz":null,"url":"https://earthquake.usgs.gov/earthquakes/eventpage/nc75441696","detail":"https://earthquake.usgs.gov/earthquakes/feed/v1.0/detail/nc75441696.geojson","felt":null,"cdi":null,"mmi":null,"alert":null,"status":"automatic","tsunami":0,"sig":27,"net":"nc","code":"75441696","ids":",nc75441696,","sources":",nc,","types":",focal-mechanism,nearby-cities,origin,phase-data,scitech-link,","nst":28,"dmin":0.00741,"rms":0.02,"gap":76,"magType":"md","type":"earthquake","title":"M 1.3 - 5 km WNW of The Geysers, CA"},"geometry":{"type":"Point","coordinates":[-122.808334350586,38.7944984436035,2.97000002861023]},"id":"nc75441696"},
{"type":"Feature","properties":{"mag":1.12,"place":"5 km WNW of The Geysers, CA","time":1790728461450,"updated":1790730442624,"tz":null,"url":"https://earthquake.usgs.gov/earthquakes/eventpage/nc75441691","detail":"https://earthquake.usgs.gov/earthquakes/feed/v1.0/detail/nc75441691.geojson","felt":null,"cdi":null,"mmi":null,"alert":null,"status":"automatic","tsunami":0,"sig":19,"net":"nc","code":"75441691","ids":",nc75441691,","sources":",nc,","types":",nearby-cities,origin,phase-data,scitech-link,","nst":23,"dmin":0.007923,"rms":0.02,"gap":75,"magType":"md","type":"earthquake","title":"M 1.1 - 5 km WNW of The Geysers, CA"},"geometry":{"type":"Point","coordinates":[-122.80916595459,38.7946662902832,3]},"id":"nc75441691"},
{"type":"Feature","properties":{"mag":0.63,"place":"4 km S of Idyllwild, CA","time":1790728382660,"updated":1790728591424,"tz":null,"url":"https://earthquake.usgs.gov/earthquakes/eventpage/ci41340767","detail":"https://earthquake.usgs.gov/earthquakes/feed/v1.0/detail/ci41340767.geojson","felt":null,"cdi":null,"mmi":null,"alert":null,"status":"automatic","tsunami":0,"sig":6,"net":"ci","code":"41340767","ids":",ci41340767,","sources":",ci,","types":",nearby-cities,origin,phase-data,","nst":28,"dmin":0.009181,"rms":0.13,"gap":64,"magType":"ml","type":"earthquake","title":"M 0.6 - 4 km S of Idyllwild, CA"},"geometry":{"type":"Point","coordinates":[-116.715166666667,33.702,17]},"id":"ci41340767"},
{"type":"Feature","properties":{"mag":0.87,"place":"8 km WNW of Cobb, CA","time":1790728246330,"updated":1790728344927,"tz":null,"url":"https://earthquake.usgs.gov/earthquakes/eventpage/nc75441681","detail":"https://earthquake.usgs.gov/earthquakes/feed/v1.0/detail/nc75441681.geojson","felt":null,"cdi":null,"mmi":null,"alert":null,"status":"automatic","tsunami":0,"sig":12,"net":"nc","code":"75441681","ids":",nc75441681,","sources":",nc,","types":",nearby-cities,origin,phase-data,","nst":8,"dmin":0.01134,"rms":0.07,"gap":226,"magType":"md","type":"earthquake","title":"M 0.9 - 8 km WNW of Cobb, CA"},"geometry":{"type":"Point","coordinates":[-122.80883026123,38.8544998168945,11.6599998474121]},"id":"nc75441681"},
{"type":"Feature","properties":{"mag":1.54,"place":"7 km N of Goldfield, Nevada","time":1790728217759,"updated":1790728438770,"tz":null,"url":"https://earthquake.usgs.gov/earthquakes/eventpage/nn00925058","detail":"https://earthquake.usgs.gov/earthquakes/feed/v1.0/detail/nn00925058.geojson","felt":null,"cdi":null,"mmi":null,"alert":null,"status":"automatic","tsunami":0,"sig":36,"net":"nn","code":"00925058","ids":",nn00925058,","sources":",nn,","types":",origin,phase-data,","nst":11,"dmin":0.296,"rms":0.4138,"gap":126,"magType":"ml","type":"earthquake","title":"M 1.5 - 7 km N of Goldfield, Nevada"},"geometry":{"type":"Point","coordinates":[-117.2281,37.7791,4.2016]},"id":"nn00925058"},
{"type":"Feature","properties":{"mag":0.5,"place":"65 km ENE of Pedro Bay, Alaska","time":1790728054162,"updated":1790728091190,"tz":null,"url":"https://earthquake.usgs.gov/earthquakes/eventpage/aka2026tikwmo","detail":"https://earthquake.usgs.gov/earthquakes/feed/v1.0/detail/aka2026tikwmo.geojson","felt":null,"cdi":null,"mmi":null,"alert":null,"status":"automatic","tsunami":0,"sig":4,"net":"ak","code":"a2026tikwmo","ids":",aka2026tikwmo,","sources":",ak,","types":",origin,phase-data,","nst":6,"dmin":0,"rms":0.1,"gap":82,"magType":"ml","type":"earthquake","title":"M 0.5 - 65 km ENE of Pedro Bay, Alaska"},"geometry":{"type":"Point","coordinates":[-153.062,60.044,5]},"id":"aka2026tikwmo"},
{"type":"Feature","properties":{"mag":4.4,"place":"142 km SSW of La Esperanza (El Zapotal), Mexico","time":1790727925138,"updated":1790731577040,"tz":null,"url":"https://earthquake.usgs.gov/earthquakes/eventpage/us6000tygh","detail":"https://earthquake.usgs.gov/earthquakes/feed/v1.0/detail/us6000tygh.geojson","felt":null,"cdi":null,"mmi":null,"alert":null,"status":"reviewed","tsunami":0,"sig":298,"net":"us","code":"6000tygh","ids":",us6000tygh,","sources":",us,","types":",origin,phase-data,","nst":38,"dmin":2.538,"rms":0.87,"gap":195,"magType":"mb","type":"earthquake","title":"M 4.4 - 142 km SSW of La Esperanza (El Zapotal), Mexico"},"geometry":{"type":"Point","coordinates":[-93.8464,14.3416,10]},"id":"us6000tygh"},
{"type":"Feature","properties":{"mag":1.5,"place":"82 km W of Karluk, Alaska","time":1790727796296,"updated":1790727845067,"tz":null,"url":"https://earthquake.usgs.gov/earthquakes/eventpage/aka2026tikstr","detail":"https://earthquake.usgs.gov/earthquakes/feed/v1.0/detail/aka2026tikstr.geojson","felt":null,"cdi":null,"mmi":null,"alert":null,"status":"automatic","tsunami":0,"sig":35,"net":"ak","code":"a2026tikstr","ids":",aka2026tikstr,","sources":",ak,","types":",origin,phase-data,","nst":6,"dmin":0.3,"rms":0.3,"gap":273,"magType":"ml","type":"earthquake","title":"M 1.5 - 82 km W of Karluk, Alaska"},"geometry":{"type":"Point","coordinates":[-155.836,57.538,5]},"id":"aka2026tikstr"},
{"type":"Feature","properties":{"mag":0.55,"place":"5 km NNW of Anza, CA","time":1790727761530,"updated":1790727973892,"tz":null,"url":"https://earthquake.usgs.gov/earthquakes/eventpage/ci41340759","detail":"https://earthquake.usgs.gov/earthquakes/feed/v1.0/detail/ci41340759.geojson","felt":null,"cdi":null,"mmi":null,"alert":null,"status":"automatic","tsunami":0,"sig":5,"net":"ci","code":"41340759","ids":",ci41340759,","sources":",ci,","types":",nearby-cities,origin,phase-data,","nst":19,"dmin":0.05102,"rms":0.14,"gap":67,"magType":"ml","type":"earthquake","title":"M 0.6 - 5 km NNW of Anza, CA"},"geometry":{"type":"Point","coordinates":[-116.686833333333,33.5941666666667,2.55]},"id":"ci41340759"},
{"type":"Feature","properties":{"mag":1.05,"place":"5 km WNW of The Geysers, CA","time":1790727469620,"updated":1790727564847,"tz":null,"url":"https://earthquake.usgs.gov/earthquakes/eventpage/nc75441676","detail":"https://earthquake.usgs.gov/earthquakes/feed/v1.0/detail/nc75441676.geojson","felt":null,"cdi":null,"mmi":null,"alert":null,"status":"automatic","tsunami":0,"sig":17,"net":"nc","code":"75441676","ids":",nc75441676,","sources":",nc,","types":",nearby-cities,origin,phase-data,","nst":18,"dmin":0.008458,"rms":0.02,"gap":75,"magType":"md","type":"earthquake","title":"M 1.1 - 5 km WNW of The Geysers, CA"},"geometry":{"type":"Point","coordinates":[-122.809997558594,38.7948341369629,3.15000009536743]},"id":"nc75441676"},
{"type":"Feature","properties":{"mag":1,"place":"58 km SSE of Beaver, Alaska","time":1790726883684,"updated":1790727069934,"tz":null,"url":"https://earthquake.usgs.gov/earthquakes/eventpage/aka2026tikfou","detail":"https://earthquake.usgs.gov/earthquakes/feed/v1.0/detail/aka2026tikfou.geojson","felt":null,"cdi":null,"mmi":null,"alert":null,"status":"automatic","tsunami":0,"sig":15,"net":"ak","code":"a2026tikfou","ids":",aka2026tikfou,","sources":",ak,","types":",origin,phase-data,","nst":6,"dmin":0.4,"rms":0.1,"gap":217,"magType":"ml","type":"earthquake","title":"M 1.0 - 58 km SSE of Beaver, Alaska"},"geometry":{"type":"Point","coordinates":[-146.873,65.876,6.2]},"id":"aka2026tikfou"},
{"type":"Feature","properties":{"mag":1.91,"place":"19 km N of Pāhala, Hawaii","time":1790725702430,"updated":1790725914770,"tz":null,"url":"https://earthquake.usgs.gov/earthquakes/eventpage/hv75045517","detail":"https://earthquake.usgs.gov/earthquakes/feed/v1.0/detail/hv75045517.geojson","felt":null,"cdi":null,"mmi":null,"alert":null,"status":"automatic","tsunami":0,"sig":56,"net":"hv","code":"75045517","ids":",hv75045517,","sources":",hv,","types":",origin,phase-data,","nst":28,"dmin":0.02631,"rms":0.270000011,"gap":38,"magType":"md","type":"earthquake","title":"M 1.9 - 19 km N of Pāhala, Hawaii"},"geometry":{"type":"Point","coordinates":[-155.484832763672,19.3756675720215,6.17999982833862]},"id":"hv75045517"},
{"type":"Feature","properties":{"mag":1.06,"place":"7 km ENE of Yucaipa, CA","time":1790725352300,"updated":1790725553742,"tz":null,"url":"https://earthquake.usgs.gov/earthquakes/eventpage/ci41340751","detail":"https://earthquake.usgs.gov/earthquakes/feed/v1.0/detail/ci41340751.geojson","felt":null,"cdi":null,"mmi":null,"alert":null,"status":"automatic","tsunami":0,"sig":17,"net":"ci","code":"41340751","ids":",ci41340751,","sources":",ci,","types":",nearby-cities,origin,phase-data,","nst":38,"dmin":0.05047,"rms":0.16,"gap":53,"magType":"ml","type":"earthquake","title":"M 1.1 - 7 km ENE of Yucaipa, CA"},"geometry":{"type":"Point","coordinates":[-116.9755,34.0551666666667,15.6]},"id":"ci41340751"},
{"type":"Feature","properties":{"mag":2.49,"place":"12 km NNE of San Lucas, CA","time":1790725186170,"updated":1790725280783,"tz":null,"url":"https://earthquake.usgs.gov/earthquakes/eventpage/nc75441671","detail":"https://earthquake.usgs.gov/earthquakes/feed/v1.0/detail/nc75441671.geojson","felt":null,"cdi":null,"mmi":null,"alert":null,"status":"automatic","tsunami":0,"sig":95,"net":"nc","code":"75441671","ids":",nc75441671,","sources":",nc,","types":",nearby-cities,origin,phase-data,","nst":7,"dmin":0.3513,"rms":0.13,"gap":225,"magType":"md","type":"earthquake","title":"M 2.5 - 12 km NNE of San Lucas, CA"},"geometry":{"type":"Point","coordinates":[-120.977996826172,36.2361679077148,4.82999992370605]},"id":"nc75441671"},
{"type":"Feature","properties":{"mag":-0.67,"place":"60 km ENE of Pedro Bay, Alaska","time":1790725101210,"updated":1790736722300,"tz":null,"url":"https://earthquake.usgs.gov/earthquakes/eventpage/av94454996","detail":"https://earthquake.usgs.gov/earthquakes/feed/v1.0/detail/av94454996.geojson","felt":null,"cdi":null,"mmi":null,"alert":null,"status":"reviewed","tsunami":0,"sig":0,"net":"av","code":"94454996","ids":",av94454996,","sources":",av,","types":",origin,phase-data,","nst":5,"dmin":0.01949,"rms":0.09,"gap":212,"magType":"ml","type":"earthquake","title":"M -0.7 - 60 km ENE of Pedro Bay, Alaska"},"geometry":{"type":"Point","coordinates":[-153.155666666667,60.0418333333333,0.39]},"id":"av94454996"},
{"type":"Feature","properties":{"mag":-0.12,"place":"84 km NW of Karluk, Alaska","time":1790724841960,"updated":1790736450980,"tz":null,"url":"https://earthquake.usgs.gov/earthquakes/eventpage/av94454986","detail":"https://earthquake.usgs.gov/earthquakes/feed/v1.0/detail/av94454986.geojson","felt":null,"cdi":null,"mmi":null,"alert":null,"status":"reviewed","tsunami":0,"sig":0,"net":"av","code":"94454986","ids":",av94454986,","sources":",av,","types":",origin,phase-data,","nst":10,"dmin":0.03404,"rms":0.06,"gap":95,"magType":"ml","type":"earthquake","title":"M -0.1 - 84 km NW of Karluk, Alaska"},"geometry":{"type":"Point","coordinates":[-155.290666666667,58.183,1.78]},"id":"av94454986"},
{"type":"Feature","properties":{"mag":1.04,"place":"2 km NE of The Geysers, CA","time":1790724565640,"updated":1790724659859,"tz":null,"url":"https://earthquake.usgs.gov/earthquakes/eventpage/nc75441666","detail":"https://earthquake.usgs.gov/earthquakes/feed/v1.0/detail/nc75441666.geojson","felt":null,"cdi":null,"mmi":null,"alert":null,"status":"automatic","tsunami":0,"sig":17,"net":"nc","code":"75441666","ids":",nc75441666,","sources":",nc,","types":",nearby-cities,origin,phase-data,","nst":13,"dmin":0.009158,"rms":0.02,"gap":85,"magType":"md","type":"earthquake","title":"M 1.0 - 2 km NE of The Geysers, CA"},"geometry":{"type":"Point","coordinates":[-122.746170043945,38.7886657714844,1.83000004291534]},"id":"nc75441666"},
{"type":"Feature","properties":{"mag":0.77,"place":"8 km ESE of Valle Vista, CA","time":1790724448680,"updated":1790724661988,"tz":null,"url":"https://earthquake.usgs.gov/earthquakes/eventpage/ci41340735","detail":"https://earthquake.usgs.gov/earthquakes/feed/v1.0/detail/ci41340735.geojson","felt":null,"cdi":null,"mmi":null,"alert":null,"status":"automatic","tsunami":0,"sig":9,"net":"ci","code":"41340735","ids":",ci41340735,","sources":",ci,","types":",nearby-cities,origin,phase-data,","nst":33,"dmin":0.0863,"rms":0.14,"gap":60,"magType":"ml","type":"earthquake","title":"M 0.8 - 8 km ESE of Valle Vista, CA"},"geometry":{"type":"Point","coordinates":[-116.823833333333,33.7095,15.28]},"id":"ci41340735"},
{"type":"Feature","properties":{"mag":0.74,"place":"5 km NW of The Geysers, CA","time":1790724299170,"updated":1790724394655,"tz":null,"url":"https://earthquake.usgs.gov/earthquakes/eventpage/nc75441661","detail":"https://earthquake.usgs.gov/earthquakes/feed/v1.0/detail/nc75441661.geojson","felt":null,"cdi":null,"mmi":null,"alert":null,"status":"automatic","tsunami":0,"sig":8,"net":"nc","code":"75441661","ids":",nc75441661,","sources":",nc,","types":",nearby-cities,origin,phase-data,","nst":7,"dmin":0.006812,"rms":0.02,"gap":126,"magType":"md","type":"earthquake","title":"M 0.7 - 5 km NW of The Geysers, CA"},"geometry":{"type":"Point","coordinates":[-122.791664123535,38.8141670227051,1]},"id":"nc75441661"},
{"type":"Feature","properties":{"mag":1.72,"place":"5 km SSW of Pāhala, Hawaii","time":1790723774170,"updated":1790723976060,"tz":null,"url":"https://earthquake.usgs.gov/earthquakes/eventpage/hv75045507","detail":"https://earthquake.usgs.gov/earthquakes/feed/v1.0/detail/hv75045507.geojson","felt":null,"cdi":null,"mmi":null,"alert":null,"status":"automatic","tsunami":0,"sig":46,"net":"hv","code":"75045507","ids":",hv75045507,","sources":",hv,","types":",origin,phase-data,","nst":16,"dmin":0.1211,"rms":0.189999998,"gap":210,"magType":"md","type":"earthquake","title":"M 1.7 - 5 km SSW of Pāhala, Hawaii"},"geometry":{"type":"Point","coordinates":[-155.492340087891,19.1556663513184,26.0200004577637]},"id":"hv75045507"},
{"type":"Feature","properties":{"mag":1.5,"place":"57 km W of Salamatof, Alaska","time":1790723656120,"updated":1790723762667,"tz":null,"url":"https://earthquake.usgs.gov/earthquakes/eventpage/aka2026tiikly","detail":"https://earthquake.usgs.gov/earthquakes/feed/v1.0/detail/aka2026tiikly.geojson","felt":null,"cdi":null,"mmi":null,"alert":null,"status":"automatic","tsunami":0,"sig":35,"net":"ak","code":"a2026tiikly","ids":",aka2026tiikly,","sources":",ak,","types":",origin,phase-data,","nst":25,"dmin":0.1,"rms":0.7,"gap":99,"magType":"ml","type":"earthquake","title":"M 1.5 - 57 km W of Salamatof, Alaska"},"geometry":{"type":"Point","coordinates":[-152.357,60.686,104.7]},"id":"aka2026tiikly"},
{"type":"Feature","properties":{"mag":0.25,"place":"3 km NE of The Geysers, CA","time":1790723395380,"updated":1790723489973,"tz":null,"url":"https://earthquake.usgs.gov/earthquakes/eventpage/nc75441656","detail":"https://earthquake.usgs.gov/earthquakes/feed/v1.0/detail/nc75441656.geojson","felt":null,"cdi":null,"mmi":null,"alert":null,"status":"automatic","tsunami":0,"sig":1,"net":"nc","code":"75441656","ids":",nc75441656,","sources":",nc,","types":",nearby-cities,origin,phase-data,","nst":7,"dmin":0.01017,"rms":0.02,"gap":98,"magType":"md","type":"earthquake","title":"M 0.3 - 3 km NE of The Geysers, CA"},"geometry":{"type":"Point","coordinates":[-122.733001708984,38.7929992675781,1.80999994277954]},"id":"nc75441656"},
{"type":"Feature","properties":{"mag":1.3,"place":"4 km WNW of Wauna, Washington","time":1790723059460,"updated":1790727902900,"tz":null,"url":"https://earthquake.usgs.gov/earthquakes/eventpage/uw714112162","detail":"https://earthquake.usgs.gov/earthquakes/feed/v1.0/detail/uw714112162.geojson","felt":null,"cdi":null,"mmi":null,"alert":null,"status":"reviewed","tsunami":0,"sig":26,"net":"uw","code":"714112162","ids":",uw714112162,","sources":",uw,","types":",origin,phase-data,","nst":25,"dmin":0.1876,"rms":0.15,"gap":69,"magType":"ml","type":"earthquake","title":"M 1.3 - 4 km WNW of Wauna, Washington"},"geometry":{"type":"Point","coordinates":[-122.6935,47.3991666666667,25.29]},"id":"uw714112162"},
{"type":"Feature","properties":{"mag":1.1,"place":"6 km E of Fox, Alaska","time":1790722947752,"updated":1790723040018,"tz":null,"url":"https://earthquake.usgs.gov/earthquakes/eventpage/aka2026tiiart","detail":"https://earthquake.usgs.gov/earthquakes/feed/v1.0/detail/aka2026tiiart.geojson","felt":null,"cdi":null,"mmi":null,"alert":null,"status":"automatic","tsunami":0,"sig":19,"net":"ak","code":"a2026tiiart","ids":",aka2026tiiart,","sources":",ak,","types":",origin,phase-data,","nst":13,"dmin":0.2,"rms":0.7,"gap":63,"magType":"ml","type":"earthquake","title":"M 1.1 - 6 km E of Fox, Alaska"},"geometry":{"type":"Point","coordinates":[-147.476,64.953,5.1]},"id":"aka2026tiiart"},
{"type":"Feature","properties":{"mag":2.2,"place":"31 km WSW of Ivanof Bay, Alaska","time":1790722768780,"updated":1790722812957,"tz":null,"url":"https://earthquake.usgs.gov/earthquakes/eventpage/aka2026tihycs","detail":"https://earthquake.usgs.gov/earthquakes/feed/v1.0/detail/aka2026tihycs.geojson","felt":null,"cdi":null,"mmi":null,"alert":null,"status":"automatic","tsunami":0,"sig":74,"net":"ak","code":"a2026tihycs","ids":",aka2026tihycs,","sources":",ak,","types":",origin,phase-data,","nst":7,"dmin":0.4,"rms":0.3,"gap":329,"magType":"ml","type":"earthquake","title":"M 2.2 - 31 km WSW of Ivanof Bay, Alaska"},"geometry":{"type":"Point","coordinates":[-159.943,55.792,5]},"id":"aka2026tihycs"},
{"type":"Feature","properties":{"mag":2.11,"place":"39 km ENE of Ensenada, B.C., MX","time":1790722465420,"updated":1790722687790,"tz":null,"url":"https://earthquake.usgs.gov/earthquakes/eventpage/ci41340727","detail":"https://earthquake.usgs.gov/earthquakes/feed/v1.0/detail/ci41340727.geojson","felt":null,"cdi":null,"mmi":null,"alert":null,"status":"automatic","tsunami":0,"sig":68,"net":"ci","code":"41340727","ids":",ci41340727,","sources":",ci,","types":",nearby-cities,origin,phase-data,scitech-link,","nst":17,"dmin":0.1317,"rms":0.24,"gap":100,"magType":"ml","type":"earthquake","title":"M 2.1 - 39 km ENE of Ensenada, B.C., MX"},"geometry":{"type":"Point","coordinates":[-116.215166666667,31.9446666666667,14.2]},"id":"ci41340727"},
{"type":"Feature","properties":{"mag":1.41,"place":"2 km NNW of Falls City, Oregon","time":1790719161610,"updated":1790741902340,"tz":null,"url":"https://earthquake.usgs.gov/earthquakes/eventpage/uw714112012","detail":"https://earthquake.usgs.gov/earthquakes/feed/v1.0/detail/uw714112012.geojson","felt":null,"cdi":null,"mmi":null,"alert":null,"status":"reviewed","tsunami":0,"sig":31,"net":"uw","code":"714112012","ids":",uw714112012,","sources":",uw,","types":",origin,phase-data,","nst":4,"dmin":0.1933,"rms":0.04,"gap":213,"magType":"md","type":"earthquake","title":"M 1.4 - 2 km NNW of Falls City, Oregon"},"geometry":{"type":"Point","coordinates":[-123.452166666667,44.8883333333333,32.64]},"id":"uw714112012"},
{"type":"Feature","properties":{"mag":4.5,"place":"15 km SW of San Antonio, Colombia","time":1790718629969,"updated":1790720530040,"tz":null,"url":"https://earthquake.usgs.gov/earthquakes/eventpage/us6000tyfk","detail":"https://earthquake.usgs.gov/earthquakes/feed/v1.0/detail/us6000tyfk.geojson","felt":null,"cdi":null,"mmi":null,"alert":null,"status":"reviewed","tsunami":0,"sig":312,"net":"us","code":"6000tyfk","ids":",us6000tyfk,","sources":",us,","types":",origin,phase-data,","nst":21,"dmin":1.617,"rms":0.82,"gap":123,"magType":"mb","type":"earthquake","title":"M 4.5 - 15 km SW of San Antonio, Colombia"},"geometry":{"type":"Point","coordinates":[-75.5906,3.8311,10]},"id":"us6000tyfk"},
{"type":"Feature","properties":{"mag":0.75,"place":"5 km WNW of The Geysers, CA","time":1790718592290,"updated":1790718690170,"tz":null,"url":"https://earthquake.usgs.gov/earthquakes/eventpage/nc75441641","detail":"https://earthquake.usgs.gov/earthquakes/feed/v1.0/detail/nc75441641.geojson","felt":null,"cdi":null,"mmi":null,"alert":null,"status":"automatic","tsunami":0,"sig":9,"net":"nc","code":"75441641","ids":",nc75441641,","sources":",nc,","types":",nearby-cities,origin,phase-data,","nst":20,"dmin":0.007768,"rms":0.02,"gap":75,"magType":"md","type":"earthquake","title":"M 0.8 - 5 km WNW of The Geysers, CA"},"geometry":{"type":"Point","coordinates":[-122.80883026123,38.7946662902832,3.13000011444092]},"id":"nc75441641"},
{"type":"Feature","properties":{"mag":1.04,"place":"7 km NW of The Geysers, CA","time":1790718529860,"updated":1790718625166,"tz":null,"url":"https://earthquake.usgs.gov/earthquakes/eventpage/nc75441636","detail":"https://earthquake.usgs.gov/earthquakes/feed/v1.0/detail/nc75441636.geojson","felt":null,"cdi":null,"mmi":null,"alert":null,"status":"automatic","tsunami":0,"sig":17,"net":"nc","code":"75441636","ids":",nc75441636,","sources":",nc,","types":",nearby-cities,origin,phase-data,","nst":21,"dmin":0.001894,"rms":0.01,"gap":52,"magType":"md","type":"earthquake","title":"M 1.0 - 7 km NW of The Geysers, CA"},"geometry":{"type":"Point","coordinates":[-122.809997558594,38.8214988708496,2.65000009536743]},"id":"nc75441636"},
{"type":"Feature","properties":{"mag":1.72,"place":"14 km S of Princeton, Canada","time":1790718447600,"updated":1790726777040,"tz":null,"url":"https://earthquake.usgs.gov/earthquakes/eventpage/uw714111992","detail":"https://earthquake.usgs.gov/earthquakes/feed/v1.0/detail/uw714111992.geojson","felt":null,"cdi":null,"mmi":null,"alert":null,"status":"reviewed","tsunami":0,"sig":46,"net":"uw","code":"714111992","ids":",uw714111992,","sources":",uw,","types":",origin,phase-data,","nst":8,"dmin":0.5726,"rms":0.42,"gap":211,"magType":"ml","type":"explosion","title":"M 1.7 Explosion - 14 km S of Princeton, Canada"},"geometry":{"type":"Point","coordinates":[-120.5005,49.327,-0.51]},"id":"uw714111992"},
{"type":"Feature","properties":{"mag":2.23,"place":"8 km W of Cotati, CA","time":1790718424940,"updated":1790726842181,"tz":null,"url":"https://earthquake.usgs.gov/earthquakes/eventpage/nc75441631","detail":"https://earthquake.usgs.gov/earthquakes/feed/v1.0/detail/nc75441631.geojson","felt":null,"cdi":null,"mmi":null,"alert":null,"status":"automatic","tsunami":0,"sig":77,"net":"nc","code":"75441631","ids":",nc75441631,","sources":",nc,","types":",nearby-cities,origin,phase-data,scitech-link,","nst":7,"dmin":0.4643,"rms":0.17,"gap":212,"magType":"md","type":"earthquake","title":"M 2.2 - 8 km W of Cotati, CA"},"geometry":{"type":"Point","coordinates":[-122.800834655762,38.3233337402344,4.32999992370605]},"id":"nc75441631"},
{"type":"Feature","properties":{"mag":0.77,"place":"7 km NW of The Geysers, CA","time":1790717851430,"updated":1790717949101,"tz":null,"url":"https://earthquake.usgs.gov/earthquakes/eventpage/nc75441626","detail":"https://earthquake.usgs.gov/earthquakes/feed/v1.0/detail/nc75441626.geojson","felt":null,"cdi":null,"mmi":null,"alert":null,"status":"automatic","tsunami":0,"sig":9,"net":"nc","code":"75441626","ids":",nc75441626,","sources":",nc,","types":",nearby-cities,origin,phase-data,","nst":12,"dmin":0.003606,"rms":0.01,"gap":57,"magType":"md","type":"earthquake","title":"M 0.8 - 7 km NW of The Geysers, CA"},"geometry":{"type":"Point","coordinates":[-122.814331054688,38.8219985961914,2.67000007629395]},"id":"nc75441626"},
{"type":"Feature","properties":{"mag":1.15,"place":"6 km WNW of Cobb, CA","time":1790717526800,"updated":1790723544788,"tz":null,"url":"https://earthquake.usgs.gov/earthquakes/eventpage/nc75441621","detail":"https://earthquake.usgs.gov/earthquakes/feed/v1.0/detail/nc75441621.geojson","felt":null,"cdi":null,"mmi":null,"alert":null,"status":"automatic","tsunami":0,"sig":20,"net":"nc","code":"75441621","ids":",nc75441621,","sources":",nc,","types":",nearby-cities,origin,phase-data,scitech-link,","nst":19,"dmin":0.00407,"rms":0.02,"gap":64,"magType":"md","type":"earthquake","title":"M 1.2 - 6 km WNW of Cobb, CA"},"geometry":{"type":"Point","coordinates":[-122.794830322266,38.8363342285156,2.11999988555908]},"id":"nc75441621"},
{"type":"Feature","properties":{"mag":1.45,"place":"3 km ENE of Rancho San Diego, CA","time":1790717419920,"updated":1790717639262,"tz":null,"url":"https://earthquake.usgs.gov/earthquakes/eventpage/ci41340711","detail":"https://earthquake.usgs.gov/earthquakes/feed/v1.0/detail/ci41340711.geojson","felt":null,"cdi":null,"mmi":null,"alert":null,"status":"automatic","tsunami":0,"sig":32,"net":"ci","code":"41340711","ids":",ci41340711,","sources":",ci,","types":",nearby-cities,origin,phase-data,scitech-link,","nst":34,"dmin":0.03921,"rms":0.19,"gap":71,"magType":"ml","type":"earthquake","title":"M 1.5 - 3 km ENE of Rancho San Diego, CA"},"geometry":{"type":"Point","coordinates":[-116.9035,32.7571666666667,4.86]},"id":"ci41340711"},
{"type":"Feature","properties":{"mag":1.44,"place":"20 km ESE of Little Lake, CA","time":1790716932990,"updated":1790717145512,"tz":null,"url":"https://earthquake.usgs.gov/earthquakes/eventpage/ci41340703","detail":"https://earthquake.usgs.gov/earthquakes/feed/v1.0/detail/ci41340703.geojson","felt":null,"cdi":null,"mmi":null,"alert":null,"status":"automatic","tsunami":0,"sig":32,"net":"ci","code":"41340703","ids":",ci41340703,","sources":",ci,","types":",nearby-cities,origin,phase-data,scitech-link,","nst":27,"dmin":0.07496,"rms":0.16,"gap":50,"magType":"ml","type":"earthquake","title":"M 1.4 - 20 km ESE of Little Lake, CA"},"geometry":{"type":"Point","coordinates":[-117.696166666667,35.8826666666667,4.03]},"id":"ci41340703"},
{"type":"Feature","properties":{"mag":0.48,"place":"37 km NE of Adak, Alaska","time":1790716145880,"updated":1790735190830,"tz":null,"url":"https://earthquake.usgs.gov/earthquakes/eventpage/av94454891","detail":"https://earthquake.usgs.gov/earthquakes/feed/v1.0/detail/av94454891.geojson","felt":null,"cdi":null,"mmi":null,"alert":null,"status":"reviewed","tsunami":0,"sig":4,"net":"av","code":"94454891","ids":",av94454891,","sources":",av,","types":",origin,phase-data,","nst":6,"dmin":0.02559,"rms":0.28,"gap":220,"magType":"ml","type":"earthquake","title":"M 0.5 - 37 km NE of Adak, Alaska"},"geometry":{"type":"Point","coordinates":[-176.189833333333,52.0691666666667,3.84]},"id":"av94454891"},
{"type":"Feature","properties":{"mag":1.4,"place":"19 km WNW of Happy Valley, Alaska","time":1790716063123,"updated":1790716119278,"tz":null,"url":"https://earthquake.usgs.gov/earthquakes/eventpage/aka2026tiefdx","detail":"https://earthquake.usgs.gov/earthquakes/feed/v1.0/detail/aka2026tiefdx.geojson","felt":null,"cdi":null,"mmi":null,"alert":null,"status":"automatic","tsunami":0,"sig":30,"net":"ak","code":"a2026tiefdx","ids":",aka2026tiefdx,","sources":",ak,","types":",origin,phase-data,","nst":5,"dmin":0.3,"rms":0,"gap":287,"magType":"ml","type":"earthquake","title":"M 1.4 - 19 km WNW of Happy Valley, Alaska"},"geometry":{"type":"Point","coordinates":[-152.044,60.024,53.9]},"id":"aka2026tiefdx"},
{"type":"Feature","properties":{"mag":4.15,"place":"6 km WNW of Wauna, Washington","time":1790715956370,"updated":1790743820162,"tz":null,"url":"https://earthquake.usgs.gov/earthquakes/eventpage/uw714111952","detail":"https://earthquake.usgs.gov/earthquakes/feed/v1.0/detail/uw714111952.geojson","felt":8655,"cdi":3.8,"mmi":3.452,"alert":"green","status":"reviewed","tsunami":0,"sig":645,"net":"uw","code":"714111952","ids":",ew1790715960,uw714111952,us6000tyf3,","sources":",ew,uw,us,","types":",dyfi,event-sequence,losspager,moment-tensor,oaf,origin,phase-data,shake-alert,shakemap,","nst":180,"dmin":0.04201,"rms":0.21,"gap":22,"magType":"ml","type":"earthquake","title":"M 4.2 - 6 km WNW of Wauna, Washington"},"geometry":{"type":"Point","coordinates":[-122.722,47.4003333333333,27.92]},"id":"uw714111952"},
{"type":"Feature","properties":{"mag":1.38,"place":"18 km SW of Hawthorne, Nevada","time":1790715792876,"updated":1790733923250,"tz":null,"url":"https://earthquake.usgs.gov/earthquakes/eventpage/nn00925043","detail":"https://earthquake.usgs.gov/earthquakes/feed/v1.0/detail/nn00925043.geojson","felt":null,"cdi":null,"mmi":null,"alert":null,"status":"reviewed","tsunami":0,"sig":29,"net":"nn","code":"00925043","ids":",nn00925043,","sources":",nn,","types":",origin,phase-data,","nst":11,"dmin":0.065,"rms":0.3523,"gap":155,"magType":"ml","type":"explosion","title":"M 1.4 Explosion - 18 km SW of Hawthorne, Nevada"},"geometry":{"type":"Point","coordinates":[-118.7481,38.3945,0]},"id":"nn00925043"},
{"type":"Feature","properties":{"mag":0.93,"place":"4 km W of Cobb, CA","time":1790715150960,"updated":1790715249325,"tz":null,"url":"https://earthquake.usgs.gov/earthquakes/eventpage/nc75444527","detail":"https://earthquake.usgs.gov/earthquakes/feed/v1.0/detail/nc75444527.geojson","felt":null,"cdi":null,"mmi":null,"alert":null,"status":"automatic","tsunami":0,"sig":13,"net":"nc","code":"75444527","ids":",nc75444527,","sources":",nc,","types":",nearby-cities,origin,phase-data,","nst":11,"dmin":0.006429,"rms":0.01,"gap":119,"magType":"md","type":"earthquake","title":"M 0.9 - 4 km W of Cobb, CA"},"geometry":{"type":"Point","coordinates":[-122.766830444336,38.8245010375977,2.03999996185303]},"id":"nc75444527"},
{"type":"Feature","properties":{"mag":4.7,"place":"49 km N of Dicabisagan, Philippines","time":1790714750983,"updated":1790716331040,"tz":null,"url":"https://earthquake.usgs.gov/earthquakes/eventpage/us6000tyf0","detail":"https://earthquake.usgs.gov/earthquakes/feed/v1.0/detail/us6000tyf0.geojson","felt":null,"cdi":null,"mmi":null,"alert":null,"status":"reviewed","tsunami":0,"sig":340,"net":"us","code":"6000tyf0","ids":",us6000tyf0,","sources":",us,","types":",origin,phase-data,","nst":79,"dmin":5.411,"rms":0.77,"gap":92,"magType":"mb","type":"earthquake","title":"M 4.7 - 49 km N of Dicabisagan, Philippines"},"geometry":{"type":"Point","coordinates":[122.4136,17.5267,10]},"id":"us6000tyf0"},
{"type":"Feature","properties":{"mag":0.4,"place":"69 km WNW of Tyonek, Alaska","time":1790714385994,"updated":1790734980530,"tz":null,"url":"https://earthquake.usgs.gov/earthquakes/eventpage/aka2026tidgzc","detail":"https://earthquake.usgs.gov/earthquakes/feed/v1.0/detail/aka2026tidgzc.geojson","felt":null,"cdi":null,"mmi":null,"alert":null,"status":"automatic","tsunami":0,"sig":2,"net":"ak","code":"a2026tidgzc","ids":",av94454851,aka2026tidgzc,","sources":",av,ak,","types":",origin,phase-data,","nst":9,"dmin":0,"rms":0.3,"gap":118,"magType":"ml","type":"earthquake","title":"M 0.4 - 69 km WNW of Tyonek, Alaska"},"geometry":{"type":"Point","coordinates":[-152.349,61.296,2.4]},"id":"aka2026tidgzc"},
{"type":"Feature","properties":{"mag":1.8,"place":"57 km S of Whites City, New Mexico","time":1790713335029,"updated":1790718542503,"tz":null,"url":"https://earthquake.usgs.gov/earthquakes/eventpage/tx2026tfahtn","detail":"https://earthquake.usgs.gov/earthquakes/feed/v1.0/detail/tx2026tfahtn.geojson","felt":null,"cdi":null,"mmi":null,"alert":null,"status":"reviewed","tsunami":0,"sig":50,"net":"tx","code":"2026tfahtn","ids":",tx2026tfahtn,","sources":",tx,","types":",origin,phase-data,","nst":36,"dmin":0,"rms":0.2,"gap":78,"magType":"ml","type":"earthquake","title":"M 1.8 - 57 km S of Whites City, New Mexico"},"geometry":{"type":"Point","coordinates":[-104.297,31.659,7.1765]},"id":"tx2026tfahtn"},
{"type":"Feature","properties":{"mag":2.3,"place":"11 km ESE of Pearsall, Texas","time":1790712698100,"updated":1790717374201,"tz":null,"url":"https://earthquake.usgs.gov/earthquakes/eventpage/tx2026tezyqt","detail":"https://earthquake.usgs.gov/earthquakes/feed/v1.0/detail/tx2026tezyqt.geojson","felt":null,"cdi":null,"mmi":null,"alert":null,"status":"reviewed","tsunami":0,"sig":81,"net":"tx","code":"2026tezyqt","ids":",tx2026tezyqt,","sources":",tx,","types":",origin,phase-data,","nst":18,"dmin":0.1,"rms":0.3,"gap":83,"magType":"ml","type":"earthquake","title":"M 2.3 - 11 km ESE of Pearsall, Texas"},"geometry":{"type":"Point","coordinates":[-98.986,28.854,8.8348]},"id":"tx2026tezyqt"},
{"type":"Feature","properties":{"mag":2.12,"place":"29 km SW of Richland, Oregon","time":1790712667480,"updated":1790722262470,"tz":null,"url":"https://earthquake.usgs.gov/earthquakes/eventpage/uw714111882","detail":"https://earthquake.usgs.gov/earthquakes/feed/v1.0/detail/uw714111882.geojson","felt":null,"cdi":null,"mmi":null,"alert":null,"status":"reviewed","tsunami":0,"sig":69,"net":"uw","code":"714111882","ids":",uw714111882,","sources":",uw,","types":",origin,phase-data,","nst":4,"dmin":0.2757,"rms":0.34,"gap":181,"magType":"md","type":"explosion","title":"M 2.1 Explosion - 29 km SW of Richland, Oregon"},"geometry":{"type":"Point","coordinates":[-117.459166666667,44.5993333333333,-1.13]},"id":"uw714111882"},
{"type":"Feature","properties":{"mag":-0.65,"place":"69 km WNW of Tyonek, Alaska","time":1790712605280,"updated":1790734619160,"tz":null,"url":"https://earthquake.usgs.gov/earthquakes/eventpage/av94454841","detail":"https://earthquake.usgs.gov/earthquakes/feed/v1.0/detail/av94454841.geojson","felt":null,"cdi":null,"mmi":null,"alert":null,"status":"reviewed","tsunami":0,"sig":0,"net":"av","code":"94454841","ids":",av94454841,","sources":",av,","types":",origin,phase-data,","nst":9,"dmin":0.02754,"rms":0.09,"gap":129,"magType":"ml","type":"earthquake","title":"M -0.7 - 69 km WNW of Tyonek, Alaska"},"geometry":{"type":"Point","coordinates":[-152.341333333333,61.2821666666667,3.44]},"id":"av94454841"},
{"type":"Feature","properties":{"mag":0.67,"place":"10 km WNW of The Geysers, CA","time":1790712570030,"updated":1790712668114,"tz":null,"url":"https://earthquake.usgs.gov/earthquakes/eventpage/nc75444517","detail":"https://earthquake.usgs.gov/earthquakes/feed/v1.0/detail/nc75444517.geojson","felt":null,"cdi":null,"mmi":null,"alert":null,"status":"automatic","tsunami":0,"sig":7,"net":"nc","code":"75444517","ids":",nc75444517,","sources":",nc,","types":",nearby-cities,origin,phase-data,","nst":10,"dmin":0.006684,"rms":0.02,"gap":164,"magType":"md","type":"earthquake","title":"M 0.7 - 10 km WNW of The Geysers, CA"},"geometry":{"type":"Point","coordinates":[-122.851501464844,38.8223342895508,2.44000005722046]},"id":"nc75444517"},
{"type":"Feature","properties":{"mag":0.74,"place":"6 km SE of Mossyrock, Washington","time":1790710073520,"updated":1790719331870,"tz":null,"url":"https://earthquake.usgs.gov/earthquakes/eventpage/uw714111802","detail":"https://earthquake.usgs.gov/earthquakes/feed/v1.0/detail/uw714111802.geojson","felt":null,"cdi":null,"mmi":null,"alert":null,"status":"reviewed","tsunami":0,"sig":8,"net":"uw","code":"714111802","ids":",uw714111802,","sources":",uw,","types":",origin,phase-data,","nst":21,"dmin":0.1184,"rms":0.1,"gap":88,"magType":"ml","type":"earthquake","title":"M 0.7 - 6 km SE of Mossyrock, Washington"},"geometry":{"type":"Point","coordinates":[-122.430833333333,46.485,18.65]},"id":"uw714111802"},
{"type":"Feature","properties":{"mag":2.2,"place":"3 km ENE of Lluveras, Puerto Rico","time":1790709742800,"updated":1790712250240,"tz":null,"url":"https://earthquake.usgs.gov/earthquakes/eventpage/pr71535123","detail":"https://earthquake.usgs.gov/earthquakes/feed/v1.0/detail/pr71535123.geojson","felt":null,"cdi":null,"mmi":null,"alert":null,"status":"reviewed","tsunami":0,"sig":74,"net":"pr","code":"71535123","ids":",pr71535123,","sources":",pr,","types":",origin,phase-data,","nst":4,"dmin":0.07706,"rms":0.14,"gap":186,"magType":"md","type":"earthquake","title":"M 2.2 - 3 km ENE of Lluveras, Puerto Rico"},"geometry":{"type":"Point","coordinates":[-66.877,18.0525,6.45]},"id":"pr71535123"},
{"type":"Feature","properties":{"mag":0.4,"place":"150 km W of Adak, Alaska","time":1790709357630,"updated":1790734228690,"tz":null,"url":"https://earthquake.usgs.gov/earthquakes/eventpage/av94454806","detail":"https://earthquake.usgs.gov/earthquakes/feed/v1.0/detail/av94454806.geojson","felt":null,"cdi":null,"mmi":null,"alert":null,"status":"reviewed","tsunami":0,"sig":2,"net":"av","code":"94454806","ids":",av94454806,","sources":",av,","types":",origin,phase-data,","nst":5,"dmin":0.02508,"rms":0.11,"gap":118,"magType":"ml","type":"earthquake","title":"M 0.4 - 150 km W of Adak, Alaska"},"geometry":{"type":"Point","coordinates":[-178.8065,51.7941666666667,4.41]},"id":"av94454806"},
{"type":"Feature","properties":{"mag":1.52,"place":"7 km WSW of Pala, CA","time":1790708930630,"updated":1790709144232,"tz":null,"url":"https://earthquake.usgs.gov/earthquakes/eventpage/ci41340671","detail":"https://earthquake.usgs.gov/earthquakes/feed/v1.0/detail/ci41340671.geojson","felt":null,"cdi":null,"mmi":null,"alert":null,"status":"automatic","tsunami":0,"sig":36,"net":"ci","code":"41340671","ids":",ci41340671,","sources":",ci,","types":",nearby-cities,origin,phase-data,scitech-link,","nst":37,"dmin":0.04809,"rms":0.18,"gap":63,"magType":"ml","type":"earthquake","title":"M 1.5 - 7 km WSW of Pala, CA"},"geometry":{"type":"Point","coordinates":[-117.146166666667,33.3311666666667,3.46]},"id":"ci41340671"},
{"type":"Feature","properties":{"mag":1.27,"place":"3 km S of Cobb, CA","time":1790708203620,"updated":1790711842442,"tz":null,"url":"https://earthquake.usgs.gov/earthquakes/eventpage/nc75444507","detail":"https://earthquake.usgs.gov/earthquakes/feed/v1.0/detail/nc75444507.geojson","felt":null,"cdi":null,"mmi":null,"alert":null,"status":"automatic","tsunami":0,"sig":25,"net":"nc","code":"75444507","ids":",nc75444507,","sources":",nc,","types":",nearby-cities,origin,phase-data,scitech-link,","nst":19,"dmin":0.01407,"rms":0.04,"gap":100,"magType":"md","type":"earthquake","title":"M 1.3 - 3 km S of Cobb, CA"},"geometry":{"type":"Point","coordinates":[-122.728668212891,38.7958335876465,1.92999994754791]},"id":"nc75444507"},
{"type":"Feature","properties":{"mag":-1.04,"place":"66 km ENE of Pedro Bay, Alaska","time":1790708200760,"updated":1790732666750,"tz":null,"url":"https://earthquake.usgs.gov/earthquakes/eventpage/av94454781","detail":"https://earthquake.usgs.gov/earthquakes/feed/v1.0/detail/av94454781.geojson","felt":null,"cdi":null,"mmi":null,"alert":null,"status":"reviewed","tsunami":0,"sig":0,"net":"av","code":"94454781","ids":",av94454781,","sources":",av,","types":",origin,phase-data,","nst":4,"dmin":0.004578,"rms":0.14,"gap":239,"magType":"ml","type":"earthquake","title":"M -1.0 - 66 km ENE of Pedro Bay, Alaska"},"geometry":{"type":"Point","coordinates":[-153.013166666667,60.02,3.36]},"id":"av94454781"},
{"type":"Feature","properties":{"mag":0.44,"place":"10 km NW of The Geysers, CA","time":1790708036740,"updated":1790708133546,"tz":null,"url":"https://earthquake.usgs.gov/earthquakes/eventpage/nc75444502","detail":"https://earthquake.usgs.gov/earthquakes/feed/v1.0/detail/nc75444502.geojson","felt":null,"cdi":null,"mmi":null,"alert":null,"status":"automatic","tsunami":0,"sig":3,"net":"nc","code":"75444502","ids":",nc75444502,","sources":",nc,","types":",nearby-cities,origin,phase-data,","nst":13,"dmin":0.002436,"rms":0.01,"gap":96,"magType":"md","type":"earthquake","title":"M 0.4 - 10 km NW of The Geysers, CA"},"geometry":{"type":"Point","coordinates":[-122.837669372559,38.84033203125,1.75999999046326]},"id":"nc75444502"},
{"type":"Feature","properties":{"mag":0.82,"place":"2 km E of San Jacinto, CA","time":1790707690260,"updated":1790710225801,"tz":null,"url":"https://earthquake.usgs.gov/earthquakes/eventpage/ci41340639","detail":"https://earthquake.usgs.gov/earthquakes/feed/v1.0/detail/ci41340639.geojson","felt":null,"cdi":null,"mmi":null,"alert":null,"status":"reviewed","tsunami":0,"sig":10,"net":"ci","code":"41340639","ids":",ci41340639,","sources":",ci,","types":",nearby-cities,origin,phase-data,","nst":19,"dmin":0.09334,"rms":0.12,"gap":117,"magType":"ml","type":"earthquake","title":"M 0.8 - 2 km E of San Jacinto, CA"},"geometry":{"type":"Point","coordinates":[-116.934333333333,33.783,12.56]},"id":"ci41340639"},
{"type":"Feature","properties":{"mag":2.02,"place":"7 km WSW of Calistoga, CA","time":1790707648120,"updated":1790710343258,"tz":null,"url":"https://earthquake.usgs.gov/earthquakes/eventpage/nc75444497","detail":"https://earthquake.usgs.gov/earthquakes/feed/v1.0/detail/nc75444497.geojson","felt":2,"cdi":2,"mmi":null,"alert":null,"status":"automatic","tsunami":0,"sig":63,"net":"nc","code":"75444497","ids":",nc75444497,","sources":",nc,","types":",dyfi,nearby-cities,origin,phase-data,scitech-link,","nst":6,"dmin":0.04221,"rms":0.03,"gap":193,"magType":"md","type":"earthquake","title":"M 2.0 - 7 km WSW of Calistoga, CA"},"geometry":{"type":"Point","coordinates":[-122.660003662109,38.5541648864746,0.419999986886978]},"id":"nc75444497"},
{"type":"Feature","properties":{"mag":0.5,"place":"7 km WNW of Dutch Harbor, Alaska","time":1790707006810,"updated":1790733748030,"tz":null,"url":"https://earthquake.usgs.gov/earthquakes/eventpage/av94454766","detail":"https://earthquake.usgs.gov/earthquakes/feed/v1.0/detail/av94454766.geojson","felt":null,"cdi":null,"mmi":null,"alert":null,"status":"reviewed","tsunami":0,"sig":4,"net":"av","code":"94454766","ids":",av94454766,","sources":",av,","types":",origin,phase-data,","nst":6,"dmin":0.03129,"rms":0.31,"gap":227,"magType":"ml","type":"earthquake","title":"M 0.5 - 7 km WNW of Dutch Harbor, Alaska"},"geometry":{"type":"Point","coordinates":[-166.650333333333,53.9061666666667,7.34]},"id":"av94454766"},
{"type":"Feature","properties":{"mag":0.73,"place":"8 km WNW of Anza, CA","time":1790707006630,"updated":1790711176127,"tz":null,"url":"https://earthquake.usgs.gov/earthquakes/eventpage/ci41340631","detail":"https://earthquake.usgs.gov/earthquakes/feed/v1.0/detail/ci41340631.geojson","felt":null,"cdi":null,"mmi":null,"alert":null,"status":"reviewed","tsunami":0,"sig":8,"net":"ci","code":"41340631","ids":",ci41340631,","sources":",ci,","types":",nearby-cities,origin,phase-data,","nst":25,"dmin":0.009776,"rms":0.12,"gap":27,"magType":"ml","type":"earthquake","title":"M 0.7 - 8 km WNW of Anza, CA"},"geometry":{"type":"Point","coordinates":[-116.757666666667,33.5855,11.86]},"id":"ci41340631"},
{"type":"Feature","properties":{"mag":0.36,"place":"9 km NW of Dutch Harbor, Alaska","time":1790707001650,"updated":1790733959320,"tz":null,"url":"https://earthquake.usgs.gov/earthquakes/eventpage/av93067559","detail":"https://earthquake.usgs.gov/earthquakes/feed/v1.0/detail/av93067559.geojson","felt":null,"cdi":null,"mmi":null,"alert":null,"status":"reviewed","tsunami":0,"sig":2,"net":"av","code":"93067559","ids":",av93067559,","sources":",av,","types":",origin,phase-data,","nst":5,"dmin":0.0355,"rms":0.1,"gap":284,"magType":"ml","type":"earthquake","title":"M 0.4 - 9 km NW of Dutch Harbor, Alaska"},"geometry":{"type":"Point","coordinates":[-166.6225,53.9606666666667,9.57]},"id":"av93067559"},
{"type":"Feature","properties":{"mag":4.1,"place":"92 km NE of San Pedro de Atacama, Chile","time":1790706109888,"updated":1790715314040,"tz":null,"url":"https://earthquake.usgs.gov/earthquakes/eventpage/us6000tye9","detail":"https://earthquake.usgs.gov/earthquakes/feed/v1.0/detail/us6000tye9.geojson","felt":null,"cdi":null,"mmi":null,"alert":null,"status":"reviewed","tsunami":0,"sig":259,"net":"us","code":"6000tye9","ids":",us6000tye9,","sources":",us,","types":",origin,phase-data,","nst":27,"dmin":0.844,"rms":0.53,"gap":77,"magType":"mb","type":"earthquake","title":"M 4.1 - 92 km NE of San Pedro de Atacama, Chile"},"geometry":{"type":"Point","coordinates":[-67.5824,-22.3093,178.025]},"id":"us6000tye9"},
{"type":"Feature","properties":{"mag":2.1,"place":"20 km W of Cohoe, Alaska","time":1790705721438,"updated":1790707460736,"tz":null,"url":"https://earthquake.usgs.gov/earthquakes/eventpage/aka2026thylub","detail":"https://earthquake.usgs.gov/earthquakes/feed/v1.0/detail/aka2026thylub.geojson","felt":1,"cdi":1,"mmi":null,"alert":null,"status":"automatic","tsunami":0,"sig":68,"net":"ak","code":"a2026thylub","ids":",aka2026thylub,","sources":",ak,","types":",dyfi,origin,phase-data,","nst":54,"dmin":0.4,"rms":0.7,"gap":43,"magType":"ml","type":"earthquake","title":"M 2.1 - 20 km W of Cohoe, Alaska"},"geometry":{"type":"Point","coordinates":[-151.677,60.374,70.6]},"id":"aka2026thylub"},
{"type":"Feature","properties":{"mag":1.9,"place":"16 km WNW of Aleneva, Alaska","time":1790705626322,"updated":1790705698694,"tz":null,"url":"https://earthquake.usgs.gov/earthquakes/eventpage/aka2026thykim","detail":"https://earthquake.usgs.gov/earthquakes/feed/v1.0/detail/aka2026thykim.geojson","felt":null,"cdi":null,"mmi":null,"alert":null,"status":"automatic","tsunami":0,"sig":56,"net":"ak","code":"a2026thykim","ids":",aka2026thykim,","sources":",ak,","types":",origin,phase-data,","nst":18,"dmin":0.5,"rms":0.3,"gap":130,"magType":"ml","type":"earthquake","title":"M 1.9 - 16 km WNW of Aleneva, Alaska"},"geometry":{"type":"Point","coordinates":[-153.165,58.123,48.1]},"id":"aka2026thykim"},
{"type":"Feature","properties":{"mag":1.73,"place":"16 km WSW of Johannesburg, CA","time":1790704704110,"updated":1790708967212,"tz":null,"url":"https://earthquake.usgs.gov/earthquakes/eventpage/ci41340615","detail":"https://earthquake.usgs.gov/earthquakes/feed/v1.0/detail/ci41340615.geojson","felt":null,"cdi":null,"mmi":null,"alert":null,"status":"reviewed","tsunami":0,"sig":46,"net":"ci","code":"41340615","ids":",ci41340615,","sources":",ci,","types":",nearby-cities,origin,phase-data,scitech-link,","nst":41,"dmin":0.05759,"rms":0.17,"gap":58,"magType":"ml","type":"earthquake","title":"M 1.7 - 16 km WSW of Johannesburg, CA"},"geometry":{"type":"Point","coordinates":[-117.7985,35.3101666666667,6.57]},"id":"ci41340615"},
{"type":"Feature","properties":{"mag":0.75,"place":"5 km NW of The Geysers, CA","time":1790704336550,"updated":1790704433265,"tz":null,"url":"https://earthquake.usgs.gov/earthquakes/eventpage/nc75444467","detail":"https://earthquake.usgs.gov/earthquakes/feed/v1.0/detail/nc75444467.geojson","felt":null,"cdi":null,"mmi":null,"alert":null,"status":"automatic","tsunami":0,"sig":9,"net":"nc","code":"75444467","ids":",nc75444467,","sources":",nc,","types":",nearby-cities,origin,phase-data,","nst":11,"dmin":0.002161,"rms":0.02,"gap":60,"magType":"md","type":"earthquake","title":"M 0.8 - 5 km NW of The Geysers, CA"},"geometry":{"type":"Point","coordinates":[-122.796836853027,38.8061676025391,3.50999999046326]},"id":"nc75444467"},
{"type":"Feature","properties":{"mag":1.29,"place":"5 km NW of The Geysers, CA","time":1790703920630,"updated":1790708242091,"tz":null,"url":"https://earthquake.usgs.gov/earthquakes/eventpage/nc75444462","detail":"https://earthquake.usgs.gov/earthquakes/feed/v1.0/detail/nc75444462.geojson","felt":null,"cdi":null,"mmi":null,"alert":null,"status":"automatic","tsunami":0,"sig":26,"net":"nc","code":"75444462","ids":",nc75444462,","sources":",nc,","types":",focal-mechanism,nearby-cities,origin,phase-data,scitech-link,","nst":30,"dmin":0.00248,"rms":0.02,"gap":42,"magType":"md","type":"earthquake","title":"M 1.3 - 5 km NW of The Geysers, CA"},"geometry":{"type":"Point","coordinates":[-122.796501159668,38.8056678771973,3.25999999046326]},"id":"nc75444462"},
{"type":"Feature","properties":{"mag":0.27,"place":"8 km NW of Dutch Harbor, Alaska","time":1790703813200,"updated":1790732275350,"tz":null,"url":"https://earthquake.usgs.gov/earthquakes/eventpage/av94454661","detail":"https://earthquake.usgs.gov/earthquakes/feed/v1.0/detail/av94454661.geojson","felt":null,"cdi":null,"mmi":null,"alert":null,"status":"reviewed","tsunami":0,"sig":1,"net":"av","code":"94454661","ids":",av94454661,","sources":",av,","types":",origin,phase-data,","nst":4,"dmin":0.04014,"rms":0.17,"gap":268,"magType":"ml","type":"earthquake","title":"M 0.3 - 8 km NW of Dutch Harbor, Alaska"},"geometry":{"type":"Point","coordinates":[-166.6225,53.9478333333333,11.62]},"id":"av94454661"},
{"type":"Feature","properties":{"mag":1.8,"place":"86 km W of Karluk, Alaska","time":1790703056979,"updated":1790732006010,"tz":null,"url":"https://earthquake.usgs.gov/earthquakes/eventpage/aka2026thwzfz","detail":"https://earthquake.usgs.gov/earthquakes/feed/v1.0/detail/aka2026thwzfz.geojson","felt":null,"cdi":null,"mmi":null,"alert":null,"status":"automatic","tsunami":0,"sig":50,"net":"ak","code":"a2026thwzfz","ids":",av94454646,aka2026thwzfz,","sources":",av,ak,","types":",origin,phase-data,","nst":21,"dmin":0.2,"rms":0.5,"gap":249,"magType":"ml","type":"earthquake","title":"M 1.8 - 86 km W of Karluk, Alaska"},"geometry":{"type":"Point","coordinates":[-155.904,57.55,5]},"id":"aka2026thwzfz"},
{"type":"Feature","properties":{"mag":0.8,"place":"85 km NW of Karluk, Alaska","time":1790701691572,"updated":1790701719552,"tz":null,"url":"https://earthquake.usgs.gov/earthquakes/eventpage/aka2026thwepl","detail":"https://earthquake.usgs.gov/earthquakes/feed/v1.0/detail/aka2026thwepl.geojson","felt":null,"cdi":null,"mmi":null,"alert":null,"status":"automatic","tsunami":0,"sig":10,"net":"ak","code":"a2026thwepl","ids":",aka2026thwepl,","sources":",ak,","types":",origin,phase-data,","nst":10,"dmin":0,"rms":0.2,"gap":109,"magType":"ml","type":"earthquake","title":"M 0.8 - 85 km NW of Karluk, Alaska"},"geometry":{"type":"Point","coordinates":[-155.326,58.177,5]},"id":"aka2026thwepl"},
{"type":"Feature","properties":{"mag":0.77,"place":"14 km W of Sekiu, Washington","time":1790700078590,"updated":1790710265370,"tz":null,"url":"https://earthquake.usgs.gov/earthquakes/eventpage/uw714111622","detail":"https://earthquake.usgs.gov/earthquakes/feed/v1.0/detail/uw714111622.geojson","felt":null,"cdi":null,"mmi":null,"alert":null,"status":"reviewed","tsunami":0,"sig":9,"net":"uw","code":"714111622","ids":",uw714111622,","sources":",uw,","types":",origin,phase-data,","nst":12,"dmin":0.03943,"rms":0.14,"gap":173,"magType":"md","type":"earthquake","title":"M 0.8 - 14 km W of Sekiu, Washington"},"geometry":{"type":"Point","coordinates":[-124.494833333333,48.265,30.16]},"id":"uw714111622"},
{"type":"Feature","properties":{"mag":2,"place":"59 km S of Whites City, New Mexico","time":1790699333877,"updated":1790718232801,"tz":null,"url":"https://earthquake.usgs.gov/earthquakes/eventpage/tx2026tesmfm","detail":"https://earthquake.usgs.gov/earthquakes/feed/v1.0/detail/tx2026tesmfm.geojson","felt":null,"cdi":null,"mmi":null,"alert":null,"status":"reviewed","tsunami":0,"sig":62,"net":"tx","code":"2026tesmfm","ids":",tx2026tesmfm,","sources":",tx,","types":",origin,phase-data,","nst":21,"dmin":0,"rms":0.2,"gap":73,"magType":"ml","type":"earthquake","title":"M 2.0 - 59 km S of Whites City, New Mexico"},"geometry":{"type":"Point","coordinates":[-104.488,31.648,6.7151]},"id":"tx2026tesmfm"},
{"type":"Feature","properties":{"mag":0.88,"place":"4 km NNW of The Geysers, CA","time":1790699028470,"updated":1790699123425,"tz":null,"url":"https://earthquake.usgs.gov/earthquakes/eventpage/nc75444442","detail":"https://earthquake.usgs.gov/earthquakes/feed/v1.0/detail/nc75444442.geojson","felt":null,"cdi":null,"mmi":null,"alert":null,"status":"automatic","tsunami":0,"sig":12,"net":"nc","code":"75444442","ids":",nc75444442,","sources":",nc,","types":",nearby-cities,origin,phase-data,","nst":12,"dmin":0.007383,"rms":0.02,"gap":78,"magType":"md","type":"earthquake","title":"M 0.9 - 4 km NNW of The Geysers, CA"},"geometry":{"type":"Point","coordinates":[-122.773834228516,38.8081665039062,1.70000004768372]},"id":"nc75444442"},
{"type":"Feature","properties":{"mag":4.8,"place":"44 km NNE of Fangale’ounga, Tonga","time":1790698376037,"updated":1790702124040,"tz":null,"url":"https://earthquake.usgs.gov/earthquakes/eventpage/us6000tycv","detail":"https://earthquake.usgs.gov/earthquakes/feed/v1.0/detail/us6000tycv.geojson","felt":null,"cdi":null,"mmi":null,"alert":null,"status":"reviewed","tsunami":0,"sig":354,"net":"us","code":"6000tycv","ids":",us6000tycv,","sources":",us,","types":",origin,phase-data,","nst":109,"dmin":4.031,"rms":0.72,"gap":44,"magType":"mb","type":"earthquake","title":"M 4.8 - 44 km NNE of Fangale’ounga, Tonga"},"geometry":{"type":"Point","coordinates":[-174.1824,-19.3714,10]},"id":"us6000tycv"},
{"type":"Feature","properties":{"mag":0.25,"place":"11 km SE of Anza, CA","time":1790698177760,"updated":1790700860583,"tz":null,"url":"https://earthquake.usgs.gov/earthquakes/eventpage/ci41340575","detail":"https://earthquake.usgs.gov/earthquakes/feed/v1.0/detail/ci41340575.geojson","felt":null,"cdi":null,"mmi":null,"alert":null,"status":"reviewed","tsunami":0,"sig":1,"net":"ci","code":"41340575","ids":",ci41340575,","sources":",ci,","types":",nearby-cities,origin,phase-data,","nst":14,"dmin":0.015,"rms":0.07,"gap":84,"magType":"ml","type":"earthquake","title":"M 0.3 - 11 km SE of Anza, CA"},"geometry":{"type":"Point","coordinates":[-116.585666666667,33.4888333333333,6.21]},"id":"ci41340575"},
{"type":"Feature","properties":{"mag":2.58,"place":"6 km W of Yountville, CA","time":1790697997410,"updated":1790734586800,"tz":null,"url":"https://earthquake.usgs.gov/earthquakes/eventpage/nc75444432","detail":"https://earthquake.usgs.gov/earthquakes/feed/v1.0/detail/nc75444432.geojson","felt":48,"cdi":3,"mmi":null,"alert":null,"status":"automatic","tsunami":0,"sig":117,"net":"nc","code":"75444432","ids":",nc75444432,","sources":",nc,","types":",dyfi,focal-mechanism,nearby-cities,origin,phase-data,scitech-link,","nst":81,"dmin":0.0509,"rms":0.15,"gap":32,"magType":"md","type":"earthquake","title":"M 2.6 - 6 km W of Yountville, CA"},"geometry":{"type":"Point","coordinates":[-122.424003601074,38.3988342285156,8.30000019073486]},"id":"nc75444432"},
{"type":"Feature","properties":{"mag":1.3,"place":"45 km NNW of Valdez, Alaska","time":1790697834082,"updated":1790697898413,"tz":null,"url":"https://earthquake.usgs.gov/earthquakes/eventpage/aka2026thubtz","detail":"https://earthquake.usgs.gov/earthquakes/feed/v1.0/detail/aka2026thubtz.geojson","felt":null,"cdi":null,"mmi":null,"alert":null,"status":"automatic","tsunami":0,"sig":26,"net":"ak","code":"a2026thubtz","ids":",aka2026thubtz,","sources":",ak,","types":",origin,phase-data,","nst":11,"dmin":0.3,"rms":0.4,"gap":132,"magType":"ml","type":"earthquake","title":"M 1.3 - 45 km NNW of Valdez, Alaska"},"geometry":{"type":"Point","coordinates":[-146.591,61.521,44.2]},"id":"aka2026thubtz"},
{"type":"Feature","properties":{"mag":1.13,"place":"8 km NW of The Geysers, CA","time":1790697592900,"updated":1790701643358,"tz":null,"url":"https://earthquake.usgs.gov/earthquakes/eventpage/nc75444417","detail":"https://earthquake.usgs.gov/earthquakes/feed/v1.0/detail/nc75444417.geojson","felt":null,"cdi":null,"mmi":null,"alert":null,"status":"automatic","tsunami":0,"sig":20,"net":"nc","code":"75444417","ids":",nc75444417,","sources":",nc,","types":",nearby-cities,origin,phase-data,scitech-link,","nst":25,"dmin":0.005746,"rms":0.02,"gap":42,"magType":"md","type":"earthquake","title":"M 1.1 - 8 km NW of The Geysers, CA"},"geometry":{"type":"Point","coordinates":[-122.815002441406,38.8276672363281,2.17000007629395]},"id":"nc75444417"},
{"type":"Feature","properties":{"mag":1.7,"place":"5 km WNW of The Geysers, CA","time":1790697252690,"updated":1790699543047,"tz":null,"url":"https://earthquake.usgs.gov/earthquakes/eventpage/nc75444412","detail":"https://earthquake.usgs.gov/earthquakes/feed/v1.0/detail/nc75444412.geojson","felt":null,"cdi":null,"mmi":null,"alert":null,"status":"automatic","tsunami":0,"sig":44,"net":"nc","code":"75444412","ids":",nc75444412,","sources":",nc,","types":",focal-mechanism,nearby-cities,origin,phase-data,scitech-link,","nst":34,"dmin":0.007213,"rms":0.03,"gap":76,"magType":"md","type":"earthquake","title":"M 1.7 - 5 km WNW of The Geysers, CA"},"geometry":{"type":"Point","coordinates":[-122.808502197266,38.7941665649414,2.91000008583069]},"id":"nc75444412"},
{"type":"Feature","properties":{"mag":1.14,"place":"9 km SSW of Idyllwild, CA","time":1790697139950,"updated":1790711727089,"tz":null,"url":"https://earthquake.usgs.gov/earthquakes/eventpage/ci41340567","detail":"https://earthquake.usgs.gov/earthquakes/feed/v1.0/detail/ci41340567.geojson","felt":null,"cdi":null,"mmi":null,"alert":null,"status":"reviewed","tsunami":0,"sig":20,"net":"ci","code":"41340567","ids":",ci41340567,","sources":",ci,","types":",nearby-cities,origin,phase-data,","nst":41,"dmin":0.05857,"rms":0.14,"gap":41,"magType":"ml","type":"earthquake","title":"M 1.1 - 9 km SSW of Idyllwild, CA"},"geometry":{"type":"Point","coordinates":[-116.763666666667,33.6695,13.38]},"id":"ci41340567"},
{"type":"Feature","properties":{"mag":4.6,"place":"West Chile Rise","time":1790695878586,"updated":1790704528040,"tz":null,"url":"https://earthquake.usgs.gov/earthquakes/eventpage/us6000tycz","detail":"https://earthquake.usgs.gov/earthquakes/feed/v1.0/detail/us6000tycz.geojson","felt":null,"cdi":null,"mmi":null,"alert":null,"status":"reviewed","tsunami":0,"sig":326,"net":"us","code":"6000tycz","ids":",us6000tycz,","sources":",us,","types":",origin,phase-data,","nst":59,"dmin":13.749,"rms":0.32,"gap":76,"magType":"mb","type":"earthquake","title":"M 4.6 - West Chile Rise"},"geometry":{"type":"Point","coordinates":[-91.4145,-40.9373,10]},"id":"us6000tycz"},
{"type":"Feature","properties":{"mag":0.75,"place":"2 km NNW of The Geysers, CA","time":1790695562800,"updated":1790695657926,"tz":null,"url":"https://earthquake.usgs.gov/earthquakes/eventpage/nc75444407","detail":"https://earthquake.usgs.gov/earthquakes/feed/v1.0/detail/nc75444407.geojson","felt":null,"cdi":null,"mmi":null,"alert":null,"status":"automatic","tsunami":0,"sig":9,"net":"nc","code":"75444407","ids":",nc75444407,","sources":",nc,","types":",nearby-cities,origin,phase-data,","nst":9,"dmin":0.004543,"rms":0.04,"gap":69,"magType":"md","type":"earthquake","title":"M 0.8 - 2 km NNW of The Geysers, CA"},"geometry":{"type":"Point","coordinates":[-122.762168884277,38.796501159668,0.670000016689301]},"id":"nc75444407"},
{"type":"Feature","properties":{"mag":0.85,"place":"8 km NW of The Geysers, CA","time":1790695384540,"updated":1790695482901,"tz":null,"url":"https://earthquake.usgs.gov/earthquakes/eventpage/nc75444402","detail":"https://earthquake.usgs.gov/earthquakes/feed/v1.0/detail/nc75444402.geojson","felt":null,"cdi":null,"mmi":null,"alert":null,"status":"automatic","tsunami":0,"sig":11,"net":"nc","code":"75444402","ids":",nc75444402,","sources":",nc,","types":",nearby-cities,origin,phase-data,","nst":18,"dmin":0.01317,"rms":0.02,"gap":63,"magType":"md","type":"earthquake","title":"M 0.9 - 8 km NW of The Geysers, CA"},"geometry":{"type":"Point","coordinates":[-122.818832397461,38.8346672058105,1.76999998092651]},"id":"nc75444402"},
{"type":"Feature","properties":{"mag":2.06,"place":"9 km WNW of Anza, CA","time":1790695189220,"updated":1790698183770,"tz":null,"url":"https://earthquake.usgs.gov/earthquakes/eventpage/ci41340551","detail":"https://earthquake.usgs.gov/earthquakes/feed/v1.0/detail/ci41340551.geojson","felt":null,"cdi":null,"mmi":null,"alert":null,"status":"reviewed","tsunami":0,"sig":65,"net":"ci","code":"41340551","ids":",ci41340551,","sources":",ci,","types":",focal-mechanism,nearby-cities,origin,phase-data,scitech-link,","nst":92,"dmin":0.01784,"rms":0.18,"gap":15,"magType":"ml","type":"earthquake","title":"M 2.1 - 9 km WNW of Anza, CA"},"geometry":{"type":"Point","coordinates":[-116.77,33.5765,12.12]},"id":"ci41340551"},
{"type":"Feature","properties":{"mag":4.9,"place":"South Sandwich Islands region","time":1790695038348,"updated":1790703637040,"tz":null,"url":"https://earthquake.usgs.gov/earthquakes/eventpage/us6000tyck","detail":"https://earthquake.usgs.gov/earthquakes/feed/v1.0/detail/us6000tyck.geojson","felt":null,"cdi":null,"mmi":null,"alert":null,"status":"reviewed","tsunami":0,"sig":369,"net":"us","code":"6000tyck","ids":",us6000tyck,","sources":",us,","types":",origin,phase-data,","nst":71,"dmin":7.315,"rms":1.13,"gap":50,"magType":"mb","type":"earthquake","title":"M 4.9 - South Sandwich Islands region"},"geometry":{"type":"Point","coordinates":[-26.0066,-58.7388,114.785]},"id":"us6000tyck"},
{"type":"Feature","properties":{"mag":1.41,"place":"9 km WNW of Anza, CA","time":1790694437570,"updated":1790698729360,"tz":null,"url":"https://earthquake.usgs.gov/earthquakes/eventpage/ci41340543","detail":"https://earthquake.usgs.gov/earthquakes/feed/v1.0/detail/ci41340543.geojson","felt":null,"cdi":null,"mmi":null,"alert":null,"status":"reviewed","tsunami":0,"sig":31,"net":"ci","code":"41340543","ids":",ci41340543,","sources":",ci,","types":",focal-mechanism,nearby-cities,origin,phase-data,scitech-link,","nst":56,"dmin":0.01701,"rms":0.17,"gap":23,"magType":"ml","type":"earthquake","title":"M 1.4 - 9 km WNW of Anza, CA"},"geometry":{"type":"Point","coordinates":[-116.765333333333,33.5766666666667,12.32]},"id":"ci41340543"},
{"type":"Feature","properties":{"mag":0.87,"place":"7 km NW of The Geysers, CA","time":1790693455190,"updated":1790693552603,"tz":null,"url":"https://earthquake.usgs.gov/earthquakes/eventpage/nc75444387","detail":"https://earthquake.usgs.gov/earthquakes/feed/v1.0/detail/nc75444387.geojson","felt":null,"cdi":null,"mmi":null,"alert":null,"status":"automatic","tsunami":0,"sig":12,"net":"nc","code":"75444387","ids":",nc75444387,","sources":",nc,","types":",nearby-cities,origin,phase-data,","nst":10,"dmin":0.006764,"rms":0.01,"gap":86,"magType":"md","type":"earthquake","title":"M 0.9 - 7 km NW of The Geysers, CA"},"geometry":{"type":"Point","coordinates":[-122.801498413086,38.824333190918,2.89000010490417]},"id":"nc75444387"},
{"type":"Feature","properties":{"mag":1.6,"place":"21 km NNW of Toyah, Texas","time":1790693292184,"updated":1790721467278,"tz":null,"url":"https://earthquake.usgs.gov/earthquakes/eventpage/tx2026tepfwo","detail":"https://earthquake.usgs.gov/earthquakes/feed/v1.0/detail/tx2026tepfwo.geojson","felt":null,"cdi":null,"mmi":null,"alert":null,"status":"reviewed","tsunami":0,"sig":39,"net":"tx","code":"2026tepfwo","ids":",tx2026tepfwo,","sources":",tx,","types":",origin,phase-data,","nst":17,"dmin":0.1,"rms":0.2,"gap":61,"magType":"ml","type":"earthquake","title":"M 1.6 - 21 km NNW of Toyah, Texas"},"geometry":{"type":"Point","coordinates":[-103.884,31.488,6.0999]},"id":"tx2026tepfwo"},
{"type":"Feature","properties":{"mag":2.1,"place":"63 km SW of Skwentna, Alaska","time":1790693111394,"updated":1790699034601,"tz":null,"url":"https://earthquake.usgs.gov/earthquakes/eventpage/aka2026thrlmk","detail":"https://earthquake.usgs.gov/earthquakes/feed/v1.0/detail/aka2026thrlmk.geojson","felt":1,"cdi":1,"mmi":null,"alert":null,"status":"automatic","tsunami":0,"sig":68,"net":"ak","code":"a2026thrlmk","ids":",aka2026thrlmk,","sources":",ak,","types":",dyfi,origin,phase-data,","nst":42,"dmin":0.2,"rms":0.7,"gap":145,"magType":"ml","type":"earthquake","title":"M 2.1 - 63 km SW of Skwentna, Alaska"},"geometry":{"type":"Point","coordinates":[-152.264,61.593,132.9]},"id":"aka2026thrlmk"},
{"type":"Feature","properties":{"mag":1.32,"place":"83 km ENE of Adak, Alaska","time":1790692999790,"updated":1790730024260,"tz":null,"url":"https://earthquake.usgs.gov/earthquakes/eventpage/av93067549","detail":"https://earthquake.usgs.gov/earthquakes/feed/v1.0/detail/av93067549.geojson","felt":null,"cdi":null,"mmi":null,"alert":null,"status":"reviewed","tsunami":0,"sig":27,"net":"av","code":"93067549","ids":",av93067549,","sources":",av,","types":",origin,phase-data,","nst":7,"dmin":0.296,"rms":0.33,"gap":181,"magType":"ml","type":"earthquake","title":"M 1.3 - 83 km ENE of Adak, Alaska"},"geometry":{"type":"Point","coordinates":[-175.473166666667,52.0848333333333,14.26]},"id":"av93067549"},
{"type":"Feature","properties":{"mag":4.4,"place":"192 km ESE of Mil’kovo, Russia","time":1790692828155,"updated":1790702460040,"tz":null,"url":"https://earthquake.usgs.gov/earthquakes/eventpage/us6000tych","detail":"https://earthquake.usgs.gov/earthquakes/feed/v1.0/detail/us6000tych.geojson","felt":null,"cdi":null,"mmi":null,"alert":null,"status":"reviewed","tsunami":0,"sig":298,"net":"us","code":"6000tych","ids":",us6000tych,","sources":",us,","types":",origin,phase-data,","nst":61,"dmin":2.403,"rms":0.55,"gap":134,"magType":"mb","type":"earthquake","title":"M 4.4 - 192 km ESE of Mil’kovo, Russia"},"geometry":{"type":"Point","coordinates":[161.3866,54.0783,54.014]},"id":"us6000tych"},
{"type":"Feature","properties":{"mag":1.3,"place":"84 km NNW of Karluk, Alaska","time":1790692827667,"updated":1790692969170,"tz":null,"url":"https://earthquake.usgs.gov/earthquakes/eventpage/aka2026thrhkz","detail":"https://earthquake.usgs.gov/earthquakes/feed/v1.0/detail/aka2026thrhkz.geojson","felt":null,"cdi":null,"mmi":null,"alert":null,"status":"automatic","tsunami":0,"sig":26,"net":"ak","code":"a2026thrhkz","ids":",aka2026thrhkz,","sources":",ak,","types":",origin,phase-data,","nst":20,"dmin":0.1,"rms":0.4,"gap":69,"magType":"ml","type":"earthquake","title":"M 1.3 - 84 km NNW of Karluk, Alaska"},"geometry":{"type":"Point","coordinates":[-154.979,58.273,3.8]},"id":"aka2026thrhkz"},
{"type":"Feature","properties":{"mag":2,"place":"3 km NW of Petersville, Alaska","time":1790692580739,"updated":1790692750053,"tz":null,"url":"https://earthquake.usgs.gov/earthquakes/eventpage/aka2026thrdwf","detail":"https://earthquake.usgs.gov/earthquakes/feed/v1.0/detail/aka2026thrdwf.geojson","felt":null,"cdi":null,"mmi":null,"alert":null,"status":"automatic","tsunami":0,"sig":62,"net":"ak","code":"a2026thrdwf","ids":",aka2026thrdwf,","sources":",ak,","types":",origin,phase-data,","nst":44,"dmin":0,"rms":0.7,"gap":52,"magType":"ml","type":"earthquake","title":"M 2.0 - 3 km NW of Petersville, Alaska"},"geometry":{"type":"Point","coordinates":[-150.814,62.513,80.7]},"id":"aka2026thrdwf"},
{"type":"Feature","properties":{"mag":1.7,"place":"10 km E of Pearsall, Texas","time":1790692545864,"updated":1790722496769,"tz":null,"url":"https://earthquake.usgs.gov/earthquakes/eventpage/tx2026teovfa","detail":"https://earthquake.usgs.gov/earthquakes/feed/v1.0/detail/tx2026teovfa.geojson","felt":null,"cdi":null,"mmi":null,"alert":null,"status":"reviewed","tsunami":0,"sig":44,"net":"tx","code":"2026teovfa","ids":",tx2026teovfa,","sources":",tx,","types":",origin,phase-data,","nst":13,"dmin":0.1,"rms":0.2,"gap":86,"magType":"ml","type":"earthquake","title":"M 1.7 - 10 km E of Pearsall, Texas"},"geometry":{"type":"Point","coordinates":[-98.986,28.877,8.1914]},"id":"tx2026teovfa"},
{"type":"Feature","properties":{"mag":0.7,"place":"85 km NNW of Karluk, Alaska","time":1790692008175,"updated":1790728972310,"tz":null,"url":"https://earthquake.usgs.gov/earthquakes/eventpage/aka2026thqvpb","detail":"https://earthquake.usgs.gov/earthquakes/feed/v1.0/detail/aka2026thqvpb.geojson","felt":null,"cdi":null,"mmi":null,"alert":null,"status":"automatic","tsunami":0,"sig":8,"net":"ak","code":"a2026thqvpb","ids":",av93067539,aka2026thqvpb,","sources":",av,ak,","types":",origin,phase-data,","nst":10,"dmin":0,"rms":0.3,"gap":138,"magType":"ml","type":"earthquake","title":"M 0.7 - 85 km NNW of Karluk, Alaska"},"geometry":{"type":"Point","coordinates":[-155.009,58.281,5]},"id":"aka2026thqvpb"},
{"type":"Feature","properties":{"mag":1.7,"place":"54 km S of Whites City, New Mexico","time":1790691461655,"updated":1790722354113,"tz":null,"url":"https://earthquake.usgs.gov/earthquakes/eventpage/tx2026teofpz","detail":"https://earthquake.usgs.gov/earthquakes/feed/v1.0/detail/tx2026teofpz.geojson","felt":null,"cdi":null,"mmi":null,"alert":null,"status":"reviewed","tsunami":0,"sig":44,"net":"tx","code":"2026teofpz","ids":",tx2026teofpz,","sources":",tx,","types":",origin,phase-data,","nst":37,"dmin":0,"rms":0.2,"gap":69,"magType":"ml","type":"earthquake","title":"M 1.7 - 54 km S of Whites City, New Mexico"},"geometry":{"type":"Point","coordinates":[-104.415,31.682,7.9456]},"id":"tx2026teofpz"},
{"type":"Feature","properties":{"mag":1.15,"place":"18 km SW of Toms Place, CA","time":1790691357400,"updated":1790694442468,"tz":null,"url":"https://earthquake.usgs.gov/earthquakes/eventpage/nc75444372","detail":"https://earthquake.usgs.gov/earthquakes/feed/v1.0/detail/nc75444372.geojson","felt":null,"cdi":null,"mmi":null,"alert":null,"status":"automatic","tsunami":0,"sig":20,"net":"nc","code":"75444372","ids":",nc75444372,","sources":",nc,","types":",nearby-cities,origin,phase-data,scitech-link,","nst":12,"dmin":0.1253,"rms":0.04,"gap":146,"magType":"md","type":"earthquake","title":"M 1.2 - 18 km SW of Toms Place, CA"},"geometry":{"type":"Point","coordinates":[-118.837333679199,37.4646682739258,3.33999991416931]},"id":"nc75444372"},
{"type":"Feature","properties":{"mag":5,"place":"58 km NW of Pante Makasar, Timor Leste","time":1790691246077,"updated":1790694934040,"tz":null,"url":"https://earthquake.usgs.gov/earthquakes/eventpage/us6000tyc9","detail":"https://earthquake.usgs.gov/earthquakes/feed/v1.0/detail/us6000tyc9.geojson","felt":null,"cdi":null,"mmi":null,"alert":null,"status":"reviewed","tsunami":0,"sig":385,"net":"us","code":"6000tyc9","ids":",us6000tyc9,","sources":",us,","types":",origin,phase-data,","nst":30,"dmin":5.676,"rms":0.87,"gap":110,"magType":"mb","type":"earthquake","title":"M 5.0 - 58 km NW of Pante Makasar, Timor Leste"},"geometry":{"type":"Point","coordinates":[124.0495,-8.7834,157.801]},"id":"us6000tyc9"},
{"type":"Feature","properties":{"mag":1.8,"place":"57 km S of Whites City, New Mexico","time":1790691157184,"updated":1790718613094,"tz":null,"url":"https://earthquake.usgs.gov/earthquakes/eventpage/tx2026teobgc","detail":"https://earthquake.usgs.gov/earthquakes/feed/v1.0/detail/tx2026teobgc.geojson","felt":null,"cdi":null,"mmi":null,"alert":null,"status":"reviewed","tsunami":0,"sig":50,"net":"tx","code":"2026teobgc","ids":",tx2026teobgc,","sources":",tx,","types":",origin,phase-data,","nst":36,"dmin":0,"rms":0.3,"gap":71,"magType":"ml","type":"earthquake","title":"M 1.8 - 57 km S of Whites City, New Mexico"},"geometry":{"type":"Point","coordinates":[-104.431,31.658,6.51]},"id":"tx2026teobgc"},
{"type":"Feature","properties":{"mag":2,"place":"43 km NNW of Valdez, Alaska","time":1790690863210,"updated":1790690999313,"tz":null,"url":"https://earthquake.usgs.gov/earthquakes/eventpage/aka2026thqfau","detail":"https://earthquake.usgs.gov/earthquakes/feed/v1.0/detail/aka2026thqfau.geojson","felt":null,"cdi":null,"mmi":null,"alert":null,"status":"automatic","tsunami":0,"sig":62,"net":"ak","code":"a2026thqfau","ids":",aka2026thqfau,","sources":",ak,","types":",origin,phase-data,","nst":40,"dmin":0.5,"rms":0.9,"gap":46,"magType":"ml","type":"earthquake","title":"M 2.0 - 43 km NNW of Valdez, Alaska"},"geometry":{"type":"Point","coordinates":[-146.597,61.505,2.8]},"id":"aka2026thqfau"},
{"type":"Feature","properties":{"mag":0.93,"place":"6 km WNW of Cobb, CA","time":1790690353670,"updated":1790690448519,"tz":null,"url":"https://earthquake.usgs.gov/earthquakes/eventpage/nc75444367","detail":"https://earthquake.usgs.gov/earthquakes/feed/v1.0/detail/nc75444367.geojson","felt":null,"cdi":null,"mmi":null,"alert":null,"status":"automatic","tsunami":0,"sig":13,"net":"nc","code":"75444367","ids":",nc75444367,","sources":",nc,","types":",nearby-cities,origin,phase-data,","nst":8,"dmin":0.001908,"rms":0.01,"gap":78,"magType":"md","type":"earthquake","title":"M 0.9 - 6 km WNW of Cobb, CA"},"geometry":{"type":"Point","coordinates":[-122.790336608887,38.836498260498,1.75999999046326]},"id":"nc75444367"},
{"type":"Feature","properties":{"mag":1.28,"place":"17 km SW of Toms Place, CA","time":1790689857820,"updated":1790692644267,"tz":null,"url":"https://earthquake.usgs.gov/earthquakes/eventpage/nc75444362","detail":"https://earthquake.usgs.gov/earthquakes/feed/v1.0/detail/nc75444362.geojson","felt":null,"cdi":null,"mmi":null,"alert":null,"status":"automatic","tsunami":0,"sig":25,"net":"nc","code":"75444362","ids":",nc75444362,","sources":",nc,","types":",nearby-cities,origin,phase-data,scitech-link,","nst":12,"dmin":0.1255,"rms":0.04,"gap":146,"magType":"md","type":"earthquake","title":"M 1.3 - 17 km SW of Toms Place, CA"},"geometry":{"type":"Point","coordinates":[-118.833999633789,37.4643325805664,1.79999995231628]},"id":"nc75444362"},
{"type":"Feature","properties":{"mag":1.68,"place":"5 km SSE of Pāhala, Hawaii","time":1790689172410,"updated":1790703052770,"tz":null,"url":"https://earthquake.usgs.gov/earthquakes/eventpage/hv75045322","detail":"https://earthquake.usgs.gov/earthquakes/feed/v1.0/detail/hv75045322.geojson","felt":null,"cdi":null,"mmi":null,"alert":null,"status":"reviewed","tsunami":0,"sig":43,"net":"hv","code":"75045322","ids":",hv75045322,","sources":",hv,","types":",origin,phase-data,","nst":43,"dmin":0.005258,"rms":0.13,"gap":176,"magType":"ml","type":"earthquake","title":"M 1.7 - 5 km SSE of Pāhala, Hawaii"},"geometry":{"type":"Point","coordinates":[-155.457166666667,19.1578333333333,32.54]},"id":"hv75045322"},
{"type":"Feature","properties":{"mag":0.45,"place":"7 km W of Cobb, CA","time":1790689026650,"updated":1790689123061,"tz":null,"url":"https://earthquake.usgs.gov/earthquakes/eventpage/nc75444357","detail":"https://earthquake.usgs.gov/earthquakes/feed/v1.0/detail/nc75444357.geojson","felt":null,"cdi":null,"mmi":null,"alert":null,"status":"automatic","tsunami":0,"sig":3,"net":"nc","code":"75444357","ids":",nc75444357,","sources":",nc,","types":",nearby-cities,origin,phase-data,","nst":8,"dmin":0.008324,"rms":0.01,"gap":84,"magType":"md","type":"earthquake","title":"M 0.5 - 7 km W of Cobb, CA"},"geometry":{"type":"Point","coordinates":[-122.804168701172,38.8303337097168,1.20000004768372]},"id":"nc75444357"},
{"type":"Feature","properties":{"mag":1.22,"place":"13 km NW of The Geysers, CA","time":1790688368000,"updated":1790690842042,"tz":null,"url":"https://earthquake.usgs.gov/earthquakes/eventpage/nc75444352","detail":"https://earthquake.usgs.gov/earthquakes/feed/v1.0/detail/nc75444352.geojson","felt":null,"cdi":null,"mmi":null,"alert":null,"status":"automatic","tsunami":0,"sig":23,"net":"nc","code":"75444352","ids":",nc75444352,","sources":",nc,","types":",nearby-cities,origin,phase-data,scitech-link,","nst":17,"dmin":0.005949,"rms":0.02,"gap":85,"magType":"md","type":"earthquake","title":"M 1.2 - 13 km NW of The Geysers, CA"},"geometry":{"type":"Point","coordinates":[-122.876831054688,38.8411674499512,2.4300000667572]},"id":"nc75444352"},
{"type":"Feature","properties":{"mag":1.64,"place":"38 km NNE of Amboy, Washington","time":1790688261620,"updated":1790706180200,"tz":null,"url":"https://earthquake.usgs.gov/earthquakes/eventpage/uw714111552","detail":"https://earthquake.usgs.gov/earthquakes/feed/v1.0/detail/uw714111552.geojson","felt":null,"cdi":null,"mmi":null,"alert":null,"status":"reviewed","tsunami":0,"sig":41,"net":"uw","code":"714111552","ids":",uw714111552,","sources":",uw,","types":",origin,phase-data,","nst":35,"dmin":0.003864,"rms":0.08,"gap":51,"magType":"md","type":"earthquake","title":"M 1.6 - 38 km NNE of Amboy, Washington"},"geometry":{"type":"Point","coordinates":[-122.1865,46.204,2.88]},"id":"uw714111552"},
{"type":"Feature","properties":{"mag":1.6,"place":"45 km NNW of Chickaloon, Alaska","time":1790687840834,"updated":1790687938397,"tz":null,"url":"https://earthquake.usgs.gov/earthquakes/eventpage/aka2026thonjf","detail":"https://earthquake.usgs.gov/earthquakes/feed/v1.0/detail/aka2026thonjf.geojson","felt":null,"cdi":null,"mmi":null,"alert":null,"status":"automatic","tsunami":0,"sig":39,"net":"ak","code":"a2026thonjf","ids":",aka2026thonjf,","sources":",ak,","types":",origin,phase-data,","nst":16,"dmin":0.4,"rms":0.5,"gap":188,"magType":"ml","type":"earthquake","title":"M 1.6 - 45 km NNW of Chickaloon, Alaska"},"geometry":{"type":"Point","coordinates":[-148.649,62.194,34.8]},"id":"aka2026thonjf"},
{"type":"Feature","properties":{"mag":0.83,"place":"3 km W of Cobb, CA","time":1790687504950,"updated":1790687602972,"tz":null,"url":"https://earthquake.usgs.gov/earthquakes/eventpage/nc75444347","detail":"https://earthquake.usgs.gov/earthquakes/feed/v1.0/detail/nc75444347.geojson","felt":null,"cdi":null,"mmi":null,"alert":null,"status":"automatic","tsunami":0,"sig":11,"net":"nc","code":"75444347","ids":",nc75444347,","sources":",nc,","types":",nearby-cities,origin,phase-data,","nst":7,"dmin":0.01317,"rms":0.03,"gap":132,"magType":"md","type":"earthquake","title":"M 0.8 - 3 km W of Cobb, CA"},"geometry":{"type":"Point","coordinates":[-122.759666442871,38.8199996948242,1.38999998569489]},"id":"nc75444347"},
{"type":"Feature","properties":{"mag":5.6,"place":"southern Mid-Atlantic Ridge","time":1790687170191,"updated":1790694771453,"tz":null,"url":"https://earthquake.usgs.gov/earthquakes/eventpage/us6000tyc3","detail":"https://earthquake.usgs.gov/earthquakes/feed/v1.0/detail/us6000tyc3.geojson","felt":null,"cdi":null,"mmi":0,"alert":"green","status":"reviewed","tsunami":0,"sig":482,"net":"us","code":"6000tyc3","ids":",us6000tyc3,","sources":",us,","types":",losspager,moment-tensor,origin,phase-data,shakemap,","nst":131,"dmin":3.643,"rms":0.78,"gap":27,"magType":"mww","type":"earthquake","title":"M 5.6 - southern Mid-Atlantic Ridge"},"geometry":{"type":"Point","coordinates":[-16.1859,-35.204,10]},"id":"us6000tyc3"},
{"type":"Feature","properties":{"mag":-0.16,"place":"7 km E of Ashford, Washington","time":1790686499900,"updated":1790707083610,"tz":null,"url":"https://earthquake.usgs.gov/earthquakes/eventpage/uw714111542","detail":"https://earthquake.usgs.gov/earthquakes/feed/v1.0/detail/uw714111542.geojson","felt":null,"cdi":null,"mmi":null,"alert":null,"status":"reviewed","tsunami":0,"sig":0,"net":"uw","code":"714111542","ids":",uw714111542,","sources":",uw,","types":",origin,phase-data,","nst":12,"dmin":0.02627,"rms":0.07,"gap":192,"magType":"md","type":"earthquake","title":"M -0.2 - 7 km E of Ashford, Washington"},"geometry":{"type":"Point","coordinates":[-121.9305,46.7646666666667,7.79]},"id":"uw714111542"},
{"type":"Feature","properties":{"mag":5.4,"place":"99 km SSE of Pangai, Tonga","time":1790685635064,"updated":1790700536466,"tz":null,"url":"https://earthquake.usgs.gov/earthquakes/eventpage/us6000tyc1","detail":"https://earthquake.usgs.gov/earthquakes/feed/v1.0/detail/us6000tyc1.geojson","felt":1,"cdi":1,"mmi":3.709,"alert":"green","status":"reviewed","tsunami":0,"sig":449,"net":"us","code":"6000tyc1","ids":",us6000tyc1,","sources":",us,","types":",dyfi,losspager,origin,phase-data,shakemap,","nst":43,"dmin":7.483,"rms":1.12,"gap":182,"magType":"mb","type":"earthquake","title":"M 5.4 - 99 km SSE of Pangai, Tonga"},"geometry":{"type":"Point","coordinates":[-174.0813,-20.6773,10]},"id":"us6000tyc1"},
{"type":"Feature","properties":{"mag":0.9,"place":"84 km NW of Karluk, Alaska","time":1790685385009,"updated":1790730894070,"tz":null,"url":"https://earthquake.usgs.gov/earthquakes/eventpage/aka2026thndwq","detail":"https://earthquake.usgs.gov/earthquakes/feed/v1.0/detail/aka2026thndwq.geojson","felt":null,"cdi":null,"mmi":null,"alert":null,"status":"automatic","tsunami":0,"sig":12,"net":"ak","code":"a2026thndwq","ids":",av93067554,aka2026thndwq,","sources":",av,ak,","types":",origin,phase-data,","nst":10,"dmin":0,"rms":0.1,"gap":94,"magType":"ml","type":"earthquake","title":"M 0.9 - 84 km NW of Karluk, Alaska"},"geometry":{"type":"Point","coordinates":[-155.29,58.185,5]},"id":"aka2026thndwq"},
{"type":"Feature","properties":{"mag":1.7,"place":"43 km NW of Toyah, Texas","time":1790684866202,"updated":1790718935742,"tz":null,"url":"https://earthquake.usgs.gov/earthquakes/eventpage/tx2026tekovg","detail":"https://earthquake.usgs.gov/earthquakes/feed/v1.0/detail/tx2026tekovg.geojson","felt":null,"cdi":null,"mmi":null,"alert":null,"status":"reviewed","tsunami":0,"sig":44,"net":"tx","code":"2026tekovg","ids":",tx2026tekovg,","sources":",tx,","types":",origin,phase-data,","nst":40,"dmin":0,"rms":0.2,"gap":61,"magType":"ml","type":"earthquake","title":"M 1.7 - 43 km NW of Toyah, Texas"},"geometry":{"type":"Point","coordinates":[-104.089,31.609,7.6251]},"id":"tx2026tekovg"},
{"type":"Feature","properties":{"mag":0.81,"place":"13 km W of Akutan, Alaska","time":1790684824050,"updated":1790716355060,"tz":null,"url":"https://earthquake.usgs.gov/earthquakes/eventpage/av93067464","detail":"https://earthquake.usgs.gov/earthquakes/feed/v1.0/detail/av93067464.geojson","felt":null,"cdi":null,"mmi":null,"alert":null,"status":"reviewed","tsunami":0,"sig":10,"net":"av","code":"93067464","ids":",av93067464,","sources":",av,","types":",origin,phase-data,","nst":12,"dmin":0.01632,"rms":0.22,"gap":68,"magType":"ml","type":"earthquake","title":"M 0.8 - 13 km W of Akutan, Alaska"},"geometry":{"type":"Point","coordinates":[-165.979833333333,54.1133333333333,6.06]},"id":"av93067464"},
{"type":"Feature","properties":{"mag":1.2,"place":"55 km SW of Harding-Birch Lakes, Alaska","time":1790684608728,"updated":1790684677935,"tz":null,"url":"https://earthquake.usgs.gov/earthquakes/eventpage/aka2026thmsqy","detail":"https://earthquake.usgs.gov/earthquakes/feed/v1.0/detail/aka2026thmsqy.geojson","felt":null,"cdi":null,"mmi":null,"alert":null,"status":"automatic","tsunami":0,"sig":22,"net":"ak","code":"a2026thmsqy","ids":",aka2026thmsqy,","sources":",ak,","types":",origin,phase-data,","nst":12,"dmin":0.4,"rms":0.4,"gap":120,"magType":"ml","type":"earthquake","title":"M 1.2 - 55 km SW of Harding-Birch Lakes, Alaska"},"geometry":{"type":"Point","coordinates":[-147.41,64.024,5]},"id":"aka2026thmsqy"},
{"type":"Feature","properties":{"mag":1.7,"place":"17 km N of Stanton, Texas","time":1790684353898,"updated":1790703662900,"tz":null,"url":"https://earthquake.usgs.gov/earthquakes/eventpage/tx2026tekfve","detail":"https://earthquake.usgs.gov/earthquakes/feed/v1.0/detail/tx2026tekfve.geojson","felt":null,"cdi":null,"mmi":null,"alert":null,"status":"reviewed","tsunami":0,"sig":44,"net":"tx","code":"2026tekfve","ids":",tx2026tekfve,","sources":",tx,","types":",origin,phase-data,","nst":59,"dmin":0,"rms":0.1,"gap":19,"magType":"ml","type":"earthquake","title":"M 1.7 - 17 km N of Stanton, Texas"},"geometry":{"type":"Point","coordinates":[-101.783,32.284,8.2764]},"id":"tx2026tekfve"},
{"type":"Feature","properties":{"mag":2.51,"place":"2 km SSW of Round Valley, CA","time":1790684324820,"updated":1790697465911,"tz":null,"url":"https://earthquake.usgs.gov/earthquakes/eventpage/nc75444342","detail":"https://earthquake.usgs.gov/earthquakes/feed/v1.0/detail/nc75444342.geojson","felt":null,"cdi":null,"mmi":null,"alert":null,"status":"automatic","tsunami":0,"sig":97,"net":"nc","code":"75444342","ids":",nc75444342,nn00925030,","sources":",nc,nn,","types":",nearby-cities,origin,phase-data,scitech-link,","nst":20,"dmin":0.1436,"rms":0.08,"gap":129,"magType":"md","type":"earthquake","title":"M 2.5 - 2 km SSW of Round Valley, CA"},"geometry":{"type":"Point","coordinates":[-118.605003356934,37.3976669311523,8.59000015258789]},"id":"nc75444342"},
{"type":"Feature","properties":{"mag":1.09,"place":"11 km N of Hollister, CA","time":1790683312940,"updated":1790683407332,"tz":null,"url":"https://earthquake.usgs.gov/earthquakes/eventpage/nc75444337","detail":"https://earthquake.usgs.gov/earthquakes/feed/v1.0/detail/nc75444337.geojson","felt":null,"cdi":null,"mmi":null,"alert":null,"status":"automatic","tsunami":0,"sig":18,"net":"nc","code":"75444337","ids":",nc75444337,","sources":",nc,","types":",nearby-cities,origin,phase-data,","nst":9,"dmin":0.09461,"rms":0.03,"gap":122,"magType":"md","type":"earthquake","title":"M 1.1 - 11 km N of Hollister, CA"},"geometry":{"type":"Point","coordinates":[-121.418998718262,36.9464988708496,8.72999954223633]},"id":"nc75444337"},
{"type":"Feature","properties":{"mag":0.73,"place":"2 km NNW of The Geysers, CA","time":1790683124260,"updated":1790683222346,"tz":null,"url":"https://earthquake.usgs.gov/earthquakes/eventpage/nc75444332","detail":"https://earthquake.usgs.gov/earthquakes/feed/v1.0/detail/nc75444332.geojson","felt":null,"cdi":null,"mmi":null,"alert":null,"status":"automatic","tsunami":0,"sig":8,"net":"nc","code":"75444332","ids":",nc75444332,","sources":",nc,","types":",nearby-cities,origin,phase-data,","nst":8,"dmin":0.02054,"rms":0.02,"gap":79,"magType":"md","type":"earthquake","title":"M 0.7 - 2 km NNW of The Geysers, CA"},"geometry":{"type":"Point","coordinates":[-122.761665344238,38.7921676635742,2.95000004768372]},"id":"nc75444332"},
{"type":"Feature","properties":{"mag":0.73,"place":"6 km WNW of Cobb, CA","time":1790683038610,"updated":1790683132296,"tz":null,"url":"https://earthquake.usgs.gov/earthquakes/eventpage/nc75444327","detail":"https://earthquake.usgs.gov/earthquakes/feed/v1.0/detail/nc75444327.geojson","felt":null,"cdi":null,"mmi":null,"alert":null,"status":"automatic","tsunami":0,"sig":8,"net":"nc","code":"75444327","ids":",nc75444327,","sources":",nc,","types":",nearby-cities,origin,phase-data,","nst":12,"dmin":0.002654,"rms":0.02,"gap":70,"magType":"md","type":"earthquake","title":"M 0.7 - 6 km WNW of Cobb, CA"},"geometry":{"type":"Point","coordinates":[-122.792167663574,38.8361663818359,2.04999995231628]},"id":"nc75444327"},
{"type":"Feature","properties":{"mag":0.75,"place":"7 km S of Idyllwild, CA","time":1790682948490,"updated":1790690024230,"tz":null,"url":"https://earthquake.usgs.gov/earthquakes/eventpage/ci41340519","detail":"https://earthquake.usgs.gov/earthquakes/feed/v1.0/detail/ci41340519.geojson","felt":null,"cdi":null,"mmi":null,"alert":null,"status":"reviewed","tsunami":0,"sig":9,"net":"ci","code":"41340519","ids":",ci41340519,","sources":",ci,","types":",focal-mechanism,nearby-cities,origin,phase-data,","nst":36,"dmin":0.03261,"rms":0.11,"gap":50,"magType":"ml","type":"earthquake","title":"M 0.8 - 7 km S of Idyllwild, CA"},"geometry":{"type":"Point","coordinates":[-116.731833333333,33.682,14.59]},"id":"ci41340519"},
{"type":"Feature","properties":{"mag":1.1,"place":"12 km W of Fishhook, Alaska","time":1790681985314,"updated":1790682056124,"tz":null,"url":"https://earthquake.usgs.gov/earthquakes/eventpage/aka2026thlgth","detail":"https://earthquake.usgs.gov/earthquakes/feed/v1.0/detail/aka2026thlgth.geojson","felt":null,"cdi":null,"mmi":null,"alert":null,"status":"automatic","tsunami":0,"sig":19,"net":"ak","code":"a2026thlgth","ids":",aka2026thlgth,","sources":",ak,","types":",origin,phase-data,","nst":8,"dmin":0.2,"rms":0.7,"gap":122,"magType":"ml","type":"earthquake","title":"M 1.1 - 12 km W of Fishhook, Alaska"},"geometry":{"type":"Point","coordinates":[-149.476,61.749,12.7]},"id":"aka2026thlgth"},
{"type":"Feature","properties":{"mag":4.77,"place":"97 km W of Petrolia, CA","time":1790681799240,"updated":1790739063885,"tz":null,"url":"https://earthquake.usgs.gov/earthquakes/eventpage/nc75444322","detail":"https://earthquake.usgs.gov/earthquakes/feed/v1.0/detail/nc75444322.geojson","felt":19,"cdi":2.7,"mmi":2.268,"alert":"green","status":"reviewed","tsunami":0,"sig":355,"net":"nc","code":"75444322","ids":",ew1790681810,nc75444322,us6000tybt,","sources":",ew,nc,us,","types":",dyfi,event-sequence,losspager,moment-tensor,nearby-cities,oaf,origin,phase-data,scitech-link,shake-alert,shakemap,","nst":152,"dmin":0.8203,"rms":0.38,"gap":241,"magType":"mw","type":"earthquake","title":"M 4.8 - 97 km W of Petrolia, CA"},"geometry":{"type":"Point","coordinates":[-125.418333333333,40.4225,10]},"id":"nc75444322"},
{"type":"Feature","properties":{"mag":1.15,"place":"6 km WNW of Cobb, CA","time":1790681554580,"updated":1790687241637,"tz":null,"url":"https://earthquake.usgs.gov/earthquakes/eventpage/nc75444312","detail":"https://earthquake.usgs.gov/earthquakes/feed/v1.0/detail/nc75444312.geojson","felt":null,"cdi":null,"mmi":null,"alert":null,"status":"automatic","tsunami":0,"sig":20,"net":"nc","code":"75444312","ids":",nc75444312,","sources":",nc,","types":",nearby-cities,origin,phase-data,scitech-link,","nst":18,"dmin":0.002334,"rms":0.02,"gap":54,"magType":"md","type":"earthquake","title":"M 1.2 - 6 km WNW of Cobb, CA"},"geometry":{"type":"Point","coordinates":[-122.792335510254,38.8366661071777,2.22000002861023]},"id":"nc75444312"},
{"type":"Feature","properties":{"mag":1.3,"place":"6 km WNW of Cobb, CA","time":1790681339900,"updated":1790685742459,"tz":null,"url":"https://earthquake.usgs.gov/earthquakes/eventpage/nc75444307","detail":"https://earthquake.usgs.gov/earthquakes/feed/v1.0/detail/nc75444307.geojson","felt":null,"cdi":null,"mmi":null,"alert":null,"status":"automatic","tsunami":0,"sig":26,"net":"nc","code":"75444307","ids":",nc75444307,","sources":",nc,","types":",nearby-cities,origin,phase-data,scitech-link,","nst":24,"dmin":0.00371,"rms":0.02,"gap":57,"magType":"md","type":"earthquake","title":"M 1.3 - 6 km WNW of Cobb, CA"},"geometry":{"type":"Point","coordinates":[-122.792663574219,38.8351669311523,1.96000003814697]},"id":"nc75444307"},
{"type":"Feature","properties":{"mag":0.11,"place":"7 km NW of Dutch Harbor, Alaska","time":1790681297440,"updated":1790726329930,"tz":null,"url":"https://earthquake.usgs.gov/earthquakes/eventpage/av93067534","detail":"https://earthquake.usgs.gov/earthquakes/feed/v1.0/detail/av93067534.geojson","felt":null,"cdi":null,"mmi":null,"alert":null,"status":"reviewed","tsunami":0,"sig":0,"net":"av","code":"93067534","ids":",av93067534,","sources":",av,","types":",origin,phase-data,","nst":6,"dmin":0.04693,"rms":0.2,"gap":263,"magType":"ml","type":"earthquake","title":"M 0.1 - 7 km NW of Dutch Harbor, Alaska"},"geometry":{"type":"Point","coordinates":[-166.618333333333,53.9393333333333,10.21]},"id":"av93067534"},
{"type":"Feature","properties":{"mag":4.8,"place":"98 km SW of Port-Vila, Vanuatu","time":1790681268406,"updated":1790682345040,"tz":null,"url":"https://earthquake.usgs.gov/earthquakes/eventpage/us6000tybs","detail":"https://earthquake.usgs.gov/earthquakes/feed/v1.0/detail/us6000tybs.geojson","felt":null,"cdi":null,"mmi":null,"alert":null,"status":"reviewed","tsunami":0,"sig":354,"net":"us","code":"6000tybs","ids":",us6000tybs,","sources":",us,","types":",origin,phase-data,","nst":26,"dmin":3.845,"rms":1.09,"gap":115,"magType":"mb","type":"earthquake","title":"M 4.8 - 98 km SW of Port-Vila, Vanuatu"},"geometry":{"type":"Point","coordinates":[167.5446,-18.2306,10]},"id":"us6000tybs"},
{"type":"Feature","properties":{"mag":0.6,"place":"4 km SSW of Idyllwild, CA","time":1790680857720,"updated":1790689964970,"tz":null,"url":"https://earthquake.usgs.gov/earthquakes/eventpage/ci41340511","detail":"https://earthquake.usgs.gov/earthquakes/feed/v1.0/detail/ci41340511.geojson","felt":null,"cdi":null,"mmi":null,"alert":null,"status":"reviewed","tsunami":0,"sig":6,"net":"ci","code":"41340511","ids":",ci41340511,","sources":",ci,","types":",nearby-cities,origin,phase-data,","nst":29,"dmin":0.0185,"rms":0.14,"gap":44,"magType":"ml","type":"earthquake","title":"M 0.6 - 4 km SSW of Idyllwild, CA"},"geometry":{"type":"Point","coordinates":[-116.734,33.7028333333333,15.83]},"id":"ci41340511"},
{"type":"Feature","properties":{"mag":0.61,"place":"9 km NE of Aguanga, CA","time":1790680809320,"updated":1790689978612,"tz":null,"url":"https://earthquake.usgs.gov/earthquakes/eventpage/ci41340503","detail":"https://earthquake.usgs.gov/earthquakes/feed/v1.0/detail/ci41340503.geojson","felt":null,"cdi":null,"mmi":null,"alert":null,"status":"reviewed","tsunami":0,"sig":6,"net":"ci","code":"41340503","ids":",ci41340503,","sources":",ci,","types":",nearby-cities,origin,phase-data,","nst":41,"dmin":0.0198,"rms":0.17,"gap":37,"magType":"ml","type":"earthquake","title":"M 0.6 - 9 km NE of Aguanga, CA"},"geometry":{"type":"Point","coordinates":[-116.791333333333,33.4895,10.5]},"id":"ci41340503"},
{"type":"Feature","properties":{"mag":1.78,"place":"1 km WNW of Captain Cook, Hawaii","time":1790680499570,"updated":1790680709730,"tz":null,"url":"https://earthquake.usgs.gov/earthquakes/eventpage/hv75045252","detail":"https://earthquake.usgs.gov/earthquakes/feed/v1.0/detail/hv75045252.geojson","felt":null,"cdi":null,"mmi":null,"alert":null,"status":"automatic","tsunami":0,"sig":49,"net":"hv","code":"75045252","ids":",hv75045252,","sources":",hv,","types":",origin,phase-data,","nst":16,"dmin":0.02503,"rms":0.300000012,"gap":223,"magType":"md","type":"earthquake","title":"M 1.8 - 1 km WNW of Captain Cook, Hawaii"},"geometry":{"type":"Point","coordinates":[-155.936996459961,19.5046672821045,14.25]},"id":"hv75045252"},
{"type":"Feature","properties":{"mag":1.6,"place":"10 km ESE of Pearsall, Texas","time":1790680277722,"updated":1790719114197,"tz":null,"url":"https://earthquake.usgs.gov/earthquakes/eventpage/tx2026teibao","detail":"https://earthquake.usgs.gov/earthquakes/feed/v1.0/detail/tx2026teibao.geojson","felt":null,"cdi":null,"mmi":null,"alert":null,"status":"reviewed","tsunami":0,"sig":39,"net":"tx","code":"2026teibao","ids":",tx2026teibao,","sources":",tx,","types":",origin,phase-data,","nst":12,"dmin":0.1,"rms":0.2,"gap":83,"magType":"ml","type":"earthquake","title":"M 1.6 - 10 km ESE of Pearsall, Texas"},"geometry":{"type":"Point","coordinates":[-98.997,28.855,7.5293]},"id":"tx2026teibao"},
{"type":"Feature","properties":{"mag":2.35,"place":"3 km SW of Guánica, Puerto Rico","time":1790680030840,"updated":1790682546230,"tz":null,"url":"https://earthquake.usgs.gov/earthquakes/eventpage/pr71535103","detail":"https://earthquake.usgs.gov/earthquakes/feed/v1.0/detail/pr71535103.geojson","felt":null,"cdi":null,"mmi":null,"alert":null,"status":"reviewed","tsunami":0,"sig":85,"net":"pr","code":"71535103","ids":",pr71535103,","sources":",pr,","types":",origin,phase-data,","nst":14,"dmin":0.0355,"rms":0.13,"gap":184,"magType":"md","type":"earthquake","title":"M 2.4 - 3 km SW of Guánica, Puerto Rico"},"geometry":{"type":"Point","coordinates":[-66.9368333333333,17.9488333333333,9.85]},"id":"pr71535103"},
{"type":"Feature","properties":{"mag":1.5,"place":"11 km ESE of Pearsall, Texas","time":1790679248991,"updated":1790720405794,"tz":null,"url":"https://earthquake.usgs.gov/earthquakes/eventpage/tx2026tehmgp","detail":"https://earthquake.usgs.gov/earthquakes/feed/v1.0/detail/tx2026tehmgp.geojson","felt":null,"cdi":null,"mmi":null,"alert":null,"status":"reviewed","tsunami":0,"sig":35,"net":"tx","code":"2026tehmgp","ids":",tx2026tehmgp,","sources":",tx,","types":",origin,phase-data,","nst":13,"dmin":0.1,"rms":0.3,"gap":83,"magType":"ml","type":"earthquake","title":"M 1.5 - 11 km ESE of Pearsall, Texas"},"geometry":{"type":"Point","coordinates":[-98.99,28.852,8.5075]},"id":"tx2026tehmgp"},
{"type":"Feature","properties":{"mag":1.76,"place":"7 km SSW of Pāhala, Hawaii","time":1790678909500,"updated":1790679116490,"tz":null,"url":"https://earthquake.usgs.gov/earthquakes/eventpage/hv75045242","detail":"https://earthquake.usgs.gov/earthquakes/feed/v1.0/detail/hv75045242.geojson","felt":null,"cdi":null,"mmi":null,"alert":null,"status":"automatic","tsunami":0,"sig":48,"net":"hv","code":"75045242","ids":",hv75045242,","sources":",hv,","types":",origin,phase-data,","nst":26,"dmin":0.0336,"rms":0.209999993,"gap":161,"magType":"md","type":"earthquake","title":"M 1.8 - 7 km SSW of Pāhala, Hawaii"},"geometry":{"type":"Point","coordinates":[-155.494338989258,19.1411666870117,27.4200000762939]},"id":"hv75045242"},
{"type":"Feature","properties":{"mag":5,"place":"77 km ENE of Tadine, New Caledonia","time":1790678577409,"updated":1790679559040,"tz":null,"url":"https://earthquake.usgs.gov/earthquakes/eventpage/us6000tybr","detail":"https://earthquake.usgs.gov/earthquakes/feed/v1.0/detail/us6000tybr.geojson","felt":null,"cdi":null,"mmi":null,"alert":null,"status":"reviewed","tsunami":0,"sig":385,"net":"us","code":"6000tybr","ids":",us6000tybr,","sources":",us,","types":",origin,phase-data,","nst":31,"dmin":1.65,"rms":0.55,"gap":93,"magType":"mb","type":"earthquake","title":"M 5.0 - 77 km ENE of Tadine, New Caledonia"},"geometry":{"type":"Point","coordinates":[168.5924,-21.3447,10]},"id":"us6000tybr"},
{"type":"Feature","properties":{"mag":0.57,"place":"43 km NNW of Beluga, Alaska","time":1790678277610,"updated":1790724316720,"tz":null,"url":"https://earthquake.usgs.gov/earthquakes/eventpage/av94454346","detail":"https://earthquake.usgs.gov/earthquakes/feed/v1.0/detail/av94454346.geojson","felt":null,"cdi":null,"mmi":null,"alert":null,"status":"reviewed","tsunami":0,"sig":5,"net":"av","code":"94454346","ids":",av94454346,","sources":",av,","types":",origin,phase-data,","nst":9,"dmin":0.226,"rms":0.24,"gap":246,"magType":"ml","type":"earthquake","title":"M 0.6 - 43 km NNW of Beluga, Alaska"},"geometry":{"type":"Point","coordinates":[-151.363833333333,61.5041666666667,15.45]},"id":"av94454346"},
{"type":"Feature","properties":{"mag":0.81,"place":"51 km NNE of King Cove, Alaska","time":1790678069280,"updated":1790725007650,"tz":null,"url":"https://earthquake.usgs.gov/earthquakes/eventpage/av93067519","detail":"https://earthquake.usgs.gov/earthquakes/feed/v1.0/detail/av93067519.geojson","felt":null,"cdi":null,"mmi":null,"alert":null,"status":"reviewed","tsunami":0,"sig":10,"net":"av","code":"93067519","ids":",av93067519,","sources":",av,","types":",origin,phase-data,","nst":10,"dmin":0.05353,"rms":0.31,"gap":129,"magType":"ml","type":"earthquake","title":"M 0.8 - 51 km NNE of King Cove, Alaska"},"geometry":{"type":"Point","coordinates":[-161.913166666667,55.4566666666667,25.07]},"id":"av93067519"},
{"type":"Feature","properties":{"mag":1,"place":"9 km E of Gilroy, CA","time":1790678061270,"updated":1790678158704,"tz":null,"url":"https://earthquake.usgs.gov/earthquakes/eventpage/nc75444297","detail":"https://earthquake.usgs.gov/earthquakes/feed/v1.0/detail/nc75444297.geojson","felt":null,"cdi":null,"mmi":null,"alert":null,"status":"automatic","tsunami":0,"sig":15,"net":"nc","code":"75444297","ids":",nc75444297,","sources":",nc,","types":",nearby-cities,origin,phase-data,","nst":7,"dmin":0.01659,"rms":0.02,"gap":116,"magType":"md","type":"earthquake","title":"M 1.0 - 9 km E of Gilroy, CA"},"geometry":{"type":"Point","coordinates":[-121.471664428711,37.0123329162598,7.44000005722046]},"id":"nc75444297"},
{"type":"Feature","properties":{"mag":2.5,"place":"71 km WSW of Nanwalek, Alaska","time":1790677563088,"updated":1790677818975,"tz":null,"url":"https://earthquake.usgs.gov/earthquakes/eventpage/aka2026thiuub","detail":"https://earthquake.usgs.gov/earthquakes/feed/v1.0/detail/aka2026thiuub.geojson","felt":null,"cdi":null,"mmi":null,"alert":null,"status":"automatic","tsunami":0,"sig":96,"net":"ak","code":"a2026thiuub","ids":",aka2026thiuub,","sources":",ak,","types":",origin,phase-data,","nst":55,"dmin":0.7,"rms":1,"gap":222,"magType":"ml","type":"earthquake","title":"M 2.5 - 71 km WSW of Nanwalek, Alaska"},"geometry":{"type":"Point","coordinates":[-153.117,59.162,74.5]},"id":"aka2026thiuub"},
{"type":"Feature","properties":{"mag":4,"place":"64 km SE of King Cove, Alaska","time":1790677477599,"updated":1790706455993,"tz":null,"url":"https://earthquake.usgs.gov/earthquakes/eventpage/us6000tybl","detail":"https://earthquake.usgs.gov/earthquakes/feed/v1.0/detail/us6000tybl.geojson","felt":null,"cdi":null,"mmi":2.402,"alert":null,"status":"reviewed","tsunami":0,"sig":246,"net":"us","code":"6000tybl","ids":",aka2026thitnz,us6000tybl,","sources":",ak,us,","types":",origin,phase-data,shakemap,","nst":37,"dmin":0.877,"rms":0.54,"gap":179,"magType":"mb","type":"earthquake","title":"M 4.0 - 64 km SE of King Cove, Alaska"},"geometry":{"type":"Point","coordinates":[-161.5901,54.66,49.875]},"id":"us6000tybl"},
{"type":"Feature","properties":{"mag":1.9,"place":"6 km ENE of Big Lake, Alaska","time":1790677369156,"updated":1790677637733,"tz":null,"url":"https://earthquake.usgs.gov/earthquakes/eventpage/aka2026thisbh","detail":"https://earthquake.usgs.gov/earthquakes/feed/v1.0/detail/aka2026thisbh.geojson","felt":null,"cdi":null,"mmi":null,"alert":null,"status":"automatic","tsunami":0,"sig":56,"net":"ak","code":"a2026thisbh","ids":",aka2026thisbh,","sources":",ak,","types":",origin,phase-data,","nst":27,"dmin":0.5,"rms":0.5,"gap":86,"magType":"ml","type":"earthquake","title":"M 1.9 - 6 km ENE of Big Lake, Alaska"},"geometry":{"type":"Point","coordinates":[-149.846,61.544,69]},"id":"aka2026thisbh"},
{"type":"Feature","properties":{"mag":0.42,"place":"40 km NE of Adak, Alaska","time":1790677336550,"updated":1790723805100,"tz":null,"url":"https://earthquake.usgs.gov/earthquakes/eventpage/av93067514","detail":"https://earthquake.usgs.gov/earthquakes/feed/v1.0/detail/av93067514.geojson","felt":null,"cdi":null,"mmi":null,"alert":null,"status":"reviewed","tsunami":0,"sig":3,"net":"av","code":"93067514","ids":",av93067514,","sources":",av,","types":",origin,phase-data,","nst":6,"dmin":0.01764,"rms":0.16,"gap":137,"magType":"ml","type":"earthquake","title":"M 0.4 - 40 km NE of Adak, Alaska"},"geometry":{"type":"Point","coordinates":[-176.153333333333,52.0841666666667,10.86]},"id":"av93067514"},
{"type":"Feature","properties":{"mag":4.5,"place":"96 km ENE of Alianza Cristiana, Peru","time":1790677334613,"updated":1790678869040,"tz":null,"url":"https://earthquake.usgs.gov/earthquakes/eventpage/us6000tybk","detail":"https://earthquake.usgs.gov/earthquakes/feed/v1.0/detail/us6000tybk.geojson","felt":null,"cdi":null,"mmi":null,"alert":null,"status":"reviewed","tsunami":0,"sig":312,"net":"us","code":"6000tybk","ids":",us6000tybk,","sources":",us,","types":",origin,phase-data,","nst":83,"dmin":2.879,"rms":0.52,"gap":95,"magType":"mb","type":"earthquake","title":"M 4.5 - 96 km ENE of Alianza Cristiana, Peru"},"geometry":{"type":"Point","coordinates":[-75.6413,-3.1213,134.763]},"id":"us6000tybk"},
{"type":"Feature","properties":{"mag":2.23,"place":"3 km SSE of Costa Mesa, CA","time":1790677078860,"updated":1790735972890,"tz":null,"url":"https://earthquake.usgs.gov/earthquakes/eventpage/ci41340495","detail":"https://earthquake.usgs.gov/earthquakes/feed/v1.0/detail/ci41340495.geojson","felt":25,"cdi":2.5,"mmi":null,"alert":null,"status":"reviewed","tsunami":0,"sig":83,"net":"ci","code":"41340495","ids":",ci41340495,","sources":",ci,","types":",dyfi,focal-mechanism,nearby-cities,origin,phase-data,scitech-link,","nst":90,"dmin":0.04897,"rms":0.26,"gap":130,"magType":"ml","type":"earthquake","title":"M 2.2 - 3 km SSE of Costa Mesa, CA"},"geometry":{"type":"Point","coordinates":[-117.904833333333,33.6415,7.68]},"id":"ci41340495"},
{"type":"Feature","properties":{"mag":3.2,"place":"28 km W of Elfin Cove, Alaska","time":1790676875593,"updated":1790676989818,"tz":null,"url":"https://earthquake.usgs.gov/earthquakes/eventpage/aka2026thikql","detail":"https://earthquake.usgs.gov/earthquakes/feed/v1.0/detail/aka2026thikql.geojson","felt":null,"cdi":null,"mmi":null,"alert":null,"status":"automatic","tsunami":0,"sig":158,"net":"ak","code":"a2026thikql","ids":",aka2026thikql,","sources":",ak,","types":",origin,phase-data,","nst":14,"dmin":0.4,"rms":1,"gap":165,"magType":"ml","type":"earthquake","title":"M 3.2 - 28 km W of Elfin Cove, Alaska"},"geometry":{"type":"Point","coordinates":[-136.833,58.195,8]},"id":"aka2026thikql"},
{"type":"Feature","properties":{"mag":0.14,"place":"7 km NW of Dutch Harbor, Alaska","time":1790676157210,"updated":1790723534760,"tz":null,"url":"https://earthquake.usgs.gov/earthquakes/eventpage/av93067509","detail":"https://earthquake.usgs.gov/earthquakes/feed/v1.0/detail/av93067509.geojson","felt":null,"cdi":null,"mmi":null,"alert":null,"status":"reviewed","tsunami":0,"sig":0,"net":"av","code":"93067509","ids":",av93067509,","sources":",av,","types":",origin,phase-data,","nst":6,"dmin":0.04978,"rms":0.2,"gap":268,"magType":"ml","type":"earthquake","title":"M 0.1 - 7 km NW of Dutch Harbor, Alaska"},"geometry":{"type":"Point","coordinates":[-166.610833333333,53.9406666666667,9.85]},"id":"av93067509"},
{"type":"Feature","properties":{"mag":0.96,"place":"15 km N of Borrego Springs, CA","time":1790676017110,"updated":1790690088590,"tz":null,"url":"https://earthquake.usgs.gov/earthquakes/eventpage/ci41340487","detail":"https://earthquake.usgs.gov/earthquakes/feed/v1.0/detail/ci41340487.geojson","felt":null,"cdi":null,"mmi":null,"alert":null,"status":"reviewed","tsunami":0,"sig":14,"net":"ci","code":"41340487","ids":",ci41340487,","sources":",ci,","types":",focal-mechanism,nearby-cities,origin,phase-data,","nst":53,"dmin":0.0654,"rms":0.2,"gap":26,"magType":"ml","type":"earthquake","title":"M 1.0 - 15 km N of Borrego Springs, CA"},"geometry":{"type":"Point","coordinates":[-116.385333333333,33.3905,3.29]},"id":"ci41340487"},
{"type":"Feature","properties":{"mag":-0.14,"place":"13 km NNE of Ashford, Washington","time":1790675984500,"updated":1790708172900,"tz":null,"url":"https://earthquake.usgs.gov/earthquakes/eventpage/uw714111522","detail":"https://earthquake.usgs.gov/earthquakes/feed/v1.0/detail/uw714111522.geojson","felt":null,"cdi":null,"mmi":null,"alert":null,"status":"reviewed","tsunami":0,"sig":0,"net":"uw","code":"714111522","ids":",uw714111522,","sources":",uw,","types":",origin,phase-data,","nst":21,"dmin":0.00269,"rms":0.09,"gap":130,"magType":"md","type":"earthquake","title":"M -0.1 - 13 km NNE of Ashford, Washington"},"geometry":{"type":"Point","coordinates":[-121.951833333333,46.8643333333333,2.41]},"id":"uw714111522"},
{"type":"Feature","properties":{"mag":0.55,"place":"6 km NNW of Dutch Harbor, Alaska","time":1790675861020,"updated":1790722965200,"tz":null,"url":"https://earthquake.usgs.gov/earthquakes/eventpage/av93067504","detail":"https://earthquake.usgs.gov/earthquakes/feed/v1.0/detail/av93067504.geojson","felt":null,"cdi":null,"mmi":null,"alert":null,"status":"reviewed","tsunami":0,"sig":5,"net":"av","code":"93067504","ids":",av93067504,","sources":",av,","types":",origin,phase-data,","nst":10,"dmin":0.06424,"rms":0.2,"gap":150,"magType":"ml","type":"earthquake","title":"M 0.6 - 6 km NNW of Dutch Harbor, Alaska"},"geometry":{"type":"Point","coordinates":[-166.579666666667,53.9451666666667,10.5]},"id":"av93067504"},
{"type":"Feature","properties":{"mag":0.1,"place":"8 km NW of Dutch Harbor, Alaska","time":1790675680950,"updated":1790722424660,"tz":null,"url":"https://earthquake.usgs.gov/earthquakes/eventpage/av93067499","detail":"https://earthquake.usgs.gov/earthquakes/feed/v1.0/detail/av93067499.geojson","felt":null,"cdi":null,"mmi":null,"alert":null,"status":"reviewed","tsunami":0,"sig":0,"net":"av","code":"93067499","ids":",av93067499,","sources":",av,","types":",origin,phase-data,","nst":5,"dmin":0.03933,"rms":0.09,"gap":270,"magType":"ml","type":"earthquake","title":"M 0.1 - 8 km NW of Dutch Harbor, Alaska"},"geometry":{"type":"Point","coordinates":[-166.6225,53.9495,11.09]},"id":"av93067499"},
{"type":"Feature","properties":{"mag":3.07,"place":"19 km W of Preston, Nevada","time":1790675411265,"updated":1790733894082,"tz":null,"url":"https://earthquake.usgs.gov/earthquakes/eventpage/nn00925017","detail":"https://earthquake.usgs.gov/earthquakes/feed/v1.0/detail/nn00925017.geojson","felt":null,"cdi":null,"mmi":null,"alert":null,"status":"reviewed","tsunami":0,"sig":145,"net":"nn","code":"00925017","ids":",nn00925017,","sources":",nn,","types":",origin,phase-data,","nst":8,"dmin":0.375,"rms":0.1433,"gap":188,"magType":"ml","type":"earthquake","title":"M 3.1 - 19 km W of Preston, Nevada"},"geometry":{"type":"Point","coordinates":[-115.2879,38.9214,0]},"id":"nn00925017"},
{"type":"Feature","properties":{"mag":0.9,"place":"86 km NNW of Karluk, Alaska","time":1790675086301,"updated":1790721523690,"tz":null,"url":"https://earthquake.usgs.gov/earthquakes/eventpage/aka2026thhlbd","detail":"https://earthquake.usgs.gov/earthquakes/feed/v1.0/detail/aka2026thhlbd.geojson","felt":null,"cdi":null,"mmi":null,"alert":null,"status":"automatic","tsunami":0,"sig":12,"net":"ak","code":"a2026thhlbd","ids":",av93067489,aka2026thhlbd,","sources":",av,ak,","types":",origin,phase-data,","nst":6,"dmin":0,"rms":0.1,"gap":131,"magType":"ml","type":"earthquake","title":"M 0.9 - 86 km NNW of Karluk, Alaska"},"geometry":{"type":"Point","coordinates":[-154.988,58.29,5]},"id":"aka2026thhlbd"},
{"type":"Feature","properties":{"mag":2.35,"place":"14 km S of Fern Forest, Hawaii","time":1790674779890,"updated":1790693712170,"tz":null,"url":"https://earthquake.usgs.gov/earthquakes/eventpage/hv75045217","detail":"https://earthquake.usgs.gov/earthquakes/feed/v1.0/detail/hv75045217.geojson","felt":null,"cdi":null,"mmi":null,"alert":null,"status":"reviewed","tsunami":0,"sig":85,"net":"hv","code":"75045217","ids":",us6000tybg,hv75045217,","sources":",us,hv,","types":",origin,phase-data,","nst":50,"dmin":0.04668,"rms":0.11,"gap":95,"magType":"ml","type":"earthquake","title":"M 2.4 - 14 km S of Fern Forest, Hawaii"},"geometry":{"type":"Point","coordinates":[-155.139833333333,19.3316666666667,6.25]},"id":"hv75045217"},
{"type":"Feature","properties":{"mag":1.46,"place":"7 km NW of The Geysers, CA","time":1790673748030,"updated":1790675248363,"tz":null,"url":"https://earthquake.usgs.gov/earthquakes/eventpage/nc75444277","detail":"https://earthquake.usgs.gov/earthquakes/feed/v1.0/detail/nc75444277.geojson","felt":null,"cdi":null,"mmi":null,"alert":null,"status":"automatic","tsunami":0,"sig":33,"net":"nc","code":"75444277","ids":",nc75444277,","sources":",nc,","types":",nearby-cities,origin,phase-data,scitech-link,","nst":27,"dmin":0.004533,"rms":0.02,"gap":40,"magType":"md","type":"earthquake","title":"M 1.5 - 7 km NW of The Geysers, CA"},"geometry":{"type":"Point","coordinates":[-122.814498901367,38.8263320922852,2.07999992370605]},"id":"nc75444277"},
{"type":"Feature","properties":{"mag":0.8,"place":"85 km NNW of Karluk, Alaska","time":1790673626803,"updated":1790720982760,"tz":null,"url":"https://earthquake.usgs.gov/earthquakes/eventpage/aka2026thgpyt","detail":"https://earthquake.usgs.gov/earthquakes/feed/v1.0/detail/aka2026thgpyt.geojson","felt":null,"cdi":null,"mmi":null,"alert":null,"status":"automatic","tsunami":0,"sig":10,"net":"ak","code":"a2026thgpyt","ids":",av93067479,aka2026thgpyt,","sources":",av,ak,","types":",origin,phase-data,","nst":6,"dmin":0,"rms":0,"gap":134,"magType":"ml","type":"earthquake","title":"M 0.8 - 85 km NNW of Karluk, Alaska"},"geometry":{"type":"Point","coordinates":[-154.985,58.283,5]},"id":"aka2026thgpyt"},
{"type":"Feature","properties":{"mag":1.68,"place":"2 km NW of Hollister, CA","time":1790672104920,"updated":1790674343260,"tz":null,"url":"https://earthquake.usgs.gov/earthquakes/eventpage/nc75444267","detail":"https://earthquake.usgs.gov/earthquakes/feed/v1.0/detail/nc75444267.geojson","felt":null,"cdi":null,"mmi":null,"alert":null,"status":"automatic","tsunami":0,"sig":43,"net":"nc","code":"75444267","ids":",nc75444267,","sources":",nc,","types":",focal-mechanism,nearby-cities,origin,phase-data,scitech-link,","nst":27,"dmin":0.08031,"rms":0.08,"gap":71,"magType":"md","type":"earthquake","title":"M 1.7 - 2 km NW of Hollister, CA"},"geometry":{"type":"Point","coordinates":[-121.416831970215,36.8588333129883,5.13000011444092]},"id":"nc75444267"},
{"type":"Feature","properties":{"mag":1.12,"place":"5 km SE of Maplewood, Washington","time":1790671701960,"updated":1790713189350,"tz":null,"url":"https://earthquake.usgs.gov/earthquakes/eventpage/uw714111512","detail":"https://earthquake.usgs.gov/earthquakes/feed/v1.0/detail/uw714111512.geojson","felt":null,"cdi":null,"mmi":null,"alert":null,"status":"reviewed","tsunami":0,"sig":19,"net":"uw","code":"714111512","ids":",uw714111512,","sources":",uw,","types":",origin,phase-data,","nst":17,"dmin":0.05733,"rms":0.09,"gap":92,"magType":"md","type":"earthquake","title":"M 1.1 - 5 km SE of Maplewood, Washington"},"geometry":{"type":"Point","coordinates":[-122.495666666667,47.373,21.6]},"id":"uw714111512"},
{"type":"Feature","properties":{"mag":1.22,"place":"5 km NE of Beaumont, CA","time":1790671642320,"updated":1790690152960,"tz":null,"url":"https://earthquake.usgs.gov/earthquakes/eventpage/ci41340479","detail":"https://earthquake.usgs.gov/earthquakes/feed/v1.0/detail/ci41340479.geojson","felt":null,"cdi":null,"mmi":null,"alert":null,"status":"reviewed","tsunami":0,"sig":23,"net":"ci","code":"41340479","ids":",ci41340479,","sources":",ci,","types":",focal-mechanism,nearby-cities,origin,phase-data,","nst":73,"dmin":0.05403,"rms":0.17,"gap":24,"magType":"ml","type":"earthquake","title":"M 1.2 - 5 km NE of Beaumont, CA"},"geometry":{"type":"Point","coordinates":[-116.945833333333,33.9671666666667,16.31]},"id":"ci41340479"},
{"type":"Feature","properties":{"mag":1.7,"place":"22 km NNW of Eagle, Alaska","time":1790671562272,"updated":1790671642935,"tz":null,"url":"https://earthquake.usgs.gov/earthquakes/eventpage/aka2026thfmdb","detail":"https://earthquake.usgs.gov/earthquakes/feed/v1.0/detail/aka2026thfmdb.geojson","felt":null,"cdi":null,"mmi":null,"alert":null,"status":"automatic","tsunami":0,"sig":44,"net":"ak","code":"a2026thfmdb","ids":",aka2026thfmdb,","sources":",ak,","types":",origin,phase-data,","nst":10,"dmin":0.6,"rms":0.7,"gap":140,"magType":"ml","type":"earthquake","title":"M 1.7 - 22 km NNW of Eagle, Alaska"},"geometry":{"type":"Point","coordinates":[-141.346,64.984,2.1]},"id":"aka2026thfmdb"},
{"type":"Feature","properties":{"mag":0.55,"place":"5 km ENE of Hebgen Lake Estates, Montana","time":1790671433550,"updated":1790696070450,"tz":null,"url":"https://earthquake.usgs.gov/earthquakes/eventpage/uu80158231","detail":"https://earthquake.usgs.gov/earthquakes/feed/v1.0/detail/uu80158231.geojson","felt":null,"cdi":null,"mmi":null,"alert":null,"status":"reviewed","tsunami":0,"sig":5,"net":"uu","code":"80158231","ids":",mb90209533,uu80158231,","sources":",mb,uu,","types":",origin,phase-data,","nst":15,"dmin":0.01645,"rms":0.12,"gap":79,"magType":"md","type":"earthquake","title":"M 0.6 - 5 km ENE of Hebgen Lake Estates, Montana"},"geometry":{"type":"Point","coordinates":[-111.123666666667,44.7851666666667,9.64]},"id":"uu80158231"},
{"type":"Feature","properties":{"mag":1.94,"place":"4 km SSW of Pāhala, Hawaii","time":1790671297190,"updated":1790671499280,"tz":null,"url":"https://earthquake.usgs.gov/earthquakes/eventpage/hv75045192","detail":"https://earthquake.usgs.gov/earthquakes/feed/v1.0/detail/hv75045192.geojson","felt":null,"cdi":null,"mmi":null,"alert":null,"status":"automatic","tsunami":0,"sig":58,"net":"hv","code":"75045192","ids":",hv75045192,","sources":",hv,","types":",origin,phase-data,","nst":42,"dmin":0.03996,"rms":0.140000001,"gap":109,"magType":"md","type":"earthquake","title":"M 1.9 - 4 km SSW of Pāhala, Hawaii"},"geometry":{"type":"Point","coordinates":[-155.501495361328,19.1700000762939,32.2099990844727]},"id":"hv75045192"},
{"type":"Feature","properties":{"mag":0.48,"place":"33 km E of West Yellowstone, Montana","time":1790670893730,"updated":1790688277510,"tz":null,"url":"https://earthquake.usgs.gov/earthquakes/eventpage/uu80158226","detail":"https://earthquake.usgs.gov/earthquakes/feed/v1.0/detail/uu80158226.geojson","felt":null,"cdi":null,"mmi":null,"alert":null,"status":"reviewed","tsunami":0,"sig":4,"net":"uu","code":"80158226","ids":",uu80158226,","sources":",uu,","types":",origin,phase-data,","nst":6,"dmin":0.05446,"rms":0.05,"gap":107,"magType":"md","type":"earthquake","title":"M 0.5 - 33 km E of West Yellowstone, Montana"},"geometry":{"type":"Point","coordinates":[-110.678166666667,44.6583333333333,5.01]},"id":"uu80158226"},
{"type":"Feature","properties":{"mag":1,"place":"1 km NNW of Redwood Valley, CA","time":1790670585080,"updated":1790670681748,"tz":null,"url":"https://earthquake.usgs.gov/earthquakes/eventpage/nc75444257","detail":"https://earthquake.usgs.gov/earthquakes/feed/v1.0/detail/nc75444257.geojson","felt":null,"cdi":null,"mmi":null,"alert":null,"status":"automatic","tsunami":0,"sig":15,"net":"nc","code":"75444257","ids":",nc75444257,","sources":",nc,","types":",nearby-cities,origin,phase-data,","nst":6,"dmin":0.03096,"rms":0.01,"gap":111,"magType":"md","type":"earthquake","title":"M 1.0 - 1 km NNW of Redwood Valley, CA"},"geometry":{"type":"Point","coordinates":[-123.212333679199,39.2760009765625,4.57000017166138]},"id":"nc75444257"},
{"type":"Feature","properties":{"mag":0.74,"place":"9 km SW of Idyllwild, CA","time":1790670156530,"updated":1790690132299,"tz":null,"url":"https://earthquake.usgs.gov/earthquakes/eventpage/ci41340471","detail":"https://earthquake.usgs.gov/earthquakes/feed/v1.0/detail/ci41340471.geojson","felt":null,"cdi":null,"mmi":null,"alert":null,"status":"reviewed","tsunami":0,"sig":8,"net":"ci","code":"41340471","ids":",ci41340471,","sources":",ci,","types":",nearby-cities,origin,phase-data,","nst":41,"dmin":0.06666,"rms":0.14,"gap":41,"magType":"ml","type":"earthquake","title":"M 0.7 - 9 km SW of Idyllwild, CA"},"geometry":{"type":"Point","coordinates":[-116.783,33.6771666666667,16.75]},"id":"ci41340471"},
{"type":"Feature","properties":{"mag":4.5,"place":"95 km SSW of Ocós, Guatemala","time":1790670116906,"updated":1790683567040,"tz":null,"url":"https://earthquake.usgs.gov/earthquakes/eventpage/us6000tyb6","detail":"https://earthquake.usgs.gov/earthquakes/feed/v1.0/detail/us6000tyb6.geojson","felt":null,"cdi":null,"mmi":null,"alert":null,"status":"reviewed","tsunami":0,"sig":312,"net":"us","code":"6000tyb6","ids":",us6000tyb6,","sources":",us,","types":",origin,phase-data,","nst":48,"dmin":2.55,"rms":1.33,"gap":189,"magType":"mb","type":"earthquake","title":"M 4.5 - 95 km SSW of Ocós, Guatemala"},"geometry":{"type":"Point","coordinates":[-92.6345,13.7623,41.479]},"id":"us6000tyb6"},
{"type":"Feature","properties":{"mag":1.9,"place":"15 km NNW of Skwentna, Alaska","time":1790669981055,"updated":1790670090136,"tz":null,"url":"https://earthquake.usgs.gov/earthquakes/eventpage/aka2026thepgr","detail":"https://earthquake.usgs.gov/earthquakes/feed/v1.0/detail/aka2026thepgr.geojson","felt":null,"cdi":null,"mmi":null,"alert":null,"status":"automatic","tsunami":0,"sig":56,"net":"ak","code":"a2026thepgr","ids":",aka2026thepgr,","sources":",ak,","types":",origin,phase-data,","nst":31,"dmin":0.6,"rms":0.7,"gap":58,"magType":"ml","type":"earthquake","title":"M 1.9 - 15 km NNW of Skwentna, Alaska"},"geometry":{"type":"Point","coordinates":[-151.552,62.105,78]},"id":"aka2026thepgr"},
{"type":"Feature","properties":{"mag":1.5,"place":"12 km SW of Huron, CA","time":1790669881420,"updated":1790677644606,"tz":null,"url":"https://earthquake.usgs.gov/earthquakes/eventpage/nc75444252","detail":"https://earthquake.usgs.gov/earthquakes/feed/v1.0/detail/nc75444252.geojson","felt":null,"cdi":null,"mmi":null,"alert":null,"status":"automatic","tsunami":0,"sig":35,"net":"nc","code":"75444252","ids":",nc75444252,","sources":",nc,","types":",nearby-cities,origin,phase-data,scitech-link,","nst":11,"dmin":0.04704,"rms":0.11,"gap":134,"magType":"md","type":"earthquake","title":"M 1.5 - 12 km SW of Huron, CA"},"geometry":{"type":"Point","coordinates":[-120.195831298828,36.1253318786621,9.90999984741211]},"id":"nc75444252"},
{"type":"Feature","properties":{"mag":2.5,"place":"12 km N of Karluk, Alaska","time":1790669868081,"updated":1790670060146,"tz":null,"url":"https://earthquake.usgs.gov/earthquakes/eventpage/aka2026thenke","detail":"https://earthquake.usgs.gov/earthquakes/feed/v1.0/detail/aka2026thenke.geojson","felt":null,"cdi":null,"mmi":null,"alert":null,"status":"automatic","tsunami":0,"sig":96,"net":"ak","code":"a2026thenke","ids":",aka2026thenke,","sources":",ak,","types":",origin,phase-data,","nst":46,"dmin":0.5,"rms":0.5,"gap":97,"magType":"ml","type":"earthquake","title":"M 2.5 - 12 km N of Karluk, Alaska"},"geometry":{"type":"Point","coordinates":[-154.489,57.678,58.8]},"id":"aka2026thenke"},
{"type":"Feature","properties":{"mag":1.07,"place":"6 km NW of The Geysers, CA","time":1790669588890,"updated":1790669686672,"tz":null,"url":"https://earthquake.usgs.gov/earthquakes/eventpage/nc75444247","detail":"https://earthquake.usgs.gov/earthquakes/feed/v1.0/detail/nc75444247.geojson","felt":null,"cdi":null,"mmi":null,"alert":null,"status":"automatic","tsunami":0,"sig":18,"net":"nc","code":"75444247","ids":",nc75444247,","sources":",nc,","types":",nearby-cities,origin,phase-data,","nst":23,"dmin":0.009693,"rms":0.01,"gap":47,"magType":"md","type":"earthquake","title":"M 1.1 - 6 km NW of The Geysers, CA"},"geometry":{"type":"Point","coordinates":[-122.797996520996,38.8211669921875,3.16000008583069]},"id":"nc75444247"},
{"type":"Feature","properties":{"mag":0.22,"place":"5 km WNW of Cobb, CA","time":1790669390480,"updated":1790669486666,"tz":null,"url":"https://earthquake.usgs.gov/earthquakes/eventpage/nc75444242","detail":"https://earthquake.usgs.gov/earthquakes/feed/v1.0/detail/nc75444242.geojson","felt":null,"cdi":null,"mmi":null,"alert":null,"status":"automatic","tsunami":0,"sig":1,"net":"nc","code":"75444242","ids":",nc75444242,","sources":",nc,","types":",nearby-cities,origin,phase-data,","nst":7,"dmin":0.006078,"rms":0.01,"gap":192,"magType":"md","type":"earthquake","title":"M 0.2 - 5 km WNW of Cobb, CA"},"geometry":{"type":"Point","coordinates":[-122.772499084473,38.8373336791992,1.86000001430511]},"id":"nc75444242"},
{"type":"Feature","properties":{"mag":0.7,"place":"6 km W of Cobb, CA","time":1790668986370,"updated":1790669081787,"tz":null,"url":"https://earthquake.usgs.gov/earthquakes/eventpage/nc75444237","detail":"https://earthquake.usgs.gov/earthquakes/feed/v1.0/detail/nc75444237.geojson","felt":null,"cdi":null,"mmi":null,"alert":null,"status":"automatic","tsunami":0,"sig":8,"net":"nc","code":"75444237","ids":",nc75444237,","sources":",nc,","types":",nearby-cities,origin,phase-data,","nst":10,"dmin":0.01127,"rms":0.01,"gap":86,"magType":"md","type":"earthquake","title":"M 0.7 - 6 km W of Cobb, CA"},"geometry":{"type":"Point","coordinates":[-122.788330078125,38.8228340148926,0.819999992847443]},"id":"nc75444237"},
{"type":"Feature","properties":{"mag":1.84,"place":"27 km W of Volcano, Hawaii","time":1790668875630,"updated":1790669079360,"tz":null,"url":"https://earthquake.usgs.gov/earthquakes/eventpage/hv75045172","detail":"https://earthquake.usgs.gov/earthquakes/feed/v1.0/detail/hv75045172.geojson","felt":null,"cdi":null,"mmi":null,"alert":null,"status":"automatic","tsunami":0,"sig":52,"net":"hv","code":"75045172","ids":",hv75045172,","sources":",hv,","types":",origin,phase-data,","nst":38,"dmin":0.06023,"rms":0.25,"gap":60,"magType":"md","type":"earthquake","title":"M 1.8 - 27 km W of Volcano, Hawaii"},"geometry":{"type":"Point","coordinates":[-155.49299621582,19.480167388916,-1.08000004291534]},"id":"hv75045172"},
{"type":"Feature","properties":{"mag":1.76,"place":"15 km NE of Ridgecrest, CA","time":1790668484430,"updated":1790690339310,"tz":null,"url":"https://earthquake.usgs.gov/earthquakes/eventpage/ci41340463","detail":"https://earthquake.usgs.gov/earthquakes/feed/v1.0/detail/ci41340463.geojson","felt":null,"cdi":null,"mmi":null,"alert":null,"status":"reviewed","tsunami":0,"sig":48,"net":"ci","code":"41340463","ids":",ci41340463,","sources":",ci,","types":",focal-mechanism,nearby-cities,origin,phase-data,scitech-link,","nst":38,"dmin":0.1271,"rms":0.13,"gap":48,"magType":"ml","type":"earthquake","title":"M 1.8 - 15 km NE of Ridgecrest, CA"},"geometry":{"type":"Point","coordinates":[-117.565333333333,35.7186666666667,1.64]},"id":"ci41340463"},
{"type":"Feature","properties":{"mag":1.29,"place":"15 km NE of Ridgecrest, CA","time":1790668443930,"updated":1790691343254,"tz":null,"url":"https://earthquake.usgs.gov/earthquakes/eventpage/ci41340455","detail":"https://earthquake.usgs.gov/earthquakes/feed/v1.0/detail/ci41340455.geojson","felt":null,"cdi":null,"mmi":null,"alert":null,"status":"reviewed","tsunami":0,"sig":26,"net":"ci","code":"41340455","ids":",ci41340455,","sources":",ci,","types":",nearby-cities,origin,phase-data,scitech-link,","nst":28,"dmin":0.1269,"rms":0.15,"gap":49,"magType":"ml","type":"earthquake","title":"M 1.3 - 15 km NE of Ridgecrest, CA"},"geometry":{"type":"Point","coordinates":[-117.563833333333,35.7208333333333,2.23]},"id":"ci41340455"},
{"type":"Feature","properties":{"mag":1.29,"place":"58 km E of Warm River, Idaho","time":1790667760200,"updated":1790688560760,"tz":null,"url":"https://earthquake.usgs.gov/earthquakes/eventpage/uu80158221","detail":"https://earthquake.usgs.gov/earthquakes/feed/v1.0/detail/uu80158221.geojson","felt":null,"cdi":null,"mmi":null,"alert":null,"status":"reviewed","tsunami":0,"sig":26,"net":"uu","code":"80158221","ids":",uu80158221,","sources":",uu,","types":",origin,phase-data,","nst":18,"dmin":0.08104,"rms":0.22,"gap":121,"magType":"md","type":"earthquake","title":"M 1.3 - 58 km E of Warm River, Idaho"},"geometry":{"type":"Point","coordinates":[-110.601,44.2023333333333,12.35]},"id":"uu80158221"},
{"type":"Feature","properties":{"mag":1.8,"place":"25 km SSW of Nanwalek, Alaska","time":1790667552455,"updated":1790667738714,"tz":null,"url":"https://earthquake.usgs.gov/earthquakes/eventpage/aka2026thdgem","detail":"https://earthquake.usgs.gov/earthquakes/feed/v1.0/detail/aka2026thdgem.geojson","felt":null,"cdi":null,"mmi":null,"alert":null,"status":"automatic","tsunami":0,"sig":50,"net":"ak","code":"a2026thdgem","ids":",aka2026thdgem,","sources":",ak,","types":",origin,phase-data,","nst":9,"dmin":0.6,"rms":0.6,"gap":151,"magType":"ml","type":"earthquake","title":"M 1.8 - 25 km SSW of Nanwalek, Alaska"},"geometry":{"type":"Point","coordinates":[-152.055,59.135,61.3]},"id":"aka2026thdgem"},
{"type":"Feature","properties":{"mag":1.8,"place":"19 km SW of Point MacKenzie, Alaska","time":1790666537576,"updated":1790666758751,"tz":null,"url":"https://earthquake.usgs.gov/earthquakes/eventpage/aka2026thcrlf","detail":"https://earthquake.usgs.gov/earthquakes/feed/v1.0/detail/aka2026thcrlf.geojson","felt":null,"cdi":null,"mmi":null,"alert":null,"status":"automatic","tsunami":0,"sig":50,"net":"ak","code":"a2026thcrlf","ids":",aka2026thcrlf,","sources":",ak,","types":",origin,phase-data,","nst":36,"dmin":0.1,"rms":0.7,"gap":61,"magType":"ml","type":"earthquake","title":"M 1.8 - 19 km SW of Point MacKenzie, Alaska"},"geometry":{"type":"Point","coordinates":[-150.273,61.251,51.8]},"id":"aka2026thcrlf"},
{"type":"Feature","properties":{"mag":1.3,"place":"60 km WNW of Happy Valley, Alaska","time":1790666381121,"updated":1790666479619,"tz":null,"url":"https://earthquake.usgs.gov/earthquakes/eventpage/aka2026thcpft","detail":"https://earthquake.usgs.gov/earthquakes/feed/v1.0/detail/aka2026thcpft.geojson","felt":null,"cdi":null,"mmi":null,"alert":null,"status":"automatic","tsunami":0,"sig":26,"net":"ak","code":"a2026thcpft","ids":",aka2026thcpft,","sources":",ak,","types":",origin,phase-data,","nst":15,"dmin":0.1,"rms":0.3,"gap":114,"magType":"ml","type":"earthquake","title":"M 1.3 - 60 km WNW of Happy Valley, Alaska"},"geometry":{"type":"Point","coordinates":[-152.79,60.076,105]},"id":"aka2026thcpft"},
{"type":"Feature","properties":{"mag":2,"place":"11 km W of Trapper Creek, Alaska","time":1790665783071,"updated":1790699184444,"tz":null,"url":"https://earthquake.usgs.gov/earthquakes/eventpage/aka2026thcgpn","detail":"https://earthquake.usgs.gov/earthquakes/feed/v1.0/detail/aka2026thcgpn.geojson","felt":1,"cdi":1,"mmi":null,"alert":null,"status":"automatic","tsunami":0,"sig":62,"net":"ak","code":"a2026thcgpn","ids":",aka2026thcgpn,","sources":",ak,","types":",dyfi,origin,phase-data,","nst":37,"dmin":0.1,"rms":0.7,"gap":88,"magType":"ml","type":"earthquake","title":"M 2.0 - 11 km W of Trapper Creek, Alaska"},"geometry":{"type":"Point","coordinates":[-150.448,62.302,5]},"id":"aka2026thcgpn"},
{"type":"Feature","properties":{"mag":1.01,"place":"7 km WNW of Cobb, CA","time":1790665714000,"updated":1790665811169,"tz":null,"url":"https://earthquake.usgs.gov/earthquakes/eventpage/nc75444212","detail":"https://earthquake.usgs.gov/earthquakes/feed/v1.0/detail/nc75444212.geojson","felt":null,"cdi":null,"mmi":null,"alert":null,"status":"automatic","tsunami":0,"sig":16,"net":"nc","code":"75444212","ids":",nc75444212,","sources":",nc,","types":",nearby-cities,origin,phase-data,","nst":14,"dmin":0.009598,"rms":0.01,"gap":67,"magType":"md","type":"earthquake","title":"M 1.0 - 7 km WNW of Cobb, CA"},"geometry":{"type":"Point","coordinates":[-122.801834106445,38.8349990844727,1.87999999523163]},"id":"nc75444212"},
{"type":"Feature","properties":{"mag":1.25,"place":"6 km NNW of Dutch Harbor, Alaska","time":1790665648890,"updated":1790719720440,"tz":null,"url":"https://earthquake.usgs.gov/earthquakes/eventpage/av93067474","detail":"https://earthquake.usgs.gov/earthquakes/feed/v1.0/detail/av93067474.geojson","felt":null,"cdi":null,"mmi":null,"alert":null,"status":"reviewed","tsunami":0,"sig":24,"net":"av","code":"93067474","ids":",av93067474,","sources":",av,","types":",origin,phase-data,","nst":15,"dmin":0.06755,"rms":0.21,"gap":147,"magType":"ml","type":"earthquake","title":"M 1.3 - 6 km NNW of Dutch Harbor, Alaska"},"geometry":{"type":"Point","coordinates":[-166.574,53.9446666666667,10.43]},"id":"av93067474"},
{"type":"Feature","properties":{"mag":2.1,"place":"7 km WNW of Houston, Alaska","time":1790665280245,"updated":1790699327544,"tz":null,"url":"https://earthquake.usgs.gov/earthquakes/eventpage/aka2026thbzin","detail":"https://earthquake.usgs.gov/earthquakes/feed/v1.0/detail/aka2026thbzin.geojson","felt":1,"cdi":1,"mmi":null,"alert":null,"status":"automatic","tsunami":0,"sig":68,"net":"ak","code":"a2026thbzin","ids":",aka2026thbzin,","sources":",ak,","types":",dyfi,origin,phase-data,","nst":52,"dmin":0.4,"rms":0.8,"gap":61,"magType":"ml","type":"earthquake","title":"M 2.1 - 7 km WNW of Houston, Alaska"},"geometry":{"type":"Point","coordinates":[-149.936,61.666,15.9]},"id":"aka2026thbzin"},
{"type":"Feature","properties":{"mag":0.47,"place":"12 km WSW of Wrightwood, CA","time":1790665123900,"updated":1790689749305,"tz":null,"url":"https://earthquake.usgs.gov/earthquakes/eventpage/ci41340447","detail":"https://earthquake.usgs.gov/earthquakes/feed/v1.0/detail/ci41340447.geojson","felt":null,"cdi":null,"mmi":null,"alert":null,"status":"reviewed","tsunami":0,"sig":3,"net":"ci","code":"41340447","ids":",ci41340447,","sources":",ci,","types":",nearby-cities,origin,phase-data,","nst":15,"dmin":0.09239,"rms":0.07,"gap":94,"magType":"ml","type":"earthquake","title":"M 0.5 - 12 km WSW of Wrightwood, CA"},"geometry":{"type":"Point","coordinates":[-117.748666666667,34.3101666666667,6.25]},"id":"ci41340447"},
{"type":"Feature","properties":{"mag":1.16,"place":"15 km E of Seven Trees, CA","time":1790664933020,"updated":1790669543698,"tz":null,"url":"https://earthquake.usgs.gov/earthquakes/eventpage/nc75444202","detail":"https://earthquake.usgs.gov/earthquakes/feed/v1.0/detail/nc75444202.geojson","felt":null,"cdi":null,"mmi":null,"alert":null,"status":"automatic","tsunami":0,"sig":21,"net":"nc","code":"75444202","ids":",nc75444202,","sources":",nc,","types":",nearby-cities,origin,phase-data,scitech-link,","nst":6,"dmin":0.03596,"rms":0.01,"gap":152,"magType":"md","type":"earthquake","title":"M 1.2 - 15 km E of Seven Trees, CA"},"geometry":{"type":"Point","coordinates":[-121.672164916992,37.2949981689453,3.05999994277954]},"id":"nc75444202"},
{"type":"Feature","properties":{"mag":1.94,"place":"6 km SW of Volcano, Hawaii","time":1790664855240,"updated":1790694102660,"tz":null,"url":"https://earthquake.usgs.gov/earthquakes/eventpage/hv75045142","detail":"https://earthquake.usgs.gov/earthquakes/feed/v1.0/detail/hv75045142.geojson","felt":null,"cdi":null,"mmi":null,"alert":null,"status":"reviewed","tsunami":0,"sig":58,"net":"hv","code":"75045142","ids":",hv75045142,","sources":",hv,","types":",origin,phase-data,","nst":21,"dmin":0.002821,"rms":0.12,"gap":41,"magType":"ml","type":"earthquake","title":"M 1.9 - 6 km SW of Volcano, Hawaii"},"geometry":{"type":"Point","coordinates":[-155.270833333333,19.3963333333333,0.93]},"id":"hv75045142"},
{"type":"Feature","properties":{"mag":0.9,"place":"7 km NW of The Geysers, CA","time":1790664688320,"updated":1790664787007,"tz":null,"url":"https://earthquake.usgs.gov/earthquakes/eventpage/nc75444197","detail":"https://earthquake.usgs.gov/earthquakes/feed/v1.0/detail/nc75444197.geojson","felt":null,"cdi":null,"mmi":null,"alert":null,"status":"automatic","tsunami":0,"sig":12,"net":"nc","code":"75444197","ids":",nc75444197,","sources":",nc,","types":",nearby-cities,origin,phase-data,","nst":8,"dmin":0.00506,"rms":0.01,"gap":112,"magType":"md","type":"earthquake","title":"M 0.9 - 7 km NW of The Geysers, CA"},"geometry":{"type":"Point","coordinates":[-122.814834594727,38.826831817627,2.33999991416931]},"id":"nc75444197"},
{"type":"Feature","properties":{"mag":1.06,"place":"260 km W of Adak, Alaska","time":1790664086460,"updated":1790712448100,"tz":null,"url":"https://earthquake.usgs.gov/earthquakes/eventpage/av93067449","detail":"https://earthquake.usgs.gov/earthquakes/feed/v1.0/detail/av93067449.geojson","felt":null,"cdi":null,"mmi":null,"alert":null,"status":"reviewed","tsunami":0,"sig":17,"net":"av","code":"93067449","ids":",av93067449,","sources":",av,","types":",origin,phase-data,","nst":6,"dmin":0.02562,"rms":0.2,"gap":112,"magType":"ml","type":"earthquake","title":"M 1.1 - 260 km W of Adak, Alaska"},"geometry":{"type":"Point","coordinates":[179.5885,51.9223333333333,6.93]},"id":"av93067449"},
{"type":"Feature","properties":{"mag":4.8,"place":"South Sandwich Islands region","time":1790663929006,"updated":1790665102040,"tz":null,"url":"https://earthquake.usgs.gov/earthquakes/eventpage/us6000tyat","detail":"https://earthquake.usgs.gov/earthquakes/feed/v1.0/detail/us6000tyat.geojson","felt":null,"cdi":null,"mmi":null,"alert":null,"status":"reviewed","tsunami":0,"sig":354,"net":"us","code":"6000tyat","ids":",us6000tyat,","sources":",us,","types":",origin,phase-data,","nst":53,"dmin":4.748,"rms":0.88,"gap":66,"magType":"mb","type":"earthquake","title":"M 4.8 - South Sandwich Islands region"},"geometry":{"type":"Point","coordinates":[-28.4628,-55.2555,35]},"id":"us6000tyat"},
{"type":"Feature","properties":{"mag":4.4,"place":"102 km E of Miyako, Japan","time":1790662594063,"updated":1790672648040,"tz":null,"url":"https://earthquake.usgs.gov/earthquakes/eventpage/us6000tyap","detail":"https://earthquake.usgs.gov/earthquakes/feed/v1.0/detail/us6000tyap.geojson","felt":null,"cdi":null,"mmi":null,"alert":null,"status":"reviewed","tsunami":0,"sig":298,"net":"us","code":"6000tyap","ids":",us6000tyap,","sources":",us,","types":",origin,phase-data,","nst":35,"dmin":1.931,"rms":0.45,"gap":189,"magType":"mb","type":"earthquake","title":"M 4.4 - 102 km E of Miyako, Japan"},"geometry":{"type":"Point","coordinates":[143.1352,39.6854,36.868]},"id":"us6000tyap"},
{"type":"Feature","properties":{"mag":1.67,"place":"26 km SE of Mina, Nevada","time":1790661249867,"updated":1790661403890,"tz":null,"url":"https://earthquake.usgs.gov/earthquakes/eventpage/nn00925012","detail":"https://earthquake.usgs.gov/earthquakes/feed/v1.0/detail/nn00925012.geojson","felt":null,"cdi":null,"mmi":null,"alert":null,"status":"automatic","tsunami":0,"sig":43,"net":"nn","code":"00925012","ids":",nn00925012,","sources":",nn,","types":",origin,phase-data,","nst":11,"dmin":0.469,"rms":0.2394,"gap":136,"magType":"ml","type":"earthquake","title":"M 1.7 - 26 km SE of Mina, Nevada"},"geometry":{"type":"Point","coordinates":[-117.91,38.2147,12.7353]},"id":"nn00925012"},
{"type":"Feature","properties":{"mag":0.94,"place":"8 km NW of The Geysers, CA","time":1790660888820,"updated":1790660986447,"tz":null,"url":"https://earthquake.usgs.gov/earthquakes/eventpage/nc75444187","detail":"https://earthquake.usgs.gov/earthquakes/feed/v1.0/detail/nc75444187.geojson","felt":null,"cdi":null,"mmi":null,"alert":null,"status":"automatic","tsunami":0,"sig":14,"net":"nc","code":"75444187","ids":",nc75444187,","sources":",nc,","types":",nearby-cities,origin,phase-data,","nst":12,"dmin":0.008107,"rms":0.01,"gap":78,"magType":"md","type":"earthquake","title":"M 0.9 - 8 km NW of The Geysers, CA"},"geometry":{"type":"Point","coordinates":[-122.816665649414,38.8296661376953,2]},"id":"nc75444187"},
{"type":"Feature","properties":{"mag":1.31,"place":"2 km NNW of The Geysers, CA","time":1790660593450,"updated":1790662648932,"tz":null,"url":"https://earthquake.usgs.gov/earthquakes/eventpage/nc75444182","detail":"https://earthquake.usgs.gov/earthquakes/feed/v1.0/detail/nc75444182.geojson","felt":null,"cdi":null,"mmi":null,"alert":null,"status":"automatic","tsunami":0,"sig":26,"net":"nc","code":"75444182","ids":",nc75444182,","sources":",nc,","types":",nearby-cities,origin,phase-data,scitech-link,","nst":20,"dmin":0.007162,"rms":0.05,"gap":64,"magType":"md","type":"earthquake","title":"M 1.3 - 2 km NNW of The Geysers, CA"},"geometry":{"type":"Point","coordinates":[-122.762664794922,38.7938346862793,0.75]},"id":"nc75444182"},
{"type":"Feature","properties":{"mag":1.51,"place":"17 km WSW of Johannesburg, CA","time":1790659507230,"updated":1790690381314,"tz":null,"url":"https://earthquake.usgs.gov/earthquakes/eventpage/ci41340439","detail":"https://earthquake.usgs.gov/earthquakes/feed/v1.0/detail/ci41340439.geojson","felt":null,"cdi":null,"mmi":null,"alert":null,"status":"reviewed","tsunami":0,"sig":35,"net":"ci","code":"41340439","ids":",ci41340439,","sources":",ci,","types":",nearby-cities,origin,phase-data,scitech-link,","nst":33,"dmin":0.05752,"rms":0.17,"gap":36,"magType":"ml","type":"earthquake","title":"M 1.5 - 17 km WSW of Johannesburg, CA"},"geometry":{"type":"Point","coordinates":[-117.8025,35.3128333333333,6.78]},"id":"ci41340439"},
{"type":"Feature","properties":{"mag":-0.7,"place":"64 km ENE of Pedro Bay, Alaska","time":1790658927520,"updated":1790717737950,"tz":null,"url":"https://earthquake.usgs.gov/earthquakes/eventpage/av94454036","detail":"https://earthquake.usgs.gov/earthquakes/feed/v1.0/detail/av94454036.geojson","felt":null,"cdi":null,"mmi":null,"alert":null,"status":"reviewed","tsunami":0,"sig":0,"net":"av","code":"94454036","ids":",av94454036,aka2026tgylnz,","sources":",av,ak,","types":",origin,phase-data,","nst":5,"dmin":0.02252,"rms":0.16,"gap":126,"magType":"ml","type":"earthquake","title":"M -0.7 - 64 km ENE of Pedro Bay, Alaska"},"geometry":{"type":"Point","coordinates":[-153.057166666667,60.0276666666667,2.21]},"id":"av94454036"},
{"type":"Feature","properties":{"mag":1.72,"place":"5 km SW of Burning Man Earth, Nevada","time":1790657660927,"updated":1790733933557,"tz":null,"url":"https://earthquake.usgs.gov/earthquakes/eventpage/nn00925048","detail":"https://earthquake.usgs.gov/earthquakes/feed/v1.0/detail/nn00925048.geojson","felt":null,"cdi":null,"mmi":null,"alert":null,"status":"reviewed","tsunami":0,"sig":46,"net":"nn","code":"00925048","ids":",nn00925048,","sources":",nn,","types":",origin,phase-data,","nst":5,"dmin":0.347,"rms":0.0699,"gap":184,"magType":"ml","type":"earthquake","title":"M 1.7 - 5 km SW of Burning Man Earth, Nevada"},"geometry":{"type":"Point","coordinates":[-119.2825,40.7384,1.6131]},"id":"nn00925048"}],"bbox":[-178.8065,-58.7388,-1.13,179.5885,65.876,178.025]}