#YY  MM DD hh mm WDIR WSPD GST  WVHT   DPD   APD MWD   PRES  ATMP  WTMP  DEWP  VIS PTDY  TIDE
#yr  mo dy hr mn degT m/s  m/s     m   sec   sec degT   hPa  degC  degC  degC  nmi  hPa    ft
2026 09 30 04 40 180  5.0  6.0   0.3    MM    MM 152     MM  18.3  17.1  13.6   MM   MM    MM
2026 09 30 04 30 180  5.0  6.0   0.2    MM    MM 152     MM  18.3  17.1  13.7   MM   MM    MM
2026 09 30 04 20 180  5.0  6.0   0.2    MM    MM 144     MM  18.3  17.1  13.7   MM   MM    MM
2026 09 30 04 10 180  5.0  6.0   0.3    MM    MM 148     MM  18.4  17.1  13.7   MM   MM    MM
2026 09 30 04 00 180  5.0  6.0   0.3    MM    MM 148     MM  18.5  17.2  13.8   MM   MM    MM
2026 09 30 03 50 180  5.0  7.0   0.3    MM    MM 145     MM  18.5  17.2  13.7   MM   MM    MM
2026 09 30 03 40 180  5.0  6.0   0.2    MM    MM 143     MM  18.5  17.2  14.0   MM   MM    MM
2026 09 30 03 30 170  5.0  6.0   0.3    MM    MM 149     MM  18.6  17.2  14.0   MM   MM    MM
2026 09 30 03 20 170  5.0  6.0   0.2    MM    MM 149     MM  18.6  17.2  14.0   MM   MM    MM
2026 09 30 03 10 170  5.0  6.0   0.2    MM    MM 144     MM  18.7  17.3  14.2   MM   MM    MM
2026 09 30 03 00 170  5.0  6.0   0.2    MM    MM 147     MM  18.8  17.3  14.2   MM   MM    MM
2026 09 30 02 50 170  5.0  5.0   0.2    MM    MM 144     MM  18.9  17.3  14.2   MM   MM    MM
2026 09 30 02 40 170  5.0  6.0   0.2    MM    MM 147     MM  18.9  17.3  14.2   MM   MM    MM
2026 09 30 02 30 160  4.0  6.0   0.2    MM    MM 146     MM  19.0  17.4  14.4   MM   MM    MM
2026 09 30 02 20 160  4.0  5.0   0.2    MM    MM 140     MM  19.0  17.4  14.6   MM   MM    MM
2026 09 30 02 10 160  4.0  4.0   0.2    MM    MM 150     MM  18.9  17.4  14.8   MM   MM    MM
2026 09 30 02 00 160  4.0  4.0   0.2    MM    MM 150     MM  18.9  17.4  14.9   MM   MM    MM
2026 09 30 01 50 150  4.0  4.0   0.1    MM    MM 149     MM  18.9  17.5  15.0   MM   MM    MM
2026 09 30 01 40 150  3.0  4.0   0.1    MM    MM 165     MM  18.9  17.5  15.2   MM   MM    MM
2026 09 30 01 30 150  3.0  4.0   0.1    MM    MM  61     MM  18.9  17.6  15.3   MM   MM    MM
2026 09 30 01 20 160  3.0  4.0   0.1    MM    MM  65     MM  18.9  17.6  15.4   MM   MM    MM
2026 09 30 01 10 150  3.0  4.0   0.1    MM    MM  80     MM  18.8  17.7  15.6   MM   MM    MM
2026 09 30 01 00 140  2.0  2.0   0.1    MM    MM  65     MM  18.8  17.7  15.7   MM   MM    MM
2026 09 30 00 50 130  2.0  3.0   0.1    MM    MM  78     MM  18.6  17.8  16.1   MM   MM    MM
2026 09 30 00 40 110  2.0  2.0   0.1    MM    MM  84     MM  18.2  17.8  16.5   MM   MM    MM
2026 09 30 00 30 100  2.0  3.0   0.1    MM    MM  85     MM  18.3  17.8  16.4   MM   MM    MM
2026 09 30 00 20  90  3.0  3.0   0.1    MM    MM  87     MM  18.5  17.8  16.1   MM   MM    MM
2026 09 30 00 10  80  3.0  3.0   0.1    MM    MM  85     MM  18.6  17.8  15.9   MM   MM    MM
2026 09 30 00 00  80  3.0  4.0   0.1    MM    MM  83     MM  18.6  17.9  15.9   MM   MM    MM
2026 09 29 23 50  80  3.0  3.0   0.1    MM    MM 105     MM  18.6  18.0  15.9   MM   MM    MM
2026 09 29 23 40  80  2.0  3.0   0.1    MM    MM 112     MM  18.5  18.0  16.0   MM   MM    MM
2026 09 29 23 30  70  2.0  3.0   0.1    MM    MM  81     MM  18.5  18.0  16.1   MM   MM    MM
2026 09 29 23 10  80  3.0  4.0   0.1    MM    MM  96     MM  18.4  18.1  16.4   MM   MM    MM
2026 09 29 23 00  80  3.0  3.0   0.1    MM    MM  96     MM  18.5  18.1  16.3   MM   MM    MM
2026 09 29 22 50  80  3.0  3.0   0.1    MM    MM  95     MM  18.4  18.0  16.3   MM   MM    MM
2026 09 29 22 40  80  3.0  4.0   0.2    MM    MM  92     MM  18.4  18.1  16.4   MM   MM    MM
2026 09 29 22 30  80  4.0  4.0   0.2    MM    MM 108     MM  18.4  18.0  16.4   MM   MM    MM
2026 09 29 22 20  80  4.0  5.0   0.2    MM    MM  88     MM  18.4  18.1  16.6   MM   MM    MM
2026 09 29 22 10  70  4.0  5.0   0.1    MM    MM 105     MM  18.4  18.2  16.6   MM   MM    MM
2026 09 29 22 00  70  3.0  4.0   0.1    MM    MM 101     MM  18.4  18.2  16.6   MM   MM    MM
2026 09 29 21 50  60  3.0  4.0   0.1    MM    MM 118     MM  18.4  18.2  16.6   MM   MM    MM
2026 09 29 21 40  60  3.0  4.0   0.1    MM    MM 103     MM  18.4  18.2  16.6   MM   MM    MM
2026 09 29 21 30  70  3.0  4.0   0.1    MM    MM   8     MM  18.3  18.1  16.7   MM   MM    MM
2026 09 29 21 20  60  3.0  4.0   0.1    MM    MM  21     MM  18.4  18.0  16.6   MM   MM    MM
2026 09 29 21 10  60  3.0  3.0   0.1    MM    MM 350     MM  18.4  18.1  16.7   MM   MM    MM
2026 09 29 21 00  60  3.0  3.0   0.1    MM    MM 354     MM  18.3  18.1  16.7   MM   MM    MM
2026 09 29 20 50  70  3.0  3.0   0.1    MM    MM  11     MM  18.3  18.0  16.5   MM   MM    MM
2026 09 29 20 40  60  2.0  3.0   0.1    MM    MM  18     MM  18.5  18.0  16.8   MM   MM    MM
2026 09 29 20 30  50  2.0  3.0   0.1    MM    MM  15     MM  18.6  18.0  17.0   MM   MM    MM
2026 09 29 20 20  50  3.0  3.0   0.1    MM    MM  11     MM  18.6  17.9  16.9   MM   MM    MM
2026 09 29 20 10  40  3.0  3.0   0.1    MM    MM  24     MM  18.6  17.9  16.9   MM   MM    MM
2026 09 29 20 00  20  2.0  3.0   0.1    MM    MM  27     MM  18.7  17.8  16.9   MM   MM    MM
2026 09 29 19 50  20  2.0  3.0   0.1    MM    MM  32     MM  18.6  17.9  16.9   MM   MM    MM
2026 09 29 19 40  20  2.0  3.0   0.1    MM    MM 114     MM  18.7  17.9  16.7   MM   MM    MM
2026 09 29 19 30  20  2.0  3.0   0.1    MM    MM  36     MM  18.6  17.6  16.5   MM   MM    MM
2026 09 29 19 20  20  3.0  3.0   0.1    MM    MM  40     MM  18.4  17.7  16.4   MM   MM    MM
2026 09 29 19 10  20  3.0  3.0   0.1    MM    MM  52     MM  18.3  17.3  16.5   MM   MM    MM
2026 09 29 19 00  30  3.0  3.0   0.1    MM    MM  42     MM  18.1  16.7  16.3   MM   MM    MM
2026 09 29 18 50  40  2.0  3.0   0.1    MM    MM  35     MM  18.2  17.3  16.1   MM   MM    MM
2026 09 29 18 40  20  2.0  3.0   0.1    MM    MM  37     MM  18.1  17.2  15.6   MM   MM    MM
2026 09 29 18 30  40  2.0  3.0   0.1    MM    MM  67     MM  18.1  16.8  15.7   MM   MM    MM
2026 09 29 18 20  40  2.0  3.0   0.1    MM    MM  43     MM  18.1  16.7  15.6   MM   MM    MM
2026 09 29 18 10  50  2.0  3.0   0.1    MM    MM  57     MM  18.1  16.7  15.6   MM   MM    MM
2026 09 29 18 00  50  2.0  2.0   0.1    MM    MM  30     MM  18.0  16.9  15.7   MM   MM    MM
2026 09 29 17 50  40  2.0  2.0   0.1    MM    MM  81     MM  17.9  16.7  15.6   MM   MM    MM
2026 09 29 17 40  40  2.0  2.0   0.1    MM    MM  49     MM  17.9  16.7  15.5   MM   MM    MM
2026 09 29 17 30  30  2.0  2.0   0.1    MM    MM  44     MM  17.7  16.9  15.4   MM   MM    MM
2026 09 29 17 20  30  2.0  2.0   0.1    MM    MM 287     MM  17.6  16.9  15.2   MM   MM    MM
2026 09 29 17 10  40  2.0  2.0   0.1    MM    MM 126     MM  17.6  16.8  15.2   MM   MM    MM
2026 09 29 17 00  30  2.0  2.0   0.1    MM    MM  47     MM  17.6  16.8  15.0   MM   MM    MM
2026 09 29 16 50  20  2.0  2.0   0.1    MM    MM  46     MM  17.6  16.9  14.9   MM   MM    MM
2026 09 29 16 40  10  2.0  2.0   0.1    MM    MM  50     MM  17.4  16.9  14.7   MM   MM    MM
2026 09 29 16 30 340  2.0  3.0   0.1    MM    MM  85     MM  17.1  16.9  14.6   MM   MM    MM
2026 09 29 16 20 320  3.0  3.0   0.1    MM    MM  40     MM  17.0  16.9  14.5   MM   MM    MM
2026 09 29 16 10 320  2.0  2.0   0.1    MM    MM  35     MM  17.0  16.9  14.5   MM   MM    MM
2026 09 29 16 00 330  2.0  2.0   0.1    MM    MM  40     MM  17.2  16.9  14.5   MM   MM    MM
2026 09 29 15 50 310  1.0  2.0   0.1    MM    MM  25     MM  17.1  16.9  14.4   MM   MM    MM
2026 09 29 15 40 310  1.0  2.0   0.1    MM    MM  23     MM  17.1  16.9  14.4   MM   MM    MM
2026 09 29 15 30 310  1.0  1.0   0.1    MM    MM  28     MM  17.1  16.9  14.3   MM   MM    MM
2026 09 29 15 20 310  1.0  1.0   0.1    MM    MM  37     MM  17.2  16.9  14.1   MM   MM    MM
2026 09 29 15 10 280  1.0  1.0   0.1    MM    MM  34     MM  17.4  16.9  14.1   MM   MM    MM
2026 09 29 15 00 230  1.0  1.0   0.1    MM    MM  36     MM  17.5  16.9  14.0   MM   MM    MM
2026 09 29 14 50 180  1.0  1.0   0.1    MM    MM  32     MM  17.3  16.9  13.9   MM   MM    MM
2026 09 29 14 40 180  1.0  1.0   0.1    MM    MM  29     MM  17.0  16.9  13.7   MM   MM    MM
2026 09 29 14 30 180  1.0  1.0   0.1    MM    MM  32     MM  16.8  16.9  13.5   MM   MM    MM
2026 09 29 14 20 200  1.0  1.0   0.1    MM    MM  36     MM  16.4  16.9  13.3   MM   MM    MM
2026 09 29 14 10 200  1.0  2.0   0.1    MM    MM  41     MM  16.1  16.9  13.1   MM   MM    MM
2026 09 29 14 00 200  1.0  1.0   0.1    MM    MM  55     MM  15.9  16.9  13.0   MM   MM    MM
2026 09 29 13 50 190  1.0  2.0   0.1    MM    MM  38     MM  15.6  16.9  12.9   MM   MM    MM
2026 09 29 13 40 190  2.0  2.0   0.1    MM    MM  28     MM  15.5  16.9  12.9   MM   MM    MM
2026 09 29 13 30 200  2.0  2.0   0.1    MM    MM   3     MM  15.5  16.9  12.9   MM   MM    MM
2026 09 29 13 20 190  2.0  3.0   0.1    MM    MM  24     MM  15.4  16.9  12.8   MM   MM    MM
2026 09 29 13 10 180  3.0  3.0   0.1    MM    MM  22     MM  15.3  16.9  12.7   MM   MM    MM
2026 09 29 13 00 190  3.0  4.0   0.1    MM    MM 358     MM  15.4  16.9  12.7   MM   MM    MM
2026 09 29 12 50 210  3.0  4.0   0.1    MM    MM  10     MM  15.6  16.9  12.9   MM   MM    MM
2026 09 29 12 40 190  3.0  3.0   0.1    MM    MM 359     MM  15.8  16.9  12.9   MM   MM    MM
2026 09 29 12 30 160  3.0  4.0   0.1    MM    MM 358     MM  15.9  16.9  12.9   MM   MM    MM
2026 09 29 12 20 150  2.0  3.0   0.1    MM    MM  27     MM  15.9  16.9  13.0   MM   MM    MM
2026 09 29 12 10 150  1.0  2.0   0.1    MM    MM   1     MM  16.0  16.9  12.9   MM   MM    MM
2026 09 29 12 00 140  2.0  3.0   0.2    MM    MM 359     MM  15.8  16.9  13.0   MM   MM    MM
2026 09 29 11 50 180  2.0  3.0   0.2    MM    MM   2     MM  15.6  16.9  12.8   MM   MM    MM
2026 09 29 11 40 150  2.0  3.0   0.2    MM    MM  10     MM  15.6  16.9  12.8   MM   MM    MM
2026 09 29 11 30 150  2.0  3.0   0.1    MM    MM   5     MM  15.5  16.9  12.7   MM   MM    MM
2026 09 29 11 20 150  1.0  2.0   0.2    MM    MM   8     MM  15.5  16.9  12.8   MM   MM    MM
2026 09 29 11 10 120  1.0  2.0   0.2    MM    MM  11     MM  15.4  16.9  12.8   MM   MM    MM
2026 09 29 11 00  MM  0.0  1.0   0.2    MM    MM   7     MM  15.4  16.9  12.9   MM   MM    MM
2026 09 29 10 50 160  1.0  2.0   0.2    MM    MM  17     MM  15.5  16.9  12.9   MM   MM    MM
2026 09 29 10 40 200  1.0  3.0   0.2    MM    MM   6     MM  15.6  16.9  13.0   MM   MM    MM
2026 09 29 10 30 160  1.0  2.0   0.2    MM    MM  10     MM  15.5  16.9  12.9   MM   MM    MM
2026 09 29 10 20 190  1.0  2.0   0.2    MM    MM   3     MM  15.4  16.9  12.8   MM   MM    MM
2026 09 29 10 10 180  2.0  3.0   0.2    MM    MM   2     MM  15.5  16.9  12.9   MM   MM    MM
2026 09 29 10 00 160  3.0  3.0   0.2    MM    MM   2     MM  15.5  16.9  12.9   MM   MM    MM
2026 09 29 09 50 150  2.0  3.0   0.2    MM    MM   1     MM  15.5  16.9  12.8   MM   MM    MM
2026 09 29 09 40 150  2.0  3.0   0.2    MM    MM 359     MM  15.4  16.9  12.6   MM   MM    MM
2026 09 29 09 30 150  2.0  3.0   0.2    MM    MM 358     MM  15.4  16.9  12.8   MM   MM    MM
2026 09 29 09 20 150  3.0  3.0   0.2    MM    MM   1     MM  15.4  16.9  12.8   MM   MM    MM
2026 09 29 09 10 140  2.0  3.0   0.2    MM    MM   7     MM  15.4  16.8  12.8   MM   MM    MM
2026 09 29 09 00 130  2.0  3.0   0.2    MM    MM   7     MM  15.5  16.8  12.8   MM   MM    MM
2026 09 29 08 50 140  2.0  2.0   0.2    MM    MM   0     MM  15.6  16.9  12.9   MM   MM    MM
2026 09 29 08 40 120  2.0  2.0   0.2    MM    MM 354     MM  15.6  16.8  12.9   MM   MM    MM
2026 09 29 08 30 120  2.0  2.0   0.2    MM    MM   4     MM  15.7  16.9  12.9   MM   MM    MM
2026 09 29 08 20 120  2.0  3.0   0.2    MM    MM 359     MM  15.9  16.9  13.3   MM   MM    MM
2026 09 29 08 10 110  2.0  3.0   0.2    MM    MM 356     MM  16.1  16.9  13.2   MM   MM    MM
2026 09 29 08 00 110  2.0  3.0   0.2    MM    MM 353     MM  16.1  16.9  13.1   MM   MM    MM
2026 09 29 07 50 120  2.0  2.0   0.2    MM    MM   1     MM  16.1  16.9  13.3   MM   MM    MM
2026 09 29 07 40 130  2.0  2.0   0.2    MM    MM 357     MM  16.1  16.9  13.2   MM   MM    MM
2026 09 29 07 30 130  2.0  2.0   0.2    MM    MM 350     MM  16.1  16.9  13.2   MM   MM    MM
2026 09 29 07 20 110  2.0  2.0   0.2    MM    MM   3     MM  16.2  16.9  13.2   MM   MM    MM
2026 09 29 07 10 110  2.0  3.0   0.2    MM    MM 352     MM  16.2  16.9  13.4   MM   MM    MM
2026 09 29 07 00 110  3.0  3.0   0.2    MM    MM 354     MM  16.2  16.9  13.5   MM   MM    MM
2026 09 29 06 30 110  3.0  4.0   0.2    MM    MM 352     MM  16.0  16.9  13.4   MM   MM    MM
2026 09 29 06 20 120  4.0  5.0   0.2    MM    MM 342     MM  16.0  16.9  13.6   MM   MM    MM
2026 09 29 06 10 120  4.0  5.0   0.2    MM    MM 349     MM  16.0  17.0  13.7   MM   MM    MM
2026 09 29 05 40 120  3.0  3.0   0.2    MM    MM 351     MM  16.1  17.0  14.1   MM   MM    MM
2026 09 29 05 30 110  3.0  3.0   0.2    MM    MM 349     MM  16.2  17.0  14.2   MM   MM    MM
2026 09 29 05 20 100  3.0  4.0   0.2    MM    MM   2     MM  16.2  17.0  14.3   MM   MM    MM
2026 09 29 05 10 100  3.0  4.0   0.2    MM    MM   3     MM  16.3  17.0  14.4   MM   MM    MM
2026 09 29 05 00  90  3.0  3.0   0.2    MM    MM 349     MM  16.3  17.0  14.5   MM   MM    MM
2026 09 29 04 50  80  2.0  3.0   0.2    MM    MM 354     MM  16.2  17.0  14.5   MM   MM    MM
2026 09 29 04 40  90  2.0  3.0   0.2    MM    MM 351     MM  16.2  17.0  14.5   MM   MM    MM
2026 09 29 04 30 100  2.0  3.0   0.2    MM    MM 354     MM  16.3  16.9  14.5   MM   MM    MM
2026 09 29 04 20 100  2.0  3.0   0.2    MM    MM 359     MM  16.5  16.9  15.1   MM   MM    MM
2026 09 29 04 10  80  2.0  3.0   0.2    MM    MM 349     MM  16.5  16.9  15.3   MM   MM    MM
2026 09 29 04 00  60  2.0  3.0   0.2    MM    MM 341     MM  16.5  16.9  15.2   MM   MM    MM
2026 09 29 03 50  60  2.0  3.0   0.2    MM    MM 356     MM  16.5  16.9  15.1   MM   MM    MM
2026 09 29 03 40  60  2.0  3.0   0.2    MM    MM   5     MM  16.5  16.9  15.0   MM   MM    MM
2026 09 29 03 30  60  2.0  3.0   0.2    MM    MM 357     MM  16.5  16.9  14.9   MM   MM    MM
2026 09 29 03 20  60  2.0  3.0   0.2    MM    MM  10     MM  16.5  16.9  14.8   MM   MM    MM
2026 09 29 03 10  50  2.0  3.0   0.2    MM    MM   1     MM  16.5  16.9  14.9   MM   MM    MM
2026 09 29 03 00  60  2.0  3.0   0.2    MM    MM 353     MM  16.5  16.9  14.8   MM   MM    MM
2026 09 29 02 50  70  2.0  3.0   0.2    MM    MM 354     MM  16.5  16.9  14.8   MM   MM    MM
2026 09 29 02 40  70  2.0  3.0   0.2    MM    MM 354     MM  16.4  16.8  14.7   MM   MM    MM
2026 09 29 02 30  60  3.0  3.0   0.2    MM    MM 345     MM  16.4  16.8  14.8   MM   MM    MM
2026 09 29 02 20  60  2.0  3.0   0.2    MM    MM 352     MM  16.4  16.8  14.9   MM   MM    MM
2026 09 29 02 10  40  3.0  3.0   0.2    MM    MM 356     MM  16.5  16.7  15.0   MM   MM    MM
2026 09 29 02 00  40  2.0  3.0   0.2    MM    MM 353     MM  16.5  16.8  15.2   MM   MM    MM
2026 09 29 01 50  30  2.0  2.0   0.2    MM    MM 350     MM  16.5  16.8  15.3   MM   MM    MM
2026 09 29 01 40  20  2.0  2.0   0.3     3    MM 343     MM  16.5  16.8  15.4   MM   MM    MM
2026 09 29 01 30  20  1.0  2.0   0.2    MM    MM 354     MM  16.5  16.8  15.5   MM   MM    MM
2026 09 29 01 20  20  1.0  2.0   0.3     3    MM 360     MM  16.5  16.8  15.5   MM   MM    MM
2026 09 29 01 10  30  1.0  2.0   0.3     3    MM 358     MM  16.5  16.7  15.5   MM   MM    MM
2026 09 29 01 00  20  1.0  1.0   0.3     3    MM 350     MM  16.6  16.7  15.5   MM   MM    MM
2026 09 29 00 50 360  1.0  2.0   0.3     4    MM 337     MM  16.6  16.8  15.4   MM   MM    MM
2026 09 29 00 40 340  1.0  2.0   0.3     3    MM   2     MM  16.6  16.7  15.4   MM   MM    MM
2026 09 29 00 30 340  2.0  2.0   0.3     3    MM   1     MM  16.6  16.7  15.4   MM   MM    MM
2026 09 29 00 20 330  2.0  3.0   0.3     3    MM  10     MM  16.5  16.7  15.3   MM   MM    MM
2026 09 29 00 10 340  1.0  2.0   0.3     3    MM   8     MM  16.5  16.7  15.4   MM   MM    MM
2026 09 29 00 00 350  1.0  2.0   0.3     4    MM  22     MM  16.5  16.6  15.3   MM   MM    MM
2026 09 28 23 50 360  1.0  2.0   0.3     3    MM  29     MM  16.5  16.5  15.4   MM   MM    MM
2026 09 28 23 40 360  1.0  2.0   0.3     3    MM  24     MM  16.5  16.6  15.4   MM   MM    MM
2026 09 28 23 30  10  1.0  2.0   0.3     3    MM  29     MM  16.6  16.6  15.4   MM   MM    MM
2026 09 28 23 10  10  1.0  2.0   0.4     3    MM  28     MM  16.8  16.7  15.3   MM   MM    MM
2026 09 28 23 00 350  1.0  2.0   0.3     4    MM  33     MM  16.9  16.7  15.3   MM   MM    MM
2026 09 28 22 50 350  1.0  2.0   0.3     4    MM  34     MM  17.0  16.7  15.2   MM   MM    MM
2026 09 28 22 40 350  2.0  3.0   0.4     4    MM  21     MM  17.0  16.7  15.2   MM   MM    MM
2026 09 28 22 30 350  2.0  3.0   0.3     4    MM  16     MM  17.0  16.7  15.1   MM   MM    MM
2026 09 28 22 20 350  2.0  3.0   0.4     4    MM  16     MM  17.0  16.8  15.1   MM   MM    MM
2026 09 28 22 10 360  2.0  3.0   0.4     3    MM  19     MM  17.0  16.8  14.9   MM   MM    MM
2026 09 28 22 00 350  2.0  3.0   0.4     4    MM  26     MM  16.9  16.8  14.8   MM   MM    MM
2026 09 28 21 50 360  3.0  4.0   0.4     4    MM  26     MM  16.9  16.8  14.6   MM   MM    MM
2026 09 28 21 40 360  3.0  4.0   0.4     3    MM  26     MM  16.9  16.8  14.3   MM   MM    MM
2026 09 28 21 30 360  3.0  4.0   0.4     3    MM  23     MM  16.9  16.8  14.2   MM   MM    MM
2026 09 28 21 20 350  4.0  5.0   0.4     4    MM  23     MM  16.9  16.8  14.7   MM   MM    MM
2026 09 28 21 10 350  4.0  6.0   0.4     3    MM  23     MM  16.8  16.8  14.8   MM   MM    MM
2026 09 28 21 00 350  4.0  5.0   0.4     3    MM  29     MM  16.8  16.8  14.6   MM   MM    MM
2026 09 28 20 50 350  4.0  5.0   0.4     4    MM  19     MM  16.8  16.8  14.4   MM   MM    MM
2026 09 28 20 40 350  4.0  5.0   0.4     4    MM  21     MM  16.8  16.7  14.2   MM   MM    MM
2026 09 28 20 30 350  4.0  5.0   0.4     4    MM  26     MM  16.8  16.7  14.2   MM   MM    MM
2026 09 28 20 20 340  4.0  6.0   0.4     4    MM  23     MM  16.7  16.7  14.3   MM   MM    MM
2026 09 28 20 10 340  4.0  5.0   0.4     3    MM  28     MM  16.6  16.8  14.5   MM   MM    MM
2026 09 28 20 00 340  4.0  5.0   0.4     4    MM  27     MM  16.5  16.8  14.3   MM   MM    MM
2026 09 28 19 50 340  4.0  5.0   0.4     4    MM  31     MM  16.4  16.8  14.1   MM   MM    MM
2026 09 28 19 40 340  4.0  5.0   0.4     4    MM  31     MM  16.4  16.8  14.0   MM   MM    MM
2026 09 28 19 30 340  3.0  4.0   0.4     4    MM  20     MM  16.3  16.7  14.1   MM   MM    MM
2026 09 28 19 20 340  3.0  4.0   0.4     4    MM  19     MM  16.2  16.8  14.3   MM   MM    MM
2026 09 28 19 10 330  3.0  4.0   0.4     4    MM  26     MM  16.1  16.9  14.3   MM   MM    MM
2026 09 28 19 00 330  3.0  4.0   0.4     4    MM  22     MM  16.1  16.7  14.4   MM   MM    MM
2026 09 28 18 50 330  3.0  4.0   0.4     4    MM  32     MM  16.1  17.0  14.3   MM   MM    MM
2026 09 28 18 40 330  3.0  4.0   0.4     4    MM  25     MM  16.0  16.8  14.3   MM   MM    MM
2026 09 28 18 30 330  3.0  4.0   0.4     4    MM  33     MM  15.8  17.1  14.1   MM   MM    MM
2026 09 28 18 20 330  2.0  3.0   0.4     4    MM  23     MM  15.7  16.6  13.9   MM   MM    MM
2026 09 28 18 10 330  2.0  3.0   0.4     4    MM  14     MM  15.6  16.6  13.7   MM   MM    MM
2026 09 28 18 00 350  2.0  3.0   0.4     4    MM  24     MM  15.6  16.3  13.7   MM   MM    MM
2026 09 28 17 50 350  2.0  3.0   0.3     4    MM  25     MM  15.6  16.3  13.7   MM   MM    MM
2026 09 28 17 40 350  2.0  3.0   0.4     4    MM  28     MM  15.6  16.2  13.6   MM   MM    MM
2026 09 28 17 30 340  2.0  3.0   0.4     4    MM  22     MM  15.5  16.2  13.5   MM   MM    MM
2026 09 28 17 20 340  2.0  2.0   0.4     4    MM  19     MM  15.4  16.2  13.5   MM   MM    MM
2026 09 28 17 10 340  1.0  2.0   0.4     4    MM  24     MM  15.4  16.2  13.5   MM   MM    MM
2026 09 28 17 00 350  1.0  2.0   0.4     4    MM  24     MM  15.5  16.2  13.5   MM   MM    MM
2026 09 28 16 50 360  1.0  2.0   0.4     4    MM  22     MM  15.5  16.3  13.5   MM   MM    MM
2026 09 28 16 40 360  1.0  2.0   0.4     4    MM  26     MM  15.4  16.3  13.5   MM   MM    MM
2026 09 28 16 30  10  1.0  3.0   0.4     4    MM  28     MM  15.4  16.3  13.4   MM   MM    MM
2026 09 28 16 20  20  2.0  3.0   0.4     4    MM  32     MM  15.4  16.2  13.4   MM   MM    MM
2026 09 28 16 10  20  1.0  2.0   0.4     4    MM  27     MM  15.4  16.3  13.3   MM   MM    MM
2026 09 28 16 00  20  2.0  3.0   0.4     4    MM  29     MM  15.3  16.3  13.3   MM   MM    MM
2026 09 28 15 50  30  2.0  3.0   0.4     4    MM  25     MM  15.3  16.2  13.3   MM   MM    MM
2026 09 28 15 40  30  2.0  3.0   0.3     4    MM  37     MM  15.3  16.2  13.2   MM   MM    MM
2026 09 28 15 30  30  2.0  3.0   0.4     4    MM  19     MM  15.3  16.2  13.2   MM   MM    MM
2026 09 28 15 20  30  2.0  3.0   0.4     4    MM  32     MM  15.4  16.2  13.2   MM   MM    MM
2026 09 28 15 10  20  2.0  3.0   0.4     4    MM  24     MM  15.4  16.1  13.3   MM   MM    MM
2026 09 28 15 00  30  2.0  3.0   0.4     4    MM  33     MM  15.5  16.1  13.4   MM   MM    MM
2026 09 28 14 50  20  2.0  3.0   0.4     4    MM  24     MM  15.5  16.1  13.5   MM   MM    MM
2026 09 28 14 40 360  2.0  3.0   0.4     4    MM  38     MM  15.5  16.0  13.5   MM   MM    MM
2026 09 28 14 30 360  2.0  3.0   0.4     4    MM  34     MM  15.4  16.0  13.5   MM   MM    MM
2026 09 28 14 20  10  2.0  3.0   0.4     4    MM  28     MM  15.4  16.0  13.5   MM   MM    MM
2026 09 28 14 10  20  2.0  3.0   0.4     4    MM  37     MM  15.5  16.0  13.4   MM   MM    MM
2026 09 28 14 00  20  2.0  3.0   0.4     5    MM  33     MM  15.6  16.0  13.5   MM   MM    MM
2026 09 28 13 50  20  2.0  3.0   0.4     4    MM  36     MM  15.8  15.9  13.7   MM   MM    MM
2026 09 28 13 40  30  2.0  2.0   0.3     4    MM  25     MM  15.9  15.9  13.8   MM   MM    MM
2026 09 28 13 30  30  1.0  2.0   0.4     4    MM  21     MM  15.9  15.9  13.8   MM   MM    MM
2026 09 28 13 20  30  1.0  2.0   0.4     4    MM  18     MM  15.8  15.9  13.7   MM   MM    MM
2026 09 28 13 10  40  2.0  3.0   0.4     4    MM  22     MM  15.7  15.9  13.7   MM   MM    MM
2026 09 28 13 00  50  2.0  3.0   0.4     4    MM  31     MM  15.7  15.9  13.7   MM   MM    MM
2026 09 28 12 50  50  2.0  3.0   0.4     4    MM  23     MM  15.7  15.9  13.8   MM   MM    MM
2026 09 28 12 40  50  2.0  2.0   0.4     4    MM  20     MM  15.7  15.9  13.7   MM   MM    MM
2026 09 28 12 30  70  2.0  3.0   0.4     4    MM  20     MM  15.7  15.9  13.9   MM   MM    MM
2026 09 28 12 20  50  2.0  3.0   0.4     4    MM  29     MM  15.8  16.0  14.0   MM   MM    MM
2026 09 28 12 10  40  3.0  3.0   0.4     4    MM  29     MM  15.8  15.9  13.8   MM   MM    MM
2026 09 28 12 00  40  3.0  4.0   0.4     4    MM  30     MM  15.8  15.9  13.8   MM   MM    MM
2026 09 28 11 50  40  3.0  4.0   0.4     4    MM  35     MM  15.7  15.9  13.8   MM   MM    MM
2026 09 28 11 40  40  3.0  4.0   0.4     4    MM  23     MM  15.8  15.9  14.1   MM   MM    MM
2026 09 28 11 20  30  2.0  3.0   0.4     4    MM  24     MM  16.0  15.8  15.2   MM   MM    MM
2026 09 28 11 10  20  2.0  3.0   0.4     4    MM  26     MM  16.1  15.8  15.2   MM   MM    MM
2026 09 28 11 00 360  2.0  3.0   0.4     4    MM  22     MM  16.1  15.8  15.2   MM   MM    MM
2026 09 28 10 50 360  2.0  3.0   0.4     4    MM  22     MM  16.1  15.8  15.1   MM   MM    MM
2026 09 28 10 40 350  3.0  4.0   0.4     4    MM  18     MM  16.1  15.7  15.1   MM   MM    MM
2026 09 28 10 30 340  2.0  3.0   0.4     4    MM  19     MM  16.0  15.8  15.1   MM   MM    MM
2026 09 28 10 20 340  2.0  3.0   0.4     4    MM  24     MM  15.8  15.7  15.1   MM   MM    MM
2026 09 28 10 10 320  2.0  3.0   0.4     4    MM  27     MM  15.7  15.7  15.0   MM   MM    MM
2026 09 28 10 00 310  2.0  3.0   0.4     4    MM  20     MM  15.6  15.6  15.0   MM   MM    MM
2026 09 28 09 50 300  2.0  2.0   0.4     4    MM  20     MM  15.5  15.6  15.0   MM   MM    MM
2026 09 28 09 40 290  2.0  2.0   0.4     4    MM  12     MM  15.5  15.5  15.0   MM   MM    MM
2026 09 28 09 30 290  1.0  2.0   0.4     4    MM   8     MM  15.5  15.6  15.0   MM   MM    MM
2026 09 28 09 20 290  1.0  2.0   0.4     4    MM   5     MM  15.5  15.6  14.9   MM   MM    MM
2026 09 28 09 10 300  1.0  2.0   0.4     4    MM   6     MM  15.5  15.5  14.9   MM   MM    MM
2026 09 28 09 00 300  1.0  2.0   0.3     4    MM   4     MM  15.5  15.5  14.9   MM   MM    MM
2026 09 28 08 50 290  1.0  2.0   0.4     4    MM   1     MM  15.4  15.5  14.9   MM   MM    MM
2026 09 28 08 40 270  1.0  2.0   0.3     4    MM   3     MM  15.4  15.6  14.8   MM   MM    MM
2026 09 28 08 30 260  1.0  1.0   0.3     3    MM   2     MM  15.4  15.9  14.8   MM   MM    MM
2026 09 28 08 20 280  1.0  2.0   0.3     3    MM 356     MM  15.5  16.1  14.9   MM   MM    MM
2026 09 28 08 10 290  1.0  2.0   0.3     4    MM 358     MM  15.5  16.2  14.8   MM   MM    MM
2026 09 28 08 00 290  1.0  2.0   0.4     3    MM 359     MM  15.6  16.2  14.9   MM   MM    MM
2026 09 28 07 50 300  1.0  2.0   0.3     3    MM 354     MM  15.7  16.3  14.9   MM   MM    MM
2026 09 28 07 40 310  1.0  2.0   0.4     4    MM 352     MM  15.8  16.4  14.9   MM   MM    MM
2026 09 28 07 30 310  1.0  2.0   0.4     3    MM   0     MM  15.8  16.4  14.8   MM   MM    MM
2026 09 28 07 20 310  1.0  2.0   0.4     3    MM 358     MM  15.9  16.5  14.8   MM   MM    MM
2026 09 28 07 10 340  1.0  2.0   0.4     3    MM 351     MM  16.0  16.5  14.8   MM   MM    MM
2026 09 28 07 00 360  1.0  2.0   0.3     3    MM 354     MM  16.0  16.5  14.8   MM   MM    MM
2026 09 28 06 50 360  2.0  3.0   0.4     3    MM   2     MM  16.0  16.6  14.7   MM   MM    MM
2026 09 28 06 40 360  2.0  3.0   0.4     3    MM 354     MM  16.0  16.6  14.6   MM   MM    MM
2026 09 28 06 30 360  2.0  4.0   0.4     3    MM 358     MM  16.1  16.6  14.7   MM   MM    MM
2026 09 28 06 20 360  3.0  4.0   0.4     3    MM 353     MM  16.1  16.6  14.7   MM   MM    MM
2026 09 28 06 10  10  2.0  4.0   0.4     3    MM 356     MM  16.1  16.6  14.6   MM   MM    MM
2026 09 28 06 00  10  2.0  3.0   0.4     3    MM 354     MM  16.1  16.7  14.6   MM   MM    MM
2026 09 28 05 50  30  2.0  3.0   0.4     3    MM 352     MM  16.1  16.7  14.6   MM   MM    MM
2026 09 28 05 40  40  2.0  3.0   0.3     3    MM 355     MM  16.2  16.7  14.6   MM   MM    MM
2026 09 28 05 30  40  3.0  4.0   0.4     3    MM 353     MM  16.2  16.7  14.6   MM   MM    MM
2026 09 28 05 20  40  3.0  4.0   0.3     3    MM 356     MM  16.3  16.7  14.6   MM   MM    MM
2026 09 28 05 10  40  3.0  4.0   0.3     3    MM 347     MM  16.3  16.7  14.7   MM   MM    MM
2026 09 28 05 00  30  3.0  4.0   0.3     3    MM 360     MM  16.4  16.8  14.7   MM   MM    MM
2026 09 28 04 50  30  3.0  4.0   0.3     3    MM   0     MM  16.4  16.8  14.8   MM   MM    MM
2026 09 28 04 40  40  3.0  4.0   0.3     3    MM   0     MM  16.4  16.8  14.8   MM   MM    MM
2026 09 28 04 30  40  2.0  3.0   0.3     3    MM 350     MM  16.4  16.8  14.8   MM   MM    MM
2026 09 28 04 20  30  2.0  3.0   0.3     3    MM 354     MM  16.4  16.9  14.8   MM   MM    MM
2026 09 28 04 10  30  2.0  3.0   0.3     3    MM 353     MM  16.4  16.9  14.9   MM   MM    MM
2026 09 28 04 00  20  2.0  3.0   0.3     3    MM 346     MM  16.4  16.9  14.9   MM   MM    MM
2026 09 28 03 50  20  2.0  3.0   0.3     3    MM 354     MM  16.4  16.9  14.9   MM   MM    MM
2026 09 28 03 40  20  2.0  3.0   0.3     3    MM 355     MM  16.4  16.9  14.8   MM   MM    MM
2026 09 28 03 30  20  2.0  3.0   0.3     3    MM 352     MM  16.5  16.9  14.8   MM   MM    MM
2026 09 28 03 20  10  2.0  3.0   0.3     3    MM 350     MM  16.5  16.9  14.7   MM   MM    MM
2026 09 28 03 10  10  2.0  3.0   0.3     3    MM 345     MM  16.5  17.0  14.8   MM   MM    MM
2026 09 28 03 00  10  2.0  4.0   0.3     3    MM 355     MM  16.5  17.0  14.8   MM   MM    MM
2026 09 28 02 50  20  3.0  4.0   0.3     3    MM 347     MM  16.6  17.0  14.7   MM   MM    MM
2026 09 28 02 40  20  3.0  4.0   0.3     3    MM   2     MM  16.6  17.0  14.8   MM   MM    MM
2026 09 28 02 30  20  3.0  4.0   0.3     3    MM   4     MM  16.6  17.0  14.7   MM   MM    MM
2026 09 28 02 20  20  3.0  4.0   0.3     3    MM   6     MM  16.6  17.0  14.7   MM   MM    MM
2026 09 28 02 10  20  3.0  4.0   0.3     3    MM   3     MM  16.6  17.0  14.6   MM   MM    MM
2026 09 28 02 00  20  3.0  4.0   0.3     3    MM   3     MM  16.6  17.0  14.7   MM   MM    MM
2026 09 28 01 50  10  3.0  5.0   0.3     3    MM   1     MM  16.6  17.0  14.6   MM   MM    MM
2026 09 28 01 40 360  3.0  4.0   0.3     3    MM 358     MM  16.6  17.1  14.7   MM   MM    MM
2026 09 28 01 30  10  3.0  4.0   0.3     3    MM   6     MM  16.6  17.1  14.7   MM   MM    MM
2026 09 28 01 20  10  3.0  4.0   0.3     3    MM   7     MM  16.7  17.1  14.6   MM   MM    MM
2026 09 28 01 10  10  3.0  4.0   0.3     3    MM 360     MM  16.7  17.1  14.6   MM   MM    MM
2026 09 28 01 00  10  3.0  4.0   0.3     2    MM  25     MM  16.7  17.1  14.5   MM   MM    MM
2026 09 28 00 50  20  3.0  4.0   0.2    MM    MM   9     MM  16.7  17.1  14.5   MM   MM    MM
2026 09 28 00 40  20  3.0  4.0   0.3     2    MM  26     MM  16.7  17.1  14.5   MM   MM    MM
2026 09 28 00 30  20  3.0  4.0   0.2    MM    MM  21     MM  16.7  17.1  14.5   MM   MM    MM
2026 09 28 00 20  20  3.0  5.0   0.2    MM    MM  27     MM  16.7  17.1  14.5   MM   MM    MM
2026 09 28 00 10  10  3.0  5.0   0.2    MM    MM  20     MM  16.7  17.1  14.5   MM   MM    MM
2026 09 28 00 00  10  3.0  5.0   0.2    MM    MM  14     MM  16.7  17.1  14.4   MM   MM    MM
2026 09 27 23 50  10  3.0  5.0   0.2    MM    MM  24     MM  16.7  17.1  14.4   MM   MM    MM
2026 09 27 23 40  10  3.0  4.0   0.2    MM    MM  31     MM  16.7  17.1  14.3   MM   MM    MM
2026 09 27 23 30  10  3.0  4.0   0.2    MM    MM  37     MM  16.7  17.1  14.1   MM   MM    MM
2026 09 27 23 10 360  4.0  5.0   0.2    MM    MM  41     MM  16.7  17.1  13.9   MM   MM    MM
2026 09 27 23 00 360  4.0  5.0   0.2    MM    MM  48     MM  16.7  17.1  13.9   MM   MM    MM
2026 09 27 22 50  10  3.0  5.0   0.2    MM    MM  38     MM  16.7  17.2  14.1   MM   MM    MM
2026 09 27 22 40 360  3.0  4.0   0.2    MM    MM  34     MM  16.6  17.2  14.2   MM   MM    MM
2026 09 27 22 30 360  3.0  4.0   0.2    MM    MM  35     MM  16.6  17.2  14.3   MM   MM    MM
2026 09 27 22 20 360  3.0  4.0   0.2    MM    MM 348     MM  16.6  17.2  14.3   MM   MM    MM
2026 09 27 22 10 360  3.0  4.0   0.2    MM    MM  47     MM  16.6  17.2  14.4   MM   MM    MM
2026 09 27 22 00 360  3.0  4.0   0.2    MM    MM 350     MM  16.5  17.2  14.3   MM   MM    MM
2026 09 27 21 50 360  3.0  4.0   0.2    MM    MM  52     MM  16.4  17.2  14.2   MM   MM    MM
2026 09 27 21 40 360  3.0  4.0   0.2    MM    MM  26     MM  16.3  17.2  14.1   MM   MM    MM
2026 09 27 21 30 350  3.0  4.0   0.2    MM    MM  34     MM  16.2  17.2  14.0   MM   MM    MM
2026 09 27 21 20 350  3.0  5.0   0.2    MM    MM  29     MM  16.1  17.2  13.9   MM   MM    MM
2026 09 27 21 10 350  3.0  4.0   0.2    MM    MM 203     MM  16.0  17.1  14.0   MM   MM    MM
2026 09 27 21 00 340  3.0  4.0   0.2    MM    MM 348     MM  16.0  17.1  13.9   MM   MM    MM
2026 09 27 20 50 360  3.0  4.0   0.1    MM    MM   1     MM  15.9  17.1  13.8   MM   MM    MM
2026 09 27 20 40 360  3.0  4.0   0.1    MM    MM 344     MM  15.8  17.1  13.7   MM   MM    MM
2026 09 27 20 30 360  3.0  4.0   0.1    MM    MM  13     MM  15.7  17.1  13.7   MM   MM    MM
2026 09 27 20 20 360  3.0  4.0   0.1    MM    MM 344     MM  15.7  17.0  13.6   MM   MM    MM
2026 09 27 20 10  10  3.0  4.0   0.2    MM    MM 346     MM  15.6  17.1  13.6   MM   MM    MM
2026 09 27 20 00  10  3.0  4.0   0.2    MM    MM 354     MM  15.6  17.2  13.5   MM   MM    MM
2026 09 27 19 50  10  2.0  3.0   0.2    MM    MM 341     MM  15.5  17.1  13.4   MM   MM    MM
2026 09 27 19 40  10  3.0  3.0   0.2    MM    MM  48     MM  15.4  17.0  13.3   MM   MM    MM
2026 09 27 19 30  10  2.0  3.0   0.2    MM    MM 179     MM  15.4  17.0  13.2   MM   MM    MM
2026 09 27 19 20  10  2.0  3.0   0.2    MM    MM   8     MM  15.3  17.0  13.2   MM   MM    MM
2026 09 27 19 10  20  2.0  3.0   0.2    MM    MM 357     MM  15.3  16.9  13.0   MM   MM    MM
2026 09 27 19 00  30  2.0  3.0   0.2    MM    MM  18     MM  15.2  16.9  13.0   MM   MM    MM
2026 09 27 18 50  30  2.0  3.0   0.2    MM    MM  22     MM  15.1  17.0  12.9   MM   MM    MM
2026 09 27 18 40  20  2.0  3.0   0.2    MM    MM 353     MM  15.1  16.8  12.9   MM   MM    MM
2026 09 27 18 30  10  3.0  4.0   0.2    MM    MM   7     MM  15.1  16.9  12.9   MM   MM    MM
2026 09 27 18 20  20  3.0  4.0   0.2    MM    MM 348     MM  15.0  16.8  12.8   MM   MM    MM
2026 09 27 18 10  30  3.0  4.0   0.2    MM    MM  33     MM  14.9  16.9  12.8   MM   MM    MM
2026 09 27 18 00  30  3.0  3.0   0.2    MM    MM  13     MM  14.8  16.8  12.8   MM   MM    MM
2026 09 27 17 50  20  3.0  3.0   0.2    MM    MM  10     MM  14.7  16.8  12.7   MM   MM    MM
2026 09 27 17 40  30  2.0  3.0   0.2    MM    MM 354     MM  14.6  16.7  12.6   MM   MM    MM
2026 09 27 17 30  30  2.0  3.0   0.2    MM    MM  11     MM  14.6  16.7  12.6   MM   MM    MM
2026 09 27 17 20  30  2.0  3.0   0.2    MM    MM   9     MM  14.6  16.7  12.6   MM   MM    MM
2026 09 27 17 10  30  2.0  3.0   0.2    MM    MM   4     MM  14.7  16.5  12.7   MM   MM    MM
2026 09 27 17 00  20  3.0  4.0   0.2    MM    MM 344     MM  14.7  16.7  12.9   MM   MM    MM
2026 09 27 16 50  20  3.0  4.0   0.2    MM    MM 356     MM  14.8  16.7  12.9   MM   MM    MM
2026 09 27 16 40  20  3.0  4.0   0.2    MM    MM  23     MM  14.9  16.7  12.9   MM   MM    MM
2026 09 27 16 30  10  3.0  4.0   0.2    MM    MM   9     MM  14.8  16.6  12.7   MM   MM    MM
2026 09 27 16 20 360  2.0  3.0   0.2    MM    MM 353     MM  14.7  16.6  12.5   MM   MM    MM
2026 09 27 16 10 360  2.0  3.0   0.2    MM    MM  20     MM  14.7  16.6  12.5   MM   MM    MM
2026 09 27 16 00  10  2.0  3.0   0.2    MM    MM   9     MM  14.7  16.5  12.5   MM   MM    MM
2026 09 27 15 50 350  2.0  3.0   0.2    MM    MM   1     MM  14.7  16.5  12.2   MM   MM    MM
2026 09 27 15 40  10  2.0  3.0   0.2    MM    MM  14     MM  14.6  16.5  12.2   MM   MM    MM
2026 09 27 15 30  10  2.0  3.0   0.2    MM    MM   2     MM  14.6  16.5  12.3   MM   MM    MM
2026 09 27 15 20  10  2.0  3.0   0.2    MM    MM 354     MM  14.6  16.4  12.6   MM   MM    MM
2026 09 27 15 10 350  2.0  3.0   0.2    MM    MM  13     MM  14.7  16.4  12.7   MM   MM    MM
2026 09 27 15 00 360  2.0  3.0   0.2    MM    MM  29     MM  14.8  16.4  12.8   MM   MM    MM
2026 09 27 14 50 350  2.0  3.0   0.2    MM    MM  22     MM  15.0  16.4  12.4   MM   MM    MM
2026 09 27 14 40 340  1.0  2.0   0.2    MM    MM  10     MM  15.0  16.4  12.3   MM   MM    MM
2026 09 27 14 30 350  1.0  2.0   0.2    MM    MM  28     MM  15.4  16.4  12.2   MM   MM    MM
2026 09 27 14 20  MM  0.0  1.0   0.2    MM    MM   7     MM  15.9  16.4  12.4   MM   MM    MM
2026 09 27 14 10  40  1.0  1.0   0.2    MM    MM  13     MM  15.2  16.4  12.3   MM   MM    MM
2026 09 27 14 00  60  1.0  2.0   0.2    MM    MM  17     MM  14.8  16.4  12.1   MM   MM    MM
2026 09 27 13 50  60  1.0  2.0   0.2    MM    MM  22     MM  14.6  16.4  11.9   MM   MM    MM
2026 09 27 13 40  60  1.0  2.0   0.2    MM    MM  36     MM  14.5  16.4  11.8   MM   MM    MM
2026 09 27 13 30  60  1.0  2.0   0.2    MM    MM  21     MM  14.6  16.4  11.8   MM   MM    MM
2026 09 27 13 20  70  1.0  2.0   0.2    MM    MM  21     MM  14.5  16.4  11.8   MM   MM    MM
2026 09 27 13 10  80  1.0  2.0   0.2    MM    MM  26     MM  14.5  16.4  11.9   MM   MM    MM
2026 09 27 13 00 100  1.0  2.0   0.2    MM    MM  12     MM  14.5  16.4  11.8   MM   MM    MM
2026 09 27 12 50 100  1.0  2.0   0.3     3    MM  19     MM  14.5  16.4  11.8   MM   MM    MM
2026 09 27 12 40  90  2.0  2.0   0.2    MM    MM  19     MM  14.3  16.4  11.7   MM   MM    MM
2026 09 27 12 30  90  1.0  2.0   0.3     3    MM  29     MM  14.4  16.4  11.7   MM   MM    MM
2026 09 27 12 20  90  2.0  2.0   0.2    MM    MM  17     MM  14.3  16.5  11.6   MM   MM    MM
2026 09 27 12 10  90  2.0  3.0   0.3     3    MM   4     MM  14.0  16.5  11.6   MM   MM    MM
2026 09 27 12 00  90  2.0  3.0   0.3     3    MM  12     MM  13.9  16.5  11.7   MM   MM    MM
2026 09 27 11 50  90  2.0  3.0   0.3     3    MM  16     MM  13.8  16.5  11.9   MM   MM    MM
2026 09 27 11 40  90  3.0  4.0   0.3     3    MM  15     MM  13.9  16.5  12.1   MM   MM    MM
2026 09 27 11 30  80  3.0  4.0   0.3     3    MM  16     MM  13.9  16.5  12.1   MM   MM    MM
2026 09 27 11 20  70  3.0  4.0   0.3     3    MM  32     MM  13.9  16.5  12.1   MM   MM    MM
2026 09 27 11 10  80  3.0  4.0   0.3     3    MM   7     MM  13.9  16.5  12.2   MM   MM    MM
2026 09 27 11 00  80  2.0  3.0   0.3     3    MM   1     MM  14.0  16.5  12.2   MM   MM    MM
2026 09 27 10 50  90  3.0  3.0   0.3     3    MM 351     MM  14.1  16.5  12.3   MM   MM    MM
2026 09 27 10 40  80  3.0  4.0   0.3     3    MM 345     MM  14.2  16.5  12.3   MM   MM    MM
2026 09 27 10 30  80  2.0  3.0   0.3     3    MM 353     MM  14.3  16.6  12.3   MM   MM    MM
2026 09 27 10 20  80  2.0  3.0   0.3     3    MM 349     MM  14.3  16.6  12.2   MM   MM    MM
2026 09 27 10 00  80  2.0  3.0   0.3     3    MM 354     MM  14.3  16.6  12.2   MM   MM    MM
2026 09 27 09 50  80  2.0  3.0   0.3     3    MM 355     MM  14.3  16.6  12.3   MM   MM    MM
2026 09 27 09 40  90  2.0  3.0   0.3     3    MM 350     MM  14.4  16.6  12.2   MM   MM    MM
2026 09 27 09 30  90  2.0  3.0   0.3     3    MM 339     MM  14.4  16.6  12.0   MM   MM    MM
2026 09 27 09 20  80  2.0  3.0   0.3     3    MM 331     MM  14.4  16.6  11.9   MM   MM    MM
2026 09 27 09 10  90  3.0  4.0   0.3     3    MM 329     MM  14.3  16.6  11.9   MM   MM    MM
2026 09 27 09 00  90  3.0  4.0   0.3     3    MM 341     MM  14.3  16.6  11.8   MM   MM    MM
2026 09 27 08 50  80  3.0  4.0   0.3     3    MM 334     MM  14.4  16.6  11.6   MM   MM    MM
2026 09 27 08 40  80  2.0  3.0   0.3     3    MM 337     MM  14.4  16.6  11.7   MM   MM    MM
2026 09 27 08 30  80  2.0  3.0   0.3     3    MM 346     MM  14.4  16.6  11.7   MM   MM    MM
2026 09 27 08 20  90  2.0  3.0   0.3     3    MM 348     MM  14.4  16.6  12.2   MM   MM    MM
2026 09 27 08 10 100  2.0  3.0   0.3     3    MM 342     MM  14.4  16.6  12.3   MM   MM    MM
2026 09 27 08 00 100  2.0  3.0   0.3     3    MM 349     MM  14.4  16.6  12.6   MM   MM    MM
2026 09 27 07 50 100  2.0  3.0   0.3     3    MM 339     MM  14.4  16.6  12.7   MM   MM    MM
2026 09 27 07 40 100  2.0  4.0   0.3     3    MM 332     MM  14.4  16.6  12.7   MM   MM    MM
2026 09 27 07 30  90  2.0  3.0   0.3     3    MM 333     MM  14.6  16.6  12.9   MM   MM    MM
2026 09 27 07 20  80  2.0  3.0   0.3     3    MM 328     MM  14.7  16.6  13.0   MM   MM    MM
2026 09 27 07 10  70  2.0  3.0   0.3     3    MM 332     MM  14.7  16.6  12.9   MM   MM    MM
2026 09 27 07 00  60  2.0  3.0   0.3     3    MM 339     MM  14.5  16.5  12.7   MM   MM    MM
2026 09 27 06 50  80  2.0  3.0   0.3     3    MM 328     MM  14.5  16.5  12.6   MM   MM    MM
2026 09 27 06 40  90  2.0  3.0   0.3     3    MM 344     MM  14.6  16.5  12.6   MM   MM    MM
2026 09 27 06 30  80  2.0  3.0   0.3     3    MM 328     MM  14.7  16.5  12.5   MM   MM    MM
2026 09 27 06 20  70  2.0  3.0   0.3     3    MM 353     MM  14.7  16.5  12.4   MM   MM    MM
2026 09 27 06 10  80  2.0  4.0   0.3     3    MM 359     MM  14.6  16.4  12.4   MM   MM    MM
2026 09 27 06 00  80  3.0  4.0   0.3     3    MM 352     MM  14.6  16.3  12.5   MM   MM    MM
2026 09 27 05 50  80  3.0  4.0   0.3     2    MM  16     MM  14.6  16.3  12.4   MM   MM    MM
2026 09 27 05 40  80  2.0  3.0   0.3     3    MM   2     MM  14.5  16.3  12.4   MM   MM    MM
2026 09 27 05 30  90  3.0  3.0   0.3     3    MM 360     MM  14.5  16.2  12.4   MM   MM    MM
2026 09 27 05 20  90  2.0  4.0   0.3     3    MM   6     MM  14.6  16.2  12.4   MM   MM    MM
2026 09 27 05 10  80  2.0  4.0   0.3     3    MM 359     MM  14.7  16.2  12.4   MM   MM    MM
2026 09 27 05 00  90  2.0  3.0   0.3     3    MM  13     MM  14.8  16.2  12.4   MM   MM    MM
2026 09 27 04 50  90  2.0  3.0   0.4     3    MM  15     MM  14.9  16.2  12.5   MM   MM    MM
2026 09 27 04 40  90  3.0  5.0   0.4     3    MM  39     MM  15.0  16.2  12.7   MM   MM    MM
2026 09 27 04 30  70  4.0  5.0   0.4     3    MM  43     MM  15.1  16.2  12.8   MM   MM    MM
2026 09 27 04 20  60  4.0  6.0   0.4     3    MM  54     MM  15.1  16.2  12.6   MM   MM    MM
2026 09 27 04 10  60  5.0  7.0   0.4     3    MM  62     MM  15.0  16.2  12.6   MM   MM    MM
2026 09 27 04 00  60  5.0  7.0   0.4     3    MM  52     MM  15.0  16.2  12.6   MM   MM    MM
2026 09 27 03 50  60  6.0  7.0   0.4     3    MM  54     MM  14.8  16.2  12.6   MM   MM    MM
2026 09 27 03 40  50  6.0  8.0   0.5     3    MM  67     MM  14.7  16.2  12.6   MM   MM    MM
2026 09 27 03 30  50  7.0  9.0   0.5     3    MM  67     MM  14.8  16.2  12.6   MM   MM    MM
2026 09 27 03 20  50  7.0 10.0   0.4     3    MM  67     MM  15.0  16.3  12.6   MM   MM    MM
2026 09 27 03 10  50  7.0  8.0   0.5     3    MM  69     MM  15.1  16.3  12.5   MM   MM    MM
2026 09 27 03 00  50  7.0  9.0   0.5     3    MM  64     MM  15.3  16.3  12.4   MM   MM    MM
2026 09 27 02 50  50  7.0  9.0   0.4     2    MM  67     MM  15.4  16.3  12.3   MM   MM    MM
2026 09 27 02 40  60  7.0  9.0   0.4     2    MM  58     MM  15.5  16.3  12.5   MM   MM    MM
2026 09 27 02 30  50  7.0  8.0   0.4     2    MM  60     MM  15.6  16.3  12.6   MM   MM    MM
2026 09 27 02 20  50  6.0  8.0   0.4     3    MM  67     MM  15.7  16.3  12.7   MM   MM    MM
2026 09 27 02 10  60  6.0  8.0   0.4     2    MM  61     MM  15.6  16.3  12.8   MM   MM    MM
2026 09 27 02 00  60  6.0  8.0   0.3     2    MM  56     MM  15.6  16.3  12.9   MM   MM    MM
2026 09 27 01 50  60  6.0  8.0   0.3     2    MM  65     MM  15.6  16.3  13.0   MM   MM    MM
2026 09 27 01 40  50  6.0  8.0   0.3     2    MM  57     MM  15.4  16.3  12.9   MM   MM    MM
2026 09 27 01 30  50  5.0  7.0   0.3     2    MM  60     MM  15.3  16.3  12.9   MM   MM    MM
2026 09 27 01 20  60  5.0  6.0   0.3     2    MM  61     MM  15.1  16.3  12.9   MM   MM    MM
2026 09 27 01 10  50  5.0  7.0   0.3     2    MM  73     MM  15.0  16.4  12.9   MM   MM    MM
2026 09 27 01 00  50  5.0  6.0   0.3     2    MM  72     MM  15.1  16.4  12.8   MM   MM    MM
2026 09 27 00 50  50  5.0  6.0   0.3     2    MM  59     MM  15.1  16.4  12.8   MM   MM    MM
2026 09 27 00 40  50  5.0  7.0   0.3     2    MM  57     MM  15.1  16.4  12.8   MM   MM    MM
2026 09 27 00 30  50  5.0  7.0   0.3     2    MM  69     MM  15.2  16.4  12.8   MM   MM    MM
2026 09 27 00 20  50  5.0  7.0   0.3     2    MM  59     MM  15.2  16.4  12.7   MM   MM    MM
2026 09 27 00 10  50  5.0  6.0   0.3     2    MM  63     MM  15.2  16.4  12.7   MM   MM    MM
2026 09 27 00 00  50  4.0  6.0   0.3     2    MM  75     MM  15.1  16.4  12.7   MM   MM    MM
2026 09 26 23 50  50  4.0  6.0   0.3     2    MM  59     MM  15.0  16.4  12.5   MM   MM    MM
2026 09 26 23 40  50  4.0  5.0   0.3     2    MM  65     MM  15.0  16.4  12.5   MM   MM    MM
2026 09 26 23 30  50  4.0  5.0   0.3     3    MM  51     MM  15.0  16.4  12.4   MM   MM    MM
2026 09 26 23 10  50  4.0  6.0   0.3     2    MM  57     MM  14.9  16.4  12.3   MM   MM    MM
2026 09 26 23 00  50  4.0  5.0   0.3     2    MM  61     MM  14.9  16.3  12.3   MM   MM    MM
2026 09 26 22 50  50  4.0  6.0   0.3     2    MM  50     MM  14.9  16.4  12.2   MM   MM    MM
2026 09 26 22 40  40  4.0  6.0   0.3     2    MM  56     MM  14.9  16.4  11.9   MM   MM    MM
2026 09 26 22 30  40  4.0  6.0   0.3     2    MM  46     MM  14.8  16.4  11.9   MM   MM    MM
2026 09 26 22 20  50  4.0  5.0   0.3     2    MM  62     MM  14.9  16.4  11.9   MM   MM    MM
2026 09 26 22 10  50  4.0  6.0   0.3     2    MM  55     MM  14.9  16.4  11.7   MM   MM    MM
2026 09 26 22 00  50  5.0  6.0   0.3     2    MM  56     MM  14.9  16.4  12.1   MM   MM    MM
2026 09 26 21 50  50  4.0  6.0   0.3     2    MM  43     MM  15.0  16.4  12.4   MM   MM    MM
2026 09 26 21 40  40  4.0  5.0   0.3     3    MM  52     MM  15.4  16.4  12.3   MM   MM    MM
2026 09 26 21 30  30  4.0  5.0   0.3     2    MM  52     MM  15.6  16.4  11.7   MM   MM    MM
2026 09 26 21 20  20  4.0  6.0   0.3     2    MM  52     MM  15.6  16.4  11.5   MM   MM    MM
2026 09 26 21 10  20  4.0  5.0   0.3     2    MM  69     MM  15.6  16.4  11.8   MM   MM    MM
2026 09 26 21 00  20  4.0  6.0   0.3     2    MM  56     MM  15.6  16.4  11.7   MM   MM    MM
2026 09 26 20 30  10  5.0  6.0   0.4     3    MM  44     MM  15.6  16.3  11.3   MM   MM    MM
2026 09 26 20 20  10  5.0  6.0   0.4     2    MM  49     MM  15.6  16.2  11.2   MM   MM    MM
2026 09 26 20 10  10  5.0  6.0   0.4     2    MM  52     MM  15.5  16.2  11.3   MM   MM    MM
2026 09 26 20 00  10  5.0  6.0   0.4     2    MM  61     MM  15.5  16.2  11.5   MM   MM    MM
2026 09 26 19 50  10  5.0  6.0   0.4     2    MM  50     MM  15.4  16.1  11.5   MM   MM    MM
2026 09 26 19 40  10  5.0  7.0   0.4     2    MM  50     MM  15.4  16.1  11.4   MM   MM    MM
2026 09 26 19 30  10  5.0  7.0   0.4     2    MM  62     MM  15.3  16.1  11.6   MM   MM    MM
2026 09 26 19 00  10  5.0  6.0   0.3     2    MM  52     MM  14.9  16.0  12.4   MM   MM    MM
2026 09 26 18 50  20  5.0  7.0   0.3     2    MM  47     MM  14.9  16.0  12.4   MM   MM    MM
2026 09 26 18 40  10  5.0  7.0   0.3     2    MM  54     MM  14.9  16.0  12.5   MM   MM    MM
2026 09 26 18 30  10  6.0  7.0   0.3     2    MM  51     MM  14.8  16.0  12.6   MM   MM    MM
2026 09 26 18 20  10  5.0  6.0   0.3     2    MM  51     MM  14.8  15.9  12.4   MM   MM    MM
2026 09 26 18 10  10  5.0  7.0   0.3    MM    MM  55     MM  14.8  16.1  12.4   MM   MM    MM
2026 09 26 18 00  10  5.0  6.0   0.2    MM    MM  19     MM  15.0  16.1  12.4   MM   MM    MM
2026 09 26 17 30  10  4.0  5.0   0.2    MM    MM  31     MM  15.1  16.0  12.0   MM   MM    MM
2026 09 26 17 20  10  4.0  5.0   0.2    MM    MM  35     MM  15.0  16.0  12.2   MM   MM    MM
2026 09 26 17 10  10  4.0  5.0   0.2    MM    MM 357     MM  15.0  16.0  12.2   MM   MM    MM
2026 09 26 17 00  10  3.0  5.0   0.2    MM    MM  11     MM  14.9  16.0  12.1   MM   MM    MM
2026 09 26 16 50  10  3.0  4.0   0.2    MM    MM 330     MM  14.9  16.0  11.8   MM   MM    MM
2026 09 26 16 40 360  3.0  4.0   0.2    MM    MM  24     MM  14.8  15.9  11.9   MM   MM    MM
2026 09 26 16 30  10  3.0  4.0   0.2    MM    MM  49     MM  14.9  16.0  11.6   MM   MM    MM
2026 09 26 16 20  10  3.0  4.0   0.2    MM    MM  49     MM  15.0  15.9  11.6   MM   MM    MM
2026 09 26 16 10  10  3.0  4.0   0.2    MM    MM  27     MM  15.1  15.8  11.4   MM   MM    MM
2026 09 26 16 00  10  3.0  4.0   0.2    MM    MM  61     MM  15.1  15.7  11.3   MM   MM    MM
2026 09 26 15 50  10  1.0  3.0   0.2    MM    MM  42     MM  15.8  15.7  11.2   MM   MM    MM
2026 09 26 15 40  MM  0.0  1.0   0.2    MM    MM  44     MM  16.3  15.7  11.1   MM   MM    MM
2026 09 26 15 30  MM  0.0  1.0   0.2    MM    MM  36     MM  16.1  15.7  11.1   MM   MM    MM
2026 09 26 15 20  30  1.0  2.0   0.2    MM    MM  21     MM  15.1  15.6  10.9   MM   MM    MM
2026 09 26 15 10  10  2.0  3.0   0.2    MM    MM  39     MM  14.6  15.7  10.9   MM   MM    MM
2026 09 26 15 00  30  1.0  2.0   0.2    MM    MM   5     MM  14.7  15.6  10.9   MM   MM    MM
2026 09 26 14 50  90  1.0  2.0   0.2    MM    MM  39     MM  14.7  15.6  10.7   MM   MM    MM
2026 09 26 14 40  80  2.0  3.0   0.2    MM    MM  16     MM  14.5  15.6  10.7   MM   MM    MM
2026 09 26 14 30 100  3.0  4.0   0.2    MM    MM  34     MM  14.3  15.6  10.6   MM   MM    MM
2026 09 26 14 20 100  3.0  4.0   0.2    MM    MM   0     MM  14.1  15.6  10.4   MM   MM    MM
2026 09 26 14 10 100  3.0  4.0   0.2    MM    MM   8     MM  13.9  15.6  10.1   MM   MM    MM
2026 09 26 14 00 100  4.0  4.0   0.2    MM    MM 357     MM  13.7  15.6   9.9   MM   MM    MM
2026 09 26 13 50 100  3.0  5.0   0.2    MM    MM  22     MM  13.7  15.6  10.0   MM   MM    MM
2026 09 26 13 40 110  3.0  4.0   0.2    MM    MM  44     MM  13.6  15.6  10.0   MM   MM    MM
2026 09 26 13 30 100  3.0  5.0   0.2    MM    MM  55     MM  13.4  15.6  10.0   MM   MM    MM
2026 09 26 13 20  90  4.0  5.0   0.2    MM    MM  75     MM  13.3  15.6  10.1   MM   MM    MM
2026 09 26 13 10 100  4.0  5.0   0.2    MM    MM  71     MM  13.0  15.6   9.9   MM   MM    MM
2026 09 26 13 00  90  3.0  5.0   0.3     2    MM  30     MM  12.9  15.6  10.0   MM   MM    MM
2026 09 26 12 50  90  4.0  5.0   0.2    MM    MM  88     MM  12.7  15.6   9.9   MM   MM    MM
2026 09 26 12 40  90  4.0  5.0   0.2    MM    MM  89     MM  12.8  15.6  10.1   MM   MM    MM
2026 09 26 12 30  90  5.0  6.0   0.3     2    MM  82     MM  12.7  15.6  10.0   MM   MM    MM
2026 09 26 12 20 100  5.0  6.0   0.3     2    MM  76     MM  12.8  15.5  10.1   MM   MM    MM
2026 09 26 12 10  90  5.0  6.0   0.3     2    MM  84     MM  12.8  15.5  10.0   MM   MM    MM
2026 09 26 12 00  90  5.0  6.0   0.2    MM    MM  76     MM  12.8  15.5  10.1   MM   MM    MM
2026 09 26 11 50  90  4.0  5.0   0.2    MM    MM  32     MM  13.0  15.5  10.2   MM   MM    MM
2026 09 26 11 40  90  4.0  6.0   0.2    MM    MM  36     MM  13.2  15.5  10.2   MM   MM    MM
2026 09 26 11 30  90  4.0  5.0   0.2    MM    MM  37     MM  13.3  15.5  10.3   MM   MM    MM
2026 09 26 11 20  80  4.0  5.0   0.2    MM    MM  34     MM  13.2  15.5  10.2   MM   MM    MM
2026 09 26 11 10  80  4.0  6.0   0.2    MM    MM  51     MM  13.2  15.4  10.3   MM   MM    MM
2026 09 26 11 00  90  4.0  5.0   0.2    MM    MM 347     MM  13.2  15.4  10.1   MM   MM    MM
2026 09 26 10 50 110  4.0  6.0   0.2    MM    MM 347     MM  13.4  15.4  10.0   MM   MM    MM
2026 09 26 10 40 100  4.0  5.0   0.2    MM    MM  13     MM  13.5  15.4  10.1   MM   MM    MM
2026 09 26 10 30 100  4.0  5.0   0.2    MM    MM  27     MM  13.4  15.4  10.2   MM   MM    MM
2026 09 26 10 20  90  4.0  5.0   0.2    MM    MM  13     MM  13.5  15.4  10.2   MM   MM    MM
2026 09 26 10 10  90  3.0  4.0   0.2    MM    MM 346     MM  13.5  15.4  10.4   MM   MM    MM
2026 09 26 10 00 100  3.0  4.0   0.2    MM    MM 359     MM  13.5  15.4  10.3   MM   MM    MM
2026 09 26 07 50 100  3.0  4.0   0.2    MM    MM  11     MM  14.1  15.7  11.0   MM   MM    MM
2026 09 26 07 40 100  4.0  6.0   0.2    MM    MM  24     MM  14.0  15.7  10.9   MM   MM    MM
2026 09 26 07 30 100  4.0  5.0   0.2    MM    MM  16     MM  13.9  15.8  10.8   MM   MM    MM
2026 09 26 07 20  90  4.0  5.0   0.2    MM    MM  20     MM  14.0  15.8  10.9   MM   MM    MM
2026 09 26 07 10  90  4.0  5.0   0.2    MM    MM  18     MM  14.1  15.8  11.1   MM   MM    MM
2026 09 26 07 00  90  4.0  5.0   0.2    MM    MM  10     MM  14.2  15.8  11.2   MM   MM    MM
2026 09 26 06 50  90  4.0  5.0   0.2    MM    MM  24     MM  14.3  15.8  11.1   MM   MM    MM
2026 09 26 06 40 100  4.0  5.0   0.2    MM    MM  14     MM  14.4  15.8  11.2   MM   MM    MM
2026 09 26 06 30  90  4.0  5.0   0.2    MM    MM  15     MM  14.4  15.9  11.5   MM   MM    MM
2026 09 26 06 20 100  4.0  6.0   0.2    MM    MM  12     MM  14.6  15.9  11.6   MM   MM    MM
2026 09 26 06 10  90  4.0  6.0   0.3     2    MM  23     MM  14.8  15.9  11.8   MM   MM    MM
2026 09 26 06 00  80  5.0  6.0   0.3     2    MM   6     MM  15.0  15.9  11.9   MM   MM    MM
2026 09 26 05 50  80  4.0  6.0   0.2    MM    MM  13     MM  15.0  15.9  12.0   MM   MM    MM
2026 09 26 05 40  70  3.0  4.0   0.2    MM    MM   0     MM  14.8  15.9  12.6   MM   MM    MM
2026 09 26 05 30  70  3.0  4.0   0.3     2    MM   3     MM  14.7  15.9  12.7   MM   MM    MM
2026 09 26 05 20  60  4.0  5.0   0.2    MM    MM   9     MM  14.8  15.9  12.6   MM   MM    MM
2026 09 26 05 10  70  4.0  5.0   0.3     2    MM   4     MM  14.7  16.0  12.7   MM   MM    MM
2026 09 26 05 00  60  4.0  5.0   0.3     2    MM  12     MM  14.5  16.0  12.7   MM   MM    MM
2026 09 26 04 50  60  4.0  5.0   0.3     2    MM  11     MM  14.5  16.0  12.7   MM   MM    MM
2026 09 26 04 40  60  4.0  5.0   0.3     2    MM  11     MM  14.5  16.0  12.7   MM   MM    MM
2026 09 26 04 30  60  4.0  5.0   0.3     2    MM  21     MM  14.4  15.9  12.5   MM   MM    MM
2026 09 26 04 20  60  4.0  6.0   0.3     2    MM  13     MM  14.3  15.9  12.3   MM   MM    MM
2026 09 26 04 10  60  4.0  6.0   0.3     2    MM  38     MM  14.2  15.9  12.1   MM   MM    MM
2026 09 26 04 00  60  4.0  6.0   0.3     2    MM  53     MM  14.2  15.9  12.0   MM   MM    MM
2026 09 26 03 50  50  5.0  6.0   0.3     2    MM  49     MM  14.2  15.9  12.1   MM   MM    MM
2026 09 26 03 40  50  5.0  6.0   0.3    MM    MM  56     MM  14.2  15.9  12.1   MM   MM    MM
2026 09 26 03 30  50  5.0  6.0   0.3    MM    MM  41     MM  14.3  15.8  12.2   MM   MM    MM
2026 09 26 03 20  40  5.0  6.0   0.3    MM    MM  46     MM  14.3  15.8  12.1   MM   MM    MM
2026 09 26 03 10  40  5.0  6.0   0.2    MM    MM  54     MM  14.4  15.8  12.0   MM   MM    MM
2026 09 26 03 00  40  4.0  6.0   0.2    MM    MM  57     MM  14.3  15.8  11.9   MM   MM    MM
2026 09 26 02 50  50  4.0  5.0   0.2    MM    MM  74     MM  14.3  15.8  11.6   MM   MM    MM
2026 09 26 02 40  50  4.0  6.0   0.2    MM    MM  75     MM  14.3  15.8  11.5   MM   MM    MM
2026 09 26 02 30  50  4.0  5.0   0.2    MM    MM  70     MM  14.2  15.8  11.2   MM   MM    MM
2026 09 26 02 20  40  4.0  6.0   0.2    MM    MM  61     MM  14.1  15.8  11.1   MM   MM    MM
2026 09 26 02 10  40  4.0  5.0   0.2    MM    MM  63     MM  14.1  15.8  11.1   MM   MM    MM
2026 09 26 02 00  40  4.0  5.0   0.2    MM    MM  74     MM  14.2  15.9  10.9   MM   MM    MM
2026 09 26 01 50  40  4.0  5.0   0.2    MM    MM  84     MM  14.2  15.9  10.8   MM   MM    MM
2026 09 26 01 40  50  4.0  5.0   0.2    MM    MM  94     MM  14.2  15.8  10.7   MM   MM    MM
2026 09 26 01 30  40  3.0  4.0   0.2    MM    MM  80     MM  14.3  15.8  10.6   MM   MM    MM
2026 09 26 01 20  50  3.0  4.0   0.2    MM    MM  88     MM  14.4  15.7  10.6   MM   MM    MM
2026 09 26 01 10  40  3.0  4.0   0.2    MM    MM   2     MM  14.3  15.5  10.5   MM   MM    MM
2026 09 26 01 00  40  3.0  4.0   0.2    MM    MM  80     MM  14.2  15.3  10.4   MM   MM    MM
2026 09 26 00 50  40  3.0  4.0   0.2    MM    MM  65     MM  14.2  15.3  10.6   MM   MM    MM
2026 09 26 00 40  50  3.0  4.0   0.2    MM    MM  90     MM  14.2  15.3  10.5   MM   MM    MM
2026 09 26 00 30  60  3.0  4.0   0.2    MM    MM  92     MM  14.3  15.2  10.5   MM   MM    MM
2026 09 26 00 20  60  3.0  4.0   0.2    MM    MM  96     MM  14.3  15.2  10.4   MM   MM    MM
2026 09 26 00 10  50  3.0  4.0   0.2    MM    MM  79     MM  14.3  15.2  10.5   MM   MM    MM
2026 09 26 00 00  50  4.0  4.0   0.2    MM    MM  65     MM  14.3  15.2  10.3   MM   MM    MM
2026 09 25 23 50  50  4.0  5.0   0.2    MM    MM  89     MM  14.3  15.2  10.3   MM   MM    MM
2026 09 25 23 40  50  4.0  4.0   0.2    MM    MM  82     MM  14.4  15.2  10.2   MM   MM    MM
2026 09 25 23 30  50  3.0  4.0   0.2    MM    MM  78     MM  14.3  15.2  10.6   MM   MM    MM
2026 09 25 23 10  50  3.0  5.0   0.2    MM    MM  89     MM  14.1  15.3  10.9   MM   MM    MM
2026 09 25 23 00  60  3.0  4.0   0.2    MM    MM  81     MM  14.1  15.3  11.1   MM   MM    MM
2026 09 25 22 50  60  3.0  4.0   0.2    MM    MM  81     MM  14.0  15.3  11.3   MM   MM    MM
2026 09 25 22 40  60  3.0  4.0   0.2    MM    MM  77     MM  14.0  15.3  11.4   MM   MM    MM
2026 09 25 22 30  60  2.0  3.0   0.2    MM    MM  72     MM  14.0  15.3  11.6   MM   MM    MM
2026 09 25 22 20  60  3.0  4.0   0.2    MM    MM  81     MM  13.9  15.3  11.6   MM   MM    MM
2026 09 25 22 10  60  3.0  4.0   0.2    MM    MM  64     MM  13.8  15.2  11.7   MM   MM    MM
2026 09 25 22 00  50  3.0  4.0   0.2    MM    MM  68     MM  13.8  15.2  11.8   MM   MM    MM
2026 09 25 21 50  50  4.0  4.0   0.2    MM    MM  60     MM  13.7  15.2  11.7   MM   MM    MM
2026 09 25 21 40  50  4.0  5.0   0.2    MM    MM  52     MM  13.6  15.2  11.7   MM   MM    MM
2026 09 25 21 30  60  4.0  5.0   0.2    MM    MM  67     MM  13.6  15.2  11.7   MM   MM    MM
2026 09 25 21 20  50  4.0  5.0   0.2    MM    MM  55     MM  13.6  15.2  11.7   MM   MM    MM
2026 09 25 21 10  50  4.0  5.0   0.2    MM    MM  39     MM  13.7  15.2  11.9   MM   MM    MM
2026 09 25 21 00  30  4.0  5.0   0.2    MM    MM  48     MM  13.9  15.2  11.9   MM   MM    MM
2026 09 25 20 50  20  4.0  6.0   0.2    MM    MM  56     MM  13.9  15.2  11.9   MM   MM    MM
2026 09 25 20 40  20  4.0  5.0   0.2    MM    MM  55     MM  13.8  15.2  11.9   MM   MM    MM
2026 09 25 20 30  20  4.0  5.0   0.2    MM    MM  44     MM  13.9  15.2  12.0   MM   MM    MM
2026 09 25 20 20  20  4.0  5.0   0.2    MM    MM  44     MM  13.9  15.2  12.0   MM   MM    MM
2026 09 25 20 10  20  4.0  5.0   0.2    MM    MM  47     MM  13.8  15.2  11.8   MM   MM    MM
2026 09 25 20 00  20  4.0  5.0   0.2    MM    MM  48     MM  13.7  15.2  11.8   MM   MM    MM
2026 09 25 19 50  20  5.0  6.0   0.2    MM    MM  48     MM  13.7  15.2  11.8   MM   MM    MM
2026 09 25 19 40  30  5.0  6.0   0.2    MM    MM  50     MM  13.7  15.2  11.8   MM   MM    MM
2026 09 25 19 30  40  4.0  5.0   0.2    MM    MM  47     MM  13.7  15.2  11.8   MM   MM    MM
2026 09 25 19 20  50  4.0  5.0   0.2    MM    MM 358     MM  13.6  15.2  11.7   MM   MM    MM
2026 09 25 19 10  50  3.0  5.0   0.2    MM    MM  59     MM  13.5  15.1  11.7   MM   MM    MM
2026 09 25 19 00  50  3.0  4.0   0.2    MM    MM  58     MM  13.5  15.1  11.6   MM   MM    MM
2026 09 25 18 50  40  3.0  4.0   0.2    MM    MM 356     MM  13.6  15.1  11.5   MM   MM    MM
2026 09 25 18 40  40  4.0  5.0   0.2    MM    MM  54     MM  13.5  15.0  11.6   MM   MM    MM
2026 09 25 18 30  40  4.0  5.0   0.2    MM    MM  46     MM  13.4  15.0  11.6   MM   MM    MM
2026 09 25 18 20  30  4.0  5.0   0.2    MM    MM  53     MM  13.3  14.9  11.7   MM   MM    MM
2026 09 25 18 10  40  4.0  5.0   0.2    MM    MM  57     MM  13.3  14.8  11.7   MM   MM    MM
2026 09 25 18 00  40  4.0  6.0   0.2    MM    MM  54     MM  13.4  14.8  11.7   MM   MM    MM
2026 09 25 17 50  40  5.0  6.0   0.2    MM    MM  12     MM  13.3  14.7  11.7   MM   MM    MM
2026 09 25 17 40  40  4.0  6.0   0.2    MM    MM   9     MM  13.3  14.7  11.6   MM   MM    MM
2026 09 25 17 30  50  4.0  5.0   0.2    MM    MM  55     MM  13.3  14.7  11.5   MM   MM    MM
2026 09 25 17 20  50  4.0  4.0   0.2    MM    MM  37     MM  13.2  14.6  11.4   MM   MM    MM
2026 09 25 17 10  50  3.0  4.0   0.2    MM    MM  24     MM  13.1  14.6  11.4   MM   MM    MM
2026 09 25 17 00  50  3.0  4.0   0.2    MM    MM  16     MM  13.0  14.6  11.2   MM   MM    MM
2026 09 25 16 50  40  3.0  4.0   0.2    MM    MM 358     MM  13.0  14.5  11.2   MM   MM    MM
2026 09 25 16 40  30  3.0  4.0   0.2    MM    MM  51     MM  12.9  14.5  11.2   MM   MM    MM
2026 09 25 16 30  30  3.0  4.0   0.2    MM    MM  53     MM  12.9  14.4  11.2   MM   MM    MM
2026 09 25 16 20  40  3.0  4.0   0.2    MM    MM 355     MM  12.8  14.3  11.1   MM   MM    MM
2026 09 25 16 10  30  3.0  4.0   0.2    MM    MM 352     MM  12.8  14.3  11.2   MM   MM    MM
2026 09 25 16 00  40  3.0  4.0   0.1    MM    MM 353     MM  12.7  14.3  11.2   MM   MM    MM
2026 09 25 15 50  40  3.0  3.0   0.2    MM    MM 338     MM  12.7  14.2  11.2   MM   MM    MM
2026 09 25 15 40  40  3.0  3.0   0.2    MM    MM 357     MM  12.8  14.1  11.2   MM   MM    MM
2026 09 25 15 30  40  2.0  3.0   0.2    MM    MM 351     MM  13.0  14.0  11.0   MM   MM    MM
2026 09 25 15 20  40  2.0  3.0   0.2    MM    MM 354     MM  12.9  14.0  11.0   MM   MM    MM
2026 09 25 15 10  30  2.0  3.0   0.2    MM    MM  42     MM  13.0  13.9  11.2   MM   MM    MM
2026 09 25 15 00  30  2.0  3.0   0.2    MM    MM 355     MM  13.2  13.9  11.1   MM   MM    MM
2026 09 25 14 50  60  1.0  2.0   0.2    MM    MM  57     MM  13.6  13.9  10.8   MM   MM    MM
2026 09 25 14 40  80  2.0  3.0   0.2    MM    MM   1     MM  13.5  14.0  10.8   MM   MM    MM
2026 09 25 14 30  80  2.0  3.0   0.2    MM    MM  59     MM  13.4  14.0  10.8   MM   MM    MM
2026 09 25 14 20  80  2.0  3.0   0.2    MM    MM  47     MM  13.3  14.0  10.7   MM   MM    MM
2026 09 25 14 10  90  2.0  3.0   0.2    MM    MM 343     MM  13.3  14.0  10.6   MM   MM    MM
2026 09 25 14 00 110  2.0  3.0   0.2    MM    MM  70     MM  13.2  14.1  10.6   MM   MM    MM
2026 09 25 13 50 100  2.0  3.0   0.2    MM    MM 350     MM  13.2  14.1  10.6   MM   MM    MM
2026 09 25 13 40 100  3.0  4.0   0.2    MM    MM  83     MM  13.1  14.0  10.7   MM   MM    MM
2026 09 25 13 30  90  3.0  4.0   0.2    MM    MM 350     MM  13.1  14.0  10.7   MM   MM    MM
2026 09 25 13 20  90  3.0  5.0   0.2    MM    MM  81     MM  13.0  14.0  10.8   MM   MM    MM
2026 09 25 13 10  80  3.0  5.0   0.2    MM    MM  76     MM  12.9  14.0  10.8   MM   MM    MM
2026 09 25 13 00  70  3.0  5.0   0.2    MM    MM  81     MM  12.8  13.9  10.7   MM   MM    MM
2026 09 25 12 50  60  4.0  5.0   0.2    MM    MM  75     MM  12.8  13.9  10.7   MM   MM    MM
2026 09 25 12 40  60  3.0  5.0   0.2    MM    MM  80     MM  12.8  13.9  10.7   MM   MM    MM
2026 09 25 12 30  60  4.0  5.0   0.2    MM    MM  87     MM  12.8  14.0  10.8   MM   MM    MM
2026 09 25 12 20  60  4.0  5.0   0.2    MM    MM  87     MM  12.9  14.0  10.8   MM   MM    MM
2026 09 25 12 10  70  4.0  5.0   0.2    MM    MM  93     MM  13.0  14.0  10.8   MM   MM    MM
2026 09 25 12 00  80  4.0  5.0   0.2    MM    MM  86     MM  13.0  14.0  10.9   MM   MM    MM
2026 09 25 11 50  70  4.0  5.0   0.2    MM    MM  88     MM  12.9  14.0  10.9   MM   MM    MM
2026 09 25 11 40  70  4.0  6.0   0.2    MM    MM  90     MM  12.7  14.0  10.8   MM   MM    MM
2026 09 25 11 30  60  4.0  5.0   0.2    MM    MM  86     MM  12.7  14.0  10.8   MM   MM    MM
2026 09 25 11 20  60  4.0  5.0   0.2    MM    MM  83     MM  12.8  14.0  10.9   MM   MM    MM
2026 09 25 11 10  70  4.0  5.0   0.2    MM    MM  91     MM  12.9  13.9  10.8   MM   MM    MM
2026 09 25 11 00  70  4.0  5.0   0.2    MM    MM   1     MM  12.8  13.9  10.7   MM   MM    MM
2026 09 25 10 50  60  4.0  5.0   0.2    MM    MM  95     MM  12.8  13.9  10.9   MM   MM    MM
2026 09 25 10 40  60  4.0  5.0   0.2    MM    MM 357     MM  12.7  13.8  11.0   MM   MM    MM
2026 09 25 10 30  60  4.0  5.0   0.2    MM    MM   5     MM  12.8  13.8  11.2   MM   MM    MM
2026 09 25 10 20  60  4.0  5.0   0.2    MM    MM 360     MM  12.8  13.8  11.2   MM   MM    MM
2026 09 25 10 10  60  4.0  4.0   0.2    MM    MM   1     MM  12.7  13.8  11.1   MM   MM    MM
2026 09 25 10 00  60  4.0  5.0   0.2    MM    MM 360     MM  12.7  13.7  11.0   MM   MM    MM
2026 09 25 09 50  60  4.0  5.0   0.2    MM    MM   1     MM  12.7  13.7  11.3   MM   MM    MM
2026 09 25 09 40  60  3.0  4.0   0.2    MM    MM 349     MM  13.3  13.7  11.7   MM   MM    MM
2026 09 25 09 30  80  2.0  3.0   0.2    MM    MM 358     MM  13.6  13.7  11.6   MM   MM    MM
2026 09 25 09 20  90  2.0  3.0   0.2    MM    MM 357     MM  13.5  13.7  11.7   MM   MM    MM
2026 09 25 09 10  90  2.0  2.0   0.2    MM    MM 344     MM  13.6  13.6  11.6   MM   MM    MM
2026 09 25 09 00  90  2.0  2.0   0.2    MM    MM 343     MM  13.6  13.6  11.5   MM   MM    MM
2026 09 25 08 50 100  2.0  2.0   0.2    MM    MM 334     MM  13.5  13.6  11.5   MM   MM    MM
2026 09 25 08 40 100  2.0  3.0   0.2    MM    MM 331     MM  13.5  13.6  11.5   MM   MM    MM
2026 09 25 08 30 100  2.0  3.0   0.2    MM    MM 344     MM  13.6  13.6  11.5   MM   MM    MM
2026 09 25 08 20 100  2.0  3.0   0.2    MM    MM 331     MM  13.6  13.6  11.5   MM   MM    MM
2026 09 25 08 10 100  3.0  4.0   0.2    MM    MM 330     MM  13.7  13.5  11.5   MM   MM    MM
2026 09 25 08 00 100  3.0  4.0   0.2    MM    MM 305     MM  13.7  13.5  11.5   MM   MM    MM
2026 09 25 07 50 100  3.0  4.0   0.2    MM    MM 327     MM  13.7  13.5  11.6   MM   MM    MM
2026 09 25 07 40  90  3.0  3.0   0.2    MM    MM   7     MM  13.6  13.5  11.6   MM   MM    MM
2026 09 25 07 30  80  2.0  3.0   0.2    MM    MM   9     MM  13.4  13.5  11.6   MM   MM    MM
2026 09 25 07 20  80  2.0  3.0   0.2    MM    MM   0     MM  13.4  13.5  11.6   MM   MM    MM
2026 09 25 07 10  70  2.0  3.0   0.2    MM    MM  15     MM  13.5  13.5  11.8   MM   MM    MM
2026 09 25 07 00  90  2.0  3.0   0.3     5    MM 348     MM  14.0  13.5  11.7   MM   MM    MM
2026 09 25 06 50 100  3.0  4.0   0.3     5    MM 332     MM  14.1  13.5  11.6   MM   MM    MM
2026 09 25 06 40 110  3.0  4.0   0.3     5    MM 332     MM  14.1  13.5  11.7   MM   MM    MM
2026 09 25 06 30 110  3.0  4.0   0.3     4    MM 341     MM  14.1  13.5  11.7   MM   MM    MM
2026 09 25 06 20 110  3.0  4.0   0.3     5    MM 340     MM  14.2  13.5  11.8   MM   MM    MM
2026 09 25 06 10 110  3.0  4.0   0.3     5    MM   2     MM  14.2  13.5  11.8   MM   MM    MM
2026 09 25 06 00 100  3.0  4.0   0.3     5    MM   4     MM  14.3  13.4  11.9   MM   MM    MM
2026 09 25 05 50 100  3.0  4.0   0.2    MM    MM  12     MM  14.3  13.4  12.0   MM   MM    MM
2026 09 25 05 40 100  3.0  3.0   0.3     5    MM   4     MM  14.4  13.4  12.1   MM   MM    MM
2026 09 25 05 30 100  2.0  3.0   0.3     5    MM   3     MM  14.2  13.4  12.3   MM   MM    MM
2026 09 25 05 20 100  3.0  3.0   0.3     5    MM  10     MM  14.2  13.4  12.6   MM   MM    MM
2026 09 25 05 10  90  3.0  4.0   0.3     5    MM   7     MM  14.0  13.4  12.7   MM   MM    MM
2026 09 25 05 00  80  2.0  3.0   0.3     5    MM   6     MM  13.5  13.3  12.7   MM   MM    MM
2026 09 25 04 50  80  3.0  3.0   0.3     5    MM   8     MM  13.3  13.4  12.4   MM   MM    MM
2026 09 25 04 40  70  3.0  4.0   0.3     5    MM   5     MM  13.4  13.3  12.4   MM   MM    MM
2026 09 25 04 30  60  3.0  4.0   0.3     5    MM 355     MM  13.4  13.3  12.3   MM   MM    MM
2026 09 25 04 20  60  3.0  4.0   0.3     5    MM   7     MM  13.4  13.3  12.3   MM   MM    MM
2026 09 25 04 10  60  3.0  4.0   0.3     5    MM   6     MM  13.3  13.3  12.3   MM   MM    MM
2026 09 25 04 00  70  3.0  4.0   0.3     5    MM  14     MM  13.2  13.4  12.3   MM   MM    MM
2026 09 25 03 50  70  4.0  4.0   0.3     5    MM   2     MM  13.4  13.3  12.5   MM   MM    MM
2026 09 25 03 40  70  3.0  4.0   0.3     5    MM   6     MM  13.6  13.3  12.7   MM   MM    MM
2026 09 25 03 30  60  2.0  3.0   0.3     5    MM   8     MM  13.6  13.4  12.6   MM   MM    MM
2026 09 25 03 20  80  2.0  2.0   0.3     5    MM   1     MM  13.7  13.4  12.6   MM   MM    MM
2026 09 25 03 10  80  2.0  2.0   0.3     5    MM   9     MM  13.7  13.4  12.6   MM   MM    MM
2026 09 25 03 00  80  1.0  2.0   0.3     5    MM   5     MM  13.8  13.3  12.6   MM   MM    MM
2026 09 25 02 50  80  1.0  2.0   0.3     5    MM   8     MM  13.8  13.3  12.7   MM   MM    MM
2026 09 25 02 40  70  1.0  2.0   0.3     5    MM 360     MM  13.9  13.3  12.7   MM   MM    MM
2026 09 25 02 30  90  1.0  2.0   0.3     5    MM 360     MM  13.9  13.3  12.5   MM   MM    MM
2026 09 25 02 20 100  1.0  2.0   0.3     5    MM   1     MM  14.0  13.3  12.4   MM   MM    MM
2026 09 25 02 10 100  1.0  2.0   0.3     5    MM   9     MM  14.1  13.3  12.4   MM   MM    MM
2026 09 25 02 00  80  1.0  1.0   0.3     5    MM   8     MM  14.1  13.3  12.5   MM   MM    MM
2026 09 25 01 50  60  1.0  1.0   0.3     5    MM   4     MM  14.2  13.3  12.5   MM   MM    MM
2026 09 25 01 40  60  1.0  2.0   0.3     5    MM   6     MM  14.5  13.3  12.6   MM   MM    MM
2026 09 25 01 30  MM  0.0  1.0   0.3     5    MM   7     MM  14.6  13.3  12.6   MM   MM    MM
2026 09 25 01 20  MM  0.0  1.0   0.3     5    MM   3     MM  14.8  13.3  12.7   MM   MM    MM
2026 09 25 01 10  MM  0.0  1.0   0.3     5    MM   3     MM  14.8  13.3  12.6   MM   MM    MM
2026 09 25 01 00  MM  0.0  1.0   0.3     5    MM   6     MM  15.0  13.3  12.7   MM   MM    MM
2026 09 25 00 50  90  1.0  2.0   0.3     5    MM  11     MM  14.9  13.3  12.7   MM   MM    MM
2026 09 25 00 40  60  1.0  2.0   0.4     5    MM 356     MM  14.8  13.2  12.7   MM   MM    MM
2026 09 25 00 30  70  1.0  2.0   0.3     5    MM   1     MM  15.0  13.2  12.9   MM   MM    MM
2026 09 25 00 20 110  1.0  2.0   0.3     5    MM   3     MM  15.2  13.2  13.1   MM   MM    MM
2026 09 25 00 10 100  1.0  2.0   0.3     5    MM   1     MM  15.1  13.1  12.9   MM   MM    MM
2026 09 25 00 00 110  1.0  2.0   0.3     5    MM   8     MM  15.6  13.1  13.0   MM   MM    MM
2026 09 24 23 50 130  2.0  2.0   0.3     5    MM   4     MM  16.1  13.0  13.0   MM   MM    MM
2026 09 24 23 40 140  2.0  3.0   0.4     5    MM   9     MM  16.1  13.0  13.0   MM   MM    MM
2026 09 24 23 10 100  2.0  3.0   0.3     5    MM   4     MM  14.0  12.9  12.4   MM   MM    MM
2026 09 24 23 00  70  2.0  2.0   0.4     5    MM   7     MM  13.7  12.9  12.2   MM   MM    MM
2026 09 24 22 50  60  2.0  3.0   0.4     5    MM   9     MM  13.6  12.8  12.2   MM   MM    MM
2026 09 24 22 40  50  2.0  3.0   0.4     5    MM   9     MM  13.4  12.8  12.1   MM   MM    MM
2026 09 24 22 30  60  2.0  3.0   0.4     5    MM  10     MM  13.4  12.8  12.1   MM   MM    MM
2026 09 24 22 20  50  2.0  3.0   0.4     5    MM  16     MM  13.4  12.8  12.1   MM   MM    MM
2026 09 24 22 10  40  2.0  2.0   0.4     5    MM  12     MM  13.4  12.7  12.1   MM   MM    MM
2026 09 24 22 00  40  2.0  3.0   0.4     5    MM   4     MM  13.4  12.7  12.1   MM   MM    MM
2026 09 24 21 50  40  2.0  3.0   0.4     5    MM   4     MM  13.4  12.7  12.1   MM   MM    MM
2026 09 24 21 40  40  2.0  3.0   0.4     5    MM   6     MM  13.4  12.7  12.1   MM   MM    MM
2026 09 24 21 30  40  2.0  3.0   0.4     5    MM   6     MM  13.4  12.7  12.0   MM   MM    MM
2026 09 24 21 20  40  2.0  3.0   0.4     5    MM 357     MM  13.4  12.6  12.0   MM   MM    MM
2026 09 24 21 10  40  3.0  3.0   0.4     5    MM 359     MM  13.4  12.6  11.9   MM   MM    MM
2026 09 24 21 00  30  3.0  4.0   0.4     5    MM 356     MM  13.4  12.6  11.8   MM   MM    MM
2026 09 24 20 50  30  3.0  4.0   0.4     5    MM   1     MM  13.5  12.6  11.8   MM   MM    MM
2026 09 24 20 40  30  2.0  3.0   0.4     5    MM 346     MM  13.4  12.5  11.8   MM   MM    MM
2026 09 24 20 30  50  3.0  3.0   0.4     5    MM 356     MM  13.2  12.5  11.8   MM   MM    MM
2026 09 24 20 20  50  3.0  4.0   0.4     4    MM  11     MM  13.2  12.5  11.7   MM   MM    MM
2026 09 24 20 10  50  3.0  4.0   0.4     5    MM 348     MM  13.2  12.5  11.7   MM   MM    MM
2026 09 24 20 00  50  3.0  4.0   0.4     5    MM   8     MM  13.2  12.5  11.8   MM   MM    MM
2026 09 24 19 50  60  2.0  3.0   0.4     5    MM  10     MM  13.3  12.5  11.9   MM   MM    MM
2026 09 24 19 40  60  2.0  3.0   0.4     4    MM 359     MM  13.3  12.5  11.9   MM   MM    MM
2026 09 24 19 30  60  2.0  3.0   0.5     5    MM 353     MM  13.3  12.5  11.9   MM   MM    MM
2026 09 24 19 20  40  2.0  4.0   0.4     5    MM 358     MM  13.5  12.4  12.0   MM   MM    MM
2026 09 24 19 10  30  3.0  4.0   0.4     5    MM 353     MM  13.6  12.4  12.0   MM   MM    MM
2026 09 24 19 00  10  3.0  5.0   0.4     5    MM 347     MM  13.5  12.4  11.9   MM   MM    MM
2026 09 24 18 50  10  4.0  6.0   0.4     5    MM   6     MM  13.5  12.3  11.8   MM   MM    MM
2026 09 24 18 40  10  4.0  6.0   0.5     5    MM 349     MM  13.6  12.3  11.8   MM   MM    MM
2026 09 24 18 30  10  4.0  5.0   0.5     5    MM   6     MM  13.6  12.3  11.7   MM   MM    MM
2026 09 24 18 20  10  4.0  5.0   0.5     5    MM 354     MM  13.4  12.3  11.6   MM   MM    MM
2026 09 24 18 10  20  4.0  6.0   0.5     4    MM 357     MM  13.2  12.3  11.5   MM   MM    MM
2026 09 24 18 00  10  4.0  5.0   0.4     5    MM   2     MM  13.1  12.2  11.5   MM   MM    MM
2026 09 24 17 50 360  4.0  5.0   0.5     5    MM  16     MM  13.2  12.2  11.6   MM   MM    MM
2026 09 24 17 40 360  4.0  5.0   0.5     5    MM 356     MM  13.2  12.1  11.5   MM   MM    MM
2026 09 24 17 30 360  4.0  5.0   0.5     5    MM   5     MM  13.2  12.1  11.5   MM   MM    MM
2026 09 24 17 20 350  3.0  4.0   0.5     5    MM  14     MM  13.0  12.0  11.4   MM   MM    MM
2026 09 24 17 10 350  3.0  5.0   0.5     5    MM   0     MM  13.0  12.0  11.3   MM   MM    MM
2026 09 24 17 00 360  4.0  5.0   0.5     5    MM  14     MM  13.0  12.2  11.2   MM   MM    MM
2026 09 24 16 50  10  3.0  5.0   0.4     5    MM   3     MM  12.9  12.3  11.2   MM   MM    MM
2026 09 24 16 40  10  4.0  5.0   0.5     4    MM   8     MM  12.8  12.2  11.1   MM   MM    MM
2026 09 24 16 30  10  4.0  5.0   0.5     5    MM  12     MM  12.7  12.2  11.1   MM   MM    MM
2026 09 24 16 20  10  3.0  4.0   0.5     5    MM   6     MM  12.7  12.1  11.0   MM   MM    MM
2026 09 24 16 10  10  3.0  4.0   0.5     5    MM   7     MM  12.7  12.1  11.0   MM   MM    MM
2026 09 24 16 00  10  3.0  4.0   0.6     5    MM  13     MM  12.5  12.2  10.9   MM   MM    MM
2026 09 24 15 50  20  3.0  4.0   0.5     5    MM  18     MM  12.5  12.2  10.9   MM   MM    MM
2026 09 24 15 40  30  3.0  3.0   0.5     5    MM   9     MM  12.6  12.2  11.0   MM   MM    MM
2026 09 24 15 30  30  2.0  3.0   0.6     5    MM 322     MM  12.6  12.2  11.0   MM   MM    MM
2026 09 24 15 20  40  2.0  3.0   0.6     4    MM 319     MM  12.6  12.2  10.9   MM   MM    MM
2026 09 24 15 10  40  2.0  3.0   0.6     5    MM 329     MM  12.7  12.2  11.0   MM   MM    MM
2026 09 24 15 00  40  2.0  3.0   0.5     5    MM 326     MM  12.7  12.2  11.1   MM   MM    MM
2026 09 24 14 50  50  2.0  4.0   0.6     4    MM 332     MM  12.8  12.3  11.1   MM   MM    MM
2026 09 24 14 40  60  3.0  4.0   0.5     5    MM 332     MM  12.7  12.3  11.1   MM   MM    MM
2026 09 24 14 30  60  3.0  5.0   0.6     5    MM 338     MM  12.7  12.4  11.0   MM   MM    MM
2026 09 24 14 20  60  3.0  4.0   0.6     5    MM 336     MM  12.8  12.4  11.1   MM   MM    MM
2026 09 24 14 10  60  4.0  5.0   0.6     5    MM 343     MM  12.8  12.4  11.1   MM   MM    MM
2026 09 24 14 00  60  4.0  5.0   0.6     5    MM 344     MM  12.7  12.5  11.0   MM   MM    MM
2026 09 24 13 50  60  4.0  5.0   0.6     4    MM 340     MM  12.7  12.5  11.0   MM   MM    MM
2026 09 24 13 40  60  4.0  5.0   0.6     5    MM 333     MM  12.7  12.5  11.0   MM   MM    MM
2026 09 24 13 30  50  4.0  6.0   0.6     4    MM 343     MM  12.7  12.5  10.9   MM   MM    MM
2026 09 24 13 20  50  4.0  5.0   0.6     5    MM 346     MM  12.7  12.5  10.9   MM   MM    MM
2026 09 24 13 10  60  5.0  6.0   0.6     5    MM 344     MM  12.6  12.5  10.9   MM   MM    MM
2026 09 24 13 00  60  5.0  6.0   0.6     5    MM 350     MM  12.5  12.5  10.8   MM   MM    MM
2026 09 24 12 50  60  5.0  7.0   0.7     5    MM 346     MM  12.5  12.6  10.8   MM   MM    MM
2026 09 24 12 40  50  5.0  6.0   0.6     5    MM 346     MM  12.5  12.6  10.8   MM   MM    MM
2026 09 24 12 30  60  5.0  6.0   0.6     5    MM 340     MM  12.5  12.6  10.7   MM   MM    MM
2026 09 24 12 20  60  4.0  6.0   0.7     5    MM 348     MM  12.3  12.6  10.7   MM   MM    MM
2026 09 24 12 10  60  5.0  7.0   0.6     5    MM 339     MM  12.1  12.6  10.7   MM   MM    MM
2026 09 24 12 00  50  5.0  6.0   0.6     5    MM 347     MM  12.0  12.6  10.7   MM   MM    MM
2026 09 24 11 50  50  4.0  6.0   0.6     6    MM 343     MM  12.0  12.6  10.6   MM   MM    MM
2026 09 24 11 40  50  4.0  6.0   0.6     5    MM 345     MM  12.1  12.6  10.6   MM   MM    MM
2026 09 24 11 30  50  4.0  6.0   0.6     5    MM 343     MM  12.0  12.6  10.6   MM   MM    MM
2026 09 24 11 20  50  4.0  6.0   0.6     5    MM 350     MM  12.0  12.6  10.6   MM   MM    MM
2026 09 24 11 10  50  4.0  6.0   0.6     5    MM 349     MM  12.0  12.6  10.6   MM   MM    MM
2026 09 24 11 00  40  5.0  6.0   0.6     5    MM 354     MM  12.1  12.7  10.6   MM   MM    MM
2026 09 24 10 50  40  5.0  7.0   0.6     5    MM 355     MM  12.0  12.7  10.6   MM   MM    MM
2026 09 24 10 40  40  4.0  6.0   0.6     5    MM 347     MM  12.0  12.7  10.6   MM   MM    MM
2026 09 24 10 30  40  4.0  5.0   0.6     5    MM 351     MM  12.0  12.7  10.6   MM   MM    MM
2026 09 24 10 20  40  4.0  5.0   0.6     5    MM 354     MM  12.0  12.7  10.6   MM   MM    MM
2026 09 24 10 10  40  4.0  5.0   0.6     4    MM 353     MM  12.1  12.8  10.5   MM   MM    MM
2026 09 24 10 00  40  4.0  6.0   0.6     5    MM 353     MM  12.2  12.8  10.5   MM   MM    MM
2026 09 24 09 50  40  4.0  5.0   0.5     5    MM 346     MM  12.3  12.8  10.5   MM   MM    MM
2026 09 24 09 40  40  5.0  6.0   0.5     5    MM 349     MM  12.3  12.8  10.5   MM   MM    MM
2026 09 24 09 30  40  5.0  6.0   0.6     5    MM 345     MM  12.4  12.8  10.6   MM   MM    MM
2026 09 24 09 20  40  5.0  6.0   0.5     5    MM 349     MM  12.4  12.8  10.6   MM   MM    MM
2026 09 24 09 10  30  5.0  6.0   0.5     5    MM 346     MM  12.4  12.8  10.6   MM   MM    MM
2026 09 24 09 00  30  5.0  7.0   0.5     5    MM 358     MM  12.5  12.8  10.6   MM   MM    MM
2026 09 24 08 50  20  5.0  6.0   0.4     5    MM 350     MM  12.5  12.8  10.6   MM   MM    MM
2026 09 24 08 40  20  5.0  6.0   0.5     5    MM 357     MM  12.6  12.8  10.6   MM   MM    MM
2026 09 24 08 30  20  4.0  5.0   0.5     5    MM   0     MM  12.6  12.8  10.6   MM   MM    MM
2026 09 24 08 20  20  4.0  5.0   0.5     5    MM 346     MM  12.6  12.8  10.6   MM   MM    MM
2026 09 24 08 10  20  4.0  5.0   0.4     5    MM 351     MM  12.7  12.8  10.5   MM   MM    MM
2026 09 24 08 00  20  3.0  5.0   0.5     5    MM 353     MM  12.7  12.8  10.5   MM   MM    MM
2026 09 24 07 50  20  3.0  5.0   0.5     5    MM 358     MM  12.6  12.8  10.4   MM   MM    MM
2026 09 24 07 40  20  4.0  5.0   0.4     5    MM   7     MM  12.6  12.8  10.4   MM   MM    MM
2026 09 24 07 30  20  4.0  5.0   0.5     5    MM 355     MM  12.6  12.8  10.3   MM   MM    MM
2026 09 24 07 20  20  4.0  5.0   0.5     5    MM 354     MM  12.6  12.8  10.3   MM   MM    MM
2026 09 24 07 10  20  4.0  5.0   0.5     5    MM 351     MM  12.7  12.8  10.2   MM   MM    MM
2026 09 24 07 00  20  4.0  5.0   0.4     5    MM 360     MM  12.7  12.8  10.2   MM   MM    MM
2026 09 24 06 50  30  4.0  6.0   0.5     5    MM 351     MM  12.7  12.8  10.2   MM   MM    MM
2026 09 24 06 40  30  4.0  6.0   0.5     5    MM 348     MM  12.6  12.8  10.3   MM   MM    MM
2026 09 24 06 30  30  4.0  6.0   0.5     5    MM 356     MM  12.7  12.8  10.2   MM   MM    MM
2026 09 24 06 20  30  4.0  5.0   0.5     5    MM 351     MM  12.8  12.8  10.2   MM   MM    MM
2026 09 24 06 10  40  4.0  5.0   0.5     5    MM 353     MM  13.1  12.8  10.2   MM   MM    MM
2026 09 24 06 00  30  4.0  5.0   0.4     5    MM 353     MM  13.2  12.7  10.2   MM   MM    MM
2026 09 24 05 50  40  4.0  5.0   0.5     5    MM 358     MM  13.2  12.8  10.2   MM   MM    MM
2026 09 24 05 40  40  4.0  4.0   0.5     5    MM 358     MM  13.2  12.8  10.2   MM   MM    MM
2026 09 24 05 30  40  4.0  5.0   0.5     6    MM 356     MM  13.1  12.8  10.3   MM   MM    MM
2026 09 24 05 20  40  4.0  5.0   0.5     5    MM   2     MM  13.1  12.8  10.3   MM   MM    MM
2026 09 24 05 10  30  4.0  5.0   0.5     6    MM 350     MM  13.0  12.8  10.3   MM   MM    MM
2026 09 24 05 00  40  4.0  5.0   0.5     5    MM 352     MM  13.2  12.8  10.3   MM   MM    MM
2026 09 24 04 50  40  3.0  5.0   0.5     5    MM   0     MM  13.6  12.8  10.4   MM   MM    MM
2026 09 24 04 40  50  4.0  4.0   0.5     5    MM 346     MM  13.7  12.8  10.4   MM   MM    MM
2026 09 24 04 30  50  4.0  5.0   0.4     5    MM   3     MM  13.5  12.8  10.5   MM   MM    MM
2026 09 24 04 20  50  3.0  4.0   0.4     6    MM 352     MM  13.4  12.8  10.6   MM   MM    MM
2026 09 24 04 10  50  3.0  4.0   0.5     5    MM 355     MM  13.4  12.7  10.8   MM   MM    MM
2026 09 24 04 00  50  3.0  4.0   0.4     6    MM 342     MM  13.5  12.7  10.7   MM   MM    MM
2026 09 24 03 50  50  3.0  4.0   0.5     5    MM 348     MM  13.5  12.7  10.8   MM   MM    MM
2026 09 24 03 40  50  3.0  4.0   0.5     5    MM   1     MM  13.5  12.7  10.8   MM   MM    MM
2026 09 24 03 30  50  3.0  4.0   0.5     5    MM   3     MM  13.5  12.8  10.9   MM   MM    MM
2026 09 24 03 20  40  3.0  5.0   0.4     5    MM   1     MM  13.4  12.7  11.0   MM   MM    MM
2026 09 24 03 10  40  3.0  4.0   0.5     5    MM   5     MM  13.5  12.7  11.2   MM   MM    MM
2026 09 24 03 00  40  3.0  4.0   0.5     5    MM   2     MM  13.7  12.7  11.3   MM   MM    MM
2026 09 24 02 50  40  3.0  5.0   0.4     6    MM 360     MM  13.8  12.7  11.3   MM   MM    MM
2026 09 24 02 40  40  4.0  5.0   0.5     5    MM 354     MM  13.9  12.7  11.4   MM   MM    MM
2026 09 24 02 30  40  3.0  4.0   0.5     6    MM 355     MM  13.6  12.7  11.4   MM   MM    MM
2026 09 24 02 20  30  3.0  4.0   0.5     5    MM   8     MM  13.0  12.7  11.3   MM   MM    MM
2026 09 24 02 10  30  3.0  4.0   0.4     5    MM 357     MM  12.7  12.7  11.2   MM   MM    MM
2026 09 24 02 00  30  3.0  4.0   0.5     5    MM   9     MM  12.6  12.7  11.1   MM   MM    MM
2026 09 24 01 50  30  3.0  4.0   0.5     5    MM   9     MM  12.5  12.6  11.1   MM   MM    MM
2026 09 24 01 40  30  3.0  4.0   0.5     6    MM   1     MM  12.5  12.6  11.1   MM   MM    MM
2026 09 24 01 30  40  3.0  4.0   0.5     6    MM  10     MM  12.5  12.6  11.1   MM   MM    MM
2026 09 24 01 20  40  3.0  4.0   0.4     6    MM  16     MM  12.5  12.6  11.1   MM   MM    MM
2026 09 24 01 10  40  2.0  3.0   0.5     4    MM  17     MM  12.5  12.6  11.1   MM   MM    MM
2026 09 24 01 00  40  2.0  3.0   0.5     6    MM 351     MM  12.6  12.6  11.2   MM   MM    MM
2026 09 24 00 50  50  2.0  3.0   0.5     4    MM  12     MM  12.5  12.6  11.2   MM   MM    MM
2026 09 24 00 40  60  2.0  3.0   0.5     6    MM   2     MM  12.5  12.6  11.2   MM   MM    MM
2026 09 24 00 30  60  2.0  3.0   0.5     4    MM  22     MM  12.5  12.5  11.3   MM   MM    MM
2026 09 24 00 20  70  3.0  4.0   0.5     6    MM   9     MM  12.5  12.5  11.3   MM   MM    MM
2026 09 24 00 10  70  3.0  4.0   0.5     4    MM  27     MM  12.4  12.4  11.3   MM   MM    MM
2026 09 24 00 00  70  2.0  3.0   0.5     5    MM   3     MM  12.5  12.4  11.3   MM   MM    MM
2026 09 23 23 50  50  2.0  3.0   0.5     5    MM  12     MM  12.5  12.3  11.3   MM   MM    MM
2026 09 23 23 40  50  2.0  3.0   0.6     4    MM  30     MM  12.6  12.3  11.3   MM   MM    MM
2026 09 23 23 30  60  2.0  3.0   0.5     5    MM   2     MM  12.6  12.2  11.3   MM   MM    MM
2026 09 23 23 10  30  1.0  2.0   0.6     6    MM  30     MM  12.4  12.2  11.1   MM   MM    MM
2026 09 23 23 00  30  2.0  3.0   0.6     4    MM  10     MM  12.4  12.1  11.1   MM   MM    MM
2026 09 23 22 50  30  2.0  3.0   0.6     6    MM  18     MM  12.5  12.1  11.2   MM   MM    MM
2026 09 23 22 40  20  3.0  4.0   0.6     6    MM  11     MM  12.5  12.1  11.1   MM   MM    MM
2026 09 23 22 30  20  3.0  4.0   0.6     6    MM   6     MM  12.5  12.0  11.1   MM   MM    MM
2026 09 23 22 20  30  3.0  5.0   0.6     6    MM   9     MM  12.4  11.9  11.1   MM   MM    MM
2026 09 23 22 10  30  3.0  4.0   0.7     6    MM  13     MM  12.2  11.9  11.0   MM   MM    MM
2026 09 23 22 00  40  2.0  3.0   0.7     6    MM   8     MM  12.2  11.9  11.0   MM   MM    MM
2026 09 23 21 50  50  2.0  3.0   0.6     6    MM  15     MM  12.3  11.8  11.1   MM   MM    MM
2026 09 23 21 40  50  2.0  4.0   0.7     6    MM  18     MM  12.5  11.8  11.1   MM   MM    MM
2026 09 23 21 30  50  3.0  3.0   0.7     4    MM  15     MM  12.4  11.8  11.1   MM   MM    MM
2026 09 23 21 20  70  2.0  3.0   0.7     6    MM  24     MM  12.3  11.8  11.1   MM   MM    MM
2026 09 23 21 10  40  3.0  4.0   0.7     5    MM  11     MM  12.3  11.7  11.1   MM   MM    MM
2026 09 23 21 00  30  3.0  4.0   0.7     6    MM  21     MM  12.3  11.7  11.1   MM   MM    MM
2026 09 23 20 50  30  3.0  5.0   0.8     6    MM   8     MM  12.3  11.7  11.1   MM   MM    MM
2026 09 23 20 40  30  3.0  5.0   0.7     5    MM  13     MM  12.2  11.7  11.0   MM   MM    MM
2026 09 23 20 30  30  3.0  4.0   0.8     5    MM  20     MM  12.2  11.7  11.0   MM   MM    MM
2026 09 23 20 20  30  4.0  5.0   0.7     5    MM  14     MM  12.2  11.6  10.9   MM   MM    MM
2026 09 23 20 10  30  4.0  7.0   0.8     6    MM  13     MM  12.3  11.6  11.0   MM   MM    MM
2026 09 23 20 00  20  4.0  6.0   0.7     5    MM  11     MM  12.4  11.6  11.0   MM   MM    MM
2026 09 23 19 50  20  4.0  6.0   0.8     5    MM  14     MM  12.3  11.6  10.9   MM   MM    MM
2026 09 23 19 40  30  5.0  6.0   0.8     6    MM  25     MM  12.3  11.5  10.9   MM   MM    MM
2026 09 23 19 30  30  4.0  6.0   0.8     5    MM   9     MM  12.3  11.5  10.9   MM   MM    MM
2026 09 23 19 20  30  5.0  7.0   0.8     5    MM  22     MM  12.4  11.5  10.9   MM   MM    MM
2026 09 23 19 10  20  4.0  6.0   0.7     4    MM  13     MM  12.3  11.5  10.8   MM   MM    MM
2026 09 23 19 00  20  4.0  5.0   0.8     5    MM  16     MM  12.2  11.4  10.7   MM   MM    MM
2026 09 23 18 50  20  4.0  6.0   0.8     5    MM  16     MM  12.2  11.4  10.7   MM   MM    MM
2026 09 23 18 40  20  5.0  7.0   0.8     5    MM  15     MM  12.2  11.3  10.7   MM   MM    MM
2026 09 23 18 30  30  5.0  8.0   0.8     5    MM  23     MM  12.1  11.3  10.6   MM   MM    MM
2026 09 23 18 20  30  5.0  7.0   0.8     4    MM  15     MM  12.0  11.2  10.6   MM   MM    MM
2026 09 23 18 10  20  5.0  7.0   0.8     5    MM  12     MM  11.9  11.2  10.5   MM   MM    MM
2026 09 23 18 00  20  5.0  7.0   0.9     6    MM  17     MM  11.8  11.1  10.4   MM   MM    MM
2026 09 23 17 50  20  5.0  7.0   0.8     5    MM   8     MM  11.7  11.0  10.4   MM   MM    MM
2026 09 23 17 40  10  5.0  7.0   0.8     5    MM  20     MM  11.7  11.0  10.3   MM   MM    MM
2026 09 23 17 30  10  5.0  6.0   0.8     5    MM  15     MM  11.6  11.0  10.2   MM   MM    MM
2026 09 23 17 20  10  5.0  8.0   0.8     5    MM  18     MM  11.6  11.0  10.2   MM   MM    MM
2026 09 23 17 10  20  6.0  7.0   0.8     5    MM  12     MM  11.6  10.9  10.2   MM   MM    MM
2026 09 23 17 00  20  5.0  7.0   0.8     5    MM  16     MM  11.5  10.9  10.1   MM   MM    MM
2026 09 23 16 50  20  5.0  6.0   0.7     4    MM  11     MM  11.5  10.9  10.1   MM   MM    MM
2026 09 23 16 40  20  5.0  7.0   0.8     5    MM  23     MM  11.5  10.9  10.0   MM   MM    MM
2026 09 23 16 30  30  6.0  8.0   0.8     5    MM  10     MM  11.4  10.8  10.0   MM   MM    MM
2026 09 23 16 20  30  6.0  7.0   0.8     5    MM  19     MM  11.3  10.7   9.9   MM   MM    MM
2026 09 23 16 10  30  5.0  7.0   0.7     5    MM  12     MM  11.3  10.7   9.9   MM   MM    MM
2026 09 23 16 00  20  5.0  6.0   0.8     5    MM  10     MM  11.2  10.7   9.8   MM   MM    MM
2026 09 23 15 50  30  4.0  6.0   0.7     5    MM  18     MM  11.2  10.7   9.8   MM   MM    MM
2026 09 23 15 40  30  4.0  6.0   0.8     5    MM  15     MM  11.2  10.7   9.7   MM   MM    MM
2026 09 23 15 30  30  4.0  6.0   0.7     5    MM  18     MM  11.2  10.7   9.7   MM   MM    MM
2026 09 23 15 20  30  5.0  7.0   0.8     5    MM  15     MM  11.1  10.7   9.7   MM   MM    MM
2026 09 23 15 10  30  4.0  6.0   0.8     5    MM  16     MM  11.1  10.7   9.7   MM   MM    MM
2026 09 23 15 00  30  5.0  6.0   0.7     5    MM  12     MM  11.0  10.7   9.7   MM   MM    MM
2026 09 23 14 50  20  5.0  6.0   0.8     5    MM  12     MM  11.0  10.6   9.6   MM   MM    MM
2026 09 23 14 40  30  4.0  5.0   0.8     5    MM  11     MM  11.1  10.6   9.6   MM   MM    MM
2026 09 23 14 30  30  4.0  6.0   0.8     5    MM  16     MM  11.1  10.6   9.6   MM   MM    MM
2026 09 23 14 20  30  5.0  7.0   0.8     5    MM  11     MM  11.1  10.6   9.6   MM   MM    MM
2026 09 23 14 10  30  5.0  7.0   0.8     5    MM  14     MM  11.2  10.6   9.6   MM   MM    MM
2026 09 23 14 00  30  6.0  7.0   0.8     5    MM   6     MM  11.2  10.6   9.6   MM   MM    MM
2026 09 23 13 50  30  5.0  8.0   0.8     5    MM   6     MM  11.2  10.6   9.7   MM   MM    MM
2026 09 23 13 40  30  5.0  8.0   0.7     5    MM   8     MM  11.2  10.6   9.7   MM   MM    MM
2026 09 23 13 30  30  6.0  8.0   0.8     5    MM  13     MM  11.2  10.6   9.8   MM   MM    MM
2026 09 23 13 20  30  5.0  7.0   0.7     5    MM  16     MM  11.2  10.6   9.8   MM   MM    MM
2026 09 23 13 10  30  5.0  6.0   0.8     5    MM  15     MM  11.2  10.6   9.8   MM   MM    MM
2026 09 23 13 00  30  5.0  7.0   0.9     5    MM  10     MM  11.2  10.6   9.8   MM   MM    MM
2026 09 23 12 50  30  5.0  7.0   0.9     5    MM   6     MM  11.3  10.6   9.8   MM   MM    MM
2026 09 23 12 40  30  5.0  7.0   0.8     5    MM   9     MM  11.3  10.6   9.8   MM   MM    MM
2026 09 23 12 30  40  5.0  7.0   0.8     5    MM   5     MM  11.4  10.6   9.7   MM   MM    MM
2026 09 23 12 20  40  6.0  8.0   0.8     6    MM   1     MM  11.3  10.6   9.8   MM   MM    MM
2026 09 23 12 10  40  6.0  7.0   0.8     6    MM 355     MM  11.2  10.6   9.8   MM   MM    MM
2026 09 23 12 00  40  6.0  8.0   0.8     5    MM 355     MM  11.2  10.6   9.8   MM   MM    MM
2026 09 23 11 50  40  6.0  7.0   0.8     6    MM   7     MM  11.2  10.6   9.8   MM   MM    MM
2026 09 23 11 40  40  5.0  7.0   0.8     6    MM 355     MM  11.3  10.6   9.8   MM   MM    MM
2026 09 23 11 30  30  5.0  7.0   0.8     6    MM   3     MM  11.3  10.6   9.8   MM   MM    MM
2026 09 23 11 20  40  5.0  7.0   0.8     6    MM 360     MM  11.3  10.7   9.8   MM   MM    MM
2026 09 23 11 10  40  5.0  7.0   0.7     6    MM   3     MM  11.3  10.7   9.8   MM   MM    MM
2026 09 23 11 00  40  5.0  7.0   0.8     6    MM   2     MM  11.3  10.7   9.8   MM   MM    MM
2026 09 23 10 50  40  5.0  7.0   0.8     6    MM   8     MM  11.3  10.7   9.8   MM   MM    MM
2026 09 23 10 40  40  5.0  7.0   0.9     6    MM   9     MM  11.3  10.7   9.8   MM   MM    MM
2026 09 23 10 30  30  5.0  7.0   0.8     6    MM   9     MM  11.4  10.7   9.8   MM   MM    MM
2026 09 23 10 00  40  5.0  7.0   0.8     6    MM   7     MM  11.5  10.7   9.7   MM   MM    MM
2026 09 23 09 50  40  5.0  6.0   0.9     6    MM  15     MM  11.6  10.7   9.6   MM   MM    MM
2026 09 23 09 40  40  5.0  6.0   0.8     6    MM   8     MM  11.6  10.7   9.7   MM   MM    MM
2026 09 23 09 30  40  5.0  7.0   0.8     6    MM  17     MM  11.6  10.7   9.6   MM   MM    MM
2026 09 23 09 20  40  5.0  7.0   0.8     6    MM  11     MM  11.8  10.7   9.6   MM   MM    MM
2026 09 23 09 10  40  5.0  7.0   0.9     5    MM   9     MM  11.8  10.7   9.6   MM   MM    MM
2026 09 23 09 00  50  6.0  7.0   0.8     6    MM  10     MM  11.7  10.7   9.6   MM   MM    MM
2026 09 23 08 50  40  5.0  6.0   0.8     5    MM  16     MM  11.7  10.7   9.6   MM   MM    MM
2026 09 23 08 40  50  5.0  7.0   0.9     6    MM   7     MM  11.8  10.7   9.6   MM   MM    MM
2026 09 23 08 30  50  5.0  7.0   0.8     5    MM  17     MM  11.8  10.7   9.6   MM   MM    MM
2026 09 23 08 20  50  5.0  6.0   0.9     6    MM  18     MM  11.8  10.7   9.6   MM   MM    MM
2026 09 23 08 10  50  5.0  6.0   0.9     6    MM  13     MM  11.8  10.7   9.7   MM   MM    MM
2026 09 23 08 00  50  5.0  6.0   0.9     6    MM  15     MM  11.8  10.7   9.7   MM   MM    MM
2026 09 23 07 50  50  5.0  7.0   0.8     6    MM   7     MM  11.9  10.7   9.7   MM   MM    MM
2026 09 23 07 40  50  5.0  7.0   0.9     5    MM  12     MM  11.8  10.6   9.7   MM   MM    MM
2026 09 23 07 30  50  5.0  7.0   0.8     6    MM   8     MM  11.8  10.7   9.7   MM   MM    MM
2026 09 23 07 20  50  6.0  7.0   0.9     5    MM  10     MM  11.9  10.6   9.7   MM   MM    MM
2026 09 23 07 10  50  6.0  8.0   0.8     5    MM  16     MM  12.0  10.6   9.7   MM   MM    MM
2026 09 23 07 00  50  6.0  7.0   0.8     5    MM   8     MM  12.1  10.6   9.7   MM   MM    MM
2026 09 23 06 50  60  6.0  7.0   0.9     5    MM  13     MM  12.1  10.6   9.7   MM   MM    MM
2026 09 23 06 40  60  5.0  7.0   0.8     5    MM  19     MM  11.9  10.6   9.8   MM   MM    MM
2026 09 23 06 30  60  4.0  6.0   0.8     6    MM  14     MM  11.7  10.6   9.8   MM   MM    MM
2026 09 23 06 20  60  4.0  5.0   0.7     5    MM  14     MM  11.7  10.6   9.8   MM   MM    MM
2026 09 23 06 10  60  4.0  5.0   0.7     5    MM  22     MM  11.8  10.6   9.8   MM   MM    MM
2026 09 23 06 00  60  4.0  5.0   0.8     5    MM  17     MM  11.8  10.6   9.8   MM   MM    MM
2026 09 23 05 50  50  4.0  5.0   0.7     5    MM  15     MM  11.9  10.6   9.7   MM   MM    MM
2026 09 23 05 40  40  4.0  5.0   0.8     5    MM  11     MM  11.9  10.6   9.7   MM   MM    MM
2026 09 23 05 30  50  4.0  5.0   0.8     5    MM  10     MM  11.9  10.6   9.7   MM   MM    MM
2026 09 23 05 20  40  4.0  6.0   0.7     5    MM  24     MM  12.0  10.6   9.7   MM   MM    MM
2026 09 23 05 10  40  4.0  6.0   0.7     5    MM  10     MM  11.9  10.6   9.7   MM   MM    MM
2026 09 23 05 00  50  4.0  6.0   0.8     5    MM   9     MM  12.0  10.6   9.6   MM   MM    MM
2026 09 23 04 50  50  4.0  7.0   0.8     5    MM  15     MM  12.2  10.6   9.6   MM   MM    MM
2026 09 23 04 40  50  5.0  7.0   0.7     6    MM 357     MM  12.3  10.6   9.6   MM   MM    MM
2026 09 23 04 30  50  6.0  7.0   0.7     4    MM  11     MM  12.5  10.5   9.6   MM   MM    MM
2026 09 23 04 20  50  6.0  7.0   0.7     5    MM  23     MM  12.5  10.5   9.6   MM   MM    MM
2026 09 23 04 10  50  6.0  7.0   0.8     5    MM  13     MM  12.5  10.6   9.8   MM   MM    MM
2026 09 23 04 00  50  5.0  7.0   0.7     5    MM  23     MM  12.3  10.6   9.9   MM   MM    MM
2026 09 23 03 50  50  5.0  6.0   0.8     5    MM   8     MM  12.3  10.6  10.0   MM   MM    MM
2026 09 23 03 40  50  4.0  6.0   0.7     5    MM  18     MM  12.1  10.6  10.0   MM   MM    MM
2026 09 23 03 30  50  4.0  6.0   0.8     5    MM  19     MM  12.1  10.6   9.9   MM   MM    MM
2026 09 23 03 20  50  4.0  6.0   0.7     5    MM   6     MM  12.0  10.6   9.9   MM   MM    MM
2026 09 23 03 10  50  4.0  5.0   0.8     5    MM   9     MM  11.9  10.6   9.9   MM   MM    MM
2026 09 23 03 00  60  4.0  5.0   0.8     4    MM  18     MM  11.9  10.6   9.9   MM   MM    MM
2026 09 23 02 50  60  4.0  6.0   0.8     6    MM  13     MM  12.1  10.5  10.0   MM   MM    MM
2026 09 23 02 40  50  5.0  6.0   0.9     5    MM  17     MM  12.3  10.5  10.0   MM   MM    MM
2026 09 23 02 30  50  5.0  6.0   0.9     5    MM   8     MM  12.5  10.5  10.0   MM   MM    MM
2026 09 23 02 20  50  5.0  6.0   0.9     5    MM  10     MM  12.5  10.5  10.0   MM   MM    MM
2026 09 23 02 10  40  5.0  7.0   0.9     5    MM  15     MM  12.5  10.5  10.0   MM   MM    MM
2026 09 23 02 00  40  5.0  6.0   0.9     5    MM  18     MM  12.5  10.5  10.0   MM   MM    MM
2026 09 23 01 50  40  5.0  6.0   0.9     5    MM  26     MM  12.5  10.5  10.0   MM   MM    MM
2026 09 23 01 40  40  4.0  7.0   1.0     5    MM  11     MM  12.5  10.4  10.0   MM   MM    MM
2026 09 23 01 30  40  4.0  6.0   0.9     5    MM  20     MM  12.4  10.4  10.1   MM   MM    MM
2026 09 23 01 20  40  4.0  6.0   1.0     5    MM  16     MM  12.5  10.4  10.1   MM   MM    MM
2026 09 23 01 10  40  4.0  6.0   1.0     5    MM  16     MM  12.6  10.4  10.1   MM   MM    MM
2026 09 23 01 00  40  5.0  7.0   1.0     5    MM  14     MM  12.6  10.3  10.1   MM   MM    MM
2026 09 23 00 50  40  5.0  7.0   1.0     5    MM 352     MM  12.8  10.3  10.1   MM   MM    MM
2026 09 23 00 20  60  4.0  5.0   1.1     5    MM 348     MM  12.2  10.3  10.2   MM   MM    MM
2026 09 23 00 10  50  5.0  6.0   1.0     5    MM   1     MM  12.4  10.3  10.3   MM   MM    MM
2026 09 23 00 00  50  5.0  6.0   1.1     6    MM 355     MM  12.4  10.3  10.3   MM   MM    MM
2026 09 22 23 50  50  5.0  7.0   1.1     6    MM   2     MM  12.5  10.3  10.4   MM   MM    MM
2026 09 22 23 40  40  5.0  7.0   1.1     5    MM   3     MM  12.4  10.3  10.4   MM   MM    MM
2026 09 22 23 30  40  5.0  6.0   1.0     5    MM   3     MM  12.3  10.3  10.4   MM   MM    MM
2026 09 22 23 20  40  4.0  6.0   1.0     5    MM   7     MM  12.3  10.3  10.5   MM   MM    MM
2026 09 22 22 50  30  4.0  6.0   1.0     6    MM   0     MM  12.4  10.4  10.5   MM   MM    MM
2026 09 22 22 40  30  4.0  6.0   0.9     6    MM 358     MM  12.6  10.4  10.5   MM   MM    MM
2026 09 22 22 30  40  5.0  6.0   1.0     5    MM   6     MM  12.8  10.4  10.5   MM   MM    MM
2026 09 22 22 20  30  6.0  7.0   1.0     6    MM   5     MM  13.0  10.4  10.7   MM   MM    MM
2026 09 22 22 10  30  5.0  7.0   0.9     5    MM 359     MM  13.1  10.4  10.7   MM   MM    MM
2026 09 22 22 00  20  5.0  8.0   1.0     6    MM   2     MM  13.0  10.4  10.8   MM   MM    MM
2026 09 22 21 50  20  5.0  6.0   0.9     5    MM  15     MM  12.9  10.4  10.9   MM   MM    MM
2026 09 22 21 40  10  5.0  6.0   1.0     6    MM   8     MM  12.9  10.4  10.9   MM   MM    MM
2026 09 22 21 30  10  5.0  6.0   1.0     6    MM  12     MM  13.0  10.4  10.8   MM   MM    MM
2026 09 22 21 20  10  5.0  6.0   0.9     6    MM  19     MM  13.1  10.4  10.8   MM   MM    MM
2026 09 22 21 10  10  5.0  7.0   1.0     6    MM  10     MM  13.2  10.5  10.9   MM   MM    MM
2026 09 22 21 00  10  6.0  8.0   0.9     5    MM  16     MM  13.2  10.4  10.9   MM   MM    MM
2026 09 22 20 50  20  6.0  7.0   1.0     5    MM   9     MM  13.2  10.4  10.9   MM   MM    MM
2026 09 22 20 40  20  6.0  8.0   1.0     6    MM   8     MM  13.1  10.4  10.9   MM   MM    MM
2026 09 22 20 30  10  5.0  7.0   0.9     5    MM  10     MM  13.0  10.5  10.8   MM   MM    MM
2026 09 22 20 20  10  5.0  7.0   1.0     5    MM  10     MM  13.0  10.5  10.8   MM   MM    MM
2026 09 22 20 10  20  5.0  7.0   0.9     6    MM  11     MM  13.0  10.5  10.8   MM   MM    MM
2026 09 22 20 00  20  5.0  7.0   0.9     5    MM  13     MM  13.0  10.5  10.7   MM   MM    MM
2026 09 22 19 50  10  6.0  7.0   0.9     6    MM  10     MM  12.9  10.5  10.7   MM   MM    MM
2026 09 22 19 40  10  5.0  7.0   0.9     6    MM  14     MM  12.9  10.6  10.7   MM   MM    MM
2026 09 22 19 30  10  5.0  7.0   1.0     5    MM  12     MM  12.8  10.6  10.7   MM   MM    MM
2026 09 22 19 20  10  5.0  7.0   1.0     5    MM  22     MM  12.8  10.6  10.7   MM   MM    MM
2026 09 22 19 10  10  5.0  6.0   0.9     6    MM  12     MM  12.7  10.6  10.6   MM   MM    MM
2026 09 22 19 00  10  5.0  7.0   1.0     5    MM  15     MM  12.7  10.6  10.5   MM   MM    MM
2026 09 22 18 50  10  5.0  7.0   1.0     5    MM  21     MM  12.6  10.6  10.5   MM   MM    MM
2026 09 22 18 40  10  5.0  7.0   0.9     5    MM   7     MM  12.6  10.5  10.4   MM   MM    MM
2026 09 22 18 30  10  5.0  6.0   1.0     5    MM  22     MM  12.5  10.6  10.3   MM   MM    MM
2026 09 22 18 20  10  5.0  7.0   1.0     6    MM  19     MM  12.4  10.5  10.3   MM   MM    MM
2026 09 22 18 10  10  5.0  7.0   1.0     6    MM  15     MM  12.3  10.5  10.3   MM   MM    MM
2026 09 22 18 00  10  5.0  7.0   1.0     6    MM  11     MM  12.2  10.6  10.2   MM   MM    MM
2026 09 22 17 50  20  6.0  8.0   1.0     6    MM  20     MM  12.3  10.6  10.1   MM   MM    MM
2026 09 22 17 40  20  6.0  8.0   1.0     5    MM  17     MM  12.1  10.6  10.1   MM   MM    MM
2026 09 22 17 30  30  7.0  8.0   0.9     5    MM  22     MM  12.0  10.6  10.0   MM   MM    MM
2026 09 22 17 20  30  7.0 10.0   1.0     6    MM  13     MM  12.0  10.6  10.0   MM   MM    MM
2026 09 22 17 10  20  6.0  8.0   0.9     5    MM  17     MM  12.0  10.6  10.1   MM   MM    MM
2026 09 22 17 00  20  6.0  8.0   0.9     5    MM  21     MM  12.0  10.6   9.9   MM   MM    MM
2026 09 22 16 50  20  6.0  8.0   1.0     5    MM  15     MM  11.9  10.6   9.9   MM   MM    MM
2026 09 22 16 40  30  6.0  9.0   0.9     6    MM  11     MM  11.8  10.6   9.9   MM   MM    MM
2026 09 22 16 30  30  6.0  9.0   1.0     6    MM  13     MM  11.8  10.6   9.8   MM   MM    MM
2026 09 22 16 20  30  6.0  8.0   0.9     6    MM  13     MM  11.7  10.7   9.7   MM   MM    MM
2026 09 22 16 10  30  7.0  8.0   0.9     6    MM  10     MM  11.7  10.7   9.6   MM   MM    MM
2026 09 22 16 00  30  7.0  9.0   0.9     6    MM  13     MM  11.6  10.6   9.6   MM   MM    MM
2026 09 22 15 50  30  7.0  8.0   0.9     5    MM  14     MM  11.6  10.7   9.5   MM   MM    MM
2026 09 22 15 40  30  6.0  8.0   0.8     5    MM  21     MM  11.5  10.6   9.5   MM   MM    MM
2026 09 22 15 30  30  6.0  8.0   0.9     5    MM  15     MM  11.5  10.7   9.4   MM   MM    MM
2026 09 22 15 20  30  6.0  8.0   0.9     6    MM   0     MM  11.5  10.7   9.3   MM   MM    MM
2026 09 22 15 10  30  6.0  8.0   0.8     4    MM  25     MM  11.4  10.7   9.2   MM   MM    MM
2026 09 22 15 00  30  6.0  8.0   0.9     6    MM   0     MM  11.4  10.7   9.2   MM   MM    MM
2026 09 22 14 50  30  5.0  7.0   0.8     4    MM  14     MM  11.3  10.6   9.2   MM   MM    MM
2026 09 22 14 40  40  5.0  7.0   0.8     6    MM 358     MM  11.3  10.6   9.1   MM   MM    MM
2026 09 22 14 30  40  5.0  7.0   0.9     5    MM   6     MM  11.1  10.6   9.1   MM   MM    MM
2026 09 22 14 20  40  6.0  8.0   0.9     6    MM   4     MM  11.0  10.6   9.0   MM   MM    MM
2026 09 22 14 10  40  6.0  8.0   0.8     5    MM   5     MM  10.9  10.6   8.8   MM   MM    MM
2026 09 22 14 00  40  5.0  7.0   0.8     6    MM 354     MM  10.9  10.7   8.8   MM   MM    MM
2026 09 22 13 50  40  5.0  7.0   0.8     6    MM   1     MM  10.9  10.7   8.7   MM   MM    MM
2026 09 22 13 40  50  5.0  7.0   0.9     5    MM  12     MM  10.9  10.7   8.8   MM   MM    MM
2026 09 22 13 30  50  5.0  7.0   0.8     6    MM 350     MM  11.1  10.8   8.9   MM   MM    MM
2026 09 22 13 20  60  5.0  7.0   0.8     6    MM 353     MM  11.0  10.8   8.8   MM   MM    MM
2026 09 22 13 10  60  5.0  7.0   0.9     6    MM 350     MM  11.1  10.9   8.9   MM   MM    MM
2026 09 22 13 00  60  5.0  7.0   0.8     6    MM 352     MM  11.1  10.9   8.8   MM   MM    MM
2026 09 22 12 50  60  5.0  7.0   0.8     6    MM 353     MM  11.0  11.0   8.8   MM   MM    MM
2026 09 22 12 40  60  6.0  8.0   0.8     6    MM   1     MM  10.9  11.0   8.8   MM   MM    MM
2026 09 22 12 30  60  6.0  8.0   0.8     6    MM 355     MM  11.0  11.1   8.8   MM   MM    MM
2026 09 22 12 20  60  6.0  8.0   0.7     6    MM 356     MM  10.9  11.1   8.8   MM   MM    MM
2026 09 22 12 10  60  6.0  8.0   0.8     6    MM 351     MM  10.9  11.1   8.8   MM   MM    MM
2026 09 22 12 00  70  6.0  8.0   0.8     6    MM 344     MM  10.9  11.2   8.7   MM   MM    MM
2026 09 22 11 50  70  5.0  7.0   0.8     5    MM   4     MM  10.8  11.2   8.8   MM   MM    MM
2026 09 22 11 40  70  5.0  8.0   0.8     6    MM 351     MM  10.7  11.2   8.9   MM   MM    MM
2026 09 22 11 30  70  6.0  8.0   0.8     6    MM 353     MM  10.7  11.2   9.0   MM   MM    MM
2026 09 22 11 20  70  6.0  8.0   0.9     6    MM 352     MM  10.7  11.2   9.0   MM   MM    MM
2026 09 22 11 10  70  6.0  9.0   0.9     6    MM 351     MM  10.8  11.3   9.1   MM   MM    MM
2026 09 22 11 00  70  6.0  8.0   0.8     5    MM   4     MM  10.8  11.3   9.0   MM   MM    MM
2026 09 22 10 50  70  6.0  8.0   0.8     5    MM 360     MM  10.9  11.4   9.1   MM   MM    MM
2026 09 22 10 40  70  6.0  8.0   0.9     6    MM 356     MM  10.9  11.4   9.1   MM   MM    MM
2026 09 22 10 30  60  6.0  8.0   0.8     6    MM 347     MM  11.0  11.4   9.2   MM   MM    MM
2026 09 22 10 20  60  6.0  8.0   0.9     6    MM 359     MM  11.0  11.5   9.2   MM   MM    MM
2026 09 22 10 10  60  6.0  8.0   0.8     5    MM   3     MM  11.1  11.5   9.2   MM   MM    MM
2026 09 22 10 00  60  6.0  8.0   0.9     5    MM 358     MM  11.1  11.5   9.3   MM   MM    MM
2026 09 22 09 50  60  5.0  7.0   0.9     6    MM 354     MM  11.2  11.5   9.3   MM   MM    MM
2026 09 22 09 40  60  5.0  7.0   0.9     6    MM 354     MM  11.2  11.5   9.2   MM   MM    MM
2026 09 22 09 30  60  5.0  7.0   0.9     6    MM 357     MM  11.3  11.4   9.3   MM   MM    MM
2026 09 22 09 20  60  5.0  6.0   0.9     6    MM 350     MM  11.4  11.5   9.3   MM   MM    MM
2026 09 22 09 10  60  5.0  6.0   1.0     6    MM 347     MM  11.4  11.5   9.3   MM   MM    MM
2026 09 22 09 00  60  4.0  6.0   1.1     6    MM 349     MM  11.4  11.6   9.4   MM   MM    MM
2026 09 22 08 50  70  5.0  7.0   0.9     5    MM 349     MM  11.5  11.6   9.4   MM   MM    MM
2026 09 22 08 40  60  5.0  6.0   1.1     6    MM 356     MM  11.6  11.6   9.3   MM   MM    MM
2026 09 22 08 30  60  5.0  6.0   1.1     6    MM 356     MM  11.6  11.6   9.3   MM   MM    MM
2026 09 22 08 10  60  5.0  8.0   1.1     6    MM 360     MM  11.7  11.7   9.4   MM   MM    MM
2026 09 22 08 00  60  5.0  7.0   1.0     5    MM  10     MM  11.8  11.7   9.4   MM   MM    MM
2026 09 22 07 50  60  5.0  7.0   1.1     6    MM 353     MM  11.8  11.8   9.5   MM   MM    MM
2026 09 22 07 40  60  5.0  7.0   1.0     6    MM 358     MM  11.8  11.8   9.6   MM   MM    MM
2026 09 22 07 30  60  5.0  7.0   1.1     6    MM 355     MM  11.8  11.9   9.6   MM   MM    MM
2026 09 22 07 20  60  5.0  7.0   1.1     5    MM 356     MM  11.9  11.9   9.8   MM   MM    MM
2026 09 22 07 10  60  5.0  7.0   1.1     6    MM 352     MM  12.0  12.0   9.8   MM   MM    MM
2026 09 22 07 00  60  6.0  7.0   1.2     6    MM 356     MM  12.1  12.0   9.7   MM   MM    MM
2026 09 22 06 50  60  6.0  8.0   1.1     5    MM   1     MM  12.1  12.0   9.8   MM   MM    MM
2026 09 22 06 40  60  5.0  7.0   1.0     5    MM 350     MM  12.2  12.1   9.9   MM   MM    MM
2026 09 22 06 30  60  6.0  8.0   1.2     6    MM   1     MM  12.3  12.2   9.9   MM   MM    MM
2026 09 22 06 20  60  6.0  9.0   1.1     6    MM   2     MM  12.4  12.2  10.1   MM   MM    MM
2026 09 22 06 10  60  7.0 10.0   1.3     5    MM   5     MM  12.4  12.2  10.2   MM   MM    MM
2026 09 22 06 00  60  7.0  9.0   1.3     6    MM 356     MM  12.5  12.3  10.3   MM   MM    MM
2026 09 22 05 50  60  7.0 10.0   1.1     6    MM   5     MM  12.6  12.4  10.4   MM   MM    MM
2026 09 22 05 40  50  7.0  9.0   1.1     6    MM 354     MM  12.7  12.4  10.5   MM   MM    MM
2026 09 22 05 30  60  6.0  9.0   1.3     6    MM 356     MM  12.8  12.5  10.6   MM   MM    MM
2026 09 22 05 20  50  7.0  9.0   1.1     5    MM   3     MM  12.9  12.6  10.7   MM   MM    MM
2026 09 22 05 10  50  7.0  9.0   1.1     5    MM   3     MM  13.0  12.6  10.9   MM   MM    MM
2026 09 22 05 00  50  7.0  9.0   1.2     6    MM 359     MM  13.1  12.7  11.0   MM   MM    MM
2026 09 22 04 50  50  7.0  9.0   1.2     6    MM 357     MM  13.2  12.7  11.1   MM   MM    MM
2026 09 22 04 40  50  6.0  9.0   1.3     6    MM   1     MM  13.3  12.8  11.2   MM   MM    MM
2026 09 22 04 30  50  6.0  8.0   1.2     6    MM 358     MM  13.3  12.9  11.4   MM   MM    MM
2026 09 22 04 20  50  6.0  7.0   1.2     6    MM 355     MM  13.4  12.9  11.4   MM   MM    MM
2026 09 22 04 10  60  5.0  7.0   1.1     6    MM 353     MM  13.4  12.9  11.5   MM   MM    MM
2026 09 22 04 00  60  5.0  7.0   1.1     6    MM 353     MM  13.5  13.0  11.5   MM   MM    MM
2026 09 22 03 50  60  5.0  7.0   1.2     6    MM 360     MM  13.7  13.0  11.5   MM   MM    MM
2026 09 22 03 40  60  5.0  7.0   1.1     6    MM 358     MM  13.7  13.0  11.5   MM   MM    MM
2026 09 22 03 30  70  5.0  7.0   1.2     6    MM 353     MM  13.8  13.1  11.6   MM   MM    MM
2026 09 22 03 20  70  5.0  7.0   1.1     6    MM 353     MM  13.9  13.1  11.6   MM   MM    MM
2026 09 22 03 10  70  5.0  7.0   1.2     6    MM 353     MM  14.0  13.1  11.6   MM   MM    MM
2026 09 22 03 00  70  5.0  7.0   1.1     6    MM 343     MM  14.0  13.1  11.7   MM   MM    MM
2026 09 22 02 50  70  6.0  8.0   1.1     6    MM 351     MM  14.1  13.2  11.7   MM   MM    MM
2026 09 22 02 40  70  6.0  8.0   1.1     6    MM 352     MM  14.1  13.2  11.7   MM   MM    MM
2026 09 22 02 30  70  6.0  7.0   1.1     6    MM 356     MM  14.2  13.2  11.8   MM   MM    MM
2026 09 22 02 20  70  6.0  7.0   1.2     6    MM 350     MM  14.3  13.2  11.8   MM   MM    MM
2026 09 22 02 10  70  6.0  7.0   1.2     6    MM 358     MM  14.2  13.2  11.9   MM   MM    MM
2026 09 22 02 00  60  5.0  7.0   1.2     6    MM 350     MM  14.1  13.2  12.0   MM   MM    MM
2026 09 22 01 50  60  5.0  6.0   1.2     6    MM 357     MM  14.1  13.3  12.0   MM   MM    MM
2026 09 22 01 40  50  5.0  8.0   1.2     6    MM 354     MM  14.4  13.3  12.0   MM   MM    MM
2026 09 22 01 30  60  6.0  8.0   1.1     6    MM 355     MM  14.4  13.3  12.0   MM   MM    MM
2026 09 22 01 20  50  6.0  8.0   1.1     6    MM 359     MM  14.4  13.3  12.0   MM   MM    MM
2026 09 22 01 10  50  6.0  8.0   1.2     7    MM   3     MM  14.3  13.3  12.1   MM   MM    MM
2026 09 22 01 00  60  6.0  8.0   1.0     7    MM 352     MM  14.4  13.4  12.1   MM   MM    MM
2026 09 22 00 50  60  7.0  9.0   1.2     6    MM   2     MM  14.6  13.4  12.1   MM   MM    MM
2026 09 22 00 40  50  7.0  9.0   1.1     6    MM   4     MM  14.7  13.4  12.1   MM   MM    MM
2026 09 22 00 30  50  7.0  8.0   1.2     7    MM   3     MM  14.7  13.4  12.2   MM   MM    MM
2026 09 22 00 20  50  6.0  8.0   1.1     7    MM   3     MM  14.6  13.4  12.5   MM   MM    MM
2026 09 22 00 10  40  5.0  7.0   1.0     7    MM   5     MM  14.5  13.4  12.5   MM   MM    MM
2026 09 22 00 00  40  5.0  7.0   1.0     6    MM   9     MM  14.7  13.5  12.5   MM   MM    MM
2026 09 21 23 50  50  5.0  7.0   1.1     6    MM   6     MM  14.7  13.5  12.5   MM   MM    MM
2026 09 21 23 40  40  5.0  6.0   1.1     7    MM   4     MM  14.8  13.5  12.6   MM   MM    MM
2026 09 21 23 30  40  5.0  6.0   1.0     6    MM   9     MM  14.8  13.5  12.6   MM   MM    MM
2026 09 21 23 20  40  5.0  7.0   1.0     6    MM   9     MM  14.7  13.5  12.6   MM   MM    MM
2026 09 21 22 50  30  5.0  6.0   1.0     6    MM   8     MM  14.5  13.6  12.9   MM   MM    MM
2026 09 21 22 40  30  4.0  6.0   1.1     7    MM   6     MM  14.6  13.6  12.9   MM   MM    MM
2026 09 21 22 30  30  4.0  6.0   1.0     6    MM   9     MM  14.6  13.6  12.8   MM   MM    MM
2026 09 21 22 20  30  5.0  7.0   1.1     6    MM   6     MM  14.8  13.6  12.8   MM   MM    MM
2026 09 21 22 00  30  5.0  7.0   1.1     7    MM   8     MM  14.7  13.6  12.9   MM   MM    MM
2026 09 21 21 50  30  5.0  7.0   1.0     6    MM   4     MM  14.7  13.7  12.9   MM   MM    MM
2026 09 21 21 40  30  5.0  7.0   1.1     7    MM   5     MM  14.8  13.7  12.9   MM   MM    MM
2026 09 21 21 30  30  6.0  8.0   1.1     7    MM  10     MM  14.8  13.6  12.8   MM   MM    MM
2026 09 21 21 20  30  6.0  7.0   1.1     7    MM   9     MM  14.8  13.7  12.9   MM   MM    MM
2026 09 21 21 10  30  6.0  8.0   1.1     6    MM  11     MM  14.8  13.7  12.8   MM   MM    MM
2026 09 21 21 00  30  6.0  8.0   1.2     6    MM  10     MM  14.8  13.7  12.8   MM   MM    MM
2026 09 21 20 50  30  6.0  8.0   1.1     7    MM  12     MM  14.8  13.7  12.7   MM   MM    MM
2026 09 21 20 40  30  6.0  8.0   1.1     7    MM  11     MM  14.8  13.7  12.7   MM   MM    MM
2026 09 21 20 30  30  6.0  8.0   1.0     6    MM  13     MM  14.9  13.7  12.7   MM   MM    MM
2026 09 21 20 20  30  7.0  9.0   1.2     5    MM  16     MM  14.9  13.8  12.7   MM   MM    MM
2026 09 21 20 10  30  7.0  9.0   1.1     6    MM  11     MM  14.9  13.8  12.7   MM   MM    MM
2026 09 21 20 00  30  7.0  9.0   1.1     5    MM   8     MM  14.9  13.8  12.7   MM   MM    MM
2026 09 21 19 50  30  7.0  9.0   1.1     7    MM   8     MM  14.8  13.7  12.7   MM   MM    MM
2026 09 21 19 40  30  7.0  9.0   1.1     6    MM   9     MM  14.9  13.8  12.7   MM   MM    MM
2026 09 21 19 30  30  6.0  9.0   1.1     7    MM  15     MM  14.9  13.8  12.7   MM   MM    MM
2026 09 21 19 20  30  6.0  8.0   1.2     5    MM  20     MM  14.9  13.8  12.7   MM   MM    MM
2026 09 21 19 10  30  6.0  8.0   1.2     6    MM  10     MM  14.9  13.8  12.7   MM   MM    MM
2026 09 21 19 00  30  6.0  8.0   1.0     7    MM   6     MM  14.9  13.8  12.7   MM   MM    MM
2026 09 21 18 50  30  6.0  8.0   1.2     7    MM   8     MM  14.9  13.8  12.7   MM   MM    MM
2026 09 21 18 40  30  6.0  8.0   1.1     5    MM  14     MM  14.9  13.9  12.7   MM   MM    MM
2026 09 21 18 30  30  7.0  9.0   1.0     6    MM  17     MM  14.9  13.8  12.6   MM   MM    MM
2026 09 21 18 20  30  7.0  8.0   1.0     6    MM  16     MM  14.8  13.8  12.6   MM   MM    MM
2026 09 21 18 10  30  7.0  9.0   1.1     5    MM  21     MM  14.8  13.8  12.6   MM   MM    MM
2026 09 21 18 00  30  6.0  9.0   1.1     5    MM  17     MM  14.7  13.8  12.6   MM   MM    MM
2026 09 21 17 50  30  6.0  8.0   1.1     6    MM  15     MM  14.7  13.9  12.6   MM   MM    MM
2026 09 21 17 40  30  6.0  8.0   1.3     6    MM  15     MM  14.6  13.9  12.6   MM   MM    MM
2026 09 21 17 30  30  6.0  8.0   1.1     6    MM  15     MM  14.6  13.9  12.6   MM   MM    MM
2026 09 21 17 20  30  6.0  8.0   1.1     6    MM  11     MM  14.5  13.9  12.6   MM   MM    MM
2026 09 21 17 10  40  6.0  8.0   1.1     5    MM  19     MM  14.5  14.0  12.6   MM   MM    MM
2026 09 21 17 00  40  6.0  8.0   1.1     6    MM  10     MM  14.5  14.0  12.5   MM   MM    MM
2026 09 21 16 50  40  6.0  8.0   1.1     7    MM  10     MM  14.5  14.0  12.5   MM   MM    MM
2026 09 21 16 40  40  6.0  8.0   1.1     7    MM   5     MM  14.4  14.0  12.5   MM   MM    MM
2026 09 21 16 30  40  6.0  9.0   1.0     7    MM 354     MM  14.4  14.0  12.5   MM   MM    MM
2026 09 21 16 20  50  6.0  8.0   1.1     6    MM   4     MM  14.3  14.0  12.4   MM   MM    MM
2026 09 21 16 10  50  6.0  8.0   1.1     6    MM   2     MM  14.3  14.0  12.4   MM   MM    MM
2026 09 21 16 00  50  7.0  9.0   1.1     5    MM   9     MM  14.3  14.0  12.3   MM   MM    MM
2026 09 21 15 50  50  7.0  9.0   1.2     6    MM   7     MM  14.2  14.0  12.3   MM   MM    MM
2026 09 21 15 40  50  7.0  9.0   1.2     5    MM  10     MM  14.2  14.1  12.3   MM   MM    MM
2026 09 21 15 30  50  7.0  9.0   1.1     5    MM   7     MM  14.2  14.0  12.2   MM   MM    MM
2026 09 21 15 20  50  7.0  9.0   1.2     7    MM 352     MM  14.2  14.0  12.2   MM   MM    MM
2026 09 21 15 10  50  7.0  9.0   1.2     5    MM  10     MM  14.2  14.0  12.2   MM   MM    MM
2026 09 21 15 00  50  7.0 10.0   1.1     6    MM  12     MM  14.1  14.0  12.2   MM   MM    MM
2026 09 21 14 50  50  7.0  9.0   1.1     6    MM   3     MM  14.0  14.0  12.2   MM   MM    MM
2026 09 21 14 40  50  7.0  9.0   1.1     5    MM  11     MM  14.0  13.9  12.3   MM   MM    MM
2026 09 21 14 30  50  7.0  9.0   1.2     6    MM   1     MM  14.1  14.0  12.3   MM   MM    MM
2026 09 21 14 20  50  6.0  8.0   1.2     5    MM  10     MM  14.1  14.0  12.3   MM   MM    MM
2026 09 21 14 10  40  6.0  7.0   1.2     6    MM   5     MM  14.1  14.0  12.3   MM   MM    MM
2026 09 21 14 00  50  6.0  8.0   1.3     6    MM   6     MM  14.0  14.0  12.3   MM   MM    MM
2026 09 21 13 50  50  6.0  7.0   1.2     5    MM   9     MM  14.0  14.0  12.3   MM   MM    MM
2026 09 21 13 40  50  6.0  8.0   1.2     7    MM   3     MM  14.0  14.1  12.2   MM   MM    MM
2026 09 21 13 30  50  6.0  8.0   1.3     7    MM   2     MM  14.0  14.1  12.3   MM   MM    MM
2026 09 21 13 20  60  6.0  7.0   1.3     7    MM   4     MM  14.0  14.1  12.3   MM   MM    MM
2026 09 21 13 10  60  6.0  8.0   1.3     6    MM   6     MM  14.1  14.1  12.3   MM   MM    MM
2026 09 21 13 00  50  6.0  7.0   1.3     7    MM   2     MM  14.1  14.1  12.4   MM   MM    MM
2026 09 21 12 50  50  5.0  7.0   1.4     7    MM   4     MM  14.1  14.1  12.4   MM   MM    MM
2026 09 21 12 40  50  5.0  7.0   1.3     6    MM   9     MM  14.1  14.1  12.4   MM   MM    MM
2026 09 21 12 30  50  5.0  8.0   1.5     7    MM   1     MM  14.1  14.1  12.4   MM   MM    MM
2026 09 21 12 20  50  5.0  7.0   1.4     6    MM   2     MM  14.1  14.2  12.4   MM   MM    MM
2026 09 21 12 10  50  6.0  7.0   1.3     7    MM   5     MM  14.1  14.2  12.4   MM   MM    MM
2026 09 21 12 00  50  5.0  7.0   1.4     7    MM   8     MM  14.2  14.2  12.4   MM   MM    MM
2026 09 21 11 50  50  5.0  7.0   1.5     7    MM   1     MM  14.2  14.3  12.5   MM   MM    MM
2026 09 21 11 40  50  5.0  7.0   1.5     7    MM   5     MM  14.2  14.3  12.5   MM   MM    MM
2026 09 21 11 30  60  6.0  7.0   1.5     6    MM 350     MM  14.3  14.3  12.5   MM   MM    MM
2026 09 21 11 20  60  6.0  8.0   1.6     7    MM   5     MM  14.3  14.3  12.5   MM   MM    MM
2026 09 21 11 10  50  6.0  7.0   1.5     7    MM 360     MM  14.4  14.4  12.6   MM   MM    MM
2026 09 21 11 00  50  6.0  8.0   1.5     6    MM   5     MM  14.4  14.4  12.6   MM   MM    MM
2026 09 21 10 50  50  5.0  7.0   1.5     7    MM  10     MM  14.4  14.4  12.7   MM   MM    MM
2026 09 21 10 40  50  5.0  8.0   1.5     7    MM   9     MM  14.4  14.5  12.7   MM   MM    MM
2026 09 21 10 30  40  5.0  7.0   1.4     6    MM   7     MM  14.4  14.5  12.8   MM   MM    MM
2026 09 21 10 20  50  5.0  7.0   1.7     7    MM   7     MM  14.4  14.5  12.8   MM   MM    MM
2026 09 21 10 10  50  5.0  7.0   1.5     6    MM   2     MM  14.4  14.5  12.9   MM   MM    MM
2026 09 21 10 00  50  6.0  8.0   1.6     7    MM   4     MM  14.4  14.5  12.9   MM   MM    MM
2026 09 21 09 50  50  6.0  8.0   1.7     7    MM  10     MM  14.4  14.5  12.9   MM   MM    MM
2026 09 21 09 40  50  6.0  8.0   1.7     8    MM   2     MM  14.5  14.6  12.9   MM   MM    MM
2026 09 21 09 30  40  6.0  8.0   1.6     7    MM  17     MM  14.5  14.6  12.9   MM   MM    MM
2026 09 21 09 20  50  7.0  9.0   1.6     8    MM   5     MM  14.6  14.6  12.9   MM   MM    MM
2026 09 21 09 10  50  6.0  9.0   1.8     8    MM   6     MM  14.6  14.6  12.9   MM   MM    MM
2026 09 21 09 00  50  7.0  9.0   1.5     8    MM  10     MM  14.7  14.6  12.9   MM   MM    MM
2026 09 21 08 50  40  7.0  9.0   1.8     7    MM   9     MM  14.7  14.6  13.0   MM   MM    MM
2026 09 21 08 40  40  7.0  9.0   1.5     7    MM 348     MM  14.8  14.7  13.0   MM   MM    MM
2026 09 21 08 30  40  7.0  9.0   1.6     7    MM   6     MM  14.8  14.7  13.1   MM   MM    MM
2026 09 21 08 20  40  7.0  9.0   1.6     7    MM   6     MM  14.9  14.7  13.1   MM   MM    MM
2026 09 21 08 10  30  7.0 10.0   1.6     7    MM   6     MM  15.0  14.7  13.1   MM   MM    MM
2026 09 21 08 00  30  7.0  9.0   1.5     8    MM   4     MM  15.0  14.7  13.1   MM   MM    MM
2026 09 21 07 50  30  7.0  9.0   1.4     7    MM   2     MM  14.9  14.7  13.1   MM   MM    MM
2026 09 21 07 40  40  6.0  8.0   1.5     7    MM   5     MM  14.9  14.7  13.1   MM   MM    MM
2026 09 21 07 30  40  7.0  9.0   1.7     7    MM 348     MM  14.9  14.7  13.1   MM   MM    MM
2026 09 21 07 20  40  6.0  9.0   1.6     7    MM 346     MM  14.9  14.7  13.1   MM   MM    MM
2026 09 21 07 10  50  6.0  9.0   1.5     6    MM 339     MM  14.9  14.7  13.1   MM   MM    MM
2026 09 21 07 00  40  6.0  8.0   1.5     7    MM 348     MM  14.9  14.7  13.1   MM   MM    MM
2026 09 21 06 50  50  6.0  8.0   1.6     7    MM 358     MM  15.0  14.7  13.1   MM   MM    MM
2026 09 21 06 40  40  7.0  9.0   1.6     7    MM 323     MM  15.0  14.7  13.2   MM   MM    MM
2026 09 21 06 30  50  7.0  9.0   1.5     7    MM 326     MM  15.1  14.7  13.1   MM   MM    MM
2026 09 21 06 20  50  7.0  9.0   1.3     7    MM 336     MM  15.1  14.8  13.1   MM   MM    MM
2026 09 21 06 10  50  7.0 10.0   1.4     7    MM 347     MM  15.1  14.8  13.1   MM   MM    MM
2026 09 21 06 00  50  7.0  9.0   1.4     7    MM 347     MM  15.2  14.7  13.1   MM   MM    MM
2026 09 21 05 50  50  7.0  9.0   1.2     7    MM 351     MM  15.3  14.5  13.1   MM   MM    MM
2026 09 21 05 40  50  7.0  9.0   1.2     7    MM 324     MM  15.4  14.4  13.2   MM   MM    MM
2026 09 21 05 30  50  7.0  9.0   1.1     6    MM 322     MM  15.6  14.5  13.2   MM   MM    MM
2026 09 21 05 20  50  7.0  8.0   1.1     6    MM 331     MM  15.7  14.5  13.3   MM   MM    MM
2026 09 21 05 10  50  6.0  8.0   1.2     7    MM 319     MM  15.6  14.4  14.0   MM   MM    MM
2026 09 21 05 00  50  5.0  7.0   1.0     7    MM 315     MM  15.6  14.3  14.4   MM   MM    MM
2026 09 21 04 50  50  5.0  7.0   1.0     7    MM 325     MM  15.6  14.2  14.5   MM   MM    MM
2026 09 21 04 20  60  5.0  6.0   1.0     6    MM 342     MM  15.5  14.2  14.5   MM   MM    MM
2026 09 21 04 10  60  5.0  6.0   1.0     6    MM 345     MM  15.4  14.2  14.5   MM   MM    MM
2026 09 21 04 00  60  4.0  6.0   0.9     6    MM 333     MM  15.4  14.3  14.5   MM   MM    MM
2026 09 21 03 50  60  4.0  6.0   1.1     7    MM 332     MM  15.3  14.3  14.4   MM   MM    MM
2026 09 21 03 40  60  4.0  6.0   0.9     7    MM 338     MM  15.4  14.3  14.4   MM   MM    MM
2026 09 21 03 30  60  4.0  6.0   1.1     6    MM 341     MM  15.4  14.3  14.3   MM   MM    MM
2026 09 21 03 20  60  5.0  6.0   1.0     6    MM 346     MM  15.5  14.4  14.3   MM   MM    MM
2026 09 21 03 10  60  5.0  7.0   1.1     6    MM 338     MM  15.5  14.4  14.3   MM   MM    MM
2026 09 21 03 00  60  5.0  7.0   1.2     6    MM 340     MM  15.5  14.4  14.2   MM   MM    MM
2026 09 21 02 50  60  5.0  8.0   1.1     6    MM 339     MM  15.5  14.5  14.2   MM   MM    MM
2026 09 21 02 40  60  5.0  7.0   1.1     6    MM 328     MM  15.5  14.5  14.2   MM   MM    MM
2026 09 21 02 30  60  5.0  7.0   1.2     6    MM 334     MM  15.6  14.6  14.2   MM   MM    MM
2026 09 21 02 20  60  5.0  7.0   1.2     6    MM 338     MM  15.5  14.6  14.3   MM   MM    MM
2026 09 21 02 10  70  5.0  8.0   1.2     6    MM 336     MM  15.5  14.7  14.3   MM   MM    MM
2026 09 21 02 00  70  5.0  7.0   1.3     6    MM 340     MM  15.4  14.7  14.3   MM   MM    MM
2026 09 21 01 50  70  6.0  8.0   1.3     6    MM 333     MM  15.4  14.8  14.1   MM   MM    MM
2026 09 21 01 40  80  7.0  9.0   1.4     6    MM 337     MM  15.4  14.9  14.1   MM   MM    MM
2026 09 21 01 30  70  7.0  9.0   1.3     6    MM 335     MM  15.5  15.0  14.2   MM   MM    MM
2026 09 21 01 20  70  8.0 11.0   1.3     6    MM 323     MM  15.6  15.2  14.3   MM   MM    MM
2026 09 21 01 10  60  9.0 11.0   1.4     6    MM 354     MM  15.6  15.3  14.6   MM   MM    MM
2026 09 21 01 00  60  8.0 11.0   1.3     6    MM   9     MM  15.5  15.5  14.7   MM   MM    MM
2026 09 21 00 50  60  8.0 11.0   1.5     6    MM   1     MM  15.5  15.7  14.8   MM   MM    MM
2026 09 21 00 40  50  8.0 11.0   1.5     6    MM   5     MM  15.6  15.8  14.9   MM   MM    MM
2026 09 21 00 30  50  8.0 11.0   1.4     6    MM   6     MM  15.7  15.9  15.0   MM   MM    MM
2026 09 21 00 20  50  8.0 12.0   1.5     6    MM   3     MM  15.8  16.0  15.0   MM   MM    MM
2026 09 21 00 10  50  9.0 11.0   1.3     6    MM 358     MM  15.9  16.1  15.0   MM   MM    MM
2026 09 21 00 00  60  9.0 11.0   1.3     5    MM 359     MM  16.0  16.2  14.9   MM   MM    MM
2026 09 20 23 50  50 10.0 13.0   1.5     5    MM  11     MM  16.1  16.3  15.0   MM   MM    MM
2026 09 20 23 40  50  9.0 13.0   1.5     6    MM   9     MM  16.2  16.3  15.0   MM   MM    MM
2026 09 20 23 00  40 10.0 14.0   1.5     6    MM   5     MM  16.3  16.9  15.3   MM   MM    MM
2026 09 20 22 50  40 10.0 13.0   1.5     6    MM   4     MM  16.4  17.0  15.4   MM   MM    MM
2026 09 20 22 40  40 10.0 13.0   1.4     6    MM   1     MM  16.5  17.1  15.4   MM   MM    MM
2026 09 20 22 30  40 11.0 13.0   1.5     6    MM   6     MM  16.5  17.2  15.5   MM   MM    MM
2026 09 20 22 20  40 11.0 15.0   1.4     5    MM  11     MM  16.6  17.2  15.5   MM   MM    MM
2026 09 20 22 10  40 11.0 14.0   1.3     5    MM  21     MM  16.7  17.3  15.6   MM   MM    MM
2026 09 20 21 40  30 10.0 13.0   1.0     4    MM  23     MM  16.9  17.4  16.2   MM   MM    MM
2026 09 20 21 30  30 10.0 13.0   1.0     5    MM  16     MM  17.2  17.4  16.5   MM   MM    MM
2026 09 20 21 20  30  9.0 12.0   1.0     5    MM  15     MM  17.3  17.4  16.7   MM   MM    MM
2026 09 20 21 10  30  9.0 11.0   0.9     5    MM  25     MM  17.3  17.5  16.7   MM   MM    MM
2026 09 20 21 00  30  8.0 11.0   0.9     5    MM  22     MM  17.2  17.5  16.8   MM   MM    MM
2026 09 20 20 50  40  7.0  9.0   0.9     5    MM  22     MM  17.3  17.5  16.9   MM   MM    MM
2026 09 20 20 40  40  7.0  9.0   0.9     5    MM  14     MM  17.3  17.5  16.9   MM   MM    MM
2026 09 20 20 30  40  7.0  9.0   0.8     5    MM  13     MM  17.3  17.5  16.9   MM   MM    MM
2026 09 20 20 20  40  6.0  8.0   0.7     5    MM  14     MM  17.4  17.5  17.0   MM   MM    MM
2026 09 20 20 10  40  6.0  8.0   0.8     5    MM  24     MM  17.4  17.5  17.0   MM   MM    MM
2026 09 20 20 00  40  6.0  7.0   0.9     5    MM  15     MM  17.5  17.5  17.1   MM   MM    MM
2026 09 20 19 50  40  5.0  7.0   0.8     5    MM  13     MM  17.5  17.6  17.1   MM   MM    MM
2026 09 20 19 40  30  5.0  7.0   0.8     5    MM  13     MM  17.5  17.6  17.1   MM   MM    MM
2026 09 20 19 30  30  5.0  6.0   0.8     4    MM  18     MM  17.6  17.6  17.1   MM   MM    MM
2026 09 20 19 20  40  4.0  6.0   0.8     5    MM  14     MM  17.6  17.6  17.1   MM   MM    MM
2026 09 20 19 10  40  4.0  6.0   0.8     5    MM  14     MM  17.6  17.6  17.1   MM   MM    MM
2026 09 20 19 00  40  5.0  6.0   0.9     5    MM   8     MM  17.6  17.6  17.1   MM   MM    MM
2026 09 20 18 50  40  4.0  6.0   0.9     5    MM  17     MM  17.6  17.6  17.1   MM   MM    MM
2026 09 20 18 40  40  4.0  5.0   0.8     5    MM  22     MM  17.7  17.6  17.2   MM   MM    MM
2026 09 20 18 30  30  4.0  5.0   0.8     5    MM  16     MM  17.7  17.6  17.2   MM   MM    MM
2026 09 20 18 20  10  4.0  5.0   0.8     5    MM  15     MM  17.7  17.6  17.2   MM   MM    MM
2026 09 20 18 10  10  4.0  5.0   0.9     5    MM  16     MM  17.7  17.6  17.2   MM   MM    MM
2026 09 20 18 00  20  4.0  5.0   0.8     4    MM  17     MM  17.7  17.6  17.1   MM   MM    MM
2026 09 20 17 50  20  3.0  5.0   0.8     4    MM  16     MM  17.8  17.6  17.1   MM   MM    MM
2026 09 20 17 40  20  3.0  5.0   0.8     5    MM  14     MM  17.7  17.6  17.1   MM   MM    MM
2026 09 20 17 30  40  4.0  5.0   0.9     5    MM   7     MM  17.7  17.6  17.0   MM   MM    MM
2026 09 20 17 20  40  4.0  6.0   0.8     4    MM  14     MM  17.7  17.6  17.0   MM   MM    MM
2026 09 20 17 10  40  4.0  6.0   0.7     4    MM   9     MM  17.7  17.7  17.0   MM   MM    MM
2026 09 20 17 00  40  3.0  5.0   0.9     5    MM   9     MM  17.7  17.7  17.0   MM   MM    MM
2026 09 20 16 50  50  3.0  5.0   0.9     5    MM   5     MM  17.6  17.7  16.9   MM   MM    MM
2026 09 20 16 40  40  4.0  6.0   0.8     5    MM  12     MM  17.5  17.7  16.8   MM   MM    MM
2026 09 20 16 30  60  5.0  6.0   0.8     5    MM   8     MM  17.4  17.7  16.8   MM   MM    MM
2026 09 20 16 20  60  5.0  8.0   0.8     4    MM  16     MM  17.4  17.7  16.7   MM   MM    MM
2026 09 20 16 10  50  6.0  8.0   0.8     4    MM  14     MM  17.4  17.7  16.8   MM   MM    MM
2026 09 20 16 00  50  6.0  7.0   0.7     4    MM  13     MM  17.2  17.7  16.7   MM   MM    MM
2026 09 20 15 50  60  6.0  7.0   0.8     4    MM  14     MM  17.1  17.7  16.6   MM   MM    MM
2026 09 20 15 40  60  5.0  7.0   0.8     4    MM  12     MM  17.1  17.7  16.5   MM   MM    MM
2026 09 20 15 30  70  5.0  6.0   0.8     4    MM   8     MM  17.1  17.7  16.5   MM   MM    MM
2026 09 20 15 20  60  5.0  7.0   0.7     4    MM  18     MM  17.2  17.7  16.6   MM   MM    MM
2026 09 20 15 10  60  6.0  8.0   0.7     4    MM   9     MM  17.3  17.7  16.6   MM   MM    MM
2026 09 20 15 00  60  7.0  8.0   0.7     4    MM  19     MM  17.5  17.7  16.8   MM   MM    MM
2026 09 20 14 50  60  6.0  8.0   0.7     4    MM  11     MM  17.6  17.7  16.9   MM   MM    MM
2026 09 20 14 40  50  6.0  9.0   0.6     4    MM  12     MM  17.7  17.7  17.0   MM   MM    MM
2026 09 20 14 30  40  7.0  9.0   0.7     4    MM  12     MM  17.8  17.7  17.1   MM   MM    MM
2026 09 20 14 20  40  7.0  9.0   0.6     3    MM  20     MM  17.8  17.7  17.2   MM   MM    MM
2026 09 20 14 10  30  7.0 10.0   0.5     3    MM  28     MM  17.8  17.7  17.2   MM   MM    MM
2026 09 20 14 00  30  7.0  9.0   0.5     3    MM  32     MM  17.8  17.7  17.3   MM   MM    MM
2026 09 20 13 50  30  7.0  9.0   0.5     3    MM  36     MM  17.8  17.7  17.3   MM   MM    MM
2026 09 20 13 40  30  7.0  9.0   0.4     3    MM  37     MM  17.8  17.7  17.3   MM   MM    MM
2026 09 20 13 30  30  6.0  9.0   0.4     3    MM  25     MM  17.8  17.7  17.2   MM   MM    MM
2026 09 20 13 20  40  7.0  9.0   0.4     3    MM  27     MM  17.9  17.7  17.3   MM   MM    MM
2026 09 20 13 10  40  7.0  9.0   0.4     3    MM  20     MM  18.0  17.7  17.4   MM   MM    MM
2026 09 20 13 00  40  7.0  9.0   0.4     2    MM  28     MM  18.0  17.7  17.5   MM   MM    MM
2026 09 20 12 50  30  8.0  9.0   0.4     2    MM  30     MM  18.2  17.8  17.6   MM   MM    MM
2026 09 20 12 40  20  7.0  8.0   0.3     2    MM   2     MM  18.2  17.8  17.7   MM   MM    MM
2026 09 20 12 30  10  7.0  9.0   0.3     2    MM 358     MM  18.2  17.8  17.8   MM   MM    MM
2026 09 20 12 20  10  6.0  8.0   0.3    MM    MM 233     MM  18.2  17.8  17.8   MM   MM    MM
2026 09 20 12 10  10  6.0  8.0   0.2    MM    MM 296     MM  18.1  17.8  17.8   MM   MM    MM
2026 09 20 12 00  20  6.0  7.0   0.2    MM    MM 303     MM  18.2  17.8  17.8   MM   MM    MM
2026 09 20 11 50  20  6.0  8.0   0.2    MM    MM 299     MM  18.2  17.8  17.8   MM   MM    MM
2026 09 20 11 40  20  5.0  8.0   0.1    MM    MM  52     MM  18.2  17.8  17.8   MM   MM    MM
2026 09 20 11 30  30  3.0  4.0   0.1    MM    MM 145     MM  18.1  17.8  17.7   MM   MM    MM
2026 09 20 11 20  40  4.0  5.0   0.1    MM    MM 212     MM  18.1  17.8  17.7   MM   MM    MM
2026 09 20 11 10  50  4.0  5.0   0.1    MM    MM  52     MM  18.2  17.8  17.8   MM   MM    MM
2026 09 20 11 00  60  3.0  4.0   0.1    MM    MM 281     MM  18.4  17.8  18.0   MM   MM    MM
2026 09 20 10 50  30  2.0  3.0   0.1    MM    MM 342     MM  18.5  17.8  18.0   MM   MM    MM
2026 09 20 10 40  40  2.0  3.0   0.1    MM    MM 353     MM  18.3  17.8  17.9   MM   MM    MM
2026 09 20 10 30  70  2.0  3.0   0.1    MM    MM 105     MM  18.6  17.8  18.1   MM   MM    MM
2026 09 20 10 20  40  3.0  5.0   0.1    MM    MM 111     MM  18.6  17.8  18.2   MM   MM    MM
2026 09 20 10 00  MM  0.0  1.0   0.1    MM    MM   3     MM  18.7  17.8  18.3   MM   MM    MM
2026 09 20 09 50  70  1.0  3.0   0.1    MM    MM 319     MM  18.7  17.8  18.3   MM   MM    MM
2026 09 20 09 40  40  2.0  3.0   0.1    MM    MM   3     MM  18.7  17.9  18.3   MM   MM    MM
2026 09 20 09 30  40  2.0  4.0   0.1    MM    MM   4     MM  18.8  17.9  18.4   MM   MM    MM
2026 09 20 09 20  70  3.0  4.0   0.1    MM    MM 305     MM  18.7  17.8  18.2   MM   MM    MM
2026 09 20 09 10 100  1.0  4.0   0.1    MM    MM 344     MM  18.6  17.8  18.2   MM   MM    MM
2026 09 20 09 00  50  2.0  4.0   0.1    MM    MM 345     MM  18.7  17.9  18.3   MM   MM    MM
2026 09 20 08 50  50  2.0  3.0   0.1    MM    MM 338     MM  18.9  17.9  18.5   MM   MM    MM
2026 09 20 08 40 180  2.0  3.0   0.1    MM    MM 330     MM  18.8  17.9  18.4   MM   MM    MM
2026 09 20 08 30 270  3.0  4.0   0.1    MM    MM 339     MM  18.8  17.8  18.3   MM   MM    MM
2026 09 20 08 20 340  1.0  1.0   0.1    MM    MM 353     MM  18.7  17.9  18.3   MM   MM    MM
2026 09 20 08 10  MM  0.0  1.0   0.1    MM    MM   6     MM  18.6  17.9  18.2   MM   MM    MM
2026 09 20 08 00 120  1.0  1.0   0.1    MM    MM 337     MM  18.6  17.9  18.1   MM   MM    MM
2026 09 20 07 50 120  1.0  2.0   0.1    MM    MM 351     MM  18.5  17.9  18.0   MM   MM    MM
2026 09 20 07 40 110  1.0  2.0   0.1    MM    MM  14     MM  18.7  17.9  18.1   MM   MM    MM
2026 09 20 07 30  MM  0.0  1.0   0.1    MM    MM  15     MM  18.6  17.9  18.1   MM   MM    MM
2026 09 20 07 20  30  1.0  2.0   0.1    MM    MM   5     MM  18.9  17.9  18.5   MM   MM    MM
2026 09 20 07 10  60  1.0  2.0   0.1    MM    MM   7     MM  19.0  17.9  18.6   MM   MM    MM
2026 09 20 07 00 160  1.0  2.0   0.2    MM    MM   9     MM  18.9  17.9  18.5   MM   MM    MM
2026 09 20 06 50 150  2.0  3.0   0.2    MM    MM   4     MM  18.9  17.9  18.6   MM   MM    MM
2026 09 20 06 40  80   MM   MM   0.2    MM    MM   2     MM  19.0  17.9  18.6   MM   MM    MM
2026 09 20 06 30 110   MM   MM   0.2    MM    MM   1     MM  19.0  17.9  18.6   MM   MM    MM
2026 09 20 06 20 170  2.0  6.0   0.2    MM    MM   6     MM  18.7  17.9  18.3   MM   MM    MM
2026 09 20 06 10 180  3.0  5.0   0.2    MM    MM  11     MM  18.7  17.9  18.3   MM   MM    MM
2026 09 20 06 00 120  2.0  7.0   0.2    MM    MM  19     MM  18.7  18.0  18.2   MM   MM    MM
2026 09 20 05 50 120  1.0  2.0   0.2    MM    MM  11     MM  18.5  18.0  18.1   MM   MM    MM
2026 09 20 05 40 100  1.0  2.0   0.2    MM    MM  19     MM  18.5  18.0  18.1   MM   MM    MM
2026 09 20 05 30 120  2.0  2.0   0.2    MM    MM  23     MM  18.7  18.0  18.3   MM   MM    MM
2026 09 20 05 20 110  2.0  3.0   0.2    MM    MM  21     MM  18.6  18.0  18.2   MM   MM    MM
2026 09 20 05 10 110  2.0  2.0   0.2    MM    MM   2     MM  18.5  18.0  18.1   MM   MM    MM
2026 09 20 05 00 130  2.0  2.0   0.2    MM    MM  18     MM  18.5  18.0  18.1   MM   MM    MM
2026 09 20 04 50 110  2.0  2.0   0.2    MM    MM  15     MM  18.4  18.0  18.0   MM   MM    MM
2026 09 20 04 40  90  2.0  2.0   0.2    MM    MM   1     MM  18.3  18.0  17.9   MM   MM    MM
2026 09 20 04 30  90  2.0  2.0   0.2    MM    MM 354     MM  18.4  18.0  18.0   MM   MM    MM
2026 09 20 04 20 120  2.0  3.0   0.2    MM    MM   4     MM  18.4  18.0  18.0   MM   MM    MM
2026 09 20 04 10 110  2.0  3.0   0.2    MM    MM  71     MM  18.2  18.0  17.8   MM   MM    MM
2026 09 20 04 00  90  2.0  3.0   0.2    MM    MM  75     MM  18.2  18.0  17.7   MM   MM    MM
2026 09 20 03 50  80  2.0  4.0   0.2    MM    MM  82     MM  18.1  18.1  17.7   MM   MM    MM
2026 09 20 03 40 110  3.0  4.0   0.2    MM    MM  83     MM  18.0  18.1  17.6   MM   MM    MM
2026 09 20 03 30  90  4.0  5.0   0.2    MM    MM  75     MM  17.8  18.1  17.3   MM   MM    MM
2026 09 20 03 20  80  4.0  5.0   0.2    MM    MM  82     MM  17.8  18.1  17.3   MM   MM    MM
2026 09 20 03 10  80  4.0  5.0   0.2    MM    MM  81     MM  17.7  18.1  17.2   MM   MM    MM
2026 09 20 03 00  80  3.0  5.0   0.2    MM    MM  82     MM  17.8  18.1  17.2   MM   MM    MM
2026 09 20 02 50  80  3.0  5.0   0.2    MM    MM  94     MM  17.7  18.1  17.1   MM   MM    MM
2026 09 20 02 40  80  4.0  6.0   0.2    MM    MM  92     MM  17.6  18.1  17.0   MM   MM    MM
2026 09 20 02 30  80  3.0  5.0   0.2    MM    MM  83     MM  17.7  18.1  17.1   MM   MM    MM
2026 09 20 02 20  80  3.0  4.0   0.2    MM    MM 100     MM  17.7  18.1  17.1   MM   MM    MM
2026 09 20 02 10  80  3.0  4.0   0.2    MM    MM 315     MM  17.8  18.1  17.1   MM   MM    MM
2026 09 20 02 00  90  3.0  4.0   0.2    MM    MM 309     MM  17.8  18.1  17.2   MM   MM    MM
2026 09 20 01 50  80  3.0  4.0   0.2    MM    MM 325     MM  17.8  18.2  17.1   MM   MM    MM
2026 09 20 01 40  70  3.0  4.0   0.2    MM    MM  96     MM  17.9  18.2  17.1   MM   MM    MM
2026 09 20 01 30  60  3.0  4.0   0.2    MM    MM 315     MM  17.9  18.2  17.1   MM   MM    MM
2026 09 20 01 20  70  3.0  4.0   0.2    MM    MM 321     MM  17.9  18.2  17.2   MM   MM    MM
2026 09 20 01 10  80  2.0  3.0   0.2    MM    MM 307     MM  18.0  18.2  17.3   MM   MM    MM
2026 09 20 01 00  70  2.0  3.0   0.2    MM    MM 100     MM  18.1  18.2  17.4   MM   MM    MM
2026 09 20 00 50  60  3.0  5.0   0.2    MM    MM  97     MM  18.1  18.2  17.4   MM   MM    MM
2026 09 20 00 40  50  4.0  4.0   0.2    MM    MM 102     MM  18.1  18.2  17.4   MM   MM    MM
2026 09 20 00 30  50  4.0  5.0   0.2    MM    MM  99     MM  18.0  18.2  17.3   MM   MM    MM
2026 09 20 00 20  60  4.0  5.0   0.2    MM    MM 106     MM  18.0  18.3  17.3   MM   MM    MM
2026 09 20 00 10  50  3.0  5.0   0.2    MM    MM 298     MM  18.0  18.3  17.3   MM   MM    MM
2026 09 20 00 00  70  3.0  3.0   0.2    MM    MM 304     MM  18.0  18.4  17.3   MM   MM    MM
2026 09 19 23 50  70  3.0  4.0   0.2    MM    MM 301     MM  17.9  18.3  17.2   MM   MM    MM
2026 09 19 23 40  70  3.0  3.0   0.2    MM    MM 291     MM  17.9  18.3  17.2   MM   MM    MM
2026 09 19 23 30  70  3.0  4.0   0.1    MM    MM 319     MM  17.9  18.3  17.2   MM   MM    MM
2026 09 19 23 20  70  4.0  5.0   0.1    MM    MM 294     MM  18.0  18.3  17.3   MM   MM    MM
2026 09 19 23 10  70  3.0  5.0   0.1    MM    MM 332     MM  18.1  18.3  17.4   MM   MM    MM
2026 09 19 23 00  80  3.0  4.0   0.1    MM    MM 273     MM  18.1  18.4  17.3   MM   MM    MM
2026 09 19 22 50  80  3.0  3.0   0.1    MM    MM 296     MM  18.2  18.3  17.4   MM   MM    MM
2026 09 19 22 40  70  2.0  3.0   0.1    MM    MM 294     MM  18.4  18.4  17.6   MM   MM    MM
2026 09 19 22 30  70  2.0  3.0   0.1    MM    MM 268     MM  18.5  18.3  17.7   MM   MM    MM
2026 09 19 22 20  70  2.0  3.0   0.1    MM    MM 284     MM  18.7  18.5  17.7   MM   MM    MM
2026 09 19 22 10  10  2.0  3.0   0.1    MM    MM 272     MM  18.7  18.5  17.8   MM   MM    MM
2026 09 19 22 00 360  2.0  2.0   0.1    MM    MM 270     MM  18.7  18.5  17.7   MM   MM    MM
2026 09 19 21 50  30  2.0  3.0   0.2    MM    MM 286     MM  18.7  18.4  17.7   MM   MM    MM
2026 09 19 21 40  30  3.0  3.0   0.2    MM    MM 270     MM  18.7  18.3  17.8   MM   MM    MM
2026 09 19 21 30  30  2.0  3.0   0.2    MM    MM 268     MM  19.1  18.3  17.8   MM   MM    MM
2026 09 19 21 20  MM  0.0  1.0   0.2    MM    MM 249     MM  19.5  18.2  17.9   MM   MM    MM
2026 09 19 21 10  MM  0.0  1.0   0.2    MM    MM 256     MM  19.3  18.2  17.9   MM   MM    MM
2026 09 19 21 00 320  1.0  1.0   0.2    MM    MM 299     MM  19.0  18.2  17.8   MM   MM    MM
2026 09 19 20 50 280  1.0  2.0   0.2    MM    MM 268     MM  18.9  18.2  17.8   MM   MM    MM
2026 09 19 20 40 280  1.0  2.0   0.2    MM    MM 290     MM  19.1  18.2  17.7   MM   MM    MM
2026 09 19 20 30  60  1.0  1.0   0.2    MM    MM 276     MM  19.0  18.2  17.7   MM   MM    MM
2026 09 19 20 20 110  1.0  2.0   0.2    MM    MM 251     MM  18.9  18.2  17.7   MM   MM    MM
2026 09 19 20 10 150  2.0  2.0   0.2    MM    MM 267     MM  18.9  18.3  17.7   MM   MM    MM
2026 09 19 20 00 180  2.0  3.0   0.2    MM    MM 262     MM  18.8  18.2  17.7   MM   MM    MM
2026 09 19 19 50 200  2.0  3.0   0.2    MM    MM 276     MM  18.8  18.2  17.6   MM   MM    MM
2026 09 19 19 40 170  1.0  2.0   0.2    MM    MM 266     MM  18.8  18.2  17.6   MM   MM    MM
2026 09 19 19 30 130  2.0  2.0   0.2    MM    MM 267     MM  18.7  18.2  17.5   MM   MM    MM
2026 09 19 19 20 100  2.0  3.0   0.2    MM    MM 260     MM  18.7  18.2  17.4   MM   MM    MM
2026 09 19 19 10 150  1.0  2.0   0.2    MM    MM 253     MM  18.7  18.2  17.4   MM   MM    MM
2026 09 19 19 00 160  2.0  2.0   0.2    MM    MM 247     MM  18.5  18.2  17.4   MM   MM    MM
2026 09 19 18 50 170  2.0  3.0   0.2    MM    MM 250     MM  18.5  18.2  17.3   MM   MM    MM
2026 09 19 18 40 170  2.0  3.0   0.3     5    MM 249     MM  18.5  18.2  17.3   MM   MM    MM
2026 09 19 18 30 180  3.0  4.0   0.3     5    MM 257     MM  18.5  18.2  17.3   MM   MM    MM
2026 09 19 18 20 190  2.0  3.0   0.3     5    MM 299     MM  18.6  18.2  17.3   MM   MM    MM
2026 09 19 18 10 100  2.0  3.0   0.3     6    MM 245     MM  18.6  18.2  17.1   MM   MM    MM
2026 09 19 18 00 160  2.0  3.0   0.3     6    MM 247     MM  18.5  18.2  17.0   MM   MM    MM
2026 09 19 17 50 150  2.0  3.0   0.4     4    MM 351     MM  18.5  18.2  16.9   MM   MM    MM
2026 09 19 17 40 100  1.0  2.0   0.4     4    MM 360     MM  18.7  18.2  17.0   MM   MM    MM
2026 09 19 17 30 190  1.0  3.0   0.4     4    MM 357     MM  18.5  18.2  16.8   MM   MM    MM
2026 09 19 17 20 170  1.0  2.0   0.4     4    MM 358     MM  18.5  18.2  16.7   MM   MM    MM
2026 09 19 17 10  40  1.0  2.0   0.5     4    MM   3     MM  18.3  18.2  16.7   MM   MM    MM
2026 09 19 17 00 160  2.0  5.0   0.5     4    MM   8     MM  17.9  18.2  16.5   MM   MM    MM
2026 09 19 16 50 150  4.0  6.0   0.6     4    MM  15     MM  17.6  18.2  16.4   MM   MM    MM
2026 09 19 16 40 140  6.0  9.0   0.6     5    MM 358     MM  17.4  18.2  16.2   MM   MM    MM
2026 09 19 16 30 150  8.0 10.0   0.6     5    MM 358     MM  17.2  18.2  16.1   MM   MM    MM
2026 09 19 16 20 150  8.0 10.0   0.6     5    MM   4     MM  17.1  18.2  16.0   MM   MM    MM
2026 09 19 16 10 150  7.0 10.0   0.6     5    MM 355     MM  17.0  18.2  15.9   MM   MM    MM
2026 09 19 16 00 160  6.0  8.0   0.6     5    MM 350     MM  17.1  18.2  15.9   MM   MM    MM
2026 09 19 15 50 160  6.0  8.0   0.6     5    MM 356     MM  17.0  18.2  15.8   MM   MM    MM
2026 09 19 15 40 170  6.0  8.0   0.6     5    MM 353     MM  17.1  18.2  15.8   MM   MM    MM
2026 09 19 15 30 170  5.0  7.0   0.6     5    MM   1     MM  17.0  18.2  15.7   MM   MM    MM
2026 09 19 15 20 140  4.0  6.0   0.6     5    MM  14     MM  16.9  18.2  15.5   MM   MM    MM
2026 09 19 15 10 110  3.0  4.0   0.7     5    MM  12     MM  16.8  18.2  15.4   MM   MM    MM
2026 09 19 15 00 100  3.0  5.0   0.6     5    MM 353     MM  16.9  18.2  15.5   MM   MM    MM
2026 09 19 14 50 110  4.0  6.0   0.7     5    MM 359     MM  16.9  18.2  15.5   MM   MM    MM
2026 09 19 14 40 120  5.0  7.0   0.7     5    MM   7     MM  17.0  18.2  15.6   MM   MM    MM
2026 09 19 14 30 120  5.0  8.0   0.7     5    MM   7     MM  17.0  18.2  15.6   MM   MM    MM
2026 09 19 14 20 110  4.0  7.0   0.6     5    MM   7     MM  17.0  18.2  15.6   MM   MM    MM
2026 09 19 14 10 110  3.0  6.0   0.7     5    MM   1     MM  16.9  18.2  15.5   MM   MM    MM
2026 09 19 14 00 130  6.0 10.0   0.7     5    MM 356     MM  16.9  18.2  15.5   MM   MM    MM
2026 09 19 13 50 130  7.0  9.0   0.7     5    MM   5     MM  17.0  18.2  15.8   MM   MM    MM
2026 09 19 13 40 130  6.0  8.0   0.7     5    MM 351     MM  17.0  18.3  15.9   MM   MM    MM
2026 09 19 13 30 130  4.0  7.0   0.6     5    MM 348     MM  17.0  18.3  15.9   MM   MM    MM
2026 09 19 13 20 130  5.0  7.0   0.6     4    MM   5     MM  17.0  18.3  15.9   MM   MM    MM
2026 09 19 13 10 120  6.0  8.0   0.6     4    MM   7     MM  16.9  18.3  15.9   MM   MM    MM
2026 09 19 13 00 120  6.0  9.0   0.7     5    MM 356     MM  16.8  18.3  15.9   MM   MM    MM
2026 09 19 12 50 130  6.0  8.0   0.7     5    MM   1     MM  16.7  18.3  15.9   MM   MM    MM
2026 09 19 12 40 110  7.0  9.0   0.6     5    MM  16     MM  16.4  18.3  15.7   MM   MM    MM
2026 09 19 12 30  90  9.0 11.0   0.6     5    MM  15     MM  16.5  18.3  15.7   MM   MM    MM
2026 09 19 12 20  80  8.0 11.0   0.7     5    MM  24     MM  16.8  18.3  16.0   MM   MM    MM
2026 09 19 12 10  60  6.0  9.0   0.6     5    MM  24     MM  17.1  18.3  16.0   MM   MM    MM
2026 09 19 12 00  40  6.0  8.0   0.6     5    MM  10     MM  17.5  18.4  16.1   MM   MM    MM
2026 09 19 11 50  40  7.0  8.0   0.6     5    MM  32     MM  18.0  18.4  15.9   MM   MM    MM
2026 09 19 11 40 350  6.0  8.0   0.6     5    MM 343     MM  18.0  18.4  15.9   MM   MM    MM
2026 09 19 11 30 350  5.0  8.0   0.6     5    MM 340     MM  18.3  18.4  15.8   MM   MM    MM
2026 09 19 11 20 330  4.0  6.0   0.7     5    MM 352     MM  18.4  18.4  15.7   MM   MM    MM
2026 09 19 11 10  70  3.0  6.0   0.7     4    MM 356     MM  18.4  18.4  15.2   MM   MM    MM
2026 09 19 11 00 120  7.0  9.0   0.6     5    MM   0     MM  18.3  18.4  15.4   MM   MM    MM
2026 09 19 10 50 120  7.0 10.0   0.6     5    MM 358     MM  18.5  18.4  15.4   MM   MM    MM
2026 09 19 10 40 120  7.0  9.0   0.7     5    MM 354     MM  18.8  18.4  15.2   MM   MM    MM
2026 09 19 10 30 120  7.0  9.0   0.7     5    MM 354     MM  18.8  18.4  15.2   MM   MM    MM
2026 09 19 10 20 110  6.0  8.0   0.6     5    MM 359     MM  18.9  18.4  15.2   MM   MM    MM
2026 09 19 10 10 110  6.0  8.0   0.7     5    MM 357     MM  19.0  18.4  15.1   MM   MM    MM
2026 09 19 10 00 110  6.0  9.0   0.7     5    MM 351     MM  19.1  18.4  15.1   MM   MM    MM
2026 09 19 09 50 120  7.0 10.0   0.7     5    MM 350     MM  19.1  18.4  15.1   MM   MM    MM
2026 09 19 09 40 130  8.0 10.0   0.6     5    MM 342     MM  19.2  18.4  14.9   MM   MM    MM
2026 09 19 09 30 130  7.0  9.0   0.7     5    MM 351     MM  19.2  18.4  14.9   MM   MM    MM
2026 09 19 09 20 120  8.0 10.0   0.7     5    MM 350     MM  19.2  18.4  14.9   MM   MM    MM
2026 09 19 09 10 120  7.0 10.0   0.7     5    MM 356     MM  19.2  18.5  15.0   MM   MM    MM
2026 09 19 09 00 120  8.0 11.0   0.7     5    MM 354     MM  19.2  18.5  15.0   MM   MM    MM
2026 09 19 08 50 120  7.0  9.0   0.6     5    MM 349     MM  19.2  18.5  14.9   MM   MM    MM
2026 09 19 08 40 110  7.0  9.0   0.7     5    MM 350     MM  19.2  18.5  14.9   MM   MM    MM
2026 09 19 08 30 120  7.0 10.0   0.6     5    MM 345     MM  19.2  18.5  15.0   MM   MM    MM
2026 09 19 08 20 120  7.0  8.0   0.6     5    MM 350     MM  19.3  18.6  15.0   MM   MM    MM
2026 09 19 08 10 120  6.0  9.0   0.6     4    MM 349     MM  19.3  18.6  15.0   MM   MM    MM
2026 09 19 08 00 120  6.0  9.0   0.6     4    MM 353     MM  19.3  18.6  15.1   MM   MM    MM
2026 09 19 07 50 120  7.0 10.0   0.6     5    MM 352     MM  19.4  18.5  15.0   MM   MM    MM
2026 09 19 07 40 110  6.0  8.0   0.6     5    MM 350     MM  19.5  18.5  15.0   MM   MM    MM
2026 09 19 07 30 110  6.0  8.0   0.6     5    MM 351     MM  19.5  18.5  14.9   MM   MM    MM
2026 09 19 07 20 120  6.0  8.0   0.7     5    MM 347     MM  19.5  18.5  14.9   MM   MM    MM
2026 09 19 07 10 130  7.0  8.0   0.6     5    MM 353     MM  19.5  18.5  14.9   MM   MM    MM
2026 09 19 07 00 130  7.0  9.0   0.6     5    MM 354     MM  19.5  18.5  14.9   MM   MM    MM
2026 09 19 06 50 130  7.0 10.0   0.6     4    MM 355     MM  19.6  18.6  14.8   MM   MM    MM
2026 09 19 06 40 130  7.0 10.0   0.7     5    MM 345     MM  19.6  18.6  14.8   MM   MM    MM
2026 09 19 06 30 130  7.0 11.0   0.6     5    MM 348     MM  19.6  18.6  14.9   MM   MM    MM
2026 09 19 06 20 130  8.0 10.0   0.6     5    MM 348     MM  19.5  18.6  15.1   MM   MM    MM
2026 09 19 06 10 130  7.0  9.0   0.6     5    MM 351     MM  19.5  18.6  15.2   MM   MM    MM
2026 09 19 06 00 120  7.0  9.0   0.6     5    MM 350     MM  19.6  18.6  15.2   MM   MM    MM
2026 09 19 05 50 120  7.0  8.0   0.6     5    MM 348     MM  19.6  18.6  15.2   MM   MM    MM
2026 09 19 05 40 120  6.0  9.0   0.5     4    MM 349     MM  19.6  18.6  15.3   MM   MM    MM
2026 09 19 05 30 110  6.0  8.0   0.5     5    MM 350     MM  19.7  18.6  15.3   MM   MM    MM
2026 09 19 05 20 110  6.0  8.0   0.5     5    MM 341     MM  19.7  18.6  15.4   MM   MM    MM
2026 09 19 05 10 100  5.0  7.0   0.5     5    MM 347     MM  19.7  18.6  15.5   MM   MM    MM
2026 09 19 05 00 110  4.0  6.0   0.5     4    MM 344     MM  19.7  18.6  15.7   MM   MM    MM
2026 09 19 04 50 110  5.0  7.0   0.5     4    MM 348     MM  19.8  18.6  15.7   MM   MM    MM
2026 09 19 04 40 100  5.0  7.0   0.5     4    MM 350     MM  19.8  18.7  15.9   MM   MM    MM
2026 09 19 04 30  90  4.0  6.0   0.5     4    MM 351     MM  19.8  18.7  16.2   MM   MM    MM
2026 09 19 04 20  80  4.0  6.0   0.5     4    MM 351     MM  19.7  18.7  16.4   MM   MM    MM
2026 09 19 04 10  80  4.0  6.0   0.4     5    MM 350     MM  19.5  18.7  16.5   MM   MM    MM
2026 09 19 04 00  80  4.0  6.0   0.4     4    MM 351     MM  19.5  18.8  16.6   MM   MM    MM
2026 09 19 03 50  80  4.0  5.0   0.4     4    MM 351     MM  19.7  18.8  16.6   MM   MM    MM
2026 09 19 03 40  70  3.0  5.0   0.5     5    MM 344     MM  19.7  18.8  16.7   MM   MM    MM
2026 09 19 03 30  80  3.0  4.0   0.4     4    MM 348     MM  19.7  18.8  16.7   MM   MM    MM
2026 09 19 03 20 100  3.0  4.0   0.4     4    MM 345     MM  19.6  18.8  16.7   MM   MM    MM
2026 09 19 03 10  90  3.0  4.0   0.4     4    MM 341     MM  19.2  18.8  17.0   MM   MM    MM
2026 09 19 03 00  90  3.0  4.0   0.3     5    MM 333     MM  19.4  18.8  16.8   MM   MM    MM
2026 09 19 02 50  80  4.0  4.0   0.3     4    MM 347     MM  19.5  18.8  16.7   MM   MM    MM
2026 09 19 02 40  70  3.0  4.0   0.3     4    MM 347     MM  19.5  18.8  16.8   MM   MM    MM
2026 09 19 02 30  80  3.0  4.0   0.4     4    MM 334     MM  19.5  18.9  16.9   MM   MM    MM
2026 09 19 02 20  90  3.0  4.0   0.4     4    MM 344     MM  19.5  18.9  16.8   MM   MM    MM
2026 09 19 02 10  90  3.0  3.0   0.4     4    MM 338     MM  19.6  18.9  16.9   MM   MM    MM
2026 09 19 02 00 100  3.0  4.0   0.4     4    MM 345     MM  19.6  19.0  17.0   MM   MM    MM
2026 09 19 01 50 100  3.0  4.0   0.3     4    MM 320     MM  19.6  19.0  17.1   MM   MM    MM
2026 09 19 01 40  90  2.0  3.0   0.3     5    MM 333     MM  19.5  19.0  17.2   MM   MM    MM
2026 09 19 01 30 100  2.0  3.0   0.4     5    MM 334     MM  19.5  19.0  17.3   MM   MM    MM
2026 09 19 01 20  90  3.0  4.0   0.4     5    MM 349     MM  19.6  19.0  17.3   MM   MM    MM
2026 09 19 01 10  90  3.0  4.0   0.4     5    MM 332     MM  19.6  19.1  17.4   MM   MM    MM
2026 09 19 01 00  80  3.0  4.0   0.4     5    MM 334     MM  19.5  19.1  17.4   MM   MM    MM
2026 09 19 00 50  60  3.0  4.0   0.4     5    MM 335     MM  19.4  19.1  17.3   MM   MM    MM
2026 09 19 00 40  40  3.0  4.0   0.4     5    MM 350     MM  19.3  19.1  17.3   MM   MM    MM
2026 09 19 00 30  60  3.0  4.0   0.4     5    MM 349     MM  19.4  19.1  17.2   MM   MM    MM
2026 09 19 00 20  50  3.0  4.0   0.4     5    MM 360     MM  19.4  19.1  17.2   MM   MM    MM
2026 09 19 00 10  40  3.0  4.0   0.4     5    MM 351     MM  19.5  19.1  17.2   MM   MM    MM
2026 09 19 00 00  50  3.0  4.0   0.4     5    MM 346     MM  19.6  19.1  17.1   MM   MM    MM
2026 09 18 23 50  40  3.0  4.0   0.5     4    MM 344     MM  19.6  19.1  17.1   MM   MM    MM
2026 09 18 23 40  50  3.0  5.0   0.5     5    MM   2     MM  19.7  19.1  17.1   MM   MM    MM
2026 09 18 23 30  60  4.0  5.0   0.5     5    MM 358     MM  19.6  19.1  17.0   MM   MM    MM
2026 09 18 23 10  50  5.0  6.0   0.5     5    MM   0     MM  19.3  19.1  17.2   MM   MM    MM
2026 09 18 23 00  50  4.0  5.0   0.5     5    MM 353     MM  19.4  19.1  17.3   MM   MM    MM
2026 09 18 22 50  50  3.0  4.0   0.5     5    MM 349     MM  19.4  19.1  17.3   MM   MM    MM
2026 09 18 22 40  50  3.0  5.0   0.5     5    MM 355     MM  19.4  19.1  17.3   MM   MM    MM
2026 09 18 22 10  50  3.0  4.0   0.5     5    MM 356     MM  19.3  19.1  17.1   MM   MM    MM
2026 09 18 22 00  30  3.0  4.0   0.5     4    MM  11     MM  19.3  19.1  17.1   MM   MM    MM
2026 09 18 21 50  30  4.0  5.0   0.5     5    MM 359     MM  19.2  19.1  17.0   MM   MM    MM
2026 09 18 21 40  40  4.0  5.0   0.6     4    MM   9     MM  19.3  19.1  17.1   MM   MM    MM
2026 09 18 21 30  30  4.0  5.0   0.6     4    MM  10     MM  19.3  19.1  17.1   MM   MM    MM
2026 09 18 21 20  40  3.0  4.0   0.6     4    MM   6     MM  19.5  19.1  17.0   MM   MM    MM
2026 09 18 21 10  70  4.0  4.0   0.5     4    MM   8     MM  19.4  19.1  16.8   MM   MM    MM
2026 09 18 21 00  70  4.0  5.0   0.5     4    MM 359     MM  19.3  19.1  16.6   MM   MM    MM
2026 09 18 20 50  80  4.0  5.0   0.5     5    MM 360     MM  19.2  19.0  16.4   MM   MM    MM
2026 09 18 20 40  90  4.0  6.0   0.5     5    MM 345     MM  19.0  19.0  16.6   MM   MM    MM
2026 09 18 20 30 100  4.0  5.0   0.6     4    MM 352     MM  19.3  19.0  16.7   MM   MM    MM
2026 09 18 20 20  80  4.0  5.0   0.5     5    MM 354     MM  19.4  19.0  16.5   MM   MM    MM
2026 09 18 20 10  60  4.0  5.0   0.5     5    MM   1     MM  19.4  19.0  16.5   MM   MM    MM
2026 09 18 20 00  40  4.0  6.0   0.5     5    MM 360     MM  19.4  19.0  16.6   MM   MM    MM
2026 09 18 19 50  40  4.0  6.0   0.6     4    MM  10     MM  19.4  19.0  16.5   MM   MM    MM
2026 09 18 19 40  30  5.0  6.0   0.5     4    MM  11     MM  19.4  19.0  16.5   MM   MM    MM
2026 09 18 19 30  30  5.0  7.0   0.5     5    MM   1     MM  19.3  19.0  16.5   MM   MM    MM
2026 09 18 19 20  20  5.0  6.0   0.5     4    MM  16     MM  19.3  19.0  16.4   MM   MM    MM
2026 09 18 19 10  20  5.0  6.0   0.5     4    MM  13     MM  19.3  19.1  16.4   MM   MM    MM
2026 09 18 18 50  30  5.0  6.0   0.5     4    MM  11     MM  19.5  19.1  15.8   MM   MM    MM
2026 09 18 18 40  30  5.0  6.0   0.6     4    MM  12     MM  19.4  19.1  16.0   MM   MM    MM
2026 09 18 18 30  20  5.0  6.0   0.5     4    MM 358     MM  19.4  19.1  15.9   MM   MM    MM
2026 09 18 18 20  20  4.0  6.0   0.6     4    MM   7     MM  19.4  19.1  15.9   MM   MM    MM
2026 09 18 18 10  30  4.0  6.0   0.5     4    MM   7     MM  19.4  19.1  15.8   MM   MM    MM
2026 09 18 18 00  30  4.0  6.0   0.5     4    MM   6     MM  19.4  19.1  16.0   MM   MM    MM
2026 09 18 17 50  30  4.0  6.0   0.6     4    MM 360     MM  19.4  19.1  16.1   MM   MM    MM
2026 09 18 17 40  30  4.0  5.0   0.5     4    MM   4     MM  19.3  19.2  16.1   MM   MM    MM
2026 09 18 17 30  20  4.0  5.0   0.6     4    MM 343     MM  19.3  19.2  16.1   MM   MM    MM
2026 09 18 17 20  30  4.0  5.0   0.6     4    MM 356     MM  19.4  19.1  16.1   MM   MM    MM
2026 09 18 17 10  30  4.0  5.0   0.6     4    MM   1     MM  19.3  19.2  16.2   MM   MM    MM
2026 09 18 17 00  30  4.0  6.0   0.6     4    MM 340     MM  19.5  19.2  16.3   MM   MM    MM
2026 09 18 16 50  50  3.0  4.0   0.6     4    MM 344     MM  20.1  19.2  16.1   MM   MM    MM
2026 09 18 16 40  90  3.0  5.0   0.7     4    MM 348     MM  20.3  19.2  15.8   MM   MM    MM
2026 09 18 16 30  80  3.0  4.0   0.6     5    MM 341     MM  19.9  19.1  16.1   MM   MM    MM
2026 09 18 16 20  50  3.0  4.0   0.6     4    MM 348     MM  19.4  19.1  16.3   MM   MM    MM
2026 09 18 16 10  50  4.0  6.0   0.6     4    MM 347     MM  19.3  19.1  16.1   MM   MM    MM
2026 09 18 16 00  50  4.0  5.0   0.7     5    MM 352     MM  19.2  18.9  16.1   MM   MM    MM
2026 09 18 15 50  50  4.0  6.0   0.6     4    MM   3     MM  19.1  18.9  16.1   MM   MM    MM
2026 09 18 15 40  50  4.0  6.0   0.7     4    MM 350     MM  19.2  18.9  16.0   MM   MM    MM
2026 09 18 15 30  50  4.0  5.0   0.7     4    MM 352     MM  19.1  18.8  16.0   MM   MM    MM
2026 09 18 15 20  60  4.0  5.0   0.6     4    MM 343     MM  19.2  18.8  16.0   MM   MM    MM
2026 09 18 15 10  70  3.0  5.0   0.7     4    MM 350     MM  19.3  18.8  16.0   MM   MM    MM
2026 09 18 15 00  70  4.0  5.0   0.7     4    MM 351     MM  19.1  18.8  15.9   MM   MM    MM
2026 09 18 14 50  70  4.0  6.0   0.7     5    MM 349     MM  19.1  18.8  15.9   MM   MM    MM
2026 09 18 14 40  70  4.0  6.0   0.7     4    MM 354     MM  18.9  18.8  16.1   MM   MM    MM
2026 09 18 14 30  70  5.0  6.0   0.7     4    MM 346     MM  18.8  18.8  16.0   MM   MM    MM
2026 09 18 14 20  70  5.0  7.0   0.7     4    MM 351     MM  18.7  18.8  16.0   MM   MM    MM
2026 09 18 14 10  70  5.0  7.0   0.7     4    MM 353     MM  18.3  18.8  16.1   MM   MM    MM
2026 09 18 14 00  60  6.0  7.0   0.7     4    MM 359     MM  18.0  18.8  15.8   MM   MM    MM
2026 09 18 13 50  60  6.0  8.0   0.7     5    MM 352     MM  17.9  18.8  15.7   MM   MM    MM
2026 09 18 13 40  60  6.0  8.0   0.7     4    MM   3     MM  17.8  18.8  15.5   MM   MM    MM
2026 09 18 13 30  60  6.0  8.0   0.7     4    MM   8     MM  17.7  18.8  15.4   MM   MM    MM
2026 09 18 13 20  60  6.0  8.0   0.7     4    MM   4     MM  17.7  18.8  15.4   MM   MM    MM
2026 09 18 13 10  60  7.0  8.0   0.7     4    MM   7     MM  17.6  18.8  15.3   MM   MM    MM
2026 09 18 13 00  60  7.0  8.0   0.7     4    MM  11     MM  17.6  18.8  15.3   MM   MM    MM
2026 09 18 12 50  60  6.0  8.0   0.7     5    MM   5     MM  17.7  18.7  15.3   MM   MM    MM
2026 09 18 12 40  60  6.0  8.0   0.7     4    MM  10     MM  17.8  18.7  15.4   MM   MM    MM
2026 09 18 12 30  60  6.0  8.0   0.7     4    MM  12     MM  17.8  18.7  15.3   MM   MM    MM
2026 09 18 12 20  60  6.0  8.0   0.7     4    MM  10     MM  17.8  18.7  15.4   MM   MM    MM
2026 09 18 12 10  60  6.0  8.0   0.7     4    MM   9     MM  17.7  18.6  15.4   MM   MM    MM
2026 09 18 12 00  60  6.0  8.0   0.8     5    MM 357     MM  17.7  18.6  15.5   MM   MM    MM
2026 09 18 11 50  60  6.0  8.0   0.7     5    MM   2     MM  17.6  18.5  15.6   MM   MM    MM
2026 09 18 11 40  60  6.0  8.0   0.8     4    MM   4     MM  17.5  18.5  15.7   MM   MM    MM
2026 09 18 11 30  60  6.0  8.0   0.8     5    MM 352     MM  17.5  18.5  15.8   MM   MM    MM
2026 09 18 11 20  60  6.0  9.0   0.8     5    MM   2     MM  17.5  18.5  15.8   MM   MM    MM
2026 09 18 11 10  50  6.0  8.0   0.8     5    MM   9     MM  17.5  18.5  15.8   MM   MM    MM
2026 09 18 11 00  50  7.0  9.0   0.8     5    MM   1     MM  17.5  18.5  15.9   MM   MM    MM
2026 09 18 10 50  50  7.0  9.0   0.9     5    MM   7     MM  17.5  18.5  16.0   MM   MM    MM
2026 09 18 10 40  50  6.0  8.0   0.7     5    MM  12     MM  17.6  18.4  16.1   MM   MM    MM
2026 09 18 10 30  50  6.0  8.0   0.9     5    MM   9     MM  17.6  18.4  16.2   MM   MM    MM
2026 09 18 10 20  50  7.0  9.0   0.8     5    MM   4     MM  17.7  18.4  16.2   MM   MM    MM
2026 09 18 10 10  50  7.0  9.0   0.8     5    MM  11     MM  17.6  18.4  16.3   MM   MM    MM
2026 09 18 10 00  50  7.0  9.0   0.8     4    MM  14     MM  17.7  18.4  16.2   MM   MM    MM
2026 09 18 09 50  50  7.0  9.0   0.8     5    MM   6     MM  17.7  18.5  16.2   MM   MM    MM
2026 09 18 09 40  50  7.0 10.0   0.8     5    MM   9     MM  17.8  18.5  16.2   MM   MM    MM
2026 09 18 09 30  50  7.0  9.0   0.8     5    MM  10     MM  17.8  18.5  16.2   MM   MM    MM
2026 09 18 09 20  50  6.0  8.0   0.8     5    MM   9     MM  17.9  18.5  16.4   MM   MM    MM
2026 09 18 09 10  50  7.0  8.0   0.8     5    MM   7     MM  17.9  18.5  16.6   MM   MM    MM
2026 09 18 09 00  50  7.0  9.0   0.9     5    MM   7     MM  17.9  18.5  16.7   MM   MM    MM
2026 09 18 08 50  50  6.0  9.0   0.7     5    MM   8     MM  18.0  18.5  16.8   MM   MM    MM
2026 09 18 08 40  40  6.0  8.0   0.8     5    MM   7     MM  18.0  18.5  16.9   MM   MM    MM
2026 09 18 08 30  40  6.0  9.0   0.8     5    MM  13     MM  18.1  18.5  16.9   MM   MM    MM
2026 09 18 08 20  40  8.0  9.0   0.8     5    MM  20     MM  18.2  18.5  17.0   MM   MM    MM
2026 09 18 08 10  40  7.0  9.0   0.8     5    MM  20     MM  18.3  18.6  17.1   MM   MM    MM
2026 09 18 08 00  40  6.0  8.0   0.9     5    MM  16     MM  18.4  18.6  17.2   MM   MM    MM
2026 09 18 07 50  40  6.0  8.0   0.7     4    MM  27     MM  18.5  18.6  17.3   MM   MM    MM
2026 09 18 07 40  30  6.0  9.0   0.8     5    MM  18     MM  18.5  18.6  17.3   MM   MM    MM
2026 09 18 07 30  30  6.0  8.0   0.8     4    MM  23     MM  18.6  18.6  17.4   MM   MM    MM
2026 09 18 07 20  30  6.0  8.0   0.9     4    MM  22     MM  18.6  18.6  17.5   MM   MM    MM
2026 09 18 07 10  30  6.0  8.0   0.8     4    MM  22     MM  18.6  18.6  17.6   MM   MM    MM
2026 09 18 07 00  30  6.0  8.0   0.8     4    MM  26     MM  18.7  18.6  17.7   MM   MM    MM
2026 09 18 06 50  30  6.0  8.0   0.9     4    MM  19     MM  18.8  18.6  17.8   MM   MM    MM
2026 09 18 06 40  30  5.0  7.0   0.8     4    MM  21     MM  18.8  18.5  17.8   MM   MM    MM
2026 09 18 06 30  30  6.0  8.0   0.8     5    MM  17     MM  18.8  18.5  17.9   MM   MM    MM
2026 09 18 06 20  30  5.0  7.0   0.8     4    MM  20     MM  18.8  18.5  17.9   MM   MM    MM
2026 09 18 06 10  30  5.0  7.0   0.8     4    MM  22     MM  18.9  18.5  17.9   MM   MM    MM
2026 09 18 06 00  20  6.0  8.0   0.7     4    MM  18     MM  18.9  18.5  18.0   MM   MM    MM
2026 09 18 05 50  20  6.0  8.0   0.8     4    MM  19     MM  18.9  18.5  18.0   MM   MM    MM
2026 09 18 05 40  20  7.0  8.0   0.7     4    MM  27     MM  18.9  18.6  18.0   MM   MM    MM
2026 09 18 05 30  20  7.0  9.0   0.7     4    MM  25     MM  19.0  18.6  18.0   MM   MM    MM
2026 09 18 05 20  20  6.0  8.0   0.7     4    MM  25     MM  19.0  18.6  18.1   MM   MM    MM
2026 09 18 05 10  20  6.0  9.0   0.7     4    MM  12     MM  19.1  18.6  18.1   MM   MM    MM
2026 09 18 05 00  30  6.0  8.0   0.7     4    MM  15     MM  19.1  18.6  18.2   MM   MM    MM
2026 09 18 04 50  30  6.0  8.0   0.6     4    MM  11     MM  19.1  18.6  18.2   MM   MM    MM
2026 09 18 04 40  30  6.0  8.0   0.7     4    MM   8     MM  19.2  18.6  18.3   MM   MM    MM
2026 09 18 04 30  30  5.0  7.0   0.6     4    MM  11     MM  19.3  18.6  18.4   MM   MM    MM
2026 09 18 04 20  30  4.0  6.0   0.6     4    MM 358     MM  19.3  18.6  18.4   MM   MM    MM
2026 09 18 04 10  30  4.0  6.0   0.6     4    MM   5     MM  19.3  18.6  18.4   MM   MM    MM
2026 09 18 04 00  40  4.0  6.0   0.6     3    MM  12     MM  19.4  18.6  18.5   MM   MM    MM
2026 09 18 03 50  30  5.0  7.0   0.5     3    MM   4     MM  19.4  18.6  18.6   MM   MM    MM
2026 09 18 03 40  30  5.0  6.0   0.5     3    MM   6     MM  19.5  18.5  18.7   MM   MM    MM
2026 09 18 03 30  20  5.0  7.0   0.5     3    MM   5     MM  19.6  18.5  18.8   MM   MM    MM
2026 09 18 03 20  20  5.0  7.0   0.5     3    MM   2     MM  19.7  18.5  18.8   MM   MM    MM
2026 09 18 03 10  20  5.0  8.0   0.5     3    MM 358     MM  19.8  18.4  18.9   MM   MM    MM
2026 09 18 03 00  20  6.0  8.0   0.5     3    MM  11     MM  19.9  18.4  19.0   MM   MM    MM
2026 09 18 02 50  10  6.0  8.0   0.4     3    MM   6     MM  20.0  18.4  19.0   MM   MM    MM
2026 09 18 02 40  20  6.0  8.0   0.4     3    MM   8     MM  19.9  18.4  19.1   MM   MM    MM
2026 09 18 02 30  20  5.0  7.0   0.4     3    MM 358     MM  19.9  18.4  19.4   MM   MM    MM
2026 09 18 02 20  10  5.0  7.0   0.3     3    MM  10     MM  19.9  18.4  19.5   MM   MM    MM
2026 09 18 02 10  10  4.0  6.0   0.4     3    MM  11     MM  19.9  18.4  19.5   MM   MM    MM
2026 09 18 02 00  20  4.0  5.0   0.4     3    MM 356     MM  19.9  18.4  19.5   MM   MM    MM
2026 09 18 01 50  20  2.0  4.0   0.3     3    MM 352     MM  19.7  18.4  19.3   MM   MM    MM
2026 09 18 01 40  20  3.0  5.0   0.3     3    MM 359     MM  19.8  18.4  19.4   MM   MM    MM
2026 09 18 01 30  20  3.0  5.0   0.3     3    MM 353     MM  19.8  18.4  19.5   MM   MM    MM
2026 09 18 01 20  20  4.0  5.0   0.3     3    MM 354     MM  19.9  18.5  19.5   MM   MM    MM
2026 09 18 01 10  20  4.0  6.0   0.3     3    MM 354     MM  19.9  18.4  19.5   MM   MM    MM
2026 09 18 01 00  30  4.0  6.0   0.3     3    MM 348     MM  19.9  18.5  19.6   MM   MM    MM
2026 09 18 00 50  20  4.0  6.0   0.3     3    MM 348     MM  20.0  18.5  19.7   MM   MM    MM
2026 09 18 00 40  20  3.0  5.0   0.3     3    MM 355     MM  19.9  18.6  19.6   MM   MM    MM
2026 09 18 00 30  10  4.0  5.0   0.3     3    MM 345     MM  19.8  18.5  19.5   MM   MM    MM
2026 09 18 00 20  10  4.0  5.0   0.3     3    MM   4     MM  19.7  18.7  19.4   MM   MM    MM
2026 09 18 00 10  20  3.0  5.0   0.3     3    MM 349     MM  19.7  18.7  19.3   MM   MM    MM
2026 09 18 00 00  20  3.0  4.0   0.3     3    MM 347     MM  19.6  18.9  19.2   MM   MM    MM
2026 09 17 23 50  30  3.0  3.0   0.3     3    MM 354     MM  19.6  18.8  19.2   MM   MM    MM
2026 09 17 23 40  50  2.0  3.0   0.3     4    MM  19     MM  19.5  18.9  19.1   MM   MM    MM
2026 09 17 23 30  60  2.0  2.0   0.3     3    MM 352     MM  19.5  19.0  19.1   MM   MM    MM
2026 09 17 23 10  60  2.0  3.0   0.3     4    MM 346     MM  19.7  19.1  19.3   MM   MM    MM
2026 09 17 23 00  70  2.0  3.0   0.3     3    MM   9     MM  19.6  19.0  19.2   MM   MM    MM
2026 09 17 22 50  70  3.0  3.0   0.3     4    MM 354     MM  19.7  18.9  19.2   MM   MM    MM
2026 09 17 22 40  60  2.0  3.0   0.3     4    MM  24     MM  19.8  18.9  19.3   MM   MM    MM
2026 09 17 22 30  70  2.0  3.0   0.3     4    MM  22     MM  19.9  19.0  19.3   MM   MM    MM
2026 09 17 22 20  80  2.0  2.0   0.3     4    MM  21     MM  19.9  19.0  19.3   MM   MM    MM
2026 09 17 22 10  60  2.0  3.0   0.3     4    MM  26     MM  19.9  19.0  19.4   MM   MM    MM
2026 09 17 22 00  40  2.0  3.0   0.3     4    MM  29     MM  20.0  19.1  19.5   MM   MM    MM
2026 09 17 21 50  40  2.0  3.0   0.2    MM    MM  28     MM  20.1  19.2  19.5   MM   MM    MM
2026 09 17 21 40  50  2.0  3.0   0.2    MM    MM  24     MM  20.2  19.1  19.6   MM   MM    MM
2026 09 17 21 30  30  2.0  3.0   0.3     4    MM  36     MM  20.2  19.1  19.7   MM   MM    MM
2026 09 17 21 20  10  3.0  4.0   0.2    MM    MM  29     MM  20.2  19.1  19.7   MM   MM    MM
2026 09 17 21 10  10  3.0  4.0   0.2    MM    MM  34     MM  20.3  19.1  19.8   MM   MM    MM
2026 09 17 21 00  10  3.0  5.0   0.2    MM    MM  31     MM  20.5  19.2  19.9   MM   MM    MM
2026 09 17 16 50 220  2.0  3.0   0.3     4    MM   3     MM  20.0  18.5  19.3   MM   MM    MM
2026 09 17 16 40 230  2.0  3.0   0.3     5    MM 359     MM  19.9  18.5  19.3   MM   MM    MM
2026 09 17 16 30 220  2.0  3.0   0.3     4    MM 346     MM  19.8  18.4  19.3   MM   MM    MM
2026 09 17 16 20 210  3.0  4.0   0.3     4    MM 336     MM  19.7  18.4  19.2   MM   MM    MM
2026 09 17 16 10 200  4.0  5.0   0.3     5    MM 347     MM  19.6  18.4  19.1   MM   MM    MM
2026 09 17 15 50 220  3.0  4.0   0.3     5    MM 352     MM  19.5  18.4  19.1   MM   MM    MM
2026 09 17 15 40 230  3.0  4.0   0.3     5    MM 349     MM  19.5  18.4  19.1   MM   MM    MM
2026 09 17 15 30 220  2.0  3.0   0.3     5    MM 351     MM  19.6  18.4  19.2   MM   MM    MM
2026 09 17 15 20 210  3.0  4.0   0.3     5    MM 349     MM  19.7  18.4  19.3   MM   MM    MM
2026 09 17 15 10 190  3.0  4.0   0.3     5    MM 342     MM  19.6  18.4  19.2   MM   MM    MM
2026 09 17 15 00 180  3.0  4.0   0.3     5    MM 349     MM  19.6  18.4  19.3   MM   MM    MM
2026 09 17 14 50 200  4.0  5.0   0.3     5    MM 342     MM  19.6  18.4  19.3   MM   MM    MM
2026 09 17 14 40 210  4.0  6.0   0.3     5    MM 342     MM  19.6  18.4  19.3   MM   MM    MM
2026 09 17 14 30 210  3.0  4.0   0.3     5    MM 352     MM  19.6  18.4  19.2   MM   MM    MM
2026 09 17 14 20 230  4.0  5.0   0.3     5    MM 354     MM  19.6  18.4  19.2   MM   MM    MM
2026 09 17 14 10 230  4.0  5.0   0.3     5    MM 345     MM  19.5  18.4  19.2   MM   MM    MM
2026 09 17 14 00 240  5.0  6.0   0.3     5    MM 351     MM  19.6  18.4  19.2   MM   MM    MM
2026 09 17 13 50 230  5.0  6.0   0.3     5    MM 354     MM  19.5  18.4  19.1   MM   MM    MM
2026 09 17 13 40 230  3.0  5.0   0.3     5    MM 347     MM  19.6  18.4  19.2   MM   MM    MM
2026 09 17 13 30 240  4.0  6.0   0.3     5    MM 348     MM  19.5  18.3  19.2   MM   MM    MM
2026 09 17 13 20 240  5.0  6.0   0.3     5    MM 345     MM  19.7  18.4  19.4   MM   MM    MM
2026 09 17 13 10 240  5.0  6.0   0.3     5    MM 353     MM  19.7  18.4  19.3   MM   MM    MM
2026 09 17 13 00 250  5.0  6.0   0.3     5    MM 350     MM  19.7  18.4  19.4   MM   MM    MM
2026 09 17 12 50 240  5.0  6.0   0.3     5    MM 353     MM  19.7  18.4  19.4   MM   MM    MM
2026 09 17 12 40 230  4.0  6.0   0.3     5    MM 356     MM  19.6  18.4  19.3   MM   MM    MM
2026 09 17 12 30 240  3.0  4.0   0.3     5    MM 349     MM  19.3  18.4  19.0   MM   MM    MM
2026 09 17 12 20 240  3.0  4.0   0.3     5    MM   6     MM  19.3  18.4  19.0   MM   MM    MM
2026 09 17 12 10 260  3.0  4.0   0.3     5    MM  11     MM  19.2  18.4  18.8   MM   MM    MM
2026 09 17 12 00 240  2.0  3.0   0.3     5    MM  26     MM  18.9  18.4  18.6   MM   MM    MM
2026 09 17 11 50 260  1.0  2.0   0.3     5    MM  10     MM  18.9  18.4  18.5   MM   MM    MM
2026 09 17 11 40 170  1.0  3.0   0.3     4    MM  23     MM  18.9  18.4  18.5   MM   MM    MM
2026 09 17 11 30  50  1.0  2.0   0.3     4    MM  16     MM  18.9  18.4  18.5   MM   MM    MM
2026 09 17 11 20  50  1.0  2.0   0.3     5    MM  24     MM  18.8  18.4  18.5   MM   MM    MM
2026 09 17 11 10  70  1.0  2.0   0.3     5    MM  23     MM  18.9  18.4  18.5   MM   MM    MM
2026 09 17 11 00 200  1.0  1.0   0.3     5    MM  22     MM  18.9  18.4  18.6   MM   MM    MM
2026 09 17 10 50 290  1.0  2.0   0.3     4    MM  13     MM  18.8  18.4  18.5   MM   MM    MM
2026 09 17 10 40  10  1.0  2.0   0.3     5    MM  28     MM  18.9  18.4  18.5   MM   MM    MM
2026 09 17 10 30  50  1.0  2.0   0.3     4    MM   6     MM  19.0  18.4  18.6   MM   MM    MM
2026 09 17 10 20  40  1.0  2.0   0.3     4    MM  22     MM  19.0  18.4  18.6   MM   MM    MM
2026 09 17 10 10  70  1.0  2.0   0.3     4    MM  15     MM  19.0  18.4  18.7   MM   MM    MM
2026 09 17 10 00  80  1.0  2.0   0.3     4    MM  10     MM  19.1  18.4  18.7   MM   MM    MM
2026 09 17 09 50  70  1.0  2.0   0.3     4    MM  19     MM  19.1  18.4  18.7   MM   MM    MM
2026 09 17 09 40  80  1.0  2.0   0.3     4    MM  22     MM  19.1  18.4  18.7   MM   MM    MM
2026 09 17 09 30 130  1.0  2.0   0.3     4    MM  29     MM  19.1  18.4  18.6   MM   MM    MM
2026 09 17 09 20 130  1.0  2.0   0.3     5    MM  12     MM  19.1  18.4  18.6   MM   MM    MM
2026 09 17 09 10  50  1.0  2.0   0.4     4    MM   3     MM  19.3  18.4  18.9   MM   MM    MM
2026 09 17 09 00  MM  0.0  1.0   0.3     4    MM  30     MM  19.5  18.4  19.0   MM   MM    MM
2026 09 17 08 50  MM  0.0  1.0   0.4     4    MM  23     MM  19.4  18.4  19.0   MM   MM    MM
2026 09 17 08 40 170  1.0  2.0   0.4     5    MM   8     MM  19.3  18.4  18.9   MM   MM    MM
2026 09 17 08 30 210  1.0  2.0   0.4     4    MM  17     MM  19.3  18.4  18.9   MM   MM    MM
2026 09 17 08 20 290  1.0  1.0   0.4     4    MM  23     MM  19.3  18.4  18.9   MM   MM    MM
2026 09 17 08 10 280  1.0  1.0   0.4     4    MM  19     MM  19.3  18.4  18.9   MM   MM    MM
2026 09 17 08 00 230  1.0  2.0   0.4     4    MM  25     MM  19.3  18.4  18.9   MM   MM    MM
2026 09 17 07 50 230  1.0  2.0   0.4     4    MM  22     MM  19.2  18.4  18.9   MM   MM    MM
2026 09 17 07 40 220  1.0  2.0   0.4     4    MM  17     MM  19.2  18.4  18.8   MM   MM    MM
2026 09 17 07 30 240  1.0  2.0   0.4     4    MM  18     MM  19.2  18.4  18.8   MM   MM    MM
2026 09 17 07 20 250  1.0  2.0   0.5     5    MM  13     MM  19.2  18.4  18.9   MM   MM    MM
2026 09 17 07 10 220  1.0  2.0   0.4     4    MM  20     MM  19.3  18.4  18.9   MM   MM    MM
2026 09 17 07 00 200  1.0  2.0   0.5     4    MM  19     MM  19.1  18.4  18.8   MM   MM    MM
2026 09 17 06 50 210  1.0  2.0   0.5     4    MM  19     MM  19.0  18.4  18.7   MM   MM    MM
2026 09 17 06 40 190  1.0  2.0   0.5     4    MM  21     MM  19.0  18.4  18.6   MM   MM    MM
2026 09 17 06 30 200  1.0  2.0   0.5     5    MM  28     MM  18.9  18.4  18.6   MM   MM    MM
2026 09 17 06 20 170  1.0  2.0   0.5     4    MM  23     MM  18.9  18.4  18.6   MM   MM    MM
2026 09 17 06 10 130  2.0  3.0   0.5     4    MM  26     MM  18.8  18.4  18.5   MM   MM    MM
2026 09 17 06 00 100  2.0  3.0   0.5     4    MM  29     MM  18.8  18.4  18.4   MM   MM    MM
2026 09 17 05 50  90  2.0  3.0   0.5     5    MM  10     MM  18.7  18.4  18.3   MM   MM    MM
2026 09 17 05 40  90  2.0  2.0   0.6     4    MM  20     MM  18.7  18.4  18.4   MM   MM    MM
2026 09 17 05 30 100  2.0  3.0   0.6     4    MM  22     MM  18.8  18.4  18.4   MM   MM    MM
2026 09 17 05 20  60  1.0  2.0   0.6     5    MM  22     MM  19.0  18.4  18.6   MM   MM    MM
2026 09 17 05 10  10  1.0  3.0   0.6     5    MM  27     MM  19.0  18.4  18.6   MM   MM    MM
2026 09 17 05 00 320  1.0  2.0   0.7     4    MM  30     MM  19.0  18.4  18.6   MM   MM    MM
2026 09 17 04 50 300  1.0  2.0   0.6     5    MM  29     MM  19.1  18.4  18.6   MM   MM    MM
2026 09 17 04 40 300  2.0  2.0   0.6     4    MM  30     MM  19.0  18.4  18.6   MM   MM    MM
2026 09 17 04 30 300  2.0  3.0   0.6     5    MM  25     MM  19.0  18.4  18.5   MM   MM    MM
2026 09 17 04 20 310  2.0  3.0   0.7     5    MM  32     MM  18.9  18.4  18.4   MM   MM    MM
2026 09 17 04 10 330  2.0  3.0   0.7     5    MM  35     MM  18.9  18.4  18.4   MM   MM    MM
2026 09 17 04 00 310  1.0  2.0   0.7     5    MM  30     MM  19.1  18.4  18.5   MM   MM    MM
2026 09 17 03 50 270  1.0  2.0   0.7     4    MM  29     MM  19.2  18.4  18.6   MM   MM    MM
2026 09 17 03 40 210  1.0  2.0   0.7     4    MM  37     MM  19.2  18.4  18.6   MM   MM    MM
2026 09 17 03 30 190  1.0  2.0   0.7     4    MM  35     MM  19.1  18.4  18.6   MM   MM    MM
2026 09 17 03 20 160  1.0  3.0   0.7     4    MM  34     MM  19.1  18.4  18.6   MM   MM    MM
2026 09 17 03 10 190  1.0  3.0   0.7     5    MM  37     MM  19.1  18.4  18.6   MM   MM    MM
2026 09 17 03 00 180  2.0  4.0   0.7     5    MM  32     MM  19.1  18.4  18.6   MM   MM    MM
2026 09 17 02 50 180  2.0  3.0   0.7     5    MM  30     MM  19.1  18.4  18.6   MM   MM    MM
2026 09 17 02 40 170  2.0  4.0   0.7     5    MM  31     MM  19.1  18.4  18.5   MM   MM    MM
2026 09 17 02 30 200  1.0  3.0   0.7     4    MM  34     MM  19.1  18.5  18.5   MM   MM    MM
2026 09 17 02 20 240  1.0  2.0   0.7     4    MM  36     MM  19.0  18.4  18.4   MM   MM    MM
2026 09 17 02 10 260  2.0  3.0   0.8     5    MM  35     MM  18.9  18.5  18.3   MM   MM    MM
2026 09 17 02 00 270  1.0  2.0   0.8     5    MM  37     MM  19.0  18.4  18.4   MM   MM    MM
2026 09 17 01 50 310  1.0  2.0   0.8     5    MM  33     MM  19.1  18.5  18.5   MM   MM    MM
2026 09 17 01 40 340  1.0  2.0   0.7     4    MM  34     MM  19.1  18.5  18.5   MM   MM    MM
2026 09 17 01 30 360  1.0  3.0   0.7     5    MM  28     MM  19.1  18.5  18.5   MM   MM    MM
2026 09 17 01 20  40  1.0  2.0   0.7     5    MM  27     MM  19.1  18.4  18.5   MM   MM    MM
2026 09 17 01 10 360  1.0  2.0   0.7     4    MM  28     MM  19.1  18.4  18.4   MM   MM    MM
2026 09 17 01 00 360  1.0  2.0   0.7     5    MM  29     MM  19.0  18.4  18.4   MM   MM    MM
2026 09 17 00 50  40  1.0  2.0   0.6     5    MM  33     MM  19.0  18.4  18.4   MM   MM    MM
2026 09 17 00 40  60  1.0  3.0   0.6     5    MM  33     MM  19.0  18.4  18.4   MM   MM    MM
2026 09 17 00 30  70  2.0  2.0   0.6     5    MM  26     MM  19.1  18.4  18.5   MM   MM    MM
2026 09 17 00 20  50  2.0  3.0   0.6     4    MM  22     MM  19.2  18.4  18.6   MM   MM    MM
2026 09 17 00 10  50  2.0  3.0   0.6     5    MM  27     MM  19.2  18.4  18.7   MM   MM    MM
2026 09 17 00 00  50  2.0  3.0   0.6     5    MM  32     MM  19.1  18.5  18.6   MM   MM    MM
2026 09 16 23 50  50  2.0  2.0   0.6     5    MM  25     MM  19.2  18.3  18.7   MM   MM    MM
2026 09 16 23 40  30  2.0  3.0   0.6     5    MM  28     MM  19.4  18.3  18.9   MM   MM    MM
2026 09 16 23 30  20  2.0  3.0   0.6     5    MM  24     MM  19.4  18.4  19.0   MM   MM    MM
2026 09 16 23 10  30  2.0  3.0   0.5     5    MM  31     MM  19.4  18.4  18.9   MM   MM    MM
2026 09 16 23 00  30  2.0  3.0   0.6     5    MM  16     MM  19.4  18.5  18.9   MM   MM    MM
2026 09 16 22 50  30  2.0  2.0   0.6     5    MM  15     MM  19.3  18.5  18.7   MM   MM    MM
2026 09 16 22 40  20  2.0  3.0   0.6     5    MM  18     MM  19.3  18.5  18.7   MM   MM    MM
2026 09 16 22 30 360  2.0  2.0   0.5     5    MM  27     MM  19.2  18.5  18.6   MM   MM    MM
2026 09 16 22 20 360  2.0  2.0   0.5     5    MM  27     MM  19.1  18.5  18.6   MM   MM    MM
2026 09 16 22 10  10  2.0  3.0   0.5     5    MM  21     MM  19.2  18.5  18.6   MM   MM    MM
2026 09 16 22 00 350  1.0  2.0   0.5     5    MM  21     MM  19.3  18.5  18.7   MM   MM    MM
2026 09 16 21 50  70  1.0  2.0   0.4     5    MM  18     MM  19.4  18.5  18.7   MM   MM    MM
2026 09 16 21 40  50  2.0  3.0   0.5     5    MM 348     MM  19.3  18.5  18.7   MM   MM    MM
2026 09 16 21 30  30  1.0  2.0   0.4     5    MM 348     MM  19.6  18.5  18.9   MM   MM    MM
2026 09 16 21 20  MM  0.0  1.0   0.4     5    MM 349     MM  19.7  18.5  19.1   MM   MM    MM
2026 09 16 21 10 120  1.0  2.0   0.5     5    MM 349     MM  19.5  18.5  18.9   MM   MM    MM
2026 09 16 21 00 130  2.0  2.0   0.5     5    MM 342     MM  19.3  18.5  18.8   MM   MM    MM
2026 09 16 20 50  60  2.0  3.0   0.4     5    MM   2     MM  19.5  18.5  18.9   MM   MM    MM
2026 09 16 20 40  30  2.0  3.0   0.5     5    MM 355     MM  19.4  18.4  18.8   MM   MM    MM
2026 09 16 20 30  40  1.0  2.0   0.4     5    MM 345     MM  19.5  18.4  18.8   MM   MM    MM
2026 09 16 20 20  40  2.0  3.0   0.5     5    MM 337     MM  19.5  18.4  18.9   MM   MM    MM
2026 09 16 20 10  40  1.0  2.0   0.4     5    MM 346     MM  19.5  18.4  18.9   MM   MM    MM
2026 09 16 20 00  60  3.0  3.0   0.4     5    MM 352     MM  19.6  18.4  18.9   MM   MM    MM
2026 09 16 19 50  40  2.0  3.0   0.4     5    MM 353     MM  19.6  18.4  18.9   MM   MM    MM
2026 09 16 19 40  30  2.0  3.0   0.5     5    MM 349     MM  19.5  18.4  18.8   MM   MM    MM
2026 09 16 19 30  20  2.0  3.0   0.4     5    MM 352     MM  19.5  18.3  18.8   MM   MM    MM
2026 09 16 19 20  20  2.0  3.0   0.5     5    MM 348     MM  19.5  18.3  18.8   MM   MM    MM
2026 09 16 19 10  20  2.0  3.0   0.5     5    MM 346     MM  19.5  18.3  18.8   MM   MM    MM
2026 09 16 19 00 360  2.0  3.0   0.4     5    MM 350     MM  19.5  18.3  18.8   MM   MM    MM
2026 09 16 18 50  30  1.0  2.0   0.5     5    MM 346     MM  19.5  18.3  18.7   MM   MM    MM
2026 09 16 18 40  60  1.0  2.0   0.5     4    MM 348     MM  19.7  18.3  18.8   MM   MM    MM
2026 09 16 18 30  20  1.0  2.0   0.4     5    MM 351     MM  19.7  18.3  18.9   MM   MM    MM
2026 09 16 18 20  10  2.0  3.0   0.4     5    MM 358     MM  19.7  18.3  18.9   MM   MM    MM
2026 09 16 18 10  10  2.0  3.0   0.5     4    MM 354     MM  19.7  18.3  18.9   MM   MM    MM
2026 09 16 18 00  20  3.0  4.0   0.5     5    MM   2     MM  19.7  18.3  18.9   MM   MM    MM
2026 09 16 17 50  10  3.0  4.0   0.5     5    MM 357     MM  19.6  18.3  18.9   MM   MM    MM
2026 09 16 17 40  30  3.0  4.0   0.5     5    MM   1     MM  19.5  18.3  18.8   MM   MM    MM
2026 09 16 17 30  30  3.0  3.0   0.4     4    MM 358     MM  19.5  18.2  18.8   MM   MM    MM
2026 09 16 17 20  20  2.0  3.0   0.5     5    MM 349     MM  19.6  18.2  18.8   MM   MM    MM
2026 09 16 17 10  20  2.0  3.0   0.5     4    MM 357     MM  19.5  18.2  18.8   MM   MM    MM
2026 09 16 17 00 360  2.0  3.0   0.4     5    MM 350     MM  19.6  18.2  18.8   MM   MM    MM
2026 09 16 16 50  10  2.0  3.0   0.5     5    MM 353     MM  19.6  18.2  18.8   MM   MM    MM
2026 09 16 16 40  20  3.0  4.0   0.5     5    MM 354     MM  19.6  18.2  18.9   MM   MM    MM
2026 09 16 16 30 360  3.0  3.0   0.5     5    MM 356     MM  19.5  18.3  18.8   MM   MM    MM
2026 09 16 16 20 360  2.0  3.0   0.5     5    MM 357     MM  19.5  18.3  18.7   MM   MM    MM
2026 09 16 16 10  10  2.0  3.0   0.5     4    MM   0     MM  19.5  18.3  18.6   MM   MM    MM
2026 09 16 16 00  10  3.0  4.0   0.5     5    MM 359     MM  19.5  18.3  18.7   MM   MM    MM
2026 09 16 15 50  20  3.0  4.0   0.5     4    MM   1     MM  19.4  18.3  18.6   MM   MM    MM
2026 09 16 15 40  10  3.0  4.0   0.5     5    MM   4     MM  19.3  18.3  18.4   MM   MM    MM
2026 09 16 15 30  40  3.0  4.0   0.5     5    MM   1     MM  19.2  18.3  18.3   MM   MM    MM
2026 09 16 15 20  50  4.0  5.0   0.6     5    MM   1     MM  19.0  18.3  18.2   MM   MM    MM
2026 09 16 15 10  50  4.0  5.0   0.6     5    MM 353     MM  19.0  18.3  18.1   MM   MM    MM
2026 09 16 15 00  20  3.0  4.0   0.6     5    MM 357     MM  18.9  18.3  18.1   MM   MM    MM
2026 09 16 14 50  30  2.0  3.0   0.6     5    MM 357     MM  18.7  18.4  17.8   MM   MM    MM
2026 09 16 14 40  40  2.0  3.0   0.6     4    MM 356     MM  18.7  18.4  17.8   MM   MM    MM
2026 09 16 14 30  70  2.0  3.0   0.6     4    MM 360     MM  18.7  18.4  17.8   MM   MM    MM
2026 09 16 14 20  80  2.0  3.0   0.6     4    MM 357     MM  18.7  18.3  17.8   MM   MM    MM
2026 09 16 14 10  60  2.0  3.0   0.5     4    MM 354     MM  18.8  18.3  17.9   MM   MM    MM
2026 09 16 14 00  60  2.0  3.0   0.6     4    MM 360     MM  18.8  18.3  17.8   MM   MM    MM
2026 09 16 13 50  50  3.0  5.0   0.6     4    MM 358     MM  18.7  18.3  17.8   MM   MM    MM
2026 09 16 13 40  60  4.0  5.0   0.6     4    MM   2     MM  18.7  18.3  17.8   MM   MM    MM
2026 09 16 13 30  70  3.0  4.0   0.6     4    MM   3     MM  18.6  18.3  17.7   MM   MM    MM
2026 09 16 13 20  90  3.0  4.0   0.6     4    MM 358     MM  18.6  18.3  17.7   MM   MM    MM
2026 09 16 13 10  90  3.0  4.0   0.6     4    MM   4     MM  18.5  18.2  17.7   MM   MM    MM
2026 09 16 13 00  90  3.0  4.0   0.6     4    MM 358     MM  18.5  18.1  17.8   MM   MM    MM
2026 09 16 12 50  70  2.0  4.0   0.6     4    MM   0     MM  18.7  18.1  17.9   MM   MM    MM
2026 09 16 12 40  70  2.0  3.0   0.6     4    MM   4     MM  18.7  18.0  17.9   MM   MM    MM
2026 09 16 12 30  60  2.0  3.0   0.6     4    MM 360     MM  18.9  18.1  18.1   MM   MM    MM
2026 09 16 12 20  50  2.0  3.0   0.6     4    MM   7     MM  19.2  18.2  18.3   MM   MM    MM
2026 09 16 12 10  40  3.0  4.0   0.6     4    MM   7     MM  19.3  18.2  18.3   MM   MM    MM
2026 09 16 12 00  40  3.0  4.0   0.5     4    MM   1     MM  19.2  18.2  18.2   MM   MM    MM
2026 09 16 11 50  50  2.0  3.0   0.5     4    MM   5     MM  19.0  18.1  18.1   MM   MM    MM
2026 09 16 11 40  50  1.0  2.0   0.5     4    MM 360     MM  19.0  18.2  18.0   MM   MM    MM
2026 09 16 11 30  30  1.0  2.0   0.5     4    MM   5     MM  19.0  18.2  17.9   MM   MM    MM
2026 09 16 11 20  30  1.0  2.0   0.5     4    MM 356     MM  19.0  18.2  17.9   MM   MM    MM
2026 09 16 11 10  10  1.0  2.0   0.4     3    MM 356     MM  19.0  18.2  17.9   MM   MM    MM
2026 09 16 11 00  80  1.0  1.0   0.5     3    MM   4     MM  19.0  18.2  17.9   MM   MM    MM
2026 09 16 10 50  70  1.0  2.0   0.4     3    MM  10     MM  19.0  18.2  17.9   MM   MM    MM
2026 09 16 10 40  80  1.0  2.0   0.3     3    MM   5     MM  19.0  18.3  17.9   MM   MM    MM
2026 09 16 10 30  60  1.0  2.0   0.3     3    MM   5     MM  19.0  18.3  17.9   MM   MM    MM
2026 09 16 10 00  30  3.0  4.0   0.2    MM    MM  14     MM  19.5  18.3  18.1   MM   MM    MM
2026 09 16 09 50  30  4.0  5.0   0.2    MM    MM  29     MM  19.7  18.3  18.0   MM   MM    MM
2026 09 16 09 40  30  4.0  5.0   0.2    MM    MM  29     MM  19.7  18.4  18.0   MM   MM    MM
2026 09 16 09 30  40  4.0  5.0   0.2    MM    MM  24     MM  19.8  18.4  18.1   MM   MM    MM
2026 09 16 09 20  30  4.0  5.0   0.1    MM    MM  24     MM  19.8  18.5  18.2   MM   MM    MM
2026 09 16 09 10  30  4.0  4.0   0.1    MM    MM  26     MM  19.7  18.5  18.3   MM   MM    MM
2026 09 16 09 00  30  4.0  5.0   0.1    MM    MM  17     MM  19.8  18.5  18.7   MM   MM    MM
2026 09 16 08 50  30  3.0  4.0   0.1    MM    MM  18     MM  19.9  18.5  19.1   MM   MM    MM
2026 09 16 08 40  30  3.0  4.0   0.1    MM    MM   0     MM  19.7  18.5  19.0   MM   MM    MM
2026 09 16 08 30  10  2.0  3.0   0.1    MM    MM 344     MM  19.7  18.5  19.0   MM   MM    MM
2026 09 16 08 20 330  2.0  2.0   0.1    MM    MM 333     MM  19.7  18.5  19.0   MM   MM    MM
2026 09 16 08 10 330  2.0  3.0   0.1    MM    MM 336     MM  19.8  18.5  19.0   MM   MM    MM
2026 09 16 08 00 330  3.0  3.0   0.1    MM    MM 325     MM  19.9  18.5  19.0   MM   MM    MM
2026 09 16 07 50 340  3.0  4.0   0.1    MM    MM  21     MM  20.0  18.5  19.1   MM   MM    MM
2026 09 16 07 40 360  3.0  4.0   0.1    MM    MM 356     MM  20.0  18.5  19.0   MM   MM    MM
2026 09 16 07 30  10  2.0  3.0   0.1    MM    MM  11     MM  19.9  18.6  18.9   MM   MM    MM
2026 09 16 07 20  30  2.0  2.0   0.1    MM    MM 341     MM  20.0  18.5  19.0   MM   MM    MM
2026 09 16 07 10  10  2.0  2.0   0.1    MM    MM 338     MM  20.0  18.6  18.9   MM   MM    MM
2026 09 16 07 00 300  1.0  2.0   0.1    MM    MM  47     MM  20.0  18.6  19.0   MM   MM    MM
2026 09 16 06 50 350  2.0  2.0   0.1    MM    MM  16     MM  19.9  18.6  18.9   MM   MM    MM
2026 09 16 06 40  10  2.0  3.0   0.1    MM    MM 305     MM  19.9  18.6  18.8   MM   MM    MM
2026 09 16 06 30  10  2.0  2.0   0.1    MM    MM 360     MM  19.8  18.6  18.7   MM   MM    MM
2026 09 16 06 20  20  2.0  2.0   0.1    MM    MM 358     MM  19.9  18.6  18.6   MM   MM    MM
2026 09 16 06 10  20  2.0  2.0   0.1    MM    MM 355     MM  20.1  18.6  18.8   MM   MM    MM
2026 09 16 06 00  10  2.0  2.0   0.1    MM    MM 356     MM  20.2  18.6  18.8   MM   MM    MM
2026 09 16 05 50  20  2.0  3.0   0.1    MM    MM 352     MM  20.2  18.6  18.8   MM   MM    MM
2026 09 16 05 40  40  2.0  2.0   0.1    MM    MM 339     MM  20.2  18.6  18.7   MM   MM    MM
2026 09 16 05 30  50  1.0  2.0   0.1    MM    MM  28     MM  20.2  18.6  18.7   MM   MM    MM
2026 09 16 05 20  40  2.0  2.0   0.1    MM    MM  25     MM  20.2  18.6  18.7   MM   MM    MM
2026 09 16 05 10  20  2.0  2.0   0.1    MM    MM   8     MM  20.3  18.6  18.8   MM   MM    MM
2026 09 16 05 00  30  3.0  3.0   0.1    MM    MM   2     MM  20.5  18.6  18.9   MM   MM    MM
2026 09 16 04 50  20  3.0  4.0   0.1    MM    MM   8     MM  20.5  18.6  19.0   MM   MM    MM
2026 09 16 04 40  20  3.0  4.0   0.1    MM    MM 334     MM  20.5  18.6  19.0   MM   MM    MM
2026 09 16 04 30  20  3.0  3.0   0.1    MM    MM 275     MM  20.5  18.6  19.0   MM   MM    MM
2026 09 16 04 20  20  3.0  4.0   0.1    MM    MM 270     MM  20.5  18.5  19.1   MM   MM    MM
2026 09 16 04 10  20  2.0  3.0   0.1    MM    MM 310     MM  20.0  18.6  18.9   MM   MM    MM
2026 09 16 04 00  30  3.0  4.0   0.1    MM    MM 360     MM  20.3  18.6  19.1   MM   MM    MM
2026 09 16 03 50  20  3.0  3.0   0.1    MM    MM 354     MM  20.4  18.5  19.2   MM   MM    MM
2026 09 16 03 40  20  2.0  3.0   0.1    MM    MM 330     MM  20.2  18.6  19.0   MM   MM    MM
2026 09 16 03 30 360  3.0  3.0   0.1    MM    MM   5     MM  20.5  18.6  19.2   MM   MM    MM
2026 09 16 03 20  10  3.0  3.0   0.1    MM    MM 338     MM  20.6  18.6  19.0   MM   MM    MM
2026 09 16 03 10  40  1.0  2.0   0.1    MM    MM 338     MM  21.6  18.5  20.0   MM   MM    MM
2026 09 16 03 00  90  1.0  2.0   0.1    MM    MM 326     MM  21.1  18.5  19.5   MM   MM    MM
2026 09 16 02 50 130  2.0  2.0   0.1    MM    MM 334     MM  21.0  18.5  19.5   MM   MM    MM
2026 09 16 02 40  90  1.0  2.0   0.1    MM    MM 332     MM  20.3  18.5  18.8   MM   MM    MM
2026 09 16 02 30 130  2.0  2.0   0.1    MM    MM 339     MM  20.6  18.5  18.9   MM   MM    MM
2026 09 16 02 20 100  1.0  2.0   0.1    MM    MM 323     MM  20.7  18.6  18.9   MM   MM    MM
2026 09 16 02 10  90  1.0  2.0   0.1    MM    MM 324     MM  21.6  18.5  19.5   MM   MM    MM
2026 09 16 02 00  40  1.0  3.0   0.1    MM    MM 322     MM  21.6  18.6  19.5   MM   MM    MM
2026 09 16 01 50  90  1.0  1.0   0.1    MM    MM 306     MM  21.8  18.6  19.6   MM   MM    MM
2026 09 16 01 40 180  1.0  1.0   0.1    MM    MM 312     MM  21.6  18.6  19.5   MM   MM    MM
2026 09 16 01 30  50  1.0  2.0   0.1    MM    MM 311     MM  21.2  18.7  19.3   MM   MM    MM
2026 09 16 01 20 150  1.0  2.0   0.1    MM    MM 292     MM  21.4  18.7  19.3   MM   MM    MM
2026 09 16 01 10 240  1.0  1.0   0.1    MM    MM 269     MM  21.6  18.8  19.5   MM   MM    MM
2026 09 16 01 00 190  2.0  3.0   0.1    MM    MM 294     MM  21.4  18.8  19.3   MM   MM    MM
2026 09 16 00 50 140  3.0  3.0   0.1    MM    MM 302     MM  21.5  18.9  19.3   MM   MM    MM
2026 09 16 00 40 110  1.0  3.0   0.1    MM    MM   3     MM  21.4  18.9  19.2   MM   MM    MM
2026 09 16 00 30  90  2.0  4.0   0.1    MM    MM 270     MM  21.1  18.8  19.0   MM   MM    MM
2026 09 16 00 20  80  2.0  4.0   0.1    MM    MM 277     MM  21.2  18.9  19.1   MM   MM    MM
2026 09 16 00 10 100  2.0  3.0   0.1    MM    MM 293     MM  21.5  18.7  19.2   MM   MM    MM
2026 09 16 00 00  80  3.0  4.0   0.1    MM    MM 310     MM  21.3  18.8  19.1   MM   MM    MM
2026 09 15 23 50 100  3.0  4.0   0.1    MM    MM 289     MM  20.4  18.7  18.7   MM   MM    MM
2026 09 15 23 40  80  1.0  2.0   0.1    MM    MM 270     MM  20.6  18.9  18.8   MM   MM    MM
2026 09 15 23 30  90  2.0  3.0   0.1    MM    MM 277     MM  20.7  18.9  18.9   MM   MM    MM
2026 09 15 23 20  70  2.0  3.0   0.1    MM    MM 282     MM  21.1  18.9  19.2   MM   MM    MM
2026 09 15 23 10  80  2.0  3.0   0.1    MM    MM 241     MM  21.2  18.9  19.3   MM   MM    MM
2026 09 15 23 00  50  3.0  4.0   0.1    MM    MM 190     MM  21.7  18.9  19.6   MM   MM    MM
2026 09 15 22 50  50  2.0  3.0   0.1    MM    MM 213     MM  21.3  18.9  19.3   MM   MM    MM
2026 09 15 22 40  90  2.0  3.0   0.1    MM    MM 234     MM  20.8  18.9  19.1   MM   MM    MM
2026 09 15 22 30  70  2.0  2.0   0.1    MM    MM 238     MM  21.1  18.9  19.3   MM   MM    MM
2026 09 15 22 20  60  1.0  2.0   0.1    MM    MM 266     MM  21.1  18.7  19.2   MM   MM    MM
2026 09 15 22 10  50  2.0  3.0   0.1    MM    MM 250     MM  21.3  18.8  19.3   MM   MM    MM
2026 09 15 22 00  40  2.0  3.0   0.1    MM    MM 244     MM  21.4  18.7  19.4   MM   MM    MM
2026 09 15 21 50  30  2.0  3.0   0.1    MM    MM 244     MM  21.4  18.9  19.4   MM   MM    MM
2026 09 15 21 40  20  2.0  2.0   0.1    MM    MM 250     MM  21.6  19.0  19.5   MM   MM    MM
2026 09 15 21 30  10  2.0  2.0   0.1    MM    MM 243     MM  21.8  18.8  19.3   MM   MM    MM
2026 09 15 21 20 350  2.0  2.0   0.1    MM    MM 239     MM  22.1  18.9  19.4   MM   MM    MM
2026 09 15 21 10 350  2.0  3.0   0.1    MM    MM 235     MM  21.8  18.9  19.3   MM   MM    MM
2026 09 15 21 00 340  2.0  3.0   0.1    MM    MM 243     MM  22.1  18.9  19.3   MM   MM    MM
2026 09 15 20 50 320  3.0  5.0   0.1    MM    MM 244     MM  22.0  18.9  19.3   MM   MM    MM
2026 09 15 20 40 320  3.0  3.0   0.1    MM    MM 241     MM  21.8  18.7  19.2   MM   MM    MM
2026 09 15 20 30 320  3.0  3.0   0.2    MM    MM 229     MM  21.9  18.7  19.1   MM   MM    MM
2026 09 15 20 20 310  3.0  4.0   0.2    MM    MM 237     MM  22.6  18.7  19.4   MM   MM    MM
2026 09 15 20 10 360  1.0  2.0   0.2    MM    MM 238     MM  22.5  18.6  19.4   MM   MM    MM
2026 09 15 20 00 350  1.0  1.0   0.2    MM    MM 240     MM  22.2  18.7  19.3   MM   MM    MM
2026 09 15 19 50 340  2.0  3.0   0.2    MM    MM 241     MM  21.7  18.7  19.2   MM   MM    MM
2026 09 15 19 40 350  2.0  3.0   0.2    MM    MM 242     MM  21.4  18.7  19.0   MM   MM    MM
2026 09 15 19 30  10  1.0  2.0   0.2    MM    MM 241     MM  21.2  18.7  18.7   MM   MM    MM
2026 09 15 19 20  30  1.0  2.0   0.2    MM    MM 237     MM  21.4  18.7  18.7   MM   MM    MM
2026 09 15 19 10  20  1.0  2.0   0.2    MM    MM 229     MM  21.4  18.7  18.6   MM   MM    MM
2026 09 15 19 00 270  1.0  2.0   0.2    MM    MM 228     MM  21.4  18.7  18.6   MM   MM    MM
2026 09 15 18 50 240  2.0  3.0   0.2    MM    MM 231     MM  21.6  18.6  18.7   MM   MM    MM
2026 09 15 18 40 240  2.0  3.0   0.2    MM    MM 225     MM  21.8  18.6  18.6   MM   MM    MM
2026 09 15 18 30 240  3.0  3.0   0.3     2    MM 228     MM  22.0  18.6  18.7   MM   MM    MM
2026 09 15 18 20 220  4.0  5.0   0.3     2    MM 227     MM  22.7  18.6  18.9   MM   MM    MM
2026 09 15 18 10 200  4.0  5.0   0.3     2    MM 237     MM  22.4  18.6  18.7   MM   MM    MM
2026 09 15 18 00 210  4.0  5.0   0.2    MM    MM 248     MM  22.4  18.5  18.6   MM   MM    MM
2026 09 15 17 50 190  4.0  5.0   0.3     2    MM 237     MM  22.0  18.4  18.4   MM   MM    MM
2026 09 15 17 40 180  4.0  6.0   0.3     3    MM 237     MM  22.0  18.4  18.3   MM   MM    MM
2026 09 15 17 30 180  5.0  7.0   0.2    MM    MM 226     MM  22.0  18.3  18.3   MM   MM    MM
2026 09 15 17 20 180  5.0  6.0   0.3     3    MM 232     MM  22.1  18.3  18.3   MM   MM    MM
2026 09 15 17 10 180  6.0  8.0   0.3     3    MM 261     MM  22.3  18.3  18.3   MM   MM    MM
2026 09 15 17 00 190  5.0  6.0   0.3     3    MM 237     MM  21.8  18.3  18.2   MM   MM    MM
2026 09 15 16 50 180  4.0  6.0   0.3     3    MM 237     MM  21.5  18.2  18.1   MM   MM    MM
2026 09 15 16 40 180  4.0  6.0   0.3     2    MM 226     MM  21.1  18.2  17.8   MM   MM    MM
2026 09 15 16 30 190  4.0  6.0   0.3     2    MM 196     MM  20.6  18.1  17.7   MM   MM    MM
2026 09 15 16 20 200  3.0  4.0   0.3     2    MM 194     MM  20.3  18.1  17.6   MM   MM    MM
2026 09 15 16 10 210  4.0  5.0   0.3     2    MM 205     MM  20.3  18.1  17.4   MM   MM    MM
2026 09 15 16 00 220  4.0  5.0   0.3     2    MM 172     MM  20.0  18.1  17.2   MM   MM    MM
2026 09 15 15 50 220  4.0  6.0   0.3     2    MM 181     MM  20.1  18.1  17.1   MM   MM    MM
2026 09 15 15 40 210  5.0  7.0   0.3     2    MM 168     MM  20.2  18.1  17.1   MM   MM    MM
2026 09 15 15 30 200  5.0  7.0   0.3     2    MM 178     MM  20.0  18.1  17.0   MM   MM    MM
2026 09 15 15 20 200  6.0  8.0   0.3     2    MM 168     MM  20.1  18.1  16.8   MM   MM    MM
2026 09 15 15 10 190  6.0  9.0   0.3    MM    MM 168     MM  20.1  18.1  16.6   MM   MM    MM
2026 09 15 15 00 180  6.0  9.0   0.3    MM    MM 170     MM  19.9  18.1  16.5   MM   MM    MM
2026 09 15 14 50 180  6.0  7.0   0.3    MM    MM 184     MM  19.7  18.1  16.4   MM   MM    MM
2026 09 15 14 40 190  6.0  8.0   0.3    MM    MM 189     MM  19.7  18.1  16.3   MM   MM    MM
2026 09 15 14 30 190  7.0  9.0   0.2    MM    MM 248     MM  19.7  18.1  16.2   MM   MM    MM
2026 09 15 14 20 190  6.0  8.0   0.2    MM    MM 254     MM  19.3  18.1  16.1   MM   MM    MM
2026 09 15 14 10 170  6.0  7.0   0.2    MM    MM 257     MM  19.0  18.2  16.0   MM   MM    MM
2026 09 15 14 00 170  5.0  6.0   0.2    MM    MM 271     MM  19.0  18.2  16.2   MM   MM    MM
2026 09 15 13 50 170  3.0  4.0   0.2    MM    MM 225     MM  19.0  18.2  16.2   MM   MM    MM
2026 09 15 13 40 190  2.0  2.0   0.3     3    MM 258     MM  19.2  18.2  16.1   MM   MM    MM
2026 09 15 13 30 220  1.0  2.0   0.3     3    MM 249     MM  19.2  18.2  15.8   MM   MM    MM
2026 09 15 13 20 240  1.0  3.0   0.3     3    MM 214     MM  19.0  18.2  15.7   MM   MM    MM
2026 09 15 13 10 280  1.0  3.0   0.3     3    MM 234     MM  18.7  18.2  15.9   MM   MM    MM
2026 09 15 13 00 280  3.0  4.0   0.3     3    MM 249     MM  18.8  18.2  15.6   MM   MM    MM
2026 09 15 12 50 270  5.0  6.0   0.3     3    MM 238     MM  19.0  18.2  15.4   MM   MM    MM
2026 09 15 12 40 280  3.0  5.0   0.3     3    MM 218     MM  19.0  18.2  15.6   MM   MM    MM
2026 09 15 12 30 190  2.0  4.0   0.4     3    MM 217     MM  19.1  18.2  15.2   MM   MM    MM
2026 09 15 12 20 180  3.0  5.0   0.4     3    MM 212     MM  19.0  18.3  15.4   MM   MM    MM
2026 09 15 12 10 200  2.0  3.0   0.4     3    MM 203     MM  19.1  18.3  15.6   MM   MM    MM
2026 09 15 12 00 210  3.0  5.0   0.4     3    MM 196     MM  19.2  18.3  15.2   MM   MM    MM
2026 09 15 11 50 210  3.0  5.0   0.5     3    MM 184     MM  19.3  18.3  15.2   MM   MM    MM
2026 09 15 11 40 210  5.0  6.0   0.5     3    MM 178     MM  19.3  18.3  14.9   MM   MM    MM
2026 09 15 11 30 220  5.0  7.0   0.6     3    MM 183     MM  19.3  18.3  14.8   MM   MM    MM
2026 09 15 11 20 240  6.0  8.0   0.7     3    MM 172     MM  19.2  18.4  14.8   MM   MM    MM
2026 09 15 11 10 210  8.0 12.0   0.7     3    MM 169     MM  19.3  18.4  14.8   MM   MM    MM
2026 09 15 11 00 190  9.0 12.0   0.7     3    MM 172     MM  19.4  18.5  14.8   MM   MM    MM
2026 09 15 10 50 190 10.0 14.0   0.8     3    MM 166     MM  19.5  18.5  14.8   MM   MM    MM
2026 09 15 10 40 180 11.0 15.0   0.7     3    MM 175     MM  19.8  18.5  14.7   MM   MM    MM
2026 09 15 10 30 180 11.0 18.0   0.7     3    MM 168     MM  20.0  18.6  14.7   MM   MM    MM
2026 09 15 10 20 180 11.0 14.0   0.7     3    MM 172     MM  19.8  18.6  14.6   MM   MM    MM
2026 09 15 10 10 180 11.0 14.0   0.7     3    MM 169     MM  19.9  18.7  14.7   MM   MM    MM
2026 09 15 10 00 180 11.0 15.0   0.8     3    MM 164     MM  19.8  18.7  14.6   MM   MM    MM
2026 09 15 09 50 180 11.0 17.0   0.7     3    MM 160     MM  19.9  18.8  14.5   MM   MM    MM
2026 09 15 09 40 180 12.0 16.0   0.7     3    MM 164     MM  19.8  18.9  14.3   MM   MM    MM
2026 09 15 09 30 180 11.0 15.0   0.6     3    MM 162     MM  19.5  19.0  14.3   MM   MM    MM
2026 09 15 09 20 170 12.0 16.0   0.7     3    MM 164     MM  19.4  19.1  14.2   MM   MM    MM
2026 09 15 09 10 170 12.0 15.0   0.6     3    MM 148     MM  19.2  19.1  14.1   MM   MM    MM
2026 09 15 09 00 180 11.0 14.0   0.6     3    MM 155     MM  19.1  19.2  14.1   MM   MM    MM
2026 09 15 08 50 180 11.0 15.0   0.5     3    MM 144     MM  19.1  19.3  14.0   MM   MM    MM
2026 09 15 08 40 170 11.0 14.0   0.6     3    MM 149     MM  19.1  19.3  13.9   MM   MM    MM
2026 09 15 08 30 170 10.0 13.0   0.6     3    MM 148     MM  19.1  19.4  13.9   MM   MM    MM
2026 09 15 08 20 170 10.0 13.0   0.6     3    MM 154     MM  19.0  19.3  13.9   MM   MM    MM
2026 09 15 08 10 170 10.0 14.0   0.6     3    MM 153     MM  19.1  19.4  13.9   MM   MM    MM
2026 09 15 08 00 170 10.0 14.0   0.5     3    MM 153     MM  19.3  19.4  13.9   MM   MM    MM
2026 09 15 07 50 170 10.0 14.0   0.6     3    MM 149     MM  19.3  19.3  13.9   MM   MM    MM
2026 09 15 07 40 170 10.0 13.0   0.6     3    MM 149     MM  19.4  19.4  13.9   MM   MM    MM
2026 09 15 07 30 170 10.0 13.0   0.6     3    MM 151     MM  19.4  19.3  13.8   MM   MM    MM
2026 09 15 07 20 170 10.0 14.0   0.6     3    MM 155     MM  19.5  19.4  13.8   MM   MM    MM
2026 09 15 07 10 170 11.0 13.0   0.6     3    MM 154     MM  19.5  19.3  13.8   MM   MM    MM
2026 09 15 07 00 170 11.0 15.0   0.6     3    MM 151     MM  19.6  19.3  13.9   MM   MM    MM
2026 09 15 06 50 170 11.0 14.0   0.5     3    MM 155     MM  19.7  19.3  13.8   MM   MM    MM
2026 09 15 06 40 170 11.0 15.0   0.5     2    MM 146     MM  19.7  19.3  13.8   MM   MM    MM
2026 09 15 06 30 170 11.0 14.0   0.5     2    MM 146     MM  19.6  19.3  13.8   MM   MM    MM
2026 09 15 06 20 170 10.0 13.0   0.5     3    MM 147     MM  19.5  19.3  13.7   MM   MM    MM
2026 09 15 06 10 160 10.0 14.0   0.5     3    MM 148     MM  19.5  19.3  13.8   MM   MM    MM
2026 09 15 06 00 160 10.0 13.0   0.6     3    MM 148     MM  19.4  19.3  13.7   MM   MM    MM
2026 09 15 05 50 160 11.0 14.0   0.6     3    MM 144     MM  19.3  19.3  13.7   MM   MM    MM
2026 09 15 05 40 160 11.0 14.0   0.6     3    MM 146     MM  19.2  19.3  13.7   MM   MM    MM
2026 09 15 05 30 160 11.0 16.0   0.6     3    MM 151     MM  19.1  19.3  13.7   MM   MM    MM
2026 09 15 05 20 160 10.0 13.0   0.5     2    MM 144     MM  19.0  19.3  13.7   MM   MM    MM
2026 09 15 05 10 160  9.0 11.0   0.4     2    MM 133     MM  19.0  19.2  13.6   MM   MM    MM
2026 09 15 05 00 150  8.0 11.0   0.4     2    MM 132     MM  19.1  19.2  13.4   MM   MM    MM
2026 09 15 04 50 150  8.0 10.0   0.4     2    MM 133     MM  19.0  19.2  13.4   MM   MM    MM
2026 09 15 04 40 150  7.0  9.0   0.4     2    MM 125     MM  19.0  19.1  13.3   MM   MM    MM
2026 09 15 04 30 150  8.0 10.0   0.4     2    MM 129     MM  19.1  19.1  13.3   MM   MM    MM
2026 09 15 04 20 150  8.0 12.0   0.4     2    MM 131     MM  19.1  19.1  13.1   MM   MM    MM
2026 09 15 04 10 150  8.0 10.0   0.4     2    MM 128     MM  19.1  19.1  13.2   MM   MM    MM
2026 09 15 04 00 150  8.0 11.0   0.4     2    MM 126     MM  19.2  19.0  13.2   MM   MM    MM
2026 09 15 03 50 150  8.0 10.0   0.5     2    MM 119     MM  19.1  19.0  13.3   MM   MM    MM
2026 09 15 03 40 150  8.0 10.0   0.4     2    MM 122     MM  19.2  18.9  13.2   MM   MM    MM
2026 09 15 03 30 150  8.0 11.0   0.4     2    MM 118     MM  19.2  18.9  13.2   MM   MM    MM
2026 09 15 03 20 150  8.0 11.0   0.4     2    MM 124     MM  19.3  18.9  13.2   MM   MM    MM
2026 09 15 03 10 140  7.0  9.0   0.5     2    MM 120     MM  19.3  18.8  13.2   MM   MM    MM
2026 09 15 03 00 140  7.0  9.0   0.4     2    MM 115     MM  19.3  18.8  13.2   MM   MM    MM
2026 09 15 02 50 140  7.0 10.0   0.4     2    MM 123     MM  19.4  18.8  13.1   MM   MM    MM
2026 09 15 02 40 140  7.0 10.0   0.4     2    MM 122     MM  19.4  18.7  13.0   MM   MM    MM
2026 09 15 02 30 130  7.0 10.0   0.4     2    MM 122     MM  19.4  18.7  12.9   MM   MM    MM
2026 09 15 02 20 130  7.0  9.0   0.4     2    MM 117     MM  19.4  18.7  12.8   MM   MM    MM
2026 09 15 02 10 130  7.0 10.0   0.4     5    MM 357     MM  19.4  18.7  12.9   MM   MM    MM
2026 09 15 02 00 130  7.0  9.0   0.3     2    MM 115     MM  19.4  18.7  12.9   MM   MM    MM
2026 09 15 01 50 130  7.0  9.0   0.4     5    MM   3     MM  19.3  18.7  13.0   MM   MM    MM
2026 09 15 01 40 130  7.0  9.0   0.4     2    MM 111     MM  19.3  18.7  12.8   MM   MM    MM
2026 09 15 01 30 130  7.0  9.0   0.4     5    MM   4     MM  19.4  18.7  12.7   MM   MM    MM
2026 09 15 01 20 140  7.0 10.0   0.4    MM    MM 110     MM  19.5  18.7  12.6   MM   MM    MM
2026 09 15 01 10 140  6.0  9.0   0.4     5    MM   6     MM  19.5  18.7  12.6   MM   MM    MM
2026 09 15 01 00 140  6.0  9.0   0.4     5    MM   6     MM  19.6  18.7  12.5   MM   MM    MM
2026 09 15 00 50 140  6.0  8.0   0.4     5    MM  13     MM  19.7  18.7  12.4   MM   MM    MM
2026 09 15 00 40 140  6.0  8.0   0.4     5    MM 357     MM  19.7  18.7  12.4   MM   MM    MM
2026 09 15 00 30 140  7.0  9.0   0.4     5    MM 355     MM  19.9  18.7  11.9   MM   MM    MM
2026 09 15 00 20 140  6.0  9.0   0.4     5    MM   2     MM  19.9  18.7  11.9   MM   MM    MM
2026 09 15 00 10 130  7.0  9.0   0.4     5    MM 345     MM  20.0  18.7  12.1   MM   MM    MM
2026 09 15 00 00 130  7.0  9.0   0.4     5    MM 347     MM  20.1  18.7  12.2   MM   MM    MM
2026 09 14 23 50 130  6.0  8.0   0.4     5    MM 345     MM  20.3  18.7  11.9   MM   MM    MM
2026 09 14 23 40 140  6.0  8.0   0.4     5    MM 347     MM  20.4  18.7  11.6   MM   MM    MM
2026 09 14 23 30 130  5.0  8.0   0.4     5    MM 356     MM  20.4  18.7  11.6   MM   MM    MM
2026 09 14 23 10 140  6.0  8.0   0.4     5    MM 356     MM  20.5  18.7  12.1   MM   MM    MM
2026 09 14 23 00 140  6.0  8.0   0.4     5    MM 343     MM  20.5  18.7  12.0   MM   MM    MM
2026 09 14 22 50 150  6.0  8.0   0.4     5    MM 341     MM  20.6  18.7  11.9   MM   MM    MM
2026 09 14 22 40 150  5.0  7.0   0.4     5    MM 344     MM  20.7  18.7  11.9   MM   MM    MM
2026 09 14 22 30 140  5.0  7.0   0.4     4    MM 343     MM  20.7  18.7  11.5   MM   MM    MM
2026 09 14 22 20 140  7.0  9.0   0.4     5    MM 340     MM  20.7  18.7  11.7   MM   MM    MM
2026 09 14 22 10 130  6.0  7.0   0.4     5    MM 347     MM  20.6  18.7  11.8   MM   MM    MM
2026 09 14 22 00 130  4.0  5.0   0.4     4    MM 342     MM  20.4  18.7  12.5   MM   MM    MM
2026 09 14 21 50 150  3.0  5.0   0.4     5    MM 343     MM  20.5  18.7  11.9   MM   MM    MM
2026 09 14 21 40 150  4.0  6.0   0.4     5    MM 334     MM  20.5  18.7  11.6   MM   MM    MM
2026 09 14 21 30 170  3.0  5.0   0.4     5    MM 332     MM  20.5  18.7  11.8   MM   MM    MM
2026 09 14 21 20 170  4.0  7.0   0.4     5    MM 337     MM  20.4  18.7  11.1   MM   MM    MM
2026 09 14 21 10 130  5.0  7.0   0.4     5    MM 334     MM  20.3  18.7  11.4   MM   MM    MM
2026 09 14 21 00 120  5.0  7.0   0.4     5    MM 343     MM  20.2  18.7  11.6   MM   MM    MM
2026 09 14 20 50 120  6.0  8.0   0.4     5    MM 351     MM  20.3  18.7  11.1   MM   MM    MM
2026 09 14 20 40 140  4.0  7.0   0.4     5    MM 354     MM  20.3  18.7  11.1   MM   MM    MM
2026 09 14 20 30 140  5.0  6.0   0.4     5    MM 346     MM  20.3  18.7  10.6   MM   MM    MM
2026 09 14 20 20 150  5.0  6.0   0.5     5    MM 345     MM  20.2  18.7  11.1   MM   MM    MM
2026 09 14 20 10 140  5.0  7.0   0.5     5    MM 344     MM  20.2  18.7  10.8   MM   MM    MM
2026 09 14 20 00 140  5.0  7.0   0.4     5    MM 342     MM  20.1  18.7  10.7   MM   MM    MM
2026 09 14 19 50 140  5.0  7.0   0.5     5    MM 343     MM  20.1  18.7  10.3   MM   MM    MM
2026 09 14 19 40 140  5.0  7.0   0.5     5    MM 343     MM  20.0  18.7  10.1   MM   MM    MM
2026 09 14 19 30 150  4.0  6.0   0.5     5    MM 351     MM  19.9  18.7  10.9   MM   MM    MM
2026 09 14 19 20 160  5.0  6.0   0.5     5    MM 342     MM  19.9  18.7  10.7   MM   MM    MM
2026 09 14 19 10 140  5.0  7.0   0.5     5    MM 343     MM  19.9  18.7  10.2   MM   MM    MM
2026 09 14 19 00 130  5.0  7.0   0.5     5    MM 343     MM  19.8  18.7  10.4   MM   MM    MM
2026 09 14 18 50 140  5.0  7.0   0.5     5    MM 343     MM  19.7  18.7  10.4   MM   MM    MM
2026 09 14 18 40 150  5.0  7.0   0.5     5    MM 342     MM  19.7  18.7  10.7   MM   MM    MM
2026 09 14 18 30 140  3.0  5.0   0.5     5    MM 344     MM  19.6  18.7  10.7   MM   MM    MM
2026 09 14 18 20 140  5.0  6.0   0.5     5    MM 342     MM  19.6  18.7  10.7   MM   MM    MM
2026 09 14 18 10 120  4.0  9.0   0.6     5    MM 347     MM  19.5  18.7  10.4   MM   MM    MM
2026 09 14 18 00 130  5.0  7.0   0.5     5    MM 351     MM  19.4  18.7  10.6   MM   MM    MM
2026 09 14 17 50 120  5.0  6.0   0.5     5    MM 348     MM  19.3  18.7  10.5   MM   MM    MM
2026 09 14 17 40 110  5.0  8.0   0.6     5    MM 350     MM  19.1  18.7  10.6   MM   MM    MM
2026 09 14 17 30 110  6.0  8.0   0.5     5    MM 357     MM  19.1  18.7  10.6   MM   MM    MM
2026 09 14 17 20 100  6.0  8.0   0.5     5    MM 354     MM  19.0  18.7  10.8   MM   MM    MM
2026 09 14 17 10 110  5.0  8.0   0.5     5    MM 355     MM  19.0  18.7  10.9   MM   MM    MM
2026 09 14 17 00 120  5.0  8.0   0.5     5    MM 352     MM  19.0  18.7  10.8   MM   MM    MM
2026 09 14 16 50 120  5.0  7.0   0.5     5    MM 345     MM  18.9  18.7  11.2   MM   MM    MM
2026 09 14 16 40 120  5.0  6.0   0.5     5    MM 344     MM  18.9  18.6  10.7   MM   MM    MM
2026 09 14 16 30 120  5.0  8.0   0.6     5    MM 344     MM  18.9  18.6  10.9   MM   MM    MM
2026 09 14 16 20 120  5.0  7.0   0.6     5    MM 356     MM  18.8  18.6  10.4   MM   MM    MM
2026 09 14 16 10 110  6.0  8.0   0.6     5    MM 349     MM  18.8  18.6  10.8   MM   MM    MM
2026 09 14 16 00 120  5.0  7.0   0.5     5    MM 354     MM  18.9  18.6  10.2   MM   MM    MM
2026 09 14 15 50 130  6.0  8.0   0.5     5    MM 344     MM  18.9  18.6  10.0   MM   MM    MM
2026 09 14 15 40 120  5.0  7.0   0.5     5    MM 351     MM  18.8  18.6  10.6   MM   MM    MM
2026 09 14 15 30 120  5.0  7.0   0.5     5    MM 352     MM  18.8  18.6  10.5   MM   MM    MM
2026 09 14 15 20 130  6.0  8.0   0.5     5    MM 349     MM  18.8  18.6  10.3   MM   MM    MM
2026 09 14 15 10 130  6.0  7.0   0.5     6    MM 348     MM  18.7  18.5  10.3   MM   MM    MM
2026 09 14 15 00 140  5.0  7.0   0.6     5    MM 353     MM  18.6  18.5  10.5   MM   MM    MM
2026 09 14 14 50 130  5.0  6.0   0.6     5    MM 347     MM  18.5  18.5  10.8   MM   MM    MM
2026 09 14 14 40 140  5.0  6.0   0.6     5    MM 343     MM  18.3  18.5  11.1   MM   MM    MM
2026 09 14 14 30 150  5.0  6.0   0.5     6    MM 344     MM  17.9  18.4  11.5   MM   MM    MM
2026 09 14 14 20 150  5.0  6.0   0.5     6    MM 338     MM  17.6  18.4  11.8   MM   MM    MM
2026 09 14 14 10 160  5.0  6.0   0.6     5    MM 331     MM  17.3  18.3  11.8   MM   MM    MM
2026 09 14 14 00 160  5.0  7.0   0.6     5    MM 334     MM  17.0  18.3  11.7   MM   MM    MM
2026 09 14 13 50 160  5.0  7.0   0.6     6    MM 334     MM  16.9  18.3  11.8   MM   MM    MM
2026 09 14 13 40 140  5.0  6.0   0.6     6    MM 343     MM  16.5  18.3  11.8   MM   MM    MM
2026 09 14 13 30 160  5.0  7.0   0.6     6    MM 341     MM  16.3  18.3  11.8   MM   MM    MM
2026 09 14 13 20 170  5.0  7.0   0.6     6    MM 335     MM  16.2  18.3  11.9   MM   MM    MM
2026 09 14 13 10 170  5.0  6.0   0.6     6    MM 336     MM  16.2  18.3  11.8   MM   MM    MM
2026 09 14 13 00 170  5.0  6.0   0.6     5    MM 336     MM  15.9  18.3  12.0   MM   MM    MM
2026 09 14 12 50 160  4.0  6.0   0.6     6    MM 329     MM  15.8  18.3  11.9   MM   MM    MM
2026 09 14 12 40 150  4.0  7.0   0.6     6    MM 344     MM  15.8  18.5  12.0   MM   MM    MM
2026 09 14 12 30 140  5.0  6.0   0.6     6    MM 346     MM  15.9  18.6  12.0   MM   MM    MM
2026 09 14 12 20 150  5.0  6.0   0.6     6    MM 349     MM  16.0  18.7  12.2   MM   MM    MM
2026 09 14 12 10 150  5.0  6.0   0.7     6    MM 352     MM  15.9  18.7  12.3   MM   MM    MM
2026 09 14 12 00 150  5.0  6.0   0.6     6    MM 347     MM  15.6  18.8  12.2   MM   MM    MM
2026 09 14 11 50 150  5.0  6.0   0.7     5    MM 350     MM  15.5  18.9  12.3   MM   MM    MM
2026 09 14 11 40 150  5.0  8.0   0.7     6    MM 347     MM  15.5  19.0  12.2   MM   MM    MM
2026 09 14 11 30 150  5.0  7.0   0.7     6    MM 351     MM  15.7  19.0  12.3   MM   MM    MM
2026 09 14 11 20 150  5.0  7.0   0.7     5    MM 348     MM  15.6  19.0  12.5   MM   MM    MM
2026 09 14 11 10 160  5.0  7.0   0.7     5    MM 355     MM  15.7  18.9  12.3   MM   MM    MM
2026 09 14 11 00 150  5.0  7.0   0.8     6    MM 341     MM  15.8  18.9  12.3   MM   MM    MM
2026 09 14 10 50 160  5.0  7.0   0.6     5    MM 354     MM  15.7  19.0  12.5   MM   MM    MM
2026 09 14 10 40 160  5.0  7.0   0.7     5    MM 356     MM  15.8  19.0  12.4   MM   MM    MM
2026 09 14 10 30 160  5.0  8.0   0.7     5    MM 351     MM  16.0  19.0  12.3   MM   MM    MM
2026 09 14 10 20 150  5.0  6.0   0.7     5    MM 351     MM  16.1  19.0  12.3   MM   MM    MM
2026 09 14 10 10 150  4.0  6.0   0.7     5    MM 360     MM  16.4  19.1  12.3   MM   MM    MM
2026 09 14 10 00 150  4.0  6.0   0.8     5    MM 356     MM  16.4  19.2  12.3   MM   MM    MM
2026 09 14 09 50 150  5.0  7.0   0.8     5    MM 358     MM  16.3  19.2  12.4   MM   MM    MM
2026 09 14 09 40 140  5.0  7.0   0.8     6    MM 352     MM  16.4  19.2  12.4   MM   MM    MM
2026 09 14 09 30 140  5.0  7.0   0.8     5    MM 359     MM  16.5  19.2  12.6   MM   MM    MM
2026 09 14 09 20 150  4.0  6.0   0.8     5    MM 359     MM  15.8  19.3  13.4   MM   MM    MM
2026 09 14 09 10 140  4.0  6.0   0.8     5    MM 356     MM  15.9  19.3  13.7   MM   MM    MM
2026 09 14 09 00 150  3.0  6.0   0.8     5    MM   1     MM  16.4  19.3  13.7   MM   MM    MM
2026 09 14 08 50 150  3.0  5.0   0.8     5    MM 356     MM  16.4  19.2  13.8   MM   MM    MM
2026 09 14 08 40 150  3.0  5.0   0.8     5    MM   4     MM  16.6  19.3  13.9   MM   MM    MM
2026 09 14 08 30 140  3.0  4.0   0.8     5    MM   4     MM  16.8  19.3  13.6   MM   MM    MM
2026 09 14 08 20 140  3.0  5.0   0.8     5    MM 359     MM  16.9  19.3  13.6   MM   MM    MM
2026 09 14 08 10 140  3.0  5.0   0.8     5    MM  12     MM  17.0  19.3  14.0   MM   MM    MM
2026 09 14 08 00 130  3.0  5.0   0.9     5    MM 354     MM  17.2  19.4  14.0   MM   MM    MM
2026 09 14 07 50 130  3.0  4.0   0.9     5    MM   5     MM  17.5  19.4  13.7   MM   MM    MM
2026 09 14 07 40  70  4.0  6.0   0.8     4    MM  19     MM  18.7  19.4  12.7   MM   MM    MM
2026 09 14 07 30  30  5.0  6.0   0.8     5    MM  18     MM  19.5  19.4  11.8   MM   MM    MM
2026 09 14 07 20  20  5.0  7.0   0.8     5    MM  17     MM  19.6  19.3  12.1   MM   MM    MM
2026 09 14 07 10  20  4.0  6.0   0.9     5    MM  19     MM  19.6  19.4  11.6   MM   MM    MM
2026 09 14 07 00  30  3.0  5.0   0.9     4    MM  20     MM  19.6  19.3  10.9   MM   MM    MM
2026 09 14 06 50  20  4.0  6.0   0.9     5    MM   9     MM  19.6  19.4  11.0   MM   MM    MM
2026 09 14 06 40  20  4.0  6.0   0.8     4    MM  22     MM  19.6  19.4  11.6   MM   MM    MM
2026 09 14 06 30  10  4.0  5.0   0.9     5    MM  19     MM  19.6  19.4  11.7   MM   MM    MM
2026 09 14 06 20 360  5.0  7.0   0.8     5    MM  25     MM  19.6  19.4  11.8   MM   MM    MM
2026 09 14 06 10 360  5.0  7.0   0.8     5    MM  24     MM  19.6  19.4  11.3   MM   MM    MM
2026 09 14 06 00 360  5.0  8.0   0.9     4    MM  24     MM  19.6  19.4  11.8   MM   MM    MM
2026 09 14 05 50 350  6.0  8.0   0.8     5    MM  28     MM  19.6  19.4  12.6   MM   MM    MM
2026 09 14 05 40 360  6.0  8.0   0.9     5    MM  23     MM  19.6  19.4  12.3   MM   MM    MM
2026 09 14 05 30 360  6.0  8.0   0.9     5    MM  25     MM  19.7  19.4  12.3   MM   MM    MM
2026 09 14 05 20 360  5.0  7.0   0.8     5    MM  23     MM  19.6  19.4  12.5   MM   MM    MM
2026 09 14 05 10 360  5.0  7.0   0.9     5    MM  26     MM  19.6  19.4  12.4   MM   MM    MM
2026 09 14 05 00  10  5.0  8.0   0.9     5    MM  30     MM  19.6  19.4  12.5   MM   MM    MM
2026 09 14 04 50 360  5.0  7.0   0.9     5    MM  20     MM  19.6  19.4  12.4   MM   MM    MM
2026 09 14 04 40 360  5.0  8.0   0.9     5    MM  20     MM  19.6  19.4  12.4   MM   MM    MM
2026 09 14 04 30 360  5.0  7.0   0.9     5    MM  26     MM  19.5  19.4  12.3   MM   MM    MM
2026 09 14 04 20 350  4.0  6.0   0.9     5    MM  22     MM  19.3  19.4  13.3   MM   MM    MM
2026 09 14 04 10 360  4.0  6.0   0.9     5    MM  24     MM  19.2  19.3  13.6   MM   MM    MM
2026 09 14 04 00 360  4.0  6.0   1.0     5    MM  23     MM  19.1  19.4  13.5   MM   MM    MM
2026 09 14 03 50  10  4.0  6.0   0.9     5    MM  26     MM  19.1  19.3  13.2   MM   MM    MM
2026 09 14 03 40 360  4.0  6.0   1.1     5    MM  21     MM  19.0  19.3  13.3   MM   MM    MM
2026 09 14 03 30 350  5.0  7.0   1.0     6    MM  18     MM  19.0  19.3  13.4   MM   MM    MM
2026 09 14 03 20 360  5.0  7.0   1.0     5    MM  26     MM  19.0  19.3  13.5   MM   MM    MM
2026 09 14 03 10 360  3.0  5.0   1.0     5    MM  17     MM  18.8  19.3  13.8   MM   MM    MM
2026 09 14 03 00 360  4.0  6.0   1.1     6    MM  26     MM  18.7  19.3  13.5   MM   MM    MM
2026 09 14 02 50 350  4.0  7.0   1.1     6    MM  25     MM  18.6  19.3  13.6   MM   MM    MM
2026 09 14 02 40 360  4.0  6.0   1.1     6    MM  15     MM  18.6  19.3  13.5   MM   MM    MM
2026 09 14 02 30 360  5.0  7.0   1.1     6    MM  22     MM  18.6  19.4  13.3   MM   MM    MM
2026 09 14 02 20 350  5.0  7.0   1.1     6    MM  18     MM  18.6  19.4  13.2   MM   MM    MM
2026 09 14 02 10 340  5.0  7.0   1.1     6    MM  19     MM  18.5  19.4  13.3   MM   MM    MM
2026 09 14 02 00 350  6.0  8.0   1.1     5    MM  26     MM  18.5  19.4  13.3   MM   MM    MM
2026 09 14 01 50 350  6.0  9.0   1.1     6    MM  24     MM  18.5  19.5  13.2   MM   MM    MM
2026 09 14 01 40 350  6.0  9.0   1.2     6    MM  17     MM  18.5  19.5  13.1   MM   MM    MM
2026 09 14 01 30 340  6.0  9.0   1.1     5    MM  24     MM  18.6  19.5  13.1   MM   MM    MM
2026 09 14 01 20 340  6.0  9.0   1.2     6    MM  19     MM  18.6  19.6  13.0   MM   MM    MM
2026 09 14 01 10 340  7.0  9.0   1.1     6    MM  21     MM  18.7  19.6  13.0   MM   MM    MM
2026 09 14 01 00 340  6.0  8.0   1.2     6    MM  24     MM  18.7  19.6  12.8   MM   MM    MM
2026 09 14 00 50 340  6.0  9.0   1.2     6    MM  25     MM  18.7  19.7  12.5   MM   MM    MM
2026 09 14 00 40 340  6.0  8.0   1.2     6    MM  18     MM  18.7  19.7  12.6   MM   MM    MM
2026 09 14 00 30 330  6.0  9.0   1.1     6    MM  25     MM  18.7  19.7  12.4   MM   MM    MM
2026 09 14 00 20 330  6.0  9.0   1.2     6    MM  30     MM  18.7  19.7  12.7   MM   MM    MM
2026 09 14 00 10 340  6.0  9.0   1.2     6    MM  31     MM  18.6  19.8  12.5   MM   MM    MM
2026 09 14 00 00 330  6.0  8.0   1.2     6    MM  24     MM  18.6  19.8  12.8   MM   MM    MM
2026 09 13 23 50 340  7.0  8.0   1.2     6    MM  23     MM  18.6  19.8  12.5   MM   MM    MM
2026 09 13 23 40 330  7.0  9.0   1.1     5    MM  18     MM  18.7  19.9  13.1   MM   MM    MM
2026 09 13 23 30 330  7.0  9.0   1.1     6    MM  30     MM  18.8  19.9  13.4   MM   MM    MM
2026 09 13 23 20 330  7.0  9.0   1.3     6    MM  22     MM  18.9  19.9  13.3   MM   MM    MM
2026 09 13 23 10 330  6.0  8.0   1.1     6    MM 340     MM  19.0  20.0  13.6   MM   MM    MM
2026 09 13 23 00 330  6.0  8.0   1.2     6    MM   0     MM  19.0  20.0  13.7   MM   MM    MM
2026 09 13 22 50 330  6.0  8.0   1.2     6    MM  10     MM  19.0  20.1  14.1   MM   MM    MM
2026 09 13 22 40 340  6.0  8.0   1.1     5    MM  18     MM  19.0  20.1  14.3   MM   MM    MM
2026 09 13 22 30 320  6.0  8.0   1.2     6    MM   3     MM  19.2  20.1  14.7   MM   MM    MM
2026 09 13 22 20 330  5.0  8.0   1.2     6    MM  13     MM  19.3  20.2  14.3   MM   MM    MM
2026 09 13 22 10 320  5.0  7.0   1.1     6    MM   4     MM  19.2  20.2  13.8   MM   MM    MM
2026 09 13 22 00 320  4.0  6.0   1.2     6    MM 357     MM  19.1  20.2  13.5   MM   MM    MM
2026 09 13 21 50 320  5.0  8.0   1.1     6    MM 352     MM  19.2  20.2  13.4   MM   MM    MM
2026 09 13 21 40 310  6.0  8.0   1.2     6    MM 352     MM  19.2  20.2  13.0   MM   MM    MM
2026 09 13 21 30 320  6.0  8.0   1.1     6    MM 353     MM  19.2  20.2  12.6   MM   MM    MM
2026 09 13 21 20 330  6.0  8.0   1.1     6    MM   6     MM  19.0  20.2  13.3   MM   MM    MM
2026 09 13 21 10 350  4.0  7.0   1.2     6    MM   5     MM  19.0  20.2  12.6   MM   MM    MM
2026 09 13 21 00 340  5.0  7.0   1.2     6    MM  10     MM  19.1  20.3  12.8   MM   MM    MM
2026 09 13 20 50 340  5.0  7.0   1.2     6    MM  10     MM  19.3  20.3  12.6   MM   MM    MM
2026 09 13 20 40 360  5.0  7.0   1.2     6    MM   9     MM  19.3  20.3  12.2   MM   MM    MM
2026 09 13 20 30 350  5.0  8.0   1.1     5    MM   9     MM  19.4  20.3  12.8   MM   MM    MM
2026 09 13 20 20 350  5.0  7.0   1.1     6    MM  16     MM  19.3  20.3  13.5   MM   MM    MM
2026 09 13 20 10 350  5.0  7.0   1.1     6    MM   5     MM  19.5  20.3  13.6   MM   MM    MM
2026 09 13 20 00 350  6.0  8.0   1.2     6    MM  12     MM  19.5  20.3  13.5   MM   MM    MM
2026 09 13 19 50 360  6.0  8.0   1.2     5    MM   7     MM  19.5  20.3  14.2   MM   MM    MM
2026 09 13 19 40 360  6.0  8.0   1.1     5    MM   9     MM  19.5  20.4  14.0   MM   MM    MM
2026 09 13 19 30 350  7.0  9.0   1.2     5    MM   4     MM  19.6  20.4  14.5   MM   MM    MM
2026 09 13 19 00 340  8.0 11.0   1.2     5    MM  22     MM  19.8  20.4  14.9   MM   MM    MM
2026 09 13 18 50 340  8.0 11.0   1.2     5    MM  16     MM  19.9  20.4  15.4   MM   MM    MM
2026 09 13 18 40 340  8.0 10.0   1.2     5    MM  23     MM  19.9  20.5  15.4   MM   MM    MM
2026 09 13 18 30 340  8.0 10.0   1.1     5    MM  17     MM  20.0  20.5  15.6   MM   MM    MM
2026 09 13 18 20 340  8.0 11.0   1.1     5    MM  17     MM  20.1  20.5  15.8   MM   MM    MM
2026 09 13 18 10 340  8.0 12.0   1.0     5    MM  19     MM  20.2  20.6  15.9   MM   MM    MM
2026 09 13 18 00 340  8.0 11.0   1.0     5    MM  24     MM  20.2  20.6  16.3   MM   MM    MM
2026 09 13 17 50 340  8.0 11.0   0.9     4    MM  14     MM  20.4  20.6  16.6   MM   MM    MM
2026 09 13 17 40 340  8.0 10.0   0.9     5    MM  22     MM  20.6  20.7  16.6   MM   MM    MM
2026 09 13 17 30 340  7.0 10.0   1.0     5    MM  22     MM  20.7  20.7  16.6   MM   MM    MM
2026 09 13 17 20 340  7.0  9.0   0.9     5    MM  22     MM  20.7  20.7  16.6   MM   MM    MM
2026 09 13 17 10 330  7.0 10.0   1.0     5    MM  14     MM  20.7  20.7  16.7   MM   MM    MM
2026 09 13 17 00 340  7.0  8.0   0.9     5    MM  13     MM  20.7  20.7  16.5   MM   MM    MM
2026 09 13 16 50 340  6.0  8.0   0.9     5    MM  12     MM  20.8  20.8  16.5   MM   MM    MM
2026 09 13 16 40 350  6.0  8.0   0.9     6    MM  17     MM  20.7  20.8  16.5   MM   MM    MM
2026 09 13 16 30 340  6.0  8.0   0.9     5    MM  18     MM  20.8  20.7  16.5   MM   MM    MM
2026 09 13 16 20 340  6.0  9.0   0.9     5    MM  10     MM  20.8  20.8  16.3   MM   MM    MM
2026 09 13 16 10 340  7.0  9.0   1.0     5    MM  10     MM  20.8  20.8  16.6   MM   MM    MM
2026 09 13 16 00 340  7.0  9.0   1.0     5    MM   9     MM  20.8  20.8  16.7   MM   MM    MM
2026 09 13 15 50 330  7.0 10.0   0.9     5    MM  13     MM  20.8  20.9  16.4   MM   MM    MM
2026 09 13 15 40 330  7.0 10.0   1.0     5    MM  15     MM  20.7  20.9  16.9   MM   MM    MM
2026 09 13 15 30 330  7.0  9.0   0.9     5    MM  12     MM  20.8  20.9  17.1   MM   MM    MM
2026 09 13 15 20 340  7.0  9.0   0.9     4    MM   7     MM  20.8  20.9  16.9   MM   MM    MM
2026 09 13 15 10 340  7.0  8.0   1.0     5    MM   1     MM  20.8  20.9  16.8   MM   MM    MM
2026 09 13 15 00 340  6.0  8.0   0.9     5    MM   2     MM  20.9  21.0  16.7   MM   MM    MM
2026 09 13 14 50 340  6.0  8.0   0.8     5    MM   9     MM  21.0  21.0  16.7   MM   MM    MM
2026 09 13 14 40 350  6.0  7.0   0.9     5    MM 357     MM  21.0  20.9  16.6   MM   MM    MM
2026 09 13 14 30 350  5.0  6.0   1.0     5    MM 357     MM  21.0  21.0  16.7   MM   MM    MM
2026 09 13 14 20 350  5.0  7.0   0.9     5    MM   2     MM  21.1  20.9  16.4   MM   MM    MM
2026 09 13 14 10 350  5.0  7.0   0.9     5    MM 357     MM  21.1  20.9  16.6   MM   MM    MM
2026 09 13 14 00 350  5.0  7.0   1.0     5    MM 357     MM  21.1  20.9  16.5   MM   MM    MM
2026 09 13 13 50 350  5.0  7.0   1.0     5    MM   2     MM  21.1  21.0  16.5   MM   MM    MM
2026 09 13 13 40 350  6.0  8.0   0.9     5    MM 359     MM  21.2  21.0  16.5   MM   MM    MM
2026 09 13 13 30 350  6.0  8.0   0.9     5    MM   1     MM  21.3  21.0  16.5   MM   MM    MM
2026 09 13 13 20 350  7.0  9.0   0.9     5    MM 359     MM  21.3  21.0  16.5   MM   MM    MM
2026 09 13 13 10 360  5.0  7.0   0.9     5    MM   1     MM  21.4  21.0  16.4   MM   MM    MM
2026 09 13 13 00 360  5.0  7.0   1.0     5    MM   3     MM  21.4  21.0  16.3   MM   MM    MM
2026 09 13 12 50 360  5.0  7.0   0.8     5    MM   7     MM  21.4  21.0  16.4   MM   MM    MM
2026 09 13 12 40 350  6.0  8.0   0.9     5    MM   5     MM  21.3  21.0  16.8   MM   MM    MM
2026 09 13 12 30 350  6.0  9.0   0.9     5    MM 357     MM  21.5  21.0  16.6   MM   MM    MM
2026 09 13 12 20 340  7.0  8.0   0.9     5    MM   1     MM  21.5  21.1  16.7   MM   MM    MM
2026 09 13 12 10 350  6.0  8.0   0.9     5    MM   8     MM  21.5  21.0  16.6   MM   MM    MM
2026 09 13 12 00 350  6.0  7.0   0.9     5    MM   6     MM  21.5  21.0  16.5   MM   MM    MM
2026 09 13 11 50 350  6.0  8.0   0.9     4    MM   4     MM  21.6  21.1  16.7   MM   MM    MM
2026 09 13 11 40 350  6.0  8.0   0.9     4    MM   9     MM  21.7  21.1  16.6   MM   MM    MM
2026 09 13 11 30 350  6.0  8.0   0.9     5    MM   1     MM  21.8  21.2  16.5   MM   MM    MM
2026 09 13 11 20 350  7.0  8.0   1.0     5    MM   1     MM  21.8  21.2  16.3   MM   MM    MM
2026 09 13 11 10 350  6.0  8.0   1.0     5    MM   2     MM  21.8  21.2  16.4   MM   MM    MM
2026 09 13 11 00 350  6.0  8.0   0.9     5    MM   3     MM  21.8  21.3  16.5   MM   MM    MM
2026 09 13 10 50 350  7.0  9.0   0.9     5    MM   1     MM  21.8  21.3  16.6   MM   MM    MM
2026 09 13 10 40 360  6.0  8.0   0.9     5    MM 359     MM  21.8  21.4  16.7   MM   MM    MM
2026 09 13 10 30 360  6.0  8.0   0.9     4    MM   5     MM  21.9  21.3  16.5   MM   MM    MM
2026 09 13 10 20 360  7.0  8.0   0.8     4    MM   4     MM  21.9  21.4  16.4   MM   MM    MM
2026 09 13 10 00 360  6.0  8.0   0.8     4    MM   8     MM  21.9  21.4  16.8   MM   MM    MM
2026 09 13 09 50 360  7.0  8.0   0.8     4    MM   8     MM  22.0  21.5  16.7   MM   MM    MM
2026 09 13 09 40 360  7.0  9.0   0.9     4    MM  17     MM  22.0  21.5  16.7   MM   MM    MM
2026 09 13 09 30 360  7.0  9.0   0.8     4    MM   3     MM  22.0  21.5  16.9   MM   MM    MM
2026 09 13 09 20 360  7.0  9.0   0.8     4    MM  14     MM  22.1  21.5  16.6   MM   MM    MM
2026 09 13 09 10 360  7.0  9.0   0.7     4    MM  10     MM  22.1  21.5  16.6   MM   MM    MM
2026 09 13 09 00 360  7.0  8.0   0.8     4    MM   3     MM  22.1  21.5  17.0   MM   MM    MM
2026 09 13 08 50 360  7.0  8.0   0.7     4    MM 356     MM  22.1  21.6  16.9   MM   MM    MM
2026 09 13 08 40 350  7.0  9.0   0.7     4    MM   4     MM  22.2  21.7  17.2   MM   MM    MM
2026 09 13 08 30 350  7.0  9.0   0.7     3    MM 360     MM  22.2  21.7  17.6   MM   MM    MM
2026 09 13 08 20 350  7.0  9.0   0.6     3    MM   2     MM  22.2  21.8  18.0   MM   MM    MM
2026 09 13 08 10 350  7.0  9.0   0.7     3    MM   6     MM  22.4  21.7  17.6   MM   MM    MM
2026 09 13 08 00 350  8.0 10.0   0.5     3    MM   3     MM  22.5  21.7  17.7   MM   MM    MM
2026 09 13 07 50 350  8.0 10.0   0.5     3    MM   7     MM  22.5  21.8  18.3   MM   MM    MM
2026 09 13 07 40 350  7.0 10.0   0.5     3    MM   7     MM  22.6  21.9  19.1   MM   MM    MM
2026 09 13 07 30 340  7.0 10.0   0.4     3    MM   4     MM  22.6  21.9  19.4   MM   MM    MM
2026 09 13 07 20 340  7.0  9.0   0.4     3    MM   7     MM  22.6  22.0  19.9   MM   MM    MM
2026 09 13 07 10 330  6.0 10.0   0.3     3    MM 358     MM  22.7  22.1  20.2   MM   MM    MM
2026 09 13 07 00 330  5.0  7.0   0.3     3    MM 354     MM  22.6  22.1  20.7   MM   MM    MM
2026 09 13 06 50 320  4.0  5.0   0.3     3    MM 347     MM  22.6  22.1  21.1   MM   MM    MM
2026 09 13 06 40 330  3.0  4.0   0.3     3    MM 352     MM  22.5  22.1  21.2   MM   MM    MM
2026 09 13 06 30 340  3.0  3.0   0.3     3    MM   1     MM  22.6  22.1  21.2   MM   MM    MM
2026 09 13 06 20 340  2.0  3.0   0.3     3    MM 343     MM  22.5  22.1  21.2   MM   MM    MM
2026 09 13 06 10 330  2.0  2.0   0.3     3    MM 346     MM  22.5  22.1  21.3   MM   MM    MM
2026 09 13 06 00 340  2.0  3.0   0.3     3    MM 345     MM  22.5  22.1  21.3   MM   MM    MM
2026 09 13 05 50 340  2.0  3.0   0.3     3    MM 344     MM  22.5  22.1  21.3   MM   MM    MM
2026 09 13 05 40 340  2.0  3.0   0.3     3    MM 341     MM  22.5  22.0  21.2   MM   MM    MM
2026 09 13 05 30 360  2.0  2.0   0.3     3    MM 339     MM  22.6  22.0  21.2   MM   MM    MM
2026 09 13 05 20  30  2.0  2.0   0.3     3    MM 357     MM  22.6  22.0  21.1   MM   MM    MM
2026 09 13 05 10  30  2.0  3.0   0.3     3    MM 332     MM  22.6  22.1  21.1   MM   MM    MM
2026 09 13 05 00  30  2.0  3.0   0.4     2    MM 338     MM  22.7  22.1  21.1   MM   MM    MM
2026 09 13 04 50  20  3.0  3.0   0.3     3    MM 337     MM  22.8  22.1  21.1   MM   MM    MM
2026 09 13 04 40  20  3.0  5.0   0.4     2    MM 334     MM  22.8  22.1  21.1   MM   MM    MM
2026 09 13 04 30  10  4.0  5.0   0.3     2    MM 343     MM  22.9  22.1  21.1   MM   MM    MM
2026 09 13 04 20 360  5.0  6.0   0.3     2    MM 347     MM  23.0  22.2  21.1   MM   MM    MM
2026 09 13 04 10 360  5.0  7.0   0.3     2    MM 343     MM  23.1  22.3  21.1   MM   MM    MM
2026 09 13 04 00 360  5.0  7.0   0.3    MM    MM   3     MM  23.2  22.4  21.2   MM   MM    MM
2026 09 13 03 50 360  6.0  7.0   0.3    MM    MM   2     MM  23.3  22.4  21.1   MM   MM    MM
2026 09 13 03 40 360  6.0  8.0   0.3    MM    MM 353     MM  23.4  22.5  21.3   MM   MM    MM
2026 09 13 03 30 360  6.0  8.0   0.2    MM    MM 347     MM  23.5  22.6  21.4   MM   MM    MM
2026 09 13 03 20 360  6.0  8.0   0.2    MM    MM 299     MM  23.7  22.9  21.5   MM   MM    MM
2026 09 13 03 10 350  6.0  9.0   0.1    MM    MM 290     MM  23.9  23.0  21.6   MM   MM    MM
2026 09 13 03 00 340  6.0  8.0   0.1    MM    MM 259     MM  24.0  23.0  21.6   MM   MM    MM
2026 09 13 02 50 310  5.0  6.0   0.1    MM    MM 261     MM  24.2  23.2  21.4   MM   MM    MM
2026 09 13 02 40 270  3.0  5.0   0.1    MM    MM 265     MM  24.3  23.0  20.9   MM   MM    MM
2026 09 13 02 30 270  2.0  3.0   0.1    MM    MM 252     MM  23.7  23.0  20.8   MM   MM    MM
2026 09 13 02 20 190  2.0  3.0   0.1    MM    MM 148     MM  24.0  22.9  20.8   MM   MM    MM
2026 09 13 02 10 190  3.0  3.0   0.1    MM    MM 262     MM  24.1  23.0  20.7   MM   MM    MM
2026 09 13 02 00 200  3.0  3.0   0.1    MM    MM 269     MM  24.1  23.1  20.7   MM   MM    MM
2026 09 13 01 50 190  3.0  3.0   0.1    MM    MM 272     MM  23.8  23.0  20.7   MM   MM    MM
2026 09 13 01 40 190  3.0  3.0   0.1    MM    MM 265     MM  23.7  23.1  20.8   MM   MM    MM
2026 09 13 01 30 180  2.0  3.0   0.1    MM    MM 272     MM  23.7  22.9  21.0   MM   MM    MM
2026 09 13 01 20 190  2.0  2.0   0.1    MM    MM 191     MM  23.9  23.0  21.2   MM   MM    MM
2026 09 13 01 10 190  2.0  2.0   0.1    MM    MM 265     MM  23.9  22.9  21.3   MM   MM    MM
2026 09 13 01 00 180  2.0  2.0   0.1    MM    MM 259     MM  23.9  22.8  21.3   MM   MM    MM
2026 09 13 00 50 170  2.0  3.0   0.1    MM    MM 146     MM  23.9  23.1  21.0   MM   MM    MM
2026 09 13 00 40 170  2.0  3.0   0.1    MM    MM 250     MM  24.0  22.9  21.2   MM   MM    MM
2026 09 13 00 30 160  2.0  3.0   0.1    MM    MM 169     MM  24.0  22.8  21.1   MM   MM    MM
2026 09 13 00 20 150  2.0  2.0   0.1    MM    MM 301     MM  24.1  23.0  21.0   MM   MM    MM
2026 09 13 00 10 150  2.0  2.0   0.1    MM    MM 310     MM  23.9  22.6  21.1   MM   MM    MM
2026 09 13 00 00 150  2.0  2.0   0.1    MM    MM 326     MM  24.0  22.9  21.3   MM   MM    MM
2026 09 12 23 50 130  2.0  2.0   0.1    MM    MM 151     MM  24.0  23.0  21.4   MM   MM    MM
2026 09 12 23 40 130  2.0  2.0   0.1    MM    MM 140     MM  24.1  23.0  21.4   MM   MM    MM
2026 09 12 23 30 120  2.0  2.0   0.1    MM    MM 178     MM  24.2  22.8  21.7   MM   MM    MM
2026 09 12 23 20 110  2.0  2.0   0.1    MM    MM 124     MM  24.3  22.8  21.9   MM   MM    MM
2026 09 12 23 10 110  2.0  2.0   0.1    MM    MM 155     MM  24.4  22.5  21.9   MM   MM    MM
2026 09 12 23 00 100  1.0  2.0   0.1    MM    MM 164     MM  24.4  22.5  22.0   MM   MM    MM
2026 09 12 22 50  90  1.0  2.0   0.1    MM    MM 175     MM  24.4  22.4  22.1   MM   MM    MM
2026 09 12 22 40  90  2.0  2.0   0.1    MM    MM 160     MM  24.4  22.3  22.3   MM   MM    MM
2026 09 12 22 30  90  2.0  2.0   0.1    MM    MM 146     MM  24.4  22.3  22.4   MM   MM    MM
2026 09 12 22 20  80  1.0  2.0   0.1    MM    MM 124     MM  24.5  22.2  22.4   MM   MM    MM
2026 09 12 22 10  90  2.0  2.0   0.1    MM    MM 242     MM  24.4  22.2  22.4   MM   MM    MM
2026 09 12 22 00  90  2.0  2.0   0.1    MM    MM 161     MM  24.4  22.3  22.6   MM   MM    MM
2026 09 12 21 50  90  2.0  3.0   0.1    MM    MM 163     MM  24.5  22.0  22.7   MM   MM    MM
2026 09 12 21 40  70  2.0  2.0   0.1    MM    MM 163     MM  24.7  22.2  22.8   MM   MM    MM
2026 09 12 21 30  80  2.0  3.0   0.1    MM    MM 187     MM  24.9  22.3  22.7   MM   MM    MM
2026 09 12 21 20  80  2.0  2.0   0.1    MM    MM 219     MM  25.0  22.2  22.9   MM   MM    MM
2026 09 12 21 10  90  2.0  2.0   0.1    MM    MM 134     MM  25.3  22.1  22.9   MM   MM    MM
2026 09 12 21 00  80  2.0  2.0   0.1    MM    MM 150     MM  25.5  22.0  22.9   MM   MM    MM
2026 09 12 20 50  50  1.0  2.0   0.1    MM    MM 192     MM  25.7  22.0  22.8   MM   MM    MM
2026 09 12 20 40  40  2.0  2.0   0.1    MM    MM 246     MM  25.7  22.1  22.7   MM   MM    MM
2026 09 12 20 30  40  2.0  2.0   0.1    MM    MM 193     MM  25.8  22.1  22.6   MM   MM    MM
2026 09 12 20 20  50  1.0  2.0   0.1    MM    MM 184     MM  25.8  22.0  22.6   MM   MM    MM
2026 09 12 20 10  30  1.0  2.0   0.1    MM    MM 165     MM  25.8  22.1  22.6   MM   MM    MM
2026 09 12 20 00 360  1.0  2.0   0.1    MM    MM 182     MM  25.8  22.0  22.5   MM   MM    MM
2026 09 12 19 30 350  1.0  2.0   0.1    MM    MM 336     MM  25.8  21.9  22.3   MM   MM    MM
2026 09 12 19 20 350  1.0  1.0   0.1    MM    MM 131     MM  25.7  21.9  22.3   MM   MM    MM
2026 09 12 19 10 340  1.0  2.0   0.1    MM    MM   5     MM  25.3  21.9  22.2   MM   MM    MM
2026 09 12 19 00 350  1.0  2.0   0.1    MM    MM 303     MM  25.1  21.8  22.5   MM   MM    MM
2026 09 12 18 50 340  2.0  2.0   0.1    MM    MM 121     MM  25.1  21.9  22.4   MM   MM    MM
2026 09 12 18 40 350  1.0  2.0   0.1    MM    MM  94     MM  24.9  21.9  22.4   MM   MM    MM
2026 09 12 18 30 360  1.0  2.0   0.1    MM    MM 182     MM  24.7  21.8  22.3   MM   MM    MM
2026 09 12 18 20 320  2.0  2.0   0.2    MM    MM 144     MM  24.6  21.7  22.1   MM   MM    MM
2026 09 12 18 10 310  2.0  3.0   0.1    MM    MM 144     MM  24.8  21.7  22.1   MM   MM    MM
2026 09 12 18 00 310  2.0  3.0   0.1    MM    MM 270     MM  24.8  21.7  22.1   MM   MM    MM
2026 09 12 17 50 300  2.0  2.0   0.1    MM    MM 243     MM  25.4  21.6  22.1   MM   MM    MM
2026 09 12 17 40 300  1.0  1.0   0.1    MM    MM 225     MM  26.0  21.6  22.0   MM   MM    MM
2026 09 12 17 30 300  1.0  1.0   0.1    MM    MM 233     MM  26.0  21.6  21.9   MM   MM    MM
2026 09 12 17 20 250  1.0  1.0   0.1    MM    MM 219     MM  26.3  21.6  21.9   MM   MM    MM
2026 09 12 17 10  MM  0.0  1.0   0.1    MM    MM 275     MM  25.6  21.6  21.6   MM   MM    MM
2026 09 12 17 00 150  1.0  1.0   0.1    MM    MM 341     MM  24.8  21.5  21.6   MM   MM    MM
2026 09 12 16 50 220  1.0  1.0   0.1    MM    MM   2     MM  24.3  21.5  21.3   MM   MM    MM
2026 09 12 16 40 210  1.0  2.0   0.1    MM    MM 167     MM  24.0  21.5  21.1   MM   MM    MM
2026 09 12 16 30 190  1.0  2.0   0.1    MM    MM 336     MM  23.7  21.4  21.1   MM   MM    MM
2026 09 12 16 20 190  1.0  2.0   0.1    MM    MM 274     MM  23.6  21.4  21.1   MM   MM    MM
2026 09 12 16 10 200  1.0  2.0   0.1    MM    MM 220     MM  23.3  21.4  21.0   MM   MM    MM
2026 09 12 16 00 200  1.0  2.0   0.1    MM    MM  34     MM  23.2  21.3  20.9   MM   MM    MM
2026 09 12 15 50 180  1.0  2.0   0.1    MM    MM  16     MM  23.2  21.3  20.7   MM   MM    MM
2026 09 12 15 40 180  1.0  2.0   0.1    MM    MM   9     MM  23.0  21.3  20.5   MM   MM    MM
2026 09 12 15 30 180  1.0  2.0   0.1    MM    MM 204     MM  22.7  21.2  20.4   MM   MM    MM
2026 09 12 15 20 180  1.0  2.0   0.1    MM    MM 215     MM  22.5  21.2  20.4   MM   MM    MM
2026 09 12 15 10 170  1.0  2.0   0.1    MM    MM 213     MM  22.3  21.1  20.2   MM   MM    MM
2026 09 12 15 00 170  2.0  2.0   0.1    MM    MM 200     MM  22.2  21.1  20.1   MM   MM    MM
2026 09 12 14 50 170  2.0  3.0   0.1    MM    MM 192     MM  22.1  21.0  20.0   MM   MM    MM
2026 09 12 14 40 170  2.0  3.0   0.1    MM    MM 187     MM  21.9  20.9  19.9   MM   MM    MM
2026 09 12 14 30 170  3.0  3.0   0.1    MM    MM 186     MM  21.7  20.8  19.7   MM   MM    MM
2026 09 12 14 20 170  3.0  4.0   0.1    MM    MM 190     MM  21.5  20.8  19.6   MM   MM    MM
2026 09 12 14 10 170  3.0  3.0   0.2    MM    MM 194     MM  21.3  20.7  19.4   MM   MM    MM
2026 09 12 14 00 170  3.0  3.0   0.2    MM    MM 180     MM  21.1  20.6  19.2   MM   MM    MM
2026 09 12 13 50 170  3.0  4.0   0.2    MM    MM 183     MM  20.9  20.5  19.0   MM   MM    MM
2026 09 12 13 40 170  3.0  4.0   0.2    MM    MM 187     MM  20.8  20.4  18.9   MM   MM    MM
2026 09 12 13 30 170  3.0  4.0   0.2    MM    MM 182     MM  20.6  20.3  18.7   MM   MM    MM
2026 09 12 13 20 170  3.0  4.0   0.2    MM    MM 166     MM  20.4  20.3  18.5   MM   MM    MM
2026 09 12 13 10 170  4.0  5.0   0.1    MM    MM 171     MM  20.2  20.3  18.3   MM   MM    MM
2026 09 12 13 00 160  5.0  6.0   0.1    MM    MM 168     MM  20.1  20.3  18.4   MM   MM    MM
2026 09 12 12 50 160  5.0  6.0   0.1    MM    MM 187     MM  19.8  20.3  18.2   MM   MM    MM
2026 09 12 12 40 160  3.0  5.0   0.1    MM    MM 284     MM  19.9  20.3  18.1   MM   MM    MM
2026 09 12 12 30 160  2.0  3.0   0.1    MM    MM 184     MM  19.9  20.3  18.0   MM   MM    MM
2026 09 12 12 20 160  2.0  3.0   0.1    MM    MM 164     MM  19.7  20.3  17.9   MM   MM    MM
2026 09 12 12 10 160  3.0  3.0   0.2    MM    MM 179     MM  19.5  20.3  17.8   MM   MM    MM
2026 09 12 12 00 160  3.0  4.0   0.2    MM    MM 174     MM  19.4  20.3  17.7   MM   MM    MM
2026 09 12 11 50 170  3.0  4.0   0.2    MM    MM 176     MM  19.4  20.3  17.7   MM   MM    MM
2026 09 12 11 40 160  3.0  4.0   0.2    MM    MM 178     MM  19.3  20.2  17.7   MM   MM    MM
2026 09 12 11 30 160  3.0  4.0   0.2    MM    MM 176     MM  19.3  20.3  17.6   MM   MM    MM
2026 09 12 11 20 150  3.0  5.0   0.2    MM    MM 160     MM  19.3  20.3  17.6   MM   MM    MM
2026 09 12 11 10 160  3.0  5.0   0.2    MM    MM 161     MM  19.3  20.3  17.6   MM   MM    MM
2026 09 12 11 00 160  4.0  5.0   0.2    MM    MM 151     MM  19.4  20.3  17.7   MM   MM    MM
2026 09 12 10 50 150  4.0  6.0   0.2    MM    MM 165     MM  19.4  20.3  17.6   MM   MM    MM
2026 09 12 10 40 160  3.0  5.0   0.2    MM    MM 163     MM  19.5  20.3  17.7   MM   MM    MM
2026 09 12 10 30 160  4.0  5.0   0.2    MM    MM 154     MM  19.6  20.3  17.8   MM   MM    MM
2026 09 12 10 20 160  4.0  5.0   0.2    MM    MM 158     MM  19.6  20.4  17.8   MM   MM    MM
2026 09 12 10 10 160  4.0  6.0   0.3    MM    MM 154     MM  19.7  20.4  17.8   MM   MM    MM
2026 09 12 10 00 160  5.0  6.0   0.2    MM    MM 162     MM  19.7  20.4  17.8   MM   MM    MM
2026 09 12 09 50 160  4.0  6.0   0.3    MM    MM 158     MM  19.7  20.4  17.8   MM   MM    MM
2026 09 12 09 40 160  4.0  5.0   0.2    MM    MM 152     MM  19.8  20.4  17.8   MM   MM    MM
2026 09 12 09 30 160  5.0  7.0   0.2    MM    MM 152     MM  19.8  20.4  17.8   MM   MM    MM
2026 09 12 09 20 160  4.0  6.0   0.2    MM    MM 160     MM  19.9  20.4  17.8   MM   MM    MM
2026 09 12 09 10 150  4.0  6.0   0.2    MM    MM 166     MM  20.0  20.5  17.8   MM   MM    MM
2026 09 12 09 00 150  4.0  6.0   0.2    MM    MM 163     MM  20.1  20.5  17.9   MM   MM    MM
2026 09 12 08 50 160  4.0  5.0   0.2    MM    MM 148     MM  20.1  20.5  17.9   MM   MM    MM
2026 09 12 08 40 160  4.0  5.0   0.2    MM    MM 161     MM  20.3  20.6  18.0   MM   MM    MM
2026 09 12 08 30 160  3.0  5.0   0.2    MM    MM 169     MM  20.4  20.6  17.9   MM   MM    MM
2026 09 12 08 20 160  4.0  5.0   0.2    MM    MM 165     MM  20.5  20.7  18.1   MM   MM    MM
2026 09 12 08 10 160  4.0  6.0   0.2    MM    MM 161     MM  20.5  20.7  18.0   MM   MM    MM
2026 09 12 08 00 160  4.0  6.0   0.2    MM    MM 160     MM  20.4  20.8  17.9   MM   MM    MM
2026 09 12 07 50 160  5.0  7.0   0.3    MM    MM 154     MM  20.4  20.8  17.9   MM   MM    MM
2026 09 12 07 40 160  5.0  7.0   0.3    MM    MM 157     MM  20.5  20.9  17.8   MM   MM    MM
2026 09 12 07 30 160  5.0  7.0   0.3    MM    MM 159     MM  20.6  20.9  17.8   MM   MM    MM
2026 09 12 07 20 160  5.0  7.0   0.3    MM    MM 157     MM  20.6  21.0  17.8   MM   MM    MM
2026 09 12 07 10 160  5.0  7.0   0.2    MM    MM 150     MM  20.6  21.0  17.8   MM   MM    MM
2026 09 12 07 00 150  5.0  7.0   0.2    MM    MM 143     MM  20.7  21.1  17.8   MM   MM    MM
2026 09 12 06 50 160  5.0  7.0   0.2    MM    MM 141     MM  20.8  21.1  17.8   MM   MM    MM
2026 09 12 06 40 150  5.0  6.0   0.3    MM    MM 146     MM  20.9  21.1  17.9   MM   MM    MM
2026 09 12 06 30 150  5.0  7.0   0.2    MM    MM 141     MM  20.9  21.2  17.8   MM   MM    MM
2026 09 12 06 20 150  5.0  7.0   0.2    MM    MM 144     MM  21.0  21.2  17.8   MM   MM    MM
2026 09 12 06 10 150  5.0  6.0   0.2    MM    MM 133     MM  21.0  21.2  17.8   MM   MM    MM
2026 09 12 06 00 150  5.0  6.0   0.2    MM    MM 147     MM  21.1  21.3  17.8   MM   MM    MM
2026 09 12 05 50 150  4.0  6.0   0.2    MM    MM 138     MM  21.2  21.4  17.8   MM   MM    MM
2026 09 12 05 40 150  4.0  5.0   0.2    MM    MM 146     MM  21.2  21.4  17.8   MM   MM    MM
2026 09 12 05 30 150  4.0  5.0   0.2    MM    MM 140     MM  21.3  21.5  17.8   MM   MM    MM
2026 09 12 05 20 150  4.0  5.0   0.2    MM    MM 144     MM  21.4  21.5  17.7   MM   MM    MM
2026 09 12 05 10 140  5.0  6.0   0.2    MM    MM 136     MM  21.5  21.5  17.8   MM   MM    MM
2026 09 12 05 00 140  5.0  7.0   0.2    MM    MM 141     MM  21.7  21.6  17.8   MM   MM    MM
2026 09 12 04 50 140  4.0  6.0   0.2    MM    MM 135     MM  21.6  21.6  17.9   MM   MM    MM
2026 09 12 04 40 140  5.0  7.0   0.2    MM    MM 152     MM  21.7  21.6  17.9   MM   MM    MM
2026 09 12 04 30 140  5.0  7.0   0.2    MM    MM 146     MM  21.7  21.6  17.9   MM   MM    MM
2026 09 12 04 20 140  5.0  7.0   0.2    MM    MM 151     MM  21.8  21.6  17.8   MM   MM    MM
2026 09 12 04 10 140  5.0  6.0   0.2    MM    MM 150     MM  21.8  21.6  17.9   MM   MM    MM
2026 09 12 04 00 140  5.0  6.0   0.3    MM    MM 145     MM  21.8  21.6  17.9   MM   MM    MM
2026 09 12 03 50 140  5.0  6.0   0.3    MM    MM 148     MM  21.8  21.6  17.8   MM   MM    MM
2026 09 12 03 40 140  5.0  7.0   0.3    MM    MM 150     MM  21.8  21.6  17.6   MM   MM    MM
2026 09 12 03 30 140  5.0  7.0   0.2    MM    MM 152     MM  21.9  21.6  17.6   MM   MM    MM
2026 09 12 03 20 140  5.0  7.0   0.2    MM    MM 156     MM  21.9  21.6  17.6   MM   MM    MM
2026 09 12 03 10 140  5.0  6.0   0.2    MM    MM 153     MM  21.8  21.6  17.4   MM   MM    MM
2026 09 12 03 00 140  4.0  6.0   0.2    MM    MM  34     MM  21.7  21.6  17.4   MM   MM    MM
2026 09 12 02 50 140  4.0  5.0   0.2    MM    MM  29     MM  21.7  21.6  17.4   MM   MM    MM
2026 09 12 02 40 140  4.0  5.0   0.2    MM    MM  33     MM  21.6  21.6  17.6   MM   MM    MM
2026 09 12 02 30 130  3.0  4.0   0.2    MM    MM  37     MM  21.7  21.5  17.7   MM   MM    MM
2026 09 12 02 20 130  3.0  4.0   0.2    MM    MM  29     MM  21.6  21.5  17.9   MM   MM    MM
2026 09 12 02 10 130  3.0  4.0   0.2    MM    MM  38     MM  21.7  21.5  17.7   MM   MM    MM
2026 09 12 02 00 130  3.0  4.0   0.2    MM    MM  37     MM  21.8  21.5  17.7   MM   MM    MM
2026 09 12 01 50 130  3.0  4.0   0.2    MM    MM  35     MM  22.0  21.4  17.5   MM   MM    MM
2026 09 12 01 40 130  3.0  4.0   0.2    MM    MM  36     MM  22.0  21.4  17.6   MM   MM    MM
2026 09 12 01 30 120  3.0  4.0   0.2    MM    MM  37     MM  21.9  21.4  18.0   MM   MM    MM
2026 09 12 01 20 110  3.0  3.0   0.2    MM    MM  34     MM  21.7  21.3  18.4   MM   MM    MM
2026 09 12 01 10 100  3.0  3.0   0.3     2    MM  37     MM  21.6  21.3  18.5   MM   MM    MM
2026 09 12 01 00  90  3.0  3.0   0.3     2    MM  45     MM  21.5  21.3  18.5   MM   MM    MM
2026 09 12 00 50  90  3.0  4.0   0.3     2    MM  31     MM  21.5  21.3  18.5   MM   MM    MM
2026 09 12 00 40  90  3.0  4.0   0.3     2    MM  40     MM  21.4  21.3  18.6   MM   MM    MM
2026 09 12 00 30  90  3.0  4.0   0.3     2    MM  40     MM  21.4  21.3  18.6   MM   MM    MM
2026 09 12 00 20  90  3.0  5.0   0.3     2    MM  37     MM  21.4  21.2  18.7   MM   MM    MM
2026 09 12 00 10  80  4.0  5.0   0.3     2    MM  41     MM  21.5  21.2  18.8   MM   MM    MM
2026 09 12 00 00  80  4.0  5.0   0.3     2    MM  42     MM  21.5  21.2  18.9   MM   MM    MM
2026 09 11 23 50  80  4.0  5.0   0.3     2    MM  41     MM  21.6  21.1  18.9   MM   MM    MM
2026 09 11 23 40  80  4.0  5.0   0.3     2    MM  44     MM  21.6  21.1  18.9   MM   MM    MM
2026 09 11 23 30  70  4.0  5.0   0.3     2    MM  44     MM  21.7  21.1  19.0   MM   MM    MM
2026 09 11 23 10  60  5.0  6.0   0.3     3    MM  35     MM  21.9  21.1  18.6   MM   MM    MM
2026 09 11 23 00  70  4.0  5.0   0.4     2    MM  41     MM  21.9  21.1  18.5   MM   MM    MM
2026 09 11 22 50  70  4.0  6.0   0.4     2    MM  43     MM  21.9  20.9  18.2   MM   MM    MM
2026 09 11 22 40  60  4.0  5.0   0.4     2    MM  50     MM  22.0  20.9  18.2   MM   MM    MM
2026 09 11 22 30  60  5.0  7.0   0.4     2    MM  45     MM  22.1  20.9  17.7   MM   MM    MM
2026 09 11 22 20  50  6.0  8.0   0.4     2    MM  49     MM  22.1  20.9  17.6   MM   MM    MM
2026 09 11 22 10  50  5.0  7.0   0.3     2    MM  47     MM  22.0  20.9  17.7   MM   MM    MM
2026 09 11 22 00  50  5.0  7.0   0.3     2    MM  41     MM  22.0  20.9  17.8   MM   MM    MM
2026 09 11 21 50  50  5.0  7.0   0.3     2    MM  39     MM  22.0  20.9  17.9   MM   MM    MM
2026 09 11 21 40  50  5.0  7.0   0.3     2    MM  55     MM  22.0  20.8  17.8   MM   MM    MM
2026 09 11 21 30  40  5.0  6.0   0.3     2    MM  43     MM  22.0  20.9  18.0   MM   MM    MM
2026 09 11 21 20  40  5.0  7.0   0.3    MM    MM  52     MM  22.1  20.9  17.9   MM   MM    MM
2026 09 11 21 10  40  5.0  7.0   0.3    MM    MM  47     MM  22.1  20.9  17.8   MM   MM    MM
2026 09 11 21 00  30  5.0  7.0   0.3    MM    MM  37     MM  22.2  21.0  17.8   MM   MM    MM
2026 09 11 20 50  30  5.0  7.0   0.3    MM    MM  44     MM  22.2  21.0  17.8   MM   MM    MM
2026 09 11 20 40  20  5.0  6.0   0.3    MM    MM  51     MM  22.2  21.1  17.9   MM   MM    MM
2026 09 11 20 30  30  4.0  6.0   0.3    MM    MM  44     MM  22.1  21.1  18.0   MM   MM    MM
2026 09 11 20 20  30  4.0  6.0   0.3    MM    MM  41     MM  22.2  21.0  17.7   MM   MM    MM
2026 09 11 20 10  30  4.0  6.0   0.3    MM    MM  38     MM  22.2  21.0  17.7   MM   MM    MM
2026 09 11 20 00  30  4.0  6.0   0.2    MM    MM  39     MM  22.2  21.0  17.5   MM   MM    MM
2026 09 11 19 50  30  4.0  5.0   0.2    MM    MM  43     MM  22.1  21.0  17.6   MM   MM    MM
2026 09 11 19 40  30  3.0  4.0   0.2    MM    MM  36     MM  22.1  20.9  17.6   MM   MM    MM
2026 09 11 19 30  30  3.0  5.0   0.2    MM    MM  40     MM  22.0  20.9  17.6   MM   MM    MM
2026 09 11 19 20  30  4.0  5.0   0.2    MM    MM  47     MM  22.0  20.8  17.5   MM   MM    MM
2026 09 11 19 10  20  4.0  5.0   0.2    MM    MM  38     MM  21.9  20.8  17.5   MM   MM    MM
2026 09 11 19 00  20  3.0  5.0   0.2    MM    MM  38     MM  21.8  20.7  17.3   MM   MM    MM
2026 09 11 18 50  20  4.0  5.0   0.2    MM    MM  54     MM  21.8  20.7  17.3   MM   MM    MM
2026 09 11 18 40  20  4.0  5.0   0.2    MM    MM  49     MM  21.7  20.8  17.4   MM   MM    MM
2026 09 11 18 30  20  4.0  5.0   0.2    MM    MM  27     MM  21.8  20.7  17.3   MM   MM    MM
2026 09 11 18 20  20  4.0  5.0   0.2    MM    MM 349     MM  21.8  20.4  17.4   MM   MM    MM
2026 09 11 18 10  30  4.0  5.0   0.2    MM    MM 352     MM  22.1  20.2  17.3   MM   MM    MM
2026 09 11 18 00  20  3.0  4.0   0.2    MM    MM 347     MM  22.2  20.2  17.1   MM   MM    MM
2026 09 11 17 50  20  3.0  4.0   0.2    MM    MM   9     MM  22.2  20.2  16.9   MM   MM    MM
2026 09 11 17 40  40  3.0  3.0   0.2    MM    MM 354     MM  22.4  20.2  16.6   MM   MM    MM
2026 09 11 17 20  40  2.0  3.0   0.2    MM    MM 334     MM  22.6  20.2  16.2   MM   MM    MM
2026 09 11 17 10  40  2.0  3.0   0.2    MM    MM 358     MM  22.6  20.2  16.6   MM   MM    MM
2026 09 11 17 00  40  2.0  3.0   0.2    MM    MM 358     MM  22.7  20.2  15.9   MM   MM    MM
2026 09 11 16 50  70  1.0  2.0   0.2    MM    MM 339     MM  23.3  20.2  16.2   MM   MM    MM
2026 09 11 16 40  30  1.0  1.0   0.2    MM    MM 347     MM  22.8  20.1  15.8   MM   MM    MM
2026 09 11 16 30  30  1.0  1.0   0.2    MM    MM 354     MM  22.8  20.1  16.3   MM   MM    MM
2026 09 11 16 20  90  1.0  2.0   0.2    MM    MM 356     MM  22.8  20.1  16.4   MM   MM    MM
2026 09 11 16 10 130  1.0  1.0   0.2    MM    MM 360     MM  22.8  20.1  15.7   MM   MM    MM
2026 09 11 16 00  40  1.0  2.0   0.2    MM    MM 355     MM  22.3  20.1  15.9   MM   MM    MM
2026 09 11 15 50  MM  0.0  1.0   0.2    MM    MM 340     MM  23.0  20.1  16.1   MM   MM    MM
2026 09 11 15 40  MM  0.0  1.0   0.2    MM    MM 351     MM  23.1  20.2  16.2   MM   MM    MM
2026 09 11 15 30  MM  0.0  1.0   0.2    MM    MM 337     MM  22.5  20.2  16.1   MM   MM    MM
2026 09 11 15 20  MM  0.0  1.0   0.2    MM    MM 336     MM  21.9  20.2  16.0   MM   MM    MM
2026 09 11 15 10  MM  0.0  1.0   0.2    MM    MM  23     MM  21.1  20.2  15.6   MM   MM    MM
2026 09 11 15 00 110  1.0  1.0   0.2    MM    MM   5     MM  20.4  20.2  15.4   MM   MM    MM
2026 09 11 14 50  80  1.0  2.0   0.2    MM    MM  13     MM  19.9  20.3  15.3   MM   MM    MM
2026 09 11 14 40 100  2.0  3.0   0.2    MM    MM  13     MM  19.6  20.2  15.0   MM   MM    MM
2026 09 11 14 30 100  2.0  3.0   0.2    MM    MM  19     MM  19.5  20.2  14.9   MM   MM    MM
2026 09 11 14 20  90  2.0  3.0   0.2    MM    MM 343     MM  19.4  20.2  14.6   MM   MM    MM
2026 09 11 14 10  70  3.0  3.0   0.2    MM    MM  17     MM  19.2  20.2  14.4   MM   MM    MM
2026 09 11 14 00  80  2.0  3.0   0.2    MM    MM   8     MM  19.0  20.3  14.3   MM   MM    MM
2026 09 11 13 50  90  2.0  3.0   0.2    MM    MM 353     MM  18.7  20.3  14.2   MM   MM    MM
2026 09 11 13 40  90  3.0  4.0   0.2    MM    MM  11     MM  18.5  20.3  14.0   MM   MM    MM
2026 09 11 13 30 100  3.0  4.0   0.2    MM    MM   1     MM  18.4  20.2  14.0   MM   MM    MM
2026 09 11 13 20  90  3.0  4.0   0.2    MM    MM 352     MM  18.4  20.3  14.1   MM   MM    MM
2026 09 11 13 10 100  3.0  4.0   0.2    MM    MM   1     MM  18.2  20.3  13.8   MM   MM    MM
2026 09 11 13 00  90  3.0  3.0   0.2    MM    MM   3     MM  18.2  20.2  13.7   MM   MM    MM
2026 09 11 12 50 100  3.0  4.0   0.2    MM    MM   4     MM  18.1  20.2  13.5   MM   MM    MM
2026 09 11 12 40 100  3.0  3.0   0.2    MM    MM   7     MM  18.2  20.3  13.4   MM   MM    MM
2026 09 11 12 30  90  2.0  4.0   0.2    MM    MM  10     MM  18.3  20.3  13.4   MM   MM    MM
2026 09 11 12 20 100  3.0  3.0   0.2    MM    MM   5     MM  18.3  20.4  13.5   MM   MM    MM
2026 09 11 12 10 110  3.0  4.0   0.3     4    MM   6     MM  18.2  20.4  13.5   MM   MM    MM
2026 09 11 12 00 100  3.0  4.0   0.3     4    MM   5     MM  18.3  20.4  13.4   MM   MM    MM
2026 09 11 11 50  80  3.0  4.0   0.3     4    MM   3     MM  18.3  20.5  13.2   MM   MM    MM
2026 09 11 11 40 100  3.0  3.0   0.3     3    MM   5     MM  18.2  20.5  13.6   MM   MM    MM
2026 09 11 11 30 110  2.0  3.0   0.3     4    MM   6     MM  18.1  20.5  13.4   MM   MM    MM
2026 09 11 11 20 100  3.0  4.0   0.3    MM    MM 128     MM  18.1  20.5  13.4   MM   MM    MM
2026 09 11 11 10 110  4.0  5.0   0.3     4    MM 359     MM  18.3  20.5  13.7   MM   MM    MM
2026 09 11 11 00 120  4.0  5.0   0.3     4    MM   9     MM  18.2  20.5  13.7   MM   MM    MM
2026 09 11 10 50 110  4.0  5.0   0.3     4    MM   6     MM  18.2  20.5  13.6   MM   MM    MM
2026 09 11 10 40 120  4.0  4.0   0.3     4    MM   4     MM  18.4  20.5  13.6   MM   MM    MM
2026 09 11 10 30 130  4.0  5.0   0.3     4    MM   7     MM  18.4  20.5  13.6   MM   MM    MM
2026 09 11 10 20 130  4.0  5.0   0.3     4    MM   5     MM  18.4  20.6  14.0   MM   MM    MM
2026 09 11 10 10 130  4.0  5.0   0.3     4    MM   9     MM  18.2  20.6  14.3   MM   MM    MM
2026 09 11 10 00 130  4.0  5.0   0.3     4    MM   9     MM  18.0  20.6  14.4   MM   MM    MM
2026 09 11 09 50 120  4.0  5.0   0.3     4    MM  15     MM  18.0  20.6  14.4   MM   MM    MM
2026 09 11 09 40 120  4.0  5.0   0.3     4    MM  10     MM  18.1  20.5  14.6   MM   MM    MM
2026 09 11 09 30 120  4.0  5.0   0.3     4    MM  10     MM  18.2  20.5  14.8   MM   MM    MM
2026 09 11 09 20 110  3.0  5.0   0.3     4    MM  14     MM  18.3  20.5  14.9   MM   MM    MM
2026 09 11 09 10 100  3.0  4.0   0.3     4    MM  13     MM  18.4  20.5  15.1   MM   MM    MM
2026 09 11 09 00 100  3.0  4.0   0.3     4    MM   7     MM  18.6  20.4  15.3   MM   MM    MM
2026 09 11 08 50  90  3.0  4.0   0.3     4    MM   2     MM  18.6  20.4  15.2   MM   MM    MM
2026 09 11 08 40  90  3.0  4.0   0.3     4    MM  11     MM  18.6  20.4  15.2   MM   MM    MM
2026 09 11 08 30  80  3.0  4.0   0.3     4    MM  16     MM  18.7  20.4  15.4   MM   MM    MM
2026 09 11 08 00  90  3.0  4.0   0.3     4    MM  18     MM  18.7  20.3  15.3   MM   MM    MM
2026 09 11 07 50  80  3.0  4.0   0.3     4    MM  12     MM  18.6  20.3  15.3   MM   MM    MM
2026 09 11 07 40  90  3.0  4.0   0.3     4    MM  16     MM  18.4  20.2  15.4   MM   MM    MM
2026 09 11 07 30 100  3.0  4.0   0.3     4    MM  16     MM  18.5  20.3  15.3   MM   MM    MM
2026 09 11 07 20 100  3.0  4.0   0.3     4    MM  10     MM  18.6  20.2  15.0   MM   MM    MM
2026 09 11 07 10 100  3.0  3.0   0.3     4    MM  26     MM  18.8  20.2  15.4   MM   MM    MM
2026 09 11 07 00 100  3.0  4.0   0.3     4    MM  20     MM  19.1  20.2  15.5   MM   MM    MM
2026 09 11 06 50 100  3.0  4.0   0.3     4    MM  19     MM  19.2  20.2  15.6   MM   MM    MM
2026 09 11 06 40  90  3.0  3.0   0.3     4    MM  19     MM  19.2  20.2  15.9   MM   MM    MM
2026 09 11 06 30 100  2.0  3.0   0.3     4    MM  23     MM  19.3  20.1  16.0   MM   MM    MM
2026 09 11 06 20  90  2.0  3.0   0.3     4    MM  25     MM  19.3  20.1  16.0   MM   MM    MM
2026 09 11 06 10 100  2.0  3.0   0.3     4    MM  21     MM  19.2  20.1  16.2   MM   MM    MM
2026 09 11 06 00 100  2.0  3.0   0.3     4    MM  14     MM  19.2  20.0  16.2   MM   MM    MM
2026 09 11 05 50  90  2.0  3.0   0.3     4    MM   8     MM  19.2  20.0  15.9   MM   MM    MM
2026 09 11 05 40  80  2.0  3.0   0.4     4    MM   4     MM  19.3  20.0  15.9   MM   MM    MM
2026 09 11 04 40 110  1.0  2.0   0.4     4    MM  18     MM  19.1  20.0  16.3   MM   MM    MM
2026 09 11 04 30 130  1.0  2.0   0.3     4    MM   8     MM  19.1  20.1  16.3   MM   MM    MM
2026 09 11 04 20 130  2.0  2.0   0.4     4    MM 353     MM  19.2  20.1  16.5   MM   MM    MM
2026 09 11 04 10 130  2.0  3.0   0.4     4    MM 351     MM  19.3  20.1  16.6   MM   MM    MM
2026 09 11 04 00 120  2.0  3.0   0.4     4    MM   5     MM  19.5  20.1  16.4   MM   MM    MM
2026 09 11 03 50 120  2.0  3.0   0.4     4    MM   5     MM  19.5  20.1  16.5   MM   MM    MM
2026 09 11 03 40 110  2.0  3.0   0.4     4    MM   3     MM  19.5  20.1  16.5   MM   MM    MM
2026 09 11 03 30 110  2.0  3.0   0.5     4    MM   5     MM  19.6  20.1  16.5   MM   MM    MM
2026 09 11 03 20 110  2.0  3.0   0.4     4    MM   6     MM  19.6  20.1  16.6   MM   MM    MM
2026 09 11 03 10 110  2.0  3.0   0.4     4    MM   7     MM  19.6  20.2  16.5   MM   MM    MM
2026 09 11 03 00 120  2.0  4.0   0.4     4    MM   2     MM  19.8  20.2  16.8   MM   MM    MM
2026 09 11 02 50 100  2.0  4.0   0.4     4    MM 357     MM  19.9  20.2  17.0   MM   MM    MM
2026 09 11 02 40  90  2.0  3.0   0.4     4    MM  13     MM  19.9  20.2  17.5   MM   MM    MM
2026 09 11 02 30  90  3.0  4.0   0.4     4    MM   1     MM  19.9  20.1  17.7   MM   MM    MM
2026 09 11 02 20  80  3.0  4.0   0.4     4    MM 358     MM  20.0  20.2  17.8   MM   MM    MM
2026 09 11 02 10  80  4.0  5.0   0.4     4    MM   2     MM  20.2  20.2  17.8   MM   MM    MM
2026 09 11 02 00  70  4.0  6.0   0.4     4    MM   8     MM  20.4  20.2  17.7   MM   MM    MM
2026 09 11 01 50  70  3.0  4.0   0.4     4    MM   4     MM  20.3  20.2  18.1   MM   MM    MM
2026 09 11 01 40  70  3.0  4.0   0.4     4    MM   2     MM  20.4  20.2  18.1   MM   MM    MM
2026 09 11 01 30  70  3.0  5.0   0.4     4    MM   6     MM  20.4  20.2  18.0   MM   MM    MM
2026 09 11 01 20  80  3.0  4.0   0.4     4    MM   2     MM  20.3  20.2  18.1   MM   MM    MM
2026 09 11 01 10  80  3.0  4.0   0.4     4    MM   5     MM  20.3  20.2  18.2   MM   MM    MM
2026 09 11 01 00  80  3.0  4.0   0.4     4    MM   6     MM  20.3  20.3  18.2   MM   MM    MM
2026 09 11 00 50  70  3.0  4.0   0.4     4    MM  17     MM  20.2  20.3  18.1   MM   MM    MM
2026 09 11 00 40  80  2.0  3.0   0.4     4    MM 356     MM  20.2  20.3  18.1   MM   MM    MM
2026 09 11 00 30  80  2.0  3.0   0.4     4    MM 359     MM  20.3  20.3  18.1   MM   MM    MM
2026 09 11 00 20  80  2.0  3.0   0.4     4    MM 356     MM  20.4  20.3  18.1   MM   MM    MM
2026 09 11 00 10  90  2.0  3.0   0.4     4    MM 354     MM  20.6  20.3  17.9   MM   MM    MM
2026 09 11 00 00  60  3.0  4.0   0.4     4    MM   6     MM  20.9  20.4  17.6   MM   MM    MM
2026 09 10 23 50  70  3.0  4.0   0.4     4    MM 350     MM  21.0  20.4  17.7   MM   MM    MM
2026 09 10 23 40  70  3.0  4.0   0.4     4    MM 357     MM  21.2  20.5  17.4   MM   MM    MM
2026 09 10 23 30  60  3.0  4.0   0.4     4    MM 354     MM  21.3  20.5  17.5   MM   MM    MM
2026 09 10 23 20  60  4.0  5.0   0.4     4    MM 354     MM  21.4  20.5  17.4   MM   MM    MM
2026 09 10 23 10  50  4.0  6.0   0.4     4    MM   8     MM  21.4  20.5  17.3   MM   MM    MM
2026 09 10 23 00  40  4.0  6.0   0.4     4    MM 360     MM  21.5  20.6  17.0   MM   MM    MM
2026 09 10 22 50  30  5.0  7.0   0.4     4    MM   3     MM  21.5  20.6  17.0   MM   MM    MM
2026 09 10 22 40  40  5.0  6.0   0.5     4    MM 358     MM  21.5  20.7  17.1   MM   MM    MM
2026 09 10 22 30  30  4.0  6.0   0.4     4    MM 358     MM  21.6  20.7  17.2   MM   MM    MM
2026 09 10 22 20  40  4.0  5.0   0.4     4    MM   1     MM  21.6  20.8  17.3   MM   MM    MM
2026 09 10 22 10  40  4.0  5.0   0.4     4    MM 359     MM  21.6  20.8  17.3   MM   MM    MM
2026 09 10 22 00  30  4.0  6.0   0.4     4    MM   6     MM  21.7  20.9  17.2   MM   MM    MM
2026 09 10 21 50  30  4.0  5.0   0.4     4    MM 357     MM  21.7  20.9  17.2   MM   MM    MM
2026 09 10 21 40  30  4.0  5.0   0.5     4    MM   6     MM  21.7  21.0  17.2   MM   MM    MM
2026 09 10 21 30  30  4.0  5.0   0.4     4    MM 358     MM  21.7  21.0  17.4   MM   MM    MM
2026 09 10 21 20  40  4.0  5.0   0.4     4    MM 357     MM  21.7  21.0  17.5   MM   MM    MM
2026 09 10 21 10  30  4.0  5.0   0.4     4    MM   4     MM  21.7  21.1  17.5   MM   MM    MM
2026 09 10 21 00  40  4.0  5.0   0.5     4    MM 354     MM  21.7  21.2  17.5   MM   MM    MM
2026 09 10 20 50  40  4.0  5.0   0.4     4    MM 354     MM  21.7  21.3  17.6   MM   MM    MM
2026 09 10 20 40  40  4.0  5.0   0.4     4    MM   1     MM  21.8  21.3  17.6   MM   MM    MM
2026 09 10 20 30  30  4.0  5.0   0.5     4    MM 354     MM  21.8  21.4  17.7   MM   MM    MM
2026 09 10 20 20  40  4.0  5.0   0.4     4    MM 343     MM  21.8  21.5  17.7   MM   MM    MM
2026 09 10 20 10  30  4.0  5.0   0.4     4    MM 356     MM  21.9  21.6  17.6   MM   MM    MM
2026 09 10 20 00  30  4.0  5.0   0.5     4    MM 350     MM  21.9  21.6  17.7   MM   MM    MM
2026 09 10 19 50  30  3.0  5.0   0.4     4    MM 355     MM  21.9  21.6  17.8   MM   MM    MM
2026 09 10 19 40  30  3.0  5.0   0.4     4    MM 340     MM  21.9  21.7  17.8   MM   MM    MM
2026 09 10 19 30  30  3.0  4.0   0.5     4    MM 347     MM  21.9  21.7  18.0   MM   MM    MM
2026 09 10 19 20  30  3.0  4.0   0.4     4    MM 347     MM  22.0  21.8  17.8   MM   MM    MM
2026 09 10 19 10  30  3.0  4.0   0.5     4    MM 338     MM  22.0  21.8  17.8   MM   MM    MM
2026 09 10 19 00  30  3.0  4.0   0.5     4    MM 341     MM  22.0  21.8  17.9   MM   MM    MM
2026 09 10 18 50  40  3.0  4.0   0.4     4    MM 342     MM  22.1  21.8  17.9   MM   MM    MM
2026 09 10 18 40  30  3.0  4.0   0.4     4    MM 347     MM  22.1  21.9  17.6   MM   MM    MM
2026 09 10 18 30  30  3.0  4.0   0.4     4    MM 338     MM  22.1  21.9  17.7   MM   MM    MM
2026 09 10 18 20  30  2.0  4.0   0.5     4    MM 331     MM  22.1  21.9  17.9   MM   MM    MM
2026 09 10 18 10  40  2.0  3.0   0.5     4    MM 342     MM  22.3  21.9  17.8   MM   MM    MM
2026 09 10 18 00  50  2.0  3.0   0.4     4    MM 337     MM  22.3  21.9  17.6   MM   MM    MM
2026 09 10 17 50  40  2.0  3.0   0.5     4    MM 340     MM  22.4  21.9  17.4   MM   MM    MM
2026 09 10 17 40  50  2.0  3.0   0.4     4    MM 337     MM  22.4  21.9  17.4   MM   MM    MM
2026 09 10 17 30  50  2.0  4.0   0.4     4    MM 341     MM  22.3  21.9  17.7   MM   MM    MM
2026 09 10 17 20  40  3.0  5.0   0.4     4    MM 340     MM  22.2  21.9  17.7   MM   MM    MM
2026 09 10 17 10  30  4.0  5.0   0.5     3    MM 344     MM  22.2  21.8  18.2   MM   MM    MM
2026 09 10 17 00  30  4.0  5.0   0.4     4    MM 346     MM  22.2  21.9  18.2   MM   MM    MM
2026 09 10 16 50  30  4.0  5.0   0.5     4    MM 343     MM  22.2  21.9  18.2   MM   MM    MM
2026 09 10 16 40  30  4.0  5.0   0.5     4    MM 342     MM  22.3  21.9  18.1   MM   MM    MM
2026 09 10 16 30  40  4.0  5.0   0.5     4    MM 350     MM  22.4  21.9  18.1   MM   MM    MM
2026 09 10 16 20  30  4.0  5.0   0.5     4    MM 341     MM  22.4  21.9  18.0   MM   MM    MM
2026 09 10 16 10  40  4.0  5.0   0.5     4    MM 351     MM  22.4  21.9  17.7   MM   MM    MM
2026 09 10 16 00  30  4.0  5.0   0.5     3    MM 344     MM  22.5  21.9  17.5   MM   MM    MM
2026 09 10 15 50  30  4.0  6.0   0.4     3    MM 344     MM  22.5  21.9  17.6   MM   MM    MM
2026 09 10 15 40  20  4.0  6.0   0.5     3    MM 340     MM  22.4  21.8  18.1   MM   MM    MM
2026 09 10 15 30  20  5.0  6.0   0.4     3    MM 338     MM  22.5  21.9  17.9   MM   MM    MM
2026 09 10 15 20  20  5.0  6.0   0.4     3    MM 330     MM  22.5  21.9  17.9   MM   MM    MM
2026 09 10 15 10  20  4.0  5.0   0.4     3    MM 338     MM  22.4  21.8  18.5   MM   MM    MM
2026 09 10 15 00  20  4.0  5.0   0.4     3    MM 333     MM  22.4  21.9  18.6   MM   MM    MM
2026 09 10 14 50  20  4.0  5.0   0.4     3    MM 329     MM  22.5  21.8  18.4   MM   MM    MM
2026 09 10 14 40  20  4.0  5.0   0.4     3    MM 331     MM  22.4  21.8  18.6   MM   MM    MM
2026 09 10 14 30  20  4.0  5.0   0.4     3    MM 322     MM  22.4  21.8  18.9   MM   MM    MM
2026 09 10 14 20  20  4.0  5.0   0.4     3    MM 330     MM  22.3  21.8  19.4   MM   MM    MM
2026 09 10 14 10  20  3.0  4.0   0.4     3    MM 330     MM  22.3  21.8  19.5   MM   MM    MM
2026 09 10 14 00  20  3.0  4.0   0.4     3    MM 323     MM  22.3  21.8  19.6   MM   MM    MM
2026 09 10 13 50  20  3.0  4.0   0.4     3    MM 313     MM  22.3  21.8  19.5   MM   MM    MM
2026 09 10 13 40  30  3.0  4.0   0.4     3    MM 320     MM  22.3  21.8  19.5   MM   MM    MM
2026 09 10 13 30  30  3.0  4.0   0.4     3    MM 322     MM  22.3  21.8  19.4   MM   MM    MM
2026 09 10 13 20  30  3.0  4.0   0.4     3    MM 320     MM  22.3  21.8  19.6   MM   MM    MM
2026 09 10 13 10  30  3.0  4.0   0.4     3    MM 322     MM  22.3  21.8  19.6   MM   MM    MM
2026 09 10 13 00  20  3.0  5.0   0.4     3    MM 320     MM  22.4  21.8  19.5   MM   MM    MM
2026 09 10 12 50  20  3.0  4.0   0.4     3    MM 319     MM  22.5  21.8  19.6   MM   MM    MM
2026 09 10 12 40  20  3.0  4.0   0.4     3    MM 320     MM  22.4  21.7  19.5   MM   MM    MM
2026 09 10 12 30  10  3.0  4.0   0.4     3    MM 323     MM  22.5  21.7  19.5   MM   MM    MM
2026 09 10 12 20  10  4.0  5.0   0.4     3    MM 322     MM  22.4  21.7  19.4   MM   MM    MM
2026 09 10 12 10 360  4.0  5.0   0.4     3    MM 330     MM  22.4  21.7  19.4   MM   MM    MM
2026 09 10 12 00 350  4.0  5.0   0.5     3    MM 315     MM  22.3  21.6  19.5   MM   MM    MM
2026 09 10 11 50 350  3.0  5.0   0.4     3    MM 328     MM  22.3  21.6  19.6   MM   MM    MM
2026 09 10 11 40 340  3.0  5.0   0.4     3    MM 311     MM  22.2  21.6  19.8   MM   MM    MM
2026 09 10 11 30 320  2.0  4.0   0.4     3    MM 322     MM  22.0  21.6  20.4   MM   MM    MM
2026 09 10 11 20 320  2.0  3.0   0.4     3    MM 320     MM  22.0  21.6  20.2   MM   MM    MM
2026 09 10 11 10 320  3.0  4.0   0.4     3    MM 318     MM  22.1  21.6  20.1   MM   MM    MM
2026 09 10 11 00 320  3.0  4.0   0.4     3    MM 310     MM  22.1  21.5  20.0   MM   MM    MM
2026 09 10 10 50 320  3.0  4.0   0.4     3    MM 314     MM  22.1  21.5  19.9   MM   MM    MM
2026 09 10 10 40 320  3.0  4.0   0.4     3    MM 317     MM  22.2  21.5  20.0   MM   MM    MM
2026 09 10 10 30 310  3.0  4.0   0.4     3    MM 324     MM  22.2  21.5  20.0   MM   MM    MM
2026 09 10 10 20 320  3.0  4.0   0.4     3    MM 324     MM  22.2  21.5  20.0   MM   MM    MM
2026 09 10 10 10 310  3.0  4.0   0.3     3    MM 320     MM  22.2  21.4  20.2   MM   MM    MM
2026 09 10 10 00 310  3.0  4.0   0.4     3    MM 324     MM  22.1  21.4  20.4   MM   MM    MM
2026 09 10 09 50 310  3.0  4.0   0.4     3    MM 315     MM  22.0  21.4  20.5   MM   MM    MM
2026 09 10 09 40 300  3.0  4.0   0.3     3    MM 323     MM  21.8  21.3  20.7   MM   MM    MM
2026 09 10 09 30 290  3.0  3.0   0.3     3    MM 327     MM  21.6  21.3  20.8   MM   MM    MM
2026 09 10 09 20 280  2.0  3.0   0.3     3    MM 320     MM  21.5  21.2  20.7   MM   MM    MM
2026 09 10 09 10 270  2.0  3.0   0.3     3    MM 332     MM  21.4  21.1  20.6   MM   MM    MM
2026 09 10 09 00 260  2.0  3.0   0.3     3    MM 333     MM  21.4  21.1  20.6   MM   MM    MM
2026 09 10 08 50 260  2.0  4.0   0.3     3    MM 325     MM  21.4  21.0  20.5   MM   MM    MM
2026 09 10 08 40 260  3.0  3.0   0.3     3    MM 325     MM  21.3  21.0  20.5   MM   MM    MM
2026 09 10 08 30 250  3.0  4.0   0.3     3    MM 338     MM  21.4  21.0  20.4   MM   MM    MM
2026 09 10 08 20 250  3.0  4.0   0.3     3    MM 325     MM  21.3  21.0  20.5   MM   MM    MM
2026 09 10 08 10 250  3.0  4.0   0.3     3    MM 332     MM  21.2  21.0  20.4   MM   MM    MM
2026 09 10 08 00 240  3.0  4.0   0.3     3    MM 306     MM  21.2  20.9  20.3   MM   MM    MM
2026 09 10 07 50 250  3.0  5.0   0.3     3    MM 298     MM  21.2  20.9  20.3   MM   MM    MM
2026 09 10 07 40 250  4.0  5.0   0.3     3    MM 301     MM  21.2  20.8  20.3   MM   MM    MM
2026 09 10 07 30 240  4.0  5.0   0.3     3    MM 287     MM  21.2  20.8  20.2   MM   MM    MM
2026 09 10 07 20 240  3.0  5.0   0.3     3    MM 267     MM  21.2  20.8  20.2   MM   MM    MM
2026 09 10 07 10 240  3.0  5.0   0.3     3    MM 264     MM  21.2  20.8  20.2   MM   MM    MM
2026 09 10 07 00 240  4.0  5.0   0.3     3    MM 280     MM  21.3  20.8  20.3   MM   MM    MM
2026 09 10 06 50 240  4.0  6.0   0.3     3    MM 284     MM  21.4  20.8  20.4   MM   MM    MM
2026 09 10 06 40 240  4.0  6.0   0.3     3    MM 271     MM  21.4  20.7  20.3   MM   MM    MM
2026 09 10 06 30 240  4.0  5.0   0.4     3    MM 272     MM  21.2  20.6  20.3   MM   MM    MM
2026 09 10 06 20 230  4.0  5.0   0.3     3    MM 267     MM  21.1  20.6  20.2   MM   MM    MM
2026 09 10 06 10 230  4.0  5.0   0.3     3    MM 277     MM  21.2  20.7  20.3   MM   MM    MM
2026 09 10 06 00 230  3.0  4.0   0.3     3    MM 275     MM  21.3  20.7  20.3   MM   MM    MM
2026 09 10 05 50 230  3.0  4.0   0.3     3    MM 280     MM  21.4  20.7  20.4   MM   MM    MM
2026 09 10 05 40 240  4.0  5.0   0.3     3    MM 268     MM  21.6  20.7  20.5   MM   MM    MM
2026 09 10 05 30 240  3.0  5.0   0.4     3    MM 274     MM  21.5  20.7  20.5   MM   MM    MM
2026 09 10 05 20 240  3.0  5.0   0.3     3    MM 268     MM  21.5  20.7  20.4   MM   MM    MM
2026 09 10 05 10 240  4.0  5.0   0.3     3    MM 278     MM  21.6  20.8  20.5   MM   MM    MM
2026 09 10 05 00 240  4.0  5.0   0.3     3    MM 278     MM  21.6  20.8  20.5   MM   MM    MM
2026 09 10 04 50 250  4.0  5.0   0.3     3    MM 280     MM  21.8  20.9  20.5   MM   MM    MM
2026 09 10 04 40 240  3.0  5.0   0.3     3    MM 277     MM  21.6  20.9  20.5   MM   MM    MM
2026 09 10 04 30 240  4.0  5.0   0.3     3    MM 274     MM  21.6  20.9  20.6   MM   MM    MM
2026 09 10 04 20 240  4.0  5.0   0.3     3    MM 277     MM  21.7  21.0  20.6   MM   MM    MM
2026 09 10 04 10 250  4.0  6.0   0.3     3    MM 280     MM  21.8  21.0  20.6   MM   MM    MM
2026 09 10 04 00 250  5.0  6.0   0.3     3    MM 282     MM  21.8  21.1  20.7   MM   MM    MM
2026 09 10 03 50 250  4.0  6.0   0.4     3    MM 280     MM  21.9  21.1  20.7   MM   MM    MM
2026 09 10 03 40 240  4.0  5.0   0.3     3    MM 282     MM  21.9  21.0  20.6   MM   MM    MM
2026 09 10 03 30 240  4.0  6.0   0.3     3    MM 264     MM  21.9  21.0  20.6   MM   MM    MM
2026 09 10 03 20 240  5.0  6.0   0.3     3    MM 273     MM  22.1  21.0  20.6   MM   MM    MM
2026 09 10 03 10 230  5.0  6.0   0.3     2    MM 256     MM  22.1  21.0  20.6   MM   MM    MM
2026 09 10 03 00 230  4.0  5.0   0.3     3    MM 246     MM  22.0  20.9  20.5   MM   MM    MM
2026 09 10 02 50 230  4.0  5.0   0.3     3    MM 294     MM  22.0  20.9  20.5   MM   MM    MM
2026 09 10 02 40 230  4.0  5.0   0.3     3    MM 256     MM  21.9  21.0  20.5   MM   MM    MM
2026 09 10 02 30 230  3.0  5.0   0.3     2    MM 250     MM  21.9  21.1  20.4   MM   MM    MM
2026 09 10 02 20 220  3.0  4.0   0.3     3    MM 260     MM  21.9  21.1  20.4   MM   MM    MM
2026 09 10 02 10 210  4.0  5.0   0.3     2    MM 248     MM  22.1  21.1  20.5   MM   MM    MM
2026 09 10 02 00 210  4.0  5.0   0.3     3    MM 253     MM  22.1  21.1  20.5   MM   MM    MM
2026 09 10 01 50 220  4.0  5.0   0.3     3    MM 277     MM  22.2  21.2  20.5   MM   MM    MM
2026 09 10 01 40 220  3.0  4.0   0.3     3    MM 251     MM  22.1  21.2  20.5   MM   MM    MM
2026 09 10 01 30 220  4.0  5.0   0.3     3    MM 259     MM  22.2  21.3  20.6   MM   MM    MM
2026 09 10 01 20 220  4.0  5.0   0.3     3    MM 266     MM  22.3  21.4  20.6   MM   MM    MM
2026 09 10 01 10 220  4.0  5.0   0.3     3    MM 281     MM  22.4  21.4  20.8   MM   MM    MM
2026 09 10 01 00 220  3.0  5.0   0.3     3    MM 277     MM  22.7  21.5  21.0   MM   MM    MM
2026 09 10 00 50 220  4.0  5.0   0.3     3    MM 282     MM  22.8  21.6  21.0   MM   MM    MM
2026 09 10 00 40 220  4.0  5.0   0.3     3    MM 283     MM  22.7  21.6  21.1   MM   MM    MM
2026 09 10 00 30 220  4.0  5.0   0.3     3    MM 286     MM  22.6  21.6  20.8   MM   MM    MM
2026 09 10 00 20 220  4.0  5.0   0.3     3    MM 279     MM  22.7  21.7  20.8   MM   MM    MM
2026 09 10 00 10 230  3.0  4.0   0.3     3    MM 284     MM  22.6  21.7  20.7   MM   MM    MM
2026 09 10 00 00 230  3.0  4.0   0.3     3    MM 280     MM  22.4  21.8  20.6   MM   MM    MM
2026 09 09 23 50 220  3.0  4.0   0.3     3    MM 284     MM  22.6  21.8  20.6   MM   MM    MM
2026 09 09 23 40 220  3.0  5.0   0.3     3    MM 286     MM  22.6  21.8  20.6   MM   MM    MM
2026 09 09 23 30 210  3.0  4.0   0.3     3    MM 290     MM  22.6  21.8  20.6   MM   MM    MM
2026 09 09 23 20 210  3.0  4.0   0.3     3    MM 286     MM  22.6  21.8  20.6   MM   MM    MM
2026 09 09 23 10 210  3.0  3.0   0.3     3    MM 287     MM  22.6  21.7  20.6   MM   MM    MM
2026 09 09 23 00 210  3.0  4.0   0.3     3    MM 290     MM  22.6  21.7  20.6   MM   MM    MM
2026 09 09 22 50 210  3.0  4.0   0.3     3    MM 283     MM  22.6  21.7  20.5   MM   MM    MM
2026 09 09 22 40 210  3.0  4.0   0.3     3    MM 292     MM  22.4  21.7  20.3   MM   MM    MM
2026 09 09 22 30 200  3.0  4.0   0.3     3    MM 294     MM  22.0  21.6  20.3   MM   MM    MM
2026 09 09 22 20 190  2.0  3.0   0.3     3    MM 294     MM  22.0  21.5  20.2   MM   MM    MM
2026 09 09 22 10 190  2.0  3.0   0.3     3    MM 291     MM  22.0  21.4  20.3   MM   MM    MM
2026 09 09 22 00 200  2.0  3.0   0.3     3    MM 291     MM  22.1  21.3  20.3   MM   MM    MM
2026 09 09 21 50 200  1.0  2.0   0.3     3    MM 296     MM  22.0  21.2  20.3   MM   MM    MM
2026 09 09 21 40 220  2.0  3.0   0.3     3    MM 298     MM  22.3  21.0  20.3   MM   MM    MM
2026 09 09 21 30 230  2.0  3.0   0.3     3    MM 296     MM  22.1  20.9  20.3   MM   MM    MM
2026 09 09 21 20 210  2.0  3.0   0.3     3    MM 299     MM  21.9  20.9  20.3   MM   MM    MM
2026 09 09 21 10 220  2.0  3.0   0.3     3    MM 300     MM  22.0  21.0  20.4   MM   MM    MM
2026 09 09 21 00 230  2.0  3.0   0.3     3    MM 295     MM  22.4  21.0  20.5   MM   MM    MM
2026 09 09 20 50 240  3.0  3.0   0.3     3    MM 298     MM  22.4  21.0  20.5   MM   MM    MM
2026 09 09 20 40 240  2.0  3.0   0.3     3    MM 302     MM  22.2  21.0  20.4   MM   MM    MM
2026 09 09 20 30 230  1.0  2.0   0.3     3    MM 299     MM  21.9  21.0  20.2   MM   MM    MM
2026 09 09 20 20 210  2.0  2.0   0.3     3    MM 283     MM  21.6  21.0  20.1   MM   MM    MM
2026 09 09 20 10 200  2.0  3.0   0.3     3    MM 289     MM  21.4  21.0  20.0   MM   MM    MM
2026 09 09 20 00 200  2.0  3.0   0.3     3    MM 286     MM  21.2  20.9  19.8   MM   MM    MM
2026 09 09 19 50 210  3.0  4.0   0.3     3    MM 296     MM  21.4  20.8  20.0   MM   MM    MM
2026 09 09 19 40 210  3.0  4.0   0.3     3    MM 297     MM  21.5  20.4  20.0   MM   MM    MM
2026 09 09 19 30 230  3.0  5.0   0.3     3    MM 294     MM  21.4  20.4  20.0   MM   MM    MM
2026 09 09 19 20 230  4.0  4.0   0.3     3    MM 303     MM  21.4  20.4  20.0   MM   MM    MM
2026 09 09 19 10 230  4.0  5.0   0.3     3    MM 297     MM  21.5  20.5  20.1   MM   MM    MM
2026 09 09 19 00 230  3.0  4.0   0.3     3    MM 283     MM  21.3  20.6  20.1   MM   MM    MM
2026 09 09 18 50 230  4.0  6.0   0.2    MM    MM 279     MM  21.3  20.6  20.1   MM   MM    MM
2026 09 09 18 40 230  4.0  5.0   0.2    MM    MM 289     MM  21.0  20.6  20.0   MM   MM    MM
2026 09 09 18 30 230  3.0  4.0   0.2    MM    MM 286     MM  21.0  20.6  20.0   MM   MM    MM
2026 09 09 18 20 230  3.0  4.0   0.2    MM    MM 289     MM  20.8  20.5  19.8   MM   MM    MM
2026 09 09 18 10 230  3.0  5.0   0.2    MM    MM 266     MM  20.7  20.2  19.7   MM   MM    MM
2026 09 09 18 00 200  3.0  5.0   0.2    MM    MM 263     MM  20.7  19.3  19.6   MM   MM    MM
2026 09 09 17 50 230  4.0  6.0   0.2    MM    MM 266     MM  20.8  19.2  19.7   MM   MM    MM
2026 09 09 17 40 230  4.0  6.0   0.2    MM    MM 266     MM  20.6  19.2  19.6   MM   MM    MM
2026 09 09 17 30 230  3.0  5.0   0.2    MM    MM 266     MM  20.5  19.3  19.5   MM   MM    MM
2026 09 09 17 20 230  3.0  4.0   0.2    MM    MM 272     MM  20.5  19.3  19.4   MM   MM    MM
2026 09 09 17 10 230  3.0  4.0   0.2    MM    MM 267     MM  20.4  19.2  19.3   MM   MM    MM
2026 09 09 17 00 220  2.0  3.0   0.2    MM    MM 271     MM  20.5  19.2  19.3   MM   MM    MM
2026 09 09 16 50 220  3.0  4.0   0.2    MM    MM 258     MM  20.5  19.2  19.3   MM   MM    MM
2026 09 09 16 40 200  4.0  5.0   0.2    MM    MM 248     MM  20.5  19.2  19.3   MM   MM    MM
2026 09 09 16 30 210  4.0  6.0   0.2    MM    MM 258     MM  20.4  19.2  19.3   MM   MM    MM
2026 09 09 16 20 220  4.0  4.0   0.2    MM    MM 236     MM  20.5  19.3  19.4   MM   MM    MM
2026 09 09 16 10 210  4.0  5.0   0.2    MM    MM 243     MM  20.3  19.3  19.4   MM   MM    MM
2026 09 09 16 00 210  4.0  6.0   0.2    MM    MM 248     MM  20.3  19.3  19.3   MM   MM    MM
2026 09 09 15 50 220  4.0  5.0   0.2    MM    MM 226     MM  20.3  19.2  19.4   MM   MM    MM
2026 09 09 15 40 230  4.0  5.0   0.2    MM    MM 256     MM  20.4  19.2  19.4   MM   MM    MM
2026 09 09 15 30 230  3.0  4.0   0.2    MM    MM 255     MM  20.2  19.2  19.3   MM   MM    MM
2026 09 09 15 20 230  3.0  4.0   0.1    MM    MM 256     MM  20.1  19.1  19.2   MM   MM    MM
2026 09 09 15 10 220  3.0  4.0   0.1    MM    MM 260     MM  20.0  19.1  19.1   MM   MM    MM
2026 09 09 15 00 210  3.0  4.0   0.1    MM    MM 247     MM  19.9  19.1  18.9   MM   MM    MM
2026 09 09 14 50 210  3.0  3.0   0.2    MM    MM 246     MM  19.9  19.1  18.8   MM   MM    MM
2026 09 09 14 40 210  3.0  3.0   0.1    MM    MM 238     MM  19.8  19.1  18.8   MM   MM    MM
2026 09 09 14 30 190  3.0  4.0   0.2    MM    MM 244     MM  19.9  19.1  18.7   MM   MM    MM
2026 09 09 14 20 190  3.0  3.0   0.2    MM    MM 246     MM  19.8  19.1  18.6   MM   MM    MM
2026 09 09 14 10 200  3.0  4.0   0.2    MM    MM 247     MM  19.6  19.0  18.4   MM   MM    MM
2026 09 09 14 00 200  3.0  3.0   0.2    MM    MM 236     MM  19.8  19.0  18.5   MM   MM    MM
2026 09 09 13 50 200  3.0  4.0   0.2    MM    MM 221     MM  19.9  19.0  18.5   MM   MM    MM
2026 09 09 13 40 210  4.0  5.0   0.2    MM    MM 231     MM  20.0  19.1  18.6   MM   MM    MM
2026 09 09 13 30 210  3.0  5.0   0.2    MM    MM 248     MM  20.0  19.1  18.6   MM   MM    MM
2026 09 09 13 20 210  3.0  4.0   0.2    MM    MM 237     MM  20.0  19.0  18.5   MM   MM    MM
2026 09 09 13 10 230  3.0  3.0   0.2    MM    MM 226     MM  20.3  19.1  18.6   MM   MM    MM
2026 09 09 13 00 240  3.0  4.0   0.2    MM    MM 213     MM  20.4  19.1  18.7   MM   MM    MM
2026 09 09 12 50 240  3.0  5.0   0.2    MM    MM 206     MM  20.6  19.1  18.7   MM   MM    MM
2026 09 09 12 40 230  4.0  5.0   0.2    MM    MM 194     MM  20.7  19.2  18.7   MM   MM    MM
2026 09 09 12 30 240  5.0  7.0   0.1    MM    MM 185     MM  20.9  19.3  18.8   MM   MM    MM
2026 09 09 12 20 230  4.0  6.0   0.1    MM    MM 183     MM  20.6  19.3  18.6   MM   MM    MM
2026 09 09 12 10 230  3.0  4.0   0.2    MM    MM 190     MM  20.6  19.3  18.6   MM   MM    MM
2026 09 09 12 00 220  2.0  4.0   0.2    MM    MM 178     MM  20.6  19.4  18.5   MM   MM    MM
2026 09 09 11 50 190  2.0  3.0   0.2    MM    MM 179     MM  20.7  19.5  18.5   MM   MM    MM
2026 09 09 11 40 190  3.0  4.0   0.2    MM    MM 178     MM  21.0  19.6  18.6   MM   MM    MM
2026 09 09 11 30 180  4.0  5.0   0.2    MM    MM 185     MM  21.2  19.7  18.7   MM   MM    MM
2026 09 09 11 20 180  4.0  6.0   0.2    MM    MM 168     MM  21.4  19.7  18.7   MM   MM    MM
2026 09 09 11 10 180  5.0  6.0   0.2    MM    MM 178     MM  21.5  19.8  18.8   MM   MM    MM
2026 09 09 11 00 180  5.0  7.0   0.3     2    MM 172     MM  21.5  19.9  18.8   MM   MM    MM
2026 09 09 10 50 170  6.0  8.0   0.3     2    MM 169     MM  21.5  20.0  18.8   MM   MM    MM
2026 09 09 10 40 180  5.0  7.0   0.2    MM    MM 171     MM  21.5  20.1  18.8   MM   MM    MM
2026 09 09 10 30 170  6.0  8.0   0.2    MM    MM 171     MM  21.6  20.1  18.7   MM   MM    MM
2026 09 09 10 00 160  5.0  6.0   0.1    MM    MM 184     MM  21.5  20.3  18.8   MM   MM    MM
2026 09 09 09 50 160  5.0  6.0   0.1    MM    MM 179     MM  21.4  20.4  18.8   MM   MM    MM
2026 09 09 09 40 160  5.0  5.0   0.1    MM    MM 276     MM  21.3  20.4  18.8   MM   MM    MM
2026 09 09 09 30 150  4.0  5.0   0.1    MM    MM 269     MM  21.2  20.4  18.8   MM   MM    MM
2026 09 09 09 20 160  4.0  5.0   0.1    MM    MM 269     MM  21.1  20.4  18.8   MM   MM    MM
2026 09 09 09 10 160  3.0  4.0   0.1    MM    MM 270     MM  21.1  20.4  18.8   MM   MM    MM
2026 09 09 09 00 140  2.0  3.0   0.1    MM    MM 275     MM  21.1  20.4  18.9   MM   MM    MM
2026 09 09 08 50 140  2.0  3.0   0.1    MM    MM 261     MM  21.4  20.3  19.0   MM   MM    MM
2026 09 09 08 40 130  1.0  1.0   0.1    MM    MM 271     MM  21.6  20.2  19.1   MM   MM    MM
2026 09 09 08 30 350  1.0  1.0   0.1    MM    MM 259     MM  21.5  20.0  19.1   MM   MM    MM
2026 09 09 08 20  50  1.0  2.0   0.1    MM    MM 259     MM  21.3  19.9  19.2   MM   MM    MM
2026 09 09 08 10  30  1.0  2.0   0.1    MM    MM 256     MM  21.2  19.7  19.0   MM   MM    MM
2026 09 09 08 00  30  2.0  2.0   0.1    MM    MM 256     MM  21.2  19.7  18.8   MM   MM    MM
2026 09 09 07 50 100  1.0  1.0   0.1    MM    MM 257     MM  21.3  19.6  18.6   MM   MM    MM
2026 09 09 07 40 170  2.0  2.0   0.1    MM    MM 261     MM  21.1  19.5  18.6   MM   MM    MM
2026 09 09 07 30 160  2.0  2.0   0.1    MM    MM 263     MM  21.0  19.4  18.5   MM   MM    MM
2026 09 09 07 20 160  2.0  3.0   0.1    MM    MM 262     MM  21.1  19.5  18.5   MM   MM    MM
2026 09 09 07 10 150  2.0  3.0   0.1    MM    MM 256     MM  21.3  19.5  18.5   MM   MM    MM
2026 09 09 07 00 140  3.0  3.0   0.1    MM    MM 266     MM  21.4  19.5  18.5   MM   MM    MM
2026 09 09 06 50 140  3.0  4.0   0.1    MM    MM 258     MM  21.2  19.5  18.4   MM   MM    MM
2026 09 09 06 40 120  2.0  3.0   0.1    MM    MM 272     MM  20.7  19.4  18.3   MM   MM    MM
2026 09 09 06 30 110  2.0  3.0   0.1    MM    MM 273     MM  20.7  19.3  18.3   MM   MM    MM
2026 09 09 06 20 110  2.0  3.0   0.1    MM    MM 259     MM  20.8  19.3  18.3   MM   MM    MM
2026 09 09 06 10 110  3.0  3.0   0.1    MM    MM 237     MM  20.8  19.2  18.2   MM   MM    MM
2026 09 09 06 00 100  2.0  3.0   0.1    MM    MM 227     MM  20.7  19.1  18.2   MM   MM    MM
2026 09 09 05 50  90  2.0  3.0   0.1    MM    MM 243     MM  20.7  19.0  18.2   MM   MM    MM
2026 09 09 05 40  70  2.0  2.0   0.1    MM    MM 262     MM  20.5  19.1  18.2   MM   MM    MM
2026 09 09 05 30  50  2.0  2.0   0.1    MM    MM 233     MM  20.3  19.1  18.3   MM   MM    MM
2026 09 09 05 20  50  2.0  3.0   0.1    MM    MM 235     MM  20.2  19.1  18.1   MM   MM    MM
2026 09 09 05 10  30  2.0  3.0   0.1    MM    MM 226     MM  20.3  19.2  18.1   MM   MM    MM
2026 09 09 05 00  90  2.0  2.0   0.1    MM    MM 241     MM  20.6  19.1  18.0   MM   MM    MM
2026 09 09 04 50 110  2.0  3.0   0.1    MM    MM 240     MM  20.6  19.1  18.5   MM   MM    MM
2026 09 09 04 40  60  2.0  3.0   0.1    MM    MM 240     MM  20.9  19.2  18.7   MM   MM    MM
2026 09 09 04 30  30  1.0  3.0   0.1    MM    MM 260     MM  21.6  19.2  18.5   MM   MM    MM
2026 09 09 04 20 100  1.0  3.0   0.1    MM    MM 211     MM  21.6  19.2  18.5   MM   MM    MM
2026 09 09 04 10  30  3.0  4.0   0.1    MM    MM 204     MM  21.6  19.2  18.8   MM   MM    MM
2026 09 09 04 00 290  2.0  5.0   0.1    MM    MM 209     MM  23.5  19.2  18.4   MM   MM    MM
2026 09 09 03 50 320  3.0  6.0   0.1    MM    MM 203     MM  22.9  19.2  18.5   MM   MM    MM
2026 09 09 03 40 350  5.0  9.0   0.1    MM    MM 188     MM  21.7  19.2  18.6   MM   MM    MM
2026 09 09 03 30 220  2.0  3.0   0.2    MM    MM 173     MM  22.0  19.1  18.1   MM   MM    MM
2026 09 09 03 20 200  3.0  4.0   0.1    MM    MM 174     MM  22.0  19.1  18.1   MM   MM    MM
2026 09 09 03 10 190  4.0  5.0   0.1    MM    MM 181     MM  21.9  19.1  18.1   MM   MM    MM
2026 09 09 03 00 180  4.0  5.0   0.1    MM    MM 204     MM  21.8  19.0  18.0   MM   MM    MM
2026 09 09 02 50 180  4.0  5.0   0.1    MM    MM 214     MM  21.6  19.2  18.0   MM   MM    MM
2026 09 09 02 40 170  4.0  5.0   0.1    MM    MM 262     MM  21.6  19.2  18.0   MM   MM    MM
2026 09 09 02 30 180  4.0  4.0   0.0    MM    MM 354     MM  21.7  19.3  18.0   MM   MM    MM
2026 09 09 02 20 180  3.0  4.0   0.0    MM    MM  32     MM  21.7  19.3  18.0   MM   MM    MM
2026 09 09 02 10 170  3.0  4.0   0.0    MM    MM 302     MM  21.5  19.3  18.0   MM   MM    MM
2026 09 09 02 00 170  2.0  3.0   0.0    MM    MM  23     MM  21.6  19.4  18.0   MM   MM    MM
2026 09 09 01 50 180  2.0  3.0   0.0    MM    MM 312     MM  21.9  19.4  18.0   MM   MM    MM
2026 09 09 01 40 190  2.0  3.0   0.0    MM    MM  18     MM  21.8  19.4  18.1   MM   MM    MM
2026 09 09 01 30 190  2.0  3.0   0.1    MM    MM  10     MM  21.7  19.4  18.1   MM   MM    MM
2026 09 09 01 20 180  2.0  3.0   0.1    MM    MM 348     MM  21.7  19.4  18.1   MM   MM    MM
2026 09 09 01 10 180  2.0  2.0   0.1    MM    MM 163     MM  22.0  19.4  18.1   MM   MM    MM
2026 09 09 01 00 150  2.0  3.0   0.1    MM    MM  14     MM  22.1  19.4  18.0   MM   MM    MM
2026 09 09 00 50 150  2.0  2.0   0.1    MM    MM 200     MM  21.8  19.4  18.1   MM   MM    MM
2026 09 09 00 40 160  2.0  3.0   0.1    MM    MM 200     MM  22.3  19.5  18.1   MM   MM    MM
2026 09 09 00 30 160  3.0  3.0   0.1    MM    MM  14     MM  22.3  19.6  18.1   MM   MM    MM
2026 09 09 00 20 160  3.0  3.0   0.1    MM    MM 179     MM  22.2  19.7  18.2   MM   MM    MM
2026 09 09 00 10 170  2.0  3.0   0.1    MM    MM 169     MM  22.3  19.9  18.3   MM   MM    MM
2026 09 09 00 00 160  2.0  3.0   0.1    MM    MM 170     MM  22.7  20.0  18.4   MM   MM    MM
2026 09 08 23 50 170  3.0  4.0   0.1    MM    MM 163     MM  22.9  20.2  18.4   MM   MM    MM
2026 09 08 23 40 170  3.0  4.0   0.1    MM    MM 164     MM  23.0  20.4  18.4   MM   MM    MM
2026 09 08 23 30 170  3.0  4.0   0.1    MM    MM 163     MM  23.4  20.6  18.5   MM   MM    MM
2026 09 08 23 20 170  3.0  4.0   0.1    MM    MM 135     MM  23.8  20.9  18.5   MM   MM    MM
2026 09 08 23 10 180  3.0  4.0   0.1    MM    MM 282     MM  24.1  21.1  18.6   MM   MM    MM
2026 09 08 23 00 170  4.0  6.0   0.1    MM    MM 292     MM  24.3  21.2  18.6   MM   MM    MM
2026 09 08 22 50 160  3.0  5.0   0.1    MM    MM 298     MM  23.9  21.2  19.1   MM   MM    MM
2026 09 08 22 40 180  1.0  3.0   0.1    MM    MM 291     MM  24.0  21.2  19.0   MM   MM    MM
2026 09 08 22 30 150  1.0  2.0   0.1    MM    MM 302     MM  23.2  21.0  19.0   MM   MM    MM
2026 09 08 22 20 110  2.0  3.0   0.1    MM    MM 285     MM  22.5  21.1  19.0   MM   MM    MM
2026 09 08 22 10  90  2.0  3.0   0.1    MM    MM 135     MM  22.2  20.8  19.0   MM   MM    MM
2026 09 08 22 00  90  2.0  3.0   0.1    MM    MM 269     MM  22.0  20.7  19.1   MM   MM    MM
2026 09 08 21 50  70  2.0  2.0   0.1    MM    MM 277     MM  21.9  20.8  19.2   MM   MM    MM
2026 09 08 21 40  60  2.0  3.0   0.1    MM    MM  13     MM  21.9  21.1  19.2   MM   MM    MM
2026 09 08 21 30  70  2.0  2.0   0.1    MM    MM 285     MM  21.8  21.1  19.1   MM   MM    MM
2026 09 08 21 20  80  2.0  3.0   0.1    MM    MM 309     MM  21.8  21.0  19.1   MM   MM    MM
2026 09 08 21 10  70  3.0  4.0   0.1    MM    MM 315     MM  21.7  20.8  19.2   MM   MM    MM
2026 09 08 21 00  80  3.0  4.0   0.1    MM    MM 282     MM  21.5  20.9  19.2   MM   MM    MM
2026 09 08 20 50  80  3.0  4.0   0.1    MM    MM 282     MM  21.5  20.5  19.3   MM   MM    MM
2026 09 08 20 40  70  3.0  4.0   0.1    MM    MM 280     MM  21.5  20.7  19.4   MM   MM    MM
2026 09 08 20 30  60  3.0  4.0   0.1    MM    MM 287     MM  21.4  20.8  19.4   MM   MM    MM
2026 09 08 20 20  70  3.0  4.0   0.1    MM    MM 290     MM  21.3  20.4  19.5   MM   MM    MM
2026 09 08 20 10  80  4.0  4.0   0.1    MM    MM 291     MM  21.4  20.9  19.7   MM   MM    MM
2026 09 08 20 00  80  3.0  4.0   0.1    MM    MM 297     MM  21.4  21.0  19.7   MM   MM    MM
2026 09 08 19 50  70  3.0  4.0   0.1    MM    MM 288     MM  21.6  20.1  19.8   MM   MM    MM
2026 09 08 19 40  70  3.0  4.0   0.1    MM    MM 310     MM  21.8  20.1  19.9   MM   MM    MM
2026 09 08 19 30  70  3.0  4.0   0.1    MM    MM 272     MM  22.1  20.1  19.9   MM   MM    MM
2026 09 08 19 20  60  2.0  4.0   0.1    MM    MM 277     MM  22.5  20.0  19.9   MM   MM    MM
2026 09 08 19 10  20  2.0  3.0   0.1    MM    MM 292     MM  22.6  20.0  20.2   MM   MM    MM
2026 09 08 19 00 360  2.0  2.0   0.1    MM    MM 273     MM  22.6  19.8  20.2   MM   MM    MM
2026 09 08 18 50  10  2.0  2.0   0.1    MM    MM 265     MM  22.6  19.9  20.0   MM   MM    MM
2026 09 08 18 40  10  2.0  3.0   0.1    MM    MM 286     MM  22.6  19.9  20.0   MM   MM    MM
2026 09 08 18 30  30  2.0  2.0   0.1    MM    MM 285     MM  22.5  19.8  19.8   MM   MM    MM
2026 09 08 18 20  20  2.0  2.0   0.1    MM    MM 273     MM  22.4  19.6  19.6   MM   MM    MM
2026 09 08 18 10 360  2.0  2.0   0.1    MM    MM 280     MM  22.4  19.6  19.4   MM   MM    MM
2026 09 08 18 00 340  2.0  3.0   0.1    MM    MM 282     MM  22.5  19.5  19.3   MM   MM    MM
2026 09 08 17 50 340  2.0  3.0   0.1    MM    MM 288     MM  22.6  19.6  19.4   MM   MM    MM
2026 09 08 17 40 340  2.0  2.0   0.1    MM    MM 271     MM  22.7  19.5  19.1   MM   MM    MM
2026 09 08 17 30 330  1.0  2.0   0.1    MM    MM 288     MM  22.7  19.5  18.9   MM   MM    MM
2026 09 08 17 20 340  1.0  2.0   0.1    MM    MM 284     MM  22.7  19.5  19.1   MM   MM    MM
2026 09 08 17 10  10  1.0  1.0   0.1    MM    MM 278     MM  22.8  19.5  19.0   MM   MM    MM
2026 09 08 17 00 340  1.0  1.0   0.1    MM    MM 282     MM  22.4  19.5  19.0   MM   MM    MM
2026 09 08 16 50 330  1.0  1.0   0.1    MM    MM 190     MM  21.9  19.4  19.0   MM   MM    MM
2026 09 08 16 40 320  1.0  2.0   0.1    MM    MM 190     MM  21.9  19.4  18.9   MM   MM    MM
2026 09 08 16 30 260  1.0  1.0   0.1    MM    MM 259     MM  21.6  19.4  18.5   MM   MM    MM
2026 09 08 16 20 280  1.0  1.0   0.2    MM    MM 175     MM  21.3  19.4  18.5   MM   MM    MM
2026 09 08 16 10 200  1.0  2.0   0.2    MM    MM 173     MM  21.2  19.4  18.3   MM   MM    MM
2026 09 08 16 00 190  2.0  2.0   0.2    MM    MM 177     MM  21.0  19.5  18.1   MM   MM    MM
2026 09 08 15 50 180  2.0  3.0   0.2    MM    MM 186     MM  21.0  19.4  18.1   MM   MM    MM
2026 09 08 15 40 190  2.0  3.0   0.2    MM    MM 170     MM  20.7  19.5  17.9   MM   MM    MM
2026 09 08 15 30 180  2.0  3.0   0.2    MM    MM 179     MM  20.6  19.5  17.8   MM   MM    MM
2026 09 08 15 20 170  2.0  3.0   0.2    MM    MM 175     MM  20.7  19.4  17.6   MM   MM    MM
2026 09 08 15 10 160  2.0  3.0   0.2    MM    MM 180     MM  20.5  19.4  17.5   MM   MM    MM
2026 09 08 15 00 150  2.0  3.0   0.2    MM    MM 156     MM  20.3  19.4  17.5   MM   MM    MM
2026 09 08 14 50 150  2.0  4.0   0.2    MM    MM 170     MM  20.2  19.4  17.3   MM   MM    MM
2026 09 08 14 40 150  3.0  4.0   0.2    MM    MM 158     MM  20.1  19.4  17.2   MM   MM    MM
2026 09 08 14 30 150  3.0  5.0   0.2    MM    MM 175     MM  19.9  19.4  16.9   MM   MM    MM
2026 09 08 14 20 150  4.0  5.0   0.2    MM    MM 164     MM  19.8  19.4  16.8   MM   MM    MM
2026 09 08 14 10 150  4.0  5.0   0.2    MM    MM 174     MM  19.7  19.4  16.6   MM   MM    MM
2026 09 08 14 00 150  4.0  6.0   0.3    MM    MM 165     MM  19.7  19.4  16.5   MM   MM    MM
2026 09 08 13 50 150  4.0  6.0   0.2    MM    MM 156     MM  19.6  19.4  16.3   MM   MM    MM
2026 09 08 13 40 150  5.0  6.0   0.3     2    MM 165     MM  19.5  19.4  16.1   MM   MM    MM
2026 09 08 13 30 150  5.0  6.0   0.3    MM    MM 145     MM  19.3  19.4  16.0   MM   MM    MM
2026 09 08 13 20 150  5.0  6.0   0.3    MM    MM 156     MM  19.2  19.4  15.9   MM   MM    MM
2026 09 08 13 10 150  5.0  6.0   0.2    MM    MM 139     MM  19.1  19.4  15.6   MM   MM    MM
2026 09 08 13 00 150  4.0  6.0   0.2    MM    MM 139     MM  19.0  19.4  15.6   MM   MM    MM
2026 09 08 12 50 160  4.0  6.0   0.2    MM    MM 142     MM  18.9  19.4  15.5   MM   MM    MM
2026 09 08 12 40 150  4.0  5.0   0.2    MM    MM 133     MM  18.8  19.4  15.3   MM   MM    MM
2026 09 08 12 30 140  4.0  6.0   0.3    MM    MM 133     MM  18.7  19.4  15.1   MM   MM    MM
2026 09 08 12 20 150  4.0  6.0   0.2    MM    MM 131     MM  18.6  19.4  14.9   MM   MM    MM
2026 09 08 12 00 140  5.0  6.0   0.3    MM    MM 108     MM  18.6  19.4  14.9   MM   MM    MM
2026 09 08 11 50 140  4.0  5.0   0.3    MM    MM 129     MM  18.6  19.4  14.9   MM   MM    MM
2026 09 08 11 40 140  4.0  6.0   0.3    MM    MM 134     MM  18.6  19.4  14.9   MM   MM    MM
2026 09 08 11 30 140  5.0  6.0   0.3    MM    MM 112     MM  18.6  19.4  14.6   MM   MM    MM
2026 09 08 11 20 140  5.0  6.0   0.3    MM    MM 125     MM  18.6  19.4  14.6   MM   MM    MM
2026 09 08 11 10 140  5.0  7.0   0.3    MM    MM 125     MM  18.6  19.3  14.6   MM   MM    MM
2026 09 08 11 00 140  6.0  7.0   0.3    MM    MM 119     MM  18.7  19.2  14.5   MM   MM    MM
2026 09 08 10 50 130  5.0  8.0   0.3    MM    MM 120     MM  18.7  19.3  14.6   MM   MM    MM
2026 09 08 10 40 130  5.0  7.0   0.3    MM    MM 128     MM  18.7  19.3  14.7   MM   MM    MM
2026 09 08 10 30 130  5.0  7.0   0.3    MM    MM 124     MM  18.7  19.3  14.5   MM   MM    MM
2026 09 08 10 20 130  5.0  7.0   0.3    MM    MM 113     MM  18.7  19.3  14.4   MM   MM    MM
2026 09 08 10 10 130  5.0  6.0   0.3    MM    MM 118     MM  18.6  19.3  14.4   MM   MM    MM
2026 09 08 10 00 130  5.0  6.0   0.3    MM    MM 119     MM  18.5  19.3  14.3   MM   MM    MM
2026 09 08 09 50 130  5.0  7.0   0.3    MM    MM 108     MM  18.6  19.4  14.4   MM   MM    MM
2026 09 08 09 40 130  5.0  7.0   0.3    MM    MM 118     MM  18.7  19.4  14.4   MM   MM    MM
2026 09 08 09 30 130  5.0  6.0   0.3    MM    MM 130     MM  18.7  19.4  14.5   MM   MM    MM
2026 09 08 09 20 130  4.0  5.0   0.3    MM    MM 124     MM  18.8  19.5  14.5   MM   MM    MM
2026 09 08 09 10 130  4.0  6.0   0.3    MM    MM 115     MM  18.8  19.5  14.5   MM   MM    MM
2026 09 08 09 00 130  4.0  6.0   0.3    MM    MM 120     MM  18.9  19.6  14.5   MM   MM    MM
2026 09 08 08 50 130  5.0  6.0   0.3    MM    MM 124     MM  18.9  19.6  14.5   MM   MM    MM
2026 09 08 08 40 130  5.0  7.0   0.3     2    MM 119     MM  19.0  19.5  14.5   MM   MM    MM
2026 09 08 08 30 130  5.0  7.0   0.3     2    MM 120     MM  19.1  19.5  14.5   MM   MM    MM
2026 09 08 08 20 130  6.0  8.0   0.3     2    MM 131     MM  19.1  19.6  14.3   MM   MM    MM
2026 09 08 08 10 140  6.0  8.0   0.3     2    MM 131     MM  19.1  19.6  14.5   MM   MM    MM
2026 09 08 08 00 140  6.0  8.0   0.3     2    MM 127     MM  19.2  19.6  14.6   MM   MM    MM
2026 09 08 07 50 140  6.0  8.0   0.3     2    MM 140     MM  19.3  19.6  14.5   MM   MM    MM
2026 09 08 07 40 140  6.0  7.0   0.3     2    MM 132     MM  19.3  19.6  14.6   MM   MM    MM
2026 09 08 07 30 130  6.0  9.0   0.3     2    MM 129     MM  19.3  19.7  14.7   MM   MM    MM
2026 09 08 07 20 130  7.0  9.0   0.3    MM    MM 124     MM  19.3  19.6  14.8   MM   MM    MM
2026 09 08 07 10 130  6.0  8.0   0.3    MM    MM 125     MM  19.3  19.6  14.8   MM   MM    MM
2026 09 08 07 00 130  6.0  8.0   0.3    MM    MM 106     MM  19.3  19.6  14.8   MM   MM    MM
2026 09 08 06 50 140  5.0  7.0   0.3    MM    MM 113     MM  19.4  19.6  14.8   MM   MM    MM
2026 09 08 06 40 130  5.0  7.0   0.3    MM    MM 104     MM  19.5  19.6  15.0   MM   MM    MM
2026 09 08 06 30 140  5.0  6.0   0.3    MM    MM  98     MM  19.6  19.7  15.1   MM   MM    MM
2026 09 08 06 20 130  5.0  6.0   0.3    MM    MM 110     MM  19.8  19.7  15.0   MM   MM    MM
2026 09 08 06 10 130  5.0  7.0   0.3    MM    MM 109     MM  19.9  19.7  15.0   MM   MM    MM
2026 09 08 06 00 130  5.0  7.0   0.3    MM    MM 111     MM  20.0  19.8  15.1   MM   MM    MM
2026 09 08 05 50 130  6.0  8.0   0.3    MM    MM 106     MM  20.1  19.8  15.0   MM   MM    MM
2026 09 08 05 40 120  5.0  8.0   0.3    MM    MM 102     MM  20.1  19.8  15.2   MM   MM    MM
2026 09 08 05 30 120  6.0  8.0   0.3    MM    MM 107     MM  20.1  19.9  15.3   MM   MM    MM
2026 09 08 05 20 120  6.0  8.0   0.3     3    MM  20     MM  20.1  19.9  15.4   MM   MM    MM
2026 09 08 05 10 110  5.0  6.0   0.2    MM    MM  11     MM  19.9  19.9  15.9   MM   MM    MM
2026 09 08 05 00 120  5.0  6.0   0.2    MM    MM  15     MM  20.2  20.0  16.0   MM   MM    MM
2026 09 08 04 50 120  4.0  5.0   0.2    MM    MM   8     MM  20.2  20.0  16.2   MM   MM    MM
2026 09 08 04 40 130  2.0  4.0   0.2    MM    MM 346     MM  19.8  20.0  16.5   MM   MM    MM
2026 09 08 04 30 130  2.0  4.0   0.2    MM    MM  10     MM  19.8  20.0  16.6   MM   MM    MM
2026 09 08 04 20 130  3.0  4.0   0.2    MM    MM   9     MM  19.8  20.1  16.7   MM   MM    MM
2026 09 08 04 10 130  3.0  3.0   0.2    MM    MM  10     MM  19.9  20.0  16.7   MM   MM    MM
2026 09 08 04 00 120  2.0  3.0   0.3     3    MM  13     MM  19.8  20.1  16.9   MM   MM    MM
2026 09 08 03 50 110  2.0  3.0   0.3     3    MM   9     MM  19.8  20.1  16.7   MM   MM    MM
2026 09 08 03 40 100  2.0  3.0   0.2    MM    MM  18     MM  20.0  20.2  16.6   MM   MM    MM
2026 09 08 03 30  90  3.0  3.0   0.3     3    MM  16     MM  19.9  20.2  16.9   MM   MM    MM
2026 09 08 03 20  90  3.0  3.0   0.2    MM    MM  17     MM  19.9  20.2  17.1   MM   MM    MM
2026 09 08 03 10  80  3.0  3.0   0.3     3    MM  12     MM  19.9  20.3  17.3   MM   MM    MM
2026 09 08 03 00  80  3.0  3.0   0.3     3    MM  11     MM  19.9  20.3  17.6   MM   MM    MM
2026 09 08 02 50  80  2.0  3.0   0.3     3    MM  12     MM  19.9  20.3  17.9   MM   MM    MM
2026 09 08 02 40  80  2.0  3.0   0.3     3    MM  16     MM  20.0  20.3  17.9   MM   MM    MM
2026 09 08 02 30  80  3.0  4.0   0.3     3    MM  12     MM  20.0  20.4  18.2   MM   MM    MM
2026 09 08 02 20  90  3.0  4.0   0.3     3    MM  13     MM  20.1  20.4  18.3   MM   MM    MM
2026 09 08 02 10  80  3.0  4.0   0.3     3    MM  12     MM  20.1  20.4  18.3   MM   MM    MM
2026 09 08 02 00  80  4.0  4.0   0.3     3    MM  15     MM  20.2  20.4  18.4   MM   MM    MM
2026 09 08 01 50  80  3.0  4.0   0.3     3    MM  21     MM  20.2  20.4  18.4   MM   MM    MM
2026 09 08 01 40  70  3.0  4.0   0.3     3    MM  16     MM  20.1  20.5  18.2   MM   MM    MM
2026 09 08 01 30  80  3.0  4.0   0.3     3    MM  20     MM  20.3  20.5  18.5   MM   MM    MM
2026 09 08 01 20  80  3.0  4.0   0.3     3    MM  18     MM  20.4  20.6  18.5   MM   MM    MM
2026 09 08 01 10  80  3.0  4.0   0.3     3    MM  26     MM  20.6  20.7  18.7   MM   MM    MM
2026 09 08 01 00  70  3.0  4.0   0.3     3    MM  18     MM  20.8  20.8  18.7   MM   MM    MM
2026 09 08 00 50  70  3.0  4.0   0.3     3    MM  13     MM  20.8  20.9  18.8   MM   MM    MM
2026 09 08 00 40  80  3.0  4.0   0.3     3    MM  17     MM  20.8  20.9  18.7   MM   MM    MM
2026 09 08 00 30  70  3.0  3.0   0.3     3    MM  20     MM  20.7  21.1  18.6   MM   MM    MM
2026 09 08 00 20  60  3.0  4.0   0.3     3    MM  23     MM  20.8  21.1  18.5   MM   MM    MM
2026 09 08 00 10  60  3.0  4.0   0.4     3    MM  24     MM  20.9  21.1  18.4   MM   MM    MM
2026 09 08 00 00  80  3.0  4.0   0.3     3    MM  17     MM  21.0  21.2  18.4   MM   MM    MM
2026 09 07 23 50  90  4.0  5.0   0.4     3    MM  27     MM  21.0  21.2  18.5   MM   MM    MM
2026 09 07 23 40  90  3.0  4.0   0.4     3    MM  28     MM  21.4  21.3  18.8   MM   MM    MM
2026 09 07 23 30  60  3.0  4.0   0.4     3    MM  21     MM  21.7  21.4  18.7   MM   MM    MM
2026 09 07 23 10  60  4.0  5.0   0.4     3    MM  20     MM  21.8  21.4  18.7   MM   MM    MM
2026 09 07 23 00  50  4.0  5.0   0.4     3    MM  25     MM  21.9  21.4  18.7   MM   MM    MM
2026 09 07 22 50  50  4.0  5.0   0.4     3    MM  25     MM  22.0  21.5  18.7   MM   MM    MM
2026 09 07 22 40  50  4.0  6.0   0.4     2    MM  15     MM  22.1  21.6  18.4   MM   MM    MM
2026 09 07 22 30  50  5.0  6.0   0.4     2    MM  32     MM  22.1  21.6  18.2   MM   MM    MM
2026 09 07 22 20  40  5.0  6.0   0.4     3    MM  32     MM  22.2  21.6  18.2   MM   MM    MM
2026 09 07 22 10  30  5.0  7.0   0.4     3    MM  29     MM  22.2  21.7  18.3   MM   MM    MM
2026 09 07 22 00  30  5.0  7.0   0.4     3    MM  32     MM  22.3  21.7  17.9   MM   MM    MM
2026 09 07 21 50  30  6.0  7.0   0.4     2    MM  26     MM  22.3  21.8  17.9   MM   MM    MM
2026 09 07 21 40  30  6.0  7.0   0.4     2    MM  54     MM  22.3  21.8  17.9   MM   MM    MM
2026 09 07 21 30  30  6.0  8.0   0.4     2    MM  17     MM  22.3  21.8  18.0   MM   MM    MM
2026 09 07 21 20  30  6.0  8.0   0.4     2    MM  21     MM  22.3  21.8  18.1   MM   MM    MM
2026 09 07 21 10  30  6.0  7.0   0.4     2    MM  25     MM  22.3  21.8  17.9   MM   MM    MM
2026 09 07 21 00  30  6.0  8.0   0.4     2    MM  27     MM  22.3  21.9  17.9   MM   MM    MM
2026 09 07 20 50  30  6.0  8.0   0.4     2    MM  26     MM  22.3  21.9  18.0   MM   MM    MM
2026 09 07 20 40  30  6.0  7.0   0.4     2    MM  26     MM  22.4  22.0  17.8   MM   MM    MM
2026 09 07 20 30  20  6.0  8.0   0.4     2    MM  48     MM  22.4  22.1  17.7   MM   MM    MM
2026 09 07 20 20  20  6.0  8.0   0.4    MM    MM  30     MM  22.4  22.1  17.9   MM   MM    MM
2026 09 07 20 10  30  6.0  8.0   0.4     2    MM  30     MM  22.5  22.3  17.9   MM   MM    MM
2026 09 07 20 00  20  6.0  8.0   0.4    MM    MM  26     MM  22.5  22.4  18.0   MM   MM    MM
2026 09 07 19 50  20  6.0  7.0   0.4    MM    MM  34     MM  22.5  22.4  18.0   MM   MM    MM
2026 09 07 19 40  20  6.0  7.0   0.3    MM    MM  37     MM  22.5  22.4  17.8   MM   MM    MM
2026 09 07 19 30  20  6.0  7.0   0.3    MM    MM  22     MM  22.6  22.5  17.7   MM   MM    MM
2026 09 07 19 20  20  5.0  7.0   0.3    MM    MM  31     MM  22.5  22.5  18.1   MM   MM    MM
2026 09 07 19 10  20  5.0  7.0   0.3    MM    MM  36     MM  22.5  22.5  17.8   MM   MM    MM
2026 09 07 19 00  20  6.0  7.0   0.3    MM    MM  23     MM  22.5  22.5  17.8   MM   MM    MM
2026 09 07 18 50  10  5.0  6.0   0.3    MM    MM  34     MM  22.4  22.5  18.0   MM   MM    MM
2026 09 07 18 20  20  4.0  5.0   0.3     3    MM  27     MM  22.4  22.3  17.7   MM   MM    MM
2026 09 07 18 10  20  5.0  7.0   0.3     3    MM   8     MM  22.3  22.4  17.9   MM   MM    MM
2026 09 07 18 00  20  5.0  7.0   0.3     3    MM  17     MM  22.3  22.4  17.9   MM   MM    MM
2026 09 07 17 50  20  5.0  6.0   0.3     3    MM  23     MM  22.3  22.4  17.6   MM   MM    MM
2026 09 07 17 40  30  4.0  5.0   0.2    MM    MM  21     MM  22.4  22.4  17.6   MM   MM    MM
2026 09 07 17 30  40  4.0  5.0   0.3     3    MM  14     MM  22.3  22.5  17.6   MM   MM    MM
2026 09 07 17 20  40  4.0  5.0   0.2    MM    MM  24     MM  22.4  22.4  17.3   MM   MM    MM
2026 09 07 17 10  50  4.0  5.0   0.2    MM    MM  22     MM  22.4  22.4  17.3   MM   MM    MM
2026 09 07 17 00  50  4.0  5.0   0.2    MM    MM  11     MM  22.4  22.4  17.2   MM   MM    MM
2026 09 07 16 50  40  3.0  5.0   0.2    MM    MM   1     MM  22.4  22.4  17.3   MM   MM    MM
2026 09 07 16 40  50  3.0  5.0   0.2    MM    MM  13     MM  22.3  22.4  17.2   MM   MM    MM
2026 09 07 16 30  50  3.0  4.0   0.2    MM    MM  15     MM  22.3  22.3  17.3   MM   MM    MM
2026 09 07 16 20  50  3.0  4.0   0.2    MM    MM 347     MM  22.2  22.3  17.4   MM   MM    MM
2026 09 07 16 10  50  3.0  4.0   0.3     3    MM  12     MM  22.3  22.2  17.1   MM   MM    MM
2026 09 07 16 00  60  3.0  4.0   0.2    MM    MM  18     MM  22.1  22.1  17.1   MM   MM    MM
2026 09 07 15 50  70  3.0  4.0   0.3     4    MM  13     MM  21.9  22.1  17.1   MM   MM    MM
2026 09 07 15 40  80  3.0  4.0   0.3     3    MM  12     MM  21.7  22.0  17.5   MM   MM    MM
2026 09 07 15 30  80  3.0  3.0   0.3     4    MM  20     MM  21.7  22.0  17.3   MM   MM    MM
2026 09 07 15 20  80  3.0  4.0   0.3     4    MM  15     MM  21.6  21.9  17.3   MM   MM    MM
2026 09 07 15 10 100  2.0  3.0   0.3     4    MM   8     MM  21.6  21.9  17.2   MM   MM    MM
2026 09 07 15 00 100  2.0  3.0   0.3     4    MM  27     MM  21.5  21.9  17.3   MM   MM    MM
2026 09 07 14 50 100  2.0  3.0   0.3     3    MM  15     MM  21.3  21.8  17.3   MM   MM    MM
2026 09 07 14 40 110  2.0  3.0   0.3     3    MM  22     MM  21.2  21.8  17.3   MM   MM    MM
2026 09 07 14 30 120  2.0  3.0   0.3     3    MM  24     MM  21.0  21.8  17.1   MM   MM    MM
2026 09 07 14 20 120  2.0  3.0   0.3     4    MM  30     MM  20.9  21.7  17.3   MM   MM    MM
2026 09 07 14 10 120  3.0  4.0   0.4     4    MM  28     MM  20.6  21.6  17.3   MM   MM    MM
2026 09 07 14 00 120  3.0  4.0   0.4     4    MM  23     MM  20.3  21.6  16.9   MM   MM    MM
2026 09 07 13 50 120  4.0  5.0   0.4     3    MM  24     MM  20.2  21.6  16.9   MM   MM    MM
2026 09 07 13 40 120  5.0  5.0   0.4     4    MM  15     MM  19.9  21.5  16.8   MM   MM    MM
2026 09 07 13 30 130  4.0  5.0   0.4     4    MM  15     MM  19.7  21.5  16.9   MM   MM    MM
2026 09 07 13 20 130  3.0  5.0   0.4     4    MM  19     MM  19.4  21.4  16.6   MM   MM    MM
2026 09 07 13 10 130  4.0  5.0   0.4     4    MM  22     MM  19.1  21.4  16.5   MM   MM    MM
2026 09 07 13 00 130  4.0  5.0   0.4     4    MM  37     MM  18.8  21.4  16.3   MM   MM    MM
2026 09 07 12 50 140  4.0  5.0   0.4     4    MM  21     MM  18.7  21.4  16.2   MM   MM    MM
2026 09 07 12 40 130  5.0  6.0   0.4     4    MM   9     MM  18.7  21.4  16.2   MM   MM    MM
2026 09 07 12 30 120  4.0  6.0   0.4     4    MM  19     MM  18.8  21.4  16.2   MM   MM    MM
2026 09 07 12 20 110  4.0  5.0   0.4     4    MM  20     MM  18.7  21.4  15.9   MM   MM    MM
2026 09 07 12 10 110  4.0  5.0   0.4     4    MM  20     MM  18.7  21.4  15.8   MM   MM    MM
2026 09 07 12 00 110  4.0  5.0   0.4     4    MM  22     MM  18.6  21.3  15.9   MM   MM    MM
2026 09 07 11 50 110  4.0  5.0   0.4     4    MM  16     MM  18.4  21.3  15.8   MM   MM    MM
2026 09 07 11 40 100  4.0  5.0   0.5     4    MM   7     MM  18.4  21.3  15.6   MM   MM    MM
2026 09 07 11 30 100  4.0  5.0   0.4     4    MM  15     MM  18.5  21.3  15.7   MM   MM    MM
2026 09 07 11 20 110  4.0  5.0   0.4     4    MM  16     MM  18.5  21.3  15.7   MM   MM    MM
2026 09 07 11 10 120  4.0  5.0   0.4     4    MM  30     MM  18.5  21.3  15.7   MM   MM    MM
2026 09 07 11 00 120  4.0  5.0   0.4     4    MM  14     MM  18.3  21.3  15.6   MM   MM    MM
2026 09 07 10 50 130  3.0  5.0   0.5     4    MM  12     MM  18.2  21.3  15.5   MM   MM    MM
2026 09 07 10 40 130  4.0  5.0   0.4     4    MM  18     MM  18.2  21.3  15.4   MM   MM    MM
2026 09 07 10 30 130  4.0  5.0   0.4     4    MM  22     MM  18.1  21.3  15.5   MM   MM    MM
2026 09 07 10 20 130  4.0  5.0   0.5     4    MM   7     MM  18.1  21.4  15.5   MM   MM    MM
2026 09 07 10 10 130  4.0  5.0   0.4     4    MM  19     MM  18.1  21.3  15.5   MM   MM    MM
2026 09 07 10 00 130  3.0  4.0   0.4     4    MM  13     MM  18.1  21.4  15.6   MM   MM    MM
2026 09 07 09 50 130  3.0  4.0   0.4     4    MM  16     MM  18.1  21.3  15.3   MM   MM    MM
2026 09 07 09 40 140  3.0  4.0   0.4     4    MM   6     MM  18.3  21.3  15.4   MM   MM    MM
2026 09 07 09 30 120  3.0  5.0   0.4     4    MM 357     MM  18.7  21.4  15.6   MM   MM    MM
2026 09 07 09 20 110  3.0  4.0   0.4     4    MM   4     MM  18.8  21.3  15.7   MM   MM    MM
2026 09 07 09 10 110  3.0  5.0   0.4     4    MM 360     MM  18.9  21.4  15.7   MM   MM    MM
2026 09 07 09 00 110  4.0  6.0   0.4     4    MM 360     MM  18.9  21.4  15.6   MM   MM    MM
2026 09 07 08 50 110  4.0  5.0   0.5     4    MM   7     MM  18.8  21.4  15.7   MM   MM    MM
2026 09 07 08 40 100  4.0  5.0   0.4     4    MM   8     MM  18.9  21.5  15.8   MM   MM    MM
2026 09 07 08 30 100  5.0  6.0   0.5     4    MM   9     MM  19.0  21.5  15.9   MM   MM    MM
2026 09 07 08 20 100  5.0  6.0   0.5     4    MM   1     MM  19.1  21.6  15.9   MM   MM    MM
2026 09 07 08 10 100  5.0  6.0   0.5     4    MM 356     MM  19.2  21.7  15.8   MM   MM    MM
2026 09 07 08 00 100  5.0  6.0   0.5     4    MM 358     MM  19.4  21.7  15.9   MM   MM    MM
2026 09 07 07 50 100  5.0  6.0   0.5     4    MM 356     MM  19.7  21.8  16.0   MM   MM    MM
2026 09 07 07 40  90  5.0  7.0   0.5     4    MM   5     MM  19.8  21.9  16.2   MM   MM    MM
2026 09 07 07 30  90  6.0  7.0   0.5     4    MM   3     MM  19.9  21.9  16.2   MM   MM    MM
2026 09 07 07 20  90  6.0  7.0   0.5     4    MM 353     MM  20.0  22.0  16.2   MM   MM    MM
2026 09 07 07 10  90  6.0  7.0   0.5     4    MM   2     MM  20.0  22.1  16.1   MM   MM    MM
2026 09 07 07 00  90  6.0  7.0   0.5     4    MM 356     MM  20.1  22.2  16.1   MM   MM    MM
2026 09 07 06 50  90  5.0  7.0   0.5     4    MM   4     MM  20.1  22.2  16.3   MM   MM    MM
2026 09 07 06 40  90  5.0  6.0   0.5     4    MM   2     MM  20.1  22.3  16.2   MM   MM    MM
2026 09 07 06 30  90  5.0  7.0   0.5     5    MM   6     MM  20.2  22.4  16.2   MM   MM    MM
2026 09 07 06 20  90  6.0  7.0   0.5     4    MM  10     MM  20.4  22.4  16.4   MM   MM    MM
2026 09 07 06 10  90  6.0  7.0   0.5     4    MM   2     MM  20.5  22.4  16.3   MM   MM    MM
2026 09 07 06 00  90  5.0  7.0   0.5     4    MM   3     MM  20.6  22.4  16.6   MM   MM    MM
2026 09 07 05 50  90  5.0  6.0   0.5     4    MM   3     MM  20.7  22.5  16.5   MM   MM    MM
2026 09 07 05 40  80  5.0  7.0   0.5     4    MM   9     MM  20.8  22.6  16.7   MM   MM    MM
2026 09 07 05 30  80  5.0  6.0   0.5     4    MM   6     MM  20.7  22.6  16.6   MM   MM    MM
2026 09 07 05 20  80  4.0  6.0   0.6     4    MM   9     MM  20.9  22.6  16.8   MM   MM    MM
2026 09 07 05 10  80  4.0  6.0   0.6     4    MM  12     MM  21.1  22.7  16.8   MM   MM    MM
2026 09 07 05 00  90  4.0  5.0   0.6     4    MM  11     MM  21.1  22.7  17.4   MM   MM    MM
2026 09 07 04 50  80  4.0  5.0   0.6     4    MM   6     MM  21.3  22.7  17.8   MM   MM    MM
2026 09 07 04 40  70  5.0  6.0   0.6     4    MM   8     MM  21.8  22.8  17.5   MM   MM    MM
2026 09 07 04 30  70  5.0  7.0   0.6     4    MM   8     MM  22.0  22.8  17.5   MM   MM    MM
2026 09 07 04 20  70  5.0  7.0   0.6     4    MM  10     MM  22.1  22.8  18.4   MM   MM    MM
2026 09 07 04 10  60  5.0  7.0   0.6     4    MM   8     MM  22.2  22.8  18.7   MM   MM    MM
2026 09 07 04 00  60  6.0  8.0   0.6     4    MM   8     MM  22.2  22.9  19.2   MM   MM    MM
2026 09 07 03 50  50  6.0  8.0   0.6     5    MM   8     MM  22.3  22.9  19.5   MM   MM    MM
2026 09 07 03 40  50  6.0  8.0   0.7     4    MM  19     MM  22.3  23.0  19.3   MM   MM    MM
2026 09 07 03 30  50  6.0  8.0   0.6     4    MM  15     MM  22.4  23.0  19.4   MM   MM    MM
2026 09 07 03 20  50  6.0  7.0   0.7     4    MM  22     MM  22.4  23.0  19.4   MM   MM    MM
2026 09 07 03 10  50  6.0  8.0   0.7     4    MM  19     MM  22.3  23.1  19.6   MM   MM    MM
2026 09 07 03 00  40  7.0  8.0   0.6     4    MM  26     MM  22.4  23.2  19.5   MM   MM    MM
2026 09 07 02 50  40  6.0  8.0   0.8     4    MM  17     MM  22.5  23.3  19.5   MM   MM    MM
2026 09 07 02 40  40  6.0  8.0   0.8     4    MM  17     MM  22.5  23.3  19.6   MM   MM    MM
2026 09 07 02 30  40  6.0  8.0   0.8     4    MM  10     MM  22.4  23.4  19.7   MM   MM    MM
2026 09 07 02 20  40  7.0  9.0   0.8     4    MM  19     MM  22.5  23.4  19.5   MM   MM    MM
2026 09 07 02 10  40  6.0  8.0   0.8     4    MM  25     MM  22.5  23.4  19.6   MM   MM    MM
2026 09 07 02 00  40  7.0  8.0   0.8     4    MM  22     MM  22.5  23.5  19.7   MM   MM    MM
2026 09 07 01 50  30  7.0  9.0   0.8     4    MM  25     MM  22.4  23.5  19.7   MM   MM    MM
2026 09 07 01 40  30  7.0  9.0   0.9     4    MM  21     MM  22.5  23.5  19.7   MM   MM    MM
2026 09 07 01 30  30  7.0  9.0   0.8     4    MM  18     MM  22.5  23.5  19.7   MM   MM    MM
2026 09 07 01 20  30  7.0 10.0   0.8     4    MM  18     MM  22.5  23.5  19.7   MM   MM    MM
2026 09 07 01 10  30  7.0  9.0   0.9     4    MM  18     MM  22.4  23.5  19.7   MM   MM    MM
2026 09 07 01 00  30  7.0  9.0   0.8     4    MM  15     MM  22.4  23.5  19.6   MM   MM    MM
2026 09 07 00 50  30  7.0  9.0   0.9     4    MM  28     MM  22.4  23.5  19.5   MM   MM    MM
2026 09 07 00 40  30  7.0  9.0   0.8     4    MM  24     MM  22.4  23.6  19.4   MM   MM    MM
2026 09 07 00 30  30  7.0  9.0   0.8     4    MM  31     MM  22.4  23.6  19.3   MM   MM    MM
2026 09 07 00 20  30  8.0 10.0   0.8     4    MM  28     MM  22.4  23.6  19.2   MM   MM    MM
2026 09 07 00 10  30  8.0 10.0   0.8     4    MM  30     MM  22.3  23.6  19.3   MM   MM    MM
2026 09 07 00 00  30  8.0 10.0   0.8     4    MM  26     MM  22.3  23.6  19.1   MM   MM    MM
2026 09 06 23 50  30  8.0 10.0   0.7     4    MM  29     MM  22.3  23.6  19.2   MM   MM    MM
2026 09 06 23 40  30  7.0 10.0   0.8     4    MM  23     MM  22.3  23.6  19.1   MM   MM    MM
2026 09 06 23 30  30  8.0 10.0   0.7     4    MM  30     MM  22.4  23.6  19.0   MM   MM    MM
2026 09 06 23 20  30  7.0  9.0   0.7     3    MM  33     MM  22.4  23.6  19.0   MM   MM    MM
2026 09 06 23 10  20  7.0  9.0   0.7     3    MM  30     MM  22.4  23.6  18.9   MM   MM    MM
2026 09 06 23 00  20  7.0  9.0   0.7     4    MM  31     MM  22.4  23.6  18.9   MM   MM    MM
2026 09 06 22 50  20  7.0  9.0   0.7     3    MM  22     MM  22.4  23.6  18.8   MM   MM    MM
2026 09 06 22 40  30  7.0 10.0   0.6     3    MM  28     MM  22.5  23.6  18.6   MM   MM    MM
2026 09 06 22 30  30  7.0  9.0   0.7     3    MM  34     MM  22.5  23.6  18.6   MM   MM    MM
2026 09 06 22 20  20  7.0  9.0   0.6     4    MM  26     MM  22.5  23.6  18.5   MM   MM    MM
2026 09 06 22 10  20  7.0  9.0   0.7     3    MM  24     MM  22.5  23.6  18.3   MM   MM    MM
2026 09 06 22 00  20  7.0  9.0   0.6     3    MM  33     MM  22.4  23.6  18.4   MM   MM    MM
2026 09 06 21 50  20  7.0  9.0   0.6     3    MM  31     MM  22.4  23.6  18.4   MM   MM    MM
2026 09 06 21 40  20  7.0  9.0   0.6     3    MM  28     MM  22.4  23.7  18.2   MM   MM    MM
2026 09 06 21 30  10  7.0  9.0   0.6     3    MM  37     MM  22.4  23.6  18.3   MM   MM    MM
2026 09 06 21 20  10  7.0  9.0   0.6     3    MM  33     MM  22.4  23.6  18.2   MM   MM    MM
2026 09 06 21 10  10  7.0  9.0   0.6     4    MM  41     MM  22.3  23.7  18.0   MM   MM    MM
2026 09 06 21 00  10  7.0  9.0   0.6     4    MM  38     MM  22.3  23.7  18.1   MM   MM    MM
2026 09 06 20 50  10  7.0  9.0   0.6     4    MM  37     MM  22.3  23.7  18.0   MM   MM    MM
2026 09 06 20 40  10  7.0  9.0   0.6     4    MM  28     MM  22.3  23.7  17.9   MM   MM    MM
2026 09 06 20 30  10  7.0  9.0   0.6     4    MM  35     MM  22.2  23.7  17.9   MM   MM    MM
2026 09 06 20 20  10  7.0  9.0   0.6     4    MM  25     MM  22.1  23.7  17.8   MM   MM    MM
2026 09 06 20 10  10  7.0  9.0   0.6     4    MM  27     MM  22.1  23.7  18.0   MM   MM    MM
2026 09 06 20 00  10  7.0  9.0   0.6     5    MM  12     MM  22.0  23.7  18.0   MM   MM    MM
2026 09 06 19 50  10  7.0  9.0   0.6     5    MM   9     MM  22.1  23.7  18.0   MM   MM    MM
2026 09 06 19 40  10  7.0  9.0   0.6     4    MM  28     MM  22.0  23.7  18.1   MM   MM    MM
2026 09 06 19 30  10  6.0  9.0   0.6     4    MM  10     MM  22.0  23.7  18.0   MM   MM    MM
2026 09 06 19 20  20  7.0  8.0   0.6     5    MM  24     MM  22.0  23.6  17.7   MM   MM    MM
2026 09 06 19 10  10  6.0  8.0   0.7     4    MM  24     MM  22.0  23.6  17.8   MM   MM    MM
2026 09 06 19 00  10  6.0  8.0   0.6     5    MM  15     MM  22.0  23.6  17.7   MM   MM    MM
2026 09 06 18 50  10  6.0  8.0   0.7     5    MM  14     MM  22.0  23.6  17.5   MM   MM    MM
2026 09 06 18 40  10  6.0  8.0   0.6     5    MM  16     MM  22.0  23.6  17.6   MM   MM    MM
2026 09 06 18 30  20  6.0  8.0   0.6     4    MM  23     MM  22.0  23.6  17.5   MM   MM    MM
2026 09 06 18 20  20  6.0  7.0   0.6     5    MM  11     MM  22.1  23.6  17.2   MM   MM    MM
2026 09 06 18 10  30  6.0  8.0   0.6     5    MM  15     MM  22.1  23.5  16.9   MM   MM    MM
2026 09 06 18 00  30  6.0  7.0   0.6     4    MM  14     MM  22.0  23.5  17.1   MM   MM    MM
2026 09 06 17 50  30  6.0  7.0   0.6     5    MM  10     MM  21.9  23.5  17.3   MM   MM    MM
2026 09 06 17 40  30  5.0  8.0   0.6     4    MM  10     MM  21.6  23.5  17.4   MM   MM    MM
2026 09 06 17 30  20  5.0  7.0   0.6     5    MM  12     MM  21.6  23.4  17.3   MM   MM    MM
2026 09 06 17 20  30  5.0  7.0   0.6     4    MM  22     MM  21.7  23.4  17.3   MM   MM    MM
2026 09 06 17 10  30  5.0  6.0   0.6     5    MM   9     MM  21.6  23.4  16.9   MM   MM    MM
2026 09 06 17 00  30  5.0  6.0   0.6     4    MM  14     MM  21.5  23.3  16.7   MM   MM    MM
2026 09 06 16 50  30  4.0  6.0   0.5     4    MM  22     MM  21.4  23.4  16.5   MM   MM    MM
2026 09 06 16 40  30  4.0  6.0   0.6     4    MM   5     MM  21.4  23.3  16.4   MM   MM    MM
2026 09 06 16 30  40  4.0  6.0   0.5     4    MM  15     MM  21.3  23.3  16.2   MM   MM    MM
2026 09 06 16 20  40  4.0  5.0   0.5     4    MM  10     MM  21.3  23.3  15.9   MM   MM    MM
2026 09 06 16 10  50  4.0  5.0   0.5     4    MM  14     MM  21.2  23.2  15.7   MM   MM    MM
2026 09 06 16 00  50  4.0  5.0   0.6     4    MM  15     MM  21.1  23.2  15.8   MM   MM    MM
2026 09 06 15 50  50  4.0  6.0   0.5     4    MM  14     MM  21.1  23.2  15.9   MM   MM    MM
2026 09 06 15 40  60  4.0  6.0   0.5     4    MM  15     MM  21.1  23.2  15.7   MM   MM    MM
2026 09 06 15 30  60  4.0  6.0   0.6     4    MM  11     MM  21.0  23.2  15.7   MM   MM    MM
2026 09 06 15 20  60  4.0  6.0   0.5     4    MM  10     MM  21.0  23.2  15.7   MM   MM    MM
2026 09 06 15 10  50  4.0  6.0   0.6     4    MM  12     MM  20.9  23.2  15.7   MM   MM    MM
2026 09 06 15 00  60  4.0  6.0   0.6     4    MM  12     MM  20.9  23.2  15.7   MM   MM    MM
2026 09 06 14 50  50  4.0  6.0   0.6     5    MM  16     MM  20.9  23.2  15.6   MM   MM    MM
2026 09 06 14 40  60  4.0  5.0   0.5     4    MM  15     MM  21.0  23.2  15.7   MM   MM    MM
2026 09 06 14 30  60  3.0  5.0   0.6     5    MM   9     MM  20.9  23.1  15.7   MM   MM    MM
2026 09 06 14 20  70  4.0  6.0   0.5     5    MM  12     MM  20.9  23.2  15.6   MM   MM    MM
2026 09 06 14 10  70  4.0  5.0   0.5     5    MM  10     MM  20.9  23.1  15.7   MM   MM    MM
2026 09 06 14 00  70  4.0  6.0   0.6     4    MM  12     MM  21.0  23.1  15.4   MM   MM    MM
2026 09 06 13 50  80  4.0  5.0   0.5     5    MM  13     MM  20.9  23.1  15.6   MM   MM    MM
2026 09 06 13 40  80  4.0  5.0   0.5     5    MM   6     MM  20.9  23.1  15.9   MM   MM    MM
2026 09 06 13 30  80  4.0  5.0   0.5     4    MM   5     MM  20.8  23.2  16.2   MM   MM    MM
2026 09 06 13 20  80  4.0  6.0   0.5     5    MM 357     MM  20.7  23.2  16.5   MM   MM    MM
2026 09 06 13 10  80  4.0  5.0   0.5     4    MM  18     MM  20.8  23.2  16.4   MM   MM    MM
2026 09 06 13 00  90  4.0  6.0   0.6     5    MM  10     MM  20.9  23.2  16.4   MM   MM    MM
2026 09 06 12 50  90  4.0  6.0   0.6     5    MM   7     MM  21.0  23.2  16.2   MM   MM    MM
2026 09 06 12 40  90  4.0  6.0   0.6     5    MM   5     MM  21.0  23.2  16.3   MM   MM    MM
2026 09 06 12 30  90  4.0  6.0   0.6     5    MM 356     MM  20.9  23.2  16.8   MM   MM    MM
2026 09 06 12 20  90  4.0  6.0   0.5     5    MM 360     MM  20.9  23.2  16.7   MM   MM    MM
2026 09 06 12 10  90  5.0  7.0   0.5     4    MM 355     MM  20.8  23.2  16.8   MM   MM    MM
2026 09 06 12 00  90  5.0  6.0   0.6     5    MM   1     MM  20.7  23.2  17.6   MM   MM    MM
2026 09 06 11 50  90  5.0  6.0   0.6     5    MM 349     MM  20.4  23.2  18.1   MM   MM    MM
2026 09 06 11 40  90  5.0  6.0   0.5     5    MM 354     MM  20.5  23.2  18.3   MM   MM    MM
2026 09 06 11 30  90  4.0  7.0   0.6     5    MM 350     MM  20.5  23.2  18.1   MM   MM    MM
2026 09 06 11 20 100  5.0  6.0   0.5     5    MM 355     MM  20.5  23.2  18.1   MM   MM    MM
2026 09 06 11 10 100  5.0  6.0   0.5     4    MM 347     MM  20.6  23.2  18.2   MM   MM    MM
2026 09 06 11 00 100  5.0  6.0   0.6     5    MM 354     MM  20.5  23.2  18.5   MM   MM    MM
2026 09 06 10 50  90  5.0  7.0   0.5     5    MM 324     MM  20.6  23.2  18.6   MM   MM    MM
2026 09 06 10 40  90  6.0  7.0   0.5     5    MM 323     MM  20.6  23.2  18.6   MM   MM    MM
2026 09 06 10 30  90  5.0  7.0   0.5     5    MM 324     MM  20.7  23.2  18.8   MM   MM    MM
2026 09 06 10 20  90  5.0  7.0   0.5     4    MM 318     MM  20.8  23.2  18.9   MM   MM    MM
2026 09 06 10 00  90  5.0  6.0   0.6     4    MM 328     MM  21.0  23.2  19.1   MM   MM    MM
2026 09 06 09 50  80  5.0  7.0   0.5     5    MM 322     MM  21.1  23.2  19.1   MM   MM    MM
2026 09 06 09 40  80  4.0  6.0   0.6     4    MM 319     MM  21.2  23.2  19.2   MM   MM    MM
2026 09 06 09 30  90  4.0  5.0   0.6     5    MM 316     MM  21.2  23.2  19.3   MM   MM    MM
2026 09 06 09 20  90  4.0  5.0   0.6     5    MM 313     MM  21.3  23.2  19.3   MM   MM    MM
2026 09 06 09 10 100  4.0  5.0   0.6     5    MM 313     MM  21.3  23.2  19.3   MM   MM    MM
2026 09 06 09 00 100  4.0  6.0   0.6     4    MM 324     MM  21.3  23.2  19.2   MM   MM    MM
2026 09 06 08 50 100  4.0  6.0   0.7     5    MM 309     MM  21.4  23.2  19.2   MM   MM    MM
2026 09 06 08 40 100  4.0  6.0   0.7     5    MM 322     MM  21.4  23.2  19.3   MM   MM    MM
2026 09 06 08 30 110  4.0  6.0   0.7     5    MM 316     MM  21.5  23.2  19.3   MM   MM    MM
2026 09 06 08 20 110  4.0  6.0   0.7     4    MM 319     MM  21.6  23.1  19.2   MM   MM    MM
2026 09 06 08 10 100  5.0  6.0   0.7     4    MM 325     MM  21.7  23.1  19.2   MM   MM    MM
2026 09 06 08 00  90  5.0  6.0   0.7     5    MM 323     MM  21.8  23.1  19.3   MM   MM    MM
2026 09 06 07 50 100  5.0  6.0   0.7     5    MM 324     MM  21.8  23.1  19.4   MM   MM    MM
2026 09 06 07 40 100  4.0  6.0   0.6     5    MM 311     MM  21.9  23.1  19.6   MM   MM    MM
2026 09 06 07 30  90  4.0  6.0   0.7     4    MM 327     MM  22.0  23.1  19.8   MM   MM    MM
2026 09 06 07 20  90  4.0  6.0   0.7     4    MM 331     MM  22.0  23.1  19.9   MM   MM    MM
2026 09 06 07 10  90  5.0  7.0   0.8     5    MM 324     MM  22.1  23.1  20.1   MM   MM    MM
2026 09 06 07 00  90  4.0  5.0   0.7     5    MM 321     MM  22.2  23.1  20.2   MM   MM    MM
2026 09 06 06 50  90  4.0  6.0   0.8     4    MM 332     MM  22.3  23.1  20.3   MM   MM    MM
2026 09 06 06 40  90  5.0  6.0   0.8     5    MM 330     MM  22.4  23.1  20.4   MM   MM    MM
2026 09 06 06 30 100  5.0  6.0   0.7     5    MM 329     MM  22.5  23.1  20.5   MM   MM    MM
2026 09 06 06 20  90  5.0  7.0   0.9     5    MM 323     MM  22.6  23.1  20.4   MM   MM    MM
2026 09 06 06 10  80  5.0  7.0   0.8     4    MM 328     MM  22.7  23.1  20.5   MM   MM    MM
2026 09 06 06 00  80  5.0  7.0   0.8     4    MM 334     MM  22.8  23.1  20.5   MM   MM    MM
2026 09 06 05 50  80  4.0  7.0   0.8     5    MM 326     MM  22.9  23.1  20.7   MM   MM    MM
2026 09 06 05 40  80  4.0  6.0   0.8     5    MM 333     MM  22.9  23.1  20.9   MM   MM    MM
2026 09 06 05 30  60  5.0  6.0   0.9     5    MM 328     MM  22.8  23.1  21.2   MM   MM    MM
2026 09 06 05 20  50  5.0  6.0   0.8     5    MM 327     MM  22.7  23.1  21.3   MM   MM    MM
2026 09 06 05 10  50  5.0  8.0   0.8     4    MM 335     MM  22.7  23.1  21.2   MM   MM    MM
2026 09 06 05 00  50  6.0  8.0   0.8     4    MM 334     MM  22.7  23.1  21.1   MM   MM    MM
2026 09 06 04 50  50  6.0  8.0   0.8     5    MM 330     MM  22.7  23.1  21.1   MM   MM    MM
2026 09 06 04 40  50  6.0  8.0   0.9     4    MM 340     MM  22.6  23.1  21.1   MM   MM    MM
2026 09 06 04 30  50  6.0  8.0   0.9     4    MM 331     MM  22.6  23.1  21.1   MM   MM    MM
2026 09 06 04 20  60  6.0  8.0   0.9     4    MM 332     MM  22.6  23.1  21.1   MM   MM    MM
2026 09 06 04 10  50  7.0  9.0   0.9     5    MM 338     MM  22.6  23.1  21.1   MM   MM    MM
2026 09 06 04 00  50  7.0  9.0   0.9     4    MM 334     MM  22.6  23.1  21.1   MM   MM    MM
2026 09 06 03 50  50  8.0 10.0   0.9     4    MM 337     MM  22.6  23.1  21.1   MM   MM    MM
2026 09 06 03 40  40  8.0 11.0   1.0     4    MM 340     MM  22.6  23.1  21.1   MM   MM    MM
2026 09 06 03 30  40  7.0  9.0   0.9     5    MM 326     MM  22.6  23.2  21.2   MM   MM    MM
2026 09 06 03 20  40  8.0 10.0   1.0     4    MM 342     MM  22.6  23.1  21.1   MM   MM    MM
2026 09 06 03 10  40  8.0 10.0   0.9     4    MM 340     MM  22.5  23.2  21.2   MM   MM    MM
2026 09 06 03 00  30  8.0 10.0   0.9     4    MM 340     MM  22.6  23.2  21.2   MM   MM    MM
2026 09 06 02 50  30  8.0 10.0   0.9     4    MM 348     MM  22.7  23.2  21.2   MM   MM    MM
2026 09 06 02 40  40  7.0  9.0   0.9     4    MM 340     MM  23.0  23.2  21.3   MM   MM    MM
2026 09 06 02 30  40  7.0 10.0   0.9     4    MM 354     MM  23.3  23.2  21.2   MM   MM    MM
2026 09 06 02 20  40  7.0  9.0   0.8     4    MM 349     MM  23.3  23.2  21.2   MM   MM    MM
2026 09 06 02 10  50  7.0  9.0   0.9     4    MM 351     MM  23.3  23.3  21.3   MM   MM    MM
2026 09 06 02 00  50  6.0  8.0   1.0     4    MM   0     MM  23.3  23.3  21.4   MM   MM    MM
2026 09 06 01 50  50  6.0  8.0   0.9     4    MM 352     MM  23.2  23.3  21.5   MM   MM    MM
2026 09 06 01 40  50  8.0 10.0   1.0     4    MM   0     MM  23.1  23.3  21.4   MM   MM    MM
2026 09 06 01 30  50  8.0 10.0   1.0     4    MM 357     MM  23.2  23.3  21.5   MM   MM    MM
2026 09 06 01 20  50  9.0 11.0   0.8     4    MM   2     MM  23.2  23.3  21.4   MM   MM    MM
2026 09 06 01 10  50  9.0 11.0   0.9     4    MM  47     MM  23.2  23.3  21.4   MM   MM    MM
2026 09 06 01 00  40 10.0 12.0   0.9     4    MM  51     MM  23.1  23.3  21.3   MM   MM    MM
2026 09 06 00 50  30  8.0 12.0   0.8     4    MM  47     MM  23.0  23.4  21.4   MM   MM    MM
2026 09 06 00 40  20  8.0 11.0   0.8     4    MM  14     MM  22.8  23.4  21.4   MM   MM    MM
2026 09 06 00 10  10  7.0  9.0   0.8     4    MM  16     MM  22.8  23.4  21.0   MM   MM    MM
2026 09 06 00 00 360  7.0  9.0   0.8     4    MM  18     MM  22.8  23.4  20.8   MM   MM    MM
2026 09 05 23 50  10  7.0  9.0   0.8     4    MM  17     MM  22.8  23.4  20.8   MM   MM    MM
2026 09 05 23 40 360  7.0  8.0   0.7     4    MM  13     MM  22.8  23.4  20.8   MM   MM    MM
2026 09 05 23 30 360  7.0  8.0   0.8     4    MM  15     MM  22.7  23.4  20.9   MM   MM    MM
2026 09 05 23 10 360  7.0  9.0   0.9     4    MM  34     MM  22.7  23.4  20.6   MM   MM    MM
2026 09 05 23 00 360  6.0  8.0   0.8     4    MM  48     MM  22.7  23.4  20.8   MM   MM    MM
2026 09 05 22 50 360  7.0  9.0   0.8     4    MM  50     MM  22.7  23.5  20.7   MM   MM    MM
2026 09 05 22 40 360  7.0  9.0   0.8     4    MM  53     MM  22.8  23.5  20.9   MM   MM    MM
2026 09 05 22 30 360  7.0  9.0   0.8     4    MM  42     MM  22.8  23.5  20.9   MM   MM    MM
2026 09 05 22 20 360  6.0  9.0   0.8     4    MM  46     MM  22.9  23.4  20.9   MM   MM    MM
2026 09 05 22 10 360  6.0  8.0   0.7     4    MM  39     MM  22.9  23.4  20.9   MM   MM    MM
2026 09 05 22 00 360  7.0  8.0   0.8     4    MM  43     MM  22.9  23.4  21.0   MM   MM    MM
2026 09 05 21 50 360  7.0  9.0   0.8     4    MM  39     MM  23.0  23.4  21.0   MM   MM    MM
2026 09 05 21 40 360  7.0  9.0   0.8     4    MM  40     MM  23.1  23.4  21.1   MM   MM    MM
2026 09 05 21 30 360  7.0  9.0   0.8     4    MM  36     MM  23.1  23.4  21.1   MM   MM    MM
2026 09 05 21 20  10  7.0  9.0   0.7     4    MM  39     MM  23.1  23.5  21.1   MM   MM    MM
2026 09 05 21 10  10  7.0  9.0   0.8     4    MM  41     MM  23.1  23.5  21.3   MM   MM    MM
2026 09 05 21 00  10  7.0  9.0   0.8     4    MM  32     MM  23.1  23.5  21.3   MM   MM    MM
2026 09 05 20 50  10  7.0 10.0   0.7     4    MM  33     MM  23.1  23.5  21.3   MM   MM    MM
2026 09 05 20 40  10  7.0  9.0   0.6     3    MM  29     MM  23.2  23.5  21.3   MM   MM    MM
2026 09 05 20 30  10  7.0  9.0   0.6     4    MM   1     MM  23.2  23.5  21.4   MM   MM    MM
2026 09 05 20 20  10  6.0  8.0   0.6     3    MM 355     MM  23.2  23.5  21.4   MM   MM    MM
2026 09 05 20 10  10  7.0  9.0   0.6     3    MM 348     MM  23.2  23.6  21.3   MM   MM    MM
2026 09 05 20 00  10  6.0  8.0   0.5     3    MM 353     MM  23.1  23.6  21.3   MM   MM    MM
2026 09 05 19 50  10  6.0  8.0   0.6     3    MM 353     MM  23.1  23.6  21.3   MM   MM    MM
2026 09 05 19 40  10  7.0  8.0   0.5     3    MM 354     MM  23.0  23.6  21.3   MM   MM    MM
2026 09 05 19 30  10  7.0  8.0   0.4     3    MM 351     MM  22.9  23.6  21.3   MM   MM    MM
2026 09 05 19 20  10  7.0  8.0   0.4     2    MM 352     MM  22.9  23.6  21.4   MM   MM    MM
2026 09 05 19 10 360  6.0  8.0   0.4     3    MM   1     MM  22.8  23.6  21.2   MM   MM    MM
2026 09 05 19 00 360  6.0  8.0   0.4     2    MM 347     MM  22.8  23.6  21.2   MM   MM    MM
2026 09 05 18 50 360  6.0  8.0   0.4     2    MM 356     MM  22.7  23.7  21.2   MM   MM    MM
2026 09 05 18 40 360  7.0  8.0   0.3     2    MM 360     MM  22.7  23.6  21.2   MM   MM    MM
2026 09 05 18 30 360  6.0  8.0   0.3     2    MM 354     MM  22.7  23.7  21.2   MM   MM    MM
2026 09 05 18 20  10  6.0  7.0   0.3     2    MM 357     MM  22.8  23.7  21.3   MM   MM    MM
2026 09 05 18 10 360  6.0  8.0   0.3    MM    MM 353     MM  22.9  23.7  21.4   MM   MM    MM
2026 09 05 18 00 360  6.0  7.0   0.3     2    MM 356     MM  23.0  23.7  21.5   MM   MM    MM
2026 09 05 17 50 360  6.0  8.0   0.3     2    MM 360     MM  23.1  23.7  21.6   MM   MM    MM
2026 09 05 17 40 360  6.0  7.0   0.3    MM    MM   8     MM  23.2  23.7  21.8   MM   MM    MM
2026 09 05 17 30 350  6.0  7.0   0.3    MM    MM   7     MM  23.3  23.7  21.9   MM   MM    MM
2026 09 05 17 20 350  5.0  7.0   0.2    MM    MM   7     MM  23.3  23.7  21.9   MM   MM    MM
2026 09 05 17 10 350  5.0  7.0   0.2    MM    MM 346     MM  23.4  23.7  21.9   MM   MM    MM
2026 09 05 17 00 350  5.0  7.0   0.2    MM    MM 353     MM  23.5  23.6  22.1   MM   MM    MM
2026 09 05 16 50 340  5.0  6.0   0.2    MM    MM 330     MM  23.5  23.7  22.4   MM   MM    MM
2026 09 05 16 40 340  4.0  5.0   0.2    MM    MM  35     MM  23.6  23.7  22.5   MM   MM    MM
2026 09 05 16 30 350  3.0  4.0   0.2    MM    MM 360     MM  23.7  23.7  22.6   MM   MM    MM
2026 09 05 16 20 350  3.0  3.0   0.2    MM    MM 342     MM  23.7  23.6  22.6   MM   MM    MM
2026 09 05 16 10 360  3.0  3.0   0.2    MM    MM  34     MM  23.6  23.6  22.5   MM   MM    MM
2026 09 05 16 00  10  3.0  3.0   0.2    MM    MM  34     MM  23.6  23.5  22.5   MM   MM    MM
2026 09 05 15 50  20  2.0  3.0   0.2    MM    MM  29     MM  23.6  23.5  22.5   MM   MM    MM
2026 09 05 15 40  30  2.0  3.0   0.2    MM    MM  40     MM  23.6  23.5  22.5   MM   MM    MM
2026 09 05 15 30  40  2.0  3.0   0.2    MM    MM  29     MM  23.5  23.5  22.4   MM   MM    MM
2026 09 05 15 20  50  2.0  3.0   0.2    MM    MM  39     MM  23.5  23.4  22.4   MM   MM    MM
2026 09 05 15 10  50  3.0  3.0   0.2    MM    MM  37     MM  23.5  23.4  22.3   MM   MM    MM
2026 09 05 15 00  40  3.0  4.0   0.2    MM    MM  39     MM  23.5  23.4  22.2   MM   MM    MM
2026 09 05 14 50  60  3.0  4.0   0.2    MM    MM  32     MM  23.6  23.4  22.1   MM   MM    MM
2026 09 05 14 40  70  3.0  4.0   0.2    MM    MM  27     MM  23.6  23.3  22.0   MM   MM    MM
2026 09 05 14 30  60  4.0  5.0   0.2    MM    MM  29     MM  23.5  23.3  22.1   MM   MM    MM
2026 09 05 14 20  50  4.0  5.0   0.2    MM    MM  28     MM  23.3  23.3  22.1   MM   MM    MM
2026 09 05 14 10  40  5.0  6.0   0.2    MM    MM  30     MM  23.2  23.3  22.1   MM   MM    MM
2026 09 05 14 00  30  4.0  6.0   0.1    MM    MM  39     MM  23.2  23.3  22.2   MM   MM    MM
2026 09 05 13 50  40  4.0  6.0   0.1    MM    MM  25     MM  23.2  23.3  22.3   MM   MM    MM
2026 09 05 13 40  40  4.0  5.0   0.1    MM    MM 120     MM  23.3  23.3  22.5   MM   MM    MM
2026 09 05 13 30  40  4.0  5.0   0.1    MM    MM  66     MM  23.4  23.2  22.6   MM   MM    MM
2026 09 05 13 20  40  3.0  5.0   0.1    MM    MM  42     MM  23.4  23.2  22.6   MM   MM    MM
2026 09 05 13 10  40  3.0  5.0   0.1    MM    MM  32     MM  23.4  23.2  22.6   MM   MM    MM
2026 09 05 13 00  30  4.0  5.0   0.1    MM    MM  35     MM  23.5  23.2  22.8   MM   MM    MM
2026 09 05 12 50  10  2.0  3.0   0.1    MM    MM  77     MM  23.7  23.2  22.9   MM   MM    MM
2026 09 05 12 40 360  2.0  2.0   0.1    MM    MM  40     MM  23.8  23.2  22.9   MM   MM    MM
2026 09 05 12 30 350  2.0  2.0   0.1    MM    MM  30     MM  23.7  23.2  22.9   MM   MM    MM
2026 09 05 12 20 330  1.0  2.0   0.2    MM    MM  31     MM  23.6  23.1  22.8   MM   MM    MM
2026 09 05 12 10 340  2.0  2.0   0.2    MM    MM  31     MM  23.6  23.1  22.8   MM   MM    MM
2026 09 05 12 00 340  1.0  1.0   0.2    MM    MM  17     MM  23.6  23.1  22.8   MM   MM    MM
2026 09 05 11 50 330  1.0  2.0   0.2    MM    MM  32     MM  23.7  23.1  22.8   MM   MM    MM
2026 09 05 11 40  MM  0.0  1.0   0.2    MM    MM  31     MM  23.7  23.1  22.9   MM   MM    MM
2026 09 05 11 30 270  1.0  1.0   0.2    MM    MM  28     MM  23.8  23.1  23.0   MM   MM    MM
2026 09 05 11 20  MM  0.0  1.0   0.2    MM    MM  27     MM  23.7  23.2  22.9   MM   MM    MM
2026 09 05 11 10  70  1.0  2.0   0.2    MM    MM  19     MM  23.7  23.2  22.9   MM   MM    MM
2026 09 05 11 00  80  1.0  1.0   0.2    MM    MM  19     MM  23.8  23.2  22.9   MM   MM    MM
2026 09 05 10 50  MM  0.0  1.0   0.2    MM    MM  21     MM  23.7  23.2  22.8   MM   MM    MM
2026 09 05 10 40  40  1.0  1.0   0.2    MM    MM  21     MM  23.7  23.2  22.9   MM   MM    MM
2026 09 05 10 30  20  1.0  2.0   0.2    MM    MM  21     MM  23.9  23.2  23.1   MM   MM    MM
2026 09 05 10 20  MM  0.0  1.0   0.2    MM    MM  10     MM  24.1  23.2  23.2   MM   MM    MM
2026 09 05 10 10 150  1.0  2.0   0.2    MM    MM   9     MM  24.1  23.2  23.1   MM   MM    MM
2026 09 05 10 00 150  1.0  2.0   0.2    MM    MM  15     MM  24.2  23.1  23.2   MM   MM    MM
2026 09 05 09 50 160  2.0  3.0   0.2    MM    MM   7     MM  24.2  23.1  23.3   MM   MM    MM
2026 09 05 09 40 150  3.0  4.0   0.2    MM    MM 360     MM  24.2  23.1  23.3   MM   MM    MM
2026 09 05 09 30 140  3.0  4.0   0.2    MM    MM   7     MM  24.2  23.2  23.3   MM   MM    MM
2026 09 05 09 20 110  2.0  4.0   0.2    MM    MM 360     MM  24.1  23.2  23.3   MM   MM    MM
2026 09 05 09 10 110  2.0  3.0   0.3     2    MM  10     MM  24.0  23.2  23.2   MM   MM    MM
2026 09 05 09 00 100  2.0  2.0   0.2    MM    MM   9     MM  23.9  23.2  23.2   MM   MM    MM
2026 09 05 08 50  90  2.0  3.0   0.3     3    MM 355     MM  23.9  23.2  23.2   MM   MM    MM
2026 09 05 08 40  80  2.0  3.0   0.3     3    MM 354     MM  23.9  23.2  23.2   MM   MM    MM
2026 09 05 08 30 110  2.0  3.0   0.2    MM    MM 352     MM  23.8  23.2  23.1   MM   MM    MM
2026 09 05 08 20 100  2.0  3.0   0.2    MM    MM 356     MM  23.7  23.2  23.0   MM   MM    MM
2026 09 05 08 10  70  2.0  3.0   0.2    MM    MM 347     MM  23.7  23.2  22.9   MM   MM    MM
2026 09 05 08 00  60  3.0  3.0   0.2    MM    MM 358     MM  23.6  23.2  22.9   MM   MM    MM
2026 09 05 07 50  60  3.0  4.0   0.2    MM    MM 350     MM  23.6  23.2  22.8   MM   MM    MM
2026 09 05 07 40  60  3.0  4.0   0.2    MM    MM   4     MM  23.6  23.3  22.7   MM   MM    MM
2026 09 05 07 30  50  3.0  4.0   0.2    MM    MM   4     MM  23.6  23.3  22.7   MM   MM    MM
2026 09 05 07 20  60  3.0  4.0   0.2    MM    MM 345     MM  23.7  23.2  22.8   MM   MM    MM
2026 09 05 07 10  50  3.0  4.0   0.2    MM    MM 357     MM  23.8  23.2  22.9   MM   MM    MM
2026 09 05 07 00  60  1.0  3.0   0.2    MM    MM 345     MM  23.8  23.3  22.9   MM   MM    MM
2026 09 05 06 50  50  1.0  3.0   0.2    MM    MM 345     MM  23.8  23.2  22.7   MM   MM    MM
2026 09 05 06 40  MM  0.0  1.0   0.2    MM    MM 348     MM  24.0  23.2  22.7   MM   MM    MM
2026 09 05 06 30 130  1.0  2.0   0.2    MM    MM 331     MM  24.1  23.3  22.7   MM   MM    MM
2026 09 05 06 20  40  1.0  3.0   0.2    MM    MM 335     MM  24.2  23.3  22.7   MM   MM    MM
2026 09 05 06 10  10  2.0  3.0   0.2    MM    MM 337     MM  24.2  23.2  22.8   MM   MM    MM
2026 09 05 06 00  20  3.0  4.0   0.2    MM    MM 320     MM  24.1  23.3  23.0   MM   MM    MM
2026 09 05 05 50 360  2.0  3.0   0.2    MM    MM 329     MM  24.2  23.3  23.0   MM   MM    MM
2026 09 05 05 40  30  3.0  4.0   0.1    MM    MM 350     MM  24.3  23.3  23.1   MM   MM    MM
2026 09 05 05 30  10  5.0  9.0   0.1    MM    MM 306     MM  24.5  23.3  23.1   MM   MM    MM
2026 09 05 05 20 330  3.0  5.0   0.1    MM    MM 310     MM  25.3  23.4  23.2   MM   MM    MM
2026 09 05 05 10 330  3.0  8.0   0.1    MM    MM 312     MM  25.2  23.4  23.3   MM   MM    MM
2026 09 05 05 00  MM  0.0  1.0   0.1    MM    MM 311     MM  25.0  23.3  23.3   MM   MM    MM
2026 09 05 04 50 220  1.0  1.0   0.1    MM    MM 321     MM  25.0  23.3  23.3   MM   MM    MM
2026 09 05 04 40 190  2.0  3.0   0.1    MM    MM 326     MM  25.0  23.4  23.3   MM   MM    MM
2026 09 05 04 30 180  3.0  3.0   0.1    MM    MM 317     MM  25.0  23.3  23.3   MM   MM    MM
2026 09 05 04 20 180  3.0  4.0   0.1    MM    MM 318     MM  25.0  23.3  23.3   MM   MM    MM
2026 09 05 04 10 170  2.0  3.0   0.1    MM    MM 313     MM  24.9  23.4  23.3   MM   MM    MM
2026 09 05 04 00 180  2.0  3.0   0.1    MM    MM 310     MM  24.6  23.4  23.1   MM   MM    MM
2026 09 05 03 50 170  2.0  3.0   0.1    MM    MM 299     MM  24.5  23.5  23.1   MM   MM    MM
2026 09 05 03 40 150  2.0  3.0   0.1    MM    MM 318     MM  24.7  23.5  23.0   MM   MM    MM
2026 09 05 03 30 140  2.0  2.0   0.1    MM    MM 322     MM  24.9  23.5  23.1   MM   MM    MM
2026 09 05 03 20 130  2.0  3.0   0.1    MM    MM 340     MM  25.1  23.5  23.1   MM   MM    MM
2026 09 05 03 10 100  1.0  2.0   0.1    MM    MM 341     MM  25.1  23.5  23.1   MM   MM    MM
2026 09 05 03 00  40  1.0  2.0   0.1    MM    MM 296     MM  25.2  23.5  23.0   MM   MM    MM
2026 09 05 02 50  20  2.0  3.0   0.1    MM    MM 342     MM  25.3  23.5  23.1   MM   MM    MM
2026 09 05 02 40 360  2.0  3.0   0.1    MM    MM 322     MM  25.7  23.5  23.1   MM   MM    MM
2026 09 05 02 30  20  2.0  3.0   0.2    MM    MM 352     MM  26.4  23.5  23.3   MM   MM    MM
2026 09 05 02 20  10  2.0  4.0   0.2    MM    MM 324     MM  26.3  23.5  23.4   MM   MM    MM
2026 09 05 02 10  10  1.0  4.0   0.2    MM    MM 346     MM  26.4  23.5  23.9   MM   MM    MM
2026 09 05 02 00 360  1.0  1.0   0.2    MM    MM 332     MM  26.5  23.5  24.0   MM   MM    MM
2026 09 05 01 50 350  1.0  2.0   0.2    MM    MM   2     MM  26.5  23.5  24.1   MM   MM    MM
2026 09 05 01 40 350  2.0  2.0   0.2    MM    MM 329     MM  26.1  23.5  23.5   MM   MM    MM
2026 09 05 01 30 330  1.0  2.0   0.2    MM    MM 322     MM  26.5  23.5  23.8   MM   MM    MM
2026 09 05 01 20 340  1.0  1.0   0.2    MM    MM 315     MM  26.5  23.5  23.8   MM   MM    MM
2026 09 05 01 10  10  1.0  2.0   0.2    MM    MM 345     MM  26.3  23.5  23.8   MM   MM    MM
2026 09 05 01 00  30  1.0  2.0   0.2    MM    MM 307     MM  26.1  23.5  23.7   MM   MM    MM
2026 09 05 00 50  40  1.0  1.0   0.2    MM    MM 319     MM  26.0  23.5  23.6   MM   MM    MM
2026 09 05 00 40  MM  0.0  1.0   0.2    MM    MM 352     MM  26.2  23.5  23.7   MM   MM    MM
2026 09 05 00 30  30  1.0  1.0   0.2    MM    MM 331     MM  26.0  23.5  23.6   MM   MM    MM
2026 09 05 00 20 100  1.0  1.0   0.2    MM    MM   4     MM  26.3  23.5  23.7   MM   MM    MM
2026 09 05 00 10 160  1.0  2.0   0.2    MM    MM 337     MM  26.6  23.5  23.8   MM   MM    MM
2026 09 05 00 00 150  1.0  2.0   0.3     5    MM 337     MM  26.9  23.5  23.8   MM   MM    MM
2026 09 04 23 50 160  1.0  2.0   0.2    MM    MM 345     MM  27.2  23.5  23.8   MM   MM    MM
2026 09 04 23 40 220  1.0  2.0   0.2    MM    MM 330     MM  27.7  23.5  24.0   MM   MM    MM
2026 09 04 23 30 230  2.0  3.0   0.3     4    MM 324     MM  27.2  23.5  23.9   MM   MM    MM
2026 09 04 23 20 190  2.0  3.0   0.3     5    MM 322     MM  26.5  23.5  23.7   MM   MM    MM
2026 09 04 23 10 210  2.0  3.0   0.3     5    MM 350     MM  26.2  23.5  23.6   MM   MM    MM
2026 09 04 23 00 210  2.0  3.0   0.3     5    MM 359     MM  26.2  23.5  23.6   MM   MM    MM
2026 09 04 22 50 230  2.0  3.0   0.3     5    MM 333     MM  26.5  23.5  23.7   MM   MM    MM
2026 09 04 22 40 230  2.0  3.0   0.3     4    MM 335     MM  26.6  23.6  23.6   MM   MM    MM
2026 09 04 22 30 220  2.0  3.0   0.3     5    MM 326     MM  27.0  23.5  23.7   MM   MM    MM
2026 09 04 22 20 210  2.0  3.0   0.3     5    MM 342     MM  27.0  23.5  23.7   MM   MM    MM
2026 09 04 22 10 210  3.0  4.0   0.3     5    MM   2     MM  27.0  23.5  23.6   MM   MM    MM
2026 09 04 22 00 200  2.0  3.0   0.3     5    MM 354     MM  26.7  23.5  23.5   MM   MM    MM
2026 09 04 21 50 200  2.0  3.0   0.3     5    MM 356     MM  26.8  23.5  23.5   MM   MM    MM
2026 09 04 21 40 190  2.0  3.0   0.3     5    MM 317     MM  26.8  23.4  23.4   MM   MM    MM
2026 09 04 21 30 190  3.0  4.0   0.4     5    MM 349     MM  27.0  23.4  23.4   MM   MM    MM
2026 09 04 21 20 190  2.0  3.0   0.4     4    MM 341     MM  27.0  23.4  23.4   MM   MM    MM
2026 09 04 21 10 200  2.0  3.0   0.4     5    MM 298     MM  27.0  23.3  23.3   MM   MM    MM
2026 09 04 21 00 200  2.0  3.0   0.4     5    MM 308     MM  26.7  23.3  23.2   MM   MM    MM
2026 09 04 20 50 200  3.0  4.0   0.4     4    MM 332     MM  26.5  23.3  23.1   MM   MM    MM
2026 09 04 20 40 200  4.0  5.0   0.4     2    MM 313     MM  26.6  23.3  23.0   MM   MM    MM
2026 09 04 20 30 210  3.0  5.0   0.4     5    MM 225     MM  26.9  23.2  23.0   MM   MM    MM
2026 09 04 20 20 210  4.0  5.0   0.4     5    MM 343     MM  27.2  23.2  23.0   MM   MM    MM
2026 09 04 20 10 190  5.0  6.0   0.4     3    MM 352     MM  27.2  23.2  22.9   MM   MM    MM
2026 09 04 20 00 210  5.0  6.0   0.4     3    MM 233     MM  27.0  23.2  22.8   MM   MM    MM
2026 09 04 19 50 210  5.0  7.0   0.4     3    MM 222     MM  27.3  23.2  22.7   MM   MM    MM
2026 09 04 19 40 190  6.0  8.0   0.5     3    MM 215     MM  27.7  23.1  22.5   MM   MM    MM
2026 09 04 19 30 200  6.0 10.0   0.5     3    MM 193     MM  27.5  23.1  22.5   MM   MM    MM
2026 09 04 19 20 210  5.0  7.0   0.5     3    MM 205     MM  26.9  23.1  22.4   MM   MM    MM
2026 09 04 19 10 190  7.0 11.0   0.5     2    MM 209     MM  27.1  23.1  22.3   MM   MM    MM
2026 09 04 19 00 180  7.0 11.0   0.6     3    MM 211     MM  27.0  23.1  22.3   MM   MM    MM
2026 09 04 18 50 180  8.0 11.0   0.6     4    MM 197     MM  26.9  23.1  22.0   MM   MM    MM
2026 09 04 18 40 170  9.0 13.0   0.6     4    MM  19     MM  26.7  23.1  22.0   MM   MM    MM
2026 09 04 18 30 160  8.0 11.0   0.6     4    MM  14     MM  26.5  23.2  22.1   MM   MM    MM
2026 09 04 18 00 140  7.0  9.0   0.7     4    MM  20     MM  26.1  23.1  21.8   MM   MM    MM
2026 09 04 17 50 140  7.0  8.0   0.7     4    MM  11     MM  25.8  23.1  21.7   MM   MM    MM
2026 09 04 17 40 140  6.0  8.0   0.7     4    MM  13     MM  25.6  23.1  21.7   MM   MM    MM
2026 09 04 17 30 120  6.0  8.0   0.7     4    MM  21     MM  25.3  23.1  21.5   MM   MM    MM
2026 09 04 17 20 100  6.0  8.0   0.8     4    MM  27     MM  24.2  23.0  21.6   MM   MM    MM
2026 09 04 17 10  90  7.0 10.0   0.7     4    MM  31     MM  23.7  23.0  21.4   MM   MM    MM
2026 09 04 17 00  90  8.0 10.0   0.7     4    MM  24     MM  23.7  23.0  21.3   MM   MM    MM
2026 09 04 16 50  70  8.0 11.0   0.7     3    MM  37     MM  23.7  23.0  21.3   MM   MM    MM
2026 09 04 16 40  50  9.0 13.0   0.6     3    MM  42     MM  24.6  23.0  21.4   MM   MM    MM
2026 09 04 16 30  40 10.0 16.0   0.5     2    MM  45     MM  24.8  23.1  21.5   MM   MM    MM
2026 09 04 16 20  30  9.0 16.0   0.4     2    MM  24     MM  24.5  23.1  22.2   MM   MM    MM
2026 09 04 16 10  80  4.0  6.0   0.4     3    MM   6     MM  24.9  23.1  22.6   MM   MM    MM
2026 09 04 16 00  80  5.0  7.0   0.3     2    MM   7     MM  24.9  23.1  22.7   MM   MM    MM
2026 09 04 15 50  80  6.0  8.0   0.3     2    MM  14     MM  24.9  23.1  22.7   MM   MM    MM
2026 09 04 15 40  70  6.0  7.0   0.3    MM    MM  19     MM  24.4  23.1  22.8   MM   MM    MM
2026 09 04 15 30  70  4.0  5.0   0.3    MM    MM  17     MM  24.0  23.1  22.7   MM   MM    MM
2026 09 04 15 20  60  4.0  6.0   0.3    MM    MM  12     MM  23.9  23.1  22.6   MM   MM    MM
2026 09 04 15 10  70  5.0  6.0   0.2    MM    MM  14     MM  23.8  23.1  22.5   MM   MM    MM
2026 09 04 15 00  60  5.0  6.0   0.2    MM    MM   6     MM  23.7  23.1  22.4   MM   MM    MM
2026 09 04 14 50  60  5.0  6.0   0.2    MM    MM 355     MM  23.8  23.2  22.4   MM   MM    MM
2026 09 04 14 40  50  5.0  6.0   0.1    MM    MM 227     MM  23.9  23.2  22.5   MM   MM    MM
2026 09 04 14 30  60  4.0  5.0   0.1    MM    MM 231     MM  24.2  23.2  22.6   MM   MM    MM
2026 09 04 14 20  40  4.0  6.0   0.1    MM    MM 241     MM  24.3  23.2  22.6   MM   MM    MM
2026 09 04 14 10  20  4.0  5.0   0.1    MM    MM 232     MM  24.3  23.2  22.5   MM   MM    MM
2026 09 04 14 00  80  1.0  2.0   0.2    MM    MM 251     MM  24.9  23.1  22.6   MM   MM    MM
2026 09 04 13 50  70  2.0  3.0   0.2    MM    MM 251     MM  24.5  23.1  22.5   MM   MM    MM
2026 09 04 13 40  30  2.0  4.0   0.2    MM    MM 236     MM  24.3  23.1  22.4   MM   MM    MM
2026 09 04 13 30  20  3.0  4.0   0.2    MM    MM 240     MM  24.2  23.1  22.4   MM   MM    MM
2026 09 04 13 20 330  2.0  4.0   0.2    MM    MM 258     MM  24.5  23.1  22.4   MM   MM    MM
2026 09 04 13 10 290  1.0  2.0   0.2    MM    MM 248     MM  24.6  23.1  22.3   MM   MM    MM
2026 09 04 13 00 270  1.0  2.0   0.2    MM    MM 281     MM  24.7  23.1  22.4   MM   MM    MM
2026 09 04 12 50 260  1.0  2.0   0.2    MM    MM 245     MM  24.7  23.1  22.4   MM   MM    MM
2026 09 04 12 40 220  2.0  2.0   0.2    MM    MM 244     MM  24.8  23.1  22.4   MM   MM    MM
2026 09 04 12 30 170  2.0  3.0   0.2    MM    MM 253     MM  24.6  23.1  22.3   MM   MM    MM
2026 09 04 12 20 170  2.0  3.0   0.2    MM    MM 248     MM  24.4  23.1  22.4   MM   MM    MM
2026 09 04 12 10 150  2.0  2.0   0.2    MM    MM 240     MM  24.4  23.1  22.4   MM   MM    MM
2026 09 04 12 00 150  2.0  3.0   0.2    MM    MM 258     MM  24.5  23.1  22.4   MM   MM    MM
2026 09 04 11 50 160  2.0  2.0   0.2    MM    MM 250     MM  24.5  23.1  22.4   MM   MM    MM
2026 09 04 11 40 160  1.0  2.0   0.2    MM    MM 258     MM  24.5  23.1  22.4   MM   MM    MM
2026 09 04 11 30 190  2.0  2.0   0.2    MM    MM 239     MM  24.6  23.1  22.3   MM   MM    MM
2026 09 04 11 20 200  2.0  3.0   0.3     3    MM 244     MM  24.7  23.1  22.3   MM   MM    MM
2026 09 04 11 10 200  2.0  3.0   0.3     3    MM 260     MM  24.8  23.1  22.3   MM   MM    MM
2026 09 04 11 00 210  2.0  4.0   0.3     3    MM 238     MM  24.9  23.1  22.4   MM   MM    MM
2026 09 04 10 50 210  3.0  4.0   0.3     3    MM 242     MM  25.1  23.1  22.3   MM   MM    MM
2026 09 04 10 40 210  3.0  4.0   0.3     3    MM 233     MM  25.3  23.1  22.3   MM   MM    MM
2026 09 04 10 30 210  4.0  5.0   0.3     3    MM 239     MM  25.3  23.2  22.3   MM   MM    MM
2026 09 04 10 20 210  4.0  5.0   0.3     3    MM 234     MM  25.4  23.2  22.4   MM   MM    MM
2026 09 04 10 10 200  4.0  5.0   0.3     2    MM 226     MM  25.3  23.2  22.4   MM   MM    MM
2026 09 04 10 00 200  4.0  5.0   0.2    MM    MM 225     MM  25.4  23.2  22.4   MM   MM    MM
2026 09 04 09 50 200  4.0  5.0   0.3     2    MM 235     MM  25.3  23.2  22.4   MM   MM    MM
2026 09 04 09 40 200  4.0  5.0   0.3     2    MM 238     MM  25.2  23.2  22.4   MM   MM    MM
2026 09 04 09 30 200  4.0  5.0   0.3     2    MM 214     MM  25.3  23.2  22.4   MM   MM    MM
2026 09 04 09 20 190  4.0  5.0   0.3     2    MM 222     MM  25.3  23.2  22.5   MM   MM    MM
2026 09 04 09 10 190  4.0  6.0   0.3     2    MM 204     MM  25.3  23.2  22.5   MM   MM    MM
2026 09 04 09 00 190  5.0  6.0   0.3     2    MM 198     MM  25.3  23.2  22.5   MM   MM    MM
2026 09 04 08 50 190  5.0  6.0   0.2    MM    MM 189     MM  25.5  23.2  22.5   MM   MM    MM
2026 09 04 08 40 190  4.0  5.0   0.2    MM    MM 206     MM  25.2  23.2  22.5   MM   MM    MM
2026 09 04 08 30 190  3.0  4.0   0.2    MM    MM 206     MM  25.0  23.2  22.6   MM   MM    MM
2026 09 04 08 20 180  3.0  4.0   0.2    MM    MM 214     MM  24.9  23.2  22.6   MM   MM    MM
2026 09 04 08 10 190  3.0  4.0   0.2    MM    MM 207     MM  25.0  23.2  22.6   MM   MM    MM
2026 09 04 08 00 190  4.0  5.0   0.2    MM    MM 181     MM  25.0  23.2  22.6   MM   MM    MM
2026 09 04 07 50 190  4.0  5.0   0.2    MM    MM 210     MM  24.9  23.2  22.6   MM   MM    MM
2026 09 04 07 40 180  4.0  5.0   0.2    MM    MM 223     MM  24.9  23.2  22.6   MM   MM    MM
2026 09 04 07 30 180  4.0  5.0   0.3     2    MM 201     MM  24.9  23.2  22.6   MM   MM    MM
2026 09 04 07 20 180  4.0  5.0   0.3     2    MM 214     MM  24.9  23.2  22.6   MM   MM    MM
2026 09 04 07 10 180  4.0  6.0   0.3     2    MM 214     MM  24.9  23.2  22.5   MM   MM    MM
2026 09 04 07 00 180  4.0  6.0   0.3     2    MM 212     MM  24.9  23.2  22.6   MM   MM    MM
2026 09 04 06 50 180  5.0  6.0   0.3    MM    MM 210     MM  24.9  23.2  22.6   MM   MM    MM
2026 09 04 06 40 180  5.0  6.0   0.3    MM    MM 202     MM  24.9  23.2  22.5   MM   MM    MM
2026 09 04 06 30 180  5.0  6.0   0.3     2    MM 205     MM  24.9  23.2  22.6   MM   MM    MM
2026 09 04 06 20 180  5.0  6.0   0.3     2    MM 204     MM  24.8  23.2  22.6   MM   MM    MM
2026 09 04 06 10 180  5.0  6.0   0.3    MM    MM 210     MM  24.9  23.2  22.6   MM   MM    MM
2026 09 04 06 00 180  4.0  6.0   0.3     2    MM 209     MM  24.9  23.2  22.6   MM   MM    MM
2026 09 04 05 50 180  4.0  6.0   0.3     2    MM 203     MM  24.9  23.2  22.5   MM   MM    MM
2026 09 04 05 40 180  4.0  6.0   0.3     2    MM 191     MM  25.0  23.2  22.5   MM   MM    MM
2026 09 04 05 30 180  5.0  6.0   0.3    MM    MM 197     MM  25.0  23.2  22.6   MM   MM    MM
2026 09 04 05 20 170  5.0  8.0   0.3     2    MM 202     MM  25.1  23.2  22.6   MM   MM    MM
2026 09 04 05 10 170  6.0  8.0   0.3    MM    MM 191     MM  25.2  23.2  22.6   MM   MM    MM
2026 09 04 05 00 170  6.0  7.0   0.3    MM    MM 192     MM  25.1  23.2  22.6   MM   MM    MM
2026 09 04 04 50 160  5.0  7.0   0.3    MM    MM 188     MM  25.2  23.2  22.6   MM   MM    MM
2026 09 04 04 40 160  5.0  7.0   0.3    MM    MM 189     MM  25.2  23.2  22.5   MM   MM    MM
2026 09 04 04 30 160  5.0  6.0   0.3     2    MM 173     MM  25.2  23.2  22.5   MM   MM    MM
2026 09 04 04 20 160  4.0  6.0   0.3    MM    MM 181     MM  25.3  23.2  22.4   MM   MM    MM
2026 09 04 04 10 150  4.0  5.0   0.4     4    MM 316     MM  25.4  23.2  22.4   MM   MM    MM
2026 09 04 04 00 160  5.0  6.0   0.4    MM    MM 170     MM  25.5  23.2  22.4   MM   MM    MM
2026 09 04 03 50 150  5.0  7.0   0.4    MM    MM 166     MM  25.7  23.2  22.3   MM   MM    MM
2026 09 04 03 40 160  5.0  6.0   0.4    MM    MM 163     MM  25.7  23.2  22.3   MM   MM    MM
2026 09 04 03 30 160  5.0  7.0   0.4     4    MM 331     MM  25.8  23.2  22.3   MM   MM    MM
2026 09 04 03 20 160  5.0  6.0   0.4     5    MM 359     MM  25.9  23.2  22.3   MM   MM    MM
2026 09 04 03 10 150  5.0  7.0   0.4     5    MM   9     MM  25.9  23.2  22.2   MM   MM    MM
2026 09 04 03 00 150  4.0  5.0   0.4     4    MM 294     MM  25.8  23.2  22.2   MM   MM    MM
2026 09 04 02 50 140  4.0  6.0   0.4     4    MM 301     MM  25.9  23.2  22.2   MM   MM    MM
2026 09 04 02 40 150  4.0  6.0   0.4     4    MM 317     MM  26.0  23.3  22.2   MM   MM    MM
2026 09 04 02 30 150  4.0  5.0   0.4     4    MM 334     MM  26.0  23.3  22.2   MM   MM    MM
2026 09 04 02 20 150  4.0  6.0   0.4     4    MM 339     MM  26.1  23.3  22.2   MM   MM    MM
2026 09 04 02 10 140  4.0  6.0   0.4     5    MM  12     MM  26.3  23.3  22.1   MM   MM    MM
2026 09 04 02 00 130  4.0  7.0   0.4     4    MM 335     MM  26.4  23.3  22.1   MM   MM    MM
2026 09 04 01 50 130  4.0  6.0   0.4     5    MM 355     MM  26.4  23.4  22.2   MM   MM    MM
2026 09 04 01 40 130  5.0  8.0   0.4     5    MM   4     MM  26.5  23.4  22.3   MM   MM    MM
2026 09 04 01 30 130  5.0  8.0   0.4     5    MM   6     MM  26.6  23.4  22.4   MM   MM    MM
2026 09 04 01 20 110  5.0  8.0   0.5     5    MM 351     MM  26.2  23.4  22.5   MM   MM    MM
2026 09 04 01 10  80  4.0  7.0   0.5     4    MM 349     MM  25.5  23.4  22.6   MM   MM    MM
2026 09 04 01 00 130  3.0  4.0   0.5     4    MM 356     MM  25.9  23.5  22.7   MM   MM    MM
2026 09 04 00 50 130  3.0  4.0   0.5     5    MM   3     MM  25.9  23.5  22.8   MM   MM    MM
2026 09 04 00 40 140  3.0  4.0   0.5     4    MM   6     MM  25.9  23.5  22.8   MM   MM    MM
2026 09 04 00 30 150  4.0  6.0   0.5     4    MM 360     MM  26.1  23.5  22.8   MM   MM    MM
2026 09 04 00 20 150  3.0  5.0   0.5     5    MM   7     MM  25.9  23.5  23.0   MM   MM    MM
2026 09 04 00 10 160  3.0  5.0   0.4     4    MM   9     MM  25.7  23.5  23.0   MM   MM    MM
2026 09 04 00 00 160  3.0  5.0   0.5     4    MM 356     MM  26.0  23.5  23.0   MM   MM    MM
2026 09 03 23 50 170  3.0  5.0   0.4     4    MM 358     MM  26.2  23.4  23.1   MM   MM    MM
2026 09 03 23 40 170  3.0  4.0   0.4     4    MM 348     MM  26.1  23.4  23.1   MM   MM    MM
2026 09 03 23 30 160  3.0  5.0   0.5     4    MM 340     MM  25.9  23.5  23.0   MM   MM    MM
2026 09 03 23 20 160  2.0  4.0   0.4     4    MM 349     MM  25.2  23.4  22.7   MM   MM    MM
2026 09 03 23 10 140  1.0  2.0   0.5     4    MM 338     MM  25.1  23.4  22.5   MM   MM    MM
2026 09 03 23 00  40  1.0  2.0   0.5     4    MM 332     MM  24.9  23.4  22.4   MM   MM    MM
2026 09 03 22 50  20  2.0  3.0   0.5     4    MM 335     MM  24.7  23.4  22.3   MM   MM    MM
2026 09 03 22 40  40  1.0  2.0   0.5     4    MM 343     MM  24.8  23.4  22.3   MM   MM    MM
2026 09 03 22 30  70  1.0  2.0   0.5     4    MM 338     MM  24.9  23.4  22.2   MM   MM    MM
2026 09 03 22 20  90  1.0  3.0   0.6     4    MM 347     MM  24.8  23.4  22.2   MM   MM    MM
2026 09 03 22 10  90  3.0  4.0   0.6     4    MM 342     MM  24.5  23.4  22.0   MM   MM    MM
2026 09 03 22 00  90  3.0  5.0   0.6     4    MM 348     MM  24.3  23.4  21.8   MM   MM    MM
2026 09 03 21 50  60  4.0  6.0   0.6     5    MM 341     MM  24.0  23.4  21.7   MM   MM    MM
2026 09 03 21 40  60  5.0  7.0   0.7     4    MM 338     MM  24.0  23.4  21.6   MM   MM    MM
2026 09 03 21 30  50  5.0  7.0   0.7     5    MM 344     MM  24.1  23.4  21.6   MM   MM    MM
2026 09 03 21 20  60  5.0  6.0   0.6     4    MM 340     MM  24.3  23.4  21.4   MM   MM    MM
2026 09 03 20 50  80  6.0  8.0   0.6     4    MM 336     MM  24.1  23.5  21.4   MM   MM    MM
2026 09 03 20 40  70  6.0  8.0   0.5     4    MM 328     MM  24.1  23.5  21.2   MM   MM    MM
2026 09 03 20 30  70  6.0  8.0   0.6     4    MM 323     MM  24.2  23.6  21.3   MM   MM    MM
2026 09 03 20 20  70  5.0  7.0   0.5     4    MM 339     MM  24.2  23.7  21.5   MM   MM    MM
2026 09 03 20 10  50  4.0  5.0   0.4     3    MM 334     MM  24.2  23.7  21.5   MM   MM    MM
2026 09 03 20 00  60  3.0  4.0   0.4     3    MM 333     MM  24.2  23.6  21.5   MM   MM    MM
2026 09 03 19 50  80  2.0  3.0   0.3     3    MM 333     MM  24.2  23.5  21.5   MM   MM    MM
2026 09 03 19 20 100  2.0  3.0   0.3     3    MM 306     MM  24.2  23.4  21.6   MM   MM    MM
2026 09 03 19 10 100  2.0  3.0   0.4     3    MM 317     MM  24.2  23.4  21.7   MM   MM    MM
2026 09 03 19 00 130  2.0  4.0   0.4     3    MM 334     MM  24.1  23.4  21.7   MM   MM    MM
2026 09 03 18 30  60  2.0  4.0   0.3     3    MM 316     MM  23.9  23.4  21.6   MM   MM    MM
2026 09 03 18 20 360  3.0  5.0   0.4     3    MM 311     MM  23.8  23.4  21.5   MM   MM    MM
2026 09 03 18 10 350  5.0  6.0   0.4     3    MM 298     MM  23.8  23.3  21.3   MM   MM    MM
2026 09 03 18 00 360  6.0  8.0   0.4     3    MM 322     MM  23.9  23.4  21.3   MM   MM    MM
2026 09 03 17 50 350  8.0 12.0   0.4     3    MM 304     MM  24.1  23.4  21.1   MM   MM    MM
2026 09 03 17 40 350  9.0 12.0   0.4     2    MM 305     MM  25.0  23.4  21.4   MM   MM    MM
2026 09 03 17 30 340  8.0 11.0   0.3    MM    MM 297     MM  25.5  23.4  22.0   MM   MM    MM
2026 09 03 17 20 340  9.0 13.0   0.3     3    MM 239     MM  26.0  23.4  22.4   MM   MM    MM
2026 09 03 17 10 320  7.0 13.0   0.2    MM    MM 245     MM  26.7  23.5  22.7   MM   MM    MM
2026 09 03 17 00 310  5.0  8.0   0.2    MM    MM 250     MM  26.9  23.6  22.8   MM   MM    MM
2026 09 03 16 50 330  6.0  9.0   0.2    MM    MM 249     MM  26.4  23.6  23.0   MM   MM    MM
2026 09 03 16 40 340  2.0  4.0   0.2    MM    MM 256     MM  26.3  23.5  23.3   MM   MM    MM
2026 09 03 16 30 300  2.0  2.0   0.2    MM    MM 258     MM  26.7  23.4  23.2   MM   MM    MM
2026 09 03 16 20 230  1.0  2.0   0.2    MM    MM 251     MM  26.9  23.4  23.2   MM   MM    MM
2026 09 03 16 10 220  1.0  2.0   0.2    MM    MM 234     MM  26.5  23.5  23.3   MM   MM    MM
2026 09 03 16 00 210  1.0  2.0   0.2    MM    MM 249     MM  26.3  23.5  23.3   MM   MM    MM
2026 09 03 15 50 220  2.0  3.0   0.2    MM    MM 246     MM  26.4  23.5  23.1   MM   MM    MM
2026 09 03 15 40 200  2.0  2.0   0.2    MM    MM 253     MM  26.3  23.5  23.1   MM   MM    MM
2026 09 03 15 30 190  1.0  2.0   0.2    MM    MM 244     MM  26.0  23.4  23.2   MM   MM    MM
2026 09 03 15 20 200  2.0  2.0   0.2    MM    MM 253     MM  26.0  23.4  22.9   MM   MM    MM
2026 09 03 15 10 200  2.0  2.0   0.2    MM    MM 248     MM  25.6  23.4  22.9   MM   MM    MM
2026 09 03 15 00 210  1.0  2.0   0.2    MM    MM 250     MM  25.5  23.4  22.9   MM   MM    MM
2026 09 03 14 50 210  2.0  2.0   0.2    MM    MM 238     MM  25.4  23.4  22.8   MM   MM    MM
2026 09 03 14 40 220  2.0  3.0   0.2    MM    MM 239     MM  25.4  23.4  22.8   MM   MM    MM
2026 09 03 14 30 220  2.0  3.0   0.2    MM    MM 242     MM  25.4  23.3  22.7   MM   MM    MM
2026 09 03 14 20 210  3.0  4.0   0.2    MM    MM 238     MM  25.3  23.3  22.7   MM   MM    MM
2026 09 03 14 10 210  3.0  4.0   0.2    MM    MM 242     MM  25.3  23.3  22.6   MM   MM    MM
2026 09 03 14 00 210  3.0  4.0   0.2    MM    MM 239     MM  25.3  23.3  22.5   MM   MM    MM
2026 09 03 13 50 210  3.0  4.0   0.2    MM    MM 235     MM  25.3  23.3  22.5   MM   MM    MM
2026 09 03 13 40 210  3.0  4.0   0.2    MM    MM 232     MM  25.3  23.3  22.5   MM   MM    MM
2026 09 03 13 30 210  3.0  5.0   0.2    MM    MM 224     MM  25.2  23.3  22.5   MM   MM    MM
2026 09 03 13 20 210  4.0  5.0   0.2    MM    MM 226     MM  25.2  23.3  22.4   MM   MM    MM
2026 09 03 13 10 210  4.0  5.0   0.2    MM    MM 226     MM  25.2  23.3  22.4   MM   MM    MM
2026 09 03 13 00 210  4.0  5.0   0.2    MM    MM 214     MM  25.2  23.3  22.3   MM   MM    MM
2026 09 03 12 50 210  4.0  5.0   0.2    MM    MM 224     MM  25.2  23.3  22.3   MM   MM    MM
2026 09 03 12 40 210  3.0  5.0   0.2    MM    MM 220     MM  25.2  23.3  22.3   MM   MM    MM
2026 09 03 12 30 210  3.0  5.0   0.2    MM    MM 218     MM  25.1  23.3  22.3   MM   MM    MM
2026 09 03 12 20 210  3.0  4.0   0.2    MM    MM 203     MM  25.0  23.3  22.3   MM   MM    MM
2026 09 03 12 10 210  4.0  5.0   0.2    MM    MM 214     MM  25.0  23.3  22.3   MM   MM    MM
2026 09 03 12 00 210  4.0  6.0   0.2    MM    MM 215     MM  25.0  23.3  22.3   MM   MM    MM
2026 09 03 11 50 210  4.0  6.0   0.2    MM    MM 211     MM  24.9  23.3  22.3   MM   MM    MM
2026 09 03 11 40 210  4.0  5.0   0.2    MM    MM 210     MM  24.9  23.4  22.3   MM   MM    MM
2026 09 03 11 30 210  4.0  5.0   0.2    MM    MM 211     MM  24.8  23.4  22.4   MM   MM    MM
2026 09 03 11 20 210  4.0  5.0   0.2    MM    MM 212     MM  24.8  23.4  22.4   MM   MM    MM
2026 09 03 11 10 210  4.0  5.0   0.2    MM    MM 218     MM  24.9  23.4  22.4   MM   MM    MM
2026 09 03 11 00 210  3.0  5.0   0.2    MM    MM 218     MM  24.9  23.4  22.4   MM   MM    MM
2026 09 03 10 50 220  3.0  5.0   0.2    MM    MM 214     MM  24.9  23.4  22.4   MM   MM    MM
2026 09 03 10 40 210  3.0  4.0   0.2    MM    MM 218     MM  25.0  23.4  22.4   MM   MM    MM
2026 09 03 10 30 210  3.0  4.0   0.2    MM    MM 214     MM  25.0  23.4  22.5   MM   MM    MM
2026 09 03 10 20 210  3.0  4.0   0.2    MM    MM 210     MM  25.1  23.4  22.5   MM   MM    MM
2026 09 03 10 10 210  3.0  5.0   0.2    MM    MM 212     MM  25.1  23.4  22.5   MM   MM    MM
2026 09 03 10 00 210  3.0  4.0   0.2    MM    MM 221     MM  25.1  23.3  22.5   MM   MM    MM
2026 09 03 09 50 210  4.0  5.0   0.2    MM    MM 227     MM  25.1  23.4  22.6   MM   MM    MM
2026 09 03 09 40 210  3.0  4.0   0.2    MM    MM 229     MM  25.2  23.3  22.6   MM   MM    MM
2026 09 03 09 30 210  4.0  5.0   0.2    MM    MM 222     MM  25.2  23.4  22.6   MM   MM    MM
2026 09 03 09 20 210  4.0  5.0   0.2    MM    MM 224     MM  25.2  23.3  22.6   MM   MM    MM
2026 09 03 09 10 210  3.0  5.0   0.2    MM    MM 228     MM  25.0  23.3  22.7   MM   MM    MM
2026 09 03 09 00 200  3.0  3.0   0.2    MM    MM 226     MM  24.8  23.3  22.8   MM   MM    MM
2026 09 03 08 50 200  3.0  4.0   0.2    MM    MM 223     MM  24.8  23.3  22.8   MM   MM    MM
2026 09 03 08 40 200  2.0  3.0   0.2    MM    MM 235     MM  24.7  23.3  22.9   MM   MM    MM
2026 09 03 08 30 200  2.0  3.0   0.2    MM    MM 233     MM  24.6  23.3  22.9   MM   MM    MM
2026 09 03 08 20 200  2.0  3.0   0.2    MM    MM 223     MM  24.5  23.3  22.9   MM   MM    MM
2026 09 03 08 10 200  2.0  3.0   0.2    MM    MM 222     MM  24.5  23.3  22.9   MM   MM    MM
2026 09 03 08 00 210  2.0  3.0   0.2    MM    MM 219     MM  24.6  23.4  22.9   MM   MM    MM
2026 09 03 07 50 220  2.0  3.0   0.2    MM    MM 222     MM  24.6  23.4  22.9   MM   MM    MM
2026 09 03 07 40 220  2.0  2.0   0.2    MM    MM 217     MM  24.5  23.4  22.9   MM   MM    MM
2026 09 03 07 30 220  2.0  3.0   0.2    MM    MM 218     MM  24.6  23.4  22.9   MM   MM    MM
2026 09 03 07 20 210  2.0  3.0   0.2    MM    MM 229     MM  24.6  23.4  22.9   MM   MM    MM
2026 09 03 07 10 220  2.0  2.0   0.2    MM    MM 231     MM  24.6  23.4  22.9   MM   MM    MM
2026 09 03 07 00 250  1.0  2.0   0.2    MM    MM 220     MM  24.6  23.5  22.9   MM   MM    MM
2026 09 03 06 50 260  2.0  2.0   0.2    MM    MM 229     MM  24.7  23.5  22.9   MM   MM    MM
2026 09 03 06 40 250  2.0  2.0   0.2    MM    MM 222     MM  24.9  23.4  23.0   MM   MM    MM
2026 09 03 06 30 250  2.0  2.0   0.2    MM    MM 225     MM  24.8  23.4  23.0   MM   MM    MM
2026 09 03 06 20 260  2.0  3.0   0.2    MM    MM 233     MM  25.0  23.4  23.1   MM   MM    MM
2026 09 03 06 10 230  2.0  3.0   0.2    MM    MM 231     MM  25.0  23.5  23.1   MM   MM    MM
2026 09 03 06 00 240  2.0  3.0   0.2    MM    MM 236     MM  25.0  23.5  23.1   MM   MM    MM
2026 09 03 05 50 250  2.0  2.0   0.2    MM    MM 238     MM  25.0  23.5  23.0   MM   MM    MM
2026 09 03 05 40 230  2.0  3.0   0.2    MM    MM 258     MM  25.1  23.5  23.1   MM   MM    MM
2026 09 03 05 30 220  3.0  4.0   0.2    MM    MM 241     MM  25.2  23.5  23.2   MM   MM    MM
2026 09 03 05 20 210  3.0  4.0   0.2    MM    MM 244     MM  25.4  23.5  23.2   MM   MM    MM
2026 09 03 05 10 210  4.0  5.0   0.2    MM    MM 236     MM  25.6  23.5  23.3   MM   MM    MM
2026 09 03 05 00 220  4.0  5.0   0.2    MM    MM 250     MM  25.6  23.5  23.3   MM   MM    MM
2026 09 03 04 50 220  3.0  4.0   0.2    MM    MM 248     MM  25.5  23.5  23.2   MM   MM    MM
2026 09 03 04 40 230  3.0  4.0   0.2    MM    MM 254     MM  25.8  23.5  23.3   MM   MM    MM
2026 09 03 04 30 240  3.0  4.0   0.2    MM    MM 260     MM  25.9  23.5  23.3   MM   MM    MM
2026 09 03 04 20 240  3.0  3.0   0.2    MM    MM 266     MM  25.8  23.5  23.3   MM   MM    MM
2026 09 03 04 10 240  3.0  4.0   0.2    MM    MM 248     MM  25.9  23.5  23.3   MM   MM    MM
2026 09 03 04 00 270  2.0  3.0   0.2    MM    MM 247     MM  25.8  23.5  23.2   MM   MM    MM
2026 09 03 03 50 260  3.0  4.0   0.2    MM    MM 265     MM  26.3  23.5  23.4   MM   MM    MM
2026 09 03 03 40 250  3.0  5.0   0.2    MM    MM 260     MM  26.8  23.5  23.6   MM   MM    MM
2026 09 03 03 30 300  3.0  4.0   0.2    MM    MM 252     MM  25.3  23.6  23.2   MM   MM    MM
2026 09 03 03 20 260  2.0  3.0   0.2    MM    MM 271     MM  25.8  23.6  23.3   MM   MM    MM
2026 09 03 03 10 220  2.0  3.0   0.2    MM    MM 257     MM  26.1  23.6  23.3   MM   MM    MM
2026 09 03 03 00 210  3.0  3.0   0.2    MM    MM 256     MM  26.1  23.6  23.4   MM   MM    MM
2026 09 03 02 50 200  3.0  4.0   0.2    MM    MM 251     MM  26.3  23.6  23.4   MM   MM    MM
2026 09 03 02 40 200  3.0  4.0   0.2    MM    MM 243     MM  26.4  23.7  23.5   MM   MM    MM
2026 09 03 02 30 200  4.0  4.0   0.2    MM    MM 241     MM  26.5  23.7  23.5   MM   MM    MM
2026 09 03 02 20 200  4.0  5.0   0.2    MM    MM 254     MM  26.6  23.7  23.6   MM   MM    MM
2026 09 03 02 10 200  4.0  5.0   0.2    MM    MM 242     MM  26.5  23.8  23.6   MM   MM    MM
2026 09 03 02 00 200  4.0  5.0   0.2    MM    MM 248     MM  26.4  23.8  23.6   MM   MM    MM
2026 09 03 01 50 200  4.0  5.0   0.2    MM    MM 243     MM  26.5  23.8  23.6   MM   MM    MM
2026 09 03 01 40 200  4.0  4.0   0.2    MM    MM 232     MM  26.4  23.9  23.7   MM   MM    MM
2026 09 03 01 30 200  3.0  4.0   0.2    MM    MM 222     MM  26.5  24.0  23.7   MM   MM    MM
2026 09 03 01 20 200  3.0  4.0   0.2    MM    MM 237     MM  26.5  24.0  23.7   MM   MM    MM
2026 09 03 01 10 200  4.0  5.0   0.2    MM    MM 232     MM  26.7  23.9  23.8   MM   MM    MM
2026 09 03 01 00 200  4.0  5.0   0.2    MM    MM 218     MM  26.8  23.9  23.8   MM   MM    MM
2026 09 03 00 50 200  4.0  5.0   0.2    MM    MM 230     MM  26.8  24.0  23.8   MM   MM    MM
2026 09 03 00 40 200  3.0  4.0   0.2    MM    MM 224     MM  26.9  23.9  23.8   MM   MM    MM
2026 09 03 00 30 210  3.0  4.0   0.2    MM    MM 222     MM  26.9  23.9  23.9   MM   MM    MM
2026 09 03 00 20 210  3.0  4.0   0.2    MM    MM 214     MM  26.9  24.0  23.9   MM   MM    MM
2026 09 03 00 10 200  3.0  4.0   0.2    MM    MM 220     MM  26.9  24.1  23.9   MM   MM    MM
2026 09 03 00 00 200  4.0  5.0   0.2    MM    MM 233     MM  27.1  24.0  24.0   MM   MM    MM
2026 09 02 23 50 210  3.0  4.0   0.2    MM    MM 219     MM  27.1  23.7  24.0   MM   MM    MM
2026 09 02 23 40 220  3.0  3.0   0.2    MM    MM 217     MM  26.9  23.7  23.8   MM   MM    MM
2026 09 02 23 30 210  3.0  4.0   0.2    MM    MM 224     MM  27.3  23.8  23.8   MM   MM    MM
2026 09 02 23 10 210  3.0  4.0   0.2    MM    MM 222     MM  27.2  23.9  23.7   MM   MM    MM
2026 09 02 23 00 210  3.0  4.0   0.2    MM    MM 193     MM  27.5  24.0  23.7   MM   MM    MM
2026 09 02 22 50 210  3.0  5.0   0.2    MM    MM 248     MM  27.8  24.1  23.8   MM   MM    MM
2026 09 02 22 40 210  3.0  4.0   0.2    MM    MM 211     MM  27.8  24.3  23.8   MM   MM    MM
2026 09 02 22 30 210  3.0  4.0   0.2    MM    MM 212     MM  27.9  24.6  23.9   MM   MM    MM
2026 09 02 22 20 210  3.0  5.0   0.2    MM    MM 210     MM  28.2  24.6  24.0   MM   MM    MM
2026 09 02 22 10 200  3.0  5.0   0.2    MM    MM 219     MM  28.1  24.7  24.0   MM   MM    MM
2026 09 02 22 00 210  3.0  4.0   0.2    MM    MM 188     MM  28.3  24.7  24.1   MM   MM    MM
2026 09 02 21 50 220  3.0  4.0   0.2    MM    MM 216     MM  28.4  24.8  24.1   MM   MM    MM
2026 09 02 21 40 200  4.0  5.0   0.2    MM    MM 193     MM  29.0  24.8  24.0   MM   MM    MM
2026 09 02 21 30 200  4.0  5.0   0.1    MM    MM 189     MM  28.8  24.8  24.2   MM   MM    MM
2026 09 02 21 20 210  3.0  4.0   0.1    MM    MM 190     MM  29.0  24.7  24.5   MM   MM    MM
2026 09 02 21 10 200  3.0  4.0   0.1    MM    MM 106     MM  29.0  23.7  24.6   MM   MM    MM
2026 09 02 21 00 200  3.0  4.0   0.1    MM    MM 237     MM  28.9  23.7  24.8   MM   MM    MM
2026 09 02 20 50 200  3.0  4.0   0.1    MM    MM 213     MM  29.3  23.7  24.9   MM   MM    MM
2026 09 02 20 40 180  3.0  4.0   0.1    MM    MM 223     MM  29.0  23.9  24.9   MM   MM    MM
2026 09 02 20 30 170  2.0  3.0   0.1    MM    MM 218     MM  29.0  24.0  24.7   MM   MM    MM
2026 09 02 20 20 140  1.0  2.0   0.1    MM    MM 227     MM  28.2  23.9  24.3   MM   MM    MM
2026 09 02 20 10 110  2.0  2.0   0.1    MM    MM 245     MM  27.5  24.0  24.6   MM   MM    MM
2026 09 02 20 00 120  2.0  3.0   0.1    MM    MM 225     MM  27.0  23.8  24.4   MM   MM    MM
2026 09 02 19 50 120  3.0  3.0   0.1    MM    MM 232     MM  27.0  23.6  24.4   MM   MM    MM
2026 09 02 19 40 110  2.0  3.0   0.1    MM    MM 233     MM  27.1  23.5  24.5   MM   MM    MM
2026 09 02 19 30 110  3.0  4.0   0.1    MM    MM 238     MM  27.4  23.4  24.7   MM   MM    MM
2026 09 02 19 20  90  2.0  3.0   0.1    MM    MM 240     MM  27.6  23.5  25.1   MM   MM    MM
2026 09 02 19 10  70  2.0  3.0   0.1    MM    MM 236     MM  27.9  23.6  25.1   MM   MM    MM
2026 09 02 19 00  60  2.0  3.0   0.1    MM    MM 234     MM  28.3  23.6  25.2   MM   MM    MM
2026 09 02 18 50  50  2.0  3.0   0.1    MM    MM 193     MM  29.2  23.5  24.7   MM   MM    MM
2026 09 02 18 40  40  1.0  2.0   0.1    MM    MM 235     MM  29.6  23.5  24.1   MM   MM    MM
2026 09 02 18 30  MM  0.0  1.0   0.1    MM    MM 205     MM  29.9  23.6  24.0   MM   MM    MM
2026 09 02 18 20 130  1.0  2.0   0.1    MM    MM 232     MM  29.2  23.6  24.2   MM   MM    MM
2026 09 02 18 10 160  1.0  1.0   0.1    MM    MM 236     MM  28.9  23.5  23.9   MM   MM    MM
2026 09 02 18 00 140  1.0  1.0   0.2    MM    MM 234     MM  28.4  23.6  23.8   MM   MM    MM
2026 09 02 17 50 110  1.0  1.0   0.1    MM    MM 227     MM  27.6  23.6  24.1   MM   MM    MM
2026 09 02 17 40  70  1.0  2.0   0.2    MM    MM 238     MM  27.0  23.5  23.8   MM   MM    MM
2026 09 02 17 30  60  1.0  2.0   0.2    MM    MM 233     MM  26.5  23.3  23.6   MM   MM    MM
2026 09 02 17 20  70  1.0  2.0   0.2    MM    MM 226     MM  26.5  23.3  23.4   MM   MM    MM
2026 09 02 17 10 150  1.0  2.0   0.2    MM    MM 223     MM  26.1  23.3  23.5   MM   MM    MM
2026 09 02 17 00  30  1.0  3.0   0.2    MM    MM 219     MM  25.5  23.2  23.2   MM   MM    MM
2026 09 02 16 50  80  1.0  3.0   0.2    MM    MM 223     MM  25.7  23.3  22.8   MM   MM    MM
2026 09 02 16 40 110  2.0  3.0   0.2    MM    MM 238     MM  25.6  23.2  22.5   MM   MM    MM
2026 09 02 16 30  20  3.0  5.0   0.2    MM    MM 230     MM  25.2  23.2  22.6   MM   MM    MM
2026 09 02 16 20 180  2.0  3.0   0.2    MM    MM 224     MM  25.8  23.2  22.5   MM   MM    MM
2026 09 02 16 10 220  2.0  3.0   0.2    MM    MM 225     MM  25.9  23.1  22.3   MM   MM    MM
2026 09 02 16 00 240  1.0  2.0   0.2    MM    MM 226     MM  25.9  23.1  22.2   MM   MM    MM
2026 09 02 15 50 320  2.0  4.0   0.2    MM    MM 211     MM  25.7  23.1  22.3   MM   MM    MM
2026 09 02 15 40 260  2.0  4.0   0.2    MM    MM 222     MM  25.6  23.1  22.3   MM   MM    MM
2026 09 02 15 30 300  2.0  3.0   0.2    MM    MM 230     MM  26.1  23.0  22.3   MM   MM    MM
2026 09 02 15 20 260  3.0  4.0   0.2    MM    MM 248     MM  26.9  22.9  22.2   MM   MM    MM
2026 09 02 15 10 310  3.0  8.0   0.2    MM    MM 232     MM  25.3  22.9  22.3   MM   MM    MM
2026 09 02 15 00 200  3.0  4.0   0.2    MM    MM 238     MM  25.5  22.9  22.3   MM   MM    MM
2026 09 02 14 50 190  3.0  4.0   0.2    MM    MM 240     MM  25.3  22.8  22.3   MM   MM    MM
2026 09 02 14 40 200  3.0  4.0   0.2    MM    MM 235     MM  25.2  22.8  22.2   MM   MM    MM
2026 09 02 14 30 200  3.0  5.0   0.2    MM    MM 220     MM  25.1  22.8  22.1   MM   MM    MM
2026 09 02 14 20 200  3.0  4.0   0.2    MM    MM 226     MM  25.0  22.7  22.0   MM   MM    MM
2026 09 02 14 10 200  4.0  5.0   0.2    MM    MM 221     MM  25.1  22.7  21.9   MM   MM    MM
2026 09 02 14 00 200  4.0  6.0   0.2    MM    MM 216     MM  25.1  22.7  21.9   MM   MM    MM
2026 09 02 13 50 210  4.0  5.0   0.2    MM    MM 227     MM  24.9  22.7  21.9   MM   MM    MM
2026 09 02 13 40 210  4.0  6.0   0.2    MM    MM 216     MM  24.7  22.7  21.9   MM   MM    MM
2026 09 02 13 30 210  4.0  6.0   0.2    MM    MM 214     MM  24.7  22.7  21.8   MM   MM    MM
2026 09 02 13 20 210  4.0  5.0   0.2    MM    MM 216     MM  24.7  22.7  21.8   MM   MM    MM
2026 09 02 13 10 210  4.0  6.0   0.3     2    MM 210     MM  24.6  22.7  21.8   MM   MM    MM
2026 09 02 13 00 210  4.0  5.0   0.3     2    MM 217     MM  24.6  22.7  21.7   MM   MM    MM
2026 09 02 12 50 210  4.0  5.0   0.3     2    MM 206     MM  24.5  22.6  21.7   MM   MM    MM
2026 09 02 12 40 210  4.0  6.0   0.3     2    MM 209     MM  24.6  22.6  21.6   MM   MM    MM
2026 09 02 12 30 220  4.0  6.0   0.3     2    MM 208     MM  24.6  22.6  21.6   MM   MM    MM
2026 09 02 12 20 220  4.0  5.0   0.2    MM    MM 215     MM  24.5  22.6  21.7   MM   MM    MM
2026 09 02 12 10 220  4.0  5.0   0.3     2    MM 214     MM  24.6  22.6  21.7   MM   MM    MM
2026 09 02 12 00 210  4.0  5.0   0.2    MM    MM 211     MM  24.6  22.6  21.7   MM   MM    MM
2026 09 02 11 50 220  4.0  5.0   0.2    MM    MM 208     MM  24.7  22.7  21.7   MM   MM    MM
2026 09 02 11 40 220  4.0  5.0   0.2    MM    MM 210     MM  24.7  22.7  21.7   MM   MM    MM
2026 09 02 11 30 220  4.0  5.0   0.2    MM    MM 220     MM  24.7  22.7  21.7   MM   MM    MM
2026 09 02 11 20 220  4.0  5.0   0.2    MM    MM 218     MM  24.7  22.7  21.7   MM   MM    MM
2026 09 02 11 10 210  4.0  5.0   0.2    MM    MM 212     MM  24.7  22.7  21.8   MM   MM    MM
2026 09 02 11 00 210  4.0  5.0   0.2    MM    MM 222     MM  24.7  22.7  21.8   MM   MM    MM
2026 09 02 10 50 210  4.0  5.0   0.2    MM    MM 224     MM  24.6  22.7  21.9   MM   MM    MM
2026 09 02 10 40 200  4.0  5.0   0.2    MM    MM 223     MM  24.7  22.7  21.9   MM   MM    MM
2026 09 02 10 30 210  4.0  5.0   0.2    MM    MM 229     MM  24.7  22.7  21.9   MM   MM    MM
2026 09 02 10 00 210  4.0  5.0   0.2    MM    MM 217     MM  25.0  22.7  21.9   MM   MM    MM
2026 09 02 09 50 210  4.0  6.0   0.2    MM    MM 220     MM  24.9  22.7  22.0   MM   MM    MM
2026 09 02 09 40 220  4.0  5.0   0.2    MM    MM 216     MM  24.9  22.7  22.0   MM   MM    MM
2026 09 02 09 30 210  4.0  5.0   0.3     2    MM 212     MM  25.1  22.7  22.0   MM   MM    MM
2026 09 02 09 20 210  4.0  5.0   0.3     2    MM 214     MM  25.0  22.8  22.1   MM   MM    MM
2026 09 02 09 10 220  4.0  5.0   0.3     2    MM 217     MM  25.2  22.8  22.1   MM   MM    MM
2026 09 02 09 00 210  4.0  5.0   0.3     2    MM 224     MM  25.2  22.8  22.1   MM   MM    MM
2026 09 02 08 50 210  5.0  6.0   0.3     3    MM 226     MM  25.3  22.8  22.2   MM   MM    MM
2026 09 02 08 40 210  4.0  5.0   0.3     2    MM 221     MM  25.1  22.8  22.2   MM   MM    MM
2026 09 02 08 30 210  4.0  5.0   0.3     2    MM 209     MM  25.2  22.8  22.2   MM   MM    MM
2026 09 02 08 20 210  4.0  6.0   0.2    MM    MM 208     MM  25.3  22.8  22.2   MM   MM    MM
2026 09 02 08 10 210  4.0  6.0   0.3     3    MM 226     MM  25.3  22.8  22.2   MM   MM    MM
2026 09 02 08 00 210  4.0  5.0   0.3     2    MM 220     MM  25.3  22.8  22.2   MM   MM    MM
2026 09 02 07 50 210  4.0  5.0   0.3     3    MM 226     MM  25.3  22.8  22.3   MM   MM    MM
2026 09 02 07 40 210  4.0  5.0   0.3     3    MM 211     MM  25.2  22.8  22.3   MM   MM    MM
2026 09 02 07 30 210  4.0  5.0   0.3     2    MM 220     MM  25.2  22.8  22.3   MM   MM    MM
2026 09 02 07 20 210  4.0  5.0   0.3     2    MM 223     MM  25.3  22.8  22.3   MM   MM    MM
2026 09 02 07 10 210  4.0  5.0   0.3     3    MM 216     MM  25.4  22.8  22.4   MM   MM    MM
2026 09 02 07 00 210  5.0  6.0   0.3     2    MM 215     MM  25.6  22.8  22.4   MM   MM    MM
2026 09 02 06 50 210  5.0  6.0   0.3     2    MM 203     MM  25.7  22.8  22.4   MM   MM    MM
2026 09 02 06 40 210  5.0  6.0   0.3     2    MM 209     MM  25.8  22.8  22.4   MM   MM    MM
2026 09 02 06 30 210  5.0  6.0   0.3     2    MM 219     MM  25.8  22.9  22.4   MM   MM    MM
2026 09 02 06 20 210  5.0  6.0   0.3     2    MM 218     MM  25.8  22.9  22.4   MM   MM    MM
2026 09 02 06 10 210  5.0  6.0   0.3     2    MM 221     MM  25.8  22.9  22.5   MM   MM    MM
2026 09 02 06 00 210  5.0  6.0   0.3     2    MM 202     MM  25.8  22.9  22.5   MM   MM    MM
2026 09 02 05 50 210  5.0  6.0   0.3     2    MM 224     MM  25.8  22.9  22.5   MM   MM    MM
2026 09 02 05 40 210  5.0  6.0   0.3     2    MM 212     MM  25.8  23.0  22.6   MM   MM    MM
2026 09 02 05 30 210  5.0  6.0   0.2    MM    MM 208     MM  25.9  23.0  22.6   MM   MM    MM
2026 09 02 05 20 210  5.0  6.0   0.3     2    MM 220     MM  25.9  23.0  22.6   MM   MM    MM
2026 09 02 05 10 210  4.0  6.0   0.2    MM    MM 212     MM  25.8  23.0  22.7   MM   MM    MM
2026 09 02 05 00 210  5.0  6.0   0.3     2    MM 214     MM  25.9  23.0  22.8   MM   MM    MM
2026 09 02 04 50 210  4.0  5.0   0.3     2    MM 211     MM  25.8  23.0  22.8   MM   MM    MM
2026 09 02 04 40 210  4.0  6.0   0.3     2    MM 207     MM  25.9  23.0  22.9   MM   MM    MM
2026 09 02 04 30 210  5.0  6.0   0.3     2    MM 208     MM  26.0  23.0  23.0   MM   MM    MM
2026 09 02 04 20 210  5.0  6.0   0.3     2    MM 217     MM  26.1  23.1  23.1   MM   MM    MM
2026 09 02 04 10 210  5.0  6.0   0.3     2    MM 211     MM  26.1  23.1  23.2   MM   MM    MM
2026 09 02 04 00 210  5.0  6.0   0.3     2    MM 202     MM  26.2  23.1  23.2   MM   MM    MM
2026 09 02 03 50 210  5.0  6.0   0.3     2    MM 211     MM  26.2  23.2  23.3   MM   MM    MM
2026 09 02 03 40 210  5.0  6.0   0.3     2    MM 217     MM  26.3  23.2  23.4   MM   MM    MM
2026 09 02 03 30 210  5.0  6.0   0.3     2    MM 211     MM  26.4  23.3  23.5   MM   MM    MM
2026 09 02 03 20 210  5.0  6.0   0.2    MM    MM 204     MM  26.4  23.3  23.6   MM   MM    MM
2026 09 02 03 10 210  5.0  6.0   0.2    MM    MM 207     MM  26.6  23.5  23.7   MM   MM    MM
2026 09 02 03 00 210  5.0  6.0   0.2    MM    MM 213     MM  26.6  23.5  23.7   MM   MM    MM
2026 09 02 02 50 210  5.0  6.0   0.2    MM    MM 213     MM  26.6  23.7  23.8   MM   MM    MM
2026 09 02 02 40 210  4.0  6.0   0.2    MM    MM 219     MM  26.6  23.8  23.8   MM   MM    MM
2026 09 02 02 30 210  4.0  5.0   0.2    MM    MM 215     MM  26.4  23.8  23.8   MM   MM    MM
2026 09 02 02 20 210  3.0  4.0   0.2    MM    MM 211     MM  26.3  23.9  23.7   MM   MM    MM
2026 09 02 02 10 220  3.0  4.0   0.2    MM    MM 220     MM  26.3  23.9  23.8   MM   MM    MM
2026 09 02 02 00 210  3.0  4.0   0.2    MM    MM 192     MM  26.6  23.9  24.0   MM   MM    MM
2026 09 02 01 50 200  3.0  4.0   0.2    MM    MM 160     MM  26.7  24.1  24.1   MM   MM    MM
2026 09 02 01 40 200  3.0  4.0   0.1    MM    MM 180     MM  26.8  24.1  24.2   MM   MM    MM
2026 09 02 01 30 200  3.0  4.0   0.1    MM    MM 172     MM  26.9  24.1  24.3   MM   MM    MM
2026 09 02 01 20 190  3.0  4.0   0.1    MM    MM 201     MM  26.9  24.2  24.5   MM   MM    MM
2026 09 02 01 10 190  3.0  3.0   0.1    MM    MM 193     MM  26.6  24.2  24.5   MM   MM    MM
2026 09 02 01 00 180  3.0  4.0   0.1    MM    MM 192     MM  26.8  24.2  24.5   MM   MM    MM
2026 09 02 00 50 180  3.0  4.0   0.1    MM    MM 191     MM  27.0  24.3  24.6   MM   MM    MM
2026 09 02 00 40 180  3.0  4.0   0.1    MM    MM 170     MM  27.1  24.5  24.7   MM   MM    MM
2026 09 02 00 30 180  3.0  4.0   0.1    MM    MM 198     MM  26.9  24.1  24.7   MM   MM    MM
2026 09 02 00 20 190  3.0  4.0   0.1    MM    MM 198     MM  26.9  24.2  24.6   MM   MM    MM
2026 09 02 00 10 190  3.0  4.0   0.1    MM    MM 188     MM  26.9  24.3  24.6   MM   MM    MM
2026 09 02 00 00 190  3.0  3.0   0.1    MM    MM 184     MM  27.1  24.3  24.8   MM   MM    MM
2026 09 01 23 50 190  3.0  4.0   0.1    MM    MM 181     MM  27.2  24.5  24.8   MM   MM    MM
2026 09 01 23 40 190  3.0  3.0   0.1    MM    MM 163     MM  27.3  24.4  24.8   MM   MM    MM
2026 09 01 23 30 190  3.0  4.0   0.1    MM    MM 174     MM  27.4  23.4  24.8   MM   MM    MM
2026 09 01 23 20 190  3.0  4.0   0.1    MM    MM 171     MM  27.7  23.4  24.9   MM   MM    MM
2026 09 01 23 10 190  3.0  4.0   0.1    MM    MM 179     MM  27.8  23.4  25.0   MM   MM    MM
2026 09 01 23 00 190  3.0  4.0   0.1    MM    MM 154     MM  27.8  23.5  25.0   MM   MM    MM
2026 09 01 22 50 190  3.0  4.0   0.1    MM    MM 175     MM  27.7  23.3  24.9   MM   MM    MM
2026 09 01 22 40 180  3.0  3.0   0.1    MM    MM 156     MM  27.9  23.2  24.9   MM   MM    MM
2026 09 01 22 30 180  2.0  3.0   0.1    MM    MM 169     MM  27.7  23.2  24.9   MM   MM    MM
2026 09 01 22 20 190  3.0  3.0   0.1    MM    MM 147     MM  28.0  23.2  24.9   MM   MM    MM
2026 09 01 22 10 190  3.0  3.0   0.1    MM    MM 170     MM  28.2  23.2  25.0   MM   MM    MM
2026 09 01 22 00 200  3.0  3.0   0.1    MM    MM 179     MM  28.3  23.3  25.1   MM   MM    MM
2026 09 01 21 50 210  2.0  3.0   0.1    MM    MM 179     MM  28.4  23.2  25.2   MM   MM    MM
2026 09 01 21 40 210  3.0  3.0   0.1    MM    MM 118     MM  28.9  23.2  25.3   MM   MM    MM
2026 09 01 21 30 210  3.0  3.0   0.1    MM    MM 189     MM  29.3  23.2  25.5   MM   MM    MM
2026 09 01 21 20 210  2.0  3.0   0.1    MM    MM 214     MM  29.3  23.2  25.7   MM   MM    MM
2026 09 01 21 10 200  2.0  3.0   0.1    MM    MM 203     MM  29.5  23.1  25.8   MM   MM    MM
2026 09 01 21 00 190  2.0  2.0   0.1    MM    MM 214     MM  29.6  23.1  26.0   MM   MM    MM
2026 09 01 20 50 170  1.0  2.0   0.1    MM    MM 228     MM  30.0  23.1  26.2   MM   MM    MM
2026 09 01 20 40 120  1.0  1.0   0.1    MM    MM 225     MM  29.7  23.1  25.9   MM   MM    MM
2026 09 01 20 30 100  1.0  1.0   0.1    MM    MM 225     MM  29.5  23.1  25.9   MM   MM    MM
2026 09 01 20 20  90  1.0  1.0   0.1    MM    MM 223     MM  29.2  23.1  25.7   MM   MM    MM
2026 09 01 20 10 100  1.0  1.0   0.1    MM    MM 228     MM  28.6  23.1  25.6   MM   MM    MM
2026 09 01 20 00 120  1.0  2.0   0.1    MM    MM 218     MM  28.0  23.1  25.4   MM   MM    MM
2026 09 01 19 50 130  1.0  2.0   0.1    MM    MM 223     MM  28.0  23.2  25.3   MM   MM    MM
2026 09 01 19 40 130  2.0  2.0   0.1    MM    MM 227     MM  28.2  23.2  25.4   MM   MM    MM
2026 09 01 19 30 150  1.0  2.0   0.1    MM    MM 240     MM  29.1  23.1  25.5   MM   MM    MM
2026 09 01 19 20 130  1.0  1.0   0.1    MM    MM 228     MM  29.3  23.1  25.4   MM   MM    MM
2026 09 01 19 10  80  1.0  1.0   0.1    MM    MM 226     MM  28.8  23.0  25.3   MM   MM    MM
2026 09 01 19 00  70  1.0  1.0   0.1    MM    MM 237     MM  28.3  22.9  25.1   MM   MM    MM
2026 09 01 18 50  40  1.0  1.0   0.1    MM    MM 227     MM  28.1  22.9  25.3   MM   MM    MM
2026 09 01 18 40  10  1.0  2.0   0.1    MM    MM 215     MM  27.6  22.9  24.9   MM   MM    MM
2026 09 01 18 30  20  1.0  1.0   0.1    MM    MM 228     MM  27.5  22.9  24.9   MM   MM    MM
2026 09 01 18 20 340  1.0  2.0   0.1    MM    MM 223     MM  27.2  22.8  24.5   MM   MM    MM
2026 09 01 18 10 310  1.0  2.0   0.1    MM    MM 222     MM  27.0  22.7  24.2   MM   MM    MM
2026 09 01 18 00 310  1.0  2.0   0.1    MM    MM 226     MM  26.5  22.7  23.9   MM   MM    MM
2026 09 01 17 50 290  1.0  2.0   0.2    MM    MM 216     MM  26.0  22.7  23.5   MM   MM    MM
2026 09 01 17 40 270  2.0  2.0   0.2    MM    MM 227     MM  25.6  22.7  23.2   MM   MM    MM
2026 09 01 17 30 300  2.0  2.0   0.2    MM    MM 225     MM  25.4  22.7  23.1   MM   MM    MM
2026 09 01 17 20 290  2.0  2.0   0.2    MM    MM 227     MM  25.5  22.8  22.9   MM   MM    MM
2026 09 01 17 10 260  1.0  2.0   0.2    MM    MM 238     MM  25.4  22.7  22.8   MM   MM    MM
2026 09 01 17 00 250  1.0  2.0   0.2    MM    MM 236     MM  25.4  22.6  22.8   MM   MM    MM
2026 09 01 16 50 260  1.0  2.0   0.2    MM    MM 241     MM  25.4  22.6  22.9   MM   MM    MM
2026 09 01 16 40 230  1.0  2.0   0.2    MM    MM 244     MM  25.3  22.6  22.7   MM   MM    MM
2026 09 01 16 30 250  1.0  2.0   0.2    MM    MM 247     MM  25.1  22.6  22.6   MM   MM    MM
2026 09 01 16 20 250  1.0  2.0   0.2    MM    MM 238     MM  25.0  22.7  22.5   MM   MM    MM
2026 09 01 16 10 240  1.0  2.0   0.2    MM    MM 244     MM  24.7  22.7  22.4   MM   MM    MM
2026 09 01 16 00 240  2.0  3.0   0.2    MM    MM 235     MM  24.7  22.6  22.4   MM   MM    MM
2026 09 01 15 50 240  2.0  2.0   0.2    MM    MM 248     MM  24.6  22.6  22.4   MM   MM    MM
2026 09 01 15 40 240  2.0  3.0   0.2    MM    MM 242     MM  24.4  22.6  22.2   MM   MM    MM
2026 09 01 15 30 240  2.0  3.0   0.2    MM    MM 256     MM  24.3  22.6  22.2   MM   MM    MM
2026 09 01 15 20 230  3.0  4.0   0.2    MM    MM 254     MM  24.3  22.5  22.1   MM   MM    MM
2026 09 01 15 10 220  3.0  4.0   0.2    MM    MM 234     MM  24.3  22.5  22.0   MM   MM    MM
2026 09 01 15 00 210  3.0  5.0   0.2    MM    MM 245     MM  24.2  22.5  21.9   MM   MM    MM
2026 09 01 14 50 210  3.0  4.0   0.3     3    MM 252     MM  24.1  22.5  21.9   MM   MM    MM
2026 09 01 14 40 210  3.0  4.0   0.3     3    MM 235     MM  23.9  22.5  21.8   MM   MM    MM
2026 09 01 14 30 210  4.0  5.0   0.3     3    MM 244     MM  23.9  22.5  21.8   MM   MM    MM
2026 09 01 14 20 220  4.0  5.0   0.2    MM    MM 233     MM  23.8  22.4  21.7   MM   MM    MM
2026 09 01 14 10 220  4.0  5.0   0.3     3    MM 241     MM  23.7  22.4  21.7   MM   MM    MM
2026 09 01 14 00 220  4.0  5.0   0.3     3    MM 235     MM  23.7  22.4  21.7   MM   MM    MM
2026 09 01 13 50 220  4.0  5.0   0.3     3    MM 237     MM  23.7  22.4  21.7   MM   MM    MM
2026 09 01 13 40 220  4.0  6.0   0.3     3    MM 246     MM  23.7  22.4  21.7   MM   MM    MM
2026 09 01 13 30 220  4.0  6.0   0.3     3    MM 237     MM  23.7  22.4  21.6   MM   MM    MM
2026 09 01 13 20 220  4.0  6.0   0.3     3    MM 221     MM  23.8  22.4  21.7   MM   MM    MM
2026 09 01 13 10 220  5.0  6.0   0.3     3    MM 231     MM  23.7  22.4  21.7   MM   MM    MM
2026 09 01 13 00 210  4.0  6.0   0.3     3    MM 227     MM  23.8  22.4  21.7   MM   MM    MM
2026 09 01 12 50 210  4.0  5.0   0.3     3    MM 231     MM  23.7  22.4  21.7   MM   MM    MM
2026 09 01 12 40 210  4.0  5.0   0.3     3    MM 227     MM  23.8  22.4  21.7   MM   MM    MM
2026 09 01 12 30 210  4.0  5.0   0.3     3    MM 218     MM  23.7  22.4  21.7   MM   MM    MM
2026 09 01 12 20 210  5.0  6.0   0.3     3    MM 224     MM  23.7  22.4  21.7   MM   MM    MM
2026 09 01 12 10 220  5.0  6.0   0.3     3    MM 225     MM  23.7  22.4  21.7   MM   MM    MM
2026 09 01 12 00 210  4.0  5.0   0.3     3    MM 223     MM  23.7  22.4  21.6   MM   MM    MM
2026 09 01 11 50 220  3.0  5.0   0.3     3    MM 232     MM  23.6  22.4  21.7   MM   MM    MM
2026 09 01 11 40 200  2.0  3.0   0.3     3    MM 236     MM  23.7  22.4  21.7   MM   MM    MM
2026 09 01 11 30 200  3.0  5.0   0.3     3    MM 230     MM  23.9  22.4  21.7   MM   MM    MM
2026 09 01 11 20 220  5.0  6.0   0.3     3    MM 234     MM  24.1  22.4  21.7   MM   MM    MM
2026 09 01 11 10 230  5.0  7.0   0.3     3    MM 241     MM  24.1  22.4  21.7   MM   MM    MM
2026 09 01 11 00 230  5.0  6.0   0.3     3    MM 228     MM  24.0  22.4  21.7   MM   MM    MM
2026 09 01 10 50 230  5.0  6.0   0.3     3    MM 240     MM  24.1  22.4  21.7   MM   MM    MM
2026 09 01 10 40 230  4.0  6.0   0.3     3    MM 225     MM  24.2  22.4  21.7   MM   MM    MM
2026 09 01 10 30 230  4.0  5.0   0.3     3    MM 237     MM  24.3  22.4  21.6   MM   MM    MM
2026 09 01 10 20 220  4.0  5.0   0.3     3    MM 238     MM  24.5  22.4  21.6   MM   MM    MM
2026 09 01 10 10 220  4.0  5.0   0.3     3    MM 230     MM  24.5  22.4  21.6   MM   MM    MM
2026 09 01 10 00 220  4.0  5.0   0.3     3    MM 224     MM  24.7  22.4  21.6   MM   MM    MM
2026 09 01 09 50 210  4.0  5.0   0.3     3    MM 217     MM  24.5  22.4  21.7   MM   MM    MM
2026 09 01 09 40 210  4.0  5.0   0.3     3    MM 222     MM  24.6  22.4  21.7   MM   MM    MM
2026 09 01 09 30 210  4.0  5.0   0.3     3    MM 225     MM  24.6  22.4  21.6   MM   MM    MM
2026 09 01 09 20 210  4.0  5.0   0.2    MM    MM 232     MM  24.6  22.4  21.6   MM   MM    MM
2026 09 01 09 10 210  3.0  4.0   0.2    MM    MM 242     MM  24.6  22.4  21.6   MM   MM    MM
2026 09 01 09 00 220  3.0  4.0   0.3     3    MM 226     MM  24.6  22.4  21.7   MM   MM    MM
2026 09 01 08 50 210  3.0  4.0   0.2    MM    MM 227     MM  24.6  22.4  21.7   MM   MM    MM
2026 09 01 08 40 220  3.0  5.0   0.3     3    MM 229     MM  24.6  22.4  21.6   MM   MM    MM
2026 09 01 08 30 230  4.0  5.0   0.3     2    MM 219     MM  24.7  22.4  21.6   MM   MM    MM
2026 09 01 08 20 240  4.0  5.0   0.2    MM    MM 211     MM  24.8  22.4  21.6   MM   MM    MM
2026 09 01 08 10 230  4.0  5.0   0.2    MM    MM 214     MM  24.7  22.4  21.7   MM   MM    MM
2026 09 01 08 00 220  3.0  4.0   0.3     3    MM 213     MM  24.6  22.4  21.7   MM   MM    MM
2026 09 01 07 50 220  3.0  4.0   0.3     3    MM 220     MM  24.5  22.5  21.6   MM   MM    MM
2026 09 01 07 40 220  3.0  4.0   0.3     3    MM 210     MM  24.5  22.5  21.6   MM   MM    MM
2026 09 01 07 30 220  3.0  5.0   0.3     3    MM 207     MM  24.6  22.5  21.6   MM   MM    MM
2026 09 01 07 20 220  4.0  5.0   0.3     3    MM 209     MM  24.7  22.5  21.6   MM   MM    MM
2026 09 01 07 10 220  4.0  5.0   0.3     3    MM 205     MM  24.7  22.5  21.6   MM   MM    MM
2026 09 01 07 00 220  4.0  5.0   0.3     3    MM 204     MM  24.8  22.5  21.6   MM   MM    MM
2026 09 01 06 50 220  4.0  5.0   0.3     3    MM 209     MM  24.9  22.5  21.6   MM   MM    MM
2026 09 01 06 40 220  4.0  5.0   0.3     3    MM 207     MM  25.0  22.6  21.6   MM   MM    MM
2026 09 01 06 30 210  4.0  6.0   0.3     3    MM 211     MM  25.0  22.6  21.6   MM   MM    MM
2026 09 01 06 20 220  4.0  5.0   0.3     3    MM 206     MM  25.1  22.6  21.6   MM   MM    MM
2026 09 01 06 10 220  4.0  6.0   0.3     3    MM 204     MM  25.2  22.6  21.6   MM   MM    MM
2026 09 01 06 00 220  4.0  6.0   0.3     3    MM 209     MM  25.3  22.6  21.7   MM   MM    MM
2026 09 01 05 50 220  4.0  6.0   0.3     3    MM 206     MM  25.4  22.7  21.7   MM   MM    MM
2026 09 01 05 40 210  5.0  6.0   0.3     3    MM 219     MM  25.4  22.7  21.7   MM   MM    MM
2026 09 01 05 30 220  5.0  6.0   0.3     3    MM 219     MM  25.5  22.7  21.7   MM   MM    MM
2026 09 01 05 20 220  5.0  6.0   0.3     3    MM 216     MM  25.5  22.7  21.7   MM   MM    MM
2026 09 01 05 10 210  5.0  6.0   0.3     3    MM 217     MM  25.5  22.7  21.7   MM   MM    MM
2026 09 01 05 00 210  5.0  7.0   0.3     3    MM 209     MM  25.5  22.7  21.7   MM   MM    MM
2026 09 01 04 50 210  5.0  6.0   0.3     2    MM 207     MM  25.6  22.7  21.7   MM   MM    MM
2026 09 01 04 40 210  5.0  6.0   0.3     2    MM 203     MM  25.6  22.8  21.7   MM   MM    MM
2026 09 01 04 30 210  5.0  6.0   0.3     2    MM 208     MM  25.4  22.8  21.8   MM   MM    MM
2026 09 01 04 20 210  4.0  6.0   0.2    MM    MM 212     MM  25.4  22.8  21.8   MM   MM    MM
2026 09 01 04 10 210  4.0  5.0   0.2    MM    MM 210     MM  25.4  22.8  21.8   MM   MM    MM
2026 08 31 15 50 190  6.0  7.0   0.2    MM    MM 198     MM  22.8  22.8  20.0   MM   MM    MM
2026 08 31 15 40 180  5.0  7.0   0.2    MM    MM 217     MM  22.8  22.8  19.9   MM   MM    MM
2026 08 31 15 30 170  5.0  6.0   0.2    MM    MM 227     MM  22.6  22.8  19.9   MM   MM    MM
2026 08 31 15 20 180  5.0  7.0   0.2    MM    MM 219     MM  22.7  22.8  19.8   MM   MM    MM
2026 08 31 15 10 180  4.0  6.0   0.2    MM    MM 233     MM  22.8  22.8  19.9   MM   MM    MM
2026 08 31 15 00 180  3.0  4.0   0.2    MM    MM 235     MM  22.9  22.8  19.9   MM   MM    MM
2026 08 31 14 50 190  3.0  4.0   0.2    MM    MM 230     MM  23.0  22.8  20.0   MM   MM    MM
2026 08 31 14 40 230  2.0  3.0   0.2    MM    MM 238     MM  23.0  22.8  19.9   MM   MM    MM
2026 08 31 14 30 220  3.0  4.0   0.2    MM    MM 235     MM  23.1  22.8  19.6   MM   MM    MM
2026 08 31 14 20 220  3.0  4.0   0.2    MM    MM 228     MM  23.2  22.8  19.6   MM   MM    MM
2026 08 31 14 10 210  3.0  4.0   0.2    MM    MM 233     MM  23.3  22.9  19.8   MM   MM    MM
2026 08 31 14 00 210  3.0  4.0   0.2    MM    MM 232     MM  23.5  22.9  19.9   MM   MM    MM
2026 08 31 13 50 220  2.0  3.0   0.2    MM    MM 236     MM  23.6  22.9  19.9   MM   MM    MM
2026 08 31 13 40 230  2.0  3.0   0.2    MM    MM 238     MM  23.6  22.9  20.3   MM   MM    MM
2026 08 31 13 30 220  3.0  4.0   0.2    MM    MM 245     MM  23.7  22.9  20.2   MM   MM    MM
2026 08 31 13 20 230  4.0  5.0   0.2    MM    MM 231     MM  24.0  22.9  19.8   MM   MM    MM
2026 08 31 13 10 200  4.0  5.0   0.3     3    MM 236     MM  24.0  22.9  19.7   MM   MM    MM
2026 08 31 13 00 220  2.0  4.0   0.3     3    MM 233     MM  24.0  22.9  19.7   MM   MM    MM
2026 08 31 12 50 200  3.0  4.0   0.3     3    MM 237     MM  24.0  22.9  19.9   MM   MM    MM
2026 08 31 12 40 200  4.0  5.0   0.3     3    MM 229     MM  24.3  22.9  19.6   MM   MM    MM
2026 08 31 12 30 200  4.0  6.0   0.3     3    MM 229     MM  24.6  22.8  19.4   MM   MM    MM
2026 08 31 12 20 210  4.0  6.0   0.3     3    MM 222     MM  24.6  22.8  19.5   MM   MM    MM
2026 08 31 12 10 200  4.0  6.0   0.3     3    MM 222     MM  24.5  22.8  19.5   MM   MM    MM
2026 08 31 12 00 200  5.0  7.0   0.3     3    MM 218     MM  24.3  22.8  19.5   MM   MM    MM
2026 08 31 11 50 190  5.0  7.0   0.3     3    MM 223     MM  24.1  22.8  19.7   MM   MM    MM
2026 08 31 11 40 190  6.0  7.0   0.3     2    MM 215     MM  24.4  22.8  19.4   MM   MM    MM
2026 08 31 11 30 190  5.0  7.0   0.3     3    MM 222     MM  24.2  22.8  19.5   MM   MM    MM
2026 08 31 11 20 190  6.0  8.0   0.3     3    MM 220     MM  24.0  22.8  19.6   MM   MM    MM
2026 08 31 11 10 190  5.0  6.0   0.3     3    MM 220     MM  23.9  22.8  19.8   MM   MM    MM
2026 08 31 11 00 190  5.0  6.0   0.3     2    MM 218     MM  23.9  22.8  19.9   MM   MM    MM
2026 08 31 10 50 190  5.0  7.0   0.2    MM    MM 218     MM  24.0  22.7  19.8   MM   MM    MM
2026 08 31 10 40 180  5.0  7.0   0.3     2    MM 218     MM  23.9  22.7  19.8   MM   MM    MM
2026 08 31 10 30 180  5.0  6.0   0.2    MM    MM 222     MM  23.8  22.7  19.9   MM   MM    MM
2026 08 31 10 20 180  4.0  5.0   0.2    MM    MM 216     MM  23.7  22.7  20.0   MM   MM    MM
2026 08 31 10 10 180  4.0  5.0   0.2    MM    MM 172     MM  23.7  22.7  20.1   MM   MM    MM
2026 08 31 10 00 180  4.0  5.0   0.2    MM    MM 223     MM  23.7  22.7  20.2   MM   MM    MM
2026 08 31 09 50 180  4.0  5.0   0.2    MM    MM 226     MM  23.6  22.7  20.2   MM   MM    MM
2026 08 31 09 40 180  4.0  5.0   0.2    MM    MM 224     MM  23.5  22.7  20.3   MM   MM    MM
2026 08 31 09 30 180  4.0  5.0   0.2    MM    MM 216     MM  23.6  22.7  20.3   MM   MM    MM
2026 08 31 09 20 180  3.0  5.0   0.2    MM    MM 226     MM  23.7  22.7  20.3   MM   MM    MM
2026 08 31 09 10 180  4.0  5.0   0.2    MM    MM 211     MM  23.8  22.7  20.1   MM   MM    MM
2026 08 31 09 00 180  3.0  4.0   0.2    MM    MM 208     MM  23.8  22.7  20.3   MM   MM    MM
2026 08 31 08 50 190  4.0  5.0   0.2    MM    MM 178     MM  23.8  22.7  20.4   MM   MM    MM
2026 08 31 08 40 190  4.0  6.0   0.2    MM    MM 179     MM  23.8  22.7  20.4   MM   MM    MM
2026 08 31 08 30 180  4.0  6.0   0.3     2    MM 175     MM  23.8  22.7  20.4   MM   MM    MM
2026 08 31 08 20 180  5.0  6.0   0.3     2    MM 169     MM  23.9  22.7  20.4   MM   MM    MM
2026 08 31 08 10 180  5.0  7.0   0.3     2    MM 171     MM  23.8  22.7  20.5   MM   MM    MM
2026 08 31 08 00 180  6.0  7.0   0.3     2    MM 174     MM  23.8  22.7  20.5   MM   MM    MM
2026 08 31 07 50 180  6.0  8.0   0.3     2    MM 161     MM  23.7  22.7  20.6   MM   MM    MM
2026 08 31 07 40 180  6.0  7.0   0.3    MM    MM 168     MM  23.7  22.8  20.6   MM   MM    MM
2026 08 31 07 30 190  5.0  7.0   0.3     2    MM 165     MM  23.7  22.8  20.7   MM   MM    MM
2026 08 31 07 20 190  5.0  7.0   0.3    MM    MM 165     MM  23.7  22.8  20.7   MM   MM    MM
2026 08 31 07 10 190  5.0  6.0   0.3    MM    MM 162     MM  23.6  22.8  20.9   MM   MM    MM
2026 08 31 07 00 190  5.0  7.0   0.2    MM    MM 175     MM  23.6  22.8  20.9   MM   MM    MM
2026 08 31 06 50 190  5.0  7.0   0.2    MM    MM 156     MM  23.7  22.8  20.9   MM   MM    MM
2026 08 31 06 40 180  5.0  6.0   0.2    MM    MM 182     MM  23.7  22.8  21.0   MM   MM    MM
2026 08 31 06 30 180  5.0  6.0   0.2    MM    MM 167     MM  23.7  22.8  21.0   MM   MM    MM
2026 08 31 06 20 180  4.0  6.0   0.2    MM    MM 170     MM  23.9  22.8  21.0   MM   MM    MM
2026 08 31 06 10 170  5.0  6.0   0.2    MM    MM 153     MM  23.9  22.8  21.0   MM   MM    MM
2026 08 31 06 00 170  5.0  6.0   0.2    MM    MM 178     MM  23.8  22.8  21.2   MM   MM    MM
2026 08 31 05 50 170  4.0  6.0   0.2    MM    MM 175     MM  23.9  22.8  21.1   MM   MM    MM
2026 08 31 05 40 170  3.0  4.0   0.2    MM    MM 185     MM  23.9  22.8  21.1   MM   MM    MM
2026 08 31 05 30 170  3.0  4.0   0.2    MM    MM 187     MM  24.1  22.8  21.1   MM   MM    MM
2026 08 31 05 20 170  4.0  5.0   0.2    MM    MM 173     MM  24.0  22.8  21.1   MM   MM    MM
2026 08 31 05 10 180  4.0  6.0   0.2    MM    MM 178     MM  24.0  22.8  21.2   MM   MM    MM
2026 08 31 05 00 180  5.0  6.0   0.2    MM    MM 178     MM  23.9  22.8  21.3   MM   MM    MM
2026 08 31 04 50 180  4.0  6.0   0.2    MM    MM 186     MM  23.8  22.8  21.3   MM   MM    MM
2026 08 31 04 40 180  4.0  6.0   0.2    MM    MM 176     MM  23.8  22.8  21.4   MM   MM    MM
2026 08 31 04 30 180  4.0  5.0   0.2    MM    MM 169     MM  23.9  22.8  21.4   MM   MM    MM
2026 08 31 04 20 180  4.0  6.0   0.3    MM    MM 167     MM  23.9  22.8  21.4   MM   MM    MM
2026 08 31 04 10 190  5.0  6.0   0.3     2    MM 152     MM  23.9  22.8  21.4   MM   MM    MM
2026 08 31 04 00 180  5.0  7.0   0.3     2    MM 158     MM  23.9  22.9  21.4   MM   MM    MM
2026 08 31 03 50 180  6.0  7.0   0.3     2    MM 144     MM  23.9  22.9  21.4   MM   MM    MM
2026 08 31 03 40 190  5.0  7.0   0.3    MM    MM 152     MM  23.9  22.9  21.5   MM   MM    MM
2026 08 31 03 30 180  5.0  7.0   0.3    MM    MM 130     MM  24.0  22.9  21.4   MM   MM    MM
2026 08 31 03 20 180  6.0  8.0   0.3    MM    MM 146     MM  24.0  22.9  21.4   MM   MM    MM
2026 08 31 03 10 170  6.0  8.0   0.2    MM    MM 134     MM  24.0  22.9  21.5   MM   MM    MM
2026 08 31 03 00 170  5.0  7.0   0.2    MM    MM 141     MM  23.9  22.9  21.5   MM   MM    MM
2026 08 31 02 50 170  5.0  6.0   0.2    MM    MM 148     MM  23.9  22.9  21.5   MM   MM    MM
2026 08 31 02 40 160  4.0  5.0   0.2    MM    MM 146     MM  23.9  22.9  21.5   MM   MM    MM
2026 08 31 02 30 150  4.0  5.0   0.2    MM    MM 163     MM  23.8  22.9  21.5   MM   MM    MM
2026 08 31 02 20 150  4.0  4.0   0.2    MM    MM 152     MM  23.7  22.9  21.5   MM   MM    MM
2026 08 31 02 10 160  3.0  4.0   0.1    MM    MM 148     MM  23.7  22.9  21.5   MM   MM    MM
2026 08 31 02 00 160  3.0  4.0   0.2    MM    MM 166     MM  23.6  22.9  21.5   MM   MM    MM
2026 08 31 01 50 160  3.0  4.0   0.2    MM    MM 160     MM  23.7  22.9  21.5   MM   MM    MM
2026 08 31 01 40 150  3.0  4.0   0.2    MM    MM 150     MM  23.6  22.9  21.4   MM   MM    MM
2026 08 31 01 30 150  2.0  4.0   0.2    MM    MM 176     MM  23.7  22.9  21.4   MM   MM    MM
2026 08 31 01 20 160  4.0  5.0   0.2    MM    MM 172     MM  23.7  23.0  21.4   MM   MM    MM
2026 08 31 01 10 170  4.0  6.0   0.2    MM    MM 195     MM  23.6  23.0  21.4   MM   MM    MM
2026 08 31 01 00 170  3.0  4.0   0.2    MM    MM 166     MM  23.6  23.0  21.3   MM   MM    MM
2026 08 31 00 50 190  3.0  5.0   0.3     2    MM 167     MM  23.6  23.0  21.3   MM   MM    MM
2026 08 31 00 40 180  4.0  7.0   0.3    MM    MM 159     MM  23.6  23.0  21.2   MM   MM    MM
2026 08 31 00 30 180  5.0  6.0   0.3    MM    MM 151     MM  23.5  23.0  21.2   MM   MM    MM
2026 08 31 00 20 180  4.0  6.0   0.2    MM    MM 155     MM  23.5  23.0  21.2   MM   MM    MM
2026 08 31 00 10 190  4.0  5.0   0.2    MM    MM 160     MM  23.6  23.0  21.2   MM   MM    MM
2026 08 31 00 00 190  4.0  5.0   0.2    MM    MM 158     MM  23.6  23.0  21.2   MM   MM    MM
2026 08 30 23 50 190  4.0  6.0   0.2    MM    MM 149     MM  23.6  23.0  21.2   MM   MM    MM
2026 08 30 23 40 190  4.0  5.0   0.2    MM    MM 170     MM  23.5  23.0  21.1   MM   MM    MM
2026 08 30 23 30 190  4.0  4.0   0.2    MM    MM 166     MM  23.4  23.0  21.1   MM   MM    MM
2026 08 30 23 10 180  3.0  4.0   0.2    MM    MM 160     MM  23.4  23.0  21.0   MM   MM    MM
2026 08 30 23 00 170  4.0  5.0   0.2    MM    MM 237     MM  23.4  23.0  21.0   MM   MM    MM
2026 08 30 22 50 170  4.0  6.0   0.3    MM    MM 149     MM  23.3  23.0  21.0   MM   MM    MM
2026 08 30 22 40 170  4.0  6.0   0.2    MM    MM 141     MM  23.3  23.0  21.1   MM   MM    MM
2026 08 30 22 30 170  4.0  6.0   0.2    MM    MM 148     MM  23.3  23.1  21.2   MM   MM    MM
2026 08 30 22 20 170  4.0  5.0   0.3     3    MM 232     MM  23.3  23.1  21.2   MM   MM    MM
2026 08 30 22 10 180  4.0  6.0   0.3     3    MM 228     MM  23.3  23.1  21.3   MM   MM    MM
2026 08 30 22 00 170  5.0  6.0   0.2    MM    MM 236     MM  23.4  23.1  21.1   MM   MM    MM
2026 08 30 21 50 170  5.0  6.0   0.2    MM    MM 231     MM  23.5  23.1  21.1   MM   MM    MM
2026 08 30 21 40 180  5.0  6.0   0.2    MM    MM 225     MM  23.4  23.1  21.0   MM   MM    MM
2026 08 30 21 30 170  4.0  6.0   0.3     3    MM 226     MM  23.1  23.1  21.1   MM   MM    MM
2026 08 30 21 20 170  3.0  4.0   0.3     3    MM 223     MM  23.3  23.1  21.2   MM   MM    MM
2026 08 30 21 10 190  3.0  4.0   0.2    MM    MM 232     MM  23.4  23.1  21.0   MM   MM    MM
2026 08 30 21 00 170  2.0  3.0   0.3     3    MM 222     MM  23.4  23.1  20.8   MM   MM    MM
2026 08 30 20 50 180  2.0  5.0   0.3     3    MM 220     MM  23.5  23.1  20.8   MM   MM    MM
2026 08 30 20 40 190  4.0  5.0   0.3     3    MM 225     MM  23.6  23.1  20.6   MM   MM    MM
2026 08 30 20 30 220  4.0  6.0   0.3     3    MM 228     MM  24.0  23.1  20.6   MM   MM    MM
2026 08 30 20 20 220  5.0  6.0   0.3     3    MM 222     MM  24.1  23.1  21.0   MM   MM    MM
2026 08 30 20 10 230  4.0  5.0   0.4     3    MM 227     MM  24.3  23.1  21.0   MM   MM    MM
2026 08 30 20 00 240  2.0  4.0   0.4     3    MM 226     MM  24.4  23.1  21.2   MM   MM    MM
2026 08 30 19 30 260  3.0  5.0   0.4     3    MM 221     MM  25.1  23.1  20.6   MM   MM    MM
2026 08 30 19 20 220  5.0  8.0   0.5     3    MM 216     MM  25.4  23.2  20.3   MM   MM    MM
2026 08 30 19 10 210  6.0  9.0   0.5     3    MM 217     MM  25.4  23.2  20.4   MM   MM    MM
2026 08 30 19 00 210  7.0 10.0   0.5     3    MM 218     MM  25.6  23.2  20.4   MM   MM    MM
2026 08 30 18 50 200  7.0 10.0   0.5     3    MM 216     MM  25.5  23.2  20.3   MM   MM    MM
2026 08 30 18 40 200  7.0 10.0   0.5     3    MM 207     MM  25.3  23.2  20.3   MM   MM    MM
2026 08 30 18 30 200  7.0 10.0   0.5     3    MM 210     MM  25.1  23.2  20.1   MM   MM    MM
2026 08 30 18 20 200  7.0 10.0   0.5     3    MM 211     MM  24.8  23.2  20.1   MM   MM    MM
2026 08 30 18 10 200  8.0 10.0   0.5     3    MM 222     MM  24.7  23.3  20.1   MM   MM    MM
2026 08 30 18 00 190  8.0  9.0   0.5     3    MM 219     MM  24.6  23.2  20.0   MM   MM    MM
2026 08 30 17 50 200  9.0 11.0   0.4     3    MM 216     MM  24.6  23.2  19.7   MM   MM    MM
2026 08 30 17 40 200  9.0 12.0   0.4     3    MM 215     MM  24.7  23.2  19.6   MM   MM    MM
2026 08 30 17 30 200  7.0 11.0   0.4     3    MM 226     MM  24.6  23.2  20.0   MM   MM    MM
2026 08 30 17 20 200  7.0  9.0   0.4     3    MM 217     MM  24.3  23.3  20.2   MM   MM    MM
2026 08 30 17 10 200  7.0  9.0   0.4     2    MM 195     MM  24.1  23.2  20.1   MM   MM    MM
2026 08 30 16 40 180  7.0  9.0   0.4     2    MM 183     MM  23.8  23.2  19.9   MM   MM    MM
2026 08 30 16 30 180  7.0  9.0   0.4     3    MM 218     MM  23.6  23.2  19.7   MM   MM    MM
2026 08 30 16 20 170  7.0  9.0   0.4     3    MM 225     MM  23.2  23.2  19.5   MM   MM    MM
2026 08 30 16 10 170  7.0 10.0   0.4     2    MM 156     MM  22.7  23.2  19.4   MM   MM    MM
2026 08 30 16 00 180  8.0 10.0   0.4     3    MM 214     MM  22.3  23.2  19.2   MM   MM    MM
2026 08 30 15 50 180  7.0  9.0   0.4     3    MM 203     MM  21.9  23.2  19.1   MM   MM    MM
2026 08 30 15 40 180  8.0 10.0   0.5     3    MM 214     MM  21.8  23.2  18.9   MM   MM    MM
2026 08 30 15 30 180  8.0 10.0   0.5     3    MM 216     MM  21.8  23.2  18.9   MM   MM    MM
2026 08 30 15 20 180  8.0 10.0   0.4     2    MM 174     MM  21.8  23.2  19.0   MM   MM    MM
2026 08 30 15 10 180  8.0 10.0   0.4     3    MM 215     MM  21.7  23.2  19.0   MM   MM    MM
2026 08 30 15 00 170  8.0 10.0   0.4     3    MM 216     MM  21.6  23.2  18.9   MM   MM    MM
2026 08 30 14 50 170  8.0 10.0   0.4     3    MM 218     MM  21.8  23.2  18.9   MM   MM    MM
2026 08 30 14 40 180  8.0 10.0   0.4     3    MM 217     MM  21.7  23.2  18.8   MM   MM    MM
2026 08 30 14 30 170  7.0  9.0   0.4     3    MM 220     MM  21.8  23.1  18.9   MM   MM    MM
2026 08 30 14 20 190  6.0  9.0   0.4     3    MM 221     MM  21.9  23.2  18.9   MM   MM    MM
2026 08 30 14 10 190  6.0  9.0   0.3     3    MM 220     MM  21.7  23.2  18.8   MM   MM    MM
2026 08 30 14 00 190  7.0  9.0   0.4     3    MM 225     MM  21.7  23.2  18.8   MM   MM    MM
2026 08 30 13 50 200  6.0  8.0   0.4     3    MM 224     MM  21.8  23.2  18.7   MM   MM    MM
2026 08 30 13 40 200  6.0  8.0   0.4     3    MM 218     MM  21.9  23.2  18.6   MM   MM    MM
2026 08 30 13 30 200  6.0  8.0   0.4     3    MM 216     MM  21.8  23.2  18.5   MM   MM    MM
2026 08 30 13 20 200  6.0  8.0   0.4     3    MM 222     MM  21.9  23.2  18.4   MM   MM    MM
2026 08 30 13 10 200  6.0  8.0   0.4     3    MM 213     MM  22.0  23.2  18.5   MM   MM    MM
2026 08 30 13 00 200  6.0  8.0   0.4     3    MM 218     MM  22.1  23.2  18.6   MM   MM    MM
2026 08 30 12 50 200  7.0  9.0   0.4     3    MM 212     MM  22.2  23.2  18.5   MM   MM    MM
2026 08 30 12 40 200  7.0  9.0   0.4     3    MM 212     MM  22.3  23.2  18.5   MM   MM    MM
2026 08 30 12 30 210  7.0  9.0   0.4     3    MM 210     MM  22.5  23.2  18.6   MM   MM    MM
2026 08 30 12 20 210  7.0  9.0   0.4     3    MM 214     MM  22.7  23.2  18.5   MM   MM    MM
2026 08 30 12 10 210  6.0  9.0   0.4     3    MM 217     MM  22.7  23.2  18.5   MM   MM    MM
2026 08 30 12 00 200  6.0  7.0   0.4     2    MM 193     MM  22.7  23.2  18.4   MM   MM    MM
2026 08 30 11 50 200  5.0  7.0   0.4     3    MM 199     MM  22.6  23.2  18.4   MM   MM    MM
2026 08 30 11 40 190  6.0  8.0   0.4     3    MM 190     MM  22.5  23.2  18.2   MM   MM    MM
2026 08 30 11 30 190  6.0  9.0   0.4     2    MM 184     MM  22.5  23.2  18.4   MM   MM    MM
2026 08 30 11 20 180  7.0  9.0   0.4     2    MM 169     MM  22.4  23.2  18.3   MM   MM    MM
2026 08 30 11 10 180  7.0  9.0   0.4     2    MM 181     MM  22.6  23.2  18.4   MM   MM    MM
2026 08 30 11 00 190  8.0 11.0   0.4     2    MM 171     MM  22.6  23.2  18.4   MM   MM    MM
2026 08 30 10 50 190  8.0 10.0   0.3     2    MM 164     MM  22.6  23.2  18.5   MM   MM    MM
2026 08 30 10 40 180  8.0 10.0   0.4     2    MM 169     MM  22.3  23.2  18.3   MM   MM    MM
2026 08 30 10 30 180  8.0 10.0   0.4     2    MM 163     MM  22.3  23.2  18.4   MM   MM    MM
2026 08 30 10 20 180  7.0  9.0   0.4     2    MM 161     MM  22.2  23.2  18.4   MM   MM    MM
2026 08 30 10 00 180  8.0 10.0   0.4     2    MM 165     MM  22.2  23.2  18.2   MM   MM    MM
2026 08 30 09 50 180  8.0 11.0   0.4     2    MM 160     MM  22.2  23.2  18.2   MM   MM    MM
2026 08 30 09 40 180  8.0 11.0   0.4     2    MM 154     MM  22.2  23.2  18.2   MM   MM    MM
2026 08 30 09 30 170  8.0 10.0   0.4     3    MM 158     MM  22.2  23.2  18.2   MM   MM    MM
2026 08 30 09 20 170  8.0 11.0   0.4     3    MM 164     MM  22.1  23.2  18.2   MM   MM    MM
2026 08 30 09 10 170  8.0 10.0   0.4     3    MM 164     MM  22.2  23.2  18.2   MM   MM    MM
2026 08 30 09 00 170  8.0 11.0   0.5     2    MM 163     MM  22.3  23.2  18.2   MM   MM    MM
2026 08 30 08 50 170  9.0 11.0   0.5     3    MM 164     MM  22.4  23.2  18.3   MM   MM    MM
2026 08 30 08 40 170  8.0 11.0   0.4     2    MM 157     MM  21.9  23.2  18.3   MM   MM    MM
2026 08 30 08 30 170  9.0 12.0   0.3    MM    MM 146     MM  21.6  23.2  18.3   MM   MM    MM
2026 08 30 08 20 170  8.0 11.0   0.3    MM    MM 160     MM  21.4  23.2  18.4   MM   MM    MM
2026 08 30 08 10 170  8.0 10.0   0.3     2    MM 180     MM  21.6  23.2  18.5   MM   MM    MM
2026 08 30 08 00 170  6.0  8.0   0.3     2    MM 171     MM  21.8  23.2  18.0   MM   MM    MM
2026 08 30 07 50 180  7.0  9.0   0.3    MM    MM 156     MM  22.1  23.2  18.0   MM   MM    MM
2026 08 30 07 40 180  6.0  7.0   0.3     2    MM 166     MM  22.4  23.2  18.1   MM   MM    MM
2026 08 30 07 30 180  6.0  7.0   0.3    MM    MM 156     MM  22.2  23.2  18.0   MM   MM    MM
2026 08 30 07 20 180  6.0  8.0   0.3     2    MM 158     MM  22.2  23.2  18.2   MM   MM    MM
2026 08 30 07 10 180  6.0  8.0   0.3     2    MM 157     MM  22.4  23.2  18.1   MM   MM    MM
2026 08 30 07 00 180  6.0  8.0   0.3     2    MM 154     MM  22.4  23.3  18.1   MM   MM    MM
2026 08 30 06 50 180  7.0  8.0   0.3     2    MM 154     MM  22.4  23.3  18.0   MM   MM    MM
2026 08 30 06 40 180  6.0  8.0   0.3     2    MM 166     MM  22.5  23.3  18.2   MM   MM    MM
2026 08 30 06 30 180  6.0  8.0   0.3     2    MM 161     MM  22.6  23.3  18.2   MM   MM    MM
2026 08 30 06 20 170  7.0  9.0   0.4     2    MM 165     MM  22.7  23.3  18.2   MM   MM    MM
2026 08 30 06 10 170  7.0  9.0   0.4     2    MM 157     MM  22.8  23.3  18.3   MM   MM    MM
2026 08 30 06 00 170  7.0  9.0   0.4     2    MM 153     MM  22.9  23.3  18.4   MM   MM    MM
2026 08 30 05 50 170  7.0 10.0   0.3     2    MM 158     MM  22.9  23.3  18.4   MM   MM    MM
2026 08 30 05 40 170  7.0  9.0   0.4     2    MM 166     MM  23.0  23.3  18.5   MM   MM    MM
2026 08 30 05 30 170  7.0  9.0   0.3     2    MM 167     MM  23.0  23.3  18.5   MM   MM    MM
2026 08 30 05 20 170  7.0  9.0   0.3     2    MM 160     MM  23.1  23.3  18.6   MM   MM    MM
2026 08 30 05 10 170  7.0  9.0   0.3     2    MM 165     MM  23.1  23.3  18.7   MM   MM    MM
2026 08 30 05 00 170  7.0  9.0   0.3     2    MM 161     MM  23.0  23.3  18.7   MM   MM    MM
2026 08 30 04 50 170  7.0  9.0   0.3     2    MM 165     MM  22.9  23.3  18.8   MM   MM    MM
2026 08 30 04 40 170  6.0  8.0   0.3     2    MM 162     MM  22.9  23.3  18.9   MM   MM    MM
2026 08 30 04 30 170  6.0  8.0   0.3    MM    MM 165     MM  22.9  23.3  18.9   MM   MM    MM
2026 08 30 04 20 170  6.0  7.0   0.3    MM    MM 165     MM  22.9  23.3  18.9   MM   MM    MM
2026 08 30 04 10 170  6.0  8.0   0.3     2    MM 160     MM  23.0  23.3  19.0   MM   MM    MM
2026 08 30 04 00 170  6.0  8.0   0.3    MM    MM 156     MM  22.9  23.3  19.1   MM   MM    MM
2026 08 30 03 50 180  6.0  8.0   0.3    MM    MM 166     MM  22.9  23.3  19.1   MM   MM    MM
2026 08 30 03 40 180  6.0  8.0   0.3    MM    MM 158     MM  22.9  23.3  19.1   MM   MM    MM
2026 08 30 03 30 180  6.0  8.0   0.2    MM    MM 141     MM  23.0  23.3  19.1   MM   MM    MM
2026 08 30 03 20 170  5.0  7.0   0.2    MM    MM 157     MM  23.1  23.3  19.2   MM   MM    MM
2026 08 30 03 10 170  5.0  7.0   0.2    MM    MM 148     MM  23.1  23.3  19.3   MM   MM    MM
2026 08 30 03 00 170  5.0  6.0   0.2    MM    MM 137     MM  23.1  23.4  19.2   MM   MM    MM
2026 08 30 02 50 170  5.0  6.0   0.2    MM    MM 133     MM  23.1  23.4  19.2   MM   MM    MM
2026 08 30 02 40 180  5.0  6.0   0.2    MM    MM 134     MM  23.2  23.4  19.0   MM   MM    MM
2026 08 30 02 30 180  5.0  6.0   0.2    MM    MM 122     MM  23.2  23.4  19.2   MM   MM    MM
2026 08 30 02 20 180  4.0  6.0   0.2    MM    MM 120     MM  23.3  23.4  19.3   MM   MM    MM
2026 08 30 02 10 170  4.0  6.0   0.2    MM    MM 125     MM  23.4  23.4  19.3   MM   MM    MM
2026 08 30 02 00 170  4.0  5.0   0.2    MM    MM 123     MM  23.5  23.4  19.2   MM   MM    MM
2026 08 30 01 50 170  5.0  6.0   0.2    MM    MM 124     MM  23.6  23.4  19.3   MM   MM    MM
2026 08 30 01 40 160  5.0  6.0   0.2    MM    MM 130     MM  23.7  23.4  19.4   MM   MM    MM
2026 08 30 01 30 160  5.0  6.0   0.2    MM    MM 124     MM  23.7  23.4  19.4   MM   MM    MM
2026 08 30 01 20 150  5.0  6.0   0.2    MM    MM 130     MM  23.8  23.4  19.6   MM   MM    MM
2026 08 30 01 10 150  4.0  6.0   0.2    MM    MM 135     MM  23.9  23.4  19.6   MM   MM    MM
2026 08 30 01 00 140  4.0  5.0   0.2    MM    MM 126     MM  24.0  23.4  19.6   MM   MM    MM
2026 08 30 00 50 150  4.0  6.0   0.2    MM    MM 122     MM  24.0  23.4  19.6   MM   MM    MM
2026 08 30 00 40 150  4.0  5.0   0.2    MM    MM 238     MM  24.0  23.4  19.7   MM   MM    MM
2026 08 30 00 30 150  5.0  6.0   0.1    MM    MM 222     MM  24.1  23.4  19.7   MM   MM    MM
2026 08 30 00 20 140  4.0  6.0   0.1    MM    MM 158     MM  24.0  23.4  20.0   MM   MM    MM
2026 08 30 00 10 140  4.0  5.0   0.1    MM    MM 154     MM  24.0  23.4  20.1   MM   MM    MM
2026 08 30 00 00 130  3.0  4.0   0.2    MM    MM 122     MM  23.9  23.4  20.3   MM   MM    MM
2026 08 29 23 50 140  2.0  3.0   0.2    MM    MM 130     MM  24.1  23.5  20.6   MM   MM    MM
2026 08 29 23 40 190  1.0  1.0   0.2    MM    MM 151     MM  24.1  23.5  20.4   MM   MM    MM
2026 08 29 23 30 180  2.0  2.0   0.2    MM    MM 150     MM  24.2  23.5  20.3   MM   MM    MM
2026 08 29 23 10 180  2.0  3.0   0.2    MM    MM 152     MM  24.4  23.5  20.2   MM   MM    MM
2026 08 29 23 00 170  3.0  4.0   0.2    MM    MM 125     MM  24.4  23.5  20.2   MM   MM    MM
2026 08 29 22 50 180  3.0  5.0   0.2    MM    MM 120     MM  24.6  23.5  20.1   MM   MM    MM
2026 08 29 22 40 170  4.0  5.0   0.2    MM    MM 126     MM  24.7  23.5  19.8   MM   MM    MM
2026 08 29 22 30 170  4.0  5.0   0.2    MM    MM 309     MM  24.7  23.5  20.0   MM   MM    MM
2026 08 29 22 20 160  3.0  5.0   0.2    MM    MM 130     MM  24.7  23.5  19.9   MM   MM    MM
2026 08 29 22 10 160  4.0  5.0   0.2    MM    MM 135     MM  24.8  23.5  19.7   MM   MM    MM
2026 08 29 22 00 160  4.0  6.0   0.2    MM    MM 123     MM  24.8  23.5  19.7   MM   MM    MM
2026 08 29 21 50 150  4.0  6.0   0.2    MM    MM 119     MM  24.8  23.5  19.8   MM   MM    MM
2026 08 29 21 40 150  4.0  5.0   0.2    MM    MM 127     MM  24.7  23.5  20.1   MM   MM    MM
2026 08 29 21 30 150  4.0  5.0   0.2    MM    MM 122     MM  24.6  23.5  20.2   MM   MM    MM
2026 08 29 21 20 150  4.0  5.0   0.1    MM    MM 162     MM  24.5  23.5  20.4   MM   MM    MM
2026 08 29 21 10 160  4.0  5.0   0.2    MM    MM 169     MM  24.5  23.5  20.4   MM   MM    MM
2026 08 29 21 00 150  3.0  4.0   0.2    MM    MM 177     MM  24.5  23.5  20.3   MM   MM    MM
2026 08 29 20 50 150  3.0  4.0   0.2    MM    MM 198     MM  24.4  23.5  20.3   MM   MM    MM
2026 08 29 20 40 150  2.0  3.0   0.2    MM    MM 181     MM  24.4  23.6  20.5   MM   MM    MM
2026 08 29 20 30 160  2.0  3.0   0.2    MM    MM 215     MM  24.4  23.6  20.5   MM   MM    MM
2026 08 29 20 20 160  2.0  3.0   0.2    MM    MM 209     MM  24.4  23.6  20.5   MM   MM    MM
2026 08 29 20 10 180  3.0  3.0   0.2    MM    MM 197     MM  24.5  23.6  20.1   MM   MM    MM
2026 08 29 20 00 180  2.0  3.0   0.2    MM    MM 218     MM  24.5  23.6  20.1   MM   MM    MM
2026 08 29 19 50 170  2.0  4.0   0.2    MM    MM 160     MM  24.4  23.6  20.3   MM   MM    MM
2026 08 29 19 40 170  3.0  4.0   0.2    MM    MM 212     MM  24.5  23.6  20.0   MM   MM    MM
2026 08 29 19 30 180  3.0  3.0   0.2    MM    MM 186     MM  24.5  23.6  19.8   MM   MM    MM
2026 08 29 19 20 180  3.0  3.0   0.2    MM    MM 184     MM  24.5  23.6  19.7   MM   MM    MM
2026 08 29 19 10 180  2.0  3.0   0.2    MM    MM 194     MM  24.5  23.5  19.7   MM   MM    MM
2026 08 29 19 00 190  2.0  3.0   0.2    MM    MM 208     MM  24.5  23.5  19.9   MM   MM    MM
2026 08 29 18 50 180  3.0  5.0   0.2    MM    MM 204     MM  24.5  23.5  19.4   MM   MM    MM
2026 08 29 18 40 190  3.0  4.0   0.2    MM    MM 204     MM  24.5  23.4  19.3   MM   MM    MM
2026 08 29 18 30 190  4.0  5.0   0.2    MM    MM 219     MM  24.5  23.4  19.2   MM   MM    MM
2026 08 29 18 20 190  3.0  5.0   0.2    MM    MM 231     MM  24.5  23.4  19.4   MM   MM    MM
2026 08 29 18 10 190  3.0  5.0   0.2    MM    MM 215     MM  24.5  23.4  19.0   MM   MM    MM
2026 08 29 18 00 180  3.0  4.0   0.2    MM    MM 206     MM  24.4  23.4  19.3   MM   MM    MM
2026 08 29 17 50 190  2.0  3.0   0.2    MM    MM 235     MM  24.2  23.4  19.3   MM   MM    MM
2026 08 29 17 40 190  2.0  3.0   0.2    MM    MM 218     MM  24.2  23.4  19.3   MM   MM    MM
2026 08 29 17 30 200  2.0  4.0   0.2    MM    MM 226     MM  24.1  23.4  18.8   MM   MM    MM
2026 08 29 17 20 210  3.0  4.0   0.3     2    MM 208     MM  23.9  23.4  18.5   MM   MM    MM
2026 08 29 17 10 200  3.0  4.0   0.3     3    MM 223     MM  23.8  23.3  18.6   MM   MM    MM
2026 08 29 17 00 210  3.0  4.0   0.3     3    MM 250     MM  23.7  23.3  18.2   MM   MM    MM
2026 08 29 16 50 210  3.0  4.0   0.2    MM    MM 241     MM  23.5  23.3  18.1   MM   MM    MM
2026 08 29 16 20 220  4.0  5.0   0.3     2    MM 240     MM  23.3  23.2  18.1   MM   MM    MM
2026 08 29 16 10 210  4.0  5.0   0.3     3    MM 262     MM  23.3  23.3  18.0   MM   MM    MM
2026 08 29 16 00 210  4.0  5.0   0.3     2    MM 236     MM  23.1  23.2  17.9   MM   MM    MM
2026 08 29 15 50 220  4.0  5.0   0.3     2    MM 228     MM  23.0  23.2  18.0   MM   MM    MM
2026 08 29 15 40 220  4.0  5.0   0.3     2    MM 224     MM  22.9  23.2  17.6   MM   MM    MM
2026 08 29 15 30 220  4.0  6.0   0.3     3    MM 221     MM  22.9  23.2  17.7   MM   MM    MM
2026 08 29 15 20 220  4.0  6.0   0.3     2    MM 222     MM  22.9  23.2  17.5   MM   MM    MM
2026 08 29 15 10 210  4.0  6.0   0.3     3    MM 219     MM  22.9  23.2  17.5   MM   MM    MM
2026 08 29 15 00 210  5.0  6.0   0.3     2    MM 218     MM  22.9  23.2  17.6   MM   MM    MM
2026 08 29 14 50 210  5.0  6.0   0.3     2    MM 223     MM  22.9  23.2  17.6   MM   MM    MM
2026 08 29 14 40 200  4.0  6.0   0.3     2    MM 207     MM  22.7  23.2  17.8   MM   MM    MM
2026 08 29 14 30 200  4.0  6.0   0.3     3    MM 215     MM  22.6  23.2  17.8   MM   MM    MM
2026 08 29 14 20 200  5.0  6.0   0.3     2    MM 208     MM  22.4  23.2  17.6   MM   MM    MM
2026 08 29 14 10 200  5.0  6.0   0.3     2    MM 200     MM  22.2  23.2  17.6   MM   MM    MM
2026 08 29 14 00 200  5.0  6.0   0.3     3    MM 205     MM  22.0  23.2  17.4   MM   MM    MM
2026 08 29 13 50 200  5.0  7.0   0.3     2    MM 197     MM  21.9  23.2  17.3   MM   MM    MM
2026 08 29 13 40 210  5.0  7.0   0.3     2    MM 180     MM  21.8  23.2  17.1   MM   MM    MM
2026 08 29 13 30 200  5.0  7.0   0.3     2    MM 185     MM  21.6  23.2  17.1   MM   MM    MM
2026 08 29 13 20 200  5.0  7.0   0.3     2    MM 169     MM  21.3  23.2  17.0   MM   MM    MM
2026 08 29 13 10 200  5.0  7.0   0.3     2    MM 178     MM  21.1  23.2  16.9   MM   MM    MM
2026 08 29 13 00 190  5.0  7.0   0.4     2    MM 182     MM  20.8  23.3  16.7   MM   MM    MM
2026 08 29 12 50 190  6.0  7.0   0.3     2    MM 163     MM  20.7  23.3  16.8   MM   MM    MM
2026 08 29 12 40 190  6.0  7.0   0.4     2    MM 155     MM  20.5  23.3  16.7   MM   MM    MM
2026 08 29 12 30 180  6.0  8.0   0.4     2    MM 163     MM  20.2  23.3  16.6   MM   MM    MM
2026 08 29 12 20 180  6.0  8.0   0.3     2    MM 159     MM  20.2  23.3  16.6   MM   MM    MM
2026 08 29 12 10 180  6.0  8.0   0.3     2    MM 154     MM  20.1  23.3  16.6   MM   MM    MM
2026 08 29 12 00 180  6.0  8.0   0.3    MM    MM 158     MM  20.0  23.3  16.7   MM   MM    MM
2026 08 29 11 50 180  6.0  7.0   0.3     2    MM 168     MM  19.9  23.3  16.5   MM   MM    MM
2026 08 29 11 40 180  5.0  7.0   0.3     2    MM 153     MM  20.0  23.3  16.6   MM   MM    MM
2026 08 29 11 30 180  5.0  7.0   0.3     2    MM 227     MM  20.0  23.3  16.5   MM   MM    MM
2026 08 29 11 20 180  4.0  6.0   0.3    MM    MM 192     MM  20.0  23.3  16.6   MM   MM    MM
2026 08 29 11 10 180  4.0  6.0   0.3    MM    MM 174     MM  20.1  23.3  16.5   MM   MM    MM
2026 08 29 11 00 180  4.0  5.0   0.3     2    MM 189     MM  20.1  23.3  16.6   MM   MM    MM
2026 08 29 10 50 180  4.0  5.0   0.3    MM    MM 193     MM  20.2  23.3  16.6   MM   MM    MM
2026 08 29 10 40 190  3.0  5.0   0.3    MM    MM 193     MM  20.2  23.3  16.4   MM   MM    MM
2026 08 29 10 30 200  4.0  5.0   0.3     2    MM 185     MM  20.2  23.3  16.6   MM   MM    MM
2026 08 29 10 20 190  4.0  5.0   0.3     2    MM 179     MM  20.3  23.3  16.8   MM   MM    MM
2026 08 29 10 10 190  4.0  6.0   0.3     2    MM 174     MM  20.5  23.3  17.0   MM   MM    MM
2026 08 29 10 00 180  5.0  7.0   0.3     2    MM 165     MM  20.6  23.3  17.1   MM   MM    MM
2026 08 29 09 50 180  6.0  8.0   0.3     2    MM 163     MM  20.6  23.3  17.0   MM   MM    MM
2026 08 29 09 40 180  6.0  7.0   0.3     2    MM 165     MM  20.9  23.3  17.4   MM   MM    MM
2026 08 29 09 30 180  6.0  7.0   0.3     2    MM 164     MM  20.8  23.3  17.2   MM   MM    MM
2026 08 29 09 20 180  6.0  7.0   0.3    MM    MM 163     MM  21.0  23.3  17.4   MM   MM    MM
2026 08 29 09 10 180  6.0  8.0   0.3     2    MM 162     MM  21.1  23.4  17.5   MM   MM    MM
2026 08 29 09 00 180  6.0  8.0   0.3     2    MM 161     MM  21.2  23.4  17.3   MM   MM    MM
2026 08 29 08 50 180  6.0  9.0   0.3     2    MM 180     MM  21.4  23.4  17.5   MM   MM    MM
2026 08 29 08 40 180  7.0  8.0   0.3     2    MM 171     MM  21.4  23.4  17.4   MM   MM    MM
2026 08 29 08 30 180  6.0  8.0   0.3    MM    MM 167     MM  21.6  23.4  17.5   MM   MM    MM
2026 08 29 08 20 180  6.0  7.0   0.3    MM    MM 167     MM  21.6  23.4  17.4   MM   MM    MM
2026 08 29 08 10 180  6.0  8.0   0.3    MM    MM 166     MM  21.7  23.4  17.4   MM   MM    MM
2026 08 29 08 00 180  6.0  8.0   0.3    MM    MM 166     MM  21.8  23.4  17.3   MM   MM    MM
2026 08 29 07 50 180  6.0  8.0   0.3    MM    MM 175     MM  21.7  23.4  17.3   MM   MM    MM
2026 08 29 07 40 180  6.0  7.0   0.3    MM    MM 160     MM  21.7  23.4  17.3   MM   MM    MM
2026 08 29 07 30 180  6.0  8.0   0.3    MM    MM 157     MM  21.9  23.4  17.5   MM   MM    MM
2026 08 29 07 20 180  6.0  7.0   0.3     2    MM 196     MM  22.0  23.4  17.6   MM   MM    MM
2026 08 29 07 10 180  6.0  7.0   0.3     2    MM 186     MM  22.2  23.4  17.7   MM   MM    MM
2026 08 29 07 00 180  6.0  8.0   0.3     2    MM 183     MM  22.2  23.4  17.7   MM   MM    MM
2026 08 29 06 50 180  6.0  7.0   0.3     2    MM 190     MM  22.4  23.4  17.9   MM   MM    MM
2026 08 29 06 40 180  6.0  8.0   0.3     2    MM 184     MM  22.5  23.4  18.0   MM   MM    MM
2026 08 29 06 30 190  6.0  7.0   0.3    MM    MM 179     MM  22.6  23.5  18.0   MM   MM    MM
2026 08 29 06 20 190  6.0  8.0   0.3    MM    MM 160     MM  22.7  23.5  18.1   MM   MM    MM
2026 08 29 06 10 190  6.0  8.0   0.3     2    MM 167     MM  22.7  23.5  18.1   MM   MM    MM
2026 08 29 06 00 190  6.0  8.0   0.3     2    MM 171     MM  22.5  23.5  18.0   MM   MM    MM
2026 08 29 05 50 190  6.0  8.0   0.3    MM    MM 171     MM  22.4  23.5  18.3   MM   MM    MM
2026 08 29 05 40 190  6.0  8.0   0.3    MM    MM 164     MM  22.3  23.5  18.3   MM   MM    MM
2026 08 29 05 30 180  6.0  8.0   0.3    MM    MM 170     MM  22.2  23.6  18.2   MM   MM    MM
2026 08 29 05 20 180  6.0  8.0   0.3    MM    MM 170     MM  22.0  23.6  18.2   MM   MM    MM
2026 08 29 05 10 180  6.0  7.0   0.3    MM    MM 163     MM  22.1  23.6  18.0   MM   MM    MM
2026 08 29 05 00 180  6.0  7.0   0.3    MM    MM 174     MM  22.3  23.6  18.0   MM   MM    MM
2026 08 29 04 50 180  6.0  8.0   0.2    MM    MM 168     MM  22.3  23.6  18.0   MM   MM    MM
2026 08 29 04 40 180  6.0  7.0   0.2    MM    MM 168     MM  22.4  23.6  18.2   MM   MM    MM
2026 08 29 04 30 180  6.0  7.0   0.2    MM    MM 171     MM  22.4  23.6  18.0   MM   MM    MM
2026 08 29 04 20 180  6.0  7.0   0.3    MM    MM 168     MM  22.5  23.6  18.2   MM   MM    MM
2026 08 29 04 10 170  5.0  7.0   0.2    MM    MM 154     MM  22.5  23.6  18.3   MM   MM    MM
2026 08 29 04 00 180  6.0  7.0   0.3    MM    MM 166     MM  22.6  23.6  18.4   MM   MM    MM
2026 08 29 03 50 180  5.0  7.0   0.2    MM    MM 147     MM  22.6  23.6  18.2   MM   MM    MM
2026 08 29 03 40 180  5.0  7.0   0.2    MM    MM 154     MM  22.8  23.6  18.4   MM   MM    MM
2026 08 29 03 30 170  5.0  6.0   0.3    MM    MM 148     MM  22.9  23.7  18.8   MM   MM    MM
2026 08 29 03 20 180  5.0  7.0   0.2    MM    MM 133     MM  23.0  23.7  18.7   MM   MM    MM
2026 08 29 03 10 180  5.0  6.0   0.2    MM    MM 143     MM  23.1  23.7  18.5   MM   MM    MM
2026 08 29 03 00 180  4.0  5.0   0.2    MM    MM 143     MM  23.1  23.7  18.7   MM   MM    MM
2026 08 29 02 50 170  4.0  6.0   0.2    MM    MM 136     MM  23.2  23.7  18.6   MM   MM    MM
2026 08 29 02 40 160  4.0  5.0   0.2    MM    MM 138     MM  23.3  23.7  18.7   MM   MM    MM
2026 08 29 02 30 160  4.0  5.0   0.2    MM    MM 128     MM  23.3  23.7  18.8   MM   MM    MM
2026 08 29 02 20 160  4.0  5.0   0.2    MM    MM 127     MM  23.4  23.7  18.8   MM   MM    MM
2026 08 29 02 10 170  4.0  5.0   0.2    MM    MM 139     MM  23.6  23.7  19.2   MM   MM    MM
2026 08 29 02 00 160  4.0  5.0   0.2    MM    MM 132     MM  23.7  23.7  19.3   MM   MM    MM
2026 08 29 01 50 150  4.0  5.0   0.2    MM    MM 108     MM  23.8  23.7  19.1   MM   MM    MM
2026 08 29 01 40 150  4.0  5.0   0.1    MM    MM  70     MM  23.9  23.7  19.4   MM   MM    MM
2026 08 29 01 30 140  3.0  5.0   0.2    MM    MM  64     MM  24.0  23.7  19.5   MM   MM    MM
2026 08 29 01 20 150  3.0  4.0   0.2    MM    MM  69     MM  24.1  23.7  19.5   MM   MM    MM
2026 08 29 01 10 140  2.0  3.0   0.2    MM    MM  69     MM  24.2  23.7  19.6   MM   MM    MM
2026 08 29 01 00 130  2.0  3.0   0.2    MM    MM  67     MM  24.3  23.8  19.9   MM   MM    MM
2026 08 29 00 50 130  2.0  3.0   0.2    MM    MM  66     MM  24.3  23.8  20.3   MM   MM    MM
2026 08 29 00 40 110  2.0  2.0   0.2    MM    MM  73     MM  24.3  23.8  20.4   MM   MM    MM
2026 08 29 00 30 100  2.0  3.0   0.2    MM    MM  84     MM  24.3  23.9  20.5   MM   MM    MM
2026 08 29 00 20  90  2.0  3.0   0.2    MM    MM  80     MM  24.3  23.9  20.5   MM   MM    MM
2026 08 29 00 10  80  3.0  4.0   0.2    MM    MM  90     MM  24.1  24.0  20.8   MM   MM    MM
2026 08 29 00 00  70  3.0  4.0   0.2    MM    MM  83     MM  24.0  24.0  20.6   MM   MM    MM
2026 08 28 23 50  70  3.0  4.0   0.2    MM    MM  79     MM  24.0  24.1  20.5   MM   MM    MM
2026 08 28 23 40  70  4.0  5.0   0.2    MM    MM  82     MM  24.0  24.1  20.4   MM   MM    MM
2026 08 28 23 30  70  3.0  4.0   0.2    MM    MM  94     MM  24.0  24.1  20.2   MM   MM    MM
2026 08 28 23 20  60  4.0  5.0   0.2    MM    MM  92     MM  24.0  24.1  20.1   MM   MM    MM
2026 08 28 23 10  60  4.0  4.0   0.2    MM    MM  77     MM  24.0  24.1  20.0   MM   MM    MM
2026 08 28 23 00  60  4.0  5.0   0.2    MM    MM  88     MM  24.0  24.1  19.7   MM   MM    MM
2026 08 28 22 50  60  4.0  5.0   0.2    MM    MM  92     MM  24.1  24.1  19.4   MM   MM    MM
2026 08 28 22 40  60  4.0  5.0   0.2    MM    MM  86     MM  24.2  24.1  19.2   MM   MM    MM
2026 08 28 22 30  60  4.0  5.0   0.2    MM    MM  82     MM  24.1  24.2  19.0   MM   MM    MM
2026 08 28 22 20  60  4.0  5.0   0.2    MM    MM  85     MM  24.1  24.2  19.3   MM   MM    MM
2026 08 28 22 10  60  4.0  5.0   0.2    MM    MM  87     MM  24.1  24.2  19.2   MM   MM    MM
2026 08 28 22 00  70  4.0  5.0   0.2    MM    MM  69     MM  24.1  24.2  19.0   MM   MM    MM
2026 08 28 21 50  70  4.0  5.0   0.2    MM    MM  73     MM  24.1  24.3  19.1   MM   MM    MM
2026 08 28 21 40  60  4.0  5.0   0.2    MM    MM  56     MM  24.1  24.3  18.8   MM   MM    MM
2026 08 28 21 30  60  3.0  4.0   0.2    MM    MM  96     MM  24.2  24.3  18.6   MM   MM    MM
2026 08 28 21 20  60  3.0  4.0   0.2    MM    MM 354     MM  24.1  24.3  18.5   MM   MM    MM
2026 08 28 21 10  60  3.0  4.0   0.2    MM    MM  72     MM  24.0  24.3  18.6   MM   MM    MM
2026 08 28 21 00  60  3.0  4.0   0.2    MM    MM 324     MM  23.9  24.3  18.3   MM   MM    MM
2026 08 28 20 50  50  3.0  4.0   0.2    MM    MM   3     MM  24.0  24.4  18.0   MM   MM    MM
2026 08 28 20 40  40  3.0  4.0   0.2    MM    MM 350     MM  23.9  24.4  18.0   MM   MM    MM
2026 08 28 20 30  40  3.0  4.0   0.2    MM    MM 184     MM  23.8  24.3  17.8   MM   MM    MM
2026 08 28 20 20  40  3.0  4.0   0.2    MM    MM 347     MM  23.8  24.3  18.1   MM   MM    MM
2026 08 28 20 10  30  3.0  4.0   0.2    MM    MM 359     MM  23.8  24.2  17.9   MM   MM    MM
2026 08 28 20 00  20  3.0  4.0   0.1    MM    MM  14     MM  23.7  24.3  18.0   MM   MM    MM
2026 08 28 19 50  10  3.0  4.0   0.2    MM    MM 359     MM  23.6  24.2  17.9   MM   MM    MM
2026 08 28 19 40  10  3.0  4.0   0.2    MM    MM 351     MM  23.6  24.1  18.0   MM   MM    MM
2026 08 28 19 30 360  3.0  4.0   0.1    MM    MM 344     MM  23.5  24.2  17.9   MM   MM    MM
2026 08 28 19 20 360  3.0  3.0   0.2    MM    MM 357     MM  23.5  24.1  17.8   MM   MM    MM
2026 08 28 19 10 360  3.0  4.0   0.2    MM    MM   8     MM  23.5  24.3  18.0   MM   MM    MM
2026 08 28 19 00 360  3.0  3.0   0.1    MM    MM 343     MM  23.5  24.0  17.6   MM   MM    MM
2026 08 28 18 50 340  2.0  3.0   0.2    MM    MM  21     MM  23.6  24.0  17.5   MM   MM    MM
2026 08 28 18 40 340  2.0  3.0   0.2    MM    MM 357     MM  23.6  24.0  17.3   MM   MM    MM
2026 08 28 18 30 330  2.0  2.0   0.2    MM    MM 358     MM  23.5  24.0  17.0   MM   MM    MM
2026 08 28 18 20 320  2.0  3.0   0.2    MM    MM  27     MM  23.5  24.0  17.3   MM   MM    MM
2026 08 28 18 10 300  2.0  3.0   0.2    MM    MM  27     MM  23.3  24.0  17.2   MM   MM    MM
2026 08 28 18 00 300  2.0  3.0   0.2    MM    MM  11     MM  23.3  23.9  17.3   MM   MM    MM
2026 08 28 17 50 300  2.0  3.0   0.2    MM    MM  18     MM  23.2  23.9  16.9   MM   MM    MM
2026 08 28 17 40 300  2.0  3.0   0.2    MM    MM  43     MM  23.2  23.9  16.9   MM   MM    MM
2026 08 28 17 30 280  2.0  3.0   0.2    MM    MM  39     MM  23.1  23.7  17.1   MM   MM    MM
2026 08 28 17 20 280  2.0  3.0   0.2    MM    MM  12     MM  23.1  23.7  17.2   MM   MM    MM
2026 08 28 17 10 280  2.0  3.0   0.2    MM    MM 354     MM  23.0  23.7  17.1   MM   MM    MM
2026 08 28 17 00 270  2.0  3.0   0.2    MM    MM  22     MM  23.0  23.6  17.1   MM   MM    MM
2026 08 28 16 50 270  2.0  3.0   0.2    MM    MM  58     MM  22.9  23.6  17.1   MM   MM    MM
2026 08 28 16 40 250  2.0  3.0   0.2    MM    MM  12     MM  22.9  23.5  16.7   MM   MM    MM
2026 08 28 16 30 240  2.0  2.0   0.3     4    MM  14     MM  22.9  23.5  16.8   MM   MM    MM
2026 08 28 16 20 230  2.0  3.0   0.2    MM    MM   4     MM  22.8  23.5  16.9   MM   MM    MM
2026 08 28 16 10 230  2.0  4.0   0.3     4    MM 329     MM  22.7  23.5  16.9   MM   MM    MM
2026 08 28 16 00 230  3.0  4.0   0.3     4    MM 343     MM  22.7  23.5  16.6   MM   MM    MM
2026 08 28 15 50 230  3.0  4.0   0.2    MM    MM 338     MM  22.5  23.4  16.7   MM   MM    MM
2026 08 28 15 40 230  3.0  4.0   0.3     5    MM 306     MM  22.5  23.4  16.8   MM   MM    MM
2026 08 28 15 30 220  3.0  4.0   0.3     4    MM 312     MM  22.3  23.3  16.6   MM   MM    MM
2026 08 28 15 20 210  3.0  4.0   0.3     4    MM 333     MM  22.3  23.3  16.8   MM   MM    MM
2026 08 28 15 10 200  3.0  4.0   0.3     5    MM 324     MM  22.2  23.3  16.7   MM   MM    MM
2026 08 28 15 00 190  3.0  5.0   0.3     4    MM 324     MM  22.1  23.3  16.5   MM   MM    MM
2026 08 28 14 50 190  3.0  5.0   0.3     4    MM 333     MM  21.9  23.3  16.6   MM   MM    MM
2026 08 28 14 40 170  3.0  5.0   0.3     4    MM 331     MM  21.9  23.2  16.5   MM   MM    MM
2026 08 28 14 30 160  4.0  5.0   0.3     4    MM 323     MM  21.9  23.2  16.4   MM   MM    MM
2026 08 28 14 20 160  4.0  5.0   0.3     4    MM 324     MM  21.9  23.2  16.3   MM   MM    MM
2026 08 28 14 10 160  4.0  6.0   0.3     4    MM 338     MM  21.6  23.2  16.3   MM   MM    MM
2026 08 28 14 00 150  4.0  6.0   0.4     4    MM 337     MM  21.4  23.2  16.0   MM   MM    MM
2026 08 28 13 50 150  4.0  6.0   0.4     4    MM 319     MM  21.1  23.2  16.2   MM   MM    MM
2026 08 28 13 40 150  4.0  5.0   0.4     4    MM 323     MM  21.0  23.2  16.1   MM   MM    MM
2026 08 28 13 30 150  5.0  6.0   0.4     5    MM 339     MM  20.8  23.2  15.8   MM   MM    MM
2026 08 28 13 20 150  5.0  6.0   0.4     5    MM 343     MM  20.7  23.2  15.7   MM   MM    MM
2026 08 28 13 10 140  5.0  6.0   0.4     4    MM 339     MM  20.4  23.2  15.6   MM   MM    MM
2026 08 28 13 00 140  5.0  6.0   0.4     4    MM 339     MM  20.3  23.2  15.5   MM   MM    MM
2026 08 28 12 50 140  5.0  7.0   0.4     5    MM 342     MM  20.2  23.2  15.6   MM   MM    MM
2026 08 28 12 40 140  5.0  6.0   0.4     4    MM 337     MM  20.1  23.2  15.4   MM   MM    MM
2026 08 28 12 30 140  5.0  7.0   0.4     4    MM 336     MM  20.0  23.2  15.5   MM   MM    MM
2026 08 28 12 20 130  4.0  5.0   0.4     5    MM 346     MM  20.0  23.2  15.5   MM   MM    MM
2026 08 28 12 10 150  3.0  5.0   0.4     4    MM 342     MM  19.8  23.2  15.1   MM   MM    MM
2026 08 28 12 00 140  3.0  5.0   0.4     4    MM 337     MM  19.8  23.2  15.2   MM   MM    MM
2026 08 28 11 50 140  4.0  5.0   0.4     4    MM 342     MM  19.7  23.2  15.1   MM   MM    MM
2026 08 28 11 40 130  3.0  5.0   0.4     4    MM 342     MM  19.7  23.2  15.3   MM   MM    MM
2026 08 28 11 30 140  3.0  5.0   0.4     4    MM 342     MM  19.8  23.2  15.3   MM   MM    MM
2026 08 28 11 20 140  4.0  5.0   0.4     5    MM 340     MM  19.8  23.2  15.3   MM   MM    MM
2026 08 28 11 10 140  3.0  5.0   0.4     4    MM 341     MM  19.8  23.2  15.3   MM   MM    MM
2026 08 28 11 00 140  3.0  5.0   0.4     4    MM 343     MM  19.9  23.2  15.4   MM   MM    MM
2026 08 28 10 50 130  4.0  6.0   0.4     4    MM 346     MM  20.0  23.2  15.4   MM   MM    MM
2026 08 28 10 40 130  3.0  4.0   0.4     4    MM 338     MM  19.8  23.2  15.2   MM   MM    MM
2026 08 28 10 30 130  3.0  4.0   0.4     4    MM 347     MM  19.8  23.3  15.3   MM   MM    MM
2026 08 28 10 20 150  3.0  4.0   0.4     4    MM 342     MM  19.9  23.2  15.6   MM   MM    MM
2026 08 28 10 10 140  3.0  5.0   0.4     4    MM 346     MM  19.8  23.3  16.0   MM   MM    MM
2026 08 28 10 00 140  4.0  6.0   0.4     4    MM 342     MM  19.9  23.3  15.9   MM   MM    MM
2026 08 28 09 50 130  4.0  5.0   0.4     4    MM 343     MM  20.2  23.3  15.9   MM   MM    MM
2026 08 28 09 40 110  4.0  5.0   0.4     4    MM 350     MM  20.3  23.3  15.8   MM   MM    MM
2026 08 28 09 30 110  4.0  5.0   0.4     4    MM 354     MM  20.4  23.3  15.7   MM   MM    MM
2026 08 28 09 20 100  4.0  6.0   0.4     4    MM 355     MM  20.8  23.3  15.6   MM   MM    MM
2026 08 28 09 10  90  4.0  6.0   0.4     4    MM 349     MM  21.2  23.3  15.8   MM   MM    MM
2026 08 28 09 00  80  4.0  6.0   0.4     4    MM 360     MM  21.3  23.3  16.0   MM   MM    MM
2026 08 28 08 50  70  4.0  6.0   0.4     4    MM 356     MM  21.5  23.3  16.3   MM   MM    MM
2026 08 28 08 40  70  4.0  5.0   0.4     4    MM 356     MM  21.6  23.3  16.1   MM   MM    MM
2026 08 28 08 30  70  4.0  5.0   0.4     4    MM 357     MM  21.6  23.3  16.3   MM   MM    MM
2026 08 28 08 20  70  3.0  5.0   0.4     4    MM 353     MM  21.4  23.3  17.4   MM   MM    MM
2026 08 28 08 10  80  2.0  3.0   0.4     4    MM   2     MM  21.1  23.3  17.9   MM   MM    MM
2026 08 28 08 00  90  2.0  3.0   0.4     4    MM 354     MM  21.1  23.3  17.7   MM   MM    MM
2026 08 28 07 50 100  2.0  3.0   0.4     5    MM 341     MM  21.0  23.3  17.7   MM   MM    MM
2026 08 28 07 40 120  2.0  3.0   0.4     4    MM 350     MM  20.9  23.3  18.0   MM   MM    MM
2026 08 28 07 30 130  2.0  3.0   0.4     4    MM 349     MM  20.7  23.3  17.8   MM   MM    MM
2026 08 28 07 20 130  2.0  3.0   0.4     4    MM   8     MM  20.7  23.3  17.8   MM   MM    MM
2026 08 28 07 10 150  2.0  3.0   0.4     4    MM 351     MM  20.7  23.3  18.1   MM   MM    MM
2026 08 28 07 00 150  2.0  4.0   0.4     5    MM 355     MM  21.0  23.3  18.5   MM   MM    MM
2026 08 28 06 50 140  1.0  3.0   0.4     5    MM  15     MM  21.5  23.3  18.4   MM   MM    MM
2026 08 28 06 40 120  1.0  2.0   0.4     5    MM  17     MM  21.6  23.3  18.3   MM   MM    MM
2026 08 28 06 30 150  1.0  1.0   0.4     5    MM   8     MM  21.5  23.3  18.3   MM   MM    MM
2026 08 28 06 20 150  1.0  1.0   0.4     4    MM   4     MM  21.4  23.3  18.3   MM   MM    MM
2026 08 28 06 10 170  1.0  2.0   0.4     4    MM   6     MM  21.4  23.3  18.2   MM   MM    MM
2026 08 28 06 00 140  1.0  2.0   0.4     5    MM  11     MM  21.3  23.3  18.2   MM   MM    MM
2026 08 28 05 50 130  1.0  2.0   0.4     4    MM   2     MM  21.3  23.3  18.1   MM   MM    MM
2026 08 28 05 40 130  1.0  3.0   0.5     5    MM 355     MM  21.2  23.3  18.1   MM   MM    MM
2026 08 28 05 30 120  2.0  3.0   0.4     5    MM 348     MM  21.3  23.3  18.1   MM   MM    MM
2026 08 28 05 20 130  2.0  3.0   0.5     5    MM 344     MM  21.2  23.3  18.1   MM   MM    MM
2026 08 28 05 10 150  2.0  3.0   0.5     3    MM   4     MM  21.3  23.3  18.2   MM   MM    MM
2026 08 28 05 00 130  2.0  3.0   0.5     5    MM 341     MM  21.4  23.3  18.4   MM   MM    MM
2026 08 28 04 50 130  2.0  3.0   0.5     5    MM 341     MM  21.4  23.4  18.5   MM   MM    MM
2026 08 28 04 40 100  2.0  3.0   0.5     5    MM 353     MM  21.8  23.3  18.6   MM   MM    MM
2026 08 28 04 30 110  2.0  3.0   0.5     5    MM 350     MM  21.8  23.4  18.6   MM   MM    MM
2026 08 28 04 20  90  3.0  5.0   0.5     4    MM   9     MM  22.2  23.4  18.4   MM   MM    MM
2026 08 28 04 10  50  4.0  6.0   0.5     5    MM   5     MM  22.4  23.4  17.8   MM   MM    MM
2026 08 28 04 00  50  4.0  6.0   0.5     5    MM   1     MM  22.5  23.4  17.8   MM   MM    MM
2026 08 28 03 50  50  4.0  6.0   0.5     5    MM 356     MM  22.4  23.4  17.8   MM   MM    MM
2026 08 28 03 40  50  4.0  6.0   0.5     5    MM 358     MM  22.4  23.4  18.0   MM   MM    MM
2026 08 28 03 30  60  4.0  6.0   0.5     5    MM   2     MM  22.4  23.4  17.9   MM   MM    MM
2026 08 28 03 20  50  5.0  6.0   0.5     5    MM   0     MM  22.4  23.4  17.8   MM   MM    MM
2026 08 28 03 10  50  4.0  6.0   0.5     5    MM   1     MM  22.4  23.4  18.1   MM   MM    MM
2026 08 28 03 00  50  5.0  6.0   0.5     5    MM   4     MM  22.4  23.4  18.1   MM   MM    MM
2026 08 28 02 50  50  5.0  7.0   0.5     4    MM   5     MM  22.5  23.4  18.3   MM   MM    MM
2026 08 28 02 40  50  5.0  6.0   0.5     5    MM   4     MM  22.5  23.4  18.3   MM   MM    MM
2026 08 28 02 30  60  5.0  6.0   0.5     5    MM   0     MM  22.5  23.4  18.4   MM   MM    MM
2026 08 28 02 20  60  5.0  6.0   0.4     4    MM 355     MM  22.6  23.4  18.2   MM   MM    MM
2026 08 28 02 10  60  5.0  6.0   0.5     5    MM 355     MM  22.6  23.4  18.1   MM   MM    MM
2026 08 28 02 00  60  4.0  6.0   0.5     5    MM 360     MM  22.5  23.4  18.3   MM   MM    MM
2026 08 28 01 50  50  4.0  6.0   0.4     5    MM   1     MM  22.6  23.5  18.1   MM   MM    MM
2026 08 28 01 40  60  4.0  6.0   0.5     4    MM 354     MM  22.5  23.5  18.3   MM   MM    MM
2026 08 28 01 30  50  4.0  6.0   0.5     5    MM 358     MM  22.6  23.5  18.1   MM   MM    MM
2026 08 28 01 20  50  5.0  6.0   0.4     5    MM   1     MM  22.6  23.5  18.0   MM   MM    MM
2026 08 28 01 10  50  4.0  5.0   0.5     5    MM   1     MM  22.6  23.5  18.1   MM   MM    MM
2026 08 28 01 00  50  4.0  5.0   0.5     5    MM 354     MM  22.6  23.5  17.9   MM   MM    MM
2026 08 28 00 50  50  4.0  5.0   0.5     5    MM 356     MM  22.5  23.5  18.0   MM   MM    MM
2026 08 28 00 40  50  4.0  5.0   0.5     5    MM   0     MM  22.6  23.6  18.0   MM   MM    MM
2026 08 28 00 30  50  4.0  5.0   0.5     5    MM 358     MM  22.6  23.6  18.1   MM   MM    MM
2026 08 28 00 20  50  3.0  5.0   0.5     5    MM 356     MM  22.6  23.6  18.0   MM   MM    MM
2026 08 28 00 10  50  3.0  4.0   0.4     5    MM 358     MM  22.6  23.6  18.4   MM   MM    MM
2026 08 28 00 00  50  3.0  5.0   0.5     5    MM 352     MM  22.6  23.7  18.4   MM   MM    MM
2026 08 27 23 50  40  4.0  5.0   0.4     5    MM 358     MM  22.8  23.7  18.1   MM   MM    MM
2026 08 27 23 40  40  4.0  5.0   0.5     5    MM 358     MM  22.9  23.7  17.6   MM   MM    MM
2026 08 27 23 30  30  3.0  5.0   0.4     4    MM 352     MM  22.9  23.7  17.5   MM   MM    MM
2026 08 27 23 20  40  3.0  5.0   0.4     4    MM 346     MM  22.9  23.7  17.8   MM   MM    MM
2026 08 27 23 10  40  3.0  4.0   0.4     4    MM 356     MM  22.9  23.8  17.9   MM   MM    MM
2026 08 27 23 00  40  3.0  4.0   0.4     4    MM 348     MM  22.8  23.8  18.5   MM   MM    MM
2026 08 27 22 50  40  3.0  4.0   0.4     5    MM 346     MM  22.8  23.8  18.1   MM   MM    MM
2026 08 27 22 40  40  3.0  4.0   0.4     5    MM 354     MM  22.7  23.8  18.5   MM   MM    MM
2026 08 27 22 30  40  3.0  4.0   0.5     4    MM 356     MM  22.6  23.8  19.0   MM   MM    MM
2026 08 27 22 00  20  3.0  5.0   0.5     5    MM 349     MM  22.7  23.9  19.2   MM   MM    MM
2026 08 27 21 50  20  3.0  4.0   0.4     4    MM 354     MM  22.8  23.9  19.0   MM   MM    MM
2026 08 27 21 40  20  3.0  4.0   0.5     5    MM 359     MM  22.8  23.9  18.7   MM   MM    MM
2026 08 27 21 30  10  3.0  4.0   0.4     4    MM 359     MM  22.8  23.9  18.9   MM   MM    MM
2026 08 27 21 20  10  3.0  4.0   0.4     5    MM   2     MM  22.8  23.9  18.8   MM   MM    MM
2026 08 27 21 10 360  3.0  5.0   0.5     4    MM 350     MM  22.8  24.0  19.0   MM   MM    MM
2026 08 27 21 00 360  4.0  5.0   0.5     4    MM 356     MM  22.7  23.9  19.1   MM   MM    MM
2026 08 27 20 50 360  3.0  5.0   0.5     5    MM 351     MM  22.7  24.0  19.1   MM   MM    MM
2026 08 27 20 40 360  3.0  5.0   0.4     4    MM 352     MM  22.7  23.9  19.0   MM   MM    MM
2026 08 27 20 30  10  3.0  4.0   0.5     5    MM 355     MM  22.7  23.9  18.9   MM   MM    MM
2026 08 27 20 20 350  3.0  5.0   0.4     5    MM 356     MM  22.7  23.9  18.8   MM   MM    MM
2026 08 27 20 10 350  3.0  4.0   0.4     5    MM 354     MM  22.7  24.0  18.9   MM   MM    MM
2026 08 27 20 00 360  2.0  4.0   0.5     5    MM   1     MM  22.7  23.9  18.9   MM   MM    MM
2026 08 27 19 50 360  3.0  4.0   0.5     4    MM 358     MM  22.7  24.0  18.9   MM   MM    MM
2026 08 27 19 40 350  3.0  4.0   0.5     5    MM   2     MM  22.7  23.9  18.8   MM   MM    MM
2026 08 27 19 30 340  2.0  4.0   0.4     4    MM   0     MM  22.8  23.9  18.6   MM   MM    MM
2026 08 27 19 20 340  2.0  3.0   0.5     5    MM 358     MM  22.7  23.9  18.7   MM   MM    MM
2026 08 27 19 10 320  2.0  3.0   0.5     5    MM 359     MM  22.7  23.9  18.7   MM   MM    MM
2026 08 27 19 00 310  2.0  5.0   0.5     5    MM   6     MM  22.6  23.9  18.7   MM   MM    MM
2026 08 27 18 50 320  3.0  4.0   0.5     4    MM 352     MM  22.6  23.8  18.7   MM   MM    MM
2026 08 27 18 40 310  3.0  4.0   0.5     4    MM   2     MM  22.6  23.8  18.7   MM   MM    MM
2026 08 27 18 30 310  3.0  4.0   0.5     4    MM 358     MM  22.6  23.7  18.6   MM   MM    MM
2026 08 27 18 20 320  3.0  4.0   0.5     4    MM 356     MM  22.6  23.7  18.4   MM   MM    MM
2026 08 27 18 10 320  3.0  4.0   0.5     5    MM  12     MM  22.5  23.7  18.4   MM   MM    MM
2026 08 27 18 00 320  3.0  4.0   0.5     4    MM   6     MM  22.5  23.6  18.6   MM   MM    MM
2026 08 27 17 50 320  3.0  4.0   0.5     4    MM 359     MM  22.5  23.6  18.4   MM   MM    MM
2026 08 27 17 40 330  3.0  4.0   0.5     5    MM  12     MM  22.5  23.6  18.5   MM   MM    MM
2026 08 27 17 30 340  3.0  4.0   0.5     4    MM   7     MM  22.6  23.6  18.4   MM   MM    MM
2026 08 27 17 20 330  3.0  4.0   0.6     5    MM  12     MM  22.5  23.6  18.6   MM   MM    MM
2026 08 27 17 10 340  3.0  5.0   0.6     4    MM  14     MM  22.5  23.5  18.8   MM   MM    MM
2026 08 27 17 00 340  3.0  5.0   0.6     4    MM  17     MM  22.5  23.4  18.9   MM   MM    MM
2026 08 27 16 50 340  4.0  5.0   0.6     5    MM  13     MM  22.5  23.4  19.0   MM   MM    MM
2026 08 27 16 40 340  4.0  5.0   0.6     4    MM  13     MM  22.5  23.4  18.9   MM   MM    MM
2026 08 27 16 30 340  4.0  6.0   0.6     5    MM  17     MM  22.4  23.4  19.0   MM   MM    MM
2026 08 27 16 20 340  4.0  5.0   0.6     5    MM  16     MM  22.4  23.3  19.2   MM   MM    MM
2026 08 27 16 10 340  4.0  5.0   0.6     5    MM  14     MM  22.4  23.4  19.1   MM   MM    MM
2026 08 27 16 00 340  4.0  6.0   0.6     4    MM   6     MM  22.4  23.3  19.1   MM   MM    MM
2026 08 27 15 50 340  4.0  5.0   0.6     4    MM   8     MM  22.5  23.3  19.1   MM   MM    MM
2026 08 27 15 40 350  4.0  6.0   0.6     4    MM  10     MM  22.5  23.3  18.9   MM   MM    MM
2026 08 27 15 30 350  4.0  5.0   0.6     4    MM   6     MM  22.5  23.3  18.8   MM   MM    MM
2026 08 27 15 20 360  4.0  5.0   0.6     4    MM  12     MM  22.4  23.3  18.9   MM   MM    MM
2026 08 27 15 10 350  4.0  6.0   0.6     4    MM   3     MM  22.4  23.2  18.9   MM   MM    MM
2026 08 27 15 00 350  5.0  7.0   0.6     4    MM  10     MM  22.4  23.2  18.9   MM   MM    MM
2026 08 27 14 50 340  5.0  7.0   0.6     4    MM  19     MM  22.4  23.2  18.8   MM   MM    MM
2026 08 27 14 40 340  5.0  7.0   0.6     3    MM   9     MM  22.4  23.2  18.8   MM   MM    MM
2026 08 27 14 30 340  5.0  7.0   0.6     4    MM  20     MM  22.3  23.2  19.2   MM   MM    MM
2026 08 27 14 20 330  5.0  7.0   0.6     4    MM  14     MM  22.3  23.2  19.2   MM   MM    MM
2026 08 27 14 10 330  5.0  7.0   0.6     4    MM  14     MM  22.3  23.2  19.4   MM   MM    MM
2026 08 27 14 00 330  5.0  7.0   0.6     4    MM  21     MM  22.3  23.2  19.5   MM   MM    MM
2026 08 27 13 50 330  5.0  7.0   0.6     4    MM  22     MM  22.4  23.1  19.4   MM   MM    MM
2026 08 27 13 40 330  6.0  7.0   0.6     4    MM  21     MM  22.4  23.1  19.3   MM   MM    MM
2026 08 27 13 30 330  6.0  8.0   0.6     4    MM  19     MM  22.4  23.1  19.3   MM   MM    MM
2026 08 27 13 20 330  6.0  7.0   0.6     4    MM  21     MM  22.5  23.1  19.5   MM   MM    MM
2026 08 27 13 10 340  5.0  7.0   0.6     4    MM  17     MM  22.7  23.1  18.8   MM   MM    MM
2026 08 27 13 00 350  5.0  6.0   0.5     4    MM  22     MM  22.7  23.1  18.8   MM   MM    MM
2026 08 27 12 50 340  4.0  6.0   0.6     4    MM  19     MM  22.6  23.1  18.7   MM   MM    MM
2026 08 27 12 40 340  4.0  6.0   0.6     4    MM  21     MM  22.6  23.1  18.9   MM   MM    MM
2026 08 27 12 30 350  4.0  6.0   0.6     4    MM  18     MM  22.6  23.1  19.0   MM   MM    MM
2026 08 27 12 20 340  4.0  6.0   0.6     4    MM  14     MM  22.6  23.1  19.1   MM   MM    MM
2026 08 27 12 10 340  4.0  6.0   0.6     4    MM  11     MM  22.5  23.1  19.0   MM   MM    MM
2026 08 27 12 00 340  4.0  6.0   0.6     4    MM  12     MM  22.5  23.1  19.0   MM   MM    MM
2026 08 27 11 50 340  5.0  6.0   0.6     4    MM   4     MM  22.5  23.1  18.9   MM   MM    MM
2026 08 27 11 40 350  5.0  7.0   0.6     4    MM   3     MM  22.5  23.1  19.0   MM   MM    MM
2026 08 27 11 30 350  5.0  6.0   0.5     4    MM   1     MM  22.5  23.1  19.0   MM   MM    MM
2026 08 27 11 20 340  5.0  6.0   0.6     4    MM  13     MM  22.5  23.1  19.2   MM   MM    MM
2026 08 27 11 10 350  5.0  7.0   0.6     4    MM 358     MM  22.4  23.1  19.0   MM   MM    MM
2026 08 27 11 00 350  5.0  7.0   0.6     4    MM   3     MM  22.4  23.1  19.1   MM   MM    MM
2026 08 27 10 50 350  5.0  7.0   0.7     4    MM   6     MM  22.5  23.1  19.1   MM   MM    MM
2026 08 27 10 40 350  6.0  8.0   0.6     4    MM 356     MM  22.6  23.1  18.9   MM   MM    MM
2026 08 27 10 30 350  6.0  8.0   0.6     4    MM 354     MM  22.6  23.1  19.1   MM   MM    MM
2026 08 27 10 20 350  6.0  7.0   0.6     4    MM   3     MM  22.6  23.1  19.0   MM   MM    MM
2026 08 27 10 10 350  6.0  7.0   0.6     4    MM 359     MM  22.6  23.1  19.0   MM   MM    MM
2026 08 27 10 00 350  6.0  7.0   0.7     4    MM 358     MM  22.7  23.1  18.9   MM   MM    MM
2026 08 27 09 50 350  6.0  8.0   0.6     4    MM 360     MM  22.8  23.1  18.7   MM   MM    MM
2026 08 27 09 40 350  6.0  8.0   0.6     4    MM   0     MM  22.8  23.2  18.9   MM   MM    MM
2026 08 27 09 30 350  6.0  7.0   0.6     4    MM 357     MM  22.8  23.2  19.2   MM   MM    MM
2026 08 27 09 20 350  6.0  8.0   0.6     3    MM   1     MM  22.9  23.2  19.3   MM   MM    MM
2026 08 27 09 10 350  6.0  8.0   0.6     4    MM   1     MM  22.9  23.2  19.2   MM   MM    MM
2026 08 27 09 00 350  6.0  8.0   0.6     3    MM 355     MM  23.0  23.2  19.2   MM   MM    MM
2026 08 27 08 50 350  6.0  8.0   0.6     3    MM 358     MM  23.0  23.2  19.2   MM   MM    MM
2026 08 27 08 40 350  6.0  8.0   0.6     3    MM 355     MM  23.1  23.2  19.3   MM   MM    MM
2026 08 27 08 30 350  6.0  8.0   0.5     3    MM 358     MM  23.1  23.2  19.2   MM   MM    MM
2026 08 27 08 20 350  6.0  8.0   0.5     3    MM 357     MM  23.2  23.3  19.2   MM   MM    MM
2026 08 27 08 10 340  7.0  9.0   0.5     3    MM 354     MM  23.2  23.3  19.4   MM   MM    MM
2026 08 27 08 00 340  6.0  8.0   0.5     3    MM 351     MM  23.2  23.3  19.5   MM   MM    MM
2026 08 27 07 50 340  6.0  8.0   0.5     3    MM 354     MM  23.3  23.3  19.7   MM   MM    MM
2026 08 27 07 40 340  7.0  9.0   0.5     3    MM 349     MM  23.4  23.3  19.6   MM   MM    MM
2026 08 27 07 30 340  6.0  8.0   0.5     3    MM 353     MM  23.5  23.3  19.5   MM   MM    MM
2026 08 27 07 20 330  6.0  8.0   0.4     3    MM 347     MM  23.5  23.4  19.5   MM   MM    MM
2026 08 27 07 10 330  6.0  8.0   0.4     3    MM 350     MM  23.5  23.4  19.8   MM   MM    MM
2026 08 27 07 00 330  6.0  8.0   0.4     3    MM 351     MM  23.5  23.4  20.0   MM   MM    MM
2026 08 27 06 50 330  5.0  7.0   0.4     3    MM 348     MM  23.6  23.4  20.1   MM   MM    MM
2026 08 27 06 40 320  5.0  7.0   0.4     3    MM 347     MM  23.6  23.4  20.2   MM   MM    MM
2026 08 27 06 30 320  5.0  7.0   0.4     3    MM 342     MM  23.7  23.5  20.1   MM   MM    MM
2026 08 27 06 20 320  4.0  6.0   0.4     3    MM 343     MM  23.7  23.5  20.1   MM   MM    MM
2026 08 27 06 10 320  4.0  6.0   0.4     2    MM 342     MM  23.7  23.5  20.2   MM   MM    MM
2026 08 27 06 00 320  4.0  5.0   0.3     2    MM 331     MM  23.8  23.5  20.3   MM   MM    MM
2026 08 27 05 50 310  4.0  6.0   0.3     3    MM 339     MM  23.8  23.5  20.2   MM   MM    MM
2026 08 27 05 40 310  5.0  6.0   0.3     2    MM 336     MM  23.9  23.5  20.2   MM   MM    MM
2026 08 27 05 30 310  5.0  6.0   0.3     2    MM 331     MM  24.0  23.5  20.2   MM   MM    MM
2026 08 27 05 20 310  4.0  6.0   0.2    MM    MM 345     MM  24.0  23.6  20.2   MM   MM    MM
2026 08 27 05 10 310  4.0  6.0   0.2    MM    MM 334     MM  24.1  23.6  20.2   MM   MM    MM
2026 08 27 05 00 300  4.0  6.0   0.2    MM    MM 334     MM  24.0  23.6  20.5   MM   MM    MM
2026 08 27 04 50 300  4.0  5.0   0.2    MM    MM 339     MM  24.0  23.6  20.5   MM   MM    MM
2026 08 27 04 40 300  4.0  5.0   0.2    MM    MM 332     MM  24.1  23.6  20.6   MM   MM    MM
2026 08 27 04 30 300  4.0  5.0   0.2    MM    MM 334     MM  24.2  23.7  20.4   MM   MM    MM
2026 08 27 04 20 300  4.0  5.0   0.2    MM    MM 302     MM  24.2  23.7  20.6   MM   MM    MM
2026 08 27 04 10 300  4.0  5.0   0.1    MM    MM 306     MM  24.2  23.7  20.6   MM   MM    MM
2026 08 27 04 00 300  3.0  4.0   0.1    MM    MM 298     MM  24.2  23.7  20.6   MM   MM    MM
2026 08 27 03 50 300  3.0  5.0   0.1    MM    MM 288     MM  24.2  23.7  20.6   MM   MM    MM
2026 08 27 03 40 290  2.0  3.0   0.1    MM    MM 290     MM  24.1  23.8  20.5   MM   MM    MM
2026 08 27 03 30 290  2.0  3.0   0.1    MM    MM 311     MM  24.1  23.8  20.5   MM   MM    MM
2026 08 27 03 20 300  2.0  3.0   0.1    MM    MM 303     MM  24.1  23.8  20.7   MM   MM    MM
2026 08 27 03 10 300  2.0  2.0   0.1    MM    MM 298     MM  24.2  23.8  20.7   MM   MM    MM
2026 08 27 03 00 300  2.0  3.0   0.1    MM    MM 295     MM  24.3  23.8  20.4   MM   MM    MM
2026 08 27 02 50 290  2.0  3.0   0.1    MM    MM 301     MM  24.4  23.8  20.3   MM   MM    MM
2026 08 27 02 40 290  2.0  3.0   0.1    MM    MM 293     MM  24.4  23.9  20.0   MM   MM    MM
2026 08 27 02 30 260  1.0  2.0   0.1    MM    MM 293     MM  23.9  23.9  21.0   MM   MM    MM
2026 08 27 02 20 240  1.0  1.0   0.1    MM    MM 295     MM  23.8  23.9  21.3   MM   MM    MM
2026 08 27 02 10 250  1.0  2.0   0.1    MM    MM 301     MM  23.9  23.9  21.4   MM   MM    MM
2026 08 27 02 00 260  1.0  1.0   0.1    MM    MM 295     MM  23.9  23.9  21.2   MM   MM    MM
2026 08 27 01 50 240  1.0  1.0   0.1    MM    MM 303     MM  23.9  24.0  21.2   MM   MM    MM
2026 08 27 01 40 230  1.0  1.0   0.1    MM    MM 302     MM  24.0  24.0  21.2   MM   MM    MM
2026 08 27 01 30 250  1.0  1.0   0.1    MM    MM 305     MM  24.0  24.0  21.2   MM   MM    MM
2026 08 27 01 20 210  1.0  1.0   0.1    MM    MM 305     MM  24.1  24.0  21.4   MM   MM    MM
2026 08 27 01 10 190  1.0  1.0   0.1    MM    MM 306     MM  24.4  24.0  21.0   MM   MM    MM
2026 08 27 01 00  MM  0.0  1.0   0.2    MM    MM 312     MM  24.4  24.0  20.3   MM   MM    MM
2026 08 27 00 50  MM  0.0  1.0   0.1    MM    MM 307     MM  24.4  24.0  20.1   MM   MM    MM
2026 08 27 00 40  MM  0.0  1.0   0.1    MM    MM 311     MM  24.3  24.0  20.7   MM   MM    MM
2026 08 27 00 30  60  1.0  1.0   0.1    MM    MM 308     MM  24.2  24.0  21.3   MM   MM    MM
2026 08 27 00 20  70  1.0  1.0   0.2    MM    MM 311     MM  24.3  24.1  21.1   MM   MM    MM
2026 08 27 00 10 130  1.0  1.0   0.2    MM    MM 311     MM  24.2  24.1  21.1   MM   MM    MM
2026 08 27 00 00 110  1.0  2.0   0.2    MM    MM 317     MM  24.1  24.1  21.2   MM   MM    MM
2026 08 26 23 50 100  1.0  2.0   0.2    MM    MM 315     MM  24.2  24.1  21.3   MM   MM    MM
2026 08 26 23 40 100  1.0  1.0   0.2    MM    MM 316     MM  24.2  24.1  21.2   MM   MM    MM
2026 08 26 23 30 130  1.0  2.0   0.2    MM    MM 316     MM  24.3  24.0  21.1   MM   MM    MM
2026 08 26 23 10 130  2.0  2.0   0.2    MM    MM 313     MM  24.3  24.0  21.3   MM   MM    MM
2026 08 26 23 00  90  2.0  2.0   0.2    MM    MM 316     MM  24.3  24.0  21.2   MM   MM    MM
2026 08 26 22 50  80  1.0  2.0   0.2    MM    MM 320     MM  24.3  24.0  21.1   MM   MM    MM
2026 08 26 22 40  80  1.0  2.0   0.2    MM    MM 320     MM  24.5  24.1  20.9   MM   MM    MM
2026 08 26 22 30  80  1.0  2.0   0.2    MM    MM 326     MM  24.7  24.1  20.8   MM   MM    MM
2026 08 26 22 20  70  1.0  2.0   0.2    MM    MM 328     MM  24.8  24.0  20.8   MM   MM    MM
2026 08 26 22 10  60  1.0  2.0   0.2    MM    MM 325     MM  25.0  24.0  20.8   MM   MM    MM
2026 08 26 22 00  40  1.0  1.0   0.2    MM    MM 328     MM  25.1  24.0  20.5   MM   MM    MM
2026 08 26 21 50  60  1.0  1.0   0.2    MM    MM 332     MM  24.9  24.0  20.8   MM   MM    MM
2026 08 26 21 40  60  1.0  2.0   0.2    MM    MM 324     MM  24.9  24.0  20.6   MM   MM    MM
2026 08 26 21 30  30  1.0  2.0   0.2    MM    MM 306     MM  24.8  24.0  20.8   MM   MM    MM
2026 08 26 21 20  30  1.0  2.0   0.2    MM    MM 343     MM  24.6  23.9  20.6   MM   MM    MM
2026 08 26 21 10  40  1.0  2.0   0.2    MM    MM 330     MM  24.5  23.9  20.4   MM   MM    MM
2026 08 26 21 00  40  1.0  2.0   0.2    MM    MM 321     MM  24.4  23.9  20.7   MM   MM    MM
2026 08 26 20 50  40  1.0  2.0   0.2    MM    MM 320     MM  24.3  23.8  20.6   MM   MM    MM
2026 08 26 20 40  10  2.0  2.0   0.2    MM    MM 299     MM  24.2  23.8  20.7   MM   MM    MM
2026 08 26 20 30  10  3.0  4.0   0.2    MM    MM 304     MM  24.0  23.8  20.7   MM   MM    MM
2026 08 26 20 20 360  3.0  4.0   0.2    MM    MM 298     MM  24.0  23.8  20.7   MM   MM    MM
2026 08 26 20 10  10  3.0  4.0   0.2    MM    MM 295     MM  23.9  23.7  20.9   MM   MM    MM
2026 08 26 20 00  10  3.0  4.0   0.2    MM    MM 300     MM  23.8  23.8  20.9   MM   MM    MM
2026 08 26 19 50 360  3.0  4.0   0.2    MM    MM 293     MM  23.8  23.8  20.8   MM   MM    MM
2026 08 26 19 40 360  2.0  3.0   0.2    MM    MM 296     MM  23.8  23.8  20.7   MM   MM    MM
2026 08 26 19 30 360  2.0  3.0   0.2    MM    MM 289     MM  23.7  23.7  20.8   MM   MM    MM
2026 08 26 19 20 350  3.0  3.0   0.3     3    MM 304     MM  23.6  23.7  20.7   MM   MM    MM
2026 08 26 19 10 340  3.0  4.0   0.3     3    MM 291     MM  23.7  23.6  20.7   MM   MM    MM
2026 08 26 19 00 340  3.0  4.0   0.3     3    MM 298     MM  23.6  23.6  20.7   MM   MM    MM
2026 08 26 18 50 330  3.0  4.0   0.3     3    MM 297     MM  23.5  23.6  20.9   MM   MM    MM
2026 08 26 18 40 320  3.0  4.0   0.3     3    MM 295     MM  23.5  23.5  20.9   MM   MM    MM
2026 08 26 18 30 310  4.0  5.0   0.3     3    MM 296     MM  23.7  23.5  20.7   MM   MM    MM
2026 08 26 18 20 300  4.0  5.0   0.3     3    MM 297     MM  23.8  23.5  20.7   MM   MM    MM
2026 08 26 18 10 290  4.0  5.0   0.3     3    MM 298     MM  23.9  23.4  20.6   MM   MM    MM
2026 08 26 18 00 290  3.0  5.0   0.4     3    MM 298     MM  23.9  23.4  20.6   MM   MM    MM
2026 08 26 17 50 280  3.0  4.0   0.4     3    MM 291     MM  24.0  23.4  20.8   MM   MM    MM
2026 08 26 17 40 280  4.0  6.0   0.4     3    MM 291     MM  24.0  23.4  20.7   MM   MM    MM
2026 08 26 17 30 280  4.0  6.0   0.4     3    MM 287     MM  23.9  23.3  20.8   MM   MM    MM
2026 08 26 17 20 270  5.0  6.0   0.3     3    MM 275     MM  23.9  23.3  20.8   MM   MM    MM
2026 08 26 17 10 270  4.0  6.0   0.4     3    MM 278     MM  23.9  23.3  20.9   MM   MM    MM
2026 08 26 17 00 260  4.0  5.0   0.4     3    MM 271     MM  24.0  23.3  20.9   MM   MM    MM
2026 08 26 16 50 260  4.0  5.0   0.4     3    MM 271     MM  24.0  23.3  20.7   MM   MM    MM
2026 08 26 16 40 260  3.0  5.0   0.4     3    MM 272     MM  23.9  23.2  20.7   MM   MM    MM
2026 08 26 16 30 260  4.0  5.0   0.4     3    MM 276     MM  23.9  23.2  20.6   MM   MM    MM
2026 08 26 16 20 240  4.0  5.0   0.4     3    MM 256     MM  24.1  23.1  20.4   MM   MM    MM
2026 08 26 16 10 220  5.0  7.0   0.4     3    MM 241     MM  24.1  23.1  20.1   MM   MM    MM
2026 08 26 16 00 210  5.0  6.0   0.4     3    MM 239     MM  24.0  23.1  20.0   MM   MM    MM
2026 08 26 15 50 220  5.0  7.0   0.4     3    MM 240     MM  23.9  23.1  19.9   MM   MM    MM
2026 08 26 15 40 210  5.0  7.0   0.4     3    MM 235     MM  23.8  23.1  19.8   MM   MM    MM
2026 08 26 15 30 210  5.0  6.0   0.4     3    MM 239     MM  23.8  23.1  19.4   MM   MM    MM
2026 08 26 15 20 220  5.0  7.0   0.4     3    MM 237     MM  23.7  23.0  19.3   MM   MM    MM
2026 08 26 15 10 210  5.0  7.0   0.4     3    MM 230     MM  23.5  23.0  19.1   MM   MM    MM
2026 08 26 15 00 210  5.0  7.0   0.4     3    MM 222     MM  23.3  23.0  18.7   MM   MM    MM
2026 08 26 14 50 210  6.0  8.0   0.4     3    MM 222     MM  23.2  23.0  18.6   MM   MM    MM
2026 08 26 14 40 210  6.0  8.0   0.5     3    MM 228     MM  23.0  23.0  18.5   MM   MM    MM
2026 08 26 14 30 210  6.0  8.0   0.5     3    MM 228     MM  22.9  23.0  18.2   MM   MM    MM
2026 08 26 14 20 210  6.0  8.0   0.4     3    MM 223     MM  22.7  23.0  18.1   MM   MM    MM
2026 08 26 14 10 210  7.0  8.0   0.5     3    MM 231     MM  22.6  23.0  18.0   MM   MM    MM
2026 08 26 14 00 210  7.0  9.0   0.5     3    MM 227     MM  22.4  23.0  17.7   MM   MM    MM
2026 08 26 13 50 220  7.0 10.0   0.4     3    MM 228     MM  22.6  23.0  17.7   MM   MM    MM
2026 08 26 13 40 220  7.0  9.0   0.4     3    MM 228     MM  22.6  23.0  17.6   MM   MM    MM
2026 08 26 13 30 200  7.0  8.0   0.4     3    MM 220     MM  22.2  23.0  17.5   MM   MM    MM
2026 08 26 13 20 200  7.0  9.0   0.4     2    MM 222     MM  21.9  23.0  17.3   MM   MM    MM
2026 08 26 13 10 200  7.0 10.0   0.4     3    MM 211     MM  21.8  23.0  17.2   MM   MM    MM
2026 08 26 13 00 200  7.0  9.0   0.4     3    MM 209     MM  21.7  23.0  17.3   MM   MM    MM
2026 08 26 12 50 200  7.0  9.0   0.4     3    MM 219     MM  21.6  23.0  17.1   MM   MM    MM
2026 08 26 12 40 200  6.0  8.0   0.4     3    MM 212     MM  21.5  23.0  17.2   MM   MM    MM
2026 08 26 12 30 200  7.0  8.0   0.4     3    MM 213     MM  21.4  23.0  17.1   MM   MM    MM
2026 08 26 12 20 200  7.0  9.0   0.4     2    MM 213     MM  21.4  23.0  17.2   MM   MM    MM
2026 08 26 12 10 200  6.0  8.0   0.4     2    MM 196     MM  21.2  23.0  17.1   MM   MM    MM
2026 08 26 12 00 200  6.0  7.0   0.4     2    MM 174     MM  20.9  23.0  17.1   MM   MM    MM
2026 08 26 11 50 200  6.0  8.0   0.3     2    MM 185     MM  20.6  23.0  16.8   MM   MM    MM
2026 08 26 11 40 190  6.0  7.0   0.3     2    MM 178     MM  20.4  23.0  16.7   MM   MM    MM
2026 08 26 11 30 190  6.0  8.0   0.3     2    MM 167     MM  20.4  23.0  16.7   MM   MM    MM
2026 08 26 11 20 190  7.0  9.0   0.4     2    MM 171     MM  20.4  23.0  16.8   MM   MM    MM
2026 08 26 11 10 190  7.0  9.0   0.4     2    MM 179     MM  20.4  23.0  16.8   MM   MM    MM
2026 08 26 11 00 190  7.0  8.0   0.3     2    MM 183     MM  20.2  23.0  16.6   MM   MM    MM
2026 08 26 10 50 180  6.0  8.0   0.3     2    MM 180     MM  20.2  23.0  16.6   MM   MM    MM
2026 08 26 10 40 190  6.0  8.0   0.4     2    MM 178     MM  20.3  23.0  16.6   MM   MM    MM
2026 08 26 10 30 190  6.0  8.0   0.3     2    MM 165     MM  20.3  23.1  16.6   MM   MM    MM
2026 08 26 10 00 180  6.0  8.0   0.3     2    MM 163     MM  20.2  23.1  16.4   MM   MM    MM
2026 08 26 09 50 180  7.0  9.0   0.3     2    MM 169     MM  20.2  23.1  16.5   MM   MM    MM
2026 08 26 09 40 180  7.0 10.0   0.3    MM    MM 152     MM  20.2  23.1  16.3   MM   MM    MM
2026 08 26 09 30 180  7.0  9.0   0.3    MM    MM 160     MM  20.3  23.1  16.3   MM   MM    MM
2026 08 26 09 20 180  7.0  9.0   0.3     2    MM 170     MM  20.5  23.1  16.2   MM   MM    MM
2026 08 26 09 10 180  6.0  9.0   0.3     2    MM 172     MM  20.4  23.0  16.1   MM   MM    MM
2026 08 26 09 00 180  7.0  8.0   0.3     2    MM 169     MM  20.4  23.1  16.2   MM   MM    MM
2026 08 26 08 50 180  7.0  9.0   0.3     2    MM 166     MM  20.4  23.1  16.2   MM   MM    MM
2026 08 26 08 40 180  7.0  8.0   0.3    MM    MM 167     MM  20.3  23.1  16.2   MM   MM    MM
2026 08 26 08 30 180  6.0  8.0   0.3     2    MM 166     MM  20.3  23.1  16.2   MM   MM    MM
2026 08 26 08 20 180  6.0  8.0   0.3     2    MM 171     MM  20.2  23.1  16.2   MM   MM    MM
2026 08 26 08 10 180  6.0  8.0   0.3     2    MM 166     MM  20.2  23.1  16.0   MM   MM    MM
2026 08 26 08 00 180  6.0  8.0   0.3     2    MM 161     MM  20.2  23.1  16.1   MM   MM    MM
2026 08 26 07 50 180  6.0  8.0   0.3     2    MM 160     MM  20.2  23.1  16.0   MM   MM    MM
2026 08 26 07 40 180  6.0  8.0   0.3     2    MM 163     MM  20.2  23.1  16.0   MM   MM    MM
2026 08 26 07 30 180  7.0  8.0   0.3    MM    MM 151     MM  20.4  23.1  16.1   MM   MM    MM
2026 08 26 07 20 180  7.0  9.0   0.3    MM    MM 155     MM  20.4  23.1  16.0   MM   MM    MM
2026 08 26 07 10 180  7.0  9.0   0.3    MM    MM 156     MM  20.5  23.1  16.0   MM   MM    MM
2026 08 26 07 00 180  6.0  8.0   0.3    MM    MM 147     MM  20.7  23.1  16.3   MM   MM    MM
2026 08 26 06 50 180  6.0  8.0   0.3     2    MM 148     MM  20.8  23.1  16.2   MM   MM    MM
2026 08 26 06 40 180  6.0  8.0   0.3    MM    MM 151     MM  20.9  23.1  16.3   MM   MM    MM
2026 08 26 06 30 170  6.0  8.0   0.3    MM    MM 145     MM  20.8  23.1  16.2   MM   MM    MM
2026 08 26 06 20 170  6.0  7.0   0.3    MM    MM 148     MM  20.9  23.2  16.2   MM   MM    MM
2026 08 26 06 10 170  6.0  8.0   0.3    MM    MM 148     MM  20.8  23.2  16.2   MM   MM    MM
2026 08 26 06 00 170  6.0  8.0   0.3    MM    MM 142     MM  20.8  23.2  16.6   MM   MM    MM
2026 08 26 05 50 160  6.0  8.0   0.3    MM    MM 151     MM  20.7  23.2  16.6   MM   MM    MM
2026 08 26 05 40 170  6.0  8.0   0.3    MM    MM 152     MM  20.7  23.2  16.4   MM   MM    MM
2026 08 26 05 30 170  6.0  8.0   0.3    MM    MM 140     MM  20.7  23.2  16.3   MM   MM    MM
2026 08 26 05 20 160  6.0  8.0   0.3    MM    MM 143     MM  20.9  23.2  16.6   MM   MM    MM
2026 08 26 05 10 160  6.0  8.0   0.3    MM    MM 152     MM  21.0  23.2  16.4   MM   MM    MM
2026 08 26 05 00 160  6.0  7.0   0.3    MM    MM 142     MM  21.1  23.2  16.4   MM   MM    MM
2026 08 26 04 50 170  5.0  6.0   0.3    MM    MM 141     MM  21.2  23.2  16.9   MM   MM    MM
2026 08 26 04 40 170  6.0  7.0   0.3    MM    MM 147     MM  21.3  23.2  16.2   MM   MM    MM
2026 08 26 04 30 170  5.0  7.0   0.2    MM    MM 137     MM  21.3  23.2  16.6   MM   MM    MM
2026 08 26 04 20 170  5.0  7.0   0.3    MM    MM 139     MM  21.4  23.3  16.3   MM   MM    MM
2026 08 26 04 10 160  5.0  6.0   0.3    MM    MM 142     MM  21.6  23.3  16.6   MM   MM    MM
2026 08 26 04 00 160  5.0  7.0   0.2    MM    MM 141     MM  21.6  23.3  16.0   MM   MM    MM
2026 08 26 03 50 160  5.0  7.0   0.3    MM    MM 136     MM  21.6  23.3  16.1   MM   MM    MM
2026 08 26 03 40 160  4.0  5.0   0.3    MM    MM 134     MM  21.4  23.3  16.7   MM   MM    MM
2026 08 26 03 30 160  5.0  7.0   0.3    MM    MM 138     MM  21.3  23.3  16.0   MM   MM    MM
2026 08 26 03 20 160  5.0  7.0   0.3    MM    MM 134     MM  21.4  23.3  15.9   MM   MM    MM
2026 08 26 03 10 160  6.0  7.0   0.3    MM    MM 131     MM  21.6  23.3  15.9   MM   MM    MM
2026 08 26 03 00 160  5.0  7.0   0.3    MM    MM 128     MM  21.5  23.3  16.3   MM   MM    MM
2026 08 26 02 50 150  5.0  6.0   0.2    MM    MM 119     MM  21.6  23.3  16.4   MM   MM    MM
2026 08 26 02 40 150  5.0  6.0   0.2    MM    MM 119     MM  21.6  23.3  16.2   MM   MM    MM
2026 08 26 02 30 160  4.0  6.0   0.2    MM    MM 102     MM  21.7  23.3  16.4   MM   MM    MM
2026 08 26 02 20 160  4.0  5.0   0.2    MM    MM 113     MM  21.9  23.3  16.6   MM   MM    MM
2026 08 26 02 10 150  4.0  5.0   0.2    MM    MM 117     MM  22.0  23.3  16.5   MM   MM    MM
2026 08 26 02 00 160  5.0  6.0   0.2    MM    MM 111     MM  21.9  23.3  16.3   MM   MM    MM
2026 08 26 01 50 150  5.0  6.0   0.2    MM    MM 115     MM  22.1  23.3  16.3   MM   MM    MM
2026 08 26 01 40 150  5.0  6.0   0.2    MM    MM 125     MM  22.3  23.3  16.1   MM   MM    MM
2026 08 26 01 30 150  5.0  6.0   0.2    MM    MM 116     MM  22.4  23.4  16.0   MM   MM    MM
2026 08 26 01 20 140  5.0  6.0   0.2    MM    MM 110     MM  22.3  23.4  16.1   MM   MM    MM
2026 08 26 01 10 140  5.0  6.0   0.2    MM    MM 101     MM  22.5  23.4  16.1   MM   MM    MM
2026 08 26 01 00 140  5.0  6.0   0.2    MM    MM  96     MM  22.6  23.4  15.9   MM   MM    MM
2026 08 26 00 50 140  4.0  5.0   0.2    MM    MM  87     MM  22.8  23.4  15.8   MM   MM    MM
2026 08 26 00 40 140  4.0  5.0   0.2    MM    MM  71     MM  22.9  23.5  16.2   MM   MM    MM
2026 08 26 00 30 140  4.0  5.0   0.2    MM    MM  76     MM  23.1  23.5  16.3   MM   MM    MM
2026 08 26 00 20 140  4.0  5.0   0.2    MM    MM  98     MM  23.3  23.5  16.2   MM   MM    MM
2026 08 26 00 10 120  4.0  4.0   0.2    MM    MM 127     MM  23.2  23.6  16.1   MM   MM    MM
2026 08 26 00 00 110  3.0  4.0   0.1    MM    MM   0     MM  23.1  23.6  16.0   MM   MM    MM
2026 08 25 23 50 100  3.0  4.0   0.1    MM    MM  15     MM  23.1  23.6  15.4   MM   MM    MM
2026 08 25 23 40 100  3.0  4.0   0.1    MM    MM  21     MM  23.0  23.7  15.3   MM   MM    MM
2026 08 25 23 30 100  3.0  4.0   0.1    MM    MM   9     MM  23.1  23.7  14.7   MM   MM    MM
2026 08 25 23 10  90  3.0  4.0   0.2    MM    MM 182     MM  23.2  23.7  14.3   MM   MM    MM
2026 08 25 23 00  90  3.0  3.0   0.2    MM    MM  21     MM  23.3  23.8  13.7   MM   MM    MM
2026 08 25 22 50  70  2.0  3.0   0.2    MM    MM  24     MM  23.3  23.8  13.8   MM   MM    MM
2026 08 25 22 40  50  2.0  3.0   0.2    MM    MM   7     MM  23.3  23.8  13.5   MM   MM    MM
2026 08 25 22 30  40  2.0  3.0   0.2    MM    MM 352     MM  23.3  23.8  13.6   MM   MM    MM
2026 08 25 22 20  40  3.0  3.0   0.2    MM    MM 342     MM  23.1  23.9  14.3   MM   MM    MM
2026 08 25 22 10  30  3.0  4.0   0.2    MM    MM   4     MM  22.9  23.9  14.9   MM   MM    MM
2026 08 25 22 00  30  3.0  4.0   0.2    MM    MM 321     MM  22.8  23.9  14.8   MM   MM    MM
2026 08 25 21 50  20  3.0  4.0   0.2    MM    MM 350     MM  22.7  24.0  14.6   MM   MM    MM
2026 08 25 21 40  30  3.0  4.0   0.2    MM    MM   3     MM  22.7  23.8  14.6   MM   MM    MM
2026 08 25 21 30  20  3.0  4.0   0.2    MM    MM 357     MM  22.6  24.1  14.8   MM   MM    MM
2026 08 25 21 20  20  3.0  4.0   0.2    MM    MM  13     MM  22.6  24.1  14.5   MM   MM    MM
2026 08 25 21 10  10  2.0  3.0   0.2    MM    MM 339     MM  22.6  24.0  14.2   MM   MM    MM
2026 08 25 21 00  20  2.0  3.0   0.2    MM    MM   9     MM  22.5  24.0  14.1   MM   MM    MM
2026 08 25 20 50  10  2.0  3.0   0.2    MM    MM 358     MM  22.5  24.1  14.2   MM   MM    MM
2026 08 25 20 40 360  3.0  4.0   0.2    MM    MM  17     MM  22.4  23.9  13.9   MM   MM    MM
2026 08 25 20 30 350  2.0  3.0   0.2    MM    MM   8     MM  22.3  24.1  13.8   MM   MM    MM
2026 08 25 20 20 350  2.0  4.0   0.2    MM    MM   9     MM  22.4  23.9  13.8   MM   MM    MM
2026 08 25 20 10 350  2.0  3.0   0.2    MM    MM  20     MM  22.3  23.7  13.8   MM   MM    MM
2026 08 25 20 00 360  2.0  3.0   0.2    MM    MM   6     MM  22.2  23.7  13.6   MM   MM    MM
2026 08 25 19 50 360  2.0  3.0   0.2    MM    MM  10     MM  22.1  23.7  13.8   MM   MM    MM
2026 08 25 19 40  10  2.0  3.0   0.2    MM    MM   1     MM  22.0  23.5  14.0   MM   MM    MM
2026 08 25 19 30  20  2.0  3.0   0.2    MM    MM   4     MM  22.0  23.5  13.9   MM   MM    MM
2026 08 25 19 20  20  1.0  2.0   0.2    MM    MM  16     MM  21.9  23.5  13.7   MM   MM    MM
2026 08 25 19 10  30  2.0  3.0   0.2    MM    MM   1     MM  21.8  23.5  13.7   MM   MM    MM
2026 08 25 19 00  20  2.0  3.0   0.2    MM    MM 351     MM  21.8  23.5  14.1   MM   MM    MM
2026 08 25 18 50  40  2.0  3.0   0.2    MM    MM  12     MM  21.7  23.5  13.8   MM   MM    MM
2026 08 25 18 40  40  2.0  3.0   0.2    MM    MM   3     MM  21.6  23.5  14.1   MM   MM    MM
2026 08 25 18 30  40  2.0  3.0   0.2    MM    MM 357     MM  21.6  23.5  14.2   MM   MM    MM
2026 08 25 18 20  40  1.0  2.0   0.2    MM    MM  23     MM  21.6  23.5  14.1   MM   MM    MM
2026 08 25 18 10  70  1.0  2.0   0.2    MM    MM  11     MM  21.6  23.5  13.8   MM   MM    MM
2026 08 25 18 00  80  1.0  2.0   0.2    MM    MM 355     MM  21.7  23.5  14.3   MM   MM    MM
2026 08 25 17 50  70  1.0  2.0   0.3     4    MM  18     MM  21.7  23.4  13.9   MM   MM    MM
2026 08 25 17 40  60  1.0  2.0   0.3     4    MM  13     MM  21.6  23.4  14.9   MM   MM    MM
2026 08 25 17 30  80  1.0  2.0   0.2    MM    MM   9     MM  21.7  23.4  15.0   MM   MM    MM
2026 08 25 17 20  MM  0.0  1.0   0.3     5    MM   8     MM  21.9  23.4  15.5   MM   MM    MM
2026 08 25 17 10  40  1.0  2.0   0.3     4    MM   5     MM  21.5  23.4  15.3   MM   MM    MM
2026 08 25 17 00 320  1.0  2.0   0.3     4    MM  16     MM  21.2  23.4  15.2   MM   MM    MM
2026 08 25 16 50 340  1.0  2.0   0.3     5    MM  15     MM  21.1  23.4  15.6   MM   MM    MM
2026 08 25 16 40 360  1.0  2.0   0.3     5    MM  14     MM  21.0  23.4  15.8   MM   MM    MM
2026 08 25 16 30 360  1.0  2.0   0.3     4    MM  12     MM  20.9  23.4  15.5   MM   MM    MM
2026 08 25 16 20 350  1.0  2.0   0.3     4    MM  16     MM  20.9  23.4  15.6   MM   MM    MM
2026 08 25 16 10 350  1.0  2.0   0.3     3    MM   7     MM  21.0  23.3  15.3   MM   MM    MM
2026 08 25 16 00 360  1.0  2.0   0.3     4    MM  22     MM  21.0  23.3  14.9   MM   MM    MM
2026 08 25 15 50  30  1.0  2.0   0.3     4    MM  16     MM  20.8  23.3  15.2   MM   MM    MM
2026 08 25 15 40  40  1.0  2.0   0.3     4    MM  25     MM  20.6  23.3  15.6   MM   MM    MM
2026 08 25 15 30  60  1.0  3.0   0.3     4    MM  20     MM  20.7  23.3  15.4   MM   MM    MM
2026 08 25 15 20  50  1.0  2.0   0.3     4    MM  15     MM  20.7  23.3  15.0   MM   MM    MM
2026 08 25 15 10  70  1.0  2.0   0.3     4    MM  11     MM  20.7  23.2  15.3   MM   MM    MM
2026 08 25 15 00  70  2.0  2.0   0.3     4    MM  13     MM  20.5  23.2  16.6   MM   MM    MM
2026 08 25 14 50  80  2.0  2.0   0.3     4    MM  22     MM  20.5  23.2  16.8   MM   MM    MM
2026 08 25 14 40 100  2.0  3.0   0.3     4    MM  17     MM  20.6  23.2  16.9   MM   MM    MM
2026 08 25 14 30 120  1.0  2.0   0.4     5    MM  20     MM  20.8  23.2  17.0   MM   MM    MM
2026 08 25 14 20 140  1.0  2.0   0.3     4    MM  16     MM  21.2  23.2  17.0   MM   MM    MM
2026 08 25 14 10 140  1.0  2.0   0.4     4    MM  22     MM  21.2  23.2  16.9   MM   MM    MM
2026 08 25 14 00 190  1.0  2.0   0.4     4    MM  17     MM  20.7  23.2  16.7   MM   MM    MM
2026 08 25 13 50 180  1.0  3.0   0.4     4    MM  15     MM  20.0  23.1  16.6   MM   MM    MM
2026 08 25 13 40 190  2.0  3.0   0.4     5    MM  21     MM  20.0  23.1  16.9   MM   MM    MM
2026 08 25 13 30 210  2.0  3.0   0.4     4    MM  23     MM  19.8  23.1  16.8   MM   MM    MM
2026 08 25 13 20 200  2.0  3.0   0.4     4    MM  21     MM  19.6  23.1  16.6   MM   MM    MM
2026 08 25 13 10 190  2.0  4.0   0.4     5    MM  11     MM  19.4  23.1  16.4   MM   MM    MM
2026 08 25 13 00 180  2.0  3.0   0.4     4    MM   6     MM  19.4  23.1  16.4   MM   MM    MM
2026 08 25 12 50 190  2.0  3.0   0.4     5    MM  21     MM  19.5  23.1  16.7   MM   MM    MM
2026 08 25 12 40 180  2.0  3.0   0.4     5    MM  14     MM  19.6  23.1  16.7   MM   MM    MM
2026 08 25 12 30 170  2.0  4.0   0.4     5    MM   8     MM  20.4  23.1  16.5   MM   MM    MM
2026 08 25 12 20 170  1.0  2.0   0.4     4    MM   8     MM  21.0  23.1  16.6   MM   MM    MM
2026 08 25 12 10 190  1.0  3.0   0.4     4    MM  15     MM  20.3  23.1  16.8   MM   MM    MM
2026 08 25 12 00 220  2.0  3.0   0.5     5    MM  10     MM  20.3  23.1  16.9   MM   MM    MM
2026 08 25 11 50 240  2.0  4.0   0.5     4    MM  14     MM  20.1  23.1  16.9   MM   MM    MM
2026 08 25 11 40 230  3.0  4.0   0.5     4    MM  12     MM  19.9  23.1  16.9   MM   MM    MM
2026 08 25 11 30 220  3.0  4.0   0.4     5    MM  19     MM  19.9  23.1  16.9   MM   MM    MM
2026 08 25 11 20 220  3.0  5.0   0.4     5    MM  12     MM  19.9  23.1  16.9   MM   MM    MM
2026 08 25 11 10 220  2.0  5.0   0.4     4    MM  16     MM  20.4  23.1  16.5   MM   MM    MM
2026 08 25 11 00 360  1.0  3.0   0.4     5    MM  17     MM  21.0  23.1  14.1   MM   MM    MM
2026 08 25 10 50  10  2.0  3.0   0.4     5    MM  18     MM  21.0  23.1  14.1   MM   MM    MM
2026 08 25 10 40  20  2.0  4.0   0.4     5    MM  16     MM  21.1  23.1  14.5   MM   MM    MM
2026 08 25 10 30 350  2.0  3.0   0.5     5    MM   9     MM  21.0  23.1  14.7   MM   MM    MM
2026 08 25 10 20 290  2.0  3.0   0.5     4    MM  15     MM  20.7  23.1  15.8   MM   MM    MM
2026 08 25 10 10 250  2.0  3.0   0.5     5    MM   9     MM  20.7  23.1  15.8   MM   MM    MM
2026 08 25 10 00 270  2.0  4.0   0.5     5    MM  11     MM  20.6  23.1  16.0   MM   MM    MM
2026 08 25 09 50 250  2.0  4.0   0.5     5    MM  15     MM  20.6  23.1  16.0   MM   MM    MM
2026 08 25 09 40 240  2.0  4.0   0.5     4    MM   8     MM  20.5  23.1  15.8   MM   MM    MM
2026 08 25 09 30 240  2.0  4.0   0.5     5    MM  15     MM  20.5  23.1  15.9   MM   MM    MM
2026 08 25 09 20 240  2.0  3.0   0.4     5    MM  13     MM  20.4  23.1  15.9   MM   MM    MM
2026 08 25 09 10 220  2.0  3.0   0.5     5    MM  15     MM  20.4  23.1  15.6   MM   MM    MM
2026 08 25 09 00 220  2.0  4.0   0.5     5    MM  14     MM  20.4  23.1  15.5   MM   MM    MM
2026 08 25 08 50 210  2.0  3.0   0.4     5    MM  14     MM  20.3  23.1  15.6   MM   MM    MM
2026 08 25 08 40 210  2.0  3.0   0.5     5    MM  17     MM  20.1  23.1  15.8   MM   MM    MM
2026 08 25 08 30 210  3.0  4.0   0.5     5    MM  11     MM  20.1  23.1  15.8   MM   MM    MM
2026 08 25 08 20 210  3.0  5.0   0.5     5    MM  17     MM  20.0  23.1  15.8   MM   MM    MM
2026 08 25 08 10 210  3.0  5.0   0.5     5    MM  15     MM  20.0  23.1  16.2   MM   MM    MM
2026 08 25 08 00 210  3.0  6.0   0.5     5    MM  13     MM  20.1  23.1  15.9   MM   MM    MM
2026 08 25 07 50 220  3.0  4.0   0.5     4    MM  14     MM  20.0  23.1  15.8   MM   MM    MM
2026 08 25 07 40 210  4.0  5.0   0.5     5    MM  19     MM  19.7  23.1  15.6   MM   MM    MM
2026 08 25 07 30 210  4.0  5.0   0.5     5    MM  16     MM  19.6  23.2  16.1   MM   MM    MM
2026 08 25 07 20 210  4.0  5.0   0.5     5    MM  15     MM  19.5  23.2  15.9   MM   MM    MM
2026 08 25 07 10 200  3.0  5.0   0.5     5    MM  17     MM  19.6  23.2  15.8   MM   MM    MM
2026 08 25 07 00 190  3.0  4.0   0.5     5    MM  18     MM  19.3  23.1  15.6   MM   MM    MM
2026 08 25 06 50 190  3.0  4.0   0.5     6    MM  20     MM  19.2  23.1  15.7   MM   MM    MM
2026 08 25 06 40 190  3.0  5.0   0.5     4    MM   4     MM  19.3  23.1  15.7   MM   MM    MM
2026 08 25 06 30 180  3.0  4.0   0.5     5    MM  16     MM  19.2  23.1  15.8   MM   MM    MM
2026 08 25 06 20 160  3.0  5.0   0.5     5    MM  13     MM  19.0  23.2  15.7   MM   MM    MM
2026 08 25 06 10 160  3.0  5.0   0.5     5    MM  14     MM  19.2  23.1  15.9   MM   MM    MM
2026 08 25 06 00 160  3.0  5.0   0.5     5    MM   5     MM  19.3  23.1  15.7   MM   MM    MM
2026 08 25 05 50 150  3.0  4.0   0.5     5    MM  20     MM  19.2  23.1  15.7   MM   MM    MM
2026 08 25 05 40 150  3.0  4.0   0.5     5    MM  14     MM  19.1  23.2  15.6   MM   MM    MM
2026 08 25 05 30 140  3.0  4.0   0.6     4    MM  21     MM  19.3  23.1  15.5   MM   MM    MM
2026 08 25 05 20 140  2.0  4.0   0.5     4    MM  16     MM  19.2  23.2  15.4   MM   MM    MM
2026 08 25 05 10 130  2.0  4.0   0.5     5    MM  23     MM  19.2  23.2  15.2   MM   MM    MM
2026 08 25 05 00 130  2.0  4.0   0.6     5    MM  11     MM  19.2  23.2  15.4   MM   MM    MM
2026 08 25 04 50 140  3.0  4.0   0.6     5    MM  17     MM  19.5  23.2  15.7   MM   MM    MM
2026 08 25 04 40 140  3.0  4.0   0.5     5    MM  13     MM  19.6  23.2  15.7   MM   MM    MM
2026 08 25 04 30 120  3.0  5.0   0.6     5    MM  17     MM  19.7  23.2  15.7   MM   MM    MM
2026 08 25 04 20 130  3.0  4.0   0.6     5    MM  14     MM  19.8  23.2  15.7   MM   MM    MM
2026 08 25 04 10 120  3.0  4.0   0.6     5    MM  20     MM  20.0  23.2  15.7   MM   MM    MM
2026 08 25 04 00  80  3.0  5.0   0.6     5    MM  14     MM  20.4  23.2  15.7   MM   MM    MM
2026 08 25 03 50  60  4.0  6.0   0.6     5    MM  17     MM  20.7  23.2  15.1   MM   MM    MM
2026 08 25 03 40  50  4.0  6.0   0.6     5    MM  19     MM  20.7  23.2  15.3   MM   MM    MM
2026 08 25 03 30  40  4.0  6.0   0.6     5    MM  15     MM  20.8  23.2  15.3   MM   MM    MM
2026 08 25 03 20  50  4.0  6.0   0.6     5    MM   9     MM  20.7  23.2  15.3   MM   MM    MM
2026 08 25 03 10  40  3.0  5.0   0.6     5    MM  25     MM  20.7  23.3  15.3   MM   MM    MM
2026 08 25 03 00  50  4.0  5.0   0.5     5    MM  17     MM  20.8  23.3  15.4   MM   MM    MM
2026 08 25 02 50  50  4.0  6.0   0.6     4    MM  16     MM  20.8  23.3  15.5   MM   MM    MM
2026 08 25 02 40  40  4.0  6.0   0.6     5    MM  20     MM  20.9  23.2  15.1   MM   MM    MM
2026 08 25 02 30  30  4.0  6.0   0.6     4    MM  19     MM  21.0  23.2  15.0   MM   MM    MM
2026 08 25 02 20  20  4.0  6.0   0.6     4    MM  20     MM  21.1  23.2  15.0   MM   MM    MM
2026 08 25 02 10  30  4.0  6.0   0.6     5    MM  17     MM  21.1  23.3  15.0   MM   MM    MM
2026 08 25 02 00  30  4.0  6.0   0.6     5    MM  15     MM  21.1  23.3  14.8   MM   MM    MM
2026 08 25 01 50  20  4.0  6.0   0.6     5    MM  21     MM  21.1  23.3  14.7   MM   MM    MM
2026 08 25 01 40  30  4.0  5.0   0.6     5    MM  12     MM  21.1  23.3  14.7   MM   MM    MM
2026 08 25 01 30  30  4.0  5.0   0.6     5    MM  14     MM  21.1  23.3  14.6   MM   MM    MM
2026 08 25 01 20  20  3.0  6.0   0.6     5    MM  17     MM  21.1  23.3  14.5   MM   MM    MM
2026 08 25 01 10  20  3.0  5.0   0.6     5    MM  17     MM  21.0  23.3  14.6   MM   MM    MM
2026 08 25 01 00  10  3.0  4.0   0.6     5    MM  20     MM  21.0  23.3  14.4   MM   MM    MM
2026 08 25 00 50  30  2.0  4.0   0.6     4    MM  18     MM  20.9  23.3  14.4   MM   MM    MM
2026 08 25 00 40  20  3.0  4.0   0.6     5    MM  15     MM  21.0  23.3  14.2   MM   MM    MM
2026 08 25 00 30  30  2.0  4.0   0.6     5    MM  13     MM  21.0  23.3  14.1   MM   MM    MM
2026 08 25 00 20  30  3.0  4.0   0.6     5    MM  11     MM  20.9  23.3  14.0   MM   MM    MM
2026 08 25 00 10  40  3.0  5.0   0.6     5    MM  15     MM  20.9  23.4  14.2   MM   MM    MM
2026 08 25 00 00  20  3.0  4.0   0.6     5    MM  17     MM  20.9  23.4  14.1   MM   MM    MM
2026 08 24 23 50  30  3.0  4.0   0.6     4    MM  13     MM  20.9  23.4  14.2   MM   MM    MM
2026 08 24 23 40  30  3.0  4.0   0.6     5    MM  16     MM  20.9  23.4  14.3   MM   MM    MM
2026 08 24 23 30  30  3.0  5.0   0.6     5    MM  18     MM  20.9  23.4  14.4   MM   MM    MM
2026 08 24 23 20  30  3.0  5.0   0.6     5    MM  16     MM  20.9  23.4  14.3   MM   MM    MM
2026 08 24 23 10  40  3.0  5.0   0.6     5    MM  16     MM  21.0  23.4  14.3   MM   MM    MM
2026 08 24 23 00  40  3.0  5.0   0.6     6    MM  11     MM  21.0  23.4  14.2   MM   MM    MM
2026 08 24 22 50  30  4.0  5.0   0.6     5    MM   7     MM  21.1  23.4  14.3   MM   MM    MM
2026 08 24 22 40  40  4.0  5.0   0.7     6    MM  12     MM  21.0  23.4  14.3   MM   MM    MM
2026 08 24 22 30  40  4.0  6.0   0.7     5    MM   8     MM  21.0  23.5  14.2   MM   MM    MM
2026 08 24 22 20  30  4.0  5.0   0.6     6    MM  11     MM  21.0  23.5  13.9   MM   MM    MM
2026 08 24 22 10  40  4.0  5.0   0.6     5    MM   9     MM  20.9  23.5  13.8   MM   MM    MM
2026 08 24 22 00  30  4.0  6.0   0.6     4    MM  15     MM  20.9  23.5  14.0   MM   MM    MM
2026 08 24 21 50  30  4.0  6.0   0.7     5    MM  13     MM  20.8  23.5  14.0   MM   MM    MM
2026 08 24 21 40  40  4.0  5.0   0.7     5    MM  16     MM  20.8  23.5  13.8   MM   MM    MM
2026 08 24 21 30  30  4.0  6.0   0.7     6    MM   8     MM  20.7  23.5  13.8   MM   MM    MM
2026 08 24 21 20  30  4.0  5.0   0.7     6    MM  12     MM  20.7  23.5  14.0   MM   MM    MM
2026 08 24 21 10  30  3.0  5.0   0.7     5    MM  12     MM  20.6  23.5  14.0   MM   MM    MM
2026 08 24 21 00  40  4.0  6.0   0.8     6    MM  16     MM  20.5  23.5  13.9   MM   MM    MM
2026 08 24 20 50  30  4.0  6.0   0.8     6    MM   4     MM  20.4  23.5  14.1   MM   MM    MM
2026 08 24 20 40  30  4.0  6.0   0.7     5    MM  14     MM  20.4  23.5  14.5   MM   MM    MM
2026 08 24 20 30  30  4.0  6.0   0.7     5    MM  16     MM  20.5  23.5  14.8   MM   MM    MM
2026 08 24 20 20  20  5.0  7.0   0.7     6    MM  13     MM  20.4  23.5  14.7   MM   MM    MM
2026 08 24 20 10  20  5.0  7.0   0.7     6    MM  18     MM  20.5  23.5  15.0   MM   MM    MM
2026 08 24 20 00  30  6.0  7.0   0.8     6    MM  13     MM  20.4  23.5  15.1   MM   MM    MM
2026 08 24 19 50  20  5.0  7.0   0.7     6    MM  12     MM  20.5  23.6  15.5   MM   MM    MM
2026 08 24 19 40  10  5.0  6.0   0.8     6    MM  13     MM  20.5  23.6  15.5   MM   MM    MM
2026 08 24 19 30  10  4.0  6.0   0.8     6    MM  14     MM  20.5  23.5  15.5   MM   MM    MM
2026 08 24 19 20 360  5.0  6.0   0.8     6    MM  19     MM  20.6  23.5  15.4   MM   MM    MM
2026 08 24 19 10 350  4.0  7.0   0.8     6    MM  23     MM  20.6  23.5  15.5   MM   MM    MM
2026 08 24 19 00 350  4.0  6.0   0.8     7    MM  23     MM  20.6  23.5  15.5   MM   MM    MM
2026 08 24 18 50 340  4.0  6.0   0.8     6    MM  19     MM  20.7  23.5  15.5   MM   MM    MM
2026 08 24 18 40 340  4.0  7.0   0.7     5    MM  24     MM  20.7  23.5  15.9   MM   MM    MM
2026 08 24 18 30 350  4.0  6.0   0.7     6    MM  23     MM  20.7  23.5  15.5   MM   MM    MM
2026 08 24 18 20 330  4.0  7.0   0.8     6    MM  22     MM  20.8  23.5  15.7   MM   MM    MM
2026 08 24 18 10 330  4.0  7.0   0.7     6    MM  27     MM  20.7  23.5  15.8   MM   MM    MM
2026 08 24 18 00 330  5.0  7.0   0.7     7    MM  22     MM  20.8  23.5  16.2   MM   MM    MM
2026 08 24 17 50 330  4.0  7.0   0.7     6    MM  19     MM  20.9  23.5  15.8   MM   MM    MM
2026 08 24 17 40 330  4.0  6.0   0.7     6    MM  21     MM  21.0  23.5  15.7   MM   MM    MM
2026 08 24 17 30 330  4.0  7.0   0.7     5    MM  24     MM  20.9  23.5  15.6   MM   MM    MM
2026 08 24 17 20 320  5.0  7.0   0.7     6    MM  21     MM  20.9  23.5  15.6   MM   MM    MM
2026 08 24 17 10 320  5.0  7.0   0.7     6    MM  23     MM  21.0  23.5  15.6   MM   MM    MM
2026 08 24 17 00 320  5.0  7.0   0.7     7    MM  21     MM  21.0  23.6  15.8   MM   MM    MM
2026 08 24 16 50 320  5.0  7.0   0.7     6    MM  23     MM  21.1  23.5  15.8   MM   MM    MM
2026 08 24 16 40 290  4.0  7.0   0.6     6    MM  23     MM  20.8  23.6  16.5   MM   MM    MM
2026 08 24 16 30 270  2.0  5.0   0.7     6    MM  13     MM  20.7  23.5  16.5   MM   MM    MM
2026 08 24 16 20 270  2.0  4.0   0.7     6    MM  10     MM  20.7  23.4  16.3   MM   MM    MM
2026 08 24 16 10 270  2.0  4.0   0.6     6    MM  14     MM  20.6  23.4  16.4   MM   MM    MM
2026 08 24 16 00 270  2.0  4.0   0.6     6    MM  13     MM  20.6  23.3  16.2   MM   MM    MM
2026 08 24 15 50 260  2.0  3.0   0.7     6    MM  14     MM  20.7  23.3  16.0   MM   MM    MM
2026 08 24 15 40 260  2.0  3.0   0.6     6    MM  16     MM  20.8  23.3  15.9   MM   MM    MM
2026 08 24 15 30 250  1.0  3.0   0.6     6    MM  17     MM  20.8  23.3  15.9   MM   MM    MM
2026 08 24 15 20 230  1.0  2.0   0.6     6    MM  20     MM  20.8  23.3  15.7   MM   MM    MM
2026 08 24 15 10 200  1.0  2.0   0.6     6    MM  16     MM  20.9  23.3  15.7   MM   MM    MM
2026 08 24 15 00 210  1.0  2.0   0.6     6    MM  14     MM  21.0  23.3  15.8   MM   MM    MM
2026 08 24 14 50 100  1.0  2.0   0.6     6    MM  17     MM  20.8  23.3  15.6   MM   MM    MM
2026 08 24 14 40  60  1.0  2.0   0.6     6    MM  18     MM  20.5  23.2  15.8   MM   MM    MM
2026 08 24 14 30 110  1.0  3.0   0.7     6    MM  18     MM  20.2  23.2  15.9   MM   MM    MM
2026 08 24 14 20 110  2.0  3.0   0.6     6    MM  16     MM  20.0  23.2  16.0   MM   MM    MM
2026 08 24 14 10  90  2.0  3.0   0.6     5    MM  14     MM  19.9  23.2  16.1   MM   MM    MM
2026 08 24 14 00  70  2.0  3.0   0.6     6    MM  18     MM  19.7  23.2  16.1   MM   MM    MM
2026 08 24 13 50  60  2.0  3.0   0.6     6    MM  15     MM  19.4  23.2  16.0   MM   MM    MM
2026 08 24 13 40  60  2.0  3.0   0.6     5    MM  15     MM  19.2  23.2  15.9   MM   MM    MM
2026 08 24 13 30  60  2.0  3.0   0.6     5    MM  15     MM  18.9  23.2  15.7   MM   MM    MM
2026 08 24 13 20  70  2.0  3.0   0.6     6    MM  10     MM  18.7  23.2  15.6   MM   MM    MM
2026 08 24 13 10  90  2.0  3.0   0.6     5    MM  16     MM  18.5  23.1  15.5   MM   MM    MM
2026 08 24 13 00 100  2.0  3.0   0.6     6    MM  11     MM  18.5  23.1  15.5   MM   MM    MM
2026 08 24 12 50 100  2.0  3.0   0.6     6    MM  13     MM  18.5  23.1  15.5   MM   MM    MM
2026 08 24 12 40 120  2.0  3.0   0.7     6    MM  10     MM  18.6  23.1  15.6   MM   MM    MM
2026 08 24 12 30 120  2.0  3.0   0.6     6    MM  18     MM  18.8  23.2  15.5   MM   MM    MM
2026 08 24 12 20  90  2.0  3.0   0.6     5    MM  17     MM  18.6  23.1  15.3   MM   MM    MM
2026 08 24 12 10  90  2.0  3.0   0.6     6    MM  15     MM  18.4  23.1  15.3   MM   MM    MM
2026 08 24 12 00  70  2.0  3.0   0.6     5    MM  13     MM  18.3  23.1  15.3   MM   MM    MM
2026 08 24 11 50  60  2.0  3.0   0.6     5    MM   9     MM  18.2  23.2  15.2   MM   MM    MM
2026 08 24 11 40  90  1.0  3.0   0.7     5    MM  20     MM  18.0  23.2  15.1   MM   MM    MM
2026 08 24 11 30 110  1.0  2.0   0.6     4    MM  20     MM  17.8  23.1  14.9   MM   MM    MM
2026 08 24 11 20 110  1.0  3.0   0.6     5    MM  23     MM  17.6  23.2  14.9   MM   MM    MM
2026 08 24 11 10 100  2.0  3.0   0.6     6    MM  21     MM  17.5  23.1  14.9   MM   MM    MM
2026 08 24 11 00  90  2.0  4.0   0.6     4    MM  13     MM  17.5  23.2  14.9   MM   MM    MM
2026 08 24 10 50  90  3.0  4.0   0.6     5    MM  24     MM  17.6  23.2  14.9   MM   MM    MM
2026 08 24 10 40  90  2.0  4.0   0.6     5    MM  17     MM  17.6  23.1  15.1   MM   MM    MM
2026 08 24 10 30 100  2.0  4.0   0.6     6    MM  15     MM  17.7  23.2  15.3   MM   MM    MM
2026 08 24 10 20 110  3.0  5.0   0.6     5    MM  18     MM  17.9  23.1  15.7   MM   MM    MM
2026 08 24 10 10 110  3.0  5.0   0.6     5    MM  25     MM  18.0  23.2  15.7   MM   MM    MM
2026 08 24 10 00 120  3.0  5.0   0.6     5    MM  19     MM  18.5  23.2  16.1   MM   MM    MM
2026 08 24 09 50 110  3.0  5.0   0.6     5    MM  17     MM  18.9  23.2  16.2   MM   MM    MM
2026 08 24 09 40 120  2.0  3.0   0.6     5    MM  25     MM  19.2  23.2  16.4   MM   MM    MM
2026 08 24 09 30 140  2.0  3.0   0.6     5    MM  13     MM  19.4  23.2  16.6   MM   MM    MM
2026 08 24 09 20 110  1.0  3.0   0.6     5    MM  23     MM  19.6  23.2  16.5   MM   MM    MM
2026 08 24 09 10 140  2.0  3.0   0.6     5    MM  24     MM  19.4  23.2  16.3   MM   MM    MM
2026 08 24 09 00 150  2.0  3.0   0.6     5    MM  27     MM  19.4  23.2  16.4   MM   MM    MM
2026 08 24 08 50 160  2.0  4.0   0.6     5    MM  22     MM  19.5  23.2  16.5   MM   MM    MM
2026 08 24 08 40 160  2.0  3.0   0.6     5    MM  27     MM  19.5  23.2  16.4   MM   MM    MM
2026 08 24 08 30 170  1.0  3.0   0.6     6    MM  24     MM  19.4  23.2  16.2   MM   MM    MM
2026 08 24 08 20 190  2.0  3.0   0.6     5    MM  20     MM  19.3  23.2  16.0   MM   MM    MM
2026 08 24 08 10 200  2.0  3.0   0.6     5    MM   9     MM  19.2  23.2  16.1   MM   MM    MM
2026 08 24 08 00 160  2.0  4.0   0.7     6    MM  22     MM  19.1  23.2  16.0   MM   MM    MM
2026 08 24 07 50 180  3.0  4.0   0.6     6    MM  20     MM  19.3  23.2  16.2   MM   MM    MM
2026 08 24 07 40 190  3.0  4.0   0.6     6    MM  24     MM  19.3  23.2  15.9   MM   MM    MM
2026 08 24 07 30 180  3.0  4.0   0.6     6    MM  28     MM  19.2  23.2  15.8   MM   MM    MM
2026 08 24 07 20 180  3.0  4.0   0.6     6    MM  18     MM  19.3  23.2  15.9   MM   MM    MM
2026 08 24 07 10 180  3.0  5.0   0.6     6    MM  28     MM  19.3  23.2  15.8   MM   MM    MM
2026 08 24 07 00 190  3.0  5.0   0.6     6    MM  27     MM  19.4  23.2  15.7   MM   MM    MM
2026 08 24 06 50 190  3.0  5.0   0.6     5    MM  28     MM  19.5  23.2  15.5   MM   MM    MM
2026 08 24 06 40 170  4.0  5.0   0.6     5    MM  35     MM  19.8  23.2  15.7   MM   MM    MM
2026 08 24 06 30 190  4.0  6.0   0.6     6    MM  29     MM  20.4  23.2  16.1   MM   MM    MM
2026 08 24 06 20 200  4.0  6.0   0.6     6    MM  29     MM  20.6  23.2  15.9   MM   MM    MM
2026 08 24 06 10 200  4.0  7.0   0.7     6    MM 345     MM  20.7  23.2  16.1   MM   MM    MM
2026 08 24 06 00 210  4.0  6.0   0.6     5    MM 350     MM  20.9  23.2  16.0   MM   MM    MM
2026 08 24 05 50 210  4.0  6.0   0.7     5    MM 354     MM  20.9  23.2  16.0   MM   MM    MM
2026 08 24 05 40 210  4.0  7.0   0.6     6    MM 350     MM  20.5  23.3  16.2   MM   MM    MM
2026 08 24 05 30 210  5.0  7.0   0.6     5    MM 340     MM  20.3  23.3  16.2   MM   MM    MM
2026 08 24 05 20 190  4.0  6.0   0.6     6    MM  14     MM  20.4  23.2  16.4   MM   MM    MM
2026 08 24 05 10 190  4.0  5.0   0.7     5    MM  24     MM  20.5  23.3  16.5   MM   MM    MM
2026 08 24 05 00 190  4.0  5.0   0.7     6    MM  27     MM  20.5  23.3  16.3   MM   MM    MM
2026 08 24 04 50 190  4.0  5.0   0.7     6    MM  23     MM  20.5  23.3  16.3   MM   MM    MM
2026 08 24 04 40 190  4.0  6.0   0.7     6    MM  22     MM  20.4  23.3  16.1   MM   MM    MM
2026 08 24 04 30 190  4.0  5.0   0.6     5    MM  30     MM  20.4  23.3  16.4   MM   MM    MM
2026 08 24 04 20 230  2.0  5.0   0.7     6    MM  23     MM  21.2  23.3  15.1   MM   MM    MM
2026 08 24 04 10 300  1.0  2.0   0.7     6    MM  25     MM  21.4  23.3  14.5   MM   MM    MM
2026 08 24 04 00 310  1.0  2.0   0.7     6    MM  20     MM  21.4  23.3  14.5   MM   MM    MM
2026 08 24 03 50 330  2.0  3.0   0.8     6    MM  23     MM  21.4  23.3  14.5   MM   MM    MM
2026 08 24 03 40 330  2.0  3.0   0.7     6    MM  21     MM  21.5  23.3  14.6   MM   MM    MM
2026 08 24 03 30 360  2.0  3.0   0.7     6    MM  21     MM  21.4  23.3  14.6   MM   MM    MM
2026 08 24 03 20 310  2.0  3.0   0.7     6    MM  22     MM  21.4  23.3  14.4   MM   MM    MM
2026 08 24 03 10 330  2.0  4.0   0.8     5    MM  27     MM  21.5  23.3  14.6   MM   MM    MM
2026 08 24 03 00 330  3.0  4.0   0.8     5    MM  24     MM  21.5  23.3  14.8   MM   MM    MM
2026 08 24 02 50 330  2.0  4.0   0.8     6    MM  19     MM  21.5  23.3  14.5   MM   MM    MM
2026 08 24 02 40 330  2.0  4.0   0.7     6    MM  19     MM  21.5  23.3  14.5   MM   MM    MM
2026 08 24 02 30 330  3.0  4.0   0.7     6    MM  23     MM  21.5  23.3  14.3   MM   MM    MM
2026 08 24 02 20 340  3.0  5.0   0.9     6    MM  24     MM  21.5  23.3  14.4   MM   MM    MM
2026 08 24 02 10 330  3.0  5.0   0.9     6    MM  21     MM  21.4  23.3  14.6   MM   MM    MM
2026 08 24 02 00 330  3.0  5.0   0.8     6    MM  21     MM  21.4  23.4  14.6   MM   MM    MM
2026 08 24 01 50 340  3.0  4.0   0.9     5    MM  19     MM  21.4  23.4  14.5   MM   MM    MM
2026 08 24 01 40 340  3.0  4.0   0.9     6    MM  19     MM  21.3  23.4  14.5   MM   MM    MM
2026 08 24 01 30 350  3.0  5.0   0.9     6    MM  23     MM  21.3  23.4  14.3   MM   MM    MM
2026 08 24 01 20 360  3.0  4.0   0.9     6    MM  23     MM  21.2  23.4  14.3   MM   MM    MM
2026 08 24 01 10 360  3.0  5.0   0.9     6    MM  18     MM  21.2  23.4  14.4   MM   MM    MM
2026 08 24 01 00 360  3.0  5.0   0.9     6    MM  18     MM  21.2  23.4  14.5   MM   MM    MM
2026 08 24 00 50  10  3.0  5.0   0.9     6    MM  22     MM  21.2  23.4  14.5   MM   MM    MM
2026 08 24 00 40  10  4.0  6.0   0.9     6    MM  20     MM  21.2  23.4  14.9   MM   MM    MM
2026 08 24 00 30 360  4.0  5.0   0.9     5    MM  12     MM  21.3  23.4  14.8   MM   MM    MM
2026 08 24 00 20 360  4.0  7.0   1.0     6    MM  23     MM  21.3  23.4  14.9   MM   MM    MM
2026 08 24 00 10  10  4.0  6.0   0.9     5    MM  17     MM  21.3  23.4  15.1   MM   MM    MM
2026 08 24 00 00 360  4.0  6.0   0.9     5    MM  18     MM  21.3  23.4  14.9   MM   MM    MM
2026 08 23 23 50 360  4.0  6.0   1.0     6    MM  18     MM  21.4  23.4  14.9   MM   MM    MM
2026 08 23 23 40 360  4.0  6.0   1.0     6    MM  19     MM  21.4  23.4  14.9   MM   MM    MM
2026 08 23 23 30 360  4.0  6.0   1.0     6    MM  22     MM  21.4  23.4  14.8   MM   MM    MM
2026 08 23 23 10 350  4.0  6.0   1.1     5    MM  19     MM  21.4  23.4  14.9   MM   MM    MM
2026 08 23 23 00 350  4.0  7.0   1.1     6    MM  27     MM  21.3  23.4  14.9   MM   MM    MM
2026 08 23 22 50 360  5.0  7.0   1.0     6    MM  21     MM  21.4  23.4  15.1   MM   MM    MM
2026 08 23 22 40 350  5.0  7.0   1.1     5    MM  23     MM  21.4  23.4  15.1   MM   MM    MM
2026 08 23 22 10 350  6.0  8.0   1.1     5    MM  21     MM  21.4  23.4  15.0   MM   MM    MM
2026 08 23 22 00 360  6.0  8.0   1.1     5    MM  26     MM  21.4  23.4  15.1   MM   MM    MM
2026 08 23 21 50 350  6.0  8.0   1.0     5    MM  20     MM  21.3  23.4  15.0   MM   MM    MM
2026 08 23 21 40 350  5.0  8.0   1.1     6    MM  25     MM  21.3  23.4  15.1   MM   MM    MM
2026 08 23 21 30 360  6.0  9.0   1.1     5    MM  22     MM  21.3  23.4  15.1   MM   MM    MM
2026 08 23 21 20 350  6.0  8.0   1.2     5    MM  26     MM  21.3  23.4  15.0   MM   MM    MM
2026 08 23 21 10 350  5.0  7.0   1.2     5    MM  27     MM  21.2  23.4  14.8   MM   MM    MM
2026 08 23 21 00 350  5.0  8.0   1.2     6    MM  28     MM  21.1  23.4  14.9   MM   MM    MM
2026 08 23 20 50 350  6.0  8.0   1.1     5    MM  25     MM  21.1  23.4  15.1   MM   MM    MM
2026 08 23 20 40 350  6.0  9.0   1.2     6    MM  26     MM  21.1  23.4  14.8   MM   MM    MM
2026 08 23 20 30 350  6.0  8.0   1.0     5    MM  29     MM  21.1  23.4  14.8   MM   MM    MM
2026 08 23 20 20 350  6.0  8.0   1.1     5    MM  30     MM  21.1  23.4  14.6   MM   MM    MM
2026 08 23 20 10 350  6.0  9.0   1.2     6    MM  24     MM  21.1  23.4  14.7   MM   MM    MM
2026 08 23 19 30 340  6.0  9.0   1.1     5    MM  24     MM  21.0  23.4  14.1   MM   MM    MM
2026 08 23 19 00 330  7.0  9.0   1.0     5    MM  27     MM  20.9  23.4  15.0   MM   MM    MM
2026 08 23 18 50 320  7.0  9.0   1.1     5    MM  32     MM  21.0  23.4  15.0   MM   MM    MM
2026 08 23 18 40 320  7.0  9.0   1.0     4    MM  29     MM  21.1  23.4  15.1   MM   MM    MM
2026 08 23 18 10 320  6.0  9.0   1.0     5    MM  31     MM  21.0  23.4  15.4   MM   MM    MM
2026 08 23 18 00 320  7.0  9.0   1.0     5    MM  26     MM  21.0  23.4  14.9   MM   MM    MM
2026 08 23 17 50 330  7.0  9.0   1.0     5    MM  31     MM  21.0  23.4  15.1   MM   MM    MM
2026 08 23 17 40 320  7.0  9.0   1.0     5    MM  23     MM  21.1  23.4  15.0   MM   MM    MM
2026 08 23 17 30 320  6.0  9.0   0.9     5    MM  31     MM  21.1  23.4  15.4   MM   MM    MM
2026 08 23 17 20 330  7.0  9.0   1.0     5    MM  33     MM  21.1  23.3  15.3   MM   MM    MM
2026 08 23 17 10 330  6.0  8.0   1.0     5    MM  29     MM  21.2  23.3  15.4   MM   MM    MM
2026 08 23 17 00 330  7.0  8.0   1.0     5    MM  32     MM  21.1  23.3  15.3   MM   MM    MM
2026 08 23 16 50 330  6.0  9.0   1.0     5    MM  38     MM  21.1  23.3  15.6   MM   MM    MM
2026 08 23 16 40 330  6.0  9.0   0.9     5    MM  33     MM  21.2  23.3  15.5   MM   MM    MM
2026 08 23 16 30 330  6.0  8.0   0.9     5    MM  27     MM  21.3  23.3  15.3   MM   MM    MM
2026 08 23 16 20 330  6.0  9.0   0.9     5    MM  27     MM  21.4  23.3  14.8   MM   MM    MM
2026 08 23 16 10 330  6.0 10.0   0.9     5    MM  32     MM  21.5  23.3  14.9   MM   MM    MM
2026 08 23 16 00 330  6.0  8.0   0.9     5    MM  38     MM  21.5  23.3  14.9   MM   MM    MM
2026 08 23 15 50 330  6.0  8.0   0.9     5    MM  38     MM  21.4  23.3  15.1   MM   MM    MM
2026 08 23 15 40 330  7.0  9.0   0.9     4    MM  25     MM  21.4  23.3  15.4   MM   MM    MM
2026 08 23 15 30 330  6.0  9.0   0.9     5    MM  30     MM  21.3  23.3  15.5   MM   MM    MM
2026 08 23 15 20 340  7.0  9.0   0.9     5    MM  30     MM  21.3  23.3  15.8   MM   MM    MM
2026 08 23 15 10 340  7.0  9.0   0.9     5    MM  31     MM  21.3  23.3  16.0   MM   MM    MM
2026 08 23 15 00 340  7.0  9.0   0.9     4    MM  30     MM  21.3  23.3  16.4   MM   MM    MM
2026 08 23 14 50 340  7.0  9.0   0.8     5    MM  31     MM  21.3  23.3  16.5   MM   MM    MM
2026 08 23 14 40 330  6.0  9.0   0.8     4    MM  27     MM  21.4  23.3  16.7   MM   MM    MM
2026 08 23 14 30 330  7.0  9.0   0.9     5    MM  38     MM  21.4  23.3  16.6   MM   MM    MM
2026 08 23 14 20 330  7.0 10.0   0.8     5    MM  38     MM  21.4  23.3  16.5   MM   MM    MM
2026 08 23 14 10 330  7.0  9.0   0.8     5    MM  39     MM  21.6  23.3  16.6   MM   MM    MM
2026 08 23 14 00 340  7.0  9.0   0.7     4    MM  32     MM  21.7  23.3  16.6   MM   MM    MM
2026 08 23 13 50 320  7.0  8.0   0.8     5    MM  35     MM  21.7  23.3  16.9   MM   MM    MM
2026 08 23 13 40 330  6.0  8.0   0.8     5    MM  38     MM  21.7  23.3  16.8   MM   MM    MM
2026 08 23 13 30 330  6.0  8.0   0.7     5    MM  33     MM  21.8  23.3  16.8   MM   MM    MM
2026 08 23 13 20 330  6.0  8.0   0.7     4    MM  44     MM  21.8  23.3  17.0   MM   MM    MM
2026 08 23 13 10 320  6.0  9.0   0.8     5    MM  39     MM  21.8  23.3  17.0   MM   MM    MM
2026 08 23 13 00 320  6.0  8.0   0.7     4    MM  40     MM  21.9  23.3  16.8   MM   MM    MM
2026 08 23 12 50 320  7.0  9.0   0.7     5    MM  40     MM  21.9  23.2  17.1   MM   MM    MM
2026 08 23 12 40 320  7.0  9.0   0.7     5    MM  40     MM  22.0  23.3  17.1   MM   MM    MM
2026 08 23 12 30 320  6.0  8.0   0.7     4    MM  35     MM  22.0  23.2  16.8   MM   MM    MM
2026 08 23 12 20 320  7.0  9.0   0.6     5    MM  38     MM  22.0  23.2  17.2   MM   MM    MM
2026 08 23 12 10 320  6.0  8.0   0.7     5    MM  38     MM  22.0  23.2  16.9   MM   MM    MM
2026 08 23 12 00 320  6.0  8.0   0.7     4    MM  38     MM  22.0  23.2  17.1   MM   MM    MM
2026 08 23 11 50 320  6.0  8.0   0.6     5    MM  36     MM  21.8  23.2  17.1   MM   MM    MM
2026 08 23 11 40 320  6.0  8.0   0.6     5    MM  38     MM  21.9  23.2  16.9   MM   MM    MM
2026 08 23 11 30 320  5.0  7.0   0.6     5    MM  39     MM  21.9  23.2  16.4   MM   MM    MM
2026 08 23 11 20 310  5.0  6.0   0.6     5    MM  39     MM  22.0  23.2  16.2   MM   MM    MM
2026 08 23 11 10 320  4.0  6.0   0.6     5    MM  37     MM  22.0  23.2  16.3   MM   MM    MM
2026 08 23 11 00 320  4.0  6.0   0.6     5    MM  37     MM  21.9  23.2  16.2   MM   MM    MM
2026 08 23 10 50 320  4.0  6.0   0.7     5    MM  30     MM  21.9  23.2  16.2   MM   MM    MM
2026 08 23 10 40 310  3.0  5.0   0.6     5    MM  26     MM  21.9  23.2  16.0   MM   MM    MM
2026 08 23 10 30 320  4.0  5.0   0.6     5    MM  26     MM  22.0  23.2  15.9   MM   MM    MM
2026 08 23 10 20 320  4.0  6.0   0.7     5    MM  27     MM  21.9  23.3  16.3   MM   MM    MM
2026 08 23 10 00 330  4.0  6.0   0.7     4    MM  30     MM  21.9  23.3  16.0   MM   MM    MM
2026 08 23 09 50 320  3.0  5.0   0.7     5    MM  29     MM  22.0  23.3  16.0   MM   MM    MM
2026 08 23 09 40 330  3.0  5.0   0.8     5    MM  24     MM  21.9  23.2  16.0   MM   MM    MM
2026 08 23 09 30 340  3.0  5.0   0.7     5    MM  29     MM  21.9  23.2  15.7   MM   MM    MM
2026 08 23 09 20 360  3.0  6.0   0.8     5    MM  32     MM  22.0  23.2  16.2   MM   MM    MM
2026 08 23 09 10 350  4.0  5.0   0.7     5    MM  18     MM  22.0  23.2  16.2   MM   MM    MM
2026 08 23 09 00  10  3.0  5.0   0.8     5    MM  26     MM  21.9  23.3  16.3   MM   MM    MM
2026 08 23 08 50  10  3.0  5.0   0.7     5    MM  14     MM  21.9  23.3  16.3   MM   MM    MM
2026 08 23 08 40  10  4.0  5.0   0.7     4    MM  16     MM  21.9  23.3  16.2   MM   MM    MM
2026 08 23 08 30 360  4.0  6.0   0.8     4    MM  22     MM  22.0  23.3  16.0   MM   MM    MM
2026 08 23 08 20 350  4.0  6.0   0.8     5    MM  23     MM  22.0  23.3  16.0   MM   MM    MM
2026 08 23 08 10 360  4.0  6.0   0.8     5    MM  24     MM  22.1  23.3  16.0   MM   MM    MM
2026 08 23 08 00 360  4.0  7.0   0.7     5    MM  18     MM  22.0  23.3  16.2   MM   MM    MM
2026 08 23 07 50  10  5.0  7.0   0.8     4    MM  22     MM  22.1  23.2  16.2   MM   MM    MM
2026 08 23 07 40 360  5.0  6.0   0.8     4    MM  11     MM  22.2  23.3  16.2   MM   MM    MM
2026 08 23 07 30  10  5.0  7.0   0.8     5    MM  19     MM  22.2  23.3  16.4   MM   MM    MM
2026 08 23 07 20 360  5.0  7.0   0.8     4    MM  11     MM  22.2  23.3  16.2   MM   MM    MM
2026 08 23 07 10 360  5.0  7.0   0.8     4    MM  19     MM  22.2  23.3  16.6   MM   MM    MM
2026 08 23 07 00 360  5.0  7.0   0.9     5    MM  20     MM  22.3  23.3  16.4   MM   MM    MM
2026 08 23 06 50 360  5.0  7.0   0.8     4    MM   9     MM  22.2  23.3  17.0   MM   MM    MM
2026 08 23 06 40  10  6.0  7.0   0.8     4    MM  11     MM  22.2  23.3  17.1   MM   MM    MM
2026 08 23 06 30  10  6.0  8.0   0.9     4    MM   5     MM  22.2  23.3  17.4   MM   MM    MM
2026 08 23 06 20  10  6.0  8.0   0.9     4    MM  10     MM  22.2  23.3  17.6   MM   MM    MM
2026 08 23 06 10  20  6.0  8.0   0.9     4    MM  12     MM  22.3  23.3  17.7   MM   MM    MM
2026 08 23 06 00 360  6.0  8.0   0.8     4    MM  17     MM  22.5  23.3  17.8   MM   MM    MM
2026 08 23 05 50 350  6.0  9.0   0.9     4    MM  14     MM  22.6  23.3  17.6   MM   MM    MM
2026 08 23 05 40 360  7.0  9.0   0.9     4    MM   8     MM  22.6  23.3  17.4   MM   MM    MM
2026 08 23 05 30 350  6.0  9.0   0.9     5    MM  26     MM  22.6  23.3  17.6   MM   MM    MM
2026 08 23 05 20 340  6.0  9.0   0.8     4    MM  23     MM  22.6  23.3  17.7   MM   MM    MM
2026 08 23 05 10 340  7.0  8.0   0.9     4    MM  13     MM  22.6  23.3  17.8   MM   MM    MM
2026 08 23 05 00 340  7.0  9.0   0.8     5    MM  35     MM  22.6  23.3  17.9   MM   MM    MM
2026 08 23 04 50 330  7.0  9.0   0.8     4    MM  13     MM  22.5  23.3  18.0   MM   MM    MM
2026 08 23 04 40 330  7.0  9.0   0.8     4    MM  19     MM  22.5  23.3  18.2   MM   MM    MM
2026 08 23 04 30 340  6.0  8.0   0.8     5    MM  27     MM  22.7  23.3  17.8   MM   MM    MM
2026 08 23 04 20 330  7.0  9.0   0.7     4    MM  16     MM  22.8  23.3  17.9   MM   MM    MM
2026 08 23 03 50 330  7.0  8.0   0.7     5    MM  23     MM  22.9  23.4  17.7   MM   MM    MM
2026 08 23 03 40 340  6.0  8.0   0.8     5    MM  24     MM  22.9  23.4  17.6   MM   MM    MM
2026 08 23 03 30 340  6.0  7.0   0.7     4    MM  17     MM  22.9  23.3  17.6   MM   MM    MM
2026 08 23 03 20 340  6.0  8.0   0.8     4    MM  10     MM  22.8  23.4  17.9   MM   MM    MM
2026 08 23 03 10 330  6.0  8.0   0.8     5    MM  23     MM  22.8  23.4  18.2   MM   MM    MM
2026 08 23 03 00 340  5.0  7.0   0.8     4    MM  12     MM  22.9  23.4  18.0   MM   MM    MM
2026 08 23 02 50 350  6.0  8.0   0.8     5    MM  28     MM  22.8  23.4  18.3   MM   MM    MM
2026 08 23 02 40 360  6.0  8.0   0.8     5    MM  22     MM  22.8  23.4  18.2   MM   MM    MM
2026 08 23 02 30 350  6.0  8.0   0.8     5    MM  22     MM  22.9  23.4  18.2   MM   MM    MM
2026 08 23 02 20 350  6.0  8.0   0.8     5    MM  28     MM  22.9  23.4  18.1   MM   MM    MM
2026 08 23 02 10 340  6.0  8.0   0.8     5    MM  19     MM  23.0  23.4  18.1   MM   MM    MM
2026 08 23 02 00 350  6.0  8.0   0.8     5    MM  23     MM  22.9  23.4  18.2   MM   MM    MM
2026 08 23 01 50 340  6.0  8.0   0.7     5    MM  28     MM  22.9  23.4  18.1   MM   MM    MM
2026 08 23 01 40 340  7.0  8.0   0.7     5    MM  23     MM  22.9  23.4  17.8   MM   MM    MM
2026 08 23 01 30 350  7.0  9.0   0.7     5    MM  24     MM  22.8  23.4  18.0   MM   MM    MM
2026 08 23 01 20 350  7.0 11.0   0.6     6    MM   3     MM  23.2  23.4  18.3   MM   MM    MM
2026 08 23 01 10 350  5.0  7.0   0.7     5    MM 340     MM  23.3  23.4  18.5   MM   MM    MM
2026 08 23 01 00 350  3.0  5.0   0.7     5    MM 335     MM  23.1  23.4  18.5   MM   MM    MM
2026 08 23 00 50 350  3.0  5.0   0.7     5    MM 336     MM  23.1  23.4  18.4   MM   MM    MM
2026 08 23 00 20 330  2.0  3.0   0.7     5    MM 333     MM  23.0  23.5  17.9   MM   MM    MM
2026 08 23 00 10 330  2.0  3.0   0.7     5    MM 333     MM  23.0  23.5  17.8   MM   MM    MM
2026 08 23 00 00 340  2.0  3.0   0.7     5    MM 334     MM  23.1  23.5  17.7   MM   MM    MM
2026 08 22 23 50 350  2.0  3.0   0.7     5    MM 338     MM  23.3  23.5  17.8   MM   MM    MM
2026 08 22 23 40 320  2.0  3.0   0.7     5    MM 336     MM  23.3  23.6  17.5   MM   MM    MM
2026 08 22 23 30 360  2.0  4.0   0.7     5    MM 344     MM  23.3  23.6  17.6   MM   MM    MM
2026 08 22 23 10  10  2.0  4.0   0.7     5    MM 342     MM  23.2  23.5  17.5   MM   MM    MM
2026 08 22 23 00 360  2.0  3.0   0.8     5    MM 350     MM  23.4  23.6  17.5   MM   MM    MM
2026 08 22 22 50 350  2.0  3.0   0.7     5    MM 340     MM  23.4  23.6  17.2   MM   MM    MM
2026 08 22 22 40 350  2.0  3.0   0.7     5    MM 351     MM  23.5  23.6  17.0   MM   MM    MM
2026 08 22 22 30 340  1.0  2.0   0.8     5    MM 342     MM  24.0  23.5  16.8   MM   MM    MM
2026 08 22 22 20 270  1.0  2.0   0.7     5    MM 347     MM  23.8  23.5  16.9   MM   MM    MM
2026 08 22 22 10 260  1.0  2.0   0.8     5    MM 352     MM  23.6  23.6  16.9   MM   MM    MM
2026 08 22 22 00 330  1.0  2.0   0.8     5    MM 358     MM  23.7  23.5  16.7   MM   MM    MM
2026 08 22 21 50 280  1.0  1.0   0.8     5    MM 358     MM  23.8  23.5  16.7   MM   MM    MM
2026 08 22 21 40 360  1.0  2.0   0.8     5    MM 348     MM  23.4  23.6  16.7   MM   MM    MM
2026 08 22 21 30  10  1.0  3.0   0.8     5    MM 345     MM  23.0  23.5  16.7   MM   MM    MM
2026 08 22 21 20 360  1.0  2.0   0.8     5    MM 346     MM  23.1  23.5  16.6   MM   MM    MM
2026 08 22 21 10  20  1.0  2.0   0.8     5    MM 347     MM  23.1  23.5  16.8   MM   MM    MM
2026 08 22 21 00  20  1.0  2.0   0.8     5    MM 352     MM  23.2  23.5  16.6   MM   MM    MM
2026 08 22 20 50  40  1.0  2.0   0.9     6    MM 360     MM  23.0  23.5  16.6   MM   MM    MM
2026 08 22 20 40  70  1.0  2.0   0.9     5    MM 358     MM  22.8  23.5  16.8   MM   MM    MM
2026 08 22 20 30  30  2.0  3.0   0.8     6    MM 355     MM  22.7  23.4  16.7   MM   MM    MM
2026 08 22 20 20  40  2.0  3.0   0.9     5    MM 355     MM  22.6  23.4  16.8   MM   MM    MM
2026 08 22 20 10  20  2.0  3.0   0.8     5    MM   2     MM  22.6  23.4  16.8   MM   MM    MM
2026 08 22 20 00  20  2.0  4.0   0.9     5    MM 355     MM  22.5  23.4  16.9   MM   MM    MM
2026 08 22 19 50  20  3.0  5.0   0.9     5    MM 358     MM  22.5  23.4  16.8   MM   MM    MM
2026 08 22 19 40  10  3.0  5.0   0.9     5    MM   3     MM  22.5  23.3  17.0   MM   MM    MM
2026 08 22 19 30  10  4.0  6.0   0.8     4    MM 357     MM  22.5  23.3  16.8   MM   MM    MM
2026 08 22 19 20  10  4.0  6.0   0.9     5    MM 352     MM  22.5  23.3  16.8   MM   MM    MM
2026 08 22 19 10 360  4.0  6.0   0.9     5    MM   3     MM  22.4  23.3  16.8   MM   MM    MM
2026 08 22 18 40 330  4.0  6.0   0.9     5    MM  13     MM  22.3  23.3  16.8   MM   MM    MM
2026 08 22 18 10 320  4.0  6.0   0.8     5    MM   5     MM  21.9  23.2  17.3   MM   MM    MM
2026 08 22 18 00 320  4.0  6.0   0.9     5    MM   0     MM  21.8  23.2  17.2   MM   MM    MM
2026 08 22 17 50 320  4.0  6.0   0.9     5    MM   2     MM  21.7  23.2  17.3   MM   MM    MM
2026 08 22 17 40 320  4.0  7.0   0.9     5    MM   7     MM  21.7  23.2  17.4   MM   MM    MM
2026 08 22 17 30 320  5.0  7.0   0.9     5    MM   3     MM  21.5  23.2  17.3   MM   MM    MM
2026 08 22 17 20 320  5.0  7.0   1.0     5    MM   6     MM  21.4  23.2  17.2   MM   MM    MM
2026 08 22 17 10 320  6.0  9.0   0.9     5    MM   2     MM  21.4  23.2  17.6   MM   MM    MM
2026 08 22 17 00 320  6.0  8.0   1.0     4    MM   0     MM  21.3  23.2  17.5   MM   MM    MM
2026 08 22 16 50 320  6.0  8.0   1.0     5    MM   4     MM  21.3  23.2  17.7   MM   MM    MM
2026 08 22 16 40 310  6.0  9.0   1.0     5    MM   2     MM  21.2  23.1  17.9   MM   MM    MM
2026 08 22 16 30 310  6.0  9.0   1.0     5    MM   7     MM  21.1  23.1  17.7   MM   MM    MM
2026 08 22 16 20 310  6.0  8.0   1.0     5    MM   8     MM  21.1  23.1  17.7   MM   MM    MM
2026 08 22 16 10 320  6.0  9.0   1.0     5    MM 359     MM  21.1  23.1  17.8   MM   MM    MM
2026 08 22 16 00 310  7.0  9.0   1.0     5    MM   5     MM  21.2  23.1  18.1   MM   MM    MM
2026 08 22 15 50 320  7.0 10.0   1.0     5    MM   0     MM  21.3  23.1  18.2   MM   MM    MM
2026 08 22 15 40 310  7.0 10.0   1.1     5    MM   1     MM  21.3  23.1  18.2   MM   MM    MM
2026 08 22 15 30 310  7.0  9.0   1.0     5    MM   0     MM  21.4  23.1  18.3   MM   MM    MM
2026 08 22 15 20 310  7.0 10.0   1.0     5    MM 359     MM  21.4  23.1  18.5   MM   MM    MM
2026 08 22 15 10 310  7.0 10.0   1.0     4    MM 357     MM  21.5  23.1  18.8   MM   MM    MM
2026 08 22 15 00 310  7.0 11.0   1.0     4    MM 350     MM  21.5  23.1  18.8   MM   MM    MM
2026 08 22 14 50 310  8.0 10.0   1.0     4    MM 350     MM  21.5  23.1  18.9   MM   MM    MM
2026 08 22 14 40 320  8.0 11.0   1.0     4    MM 353     MM  21.6  23.1  18.9   MM   MM    MM
2026 08 22 14 30 320  8.0 10.0   0.9     4    MM 353     MM  21.6  23.1  19.2   MM   MM    MM
2026 08 22 14 20 320  8.0 10.0   0.8     4    MM 354     MM  21.7  23.1  19.2   MM   MM    MM
2026 08 22 14 10 330  7.0  9.0   0.8     4    MM 348     MM  22.1  23.1  18.9   MM   MM    MM
2026 08 22 14 00 330  7.0 10.0   0.9     4    MM 353     MM  22.1  23.1  18.9   MM   MM    MM
2026 08 22 13 50 340  7.0  9.0   0.8     4    MM 342     MM  22.0  23.1  19.0   MM   MM    MM
2026 08 22 13 40 340  8.0  9.0   0.8     4    MM 338     MM  22.0  23.1  18.9   MM   MM    MM
2026 08 22 13 30 340  7.0 10.0   0.8     4    MM 344     MM  22.0  23.1  19.0   MM   MM    MM
2026 08 22 13 00 330  7.0 10.0   0.7     4    MM 328     MM  22.1  23.1  19.7   MM   MM    MM
2026 08 22 12 50 320  7.0  9.0   0.7     4    MM 337     MM  22.1  23.1  19.7   MM   MM    MM
2026 08 22 12 40 320  7.0  9.0   0.7     4    MM 330     MM  22.1  23.1  19.8   MM   MM    MM
2026 08 22 12 30 320  7.0  9.0   0.7     3    MM 326     MM  22.1  23.1  19.8   MM   MM    MM
2026 08 22 12 20 320  6.0  8.0   0.7     4    MM 328     MM  22.1  23.2  19.9   MM   MM    MM
2026 08 22 12 10 320  6.0  7.0   0.7     4    MM 322     MM  22.2  23.2  19.8   MM   MM    MM
2026 08 22 12 00 320  7.0  8.0   0.6     4    MM 316     MM  22.1  23.2  19.9   MM   MM    MM
2026 08 22 11 50 320  7.0 10.0   0.6     4    MM 316     MM  22.2  23.2  20.0   MM   MM    MM
2026 08 22 11 40 320  6.0  8.0   0.6     3    MM 317     MM  22.2  23.2  19.9   MM   MM    MM
2026 08 22 11 30 320  7.0  9.0   0.6     4    MM 321     MM  22.2  23.2  19.9   MM   MM    MM
2026 08 22 11 20 310  7.0  9.0   0.6     3    MM 322     MM  22.2  23.2  20.1   MM   MM    MM
2026 08 22 11 10 300  6.0  8.0   0.5     3    MM 316     MM  22.2  23.2  20.2   MM   MM    MM
2026 08 22 11 00 300  6.0  8.0   0.5     3    MM 315     MM  22.1  23.2  20.0   MM   MM    MM
2026 08 22 10 50 300  6.0  8.0   0.5     3    MM 311     MM  22.1  23.2  20.0   MM   MM    MM
2026 08 22 10 40 300  6.0  8.0   0.5     3    MM 307     MM  22.0  23.2  19.8   MM   MM    MM
2026 08 22 10 30 290  6.0  8.0   0.5     3    MM 303     MM  22.1  23.2  19.8   MM   MM    MM
2026 08 22 10 20 280  6.0  7.0   0.5     3    MM 310     MM  22.1  23.2  19.9   MM   MM    MM
2026 08 22 10 10 280  6.0  8.0   0.4     3    MM 311     MM  22.2  23.2  19.8   MM   MM    MM
2026 08 22 10 00 270  6.0  7.0   0.4     3    MM 300     MM  22.2  23.2  19.7   MM   MM    MM
2026 08 22 09 50 270  6.0  7.0   0.4     3    MM 302     MM  22.3  23.2  19.7   MM   MM    MM
2026 08 22 09 40 260  5.0  7.0   0.4     3    MM 270     MM  22.2  23.2  19.7   MM   MM    MM
2026 08 22 09 30 250  5.0  6.0   0.4     3    MM 275     MM  22.1  23.2  19.5   MM   MM    MM
2026 08 22 09 20 250  5.0  6.0   0.4     3    MM 259     MM  22.2  23.2  19.4   MM   MM    MM
2026 08 22 09 10 240  4.0  6.0   0.3     3    MM 251     MM  22.0  23.2  19.1   MM   MM    MM
2026 08 22 09 00 230  5.0  7.0   0.3     3    MM 236     MM  22.0  23.2  18.9   MM   MM    MM
2026 08 22 08 50 220  5.0  7.0   0.3     3    MM 236     MM  22.0  23.2  18.8   MM   MM    MM
2026 08 22 08 40 230  6.0  7.0   0.4     3    MM 231     MM  22.1  23.2  18.9   MM   MM    MM
2026 08 22 08 30 220  6.0  7.0   0.4     3    MM 231     MM  22.1  23.2  18.8   MM   MM    MM
2026 08 22 08 20 220  6.0  8.0   0.4     3    MM 222     MM  22.1  23.3  18.6   MM   MM    MM
2026 08 22 08 10 210  6.0  8.0   0.4     3    MM 228     MM  22.2  23.3  18.8   MM   MM    MM
2026 08 22 08 00 210  6.0  8.0   0.4     2    MM 222     MM  22.3  23.3  18.8   MM   MM    MM
2026 08 22 07 50 210  5.0  7.0   0.4     2    MM 222     MM  22.4  23.3  18.8   MM   MM    MM
2026 08 22 07 40 210  6.0  7.0   0.3     2    MM 220     MM  22.6  23.3  18.9   MM   MM    MM
2026 08 22 07 30 220  6.0  7.0   0.3     2    MM 225     MM  22.6  23.3  18.9   MM   MM    MM
2026 08 22 07 20 220  6.0  7.0   0.3     2    MM 220     MM  22.6  23.3  18.8   MM   MM    MM
2026 08 22 07 10 220  6.0  7.0   0.3     2    MM 224     MM  22.6  23.3  18.6   MM   MM    MM
2026 08 22 07 00 220  5.0  7.0   0.3     2    MM 223     MM  22.7  23.3  18.4   MM   MM    MM
2026 08 22 06 50 220  5.0  7.0   0.3    MM    MM 188     MM  22.8  23.3  18.4   MM   MM    MM
2026 08 22 06 40 200  5.0  7.0   0.3     2    MM 184     MM  22.7  23.3  18.5   MM   MM    MM
2026 08 22 06 30 200  5.0  7.0   0.3     2    MM 188     MM  22.6  23.3  18.3   MM   MM    MM
2026 08 22 06 20 200  5.0  6.0   0.3     2    MM 197     MM  22.5  23.3  18.3   MM   MM    MM
2026 08 22 06 10 190  5.0  6.0   0.3     2    MM 176     MM  22.5  23.3  18.2   MM   MM    MM
2026 08 22 06 00 180  5.0  7.0   0.3     2    MM 173     MM  22.5  23.3  18.3   MM   MM    MM
2026 08 22 05 50 180  5.0  7.0   0.3    MM    MM 165     MM  22.5  23.3  18.3   MM   MM    MM
2026 08 22 05 40 180  6.0  8.0   0.3    MM    MM 166     MM  22.1  23.3  18.3   MM   MM    MM
2026 08 22 05 30 200  5.0  7.0   0.3    MM    MM 170     MM  22.6  23.3  18.2   MM   MM    MM
2026 08 22 05 20 190  5.0  7.0   0.3    MM    MM 166     MM  22.7  23.3  18.3   MM   MM    MM
2026 08 22 05 10 190  5.0  6.0   0.3    MM    MM 167     MM  22.6  23.3  18.5   MM   MM    MM
2026 08 22 05 00 180  5.0  6.0   0.3     2    MM 180     MM  22.4  23.3  18.4   MM   MM    MM
2026 08 22 04 50 180  5.0  6.0   0.3    MM    MM 159     MM  22.4  23.3  18.4   MM   MM    MM
2026 08 22 04 40 180  4.0  6.0   0.3    MM    MM 166     MM  22.5  23.3  18.4   MM   MM    MM
2026 08 22 04 30 180  5.0  6.0   0.3    MM    MM 159     MM  22.4  23.3  18.4   MM   MM    MM
2026 08 22 04 20 180  5.0  6.0   0.3     2    MM 165     MM  22.5  23.3  18.7   MM   MM    MM
2026 08 22 04 10 180  5.0  7.0   0.3    MM    MM 156     MM  22.5  23.3  18.7   MM   MM    MM
2026 08 22 04 00 180  6.0  7.0   0.3    MM    MM 163     MM  22.6  23.3  18.7   MM   MM    MM
2026 08 22 03 50 180  6.0  7.0   0.3    MM    MM 161     MM  22.6  23.3  18.7   MM   MM    MM
2026 08 22 03 40 180  5.0  7.0   0.3    MM    MM 164     MM  22.6  23.3  18.6   MM   MM    MM
2026 08 22 03 30 180  5.0  7.0   0.3    MM    MM 167     MM  22.6  23.3  18.4   MM   MM    MM
2026 08 22 03 20 180  5.0  7.0   0.3    MM    MM 167     MM  22.7  23.3  18.4   MM   MM    MM
2026 08 22 03 10 180  6.0  7.0   0.3    MM    MM 159     MM  22.8  23.3  18.4   MM   MM    MM
2026 08 22 03 00 170  6.0  7.0   0.3    MM    MM 152     MM  22.7  23.3  18.4   MM   MM    MM
2026 08 22 02 50 180  5.0  7.0   0.2    MM    MM 168     MM  22.7  23.3  18.5   MM   MM    MM
2026 08 22 02 40 180  4.0  6.0   0.2    MM    MM 151     MM  22.8  23.3  18.4   MM   MM    MM
2026 08 22 02 30 180  4.0  5.0   0.3    MM    MM 156     MM  22.9  23.3  18.5   MM   MM    MM
2026 08 22 02 20 180  5.0  6.0   0.2    MM    MM 153     MM  22.9  23.3  18.4   MM   MM    MM
2026 08 22 02 10 180  5.0  6.0   0.3    MM    MM 163     MM  22.9  23.3  18.5   MM   MM    MM
2026 08 22 02 00 180  5.0  6.0   0.2    MM    MM 162     MM  23.0  23.3  18.7   MM   MM    MM
2026 08 22 01 50 180  5.0  6.0   0.2    MM    MM 158     MM  23.1  23.3  18.8   MM   MM    MM
2026 08 22 01 40 190  4.0  6.0   0.2    MM    MM 155     MM  23.0  23.3  18.7   MM   MM    MM
2026 08 22 01 30 190  4.0  6.0   0.2    MM    MM 154     MM  23.0  23.4  18.7   MM   MM    MM
2026 08 22 01 20 190  4.0  5.0   0.2    MM    MM 166     MM  22.9  23.3  18.6   MM   MM    MM
2026 08 22 01 10 190  4.0  6.0   0.2    MM    MM 151     MM  23.0  23.3  18.6   MM   MM    MM
2026 08 22 01 00 180  4.0  5.0   0.2    MM    MM 156     MM  23.1  23.4  18.4   MM   MM    MM
2026 08 22 00 50 160  4.0  5.0   0.2    MM    MM 216     MM  23.1  23.3  18.6   MM   MM    MM
2026 08 22 00 40 160  4.0  6.0   0.2    MM    MM 163     MM  23.1  23.4  18.7   MM   MM    MM
2026 08 22 00 30 180  4.0  6.0   0.2    MM    MM 215     MM  23.2  23.4  18.7   MM   MM    MM
2026 08 22 00 20 180  3.0  4.0   0.2    MM    MM 209     MM  23.2  23.4  18.7   MM   MM    MM
2026 08 22 00 10 180  3.0  4.0   0.2    MM    MM 218     MM  23.4  23.4  18.5   MM   MM    MM
2026 08 22 00 00 180  3.0  4.0   0.2    MM    MM 221     MM  23.5  23.4  18.5   MM   MM    MM
2026 08 21 23 50 180  3.0  4.0   0.3     2    MM 214     MM  23.6  23.4  18.4   MM   MM    MM
2026 08 21 23 40 200  4.0  5.0   0.3     2    MM 212     MM  23.8  23.4  18.4   MM   MM    MM
2026 08 21 23 30 200  4.0  6.0   0.3     2    MM 225     MM  23.8  23.4  18.4   MM   MM    MM
2026 08 21 23 10 210  5.0  6.0   0.3     2    MM 214     MM  24.0  23.4  18.1   MM   MM    MM
2026 08 21 23 00 200  5.0  6.0   0.3     2    MM 209     MM  24.1  23.4  18.1   MM   MM    MM
2026 08 21 22 50 200  5.0  6.0   0.3     2    MM 220     MM  24.1  23.4  18.1   MM   MM    MM
2026 08 21 22 40 200  5.0  7.0   0.3     2    MM 226     MM  24.2  23.4  18.0   MM   MM    MM
2026 08 21 22 30 200  5.0  7.0   0.3     2    MM 207     MM  24.3  23.4  18.1   MM   MM    MM
2026 08 21 22 20 200  5.0  7.0   0.3     2    MM 195     MM  24.3  23.4  18.3   MM   MM    MM
2026 08 21 22 10 210  6.0  8.0   0.3     2    MM 217     MM  24.3  23.4  17.8   MM   MM    MM
2026 08 21 22 00 210  5.0  7.0   0.3     2    MM 218     MM  24.4  23.4  17.6   MM   MM    MM
2026 08 21 21 50 210  5.0  6.0   0.3     2    MM 206     MM  24.4  23.4  17.4   MM   MM    MM
2026 08 21 21 40 220  6.0  8.0   0.3    MM    MM 216     MM  24.5  23.4  17.1   MM   MM    MM
2026 08 21 21 30 210  6.0  7.0   0.3     2    MM 196     MM  24.3  23.4  18.1   MM   MM    MM
2026 08 21 21 00 200  5.0  7.0   0.3    MM    MM 168     MM  24.1  23.5  18.1   MM   MM    MM
2026 08 21 20 50 210  6.0  8.0   0.3    MM    MM 189     MM  24.0  23.5  18.2   MM   MM    MM
2026 08 21 20 40 210  6.0  8.0   0.3    MM    MM 174     MM  24.0  23.5  18.2   MM   MM    MM
2026 08 21 20 30 210  4.0  6.0   0.2    MM    MM 184     MM  24.1  23.5  18.3   MM   MM    MM
2026 08 21 20 20 210  4.0  5.0   0.2    MM    MM 187     MM  23.8  23.5  18.0   MM   MM    MM
2026 08 21 20 10 200  4.0  6.0   0.2    MM    MM 189     MM  23.5  23.5  17.6   MM   MM    MM
2026 08 21 20 00 190  4.0  5.0   0.2    MM    MM 262     MM  23.1  23.5  17.9   MM   MM    MM
2026 08 21 19 50 180  5.0  6.0   0.2    MM    MM 269     MM  23.0  23.5  18.0   MM   MM    MM
2026 08 21 19 40 180  4.0  6.0   0.2    MM    MM 285     MM  23.1  23.5  17.7   MM   MM    MM
2026 08 21 19 30 220  3.0  4.0   0.2    MM    MM 304     MM  23.1  23.4  17.3   MM   MM    MM
2026 08 21 19 20 260  3.0  4.0   0.2    MM    MM 310     MM  23.1  23.4  17.1   MM   MM    MM
2026 08 21 19 10 260  2.0  3.0   0.2    MM    MM 323     MM  23.1  23.4  17.4   MM   MM    MM
2026 08 21 19 00 290  2.0  3.0   0.2    MM    MM 324     MM  23.0  23.4  17.5   MM   MM    MM
2026 08 21 18 50 240  1.0  2.0   0.2    MM    MM 320     MM  23.1  23.4  17.5   MM   MM    MM
2026 08 21 18 40 250  1.0  2.0   0.2    MM    MM 342     MM  23.1  23.4  17.4   MM   MM    MM
2026 08 21 18 30 300  2.0  3.0   0.2    MM    MM 317     MM  22.9  23.4  17.6   MM   MM    MM
2026 08 21 18 20 300  2.0  3.0   0.2    MM    MM 316     MM  22.8  23.4  17.7   MM   MM    MM
2026 08 21 18 10 300  2.0  3.0   0.2    MM    MM 324     MM  22.8  23.4  17.8   MM   MM    MM
2026 08 21 18 00 300  3.0  4.0   0.2    MM    MM 328     MM  22.8  23.4  17.7   MM   MM    MM
2026 08 21 17 50 300  3.0  4.0   0.2    MM    MM 320     MM  22.7  23.3  17.4   MM   MM    MM
2026 08 21 17 40 290  3.0  4.0   0.2    MM    MM 319     MM  22.7  23.4  16.9   MM   MM    MM
2026 08 21 17 30 280  3.0  4.0   0.3     3    MM 320     MM  22.6  23.4  16.9   MM   MM    MM
2026 08 21 17 20 270  3.0  4.0   0.2    MM    MM 310     MM  22.5  23.4  17.0   MM   MM    MM
2026 08 21 17 10 270  3.0  4.0   0.2    MM    MM 308     MM  22.5  23.4  16.9   MM   MM    MM
2026 08 21 17 00 260  3.0  4.0   0.2    MM    MM 312     MM  22.4  23.4  17.4   MM   MM    MM
2026 08 21 16 50 240  3.0  4.0   0.2    MM    MM 311     MM  22.4  23.4  17.4   MM   MM    MM
2026 08 21 16 40 230  2.0  3.0   0.3     2    MM 305     MM  22.5  23.4  17.2   MM   MM    MM
2026 08 21 16 30 240  1.0  2.0   0.3     2    MM 303     MM  22.5  23.4  17.4   MM   MM    MM
2026 08 21 16 20 220  2.0  3.0   0.3     2    MM 297     MM  22.5  23.4  17.0   MM   MM    MM
2026 08 21 16 10 240  2.0  3.0   0.3     2    MM 297     MM  22.5  23.4  17.4   MM   MM    MM
2026 08 21 16 00 260  2.0  3.0   0.3     2    MM 293     MM  22.4  23.4  17.5   MM   MM    MM
2026 08 21 15 50 260  3.0  4.0   0.3     2    MM 301     MM  22.2  23.4  17.8   MM   MM    MM
2026 08 21 15 40 250  3.0  4.0   0.3     4    MM  36     MM  22.1  23.4  17.9   MM   MM    MM
2026 08 21 15 10 260  4.0  6.0   0.3    MM    MM 265     MM  21.9  23.3  17.5   MM   MM    MM
2026 08 21 15 00 250  4.0  6.0   0.3     4    MM  13     MM  21.8  23.3  17.6   MM   MM    MM
2026 08 21 14 50 250  4.0  5.0   0.3     4    MM  21     MM  21.7  23.3  17.6   MM   MM    MM
2026 08 21 14 40 240  4.0  6.0   0.3     4    MM 352     MM  21.6  23.3  17.9   MM   MM    MM
2026 08 21 14 30 230  4.0  5.0   0.3     3    MM 355     MM  21.4  23.3  17.9   MM   MM    MM
2026 08 21 14 20 220  4.0  5.0   0.3     4    MM   2     MM  21.2  23.2  17.9   MM   MM    MM
2026 08 21 14 10 220  3.0  5.0   0.3     4    MM 358     MM  21.1  23.2  18.0   MM   MM    MM
2026 08 21 14 00 210  4.0  5.0   0.3     4    MM   3     MM  21.0  23.2  17.9   MM   MM    MM
2026 08 21 13 50 210  3.0  4.0   0.3     4    MM 346     MM  20.9  23.2  17.9   MM   MM    MM
2026 08 21 13 40 220  3.0  4.0   0.3     4    MM   2     MM  20.8  23.2  17.9   MM   MM    MM
2026 08 21 13 30 210  3.0  4.0   0.3     4    MM   3     MM  20.6  23.2  17.8   MM   MM    MM
2026 08 21 13 20 220  3.0  4.0   0.3     4    MM   6     MM  20.5  23.2  17.7   MM   MM    MM
2026 08 21 13 10 200  3.0  4.0   0.3     4    MM   1     MM  20.3  23.2  17.6   MM   MM    MM
2026 08 21 13 00 200  3.0  4.0   0.3     4    MM 359     MM  20.3  23.2  17.6   MM   MM    MM
2026 08 21 12 50 200  3.0  4.0   0.3     4    MM 357     MM  20.2  23.2  17.7   MM   MM    MM
2026 08 21 12 40 190  3.0  4.0   0.3     4    MM 351     MM  20.2  23.2  17.7   MM   MM    MM
2026 08 21 12 30 190  3.0  4.0   0.3     4    MM   4     MM  20.1  23.2  17.6   MM   MM    MM
2026 08 21 12 20 190  3.0  4.0   0.3     4    MM 345     MM  20.0  23.2  17.6   MM   MM    MM
2026 08 21 12 10 190  3.0  4.0   0.3     4    MM 360     MM  19.9  23.2  17.6   MM   MM    MM
2026 08 21 12 00 200  3.0  4.0   0.3     4    MM   4     MM  19.9  23.2  17.6   MM   MM    MM
2026 08 21 11 50 190  3.0  4.0   0.3     4    MM 338     MM  19.8  23.2  17.6   MM   MM    MM
2026 08 21 11 40 180  3.0  5.0   0.3     4    MM 345     MM  19.7  23.2  17.5   MM   MM    MM
2026 08 21 11 30 170  4.0  5.0   0.3     4    MM 349     MM  19.7  23.2  17.5   MM   MM    MM
2026 08 21 11 20 180  4.0  5.0   0.3     4    MM 344     MM  20.2  23.2  17.9   MM   MM    MM
2026 08 21 11 10 190  3.0  4.0   0.3     4    MM 352     MM  20.4  23.2  18.0   MM   MM    MM
2026 08 21 11 00 190  3.0  5.0   0.3     4    MM 359     MM  20.8  23.2  18.4   MM   MM    MM
2026 08 21 10 50 200  3.0  4.0   0.3     4    MM 351     MM  21.0  23.2  18.6   MM   MM    MM
2026 08 21 10 40 220  3.0  5.0   0.3     4    MM   3     MM  21.3  23.2  18.6   MM   MM    MM
2026 08 21 10 30 210  3.0  5.0   0.4     4    MM   2     MM  21.3  23.2  18.7   MM   MM    MM
2026 08 21 10 20 220  3.0  5.0   0.4     4    MM 358     MM  21.2  23.2  18.5   MM   MM    MM
2026 08 21 10 10 220  3.0  5.0   0.4     4    MM 357     MM  21.0  23.2  18.6   MM   MM    MM
2026 08 21 10 00 220  3.0  5.0   0.4     4    MM   4     MM  20.9  23.2  18.5   MM   MM    MM
2026 08 21 09 50 220  4.0  5.0   0.4     4    MM 349     MM  20.7  23.2  18.2   MM   MM    MM
2026 08 21 09 40 210  4.0  5.0   0.4     4    MM 356     MM  20.7  23.2  18.3   MM   MM    MM
2026 08 21 09 30 210  4.0  5.0   0.4     4    MM 350     MM  20.6  23.2  18.3   MM   MM    MM
2026 08 21 09 20 200  4.0  5.0   0.4     4    MM 355     MM  20.5  23.2  18.3   MM   MM    MM
2026 08 21 09 10 190  4.0  6.0   0.4     4    MM 350     MM  20.5  23.2  18.2   MM   MM    MM
2026 08 21 09 00 180  4.0  5.0   0.4     4    MM 354     MM  20.5  23.2  18.2   MM   MM    MM
2026 08 21 08 50 190  4.0  5.0   0.4     4    MM 348     MM  20.7  23.2  18.5   MM   MM    MM
2026 08 21 08 40 200  3.0  5.0   0.5     4    MM 349     MM  20.7  23.2  18.5   MM   MM    MM
2026 08 21 08 30 190  3.0  5.0   0.5     4    MM 346     MM  20.9  23.3  18.6   MM   MM    MM
2026 08 21 08 20 180  3.0  5.0   0.5     4    MM 350     MM  20.9  23.3  18.6   MM   MM    MM
2026 08 21 08 10 190  3.0  5.0   0.5     5    MM 359     MM  20.9  23.3  18.6   MM   MM    MM
2026 08 21 08 00 190  4.0  6.0   0.5     4    MM 346     MM  21.0  23.3  18.8   MM   MM    MM
2026 08 21 07 50 190  4.0  6.0   0.5     4    MM 353     MM  20.7  23.3  18.6   MM   MM    MM
2026 08 21 07 40 190  4.0  6.0   0.5     4    MM 351     MM  20.7  23.3  18.6   MM   MM    MM
2026 08 21 07 30 180  4.0  6.0   0.5     4    MM 355     MM  20.7  23.3  18.7   MM   MM    MM
2026 08 21 07 20 180  4.0  5.0   0.5     4    MM 348     MM  20.6  23.3  18.7   MM   MM    MM
2026 08 21 07 10 190  4.0  5.0   0.5     4    MM 354     MM  20.8  23.3  18.7   MM   MM    MM
2026 08 21 07 00 170  4.0  5.0   0.5     4    MM 355     MM  21.4  23.3  19.1   MM   MM    MM
2026 08 21 06 50 190  4.0  5.0   0.6     4    MM 353     MM  21.9  23.3  19.4   MM   MM    MM
2026 08 21 06 40 190  3.0  4.0   0.6     4    MM 356     MM  22.2  23.3  19.6   MM   MM    MM
2026 08 21 06 30 190  2.0  4.0   0.6     4    MM 358     MM  22.4  23.3  19.3   MM   MM    MM
2026 08 21 06 20 100  1.0  4.0   0.6     4    MM  14     MM  22.8  23.3  19.1   MM   MM    MM
2026 08 21 06 10  30  2.0  3.0   0.7     4    MM   2     MM  22.8  23.3  19.3   MM   MM    MM
2026 08 21 06 00  30  2.0  4.0   0.7     4    MM  22     MM  22.8  23.3  19.2   MM   MM    MM
2026 08 21 05 50  20  3.0  4.0   0.7     4    MM  18     MM  22.8  23.3  19.3   MM   MM    MM
2026 08 21 05 40  10  3.0  4.0   0.7     4    MM  26     MM  22.8  23.3  19.3   MM   MM    MM
2026 08 21 05 30  10  4.0  5.0   0.7     4    MM  26     MM  22.8  23.3  19.2   MM   MM    MM
2026 08 21 05 20  20  4.0  5.0   0.7     4    MM  31     MM  22.8  23.3  19.0   MM   MM    MM
2026 08 21 05 10  20  3.0  5.0   0.7     4    MM  25     MM  22.8  23.3  18.8   MM   MM    MM
2026 08 21 05 00  10  3.0  4.0   0.6     4    MM  27     MM  22.8  23.3  18.7   MM   MM    MM
2026 08 21 04 50  10  3.0  4.0   0.7     4    MM  29     MM  22.8  23.3  18.7   MM   MM    MM
2026 08 21 04 40  20  3.0  5.0   0.7     4    MM  27     MM  22.8  23.3  18.6   MM   MM    MM
2026 08 21 04 30  20  3.0  5.0   0.7     4    MM  32     MM  22.8  23.3  18.5   MM   MM    MM
2026 08 21 04 20  30  4.0  5.0   0.7     4    MM  22     MM  22.8  23.3  18.3   MM   MM    MM
2026 08 21 04 10  40  4.0  5.0   0.6     4    MM  19     MM  22.8  23.4  18.0   MM   MM    MM
2026 08 21 04 00  40  4.0  6.0   0.7     4    MM  20     MM  22.8  23.4  18.0   MM   MM    MM
2026 08 21 03 50  30  4.0  6.0   0.7     4    MM  27     MM  22.8  23.4  18.0   MM   MM    MM
2026 08 21 03 40  30  4.0  6.0   0.7     4    MM  26     MM  22.8  23.4  18.0   MM   MM    MM
2026 08 21 03 30  20  5.0  6.0   0.7     4    MM  17     MM  22.8  23.4  17.8   MM   MM    MM
2026 08 21 03 20  20  5.0  6.0   0.7     4    MM  31     MM  22.8  23.4  17.8   MM   MM    MM
2026 08 21 03 10  20  5.0  6.0   0.6     4    MM  27     MM  22.8  23.4  17.9   MM   MM    MM
2026 08 21 03 00  20  5.0  6.0   0.7     4    MM  29     MM  22.8  23.4  18.1   MM   MM    MM
2026 08 21 02 50  20  5.0  7.0   0.7     4    MM  31     MM  22.9  23.4  17.8   MM   MM    MM
2026 08 21 02 40  20  5.0  6.0   0.7     4    MM  19     MM  22.9  23.4  17.9   MM   MM    MM
2026 08 21 02 30  20  4.0  6.0   0.7     4    MM  27     MM  22.9  23.4  18.0   MM   MM    MM
2026 08 21 02 20  20  4.0  6.0   0.6     4    MM  29     MM  22.9  23.4  17.8   MM   MM    MM
2026 08 21 02 10  20  5.0  6.0   0.7     4    MM  18     MM  22.9  23.4  17.6   MM   MM    MM
2026 08 21 02 00  20  5.0  6.0   0.6     4    MM  21     MM  23.0  23.4  17.6   MM   MM    MM
2026 08 21 01 50  20  5.0  7.0   0.6     4    MM  25     MM  23.0  23.4  17.6   MM   MM    MM
2026 08 21 01 40  20  5.0  7.0   0.7     4    MM  26     MM  23.0  23.5  17.7   MM   MM    MM
2026 08 21 01 30  10  5.0  6.0   0.6     4    MM  25     MM  23.0  23.5  17.5   MM   MM    MM
2026 08 21 01 20  10  5.0  6.0   0.6     4    MM  21     MM  22.9  23.5  17.5   MM   MM    MM
2026 08 21 01 10  10  5.0  7.0   0.6     4    MM  24     MM  22.9  23.5  17.8   MM   MM    MM
2026 08 21 01 00  10  5.0  7.0   0.6     4    MM  15     MM  22.8  23.5  18.2   MM   MM    MM
2026 08 21 00 50  10  5.0  7.0   0.6     4    MM  24     MM  22.8  23.5  18.1   MM   MM    MM
2026 08 21 00 40  20  5.0  6.0   0.6     4    MM  14     MM  22.8  23.6  18.2   MM   MM    MM
2026 08 21 00 30  20  5.0  7.0   0.6     4    MM  19     MM  22.8  23.6  18.4   MM   MM    MM
2026 08 21 00 20  20  5.0  6.0   0.5     4    MM  26     MM  22.8  23.6  18.4   MM   MM    MM
2026 08 21 00 10  10  5.0  7.0   0.5     4    MM  18     MM  22.9  23.6  18.5   MM   MM    MM
2026 08 21 00 00 360  5.0  7.0   0.5     4    MM   6     MM  22.9  23.6  18.6   MM   MM    MM
2026 08 20 23 50  10  5.0  7.0   0.5     4    MM  15     MM  23.2  23.7  18.7   MM   MM    MM
2026 08 20 23 40  10  4.0  6.0   0.5     4    MM  10     MM  23.4  23.7  18.3   MM   MM    MM
2026 08 20 23 30  10  3.0  4.0   0.5     4    MM  12     MM  23.5  23.7  17.8   MM   MM    MM
2026 08 20 23 10 360  2.0  3.0   0.5     4    MM  18     MM  23.5  23.7  18.2   MM   MM    MM
2026 08 20 23 00 340  2.0  3.0   0.5     4    MM  11     MM  23.4  23.8  18.2   MM   MM    MM
2026 08 20 22 50 330  2.0  3.0   0.5     4    MM  11     MM  23.4  23.8  18.3   MM   MM    MM
2026 08 20 22 40 340  1.0  3.0   0.5     4    MM  11     MM  23.2  23.8  18.3   MM   MM    MM
2026 08 20 22 30 350  2.0  2.0   0.5     4    MM  19     MM  23.0  23.8  18.2   MM   MM    MM
2026 08 20 22 20 350  2.0  3.0   0.5     4    MM  14     MM  23.0  23.8  18.3   MM   MM    MM
2026 08 20 22 10 350  2.0  3.0   0.5     4    MM   5     MM  22.9  23.8  18.2   MM   MM    MM
2026 08 20 21 50 340  2.0  3.0   0.5     4    MM  13     MM  22.8  23.8  18.3   MM   MM    MM
2026 08 20 21 40 360  2.0  3.0   0.5     4    MM  13     MM  22.7  23.7  18.2   MM   MM    MM
2026 08 20 21 30 340  2.0  3.0   0.5     4    MM   8     MM  22.5  23.7  18.2   MM   MM    MM
2026 08 20 21 20 350  2.0  3.0   0.5     4    MM  18     MM  22.4  23.8  18.3   MM   MM    MM
2026 08 20 21 10 350  2.0  3.0   0.5     4    MM  11     MM  22.3  23.7  18.3   MM   MM    MM
2026 08 20 21 00 350  2.0  3.0   0.5     4    MM 352     MM  22.2  23.8  18.4   MM   MM    MM
2026 08 20 20 50 330  3.0  4.0   0.5     4    MM  10     MM  22.1  23.7  18.5   MM   MM    MM
2026 08 20 20 40 330  3.0  5.0   0.5     4    MM  21     MM  22.0  23.7  18.4   MM   MM    MM
2026 08 20 20 30 340  3.0  5.0   0.5     4    MM   6     MM  22.0  23.7  18.6   MM   MM    MM
2026 08 20 20 20 350  4.0  5.0   0.5     4    MM  21     MM  22.0  23.6  18.5   MM   MM    MM
2026 08 20 20 10 340  3.0  5.0   0.5     4    MM 357     MM  22.0  23.7  18.6   MM   MM    MM
2026 08 20 20 00 350  3.0  4.0   0.5     4    MM   6     MM  21.9  23.7  18.4   MM   MM    MM
2026 08 20 19 50 350  3.0  4.0   0.5     4    MM   6     MM  22.0  23.7  18.5   MM   MM    MM
2026 08 20 19 40 350  3.0  4.0   0.5     4    MM   3     MM  22.0  23.7  18.3   MM   MM    MM
2026 08 20 19 30 350  3.0  5.0   0.5     4    MM   7     MM  22.1  23.7  18.1   MM   MM    MM
2026 08 20 19 20 350  3.0  5.0   0.5     4    MM   4     MM  22.1  23.6  17.8   MM   MM    MM
2026 08 20 19 10 350  3.0  4.0   0.5     4    MM 356     MM  22.2  23.6  17.5   MM   MM    MM
2026 08 20 19 00 360  2.0  4.0   0.5     4    MM  11     MM  22.1  23.6  17.2   MM   MM    MM
2026 08 20 18 50 350  3.0  4.0   0.5     4    MM 349     MM  22.0  23.6  17.5   MM   MM    MM
2026 08 20 18 40 360  3.0  5.0   0.5     4    MM   0     MM  21.9  23.5  17.5   MM   MM    MM
2026 08 20 18 30 350  3.0  5.0   0.5     4    MM 354     MM  21.9  23.5  18.0   MM   MM    MM
2026 08 20 18 20 360  3.0  5.0   0.5     4    MM 347     MM  21.8  23.5  18.0   MM   MM    MM
2026 08 20 18 10 350  3.0  5.0   0.5     4    MM 356     MM  21.8  23.5  18.0   MM   MM    MM
2026 08 20 18 00 360  4.0  5.0   0.5     4    MM  14     MM  21.8  23.5  18.1   MM   MM    MM
2026 08 20 17 50 360  4.0  5.0   0.6     4    MM   9     MM  21.8  23.4  18.2   MM   MM    MM
2026 08 20 17 40 360  3.0  5.0   0.5     4    MM  12     MM  21.9  23.4  18.1   MM   MM    MM
2026 08 20 17 30 360  3.0  4.0   0.5     4    MM 352     MM  21.9  23.4  17.7   MM   MM    MM
2026 08 20 17 20 360  3.0  5.0   0.6     4    MM   5     MM  21.9  23.4  17.6   MM   MM    MM
2026 08 20 17 10 360  4.0  6.0   0.5     4    MM  10     MM  21.8  23.4  17.8   MM   MM    MM
2026 08 20 17 00 360  4.0  5.0   0.5     4    MM   5     MM  21.9  23.3  17.8   MM   MM    MM
2026 08 20 16 50 350  4.0  5.0   0.6     4    MM  11     MM  21.8  23.3  17.8   MM   MM    MM
2026 08 20 16 40 350  3.0  5.0   0.6     4    MM  10     MM  21.8  23.3  17.9   MM   MM    MM
2026 08 20 16 30 350  4.0  5.0   0.6     4    MM  13     MM  21.8  23.3  17.8   MM   MM    MM
2026 08 20 16 20 350  4.0  5.0   0.6     4    MM  11     MM  21.8  23.3  17.8   MM   MM    MM
2026 08 20 16 10 340  4.0  5.0   0.6     4    MM   8     MM  21.8  23.3  17.8   MM   MM    MM
2026 08 20 16 00 340  4.0  5.0   0.5     4    MM  19     MM  21.8  23.2  17.8   MM   MM    MM
2026 08 20 15 50 350  4.0  5.0   0.5     4    MM  16     MM  21.8  23.2  17.7   MM   MM    MM
2026 08 20 15 40 350  4.0  5.0   0.5     4    MM  13     MM  21.8  23.2  17.7   MM   MM    MM
2026 08 20 15 30 350  3.0  5.0   0.5     4    MM   5     MM  21.8  23.2  17.6   MM   MM    MM
2026 08 20 15 10 350  3.0  4.0   0.6     4    MM   7     MM  21.9  23.2  17.7   MM   MM    MM
2026 08 20 15 00  10  3.0  4.0   0.6     4    MM   8     MM  21.9  23.2  17.7   MM   MM    MM
2026 08 20 14 50 360  3.0  5.0   0.5     4    MM  15     MM  21.9  23.1  17.6   MM   MM    MM
2026 08 20 14 40 360  4.0  5.0   0.6     4    MM  10     MM  22.0  23.1  17.7   MM   MM    MM
2026 08 20 14 30 360  4.0  6.0   0.6     4    MM  12     MM  22.0  23.1  17.6   MM   MM    MM
2026 08 20 14 20  10  3.0  5.0   0.6     4    MM   9     MM  22.1  23.1  17.5   MM   MM    MM
2026 08 20 14 10  10  3.0  5.0   0.6     4    MM   6     MM  22.2  23.1  17.4   MM   MM    MM
2026 08 20 14 00  10  3.0  5.0   0.6     4    MM   6     MM  22.2  23.1  17.4   MM   MM    MM
2026 08 20 13 50  20  3.0  4.0   0.6     4    MM  12     MM  22.2  23.1  17.5   MM   MM    MM
2026 08 20 13 40  30  3.0  5.0   0.6     4    MM   9     MM  22.1  23.1  17.3   MM   MM    MM
2026 08 20 13 30  30  4.0  6.0   0.6     4    MM  10     MM  22.1  23.1  17.4   MM   MM    MM
2026 08 20 13 20  20  5.0  6.0   0.6     4    MM  13     MM  22.1  23.1  17.5   MM   MM    MM
2026 08 20 13 10  30  5.0  6.0   0.6     4    MM   3     MM  22.1  23.1  17.7   MM   MM    MM
2026 08 20 13 00  20  5.0  6.0   0.6     4    MM  10     MM  22.2  23.1  17.6   MM   MM    MM
2026 08 20 12 50  20  5.0  6.0   0.7     4    MM  14     MM  22.2  23.1  17.6   MM   MM    MM
2026 08 20 12 40  10  5.0  7.0   0.6     4    MM  21     MM  22.2  23.1  17.3   MM   MM    MM
2026 08 20 12 30  10  5.0  6.0   0.7     4    MM   9     MM  22.2  23.1  17.1   MM   MM    MM
2026 08 20 12 20  10  5.0  6.0   0.6     4    MM  22     MM  22.2  23.1  17.5   MM   MM    MM
2026 08 20 12 10  10  5.0  7.0   0.6     4    MM   7     MM  22.3  23.1  17.0   MM   MM    MM
2026 08 20 12 00  10  5.0  7.0   0.6     4    MM  10     MM  22.3  23.1  17.1   MM   MM    MM
2026 08 20 11 50  10  5.0  7.0   0.7     4    MM  13     MM  22.3  23.1  17.0   MM   MM    MM
2026 08 20 11 40  10  6.0  7.0   0.7     4    MM  15     MM  22.3  23.1  16.8   MM   MM    MM
2026 08 20 11 30  10  6.0  8.0   0.6     4    MM  23     MM  22.2  23.1  16.7   MM   MM    MM
2026 08 20 11 20 360  6.0  7.0   0.6     4    MM  17     MM  22.2  23.1  16.8   MM   MM    MM
2026 08 20 11 10 360  6.0  7.0   0.6     4    MM  11     MM  22.2  23.1  16.8   MM   MM    MM
2026 08 20 11 00  10  6.0  7.0   0.7     4    MM  21     MM  22.3  23.1  16.4   MM   MM    MM
2026 08 20 10 50  10  6.0  7.0   0.6     4    MM  19     MM  22.3  23.1  16.4   MM   MM    MM
2026 08 20 10 40  10  6.0  8.0   0.6     4    MM  22     MM  22.3  23.1  16.3   MM   MM    MM
2026 08 20 10 30  10  6.0  8.0   0.7     4    MM  25     MM  22.2  23.1  16.6   MM   MM    MM
2026 08 20 10 20  10  6.0  8.0   0.7     4    MM  16     MM  22.2  23.1  16.9   MM   MM    MM
2026 08 20 10 10  20  6.0  8.0   0.6     4    MM  23     MM  22.3  23.1  16.8   MM   MM    MM
2026 08 20 10 00  20  6.0  8.0   0.7     4    MM  19     MM  22.3  23.1  16.7   MM   MM    MM
2026 08 20 09 50  20  7.0  9.0   0.7     4    MM  19     MM  22.3  23.1  16.5   MM   MM    MM
2026 08 20 09 40  20  6.0  8.0   0.7     4    MM 357     MM  22.3  23.1  16.8   MM   MM    MM
2026 08 20 09 30  20  6.0  8.0   0.7     4    MM  10     MM  22.3  23.1  17.0   MM   MM    MM
2026 08 20 09 20  20  6.0  8.0   0.7     4    MM  10     MM  22.3  23.1  17.0   MM   MM    MM
2026 08 20 09 10  20  6.0  8.0   0.7     4    MM  18     MM  22.4  23.1  16.5   MM   MM    MM
2026 08 20 09 00  20  6.0  8.0   0.7     4    MM  17     MM  22.4  23.1  16.3   MM   MM    MM
2026 08 20 08 50  30  6.0  8.0   0.8     4    MM  17     MM  22.5  23.1  16.1   MM   MM    MM
2026 08 20 08 40  30  6.0  8.0   0.7     4    MM  24     MM  22.5  23.1  15.9   MM   MM    MM
2026 08 20 08 30  30  6.0  7.0   0.7     4    MM  12     MM  22.6  23.1  15.8   MM   MM    MM
2026 08 20 08 20  30  6.0  8.0   0.8     4    MM  22     MM  22.6  23.1  16.1   MM   MM    MM
2026 08 20 08 10  30  6.0  7.0   0.8     4    MM  15     MM  22.6  23.1  16.1   MM   MM    MM
2026 08 20 08 00  40  6.0  8.0   0.8     4    MM  17     MM  22.6  23.1  16.3   MM   MM    MM
2026 08 20 07 50  30  6.0  8.0   0.8     4    MM  22     MM  22.6  23.2  16.3   MM   MM    MM
2026 08 20 07 40  40  6.0  9.0   0.8     4    MM  13     MM  22.5  23.2  16.2   MM   MM    MM
2026 08 20 07 30  40  7.0  8.0   0.8     4    MM  22     MM  22.5  23.2  16.4   MM   MM    MM
2026 08 20 07 20  40  6.0  8.0   0.8     4    MM  13     MM  22.4  23.2  16.5   MM   MM    MM
2026 08 20 07 10  40  7.0  8.0   0.8     4    MM  18     MM  22.5  23.2  16.2   MM   MM    MM
2026 08 20 07 00  40  7.0  9.0   0.8     4    MM  14     MM  22.4  23.2  16.8   MM   MM    MM
2026 08 20 06 50  30  7.0  9.0   0.8     4    MM  13     MM  22.4  23.2  17.0   MM   MM    MM
2026 08 20 06 40  30  7.0  9.0   0.8     4    MM  10     MM  22.5  23.2  17.1   MM   MM    MM
2026 08 20 06 30  40  7.0  9.0   0.9     4    MM  19     MM  22.5  23.2  16.9   MM   MM    MM
2026 08 20 06 20  40  8.0  9.0   0.8     4    MM  18     MM  22.6  23.2  16.4   MM   MM    MM
2026 08 20 06 10  40  7.0  9.0   0.9     4    MM  10     MM  22.6  23.2  16.7   MM   MM    MM
2026 08 20 06 00  30  7.0  9.0   0.8     4    MM  16     MM  22.6  23.2  16.3   MM   MM    MM
2026 08 20 05 50  30  7.0  9.0   0.8     4    MM  14     MM  22.7  23.2  16.2   MM   MM    MM
2026 08 20 05 40  40  7.0  9.0   0.9     4    MM  15     MM  22.7  23.2  16.4   MM   MM    MM
2026 08 20 05 30  40  7.0  9.0   0.8     4    MM  12     MM  22.8  23.2  16.1   MM   MM    MM
2026 08 20 05 20  40  7.0  9.0   0.8     4    MM  28     MM  22.9  23.2  16.3   MM   MM    MM
2026 08 20 05 10  30  7.0  9.0   0.9     4    MM  23     MM  23.0  23.2  15.6   MM   MM    MM
2026 08 20 05 00  30  7.0  9.0   0.8     4    MM  28     MM  23.1  23.2  15.4   MM   MM    MM
2026 08 20 04 50  30  7.0  9.0   0.8     4    MM  28     MM  23.1  23.2  15.9   MM   MM    MM
2026 08 20 04 40  30  7.0  9.0   0.8     4    MM  35     MM  23.3  23.2  15.3   MM   MM    MM
2026 08 20 04 30  30  7.0  9.0   0.9     4    MM  42     MM  23.4  23.2  14.9   MM   MM    MM
2026 08 20 04 20  20  7.0 10.0   0.8     4    MM  27     MM  23.3  23.2  15.6   MM   MM    MM
2026 08 20 04 10  20  7.0  9.0   0.9     4    MM  30     MM  23.2  23.2  16.7   MM   MM    MM
2026 08 20 04 00  30  7.0  8.0   0.8     4    MM  32     MM  23.2  23.2  16.9   MM   MM    MM
2026 08 20 03 50  30  6.0  8.0   0.9     4    MM  31     MM  23.1  23.3  17.2   MM   MM    MM
2026 08 20 03 40  30  7.0  9.0   0.9     4    MM  34     MM  23.1  23.3  17.1   MM   MM    MM
2026 08 20 03 30  40  7.0  9.0   0.9     4    MM  39     MM  23.0  23.3  16.9   MM   MM    MM
2026 08 20 03 20  40  7.0  8.0   1.0     4    MM  37     MM  22.9  23.3  17.2   MM   MM    MM
2026 08 20 03 10  40  7.0  9.0   0.9     4    MM  43     MM  23.0  23.3  17.3   MM   MM    MM
2026 08 20 03 00  40  7.0  9.0   0.9     4    MM  38     MM  22.9  23.3  17.4   MM   MM    MM
2026 08 20 02 50  40  7.0  9.0   0.8     4    MM  37     MM  23.0  23.3  16.9   MM   MM    MM
2026 08 20 02 40  40  7.0  9.0   0.9     4    MM  42     MM  23.0  23.3  17.2   MM   MM    MM
2026 08 20 02 30  40  8.0 11.0   0.9     4    MM  44     MM  22.9  23.3  17.2   MM   MM    MM
2026 08 20 02 20  40  8.0 10.0   0.9     4    MM  38     MM  23.0  23.3  17.3   MM   MM    MM
2026 08 20 02 10  40  7.0 10.0   0.8     4    MM  42     MM  22.9  23.4  17.5   MM   MM    MM
2026 08 20 02 00  40  8.0 10.0   0.8     4    MM  43     MM  23.0  23.3  17.3   MM   MM    MM
2026 08 20 01 50  40  8.0 10.0   0.8     4    MM  45     MM  23.0  23.4  17.3   MM   MM    MM
2026 08 20 01 40  40  8.0 10.0   0.9     4    MM  39     MM  23.0  23.4  17.3   MM   MM    MM
2026 08 20 01 30  40  7.0 10.0   0.9     4    MM  41     MM  23.0  23.4  17.3   MM   MM    MM
2026 08 20 01 20  40  8.0 10.0   0.8     4    MM  39     MM  23.0  23.4  17.4   MM   MM    MM
2026 08 20 01 10  40  8.0 10.0   0.8     4    MM  35     MM  23.1  23.4  17.4   MM   MM    MM
2026 08 20 01 00  40  8.0  9.0   0.8     4    MM  41     MM  23.1  23.4  17.8   MM   MM    MM
2026 08 20 00 50  40  7.0  9.0   0.8     4    MM  30     MM  23.1  23.4  17.9   MM   MM    MM
2026 08 20 00 40  40  8.0  9.0   0.7     4    MM  30     MM  23.1  23.4  18.0   MM   MM    MM
2026 08 20 00 30  40  7.0 10.0   0.7     4    MM  25     MM  23.0  23.5  18.4   MM   MM    MM
2026 08 20 00 20  40  7.0  9.0   0.7     3    MM  23     MM  22.9  23.5  18.8   MM   MM    MM
2026 08 20 00 10  40  7.0  9.0   0.7     4    MM  28     MM  22.9  23.5  18.9   MM   MM    MM
2026 08 20 00 00  40  8.0 10.0   0.7     3    MM  30     MM  22.9  23.5  19.1   MM   MM    MM
2026 08 19 23 50  30  8.0 10.0   0.6     3    MM  22     MM  22.8  23.5  19.4   MM   MM    MM
2026 08 19 23 40  30  8.0 10.0   0.6     3    MM  22     MM  22.8  23.5  19.4   MM   MM    MM
2026 08 19 23 30  30  7.0  9.0   0.6     3    MM  12     MM  22.8  23.6  19.4   MM   MM    MM
2026 08 19 23 10  40  7.0  9.0   0.6     3    MM  40     MM  22.7  23.6  19.8   MM   MM    MM
2026 08 19 23 00  40  7.0  8.0   0.5     3    MM  25     MM  22.7  23.6  19.7   MM   MM    MM
2026 08 19 22 50  40  6.0  9.0   0.5     3    MM  30     MM  22.7  23.6  19.7   MM   MM    MM
2026 08 19 22 40  40  7.0  8.0   0.5     3    MM  31     MM  22.7  23.6  19.6   MM   MM    MM
2026 08 19 22 30  40  7.0  8.0   0.5     3    MM  24     MM  22.7  23.7  19.7   MM   MM    MM
2026 08 19 22 20  30  7.0  9.0   0.5     3    MM  31     MM  22.6  23.6  19.9   MM   MM    MM
2026 08 19 22 10  30  6.0  8.0   0.5     3    MM  31     MM  22.6  23.6  20.0   MM   MM    MM
2026 08 19 22 00  30  7.0  9.0   0.5     3    MM  16     MM  22.6  23.7  19.9   MM   MM    MM
2026 08 19 21 50  30  6.0  9.0   0.5     3    MM  18     MM  22.6  23.7  19.9   MM   MM    MM
2026 08 19 21 40  20  6.0  8.0   0.5     3    MM  22     MM  22.6  23.7  19.9   MM   MM    MM
2026 08 19 21 30  20  6.0  8.0   0.4     3    MM  26     MM  22.6  23.7  19.9   MM   MM    MM
2026 08 19 21 20  20  6.0  7.0   0.4     2    MM  17     MM  22.5  23.7  19.9   MM   MM    MM
2026 08 19 21 10  20  6.0  7.0   0.4     3    MM  27     MM  22.5  23.7  20.0   MM   MM    MM
2026 08 19 21 00  20  6.0  7.0   0.4     2    MM  20     MM  22.5  23.7  20.0   MM   MM    MM
2026 08 19 20 50  20  6.0  7.0   0.4     2    MM  20     MM  22.6  23.7  19.9   MM   MM    MM
2026 08 19 20 40  20  6.0  8.0   0.4     2    MM  21     MM  22.6  23.7  20.1   MM   MM    MM
2026 08 19 20 30  20  6.0  7.0   0.4     2    MM  12     MM  22.6  23.8  20.1   MM   MM    MM
2026 08 19 20 20  20  5.0  8.0   0.4     2    MM  21     MM  22.6  23.8  20.1   MM   MM    MM
2026 08 19 20 10  20  5.0  6.0   0.3     2    MM  25     MM  22.6  23.8  20.1   MM   MM    MM
2026 08 19 20 00  20  5.0  7.0   0.3     4    MM  20     MM  22.5  23.8  20.0   MM   MM    MM
2026 08 19 19 50  20  5.0  7.0   0.4    MM    MM 336     MM  22.5  23.8  20.1   MM   MM    MM
2026 08 19 19 40  20  5.0  7.0   0.3     3    MM  18     MM  22.5  23.8  20.1   MM   MM    MM
2026 08 19 19 30  20  6.0  7.0   0.3     3    MM 350     MM  22.5  23.8  20.1   MM   MM    MM
2026 08 19 19 20  20  5.0  7.0   0.3     4    MM 346     MM  22.5  23.8  20.2   MM   MM    MM
2026 08 19 19 10  10  5.0  8.0   0.3     4    MM 347     MM  22.5  23.8  20.2   MM   MM    MM
2026 08 19 19 00  10  5.0  6.0   0.3    MM    MM 350     MM  22.5  23.8  20.1   MM   MM    MM
2026 08 19 18 50  20  5.0  6.0   0.3     4    MM  12     MM  22.5  23.8  20.1   MM   MM    MM
2026 08 19 18 40  20  5.0  6.0   0.3     3    MM 350     MM  22.5  23.8  20.2   MM   MM    MM
2026 08 19 18 30  20  4.0  5.0   0.3     3    MM 350     MM  22.5  23.8  20.1   MM   MM    MM
2026 08 19 18 20  10  4.0  5.0   0.3     4    MM 351     MM  22.6  23.9  20.1   MM   MM    MM
2026 08 19 18 10  10  4.0  5.0   0.2    MM    MM 349     MM  22.5  23.8  20.1   MM   MM    MM
2026 08 19 18 00  10  4.0  5.0   0.2    MM    MM 344     MM  22.6  23.8  20.0   MM   MM    MM
2026 08 19 17 50  10  3.0  4.0   0.2    MM    MM 344     MM  22.6  23.8  20.0   MM   MM    MM
2026 08 19 17 40  10  3.0  4.0   0.2    MM    MM 348     MM  22.6  23.8  19.9   MM   MM    MM
2026 08 19 17 30  20  3.0  4.0   0.2    MM    MM 353     MM  22.7  23.7  19.8   MM   MM    MM
2026 08 19 17 20  10  2.0  3.0   0.2    MM    MM 354     MM  22.7  23.7  19.7   MM   MM    MM
2026 08 19 17 10  20  2.0  3.0   0.2    MM    MM 352     MM  22.8  23.6  19.7   MM   MM    MM
2026 08 19 17 00  30  2.0  3.0   0.3     3    MM 348     MM  22.8  23.6  19.7   MM   MM    MM
2026 08 19 16 50  30  2.0  3.0   0.2    MM    MM 350     MM  22.7  23.5  19.7   MM   MM    MM
2026 08 19 16 40  40  2.0  3.0   0.3     4    MM 353     MM  22.6  23.5  19.6   MM   MM    MM
2026 08 19 16 30  40  3.0  4.0   0.3     4    MM 351     MM  22.5  23.5  19.5   MM   MM    MM
2026 08 19 16 20  40  3.0  4.0   0.3     4    MM 350     MM  22.5  23.6  19.6   MM   MM    MM
2026 08 19 16 10  30  3.0  4.0   0.3     4    MM 358     MM  22.6  23.6  19.6   MM   MM    MM
2026 08 19 16 00  20  2.0  3.0   0.3     4    MM 354     MM  22.6  23.5  19.5   MM   MM    MM
2026 08 19 15 50  20  2.0  3.0   0.3     4    MM 353     MM  22.7  23.5  19.4   MM   MM    MM
2026 08 19 15 40  20  2.0  2.0   0.3     3    MM 356     MM  22.7  23.4  19.4   MM   MM    MM
2026 08 19 15 30  30  2.0  2.0   0.3     4    MM 359     MM  22.8  23.4  19.5   MM   MM    MM
2026 08 19 15 20  20  2.0  3.0   0.3     4    MM 354     MM  22.7  23.4  19.4   MM   MM    MM
2026 08 19 15 10  20  2.0  3.0   0.3     4    MM 352     MM  22.7  23.4  19.2   MM   MM    MM
2026 08 19 15 00  20  2.0  3.0   0.3     3    MM 355     MM  22.6  23.4  19.2   MM   MM    MM
2026 08 19 14 50  20  2.0  3.0   0.3     3    MM 359     MM  22.7  23.3  19.3   MM   MM    MM
2026 08 19 14 40  10  2.0  3.0   0.3     4    MM 348     MM  22.6  23.3  19.3   MM   MM    MM
2026 08 19 14 30  10  2.0  3.0   0.3     3    MM   2     MM  22.5  23.3  19.3   MM   MM    MM
2026 08 19 14 20  20  2.0  3.0   0.3     3    MM 351     MM  22.6  23.3  19.3   MM   MM    MM
2026 08 19 14 10  10  2.0  3.0   0.3     4    MM 359     MM  22.6  23.3  19.3   MM   MM    MM
2026 08 19 14 00 360  3.0  4.0   0.4     4    MM   2     MM  22.5  23.3  19.2   MM   MM    MM
2026 08 19 13 50 360  2.0  4.0   0.4     3    MM 360     MM  22.6  23.2  19.2   MM   MM    MM
2026 08 19 13 40 350  2.0  3.0   0.4     3    MM 349     MM  22.6  23.2  19.2   MM   MM    MM
2026 08 19 13 30 330  2.0  3.0   0.4     4    MM 358     MM  22.6  23.2  19.1   MM   MM    MM
2026 08 19 13 20 320  1.0  2.0   0.4     4    MM 352     MM  22.8  23.2  19.1   MM   MM    MM
2026 08 19 13 10 300  1.0  2.0   0.4     4    MM 341     MM  22.7  23.2  19.0   MM   MM    MM
2026 08 19 13 00 300  2.0  3.0   0.4     4    MM 346     MM  22.5  23.2  19.1   MM   MM    MM
2026 08 19 12 50 310  2.0  4.0   0.4     4    MM 355     MM  22.5  23.2  19.1   MM   MM    MM
2026 08 19 12 40 320  3.0  4.0   0.4     4    MM  11     MM  22.5  23.2  19.0   MM   MM    MM
2026 08 19 12 30 310  3.0  4.0   0.4     3    MM   9     MM  22.5  23.2  19.1   MM   MM    MM
2026 08 19 12 20 310  3.0  4.0   0.4     3    MM 340     MM  22.4  23.2  19.1   MM   MM    MM
2026 08 19 12 10 300  3.0  4.0   0.4     3    MM 355     MM  22.4  23.2  19.2   MM   MM    MM
2026 08 19 12 00 300  3.0  4.0   0.4     3    MM 336     MM  22.4  23.2  19.1   MM   MM    MM
2026 08 19 11 50 300  3.0  4.0   0.4     3    MM 343     MM  22.4  23.2  19.2   MM   MM    MM
2026 08 19 11 40 290  3.0  5.0   0.4     3    MM 345     MM  22.4  23.2  19.1   MM   MM    MM
2026 08 19 11 30 280  3.0  4.0   0.4     3    MM 359     MM  22.5  23.2  19.1   MM   MM    MM
2026 08 19 11 20 290  4.0  5.0   0.4     3    MM   2     MM  22.5  23.2  19.1   MM   MM    MM
2026 08 19 11 10 300  3.0  5.0   0.4     3    MM 342     MM  22.5  23.2  19.4   MM   MM    MM
2026 08 19 11 00 300  3.0  5.0   0.4     3    MM 359     MM  22.5  23.2  19.4   MM   MM    MM
2026 08 19 10 50 290  3.0  4.0   0.4     3    MM   0     MM  22.5  23.2  19.4   MM   MM    MM
2026 08 19 10 40 290  3.0  4.0   0.4     3    MM 343     MM  22.5  23.2  19.4   MM   MM    MM
2026 08 19 10 30 290  4.0  5.0   0.4     3    MM 348     MM  22.5  23.2  19.7   MM   MM    MM
2026 08 19 10 00 260  2.0  3.0   0.4     3    MM 352     MM  22.3  23.2  20.3   MM   MM    MM
2026 08 19 09 50 260  3.0  4.0   0.4     4    MM 347     MM  22.3  23.2  20.2   MM   MM    MM
2026 08 19 09 40 260  3.0  4.0   0.4     3    MM 320     MM  22.3  23.2  20.1   MM   MM    MM
2026 08 19 09 30 260  3.0  4.0   0.4     4    MM   5     MM  22.3  23.2  20.2   MM   MM    MM
2026 08 19 09 20 260  3.0  4.0   0.4     3    MM   0     MM  22.4  23.2  20.2   MM   MM    MM
2026 08 19 09 10 250  4.0  5.0   0.4     3    MM 357     MM  22.5  23.2  20.2   MM   MM    MM
2026 08 19 09 00 250  4.0  5.0   0.4     3    MM 350     MM  22.5  23.2  20.1   MM   MM    MM
2026 08 19 08 50 250  4.0  5.0   0.4     3    MM   0     MM  22.6  23.2  20.1   MM   MM    MM
2026 08 19 08 40 260  4.0  5.0   0.4     3    MM   1     MM  22.6  23.2  20.0   MM   MM    MM
2026 08 19 08 30 260  4.0  5.0   0.4     4    MM   1     MM  22.6  23.2  20.1   MM   MM    MM
2026 08 19 08 20 270  4.0  5.0   0.3     4    MM 335     MM  22.7  23.2  20.1   MM   MM    MM
2026 08 19 08 10 260  4.0  5.0   0.4     3    MM 330     MM  22.6  23.2  20.0   MM   MM    MM
2026 08 19 08 00 250  4.0  5.0   0.4     4    MM 339     MM  22.4  23.2  20.0   MM   MM    MM
2026 08 19 07 50 240  4.0  5.0   0.4     4    MM 328     MM  21.9  23.2  20.1   MM   MM    MM
2026 08 19 07 40 230  4.0  5.0   0.4     4    MM 316     MM  21.7  23.2  19.9   MM   MM    MM
2026 08 19 07 30 220  4.0  5.0   0.4     4    MM 303     MM  21.5  23.2  19.8   MM   MM    MM
2026 08 19 07 20 210  4.0  5.0   0.4     4    MM 299     MM  21.3  23.2  19.6   MM   MM    MM
2026 08 19 07 10 210  4.0  6.0   0.4     4    MM 297     MM  21.2  23.2  19.5   MM   MM    MM
2026 08 19 07 00 210  4.0  6.0   0.4     4    MM 298     MM  21.1  23.2  19.4   MM   MM    MM
2026 08 19 06 50 200  4.0  6.0   0.4     4    MM 299     MM  21.0  23.2  19.4   MM   MM    MM
2026 08 19 06 40 200  4.0  5.0   0.4     4    MM 303     MM  20.8  23.2  19.2   MM   MM    MM
2026 08 19 06 30 200  4.0  5.0   0.4     3    MM 297     MM  20.7  23.2  19.3   MM   MM    MM
2026 08 19 06 20 190  5.0  6.0   0.3     3    MM 295     MM  20.6  23.2  19.2   MM   MM    MM
2026 08 19 06 10 200  4.0  6.0   0.3     3    MM 290     MM  20.8  23.2  19.3   MM   MM    MM
2026 08 19 06 00 200  4.0  5.0   0.2    MM    MM 279     MM  20.7  23.2  19.2   MM   MM    MM
2026 08 19 05 50 180  3.0  5.0   0.2    MM    MM 301     MM  20.7  23.2  19.2   MM   MM    MM
2026 08 19 05 40 180  3.0  4.0   0.2    MM    MM 290     MM  20.7  23.2  19.2   MM   MM    MM
2026 08 19 05 30 200  3.0  5.0   0.3     2    MM 309     MM  20.7  23.2  19.1   MM   MM    MM
2026 08 19 05 20 200  2.0  4.0   0.3     2    MM 304     MM  20.7  23.2  19.2   MM   MM    MM
2026 08 19 05 10 180  3.0  4.0   0.3     2    MM 304     MM  20.9  23.2  19.2   MM   MM    MM
2026 08 19 05 00 180  3.0  5.0   0.3     2    MM 292     MM  20.8  23.2  19.2   MM   MM    MM
2026 08 19 04 50 190  3.0  4.0   0.3     2    MM 335     MM  20.8  23.2  19.2   MM   MM    MM
2026 08 19 04 40 200  3.0  4.0   0.3     3    MM 349     MM  20.7  23.2  19.0   MM   MM    MM
2026 08 19 04 30 230  1.0  2.0   0.4     2    MM 359     MM  20.4  23.3  18.8   MM   MM    MM
2026 08 19 04 20 310  2.0  4.0   0.4     2    MM   1     MM  20.3  23.3  18.9   MM   MM    MM
2026 08 19 04 10 340  4.0  6.0   0.4     2    MM  12     MM  20.3  23.3  18.9   MM   MM    MM
2026 08 19 04 00 350  6.0  9.0   0.3    MM    MM  21     MM  20.3  23.3  18.9   MM   MM    MM
2026 08 19 03 50 350  8.0 10.0   0.3    MM    MM  22     MM  20.7  23.2  18.9   MM   MM    MM
2026 08 19 03 40  10  8.0 10.0   0.2    MM    MM 274     MM  20.9  23.3  18.8   MM   MM    MM
2026 08 19 03 30 280  6.0 11.0   0.3     3    MM 237     MM  22.6  23.3  19.9   MM   MM    MM
2026 08 19 03 20 200  4.0  5.0   0.3     3    MM 237     MM  23.2  23.3  20.5   MM   MM    MM
2026 08 19 03 10 200  4.0  6.0   0.3     3    MM 241     MM  23.2  23.3  20.5   MM   MM    MM
2026 08 19 03 00 190  3.0  4.0   0.3     3    MM 244     MM  23.1  23.3  20.3   MM   MM    MM
2026 08 19 02 50 200  3.0  5.0   0.3     3    MM 240     MM  23.2  23.3  20.2   MM   MM    MM
2026 08 19 02 40 200  4.0  5.0   0.3     3    MM 244     MM  23.2  23.3  20.3   MM   MM    MM
2026 08 19 02 30 200  4.0  5.0   0.3     3    MM 239     MM  23.3  23.3  20.3   MM   MM    MM
2026 08 19 02 20 200  4.0  5.0   0.3     3    MM 241     MM  23.4  23.3  20.4   MM   MM    MM
2026 08 19 02 10 190  4.0  5.0   0.3     3    MM 233     MM  23.4  23.3  20.4   MM   MM    MM
2026 08 19 02 00 190  4.0  5.0   0.3     3    MM 240     MM  23.4  23.3  20.5   MM   MM    MM
2026 08 19 01 50 190  4.0  5.0   0.3     3    MM 237     MM  23.5  23.3  20.5   MM   MM    MM
2026 08 19 01 40 190  4.0  5.0   0.3     3    MM 236     MM  23.5  23.3  20.5   MM   MM    MM
2026 08 19 01 30 190  4.0  6.0   0.3     3    MM 249     MM  23.5  23.3  20.4   MM   MM    MM
2026 08 19 01 20 190  4.0  5.0   0.3     3    MM 235     MM  23.6  23.3  20.4   MM   MM    MM
2026 08 19 01 10 190  4.0  5.0   0.4     3    MM 254     MM  23.6  23.3  20.4   MM   MM    MM
2026 08 19 01 00 200  3.0  4.0   0.4     3    MM 256     MM  23.8  23.3  20.4   MM   MM    MM
2026 08 19 00 50 190  3.0  4.0   0.4     3    MM 245     MM  23.7  23.3  20.3   MM   MM    MM
2026 08 19 00 40 190  3.0  4.0   0.4     3    MM 244     MM  23.8  23.3  20.3   MM   MM    MM
2026 08 19 00 30 200  3.0  4.0   0.4     3    MM 242     MM  23.8  23.3  20.4   MM   MM    MM
2026 08 19 00 20 200  3.0  4.0   0.4     3    MM 248     MM  23.9  23.3  20.4   MM   MM    MM
2026 08 19 00 10 210  4.0  5.0   0.4     3    MM 237     MM  24.0  23.3  20.3   MM   MM    MM
2026 08 19 00 00 220  4.0  6.0   0.4     3    MM 244     MM  24.0  23.3  20.4   MM   MM    MM
2026 08 18 23 50 230  4.0  6.0   0.5     3    MM 238     MM  24.0  23.3  20.4   MM   MM    MM
2026 08 18 23 40 230  5.0  6.0   0.4     3    MM 238     MM  24.1  23.4  20.4   MM   MM    MM
2026 08 18 23 30 220  5.0  6.0   0.5     3    MM 238     MM  24.1  23.4  20.4   MM   MM    MM
2026 08 18 23 20 210  5.0  6.0   0.5     3    MM 227     MM  24.1  23.4  20.4   MM   MM    MM
2026 08 18 23 10 210  5.0  7.0   0.5     3    MM 225     MM  24.2  23.4  20.4   MM   MM    MM
2026 08 18 23 00 210  5.0  7.0   0.5     3    MM 225     MM  24.3  23.4  20.3   MM   MM    MM
2026 08 18 22 50 210  6.0  8.0   0.5     3    MM 224     MM  24.3  23.4  20.2   MM   MM    MM
2026 08 18 22 40 220  6.0  8.0   0.5     3    MM 225     MM  24.3  23.4  20.3   MM   MM    MM
2026 08 18 22 30 220  5.0  8.0   0.5     3    MM 228     MM  24.3  23.4  20.3   MM   MM    MM
2026 08 18 22 20 220  5.0  8.0   0.5     3    MM 230     MM  24.3  23.4  20.5   MM   MM    MM
2026 08 18 22 10 220  6.0  7.0   0.5     3    MM 230     MM  24.4  23.4  20.2   MM   MM    MM
2026 08 18 22 00 230  6.0  7.0   0.5     3    MM 215     MM  24.3  23.4  20.3   MM   MM    MM
2026 08 18 21 50 230  6.0  8.0   0.4     3    MM 218     MM  24.5  23.4  20.0   MM   MM    MM
2026 08 18 21 40 220  7.0  9.0   0.4     2    MM 213     MM  24.6  23.5  19.9   MM   MM    MM
2026 08 18 21 30 220  7.0  9.0   0.4     2    MM 220     MM  24.7  23.5  19.7   MM   MM    MM
2026 08 18 21 20 220  7.0  9.0   0.4     2    MM 216     MM  24.8  23.5  19.9   MM   MM    MM
2026 08 18 21 10 210  7.0 10.0   0.3     2    MM 231     MM  24.9  23.6  19.9   MM   MM    MM
2026 08 18 21 00 230  6.0  8.0   0.3    MM    MM 234     MM  24.9  23.7  20.3   MM   MM    MM
2026 08 18 20 50 230  6.0  8.0   0.2    MM    MM 241     MM  24.9  23.7  20.3   MM   MM    MM
2026 08 18 20 40 230  6.0  7.0   0.2    MM    MM 260     MM  25.1  23.8  20.5   MM   MM    MM
2026 08 18 20 30 240  5.0  6.0   0.2    MM    MM 291     MM  25.2  23.9  20.5   MM   MM    MM
2026 08 18 20 20 230  4.0  6.0   0.2    MM    MM 312     MM  25.3  23.8  20.6   MM   MM    MM
2026 08 18 20 10 200  2.0  5.0   0.2    MM    MM 312     MM  25.1  23.6  20.3   MM   MM    MM
2026 08 18 20 00 180  2.0  2.0   0.2    MM    MM 316     MM  24.9  23.6  20.1   MM   MM    MM
2026 08 18 19 50 190  2.0  2.0   0.2    MM    MM 319     MM  25.0  23.7  19.7   MM   MM    MM
2026 08 18 19 40 210  1.0  2.0   0.2    MM    MM 317     MM  24.9  23.7  19.7   MM   MM    MM
2026 08 18 19 30 210  1.0  2.0   0.2    MM    MM 316     MM  24.9  23.6  19.8   MM   MM    MM
2026 08 18 19 20 220  1.0  2.0   0.2    MM    MM 324     MM  24.9  23.7  19.8   MM   MM    MM
2026 08 18 19 10 220  1.0  2.0   0.2    MM    MM 315     MM  24.8  23.7  19.7   MM   MM    MM
2026 08 18 19 00 220  2.0  2.0   0.2    MM    MM 300     MM  24.7  23.6  19.6   MM   MM    MM
2026 08 18 18 50 230  2.0  3.0   0.2    MM    MM 316     MM  24.8  23.6  19.4   MM   MM    MM
2026 08 18 18 40 220  1.0  3.0   0.2    MM    MM 316     MM  24.8  23.5  19.0   MM   MM    MM
2026 08 18 18 30 220  1.0  2.0   0.3     3    MM 305     MM  24.7  23.5  19.3   MM   MM    MM
2026 08 18 18 20 230  2.0  2.0   0.3     3    MM 300     MM  24.7  23.4  19.2   MM   MM    MM
2026 08 18 18 10 210  2.0  3.0   0.3     3    MM 306     MM  24.4  23.4  19.4   MM   MM    MM
2026 08 18 18 00 220  2.0  3.0   0.3     3    MM 293     MM  24.3  23.4  19.8   MM   MM    MM
2026 08 18 17 50 250  2.0  3.0   0.3     3    MM 303     MM  24.2  23.3  19.7   MM   MM    MM
2026 08 18 17 40 250  2.0  3.0   0.3     3    MM 297     MM  24.2  23.3  19.5   MM   MM    MM
2026 08 18 17 30 230  1.0  2.0   0.3     3    MM 294     MM  24.1  23.4  19.4   MM   MM    MM
2026 08 18 17 20 220  1.0  2.0   0.3     3    MM 302     MM  24.0  23.3  19.6   MM   MM    MM
2026 08 18 17 10 240  2.0  3.0   0.3     3    MM 298     MM  23.9  23.3  19.2   MM   MM    MM
2026 08 18 17 00 250  2.0  4.0   0.3     3    MM 289     MM  23.7  23.3  19.3   MM   MM    MM
2026 08 18 16 50 250  3.0  4.0   0.3     3    MM 293     MM  23.5  23.3  19.2   MM   MM    MM
2026 08 18 16 40 250  3.0  4.0   0.3     3    MM 291     MM  23.4  23.2  19.4   MM   MM    MM
2026 08 18 16 30 250  4.0  6.0   0.4     3    MM 292     MM  23.4  23.2  18.8   MM   MM    MM
2026 08 18 16 20 240  4.0  5.0   0.4     3    MM 276     MM  23.2  23.2  18.9   MM   MM    MM
2026 08 18 16 10 230  4.0  5.0   0.3     3    MM 280     MM  23.0  23.2  18.9   MM   MM    MM
2026 08 18 16 00 230  4.0  5.0   0.3     3    MM 265     MM  22.9  23.2  18.9   MM   MM    MM
2026 08 18 15 50 230  4.0  5.0   0.4     3    MM 285     MM  22.9  23.2  18.9   MM   MM    MM
2026 08 18 15 40 230  3.0  5.0   0.4     3    MM 274     MM  22.8  23.1  18.8   MM   MM    MM
2026 08 18 15 30 230  3.0  4.0   0.4     3    MM 279     MM  22.8  23.1  18.9   MM   MM    MM
2026 08 18 15 20 220  3.0  4.0   0.4     3    MM 276     MM  22.7  23.1  18.9   MM   MM    MM
2026 08 18 15 10 240  3.0  5.0   0.4     3    MM 280     MM  22.6  23.1  19.1   MM   MM    MM
2026 08 18 15 00 230  3.0  5.0   0.4     3    MM 296     MM  22.5  23.1  19.1   MM   MM    MM
2026 08 18 14 50 240  4.0  6.0   0.5     3    MM 282     MM  22.6  23.1  19.2   MM   MM    MM
2026 08 18 14 40 240  5.0  6.0   0.5     3    MM 265     MM  22.6  23.1  18.9   MM   MM    MM
2026 08 18 14 30 240  5.0  6.0   0.5     3    MM 271     MM  22.4  23.1  19.0   MM   MM    MM
2026 08 18 14 20 240  5.0  7.0   0.5     3    MM 269     MM  22.3  23.1  18.9   MM   MM    MM
2026 08 18 14 10 240  5.0  7.0   0.5     3    MM 276     MM  22.3  23.1  19.0   MM   MM    MM
2026 08 18 14 00 240  5.0  7.0   0.5     3    MM 279     MM  22.2  23.1  19.1   MM   MM    MM
2026 08 18 13 50 240  5.0  7.0   0.5     3    MM 263     MM  22.3  23.1  19.2   MM   MM    MM
2026 08 18 13 40 240  6.0  8.0   0.5     3    MM 274     MM  22.2  23.1  19.2   MM   MM    MM
2026 08 18 13 30 240  6.0  8.0   0.5     3    MM 258     MM  22.1  23.1  19.0   MM   MM    MM
2026 08 18 13 20 240  5.0  6.0   0.5     3    MM 275     MM  22.0  23.1  18.9   MM   MM    MM
2026 08 18 13 10 240  5.0  7.0   0.5     3    MM 268     MM  22.0  23.1  18.8   MM   MM    MM
2026 08 18 13 00 240  5.0  7.0   0.5     3    MM 270     MM  21.9  23.1  18.7   MM   MM    MM
2026 08 18 12 50 240  5.0  7.0   0.5     3    MM 264     MM  21.8  23.1  18.6   MM   MM    MM
2026 08 18 12 40 240  5.0  7.0   0.5     4    MM 278     MM  21.8  23.1  18.5   MM   MM    MM
2026 08 18 12 30 240  5.0  7.0   0.5     3    MM 263     MM  21.8  23.1  18.5   MM   MM    MM
2026 08 18 12 20 240  6.0  7.0   0.5     3    MM 261     MM  21.8  23.1  18.4   MM   MM    MM
2026 08 18 12 10 240  5.0  7.0   0.5     3    MM 271     MM  21.8  23.1  18.3   MM   MM    MM
2026 08 18 12 00 240  6.0  7.0   0.5     3    MM 264     MM  21.7  23.1  18.3   MM   MM    MM
2026 08 18 11 50 240  6.0  7.0   0.5     3    MM 259     MM  21.7  23.1  18.4   MM   MM    MM
2026 08 18 11 40 230  6.0  7.0   0.5     3    MM 257     MM  21.7  23.1  18.6   MM   MM    MM
2026 08 18 11 30 230  6.0  7.0   0.6     3    MM 258     MM  21.8  23.1  18.6   MM   MM    MM
2026 08 18 11 20 230  6.0  8.0   0.5     3    MM 255     MM  21.9  23.1  18.7   MM   MM    MM
2026 08 18 11 10 230  6.0  8.0   0.5     3    MM 260     MM  21.9  23.1  18.8   MM   MM    MM
2026 08 18 11 00 230  6.0  8.0   0.5     3    MM 256     MM  22.1  23.1  18.8   MM   MM    MM
2026 08 18 10 50 240  6.0  8.0   0.5     3    MM 262     MM  22.2  23.1  18.7   MM   MM    MM
2026 08 18 10 40 240  6.0  8.0   0.5     3    MM 271     MM  22.2  23.1  18.7   MM   MM    MM
2026 08 18 10 30 240  6.0  8.0   0.5     3    MM 259     MM  22.0  23.1  18.7   MM   MM    MM
2026 08 18 10 20 250  6.0  8.0   0.5     3    MM 259     MM  21.9  23.1  18.6   MM   MM    MM
2026 08 18 10 10 250  7.0  9.0   0.4     3    MM 256     MM  21.9  23.1  18.2   MM   MM    MM
2026 08 18 10 00 240  6.0  9.0   0.4     3    MM 245     MM  21.9  23.1  18.0   MM   MM    MM
2026 08 18 09 50 240  6.0  8.0   0.4     3    MM 249     MM  21.9  23.1  17.7   MM   MM    MM
2026 08 18 09 40 230  6.0  7.0   0.4     3    MM 251     MM  21.9  23.1  17.9   MM   MM    MM
2026 08 18 09 30 230  6.0  7.0   0.4     3    MM 242     MM  21.9  23.1  17.5   MM   MM    MM
2026 08 18 09 20 230  6.0  7.0   0.4     3    MM 244     MM  21.9  23.1  17.7   MM   MM    MM
2026 08 18 09 10 230  6.0  7.0   0.4     3    MM 241     MM  22.0  23.1  17.7   MM   MM    MM
2026 08 18 09 00 230  5.0  7.0   0.4     3    MM 241     MM  22.1  23.1  17.9   MM   MM    MM
2026 08 18 08 50 220  5.0  7.0   0.4     3    MM 244     MM  22.1  23.1  17.8   MM   MM    MM
2026 08 18 08 40 230  6.0  7.0   0.4     3    MM 250     MM  22.1  23.1  17.5   MM   MM    MM
2026 08 18 08 30 230  5.0  7.0   0.4     3    MM 241     MM  22.2  23.1  17.7   MM   MM    MM
2026 08 18 08 20 230  5.0  6.0   0.4     3    MM 245     MM  22.2  23.1  17.7   MM   MM    MM
2026 08 18 08 10 230  5.0  7.0   0.4     3    MM 254     MM  22.2  23.1  17.7   MM   MM    MM
2026 08 18 08 00 230  5.0  7.0   0.4     2    MM 250     MM  22.3  23.1  17.6   MM   MM    MM
2026 08 18 07 50 230  5.0  7.0   0.4     2    MM 256     MM  22.3  23.1  17.8   MM   MM    MM
2026 08 18 07 40 240  5.0  6.0   0.3     2    MM 256     MM  22.4  23.1  17.6   MM   MM    MM
2026 08 18 07 10 240  4.0  6.0   0.4     4    MM   9     MM  22.2  23.2  18.3   MM   MM    MM
2026 08 18 07 00 230  4.0  6.0   0.4    MM    MM 244     MM  22.1  23.2  18.6   MM   MM    MM
2026 08 18 06 50 230  5.0  7.0   0.4     4    MM 350     MM  22.3  23.2  18.2   MM   MM    MM
2026 08 18 06 40 230  5.0  6.0   0.4     4    MM 352     MM  22.3  23.2  18.0   MM   MM    MM
2026 08 18 06 10 230  4.0  6.0   0.4     5    MM 341     MM  22.2  23.2  18.5   MM   MM    MM
2026 08 18 06 00 230  4.0  5.0   0.4     5    MM 353     MM  22.1  23.2  18.7   MM   MM    MM
2026 08 18 05 50 230  4.0  5.0   0.4     4    MM 349     MM  22.1  23.2  18.6   MM   MM    MM
2026 08 18 05 40 230  4.0  5.0   0.4     4    MM 349     MM  22.1  23.2  18.5   MM   MM    MM
2026 08 18 05 30 230  4.0  5.0   0.4     4    MM 350     MM  22.1  23.2  18.5   MM   MM    MM
2026 08 18 05 20 230  4.0  5.0   0.4     4    MM 342     MM  22.2  23.2  18.5   MM   MM    MM
2026 08 18 05 10 230  3.0  5.0   0.4     4    MM 346     MM  22.3  23.2  18.0   MM   MM    MM
2026 08 18 05 00 230  4.0  5.0   0.4     4    MM 350     MM  22.3  23.2  17.8   MM   MM    MM
2026 08 18 04 50 230  3.0  5.0   0.4     4    MM 359     MM  22.3  23.2  18.1   MM   MM    MM
2026 08 18 04 40 230  4.0  5.0   0.4     4    MM 342     MM  22.2  23.2  18.0   MM   MM    MM
2026 08 18 04 30 230  4.0  5.0   0.4     4    MM 345     MM  22.3  23.2  17.9   MM   MM    MM
2026 08 18 04 20 230  3.0  5.0   0.4     5    MM 343     MM  22.3  23.2  18.0   MM   MM    MM
2026 08 18 04 10 220  3.0  5.0   0.4     4    MM 327     MM  22.3  23.2  18.1   MM   MM    MM
2026 08 18 04 00 220  3.0  5.0   0.5     5    MM 340     MM  22.2  23.2  18.1   MM   MM    MM
2026 08 18 03 50 220  3.0  5.0   0.5     4    MM 331     MM  22.0  23.2  18.6   MM   MM    MM
2026 08 18 03 40 210  3.0  5.0   0.5     5    MM 333     MM  22.0  23.2  18.7   MM   MM    MM
2026 08 18 03 30 210  4.0  5.0   0.5     5    MM 338     MM  21.9  23.2  18.6   MM   MM    MM
2026 08 18 03 20 210  4.0  5.0   0.5     5    MM 335     MM  22.0  23.2  18.5   MM   MM    MM
2026 08 18 03 10 210  3.0  4.0   0.5     5    MM 332     MM  22.0  23.2  18.9   MM   MM    MM
2026 08 18 03 00 210  3.0  4.0   0.5     5    MM 338     MM  22.2  23.2  18.8   MM   MM    MM
2026 08 18 02 50 210  2.0  3.0   0.5     5    MM 345     MM  22.6  23.2  17.8   MM   MM    MM
2026 08 18 02 40 210  1.0  3.0   0.5     5    MM 340     MM  22.6  23.2  17.7   MM   MM    MM
2026 08 18 02 30 230  1.0  2.0   0.6     5    MM 352     MM  22.6  23.3  17.6   MM   MM    MM
2026 08 18 02 20 230  1.0  2.0   0.5     4    MM 347     MM  22.6  23.2  17.4   MM   MM    MM
2026 08 18 02 10 260  1.0  2.0   0.5     6    MM 351     MM  22.6  23.3  17.4   MM   MM    MM
2026 08 18 02 00 270  1.0  2.0   0.6     4    MM 344     MM  22.6  23.3  17.5   MM   MM    MM
2026 08 18 01 50 270  1.0  2.0   0.5     6    MM 357     MM  22.6  23.3  17.4   MM   MM    MM
2026 08 18 01 40 290  1.0  2.0   0.5     4    MM 356     MM  22.6  23.3  17.3   MM   MM    MM
2026 08 18 01 30 290  1.0  2.0   0.6     6    MM 359     MM  22.7  23.3  17.3   MM   MM    MM
2026 08 18 01 20 290  1.0  2.0   0.6     4    MM 349     MM  22.6  23.3  17.2   MM   MM    MM
2026 08 18 01 10 280  1.0  2.0   0.6     4    MM 353     MM  22.6  23.3  17.3   MM   MM    MM
2026 08 18 01 00 290  1.0  2.0   0.6     4    MM 345     MM  22.6  23.3  17.2   MM   MM    MM
2026 08 18 00 50 280  1.0  2.0   0.6     4    MM 353     MM  22.7  23.3  17.3   MM   MM    MM
2026 08 18 00 40 330  1.0  2.0   0.6     4    MM   9     MM  22.8  23.3  17.1   MM   MM    MM
2026 08 18 00 30 360  2.0  3.0   0.6     4    MM   1     MM  22.8  23.3  17.3   MM   MM    MM
2026 08 18 00 20  20  2.0  3.0   0.7     4    MM 360     MM  22.8  23.3  17.5   MM   MM    MM
2026 08 18 00 10  20  2.0  4.0   0.6     5    MM   8     MM  22.7  23.3  17.9   MM   MM    MM
2026 08 18 00 00  20  2.0  4.0   0.6     4    MM   4     MM  22.8  23.3  17.9   MM   MM    MM
2026 08 17 23 50  20  3.0  4.0   0.7     4    MM  10     MM  22.8  23.3  17.7   MM   MM    MM
2026 08 17 23 40  20  3.0  4.0   0.6     4    MM  16     MM  22.8  23.3  17.8   MM   MM    MM
2026 08 17 23 30  10  3.0  4.0   0.6     5    MM   9     MM  22.7  23.3  18.2   MM   MM    MM
2026 08 17 23 10 360  3.0  4.0   0.7     5    MM  10     MM  22.8  23.3  17.9   MM   MM    MM
2026 08 17 23 00 360  3.0  4.0   0.6     5    MM   4     MM  22.8  23.3  17.9   MM   MM    MM
2026 08 17 22 50  10  4.0  5.0   0.6     5    MM   5     MM  22.7  23.3  17.7   MM   MM    MM
2026 08 17 22 40  10  4.0  6.0   0.7     5    MM   0     MM  22.7  23.3  18.1   MM   MM    MM
2026 08 17 22 30 360  4.0  6.0   0.7     4    MM   3     MM  22.7  23.3  18.1   MM   MM    MM
2026 08 17 22 20 360  4.0  5.0   0.7     5    MM  16     MM  22.6  23.3  17.9   MM   MM    MM
2026 08 17 22 10 360  4.0  5.0   0.7     5    MM   8     MM  22.6  23.3  18.1   MM   MM    MM
2026 08 17 22 00 360  4.0  5.0   0.7     5    MM   2     MM  22.6  23.3  18.1   MM   MM    MM
2026 08 17 21 50 360  4.0  6.0   0.7     5    MM  12     MM  22.5  23.3  17.9   MM   MM    MM
2026 08 17 21 40 360  4.0  6.0   0.8     5    MM  16     MM  22.5  23.3  17.8   MM   MM    MM
2026 08 17 21 30 350  5.0  6.0   0.8     5    MM   9     MM  22.5  23.3  17.8   MM   MM    MM
2026 08 17 21 20 360  5.0  6.0   0.7     5    MM   8     MM  22.4  23.3  17.7   MM   MM    MM
2026 08 17 21 10 360  4.0  6.0   0.8     5    MM  13     MM  22.3  23.3  18.3   MM   MM    MM
2026 08 17 21 00 360  5.0  6.0   0.7     5    MM  10     MM  22.2  23.3  18.2   MM   MM    MM
2026 08 17 20 50 360  5.0  6.0   0.7     5    MM   6     MM  22.2  23.3  18.2   MM   MM    MM
2026 08 17 20 40 350  4.0  6.0   0.8     5    MM  12     MM  22.1  23.3  18.2   MM   MM    MM
2026 08 17 20 30 360  4.0  6.0   0.8     5    MM  11     MM  22.1  23.3  17.9   MM   MM    MM
2026 08 17 20 20 360  5.0  7.0   0.8     5    MM   1     MM  22.0  23.3  18.0   MM   MM    MM
2026 08 17 20 10 360  5.0  6.0   0.8     5    MM   0     MM  22.0  23.3  17.9   MM   MM    MM
2026 08 17 20 00 360  5.0  6.0   0.7     5    MM   3     MM  22.0  23.3  17.9   MM   MM    MM
2026 08 17 19 50 360  5.0  7.0   0.8     5    MM   4     MM  22.0  23.3  18.0   MM   MM    MM
2026 08 17 19 40 360  5.0  7.0   0.8     4    MM   7     MM  21.9  23.3  18.1   MM   MM    MM
2026 08 17 19 30 360  5.0  8.0   0.8     5    MM 359     MM  21.9  23.3  18.2   MM   MM    MM
2026 08 17 19 20 360  5.0  8.0   0.9     5    MM   9     MM  21.9  23.3  18.2   MM   MM    MM
2026 08 17 19 10  10  5.0  7.0   0.8     5    MM 358     MM  21.9  23.2  18.1   MM   MM    MM
2026 08 17 19 00 360  5.0  6.0   0.8     5    MM 360     MM  21.9  23.2  18.2   MM   MM    MM
2026 08 17 18 50  10  5.0  6.0   0.8     5    MM 357     MM  21.8  23.2  18.1   MM   MM    MM
2026 08 17 18 40  10  5.0  7.0   0.8     5    MM   7     MM  21.7  23.2  18.0   MM   MM    MM
2026 08 17 18 30 360  5.0  7.0   0.8     4    MM 357     MM  21.7  23.2  18.1   MM   MM    MM
2026 08 17 18 20 360  5.0  7.0   0.7     5    MM   5     MM  21.7  23.2  18.2   MM   MM    MM
2026 08 17 18 10 360  5.0  7.0   0.7     5    MM   3     MM  21.7  23.2  18.1   MM   MM    MM
2026 08 17 18 00 360  6.0  8.0   0.8     5    MM 359     MM  21.8  23.2  18.0   MM   MM    MM
2026 08 17 17 50 360  5.0  8.0   0.8     4    MM   1     MM  21.8  23.1  18.4   MM   MM    MM
2026 08 17 17 40 350  6.0  8.0   0.8     5    MM   1     MM  21.7  23.1  18.4   MM   MM    MM
2026 08 17 17 30 360  5.0  7.0   0.8     5    MM   4     MM  21.6  23.1  18.5   MM   MM    MM
2026 08 17 17 20 360  6.0  8.0   0.8     5    MM   2     MM  21.6  23.1  18.5   MM   MM    MM
2026 08 17 17 10  10  6.0  8.0   0.8     5    MM 354     MM  21.5  23.1  18.6   MM   MM    MM
2026 08 17 17 00  10  6.0  8.0   0.8     4    MM 360     MM  21.6  23.1  18.7   MM   MM    MM
2026 08 17 16 50  10  6.0  8.0   0.8     5    MM   3     MM  21.6  23.1  18.5   MM   MM    MM
2026 08 17 16 40  10  7.0  9.0   0.8     5    MM 357     MM  21.5  23.1  18.6   MM   MM    MM
2026 08 17 16 30  10  6.0  8.0   0.8     5    MM 359     MM  21.6  23.1  18.5   MM   MM    MM
2026 08 17 16 20  10  6.0  8.0   0.8     5    MM   1     MM  21.6  23.1  18.6   MM   MM    MM
2026 08 17 16 10  10  7.0  9.0   0.7     4    MM   0     MM  21.6  23.1  18.5   MM   MM    MM
2026 08 17 16 00  10  7.0  9.0   0.8     5    MM   9     MM  21.7  23.1  18.6   MM   MM    MM
2026 08 17 15 50  10  6.0  8.0   0.7     5    MM 357     MM  21.8  23.1  18.6   MM   MM    MM
2026 08 17 15 40  20  5.0  7.0   0.7     5    MM 351     MM  21.9  23.1  18.5   MM   MM    MM
2026 08 17 15 30  20  6.0  7.0   0.7     5    MM 355     MM  21.9  23.1  18.5   MM   MM    MM
2026 08 17 15 20  30  5.0  7.0   0.8     5    MM 347     MM  21.9  23.1  18.5   MM   MM    MM
2026 08 17 15 10  40  6.0  8.0   0.8     4    MM 351     MM  22.0  23.1  18.6   MM   MM    MM
2026 08 17 15 00  30  6.0  8.0   0.8     5    MM 352     MM  22.0  23.1  18.9   MM   MM    MM
2026 08 17 14 50  30  6.0  7.0   0.8     5    MM 349     MM  22.2  23.1  18.7   MM   MM    MM
2026 08 17 14 40  30  6.0  8.0   0.8     5    MM 351     MM  22.3  23.1  18.4   MM   MM    MM
2026 08 17 14 30  20  6.0  8.0   0.8     5    MM 350     MM  22.3  23.1  18.7   MM   MM    MM
2026 08 17 14 20  30  6.0  8.0   0.8     5    MM 355     MM  22.4  23.1  18.6   MM   MM    MM
2026 08 17 14 10  30  7.0  9.0   0.8     4    MM 353     MM  22.5  23.1  18.6   MM   MM    MM
2026 08 17 14 00  30  7.0  9.0   0.8     4    MM 357     MM  22.6  23.1  18.4   MM   MM    MM
2026 08 17 13 50  30  7.0  8.0   0.7     4    MM 357     MM  22.6  23.1  18.6   MM   MM    MM
2026 08 17 13 40  30  6.0  9.0   0.8     5    MM 356     MM  22.7  23.1  19.1   MM   MM    MM
2026 08 17 13 30  30  6.0  8.0   0.7     4    MM 352     MM  22.8  23.1  19.5   MM   MM    MM
2026 08 17 13 20  40  6.0  8.0   0.7     5    MM   2     MM  23.0  23.1  19.0   MM   MM    MM
2026 08 17 13 10  40  7.0  9.0   0.7     5    MM 351     MM  23.1  23.1  18.5   MM   MM    MM
2026 08 17 13 00  40  7.0  8.0   0.7     4    MM 338     MM  23.1  23.1  18.7   MM   MM    MM
2026 08 17 12 50  40  6.0  9.0   0.7     4    MM 350     MM  23.1  23.1  18.8   MM   MM    MM
2026 08 17 12 40  30  6.0  8.0   0.7     5    MM 355     MM  23.1  23.1  19.3   MM   MM    MM
2026 08 17 12 30  40  6.0  8.0   0.7     5    MM 341     MM  23.1  23.1  19.6   MM   MM    MM
2026 08 17 12 20  40  7.0  9.0   0.7     5    MM 345     MM  22.9  23.1  20.1   MM   MM    MM
2026 08 17 12 10  40  7.0  9.0   0.7     5    MM 342     MM  22.8  23.2  20.7   MM   MM    MM
2026 08 17 12 00  40  7.0  9.0   0.6     5    MM 348     MM  22.8  23.2  20.7   MM   MM    MM
2026 08 17 11 50  40  4.0  8.0   0.6     5    MM 350     MM  22.9  23.2  21.1   MM   MM    MM
2026 08 17 11 40  10  2.0  3.0   0.7     5    MM 343     MM  23.0  23.2  21.2   MM   MM    MM
2026 08 17 11 30 360  3.0  4.0   0.7     5    MM 344     MM  23.0  23.2  21.1   MM   MM    MM
2026 08 17 11 20 350  3.0  5.0   0.7     5    MM 354     MM  23.0  23.2  21.0   MM   MM    MM
2026 08 17 11 10 350  3.0  4.0   0.7     5    MM   3     MM  23.0  23.2  20.9   MM   MM    MM
2026 08 17 11 00 340  3.0  4.0   0.7     5    MM 357     MM  22.9  23.2  20.6   MM   MM    MM
2026 08 17 10 50 340  3.0  4.0   0.8     5    MM 352     MM  22.9  23.2  20.6   MM   MM    MM
2026 08 17 10 40 340  3.0  5.0   0.8     5    MM 358     MM  22.9  23.2  20.5   MM   MM    MM
2026 08 17 10 30 340  3.0  5.0   0.8     5    MM   6     MM  22.9  23.2  20.4   MM   MM    MM
2026 08 17 10 20 340  3.0  5.0   0.8     5    MM   3     MM  22.9  23.2  20.4   MM   MM    MM
2026 08 17 10 10 340  4.0  5.0   0.8     5    MM   5     MM  22.9  23.2  20.2   MM   MM    MM
2026 08 17 10 00 340  4.0  6.0   0.9     4    MM   3     MM  22.9  23.2  20.1   MM   MM    MM
2026 08 17 09 50 330  4.0  6.0   0.8     5    MM   5     MM  22.9  23.2  20.1   MM   MM    MM
2026 08 17 09 40 320  5.0  6.0   0.8     5    MM   4     MM  22.8  23.2  20.3   MM   MM    MM
2026 08 17 09 30 330  5.0  7.0   0.8     5    MM  13     MM  22.9  23.2  20.2   MM   MM    MM
2026 08 17 09 20 330  5.0  6.0   0.7     5    MM  13     MM  23.0  23.2  20.2   MM   MM    MM
2026 08 17 09 10 340  4.0  6.0   0.8     5    MM   4     MM  23.0  23.2  20.1   MM   MM    MM
2026 08 17 09 00 350  4.0  6.0   0.8     4    MM   5     MM  23.0  23.2  20.0   MM   MM    MM
2026 08 17 08 50 340  5.0  6.0   0.8     5    MM   9     MM  23.1  23.2  19.9   MM   MM    MM
2026 08 17 08 40 350  5.0  7.0   0.8     4    MM   4     MM  23.1  23.2  19.9   MM   MM    MM
2026 08 17 08 30 350  5.0  7.0   0.8     4    MM   8     MM  23.1  23.2  19.9   MM   MM    MM
2026 08 17 08 20 350  5.0  6.0   0.8     4    MM   9     MM  23.1  23.2  20.2   MM   MM    MM
2026 08 17 08 10 340  5.0  7.0   0.8     4    MM   7     MM  23.2  23.2  20.1   MM   MM    MM
2026 08 17 08 00 330  5.0  7.0   0.7     4    MM  10     MM  23.2  23.2  20.1   MM   MM    MM
2026 08 17 07 50 340  6.0  7.0   0.8     4    MM  13     MM  23.2  23.2  20.0   MM   MM    MM
2026 08 17 07 40 340  6.0  7.0   0.7     4    MM  12     MM  23.2  23.2  20.1   MM   MM    MM
2026 08 17 07 30 340  6.0  8.0   0.8     4    MM   7     MM  23.3  23.2  20.2   MM   MM    MM
2026 08 17 07 20 340  6.0  7.0   0.7     4    MM  13     MM  23.3  23.2  20.3   MM   MM    MM
2026 08 17 07 10 350  6.0  8.0   0.7     4    MM   8     MM  23.3  23.2  20.3   MM   MM    MM
2026 08 17 07 00 340  5.0  7.0   0.7     4    MM  12     MM  23.3  23.2  20.3   MM   MM    MM
2026 08 17 06 50 340  5.0  7.0   0.6     4    MM  22     MM  23.3  23.2  20.4   MM   MM    MM
2026 08 17 06 40 340  5.0  7.0   0.6     4    MM  20     MM  23.4  23.2  20.4   MM   MM    MM
2026 08 17 06 30 340  5.0  6.0   0.6     4    MM  18     MM  23.4  23.2  20.5   MM   MM    MM
2026 08 17 06 20 350  5.0  7.0   0.7     4    MM  17     MM  23.4  23.3  20.4   MM   MM    MM
2026 08 17 06 10 350  6.0  7.0   0.7     4    MM  13     MM  23.5  23.3  20.3   MM   MM    MM
2026 08 17 06 00 350  5.0  7.0   0.7     4    MM  20     MM  23.5  23.3  20.4   MM   MM    MM
2026 08 17 05 50 350  5.0  7.0   0.7     4    MM   9     MM  23.5  23.3  20.6   MM   MM    MM
2026 08 17 05 40 350  6.0  8.0   0.7     4    MM  15     MM  23.6  23.3  20.4   MM   MM    MM
2026 08 17 05 30 350  6.0  8.0   0.7     4    MM  23     MM  23.7  23.3  20.1   MM   MM    MM
2026 08 17 05 20 350  7.0  9.0   0.7     4    MM  23     MM  23.8  23.3  20.0   MM   MM    MM
2026 08 17 05 10 340  7.0 10.0   0.8     4    MM  17     MM  23.8  23.3  19.9   MM   MM    MM
2026 08 17 05 00 340  8.0 10.0   0.7     4    MM  14     MM  23.8  23.3  19.9   MM   MM    MM
2026 08 17 04 50 340  7.0 11.0   0.7     3    MM  14     MM  23.8  23.3  20.1   MM   MM    MM
2026 08 17 04 40 350  7.0 10.0   0.6     3    MM  17     MM  23.7  23.3  20.4   MM   MM    MM
2026 08 17 04 30 360  8.0  9.0   0.6     3    MM  16     MM  23.8  23.3  20.5   MM   MM    MM
2026 08 17 04 20 360  7.0 10.0   0.5     3    MM  13     MM  23.8  23.3  20.8   MM   MM    MM
2026 08 17 04 10 360  7.0 10.0   0.5     3    MM  17     MM  23.8  23.3  20.8   MM   MM    MM
2026 08 17 04 00 360  8.0 10.0   0.5     3    MM  14     MM  23.9  23.3  20.8   MM   MM    MM
2026 08 17 03 50 360  8.0 10.0   0.5     3    MM  14     MM  24.0  23.4  20.8   MM   MM    MM
2026 08 17 03 40 360  8.0 11.0   0.4     2    MM  19     MM  24.1  23.4  21.0   MM   MM    MM
2026 08 17 03 30 360  8.0 10.0   0.4     2    MM   9     MM  24.0  23.4  21.4   MM   MM    MM
2026 08 17 03 20  10  6.0  8.0   0.3     2    MM  14     MM  23.8  23.5  21.6   MM   MM    MM
2026 08 17 03 10  10  6.0  8.0   0.3     2    MM 359     MM  23.9  23.5  21.5   MM   MM    MM
2026 08 17 03 00  10  5.0  7.0   0.3    MM    MM   3     MM  23.8  23.6  21.5   MM   MM    MM
2026 08 17 02 50  10  6.0  8.0   0.3    MM    MM   8     MM  23.7  23.6  21.7   MM   MM    MM
2026 08 17 02 40 360  7.0  9.0   0.2    MM    MM   2     MM  23.9  23.7  22.1   MM   MM    MM
2026 08 17 02 30 360  7.0  9.0   0.1    MM    MM 356     MM  24.3  23.5  22.2   MM   MM    MM
2026 08 17 02 20 260  3.0 10.0   0.1    MM    MM 302     MM  25.0  23.6  22.9   MM   MM    MM
2026 08 17 02 10 240  2.0  3.0   0.1    MM    MM 286     MM  25.1  23.6  23.0   MM   MM    MM
2026 08 17 02 00 230  2.0  3.0   0.1    MM    MM 293     MM  25.1  23.6  23.1   MM   MM    MM
2026 08 17 01 50 230  2.0  3.0   0.1    MM    MM 282     MM  25.0  23.5  23.2   MM   MM    MM
2026 08 17 01 40 210  2.0  3.0   0.1    MM    MM 309     MM  24.9  23.6  23.2   MM   MM    MM
2026 08 17 01 30 220  2.0  2.0   0.1    MM    MM 288     MM  25.0  23.6  23.1   MM   MM    MM
2026 08 17 01 20 230  2.0  2.0   0.1    MM    MM 296     MM  25.0  23.6  23.1   MM   MM    MM
2026 08 17 01 10 220  2.0  2.0   0.1    MM    MM 296     MM  25.1  23.5  23.1   MM   MM    MM
2026 08 17 01 00 220  2.0  2.0   0.1    MM    MM 304     MM  25.1  23.5  23.2   MM   MM    MM
2026 08 17 00 50 230  1.0  2.0   0.1    MM    MM 212     MM  25.1  23.6  23.3   MM   MM    MM
2026 08 17 00 40 220  1.0  2.0   0.1    MM    MM 303     MM  25.0  23.6  23.3   MM   MM    MM
2026 08 17 00 30 230  1.0  2.0   0.1    MM    MM 310     MM  25.3  23.5  23.3   MM   MM    MM
2026 08 17 00 20 270  1.0  1.0   0.1    MM    MM 290     MM  25.7  23.6  23.3   MM   MM    MM
2026 08 17 00 10 290  1.0  2.0   0.1    MM    MM 278     MM  25.9  23.6  23.3   MM   MM    MM
2026 08 17 00 00 270  1.0  2.0   0.1    MM    MM  21     MM  26.1  23.6  23.2   MM   MM    MM
2026 08 16 23 50 260  1.0  2.0   0.1    MM    MM 319     MM  26.4  23.6  23.3   MM   MM    MM
2026 08 16 23 40 230  1.0  1.0   0.1    MM    MM 310     MM  26.8  23.6  23.2   MM   MM    MM
2026 08 16 23 30  MM  0.0  1.0   0.1    MM    MM 268     MM  27.0  23.6  23.5   MM   MM    MM
2026 08 16 23 10 180  1.0  1.0   0.1    MM    MM 297     MM  26.3  23.6  23.3   MM   MM    MM
2026 08 16 23 00 200  1.0  1.0   0.1    MM    MM 251     MM  26.2  23.6  23.4   MM   MM    MM
2026 08 16 22 50 190  1.0  1.0   0.1    MM    MM 248     MM  26.0  23.6  23.5   MM   MM    MM
2026 08 16 22 40 170  1.0  2.0   0.1    MM    MM 263     MM  26.1  23.6  23.7   MM   MM    MM
2026 08 16 22 30 150  1.0  1.0   0.1    MM    MM 267     MM  26.3  23.6  23.6   MM   MM    MM
2026 08 16 22 20 140  1.0  2.0   0.1    MM    MM 262     MM  25.9  23.6  23.6   MM   MM    MM
2026 08 16 22 10 130  1.0  2.0   0.2    MM    MM 251     MM  25.7  23.6  23.6   MM   MM    MM
2026 08 16 22 00 130  1.0  2.0   0.2    MM    MM 229     MM  25.6  23.6  23.6   MM   MM    MM
2026 08 16 21 50 150  1.0  2.0   0.2    MM    MM 316     MM  25.5  23.6  23.6   MM   MM    MM
2026 08 16 21 40 180  2.0  3.0   0.2    MM    MM 332     MM  25.3  23.6  23.5   MM   MM    MM
2026 08 16 21 30 190  2.0  3.0   0.2    MM    MM 268     MM  25.2  23.6  23.6   MM   MM    MM
2026 08 16 21 20 170  1.0  2.0   0.1    MM    MM 272     MM  25.3  23.6  23.7   MM   MM    MM
2026 08 16 21 10 160  1.0  2.0   0.1    MM    MM 284     MM  25.5  23.6  23.6   MM   MM    MM
2026 08 16 21 00 180  1.0  2.0   0.2    MM    MM 289     MM  25.6  23.6  23.4   MM   MM    MM
2026 08 16 20 50 190  1.0  2.0   0.2    MM    MM 293     MM  26.0  23.6  23.4   MM   MM    MM
2026 08 16 20 40 240  1.0  1.0   0.2    MM    MM 299     MM  26.6  23.6  23.7   MM   MM    MM
2026 08 16 20 30 210  1.0  1.0   0.2    MM    MM 303     MM  26.0  23.6  23.5   MM   MM    MM
2026 08 16 20 20 200  1.0  1.0   0.2    MM    MM 299     MM  25.3  23.6  23.3   MM   MM    MM
2026 08 16 20 10 250  1.0  1.0   0.2    MM    MM 314     MM  25.4  23.6  23.3   MM   MM    MM
2026 08 16 20 00 280  1.0  2.0   0.2    MM    MM 306     MM  25.1  23.6  23.2   MM   MM    MM
2026 08 16 19 50 260  1.0  2.0   0.2    MM    MM 306     MM  25.0  23.5  23.1   MM   MM    MM
2026 08 16 19 40 250  1.0  2.0   0.2    MM    MM 288     MM  25.0  23.5  23.2   MM   MM    MM
2026 08 16 19 30 260  1.0  1.0   0.2    MM    MM 314     MM  24.8  23.5  23.1   MM   MM    MM
2026 08 16 19 20 250  1.0  2.0   0.2    MM    MM 295     MM  24.7  23.4  23.0   MM   MM    MM
2026 08 16 19 10 280  2.0  3.0   0.2    MM    MM 302     MM  24.5  23.4  22.9   MM   MM    MM
2026 08 16 19 00 300  2.0  3.0   0.2    MM    MM 301     MM  24.2  23.4  22.8   MM   MM    MM
2026 08 16 18 50 290  2.0  3.0   0.2    MM    MM 309     MM  24.3  23.4  22.8   MM   MM    MM
2026 08 16 18 40 280  2.0  3.0   0.2    MM    MM 307     MM  24.3  23.4  22.8   MM   MM    MM
2026 08 16 18 30 270  2.0  3.0   0.3     3    MM 309     MM  24.4  23.3  22.8   MM   MM    MM
2026 08 16 18 20 250  2.0  3.0   0.3     2    MM 311     MM  24.3  23.3  22.8   MM   MM    MM
2026 08 16 18 10 240  2.0  3.0   0.3     3    MM 298     MM  24.3  23.4  22.7   MM   MM    MM
2026 08 16 18 00 230  2.0  4.0   0.3     3    MM 314     MM  24.3  23.3  22.7   MM   MM    MM
2026 08 16 17 50 240  3.0  4.0   0.3     3    MM 307     MM  24.3  23.3  22.7   MM   MM    MM
2026 08 16 17 40 240  3.0  4.0   0.3     3    MM 304     MM  24.3  23.3  22.7   MM   MM    MM
2026 08 16 17 30 240  3.0  4.0   0.3     3    MM 296     MM  24.3  23.3  22.6   MM   MM    MM
2026 08 16 17 20 240  3.0  5.0   0.3     3    MM 304     MM  24.1  23.3  22.6   MM   MM    MM
2026 08 16 17 10 250  3.0  5.0   0.3     3    MM 318     MM  24.0  23.2  22.6   MM   MM    MM
2026 08 16 17 00 250  4.0  5.0   0.4     3    MM 320     MM  23.9  23.2  22.5   MM   MM    MM
2026 08 16 16 50 240  4.0  6.0   0.4     3    MM 315     MM  23.9  23.2  22.5   MM   MM    MM
2026 08 16 16 40 240  4.0  6.0   0.4     3    MM 306     MM  23.7  23.2  22.5   MM   MM    MM
2026 08 16 16 30 230  5.0  6.0   0.4     3    MM 311     MM  23.6  23.2  22.5   MM   MM    MM
2026 08 16 16 20 230  5.0  6.0   0.4     3    MM 318     MM  23.6  23.2  22.5   MM   MM    MM
2026 08 16 16 10 240  4.0  6.0   0.4     3    MM 310     MM  23.6  23.2  22.5   MM   MM    MM
2026 08 16 16 00 240  4.0  5.0   0.4     3    MM 308     MM  23.5  23.2  22.4   MM   MM    MM
2026 08 16 15 50 240  4.0  5.0   0.5     3    MM 301     MM  23.6  23.2  22.4   MM   MM    MM
2026 08 16 15 40 240  4.0  6.0   0.5     3    MM 309     MM  23.5  23.2  22.4   MM   MM    MM
2026 08 16 15 30 230  4.0  6.0   0.5     3    MM 314     MM  23.5  23.1  22.4   MM   MM    MM
2026 08 16 15 20 240  5.0  7.0   0.5     3    MM 305     MM  23.4  23.1  22.3   MM   MM    MM
2026 08 16 15 10 250  6.0  8.0   0.5     3    MM 307     MM  23.3  23.1  22.3   MM   MM    MM
2026 08 16 15 00 240  6.0  8.0   0.5     3    MM 293     MM  23.2  23.1  22.2   MM   MM    MM
2026 08 16 14 50 240  6.0  8.0   0.5     3    MM 293     MM  23.2  23.1  22.2   MM   MM    MM
2026 08 16 14 40 250  6.0  8.0   0.5     3    MM 306     MM  23.1  23.1  22.2   MM   MM    MM
2026 08 16 14 30 250  6.0  8.0   0.5     3    MM 297     MM  23.1  23.0  22.2   MM   MM    MM
2026 08 16 14 20 250  6.0  8.0   0.5     3    MM 300     MM  23.1  23.0  22.2   MM   MM    MM
2026 08 16 14 10 260  6.0  8.0   0.5     3    MM 301     MM  23.0  23.0  22.1   MM   MM    MM
2026 08 16 14 00 250  6.0  7.0   0.5     3    MM 306     MM  23.1  23.0  22.1   MM   MM    MM
2026 08 16 13 50 260  6.0  8.0   0.5     3    MM 304     MM  23.1  23.0  22.1   MM   MM    MM
2026 08 16 13 40 250  5.0  7.0   0.5     3    MM 296     MM  23.1  23.0  22.1   MM   MM    MM
2026 08 16 13 30 250  6.0  8.0   0.5     3    MM 290     MM  23.1  23.0  22.0   MM   MM    MM
2026 08 16 13 20 250  6.0  8.0   0.5     3    MM 292     MM  23.1  23.0  22.0   MM   MM    MM
2026 08 16 13 10 250  5.0  7.0   0.5     3    MM 299     MM  23.1  23.0  22.0   MM   MM    MM
2026 08 16 13 00 250  6.0  7.0   0.5     3    MM 293     MM  23.1  23.0  22.0   MM   MM    MM
2026 08 16 12 50 240  5.0  8.0   0.5     3    MM 293     MM  23.0  23.0  22.0   MM   MM    MM
2026 08 16 12 40 230  5.0  7.0   0.5     3    MM 284     MM  23.0  23.0  21.9   MM   MM    MM
2026 08 16 12 30 230  5.0  7.0   0.5     3    MM 288     MM  22.9  23.0  21.9   MM   MM    MM
2026 08 16 12 20 230  5.0  6.0   0.5     3    MM 281     MM  22.9  23.0  21.9   MM   MM    MM
2026 08 16 12 10 240  6.0  8.0   0.5     3    MM 268     MM  23.0  23.0  21.8   MM   MM    MM
2026 08 16 12 00 240  5.0  7.0   0.5     3    MM 267     MM  23.0  23.0  21.8   MM   MM    MM
2026 08 16 11 50 240  5.0  7.0   0.5     3    MM 271     MM  23.0  23.0  21.8   MM   MM    MM
2026 08 16 11 40 240  6.0  7.0   0.5     3    MM 267     MM  23.1  23.0  21.8   MM   MM    MM
2026 08 16 11 30 240  6.0  9.0   0.5     3    MM 256     MM  23.1  23.0  21.8   MM   MM    MM
2026 08 16 11 20 230  6.0  8.0   0.5     3    MM 252     MM  23.0  23.1  21.8   MM   MM    MM
2026 08 16 11 10 230  6.0  8.0   0.5     3    MM 256     MM  23.0  23.1  21.8   MM   MM    MM
2026 08 16 11 00 220  5.0  7.0   0.5     3    MM 263     MM  22.9  23.1  21.8   MM   MM    MM
2026 08 16 10 50 230  5.0  7.0   0.5     3    MM 270     MM  22.9  23.1  21.8   MM   MM    MM
2026 08 16 10 40 220  6.0  9.0   0.5     3    MM 259     MM  22.8  23.1  21.8   MM   MM    MM
2026 08 16 10 30 230  6.0  9.0   0.5     3    MM 242     MM  23.0  23.1  21.8   MM   MM    MM
2026 08 16 10 20 230  7.0  8.0   0.5     3    MM 248     MM  23.1  23.1  21.8   MM   MM    MM
2026 08 16 10 00 210  4.0  5.0   0.4     3    MM 225     MM  23.0  23.1  21.7   MM   MM    MM
2026 08 16 09 50 220  4.0  5.0   0.4     3    MM 236     MM  23.0  23.1  21.6   MM   MM    MM
2026 08 16 09 40 230  5.0  6.0   0.4     3    MM 232     MM  22.9  23.1  21.7   MM   MM    MM
2026 08 16 09 30 240  6.0  8.0   0.5     3    MM 249     MM  23.0  23.1  21.6   MM   MM    MM
2026 08 16 09 20 240  6.0  9.0   0.4     3    MM 225     MM  23.0  23.1  21.7   MM   MM    MM
2026 08 16 09 10 230  7.0  9.0   0.4     3    MM 236     MM  23.0  23.1  21.7   MM   MM    MM
2026 08 16 09 00 230  6.0  9.0   0.4     3    MM 235     MM  23.2  23.2  21.7   MM   MM    MM
2026 08 16 08 50 240  7.0 10.0   0.4     3    MM 229     MM  23.5  23.2  21.7   MM   MM    MM
2026 08 16 08 40 240  6.0  9.0   0.4     3    MM 228     MM  23.6  23.2  21.8   MM   MM    MM
2026 08 16 08 30 230  5.0  6.0   0.5     3    MM 224     MM  23.5  23.2  21.8   MM   MM    MM
2026 08 16 08 20 210  5.0  7.0   0.4     3    MM 220     MM  23.5  23.2  21.8   MM   MM    MM
2026 08 16 08 10 220  4.0  6.0   0.4     3    MM 219     MM  23.4  23.2  21.8   MM   MM    MM
2026 08 16 08 00 230  5.0  7.0   0.5     3    MM 211     MM  23.3  23.2  21.7   MM   MM    MM
2026 08 16 07 50 230  6.0  8.0   0.5     3    MM 204     MM  23.4  23.2  21.5   MM   MM    MM
2026 08 16 07 40 220  6.0  8.0   0.4     3    MM 193     MM  23.5  23.2  21.7   MM   MM    MM
2026 08 16 07 30 220  6.0  9.0   0.4     2    MM 206     MM  23.2  23.2  22.1   MM   MM    MM
2026 08 16 07 20 230  9.0 12.0   0.3    MM    MM 190     MM  23.7  23.2  22.5   MM   MM    MM
2026 08 16 07 10 220  9.0 13.0   0.2    MM    MM 166     MM  24.6  23.3  23.0   MM   MM    MM
2026 08 16 07 00 200  6.0  7.0   0.2    MM    MM 187     MM  24.2  23.3  23.0   MM   MM    MM
2026 08 16 06 50 190  5.0  6.0   0.2    MM    MM 173     MM  24.0  23.3  22.9   MM   MM    MM
2026 08 16 06 40 190  5.0  5.0   0.1    MM    MM 156     MM  23.9  23.3  22.9   MM   MM    MM
2026 08 16 06 30 180  4.0  5.0   0.1    MM    MM 330     MM  23.8  23.3  22.9   MM   MM    MM
2026 08 16 06 20 180  3.0  4.0   0.1    MM    MM 169     MM  23.8  23.3  22.8   MM   MM    MM
2026 08 16 06 10 180  3.0  4.0   0.1    MM    MM 176     MM  23.8  23.3  22.8   MM   MM    MM
2026 08 16 06 00 170  3.0  3.0   0.2    MM    MM 203     MM  23.6  23.3  22.7   MM   MM    MM
2026 08 16 05 50 180  3.0  3.0   0.2    MM    MM 178     MM  23.6  23.3  22.7   MM   MM    MM
2026 08 16 05 40 180  3.0  4.0   0.2    MM    MM 188     MM  23.6  23.3  22.7   MM   MM    MM
2026 08 16 05 30 180  3.0  4.0   0.2    MM    MM 169     MM  23.6  23.3  22.7   MM   MM    MM
2026 08 16 05 20 180  4.0  4.0   0.2    MM    MM 178     MM  23.7  23.3  22.7   MM   MM    MM
2026 08 16 05 10 180  4.0  5.0   0.2    MM    MM 192     MM  23.8  23.3  22.7   MM   MM    MM
2026 08 16 05 00 180  3.0  4.0   0.2    MM    MM 182     MM  23.8  23.3  22.7   MM   MM    MM
2026 08 16 04 50 180  3.0  5.0   0.2    MM    MM 191     MM  23.8  23.3  22.7   MM   MM    MM
2026 08 16 04 40 180  4.0  5.0   0.2    MM    MM 187     MM  23.9  23.3  22.7   MM   MM    MM
2026 08 16 04 30 170  4.0  6.0   0.2    MM    MM 182     MM  23.9  23.3  22.7   MM   MM    MM
2026 08 16 04 20 170  4.0  5.0   0.2    MM    MM 190     MM  23.9  23.3  22.7   MM   MM    MM
2026 08 16 04 10 180  4.0  5.0   0.2    MM    MM 178     MM  23.9  23.3  22.7   MM   MM    MM
2026 08 16 04 00 180  4.0  5.0   0.2    MM    MM 180     MM  23.9  23.3  22.7   MM   MM    MM
2026 08 16 03 50 180  4.0  5.0   0.2    MM    MM 181     MM  23.9  23.3  22.7   MM   MM    MM
2026 08 16 03 40 180  4.0  6.0   0.2    MM    MM 176     MM  23.9  23.3  22.7   MM   MM    MM
2026 08 16 03 30 180  4.0  6.0   0.2    MM    MM 176     MM  23.9  23.3  22.6   MM   MM    MM
2026 08 16 03 20 180  4.0  5.0   0.2    MM    MM 173     MM  24.0  23.3  22.7   MM   MM    MM
2026 08 16 03 10 170  4.0  5.0   0.2    MM    MM 179     MM  24.0  23.3  22.6   MM   MM    MM
2026 08 16 03 00 170  4.0  5.0   0.2    MM    MM 183     MM  24.0  23.3  22.7   MM   MM    MM
2026 08 16 02 50 170  4.0  5.0   0.2    MM    MM 174     MM  24.0  23.3  22.7   MM   MM    MM
2026 08 16 02 40 170  3.0  4.0   0.2    MM    MM 329     MM  24.0  23.3  22.7   MM   MM    MM
2026 08 16 02 30 160  3.0  4.0   0.2    MM    MM 323     MM  24.0  23.3  22.6   MM   MM    MM
2026 08 16 02 20 160  3.0  4.0   0.2    MM    MM 351     MM  24.1  23.3  22.6   MM   MM    MM
2026 08 16 02 10 170  3.0  4.0   0.2    MM    MM 332     MM  24.0  23.3  22.6   MM   MM    MM
2026 08 16 02 00 160  3.0  4.0   0.2    MM    MM 355     MM  24.0  23.4  22.7   MM   MM    MM
2026 08 16 01 50 170  3.0  4.0   0.2    MM    MM 343     MM  24.0  23.4  22.7   MM   MM    MM
2026 08 16 01 40 170  3.0  4.0   0.2    MM    MM 348     MM  24.0  23.4  22.7   MM   MM    MM
2026 08 16 01 30 180  3.0  3.0   0.2    MM    MM 337     MM  24.0  23.4  22.8   MM   MM    MM
2026 08 16 01 20 170  3.0  3.0   0.2    MM    MM 354     MM  24.1  23.4  22.8   MM   MM    MM
2026 08 16 01 10 170  3.0  3.0   0.2    MM    MM 333     MM  24.1  23.4  22.8   MM   MM    MM
2026 08 16 01 00 170  3.0  4.0   0.2    MM    MM 340     MM  24.2  23.4  22.8   MM   MM    MM
2026 08 16 00 50 170  3.0  4.0   0.2    MM    MM 351     MM  24.1  23.4  22.9   MM   MM    MM
2026 08 16 00 40 180  3.0  3.0   0.2    MM    MM 333     MM  24.1  23.4  22.9   MM   MM    MM
2026 08 16 00 30 160  2.0  3.0   0.2    MM    MM 356     MM  24.0  23.4  22.9   MM   MM    MM
2026 08 16 00 20 160  2.0  2.0   0.2    MM    MM 348     MM  24.0  23.4  22.9   MM   MM    MM
2026 08 16 00 10 160  2.0  3.0   0.2    MM    MM 337     MM  24.0  23.4  22.9   MM   MM    MM
2026 08 16 00 00 150  2.0  2.0   0.2    MM    MM 349     MM  23.9  23.4  22.8   MM   MM    MM
