{"type":"FeatureCollection","metadata":{"generated":1790658990000,"url":"https://earthquake.usgs.gov/earthquakes/feed/v1.0/summary/all_day.geojson","title":"USGS All Earthquakes, Past Day","status":200,"api":"2.7.0","count":221},"features":[{"type":"Feature","properties":{"mag":0.3,"place":"64 km ENE of Pedro Bay, Alaska","time":1790658927833,"updated":1790658974458,"tz":null,"url":"https://earthquake.usgs.gov/earthquakes/eventpage/aka2026tgylnz","detail":"https://earthquake.usgs.gov/earthquakes/feed/v1.0/detail/aka2026tgylnz.geojson","felt":null,"cdi":null,"mmi":null,"alert":null,"status":"automatic","tsunami":0,"sig":1,"net":"ak","code":"a2026tgylnz","ids":",aka2026tgylnz,","sources":",ak,","types":",origin,phase-data,","nst":6,"dmin":0,"rms":0.8,"gap":120,"magType":"ml","type":"earthquake","title":"M 0.3 - 64 km ENE of Pedro Bay, Alaska"},"geometry":{"type":"Point","coordinates":[-153.074,60.041,5]},"id":"aka2026tgylnz"},
{"type":"Feature","properties":{"mag":1.3,"place":"34 km E of Skwentna, Alaska","time":1790657376825,"updated":1790657438630,"tz":null,"url":"https://earthquake.usgs.gov/earthquakes/eventpage/aka2026tgxpdh","detail":"https://earthquake.usgs.gov/earthquakes/feed/v1.0/detail/aka2026tgxpdh.geojson","felt":null,"cdi":null,"mmi":null,"alert":null,"status":"automatic","tsunami":0,"sig":26,"net":"ak","code":"a2026tgxpdh","ids":",aka2026tgxpdh,","sources":",ak,","types":",origin,phase-data,","nst":10,"dmin":0.5,"rms":0.7,"gap":123,"magType":"ml","type":"earthquake","title":"M 1.3 - 34 km E of Skwentna, Alaska"},"geometry":{"type":"Point","coordinates":[-150.745,62.013,0.7]},"id":"aka2026tgxpdh"},
{"type":"Feature","properties":{"mag":1.06,"place":"2 km NNW of The Geysers, CA","time":1790656401320,"updated":1790656497001,"tz":null,"url":"https://earthquake.usgs.gov/earthquakes/eventpage/nc75444157","detail":"https://earthquake.usgs.gov/earthquakes/feed/v1.0/detail/nc75444157.geojson","felt":null,"cdi":null,"mmi":null,"alert":null,"status":"automatic","tsunami":0,"sig":17,"net":"nc","code":"75444157","ids":",nc75444157,","sources":",nc,","types":",nearby-cities,origin,phase-data,","nst":16,"dmin":0.01139,"rms":0.02,"gap":76,"magType":"md","type":"earthquake","title":"M 1.1 - 2 km NNW of The Geysers, CA"},"geometry":{"type":"Point","coordinates":[-122.768165588379,38.791332244873,4.03999996185303]},"id":"nc75444157"},
{"type":"Feature","properties":{"mag":4.8,"place":"South Sandwich Islands region","time":1790655387199,"updated":1790656431040,"tz":null,"url":"https://earthquake.usgs.gov/earthquakes/eventpage/us6000tyab","detail":"https://earthquake.usgs.gov/earthquakes/feed/v1.0/detail/us6000tyab.geojson","felt":null,"cdi":null,"mmi":null,"alert":null,"status":"reviewed","tsunami":0,"sig":354,"net":"us","code":"6000tyab","ids":",us6000tyab,","sources":",us,","types":",origin,phase-data,","nst":27,"dmin":4.9,"rms":0.41,"gap":105,"magType":"mb","type":"earthquake","title":"M 4.8 - South Sandwich Islands region"},"geometry":{"type":"Point","coordinates":[-28.2098,-55.3157,35.08]},"id":"us6000tyab"},
{"type":"Feature","properties":{"mag":5.3,"place":"76 km NE of Tadine, New Caledonia","time":1790652234418,"updated":1790655241080,"tz":null,"url":"https://earthquake.usgs.gov/earthquakes/eventpage/us6000tya5","detail":"https://earthquake.usgs.gov/earthquakes/feed/v1.0/detail/us6000tya5.geojson","felt":1,"cdi":3.1,"mmi":null,"alert":null,"status":"reviewed","tsunami":0,"sig":432,"net":"us","code":"6000tya5","ids":",us6000tya5,","sources":",us,","types":",dyfi,moment-tensor,origin,phase-data,","nst":73,"dmin":1.775,"rms":0.72,"gap":75,"magType":"mww","type":"earthquake","title":"M 5.3 - 76 km NE of Tadine, New Caledonia"},"geometry":{"type":"Point","coordinates":[168.4092,-21.0716,10]},"id":"us6000tya5"},
{"type":"Feature","properties":{"mag":2.3,"place":"9 km SSE of Talkeetna, Alaska","time":1790651016157,"updated":1790652442272,"tz":null,"url":"https://earthquake.usgs.gov/earthquakes/eventpage/aka2026tgubfh","detail":"https://earthquake.usgs.gov/earthquakes/feed/v1.0/detail/aka2026tgubfh.geojson","felt":1,"cdi":1,"mmi":null,"alert":null,"status":"automatic","tsunami":0,"sig":81,"net":"ak","code":"a2026tgubfh","ids":",aka2026tgubfh,","sources":",ak,","types":",dyfi,origin,phase-data,","nst":55,"dmin":0.2,"rms":0.7,"gap":32,"magType":"ml","type":"earthquake","title":"M 2.3 - 9 km SSE of Talkeetna, Alaska"},"geometry":{"type":"Point","coordinates":[-150.069,62.24,62.6]},"id":"aka2026tgubfh"},
{"type":"Feature","properties":{"mag":1.4,"place":"4 km E of Cooper Landing, Alaska","time":1790650831535,"updated":1790650919729,"tz":null,"url":"https://earthquake.usgs.gov/earthquakes/eventpage/aka2026tgtynz","detail":"https://earthquake.usgs.gov/earthquakes/feed/v1.0/detail/aka2026tgtynz.geojson","felt":null,"cdi":null,"mmi":null,"alert":null,"status":"automatic","tsunami":0,"sig":30,"net":"ak","code":"a2026tgtynz","ids":",aka2026tgtynz,","sources":",ak,","types":",origin,phase-data,","nst":8,"dmin":0.2,"rms":0.2,"gap":99,"magType":"ml","type":"earthquake","title":"M 1.4 - 4 km E of Cooper Landing, Alaska"},"geometry":{"type":"Point","coordinates":[-149.742,60.495,8.4]},"id":"aka2026tgtynz"},
{"type":"Feature","properties":{"mag":2.25,"place":"0 km NNE of Indios, Puerto Rico","time":1790650384180,"updated":1790652392030,"tz":null,"url":"https://earthquake.usgs.gov/earthquakes/eventpage/pr71535068","detail":"https://earthquake.usgs.gov/earthquakes/feed/v1.0/detail/pr71535068.geojson","felt":null,"cdi":null,"mmi":null,"alert":null,"status":"reviewed","tsunami":0,"sig":78,"net":"pr","code":"71535068","ids":",pr71535068,","sources":",pr,","types":",origin,phase-data,","nst":19,"dmin":0.06491,"rms":0.17,"gap":136,"magType":"md","type":"earthquake","title":"M 2.3 - 0 km NNE of Indios, Puerto Rico"},"geometry":{"type":"Point","coordinates":[-66.8161666666667,17.9998333333333,13.16]},"id":"pr71535068"},
{"type":"Feature","properties":{"mag":1.49,"place":"11 km N of Redwood Valley, CA","time":1790649489960,"updated":1790652142720,"tz":null,"url":"https://earthquake.usgs.gov/earthquakes/eventpage/nc75444147","detail":"https://earthquake.usgs.gov/earthquakes/feed/v1.0/detail/nc75444147.geojson","felt":null,"cdi":null,"mmi":null,"alert":null,"status":"automatic","tsunami":0,"sig":34,"net":"nc","code":"75444147","ids":",nc75444147,","sources":",nc,","types":",nearby-cities,origin,phase-data,scitech-link,","nst":8,"dmin":0.05643,"rms":0.02,"gap":119,"magType":"md","type":"earthquake","title":"M 1.5 - 11 km N of Redwood Valley, CA"},"geometry":{"type":"Point","coordinates":[-123.21183013916,39.3601684570312,8.18000030517578]},"id":"nc75444147"},
{"type":"Feature","properties":{"mag":3,"place":"17 km E of Eagle Village, Alaska","time":1790648792341,"updated":1790649182040,"tz":null,"url":"https://earthquake.usgs.gov/earthquakes/eventpage/us6000ty9x","detail":"https://earthquake.usgs.gov/earthquakes/feed/v1.0/detail/us6000ty9x.geojson","felt":null,"cdi":null,"mmi":null,"alert":null,"status":"reviewed","tsunami":0,"sig":138,"net":"us","code":"6000ty9x","ids":",us6000ty9x,","sources":",us,","types":",origin,phase-data,","nst":27,"dmin":0.897,"rms":0.9,"gap":80,"magType":"ml","type":"earthquake","title":"M 3.0 - 17 km E of Eagle Village, Alaska"},"geometry":{"type":"Point","coordinates":[-140.7479,64.7884,8.676]},"id":"us6000ty9x"},
{"type":"Feature","properties":{"mag":1.24,"place":"11 km NW of Parkfield, CA","time":1790648119830,"updated":1790650340542,"tz":null,"url":"https://earthquake.usgs.gov/earthquakes/eventpage/nc75444142","detail":"https://earthquake.usgs.gov/earthquakes/feed/v1.0/detail/nc75444142.geojson","felt":null,"cdi":null,"mmi":null,"alert":null,"status":"automatic","tsunami":0,"sig":24,"net":"nc","code":"75444142","ids":",nc75444142,","sources":",nc,","types":",nearby-cities,origin,phase-data,scitech-link,","nst":22,"dmin":0.02177,"rms":0.04,"gap":79,"magType":"md","type":"earthquake","title":"M 1.2 - 11 km NW of Parkfield, CA"},"geometry":{"type":"Point","coordinates":[-120.526000976562,35.9636650085449,10.6099996566772]},"id":"nc75444142"},
{"type":"Feature","properties":{"mag":1.75,"place":"19 km SE of Pāhala, Hawaii","time":1790647805160,"updated":1790648012580,"tz":null,"url":"https://earthquake.usgs.gov/earthquakes/eventpage/hv75045032","detail":"https://earthquake.usgs.gov/earthquakes/feed/v1.0/detail/hv75045032.geojson","felt":null,"cdi":null,"mmi":null,"alert":null,"status":"automatic","tsunami":0,"sig":47,"net":"hv","code":"75045032","ids":",hv75045032,","sources":",hv,","types":",origin,phase-data,","nst":22,"dmin":0.1292,"rms":0.140000001,"gap":255,"magType":"md","type":"earthquake","title":"M 1.8 - 19 km SE of Pāhala, Hawaii"},"geometry":{"type":"Point","coordinates":[-155.352493286133,19.0778331756592,32.5200004577637]},"id":"hv75045032"},
{"type":"Feature","properties":{"mag":1.08,"place":"1 km E of The Geysers, CA","time":1790647743540,"updated":1790647841924,"tz":null,"url":"https://earthquake.usgs.gov/earthquakes/eventpage/nc75444132","detail":"https://earthquake.usgs.gov/earthquakes/feed/v1.0/detail/nc75444132.geojson","felt":null,"cdi":null,"mmi":null,"alert":null,"status":"automatic","tsunami":0,"sig":18,"net":"nc","code":"75444132","ids":",nc75444132,","sources":",nc,","types":",nearby-cities,origin,phase-data,","nst":15,"dmin":0.007495,"rms":0.04,"gap":73,"magType":"md","type":"earthquake","title":"M 1.1 - 1 km E of The Geysers, CA"},"geometry":{"type":"Point","coordinates":[-122.744163513184,38.7784996032715,-0.219999998807907]},"id":"nc75444132"},
{"type":"Feature","properties":{"mag":3.37,"place":"7 km E of La Romana, Dominican Republic","time":1790646386910,"updated":1790649800040,"tz":null,"url":"https://earthquake.usgs.gov/earthquakes/eventpage/pr71535063","detail":"https://earthquake.usgs.gov/earthquakes/feed/v1.0/detail/pr71535063.geojson","felt":null,"cdi":null,"mmi":null,"alert":null,"status":"reviewed","tsunami":0,"sig":175,"net":"pr","code":"71535063","ids":",us6000ty9z,pr71535063,","sources":",us,pr,","types":",origin,phase-data,","nst":7,"dmin":0.4998,"rms":0.2,"gap":165,"magType":"md","type":"earthquake","title":"M 3.4 - 7 km E of La Romana, Dominican Republic"},"geometry":{"type":"Point","coordinates":[-68.9001666666667,18.4306666666667,114.94]},"id":"pr71535063"},
{"type":"Feature","properties":{"mag":1,"place":"85 km NW of Karluk, Alaska","time":1790645397887,"updated":1790645449368,"tz":null,"url":"https://earthquake.usgs.gov/earthquakes/eventpage/aka2026tgqyaj","detail":"https://earthquake.usgs.gov/earthquakes/feed/v1.0/detail/aka2026tgqyaj.geojson","felt":null,"cdi":null,"mmi":null,"alert":null,"status":"automatic","tsunami":0,"sig":15,"net":"ak","code":"a2026tgqyaj","ids":",aka2026tgqyaj,","sources":",ak,","types":",origin,phase-data,","nst":15,"dmin":0,"rms":0.2,"gap":61,"magType":"ml","type":"earthquake","title":"M 1.0 - 85 km NW of Karluk, Alaska"},"geometry":{"type":"Point","coordinates":[-155.337,58.171,5]},"id":"aka2026tgqyaj"},
{"type":"Feature","properties":{"mag":0.99,"place":"8 km ENE of Gilroy, CA","time":1790643398430,"updated":1790643492314,"tz":null,"url":"https://earthquake.usgs.gov/earthquakes/eventpage/nc75444102","detail":"https://earthquake.usgs.gov/earthquakes/feed/v1.0/detail/nc75444102.geojson","felt":null,"cdi":null,"mmi":null,"alert":null,"status":"automatic","tsunami":0,"sig":15,"net":"nc","code":"75444102","ids":",nc75444102,","sources":",nc,","types":",nearby-cities,origin,phase-data,","nst":12,"dmin":0.01471,"rms":0.05,"gap":71,"magType":"md","type":"earthquake","title":"M 1.0 - 8 km ENE of Gilroy, CA"},"geometry":{"type":"Point","coordinates":[-121.488998413086,37.039665222168,6.11999988555908]},"id":"nc75444102"},
{"type":"Feature","properties":{"mag":3.34,"place":"92 km NE of Cruz Bay, U.S. Virgin Islands","time":1790643342180,"updated":1790651613040,"tz":null,"url":"https://earthquake.usgs.gov/earthquakes/eventpage/pr71535043","detail":"https://earthquake.usgs.gov/earthquakes/feed/v1.0/detail/pr71535043.geojson","felt":null,"cdi":null,"mmi":null,"alert":null,"status":"reviewed","tsunami":0,"sig":172,"net":"pr","code":"71535043","ids":",us6000ty9q,pr71535043,","sources":",us,pr,","types":",origin,phase-data,","nst":10,"dmin":0.4792,"rms":0.24,"gap":312,"magType":"md","type":"earthquake","title":"M 3.3 - 92 km NE of Cruz Bay, U.S. Virgin Islands"},"geometry":{"type":"Point","coordinates":[-64.1583333333333,18.9121666666667,21.19]},"id":"pr71535043"},
{"type":"Feature","properties":{"mag":2.11,"place":"16 km WSW of Johannesburg, CA","time":1790643075680,"updated":1790644330650,"tz":null,"url":"https://earthquake.usgs.gov/earthquakes/eventpage/ci41340415","detail":"https://earthquake.usgs.gov/earthquakes/feed/v1.0/detail/ci41340415.geojson","felt":null,"cdi":null,"mmi":null,"alert":null,"status":"reviewed","tsunami":0,"sig":68,"net":"ci","code":"41340415","ids":",ci41340415,","sources":",ci,","types":",focal-mechanism,nearby-cities,origin,phase-data,scitech-link,","nst":39,"dmin":0.07001,"rms":0.16,"gap":39,"magType":"ml","type":"earthquake","title":"M 2.1 - 16 km WSW of Johannesburg, CA"},"geometry":{"type":"Point","coordinates":[-117.803333333333,35.3283333333333,6.69]},"id":"ci41340415"},
{"type":"Feature","properties":{"mag":2.1,"place":"13 km SSE of Portage Creek, Alaska","time":1790642666926,"updated":1790642799257,"tz":null,"url":"https://earthquake.usgs.gov/earthquakes/eventpage/aka2026tgpkof","detail":"https://earthquake.usgs.gov/earthquakes/feed/v1.0/detail/aka2026tgpkof.geojson","felt":null,"cdi":null,"mmi":null,"alert":null,"status":"automatic","tsunami":0,"sig":68,"net":"ak","code":"a2026tgpkof","ids":",aka2026tgpkof,","sources":",ak,","types":",origin,phase-data,","nst":24,"dmin":0.3,"rms":0.8,"gap":135,"magType":"ml","type":"earthquake","title":"M 2.1 - 13 km SSE of Portage Creek, Alaska"},"geometry":{"type":"Point","coordinates":[-157.657,58.791,2.5]},"id":"aka2026tgpkof"},
{"type":"Feature","properties":{"mag":4.4,"place":"186 km NNE of Caluula, Somalia","time":1790640703717,"updated":1790650834040,"tz":null,"url":"https://earthquake.usgs.gov/earthquakes/eventpage/us6000ty9j","detail":"https://earthquake.usgs.gov/earthquakes/feed/v1.0/detail/us6000ty9j.geojson","felt":null,"cdi":null,"mmi":null,"alert":null,"status":"reviewed","tsunami":0,"sig":298,"net":"us","code":"6000ty9j","ids":",us6000ty9j,","sources":",us,","types":",origin,phase-data,","nst":26,"dmin":11.244,"rms":0.88,"gap":141,"magType":"mb","type":"earthquake","title":"M 4.4 - 186 km NNE of Caluula, Somalia"},"geometry":{"type":"Point","coordinates":[51.1906,13.5996,10]},"id":"us6000ty9j"},
{"type":"Feature","properties":{"mag":0.41,"place":"15 km SE of Anza, CA","time":1790640570920,"updated":1790640776607,"tz":null,"url":"https://earthquake.usgs.gov/earthquakes/eventpage/ci41340407","detail":"https://earthquake.usgs.gov/earthquakes/feed/v1.0/detail/ci41340407.geojson","felt":null,"cdi":null,"mmi":null,"alert":null,"status":"automatic","tsunami":0,"sig":3,"net":"ci","code":"41340407","ids":",ci41340407,","sources":",ci,","types":",nearby-cities,origin,phase-data,","nst":20,"dmin":0.04816,"rms":0.08,"gap":62,"magType":"ml","type":"earthquake","title":"M 0.4 - 15 km SE of Anza, CA"},"geometry":{"type":"Point","coordinates":[-116.571833333333,33.4536666666667,12.07]},"id":"ci41340407"},
{"type":"Feature","properties":{"mag":4.5,"place":"173 km SE of Atlasovo, Russia","time":1790640323887,"updated":1790643720040,"tz":null,"url":"https://earthquake.usgs.gov/earthquakes/eventpage/us6000ty9i","detail":"https://earthquake.usgs.gov/earthquakes/feed/v1.0/detail/us6000ty9i.geojson","felt":null,"cdi":null,"mmi":null,"alert":null,"status":"reviewed","tsunami":0,"sig":312,"net":"us","code":"6000ty9i","ids":",us6000ty9i,","sources":",us,","types":",origin,phase-data,","nst":59,"dmin":2.685,"rms":0.52,"gap":135,"magType":"mb","type":"earthquake","title":"M 4.5 - 173 km SE of Atlasovo, Russia"},"geometry":{"type":"Point","coordinates":[161.5616,54.5068,35]},"id":"us6000ty9i"},
{"type":"Feature","properties":{"mag":1.5,"place":"78 km W of Karluk, Alaska","time":1790638537177,"updated":1790638591118,"tz":null,"url":"https://earthquake.usgs.gov/earthquakes/eventpage/aka2026tgncwg","detail":"https://earthquake.usgs.gov/earthquakes/feed/v1.0/detail/aka2026tgncwg.geojson","felt":null,"cdi":null,"mmi":null,"alert":null,"status":"automatic","tsunami":0,"sig":35,"net":"ak","code":"a2026tgncwg","ids":",aka2026tgncwg,","sources":",ak,","types":",origin,phase-data,","nst":15,"dmin":0.3,"rms":0.5,"gap":216,"magType":"ml","type":"earthquake","title":"M 1.5 - 78 km W of Karluk, Alaska"},"geometry":{"type":"Point","coordinates":[-155.746,57.699,19.7]},"id":"aka2026tgncwg"},
{"type":"Feature","properties":{"mag":1.97,"place":"5 km SSW of Pāhala, Hawaii","time":1790638064990,"updated":1790649428040,"tz":null,"url":"https://earthquake.usgs.gov/earthquakes/eventpage/hv75044967","detail":"https://earthquake.usgs.gov/earthquakes/feed/v1.0/detail/hv75044967.geojson","felt":null,"cdi":null,"mmi":null,"alert":null,"status":"reviewed","tsunami":0,"sig":60,"net":"hv","code":"75044967","ids":",us6000ty96,hv75044967,","sources":",us,hv,","types":",origin,phase-data,","nst":44,"dmin":0.03952,"rms":0.15,"gap":179,"magType":"ml","type":"earthquake","title":"M 2.0 - 5 km SSW of Pāhala, Hawaii"},"geometry":{"type":"Point","coordinates":[-155.503833333333,19.158,36.56]},"id":"hv75044967"},
{"type":"Feature","properties":{"mag":1.75,"place":"4 km S of Pāhala, Hawaii","time":1790637863990,"updated":1790638076960,"tz":null,"url":"https://earthquake.usgs.gov/earthquakes/eventpage/hv75044962","detail":"https://earthquake.usgs.gov/earthquakes/feed/v1.0/detail/hv75044962.geojson","felt":null,"cdi":null,"mmi":null,"alert":null,"status":"automatic","tsunami":0,"sig":47,"net":"hv","code":"75044962","ids":",hv75044962,","sources":",hv,","types":",origin,phase-data,","nst":14,"dmin":0.08417,"rms":0.109999999,"gap":240,"magType":"md","type":"earthquake","title":"M 1.8 - 4 km S of Pāhala, Hawaii"},"geometry":{"type":"Point","coordinates":[-155.485992431641,19.1646671295166,33.1800003051758]},"id":"hv75044962"},
{"type":"Feature","properties":{"mag":2.29,"place":"5 km SW of Guánica, Puerto Rico","time":1790637574660,"updated":1790638920370,"tz":null,"url":"https://earthquake.usgs.gov/earthquakes/eventpage/pr71535018","detail":"https://earthquake.usgs.gov/earthquakes/feed/v1.0/detail/pr71535018.geojson","felt":null,"cdi":null,"mmi":null,"alert":null,"status":"reviewed","tsunami":0,"sig":81,"net":"pr","code":"71535018","ids":",pr71535018,","sources":",pr,","types":",origin,phase-data,","nst":16,"dmin":0.05127,"rms":0.11,"gap":204,"magType":"md","type":"earthquake","title":"M 2.3 - 5 km SW of Guánica, Puerto Rico"},"geometry":{"type":"Point","coordinates":[-66.943,17.9325,7.27]},"id":"pr71535018"},
{"type":"Feature","properties":{"mag":1.1,"place":"6 km ENE of Fox, Alaska","time":1790637095129,"updated":1790637183906,"tz":null,"url":"https://earthquake.usgs.gov/earthquakes/eventpage/aka2026tgmiar","detail":"https://earthquake.usgs.gov/earthquakes/feed/v1.0/detail/aka2026tgmiar.geojson","felt":null,"cdi":null,"mmi":null,"alert":null,"status":"automatic","tsunami":0,"sig":19,"net":"ak","code":"a2026tgmiar","ids":",aka2026tgmiar,","sources":",ak,","types":",origin,phase-data,","nst":15,"dmin":0.1,"rms":0.7,"gap":47,"magType":"ml","type":"earthquake","title":"M 1.1 - 6 km ENE of Fox, Alaska"},"geometry":{"type":"Point","coordinates":[-147.482,64.972,4.3]},"id":"aka2026tgmiar"},
{"type":"Feature","properties":{"mag":1.52,"place":"20 km ESE of Spanish Springs, Nevada","time":1790636406433,"updated":1790647536445,"tz":null,"url":"https://earthquake.usgs.gov/earthquakes/eventpage/nn00925006","detail":"https://earthquake.usgs.gov/earthquakes/feed/v1.0/detail/nn00925006.geojson","felt":null,"cdi":null,"mmi":null,"alert":null,"status":"reviewed","tsunami":0,"sig":36,"net":"nn","code":"00925006","ids":",nn00925006,","sources":",nn,","types":",origin,phase-data,","nst":13,"dmin":0.185,"rms":0.238,"gap":55,"magType":"ml","type":"explosion","title":"M 1.5 Explosion - 20 km ESE of Spanish Springs, Nevada"},"geometry":{"type":"Point","coordinates":[-119.5081,39.5513,1.7957]},"id":"nn00925006"},
{"type":"Feature","properties":{"mag":3,"place":"2 km SSW of Bogue, Kansas","time":1790636085216,"updated":1790648445925,"tz":null,"url":"https://earthquake.usgs.gov/earthquakes/eventpage/us6000ty8z","detail":"https://earthquake.usgs.gov/earthquakes/feed/v1.0/detail/us6000ty8z.geojson","felt":8,"cdi":4.4,"mmi":null,"alert":null,"status":"reviewed","tsunami":0,"sig":142,"net":"us","code":"6000ty8z","ids":",us6000ty8z,","sources":",us,","types":",dyfi,origin,phase-data,","nst":22,"dmin":1.201,"rms":0.35,"gap":48,"magType":"mb_lg","type":"earthquake","title":"M 3.0 - 2 km SSW of Bogue, Kansas"},"geometry":{"type":"Point","coordinates":[-99.7052,39.3409,5]},"id":"us6000ty8z"},
{"type":"Feature","properties":{"mag":2.5,"place":"9 km S of Bogue, Kansas","time":1790635825589,"updated":1790647896040,"tz":null,"url":"https://earthquake.usgs.gov/earthquakes/eventpage/us6000ty8y","detail":"https://earthquake.usgs.gov/earthquakes/feed/v1.0/detail/us6000ty8y.geojson","felt":null,"cdi":null,"mmi":null,"alert":null,"status":"reviewed","tsunami":0,"sig":96,"net":"us","code":"6000ty8y","ids":",us6000ty8y,","sources":",us,","types":",origin,phase-data,","nst":11,"dmin":1.153,"rms":0.65,"gap":75,"magType":"mb_lg","type":"earthquake","title":"M 2.5 - 9 km S of Bogue, Kansas"},"geometry":{"type":"Point","coordinates":[-99.6976,39.2812,10]},"id":"us6000ty8y"},
{"type":"Feature","properties":{"mag":1.29,"place":"16 km NW of Conconully, Washington","time":1790634745040,"updated":1790636053740,"tz":null,"url":"https://earthquake.usgs.gov/earthquakes/eventpage/uw714111362","detail":"https://earthquake.usgs.gov/earthquakes/feed/v1.0/detail/uw714111362.geojson","felt":null,"cdi":null,"mmi":null,"alert":null,"status":"reviewed","tsunami":0,"sig":26,"net":"uw","code":"714111362","ids":",uw714111362,","sources":",uw,","types":",origin,phase-data,","nst":9,"dmin":0.2356,"rms":0.37,"gap":201,"magType":"ml","type":"earthquake","title":"M 1.3 - 16 km NW of Conconully, Washington"},"geometry":{"type":"Point","coordinates":[-119.923666666667,48.6571666666667,12.08]},"id":"uw714111362"},
{"type":"Feature","properties":{"mag":4.4,"place":"south of the Fiji Islands","time":1790634349241,"updated":1790642204040,"tz":null,"url":"https://earthquake.usgs.gov/earthquakes/eventpage/us6000ty8v","detail":"https://earthquake.usgs.gov/earthquakes/feed/v1.0/detail/us6000ty8v.geojson","felt":null,"cdi":null,"mmi":null,"alert":null,"status":"reviewed","tsunami":0,"sig":298,"net":"us","code":"6000ty8v","ids":",us6000ty8v,","sources":",us,","types":",origin,phase-data,","nst":34,"dmin":13.691,"rms":0.66,"gap":134,"magType":"mb","type":"earthquake","title":"M 4.4 - south of the Fiji Islands"},"geometry":{"type":"Point","coordinates":[-179.2457,-24.7523,465.399]},"id":"us6000ty8v"},
{"type":"Feature","properties":{"mag":2.34,"place":"11 km SE of Pāhala, Hawaii","time":1790633828910,"updated":1790646903040,"tz":null,"url":"https://earthquake.usgs.gov/earthquakes/eventpage/hv75044922","detail":"https://earthquake.usgs.gov/earthquakes/feed/v1.0/detail/hv75044922.geojson","felt":null,"cdi":null,"mmi":null,"alert":null,"status":"reviewed","tsunami":0,"sig":84,"net":"hv","code":"75044922","ids":",us6000ty8q,hv75044922,","sources":",us,hv,","types":",origin,phase-data,","nst":53,"dmin":0.05927,"rms":0.12,"gap":180,"magType":"ml","type":"earthquake","title":"M 2.3 - 11 km SE of Pāhala, Hawaii"},"geometry":{"type":"Point","coordinates":[-155.405,19.1308333333333,32.21]},"id":"hv75044922"},
{"type":"Feature","properties":{"mag":1.3,"place":"12 km WNW of Glacier View, Alaska","time":1790633370990,"updated":1790633459251,"tz":null,"url":"https://earthquake.usgs.gov/earthquakes/eventpage/aka2026tgkgfi","detail":"https://earthquake.usgs.gov/earthquakes/feed/v1.0/detail/aka2026tgkgfi.geojson","felt":null,"cdi":null,"mmi":null,"alert":null,"status":"automatic","tsunami":0,"sig":26,"net":"ak","code":"a2026tgkgfi","ids":",aka2026tgkgfi,","sources":",ak,","types":",origin,phase-data,","nst":12,"dmin":0.1,"rms":0.8,"gap":161,"magType":"ml","type":"earthquake","title":"M 1.3 - 12 km WNW of Glacier View, Alaska"},"geometry":{"type":"Point","coordinates":[-147.846,61.866,39.5]},"id":"aka2026tgkgfi"},
{"type":"Feature","properties":{"mag":1.68,"place":"2 km SW of San Ramon, CA","time":1790633174710,"updated":1790637743132,"tz":null,"url":"https://earthquake.usgs.gov/earthquakes/eventpage/nc75444052","detail":"https://earthquake.usgs.gov/earthquakes/feed/v1.0/detail/nc75444052.geojson","felt":null,"cdi":null,"mmi":null,"alert":null,"status":"automatic","tsunami":0,"sig":43,"net":"nc","code":"75444052","ids":",nc75444052,","sources":",nc,","types":",nearby-cities,origin,phase-data,scitech-link,","nst":11,"dmin":0.05485,"rms":0.05,"gap":78,"magType":"md","type":"earthquake","title":"M 1.7 - 2 km SW of San Ramon, CA"},"geometry":{"type":"Point","coordinates":[-121.994163513184,37.764331817627,8.30000019073486]},"id":"nc75444052"},
{"type":"Feature","properties":{"mag":2.6,"place":"60 km S of Whites City, New Mexico","time":1790632694240,"updated":1790646440040,"tz":null,"url":"https://earthquake.usgs.gov/earthquakes/eventpage/us6000ty8l","detail":"https://earthquake.usgs.gov/earthquakes/feed/v1.0/detail/us6000ty8l.geojson","felt":null,"cdi":null,"mmi":null,"alert":null,"status":"reviewed","tsunami":0,"sig":104,"net":"us","code":"6000ty8l","ids":",us6000ty8l,","sources":",us,","types":",origin,phase-data,","nst":33,"dmin":0.042,"rms":0.29,"gap":67,"magType":"ml","type":"earthquake","title":"M 2.6 - 60 km S of Whites City, New Mexico"},"geometry":{"type":"Point","coordinates":[-104.4734,31.6334,4.654]},"id":"us6000ty8l"},
{"type":"Feature","properties":{"mag":1,"place":"1 km WNW of North Pole, Alaska","time":1790632456223,"updated":1790632529620,"tz":null,"url":"https://earthquake.usgs.gov/earthquakes/eventpage/aka2026tgjszx","detail":"https://earthquake.usgs.gov/earthquakes/feed/v1.0/detail/aka2026tgjszx.geojson","felt":null,"cdi":null,"mmi":null,"alert":null,"status":"automatic","tsunami":0,"sig":15,"net":"ak","code":"a2026tgjszx","ids":",aka2026tgjszx,","sources":",ak,","types":",origin,phase-data,","nst":12,"dmin":0.2,"rms":0.3,"gap":76,"magType":"ml","type":"earthquake","title":"M 1.0 - 1 km WNW of North Pole, Alaska"},"geometry":{"type":"Point","coordinates":[-147.386,64.755,5]},"id":"aka2026tgjszx"},
{"type":"Feature","properties":{"mag":2.7,"place":"23 km SSW of Susitna, Alaska","time":1790630557246,"updated":1790637503298,"tz":null,"url":"https://earthquake.usgs.gov/earthquakes/eventpage/aka2026tgirii","detail":"https://earthquake.usgs.gov/earthquakes/feed/v1.0/detail/aka2026tgirii.geojson","felt":1,"cdi":1,"mmi":null,"alert":null,"status":"automatic","tsunami":0,"sig":112,"net":"ak","code":"a2026tgirii","ids":",aka2026tgirii,us6000ty8g,","sources":",ak,us,","types":",dyfi,origin,phase-data,","nst":83,"dmin":0.3,"rms":0.8,"gap":27,"magType":"ml","type":"earthquake","title":"M 2.7 - 23 km SSW of Susitna, Alaska"},"geometry":{"type":"Point","coordinates":[-150.635,61.345,55.1]},"id":"aka2026tgirii"},
{"type":"Feature","properties":{"mag":1.03,"place":"10 km S of Corona, CA","time":1790630280570,"updated":1790643555931,"tz":null,"url":"https://earthquake.usgs.gov/earthquakes/eventpage/ci41340383","detail":"https://earthquake.usgs.gov/earthquakes/feed/v1.0/detail/ci41340383.geojson","felt":null,"cdi":null,"mmi":null,"alert":null,"status":"reviewed","tsunami":0,"sig":16,"net":"ci","code":"41340383","ids":",ci41340383,","sources":",ci,","types":",nearby-cities,origin,phase-data,scitech-link,","nst":16,"dmin":0.05265,"rms":0.12,"gap":81,"magType":"ml","type":"earthquake","title":"M 1.0 - 10 km S of Corona, CA"},"geometry":{"type":"Point","coordinates":[-117.5485,33.7801666666667,6.42]},"id":"ci41340383"},
{"type":"Feature","properties":{"mag":0.72,"place":"7 km NW of The Geysers, CA","time":1790630061600,"updated":1790630157731,"tz":null,"url":"https://earthquake.usgs.gov/earthquakes/eventpage/nc75444027","detail":"https://earthquake.usgs.gov/earthquakes/feed/v1.0/detail/nc75444027.geojson","felt":null,"cdi":null,"mmi":null,"alert":null,"status":"automatic","tsunami":0,"sig":8,"net":"nc","code":"75444027","ids":",nc75444027,","sources":",nc,","types":",nearby-cities,origin,phase-data,","nst":8,"dmin":0.004648,"rms":0.01,"gap":78,"magType":"md","type":"earthquake","title":"M 0.7 - 7 km NW of The Geysers, CA"},"geometry":{"type":"Point","coordinates":[-122.813331604004,38.8194999694824,2.86999988555908]},"id":"nc75444027"},
{"type":"Feature","properties":{"mag":0.6,"place":"89 km SE of King Salmon, Alaska","time":1790630057798,"updated":1790630094150,"tz":null,"url":"https://earthquake.usgs.gov/earthquakes/eventpage/aka2026tgikit","detail":"https://earthquake.usgs.gov/earthquakes/feed/v1.0/detail/aka2026tgikit.geojson","felt":null,"cdi":null,"mmi":null,"alert":null,"status":"automatic","tsunami":0,"sig":6,"net":"ak","code":"a2026tgikit","ids":",aka2026tgikit,","sources":",ak,","types":",origin,phase-data,","nst":6,"dmin":0,"rms":0.7,"gap":139,"magType":"ml","type":"earthquake","title":"M 0.6 - 89 km SE of King Salmon, Alaska"},"geometry":{"type":"Point","coordinates":[-155.479,58.171,4.6]},"id":"aka2026tgikit"},
{"type":"Feature","properties":{"mag":1.5,"place":"78 km ESE of Egegik, Alaska","time":1790629836544,"updated":1790629928930,"tz":null,"url":"https://earthquake.usgs.gov/earthquakes/eventpage/aka2026tgihdd","detail":"https://earthquake.usgs.gov/earthquakes/feed/v1.0/detail/aka2026tgihdd.geojson","felt":null,"cdi":null,"mmi":null,"alert":null,"status":"automatic","tsunami":0,"sig":35,"net":"ak","code":"a2026tgihdd","ids":",aka2026tgihdd,","sources":",ak,","types":",origin,phase-data,","nst":29,"dmin":0.1,"rms":0.4,"gap":98,"magType":"ml","type":"earthquake","title":"M 1.5 - 78 km ESE of Egegik, Alaska"},"geometry":{"type":"Point","coordinates":[-156.205,57.89,119.6]},"id":"aka2026tgihdd"},
{"type":"Feature","properties":{"mag":1.8,"place":"11 km SE of Soldotna, Alaska","time":1790629690601,"updated":1790629779277,"tz":null,"url":"https://earthquake.usgs.gov/earthquakes/eventpage/aka2026tgiezl","detail":"https://earthquake.usgs.gov/earthquakes/feed/v1.0/detail/aka2026tgiezl.geojson","felt":null,"cdi":null,"mmi":null,"alert":null,"status":"automatic","tsunami":0,"sig":50,"net":"ak","code":"a2026tgiezl","ids":",aka2026tgiezl,","sources":",ak,","types":",origin,phase-data,","nst":30,"dmin":0.4,"rms":0.7,"gap":60,"magType":"ml","type":"earthquake","title":"M 1.8 - 11 km SE of Soldotna, Alaska"},"geometry":{"type":"Point","coordinates":[-150.935,60.4,44.4]},"id":"aka2026tgiezl"},
{"type":"Feature","properties":{"mag":1.6,"place":"35 km WNW of Karluk, Alaska","time":1790629613582,"updated":1790629689043,"tz":null,"url":"https://earthquake.usgs.gov/earthquakes/eventpage/aka2026tgidxu","detail":"https://earthquake.usgs.gov/earthquakes/feed/v1.0/detail/aka2026tgidxu.geojson","felt":null,"cdi":null,"mmi":null,"alert":null,"status":"automatic","tsunami":0,"sig":39,"net":"ak","code":"a2026tgidxu","ids":",aka2026tgidxu,","sources":",ak,","types":",origin,phase-data,","nst":9,"dmin":0.4,"rms":0.2,"gap":259,"magType":"ml","type":"earthquake","title":"M 1.6 - 35 km WNW of Karluk, Alaska"},"geometry":{"type":"Point","coordinates":[-155.033,57.66,83.9]},"id":"aka2026tgidxu"},
{"type":"Feature","properties":{"mag":0.6,"place":"67 km ENE of Pedro Bay, Alaska","time":1790628347274,"updated":1790628518981,"tz":null,"url":"https://earthquake.usgs.gov/earthquakes/eventpage/aka2026tghlqb","detail":"https://earthquake.usgs.gov/earthquakes/feed/v1.0/detail/aka2026tghlqb.geojson","felt":null,"cdi":null,"mmi":null,"alert":null,"status":"automatic","tsunami":0,"sig":6,"net":"ak","code":"a2026tghlqb","ids":",aka2026tghlqb,","sources":",ak,","types":",origin,phase-data,","nst":6,"dmin":0,"rms":0,"gap":273,"magType":"ml","type":"earthquake","title":"M 0.6 - 67 km ENE of Pedro Bay, Alaska"},"geometry":{"type":"Point","coordinates":[-153.038,60.071,3.7]},"id":"aka2026tghlqb"},
{"type":"Feature","properties":{"mag":1.6,"place":"13 km NE of Glacier View, Alaska","time":1790627861915,"updated":1790627958938,"tz":null,"url":"https://earthquake.usgs.gov/earthquakes/eventpage/aka2026tghepd","detail":"https://earthquake.usgs.gov/earthquakes/feed/v1.0/detail/aka2026tghepd.geojson","felt":null,"cdi":null,"mmi":null,"alert":null,"status":"automatic","tsunami":0,"sig":39,"net":"ak","code":"a2026tghepd","ids":",aka2026tghepd,","sources":",ak,","types":",origin,phase-data,","nst":25,"dmin":0.1,"rms":0.9,"gap":53,"magType":"ml","type":"earthquake","title":"M 1.6 - 13 km NE of Glacier View, Alaska"},"geometry":{"type":"Point","coordinates":[-147.482,61.9,22.1]},"id":"aka2026tghepd"},
{"type":"Feature","properties":{"mag":1.6,"place":"7 km NE of Slana, Alaska","time":1790627441863,"updated":1790627518894,"tz":null,"url":"https://earthquake.usgs.gov/earthquakes/eventpage/aka2026tggynw","detail":"https://earthquake.usgs.gov/earthquakes/feed/v1.0/detail/aka2026tggynw.geojson","felt":null,"cdi":null,"mmi":null,"alert":null,"status":"automatic","tsunami":0,"sig":39,"net":"ak","code":"a2026tggynw","ids":",aka2026tggynw,","sources":",ak,","types":",origin,phase-data,","nst":19,"dmin":0.5,"rms":0.5,"gap":50,"magType":"ml","type":"earthquake","title":"M 1.6 - 7 km NE of Slana, Alaska"},"geometry":{"type":"Point","coordinates":[-143.843,62.749,5]},"id":"aka2026tggynw"},
{"type":"Feature","properties":{"mag":1.43,"place":"10 km WNW of Cobb, CA","time":1790627187690,"updated":1790629943293,"tz":null,"url":"https://earthquake.usgs.gov/earthquakes/eventpage/nc75443997","detail":"https://earthquake.usgs.gov/earthquakes/feed/v1.0/detail/nc75443997.geojson","felt":null,"cdi":null,"mmi":null,"alert":null,"status":"automatic","tsunami":0,"sig":31,"net":"nc","code":"75443997","ids":",nc75443997,","sources":",nc,","types":",nearby-cities,origin,phase-data,scitech-link,","nst":17,"dmin":0.01178,"rms":0.04,"gap":113,"magType":"md","type":"earthquake","title":"M 1.4 - 10 km WNW of Cobb, CA"},"geometry":{"type":"Point","coordinates":[-122.837829589844,38.8513336181641,0.400000005960464]},"id":"nc75443997"},
{"type":"Feature","properties":{"mag":0.77,"place":"11 km WNW of Cobb, CA","time":1790626923750,"updated":1790627022156,"tz":null,"url":"https://earthquake.usgs.gov/earthquakes/eventpage/nc75443992","detail":"https://earthquake.usgs.gov/earthquakes/feed/v1.0/detail/nc75443992.geojson","felt":null,"cdi":null,"mmi":null,"alert":null,"status":"automatic","tsunami":0,"sig":9,"net":"nc","code":"75443992","ids":",nc75443992,","sources":",nc,","types":",nearby-cities,origin,phase-data,","nst":15,"dmin":0.01272,"rms":0.04,"gap":113,"magType":"md","type":"earthquake","title":"M 0.8 - 11 km WNW of Cobb, CA"},"geometry":{"type":"Point","coordinates":[-122.839996337891,38.8508338928223,-0.0700000002980232]},"id":"nc75443992"},
{"type":"Feature","properties":{"mag":0.76,"place":"11 km WNW of Cobb, CA","time":1790626916990,"updated":1790627012243,"tz":null,"url":"https://earthquake.usgs.gov/earthquakes/eventpage/nc75443987","detail":"https://earthquake.usgs.gov/earthquakes/feed/v1.0/detail/nc75443987.geojson","felt":null,"cdi":null,"mmi":null,"alert":null,"status":"automatic","tsunami":0,"sig":9,"net":"nc","code":"75443987","ids":",nc75443987,","sources":",nc,","types":",nearby-cities,origin,phase-data,","nst":8,"dmin":0.01307,"rms":0.03,"gap":163,"magType":"md","type":"earthquake","title":"M 0.8 - 11 km WNW of Cobb, CA"},"geometry":{"type":"Point","coordinates":[-122.839996337891,38.8533325195312,0.140000000596046]},"id":"nc75443987"},
{"type":"Feature","properties":{"mag":0.61,"place":"10 km WNW of Cobb, CA","time":1790626893820,"updated":1790626992094,"tz":null,"url":"https://earthquake.usgs.gov/earthquakes/eventpage/nc75443982","detail":"https://earthquake.usgs.gov/earthquakes/feed/v1.0/detail/nc75443982.geojson","felt":null,"cdi":null,"mmi":null,"alert":null,"status":"automatic","tsunami":0,"sig":6,"net":"nc","code":"75443982","ids":",nc75443982,","sources":",nc,","types":",nearby-cities,origin,phase-data,","nst":7,"dmin":0.01114,"rms":0.02,"gap":112,"magType":"md","type":"earthquake","title":"M 0.6 - 10 km WNW of Cobb, CA"},"geometry":{"type":"Point","coordinates":[-122.83683013916,38.851001739502,0.860000014305115]},"id":"nc75443982"},
{"type":"Feature","properties":{"mag":2.06,"place":"10 km WNW of Cobb, CA","time":1790626843210,"updated":1790633542672,"tz":null,"url":"https://earthquake.usgs.gov/earthquakes/eventpage/nc75443977","detail":"https://earthquake.usgs.gov/earthquakes/feed/v1.0/detail/nc75443977.geojson","felt":null,"cdi":null,"mmi":null,"alert":null,"status":"automatic","tsunami":0,"sig":65,"net":"nc","code":"75443977","ids":",nc75443977,","sources":",nc,","types":",focal-mechanism,nearby-cities,origin,phase-data,scitech-link,","nst":30,"dmin":0.01017,"rms":0.04,"gap":88,"magType":"md","type":"earthquake","title":"M 2.1 - 10 km WNW of Cobb, CA"},"geometry":{"type":"Point","coordinates":[-122.837333679199,38.8486671447754,0.600000023841858]},"id":"nc75443977"},
{"type":"Feature","properties":{"mag":1.1,"place":"6 km S of Redlands, CA","time":1790626755420,"updated":1790626959356,"tz":null,"url":"https://earthquake.usgs.gov/earthquakes/eventpage/ci41340367","detail":"https://earthquake.usgs.gov/earthquakes/feed/v1.0/detail/ci41340367.geojson","felt":null,"cdi":null,"mmi":null,"alert":null,"status":"automatic","tsunami":0,"sig":19,"net":"ci","code":"41340367","ids":",ci41340367,","sources":",ci,","types":",nearby-cities,origin,phase-data,","nst":35,"dmin":0.06467,"rms":0.17,"gap":81,"magType":"ml","type":"earthquake","title":"M 1.1 - 6 km S of Redlands, CA"},"geometry":{"type":"Point","coordinates":[-117.179333333333,34.0023333333333,15.2]},"id":"ci41340367"},
{"type":"Feature","properties":{"mag":1.8,"place":"26 km W of Karluk, Alaska","time":1790626716854,"updated":1790626809811,"tz":null,"url":"https://earthquake.usgs.gov/earthquakes/eventpage/aka2026tggoat","detail":"https://earthquake.usgs.gov/earthquakes/feed/v1.0/detail/aka2026tggoat.geojson","felt":null,"cdi":null,"mmi":null,"alert":null,"status":"automatic","tsunami":0,"sig":50,"net":"ak","code":"a2026tggoat","ids":",aka2026tggoat,","sources":",ak,","types":",origin,phase-data,","nst":14,"dmin":0.5,"rms":0.8,"gap":273,"magType":"ml","type":"earthquake","title":"M 1.8 - 26 km W of Karluk, Alaska"},"geometry":{"type":"Point","coordinates":[-154.896,57.588,40.6]},"id":"aka2026tggoat"},
{"type":"Feature","properties":{"mag":2.1,"place":"10 km W of Boonville, CA","time":1790626588930,"updated":1790632642568,"tz":null,"url":"https://earthquake.usgs.gov/earthquakes/eventpage/nc75443972","detail":"https://earthquake.usgs.gov/earthquakes/feed/v1.0/detail/nc75443972.geojson","felt":null,"cdi":null,"mmi":null,"alert":null,"status":"automatic","tsunami":0,"sig":68,"net":"nc","code":"75443972","ids":",nc75443972,","sources":",nc,","types":",nearby-cities,origin,phase-data,scitech-link,","nst":14,"dmin":0.1086,"rms":0.08,"gap":63,"magType":"md","type":"earthquake","title":"M 2.1 - 10 km W of Boonville, CA"},"geometry":{"type":"Point","coordinates":[-123.484169006348,39.0123329162598,1.96000003814697]},"id":"nc75443972"},
{"type":"Feature","properties":{"mag":2.1,"place":"20 km SSW of Sunrise, Alaska","time":1790625556619,"updated":1790637473540,"tz":null,"url":"https://earthquake.usgs.gov/earthquakes/eventpage/aka2026tgfxhm","detail":"https://earthquake.usgs.gov/earthquakes/feed/v1.0/detail/aka2026tgfxhm.geojson","felt":2,"cdi":1,"mmi":null,"alert":null,"status":"automatic","tsunami":0,"sig":68,"net":"ak","code":"a2026tgfxhm","ids":",aka2026tgfxhm,","sources":",ak,","types":",dyfi,origin,phase-data,","nst":41,"dmin":0.4,"rms":0.6,"gap":73,"magType":"ml","type":"earthquake","title":"M 2.1 - 20 km SSW of Sunrise, Alaska"},"geometry":{"type":"Point","coordinates":[-149.587,60.719,25.5]},"id":"aka2026tgfxhm"},
{"type":"Feature","properties":{"mag":1.04,"place":"17 km E of Humptulips, Washington","time":1790625347950,"updated":1790635276870,"tz":null,"url":"https://earthquake.usgs.gov/earthquakes/eventpage/uw714111162","detail":"https://earthquake.usgs.gov/earthquakes/feed/v1.0/detail/uw714111162.geojson","felt":null,"cdi":null,"mmi":null,"alert":null,"status":"reviewed","tsunami":0,"sig":17,"net":"uw","code":"714111162","ids":",uw714111162,","sources":",uw,","types":",origin,phase-data,","nst":10,"dmin":0.04976,"rms":0.58,"gap":133,"magType":"ml","type":"explosion","title":"M 1.0 Explosion - 17 km E of Humptulips, Washington"},"geometry":{"type":"Point","coordinates":[-123.724166666667,47.239,-0.36]},"id":"uw714111162"},
{"type":"Feature","properties":{"mag":4.9,"place":"2 km SW of Sakai, Japan","time":1790624707515,"updated":1790653439567,"tz":null,"url":"https://earthquake.usgs.gov/earthquakes/eventpage/us6000ty7u","detail":"https://earthquake.usgs.gov/earthquakes/feed/v1.0/detail/us6000ty7u.geojson","felt":63,"cdi":4.3,"mmi":null,"alert":null,"status":"reviewed","tsunami":0,"sig":396,"net":"us","code":"6000ty7u","ids":",us6000ty7u,","sources":",us,","types":",dyfi,moment-tensor,origin,phase-data,","nst":89,"dmin":1.348,"rms":0.66,"gap":119,"magType":"mww","type":"earthquake","title":"M 4.9 - 2 km SW of Sakai, Japan"},"geometry":{"type":"Point","coordinates":[139.7782,36.0809,70.972]},"id":"us6000ty7u"},
{"type":"Feature","properties":{"mag":0.8,"place":"86 km NNW of Karluk, Alaska","time":1790624493687,"updated":1790624524263,"tz":null,"url":"https://earthquake.usgs.gov/earthquakes/eventpage/aka2026tgfhyd","detail":"https://earthquake.usgs.gov/earthquakes/feed/v1.0/detail/aka2026tgfhyd.geojson","felt":null,"cdi":null,"mmi":null,"alert":null,"status":"automatic","tsunami":0,"sig":10,"net":"ak","code":"a2026tgfhyd","ids":",aka2026tgfhyd,","sources":",ak,","types":",origin,phase-data,","nst":6,"dmin":0,"rms":0.1,"gap":133,"magType":"ml","type":"earthquake","title":"M 0.8 - 86 km NNW of Karluk, Alaska"},"geometry":{"type":"Point","coordinates":[-154.984,58.288,5]},"id":"aka2026tgfhyd"},
{"type":"Feature","properties":{"mag":1.7,"place":"57 km S of Whites City, New Mexico","time":1790623546246,"updated":1790624764990,"tz":null,"url":"https://earthquake.usgs.gov/earthquakes/eventpage/tx2026tdcsfk","detail":"https://earthquake.usgs.gov/earthquakes/feed/v1.0/detail/tx2026tdcsfk.geojson","felt":null,"cdi":null,"mmi":null,"alert":null,"status":"reviewed","tsunami":0,"sig":44,"net":"tx","code":"2026tdcsfk","ids":",tx2026tdcsfk,","sources":",tx,","types":",origin,phase-data,","nst":20,"dmin":0,"rms":0.2,"gap":71,"magType":"ml","type":"earthquake","title":"M 1.7 - 57 km S of Whites City, New Mexico"},"geometry":{"type":"Point","coordinates":[-104.423,31.657,6.2024]},"id":"tx2026tdcsfk"},
{"type":"Feature","properties":{"mag":1.93,"place":"55 km S of Kingston, Nevada","time":1790623518105,"updated":1790624610060,"tz":null,"url":"https://earthquake.usgs.gov/earthquakes/eventpage/nn00924997","detail":"https://earthquake.usgs.gov/earthquakes/feed/v1.0/detail/nn00924997.geojson","felt":null,"cdi":null,"mmi":null,"alert":null,"status":"reviewed","tsunami":0,"sig":57,"net":"nn","code":"00924997","ids":",nn00924997,","sources":",nn,","types":",origin,phase-data,","nst":8,"dmin":0.529,"rms":0.4345,"gap":230,"magType":"ml","type":"explosion","title":"M 1.9 Explosion - 55 km S of Kingston, Nevada"},"geometry":{"type":"Point","coordinates":[-117.0961,38.7131,15.9509]},"id":"nn00924997"},
{"type":"Feature","properties":{"mag":2.91,"place":"45 km N of Charlotte Amalie, U.S. Virgin Islands","time":1790623194480,"updated":1790625127200,"tz":null,"url":"https://earthquake.usgs.gov/earthquakes/eventpage/pr71535013","detail":"https://earthquake.usgs.gov/earthquakes/feed/v1.0/detail/pr71535013.geojson","felt":null,"cdi":null,"mmi":null,"alert":null,"status":"reviewed","tsunami":0,"sig":130,"net":"pr","code":"71535013","ids":",pr71535013,","sources":",pr,","types":",origin,phase-data,","nst":7,"dmin":0.3943,"rms":0.21,"gap":223,"magType":"md","type":"earthquake","title":"M 2.9 - 45 km N of Charlotte Amalie, U.S. Virgin Islands"},"geometry":{"type":"Point","coordinates":[-64.9403333333333,18.7485,23.6]},"id":"pr71535013"},
{"type":"Feature","properties":{"mag":1.7,"place":"42 km NW of Toyah, Texas","time":1790622743485,"updated":1790623743958,"tz":null,"url":"https://earthquake.usgs.gov/earthquakes/eventpage/tx2026tdcgrl","detail":"https://earthquake.usgs.gov/earthquakes/feed/v1.0/detail/tx2026tdcgrl.geojson","felt":null,"cdi":null,"mmi":null,"alert":null,"status":"reviewed","tsunami":0,"sig":44,"net":"tx","code":"2026tdcgrl","ids":",tx2026tdcgrl,","sources":",tx,","types":",origin,phase-data,","nst":25,"dmin":0,"rms":0.2,"gap":68,"magType":"ml","type":"earthquake","title":"M 1.7 - 42 km NW of Toyah, Texas"},"geometry":{"type":"Point","coordinates":[-104.136,31.555,7.1252]},"id":"tx2026tdcgrl"},
{"type":"Feature","properties":{"mag":1.48,"place":"9 km ENE of Port Coquitlam, Canada","time":1790622716130,"updated":1790634815320,"tz":null,"url":"https://earthquake.usgs.gov/earthquakes/eventpage/uw714111082","detail":"https://earthquake.usgs.gov/earthquakes/feed/v1.0/detail/uw714111082.geojson","felt":null,"cdi":null,"mmi":null,"alert":null,"status":"reviewed","tsunami":0,"sig":34,"net":"uw","code":"714111082","ids":",uw714111082,","sources":",uw,","types":",origin,phase-data,","nst":8,"dmin":0.6386,"rms":0.07,"gap":258,"magType":"md","type":"explosion","title":"M 1.5 Explosion - 9 km ENE of Port Coquitlam, Canada"},"geometry":{"type":"Point","coordinates":[-122.652166666667,49.3058333333333,-0.46]},"id":"uw714111082"},
{"type":"Feature","properties":{"mag":2.1,"place":"58 km S of Whites City, New Mexico","time":1790622161838,"updated":1790624059671,"tz":null,"url":"https://earthquake.usgs.gov/earthquakes/eventpage/tx2026tdbyif","detail":"https://earthquake.usgs.gov/earthquakes/feed/v1.0/detail/tx2026tdbyif.geojson","felt":null,"cdi":null,"mmi":null,"alert":null,"status":"reviewed","tsunami":0,"sig":68,"net":"tx","code":"2026tdbyif","ids":",tx2026tdbyif,","sources":",tx,","types":",origin,phase-data,","nst":36,"dmin":0,"rms":0.2,"gap":72,"magType":"ml","type":"earthquake","title":"M 2.1 - 58 km S of Whites City, New Mexico"},"geometry":{"type":"Point","coordinates":[-104.46,31.65,6.7664]},"id":"tx2026tdbyif"},
{"type":"Feature","properties":{"mag":1.12,"place":"16 km E of Coso Junction, CA","time":1790622156320,"updated":1790626218153,"tz":null,"url":"https://earthquake.usgs.gov/earthquakes/eventpage/ci41340343","detail":"https://earthquake.usgs.gov/earthquakes/feed/v1.0/detail/ci41340343.geojson","felt":null,"cdi":null,"mmi":null,"alert":null,"status":"reviewed","tsunami":0,"sig":19,"net":"ci","code":"41340343","ids":",ci41340343,","sources":",ci,","types":",nearby-cities,origin,phase-data,","nst":16,"dmin":0.009797,"rms":0.09,"gap":67,"magType":"ml","type":"earthquake","title":"M 1.1 - 16 km E of Coso Junction, CA"},"geometry":{"type":"Point","coordinates":[-117.775166666667,36.0308333333333,1.44]},"id":"ci41340343"},
{"type":"Feature","properties":{"mag":1.8,"place":"57 km S of Whites City, New Mexico","time":1790621992783,"updated":1790624242410,"tz":null,"url":"https://earthquake.usgs.gov/earthquakes/eventpage/tx2026tdbvxd","detail":"https://earthquake.usgs.gov/earthquakes/feed/v1.0/detail/tx2026tdbvxd.geojson","felt":null,"cdi":null,"mmi":null,"alert":null,"status":"reviewed","tsunami":0,"sig":50,"net":"tx","code":"2026tdbvxd","ids":",tx2026tdbvxd,","sources":",tx,","types":",origin,phase-data,","nst":14,"dmin":0,"rms":0.1,"gap":72,"magType":"ml","type":"earthquake","title":"M 1.8 - 57 km S of Whites City, New Mexico"},"geometry":{"type":"Point","coordinates":[-104.469,31.659,5.6897]},"id":"tx2026tdbvxd"},
{"type":"Feature","properties":{"mag":0.57,"place":"5 km WNW of Cobb, CA","time":1790621987370,"updated":1790622081644,"tz":null,"url":"https://earthquake.usgs.gov/earthquakes/eventpage/nc75443947","detail":"https://earthquake.usgs.gov/earthquakes/feed/v1.0/detail/nc75443947.geojson","felt":null,"cdi":null,"mmi":null,"alert":null,"status":"automatic","tsunami":0,"sig":5,"net":"nc","code":"75443947","ids":",nc75443947,","sources":",nc,","types":",nearby-cities,origin,phase-data,","nst":8,"dmin":0.003534,"rms":0.03,"gap":131,"magType":"md","type":"earthquake","title":"M 0.6 - 5 km WNW of Cobb, CA"},"geometry":{"type":"Point","coordinates":[-122.777496337891,38.839168548584,2.09999990463257]},"id":"nc75443947"},
{"type":"Feature","properties":{"mag":0.37,"place":"17 km SE of Anza, CA","time":1790621582890,"updated":1790632855867,"tz":null,"url":"https://earthquake.usgs.gov/earthquakes/eventpage/ci10254510","detail":"https://earthquake.usgs.gov/earthquakes/feed/v1.0/detail/ci10254510.geojson","felt":null,"cdi":null,"mmi":null,"alert":null,"status":"reviewed","tsunami":0,"sig":2,"net":"ci","code":"10254510","ids":",ci10254510,","sources":",ci,","types":",nearby-cities,origin,phase-data,","nst":13,"dmin":0.07014,"rms":0.13,"gap":120,"magType":"ml","type":"earthquake","title":"M 0.4 - 17 km SE of Anza, CA"},"geometry":{"type":"Point","coordinates":[-116.527333333333,33.4645,11.07]},"id":"ci10254510"},
{"type":"Feature","properties":{"mag":0.65,"place":"17 km SE of Anza, CA","time":1790621563400,"updated":1790632551743,"tz":null,"url":"https://earthquake.usgs.gov/earthquakes/eventpage/ci41340335","detail":"https://earthquake.usgs.gov/earthquakes/feed/v1.0/detail/ci41340335.geojson","felt":null,"cdi":null,"mmi":null,"alert":null,"status":"reviewed","tsunami":0,"sig":6,"net":"ci","code":"41340335","ids":",ci41340335,","sources":",ci,","types":",nearby-cities,origin,phase-data,","nst":25,"dmin":0.07193,"rms":0.16,"gap":53,"magType":"ml","type":"earthquake","title":"M 0.7 - 17 km SE of Anza, CA"},"geometry":{"type":"Point","coordinates":[-116.526666666667,33.4616666666667,10.44]},"id":"ci41340335"},
{"type":"Feature","properties":{"mag":1.8,"place":"75 km SW of Nanwalek, Alaska","time":1790620809739,"updated":1790620869142,"tz":null,"url":"https://earthquake.usgs.gov/earthquakes/eventpage/aka2026tgdgrz","detail":"https://earthquake.usgs.gov/earthquakes/feed/v1.0/detail/aka2026tgdgrz.geojson","felt":null,"cdi":null,"mmi":null,"alert":null,"status":"automatic","tsunami":0,"sig":50,"net":"ak","code":"a2026tgdgrz","ids":",aka2026tgdgrz,","sources":",ak,","types":",origin,phase-data,","nst":8,"dmin":0.2,"rms":0.6,"gap":149,"magType":"ml","type":"earthquake","title":"M 1.8 - 75 km SW of Nanwalek, Alaska"},"geometry":{"type":"Point","coordinates":[-152.668,58.795,54.8]},"id":"aka2026tgdgrz"},
{"type":"Feature","properties":{"mag":1.23,"place":"5 km SSW of Port Ludlow, Washington","time":1790620642650,"updated":1790635100260,"tz":null,"url":"https://earthquake.usgs.gov/earthquakes/eventpage/uw714111042","detail":"https://earthquake.usgs.gov/earthquakes/feed/v1.0/detail/uw714111042.geojson","felt":null,"cdi":null,"mmi":null,"alert":null,"status":"reviewed","tsunami":0,"sig":23,"net":"uw","code":"714111042","ids":",uw714111042,","sources":",uw,","types":",origin,phase-data,","nst":10,"dmin":0.1013,"rms":0.44,"gap":136,"magType":"ml","type":"explosion","title":"M 1.2 Explosion - 5 km SSW of Port Ludlow, Washington"},"geometry":{"type":"Point","coordinates":[-122.715666666667,47.8833333333333,-0.03]},"id":"uw714111042"},
{"type":"Feature","properties":{"mag":0.5,"place":"6 km NNW of The Geysers, CA","time":1790620611200,"updated":1790620707523,"tz":null,"url":"https://earthquake.usgs.gov/earthquakes/eventpage/nc75443937","detail":"https://earthquake.usgs.gov/earthquakes/feed/v1.0/detail/nc75443937.geojson","felt":null,"cdi":null,"mmi":null,"alert":null,"status":"automatic","tsunami":0,"sig":4,"net":"nc","code":"75443937","ids":",nc75443937,","sources":",nc,","types":",nearby-cities,origin,phase-data,","nst":8,"dmin":0.01428,"rms":0.01,"gap":110,"magType":"md","type":"earthquake","title":"M 0.5 - 6 km NNW of The Geysers, CA"},"geometry":{"type":"Point","coordinates":[-122.791831970215,38.8224983215332,1.12999999523163]},"id":"nc75443937"},
{"type":"Feature","properties":{"mag":2.2,"place":"25 km N of Fox River, Alaska","time":1790619791535,"updated":1790624336772,"tz":null,"url":"https://earthquake.usgs.gov/earthquakes/eventpage/aka2026tgcrze","detail":"https://earthquake.usgs.gov/earthquakes/feed/v1.0/detail/aka2026tgcrze.geojson","felt":1,"cdi":1,"mmi":null,"alert":null,"status":"automatic","tsunami":0,"sig":75,"net":"ak","code":"a2026tgcrze","ids":",aka2026tgcrze,","sources":",ak,","types":",dyfi,origin,phase-data,","nst":52,"dmin":0.3,"rms":0.6,"gap":74,"magType":"ml","type":"earthquake","title":"M 2.2 - 25 km N of Fox River, Alaska"},"geometry":{"type":"Point","coordinates":[-150.961,60.089,50.2]},"id":"aka2026tgcrze"},
{"type":"Feature","properties":{"mag":4.6,"place":"36 km SE of Hualien City, Taiwan","time":1790619644330,"updated":1790635554390,"tz":null,"url":"https://earthquake.usgs.gov/earthquakes/eventpage/us6000ty73","detail":"https://earthquake.usgs.gov/earthquakes/feed/v1.0/detail/us6000ty73.geojson","felt":2,"cdi":4.1,"mmi":null,"alert":null,"status":"reviewed","tsunami":0,"sig":326,"net":"us","code":"6000ty73","ids":",us6000ty73,","sources":",us,","types":",dyfi,moment-tensor,origin,phase-data,","nst":74,"dmin":0.508,"rms":0.94,"gap":67,"magType":"mwr","type":"earthquake","title":"M 4.6 - 36 km SE of Hualien City, Taiwan"},"geometry":{"type":"Point","coordinates":[121.8063,23.702,19.011]},"id":"us6000ty73"},
{"type":"Feature","properties":{"mag":0.39,"place":"13 km SSW of Searles Valley, CA","time":1790619449480,"updated":1790622334081,"tz":null,"url":"https://earthquake.usgs.gov/earthquakes/eventpage/ci41340327","detail":"https://earthquake.usgs.gov/earthquakes/feed/v1.0/detail/ci41340327.geojson","felt":null,"cdi":null,"mmi":null,"alert":null,"status":"reviewed","tsunami":0,"sig":2,"net":"ci","code":"41340327","ids":",ci41340327,","sources":",ci,","types":",nearby-cities,origin,phase-data,","nst":9,"dmin":0.0379,"rms":0.15,"gap":125,"magType":"ml","type":"earthquake","title":"M 0.4 - 13 km SSW of Searles Valley, CA"},"geometry":{"type":"Point","coordinates":[-117.470166666667,35.6675,6.97]},"id":"ci41340327"},
{"type":"Feature","properties":{"mag":1.08,"place":"6 km NW of The Geysers, CA","time":1790619353860,"updated":1790619452487,"tz":null,"url":"https://earthquake.usgs.gov/earthquakes/eventpage/nc75443932","detail":"https://earthquake.usgs.gov/earthquakes/feed/v1.0/detail/nc75443932.geojson","felt":null,"cdi":null,"mmi":null,"alert":null,"status":"automatic","tsunami":0,"sig":18,"net":"nc","code":"75443932","ids":",nc75443932,","sources":",nc,","types":",nearby-cities,origin,phase-data,","nst":16,"dmin":0.009528,"rms":0.02,"gap":48,"magType":"md","type":"earthquake","title":"M 1.1 - 6 km NW of The Geysers, CA"},"geometry":{"type":"Point","coordinates":[-122.798164367676,38.8213348388672,1.97000002861023]},"id":"nc75443932"},
{"type":"Feature","properties":{"mag":1.5,"place":"22 km S of Westbrook, Texas","time":1790619221330,"updated":1790624523035,"tz":null,"url":"https://earthquake.usgs.gov/earthquakes/eventpage/tx2026tdaiaq","detail":"https://earthquake.usgs.gov/earthquakes/feed/v1.0/detail/tx2026tdaiaq.geojson","felt":null,"cdi":null,"mmi":null,"alert":null,"status":"reviewed","tsunami":0,"sig":35,"net":"tx","code":"2026tdaiaq","ids":",tx2026tdaiaq,","sources":",tx,","types":",origin,phase-data,","nst":21,"dmin":0.3,"rms":0.1,"gap":72,"magType":"ml","type":"earthquake","title":"M 1.5 - 22 km S of Westbrook, Texas"},"geometry":{"type":"Point","coordinates":[-101.035,32.152,6.2256]},"id":"tx2026tdaiaq"},
{"type":"Feature","properties":{"mag":1.4,"place":"8 km ENE of Pinnacles, CA","time":1790619050320,"updated":1790621541330,"tz":null,"url":"https://earthquake.usgs.gov/earthquakes/eventpage/nc75443927","detail":"https://earthquake.usgs.gov/earthquakes/feed/v1.0/detail/nc75443927.geojson","felt":null,"cdi":null,"mmi":null,"alert":null,"status":"automatic","tsunami":0,"sig":30,"net":"nc","code":"75443927","ids":",nc75443927,","sources":",nc,","types":",nearby-cities,origin,phase-data,scitech-link,","nst":8,"dmin":0.02816,"rms":0.14,"gap":152,"magType":"md","type":"earthquake","title":"M 1.4 - 8 km ENE of Pinnacles, CA"},"geometry":{"type":"Point","coordinates":[-121.055000305176,36.553165435791,10.1300001144409]},"id":"nc75443927"},
{"type":"Feature","properties":{"mag":0.7,"place":"20 km E of Little Lake, CA","time":1790618762140,"updated":1790621737976,"tz":null,"url":"https://earthquake.usgs.gov/earthquakes/eventpage/ci41340319","detail":"https://earthquake.usgs.gov/earthquakes/feed/v1.0/detail/ci41340319.geojson","felt":null,"cdi":null,"mmi":null,"alert":null,"status":"reviewed","tsunami":0,"sig":8,"net":"ci","code":"41340319","ids":",ci41340319,","sources":",ci,","types":",nearby-cities,origin,phase-data,","nst":19,"dmin":0.03969,"rms":0.15,"gap":54,"magType":"ml","type":"earthquake","title":"M 0.7 - 20 km E of Little Lake, CA"},"geometry":{"type":"Point","coordinates":[-117.684833333333,35.9196666666667,8.72]},"id":"ci41340319"},
{"type":"Feature","properties":{"mag":0.76,"place":"11 km WNW of The Geysers, CA","time":1790618201710,"updated":1790618297219,"tz":null,"url":"https://earthquake.usgs.gov/earthquakes/eventpage/nc75443922","detail":"https://earthquake.usgs.gov/earthquakes/feed/v1.0/detail/nc75443922.geojson","felt":null,"cdi":null,"mmi":null,"alert":null,"status":"automatic","tsunami":0,"sig":9,"net":"nc","code":"75443922","ids":",nc75443922,","sources":",nc,","types":",nearby-cities,origin,phase-data,","nst":8,"dmin":0.007021,"rms":0.02,"gap":142,"magType":"md","type":"earthquake","title":"M 0.8 - 11 km WNW of The Geysers, CA"},"geometry":{"type":"Point","coordinates":[-122.865165710449,38.8248329162598,2.05999994277954]},"id":"nc75443922"},
{"type":"Feature","properties":{"mag":2.6,"place":"13 km NNW of Ninilchik, Alaska","time":1790618153431,"updated":1790618877381,"tz":null,"url":"https://earthquake.usgs.gov/earthquakes/eventpage/aka2026tgbuia","detail":"https://earthquake.usgs.gov/earthquakes/feed/v1.0/detail/aka2026tgbuia.geojson","felt":1,"cdi":1,"mmi":null,"alert":null,"status":"automatic","tsunami":0,"sig":104,"net":"ak","code":"a2026tgbuia","ids":",aka2026tgbuia,","sources":",ak,","types":",dyfi,origin,phase-data,","nst":105,"dmin":0.5,"rms":0.7,"gap":56,"magType":"ml","type":"earthquake","title":"M 2.6 - 13 km NNW of Ninilchik, Alaska"},"geometry":{"type":"Point","coordinates":[-151.738,60.169,71.4]},"id":"aka2026tgbuia"},
{"type":"Feature","properties":{"mag":0.8,"place":"10 km ENE of Borrego Springs, CA","time":1790618073650,"updated":1790621751523,"tz":null,"url":"https://earthquake.usgs.gov/earthquakes/eventpage/ci41340303","detail":"https://earthquake.usgs.gov/earthquakes/feed/v1.0/detail/ci41340303.geojson","felt":null,"cdi":null,"mmi":null,"alert":null,"status":"reviewed","tsunami":0,"sig":10,"net":"ci","code":"41340303","ids":",ci41340303,","sources":",ci,","types":",nearby-cities,origin,phase-data,","nst":39,"dmin":0.07548,"rms":0.19,"gap":70,"magType":"ml","type":"earthquake","title":"M 0.8 - 10 km ENE of Borrego Springs, CA"},"geometry":{"type":"Point","coordinates":[-116.2785,33.2913333333333,10.61]},"id":"ci41340303"},
{"type":"Feature","properties":{"mag":1.66,"place":"8 km SW of Lookingglass, Oregon","time":1790617974490,"updated":1790633956320,"tz":null,"url":"https://earthquake.usgs.gov/earthquakes/eventpage/uw714111012","detail":"https://earthquake.usgs.gov/earthquakes/feed/v1.0/detail/uw714111012.geojson","felt":null,"cdi":null,"mmi":null,"alert":null,"status":"reviewed","tsunami":0,"sig":42,"net":"uw","code":"714111012","ids":",uw714111012,","sources":",uw,","types":",origin,phase-data,","nst":9,"dmin":0.09506,"rms":0.19,"gap":69,"magType":"ml","type":"explosion","title":"M 1.7 Explosion - 8 km SW of Lookingglass, Oregon"},"geometry":{"type":"Point","coordinates":[-123.555333333333,43.1218333333333,-0.52]},"id":"uw714111012"},
{"type":"Feature","properties":{"mag":1.39,"place":"25 km NW of Parkfield, CA","time":1790617618070,"updated":1790619743121,"tz":null,"url":"https://earthquake.usgs.gov/earthquakes/eventpage/nc75443917","detail":"https://earthquake.usgs.gov/earthquakes/feed/v1.0/detail/nc75443917.geojson","felt":null,"cdi":null,"mmi":null,"alert":null,"status":"automatic","tsunami":0,"sig":30,"net":"nc","code":"75443917","ids":",nc75443917,","sources":",nc,","types":",nearby-cities,origin,phase-data,scitech-link,","nst":22,"dmin":0.02248,"rms":0.07,"gap":126,"magType":"md","type":"earthquake","title":"M 1.4 - 25 km NW of Parkfield, CA"},"geometry":{"type":"Point","coordinates":[-120.622497558594,36.0616683959961,5.6399998664856]},"id":"nc75443917"},
{"type":"Feature","properties":{"mag":4.8,"place":"155 km NNW of Kilmia, Yemen","time":1790617075108,"updated":1790617908040,"tz":null,"url":"https://earthquake.usgs.gov/earthquakes/eventpage/us6000ty71","detail":"https://earthquake.usgs.gov/earthquakes/feed/v1.0/detail/us6000ty71.geojson","felt":null,"cdi":null,"mmi":null,"alert":null,"status":"reviewed","tsunami":0,"sig":354,"net":"us","code":"6000ty71","ids":",us6000ty71,","sources":",us,","types":",origin,phase-data,","nst":44,"dmin":6.996,"rms":0.94,"gap":133,"magType":"mb","type":"earthquake","title":"M 4.8 - 155 km NNW of Kilmia, Yemen"},"geometry":{"type":"Point","coordinates":[51.4935,13.3879,10]},"id":"us6000ty71"},
{"type":"Feature","properties":{"mag":2.9,"place":"43 km N of Chase, Alaska","time":1790616906839,"updated":1790629313040,"tz":null,"url":"https://earthquake.usgs.gov/earthquakes/eventpage/aka2026tgbcma","detail":"https://earthquake.usgs.gov/earthquakes/feed/v1.0/detail/aka2026tgbcma.geojson","felt":null,"cdi":null,"mmi":null,"alert":null,"status":"automatic","tsunami":0,"sig":129,"net":"ak","code":"a2026tgbcma","ids":",us6000ty6z,aka2026tgbcma,","sources":",us,ak,","types":",origin,phase-data,","nst":123,"dmin":0.4,"rms":1.2,"gap":28,"magType":"ml","type":"earthquake","title":"M 2.9 - 43 km N of Chase, Alaska"},"geometry":{"type":"Point","coordinates":[-150.125,62.835,68.3]},"id":"aka2026tgbcma"},
{"type":"Feature","properties":{"mag":2.2,"place":"10 km S of Princeton, Canada","time":1790615886240,"updated":1790634637580,"tz":null,"url":"https://earthquake.usgs.gov/earthquakes/eventpage/uw714110992","detail":"https://earthquake.usgs.gov/earthquakes/feed/v1.0/detail/uw714110992.geojson","felt":null,"cdi":null,"mmi":null,"alert":null,"status":"reviewed","tsunami":0,"sig":74,"net":"uw","code":"714110992","ids":",uw714110992,","sources":",uw,","types":",origin,phase-data,","nst":10,"dmin":0.5859,"rms":0.34,"gap":181,"magType":"ml","type":"explosion","title":"M 2.2 Explosion - 10 km S of Princeton, Canada"},"geometry":{"type":"Point","coordinates":[-120.5185,49.3678333333333,-0.36]},"id":"uw714110992"},
{"type":"Feature","properties":{"mag":0.81,"place":"16 km WSW of Johannesburg, CA","time":1790615821290,"updated":1790627275582,"tz":null,"url":"https://earthquake.usgs.gov/earthquakes/eventpage/ci41340295","detail":"https://earthquake.usgs.gov/earthquakes/feed/v1.0/detail/ci41340295.geojson","felt":null,"cdi":null,"mmi":null,"alert":null,"status":"reviewed","tsunami":0,"sig":10,"net":"ci","code":"41340295","ids":",ci41340295,","sources":",ci,","types":",nearby-cities,origin,phase-data,","nst":18,"dmin":0.05903,"rms":0.14,"gap":90,"magType":"ml","type":"earthquake","title":"M 0.8 - 16 km WSW of Johannesburg, CA"},"geometry":{"type":"Point","coordinates":[-117.797,35.311,6.98]},"id":"ci41340295"},
{"type":"Feature","properties":{"mag":0.72,"place":"5 km SW of Idyllwild, CA","time":1790615669620,"updated":1790621845832,"tz":null,"url":"https://earthquake.usgs.gov/earthquakes/eventpage/ci41340287","detail":"https://earthquake.usgs.gov/earthquakes/feed/v1.0/detail/ci41340287.geojson","felt":null,"cdi":null,"mmi":null,"alert":null,"status":"reviewed","tsunami":0,"sig":8,"net":"ci","code":"41340287","ids":",ci41340287,","sources":",ci,","types":",nearby-cities,origin,phase-data,","nst":19,"dmin":0.03864,"rms":0.07,"gap":130,"magType":"ml","type":"earthquake","title":"M 0.7 - 5 km SW of Idyllwild, CA"},"geometry":{"type":"Point","coordinates":[-116.7605,33.71,16.46]},"id":"ci41340287"},
{"type":"Feature","properties":{"mag":2.01,"place":"2 km N of Indios, Puerto Rico","time":1790615266000,"updated":1790616827030,"tz":null,"url":"https://earthquake.usgs.gov/earthquakes/eventpage/pr71535008","detail":"https://earthquake.usgs.gov/earthquakes/feed/v1.0/detail/pr71535008.geojson","felt":null,"cdi":null,"mmi":null,"alert":null,"status":"reviewed","tsunami":0,"sig":62,"net":"pr","code":"71535008","ids":",pr71535008,","sources":",pr,","types":",origin,phase-data,","nst":7,"dmin":0.06796,"rms":0.08,"gap":148,"magType":"md","type":"earthquake","title":"M 2.0 - 2 km N of Indios, Puerto Rico"},"geometry":{"type":"Point","coordinates":[-66.824,18.0183333333333,16.65]},"id":"pr71535008"},
{"type":"Feature","properties":{"mag":0.34,"place":"18 km SSW of La Quinta, CA","time":1790615204690,"updated":1790623901757,"tz":null,"url":"https://earthquake.usgs.gov/earthquakes/eventpage/ci10254486","detail":"https://earthquake.usgs.gov/earthquakes/feed/v1.0/detail/ci10254486.geojson","felt":null,"cdi":null,"mmi":null,"alert":null,"status":"reviewed","tsunami":0,"sig":2,"net":"ci","code":"10254486","ids":",ci10254486,","sources":",ci,","types":",nearby-cities,origin,phase-data,","nst":14,"dmin":0.1273,"rms":0.14,"gap":78,"magType":"ml","type":"earthquake","title":"M 0.3 - 18 km SSW of La Quinta, CA"},"geometry":{"type":"Point","coordinates":[-116.417666666667,33.5246666666667,13.31]},"id":"ci10254486"},
{"type":"Feature","properties":{"mag":0.58,"place":"19 km SSW of La Quinta, CA","time":1790615195620,"updated":1790623687152,"tz":null,"url":"https://earthquake.usgs.gov/earthquakes/eventpage/ci41340279","detail":"https://earthquake.usgs.gov/earthquakes/feed/v1.0/detail/ci41340279.geojson","felt":null,"cdi":null,"mmi":null,"alert":null,"status":"reviewed","tsunami":0,"sig":5,"net":"ci","code":"41340279","ids":",ci41340279,","sources":",ci,","types":",nearby-cities,origin,phase-data,","nst":18,"dmin":0.1299,"rms":0.1,"gap":77,"magType":"ml","type":"earthquake","title":"M 0.6 - 19 km SSW of La Quinta, CA"},"geometry":{"type":"Point","coordinates":[-116.4205,33.5226666666667,11.41]},"id":"ci41340279"},
{"type":"Feature","properties":{"mag":0.91,"place":"55 km E of Warm River, Idaho","time":1790614343490,"updated":1790617399650,"tz":null,"url":"https://earthquake.usgs.gov/earthquakes/eventpage/uu80158191","detail":"https://earthquake.usgs.gov/earthquakes/feed/v1.0/detail/uu80158191.geojson","felt":null,"cdi":null,"mmi":null,"alert":null,"status":"reviewed","tsunami":0,"sig":13,"net":"uu","code":"80158191","ids":",uu80158191,","sources":",uu,","types":",origin,phase-data,","nst":10,"dmin":0.09168,"rms":0.24,"gap":133,"magType":"md","type":"earthquake","title":"M 0.9 - 55 km E of Warm River, Idaho"},"geometry":{"type":"Point","coordinates":[-110.6355,44.2148333333333,9.1]},"id":"uu80158191"},
{"type":"Feature","properties":{"mag":3.6,"place":"42 km WSW of Anchor Point, Alaska","time":1790613840462,"updated":1790626471434,"tz":null,"url":"https://earthquake.usgs.gov/earthquakes/eventpage/aka2026tfzjzc","detail":"https://earthquake.usgs.gov/earthquakes/feed/v1.0/detail/aka2026tfzjzc.geojson","felt":null,"cdi":null,"mmi":2.213,"alert":null,"status":"automatic","tsunami":0,"sig":199,"net":"ak","code":"a2026tfzjzc","ids":",us6000ty6p,aka2026tfzjzc,","sources":",us,ak,","types":",origin,phase-data,shakemap,","nst":222,"dmin":0.3,"rms":0.9,"gap":75,"magType":"ml","type":"earthquake","title":"M 3.6 - 42 km WSW of Anchor Point, Alaska"},"geometry":{"type":"Point","coordinates":[-152.558,59.675,87]},"id":"aka2026tfzjzc"},
{"type":"Feature","properties":{"mag":1.17,"place":"20 km ESE of Anza, CA","time":1790613819330,"updated":1790621798195,"tz":null,"url":"https://earthquake.usgs.gov/earthquakes/eventpage/ci41340263","detail":"https://earthquake.usgs.gov/earthquakes/feed/v1.0/detail/ci41340263.geojson","felt":null,"cdi":null,"mmi":null,"alert":null,"status":"reviewed","tsunami":0,"sig":21,"net":"ci","code":"41340263","ids":",ci41340263,","sources":",ci,","types":",nearby-cities,origin,phase-data,","nst":57,"dmin":0.1059,"rms":0.17,"gap":48,"magType":"ml","type":"earthquake","title":"M 1.2 - 20 km ESE of Anza, CA"},"geometry":{"type":"Point","coordinates":[-116.476666666667,33.4838333333333,12.88]},"id":"ci41340263"},
{"type":"Feature","properties":{"mag":1.5,"place":"25 km W of Garden City, Texas","time":1790613780397,"updated":1790614567578,"tz":null,"url":"https://earthquake.usgs.gov/earthquakes/eventpage/tx2026tcxhub","detail":"https://earthquake.usgs.gov/earthquakes/feed/v1.0/detail/tx2026tcxhub.geojson","felt":null,"cdi":null,"mmi":null,"alert":null,"status":"reviewed","tsunami":0,"sig":35,"net":"tx","code":"2026tcxhub","ids":",tx2026tcxhub,","sources":",tx,","types":",origin,phase-data,","nst":34,"dmin":0.1,"rms":0.1,"gap":58,"magType":"ml","type":"earthquake","title":"M 1.5 - 25 km W of Garden City, Texas"},"geometry":{"type":"Point","coordinates":[-101.748,31.892,8.8623]},"id":"tx2026tcxhub"},
{"type":"Feature","properties":{"mag":1.9,"place":"42 km W of Susitna, Alaska","time":1790613543201,"updated":1790613739460,"tz":null,"url":"https://earthquake.usgs.gov/earthquakes/eventpage/aka2026tfzfrs","detail":"https://earthquake.usgs.gov/earthquakes/feed/v1.0/detail/aka2026tfzfrs.geojson","felt":null,"cdi":null,"mmi":null,"alert":null,"status":"automatic","tsunami":0,"sig":56,"net":"ak","code":"a2026tfzfrs","ids":",aka2026tfzfrs,","sources":",ak,","types":",origin,phase-data,","nst":33,"dmin":0.3,"rms":0.7,"gap":85,"magType":"ml","type":"earthquake","title":"M 1.9 - 42 km W of Susitna, Alaska"},"geometry":{"type":"Point","coordinates":[-151.308,61.591,5]},"id":"aka2026tfzfrs"},
{"type":"Feature","properties":{"mag":1.04,"place":"4 km ENE of Huntsville, Utah","time":1790613482540,"updated":1790617052780,"tz":null,"url":"https://earthquake.usgs.gov/earthquakes/eventpage/uu80158186","detail":"https://earthquake.usgs.gov/earthquakes/feed/v1.0/detail/uu80158186.geojson","felt":null,"cdi":null,"mmi":null,"alert":null,"status":"reviewed","tsunami":0,"sig":17,"net":"uu","code":"80158186","ids":",uu80158186,","sources":",uu,","types":",origin,phase-data,","nst":15,"dmin":0.141,"rms":0.12,"gap":83,"magType":"md","type":"earthquake","title":"M 1.0 - 4 km ENE of Huntsville, Utah"},"geometry":{"type":"Point","coordinates":[-111.722666666667,41.2756666666667,11.13]},"id":"uu80158186"},
{"type":"Feature","properties":{"mag":1.58,"place":"5 km NW of The Geysers, CA","time":1790613474260,"updated":1790617649885,"tz":null,"url":"https://earthquake.usgs.gov/earthquakes/eventpage/nc75443882","detail":"https://earthquake.usgs.gov/earthquakes/feed/v1.0/detail/nc75443882.geojson","felt":null,"cdi":null,"mmi":null,"alert":null,"status":"automatic","tsunami":0,"sig":38,"net":"nc","code":"75443882","ids":",nc75443882,","sources":",nc,","types":",focal-mechanism,nearby-cities,origin,phase-data,scitech-link,","nst":31,"dmin":0.004375,"rms":0.02,"gap":76,"magType":"md","type":"earthquake","title":"M 1.6 - 5 km NW of The Geysers, CA"},"geometry":{"type":"Point","coordinates":[-122.792663574219,38.8118324279785,2.90000009536743]},"id":"nc75443882"},
{"type":"Feature","properties":{"mag":1.9,"place":"67 km NW of Aleneva, Alaska","time":1790612679360,"updated":1790612778971,"tz":null,"url":"https://earthquake.usgs.gov/earthquakes/eventpage/aka2026tfytfk","detail":"https://earthquake.usgs.gov/earthquakes/feed/v1.0/detail/aka2026tfytfk.geojson","felt":null,"cdi":null,"mmi":null,"alert":null,"status":"automatic","tsunami":0,"sig":56,"net":"ak","code":"a2026tfytfk","ids":",aka2026tfytfk,","sources":",ak,","types":",origin,phase-data,","nst":35,"dmin":0.3,"rms":0.3,"gap":112,"magType":"ml","type":"earthquake","title":"M 1.9 - 67 km NW of Aleneva, Alaska"},"geometry":{"type":"Point","coordinates":[-153.843,58.415,82.8]},"id":"aka2026tfytfk"},
{"type":"Feature","properties":{"mag":0.7,"place":"6 km WNW of Cobb, CA","time":1790612383910,"updated":1790612482241,"tz":null,"url":"https://earthquake.usgs.gov/earthquakes/eventpage/nc75443867","detail":"https://earthquake.usgs.gov/earthquakes/feed/v1.0/detail/nc75443867.geojson","felt":null,"cdi":null,"mmi":null,"alert":null,"status":"automatic","tsunami":0,"sig":8,"net":"nc","code":"75443867","ids":",nc75443867,","sources":",nc,","types":",nearby-cities,origin,phase-data,","nst":12,"dmin":0.004314,"rms":0.02,"gap":81,"magType":"md","type":"earthquake","title":"M 0.7 - 6 km WNW of Cobb, CA"},"geometry":{"type":"Point","coordinates":[-122.785499572754,38.8363342285156,1.76999998092651]},"id":"nc75443867"},
{"type":"Feature","properties":{"mag":0.7,"place":"6 km WNW of Cobb, CA","time":1790612365680,"updated":1790612462536,"tz":null,"url":"https://earthquake.usgs.gov/earthquakes/eventpage/nc75443862","detail":"https://earthquake.usgs.gov/earthquakes/feed/v1.0/detail/nc75443862.geojson","felt":null,"cdi":null,"mmi":null,"alert":null,"status":"automatic","tsunami":0,"sig":8,"net":"nc","code":"75443862","ids":",nc75443862,","sources":",nc,","types":",nearby-cities,origin,phase-data,","nst":11,"dmin":0.004158,"rms":0.01,"gap":82,"magType":"md","type":"earthquake","title":"M 0.7 - 6 km WNW of Cobb, CA"},"geometry":{"type":"Point","coordinates":[-122.786003112793,38.8359985351562,1.85000002384186]},"id":"nc75443862"},
{"type":"Feature","properties":{"mag":1.7,"place":"32 km SW of Garden City, Texas","time":1790611864315,"updated":1790613469354,"tz":null,"url":"https://earthquake.usgs.gov/earthquakes/eventpage/tx2026tcwgla","detail":"https://earthquake.usgs.gov/earthquakes/feed/v1.0/detail/tx2026tcwgla.geojson","felt":null,"cdi":null,"mmi":null,"alert":null,"status":"reviewed","tsunami":0,"sig":44,"net":"tx","code":"2026tcwgla","ids":",tx2026tcwgla,","sources":",tx,","types":",origin,phase-data,","nst":34,"dmin":0,"rms":0.2,"gap":59,"magType":"ml","type":"earthquake","title":"M 1.7 - 32 km SW of Garden City, Texas"},"geometry":{"type":"Point","coordinates":[-101.744,31.682,5.4443]},"id":"tx2026tcwgla"},
{"type":"Feature","properties":{"mag":1.57,"place":"17 km SW of Toms Place, CA","time":1790611237080,"updated":1790613140343,"tz":null,"url":"https://earthquake.usgs.gov/earthquakes/eventpage/nc75443857","detail":"https://earthquake.usgs.gov/earthquakes/feed/v1.0/detail/nc75443857.geojson","felt":null,"cdi":null,"mmi":null,"alert":null,"status":"automatic","tsunami":0,"sig":38,"net":"nc","code":"75443857","ids":",nc75443857,","sources":",nc,","types":",nearby-cities,origin,phase-data,scitech-link,","nst":17,"dmin":0.1193,"rms":0.04,"gap":155,"magType":"md","type":"earthquake","title":"M 1.6 - 17 km SW of Toms Place, CA"},"geometry":{"type":"Point","coordinates":[-118.83683013916,37.4706649780273,3.75]},"id":"nc75443857"},
{"type":"Feature","properties":{"mag":1.5,"place":"8 km SSE of Elmendorf Air Force Base, Alaska","time":1790610971554,"updated":1790611059489,"tz":null,"url":"https://earthquake.usgs.gov/earthquakes/eventpage/aka2026tfxuni","detail":"https://earthquake.usgs.gov/earthquakes/feed/v1.0/detail/aka2026tfxuni.geojson","felt":null,"cdi":null,"mmi":null,"alert":null,"status":"automatic","tsunami":0,"sig":35,"net":"ak","code":"a2026tfxuni","ids":",aka2026tfxuni,","sources":",ak,","types":",origin,phase-data,","nst":22,"dmin":0.1,"rms":0.7,"gap":89,"magType":"ml","type":"earthquake","title":"M 1.5 - 8 km SSE of Elmendorf Air Force Base, Alaska"},"geometry":{"type":"Point","coordinates":[-149.56,61.192,26.4]},"id":"aka2026tfxuni"},
{"type":"Feature","properties":{"mag":0.72,"place":"10 km WNW of Cobb, CA","time":1790610520790,"updated":1790610617324,"tz":null,"url":"https://earthquake.usgs.gov/earthquakes/eventpage/nc75443852","detail":"https://earthquake.usgs.gov/earthquakes/feed/v1.0/detail/nc75443852.geojson","felt":null,"cdi":null,"mmi":null,"alert":null,"status":"automatic","tsunami":0,"sig":8,"net":"nc","code":"75443852","ids":",nc75443852,","sources":",nc,","types":",nearby-cities,origin,phase-data,","nst":14,"dmin":0.01059,"rms":0.03,"gap":129,"magType":"md","type":"earthquake","title":"M 0.7 - 10 km WNW of Cobb, CA"},"geometry":{"type":"Point","coordinates":[-122.821502685547,38.8651657104492,1.33000004291534]},"id":"nc75443852"},
{"type":"Feature","properties":{"mag":2,"place":"55 km NNW of Petersville, Alaska","time":1790608774983,"updated":1790608929117,"tz":null,"url":"https://earthquake.usgs.gov/earthquakes/eventpage/aka2026tfwoxo","detail":"https://earthquake.usgs.gov/earthquakes/feed/v1.0/detail/aka2026tfwoxo.geojson","felt":null,"cdi":null,"mmi":null,"alert":null,"status":"automatic","tsunami":0,"sig":62,"net":"ak","code":"a2026tfwoxo","ids":",aka2026tfwoxo,","sources":",ak,","types":",origin,phase-data,","nst":37,"dmin":0.5,"rms":0.6,"gap":53,"magType":"ml","type":"earthquake","title":"M 2.0 - 55 km NNW of Petersville, Alaska"},"geometry":{"type":"Point","coordinates":[-151.034,62.983,123.9]},"id":"aka2026tfwoxo"},
{"type":"Feature","properties":{"mag":2.2,"place":"7 km SE of Denali National Park, Alaska","time":1790607891704,"updated":1790608029149,"tz":null,"url":"https://earthquake.usgs.gov/earthquakes/eventpage/aka2026tfwcav","detail":"https://earthquake.usgs.gov/earthquakes/feed/v1.0/detail/aka2026tfwcav.geojson","felt":null,"cdi":null,"mmi":null,"alert":null,"status":"automatic","tsunami":0,"sig":74,"net":"ak","code":"a2026tfwcav","ids":",aka2026tfwcav,","sources":",ak,","types":",origin,phase-data,","nst":33,"dmin":0.2,"rms":1,"gap":64,"magType":"ml","type":"earthquake","title":"M 2.2 - 7 km SE of Denali National Park, Alaska"},"geometry":{"type":"Point","coordinates":[-151.61,63.499,0.3]},"id":"aka2026tfwcav"},
{"type":"Feature","properties":{"mag":4.9,"place":"124 km SE of Pondaguitan, Philippines","time":1790607699183,"updated":1790609295040,"tz":null,"url":"https://earthquake.usgs.gov/earthquakes/eventpage/us6000ty5m","detail":"https://earthquake.usgs.gov/earthquakes/feed/v1.0/detail/us6000ty5m.geojson","felt":null,"cdi":null,"mmi":null,"alert":null,"status":"reviewed","tsunami":0,"sig":369,"net":"us","code":"6000ty5m","ids":",us6000ty5m,","sources":",us,","types":",origin,phase-data,","nst":65,"dmin":2.031,"rms":0.67,"gap":77,"magType":"mb","type":"earthquake","title":"M 4.9 - 124 km SE of Pondaguitan, Philippines"},"geometry":{"type":"Point","coordinates":[127.0338,5.634,78.202]},"id":"us6000ty5m"},
{"type":"Feature","properties":{"mag":4.2,"place":"7 km SE of Denali National Park, Alaska","time":1790607355260,"updated":1790615663040,"tz":null,"url":"https://earthquake.usgs.gov/earthquakes/eventpage/aka2026tfvugv","detail":"https://earthquake.usgs.gov/earthquakes/feed/v1.0/detail/aka2026tfvugv.geojson","felt":2,"cdi":2.7,"mmi":4.558,"alert":null,"status":"reviewed","tsunami":0,"sig":272,"net":"ak","code":"a2026tfvugv","ids":",aka2026tfvugv,us6000ty5k,","sources":",ak,us,","types":",dyfi,moment-tensor,origin,phase-data,shakemap,","nst":194,"dmin":0.2,"rms":1.4,"gap":28,"magType":"ml","type":"earthquake","title":"M 4.2 - 7 km SE of Denali National Park, Alaska"},"geometry":{"type":"Point","coordinates":[-151.62,63.492,5]},"id":"aka2026tfvugv"},
{"type":"Feature","properties":{"mag":2.4,"place":"60 km S of Whites City, New Mexico","time":1790607163613,"updated":1790607637378,"tz":null,"url":"https://earthquake.usgs.gov/earthquakes/eventpage/tx2026tctqqi","detail":"https://earthquake.usgs.gov/earthquakes/feed/v1.0/detail/tx2026tctqqi.geojson","felt":null,"cdi":null,"mmi":null,"alert":null,"status":"reviewed","tsunami":0,"sig":89,"net":"tx","code":"2026tctqqi","ids":",tx2026tctqqi,","sources":",tx,","types":",origin,phase-data,","nst":19,"dmin":0,"rms":0.2,"gap":74,"magType":"ml","type":"earthquake","title":"M 2.4 - 60 km S of Whites City, New Mexico"},"geometry":{"type":"Point","coordinates":[-104.46,31.635,6.1255]},"id":"tx2026tctqqi"},
{"type":"Feature","properties":{"mag":4.7,"place":"115 km WSW of Banda Aceh, Indonesia","time":1790606590687,"updated":1790614071040,"tz":null,"url":"https://earthquake.usgs.gov/earthquakes/eventpage/us6000ty5h","detail":"https://earthquake.usgs.gov/earthquakes/feed/v1.0/detail/us6000ty5h.geojson","felt":null,"cdi":null,"mmi":null,"alert":null,"status":"reviewed","tsunami":0,"sig":340,"net":"us","code":"6000ty5h","ids":",us6000ty5h,","sources":",us,","types":",origin,phase-data,","nst":54,"dmin":6.196,"rms":0.5,"gap":73,"magType":"mb","type":"earthquake","title":"M 4.7 - 115 km WSW of Banda Aceh, Indonesia"},"geometry":{"type":"Point","coordinates":[94.3303,5.2548,45.734]},"id":"us6000ty5h"},
{"type":"Feature","properties":{"mag":4.3,"place":"6 km NNE of Cepitá, Colombia","time":1790606551470,"updated":1790613321040,"tz":null,"url":"https://earthquake.usgs.gov/earthquakes/eventpage/us6000ty5f","detail":"https://earthquake.usgs.gov/earthquakes/feed/v1.0/detail/us6000ty5f.geojson","felt":null,"cdi":null,"mmi":null,"alert":null,"status":"reviewed","tsunami":0,"sig":284,"net":"us","code":"6000ty5f","ids":",us6000ty5f,","sources":",us,","types":",origin,phase-data,","nst":100,"dmin":0.918,"rms":0.72,"gap":103,"magType":"mb","type":"earthquake","title":"M 4.3 - 6 km NNE of Cepitá, Colombia"},"geometry":{"type":"Point","coordinates":[-72.9604,6.8087,155.23]},"id":"us6000ty5f"},
{"type":"Feature","properties":{"mag":1.01,"place":"14 km S of Maricopa, CA","time":1790606025300,"updated":1790631265261,"tz":null,"url":"https://earthquake.usgs.gov/earthquakes/eventpage/ci41340247","detail":"https://earthquake.usgs.gov/earthquakes/feed/v1.0/detail/ci41340247.geojson","felt":null,"cdi":null,"mmi":null,"alert":null,"status":"reviewed","tsunami":0,"sig":16,"net":"ci","code":"41340247","ids":",ci41340247,","sources":",ci,","types":",nearby-cities,origin,phase-data,","nst":20,"dmin":0.01468,"rms":0.16,"gap":87,"magType":"ml","type":"earthquake","title":"M 1.0 - 14 km S of Maricopa, CA"},"geometry":{"type":"Point","coordinates":[-119.427333333333,34.9311666666667,9.81]},"id":"ci41340247"},
{"type":"Feature","properties":{"mag":1.13,"place":"10 km S of Idyllwild, CA","time":1790605559130,"updated":1790612571993,"tz":null,"url":"https://earthquake.usgs.gov/earthquakes/eventpage/ci41340239","detail":"https://earthquake.usgs.gov/earthquakes/feed/v1.0/detail/ci41340239.geojson","felt":null,"cdi":null,"mmi":null,"alert":null,"status":"reviewed","tsunami":0,"sig":20,"net":"ci","code":"41340239","ids":",ci41340239,","sources":",ci,","types":",nearby-cities,origin,phase-data,","nst":40,"dmin":0.02953,"rms":0.13,"gap":35,"magType":"ml","type":"earthquake","title":"M 1.1 - 10 km S of Idyllwild, CA"},"geometry":{"type":"Point","coordinates":[-116.703666666667,33.653,16.56]},"id":"ci41340239"},
{"type":"Feature","properties":{"mag":0.46,"place":"6 km NW of Lake Henshaw, CA","time":1790605179290,"updated":1790621814799,"tz":null,"url":"https://earthquake.usgs.gov/earthquakes/eventpage/ci41340231","detail":"https://earthquake.usgs.gov/earthquakes/feed/v1.0/detail/ci41340231.geojson","felt":null,"cdi":null,"mmi":null,"alert":null,"status":"reviewed","tsunami":0,"sig":3,"net":"ci","code":"41340231","ids":",ci41340231,","sources":",ci,","types":",nearby-cities,origin,phase-data,","nst":20,"dmin":0.05601,"rms":0.15,"gap":47,"magType":"ml","type":"earthquake","title":"M 0.5 - 6 km NW of Lake Henshaw, CA"},"geometry":{"type":"Point","coordinates":[-116.811333333333,33.2706666666667,15.05]},"id":"ci41340231"},
{"type":"Feature","properties":{"mag":1.9,"place":"66 km SE of Cantwell, Alaska","time":1790604990198,"updated":1790605139423,"tz":null,"url":"https://earthquake.usgs.gov/earthquakes/eventpage/aka2026tfumbw","detail":"https://earthquake.usgs.gov/earthquakes/feed/v1.0/detail/aka2026tfumbw.geojson","felt":null,"cdi":null,"mmi":null,"alert":null,"status":"automatic","tsunami":0,"sig":56,"net":"ak","code":"a2026tfumbw","ids":",aka2026tfumbw,","sources":",ak,","types":",origin,phase-data,","nst":26,"dmin":0.6,"rms":0.9,"gap":94,"magType":"ml","type":"earthquake","title":"M 1.9 - 66 km SE of Cantwell, Alaska"},"geometry":{"type":"Point","coordinates":[-148.145,62.916,47.5]},"id":"aka2026tfumbw"},
{"type":"Feature","properties":{"mag":4.3,"place":"Izu Islands, Japan region","time":1790604041104,"updated":1790612163040,"tz":null,"url":"https://earthquake.usgs.gov/earthquakes/eventpage/us6000ty5c","detail":"https://earthquake.usgs.gov/earthquakes/feed/v1.0/detail/us6000ty5c.geojson","felt":null,"cdi":null,"mmi":null,"alert":null,"status":"reviewed","tsunami":0,"sig":284,"net":"us","code":"6000ty5c","ids":",us6000ty5c,","sources":",us,","types":",origin,phase-data,","nst":44,"dmin":3.973,"rms":1.12,"gap":65,"magType":"mb","type":"earthquake","title":"M 4.3 - Izu Islands, Japan region"},"geometry":{"type":"Point","coordinates":[138.8008,31.8082,290.166]},"id":"us6000ty5c"},
{"type":"Feature","properties":{"mag":1.7,"place":"10 km NW of Fritz Creek, Alaska","time":1790603721865,"updated":1790603788977,"tz":null,"url":"https://earthquake.usgs.gov/earthquakes/eventpage/aka2026tftttk","detail":"https://earthquake.usgs.gov/earthquakes/feed/v1.0/detail/aka2026tftttk.geojson","felt":null,"cdi":null,"mmi":null,"alert":null,"status":"automatic","tsunami":0,"sig":44,"net":"ak","code":"a2026tftttk","ids":",aka2026tftttk,","sources":",ak,","types":",origin,phase-data,","nst":21,"dmin":0.3,"rms":0.5,"gap":102,"magType":"ml","type":"earthquake","title":"M 1.7 - 10 km NW of Fritz Creek, Alaska"},"geometry":{"type":"Point","coordinates":[-151.41,59.805,58]},"id":"aka2026tftttk"},
{"type":"Feature","properties":{"mag":0.85,"place":"57 km E of Warm River, Idaho","time":1790603717060,"updated":1790612931560,"tz":null,"url":"https://earthquake.usgs.gov/earthquakes/eventpage/uu80158181","detail":"https://earthquake.usgs.gov/earthquakes/feed/v1.0/detail/uu80158181.geojson","felt":null,"cdi":null,"mmi":null,"alert":null,"status":"reviewed","tsunami":0,"sig":11,"net":"uu","code":"80158181","ids":",uu80158181,","sources":",uu,","types":",origin,phase-data,","nst":9,"dmin":0.0792,"rms":0.15,"gap":139,"magType":"md","type":"earthquake","title":"M 0.9 - 57 km E of Warm River, Idaho"},"geometry":{"type":"Point","coordinates":[-110.615666666667,44.2161666666667,11.83]},"id":"uu80158181"},
{"type":"Feature","properties":{"mag":-0.62,"place":"70 km WNW of Tyonek, Alaska","time":1790603396870,"updated":1790653541660,"tz":null,"url":"https://earthquake.usgs.gov/earthquakes/eventpage/av94453036","detail":"https://earthquake.usgs.gov/earthquakes/feed/v1.0/detail/av94453036.geojson","felt":null,"cdi":null,"mmi":null,"alert":null,"status":"reviewed","tsunami":0,"sig":0,"net":"av","code":"94453036","ids":",av94453036,","sources":",av,","types":",origin,phase-data,","nst":8,"dmin":0.04802,"rms":0.2,"gap":142,"magType":"ml","type":"earthquake","title":"M -0.6 - 70 km WNW of Tyonek, Alaska"},"geometry":{"type":"Point","coordinates":[-152.354333333333,61.3061666666667,0.91]},"id":"av94453036"},
{"type":"Feature","properties":{"mag":1.77,"place":"57 km E of Warm River, Idaho","time":1790603258590,"updated":1790612642340,"tz":null,"url":"https://earthquake.usgs.gov/earthquakes/eventpage/uu80158176","detail":"https://earthquake.usgs.gov/earthquakes/feed/v1.0/detail/uu80158176.geojson","felt":null,"cdi":null,"mmi":null,"alert":null,"status":"reviewed","tsunami":0,"sig":48,"net":"uu","code":"80158176","ids":",uu80158176,","sources":",uu,","types":",origin,phase-data,","nst":11,"dmin":0.08205,"rms":0.14,"gap":140,"magType":"ml","type":"earthquake","title":"M 1.8 - 57 km E of Warm River, Idaho"},"geometry":{"type":"Point","coordinates":[-110.616333333333,44.2121666666667,11.85]},"id":"uu80158176"},
{"type":"Feature","properties":{"mag":4.9,"place":"22 km WNW of Malango, Solomon Islands","time":1790602720724,"updated":1790607384040,"tz":null,"url":"https://earthquake.usgs.gov/earthquakes/eventpage/us6000ty5b","detail":"https://earthquake.usgs.gov/earthquakes/feed/v1.0/detail/us6000ty5b.geojson","felt":null,"cdi":null,"mmi":null,"alert":null,"status":"reviewed","tsunami":0,"sig":369,"net":"us","code":"6000ty5b","ids":",us6000ty5b,","sources":",us,","types":",origin,phase-data,","nst":45,"dmin":14.035,"rms":0.94,"gap":97,"magType":"mb","type":"earthquake","title":"M 4.9 - 22 km WNW of Malango, Solomon Islands"},"geometry":{"type":"Point","coordinates":[159.5458,-9.5835,10]},"id":"us6000ty5b"},
{"type":"Feature","properties":{"mag":0.82,"place":"4 km NNW of The Geysers, CA","time":1790602343350,"updated":1790602441054,"tz":null,"url":"https://earthquake.usgs.gov/earthquakes/eventpage/nc75443827","detail":"https://earthquake.usgs.gov/earthquakes/feed/v1.0/detail/nc75443827.geojson","felt":null,"cdi":null,"mmi":null,"alert":null,"status":"automatic","tsunami":0,"sig":10,"net":"nc","code":"75443827","ids":",nc75443827,","sources":",nc,","types":",nearby-cities,origin,phase-data,","nst":13,"dmin":0.006427,"rms":0.02,"gap":66,"magType":"md","type":"earthquake","title":"M 0.8 - 4 km NNW of The Geysers, CA"},"geometry":{"type":"Point","coordinates":[-122.780166625977,38.8068351745605,3.05999994277954]},"id":"nc75443827"},
{"type":"Feature","properties":{"mag":3.2,"place":"275 km W of Indianola, California","time":1790602232105,"updated":1790611261040,"tz":null,"url":"https://earthquake.usgs.gov/earthquakes/eventpage/us6000ty59","detail":"https://earthquake.usgs.gov/earthquakes/feed/v1.0/detail/us6000ty59.geojson","felt":null,"cdi":null,"mmi":null,"alert":null,"status":"reviewed","tsunami":0,"sig":158,"net":"us","code":"6000ty59","ids":",us6000ty59,","sources":",us,","types":",origin,phase-data,","nst":22,"dmin":2.589,"rms":0.67,"gap":277,"magType":"ml","type":"earthquake","title":"M 3.2 - 275 km W of Indianola, California"},"geometry":{"type":"Point","coordinates":[-127.4517,41.1377,10]},"id":"us6000ty59"},
{"type":"Feature","properties":{"mag":2.26,"place":"8 km SSW of Pāhala, Hawaii","time":1790602025880,"updated":1790602247490,"tz":null,"url":"https://earthquake.usgs.gov/earthquakes/eventpage/hv75044692","detail":"https://earthquake.usgs.gov/earthquakes/feed/v1.0/detail/hv75044692.geojson","felt":null,"cdi":null,"mmi":null,"alert":null,"status":"automatic","tsunami":0,"sig":79,"net":"hv","code":"75044692","ids":",hv75044692,","sources":",hv,","types":",origin,phase-data,","nst":39,"dmin":0.05033,"rms":0.180000007,"gap":155,"magType":"md","type":"earthquake","title":"M 2.3 - 8 km SSW of Pāhala, Hawaii"},"geometry":{"type":"Point","coordinates":[-155.511840820312,19.1373329162598,32.9000015258789]},"id":"hv75044692"},
{"type":"Feature","properties":{"mag":5.4,"place":"north of Svalbard","time":1790601759769,"updated":1790609342635,"tz":null,"url":"https://earthquake.usgs.gov/earthquakes/eventpage/us6000ty57","detail":"https://earthquake.usgs.gov/earthquakes/feed/v1.0/detail/us6000ty57.geojson","felt":null,"cdi":null,"mmi":3.424,"alert":"green","status":"reviewed","tsunami":0,"sig":449,"net":"us","code":"6000ty57","ids":",us6000ty57,","sources":",us,","types":",losspager,moment-tensor,origin,phase-data,shakemap,","nst":81,"dmin":1.667,"rms":0.56,"gap":60,"magType":"mww","type":"earthquake","title":"M 5.4 - north of Svalbard"},"geometry":{"type":"Point","coordinates":[-7.1923,82.6385,10]},"id":"us6000ty57"},
{"type":"Feature","properties":{"mag":3.1,"place":"7 km ENE of Denali Park, Alaska","time":1790601328116,"updated":1790610287040,"tz":null,"url":"https://earthquake.usgs.gov/earthquakes/eventpage/aka2026tfsled","detail":"https://earthquake.usgs.gov/earthquakes/feed/v1.0/detail/aka2026tfsled.geojson","felt":null,"cdi":null,"mmi":null,"alert":null,"status":"automatic","tsunami":0,"sig":148,"net":"ak","code":"a2026tfsled","ids":",us6000ty56,aka2026tfsled,","sources":",us,ak,","types":",origin,phase-data,","nst":134,"dmin":0.1,"rms":1,"gap":22,"magType":"ml","type":"earthquake","title":"M 3.1 - 7 km ENE of Denali Park, Alaska"},"geometry":{"type":"Point","coordinates":[-148.775,63.767,114.2]},"id":"aka2026tfsled"},
{"type":"Feature","properties":{"mag":-0.26,"place":"76 km NNW of Karluk, Alaska","time":1790600913960,"updated":1790656303900,"tz":null,"url":"https://earthquake.usgs.gov/earthquakes/eventpage/av93067444","detail":"https://earthquake.usgs.gov/earthquakes/feed/v1.0/detail/av93067444.geojson","felt":null,"cdi":null,"mmi":null,"alert":null,"status":"reviewed","tsunami":0,"sig":0,"net":"av","code":"93067444","ids":",av93067444,","sources":",av,","types":",origin,phase-data,","nst":5,"dmin":0.1154,"rms":0.1,"gap":221,"magType":"ml","type":"earthquake","title":"M -0.3 - 76 km NNW of Karluk, Alaska"},"geometry":{"type":"Point","coordinates":[-154.8125,58.2268333333333,4.22]},"id":"av93067444"},
{"type":"Feature","properties":{"mag":0.4,"place":"9 km SSW of Idyllwild, CA","time":1790600548640,"updated":1790623430442,"tz":null,"url":"https://earthquake.usgs.gov/earthquakes/eventpage/ci41340223","detail":"https://earthquake.usgs.gov/earthquakes/feed/v1.0/detail/ci41340223.geojson","felt":null,"cdi":null,"mmi":null,"alert":null,"status":"reviewed","tsunami":0,"sig":2,"net":"ci","code":"41340223","ids":",ci41340223,","sources":",ci,","types":",nearby-cities,origin,phase-data,","nst":19,"dmin":0.06203,"rms":0.14,"gap":119,"magType":"ml","type":"earthquake","title":"M 0.4 - 9 km SSW of Idyllwild, CA"},"geometry":{"type":"Point","coordinates":[-116.764666666667,33.6655,10.73]},"id":"ci41340223"},
{"type":"Feature","properties":{"mag":1,"place":"85 km WNW of Karluk, Alaska","time":1790600388301,"updated":1790652820830,"tz":null,"url":"https://earthquake.usgs.gov/earthquakes/eventpage/aka2026tfrxpf","detail":"https://earthquake.usgs.gov/earthquakes/feed/v1.0/detail/aka2026tfrxpf.geojson","felt":null,"cdi":null,"mmi":null,"alert":null,"status":"automatic","tsunami":0,"sig":15,"net":"ak","code":"a2026tfrxpf","ids":",av94452971,aka2026tfrxpf,","sources":",av,ak,","types":",origin,phase-data,","nst":11,"dmin":0.1,"rms":0.3,"gap":169,"magType":"ml","type":"earthquake","title":"M 1.0 - 85 km WNW of Karluk, Alaska"},"geometry":{"type":"Point","coordinates":[-155.716,57.927,15.5]},"id":"aka2026tfrxpf"},
{"type":"Feature","properties":{"mag":1.26,"place":"11 km SSE of Portola Valley, CA","time":1790600275010,"updated":1790602643131,"tz":null,"url":"https://earthquake.usgs.gov/earthquakes/eventpage/nc75443797","detail":"https://earthquake.usgs.gov/earthquakes/feed/v1.0/detail/nc75443797.geojson","felt":null,"cdi":null,"mmi":null,"alert":null,"status":"automatic","tsunami":0,"sig":24,"net":"nc","code":"75443797","ids":",nc75443797,","sources":",nc,","types":",nearby-cities,origin,phase-data,scitech-link,","nst":8,"dmin":0.0124,"rms":0.08,"gap":90,"magType":"md","type":"earthquake","title":"M 1.3 - 11 km SSE of Portola Valley, CA"},"geometry":{"type":"Point","coordinates":[-122.198165893555,37.2928352355957,1.89999997615814]},"id":"nc75443797"},
{"type":"Feature","properties":{"mag":1.71,"place":"9 km ENE of Naalehu, Hawaii","time":1790600051660,"updated":1790600264700,"tz":null,"url":"https://earthquake.usgs.gov/earthquakes/eventpage/hv75044682","detail":"https://earthquake.usgs.gov/earthquakes/feed/v1.0/detail/hv75044682.geojson","felt":null,"cdi":null,"mmi":null,"alert":null,"status":"automatic","tsunami":0,"sig":45,"net":"hv","code":"75044682","ids":",hv75044682,","sources":",hv,","types":",origin,phase-data,","nst":12,"dmin":0.1337,"rms":0.159999996,"gap":242,"magType":"md","type":"earthquake","title":"M 1.7 - 9 km ENE of Naalehu, Hawaii"},"geometry":{"type":"Point","coordinates":[-155.505996704102,19.1141662597656,31.8999996185303]},"id":"hv75044682"},
{"type":"Feature","properties":{"mag":0.98,"place":"37 km NE of Adak, Alaska","time":1790599537600,"updated":1790651919880,"tz":null,"url":"https://earthquake.usgs.gov/earthquakes/eventpage/av94452961","detail":"https://earthquake.usgs.gov/earthquakes/feed/v1.0/detail/av94452961.geojson","felt":null,"cdi":null,"mmi":null,"alert":null,"status":"reviewed","tsunami":0,"sig":15,"net":"av","code":"94452961","ids":",av94452961,","sources":",av,","types":",origin,phase-data,","nst":6,"dmin":0.02543,"rms":0.23,"gap":288,"magType":"ml","type":"earthquake","title":"M 1.0 - 37 km NE of Adak, Alaska"},"geometry":{"type":"Point","coordinates":[-176.218166666667,52.0893333333333,9.17]},"id":"av94452961"},
{"type":"Feature","properties":{"mag":0.29,"place":"17 km WSW of Akutan, Alaska","time":1790599523570,"updated":1790652400380,"tz":null,"url":"https://earthquake.usgs.gov/earthquakes/eventpage/av93067434","detail":"https://earthquake.usgs.gov/earthquakes/feed/v1.0/detail/av93067434.geojson","felt":null,"cdi":null,"mmi":null,"alert":null,"status":"reviewed","tsunami":0,"sig":1,"net":"av","code":"93067434","ids":",av93067434,","sources":",av,","types":",origin,phase-data,","nst":5,"dmin":0.02696,"rms":0.21,"gap":287,"magType":"ml","type":"earthquake","title":"M 0.3 - 17 km WSW of Akutan, Alaska"},"geometry":{"type":"Point","coordinates":[-166.006166666667,54.0636666666667,15.29]},"id":"av93067434"},
{"type":"Feature","properties":{"mag":2.3,"place":"8 km SSW of Pāhala, Hawaii","time":1790599500670,"updated":1790599705980,"tz":null,"url":"https://earthquake.usgs.gov/earthquakes/eventpage/hv75044662","detail":"https://earthquake.usgs.gov/earthquakes/feed/v1.0/detail/hv75044662.geojson","felt":null,"cdi":null,"mmi":null,"alert":null,"status":"automatic","tsunami":0,"sig":81,"net":"hv","code":"75044662","ids":",hv75044662,","sources":",hv,","types":",origin,phase-data,","nst":42,"dmin":0.05309,"rms":0.180000007,"gap":159,"magType":"md","type":"earthquake","title":"M 2.3 - 8 km SSW of Pāhala, Hawaii"},"geometry":{"type":"Point","coordinates":[-155.513000488281,19.132833480835,32.6399993896484]},"id":"hv75044662"},
{"type":"Feature","properties":{"mag":2.13,"place":"8 km SSW of Pāhala, Hawaii","time":1790598694020,"updated":1790615534560,"tz":null,"url":"https://earthquake.usgs.gov/earthquakes/eventpage/hv75044657","detail":"https://earthquake.usgs.gov/earthquakes/feed/v1.0/detail/hv75044657.geojson","felt":null,"cdi":null,"mmi":null,"alert":null,"status":"reviewed","tsunami":0,"sig":70,"net":"hv","code":"75044657","ids":",us6000ty50,hv75044657,","sources":",us,hv,","types":",origin,phase-data,","nst":46,"dmin":0.05236,"rms":0.16,"gap":154,"magType":"ml","type":"earthquake","title":"M 2.1 - 8 km SSW of Pāhala, Hawaii"},"geometry":{"type":"Point","coordinates":[-155.514,19.137,33.9]},"id":"hv75044657"},
{"type":"Feature","properties":{"mag":0.75,"place":"6 km NW of The Geysers, CA","time":1790598693240,"updated":1790598792708,"tz":null,"url":"https://earthquake.usgs.gov/earthquakes/eventpage/nc75443787","detail":"https://earthquake.usgs.gov/earthquakes/feed/v1.0/detail/nc75443787.geojson","felt":null,"cdi":null,"mmi":null,"alert":null,"status":"automatic","tsunami":0,"sig":9,"net":"nc","code":"75443787","ids":",nc75443787,","sources":",nc,","types":",nearby-cities,origin,phase-data,","nst":8,"dmin":0.01077,"rms":0.04,"gap":106,"magType":"md","type":"earthquake","title":"M 0.8 - 6 km NW of The Geysers, CA"},"geometry":{"type":"Point","coordinates":[-122.796333312988,38.8224983215332,2.99000000953674]},"id":"nc75443787"},
{"type":"Feature","properties":{"mag":1.77,"place":"8 km S of Pāhala, Hawaii","time":1790598119660,"updated":1790623648280,"tz":null,"url":"https://earthquake.usgs.gov/earthquakes/eventpage/hv75044637","detail":"https://earthquake.usgs.gov/earthquakes/feed/v1.0/detail/hv75044637.geojson","felt":null,"cdi":null,"mmi":null,"alert":null,"status":"reviewed","tsunami":0,"sig":48,"net":"hv","code":"75044637","ids":",hv75044637,","sources":",hv,","types":",origin,phase-data,","nst":18,"dmin":0.04328,"rms":0.11,"gap":171,"magType":"md","type":"earthquake","title":"M 1.8 - 8 km S of Pāhala, Hawaii"},"geometry":{"type":"Point","coordinates":[-155.4945,19.1246666666667,30.11]},"id":"hv75044637"},
{"type":"Feature","properties":{"mag":4.7,"place":"Fiji region","time":1790597664032,"updated":1790598745040,"tz":null,"url":"https://earthquake.usgs.gov/earthquakes/eventpage/us6000ty4w","detail":"https://earthquake.usgs.gov/earthquakes/feed/v1.0/detail/us6000ty4w.geojson","felt":null,"cdi":null,"mmi":null,"alert":null,"status":"reviewed","tsunami":0,"sig":340,"net":"us","code":"6000ty4w","ids":",us6000ty4w,","sources":",us,","types":",origin,phase-data,","nst":75,"dmin":8.223,"rms":0.99,"gap":53,"magType":"mb","type":"earthquake","title":"M 4.7 - Fiji region"},"geometry":{"type":"Point","coordinates":[-178.4971,-20.6932,573.114]},"id":"us6000ty4w"},
{"type":"Feature","properties":{"mag":1.6,"place":"69 km WSW of Nikolski, Alaska","time":1790597308400,"updated":1790651650540,"tz":null,"url":"https://earthquake.usgs.gov/earthquakes/eventpage/av94452926","detail":"https://earthquake.usgs.gov/earthquakes/feed/v1.0/detail/av94452926.geojson","felt":null,"cdi":null,"mmi":null,"alert":null,"status":"reviewed","tsunami":0,"sig":39,"net":"av","code":"94452926","ids":",av94452926,","sources":",av,","types":",origin,phase-data,","nst":5,"dmin":0.01752,"rms":0.13,"gap":145,"magType":"ml","type":"earthquake","title":"M 1.6 - 69 km WSW of Nikolski, Alaska"},"geometry":{"type":"Point","coordinates":[-169.8755,52.8106666666667,8.61]},"id":"av94452926"},
{"type":"Feature","properties":{"mag":1.48,"place":"2 km N of Loma Linda, CA","time":1790597275190,"updated":1790601614290,"tz":null,"url":"https://earthquake.usgs.gov/earthquakes/eventpage/ci41340215","detail":"https://earthquake.usgs.gov/earthquakes/feed/v1.0/detail/ci41340215.geojson","felt":null,"cdi":null,"mmi":null,"alert":null,"status":"reviewed","tsunami":0,"sig":34,"net":"ci","code":"41340215","ids":",ci41340215,","sources":",ci,","types":",focal-mechanism,nearby-cities,origin,phase-data,scitech-link,","nst":86,"dmin":0.04477,"rms":0.17,"gap":25,"magType":"ml","type":"earthquake","title":"M 1.5 - 2 km N of Loma Linda, CA"},"geometry":{"type":"Point","coordinates":[-117.263,34.0636666666667,14.31]},"id":"ci41340215"},
{"type":"Feature","properties":{"mag":0.68,"place":"9 km N of Borrego Springs, CA","time":1790597096310,"updated":1790601619550,"tz":null,"url":"https://earthquake.usgs.gov/earthquakes/eventpage/ci41340207","detail":"https://earthquake.usgs.gov/earthquakes/feed/v1.0/detail/ci41340207.geojson","felt":null,"cdi":null,"mmi":null,"alert":null,"status":"reviewed","tsunami":0,"sig":7,"net":"ci","code":"41340207","ids":",ci41340207,","sources":",ci,","types":",focal-mechanism,nearby-cities,origin,phase-data,","nst":39,"dmin":0.07599,"rms":0.21,"gap":91,"magType":"ml","type":"earthquake","title":"M 0.7 - 9 km N of Borrego Springs, CA"},"geometry":{"type":"Point","coordinates":[-116.379,33.3373333333333,9.67]},"id":"ci41340207"},
{"type":"Feature","properties":{"mag":1.3,"place":"84 km NNW of Karluk, Alaska","time":1790596725294,"updated":1790651350160,"tz":null,"url":"https://earthquake.usgs.gov/earthquakes/eventpage/aka2026tfpwrc","detail":"https://earthquake.usgs.gov/earthquakes/feed/v1.0/detail/aka2026tfpwrc.geojson","felt":null,"cdi":null,"mmi":null,"alert":null,"status":"automatic","tsunami":0,"sig":26,"net":"ak","code":"a2026tfpwrc","ids":",av94452911,aka2026tfpwrc,","sources":",av,ak,","types":",origin,phase-data,","nst":19,"dmin":0.1,"rms":0.5,"gap":57,"magType":"ml","type":"earthquake","title":"M 1.3 - 84 km NNW of Karluk, Alaska"},"geometry":{"type":"Point","coordinates":[-155.153,58.228,12.2]},"id":"aka2026tfpwrc"},
{"type":"Feature","properties":{"mag":2.38,"place":"8 km SSW of Pāhala, Hawaii","time":1790596626710,"updated":1790597842040,"tz":null,"url":"https://earthquake.usgs.gov/earthquakes/eventpage/hv75044617","detail":"https://earthquake.usgs.gov/earthquakes/feed/v1.0/detail/hv75044617.geojson","felt":null,"cdi":null,"mmi":null,"alert":null,"status":"automatic","tsunami":0,"sig":87,"net":"hv","code":"75044617","ids":",us6000ty4u,hv75044617,","sources":",us,hv,","types":",origin,phase-data,","nst":43,"dmin":0.05649,"rms":0.189999998,"gap":156,"magType":"md","type":"earthquake","title":"M 2.4 - 8 km SSW of Pāhala, Hawaii"},"geometry":{"type":"Point","coordinates":[-155.517166137695,19.1333332061768,33.2799987792969]},"id":"hv75044617"},
{"type":"Feature","properties":{"mag":2,"place":"86 km NNW of Karluk, Alaska","time":1790596617419,"updated":1790651018790,"tz":null,"url":"https://earthquake.usgs.gov/earthquakes/eventpage/aka2026tfpvcg","detail":"https://earthquake.usgs.gov/earthquakes/feed/v1.0/detail/aka2026tfpvcg.geojson","felt":null,"cdi":null,"mmi":null,"alert":null,"status":"automatic","tsunami":0,"sig":62,"net":"ak","code":"a2026tfpvcg","ids":",av94452906,aka2026tfpvcg,","sources":",av,ak,","types":",origin,phase-data,","nst":37,"dmin":0,"rms":0.5,"gap":39,"magType":"ml","type":"earthquake","title":"M 2.0 - 86 km NNW of Karluk, Alaska"},"geometry":{"type":"Point","coordinates":[-155.157,58.254,2.6]},"id":"aka2026tfpvcg"},
{"type":"Feature","properties":{"mag":3.9,"place":"65 km SE of Cantwell, Alaska","time":1790595988611,"updated":1790625053457,"tz":null,"url":"https://earthquake.usgs.gov/earthquakes/eventpage/aka2026tfplzt","detail":"https://earthquake.usgs.gov/earthquakes/feed/v1.0/detail/aka2026tfplzt.geojson","felt":0,"cdi":1,"mmi":2.872,"alert":null,"status":"reviewed","tsunami":0,"sig":234,"net":"ak","code":"a2026tfplzt","ids":",aka2026tfplzt,us6000ty4q,","sources":",ak,us,","types":",dyfi,origin,phase-data,shakemap,","nst":209,"dmin":0.2,"rms":1.2,"gap":14,"magType":"ml","type":"earthquake","title":"M 3.9 - 65 km SE of Cantwell, Alaska"},"geometry":{"type":"Point","coordinates":[-148.093,62.952,52.1]},"id":"aka2026tfplzt"},
{"type":"Feature","properties":{"mag":0.55,"place":"11 km NE of Julian, CA","time":1790595573790,"updated":1790601602451,"tz":null,"url":"https://earthquake.usgs.gov/earthquakes/eventpage/ci41340199","detail":"https://earthquake.usgs.gov/earthquakes/feed/v1.0/detail/ci41340199.geojson","felt":null,"cdi":null,"mmi":null,"alert":null,"status":"reviewed","tsunami":0,"sig":5,"net":"ci","code":"41340199","ids":",ci41340199,","sources":",ci,","types":",nearby-cities,origin,phase-data,","nst":37,"dmin":0.0938,"rms":0.24,"gap":43,"magType":"ml","type":"earthquake","title":"M 0.6 - 11 km NE of Julian, CA"},"geometry":{"type":"Point","coordinates":[-116.521833333333,33.1501666666667,6.16]},"id":"ci41340199"},
{"type":"Feature","properties":{"mag":2.12,"place":"8 km SSW of Pāhala, Hawaii","time":1790595512480,"updated":1790595720880,"tz":null,"url":"https://earthquake.usgs.gov/earthquakes/eventpage/hv75044602","detail":"https://earthquake.usgs.gov/earthquakes/feed/v1.0/detail/hv75044602.geojson","felt":null,"cdi":null,"mmi":null,"alert":null,"status":"automatic","tsunami":0,"sig":69,"net":"hv","code":"75044602","ids":",hv75044602,","sources":",hv,","types":",origin,phase-data,","nst":34,"dmin":0.05063,"rms":0.170000002,"gap":169,"magType":"md","type":"earthquake","title":"M 2.1 - 8 km SSW of Pāhala, Hawaii"},"geometry":{"type":"Point","coordinates":[-155.507995605469,19.1291675567627,32.7200012207031]},"id":"hv75044602"},
{"type":"Feature","properties":{"mag":2.78,"place":"6 km SW of Pāhala, Hawaii","time":1790595325710,"updated":1790616044170,"tz":null,"url":"https://earthquake.usgs.gov/earthquakes/eventpage/hv75044597","detail":"https://earthquake.usgs.gov/earthquakes/feed/v1.0/detail/hv75044597.geojson","felt":null,"cdi":null,"mmi":null,"alert":null,"status":"reviewed","tsunami":0,"sig":119,"net":"hv","code":"75044597","ids":",us6000ty4m,hv75044597,","sources":",us,hv,","types":",origin,phase-data,","nst":56,"dmin":0.05237,"rms":0.12,"gap":128,"magType":"ml","type":"earthquake","title":"M 2.8 - 6 km SW of Pāhala, Hawaii"},"geometry":{"type":"Point","coordinates":[-155.5175,19.1566666666667,34.58]},"id":"hv75044597"},
{"type":"Feature","properties":{"mag":1.55,"place":"33 km S of Alamo, Nevada","time":1790594426265,"updated":1790594653849,"tz":null,"url":"https://earthquake.usgs.gov/earthquakes/eventpage/nn00924988","detail":"https://earthquake.usgs.gov/earthquakes/feed/v1.0/detail/nn00924988.geojson","felt":null,"cdi":null,"mmi":null,"alert":null,"status":"automatic","tsunami":0,"sig":37,"net":"nn","code":"00924988","ids":",nn00924988,","sources":",nn,","types":",origin,phase-data,","nst":10,"dmin":0.37,"rms":0.4134,"gap":225,"magType":"ml","type":"earthquake","title":"M 1.6 - 33 km S of Alamo, Nevada"},"geometry":{"type":"Point","coordinates":[-115.229,37.0643,4.1365]},"id":"nn00924988"},
{"type":"Feature","properties":{"mag":0.8,"place":"7 km WNW of Cobb, CA","time":1790594342950,"updated":1790594437075,"tz":null,"url":"https://earthquake.usgs.gov/earthquakes/eventpage/nc75443767","detail":"https://earthquake.usgs.gov/earthquakes/feed/v1.0/detail/nc75443767.geojson","felt":null,"cdi":null,"mmi":null,"alert":null,"status":"automatic","tsunami":0,"sig":10,"net":"nc","code":"75443767","ids":",nc75443767,","sources":",nc,","types":",nearby-cities,origin,phase-data,","nst":10,"dmin":0.006943,"rms":0.02,"gap":126,"magType":"md","type":"earthquake","title":"M 0.8 - 7 km WNW of Cobb, CA"},"geometry":{"type":"Point","coordinates":[-122.799003601074,38.8368339538574,2.11999988555908]},"id":"nc75443767"},
{"type":"Feature","properties":{"mag":1.18,"place":"19 km N of Pine Mountain Club, CA","time":1790594054040,"updated":1790634613968,"tz":null,"url":"https://earthquake.usgs.gov/earthquakes/eventpage/ci41340191","detail":"https://earthquake.usgs.gov/earthquakes/feed/v1.0/detail/ci41340191.geojson","felt":null,"cdi":null,"mmi":null,"alert":null,"status":"reviewed","tsunami":0,"sig":21,"net":"ci","code":"41340191","ids":",ci41340191,","sources":",ci,","types":",nearby-cities,origin,phase-data,","nst":27,"dmin":0.0657,"rms":0.17,"gap":115,"magType":"ml","type":"earthquake","title":"M 1.2 - 19 km N of Pine Mountain Club, CA"},"geometry":{"type":"Point","coordinates":[-119.141166666667,35.0126666666667,14.15]},"id":"ci41340191"},
{"type":"Feature","properties":{"mag":1.04,"place":"23 km N of Trout Lake, Washington","time":1790593198670,"updated":1790630907450,"tz":null,"url":"https://earthquake.usgs.gov/earthquakes/eventpage/uw714110832","detail":"https://earthquake.usgs.gov/earthquakes/feed/v1.0/detail/uw714110832.geojson","felt":null,"cdi":null,"mmi":null,"alert":null,"status":"reviewed","tsunami":0,"sig":17,"net":"uw","code":"714110832","ids":",uw714110832,","sources":",uw,","types":",origin,phase-data,","nst":29,"dmin":0.08429,"rms":0.11,"gap":97,"magType":"md","type":"earthquake","title":"M 1.0 - 23 km N of Trout Lake, Washington"},"geometry":{"type":"Point","coordinates":[-121.532,46.2106666666667,0]},"id":"uw714110832"},
{"type":"Feature","properties":{"mag":2.09,"place":"3 km E of Enola, Arkansas","time":1790592905890,"updated":1790617797515,"tz":null,"url":"https://earthquake.usgs.gov/earthquakes/eventpage/nm60506373","detail":"https://earthquake.usgs.gov/earthquakes/feed/v1.0/detail/nm60506373.geojson","felt":1,"cdi":1,"mmi":null,"alert":null,"status":"reviewed","tsunami":0,"sig":67,"net":"nm","code":"60506373","ids":",nm60506373,","sources":",nm,","types":",dyfi,origin,phase-data,","nst":13,"dmin":0.0485,"rms":0.11,"gap":107,"magType":"md","type":"earthquake","title":"M 2.1 - 3 km E of Enola, Arkansas"},"geometry":{"type":"Point","coordinates":[-92.1641666666667,35.201,2.21]},"id":"nm60506373"},
{"type":"Feature","properties":{"mag":3.8,"place":"5 km WSW of San Rafael del Yuma, Dominican Republic","time":1790592845830,"updated":1790595887305,"tz":null,"url":"https://earthquake.usgs.gov/earthquakes/eventpage/pr2026271000","detail":"https://earthquake.usgs.gov/earthquakes/feed/v1.0/detail/pr2026271000.geojson","felt":null,"cdi":null,"mmi":null,"alert":null,"status":"reviewed","tsunami":0,"sig":222,"net":"pr","code":"2026271000","ids":",pr2026271000,","sources":",pr,","types":",origin,phase-data,","nst":8,"dmin":0.352,"rms":0.43,"gap":197,"magType":"md","type":"earthquake","title":"M 3.8 - 5 km WSW of San Rafael del Yuma, Dominican Republic"},"geometry":{"type":"Point","coordinates":[-68.7173,18.4086,153]},"id":"pr2026271000"},
{"type":"Feature","properties":{"mag":1.63,"place":"0 km NE of Wilderness Rim, Washington","time":1790592468740,"updated":1790611547950,"tz":null,"url":"https://earthquake.usgs.gov/earthquakes/eventpage/uw714110822","detail":"https://earthquake.usgs.gov/earthquakes/feed/v1.0/detail/uw714110822.geojson","felt":null,"cdi":null,"mmi":null,"alert":null,"status":"reviewed","tsunami":0,"sig":41,"net":"uw","code":"714110822","ids":",uw714110822,","sources":",uw,","types":",origin,phase-data,","nst":36,"dmin":0.02773,"rms":0.14,"gap":105,"magType":"ml","type":"earthquake","title":"M 1.6 - 0 km NE of Wilderness Rim, Washington"},"geometry":{"type":"Point","coordinates":[-121.765333333333,47.4495,22.21]},"id":"uw714110822"},
{"type":"Feature","properties":{"mag":0.76,"place":"6 km NW of The Geysers, CA","time":1790592443590,"updated":1790592540919,"tz":null,"url":"https://earthquake.usgs.gov/earthquakes/eventpage/nc75443762","detail":"https://earthquake.usgs.gov/earthquakes/feed/v1.0/detail/nc75443762.geojson","felt":null,"cdi":null,"mmi":null,"alert":null,"status":"automatic","tsunami":0,"sig":9,"net":"nc","code":"75443762","ids":",nc75443762,","sources":",nc,","types":",nearby-cities,origin,phase-data,","nst":10,"dmin":0.00875,"rms":0.02,"gap":84,"magType":"md","type":"earthquake","title":"M 0.8 - 6 km NW of The Geysers, CA"},"geometry":{"type":"Point","coordinates":[-122.796669006348,38.8166656494141,2.91000008583069]},"id":"nc75443762"},
{"type":"Feature","properties":{"mag":1.7,"place":"57 km S of Whites City, New Mexico","time":1790592403096,"updated":1790613274585,"tz":null,"url":"https://earthquake.usgs.gov/earthquakes/eventpage/tx2026tclmyc","detail":"https://earthquake.usgs.gov/earthquakes/feed/v1.0/detail/tx2026tclmyc.geojson","felt":null,"cdi":null,"mmi":null,"alert":null,"status":"reviewed","tsunami":0,"sig":44,"net":"tx","code":"2026tclmyc","ids":",tx2026tclmyc,","sources":",tx,","types":",origin,phase-data,","nst":33,"dmin":0.1,"rms":0.3,"gap":70,"magType":"ml","type":"earthquake","title":"M 1.7 - 57 km S of Whites City, New Mexico"},"geometry":{"type":"Point","coordinates":[-104.365,31.655,9.8041]},"id":"tx2026tclmyc"},
{"type":"Feature","properties":{"mag":1.79,"place":"16 km WSW of Johannesburg, CA","time":1790592154760,"updated":1790602199138,"tz":null,"url":"https://earthquake.usgs.gov/earthquakes/eventpage/ci41340175","detail":"https://earthquake.usgs.gov/earthquakes/feed/v1.0/detail/ci41340175.geojson","felt":null,"cdi":null,"mmi":null,"alert":null,"status":"reviewed","tsunami":0,"sig":49,"net":"ci","code":"41340175","ids":",ci41340175,","sources":",ci,","types":",nearby-cities,origin,phase-data,scitech-link,","nst":47,"dmin":0.07312,"rms":0.18,"gap":33,"magType":"ml","type":"earthquake","title":"M 1.8 - 16 km WSW of Johannesburg, CA"},"geometry":{"type":"Point","coordinates":[-117.803166666667,35.3318333333333,6.77]},"id":"ci41340175"},
{"type":"Feature","properties":{"mag":0.29,"place":"11 km NW of The Geysers, CA","time":1790592079250,"updated":1790592175891,"tz":null,"url":"https://earthquake.usgs.gov/earthquakes/eventpage/nc75443752","detail":"https://earthquake.usgs.gov/earthquakes/feed/v1.0/detail/nc75443752.geojson","felt":null,"cdi":null,"mmi":null,"alert":null,"status":"automatic","tsunami":0,"sig":1,"net":"nc","code":"75443752","ids":",nc75443752,","sources":",nc,","types":",nearby-cities,origin,phase-data,","nst":10,"dmin":0.01592,"rms":0.21,"gap":179,"magType":"md","type":"earthquake","title":"M 0.3 - 11 km NW of The Geysers, CA"},"geometry":{"type":"Point","coordinates":[-122.848999023438,38.8443336486816,4.05000019073486]},"id":"nc75443752"},
{"type":"Feature","properties":{"mag":1.71,"place":"9 km ENE of Naalehu, Hawaii","time":1790591787140,"updated":1790591994510,"tz":null,"url":"https://earthquake.usgs.gov/earthquakes/eventpage/hv75044582","detail":"https://earthquake.usgs.gov/earthquakes/feed/v1.0/detail/hv75044582.geojson","felt":null,"cdi":null,"mmi":null,"alert":null,"status":"automatic","tsunami":0,"sig":45,"net":"hv","code":"75044582","ids":",hv75044582,","sources":",hv,","types":",origin,phase-data,","nst":19,"dmin":0.134,"rms":0.140000001,"gap":227,"magType":"md","type":"earthquake","title":"M 1.7 - 9 km ENE of Naalehu, Hawaii"},"geometry":{"type":"Point","coordinates":[-155.501007080078,19.1136665344238,32.1500015258789]},"id":"hv75044582"},
{"type":"Feature","properties":{"mag":1.4,"place":"52 km NW of Rampart, Alaska","time":1790591633435,"updated":1790591705418,"tz":null,"url":"https://earthquake.usgs.gov/earthquakes/eventpage/aka2026tfnbbr","detail":"https://earthquake.usgs.gov/earthquakes/feed/v1.0/detail/aka2026tfnbbr.geojson","felt":null,"cdi":null,"mmi":null,"alert":null,"status":"automatic","tsunami":0,"sig":30,"net":"ak","code":"a2026tfnbbr","ids":",aka2026tfnbbr,","sources":",ak,","types":",origin,phase-data,","nst":11,"dmin":0.2,"rms":0.6,"gap":79,"magType":"ml","type":"earthquake","title":"M 1.4 - 52 km NW of Rampart, Alaska"},"geometry":{"type":"Point","coordinates":[-151.026,65.813,7.2]},"id":"aka2026tfnbbr"},
{"type":"Feature","properties":{"mag":0.66,"place":"22 km NW of Parkfield, CA","time":1790590960870,"updated":1790591055724,"tz":null,"url":"https://earthquake.usgs.gov/earthquakes/eventpage/nc75443742","detail":"https://earthquake.usgs.gov/earthquakes/feed/v1.0/detail/nc75443742.geojson","felt":null,"cdi":null,"mmi":null,"alert":null,"status":"automatic","tsunami":0,"sig":7,"net":"nc","code":"75443742","ids":",nc75443742,","sources":",nc,","types":",nearby-cities,origin,phase-data,","nst":13,"dmin":0.03685,"rms":0.07,"gap":109,"magType":"md","type":"earthquake","title":"M 0.7 - 22 km NW of Parkfield, CA"},"geometry":{"type":"Point","coordinates":[-120.605499267578,36.0326652526855,0.349999994039536]},"id":"nc75443742"},
{"type":"Feature","properties":{"mag":2.09,"place":"8 km SSW of Pāhala, Hawaii","time":1790590813960,"updated":1790591014610,"tz":null,"url":"https://earthquake.usgs.gov/earthquakes/eventpage/hv75044567","detail":"https://earthquake.usgs.gov/earthquakes/feed/v1.0/detail/hv75044567.geojson","felt":null,"cdi":null,"mmi":null,"alert":null,"status":"automatic","tsunami":0,"sig":67,"net":"hv","code":"75044567","ids":",hv75044567,","sources":",hv,","types":",origin,phase-data,","nst":37,"dmin":0.05223,"rms":0.180000007,"gap":160,"magType":"md","type":"earthquake","title":"M 2.1 - 8 km SSW of Pāhala, Hawaii"},"geometry":{"type":"Point","coordinates":[-155.512161254883,19.1331672668457,32.3800010681152]},"id":"hv75044567"},
{"type":"Feature","properties":{"mag":1.16,"place":"13 km NE of Milford, Utah","time":1790590534840,"updated":1790613245130,"tz":null,"url":"https://earthquake.usgs.gov/earthquakes/eventpage/uu80158166","detail":"https://earthquake.usgs.gov/earthquakes/feed/v1.0/detail/uu80158166.geojson","felt":null,"cdi":null,"mmi":null,"alert":null,"status":"reviewed","tsunami":0,"sig":21,"net":"uu","code":"80158166","ids":",uu80158166,","sources":",uu,","types":",origin,phase-data,","nst":15,"dmin":0.0123,"rms":0.05,"gap":82,"magType":"ml","type":"earthquake","title":"M 1.2 - 13 km NE of Milford, Utah"},"geometry":{"type":"Point","coordinates":[-112.900333333333,38.4881666666667,4.33]},"id":"uu80158166"},
{"type":"Feature","properties":{"mag":2.86,"place":"41 km NNE of Luquillo, Puerto Rico","time":1790590418810,"updated":1790592407060,"tz":null,"url":"https://earthquake.usgs.gov/earthquakes/eventpage/pr71534978","detail":"https://earthquake.usgs.gov/earthquakes/feed/v1.0/detail/pr71534978.geojson","felt":null,"cdi":null,"mmi":null,"alert":null,"status":"reviewed","tsunami":0,"sig":126,"net":"pr","code":"71534978","ids":",pr71534978,","sources":",pr,","types":",origin,phase-data,","nst":17,"dmin":0.4767,"rms":0.31,"gap":201,"magType":"md","type":"earthquake","title":"M 2.9 - 41 km NNE of Luquillo, Puerto Rico"},"geometry":{"type":"Point","coordinates":[-65.604,18.7321666666667,24.11]},"id":"pr71534978"},
{"type":"Feature","properties":{"mag":0.75,"place":"7 km WNW of Cobb, CA","time":1790590299970,"updated":1790590395693,"tz":null,"url":"https://earthquake.usgs.gov/earthquakes/eventpage/nc75443737","detail":"https://earthquake.usgs.gov/earthquakes/feed/v1.0/detail/nc75443737.geojson","felt":null,"cdi":null,"mmi":null,"alert":null,"status":"automatic","tsunami":0,"sig":9,"net":"nc","code":"75443737","ids":",nc75443737,","sources":",nc,","types":",nearby-cities,origin,phase-data,","nst":14,"dmin":0.01247,"rms":0.01,"gap":60,"magType":"md","type":"earthquake","title":"M 0.8 - 7 km WNW of Cobb, CA"},"geometry":{"type":"Point","coordinates":[-122.806167602539,38.8354988098145,2.05999994277954]},"id":"nc75443737"},
{"type":"Feature","properties":{"mag":0.99,"place":"18 km N of Atka, Alaska","time":1790590157850,"updated":1790649398000,"tz":null,"url":"https://earthquake.usgs.gov/earthquakes/eventpage/av94452816","detail":"https://earthquake.usgs.gov/earthquakes/feed/v1.0/detail/av94452816.geojson","felt":null,"cdi":null,"mmi":null,"alert":null,"status":"reviewed","tsunami":0,"sig":15,"net":"av","code":"94452816","ids":",av94452816,","sources":",av,","types":",origin,phase-data,","nst":6,"dmin":0.02176,"rms":0.33,"gap":103,"magType":"ml","type":"earthquake","title":"M 1.0 - 18 km N of Atka, Alaska"},"geometry":{"type":"Point","coordinates":[-174.202666666667,52.3585,5.21]},"id":"av94452816"},
{"type":"Feature","properties":{"mag":0.7,"place":"85 km NNW of Karluk, Alaska","time":1790590078995,"updated":1790650329100,"tz":null,"url":"https://earthquake.usgs.gov/earthquakes/eventpage/aka2026tfmepo","detail":"https://earthquake.usgs.gov/earthquakes/feed/v1.0/detail/aka2026tfmepo.geojson","felt":null,"cdi":null,"mmi":null,"alert":null,"status":"automatic","tsunami":0,"sig":8,"net":"ak","code":"a2026tfmepo","ids":",av94452806,aka2026tfmepo,","sources":",av,ak,","types":",origin,phase-data,","nst":10,"dmin":0,"rms":0.2,"gap":75,"magType":"ml","type":"earthquake","title":"M 0.7 - 85 km NNW of Karluk, Alaska"},"geometry":{"type":"Point","coordinates":[-155.171,58.237,5]},"id":"aka2026tfmepo"},
{"type":"Feature","properties":{"mag":0.6,"place":"87 km NNW of Karluk, Alaska","time":1790589857121,"updated":1790650178850,"tz":null,"url":"https://earthquake.usgs.gov/earthquakes/eventpage/aka2026tfmbkh","detail":"https://earthquake.usgs.gov/earthquakes/feed/v1.0/detail/aka2026tfmbkh.geojson","felt":null,"cdi":null,"mmi":null,"alert":null,"status":"automatic","tsunami":0,"sig":6,"net":"ak","code":"a2026tfmbkh","ids":",av94452791,aka2026tfmbkh,","sources":",av,ak,","types":",origin,phase-data,","nst":7,"dmin":0,"rms":0.3,"gap":76,"magType":"ml","type":"earthquake","title":"M 0.6 - 87 km NNW of Karluk, Alaska"},"geometry":{"type":"Point","coordinates":[-155.205,58.242,5]},"id":"aka2026tfmbkh"},
{"type":"Feature","properties":{"mag":1.49,"place":"26 km W of Adak, Alaska","time":1790589586530,"updated":1790649997600,"tz":null,"url":"https://earthquake.usgs.gov/earthquakes/eventpage/av94452776","detail":"https://earthquake.usgs.gov/earthquakes/feed/v1.0/detail/av94452776.geojson","felt":null,"cdi":null,"mmi":null,"alert":null,"status":"reviewed","tsunami":0,"sig":34,"net":"av","code":"94452776","ids":",av94452776,","sources":",av,","types":",origin,phase-data,","nst":17,"dmin":0.04878,"rms":0.28,"gap":135,"magType":"ml","type":"earthquake","title":"M 1.5 - 26 km W of Adak, Alaska"},"geometry":{"type":"Point","coordinates":[-177.017833333333,51.8868333333333,-1.78]},"id":"av94452776"},
{"type":"Feature","properties":{"mag":-0.36,"place":"65 km ENE of Pedro Bay, Alaska","time":1790589074990,"updated":1790648586240,"tz":null,"url":"https://earthquake.usgs.gov/earthquakes/eventpage/av94452771","detail":"https://earthquake.usgs.gov/earthquakes/feed/v1.0/detail/av94452771.geojson","felt":null,"cdi":null,"mmi":null,"alert":null,"status":"reviewed","tsunami":0,"sig":0,"net":"av","code":"94452771","ids":",av94452771,","sources":",av,","types":",origin,phase-data,","nst":5,"dmin":0.002984,"rms":0.28,"gap":124,"magType":"ml","type":"earthquake","title":"M -0.4 - 65 km ENE of Pedro Bay, Alaska"},"geometry":{"type":"Point","coordinates":[-153.066166666667,60.0546666666667,5.54]},"id":"av94452771"},
{"type":"Feature","properties":{"mag":0.33,"place":"154 km W of Adak, Alaska","time":1790588602280,"updated":1790648496050,"tz":null,"url":"https://earthquake.usgs.gov/earthquakes/eventpage/av94452766","detail":"https://earthquake.usgs.gov/earthquakes/feed/v1.0/detail/av94452766.geojson","felt":null,"cdi":null,"mmi":null,"alert":null,"status":"reviewed","tsunami":0,"sig":2,"net":"av","code":"94452766","ids":",av94452766,","sources":",av,","types":",origin,phase-data,","nst":5,"dmin":0.01384,"rms":0.09,"gap":253,"magType":"ml","type":"earthquake","title":"M 0.3 - 154 km W of Adak, Alaska"},"geometry":{"type":"Point","coordinates":[-178.864666666667,51.7905,5.7]},"id":"av94452766"},
{"type":"Feature","properties":{"mag":2.5,"place":"23 km SSW of Susitna, Alaska","time":1790587767195,"updated":1790598212748,"tz":null,"url":"https://earthquake.usgs.gov/earthquakes/eventpage/aka2026tfkxeo","detail":"https://earthquake.usgs.gov/earthquakes/feed/v1.0/detail/aka2026tfkxeo.geojson","felt":1,"cdi":1,"mmi":null,"alert":null,"status":"automatic","tsunami":0,"sig":96,"net":"ak","code":"a2026tfkxeo","ids":",aka2026tfkxeo,","sources":",ak,","types":",dyfi,origin,phase-data,","nst":83,"dmin":0.3,"rms":0.8,"gap":37,"magType":"ml","type":"earthquake","title":"M 2.5 - 23 km SSW of Susitna, Alaska"},"geometry":{"type":"Point","coordinates":[-150.687,61.349,54.9]},"id":"aka2026tfkxeo"},
{"type":"Feature","properties":{"mag":1.51,"place":"10 km NW of The Geysers, CA","time":1790587526750,"updated":1790590940818,"tz":null,"url":"https://earthquake.usgs.gov/earthquakes/eventpage/nc75443732","detail":"https://earthquake.usgs.gov/earthquakes/feed/v1.0/detail/nc75443732.geojson","felt":null,"cdi":null,"mmi":null,"alert":null,"status":"automatic","tsunami":0,"sig":35,"net":"nc","code":"75443732","ids":",nc75443732,","sources":",nc,","types":",nearby-cities,origin,phase-data,scitech-link,","nst":29,"dmin":0.003292,"rms":0.02,"gap":63,"magType":"md","type":"earthquake","title":"M 1.5 - 10 km NW of The Geysers, CA"},"geometry":{"type":"Point","coordinates":[-122.853332519531,38.8293342590332,1.97000002861023]},"id":"nc75443732"},
{"type":"Feature","properties":{"mag":1.6,"place":"53 km NE of Susitna North, Alaska","time":1790587187259,"updated":1790623294417,"tz":null,"url":"https://earthquake.usgs.gov/earthquakes/eventpage/aka2026tfkovw","detail":"https://earthquake.usgs.gov/earthquakes/feed/v1.0/detail/aka2026tfkovw.geojson","felt":null,"cdi":null,"mmi":null,"alert":null,"status":"reviewed","tsunami":0,"sig":39,"net":"ak","code":"a2026tfkovw","ids":",aka2026tfkovw,","sources":",ak,","types":",origin,phase-data,","nst":9,"dmin":0.4,"rms":1,"gap":99,"magType":"ml","type":"earthquake","title":"M 1.6 - 53 km NE of Susitna North, Alaska"},"geometry":{"type":"Point","coordinates":[-149.01,62.435,15.3]},"id":"aka2026tfkovw"},
{"type":"Feature","properties":{"mag":5.2,"place":"190 km WSW of Port McNeill, Canada","time":1790586819402,"updated":1790587837040,"tz":null,"url":"https://earthquake.usgs.gov/earthquakes/eventpage/us6000ty43","detail":"https://earthquake.usgs.gov/earthquakes/feed/v1.0/detail/us6000ty43.geojson","felt":null,"cdi":null,"mmi":null,"alert":null,"status":"reviewed","tsunami":1,"sig":416,"net":"us","code":"6000ty43","ids":",attm2hmu,us6000ty43,","sources":",at,us,","types":",impact-link,moment-tensor,origin,phase-data,","nst":92,"dmin":1.095,"rms":1.11,"gap":147,"magType":"mww","type":"earthquake","title":"M 5.2 - 190 km WSW of Port McNeill, Canada"},"geometry":{"type":"Point","coordinates":[-129.6785,50.171,10]},"id":"us6000ty43"},
{"type":"Feature","properties":{"mag":0.83,"place":"24 km N of Trout Lake, Washington","time":1790586465220,"updated":1790630466040,"tz":null,"url":"https://earthquake.usgs.gov/earthquakes/eventpage/uw714110802","detail":"https://earthquake.usgs.gov/earthquakes/feed/v1.0/detail/uw714110802.geojson","felt":null,"cdi":null,"mmi":null,"alert":null,"status":"reviewed","tsunami":0,"sig":11,"net":"uw","code":"714110802","ids":",uw714110802,","sources":",uw,","types":",origin,phase-data,","nst":14,"dmin":0.09778,"rms":0.26,"gap":114,"magType":"md","type":"earthquake","title":"M 0.8 - 24 km N of Trout Lake, Washington"},"geometry":{"type":"Point","coordinates":[-121.510333333333,46.2165,-0.16]},"id":"uw714110802"},
{"type":"Feature","properties":{"mag":0.22,"place":"61 km ENE of Pedro Bay, Alaska","time":1790586462060,"updated":1790648256710,"tz":null,"url":"https://earthquake.usgs.gov/earthquakes/eventpage/av94452696","detail":"https://earthquake.usgs.gov/earthquakes/feed/v1.0/detail/av94452696.geojson","felt":null,"cdi":null,"mmi":null,"alert":null,"status":"reviewed","tsunami":0,"sig":1,"net":"av","code":"94452696","ids":",av94452696,","sources":",av,","types":",origin,phase-data,","nst":6,"dmin":0.01108,"rms":0.27,"gap":271,"magType":"ml","type":"earthquake","title":"M 0.2 - 61 km ENE of Pedro Bay, Alaska"},"geometry":{"type":"Point","coordinates":[-153.160666666667,60.0606666666667,11.5]},"id":"av94452696"},
{"type":"Feature","properties":{"mag":0.51,"place":"23 km NW of Parkfield, CA","time":1790585969830,"updated":1790586066059,"tz":null,"url":"https://earthquake.usgs.gov/earthquakes/eventpage/nc75443727","detail":"https://earthquake.usgs.gov/earthquakes/feed/v1.0/detail/nc75443727.geojson","felt":null,"cdi":null,"mmi":null,"alert":null,"status":"automatic","tsunami":0,"sig":4,"net":"nc","code":"75443727","ids":",nc75443727,","sources":",nc,","types":",nearby-cities,origin,phase-data,","nst":13,"dmin":0.03665,"rms":0.04,"gap":114,"magType":"md","type":"earthquake","title":"M 0.5 - 23 km NW of Parkfield, CA"},"geometry":{"type":"Point","coordinates":[-120.616500854492,36.0359992980957,8.36999988555908]},"id":"nc75443727"},
{"type":"Feature","properties":{"mag":1.9,"place":"47 km SSE of Nelchina, Alaska","time":1790585907334,"updated":1790586099338,"tz":null,"url":"https://earthquake.usgs.gov/earthquakes/eventpage/aka2026tfjwig","detail":"https://earthquake.usgs.gov/earthquakes/feed/v1.0/detail/aka2026tfjwig.geojson","felt":null,"cdi":null,"mmi":null,"alert":null,"status":"automatic","tsunami":0,"sig":56,"net":"ak","code":"a2026tfjwig","ids":",aka2026tfjwig,","sources":",ak,","types":",origin,phase-data,","nst":26,"dmin":0.3,"rms":0.8,"gap":126,"magType":"ml","type":"earthquake","title":"M 1.9 - 47 km SSE of Nelchina, Alaska"},"geometry":{"type":"Point","coordinates":[-146.463,61.587,20.3]},"id":"aka2026tfjwig"},
{"type":"Feature","properties":{"mag":1.43,"place":"8 km WSW of The Geysers, CA","time":1790585639470,"updated":1790589441664,"tz":null,"url":"https://earthquake.usgs.gov/earthquakes/eventpage/nc75443722","detail":"https://earthquake.usgs.gov/earthquakes/feed/v1.0/detail/nc75443722.geojson","felt":null,"cdi":null,"mmi":null,"alert":null,"status":"automatic","tsunami":0,"sig":31,"net":"nc","code":"75443722","ids":",nc75443722,","sources":",nc,","types":",focal-mechanism,nearby-cities,origin,phase-data,scitech-link,","nst":34,"dmin":0.02159,"rms":0.04,"gap":106,"magType":"md","type":"earthquake","title":"M 1.4 - 8 km WSW of The Geysers, CA"},"geometry":{"type":"Point","coordinates":[-122.836334228516,38.748664855957,5.17000007629395]},"id":"nc75443722"},
{"type":"Feature","properties":{"mag":2.7,"place":"199 km W of Gold Beach, Oregon","time":1790585120234,"updated":1790632956070,"tz":null,"url":"https://earthquake.usgs.gov/earthquakes/eventpage/us6000ty40","detail":"https://earthquake.usgs.gov/earthquakes/feed/v1.0/detail/us6000ty40.geojson","felt":null,"cdi":null,"mmi":null,"alert":null,"status":"reviewed","tsunami":0,"sig":112,"net":"us","code":"6000ty40","ids":",uw714110792,us6000ty40,","sources":",uw,us,","types":",origin,phase-data,","nst":26,"dmin":1.848,"rms":0.26,"gap":292,"magType":"ml","type":"earthquake","title":"M 2.7 - 199 km W of Gold Beach, Oregon"},"geometry":{"type":"Point","coordinates":[-126.8377,42.2555,10]},"id":"us6000ty40"},
{"type":"Feature","properties":{"mag":0.87,"place":"8 km NW of The Geysers, CA","time":1790584893860,"updated":1790584990942,"tz":null,"url":"https://earthquake.usgs.gov/earthquakes/eventpage/nc75443712","detail":"https://earthquake.usgs.gov/earthquakes/feed/v1.0/detail/nc75443712.geojson","felt":null,"cdi":null,"mmi":null,"alert":null,"status":"automatic","tsunami":0,"sig":12,"net":"nc","code":"75443712","ids":",nc75443712,","sources":",nc,","types":",nearby-cities,origin,phase-data,","nst":9,"dmin":0.007964,"rms":0.1,"gap":223,"magType":"md","type":"earthquake","title":"M 0.9 - 8 km NW of The Geysers, CA"},"geometry":{"type":"Point","coordinates":[-122.829666137695,38.816333770752,15.9099998474121]},"id":"nc75443712"},
{"type":"Feature","properties":{"mag":1.89,"place":"8 km S of Honaunau-Napoopoo, Hawaii","time":1790584571280,"updated":1790623349330,"tz":null,"url":"https://earthquake.usgs.gov/earthquakes/eventpage/hv75044547","detail":"https://earthquake.usgs.gov/earthquakes/feed/v1.0/detail/hv75044547.geojson","felt":null,"cdi":null,"mmi":null,"alert":null,"status":"reviewed","tsunami":0,"sig":55,"net":"hv","code":"75044547","ids":",hv75044547,","sources":",hv,","types":",origin,phase-data,","nst":34,"dmin":0.1125,"rms":0.2,"gap":165,"magType":"ml","type":"earthquake","title":"M 1.9 - 8 km S of Honaunau-Napoopoo, Hawaii"},"geometry":{"type":"Point","coordinates":[-155.8765,19.3761666666667,6.38]},"id":"hv75044547"},
{"type":"Feature","properties":{"mag":1.11,"place":"26 km SW of Maricopa, CA","time":1790583936230,"updated":1790633825981,"tz":null,"url":"https://earthquake.usgs.gov/earthquakes/eventpage/ci41340167","detail":"https://earthquake.usgs.gov/earthquakes/feed/v1.0/detail/ci41340167.geojson","felt":null,"cdi":null,"mmi":null,"alert":null,"status":"reviewed","tsunami":0,"sig":19,"net":"ci","code":"41340167","ids":",ci41340167,","sources":",ci,","types":",nearby-cities,origin,phase-data,","nst":25,"dmin":0.06024,"rms":0.19,"gap":64,"magType":"ml","type":"earthquake","title":"M 1.1 - 26 km SW of Maricopa, CA"},"geometry":{"type":"Point","coordinates":[-119.613666666667,34.9083333333333,10.86]},"id":"ci41340167"},
{"type":"Feature","properties":{"mag":0.76,"place":"12 km N of Banning, CA","time":1790583454400,"updated":1790602221853,"tz":null,"url":"https://earthquake.usgs.gov/earthquakes/eventpage/ci41340159","detail":"https://earthquake.usgs.gov/earthquakes/feed/v1.0/detail/ci41340159.geojson","felt":null,"cdi":null,"mmi":null,"alert":null,"status":"reviewed","tsunami":0,"sig":9,"net":"ci","code":"41340159","ids":",ci41340159,","sources":",ci,","types":",nearby-cities,origin,phase-data,","nst":43,"dmin":0.09145,"rms":0.15,"gap":28,"magType":"ml","type":"earthquake","title":"M 0.8 - 12 km N of Banning, CA"},"geometry":{"type":"Point","coordinates":[-116.853166666667,34.033,12.29]},"id":"ci41340159"},
{"type":"Feature","properties":{"mag":4.7,"place":"65 km E of Pilar, Philippines","time":1790583373363,"updated":1790591914253,"tz":null,"url":"https://earthquake.usgs.gov/earthquakes/eventpage/us6000ty3w","detail":"https://earthquake.usgs.gov/earthquakes/feed/v1.0/detail/us6000ty3w.geojson","felt":1,"cdi":2.5,"mmi":null,"alert":null,"status":"reviewed","tsunami":0,"sig":340,"net":"us","code":"6000ty3w","ids":",us6000ty3w,","sources":",us,","types":",dyfi,origin,phase-data,","nst":37,"dmin":3.072,"rms":0.65,"gap":102,"magType":"mb","type":"earthquake","title":"M 4.7 - 65 km E of Pilar, Philippines"},"geometry":{"type":"Point","coordinates":[126.6861,9.9585,10]},"id":"us6000ty3w"},
{"type":"Feature","properties":{"mag":1.32,"place":"96 km W of Adak, Alaska","time":1790582831680,"updated":1790647415820,"tz":null,"url":"https://earthquake.usgs.gov/earthquakes/eventpage/av94452636","detail":"https://earthquake.usgs.gov/earthquakes/feed/v1.0/detail/av94452636.geojson","felt":null,"cdi":null,"mmi":null,"alert":null,"status":"reviewed","tsunami":0,"sig":27,"net":"av","code":"94452636","ids":",av94452636,","sources":",av,","types":",origin,phase-data,","nst":5,"dmin":0.002522,"rms":0.32,"gap":147,"magType":"ml","type":"earthquake","title":"M 1.3 - 96 km W of Adak, Alaska"},"geometry":{"type":"Point","coordinates":[-178.033166666667,51.8345,3.56]},"id":"av94452636"},
{"type":"Feature","properties":{"mag":1.2,"place":"35 km W of Susitna, Alaska","time":1790582548773,"updated":1790582598606,"tz":null,"url":"https://earthquake.usgs.gov/earthquakes/eventpage/aka2026tfhzve","detail":"https://earthquake.usgs.gov/earthquakes/feed/v1.0/detail/aka2026tfhzve.geojson","felt":null,"cdi":null,"mmi":null,"alert":null,"status":"automatic","tsunami":0,"sig":22,"net":"ak","code":"a2026tfhzve","ids":",aka2026tfhzve,","sources":",ak,","types":",origin,phase-data,","nst":8,"dmin":0.3,"rms":0.1,"gap":261,"magType":"ml","type":"earthquake","title":"M 1.2 - 35 km W of Susitna, Alaska"},"geometry":{"type":"Point","coordinates":[-151.173,61.522,18.7]},"id":"aka2026tfhzve"},
{"type":"Feature","properties":{"mag":1.27,"place":"10 km WNW of The Geysers, CA","time":1790582241940,"updated":1790584342121,"tz":null,"url":"https://earthquake.usgs.gov/earthquakes/eventpage/nc75443697","detail":"https://earthquake.usgs.gov/earthquakes/feed/v1.0/detail/nc75443697.geojson","felt":null,"cdi":null,"mmi":null,"alert":null,"status":"automatic","tsunami":0,"sig":25,"net":"nc","code":"75443697","ids":",nc75443697,","sources":",nc,","types":",nearby-cities,origin,phase-data,scitech-link,","nst":26,"dmin":0.001383,"rms":0.02,"gap":70,"magType":"md","type":"earthquake","title":"M 1.3 - 10 km WNW of The Geysers, CA"},"geometry":{"type":"Point","coordinates":[-122.855834960938,38.8286666870117,2.59999990463257]},"id":"nc75443697"},
{"type":"Feature","properties":{"mag":0.07,"place":"66 km WNW of Beluga, Alaska","time":1790581634710,"updated":1790642581920,"tz":null,"url":"https://earthquake.usgs.gov/earthquakes/eventpage/av94452616","detail":"https://earthquake.usgs.gov/earthquakes/feed/v1.0/detail/av94452616.geojson","felt":null,"cdi":null,"mmi":null,"alert":null,"status":"reviewed","tsunami":0,"sig":0,"net":"av","code":"94452616","ids":",av94452616,","sources":",av,","types":",origin,phase-data,","nst":9,"dmin":0.08307,"rms":0.08,"gap":155,"magType":"ml","type":"earthquake","title":"M 0.1 - 66 km WNW of Beluga, Alaska"},"geometry":{"type":"Point","coordinates":[-152.2615,61.3306666666667,-0.65]},"id":"av94452616"},
{"type":"Feature","properties":{"mag":2.18,"place":"2 km SW of Fuig, Puerto Rico","time":1790581063240,"updated":1790582713050,"tz":null,"url":"https://earthquake.usgs.gov/earthquakes/eventpage/pr71534953","detail":"https://earthquake.usgs.gov/earthquakes/feed/v1.0/detail/pr71534953.geojson","felt":null,"cdi":null,"mmi":null,"alert":null,"status":"reviewed","tsunami":0,"sig":73,"net":"pr","code":"71534953","ids":",pr71534953,","sources":",pr,","types":",origin,phase-data,","nst":10,"dmin":0.05083,"rms":0.14,"gap":177,"magType":"md","type":"earthquake","title":"M 2.2 - 2 km SW of Fuig, Puerto Rico"},"geometry":{"type":"Point","coordinates":[-66.9326666666667,17.9751666666667,7.03]},"id":"pr71534953"},
{"type":"Feature","properties":{"mag":1.71,"place":"1 km NNW of Pāhala, Hawaii","time":1790581051700,"updated":1790581267840,"tz":null,"url":"https://earthquake.usgs.gov/earthquakes/eventpage/hv75044527","detail":"https://earthquake.usgs.gov/earthquakes/feed/v1.0/detail/hv75044527.geojson","felt":null,"cdi":null,"mmi":null,"alert":null,"status":"automatic","tsunami":0,"sig":45,"net":"hv","code":"75044527","ids":",hv75044527,","sources":",hv,","types":",origin,phase-data,","nst":24,"dmin":0.04015,"rms":0.150000006,"gap":127,"magType":"md","type":"earthquake","title":"M 1.7 - 1 km NNW of Pāhala, Hawaii"},"geometry":{"type":"Point","coordinates":[-155.483840942383,19.2106666564941,26.6399993896484]},"id":"hv75044527"},
{"type":"Feature","properties":{"mag":3.37,"place":"23 km SSE of Boca de Yuma, Dominican Republic","time":1790580909620,"updated":1790583129340,"tz":null,"url":"https://earthquake.usgs.gov/earthquakes/eventpage/pr71534948","detail":"https://earthquake.usgs.gov/earthquakes/feed/v1.0/detail/pr71534948.geojson","felt":null,"cdi":null,"mmi":null,"alert":null,"status":"reviewed","tsunami":0,"sig":175,"net":"pr","code":"71534948","ids":",pr71534948,","sources":",pr,","types":",origin,phase-data,","nst":7,"dmin":0.35,"rms":0.29,"gap":209,"magType":"md","type":"earthquake","title":"M 3.4 - 23 km SSE of Boca de Yuma, Dominican Republic"},"geometry":{"type":"Point","coordinates":[-68.5103333333333,18.185,86.48]},"id":"pr71534948"},
{"type":"Feature","properties":{"mag":-0.58,"place":"97 km N of Karluk, Alaska","time":1790580764880,"updated":1790638917940,"tz":null,"url":"https://earthquake.usgs.gov/earthquakes/eventpage/av93067429","detail":"https://earthquake.usgs.gov/earthquakes/feed/v1.0/detail/av93067429.geojson","felt":null,"cdi":null,"mmi":null,"alert":null,"status":"reviewed","tsunami":0,"sig":0,"net":"av","code":"93067429","ids":",av93067429,","sources":",av,","types":",origin,phase-data,","nst":5,"dmin":0.05529,"rms":0.18,"gap":211,"magType":"ml","type":"earthquake","title":"M -0.6 - 97 km N of Karluk, Alaska"},"geometry":{"type":"Point","coordinates":[-154.537,58.4388333333333,3.13]},"id":"av93067429"},
{"type":"Feature","properties":{"mag":2.12,"place":"2 km WNW of Fern Acres, Hawaii","time":1790579877730,"updated":1790616344690,"tz":null,"url":"https://earthquake.usgs.gov/earthquakes/eventpage/hv75044517","detail":"https://earthquake.usgs.gov/earthquakes/feed/v1.0/detail/hv75044517.geojson","felt":null,"cdi":null,"mmi":null,"alert":null,"status":"reviewed","tsunami":0,"sig":69,"net":"hv","code":"75044517","ids":",hv75044517,","sources":",hv,","types":",origin,phase-data,","nst":52,"dmin":0.1038,"rms":0.12,"gap":89,"magType":"ml","type":"earthquake","title":"M 2.1 - 2 km WNW of Fern Acres, Hawaii"},"geometry":{"type":"Point","coordinates":[-155.101833333333,19.5245,23.12]},"id":"hv75044517"},
{"type":"Feature","properties":{"mag":0.64,"place":"17 km SW of La Quinta, CA","time":1790579417360,"updated":1790602225863,"tz":null,"url":"https://earthquake.usgs.gov/earthquakes/eventpage/ci41340151","detail":"https://earthquake.usgs.gov/earthquakes/feed/v1.0/detail/ci41340151.geojson","felt":null,"cdi":null,"mmi":null,"alert":null,"status":"reviewed","tsunami":0,"sig":6,"net":"ci","code":"41340151","ids":",ci41340151,","sources":",ci,","types":",nearby-cities,origin,phase-data,","nst":43,"dmin":0.1117,"rms":0.21,"gap":41,"magType":"ml","type":"earthquake","title":"M 0.6 - 17 km SW of La Quinta, CA"},"geometry":{"type":"Point","coordinates":[-116.435166666667,33.5466666666667,2.35]},"id":"ci41340151"},
{"type":"Feature","properties":{"mag":1.6,"place":"3 km WNW of Chenega, Alaska","time":1790578838052,"updated":1790578929004,"tz":null,"url":"https://earthquake.usgs.gov/earthquakes/eventpage/aka2026tffyee","detail":"https://earthquake.usgs.gov/earthquakes/feed/v1.0/detail/aka2026tffyee.geojson","felt":null,"cdi":null,"mmi":null,"alert":null,"status":"automatic","tsunami":0,"sig":39,"net":"ak","code":"a2026tffyee","ids":",aka2026tffyee,","sources":",ak,","types":",origin,phase-data,","nst":12,"dmin":0.3,"rms":0.6,"gap":168,"magType":"ml","type":"earthquake","title":"M 1.6 - 3 km WNW of Chenega, Alaska"},"geometry":{"type":"Point","coordinates":[-148.07,60.083,23.3]},"id":"aka2026tffyee"},
{"type":"Feature","properties":{"mag":2,"place":"18 km WSW of Point Possession, Alaska","time":1790578318241,"updated":1790580405899,"tz":null,"url":"https://earthquake.usgs.gov/earthquakes/eventpage/aka2026tffqqt","detail":"https://earthquake.usgs.gov/earthquakes/feed/v1.0/detail/aka2026tffqqt.geojson","felt":1,"cdi":1,"mmi":null,"alert":null,"status":"automatic","tsunami":0,"sig":62,"net":"ak","code":"a2026tffqqt","ids":",aka2026tffqqt,","sources":",ak,","types":",dyfi,origin,phase-data,","nst":46,"dmin":0.5,"rms":0.6,"gap":44,"magType":"ml","type":"earthquake","title":"M 2.0 - 18 km WSW of Point Possession, Alaska"},"geometry":{"type":"Point","coordinates":[-150.985,60.835,11.4]},"id":"aka2026tffqqt"},
{"type":"Feature","properties":{"mag":1,"place":"8 km NW of The Geysers, CA","time":1790578127120,"updated":1790578225295,"tz":null,"url":"https://earthquake.usgs.gov/earthquakes/eventpage/nc75443687","detail":"https://earthquake.usgs.gov/earthquakes/feed/v1.0/detail/nc75443687.geojson","felt":null,"cdi":null,"mmi":null,"alert":null,"status":"automatic","tsunami":0,"sig":15,"net":"nc","code":"75443687","ids":",nc75443687,","sources":",nc,","types":",nearby-cities,origin,phase-data,","nst":19,"dmin":0.009381,"rms":0.01,"gap":51,"magType":"md","type":"earthquake","title":"M 1.0 - 8 km NW of The Geysers, CA"},"geometry":{"type":"Point","coordinates":[-122.816497802734,38.8313331604004,1.67999994754791]},"id":"nc75443687"},
{"type":"Feature","properties":{"mag":4.7,"place":"149 km NE of Hicks Bay, New Zealand","time":1790577476356,"updated":1790584668040,"tz":null,"url":"https://earthquake.usgs.gov/earthquakes/eventpage/us6000ty3c","detail":"https://earthquake.usgs.gov/earthquakes/feed/v1.0/detail/us6000ty3c.geojson","felt":null,"cdi":null,"mmi":null,"alert":null,"status":"reviewed","tsunami":0,"sig":340,"net":"us","code":"6000ty3c","ids":",us6000ty3c,","sources":",us,","types":",origin,phase-data,","nst":29,"dmin":1.316,"rms":0.42,"gap":237,"magType":"mb","type":"earthquake","title":"M 4.7 - 149 km NE of Hicks Bay, New Zealand"},"geometry":{"type":"Point","coordinates":[179.6666,-36.8177,10]},"id":"us6000ty3c"},
{"type":"Feature","properties":{"mag":0.8,"place":"2 km NNW of The Geysers, CA","time":1790577021690,"updated":1790577120061,"tz":null,"url":"https://earthquake.usgs.gov/earthquakes/eventpage/nc75443682","detail":"https://earthquake.usgs.gov/earthquakes/feed/v1.0/detail/nc75443682.geojson","felt":null,"cdi":null,"mmi":null,"alert":null,"status":"automatic","tsunami":0,"sig":10,"net":"nc","code":"75443682","ids":",nc75443682,","sources":",nc,","types":",nearby-cities,origin,phase-data,","nst":11,"dmin":0.005187,"rms":0.01,"gap":72,"magType":"md","type":"earthquake","title":"M 0.8 - 2 km NNW of The Geysers, CA"},"geometry":{"type":"Point","coordinates":[-122.764663696289,38.7971649169922,2.42000007629395]},"id":"nc75443682"},
{"type":"Feature","properties":{"mag":2.1,"place":"25 km SE of Chickaloon, Alaska","time":1790576350710,"updated":1790580530044,"tz":null,"url":"https://earthquake.usgs.gov/earthquakes/eventpage/aka2026tfeofm","detail":"https://earthquake.usgs.gov/earthquakes/feed/v1.0/detail/aka2026tfeofm.geojson","felt":1,"cdi":1,"mmi":null,"alert":null,"status":"automatic","tsunami":0,"sig":68,"net":"ak","code":"a2026tfeofm","ids":",aka2026tfeofm,","sources":",ak,","types":",dyfi,origin,phase-data,","nst":43,"dmin":0.2,"rms":0.8,"gap":44,"magType":"ml","type":"earthquake","title":"M 2.1 - 25 km SE of Chickaloon, Alaska"},"geometry":{"type":"Point","coordinates":[-148.136,61.63,0.9]},"id":"aka2026tfeofm"},
{"type":"Feature","properties":{"mag":0.81,"place":"3 km NNW of The Geysers, CA","time":1790575985690,"updated":1790576079986,"tz":null,"url":"https://earthquake.usgs.gov/earthquakes/eventpage/nc75443677","detail":"https://earthquake.usgs.gov/earthquakes/feed/v1.0/detail/nc75443677.geojson","felt":null,"cdi":null,"mmi":null,"alert":null,"status":"automatic","tsunami":0,"sig":10,"net":"nc","code":"75443677","ids":",nc75443677,","sources":",nc,","types":",nearby-cities,origin,phase-data,","nst":12,"dmin":0.003841,"rms":0.03,"gap":72,"magType":"md","type":"earthquake","title":"M 0.8 - 3 km NNW of The Geysers, CA"},"geometry":{"type":"Point","coordinates":[-122.764167785645,38.798999786377,1.98000001907349]},"id":"nc75443677"},
{"type":"Feature","properties":{"mag":0.9,"place":"17 km ENE of Chickaloon, Alaska","time":1790575918316,"updated":1790575998959,"tz":null,"url":"https://earthquake.usgs.gov/earthquakes/eventpage/aka2026tfehzd","detail":"https://earthquake.usgs.gov/earthquakes/feed/v1.0/detail/aka2026tfehzd.geojson","felt":null,"cdi":null,"mmi":null,"alert":null,"status":"automatic","tsunami":0,"sig":12,"net":"ak","code":"a2026tfehzd","ids":",aka2026tfehzd,","sources":",ak,","types":",origin,phase-data,","nst":7,"dmin":0.1,"rms":0.3,"gap":195,"magType":"ml","type":"earthquake","title":"M 0.9 - 17 km ENE of Chickaloon, Alaska"},"geometry":{"type":"Point","coordinates":[-148.146,61.852,18.8]},"id":"aka2026tfehzd"},
{"type":"Feature","properties":{"mag":0.84,"place":"23 km N of Trout Lake, Washington","time":1790575588390,"updated":1790630102880,"tz":null,"url":"https://earthquake.usgs.gov/earthquakes/eventpage/uw714110772","detail":"https://earthquake.usgs.gov/earthquakes/feed/v1.0/detail/uw714110772.geojson","felt":null,"cdi":null,"mmi":null,"alert":null,"status":"reviewed","tsunami":0,"sig":11,"net":"uw","code":"714110772","ids":",uw714110772,","sources":",uw,","types":",origin,phase-data,","nst":13,"dmin":0.09215,"rms":0.13,"gap":128,"magType":"md","type":"earthquake","title":"M 0.8 - 23 km N of Trout Lake, Washington"},"geometry":{"type":"Point","coordinates":[-121.515833333333,46.2123333333333,-1.27]},"id":"uw714110772"},
{"type":"Feature","properties":{"mag":0.93,"place":"23 km N of Trout Lake, Washington","time":1790575060180,"updated":1790629534920,"tz":null,"url":"https://earthquake.usgs.gov/earthquakes/eventpage/uw714005273","detail":"https://earthquake.usgs.gov/earthquakes/feed/v1.0/detail/uw714005273.geojson","felt":null,"cdi":null,"mmi":null,"alert":null,"status":"reviewed","tsunami":0,"sig":13,"net":"uw","code":"714005273","ids":",uw714005273,","sources":",uw,","types":",origin,phase-data,","nst":11,"dmin":0.08683,"rms":0.11,"gap":127,"magType":"md","type":"earthquake","title":"M 0.9 - 23 km N of Trout Lake, Washington"},"geometry":{"type":"Point","coordinates":[-121.519666666667,46.2076666666667,0.1]},"id":"uw714005273"},
{"type":"Feature","properties":{"mag":3.3,"place":"20 km W of Preston, Nevada","time":1790574791730,"updated":1790647473126,"tz":null,"url":"https://earthquake.usgs.gov/earthquakes/eventpage/nn00924977","detail":"https://earthquake.usgs.gov/earthquakes/feed/v1.0/detail/nn00924977.geojson","felt":null,"cdi":null,"mmi":null,"alert":null,"status":"reviewed","tsunami":0,"sig":168,"net":"nn","code":"00924977","ids":",nn00924977,","sources":",nn,","types":",origin,phase-data,","nst":8,"dmin":0.389,"rms":0.1453,"gap":194,"magType":"ml","type":"earthquake","title":"M 3.3 - 20 km W of Preston, Nevada"},"geometry":{"type":"Point","coordinates":[-115.2938,38.896,0]},"id":"nn00924977"},
{"type":"Feature","properties":{"mag":0.95,"place":"5 km E of Calimesa, CA","time":1790574579470,"updated":1790602238818,"tz":null,"url":"https://earthquake.usgs.gov/earthquakes/eventpage/ci41340143","detail":"https://earthquake.usgs.gov/earthquakes/feed/v1.0/detail/ci41340143.geojson","felt":null,"cdi":null,"mmi":null,"alert":null,"status":"reviewed","tsunami":0,"sig":14,"net":"ci","code":"41340143","ids":",ci41340143,","sources":",ci,","types":",nearby-cities,origin,phase-data,","nst":55,"dmin":0.09852,"rms":0.17,"gap":34,"magType":"ml","type":"earthquake","title":"M 1.0 - 5 km E of Calimesa, CA"},"geometry":{"type":"Point","coordinates":[-117.004666666667,33.9941666666667,14.29]},"id":"ci41340143"},
{"type":"Feature","properties":{"mag":0.82,"place":"4 km E of Calimesa, CA","time":1790574536040,"updated":1790602286930,"tz":null,"url":"https://earthquake.usgs.gov/earthquakes/eventpage/ci41340135","detail":"https://earthquake.usgs.gov/earthquakes/feed/v1.0/detail/ci41340135.geojson","felt":null,"cdi":null,"mmi":null,"alert":null,"status":"reviewed","tsunami":0,"sig":10,"net":"ci","code":"41340135","ids":",ci41340135,","sources":",ci,","types":",focal-mechanism,nearby-cities,origin,phase-data,","nst":47,"dmin":0.1141,"rms":0.18,"gap":34,"magType":"ml","type":"earthquake","title":"M 0.8 - 4 km E of Calimesa, CA"},"geometry":{"type":"Point","coordinates":[-117.006666666667,33.9955,14.71]},"id":"ci41340135"},
{"type":"Feature","properties":{"mag":1.52,"place":"1 km NW of The Geysers, CA","time":1790574535040,"updated":1790579242588,"tz":null,"url":"https://earthquake.usgs.gov/earthquakes/eventpage/nc75443662","detail":"https://earthquake.usgs.gov/earthquakes/feed/v1.0/detail/nc75443662.geojson","felt":null,"cdi":null,"mmi":null,"alert":null,"status":"automatic","tsunami":0,"sig":36,"net":"nc","code":"75443662","ids":",nc75443662,","sources":",nc,","types":",focal-mechanism,nearby-cities,origin,phase-data,scitech-link,","nst":28,"dmin":0.01424,"rms":0.06,"gap":74,"magType":"md","type":"earthquake","title":"M 1.5 - 1 km NW of The Geysers, CA"},"geometry":{"type":"Point","coordinates":[-122.767333984375,38.7876663208008,1.87000000476837]},"id":"nc75443662"},
{"type":"Feature","properties":{"mag":5.2,"place":"67 km ENE of Tadine, New Caledonia","time":1790574329689,"updated":1790575340040,"tz":null,"url":"https://earthquake.usgs.gov/earthquakes/eventpage/us6000ty38","detail":"https://earthquake.usgs.gov/earthquakes/feed/v1.0/detail/us6000ty38.geojson","felt":null,"cdi":null,"mmi":null,"alert":null,"status":"reviewed","tsunami":0,"sig":416,"net":"us","code":"6000ty38","ids":",us6000ty38,","sources":",us,","types":",origin,phase-data,","nst":43,"dmin":1.655,"rms":0.58,"gap":101,"magType":"mb","type":"earthquake","title":"M 5.2 - 67 km ENE of Tadine, New Caledonia"},"geometry":{"type":"Point","coordinates":[168.4274,-21.2247,10]},"id":"us6000ty38"},
{"type":"Feature","properties":{"mag":4.9,"place":"39 km ENE of Tadine, New Caledonia","time":1790574152024,"updated":1790578772040,"tz":null,"url":"https://earthquake.usgs.gov/earthquakes/eventpage/us6000ty36","detail":"https://earthquake.usgs.gov/earthquakes/feed/v1.0/detail/us6000ty36.geojson","felt":null,"cdi":null,"mmi":null,"alert":null,"status":"reviewed","tsunami":0,"sig":369,"net":"us","code":"6000ty36","ids":",us6000ty36,","sources":",us,","types":",origin,phase-data,","nst":42,"dmin":1.411,"rms":0.82,"gap":126,"magType":"mb","type":"earthquake","title":"M 4.9 - 39 km ENE of Tadine, New Caledonia"},"geometry":{"type":"Point","coordinates":[168.2294,-21.3968,10]},"id":"us6000ty36"},
{"type":"Feature","properties":{"mag":4.6,"place":"63 km ENE of Tadine, New Caledonia","time":1790574141379,"updated":1790577318040,"tz":null,"url":"https://earthquake.usgs.gov/earthquakes/eventpage/us6000ty3a","detail":"https://earthquake.usgs.gov/earthquakes/feed/v1.0/detail/us6000ty3a.geojson","felt":null,"cdi":null,"mmi":null,"alert":null,"status":"reviewed","tsunami":0,"sig":326,"net":"us","code":"6000ty3a","ids":",us6000ty3a,","sources":",us,","types":",origin,phase-data,","nst":35,"dmin":1.628,"rms":0.51,"gap":115,"magType":"mb","type":"earthquake","title":"M 4.6 - 63 km ENE of Tadine, New Caledonia"},"geometry":{"type":"Point","coordinates":[168.3953,-21.2372,10]},"id":"us6000ty3a"},
{"type":"Feature","properties":{"mag":2.7,"place":"62 km ESE of King Salmon, Alaska","time":1790573933293,"updated":1790607317040,"tz":null,"url":"https://earthquake.usgs.gov/earthquakes/eventpage/aka2026tfdfhc","detail":"https://earthquake.usgs.gov/earthquakes/feed/v1.0/detail/aka2026tfdfhc.geojson","felt":null,"cdi":null,"mmi":null,"alert":null,"status":"automatic","tsunami":0,"sig":112,"net":"ak","code":"a2026tfdfhc","ids":",us6000ty35,aka2026tfdfhc,","sources":",us,ak,","types":",origin,phase-data,","nst":81,"dmin":0,"rms":0.6,"gap":43,"magType":"ml","type":"earthquake","title":"M 2.7 - 62 km ESE of King Salmon, Alaska"},"geometry":{"type":"Point","coordinates":[-155.707,58.437,153.6]},"id":"aka2026tfdfhc"},
{"type":"Feature","properties":{"mag":2.3,"place":"13 km SW of Petersville, Alaska","time":1790573290841,"updated":1790575540888,"tz":null,"url":"https://earthquake.usgs.gov/earthquakes/eventpage/aka2026tfcwab","detail":"https://earthquake.usgs.gov/earthquakes/feed/v1.0/detail/aka2026tfcwab.geojson","felt":1,"cdi":1,"mmi":null,"alert":null,"status":"automatic","tsunami":0,"sig":81,"net":"ak","code":"a2026tfcwab","ids":",aka2026tfcwab,","sources":",ak,","types":",dyfi,origin,phase-data,","nst":71,"dmin":0.1,"rms":0.8,"gap":49,"magType":"ml","type":"earthquake","title":"M 2.3 - 13 km SW of Petersville, Alaska"},"geometry":{"type":"Point","coordinates":[-150.951,62.405,70.2]},"id":"aka2026tfcwab"},
{"type":"Feature","properties":{"mag":5.1,"place":"78 km ENE of Tadine, New Caledonia","time":1790573288891,"updated":1790574508040,"tz":null,"url":"https://earthquake.usgs.gov/earthquakes/eventpage/us6000ty33","detail":"https://earthquake.usgs.gov/earthquakes/feed/v1.0/detail/us6000ty33.geojson","felt":null,"cdi":null,"mmi":null,"alert":null,"status":"reviewed","tsunami":0,"sig":400,"net":"us","code":"6000ty33","ids":",us6000ty33,","sources":",us,","types":",origin,phase-data,","nst":41,"dmin":1.732,"rms":0.67,"gap":120,"magType":"mb","type":"earthquake","title":"M 5.1 - 78 km ENE of Tadine, New Caledonia"},"geometry":{"type":"Point","coordinates":[168.5459,-21.2065,10]},"id":"us6000ty33"},
{"type":"Feature","properties":{"mag":-0.37,"place":"65 km ENE of Pedro Bay, Alaska","time":1790573249670,"updated":1790635284890,"tz":null,"url":"https://earthquake.usgs.gov/earthquakes/eventpage/av94452481","detail":"https://earthquake.usgs.gov/earthquakes/feed/v1.0/detail/av94452481.geojson","felt":null,"cdi":null,"mmi":null,"alert":null,"status":"reviewed","tsunami":0,"sig":0,"net":"av","code":"94452481","ids":",av94452481,","sources":",av,","types":",origin,phase-data,","nst":5,"dmin":0.01515,"rms":0.07,"gap":233,"magType":"ml","type":"earthquake","title":"M -0.4 - 65 km ENE of Pedro Bay, Alaska"},"geometry":{"type":"Point","coordinates":[-153.008833333333,60.002,3.33]},"id":"av94452481"}],"bbox":[-179.2457,-55.3157,-1.78,179.6666,82.6385,573.114]}